accident_id,datetime,annee,mois,jour,heure,minute,departement,commune_insee,adresse,latitude,longitude,luminosite,agglomeration,intersection,meteo,collision,nb_vehicules,nb_usagers,nb_indemnes,nb_tues,nb_blesses_hosp,nb_blesses_legers,age_cond_1,age_cond_2,veh_type_cond_1,veh_type_cond_2,lum_code,agg_code,int_code,atm_code,col_code
200500000397,0005-01-09 18:45:00,5,1,9,18,45,490,21.0,,47.41,-0.2,Nuit sans éclairage public,Hors agglomération,Hors intersection,Pluie légère,Deux véhicules - côté,,,,,,,,,,,3,1,1,2,3
200500000398,0005-01-15 11:45:00,5,1,15,11,45,490,194.0,Rue principale,47.458,-0.264,Plein jour,En agglomération,Hors intersection,Normale,Deux véhicules - frontale,,,,,,,,,,,1,2,1,1,1
200500000399,0005-01-22 04:30:00,5,1,22,4,30,490,194.0,,47.47,-0.29,Nuit sans éclairage public,Hors agglomération,Hors intersection,Temps couvert,Sans collision,,,,,,,,,,,3,1,1,8,7
200500000400,0005-01-22 21:15:00,5,1,22,21,15,490,338.0,,47.381,-0.524,Nuit sans éclairage public,Hors agglomération,Hors intersection,Temps couvert,Deux véhicules - frontale,,,,,,,,,,,3,1,1,8,1
200500000401,0005-01-31 17:45:00,5,1,31,17,45,490,223.0,,47.399,-0.528,Nuit sans éclairage public,Hors agglomération,Hors intersection,Normale,Sans collision,,,,,,,,,,,3,1,1,1,7
200500000402,0005-01-10 22:00:00,5,1,10,22,0,490,307.0,rue de la vilaine CD 55,47.419,-0.311,Plein jour,En agglomération,Hors intersection,Normale,Deux véhicules - côté,,,,,,,,,,,1,2,1,1,3
200500000403,0005-01-12 15:30:00,5,1,12,15,30,490,117.0,,47.425,-0.451,Plein jour,Hors agglomération,Hors intersection,Normale,Deux véhicules - arrière,,,,,,,,,,,1,1,1,1,2
200500000404,0005-01-29 00:30:00,5,1,29,0,30,490,32.0,,47.424,-0.414,Nuit sans éclairage public,Hors agglomération,Hors intersection,Normale,Deux véhicules - frontale,,,,,,,,,,,3,1,1,1,1
200500000405,0005-01-18 15:45:00,5,1,18,15,45,490,84.0,,47.55,-0.272,Plein jour,Hors agglomération,Hors intersection,Normale,Autre collision,,,,,,,,,,,1,1,1,1,6
200500000406,0005-01-03 15:15:00,5,1,3,15,15,490,343.0,RUE DE LA VENDEE,47.0,-0.84,Plein jour,En agglomération,Hors intersection,Temps éblouissant,Deux véhicules - frontale,,,,,,,,,,,1,2,1,7,1
200500000407,0005-01-04 12:15:00,5,1,4,12,15,490,258.0,,,,Plein jour,Hors agglomération,Hors intersection,Temps couvert,Autre collision,,,,,,,,,,,1,1,1,8,6
200500000408,0005-01-05 18:00:00,5,1,5,18,0,490,260.0,Rue des Mésanges,47.064,-1.023,Nuit avec éclairage allumé,En agglomération,Hors intersection,Pluie légère,Autre collision,,,,,,,,,,,5,2,1,2,6
200500000409,0005-01-06 22:00:00,5,1,6,22,0,490,83.0,,,,Nuit sans éclairage public,Hors agglomération,Hors intersection,Normale,Deux véhicules - frontale,,,,,,,,,,,3,1,1,1,1
200500000410,0005-01-22 21:00:00,5,1,22,21,0,490,296.0,,,,Nuit avec éclairage allumé,En agglomération,Giratoire,Temps couvert,Autre collision,,,,,,,,,,,5,2,6,8,6
200500000411,0005-01-13 13:45:00,5,1,13,13,45,490,125.0,,,,Plein jour,Hors agglomération,Hors intersection,Brouillard / fumée,Deux véhicules - frontale,,,,,,,,,,,1,1,1,5,1
200500000412,0005-01-14 19:15:00,5,1,14,19,15,490,359.0,,47.216,-0.181,Nuit sans éclairage public,Hors agglomération,Hors intersection,Normale,Deux véhicules - arrière,,,,,,,,,,,3,1,1,1,2
200500000413,0005-01-25 14:15:00,5,1,25,14,15,490,311.0,,47.396,-0.032,Plein jour,Hors agglomération,Hors intersection,Temps couvert,Deux véhicules - frontale,,,,,,,,,,,1,1,1,8,1
200500000414,0005-01-26 14:45:00,5,1,26,14,45,490,304.0,,47.3,-0.11,Plein jour,Hors agglomération,Hors intersection,Normale,Deux véhicules - frontale,,,,,,,,,,,1,1,1,1,1
200500000415,0005-01-07 20:30:00,5,1,7,20,30,490,140.0,,,,Nuit sans éclairage public,Hors agglomération,Hors intersection,Normale,Autre collision,,,,,,,,,,,3,1,1,1,6
200500000416,0005-01-19 19:00:00,5,1,19,19,0,490,215.0,AVENUE DU PONT NAPOLEON,,,Nuit avec éclairage allumé,En agglomération,Hors intersection,Pluie légère,Deux véhicules - arrière,,,,,,,,,,,5,2,1,2,2
200500000417,0005-01-20 12:15:00,5,1,20,12,15,490,331.0,rue Charles de gaulle,,,Plein jour,En agglomération,Hors intersection,Pluie légère,Deux véhicules - frontale,,,,,,,,,,,1,2,1,2,1
200500000418,0005-01-19 15:30:00,5,1,19,15,30,490,144.0,,47.534,-1.085,Plein jour,Hors agglomération,Intersection en X,Temps couvert,Deux véhicules - côté,,,,,,,,,,,1,1,2,8,3
200500000419,0005-01-25 08:00:00,5,1,25,8,0,490,331.0,,,,Crépuscule ou aube,Hors agglomération,Hors intersection,Normale,Deux véhicules - frontale,,,,,,,,,,,2,1,1,1,1
200500000420,0005-01-06 09:00:00,5,1,6,9,0,490,298.0,,,,Plein jour,Hors agglomération,Hors intersection,Pluie légère,Trois véhicules et plus - en chaîne,,,,,,,,,,,1,1,1,2,4
200500000421,0005-01-25 19:15:00,5,1,25,19,15,490,216.0,,47.588,-0.379,Nuit sans éclairage public,Hors agglomération,Hors intersection,Normale,Autre collision,,,,,,,,,,,3,1,1,1,6
200500000422,0005-01-08 19:00:00,5,1,8,19,0,530,161.0,,,,Nuit sans éclairage public,Hors agglomération,Hors intersection,Normale,Sans collision,,,,,,,,,,,3,1,1,1,7
200500000423,0005-01-30 16:00:00,5,1,30,16,0,530,159.0,,48.206,-0.548,Plein jour,Hors agglomération,Hors intersection,Normale,Autre collision,,,,,,,,,,,1,1,1,1,6
200500000424,0005-01-03 15:45:00,5,1,3,15,45,530,62.0,18 rue rené PERREAULT,,,Plein jour,En agglomération,Hors intersection,Normale,Autre collision,,,,,,,,,,,1,2,1,1,6
200500000425,0005-01-10 18:00:00,5,1,10,18,0,530,77.0,rue de la république,47.952,-0.91,Nuit avec éclairage allumé,En agglomération,Hors intersection,Pluie forte,Autre collision,,,,,,,,,,,5,2,1,3,6
200500000426,0005-01-19 17:15:00,5,1,19,17,15,530,107.0,AVENUE HAYLING ISLAND,,,Nuit avec éclairage allumé,En agglomération,Intersection en T,Pluie légère,Deux véhicules - côté,,,,,,,,,,,5,2,3,2,3
200500000427,0005-01-20 14:00:00,5,1,20,14,0,530,116.0,,48.402,-0.469,Plein jour,Hors agglomération,Intersection en X,Pluie légère,Deux véhicules - frontale,,,,,,,,,,,1,1,2,2,1
200500000428,0005-01-30 14:00:00,5,1,30,14,0,530,127.0,,48.412,-0.496,Plein jour,Hors agglomération,Intersection en X,Normale,Deux véhicules - frontale,,,,,,,,,,,1,1,2,1,1
200500000429,0005-01-03 01:00:00,5,1,3,1,0,530,13.0,,,,Nuit sans éclairage public,Hors agglomération,Hors intersection,Normale,Sans collision,,,,,,,,,,,3,1,1,1,7
200500000430,0005-01-12 23:30:00,5,1,12,23,30,530,271.0,,48.321,-0.321,Nuit sans éclairage public,Hors agglomération,Hors intersection,Normale,Deux véhicules - côté,,,,,,,,,,,3,1,1,1,3
200500000431,0005-01-23 15:00:00,5,1,23,15,0,720,268.0,ROUTE DE SAINT OUEN,,,Plein jour,En agglomération,Hors intersection,Normale,Deux véhicules - frontale,,,,,,,,,,,1,2,1,1,1
200500000432,0005-01-02 04:30:00,5,1,2,4,30,720,54.0,,48.01,0.31,Nuit sans éclairage public,Hors agglomération,Hors intersection,Normale,Sans collision,,,,,,,,,,,3,1,1,1,7
200500000433,0005-01-22 05:15:00,5,1,22,5,15,720,46.0,,47.991,0.493,Nuit sans éclairage public,Hors agglomération,Hors intersection,Temps couvert,Deux véhicules - frontale,,,,,,,,,,,3,1,1,8,1
200500000434,0005-01-26 17:00:00,5,1,26,17,0,720,54.0,,48.014,0.312,Plein jour,Hors agglomération,Hors intersection,Normale,Deux véhicules - frontale,,,,,,,,,,,1,1,1,1,1
200500000435,0005-01-19 11:30:00,5,1,19,11,30,720,70.0,,,,Plein jour,Hors agglomération,Hors intersection,Normale,Deux véhicules - frontale,,,,,,,,,,,1,1,1,1,1
200500000436,0005-01-22 17:30:00,5,1,22,17,30,720,133.0,"54, rue des Gesleries",47.907,0.13,Plein jour,En agglomération,Hors intersection,Pluie forte,Autre collision,,,,,,,,,,,1,2,1,3,6
200500000437,0005-01-01 16:45:00,5,1,1,16,45,720,154.0,,,,Plein jour,Hors agglomération,Hors intersection,Pluie légère,Deux véhicules - côté,,,,,,,,,,,1,1,1,2,3
200500000438,0005-01-24 12:15:00,5,1,24,12,15,720,154.0,AVENUE ESTOURNELLES,,,Plein jour,En agglomération,Hors intersection,Normale,Deux véhicules - frontale,,,,,,,,,,,1,2,1,1,1
200500000439,0005-01-11 10:15:00,5,1,11,10,15,720,325.0,,47.8,0.538,Plein jour,Hors agglomération,Hors intersection,Normale,Deux véhicules - frontale,,,,,,,,,,,1,1,1,1,1
200500000440,0005-01-14 08:15:00,5,1,14,8,15,720,71.0,rue Aristide Briand,47.696,0.424,Plein jour,En agglomération,Intersection en X,Normale,Deux véhicules - côté,,,,,,,,,,,1,2,2,1,3
200500000441,0005-01-27 12:15:00,5,1,27,12,15,720,13.0,,47.686,0.248,Plein jour,Hors agglomération,Hors intersection,Normale,Deux véhicules - côté,,,,,,,,,,,1,1,1,1,3
200500000442,0005-01-02 11:45:00,5,1,2,11,45,720,264.0,Rue saint Nicolas,47.843,-0.331,Plein jour,En agglomération,Hors intersection,Normale,Deux véhicules - arrière,,,,,,,,,,,1,2,1,1,2
200500000443,0005-01-10 21:15:00,5,1,10,21,15,720,259.0,,,,Nuit sans éclairage public,Hors agglomération,Hors intersection,Pluie légère,Deux véhicules - côté,,,,,,,,,,,3,1,1,2,3
200500000444,0005-01-15 20:30:00,5,1,15,20,30,720,189.0,,,,Nuit sans éclairage public,Hors agglomération,Hors intersection,Normale,Sans collision,,,,,,,,,,,3,1,1,1,7
200500000445,0005-01-23 18:45:00,5,1,23,18,45,720,80.0,,,,Nuit sans éclairage public,Hors agglomération,Hors intersection,Normale,Trois véhicules et plus - en chaîne,,,,,,,,,,,3,1,1,1,4
200500000446,0005-01-22 16:45:00,5,1,22,16,45,850,84.0,,46.758,-1.217,Plein jour,Hors agglomération,Hors intersection,Temps couvert,Sans collision,,,,,,,,,,,1,1,1,8,7
200500000447,0005-01-04 08:00:00,5,1,4,8,0,850,146.0,RUE JEANNE D ARC,46.982,-1.311,Crépuscule ou aube,En agglomération,Hors intersection,Normale,Autre collision,,,,,,,,,,,2,2,1,1,6
200500000448,0005-01-13 14:45:00,5,1,13,14,45,850,262.0,,,,Plein jour,Hors agglomération,Hors intersection,Normale,Autre collision,,,,,,,,,,,1,1,1,1,6
200500000449,0005-01-16 02:30:00,5,1,16,2,30,850,262.0,,,,Nuit sans éclairage public,Hors agglomération,Hors intersection,Normale,Deux véhicules - frontale,,,,,,,,,,,3,1,1,1,1
200500000450,0005-01-28 15:00:00,5,1,28,15,0,850,21.0,31 R. DOMINGER DE MEYRAC,,,Plein jour,En agglomération,Hors intersection,Pluie légère,Deux véhicules - arrière,,,,,,,,,,,1,2,1,2,2
200500000451,0005-01-28 17:30:00,5,1,28,17,30,850,302.0,Avenue de Mocard,46.967,-1.001,Plein jour,En agglomération,Hors intersection,Temps couvert,Deux véhicules - frontale,,,,,,,,,,,1,2,1,8,1
200500000452,0005-01-09 23:45:00,5,1,9,23,45,850,208.0,RUE ABBE PIERRE ARNAUD,,,Nuit avec éclairage allumé,En agglomération,Hors intersection,Normale,Autre collision,,,,,,,,,,,5,2,1,1,6
200500000453,0005-01-03 12:30:00,5,1,3,12,30,850,1.0,"53, av. Amiral COURBET",46.338,-1.309,Plein jour,En agglomération,Hors intersection,Normale,Deux véhicules - côté,,,,,,,,,,,1,2,1,1,3
200500000454,0005-01-19 09:15:00,5,1,19,9,15,850,216.0,,46.473,-1.103,Plein jour,Hors agglomération,Hors intersection,Pluie légère,Trois véhicules et plus - collisions multiples,,,,,,,,,,,1,1,1,2,5
200500000455,0005-01-22 11:45:00,5,1,22,11,45,850,188.0,,46.583,-1.048,Plein jour,Hors agglomération,Hors intersection,Normale,Deux véhicules - arrière,,,,,,,,,,,1,1,1,1,2
200500000456,0005-01-11 23:15:00,5,1,11,23,15,850,303.0,,46.341,-0.823,Nuit sans éclairage public,Hors agglomération,Hors intersection,Pluie légère,Autre collision,,,,,,,,,,,3,1,1,2,6
200500000457,0005-01-16 10:45:00,5,1,16,10,45,850,137.0,,46.55,-0.861,Plein jour,Hors agglomération,Hors intersection,Normale,Deux véhicules - frontale,,,,,,,,,,,1,1,1,1,1
200500000458,0005-01-20 19:15:00,5,1,20,19,15,850,280.0,,46.87,-1.94,Nuit avec éclairage allumé,Hors agglomération,Hors intersection,Pluie légère,Autre collision,,,,,,,,,,,5,1,1,2,6
200500000459,0005-01-07 20:30:00,5,1,7,20,30,850,112.0,rue de la Touche,46.567,-1.781,Nuit sans éclairage public,En agglomération,Hors intersection,Normale,Deux véhicules - côté,,,,,,,,,,,3,2,1,1,3
200500000460,0005-01-12 12:45:00,5,1,12,12,45,850,211.0,,46.635,-1.608,Plein jour,Hors agglomération,Hors intersection,Normale,Deux véhicules - arrière,,,,,,,,,,,1,1,1,1,2
200500000461,0005-01-19 15:45:00,5,1,19,15,45,850,161.0,,,,Plein jour,Hors agglomération,Hors intersection,Temps couvert,Sans collision,,,,,,,,,,,1,1,1,8,7
200500000462,0005-01-24 21:00:00,5,1,24,21,0,850,118.0,,,,Nuit sans éclairage public,Hors agglomération,Hors intersection,Temps couvert,Autre collision,,,,,,,,,,,3,1,1,8,6
200500000463,0005-01-03 18:15:00,5,1,3,18,15,850,100.0,,,,Nuit sans éclairage public,Hors agglomération,Hors intersection,Normale,Deux véhicules - frontale,,,,,,,,,,,3,1,1,1,1
200500000464,0005-01-03 00:15:00,5,1,3,0,15,850,12.0,75 ter route de St JEAN,,,Nuit avec éclairage allumé,En agglomération,Hors intersection,Normale,Autre collision,,,,,,,,,,,5,2,1,1,6
200500000465,0005-01-25 10:30:00,5,1,25,10,30,850,12.0,Avenue de l'Estacade,46.892,-2.119,Plein jour,En agglomération,Hors intersection,Normale,Deux véhicules - arrière,,,,,,,,,,,1,2,1,1,2
200500000466,0005-01-17 07:15:00,5,1,17,7,15,850,103.0,,,,Crépuscule ou aube,Hors agglomération,Hors intersection,Pluie légère,Autre collision,,,,,,,,,,,2,1,1,2,6
200500000467,0005-01-11 20:00:00,5,1,11,20,0,330,498.0,,,,Nuit sans éclairage public,Hors agglomération,Hors intersection,Normale,Autre collision,,,,,,,,,,,3,1,1,1,6
200500000468,0005-01-06 09:45:00,5,1,6,9,45,330,56.0,,,,Plein jour,Hors agglomération,Hors intersection,Pluie légère,Deux véhicules - frontale,,,,,,,,,,,1,1,1,2,1
200500000469,0005-01-15 09:30:00,5,1,15,9,30,330,312.0,RUE DURAND DASSIER,,,Plein jour,En agglomération,Hors intersection,Normale,Autre collision,,,,,,,,,,,1,2,1,1,6
200500000470,0005-01-13 13:45:00,5,1,13,13,45,330,162.0,21 av de l hippodrome,,,Plein jour,En agglomération,Hors intersection,Normale,Deux véhicules - côté,,,,,,,,,,,1,2,1,1,3
200500000471,0005-01-07 18:45:00,5,1,7,18,45,330,162.0,avenue de Saint Médard,,,Nuit avec éclairage allumé,En agglomération,Autre intersection,Normale,Deux véhicules - arrière,,,,,,,,,,,5,2,9,1,2
200500000472,0005-01-28 09:00:00,5,1,28,9,0,330,422.0,,,,Plein jour,Hors agglomération,Hors intersection,Pluie légère,Sans collision,,,,,,,,,,,1,1,1,2,7
200500000473,0005-01-10 10:15:00,5,1,10,10,15,330,376.0,ROUTE DE MOUNIC,,,Plein jour,En agglomération,Hors intersection,Normale,Deux véhicules - côté,,,,,,,,,,,1,2,1,1,3
200500000474,0005-01-01 09:30:00,5,1,1,9,30,330,267.0,,45.285,-0.441,Crépuscule ou aube,Hors agglomération,Hors intersection,Temps couvert,Autre collision,,,,,,,,,,,2,1,1,8,6
200500000475,0005-01-12 07:45:00,5,1,12,7,45,330,6.0,,45.204,-0.629,Crépuscule ou aube,Hors agglomération,Hors intersection,Normale,Deux véhicules - côté,,,,,,,,,,,2,1,1,1,3
200500000476,0005-01-16 22:30:00,5,1,16,22,30,330,114.0,BEAUDET,45.101,-0.388,Nuit avec éclairage allumé,En agglomération,Hors intersection,Brouillard / fumée,Sans collision,,,,,,,,,,,5,2,1,5,7
200500000477,0005-01-07 14:00:00,5,1,7,14,0,330,81.0,allées de Lattre de Tass,,,Plein jour,En agglomération,Hors intersection,Normale,Deux véhicules - frontale,,,,,,,,,,,1,2,1,1,1
200500000478,0005-01-08 11:00:00,5,1,8,11,0,330,253.0,CD 10,,,Plein jour,En agglomération,Hors intersection,Normale,Deux véhicules - côté,,,,,,,,,,,1,2,1,1,3
200500000479,0005-01-15 15:30:00,5,1,15,15,30,330,23.0,,44.7,-0.49,Plein jour,Hors agglomération,Hors intersection,Normale,Deux véhicules - frontale,,,,,,,,,,,1,1,1,1,1
200500000480,0005-01-18 17:45:00,5,1,18,17,45,330,109.0,RUE DU PRESIDENT CARNOT,44.7,-0.44,Crépuscule ou aube,En agglomération,Hors intersection,Temps couvert,Autre collision,,,,,,,,,,,2,2,1,8,6
200500000481,0005-01-15 19:00:00,5,1,15,19,0,330,238.0,Avenue de Gradignan,,,Nuit avec éclairage allumé,En agglomération,Hors intersection,Normale,Trois véhicules et plus - collisions multiples,,,,,,,,,,,5,2,1,1,5
200500000482,0005-01-21 20:45:00,5,1,21,20,45,330,80.0,RN113,,,Nuit avec éclairage allumé,En agglomération,Hors intersection,Temps couvert,Deux véhicules - frontale,,,,,,,,,,,5,2,1,8,1
200500000483,0005-01-14 18:00:00,5,1,14,18,0,330,76.0,,44.54,-0.426,Nuit sans éclairage public,Hors agglomération,Hors intersection,Brouillard / fumée,Autre collision,,,,,,,,,,,3,1,1,5,6
200500000484,0005-01-11 09:15:00,5,1,11,9,15,330,415.0,,,,Plein jour,Hors agglomération,Hors intersection,Normale,Deux véhicules - côté,,,,,,,,,,,1,1,1,1,3
200500000485,0005-01-31 11:30:00,5,1,31,11,30,330,227.0,Rue Jules Ferry,44.554,-0.251,Plein jour,En agglomération,Hors intersection,Normale,Deux véhicules - côté,,,,,,,,,,,1,2,1,1,3
200500000486,0005-01-05 20:00:00,5,1,5,20,0,330,195.0,,44.385,-0.033,Nuit sans éclairage public,Hors agglomération,Hors intersection,Normale,Autre collision,,,,,,,,,,,3,1,1,1,6
200500000487,0005-01-16 18:15:00,5,1,16,18,15,330,287.0,8 cent jour est,44.575,0.022,Nuit avec éclairage non allumé,En agglomération,Hors intersection,Normale,Deux véhicules - frontale,,,,,,,,,,,4,2,1,1,1
200500000488,0005-01-13 19:00:00,5,1,13,19,0,330,523.0,,,,Nuit sans éclairage public,Hors agglomération,Hors intersection,Brouillard / fumée,Deux véhicules - côté,,,,,,,,,,,3,1,1,5,3
200500000489,0005-01-25 16:45:00,5,1,25,16,45,330,523.0,,,,Plein jour,Hors agglomération,Hors intersection,Normale,Autre collision,,,,,,,,,,,1,1,1,1,6
200500000490,0005-01-28 18:30:00,5,1,28,18,30,330,379.0,,,,Plein jour,Hors agglomération,Hors intersection,Normale,Deux véhicules - côté,,,,,,,,,,,1,1,1,1,3
200500000491,0005-01-28 13:15:00,5,1,28,13,15,330,297.0,,,,Plein jour,Hors agglomération,Intersection en X,Temps couvert,Deux véhicules - côté,,,,,,,,,,,1,1,2,8,3
200500000492,0005-01-23 12:00:00,5,1,23,12,0,330,125.0,,,,Plein jour,Hors agglomération,Hors intersection,Pluie légère,Deux véhicules - frontale,,,,,,,,,,,1,1,1,2,1
200500000493,0005-01-26 07:45:00,5,1,26,7,45,330,539.0,,,,Crépuscule ou aube,Hors agglomération,Hors intersection,Normale,Deux véhicules - côté,,,,,,,,,,,2,1,1,1,3
200500000494,0005-01-27 07:45:00,5,1,27,7,45,330,243.0,,,,Nuit sans éclairage public,Hors agglomération,Hors intersection,Normale,Deux véhicules - frontale,,,,,,,,,,,3,1,1,1,1
200500000495,0005-01-02 21:00:00,5,1,2,21,0,330,296.0,,44.83,-0.04,Nuit sans éclairage public,Hors agglomération,Hors intersection,Normale,Sans collision,,,,,,,,,,,3,1,1,1,7
200500000496,0005-01-09 17:45:00,5,1,9,17,45,330,194.0,,44.81,-0.22,Plein jour,Hors agglomération,Intersection en Y,Normale,Deux véhicules - frontale,,,,,,,,,,,1,1,4,1,1
200500000497,0005-01-29 07:30:00,5,1,29,7,30,330,421.0,,44.81,-0.13,Nuit sans éclairage public,Hors agglomération,Intersection en T,Normale,Deux véhicules - côté,,,,,,,,,,,3,1,3,1,3
200500000498,0005-01-23 06:15:00,5,1,23,6,15,330,459.0,,44.859,-0.082,Nuit sans éclairage public,Hors agglomération,Hors intersection,Normale,Autre collision,,,,,,,,,,,3,1,1,1,6
200500000499,0005-01-15 02:15:00,5,1,15,2,15,330,1.0,,45.0,-0.12,Nuit sans éclairage public,Hors agglomération,Hors intersection,Brouillard / fumée,Sans collision,,,,,,,,,,,3,1,1,5,7
200500000500,0005-01-10 18:30:00,5,1,10,18,30,330,218.0,,45.078,-0.167,Crépuscule ou aube,Hors agglomération,Hors intersection,Normale,Deux véhicules - arrière,,,,,,,,,,,2,1,1,1,2
200500000501,0005-01-03 17:00:00,5,1,3,17,0,330,369.0,,,,Plein jour,Hors agglomération,Hors intersection,Normale,Autre collision,,,,,,,,,,,1,1,1,1,6
200500000502,0005-01-28 08:15:00,5,1,28,8,15,330,542.0,,44.997,-0.364,Plein jour,Hors agglomération,Hors intersection,Pluie légère,Deux véhicules - côté,,,,,,,,,,,1,1,1,2,3
200500000503,0005-01-02 12:30:00,5,1,2,12,30,240,64.0,,45.392,0.631,Plein jour,Hors agglomération,Hors intersection,Temps couvert,Deux véhicules - arrière,,,,,,,,,,,1,1,1,8,2
200500000504,0005-01-14 16:15:00,5,1,14,16,15,240,210.0,La Gare,,,Plein jour,En agglomération,Autre intersection,Normale,Autre collision,,,,,,,,,,,1,2,9,1,6
200500000505,0005-01-16 11:00:00,5,1,16,11,0,240,46.0,,45.282,1.155,Plein jour,Hors agglomération,Hors intersection,Normale,Autre collision,,,,,,,,,,,1,1,1,1,6
200500000506,0005-01-16 19:30:00,5,1,16,19,30,240,540.0,,,,Nuit sans éclairage public,Hors agglomération,Hors intersection,Normale,Deux véhicules - frontale,,,,,,,,,,,3,1,1,1,1
200500000507,0005-01-20 07:45:00,5,1,20,7,45,240,527.0,Rue Sylvain BORDAS,45.278,0.915,Nuit avec éclairage allumé,En agglomération,Hors intersection,Pluie légère,Deux véhicules - côté,,,,,,,,,,,5,2,1,2,3
200500000508,0005-01-04 09:30:00,5,1,4,9,30,240,374.0,,,,Plein jour,Hors agglomération,Hors intersection,Temps éblouissant,Deux véhicules - frontale,,,,,,,,,,,1,1,1,7,1
200500000509,0005-01-08 16:30:00,5,1,8,16,30,240,193.0,,,,Plein jour,Hors agglomération,Hors intersection,Normale,Autre collision,,,,,,,,,,,1,1,1,1,6
200500000510,0005-01-09 12:15:00,5,1,9,12,15,240,225.0,,,,Plein jour,Hors agglomération,Hors intersection,Normale,Deux véhicules - frontale,,,,,,,,,,,1,1,1,1,1
200500000511,0005-01-28 08:00:00,5,1,28,8,0,240,226.0,L HIRONDELLE,,,Plein jour,En agglomération,Hors intersection,Neige / grêle,Deux véhicules - côté,,,,,,,,,,,1,2,1,4,3
200500000512,0005-01-04 16:00:00,5,1,4,16,0,240,311.0,Boulevard Gambetta,45.534,0.66,Plein jour,En agglomération,Autre intersection,Normale,Autre collision,,,,,,,,,,,1,2,9,1,6
200500000513,0005-01-09 21:15:00,5,1,9,21,15,240,460.0,,45.252,0.415,Nuit sans éclairage public,Hors agglomération,Hors intersection,Normale,Autre collision,,,,,,,,,,,3,1,1,1,6
200500000514,0005-01-22 23:30:00,5,1,22,23,30,240,434.0,Le Bourg,45.338,0.509,Nuit sans éclairage public,En agglomération,Hors intersection,Temps couvert,Autre collision,,,,,,,,,,,3,2,1,8,6
200500000515,0005-01-06 19:15:00,5,1,6,19,15,240,436.0,,,,Nuit sans éclairage public,Hors agglomération,Autre intersection,Normale,Deux véhicules - frontale,,,,,,,,,,,3,1,9,1,1
200500000516,0005-01-11 15:00:00,5,1,11,15,0,240,436.0,,,,Plein jour,Hors agglomération,Hors intersection,Normale,Autre collision,,,,,,,,,,,1,1,1,1,6
200500000517,0005-01-19 17:30:00,5,1,19,17,30,240,299.0,rue saint Aignan,,,Nuit avec éclairage allumé,En agglomération,Hors intersection,Normale,Deux véhicules - côté,,,,,,,,,,,5,2,1,1,3
200500000518,0005-01-29 20:00:00,5,1,29,20,0,240,309.0,,,,Nuit sans éclairage public,Hors agglomération,Hors intersection,Normale,Deux véhicules - frontale,,,,,,,,,,,3,1,1,1,1
200500000519,0005-01-16 13:45:00,5,1,16,13,45,240,386.0,,,,Plein jour,Hors agglomération,Hors intersection,Normale,Deux véhicules - frontale,,,,,,,,,,,1,1,1,1,1
200500000520,0005-01-05 19:00:00,5,1,5,19,0,240,229.0,,,,Nuit sans éclairage public,Hors agglomération,Hors intersection,Normale,Deux véhicules - frontale,,,,,,,,,,,3,1,1,1,1
200500000521,0005-01-29 19:15:00,5,1,29,19,15,240,321.0,LDT DEAUDEVIE A PAZAYAC,,,Nuit avec éclairage allumé,En agglomération,Hors intersection,Normale,Deux véhicules - frontale,,,,,,,,,,,5,2,1,1,1
200500000522,0005-01-15 01:00:00,5,1,15,1,0,400,162.0,,43.952,-0.404,Nuit sans éclairage public,Hors agglomération,Hors intersection,Brouillard / fumée,Autre collision,,,,,,,,,,,3,1,1,5,6
200500000523,0005-01-17 18:30:00,5,1,17,18,30,400,250.0,,43.927,-0.441,Nuit sans éclairage public,Hors agglomération,Hors intersection,Normale,Deux véhicules - frontale,,,,,,,,,,,3,1,1,1,1
200500000524,0005-01-20 10:00:00,5,1,20,10,0,400,139.0,,43.86,-0.44,Plein jour,Hors agglomération,Hors intersection,Pluie légère,Deux véhicules - frontale,,,,,,,,,,,1,1,1,2,1
200500000525,0005-01-06 07:45:00,5,1,6,7,45,400,245.0,,,,Crépuscule ou aube,Hors agglomération,Hors intersection,Pluie légère,Deux véhicules - frontale,,,,,,,,,,,2,1,1,2,1
200500000526,0005-01-15 14:30:00,5,1,15,14,30,400,234.0,,,,Plein jour,Hors agglomération,Hors intersection,Normale,Autre collision,,,,,,,,,,,1,1,1,1,6
200500000527,0005-01-31 15:45:00,5,1,31,15,45,400,313.0,148 RUE VICTOR HUGO,43.837,-0.81,Plein jour,En agglomération,Hors intersection,Normale,Autre collision,,,,,,,,,,,1,2,1,1,6
200500000528,0005-01-16 05:00:00,5,1,16,5,0,400,120.0,,43.5,-1.12,Nuit sans éclairage public,Hors agglomération,Hors intersection,Normale,Autre collision,,,,,,,,,,,3,1,1,1,6