accident_id,datetime,annee,mois,jour,heure,minute,departement,commune_insee,adresse,latitude,longitude,luminosite,agglomeration,intersection,meteo,collision,nb_vehicules,nb_usagers,nb_indemnes,nb_tues,nb_blesses_hosp,nb_blesses_legers,age_cond_1,age_cond_2,veh_type_cond_1,veh_type_cond_2,lum_code,agg_code,int_code,atm_code,col_code
200500000529,0005-01-18 19:15:00,5,1,18,19,15,400,231.0,,43.566,-1.203,Nuit sans éclairage public,Hors agglomération,Hors intersection,Pluie légère,Deux véhicules - frontale,,,,,,,,,,,3,1,1,2,1
200500000530,0005-01-07 07:30:00,5,1,7,7,30,400,213.0,,,,Crépuscule ou aube,Hors agglomération,Hors intersection,Brouillard / fumée,Sans collision,,,,,,,,,,,2,1,1,5,7
200500000531,0005-01-12 00:15:00,5,1,12,0,15,400,168.0,,43.797,-1.163,Nuit sans éclairage public,Hors agglomération,Hors intersection,Normale,Sans collision,,,,,,,,,,,3,1,1,1,7
200500000532,0005-01-17 18:00:00,5,1,17,18,0,400,312.0,CD 181,43.502,-1.455,Crépuscule ou aube,En agglomération,Hors intersection,Normale,Deux véhicules - côté,,,,,,,,,,,2,2,1,1,3
200500000533,0005-01-25 09:45:00,5,1,25,9,45,400,248.0,,43.56,-1.352,Plein jour,Hors agglomération,Hors intersection,Normale,Autre collision,,,,,,,,,,,1,1,1,1,6
200500000534,0005-01-19 18:45:00,5,1,19,18,45,400,46.0,,,,Nuit sans éclairage public,Hors agglomération,Hors intersection,Pluie forte,Trois véhicules et plus - collisions multiples,,,,,,,,,,,3,1,1,3,5
200500000535,0005-01-29 22:00:00,5,1,29,22,0,400,46.0,194 AV DE LA REPUBLIQUE,,,Nuit avec éclairage allumé,En agglomération,Hors intersection,Normale,Sans collision,,,,,,,,,,,5,2,1,1,7
200500000536,0005-01-30 21:45:00,5,1,30,21,45,400,46.0,rue des biganons,,,Nuit sans éclairage public,En agglomération,Hors intersection,Normale,Deux véhicules - arrière,,,,,,,,,,,3,2,1,1,2
200500000537,0005-01-13 18:45:00,5,1,13,18,45,400,282.0,,43.648,-0.618,Nuit avec éclairage allumé,Hors agglomération,Giratoire,Normale,Sans collision,,,,,,,,,,,5,1,6,1,7
200500000538,0005-01-16 14:15:00,5,1,16,14,15,400,119.0,rue Carnot,,,Plein jour,En agglomération,Hors intersection,Normale,Deux véhicules - côté,,,,,,,,,,,1,2,1,1,3
200500000539,0005-01-26 15:30:00,5,1,26,15,30,400,119.0,ROCADE CD 933S,,,Plein jour,En agglomération,Autre intersection,Temps couvert,Deux véhicules - frontale,,,,,,,,,,,1,2,9,8,1
200500000540,0005-01-11 16:45:00,5,1,11,16,45,400,1.0,avenue des pyrénées,,,Plein jour,En agglomération,Hors intersection,Normale,Sans collision,,,,,,,,,,,1,2,1,1,7
200500000541,0005-01-20 13:45:00,5,1,20,13,45,400,22.0,,43.666,-0.352,Plein jour,Hors agglomération,Hors intersection,Temps couvert,Autre collision,,,,,,,,,,,1,1,1,8,6
200500000542,0005-01-07 16:30:00,5,1,7,16,30,400,137.0,,,,Plein jour,Hors agglomération,Hors intersection,Normale,Deux véhicules - frontale,,,,,,,,,,,1,1,1,1,1
200500000543,0005-01-04 13:45:00,5,1,4,13,45,470,209.0,Temburry wells - c 501,,,Plein jour,En agglomération,Hors intersection,Normale,Deux véhicules - frontale,,,,,,,,,,,1,2,1,1,1
200500000544,0005-01-06 01:00:00,5,1,6,1,0,470,209.0,,,,Nuit sans éclairage public,Hors agglomération,Hors intersection,Normale,Sans collision,,,,,,,,,,,3,1,1,1,7
200500000545,0005-01-07 14:00:00,5,1,7,14,0,470,31.0,Chemin de Riols,,,Plein jour,En agglomération,Hors intersection,Normale,Trois véhicules et plus - en chaîne,,,,,,,,,,,1,2,1,1,4
200500000546,0005-01-10 13:00:00,5,1,10,13,0,470,15.0,pont du gers,,,Plein jour,En agglomération,Hors intersection,Normale,Sans collision,,,,,,,,,,,1,2,1,1,7
200500000547,0005-01-11 07:30:00,5,1,11,7,30,470,209.0,1000 route de CAHORS,,,Crépuscule ou aube,En agglomération,Hors intersection,Normale,Deux véhicules - frontale,,,,,,,,,,,2,2,1,1,1
200500000548,0005-01-13 12:00:00,5,1,13,12,0,470,15.0,,,,Plein jour,Hors agglomération,Hors intersection,Normale,Autre collision,,,,,,,,,,,1,1,1,1,6
200500000549,0005-01-30 15:30:00,5,1,30,15,30,470,32.0,RUE A. FALLIERES,,,Plein jour,En agglomération,Hors intersection,Normale,Deux véhicules - côté,,,,,,,,,,,1,2,1,1,3
200500000550,0005-01-24 18:30:00,5,1,24,18,30,470,31.0,,,,Nuit sans éclairage public,Hors agglomération,Hors intersection,Temps couvert,Deux véhicules - frontale,,,,,,,,,,,3,1,1,8,1
200500000551,0005-01-04 19:45:00,5,1,4,19,45,470,140.0,,44.294,0.621,Nuit sans éclairage public,Hors agglomération,Hors intersection,Normale,Sans collision,,,,,,,,,,,3,1,1,1,7
200500000552,0005-01-18 07:45:00,5,1,18,7,45,470,66.0,,44.247,0.421,Crépuscule ou aube,Hors agglomération,Hors intersection,Pluie légère,Deux véhicules - frontale,,,,,,,,,,,2,1,1,2,1
200500000553,0005-01-09 18:00:00,5,1,9,18,0,470,305.0,,,,Crépuscule ou aube,Hors agglomération,Hors intersection,Normale,Deux véhicules - arrière,,,,,,,,,,,2,1,1,1,2
200500000554,0005-01-21 18:30:00,5,1,21,18,30,470,51.0,,44.184,0.677,Nuit avec éclairage allumé,Hors agglomération,Hors intersection,Autre,Trois véhicules et plus - collisions multiples,,,,,,,,,,,5,1,1,9,5
200500000555,0005-01-08 18:45:00,5,1,8,18,45,470,121.0,,44.343,0.13,Nuit sans éclairage public,Hors agglomération,Hors intersection,Normale,Autre collision,,,,,,,,,,,3,1,1,1,6
200500000556,0005-01-08 15:15:00,5,1,8,15,15,470,28.0,,44.496,0.247,Plein jour,Hors agglomération,Hors intersection,Normale,Autre collision,,,,,,,,,,,1,1,1,1,6
200500000557,0005-01-29 20:00:00,5,1,29,20,0,470,326.0,,44.499,0.246,Nuit sans éclairage public,Hors agglomération,Hors intersection,Normale,Autre collision,,,,,,,,,,,3,1,1,1,6
200500000558,0005-01-28 17:45:00,5,1,28,17,45,470,108.0,,44.492,0.118,Nuit sans éclairage public,Hors agglomération,Hors intersection,Normale,Trois véhicules et plus - collisions multiples,,,,,,,,,,,3,1,1,1,5
200500000559,0005-01-30 10:15:00,5,1,30,10,15,470,144.0,,44.588,0.428,Plein jour,Hors agglomération,Intersection en X,Normale,Deux véhicules - côté,,,,,,,,,,,1,1,2,1,3
200500000560,0005-01-11 17:30:00,5,1,11,17,30,470,65.0,,44.358,0.368,Plein jour,Hors agglomération,Hors intersection,Normale,Deux véhicules - arrière,,,,,,,,,,,1,1,1,1,2
200500000561,0005-01-13 11:00:00,5,1,13,11,0,470,65.0,,44.366,0.37,Plein jour,Hors agglomération,Hors intersection,Normale,Deux véhicules - côté,,,,,,,,,,,1,1,1,1,3
200500000562,0005-01-15 05:45:00,5,1,15,5,45,470,310.0,,44.358,0.32,Nuit sans éclairage public,Hors agglomération,Hors intersection,Normale,Autre collision,,,,,,,,,,,3,1,1,1,6
200500000563,0005-01-19 11:15:00,5,1,19,11,15,470,310.0,RN 113  47300 TONNEINS,44.405,0.299,Plein jour,En agglomération,Hors intersection,Pluie légère,Autre collision,,,,,,,,,,,1,2,1,2,6
200500000564,0005-01-25 15:45:00,5,1,25,15,45,470,159.0,,44.415,0.221,Plein jour,Hors agglomération,Hors intersection,Normale,Trois véhicules et plus - en chaîne,,,,,,,,,,,1,1,1,1,4
200500000565,0005-01-03 16:00:00,5,1,3,16,0,470,119.0,,44.2,0.06,Plein jour,Hors agglomération,Hors intersection,Normale,Deux véhicules - frontale,,,,,,,,,,,1,1,1,1,1
200500000566,0005-01-23 18:30:00,5,1,23,18,30,470,43.0,,,,Nuit sans éclairage public,Hors agglomération,Hors intersection,Normale,Deux véhicules - côté,,,,,,,,,,,3,1,1,1,3
200500000567,0005-01-21 16:15:00,5,1,21,16,15,640,511.0,,,,Plein jour,Hors agglomération,Hors intersection,Pluie légère,Deux véhicules - côté,,,,,,,,,,,1,1,1,2,3
200500000568,0005-01-01 07:00:00,5,1,1,7,0,640,451.0,,43.267,-0.073,Nuit sans éclairage public,Hors agglomération,Autre intersection,Normale,Deux véhicules - frontale,,,,,,,,,,,3,1,9,1,1
200500000569,0005-01-30 04:30:00,5,1,30,4,30,640,374.0,,43.431,-0.472,Nuit sans éclairage public,Hors agglomération,Hors intersection,Normale,Autre collision,,,,,,,,,,,3,1,1,1,6
200500000570,0005-01-20 10:30:00,5,1,20,10,30,640,304.0,,,,Plein jour,Hors agglomération,Hors intersection,Normale,Sans collision,,,,,,,,,,,1,1,1,1,7
200500000571,0005-01-25 16:30:00,5,1,25,16,30,640,407.0,,,,Plein jour,Hors agglomération,Hors intersection,Normale,Deux véhicules - côté,,,,,,,,,,,1,1,1,1,3
200500000572,0005-01-06 19:00:00,5,1,6,19,0,640,546.0,,43.505,-1.317,Nuit sans éclairage public,Hors agglomération,Autre intersection,Normale,Deux véhicules - côté,,,,,,,,,,,3,1,9,1,3
200500000573,0005-01-09 17:00:00,5,1,9,17,0,640,504.0,,,,Plein jour,Hors agglomération,Hors intersection,Normale,Deux véhicules - côté,,,,,,,,,,,1,1,1,1,3
200500000574,0005-01-13 17:00:00,5,1,13,17,0,640,303.0,,43.105,-0.83,Plein jour,Hors agglomération,Hors intersection,Normale,Deux véhicules - frontale,,,,,,,,,,,1,1,1,1,1
200500000575,0005-01-15 10:45:00,5,1,15,10,45,640,93.0,,43.19,-0.774,Plein jour,Hors agglomération,Hors intersection,Normale,Deux véhicules - frontale,,,,,,,,,,,1,1,1,1,1
200500000576,0005-01-14 17:30:00,5,1,14,17,30,640,105.0,,43.366,-1.085,Plein jour,Hors agglomération,Hors intersection,Normale,Autre collision,,,,,,,,,,,1,1,1,1,6
200500000577,0005-01-04 12:30:00,5,1,4,12,30,640,422.0,avenue de la gare,43.196,-0.606,Plein jour,En agglomération,Hors intersection,Temps éblouissant,Autre collision,,,,,,,,,,,1,2,1,7,6
200500000578,0005-01-11 15:45:00,5,1,11,15,45,640,422.0,Rtue Van Gogh,43.196,-0.61,Plein jour,En agglomération,Hors intersection,Normale,Autre collision,,,,,,,,,,,1,2,1,1,6
200500000579,0005-01-12 17:30:00,5,1,12,17,30,640,422.0,RN 134,43.166,-0.599,Nuit avec éclairage allumé,En agglomération,Hors intersection,Normale,Deux véhicules - frontale,,,,,,,,,,,5,2,1,1,1
200500000580,0005-01-02 12:30:00,5,1,2,12,30,640,104.0,,43.04,-0.606,Plein jour,Hors agglomération,Hors intersection,Pluie légère,Deux véhicules - côté,,,,,,,,,,,1,1,1,2,3
200500000581,0005-01-19 17:45:00,5,1,19,17,45,640,62.0,Rue du Parc National,,,Nuit avec éclairage allumé,En agglomération,Hors intersection,Pluie forte,Deux véhicules - côté,,,,,,,,,,,5,2,1,3,3
200500000582,0005-01-15 09:00:00,5,1,15,9,0,640,410.0,AVENUE DE LA REPUBLIQUE,,,Plein jour,En agglomération,Hors intersection,Temps éblouissant,Autre collision,,,,,,,,,,,1,2,1,7,6
200500000583,0005-01-18 18:30:00,5,1,18,18,30,640,430.0,,43.505,-0.773,Nuit sans éclairage public,En agglomération,Hors intersection,Normale,Autre collision,,,,,,,,,,,3,2,1,1,6
200500000584,0005-01-02 13:45:00,5,1,2,13,45,640,499.0,,,,Plein jour,Hors agglomération,Hors intersection,Pluie légère,Deux véhicules - côté,,,,,,,,,,,1,1,1,2,3
200500000585,0005-01-09 08:30:00,5,1,9,8,30,860,297.0,,,,Nuit sans éclairage public,Hors agglomération,Hors intersection,Normale,Deux véhicules - arrière,,,,,,,,,,,3,1,1,1,2
200500000586,0005-01-04 08:45:00,5,1,4,8,45,860,76.0,,,,Plein jour,Hors agglomération,Hors intersection,Temps couvert,Deux véhicules - côté,,,,,,,,,,,1,1,1,8,3
200500000587,0005-01-21 19:30:00,5,1,21,19,30,860,160.0,,,,Nuit sans éclairage public,Hors agglomération,Hors intersection,Normale,Deux véhicules - frontale,,,,,,,,,,,3,1,1,1,1
200500000588,0005-01-28 08:15:00,5,1,28,8,15,860,271.0,,,,Crépuscule ou aube,Hors agglomération,Hors intersection,Temps couvert,Deux véhicules - côté,,,,,,,,,,,2,1,1,8,3
200500000589,0005-01-07 15:15:00,5,1,7,15,15,860,46.0,,,,Plein jour,Hors agglomération,Hors intersection,Temps couvert,Deux véhicules - frontale,,,,,,,,,,,1,1,1,8,1
200500000590,0005-01-09 12:00:00,5,1,9,12,0,860,92.0,,,,Plein jour,En agglomération,Hors intersection,Normale,Autre collision,,,,,,,,,,,1,2,1,1,6
200500000591,0005-01-15 03:00:00,5,1,15,3,0,860,129.0,,,,Nuit sans éclairage public,Hors agglomération,Hors intersection,Autre,Sans collision,,,,,,,,,,,3,1,1,9,7
200500000592,0005-01-18 19:45:00,5,1,18,19,45,860,193.0,La belle indienne,,,Nuit sans éclairage public,En agglomération,Hors intersection,Normale,Autre collision,,,,,,,,,,,3,2,1,1,6
200500000593,0005-01-23 23:00:00,5,1,23,23,0,860,286.0,,46.875,0.146,Nuit sans éclairage public,Hors agglomération,Hors intersection,Normale,Trois véhicules et plus - collisions multiples,,,,,,,,,,,3,1,1,1,5
200500000594,0005-01-12 14:15:00,5,1,12,14,15,860,63.0,,,,Plein jour,Hors agglomération,Hors intersection,Normale,Sans collision,,,,,,,,,,,1,1,1,1,7
200500000595,0005-01-09 13:00:00,5,1,9,13,0,860,239.0,,,,Plein jour,Hors agglomération,Hors intersection,Normale,Sans collision,,,,,,,,,,,1,1,1,1,7
200500000596,0005-01-19 07:30:00,5,1,19,7,30,860,126.0,,46.532,0.729,Crépuscule ou aube,Hors agglomération,Hors intersection,Normale,Autre collision,,,,,,,,,,,2,1,1,1,6
200500000597,0005-01-19 07:30:00,5,1,19,7,30,860,200.0,rue des ribieres CD 741,,,Crépuscule ou aube,En agglomération,Hors intersection,Normale,Deux véhicules - côté,,,,,,,,,,,2,2,1,1,3
200500000598,0005-01-22 11:45:00,5,1,22,11,45,860,190.0,,,,Plein jour,Hors agglomération,Hors intersection,Normale,Autre collision,,,,,,,,,,,1,1,1,1,6
200500000599,0005-01-22 15:15:00,5,1,22,15,15,160,418.0,,,,Plein jour,Hors agglomération,Hors intersection,Normale,Trois véhicules et plus - collisions multiples,,,,,,,,,,,1,1,1,1,5
200500000600,0005-01-03 16:45:00,5,1,3,16,45,160,73.0,,,,Plein jour,Hors agglomération,Autre intersection,Normale,Deux véhicules - frontale,,,,,,,,,,,1,1,9,1,1
200500000601,0005-01-29 14:30:00,5,1,29,14,30,160,294.0,,,,Plein jour,Hors agglomération,Hors intersection,Normale,Sans collision,,,,,,,,,,,1,1,1,1,7
200500000602,0005-01-13 15:15:00,5,1,13,15,15,160,97.0,Place du Champ de Foire,45.748,-0.357,Plein jour,En agglomération,Hors intersection,Normale,Autre collision,,,,,,,,,,,1,2,1,1,6
200500000603,0005-01-15 15:45:00,5,1,15,15,45,160,28.0,,45.471,-0.123,Nuit sans éclairage public,Hors agglomération,Hors intersection,Normale,Sans collision,,,,,,,,,,,3,1,1,1,7
200500000604,0005-01-16 01:30:00,5,1,16,1,30,160,28.0,Rue de la République,,,Nuit avec éclairage allumé,En agglomération,Hors intersection,Normale,Autre collision,,,,,,,,,,,5,2,1,1,6
200500000605,0005-01-26 11:15:00,5,1,26,11,15,160,150.0,126 chemin boisne,45.652,-0.26,Plein jour,En agglomération,Hors intersection,Normale,Deux véhicules - côté,,,,,,,,,,,1,2,1,1,3
200500000606,0005-01-05 18:15:00,5,1,5,18,15,160,164.0,,,,Nuit sans éclairage public,Hors agglomération,Hors intersection,Pluie légère,Deux véhicules - frontale,,,,,,,,,,,3,1,1,2,1
200500000607,0005-01-28 10:00:00,5,1,28,10,0,160,106.0,,46.034,0.645,Plein jour,Hors agglomération,Autre intersection,Neige / grêle,Deux véhicules - arrière,,,,,,,,,,,1,1,9,4,2
200500000608,0005-01-08 20:00:00,5,1,8,20,0,160,192.0,Rue de l'Union,45.9,0.574,Nuit avec éclairage allumé,En agglomération,Hors intersection,Pluie légère,Autre collision,,,,,,,,,,,5,2,1,2,6
200500000609,0005-01-06 14:45:00,5,1,6,14,45,160,292.0,Boulevard des grands roc,46.033,0.202,Plein jour,En agglomération,Autre intersection,Normale,Autre collision,,,,,,,,,,,1,2,9,1,6
200500000610,0005-01-06 10:15:00,5,1,6,10,15,160,320.0,,45.765,-0.002,Plein jour,Hors agglomération,Hors intersection,Normale,Autre collision,,,,,,,,,,,1,1,1,1,6
200500000611,0005-01-06 13:00:00,5,1,6,13,0,160,61.0,LES FRAUDS,45.723,0.304,Plein jour,En agglomération,Hors intersection,Temps couvert,Deux véhicules - côté,,,,,,,,,,,1,2,1,8,3
200500000612,0005-01-26 07:45:00,5,1,26,7,45,160,269.0,LE QUEROY GARE,,,Crépuscule ou aube,En agglomération,Hors intersection,Normale,Autre collision,,,,,,,,,,,2,2,1,1,6
200500000613,0005-01-02 13:15:00,5,1,2,13,15,160,286.0,RUE D'AIGRE,45.78,-0.06,Plein jour,En agglomération,Intersection en X,Normale,Deux véhicules - frontale,,,,,,,,,,,1,2,2,1,1
200500000614,0005-01-13 07:00:00,5,1,13,7,0,170,136.0,,46.11,-0.983,Nuit sans éclairage public,Hors agglomération,Autre intersection,Brouillard / fumée,Deux véhicules - côté,,,,,,,,,,,3,1,9,5,3
200500000615,0005-01-29 15:45:00,5,1,29,15,45,170,194.0,,46.137,-0.999,Plein jour,Hors agglomération,Intersection en X,Normale,Deux véhicules - côté,,,,,,,,,,,1,1,2,1,3
200500000616,0005-01-14 18:15:00,5,1,14,18,15,170,197.0,ave monseigneur chauvin,45.456,-0.439,Nuit avec éclairage allumé,En agglomération,Autre intersection,Normale,Deux véhicules - côté,,,,,,,,,,,5,2,9,1,3
200500000617,0005-01-29 09:15:00,5,1,29,9,15,170,240.0,ROUTE DE BLAYE,45.292,-0.408,Plein jour,En agglomération,Intersection en T,Normale,Deux véhicules - côté,,,,,,,,,,,1,2,3,1,3
200500000618,0005-01-04 12:15:00,5,1,4,12,15,170,309.0,,,,Plein jour,Hors agglomération,Hors intersection,Normale,Deux véhicules - frontale,,,,,,,,,,,1,1,1,1,1
200500000619,0005-01-15 19:00:00,5,1,15,19,0,170,309.0,RUE Victor HUGO,45.161,-0.005,Nuit avec éclairage non allumé,En agglomération,Hors intersection,Normale,Autre collision,,,,,,,,,,,4,2,1,1,6
200500000620,0005-01-16 05:00:00,5,1,16,5,0,170,219.0,,45.833,-1.097,Nuit avec éclairage allumé,Hors agglomération,Hors intersection,Normale,Autre collision,,,,,,,,,,,5,1,1,1,6
200500000621,0005-01-06 02:15:00,5,1,6,2,15,170,429.0,AVENUE JEAN  MOULIN,45.929,-1.007,Nuit avec éclairage allumé,En agglomération,Hors intersection,Pluie légère,Autre collision,,,,,,,,,,,5,2,1,2,6
200500000622,0005-01-22 18:30:00,5,1,22,18,30,170,429.0,,45.929,-1.009,Crépuscule ou aube,Hors agglomération,Hors intersection,Pluie légère,Autre collision,,,,,,,,,,,2,1,1,2,6
200500000623,0005-01-08 09:15:00,5,1,8,9,15,170,486.0,RUE DES ARDILLIERES,46.019,-1.352,Plein jour,En agglomération,Hors intersection,Temps couvert,Deux véhicules - frontale,,,,,,,,,,,1,2,1,8,1
200500000624,0005-01-12 12:30:00,5,1,12,12,30,170,93.0,,45.869,-1.199,Plein jour,Hors agglomération,Intersection en X,Temps couvert,Deux véhicules - côté,,,,,,,,,,,1,1,2,8,3
200500000625,0005-01-13 16:15:00,5,1,13,16,15,170,337.0,,45.961,-1.377,Nuit sans éclairage public,Hors agglomération,Hors intersection,Pluie légère,Autre collision,,,,,,,,,,,3,1,1,2,6
200500000626,0005-01-14 11:30:00,5,1,14,11,30,170,21.0,"CD14, 53 avenue de l'Etr",,,Plein jour,En agglomération,Hors intersection,Normale,Sans collision,,,,,,,,,,,1,2,1,1,7
200500000627,0005-01-17 12:30:00,5,1,17,12,30,170,216.0,,45.94,-0.82,Plein jour,Hors agglomération,Intersection en X,Brouillard / fumée,Deux véhicules - côté,,,,,,,,,,,1,1,2,5,3
200500000628,0005-01-09 23:30:00,5,1,9,23,30,170,434.0,,,,Nuit sans éclairage public,Hors agglomération,Hors intersection,Normale,Deux véhicules - frontale,,,,,,,,,,,3,1,1,1,1
200500000629,0005-01-04 08:45:00,5,1,4,8,45,170,100.0,,,,Plein jour,Hors agglomération,Hors intersection,Autre,Trois véhicules et plus - collisions multiples,,,,,,,,,,,1,1,1,9,5
200500000630,0005-01-06 07:45:00,5,1,6,7,45,170,86.0,,,,Crépuscule ou aube,Hors agglomération,Hors intersection,Normale,Deux véhicules - arrière,,,,,,,,,,,2,1,1,1,2
200500000631,0005-01-15 15:00:00,5,1,15,15,0,170,102.0,,45.699,-0.667,Plein jour,Hors agglomération,Hors intersection,Normale,Autre collision,,,,,,,,,,,1,1,1,1,6
200500000632,0005-01-17 08:15:00,5,1,17,8,15,170,45.0,,45.882,-0.821,Plein jour,Hors agglomération,Hors intersection,Brouillard / fumée,Deux véhicules - frontale,,,,,,,,,,,1,1,1,5,1
200500000633,0005-01-21 17:00:00,5,1,21,17,0,170,387.0,,,,Plein jour,Hors agglomération,Intersection en X,Normale,Deux véhicules - côté,,,,,,,,,,,1,1,2,1,3
200500000634,0005-01-29 19:45:00,5,1,29,19,45,170,425.0,,45.62,-0.918,Crépuscule ou aube,Hors agglomération,Hors intersection,Normale,Autre collision,,,,,,,,,,,2,1,1,1,6
200500000635,0005-01-04 21:00:00,5,1,4,21,0,170,125.0,,,,Nuit sans éclairage public,Hors agglomération,Hors intersection,Brouillard / fumée,Autre collision,,,,,,,,,,,3,1,1,5,6
200500000636,0005-01-07 12:00:00,5,1,7,12,0,170,448.0,,,,Plein jour,En agglomération,Giratoire,Normale,Deux véhicules - côté,,,,,,,,,,,1,2,6,1,3
200500000637,0005-01-07 17:30:00,5,1,7,17,30,170,448.0,,,,Crépuscule ou aube,Hors agglomération,Intersection en X,Normale,Deux véhicules - frontale,,,,,,,,,,,2,1,2,1,1
200500000638,0005-01-14 15:30:00,5,1,14,15,30,170,226.0,,,,Plein jour,Hors agglomération,Hors intersection,Normale,Sans collision,,,,,,,,,,,1,1,1,1,7
200500000639,0005-01-26 09:30:00,5,1,26,9,30,170,397.0,,,,Plein jour,En agglomération,Hors intersection,Normale,Autre collision,,,,,,,,,,,1,2,1,1,6
200500000640,0005-01-09 17:00:00,5,1,9,17,0,790,104.0,,46.493,-0.424,Plein jour,Hors agglomération,Hors intersection,Normale,Deux véhicules - frontale,,,,,,,,,,,1,1,1,1,1
200500000641,0005-01-07 17:30:00,5,1,7,17,30,790,216.0,,,,Nuit sans éclairage public,Hors agglomération,Hors intersection,Normale,Autre collision,,,,,,,,,,,3,1,1,1,6
200500000642,0005-01-14 17:45:00,5,1,14,17,45,790,88.0,19 grand RUE,,,Crépuscule ou aube,En agglomération,Hors intersection,Normale,Autre collision,,,,,,,,,,,2,2,1,1,6
200500000643,0005-01-22 15:00:00,5,1,22,15,0,790,88.0,,,,Plein jour,Hors agglomération,Hors intersection,Pluie légère,Deux véhicules - frontale,,,,,,,,,,,1,1,1,2,1
200500000644,0005-01-31 08:00:00,5,1,31,8,0,790,132.0,,,,Nuit sans éclairage public,Hors agglomération,Hors intersection,Normale,Autre collision,,,,,,,,,,,3,1,1,1,6
200500000645,0005-01-31 10:30:00,5,1,31,10,30,790,62.0,Avenue de la promenade,46.819,-0.664,Plein jour,En agglomération,Hors intersection,Normale,Deux véhicules - frontale,,,,,,,,,,,1,2,1,1,1
200500000646,0005-01-18 12:45:00,5,1,18,12,45,790,161.0,,,,Plein jour,Hors agglomération,Hors intersection,Temps couvert,Autre collision,,,,,,,,,,,1,1,1,8,6
200500000647,0005-01-22 18:30:00,5,1,22,18,30,790,299.0,,46.894,-0.197,Nuit sans éclairage public,Hors agglomération,Intersection en X,Pluie légère,Trois véhicules et plus - collisions multiples,,,,,,,,,,,3,1,2,2,5
200500000648,0005-01-25 09:15:00,5,1,25,9,15,790,14.0,,,,Plein jour,Hors agglomération,Hors intersection,Autre,Deux véhicules - frontale,,,,,,,,,,,1,1,1,9,1
200500000649,0005-01-30 10:00:00,5,1,30,10,0,790,171.0,,,,Plein jour,Hors agglomération,Hors intersection,Normale,Sans collision,,,,,,,,,,,1,1,1,1,7
200500000650,0005-01-16 15:15:00,5,1,16,15,15,790,148.0,,46.276,-0.038,Plein jour,Hors agglomération,Hors intersection,Normale,Autre collision,,,,,,,,,,,1,1,1,1,6
200500000651,0005-01-20 07:45:00,5,1,20,7,45,790,76.0,,,,Crépuscule ou aube,Hors agglomération,Intersection en X,Normale,Deux véhicules - côté,,,,,,,,,,,2,1,2,1,3
200500000652,0005-01-08 14:15:00,5,1,8,14,15,870,38.0,Le bourg,,,Plein jour,En agglomération,Hors intersection,Normale,Autre collision,,,,,,,,,,,1,2,1,1,6
200500000653,0005-01-11 18:15:00,5,1,11,18,15,870,107.0,,,,Nuit sans éclairage public,Hors agglomération,Autre intersection,Normale,Autre collision,,,,,,,,,,,3,1,9,1,6
200500000654,0005-01-12 18:30:00,5,1,12,18,30,870,107.0,,,,Nuit sans éclairage public,Hors agglomération,Hors intersection,Temps couvert,Trois véhicules et plus - collisions multiples,,,,,,,,,,,3,1,1,8,5
200500000655,0005-01-13 14:00:00,5,1,13,14,0,870,74.0,,46.349,1.365,Plein jour,Hors agglomération,Hors intersection,Normale,Sans collision,,,,,,,,,,,1,1,1,1,7
200500000656,0005-01-23 23:30:00,5,1,23,23,30,870,74.0,LES GRANDS CHEZEAUX,46.354,1.391,Nuit avec éclairage allumé,En agglomération,Hors intersection,Normale,Sans collision,,,,,,,,,,,5,2,1,1,7
200500000657,0005-01-24 21:30:00,5,1,24,21,30,870,180.0,,46.196,1.255,Nuit sans éclairage public,Hors agglomération,Hors intersection,Neige / grêle,Deux véhicules - côté,,,,,,,,,,,3,1,1,4,3
200500000658,0005-01-31 10:00:00,5,1,31,10,0,870,111.0,,45.713,0.887,Plein jour,Hors agglomération,Hors intersection,Brouillard / fumée,Deux véhicules - frontale,,,,,,,,,,,1,1,1,5,1
200500000659,0005-01-06 18:45:00,5,1,6,18,45,190,203.0,,45.2,1.774,Nuit sans éclairage public,Hors agglomération,Hors intersection,Normale,Autre collision,,,,,,,,,,,3,1,1,1,6
200500000660,0005-01-11 20:15:00,5,1,11,20,15,190,207.0,,45.257,1.633,Nuit sans éclairage public,Hors agglomération,Hors intersection,Normale,Trois véhicules et plus - collisions multiples,,,,,,,,,,,3,1,1,1,5
200500000661,0005-01-29 16:30:00,5,1,29,16,30,190,84.0,1 AVENUE PASTEUR,45.162,1.869,Plein jour,En agglomération,Hors intersection,Normale,Autre collision,,,,,,,,,,,1,2,1,1,6