accident_id,datetime,annee,mois,jour,heure,minute,departement,commune_insee,adresse,latitude,longitude,luminosite,agglomeration,intersection,meteo,collision,nb_vehicules,nb_usagers,nb_indemnes,nb_tues,nb_blesses_hosp,nb_blesses_legers,age_cond_1,age_cond_2,veh_type_cond_1,veh_type_cond_2,lum_code,agg_code,int_code,atm_code,col_code
200500000662,0005-01-14 16:00:00,5,1,14,16,0,190,125.0,route de l'ancienne gare,45.277,2.032,Plein jour,En agglomération,Hors intersection,Temps éblouissant,Sans collision,,,,,,,,,,,1,2,1,7,7
200500000663,0005-01-21 18:45:00,5,1,21,18,45,190,63.0,,,,Nuit sans éclairage public,Hors agglomération,Intersection en X,Pluie légère,Deux véhicules - côté,,,,,,,,,,,3,1,2,2,3
200500000664,0005-01-10 17:00:00,5,1,10,17,0,190,196.0,,45.291,1.392,Plein jour,Hors agglomération,Hors intersection,Temps éblouissant,Deux véhicules - côté,,,,,,,,,,,1,1,1,7,3
200500000665,0005-01-13 12:00:00,5,1,13,12,0,190,153.0,AVENUE JOUVENEL,45.27,1.401,Plein jour,En agglomération,Hors intersection,Normale,Deux véhicules - côté,,,,,,,,,,,1,2,1,1,3
200500000666,0005-01-24 18:45:00,5,1,24,18,45,190,153.0,Avenue Eugène Freyssinet,45.262,1.405,Nuit avec éclairage allumé,En agglomération,Hors intersection,Normale,Autre collision,,,,,,,,,,,5,2,1,1,6
200500000667,0005-01-10 08:00:00,5,1,10,8,0,190,180.0,,45.504,2.296,Plein jour,Hors agglomération,Hors intersection,Normale,Autre collision,,,,,,,,,,,1,1,1,1,6
200500000668,0005-01-15 17:45:00,5,1,15,17,45,190,141.0,,45.658,2.467,Plein jour,Hors agglomération,Intersection en X,Normale,Deux véhicules - côté,,,,,,,,,,,1,1,2,1,3
200500000669,0005-01-04 09:45:00,5,1,4,9,45,190,33.0,,45.594,1.92,Plein jour,Hors agglomération,Hors intersection,Normale,Deux véhicules - frontale,,,,,,,,,,,1,1,1,1,1
200500000670,0005-01-08 09:30:00,5,1,8,9,30,190,136.0,,45.522,2.171,Plein jour,Hors agglomération,Hors intersection,Autre,Autre collision,,,,,,,,,,,1,1,1,9,6
200500000671,0005-01-31 10:30:00,5,1,31,10,30,230,93.0,,46.206,2.239,Plein jour,Hors agglomération,Hors intersection,Brouillard / fumée,Deux véhicules - frontale,,,,,,,,,,,1,1,1,5,1
200500000672,0005-01-06 23:15:00,5,1,6,23,15,230,247.0,,46.201,1.785,Nuit sans éclairage public,Hors agglomération,Hors intersection,Normale,Deux véhicules - arrière,,,,,,,,,,,3,1,1,1,2
200500000673,0005-01-04 10:30:00,5,1,4,10,30,230,69.0,Face au 31 Grande rue,45.872,2.369,Plein jour,En agglomération,Hors intersection,Normale,Autre collision,,,,,,,,,,,1,2,1,1,6
200500000674,0005-01-18 18:30:00,5,1,18,18,30,230,220.0,,46.008,2.162,Nuit sans éclairage public,Hors agglomération,Hors intersection,Neige / grêle,Autre collision,,,,,,,,,,,3,1,1,4,6
200500000675,0005-01-31 19:45:00,5,1,31,19,45,230,220.0,"""Fourneaux""",46.029,2.138,Nuit avec éclairage non allumé,En agglomération,Hors intersection,Brouillard / fumée,Autre collision,,,,,,,,,,,4,2,1,5,6
200500000676,0005-01-18 09:45:00,5,1,18,9,45,230,181.0,,45.94,1.652,Plein jour,Hors agglomération,Hors intersection,Pluie légère,Deux véhicules - frontale,,,,,,,,,,,1,1,1,2,1
200500000677,0005-01-09 16:45:00,5,1,9,16,45,310,355.0,,43.627,1.573,Plein jour,Hors agglomération,Hors intersection,Normale,Autre collision,,,,,,,,,,,1,1,1,1,6
200500000678,0005-01-10 15:00:00,5,1,10,15,0,310,163.0,,43.598,1.588,Plein jour,Hors agglomération,Hors intersection,Normale,Deux véhicules - côté,,,,,,,,,,,1,1,1,1,3
200500000679,0005-01-19 14:00:00,5,1,19,14,0,310,113.0,RN 113,43.523,1.499,Plein jour,En agglomération,Hors intersection,Pluie légère,Deux véhicules - frontale,,,,,,,,,,,1,2,1,2,1
200500000680,0005-01-28 11:45:00,5,1,28,11,45,310,25.0,,43.476,1.449,Plein jour,Hors agglomération,Hors intersection,Neige / grêle,Autre collision,,,,,,,,,,,1,1,1,4,6
200500000681,0005-01-11 08:30:00,5,1,11,8,30,310,118.0,,43.794,1.344,Plein jour,Hors agglomération,Hors intersection,Brouillard / fumée,Deux véhicules - frontale,,,,,,,,,,,1,1,1,5,1
200500000682,0005-01-08 17:15:00,5,1,8,17,15,310,424.0,rue des marroniers,43.575,1.304,Plein jour,En agglomération,Hors intersection,Normale,Autre collision,,,,,,,,,,,1,2,1,1,6
200500000683,0005-01-10 21:15:00,5,1,10,21,15,310,433.0,999 Route de Seysses,43.542,1.371,Nuit avec éclairage non allumé,En agglomération,Hors intersection,Temps couvert,Deux véhicules - frontale,,,,,,,,,,,4,2,1,8,1
200500000684,0005-01-26 13:45:00,5,1,26,13,45,310,433.0,Carrefour CEREZO,43.53,1.404,Plein jour,En agglomération,Intersection en X,Autre,Deux véhicules - côté,,,,,,,,,,,1,2,2,9,3
200500000685,0005-01-03 16:15:00,5,1,3,16,15,310,230.0,HAUTEUR INTER CD 77 ET14,,,Plein jour,En agglomération,Hors intersection,Normale,Deux véhicules - frontale,,,,,,,,,,,1,2,1,1,1
200500000686,0005-01-06 22:00:00,5,1,6,22,0,310,182.0,,,,Nuit avec éclairage allumé,Hors agglomération,Hors intersection,Brouillard / fumée,Autre collision,,,,,,,,,,,5,1,1,5,6
200500000687,0005-01-08 11:45:00,5,1,8,11,45,310,182.0,71 rue JEAN JAURES,,,Plein jour,En agglomération,Hors intersection,Normale,Deux véhicules - côté,,,,,,,,,,,1,2,1,1,3
200500000688,0005-01-15 16:15:00,5,1,15,16,15,310,205.0,CD64,,,Plein jour,En agglomération,Hors intersection,Normale,Deux véhicules - côté,,,,,,,,,,,1,2,1,1,3
200500000689,0005-01-17 10:15:00,5,1,17,10,15,310,91.0,chemin des pierres,43.714,1.4,Plein jour,En agglomération,Hors intersection,Normale,Autre collision,,,,,,,,,,,1,2,1,1,6
200500000690,0005-01-10 16:30:00,5,1,10,16,30,310,165.0,,,,Plein jour,Hors agglomération,Hors intersection,Normale,Deux véhicules - frontale,,,,,,,,,,,1,1,1,1,1
200500000691,0005-01-11 07:45:00,5,1,11,7,45,310,395.0,,,,Nuit sans éclairage public,Hors agglomération,Hors intersection,Normale,Autre collision,,,,,,,,,,,3,1,1,1,6
200500000692,0005-01-19 10:45:00,5,1,19,10,45,310,395.0,,43.468,1.292,Plein jour,Hors agglomération,Hors intersection,Normale,Deux véhicules - arrière,,,,,,,,,,,1,1,1,1,2
200500000693,0005-01-29 16:15:00,5,1,29,16,15,310,395.0,,,,Plein jour,Hors agglomération,Hors intersection,Normale,Deux véhicules - côté,,,,,,,,,,,1,1,1,1,3
200500000694,0005-01-01 05:00:00,5,1,1,5,0,310,128.0,CD28,43.3,1.46,Nuit avec éclairage allumé,En agglomération,Hors intersection,Normale,Autre collision,,,,,,,,,,,5,2,1,1,6
200500000695,0005-01-11 06:45:00,5,1,11,6,45,310,499.0,,,,Nuit sans éclairage public,Hors agglomération,Hors intersection,Brouillard / fumée,Trois véhicules et plus - collisions multiples,,,,,,,,,,,3,1,1,5,5
200500000696,0005-01-14 17:30:00,5,1,14,17,30,310,454.0,Rue Sagazan,,,Plein jour,En agglomération,Hors intersection,Brouillard / fumée,Autre collision,,,,,,,,,,,1,2,1,5,6
200500000697,0005-01-24 07:45:00,5,1,24,7,45,310,481.0,,,,Crépuscule ou aube,Hors agglomération,Hors intersection,Normale,Trois véhicules et plus - en chaîne,,,,,,,,,,,2,1,1,1,4
200500000698,0005-01-26 18:15:00,5,1,26,18,15,310,454.0,,,,Crépuscule ou aube,Hors agglomération,Hors intersection,Autre,Deux véhicules - frontale,,,,,,,,,,,2,1,1,9,1
200500000699,0005-01-18 16:15:00,5,1,18,16,15,310,246.0,,,,Plein jour,Hors agglomération,Hors intersection,Pluie forte,Deux véhicules - côté,,,,,,,,,,,1,1,1,3,3
200500000700,0005-01-23 17:30:00,5,1,23,17,30,310,246.0,,43.108,0.833,Plein jour,En agglomération,Autre intersection,Pluie légère,Autre collision,,,,,,,,,,,1,2,9,2,6
200500000701,0005-01-01 22:45:00,5,1,1,22,45,310,239.0,,43.386,0.835,Nuit avec éclairage allumé,En agglomération,Intersection en T,Temps couvert,Autre collision,,,,,,,,,,,5,2,3,8,6
200500000702,0005-01-09 03:00:00,5,1,9,3,0,310,28.0,,43.215,0.874,Nuit sans éclairage public,Hors agglomération,Hors intersection,Normale,Sans collision,,,,,,,,,,,3,1,1,1,7
200500000703,0005-01-02 09:30:00,5,1,2,9,30,310,237.0,,43.07,0.96,Plein jour,Hors agglomération,Hors intersection,Pluie légère,Autre collision,,,,,,,,,,,1,1,1,2,6
200500000704,0005-01-22 03:15:00,5,1,22,3,15,310,112.0,,43.06,0.97,Nuit sans éclairage public,Hors agglomération,Hors intersection,Normale,Sans collision,,,,,,,,,,,3,1,1,1,7
200500000705,0005-01-07 19:15:00,5,1,7,19,15,310,450.0,,43.383,1.71,Nuit sans éclairage public,Hors agglomération,Hors intersection,Normale,Autre collision,,,,,,,,,,,3,1,1,1,6
200500000706,0005-01-25 16:45:00,5,1,25,16,45,310,374.0,,43.388,1.625,Plein jour,Hors agglomération,Hors intersection,Temps couvert,Deux véhicules - côté,,,,,,,,,,,1,1,1,8,3
200500000707,0005-01-11 07:00:00,5,1,11,7,0,310,558.0,,43.475,1.748,Nuit sans éclairage public,Hors agglomération,Hors intersection,Brouillard / fumée,Autre collision,,,,,,,,,,,3,1,1,5,6
200500000708,0005-01-17 08:30:00,5,1,17,8,30,90,272.0,,42.91,1.64,Plein jour,Hors agglomération,Hors intersection,Normale,Autre collision,,,,,,,,,,,1,1,1,1,6
200500000709,0005-01-29 17:45:00,5,1,29,17,45,90,264.0,,,,Plein jour,Hors agglomération,Hors intersection,Normale,Autre collision,,,,,,,,,,,1,1,1,1,6
200500000710,0005-01-12 14:45:00,5,1,12,14,45,90,160.0,Avenue Léon BLUM,42.929,1.838,Plein jour,En agglomération,Hors intersection,Normale,Trois véhicules et plus - en chaîne,,,,,,,,,,,1,2,1,1,4
200500000711,0005-01-12 21:15:00,5,1,12,21,15,90,306.0,RUE MONCAO,42.85,1.6,Nuit avec éclairage allumé,En agglomération,Hors intersection,Normale,Autre collision,,,,,,,,,,,5,2,1,1,6
200500000712,0005-01-11 09:00:00,5,1,11,9,0,90,181.0,,,,Plein jour,Hors agglomération,Hors intersection,Autre,Deux véhicules - frontale,,,,,,,,,,,1,1,1,9,1
200500000713,0005-01-02 12:00:00,5,1,2,12,0,90,260.0,,43.11,1.91,Plein jour,Hors agglomération,Hors intersection,Normale,Autre collision,,,,,,,,,,,1,1,1,1,6
200500000714,0005-01-16 08:15:00,5,1,16,8,15,90,102.0,,43.07,1.81,Plein jour,Hors agglomération,Hors intersection,Autre,Sans collision,,,,,,,,,,,1,1,1,9,7
200500000715,0005-01-29 10:45:00,5,1,29,10,45,90,316.0,,43.0,1.88,Plein jour,Hors agglomération,Hors intersection,Normale,Deux véhicules - frontale,,,,,,,,,,,1,1,1,1,1
200500000716,0005-01-14 13:45:00,5,1,14,13,45,90,261.0,AVENUE GENERAL DE GAULLE,42.987,1.142,Plein jour,En agglomération,Hors intersection,Normale,Deux véhicules - frontale,,,,,,,,,,,1,2,1,1,1
200500000717,0005-01-23 02:15:00,5,1,23,2,15,90,235.0,,,,Nuit sans éclairage public,Hors agglomération,Hors intersection,Normale,Sans collision,,,,,,,,,,,3,1,1,1,7
200500000718,0005-01-01 01:00:00,5,1,1,1,0,120,32.0,,,,Nuit sans éclairage public,Hors agglomération,Hors intersection,Brouillard / fumée,Sans collision,,,,,,,,,,,3,1,1,5,7
200500000719,0005-01-07 16:45:00,5,1,7,16,45,120,133.0,AVENUE DE TOULOUSE,,,Plein jour,En agglomération,Hors intersection,Temps éblouissant,Autre collision,,,,,,,,,,,1,2,1,7,6
200500000720,0005-01-23 10:15:00,5,1,23,10,15,120,32.0,,44.309,2.395,Plein jour,Hors agglomération,Hors intersection,Pluie forte,Deux véhicules - côté,,,,,,,,,,,1,1,1,3,3
200500000721,0005-01-20 04:15:00,5,1,20,4,15,120,157.0,,44.39,2.7,Nuit sans éclairage public,Hors agglomération,Hors intersection,Pluie légère,Deux véhicules - frontale,,,,,,,,,,,3,1,1,2,1
200500000722,0005-01-15 16:30:00,5,1,15,16,30,120,169.0,route du stade,44.2,2.33,Plein jour,En agglomération,Hors intersection,Normale,Deux véhicules - côté,,,,,,,,,,,1,2,1,1,3
200500000723,0005-01-21 16:30:00,5,1,21,16,30,120,288.0,,44.459,2.424,Plein jour,Hors agglomération,Hors intersection,Pluie légère,Trois véhicules et plus - collisions multiples,,,,,,,,,,,1,1,1,2,5
200500000724,0005-01-01 17:45:00,5,1,1,17,45,120,96.0,,,,Nuit avec éclairage allumé,Hors agglomération,Hors intersection,Pluie légère,Autre collision,,,,,,,,,,,5,1,1,2,6
200500000725,0005-01-05 16:30:00,5,1,5,16,30,120,250.0,,,,Plein jour,Hors agglomération,Hors intersection,Normale,Autre collision,,,,,,,,,,,1,1,1,1,6
200500000726,0005-01-01 20:00:00,5,1,1,20,0,120,224.0,Avenue d'ESPALION,44.465,2.971,Nuit avec éclairage allumé,En agglomération,Hors intersection,Normale,Deux véhicules - frontale,,,,,,,,,,,5,2,1,1,1
200500000727,0005-01-07 15:30:00,5,1,7,15,30,120,115.0,Carrefour CD 809  et VC2,43.975,3.199,Plein jour,En agglomération,Hors intersection,Temps éblouissant,Deux véhicules - côté,,,,,,,,,,,1,2,1,7,3
200500000728,0005-01-09 07:15:00,5,1,9,7,15,120,225.0,,44.078,2.991,Nuit sans éclairage public,Hors agglomération,Hors intersection,Brouillard / fumée,Sans collision,,,,,,,,,,,3,1,1,5,7
200500000729,0005-01-14 14:45:00,5,1,14,14,45,120,294.0,,,,Plein jour,Hors agglomération,Intersection en X,Normale,Autre collision,,,,,,,,,,,1,1,2,1,6
200500000730,0005-01-29 14:00:00,5,1,29,14,0,120,208.0,AVENUE JULES BOURGOUGNON,,,Plein jour,En agglomération,Hors intersection,Normale,Autre collision,,,,,,,,,,,1,2,1,1,6
200500000731,0005-01-04 18:45:00,5,1,4,18,45,120,300.0,AVENUE DU SEGALAT,44.347,2.037,Nuit avec éclairage allumé,En agglomération,Hors intersection,Normale,Deux véhicules - côté,,,,,,,,,,,5,2,1,1,3
200500000732,0005-01-25 16:30:00,5,1,25,16,30,120,300.0,,44.322,2.029,Plein jour,Hors agglomération,Hors intersection,Normale,Autre collision,,,,,,,,,,,1,1,1,1,6
200500000733,0005-01-28 19:30:00,5,1,28,19,30,120,301.0,,44.419,2.041,Nuit sans éclairage public,Hors agglomération,Hors intersection,Neige / grêle,Deux véhicules - frontale,,,,,,,,,,,3,1,1,4,1
200500000734,0005-01-14 06:15:00,5,1,14,6,15,320,12.0,,,,Nuit sans éclairage public,Hors agglomération,Giratoire,Brouillard / fumée,Autre collision,,,,,,,,,,,3,1,6,5,6
200500000735,0005-01-19 08:30:00,5,1,19,8,30,320,160.0,av corps franc pommiès,43.618,1.073,Nuit avec éclairage allumé,En agglomération,Hors intersection,Normale,Sans collision,,,,,,,,,,,5,2,1,1,7
200500000736,0005-01-30 18:15:00,5,1,30,18,15,320,213.0,,,,Crépuscule ou aube,Hors agglomération,Hors intersection,Normale,Deux véhicules - frontale,,,,,,,,,,,2,1,1,1,1
200500000737,0005-01-03 12:45:00,5,1,3,12,45,320,382.0,,43.74,0.374,Plein jour,Hors agglomération,Hors intersection,Normale,Sans collision,,,,,,,,,,,1,1,1,1,7
200500000738,0005-01-02 15:00:00,5,1,2,15,0,320,194.0,,,,Plein jour,Hors agglomération,Hors intersection,Temps couvert,Autre collision,,,,,,,,,,,1,1,1,8,6
200500000739,0005-01-27 16:15:00,5,1,27,16,15,320,44.0,"""le camus""",,,Plein jour,En agglomération,Hors intersection,Normale,Sans collision,,,,,,,,,,,1,2,1,1,7
200500000740,0005-01-30 21:30:00,5,1,30,21,30,320,459.0,CD939,,,Nuit sans éclairage public,En agglomération,Hors intersection,Normale,Autre collision,,,,,,,,,,,3,2,1,1,6
200500000741,0005-01-15 18:45:00,5,1,15,18,45,320,119.0,,,,Nuit sans éclairage public,Hors agglomération,Hors intersection,Normale,Deux véhicules - frontale,,,,,,,,,,,3,1,1,1,1
200500000742,0005-01-13 14:00:00,5,1,13,14,0,320,242.0,,43.46,0.579,Plein jour,Hors agglomération,Hors intersection,Normale,Autre collision,,,,,,,,,,,1,1,1,1,6
200500000743,0005-01-17 13:45:00,5,1,17,13,45,320,167.0,,43.486,0.294,Plein jour,Hors agglomération,Hors intersection,Normale,Autre collision,,,,,,,,,,,1,1,1,1,6
200500000744,0005-01-09 11:00:00,5,1,9,11,0,320,244.0,,43.678,-0.084,Plein jour,Hors agglomération,Hors intersection,Normale,Deux véhicules - côté,,,,,,,,,,,1,1,1,1,3
200500000745,0005-01-19 15:45:00,5,1,19,15,45,460,201.0,,,,Plein jour,Hors agglomération,Hors intersection,Pluie légère,Autre collision,,,,,,,,,,,1,1,1,2,6
200500000746,0005-01-12 23:00:00,5,1,12,23,0,460,100.0,,44.572,2.029,Plein jour,Hors agglomération,Hors intersection,Normale,Trois véhicules et plus - collisions multiples,,,,,,,,,,,1,1,1,1,5
200500000747,0005-01-12 09:15:00,5,1,12,9,15,460,102.0,Avenue des  Crêtes,,,Plein jour,En agglomération,Hors intersection,Normale,Autre collision,,,,,,,,,,,1,2,1,1,6
200500000748,0005-01-12 13:45:00,5,1,12,13,45,460,251.0,Quai Trémeille,,,Plein jour,En agglomération,Hors intersection,Normale,Deux véhicules - côté,,,,,,,,,,,1,2,1,1,3
200500000749,0005-01-19 17:30:00,5,1,19,17,30,460,284.0,,44.884,1.868,Plein jour,Hors agglomération,Hors intersection,Temps couvert,Autre collision,,,,,,,,,,,1,1,1,8,6
200500000750,0005-01-19 18:15:00,5,1,19,18,15,460,29.0,Avenue de la République,,,Nuit avec éclairage allumé,En agglomération,Hors intersection,Normale,Deux véhicules - côté,,,,,,,,,,,5,2,1,1,3
200500000751,0005-01-16 15:00:00,5,1,16,15,0,460,30.0,,,,Plein jour,Hors agglomération,Hors intersection,Normale,Deux véhicules - frontale,,,,,,,,,,,1,1,1,1,1
200500000752,0005-01-21 17:00:00,5,1,21,17,0,460,185.0,,,,Plein jour,Hors agglomération,Hors intersection,Normale,Deux véhicules - arrière,,,,,,,,,,,1,1,1,1,2
200500000753,0005-01-01 17:30:00,5,1,1,17,30,460,153.0,,,,Crépuscule ou aube,Hors agglomération,Hors intersection,Pluie légère,Deux véhicules - côté,,,,,,,,,,,2,1,1,2,3
200500000754,0005-01-12 07:45:00,5,1,12,7,45,650,340.0,,43.289,0.113,Nuit avec éclairage allumé,Hors agglomération,Hors intersection,Normale,Deux véhicules - frontale,,,,,,,,,,,5,1,1,1,1
200500000755,0005-01-18 17:00:00,5,1,18,17,0,650,256.0,R.N. 117,43.172,0.267,Plein jour,En agglomération,Hors intersection,Temps couvert,Trois véhicules et plus - collisions multiples,,,,,,,,,,,1,2,1,8,5
200500000756,0005-01-22 12:45:00,5,1,22,12,45,650,49.0,,,,Plein jour,Hors agglomération,Intersection en X,Pluie légère,Deux véhicules - côté,,,,,,,,,,,1,1,2,2,3
200500000757,0005-01-22 19:30:00,5,1,22,19,30,650,460.0,Avenue de TARBES,,,Nuit avec éclairage allumé,En agglomération,Hors intersection,Pluie légère,Deux véhicules - côté,,,,,,,,,,,5,2,1,2,3
200500000758,0005-01-29 12:45:00,5,1,29,12,45,650,473.0,,,,Plein jour,Hors agglomération,Hors intersection,Normale,Deux véhicules - frontale,,,,,,,,,,,1,1,1,1,1
200500000759,0005-01-12 13:45:00,5,1,12,13,45,810,119.0,,43.788,2.147,Crépuscule ou aube,Hors agglomération,Hors intersection,Normale,Sans collision,,,,,,,,,,,2,1,1,1,7
200500000760,0005-01-13 17:00:00,5,1,13,17,0,810,59.0,,,,Plein jour,Hors agglomération,Hors intersection,Normale,Deux véhicules - côté,,,,,,,,,,,1,1,1,1,3
200500000761,0005-01-25 12:00:00,5,1,25,12,0,810,222.0,Rue de la Bouriotte,43.778,2.189,Plein jour,En agglomération,Hors intersection,Autre,Deux véhicules - frontale,,,,,,,,,,,1,2,1,9,1
200500000762,0005-01-28 06:30:00,5,1,28,6,30,810,222.0,,43.805,2.184,Nuit sans éclairage public,Hors agglomération,Hors intersection,Normale,Trois véhicules et plus - collisions multiples,,,,,,,,,,,3,1,1,1,5
200500000763,0005-01-06 11:15:00,5,1,6,11,15,810,132.0,,43.647,2.051,Nuit sans éclairage public,En agglomération,Hors intersection,Pluie légère,Autre collision,,,,,,,,,,,3,2,1,2,6
200500000764,0005-01-29 11:45:00,5,1,29,11,45,810,174.0,,,,Plein jour,Hors agglomération,Hors intersection,Autre,Sans collision,,,,,,,,,,,1,1,1,9,7
200500000765,0005-01-02 18:00:00,5,1,2,18,0,810,323.0,,43.67,1.927,Nuit sans éclairage public,Hors agglomération,Hors intersection,Pluie légère,Autre collision,,,,,,,,,,,3,1,1,2,6
200500000766,0005-01-07 10:15:00,5,1,7,10,15,810,252.0,,43.682,2.223,Plein jour,Hors agglomération,Hors intersection,Brouillard / fumée,Sans collision,,,,,,,,,,,1,1,1,5,7
200500000767,0005-01-14 06:15:00,5,1,14,6,15,810,99.0,,43.891,1.87,Crépuscule ou aube,Hors agglomération,Hors intersection,Normale,Autre collision,,,,,,,,,,,2,1,1,1,6
200500000768,0005-01-11 18:15:00,5,1,11,18,15,690,69.0,,,,Nuit avec éclairage allumé,En agglomération,Hors intersection,Normale,Deux véhicules - frontale,,,,,,,,,,,5,2,1,1,1
200500000769,0005-01-04 17:15:00,5,1,4,17,15,810,145.0,,43.855,1.802,Plein jour,Hors agglomération,Hors intersection,Temps éblouissant,Deux véhicules - côté,,,,,,,,,,,1,1,1,7,3
200500000770,0005-01-08 02:00:00,5,1,8,2,0,810,220.0,,43.813,1.704,Nuit sans éclairage public,Hors agglomération,Hors intersection,Brouillard / fumée,Autre collision,,,,,,,,,,,3,1,1,5,6
200500000771,0005-01-08 18:00:00,5,1,8,18,0,810,208.0,,43.839,1.867,Nuit sans éclairage public,Hors agglomération,Hors intersection,Normale,Deux véhicules - frontale,,,,,,,,,,,3,1,1,1,1
200500000772,0005-01-04 18:00:00,5,1,4,18,0,810,237.0,,43.469,2.091,Nuit sans éclairage public,Hors agglomération,Hors intersection,Normale,Deux véhicules - frontale,,,,,,,,,,,3,1,1,1,1
200500000773,0005-01-11 10:30:00,5,1,11,10,30,810,219.0,avenue de revel,43.578,2.01,Plein jour,En agglomération,Hors intersection,Temps éblouissant,Autre collision,,,,,,,,,,,1,2,1,7,6
200500000774,0005-01-01 03:45:00,5,1,1,3,45,820,5.0,,43.801,1.194,Nuit sans éclairage public,Hors agglomération,Hors intersection,Pluie légère,Autre collision,,,,,,,,,,,3,1,1,2,6
200500000775,0005-01-09 06:15:00,5,1,9,6,15,820,87.0,,,,Nuit sans éclairage public,Hors agglomération,Hors intersection,Brouillard / fumée,Autre collision,,,,,,,,,,,3,1,1,5,6
200500000776,0005-01-11 11:30:00,5,1,11,11,30,820,37.0,Boulevard didier Rey,44.166,1.539,Plein jour,En agglomération,Hors intersection,Normale,Autre collision,,,,,,,,,,,1,2,1,1,6
200500000777,0005-01-01 19:30:00,5,1,1,19,30,820,38.0,,,,Nuit sans éclairage public,Hors agglomération,Hors intersection,Pluie légère,Deux véhicules - côté,,,,,,,,,,,3,1,1,2,3
200500000778,0005-01-22 08:00:00,5,1,22,8,0,820,38.0,,44.242,1.783,Crépuscule ou aube,Hors agglomération,Hors intersection,Pluie légère,Sans collision,,,,,,,,,,,2,1,1,2,7
200500000779,0005-01-27 17:45:00,5,1,27,17,45,820,53.0,,43.859,1.016,Crépuscule ou aube,Hors agglomération,Hors intersection,Normale,Autre collision,,,,,,,,,,,2,1,1,1,6
200500000780,0005-01-27 16:30:00,5,1,27,16,30,820,79.0,RUE PASTEUR,43.922,1.368,Plein jour,En agglomération,Hors intersection,Normale,Autre collision,,,,,,,,,,,1,2,1,1,6
200500000781,0005-01-09 11:30:00,5,1,9,11,30,820,94.0,,44.281,1.148,Plein jour,Hors agglomération,Hors intersection,Normale,Autre collision,,,,,,,,,,,1,1,1,1,6
200500000782,0005-01-11 18:30:00,5,1,11,18,30,820,151.0,,44.337,0.966,Crépuscule ou aube,Hors agglomération,Hors intersection,Temps couvert,Autre collision,,,,,,,,,,,2,1,1,8,6
200500000783,0005-01-05 15:45:00,5,1,5,15,45,820,127.0,,44.173,1.089,Plein jour,Hors agglomération,Hors intersection,Normale,Deux véhicules - frontale,,,,,,,,,,,1,1,1,1,1
200500000784,0005-01-19 15:45:00,5,1,19,15,45,820,112.0,,44.126,1.147,Plein jour,Hors agglomération,Hors intersection,Pluie légère,Autre collision,,,,,,,,,,,1,1,1,2,6
200500000785,0005-01-07 21:00:00,5,1,7,21,0,820,43.0,,43.868,1.096,Nuit sans éclairage public,Hors agglomération,Autre intersection,Brouillard / fumée,Sans collision,,,,,,,,,,,3,1,9,5,7
200500000786,0005-01-31 19:00:00,5,1,31,19,0,820,124.0,,,,Nuit sans éclairage public,Hors agglomération,Autre intersection,Normale,Deux véhicules - côté,,,,,,,,,,,3,1,9,1,3
200500000787,0005-01-21 02:00:00,5,1,21,2,0,820,139.0,,,,Nuit sans éclairage public,Hors agglomération,Hors intersection,Pluie légère,Sans collision,,,,,,,,,,,3,1,1,2,7
200500000788,0005-01-14 15:00:00,5,1,14,15,0,690,277.0,,45.736,5.001,Nuit avec éclairage allumé,En agglomération,Hors intersection,Normale,Autre collision,,,,,,,,,,,5,2,1,1,6
200500000789,0005-01-14 19:00:00,5,1,14,19,0,690,271.0,,45.727,4.985,Nuit avec éclairage allumé,Hors agglomération,Hors intersection,Normale,Autre collision,,,,,,,,,,,5,1,1,1,6
200500000790,0005-01-23 13:45:00,5,1,23,13,45,690,277.0,,45.748,5.008,Plein jour,Hors agglomération,Hors intersection,Neige / grêle,Deux véhicules - côté,,,,,,,,,,,1,1,1,4,3
200500000791,0005-01-31 13:30:00,5,1,31,13,30,690,279.0,,45.79,5.028,Plein jour,Hors agglomération,Hors intersection,Normale,Autre collision,,,,,,,,,,,1,1,1,1,6
200500000792,0005-01-29 02:15:00,5,1,29,2,15,690,68.0,,,,Nuit sans éclairage public,Hors agglomération,Hors intersection,Brouillard / fumée,Autre collision,,,,,,,,,,,3,1,1,5,6
200500000793,0005-01-15 20:15:00,5,1,15,20,15,690,289.0,,,,Nuit sans éclairage public,Hors agglomération,Hors intersection,Brouillard / fumée,Autre collision,,,,,,,,,,,3,1,1,5,6
200500000794,0005-01-24 18:45:00,5,1,24,18,45,690,259.0,,,,Nuit sans éclairage public,Hors agglomération,Hors intersection,Normale,Deux véhicules - frontale,,,,,,,,,,,3,1,1,1,1