accident_id,datetime,annee,mois,jour,heure,minute,departement,commune_insee,adresse,latitude,longitude,luminosite,agglomeration,intersection,meteo,collision,nb_vehicules,nb_usagers,nb_indemnes,nb_tues,nb_blesses_hosp,nb_blesses_legers,age_cond_1,age_cond_2,veh_type_cond_1,veh_type_cond_2,lum_code,agg_code,int_code,atm_code,col_code
200500000929,0005-01-15 02:00:00,5,1,15,2,0,420,257.0,,46.208,3.816,Nuit sans éclairage public,Hors agglomération,Giratoire,Brouillard / fumée,Sans collision,,,,,,,,,,,3,1,6,5,7
200500000930,0005-01-29 14:45:00,5,1,29,14,45,420,8.0,,,,Plein jour,Hors agglomération,Hors intersection,Normale,Trois véhicules et plus - collisions multiples,,,,,,,,,,,1,1,1,1,5
200500000931,0005-01-26 14:30:00,5,1,26,14,30,730,265.0,,45.759,6.003,Plein jour,Hors agglomération,Hors intersection,Normale,Deux véhicules - frontale,,,,,,,,,,,1,1,1,1,1
200500000932,0005-01-07 20:00:00,5,1,7,20,0,730,213.0,,45.555,5.954,Nuit sans éclairage public,Hors agglomération,Hors intersection,Normale,Deux véhicules - frontale,,,,,,,,,,,3,1,1,1,1
200500000933,0005-01-27 12:30:00,5,1,27,12,30,730,58.0,,,,Plein jour,Hors agglomération,Hors intersection,Normale,Deux véhicules - frontale,,,,,,,,,,,1,1,1,1,1
200500000934,0005-01-06 07:30:00,5,1,6,7,30,730,179.0,,,,Crépuscule ou aube,En agglomération,Hors intersection,Pluie légère,Autre collision,,,,,,,,,,,2,2,1,2,6
200500000935,0005-01-07 16:00:00,5,1,7,16,0,730,149.0,,45.767,5.803,Plein jour,Hors agglomération,Hors intersection,Autre,Autre collision,,,,,,,,,,,1,1,1,9,6
200500000936,0005-01-03 11:00:00,5,1,3,11,0,730,215.0,Avenue Francois Milan,,,Plein jour,En agglomération,Intersection en X,Normale,Deux véhicules - frontale,,,,,,,,,,,1,2,2,1,1
200500000937,0005-01-19 07:15:00,5,1,19,7,15,730,179.0,rue des allobroges,,,Nuit avec éclairage non allumé,En agglomération,Hors intersection,Pluie légère,Autre collision,,,,,,,,,,,4,2,1,2,6
200500000938,0005-01-26 10:45:00,5,1,26,10,45,730,303.0,,45.754,6.411,Plein jour,En agglomération,Hors intersection,Normale,Deux véhicules - arrière,,,,,,,,,,,1,2,1,1,2
200500000939,0005-01-11 20:15:00,5,1,11,20,15,730,227.0,,,,Nuit sans éclairage public,Hors agglomération,Hors intersection,Normale,Deux véhicules - frontale,,,,,,,,,,,3,1,1,1,1
200500000940,0005-01-17 10:30:00,5,1,17,10,30,730,198.0,,,,Plein jour,Hors agglomération,Hors intersection,Normale,Deux véhicules - frontale,,,,,,,,,,,1,1,1,1,1
200500000941,0005-01-22 07:45:00,5,1,22,7,45,730,227.0,Le praz,,,Plein jour,En agglomération,Hors intersection,Neige / grêle,Deux véhicules - frontale,,,,,,,,,,,1,2,1,4,1
200500000942,0005-01-19 08:15:00,5,1,19,8,15,730,261.0,,45.215,6.483,Plein jour,Hors agglomération,Hors intersection,Neige / grêle,Deux véhicules - frontale,,,,,,,,,,,1,1,1,4,1
200500000943,0005-01-20 10:15:00,5,1,20,10,15,730,56.0,,45.23,6.771,Plein jour,Hors agglomération,Hors intersection,Neige / grêle,Deux véhicules - frontale,,,,,,,,,,,1,1,1,4,1
200500000944,0005-01-06 10:15:00,5,1,6,10,15,740,282.0,,,,Crépuscule ou aube,Hors agglomération,Hors intersection,Temps couvert,Deux véhicules - frontale,,,,,,,,,,,2,1,1,8,1
200500000945,0005-01-25 17:15:00,5,1,25,17,15,740,254.0,,45.835,6.022,Plein jour,Hors agglomération,Hors intersection,Normale,Autre collision,,,,,,,,,,,1,1,1,1,6
200500000946,0005-01-03 07:15:00,5,1,3,7,15,740,280.0,,,,Nuit sans éclairage public,Hors agglomération,Hors intersection,Normale,Deux véhicules - frontale,,,,,,,,,,,3,1,1,1,1
200500000947,0005-01-06 22:30:00,5,1,6,22,30,740,212.0,,45.977,6.388,Nuit sans éclairage public,Hors agglomération,Hors intersection,Normale,Autre collision,,,,,,,,,,,3,1,1,1,6
200500000948,0005-01-15 18:45:00,5,1,15,18,45,740,110.0,,45.962,6.387,Nuit sans éclairage public,Hors agglomération,Hors intersection,Pluie légère,Autre collision,,,,,,,,,,,3,1,1,2,6
200500000949,0005-01-26 16:15:00,5,1,26,16,15,740,42.0,avenue de Genève,,,Plein jour,En agglomération,Hors intersection,Autre,Deux véhicules - frontale,,,,,,,,,,,1,2,1,9,1
200500000950,0005-01-18 09:15:00,5,1,18,9,15,740,56.0,ROUTE DES GAILLANDS,,,Nuit avec éclairage allumé,En agglomération,Hors intersection,Normale,Sans collision,,,,,,,,,,,5,2,1,1,7
200500000951,0005-01-04 17:30:00,5,1,4,17,30,740,83.0,,45.907,6.638,Crépuscule ou aube,Hors agglomération,Hors intersection,Normale,Autre collision,,,,,,,,,,,2,1,1,1,6
200500000952,0005-01-13 15:45:00,5,1,13,15,45,740,173.0,RN 212,,,Plein jour,En agglomération,Hors intersection,Normale,Deux véhicules - frontale,,,,,,,,,,,1,2,1,1,1
200500000953,0005-01-18 12:00:00,5,1,18,12,0,740,236.0,201 AVENUE MONT ARBOIS,,,Plein jour,En agglomération,Hors intersection,Pluie légère,Deux véhicules - frontale,,,,,,,,,,,1,2,1,2,1
200500000954,0005-01-26 17:15:00,5,1,26,17,15,740,83.0,,45.905,6.65,Plein jour,Hors agglomération,Hors intersection,Normale,Deux véhicules - frontale,,,,,,,,,,,1,1,1,1,1
200500000955,0005-01-18 10:45:00,5,1,18,10,45,740,116.0,,46.048,6.254,Plein jour,Hors agglomération,Hors intersection,Temps couvert,Deux véhicules - frontale,,,,,,,,,,,1,1,1,8,1
200500000956,0005-01-10 18:30:00,5,1,10,18,30,740,208.0,Avenue Joseph Thoret,,,Nuit sans éclairage public,En agglomération,Hors intersection,Normale,Autre collision,,,,,,,,,,,3,2,1,1,6
200500000957,0005-01-12 07:15:00,5,1,12,7,15,740,103.0,,,,Nuit avec éclairage allumé,Hors agglomération,Hors intersection,Pluie légère,Deux véhicules - côté,,,,,,,,,,,5,1,1,2,3
200500000958,0005-01-18 18:00:00,5,1,18,18,0,740,208.0,,,,Nuit sans éclairage public,Hors agglomération,Hors intersection,Neige / grêle,Sans collision,,,,,,,,,,,3,1,1,4,7
200500000959,0005-01-12 22:15:00,5,1,12,22,15,740,243.0,,46.13,6.06,Nuit sans éclairage public,Hors agglomération,Hors intersection,Pluie légère,Deux véhicules - frontale,,,,,,,,,,,3,1,1,2,1
200500000960,0005-01-13 08:00:00,5,1,13,8,0,740,243.0,,46.13,6.08,Crépuscule ou aube,Hors agglomération,Autre intersection,Brouillard / fumée,Deux véhicules - côté,,,,,,,,,,,2,1,9,5,3
200500000961,0005-01-08 17:30:00,5,1,8,17,30,740,128.0,,,,Nuit sans éclairage public,Hors agglomération,Hors intersection,Normale,Trois véhicules et plus - collisions multiples,,,,,,,,,,,3,1,1,1,5
200500000962,0005-01-25 11:15:00,5,1,25,11,15,740,40.0,AVENUE DU FER A CHEVAL,,,Plein jour,En agglomération,Hors intersection,Normale,Deux véhicules - arrière,,,,,,,,,,,1,2,1,1,2
200500000963,0005-01-06 19:30:00,5,1,6,19,30,740,228.0,,,,Nuit sans éclairage public,Hors agglomération,Hors intersection,Normale,Deux véhicules - côté,,,,,,,,,,,3,1,1,1,3
200500000964,0005-01-24 17:15:00,5,1,24,17,15,740,309.0,Route de FRANGY,,,Plein jour,En agglomération,Hors intersection,Neige / grêle,Deux véhicules - frontale,,,,,,,,,,,1,2,1,4,1
200500000965,0005-01-26 10:45:00,5,1,26,10,45,740,309.0,,46.118,6.012,Plein jour,Hors agglomération,Hors intersection,Neige / grêle,Deux véhicules - côté,,,,,,,,,,,1,1,1,4,3
200500000966,0005-01-11 12:00:00,5,1,11,12,0,740,109.0,,46.099,5.833,Plein jour,Hors agglomération,Hors intersection,Normale,Deux véhicules - arrière,,,,,,,,,,,1,1,1,1,2
200500000967,0005-01-18 19:00:00,5,1,18,19,0,740,178.0,,,,Nuit sans éclairage public,Hors agglomération,Hors intersection,Neige / grêle,Deux véhicules - côté,,,,,,,,,,,3,1,1,4,3
200500000968,0005-01-27 20:00:00,5,1,27,20,0,740,75.0,Lieu-Dit La Cry,46.0,5.937,Nuit avec éclairage allumé,En agglomération,Hors intersection,Normale,Deux véhicules - frontale,,,,,,,,,,,5,2,1,1,1
200500000969,0005-01-05 00:45:00,5,1,5,0,45,740,48.0,,46.277,6.396,Nuit sans éclairage public,Hors agglomération,Hors intersection,Normale,Autre collision,,,,,,,,,,,3,1,1,1,6
200500000970,0005-01-24 19:00:00,5,1,24,19,0,740,263.0,,46.331,6.359,Nuit avec éclairage allumé,Hors agglomération,Hors intersection,Autre,Sans collision,,,,,,,,,,,5,1,1,9,7
200500000971,0005-01-04 13:00:00,5,1,4,13,0,740,1.0,,46.295,6.756,Plein jour,Hors agglomération,Hors intersection,Temps éblouissant,Deux véhicules - frontale,,,,,,,,,,,1,1,1,7,1
200500000972,0005-01-06 06:15:00,5,1,6,6,15,740,146.0,,46.381,6.571,Nuit sans éclairage public,Hors agglomération,Hors intersection,Neige / grêle,Autre collision,,,,,,,,,,,3,1,1,4,6
200500000973,0005-01-03 12:45:00,5,1,3,12,45,630,453.0,,45.788,3.306,Plein jour,Hors agglomération,Hors intersection,Normale,Deux véhicules - frontale,,,,,,,,,,,1,1,1,1,1
200500000974,0005-01-14 19:45:00,5,1,14,19,45,630,40.0,,45.724,3.308,Nuit sans éclairage public,Hors agglomération,Hors intersection,Normale,Trois véhicules et plus - en chaîne,,,,,,,,,,,3,1,1,1,4
200500000975,0005-01-15 14:30:00,5,1,15,14,30,630,40.0,,45.739,3.337,Plein jour,Hors agglomération,Hors intersection,Normale,Deux véhicules - frontale,,,,,,,,,,,1,1,1,1,1
200500000976,0005-01-15 20:45:00,5,1,15,20,45,630,273.0,,,,Nuit avec éclairage allumé,En agglomération,Hors intersection,Normale,Deux véhicules - côté,,,,,,,,,,,5,2,1,1,3
200500000977,0005-01-15 18:45:00,5,1,15,18,45,630,154.0,,,,Nuit sans éclairage public,En agglomération,Hors intersection,Normale,Deux véhicules - frontale,,,,,,,,,,,3,2,1,1,1
200500000978,0005-01-26 07:30:00,5,1,26,7,30,630,453.0,,45.782,3.292,Plein jour,Hors agglomération,Hors intersection,Neige / grêle,Trois véhicules et plus - collisions multiples,,,,,,,,,,,1,1,1,4,5
200500000979,0005-01-26 20:00:00,5,1,26,20,0,630,106.0,,45.756,3.281,Nuit avec éclairage allumé,En agglomération,Hors intersection,Normale,Autre collision,,,,,,,,,,,5,2,1,1,6
200500000980,0005-01-06 14:30:00,5,1,6,14,30,630,75.0,,,,Plein jour,Hors agglomération,Hors intersection,Normale,Trois véhicules et plus - collisions multiples,,,,,,,,,,,1,1,1,1,5
200500000981,0005-01-14 07:15:00,5,1,14,7,15,630,214.0,RUE DE LA GARENNE,45.695,3.2,Crépuscule ou aube,En agglomération,Hors intersection,Autre,Autre collision,,,,,,,,,,,2,2,1,9,6
200500000982,0005-01-01 11:30:00,5,1,1,11,30,630,79.0,,45.454,3.444,Plein jour,Hors agglomération,Hors intersection,Normale,Autre collision,,,,,,,,,,,1,1,1,1,6
200500000983,0005-01-09 11:15:00,5,1,9,11,15,630,423.0,,45.598,3.395,Plein jour,Hors agglomération,Hors intersection,Normale,Sans collision,,,,,,,,,,,1,1,1,1,7
200500000984,0005-01-09 18:00:00,5,1,9,18,0,630,270.0,,,,Nuit sans éclairage public,Hors agglomération,Hors intersection,Normale,Deux véhicules - frontale,,,,,,,,,,,3,1,1,1,1
200500000985,0005-01-15 11:00:00,5,1,15,11,0,630,22.0,RUE GERMINAL,45.449,3.314,Plein jour,En agglomération,Autre intersection,Normale,Deux véhicules - frontale,,,,,,,,,,,1,2,9,1,1
200500000986,0005-01-15 18:00:00,5,1,15,18,0,630,31.0,,,,Nuit sans éclairage public,Hors agglomération,Hors intersection,Normale,Deux véhicules - côté,,,,,,,,,,,3,1,1,1,3
200500000987,0005-01-19 05:15:00,5,1,19,5,15,630,203.0,,,,Nuit sans éclairage public,Hors agglomération,Hors intersection,Neige / grêle,Autre collision,,,,,,,,,,,3,1,1,4,6
200500000988,0005-01-01 18:00:00,5,1,1,18,0,630,332.0,35 ROUTE DU PUY DE DOME,46.0,3.29,Nuit avec éclairage allumé,En agglomération,Hors intersection,Normale,Autre collision,,,,,,,,,,,5,2,1,1,6
200500000989,0005-01-11 15:00:00,5,1,11,15,0,630,240.0,,46.041,3.211,Plein jour,Hors agglomération,Hors intersection,Normale,Deux véhicules - arrière,,,,,,,,,,,1,1,1,1,2
200500000990,0005-01-18 17:30:00,5,1,18,17,30,630,233.0,LIEUDIT LES GRANGES,,,Nuit avec éclairage allumé,En agglomération,Hors intersection,Pluie légère,Autre collision,,,,,,,,,,,5,2,1,2,6
200500000991,0005-01-25 16:15:00,5,1,25,16,15,630,428.0,,46.108,2.825,Plein jour,Hors agglomération,Hors intersection,Neige / grêle,Deux véhicules - côté,,,,,,,,,,,1,1,1,4,3
200500000992,0005-01-09 21:30:00,5,1,9,21,30,630,281.0,,,,Nuit sans éclairage public,Hors agglomération,Hors intersection,Normale,Autre collision,,,,,,,,,,,3,1,1,1,6
200500000993,0005-01-12 19:15:00,5,1,12,19,15,630,430.0,Avenue Leo Lagrange,45.848,3.52,Nuit avec éclairage allumé,En agglomération,Hors intersection,Pluie légère,Autre collision,,,,,,,,,,,5,2,1,2,6
200500000994,0005-01-21 15:15:00,5,1,21,15,15,630,430.0,RUE PASTEUR,,,Plein jour,En agglomération,Hors intersection,Pluie légère,Autre collision,,,,,,,,,,,1,2,1,2,6
200500000995,0005-01-10 09:45:00,5,1,10,9,45,630,125.0,PLACE DE LA LIBERATION,45.761,3.536,Plein jour,En agglomération,Hors intersection,Normale,Autre collision,,,,,,,,,,,1,2,1,1,6
200500000996,0005-01-12 16:00:00,5,1,12,16,0,630,418.0,,45.781,3.496,Plein jour,Hors agglomération,Hors intersection,Temps couvert,Sans collision,,,,,,,,,,,1,1,1,8,7
200500000997,0005-01-22 18:45:00,5,1,22,18,45,630,291.0,,45.992,3.488,Nuit sans éclairage public,Hors agglomération,Hors intersection,Pluie légère,Deux véhicules - côté,,,,,,,,,,,3,1,1,2,3
200500000998,0005-01-26 08:00:00,5,1,26,8,0,630,210.0,,45.885,3.315,Plein jour,Hors agglomération,Hors intersection,Neige / grêle,Deux véhicules - côté,,,,,,,,,,,1,1,1,4,3
200500000999,0005-01-04 08:00:00,5,1,4,8,0,30,204.0,,,,Plein jour,Hors agglomération,Hors intersection,Normale,Autre collision,,,,,,,,,,,1,1,1,1,6
200500001000,0005-01-08 09:45:00,5,1,8,9,45,30,254.0,RUE DE LA RONDE,,,Plein jour,En agglomération,Hors intersection,Normale,Autre collision,,,,,,,,,,,1,2,1,1,6
200500001001,0005-01-07 12:00:00,5,1,7,12,0,30,254.0,Boulevard Ledru Rollin,46.313,3.292,Plein jour,En agglomération,Hors intersection,Normale,Deux véhicules - côté,,,,,,,,,,,1,2,1,1,3
200500001002,0005-01-10 12:45:00,5,1,10,12,45,30,62.0,,46.193,3.186,Plein jour,Hors agglomération,Hors intersection,Normale,Deux véhicules - frontale,,,,,,,,,,,1,1,1,1,1
200500001003,0005-01-12 08:15:00,5,1,12,8,15,30,48.0,avenue du 11 novembre,,,Plein jour,En agglomération,Hors intersection,Normale,Deux véhicules - arrière,,,,,,,,,,,1,2,1,1,2
200500001004,0005-01-31 12:00:00,5,1,31,12,0,30,221.0,,,,Plein jour,Hors agglomération,Hors intersection,Brouillard / fumée,Autre collision,,,,,,,,,,,1,1,1,5,6
200500001005,0005-01-22 18:45:00,5,1,22,18,45,30,82.0,9 /11 rue D. Paul Fabre,46.293,2.752,Nuit avec éclairage allumé,En agglomération,Hors intersection,Normale,Autre collision,,,,,,,,,,,5,2,1,1,6
200500001006,0005-01-26 13:45:00,5,1,26,13,45,30,82.0,,46.341,2.68,Plein jour,Hors agglomération,Hors intersection,Vent fort / tempête,Sans collision,,,,,,,,,,,1,1,1,6,7
200500001007,0005-01-25 09:30:00,5,1,25,9,30,30,43.0,,46.19,3.258,Plein jour,Hors agglomération,Hors intersection,Normale,Autre collision,,,,,,,,,,,1,1,1,1,6
200500001008,0005-01-23 02:15:00,5,1,23,2,15,30,34.0,,46.325,3.521,Nuit sans éclairage public,Hors agglomération,Hors intersection,Pluie légère,Autre collision,,,,,,,,,,,3,1,1,2,6
200500001009,0005-01-22 09:00:00,5,1,22,9,0,150,90.0,,44.78,2.45,Plein jour,Hors agglomération,Hors intersection,Temps couvert,Sans collision,,,,,,,,,,,1,1,1,8,7
200500001010,0005-01-18 16:30:00,5,1,18,16,30,150,41.0,,45.105,2.895,Plein jour,Hors agglomération,Hors intersection,Neige / grêle,Sans collision,,,,,,,,,,,1,1,1,4,7
200500001011,0005-01-06 17:45:00,5,1,6,17,45,430,234.0,avenue du gévaudan,44.967,3.544,Plein jour,En agglomération,Autre intersection,Temps couvert,Autre collision,,,,,,,,,,,1,2,9,8,6
200500001012,0005-01-15 10:00:00,5,1,15,10,0,430,221.0,,44.999,3.681,Plein jour,Hors agglomération,Hors intersection,Normale,Autre collision,,,,,,,,,,,1,1,1,1,6
200500001013,0005-01-09 15:30:00,5,1,9,15,30,430,196.0,,45.372,3.788,Plein jour,Hors agglomération,Hors intersection,Normale,Autre collision,,,,,,,,,,,1,1,1,1,6
200500001014,0005-01-14 10:00:00,5,1,14,10,0,430,216.0,,,,Plein jour,Hors agglomération,Hors intersection,Temps couvert,Deux véhicules - frontale,,,,,,,,,,,1,1,1,8,1
200500001015,0005-01-10 20:15:00,5,1,10,20,15,430,40.0,AVENUE VICTOR HUGO,,,Nuit avec éclairage allumé,En agglomération,Hors intersection,Normale,Deux véhicules - frontale,,,,,,,,,,,5,2,1,1,1
200500001016,0005-01-12 10:30:00,5,1,12,10,30,430,110.0,,45.315,3.421,Plein jour,En agglomération,Hors intersection,Normale,Autre collision,,,,,,,,,,,1,2,1,1,6
200500001017,0005-01-13 13:45:00,5,1,13,13,45,430,132.0,,,,Plein jour,Hors agglomération,Hors intersection,Normale,Autre collision,,,,,,,,,,,1,1,1,1,6
200500001018,0005-01-13 12:00:00,5,1,13,12,0,430,38.0,Bard,45.34,3.336,Plein jour,En agglomération,Hors intersection,Normale,Deux véhicules - frontale,,,,,,,,,,,1,2,1,1,1
200500001019,0005-01-08 12:30:00,5,1,8,12,30,430,162.0,AVENUE DE LA GARE,45.205,4.038,Plein jour,En agglomération,Intersection en T,Temps éblouissant,Deux véhicules - côté,,,,,,,,,,,1,2,3,7,3
200500001020,0005-01-17 17:30:00,5,1,17,17,30,430,268.0,LA ROCADE,45.147,4.118,Plein jour,En agglomération,Hors intersection,Normale,Autre collision,,,,,,,,,,,1,2,1,1,6
200500001021,0005-01-02 12:15:00,5,1,2,12,15,430,20.0,,,,Plein jour,Hors agglomération,Hors intersection,Pluie légère,Autre collision,,,,,,,,,,,1,1,1,2,6
200500001022,0005-01-23 16:00:00,5,1,23,16,0,430,211.0,254 Rue Marcel Crépon,,,Plein jour,En agglomération,Hors intersection,Neige / grêle,Autre collision,,,,,,,,,,,1,2,1,4,6
200500001023,0005-01-07 07:30:00,5,1,7,7,30,430,177.0,,45.371,4.265,Crépuscule ou aube,Hors agglomération,Hors intersection,Normale,Deux véhicules - arrière,,,,,,,,,,,2,1,1,1,2
200500001024,0005-01-14 08:45:00,5,1,14,8,45,430,213.0,,45.263,4.281,Plein jour,Hors agglomération,Hors intersection,Normale,Deux véhicules - côté,,,,,,,,,,,1,1,1,1,3
200500001025,0005-01-14 16:45:00,5,1,14,16,45,430,177.0,,45.321,4.297,Plein jour,Hors agglomération,Hors intersection,Normale,Deux véhicules - côté,,,,,,,,,,,1,1,1,1,3
200500001026,0005-01-13 09:00:00,5,1,13,9,0,570,634.0,,,,Plein jour,Hors agglomération,Hors intersection,Normale,Sans collision,,,,,,,,,,,1,1,1,1,7
200500001027,0005-01-14 16:45:00,5,1,14,16,45,570,707.0,,,,Crépuscule ou aube,Hors agglomération,Intersection en X,Normale,Deux véhicules - côté,,,,,,,,,,,2,1,2,1,3
200500001028,0005-01-25 08:00:00,5,1,25,8,0,570,17.0,,,,Plein jour,Hors agglomération,Hors intersection,Brouillard / fumée,Deux véhicules - côté,,,,,,,,,,,1,1,1,5,3
200500001029,0005-01-27 11:15:00,5,1,27,11,15,570,17.0,,,,Plein jour,Hors agglomération,Hors intersection,Normale,Autre collision,,,,,,,,,,,1,1,1,1,6
200500001030,0005-01-29 17:45:00,5,1,29,17,45,570,634.0,,49.163,6.108,Crépuscule ou aube,Hors agglomération,Hors intersection,Autre,Trois véhicules et plus - collisions multiples,,,,,,,,,,,2,1,1,9,5
200500001031,0005-01-01 17:45:00,5,1,1,17,45,570,184.0,,,,Nuit sans éclairage public,Hors agglomération,Hors intersection,Normale,Autre collision,,,,,,,,,,,3,1,1,1,6
200500001032,0005-01-30 16:15:00,5,1,30,16,15,570,433.0,,,,Plein jour,Hors agglomération,Hors intersection,Pluie légère,Autre collision,,,,,,,,,,,1,1,1,2,6
200500001033,0005-01-21 09:15:00,5,1,21,9,15,570,715.0,CD 910,,,Plein jour,En agglomération,Autre intersection,Normale,Deux véhicules - côté,,,,,,,,,,,1,2,9,1,3
200500001034,0005-01-24 08:15:00,5,1,24,8,15,570,137.0,,,,Plein jour,Hors agglomération,Hors intersection,Normale,Deux véhicules - côté,,,,,,,,,,,1,1,1,1,3
200500001035,0005-01-19 18:15:00,5,1,19,18,15,570,288.0,RUE DE DIESEN,49.182,6.648,Plein jour,En agglomération,Hors intersection,Temps éblouissant,Deux véhicules - frontale,,,,,,,,,,,1,2,1,7,1
200500001036,0005-01-21 17:45:00,5,1,21,17,45,570,160.0,43 RUE DE LA HOUVE,49.213,6.696,Nuit avec éclairage allumé,En agglomération,Hors intersection,Normale,Autre collision,,,,,,,,,,,5,2,1,1,6
200500001037,0005-01-06 12:30:00,5,1,6,12,30,570,413.0,Av du Général de Gaulle,,,Plein jour,En agglomération,Hors intersection,Normale,Autre collision,,,,,,,,,,,1,2,1,1,6
200500001038,0005-01-16 15:15:00,5,1,16,15,15,570,762.0,,49.122,6.572,Plein jour,Hors agglomération,Hors intersection,Normale,Autre collision,,,,,,,,,,,1,1,1,1,6
200500001039,0005-01-26 19:30:00,5,1,26,19,30,570,413.0,,49.117,6.62,Nuit sans éclairage public,Hors agglomération,Hors intersection,Normale,Trois véhicules et plus - collisions multiples,,,,,,,,,,,3,1,1,1,5
200500001040,0005-01-02 18:00:00,5,1,2,18,0,570,486.0,,48.948,6.43,Nuit sans éclairage public,Hors agglomération,Hors intersection,Normale,Autre collision,,,,,,,,,,,3,1,1,1,6
200500001041,0005-01-03 08:15:00,5,1,3,8,15,570,132.0,,48.828,6.52,Crépuscule ou aube,Hors agglomération,Hors intersection,Temps couvert,Autre collision,,,,,,,,,,,2,1,1,8,6
200500001042,0005-01-21 18:15:00,5,1,21,18,15,570,177.0,ROUTE DE LINDRE HAUTE,48.817,6.723,Nuit avec éclairage allumé,En agglomération,Hors intersection,Normale,Autre collision,,,,,,,,,,,5,2,1,1,6
200500001043,0005-01-28 19:15:00,5,1,28,19,15,570,181.0,rue principale,48.865,6.823,Nuit avec éclairage allumé,En agglomération,Hors intersection,Autre,Deux véhicules - côté,,,,,,,,,,,5,2,1,9,3
200500001044,0005-01-29 13:30:00,5,1,29,13,30,570,11.0,,48.947,6.868,Plein jour,Hors agglomération,Hors intersection,Normale,Deux véhicules - côté,,,,,,,,,,,1,1,1,1,3
200500001045,0005-01-04 16:45:00,5,1,4,16,45,570,428.0,22 rue de strasboug,,,Crépuscule ou aube,En agglomération,Hors intersection,Temps couvert,Deux véhicules - côté,,,,,,,,,,,2,2,1,8,3
200500001046,0005-01-28 15:15:00,5,1,28,15,15,570,690.0,rond-point du casino,,,Plein jour,En agglomération,Giratoire,Temps couvert,Autre collision,,,,,,,,,,,1,2,6,8,6
200500001047,0005-01-31 18:30:00,5,1,31,18,30,570,428.0,,,,Nuit sans éclairage public,Hors agglomération,Hors intersection,Pluie légère,Deux véhicules - frontale,,,,,,,,,,,3,1,1,2,1
200500001048,0005-01-17 13:00:00,5,1,17,13,0,570,505.0,,,,Plein jour,Hors agglomération,Hors intersection,Normale,Deux véhicules - côté,,,,,,,,,,,1,1,1,1,3
200500001049,0005-01-19 07:30:00,5,1,19,7,30,570,629.0,,,,Crépuscule ou aube,Hors agglomération,Hors intersection,Normale,Deux véhicules - arrière,,,,,,,,,,,2,1,1,1,2
200500001050,0005-01-23 06:00:00,5,1,23,6,0,570,748.0,,,,Nuit avec éclairage allumé,Hors agglomération,Hors intersection,Normale,Autre collision,,,,,,,,,,,5,1,1,1,6
200500001051,0005-01-17 11:15:00,5,1,17,11,15,570,206.0,,49.316,6.105,Plein jour,Hors agglomération,Hors intersection,Brouillard / fumée,Deux véhicules - côté,,,,,,,,,,,1,1,1,5,3
200500001052,0005-01-29 13:30:00,5,1,29,13,30,570,733.0,,,,Plein jour,Hors agglomération,Intersection en T,Normale,Trois véhicules et plus - en chaîne,,,,,,,,,,,1,1,3,1,4
200500001053,0005-01-03 20:30:00,5,1,3,20,30,570,152.0,,49.465,6.352,Nuit sans éclairage public,Hors agglomération,Hors intersection,Pluie légère,Autre collision,,,,,,,,,,,3,1,1,2,6
200500001054,0005-01-07 17:15:00,5,1,7,17,15,540,113.0,,,,Nuit sans éclairage public,Hors agglomération,Hors intersection,Pluie légère,Deux véhicules - frontale,,,,,,,,,,,3,1,1,2,1
200500001055,0005-01-28 22:15:00,5,1,28,22,15,540,374.0,,,,Nuit sans éclairage public,Hors agglomération,Hors intersection,Normale,Autre collision,,,,,,,,,,,3,1,1,1,6
200500001056,0005-01-02 18:45:00,5,1,2,18,45,540,24.0,Chemin de Sivry Fontaine,,,Nuit avec éclairage allumé,En agglomération,Hors intersection,Normale,Autre collision,,,,,,,,,,,5,2,1,1,6
200500001057,0005-01-05 12:00:00,5,1,5,12,0,540,312.0,,,,Plein jour,Hors agglomération,Hors intersection,Pluie légère,Deux véhicules - côté,,,,,,,,,,,1,1,1,2,3
200500001058,0005-01-24 09:15:00,5,1,24,9,15,540,31.0,,,,Plein jour,Hors agglomération,Hors intersection,Normale,Autre collision,,,,,,,,,,,1,1,1,1,6
200500001059,0005-01-28 19:45:00,5,1,28,19,45,540,400.0,,48.909,6.225,Nuit sans éclairage public,Hors agglomération,Hors intersection,Temps couvert,Autre collision,,,,,,,,,,,3,1,1,8,6
200500001060,0005-01-17 14:30:00,5,1,17,14,30,540,115.0,RUE DE NANCY RN57,,,Plein jour,En agglomération,Hors intersection,Normale,Autre collision,,,,,,,,,,,1,2,1,1,6
200500001061,0005-01-19 07:45:00,5,1,19,7,45,540,430.0,,,,Crépuscule ou aube,Hors agglomération,Hors intersection,Temps couvert,Autre collision,,,,,,,,,,,2,1,1,8,6