accident_id,datetime,annee,mois,jour,heure,minute,departement,commune_insee,adresse,latitude,longitude,luminosite,agglomeration,intersection,meteo,collision,nb_vehicules,nb_usagers,nb_indemnes,nb_tues,nb_blesses_hosp,nb_blesses_legers,age_cond_1,age_cond_2,veh_type_cond_1,veh_type_cond_2,lum_code,agg_code,int_code,atm_code,col_code
200500001062,0005-01-20 20:15:00,5,1,20,20,15,540,215.0,,,,Nuit avec éclairage allumé,En agglomération,Hors intersection,Pluie légère,Deux véhicules - côté,,,,,,,,,,,5,2,1,2,3
200500001063,0005-01-14 10:00:00,5,1,14,10,0,540,352.0,,,,Plein jour,Hors agglomération,Hors intersection,Normale,Deux véhicules - frontale,,,,,,,,,,,1,1,1,1,1
200500001064,0005-01-19 22:00:00,5,1,19,22,0,540,200.0,,,,Nuit sans éclairage public,Hors agglomération,Hors intersection,Pluie légère,Autre collision,,,,,,,,,,,3,1,1,2,6
200500001065,0005-01-03 07:15:00,5,1,3,7,15,540,462.0,,,,Crépuscule ou aube,Hors agglomération,Autre intersection,Autre,Deux véhicules - frontale,,,,,,,,,,,2,1,9,9,1
200500001066,0005-01-20 11:15:00,5,1,20,11,15,540,345.0,,,,Plein jour,Hors agglomération,Intersection en X,Pluie légère,Deux véhicules - côté,,,,,,,,,,,1,1,2,2,3
200500001067,0005-01-02 16:00:00,5,1,2,16,0,540,224.0,,,,Plein jour,Hors agglomération,Hors intersection,Normale,Autre collision,,,,,,,,,,,1,1,1,1,6
200500001068,0005-01-08 12:30:00,5,1,8,12,30,540,224.0,,,,Plein jour,Hors agglomération,Hors intersection,Normale,Autre collision,,,,,,,,,,,1,1,1,1,6
200500001069,0005-01-30 15:15:00,5,1,30,15,15,540,563.0,9 rue Joseph MACHARD,,,Nuit avec éclairage allumé,En agglomération,Hors intersection,Normale,Autre collision,,,,,,,,,,,5,2,1,1,6
200500001070,0005-01-27 17:45:00,5,1,27,17,45,540,249.0,,49.097,5.84,Nuit sans éclairage public,Hors agglomération,Hors intersection,Neige / grêle,Deux véhicules - frontale,,,,,,,,,,,3,1,1,4,1
200500001071,0005-01-16 01:30:00,5,1,16,1,30,540,476.0,,49.462,5.483,Nuit sans éclairage public,Hors agglomération,Hors intersection,Autre,Sans collision,,,,,,,,,,,3,1,1,9,7
200500001072,0005-01-30 01:15:00,5,1,30,1,15,540,322.0,,,,Nuit sans éclairage public,Hors agglomération,Hors intersection,Pluie légère,Deux véhicules - frontale,,,,,,,,,,,3,1,1,2,1
200500001073,0005-01-13 15:15:00,5,1,13,15,15,540,334.0,,,,Plein jour,Hors agglomération,Hors intersection,Normale,Sans collision,,,,,,,,,,,1,1,1,1,7
200500001074,0005-01-25 07:45:00,5,1,25,7,45,540,29.0,RUE BATIGNANI,,,Nuit avec éclairage allumé,En agglomération,Hors intersection,Normale,Autre collision,,,,,,,,,,,5,2,1,1,6
200500001075,0005-01-03 07:45:00,5,1,3,7,45,540,152.0,rue de la gare RD 1d,48.565,6.396,Crépuscule ou aube,En agglomération,Autre intersection,Autre,Autre collision,,,,,,,,,,,2,2,9,9,6
200500001076,0005-01-29 11:30:00,5,1,29,11,30,540,129.0,avenue J.B. MAZERAND,,,Plein jour,En agglomération,Hors intersection,Normale,Autre collision,,,,,,,,,,,1,2,1,1,6
200500001077,0005-01-01 22:15:00,5,1,1,22,15,540,39.0,rue de Ménil,,,Nuit avec éclairage allumé,En agglomération,Hors intersection,Pluie légère,Deux véhicules - frontale,,,,,,,,,,,5,2,1,2,1
200500001078,0005-01-18 07:15:00,5,1,18,7,15,540,39.0,rue des Cristalleries,,,Crépuscule ou aube,En agglomération,Hors intersection,Pluie forte,Autre collision,,,,,,,,,,,2,2,1,3,6
200500001079,0005-01-13 07:30:00,5,1,13,7,30,540,73.0,,48.651,5.898,Plein jour,Hors agglomération,Hors intersection,Autre,Trois véhicules et plus - collisions multiples,,,,,,,,,,,1,1,1,9,5
200500001080,0005-01-13 08:30:00,5,1,13,8,30,540,105.0,,,,Plein jour,Hors agglomération,Hors intersection,Autre,Autre collision,,,,,,,,,,,1,1,1,9,6
200500001081,0005-01-15 08:00:00,5,1,15,8,0,540,523.0,,48.58,5.97,Crépuscule ou aube,Hors agglomération,Hors intersection,Temps couvert,Sans collision,,,,,,,,,,,2,1,1,8,7
200500001082,0005-01-18 21:00:00,5,1,18,21,0,540,143.0,,,,Nuit sans éclairage public,Hors agglomération,Hors intersection,Neige / grêle,Autre collision,,,,,,,,,,,3,1,1,4,6
200500001083,0005-01-19 19:45:00,5,1,19,19,45,540,105.0,,,,Nuit sans éclairage public,Hors agglomération,Hors intersection,Pluie légère,Autre collision,,,,,,,,,,,3,1,1,2,6
200500001084,0005-01-21 02:00:00,5,1,21,2,0,540,46.0,,48.53,5.86,Nuit sans éclairage public,Hors agglomération,Hors intersection,Vent fort / tempête,Autre collision,,,,,,,,,,,3,1,1,6,6
200500001085,0005-01-22 01:30:00,5,1,22,1,30,540,10.0,,,,Nuit sans éclairage public,Hors agglomération,Hors intersection,Normale,Deux véhicules - frontale,,,,,,,,,,,3,1,1,1,1
200500001086,0005-01-25 06:15:00,5,1,25,6,15,540,128.0,RUE DU VAL DE PASSEY,,,Nuit avec éclairage allumé,En agglomération,Hors intersection,Normale,Autre collision,,,,,,,,,,,5,2,1,1,6
200500001087,0005-01-15 19:00:00,5,1,15,19,0,540,208.0,,48.749,5.948,Nuit sans éclairage public,Hors agglomération,Intersection en X,Normale,Deux véhicules - côté,,,,,,,,,,,3,1,2,1,3
200500001088,0005-01-24 20:15:00,5,1,24,20,15,540,346.0,,48.792,5.93,Nuit sans éclairage public,Hors agglomération,Hors intersection,Autre,Autre collision,,,,,,,,,,,3,1,1,9,6
200500001089,0005-01-13 16:30:00,5,1,13,16,30,550,291.0,rue Général de Gaulle,,,Plein jour,En agglomération,Giratoire,Normale,Deux véhicules - côté,,,,,,,,,,,1,2,6,1,3
200500001090,0005-01-06 18:15:00,5,1,6,18,15,550,551.0,RUE RAYMOND POINCARE,,,Nuit avec éclairage allumé,En agglomération,Hors intersection,Normale,Trois véhicules et plus - collisions multiples,,,,,,,,,,,5,2,1,1,5
200500001091,0005-01-14 22:15:00,5,1,14,22,15,550,59.0,,,,Nuit sans éclairage public,Hors agglomération,Hors intersection,Normale,Autre collision,,,,,,,,,,,3,1,1,1,6
200500001092,0005-01-07 20:45:00,5,1,7,20,45,550,473.0,,,,Nuit sans éclairage public,Hors agglomération,Hors intersection,Normale,Autre collision,,,,,,,,,,,3,1,1,1,6
200500001093,0005-01-14 20:15:00,5,1,14,20,15,550,578.0,,,,Nuit avec éclairage allumé,Hors agglomération,Hors intersection,Brouillard / fumée,Autre collision,,,,,,,,,,,5,1,1,5,6
200500001094,0005-01-20 14:15:00,5,1,20,14,15,550,361.0,,,,Plein jour,Hors agglomération,Hors intersection,Pluie légère,Trois véhicules et plus - collisions multiples,,,,,,,,,,,1,1,1,2,5
200500001095,0005-01-07 14:45:00,5,1,7,14,45,880,253.0,ROUTE D'EPINAL,,,Plein jour,En agglomération,Hors intersection,Normale,Deux véhicules - frontale,,,,,,,,,,,1,2,1,1,1
200500001096,0005-01-08 08:15:00,5,1,8,8,15,880,147.0,,48.157,6.285,Plein jour,Hors agglomération,Hors intersection,Autre,Deux véhicules - frontale,,,,,,,,,,,1,1,1,9,1
200500001097,0005-01-07 17:30:00,5,1,7,17,30,880,101.0,CD 159 BIS,,,Nuit avec éclairage allumé,En agglomération,Hors intersection,Normale,Deux véhicules - côté,,,,,,,,,,,5,2,1,1,3
200500001098,0005-01-16 11:15:00,5,1,16,11,15,880,26.0,,,,Plein jour,Hors agglomération,Hors intersection,Normale,Autre collision,,,,,,,,,,,1,1,1,1,6
200500001099,0005-01-01 12:15:00,5,1,1,12,15,880,90.0,,48.362,6.297,Plein jour,Hors agglomération,Hors intersection,Pluie légère,Sans collision,,,,,,,,,,,1,1,1,2,7
200500001100,0005-01-31 09:30:00,5,1,31,9,30,880,80.0,,,,Plein jour,Hors agglomération,Hors intersection,Normale,Autre collision,,,,,,,,,,,1,1,1,1,6
200500001101,0005-01-13 17:45:00,5,1,13,17,45,880,321.0,PREMIERE ARMEE FRANCAISE,48.361,5.701,Crépuscule ou aube,En agglomération,Hors intersection,Temps couvert,Autre collision,,,,,,,,,,,2,2,1,8,6
200500001102,0005-01-20 18:30:00,5,1,20,18,30,880,189.0,,48.325,5.62,Nuit sans éclairage public,Hors agglomération,Hors intersection,Pluie légère,Deux véhicules - frontale,,,,,,,,,,,3,1,1,2,1
200500001103,0005-01-26 18:15:00,5,1,26,18,15,880,270.0,,48.324,5.621,Nuit sans éclairage public,Hors agglomération,Hors intersection,Autre,Trois véhicules et plus - collisions multiples,,,,,,,,,,,3,1,1,9,5
200500001104,0005-01-13 19:00:00,5,1,13,19,0,880,516.0,,48.203,5.951,Nuit avec éclairage allumé,En agglomération,Hors intersection,Normale,Deux véhicules - côté,,,,,,,,,,,5,2,1,1,3
200500001105,0005-01-04 15:45:00,5,1,4,15,45,880,11.0,454 rue du clos Bénicham,48.11,6.53,Plein jour,En agglomération,Hors intersection,Temps éblouissant,Autre collision,,,,,,,,,,,1,2,1,7,6
200500001106,0005-01-22 19:00:00,5,1,22,19,0,880,11.0,,48.13,6.496,Nuit sans éclairage public,Hors agglomération,Hors intersection,Normale,Deux véhicules - côté,,,,,,,,,,,3,1,1,1,3
200500001107,0005-01-05 10:45:00,5,1,5,10,45,880,470.0,,,,Plein jour,Hors agglomération,Hors intersection,Pluie légère,Deux véhicules - côté,,,,,,,,,,,1,1,1,2,3
200500001108,0005-01-11 19:00:00,5,1,11,19,0,880,447.0,,,,Nuit sans éclairage public,Hors agglomération,Hors intersection,Normale,Deux véhicules - frontale,,,,,,,,,,,3,1,1,1,1
200500001109,0005-01-14 17:45:00,5,1,14,17,45,880,181.0,RUE DE ST DIE,48.189,6.989,Nuit avec éclairage allumé,En agglomération,Hors intersection,Normale,Autre collision,,,,,,,,,,,5,2,1,1,6
200500001110,0005-01-29 23:15:00,5,1,29,23,15,880,196.0,,,,Nuit sans éclairage public,Hors agglomération,Hors intersection,Normale,Deux véhicules - côté,,,,,,,,,,,3,1,1,1,3
200500001111,0005-01-13 12:45:00,5,1,13,12,45,880,82.0,,48.477,6.976,Plein jour,Hors agglomération,Hors intersection,Temps couvert,Autre collision,,,,,,,,,,,1,1,1,8,6
200500001112,0005-01-18 15:30:00,5,1,18,15,30,880,82.0,,,,Plein jour,En agglomération,Hors intersection,Pluie légère,Deux véhicules - frontale,,,,,,,,,,,1,2,1,2,1
200500001113,0005-01-24 16:30:00,5,1,24,16,30,880,319.0,rue Paul Elbel,,,Plein jour,En agglomération,Hors intersection,Normale,Autre collision,,,,,,,,,,,1,2,1,1,6
200500001114,0005-01-07 18:00:00,5,1,7,18,0,670,28.0,"Rond-point, CD5",48.37,7.59,Nuit avec éclairage allumé,En agglomération,Giratoire,Normale,Autre collision,,,,,,,,,,,5,2,6,1,6
200500001115,0005-01-25 17:15:00,5,1,25,17,15,670,130.0,Rue du Printemps,48.426,7.659,Crépuscule ou aube,En agglomération,Hors intersection,Temps couvert,Autre collision,,,,,,,,,,,2,2,1,8,6
200500001116,0005-01-04 20:00:00,5,1,4,20,0,670,46.0,,48.752,7.833,Nuit sans éclairage public,Hors agglomération,Hors intersection,Normale,Deux véhicules - côté,,,,,,,,,,,3,1,1,1,3
200500001117,0005-01-04 09:30:00,5,1,4,9,30,670,345.0,RUE DU CIMETIERE,48.786,7.867,Plein jour,En agglomération,Hors intersection,Normale,Deux véhicules - frontale,,,,,,,,,,,1,2,1,1,1
200500001118,0005-01-16 12:45:00,5,1,16,12,45,670,424.0,,,,Plein jour,Hors agglomération,Hors intersection,Autre,Sans collision,,,,,,,,,,,1,1,1,9,7
200500001119,0005-01-12 08:15:00,5,1,12,8,15,670,103.0,,,,Plein jour,Hors agglomération,Hors intersection,Temps couvert,Trois véhicules et plus - collisions multiples,,,,,,,,,,,1,1,1,8,5
200500001120,0005-01-29 21:45:00,5,1,29,21,45,670,222.0,ROUTE DE WEINBOURG,,,Nuit avec éclairage allumé,En agglomération,Hors intersection,Autre,Sans collision,,,,,,,,,,,5,2,1,9,7
200500001121,0005-01-24 06:30:00,5,1,24,6,30,670,328.0,,48.85,7.633,Crépuscule ou aube,Hors agglomération,Hors intersection,Temps couvert,Sans collision,,,,,,,,,,,2,1,1,8,7
200500001122,0005-01-10 12:00:00,5,1,10,12,0,670,437.0,,,,Plein jour,En agglomération,Hors intersection,Temps éblouissant,Autre collision,,,,,,,,,,,1,2,1,7,6
200500001123,0005-01-08 15:45:00,5,1,8,15,45,670,413.0,,48.934,7.352,Plein jour,Hors agglomération,Hors intersection,Normale,Sans collision,,,,,,,,,,,1,1,1,1,7
200500001124,0005-01-08 20:30:00,5,1,8,20,30,670,191.0,,49.009,7.07,Nuit sans éclairage public,Hors agglomération,Hors intersection,Normale,Trois véhicules et plus - collisions multiples,,,,,,,,,,,3,1,1,1,5
200500001125,0005-01-29 14:15:00,5,1,29,14,15,670,9.0,,,,Plein jour,Hors agglomération,Hors intersection,Temps couvert,Deux véhicules - frontale,,,,,,,,,,,1,1,1,8,1
200500001126,0005-01-27 09:30:00,5,1,27,9,30,670,33.0,,,,Plein jour,Hors agglomération,Hors intersection,Normale,Deux véhicules - frontale,,,,,,,,,,,1,1,1,1,1
200500001127,0005-01-16 12:00:00,5,1,16,12,0,670,202.0,,48.758,7.544,Plein jour,Hors agglomération,Hors intersection,Normale,Deux véhicules - arrière,,,,,,,,,,,1,1,1,1,2
200500001128,0005-01-22 12:00:00,5,1,22,12,0,670,202.0,12 rue de Scherlenheim,48.766,7.57,Plein jour,En agglomération,Hors intersection,Normale,Deux véhicules - arrière,,,,,,,,,,,1,2,1,1,2
200500001129,0005-01-04 19:45:00,5,1,4,19,45,670,485.0,,48.619,7.662,Nuit sans éclairage public,Hors agglomération,Hors intersection,Normale,Autre collision,,,,,,,,,,,3,1,1,1,6
200500001130,0005-01-04 16:30:00,5,1,4,16,30,670,529.0,"33, rue Baldung grien",,,Plein jour,En agglomération,Hors intersection,Normale,Autre collision,,,,,,,,,,,1,2,1,1,6
200500001131,0005-01-22 18:00:00,5,1,22,18,0,670,151.0,114 route nationale,48.698,7.887,Nuit avec éclairage allumé,En agglomération,Hors intersection,Normale,Deux véhicules - côté,,,,,,,,,,,5,2,1,1,3
200500001132,0005-01-15 10:30:00,5,1,15,10,30,670,116.0,,48.316,7.514,Plein jour,Hors agglomération,Hors intersection,Neige / grêle,Autre collision,,,,,,,,,,,1,1,1,4,6
200500001133,0005-01-01 00:30:00,5,1,1,0,30,670,486.0,RUE DU TRAMWAY,48.255,7.608,Nuit avec éclairage allumé,En agglomération,Hors intersection,Normale,Autre collision,,,,,,,,,,,5,2,1,1,6
200500001134,0005-01-21 09:00:00,5,1,21,9,0,670,281.0,,48.18,7.553,Plein jour,Hors agglomération,Hors intersection,Normale,Autre collision,,,,,,,,,,,1,1,1,1,6
200500001135,0005-01-24 11:45:00,5,1,24,11,45,670,196.0,,,,Plein jour,Hors agglomération,Hors intersection,Neige / grêle,Sans collision,,,,,,,,,,,1,1,1,4,7
200500001136,0005-01-20 11:00:00,5,1,20,11,0,670,544.0,rue de la pépinière,49.041,7.939,Plein jour,En agglomération,Hors intersection,Normale,Deux véhicules - côté,,,,,,,,,,,1,2,1,1,3
200500001137,0005-01-27 16:15:00,5,1,27,16,15,670,288.0,,48.969,7.861,Nuit sans éclairage public,Hors agglomération,Hors intersection,Normale,Sans collision,,,,,,,,,,,3,1,1,1,7
200500001138,0005-01-15 05:15:00,5,1,15,5,15,670,404.0,,48.901,7.943,Nuit sans éclairage public,Hors agglomération,Hors intersection,Autre,Autre collision,,,,,,,,,,,3,1,1,9,6
200500001139,0005-01-09 00:30:00,5,1,9,0,30,670,132.0,61 rue Principale à ESCH,48.879,7.74,Nuit avec éclairage allumé,En agglomération,Hors intersection,Normale,Sans collision,,,,,,,,,,,5,2,1,1,7
200500001140,0005-01-05 08:45:00,5,1,5,8,45,670,263.0,,,,Plein jour,Hors agglomération,Hors intersection,Temps couvert,Deux véhicules - frontale,,,,,,,,,,,1,1,1,8,1
200500001141,0005-01-18 12:00:00,5,1,18,12,0,670,550.0,RD27/RD28,,,Plein jour,En agglomération,Hors intersection,Normale,Deux véhicules - côté,,,,,,,,,,,1,2,1,1,3
200500001142,0005-01-15 18:00:00,5,1,15,18,0,680,175.0,,,,Nuit sans éclairage public,Hors agglomération,Hors intersection,Autre,Deux véhicules - frontale,,,,,,,,,,,3,1,1,9,1
200500001143,0005-01-29 18:45:00,5,1,29,18,45,680,175.0,,,,Nuit sans éclairage public,Hors agglomération,Hors intersection,Autre,Deux véhicules - frontale,,,,,,,,,,,3,1,1,9,1
200500001144,0005-01-19 03:00:00,5,1,19,3,0,680,368.0,,,,Nuit avec éclairage allumé,Hors agglomération,Hors intersection,Autre,Autre collision,,,,,,,,,,,5,1,1,9,6
200500001145,0005-01-27 06:45:00,5,1,27,6,45,680,117.0,LIEU-DIT MUHLELE,48.046,7.184,Nuit avec éclairage allumé,En agglomération,Hors intersection,Autre,Autre collision,,,,,,,,,,,5,2,1,9,6
200500001146,0005-01-07 15:00:00,5,1,7,15,0,680,310.0,6 rue Vogelgarten,48.139,7.303,Plein jour,En agglomération,Hors intersection,Normale,Deux véhicules - frontale,,,,,,,,,,,1,2,1,1,1
200500001147,0005-01-18 07:00:00,5,1,18,7,0,680,310.0,RUE DU VALLON,48.14,7.303,Crépuscule ou aube,En agglomération,Hors intersection,Pluie légère,Sans collision,,,,,,,,,,,2,2,1,2,7
200500001148,0005-01-19 17:45:00,5,1,19,17,45,680,164.0,,48.139,7.283,Plein jour,En agglomération,Hors intersection,Normale,Deux véhicules - côté,,,,,,,,,,,1,2,1,1,3
200500001149,0005-01-24 08:00:00,5,1,24,8,0,680,269.0,,48.191,7.338,Plein jour,Hors agglomération,Hors intersection,Neige / grêle,Deux véhicules - frontale,,,,,,,,,,,1,1,1,4,1
200500001150,0005-01-01 09:15:00,5,1,1,9,15,680,4.0,,47.632,7.266,Plein jour,Hors agglomération,Hors intersection,Temps couvert,Deux véhicules - côté,,,,,,,,,,,1,1,1,8,3
200500001151,0005-01-10 18:15:00,5,1,10,18,15,680,377.0,,,,Nuit sans éclairage public,Hors agglomération,Hors intersection,Normale,Deux véhicules - frontale,,,,,,,,,,,3,1,1,1,1
200500001152,0005-01-26 18:15:00,5,1,26,18,15,680,124.0,,,,Nuit sans éclairage public,Hors agglomération,Hors intersection,Neige / grêle,Sans collision,,,,,,,,,,,3,1,1,4,7
200500001153,0005-01-11 12:00:00,5,1,11,12,0,680,156.0,,47.91,7.24,Nuit sans éclairage public,En agglomération,Hors intersection,Normale,Deux véhicules - côté,,,,,,,,,,,3,2,1,1,3
200500001154,0005-01-03 08:30:00,5,1,3,8,30,680,82.0,,,,Plein jour,Hors agglomération,Hors intersection,Temps couvert,Sans collision,,,,,,,,,,,1,1,1,8,7
200500001155,0005-01-06 19:00:00,5,1,6,19,0,680,205.0,RUE DE LA GARE,,,Nuit sans éclairage public,En agglomération,Hors intersection,Normale,Deux véhicules - côté,,,,,,,,,,,3,2,1,1,3
200500001156,0005-01-05 19:45:00,5,1,5,19,45,680,287.0,,47.965,7.31,Nuit sans éclairage public,Hors agglomération,Autre intersection,Normale,Deux véhicules - frontale,,,,,,,,,,,3,1,9,1,1
200500001157,0005-01-10 18:00:00,5,1,10,18,0,680,255.0,,,,Nuit sans éclairage public,Hors agglomération,Hors intersection,Normale,Deux véhicules - arrière,,,,,,,,,,,3,1,1,1,2
200500001158,0005-01-31 11:00:00,5,1,31,11,0,680,32.0,,47.843,7.222,Plein jour,Hors agglomération,Hors intersection,Normale,Autre collision,,,,,,,,,,,1,1,1,1,6
200500001159,0005-01-10 18:30:00,5,1,10,18,30,680,154.0,AVENUE DE FRIBOURG,47.783,7.369,Nuit avec éclairage allumé,En agglomération,Hors intersection,Normale,Deux véhicules - côté,,,,,,,,,,,5,2,1,1,3
200500001160,0005-01-31 07:15:00,5,1,31,7,15,680,300.0,,47.791,7.431,Crépuscule ou aube,Hors agglomération,Autre intersection,Normale,Deux véhicules - frontale,,,,,,,,,,,2,1,9,1,1
200500001161,0005-01-21 12:15:00,5,1,21,12,15,680,20.0,,47.819,7.507,Plein jour,En agglomération,Hors intersection,Normale,Deux véhicules - côté,,,,,,,,,,,1,2,1,1,3
200500001162,0005-01-04 14:15:00,5,1,4,14,15,680,286.0,"8, rue de Kembs",47.643,7.52,Plein jour,En agglomération,Hors intersection,Temps couvert,Deux véhicules - côté,,,,,,,,,,,1,2,1,8,3
200500001163,0005-01-18 23:15:00,5,1,18,23,15,680,135.0,,,,Nuit sans éclairage public,Hors agglomération,Hors intersection,Temps couvert,Deux véhicules - frontale,,,,,,,,,,,3,1,1,8,1
200500001164,0005-01-30 10:15:00,5,1,30,10,15,680,135.0,,,,Plein jour,Hors agglomération,Hors intersection,Normale,Autre collision,,,,,,,,,,,1,1,1,1,6
200500001165,0005-01-10 12:15:00,5,1,10,12,15,680,40.0,"21, rue des vosges",47.833,7.081,Plein jour,En agglomération,Hors intersection,Temps éblouissant,Autre collision,,,,,,,,,,,1,2,1,7,6
200500001166,0005-01-19 14:00:00,5,1,19,14,0,680,40.0,"2, rue des vosges",47.833,7.081,Plein jour,En agglomération,Autre intersection,Normale,Deux véhicules - frontale,,,,,,,,,,,1,2,9,1,1
200500001167,0005-01-27 15:00:00,5,1,27,15,0,680,63.0,Faubourg de Belfort,47.809,7.177,Plein jour,En agglomération,Hors intersection,Normale,Deux véhicules - côté,,,,,,,,,,,1,2,1,1,3
200500001168,0005-01-08 15:00:00,5,1,8,15,0,680,89.0,105 Grand rue,47.903,6.982,Plein jour,En agglomération,Hors intersection,Normale,Deux véhicules - côté,,,,,,,,,,,1,2,1,1,3
200500001169,0005-01-16 19:00:00,5,1,16,19,0,680,344.0,,47.892,6.97,Nuit sans éclairage public,Hors agglomération,Hors intersection,Normale,Deux véhicules - frontale,,,,,,,,,,,3,1,1,1,1
200500001170,0005-01-30 17:45:00,5,1,30,17,45,680,344.0,,47.887,6.919,Nuit sans éclairage public,Hors agglomération,Hors intersection,Normale,Deux véhicules - frontale,,,,,,,,,,,3,1,1,1,1
200500001171,0005-01-03 13:00:00,5,1,3,13,0,510,146.0,,48.913,4.273,Plein jour,Hors agglomération,Hors intersection,Temps couvert,Deux véhicules - côté,,,,,,,,,,,1,1,1,8,3
200500001172,0005-01-27 02:00:00,5,1,27,2,0,510,617.0,,49.055,4.304,Nuit sans éclairage public,Hors agglomération,Hors intersection,Normale,Sans collision,,,,,,,,,,,3,1,1,1,7
200500001173,0005-01-01 19:00:00,5,1,1,19,0,510,597.0,,,,Nuit sans éclairage public,Hors agglomération,Hors intersection,Pluie légère,Trois véhicules et plus - collisions multiples,,,,,,,,,,,3,1,1,2,5
200500001174,0005-01-04 15:45:00,5,1,4,15,45,510,24.0,,48.837,3.947,Plein jour,Hors agglomération,Hors intersection,Temps éblouissant,Deux véhicules - arrière,,,,,,,,,,,1,1,1,7,2
200500001175,0005-01-08 14:00:00,5,1,8,14,0,510,268.0,,48.864,4.166,Plein jour,Hors agglomération,Hors intersection,Temps couvert,Autre collision,,,,,,,,,,,1,1,1,8,6
200500001176,0005-01-10 19:15:00,5,1,10,19,15,510,612.0,PLACE DE LA REPUBLIQUE,48.908,4.006,Nuit avec éclairage allumé,En agglomération,Hors intersection,Pluie légère,Deux véhicules - côté,,,,,,,,,,,5,2,1,2,3
200500001177,0005-01-19 13:15:00,5,1,19,13,15,510,612.0,AVENUE GENERAL DE GAULLE,48.904,4.008,Plein jour,En agglomération,Hors intersection,Normale,Autre collision,,,,,,,,,,,1,2,1,1,6
200500001178,0005-01-19 08:30:00,5,1,19,8,30,510,380.0,,48.915,3.555,Plein jour,Hors agglomération,Hors intersection,Pluie légère,Sans collision,,,,,,,,,,,1,1,1,2,7
200500001179,0005-01-05 15:00:00,5,1,5,15,0,510,237.0,,48.733,3.571,Plein jour,Hors agglomération,Hors intersection,Pluie légère,Deux véhicules - arrière,,,,,,,,,,,1,1,1,2,2
200500001180,0005-01-06 10:00:00,5,1,6,10,0,510,360.0,,48.698,3.671,Plein jour,Hors agglomération,Hors intersection,Normale,Deux véhicules - frontale,,,,,,,,,,,1,1,1,1,1
200500001181,0005-01-25 07:30:00,5,1,25,7,30,510,258.0,,48.648,3.574,Plein jour,Hors agglomération,Hors intersection,Normale,Autre collision,,,,,,,,,,,1,1,1,1,6
200500001182,0005-01-09 11:45:00,5,1,9,11,45,510,250.0,FAUBOURG DE REIMS,,,Plein jour,En agglomération,Hors intersection,Normale,Deux véhicules - côté,,,,,,,,,,,1,2,1,1,3
200500001183,0005-01-03 07:30:00,5,1,3,7,30,510,418.0,,,,Crépuscule ou aube,Hors agglomération,Hors intersection,Autre,Deux véhicules - côté,,,,,,,,,,,2,1,1,9,3
200500001184,0005-01-08 06:30:00,5,1,8,6,30,510,425.0,,,,Nuit sans éclairage public,Hors agglomération,Hors intersection,Temps couvert,Deux véhicules - frontale,,,,,,,,,,,3,1,1,8,1
200500001185,0005-01-15 07:45:00,5,1,15,7,45,510,48.0,,49.116,3.865,Crépuscule ou aube,Hors agglomération,Hors intersection,Brouillard / fumée,Deux véhicules - côté,,,,,,,,,,,2,1,1,5,3
200500001186,0005-01-16 19:30:00,5,1,16,19,30,510,72.0,,49.209,3.894,Nuit sans éclairage public,Hors agglomération,Hors intersection,Autre,Deux véhicules - frontale,,,,,,,,,,,3,1,1,9,1
200500001187,0005-01-19 06:30:00,5,1,19,6,30,510,310.0,,,,Nuit sans éclairage public,Hors agglomération,Hors intersection,Autre,Deux véhicules - frontale,,,,,,,,,,,3,1,1,9,1
200500001188,0005-01-29 18:45:00,5,1,29,18,45,510,48.0,,49.134,3.853,Nuit sans éclairage public,Hors agglomération,Hors intersection,Normale,Autre collision,,,,,,,,,,,3,1,1,1,6
200500001189,0005-01-03 08:15:00,5,1,3,8,15,510,52.0,,,,Plein jour,Hors agglomération,Hors intersection,Normale,Autre collision,,,,,,,,,,,1,1,1,1,6
200500001190,0005-01-18 09:30:00,5,1,18,9,30,510,649.0,BOULEVARD LEON BOURGEOIS,48.733,4.593,Plein jour,En agglomération,Hors intersection,Normale,Deux véhicules - côté,,,,,,,,,,,1,2,1,1,3
200500001191,0005-01-19 07:00:00,5,1,19,7,0,510,649.0,RUE ST ABDON,48.734,4.586,Crépuscule ou aube,En agglomération,Hors intersection,Temps couvert,Deux véhicules - arrière,,,,,,,,,,,2,2,1,8,2
200500001192,0005-01-19 15:45:00,5,1,19,15,45,510,507.0,,49.077,4.889,Plein jour,Hors agglomération,Hors intersection,Autre,Autre collision,,,,,,,,,,,1,1,1,9,6
200500001193,0005-01-25 18:15:00,5,1,25,18,15,80,263.0,,49.754,4.772,Nuit sans éclairage public,Hors agglomération,Hors intersection,Pluie légère,Trois véhicules et plus - collisions multiples,,,,,,,,,,,3,1,1,2,5