accident_id,datetime,annee,mois,jour,heure,minute,departement,commune_insee,adresse,latitude,longitude,luminosite,agglomeration,intersection,meteo,collision,nb_vehicules,nb_usagers,nb_indemnes,nb_tues,nb_blesses_hosp,nb_blesses_legers,age_cond_1,age_cond_2,veh_type_cond_1,veh_type_cond_2,lum_code,agg_code,int_code,atm_code,col_code
200500001194,0005-01-31 18:45:00,5,1,31,18,45,80,263.0,,49.743,4.778,Nuit sans éclairage public,Hors agglomération,Hors intersection,Autre,Trois véhicules et plus - collisions multiples,,,,,,,,,,,3,1,1,9,5
200500001195,0005-01-31 17:45:00,5,1,31,17,45,80,328.0,RUE JULES FUZELIER,49.822,4.745,Plein jour,En agglomération,Hors intersection,Temps couvert,Deux véhicules - côté,,,,,,,,,,,1,2,1,8,3
200500001196,0005-01-21 17:45:00,5,1,21,17,45,80,212.0,,,,Crépuscule ou aube,Hors agglomération,Hors intersection,Normale,Autre collision,,,,,,,,,,,2,1,1,1,6
200500001197,0005-01-03 07:45:00,5,1,3,7,45,80,122.0,,,,Crépuscule ou aube,Hors agglomération,Hors intersection,Pluie légère,Deux véhicules - frontale,,,,,,,,,,,2,1,1,2,1
200500001198,0005-01-19 09:30:00,5,1,19,9,30,80,319.0,,49.892,4.38,Plein jour,Hors agglomération,Hors intersection,Autre,Autre collision,,,,,,,,,,,1,1,1,9,6
200500001199,0005-01-03 18:00:00,5,1,3,18,0,80,336.0,,49.659,5.143,Nuit sans éclairage public,Hors agglomération,Hors intersection,Pluie légère,Trois véhicules et plus - collisions multiples,,,,,,,,,,,3,1,1,2,5
200500001200,0005-01-22 12:30:00,5,1,22,12,30,80,300.0,,49.565,4.867,Plein jour,Hors agglomération,Hors intersection,Normale,Autre collision,,,,,,,,,,,1,1,1,1,6
200500001201,0005-01-01 11:15:00,5,1,1,11,15,80,493.0,,49.441,4.67,Plein jour,Hors agglomération,Hors intersection,Temps couvert,Deux véhicules - arrière,,,,,,,,,,,1,1,1,8,2
200500001202,0005-01-16 20:15:00,5,1,16,20,15,80,296.0,rue principale,49.296,4.821,Nuit avec éclairage allumé,En agglomération,Hors intersection,Normale,Deux véhicules - frontale,,,,,,,,,,,5,2,1,1,1
200500001203,0005-01-18 23:45:00,5,1,18,23,45,80,384.0,,49.498,4.617,Nuit sans éclairage public,Hors agglomération,Hors intersection,Pluie légère,Sans collision,,,,,,,,,,,3,1,1,2,7
200500001204,0005-01-12 11:00:00,5,1,12,11,0,80,198.0,,49.339,4.872,Plein jour,Hors agglomération,Hors intersection,Temps couvert,Deux véhicules - frontale,,,,,,,,,,,1,1,1,8,1
200500001205,0005-01-06 16:45:00,5,1,6,16,45,80,362.0,RUE ETIENNE DOLLET,,,Nuit avec éclairage allumé,En agglomération,Hors intersection,Normale,Autre collision,,,,,,,,,,,5,2,1,1,6
200500001206,0005-01-15 12:00:00,5,1,15,12,0,80,48.0,,,,Plein jour,Hors agglomération,Hors intersection,Normale,Deux véhicules - frontale,,,,,,,,,,,1,1,1,1,1
200500001207,0005-01-07 20:00:00,5,1,7,20,0,100,442.0,CARREFOUR RN 77 ET CD 8,48.46,4.123,Nuit avec éclairage allumé,En agglomération,Hors intersection,Normale,Deux véhicules - frontale,,,,,,,,,,,5,2,1,1,1
200500001208,0005-01-28 17:00:00,5,1,28,17,0,100,216.0,,48.674,4.201,Plein jour,Hors agglomération,Hors intersection,Temps couvert,Deux véhicules - côté,,,,,,,,,,,1,1,1,8,3
200500001209,0005-01-05 07:15:00,5,1,5,7,15,100,282.0,,,,Nuit sans éclairage public,Hors agglomération,Hors intersection,Normale,Deux véhicules - frontale,,,,,,,,,,,3,1,1,1,1
200500001210,0005-01-16 08:45:00,5,1,16,8,45,100,8.0,,48.259,4.578,Plein jour,Hors agglomération,Hors intersection,Neige / grêle,Autre collision,,,,,,,,,,,1,1,1,4,6
200500001211,0005-01-09 19:30:00,5,1,9,19,30,100,170.0,8 RUE DU FOUR,48.034,4.43,Nuit avec éclairage allumé,En agglomération,Hors intersection,Normale,Autre collision,,,,,,,,,,,5,2,1,1,6
200500001212,0005-01-04 14:15:00,5,1,4,14,15,100,308.0,,48.38,3.776,Nuit sans éclairage public,Hors agglomération,Hors intersection,Normale,Deux véhicules - côté,,,,,,,,,,,3,1,1,1,3
200500001213,0005-01-21 12:15:00,5,1,21,12,15,100,231.0,,48.509,3.455,Plein jour,Hors agglomération,Hors intersection,Normale,Deux véhicules - frontale,,,,,,,,,,,1,1,1,1,1
200500001214,0005-01-11 18:30:00,5,1,11,18,30,100,323.0,,48.51,3.73,Nuit avec éclairage allumé,En agglomération,Hors intersection,Normale,Deux véhicules - côté,,,,,,,,,,,5,2,1,1,3
200500001215,0005-01-11 08:30:00,5,1,11,8,30,100,323.0,place des martyrs,48.524,3.726,Plein jour,En agglomération,Giratoire,Normale,Deux véhicules - côté,,,,,,,,,,,1,2,6,1,3
200500001216,0005-01-18 10:45:00,5,1,18,10,45,100,392.0,,48.469,3.892,Plein jour,Hors agglomération,Intersection en X,Pluie légère,Deux véhicules - côté,,,,,,,,,,,1,1,2,2,3
200500001217,0005-01-21 08:45:00,5,1,21,8,45,100,305.0,,48.495,4.026,Plein jour,Hors agglomération,Hors intersection,Temps couvert,Sans collision,,,,,,,,,,,1,1,1,8,7
200500001218,0005-01-23 15:30:00,5,1,23,15,30,100,323.0,,48.51,3.68,Plein jour,Hors agglomération,Intersection en X,Normale,Deux véhicules - côté,,,,,,,,,,,1,1,2,1,3
200500001219,0005-01-04 16:30:00,5,1,4,16,30,520,114.0,,48.01,4.902,Plein jour,Hors agglomération,Intersection en T,Normale,Deux véhicules - côté,,,,,,,,,,,1,1,3,1,3
200500001220,0005-01-12 14:30:00,5,1,12,14,30,520,444.0,,,,Plein jour,Hors agglomération,Hors intersection,Pluie légère,Autre collision,,,,,,,,,,,1,1,1,2,6
200500001221,0005-01-31 10:30:00,5,1,31,10,30,520,306.0,,,,Plein jour,Hors agglomération,Autre intersection,Brouillard / fumée,Deux véhicules - côté,,,,,,,,,,,1,1,9,5,3
200500001222,0005-01-26 18:30:00,5,1,26,18,30,520,248.0,,,,Crépuscule ou aube,Hors agglomération,Autre intersection,Autre,Deux véhicules - frontale,,,,,,,,,,,2,1,9,9,1
200500001223,0005-01-01 04:45:00,5,1,1,4,45,520,269.0,,47.862,5.371,Nuit sans éclairage public,Hors agglomération,Hors intersection,Normale,Deux véhicules - côté,,,,,,,,,,,3,1,1,1,3
200500001224,0005-01-16 12:00:00,5,1,16,12,0,520,269.0,,,,Plein jour,Hors agglomération,Hors intersection,Brouillard / fumée,Deux véhicules - frontale,,,,,,,,,,,1,1,1,5,1
200500001225,0005-01-04 13:45:00,5,1,4,13,45,520,270.0,,,,Plein jour,Hors agglomération,Hors intersection,Normale,Sans collision,,,,,,,,,,,1,1,1,1,7
200500001226,0005-01-25 07:45:00,5,1,25,7,45,520,93.0,RUE DES ADIEUX,47.811,5.439,Crépuscule ou aube,En agglomération,Hors intersection,Normale,Deux véhicules - frontale,,,,,,,,,,,2,2,1,1,1
200500001227,0005-01-21 07:00:00,5,1,21,7,0,520,529.0,,47.736,5.307,Nuit sans éclairage public,Hors agglomération,Hors intersection,Vent fort / tempête,Autre collision,,,,,,,,,,,3,1,1,6,6
200500001228,0005-01-04 16:45:00,5,1,4,16,45,520,490.0,Rue Saint Didier,48.46,5.174,Plein jour,En agglomération,Hors intersection,Normale,Deux véhicules - frontale,,,,,,,,,,,1,2,1,1,1
200500001229,0005-01-13 23:30:00,5,1,13,23,30,520,250.0,,48.463,5.132,Nuit sans éclairage public,Hors agglomération,Hors intersection,Normale,Autre collision,,,,,,,,,,,3,1,1,1,6
200500001230,0005-01-15 20:00:00,5,1,15,20,0,520,300.0,,,,Nuit sans éclairage public,Hors agglomération,Hors intersection,Autre,Autre collision,,,,,,,,,,,3,1,1,9,6
200500001231,0005-01-19 01:30:00,5,1,19,1,30,520,331.0,AVENUE DE LORAINE CD 384,,,Plein jour,En agglomération,Autre intersection,Normale,Trois véhicules et plus - collisions multiples,,,,,,,,,,,1,2,9,1,5
200500001232,0005-01-21 17:45:00,5,1,21,17,45,520,331.0,rue des ponts,,,Nuit avec éclairage allumé,En agglomération,Hors intersection,Normale,Autre collision,,,,,,,,,,,5,2,1,1,6
200500001233,0005-01-05 05:00:00,5,1,5,5,0,210,449.0,,,,Nuit sans éclairage public,Hors agglomération,Hors intersection,Normale,Sans collision,,,,,,,,,,,3,1,1,1,7
200500001234,0005-01-26 04:45:00,5,1,26,4,45,210,280.0,,47.39,4.372,Nuit sans éclairage public,Hors agglomération,Hors intersection,Vent fort / tempête,Deux véhicules - frontale,,,,,,,,,,,3,1,1,6,1
200500001235,0005-01-22 18:30:00,5,1,22,18,30,210,609.0,,47.21,5.279,Nuit sans éclairage public,Hors agglomération,Hors intersection,Normale,Trois véhicules et plus - collisions multiples,,,,,,,,,,,3,1,1,1,5
200500001236,0005-01-07 22:30:00,5,1,7,22,30,210,416.0,RUE DES TANNERIES,,,Nuit avec éclairage allumé,En agglomération,Hors intersection,Normale,Autre collision,,,,,,,,,,,5,2,1,1,6
200500001237,0005-01-09 20:15:00,5,1,9,20,15,210,60.0,,47.356,5.265,Nuit sans éclairage public,Hors agglomération,Hors intersection,Pluie légère,Autre collision,,,,,,,,,,,3,1,1,2,6
200500001238,0005-01-22 20:30:00,5,1,22,20,30,210,680.0,,,,Nuit sans éclairage public,Hors agglomération,Hors intersection,Brouillard / fumée,Sans collision,,,,,,,,,,,3,1,1,5,7
200500001239,0005-01-16 14:00:00,5,1,16,14,0,210,391.0,,,,Plein jour,Hors agglomération,Intersection en X,Brouillard / fumée,Sans collision,,,,,,,,,,,1,1,2,5,7
200500001240,0005-01-19 08:00:00,5,1,19,8,0,210,33.0,,47.311,4.634,Nuit sans éclairage public,Hors agglomération,Hors intersection,Normale,Autre collision,,,,,,,,,,,3,1,1,1,6
200500001241,0005-01-19 17:30:00,5,1,19,17,30,210,223.0,,,,Crépuscule ou aube,Hors agglomération,Autre intersection,Normale,Deux véhicules - arrière,,,,,,,,,,,2,1,9,1,2
200500001242,0005-01-27 09:00:00,5,1,27,9,0,210,412.0,,46.966,4.77,Plein jour,Hors agglomération,Hors intersection,Normale,Deux véhicules - frontale,,,,,,,,,,,1,1,1,1,1
200500001243,0005-01-06 06:30:00,5,1,6,6,30,210,104.0,,47.733,4.599,Nuit sans éclairage public,Hors agglomération,Hors intersection,Pluie légère,Autre collision,,,,,,,,,,,3,1,1,2,6
200500001244,0005-01-13 21:45:00,5,1,13,21,45,210,380.0,,47.398,4.401,Nuit sans éclairage public,Hors agglomération,Hors intersection,Brouillard / fumée,Deux véhicules - côté,,,,,,,,,,,3,1,1,5,3
200500001245,0005-01-09 04:45:00,5,1,9,4,45,580,105.0,,46.859,3.368,Nuit sans éclairage public,Hors agglomération,Hors intersection,Normale,Autre collision,,,,,,,,,,,3,1,1,1,6
200500001246,0005-01-17 14:45:00,5,1,17,14,45,580,95.0,,46.813,3.477,Plein jour,Hors agglomération,Hors intersection,Normale,Deux véhicules - arrière,,,,,,,,,,,1,1,1,1,2
200500001247,0005-01-20 19:15:00,5,1,20,19,15,580,51.0,rue Louis Bonnet,46.965,3.153,Nuit avec éclairage allumé,En agglomération,Hors intersection,Normale,Autre collision,,,,,,,,,,,5,2,1,1,6
200500001248,0005-01-12 14:00:00,5,1,12,14,0,580,57.0,,46.752,3.15,Nuit sans éclairage public,Hors agglomération,Hors intersection,Pluie légère,Deux véhicules - frontale,,,,,,,,,,,3,1,1,2,1
200500001249,0005-01-08 03:00:00,5,1,8,3,0,580,184.0,,,,Nuit avec éclairage non allumé,Hors agglomération,Hors intersection,Normale,Autre collision,,,,,,,,,,,4,1,1,1,6
200500001250,0005-01-18 14:15:00,5,1,18,14,15,580,4.0,,,,Plein jour,Hors agglomération,Hors intersection,Normale,Autre collision,,,,,,,,,,,1,1,1,1,6
200500001251,0005-01-08 22:15:00,5,1,8,22,15,580,79.0,,47.448,3.507,Nuit sans éclairage public,Hors agglomération,Hors intersection,Temps couvert,Autre collision,,,,,,,,,,,3,1,1,8,6
200500001252,0005-01-21 11:00:00,5,1,21,11,0,580,304.0,Avenue de la Charité,47.35,3.38,Plein jour,En agglomération,Hors intersection,Pluie légère,Autre collision,,,,,,,,,,,1,2,1,2,6
200500001253,0005-01-10 12:00:00,5,1,10,12,0,580,86.0,Bd Pierre de Coubertin,,,Plein jour,En agglomération,Hors intersection,Normale,Deux véhicules - côté,,,,,,,,,,,1,2,1,1,3
200500001254,0005-01-11 11:15:00,5,1,11,11,15,580,261.0,,,,Plein jour,Hors agglomération,Hors intersection,Normale,Deux véhicules - côté,,,,,,,,,,,1,1,1,1,3
200500001255,0005-01-09 05:00:00,5,1,9,5,0,710,372.0,,,,Nuit sans éclairage public,Hors agglomération,Hors intersection,Normale,Autre collision,,,,,,,,,,,3,1,1,1,6
200500001256,0005-01-09 13:45:00,5,1,9,13,45,710,172.0,,46.783,4.168,Plein jour,Hors agglomération,Hors intersection,Temps couvert,Deux véhicules - frontale,,,,,,,,,,,1,1,1,8,1
200500001257,0005-01-30 12:15:00,5,1,30,12,15,710,73.0,,,,Plein jour,Hors agglomération,Autre intersection,Temps couvert,Deux véhicules - côté,,,,,,,,,,,1,1,9,8,3
200500001258,0005-01-12 19:00:00,5,1,12,19,0,710,404.0,,46.763,4.731,Nuit sans éclairage public,Hors agglomération,Hors intersection,Normale,Deux véhicules - frontale,,,,,,,,,,,3,1,1,1,1
200500001259,0005-01-17 18:00:00,5,1,17,18,0,710,404.0,,,,Nuit sans éclairage public,Hors agglomération,Autre intersection,Normale,Trois véhicules et plus - collisions multiples,,,,,,,,,,,3,1,9,1,5
200500001260,0005-01-19 10:15:00,5,1,19,10,15,710,426.0,,,,Plein jour,Hors agglomération,Hors intersection,Normale,Autre collision,,,,,,,,,,,1,1,1,1,6
200500001261,0005-01-03 15:00:00,5,1,3,15,0,710,512.0,RN6 - rue de la benne,,,Nuit avec éclairage allumé,En agglomération,Intersection en T,Normale,Deux véhicules - côté,,,,,,,,,,,5,2,3,1,3
200500001262,0005-01-05 21:15:00,5,1,5,21,15,710,26.0,,,,Nuit sans éclairage public,Hors agglomération,Hors intersection,Temps couvert,Trois véhicules et plus - collisions multiples,,,,,,,,,,,3,1,1,8,5
200500001263,0005-01-07 14:00:00,5,1,7,14,0,710,402.0,,,,Plein jour,Hors agglomération,Hors intersection,Normale,Deux véhicules - frontale,,,,,,,,,,,1,1,1,1,1
200500001264,0005-01-01 19:45:00,5,1,1,19,45,710,3.0,,,,Nuit avec éclairage allumé,Hors agglomération,Hors intersection,Normale,Autre collision,,,,,,,,,,,5,1,1,1,6
200500001265,0005-01-18 10:45:00,5,1,18,10,45,710,443.0,PONT DE LA DHEUNE,46.955,4.909,Plein jour,En agglomération,Hors intersection,Pluie légère,Autre collision,,,,,,,,,,,1,2,1,2,6
200500001266,0005-01-16 13:30:00,5,1,16,13,30,710,571.0,,46.421,4.43,Plein jour,Hors agglomération,Hors intersection,Normale,Sans collision,,,,,,,,,,,1,1,1,1,7
200500001267,0005-01-17 16:30:00,5,1,17,16,30,710,428.0,,,,Plein jour,Hors agglomération,Autre intersection,Normale,Deux véhicules - côté,,,,,,,,,,,1,1,9,1,3
200500001268,0005-01-24 07:00:00,5,1,24,7,0,710,120.0,CD71,,,Crépuscule ou aube,En agglomération,Hors intersection,Neige / grêle,Deux véhicules - frontale,,,,,,,,,,,2,2,1,4,1
200500001269,0005-01-14 05:00:00,5,1,14,5,0,710,557.0,,46.46,4.015,Nuit avec éclairage allumé,Hors agglomération,Hors intersection,Brouillard / fumée,Trois véhicules et plus - collisions multiples,,,,,,,,,,,5,1,1,5,5
200500001270,0005-01-15 17:30:00,5,1,15,17,30,710,47.0,Rue sénateur Turlier,,,Nuit avec éclairage allumé,En agglomération,Hors intersection,Temps couvert,Deux véhicules - frontale,,,,,,,,,,,5,2,1,8,1
200500001271,0005-01-03 07:15:00,5,1,3,7,15,710,230.0,,,,Crépuscule ou aube,Hors agglomération,Hors intersection,Normale,Sans collision,,,,,,,,,,,2,1,1,1,7
200500001272,0005-01-03 13:00:00,5,1,3,13,0,710,64.0,,,,Plein jour,Hors agglomération,Hors intersection,Normale,Deux véhicules - côté,,,,,,,,,,,1,1,1,1,3
200500001273,0005-01-05 17:45:00,5,1,5,17,45,710,263.0,rue du 11 Novembre,,,Nuit avec éclairage allumé,En agglomération,Hors intersection,Normale,Autre collision,,,,,,,,,,,5,2,1,1,6
200500001274,0005-01-09 08:15:00,5,1,9,8,15,710,196.0,,,,Plein jour,Hors agglomération,Hors intersection,Pluie légère,Autre collision,,,,,,,,,,,1,1,1,2,6
200500001275,0005-01-08 19:30:00,5,1,8,19,30,710,27.0,LE BOURG,46.675,5.399,Nuit sans éclairage public,En agglomération,Hors intersection,Normale,Deux véhicules - frontale,,,,,,,,,,,3,2,1,1,1
200500001276,0005-01-18 06:45:00,5,1,18,6,45,710,558.0,Route de Louhans,,,Nuit avec éclairage allumé,En agglomération,Hors intersection,Pluie légère,Autre collision,,,,,,,,,,,5,2,1,2,6
200500001277,0005-01-20 17:00:00,5,1,20,17,0,710,367.0,,46.646,5.293,Plein jour,Hors agglomération,Hors intersection,Pluie légère,Trois véhicules et plus - en chaîne,,,,,,,,,,,1,1,1,2,4
200500001278,0005-01-06 07:45:00,5,1,6,7,45,710,213.0,VEILLY,46.547,5.034,Plein jour,En agglomération,Intersection en X,Pluie légère,Deux véhicules - côté,,,,,,,,,,,1,2,2,2,3
200500001279,0005-01-21 17:45:00,5,1,21,17,45,710,412.0,,46.731,4.455,Nuit sans éclairage public,Hors agglomération,Hors intersection,Pluie légère,Trois véhicules et plus - collisions multiples,,,,,,,,,,,3,1,1,2,5
200500001280,0005-01-06 17:45:00,5,1,6,17,45,890,453.0,,47.804,3.454,Nuit sans éclairage public,Hors agglomération,Hors intersection,Pluie légère,Sans collision,,,,,,,,,,,3,1,1,2,7
200500001281,0005-01-12 12:30:00,5,1,12,12,30,890,102.0,,47.751,3.478,Plein jour,Hors agglomération,Intersection en X,Pluie légère,Deux véhicules - côté,,,,,,,,,,,1,1,2,2,3
200500001282,0005-01-28 07:45:00,5,1,28,7,45,890,453.0,INTERSECTION CD965/C3,47.78,3.5,Nuit avec éclairage allumé,En agglomération,Hors intersection,Neige / grêle,Deux véhicules - côté,,,,,,,,,,,5,2,1,4,3
200500001283,0005-01-30 06:45:00,5,1,30,6,45,890,438.0,,,,Nuit sans éclairage public,Hors agglomération,Hors intersection,Normale,Autre collision,,,,,,,,,,,3,1,1,1,6
200500001284,0005-01-03 18:30:00,5,1,3,18,30,890,314.0,1 GRANDE RUE,,,Nuit avec éclairage allumé,En agglomération,Hors intersection,Normale,Autre collision,,,,,,,,,,,5,2,1,1,6
200500001285,0005-01-04 15:15:00,5,1,4,15,15,890,61.0,,,,Plein jour,Hors agglomération,Hors intersection,Normale,Deux véhicules - côté,,,,,,,,,,,1,1,1,1,3
200500001286,0005-01-09 16:00:00,5,1,9,16,0,890,200.0,CD 84,47.933,3.608,Nuit sans éclairage public,En agglomération,Giratoire,Normale,Sans collision,,,,,,,,,,,3,2,6,1,7
200500001287,0005-01-14 14:45:00,5,1,14,14,45,890,463.0,,,,Plein jour,Hors agglomération,Hors intersection,Normale,Trois véhicules et plus - collisions multiples,,,,,,,,,,,1,1,1,1,5
200500001288,0005-01-31 07:45:00,5,1,31,7,45,890,68.0,rue Auxerroise,,,Crépuscule ou aube,En agglomération,Hors intersection,Normale,Deux véhicules - côté,,,,,,,,,,,2,2,1,1,3
200500001289,0005-01-13 19:30:00,5,1,13,19,30,890,73.0,,47.787,3.088,Nuit sans éclairage public,Hors agglomération,Hors intersection,Brouillard / fumée,Trois véhicules et plus - collisions multiples,,,,,,,,,,,3,1,1,5,5
200500001290,0005-01-16 13:00:00,5,1,16,13,0,890,311.0,,47.755,3.407,Plein jour,Hors agglomération,Intersection en X,Normale,Deux véhicules - côté,,,,,,,,,,,1,1,2,1,3
200500001291,0005-01-03 15:45:00,5,1,3,15,45,890,364.0,,47.465,3.764,Plein jour,En agglomération,Hors intersection,Normale,Autre collision,,,,,,,,,,,1,2,1,1,6
200500001292,0005-01-26 11:15:00,5,1,26,11,15,890,235.0,,47.496,3.979,Plein jour,Hors agglomération,Hors intersection,Neige / grêle,Autre collision,,,,,,,,,,,1,1,1,4,6
200500001293,0005-01-20 20:30:00,5,1,20,20,30,890,134.0,Grande Rue,47.473,4.031,Nuit avec éclairage allumé,En agglomération,Intersection en T,Pluie légère,Deux véhicules - frontale,,,,,,,,,,,5,2,3,2,1
200500001294,0005-01-21 17:00:00,5,1,21,17,0,890,67.0,,48.003,3.314,Plein jour,Hors agglomération,Hors intersection,Normale,Deux véhicules - côté,,,,,,,,,,,1,1,1,1,3
200500001295,0005-01-18 09:15:00,5,1,18,9,15,890,3.0,,47.895,3.032,Plein jour,Hors agglomération,Hors intersection,Normale,Autre collision,,,,,,,,,,,1,1,1,1,6
200500001296,0005-01-29 15:30:00,5,1,29,15,30,890,257.0,RUE ARISTIDE BRIAND,47.97,3.516,Plein jour,En agglomération,Hors intersection,Normale,Deux véhicules - côté,,,,,,,,,,,1,2,1,1,3
200500001297,0005-01-09 10:00:00,5,1,9,10,0,890,107.0,,,,Plein jour,Hors agglomération,Intersection en X,Pluie légère,Deux véhicules - côté,,,,,,,,,,,1,1,2,2,3
200500001298,0005-01-28 21:30:00,5,1,28,21,30,890,291.0,,,,Nuit sans éclairage public,Hors agglomération,Hors intersection,Neige / grêle,Trois véhicules et plus - collisions multiples,,,,,,,,,,,3,1,1,4,5
200500001299,0005-01-06 06:45:00,5,1,6,6,45,890,309.0,Boulevard de VILLEPERROT,48.285,3.21,Nuit avec éclairage allumé,En agglomération,Hors intersection,Temps couvert,Deux véhicules - arrière,,,,,,,,,,,5,2,1,8,2
200500001300,0005-01-20 15:15:00,5,1,20,15,15,890,309.0,,48.284,3.214,Plein jour,Hors agglomération,Hors intersection,Normale,Autre collision,,,,,,,,,,,1,1,1,1,6
200500001301,0005-01-03 07:15:00,5,1,3,7,15,890,370.0,,48.189,3.076,Nuit sans éclairage public,Hors agglomération,Hors intersection,Normale,Sans collision,,,,,,,,,,,3,1,1,1,7
200500001302,0005-01-06 11:00:00,5,1,6,11,0,890,54.0,,,,Plein jour,Hors agglomération,Hors intersection,Normale,Autre collision,,,,,,,,,,,1,1,1,1,6
200500001303,0005-01-19 07:30:00,5,1,19,7,30,890,180.0,,48.18,3.16,Plein jour,Hors agglomération,Hors intersection,Normale,Sans collision,,,,,,,,,,,1,1,1,1,7
200500001304,0005-01-02 21:15:00,5,1,2,21,15,890,240.0,,48.18,3.398,Nuit sans éclairage public,Hors agglomération,Hors intersection,Normale,Autre collision,,,,,,,,,,,3,1,1,1,6
200500001305,0005-01-08 04:00:00,5,1,8,4,0,890,240.0,,,,Nuit sans éclairage public,Hors agglomération,Hors intersection,Normale,Sans collision,,,,,,,,,,,3,1,1,1,7
200500001306,0005-01-11 17:45:00,5,1,11,17,45,890,464.0,,48.088,3.303,Nuit sans éclairage public,Hors agglomération,Intersection en X,Normale,Deux véhicules - côté,,,,,,,,,,,3,1,2,1,3
200500001307,0005-01-20 19:00:00,5,1,20,19,0,890,440.0,,48.028,3.259,Nuit sans éclairage public,Hors agglomération,Hors intersection,Normale,Autre collision,,,,,,,,,,,3,1,1,1,6
200500001308,0005-01-31 12:15:00,5,1,31,12,15,890,432.0,Face au 5 Grande Rue,48.136,3.553,Plein jour,En agglomération,Hors intersection,Normale,Autre collision,,,,,,,,,,,1,2,1,1,6
200500001309,0005-01-14 18:30:00,5,1,14,18,30,250,267.0,,47.245,6.126,Nuit sans éclairage public,Hors agglomération,Hors intersection,Temps couvert,Autre collision,,,,,,,,,,,3,1,1,8,6
200500001310,0005-01-10 07:45:00,5,1,10,7,45,250,195.0,,,,Plein jour,Hors agglomération,Hors intersection,Normale,Trois véhicules et plus - collisions multiples,,,,,,,,,,,1,1,1,1,5
200500001311,0005-01-29 15:30:00,5,1,29,15,30,250,488.0,,,,Plein jour,Hors agglomération,Hors intersection,Normale,Deux véhicules - frontale,,,,,,,,,,,1,1,1,1,1
200500001312,0005-01-05 14:00:00,5,1,5,14,0,250,57.0,Rue du Miémont,47.524,6.788,Plein jour,En agglomération,Hors intersection,Normale,Autre collision,,,,,,,,,,,1,2,1,1,6
200500001313,0005-01-11 15:45:00,5,1,11,15,45,250,97.0,,47.529,6.858,Plein jour,Hors agglomération,Giratoire,Temps éblouissant,Deux véhicules - côté,,,,,,,,,,,1,1,6,7,3
200500001314,0005-01-24 15:00:00,5,1,24,15,0,250,523.0,,47.485,6.689,Plein jour,Hors agglomération,Hors intersection,Neige / grêle,Autre collision,,,,,,,,,,,1,1,1,4,6
200500001315,0005-01-12 18:00:00,5,1,12,18,0,250,367.0,rue de la libération,47.454,6.809,Nuit avec éclairage allumé,En agglomération,Autre intersection,Pluie légère,Autre collision,,,,,,,,,,,5,2,9,2,6
200500001316,0005-01-09 16:00:00,5,1,9,16,0,250,370.0,CD 437,47.44,6.786,Plein jour,En agglomération,Hors intersection,Normale,Autre collision,,,,,,,,,,,1,2,1,1,6
200500001317,0005-01-24 13:00:00,5,1,24,13,0,250,463.0,RUE DU GENERAL HERR,47.387,6.775,Plein jour,En agglomération,Hors intersection,Temps couvert,Autre collision,,,,,,,,,,,1,2,1,8,6
200500001318,0005-01-01 16:15:00,5,1,1,16,15,250,334.0,,,,Crépuscule ou aube,Hors agglomération,Hors intersection,Temps couvert,Autre collision,,,,,,,,,,,2,1,1,8,6
200500001319,0005-01-08 15:00:00,5,1,8,15,0,250,85.0,RUE ENTRE DEUX PONTS,,,Plein jour,En agglomération,Hors intersection,Normale,Autre collision,,,,,,,,,,,1,2,1,1,6
200500001320,0005-01-19 19:00:00,5,1,19,19,0,250,334.0,,46.96,6.069,Nuit sans éclairage public,Hors agglomération,Hors intersection,Normale,Deux véhicules - frontale,,,,,,,,,,,3,1,1,1,1
200500001321,0005-01-27 06:30:00,5,1,27,6,30,250,309.0,,46.923,6.299,Nuit sans éclairage public,Hors agglomération,Hors intersection,Vent fort / tempête,Deux véhicules - frontale,,,,,,,,,,,3,1,1,6,1
200500001322,0005-01-23 16:15:00,5,1,23,16,15,250,320.0,CD9,46.777,6.281,Plein jour,En agglomération,Hors intersection,Neige / grêle,Sans collision,,,,,,,,,,,1,2,1,4,7
200500001323,0005-01-22 17:00:00,5,1,22,17,0,250,411.0,,,,Plein jour,En agglomération,Hors intersection,Autre,Deux véhicules - frontale,,,,,,,,,,,1,2,1,9,1
200500001324,0005-01-12 08:15:00,5,1,12,8,15,390,279.0,,46.727,5.474,Crépuscule ou aube,Hors agglomération,Hors intersection,Temps couvert,Trois véhicules et plus - collisions multiples,,,,,,,,,,,2,1,1,8,5
200500001325,0005-01-31 20:15:00,5,1,31,20,15,390,13.0,,,,Nuit sans éclairage public,Hors agglomération,Hors intersection,Normale,Deux véhicules - frontale,,,,,,,,,,,3,1,1,1,1