accident_id,datetime,annee,mois,jour,heure,minute,departement,commune_insee,adresse,latitude,longitude,luminosite,agglomeration,intersection,meteo,collision,nb_vehicules,nb_usagers,nb_indemnes,nb_tues,nb_blesses_hosp,nb_blesses_legers,age_cond_1,age_cond_2,veh_type_cond_1,veh_type_cond_2,lum_code,agg_code,int_code,atm_code,col_code
200500001326,0005-01-21 13:45:00,5,1,21,13,45,390,6.0,,46.96,5.79,Plein jour,Hors agglomération,Hors intersection,Pluie légère,Sans collision,,,,,,,,,,,1,1,1,2,7
200500001327,0005-01-20 19:15:00,5,1,20,19,15,390,451.0,,47.161,5.719,Nuit sans éclairage public,Hors agglomération,Hors intersection,Brouillard / fumée,Deux véhicules - frontale,,,,,,,,,,,3,1,1,5,1
200500001328,0005-01-08 04:45:00,5,1,8,4,45,390,440.0,,46.39,5.748,Nuit sans éclairage public,Hors agglomération,Hors intersection,Autre,Autre collision,,,,,,,,,,,3,1,1,9,6
200500001329,0005-01-15 23:30:00,5,1,15,23,30,390,286.0,grande rue,46.388,5.779,Nuit avec éclairage allumé,En agglomération,Hors intersection,Normale,Autre collision,,,,,,,,,,,5,2,1,1,6
200500001330,0005-01-04 19:30:00,5,1,4,19,30,390,470.0,,,,Nuit sans éclairage public,Hors agglomération,Hors intersection,Normale,Sans collision,,,,,,,,,,,3,1,1,1,7
200500001331,0005-01-08 11:00:00,5,1,8,11,0,390,367.0,,46.541,6.016,Plein jour,En agglomération,Hors intersection,Temps éblouissant,Autre collision,,,,,,,,,,,1,2,1,7,6
200500001332,0005-01-21 21:15:00,5,1,21,21,15,390,470.0,,,,Nuit sans éclairage public,Hors agglomération,Hors intersection,Neige / grêle,Deux véhicules - frontale,,,,,,,,,,,3,1,1,4,1
200500001333,0005-01-29 20:00:00,5,1,29,20,0,390,232.0,,46.63,5.95,Nuit sans éclairage public,Hors agglomération,Hors intersection,Normale,Deux véhicules - frontale,,,,,,,,,,,3,1,1,1,1
200500001334,0005-01-29 02:30:00,5,1,29,2,30,700,278.0,,,,Nuit avec éclairage allumé,Hors agglomération,Hors intersection,Autre,Deux véhicules - frontale,,,,,,,,,,,5,1,1,9,1
200500001335,0005-01-03 16:15:00,5,1,3,16,15,700,208.0,,47.51,6.11,Plein jour,Hors agglomération,Hors intersection,Normale,Trois véhicules et plus - collisions multiples,,,,,,,,,,,1,1,1,1,5
200500001336,0005-01-14 19:30:00,5,1,14,19,30,700,575.0,,47.34,6.01,Nuit sans éclairage public,Hors agglomération,Hors intersection,Normale,Deux véhicules - côté,,,,,,,,,,,3,1,1,1,3
200500001337,0005-01-06 07:45:00,5,1,6,7,45,700,14.0,,47.681,6.4,Crépuscule ou aube,Hors agglomération,Hors intersection,Pluie légère,Deux véhicules - frontale,,,,,,,,,,,2,1,1,2,1
200500001338,0005-01-26 13:30:00,5,1,26,13,30,700,310.0,5 rue ROBESPIERRE,47.679,6.506,Plein jour,En agglomération,Hors intersection,Normale,Deux véhicules - côté,,,,,,,,,,,1,2,1,1,3
200500001339,0005-01-22 16:30:00,5,1,22,16,30,700,413.0,,47.741,6.73,Plein jour,Hors agglomération,Hors intersection,Normale,Deux véhicules - arrière,,,,,,,,,,,1,1,1,1,2
200500001340,0005-01-25 18:30:00,5,1,25,18,30,700,459.0,,47.752,6.585,Nuit avec éclairage allumé,Hors agglomération,Hors intersection,Normale,Sans collision,,,,,,,,,,,5,1,1,1,7
200500001341,0005-01-14 23:00:00,5,1,14,23,0,700,306.0,,,,Nuit sans éclairage public,Hors agglomération,Hors intersection,Normale,Deux véhicules - arrière,,,,,,,,,,,3,1,1,1,2
200500001342,0005-01-10 19:30:00,5,1,10,19,30,700,220.0,,,,Nuit sans éclairage public,Hors agglomération,Hors intersection,Normale,Deux véhicules - côté,,,,,,,,,,,3,1,1,1,3
200500001343,0005-01-07 14:45:00,5,1,7,14,45,700,257.0,"52, grande rue",47.492,5.948,Plein jour,En agglomération,Hors intersection,Normale,Autre collision,,,,,,,,,,,1,2,1,1,6
200500001344,0005-01-19 18:00:00,5,1,19,18,0,700,546.0,,47.529,5.647,Nuit sans éclairage public,Hors agglomération,Hors intersection,Temps couvert,Deux véhicules - côté,,,,,,,,,,,3,1,1,8,3
200500001345,0005-01-21 18:15:00,5,1,21,18,15,700,300.0,,,,Nuit sans éclairage public,Hors agglomération,Intersection en X,Normale,Deux véhicules - côté,,,,,,,,,,,3,1,2,1,3
200500001346,0005-01-12 17:30:00,5,1,12,17,30,700,282.0,,,,Nuit sans éclairage public,Hors agglomération,Hors intersection,Temps couvert,Deux véhicules - frontale,,,,,,,,,,,3,1,1,8,1
200500001347,0005-01-17 07:45:00,5,1,17,7,45,700,408.0,rue du général poncet,,,Crépuscule ou aube,En agglomération,Hors intersection,Temps couvert,Autre collision,,,,,,,,,,,2,2,1,8,6
200500001348,0005-01-08 09:45:00,5,1,8,9,45,900,33.0,RUE DE LA PREMIERE ARMEE,,,Plein jour,En agglomération,Hors intersection,Temps éblouissant,Autre collision,,,,,,,,,,,1,2,1,7,6
200500001349,0005-01-20 19:00:00,5,1,20,19,0,900,52.0,grande rue,47.747,6.826,Nuit avec éclairage allumé,En agglomération,Hors intersection,Pluie légère,Autre collision,,,,,,,,,,,5,2,1,2,6
200500001350,0005-01-26 08:30:00,5,1,26,8,30,900,53.0,,47.528,6.963,Plein jour,Hors agglomération,Hors intersection,Temps couvert,Deux véhicules - frontale,,,,,,,,,,,1,1,1,8,1
200500001351,0005-01-11 21:00:00,5,1,11,21,0,380,336.0,,,,Nuit sans éclairage public,Hors agglomération,Hors intersection,Normale,Autre collision,,,,,,,,,,,3,1,1,1,6
200500001352,0005-01-09 00:30:00,5,1,9,0,30,260,252.0,,,,Nuit sans éclairage public,Hors agglomération,Hors intersection,Normale,Deux véhicules - arrière,,,,,,,,,,,3,1,1,1,2
200500001353,0005-01-02 11:30:00,5,1,2,11,30,260,324.0,,,,Plein jour,Hors agglomération,Hors intersection,Normale,Trois véhicules et plus - en chaîne,,,,,,,,,,,1,1,1,1,4
200500001354,0005-01-04 09:45:00,5,1,4,9,45,130,109.0,,,,Plein jour,Hors agglomération,Hors intersection,Normale,Deux véhicules - frontale,,,,,,,,,,,1,1,1,1,1
200500001355,0005-01-15 23:00:00,5,1,15,23,0,130,59.0,,43.66,5.495,Nuit sans éclairage public,Hors agglomération,Hors intersection,Normale,Trois véhicules et plus - collisions multiples,,,,,,,,,,,3,1,1,1,5
200500001356,0005-01-29 21:45:00,5,1,29,21,45,130,107.0,,,,Nuit avec éclairage allumé,Hors agglomération,Hors intersection,Normale,Autre collision,,,,,,,,,,,5,1,1,1,6
200500001357,0005-01-30 13:15:00,5,1,30,13,15,130,106.0,12 CHEMIN DES CHASSEURS,,,Plein jour,En agglomération,Hors intersection,Normale,Sans collision,,,,,,,,,,,1,2,1,1,7
200500001358,0005-01-04 09:00:00,5,1,4,9,0,130,19.0,,43.44,5.37,Plein jour,Hors agglomération,Hors intersection,Normale,Deux véhicules - frontale,,,,,,,,,,,1,1,1,1,1
200500001359,0005-01-06 09:45:00,5,1,6,9,45,130,15.0,Les hauts de Beausoleil,43.46,5.41,Plein jour,En agglomération,Hors intersection,Normale,Autre collision,,,,,,,,,,,1,2,1,1,6
200500001360,0005-01-07 14:00:00,5,1,7,14,0,130,27.0,,,,Plein jour,Hors agglomération,Hors intersection,Normale,Sans collision,,,,,,,,,,,1,1,1,1,7
200500001361,0005-01-20 19:45:00,5,1,20,19,45,130,66.0,,43.891,4.902,Nuit sans éclairage public,Hors agglomération,Hors intersection,Normale,Deux véhicules - frontale,,,,,,,,,,,3,1,1,1,1
200500001362,0005-01-22 22:00:00,5,1,22,22,0,130,66.0,,,,Nuit sans éclairage public,Hors agglomération,Hors intersection,Normale,Sans collision,,,,,,,,,,,3,1,1,1,7
200500001363,0005-01-25 23:45:00,5,1,25,23,45,130,66.0,,43.873,4.915,Nuit sans éclairage public,Hors agglomération,Hors intersection,Normale,Deux véhicules - frontale,,,,,,,,,,,3,1,1,1,1
200500001364,0005-01-31 20:15:00,5,1,31,20,15,130,66.0,,,,Nuit sans éclairage public,Hors agglomération,Hors intersection,Normale,Deux véhicules - côté,,,,,,,,,,,3,1,1,1,3
200500001365,0005-01-05 19:30:00,5,1,5,19,30,130,97.0,,,,Nuit sans éclairage public,Hors agglomération,Hors intersection,Normale,Deux véhicules - frontale,,,,,,,,,,,3,1,1,1,1
200500001366,0005-01-17 21:45:00,5,1,17,21,45,130,100.0,,,,Nuit sans éclairage public,Hors agglomération,Hors intersection,Normale,Sans collision,,,,,,,,,,,3,1,1,1,7
200500001367,0005-01-23 17:45:00,5,1,23,17,45,130,4.0,CD36 - PR19,43.53,4.707,Crépuscule ou aube,En agglomération,Hors intersection,Pluie légère,Autre collision,,,,,,,,,,,2,2,1,2,6
200500001368,0005-01-28 07:45:00,5,1,28,7,45,130,42.0,,,,Plein jour,Hors agglomération,Intersection en T,Normale,Deux véhicules - côté,,,,,,,,,,,1,1,3,1,3
200500001369,0005-01-22 10:15:00,5,1,22,10,15,130,85.0,,,,Plein jour,Hors agglomération,Hors intersection,Normale,Deux véhicules - arrière,,,,,,,,,,,1,1,1,1,2
200500001370,0005-01-15 13:30:00,5,1,15,13,30,130,16.0,RN96,,,Plein jour,En agglomération,Hors intersection,Normale,Autre collision,,,,,,,,,,,1,2,1,1,6
200500001371,0005-01-22 12:15:00,5,1,22,12,15,130,86.0,,43.342,5.603,Plein jour,Hors agglomération,Hors intersection,Normale,Deux véhicules - frontale,,,,,,,,,,,1,1,1,1,1
200500001372,0005-01-29 16:30:00,5,1,29,16,30,130,86.0,place Basseron,43.356,5.605,Plein jour,En agglomération,Place,Normale,Deux véhicules - côté,,,,,,,,,,,1,2,7,1,3
200500001373,0005-01-19 14:15:00,5,1,19,14,15,130,92.0,CD10,,,Plein jour,En agglomération,Hors intersection,Normale,Deux véhicules - côté,,,,,,,,,,,1,2,1,1,3
200500001374,0005-01-23 07:45:00,5,1,23,7,45,130,34.0,,43.79,4.936,Crépuscule ou aube,Hors agglomération,Hors intersection,Normale,Deux véhicules - frontale,,,,,,,,,,,2,1,1,1,1
200500001375,0005-01-09 05:00:00,5,1,9,5,0,130,81.0,,43.49,5.223,Nuit avec éclairage allumé,Hors agglomération,Hors intersection,Normale,Trois véhicules et plus - collisions multiples,,,,,,,,,,,5,1,1,1,5
200500001376,0005-01-29 12:30:00,5,1,29,12,30,130,81.0,21 AV CHARLES DE GAULLE,43.491,5.232,Plein jour,En agglomération,Hors intersection,Normale,Trois véhicules et plus - collisions multiples,,,,,,,,,,,1,2,1,1,5
200500001377,0005-01-16 13:45:00,5,1,16,13,45,130,93.0,,43.688,5.399,Plein jour,En agglomération,Hors intersection,Normale,Deux véhicules - frontale,,,,,,,,,,,1,2,1,1,1
200500001378,0005-01-29 04:00:00,5,1,29,4,0,40,94.0,,43.786,5.869,Nuit sans éclairage public,Hors agglomération,Hors intersection,Normale,Autre collision,,,,,,,,,,,3,1,1,1,6
200500001379,0005-01-07 14:00:00,5,1,7,14,0,40,149.0,Route Nationale 96,44.041,5.949,Plein jour,En agglomération,Hors intersection,Normale,Deux véhicules - frontale,,,,,,,,,,,1,2,1,1,1
200500001380,0005-01-29 01:00:00,5,1,29,1,0,40,143.0,,43.896,5.909,Nuit sans éclairage public,Hors agglomération,Hors intersection,Normale,Deux véhicules - frontale,,,,,,,,,,,3,1,1,1,1
200500001381,0005-01-03 14:15:00,5,1,3,14,15,40,19.0,Rue Pont du Bourguet,44.389,6.663,Plein jour,En agglomération,Hors intersection,Normale,Deux véhicules - côté,,,,,,,,,,,1,2,1,1,3
200500001382,0005-01-28 04:30:00,5,1,28,4,30,40,73.0,,44.378,6.68,Nuit sans éclairage public,Hors agglomération,Hors intersection,Autre,Autre collision,,,,,,,,,,,3,1,1,9,6
200500001383,0005-01-12 12:00:00,5,1,12,12,0,40,198.0,,44.451,6.33,Plein jour,Hors agglomération,Hors intersection,Autre,Autre collision,,,,,,,,,,,1,1,1,9,6
200500001384,0005-01-18 06:30:00,5,1,18,6,30,40,161.0,,44.404,6.543,Crépuscule ou aube,Hors agglomération,Hors intersection,Temps couvert,Sans collision,,,,,,,,,,,2,1,1,8,7
200500001385,0005-01-06 10:45:00,5,1,6,10,45,40,160.0,,,,Plein jour,Hors agglomération,Hors intersection,Normale,Deux véhicules - frontale,,,,,,,,,,,1,1,1,1,1
200500001386,0005-01-13 18:15:00,5,1,13,18,15,40,188.0,,43.908,5.792,Nuit sans éclairage public,Hors agglomération,Hors intersection,Normale,Deux véhicules - côté,,,,,,,,,,,3,1,1,1,3
200500001387,0005-01-04 18:15:00,5,1,4,18,15,40,49.0,RN 85,,,Nuit avec éclairage allumé,En agglomération,Hors intersection,Normale,Autre collision,,,,,,,,,,,5,2,1,1,6
200500001388,0005-01-05 18:15:00,5,1,5,18,15,40,123.0,,44.299,5.843,Nuit sans éclairage public,Hors agglomération,Hors intersection,Normale,Deux véhicules - côté,,,,,,,,,,,3,1,1,1,3
200500001389,0005-01-13 18:45:00,5,1,13,18,45,40,209.0,AVENUE DU STADE,44.201,5.945,Nuit avec éclairage allumé,En agglomération,Hors intersection,Normale,Autre collision,,,,,,,,,,,5,2,1,1,6
200500001390,0005-01-21 15:30:00,5,1,21,15,30,40,49.0,Av du Général de Gaulle,,,Plein jour,En agglomération,Hors intersection,Normale,Autre collision,,,,,,,,,,,1,2,1,1,6
200500001391,0005-01-15 11:15:00,5,1,15,11,15,50,166.0,,44.409,5.731,Plein jour,Hors agglomération,Hors intersection,Normale,Deux véhicules - arrière,,,,,,,,,,,1,1,1,1,2
200500001392,0005-01-16 13:45:00,5,1,16,13,45,50,87.0,,44.604,5.859,Plein jour,Hors agglomération,Hors intersection,Normale,Sans collision,,,,,,,,,,,1,1,1,1,7
200500001393,0005-01-22 08:45:00,5,1,22,8,45,50,85.0,,,,Plein jour,Hors agglomération,Hors intersection,Neige / grêle,Deux véhicules - frontale,,,,,,,,,,,1,1,1,4,1
200500001394,0005-01-03 07:15:00,5,1,3,7,15,50,151.0,QUEYRIERES,,,Nuit avec éclairage allumé,En agglomération,Hors intersection,Autre,Sans collision,,,,,,,,,,,5,2,1,9,7
200500001395,0005-01-27 11:45:00,5,1,27,11,45,50,40.0,,44.55,6.27,Plein jour,Hors agglomération,Hors intersection,Normale,Sans collision,,,,,,,,,,,1,1,1,1,7
200500001396,0005-01-29 11:30:00,5,1,29,11,30,50,17.0,,,,Plein jour,Hors agglomération,Hors intersection,Normale,Deux véhicules - frontale,,,,,,,,,,,1,1,1,1,1
200500001397,0005-01-17 16:15:00,5,1,17,16,15,50,119.0,,,,Nuit sans éclairage public,Hors agglomération,Hors intersection,Normale,Sans collision,,,,,,,,,,,3,1,1,1,7
200500001398,0005-01-16 15:00:00,5,1,16,15,0,60,48.0,ZONE INDUSTRIELLE LA ROS,,,Plein jour,En agglomération,Hors intersection,Normale,Deux véhicules - arrière,,,,,,,,,,,1,2,1,1,2
200500001399,0005-01-06 09:30:00,5,1,6,9,30,60,57.0,,,,Plein jour,Hors agglomération,Hors intersection,Normale,Deux véhicules - côté,,,,,,,,,,,1,1,1,1,3
200500001400,0005-01-04 13:00:00,5,1,4,13,0,60,91.0,CD21 face N°5755,,,Plein jour,En agglomération,Hors intersection,Normale,Autre collision,,,,,,,,,,,1,2,1,1,6
200500001401,0005-01-11 07:00:00,5,1,11,7,0,60,92.0,,,,Plein jour,Hors agglomération,Hors intersection,Autre,Sans collision,,,,,,,,,,,1,1,1,9,7
200500001402,0005-01-27 17:00:00,5,1,27,17,0,60,19.0,,,,Plein jour,Hors agglomération,Hors intersection,Temps couvert,Sans collision,,,,,,,,,,,1,1,1,8,7
200500001403,0005-01-06 06:15:00,5,1,6,6,15,60,151.0,,43.907,7.198,Crépuscule ou aube,Hors agglomération,Hors intersection,Normale,Sans collision,,,,,,,,,,,2,1,1,1,7
200500001404,0005-01-08 13:45:00,5,1,8,13,45,60,151.0,,43.909,7.198,Plein jour,Hors agglomération,Hors intersection,Normale,Deux véhicules - arrière,,,,,,,,,,,1,1,1,1,2
200500001405,0005-01-12 18:30:00,5,1,12,18,30,60,103.0,Vieux village R.D 2565,44.02,7.314,Nuit avec éclairage allumé,En agglomération,Hors intersection,Normale,Sans collision,,,,,,,,,,,5,2,1,1,7
200500001406,0005-01-08 01:45:00,5,1,8,1,45,60,149.0,"74, Bd Gal DE GAULLE",,,Nuit avec éclairage allumé,En agglomération,Hors intersection,Normale,Deux véhicules - frontale,,,,,,,,,,,5,2,1,1,1
200500001407,0005-01-01 10:00:00,5,1,1,10,0,60,11.0,30 AVENUE MARINONI,,,Plein jour,En agglomération,Hors intersection,Normale,Autre collision,,,,,,,,,,,1,2,1,1,6
200500001408,0005-01-17 16:15:00,5,1,17,16,15,60,121.0,9 Bd de Gaulle,43.696,7.33,Plein jour,En agglomération,Hors intersection,Normale,Trois véhicules et plus - collisions multiples,,,,,,,,,,,1,2,1,1,5
200500001409,0005-01-04 16:15:00,5,1,4,16,15,60,161.0,Avenue Anthony FABRE,,,Plein jour,En agglomération,Hors intersection,Normale,Autre collision,,,,,,,,,,,1,2,1,1,6
200500001410,0005-01-05 08:45:00,5,1,5,8,45,60,161.0,AVENUE DES FERRAYONNES,,,Crépuscule ou aube,En agglomération,Autre intersection,Normale,Sans collision,,,,,,,,,,,2,2,9,1,7
200500001411,0005-01-13 14:30:00,5,1,13,14,30,60,134.0,,,,Plein jour,Hors agglomération,Hors intersection,Normale,Autre collision,,,,,,,,,,,1,1,1,1,6
200500001412,0005-01-20 15:00:00,5,1,20,15,0,60,140.0,,,,Plein jour,Hors agglomération,Hors intersection,Normale,Deux véhicules - côté,,,,,,,,,,,1,1,1,1,3
200500001413,0005-01-21 18:30:00,5,1,21,18,30,60,65.0,ZI Les nertières,,,Nuit avec éclairage allumé,En agglomération,Intersection en T,Normale,Deux véhicules - côté,,,,,,,,,,,5,2,3,1,3
200500001414,0005-01-05 16:00:00,5,1,5,16,0,60,150.0,4 CHEMIN ROMAIN,,,Plein jour,En agglomération,Hors intersection,Normale,Deux véhicules - frontale,,,,,,,,,,,1,2,1,1,1
200500001415,0005-01-20 19:00:00,5,1,20,19,0,60,59.0,,,,Nuit avec éclairage allumé,Hors agglomération,Hors intersection,Normale,Trois véhicules et plus - collisions multiples,,,,,,,,,,,5,1,1,1,5
200500001416,0005-01-06 11:15:00,5,1,6,11,15,60,78.0,,43.922,7.167,Plein jour,Hors agglomération,Hors intersection,Normale,Deux véhicules - frontale,,,,,,,,,,,1,1,1,1,1
200500001417,0005-01-23 16:15:00,5,1,23,16,15,60,144.0,,43.956,7.161,Plein jour,Hors agglomération,Hors intersection,Normale,Trois véhicules et plus - collisions multiples,,,,,,,,,,,1,1,1,1,5
200500001418,0005-01-27 05:45:00,5,1,27,5,45,60,906.0,,44.092,6.919,Nuit sans éclairage public,Hors agglomération,Hors intersection,Normale,Autre collision,,,,,,,,,,,3,1,1,1,6
200500001419,0005-01-09 15:30:00,5,1,9,15,30,60,120.0,QUARTIER RIOU,44.231,6.938,Plein jour,En agglomération,Hors intersection,Normale,Autre collision,,,,,,,,,,,1,2,1,1,6
200500001420,0005-01-05 19:30:00,5,1,5,19,30,830,38.0,,43.597,6.463,Nuit sans éclairage public,Hors agglomération,Hors intersection,Normale,Sans collision,,,,,,,,,,,3,1,1,1,7
200500001421,0005-01-01 08:30:00,5,1,1,8,30,830,149.0,,,,Plein jour,Hors agglomération,Hors intersection,Normale,Autre collision,,,,,,,,,,,1,1,1,1,6
200500001422,0005-01-04 10:00:00,5,1,4,10,0,830,23.0,,,,Plein jour,Hors agglomération,Hors intersection,Normale,Trois véhicules et plus - collisions multiples,,,,,,,,,,,1,1,1,1,5
200500001423,0005-01-13 09:15:00,5,1,13,9,15,830,23.0,,,,Plein jour,Hors agglomération,Hors intersection,Normale,Trois véhicules et plus - collisions multiples,,,,,,,,,,,1,1,1,1,5
200500001424,0005-01-23 18:00:00,5,1,23,18,0,830,23.0,,,,Nuit sans éclairage public,Hors agglomération,Hors intersection,Normale,Deux véhicules - frontale,,,,,,,,,,,3,1,1,1,1
200500001425,0005-01-05 07:45:00,5,1,5,7,45,830,95.0,,43.564,6.092,Plein jour,Hors agglomération,Hors intersection,Normale,Deux véhicules - frontale,,,,,,,,,,,1,1,1,1,1
200500001426,0005-01-05 17:30:00,5,1,5,17,30,830,25.0,,43.515,5.923,Crépuscule ou aube,Hors agglomération,Hors intersection,Normale,Sans collision,,,,,,,,,,,2,1,1,1,7
200500001427,0005-01-24 23:00:00,5,1,24,23,0,830,12.0,"233, ROUTE DE TAVERNES",43.564,6.011,Nuit avec éclairage allumé,En agglomération,Hors intersection,Normale,Autre collision,,,,,,,,,,,5,2,1,1,6
200500001428,0005-01-12 19:00:00,5,1,12,19,0,830,113.0,,43.711,5.872,Nuit sans éclairage public,Hors agglomération,Hors intersection,Normale,Deux véhicules - frontale,,,,,,,,,,,3,1,1,1,1
200500001429,0005-01-22 18:15:00,5,1,22,18,15,830,77.0,,,,Plein jour,Hors agglomération,Hors intersection,Normale,Deux véhicules - frontale,,,,,,,,,,,1,1,1,1,1
200500001430,0005-01-02 12:30:00,5,1,2,12,30,830,97.0,,,,Plein jour,Hors agglomération,Hors intersection,Normale,Deux véhicules - frontale,,,,,,,,,,,1,1,1,1,1
200500001431,0005-01-07 23:45:00,5,1,7,23,45,830,97.0,,43.501,5.736,Nuit sans éclairage public,Hors agglomération,Hors intersection,Normale,Sans collision,,,,,,,,,,,3,1,1,1,7
200500001432,0005-01-28 11:15:00,5,1,28,11,15,830,116.0,,,,Plein jour,Hors agglomération,Hors intersection,Normale,Deux véhicules - frontale,,,,,,,,,,,1,1,1,1,1
200500001433,0005-01-07 13:00:00,5,1,7,13,0,830,120.0,,,,Plein jour,Hors agglomération,Hors intersection,Normale,Deux véhicules - frontale,,,,,,,,,,,1,1,1,1,1
200500001434,0005-01-29 18:15:00,5,1,29,18,15,830,107.0,,43.467,6.628,Nuit sans éclairage public,Hors agglomération,Hors intersection,Normale,Autre collision,,,,,,,,,,,3,1,1,1,6
200500001435,0005-01-24 20:45:00,5,1,24,20,45,830,36.0,,,,Nuit sans éclairage public,Hors agglomération,Hors intersection,Autre,Sans collision,,,,,,,,,,,3,1,1,9,7
200500001436,0005-01-22 16:30:00,5,1,22,16,30,830,68.0,,,,Plein jour,Hors agglomération,Hors intersection,Normale,Deux véhicules - côté,,,,,,,,,,,1,1,1,1,3
200500001437,0005-01-14 22:30:00,5,1,14,22,30,830,85.0,,43.524,6.563,Nuit sans éclairage public,Hors agglomération,Hors intersection,Normale,Autre collision,,,,,,,,,,,3,1,1,1,6
200500001438,0005-01-25 18:45:00,5,1,25,18,45,830,86.0,,,,Nuit sans éclairage public,Hors agglomération,Hors intersection,Normale,Deux véhicules - frontale,,,,,,,,,,,3,1,1,1,1
200500001439,0005-01-05 11:00:00,5,1,5,11,0,830,115.0,RUE DE LA PLAGE,,,Plein jour,En agglomération,Hors intersection,Normale,Autre collision,,,,,,,,,,,1,2,1,1,6
200500001440,0005-01-07 16:00:00,5,1,7,16,0,830,115.0,AV DELATTRE DE TASSIGNY,,,Plein jour,En agglomération,Hors intersection,Temps éblouissant,Autre collision,,,,,,,,,,,1,2,1,7,6
200500001441,0005-01-11 07:30:00,5,1,11,7,30,830,115.0,RUE GALLIENI,,,Nuit sans éclairage public,En agglomération,Hors intersection,Normale,Autre collision,,,,,,,,,,,3,2,1,1,6
200500001442,0005-01-12 14:45:00,5,1,12,14,45,830,16.0,,43.222,5.816,Plein jour,Hors agglomération,Hors intersection,Normale,Deux véhicules - côté,,,,,,,,,,,1,1,1,1,3
200500001443,0005-01-01 06:30:00,5,1,1,6,30,830,43.0,,,,Nuit sans éclairage public,Hors agglomération,Hors intersection,Autre,Autre collision,,,,,,,,,,,3,1,1,9,6
200500001444,0005-01-04 19:15:00,5,1,4,19,15,830,49.0,,43.24,6.104,Nuit sans éclairage public,Hors agglomération,Hors intersection,Normale,Deux véhicules - côté,,,,,,,,,,,3,1,1,1,3
200500001445,0005-01-10 17:30:00,5,1,10,17,30,830,47.0,,43.132,6.082,Nuit sans éclairage public,Hors agglomération,Hors intersection,Normale,Deux véhicules - côté,,,,,,,,,,,3,1,1,1,3
200500001446,0005-01-19 18:00:00,5,1,19,18,0,830,47.0,,43.141,6.081,Nuit sans éclairage public,Hors agglomération,Hors intersection,Normale,Autre collision,,,,,,,,,,,3,1,1,1,6
200500001447,0005-01-20 12:45:00,5,1,20,12,45,830,70.0,,,,Plein jour,Hors agglomération,Hors intersection,Normale,Sans collision,,,,,,,,,,,1,1,1,1,7
200500001448,0005-01-05 18:00:00,5,1,5,18,0,830,71.0,,,,Nuit sans éclairage public,Hors agglomération,Hors intersection,Normale,Trois véhicules et plus - collisions multiples,,,,,,,,,,,3,1,1,1,5
200500001449,0005-01-15 11:45:00,5,1,15,11,45,830,71.0,,,,Plein jour,Hors agglomération,Hors intersection,Normale,Autre collision,,,,,,,,,,,1,1,1,1,6
200500001450,0005-01-18 11:15:00,5,1,18,11,15,830,71.0,,,,Plein jour,Hors agglomération,Hors intersection,Normale,Deux véhicules - frontale,,,,,,,,,,,1,1,1,1,1
200500001451,0005-01-19 09:30:00,5,1,19,9,30,830,112.0,,43.165,5.729,Plein jour,Hors agglomération,Hors intersection,Temps couvert,Deux véhicules - côté,,,,,,,,,,,1,1,1,8,3
200500001452,0005-01-11 19:30:00,5,1,11,19,30,830,130.0,156 rue de la republique,,,Nuit sans éclairage public,En agglomération,Hors intersection,Normale,Autre collision,,,,,,,,,,,3,2,1,1,6
200500001453,0005-01-26 18:45:00,5,1,26,18,45,830,130.0,4 RUE REPUBLIQUE,,,Nuit avec éclairage allumé,En agglomération,Hors intersection,Normale,Autre collision,,,,,,,,,,,5,2,1,1,6
200500001454,0005-01-03 12:00:00,5,1,3,12,0,840,131.0,,43.839,5.079,Plein jour,Hors agglomération,Hors intersection,Normale,Deux véhicules - arrière,,,,,,,,,,,1,1,1,1,2
200500001455,0005-01-10 17:30:00,5,1,10,17,30,840,99.0,,43.873,5.127,Crépuscule ou aube,En agglomération,Hors intersection,Normale,Deux véhicules - côté,,,,,,,,,,,2,2,1,1,3
200500001456,0005-01-14 17:15:00,5,1,14,17,15,840,71.0,CD29,43.849,5.14,Plein jour,En agglomération,Hors intersection,Normale,Autre collision,,,,,,,,,,,1,2,1,1,6
200500001457,0005-01-21 05:15:00,5,1,21,5,15,840,38.0,,43.82,5.067,Nuit avec éclairage allumé,En agglomération,Hors intersection,Normale,Deux véhicules - arrière,,,,,,,,,,,5,2,1,1,2
200500001458,0005-01-07 23:45:00,5,1,7,23,45,840,129.0,,44.007,4.888,Nuit sans éclairage public,Hors agglomération,Hors intersection,Normale,Sans collision,,,,,,,,,,,3,1,1,1,7
200500001459,0005-01-10 19:15:00,5,1,10,19,15,840,129.0,Bd Salvador Allendé,,,Nuit avec éclairage allumé,En agglomération,Hors intersection,Normale,Deux véhicules - côté,,,,,,,,,,,5,2,1,1,3