accident_id,datetime,annee,mois,jour,heure,minute,departement,commune_insee,adresse,latitude,longitude,luminosite,agglomeration,intersection,meteo,collision,nb_vehicules,nb_usagers,nb_indemnes,nb_tues,nb_blesses_hosp,nb_blesses_legers,age_cond_1,age_cond_2,veh_type_cond_1,veh_type_cond_2,lum_code,agg_code,int_code,atm_code,col_code
200500001460,0005-01-16 08:30:00,5,1,16,8,30,840,3.0,,43.856,5.385,Plein jour,Hors agglomération,Hors intersection,Normale,Autre collision,,,,,,,,,,,1,1,1,1,6
200500001461,0005-01-17 16:45:00,5,1,17,16,45,840,3.0,AVENUE DU VIADUC,43.883,5.388,Plein jour,En agglomération,Hors intersection,Normale,Deux véhicules - côté,,,,,,,,,,,1,2,1,1,3
200500001462,0005-01-30 05:00:00,5,1,30,5,0,840,3.0,,,,Nuit sans éclairage public,Hors agglomération,Hors intersection,Normale,Sans collision,,,,,,,,,,,3,1,1,1,7
200500001463,0005-01-09 17:15:00,5,1,9,17,15,840,95.0,,,,Plein jour,Hors agglomération,Intersection en X,Normale,Deux véhicules - côté,,,,,,,,,,,1,1,2,1,3
200500001464,0005-01-29 14:00:00,5,1,29,14,0,840,51.0,,43.865,5.223,Plein jour,Hors agglomération,Hors intersection,Normale,Deux véhicules - frontale,,,,,,,,,,,1,1,1,1,1
200500001465,0005-01-10 02:30:00,5,1,10,2,30,840,122.0,,,,Nuit sans éclairage public,Hors agglomération,Hors intersection,Normale,Sans collision,,,,,,,,,,,3,1,1,1,7
200500001466,0005-01-25 18:00:00,5,1,25,18,0,840,43.0,,,,Nuit sans éclairage public,Hors agglomération,Hors intersection,Vent fort / tempête,Autre collision,,,,,,,,,,,3,1,1,6,6
200500001467,0005-01-04 12:00:00,5,1,4,12,0,840,8.0,,,,Plein jour,Hors agglomération,Hors intersection,Normale,Deux véhicules - côté,,,,,,,,,,,1,1,1,1,3
200500001468,0005-01-22 14:45:00,5,1,22,14,45,840,88.0,,,,Plein jour,Hors agglomération,Hors intersection,Normale,Deux véhicules - côté,,,,,,,,,,,1,1,1,1,3
200500001469,0005-01-07 18:00:00,5,1,7,18,0,840,91.0,,44.16,4.76,Nuit sans éclairage public,Hors agglomération,Hors intersection,Normale,Deux véhicules - côté,,,,,,,,,,,3,1,1,1,3
200500001470,0005-01-27 07:30:00,5,1,27,7,30,840,29.0,,,,Plein jour,Hors agglomération,Intersection en X,Vent fort / tempête,Deux véhicules - côté,,,,,,,,,,,1,1,2,6,3
200500001471,0005-01-31 08:00:00,5,1,31,8,0,840,56.0,,,,Plein jour,Hors agglomération,Hors intersection,Vent fort / tempête,Sans collision,,,,,,,,,,,1,1,1,6,7
200500001472,0005-01-23 17:45:00,5,1,23,17,45,840,78.0,,44.259,4.682,Nuit sans éclairage public,Hors agglomération,Hors intersection,Pluie légère,Deux véhicules - frontale,,,,,,,,,,,3,1,1,2,1
200500001473,0005-01-18 17:00:00,5,1,18,17,0,840,116.0,,,,Nuit sans éclairage public,Hors agglomération,Hors intersection,Pluie légère,Deux véhicules - frontale,,,,,,,,,,,3,1,1,2,1
200500001474,0005-01-19 18:15:00,5,1,19,18,15,340,57.0,,,,Crépuscule ou aube,Hors agglomération,Hors intersection,Normale,Deux véhicules - côté,,,,,,,,,,,2,1,1,1,3
200500001475,0005-01-21 18:00:00,5,1,21,18,0,340,90.0,RN113,,,Crépuscule ou aube,En agglomération,Hors intersection,Normale,Deux véhicules - frontale,,,,,,,,,,,2,2,1,1,1
200500001476,0005-01-25 16:00:00,5,1,25,16,0,340,57.0,,,,Plein jour,Hors agglomération,Hors intersection,Normale,Autre collision,,,,,,,,,,,1,1,1,1,6
200500001477,0005-01-21 12:15:00,5,1,21,12,15,340,327.0,rue de la monnaie,43.664,3.975,Plein jour,En agglomération,Hors intersection,Normale,Deux véhicules - côté,,,,,,,,,,,1,2,1,1,3
200500001478,0005-01-06 07:45:00,5,1,6,7,45,340,243.0,,43.911,3.766,Plein jour,Hors agglomération,Hors intersection,Autre,Autre collision,,,,,,,,,,,1,1,1,9,6
200500001479,0005-01-05 12:30:00,5,1,5,12,30,340,344.0,rue du Casino,43.563,4.089,Plein jour,En agglomération,Hors intersection,Normale,Deux véhicules - côté,,,,,,,,,,,1,2,1,1,3
200500001480,0005-01-04 18:30:00,5,1,4,18,30,340,151.0,,,,Nuit sans éclairage public,Hors agglomération,Hors intersection,Normale,Autre collision,,,,,,,,,,,3,1,1,1,6
200500001481,0005-01-05 19:15:00,5,1,5,19,15,340,145.0,AVE DU GENERAL DE GAULLE,,,Nuit avec éclairage allumé,En agglomération,Hors intersection,Normale,Deux véhicules - arrière,,,,,,,,,,,5,2,1,1,2
200500001482,0005-01-18 09:00:00,5,1,18,9,0,340,145.0,PLACE DE LA REPUBLIQUE,,,Plein jour,En agglomération,Autre intersection,Normale,Deux véhicules - côté,,,,,,,,,,,1,2,9,1,3
200500001483,0005-01-31 15:45:00,5,1,31,15,45,340,145.0,164 avenue de Mauguio,,,Plein jour,En agglomération,Hors intersection,Normale,Autre collision,,,,,,,,,,,1,2,1,1,6
200500001484,0005-01-05 06:30:00,5,1,5,6,30,340,96.0,,,,Nuit sans éclairage public,Hors agglomération,Hors intersection,Autre,Autre collision,,,,,,,,,,,3,1,1,9,6
200500001485,0005-01-15 14:15:00,5,1,15,14,15,340,28.0,,43.618,3.174,Plein jour,Hors agglomération,Hors intersection,Normale,Deux véhicules - arrière,,,,,,,,,,,1,1,1,1,2
200500001486,0005-01-31 18:00:00,5,1,31,18,0,340,28.0,ROND POINT MAC DONALD,,,Plein jour,En agglomération,Giratoire,Normale,Sans collision,,,,,,,,,,,1,2,6,1,7
200500001487,0005-01-01 08:00:00,5,1,1,8,0,340,183.0,,43.301,3.145,Plein jour,Hors agglomération,Hors intersection,Normale,Autre collision,,,,,,,,,,,1,1,1,1,6
200500001488,0005-01-07 10:00:00,5,1,7,10,0,340,225.0,AVENUE VICTOR HUGO,43.373,3.042,Plein jour,En agglomération,Hors intersection,Temps éblouissant,Deux véhicules - arrière,,,,,,,,,,,1,2,1,7,2
200500001489,0005-01-10 08:00:00,5,1,10,8,0,340,81.0,,43.312,3.168,Crépuscule ou aube,Hors agglomération,Intersection en X,Normale,Trois véhicules et plus - collisions multiples,,,,,,,,,,,2,1,2,1,5
200500001490,0005-01-03 22:15:00,5,1,3,22,15,340,310.0,AVENUE DE BEZIERS,43.427,3.168,Nuit avec éclairage allumé,En agglomération,Hors intersection,Normale,Deux véhicules - côté,,,,,,,,,,,5,2,1,1,3
200500001491,0005-01-24 10:30:00,5,1,24,10,30,340,178.0,,43.44,3.129,Plein jour,Hors agglomération,Hors intersection,Normale,Sans collision,,,,,,,,,,,1,1,1,1,7
200500001492,0005-01-22 19:00:00,5,1,22,19,0,340,148.0,,43.375,3.147,Nuit sans éclairage public,Hors agglomération,Hors intersection,Normale,Autre collision,,,,,,,,,,,3,1,1,1,6
200500001493,0005-01-13 19:45:00,5,1,13,19,45,340,199.0,rue J-J ROUSSEAU,,,Nuit avec éclairage allumé,En agglomération,Hors intersection,Normale,Deux véhicules - côté,,,,,,,,,,,5,2,1,1,3
200500001494,0005-01-18 19:45:00,5,1,18,19,45,340,237.0,,43.5,3.334,Nuit sans éclairage public,Hors agglomération,Hors intersection,Vent fort / tempête,Autre collision,,,,,,,,,,,3,1,1,6,6
200500001495,0005-01-21 18:15:00,5,1,21,18,15,340,94.0,,,,Nuit sans éclairage public,Hors agglomération,Hors intersection,Normale,Autre collision,,,,,,,,,,,3,1,1,1,6
200500001496,0005-01-24 10:00:00,5,1,24,10,0,340,237.0,,43.509,3.311,Plein jour,En agglomération,Hors intersection,Normale,Autre collision,,,,,,,,,,,1,2,1,1,6
200500001497,0005-01-24 22:30:00,5,1,24,22,30,340,139.0,,43.435,3.255,Nuit sans éclairage public,Hors agglomération,Hors intersection,Normale,Autre collision,,,,,,,,,,,3,1,1,1,6
200500001498,0005-01-15 00:45:00,5,1,15,0,45,340,299.0,AVENUE DE LA PLAGE,43.285,3.284,Nuit avec éclairage allumé,En agglomération,Hors intersection,Normale,Autre collision,,,,,,,,,,,5,2,1,1,6
200500001499,0005-01-29 20:30:00,5,1,29,20,30,340,329.0,,43.296,3.221,Nuit sans éclairage public,Hors agglomération,Hors intersection,Normale,Trois véhicules et plus - collisions multiples,,,,,,,,,,,3,1,1,1,5
200500001500,0005-01-08 06:00:00,5,1,8,6,0,340,142.0,AVENUE DE FUMEL,,,Nuit avec éclairage allumé,En agglomération,Hors intersection,Normale,Autre collision,,,,,,,,,,,5,2,1,1,6
200500001501,0005-01-18 20:30:00,5,1,18,20,30,340,142.0,,,,Nuit sans éclairage public,Hors agglomération,Hors intersection,Autre,Autre collision,,,,,,,,,,,3,1,1,9,6
200500001502,0005-01-03 18:00:00,5,1,3,18,0,340,29.0,Centre ville,43.557,3.487,Plein jour,En agglomération,Hors intersection,Normale,Deux véhicules - côté,,,,,,,,,,,1,2,1,1,3
200500001503,0005-01-13 08:00:00,5,1,13,8,0,340,45.0,,43.575,3.364,Nuit sans éclairage public,Hors agglomération,Hors intersection,Normale,Sans collision,,,,,,,,,,,3,1,1,1,7
200500001504,0005-01-15 14:30:00,5,1,15,14,30,340,210.0,,43.614,3.503,Plein jour,Hors agglomération,Hors intersection,Normale,Deux véhicules - frontale,,,,,,,,,,,1,1,1,1,1
200500001505,0005-01-29 00:30:00,5,1,29,0,30,340,47.0,,43.545,3.485,Nuit sans éclairage public,Hors agglomération,Hors intersection,Vent fort / tempête,Autre collision,,,,,,,,,,,3,1,1,6,6
200500001506,0005-01-25 18:30:00,5,1,25,18,30,340,10.0,,,,Crépuscule ou aube,En agglomération,Hors intersection,Normale,Deux véhicules - côté,,,,,,,,,,,2,2,1,1,3
200500001507,0005-01-02 18:00:00,5,1,2,18,0,340,332.0,,,,Nuit sans éclairage public,Hors agglomération,Hors intersection,Normale,Deux véhicules - frontale,,,,,,,,,,,3,1,1,1,1
200500001508,0005-01-04 12:00:00,5,1,4,12,0,340,95.0,,43.562,3.796,Plein jour,Hors agglomération,Autre intersection,Normale,Sans collision,,,,,,,,,,,1,1,9,1,7
200500001509,0005-01-10 18:30:00,5,1,10,18,30,340,113.0,,43.502,3.712,Nuit avec éclairage allumé,En agglomération,Hors intersection,Normale,Trois véhicules et plus - collisions multiples,,,,,,,,,,,5,2,1,1,5
200500001510,0005-01-20 19:30:00,5,1,20,19,30,340,213.0,,43.504,3.668,Nuit sans éclairage public,Hors agglomération,Hors intersection,Normale,Deux véhicules - frontale,,,,,,,,,,,3,1,1,1,1
200500001511,0005-01-28 20:00:00,5,1,28,20,0,340,113.0,,43.461,3.691,Nuit sans éclairage public,Hors agglomération,Hors intersection,Normale,Deux véhicules - frontale,,,,,,,,,,,3,1,1,1,1
200500001512,0005-01-10 10:30:00,5,1,10,10,30,340,157.0,,43.459,3.597,Plein jour,Hors agglomération,Hors intersection,Normale,Sans collision,,,,,,,,,,,1,1,1,1,7
200500001513,0005-01-30 17:00:00,5,1,30,17,0,340,213.0,Carrefour des baux,43.488,3.663,Plein jour,En agglomération,Hors intersection,Normale,Deux véhicules - arrière,,,,,,,,,,,1,2,1,1,2
200500001514,0005-01-20 07:30:00,5,1,20,7,30,110,198.0,,43.3,2.54,Crépuscule ou aube,Hors agglomération,Hors intersection,Pluie légère,Autre collision,,,,,,,,,,,2,1,1,2,6
200500001515,0005-01-28 14:45:00,5,1,28,14,45,110,22.0,Ave.de  l'Argent Double,,,Plein jour,En agglomération,Intersection en X,Normale,Deux véhicules - côté,,,,,,,,,,,1,2,2,1,3
200500001516,0005-01-30 02:15:00,5,1,30,2,15,110,81.0,,43.317,2.5,Nuit sans éclairage public,Hors agglomération,Hors intersection,Normale,Autre collision,,,,,,,,,,,3,1,1,1,6
200500001517,0005-01-02 17:00:00,5,1,2,17,0,110,254.0,19 avenue général de Gau,43.203,2.147,Crépuscule ou aube,En agglomération,Hors intersection,Pluie légère,Autre collision,,,,,,,,,,,2,2,1,2,6
200500001518,0005-01-28 15:00:00,5,1,28,15,0,110,90.0,,43.115,2.273,Plein jour,Hors agglomération,Hors intersection,Temps couvert,Deux véhicules - frontale,,,,,,,,,,,1,1,1,8,1
200500001519,0005-01-30 14:00:00,5,1,30,14,0,110,206.0,ROUTE DE CARCASSONNE,43.064,2.221,Plein jour,En agglomération,Hors intersection,Normale,Deux véhicules - arrière,,,,,,,,,,,1,2,1,1,2
200500001520,0005-01-24 17:30:00,5,1,24,17,30,110,145.0,,,,Plein jour,Hors agglomération,Hors intersection,Normale,Sans collision,,,,,,,,,,,1,1,1,1,7
200500001521,0005-01-01 02:00:00,5,1,1,2,0,110,77.0,,43.236,2.676,Nuit avec éclairage allumé,Hors agglomération,Autre intersection,Normale,Autre collision,,,,,,,,,,,5,1,9,1,6
200500001522,0005-01-09 18:30:00,5,1,9,18,30,110,203.0,,43.21,2.791,Nuit sans éclairage public,Hors agglomération,Hors intersection,Normale,Sans collision,,,,,,,,,,,3,1,1,1,7
200500001523,0005-01-19 08:45:00,5,1,19,8,45,110,98.0,,,,Nuit sans éclairage public,Hors agglomération,Hors intersection,Normale,Deux véhicules - arrière,,,,,,,,,,,3,1,1,1,2
200500001524,0005-01-29 15:00:00,5,1,29,15,0,110,64.0,CHEMIN DE TRAVERSE,43.134,2.654,Plein jour,En agglomération,Hors intersection,Vent fort / tempête,Sans collision,,,,,,,,,,,1,2,1,6,7
200500001525,0005-01-25 07:30:00,5,1,25,7,30,110,431.0,,42.965,2.769,Nuit sans éclairage public,Hors agglomération,Hors intersection,Neige / grêle,Sans collision,,,,,,,,,,,3,1,1,4,7
200500001526,0005-01-24 13:15:00,5,1,24,13,15,300,133.0,,,,Plein jour,Hors agglomération,Hors intersection,Normale,Deux véhicules - arrière,,,,,,,,,,,1,1,1,1,2
200500001527,0005-01-19 14:00:00,5,1,19,14,0,300,321.0,RN 110,43.787,4.087,Plein jour,En agglomération,Hors intersection,Normale,Autre collision,,,,,,,,,,,1,2,1,1,6
200500001528,0005-01-31 15:15:00,5,1,31,15,15,300,91.0,,,,Plein jour,Hors agglomération,Hors intersection,Normale,Sans collision,,,,,,,,,,,1,1,1,1,7
200500001529,0005-01-21 21:00:00,5,1,21,21,0,300,156.0,,43.899,4.528,Nuit sans éclairage public,Hors agglomération,Hors intersection,Normale,Trois véhicules et plus - collisions multiples,,,,,,,,,,,3,1,1,1,5
200500001530,0005-01-10 13:30:00,5,1,10,13,30,300,258.0,RN 572,,,Plein jour,En agglomération,Intersection en X,Normale,Trois véhicules et plus - en chaîne,,,,,,,,,,,1,2,2,1,4
200500001531,0005-01-25 10:45:00,5,1,25,10,45,300,258.0,,43.699,4.389,Plein jour,Hors agglomération,Hors intersection,Vent fort / tempête,Autre collision,,,,,,,,,,,1,1,1,6,6
200500001532,0005-01-04 20:30:00,5,1,4,20,30,300,274.0,avenue des Rosiers,,,Nuit avec éclairage allumé,En agglomération,Hors intersection,Normale,Sans collision,,,,,,,,,,,5,2,1,1,7
200500001533,0005-01-22 22:45:00,5,1,22,22,45,300,173.0,,44.113,4.164,Nuit sans éclairage public,Hors agglomération,Hors intersection,Normale,Autre collision,,,,,,,,,,,3,1,1,1,6
200500001534,0005-01-23 18:00:00,5,1,23,18,0,300,305.0,,44.177,4.16,Nuit avec éclairage allumé,En agglomération,Hors intersection,Pluie légère,Deux véhicules - côté,,,,,,,,,,,5,2,1,2,3
200500001535,0005-01-26 14:15:00,5,1,26,14,15,300,173.0,,44.147,4.173,Plein jour,Hors agglomération,Hors intersection,Normale,Autre collision,,,,,,,,,,,1,1,1,1,6
200500001536,0005-01-28 10:30:00,5,1,28,10,30,300,294.0,,44.133,4.136,Plein jour,Hors agglomération,Hors intersection,Normale,Autre collision,,,,,,,,,,,1,1,1,1,6
200500001537,0005-01-01 05:45:00,5,1,1,5,45,300,72.0,,,,Nuit sans éclairage public,Hors agglomération,Hors intersection,Normale,Sans collision,,,,,,,,,,,3,1,1,1,7
200500001538,0005-01-10 10:45:00,5,1,10,10,45,300,267.0,,,,Plein jour,Hors agglomération,Hors intersection,Normale,Autre collision,,,,,,,,,,,1,1,1,1,6
200500001539,0005-01-03 10:00:00,5,1,3,10,0,300,227.0,rte d uzes,44.259,4.207,Plein jour,En agglomération,Hors intersection,Normale,Autre collision,,,,,,,,,,,1,2,1,1,6
200500001540,0005-01-14 14:45:00,5,1,14,14,45,300,227.0,Mas Coulet,44.206,4.239,Nuit sans éclairage public,En agglomération,Hors intersection,Normale,Autre collision,,,,,,,,,,,3,2,1,1,6
200500001541,0005-01-15 16:30:00,5,1,15,16,30,300,268.0,Rue pierre barbesan,44.237,4.144,Plein jour,En agglomération,Hors intersection,Normale,Autre collision,,,,,,,,,,,1,2,1,1,6
200500001542,0005-01-22 17:00:00,5,1,22,17,0,300,8.0,,,,Plein jour,Hors agglomération,Hors intersection,Normale,Sans collision,,,,,,,,,,,1,1,1,1,7
200500001543,0005-01-31 14:15:00,5,1,31,14,15,300,29.0,,44.306,4.343,Plein jour,Hors agglomération,Hors intersection,Normale,Deux véhicules - côté,,,,,,,,,,,1,1,1,1,3
200500001544,0005-01-17 16:45:00,5,1,17,16,45,300,1.0,,,,Plein jour,Hors agglomération,Hors intersection,Normale,Deux véhicules - frontale,,,,,,,,,,,1,1,1,1,1
200500001545,0005-01-17 07:45:00,5,1,17,7,45,300,202.0,avenue de gaulle,,,Plein jour,En agglomération,Hors intersection,Normale,Deux véhicules - côté,,,,,,,,,,,1,2,1,1,3
200500001546,0005-01-21 09:45:00,5,1,21,9,45,300,212.0,,43.945,4.604,Plein jour,Hors agglomération,Hors intersection,Normale,Deux véhicules - côté,,,,,,,,,,,1,1,1,1,3
200500001547,0005-01-12 15:30:00,5,1,12,15,30,300,141.0,CHEMIN DE LA GARE,,,Plein jour,En agglomération,Hors intersection,Normale,Deux véhicules - côté,,,,,,,,,,,1,2,1,1,3
200500001548,0005-01-21 08:15:00,5,1,21,8,15,300,221.0,,,,Plein jour,Hors agglomération,Hors intersection,Normale,Autre collision,,,,,,,,,,,1,1,1,1,6
200500001549,0005-01-01 05:30:00,5,1,1,5,30,300,61.0,,,,Nuit sans éclairage public,Hors agglomération,Hors intersection,Normale,Sans collision,,,,,,,,,,,3,1,1,1,7
200500001550,0005-01-02 13:30:00,5,1,2,13,30,300,88.0,,,,Plein jour,Hors agglomération,Hors intersection,Normale,Deux véhicules - frontale,,,,,,,,,,,1,1,1,1,1
200500001551,0005-01-01 21:30:00,5,1,1,21,30,300,122.0,,,,Nuit sans éclairage public,Hors agglomération,Hors intersection,Normale,Sans collision,,,,,,,,,,,3,1,1,1,7
200500001552,0005-01-06 20:45:00,5,1,6,20,45,300,61.0,,43.888,4.304,Nuit sans éclairage public,Hors agglomération,Hors intersection,Normale,Autre collision,,,,,,,,,,,3,1,1,1,6
200500001553,0005-01-06 15:45:00,5,1,6,15,45,300,61.0,,43.888,4.305,Nuit sans éclairage public,Hors agglomération,Hors intersection,Normale,Trois véhicules et plus - en chaîne,,,,,,,,,,,3,1,1,1,4
200500001554,0005-01-06 07:30:00,5,1,6,7,30,300,228.0,,,,Crépuscule ou aube,Hors agglomération,Hors intersection,Autre,Trois véhicules et plus - collisions multiples,,,,,,,,,,,2,1,1,9,5
200500001555,0005-01-18 08:00:00,5,1,18,8,0,300,122.0,,43.901,4.225,Plein jour,Hors agglomération,Hors intersection,Normale,Deux véhicules - frontale,,,,,,,,,,,1,1,1,1,1
200500001556,0005-01-23 00:30:00,5,1,23,0,30,300,111.0,,,,Nuit sans éclairage public,Hors agglomération,Hors intersection,Normale,Autre collision,,,,,,,,,,,3,1,1,1,6
200500001557,0005-01-23 20:30:00,5,1,23,20,30,300,229.0,,44.014,3.675,Nuit sans éclairage public,Hors agglomération,Hors intersection,Normale,Deux véhicules - côté,,,,,,,,,,,3,1,1,1,3
200500001558,0005-01-10 15:45:00,5,1,10,15,45,300,210.0,,43.925,3.99,Plein jour,Hors agglomération,Hors intersection,Normale,Deux véhicules - frontale,,,,,,,,,,,1,1,1,1,1
200500001559,0005-01-16 14:45:00,5,1,16,14,45,300,263.0,RD 999,,,Plein jour,En agglomération,Hors intersection,Normale,Deux véhicules - côté,,,,,,,,,,,1,2,1,1,3
200500001560,0005-01-16 14:30:00,5,1,16,14,30,300,106.0,,43.974,3.925,Plein jour,Hors agglomération,Hors intersection,Normale,Deux véhicules - frontale,,,,,,,,,,,1,1,1,1,1
200500001561,0005-01-28 16:30:00,5,1,28,16,30,480,80.0,AVENUE CONTURIE,44.736,3.857,Plein jour,En agglomération,Hors intersection,Temps couvert,Autre collision,,,,,,,,,,,1,2,1,8,6
200500001562,0005-01-02 17:45:00,5,1,2,17,45,480,107.0,,44.529,3.298,Nuit sans éclairage public,Hors agglomération,Hors intersection,Normale,Trois véhicules et plus - collisions multiples,,,,,,,,,,,3,1,1,1,5
200500001563,0005-01-10 05:30:00,5,1,10,5,30,480,34.0,,44.484,3.205,Nuit sans éclairage public,Hors agglomération,Hors intersection,Autre,Sans collision,,,,,,,,,,,3,1,1,9,7
200500001564,0005-01-13 08:30:00,5,1,13,8,30,480,59.0,CHAULHAC,44.804,3.21,Plein jour,En agglomération,Hors intersection,Autre,Autre collision,,,,,,,,,,,1,2,1,9,6
200500001565,0005-01-18 09:30:00,5,1,18,9,30,480,188.0,,44.698,3.397,Nuit sans éclairage public,Hors agglomération,Hors intersection,Normale,Autre collision,,,,,,,,,,,3,1,1,1,6
200500001566,0005-01-07 10:30:00,5,1,7,10,30,660,28.0,,,,Plein jour,Hors agglomération,Hors intersection,Normale,Autre collision,,,,,,,,,,,1,1,1,1,6
200500001567,0005-01-19 15:00:00,5,1,19,15,0,660,164.0,,42.77,2.84,Nuit sans éclairage public,Hors agglomération,Hors intersection,Normale,Autre collision,,,,,,,,,,,3,1,1,1,6
200500001568,0005-01-16 18:00:00,5,1,16,18,0,660,94.0,,,,Crépuscule ou aube,Hors agglomération,Hors intersection,Normale,Sans collision,,,,,,,,,,,2,1,1,1,7
200500001569,0005-01-09 19:30:00,5,1,9,19,30,660,145.0,,42.626,2.869,Nuit sans éclairage public,Hors agglomération,Hors intersection,Normale,Deux véhicules - côté,,,,,,,,,,,3,1,1,1,3
200500001570,0005-01-13 21:00:00,5,1,13,21,0,660,226.0,,,,Nuit avec éclairage allumé,Hors agglomération,Hors intersection,Normale,Autre collision,,,,,,,,,,,5,1,1,1,6
200500001571,0005-01-17 10:00:00,5,1,17,10,0,660,3.0,avenue beausoleil,42.48,2.67,Plein jour,En agglomération,Hors intersection,Normale,Deux véhicules - frontale,,,,,,,,,,,1,2,1,1,1
200500001572,0005-01-21 16:15:00,5,1,21,16,15,660,160.0,,42.485,2.699,Plein jour,Hors agglomération,Hors intersection,Normale,Deux véhicules - frontale,,,,,,,,,,,1,1,1,1,1
200500001573,0005-01-27 17:00:00,5,1,27,17,0,660,49.0,Avenue du Vallespir,42.5,2.74,Plein jour,En agglomération,Hors intersection,Normale,Autre collision,,,,,,,,,,,1,2,1,1,6
200500001574,0005-01-28 10:00:00,5,1,28,10,0,660,49.0,avenue des Aspres,,,Nuit avec éclairage allumé,En agglomération,Hors intersection,Pluie légère,Autre collision,,,,,,,,,,,5,2,1,2,6
200500001575,0005-01-12 12:45:00,5,1,12,12,45,660,8.0,route de collioures,42.548,3.029,Plein jour,En agglomération,Hors intersection,Normale,Deux véhicules - côté,,,,,,,,,,,1,2,1,1,3
200500001576,0005-01-19 10:00:00,5,1,19,10,0,660,178.0,rue du  maillol,42.516,2.797,Plein jour,En agglomération,Hors intersection,Pluie légère,Deux véhicules - frontale,,,,,,,,,,,1,2,1,2,1
200500001577,0005-01-25 13:00:00,5,1,25,13,0,660,24.0,,42.52,2.855,Plein jour,Hors agglomération,Hors intersection,Autre,Sans collision,,,,,,,,,,,1,1,1,9,7
200500001578,0005-01-25 10:30:00,5,1,25,10,30,660,53.0,rue Romain ROLLAND,,,Plein jour,En agglomération,Hors intersection,Temps éblouissant,Autre collision,,,,,,,,,,,1,2,1,7,6
200500001579,0005-01-23 18:00:00,5,1,23,18,0,660,193.0,,,,Crépuscule ou aube,Hors agglomération,Hors intersection,Normale,Deux véhicules - frontale,,,,,,,,,,,2,1,1,1,1
200500001580,0005-01-14 08:45:00,5,1,14,8,45,660,82.0,,42.6,2.1,Plein jour,Hors agglomération,Hors intersection,Normale,Deux véhicules - frontale,,,,,,,,,,,1,1,1,1,1
200500001581,0005-01-14 19:15:00,5,1,14,19,15,201,130.0,,41.908,8.816,Nuit avec éclairage allumé,Hors agglomération,Hors intersection,Normale,Deux véhicules - frontale,,,,,,,,,,,5,1,1,1,1
200500001582,0005-01-01 16:15:00,5,1,1,16,15,201,209.0,,42.031,8.909,Plein jour,Hors agglomération,Hors intersection,Normale,Autre collision,,,,,,,,,,,1,1,1,1,6
200500001583,0005-01-18 12:45:00,5,1,18,12,45,201,6.0,,41.981,8.781,Plein jour,Hors agglomération,Hors intersection,Temps couvert,Sans collision,,,,,,,,,,,1,1,1,8,7
200500001584,0005-01-23 06:30:00,5,1,23,6,30,201,6.0,,,,Nuit sans éclairage public,Hors agglomération,Hors intersection,Normale,Deux véhicules - frontale,,,,,,,,,,,3,1,1,1,1
200500001585,0005-01-16 18:45:00,5,1,16,18,45,201,247.0,U STABIACCIU,41.574,9.275,Nuit sans éclairage public,En agglomération,Intersection en T,Normale,Deux véhicules - côté,,,,,,,,,,,3,2,3,1,3
200500001586,0005-01-01 14:15:00,5,1,1,14,15,202,42.0,,,,Plein jour,Hors agglomération,Hors intersection,Normale,Deux véhicules - frontale,,,,,,,,,,,1,1,1,1,1
200500001587,0005-01-08 19:15:00,5,1,8,19,15,202,355.0,,42.524,9.394,Nuit sans éclairage public,Hors agglomération,Hors intersection,Normale,Deux véhicules - côté,,,,,,,,,,,3,1,1,1,3
200500001588,0005-01-16 11:45:00,5,1,16,11,45,202,96.0,ALLEE DU 09 SEPTEMBRE,42.312,9.15,Plein jour,En agglomération,Hors intersection,Normale,Deux véhicules - frontale,,,,,,,,,,,1,2,1,1,1
200500001589,0005-01-11 19:00:00,5,1,11,19,0,202,96.0,,42.304,9.159,Nuit sans éclairage public,Hors agglomération,Hors intersection,Normale,Autre collision,,,,,,,,,,,3,1,1,1,6
200500001590,0005-01-01 08:45:00,5,1,1,8,45,202,169.0,,,,Plein jour,Hors agglomération,Hors intersection,Normale,Sans collision,,,,,,,,,,,1,1,1,1,7
200500001591,0005-01-06 19:30:00,5,1,6,19,30,202,123.0,RN198 AVENUE DU 9 SEPTEM,,,Nuit avec éclairage allumé,En agglomération,Hors intersection,Normale,Autre collision,,,,,,,,,,,5,2,1,1,6
200500001592,0005-01-10 18:15:00,5,1,10,18,15,202,342.0,VIX,,,Nuit avec éclairage allumé,En agglomération,Hors intersection,Normale,Deux véhicules - arrière,,,,,,,,,,,5,2,1,1,2
200500001593,0005-01-22 14:00:00,5,1,22,14,0,202,123.0,,,,Plein jour,Hors agglomération,Hors intersection,Normale,Deux véhicules - arrière,,,,,,,,,,,1,1,1,1,2