accident_id,datetime,annee,mois,jour,heure,minute,departement,commune_insee,adresse,latitude,longitude,luminosite,agglomeration,intersection,meteo,collision,nb_vehicules,nb_usagers,nb_indemnes,nb_tues,nb_blesses_hosp,nb_blesses_legers,age_cond_1,age_cond_2,veh_type_cond_1,veh_type_cond_2,lum_code,agg_code,int_code,atm_code,col_code
200500001858,0005-01-12 15:00:00,5,1,12,15,0,910,581.0,route de Villeconin,,,Plein jour,En agglomération,Hors intersection,Temps couvert,Sans collision,,,,,,,,,,,1,2,1,8,7
200500001859,0005-01-27 05:30:00,5,1,27,5,30,510,617.0,,,,Nuit sans éclairage public,Hors agglomération,Hors intersection,Normale,Sans collision,,,,,,,,,,,3,1,1,1,7
200500001860,0005-01-12 16:00:00,5,1,12,16,0,570,303.0,,,,Plein jour,Hors agglomération,Hors intersection,Normale,Deux véhicules - arrière,,,,,,,,,,,1,1,1,1,2
200500001861,0005-01-20 14:00:00,5,1,20,14,0,370,5.0,,,,Plein jour,Hors agglomération,Hors intersection,Normale,Sans collision,,,,,,,,,,,1,1,1,1,7
200500001862,0005-01-03 19:15:00,5,1,3,19,15,20,521.0,,,,Nuit sans éclairage public,Hors agglomération,Hors intersection,Normale,Sans collision,,,,,,,,,,,3,1,1,1,7
200500001863,0005-01-12 08:15:00,5,1,12,8,15,20,280.0,,,,Nuit sans éclairage public,Hors agglomération,Hors intersection,Pluie légère,Autre collision,,,,,,,,,,,3,1,1,2,6
200500001864,0005-01-15 20:15:00,5,1,15,20,15,20,168.0,,49.082,3.374,Nuit sans éclairage public,Hors agglomération,Hors intersection,Temps couvert,Autre collision,,,,,,,,,,,3,1,1,8,6
200500001865,0005-01-04 15:00:00,5,1,4,15,0,60,88.0,,,,Plein jour,Hors agglomération,Hors intersection,Normale,Sans collision,,,,,,,,,,,1,1,1,1,7
200500001866,0005-01-21 14:30:00,5,1,21,14,30,60,88.0,,,,Plein jour,Hors agglomération,Hors intersection,Normale,Deux véhicules - arrière,,,,,,,,,,,1,1,1,1,2
200500001867,0005-01-21 20:30:00,5,1,21,20,30,60,150.0,,43.75,7.38,Nuit sans éclairage public,Hors agglomération,Hors intersection,Normale,Autre collision,,,,,,,,,,,3,1,1,1,6
200500001868,0005-01-24 17:45:00,5,1,24,17,45,60,150.0,,,,Plein jour,Hors agglomération,Hors intersection,Normale,Autre collision,,,,,,,,,,,1,1,1,1,6
200500001869,0005-01-29 20:15:00,5,1,29,20,15,60,88.0,,,,Nuit sans éclairage public,Hors agglomération,Hors intersection,Temps couvert,Trois véhicules et plus - collisions multiples,,,,,,,,,,,3,1,1,8,5
200500001870,0005-01-31 17:15:00,5,1,31,17,15,60,88.0,,,,Plein jour,Hors agglomération,Hors intersection,Normale,Deux véhicules - arrière,,,,,,,,,,,1,1,1,1,2
200500001871,0005-01-08 01:45:00,5,1,8,1,45,900,76.0,,,,Nuit sans éclairage public,Hors agglomération,Autre intersection,Normale,Deux véhicules - frontale,,,,,,,,,,,3,1,9,1,1
200500001872,0005-01-01 04:00:00,5,1,1,4,0,660,144.0,,42.65,2.86,Nuit sans éclairage public,Hors agglomération,Hors intersection,Normale,Autre collision,,,,,,,,,,,3,1,1,1,6
200500001873,0005-01-27 08:00:00,5,1,27,8,0,620,563.0,,50.482,2.694,Plein jour,Hors agglomération,Hors intersection,Pluie légère,Deux véhicules - arrière,,,,,,,,,,,1,1,1,2,2
200500001874,0005-01-19 07:30:00,5,1,19,7,30,130,7.0,,,,Nuit sans éclairage public,Hors agglomération,Hors intersection,Normale,Trois véhicules et plus - collisions multiples,,,,,,,,,,,3,1,1,1,5
200500001875,0005-01-21 17:45:00,5,1,21,17,45,130,86.0,,,,Crépuscule ou aube,Hors agglomération,Hors intersection,Normale,Autre collision,,,,,,,,,,,2,1,1,1,6
200500001876,0005-01-10 18:15:00,5,1,10,18,15,110,418.0,,43.259,2.038,Nuit sans éclairage public,Hors agglomération,Hors intersection,Normale,Deux véhicules - côté,,,,,,,,,,,3,1,1,1,3
200500001877,0005-01-18 17:45:00,5,1,18,17,45,110,69.0,,43.199,2.301,Crépuscule ou aube,Hors agglomération,Hors intersection,Neige / grêle,Autre collision,,,,,,,,,,,2,1,1,4,6
200500001878,0005-01-17 14:15:00,5,1,17,14,15,470,68.0,,44.476,0.051,Plein jour,Hors agglomération,Hors intersection,Normale,Deux véhicules - arrière,,,,,,,,,,,1,1,1,1,2
200500001879,0005-01-02 19:30:00,5,1,2,19,30,910,617.0,,48.638,2.527,Nuit sans éclairage public,Hors agglomération,Hors intersection,Normale,Autre collision,,,,,,,,,,,3,1,1,1,6
200500001880,0005-01-12 13:15:00,5,1,12,13,15,910,225.0,10 rue de Tournehemn,48.64,2.479,Plein jour,En agglomération,Hors intersection,Normale,Sans collision,,,,,,,,,,,1,2,1,1,7
200500001881,0005-01-12 19:00:00,5,1,12,19,0,910,617.0,,48.669,2.513,Nuit sans éclairage public,Hors agglomération,Hors intersection,Normale,Trois véhicules et plus - en chaîne,,,,,,,,,,,3,1,1,1,4
200500001882,0005-01-01 03:15:00,5,1,1,3,15,330,284.0,,,,Nuit sans éclairage public,Hors agglomération,Hors intersection,Normale,Autre collision,,,,,,,,,,,3,1,1,1,6
200500001883,0005-01-13 11:00:00,5,1,13,11,0,740,208.0,,45.929,6.734,Plein jour,Hors agglomération,Hors intersection,Normale,Autre collision,,,,,,,,,,,1,1,1,1,6
200500001884,0005-01-13 23:45:00,5,1,13,23,45,720,217.0,,,,Plein jour,Hors agglomération,Hors intersection,Normale,Autre collision,,,,,,,,,,,1,1,1,1,6
200500001885,0005-01-04 20:45:00,5,1,4,20,45,680,118.0,,,,Nuit sans éclairage public,Hors agglomération,Hors intersection,Normale,Trois véhicules et plus - collisions multiples,,,,,,,,,,,3,1,1,1,5
200500001886,0005-01-04 21:15:00,5,1,4,21,15,680,118.0,,,,Nuit sans éclairage public,Hors agglomération,Hors intersection,Normale,Autre collision,,,,,,,,,,,3,1,1,1,6
200500001887,0005-01-04 21:15:00,5,1,4,21,15,680,118.0,,,,Nuit sans éclairage public,Hors agglomération,Hors intersection,Normale,Trois véhicules et plus - en chaîne,,,,,,,,,,,3,1,1,1,4
200500001888,0005-01-30 13:00:00,5,1,30,13,0,680,235.0,,,,Nuit sans éclairage public,Hors agglomération,Hors intersection,Normale,Sans collision,,,,,,,,,,,3,1,1,1,7
200500001889,0005-01-15 08:45:00,5,1,15,8,45,680,300.0,,,,Plein jour,Hors agglomération,Hors intersection,Temps couvert,Autre collision,,,,,,,,,,,1,1,1,8,6
200500001890,0005-01-18 09:15:00,5,1,18,9,15,680,295.0,,,,Plein jour,Hors agglomération,Hors intersection,Normale,Autre collision,,,,,,,,,,,1,1,1,1,6
200500001891,0005-01-18 17:15:00,5,1,18,17,15,680,309.0,,,,Nuit sans éclairage public,Hors agglomération,Autre intersection,Normale,Sans collision,,,,,,,,,,,3,1,9,1,7
200500001892,0005-01-24 16:30:00,5,1,24,16,30,680,21.0,,,,Plein jour,Hors agglomération,Hors intersection,Neige / grêle,Deux véhicules - arrière,,,,,,,,,,,1,1,1,4,2
200500001893,0005-01-28 17:30:00,5,1,28,17,30,680,300.0,,,,Crépuscule ou aube,Hors agglomération,Hors intersection,Normale,Autre collision,,,,,,,,,,,2,1,1,1,6
200500001894,0005-01-29 20:15:00,5,1,29,20,15,680,253.0,,,,Nuit avec éclairage allumé,Hors agglomération,Hors intersection,Normale,Autre collision,,,,,,,,,,,5,1,1,1,6
200500001895,0005-01-14 20:45:00,5,1,14,20,45,490,68.0,,,,Nuit sans éclairage public,Hors agglomération,Hors intersection,Normale,Autre collision,,,,,,,,,,,3,1,1,1,6
200500001896,0005-01-20 18:15:00,5,1,20,18,15,201,70.0,,,,Nuit avec éclairage allumé,Hors agglomération,Hors intersection,Normale,Trois véhicules et plus - collisions multiples,,,,,,,,,,,5,1,1,1,5
200500001897,0005-01-06 03:45:00,5,1,6,3,45,390,501.0,,,,Nuit sans éclairage public,Hors agglomération,Hors intersection,Pluie légère,Deux véhicules - arrière,,,,,,,,,,,3,1,1,2,2
200500001898,0005-01-14 18:15:00,5,1,14,18,15,380,229.0,avenue du grésivaudan,,,Nuit avec éclairage allumé,En agglomération,Hors intersection,Normale,Deux véhicules - côté,,,,,,,,,,,5,2,1,1,3
200500001899,0005-01-19 15:30:00,5,1,19,15,30,380,126.0,avenue de l'eygala,45.211,5.746,Plein jour,En agglomération,Hors intersection,Autre,Trois véhicules et plus - collisions multiples,,,,,,,,,,,1,2,1,9,5
200500001900,0005-01-22 09:00:00,5,1,22,9,0,60,85.0,,,,Plein jour,Hors agglomération,Hors intersection,Normale,Trois véhicules et plus - collisions multiples,,,,,,,,,,,1,1,1,1,5
200500001901,0005-01-20 17:45:00,5,1,20,17,45,780,466.0,,48.939,1.955,Plein jour,Hors agglomération,Autre intersection,Pluie légère,Deux véhicules - frontale,,,,,,,,,,,1,1,9,2,1
200500001902,0005-01-10 19:00:00,5,1,10,19,0,330,122.0,,44.727,-0.747,Nuit sans éclairage public,Hors agglomération,Hors intersection,Normale,Sans collision,,,,,,,,,,,3,1,1,1,7
200500001903,0005-01-22 18:00:00,5,1,22,18,0,330,122.0,,,,Plein jour,Hors agglomération,Hors intersection,Normale,Deux véhicules - frontale,,,,,,,,,,,1,1,1,1,1
200500001904,0005-01-25 11:00:00,5,1,25,11,0,660,195.0,,42.681,2.786,Plein jour,Hors agglomération,Hors intersection,Vent fort / tempête,Deux véhicules - côté,,,,,,,,,,,1,1,1,6,3
200500001905,0005-01-31 03:45:00,5,1,31,3,45,790,31.0,,,,Nuit sans éclairage public,Hors agglomération,Hors intersection,Normale,Sans collision,,,,,,,,,,,3,1,1,1,7
200500001906,0005-01-14 08:30:00,5,1,14,8,30,860,116.0,,,,Plein jour,Hors agglomération,Hors intersection,Normale,Sans collision,,,,,,,,,,,1,1,1,1,7
200500001907,0005-01-08 13:30:00,5,1,8,13,30,220,187.0,,,,Plein jour,Hors agglomération,Hors intersection,Normale,Deux véhicules - frontale,,,,,,,,,,,1,1,1,1,1
200500001908,0005-01-20 19:45:00,5,1,20,19,45,220,206.0,,48.541,-2.994,Nuit avec éclairage allumé,En agglomération,Hors intersection,Pluie légère,Deux véhicules - frontale,,,,,,,,,,,5,2,1,2,1
200500001909,0005-01-08 09:00:00,5,1,8,9,0,740,112.0,avenue du centre,,,Plein jour,En agglomération,Hors intersection,Normale,Trois véhicules et plus - collisions multiples,,,,,,,,,,,1,2,1,1,5
200500001910,0005-01-14 17:45:00,5,1,14,17,45,740,268.0,,,,Nuit sans éclairage public,Hors agglomération,Hors intersection,Temps couvert,Deux véhicules - frontale,,,,,,,,,,,3,1,1,8,1
200500001911,0005-01-18 08:15:00,5,1,18,8,15,740,268.0,,,,Crépuscule ou aube,En agglomération,Hors intersection,Temps couvert,Autre collision,,,,,,,,,,,2,2,1,8,6
200500001912,0005-01-12 11:30:00,5,1,12,11,30,740,213.0,,,,Plein jour,Hors agglomération,Hors intersection,Normale,Autre collision,,,,,,,,,,,1,1,1,1,6
200500001913,0005-01-25 19:45:00,5,1,25,19,45,740,272.0,,,,Nuit avec éclairage allumé,Hors agglomération,Hors intersection,Temps couvert,Trois véhicules et plus - collisions multiples,,,,,,,,,,,5,1,1,8,5
200500001914,0005-01-03 04:30:00,5,1,3,4,30,510,447.0,,49.193,4.287,Nuit sans éclairage public,Hors agglomération,Hors intersection,Temps couvert,Sans collision,,,,,,,,,,,3,1,1,8,7
200500001915,0005-01-11 16:30:00,5,1,11,16,30,510,530.0,,,,Crépuscule ou aube,Hors agglomération,Hors intersection,Normale,Deux véhicules - frontale,,,,,,,,,,,2,1,1,1,1
200500001916,0005-01-31 15:30:00,5,1,31,15,30,510,571.0,,49.206,4.256,Plein jour,Hors agglomération,Intersection en X,Normale,Deux véhicules - côté,,,,,,,,,,,1,1,2,1,3
200500001917,0005-01-11 18:30:00,5,1,11,18,30,220,73.0,,48.372,-2.947,Nuit sans éclairage public,Hors agglomération,Hors intersection,Pluie forte,Deux véhicules - côté,,,,,,,,,,,3,1,1,3,3
200500001918,0005-01-26 12:15:00,5,1,26,12,15,220,171.0,,48.412,-2.823,Plein jour,Hors agglomération,Hors intersection,Normale,Deux véhicules - frontale,,,,,,,,,,,1,1,1,1,1
200500001919,0005-01-04 18:15:00,5,1,4,18,15,310,588.0,AVENUE DE FRANCAZAL,43.535,1.356,Nuit avec éclairage allumé,En agglomération,Hors intersection,Normale,Autre collision,,,,,,,,,,,5,2,1,1,6
200500001920,0005-01-07 22:00:00,5,1,7,22,0,310,588.0,,43.525,1.345,Nuit avec éclairage allumé,Hors agglomération,Hors intersection,Normale,Sans collision,,,,,,,,,,,5,1,1,1,7
200500001921,0005-01-25 19:00:00,5,1,25,19,0,60,152.0,route des dolines,,,Nuit avec éclairage allumé,En agglomération,Hors intersection,Normale,Autre collision,,,,,,,,,,,5,2,1,1,6
200500001922,0005-01-22 12:00:00,5,1,22,12,0,690,244.0,"64 ch de la Pomme,",,,Plein jour,En agglomération,Autre intersection,Normale,Autre collision,,,,,,,,,,,1,2,9,1,6
200500001923,0005-01-17 08:45:00,5,1,17,8,45,380,353.0,,45.419,4.752,Crépuscule ou aube,Hors agglomération,Hors intersection,Temps couvert,Deux véhicules - frontale,,,,,,,,,,,2,1,1,8,1
200500001924,0005-01-11 17:15:00,5,1,11,17,15,740,137.0,,,,Crépuscule ou aube,Hors agglomération,Hors intersection,Normale,Deux véhicules - frontale,,,,,,,,,,,2,1,1,1,1
200500001925,0005-01-16 01:15:00,5,1,16,1,15,740,137.0,ROUTE DE BOISY,46.013,6.17,Nuit avec éclairage allumé,En agglomération,Hors intersection,Normale,Deux véhicules - frontale,,,,,,,,,,,5,2,1,1,1
200500001926,0005-01-20 03:00:00,5,1,20,3,0,740,11.0,13 Avenue du Petit Port,45.91,6.158,Nuit avec éclairage allumé,En agglomération,Hors intersection,Normale,Autre collision,,,,,,,,,,,5,2,1,1,6
200500001927,0005-01-21 16:45:00,5,1,21,16,45,740,11.0,,,,Plein jour,Hors agglomération,Hors intersection,Pluie forte,Trois véhicules et plus - collisions multiples,,,,,,,,,,,1,1,1,3,5
200500001928,0005-01-26 07:45:00,5,1,26,7,45,340,116.0,Rue de la Valsiére,,,Plein jour,En agglomération,Hors intersection,Normale,Deux véhicules - côté,,,,,,,,,,,1,2,1,1,3
200500001929,0005-01-27 18:00:00,5,1,27,18,0,340,116.0,,,,Nuit sans éclairage public,Hors agglomération,Hors intersection,Normale,Sans collision,,,,,,,,,,,3,1,1,1,7
200500001930,0005-01-15 15:15:00,5,1,15,15,15,950,42.0,,49.064,2.328,Plein jour,Hors agglomération,Hors intersection,Normale,Deux véhicules - frontale,,,,,,,,,,,1,1,1,1,1
200500001931,0005-01-22 15:00:00,5,1,22,15,0,90,176.0,HLM Labessard,42.766,1.763,Plein jour,En agglomération,Hors intersection,Normale,Autre collision,,,,,,,,,,,1,2,1,1,6
200500001932,0005-01-23 16:00:00,5,1,23,16,0,90,28.0,,42.8,1.675,Plein jour,Hors agglomération,Intersection en T,Normale,Deux véhicules - frontale,,,,,,,,,,,1,1,3,1,1
200500001933,0005-01-02 20:00:00,5,1,2,20,0,760,462.0,,,,Nuit sans éclairage public,Hors agglomération,Hors intersection,Normale,Autre collision,,,,,,,,,,,3,1,1,1,6
200500001934,0005-01-14 20:15:00,5,1,14,20,15,760,424.0,,49.76,1.48,Nuit sans éclairage public,Hors agglomération,Hors intersection,Normale,Trois véhicules et plus - en chaîne,,,,,,,,,,,3,1,1,1,4
200500001935,0005-01-12 17:00:00,5,1,12,17,0,560,248.0,,47.596,-2.645,Plein jour,Hors agglomération,Hors intersection,Normale,Deux véhicules - frontale,,,,,,,,,,,1,1,1,1,1
200500001936,0005-01-14 16:15:00,5,1,14,16,15,560,84.0,,47.583,-2.695,Plein jour,Hors agglomération,Hors intersection,Pluie forte,Deux véhicules - frontale,,,,,,,,,,,1,1,1,3,1
200500001937,0005-01-06 06:30:00,5,1,6,6,30,180,279.0,,,,Nuit sans éclairage public,Hors agglomération,Hors intersection,Normale,Autre collision,,,,,,,,,,,3,1,1,1,6
200500001938,0005-01-12 22:45:00,5,1,12,22,45,180,279.0,,,,Nuit sans éclairage public,Hors agglomération,Hors intersection,Brouillard / fumée,Autre collision,,,,,,,,,,,3,1,1,5,6
200500001939,0005-01-24 14:30:00,5,1,24,14,30,180,138.0,,,,Plein jour,Hors agglomération,Hors intersection,Temps couvert,Autre collision,,,,,,,,,,,1,1,1,8,6
200500001940,0005-01-04 10:00:00,5,1,4,10,0,340,337.0,,43.556,3.84,Plein jour,Hors agglomération,Hors intersection,Normale,Deux véhicules - arrière,,,,,,,,,,,1,1,1,1,2
200500001941,0005-01-27 07:45:00,5,1,27,7,45,340,333.0,,43.496,3.775,Crépuscule ou aube,Hors agglomération,Hors intersection,Normale,Deux véhicules - frontale,,,,,,,,,,,2,1,1,1,1
200500001942,0005-01-20 13:15:00,5,1,20,13,15,10,77.0,,,,Plein jour,Hors agglomération,Hors intersection,Normale,Deux véhicules - arrière,,,,,,,,,,,1,1,1,1,2
200500001943,0005-01-21 14:00:00,5,1,21,14,0,140,8.0,,,,Plein jour,Hors agglomération,Hors intersection,Normale,Deux véhicules - arrière,,,,,,,,,,,1,1,1,1,2
200500001944,0005-01-05 08:30:00,5,1,5,8,30,130,51.0,,43.561,5.167,Plein jour,Hors agglomération,Hors intersection,Normale,Deux véhicules - côté,,,,,,,,,,,1,1,1,1,3
200500001945,0005-01-21 22:00:00,5,1,21,22,0,130,51.0,,43.563,5.163,Nuit sans éclairage public,Hors agglomération,Hors intersection,Normale,Deux véhicules - frontale,,,,,,,,,,,3,1,1,1,1
200500001946,0005-01-17 22:15:00,5,1,17,22,15,630,164.0,,,,Nuit sans éclairage public,Hors agglomération,Hors intersection,Normale,Deux véhicules - arrière,,,,,,,,,,,3,1,1,1,2
200500001947,0005-01-22 11:30:00,5,1,22,11,30,490,129.0,,,,Plein jour,Hors agglomération,Autre intersection,Pluie forte,Deux véhicules - frontale,,,,,,,,,,,1,1,9,3,1
200500001948,0005-01-04 09:30:00,5,1,4,9,30,400,94.0,,,,Plein jour,Hors agglomération,Hors intersection,Normale,Sans collision,,,,,,,,,,,1,1,1,1,7
200500001949,0005-01-10 16:45:00,5,1,10,16,45,670,124.0,1 rue des airelles,48.526,7.666,Crépuscule ou aube,En agglomération,Hors intersection,Normale,Deux véhicules - côté,,,,,,,,,,,2,2,1,1,3
200500001950,0005-01-13 17:45:00,5,1,13,17,45,670,49.0,,48.514,7.614,Nuit sans éclairage public,Hors agglomération,Hors intersection,Normale,Deux véhicules - frontale,,,,,,,,,,,3,1,1,1,1
200500001951,0005-01-18 08:00:00,5,1,18,8,0,670,152.0,,48.525,7.666,Crépuscule ou aube,Hors agglomération,Hors intersection,Pluie légère,Deux véhicules - côté,,,,,,,,,,,2,1,1,2,3
200500001952,0005-01-11 08:15:00,5,1,11,8,15,670,256.0,,,,Plein jour,Hors agglomération,Hors intersection,Autre,Deux véhicules - frontale,,,,,,,,,,,1,1,1,9,1
200500001953,0005-01-26 19:00:00,5,1,26,19,0,670,471.0,RUE DU CANAL,,,Nuit avec éclairage allumé,En agglomération,Hors intersection,Autre,Deux véhicules - côté,,,,,,,,,,,5,2,1,9,3
200500001954,0005-01-27 18:45:00,5,1,27,18,45,670,471.0,,48.633,7.729,Crépuscule ou aube,En agglomération,Hors intersection,Normale,Deux véhicules - côté,,,,,,,,,,,2,2,1,1,3
200500001955,0005-01-08 16:00:00,5,1,8,16,0,640,238.0,,43.234,-0.054,Plein jour,Hors agglomération,Hors intersection,Normale,Autre collision,,,,,,,,,,,1,1,1,1,6
200500001956,0005-01-08 16:15:00,5,1,8,16,15,380,193.0,BLD DE FONDBONNIERE,,,Plein jour,En agglomération,Hors intersection,Normale,Deux véhicules - côté,,,,,,,,,,,1,2,1,1,3
200500001957,0005-01-19 12:15:00,5,1,19,12,15,380,530.0,,,,Plein jour,Hors agglomération,Hors intersection,Pluie légère,Trois véhicules et plus - en chaîne,,,,,,,,,,,1,1,1,2,4
200500001958,0005-01-26 21:15:00,5,1,26,21,15,380,193.0,boulevard Fondbonnière,,,Nuit avec éclairage allumé,En agglomération,Hors intersection,Normale,Deux véhicules - côté,,,,,,,,,,,5,2,1,1,3
200500001959,0005-01-28 10:15:00,5,1,28,10,15,380,352.0,RD 208,,,Plein jour,En agglomération,Hors intersection,Neige / grêle,Trois véhicules et plus - collisions multiples,,,,,,,,,,,1,2,1,4,5
200500001960,0005-01-18 14:15:00,5,1,18,14,15,100,438.0,,,,Plein jour,Hors agglomération,Hors intersection,Neige / grêle,Deux véhicules - frontale,,,,,,,,,,,1,1,1,4,1
200500001961,0005-01-20 09:45:00,5,1,20,9,45,100,419.0,,,,Plein jour,Hors agglomération,Hors intersection,Temps couvert,Sans collision,,,,,,,,,,,1,1,1,8,7
200500001962,0005-01-20 19:00:00,5,1,20,19,0,100,45.0,,,,Nuit sans éclairage public,Hors agglomération,Hors intersection,Normale,Deux véhicules - côté,,,,,,,,,,,3,1,1,1,3
200500001963,0005-01-28 15:15:00,5,1,28,15,15,130,113.0,Avenue maurice plantier,,,Plein jour,En agglomération,Hors intersection,Normale,Autre collision,,,,,,,,,,,1,2,1,1,6
200500001964,0005-01-05 18:45:00,5,1,5,18,45,350,206.0,av de la Petite Saudrais,48.049,-1.661,Nuit avec éclairage allumé,En agglomération,Hors intersection,Pluie légère,Deux véhicules - côté,,,,,,,,,,,5,2,1,2,3
200500001965,0005-01-19 18:45:00,5,1,19,18,45,670,506.0,,,,Nuit sans éclairage public,Hors agglomération,Autre intersection,Normale,Trois véhicules et plus - en chaîne,,,,,,,,,,,3,1,9,1,4
200500001966,0005-01-30 18:45:00,5,1,30,18,45,670,106.0,,,,Nuit sans éclairage public,Hors agglomération,Hors intersection,Normale,Sans collision,,,,,,,,,,,3,1,1,1,7
200500001967,0005-01-05 09:30:00,5,1,5,9,30,130,50.0,,,,Plein jour,En agglomération,Autre intersection,Temps éblouissant,Autre collision,,,,,,,,,,,1,2,9,7,6
200500001968,0005-01-21 11:00:00,5,1,21,11,0,130,91.0,,43.622,5.3,Plein jour,En agglomération,Hors intersection,Normale,Autre collision,,,,,,,,,,,1,2,1,1,6
200500001969,0005-01-30 19:00:00,5,1,30,19,0,130,91.0,,43.629,5.294,Nuit sans éclairage public,Hors agglomération,Hors intersection,Normale,Autre collision,,,,,,,,,,,3,1,1,1,6
200500001970,0005-01-05 18:00:00,5,1,5,18,0,310,261.0,,43.302,1.181,Nuit sans éclairage public,Hors agglomération,Hors intersection,Normale,Autre collision,,,,,,,,,,,3,1,1,1,6
200500001971,0005-01-22 09:45:00,5,1,22,9,45,310,395.0,,,,Plein jour,Hors agglomération,Hors intersection,Normale,Deux véhicules - arrière,,,,,,,,,,,1,1,1,1,2
200500001972,0005-01-06 14:30:00,5,1,6,14,30,760,533.0,,49.495,0.264,Plein jour,Hors agglomération,Hors intersection,Normale,Autre collision,,,,,,,,,,,1,1,1,1,6
200500001973,0005-01-24 19:00:00,5,1,24,19,0,760,489.0,,49.474,0.274,Nuit sans éclairage public,Hors agglomération,Autre intersection,Neige / grêle,Deux véhicules - arrière,,,,,,,,,,,3,1,9,4,2
200500001974,0005-01-14 07:15:00,5,1,14,7,15,760,611.0,,,,Nuit sans éclairage public,Hors agglomération,Hors intersection,Autre,Sans collision,,,,,,,,,,,3,1,1,9,7
200500001975,0005-01-05 19:00:00,5,1,5,19,0,740,311.0,,46.158,6.373,Nuit sans éclairage public,Hors agglomération,Hors intersection,Normale,Trois véhicules et plus - collisions multiples,,,,,,,,,,,3,1,1,1,5
200500001976,0005-01-08 11:00:00,5,1,8,11,0,740,164.0,,46.095,6.51,Plein jour,En agglomération,Hors intersection,Normale,Autre collision,,,,,,,,,,,1,2,1,1,6
200500001977,0005-01-22 09:00:00,5,1,22,9,0,740,164.0,,46.076,6.476,Nuit avec éclairage non allumé,Hors agglomération,Hors intersection,Pluie légère,Sans collision,,,,,,,,,,,4,1,1,2,7
200500001978,0005-01-26 06:30:00,5,1,26,6,30,740,241.0,,46.13,6.499,Nuit sans éclairage public,Hors agglomération,Hors intersection,Temps couvert,Deux véhicules - côté,,,,,,,,,,,3,1,1,8,3
200500001979,0005-01-04 09:15:00,5,1,4,9,15,800,702.0,,,,Plein jour,Hors agglomération,Hors intersection,Normale,Autre collision,,,,,,,,,,,1,1,1,1,6
200500001980,0005-01-24 19:30:00,5,1,24,19,30,800,131.0,,49.851,2.395,Nuit sans éclairage public,Hors agglomération,Hors intersection,Temps couvert,Trois véhicules et plus - collisions multiples,,,,,,,,,,,3,1,1,8,5
200500001981,0005-01-03 16:30:00,5,1,3,16,30,800,120.0,,,,Plein jour,Hors agglomération,Hors intersection,Temps couvert,Autre collision,,,,,,,,,,,1,1,1,8,6
200500001982,0005-01-13 15:45:00,5,1,13,15,45,800,1.0,,,,Plein jour,Hors agglomération,Autre intersection,Normale,Sans collision,,,,,,,,,,,1,1,9,1,7
200500001983,0005-01-20 10:00:00,5,1,20,10,0,800,809.0,,,,Plein jour,Hors agglomération,Hors intersection,Vent fort / tempête,Autre collision,,,,,,,,,,,1,1,1,6,6
200500001984,0005-01-24 16:30:00,5,1,24,16,30,800,332.0,,,,Plein jour,Hors agglomération,Hors intersection,Neige / grêle,Autre collision,,,,,,,,,,,1,1,1,4,6
200500001985,0005-01-18 08:30:00,5,1,18,8,30,620,16.0,,,,Crépuscule ou aube,Hors agglomération,Hors intersection,Neige / grêle,Trois véhicules et plus - en chaîne,,,,,,,,,,,2,1,1,4,4
200500001986,0005-01-20 09:15:00,5,1,20,9,15,520,294.0,,,,Plein jour,Hors agglomération,Hors intersection,Temps couvert,Sans collision,,,,,,,,,,,1,1,1,8,7
200500001987,0005-01-12 08:15:00,5,1,12,8,15,190,162.0,,,,Plein jour,Hors agglomération,Hors intersection,Normale,Deux véhicules - arrière,,,,,,,,,,,1,1,1,1,2
200500001988,0005-01-29 02:15:00,5,1,29,2,15,190,276.0,,,,Nuit sans éclairage public,Hors agglomération,Hors intersection,Autre,Deux véhicules - arrière,,,,,,,,,,,3,1,1,9,2
200500001989,0005-01-03 15:30:00,5,1,3,15,30,870,182.0,,46.319,1.419,Plein jour,Hors agglomération,Autre intersection,Normale,Deux véhicules - côté,,,,,,,,,,,1,1,9,1,3
200500001990,0005-01-28 10:00:00,5,1,28,10,0,870,14.0,,,,Plein jour,Hors agglomération,Hors intersection,Neige / grêle,Deux véhicules - côté,,,,,,,,,,,1,1,1,4,3
200500001991,0005-01-10 15:45:00,5,1,10,15,45,450,255.0,,,,Plein jour,Hors agglomération,Hors intersection,Normale,Deux véhicules - frontale,,,,,,,,,,,1,1,1,1,1
200500001992,0005-01-18 14:00:00,5,1,18,14,0,580,193.0,,,,Plein jour,Hors agglomération,Hors intersection,Neige / grêle,Trois véhicules et plus - en chaîne,,,,,,,,,,,1,1,1,4,4