accident_id,datetime,annee,mois,jour,heure,minute,departement,commune_insee,adresse,latitude,longitude,luminosite,agglomeration,intersection,meteo,collision,nb_vehicules,nb_usagers,nb_indemnes,nb_tues,nb_blesses_hosp,nb_blesses_legers,age_cond_1,age_cond_2,veh_type_cond_1,veh_type_cond_2,lum_code,agg_code,int_code,atm_code,col_code
200500001993,0005-01-14 16:30:00,5,1,14,16,30,360,202.0,,46.804,1.645,Plein jour,Hors agglomération,Hors intersection,Normale,Deux véhicules - arrière,,,,,,,,,,,1,1,1,1,2
200500001994,0005-01-01 18:00:00,5,1,1,18,0,360,26.0,,,,Nuit sans éclairage public,Hors agglomération,Hors intersection,Normale,Deux véhicules - arrière,,,,,,,,,,,3,1,1,1,2
200500001995,0005-01-10 07:00:00,5,1,10,7,0,360,63.0,,,,Nuit sans éclairage public,Hors agglomération,Hors intersection,Normale,Deux véhicules - arrière,,,,,,,,,,,3,1,1,1,2
200500001996,0005-01-18 13:00:00,5,1,18,13,0,360,26.0,,,,Plein jour,Hors agglomération,Hors intersection,Neige / grêle,Sans collision,,,,,,,,,,,1,1,1,4,7
200500001997,0005-01-18 13:00:00,5,1,18,13,0,360,57.0,,,,Plein jour,Hors agglomération,Hors intersection,Neige / grêle,Autre collision,,,,,,,,,,,1,1,1,4,6
200500001998,0005-01-24 09:45:00,5,1,24,9,45,360,26.0,,,,Plein jour,Hors agglomération,Hors intersection,Neige / grêle,Trois véhicules et plus - en chaîne,,,,,,,,,,,1,1,1,4,4
200500001999,0005-01-24 08:30:00,5,1,24,8,30,630,399.0,,,,Plein jour,Hors agglomération,Hors intersection,Neige / grêle,Autre collision,,,,,,,,,,,1,1,1,4,6
200500002000,0005-01-10 18:15:00,5,1,10,18,15,720,24.0,,,,Nuit sans éclairage public,Hors agglomération,Hors intersection,Pluie forte,Autre collision,,,,,,,,,,,3,1,1,3,6
200500002001,0005-01-12 15:30:00,5,1,12,15,30,720,315.0,,,,Plein jour,Hors agglomération,Hors intersection,Normale,Deux véhicules - côté,,,,,,,,,,,1,1,1,1,3
200500002002,0005-01-07 18:45:00,5,1,7,18,45,950,394.0,aveue charles de gaulle,,,Nuit avec éclairage allumé,En agglomération,Hors intersection,Normale,Deux véhicules - côté,,,,,,,,,,,5,2,1,1,3
200500002003,0005-01-17 02:00:00,5,1,17,2,0,580,59.0,,,,Nuit sans éclairage public,Hors agglomération,Hors intersection,Normale,Autre collision,,,,,,,,,,,3,1,1,1,6
200500002004,0005-01-25 23:00:00,5,1,25,23,0,100,216.0,,48.655,4.187,Nuit sans éclairage public,Hors agglomération,Hors intersection,Normale,Deux véhicules - arrière,,,,,,,,,,,3,1,1,1,2
200500002005,0005-01-07 19:30:00,5,1,7,19,30,680,321.0,,47.824,7.249,Nuit sans éclairage public,Hors agglomération,Hors intersection,Normale,Sans collision,,,,,,,,,,,3,1,1,1,7
200500002006,0005-01-13 11:45:00,5,1,13,11,45,670,291.0,rue du Lin,,,Plein jour,En agglomération,Hors intersection,Normale,Autre collision,,,,,,,,,,,1,2,1,1,6
200500002007,0005-01-23 18:15:00,5,1,23,18,15,670,174.0,,,,Nuit sans éclairage public,Hors agglomération,Hors intersection,Normale,Autre collision,,,,,,,,,,,3,1,1,1,6
200500002008,0005-01-09 17:15:00,5,1,9,17,15,310,547.0,120 chemin du mounicar,,,Plein jour,En agglomération,Hors intersection,Normale,Deux véhicules - frontale,,,,,,,,,,,1,2,1,1,1
200500002009,0005-01-26 23:00:00,5,1,26,23,0,310,253.0,,,,Nuit sans éclairage public,Hors agglomération,Hors intersection,Normale,Sans collision,,,,,,,,,,,3,1,1,1,7
200500002010,0005-01-06 11:45:00,5,1,6,11,45,80,362.0,,49.525,4.354,Plein jour,Hors agglomération,Hors intersection,Normale,Autre collision,,,,,,,,,,,1,1,1,1,6
200500002011,0005-01-26 06:15:00,5,1,26,6,15,130,36.0,,43.847,4.838,Nuit sans éclairage public,Hors agglomération,Hors intersection,Normale,Autre collision,,,,,,,,,,,3,1,1,1,6
200500002012,0005-01-16 14:15:00,5,1,16,14,15,340,192.0,Quai des Lamparos,,,Plein jour,En agglomération,Hors intersection,Normale,Autre collision,,,,,,,,,,,1,2,1,1,6
200500002013,0005-01-07 18:45:00,5,1,7,18,45,760,711.0,quai François 1ier,50.064,1.374,Nuit avec éclairage allumé,En agglomération,Hors intersection,Normale,Deux véhicules - frontale,,,,,,,,,,,5,2,1,1,1
200500002014,0005-01-05 12:30:00,5,1,5,12,30,710,194.0,,,,Plein jour,Hors agglomération,Hors intersection,Normale,Trois véhicules et plus - collisions multiples,,,,,,,,,,,1,1,1,1,5
200500002015,0005-01-13 18:45:00,5,1,13,18,45,310,56.0,09 rue des cigognes,43.668,1.381,Nuit avec éclairage allumé,En agglomération,Hors intersection,Normale,Autre collision,,,,,,,,,,,5,2,1,1,6
200500002016,0005-01-04 20:30:00,5,1,4,20,30,560,90.0,RUE HENRI BARBUSSE,,,Nuit avec éclairage allumé,En agglomération,Hors intersection,Pluie légère,Deux véhicules - frontale,,,,,,,,,,,5,2,1,2,1
200500002017,0005-01-11 05:00:00,5,1,11,5,0,560,175.0,,47.746,-2.893,Nuit sans éclairage public,Hors agglomération,Hors intersection,Normale,Autre collision,,,,,,,,,,,3,1,1,1,6
200500002018,0005-01-26 15:00:00,5,1,26,15,0,560,97.0,,47.763,-3.133,Plein jour,Hors agglomération,Intersection en T,Normale,Deux véhicules - côté,,,,,,,,,,,1,1,3,1,3
200500002019,0005-01-04 07:40:00,5,1,4,7,40,10,53.0,"12, TEYSSONNIERE ( RUE D",,,Nuit avec éclairage allumé,En agglomération,Intersection en X,Normale,Deux véhicules - côté,,,,,,,,,,,5,2,2,1,3
200500002020,0005-01-06 17:30:00,5,1,6,17,30,10,344.0,BRESSE (AVENUE DE),,,Nuit avec éclairage allumé,En agglomération,Intersection en X,Normale,Deux véhicules - côté,,,,,,,,,,,5,2,2,1,3
200500002021,0005-01-07 19:00:00,5,1,7,19,0,10,289.0,"880, LYON ( AVE DE) A PA",,,Nuit avec éclairage allumé,En agglomération,Intersection en T,Normale,Deux véhicules - côté,,,,,,,,,,,5,2,3,1,3
200500002022,0005-01-14 17:20:00,5,1,14,17,20,10,53.0,"89, MERCIER (AVENUE AMED",,,Crépuscule ou aube,En agglomération,Hors intersection,Normale,Autre collision,,,,,,,,,,,2,2,1,1,6
200500002023,0005-01-14 16:55:00,5,1,14,16,55,10,53.0,"SNR, VERNE (AVENUE JEAN",,,Crépuscule ou aube,En agglomération,Intersection en X,Normale,Autre collision,,,,,,,,,,,2,2,2,1,6
200500002024,0005-01-11 17:40:00,5,1,11,17,40,10,53.0,"0, BAD KREUZNACH  (AVENU",,,Nuit avec éclairage allumé,En agglomération,Intersection en T,Normale,Deux véhicules - côté,,,,,,,,,,,5,2,3,1,3
200500002025,0005-01-13 12:20:00,5,1,13,12,20,10,451.0,PARIS (ROUTE DE),,,Plein jour,En agglomération,Hors intersection,Normale,Deux véhicules - arrière,,,,,,,,,,,1,2,1,1,2
200500002026,0005-01-13 16:25:00,5,1,13,16,25,10,451.0,"sans N°, GOUVERNEUR LOUI",,,Plein jour,En agglomération,Intersection en T,Normale,Autre collision,,,,,,,,,,,1,2,3,1,6
200500002027,0005-01-25 01:20:00,5,1,25,1,20,10,53.0,MERCIER (AVENUE AMEDEE D,,,Nuit avec éclairage allumé,En agglomération,Giratoire,Pluie légère,Sans collision,,,,,,,,,,,5,2,6,2,7
200500002028,0005-01-22 16:00:00,5,1,22,16,0,10,53.0,JOLIOT CURIE ( BOULEVARD,,,Plein jour,En agglomération,Intersection à plus de 4 branches,Normale,Deux véhicules - arrière,,,,,,,,,,,1,2,5,1,2
200500002029,0005-01-25 18:00:00,5,1,25,18,0,10,53.0,"SNR, BROU ( BD N°68 A 18",,,Nuit avec éclairage allumé,En agglomération,Intersection en T,Normale,Deux véhicules - arrière,,,,,,,,,,,5,2,3,1,2
200500002030,0005-01-26 15:15:00,5,1,26,15,15,10,53.0,BERT (AVENUE PAUL),,,Plein jour,En agglomération,Intersection en X,Normale,Deux véhicules - côté,,,,,,,,,,,1,2,2,1,3
200500002031,0005-01-27 17:00:00,5,1,27,17,0,10,53.0,"6 BIS, CHAMP DE FOIRE (",,,Plein jour,En agglomération,Hors intersection,Normale,Autre collision,,,,,,,,,,,1,2,1,1,6
200500002032,0005-01-28 18:40:00,5,1,28,18,40,10,53.0,LEVRIER ( BD ANDRE) IMPA,,,Nuit avec éclairage allumé,En agglomération,Hors intersection,Normale,Autre collision,,,,,,,,,,,5,2,1,1,6
200500002033,0005-01-23 20:40:00,5,1,23,20,40,940,54.0,ESPL PARKING P0,,,Nuit avec éclairage allumé,Hors agglomération,Autre intersection,Normale,Sans collision,,,,,,,,,,,5,1,9,1,7
200500002034,0005-01-17 18:00:00,5,1,17,18,0,10,283.0,"1 BIS, NORMANDIE NIEMEN",,,Nuit avec éclairage allumé,En agglomération,Hors intersection,Normale,Autre collision,,,,,,,,,,,5,2,1,1,6
200500002035,0005-01-22 18:35:00,5,1,22,18,35,10,283.0,"41, FRANCE (RUE A. DU 1/",,,Nuit avec éclairage allumé,En agglomération,Hors intersection,Normale,Autre collision,,,,,,,,,,,5,2,1,1,6
200500002036,0005-01-15 21:30:00,5,1,15,21,30,20,168.0,"3, COUTELLIER (QUAI)",,,Nuit avec éclairage allumé,En agglomération,Hors intersection,Normale,Deux véhicules - frontale,,,,,,,,,,,5,2,1,1,1
200500002037,0005-01-23 19:25:00,5,1,23,19,25,20,28.0,CD 516,,,Nuit sans éclairage public,En agglomération,Hors intersection,Normale,Autre collision,,,,,,,,,,,3,2,1,1,6
200500002038,0005-01-26 01:45:00,5,1,26,1,45,20,691.0,"47, DELMOTTE (RUE RAYMON",,,Nuit avec éclairage allumé,En agglomération,Intersection en T,Normale,Autre collision,,,,,,,,,,,5,2,3,1,6
200500002039,0005-01-06 08:35:00,5,1,6,8,35,20,691.0,", PIERRET (RUE EM. ET RA",,,Crépuscule ou aube,En agglomération,Intersection en X,Normale,Autre collision,,,,,,,,,,,2,2,2,1,6
200500002040,0005-01-18 21:00:00,5,1,18,21,0,20,691.0,"147, PARIS DE 1 A 187/21",,,Nuit avec éclairage allumé,En agglomération,Hors intersection,Pluie légère,Deux véhicules - côté,,,,,,,,,,,5,2,1,2,3
200500002041,0005-01-06 08:25:00,5,1,6,8,25,20,722.0,"1, GAUTHIER DE COINCY (",,,Crépuscule ou aube,En agglomération,Hors intersection,Normale,Autre collision,,,,,,,,,,,2,2,1,1,6
200500002042,0005-01-11 17:35:00,5,1,11,17,35,20,722.0,"07, CHATEAU-THIERRY ( AV",,,Crépuscule ou aube,En agglomération,Hors intersection,Normale,Autre collision,,,,,,,,,,,2,2,1,1,6
200500002043,0005-01-29 13:55:00,5,1,29,13,55,20,258.0,"22, CONVENTION (DE LA)",,,Plein jour,En agglomération,Hors intersection,Normale,Autre collision,,,,,,,,,,,1,2,1,1,6
200500002044,0005-01-16 20:00:00,5,1,16,20,0,20,258.0,"1, EDOUARD BRANLY",,,Nuit sans éclairage public,En agglomération,Hors intersection,Normale,Sans collision,,,,,,,,,,,3,2,1,1,7
200500002045,0005-01-01 18:40:00,5,1,1,18,40,30,185.0,"77, NERDRE",,,Nuit avec éclairage allumé,En agglomération,Hors intersection,Pluie légère,Autre collision,,,,,,,,,,,5,2,1,2,6
200500002046,0005-01-07 14:35:00,5,1,7,14,35,30,185.0,"03, SUE ( RUE EUGENE )",,,Plein jour,En agglomération,Hors intersection,Normale,Autre collision,,,,,,,,,,,1,2,1,1,6
200500002047,0005-01-08 11:50:00,5,1,8,11,50,30,101.0,PENSEES ( RUE DES ),,,Plein jour,En agglomération,Intersection en X,Normale,Deux véhicules - côté,,,,,,,,,,,1,2,2,1,3
200500002048,0005-01-26 13:30:00,5,1,26,13,30,30,185.0,DUCHET ( RUE JACQUES ALE,,,Plein jour,En agglomération,Intersection en X,Normale,Autre collision,,,,,,,,,,,1,2,2,1,6
200500002049,0005-01-03 16:45:00,5,1,3,16,45,30,1.0,"96, GRAVIERS (AVENUE DES",,,Crépuscule ou aube,En agglomération,Hors intersection,Normale,Deux véhicules - frontale,,,,,,,,,,,2,2,1,1,1
200500002050,0005-01-05 21:05:00,5,1,5,21,5,30,95.0,"1, AMPERE (RUE)",,,Nuit avec éclairage allumé,En agglomération,Hors intersection,Pluie légère,Autre collision,,,,,,,,,,,5,2,1,2,6
200500002051,0005-01-07 12:10:00,5,1,7,12,10,30,95.0,"1, QUERCY (PASSAGE DU)",,,Plein jour,En agglomération,Hors intersection,Normale,Deux véhicules - arrière,,,,,,,,,,,1,2,1,1,2
200500002052,0005-01-07 15:05:00,5,1,7,15,5,30,310.0,DENIERE (BOULEVARD),,,Plein jour,En agglomération,Intersection en T,Normale,Trois véhicules et plus - collisions multiples,,,,,,,,,,,1,2,3,1,5
200500002053,0005-01-07 18:00:00,5,1,7,18,0,30,310.0,HOPITAL (BOULEVARD DE L',,,Nuit avec éclairage allumé,En agglomération,Intersection en Y,Normale,Deux véhicules - frontale,,,,,,,,,,,5,2,4,1,1
200500002054,0005-01-11 17:54:00,5,1,11,17,54,30,310.0,JAURES (RUE JEAN),,,Nuit avec éclairage allumé,En agglomération,Autre intersection,Normale,Deux véhicules - côté,,,,,,,,,,,5,2,9,1,3
200500002055,0005-01-19 10:20:00,5,1,19,10,20,30,95.0,"65, HUIT MAI 1945 (BOULE",,,Plein jour,En agglomération,Hors intersection,Temps couvert,Autre collision,,,,,,,,,,,1,2,1,8,6
200500002056,0005-01-27 18:00:00,5,1,27,18,0,30,310.0,"22, ALSACE (RUE D')",,,Nuit avec éclairage allumé,En agglomération,Intersection en T,Temps couvert,Deux véhicules - côté,,,,,,,,,,,5,2,3,8,3
200500002057,0005-01-29 23:30:00,5,1,29,23,30,30,23.0,VICHY (AVENUE DE),,,Nuit avec éclairage allumé,En agglomération,Hors intersection,Temps couvert,Deux véhicules - côté,,,,,,,,,,,5,2,1,8,3
200500002058,0005-01-20 08:55:00,5,1,20,8,55,40,70.0,NICE (RTE),,,Plein jour,En agglomération,Hors intersection,Normale,Deux véhicules - frontale,,,,,,,,,,,1,2,1,1,1
200500002059,0005-01-06 09:50:00,5,1,6,9,50,40,112.0,CHEMIN DEPARTEMENTAL 6,,,Plein jour,En agglomération,Hors intersection,Normale,Deux véhicules - frontale,,,,,,,,,,,1,2,1,1,1
200500002060,0005-01-14 19:30:00,5,1,14,19,30,40,112.0,SAUNERIE (PORTE),,,Nuit avec éclairage allumé,En agglomération,Autre intersection,Normale,Autre collision,,,,,,,,,,,5,2,9,1,6
200500002061,0005-01-12 15:25:00,5,1,12,15,25,50,23.0,159° RIA (AVENUE DU),,,Plein jour,En agglomération,Hors intersection,Normale,Autre collision,,,,,,,,,,,1,2,1,1,6
200500002062,0005-01-18 13:45:00,5,1,18,13,45,50,61.0,"6, JEAN MACE ( RUE )",,,Plein jour,En agglomération,Hors intersection,Neige / grêle,Autre collision,,,,,,,,,,,1,2,1,4,6
200500002063,0005-01-31 14:05:00,5,1,31,14,5,50,61.0,"0,000, CHABANAS ( ROUTE",,,Plein jour,En agglomération,Hors intersection,Normale,Deux véhicules - frontale,,,,,,,,,,,1,2,1,1,1
200500002064,0005-01-02 13:40:00,5,1,2,13,40,60,4.0,MIRABEAU AV.,,,Plein jour,En agglomération,Intersection en X,Normale,Deux véhicules - côté,,,,,,,,,,,1,2,2,1,3
200500002065,0005-01-08 08:05:00,5,1,8,8,5,60,155.0,"615586, GRASSE AV.ET ROU",,,Plein jour,En agglomération,Hors intersection,Normale,Autre collision,,,,,,,,,,,1,2,1,1,6
200500002066,0005-01-08 18:10:00,5,1,8,18,10,60,4.0,POINCARE BD RAYMOND.,,,Nuit avec éclairage allumé,En agglomération,Intersection en T,Normale,Deux véhicules - côté,,,,,,,,,,,5,2,3,1,3
200500002067,0005-01-09 17:30:00,5,1,9,17,30,60,4.0,"RN7, NICE(RN.7) AV.ET RT",,,Crépuscule ou aube,En agglomération,Hors intersection,Normale,Trois véhicules et plus - en chaîne,,,,,,,,,,,2,2,1,1,4
200500002068,0005-01-09 18:45:00,5,1,9,18,45,60,4.0,"122, WILSON BD",,,Nuit avec éclairage allumé,En agglomération,Hors intersection,Normale,Deux véhicules - arrière,,,,,,,,,,,5,2,1,1,2
200500002069,0005-01-14 22:15:00,5,1,14,22,15,60,4.0,"00, POINCARE BD RAYMOND",,,Nuit avec éclairage allumé,En agglomération,Intersection en X,Normale,Trois véhicules et plus - collisions multiples,,,,,,,,,,,5,2,2,1,5
200500002070,0005-01-17 10:05:00,5,1,17,10,5,60,155.0,"00, POURTALET AV.HENRI",,,Plein jour,En agglomération,Hors intersection,Normale,Deux véhicules - côté,,,,,,,,,,,1,2,1,1,3
200500002071,0005-01-17 12:38:00,5,1,17,12,38,60,4.0,"1245, GREC AV.JULES",,,Plein jour,En agglomération,Hors intersection,Normale,Deux véhicules - arrière,,,,,,,,,,,1,2,1,1,2
200500002072,0005-01-19 14:26:00,5,1,19,14,26,60,4.0,NICE(RN.7) AV.ET RTE DE,,,Plein jour,En agglomération,Intersection à plus de 4 branches,Normale,Autre collision,,,,,,,,,,,1,2,5,1,6
200500002073,0005-01-20 14:55:00,5,1,20,14,55,60,4.0,GRIMPETTE CH.ET TRAVERSE,,,Plein jour,En agglomération,Hors intersection,Normale,Deux véhicules - côté,,,,,,,,,,,1,2,1,1,3
200500002074,0005-01-20 17:20:00,5,1,20,17,20,60,4.0,"05, THIERS AV.",,,Plein jour,En agglomération,Hors intersection,Normale,Deux véhicules - côté,,,,,,,,,,,1,2,1,1,3
200500002075,0005-01-22 11:30:00,5,1,22,11,30,60,4.0,"3, FOCH",,,Plein jour,En agglomération,Hors intersection,Normale,Autre collision,,,,,,,,,,,1,2,1,1,6
200500002076,0005-01-26 08:30:00,5,1,26,8,30,60,155.0,LIBERTE AV.DE LA,,,Plein jour,En agglomération,Intersection en T,Normale,Deux véhicules - côté,,,,,,,,,,,1,2,3,1,3
200500002077,0005-01-27 07:00:00,5,1,27,7,0,60,4.0,"00, ROCHAT AV.PHILIPPE",,,Crépuscule ou aube,En agglomération,Hors intersection,Normale,Deux véhicules - côté,,,,,,,,,,,2,2,1,1,3
200500002078,0005-01-29 21:25:00,5,1,29,21,25,60,4.0,"30, ROCHAT AV.PHILIPPE",,,Nuit avec éclairage allumé,En agglomération,Intersection en T,Normale,Deux véhicules - frontale,,,,,,,,,,,5,2,3,1,1
200500002079,0005-01-30 16:00:00,5,1,30,16,0,60,4.0,"00, GAROUPE BD DE LA",,,Plein jour,En agglomération,Autre intersection,Normale,Deux véhicules - côté,,,,,,,,,,,1,2,9,1,3
200500002080,0005-01-02 08:00:00,5,1,2,8,0,60,27.0,"95, BESSET AVENUE CYRILL",,,Plein jour,En agglomération,Hors intersection,Normale,Autre collision,,,,,,,,,,,1,2,1,1,6
200500002081,0005-01-04 17:45:00,5,1,4,17,45,60,123.0,"108, PUGETS AVENUE DES",,,Nuit avec éclairage allumé,En agglomération,Hors intersection,Normale,Deux véhicules - côté,,,,,,,,,,,5,2,1,1,3
200500002082,0005-01-05 12:00:00,5,1,5,12,0,60,157.0,HUGUES AVENUE EMILE,,,Plein jour,En agglomération,Giratoire,Normale,Deux véhicules - côté,,,,,,,,,,,1,2,6,1,3
200500002083,0005-01-05 16:30:00,5,1,5,16,30,60,123.0,"1069, CURIE PIERRE ET MA",,,Plein jour,En agglomération,Hors intersection,Normale,Deux véhicules - côté,,,,,,,,,,,1,2,1,1,3
200500002084,0005-01-11 08:45:00,5,1,11,8,45,60,27.0,"24, ST LAURENT CHEMIN DE",,,Plein jour,En agglomération,Hors intersection,Normale,Deux véhicules - côté,,,,,,,,,,,1,2,1,1,3
200500002085,0005-01-12 18:25:00,5,1,12,18,25,60,27.0,NICE AVENUE DE (RN7),,,Nuit avec éclairage allumé,En agglomération,Hors intersection,Normale,Sans collision,,,,,,,,,,,5,2,1,1,7
200500002086,0005-01-12 12:15:00,5,1,12,12,15,60,123.0,"1555, JOUHAUD EDMOND ESP",,,Plein jour,En agglomération,Hors intersection,Normale,Deux véhicules - côté,,,,,,,,,,,1,2,1,1,3
200500002087,0005-01-13 14:40:00,5,1,13,14,40,60,27.0,HOTEL DES POSTES AVENUE,,,Plein jour,En agglomération,Hors intersection,Normale,Sans collision,,,,,,,,,,,1,2,1,1,7
200500002088,0005-01-14 16:30:00,5,1,14,16,30,60,123.0,PEINTRES ALLEE DES,,,Plein jour,En agglomération,Intersection en T,Normale,Deux véhicules - côté,,,,,,,,,,,1,2,3,1,3
200500002089,0005-01-15 09:30:00,5,1,15,9,30,60,123.0,VESPINS ROUTE DES,,,Plein jour,En agglomération,Hors intersection,Normale,Deux véhicules - côté,,,,,,,,,,,1,2,1,1,3
200500002090,0005-01-16 20:15:00,5,1,16,20,15,60,27.0,"7, VILLENEUVE AVENUE DE",,,Nuit avec éclairage allumé,En agglomération,Hors intersection,Normale,Sans collision,,,,,,,,,,,5,2,1,1,7
200500002091,0005-01-17 18:00:00,5,1,17,18,0,60,157.0,HUGUES AVENUE EMILE,,,Nuit avec éclairage allumé,En agglomération,Intersection en Y,Normale,Deux véhicules - côté,,,,,,,,,,,5,2,4,1,3
200500002092,0005-01-20 10:40:00,5,1,20,10,40,60,157.0,"436, LIBERATION AVENUE D",,,Plein jour,En agglomération,Hors intersection,Normale,Deux véhicules - arrière,,,,,,,,,,,1,2,1,1,2
200500002093,0005-01-21 12:30:00,5,1,21,12,30,60,27.0,PLAGE BOULEVARD DE LA,,,Plein jour,En agglomération,Hors intersection,Normale,Deux véhicules - arrière,,,,,,,,,,,1,2,1,1,2
200500002094,0005-01-26 00:50:00,5,1,26,0,50,60,27.0,"99, PLAGE BOULEVARD DE L",,,Nuit avec éclairage allumé,En agglomération,Hors intersection,Autre,Autre collision,,,,,,,,,,,5,2,1,9,6
200500002095,0005-01-25 16:00:00,5,1,25,16,0,60,157.0,"150, MAUREL BOULEVARD EM",,,Plein jour,En agglomération,Hors intersection,Normale,Sans collision,,,,,,,,,,,1,2,1,1,7
200500002096,0005-01-26 10:05:00,5,1,26,10,5,60,27.0,"105, NICE AVENUE DE (RN7",,,Plein jour,En agglomération,Hors intersection,Normale,Sans collision,,,,,,,,,,,1,2,1,1,7
200500002097,0005-01-28 10:40:00,5,1,28,10,40,60,157.0,MATISSE AVENUE HENRI,,,Plein jour,En agglomération,Autre intersection,Normale,Deux véhicules - arrière,,,,,,,,,,,1,2,9,1,2
200500002098,0005-01-28 19:50:00,5,1,28,19,50,60,123.0,GARE ROUTE DE LA,,,Nuit avec éclairage allumé,En agglomération,Hors intersection,Neige / grêle,Trois véhicules et plus - collisions multiples,,,,,,,,,,,5,2,1,4,5
200500002099,0005-01-29 02:10:00,5,1,29,2,10,60,27.0,"50, CANNES AVENUE DE (RN",,,Nuit avec éclairage allumé,En agglomération,Hors intersection,Autre,Autre collision,,,,,,,,,,,5,2,1,9,6
200500002100,0005-01-31 12:00:00,5,1,31,12,0,60,27.0,CANNES AVENUE DE (RN7),,,Plein jour,En agglomération,Hors intersection,Normale,Deux véhicules - côté,,,,,,,,,,,1,2,1,1,3
200500002101,0005-01-03 09:44:00,5,1,3,9,44,60,30.0,"106, SADI CARNOT (BOULEV",,,Plein jour,En agglomération,Hors intersection,Normale,Deux véhicules - arrière,,,,,,,,,,,1,2,1,1,2
200500002102,0005-01-03 16:15:00,5,1,3,16,15,60,29.0,CROISETTE (BOULEVARD DE,,,Plein jour,En agglomération,Intersection en T,Normale,Deux véhicules - côté,,,,,,,,,,,1,2,3,1,3
200500002103,0005-01-03 10:59:00,5,1,3,10,59,60,29.0,"97, CROISETTE (BOULEVARD",,,Plein jour,En agglomération,Intersection en T,Normale,Deux véhicules - côté,,,,,,,,,,,1,2,3,1,3
200500002104,0005-01-03 15:34:00,5,1,3,15,34,60,30.0,"590, CAMPELIERES (CHEMIN",,,Plein jour,En agglomération,Hors intersection,Normale,Deux véhicules - frontale,,,,,,,,,,,1,2,1,1,1
200500002105,0005-01-04 15:30:00,5,1,4,15,30,60,29.0,STRASBOURG (BOULEVARD DE,,,Plein jour,En agglomération,Hors intersection,Normale,Sans collision,,,,,,,,,,,1,2,1,1,7
200500002106,0005-01-04 09:02:00,5,1,4,9,2,60,30.0,"02, TIGNES (CHEMIN DES)",,,Plein jour,En agglomération,Intersection en T,Normale,Deux véhicules - côté,,,,,,,,,,,1,2,3,1,3
200500002107,0005-01-05 07:50:00,5,1,5,7,50,60,29.0,"25, GRASSE (AVENUE DE)",,,Crépuscule ou aube,En agglomération,Hors intersection,Autre,Deux véhicules - arrière,,,,,,,,,,,2,2,1,9,2
200500002108,0005-01-06 07:15:00,5,1,6,7,15,60,30.0,"2, DOUMER (BOULEVARD PAU",,,Crépuscule ou aube,En agglomération,Intersection en X,Normale,Deux véhicules - côté,,,,,,,,,,,2,2,2,1,3
200500002109,0005-01-06 07:40:00,5,1,6,7,40,60,30.0,"10, COTEAUX (AVENUE DES)",,,Crépuscule ou aube,En agglomération,Hors intersection,Normale,Deux véhicules - côté,,,,,,,,,,,2,2,1,1,3
200500002110,0005-01-10 14:07:00,5,1,10,14,7,60,30.0,ROOSEVELT (AVENUE FRANKL,,,Plein jour,En agglomération,Hors intersection,Normale,Sans collision,,,,,,,,,,,1,2,1,1,7
200500002111,0005-01-07 20:10:00,5,1,7,20,10,60,29.0,DIX HUIT JUIN (PLACE DU),,,Nuit avec éclairage allumé,En agglomération,Hors intersection,Normale,Deux véhicules - arrière,,,,,,,,,,,5,2,1,1,2
200500002112,0005-01-09 14:14:00,5,1,9,14,14,60,29.0,MIDI (BOULEVARD DU),,,Plein jour,En agglomération,Hors intersection,Normale,Deux véhicules - côté,,,,,,,,,,,1,2,1,1,3
200500002113,0005-01-10 16:07:00,5,1,10,16,7,60,29.0,"22, ALSACE ( BOULEVARD D",,,Plein jour,En agglomération,Hors intersection,Normale,Sans collision,,,,,,,,,,,1,2,1,1,7
200500002114,0005-01-12 09:20:00,5,1,12,9,20,60,29.0,MIDI (BOULEVARD DU),,,Plein jour,En agglomération,Hors intersection,Normale,Deux véhicules - arrière,,,,,,,,,,,1,2,1,1,2
200500002115,0005-01-12 09:42:00,5,1,12,9,42,60,29.0,"14, TONNER (AVENUE FRANC",,,Plein jour,En agglomération,Hors intersection,Normale,Deux véhicules - côté,,,,,,,,,,,1,2,1,1,3
200500002116,0005-01-13 09:30:00,5,1,13,9,30,60,29.0,"71, TONNER (AVENUE FRANC",,,Plein jour,En agglomération,Hors intersection,Normale,Autre collision,,,,,,,,,,,1,2,1,1,6
200500002117,0005-01-13 14:25:00,5,1,13,14,25,60,29.0,"63, CROISETTE (BOULEVARD",,,Plein jour,En agglomération,Hors intersection,Normale,Sans collision,,,,,,,,,,,1,2,1,1,7
200500002118,0005-01-13 17:55:00,5,1,13,17,55,60,29.0,"20, RIOU (BOULEVARD DU)",,,Nuit avec éclairage allumé,En agglomération,Hors intersection,Normale,Deux véhicules - arrière,,,,,,,,,,,5,2,1,1,2
200500002119,0005-01-14 20:58:00,5,1,14,20,58,60,30.0,"02, FERRY (RUE JULES)",,,Nuit avec éclairage allumé,En agglomération,Intersection en X,Normale,Deux véhicules - frontale,,,,,,,,,,,5,2,2,1,1
200500002120,0005-01-14 19:35:00,5,1,14,19,35,60,30.0,JOURDAN (AVENUE MICHEL (,,,Nuit avec éclairage allumé,En agglomération,Hors intersection,Normale,Autre collision,,,,,,,,,,,5,2,1,1,6
200500002121,0005-01-14 17:26:00,5,1,14,17,26,60,30.0,"00, JOURDAN (AVENUE MICH",,,Plein jour,En agglomération,Hors intersection,Normale,Deux véhicules - frontale,,,,,,,,,,,1,2,1,1,1