accident_id,datetime,annee,mois,jour,heure,minute,departement,commune_insee,adresse,latitude,longitude,luminosite,agglomeration,intersection,meteo,collision,nb_vehicules,nb_usagers,nb_indemnes,nb_tues,nb_blesses_hosp,nb_blesses_legers,age_cond_1,age_cond_2,veh_type_cond_1,veh_type_cond_2,lum_code,agg_code,int_code,atm_code,col_code
200500002122,0005-01-18 15:32:00,5,1,18,15,32,60,30.0,"264, JOURDAN (AVENUE MIC",,,Plein jour,En agglomération,Hors intersection,Pluie légère,Deux véhicules - côté,,,,,,,,,,,1,2,1,2,3
200500002123,0005-01-18 17:25:00,5,1,18,17,25,60,30.0,CAMPON (RUE,,,Plein jour,En agglomération,Hors intersection,Normale,Deux véhicules - arrière,,,,,,,,,,,1,2,1,1,2
200500002124,0005-01-19 13:45:00,5,1,19,13,45,60,30.0,"38-40, JOURDAN (AVENUE M",,,Plein jour,En agglomération,Hors intersection,Normale,Trois véhicules et plus - en chaîne,,,,,,,,,,,1,2,1,1,4
200500002125,0005-01-19 16:17:00,5,1,19,16,17,60,29.0,"15, MONTE-CARLO (AVENUE)",,,Plein jour,En agglomération,Intersection en T,Normale,Deux véhicules - côté,,,,,,,,,,,1,2,3,1,3
200500002126,0005-01-20 15:20:00,5,1,20,15,20,60,29.0,"79, PICAUD (AVENUE DR) B",,,Plein jour,En agglomération,Hors intersection,Normale,Trois véhicules et plus - en chaîne,,,,,,,,,,,1,2,1,1,4
200500002127,0005-01-21 06:54:00,5,1,21,6,54,60,29.0,"15, TONNER (AVENUE FRANC",,,Crépuscule ou aube,En agglomération,Hors intersection,Normale,Deux véhicules - côté,,,,,,,,,,,2,2,1,1,3
200500002128,0005-01-21 08:30:00,5,1,21,8,30,60,29.0,CARNOT (BOULEVARD),,,Plein jour,En agglomération,Intersection en X,Normale,Trois véhicules et plus - collisions multiples,,,,,,,,,,,1,2,2,1,5
200500002129,0005-01-21 11:06:00,5,1,21,11,6,60,29.0,"15, TURKHEIM (RUE DE)",,,Plein jour,En agglomération,Intersection en T,Normale,Deux véhicules - côté,,,,,,,,,,,1,2,3,1,3
200500002130,0005-01-21 15:24:00,5,1,21,15,24,60,30.0,ROOSEVELT (AVENUE FRANKL,,,Plein jour,En agglomération,Hors intersection,Normale,Autre collision,,,,,,,,,,,1,2,1,1,6
200500002131,0005-01-22 00:10:00,5,1,22,0,10,60,29.0,STRASBOURG (BOULEVARD DE,,,Nuit avec éclairage allumé,En agglomération,Hors intersection,Normale,Deux véhicules - côté,,,,,,,,,,,5,2,1,1,3
200500002132,0005-01-23 08:39:00,5,1,23,8,39,60,30.0,CAMPON (RUE,,,Nuit avec éclairage allumé,En agglomération,Hors intersection,Normale,Deux véhicules - arrière,,,,,,,,,,,5,2,1,1,2
200500002133,0005-01-22 02:36:00,5,1,22,2,36,60,29.0,"9, GAMBETTA (PLACE)",,,Nuit avec éclairage allumé,En agglomération,Hors intersection,Autre,Deux véhicules - frontale,,,,,,,,,,,5,2,1,9,1
200500002134,0005-01-25 10:40:00,5,1,25,10,40,60,30.0,"27, OLIVET (CHEMIN DE L'",,,Plein jour,En agglomération,Intersection en X,Normale,Deux véhicules - côté,,,,,,,,,,,1,2,2,1,3
200500002135,0005-01-26 14:36:00,5,1,26,14,36,60,30.0,FOCH (PLACE MARECHAL),,,Plein jour,En agglomération,Intersection en X,Normale,Deux véhicules - côté,,,,,,,,,,,1,2,2,1,3
200500002136,0005-01-26 13:02:00,5,1,26,13,2,60,29.0,"15, MONTROSE (AVENUE)",,,Plein jour,En agglomération,Hors intersection,Normale,Deux véhicules - côté,,,,,,,,,,,1,2,1,1,3
200500002137,0005-01-27 14:53:00,5,1,27,14,53,60,30.0,GAMBETTA (BOULEVARD),,,Plein jour,En agglomération,Intersection en X,Normale,Deux véhicules - côté,,,,,,,,,,,1,2,2,1,3
200500002138,0005-01-28 19:47:00,5,1,28,19,47,60,29.0,"50, CROISETTE (BOULEVARD",,,Nuit avec éclairage allumé,En agglomération,Hors intersection,Pluie légère,Sans collision,,,,,,,,,,,5,2,1,2,7
200500002139,0005-01-29 11:52:00,5,1,29,11,52,60,29.0,BLANC (RUE LOUIS),,,Plein jour,En agglomération,Hors intersection,Normale,Sans collision,,,,,,,,,,,1,2,1,1,7
200500002140,0005-01-29 17:00:00,5,1,29,17,0,60,29.0,"3, CROISETTE (BOULEVARD",,,Plein jour,En agglomération,Hors intersection,Normale,Deux véhicules - côté,,,,,,,,,,,1,2,1,1,3
200500002141,0005-01-29 19:50:00,5,1,29,19,50,60,29.0,"160, LATOUR MAUBOURG (RU",,,Nuit avec éclairage allumé,En agglomération,Hors intersection,Pluie légère,Deux véhicules - frontale,,,,,,,,,,,5,2,1,2,1
200500002142,0005-01-31 22:50:00,5,1,31,22,50,60,29.0,"22, TONNER (AVENUE FRANC",,,Nuit avec éclairage allumé,En agglomération,Hors intersection,Normale,Deux véhicules - côté,,,,,,,,,,,5,2,1,1,3
200500002143,0005-01-03 09:05:00,5,1,3,9,5,60,69.0,FRAGONARD (BOULEVARD ET,,,Plein jour,En agglomération,Hors intersection,Normale,Autre collision,,,,,,,,,,,1,2,1,1,6
200500002144,0005-01-08 12:40:00,5,1,8,12,40,60,69.0,HALTE (ROND-POINT),,,Plein jour,En agglomération,Giratoire,Normale,Deux véhicules - côté,,,,,,,,,,,1,2,6,1,3
200500002145,0005-01-10 12:40:00,5,1,10,12,40,60,69.0,SIDI BRAHIM (AVENUE ET T,,,Plein jour,En agglomération,Giratoire,Normale,Deux véhicules - côté,,,,,,,,,,,1,2,6,1,3
200500002146,0005-01-10 14:55:00,5,1,10,14,55,60,69.0,"20, GRAND CHENE (CHEMIN",,,Plein jour,En agglomération,Hors intersection,Normale,Deux véhicules - arrière,,,,,,,,,,,1,2,1,1,2
200500002147,0005-01-10 16:00:00,5,1,10,16,0,60,69.0,PALMIERS (RUE DES),,,Plein jour,En agglomération,Hors intersection,Normale,Deux véhicules - frontale,,,,,,,,,,,1,2,1,1,1
200500002148,0005-01-10 20:40:00,5,1,10,20,40,60,69.0,SAINT LAURENT (AVENUE),,,Nuit avec éclairage allumé,En agglomération,Intersection en Y,Normale,Deux véhicules - côté,,,,,,,,,,,5,2,4,1,3
200500002149,0005-01-11 09:50:00,5,1,11,9,50,60,69.0,"45, PLAN (ROUTE DU) -D30",,,Plein jour,En agglomération,Hors intersection,Normale,Trois véhicules et plus - collisions multiples,,,,,,,,,,,1,2,1,1,5
200500002150,0005-01-12 17:50:00,5,1,12,17,50,60,69.0,CHENES (CHEMIN DES),,,Crépuscule ou aube,En agglomération,Intersection en Y,Normale,Deux véhicules - côté,,,,,,,,,,,2,2,4,1,3
200500002151,0005-01-14 11:55:00,5,1,14,11,55,60,69.0,"120, CANNES (ROUTE DE)",,,Plein jour,En agglomération,Hors intersection,Normale,Deux véhicules - arrière,,,,,,,,,,,1,2,1,1,2
200500002152,0005-01-26 16:35:00,5,1,26,16,35,60,69.0,"23, MARIGARDE (ROUTE DE",,,Plein jour,En agglomération,Hors intersection,Normale,Deux véhicules - côté,,,,,,,,,,,1,2,1,1,3
200500002153,0005-01-28 08:45:00,5,1,28,8,45,60,69.0,"10, SAINTE MARGUERITE (C",,,Plein jour,En agglomération,Hors intersection,Normale,Autre collision,,,,,,,,,,,1,2,1,1,6
200500002154,0005-01-29 14:45:00,5,1,29,14,45,60,69.0,"287, CANNES (ROUTE DE)",,,Plein jour,En agglomération,Hors intersection,Normale,Deux véhicules - arrière,,,,,,,,,,,1,2,1,1,2
200500002155,0005-01-02 20:55:00,5,1,2,20,55,60,83.0,"1, SOLEIL (PROMENADE DU,",,,Nuit avec éclairage allumé,En agglomération,Hors intersection,Normale,Autre collision,,,,,,,,,,,5,2,1,1,6
200500002156,0005-01-03 20:55:00,5,1,3,20,55,60,83.0,"1, SOLEIL (PROMENADE DU,",,,Nuit avec éclairage allumé,En agglomération,Hors intersection,Normale,Autre collision,,,,,,,,,,,5,2,1,1,6
200500002157,0005-01-01 15:45:00,5,1,1,15,45,60,12.0,"CORNICHE (MOYENNE, N° 20",,,Plein jour,En agglomération,Intersection en T,Normale,Deux véhicules - frontale,,,,,,,,,,,1,2,3,1,1
200500002158,0005-01-06 14:45:00,5,1,6,14,45,60,104.0,"36, FRANCE (AVENUE DE)",,,Plein jour,En agglomération,Hors intersection,Normale,Deux véhicules - frontale,,,,,,,,,,,1,2,1,1,1
200500002159,0005-01-06 18:00:00,5,1,6,18,0,60,104.0,"168, VERDUN (AVENUE DE,",,,Nuit avec éclairage allumé,En agglomération,Intersection en T,Normale,Deux véhicules - côté,,,,,,,,,,,5,2,3,1,3
200500002160,0005-01-07 15:20:00,5,1,7,15,20,60,104.0,"33, DOUMER (AVENUE PAUL)",,,Plein jour,En agglomération,Hors intersection,Normale,Deux véhicules - côté,,,,,,,,,,,1,2,1,1,3
200500002161,0005-01-10 15:10:00,5,1,10,15,10,60,83.0,"76, DELATTRE DE TASSIGNY",,,Plein jour,En agglomération,Hors intersection,Normale,Autre collision,,,,,,,,,,,1,2,1,1,6
200500002162,0005-01-13 21:25:00,5,1,13,21,25,60,83.0,"13, GUYAU",,,Nuit avec éclairage allumé,En agglomération,Hors intersection,Normale,Deux véhicules - arrière,,,,,,,,,,,5,2,1,1,2
200500002163,0005-01-10 08:00:00,5,1,10,8,0,60,104.0,DOUMER (AVENUE PAUL),,,Plein jour,En agglomération,Intersection en T,Normale,Deux véhicules - côté,,,,,,,,,,,1,2,3,1,3
200500002164,0005-01-15 11:40:00,5,1,15,11,40,60,83.0,"1, ST CHARLES (RUE)",,,Plein jour,En agglomération,Hors intersection,Normale,Deux véhicules - côté,,,,,,,,,,,1,2,1,1,3
200500002165,0005-01-19 06:50:00,5,1,19,6,50,60,83.0,CABROLLES (ROUTE DES),,,Plein jour,En agglomération,Hors intersection,Normale,Deux véhicules - frontale,,,,,,,,,,,1,2,1,1,1
200500002166,0005-01-21 11:25:00,5,1,21,11,25,60,12.0,"2892, CORNICHE (MOYENNE,",,,Plein jour,En agglomération,Hors intersection,Normale,Deux véhicules - frontale,,,,,,,,,,,1,2,1,1,1
200500002167,0005-01-16 10:20:00,5,1,16,10,20,60,12.0,"15, TURBIE (BOULEVARD DE",,,Plein jour,En agglomération,Hors intersection,Normale,Deux véhicules - frontale,,,,,,,,,,,1,2,1,1,1
200500002168,0005-01-22 04:15:00,5,1,22,4,15,60,83.0,"22, REPUBLIQUE (RUE DE L",,,Nuit avec éclairage allumé,En agglomération,Intersection en T,Normale,Autre collision,,,,,,,,,,,5,2,3,1,6
200500002169,0005-01-29 10:15:00,5,1,29,10,15,60,83.0,"09, SOSPEL (AVENUE DE, N",,,Plein jour,En agglomération,Hors intersection,Normale,Autre collision,,,,,,,,,,,1,2,1,1,6
200500002170,0005-01-01 09:00:00,5,1,1,9,0,60,88.0,"10, RAIMBALDI (BD)",,,Plein jour,En agglomération,Intersection en X,Normale,Deux véhicules - côté,,,,,,,,,,,1,2,2,1,3
200500002171,0005-01-01 10:10:00,5,1,1,10,10,60,88.0,"213, ANGLAIS (DU N° 114",,,Plein jour,En agglomération,Hors intersection,Normale,Deux véhicules - arrière,,,,,,,,,,,1,2,1,1,2
200500002172,0005-01-02 14:00:00,5,1,2,14,0,60,88.0,"10, LAMARTINE (R.)",,,Plein jour,En agglomération,Intersection en X,Normale,Deux véhicules - côté,,,,,,,,,,,1,2,2,1,3
200500002173,0005-01-02 21:50:00,5,1,2,21,50,60,88.0,TZAREWITCH (BD DU),,,Nuit avec éclairage allumé,En agglomération,Intersection en X,Normale,Deux véhicules - côté,,,,,,,,,,,5,2,2,1,3
200500002174,0005-01-03 09:05:00,5,1,3,9,5,60,88.0,"25, MALONNIERE (R. DE LA",,,Plein jour,En agglomération,Intersection en X,Normale,Deux véhicules - côté,,,,,,,,,,,1,2,2,1,3
200500002175,0005-01-03 15:30:00,5,1,3,15,30,60,88.0,"652, GRENOBLE (ROUTE DE)",,,Plein jour,En agglomération,Hors intersection,Normale,Trois véhicules et plus - en chaîne,,,,,,,,,,,1,2,1,1,4
200500002176,0005-01-03 21:35:00,5,1,3,21,35,60,88.0,"10, PERTINAX (R.)",,,Nuit avec éclairage non allumé,En agglomération,Intersection en X,Normale,Deux véhicules - côté,,,,,,,,,,,4,2,2,1,3
200500002177,0005-01-04 05:20:00,5,1,4,5,20,60,88.0,"10, JARDINIERS (BD DES)",,,Nuit avec éclairage allumé,En agglomération,Hors intersection,Normale,Deux véhicules - frontale,,,,,,,,,,,5,2,1,1,1
200500002178,0005-01-04 14:00:00,5,1,4,14,0,60,88.0,"6, BEAUMONT (RUE)",,,Plein jour,En agglomération,Hors intersection,Normale,Deux véhicules - côté,,,,,,,,,,,1,2,1,1,3
200500002179,0005-01-04 15:10:00,5,1,4,15,10,60,88.0,"400, ANGLAIS (A PARTIR D",,,Plein jour,En agglomération,Hors intersection,Normale,Deux véhicules - arrière,,,,,,,,,,,1,2,1,1,2
200500002180,0005-01-04 15:30:00,5,1,4,15,30,60,88.0,"179, ANGLAIS (DU N° 114",,,Plein jour,En agglomération,Hors intersection,Normale,Deux véhicules - arrière,,,,,,,,,,,1,2,1,1,2
200500002181,0005-01-04 16:20:00,5,1,4,16,20,60,88.0,"205, CALIFORNIE (AV.) (A",,,Plein jour,En agglomération,Hors intersection,Normale,Deux véhicules - côté,,,,,,,,,,,1,2,1,1,3
200500002182,0005-01-04 18:40:00,5,1,4,18,40,60,88.0,"50, ALGER (RUE D')",,,Nuit avec éclairage allumé,En agglomération,Intersection en T,Normale,Autre collision,,,,,,,,,,,5,2,3,1,6
200500002183,0005-01-04 18:50:00,5,1,4,18,50,60,88.0,"201, CALIFORNIE (AV.) (A",,,Crépuscule ou aube,En agglomération,Intersection en X,Normale,Deux véhicules - côté,,,,,,,,,,,2,2,2,1,3
200500002184,0005-01-04 23:15:00,5,1,4,23,15,60,88.0,"1, MONT-BORON (BD DU) (A",,,Nuit avec éclairage allumé,En agglomération,Intersection en T,Normale,Autre collision,,,,,,,,,,,5,2,3,1,6
200500002185,0005-01-05 14:00:00,5,1,5,14,0,60,88.0,"50, GAMBETTA (JUSQU'AU N",,,Plein jour,En agglomération,Intersection en X,Normale,Deux véhicules - côté,,,,,,,,,,,1,2,2,1,3
200500002186,0005-01-05 16:30:00,5,1,5,16,30,60,88.0,"5, FRANCE (R. DE) DU N°",,,Plein jour,En agglomération,Hors intersection,Normale,Autre collision,,,,,,,,,,,1,2,1,1,6
200500002187,0005-01-05 17:20:00,5,1,5,17,20,60,88.0,"124, MONT-BORON (R. FORE",,,Crépuscule ou aube,En agglomération,Hors intersection,Normale,Autre collision,,,,,,,,,,,2,2,1,1,6
200500002188,0005-01-06 18:40:00,5,1,6,18,40,60,88.0,"2, SEMERIA (AV. DENIS)",,,Nuit avec éclairage allumé,En agglomération,Intersection en T,Normale,Deux véhicules - côté,,,,,,,,,,,5,2,3,1,3
200500002189,0005-01-05 19:00:00,5,1,5,19,0,60,88.0,"45, MALAUSSENA (AV.)",,,Nuit avec éclairage allumé,En agglomération,Intersection en X,Normale,Autre collision,,,,,,,,,,,5,2,2,1,6
200500002190,0005-01-06 08:10:00,5,1,6,8,10,60,88.0,"0, HOTEL DES POSTES (R.)",,,Crépuscule ou aube,En agglomération,Intersection en X,Normale,Deux véhicules - côté,,,,,,,,,,,2,2,2,1,3
200500002191,0005-01-06 11:30:00,5,1,6,11,30,60,88.0,"2, GALLIENI (AV.)",,,Plein jour,En agglomération,Hors intersection,Normale,Autre collision,,,,,,,,,,,1,2,1,1,6
200500002192,0005-01-06 13:20:00,5,1,6,13,20,60,88.0,"63, BELLEVUE (AV. DE)",,,Plein jour,En agglomération,Intersection en Y,Normale,Autre collision,,,,,,,,,,,1,2,4,1,6
200500002193,0005-01-06 14:40:00,5,1,6,14,40,60,88.0,"63, SAPPIA (AV. HENRI)",,,Plein jour,En agglomération,Hors intersection,Normale,Autre collision,,,,,,,,,,,1,2,1,1,6
200500002194,0005-01-06 15:40:00,5,1,6,15,40,60,88.0,"20, HOTEL DES POSTES (R.",,,Plein jour,En agglomération,Intersection en X,Normale,Deux véhicules - côté,,,,,,,,,,,1,2,2,1,3
200500002195,0005-01-06 18:05:00,5,1,6,18,5,60,88.0,"17, DESAMBROIS (AV.)",,,Nuit avec éclairage allumé,En agglomération,Hors intersection,Normale,Autre collision,,,,,,,,,,,5,2,1,1,6
200500002196,0005-01-06 23:15:00,5,1,6,23,15,60,88.0,"27, GAMBETTA (JUSQU'AU N",,,Nuit avec éclairage allumé,En agglomération,Intersection en X,Normale,Deux véhicules - côté,,,,,,,,,,,5,2,2,1,3
200500002197,0005-01-07 07:30:00,5,1,7,7,30,60,88.0,"25, MONZIE (R. ANATOLE D",,,Crépuscule ou aube,En agglomération,Intersection en X,Normale,Autre collision,,,,,,,,,,,2,2,2,1,6
200500002198,0005-01-07 10:45:00,5,1,7,10,45,60,88.0,"87, RAYBAUD JOSEPH",,,Plein jour,En agglomération,Hors intersection,Normale,Autre collision,,,,,,,,,,,1,2,1,1,6
200500002199,0005-01-07 11:45:00,5,1,7,11,45,60,88.0,"20, ROMAINE (AV. DE LA V",,,Plein jour,En agglomération,Intersection en X,Normale,Deux véhicules - côté,,,,,,,,,,,1,2,2,1,3
200500002200,0005-01-07 14:40:00,5,1,7,14,40,60,88.0,"315, PESSICART (A PARTIR",,,Plein jour,En agglomération,Intersection en X,Normale,Trois véhicules et plus - collisions multiples,,,,,,,,,,,1,2,2,1,5
200500002201,0005-01-08 06:15:00,5,1,8,6,15,60,88.0,ANGLAIS (N° 113),,,Nuit avec éclairage allumé,En agglomération,Intersection en X,Normale,Deux véhicules - côté,,,,,,,,,,,5,2,2,1,3
200500002202,0005-01-09 17:10:00,5,1,9,17,10,60,88.0,"115, MADELEINE (BD DE LA",,,Plein jour,En agglomération,Hors intersection,Normale,Autre collision,,,,,,,,,,,1,2,1,1,6
200500002203,0005-01-09 20:45:00,5,1,9,20,45,60,88.0,"10, COMBOUL (AV. RAYMOND",,,Nuit avec éclairage allumé,En agglomération,Hors intersection,Normale,Deux véhicules - arrière,,,,,,,,,,,5,2,1,1,2
200500002204,0005-01-09 21:20:00,5,1,9,21,20,60,88.0,"7, ACCHIARDI DE ST LEGER",,,Nuit avec éclairage allumé,En agglomération,Intersection en X,Normale,Deux véhicules - côté,,,,,,,,,,,5,2,2,1,3
200500002205,0005-01-10 11:50:00,5,1,10,11,50,60,88.0,"10, PAPACINO (QUAI)",,,Plein jour,En agglomération,Hors intersection,Normale,Trois véhicules et plus - en chaîne,,,,,,,,,,,1,2,1,1,4
200500002206,0005-01-10 01:20:00,5,1,10,1,20,60,88.0,"85, FRANCE (R. DE) DU N°",,,Nuit avec éclairage allumé,En agglomération,Intersection en X,Normale,Sans collision,,,,,,,,,,,5,2,2,1,7
200500002207,0005-01-10 15:57:00,5,1,10,15,57,60,88.0,"24, SAINT-SYLVESTRE (AV.",,,Plein jour,En agglomération,Intersection en X,Normale,Deux véhicules - côté,,,,,,,,,,,1,2,2,1,3
200500002208,0005-01-10 16:30:00,5,1,10,16,30,60,88.0,"20, PEGURIER (R. AUGUSTE",,,Plein jour,En agglomération,Intersection en T,Normale,Deux véhicules - côté,,,,,,,,,,,1,2,3,1,3
200500002209,0005-01-10 20:00:00,5,1,10,20,0,60,88.0,"234, MARGUERITE (AV. J.)",,,Nuit avec éclairage allumé,En agglomération,Hors intersection,Normale,Deux véhicules - côté,,,,,,,,,,,5,2,1,1,3
200500002210,0005-01-11 07:50:00,5,1,11,7,50,60,88.0,"3, CARNOT (BD)",,,Plein jour,En agglomération,Place,Normale,Autre collision,,,,,,,,,,,1,2,7,1,6
200500002211,0005-01-11 08:10:00,5,1,11,8,10,60,88.0,CORNICHE (MOYENNE),,,Plein jour,En agglomération,Intersection en T,Normale,Deux véhicules - côté,,,,,,,,,,,1,2,3,1,3
200500002212,0005-01-11 09:00:00,5,1,11,9,0,60,88.0,"0, COMBOUL (AV. RAYMOND)",,,Plein jour,En agglomération,Hors intersection,Normale,Deux véhicules - arrière,,,,,,,,,,,1,2,1,1,2
200500002213,0005-01-11 09:10:00,5,1,11,9,10,60,88.0,"172, TERRON (CH. DE)",,,Plein jour,En agglomération,Hors intersection,Normale,Autre collision,,,,,,,,,,,1,2,1,1,6
200500002214,0005-01-11 10:50:00,5,1,11,10,50,60,88.0,"0, CASSIN (BD RENE)",,,Plein jour,En agglomération,Hors intersection,Normale,Autre collision,,,,,,,,,,,1,2,1,1,6
200500002215,0005-01-11 13:30:00,5,1,11,13,30,60,88.0,"20, PERTINAX (R.)",,,Plein jour,En agglomération,Intersection en X,Normale,Deux véhicules - côté,,,,,,,,,,,1,2,2,1,3
200500002216,0005-01-11 14:40:00,5,1,11,14,40,60,88.0,"102, CASSIN (BD RENE)",,,Plein jour,En agglomération,Hors intersection,Normale,Deux véhicules - côté,,,,,,,,,,,1,2,1,1,3
200500002217,0005-01-11 20:00:00,5,1,11,20,0,60,88.0,"106, CESSOLE (BD DE) (A",,,Nuit avec éclairage allumé,En agglomération,Hors intersection,Normale,Deux véhicules - côté,,,,,,,,,,,5,2,1,1,3
200500002218,0005-01-11 20:40:00,5,1,11,20,40,60,88.0,"131, ANGLAIS (DU N° 114",,,Nuit avec éclairage allumé,En agglomération,Hors intersection,Normale,Autre collision,,,,,,,,,,,5,2,1,1,6
200500002219,0005-01-12 03:20:00,5,1,12,3,20,60,88.0,CALIFORNIE (AV.) (DU 23/,,,Nuit avec éclairage allumé,En agglomération,Hors intersection,Normale,Deux véhicules - côté,,,,,,,,,,,5,2,1,1,3
200500002220,0005-01-12 08:10:00,5,1,12,8,10,60,88.0,"33, BELLET (AV. DE)",,,Plein jour,En agglomération,Hors intersection,Normale,Trois véhicules et plus - en chaîne,,,,,,,,,,,1,2,1,1,4
200500002221,0005-01-12 10:50:00,5,1,12,10,50,60,88.0,"85, CESSOLE (BD DE) (JUS",,,Plein jour,En agglomération,Hors intersection,Normale,Autre collision,,,,,,,,,,,1,2,1,1,6
200500002222,0005-01-12 17:30:00,5,1,12,17,30,60,88.0,"14, SARAMITO (AV. GEN.)",,,Crépuscule ou aube,En agglomération,Hors intersection,Normale,Autre collision,,,,,,,,,,,2,2,1,1,6
200500002223,0005-01-12 19:00:00,5,1,12,19,0,60,88.0,"0, MONET (TRAV. JEAN)",,,Nuit avec éclairage allumé,En agglomération,Hors intersection,Normale,Deux véhicules - arrière,,,,,,,,,,,5,2,1,1,2
200500002224,0005-01-12 19:30:00,5,1,12,19,30,60,88.0,"20, STALINGRAD (BD DE)",,,Nuit avec éclairage allumé,En agglomération,Intersection en X,Normale,Deux véhicules - côté,,,,,,,,,,,5,2,2,1,3
200500002225,0005-01-12 19:45:00,5,1,12,19,45,60,88.0,"131, GAMBETTA (A PARTIR",,,Nuit avec éclairage allumé,En agglomération,Intersection en T,Normale,Deux véhicules - côté,,,,,,,,,,,5,2,3,1,3
200500002226,0005-01-13 08:35:00,5,1,13,8,35,60,88.0,"239, ANGLAIS (DU N° 114",,,Plein jour,En agglomération,Hors intersection,Normale,Autre collision,,,,,,,,,,,1,2,1,1,6
200500002227,0005-01-13 15:00:00,5,1,13,15,0,60,88.0,"16, SAINT-JEAN BAPTISTE",,,Plein jour,En agglomération,Intersection en X,Normale,Autre collision,,,,,,,,,,,1,2,2,1,6
200500002228,0005-01-14 08:30:00,5,1,14,8,30,60,88.0,"0, ALLEGRE (AV. JEAN)",,,Plein jour,En agglomération,Hors intersection,Normale,Deux véhicules - arrière,,,,,,,,,,,1,2,1,1,2
200500002229,0005-01-14 08:50:00,5,1,14,8,50,60,88.0,"0, AURIOL (PONT VINCENT)",,,Plein jour,En agglomération,Intersection en X,Normale,Deux véhicules - côté,,,,,,,,,,,1,2,2,1,3
200500002230,0005-01-14 09:00:00,5,1,14,9,0,60,88.0,"79, BORRIGLIONE (A PARTI",,,Plein jour,En agglomération,Hors intersection,Normale,Deux véhicules - côté,,,,,,,,,,,1,2,1,1,3
200500002231,0005-01-14 10:30:00,5,1,14,10,30,60,88.0,"1, ALBERTI (RUE)",,,Plein jour,En agglomération,Intersection en X,Normale,Autre collision,,,,,,,,,,,1,2,2,1,6
200500002232,0005-01-14 12:30:00,5,1,14,12,30,60,88.0,"0, CASSIN (BD RENE)",,,Plein jour,En agglomération,Autre intersection,Normale,Deux véhicules - côté,,,,,,,,,,,1,2,9,1,3
200500002233,0005-01-14 12:50:00,5,1,14,12,50,60,88.0,"0, CALIFORNIE (AV.) (DU",,,Plein jour,En agglomération,Hors intersection,Normale,Autre collision,,,,,,,,,,,1,2,1,1,6
200500002234,0005-01-15 11:30:00,5,1,15,11,30,60,88.0,"280, MADELEINE (BD DE LA",,,Plein jour,En agglomération,Hors intersection,Normale,Deux véhicules - côté,,,,,,,,,,,1,2,1,1,3
200500002235,0005-01-15 14:15:00,5,1,15,14,15,60,88.0,"10, ARMEE DES ALPES (BD",,,Plein jour,En agglomération,Intersection en T,Normale,Deux véhicules - côté,,,,,,,,,,,1,2,3,1,3
200500002236,0005-01-15 14:25:00,5,1,15,14,25,60,88.0,"0, GRENOBLE (ROUTE DE)",,,Plein jour,En agglomération,Hors intersection,Normale,Autre collision,,,,,,,,,,,1,2,1,1,6
200500002237,0005-01-15 22:30:00,5,1,15,22,30,60,88.0,"0, VILLERMONT (AV.)",,,Nuit avec éclairage allumé,En agglomération,Intersection en X,Normale,Autre collision,,,,,,,,,,,5,2,2,1,6
200500002238,0005-01-16 09:10:00,5,1,16,9,10,60,88.0,"0, POMPIDOU (BD GEORGES)",,,Plein jour,En agglomération,Hors intersection,Normale,Deux véhicules - arrière,,,,,,,,,,,1,2,1,1,2
200500002239,0005-01-16 14:50:00,5,1,16,14,50,60,88.0,"1, HANCY (R.)",,,Plein jour,En agglomération,Intersection en X,Normale,Deux véhicules - côté,,,,,,,,,,,1,2,2,1,3
200500002240,0005-01-16 15:00:00,5,1,16,15,0,60,88.0,"0, DEMONTZEY (RTE)",,,Plein jour,En agglomération,Intersection en T,Normale,Deux véhicules - côté,,,,,,,,,,,1,2,3,1,3
200500002241,0005-01-16 19:10:00,5,1,16,19,10,60,88.0,"0, CIMIEZ (BD) A PARTIR",,,Nuit avec éclairage allumé,En agglomération,Intersection en T,Normale,Deux véhicules - côté,,,,,,,,,,,5,2,3,1,3
200500002242,0005-01-16 20:15:00,5,1,16,20,15,60,88.0,PESSICART (JUSQU'AU 270/,,,Nuit avec éclairage allumé,En agglomération,Hors intersection,Normale,Autre collision,,,,,,,,,,,5,2,1,1,6
200500002243,0005-01-18 04:30:00,5,1,18,4,30,60,88.0,VOIE RAPIDE,,,Nuit avec éclairage allumé,En agglomération,Hors intersection,Normale,Autre collision,,,,,,,,,,,5,2,1,1,6
200500002244,0005-01-18 08:30:00,5,1,18,8,30,60,88.0,"O, PENETRANTE DU PAILLON",,,Plein jour,En agglomération,Hors intersection,Normale,Trois véhicules et plus - en chaîne,,,,,,,,,,,1,2,1,1,4
200500002245,0005-01-18 09:30:00,5,1,18,9,30,60,88.0,"181, SAINT-ANTOINE (RTE",,,Plein jour,En agglomération,Hors intersection,Normale,Deux véhicules - côté,,,,,,,,,,,1,2,1,1,3
200500002246,0005-01-18 10:05:00,5,1,18,10,5,60,88.0,"1, KARR (R. ALPHONSE)",,,Plein jour,En agglomération,Intersection en X,Normale,Autre collision,,,,,,,,,,,1,2,2,1,6
200500002247,0005-01-19 18:00:00,5,1,19,18,0,60,88.0,"166, MADELEINE (AV. DE L",,,Nuit avec éclairage allumé,En agglomération,Hors intersection,Pluie légère,Autre collision,,,,,,,,,,,5,2,1,2,6
200500002248,0005-01-18 19:00:00,5,1,18,19,0,60,88.0,"0, GRENOBLE (ROUTE DE)",,,Nuit avec éclairage allumé,En agglomération,Autre intersection,Normale,Trois véhicules et plus - en chaîne,,,,,,,,,,,5,2,9,1,4
200500002249,0005-01-18 20:45:00,5,1,18,20,45,60,88.0,"0, CALIFORNIE (AV.) (A P",,,Nuit avec éclairage allumé,En agglomération,Intersection en T,Normale,Deux véhicules - côté,,,,,,,,,,,5,2,3,1,3
200500002250,0005-01-18 07:30:00,5,1,18,7,30,60,88.0,"0, GAIRAUT (AV. DE)",,,Crépuscule ou aube,En agglomération,Intersection en T,Normale,Deux véhicules - arrière,,,,,,,,,,,2,2,3,1,2