accident_id,datetime,annee,mois,jour,heure,minute,departement,commune_insee,adresse,latitude,longitude,luminosite,agglomeration,intersection,meteo,collision,nb_vehicules,nb_usagers,nb_indemnes,nb_tues,nb_blesses_hosp,nb_blesses_legers,age_cond_1,age_cond_2,veh_type_cond_1,veh_type_cond_2,lum_code,agg_code,int_code,atm_code,col_code
200500002381,0005-01-03 06:45:00,5,1,3,6,45,130,55.0,"128, SAINT LOUP (BD)",,,Nuit avec éclairage allumé,En agglomération,Hors intersection,Normale,Sans collision,,,,,,,,,,,5,2,1,1,7
200500002382,0005-01-01 10:30:00,5,1,1,10,30,130,55.0,"90 - 92, LITTORAL (CHEMI",,,Crépuscule ou aube,En agglomération,Hors intersection,Normale,Deux véhicules - côté,,,,,,,,,,,2,2,1,1,3
200500002383,0005-01-02 00:30:00,5,1,2,0,30,130,55.0,RAIMU (AVE),,,Nuit avec éclairage allumé,En agglomération,Hors intersection,Normale,Sans collision,,,,,,,,,,,5,2,1,1,7
200500002384,0005-01-02 19:45:00,5,1,2,19,45,130,55.0,FELIX PYAT (RUE),,,Nuit avec éclairage allumé,En agglomération,Hors intersection,Normale,Autre collision,,,,,,,,,,,5,2,1,1,6
200500002385,0005-01-04 14:00:00,5,1,4,14,0,130,55.0,"66, GRANDJEAN (IMPASSE)",,,Plein jour,En agglomération,Hors intersection,Normale,Deux véhicules - frontale,,,,,,,,,,,1,2,1,1,1
200500002386,0005-01-04 12:15:00,5,1,4,12,15,130,55.0,"41, ACIERIES (BD DES)",,,Plein jour,En agglomération,Hors intersection,Normale,Deux véhicules - arrière,,,,,,,,,,,1,2,1,1,2
200500002387,0005-01-04 12:16:00,5,1,4,12,16,130,55.0,NATIONAL (BD),,,Plein jour,En agglomération,Hors intersection,Normale,Deux véhicules - frontale,,,,,,,,,,,1,2,1,1,1
200500002388,0005-01-05 14:30:00,5,1,5,14,30,130,55.0,"163, KE (CORNICHE)",,,Plein jour,En agglomération,Hors intersection,Normale,Deux véhicules - côté,,,,,,,,,,,1,2,1,1,3
200500002389,0005-01-05 19:00:00,5,1,5,19,0,130,55.0,"93, SAKAKINI (BD)",,,Nuit avec éclairage allumé,En agglomération,Hors intersection,Normale,Trois véhicules et plus - en chaîne,,,,,,,,,,,5,2,1,1,4
200500002390,0005-01-04 14:01:00,5,1,4,14,1,130,55.0,ROMAIN ROLLAND (BD),,,Plein jour,En agglomération,Hors intersection,Normale,Deux véhicules - côté,,,,,,,,,,,1,2,1,1,3
200500002391,0005-01-04 21:00:00,5,1,4,21,0,130,55.0,"571, MAZARGUES (AV DE)",,,Nuit avec éclairage allumé,En agglomération,Intersection en T,Normale,Autre collision,,,,,,,,,,,5,2,3,1,6
200500002392,0005-01-04 12:00:00,5,1,4,12,0,130,55.0,"154, LAUZE  (BD MIREILLE",,,Plein jour,En agglomération,Intersection en T,Normale,Deux véhicules - côté,,,,,,,,,,,1,2,3,1,3
200500002393,0005-01-05 20:40:00,5,1,5,20,40,130,55.0,LESSEPS (BD FERDINAND DE,,,Nuit avec éclairage allumé,En agglomération,Intersection en T,Normale,Deux véhicules - côté,,,,,,,,,,,5,2,3,1,3
200500002394,0005-01-04 16:00:00,5,1,4,16,0,130,55.0,", VALLON DES (RUE)",,,Plein jour,En agglomération,Hors intersection,Normale,Autre collision,,,,,,,,,,,1,2,1,1,6
200500002395,0005-01-06 23:25:00,5,1,6,23,25,130,55.0,SAINT ANTOI (AVENUE DE),,,Nuit avec éclairage allumé,En agglomération,Intersection en T,Normale,Autre collision,,,,,,,,,,,5,2,3,1,6
200500002396,0005-01-05 19:50:00,5,1,5,19,50,130,55.0,CASANOVA (BD DANIELLE),,,Nuit avec éclairage allumé,En agglomération,Intersection en X,Normale,Deux véhicules - côté,,,,,,,,,,,5,2,2,1,3
200500002397,0005-01-06 13:05:00,5,1,6,13,5,130,55.0,"79, LAUZE  (BD MIREILLE)",,,Plein jour,En agglomération,Hors intersection,Normale,Autre collision,,,,,,,,,,,1,2,1,1,6
200500002398,0005-01-04 20:10:00,5,1,4,20,10,130,55.0,LOUIS BONNEFON (PLACE),,,Nuit avec éclairage allumé,En agglomération,Giratoire,Normale,Deux véhicules - côté,,,,,,,,,,,5,2,6,1,3
200500002399,0005-01-07 08:15:00,5,1,7,8,15,130,55.0,FLEMING (BD ALEXANDER),,,Plein jour,En agglomération,Hors intersection,Normale,Deux véhicules - côté,,,,,,,,,,,1,2,1,1,3
200500002400,0005-01-07 22:35:00,5,1,7,22,35,130,55.0,", MARECHAL FOCH (AVENUE)",,,Nuit avec éclairage allumé,En agglomération,Hors intersection,Normale,Trois véhicules et plus - en chaîne,,,,,,,,,,,5,2,1,1,4
200500002401,0005-01-08 13:00:00,5,1,8,13,0,130,55.0,"19, MERLAN (AV DU)",,,Plein jour,En agglomération,Hors intersection,Normale,Deux véhicules - côté,,,,,,,,,,,1,2,1,1,3
200500002402,0005-01-10 19:40:00,5,1,10,19,40,130,55.0,"SANS, ALLENDE SALVATOR (",,,Nuit avec éclairage allumé,En agglomération,Hors intersection,Normale,Trois véhicules et plus - collisions multiples,,,,,,,,,,,5,2,1,1,5
200500002403,0005-01-05 18:30:00,5,1,5,18,30,130,55.0,"98, JEAN LOMBARD (AVENUE",,,Nuit avec éclairage allumé,En agglomération,Hors intersection,Normale,Autre collision,,,,,,,,,,,5,2,1,1,6
200500002404,0005-01-08 13:30:00,5,1,8,13,30,130,55.0,INDETERMINE (VOIE),,,Plein jour,En agglomération,Hors intersection,Normale,Deux véhicules - côté,,,,,,,,,,,1,2,1,1,3
200500002405,0005-01-08 15:15:00,5,1,8,15,15,130,55.0,JEAN MONDET (ROND POINT),,,Plein jour,En agglomération,Hors intersection,Normale,Deux véhicules - arrière,,,,,,,,,,,1,2,1,1,2
200500002406,0005-01-10 18:55:00,5,1,10,18,55,130,55.0,"103, HENRI BEYLE (RUE)",,,Nuit avec éclairage allumé,En agglomération,Hors intersection,Normale,Deux véhicules - frontale,,,,,,,,,,,5,2,1,1,1
200500002407,0005-01-06 16:30:00,5,1,6,16,30,130,55.0,"09, BEAURIVAGE (BD)",,,Plein jour,En agglomération,Hors intersection,Normale,Deux véhicules - côté,,,,,,,,,,,1,2,1,1,3
200500002408,0005-01-08 11:05:00,5,1,8,11,5,130,55.0,"143, RABATAU (BD)",,,Plein jour,En agglomération,Intersection en X,Temps couvert,Deux véhicules - côté,,,,,,,,,,,1,2,2,8,3
200500002409,0005-01-01 05:45:00,5,1,1,5,45,130,55.0,"52, CANEBIERE (LA)     1",,,Nuit avec éclairage allumé,En agglomération,Hors intersection,Normale,Deux véhicules - arrière,,,,,,,,,,,5,2,1,1,2
200500002410,0005-01-10 18:45:00,5,1,10,18,45,130,55.0,LIEUTAUD  (COURS 6EME),,,Nuit avec éclairage allumé,En agglomération,Hors intersection,Normale,Autre collision,,,,,,,,,,,5,2,1,1,6
200500002411,0005-01-06 19:30:00,5,1,6,19,30,130,55.0,HENRI BARNIER (BD),,,Nuit avec éclairage allumé,En agglomération,Hors intersection,Normale,Deux véhicules - arrière,,,,,,,,,,,5,2,1,1,2
200500002412,0005-01-10 15:00:00,5,1,10,15,0,130,55.0,"78, MIREILLE LAUZE (BD)",,,Plein jour,En agglomération,Hors intersection,Normale,Deux véhicules - arrière,,,,,,,,,,,1,2,1,1,2
200500002413,0005-01-10 19:00:00,5,1,10,19,0,130,55.0,PRADO (AVENUE),,,Plein jour,En agglomération,Hors intersection,Normale,Deux véhicules - côté,,,,,,,,,,,1,2,1,1,3
200500002414,0005-01-07 09:00:00,5,1,7,9,0,130,55.0,", CAPELETTE (AV DE LA )",,,Plein jour,En agglomération,Intersection en T,Normale,Trois véhicules et plus - en chaîne,,,,,,,,,,,1,2,3,1,4
200500002415,0005-01-08 13:45:00,5,1,8,13,45,130,55.0,RABATAU (BD),,,Plein jour,En agglomération,Intersection en X,Normale,Deux véhicules - côté,,,,,,,,,,,1,2,2,1,3
200500002416,0005-01-07 14:30:00,5,1,7,14,30,130,55.0,CESAR BOY (AVENUE),,,Plein jour,En agglomération,Hors intersection,Normale,Deux véhicules - arrière,,,,,,,,,,,1,2,1,1,2
200500002417,0005-01-14 11:50:00,5,1,14,11,50,130,55.0,"24, CASSINI (BD)",,,Plein jour,En agglomération,Hors intersection,Normale,Deux véhicules - frontale,,,,,,,,,,,1,2,1,1,1
200500002418,0005-01-15 12:00:00,5,1,15,12,0,130,55.0,"23, LAVERAN (BD)",,,Plein jour,En agglomération,Hors intersection,Normale,Deux véhicules - côté,,,,,,,,,,,1,2,1,1,3
200500002419,0005-01-16 16:00:00,5,1,16,16,0,130,55.0,", MASSENET (BD)",,,Plein jour,En agglomération,Intersection en T,Normale,Autre collision,,,,,,,,,,,1,2,3,1,6
200500002420,0005-01-14 21:30:00,5,1,14,21,30,130,55.0,PLOMBIERES (BD DES),,,Nuit avec éclairage allumé,En agglomération,Intersection en X,Normale,Deux véhicules - côté,,,,,,,,,,,5,2,2,1,3
200500002421,0005-01-16 02:50:00,5,1,16,2,50,130,55.0,", MENDES FRANCE (PARKING",,,Nuit avec éclairage allumé,En agglomération,Hors intersection,Normale,Autre collision,,,,,,,,,,,5,2,1,1,6
200500002422,0005-01-15 18:00:00,5,1,15,18,0,130,55.0,HENRI BARNIER (BD),,,Crépuscule ou aube,En agglomération,Hors intersection,Normale,Deux véhicules - côté,,,,,,,,,,,2,2,1,1,3
200500002423,0005-01-06 12:30:00,5,1,6,12,30,130,55.0,KE (CORNICHE),,,Plein jour,En agglomération,Hors intersection,Vent fort / tempête,Deux véhicules - côté,,,,,,,,,,,1,2,1,6,3
200500002424,0005-01-12 14:10:00,5,1,12,14,10,130,55.0,VITON (AVENUE),,,Plein jour,En agglomération,Hors intersection,Normale,Deux véhicules - arrière,,,,,,,,,,,1,2,1,1,2
200500002425,0005-01-03 08:00:00,5,1,3,8,0,130,55.0,TRINITAIRES (BD DES),,,Plein jour,En agglomération,Intersection en T,Normale,Deux véhicules - frontale,,,,,,,,,,,1,2,3,1,1
200500002426,0005-01-11 16:10:00,5,1,11,16,10,130,55.0,VITON (AVENUE),,,Plein jour,En agglomération,Hors intersection,Normale,Sans collision,,,,,,,,,,,1,2,1,1,7
200500002427,0005-01-17 15:30:00,5,1,17,15,30,130,55.0,BAILLE (BD),,,Plein jour,En agglomération,Hors intersection,Normale,Deux véhicules - côté,,,,,,,,,,,1,2,1,1,3
200500002428,0005-01-13 18:45:00,5,1,13,18,45,130,55.0,"77, INDETERMINE (VOIE)",,,Nuit avec éclairage allumé,En agglomération,Hors intersection,Normale,Sans collision,,,,,,,,,,,5,2,1,1,7
200500002429,0005-01-17 18:45:00,5,1,17,18,45,130,55.0,", RHIN FIDELITY (RUE DU)",,,Nuit avec éclairage allumé,En agglomération,Hors intersection,Normale,Trois véhicules et plus - en chaîne,,,,,,,,,,,5,2,1,1,4
200500002430,0005-01-10 17:00:00,5,1,10,17,0,130,55.0,INDETERMINE (VOIE),,,Plein jour,En agglomération,Hors intersection,Temps couvert,Deux véhicules - côté,,,,,,,,,,,1,2,1,8,3
200500002431,0005-01-02 12:40:00,5,1,2,12,40,130,55.0,PRADO (AVENUE),,,Plein jour,En agglomération,Intersection en X,Normale,Deux véhicules - côté,,,,,,,,,,,1,2,2,1,3
200500002432,0005-01-14 10:15:00,5,1,14,10,15,130,55.0,"20, CABASSU (BD JEAN EUG",,,Plein jour,En agglomération,Hors intersection,Normale,Deux véhicules - côté,,,,,,,,,,,1,2,1,1,3
200500002433,0005-01-19 15:00:00,5,1,19,15,0,130,55.0,"1, CATALANS (RUE DES)",,,Plein jour,En agglomération,Hors intersection,Vent fort / tempête,Autre collision,,,,,,,,,,,1,2,1,6,6
200500002434,0005-01-11 17:40:00,5,1,11,17,40,130,55.0,KALLISTE (PARC),,,Plein jour,En agglomération,Hors intersection,Normale,Autre collision,,,,,,,,,,,1,2,1,1,6
200500002435,0005-01-13 13:50:00,5,1,13,13,50,130,55.0,PIERRE PUGET (COURS),,,Plein jour,En agglomération,Hors intersection,Normale,Deux véhicules - côté,,,,,,,,,,,1,2,1,1,3
200500002436,0005-01-03 11:50:00,5,1,3,11,50,130,55.0,INDETERMINE (VOIE),,,Plein jour,En agglomération,Intersection en T,Normale,Autre collision,,,,,,,,,,,1,2,3,1,6
200500002437,0005-01-01 20:00:00,5,1,1,20,0,130,55.0,PLOMBIERES (BD DES),,,Nuit avec éclairage allumé,En agglomération,Intersection en T,Normale,Deux véhicules - côté,,,,,,,,,,,5,2,3,1,3
200500002438,0005-01-07 16:50:00,5,1,7,16,50,130,55.0,"39, FRAIS VALLO (AVENUE)",,,Plein jour,En agglomération,Autre intersection,Normale,Deux véhicules - frontale,,,,,,,,,,,1,2,9,1,1
200500002439,0005-01-10 16:25:00,5,1,10,16,25,130,55.0,"02, INDETERMINE (VOIE)",,,Plein jour,En agglomération,Hors intersection,Normale,Deux véhicules - côté,,,,,,,,,,,1,2,1,1,3
200500002440,0005-01-06 13:20:00,5,1,6,13,20,130,55.0,"34, PLOMBIERES (BD DES)",,,Plein jour,En agglomération,Hors intersection,Normale,Trois véhicules et plus - en chaîne,,,,,,,,,,,1,2,1,1,4
200500002441,0005-01-21 10:15:00,5,1,21,10,15,130,55.0,"83, REDON (BD DU)",,,Plein jour,En agglomération,Hors intersection,Normale,Sans collision,,,,,,,,,,,1,2,1,1,7
200500002442,0005-01-16 11:30:00,5,1,16,11,30,130,55.0,VILLAGE (RUE DE),,,Plein jour,En agglomération,Intersection en X,Normale,Deux véhicules - côté,,,,,,,,,,,1,2,2,1,3
200500002443,0005-01-19 19:15:00,5,1,19,19,15,130,55.0,"1, LOUIS BONNEFON (PLACE",,,Nuit avec éclairage allumé,En agglomération,Giratoire,Normale,Deux véhicules - frontale,,,,,,,,,,,5,2,6,1,1
200500002444,0005-01-13 07:35:00,5,1,13,7,35,130,55.0,CANEBIERE (LA)     81 A,,,Crépuscule ou aube,En agglomération,Hors intersection,Normale,Trois véhicules et plus - en chaîne,,,,,,,,,,,2,2,1,1,4
200500002445,0005-01-23 12:10:00,5,1,23,12,10,130,55.0,", AYGALADES (AV DES)",,,Plein jour,En agglomération,Hors intersection,Pluie légère,Autre collision,,,,,,,,,,,1,2,1,2,6
200500002446,0005-01-13 12:15:00,5,1,13,12,15,130,55.0,AUGUSTE BLANQUI (RUE),,,Plein jour,En agglomération,Intersection en X,Normale,Deux véhicules - côté,,,,,,,,,,,1,2,2,1,3
200500002447,0005-01-07 13:00:00,5,1,7,13,0,130,55.0,BELGES (QUAI DES),,,Plein jour,En agglomération,Hors intersection,Normale,Deux véhicules - côté,,,,,,,,,,,1,2,1,1,3
200500002448,0005-01-12 18:00:00,5,1,12,18,0,130,55.0,MIREILLE LAUZE (BD),,,Nuit avec éclairage allumé,En agglomération,Hors intersection,Normale,Deux véhicules - côté,,,,,,,,,,,5,2,1,1,3
200500002449,0005-01-15 02:45:00,5,1,15,2,45,130,55.0,TURCAT-MERY (ALLEE),,,Nuit avec éclairage allumé,En agglomération,Intersection en T,Normale,Deux véhicules - côté,,,,,,,,,,,5,2,3,1,3
200500002450,0005-01-14 17:30:00,5,1,14,17,30,130,55.0,INDETERMINE (VOIE),,,Crépuscule ou aube,En agglomération,Hors intersection,Normale,Deux véhicules - côté,,,,,,,,,,,2,2,1,1,3
200500002451,0005-01-15 16:30:00,5,1,15,16,30,130,55.0,"9, SAKAKINI (BD)",,,Plein jour,En agglomération,Hors intersection,Normale,Deux véhicules - côté,,,,,,,,,,,1,2,1,1,3
200500002452,0005-01-18 12:00:00,5,1,18,12,0,130,55.0,", VALBARELLE (BD DE LA)",,,Plein jour,En agglomération,Hors intersection,Temps couvert,Deux véhicules - côté,,,,,,,,,,,1,2,1,8,3
200500002453,0005-01-14 18:30:00,5,1,14,18,30,130,55.0,WILLIAM BOOTH (AVENUE),,,Nuit avec éclairage allumé,En agglomération,Hors intersection,Normale,Trois véhicules et plus - en chaîne,,,,,,,,,,,5,2,1,1,4
200500002454,0005-01-15 23:15:00,5,1,15,23,15,130,55.0,MICHELET (BD),,,Nuit avec éclairage allumé,En agglomération,Hors intersection,Normale,Deux véhicules - arrière,,,,,,,,,,,5,2,1,1,2
200500002455,0005-01-20 15:00:00,5,1,20,15,0,130,55.0,POMPIDOU (PROM.),,,Plein jour,En agglomération,Hors intersection,Normale,Autre collision,,,,,,,,,,,1,2,1,1,6
200500002456,0005-01-04 17:40:00,5,1,4,17,40,130,55.0,GANAY (BD),,,Nuit avec éclairage allumé,En agglomération,Hors intersection,Normale,Deux véhicules - arrière,,,,,,,,,,,5,2,1,1,2
200500002457,0005-01-14 18:31:00,5,1,14,18,31,130,55.0,PEINTRES-ROUX (AV DES),,,Nuit avec éclairage allumé,En agglomération,Hors intersection,Normale,Deux véhicules - arrière,,,,,,,,,,,5,2,1,1,2
200500002458,0005-01-19 13:00:00,5,1,19,13,0,130,55.0,"95, MONTRE (TRAVERSE DE",,,Plein jour,En agglomération,Hors intersection,Normale,Deux véhicules - frontale,,,,,,,,,,,1,2,1,1,1
200500002459,0005-01-20 20:45:00,5,1,20,20,45,130,55.0,"34, MADRAGUE  MONTREDON",,,Nuit avec éclairage allumé,En agglomération,Hors intersection,Normale,Autre collision,,,,,,,,,,,5,2,1,1,6
200500002460,0005-01-19 18:30:00,5,1,19,18,30,130,55.0,SABLIERE (AV DE LA),,,Nuit sans éclairage public,En agglomération,Hors intersection,Normale,Autre collision,,,,,,,,,,,3,2,1,1,6
200500002461,0005-01-04 08:30:00,5,1,4,8,30,130,55.0,WILLIAM BOOTH (AVENUE),,,Plein jour,En agglomération,Giratoire,Normale,Autre collision,,,,,,,,,,,1,2,6,1,6
200500002462,0005-01-18 15:30:00,5,1,18,15,30,130,55.0,LEON LACHAMP (ROUTE),,,Plein jour,En agglomération,Hors intersection,Pluie légère,Autre collision,,,,,,,,,,,1,2,1,2,6
200500002463,0005-01-05 08:00:00,5,1,5,8,0,130,55.0,"10, ESPERANDIEU (RUE)",,,Crépuscule ou aube,En agglomération,Hors intersection,Normale,Deux véhicules - côté,,,,,,,,,,,2,2,1,1,3
200500002464,0005-01-14 07:55:00,5,1,14,7,55,130,55.0,D POINT DAVID (AVENUE),,,Plein jour,En agglomération,Giratoire,Normale,Trois véhicules et plus - collisions multiples,,,,,,,,,,,1,2,6,1,5
200500002465,0005-01-12 11:05:00,5,1,12,11,5,130,55.0,CAP JANET (CHEMIN),,,Plein jour,En agglomération,Hors intersection,Normale,Sans collision,,,,,,,,,,,1,2,1,1,7
200500002466,0005-01-18 15:25:00,5,1,18,15,25,130,55.0,"77, PLOMBIERES (BD DE)",,,Plein jour,En agglomération,Hors intersection,Pluie légère,Autre collision,,,,,,,,,,,1,2,1,2,6
200500002467,0005-01-19 09:00:00,5,1,19,9,0,130,55.0,"69, ST ANTOINE A ST JO (",,,Plein jour,En agglomération,Hors intersection,Normale,Autre collision,,,,,,,,,,,1,2,1,1,6
200500002468,0005-01-15 00:50:00,5,1,15,0,50,130,55.0,PRADO (AVENUE),,,Nuit avec éclairage allumé,En agglomération,Hors intersection,Normale,Deux véhicules - côté,,,,,,,,,,,5,2,1,1,3
200500002469,0005-01-22 12:40:00,5,1,22,12,40,130,55.0,"22, SAINT JULIEN (AVE)",,,Plein jour,En agglomération,Hors intersection,Normale,Trois véhicules et plus - collisions multiples,,,,,,,,,,,1,2,1,1,5
200500002470,0005-01-22 15:10:00,5,1,22,15,10,130,55.0,"79, ROMAIN ROLLAND (BD)",,,Plein jour,En agglomération,Hors intersection,Autre,Autre collision,,,,,,,,,,,1,2,1,9,6
200500002471,0005-01-24 12:00:00,5,1,24,12,0,130,55.0,SAINT SUFFREN (RUE),,,Plein jour,En agglomération,Hors intersection,Normale,Autre collision,,,,,,,,,,,1,2,1,1,6
200500002472,0005-01-24 12:45:00,5,1,24,12,45,130,55.0,CONDORCET (RUE),,,Plein jour,En agglomération,Intersection en T,Normale,Deux véhicules - côté,,,,,,,,,,,1,2,3,1,3
200500002473,0005-01-19 11:55:00,5,1,19,11,55,130,55.0,"41, HENRI BARNIER (BD)",,,Plein jour,En agglomération,Hors intersection,Normale,Deux véhicules - côté,,,,,,,,,,,1,2,1,1,3
200500002474,0005-01-17 12:10:00,5,1,17,12,10,130,55.0,FELIX PYAT (RUE),,,Plein jour,En agglomération,Intersection en T,Normale,Autre collision,,,,,,,,,,,1,2,3,1,6
200500002475,0005-01-15 11:50:00,5,1,15,11,50,130,55.0,BERTHE-SYLVA (ROUTE),,,Plein jour,En agglomération,Hors intersection,Normale,Deux véhicules - côté,,,,,,,,,,,1,2,1,1,3
200500002476,0005-01-14 09:15:00,5,1,14,9,15,130,55.0,J.P SARTRE (AVENUE),,,Plein jour,En agglomération,Hors intersection,Normale,Deux véhicules - côté,,,,,,,,,,,1,2,1,1,3
200500002477,0005-01-24 14:45:00,5,1,24,14,45,130,55.0,SUEZ (RUE DE),,,Plein jour,En agglomération,Hors intersection,Normale,Autre collision,,,,,,,,,,,1,2,1,1,6
200500002478,0005-01-21 18:25:00,5,1,21,18,25,130,55.0,LOUBON (RUE),,,Nuit avec éclairage allumé,En agglomération,Intersection en X,Normale,Autre collision,,,,,,,,,,,5,2,2,1,6
200500002479,0005-01-23 13:00:00,5,1,23,13,0,130,55.0,"83, REDON (BD DU)",,,Plein jour,En agglomération,Hors intersection,Normale,Autre collision,,,,,,,,,,,1,2,1,1,6
200500002480,0005-01-03 17:10:00,5,1,3,17,10,130,55.0,"57, PRADO  N°77 A FIN (A",,,Plein jour,En agglomération,Hors intersection,Normale,Autre collision,,,,,,,,,,,1,2,1,1,6
200500002481,0005-01-19 08:50:00,5,1,19,8,50,130,55.0,"64, INDETERMINE (VOIE)",,,Plein jour,En agglomération,Hors intersection,Normale,Deux véhicules - arrière,,,,,,,,,,,1,2,1,1,2
200500002482,0005-01-17 17:55:00,5,1,17,17,55,130,55.0,ORANGE (RUE D'),,,Crépuscule ou aube,En agglomération,Intersection en T,Normale,Sans collision,,,,,,,,,,,2,2,3,1,7
200500002483,0005-01-19 18:05:00,5,1,19,18,5,130,55.0,RAIMU (AVE),,,Nuit avec éclairage allumé,En agglomération,Intersection en T,Vent fort / tempête,Deux véhicules - côté,,,,,,,,,,,5,2,3,6,3
200500002484,0005-01-15 17:50:00,5,1,15,17,50,130,55.0,CANONGE (RUE),,,Nuit sans éclairage public,En agglomération,Intersection en X,Normale,Autre collision,,,,,,,,,,,3,2,2,1,6
200500002485,0005-01-17 13:35:00,5,1,17,13,35,130,55.0,CHAVE (AVENUE),,,Plein jour,En agglomération,Intersection en X,Normale,Deux véhicules - côté,,,,,,,,,,,1,2,2,1,3
200500002486,0005-01-27 14:00:00,5,1,27,14,0,130,75.0,"06, MISTRAL (AV FREDERIC",,,Plein jour,En agglomération,Hors intersection,Normale,Deux véhicules - frontale,,,,,,,,,,,1,2,1,1,1
200500002487,0005-01-28 01:45:00,5,1,28,1,45,130,55.0,VAUDOYER (AVENUE),,,Nuit avec éclairage allumé,En agglomération,Hors intersection,Normale,Autre collision,,,,,,,,,,,5,2,1,1,6
200500002488,0005-01-27 16:50:00,5,1,27,16,50,130,55.0,VISTE (AV DE LA),,,Nuit avec éclairage allumé,En agglomération,Hors intersection,Normale,Deux véhicules - côté,,,,,,,,,,,5,2,1,1,3
200500002489,0005-01-27 11:30:00,5,1,27,11,30,130,55.0,CHAVE (AVENUE),,,Plein jour,En agglomération,Intersection en X,Normale,Deux véhicules - côté,,,,,,,,,,,1,2,2,1,3
200500002490,0005-01-26 08:45:00,5,1,26,8,45,130,2.0,GIONO (AVE JEAN),,,Plein jour,En agglomération,Giratoire,Normale,Sans collision,,,,,,,,,,,1,2,6,1,7
200500002491,0005-01-25 19:30:00,5,1,25,19,30,130,55.0,"38, CROIX ROUGE (AVENUE)",,,Nuit avec éclairage allumé,En agglomération,Hors intersection,Normale,Deux véhicules - côté,,,,,,,,,,,5,2,1,1,3
200500002492,0005-01-24 14:00:00,5,1,24,14,0,130,55.0,"66, ROME (RUE DE)",,,Plein jour,En agglomération,Hors intersection,Normale,Trois véhicules et plus - collisions multiples,,,,,,,,,,,1,2,1,1,5
200500002493,0005-01-11 07:45:00,5,1,11,7,45,130,55.0,CHARLES SUSINI (TRAVERSE,,,Plein jour,En agglomération,Intersection en T,Normale,Deux véhicules - côté,,,,,,,,,,,1,2,3,1,3
200500002494,0005-01-01 18:20:00,5,1,1,18,20,130,55.0,", SAINT JEROM (AVENUE DE",,,Crépuscule ou aube,En agglomération,Intersection en X,Normale,Deux véhicules - côté,,,,,,,,,,,2,2,2,1,3
200500002495,0005-01-20 10:05:00,5,1,20,10,5,130,55.0,"200, KE (CORNICHE)",,,Plein jour,En agglomération,Hors intersection,Normale,Deux véhicules - côté,,,,,,,,,,,1,2,1,1,3
200500002496,0005-01-25 07:30:00,5,1,25,7,30,130,55.0,CAPELETTE (AV DE LA ),,,Plein jour,En agglomération,Place,Normale,Deux véhicules - côté,,,,,,,,,,,1,2,7,1,3
200500002497,0005-01-18 12:35:00,5,1,18,12,35,130,55.0,"5, GRANIERE (RUE DE LA)",,,Plein jour,En agglomération,Hors intersection,Pluie légère,Deux véhicules - côté,,,,,,,,,,,1,2,1,2,3
200500002498,0005-01-27 18:45:00,5,1,27,18,45,130,55.0,"106, CAMOINS (AVENUE DES",,,Nuit avec éclairage allumé,En agglomération,Hors intersection,Normale,Trois véhicules et plus - en chaîne,,,,,,,,,,,5,2,1,1,4
200500002499,0005-01-20 15:20:00,5,1,20,15,20,130,55.0,", PEINTRES-ROUX (AV DES",,,Plein jour,En agglomération,Giratoire,Normale,Deux véhicules - frontale,,,,,,,,,,,1,2,6,1,1
200500002500,0005-01-24 15:50:00,5,1,24,15,50,130,55.0,PARADIS (RUE),,,Plein jour,En agglomération,Hors intersection,Normale,Deux véhicules - arrière,,,,,,,,,,,1,2,1,1,2
200500002501,0005-01-28 13:45:00,5,1,28,13,45,130,55.0,"97, POMPIDOU (PROM.)",,,Plein jour,En agglomération,Hors intersection,Normale,Deux véhicules - arrière,,,,,,,,,,,1,2,1,1,2
200500002502,0005-01-13 21:40:00,5,1,13,21,40,130,55.0,"56, MAZARGUES (AV DE)",,,Nuit avec éclairage allumé,En agglomération,Hors intersection,Normale,Deux véhicules - frontale,,,,,,,,,,,5,2,1,1,1
200500002503,0005-01-15 07:45:00,5,1,15,7,45,130,55.0,"117, S AVENUE (AVENUE)",,,Plein jour,En agglomération,Hors intersection,Normale,Autre collision,,,,,,,,,,,1,2,1,1,6
200500002504,0005-01-20 14:20:00,5,1,20,14,20,130,55.0,"31, PLOMBIERES (BD DE)",,,Plein jour,En agglomération,Hors intersection,Normale,Autre collision,,,,,,,,,,,1,2,1,1,6
200500002505,0005-01-10 10:25:00,5,1,10,10,25,130,55.0,"69, TASSIGNY (AV M. DE L",,,Plein jour,En agglomération,Intersection en T,Normale,Deux véhicules - frontale,,,,,,,,,,,1,2,3,1,1
200500002506,0005-01-25 09:30:00,5,1,25,9,30,130,55.0,"13, GARE (BD DE LA)",,,Plein jour,En agglomération,Hors intersection,Normale,Deux véhicules - arrière,,,,,,,,,,,1,2,1,1,2
200500002507,0005-01-23 15:45:00,5,1,23,15,45,130,55.0,NORMANDIE NIEMEN (AVENUE,,,Plein jour,En agglomération,Hors intersection,Pluie légère,Deux véhicules - arrière,,,,,,,,,,,1,2,1,2,2
200500002508,0005-01-27 18:05:00,5,1,27,18,5,130,55.0,SAINT PAUL (AVENUE),,,Nuit avec éclairage allumé,En agglomération,Hors intersection,Normale,Deux véhicules - côté,,,,,,,,,,,5,2,1,1,3
200500002509,0005-01-29 14:10:00,5,1,29,14,10,130,55.0,CORDERIE (BD DE LA),,,Plein jour,En agglomération,Intersection en X,Normale,Deux véhicules - côté,,,,,,,,,,,1,2,2,1,3