accident_id,datetime,annee,mois,jour,heure,minute,departement,commune_insee,adresse,latitude,longitude,luminosite,agglomeration,intersection,meteo,collision,nb_vehicules,nb_usagers,nb_indemnes,nb_tues,nb_blesses_hosp,nb_blesses_legers,age_cond_1,age_cond_2,veh_type_cond_1,veh_type_cond_2,lum_code,agg_code,int_code,atm_code,col_code
200500003020,0005-01-24 14:00:00,5,1,24,14,0,300,189.0,"9, DHUODA (RUE)",,,Plein jour,En agglomération,Hors intersection,Normale,Trois véhicules et plus - collisions multiples,,,,,,,,,,,1,2,1,1,5
200500003021,0005-01-24 15:50:00,5,1,24,15,50,300,189.0,ALLENDE SALVADOR (RUE),,,Plein jour,En agglomération,Hors intersection,Normale,Deux véhicules - arrière,,,,,,,,,,,1,2,1,1,2
200500003022,0005-01-24 18:52:00,5,1,24,18,52,300,189.0,MITTERAND FRANCOIS (AVEN,,,Nuit sans éclairage public,En agglomération,Hors intersection,Normale,Trois véhicules et plus - en chaîne,,,,,,,,,,,3,2,1,1,4
200500003023,0005-01-22 16:53:00,5,1,22,16,53,300,189.0,"539, PROUVE JEAN (AVENUE",,,Plein jour,En agglomération,Hors intersection,Normale,Autre collision,,,,,,,,,,,1,2,1,1,6
200500003024,0005-01-25 12:50:00,5,1,25,12,50,300,189.0,ABRIVADO (RUE),,,Plein jour,En agglomération,Hors intersection,Normale,Deux véhicules - côté,,,,,,,,,,,1,2,1,1,3
200500003025,0005-01-26 11:24:00,5,1,26,11,24,300,189.0,"1, SAUVE (CHEMIN VIEUX D",,,Plein jour,En agglomération,Hors intersection,Normale,Autre collision,,,,,,,,,,,1,2,1,1,6
200500003026,0005-01-27 09:52:00,5,1,27,9,52,300,189.0,ALLENDE SALVADOR (RUE),,,Plein jour,En agglomération,Hors intersection,Normale,Deux véhicules - arrière,,,,,,,,,,,1,2,1,1,2
200500003027,0005-01-27 19:00:00,5,1,27,19,0,300,189.0,BOEGNER PASTEUR MARC (BO,,,Nuit avec éclairage allumé,En agglomération,Hors intersection,Normale,Deux véhicules - arrière,,,,,,,,,,,5,2,1,1,2
200500003028,0005-01-04 08:10:00,5,1,4,8,10,300,11.0,ARAMON ROUTE D',,,Plein jour,En agglomération,Hors intersection,Normale,Trois véhicules et plus - collisions multiples,,,,,,,,,,,1,2,1,1,5
200500003029,0005-01-12 07:20:00,5,1,12,7,20,300,351.0,CEVENNES AVENUE DES,,,Nuit avec éclairage allumé,En agglomération,Hors intersection,Normale,Autre collision,,,,,,,,,,,5,2,1,1,6
200500003030,0005-01-12 12:15:00,5,1,12,12,15,300,11.0,ROND POINT R.N.100  3013,,,Plein jour,Hors agglomération,Giratoire,Normale,Trois véhicules et plus - en chaîne,,,,,,,,,,,1,1,6,1,4
200500003031,0005-01-07 14:30:00,5,1,7,14,30,310,69.0,"9, ZOLA (ALL EMILE)",,,Plein jour,En agglomération,Hors intersection,Normale,Deux véhicules - côté,,,,,,,,,,,1,2,1,1,3
200500003032,0005-01-11 08:40:00,5,1,11,8,40,310,69.0,"16, COMPANS (AV DU GENER",,,Plein jour,En agglomération,Hors intersection,Normale,Deux véhicules - côté,,,,,,,,,,,1,2,1,1,3
200500003033,0005-01-13 12:45:00,5,1,13,12,45,310,69.0,CORNEBARRIEU (ROUTE DE),,,Plein jour,En agglomération,Hors intersection,Normale,Deux véhicules - côté,,,,,,,,,,,1,2,1,1,3
200500003034,0005-01-19 18:30:00,5,1,19,18,30,310,69.0,"3, PINS (AV DES)",,,Nuit avec éclairage allumé,En agglomération,Hors intersection,Pluie légère,Autre collision,,,,,,,,,,,5,2,1,2,6
200500003035,0005-01-20 08:02:00,5,1,20,8,2,310,69.0,"46, CORNEBARRIEU (AV DE)",,,Crépuscule ou aube,En agglomération,Intersection en X,Pluie légère,Deux véhicules - côté,,,,,,,,,,,2,2,2,2,3
200500003036,0005-01-04 07:50:00,5,1,4,7,50,310,149.0,COLLONGUES (RUE ETIENNE),,,Crépuscule ou aube,En agglomération,Hors intersection,Normale,Deux véhicules - côté,,,,,,,,,,,2,2,1,1,3
200500003037,0005-01-29 08:45:00,5,1,29,8,45,310,149.0,PIBRAC (ROUTE DE),,,Plein jour,En agglomération,Hors intersection,Normale,Autre collision,,,,,,,,,,,1,2,1,1,6
200500003038,0005-01-04 09:45:00,5,1,4,9,45,310,565.0,GESSE (PL. DU CAPITAINE),,,Plein jour,En agglomération,Hors intersection,Normale,Sans collision,,,,,,,,,,,1,2,1,1,7
200500003039,0005-01-29 13:10:00,5,1,29,13,10,310,565.0,COMPAGNONS DU TOUR DE FR,,,Plein jour,En agglomération,Intersection en X,Normale,Deux véhicules - côté,,,,,,,,,,,1,2,2,1,3
200500003040,0005-01-01 13:50:00,5,1,1,13,50,310,555.0,MISTRAL (ALL FREDERIC) D,,,Plein jour,En agglomération,Hors intersection,Normale,Autre collision,,,,,,,,,,,1,2,1,1,6
200500003041,0005-01-01 03:00:00,5,1,1,3,0,310,555.0,"54, COUTELIERS (RUE DES)",,,Nuit avec éclairage allumé,En agglomération,Hors intersection,Normale,Deux véhicules - côté,,,,,,,,,,,5,2,1,1,3
200500003042,0005-01-02 19:20:00,5,1,2,19,20,310,555.0,"2, MAL CLABEL (CHE) DU 3",,,Nuit avec éclairage allumé,En agglomération,Intersection en T,Pluie légère,Deux véhicules - côté,,,,,,,,,,,5,2,3,2,3
200500003043,0005-01-02 11:10:00,5,1,2,11,10,310,555.0,15 LA ROSERAIE (PERIPH E,,,Plein jour,Hors agglomération,Hors intersection,Normale,Autre collision,,,,,,,,,,,1,1,1,1,6
200500003044,0005-01-03 08:25:00,5,1,3,8,25,310,555.0,"147, ARENES ROMAINES (AV",,,Crépuscule ou aube,En agglomération,Hors intersection,Brouillard / fumée,Autre collision,,,,,,,,,,,2,2,1,5,6
200500003045,0005-01-03 15:36:00,5,1,3,15,36,310,555.0,"4, PROVIDENCE (RUE DE LA",,,Plein jour,En agglomération,Intersection en T,Normale,Deux véhicules - côté,,,,,,,,,,,1,2,3,1,3
200500003046,0005-01-03 18:05:00,5,1,3,18,5,310,555.0,"9, BARTHE (IMP) DU 1AU 6",,,Nuit avec éclairage allumé,En agglomération,Hors intersection,Normale,Autre collision,,,,,,,,,,,5,2,1,1,6
200500003047,0005-01-04 20:44:00,5,1,4,20,44,310,555.0,SEYSSES (RTE DE) DU 1AU,,,Nuit avec éclairage allumé,En agglomération,Hors intersection,Normale,Deux véhicules - côté,,,,,,,,,,,5,2,1,1,3
200500003048,0005-01-04 19:49:00,5,1,4,19,49,310,555.0,"2, PONT SAINT MICHEL",,,Nuit avec éclairage allumé,En agglomération,Hors intersection,Normale,Trois véhicules et plus - en chaîne,,,,,,,,,,,5,2,1,1,4
200500003049,0005-01-04 23:50:00,5,1,4,23,50,310,555.0,"276, SAINT SIMON (RTE DE",,,Nuit avec éclairage allumé,En agglomération,Hors intersection,Normale,Deux véhicules - côté,,,,,,,,,,,5,2,1,1,3
200500003050,0005-01-05 16:38:00,5,1,5,16,38,310,555.0,ECHANGEUR ST MARTIN (A62,,,Plein jour,Hors agglomération,Hors intersection,Normale,Trois véhicules et plus - collisions multiples,,,,,,,,,,,1,1,1,1,5
200500003051,0005-01-05 18:35:00,5,1,5,18,35,310,555.0,"200, CASTRES (AV DE) DU",,,Nuit avec éclairage allumé,En agglomération,Hors intersection,Normale,Deux véhicules - arrière,,,,,,,,,,,5,2,1,1,2
200500003052,0005-01-05 09:05:00,5,1,5,9,5,310,555.0,RIMBAUD (RUE ARTHUR),,,Plein jour,En agglomération,Hors intersection,Normale,Autre collision,,,,,,,,,,,1,2,1,1,6
200500003053,0005-01-05 09:40:00,5,1,5,9,40,310,555.0,"12, GARIGLIANO (PONT DE)",,,Plein jour,En agglomération,Hors intersection,Normale,Autre collision,,,,,,,,,,,1,2,1,1,6
200500003054,0005-01-05 14:00:00,5,1,5,14,0,310,555.0,"1, FENOUILLET (RUE DE) D",,,Plein jour,En agglomération,Hors intersection,Normale,Deux véhicules - côté,,,,,,,,,,,1,2,1,1,3
200500003055,0005-01-05 14:50:00,5,1,5,14,50,310,555.0,"150, DESBALS (RUE HENRI)",,,Plein jour,En agglomération,Hors intersection,Normale,Autre collision,,,,,,,,,,,1,2,1,1,6
200500003056,0005-01-05 15:15:00,5,1,5,15,15,310,555.0,"10, GLOIRE (AV DE LA) DU",,,Plein jour,En agglomération,Hors intersection,Normale,Autre collision,,,,,,,,,,,1,2,1,1,6
200500003057,0005-01-05 17:11:00,5,1,5,17,11,310,555.0,A621 (SEPT DENIERS-ANCEL,,,Plein jour,Hors agglomération,Hors intersection,Normale,Trois véhicules et plus - en chaîne,,,,,,,,,,,1,1,1,1,4
200500003058,0005-01-06 09:40:00,5,1,6,9,40,310,555.0,"9, BORIOS (RUE ROBERT) D",,,Plein jour,En agglomération,Intersection en X,Normale,Autre collision,,,,,,,,,,,1,2,2,1,6
200500003059,0005-01-06 18:40:00,5,1,6,18,40,310,555.0,"10, PONT SAINT PIERRE (R",,,Nuit avec éclairage allumé,En agglomération,Hors intersection,Normale,Autre collision,,,,,,,,,,,5,2,1,1,6
200500003060,0005-01-06 18:54:00,5,1,6,18,54,310,555.0,"2, JUIN (BD DU MARECHAL)",,,Nuit avec éclairage allumé,En agglomération,Intersection en X,Normale,Trois véhicules et plus - en chaîne,,,,,,,,,,,5,2,2,1,4
200500003061,0005-01-07 19:00:00,5,1,7,19,0,310,555.0,30 PONTS JUMEAUX  (PERIP,,,Nuit avec éclairage allumé,Hors agglomération,Hors intersection,Normale,Trois véhicules et plus - en chaîne,,,,,,,,,,,5,1,1,1,4
200500003062,0005-01-08 10:00:00,5,1,8,10,0,310,555.0,38 LE CHAPITRE (A64),,,Plein jour,Hors agglomération,Hors intersection,Normale,Autre collision,,,,,,,,,,,1,1,1,1,6
200500003063,0005-01-08 14:05:00,5,1,8,14,5,310,555.0,REYNERIE (AV DE) DU 66AU,,,Plein jour,En agglomération,Hors intersection,Normale,Deux véhicules - côté,,,,,,,,,,,1,2,1,1,3
200500003064,0005-01-08 18:00:00,5,1,8,18,0,310,555.0,ALBI (RTE D) DU 1AU 243,,,Nuit avec éclairage allumé,En agglomération,Intersection en T,Normale,Deux véhicules - côté,,,,,,,,,,,5,2,3,1,3
200500003065,0005-01-09 19:50:00,5,1,9,19,50,310,555.0,"5, BAZERQUE (RUE LOUIS)",,,Nuit avec éclairage allumé,En agglomération,Hors intersection,Normale,Autre collision,,,,,,,,,,,5,2,1,1,6
200500003066,0005-01-01 04:30:00,5,1,1,4,30,310,555.0,"12, ALBI (RTE D) DU 1AU",,,Nuit avec éclairage allumé,En agglomération,Intersection en T,Pluie légère,Deux véhicules - côté,,,,,,,,,,,5,2,3,2,3
200500003067,0005-01-10 10:40:00,5,1,10,10,40,310,555.0,"203, GRANDE BRETAGNE (AV",,,Plein jour,En agglomération,Hors intersection,Normale,Deux véhicules - frontale,,,,,,,,,,,1,2,1,1,1
200500003068,0005-01-10 13:10:00,5,1,10,13,10,310,555.0,BOUVIER (RUE DU DR MARCE,,,Plein jour,En agglomération,Hors intersection,Normale,Autre collision,,,,,,,,,,,1,2,1,1,6
200500003069,0005-01-10 17:32:00,5,1,10,17,32,310,555.0,RIEUX (AV JEAN) DU 1AU 4,,,Plein jour,En agglomération,Hors intersection,Normale,Deux véhicules - côté,,,,,,,,,,,1,2,1,1,3
200500003070,0005-01-11 08:30:00,5,1,11,8,30,310,555.0,"50, SAINT SAUVEUR (PORT)",,,Plein jour,En agglomération,Hors intersection,Normale,Deux véhicules - côté,,,,,,,,,,,1,2,1,1,3
200500003071,0005-01-11 09:00:00,5,1,11,9,0,310,555.0,PERIGNO (RUE DOMINIQUE D,,,Plein jour,En agglomération,Hors intersection,Normale,Deux véhicules - côté,,,,,,,,,,,1,2,1,1,3
200500003072,0005-01-11 12:05:00,5,1,11,12,5,310,555.0,CORPS FRANC POMMIES (AVE,,,Plein jour,Hors agglomération,Hors intersection,Normale,Deux véhicules - arrière,,,,,,,,,,,1,1,1,1,2
200500003073,0005-01-11 18:30:00,5,1,11,18,30,310,555.0,"99, FITTE (ALL CHARLES D",,,Nuit avec éclairage allumé,En agglomération,Hors intersection,Normale,Autre collision,,,,,,,,,,,5,2,1,1,6
200500003074,0005-01-12 19:00:00,5,1,12,19,0,310,555.0,LAVAUR (AV DE) DU 1AU 13,,,Nuit avec éclairage allumé,En agglomération,Hors intersection,Normale,Deux véhicules - côté,,,,,,,,,,,5,2,1,1,3
200500003075,0005-01-06 02:15:00,5,1,6,2,15,310,555.0,"12, FEUGA (ALL PAUL) DU",,,Nuit avec éclairage allumé,En agglomération,Hors intersection,Normale,Sans collision,,,,,,,,,,,5,2,1,1,7
200500003076,0005-01-13 22:00:00,5,1,13,22,0,310,555.0,"81, LOMBEZ (AV DE) DU 35",,,Nuit avec éclairage allumé,En agglomération,Giratoire,Normale,Deux véhicules - côté,,,,,,,,,,,5,2,6,1,3
200500003077,0005-01-13 23:13:00,5,1,13,23,13,310,555.0,", GRANDE BRETAGNE (AV DE",,,Nuit avec éclairage allumé,En agglomération,Intersection en T,Normale,Deux véhicules - côté,,,,,,,,,,,5,2,3,1,3
200500003078,0005-01-14 07:45:00,5,1,14,7,45,310,555.0,"16, GRIFFOUL DORVAL (BD)",,,Crépuscule ou aube,En agglomération,Hors intersection,Brouillard / fumée,Deux véhicules - arrière,,,,,,,,,,,2,2,1,5,2
200500003079,0005-01-14 09:10:00,5,1,14,9,10,310,555.0,GRIFFON (ALL JEAN) DU 5A,,,Plein jour,En agglomération,Hors intersection,Brouillard / fumée,Deux véhicules - frontale,,,,,,,,,,,1,2,1,5,1
200500003080,0005-01-14 10:47:00,5,1,14,10,47,310,555.0,"151, CHAUBET (AV JEAN) D",,,Plein jour,En agglomération,Intersection en T,Brouillard / fumée,Sans collision,,,,,,,,,,,1,2,3,5,7
200500003081,0005-01-14 10:40:00,5,1,14,10,40,310,555.0,29 PURPAN  (PERIPH OUEST,,,Plein jour,En agglomération,Hors intersection,Normale,Autre collision,,,,,,,,,,,1,2,1,1,6
200500003082,0005-01-15 08:55:00,5,1,15,8,55,310,555.0,AUDE (RUE DE L) DU 1AU 2,,,Plein jour,En agglomération,Intersection en X,Normale,Deux véhicules - côté,,,,,,,,,,,1,2,2,1,3
200500003083,0005-01-15 11:37:00,5,1,15,11,37,310,555.0,ALBI (RTE D) DU 1AU 243,,,Plein jour,En agglomération,Hors intersection,Normale,Deux véhicules - arrière,,,,,,,,,,,1,2,1,1,2
200500003084,0005-01-15 16:13:00,5,1,15,16,13,310,555.0,"44, MINIMES (BD DES) DU",,,Plein jour,En agglomération,Hors intersection,Normale,Deux véhicules - arrière,,,,,,,,,,,1,2,1,1,2
200500003085,0005-01-15 19:15:00,5,1,15,19,15,310,555.0,"81, ARCS SAINT CYPRIEN (",,,Nuit avec éclairage allumé,En agglomération,Intersection en X,Normale,Deux véhicules - côté,,,,,,,,,,,5,2,2,1,3
200500003086,0005-01-16 14:10:00,5,1,16,14,10,310,555.0,33 A LALANDE (PEAGE NORD,,,Plein jour,Hors agglomération,Hors intersection,Normale,Autre collision,,,,,,,,,,,1,1,1,1,6
200500003087,0005-01-16 17:40:00,5,1,16,17,40,310,555.0,"76, STRASBOURG (BD DE) D",,,Plein jour,En agglomération,Hors intersection,Normale,Autre collision,,,,,,,,,,,1,2,1,1,6
200500003088,0005-01-17 23:05:00,5,1,17,23,5,310,555.0,"1, BRIENNE (ALL DE) DU 1",,,Nuit avec éclairage allumé,En agglomération,Hors intersection,Normale,Autre collision,,,,,,,,,,,5,2,1,1,6
200500003089,0005-01-17 18:20:00,5,1,17,18,20,310,555.0,"152, BAYONNE (ROUTE DE )",,,Crépuscule ou aube,En agglomération,Hors intersection,Normale,Trois véhicules et plus - en chaîne,,,,,,,,,,,2,2,1,1,4
200500003090,0005-01-18 08:10:00,5,1,18,8,10,310,555.0,"10, A621 (SEPT DENIERS-A",,,Plein jour,En agglomération,Hors intersection,Normale,Deux véhicules - arrière,,,,,,,,,,,1,2,1,1,2
200500003091,0005-01-18 21:05:00,5,1,18,21,5,310,555.0,"1, ETATS UNIS (AV DES) D",,,Nuit avec éclairage non allumé,En agglomération,Hors intersection,Normale,Trois véhicules et plus - en chaîne,,,,,,,,,,,4,2,1,1,4
200500003092,0005-01-19 10:03:00,5,1,19,10,3,310,555.0,"53, CURIE (BD PIERRE) DU",,,Plein jour,En agglomération,Hors intersection,Temps couvert,Autre collision,,,,,,,,,,,1,2,1,8,6
200500003093,0005-01-19 16:40:00,5,1,19,16,40,310,555.0,"27, URSS (AV DE L) DU 1A",,,Plein jour,En agglomération,Hors intersection,Pluie légère,Deux véhicules - côté,,,,,,,,,,,1,2,1,2,3
200500003094,0005-01-19 21:25:00,5,1,19,21,25,310,555.0,"37, SALINIE (CHE) DU 1AU",,,Nuit avec éclairage allumé,En agglomération,Hors intersection,Pluie légère,Deux véhicules - frontale,,,,,,,,,,,5,2,1,2,1
200500003095,0005-01-20 13:50:00,5,1,20,13,50,310,555.0,17 LASBORDES (PERIPH EST,,,Plein jour,Hors agglomération,Hors intersection,Pluie légère,Sans collision,,,,,,,,,,,1,1,1,2,7
200500003096,0005-01-21 01:40:00,5,1,21,1,40,310,555.0,"15, CARNOT (BD LAZARE) D",,,Nuit avec éclairage allumé,En agglomération,Intersection en X,Pluie légère,Deux véhicules - côté,,,,,,,,,,,5,2,2,2,3
200500003097,0005-01-18 08:30:00,5,1,18,8,30,310,555.0,38 LE CHAPITRE (A64),,,Plein jour,Hors agglomération,Hors intersection,Normale,Trois véhicules et plus - en chaîne,,,,,,,,,,,1,1,1,1,4
200500003098,0005-01-21 05:30:00,5,1,21,5,30,310,555.0,EMBOUCHURE (BD DE L) DU,,,Nuit avec éclairage allumé,En agglomération,Hors intersection,Pluie légère,Autre collision,,,,,,,,,,,5,2,1,2,6
200500003099,0005-01-21 06:35:00,5,1,21,6,35,310,555.0,33 B SESQUIERES  (PERIPH,,,Nuit avec éclairage allumé,En agglomération,Hors intersection,Normale,Autre collision,,,,,,,,,,,5,2,1,1,6
200500003100,0005-01-21 21:10:00,5,1,21,21,10,310,555.0,"1, URSS (AV DE L) DU 1AU",,,Nuit avec éclairage allumé,En agglomération,Hors intersection,Pluie légère,Autre collision,,,,,,,,,,,5,2,1,2,6
200500003101,0005-01-22 20:00:00,5,1,22,20,0,310,555.0,"280, GRANDE BRETAGNE (AV",,,Nuit avec éclairage allumé,En agglomération,Hors intersection,Normale,Deux véhicules - côté,,,,,,,,,,,5,2,1,1,3
200500003102,0005-01-23 06:30:00,5,1,23,6,30,310,555.0,"1, 16 SOUPETARD (PERIPH",,,Nuit avec éclairage allumé,Hors agglomération,Hors intersection,Normale,Autre collision,,,,,,,,,,,5,1,1,1,6
200500003103,0005-01-23 19:55:00,5,1,23,19,55,310,555.0,18 MONTAUDRAN (PERIPH ES,,,Nuit avec éclairage allumé,Hors agglomération,Hors intersection,Pluie légère,Autre collision,,,,,,,,,,,5,1,1,2,6
200500003104,0005-01-24 07:45:00,5,1,24,7,45,310,555.0,"214, LARDENNE (AV DE)",,,Plein jour,En agglomération,Hors intersection,Normale,Deux véhicules - arrière,,,,,,,,,,,1,2,1,1,2
200500003105,0005-01-24 08:00:00,5,1,24,8,0,310,555.0,"125, REVEL (RTE DE) DU 2",,,Plein jour,En agglomération,Intersection en T,Normale,Autre collision,,,,,,,,,,,1,2,3,1,6
200500003106,0005-01-24 08:40:00,5,1,24,8,40,310,555.0,"20, ESPAGNE (RTE D) DU 2",,,Plein jour,En agglomération,Hors intersection,Normale,Deux véhicules - côté,,,,,,,,,,,1,2,1,1,3
200500003107,0005-01-24 17:10:00,5,1,24,17,10,310,555.0,"17, ALSACE LORRAINE (RUE",,,Plein jour,En agglomération,Hors intersection,Normale,Autre collision,,,,,,,,,,,1,2,1,1,6
200500003108,0005-01-25 09:15:00,5,1,25,9,15,310,555.0,30 PONTS JUMEAUX  (PERIP,,,Plein jour,Hors agglomération,Hors intersection,Normale,Trois véhicules et plus - en chaîne,,,,,,,,,,,1,1,1,1,4
200500003109,0005-01-25 14:20:00,5,1,25,14,20,310,555.0,DESBALS (RUE HENRI),,,Plein jour,En agglomération,Hors intersection,Normale,Deux véhicules - frontale,,,,,,,,,,,1,2,1,1,1
200500003110,0005-01-25 18:30:00,5,1,25,18,30,310,555.0,"33, MARAICHERS (CHE DES)",,,Crépuscule ou aube,En agglomération,Hors intersection,Normale,Autre collision,,,,,,,,,,,2,2,1,1,6
200500003111,0005-01-26 09:44:00,5,1,26,9,44,310,555.0,"120, SAINT ROCH (RUE) DU",,,Plein jour,En agglomération,Hors intersection,Normale,Deux véhicules - côté,,,,,,,,,,,1,2,1,1,3
200500003112,0005-01-26 11:25:00,5,1,26,11,25,310,555.0,"1, NAVES (AV RAYMOND) DU",,,Plein jour,En agglomération,Intersection en T,Normale,Deux véhicules - côté,,,,,,,,,,,1,2,3,1,3
200500003113,0005-01-27 00:30:00,5,1,27,0,30,310,555.0,33 A LALANDE (PEAGE NORD,,,Nuit avec éclairage allumé,Hors agglomération,Hors intersection,Normale,Autre collision,,,,,,,,,,,5,1,1,1,6
200500003114,0005-01-20 08:15:00,5,1,20,8,15,310,555.0,"130, RIEUX (AV JEAN) DU",,,Plein jour,En agglomération,Hors intersection,Normale,Deux véhicules - côté,,,,,,,,,,,1,2,1,1,3
200500003115,0005-01-27 07:55:00,5,1,27,7,55,310,555.0,"1, NARBONNE (ROUTE DE)",,,Crépuscule ou aube,En agglomération,Hors intersection,Normale,Deux véhicules - côté,,,,,,,,,,,2,2,1,1,3
200500003116,0005-01-27 09:15:00,5,1,27,9,15,310,555.0,TERRASSE (CHE DE LA) DU,,,Plein jour,En agglomération,Hors intersection,Normale,Trois véhicules et plus - en chaîne,,,,,,,,,,,1,2,1,1,4
200500003117,0005-01-27 09:55:00,5,1,27,9,55,310,555.0,"1, ALBI (RTE D) DU 1AU 2",,,Plein jour,En agglomération,Intersection en T,Normale,Deux véhicules - côté,,,,,,,,,,,1,2,3,1,3
200500003118,0005-01-27 09:00:00,5,1,27,9,0,310,555.0,ECHANGEUR LANGLADE (A620,,,Plein jour,Hors agglomération,Hors intersection,Normale,Sans collision,,,,,,,,,,,1,1,1,1,7
200500003119,0005-01-28 12:50:00,5,1,28,12,50,310,555.0,"28, ARCOLE (BD D) DU 1AU",,,Plein jour,En agglomération,Hors intersection,Neige / grêle,Trois véhicules et plus - collisions multiples,,,,,,,,,,,1,2,1,4,5
200500003120,0005-01-28 20:19:00,5,1,28,20,19,310,555.0,"2, FERAL (RUE PHILIPPE)",,,Nuit avec éclairage allumé,En agglomération,Hors intersection,Pluie légère,Autre collision,,,,,,,,,,,5,2,1,2,6
200500003121,0005-01-29 10:20:00,5,1,29,10,20,310,555.0,"66, KOENIGS (BD GABRIEL)",,,Plein jour,En agglomération,Hors intersection,Normale,Deux véhicules - arrière,,,,,,,,,,,1,2,1,1,2
200500003122,0005-01-30 16:20:00,5,1,30,16,20,310,555.0,"8, GONIN (RUE CLAUDE) DU",,,Plein jour,En agglomération,Hors intersection,Normale,Autre collision,,,,,,,,,,,1,2,1,1,6
200500003123,0005-01-31 12:20:00,5,1,31,12,20,310,555.0,"12, RECOLLETS (BD DES) D",,,Plein jour,En agglomération,Hors intersection,Normale,Deux véhicules - côté,,,,,,,,,,,1,2,1,1,3
200500003124,0005-01-31 15:45:00,5,1,31,15,45,310,555.0,"22, JUIN (BD DU MARECHAL",,,Plein jour,En agglomération,Intersection en T,Normale,Deux véhicules - côté,,,,,,,,,,,1,2,3,1,3
200500003125,0005-01-31 17:40:00,5,1,31,17,40,310,555.0,"97, JULIEN (AV JULES) DU",,,Plein jour,En agglomération,Hors intersection,Normale,Deux véhicules - côté,,,,,,,,,,,1,2,1,1,3
200500003126,0005-01-31 17:00:00,5,1,31,17,0,310,555.0,"308, FRONTON (AV DE) DU",,,Plein jour,En agglomération,Hors intersection,Normale,Deux véhicules - côté,,,,,,,,,,,1,2,1,1,3
200500003127,0005-01-31 18:47:00,5,1,31,18,47,310,555.0,"16, RIEUX (AV JEAN) DU 1",,,Nuit avec éclairage allumé,En agglomération,Hors intersection,Normale,Deux véhicules - arrière,,,,,,,,,,,5,2,1,1,2
200500003128,0005-01-18 11:40:00,5,1,18,11,40,310,557.0,"0, PAHIN (CH DE)",,,Plein jour,En agglomération,Giratoire,Pluie légère,Deux véhicules - côté,,,,,,,,,,,1,2,6,2,3
200500003129,0005-01-22 08:30:00,5,1,22,8,30,310,557.0,"273, RAMELET MOUNDI (CH",,,Plein jour,En agglomération,Hors intersection,Temps couvert,Autre collision,,,,,,,,,,,1,2,1,8,6
200500003130,0005-01-23 11:35:00,5,1,23,11,35,310,557.0,DOUMERGUE (RUE GASTON),,,Plein jour,En agglomération,Intersection en T,Normale,Autre collision,,,,,,,,,,,1,2,3,1,6
200500003131,0005-01-05 15:25:00,5,1,5,15,25,320,13.0,YSER (AVENUE DE L'),,,Plein jour,En agglomération,Intersection en T,Normale,Autre collision,,,,,,,,,,,1,2,3,1,6
200500003132,0005-01-21 17:10:00,5,1,21,17,10,320,13.0,"5, GENERAL DE GAULLE",,,Plein jour,En agglomération,Hors intersection,Temps couvert,Deux véhicules - arrière,,,,,,,,,,,1,2,1,8,2
200500003133,0005-01-28 17:10:00,5,1,28,17,10,320,13.0,"15, MOULIN",,,Plein jour,En agglomération,Hors intersection,Temps couvert,Deux véhicules - arrière,,,,,,,,,,,1,2,1,8,2
200500003134,0005-01-11 16:45:00,5,1,11,16,45,330,529.0,RN 250 (BONNEVAL - LA HU,,,Plein jour,En agglomération,Hors intersection,Normale,Deux véhicules - arrière,,,,,,,,,,,1,2,1,1,2
200500003135,0005-01-11 17:50:00,5,1,11,17,50,330,529.0,DE GAULLE (AVE GAL) DU 0,,,Plein jour,En agglomération,Hors intersection,Normale,Deux véhicules - côté,,,,,,,,,,,1,2,1,1,3
200500003136,0005-01-18 15:00:00,5,1,18,15,0,330,529.0,"440, INDUSTRIE (BD DE L'",,,Plein jour,En agglomération,Hors intersection,Normale,Trois véhicules et plus - collisions multiples,,,,,,,,,,,1,2,1,1,5
200500003137,0005-01-08 15:55:00,5,1,8,15,55,330,9.0,"22, TARTAS (CRS) DU 02 A",,,Plein jour,En agglomération,Hors intersection,Normale,Deux véhicules - arrière,,,,,,,,,,,1,2,1,1,2
200500003138,0005-01-01 06:10:00,5,1,1,6,10,330,63.0,"122, JUIN (CRS MARECHAL)",,,Nuit avec éclairage allumé,En agglomération,Intersection à plus de 4 branches,Normale,Deux véhicules - arrière,,,,,,,,,,,5,2,5,1,2
200500003139,0005-01-01 06:45:00,5,1,1,6,45,330,63.0,CHARTRONS (QUAI DES),,,Nuit avec éclairage allumé,En agglomération,Hors intersection,Pluie légère,Autre collision,,,,,,,,,,,5,2,1,2,6
200500003140,0005-01-01 07:50:00,5,1,1,7,50,330,63.0,SOURDIS (RUE FRANCOIS DE,,,Nuit avec éclairage allumé,En agglomération,Intersection à plus de 4 branches,Pluie légère,Autre collision,,,,,,,,,,,5,2,5,2,6
200500003141,0005-01-01 19:10:00,5,1,1,19,10,330,63.0,"124, HUGO (CRS VICTOR) (",,,Nuit avec éclairage allumé,En agglomération,Intersection en T,Normale,Deux véhicules - côté,,,,,,,,,,,5,2,3,1,3
200500003142,0005-01-03 13:40:00,5,1,3,13,40,330,63.0,DUBERGIER (RUE DUFFOUR),,,Plein jour,En agglomération,Intersection en T,Normale,Autre collision,,,,,,,,,,,1,2,3,1,6
200500003143,0005-01-03 19:30:00,5,1,3,19,30,330,63.0,WILSON (BD DU PRESIDENT),,,Nuit avec éclairage allumé,En agglomération,Hors intersection,Normale,Deux véhicules - arrière,,,,,,,,,,,5,2,1,1,2
200500003144,0005-01-02 10:50:00,5,1,2,10,50,330,32.0,FOCH (RUE DU MARECHAL) (,,,Plein jour,En agglomération,Intersection en X,Normale,Deux véhicules - côté,,,,,,,,,,,1,2,2,1,3