accident_id,datetime,annee,mois,jour,heure,minute,departement,commune_insee,adresse,latitude,longitude,luminosite,agglomeration,intersection,meteo,collision,nb_vehicules,nb_usagers,nb_indemnes,nb_tues,nb_blesses_hosp,nb_blesses_legers,age_cond_1,age_cond_2,veh_type_cond_1,veh_type_cond_2,lum_code,agg_code,int_code,atm_code,col_code
200500003273,0005-01-13 17:40:00,5,1,13,17,40,340,172.0,"14, CARRIEU (RUE MARIUS)",,,Plein jour,En agglomération,Hors intersection,Normale,Deux véhicules - arrière,,,,,,,,,,,1,2,1,1,2
200500003274,0005-01-13 16:30:00,5,1,13,16,30,340,129.0,"SANS N°, PLATANES (AVENU",,,Plein jour,En agglomération,Hors intersection,Normale,Autre collision,,,,,,,,,,,1,2,1,1,6
200500003275,0005-01-07 10:20:00,5,1,7,10,20,340,172.0,"55, DOMITIENNE (VOIE)",,,Plein jour,En agglomération,Hors intersection,Normale,Autre collision,,,,,,,,,,,1,2,1,1,6
200500003276,0005-01-14 08:20:00,5,1,14,8,20,340,172.0,"SANS N°, ""GANGES (ROUTE",,,Plein jour,En agglomération,Intersection en X,Normale,Deux véhicules - frontale,,,,,,,,,,,1,2,2,1,1
200500003277,0005-01-13 19:25:00,5,1,13,19,25,340,172.0,REINE HELENE D'ITALIE (A,,,Nuit avec éclairage allumé,En agglomération,Hors intersection,Normale,Autre collision,,,,,,,,,,,5,2,1,1,6
200500003278,0005-01-14 15:10:00,5,1,14,15,10,340,172.0,"SANS N°, PAVELET (AVENUE",,,Plein jour,En agglomération,Intersection en X,Normale,Deux véhicules - côté,,,,,,,,,,,1,2,2,1,3
200500003279,0005-01-15 08:25:00,5,1,15,8,25,340,172.0,VANIERES (AVENUE DE),,,Plein jour,En agglomération,Intersection à plus de 4 branches,Normale,Deux véhicules - côté,,,,,,,,,,,1,2,5,1,3
200500003280,0005-01-17 08:00:00,5,1,17,8,0,340,172.0,"38, PROUDHON (RUE)",,,Plein jour,En agglomération,Intersection en X,Normale,Autre collision,,,,,,,,,,,1,2,2,1,6
200500003281,0005-01-13 08:00:00,5,1,13,8,0,340,172.0,MEHUL (AVENUE ETIENNE),,,Plein jour,En agglomération,Hors intersection,Normale,Sans collision,,,,,,,,,,,1,2,1,1,7
200500003282,0005-01-14 10:15:00,5,1,14,10,15,340,172.0,MONTMORENCY (ALLEE HENRI,,,Plein jour,En agglomération,Hors intersection,Normale,Deux véhicules - arrière,,,,,,,,,,,1,2,1,1,2
200500003283,0005-01-17 12:14:00,5,1,17,12,14,340,172.0,CHASSEURS (RUE DES),,,Plein jour,En agglomération,Hors intersection,Normale,Autre collision,,,,,,,,,,,1,2,1,1,6
200500003284,0005-01-21 08:40:00,5,1,21,8,40,340,172.0,"22, ROQUETURIERE (RUE DE",,,Plein jour,En agglomération,Hors intersection,Normale,Autre collision,,,,,,,,,,,1,2,1,1,6
200500003285,0005-01-20 11:30:00,5,1,20,11,30,340,129.0,"sans n°, D172",,,Plein jour,En agglomération,Intersection en X,Normale,Deux véhicules - frontale,,,,,,,,,,,1,2,2,1,1
200500003286,0005-01-24 13:10:00,5,1,24,13,10,340,172.0,MONTMORENCY (ALLEE HENRI,,,Plein jour,En agglomération,Hors intersection,Normale,Autre collision,,,,,,,,,,,1,2,1,1,6
200500003287,0005-01-24 17:09:00,5,1,24,17,9,340,129.0,"68, GRENACHE (AVENUE DU)",,,Crépuscule ou aube,En agglomération,Hors intersection,Normale,Autre collision,,,,,,,,,,,2,2,1,1,6
200500003288,0005-01-25 10:25:00,5,1,25,10,25,340,172.0,"12, PROUDHON (RUE)",,,Plein jour,En agglomération,Hors intersection,Normale,Autre collision,,,,,,,,,,,1,2,1,1,6
200500003289,0005-01-25 17:35:00,5,1,25,17,35,340,172.0,"148, CARRIEU (RUE MARIUS",,,Plein jour,En agglomération,Hors intersection,Normale,Deux véhicules - côté,,,,,,,,,,,1,2,1,1,3
200500003290,0005-01-29 13:20:00,5,1,29,13,20,340,172.0,"""RAVAZ (AVENUE DU PROFES",,,Plein jour,En agglomération,Intersection en Y,Normale,Deux véhicules - côté,,,,,,,,,,,1,2,4,1,3
200500003291,0005-01-30 18:05:00,5,1,30,18,5,340,172.0,"333, REINE HELENE D'ITAL",,,Nuit avec éclairage allumé,En agglomération,Intersection en X,Normale,Deux véhicules - frontale,,,,,,,,,,,5,2,2,1,1
200500003292,0005-01-20 09:00:00,5,1,20,9,0,340,172.0,"""LIBERTE (AVENUE DE LA,",,,Plein jour,En agglomération,Hors intersection,Normale,Deux véhicules - arrière,,,,,,,,,,,1,2,1,1,2
200500003293,0005-01-28 12:15:00,5,1,28,12,15,340,172.0,AEROPORT INTERNATIONAL (,,,Plein jour,En agglomération,Hors intersection,Normale,Autre collision,,,,,,,,,,,1,2,1,1,6
200500003294,0005-01-28 22:10:00,5,1,28,22,10,340,129.0,CENTRE COMMERCIAL CARREF,,,Nuit avec éclairage allumé,En agglomération,Intersection en X,Normale,Deux véhicules - côté,,,,,,,,,,,5,2,2,1,3
200500003295,0005-01-19 22:05:00,5,1,19,22,5,340,172.0,"206, MELGUEIL COMTE DE",,,Nuit avec éclairage allumé,En agglomération,Hors intersection,Normale,Deux véhicules - arrière,,,,,,,,,,,5,2,1,1,2
200500003296,0005-01-28 17:05:00,5,1,28,17,5,340,129.0,PEROLS D132 (AVENUE DE),,,Plein jour,En agglomération,Hors intersection,Normale,Trois véhicules et plus - collisions multiples,,,,,,,,,,,1,2,1,1,5
200500003297,0005-01-28 21:00:00,5,1,28,21,0,340,172.0,"N°91, VERT-BOIS (AVENUE",,,Nuit avec éclairage allumé,En agglomération,Hors intersection,Normale,Autre collision,,,,,,,,,,,5,2,1,1,6
200500003298,0005-01-09 19:30:00,5,1,9,19,30,340,108.0,,,,Nuit sans éclairage public,En agglomération,Hors intersection,Normale,Autre collision,,,,,,,,,,,3,2,1,1,6
200500003299,0005-01-14 10:55:00,5,1,14,10,55,340,301.0,"0,000, DE GAULLE GENERAL",,,Plein jour,En agglomération,Hors intersection,Normale,Autre collision,,,,,,,,,,,1,2,1,1,6
200500003300,0005-01-14 19:30:00,5,1,14,19,30,340,108.0,,,,Nuit avec éclairage allumé,En agglomération,Hors intersection,Normale,Deux véhicules - côté,,,,,,,,,,,5,2,1,1,3
200500003301,0005-01-15 19:50:00,5,1,15,19,50,340,301.0,CLERVILLE CHEVALIER DE (,,,Nuit avec éclairage allumé,En agglomération,Hors intersection,Normale,Autre collision,,,,,,,,,,,5,2,1,1,6
200500003302,0005-01-16 20:55:00,5,1,16,20,55,340,301.0,"SANS N°, REPUBLIQUE (QUA",,,Nuit avec éclairage allumé,En agglomération,Intersection en T,Normale,Deux véhicules - côté,,,,,,,,,,,5,2,3,1,3
200500003303,0005-01-17 16:20:00,5,1,17,16,20,340,301.0,"SANS N°, MOULIN JEAN (RU",,,Plein jour,En agglomération,Intersection en X,Normale,Autre collision,,,,,,,,,,,1,2,2,1,6
200500003304,0005-01-21 20:10:00,5,1,21,20,10,340,301.0,"sans n°, MENDES FRANCE P",,,Nuit avec éclairage allumé,En agglomération,Hors intersection,Vent fort / tempête,Autre collision,,,,,,,,,,,5,2,1,6,6
200500003305,0005-01-26 18:30:00,5,1,26,18,30,350,115.0,"47, NANTES (RUE DE DU N°",,,Nuit avec éclairage allumé,En agglomération,Autre intersection,Normale,Autre collision,,,,,,,,,,,5,2,9,1,6
200500003306,0005-01-03 07:40:00,5,1,3,7,40,350,55.0,RD 463,,,Nuit sans éclairage public,En agglomération,Hors intersection,Normale,Deux véhicules - frontale,,,,,,,,,,,3,2,1,1,1
200500003307,0005-01-04 17:00:00,5,1,4,17,0,350,238.0,"00, ROSTAND (EDMOND)",,,Plein jour,En agglomération,Intersection en T,Normale,Deux véhicules - côté,,,,,,,,,,,1,2,3,1,3
200500003308,0005-01-04 20:50:00,5,1,4,20,50,350,238.0,"23, BEAUMONT (BD DE)",,,Nuit avec éclairage allumé,En agglomération,Intersection en Y,Normale,Deux véhicules - côté,,,,,,,,,,,5,2,4,1,3
200500003309,0005-01-05 17:25:00,5,1,5,17,25,350,55.0,"173, FOUGERES (RUE DE)",,,Nuit avec éclairage allumé,En agglomération,Intersection en X,Autre,Autre collision,,,,,,,,,,,5,2,2,9,6
200500003310,0005-01-05 18:25:00,5,1,5,18,25,350,238.0,"00, ROBIQUETTE (LIEU-DIT",,,Nuit avec éclairage non allumé,En agglomération,Hors intersection,Pluie légère,Sans collision,,,,,,,,,,,4,2,1,2,7
200500003311,0005-01-07 18:00:00,5,1,7,18,0,350,238.0,TEMPLE-DE-BLOSNE (RUE DU,,,Nuit avec éclairage allumé,En agglomération,Hors intersection,Pluie légère,Autre collision,,,,,,,,,,,5,2,1,2,6
200500003312,0005-01-07 10:26:00,5,1,7,10,26,350,238.0,"00, SAINT-HELIER",,,Plein jour,En agglomération,Intersection à plus de 4 branches,Temps couvert,Deux véhicules - côté,,,,,,,,,,,1,2,5,8,3
200500003313,0005-01-07 16:15:00,5,1,7,16,15,350,238.0,"00, CLEMENCEAU (BD GEORG",,,Plein jour,En agglomération,Intersection en X,Pluie légère,Deux véhicules - côté,,,,,,,,,,,1,2,2,2,3
200500003314,0005-01-07 18:01:00,5,1,7,18,1,350,238.0,"00, TEMPLE-DE-BLOSNE (RU",,,Nuit avec éclairage allumé,En agglomération,Hors intersection,Pluie légère,Autre collision,,,,,,,,,,,5,2,1,2,6
200500003315,0005-01-09 14:55:00,5,1,9,14,55,350,238.0,GAMBETTA,,,Plein jour,En agglomération,Intersection en T,Pluie légère,Sans collision,,,,,,,,,,,1,2,3,2,7
200500003316,0005-01-10 19:55:00,5,1,10,19,55,350,278.0,"00, RN 137",,,Nuit sans éclairage public,En agglomération,Hors intersection,Pluie légère,Deux véhicules - côté,,,,,,,,,,,3,2,1,2,3
200500003317,0005-01-11 01:00:00,5,1,11,1,0,350,238.0,FREVILLE (AVENUE HENRI),,,Nuit avec éclairage allumé,En agglomération,Hors intersection,Pluie légère,Sans collision,,,,,,,,,,,5,2,1,2,7
200500003318,0005-01-11 08:50:00,5,1,11,8,50,350,238.0,"123, LORIENT (DE)",,,Crépuscule ou aube,En agglomération,Hors intersection,Pluie légère,Autre collision,,,,,,,,,,,2,2,1,2,6
200500003319,0005-01-11 09:30:00,5,1,11,9,30,350,238.0,"00, DODIN (AVENUE ROGER)",,,Plein jour,En agglomération,Hors intersection,Pluie légère,Sans collision,,,,,,,,,,,1,2,1,2,7
200500003320,0005-01-12 08:05:00,5,1,12,8,5,350,238.0,VALLES (JULES),,,Crépuscule ou aube,En agglomération,Giratoire,Temps couvert,Deux véhicules - arrière,,,,,,,,,,,2,2,6,8,2
200500003321,0005-01-12 12:05:00,5,1,12,12,5,350,238.0,NANTES (DE),,,Plein jour,En agglomération,Intersection en X,Normale,Deux véhicules - frontale,,,,,,,,,,,1,2,2,1,1
200500003322,0005-01-12 13:25:00,5,1,12,13,25,350,238.0,"00, CHEZY (BD DE)",,,Plein jour,En agglomération,Intersection en T,Normale,Sans collision,,,,,,,,,,,1,2,3,1,7
200500003323,0005-01-12 14:00:00,5,1,12,14,0,350,238.0,BERNARD (CLAUDE),,,Plein jour,En agglomération,Hors intersection,Normale,Deux véhicules - arrière,,,,,,,,,,,1,2,1,1,2
200500003324,0005-01-13 11:25:00,5,1,13,11,25,350,238.0,YSER (BD DE L'),,,Plein jour,En agglomération,Intersection en T,Normale,Deux véhicules - arrière,,,,,,,,,,,1,2,3,1,2
200500003325,0005-01-13 14:50:00,5,1,13,14,50,350,238.0,GUILLOUX (LOUIS),,,Plein jour,En agglomération,Hors intersection,Normale,Deux véhicules - arrière,,,,,,,,,,,1,2,1,1,2
200500003326,0005-01-13 17:10:00,5,1,13,17,10,350,238.0,SOLFERINO (BD),,,Plein jour,En agglomération,Hors intersection,Normale,Autre collision,,,,,,,,,,,1,2,1,1,6
200500003327,0005-01-14 02:20:00,5,1,14,2,20,350,238.0,"00, JANVIER (AVENUE JEAN",,,Nuit avec éclairage allumé,En agglomération,Intersection en T,Normale,Autre collision,,,,,,,,,,,5,2,3,1,6
200500003328,0005-01-14 21:35:00,5,1,14,21,35,350,238.0,MONTS D'ARREE (AVENUE DE,,,Nuit avec éclairage allumé,En agglomération,Intersection en X,Pluie légère,Deux véhicules - côté,,,,,,,,,,,5,2,2,2,3
200500003329,0005-01-14 21:30:00,5,1,14,21,30,350,238.0,DE LATTRE DE TASSIGNY (B,,,Nuit avec éclairage allumé,En agglomération,Intersection en T,Pluie légère,Deux véhicules - côté,,,,,,,,,,,5,2,3,2,3
200500003330,0005-01-16 17:56:00,5,1,16,17,56,350,238.0,"00, PATTON (AVENUE DU GE",,,Nuit avec éclairage allumé,En agglomération,Intersection en X,Normale,Deux véhicules - côté,,,,,,,,,,,5,2,2,1,3
200500003331,0005-01-17 08:15:00,5,1,17,8,15,350,238.0,"00, MARGUERITTE (GAL)",,,Crépuscule ou aube,En agglomération,Intersection en X,Normale,Autre collision,,,,,,,,,,,2,2,2,1,6
200500003332,0005-01-17 09:40:00,5,1,17,9,40,350,278.0,"00, RN 137",,,Plein jour,En agglomération,Hors intersection,Temps couvert,Autre collision,,,,,,,,,,,1,2,1,8,6
200500003333,0005-01-17 16:00:00,5,1,17,16,0,350,238.0,"218, CHATILLON (DE)",,,Plein jour,En agglomération,Hors intersection,Normale,Autre collision,,,,,,,,,,,1,2,1,1,6
200500003334,0005-01-18 07:45:00,5,1,18,7,45,350,238.0,VILLEBOIS MAREUIL (BD) D,,,Crépuscule ou aube,En agglomération,Hors intersection,Pluie légère,Deux véhicules - frontale,,,,,,,,,,,2,2,1,2,1
200500003335,0005-01-18 19:00:00,5,1,18,19,0,350,238.0,"00, CHEZY (BD DE)",,,Nuit avec éclairage allumé,En agglomération,Hors intersection,Autre,Sans collision,,,,,,,,,,,5,2,1,9,7
200500003336,0005-01-19 16:40:00,5,1,19,16,40,350,238.0,"00, COMMEUREC (PLACE HON",,,Plein jour,En agglomération,Hors intersection,Pluie légère,Autre collision,,,,,,,,,,,1,2,1,2,6
200500003337,0005-01-19 21:20:00,5,1,19,21,20,350,238.0,"00, ROCADE 6-7",,,Nuit avec éclairage allumé,En agglomération,Hors intersection,Normale,Sans collision,,,,,,,,,,,5,2,1,1,7
200500003338,0005-01-20 08:40:00,5,1,20,8,40,350,278.0,"00, RN 137",,,Plein jour,En agglomération,Intersection en T,Normale,Deux véhicules - côté,,,,,,,,,,,1,2,3,1,3
200500003339,0005-01-20 13:45:00,5,1,20,13,45,350,238.0,"00, CHATILLON (DE)",,,Plein jour,En agglomération,Intersection en T,Normale,Deux véhicules - côté,,,,,,,,,,,1,2,3,1,3
200500003340,0005-01-21 14:00:00,5,1,21,14,0,350,281.0,"00, RD 177",,,Plein jour,En agglomération,Intersection en T,Temps couvert,Deux véhicules - arrière,,,,,,,,,,,1,2,3,8,2
200500003341,0005-01-22 11:10:00,5,1,22,11,10,350,238.0,"190, CLEMENCEAU (BD GEOR",,,Plein jour,En agglomération,Hors intersection,Pluie légère,Autre collision,,,,,,,,,,,1,2,1,2,6
200500003342,0005-01-22 16:40:00,5,1,22,16,40,350,238.0,"00, BULGARIE (BD DE)",,,Plein jour,En agglomération,Intersection en T,Pluie légère,Autre collision,,,,,,,,,,,1,2,3,2,6
200500003343,0005-01-24 22:55:00,5,1,24,22,55,350,238.0,"00, LAENNEC (BD RENE)",,,Nuit avec éclairage allumé,En agglomération,Intersection en T,Pluie légère,Deux véhicules - côté,,,,,,,,,,,5,2,3,2,3
200500003344,0005-01-26 00:37:00,5,1,26,0,37,350,238.0,JOUAUST (CARREFOUR),,,Nuit avec éclairage allumé,En agglomération,Hors intersection,Autre,Sans collision,,,,,,,,,,,5,2,1,9,7
200500003345,0005-01-26 09:00:00,5,1,26,9,0,350,238.0,"00, WOOD (AVENUE DU GENE",,,Plein jour,En agglomération,Hors intersection,Neige / grêle,Sans collision,,,,,,,,,,,1,2,1,4,7
200500003346,0005-01-27 08:20:00,5,1,27,8,20,350,238.0,"00, VOLTAIRE (BD)",,,Plein jour,En agglomération,Hors intersection,Normale,Trois véhicules et plus - en chaîne,,,,,,,,,,,1,2,1,1,4
200500003347,0005-01-28 05:30:00,5,1,28,5,30,350,238.0,LE GUILLOUX (HENRI),,,Nuit avec éclairage allumé,En agglomération,Hors intersection,Normale,Autre collision,,,,,,,,,,,5,2,1,1,6
200500003348,0005-01-28 06:40:00,5,1,28,6,40,350,238.0,"00, ROCADE 10-11",,,Nuit sans éclairage public,En agglomération,Hors intersection,Normale,Autre collision,,,,,,,,,,,3,2,1,1,6
200500003349,0005-01-28 09:40:00,5,1,28,9,40,350,238.0,"207, NANTES (DE)",,,Plein jour,En agglomération,Hors intersection,Autre,Sans collision,,,,,,,,,,,1,2,1,9,7
200500003350,0005-01-28 17:10:00,5,1,28,17,10,350,238.0,"00, BENOIT (RUE FREDERIC",,,Plein jour,En agglomération,Hors intersection,Pluie légère,Sans collision,,,,,,,,,,,1,2,1,2,7
200500003351,0005-01-28 17:35:00,5,1,28,17,35,350,238.0,"00, ROCADE 6-7",,,Crépuscule ou aube,En agglomération,Hors intersection,Normale,Deux véhicules - arrière,,,,,,,,,,,2,2,1,1,2
200500003352,0005-01-29 15:40:00,5,1,29,15,40,350,238.0,"16, ISLY (RUE D')",,,Plein jour,En agglomération,Hors intersection,Normale,Sans collision,,,,,,,,,,,1,2,1,1,7
200500003353,0005-01-29 18:45:00,5,1,29,18,45,350,238.0,CHATEAUGIRON (DE),,,Nuit avec éclairage allumé,En agglomération,Intersection en X,Pluie légère,Deux véhicules - côté,,,,,,,,,,,5,2,2,2,3
200500003354,0005-01-18 11:25:00,5,1,18,11,25,350,288.0,BRIAND  ARISTIDE (AVENUE,,,Plein jour,Hors agglomération,Intersection en T,Normale,Deux véhicules - côté,,,,,,,,,,,1,1,3,1,3
200500003355,0005-01-03 11:35:00,5,1,3,11,35,350,288.0,GRASSINAIS (LIEU DIT LA),,,Plein jour,En agglomération,Hors intersection,Normale,Deux véhicules - arrière,,,,,,,,,,,1,2,1,1,2
200500003356,0005-01-05 08:10:00,5,1,5,8,10,350,288.0,"00000000, DE GAULLE GENE",,,Crépuscule ou aube,En agglomération,Hors intersection,Pluie légère,Sans collision,,,,,,,,,,,2,2,1,2,7
200500003357,0005-01-23 17:25:00,5,1,23,17,25,350,288.0,"0, MARNE (RUE DE LA)",,,Plein jour,En agglomération,Giratoire,Normale,Deux véhicules - côté,,,,,,,,,,,1,2,6,1,3
200500003358,0005-01-15 15:45:00,5,1,15,15,45,350,288.0,", VILLOU ( BOULEVARD DU)",,,Plein jour,En agglomération,Intersection en T,Normale,Deux véhicules - côté,,,,,,,,,,,1,2,3,1,3
200500003359,0005-01-22 10:00:00,5,1,22,10,0,350,288.0,ANCIENS COMBATTANTS D'AF,,,Plein jour,En agglomération,Giratoire,Normale,Deux véhicules - côté,,,,,,,,,,,1,2,6,1,3
200500003360,0005-01-13 16:00:00,5,1,13,16,0,360,202.0,OCCITANIE (AVENUE DE ),,,Plein jour,En agglomération,Hors intersection,Normale,Deux véhicules - arrière,,,,,,,,,,,1,2,1,1,2
200500003361,0005-01-27 11:40:00,5,1,27,11,40,360,202.0,DENIS (BD ST),,,Plein jour,En agglomération,Intersection en T,Normale,Deux véhicules - côté,,,,,,,,,,,1,2,3,1,3
200500003362,0005-01-07 18:20:00,5,1,7,18,20,360,159.0,"5, 30 AOUT 1944 (RUE)",,,Nuit avec éclairage allumé,En agglomération,Hors intersection,Normale,Deux véhicules - côté,,,,,,,,,,,5,2,1,1,3
200500003363,0005-01-24 06:50:00,5,1,24,6,50,360,44.0,"inconnu, PRE (DU GRAND)",,,Nuit avec éclairage allumé,En agglomération,Hors intersection,Normale,Deux véhicules - côté,,,,,,,,,,,5,2,1,1,3
200500003364,0005-01-21 18:55:00,5,1,21,18,55,360,44.0,"87, BLOIS (AV DE)",,,Nuit avec éclairage allumé,En agglomération,Hors intersection,Temps couvert,Trois véhicules et plus - collisions multiples,,,,,,,,,,,5,2,1,8,5
200500003365,0005-01-17 09:23:00,5,1,17,9,23,360,44.0,CHATELLERAULT (DE),,,Plein jour,En agglomération,Intersection en T,Normale,Autre collision,,,,,,,,,,,1,2,3,1,6
200500003366,0005-01-20 20:20:00,5,1,20,20,20,360,202.0,LEMOINE (AV MARCEL) DU 5,,,Nuit avec éclairage allumé,En agglomération,Intersection en T,Normale,Deux véhicules - côté,,,,,,,,,,,5,2,3,1,3
200500003367,0005-01-30 19:05:00,5,1,30,19,5,360,44.0,DU 19 MARS 1962,,,Nuit avec éclairage allumé,En agglomération,Hors intersection,Temps couvert,Autre collision,,,,,,,,,,,5,2,1,8,6
200500003368,0005-01-10 14:10:00,5,1,10,14,10,370,122.0,", BEAULIEU (RUE DE)",,,Plein jour,En agglomération,Intersection en X,Normale,Deux véhicules - arrière,,,,,,,,,,,1,2,2,1,2
200500003369,0005-01-14 21:25:00,5,1,14,21,25,370,122.0,RN 585,,,Nuit sans éclairage public,En agglomération,Autre intersection,Normale,Trois véhicules et plus - collisions multiples,,,,,,,,,,,3,2,9,1,5
200500003370,0005-01-18 12:30:00,5,1,18,12,30,370,122.0,BRETELLE sortie A85,,,Plein jour,En agglomération,Autre intersection,Pluie légère,Trois véhicules et plus - collisions multiples,,,,,,,,,,,1,2,9,2,5
200500003371,0005-01-27 21:55:00,5,1,27,21,55,370,122.0,"14bis, REPUBLIQUE (AVENU",,,Nuit avec éclairage allumé,En agglomération,Intersection en T,Normale,Deux véhicules - côté,,,,,,,,,,,5,2,3,1,3
200500003372,0005-01-05 18:35:00,5,1,5,18,35,370,261.0,"., MAGINOT (AV. ANDRE)",,,Nuit avec éclairage allumé,En agglomération,Intersection en T,Pluie légère,Deux véhicules - côté,,,,,,,,,,,5,2,3,2,3
200500003373,0005-01-06 17:40:00,5,1,6,17,40,370,261.0,"., EUROPE (AVENUE DE L')",,,Nuit avec éclairage allumé,En agglomération,Hors intersection,Normale,Autre collision,,,,,,,,,,,5,2,1,1,6
200500003374,0005-01-07 21:50:00,5,1,7,21,50,370,261.0,"., DE LATTRE DE TASSIGNY",,,Nuit avec éclairage allumé,En agglomération,Intersection en X,Normale,Deux véhicules - côté,,,,,,,,,,,5,2,2,1,3
200500003375,0005-01-10 17:00:00,5,1,10,17,0,370,261.0,"., PROUDHON (AVENUE)",,,Plein jour,En agglomération,Hors intersection,Normale,Deux véhicules - côté,,,,,,,,,,,1,2,1,1,3
200500003376,0005-01-12 18:10:00,5,1,12,18,10,370,195.0,"., MINIMES (CHEMIN DES)",,,Nuit avec éclairage allumé,En agglomération,Hors intersection,Normale,Autre collision,,,,,,,,,,,5,2,1,1,6
200500003377,0005-01-13 17:15:00,5,1,13,17,15,370,261.0,"., WEDELLS (RUE JEANNE)",,,Crépuscule ou aube,En agglomération,Intersection en X,Normale,Deux véhicules - côté,,,,,,,,,,,2,2,2,1,3
200500003378,0005-01-08 18:20:00,5,1,8,18,20,370,261.0,"., STENDHAL (AVENUE)",,,Crépuscule ou aube,En agglomération,Hors intersection,Normale,Autre collision,,,,,,,,,,,2,2,1,1,6
200500003379,0005-01-09 14:50:00,5,1,9,14,50,370,261.0,"., VOISIN (BOULEVARD AND",,,Plein jour,En agglomération,Hors intersection,Normale,Sans collision,,,,,,,,,,,1,2,1,1,7
200500003380,0005-01-14 19:05:00,5,1,14,19,5,370,261.0,"., BERANGER (BOULEVARD)",,,Nuit avec éclairage allumé,En agglomération,Intersection en T,Normale,Deux véhicules - arrière,,,,,,,,,,,5,2,3,1,2
200500003381,0005-01-15 16:00:00,5,1,15,16,0,370,261.0,"., BERGONIE (RUE DOCTEUR",,,Plein jour,En agglomération,Intersection en X,Normale,Deux véhicules - arrière,,,,,,,,,,,1,2,2,1,2
200500003382,0005-01-18 18:20:00,5,1,18,18,20,370,261.0,"., VERDUN (RUE DE)",,,Nuit avec éclairage non allumé,En agglomération,Intersection en T,Normale,Sans collision,,,,,,,,,,,4,2,3,1,7
200500003383,0005-01-17 05:50:00,5,1,17,5,50,370,261.0,"., DANEMARK (AVENUE DU)",,,Nuit avec éclairage allumé,En agglomération,Giratoire,Pluie légère,Deux véhicules - arrière,,,,,,,,,,,5,2,6,2,2
200500003384,0005-01-25 12:00:00,5,1,25,12,0,370,261.0,"., DASSAULT (AVENUE MARC",,,Plein jour,En agglomération,Hors intersection,Normale,Deux véhicules - côté,,,,,,,,,,,1,2,1,1,3
200500003385,0005-01-27 18:20:00,5,1,27,18,20,370,261.0,"., LECLERC (PLACE DU MAR",,,Nuit avec éclairage allumé,En agglomération,Intersection en X,Normale,Deux véhicules - côté,,,,,,,,,,,5,2,2,1,3
200500003386,0005-01-11 10:10:00,5,1,11,10,10,380,53.0,ACACIAS,,,Plein jour,En agglomération,Hors intersection,Normale,Sans collision,,,,,,,,,,,1,2,1,1,7
200500003387,0005-01-02 10:00:00,5,1,2,10,0,380,169.0,"00, LANGEVIN (BOULEVARD",,,Plein jour,En agglomération,Intersection en X,Normale,Deux véhicules - côté,,,,,,,,,,,1,2,2,1,3
200500003388,0005-01-03 16:00:00,5,1,3,16,0,380,151.0,"44, JAURES (COURS J. 1 A",,,Plein jour,En agglomération,Hors intersection,Normale,Autre collision,,,,,,,,,,,1,2,1,1,6
200500003389,0005-01-04 10:30:00,5,1,4,10,30,380,421.0,"00, POSTE (RUE DE LA)",,,Plein jour,En agglomération,Hors intersection,Normale,Autre collision,,,,,,,,,,,1,2,1,1,6
200500003390,0005-01-04 15:15:00,5,1,4,15,15,380,185.0,"112, GREGOIRE (RUE A.) S",,,Plein jour,En agglomération,Hors intersection,Normale,Autre collision,,,,,,,,,,,1,2,1,1,6
200500003391,0005-01-06 12:00:00,5,1,6,12,0,380,185.0,"29, JAURES (COURS J.)",,,Plein jour,En agglomération,Hors intersection,Normale,Autre collision,,,,,,,,,,,1,2,1,1,6
200500003392,0005-01-06 19:30:00,5,1,6,19,30,380,179.0,"00, VALOIS (RUE DU DOCTE",,,Nuit avec éclairage allumé,En agglomération,Hors intersection,Normale,Deux véhicules - côté,,,,,,,,,,,5,2,1,1,3
200500003393,0005-01-06 23:45:00,5,1,6,23,45,380,421.0,"02, GAY (RUE)",,,Nuit avec éclairage allumé,En agglomération,Intersection en T,Normale,Deux véhicules - côté,,,,,,,,,,,5,2,3,1,3
200500003394,0005-01-07 12:00:00,5,1,7,12,0,380,169.0,"00, BUISSONNEES (RUE DES",,,Plein jour,En agglomération,Hors intersection,Normale,Deux véhicules - côté,,,,,,,,,,,1,2,1,1,3
200500003395,0005-01-08 09:55:00,5,1,8,9,55,380,421.0,"00, GALILEE (RUE)",,,Plein jour,En agglomération,Hors intersection,Normale,Autre collision,,,,,,,,,,,1,2,1,1,6
200500003396,0005-01-12 14:30:00,5,1,12,14,30,380,421.0,"00, CROIZAT (AV. A.)(A.B",,,Plein jour,En agglomération,Hors intersection,Normale,Deux véhicules - arrière,,,,,,,,,,,1,2,1,1,2
200500003397,0005-01-13 07:30:00,5,1,13,7,30,380,185.0,"00, REYNIER (RUE ALB.)",,,Nuit avec éclairage allumé,En agglomération,Hors intersection,Normale,Deux véhicules - côté,,,,,,,,,,,5,2,1,1,3
200500003398,0005-01-13 08:50:00,5,1,13,8,50,380,185.0,"00, VERLAINE (AVENUE P.)",,,Plein jour,En agglomération,Hors intersection,Normale,Deux véhicules - arrière,,,,,,,,,,,1,2,1,1,2
200500003399,0005-01-14 06:15:00,5,1,14,6,15,380,185.0,A.480 (AUTOROUTE),,,Nuit sans éclairage public,Hors agglomération,Hors intersection,Normale,Trois véhicules et plus - en chaîne,,,,,,,,,,,3,1,1,1,4