accident_id,datetime,annee,mois,jour,heure,minute,departement,commune_insee,adresse,latitude,longitude,luminosite,agglomeration,intersection,meteo,collision,nb_vehicules,nb_usagers,nb_indemnes,nb_tues,nb_blesses_hosp,nb_blesses_legers,age_cond_1,age_cond_2,veh_type_cond_1,veh_type_cond_2,lum_code,agg_code,int_code,atm_code,col_code
200500003400,0005-01-14 17:45:00,5,1,14,17,45,380,185.0,"00, SEMARD (RUE P.)",,,Nuit avec éclairage allumé,En agglomération,Hors intersection,Normale,Deux véhicules - côté,,,,,,,,,,,5,2,1,1,3
200500003401,0005-01-14 19:45:00,5,1,14,19,45,380,151.0,A.480,,,Nuit avec éclairage allumé,Hors agglomération,Hors intersection,Normale,Trois véhicules et plus - en chaîne,,,,,,,,,,,5,1,1,1,4
200500003402,0005-01-15 12:25:00,5,1,15,12,25,380,151.0,"08, BRETAGNE (RUE DE)",,,Plein jour,En agglomération,Hors intersection,Normale,Deux véhicules - côté,,,,,,,,,,,1,2,1,1,3
200500003403,0005-01-17 07:55:00,5,1,17,7,55,380,421.0,"151, UNIVERSITES (RUE DE",,,Plein jour,En agglomération,Autre intersection,Normale,Deux véhicules - côté,,,,,,,,,,,1,2,9,1,3
200500003404,0005-01-17 13:50:00,5,1,17,13,50,380,185.0,"00, AMPERE (RUE)",,,Plein jour,En agglomération,Autre intersection,Normale,Deux véhicules - côté,,,,,,,,,,,1,2,9,1,3
200500003405,0005-01-18 12:35:00,5,1,18,12,35,380,516.0,"00, CHANTOURNE(BOULEVARD",,,Plein jour,En agglomération,Hors intersection,Normale,Deux véhicules - côté,,,,,,,,,,,1,2,1,1,3
200500003406,0005-01-19 15:30:00,5,1,19,15,30,380,421.0,"00, PERI (AVENUE G.)",,,Plein jour,En agglomération,Hors intersection,Normale,Autre collision,,,,,,,,,,,1,2,1,1,6
200500003407,0005-01-20 08:30:00,5,1,20,8,30,380,185.0,"09, FERRIE (RUE GL.)",,,Plein jour,En agglomération,Hors intersection,Pluie légère,Deux véhicules - arrière,,,,,,,,,,,1,2,1,2,2
200500003408,0005-01-20 17:55:00,5,1,20,17,55,380,516.0,A41,,,Nuit avec éclairage allumé,Hors agglomération,Hors intersection,Pluie légère,Deux véhicules - arrière,,,,,,,,,,,5,1,1,2,2
200500003409,0005-01-21 15:10:00,5,1,21,15,10,380,185.0,"59, GAMBETTA (BOULEVARD)",,,Plein jour,En agglomération,Hors intersection,Normale,Deux véhicules - côté,,,,,,,,,,,1,2,1,1,3
200500003410,0005-01-21 18:00:00,5,1,21,18,0,380,185.0,A.480 (AUTOROUTE),,,Nuit sans éclairage public,Hors agglomération,Hors intersection,Pluie forte,Trois véhicules et plus - en chaîne,,,,,,,,,,,3,1,1,3,4
200500003411,0005-01-22 19:20:00,5,1,22,19,20,380,185.0,A.480 (AUTOROUTE),,,Nuit avec éclairage allumé,Hors agglomération,Hors intersection,Pluie légère,Trois véhicules et plus - en chaîne,,,,,,,,,,,5,1,1,2,4
200500003412,0005-01-23 13:00:00,5,1,23,13,0,380,185.0,"00, PAIN (BOULEVARD)",,,Plein jour,En agglomération,Hors intersection,Pluie forte,Deux véhicules - arrière,,,,,,,,,,,1,2,1,3,2
200500003413,0005-01-24 09:40:00,5,1,24,9,40,380,151.0,"00, HONHOUE (AVE D' )",,,Plein jour,En agglomération,Hors intersection,Neige / grêle,Autre collision,,,,,,,,,,,1,2,1,4,6
200500003414,0005-01-24 11:37:00,5,1,24,11,37,380,185.0,"00, LAVOISIER (RUE)",,,Plein jour,En agglomération,Hors intersection,Neige / grêle,Deux véhicules - arrière,,,,,,,,,,,1,2,1,4,2
200500003415,0005-01-25 09:05:00,5,1,25,9,5,380,185.0,"00, CONDILLAC (RUE)",,,Plein jour,En agglomération,Intersection en T,Normale,Deux véhicules - côté,,,,,,,,,,,1,2,3,1,3
200500003416,0005-01-27 08:30:00,5,1,27,8,30,380,421.0,"07, TJIBAOU (RUE JEAN MA",,,Plein jour,En agglomération,Hors intersection,Normale,Autre collision,,,,,,,,,,,1,2,1,1,6
200500003417,0005-01-27 16:25:00,5,1,27,16,25,380,421.0,"00, FRACHON (AV. B.)(P.L",,,Plein jour,En agglomération,Hors intersection,Normale,Deux véhicules - côté,,,,,,,,,,,1,2,1,1,3
200500003418,0005-01-27 16:30:00,5,1,27,16,30,380,185.0,"00, BISTESI (RUE)",,,Plein jour,En agglomération,Hors intersection,Normale,Autre collision,,,,,,,,,,,1,2,1,1,6
200500003419,0005-01-28 17:30:00,5,1,28,17,30,380,421.0,"00, MAQUIS (RUE DES)DE G",,,Nuit avec éclairage non allumé,En agglomération,Hors intersection,Normale,Autre collision,,,,,,,,,,,4,2,1,1,6
200500003420,0005-01-31 20:45:00,5,1,31,20,45,380,185.0,"00, REYNOARD (AV. M.)",,,Nuit avec éclairage allumé,En agglomération,Hors intersection,Normale,Deux véhicules - côté,,,,,,,,,,,5,2,1,1,3
200500003421,0005-01-31 22:30:00,5,1,31,22,30,380,185.0,"36, PERRIERE (QUAI)",,,Nuit avec éclairage allumé,En agglomération,Hors intersection,Normale,Autre collision,,,,,,,,,,,5,2,1,1,6
200500003422,0005-01-03 23:28:00,5,1,3,23,28,380,544.0,CD 4,,,Nuit sans éclairage public,En agglomération,Hors intersection,Normale,Deux véhicules - frontale,,,,,,,,,,,3,2,1,1,1
200500003423,0005-01-07 14:30:00,5,1,7,14,30,380,563.0,"5, KOFLER (BOULEVARD E.)",,,Plein jour,En agglomération,Hors intersection,Normale,Trois véhicules et plus - en chaîne,,,,,,,,,,,1,2,1,1,4
200500003424,0005-01-08 10:56:00,5,1,8,10,56,400,279.0,RESISTANCE (AVE DE LA),,,Plein jour,En agglomération,Hors intersection,Normale,Deux véhicules - côté,,,,,,,,,,,1,2,1,1,3
200500003425,0005-01-10 05:45:00,5,1,10,5,45,400,279.0,FOCH (AVENUE DU MARECHAL,,,Nuit avec éclairage allumé,En agglomération,Hors intersection,Normale,Autre collision,,,,,,,,,,,5,2,1,1,6
200500003426,0005-01-10 08:00:00,5,1,10,8,0,400,279.0,PENTERANTE EST,,,Crépuscule ou aube,En agglomération,Hors intersection,Brouillard / fumée,Deux véhicules - frontale,,,,,,,,,,,2,2,1,5,1
200500003427,0005-01-21 07:58:00,5,1,21,7,58,400,88.0,"118, SAINT-VINCENT DE PA",,,Crépuscule ou aube,En agglomération,Hors intersection,Temps couvert,Deux véhicules - côté,,,,,,,,,,,2,2,1,8,3
200500003428,0005-01-29 01:50:00,5,1,29,1,50,400,88.0,"RESIDENCE CAZADE, 2 RUE",,,Nuit avec éclairage allumé,En agglomération,Hors intersection,Normale,Deux véhicules - arrière,,,,,,,,,,,5,2,1,1,2
200500003429,0005-01-01 07:09:00,5,1,1,7,9,400,192.0,"13, BROUCHET (ALLEES)",,,Nuit avec éclairage allumé,En agglomération,Hors intersection,Normale,Autre collision,,,,,,,,,,,5,2,1,1,6
200500003430,0005-01-08 16:10:00,5,1,8,16,10,400,192.0,"893, FOCH (AV DU MARECHA",,,Plein jour,En agglomération,Hors intersection,Normale,Deux véhicules - côté,,,,,,,,,,,1,2,1,1,3
200500003431,0005-01-10 07:04:00,5,1,10,7,4,400,192.0,ROCADE OUEST (RN 134),,,Nuit sans éclairage public,En agglomération,Hors intersection,Normale,Autre collision,,,,,,,,,,,3,2,1,1,6
200500003432,0005-01-30 09:18:00,5,1,30,9,18,400,192.0,"22, CLEMENCEAU (AV GEORG",,,Plein jour,En agglomération,Hors intersection,Normale,Sans collision,,,,,,,,,,,1,2,1,1,7
200500003433,0005-01-10 13:50:00,5,1,10,13,50,410,18.0,DUPUIS (BOULEVARD DANIEL,,,Plein jour,En agglomération,Hors intersection,Normale,Deux véhicules - arrière,,,,,,,,,,,1,2,1,1,2
200500003434,0005-01-10 15:40:00,5,1,10,15,40,410,18.0,RENAULME (AVENUE PAUL),,,Plein jour,En agglomération,Hors intersection,Normale,Autre collision,,,,,,,,,,,1,2,1,1,6
200500003435,0005-01-10 18:30:00,5,1,10,18,30,410,18.0,ONZE ARPENTS (RUE DES),,,Nuit avec éclairage allumé,En agglomération,Intersection en T,Normale,Deux véhicules - côté,,,,,,,,,,,5,2,3,1,3
200500003436,0005-01-05 16:40:00,5,1,5,16,40,410,18.0,"01, WALDSHUT (RUE DE)",,,Plein jour,En agglomération,Intersection en X,Pluie légère,Deux véhicules - côté,,,,,,,,,,,1,2,2,2,3
200500003437,0005-01-06 01:35:00,5,1,6,1,35,410,18.0,VENDOME (AVENUE DE),,,Nuit avec éclairage allumé,En agglomération,Intersection en X,Temps couvert,Deux véhicules - côté,,,,,,,,,,,5,2,2,8,3
200500003438,0005-01-09 16:45:00,5,1,9,16,45,410,18.0,RIFFAULT (RUE EUGENE),,,Plein jour,En agglomération,Hors intersection,Normale,Deux véhicules - côté,,,,,,,,,,,1,2,1,1,3
200500003439,0005-01-12 13:10:00,5,1,12,13,10,410,47.0,N152,,,Plein jour,En agglomération,Hors intersection,Pluie légère,Deux véhicules - arrière,,,,,,,,,,,1,2,1,2,2
200500003440,0005-01-15 16:50:00,5,1,15,16,50,410,18.0,"80, WILSON (AVENUE DU PR",,,Plein jour,En agglomération,Hors intersection,Normale,Trois véhicules et plus - collisions multiples,,,,,,,,,,,1,2,1,1,5
200500003441,0005-01-15 00:01:00,5,1,15,0,1,410,18.0,RD200,,,Nuit sans éclairage public,En agglomération,Hors intersection,Normale,Autre collision,,,,,,,,,,,3,2,1,1,6
200500003442,0005-01-17 18:07:00,5,1,17,18,7,410,18.0,INDUSTRIE (BOULEVARD DE,,,Nuit avec éclairage allumé,En agglomération,Hors intersection,Pluie légère,Trois véhicules et plus - en chaîne,,,,,,,,,,,5,2,1,2,4
200500003443,0005-01-18 15:25:00,5,1,18,15,25,410,212.0,"01, N152",,,Plein jour,En agglomération,Hors intersection,Normale,Deux véhicules - arrière,,,,,,,,,,,1,2,1,1,2
200500003444,0005-01-26 16:10:00,5,1,26,16,10,410,18.0,"1, PETRE (PLACE LOUIS)",,,Plein jour,En agglomération,Hors intersection,Vent fort / tempête,Autre collision,,,,,,,,,,,1,2,1,6,6
200500003445,0005-01-28 13:00:00,5,1,28,13,0,410,18.0,"50, GAMBETTA (AVENUE)",,,Plein jour,En agglomération,Hors intersection,Pluie légère,Deux véhicules - côté,,,,,,,,,,,1,2,1,2,3
200500003446,0005-01-28 18:25:00,5,1,28,18,25,410,18.0,D174,,,Crépuscule ou aube,En agglomération,Hors intersection,Pluie légère,Trois véhicules et plus - en chaîne,,,,,,,,,,,2,2,1,2,4
200500003447,0005-01-28 19:30:00,5,1,28,19,30,410,18.0,BLANCHETS (RUE DES),,,Crépuscule ou aube,En agglomération,Hors intersection,Pluie légère,Trois véhicules et plus - en chaîne,,,,,,,,,,,2,2,1,2,4
200500003448,0005-01-18 10:50:00,5,1,18,10,50,410,269.0,"05, LUXEMBOURG (RUE MARI",,,Plein jour,En agglomération,Hors intersection,Pluie légère,Autre collision,,,,,,,,,,,1,2,1,2,6
200500003449,0005-01-18 17:30:00,5,1,18,17,30,410,269.0,", TREMAULT (BOULEVARD DE",,,Plein jour,En agglomération,Hors intersection,Temps couvert,Autre collision,,,,,,,,,,,1,2,1,8,6
200500003450,0005-01-29 23:20:00,5,1,29,23,20,410,269.0,"07, BROSSOLETTE (RUE PIE",,,Nuit avec éclairage allumé,En agglomération,Hors intersection,Normale,Sans collision,,,,,,,,,,,5,2,1,1,7
200500003451,0005-01-13 13:15:00,5,1,13,13,15,420,183.0,"30, PONS (RUE JEAN-MARIE",,,Plein jour,En agglomération,Hors intersection,Normale,Autre collision,,,,,,,,,,,1,2,1,1,6
200500003452,0005-01-16 13:55:00,5,1,16,13,55,420,44.0,"21, MALMONT (ROUT DE)",,,Plein jour,En agglomération,Hors intersection,Normale,Autre collision,,,,,,,,,,,1,2,1,1,6
200500003453,0005-01-20 14:10:00,5,1,20,14,10,420,183.0,"14, LIBERATION (RUE DE L",,,Plein jour,En agglomération,Hors intersection,Normale,Sans collision,,,,,,,,,,,1,2,1,1,7
200500003454,0005-01-28 09:15:00,5,1,28,9,15,420,44.0,"21, HURFE (RUE HONORE D'",,,Plein jour,En agglomération,Hors intersection,Neige / grêle,Deux véhicules - côté,,,,,,,,,,,1,2,1,4,3
200500003455,0005-01-04 12:43:00,5,1,4,12,43,420,95.0,"03, CENTRE (ALLEE DU)",,,Plein jour,En agglomération,Hors intersection,Normale,Autre collision,,,,,,,,,,,1,2,1,1,6
200500003456,0005-01-04 08:10:00,5,1,4,8,10,420,31.0,SAINT MAURICE (ROUTE DE),,,Crépuscule ou aube,En agglomération,Hors intersection,Pluie légère,Autre collision,,,,,,,,,,,2,2,1,2,6
200500003457,0005-01-16 03:30:00,5,1,16,3,30,420,316.0,"25, GORGES (ROUTE DES) L",,,Nuit avec éclairage allumé,En agglomération,Hors intersection,Neige / grêle,Autre collision,,,,,,,,,,,5,2,1,4,6
200500003458,0005-01-24 17:00:00,5,1,24,17,0,420,31.0,"35, SAINT MAURICE (ROUTE",,,Crépuscule ou aube,En agglomération,Hors intersection,Pluie légère,Deux véhicules - frontale,,,,,,,,,,,2,2,1,2,1
200500003459,0005-01-07 16:45:00,5,1,7,16,45,420,95.0,"54, RUE JEAN JAURES",,,Plein jour,En agglomération,Intersection en T,Normale,Deux véhicules - côté,,,,,,,,,,,1,2,3,1,3
200500003460,0005-01-11 18:25:00,5,1,11,18,25,420,95.0,"01, GARE (AVENUE DE LA)",,,Nuit avec éclairage allumé,En agglomération,Intersection en X,Normale,Deux véhicules - côté,,,,,,,,,,,5,2,2,1,3
200500003461,0005-01-17 07:45:00,5,1,17,7,45,420,316.0,"01, PONT DU SAUZE (ROND",,,Crépuscule ou aube,En agglomération,Autre intersection,Temps couvert,Sans collision,,,,,,,,,,,2,2,9,8,7
200500003462,0005-01-12 07:40:00,5,1,12,7,40,420,103.0,"06, Jean JAURES",,,Nuit avec éclairage allumé,En agglomération,Hors intersection,Normale,Autre collision,,,,,,,,,,,5,2,1,1,6
200500003463,0005-01-22 11:40:00,5,1,22,11,40,420,186.0,Quai Fleurdelix,,,Plein jour,En agglomération,Hors intersection,Pluie légère,Autre collision,,,,,,,,,,,1,2,1,2,6
200500003464,0005-01-01 17:00:00,5,1,1,17,0,420,71.0,LIBERATION (AVENUE DE LA,,,Crépuscule ou aube,En agglomération,Intersection en T,Normale,Deux véhicules - côté,,,,,,,,,,,2,2,3,1,3
200500003465,0005-01-03 13:50:00,5,1,3,13,50,420,184.0,"841, SAINT-ANDRE (RUE DE",,,Plein jour,En agglomération,Hors intersection,Normale,Trois véhicules et plus - collisions multiples,,,,,,,,,,,1,2,1,1,5
200500003466,0005-01-03 16:15:00,5,1,3,16,15,420,127.0,lieu dit cornillon,,,Plein jour,En agglomération,Hors intersection,Normale,Autre collision,,,,,,,,,,,1,2,1,1,6
200500003467,0005-01-05 17:00:00,5,1,5,17,0,420,187.0,"78, PARIS (AVENUE DE)",,,Plein jour,En agglomération,Intersection en X,Normale,Deux véhicules - arrière,,,,,,,,,,,1,2,2,1,2
200500003468,0005-01-14 12:15:00,5,1,14,12,15,420,187.0,"99, SAINT-ALBAN (RUE DE",,,Plein jour,En agglomération,Hors intersection,Normale,Deux véhicules - côté,,,,,,,,,,,1,2,1,1,3
200500003469,0005-01-15 20:43:00,5,1,15,20,43,420,187.0,OUEST (BOULEVARD),,,Crépuscule ou aube,En agglomération,Hors intersection,Normale,Deux véhicules - frontale,,,,,,,,,,,2,2,1,1,1
200500003470,0005-01-18 19:50:00,5,1,18,19,50,420,71.0,"1, SAINT-MARC (RUE)",,,Crépuscule ou aube,En agglomération,Intersection en X,Normale,Deux véhicules - côté,,,,,,,,,,,2,2,2,1,3
200500003471,0005-01-19 13:50:00,5,1,19,13,50,420,184.0,"46, FARON JULES (RUE)",,,Plein jour,En agglomération,Autre intersection,Normale,Deux véhicules - frontale,,,,,,,,,,,1,2,9,1,1
200500003472,0005-01-19 15:50:00,5,1,19,15,50,420,71.0,"48, PASTEUR (BOULEVARD )",,,Plein jour,En agglomération,Intersection en X,Normale,Deux véhicules - frontale,,,,,,,,,,,1,2,2,1,1
200500003473,0005-01-23 04:50:00,5,1,23,4,50,420,187.0,"79, THOMAS (RUE ALBERT)",,,Nuit avec éclairage allumé,En agglomération,Hors intersection,Normale,Autre collision,,,,,,,,,,,5,2,1,1,6
200500003474,0005-01-27 10:50:00,5,1,27,10,50,420,187.0,"89, MULSANT (RUE)",,,Plein jour,En agglomération,Hors intersection,Normale,Autre collision,,,,,,,,,,,1,2,1,1,6
200500003475,0005-01-27 12:14:00,5,1,27,12,14,420,127.0,"488, V.C 10",,,Plein jour,En agglomération,Hors intersection,Normale,Autre collision,,,,,,,,,,,1,2,1,1,6
200500003476,0005-01-30 15:10:00,5,1,30,15,10,420,187.0,"78, CHARLIEU (RUE DE )",,,Plein jour,En agglomération,Intersection en T,Normale,Deux véhicules - arrière,,,,,,,,,,,1,2,3,1,2
200500003477,0005-01-31 18:20:00,5,1,31,18,20,420,187.0,CHARLIEU (RUE DE ),,,Crépuscule ou aube,En agglomération,Intersection en X,Normale,Deux véhicules - côté,,,,,,,,,,,2,2,2,1,3
200500003478,0005-01-10 14:30:00,5,1,10,14,30,420,207.0,"3, LAFONTAINE RUE",,,Plein jour,En agglomération,Hors intersection,Normale,Autre collision,,,,,,,,,,,1,2,1,1,6
200500003479,0005-01-11 15:45:00,5,1,11,15,45,420,207.0,LANGONNAND  ROUTE DE,,,Plein jour,En agglomération,Hors intersection,Normale,Trois véhicules et plus - en chaîne,,,,,,,,,,,1,2,1,1,4
200500003480,0005-01-11 15:09:00,5,1,11,15,9,420,207.0,BONNEVIALLE RUE,,,Plein jour,En agglomération,Hors intersection,Normale,Autre collision,,,,,,,,,,,1,2,1,1,6
200500003481,0005-01-03 11:00:00,5,1,3,11,0,420,330.0,GUICHARD PAUL ET PIERRE,,,Plein jour,En agglomération,Intersection en T,Normale,Deux véhicules - côté,,,,,,,,,,,1,2,3,1,3
200500003482,0005-01-03 18:20:00,5,1,3,18,20,420,330.0,"35, TERRENOIRE (DE) A PA",,,Nuit avec éclairage allumé,En agglomération,Hors intersection,Normale,Autre collision,,,,,,,,,,,5,2,1,1,6
200500003483,0005-01-05 00:10:00,5,1,5,0,10,420,330.0,GRIGNARD VICTOR JUSQU'AU,,,Nuit avec éclairage allumé,En agglomération,Autre intersection,Temps couvert,Autre collision,,,,,,,,,,,5,2,9,8,6
200500003484,0005-01-05 20:00:00,5,1,5,20,0,420,330.0,"74, DESTRE DOCTEUR LOUIS",,,Nuit avec éclairage allumé,En agglomération,Hors intersection,Pluie légère,Sans collision,,,,,,,,,,,5,2,1,2,7
200500003485,0005-01-07 16:55:00,5,1,7,16,55,420,330.0,"3, CHATAIGNIERE",,,Plein jour,En agglomération,Hors intersection,Pluie légère,Deux véhicules - frontale,,,,,,,,,,,1,2,1,2,1
200500003486,0005-01-07 19:00:00,5,1,7,19,0,420,305.0,REPUBLIQUE,,,Nuit avec éclairage allumé,En agglomération,Intersection en T,Normale,Deux véhicules - côté,,,,,,,,,,,5,2,3,1,3
200500003487,0005-01-08 10:59:00,5,1,8,10,59,420,330.0,ROOSEVELT FRANKLIN (SQUA,,,Plein jour,En agglomération,Giratoire,Normale,Autre collision,,,,,,,,,,,1,2,6,1,6
200500003488,0005-01-09 04:50:00,5,1,9,4,50,420,330.0,"31, ROCHETAILLEE (AVENUE",,,Nuit avec éclairage allumé,En agglomération,Hors intersection,Normale,Autre collision,,,,,,,,,,,5,2,1,1,6
200500003489,0005-01-09 18:00:00,5,1,9,18,0,420,330.0,"3, CHARPENTIER EDMOND",,,Crépuscule ou aube,En agglomération,Hors intersection,Normale,Autre collision,,,,,,,,,,,2,2,1,1,6
200500003490,0005-01-10 15:00:00,5,1,10,15,0,420,330.0,BRAHMS JOANNES (ALLEE),,,Plein jour,En agglomération,Intersection en T,Normale,Autre collision,,,,,,,,,,,1,2,3,1,6
200500003491,0005-01-11 17:53:00,5,1,11,17,53,420,330.0,"2, TERRENOIRE (DE) A PAR",,,Nuit avec éclairage allumé,En agglomération,Hors intersection,Normale,Deux véhicules - frontale,,,,,,,,,,,5,2,1,1,1
200500003492,0005-01-11 17:40:00,5,1,11,17,40,420,330.0,"74, TARDY (DE)",,,Nuit avec éclairage allumé,En agglomération,Hors intersection,Normale,Deux véhicules - côté,,,,,,,,,,,5,2,1,1,3
200500003493,0005-01-13 17:10:00,5,1,13,17,10,420,330.0,"8, RICHELANDIERE (DE LA)",,,Crépuscule ou aube,En agglomération,Hors intersection,Temps couvert,Autre collision,,,,,,,,,,,2,2,1,8,6
200500003494,0005-01-05 04:50:00,5,1,5,4,50,420,330.0,"2, LIBERATION (AVENUE)",,,Nuit avec éclairage allumé,En agglomération,Hors intersection,Normale,Sans collision,,,,,,,,,,,5,2,1,1,7
200500003495,0005-01-17 10:10:00,5,1,17,10,10,420,330.0,THEATRE (DU),,,Plein jour,En agglomération,Hors intersection,Normale,Autre collision,,,,,,,,,,,1,2,1,1,6
200500003496,0005-01-17 11:30:00,5,1,17,11,30,420,330.0,MARENGO JUSQU'AUX N° 53-,,,Plein jour,En agglomération,Intersection en T,Normale,Deux véhicules - côté,,,,,,,,,,,1,2,3,1,3
200500003497,0005-01-18 15:40:00,5,1,18,15,40,420,330.0,"0000000001, ROYET",,,Plein jour,En agglomération,Intersection en T,Normale,Deux véhicules - côté,,,,,,,,,,,1,2,3,1,3
200500003498,0005-01-20 07:02:00,5,1,20,7,2,420,330.0,JOLY EUGENE PLUS DE 08 N,,,Nuit avec éclairage non allumé,En agglomération,Hors intersection,Normale,Autre collision,,,,,,,,,,,4,2,1,1,6
200500003499,0005-01-21 12:00:00,5,1,21,12,0,420,330.0,"61, DESTRE DOCTEUR LOUIS",,,Plein jour,En agglomération,Hors intersection,Normale,Autre collision,,,,,,,,,,,1,2,1,1,6
200500003500,0005-01-21 12:54:00,5,1,21,12,54,420,330.0,"17, CHOLAT CHARLES",,,Plein jour,En agglomération,Hors intersection,Normale,Trois véhicules et plus - collisions multiples,,,,,,,,,,,1,2,1,1,5
200500003501,0005-01-07 10:00:00,5,1,7,10,0,420,147.0,CD,,,Nuit avec éclairage allumé,En agglomération,Hors intersection,Normale,Autre collision,,,,,,,,,,,5,2,1,1,6
200500003502,0005-01-22 16:20:00,5,1,22,16,20,420,330.0,SIMON JULES,,,Plein jour,En agglomération,Intersection en T,Normale,Autre collision,,,,,,,,,,,1,2,3,1,6
200500003503,0005-01-22 21:38:00,5,1,22,21,38,420,330.0,BOISSON ETIENNE JUSQU'AU,,,Nuit avec éclairage allumé,En agglomération,Intersection en T,Normale,Deux véhicules - côté,,,,,,,,,,,5,2,3,1,3
200500003504,0005-01-23 14:30:00,5,1,23,14,30,420,330.0,"0000000001, ONZE NOVEMBR",,,Plein jour,En agglomération,Intersection en X,Normale,Deux véhicules - côté,,,,,,,,,,,1,2,2,1,3
200500003505,0005-01-24 10:45:00,5,1,24,10,45,420,330.0,"13, PLOTTON CALIXTE",,,Plein jour,En agglomération,Hors intersection,Normale,Deux véhicules - frontale,,,,,,,,,,,1,2,1,1,1
200500003506,0005-01-24 17:20:00,5,1,24,17,20,420,330.0,"125, ALLIES A PARTIR N°",,,Crépuscule ou aube,En agglomération,Hors intersection,Neige / grêle,Deux véhicules - côté,,,,,,,,,,,2,2,1,4,3
200500003507,0005-01-25 18:30:00,5,1,25,18,30,420,330.0,"60, JANIN JULES (BD) A P",,,Nuit avec éclairage allumé,En agglomération,Intersection en T,Neige / grêle,Deux véhicules - côté,,,,,,,,,,,5,2,3,4,3
200500003508,0005-01-27 09:37:00,5,1,27,9,37,420,330.0,", MOLINA (DE)",,,Plein jour,En agglomération,Intersection en T,Normale,Deux véhicules - côté,,,,,,,,,,,1,2,3,1,3
200500003509,0005-01-28 14:45:00,5,1,28,14,45,420,330.0,POMPIDOU GEORGES (BOULEV,,,Plein jour,En agglomération,Hors intersection,Neige / grêle,Deux véhicules - arrière,,,,,,,,,,,1,2,1,4,2
200500003510,0005-01-30 13:45:00,5,1,30,13,45,420,330.0,NARVICK,,,Plein jour,En agglomération,Hors intersection,Normale,Autre collision,,,,,,,,,,,1,2,1,1,6
200500003511,0005-01-30 15:30:00,5,1,30,15,30,420,330.0,THIERS,,,Plein jour,En agglomération,Hors intersection,Neige / grêle,Autre collision,,,,,,,,,,,1,2,1,4,6
200500003512,0005-01-31 12:13:00,5,1,31,12,13,420,330.0,FABIEN COLONEL,,,Plein jour,En agglomération,Hors intersection,Normale,Autre collision,,,,,,,,,,,1,2,1,1,6
200500003513,0005-01-08 10:00:00,5,1,8,10,0,420,44.0,"08, Rue de la République",,,Plein jour,En agglomération,Hors intersection,Normale,Autre collision,,,,,,,,,,,1,2,1,1,6
200500003514,0005-01-24 16:50:00,5,1,24,16,50,420,330.0,"74, BERGSON A PARTIR N°",,,Plein jour,En agglomération,Hors intersection,Temps couvert,Autre collision,,,,,,,,,,,1,2,1,8,6
200500003515,0005-01-04 15:00:00,5,1,4,15,0,430,157.0,BREUIL (BD DU),,,Plein jour,En agglomération,Hors intersection,Normale,Deux véhicules - arrière,,,,,,,,,,,1,2,1,1,2
200500003516,0005-01-07 11:10:00,5,1,7,11,10,430,46.0,PETITE MER (BOULEVARD DE,,,Plein jour,En agglomération,Hors intersection,Normale,Sans collision,,,,,,,,,,,1,2,1,1,7
200500003517,0005-01-07 17:07:00,5,1,7,17,7,430,41.0,TIREBOEUF (COTE DE),,,Crépuscule ou aube,En agglomération,Hors intersection,Brouillard / fumée,Deux véhicules - arrière,,,,,,,,,,,2,2,1,5,2
200500003518,0005-01-08 22:20:00,5,1,8,22,20,430,157.0,"1, CHAUSSADE (RUE)",,,Nuit avec éclairage allumé,En agglomération,Hors intersection,Temps couvert,Sans collision,,,,,,,,,,,5,2,1,8,7
200500003519,0005-01-09 17:00:00,5,1,9,17,0,430,157.0,MESCHEDE (AV. DE),,,Crépuscule ou aube,En agglomération,Hors intersection,Pluie légère,Autre collision,,,,,,,,,,,2,2,1,2,6
200500003520,0005-01-16 17:00:00,5,1,16,17,0,430,157.0,MESCHEDE (AV. DE),,,Crépuscule ou aube,En agglomération,Hors intersection,Normale,Sans collision,,,,,,,,,,,2,2,1,1,7
200500003521,0005-01-17 06:35:00,5,1,17,6,35,430,157.0,"36 Bis, OURS-MONS (AV. D",,,Nuit sans éclairage public,En agglomération,Hors intersection,Normale,Autre collision,,,,,,,,,,,3,2,1,1,6
200500003522,0005-01-17 08:40:00,5,1,17,8,40,430,41.0,"121 Bis, DUPUY (AVENUE C",,,Plein jour,En agglomération,Hors intersection,Normale,Autre collision,,,,,,,,,,,1,2,1,1,6
200500003523,0005-01-17 10:45:00,5,1,17,10,45,430,157.0,REPUBLIQUE (BD DE LA),,,Plein jour,En agglomération,Hors intersection,Normale,Autre collision,,,,,,,,,,,1,2,1,1,6
200500003524,0005-01-21 22:47:00,5,1,21,22,47,430,157.0,VALETTE (RUE ANTOINE),,,Nuit avec éclairage allumé,En agglomération,Hors intersection,Pluie légère,Sans collision,,,,,,,,,,,5,2,1,2,7
200500003525,0005-01-27 11:35:00,5,1,27,11,35,430,251.0,"52, VALS (AVENUE DE)",,,Plein jour,En agglomération,Hors intersection,Neige / grêle,Deux véhicules - arrière,,,,,,,,,,,1,2,1,4,2
200500003526,0005-01-28 13:25:00,5,1,28,13,25,430,251.0,"14, DOLAIZON (QUAI)",,,Plein jour,En agglomération,Hors intersection,Normale,Autre collision,,,,,,,,,,,1,2,1,1,6
200500003527,0005-01-12 16:55:00,5,1,12,16,55,440,132.0,"180, OCEANIDES (BOULEVAR",,,Plein jour,En agglomération,Hors intersection,Normale,Autre collision,,,,,,,,,,,1,2,1,1,6