accident_id,datetime,annee,mois,jour,heure,minute,departement,commune_insee,adresse,latitude,longitude,luminosite,agglomeration,intersection,meteo,collision,nb_vehicules,nb_usagers,nb_indemnes,nb_tues,nb_blesses_hosp,nb_blesses_legers,age_cond_1,age_cond_2,veh_type_cond_1,veh_type_cond_2,lum_code,agg_code,int_code,atm_code,col_code
200500003785,0005-01-02 13:35:00,5,1,2,13,35,540,274.0,FAURE (RUE GABRIEL),,,Plein jour,En agglomération,Hors intersection,Normale,Deux véhicules - arrière,,,,,,,,,,,1,2,1,1,2
200500003786,0005-01-03 06:00:00,5,1,3,6,0,540,300.0,"00, COTE GRISE",,,Nuit avec éclairage allumé,En agglomération,Hors intersection,Normale,Autre collision,,,,,,,,,,,5,2,1,1,6
200500003787,0005-01-03 16:15:00,5,1,3,16,15,540,328.0,"100, EGLISE (RUE DE L')",,,Plein jour,En agglomération,Intersection en T,Pluie légère,Autre collision,,,,,,,,,,,1,2,3,2,6
200500003788,0005-01-04 11:30:00,5,1,4,11,30,540,395.0,", MALZEVILLE (RUE ET SEN",,,Plein jour,En agglomération,Intersection en T,Normale,Deux véhicules - côté,,,,,,,,,,,1,2,3,1,3
200500003789,0005-01-04 13:05:00,5,1,4,13,5,540,395.0,MALZEVILLE (RUE ET SENTI,,,Plein jour,En agglomération,Intersection en X,Normale,Autre collision,,,,,,,,,,,1,2,2,1,6
200500003790,0005-01-04 17:05:00,5,1,4,17,5,540,339.0,LECLERC (AVENUE ET IMPAS,,,Nuit sans éclairage public,En agglomération,Hors intersection,Autre,Autre collision,,,,,,,,,,,3,2,1,9,6
200500003791,0005-01-05 08:25:00,5,1,5,8,25,540,547.0,BOURGOGNE (AVENUE DE),,,Plein jour,En agglomération,Intersection en T,Normale,Deux véhicules - côté,,,,,,,,,,,1,2,3,1,3
200500003792,0005-01-05 12:15:00,5,1,5,12,15,540,25.0,VARANGEVILLE (ROUTE),,,Plein jour,En agglomération,Hors intersection,Pluie légère,Deux véhicules - côté,,,,,,,,,,,1,2,1,2,3
200500003793,0005-01-06 15:00:00,5,1,6,15,0,540,274.0,"17, REPUBLIQUE (RUE DE L",,,Plein jour,En agglomération,Hors intersection,Pluie légère,Autre collision,,,,,,,,,,,1,2,1,2,6
200500003794,0005-01-05 16:50:00,5,1,5,16,50,540,395.0,MON DESERT (RUE),,,Nuit avec éclairage allumé,En agglomération,Intersection à plus de 4 branches,Pluie légère,Deux véhicules - côté,,,,,,,,,,,5,2,5,2,3
200500003795,0005-01-05 18:25:00,5,1,5,18,25,540,395.0,JACOB (RUE DU CHANOINE),,,Nuit avec éclairage allumé,En agglomération,Intersection en X,Pluie légère,Autre collision,,,,,,,,,,,5,2,2,2,6
200500003796,0005-01-05 19:45:00,5,1,5,19,45,540,395.0,CHALNOT (RUE PIERRE),,,Nuit avec éclairage allumé,En agglomération,Intersection en T,Pluie légère,Autre collision,,,,,,,,,,,5,2,3,2,6
200500003797,0005-01-06 09:50:00,5,1,6,9,50,540,395.0,LOBAU (BOULEVARD),,,Plein jour,En agglomération,Intersection en X,Temps couvert,Autre collision,,,,,,,,,,,1,2,2,8,6
200500003798,0005-01-06 10:30:00,5,1,6,10,30,540,274.0,GALLIENI (RUE DU MARECHA,,,Plein jour,En agglomération,Intersection en X,Pluie légère,Sans collision,,,,,,,,,,,1,2,2,2,7
200500003799,0005-01-06 11:07:00,5,1,6,11,7,540,395.0,LECLERC (AV. DU GENERAL),,,Plein jour,En agglomération,Intersection en T,Normale,Autre collision,,,,,,,,,,,1,2,3,1,6
200500003800,0005-01-06 16:25:00,5,1,6,16,25,540,357.0,PINCHARD (RUE RAYMOND LI,,,Plein jour,En agglomération,Giratoire,Normale,Deux véhicules - côté,,,,,,,,,,,1,2,6,1,3
200500003801,0005-01-08 11:40:00,5,1,8,11,40,540,395.0,FOCH (AVENUE 2 A 16/1 A,,,Plein jour,En agglomération,Hors intersection,Normale,Deux véhicules - arrière,,,,,,,,,,,1,2,1,1,2
200500003802,0005-01-08 12:05:00,5,1,8,12,5,540,547.0,LECLERC (AVENUE DU GENER,,,Plein jour,En agglomération,Intersection en T,Normale,Autre collision,,,,,,,,,,,1,2,3,1,6
200500003803,0005-01-08 12:30:00,5,1,8,12,30,540,184.0,BRIGACHTAL (AVENUE DE),,,Plein jour,En agglomération,Intersection en T,Normale,Autre collision,,,,,,,,,,,1,2,3,1,6
200500003804,0005-01-08 18:15:00,5,1,8,18,15,540,495.0,"10, GRANDE RUE",,,Nuit avec éclairage allumé,En agglomération,Intersection en T,Pluie légère,Autre collision,,,,,,,,,,,5,2,3,2,6
200500003805,0005-01-08 00:01:00,5,1,8,0,1,540,547.0,BARTHOU (BD LOUIS),,,Nuit avec éclairage allumé,En agglomération,Hors intersection,Normale,Trois véhicules et plus - collisions multiples,,,,,,,,,,,5,2,1,1,5
200500003806,0005-01-10 16:45:00,5,1,10,16,45,540,395.0,MAZAGRAN (RUE),,,Crépuscule ou aube,En agglomération,Intersection en T,Normale,Autre collision,,,,,,,,,,,2,2,3,1,6
200500003807,0005-01-11 09:15:00,5,1,11,9,15,540,395.0,SAINT DIZIER (RUE 2 A 80,,,Plein jour,En agglomération,Hors intersection,Pluie légère,Autre collision,,,,,,,,,,,1,2,1,2,6
200500003808,0005-01-11 12:15:00,5,1,11,12,15,540,547.0,"16, BRIAND (RUE ARISTIDE",,,Plein jour,En agglomération,Hors intersection,Normale,Deux véhicules - arrière,,,,,,,,,,,1,2,1,1,2
200500003809,0005-01-11 15:25:00,5,1,11,15,25,540,304.0,VIGNERONS (RUE DES),,,Plein jour,En agglomération,Intersection en T,Normale,Deux véhicules - côté,,,,,,,,,,,1,2,3,1,3
200500003810,0005-01-12 08:05:00,5,1,12,8,5,540,304.0,SAPINIERE (RUE DE LA),,,Plein jour,En agglomération,Hors intersection,Temps couvert,Autre collision,,,,,,,,,,,1,2,1,8,6
200500003811,0005-01-12 12:35:00,5,1,12,12,35,540,395.0,BOUDONVILLE (RUE DE),,,Plein jour,En agglomération,Intersection en T,Pluie légère,Deux véhicules - côté,,,,,,,,,,,1,2,3,2,3
200500003812,0005-01-12 15:20:00,5,1,12,15,20,540,395.0,BOUFFLERS (AV. DE 74 A 3,,,Plein jour,En agglomération,Hors intersection,Normale,Autre collision,,,,,,,,,,,1,2,1,1,6
200500003813,0005-01-12 17:45:00,5,1,12,17,45,540,395.0,ROPARTZ (RUE GUY),,,Nuit avec éclairage allumé,En agglomération,Intersection en T,Pluie légère,Autre collision,,,,,,,,,,,5,2,3,2,6
200500003814,0005-01-11 17:50:00,5,1,11,17,50,540,339.0,"., LECLERC (AVENUE ET IM",,,Nuit avec éclairage allumé,En agglomération,Intersection en X,Normale,Deux véhicules - côté,,,,,,,,,,,5,2,2,1,3
200500003815,0005-01-12 18:05:00,5,1,12,18,5,540,395.0,VOIRIN (RUE DES FRERES),,,Nuit avec éclairage allumé,En agglomération,Intersection en X,Normale,Deux véhicules - côté,,,,,,,,,,,5,2,2,1,3
200500003816,0005-01-12 23:30:00,5,1,12,23,30,540,395.0,JAURES (BOULEVARD JEAN),,,Nuit avec éclairage allumé,En agglomération,Intersection en X,Pluie légère,Deux véhicules - côté,,,,,,,,,,,5,2,2,2,3
200500003817,0005-01-13 10:25:00,5,1,13,10,25,540,547.0,BAVIERE (RUE DE),,,Plein jour,En agglomération,Intersection en T,Normale,Sans collision,,,,,,,,,,,1,2,3,1,7
200500003818,0005-01-13 17:15:00,5,1,13,17,15,540,547.0,FORET DE HAYE (RUE DE LA,,,Crépuscule ou aube,En agglomération,Intersection en T,Normale,Deux véhicules - côté,,,,,,,,,,,2,2,3,1,3
200500003819,0005-01-14 09:15:00,5,1,14,9,15,540,357.0,LECLERC (RUE DU GENERAL),,,Plein jour,En agglomération,Intersection en X,Autre,Deux véhicules - côté,,,,,,,,,,,1,2,2,9,3
200500003820,0005-01-14 19:25:00,5,1,14,19,25,540,357.0,RD 30,,,Nuit avec éclairage allumé,En agglomération,Intersection en X,Normale,Deux véhicules - côté,,,,,,,,,,,5,2,2,1,3
200500003821,0005-01-17 07:00:00,5,1,17,7,0,540,395.0,DAMES (RUE DES),,,Nuit avec éclairage allumé,En agglomération,Intersection en T,Normale,Autre collision,,,,,,,,,,,5,2,3,1,6
200500003822,0005-01-17 09:45:00,5,1,17,9,45,540,395.0,PINCHARD (AVENUE - TAMAR,,,Plein jour,En agglomération,Hors intersection,Normale,Deux véhicules - frontale,,,,,,,,,,,1,2,1,1,1
200500003823,0005-01-17 18:35:00,5,1,17,18,35,540,395.0,MAZAGRAN (RUE),,,Nuit avec éclairage allumé,En agglomération,Intersection en X,Normale,Autre collision,,,,,,,,,,,5,2,2,1,6
200500003824,0005-01-17 18:40:00,5,1,17,18,40,540,184.0,BRIGACHTAL (AVENUE DE),,,Nuit avec éclairage allumé,En agglomération,Hors intersection,Pluie légère,Deux véhicules - côté,,,,,,,,,,,5,2,1,2,3
200500003825,0005-01-17 19:30:00,5,1,17,19,30,540,547.0,"130, PERI (RUE GABRIEL)",,,Nuit avec éclairage allumé,En agglomération,Hors intersection,Normale,Autre collision,,,,,,,,,,,5,2,1,1,6
200500003826,0005-01-19 16:05:00,5,1,19,16,5,540,395.0,BOUFFLERS (AV. DE 74 A 3,,,Plein jour,En agglomération,Hors intersection,Normale,Deux véhicules - arrière,,,,,,,,,,,1,2,1,1,2
200500003827,0005-01-20 17:54:00,5,1,20,17,54,540,304.0,DEROULEDE (AVENUE PAUL),,,Nuit avec éclairage allumé,En agglomération,Hors intersection,Pluie forte,Sans collision,,,,,,,,,,,5,2,1,3,7
200500003828,0005-01-21 10:55:00,5,1,21,10,55,540,547.0,NATIONS (RUE DES),,,Plein jour,En agglomération,Hors intersection,Pluie légère,Autre collision,,,,,,,,,,,1,2,1,2,6
200500003829,0005-01-21 09:10:00,5,1,21,9,10,540,395.0,SAINT DIZIER (RUE 82 ET,,,Plein jour,En agglomération,Intersection en T,Normale,Autre collision,,,,,,,,,,,1,2,3,1,6
200500003830,0005-01-21 15:45:00,5,1,21,15,45,540,395.0,"9, PONTS (RUE DES 2 A 36",,,Plein jour,En agglomération,Hors intersection,Normale,Sans collision,,,,,,,,,,,1,2,1,1,7
200500003831,0005-01-21 17:15:00,5,1,21,17,15,540,304.0,AIGUILLETTES  (BD 16 A 2,,,Crépuscule ou aube,En agglomération,Intersection en X,Normale,Deux véhicules - côté,,,,,,,,,,,2,2,2,1,3
200500003832,0005-01-23 01:50:00,5,1,23,1,50,540,395.0,AMERICAN LEGION  (BD DE,,,Nuit avec éclairage allumé,En agglomération,Intersection en X,Normale,Deux véhicules - côté,,,,,,,,,,,5,2,2,1,3
200500003833,0005-01-17 17:30:00,5,1,17,17,30,540,304.0,"06, MOSELLE (RUE DE LA)",,,Crépuscule ou aube,En agglomération,Hors intersection,Normale,Autre collision,,,,,,,,,,,2,2,1,1,6
200500003834,0005-01-26 17:45:00,5,1,26,17,45,540,395.0,VINGTIEME CORPS (AVENUE,,,Plein jour,En agglomération,Intersection en X,Normale,Autre collision,,,,,,,,,,,1,2,2,1,6
200500003835,0005-01-26 08:30:00,5,1,26,8,30,540,547.0,MIRECOURT (ROUTE DE),,,Plein jour,En agglomération,Hors intersection,Normale,Deux véhicules - arrière,,,,,,,,,,,1,2,1,1,2
200500003836,0005-01-26 12:35:00,5,1,26,12,35,540,498.0,RN 74,,,Plein jour,En agglomération,Hors intersection,Normale,Autre collision,,,,,,,,,,,1,2,1,1,6
200500003837,0005-01-26 16:30:00,5,1,26,16,30,540,395.0,"11, JAURES (BOULEVARD JE",,,Plein jour,En agglomération,Hors intersection,Normale,Autre collision,,,,,,,,,,,1,2,1,1,6
200500003838,0005-01-28 02:10:00,5,1,28,2,10,540,547.0,BARTHOU (BD LOUIS),,,Nuit avec éclairage allumé,En agglomération,Hors intersection,Neige / grêle,Autre collision,,,,,,,,,,,5,2,1,4,6
200500003839,0005-01-29 08:20:00,5,1,29,8,20,540,395.0,CLEMENCEAU (BD GEORGES),,,Plein jour,En agglomération,Intersection en X,Normale,Autre collision,,,,,,,,,,,1,2,2,1,6
200500003840,0005-01-30 09:50:00,5,1,30,9,50,540,357.0,"9, SEILLE (RUE DE LA)",,,Plein jour,En agglomération,Hors intersection,Temps couvert,Sans collision,,,,,,,,,,,1,2,1,8,7
200500003841,0005-01-02 21:25:00,5,1,2,21,25,540,431.0,RN 57 CHAMPEY,,,Nuit sans éclairage public,En agglomération,Hors intersection,Pluie légère,Autre collision,,,,,,,,,,,3,2,1,2,6
200500003842,0005-01-08 04:10:00,5,1,8,4,10,540,431.0,RD 910 LESMENILS,,,Nuit sans éclairage public,En agglomération,Hors intersection,Normale,Sans collision,,,,,,,,,,,3,2,1,1,7
200500003843,0005-01-10 10:20:00,5,1,10,10,20,540,431.0,RN 57 CHAMPEY,,,Plein jour,En agglomération,Intersection en X,Temps éblouissant,Autre collision,,,,,,,,,,,1,2,2,7,6
200500003844,0005-01-03 06:50:00,5,1,3,6,50,540,528.0,RD904,,,Crépuscule ou aube,En agglomération,Hors intersection,Autre,Sans collision,,,,,,,,,,,2,2,1,9,7
200500003845,0005-01-17 13:55:00,5,1,17,13,55,540,528.0,ALBERT 1ER,,,Plein jour,En agglomération,Hors intersection,Normale,Autre collision,,,,,,,,,,,1,2,1,1,6
200500003846,0005-01-18 12:20:00,5,1,18,12,20,540,528.0,SAINT MANSUY,,,Plein jour,En agglomération,Hors intersection,Pluie légère,Sans collision,,,,,,,,,,,1,2,1,2,7
200500003847,0005-01-23 20:00:00,5,1,23,20,0,540,528.0,ALBERT DENIS,,,Nuit avec éclairage allumé,En agglomération,Intersection en Y,Normale,Deux véhicules - côté,,,,,,,,,,,5,2,4,1,3
200500003848,0005-01-08 05:00:00,5,1,8,5,0,540,528.0,GEORGES CLEMENCEAU (AVEN,,,Nuit avec éclairage allumé,En agglomération,Hors intersection,Normale,Autre collision,,,,,,,,,,,5,2,1,1,6
200500003849,0005-01-21 13:30:00,5,1,21,13,30,540,528.0,LEUQUES (AVENUE),,,Plein jour,En agglomération,Hors intersection,Normale,Autre collision,,,,,,,,,,,1,2,1,1,6
200500003850,0005-01-20 18:15:00,5,1,20,18,15,540,580.0,"25, LIBERATION (AVENUE D",,,Nuit avec éclairage allumé,En agglomération,Hors intersection,Pluie forte,Autre collision,,,,,,,,,,,5,2,1,3,6
200500003851,0005-01-08 17:10:00,5,1,8,17,10,550,29.0,"15, HUGO ( QUAI VICTOR )",,,Nuit avec éclairage allumé,En agglomération,Hors intersection,Pluie légère,Trois véhicules et plus - en chaîne,,,,,,,,,,,5,2,1,2,4
200500003852,0005-01-11 17:20:00,5,1,11,17,20,550,186.0,LIBERATION ( AVENUE DE L,,,Crépuscule ou aube,En agglomération,Hors intersection,Normale,Deux véhicules - côté,,,,,,,,,,,2,2,1,1,3
200500003853,0005-01-16 13:35:00,5,1,16,13,35,550,476.0,ALLIEES ( RUE DES ),,,Plein jour,En agglomération,Hors intersection,Normale,Sans collision,,,,,,,,,,,1,2,1,1,7
200500003854,0005-01-18 07:30:00,5,1,18,7,30,550,29.0,"14, ARDENNES ( BOULEVARD",,,Nuit avec éclairage allumé,En agglomération,Hors intersection,Pluie forte,Autre collision,,,,,,,,,,,5,2,1,3,6
200500003855,0005-01-18 11:20:00,5,1,18,11,20,550,476.0,D180,,,Plein jour,En agglomération,Hors intersection,Pluie légère,Deux véhicules - côté,,,,,,,,,,,1,2,1,2,3
200500003856,0005-01-20 09:55:00,5,1,20,9,55,550,29.0,", SCHUMAN ( RUE ROBERT )",,,Plein jour,En agglomération,Giratoire,Pluie légère,Deux véhicules - côté,,,,,,,,,,,1,2,6,2,3
200500003857,0005-01-01 11:20:00,5,1,1,11,20,550,545.0,"31, JOFFRE (DU MARECHAL)",,,Plein jour,En agglomération,Intersection en T,Normale,Deux véhicules - arrière,,,,,,,,,,,1,2,3,1,2
200500003858,0005-01-04 16:00:00,5,1,4,16,0,550,545.0,MONJARDIN ( ALLEE ),,,Plein jour,En agglomération,Intersection en T,Normale,Sans collision,,,,,,,,,,,1,2,3,1,7
200500003859,0005-01-04 12:10:00,5,1,4,12,10,550,545.0,PIERRE DEMATHIEU,,,Plein jour,En agglomération,Hors intersection,Normale,Deux véhicules - frontale,,,,,,,,,,,1,2,1,1,1
200500003860,0005-01-11 12:15:00,5,1,11,12,15,550,545.0,METZ ( AVENUE DE ),,,Plein jour,En agglomération,Hors intersection,Normale,Sans collision,,,,,,,,,,,1,2,1,1,7
200500003861,0005-01-11 14:15:00,5,1,11,14,15,550,545.0,POINCARE (DU PRESIDENT),,,Plein jour,En agglomération,Intersection en X,Normale,Sans collision,,,,,,,,,,,1,2,2,1,7
200500003862,0005-01-17 08:00:00,5,1,17,8,0,550,545.0,ETAIN ( AVENUE D' ),,,Crépuscule ou aube,En agglomération,Intersection en X,Temps couvert,Deux véhicules - côté,,,,,,,,,,,2,2,2,8,3
200500003863,0005-01-28 16:20:00,5,1,28,16,20,550,545.0,ARGONNE ( ROUTE DE L' ),,,Plein jour,En agglomération,Hors intersection,Temps couvert,Deux véhicules - arrière,,,,,,,,,,,1,2,1,8,2
200500003864,0005-01-19 18:50:00,5,1,19,18,50,550,545.0,JULES FERRY ( AVENUE ),,,Nuit avec éclairage allumé,En agglomération,Hors intersection,Normale,Deux véhicules - arrière,,,,,,,,,,,5,2,1,1,2
200500003865,0005-01-01 23:10:00,5,1,1,23,10,560,121.0,VERDUN (RUE  DE ),,,Nuit avec éclairage allumé,En agglomération,Hors intersection,Normale,Autre collision,,,,,,,,,,,5,2,1,1,6
200500003866,0005-01-02 18:25:00,5,1,2,18,25,560,121.0,"000, ASSEMBLEE-NATIONALE",,,Plein jour,En agglomération,Hors intersection,Normale,Autre collision,,,,,,,,,,,1,2,1,1,6
200500003867,0005-01-04 15:18:00,5,1,4,15,18,560,83.0,RN 165,,,Plein jour,En agglomération,Hors intersection,Normale,Deux véhicules - arrière,,,,,,,,,,,1,2,1,1,2
200500003868,0005-01-05 16:20:00,5,1,5,16,20,560,98.0,"114, JAURES (RUE  JEAN )",,,Plein jour,En agglomération,Hors intersection,Normale,Deux véhicules - arrière,,,,,,,,,,,1,2,1,1,2
200500003869,0005-01-05 17:22:00,5,1,5,17,22,560,121.0,"000, CHENAILLER DIT COLO",,,Plein jour,En agglomération,Intersection en X,Pluie légère,Deux véhicules - côté,,,,,,,,,,,1,2,2,2,3
200500003870,0005-01-05 19:04:00,5,1,5,19,4,560,98.0,"0000, CROIZAT ( AVE AMBR",,,Nuit avec éclairage allumé,En agglomération,Hors intersection,Pluie légère,Autre collision,,,,,,,,,,,5,2,1,2,6
200500003871,0005-01-06 07:50:00,5,1,6,7,50,560,121.0,RN 465 (DESSERTE PORTUAI,,,Nuit avec éclairage allumé,En agglomération,Hors intersection,Pluie légère,Trois véhicules et plus - collisions multiples,,,,,,,,,,,5,2,1,2,5
200500003872,0005-01-06 16:23:00,5,1,6,16,23,560,121.0,"03, VERDUN (RUE  DE )",,,Plein jour,En agglomération,Hors intersection,Normale,Autre collision,,,,,,,,,,,1,2,1,1,6
200500003873,0005-01-06 22:50:00,5,1,6,22,50,560,121.0,"00, GUIEYSSE (RUE  PAUL",,,Nuit avec éclairage allumé,En agglomération,Intersection en X,Normale,Deux véhicules - côté,,,,,,,,,,,5,2,2,1,3
200500003874,0005-01-10 10:23:00,5,1,10,10,23,560,121.0,"06, GUERGADI (RUE  AUGUS",,,Plein jour,En agglomération,Hors intersection,Normale,Sans collision,,,,,,,,,,,1,2,1,1,7
200500003875,0005-01-11 03:20:00,5,1,11,3,20,560,83.0,"94, LOCHRIST ( ROUTE DE",,,Nuit avec éclairage allumé,En agglomération,Hors intersection,Normale,Autre collision,,,,,,,,,,,5,2,1,1,6
200500003876,0005-01-14 06:13:00,5,1,14,6,13,560,121.0,BLUM ( BD LEON ),,,Nuit avec éclairage allumé,En agglomération,Hors intersection,Normale,Autre collision,,,,,,,,,,,5,2,1,1,6
200500003877,0005-01-14 06:25:00,5,1,14,6,25,560,107.0,LE PORT (ROGER BOULEVARD,,,Nuit avec éclairage allumé,En agglomération,Hors intersection,Normale,Sans collision,,,,,,,,,,,5,2,1,1,7
200500003878,0005-01-15 11:49:00,5,1,15,11,49,560,162.0,"000, POMMIERS (RUE DES)",,,Plein jour,En agglomération,Intersection en X,Normale,Deux véhicules - côté,,,,,,,,,,,1,2,2,1,3
200500003879,0005-01-17 23:15:00,5,1,17,23,15,560,121.0,ROHAN ( Q DE ),,,Nuit avec éclairage allumé,En agglomération,Intersection en X,Normale,Sans collision,,,,,,,,,,,5,2,2,1,7
200500003880,0005-01-20 07:00:00,5,1,20,7,0,560,121.0,KERVARIC (ROND POINT DE,,,Plein jour,En agglomération,Giratoire,Pluie légère,Deux véhicules - côté,,,,,,,,,,,1,2,6,2,3
200500003881,0005-01-21 21:00:00,5,1,21,21,0,560,121.0,"00, BELGIQUE (RUE  DE )",,,Nuit avec éclairage allumé,En agglomération,Intersection en T,Pluie légère,Deux véhicules - côté,,,,,,,,,,,5,2,3,2,3
200500003882,0005-01-23 13:55:00,5,1,23,13,55,560,162.0,ARAGO ( FRANCOIS ),,,Plein jour,En agglomération,Hors intersection,Normale,Sans collision,,,,,,,,,,,1,2,1,1,7
200500003883,0005-01-23 01:00:00,5,1,23,1,0,560,98.0,LANN-SEVELIN (ROND POINT,,,Nuit avec éclairage allumé,En agglomération,Hors intersection,Pluie légère,Autre collision,,,,,,,,,,,5,2,1,2,6
200500003884,0005-01-24 18:30:00,5,1,24,18,30,560,121.0,CHENAILLER DIT COLONEL M,,,Plein jour,En agglomération,Intersection en T,Normale,Autre collision,,,,,,,,,,,1,2,3,1,6
200500003885,0005-01-25 20:30:00,5,1,25,20,30,560,83.0,BOUETIEZ ( ET IMP. DU ),,,Nuit avec éclairage allumé,En agglomération,Hors intersection,Pluie légère,Deux véhicules - frontale,,,,,,,,,,,5,2,1,2,1
200500003886,0005-01-26 15:02:00,5,1,26,15,2,560,121.0,"000, KERJULAUDE ( RUE DE",,,Plein jour,En agglomération,Hors intersection,Normale,Deux véhicules - arrière,,,,,,,,,,,1,2,1,1,2
200500003887,0005-01-26 15:23:00,5,1,26,15,23,560,98.0,BILLOUX ( AV. FRANCOIS ),,,Plein jour,En agglomération,Intersection en X,Normale,Deux véhicules - côté,,,,,,,,,,,1,2,2,1,3
200500003888,0005-01-26 19:10:00,5,1,26,19,10,560,83.0,RN 165,,,Nuit sans éclairage public,En agglomération,Hors intersection,Normale,Deux véhicules - arrière,,,,,,,,,,,3,2,1,1,2
200500003889,0005-01-29 09:55:00,5,1,29,9,55,560,162.0,SAINTE  ANNE (RUE),,,Plein jour,En agglomération,Hors intersection,Temps éblouissant,Autre collision,,,,,,,,,,,1,2,1,7,6
200500003890,0005-01-29 14:11:00,5,1,29,14,11,560,121.0,DUPUY DE LOME ( ET IMP.,,,Plein jour,En agglomération,Hors intersection,Normale,Sans collision,,,,,,,,,,,1,2,1,1,7
200500003891,0005-01-05 17:05:00,5,1,5,17,5,560,260.0,POMPIDOU(GIRATOIRE),,,Plein jour,En agglomération,Autre intersection,Normale,Sans collision,,,,,,,,,,,1,2,9,1,7
200500003892,0005-01-06 07:39:00,5,1,6,7,39,560,260.0,"10, WILSON(AVENUE)",,,Nuit avec éclairage allumé,En agglomération,Hors intersection,Normale,Autre collision,,,,,,,,,,,5,2,1,1,6
200500003893,0005-01-06 07:40:00,5,1,6,7,40,560,260.0,DE LATTRE DE TASSIGNY(AV,,,Nuit avec éclairage allumé,En agglomération,Intersection en T,Pluie légère,Deux véhicules - côté,,,,,,,,,,,5,2,3,2,3
200500003894,0005-01-06 19:40:00,5,1,6,19,40,560,260.0,"23, JUDE(RUE DU CAPITAIN",,,Nuit avec éclairage allumé,En agglomération,Hors intersection,Normale,Deux véhicules - côté,,,,,,,,,,,5,2,1,1,3
200500003895,0005-01-19 11:42:00,5,1,19,11,42,560,260.0,", JUDE(RUE DU CAPITAINE)",,,Plein jour,En agglomération,Hors intersection,Normale,Autre collision,,,,,,,,,,,1,2,1,1,6
200500003896,0005-01-22 09:32:00,5,1,22,9,32,560,260.0,"24, PORT(RUE DU)",,,Plein jour,En agglomération,Autre intersection,Normale,Deux véhicules - côté,,,,,,,,,,,1,2,9,1,3
200500003897,0005-01-24 08:00:00,5,1,24,8,0,560,260.0,"30, SAINT-SYMPHORIEN(AVE",,,Nuit avec éclairage allumé,En agglomération,Hors intersection,Normale,Autre collision,,,,,,,,,,,5,2,1,1,6
200500003898,0005-01-30 18:20:00,5,1,30,18,20,560,260.0,"133, AOUT 1944(RUE DU 4)",,,Plein jour,En agglomération,Hors intersection,Normale,Sans collision,,,,,,,,,,,1,2,1,1,7
200500003899,0005-01-03 19:15:00,5,1,3,19,15,560,260.0,"116, PAIX(BLD DE LA) 111",,,Nuit avec éclairage allumé,En agglomération,Hors intersection,Normale,Deux véhicules - côté,,,,,,,,,,,5,2,1,1,3
200500003900,0005-01-04 07:55:00,5,1,4,7,55,560,260.0,VERNE(RUE JULES),,,Nuit avec éclairage allumé,En agglomération,Intersection en T,Normale,Deux véhicules - côté,,,,,,,,,,,5,2,3,1,3
200500003901,0005-01-09 13:00:00,5,1,9,13,0,560,260.0,", PAIX(BLD DE LA) 111 A",,,Plein jour,En agglomération,Hors intersection,Pluie légère,Deux véhicules - arrière,,,,,,,,,,,1,2,1,2,2
200500003902,0005-01-15 17:15:00,5,1,15,17,15,560,260.0,"66, FROMENTIN(RUE DU LIE",,,Plein jour,En agglomération,Intersection en T,Normale,Deux véhicules - côté,,,,,,,,,,,1,2,3,1,3
200500003903,0005-01-22 08:20:00,5,1,22,8,20,560,260.0,GUILLAUDOT(BOULEVARD DU,,,Plein jour,En agglomération,Hors intersection,Temps couvert,Deux véhicules - côté,,,,,,,,,,,1,2,1,8,3
200500003904,0005-01-02 23:25:00,5,1,2,23,25,570,227.0,"20, NATIONALE (RUE)DU C.",,,Nuit avec éclairage allumé,En agglomération,Intersection en T,Pluie légère,Deux véhicules - côté,,,,,,,,,,,5,2,3,2,3
200500003905,0005-01-03 12:00:00,5,1,3,12,0,570,227.0,SCHOENECK(RUE DE ),,,Plein jour,En agglomération,Intersection en Y,Normale,Autre collision,,,,,,,,,,,1,2,4,1,6
200500003906,0005-01-15 11:20:00,5,1,15,11,20,570,227.0,ST REMY(AV.)R.DE LA CHAP,,,Plein jour,En agglomération,Intersection en X,Normale,Autre collision,,,,,,,,,,,1,2,2,1,6
200500003907,0005-01-27 16:05:00,5,1,27,16,5,570,332.0,MONBORN (RUE),,,Plein jour,En agglomération,Hors intersection,Normale,Autre collision,,,,,,,,,,,1,2,1,1,6
200500003908,0005-01-13 13:55:00,5,1,13,13,55,570,591.0,GRAND'RUE,,,Plein jour,En agglomération,Hors intersection,Normale,Deux véhicules - frontale,,,,,,,,,,,1,2,1,1,1
200500003909,0005-01-21 11:15:00,5,1,21,11,15,570,143.0,"13, CLEMENCEAU (RUE)",,,Plein jour,En agglomération,Hors intersection,Temps éblouissant,Autre collision,,,,,,,,,,,1,2,1,7,6
200500003910,0005-01-03 06:45:00,5,1,3,6,45,570,412.0,"15, COTE (RUE DE LA )",,,Nuit avec éclairage allumé,En agglomération,Intersection en X,Normale,Deux véhicules - côté,,,,,,,,,,,5,2,2,1,3
200500003911,0005-01-03 09:30:00,5,1,3,9,30,570,463.0,"9, DEUX FONTAINES (AVENU",,,Plein jour,En agglomération,Hors intersection,Temps couvert,Deux véhicules - côté,,,,,,,,,,,1,2,1,8,3
200500003912,0005-01-04 18:30:00,5,1,4,18,30,570,463.0,"68, SEBASTOPOL (AVENUE D",,,Nuit avec éclairage allumé,En agglomération,Autre intersection,Normale,Deux véhicules - côté,,,,,,,,,,,5,2,9,1,3