accident_id,datetime,annee,mois,jour,heure,minute,departement,commune_insee,adresse,latitude,longitude,luminosite,agglomeration,intersection,meteo,collision,nb_vehicules,nb_usagers,nb_indemnes,nb_tues,nb_blesses_hosp,nb_blesses_legers,age_cond_1,age_cond_2,veh_type_cond_1,veh_type_cond_2,lum_code,agg_code,int_code,atm_code,col_code
200500004043,0005-01-27 12:20:00,5,1,27,12,20,590,350.0,"40, BRULE MAISON",,,Plein jour,En agglomération,Hors intersection,Normale,Deux véhicules - arrière,,,,,,,,,,,1,2,1,1,2
200500004044,0005-01-09 17:50:00,5,1,9,17,50,590,350.0,BOSSUET RUE,,,Nuit avec éclairage allumé,En agglomération,Intersection en X,Normale,Autre collision,,,,,,,,,,,5,2,2,1,6
200500004045,0005-01-28 19:30:00,5,1,28,19,30,590,378.0,"00, FOCH AVENUE N°1-137",,,Nuit avec éclairage allumé,En agglomération,Intersection en X,Normale,Autre collision,,,,,,,,,,,5,2,2,1,6
200500004046,0005-01-28 16:45:00,5,1,28,16,45,590,350.0,CANONNIERS RUE DES 1A17-,,,Plein jour,En agglomération,Hors intersection,Normale,Autre collision,,,,,,,,,,,1,2,1,1,6
200500004047,0005-01-29 12:30:00,5,1,29,12,30,590,355.0,"001, CASSIN RENE RUE",,,Plein jour,En agglomération,Hors intersection,Normale,Autre collision,,,,,,,,,,,1,2,1,1,6
200500004048,0005-01-29 14:45:00,5,1,29,14,45,590,128.0,POINCARE RUE,,,Plein jour,En agglomération,Hors intersection,Normale,Trois véhicules et plus - en chaîne,,,,,,,,,,,1,2,1,1,4
200500004049,0005-01-30 13:50:00,5,1,30,13,50,590,355.0,VERDUN RUE DE,,,Plein jour,En agglomération,Intersection à plus de 4 branches,Pluie légère,Autre collision,,,,,,,,,,,1,2,5,2,6
200500004050,0005-01-09 15:07:00,5,1,9,15,7,590,392.0,JEAN JAURES (AVENUE),,,Plein jour,En agglomération,Intersection en T,Normale,Deux véhicules - côté,,,,,,,,,,,1,2,3,1,3
200500004051,0005-01-10 14:05:00,5,1,10,14,5,590,392.0,EUROPE (BOULEVARD DE L'),,,Plein jour,En agglomération,Hors intersection,Normale,Sans collision,,,,,,,,,,,1,2,1,1,7
200500004052,0005-01-21 07:50:00,5,1,21,7,50,590,392.0,LOUIS PASTEUR (BOULEVARD,,,Crépuscule ou aube,En agglomération,Intersection en X,Temps couvert,Deux véhicules - côté,,,,,,,,,,,2,2,2,8,3
200500004053,0005-01-21 17:09:00,5,1,21,17,9,590,392.0,BICENTENAIRE (RUE DU),,,Plein jour,En agglomération,Intersection en T,Normale,Deux véhicules - côté,,,,,,,,,,,1,2,3,1,3
200500004054,0005-01-23 10:55:00,5,1,23,10,55,590,291.0,AIME COLLET (RUE),,,Plein jour,En agglomération,Hors intersection,Normale,Deux véhicules - frontale,,,,,,,,,,,1,2,1,1,1
200500004055,0005-01-21 14:32:00,5,1,21,14,32,590,392.0,LIAISON MAUBEUGE HAUTMON,,,Plein jour,En agglomération,Giratoire,Normale,Deux véhicules - côté,,,,,,,,,,,1,2,6,1,3
200500004056,0005-01-24 16:00:00,5,1,24,16,0,590,365.0,CENTRE COMMERCIAL,,,Plein jour,En agglomération,Intersection en T,Normale,Deux véhicules - côté,,,,,,,,,,,1,2,3,1,3
200500004057,0005-01-26 07:10:00,5,1,26,7,10,590,365.0,AVESNES (ROUTE D'),,,Crépuscule ou aube,En agglomération,Intersection en X,Normale,Deux véhicules - côté,,,,,,,,,,,2,2,2,1,3
200500004058,0005-01-30 18:15:00,5,1,30,18,15,590,392.0,JEAN JAURES (AVENUE),,,Nuit avec éclairage allumé,En agglomération,Intersection en T,Normale,Deux véhicules - côté,,,,,,,,,,,5,2,3,1,3
200500004059,0005-01-28 08:30:00,5,1,28,8,30,590,392.0,FRANCE (AVENUE DE),,,Crépuscule ou aube,En agglomération,Intersection en X,Brouillard / fumée,Sans collision,,,,,,,,,,,2,2,2,5,7
200500004060,0005-01-24 08:45:00,5,1,24,8,45,590,392.0,PONT DE PIERRE (RUE DU),,,Crépuscule ou aube,En agglomération,Hors intersection,Neige / grêle,Sans collision,,,,,,,,,,,2,2,1,4,7
200500004061,0005-01-05 03:45:00,5,1,5,3,45,590,512.0,SCHUMAN (RUE ROBERT),,,Nuit avec éclairage allumé,En agglomération,Intersection en X,Pluie légère,Deux véhicules - côté,,,,,,,,,,,5,2,2,2,3
200500004062,0005-01-01 16:00:00,5,1,1,16,0,590,367.0,GUESDE (RUE JULES),,,Plein jour,En agglomération,Intersection en X,Normale,Deux véhicules - frontale,,,,,,,,,,,1,2,2,1,1
200500004063,0005-01-03 16:35:00,5,1,3,16,35,590,512.0,DECOTTIGNIES (RUE LOUIS),,,Plein jour,En agglomération,Autre intersection,Normale,Autre collision,,,,,,,,,,,1,2,9,1,6
200500004064,0005-01-05 15:30:00,5,1,5,15,30,590,163.0,JAURES (RUE JEAN),,,Plein jour,En agglomération,Hors intersection,Normale,Autre collision,,,,,,,,,,,1,2,1,1,6
200500004065,0005-01-06 16:50:00,5,1,6,16,50,590,512.0,DE GAULLE (BOULEVARD DU,,,Plein jour,En agglomération,Hors intersection,Temps couvert,Deux véhicules - arrière,,,,,,,,,,,1,2,1,8,2
200500004066,0005-01-05 11:00:00,5,1,5,11,0,590,512.0,DE ROUBAIX (RUE PIERRE),,,Plein jour,En agglomération,Intersection en X,Brouillard / fumée,Autre collision,,,,,,,,,,,1,2,2,5,6
200500004067,0005-01-07 18:45:00,5,1,7,18,45,590,512.0,SAINT JEAN  (RUE),,,Nuit avec éclairage allumé,En agglomération,Autre intersection,Normale,Autre collision,,,,,,,,,,,5,2,9,1,6
200500004068,0005-01-09 14:15:00,5,1,9,14,15,590,512.0,LACROIX (RUE BOULEVARD),,,Plein jour,En agglomération,Intersection en X,Normale,Deux véhicules - frontale,,,,,,,,,,,1,2,2,1,1
200500004069,0005-01-10 12:50:00,5,1,10,12,50,590,512.0,DE GAULLE (BOULEVARD DU,,,Plein jour,En agglomération,Intersection en T,Normale,Deux véhicules - côté,,,,,,,,,,,1,2,3,1,3
200500004070,0005-01-11 11:40:00,5,1,11,11,40,590,512.0,MOUVAUX (RUE DE),,,Plein jour,En agglomération,Hors intersection,Normale,Autre collision,,,,,,,,,,,1,2,1,1,6
200500004071,0005-01-11 13:30:00,5,1,11,13,30,590,512.0,ESPIERRE (RUE DE L'),,,Plein jour,En agglomération,Intersection en X,Normale,Autre collision,,,,,,,,,,,1,2,2,1,6
200500004072,0005-01-11 11:00:00,5,1,11,11,0,590,512.0,DAUBENTON (RUE),,,Plein jour,En agglomération,Hors intersection,Normale,Autre collision,,,,,,,,,,,1,2,1,1,6
200500004073,0005-01-12 18:20:00,5,1,12,18,20,590,367.0,LECLERC (RUE DU GENERAL),,,Crépuscule ou aube,En agglomération,Hors intersection,Normale,Deux véhicules - côté,,,,,,,,,,,2,2,1,1,3
200500004074,0005-01-11 08:00:00,5,1,11,8,0,590,650.0,LEERS (RUE DE),,,Crépuscule ou aube,En agglomération,Hors intersection,Normale,Deux véhicules - côté,,,,,,,,,,,2,2,1,1,3
200500004075,0005-01-06 18:10:00,5,1,6,18,10,590,512.0,JAURES (AVENUE JEAN),,,Nuit avec éclairage allumé,En agglomération,Autre intersection,Normale,Deux véhicules - frontale,,,,,,,,,,,5,2,9,1,1
200500004076,0005-01-12 20:00:00,5,1,12,20,0,590,512.0,GUESDE (RUE JULES),,,Nuit avec éclairage allumé,En agglomération,Intersection en T,Normale,Deux véhicules - côté,,,,,,,,,,,5,2,3,1,3
200500004077,0005-01-06 11:15:00,5,1,6,11,15,590,646.0,DELETTE (RUE EMILE),,,Plein jour,En agglomération,Hors intersection,Normale,Deux véhicules - côté,,,,,,,,,,,1,2,1,1,3
200500004078,0005-01-17 18:15:00,5,1,17,18,15,590,512.0,CONSTANTINE (RUE DE),,,Nuit avec éclairage allumé,En agglomération,Intersection en X,Pluie légère,Deux véhicules - côté,,,,,,,,,,,5,2,2,2,3
200500004079,0005-01-17 08:15:00,5,1,17,8,15,590,339.0,HUGO (RUE VICTOR),,,Crépuscule ou aube,En agglomération,Hors intersection,Pluie légère,Autre collision,,,,,,,,,,,2,2,1,2,6
200500004080,0005-01-22 13:56:00,5,1,22,13,56,590,650.0,"85, TOUL (RUE DE)",,,Plein jour,En agglomération,Hors intersection,Normale,Deux véhicules - frontale,,,,,,,,,,,1,2,1,1,1
200500004081,0005-01-24 12:55:00,5,1,24,12,55,590,163.0,CREUSOT (RUE DU),,,Plein jour,En agglomération,Hors intersection,Normale,Autre collision,,,,,,,,,,,1,2,1,1,6
200500004082,0005-01-29 00:20:00,5,1,29,0,20,590,512.0,SEBASTOPOL (RUE DE),,,Nuit avec éclairage allumé,En agglomération,Hors intersection,Pluie légère,Deux véhicules - côté,,,,,,,,,,,5,2,1,2,3
200500004083,0005-01-26 10:20:00,5,1,26,10,20,590,512.0,TOURCOING (RUE DE),,,Nuit avec éclairage non allumé,En agglomération,Autre intersection,Normale,Autre collision,,,,,,,,,,,4,2,9,1,6
200500004084,0005-01-26 08:05:00,5,1,26,8,5,590,512.0,ALGER (RUE D'),,,Plein jour,En agglomération,Hors intersection,Normale,Autre collision,,,,,,,,,,,1,2,1,1,6
200500004085,0005-01-31 08:00:00,5,1,31,8,0,590,163.0,JAURES (RUE JEAN),,,Plein jour,En agglomération,Hors intersection,Normale,Autre collision,,,,,,,,,,,1,2,1,1,6
200500004086,0005-01-28 11:05:00,5,1,28,11,5,590,650.0,VOLTAIRE (RUE),,,Plein jour,En agglomération,Intersection à plus de 4 branches,Pluie légère,Deux véhicules - côté,,,,,,,,,,,1,2,5,2,3
200500004087,0005-01-28 07:10:00,5,1,28,7,10,590,367.0,TOUFFLERS (RUE DE),,,Crépuscule ou aube,En agglomération,Intersection en X,Pluie légère,Deux véhicules - côté,,,,,,,,,,,2,2,2,2,3
200500004088,0005-01-22 08:55:00,5,1,22,8,55,590,163.0,GARE (RUE DE LA),,,Crépuscule ou aube,En agglomération,Autre intersection,Normale,Sans collision,,,,,,,,,,,2,2,9,1,7
200500004089,0005-01-07 13:15:00,5,1,7,13,15,590,512.0,BUFFON (RUE),,,Plein jour,En agglomération,Intersection en T,Normale,Autre collision,,,,,,,,,,,1,2,3,1,6
200500004090,0005-01-31 11:55:00,5,1,31,11,55,590,512.0,"222, STRASBOURG (BOULEVA",,,Plein jour,En agglomération,Hors intersection,Normale,Sans collision,,,,,,,,,,,1,2,1,1,7
200500004091,0005-01-24 15:45:00,5,1,24,15,45,590,650.0,MONT A LEUX,,,Plein jour,En agglomération,Hors intersection,Normale,Deux véhicules - arrière,,,,,,,,,,,1,2,1,1,2
200500004092,0005-01-04 07:45:00,5,1,4,7,45,590,512.0,TOURCOING (RUE DE),,,Nuit avec éclairage allumé,En agglomération,Hors intersection,Normale,Autre collision,,,,,,,,,,,5,2,1,1,6
200500004093,0005-01-26 15:30:00,5,1,26,15,30,590,512.0,NATIONS UNIES (AVENUE DE,,,Plein jour,En agglomération,Intersection à plus de 4 branches,Normale,Deux véhicules - côté,,,,,,,,,,,1,2,5,1,3
200500004094,0005-01-10 11:05:00,5,1,10,11,5,590,512.0,LILLE ( RUE DE),,,Plein jour,En agglomération,Hors intersection,Normale,Autre collision,,,,,,,,,,,1,2,1,1,6
200500004095,0005-01-30 04:35:00,5,1,30,4,35,590,526.0,ROCADE NORD(A PARTIR RUE,,,Nuit sans éclairage public,En agglomération,Hors intersection,Normale,Deux véhicules - frontale,,,,,,,,,,,3,2,1,1,1
200500004096,0005-01-10 15:30:00,5,1,10,15,30,590,574.0,ROGER SALENGRO(RUE),,,Plein jour,En agglomération,Hors intersection,Normale,Autre collision,,,,,,,,,,,1,2,1,1,6
200500004097,0005-01-07 14:30:00,5,1,7,14,30,590,599.0,GRAMME (CHAUSSEE),,,Plein jour,En agglomération,Intersection en X,Normale,Deux véhicules - côté,,,,,,,,,,,1,2,2,1,3
200500004098,0005-01-12 20:30:00,5,1,12,20,30,590,279.0,"65, FLEURS (RUE DES)",,,Nuit avec éclairage allumé,En agglomération,Hors intersection,Autre,Deux véhicules - frontale,,,,,,,,,,,5,2,1,9,1
200500004099,0005-01-17 13:40:00,5,1,17,13,40,590,508.0,"14, BILLEMONT (RUE)",,,Plein jour,En agglomération,Hors intersection,Normale,Deux véhicules - côté,,,,,,,,,,,1,2,1,1,3
200500004100,0005-01-12 11:00:00,5,1,12,11,0,590,599.0,RESISTANCE (PLACE DE LA),,,Plein jour,En agglomération,Hors intersection,Normale,Sans collision,,,,,,,,,,,1,2,1,1,7
200500004101,0005-01-17 17:30:00,5,1,17,17,30,590,599.0,BIENFAISANCE (RUE DE LA),,,Crépuscule ou aube,En agglomération,Intersection en X,Pluie légère,Autre collision,,,,,,,,,,,2,2,2,2,6
200500004102,0005-01-19 15:50:00,5,1,19,15,50,590,599.0,", COTY (RUE DU PRESIDENT",,,Plein jour,En agglomération,Intersection en T,Normale,Deux véhicules - côté,,,,,,,,,,,1,2,3,1,3
200500004103,0005-01-20 13:30:00,5,1,20,13,30,590,599.0,"187, BRUN PAIN (RUE DU)",,,Plein jour,En agglomération,Hors intersection,Normale,Autre collision,,,,,,,,,,,1,2,1,1,6
200500004104,0005-01-22 19:45:00,5,1,22,19,45,590,599.0,YSER (RUE DE L'),,,Nuit avec éclairage allumé,En agglomération,Intersection en T,Normale,Autre collision,,,,,,,,,,,5,2,3,1,6
200500004105,0005-01-23 12:25:00,5,1,23,12,25,590,90.0,",",,,Plein jour,En agglomération,Intersection en X,Normale,Deux véhicules - côté,,,,,,,,,,,1,2,2,1,3
200500004106,0005-01-24 07:26:00,5,1,24,7,26,590,352.0,MARNE (RUE DE LA),,,Nuit avec éclairage allumé,En agglomération,Hors intersection,Neige / grêle,Autre collision,,,,,,,,,,,5,2,1,4,6
200500004107,0005-01-25 12:20:00,5,1,25,12,20,590,352.0,WATTINES (RUE DE),,,Plein jour,En agglomération,Intersection en T,Normale,Deux véhicules - côté,,,,,,,,,,,1,2,3,1,3
200500004108,0005-01-21 09:40:00,5,1,21,9,40,590,599.0,"92, CHOCQUEEL (RUE WINOC",,,Plein jour,En agglomération,Hors intersection,Temps couvert,Deux véhicules - frontale,,,,,,,,,,,1,2,1,8,1
200500004109,0005-01-02 00:05:00,5,1,2,0,5,590,79.0,JAURES (RUE JEAN),,,Nuit sans éclairage public,En agglomération,Intersection en T,Normale,Autre collision,,,,,,,,,,,3,2,3,1,6
200500004110,0005-01-01 00:10:00,5,1,1,0,10,590,383.0,"15, GARE (RUE DE LA)",,,Nuit avec éclairage allumé,En agglomération,Hors intersection,Temps couvert,Autre collision,,,,,,,,,,,5,2,1,8,6
200500004111,0005-01-07 20:00:00,5,1,7,20,0,590,606.0,"57, REMPART (RUE DU)",,,Nuit avec éclairage allumé,En agglomération,Hors intersection,Normale,Autre collision,,,,,,,,,,,5,2,1,1,6
200500004112,0005-01-17 07:35:00,5,1,17,7,35,590,383.0,RD 75,,,Nuit avec éclairage allumé,En agglomération,Giratoire,Temps couvert,Autre collision,,,,,,,,,,,5,2,6,8,6
200500004113,0005-01-13 08:25:00,5,1,13,8,25,590,606.0,"190, REIMS (AVENUE DE)",,,Plein jour,En agglomération,Hors intersection,Normale,Autre collision,,,,,,,,,,,1,2,1,1,6
200500004114,0005-01-14 18:05:00,5,1,14,18,5,590,112.0,JAURES (RUE JEAN),,,Nuit avec éclairage allumé,En agglomération,Hors intersection,Normale,Sans collision,,,,,,,,,,,5,2,1,1,7
200500004115,0005-01-18 07:45:00,5,1,18,7,45,590,14.0,MOYAUX (RUE CONSTANT),,,Crépuscule ou aube,En agglomération,Intersection en X,Pluie légère,Deux véhicules - arrière,,,,,,,,,,,2,2,2,2,2
200500004116,0005-01-19 14:25:00,5,1,19,14,25,590,207.0,"126, JAURES (RUE JEAN)",,,Plein jour,En agglomération,Hors intersection,Normale,Autre collision,,,,,,,,,,,1,2,1,1,6
200500004117,0005-01-19 15:10:00,5,1,19,15,10,590,207.0,JAURES (RUE JEAN),,,Plein jour,En agglomération,Intersection en T,Normale,Deux véhicules - arrière,,,,,,,,,,,1,2,3,1,2
200500004118,0005-01-23 05:45:00,5,1,23,5,45,590,606.0,HARPIGNIES (BOULEVARD HE,,,Nuit avec éclairage allumé,En agglomération,Giratoire,Normale,Autre collision,,,,,,,,,,,5,2,6,1,6
200500004119,0005-01-05 07:00:00,5,1,5,7,0,590,491.0,DURRE (RUE HENRI),,,Nuit avec éclairage allumé,En agglomération,Intersection en T,Normale,Deux véhicules - côté,,,,,,,,,,,5,2,3,1,3
200500004120,0005-01-23 19:00:00,5,1,23,19,0,590,383.0,RD 75,,,Nuit avec éclairage allumé,En agglomération,Intersection en X,Normale,Deux véhicules - côté,,,,,,,,,,,5,2,2,1,3
200500004121,0005-01-26 20:45:00,5,1,26,20,45,590,603.0,RD 75,,,Nuit avec éclairage allumé,En agglomération,Intersection en T,Normale,Deux véhicules - arrière,,,,,,,,,,,5,2,3,1,2
200500004122,0005-01-28 18:15:00,5,1,28,18,15,590,459.0,"67, JAURES (RUE JEAN)",,,Nuit avec éclairage allumé,En agglomération,Hors intersection,Normale,Deux véhicules - côté,,,,,,,,,,,5,2,1,1,3
200500004123,0005-01-25 19:20:00,5,1,25,19,20,590,603.0,"25, BARBUSSE (RUE HENRI)",,,Nuit avec éclairage allumé,En agglomération,Intersection en T,Normale,Deux véhicules - côté,,,,,,,,,,,5,2,3,1,3
200500004124,0005-01-02 15:40:00,5,1,2,15,40,590,606.0,HETRES (AVENUE DES),,,Plein jour,En agglomération,Intersection en T,Normale,Deux véhicules - côté,,,,,,,,,,,1,2,3,1,3
200500004125,0005-01-05 18:15:00,5,1,5,18,15,590,459.0,CORREZZOLA (AVENUE DE),,,Nuit avec éclairage allumé,En agglomération,Intersection en T,Normale,Autre collision,,,,,,,,,,,5,2,3,1,6
200500004126,0005-01-19 14:30:00,5,1,19,14,30,600,57.0,KENNEDY J-F. (AV) > AV P,,,Plein jour,En agglomération,Hors intersection,Autre,Autre collision,,,,,,,,,,,1,2,1,9,6
200500004127,0005-01-15 15:15:00,5,1,15,15,15,600,159.0,Route Nationale 31,,,Plein jour,En agglomération,Hors intersection,Normale,Deux véhicules - frontale,,,,,,,,,,,1,2,1,1,1
200500004128,0005-01-20 17:05:00,5,1,20,17,5,600,159.0,"1, BATAILLON DE FRANCE (",,,Crépuscule ou aube,En agglomération,Intersection en T,Normale,Deux véhicules - côté,,,,,,,,,,,2,2,3,1,3
200500004129,0005-01-07 16:50:00,5,1,7,16,50,600,175.0,RN 16_PONT ZONE DE VAUX_,,,Crépuscule ou aube,En agglomération,Autre intersection,Normale,Autre collision,,,,,,,,,,,2,2,9,1,6
200500004130,0005-01-09 04:55:00,5,1,9,4,55,600,175.0,"0, CHANTILLY (ROUTE DE)",,,Nuit avec éclairage allumé,En agglomération,Hors intersection,Normale,Autre collision,,,,,,,,,,,5,2,1,1,6
200500004131,0005-01-11 16:40:00,5,1,11,16,40,600,175.0,RN 16_CENTRE DES IMPOTS_,,,Plein jour,En agglomération,Hors intersection,Pluie légère,Autre collision,,,,,,,,,,,1,2,1,2,6
200500004132,0005-01-19 18:15:00,5,1,19,18,15,600,175.0,RN 16_PONT RN 330_PONT Z,,,Nuit sans éclairage public,En agglomération,Hors intersection,Pluie légère,Trois véhicules et plus - collisions multiples,,,,,,,,,,,3,2,1,2,5
200500004133,0005-01-22 15:45:00,5,1,22,15,45,600,175.0,RN 330_LIMITE SENLIS_PUV,,,Plein jour,En agglomération,Hors intersection,Normale,Autre collision,,,,,,,,,,,1,2,1,1,6
200500004134,0005-01-14 13:25:00,5,1,14,13,25,600,175.0,"40, GOURNAY (RUE DE)",,,Plein jour,En agglomération,Intersection en T,Normale,Autre collision,,,,,,,,,,,1,2,3,1,6
200500004135,0005-01-29 00:35:00,5,1,29,0,35,600,175.0,RN 16_PONT RN 330_PONT Z,,,Nuit avec éclairage allumé,En agglomération,Hors intersection,Pluie légère,Autre collision,,,,,,,,,,,5,2,1,2,6
200500004136,0005-01-13 10:45:00,5,1,13,10,45,610,1.0,", GENERAL DE GAULLE (PLA",,,Plein jour,En agglomération,Place,Normale,Deux véhicules - côté,,,,,,,,,,,1,2,7,1,3
200500004137,0005-01-07 12:05:00,5,1,7,12,5,610,6.0,FALAISE (ROUTE DE),,,Plein jour,En agglomération,Hors intersection,Temps couvert,Autre collision,,,,,,,,,,,1,2,1,8,6
200500004138,0005-01-29 14:50:00,5,1,29,14,50,610,6.0,"101, REPUBLIQUE (RUE DE",,,Plein jour,En agglomération,Hors intersection,Normale,Autre collision,,,,,,,,,,,1,2,1,1,6
200500004139,0005-01-12 17:00:00,5,1,12,17,0,610,169.0,", PONT FERON (RUE DU)",,,Plein jour,En agglomération,Hors intersection,Normale,Autre collision,,,,,,,,,,,1,2,1,1,6
200500004140,0005-01-12 18:50:00,5,1,12,18,50,610,169.0,"1, DOMFRONT (RUE DE)",,,Nuit avec éclairage allumé,En agglomération,Hors intersection,Normale,Sans collision,,,,,,,,,,,5,2,1,1,7
200500004141,0005-01-13 08:50:00,5,1,13,8,50,610,169.0,DURANDIERE (LA),,,Plein jour,En agglomération,Hors intersection,Autre,Sans collision,,,,,,,,,,,1,2,1,9,7
200500004142,0005-01-13 13:15:00,5,1,13,13,15,610,169.0,"171, DOMFRONT (RUE DE)",,,Plein jour,En agglomération,Intersection en X,Normale,Deux véhicules - côté,,,,,,,,,,,1,2,2,1,3
200500004143,0005-01-13 14:15:00,5,1,13,14,15,610,169.0,GER (ROUTE DE),,,Plein jour,En agglomération,Hors intersection,Normale,Deux véhicules - côté,,,,,,,,,,,1,2,1,1,3
200500004144,0005-01-29 18:45:00,5,1,29,18,45,610,169.0,"38, MONT SAINT MICHEL (R",,,Nuit avec éclairage allumé,En agglomération,Hors intersection,Normale,Deux véhicules - côté,,,,,,,,,,,5,2,1,1,3
200500004145,0005-01-26 15:50:00,5,1,26,15,50,610,169.0,"5, RICHARD LENOIR (RUE)",,,Plein jour,En agglomération,Hors intersection,Normale,Sans collision,,,,,,,,,,,1,2,1,1,7
200500004146,0005-01-09 21:15:00,5,1,9,21,15,620,41.0,RD 266 ROUTE DE SAINT PO,,,Nuit avec éclairage allumé,En agglomération,Hors intersection,Normale,Autre collision,,,,,,,,,,,5,2,1,1,6
200500004147,0005-01-10 17:45:00,5,1,10,17,45,620,41.0,BARBUSSE (HENRI ),,,Nuit avec éclairage allumé,En agglomération,Intersection en X,Pluie forte,Autre collision,,,,,,,,,,,5,2,2,3,6
200500004148,0005-01-18 18:00:00,5,1,18,18,0,620,41.0,"23, DEPOT (DU)",,,Nuit avec éclairage allumé,En agglomération,Hors intersection,Normale,Autre collision,,,,,,,,,,,5,2,1,1,6
200500004149,0005-01-16 00:35:00,5,1,16,0,35,620,263.0,RN 25,,,Nuit avec éclairage allumé,En agglomération,Hors intersection,Normale,Sans collision,,,,,,,,,,,5,2,1,1,7
200500004150,0005-01-26 07:30:00,5,1,26,7,30,620,41.0,CAMBRAI (DE),,,Nuit avec éclairage allumé,En agglomération,Hors intersection,Normale,Autre collision,,,,,,,,,,,5,2,1,1,6
200500004151,0005-01-30 23:10:00,5,1,30,23,10,620,99.0,D 60,,,Nuit sans éclairage public,En agglomération,Hors intersection,Pluie légère,Sans collision,,,,,,,,,,,3,2,1,2,7
200500004152,0005-01-31 13:20:00,5,1,31,13,20,620,217.0,GUILLOTINE (CARREFOUR),,,Plein jour,En agglomération,Intersection en X,Normale,Trois véhicules et plus - collisions multiples,,,,,,,,,,,1,2,2,1,5
200500004153,0005-01-09 05:55:00,5,1,9,5,55,620,570.0,"69, FRANCE (AVENUE DE )",,,Crépuscule ou aube,En agglomération,Hors intersection,Normale,Autre collision,,,,,,,,,,,2,2,1,1,6
200500004154,0005-01-09 10:40:00,5,1,9,10,40,620,724.0,"127, DE GAULLE (DU GENER",,,Plein jour,En agglomération,Intersection en T,Normale,Deux véhicules - côté,,,,,,,,,,,1,2,3,1,3
200500004155,0005-01-09 19:45:00,5,1,9,19,45,620,65.0,RN 17,,,Nuit sans éclairage public,En agglomération,Hors intersection,Pluie légère,Autre collision,,,,,,,,,,,3,2,1,2,6
200500004156,0005-01-20 14:00:00,5,1,20,14,0,620,277.0,CD 40 E,,,Plein jour,En agglomération,Hors intersection,Vent fort / tempête,Sans collision,,,,,,,,,,,1,2,1,6,7
200500004157,0005-01-26 13:20:00,5,1,26,13,20,620,65.0,"1, ZOLA EMILE",,,Plein jour,En agglomération,Hors intersection,Normale,Autre collision,,,,,,,,,,,1,2,1,1,6
200500004158,0005-01-05 18:25:00,5,1,5,18,25,620,119.0,COPERNIC ( RUE ),,,Nuit avec éclairage allumé,En agglomération,Intersection en T,Pluie légère,Deux véhicules - frontale,,,,,,,,,,,5,2,3,2,1
200500004159,0005-01-14 18:25:00,5,1,14,18,25,620,119.0,"11, PRE DES SOEURS ( RUE",,,Nuit sans éclairage public,En agglomération,Intersection en T,Normale,Autre collision,,,,,,,,,,,3,2,3,1,6
200500004160,0005-01-23 13:45:00,5,1,23,13,45,620,160.0,"8, Percier Fontaine (Ave",,,Plein jour,En agglomération,Intersection en T,Normale,Deux véhicules - côté,,,,,,,,,,,1,2,3,1,3
200500004161,0005-01-05 08:35:00,5,1,5,8,35,620,178.0,"363, LEROY ( ALFRED )",,,Plein jour,En agglomération,Autre intersection,Normale,Deux véhicules - côté,,,,,,,,,,,1,2,9,1,3
200500004162,0005-01-23 09:45:00,5,1,23,9,45,620,178.0,"166, ETATS-UNIS",,,Plein jour,En agglomération,Hors intersection,Normale,Autre collision,,,,,,,,,,,1,2,1,1,6
200500004163,0005-01-11 21:45:00,5,1,11,21,45,620,193.0,VALENCIENNES,,,Nuit avec éclairage allumé,En agglomération,Hors intersection,Normale,Autre collision,,,,,,,,,,,5,2,1,1,6
200500004164,0005-01-14 07:55:00,5,1,14,7,55,620,193.0,GREUZE,,,Plein jour,En agglomération,Autre intersection,Normale,Deux véhicules - frontale,,,,,,,,,,,1,2,9,1,1
200500004165,0005-01-14 15:40:00,5,1,14,15,40,620,193.0,"66, FONTINETTES (RUE DES",,,Plein jour,En agglomération,Hors intersection,Normale,Autre collision,,,,,,,,,,,1,2,1,1,6
200500004166,0005-01-15 15:10:00,5,1,15,15,10,620,193.0,ROGER SALENGRO (AVENUE),,,Plein jour,En agglomération,Autre intersection,Normale,Autre collision,,,,,,,,,,,1,2,9,1,6
200500004167,0005-01-15 16:40:00,5,1,15,16,40,620,193.0,DE GAULLE (BOULEVARD GEN,,,Plein jour,En agglomération,Hors intersection,Normale,Autre collision,,,,,,,,,,,1,2,1,1,6
200500004168,0005-01-18 15:05:00,5,1,18,15,5,620,193.0,LOIRE (QUAI DE LA),,,Plein jour,En agglomération,Hors intersection,Normale,Trois véhicules et plus - collisions multiples,,,,,,,,,,,1,2,1,1,5
200500004169,0005-01-24 10:25:00,5,1,24,10,25,620,193.0,"16, GRAVELINES (ROUTE DE",,,Plein jour,En agglomération,Hors intersection,Normale,Autre collision,,,,,,,,,,,1,2,1,1,6
200500004170,0005-01-24 12:35:00,5,1,24,12,35,620,193.0,VICTOR HUGO (BOULEVARD),,,Plein jour,En agglomération,Hors intersection,Normale,Autre collision,,,,,,,,,,,1,2,1,1,6
200500004171,0005-01-26 17:35:00,5,1,26,17,35,620,193.0,TOUL (RUE DE),,,Nuit avec éclairage allumé,En agglomération,Hors intersection,Normale,Deux véhicules - arrière,,,,,,,,,,,5,2,1,1,2
200500004172,0005-01-06 20:58:00,5,1,6,20,58,620,637.0,"10, PASTEUR (R)",,,Nuit avec éclairage allumé,En agglomération,Hors intersection,Normale,Deux véhicules - côté,,,,,,,,,,,5,2,1,1,3