accident_id,datetime,annee,mois,jour,heure,minute,departement,commune_insee,adresse,latitude,longitude,luminosite,agglomeration,intersection,meteo,collision,nb_vehicules,nb_usagers,nb_indemnes,nb_tues,nb_blesses_hosp,nb_blesses_legers,age_cond_1,age_cond_2,veh_type_cond_1,veh_type_cond_2,lum_code,agg_code,int_code,atm_code,col_code
200500004173,0005-01-16 19:15:00,5,1,16,19,15,620,215.0,"sans, RN 17",,,Nuit sans éclairage public,En agglomération,Hors intersection,Normale,Autre collision,,,,,,,,,,,3,2,1,1,6
200500004174,0005-01-06 11:20:00,5,1,6,11,20,620,666.0,"41, LUCCARINI (R CESAR)",,,Plein jour,En agglomération,Hors intersection,Normale,Autre collision,,,,,,,,,,,1,2,1,1,6
200500004175,0005-01-07 15:45:00,5,1,7,15,45,620,250.0,"53, LAMENDIN (R ARTHUR)",,,Plein jour,En agglomération,Hors intersection,Normale,Deux véhicules - côté,,,,,,,,,,,1,2,1,1,3
200500004176,0005-01-12 16:30:00,5,1,12,16,30,620,413.0,"170, LENS (RTE DE)",,,Plein jour,En agglomération,Hors intersection,Normale,Deux véhicules - côté,,,,,,,,,,,1,2,1,1,3
200500004177,0005-01-21 12:20:00,5,1,21,12,20,620,413.0,"SANS, STALINGRAD (R DE)",,,Plein jour,En agglomération,Hors intersection,Normale,Deux véhicules - côté,,,,,,,,,,,1,2,1,1,3
200500004178,0005-01-21 17:17:00,5,1,21,17,17,620,637.0,"31, ROSES (R DES)",,,Plein jour,En agglomération,Hors intersection,Normale,Deux véhicules - frontale,,,,,,,,,,,1,2,1,1,1
200500004179,0005-01-21 16:20:00,5,1,21,16,20,620,33.0,"sans, MOREL (R LOUIS )",,,Plein jour,En agglomération,Intersection en X,Normale,Deux véhicules - côté,,,,,,,,,,,1,2,2,1,3
200500004180,0005-01-25 12:00:00,5,1,25,12,0,620,637.0,"sans, ZOLA (R EMILE)",,,Plein jour,En agglomération,Hors intersection,Normale,Autre collision,,,,,,,,,,,1,2,1,1,6
200500004181,0005-01-02 12:40:00,5,1,2,12,40,620,457.0,CD301,,,Plein jour,En agglomération,Hors intersection,Normale,Deux véhicules - frontale,,,,,,,,,,,1,2,1,1,1
200500004182,0005-01-20 05:25:00,5,1,20,5,25,620,270.0,RN41,,,Nuit sans éclairage public,En agglomération,Hors intersection,Pluie légère,Deux véhicules - frontale,,,,,,,,,,,3,2,1,2,1
200500004183,0005-01-01 12:15:00,5,1,1,12,15,620,249.0,"07, POILUS (R DES)",,,Plein jour,En agglomération,Hors intersection,Normale,Autre collision,,,,,,,,,,,1,2,1,1,6
200500004184,0005-01-24 19:25:00,5,1,24,19,25,620,321.0,"000, JAURES (R JEAN )",,,Nuit sans éclairage public,En agglomération,Intersection en X,Normale,Deux véhicules - côté,,,,,,,,,,,3,2,2,1,3
200500004185,0005-01-28 20:59:00,5,1,28,20,59,620,427.0,DEPORTES (AV. DES ),,,Nuit avec éclairage allumé,En agglomération,Intersection en X,Normale,Deux véhicules - côté,,,,,,,,,,,5,2,2,1,3
200500004186,0005-01-07 11:00:00,5,1,7,11,0,620,427.0,GRUYELLE (R ELIE),,,Plein jour,En agglomération,Hors intersection,Normale,Autre collision,,,,,,,,,,,1,2,1,1,6
200500004187,0005-01-16 16:38:00,5,1,16,16,38,620,427.0,DARCHICOURT (BD FERNAND),,,Plein jour,En agglomération,Hors intersection,Normale,Deux véhicules - frontale,,,,,,,,,,,1,2,1,1,1
200500004188,0005-01-25 08:10:00,5,1,25,8,10,620,587.0,FOUQUIERES (R DE),,,Crépuscule ou aube,En agglomération,Hors intersection,Pluie légère,Autre collision,,,,,,,,,,,2,2,1,2,6
200500004189,0005-01-10 17:25:00,5,1,10,17,25,620,386.0,RD 165 E1,,,Crépuscule ou aube,En agglomération,Hors intersection,Pluie légère,Deux véhicules - côté,,,,,,,,,,,2,2,1,2,3
200500004190,0005-01-05 18:15:00,5,1,5,18,15,620,186.0,"., DEBEAUMONT ( RUE EDMO",,,Crépuscule ou aube,En agglomération,Hors intersection,Pluie légère,Deux véhicules - frontale,,,,,,,,,,,2,2,1,2,1
200500004191,0005-01-19 12:27:00,5,1,19,12,27,620,498.0,"XXXXXXXX, BASSEE (RTE DE",,,Plein jour,En agglomération,Hors intersection,Normale,Autre collision,,,,,,,,,,,1,2,1,1,6
200500004192,0005-01-26 10:28:00,5,1,26,10,28,620,771.0,"85, VAILLANT (R EDOUARD)",,,Plein jour,En agglomération,Hors intersection,Normale,Autre collision,,,,,,,,,,,1,2,1,1,6
200500004193,0005-01-19 00:13:00,5,1,19,0,13,620,498.0,REUMEAUX (AV. ELIE),,,Nuit avec éclairage allumé,En agglomération,Intersection en X,Normale,Autre collision,,,,,,,,,,,5,2,2,1,6
200500004194,0005-01-21 18:10:00,5,1,21,18,10,620,516.0,NATIONALE,,,Nuit sans éclairage public,En agglomération,Hors intersection,Normale,Deux véhicules - frontale,,,,,,,,,,,3,2,1,1,1
200500004195,0005-01-01 20:15:00,5,1,1,20,15,620,555.0,PASTEUR ( RUE LOUIS ),,,Nuit avec éclairage allumé,En agglomération,Hors intersection,Pluie légère,Autre collision,,,,,,,,,,,5,2,1,2,6
200500004196,0005-01-15 22:45:00,5,1,15,22,45,620,555.0,BRUAY (RUE DE),,,Nuit avec éclairage allumé,En agglomération,Intersection en X,Normale,Trois véhicules et plus - collisions multiples,,,,,,,,,,,5,2,2,1,5
200500004197,0005-01-16 19:15:00,5,1,16,19,15,620,555.0,"74, LILLERS (RUE DE)",,,Nuit avec éclairage allumé,En agglomération,Hors intersection,Normale,Autre collision,,,,,,,,,,,5,2,1,1,6
200500004198,0005-01-24 17:05:00,5,1,24,17,5,620,555.0,EAURIRIE (RUE DE L' ),,,Plein jour,En agglomération,Hors intersection,Normale,Deux véhicules - arrière,,,,,,,,,,,1,2,1,1,2
200500004199,0005-01-14 07:30:00,5,1,14,7,30,620,525.0,"62, BRUYERES (RTE DES...",,,Crépuscule ou aube,En agglomération,Intersection en T,Normale,Deux véhicules - côté,,,,,,,,,,,2,2,3,1,3
200500004200,0005-01-31 09:05:00,5,1,31,9,5,620,40.0,"55, JAURES (RUE JEAN....",,,Plein jour,En agglomération,Intersection en T,Normale,Deux véhicules - côté,,,,,,,,,,,1,2,3,1,3
200500004201,0005-01-01 13:33:00,5,1,1,13,33,630,113.0,"5, SAINT JEAN (BD)",,,Plein jour,En agglomération,Hors intersection,Normale,Sans collision,,,,,,,,,,,1,2,1,1,7
200500004202,0005-01-01 16:45:00,5,1,1,16,45,630,113.0,"26, BLERIOT (AVENUE LOUI",,,Plein jour,En agglomération,Giratoire,Normale,Deux véhicules - côté,,,,,,,,,,,1,2,6,1,3
200500004203,0005-01-02 21:30:00,5,1,2,21,30,630,113.0,LIBERATION (AVENUE DE LA,,,Nuit avec éclairage allumé,En agglomération,Hors intersection,Normale,Deux véhicules - frontale,,,,,,,,,,,5,2,1,1,1
200500004204,0005-01-03 07:20:00,5,1,3,7,20,630,113.0,BEAULIEU (CHEMIN DE),,,Nuit sans éclairage public,En agglomération,Intersection en X,Temps couvert,Deux véhicules - côté,,,,,,,,,,,3,2,2,8,3
200500004205,0005-01-04 09:05:00,5,1,4,9,5,630,113.0,"34, POCHET LAGAYE (BD PA",,,Plein jour,En agglomération,Hors intersection,Normale,Deux véhicules - côté,,,,,,,,,,,1,2,1,1,3
200500004206,0005-01-04 15:50:00,5,1,4,15,50,630,14.0,NOELLET (AVENUE JEAN),,,Plein jour,En agglomération,Intersection en T,Normale,Deux véhicules - frontale,,,,,,,,,,,1,2,3,1,1
200500004207,0005-01-05 08:36:00,5,1,5,8,36,630,75.0,"45, ROYAT (AVENUE DE)",,,Plein jour,En agglomération,Hors intersection,Normale,Autre collision,,,,,,,,,,,1,2,1,1,6
200500004208,0005-01-05 15:00:00,5,1,5,15,0,630,14.0,"1, MOULINS (RUE DES)",,,Plein jour,En agglomération,Hors intersection,Normale,Autre collision,,,,,,,,,,,1,2,1,1,6
200500004209,0005-01-05 20:16:00,5,1,5,20,16,630,113.0,"1, BLERIOT (AVENUE LOUIS",,,Nuit avec éclairage allumé,En agglomération,Intersection en T,Normale,Autre collision,,,,,,,,,,,5,2,3,1,6
200500004210,0005-01-06 10:50:00,5,1,6,10,50,630,14.0,"23, COURNON (AVENUE DE)",,,Plein jour,En agglomération,Hors intersection,Temps couvert,Autre collision,,,,,,,,,,,1,2,1,8,6
200500004211,0005-01-07 18:25:00,5,1,7,18,25,630,113.0,FONTGIEVE (RUE),,,Plein jour,En agglomération,Hors intersection,Normale,Sans collision,,,,,,,,,,,1,2,1,1,7
200500004212,0005-01-08 14:03:00,5,1,8,14,3,630,113.0,DUMAS (BD J.BAPTISTE),,,Plein jour,En agglomération,Hors intersection,Normale,Autre collision,,,,,,,,,,,1,2,1,1,6
200500004213,0005-01-08 14:05:00,5,1,8,14,5,630,113.0,PAULINES (AVENUE DES),,,Plein jour,En agglomération,Hors intersection,Normale,Autre collision,,,,,,,,,,,1,2,1,1,6
200500004214,0005-01-12 20:20:00,5,1,12,20,20,630,32.0,"1, POURLIAT (RUE DE)",,,Nuit avec éclairage allumé,En agglomération,Hors intersection,Normale,Autre collision,,,,,,,,,,,5,2,1,1,6
200500004215,0005-01-12 20:30:00,5,1,12,20,30,630,113.0,MALLET (RUE ALBERT),,,Nuit avec éclairage allumé,En agglomération,Intersection en X,Temps couvert,Autre collision,,,,,,,,,,,5,2,2,8,6
200500004216,0005-01-13 12:13:00,5,1,13,12,13,630,14.0,"102, CRISTAL (AVENUE ERN",,,Plein jour,En agglomération,Hors intersection,Normale,Deux véhicules - côté,,,,,,,,,,,1,2,1,1,3
200500004217,0005-01-14 04:30:00,5,1,14,4,30,630,113.0,"64, CLEMENTEL (BD ETIENN",,,Nuit avec éclairage allumé,En agglomération,Hors intersection,Normale,Deux véhicules - arrière,,,,,,,,,,,5,2,1,1,2
200500004218,0005-01-14 07:35:00,5,1,14,7,35,630,113.0,CLEMENTEL (BD ETIENNE),,,Crépuscule ou aube,En agglomération,Hors intersection,Normale,Sans collision,,,,,,,,,,,2,2,1,1,7
200500004219,0005-01-14 07:40:00,5,1,14,7,40,630,14.0,DE GAULLE (AVENUE CHARLE,,,Crépuscule ou aube,En agglomération,Hors intersection,Brouillard / fumée,Autre collision,,,,,,,,,,,2,2,1,5,6
200500004220,0005-01-14 11:35:00,5,1,14,11,35,630,113.0,BRIAND (BD ARISTIDE),,,Plein jour,En agglomération,Hors intersection,Normale,Autre collision,,,,,,,,,,,1,2,1,1,6
200500004221,0005-01-14 14:57:00,5,1,14,14,57,630,113.0,RECLUS (AVENUE ELISEE),,,Plein jour,En agglomération,Giratoire,Normale,Trois véhicules et plus - collisions multiples,,,,,,,,,,,1,2,6,1,5
200500004222,0005-01-15 05:20:00,5,1,15,5,20,630,14.0,"84, ROUSSILLON (AVENUE D",,,Nuit avec éclairage allumé,En agglomération,Hors intersection,Normale,Autre collision,,,,,,,,,,,5,2,1,1,6
200500004223,0005-01-15 05:55:00,5,1,15,5,55,630,113.0,"0, QUINET (BD EDGAR)",,,Nuit sans éclairage public,Hors agglomération,Hors intersection,Normale,Autre collision,,,,,,,,,,,3,1,1,1,6
200500004224,0005-01-15 11:20:00,5,1,15,11,20,630,75.0,"39, ROYAT (AVENUE DE)",,,Plein jour,En agglomération,Hors intersection,Normale,Autre collision,,,,,,,,,,,1,2,1,1,6
200500004225,0005-01-15 15:50:00,5,1,15,15,50,630,113.0,"1, FLAUBERT (BD GUSTAVE)",,,Plein jour,En agglomération,Hors intersection,Normale,Autre collision,,,,,,,,,,,1,2,1,1,6
200500004226,0005-01-17 14:15:00,5,1,17,14,15,630,113.0,"69, SAINT ALYRE (RUE)",,,Plein jour,En agglomération,Hors intersection,Normale,Autre collision,,,,,,,,,,,1,2,1,1,6
200500004227,0005-01-17 19:10:00,5,1,17,19,10,630,75.0,"45, THERMALE (AVENUE)",,,Nuit avec éclairage allumé,En agglomération,Hors intersection,Normale,Autre collision,,,,,,,,,,,5,2,1,1,6
200500004228,0005-01-18 07:45:00,5,1,18,7,45,630,113.0,"42, GRANDE BRETAGNE (AVE",,,Crépuscule ou aube,En agglomération,Hors intersection,Normale,Autre collision,,,,,,,,,,,2,2,1,1,6
200500004229,0005-01-18 07:55:00,5,1,18,7,55,630,113.0,"108, CHANELLES (RUE DES)",,,Nuit avec éclairage allumé,En agglomération,Hors intersection,Pluie légère,Autre collision,,,,,,,,,,,5,2,1,2,6
200500004230,0005-01-18 10:05:00,5,1,18,10,5,630,32.0,EUROPE (AVENUE DE L'),,,Plein jour,En agglomération,Hors intersection,Normale,Autre collision,,,,,,,,,,,1,2,1,1,6
200500004231,0005-01-18 18:40:00,5,1,18,18,40,630,113.0,"11, TRUDAINE (BD)",,,Nuit avec éclairage non allumé,En agglomération,Hors intersection,Normale,Deux véhicules - arrière,,,,,,,,,,,4,2,1,1,2
200500004232,0005-01-19 06:40:00,5,1,19,6,40,630,113.0,VERNE (RUE JULES),,,Nuit avec éclairage allumé,En agglomération,Hors intersection,Temps couvert,Deux véhicules - côté,,,,,,,,,,,5,2,1,8,3
200500004233,0005-01-19 08:57:00,5,1,19,8,57,630,14.0,"1, ROUSSILLON (AVENUE DU",,,Plein jour,En agglomération,Intersection en X,Normale,Deux véhicules - côté,,,,,,,,,,,1,2,2,1,3
200500004234,0005-01-19 16:00:00,5,1,19,16,0,630,113.0,"163, LIBERATION (AVENUE",,,Plein jour,En agglomération,Hors intersection,Normale,Autre collision,,,,,,,,,,,1,2,1,1,6
200500004235,0005-01-20 14:46:00,5,1,20,14,46,630,113.0,"97, LAFAYETTE (BD)",,,Plein jour,En agglomération,Hors intersection,Normale,Deux véhicules - côté,,,,,,,,,,,1,2,1,1,3
200500004236,0005-01-20 14:50:00,5,1,20,14,50,630,113.0,"1, LOUCHEUR (BD LOUIS)",,,Plein jour,En agglomération,Hors intersection,Normale,Autre collision,,,,,,,,,,,1,2,1,1,6
200500004237,0005-01-20 16:10:00,5,1,20,16,10,630,113.0,"178, ORADOU (RUE DE L')",,,Plein jour,En agglomération,Intersection en T,Normale,Deux véhicules - côté,,,,,,,,,,,1,2,3,1,3
200500004238,0005-01-20 19:30:00,5,1,20,19,30,630,14.0,ROMAGNAT (RUE DE),,,Nuit avec éclairage non allumé,En agglomération,Hors intersection,Normale,Autre collision,,,,,,,,,,,4,2,1,1,6
200500004239,0005-01-21 11:45:00,5,1,21,11,45,630,75.0,"1, CLORAT (RUE DE)",,,Plein jour,En agglomération,Intersection en T,Normale,Deux véhicules - frontale,,,,,,,,,,,1,2,3,1,1
200500004240,0005-01-22 01:00:00,5,1,22,1,0,630,113.0,"1, SABLON (COURS)",,,Nuit avec éclairage allumé,En agglomération,Hors intersection,Normale,Autre collision,,,,,,,,,,,5,2,1,1,6
200500004241,0005-01-22 14:05:00,5,1,22,14,5,630,113.0,"108, CLEMENTEL (BD ETIEN",,,Plein jour,En agglomération,Hors intersection,Normale,Deux véhicules - arrière,,,,,,,,,,,1,2,1,1,2
200500004242,0005-01-22 18:30:00,5,1,22,18,30,630,32.0,ROMAGNAT (ROUTE DE),,,Nuit avec éclairage allumé,En agglomération,Hors intersection,Temps couvert,Autre collision,,,,,,,,,,,5,2,1,8,6
200500004243,0005-01-22 18:40:00,5,1,22,18,40,630,113.0,"1, CHANELLES (RUE DES)",,,Nuit avec éclairage allumé,En agglomération,Intersection en X,Pluie légère,Autre collision,,,,,,,,,,,5,2,2,2,6
200500004244,0005-01-23 05:20:00,5,1,23,5,20,630,113.0,"18, AUGER (RUE)",,,Nuit avec éclairage allumé,En agglomération,Hors intersection,Pluie légère,Trois véhicules et plus - collisions multiples,,,,,,,,,,,5,2,1,2,5
200500004245,0005-01-23 15:27:00,5,1,23,15,27,630,113.0,LOUCHEUR (BD LOUIS),,,Plein jour,En agglomération,Intersection en X,Normale,Deux véhicules - côté,,,,,,,,,,,1,2,2,1,3
200500004246,0005-01-25 17:00:00,5,1,25,17,0,630,70.0,"91, ROYAT (ROUTE DE)",,,Plein jour,En agglomération,Hors intersection,Autre,Autre collision,,,,,,,,,,,1,2,1,9,6
200500004247,0005-01-26 14:55:00,5,1,26,14,55,630,113.0,"1, PREVOST (RUE ABBE)",,,Plein jour,En agglomération,Intersection en X,Normale,Deux véhicules - côté,,,,,,,,,,,1,2,2,1,3
200500004248,0005-01-27 17:10:00,5,1,27,17,10,630,113.0,RIBOT (RUE ALEXANDRE),,,Plein jour,En agglomération,Hors intersection,Normale,Autre collision,,,,,,,,,,,1,2,1,1,6
200500004249,0005-01-27 18:00:00,5,1,27,18,0,630,113.0,"1, KENNEDY (BD J.F.)",,,Nuit avec éclairage non allumé,En agglomération,Hors intersection,Temps couvert,Deux véhicules - côté,,,,,,,,,,,4,2,1,8,3
200500004250,0005-01-29 15:40:00,5,1,29,15,40,630,113.0,"23, POURCHON (BD MAURICE",,,Plein jour,En agglomération,Intersection en X,Temps couvert,Autre collision,,,,,,,,,,,1,2,2,8,6
200500004251,0005-01-31 20:27:00,5,1,31,20,27,630,113.0,"23, DIOMEDE (RUE PAUL)",,,Nuit avec éclairage allumé,En agglomération,Intersection en X,Normale,Autre collision,,,,,,,,,,,5,2,2,1,6
200500004252,0005-01-19 15:10:00,5,1,19,15,10,630,124.0,"56, LIBERATION (AV. DE L",,,Plein jour,En agglomération,Intersection en T,Normale,Deux véhicules - côté,,,,,,,,,,,1,2,3,1,3
200500004253,0005-01-25 18:40:00,5,1,25,18,40,630,193.0,RD 769,,,Nuit sans éclairage public,En agglomération,Hors intersection,Temps couvert,Deux véhicules - côté,,,,,,,,,,,3,2,1,8,3
200500004254,0005-01-26 08:00:00,5,1,26,8,0,630,124.0,FERRY (AVENUE JULES),,,Crépuscule ou aube,En agglomération,Giratoire,Normale,Deux véhicules - côté,,,,,,,,,,,2,2,6,1,3
200500004255,0005-01-26 11:28:00,5,1,26,11,28,630,193.0,RD 52,,,Plein jour,En agglomération,Hors intersection,Neige / grêle,Deux véhicules - frontale,,,,,,,,,,,1,2,1,4,1
200500004256,0005-01-01 07:50:00,5,1,1,7,50,630,164.0,CEBAZAT (ROUTE DE),,,Nuit sans éclairage public,Hors agglomération,Hors intersection,Normale,Autre collision,,,,,,,,,,,3,1,1,1,6
200500004257,0005-01-07 17:25:00,5,1,7,17,25,630,63.0,RN9,,,Plein jour,En agglomération,Hors intersection,Normale,Deux véhicules - arrière,,,,,,,,,,,1,2,1,1,2
200500004258,0005-01-07 17:26:00,5,1,7,17,26,630,63.0,RN9,,,Plein jour,En agglomération,Hors intersection,Normale,Trois véhicules et plus - en chaîne,,,,,,,,,,,1,2,1,1,4
200500004259,0005-01-14 08:00:00,5,1,14,8,0,630,300.0,"79, CLEMENTEL ETIENNE (B",,,Plein jour,En agglomération,Hors intersection,Normale,Autre collision,,,,,,,,,,,1,2,1,1,6
200500004260,0005-01-04 16:35:00,5,1,4,16,35,640,102.0,LABOURD (PONT DU),,,Plein jour,En agglomération,Hors intersection,Normale,Trois véhicules et plus - en chaîne,,,,,,,,,,,1,2,1,1,4
200500004261,0005-01-06 13:18:00,5,1,6,13,18,640,24.0,MONTBRUN (AVENUE DE),,,Plein jour,En agglomération,Intersection en X,Temps couvert,Deux véhicules - côté,,,,,,,,,,,1,2,2,8,3
200500004262,0005-01-07 16:45:00,5,1,7,16,45,640,24.0,MER (BOULEVARD DE LA),,,Plein jour,En agglomération,Hors intersection,Normale,Autre collision,,,,,,,,,,,1,2,1,1,6
200500004263,0005-01-11 18:02:00,5,1,11,18,2,640,102.0,"0, LAMARQUE (AVENUE DU C",,,Nuit avec éclairage allumé,En agglomération,Hors intersection,Normale,Autre collision,,,,,,,,,,,5,2,1,1,6
200500004264,0005-01-11 19:19:00,5,1,11,19,19,640,102.0,"60, ALSACE LORRAINE (BOU",,,Nuit avec éclairage allumé,En agglomération,Intersection en X,Normale,Autre collision,,,,,,,,,,,5,2,2,1,6
200500004265,0005-01-13 15:57:00,5,1,13,15,57,640,24.0,", VENISE (RUE DE)",,,Plein jour,En agglomération,Intersection en T,Normale,Deux véhicules - frontale,,,,,,,,,,,1,2,3,1,1
200500004266,0005-01-15 00:40:00,5,1,15,0,40,640,102.0,SOULT (AVENUE MARECHAL),,,Nuit avec éclairage non allumé,En agglomération,Hors intersection,Normale,Autre collision,,,,,,,,,,,4,2,1,1,6
200500004267,0005-01-16 02:00:00,5,1,16,2,0,640,24.0,BAB (BOULEVARD DU),,,Nuit avec éclairage allumé,En agglomération,Hors intersection,Normale,Sans collision,,,,,,,,,,,5,2,1,1,7
200500004268,0005-01-16 11:00:00,5,1,16,11,0,640,102.0,BERNARD (CHEMIN DE SAINT,,,Plein jour,En agglomération,Hors intersection,Normale,Deux véhicules - arrière,,,,,,,,,,,1,2,1,1,2
200500004269,0005-01-18 10:26:00,5,1,18,10,26,640,140.0,BRAMARIE (RUE RAOUL),,,Plein jour,En agglomération,Intersection en T,Pluie légère,Trois véhicules et plus - collisions multiples,,,,,,,,,,,1,2,3,2,5
200500004270,0005-01-19 18:25:00,5,1,19,18,25,640,24.0,HAUSQUETTE (RUE DE),,,Plein jour,En agglomération,Intersection en X,Pluie légère,Deux véhicules - côté,,,,,,,,,,,1,2,2,2,3
200500004271,0005-01-20 13:30:00,5,1,20,13,30,640,102.0,"8, MAURICE DELAY (AVENUE",,,Plein jour,En agglomération,Intersection en T,Normale,Deux véhicules - côté,,,,,,,,,,,1,2,3,1,3
200500004272,0005-01-20 17:25:00,5,1,20,17,25,640,24.0,ESPAGNE (AVENUE D'),,,Plein jour,En agglomération,Hors intersection,Normale,Deux véhicules - arrière,,,,,,,,,,,1,2,1,1,2
200500004273,0005-01-20 17:10:00,5,1,20,17,10,640,24.0,"52, CINQ CANTONS (RUE DE",,,Plein jour,En agglomération,Hors intersection,Temps couvert,Deux véhicules - arrière,,,,,,,,,,,1,2,1,8,2
200500004274,0005-01-24 04:25:00,5,1,24,4,25,640,24.0,SAINT PEE (ROUTE DE),,,Nuit avec éclairage allumé,En agglomération,Giratoire,Temps couvert,Autre collision,,,,,,,,,,,5,2,6,8,6
200500004275,0005-01-25 14:41:00,5,1,25,14,41,640,102.0,AQUITAINE (AVENUE DE L'),,,Plein jour,En agglomération,Hors intersection,Normale,Deux véhicules - côté,,,,,,,,,,,1,2,1,1,3
200500004276,0005-01-26 12:02:00,5,1,26,12,2,640,102.0,BASQUE (AVENUE DU GRAND),,,Plein jour,En agglomération,Hors intersection,Normale,Deux véhicules - arrière,,,,,,,,,,,1,2,1,1,2
200500004277,0005-01-26 12:35:00,5,1,26,12,35,640,140.0,DOUANE (QUAI DE LA),,,Plein jour,En agglomération,Intersection en X,Normale,Deux véhicules - côté,,,,,,,,,,,1,2,2,1,3
200500004278,0005-01-27 07:45:00,5,1,27,7,45,640,102.0,"110, D'ARROUSETS (RUE)",,,Plein jour,En agglomération,Hors intersection,Normale,Trois véhicules et plus - en chaîne,,,,,,,,,,,1,2,1,1,4
200500004279,0005-01-27 13:40:00,5,1,27,13,40,640,24.0,BAYONNE (AVENUE DE),,,Plein jour,En agglomération,Intersection en T,Normale,Trois véhicules et plus - en chaîne,,,,,,,,,,,1,2,3,1,4
200500004280,0005-01-27 18:41:00,5,1,27,18,41,640,102.0,BOUFFLERS (ALLEES),,,Nuit avec éclairage allumé,En agglomération,Intersection en T,Normale,Deux véhicules - frontale,,,,,,,,,,,5,2,3,1,1
200500004281,0005-01-27 19:15:00,5,1,27,19,15,640,140.0,POLITZER (RUE GEORGES),,,Nuit avec éclairage allumé,En agglomération,Intersection en T,Normale,Deux véhicules - arrière,,,,,,,,,,,5,2,3,1,2
200500004282,0005-01-04 09:30:00,5,1,4,9,30,640,122.0,"10, PITCHOT (RUE DE)",,,Plein jour,En agglomération,Autre intersection,Normale,Trois véhicules et plus - en chaîne,,,,,,,,,,,1,2,9,1,4
200500004283,0005-01-05 18:20:00,5,1,5,18,20,640,125.0,PLATEAU (AVENUE DU),,,Crépuscule ou aube,En agglomération,Hors intersection,Normale,Trois véhicules et plus - en chaîne,,,,,,,,,,,2,2,1,1,4
200500004284,0005-01-07 12:10:00,5,1,7,12,10,640,122.0,"26, ""FOCH (AV, DU MARECH",,,Plein jour,En agglomération,Autre intersection,Normale,Autre collision,,,,,,,,,,,1,2,9,1,6
200500004285,0005-01-07 18:00:00,5,1,7,18,0,640,122.0,"12, HARCET RUE D')",,,Crépuscule ou aube,En agglomération,Hors intersection,Normale,Sans collision,,,,,,,,,,,2,2,1,1,7
200500004286,0005-01-10 14:39:00,5,1,10,14,39,640,122.0,LUIS MARIANO (AVENUE- RO,,,Plein jour,En agglomération,Hors intersection,Normale,Autre collision,,,,,,,,,,,1,2,1,1,6
200500004287,0005-01-11 14:00:00,5,1,11,14,0,640,122.0,"16, LAHOUZE (AVENUE)",,,Plein jour,En agglomération,Intersection en T,Normale,Deux véhicules - côté,,,,,,,,,,,1,2,3,1,3
200500004288,0005-01-13 12:20:00,5,1,13,12,20,640,122.0,"14, MARNE (AVENUE DE LA)",,,Plein jour,En agglomération,Hors intersection,Temps éblouissant,Autre collision,,,,,,,,,,,1,2,1,7,6
200500004289,0005-01-14 13:15:00,5,1,14,13,15,640,122.0,ANGLET (AVENUE D'),,,Plein jour,En agglomération,Intersection en X,Normale,Deux véhicules - côté,,,,,,,,,,,1,2,2,1,3
200500004290,0005-01-14 17:40:00,5,1,14,17,40,640,122.0,"15, FLOQUET CHARLES (AVE",,,Crépuscule ou aube,En agglomération,Intersection en Y,Normale,Deux véhicules - côté,,,,,,,,,,,2,2,4,1,3
200500004291,0005-01-16 19:45:00,5,1,16,19,45,640,122.0,"9, SAINT MARTIN (RUE)",,,Nuit avec éclairage allumé,En agglomération,Hors intersection,Normale,Sans collision,,,,,,,,,,,5,2,1,1,7
200500004292,0005-01-20 02:32:00,5,1,20,2,32,640,122.0,HELIANTHE (CARREFOUR),,,Nuit avec éclairage allumé,En agglomération,Hors intersection,Normale,Sans collision,,,,,,,,,,,5,2,1,1,7
200500004293,0005-01-22 16:50:00,5,1,22,16,50,640,125.0,"36, CHABADENIA (AVENUE)",,,Plein jour,En agglomération,Hors intersection,Normale,Sans collision,,,,,,,,,,,1,2,1,1,7
200500004294,0005-01-24 09:05:00,5,1,24,9,5,640,122.0,"38, LAC MARION (AVENUE D",,,Plein jour,En agglomération,Hors intersection,Normale,Autre collision,,,,,,,,,,,1,2,1,1,6
200500004295,0005-01-26 14:00:00,5,1,26,14,0,640,125.0,"12, LUKUCHENEA (RUE)",,,Plein jour,En agglomération,Intersection en X,Normale,Deux véhicules - côté,,,,,,,,,,,1,2,2,1,3
200500004296,0005-01-02 19:25:00,5,1,2,19,25,640,445.0,RESISTANCE,,,Nuit avec éclairage allumé,En agglomération,Intersection en X,Pluie légère,Deux véhicules - côté,,,,,,,,,,,5,2,2,2,3
200500004297,0005-01-04 13:45:00,5,1,4,13,45,640,335.0,"24, FOURCET",,,Plein jour,En agglomération,Hors intersection,Normale,Autre collision,,,,,,,,,,,1,2,1,1,6
200500004298,0005-01-04 16:30:00,5,1,4,16,30,640,445.0,MARECHAL LECLERC DU,,,Plein jour,En agglomération,Intersection en X,Normale,Deux véhicules - côté,,,,,,,,,,,1,2,2,1,3
200500004299,0005-01-05 13:55:00,5,1,5,13,55,640,445.0,ESPAGNE D',,,Plein jour,En agglomération,Hors intersection,Normale,Trois véhicules et plus - en chaîne,,,,,,,,,,,1,2,1,1,4
200500004300,0005-01-06 17:05:00,5,1,6,17,5,640,335.0,NOVELLA,,,Plein jour,En agglomération,Hors intersection,Normale,Trois véhicules et plus - collisions multiples,,,,,,,,,,,1,2,1,1,5