accident_id,datetime,annee,mois,jour,heure,minute,departement,commune_insee,adresse,latitude,longitude,luminosite,agglomeration,intersection,meteo,collision,nb_vehicules,nb_usagers,nb_indemnes,nb_tues,nb_blesses_hosp,nb_blesses_legers,age_cond_1,age_cond_2,veh_type_cond_1,veh_type_cond_2,lum_code,agg_code,int_code,atm_code,col_code
200500004301,0005-01-07 12:20:00,5,1,7,12,20,640,284.0,RAUSKI,,,Plein jour,En agglomération,Hors intersection,Normale,Trois véhicules et plus - collisions multiples,,,,,,,,,,,1,2,1,1,5
200500004302,0005-01-08 15:45:00,5,1,8,15,45,640,445.0,DROITS DE L' HOMME DES,,,Plein jour,En agglomération,Giratoire,Normale,Deux véhicules - côté,,,,,,,,,,,1,2,6,1,3
200500004303,0005-01-10 18:30:00,5,1,10,18,30,640,445.0,14 JUILLET DU,,,Nuit avec éclairage allumé,En agglomération,Hors intersection,Normale,Trois véhicules et plus - en chaîne,,,,,,,,,,,5,2,1,1,4
200500004304,0005-01-10 09:00:00,5,1,10,9,0,640,445.0,MARCA,,,Plein jour,En agglomération,Hors intersection,Normale,Autre collision,,,,,,,,,,,1,2,1,1,6
200500004305,0005-01-11 10:50:00,5,1,11,10,50,640,445.0,"18, ORLEANS D'",,,Plein jour,En agglomération,Hors intersection,Normale,Autre collision,,,,,,,,,,,1,2,1,1,6
200500004306,0005-01-12 08:00:00,5,1,12,8,0,640,445.0,CONDORCET,,,Crépuscule ou aube,En agglomération,Giratoire,Normale,Deux véhicules - côté,,,,,,,,,,,2,2,6,1,3
200500004307,0005-01-13 16:25:00,5,1,13,16,25,640,348.0,MARCEL DASSAULT,,,Plein jour,En agglomération,Giratoire,Normale,Sans collision,,,,,,,,,,,1,2,6,1,7
200500004308,0005-01-13 22:40:00,5,1,13,22,40,640,129.0,BEZIOU,,,Nuit avec éclairage allumé,En agglomération,Intersection en X,Normale,Deux véhicules - côté,,,,,,,,,,,5,2,2,1,3
200500004309,0005-01-14 11:50:00,5,1,14,11,50,640,445.0,"1, MORLAAS DE",,,Plein jour,En agglomération,Giratoire,Normale,Autre collision,,,,,,,,,,,1,2,6,1,6
200500004310,0005-01-15 10:45:00,5,1,15,10,45,640,445.0,14 JUILLET DU,,,Plein jour,En agglomération,Hors intersection,Normale,Deux véhicules - arrière,,,,,,,,,,,1,2,1,1,2
200500004311,0005-01-15 18:35:00,5,1,15,18,35,640,445.0,MARCA,,,Nuit avec éclairage allumé,En agglomération,Intersection en X,Normale,Deux véhicules - côté,,,,,,,,,,,5,2,2,1,3
200500004312,0005-01-16 15:45:00,5,1,16,15,45,640,445.0,MARECHAL LECLERC DU,,,Plein jour,En agglomération,Intersection en X,Temps éblouissant,Deux véhicules - côté,,,,,,,,,,,1,2,2,7,3
200500004313,0005-01-16 16:55:00,5,1,16,16,55,640,445.0,"9, CHATEAU D'ESTE DU",,,Plein jour,En agglomération,Intersection en X,Normale,Autre collision,,,,,,,,,,,1,2,2,1,6
200500004314,0005-01-17 08:20:00,5,1,17,8,20,640,348.0,DIDIER DAURAT,,,Plein jour,En agglomération,Intersection en X,Normale,Deux véhicules - côté,,,,,,,,,,,1,2,2,1,3
200500004315,0005-01-18 14:15:00,5,1,18,14,15,640,445.0,LEON SAY,,,Plein jour,En agglomération,Intersection en T,Pluie forte,Deux véhicules - côté,,,,,,,,,,,1,2,3,3,3
200500004316,0005-01-19 13:35:00,5,1,19,13,35,640,445.0,JEAN MERMOZ,,,Plein jour,En agglomération,Hors intersection,Pluie forte,Deux véhicules - côté,,,,,,,,,,,1,2,1,3,3
200500004317,0005-01-26 20:50:00,5,1,26,20,50,640,284.0,ESPAGNE D',,,Nuit avec éclairage allumé,En agglomération,Intersection en X,Pluie forte,Deux véhicules - côté,,,,,,,,,,,5,2,2,3,3
200500004318,0005-01-21 02:00:00,5,1,21,2,0,640,237.0,VALLEE HEUREUSE,,,Nuit sans éclairage public,En agglomération,Hors intersection,Pluie légère,Autre collision,,,,,,,,,,,3,2,1,2,6
200500004319,0005-01-20 17:10:00,5,1,20,17,10,640,335.0,TARBES DE,,,Nuit avec éclairage allumé,En agglomération,Hors intersection,Pluie légère,Autre collision,,,,,,,,,,,5,2,1,2,6
200500004320,0005-01-20 19:10:00,5,1,20,19,10,640,445.0,HENRI FAISANS,,,Nuit avec éclairage allumé,En agglomération,Hors intersection,Pluie légère,Deux véhicules - côté,,,,,,,,,,,5,2,1,2,3
200500004321,0005-01-21 09:55:00,5,1,21,9,55,640,445.0,JEAN MERMOZ,,,Plein jour,En agglomération,Hors intersection,Normale,Deux véhicules - arrière,,,,,,,,,,,1,2,1,1,2
200500004322,0005-01-21 13:35:00,5,1,21,13,35,640,445.0,LEON BERARD,,,Plein jour,En agglomération,Hors intersection,Temps couvert,Deux véhicules - arrière,,,,,,,,,,,1,2,1,8,2
200500004323,0005-01-22 19:05:00,5,1,22,19,5,640,445.0,JEAN MERMOZ,,,Nuit avec éclairage allumé,En agglomération,Hors intersection,Pluie légère,Autre collision,,,,,,,,,,,5,2,1,2,6
200500004324,0005-01-22 15:25:00,5,1,22,15,25,640,445.0,COMMANDANT RENE MOUCHOTT,,,Plein jour,En agglomération,Intersection en X,Normale,Deux véhicules - côté,,,,,,,,,,,1,2,2,1,3
200500004325,0005-01-23 19:10:00,5,1,23,19,10,640,445.0,14 JUILLET DU,,,Nuit avec éclairage allumé,En agglomération,Hors intersection,Pluie forte,Autre collision,,,,,,,,,,,5,2,1,3,6
200500004326,0005-01-24 07:45:00,5,1,24,7,45,640,129.0,"25, GALAS DE",,,Crépuscule ou aube,En agglomération,Intersection en T,Normale,Deux véhicules - côté,,,,,,,,,,,2,2,3,1,3
200500004327,0005-01-25 11:15:00,5,1,25,11,15,640,445.0,"44, MONTARDON DE",,,Plein jour,En agglomération,Hors intersection,Normale,Deux véhicules - frontale,,,,,,,,,,,1,2,1,1,1
200500004328,0005-01-29 09:45:00,5,1,29,9,45,640,445.0,JEAN MERMOZ,,,Plein jour,En agglomération,Intersection en X,Normale,Deux véhicules - côté,,,,,,,,,,,1,2,2,1,3
200500004329,0005-01-01 03:15:00,5,1,1,3,15,640,260.0,"102, BEHOBIE (RUE DE)",,,Nuit avec éclairage allumé,En agglomération,Hors intersection,Brouillard / fumée,Deux véhicules - frontale,,,,,,,,,,,5,2,1,5,1
200500004330,0005-01-11 12:14:00,5,1,11,12,14,640,483.0,"20, THIERS ADOLPHE (BOUL",,,Plein jour,En agglomération,Intersection en T,Normale,Deux véhicules - frontale,,,,,,,,,,,1,2,3,1,1
200500004331,0005-01-12 12:20:00,5,1,12,12,20,640,483.0,LARRAMENDY PIERRE (AVENU,,,Plein jour,En agglomération,Intersection en T,Normale,Deux véhicules - côté,,,,,,,,,,,1,2,3,1,3
200500004332,0005-01-20 16:55:00,5,1,20,16,55,640,483.0,"102, GAMBETTA LEON (RUE)",,,Plein jour,En agglomération,Hors intersection,Normale,Autre collision,,,,,,,,,,,1,2,1,1,6
200500004333,0005-01-24 15:10:00,5,1,24,15,10,640,483.0,"1, COULOMME JEAN (AV DU",,,Plein jour,En agglomération,Intersection en T,Normale,Deux véhicules - côté,,,,,,,,,,,1,2,3,1,3
200500004334,0005-01-06 18:30:00,5,1,6,18,30,640,483.0,"29, COULOMME JEAN (AV DU",,,Crépuscule ou aube,En agglomération,Hors intersection,Normale,Trois véhicules et plus - collisions multiples,,,,,,,,,,,2,2,1,1,5
200500004335,0005-01-30 20:00:00,5,1,30,20,0,640,260.0,BEHOBIE (ROUTE DE),,,Nuit avec éclairage allumé,En agglomération,Hors intersection,Normale,Deux véhicules - arrière,,,,,,,,,,,5,2,1,1,2
200500004336,0005-01-07 13:35:00,5,1,7,13,35,650,286.0,"1, FOCH (AVENUE MARECHAL",,,Plein jour,En agglomération,Intersection en T,Normale,Deux véhicules - arrière,,,,,,,,,,,1,2,3,1,2
200500004337,0005-01-11 15:27:00,5,1,11,15,27,650,286.0,"17, LECLERC (AVENUE DU G",,,Plein jour,En agglomération,Intersection en T,Normale,Deux véhicules - côté,,,,,,,,,,,1,2,3,1,3
200500004338,0005-01-03 14:55:00,5,1,3,14,55,650,286.0,"1, MARQUI (AVENUE ALEXAN",,,Plein jour,En agglomération,Intersection en T,Normale,Trois véhicules et plus - en chaîne,,,,,,,,,,,1,2,3,1,4
200500004339,0005-01-20 09:45:00,5,1,20,9,45,650,286.0,MARQUI (AVENUE ALEXANDRE,,,Plein jour,En agglomération,Hors intersection,Pluie légère,Autre collision,,,,,,,,,,,1,2,1,2,6
200500004340,0005-01-19 14:35:00,5,1,19,14,35,650,286.0,JUIN (AVENUE MARECHAL),,,Plein jour,En agglomération,Intersection en T,Normale,Deux véhicules - côté,,,,,,,,,,,1,2,3,1,3
200500004341,0005-01-02 10:30:00,5,1,2,10,30,650,417.0,REPUBLIQUE (RUE DE LA),,,Plein jour,En agglomération,Hors intersection,Normale,Deux véhicules - côté,,,,,,,,,,,1,2,1,1,3
200500004342,0005-01-03 14:00:00,5,1,3,14,0,650,440.0,JUBINAL (RUE ACHILLE),,,Plein jour,En agglomération,Intersection en T,Normale,Deux véhicules - côté,,,,,,,,,,,1,2,3,1,3
200500004343,0005-01-03 16:55:00,5,1,3,16,55,650,440.0,"28, BRIAND (AVENUE ARIST",,,Plein jour,En agglomération,Intersection en T,Normale,Deux véhicules - arrière,,,,,,,,,,,1,2,3,1,2
200500004344,0005-01-05 06:55:00,5,1,5,6,55,650,440.0,"19 BIS, JOFFRE (AVENUE D",,,Nuit avec éclairage non allumé,En agglomération,Intersection en T,Normale,Autre collision,,,,,,,,,,,4,2,3,1,6
200500004345,0005-01-05 16:55:00,5,1,5,16,55,650,251.0,SOUES (ROUTE DE ),,,Plein jour,En agglomération,Intersection en X,Normale,Deux véhicules - côté,,,,,,,,,,,1,2,2,1,3
200500004346,0005-01-10 14:30:00,5,1,10,14,30,650,440.0,BRAUHAUBAN (RUE),,,Plein jour,En agglomération,Intersection en X,Normale,Deux véhicules - côté,,,,,,,,,,,1,2,2,1,3
200500004347,0005-01-10 15:30:00,5,1,10,15,30,650,440.0,MASSEY (RUE),,,Plein jour,En agglomération,Intersection en X,Normale,Trois véhicules et plus - en chaîne,,,,,,,,,,,1,2,2,1,4
200500004348,0005-01-12 13:30:00,5,1,12,13,30,650,440.0,ALSACE LORRAINE (RUE),,,Plein jour,En agglomération,Hors intersection,Normale,Sans collision,,,,,,,,,,,1,2,1,1,7
200500004349,0005-01-14 02:50:00,5,1,14,2,50,650,440.0,BRIAND (AVENUE ARISTIDE),,,Nuit avec éclairage allumé,En agglomération,Giratoire,Normale,Autre collision,,,,,,,,,,,5,2,6,1,6
200500004350,0005-01-15 17:55:00,5,1,15,17,55,650,440.0,"12, REGIMENT DE BIGORRE",,,Crépuscule ou aube,En agglomération,Intersection en X,Normale,Trois véhicules et plus - collisions multiples,,,,,,,,,,,2,2,2,1,5
200500004351,0005-01-17 02:50:00,5,1,17,2,50,650,440.0,KENNEDY (AVENUE DU PRESI,,,Nuit avec éclairage allumé,En agglomération,Giratoire,Normale,Autre collision,,,,,,,,,,,5,2,6,1,6
200500004352,0005-01-17 07:30:00,5,1,17,7,30,650,433.0,CURIE (BOULEVARD JOLIOT),,,Nuit avec éclairage allumé,En agglomération,Intersection en T,Normale,Deux véhicules - arrière,,,,,,,,,,,5,2,3,1,2
200500004353,0005-01-17 12:15:00,5,1,17,12,15,650,440.0,"22, CRONSTADT (RUE DE)",,,Plein jour,En agglomération,Hors intersection,Normale,Autre collision,,,,,,,,,,,1,2,1,1,6
200500004354,0005-01-18 18:15:00,5,1,18,18,15,650,47.0,"33, JAURES (AVE JEAN)",,,Plein jour,En agglomération,Hors intersection,Pluie légère,Trois véhicules et plus - collisions multiples,,,,,,,,,,,1,2,1,2,5
200500004355,0005-01-19 00:10:00,5,1,19,0,10,650,440.0,THEAS (RUE MONSEIGNEUR),,,Nuit avec éclairage allumé,En agglomération,Intersection en X,Pluie légère,Deux véhicules - côté,,,,,,,,,,,5,2,2,2,3
200500004356,0005-01-19 16:45:00,5,1,19,16,45,650,226.0,PAU (ROUTE DE),,,Plein jour,En agglomération,Hors intersection,Pluie forte,Deux véhicules - côté,,,,,,,,,,,1,2,1,3,3
200500004357,0005-01-20 10:45:00,5,1,20,10,45,650,417.0,"106BIS, MITTERRAND (AVEN",,,Plein jour,En agglomération,Giratoire,Pluie légère,Autre collision,,,,,,,,,,,1,2,6,2,6
200500004358,0005-01-20 11:30:00,5,1,20,11,30,650,226.0,PAU (ROUTE DE),,,Plein jour,En agglomération,Intersection en X,Pluie légère,Deux véhicules - côté,,,,,,,,,,,1,2,2,2,3
200500004359,0005-01-20 16:20:00,5,1,20,16,20,650,440.0,"61, MAQUIS DE SOMBRUN (R",,,Plein jour,En agglomération,Intersection en X,Pluie légère,Deux véhicules - côté,,,,,,,,,,,1,2,2,2,3
200500004360,0005-01-22 12:40:00,5,1,22,12,40,650,47.0,"112, SPORTS (AVE DES)",,,Plein jour,En agglomération,Intersection en T,Temps couvert,Deux véhicules - côté,,,,,,,,,,,1,2,3,8,3
200500004361,0005-01-23 12:10:00,5,1,23,12,10,650,440.0,DEBUSSY (BOULEVARD CLAUD,,,Plein jour,En agglomération,Intersection en X,Normale,Deux véhicules - côté,,,,,,,,,,,1,2,2,1,3
200500004362,0005-01-05 08:58:00,5,1,5,8,58,660,136.0,FOMENT DE LA SARDANE (BO,,,Plein jour,En agglomération,Hors intersection,Normale,Autre collision,,,,,,,,,,,1,2,1,1,6
200500004363,0005-01-07 04:58:00,5,1,7,4,58,660,136.0,PENETRANTE NORD,,,Nuit sans éclairage public,En agglomération,Hors intersection,Normale,Autre collision,,,,,,,,,,,3,2,1,1,6
200500004364,0005-01-08 22:35:00,5,1,8,22,35,660,136.0,"36, PRADES (AVENUE DE)",,,Nuit avec éclairage allumé,En agglomération,Intersection en T,Normale,Deux véhicules - côté,,,,,,,,,,,5,2,3,1,3
200500004365,0005-01-11 07:55:00,5,1,11,7,55,660,136.0,"16, COURTELINE (GEORGES)",,,Crépuscule ou aube,En agglomération,Intersection en T,Normale,Deux véhicules - côté,,,,,,,,,,,2,2,3,1,3
200500004366,0005-01-03 12:05:00,5,1,3,12,5,660,136.0,"48, PAYRA (JEAN)",,,Plein jour,En agglomération,Hors intersection,Normale,Autre collision,,,,,,,,,,,1,2,1,1,6
200500004367,0005-01-19 01:00:00,5,1,19,1,0,660,136.0,ROUTE NATIONALE 9,,,Nuit sans éclairage public,En agglomération,Hors intersection,Pluie forte,Deux véhicules - frontale,,,,,,,,,,,3,2,1,3,1
200500004368,0005-01-18 08:05:00,5,1,18,8,5,660,136.0,GAUGUIN (AVENUE PAUL),,,Plein jour,En agglomération,Hors intersection,Vent fort / tempête,Deux véhicules - arrière,,,,,,,,,,,1,2,1,6,2
200500004369,0005-01-21 19:15:00,5,1,21,19,15,660,136.0,"20, KENNEDY (BD JOHN-FIT",,,Nuit avec éclairage allumé,En agglomération,Hors intersection,Normale,Deux véhicules - côté,,,,,,,,,,,5,2,1,1,3
200500004370,0005-01-22 18:00:00,5,1,22,18,0,660,136.0,"20, MANERA (HYACINTHE)",,,Crépuscule ou aube,En agglomération,Hors intersection,Normale,Autre collision,,,,,,,,,,,2,2,1,1,6
200500004371,0005-01-29 11:45:00,5,1,29,11,45,660,136.0,"51, GRANDE BRETAGNE (AVE",,,Plein jour,En agglomération,Intersection en T,Normale,Deux véhicules - côté,,,,,,,,,,,1,2,3,1,3
200500004372,0005-01-05 22:50:00,5,1,5,22,50,670,180.0,"N63, SOUFFLENHEIM (ROUTE",,,Nuit sans éclairage public,En agglomération,Hors intersection,Pluie légère,Deux véhicules - frontale,,,,,,,,,,,3,2,1,2,1
200500004373,0005-01-14 22:15:00,5,1,14,22,15,670,180.0,"1, HAGUENAU (COMMUNE DE)",,,Nuit avec éclairage allumé,En agglomération,Hors intersection,Normale,Autre collision,,,,,,,,,,,5,2,1,1,6
200500004374,0005-01-03 16:00:00,5,1,3,16,0,670,462.0,RD 424,,,Plein jour,En agglomération,Hors intersection,Temps couvert,Autre collision,,,,,,,,,,,1,2,1,8,6
200500004375,0005-01-12 17:40:00,5,1,12,17,40,670,462.0,"01, SAINTE MARIE-AUX-MIN",,,Crépuscule ou aube,En agglomération,Hors intersection,Normale,Autre collision,,,,,,,,,,,2,2,1,1,6
200500004376,0005-01-01 00:10:00,5,1,1,0,10,670,482.0,"12, SELESTAT (RUE DE)",,,Nuit avec éclairage allumé,En agglomération,Intersection en T,Normale,Autre collision,,,,,,,,,,,5,2,3,1,6
200500004377,0005-01-01 05:00:00,5,1,1,5,0,670,43.0,"00, GUIRBADEN (RUE DU)",,,Nuit avec éclairage allumé,En agglomération,Intersection en T,Pluie légère,Deux véhicules - côté,,,,,,,,,,,5,2,3,2,3
200500004378,0005-01-03 15:51:00,5,1,3,15,51,670,482.0,"00, PASTEUR (QUAI LOUIS)",,,Plein jour,En agglomération,Intersection en X,Normale,Deux véhicules - côté,,,,,,,,,,,1,2,2,1,3
200500004379,0005-01-03 17:10:00,5,1,3,17,10,670,482.0,"17, OBERNAI (RUE D )",,,Nuit avec éclairage allumé,En agglomération,Hors intersection,Normale,Autre collision,,,,,,,,,,,5,2,1,1,6
200500004380,0005-01-04 09:50:00,5,1,4,9,50,670,482.0,LYON (BOULEVARD DE),,,Plein jour,En agglomération,Intersection en X,Normale,Autre collision,,,,,,,,,,,1,2,2,1,6
200500004381,0005-01-04 16:40:00,5,1,4,16,40,670,482.0,MATHIAS GRUNEWALD (RUE),,,Crépuscule ou aube,En agglomération,Hors intersection,Normale,Autre collision,,,,,,,,,,,2,2,1,1,6
200500004382,0005-01-05 18:15:00,5,1,5,18,15,670,482.0,"00, KEPLER (RUE)",,,Nuit avec éclairage allumé,En agglomération,Hors intersection,Normale,Deux véhicules - frontale,,,,,,,,,,,5,2,1,1,1
200500004383,0005-01-06 07:38:00,5,1,6,7,38,670,482.0,"00, RACINE (AVENUE)",,,Crépuscule ou aube,En agglomération,Intersection en Y,Pluie légère,Autre collision,,,,,,,,,,,2,2,4,2,6
200500004384,0005-01-06 08:10:00,5,1,6,8,10,670,482.0,"0000, NEUHOF (ROUTE)",,,Crépuscule ou aube,En agglomération,Intersection en X,Pluie légère,Deux véhicules - côté,,,,,,,,,,,2,2,2,2,3
200500004385,0005-01-06 21:35:00,5,1,6,21,35,670,447.0,"00, PIERRE MENDES FRANCE",,,Nuit avec éclairage non allumé,En agglomération,Hors intersection,Normale,Autre collision,,,,,,,,,,,4,2,1,1,6
200500004386,0005-01-06 01:00:00,5,1,6,1,0,670,482.0,"0000, DOUBS (RUE DU)",,,Nuit avec éclairage allumé,En agglomération,Hors intersection,Normale,Deux véhicules - arrière,,,,,,,,,,,5,2,1,1,2
200500004387,0005-01-07 17:25:00,5,1,7,17,25,670,482.0,"34, WACKEN (RUE DU)",,,Nuit avec éclairage allumé,En agglomération,Intersection en T,Normale,Autre collision,,,,,,,,,,,5,2,3,1,6
200500004388,0005-01-07 18:45:00,5,1,7,18,45,670,218.0,"0, ALFRED KASTLER (ROUTE",,,Nuit avec éclairage allumé,En agglomération,Hors intersection,Normale,Autre collision,,,,,,,,,,,5,2,1,1,6
200500004389,0005-01-07 20:45:00,5,1,7,20,45,670,482.0,"99, SCHIRMECK (ROUTE DE)",,,Nuit avec éclairage allumé,En agglomération,Hors intersection,Normale,Autre collision,,,,,,,,,,,5,2,1,1,6
200500004390,0005-01-08 16:00:00,5,1,8,16,0,670,482.0,", MARECHAL DE LATTRE DE",,,Crépuscule ou aube,En agglomération,Hors intersection,Normale,Autre collision,,,,,,,,,,,2,2,1,1,6
200500004391,0005-01-08 20:30:00,5,1,8,20,30,670,447.0,"13, PERLE (RUE)",,,Nuit avec éclairage allumé,En agglomération,Hors intersection,Pluie légère,Autre collision,,,,,,,,,,,5,2,1,2,6
200500004392,0005-01-09 01:10:00,5,1,9,1,10,670,447.0,"14, LOUIS PASTEUR (RUE)",,,Nuit sans éclairage public,En agglomération,Hors intersection,Normale,Autre collision,,,,,,,,,,,3,2,1,1,6
200500004393,0005-01-10 14:10:00,5,1,10,14,10,670,482.0,"00, GENERAL OFFENSTEIN (",,,Plein jour,En agglomération,Hors intersection,Normale,Trois véhicules et plus - collisions multiples,,,,,,,,,,,1,2,1,1,5
200500004394,0005-01-10 18:15:00,5,1,10,18,15,670,482.0,"11, 22 NOVEMBRE (RUE DU)",,,Nuit avec éclairage allumé,En agglomération,Hors intersection,Normale,Autre collision,,,,,,,,,,,5,2,1,1,6
200500004395,0005-01-10 19:00:00,5,1,10,19,0,670,482.0,"24, GLACIERES (RUE DES)",,,Nuit avec éclairage allumé,En agglomération,Hors intersection,Normale,Autre collision,,,,,,,,,,,5,2,1,1,6
200500004396,0005-01-10 19:35:00,5,1,10,19,35,670,482.0,"000, GENERAL DE GAULLE (",,,Nuit avec éclairage allumé,En agglomération,Autre intersection,Normale,Autre collision,,,,,,,,,,,5,2,9,1,6
200500004397,0005-01-11 15:30:00,5,1,11,15,30,670,365.0,"68, LECLERC (RUE DU GENE",,,Plein jour,En agglomération,Intersection en X,Normale,Deux véhicules - arrière,,,,,,,,,,,1,2,2,1,2
200500004398,0005-01-11 19:40:00,5,1,11,19,40,670,482.0,"1, ROHRSCHOLLEN (ROUTE D",,,Nuit sans éclairage public,En agglomération,Autre intersection,Normale,Autre collision,,,,,,,,,,,3,2,9,1,6
200500004399,0005-01-12 18:10:00,5,1,12,18,10,670,218.0,ALFRED KASTLER (ROUTE),,,Nuit avec éclairage allumé,En agglomération,Intersection en Y,Pluie légère,Trois véhicules et plus - collisions multiples,,,,,,,,,,,5,2,4,2,5
200500004400,0005-01-13 07:50:00,5,1,13,7,50,670,482.0,"00, JACQUES KABLE (RUE)",,,Crépuscule ou aube,En agglomération,Intersection en X,Normale,Deux véhicules - côté,,,,,,,,,,,2,2,2,1,3
200500004401,0005-01-13 13:50:00,5,1,13,13,50,670,482.0,"00, CESAR JULIEN (RUE DU",,,Plein jour,En agglomération,Intersection en X,Normale,Deux véhicules - côté,,,,,,,,,,,1,2,2,1,3
200500004402,0005-01-14 13:50:00,5,1,14,13,50,670,482.0,MONTAGNE VERTE (RUE DE L,,,Plein jour,Hors agglomération,Intersection en T,Normale,Deux véhicules - arrière,,,,,,,,,,,1,1,3,1,2
200500004403,0005-01-15 05:35:00,5,1,15,5,35,670,482.0,"32, GANZAU (RUE)",,,Nuit avec éclairage non allumé,En agglomération,Hors intersection,Brouillard / fumée,Autre collision,,,,,,,,,,,4,2,1,5,6
200500004404,0005-01-15 14:50:00,5,1,15,14,50,670,482.0,RHIN (ROUTE DU),,,Plein jour,En agglomération,Hors intersection,Normale,Autre collision,,,,,,,,,,,1,2,1,1,6
200500004405,0005-01-17 02:20:00,5,1,17,2,20,670,218.0,"00, SCHAFFHARDT (RTE DE",,,Nuit sans éclairage public,En agglomération,Hors intersection,Brouillard / fumée,Autre collision,,,,,,,,,,,3,2,1,5,6
200500004406,0005-01-17 13:05:00,5,1,17,13,5,670,482.0,"00, GARE (PLACE DE LA)",,,Plein jour,En agglomération,Hors intersection,Normale,Autre collision,,,,,,,,,,,1,2,1,1,6
200500004407,0005-01-18 07:40:00,5,1,18,7,40,670,482.0,"000, RHIN (ROUTE DU)",,,Crépuscule ou aube,En agglomération,Intersection en X,Pluie légère,Autre collision,,,,,,,,,,,2,2,2,2,6
200500004408,0005-01-18 10:45:00,5,1,18,10,45,670,482.0,"000, GENERAL DE GAULLE (",,,Plein jour,En agglomération,Intersection en X,Pluie légère,Autre collision,,,,,,,,,,,1,2,2,2,6
200500004409,0005-01-19 15:20:00,5,1,19,15,20,670,482.0,"0, DORDOGNE (BOULEVARD D",,,Plein jour,En agglomération,Hors intersection,Normale,Autre collision,,,,,,,,,,,1,2,1,1,6
200500004410,0005-01-20 07:20:00,5,1,20,7,20,670,447.0,"7, MARAIS (RUE DU)",,,Crépuscule ou aube,En agglomération,Hors intersection,Temps couvert,Autre collision,,,,,,,,,,,2,2,1,8,6
200500004411,0005-01-20 17:30:00,5,1,20,17,30,670,482.0,"24, HUMANN (RUE)",,,Nuit avec éclairage allumé,En agglomération,Hors intersection,Pluie légère,Autre collision,,,,,,,,,,,5,2,1,2,6
200500004412,0005-01-20 18:40:00,5,1,20,18,40,670,482.0,"000, HOPITAL (ROUTE DE L",,,Crépuscule ou aube,En agglomération,Intersection en X,Pluie légère,Autre collision,,,,,,,,,,,2,2,2,2,6
200500004413,0005-01-20 21:20:00,5,1,20,21,20,670,447.0,"09, PATRIE (RUE DE LA)",,,Nuit avec éclairage allumé,En agglomération,Hors intersection,Pluie légère,Sans collision,,,,,,,,,,,5,2,1,2,7
200500004414,0005-01-21 07:36:00,5,1,21,7,36,670,43.0,"00, NIEDERHAUSBERGEN (RU",,,Nuit avec éclairage non allumé,En agglomération,Hors intersection,Pluie légère,Deux véhicules - côté,,,,,,,,,,,4,2,1,2,3
200500004415,0005-01-21 07:55:00,5,1,21,7,55,670,447.0,"36, VENDENHEIM (RUE DE)",,,Crépuscule ou aube,En agglomération,Hors intersection,Pluie forte,Autre collision,,,,,,,,,,,2,2,1,3,6
200500004416,0005-01-21 12:30:00,5,1,21,12,30,670,482.0,"36, WANTZENAU (RTE DE LA",,,Plein jour,En agglomération,Hors intersection,Normale,Deux véhicules - côté,,,,,,,,,,,1,2,1,1,3
200500004417,0005-01-22 10:05:00,5,1,22,10,5,670,482.0,"00, POLYGONE (ROUTE DU)",,,Plein jour,En agglomération,Intersection en X,Normale,Deux véhicules - côté,,,,,,,,,,,1,2,2,1,3
200500004418,0005-01-22 13:15:00,5,1,22,13,15,670,365.0,"00, 23 NOVEMBRE (RUE DU)",,,Plein jour,En agglomération,Intersection en X,Normale,Deux véhicules - côté,,,,,,,,,,,1,2,2,1,3
200500004419,0005-01-22 17:20:00,5,1,22,17,20,670,482.0,RHIN (ROUTE DU),,,Crépuscule ou aube,En agglomération,Intersection en X,Normale,Deux véhicules - côté,,,,,,,,,,,2,2,2,1,3
200500004420,0005-01-24 12:15:00,5,1,24,12,15,670,482.0,"0, LYON (BOULEVARD DE)",,,Plein jour,En agglomération,Intersection en X,Neige / grêle,Autre collision,,,,,,,,,,,1,2,2,4,6
200500004421,0005-01-27 17:15:00,5,1,27,17,15,670,482.0,"1, DORDOGNE (BOULEVARD D",,,Plein jour,En agglomération,Intersection en X,Normale,Autre collision,,,,,,,,,,,1,2,2,1,6
200500004422,0005-01-28 19:05:00,5,1,28,19,5,670,482.0,"0000, ZURICH (PLACE DE)",,,Nuit avec éclairage allumé,En agglomération,Intersection en T,Neige / grêle,Autre collision,,,,,,,,,,,5,2,3,4,6
200500004423,0005-01-29 08:45:00,5,1,29,8,45,670,482.0,"00, BASTIAN (RUE)",,,Plein jour,En agglomération,Intersection en X,Normale,Autre collision,,,,,,,,,,,1,2,2,1,6
200500004424,0005-01-30 22:55:00,5,1,30,22,55,670,482.0,"41, WATTWILLER (RUE DE)",,,Nuit avec éclairage allumé,En agglomération,Hors intersection,Neige / grêle,Autre collision,,,,,,,,,,,5,2,1,4,6
200500004425,0005-01-01 13:08:00,5,1,1,13,8,680,66.0,"119, ALSACE (RUE D')",,,Plein jour,En agglomération,Intersection en T,Pluie légère,Autre collision,,,,,,,,,,,1,2,3,2,6
200500004426,0005-01-12 12:14:00,5,1,12,12,14,680,66.0,KLEBER (RUE DE),,,Plein jour,En agglomération,Intersection en X,Normale,Autre collision,,,,,,,,,,,1,2,2,1,6
200500004427,0005-01-14 09:35:00,5,1,14,9,35,680,66.0,ROUFFACH (ROUTE DE),,,Plein jour,En agglomération,Intersection en X,Normale,Deux véhicules - côté,,,,,,,,,,,1,2,2,1,3
200500004428,0005-01-14 10:42:00,5,1,14,10,42,680,66.0,PONT-ROUGE (RUE DU),,,Plein jour,En agglomération,Intersection en T,Normale,Deux véhicules - côté,,,,,,,,,,,1,2,3,1,3