accident_id,datetime,annee,mois,jour,heure,minute,departement,commune_insee,adresse,latitude,longitude,luminosite,agglomeration,intersection,meteo,collision,nb_vehicules,nb_usagers,nb_indemnes,nb_tues,nb_blesses_hosp,nb_blesses_legers,age_cond_1,age_cond_2,veh_type_cond_1,veh_type_cond_2,lum_code,agg_code,int_code,atm_code,col_code
200500004556,0005-01-10 14:50:00,5,1,10,14,50,740,10.0,"45, CARNOT (RUE)",,,Plein jour,En agglomération,Hors intersection,Normale,Autre collision,,,,,,,,,,,1,2,1,1,6
200500004557,0005-01-11 08:00:00,5,1,11,8,0,740,10.0,"10, STAND (DU)",,,Plein jour,En agglomération,Hors intersection,Normale,Autre collision,,,,,,,,,,,1,2,1,1,6
200500004558,0005-01-14 15:00:00,5,1,14,15,0,740,10.0,LOVERCHY (CIMETIERE/AVEN,,,Plein jour,En agglomération,Intersection en X,Normale,Autre collision,,,,,,,,,,,1,2,2,1,6
200500004559,0005-01-04 10:15:00,5,1,4,10,15,740,12.0,GENEVE (RUE DE),,,Plein jour,En agglomération,Intersection en X,Temps éblouissant,Autre collision,,,,,,,,,,,1,2,2,7,6
200500004560,0005-01-02 11:36:00,5,1,2,11,36,740,12.0,VERDUN (AVENUE DE),,,Plein jour,En agglomération,Intersection en T,Pluie légère,Deux véhicules - côté,,,,,,,,,,,1,2,3,2,3
200500004561,0005-01-14 09:35:00,5,1,14,9,35,740,12.0,VALLEES (ROUTE DES),,,Plein jour,En agglomération,Hors intersection,Normale,Deux véhicules - côté,,,,,,,,,,,1,2,1,1,3
200500004562,0005-01-17 00:30:00,5,1,17,0,30,740,305.0,JUVIGNY (ROUTE DE),,,Nuit sans éclairage public,En agglomération,Intersection en T,Brouillard / fumée,Deux véhicules - côté,,,,,,,,,,,3,2,3,5,3
200500004563,0005-01-21 12:10:00,5,1,21,12,10,740,118.0,INDUSTRIE (RUE DE),,,Plein jour,En agglomération,Hors intersection,Neige / grêle,Sans collision,,,,,,,,,,,1,2,1,4,7
200500004564,0005-01-22 21:35:00,5,1,22,21,35,740,133.0,GENEVE (RUE DE),,,Nuit avec éclairage allumé,En agglomération,Hors intersection,Normale,Deux véhicules - côté,,,,,,,,,,,5,2,1,1,3
200500004565,0005-01-26 07:45:00,5,1,26,7,45,740,8.0,JEAN-JAURES (RUE),,,Plein jour,En agglomération,Intersection en T,Normale,Deux véhicules - frontale,,,,,,,,,,,1,2,3,1,1
200500004566,0005-01-15 20:25:00,5,1,15,20,25,740,281.0,"0, PRES VERTS (AVENUE DE",,,Nuit avec éclairage allumé,En agglomération,Intersection en T,Normale,Deux véhicules - côté,,,,,,,,,,,5,2,3,1,3
200500004567,0005-01-28 12:10:00,5,1,28,12,10,740,119.0,"0, LARRINGES (AVENUE DE)",,,Plein jour,En agglomération,Intersection en X,Neige / grêle,Autre collision,,,,,,,,,,,1,2,2,4,6
200500004568,0005-01-29 09:10:00,5,1,29,9,10,740,281.0,GENEVE (AVE DE) JUSQUE C,,,Plein jour,En agglomération,Hors intersection,Vent fort / tempête,Deux véhicules - arrière,,,,,,,,,,,1,2,1,6,2
200500004569,0005-01-02 09:39:00,5,1,2,9,39,750,20.0,180 R DES PYRENEES,,,Plein jour,En agglomération,Hors intersection,Normale,Autre collision,,,,,,,,,,,1,2,1,1,6
200500004570,0005-01-02 13:15:00,5,1,2,13,15,750,1.0,9 BD DE SEBASTOPOL,,,Plein jour,En agglomération,Hors intersection,Normale,Autre collision,,,,,,,,,,,1,2,1,1,6
200500004571,0005-01-02 17:45:00,5,1,2,17,45,750,18.0,BD BARBES R LA GOUTTE D,,,Nuit avec éclairage allumé,En agglomération,Intersection en X,Normale,Deux véhicules - côté,,,,,,,,,,,5,2,2,1,3
200500004572,0005-01-04 06:45:00,5,1,4,6,45,750,7.0,VERG CONCORDE ALEXANDRE,,,Nuit avec éclairage allumé,En agglomération,Hors intersection,Temps couvert,Autre collision,,,,,,,,,,,5,2,1,8,6
200500004573,0005-01-04 07:40:00,5,1,4,7,40,750,12.0,AV DE BEL AIR,,,Nuit avec éclairage allumé,En agglomération,Hors intersection,Normale,Autre collision,,,,,,,,,,,5,2,1,1,6
200500004574,0005-01-06 00:55:00,5,1,6,0,55,750,8.0,PL REP EQUATEUR R COURCE,,,Nuit avec éclairage allumé,En agglomération,Intersection en X,Normale,Deux véhicules - côté,,,,,,,,,,,5,2,2,1,3
200500004575,0005-01-01 01:10:00,5,1,1,1,10,750,4.0,PL DE LA BASTILLE BD HEN,,,Nuit avec éclairage allumé,En agglomération,Intersection en T,Normale,Autre collision,,,,,,,,,,,5,2,3,1,6
200500004576,0005-01-01 14:35:00,5,1,1,14,35,750,10.0,46 BD DE MAGENTA,,,Plein jour,En agglomération,Hors intersection,Normale,Deux véhicules - côté,,,,,,,,,,,1,2,1,1,3
200500004577,0005-01-06 23:20:00,5,1,6,23,20,750,14.0,PL DE CATALOGNE,,,Nuit avec éclairage allumé,En agglomération,Hors intersection,Normale,Autre collision,,,,,,,,,,,5,2,1,1,6
200500004578,0005-01-01 09:25:00,5,1,1,9,25,750,18.0,AV DE SAINT OUEN R BELLI,,,Plein jour,En agglomération,Intersection en X,Pluie légère,Deux véhicules - arrière,,,,,,,,,,,1,2,2,2,2
200500004579,0005-01-01 05:50:00,5,1,1,5,50,750,8.0,AV CHAMPS ELYSEES AV DE,,,Nuit avec éclairage allumé,En agglomération,Intersection en T,Normale,Autre collision,,,,,,,,,,,5,2,3,1,6
200500004580,0005-01-01 02:35:00,5,1,1,2,35,750,8.0,PL DE LA CONCORDE,,,Nuit avec éclairage allumé,En agglomération,Hors intersection,Normale,Autre collision,,,,,,,,,,,5,2,1,1,6
200500004581,0005-01-01 16:30:00,5,1,1,16,30,750,11.0,AV DE LA REPUBLIQUE R DE,,,Plein jour,En agglomération,Intersection en T,Normale,Autre collision,,,,,,,,,,,1,2,3,1,6
200500004582,0005-01-01 19:20:00,5,1,1,19,20,750,16.0,R DE PASSY R CHERNOVIZ,,,Nuit avec éclairage allumé,En agglomération,Intersection en T,Temps couvert,Deux véhicules - côté,,,,,,,,,,,5,2,3,8,3
200500004583,0005-01-02 17:43:00,5,1,2,17,43,750,12.0,AV GEN MICHEL BIZOT R LO,,,Nuit avec éclairage allumé,En agglomération,Intersection en X,Normale,Autre collision,,,,,,,,,,,5,2,2,1,6
200500004584,0005-01-02 15:45:00,5,1,2,15,45,750,13.0,PT DE BERCY Q DE LA GARE,,,Plein jour,En agglomération,Intersection en T,Normale,Deux véhicules - côté,,,,,,,,,,,1,2,3,1,3
200500004585,0005-01-02 11:30:00,5,1,2,11,30,750,15.0,R CAMBRONNE R LECOURBE,,,Plein jour,En agglomération,Intersection en X,Normale,Autre collision,,,,,,,,,,,1,2,2,1,6
200500004586,0005-01-02 19:00:00,5,1,2,19,0,750,19.0,AV SIMON BOLIVAR R BOTZA,,,Nuit avec éclairage allumé,En agglomération,Intersection en Y,Normale,Deux véhicules - côté,,,,,,,,,,,5,2,4,1,3
200500004587,0005-01-03 16:05:00,5,1,3,16,5,750,18.0,AV PTE LA CHAPELLE BD NE,,,Plein jour,En agglomération,Intersection en T,Normale,Deux véhicules - arrière,,,,,,,,,,,1,2,3,1,2
200500004588,0005-01-03 16:20:00,5,1,3,16,20,750,1.0,R DE RIVOLI R DES BOURDO,,,Plein jour,En agglomération,Intersection en X,Normale,Autre collision,,,,,,,,,,,1,2,2,1,6
200500004589,0005-01-03 19:35:00,5,1,3,19,35,750,3.0,R DU TEMPLE PAS SAINTE E,,,Nuit avec éclairage allumé,En agglomération,Intersection en T,Normale,Autre collision,,,,,,,,,,,5,2,3,1,6
200500004590,0005-01-04 20:25:00,5,1,4,20,25,750,16.0,AV DE VERSAILLES R F BLU,,,Nuit avec éclairage allumé,En agglomération,Intersection en T,Normale,Autre collision,,,,,,,,,,,5,2,3,1,6
200500004591,0005-01-04 17:50:00,5,1,4,17,50,750,1.0,352 R SAINT HONORE,,,Nuit avec éclairage allumé,En agglomération,Hors intersection,Normale,Deux véhicules - côté,,,,,,,,,,,5,2,1,1,3
200500004592,0005-01-04 17:55:00,5,1,4,17,55,750,1.0,Q DES TUILERIES AV GEN L,,,Nuit avec éclairage allumé,En agglomération,Intersection en T,Normale,Deux véhicules - côté,,,,,,,,,,,5,2,3,1,3
200500004593,0005-01-04 06:50:00,5,1,4,6,50,750,18.0,R DE CLIGNANCOURT R DE S,,,Nuit avec éclairage allumé,En agglomération,Intersection en T,Normale,Autre collision,,,,,,,,,,,5,2,3,1,6
200500004594,0005-01-04 08:20:00,5,1,4,8,20,750,14.0,BD ARAGO R DU FG SAINT J,,,Plein jour,En agglomération,Intersection en X,Normale,Deux véhicules - côté,,,,,,,,,,,1,2,2,1,3
200500004595,0005-01-02 13:00:00,5,1,2,13,0,750,9.0,R BLANCHE R LA BRUYERE,,,Plein jour,En agglomération,Intersection en T,Temps éblouissant,Autre collision,,,,,,,,,,,1,2,3,7,6
200500004596,0005-01-02 18:00:00,5,1,2,18,0,750,10.0,BD DE MAGENTA R DES VINA,,,Nuit avec éclairage allumé,En agglomération,Intersection en T,Normale,Autre collision,,,,,,,,,,,5,2,3,1,6
200500004597,0005-01-03 09:30:00,5,1,3,9,30,750,5.0,Q DE LA TOURNELLE PT DE,,,Plein jour,En agglomération,Intersection en X,Normale,Deux véhicules - arrière,,,,,,,,,,,1,2,2,1,2
200500004598,0005-01-03 17:30:00,5,1,3,17,30,750,8.0,AV GEORGE V R FRANCOIS 1,,,Nuit avec éclairage allumé,En agglomération,Intersection en Y,Normale,Deux véhicules - côté,,,,,,,,,,,5,2,4,1,3
200500004599,0005-01-03 19:10:00,5,1,3,19,10,750,15.0,8 BD GARIBALDI,,,Nuit avec éclairage allumé,En agglomération,Hors intersection,Normale,Deux véhicules - côté,,,,,,,,,,,5,2,1,1,3
200500004600,0005-01-03 17:10:00,5,1,3,17,10,750,19.0,AV CORENTIN CARIOU BD MA,,,Nuit avec éclairage allumé,En agglomération,Intersection en T,Normale,Autre collision,,,,,,,,,,,5,2,3,1,6
200500004601,0005-01-04 15:00:00,5,1,4,15,0,750,9.0,R PIERRE SEMARD R LA FAY,,,Plein jour,En agglomération,Intersection en T,Normale,Autre collision,,,,,,,,,,,1,2,3,1,6
200500004602,0005-01-04 04:35:00,5,1,4,4,35,750,9.0,BD DE ROCHECHOUART BD DE,,,Nuit avec éclairage allumé,En agglomération,Intersection en X,Normale,Deux véhicules - arrière,,,,,,,,,,,5,2,2,1,2
200500004603,0005-01-04 11:05:00,5,1,4,11,5,750,14.0,R DU MONTPARNASSE BD DU,,,Plein jour,En agglomération,Intersection en X,Normale,Autre collision,,,,,,,,,,,1,2,2,1,6
200500004604,0005-01-04 19:15:00,5,1,4,19,15,750,14.0,297 BD RASPAIL,,,Nuit avec éclairage allumé,En agglomération,Hors intersection,Normale,Autre collision,,,,,,,,,,,5,2,1,1,6
200500004605,0005-01-04 19:20:00,5,1,4,19,20,750,19.0,188 R JEAN JAURES,,,Nuit avec éclairage allumé,En agglomération,Hors intersection,Normale,Autre collision,,,,,,,,,,,5,2,1,1,6
200500004606,0005-01-05 12:40:00,5,1,5,12,40,750,2.0,BD MONTMARTRE R VIVIENNE,,,Plein jour,En agglomération,Intersection en T,Pluie légère,Deux véhicules - côté,,,,,,,,,,,1,2,3,2,3
200500004607,0005-01-05 21:15:00,5,1,5,21,15,750,10.0,R FG SAINT MARTIN AV DE,,,Nuit avec éclairage allumé,En agglomération,Intersection en X,Pluie légère,Autre collision,,,,,,,,,,,5,2,2,2,6
200500004608,0005-01-05 21:10:00,5,1,5,21,10,750,10.0,R CHATEAU LANDON R LA FA,,,Nuit avec éclairage allumé,En agglomération,Intersection à plus de 4 branches,Pluie légère,Deux véhicules - côté,,,,,,,,,,,5,2,5,2,3
200500004609,0005-01-05 12:20:00,5,1,5,12,20,750,11.0,18 BD DU TEMPLE,,,Plein jour,En agglomération,Hors intersection,Normale,Autre collision,,,,,,,,,,,1,2,1,1,6
200500004610,0005-01-08 15:30:00,5,1,8,15,30,750,5.0,16 R BUFFON,,,Plein jour,En agglomération,Hors intersection,Normale,Autre collision,,,,,,,,,,,1,2,1,1,6
200500004611,0005-01-09 10:40:00,5,1,9,10,40,750,11.0,190 BD VOLTAIRE,,,Plein jour,En agglomération,Hors intersection,Normale,Trois véhicules et plus - collisions multiples,,,,,,,,,,,1,2,1,1,5
200500004612,0005-01-09 22:05:00,5,1,9,22,5,750,14.0,26 BD BRUNE,,,Nuit avec éclairage allumé,En agglomération,Hors intersection,Normale,Autre collision,,,,,,,,,,,5,2,1,1,6
200500004613,0005-01-05 18:35:00,5,1,5,18,35,750,11.0,BD VOLTAIRE CI DE PHALSB,,,Nuit avec éclairage allumé,En agglomération,Intersection en T,Pluie légère,Deux véhicules - côté,,,,,,,,,,,5,2,3,2,3
200500004614,0005-01-05 22:40:00,5,1,5,22,40,750,14.0,BD JOURDAN R CI UNIVERSI,,,Nuit avec éclairage allumé,En agglomération,Intersection en T,Pluie légère,Deux véhicules - côté,,,,,,,,,,,5,2,3,2,3
200500004615,0005-01-05 08:15:00,5,1,5,8,15,750,14.0,R DE L OUEST R MOULIN LA,,,Plein jour,En agglomération,Intersection en X,Pluie légère,Autre collision,,,,,,,,,,,1,2,2,2,6
200500004616,0005-01-05 21:00:00,5,1,5,21,0,750,18.0,BD ORNANO R HERMEL,,,Nuit avec éclairage allumé,En agglomération,Intersection en T,Pluie légère,Deux véhicules - côté,,,,,,,,,,,5,2,3,2,3
200500004617,0005-01-05 18:38:00,5,1,5,18,38,750,12.0,BD DIDEROT R DE PICPUS,,,Nuit avec éclairage allumé,En agglomération,Intersection en X,Pluie légère,Autre collision,,,,,,,,,,,5,2,2,2,6
200500004618,0005-01-03 21:20:00,5,1,3,21,20,750,17.0,AV GRANDE ARMEE R A DE L,,,Nuit avec éclairage allumé,En agglomération,Intersection en T,Normale,Deux véhicules - côté,,,,,,,,,,,5,2,3,1,3
200500004619,0005-01-03 01:10:00,5,1,3,1,10,750,20.0,BD DE CHARONNE R D AVRON,,,Nuit avec éclairage allumé,En agglomération,Intersection en T,Normale,Deux véhicules - frontale,,,,,,,,,,,5,2,3,1,1
200500004620,0005-01-04 13:45:00,5,1,4,13,45,750,15.0,R LABROUSTE R DE VOUILLE,,,Plein jour,En agglomération,Intersection en X,Normale,Autre collision,,,,,,,,,,,1,2,2,1,6
200500004621,0005-01-05 08:00:00,5,1,5,8,0,750,14.0,AV PTE DE CHATILLON BD B,,,Plein jour,En agglomération,Intersection en T,Pluie légère,Autre collision,,,,,,,,,,,1,2,3,2,6
200500004622,0005-01-05 19:00:00,5,1,5,19,0,750,5.0,14 Q SAINT BERNARD,,,Nuit avec éclairage allumé,En agglomération,Hors intersection,Pluie légère,Autre collision,,,,,,,,,,,5,2,1,2,6
200500004623,0005-01-05 18:55:00,5,1,5,18,55,750,5.0,24 R G SAINT HILAIRE,,,Nuit avec éclairage allumé,En agglomération,Hors intersection,Pluie légère,Autre collision,,,,,,,,,,,5,2,1,2,6
200500004624,0005-01-05 17:20:00,5,1,5,17,20,750,7.0,AV LA MOTTE PICQUET R DU,,,Nuit avec éclairage allumé,En agglomération,Intersection en T,Pluie légère,Deux véhicules - côté,,,,,,,,,,,5,2,3,2,3
200500004625,0005-01-05 17:45:00,5,1,5,17,45,750,7.0,R DE BABYLONE BD DES INV,,,Nuit avec éclairage allumé,En agglomération,Intersection en X,Pluie légère,Autre collision,,,,,,,,,,,5,2,2,2,6
200500004626,0005-01-11 06:40:00,5,1,11,6,40,750,1.0,R RIVOLI R LEMONNIER,,,Nuit avec éclairage allumé,En agglomération,Intersection en X,Normale,Deux véhicules - arrière,,,,,,,,,,,5,2,2,1,2
200500004627,0005-01-05 18:45:00,5,1,5,18,45,750,7.0,PL VAUBAN AV DE SEGUR,,,Nuit avec éclairage allumé,En agglomération,Intersection en T,Pluie légère,Deux véhicules - côté,,,,,,,,,,,5,2,3,2,3
200500004628,0005-01-05 11:55:00,5,1,5,11,55,750,8.0,AV CHAMPS ELYSEES PL DE,,,Plein jour,En agglomération,Intersection en T,Pluie légère,Autre collision,,,,,,,,,,,1,2,3,2,6
200500004629,0005-01-05 16:00:00,5,1,5,16,0,750,13.0,164 R CH DES RENTIERS,,,Plein jour,En agglomération,Hors intersection,Pluie légère,Autre collision,,,,,,,,,,,1,2,1,2,6
200500004630,0005-01-05 08:15:00,5,1,5,8,15,750,13.0,AV PORTE D ITALIE  ECH I,,,Plein jour,En agglomération,Intersection en T,Pluie légère,Deux véhicules - côté,,,,,,,,,,,1,2,3,2,3
200500004631,0005-01-05 16:10:00,5,1,5,16,10,750,13.0,192 AV D ITALIE,,,Plein jour,En agglomération,Hors intersection,Pluie légère,Autre collision,,,,,,,,,,,1,2,1,2,6
200500004632,0005-01-05 19:15:00,5,1,5,19,15,750,16.0,AV D IENA R NEWTON,,,Nuit avec éclairage allumé,En agglomération,Intersection en T,Pluie légère,Deux véhicules - côté,,,,,,,,,,,5,2,3,2,3
200500004633,0005-01-05 13:42:00,5,1,5,13,42,750,16.0,AV DU PDT KENNEDY R DU R,,,Plein jour,En agglomération,Intersection en T,Pluie légère,Deux véhicules - arrière,,,,,,,,,,,1,2,3,2,2
200500004634,0005-01-06 17:20:00,5,1,6,17,20,750,13.0,R DE TOLBIAC R NATIONALE,,,Nuit avec éclairage allumé,En agglomération,Intersection en X,Normale,Autre collision,,,,,,,,,,,5,2,2,1,6
200500004635,0005-01-06 16:25:00,5,1,6,16,25,750,14.0,64 BD BRUNE,,,Plein jour,En agglomération,Hors intersection,Normale,Autre collision,,,,,,,,,,,1,2,1,1,6
200500004636,0005-01-07 08:05:00,5,1,7,8,5,750,16.0,60 AV D IENA,,,Plein jour,En agglomération,Hors intersection,Normale,Deux véhicules - côté,,,,,,,,,,,1,2,1,1,3
200500004637,0005-01-07 16:34:00,5,1,7,16,34,750,16.0,R CORTAMBERT R NICOLO,,,Plein jour,En agglomération,Intersection en X,Normale,Autre collision,,,,,,,,,,,1,2,2,1,6
200500004638,0005-01-11 09:50:00,5,1,11,9,50,750,7.0,BD TOUR MAUBOURG R UNIVE,,,Plein jour,En agglomération,Intersection en X,Normale,Deux véhicules - côté,,,,,,,,,,,1,2,2,1,3
200500004639,0005-01-04 19:15:00,5,1,4,19,15,750,7.0,BD SAINT GERMAIN R DE LI,,,Nuit avec éclairage allumé,En agglomération,Intersection en X,Normale,Autre collision,,,,,,,,,,,5,2,2,1,6
200500004640,0005-01-05 15:55:00,5,1,5,15,55,750,3.0,BD DE SEBASTOPOL R N D D,,,Plein jour,En agglomération,Intersection en T,Pluie légère,Autre collision,,,,,,,,,,,1,2,3,2,6
200500004641,0005-01-05 14:50:00,5,1,5,14,50,750,12.0,R DE PICPUS BD DIDEROT,,,Plein jour,En agglomération,Intersection en X,Normale,Deux véhicules - côté,,,,,,,,,,,1,2,2,1,3
200500004642,0005-01-06 18:55:00,5,1,6,18,55,750,7.0,Q BRANLY AV DE SUFFREN,,,Nuit avec éclairage allumé,En agglomération,Intersection en T,Normale,Autre collision,,,,,,,,,,,5,2,3,1,6
200500004643,0005-01-06 18:20:00,5,1,6,18,20,750,9.0,R DE MOGADOR R DE LAVICT,,,Nuit avec éclairage allumé,En agglomération,Intersection en X,Normale,Sans collision,,,,,,,,,,,5,2,2,1,7
200500004644,0005-01-06 19:00:00,5,1,6,19,0,750,11.0,132 R DE CHARONNE,,,Nuit avec éclairage allumé,En agglomération,Hors intersection,Temps couvert,Deux véhicules - côté,,,,,,,,,,,5,2,1,8,3
200500004645,0005-01-06 18:45:00,5,1,6,18,45,750,11.0,94 AV PARMENTIER,,,Nuit avec éclairage allumé,En agglomération,Hors intersection,Normale,Deux véhicules - côté,,,,,,,,,,,5,2,1,1,3
200500004646,0005-01-06 19:05:00,5,1,6,19,5,750,12.0,AV DAUMESNIL R DE PICPUS,,,Nuit avec éclairage allumé,En agglomération,Intersection en Y,Normale,Autre collision,,,,,,,,,,,5,2,4,1,6
200500004647,0005-01-06 23:40:00,5,1,6,23,40,750,15.0,R DE VAUGIRARD R EMILE D,,,Nuit avec éclairage allumé,En agglomération,Intersection en X,Normale,Autre collision,,,,,,,,,,,5,2,2,1,6
200500004648,0005-01-07 10:10:00,5,1,7,10,10,750,18.0,BD BARBES R DES POISSONN,,,Plein jour,En agglomération,Intersection en Y,Normale,Sans collision,,,,,,,,,,,1,2,4,1,7
200500004649,0005-01-08 19:30:00,5,1,8,19,30,750,18.0,BD ORNANO BD NEY,,,Nuit avec éclairage allumé,En agglomération,Intersection en X,Normale,Autre collision,,,,,,,,,,,5,2,2,1,6
200500004650,0005-01-06 09:15:00,5,1,6,9,15,750,15.0,2 R DE LA CONVENTION,,,Plein jour,En agglomération,Hors intersection,Normale,Autre collision,,,,,,,,,,,1,2,1,1,6
200500004651,0005-01-08 01:00:00,5,1,8,1,0,750,6.0,R BONAPARTE R VIEUX COLO,,,Nuit avec éclairage allumé,En agglomération,Intersection en X,Normale,Sans collision,,,,,,,,,,,5,2,2,1,7
200500004652,0005-01-09 00:50:00,5,1,9,0,50,750,6.0,BD SAINT GERMAIN R DES S,,,Nuit avec éclairage allumé,En agglomération,Intersection en X,Normale,Deux véhicules - côté,,,,,,,,,,,5,2,2,1,3
200500004653,0005-01-09 00:01:00,5,1,9,0,1,750,13.0,R BRUNESEAU Q D IVRY,,,Nuit avec éclairage allumé,En agglomération,Intersection en T,Normale,Autre collision,,,,,,,,,,,5,2,3,1,6
200500004654,0005-01-10 01:35:00,5,1,10,1,35,750,9.0,4 R DU FG MONTMARTRE,,,Nuit avec éclairage allumé,En agglomération,Hors intersection,Normale,Autre collision,,,,,,,,,,,5,2,1,1,6
200500004655,0005-01-05 19:50:00,5,1,5,19,50,750,20.0,4 PL GAMBETTA,,,Nuit avec éclairage allumé,En agglomération,Hors intersection,Pluie légère,Autre collision,,,,,,,,,,,5,2,1,2,6
200500004656,0005-01-07 21:30:00,5,1,7,21,30,750,19.0,AV CORENTIN CARIOU BD MA,,,Nuit avec éclairage allumé,En agglomération,Intersection en T,Normale,Autre collision,,,,,,,,,,,5,2,3,1,6
200500004657,0005-01-07 17:15:00,5,1,7,17,15,750,19.0,240 R DE BELLEVILLE,,,Nuit avec éclairage allumé,En agglomération,Hors intersection,Normale,Deux véhicules - côté,,,,,,,,,,,5,2,1,1,3
200500004658,0005-01-07 15:50:00,5,1,7,15,50,750,19.0,R D AUBERVILLIERS R DU M,,,Plein jour,En agglomération,Intersection en T,Normale,Deux véhicules - côté,,,,,,,,,,,1,2,3,1,3
200500004659,0005-01-07 17:39:00,5,1,7,17,39,750,3.0,56 R CHAPON,,,Nuit avec éclairage allumé,En agglomération,Hors intersection,Normale,Autre collision,,,,,,,,,,,5,2,1,1,6
200500004660,0005-01-07 10:35:00,5,1,7,10,35,750,7.0,R FABERT R DE GRENELLE,,,Plein jour,En agglomération,Intersection en T,Normale,Deux véhicules - côté,,,,,,,,,,,1,2,3,1,3
200500004661,0005-01-07 00:20:00,5,1,7,0,20,750,20.0,AV GAMBETTA R MALTE BRUN,,,Nuit avec éclairage allumé,En agglomération,Intersection en X,Normale,Deux véhicules - côté,,,,,,,,,,,5,2,2,1,3
200500004662,0005-01-08 17:20:00,5,1,8,17,20,750,19.0,126 AV SIMON BOLIVAR,,,Crépuscule ou aube,En agglomération,Hors intersection,Normale,Autre collision,,,,,,,,,,,2,2,1,1,6
200500004663,0005-01-08 14:10:00,5,1,8,14,10,750,14.0,R LEGION ETRANGERE BD RO,,,Plein jour,En agglomération,Intersection en X,Temps couvert,Deux véhicules - côté,,,,,,,,,,,1,2,2,8,3
200500004664,0005-01-08 10:00:00,5,1,8,10,0,750,16.0,30 BD LANNES,,,Plein jour,En agglomération,Hors intersection,Normale,Deux véhicules - côté,,,,,,,,,,,1,2,1,1,3
200500004665,0005-01-09 16:00:00,5,1,9,16,0,750,19.0,158 AV JEAN JAURES,,,Plein jour,En agglomération,Hors intersection,Normale,Deux véhicules - côté,,,,,,,,,,,1,2,1,1,3
200500004666,0005-01-09 23:45:00,5,1,9,23,45,750,7.0,26 BD RASPAIL,,,Nuit avec éclairage allumé,En agglomération,Hors intersection,Normale,Deux véhicules - côté,,,,,,,,,,,5,2,1,1,3
200500004667,0005-01-09 10:05:00,5,1,9,10,5,750,3.0,R PONT AUX CHOUX R DE TU,,,Plein jour,En agglomération,Intersection en T,Normale,Autre collision,,,,,,,,,,,1,2,3,1,6
200500004668,0005-01-11 06:30:00,5,1,11,6,30,750,4.0,L4801 VERD MARIE SULLY,,,Nuit avec éclairage allumé,En agglomération,Hors intersection,Normale,Autre collision,,,,,,,,,,,5,2,1,1,6
200500004669,0005-01-10 02:55:00,5,1,10,2,55,750,7.0,AV LA MOTTE PICQUET BD L,,,Nuit avec éclairage allumé,En agglomération,Intersection en X,Normale,Autre collision,,,,,,,,,,,5,2,2,1,6
200500004670,0005-01-12 15:55:00,5,1,12,15,55,750,8.0,102 AV CHAMPS ELYSEES,,,Nuit avec éclairage allumé,En agglomération,Hors intersection,Temps couvert,Autre collision,,,,,,,,,,,5,2,1,8,6
200500004671,0005-01-08 12:05:00,5,1,8,12,5,750,11.0,64 BD BEAUMARCHAIS,,,Plein jour,En agglomération,Hors intersection,Normale,Deux véhicules - côté,,,,,,,,,,,1,2,1,1,3
200500004672,0005-01-10 08:55:00,5,1,10,8,55,750,2.0,BD DES ITALIENS R DE LA,,,Plein jour,En agglomération,Intersection en T,Normale,Deux véhicules - côté,,,,,,,,,,,1,2,3,1,3
200500004673,0005-01-10 08:37:00,5,1,10,8,37,750,9.0,58 R DE CHATEAUDUN,,,Plein jour,En agglomération,Hors intersection,Normale,Deux véhicules - arrière,,,,,,,,,,,1,2,1,1,2
200500004674,0005-01-10 13:22:00,5,1,10,13,22,750,11.0,149 BD CHARONNE,,,Plein jour,En agglomération,Hors intersection,Normale,Autre collision,,,,,,,,,,,1,2,1,1,6
200500004675,0005-01-10 20:10:00,5,1,10,20,10,750,11.0,238 BD VOLTAIRE,,,Nuit avec éclairage allumé,En agglomération,Hors intersection,Pluie légère,Deux véhicules - côté,,,,,,,,,,,5,2,1,2,3
200500004676,0005-01-10 16:20:00,5,1,10,16,20,750,11.0,4 PL LEON BLUM,,,Plein jour,En agglomération,Hors intersection,Normale,Autre collision,,,,,,,,,,,1,2,1,1,6
200500004677,0005-01-11 08:50:00,5,1,11,8,50,750,19.0,BD DE LA VILLETTE R DE K,,,Plein jour,En agglomération,Intersection en T,Normale,Autre collision,,,,,,,,,,,1,2,3,1,6
200500004678,0005-01-04 10:15:00,5,1,4,10,15,750,17.0,118 R DES DAMES,,,Plein jour,En agglomération,Hors intersection,Normale,Deux véhicules - côté,,,,,,,,,,,1,2,1,1,3
200500004679,0005-01-05 15:30:00,5,1,5,15,30,750,17.0,3 PL DE WAGRAM,,,Plein jour,En agglomération,Hors intersection,Temps couvert,Sans collision,,,,,,,,,,,1,2,1,8,7
200500004680,0005-01-05 19:05:00,5,1,5,19,5,750,17.0,118 BD MALESHERBES,,,Nuit avec éclairage allumé,En agglomération,Hors intersection,Pluie légère,Sans collision,,,,,,,,,,,5,2,1,2,7
200500004681,0005-01-06 14:10:00,5,1,6,14,10,750,15.0,R ABBE GROULT R CROIX NI,,,Plein jour,En agglomération,Intersection en X,Normale,Deux véhicules - côté,,,,,,,,,,,1,2,2,1,3
200500004682,0005-01-07 17:35:00,5,1,7,17,35,750,15.0,96 R DE LA CONVENTION,,,Nuit avec éclairage allumé,En agglomération,Hors intersection,Normale,Autre collision,,,,,,,,,,,5,2,1,1,6
200500004683,0005-01-08 00:25:00,5,1,8,0,25,750,11.0,R FG SAINT ANTOINE R ROU,,,Nuit avec éclairage allumé,En agglomération,Intersection en T,Normale,Deux véhicules - côté,,,,,,,,,,,5,2,3,1,3
200500004684,0005-01-13 15:15:00,5,1,13,15,15,750,20.0,PL M NADAUD AV GAMBETTA,,,Plein jour,En agglomération,Intersection en T,Normale,Deux véhicules - côté,,,,,,,,,,,1,2,3,1,3