accident_id,datetime,annee,mois,jour,heure,minute,departement,commune_insee,adresse,latitude,longitude,luminosite,agglomeration,intersection,meteo,collision,nb_vehicules,nb_usagers,nb_indemnes,nb_tues,nb_blesses_hosp,nb_blesses_legers,age_cond_1,age_cond_2,veh_type_cond_1,veh_type_cond_2,lum_code,agg_code,int_code,atm_code,col_code
200500004685,0005-01-09 10:55:00,5,1,9,10,55,750,15.0,R LOUIS ARMAND AV PORTE,,,Plein jour,En agglomération,Intersection en T,Normale,Deux véhicules - côté,,,,,,,,,,,1,2,3,1,3
200500004686,0005-01-10 12:50:00,5,1,10,12,50,750,16.0,R MAURICE BOURDET AV DU,,,Plein jour,En agglomération,Intersection en X,Normale,Deux véhicules - côté,,,,,,,,,,,1,2,2,1,3
200500004687,0005-01-10 20:15:00,5,1,10,20,15,750,16.0,AV DE MALAKOFF AV RAYMON,,,Nuit avec éclairage allumé,En agglomération,Intersection en X,Pluie légère,Deux véhicules - côté,,,,,,,,,,,5,2,2,2,3
200500004688,0005-01-10 14:50:00,5,1,10,14,50,750,16.0,AV FOCH AV RAYMOND POINC,,,Plein jour,En agglomération,Intersection en X,Normale,Autre collision,,,,,,,,,,,1,2,2,1,6
200500004689,0005-01-10 19:55:00,5,1,10,19,55,750,16.0,108 BD SUCHET,,,Nuit avec éclairage allumé,En agglomération,Hors intersection,Pluie légère,Deux véhicules - côté,,,,,,,,,,,5,2,1,2,3
200500004690,0005-01-11 08:45:00,5,1,11,8,45,750,16.0,L1158 ALL FORTIFICATIONS,,,Plein jour,En agglomération,Hors intersection,Normale,Autre collision,,,,,,,,,,,1,2,1,1,6
200500004691,0005-01-13 18:25:00,5,1,13,18,25,750,13.0,BPE GENTILLY ITALIE,,,Nuit avec éclairage allumé,En agglomération,Hors intersection,Normale,Deux véhicules - côté,,,,,,,,,,,5,2,1,1,3
200500004692,0005-01-07 11:10:00,5,1,7,11,10,750,10.0,R DE CHABROL CI DE CHABR,,,Plein jour,En agglomération,Intersection en T,Normale,Deux véhicules - côté,,,,,,,,,,,1,2,3,1,3
200500004693,0005-01-07 10:10:00,5,1,7,10,10,750,10.0,BD SAINT DENIS BD DE STR,,,Plein jour,En agglomération,Intersection en X,Normale,Autre collision,,,,,,,,,,,1,2,2,1,6
200500004694,0005-01-07 13:40:00,5,1,7,13,40,750,8.0,R DE ROME R CONSTANTINOP,,,Plein jour,En agglomération,Intersection en X,Normale,Autre collision,,,,,,,,,,,1,2,2,1,6
200500004695,0005-01-08 07:05:00,5,1,8,7,5,750,10.0,R FG SAINT MARTIN BD DE,,,Nuit avec éclairage allumé,En agglomération,Intersection en X,Normale,Deux véhicules - côté,,,,,,,,,,,5,2,2,1,3
200500004696,0005-01-09 14:40:00,5,1,9,14,40,750,8.0,SOU CONCORDE,,,Plein jour,En agglomération,Hors intersection,Normale,Deux véhicules - frontale,,,,,,,,,,,1,2,1,1,1
200500004697,0005-01-10 10:30:00,5,1,10,10,30,750,8.0,R DU BOCCADOR R MARBEUF,,,Plein jour,En agglomération,Intersection en X,Normale,Autre collision,,,,,,,,,,,1,2,2,1,6
200500004698,0005-01-10 16:15:00,5,1,10,16,15,750,8.0,52 R DE MONCEAU,,,Plein jour,En agglomération,Hors intersection,Normale,Autre collision,,,,,,,,,,,1,2,1,1,6
200500004699,0005-01-10 10:30:00,5,1,10,10,30,750,6.0,44 R DE SEVRES,,,Plein jour,En agglomération,Hors intersection,Normale,Autre collision,,,,,,,,,,,1,2,1,1,6
200500004700,0005-01-11 11:10:00,5,1,11,11,10,750,19.0,AV JEAN JAURES R DE LUNE,,,Plein jour,En agglomération,Intersection en T,Normale,Deux véhicules - côté,,,,,,,,,,,1,2,3,1,3
200500004701,0005-01-11 20:35:00,5,1,11,20,35,750,11.0,R SAINT MAUR AV DE LA RE,,,Nuit avec éclairage allumé,En agglomération,Intersection en X,Normale,Deux véhicules - côté,,,,,,,,,,,5,2,2,1,3
200500004702,0005-01-11 16:50:00,5,1,11,16,50,750,11.0,132 BD VOLTAIRE,,,Plein jour,En agglomération,Hors intersection,Pluie légère,Autre collision,,,,,,,,,,,1,2,1,2,6
200500004703,0005-01-11 13:40:00,5,1,11,13,40,750,2.0,BD DES ITALIENS R DE LA,,,Plein jour,En agglomération,Intersection en X,Normale,Deux véhicules - côté,,,,,,,,,,,1,2,2,1,3
200500004704,0005-01-11 21:45:00,5,1,11,21,45,750,9.0,PL ADOLPHE MAX R DE VINT,,,Nuit avec éclairage allumé,En agglomération,Intersection en T,Normale,Deux véhicules - côté,,,,,,,,,,,5,2,3,1,3
200500004705,0005-01-12 18:45:00,5,1,12,18,45,750,10.0,228 R FG SAINT MARTIN,,,Nuit avec éclairage allumé,En agglomération,Hors intersection,Pluie légère,Autre collision,,,,,,,,,,,5,2,1,2,6
200500004706,0005-01-14 13:55:00,5,1,14,13,55,750,15.0,22 AV EMILE ZOLA,,,Plein jour,En agglomération,Hors intersection,Normale,Autre collision,,,,,,,,,,,1,2,1,1,6
200500004707,0005-01-14 16:25:00,5,1,14,16,25,750,5.0,32 R PIERRE NICOLE,,,Plein jour,En agglomération,Hors intersection,Normale,Autre collision,,,,,,,,,,,1,2,1,1,6
200500004708,0005-01-12 17:05:00,5,1,12,17,5,750,14.0,AV GENERAL LECLERC R ERN,,,Crépuscule ou aube,En agglomération,Intersection en T,Normale,Deux véhicules - côté,,,,,,,,,,,2,2,3,1,3
200500004709,0005-01-12 20:05:00,5,1,12,20,5,750,14.0,AV GENERAL LECLERC PL DE,,,Nuit avec éclairage allumé,En agglomération,Intersection en T,Pluie légère,Deux véhicules - arrière,,,,,,,,,,,5,2,3,2,2
200500004710,0005-01-12 22:55:00,5,1,12,22,55,750,16.0,R AGAR R GROS,,,Nuit avec éclairage allumé,En agglomération,Intersection en T,Normale,Autre collision,,,,,,,,,,,5,2,3,1,6
200500004711,0005-01-12 17:25:00,5,1,12,17,25,750,12.0,80 AV DE SAINT MANDE,,,Crépuscule ou aube,En agglomération,Hors intersection,Normale,Deux véhicules - côté,,,,,,,,,,,2,2,1,1,3
200500004712,0005-01-12 18:35:00,5,1,12,18,35,750,17.0,AV GRANDE ARMEE R A DE L,,,Nuit avec éclairage allumé,En agglomération,Intersection en T,Normale,Deux véhicules - côté,,,,,,,,,,,5,2,3,1,3
200500004713,0005-01-12 08:25:00,5,1,12,8,25,750,7.0,L6063 VERG PT ROYAL PT D,,,Plein jour,En agglomération,Hors intersection,Pluie légère,Autre collision,,,,,,,,,,,1,2,1,2,6
200500004714,0005-01-12 07:05:00,5,1,12,7,5,750,12.0,ECH VINCENNES AV PTE DE,,,Crépuscule ou aube,En agglomération,Intersection en T,Pluie légère,Deux véhicules - côté,,,,,,,,,,,2,2,3,2,3
200500004715,0005-01-12 10:35:00,5,1,12,10,35,750,12.0,L1986 RTE DU PESAGE,,,Plein jour,En agglomération,Hors intersection,Normale,Deux véhicules - côté,,,,,,,,,,,1,2,1,1,3
200500004716,0005-01-12 16:00:00,5,1,12,16,0,750,3.0,R DU VERTBOIS R VOLTA,,,Plein jour,En agglomération,Intersection en X,Normale,Autre collision,,,,,,,,,,,1,2,2,1,6
200500004717,0005-01-11 18:10:00,5,1,11,18,10,750,4.0,BD BOURDON BD MORLAND,,,Nuit avec éclairage allumé,En agglomération,Intersection en Y,Normale,Deux véhicules - arrière,,,,,,,,,,,5,2,4,1,2
200500004718,0005-01-11 19:50:00,5,1,11,19,50,750,16.0,L5570 AV DE VERSAILLES,,,Nuit avec éclairage allumé,En agglomération,Hors intersection,Normale,Autre collision,,,,,,,,,,,5,2,1,1,6
200500004719,0005-01-11 19:15:00,5,1,11,19,15,750,16.0,L7281 ALL REINE MARGUERI,,,Nuit avec éclairage allumé,En agglomération,Hors intersection,Normale,Deux véhicules - côté,,,,,,,,,,,5,2,1,1,3
200500004720,0005-01-13 10:05:00,5,1,13,10,5,750,16.0,AV KLEBER R DE BELLOY,,,Plein jour,En agglomération,Intersection en T,Normale,Sans collision,,,,,,,,,,,1,2,3,1,7
200500004721,0005-01-05 17:30:00,5,1,5,17,30,750,20.0,76 BD DAVOUT,,,Crépuscule ou aube,En agglomération,Hors intersection,Pluie légère,Autre collision,,,,,,,,,,,2,2,1,2,6
200500004722,0005-01-10 18:45:00,5,1,10,18,45,750,18.0,140 AV DE SAINT OUEN,,,Nuit avec éclairage allumé,En agglomération,Hors intersection,Normale,Deux véhicules - côté,,,,,,,,,,,5,2,1,1,3
200500004723,0005-01-11 10:05:00,5,1,11,10,5,750,8.0,48 AV GEORGE V,,,Plein jour,En agglomération,Hors intersection,Normale,Autre collision,,,,,,,,,,,1,2,1,1,6
200500004724,0005-01-12 08:30:00,5,1,12,8,30,750,18.0,R PR GOSSET AV PTE CLIGN,,,Plein jour,En agglomération,Intersection en X,Pluie légère,Sans collision,,,,,,,,,,,1,2,2,2,7
200500004725,0005-01-12 13:00:00,5,1,12,13,0,750,6.0,BD DU MONTPARNASSE R DE,,,Plein jour,En agglomération,Intersection en X,Normale,Autre collision,,,,,,,,,,,1,2,2,1,6
200500004726,0005-01-12 18:45:00,5,1,12,18,45,750,13.0,AV PORTE D ITALIE ECH IT,,,Nuit avec éclairage allumé,En agglomération,Intersection en T,Pluie légère,Deux véhicules - côté,,,,,,,,,,,5,2,3,2,3
200500004727,0005-01-12 21:07:00,5,1,12,21,7,750,13.0,R JEANNE D ARC VLA AUGUS,,,Nuit avec éclairage allumé,En agglomération,Intersection en T,Normale,Deux véhicules - côté,,,,,,,,,,,5,2,3,1,3
200500004728,0005-01-12 09:35:00,5,1,12,9,35,750,6.0,128 R DE VAUGIRARD,,,Plein jour,En agglomération,Hors intersection,Pluie légère,Autre collision,,,,,,,,,,,1,2,1,2,6
200500004729,0005-01-12 18:20:00,5,1,12,18,20,750,8.0,R ROQUEPINE R D ASTORG,,,Nuit avec éclairage allumé,En agglomération,Intersection en X,Pluie légère,Autre collision,,,,,,,,,,,5,2,2,2,6
200500004730,0005-01-12 14:10:00,5,1,12,14,10,750,8.0,108 BD HAUSSMANN,,,Plein jour,En agglomération,Hors intersection,Normale,Autre collision,,,,,,,,,,,1,2,1,1,6
200500004731,0005-01-12 17:20:00,5,1,12,17,20,750,8.0,40 R DE ROME,,,Nuit avec éclairage allumé,En agglomération,Hors intersection,Pluie légère,Trois véhicules et plus - en chaîne,,,,,,,,,,,5,2,1,2,4
200500004732,0005-01-13 17:45:00,5,1,13,17,45,750,6.0,BD SAINT MICHEL PL SAINT,,,Crépuscule ou aube,En agglomération,Intersection en T,Normale,Autre collision,,,,,,,,,,,2,2,3,1,6
200500004733,0005-01-13 23:30:00,5,1,13,23,30,750,13.0,R DE TOLBIAC R DU MOULIN,,,Nuit avec éclairage allumé,En agglomération,Intersection en X,Brouillard / fumée,Autre collision,,,,,,,,,,,5,2,2,5,6
200500004734,0005-01-13 12:15:00,5,1,13,12,15,750,9.0,104 R DE PROVENCE,,,Plein jour,En agglomération,Hors intersection,Normale,Autre collision,,,,,,,,,,,1,2,1,1,6
200500004735,0005-01-13 15:15:00,5,1,13,15,15,750,2.0,BD DES ITALIENS R DE LA,,,Plein jour,En agglomération,Intersection en T,Normale,Autre collision,,,,,,,,,,,1,2,3,1,6
200500004736,0005-01-13 18:00:00,5,1,13,18,0,750,12.0,ECH BERCY,,,Crépuscule ou aube,En agglomération,Hors intersection,Normale,Deux véhicules - arrière,,,,,,,,,,,2,2,1,1,2
200500004737,0005-01-18 11:30:00,5,1,18,11,30,750,9.0,R LAFAYETTE R DROUOT,,,Plein jour,En agglomération,Intersection en X,Normale,Autre collision,,,,,,,,,,,1,2,2,1,6
200500004738,0005-01-13 04:50:00,5,1,13,4,50,750,14.0,92 AV DENF ROCHEREAU,,,Nuit avec éclairage allumé,En agglomération,Hors intersection,Normale,Autre collision,,,,,,,,,,,5,2,1,1,6
200500004739,0005-01-14 08:30:00,5,1,14,8,30,750,11.0,38 R DU FG DU TEMPLE,,,Plein jour,En agglomération,Hors intersection,Pluie légère,Sans collision,,,,,,,,,,,1,2,1,2,7
200500004740,0005-01-14 04:15:00,5,1,14,4,15,750,7.0,R DE SEVRES BD DES INVAL,,,Nuit avec éclairage allumé,En agglomération,Intersection en X,Normale,Deux véhicules - côté,,,,,,,,,,,5,2,2,1,3
200500004741,0005-01-05 21:25:00,5,1,5,21,25,750,17.0,R BREY AV DE WAGRAM,,,Nuit avec éclairage allumé,En agglomération,Intersection en T,Normale,Autre collision,,,,,,,,,,,5,2,3,1,6
200500004742,0005-01-08 14:00:00,5,1,8,14,0,750,17.0,BD MALESHERBES R JOUFFR,,,Plein jour,En agglomération,Intersection en X,Pluie légère,Deux véhicules - côté,,,,,,,,,,,1,2,2,2,3
200500004743,0005-01-10 17:00:00,5,1,10,17,0,750,3.0,8 R ELZEVIR,,,Plein jour,En agglomération,Hors intersection,Normale,Autre collision,,,,,,,,,,,1,2,1,1,6
200500004744,0005-01-09 13:35:00,5,1,9,13,35,750,17.0,BD DES BATIGNOLLES R DES,,,Plein jour,En agglomération,Intersection en X,Normale,Deux véhicules - côté,,,,,,,,,,,1,2,2,1,3
200500004745,0005-01-10 19:30:00,5,1,10,19,30,750,15.0,94 BD GARIBALDI,,,Nuit avec éclairage allumé,En agglomération,Hors intersection,Normale,Autre collision,,,,,,,,,,,5,2,1,1,6
200500004746,0005-01-10 17:15:00,5,1,10,17,15,750,17.0,BD MALESHERBES R JOUFFR,,,Nuit avec éclairage allumé,En agglomération,Intersection en X,Temps couvert,Deux véhicules - côté,,,,,,,,,,,5,2,2,8,3
200500004747,0005-01-10 20:30:00,5,1,10,20,30,750,17.0,R DE PRONY  R DE CHAZELL,,,Nuit avec éclairage allumé,En agglomération,Intersection en T,Pluie légère,Deux véhicules - côté,,,,,,,,,,,5,2,3,2,3
200500004748,0005-01-11 23:40:00,5,1,11,23,40,750,17.0,AV PORTE D ASNIERES ECH,,,Nuit avec éclairage allumé,En agglomération,Intersection en T,Normale,Autre collision,,,,,,,,,,,5,2,3,1,6
200500004749,0005-01-12 19:10:00,5,1,12,19,10,750,16.0,72 AV KLEBER,,,Nuit avec éclairage allumé,En agglomération,Hors intersection,Pluie légère,Autre collision,,,,,,,,,,,5,2,1,2,6
200500004750,0005-01-13 13:45:00,5,1,13,13,45,750,4.0,6 R DU RENARD,,,Plein jour,En agglomération,Hors intersection,Normale,Deux véhicules - côté,,,,,,,,,,,1,2,1,1,3
200500004751,0005-01-13 11:30:00,5,1,13,11,30,750,8.0,PL DE LA CONCORDE AV CHA,,,Plein jour,En agglomération,Place,Normale,Autre collision,,,,,,,,,,,1,2,7,1,6
200500004752,0005-01-13 17:55:00,5,1,13,17,55,750,8.0,22 AV DE WAGRAM,,,Nuit avec éclairage allumé,En agglomération,Hors intersection,Normale,Deux véhicules - côté,,,,,,,,,,,5,2,1,1,3
200500004753,0005-01-13 12:00:00,5,1,13,12,0,750,15.0,AV FELIX FAURE R VASCO D,,,Plein jour,En agglomération,Intersection en X,Normale,Autre collision,,,,,,,,,,,1,2,2,1,6
200500004754,0005-01-13 15:20:00,5,1,13,15,20,750,15.0,132 AV FELIX FAURE,,,Plein jour,En agglomération,Hors intersection,Normale,Deux véhicules - côté,,,,,,,,,,,1,2,1,1,3
200500004755,0005-01-13 18:50:00,5,1,13,18,50,750,16.0,R DES PATURES AV DE VERS,,,Nuit avec éclairage allumé,En agglomération,Intersection en T,Normale,Deux véhicules - côté,,,,,,,,,,,5,2,3,1,3
200500004756,0005-01-13 09:30:00,5,1,13,9,30,750,16.0,67 AV FOCH,,,Plein jour,En agglomération,Hors intersection,Normale,Deux véhicules - côté,,,,,,,,,,,1,2,1,1,3
200500004757,0005-01-14 17:55:00,5,1,14,17,55,750,1.0,SOU TRANSIT HALLES,,,Nuit avec éclairage allumé,En agglomération,Hors intersection,Normale,Autre collision,,,,,,,,,,,5,2,1,1,6
200500004758,0005-01-14 17:05:00,5,1,14,17,5,750,7.0,BD RASPAIL R DE VARENNE,,,Plein jour,En agglomération,Intersection en X,Normale,Autre collision,,,,,,,,,,,1,2,2,1,6
200500004759,0005-01-14 09:10:00,5,1,14,9,10,750,7.0,15 Q VOLTAIRE,,,Plein jour,En agglomération,Hors intersection,Normale,Trois véhicules et plus - en chaîne,,,,,,,,,,,1,2,1,1,4
200500004760,0005-01-14 01:40:00,5,1,14,1,40,750,8.0,AV DE FRIEDLAND R FB SAI,,,Nuit avec éclairage allumé,En agglomération,Intersection en X,Normale,Autre collision,,,,,,,,,,,5,2,2,1,6
200500004761,0005-01-14 19:25:00,5,1,14,19,25,750,14.0,158 AV DU MAINE,,,Nuit avec éclairage allumé,En agglomération,Hors intersection,Normale,Autre collision,,,,,,,,,,,5,2,1,1,6
200500004762,0005-01-15 04:40:00,5,1,15,4,40,750,4.0,BD BEAUMARCHAIS R DU PAS,,,Nuit avec éclairage allumé,En agglomération,Intersection en X,Normale,Deux véhicules - côté,,,,,,,,,,,5,2,2,1,3
200500004763,0005-01-15 10:35:00,5,1,15,10,35,750,9.0,58 R DE CHATEAUDUN,,,Plein jour,En agglomération,Hors intersection,Normale,Sans collision,,,,,,,,,,,1,2,1,1,7
200500004764,0005-01-18 18:30:00,5,1,18,18,30,750,18.0,78 BD BARBES,,,Crépuscule ou aube,En agglomération,Hors intersection,Pluie forte,Autre collision,,,,,,,,,,,2,2,1,3,6
200500004765,0005-01-13 08:10:00,5,1,13,8,10,750,20.0,R DES PYRENEES R DE L ER,,,Plein jour,En agglomération,Intersection en X,Normale,Deux véhicules - côté,,,,,,,,,,,1,2,2,1,3
200500004766,0005-01-14 15:40:00,5,1,14,15,40,750,19.0,AV DE FLANDRE R DE CRIME,,,Plein jour,En agglomération,Intersection en X,Normale,Deux véhicules - arrière,,,,,,,,,,,1,2,2,1,2
200500004767,0005-01-14 19:00:00,5,1,14,19,0,750,19.0,30 AV DE LAUMIERE,,,Nuit avec éclairage allumé,En agglomération,Hors intersection,Normale,Deux véhicules - côté,,,,,,,,,,,5,2,1,1,3
200500004768,0005-01-15 19:45:00,5,1,15,19,45,750,19.0,64 R DE MOUZAIA,,,Nuit avec éclairage allumé,En agglomération,Hors intersection,Normale,Deux véhicules - arrière,,,,,,,,,,,5,2,1,1,2
200500004769,0005-01-15 14:30:00,5,1,15,14,30,750,19.0,153 BD DE LA VILLETTE,,,Plein jour,En agglomération,Hors intersection,Normale,Deux véhicules - côté,,,,,,,,,,,1,2,1,1,3
200500004770,0005-01-16 19:25:00,5,1,16,19,25,750,4.0,44 Q DES CELESTINS,,,Nuit avec éclairage allumé,En agglomération,Hors intersection,Normale,Trois véhicules et plus - en chaîne,,,,,,,,,,,5,2,1,1,4
200500004771,0005-01-16 01:30:00,5,1,16,1,30,750,14.0,R DU DEPART BD EDGAR QUI,,,Nuit avec éclairage allumé,En agglomération,Intersection en X,Normale,Deux véhicules - côté,,,,,,,,,,,5,2,2,1,3
200500004772,0005-01-16 05:25:00,5,1,16,5,25,750,14.0,PL DU 25 AOUT 1944 BD BR,,,Nuit avec éclairage allumé,En agglomération,Intersection en X,Normale,Deux véhicules - côté,,,,,,,,,,,5,2,2,1,3
200500004773,0005-01-16 23:20:00,5,1,16,23,20,750,16.0,L11759 RTE DE SURESNES,,,Nuit avec éclairage allumé,En agglomération,Hors intersection,Normale,Deux véhicules - côté,,,,,,,,,,,5,2,1,1,3
200500004774,0005-01-19 10:30:00,5,1,19,10,30,750,12.0,Q DE LA RAPEE,,,Plein jour,En agglomération,Hors intersection,Normale,Sans collision,,,,,,,,,,,1,2,1,1,7
200500004775,0005-01-13 18:45:00,5,1,13,18,45,750,14.0,118 AV GENERAL LECLERC,,,Nuit avec éclairage allumé,En agglomération,Hors intersection,Normale,Autre collision,,,,,,,,,,,5,2,1,1,6
200500004776,0005-01-11 14:10:00,5,1,11,14,10,750,13.0,10 R DE TOLBIAC,,,Plein jour,En agglomération,Hors intersection,Normale,Autre collision,,,,,,,,,,,1,2,1,1,6
200500004777,0005-01-12 12:15:00,5,1,12,12,15,750,5.0,Q SAINT MICHEL PT SAINT,,,Plein jour,En agglomération,Intersection en T,Normale,Autre collision,,,,,,,,,,,1,2,3,1,6
200500004778,0005-01-12 18:15:00,5,1,12,18,15,750,5.0,26 R FOSS SAINT BERNARD,,,Nuit avec éclairage allumé,En agglomération,Hors intersection,Normale,Deux véhicules - côté,,,,,,,,,,,5,2,1,1,3
200500004779,0005-01-13 13:30:00,5,1,13,13,30,750,5.0,BD SAINT MICHEL R DU VAL,,,Plein jour,En agglomération,Intersection en X,Normale,Deux véhicules - arrière,,,,,,,,,,,1,2,2,1,2
200500004780,0005-01-14 14:00:00,5,1,14,14,0,750,8.0,40 R DE COURCELLES,,,Plein jour,En agglomération,Hors intersection,Normale,Autre collision,,,,,,,,,,,1,2,1,1,6
200500004781,0005-01-14 08:55:00,5,1,14,8,55,750,8.0,38 R DE TURIN,,,Plein jour,En agglomération,Hors intersection,Normale,Autre collision,,,,,,,,,,,1,2,1,1,6
200500004782,0005-01-14 09:50:00,5,1,14,9,50,750,8.0,48 AV MONTAIGNE,,,Plein jour,En agglomération,Hors intersection,Normale,Deux véhicules - arrière,,,,,,,,,,,1,2,1,1,2
200500004783,0005-01-14 19:05:00,5,1,14,19,5,750,8.0,R ROYALE PL DE LA CONCOR,,,Nuit avec éclairage allumé,En agglomération,Intersection en T,Normale,Deux véhicules - côté,,,,,,,,,,,5,2,3,1,3
200500004784,0005-01-14 19:35:00,5,1,14,19,35,750,13.0,Q D IVRY ECH IVRY,,,Nuit avec éclairage allumé,En agglomération,Intersection en Y,Normale,Deux véhicules - arrière,,,,,,,,,,,5,2,4,1,2
200500004785,0005-01-15 14:30:00,5,1,15,14,30,750,8.0,R CONSTANTINOPLE R BERNO,,,Plein jour,En agglomération,Intersection en Y,Normale,Autre collision,,,,,,,,,,,1,2,4,1,6
200500004786,0005-01-15 22:15:00,5,1,15,22,15,750,13.0,AV DES  GOBELINS R REINE,,,Nuit avec éclairage allumé,En agglomération,Intersection en T,Normale,Deux véhicules - arrière,,,,,,,,,,,5,2,3,1,2
200500004787,0005-01-15 10:10:00,5,1,15,10,10,750,13.0,42 R JEANNE D ARC,,,Plein jour,En agglomération,Hors intersection,Normale,Autre collision,,,,,,,,,,,1,2,1,1,6
200500004788,0005-01-12 17:50:00,5,1,12,17,50,750,10.0,BD DE MAGENTA R FG SAINT,,,Nuit avec éclairage allumé,En agglomération,Intersection en X,Normale,Sans collision,,,,,,,,,,,5,2,2,1,7
200500004789,0005-01-13 07:55:00,5,1,13,7,55,750,1.0,194 R DE RIVOLI,,,Nuit avec éclairage allumé,En agglomération,Hors intersection,Normale,Deux véhicules - côté,,,,,,,,,,,5,2,1,1,3
200500004790,0005-01-13 21:00:00,5,1,13,21,0,750,10.0,PL FRANZ LISZT R D ABBEV,,,Nuit avec éclairage allumé,En agglomération,Intersection en X,Normale,Deux véhicules - côté,,,,,,,,,,,5,2,2,1,3
200500004791,0005-01-13 20:40:00,5,1,13,20,40,750,10.0,170 R FG SAINT MARTIN,,,Nuit avec éclairage allumé,En agglomération,Hors intersection,Normale,Deux véhicules - côté,,,,,,,,,,,5,2,1,1,3
200500004792,0005-01-13 08:45:00,5,1,13,8,45,750,10.0,14 AV CLAUDE VELLEFAUX,,,Plein jour,En agglomération,Hors intersection,Normale,Deux véhicules - côté,,,,,,,,,,,1,2,1,1,3
200500004793,0005-01-13 04:55:00,5,1,13,4,55,750,10.0,BD MAGENTA R LUCIEN SAMP,,,Nuit avec éclairage allumé,En agglomération,Intersection en X,Normale,Sans collision,,,,,,,,,,,5,2,2,1,7
200500004794,0005-01-13 12:20:00,5,1,13,12,20,750,17.0,BD GOUVION ST CYR R BELI,,,Plein jour,En agglomération,Intersection en T,Normale,Deux véhicules - côté,,,,,,,,,,,1,2,3,1,3
200500004795,0005-01-13 11:40:00,5,1,13,11,40,750,17.0,108 BD DE COURCELLES,,,Plein jour,En agglomération,Hors intersection,Normale,Deux véhicules - côté,,,,,,,,,,,1,2,1,1,3
200500004796,0005-01-13 16:35:00,5,1,13,16,35,750,17.0,AV GRANDE ARMEE R A DE L,,,Crépuscule ou aube,En agglomération,Intersection en T,Normale,Deux véhicules - côté,,,,,,,,,,,2,2,3,1,3
200500004797,0005-01-14 19:15:00,5,1,14,19,15,750,1.0,R ETIENNE MARCEL R SAINT,,,Nuit avec éclairage allumé,En agglomération,Intersection en X,Normale,Autre collision,,,,,,,,,,,5,2,2,1,6
200500004798,0005-01-14 09:47:00,5,1,14,9,47,750,1.0,R DE RIVOLI R DE L ARBRE,,,Plein jour,En agglomération,Intersection en X,Normale,Autre collision,,,,,,,,,,,1,2,2,1,6
200500004799,0005-01-14 17:55:00,5,1,14,17,55,750,6.0,88 BD SAINT MICHEL,,,Nuit avec éclairage allumé,En agglomération,Hors intersection,Normale,Autre collision,,,,,,,,,,,5,2,1,1,6
200500004800,0005-01-14 15:57:00,5,1,14,15,57,750,10.0,190 Q DE JEMMAPES,,,Plein jour,En agglomération,Hors intersection,Normale,Deux véhicules - arrière,,,,,,,,,,,1,2,1,1,2
200500004801,0005-01-14 16:40:00,5,1,14,16,40,750,6.0,76 R DE VAUGIRARD,,,Plein jour,En agglomération,Hors intersection,Normale,Autre collision,,,,,,,,,,,1,2,1,1,6
200500004802,0005-01-14 12:00:00,5,1,14,12,0,750,15.0,Q ANDRE CITROEN PL FERNA,,,Plein jour,En agglomération,Intersection en X,Normale,Trois véhicules et plus - en chaîne,,,,,,,,,,,1,2,2,1,4
200500004803,0005-01-14 11:25:00,5,1,14,11,25,750,17.0,BD BESSIERES R PONT A MO,,,Plein jour,En agglomération,Intersection en X,Normale,Deux véhicules - côté,,,,,,,,,,,1,2,2,1,3
200500004804,0005-01-14 21:10:00,5,1,14,21,10,750,17.0,AV MAC MAHON R DE L ETOI,,,Nuit avec éclairage allumé,En agglomération,Intersection en T,Normale,Autre collision,,,,,,,,,,,5,2,3,1,6
200500004805,0005-01-15 14:50:00,5,1,15,14,50,750,1.0,R DU JOUR R MONTMARTRE,,,Plein jour,En agglomération,Intersection en X,Normale,Deux véhicules - côté,,,,,,,,,,,1,2,2,1,3
200500004806,0005-01-15 10:00:00,5,1,15,10,0,750,6.0,BD RASPAIL R N D DES CHA,,,Plein jour,En agglomération,Intersection en X,Normale,Deux véhicules - côté,,,,,,,,,,,1,2,2,1,3
200500004807,0005-01-15 17:40:00,5,1,15,17,40,750,15.0,332 R LECOURBE,,,Nuit avec éclairage allumé,En agglomération,Hors intersection,Normale,Deux véhicules - côté,,,,,,,,,,,5,2,1,1,3
200500004808,0005-01-15 10:05:00,5,1,15,10,5,750,15.0,2 R PORTE D ISSY,,,Plein jour,En agglomération,Hors intersection,Normale,Deux véhicules - côté,,,,,,,,,,,1,2,1,1,3
200500004809,0005-01-20 17:00:00,5,1,20,17,0,750,6.0,R DES SAINT PERES BD SAI,,,Crépuscule ou aube,En agglomération,Intersection en X,Normale,Autre collision,,,,,,,,,,,2,2,2,1,6
200500004810,0005-01-15 23:45:00,5,1,15,23,45,750,15.0,Q DE GRENELLE R DU THEAT,,,Nuit avec éclairage allumé,En agglomération,Intersection en T,Normale,Deux véhicules - côté,,,,,,,,,,,5,2,3,1,3
200500004811,0005-01-15 12:15:00,5,1,15,12,15,750,16.0,100 AV DU PDT KENNEDY,,,Plein jour,En agglomération,Hors intersection,Normale,Sans collision,,,,,,,,,,,1,2,1,1,7
200500004812,0005-01-16 20:00:00,5,1,16,20,0,750,7.0,AV DE VILLARS R D ESTREE,,,Nuit avec éclairage allumé,En agglomération,Intersection en X,Normale,Deux véhicules - côté,,,,,,,,,,,5,2,2,1,3
200500004813,0005-01-16 15:15:00,5,1,16,15,15,750,8.0,R BOISSY D ANGLAS PL DE,,,Plein jour,En agglomération,Intersection en T,Normale,Deux véhicules - arrière,,,,,,,,,,,1,2,3,1,2
200500004814,0005-01-16 14:10:00,5,1,16,14,10,750,11.0,48 AV DE LA REPUBLIQUE,,,Plein jour,En agglomération,Hors intersection,Normale,Deux véhicules - côté,,,,,,,,,,,1,2,1,1,3