accident_id,datetime,annee,mois,jour,heure,minute,departement,commune_insee,adresse,latitude,longitude,luminosite,agglomeration,intersection,meteo,collision,nb_vehicules,nb_usagers,nb_indemnes,nb_tues,nb_blesses_hosp,nb_blesses_legers,age_cond_1,age_cond_2,veh_type_cond_1,veh_type_cond_2,lum_code,agg_code,int_code,atm_code,col_code
200500004942,0005-01-28 04:15:00,5,1,28,4,15,750,18.0,80 BD DE CLICHY,,,Nuit avec éclairage allumé,En agglomération,Hors intersection,Normale,Sans collision,,,,,,,,,,,5,2,1,1,7
200500004943,0005-01-28 05:53:00,5,1,28,5,53,750,12.0,L13635 Q DE BERCY,,,Nuit avec éclairage allumé,En agglomération,Hors intersection,Pluie légère,Autre collision,,,,,,,,,,,5,2,1,2,6
200500004944,0005-01-19 12:50:00,5,1,19,12,50,750,12.0,AV GEN MICHEL BIZOT AV D,,,Plein jour,En agglomération,Intersection en X,Normale,Deux véhicules - côté,,,,,,,,,,,1,2,2,1,3
200500004945,0005-01-20 17:25:00,5,1,20,17,25,750,17.0,BD GOUVION ST CYR PL JUL,,,Nuit avec éclairage allumé,En agglomération,Intersection en X,Normale,Autre collision,,,,,,,,,,,5,2,2,1,6
200500004946,0005-01-29 08:05:00,5,1,29,8,5,750,16.0,AV GRANDE ARMEE PL GENER,,,Crépuscule ou aube,En agglomération,Intersection en X,Normale,Autre collision,,,,,,,,,,,2,2,2,1,6
200500004947,0005-01-29 19:10:00,5,1,29,19,10,750,13.0,BD V AURIOL R CH DES REN,,,Nuit avec éclairage allumé,En agglomération,Intersection en X,Normale,Deux véhicules - côté,,,,,,,,,,,5,2,2,1,3
200500004948,0005-01-31 09:20:00,5,1,31,9,20,750,1.0,R DE RIVOLI R DE MARENGO,,,Plein jour,En agglomération,Intersection en T,Normale,Deux véhicules - frontale,,,,,,,,,,,1,2,3,1,1
200500004949,0005-01-06 17:30:00,5,1,6,17,30,750,15.0,BPE PLAINE BRANCION,,,Nuit avec éclairage allumé,En agglomération,Hors intersection,Pluie légère,Deux véhicules - côté,,,,,,,,,,,5,2,1,2,3
200500004950,0005-01-07 08:15:00,5,1,7,8,15,750,12.0,ECH BERCY,,,Crépuscule ou aube,En agglomération,Hors intersection,Temps couvert,Deux véhicules - arrière,,,,,,,,,,,2,2,1,8,2
200500004951,0005-01-07 14:30:00,5,1,7,14,30,750,16.0,ECH MAILLOT,,,Plein jour,En agglomération,Hors intersection,Normale,Autre collision,,,,,,,,,,,1,2,1,1,6
200500004952,0005-01-07 17:30:00,5,1,7,17,30,750,19.0,BPI VILLETTE PANTIN,,,Nuit avec éclairage allumé,En agglomération,Hors intersection,Normale,Deux véhicules - côté,,,,,,,,,,,5,2,1,1,3
200500004953,0005-01-31 16:30:00,5,1,31,16,30,750,8.0,4 RUE DE ROME,,,Plein jour,En agglomération,Hors intersection,Normale,Autre collision,,,,,,,,,,,1,2,1,1,6
200500004954,0005-01-07 17:45:00,5,1,7,17,45,750,17.0,BPI CLICHY SAINT OUEN,,,Nuit avec éclairage allumé,En agglomération,Hors intersection,Normale,Trois véhicules et plus - en chaîne,,,,,,,,,,,5,2,1,1,4
200500004955,0005-01-11 08:35:00,5,1,11,8,35,750,14.0,BPI GENTILLY ORLEANS,,,Plein jour,En agglomération,Hors intersection,Normale,Deux véhicules - côté,,,,,,,,,,,1,2,1,1,3
200500004956,0005-01-11 09:40:00,5,1,11,9,40,750,17.0,BPI CHAMPERRET ASNIERES,,,Plein jour,En agglomération,Hors intersection,Normale,Deux véhicules - arrière,,,,,,,,,,,1,2,1,1,2
200500004957,0005-01-11 18:55:00,5,1,11,18,55,750,16.0,BPE PASSY AUTEUIL,,,Nuit avec éclairage allumé,En agglomération,Hors intersection,Normale,Deux véhicules - arrière,,,,,,,,,,,5,2,1,1,2
200500004958,0005-01-13 01:00:00,5,1,13,1,0,750,17.0,ECH MAILLOT,,,Nuit avec éclairage allumé,En agglomération,Hors intersection,Normale,Autre collision,,,,,,,,,,,5,2,1,1,6
200500004959,0005-01-21 13:20:00,5,1,21,13,20,750,15.0,20 R DU COTENTIN,,,Plein jour,En agglomération,Hors intersection,Normale,Autre collision,,,,,,,,,,,1,2,1,1,6
200500004960,0005-01-14 19:00:00,5,1,14,19,0,750,18.0,BPI CHAPELLE AUBERVILLIE,,,Nuit avec éclairage allumé,En agglomération,Hors intersection,Normale,Autre collision,,,,,,,,,,,5,2,1,1,6
200500004961,0005-01-21 14:50:00,5,1,21,14,50,750,5.0,Q SAINT BERNARD PT DE SU,,,Plein jour,En agglomération,Intersection en T,Normale,Trois véhicules et plus - en chaîne,,,,,,,,,,,1,2,3,1,4
200500004962,0005-01-15 23:10:00,5,1,15,23,10,750,12.0,BPI ST MANDE DOREE,,,Nuit avec éclairage allumé,En agglomération,Hors intersection,Normale,Trois véhicules et plus - en chaîne,,,,,,,,,,,5,2,1,1,4
200500004963,0005-01-21 16:40:00,5,1,21,16,40,750,12.0,68 AV DE SAINT MANDE,,,Plein jour,En agglomération,Hors intersection,Normale,Deux véhicules - côté,,,,,,,,,,,1,2,1,1,3
200500004964,0005-01-22 21:45:00,5,1,22,21,45,750,15.0,R O DE SERRES BD LEFEBVR,,,Nuit avec éclairage allumé,En agglomération,Intersection en T,Pluie légère,Deux véhicules - côté,,,,,,,,,,,5,2,3,2,3
200500004965,0005-01-17 08:15:00,5,1,17,8,15,750,12.0,BPI ST MANDE DOREE,,,Crépuscule ou aube,En agglomération,Hors intersection,Pluie légère,Deux véhicules - côté,,,,,,,,,,,2,2,1,2,3
200500004966,0005-01-22 11:20:00,5,1,22,11,20,750,12.0,BD DIDEROT R DE PICPUS,,,Plein jour,En agglomération,Intersection en X,Normale,Sans collision,,,,,,,,,,,1,2,2,1,7
200500004967,0005-01-18 11:25:00,5,1,18,11,25,750,19.0,BPI PANTIN  PRE SAINT GE,,,Plein jour,En agglomération,Hors intersection,Normale,Sans collision,,,,,,,,,,,1,2,1,1,7
200500004968,0005-01-22 12:00:00,5,1,22,12,0,750,9.0,R SAINT LAZARE R N D DE,,,Plein jour,En agglomération,Intersection en Y,Normale,Sans collision,,,,,,,,,,,1,2,4,1,7
200500004969,0005-01-18 02:45:00,5,1,18,2,45,750,14.0,BPE ORLEANS GENTILLY,,,Nuit avec éclairage allumé,En agglomération,Hors intersection,Pluie légère,Autre collision,,,,,,,,,,,5,2,1,2,6
200500004970,0005-01-19 07:20:00,5,1,19,7,20,750,18.0,BPE CLIGNANCOURT SAINT O,,,Crépuscule ou aube,En agglomération,Hors intersection,Normale,Deux véhicules - côté,,,,,,,,,,,2,2,1,1,3
200500004971,0005-01-22 22:40:00,5,1,22,22,40,750,18.0,60 AV DE CLICHY,,,Nuit avec éclairage allumé,En agglomération,Hors intersection,Pluie forte,Autre collision,,,,,,,,,,,5,2,1,3,6
200500004972,0005-01-19 19:05:00,5,1,19,19,5,750,5.0,R MONGER CARDINAL LEMOIN,,,Nuit avec éclairage allumé,En agglomération,Intersection en X,Temps couvert,Autre collision,,,,,,,,,,,5,2,2,8,6
200500004973,0005-01-20 08:35:00,5,1,20,8,35,750,5.0,74 BD DE PORT ROYAL,,,Plein jour,En agglomération,Hors intersection,Normale,Deux véhicules - côté,,,,,,,,,,,1,2,1,1,3
200500004974,0005-01-20 18:25:00,5,1,20,18,25,750,17.0,AV NIEL R FOURCROY,,,Nuit avec éclairage allumé,En agglomération,Intersection en Y,Normale,Deux véhicules - côté,,,,,,,,,,,5,2,4,1,3
200500004975,0005-01-20 19:30:00,5,1,20,19,30,750,17.0,R LEBON BD PEREIRE,,,Nuit avec éclairage allumé,En agglomération,Intersection en T,Normale,Autre collision,,,,,,,,,,,5,2,3,1,6
200500004976,0005-01-23 21:19:00,5,1,23,21,19,750,15.0,DE LA CONVENTION R GUTEN,,,Nuit avec éclairage allumé,En agglomération,Intersection en X,Normale,Deux véhicules - côté,,,,,,,,,,,5,2,2,1,3
200500004977,0005-01-23 02:40:00,5,1,23,2,40,750,10.0,R FG POISSONNIERE R DE L,,,Nuit avec éclairage allumé,En agglomération,Intersection en X,Pluie légère,Deux véhicules - côté,,,,,,,,,,,5,2,2,2,3
200500004978,0005-01-23 00:40:00,5,1,23,0,40,750,1.0,R CATINAT R LA VRILLIERE,,,Nuit avec éclairage allumé,En agglomération,Intersection en T,Pluie forte,Deux véhicules - côté,,,,,,,,,,,5,2,3,3,3
200500004979,0005-01-24 12:30:00,5,1,24,12,30,750,10.0,36 R FG SAINT MARTIN,,,Plein jour,En agglomération,Hors intersection,Normale,Autre collision,,,,,,,,,,,1,2,1,1,6
200500004980,0005-01-23 16:00:00,5,1,23,16,0,750,10.0,R J LOUVEL TESSIER AV PA,,,Plein jour,En agglomération,Intersection en X,Normale,Deux véhicules - côté,,,,,,,,,,,1,2,2,1,3
200500004981,0005-01-23 15:45:00,5,1,23,15,45,750,7.0,PL DE LA RESISTANCE PT D,,,Plein jour,En agglomération,Intersection en T,Normale,Deux véhicules - côté,,,,,,,,,,,1,2,3,1,3
200500004982,0005-01-24 14:50:00,5,1,24,14,50,750,10.0,R DES MESSAGERIES R D HA,,,Plein jour,En agglomération,Intersection en T,Temps couvert,Deux véhicules - côté,,,,,,,,,,,1,2,3,8,3
200500004983,0005-01-24 11:54:00,5,1,24,11,54,750,5.0,R MONGE R CENSIER,,,Plein jour,En agglomération,Intersection en X,Normale,Deux véhicules - côté,,,,,,,,,,,1,2,2,1,3
200500004984,0005-01-24 11:40:00,5,1,24,11,40,750,5.0,58 BD SAINT MICHEL,,,Plein jour,En agglomération,Hors intersection,Normale,Autre collision,,,,,,,,,,,1,2,1,1,6
200500004985,0005-01-24 16:35:00,5,1,24,16,35,750,16.0,ECH ST CLOUD AV PTE DE S,,,Plein jour,En agglomération,Intersection en Y,Normale,Sans collision,,,,,,,,,,,1,2,4,1,7
200500004986,0005-01-24 19:25:00,5,1,24,19,25,750,16.0,L7197 ALL REINE MARGUERI,,,Nuit avec éclairage allumé,En agglomération,Hors intersection,Normale,Sans collision,,,,,,,,,,,5,2,1,1,7
200500004987,0005-01-24 15:00:00,5,1,24,15,0,750,9.0,R DE CHATEAUDUN R DU FG,,,Plein jour,En agglomération,Intersection à plus de 4 branches,Normale,Deux véhicules - côté,,,,,,,,,,,1,2,5,1,3
200500004988,0005-01-23 19:00:00,5,1,23,19,0,750,7.0,R DE VARENNE R BARBET DE,,,Nuit avec éclairage allumé,En agglomération,Intersection en T,Normale,Deux véhicules - côté,,,,,,,,,,,5,2,3,1,3
200500004989,0005-01-24 13:50:00,5,1,24,13,50,750,7.0,R SAINT DOMINIQUE BD LA,,,Plein jour,En agglomération,Intersection en X,Normale,Deux véhicules - côté,,,,,,,,,,,1,2,2,1,3
200500004990,0005-01-24 09:00:00,5,1,24,9,0,750,18.0,24 BD ORNANO,,,Plein jour,En agglomération,Hors intersection,Pluie légère,Deux véhicules - arrière,,,,,,,,,,,1,2,1,2,2
200500004991,0005-01-24 13:30:00,5,1,24,13,30,750,18.0,BD BARBES BD ROCHECHOUAR,,,Plein jour,En agglomération,Intersection en X,Normale,Deux véhicules - côté,,,,,,,,,,,1,2,2,1,3
200500004992,0005-01-24 07:55:00,5,1,24,7,55,750,18.0,BD NEY AV PTE POISSONNIE,,,Crépuscule ou aube,En agglomération,Intersection en X,Pluie légère,Autre collision,,,,,,,,,,,2,2,2,2,6
200500004993,0005-01-25 18:35:00,5,1,25,18,35,750,4.0,BRETELLE ENTREE VERG PT,,,Nuit avec éclairage allumé,En agglomération,Hors intersection,Normale,Sans collision,,,,,,,,,,,5,2,1,1,7
200500004994,0005-01-25 19:20:00,5,1,25,19,20,750,9.0,R GERONDO R DE DUNKERQUE,,,Nuit avec éclairage allumé,En agglomération,Intersection en X,Normale,Deux véhicules - côté,,,,,,,,,,,5,2,2,1,3
200500004995,0005-01-25 05:55:00,5,1,25,5,55,750,9.0,BD DE ROCHECHOUART R VIO,,,Nuit avec éclairage allumé,En agglomération,Intersection en T,Normale,Autre collision,,,,,,,,,,,5,2,3,1,6
200500004996,0005-01-25 13:15:00,5,1,25,13,15,750,8.0,R FRANCOIS 1ER AV MONTAI,,,Plein jour,En agglomération,Intersection en X,Normale,Deux véhicules - côté,,,,,,,,,,,1,2,2,1,3
200500004997,0005-01-25 19:05:00,5,1,25,19,5,750,11.0,12 PL LEON BLUM,,,Nuit avec éclairage allumé,En agglomération,Hors intersection,Normale,Autre collision,,,,,,,,,,,5,2,1,1,6
200500004998,0005-01-25 15:55:00,5,1,25,15,55,750,11.0,AV DE LA REPUBLIQUE R DE,,,Plein jour,En agglomération,Intersection en X,Normale,Deux véhicules - côté,,,,,,,,,,,1,2,2,1,3
200500004999,0005-01-23 03:30:00,5,1,23,3,30,750,18.0,BD DE CLICHY R DES MARTY,,,Nuit avec éclairage allumé,En agglomération,Intersection en X,Pluie forte,Autre collision,,,,,,,,,,,5,2,2,3,6
200500005000,0005-01-23 02:40:00,5,1,23,2,40,750,19.0,BD COMMANDERIE PL AUGUST,,,Nuit avec éclairage allumé,En agglomération,Intersection en T,Pluie forte,Deux véhicules - arrière,,,,,,,,,,,5,2,3,3,2
200500005001,0005-01-25 01:05:00,5,1,25,1,5,750,7.0,R SEDILLOT R SAINT DOMIN,,,Nuit avec éclairage allumé,En agglomération,Intersection en T,Normale,Autre collision,,,,,,,,,,,5,2,3,1,6
200500005002,0005-01-19 09:55:00,5,1,19,9,55,750,12.0,L11591  Q DE BERCY,,,Plein jour,En agglomération,Hors intersection,Normale,Deux véhicules - côté,,,,,,,,,,,1,2,1,1,3
200500005003,0005-01-21 20:25:00,5,1,21,20,25,750,17.0,56 AV DE CLICHY,,,Nuit avec éclairage allumé,En agglomération,Hors intersection,Normale,Trois véhicules et plus - collisions multiples,,,,,,,,,,,5,2,1,1,5
200500005004,0005-01-22 18:15:00,5,1,22,18,15,750,12.0,R DU SAHEL BD SOULT,,,Nuit avec éclairage allumé,En agglomération,Intersection en T,Normale,Deux véhicules - côté,,,,,,,,,,,5,2,3,1,3
200500005005,0005-01-25 18:25:00,5,1,25,18,25,750,7.0,BD DES INVALIDES R DUROC,,,Nuit avec éclairage allumé,En agglomération,Intersection en T,Normale,Deux véhicules - côté,,,,,,,,,,,5,2,3,1,3
200500005006,0005-01-25 13:40:00,5,1,25,13,40,750,7.0,R DE GRENELLE AV BOSQUET,,,Plein jour,En agglomération,Intersection en X,Normale,Deux véhicules - côté,,,,,,,,,,,1,2,2,1,3
200500005007,0005-01-25 09:20:00,5,1,25,9,20,750,12.0,317 R DE CHARENTON,,,Plein jour,En agglomération,Hors intersection,Normale,Autre collision,,,,,,,,,,,1,2,1,1,6
200500005008,0005-01-25 17:30:00,5,1,25,17,30,750,16.0,42 AV PRESIDENT WILSON,,,Plein jour,En agglomération,Hors intersection,Normale,Deux véhicules - côté,,,,,,,,,,,1,2,1,1,3
200500005009,0005-01-25 14:45:00,5,1,25,14,45,750,19.0,58 R RIQUET,,,Plein jour,En agglomération,Hors intersection,Normale,Autre collision,,,,,,,,,,,1,2,1,1,6
200500005010,0005-01-26 06:30:00,5,1,26,6,30,750,1.0,18 Q DU LOUVRE,,,Nuit avec éclairage allumé,En agglomération,Hors intersection,Normale,Sans collision,,,,,,,,,,,5,2,1,1,7
200500005011,0005-01-28 03:55:00,5,1,28,3,55,750,4.0,L4802 VERD PT MARIE PT S,,,Nuit avec éclairage allumé,En agglomération,Hors intersection,Pluie légère,Autre collision,,,,,,,,,,,5,2,1,2,6
200500005012,0005-01-26 18:40:00,5,1,26,18,40,750,5.0,BD SAINT MICHEL R DU VAL,,,Nuit avec éclairage allumé,En agglomération,Intersection en T,Normale,Deux véhicules - côté,,,,,,,,,,,5,2,3,1,3
200500005013,0005-01-28 23:20:00,5,1,28,23,20,750,10.0,BD DE MAGENTA R DES VINA,,,Nuit avec éclairage allumé,En agglomération,Intersection en X,Normale,Trois véhicules et plus - en chaîne,,,,,,,,,,,5,2,2,1,4
200500005014,0005-01-28 16:00:00,5,1,28,16,0,750,12.0,L12744  RTE DE LA PYRAMI,,,Plein jour,En agglomération,Hors intersection,Pluie légère,Deux véhicules - côté,,,,,,,,,,,1,2,1,2,3
200500005015,0005-01-28 19:30:00,5,1,28,19,30,750,12.0,R CLAUDE DECAEN AV GEN M,,,Nuit avec éclairage allumé,En agglomération,Intersection en X,Temps couvert,Autre collision,,,,,,,,,,,5,2,2,8,6
200500005016,0005-01-28 17:55:00,5,1,28,17,55,750,14.0,112 BD DU MONTPARNASSE,,,Nuit avec éclairage allumé,En agglomération,Hors intersection,Pluie légère,Autre collision,,,,,,,,,,,5,2,1,2,6
200500005017,0005-01-28 18:55:00,5,1,28,18,55,750,14.0,100 BD BRUNE,,,Nuit avec éclairage allumé,En agglomération,Hors intersection,Pluie légère,Deux véhicules - côté,,,,,,,,,,,5,2,1,2,3
200500005018,0005-01-26 14:45:00,5,1,26,14,45,750,8.0,182 BD HAUSSMANN,,,Plein jour,En agglomération,Hors intersection,Normale,Autre collision,,,,,,,,,,,1,2,1,1,6
200500005019,0005-01-28 13:40:00,5,1,28,13,40,750,14.0,214 BD RASPAIL,,,Plein jour,En agglomération,Hors intersection,Normale,Sans collision,,,,,,,,,,,1,2,1,1,7
200500005020,0005-01-28 13:00:00,5,1,28,13,0,750,16.0,CAR DE LONGCHAMP ALL DE,,,Plein jour,En agglomération,Intersection à plus de 4 branches,Pluie légère,Deux véhicules - côté,,,,,,,,,,,1,2,5,2,3
200500005021,0005-01-26 11:40:00,5,1,26,11,40,750,10.0,112 R DE MAUBEUGE,,,Plein jour,En agglomération,Hors intersection,Normale,Autre collision,,,,,,,,,,,1,2,1,1,6
200500005022,0005-01-27 13:25:00,5,1,27,13,25,750,1.0,R DE RIVOLI R DU 29 JUIL,,,Plein jour,En agglomération,Intersection en T,Normale,Deux véhicules - arrière,,,,,,,,,,,1,2,3,1,2
200500005023,0005-01-26 18:25:00,5,1,26,18,25,750,11.0,93 R DE LA ROQUETTE,,,Nuit avec éclairage allumé,En agglomération,Hors intersection,Normale,Autre collision,,,,,,,,,,,5,2,1,1,6
200500005024,0005-01-26 15:15:00,5,1,26,15,15,750,13.0,34 R DE TOLBIAC,,,Plein jour,En agglomération,Hors intersection,Normale,Trois véhicules et plus - en chaîne,,,,,,,,,,,1,2,1,1,4
200500005025,0005-01-27 18:10:00,5,1,27,18,10,750,5.0,80 BD SAINT MARCEL,,,Nuit avec éclairage allumé,En agglomération,Hors intersection,Normale,Deux véhicules - côté,,,,,,,,,,,5,2,1,1,3
200500005026,0005-01-27 20:15:00,5,1,27,20,15,750,10.0,BD DE LA CHAPELLE R CHAT,,,Nuit avec éclairage allumé,En agglomération,Intersection en X,Pluie forte,Autre collision,,,,,,,,,,,5,2,2,3,6
200500005027,0005-01-27 13:10:00,5,1,27,13,10,750,10.0,BD SAINT DENIS BD DE  ST,,,Plein jour,En agglomération,Intersection en T,Normale,Autre collision,,,,,,,,,,,1,2,3,1,6
200500005028,0005-01-27 22:40:00,5,1,27,22,40,750,13.0,R BARRAULT R DE TOLBIAC,,,Nuit avec éclairage allumé,En agglomération,Intersection en X,Pluie légère,Autre collision,,,,,,,,,,,5,2,2,2,6
200500005029,0005-01-27 03:12:00,5,1,27,3,12,750,15.0,106 R DE LA CONVENTION,,,Nuit avec éclairage allumé,En agglomération,Hors intersection,Normale,Autre collision,,,,,,,,,,,5,2,1,1,6
200500005030,0005-01-27 10:55:00,5,1,27,10,55,750,14.0,BD BRUNE R COLONEL MONTE,,,Plein jour,En agglomération,Intersection en T,Normale,Deux véhicules - côté,,,,,,,,,,,1,2,3,1,3
200500005031,0005-01-27 22:00:00,5,1,27,22,0,750,14.0,218 AV DU MAINE,,,Nuit avec éclairage allumé,En agglomération,Hors intersection,Pluie légère,Deux véhicules - arrière,,,,,,,,,,,5,2,1,2,2
200500005032,0005-01-27 07:09:00,5,1,27,7,9,750,16.0,114 AV MOZART,,,Nuit avec éclairage allumé,En agglomération,Hors intersection,Normale,Sans collision,,,,,,,,,,,5,2,1,1,7
200500005033,0005-01-26 20:25:00,5,1,26,20,25,750,15.0,386 R DE VAUGIRARD,,,Nuit avec éclairage allumé,En agglomération,Hors intersection,Normale,Autre collision,,,,,,,,,,,5,2,1,1,6
200500005034,0005-01-26 16:30:00,5,1,26,16,30,750,19.0,26 AV MATHURIN MOREAU,,,Plein jour,En agglomération,Hors intersection,Normale,Autre collision,,,,,,,,,,,1,2,1,1,6
200500005035,0005-01-29 19:15:00,5,1,29,19,15,750,12.0,32 BD DE REUILLY,,,Nuit avec éclairage allumé,En agglomération,Hors intersection,Normale,Deux véhicules - côté,,,,,,,,,,,5,2,1,1,3
200500005036,0005-01-29 22:40:00,5,1,29,22,40,750,14.0,134 R D ALESIA,,,Nuit avec éclairage allumé,En agglomération,Hors intersection,Normale,Autre collision,,,,,,,,,,,5,2,1,1,6
200500005037,0005-01-29 00:40:00,5,1,29,0,40,750,16.0,76 AV GRANDE ARMEE,,,Nuit avec éclairage allumé,En agglomération,Hors intersection,Normale,Deux véhicules - côté,,,,,,,,,,,5,2,1,1,3
200500005038,0005-01-24 16:40:00,5,1,24,16,40,750,6.0,R DU CHERCHE MIDI R SAIN,,,Plein jour,En agglomération,Intersection en X,Normale,Autre collision,,,,,,,,,,,1,2,2,1,6
200500005039,0005-01-26 13:00:00,5,1,26,13,0,750,12.0,L13651 Q DE BERCY,,,Plein jour,En agglomération,Hors intersection,Normale,Autre collision,,,,,,,,,,,1,2,1,1,6
200500005040,0005-01-28 19:45:00,5,1,28,19,45,750,2.0,26 BD POISSONNIERE,,,Nuit avec éclairage allumé,En agglomération,Hors intersection,Pluie légère,Autre collision,,,,,,,,,,,5,2,1,2,6
200500005041,0005-01-29 20:15:00,5,1,29,20,15,750,19.0,AV SIMON BOLIVAR R DE L,,,Nuit avec éclairage allumé,En agglomération,Intersection en T,Normale,Deux véhicules - côté,,,,,,,,,,,5,2,3,1,3
200500005042,0005-01-29 00:30:00,5,1,29,0,30,750,19.0,BD D INDOCHINE R DES MAR,,,Nuit avec éclairage allumé,En agglomération,Intersection en Y,Temps couvert,Deux véhicules - côté,,,,,,,,,,,5,2,4,8,3
200500005043,0005-01-29 19:55:00,5,1,29,19,55,750,13.0,74 BD SAINT MARCEL,,,Nuit avec éclairage allumé,En agglomération,Hors intersection,Normale,Sans collision,,,,,,,,,,,5,2,1,1,7
200500005044,0005-01-30 06:15:00,5,1,30,6,15,750,19.0,L448 PL AUGUSTE BARON,,,Crépuscule ou aube,En agglomération,Hors intersection,Normale,Autre collision,,,,,,,,,,,2,2,1,1,6
200500005045,0005-01-19 17:05:00,5,1,19,17,5,750,17.0,AV MAC MAHON R DE L ETOI,,,Crépuscule ou aube,En agglomération,Intersection en Y,Pluie légère,Deux véhicules - côté,,,,,,,,,,,2,2,4,2,3
200500005046,0005-01-21 05:35:00,5,1,21,5,35,750,17.0,BD DES BATIGNOLLES R DU,,,Nuit avec éclairage allumé,En agglomération,Intersection en T,Pluie légère,Deux véhicules - arrière,,,,,,,,,,,5,2,3,2,2
200500005047,0005-01-28 16:20:00,5,1,28,16,20,750,7.0,BD SAINT GERMAIN R DE LI,,,Crépuscule ou aube,En agglomération,Intersection en Y,Pluie légère,Autre collision,,,,,,,,,,,2,2,4,2,6
200500005048,0005-01-25 12:30:00,5,1,25,12,30,750,17.0,BD PEREIRE PL DE WAGRAM,,,Plein jour,En agglomération,Intersection en T,Normale,Autre collision,,,,,,,,,,,1,2,3,1,6
200500005049,0005-01-27 23:42:00,5,1,27,23,42,750,7.0,R DE GRENELLE BD DES INV,,,Nuit avec éclairage allumé,En agglomération,Intersection en X,Pluie légère,Sans collision,,,,,,,,,,,5,2,2,2,7
200500005050,0005-01-27 19:45:00,5,1,27,19,45,750,1.0,PL DE LA CONCORDE R DE R,,,Nuit avec éclairage allumé,En agglomération,Intersection en X,Pluie légère,Sans collision,,,,,,,,,,,5,2,2,2,7
200500005051,0005-01-27 19:10:00,5,1,27,19,10,750,8.0,AV CHAMPS ELYSEES R QUEN,,,Nuit avec éclairage allumé,En agglomération,Intersection en T,Pluie légère,Deux véhicules - arrière,,,,,,,,,,,5,2,3,2,2
200500005052,0005-01-27 20:10:00,5,1,27,20,10,750,8.0,BD MALESHERBES R VILLE L,,,Nuit avec éclairage allumé,En agglomération,Intersection en T,Pluie légère,Deux véhicules - côté,,,,,,,,,,,5,2,3,2,3
200500005053,0005-01-27 19:40:00,5,1,27,19,40,750,8.0,AV CHAMPS ELYSEES R DE T,,,Nuit avec éclairage allumé,En agglomération,Intersection en X,Pluie légère,Autre collision,,,,,,,,,,,5,2,2,2,6
200500005054,0005-01-27 15:00:00,5,1,27,15,0,750,15.0,2 BD GL MARTIAL VALIN,,,Plein jour,En agglomération,Hors intersection,Normale,Autre collision,,,,,,,,,,,1,2,1,1,6
200500005055,0005-01-27 08:35:00,5,1,27,8,35,750,17.0,144 AV DE CLICHY,,,Plein jour,En agglomération,Hors intersection,Normale,Autre collision,,,,,,,,,,,1,2,1,1,6
200500005056,0005-01-27 09:00:00,5,1,27,9,0,750,17.0,BD BERTHIER R SISLEY,,,Plein jour,En agglomération,Intersection en T,Normale,Deux véhicules - arrière,,,,,,,,,,,1,2,3,1,2
200500005057,0005-01-14 07:50:00,5,1,14,7,50,750,19.0,BPE PANTIN VILLETTE,,,Crépuscule ou aube,En agglomération,Hors intersection,Normale,Deux véhicules - côté,,,,,,,,,,,2,2,1,1,3
200500005058,0005-01-17 18:10:00,5,1,17,18,10,750,16.0,BPI DAUPHINE MAILLOT,,,Nuit avec éclairage allumé,En agglomération,Hors intersection,Pluie légère,Deux véhicules - arrière,,,,,,,,,,,5,2,1,2,2
200500005059,0005-01-18 07:40:00,5,1,18,7,40,750,14.0,BPE VANVES CHATILLON,,,Nuit avec éclairage allumé,En agglomération,Hors intersection,Pluie légère,Sans collision,,,,,,,,,,,5,2,1,2,7
200500005060,0005-01-21 08:35:00,5,1,21,8,35,750,16.0,BPI PASSY MUETTE,,,Plein jour,En agglomération,Hors intersection,Normale,Deux véhicules - côté,,,,,,,,,,,1,2,1,1,3
200500005061,0005-01-23 20:30:00,5,1,23,20,30,750,13.0,BPI ITALIE GENTILLY,,,Nuit avec éclairage allumé,En agglomération,Hors intersection,Normale,Deux véhicules - côté,,,,,,,,,,,5,2,1,1,3
200500005062,0005-01-31 17:55:00,5,1,31,17,55,750,7.0,R DE SEVRES R VELPEAU,,,Nuit avec éclairage allumé,En agglomération,Intersection en T,Normale,Autre collision,,,,,,,,,,,5,2,3,1,6
200500005063,0005-01-28 17:08:00,5,1,28,17,8,750,7.0,2 BD DES INVALIDES,,,Plein jour,En agglomération,Hors intersection,Pluie légère,Sans collision,,,,,,,,,,,1,2,1,2,7
200500005064,0005-01-28 00:05:00,5,1,28,0,5,750,17.0,AV DE WAGRAM R DE TILSIT,,,Nuit avec éclairage allumé,En agglomération,Intersection en X,Pluie légère,Deux véhicules - arrière,,,,,,,,,,,5,2,2,2,2
200500005065,0005-01-28 19:05:00,5,1,28,19,5,750,17.0,128 BD MALESHERBES,,,Nuit avec éclairage allumé,En agglomération,Hors intersection,Pluie légère,Autre collision,,,,,,,,,,,5,2,1,2,6
200500005066,0005-01-28 18:05:00,5,1,28,18,5,750,17.0,R JOUFFR D ABBANS R CARD,,,Nuit avec éclairage allumé,En agglomération,Intersection à plus de 4 branches,Pluie légère,Deux véhicules - côté,,,,,,,,,,,5,2,5,2,3
200500005067,0005-01-28 13:25:00,5,1,28,13,25,750,3.0,30 BD BEAUMARCHAIS,,,Plein jour,En agglomération,Hors intersection,Pluie légère,Sans collision,,,,,,,,,,,1,2,1,2,7
200500005068,0005-01-28 19:25:00,5,1,28,19,25,750,8.0,L7288 CRS ALBERT 1ER,,,Nuit avec éclairage allumé,En agglomération,Hors intersection,Pluie légère,Sans collision,,,,,,,,,,,5,2,1,2,7