accident_id,datetime,annee,mois,jour,heure,minute,departement,commune_insee,adresse,latitude,longitude,luminosite,agglomeration,intersection,meteo,collision,nb_vehicules,nb_usagers,nb_indemnes,nb_tues,nb_blesses_hosp,nb_blesses_legers,age_cond_1,age_cond_2,veh_type_cond_1,veh_type_cond_2,lum_code,agg_code,int_code,atm_code,col_code
200500005069,0005-01-28 18:35:00,5,1,28,18,35,750,8.0,AV F ROOSEVELT R P CHAMP,,,Nuit avec éclairage allumé,En agglomération,Intersection en T,Pluie légère,Autre collision,,,,,,,,,,,5,2,3,2,6
200500005070,0005-01-28 09:10:00,5,1,28,9,10,750,8.0,PL SAINT AUGUSTIN BD MAL,,,Plein jour,En agglomération,Intersection à plus de 4 branches,Pluie légère,Autre collision,,,,,,,,,,,1,2,5,2,6
200500005071,0005-01-28 10:10:00,5,1,28,10,10,750,8.0,6 PL DE LA MADELEINE,,,Plein jour,En agglomération,Hors intersection,Pluie légère,Deux véhicules - côté,,,,,,,,,,,1,2,1,2,3
200500005072,0005-01-29 09:30:00,5,1,29,9,30,750,9.0,R J BAPT PIGALLE R LA BR,,,Plein jour,En agglomération,Intersection en X,Pluie légère,Deux véhicules - côté,,,,,,,,,,,1,2,2,2,3
200500005073,0005-01-29 14:55:00,5,1,29,14,55,750,9.0,76 R DE LA VICTOIRE,,,Plein jour,En agglomération,Hors intersection,Normale,Deux véhicules - côté,,,,,,,,,,,1,2,1,1,3
200500005074,0005-01-29 13:40:00,5,1,29,13,40,750,17.0,AV DE SAINT OUEN,,,Plein jour,En agglomération,Hors intersection,Normale,Sans collision,,,,,,,,,,,1,2,1,1,7
200500005075,0005-01-29 10:40:00,5,1,29,10,40,750,17.0,AV DE CLICHY R CLAIRAUT,,,Plein jour,En agglomération,Intersection en T,Normale,Deux véhicules - côté,,,,,,,,,,,1,2,3,1,3
200500005076,0005-01-29 22:51:00,5,1,29,22,51,750,8.0,84 AV CHAMPS ELYSEES,,,Nuit avec éclairage allumé,En agglomération,Hors intersection,Normale,Autre collision,,,,,,,,,,,5,2,1,1,6
200500005077,0005-01-29 20:45:00,5,1,29,20,45,750,8.0,BD HAUSSMANN PL SAINT AU,,,Nuit avec éclairage allumé,En agglomération,Intersection en T,Normale,Autre collision,,,,,,,,,,,5,2,3,1,6
200500005078,0005-01-30 04:30:00,5,1,30,4,30,750,1.0,Q DES TUILERIES PT DU CA,,,Nuit avec éclairage allumé,En agglomération,Intersection en X,Normale,Deux véhicules - côté,,,,,,,,,,,5,2,2,1,3
200500005079,0005-01-30 19:20:00,5,1,30,19,20,750,4.0,BD DE SEBASTOPOL R AUBRY,,,Nuit avec éclairage allumé,En agglomération,Intersection en X,Normale,Deux véhicules - côté,,,,,,,,,,,5,2,2,1,3
200500005080,0005-01-30 16:36:00,5,1,30,16,36,750,8.0,86 AV CHAMPS ELYSEES,,,Plein jour,En agglomération,Hors intersection,Pluie légère,Deux véhicules - côté,,,,,,,,,,,1,2,1,2,3
200500005081,0005-01-31 07:30:00,5,1,31,7,30,750,1.0,R DE RIVOLI R DES DECHAR,,,Plein jour,En agglomération,Intersection en T,Normale,Deux véhicules - côté,,,,,,,,,,,1,2,3,1,3
200500005082,0005-01-31 19:50:00,5,1,31,19,50,750,14.0,R FROIDEVAUX R LALANDE,,,Nuit avec éclairage allumé,En agglomération,Intersection en T,Normale,Sans collision,,,,,,,,,,,5,2,3,1,7
200500005083,0005-01-27 01:45:00,5,1,27,1,45,750,9.0,R DU FG MONTMARTRE R DE,,,Nuit avec éclairage allumé,En agglomération,Intersection en X,Normale,Deux véhicules - côté,,,,,,,,,,,5,2,2,1,3
200500005084,0005-01-28 17:50:00,5,1,28,17,50,750,6.0,R D ASSAS R MADAME,,,Nuit avec éclairage allumé,En agglomération,Intersection en T,Pluie légère,Autre collision,,,,,,,,,,,5,2,3,2,6
200500005085,0005-01-28 20:10:00,5,1,28,20,10,750,17.0,R DE LA TERRASSE AV DE V,,,Nuit avec éclairage allumé,En agglomération,Intersection en X,Pluie légère,Deux véhicules - côté,,,,,,,,,,,5,2,2,2,3
200500005086,0005-01-28 09:00:00,5,1,28,9,0,750,20.0,R D AVRON R DES ORMEAUX,,,Plein jour,En agglomération,Intersection en T,Pluie légère,Deux véhicules - côté,,,,,,,,,,,1,2,3,2,3
200500005087,0005-01-29 16:40:00,5,1,29,16,40,750,10.0,190 R FG SAINT DENIS,,,Plein jour,En agglomération,Hors intersection,Normale,Autre collision,,,,,,,,,,,1,2,1,1,6
200500005088,0005-01-29 09:40:00,5,1,29,9,40,750,20.0,AV GAMBETTA R DUPONT DE,,,Plein jour,En agglomération,Intersection en Y,Normale,Autre collision,,,,,,,,,,,1,2,4,1,6
200500005089,0005-01-30 01:10:00,5,1,30,1,10,750,6.0,R DE TOURNON R SAINT SUL,,,Nuit avec éclairage allumé,En agglomération,Intersection en X,Normale,Deux véhicules - côté,,,,,,,,,,,5,2,2,1,3
200500005090,0005-01-30 02:32:00,5,1,30,2,32,750,10.0,36 BD DE STRASBOURG,,,Nuit avec éclairage allumé,En agglomération,Hors intersection,Normale,Autre collision,,,,,,,,,,,5,2,1,1,6
200500005091,0005-01-31 14:55:00,5,1,31,14,55,750,16.0,AV KLEBER R DE LONGCHAMP,,,Plein jour,En agglomération,Intersection en X,Normale,Deux véhicules - côté,,,,,,,,,,,1,2,2,1,3
200500005092,0005-01-31 09:30:00,5,1,31,9,30,750,9.0,BD HAUSSMANN R LAFFITE,,,Plein jour,En agglomération,Intersection en X,Normale,Deux véhicules - côté,,,,,,,,,,,1,2,2,1,3
200500005093,0005-01-31 14:20:00,5,1,31,14,20,750,9.0,BD HAUSSMANN R DU HELDER,,,Plein jour,En agglomération,Intersection en T,Normale,Deux véhicules - arrière,,,,,,,,,,,1,2,3,1,2
200500005094,0005-01-31 11:50:00,5,1,31,11,50,750,9.0,BD POISSONNIERE R DU FG,,,Plein jour,En agglomération,Intersection en X,Normale,Deux véhicules - côté,,,,,,,,,,,1,2,2,1,3
200500005095,0005-01-31 07:30:00,5,1,31,7,30,750,10.0,R LOUIS BLANC PL COLONEL,,,Plein jour,En agglomération,Intersection en T,Normale,Autre collision,,,,,,,,,,,1,2,3,1,6
200500005096,0005-01-31 17:20:00,5,1,31,17,20,750,10.0,258 R FG SAINT MARTIN,,,Crépuscule ou aube,En agglomération,Hors intersection,Normale,Deux véhicules - côté,,,,,,,,,,,2,2,1,1,3
200500005097,0005-01-27 15:55:00,5,1,27,15,55,750,3.0,42 R DE BRETAGNE,,,Plein jour,En agglomération,Hors intersection,Normale,Autre collision,,,,,,,,,,,1,2,1,1,6
200500005098,0005-01-02 14:30:00,5,1,2,14,30,750,19.0,BPI AUBERVILLIERS VILLET,,,Plein jour,En agglomération,Hors intersection,Normale,Trois véhicules et plus - en chaîne,,,,,,,,,,,1,2,1,1,4
200500005099,0005-01-12 08:50:00,5,1,12,8,50,750,17.0,BPE CLICHY ASNIERES,,,Plein jour,En agglomération,Hors intersection,Normale,Trois véhicules et plus - en chaîne,,,,,,,,,,,1,2,1,1,4
200500005100,0005-01-14 12:30:00,5,1,14,12,30,750,12.0,BPE BERCY CHARENTON,,,Plein jour,En agglomération,Hors intersection,Normale,Autre collision,,,,,,,,,,,1,2,1,1,6
200500005101,0005-01-17 11:30:00,5,1,17,11,30,750,13.0,BPE GENTILLY ITALIE,,,Plein jour,En agglomération,Hors intersection,Normale,Deux véhicules - côté,,,,,,,,,,,1,2,1,1,3
200500005102,0005-01-20 05:20:00,5,1,20,5,20,750,12.0,BD SOULT AV DE SAINT MAN,,,Nuit avec éclairage allumé,En agglomération,Intersection en X,Normale,Deux véhicules - arrière,,,,,,,,,,,5,2,2,1,2
200500005103,0005-01-20 02:10:00,5,1,20,2,10,750,12.0,L18337 BD DE BERCY,,,Nuit avec éclairage allumé,En agglomération,Hors intersection,Normale,Autre collision,,,,,,,,,,,5,2,1,1,6
200500005104,0005-01-20 22:25:00,5,1,20,22,25,750,12.0,CAR DE CONSERVATION RTE,,,Nuit avec éclairage allumé,En agglomération,Intersection en Y,Normale,Sans collision,,,,,,,,,,,5,2,4,1,7
200500005105,0005-01-21 01:25:00,5,1,21,1,25,750,12.0,AV DAUMESNIL R ABEL,,,Nuit avec éclairage allumé,En agglomération,Intersection en X,Pluie légère,Deux véhicules - côté,,,,,,,,,,,5,2,2,2,3
200500005106,0005-01-21 18:55:00,5,1,21,18,55,750,13.0,BPI ITALIE GENTILLY,,,Nuit avec éclairage allumé,En agglomération,Hors intersection,Normale,Deux véhicules - côté,,,,,,,,,,,5,2,1,1,3
200500005107,0005-01-22 23:55:00,5,1,22,23,55,750,12.0,158 AV DAUMESNIL,,,Nuit avec éclairage allumé,En agglomération,Hors intersection,Pluie légère,Deux véhicules - côté,,,,,,,,,,,5,2,1,2,3
200500005108,0005-01-25 12:50:00,5,1,25,12,50,750,8.0,10 AV DE WAGRAM,,,Plein jour,En agglomération,Hors intersection,Normale,Deux véhicules - arrière,,,,,,,,,,,1,2,1,1,2
200500005109,0005-01-25 12:20:00,5,1,25,12,20,750,18.0,R ORDENER BD BARBES,,,Plein jour,En agglomération,Intersection en X,Normale,Deux véhicules - côté,,,,,,,,,,,1,2,2,1,3
200500005110,0005-01-28 19:25:00,5,1,28,19,25,750,18.0,PL ALBERT KAHN R  CHAMPI,,,Nuit avec éclairage allumé,En agglomération,Intersection à plus de 4 branches,Pluie légère,Sans collision,,,,,,,,,,,5,2,5,2,7
200500005111,0005-01-30 03:00:00,5,1,30,3,0,750,13.0,BPE GARE BERCY,,,Nuit avec éclairage allumé,En agglomération,Hors intersection,Normale,Autre collision,,,,,,,,,,,5,2,1,1,6
200500005112,0005-01-30 20:15:00,5,1,30,20,15,750,18.0,R MARX DORMOY R DOUDEAUV,,,Nuit avec éclairage allumé,En agglomération,Intersection en T,Pluie légère,Autre collision,,,,,,,,,,,5,2,3,2,6
200500005113,0005-01-27 19:00:00,5,1,27,19,0,750,20.0,AV GAMBETTA R HAXO,,,Nuit avec éclairage allumé,En agglomération,Intersection à plus de 4 branches,Neige / grêle,Deux véhicules - côté,,,,,,,,,,,5,2,5,4,3
200500005114,0005-01-28 08:30:00,5,1,28,8,30,750,17.0,52 R DE LEVIS,,,Plein jour,En agglomération,Hors intersection,Pluie légère,Autre collision,,,,,,,,,,,1,2,1,2,6
200500005115,0005-01-28 08:50:00,5,1,28,8,50,750,17.0,R TOULOUSE LAUTREC,,,Nuit avec éclairage allumé,En agglomération,Hors intersection,Pluie légère,Deux véhicules - côté,,,,,,,,,,,5,2,1,2,3
200500005116,0005-01-29 11:25:00,5,1,29,11,25,750,18.0,AV DE SAINT OUEN R LEIBN,,,Plein jour,En agglomération,Intersection en T,Pluie légère,Autre collision,,,,,,,,,,,1,2,3,2,6
200500005117,0005-01-30 15:00:00,5,1,30,15,0,750,5.0,BD SAINT MICHEL R DU SOM,,,Plein jour,En agglomération,Intersection en T,Pluie légère,Autre collision,,,,,,,,,,,1,2,3,2,6
200500005118,0005-01-31 15:55:00,5,1,31,15,55,750,5.0,22 BD SAINT MARCEL,,,Plein jour,En agglomération,Hors intersection,Temps couvert,Deux véhicules - côté,,,,,,,,,,,1,2,1,8,3
200500005119,0005-01-31 20:40:00,5,1,31,20,40,750,5.0,R DE LA BUCHERIE R DU PE,,,Nuit avec éclairage allumé,En agglomération,Intersection en T,Temps couvert,Deux véhicules - côté,,,,,,,,,,,5,2,3,8,3
200500005120,0005-01-31 07:50:00,5,1,31,7,50,750,12.0,116 BD DIDEROT,,,Nuit avec éclairage allumé,En agglomération,Hors intersection,Normale,Autre collision,,,,,,,,,,,5,2,1,1,6
200500005121,0005-01-12 12:15:00,5,1,12,12,15,750,12.0,BPE BERCY CHARENTON,,,Plein jour,En agglomération,Hors intersection,Normale,Trois véhicules et plus - en chaîne,,,,,,,,,,,1,2,1,1,4
200500005122,0005-01-31 20:35:00,5,1,31,20,35,750,12.0,BPI CHARENTON BERCY,,,Nuit avec éclairage allumé,En agglomération,Hors intersection,Normale,Autre collision,,,,,,,,,,,5,2,1,1,6
200500005123,0005-01-31 10:00:00,5,1,31,10,0,750,13.0,BPE GENTILLY ITALIE,,,Plein jour,En agglomération,Hors intersection,Normale,Deux véhicules - côté,,,,,,,,,,,1,2,1,1,3
200500005124,0005-01-10 15:15:00,5,1,10,15,15,750,17.0,BPE ST OUEN CLICHY,,,Plein jour,En agglomération,Hors intersection,Normale,Autre collision,,,,,,,,,,,1,2,1,1,6
200500005125,0005-01-21 19:50:00,5,1,21,19,50,750,16.0,BPI DAUPHINE MAILLOT,,,Nuit avec éclairage allumé,En agglomération,Hors intersection,Normale,Trois véhicules et plus - en chaîne,,,,,,,,,,,5,2,1,1,4
200500005126,0005-01-25 12:25:00,5,1,25,12,25,750,14.0,ECH ORLEANS,,,Plein jour,En agglomération,Hors intersection,Normale,Deux véhicules - côté,,,,,,,,,,,1,2,1,1,3
200500005127,0005-01-26 20:40:00,5,1,26,20,40,750,14.0,BPE VANVES CHATILLON,,,Nuit avec éclairage allumé,En agglomération,Hors intersection,Normale,Deux véhicules - côté,,,,,,,,,,,5,2,1,1,3
200500005128,0005-01-30 23:55:00,5,1,30,23,55,750,12.0,BPE BERCY CHARENTON,,,Nuit avec éclairage allumé,En agglomération,Hors intersection,Normale,Deux véhicules - arrière,,,,,,,,,,,5,2,1,1,2
200500005129,0005-01-31 16:00:00,5,1,31,16,0,750,15.0,BPE BRANCION VANVES,,,Plein jour,En agglomération,Hors intersection,Normale,Deux véhicules - arrière,,,,,,,,,,,1,2,1,1,2
200500005130,0005-01-26 13:00:00,5,1,26,13,0,750,4.0,PL DU PARVIS N DAME,,,Plein jour,En agglomération,Hors intersection,Normale,Autre collision,,,,,,,,,,,1,2,1,1,6
200500005131,0005-01-30 13:20:00,5,1,30,13,20,750,11.0,R NEUVE POPINCOURT R OBE,,,Plein jour,En agglomération,Intersection en X,Temps couvert,Autre collision,,,,,,,,,,,1,2,2,8,6
200500005132,0005-01-18 17:06:00,5,1,18,17,6,750,12.0,L17241 R JOSEPH KESSEL,,,Crépuscule ou aube,En agglomération,Hors intersection,Normale,Trois véhicules et plus - en chaîne,,,,,,,,,,,2,2,1,1,4
200500005133,0005-01-24 18:50:00,5,1,24,18,50,750,10.0,BD DE MAGENTA R PETITS,,,Nuit avec éclairage allumé,En agglomération,Intersection en Y,Temps couvert,Autre collision,,,,,,,,,,,5,2,4,8,6
200500005134,0005-01-31 11:50:00,5,1,31,11,50,750,7.0,Q D ORSAY PT DE LA CONCO,,,Plein jour,En agglomération,Intersection en T,Normale,Deux véhicules - arrière,,,,,,,,,,,1,2,3,1,2
200500005135,0005-01-18 21:00:00,5,1,18,21,0,750,18.0,BPE AUBERVILLIERS CHAPEL,,,Nuit avec éclairage allumé,En agglomération,Hors intersection,Pluie légère,Deux véhicules - arrière,,,,,,,,,,,5,2,1,2,2
200500005136,0005-01-25 09:00:00,5,1,25,9,0,750,18.0,82 R DAMREMONT,,,Plein jour,En agglomération,Hors intersection,Normale,Deux véhicules - côté,,,,,,,,,,,1,2,1,1,3
200500005137,0005-01-26 07:00:00,5,1,26,7,0,750,13.0,BPE ITALIE IVRY,,,Crépuscule ou aube,En agglomération,Hors intersection,Normale,Trois véhicules et plus - en chaîne,,,,,,,,,,,2,2,1,1,4
200500005138,0005-01-01 15:00:00,5,1,1,15,0,760,114.0,"4, AUGER GEORGES (RUE)",,,Plein jour,En agglomération,Hors intersection,Temps couvert,Deux véhicules - frontale,,,,,,,,,,,1,2,1,8,1
200500005139,0005-01-03 15:10:00,5,1,3,15,10,760,217.0,RN 27,,,Plein jour,En agglomération,Hors intersection,Normale,Deux véhicules - arrière,,,,,,,,,,,1,2,1,1,2
200500005140,0005-01-20 04:00:00,5,1,20,4,0,760,414.0,D1,,,Nuit avec éclairage allumé,En agglomération,Hors intersection,Normale,Sans collision,,,,,,,,,,,5,2,1,1,7
200500005141,0005-01-21 23:10:00,5,1,21,23,10,760,217.0,FOCH (BOULEVARD MARECHAL,,,Nuit avec éclairage non allumé,En agglomération,Hors intersection,Pluie légère,Sans collision,,,,,,,,,,,4,2,1,2,7
200500005142,0005-01-23 18:20:00,5,1,23,18,20,760,217.0,REPUBLIQUE (AVENUE DE LA,,,Nuit avec éclairage allumé,En agglomération,Hors intersection,Normale,Deux véhicules - frontale,,,,,,,,,,,5,2,1,1,1
200500005143,0005-01-29 13:58:00,5,1,29,13,58,760,217.0,ALBERT LAMOTTE (RUE),,,Plein jour,En agglomération,Intersection en X,Normale,Deux véhicules - côté,,,,,,,,,,,1,2,2,1,3
200500005144,0005-01-02 11:00:00,5,1,2,11,0,760,165.0,"0, GUILLARD. RUE",,,Plein jour,En agglomération,Intersection en T,Normale,Deux véhicules - côté,,,,,,,,,,,1,2,3,1,3
200500005145,0005-01-04 12:10:00,5,1,4,12,10,760,231.0,RANDOING. RUE CAMILLE,,,Plein jour,En agglomération,Hors intersection,Normale,Deux véhicules - arrière,,,,,,,,,,,1,2,1,1,2
200500005146,0005-01-05 18:05:00,5,1,5,18,5,760,561.0,"13, CANADIENS. RUE DES",,,Nuit avec éclairage allumé,En agglomération,Hors intersection,Pluie légère,Deux véhicules - frontale,,,,,,,,,,,5,2,1,2,1
200500005147,0005-01-07 17:05:00,5,1,7,17,5,760,231.0,BOURGTHEROULDE. RUE DE,,,Plein jour,En agglomération,Hors intersection,Normale,Deux véhicules - frontale,,,,,,,,,,,1,2,1,1,1
200500005148,0005-01-10 19:15:00,5,1,10,19,15,760,231.0,ROOSEVELT. RUE DU PRESID,,,Nuit avec éclairage allumé,En agglomération,Intersection en T,Pluie légère,Sans collision,,,,,,,,,,,5,2,3,2,7
200500005149,0005-01-14 07:45:00,5,1,14,7,45,760,231.0,"16, REPUBLIQUE. RUE DE L",,,Nuit avec éclairage allumé,En agglomération,Hors intersection,Normale,Sans collision,,,,,,,,,,,5,2,1,1,7
200500005150,0005-01-22 23:45:00,5,1,22,23,45,760,259.0,"37, VICOMTE ( QUAI)",,,Nuit avec éclairage allumé,En agglomération,Hors intersection,Pluie légère,Autre collision,,,,,,,,,,,5,2,1,2,6
200500005151,0005-01-01 20:05:00,5,1,1,20,5,760,351.0,"0, MONT GAILLARD (ALLEE",,,Nuit avec éclairage allumé,En agglomération,Hors intersection,Pluie légère,Autre collision,,,,,,,,,,,5,2,1,2,6
200500005152,0005-01-23 12:45:00,5,1,23,12,45,760,305.0,GUSTAVE COURBET,,,Plein jour,En agglomération,Intersection en T,Normale,Deux véhicules - côté,,,,,,,,,,,1,2,3,1,3
200500005153,0005-01-31 20:30:00,5,1,31,20,30,760,351.0,ARISTIDE BRIAND <313,,,Nuit avec éclairage non allumé,En agglomération,Intersection en T,Normale,Deux véhicules - côté,,,,,,,,,,,4,2,3,1,3
200500005154,0005-01-04 18:00:00,5,1,4,18,0,760,540.0,"10, REPUBLIQUE. RUE DE L",,,Nuit avec éclairage allumé,En agglomération,Hors intersection,Normale,Deux véhicules - côté,,,,,,,,,,,5,2,1,1,3
200500005155,0005-01-06 18:20:00,5,1,6,18,20,760,540.0,"0, BOIELDIEU. PONT",,,Nuit avec éclairage allumé,En agglomération,Hors intersection,Normale,Deux véhicules - arrière,,,,,,,,,,,5,2,1,1,2
200500005156,0005-01-07 16:10:00,5,1,7,16,10,760,540.0,"0, HAVRE. ROUTE DU",,,Plein jour,En agglomération,Hors intersection,Normale,Deux véhicules - côté,,,,,,,,,,,1,2,1,1,3
200500005157,0005-01-08 12:50:00,5,1,8,12,50,760,599.0,"0, WADDINGTON. DOMAINE",,,Plein jour,En agglomération,Hors intersection,Vent fort / tempête,Autre collision,,,,,,,,,,,1,2,1,6,6
200500005158,0005-01-10 12:10:00,5,1,10,12,10,760,540.0,"3, ALSACE LORRAINE. RUE",,,Plein jour,En agglomération,Hors intersection,Normale,Autre collision,,,,,,,,,,,1,2,1,1,6
200500005159,0005-01-10 15:40:00,5,1,10,15,40,760,540.0,"1, JOFFRE. PLACE",,,Plein jour,En agglomération,Hors intersection,Normale,Autre collision,,,,,,,,,,,1,2,1,1,6
200500005160,0005-01-12 12:30:00,5,1,12,12,30,760,540.0,"1, REPUBLIQUE. PLACE DE",,,Plein jour,En agglomération,Hors intersection,Normale,Autre collision,,,,,,,,,,,1,2,1,1,6
200500005161,0005-01-14 12:40:00,5,1,14,12,40,760,322.0,"1, LECLERC. AVENUE DU MA",,,Plein jour,En agglomération,Hors intersection,Normale,Deux véhicules - côté,,,,,,,,,,,1,2,1,1,3
200500005162,0005-01-15 14:55:00,5,1,15,14,55,760,540.0,"1, SAINT VIVIEN. PLACE",,,Plein jour,En agglomération,Hors intersection,Normale,Autre collision,,,,,,,,,,,1,2,1,1,6
200500005163,0005-01-18 07:50:00,5,1,18,7,50,760,540.0,"1, BELGES. BOULEVARD DES",,,Crépuscule ou aube,En agglomération,Hors intersection,Pluie légère,Autre collision,,,,,,,,,,,2,2,1,2,6
200500005164,0005-01-18 08:25:00,5,1,18,8,25,760,681.0,"1, CORNEILLE. RUE PIERRE",,,Crépuscule ou aube,En agglomération,Hors intersection,Pluie forte,Autre collision,,,,,,,,,,,2,2,1,3,6
200500005165,0005-01-18 09:55:00,5,1,18,9,55,760,540.0,"1, GUILLAUME LE CONQUERA",,,Plein jour,En agglomération,Hors intersection,Pluie légère,Deux véhicules - frontale,,,,,,,,,,,1,2,1,2,1
200500005166,0005-01-20 20:55:00,5,1,20,20,55,760,540.0,"1, GERMONT. RUE DE",,,Nuit avec éclairage allumé,En agglomération,Hors intersection,Normale,Autre collision,,,,,,,,,,,5,2,1,1,6
200500005167,0005-01-21 22:40:00,5,1,21,22,40,760,216.0,"1, DIEPPE. ROUTE DE (RN",,,Nuit avec éclairage allumé,En agglomération,Hors intersection,Normale,Sans collision,,,,,,,,,,,5,2,1,1,7
200500005168,0005-01-22 10:00:00,5,1,22,10,0,760,497.0,"1, RN 138",,,Plein jour,En agglomération,Hors intersection,Temps couvert,Sans collision,,,,,,,,,,,1,2,1,8,7
200500005169,0005-01-23 02:25:00,5,1,23,2,25,760,540.0,"1, CONSTANTINE. RUE DE",,,Nuit avec éclairage allumé,En agglomération,Intersection en T,Pluie forte,Deux véhicules - côté,,,,,,,,,,,5,2,3,3,3
200500005170,0005-01-24 18:05:00,5,1,24,18,5,760,212.0,"1, PASTEUR. RUE LOUIS",,,Nuit avec éclairage allumé,En agglomération,Hors intersection,Normale,Autre collision,,,,,,,,,,,5,2,1,1,6
200500005171,0005-01-26 13:40:00,5,1,26,13,40,760,681.0,"0, 14 JUILLET. AVENUE DU",,,Plein jour,En agglomération,Intersection en T,Normale,Deux véhicules - côté,,,,,,,,,,,1,2,3,1,3
200500005172,0005-01-27 21:35:00,5,1,27,21,35,760,322.0,"0, MAURICE RAVEL - QUART",,,Nuit avec éclairage allumé,En agglomération,Hors intersection,Pluie légère,Autre collision,,,,,,,,,,,5,2,1,2,6
200500005173,0005-01-30 12:40:00,5,1,30,12,40,760,322.0,"0, BLUM. AVENUE LEON",,,Plein jour,En agglomération,Hors intersection,Pluie légère,Deux véhicules - arrière,,,,,,,,,,,1,2,1,2,2
200500005174,0005-01-31 14:50:00,5,1,31,14,50,760,540.0,"0, HAVRE. ROUTE DU",,,Plein jour,En agglomération,Hors intersection,Normale,Deux véhicules - arrière,,,,,,,,,,,1,2,1,1,2
200500005175,0005-01-07 21:05:00,5,1,7,21,5,770,108.0,GENERAL DE GAULLE (AVENU,,,Nuit avec éclairage allumé,En agglomération,Hors intersection,Normale,Autre collision,,,,,,,,,,,5,2,1,1,6
200500005176,0005-01-15 15:40:00,5,1,15,15,40,770,108.0,"4, CHILPERIC (BOULEVARD)",,,Plein jour,En agglomération,Hors intersection,Normale,Autre collision,,,,,,,,,,,1,2,1,1,6
200500005177,0005-01-06 14:50:00,5,1,6,14,50,770,108.0,SYLVIE (AVENUE DE),,,Plein jour,En agglomération,Hors intersection,Normale,Trois véhicules et plus - en chaîne,,,,,,,,,,,1,2,1,1,4
200500005178,0005-01-21 15:10:00,5,1,21,15,10,770,108.0,TIR ( RUE DU ),,,Plein jour,En agglomération,Hors intersection,Normale,Autre collision,,,,,,,,,,,1,2,1,1,6
200500005179,0005-01-31 19:05:00,5,1,31,19,5,770,108.0,"49, HUMBOLT (AVENUE)",,,Nuit avec éclairage allumé,En agglomération,Hors intersection,Pluie légère,Autre collision,,,,,,,,,,,5,2,1,2,6
200500005180,0005-01-27 17:20:00,5,1,27,17,20,770,108.0,CHILPERIC (BOULEVARD),,,Plein jour,En agglomération,Hors intersection,Normale,Autre collision,,,,,,,,,,,1,2,1,1,6
200500005181,0005-01-20 11:10:00,5,1,20,11,10,770,108.0,"02, NAST (RUE GUSTAVE)",,,Plein jour,En agglomération,Hors intersection,Normale,Autre collision,,,,,,,,,,,1,2,1,1,6
200500005182,0005-01-02 06:30:00,5,1,2,6,30,770,268.0,CLE DES CHAMPS ( RUE DE,,,Nuit avec éclairage allumé,En agglomération,Intersection en T,Normale,Sans collision,,,,,,,,,,,5,2,3,1,7
200500005183,0005-01-08 02:00:00,5,1,8,2,0,770,449.0,B 0 ( RD POINT ),,,Nuit avec éclairage allumé,En agglomération,Hors intersection,Normale,Deux véhicules - arrière,,,,,,,,,,,5,2,1,1,2
200500005184,0005-01-10 18:55:00,5,1,10,18,55,770,449.0,"20, PONCELET ( RUE DU )",,,Nuit avec éclairage allumé,En agglomération,Hors intersection,Normale,Deux véhicules - côté,,,,,,,,,,,5,2,1,1,3
200500005185,0005-01-21 15:00:00,5,1,21,15,0,770,18.0,"0, BELLESMES ( CHEMIN DE",,,Plein jour,En agglomération,Intersection en T,Normale,Deux véhicules - côté,,,,,,,,,,,1,2,3,1,3
200500005186,0005-01-04 11:10:00,5,1,4,11,10,770,131.0,"27, STRASBOURG (AVENUE D",,,Plein jour,En agglomération,Hors intersection,Normale,Trois véhicules et plus - collisions multiples,,,,,,,,,,,1,2,1,1,5
200500005187,0005-01-08 13:00:00,5,1,8,13,0,770,131.0,"10, MARTIAL CORDIER (RUE",,,Plein jour,En agglomération,Hors intersection,Pluie légère,Trois véhicules et plus - en chaîne,,,,,,,,,,,1,2,1,2,4
200500005188,0005-01-08 16:40:00,5,1,8,16,40,770,320.0,"929, GENERAL DE GAULLE (",,,Plein jour,En agglomération,Autre intersection,Pluie légère,Deux véhicules - arrière,,,,,,,,,,,1,2,9,2,2
200500005189,0005-01-19 09:10:00,5,1,19,9,10,770,28.0,TOUQUIN (ROUTE),,,Plein jour,En agglomération,Hors intersection,Autre,Deux véhicules - côté,,,,,,,,,,,1,2,1,9,3
200500005190,0005-01-22 18:00:00,5,1,22,18,0,770,320.0,LIBERATION (AVENUE DE LA,,,Crépuscule ou aube,En agglomération,Hors intersection,Normale,Autre collision,,,,,,,,,,,2,2,1,1,6
200500005191,0005-01-25 08:40:00,5,1,25,8,40,770,320.0,PARIS (AVENUE DE),,,Plein jour,En agglomération,Hors intersection,Autre,Trois véhicules et plus - en chaîne,,,,,,,,,,,1,2,1,9,4
200500005192,0005-01-29 21:05:00,5,1,29,21,5,770,371.0,SAINT BLANDIN,,,Nuit sans éclairage public,En agglomération,Hors intersection,Normale,Deux véhicules - arrière,,,,,,,,,,,3,2,1,1,2
200500005193,0005-01-30 21:20:00,5,1,30,21,20,770,320.0,RN 34 (SORTIE MOUROUX AE,,,Nuit sans éclairage public,En agglomération,Hors intersection,Temps couvert,Trois véhicules et plus - collisions multiples,,,,,,,,,,,3,2,1,8,5
200500005194,0005-01-03 16:23:00,5,1,3,16,23,770,152.0,"IGNORE, RESISTANCE(RUE D",,,Plein jour,En agglomération,Hors intersection,Normale,Autre collision,,,,,,,,,,,1,2,1,1,6
200500005195,0005-01-07 07:35:00,5,1,7,7,35,770,518.0,141(CD),,,Crépuscule ou aube,En agglomération,Hors intersection,Normale,Autre collision,,,,,,,,,,,2,2,1,1,6