accident_id,datetime,annee,mois,jour,heure,minute,departement,commune_insee,adresse,latitude,longitude,luminosite,agglomeration,intersection,meteo,collision,nb_vehicules,nb_usagers,nb_indemnes,nb_tues,nb_blesses_hosp,nb_blesses_legers,age_cond_1,age_cond_2,veh_type_cond_1,veh_type_cond_2,lum_code,agg_code,int_code,atm_code,col_code
200500005324,0005-01-08 17:30:00,5,1,8,17,30,780,621.0,PASTEUR MARTIN LUTHER KI,,,Crépuscule ou aube,En agglomération,Hors intersection,Temps couvert,Sans collision,,,,,,,,,,,2,2,1,8,7
200500005325,0005-01-06 18:25:00,5,1,6,18,25,780,621.0,PAPIN (RUE DENIS),,,Nuit sans éclairage public,En agglomération,Giratoire,Normale,Deux véhicules - côté,,,,,,,,,,,3,2,6,1,3
200500005326,0005-01-11 12:35:00,5,1,11,12,35,780,621.0,ALEMBERT (AVENUE JEAN D',,,Plein jour,En agglomération,Hors intersection,Normale,Sans collision,,,,,,,,,,,1,2,1,1,7
200500005327,0005-01-06 19:50:00,5,1,6,19,50,780,621.0,DEPARTEMENTALE 912 (ROUT,,,Nuit sans éclairage public,En agglomération,Hors intersection,Normale,Trois véhicules et plus - en chaîne,,,,,,,,,,,3,2,1,1,4
200500005328,0005-01-14 19:15:00,5,1,14,19,15,780,621.0,NATIONALE 10   (ROUTE),,,Nuit avec éclairage allumé,En agglomération,Intersection en Y,Temps couvert,Deux véhicules - arrière,,,,,,,,,,,5,2,4,8,2
200500005329,0005-01-03 21:15:00,5,1,3,21,15,780,686.0,GENERAL LECLERC (AVENUE,,,Nuit avec éclairage allumé,En agglomération,Hors intersection,Normale,Deux véhicules - côté,,,,,,,,,,,5,2,1,1,3
200500005330,0005-01-18 09:45:00,5,1,18,9,45,780,686.0,ROBERT WAGNER (AVENUE),,,Plein jour,En agglomération,Hors intersection,Pluie légère,Autre collision,,,,,,,,,,,1,2,1,2,6
200500005331,0005-01-22 15:20:00,5,1,22,15,20,780,686.0,"17, GENERAL LECLERC (AVE",,,Plein jour,En agglomération,Hors intersection,Normale,Deux véhicules - côté,,,,,,,,,,,1,2,1,1,3
200500005332,0005-01-06 18:00:00,5,1,6,18,0,780,646.0,CLEMENT ADER (AVENUE),,,Nuit avec éclairage allumé,En agglomération,Hors intersection,Normale,Deux véhicules - côté,,,,,,,,,,,5,2,1,1,3
200500005333,0005-01-14 07:40:00,5,1,14,7,40,780,646.0,"nc, REINE (BOULEVARD DE",,,Crépuscule ou aube,En agglomération,Autre intersection,Temps couvert,Autre collision,,,,,,,,,,,2,2,9,8,6
200500005334,0005-01-18 08:10:00,5,1,18,8,10,780,158.0,"59, VERSAILLES (RUE DE)",,,Crépuscule ou aube,En agglomération,Hors intersection,Pluie légère,Autre collision,,,,,,,,,,,2,2,1,2,6
200500005335,0005-01-19 07:25:00,5,1,19,7,25,780,117.0,JEAN CASALE (AVENUE),,,Crépuscule ou aube,En agglomération,Intersection en T,Temps couvert,Deux véhicules - côté,,,,,,,,,,,2,2,3,8,3
200500005336,0005-01-20 07:30:00,5,1,20,7,30,780,646.0,MARECHAL JOFFRE (RUE DU),,,Nuit avec éclairage allumé,En agglomération,Intersection en T,Normale,Deux véhicules - frontale,,,,,,,,,,,5,2,3,1,1
200500005337,0005-01-20 07:55:00,5,1,20,7,55,780,117.0,LOUIS BLERIOT (RUE),,,Crépuscule ou aube,En agglomération,Hors intersection,Normale,Deux véhicules - côté,,,,,,,,,,,2,2,1,1,3
200500005338,0005-01-22 20:10:00,5,1,22,20,10,780,646.0,"05, ETATS GENERAUX (RUE",,,Nuit avec éclairage allumé,En agglomération,Hors intersection,Normale,Deux véhicules - côté,,,,,,,,,,,5,2,1,1,3
200500005339,0005-01-20 17:10:00,5,1,20,17,10,780,646.0,"0, PARC DE CLAGNY (RUE D",,,Plein jour,En agglomération,Intersection en X,Normale,Deux véhicules - arrière,,,,,,,,,,,1,2,2,1,2
200500005340,0005-01-27 09:00:00,5,1,27,9,0,780,646.0,MARECHAL FOCH (RUE DU),,,Plein jour,En agglomération,Hors intersection,Normale,Autre collision,,,,,,,,,,,1,2,1,1,6
200500005341,0005-01-27 20:40:00,5,1,27,20,40,780,158.0,LOI (PLACE DE LA),,,Nuit avec éclairage allumé,En agglomération,Hors intersection,Neige / grêle,Deux véhicules - côté,,,,,,,,,,,5,2,1,4,3
200500005342,0005-01-01 02:15:00,5,1,1,2,15,780,418.0,"51, HUIT MAI 1945 (RUE D",,,Nuit sans éclairage public,En agglomération,Passage à niveau,Normale,Autre collision,,,,,,,,,,,3,2,8,1,6
200500005343,0005-01-17 18:05:00,5,1,17,18,5,780,650.0,CARNOT (BOULEVARD),,,Nuit avec éclairage allumé,En agglomération,Hors intersection,Pluie légère,Deux véhicules - côté,,,,,,,,,,,5,2,1,2,3
200500005344,0005-01-28 16:30:00,5,1,28,16,30,780,146.0,"42, MARECHAL FOCH (AVENU",,,Plein jour,En agglomération,Hors intersection,Pluie légère,Autre collision,,,,,,,,,,,1,2,1,2,6
200500005345,0005-01-04 15:05:00,5,1,4,15,5,790,191.0,DELATTRE DE TASSIGNY (AV,,,Plein jour,En agglomération,Hors intersection,Normale,Autre collision,,,,,,,,,,,1,2,1,1,6
200500005346,0005-01-05 19:45:00,5,1,5,19,45,790,191.0,"10, SAINTE CATHERINE",,,Nuit avec éclairage allumé,En agglomération,Intersection en X,Pluie forte,Deux véhicules - côté,,,,,,,,,,,5,2,2,3,3
200500005347,0005-01-25 07:20:00,5,1,25,7,20,790,191.0,ATLANTIQUE (BD) LA ROCHE,,,Crépuscule ou aube,En agglomération,Giratoire,Normale,Autre collision,,,,,,,,,,,2,2,6,1,6
200500005348,0005-01-17 08:00:00,5,1,17,8,0,790,191.0,LIMOGES (AVENUE DE) 86 A,,,Crépuscule ou aube,En agglomération,Intersection en T,Brouillard / fumée,Deux véhicules - côté,,,,,,,,,,,2,2,3,5,3
200500005349,0005-01-07 04:50:00,5,1,7,4,50,800,1.0,"48, PARIS (de)",,,Nuit avec éclairage allumé,En agglomération,Intersection en T,Normale,Autre collision,,,,,,,,,,,5,2,3,1,6
200500005350,0005-01-07 20:40:00,5,1,7,20,40,800,1.0,"15/17, TEINTURIERS (des)",,,Nuit avec éclairage allumé,En agglomération,Hors intersection,Normale,Autre collision,,,,,,,,,,,5,2,1,1,6
200500005351,0005-01-11 19:40:00,5,1,11,19,40,800,1.0,"3, LINGERS (des)",,,Crépuscule ou aube,En agglomération,Hors intersection,Normale,Autre collision,,,,,,,,,,,2,2,1,1,6
200500005352,0005-01-02 09:30:00,5,1,2,9,30,800,21.0,ROUBAIX (BOULEVARD DE ),,,Plein jour,En agglomération,Hors intersection,Temps couvert,Deux véhicules - côté,,,,,,,,,,,1,2,1,8,3
200500005353,0005-01-03 12:30:00,5,1,3,12,30,800,730.0,PONT DE METZ (ROUTE DE),,,Plein jour,En agglomération,Hors intersection,Normale,Sans collision,,,,,,,,,,,1,2,1,1,7
200500005354,0005-01-03 18:05:00,5,1,3,18,5,800,21.0,SAINT FUSCIEN (RUE),,,Nuit avec éclairage allumé,En agglomération,Hors intersection,Pluie légère,Deux véhicules - arrière,,,,,,,,,,,5,2,1,2,2
200500005355,0005-01-04 16:30:00,5,1,4,16,30,800,21.0,"1, BELFORT (BOULEVARD DE",,,Plein jour,En agglomération,Intersection en X,Normale,Autre collision,,,,,,,,,,,1,2,2,1,6
200500005356,0005-01-04 18:20:00,5,1,4,18,20,800,21.0,"14, VOGEL (PLACE)",,,Nuit avec éclairage allumé,En agglomération,Hors intersection,Normale,Autre collision,,,,,,,,,,,5,2,1,1,6
200500005357,0005-01-04 18:45:00,5,1,4,18,45,800,21.0,"0, MAIGNAN LARIVIERE (BO",,,Nuit avec éclairage allumé,En agglomération,Intersection en X,Normale,Deux véhicules - côté,,,,,,,,,,,5,2,2,1,3
200500005358,0005-01-07 13:30:00,5,1,7,13,30,800,21.0,"0, ROUEN (RUE DE)",,,Plein jour,En agglomération,Intersection en T,Normale,Deux véhicules - côté,,,,,,,,,,,1,2,3,1,3
200500005359,0005-01-07 16:05:00,5,1,7,16,5,800,21.0,"12, OTAGES (RUE DES)",,,Plein jour,En agglomération,Hors intersection,Normale,Deux véhicules - arrière,,,,,,,,,,,1,2,1,1,2
200500005360,0005-01-10 17:55:00,5,1,10,17,55,800,21.0,"0, ALBERT CAMUS (RUE)",,,Crépuscule ou aube,En agglomération,Hors intersection,Pluie légère,Autre collision,,,,,,,,,,,2,2,1,2,6
200500005361,0005-01-12 02:10:00,5,1,12,2,10,800,21.0,CHATEAUDUN (BOULEVARD DE,,,Nuit avec éclairage allumé,En agglomération,Intersection en X,Pluie légère,Deux véhicules - côté,,,,,,,,,,,5,2,2,2,3
200500005362,0005-01-11 19:55:00,5,1,11,19,55,800,21.0,"67, ROHAUT (RUE)",,,Nuit avec éclairage non allumé,En agglomération,Hors intersection,Normale,Autre collision,,,,,,,,,,,4,2,1,1,6
200500005363,0005-01-14 18:00:00,5,1,14,18,0,800,21.0,"0, VERDUN (RUE DE )",,,Nuit avec éclairage allumé,En agglomération,Hors intersection,Normale,Deux véhicules - arrière,,,,,,,,,,,5,2,1,1,2
200500005364,0005-01-17 17:45:00,5,1,17,17,45,800,21.0,ABBEVILLE (RUE D'),,,Nuit avec éclairage allumé,En agglomération,Hors intersection,Temps couvert,Deux véhicules - arrière,,,,,,,,,,,5,2,1,8,2
200500005365,0005-01-17 11:15:00,5,1,17,11,15,800,21.0,"0, BECQUESTOILE (RUE)",,,Plein jour,En agglomération,Intersection en Y,Normale,Sans collision,,,,,,,,,,,1,2,4,1,7
200500005366,0005-01-18 07:50:00,5,1,18,7,50,800,21.0,"195, PARIS (RUE DE)",,,Crépuscule ou aube,En agglomération,Hors intersection,Normale,Deux véhicules - côté,,,,,,,,,,,2,2,1,1,3
200500005367,0005-01-18 12:42:00,5,1,18,12,42,800,21.0,GEORGES POMPIDOU (AVENUE,,,Plein jour,En agglomération,Hors intersection,Temps couvert,Deux véhicules - côté,,,,,,,,,,,1,2,1,8,3
200500005368,0005-01-18 14:45:00,5,1,18,14,45,800,21.0,"0, ALSACE LORRAINE (BOUL",,,Plein jour,En agglomération,Hors intersection,Normale,Deux véhicules - arrière,,,,,,,,,,,1,2,1,1,2
200500005369,0005-01-19 13:30:00,5,1,19,13,30,800,21.0,"0, SIRE FIRMIN LEROUX (R",,,Plein jour,En agglomération,Intersection en X,Normale,Autre collision,,,,,,,,,,,1,2,2,1,6
200500005370,0005-01-21 16:35:00,5,1,21,16,35,800,21.0,"0, VERDUN (RUE DE )",,,Plein jour,En agglomération,Hors intersection,Normale,Autre collision,,,,,,,,,,,1,2,1,1,6
200500005371,0005-01-21 19:50:00,5,1,21,19,50,800,21.0,"0, DOULLENS (RUE DE)",,,Nuit avec éclairage allumé,En agglomération,Hors intersection,Normale,Autre collision,,,,,,,,,,,5,2,1,1,6
200500005372,0005-01-21 20:20:00,5,1,21,20,20,800,21.0,"0, ALBERT 1ER (MAIL)",,,Nuit avec éclairage allumé,En agglomération,Intersection en X,Normale,Deux véhicules - côté,,,,,,,,,,,5,2,2,1,3
200500005373,0005-01-22 20:00:00,5,1,22,20,0,800,21.0,"0, DURY (BOULEVARD DE)",,,Nuit avec éclairage allumé,En agglomération,Intersection en X,Normale,Deux véhicules - côté,,,,,,,,,,,5,2,2,1,3
200500005374,0005-01-24 15:50:00,5,1,24,15,50,800,21.0,"333, JULES FERRY (CHAUSS",,,Plein jour,En agglomération,Hors intersection,Normale,Deux véhicules - arrière,,,,,,,,,,,1,2,1,1,2
200500005375,0005-01-24 07:45:00,5,1,24,7,45,800,21.0,"0, EUROPE (AVENUE DE L')",,,Nuit avec éclairage allumé,En agglomération,Giratoire,Normale,Deux véhicules - côté,,,,,,,,,,,5,2,6,1,3
200500005376,0005-01-24 14:50:00,5,1,24,14,50,800,21.0,"0, ALSACE LORRAINE (BOUL",,,Plein jour,En agglomération,Hors intersection,Normale,Autre collision,,,,,,,,,,,1,2,1,1,6
200500005377,0005-01-25 09:15:00,5,1,25,9,15,800,261.0,AMIENS (ROUTE D'),,,Plein jour,En agglomération,Hors intersection,Temps couvert,Trois véhicules et plus - en chaîne,,,,,,,,,,,1,2,1,8,4
200500005378,0005-01-26 20:15:00,5,1,26,20,15,800,21.0,"0, GENERAL DE GAULLE (AV",,,Nuit avec éclairage allumé,En agglomération,Hors intersection,Normale,Deux véhicules - côté,,,,,,,,,,,5,2,1,1,3
200500005379,0005-01-27 19:45:00,5,1,27,19,45,800,21.0,"0, PARMENTIER (PLACE)",,,Nuit avec éclairage allumé,En agglomération,Hors intersection,Pluie légère,Autre collision,,,,,,,,,,,5,2,1,2,6
200500005380,0005-01-31 07:57:00,5,1,31,7,57,800,21.0,CHATEAUDUN (BOULEVARD DE,,,Crépuscule ou aube,En agglomération,Hors intersection,Normale,Autre collision,,,,,,,,,,,2,2,1,1,6
200500005381,0005-01-28 17:00:00,5,1,28,17,0,800,632.0,SAVEUSE (CHEMIN DE),,,Plein jour,En agglomération,Hors intersection,Pluie légère,Deux véhicules - frontale,,,,,,,,,,,1,2,1,2,1
200500005382,0005-01-29 15:15:00,5,1,29,15,15,800,379.0,RN 29 (ROUTE DE ST QUENT,,,Plein jour,En agglomération,Hors intersection,Normale,Deux véhicules - arrière,,,,,,,,,,,1,2,1,1,2
200500005383,0005-01-17 12:30:00,5,1,17,12,30,810,4.0,"119, VALMY (BD) DU N° 11",,,Plein jour,En agglomération,Hors intersection,Normale,Deux véhicules - côté,,,,,,,,,,,1,2,1,1,3
200500005384,0005-01-14 08:47:00,5,1,14,8,47,810,60.0,JAURES ( AVENUE JEAN ),,,Plein jour,En agglomération,Intersection en X,Normale,Deux véhicules - côté,,,,,,,,,,,1,2,2,1,3
200500005385,0005-01-24 17:03:00,5,1,24,17,3,810,60.0,"27, RODEZ  (AVENUE DE)",,,Plein jour,En agglomération,Intersection en X,Normale,Deux véhicules - côté,,,,,,,,,,,1,2,2,1,3
200500005386,0005-01-04 17:20:00,5,1,4,17,20,810,65.0,LATTRE DE TASSIGNY(BD. M,,,Crépuscule ou aube,En agglomération,Intersection en T,Normale,Deux véhicules - côté,,,,,,,,,,,2,2,3,1,3
200500005387,0005-01-04 13:00:00,5,1,4,13,0,810,65.0,CHAMBRE DE L'EDIT (RUE),,,Plein jour,En agglomération,Intersection en X,Normale,Deux véhicules - côté,,,,,,,,,,,1,2,2,1,3
200500005388,0005-01-12 15:30:00,5,1,12,15,30,810,65.0,"22, CASSIN (AV.RENE)",,,Plein jour,En agglomération,Hors intersection,Normale,Deux véhicules - arrière,,,,,,,,,,,1,2,1,1,2
200500005389,0005-01-14 13:30:00,5,1,14,13,30,810,65.0,"38, MALROUX (AV. AUGUSTI",,,Plein jour,En agglomération,Hors intersection,Normale,Deux véhicules - arrière,,,,,,,,,,,1,2,1,1,2
200500005390,0005-01-14 06:30:00,5,1,14,6,30,810,65.0,GAMBETTA (RUE),,,Nuit avec éclairage allumé,En agglomération,Intersection en X,Normale,Deux véhicules - côté,,,,,,,,,,,5,2,2,1,3
200500005391,0005-01-22 19:15:00,5,1,22,19,15,810,65.0,"16, MENDES FRANCE (BD.PI",,,Crépuscule ou aube,En agglomération,Hors intersection,Normale,Deux véhicules - arrière,,,,,,,,,,,2,2,1,1,2
200500005392,0005-01-27 17:40:00,5,1,27,17,40,810,65.0,ALBERT 1° (AV),,,Plein jour,En agglomération,Hors intersection,Normale,Deux véhicules - frontale,,,,,,,,,,,1,2,1,1,1
200500005393,0005-01-16 18:30:00,5,1,16,18,30,810,163.0,RD 118,,,Nuit sans éclairage public,En agglomération,Hors intersection,Normale,Autre collision,,,,,,,,,,,3,2,1,1,6
200500005394,0005-01-09 11:25:00,5,1,9,11,25,820,33.0,CD 958,,,Plein jour,En agglomération,Hors intersection,Brouillard / fumée,Sans collision,,,,,,,,,,,1,2,1,5,7
200500005395,0005-01-15 01:50:00,5,1,15,1,50,820,33.0,"2, CARREL (de)",,,Nuit sans éclairage public,En agglomération,Hors intersection,Normale,Autre collision,,,,,,,,,,,3,2,1,1,6
200500005396,0005-01-20 02:00:00,5,1,20,2,0,820,33.0,CD 958,,,Nuit sans éclairage public,En agglomération,Hors intersection,Pluie légère,Autre collision,,,,,,,,,,,3,2,1,2,6
200500005397,0005-01-23 20:00:00,5,1,23,20,0,820,33.0,"10, CD 958",,,Nuit sans éclairage public,En agglomération,Hors intersection,Normale,Deux véhicules - côté,,,,,,,,,,,3,2,1,1,3
200500005398,0005-01-04 11:52:00,5,1,4,11,52,820,121.0,"100, GOUZE(boulevard h)",,,Plein jour,En agglomération,Intersection en T,Normale,Deux véhicules - côté,,,,,,,,,,,1,2,3,1,3
200500005399,0005-01-06 08:35:00,5,1,6,8,35,820,121.0,"0, EUROPE (AVENUE DE L')",,,Plein jour,En agglomération,Hors intersection,Normale,Trois véhicules et plus - collisions multiples,,,,,,,,,,,1,2,1,1,5
200500005400,0005-01-08 17:30:00,5,1,8,17,30,820,121.0,"76, MONTAURIOL (bd)",,,Plein jour,En agglomération,Hors intersection,Normale,Autre collision,,,,,,,,,,,1,2,1,1,6
200500005401,0005-01-10 07:29:00,5,1,10,7,29,820,121.0,ROUTE DE BORDEAUX,,,Crépuscule ou aube,En agglomération,Hors intersection,Normale,Autre collision,,,,,,,,,,,2,2,1,1,6
200500005402,0005-01-12 18:35:00,5,1,12,18,35,820,121.0,", CORBARIEU D 21 (ROUTE",,,Nuit sans éclairage public,En agglomération,Hors intersection,Normale,Deux véhicules - frontale,,,,,,,,,,,3,2,1,1,1
200500005403,0005-01-12 17:15:00,5,1,12,17,15,820,121.0,"1850, CAMP D'AVIATION (C",,,Plein jour,En agglomération,Hors intersection,Normale,Deux véhicules - frontale,,,,,,,,,,,1,2,1,1,1
200500005404,0005-01-13 13:34:00,5,1,13,13,34,820,121.0,"1787, VIGNARNAUD (ROUTE",,,Plein jour,En agglomération,Hors intersection,Normale,Autre collision,,,,,,,,,,,1,2,1,1,6
200500005405,0005-01-14 08:25:00,5,1,14,8,25,820,121.0,"0, ALBEFEUILLE D 72 ( RO",,,Plein jour,En agglomération,Hors intersection,Brouillard / fumée,Deux véhicules - frontale,,,,,,,,,,,1,2,1,5,1
200500005406,0005-01-15 17:00:00,5,1,15,17,0,820,121.0,SAINT-JEAN (RUE),,,Plein jour,En agglomération,Intersection en X,Normale,Deux véhicules - côté,,,,,,,,,,,1,2,2,1,3
200500005407,0005-01-20 08:05:00,5,1,20,8,5,820,121.0,BRIAND (RUE ARISTIDE),,,Plein jour,En agglomération,Intersection en X,Normale,Deux véhicules - côté,,,,,,,,,,,1,2,2,1,3
200500005408,0005-01-24 21:25:00,5,1,24,21,25,820,121.0,"85, BRIAND (RUE ARISTIDE",,,Nuit avec éclairage allumé,En agglomération,Hors intersection,Normale,Trois véhicules et plus - en chaîne,,,,,,,,,,,5,2,1,1,4
200500005409,0005-01-25 13:23:00,5,1,25,13,23,820,121.0,"1440, BORDEAUX (AVENUE D",,,Plein jour,En agglomération,Hors intersection,Normale,Deux véhicules - arrière,,,,,,,,,,,1,2,1,1,2
200500005410,0005-01-29 08:49:00,5,1,29,8,49,820,121.0,"2601, ALBEFEUILLE D 72 (",,,Plein jour,En agglomération,Hors intersection,Autre,Autre collision,,,,,,,,,,,1,2,1,9,6
200500005411,0005-01-04 10:05:00,5,1,4,10,5,830,61.0,"139, AVENUE GENERAL LECL",,,Plein jour,En agglomération,Hors intersection,Normale,Autre collision,,,,,,,,,,,1,2,1,1,6
200500005412,0005-01-07 16:50:00,5,1,7,16,50,830,61.0,"0, CD 4",,,Crépuscule ou aube,En agglomération,Hors intersection,Normale,Autre collision,,,,,,,,,,,2,2,1,1,6
200500005413,0005-01-03 13:05:00,5,1,3,13,5,830,61.0,"524, RUE DE LA TOURRACHE",,,Plein jour,En agglomération,Hors intersection,Normale,Deux véhicules - côté,,,,,,,,,,,1,2,1,1,3
200500005414,0005-01-05 15:40:00,5,1,5,15,40,830,61.0,"701, AVENUE DE LATTRE DE",,,Plein jour,En agglomération,Hors intersection,Normale,Autre collision,,,,,,,,,,,1,2,1,1,6
200500005415,0005-01-15 14:42:00,5,1,15,14,42,830,61.0,"0, PROMENADE R.COTY",,,Plein jour,En agglomération,Hors intersection,Normale,Autre collision,,,,,,,,,,,1,2,1,1,6
200500005416,0005-01-24 13:45:00,5,1,24,13,45,830,61.0,"259, AVENUE DE TRIBERG",,,Plein jour,En agglomération,Hors intersection,Temps couvert,Deux véhicules - frontale,,,,,,,,,,,1,2,1,8,1
200500005417,0005-01-22 11:18:00,5,1,22,11,18,830,61.0,AVENUE DE L'ARGENS,,,Plein jour,En agglomération,Hors intersection,Normale,Autre collision,,,,,,,,,,,1,2,1,1,6
200500005418,0005-01-28 13:50:00,5,1,28,13,50,830,118.0,"0, BD DU CERCERON",,,Plein jour,En agglomération,Hors intersection,Normale,Autre collision,,,,,,,,,,,1,2,1,1,6
200500005419,0005-01-14 13:00:00,5,1,14,13,0,830,61.0,"0, RN7",,,Plein jour,En agglomération,Hors intersection,Normale,Deux véhicules - côté,,,,,,,,,,,1,2,1,1,3
200500005420,0005-01-21 19:05:00,5,1,21,19,5,830,61.0,"606, AVENUE THEODORE  RI",,,Nuit avec éclairage allumé,En agglomération,Hors intersection,Normale,Autre collision,,,,,,,,,,,5,2,1,1,6
200500005421,0005-01-21 16:00:00,5,1,21,16,0,830,61.0,"0., BOULEVARD DE L'ASPE",,,Plein jour,En agglomération,Intersection en T,Normale,Deux véhicules - côté,,,,,,,,,,,1,2,3,1,3
200500005422,0005-01-02 11:30:00,5,1,2,11,30,830,123.0,"198, HUIDE (CHEMIN DE) N",,,Plein jour,En agglomération,Hors intersection,Temps éblouissant,Autre collision,,,,,,,,,,,1,2,1,7,6
200500005423,0005-01-02 12:15:00,5,1,2,12,15,830,123.0,"2256, BANDOL (ROUTE)N° P",,,Plein jour,En agglomération,Hors intersection,Normale,Autre collision,,,,,,,,,,,1,2,1,1,6
200500005424,0005-01-07 14:50:00,5,1,7,14,50,830,123.0,"1033, TOULON (ANCIEN CHE",,,Plein jour,En agglomération,Hors intersection,Normale,Trois véhicules et plus - collisions multiples,,,,,,,,,,,1,2,1,1,5
200500005425,0005-01-16 10:30:00,5,1,16,10,30,830,129.0,"986, MER (AVENUE DE LA)",,,Plein jour,En agglomération,Hors intersection,Normale,Autre collision,,,,,,,,,,,1,2,1,1,6
200500005426,0005-01-19 14:40:00,5,1,19,14,40,830,129.0,"320, ECOLES (BD DES)",,,Plein jour,En agglomération,Hors intersection,Normale,Deux véhicules - côté,,,,,,,,,,,1,2,1,1,3
200500005427,0005-01-22 16:35:00,5,1,22,16,35,830,123.0,"473, EUROPE UNIE (AVENUE",,,Plein jour,En agglomération,Autre intersection,Normale,Autre collision,,,,,,,,,,,1,2,9,1,6
200500005428,0005-01-22 17:45:00,5,1,22,17,45,830,123.0,"409, VERNETTE (CHEMIN DE",,,Plein jour,En agglomération,Hors intersection,Normale,Deux véhicules - côté,,,,,,,,,,,1,2,1,1,3
200500005429,0005-01-22 18:40:00,5,1,22,18,40,830,129.0,"697, JUIN MARECHAL (AV D",,,Crépuscule ou aube,En agglomération,Intersection en T,Normale,Deux véhicules - côté,,,,,,,,,,,2,2,3,1,3
200500005430,0005-01-28 22:20:00,5,1,28,22,20,830,123.0,GARE (ROUTE),,,Nuit avec éclairage allumé,En agglomération,Hors intersection,Normale,Autre collision,,,,,,,,,,,5,2,1,1,6
200500005431,0005-01-29 13:55:00,5,1,29,13,55,830,129.0,"357, JUIN MARECHAL (AV D",,,Plein jour,En agglomération,Intersection en X,Normale,Trois véhicules et plus - collisions multiples,,,,,,,,,,,1,2,2,1,5
200500005432,0005-01-02 09:55:00,5,1,2,9,55,830,126.0,", STALINGRAD (BD)",,,Plein jour,En agglomération,Intersection en X,Normale,Deux véhicules - côté,,,,,,,,,,,1,2,2,1,3
200500005433,0005-01-03 07:10:00,5,1,3,7,10,830,126.0,ARMEE FRANCAISE (AV DE L,,,Nuit avec éclairage allumé,En agglomération,Hors intersection,Normale,Autre collision,,,,,,,,,,,5,2,1,1,6
200500005434,0005-01-07 16:10:00,5,1,7,16,10,830,126.0,"2, JAURES (BD JEAN)",,,Plein jour,En agglomération,Intersection en X,Normale,Deux véhicules - côté,,,,,,,,,,,1,2,2,1,3
200500005435,0005-01-13 16:20:00,5,1,13,16,20,830,126.0,HUIT MAI 1945 ( ROND POI,,,Plein jour,En agglomération,Intersection en X,Normale,Deux véhicules - côté,,,,,,,,,,,1,2,2,1,3
200500005436,0005-01-19 17:30:00,5,1,19,17,30,830,126.0,", IVALDI (AV JEAN BAPTIS",,,Plein jour,En agglomération,Intersection en T,Normale,Deux véhicules - côté,,,,,,,,,,,1,2,3,1,3
200500005437,0005-01-20 16:25:00,5,1,20,16,25,830,126.0,ROSTAND (BD JEAN),,,Plein jour,En agglomération,Hors intersection,Vent fort / tempête,Autre collision,,,,,,,,,,,1,2,1,6,6
200500005438,0005-01-21 15:35:00,5,1,21,15,35,830,126.0,LAGOUBRAN (CHEMIN DE),,,Plein jour,En agglomération,Hors intersection,Vent fort / tempête,Autre collision,,,,,,,,,,,1,2,1,6,6
200500005439,0005-01-27 07:15:00,5,1,27,7,15,830,126.0,MATTEI (AV J.B.),,,Crépuscule ou aube,En agglomération,Hors intersection,Normale,Trois véhicules et plus - collisions multiples,,,,,,,,,,,2,2,1,1,5
200500005440,0005-01-28 15:10:00,5,1,28,15,10,830,126.0,", LACROIX (RUE PIERRE)",,,Plein jour,En agglomération,Hors intersection,Normale,Deux véhicules - arrière,,,,,,,,,,,1,2,1,1,2
200500005441,0005-01-03 12:15:00,5,1,3,12,15,830,137.0,"0, MOULINS (AVE DES DE 1",,,Plein jour,En agglomération,Hors intersection,Normale,Deux véhicules - frontale,,,,,,,,,,,1,2,1,1,1
200500005442,0005-01-03 15:05:00,5,1,3,15,5,830,137.0,"0, 1ER BATAILLON DE CHOC",,,Plein jour,En agglomération,Hors intersection,Normale,Deux véhicules - côté,,,,,,,,,,,1,2,1,1,3
200500005443,0005-01-04 21:20:00,5,1,4,21,20,830,137.0,"0, VAL D'ARDENE (ROUTE D",,,Nuit avec éclairage allumé,En agglomération,Hors intersection,Normale,Deux véhicules - côté,,,,,,,,,,,5,2,1,1,3
200500005444,0005-01-06 14:25:00,5,1,6,14,25,830,90.0,"0, SEYNE (ROUTE DE LA)",,,Plein jour,En agglomération,Hors intersection,Normale,Trois véhicules et plus - collisions multiples,,,,,,,,,,,1,2,1,1,5
200500005445,0005-01-07 16:00:00,5,1,7,16,0,830,90.0,"0, ORATOIRE (CHEMIN DE L",,,Plein jour,En agglomération,Intersection en X,Normale,Deux véhicules - côté,,,,,,,,,,,1,2,2,1,3
200500005446,0005-01-07 18:30:00,5,1,7,18,30,830,137.0,"359, RIGOUMEL (IMP / HAM",,,Nuit avec éclairage allumé,En agglomération,Hors intersection,Normale,Deux véhicules - côté,,,,,,,,,,,5,2,1,1,3
200500005447,0005-01-08 21:45:00,5,1,8,21,45,830,137.0,BRIAND (AVE ARISTIDE DE,,,Nuit avec éclairage allumé,En agglomération,Hors intersection,Normale,Deux véhicules - côté,,,,,,,,,,,5,2,1,1,3
200500005448,0005-01-07 14:25:00,5,1,7,14,25,830,137.0,"3287, HUBA (CHEMIN DE 26",,,Plein jour,En agglomération,Hors intersection,Temps couvert,Deux véhicules - frontale,,,,,,,,,,,1,2,1,8,1
200500005449,0005-01-07 10:35:00,5,1,7,10,35,830,144.0,"0, UNIVERSITE",,,Plein jour,En agglomération,Hors intersection,Normale,Deux véhicules - arrière,,,,,,,,,,,1,2,1,1,2
200500005450,0005-01-07 07:15:00,5,1,7,7,15,830,144.0,"0, LIBERATION (AVE DE LA",,,Nuit avec éclairage allumé,En agglomération,Intersection en X,Normale,Deux véhicules - côté,,,,,,,,,,,5,2,2,1,3