accident_id,datetime,annee,mois,jour,heure,minute,departement,commune_insee,adresse,latitude,longitude,luminosite,agglomeration,intersection,meteo,collision,nb_vehicules,nb_usagers,nb_indemnes,nb_tues,nb_blesses_hosp,nb_blesses_legers,age_cond_1,age_cond_2,veh_type_cond_1,veh_type_cond_2,lum_code,agg_code,int_code,atm_code,col_code
200500005451,0005-01-11 12:55:00,5,1,11,12,55,830,137.0,MAIRAUD (RUE),,,Plein jour,En agglomération,Hors intersection,Normale,Autre collision,,,,,,,,,,,1,2,1,1,6
200500005452,0005-01-13 16:38:00,5,1,13,16,38,830,90.0,CHATEAUVALLON (CHEMIN DE,,,Plein jour,En agglomération,Hors intersection,Normale,Autre collision,,,,,,,,,,,1,2,1,1,6
200500005453,0005-01-10 17:10:00,5,1,10,17,10,830,137.0,"192, ROSSILLON (BD)",,,Plein jour,En agglomération,Hors intersection,Normale,Autre collision,,,,,,,,,,,1,2,1,1,6
200500005454,0005-01-16 12:15:00,5,1,16,12,15,830,62.0,"0, BARAROUX (CHEMIN DE)",,,Plein jour,En agglomération,Hors intersection,Normale,Deux véhicules - côté,,,,,,,,,,,1,2,1,1,3
200500005455,0005-01-20 10:25:00,5,1,20,10,25,830,137.0,"13, STRASBOURG (BD DE )",,,Plein jour,En agglomération,Hors intersection,Normale,Sans collision,,,,,,,,,,,1,2,1,1,7
200500005456,0005-01-20 09:30:00,5,1,20,9,30,830,137.0,"278, FORGENTIER (CHEMIN",,,Plein jour,En agglomération,Autre intersection,Normale,Autre collision,,,,,,,,,,,1,2,9,1,6
200500005457,0005-01-09 20:20:00,5,1,9,20,20,830,62.0,"0, PREVERT (RUE JACQUES)",,,Nuit avec éclairage allumé,En agglomération,Hors intersection,Normale,Sans collision,,,,,,,,,,,5,2,1,1,7
200500005458,0005-01-23 21:40:00,5,1,23,21,40,830,137.0,"0, HAMEL (AVE COMMANDANT",,,Nuit avec éclairage allumé,En agglomération,Intersection en T,Normale,Deux véhicules - frontale,,,,,,,,,,,5,2,3,1,1
200500005459,0005-01-22 11:15:00,5,1,22,11,15,830,144.0,NATIONALE 97 (ROUTE),,,Plein jour,En agglomération,Hors intersection,Normale,Autre collision,,,,,,,,,,,1,2,1,1,6
200500005460,0005-01-14 10:15:00,5,1,14,10,15,830,98.0,"5, JAURES (BD JEAN)",,,Plein jour,En agglomération,Hors intersection,Normale,Deux véhicules - côté,,,,,,,,,,,1,2,1,1,3
200500005461,0005-01-24 18:00:00,5,1,24,18,0,830,144.0,"0, MIRASOULEOU (AVE)",,,Nuit avec éclairage allumé,En agglomération,Hors intersection,Normale,Deux véhicules - côté,,,,,,,,,,,5,2,1,1,3
200500005462,0005-01-04 11:40:00,5,1,4,11,40,830,98.0,"0, PIN DE GALLE",,,Plein jour,En agglomération,Hors intersection,Normale,Deux véhicules - arrière,,,,,,,,,,,1,2,1,1,2
200500005463,0005-01-26 17:30:00,5,1,26,17,30,830,62.0,"1, LAMBOT (AVENUE JOSEPH",,,Plein jour,En agglomération,Giratoire,Normale,Deux véhicules - côté,,,,,,,,,,,1,2,6,1,3
200500005464,0005-01-26 18:15:00,5,1,26,18,15,830,137.0,"849, ARMARIS (BD DES)",,,Nuit avec éclairage allumé,En agglomération,Intersection en T,Normale,Deux véhicules - côté,,,,,,,,,,,5,2,3,1,3
200500005465,0005-01-19 14:50:00,5,1,19,14,50,830,62.0,FABRI DE PEIRESC (AVENUE,,,Plein jour,En agglomération,Hors intersection,Normale,Deux véhicules - arrière,,,,,,,,,,,1,2,1,1,2
200500005466,0005-01-21 08:00:00,5,1,21,8,0,830,62.0,"0, FERRY (RUE ET AVENUE",,,Plein jour,En agglomération,Hors intersection,Normale,Deux véhicules - arrière,,,,,,,,,,,1,2,1,1,2
200500005467,0005-01-28 18:25:00,5,1,28,18,25,830,137.0,"0, SAINTE CLAIRE DEVILLE",,,Nuit avec éclairage allumé,En agglomération,Hors intersection,Normale,Deux véhicules - côté,,,,,,,,,,,5,2,1,1,3
200500005468,0005-01-31 17:45:00,5,1,31,17,45,830,90.0,"4, REPUBLIQUE (RUE DE LA",,,Plein jour,En agglomération,Hors intersection,Normale,Autre collision,,,,,,,,,,,1,2,1,1,6
200500005469,0005-01-20 14:35:00,5,1,20,14,35,830,137.0,"745, 15EME CORPS (AVE DU",,,Plein jour,En agglomération,Hors intersection,Normale,Autre collision,,,,,,,,,,,1,2,1,1,6
200500005470,0005-01-25 13:20:00,5,1,25,13,20,830,62.0,"0, ROOSEVELT (AVENUE FRA",,,Plein jour,En agglomération,Intersection en X,Normale,Deux véhicules - côté,,,,,,,,,,,1,2,2,1,3
200500005471,0005-01-03 17:13:00,5,1,3,17,13,840,7.0,ISLON (Chemin de l'),,,Plein jour,En agglomération,Intersection en T,Normale,Deux véhicules - arrière,,,,,,,,,,,1,2,3,1,2
200500005472,0005-01-03 17:30:00,5,1,3,17,30,840,7.0,MONTESQUIEU (Boulevard d,,,Nuit avec éclairage allumé,En agglomération,Intersection en X,Normale,Deux véhicules - côté,,,,,,,,,,,5,2,2,1,3
200500005473,0005-01-06 08:45:00,5,1,6,8,45,840,7.0,CAVAILLON (Route de Cava,,,Plein jour,En agglomération,Hors intersection,Normale,Deux véhicules - côté,,,,,,,,,,,1,2,1,1,3
200500005474,0005-01-07 14:00:00,5,1,7,14,0,840,7.0,TARASCON,,,Plein jour,En agglomération,Hors intersection,Normale,Trois véhicules et plus - en chaîne,,,,,,,,,,,1,2,1,1,4
200500005475,0005-01-12 17:20:00,5,1,12,17,20,840,7.0,C.De GAULLE (Rocade),,,Nuit avec éclairage allumé,En agglomération,Hors intersection,Normale,Deux véhicules - côté,,,,,,,,,,,5,2,1,1,3
200500005476,0005-01-13 10:05:00,5,1,13,10,5,840,7.0,L.CARPENTRAS(Impasse),,,Plein jour,En agglomération,Intersection en X,Normale,Autre collision,,,,,,,,,,,1,2,2,1,6
200500005477,0005-01-16 12:40:00,5,1,16,12,40,840,7.0,7ème GENIE (Avenue),,,Plein jour,En agglomération,Hors intersection,Normale,Autre collision,,,,,,,,,,,1,2,1,1,6
200500005478,0005-01-19 09:50:00,5,1,19,9,50,840,7.0,MONTFAVET (Route),,,Plein jour,En agglomération,Intersection en T,Normale,Deux véhicules - côté,,,,,,,,,,,1,2,3,1,3
200500005479,0005-01-20 16:50:00,5,1,20,16,50,840,7.0,SAINT ROCH (Boulevard),,,Plein jour,En agglomération,Hors intersection,Normale,Deux véhicules - côté,,,,,,,,,,,1,2,1,1,3
200500005480,0005-01-21 14:57:00,5,1,21,14,57,840,7.0,Saint Dominique ( Rue du,,,Plein jour,En agglomération,Hors intersection,Normale,Deux véhicules - arrière,,,,,,,,,,,1,2,1,1,2
200500005481,0005-01-23 09:15:00,5,1,23,9,15,840,7.0,PIERRE SEMARD (avenue),,,Plein jour,En agglomération,Intersection en X,Pluie légère,Deux véhicules - côté,,,,,,,,,,,1,2,2,2,3
200500005482,0005-01-23 12:30:00,5,1,23,12,30,840,7.0,dépose minute GARE TVG C,,,Plein jour,En agglomération,Hors intersection,Normale,Autre collision,,,,,,,,,,,1,2,1,1,6
200500005483,0005-01-29 19:35:00,5,1,29,19,35,840,7.0,MORIERES (Route de ),,,Nuit avec éclairage allumé,En agglomération,Hors intersection,Normale,Autre collision,,,,,,,,,,,5,2,1,1,6
200500005484,0005-01-31 16:20:00,5,1,31,16,20,840,7.0,C.De GAULLE (Rocade),,,Plein jour,En agglomération,Hors intersection,Vent fort / tempête,Trois véhicules et plus - collisions multiples,,,,,,,,,,,1,2,1,6,5
200500005485,0005-01-01 18:15:00,5,1,1,18,15,840,35.0,GORDES-RD15 (ROUTE DE),,,Nuit sans éclairage public,En agglomération,Hors intersection,Normale,Autre collision,,,,,,,,,,,3,2,1,1,6
200500005486,0005-01-03 15:20:00,5,1,3,15,20,840,35.0,"2, STALINGRAD (AVENUE DE",,,Plein jour,En agglomération,Hors intersection,Normale,Autre collision,,,,,,,,,,,1,2,1,1,6
200500005487,0005-01-03 18:50:00,5,1,3,18,50,840,35.0,"13, FOLLEREAU (AVENUE RA",,,Nuit avec éclairage non allumé,En agglomération,Hors intersection,Normale,Deux véhicules - frontale,,,,,,,,,,,4,2,1,1,1
200500005488,0005-01-05 16:20:00,5,1,5,16,20,840,35.0,"30, SEMARD (AVENUE PIERR",,,Plein jour,En agglomération,Hors intersection,Normale,Autre collision,,,,,,,,,,,1,2,1,1,6
200500005489,0005-01-07 09:05:00,5,1,7,9,5,840,35.0,"10, LIBERATION (AVENUE D",,,Plein jour,En agglomération,Hors intersection,Normale,Autre collision,,,,,,,,,,,1,2,1,1,6
200500005490,0005-01-09 17:00:00,5,1,9,17,0,840,35.0,CHATEAUX-CR80 (CHEMIN DE,,,Plein jour,En agglomération,Hors intersection,Normale,Autre collision,,,,,,,,,,,1,2,1,1,6
200500005491,0005-01-15 17:10:00,5,1,15,17,10,840,35.0,"93, BOURNISSAC (COURS)",,,Plein jour,En agglomération,Hors intersection,Normale,Deux véhicules - frontale,,,,,,,,,,,1,2,1,1,1
200500005492,0005-01-15 19:10:00,5,1,15,19,10,840,35.0,AVIGNON-RD973 (ROUTE D'),,,Nuit sans éclairage public,En agglomération,Hors intersection,Normale,Autre collision,,,,,,,,,,,3,2,1,1,6
200500005493,0005-01-23 21:24:00,5,1,23,21,24,840,35.0,"37, COTY (AVENUE RENE)",,,Nuit avec éclairage allumé,En agglomération,Hors intersection,Normale,Autre collision,,,,,,,,,,,5,2,1,1,6
200500005494,0005-01-24 14:06:00,5,1,24,14,6,840,35.0,AVIGNON-RD973 (ROUTE D'),,,Plein jour,En agglomération,Hors intersection,Normale,Deux véhicules - arrière,,,,,,,,,,,1,2,1,1,2
200500005495,0005-01-24 18:59:00,5,1,24,18,59,840,35.0,"13, BOUSSOT (RUE AIME)",,,Nuit avec éclairage allumé,En agglomération,Hors intersection,Normale,Sans collision,,,,,,,,,,,5,2,1,1,7
200500005496,0005-01-26 12:23:00,5,1,26,12,23,840,35.0,"20, GUENDE (ALLEE)",,,Plein jour,En agglomération,Hors intersection,Normale,Deux véhicules - arrière,,,,,,,,,,,1,2,1,1,2
200500005497,0005-01-31 01:45:00,5,1,31,1,45,840,35.0,"128, LIBERATION (AVENUE",,,Nuit avec éclairage allumé,En agglomération,Hors intersection,Normale,Autre collision,,,,,,,,,,,5,2,1,1,6
200500005498,0005-01-01 04:40:00,5,1,1,4,40,840,87.0,DALADIER (BD EDOUARD),,,Nuit avec éclairage allumé,En agglomération,Intersection en T,Normale,Deux véhicules - arrière,,,,,,,,,,,5,2,3,1,2
200500005499,0005-01-01 11:50:00,5,1,1,11,50,840,87.0,ROUTE DE ROQUEMAURE,,,Plein jour,En agglomération,Intersection à plus de 4 branches,Normale,Deux véhicules - côté,,,,,,,,,,,1,2,5,1,3
200500005500,0005-01-11 18:45:00,5,1,11,18,45,840,87.0,ROUTE DE ROQUEMAURE,,,Nuit sans éclairage public,En agglomération,Intersection à plus de 4 branches,Normale,Deux véhicules - côté,,,,,,,,,,,3,2,5,1,3
200500005501,0005-01-28 23:30:00,5,1,28,23,30,840,89.0,973 (CHEMIN DEPARTEMENTA,,,Nuit avec éclairage allumé,Hors agglomération,Hors intersection,Normale,Deux véhicules - côté,,,,,,,,,,,5,1,1,1,3
200500005502,0005-01-24 08:35:00,5,1,24,8,35,850,191.0,CD 746,,,Plein jour,En agglomération,Hors intersection,Normale,Autre collision,,,,,,,,,,,1,2,1,1,6
200500005503,0005-01-06 10:55:00,5,1,6,10,55,850,194.0,CROIX BLANCHE (RUE DE LA,,,Plein jour,En agglomération,Hors intersection,Normale,Deux véhicules - arrière,,,,,,,,,,,1,2,1,1,2
200500005504,0005-01-12 13:00:00,5,1,12,13,0,850,194.0,"1, VERDUN (RUE DE)",,,Plein jour,En agglomération,Hors intersection,Normale,Sans collision,,,,,,,,,,,1,2,1,1,7
200500005505,0005-01-13 08:00:00,5,1,13,8,0,850,194.0,DUCRETET (RUE EUGENE),,,Crépuscule ou aube,En agglomération,Hors intersection,Normale,Deux véhicules - côté,,,,,,,,,,,2,2,1,1,3
200500005506,0005-01-21 08:00:00,5,1,21,8,0,850,194.0,MITTERAND (AVENUE FRANCO,,,Crépuscule ou aube,En agglomération,Intersection en T,Pluie légère,Deux véhicules - côté,,,,,,,,,,,2,2,3,2,3
200500005507,0005-01-26 09:50:00,5,1,26,9,50,850,194.0,NICOT (RUE JEAN),,,Plein jour,En agglomération,Hors intersection,Normale,Deux véhicules - arrière,,,,,,,,,,,1,2,1,1,2
200500005508,0005-01-18 22:05:00,5,1,18,22,5,850,194.0,"0, AQUITAINE (AVENUE D')",,,Nuit avec éclairage allumé,En agglomération,Intersection en X,Normale,Deux véhicules - frontale,,,,,,,,,,,5,2,2,1,1
200500005509,0005-01-10 16:10:00,5,1,10,16,10,860,66.0,"1, FRERES MONTGOLFIER (R",,,Plein jour,En agglomération,Hors intersection,Normale,Sans collision,,,,,,,,,,,1,2,1,1,7
200500005510,0005-01-11 18:00:00,5,1,11,18,0,860,66.0,"146, LATTRE DE TASSIGNY",,,Nuit avec éclairage allumé,En agglomération,Hors intersection,Normale,Sans collision,,,,,,,,,,,5,2,1,1,7
200500005511,0005-01-12 07:50:00,5,1,12,7,50,860,66.0,"0, STADES (AVENUE DES)",,,Nuit avec éclairage allumé,En agglomération,Intersection en X,Pluie légère,Deux véhicules - côté,,,,,,,,,,,5,2,2,2,3
200500005512,0005-01-14 08:20:00,5,1,14,8,20,860,66.0,", CHATEAU (QUAI DU)",,,Plein jour,En agglomération,Hors intersection,Normale,Deux véhicules - côté,,,,,,,,,,,1,2,1,1,3
200500005513,0005-01-17 17:25:00,5,1,17,17,25,860,66.0,BLOSSAC (BOULEVARD DE),,,Crépuscule ou aube,En agglomération,Hors intersection,Pluie légère,Autre collision,,,,,,,,,,,2,2,1,2,6
200500005514,0005-01-01 02:05:00,5,1,1,2,5,860,158.0,RN.149,,,Nuit sans éclairage public,En agglomération,Hors intersection,Pluie légère,Sans collision,,,,,,,,,,,3,2,1,2,7
200500005515,0005-01-03 11:45:00,5,1,3,11,45,860,214.0,"0, MON REPOS (ROUTE DE)",,,Plein jour,En agglomération,Hors intersection,Normale,Autre collision,,,,,,,,,,,1,2,1,1,6
200500005516,0005-01-07 19:25:00,5,1,7,19,25,860,194.0,"39, FAUBOURG PONT NEUF (",,,Nuit avec éclairage allumé,En agglomération,Hors intersection,Normale,Autre collision,,,,,,,,,,,5,2,1,1,6
200500005517,0005-01-07 23:10:00,5,1,7,23,10,860,27.0,LARNAY (ROUTE DE),,,Nuit sans éclairage public,En agglomération,Hors intersection,Normale,Autre collision,,,,,,,,,,,3,2,1,1,6
200500005518,0005-01-09 05:15:00,5,1,9,5,15,860,194.0,"33, FRANCOIS ALBERT (BOU",,,Nuit avec éclairage allumé,En agglomération,Hors intersection,Pluie légère,Autre collision,,,,,,,,,,,5,2,1,2,6
200500005519,0005-01-10 15:20:00,5,1,10,15,20,860,194.0,JOHN KENNEDY (AVENUE),,,Plein jour,En agglomération,Intersection en X,Normale,Deux véhicules - côté,,,,,,,,,,,1,2,2,1,3
200500005520,0005-01-14 07:00:00,5,1,14,7,0,860,157.0,RN.147,,,Nuit sans éclairage public,En agglomération,Hors intersection,Brouillard / fumée,Deux véhicules - arrière,,,,,,,,,,,3,2,1,5,2
200500005521,0005-01-14 10:15:00,5,1,14,10,15,860,214.0,ROCADE SUD EST (RD 162),,,Plein jour,En agglomération,Hors intersection,Normale,Deux véhicules - frontale,,,,,,,,,,,1,2,1,1,1
200500005522,0005-01-15 12:05:00,5,1,15,12,5,860,194.0,"69, FAUBOURG PONT NEUF (",,,Plein jour,En agglomération,Intersection en Y,Normale,Deux véhicules - côté,,,,,,,,,,,1,2,4,1,3
200500005523,0005-01-20 15:17:00,5,1,20,15,17,860,194.0,"4, VERDUN (BOULEVARD DE)",,,Plein jour,En agglomération,Hors intersection,Normale,Autre collision,,,,,,,,,,,1,2,1,1,6
200500005524,0005-01-28 07:30:00,5,1,28,7,30,860,194.0,"248, NANTES (AVENUE DE)",,,Nuit avec éclairage allumé,En agglomération,Hors intersection,Pluie légère,Autre collision,,,,,,,,,,,5,2,1,2,6
200500005525,0005-01-30 14:10:00,5,1,30,14,10,860,194.0,"12, PONTREAU (RUE DU)",,,Plein jour,En agglomération,Hors intersection,Normale,Autre collision,,,,,,,,,,,1,2,1,1,6
200500005526,0005-01-04 08:08:00,5,1,4,8,8,870,85.0,"133, PERRIN (RUE FRANCOI",,,Plein jour,En agglomération,Hors intersection,Normale,Autre collision,,,,,,,,,,,1,2,1,1,6
200500005527,0005-01-05 14:14:00,5,1,5,14,14,870,85.0,MAS-BOUYOL  (RUE DU),,,Plein jour,En agglomération,Intersection en X,Normale,Deux véhicules - côté,,,,,,,,,,,1,2,2,1,3
200500005528,0005-01-05 18:03:00,5,1,5,18,3,870,85.0,"14, MITTERRAND (RUE FRAN",,,Plein jour,En agglomération,Hors intersection,Normale,Autre collision,,,,,,,,,,,1,2,1,1,6
200500005529,0005-01-08 08:55:00,5,1,8,8,55,870,48.0,BOS DE MOULIN (RUE DE),,,Plein jour,En agglomération,Hors intersection,Normale,Autre collision,,,,,,,,,,,1,2,1,1,6
200500005530,0005-01-08 12:00:00,5,1,8,12,0,870,85.0,"21, LIBERATION (AVENUE D",,,Plein jour,En agglomération,Hors intersection,Normale,Autre collision,,,,,,,,,,,1,2,1,1,6
200500005531,0005-01-08 12:17:00,5,1,8,12,17,870,85.0,"124, DUTREIX (RUE ARMAND",,,Plein jour,En agglomération,Hors intersection,Normale,Trois véhicules et plus - en chaîne,,,,,,,,,,,1,2,1,1,4
200500005532,0005-01-10 08:14:00,5,1,10,8,14,870,85.0,"261, VANTEAUX (BOULEVARD",,,Plein jour,En agglomération,Intersection en X,Normale,Autre collision,,,,,,,,,,,1,2,2,1,6
200500005533,0005-01-10 17:35:00,5,1,10,17,35,870,65.0,"14, MERMOZ (RUE JEAN-)",,,Plein jour,En agglomération,Hors intersection,Normale,Deux véhicules - côté,,,,,,,,,,,1,2,1,1,3
200500005534,0005-01-11 10:30:00,5,1,11,10,30,870,85.0,"2, QUEUILLE (PLACE HENRI",,,Plein jour,En agglomération,Place,Normale,Sans collision,,,,,,,,,,,1,2,7,1,7
200500005535,0005-01-12 09:20:00,5,1,12,9,20,870,85.0,"20, LIBERATION (AVENUE D",,,Plein jour,En agglomération,Hors intersection,Normale,Deux véhicules - arrière,,,,,,,,,,,1,2,1,1,2
200500005536,0005-01-12 15:15:00,5,1,12,15,15,870,85.0,"30, RD220",,,Plein jour,En agglomération,Hors intersection,Normale,Deux véhicules - côté,,,,,,,,,,,1,2,1,1,3
200500005537,0005-01-12 17:25:00,5,1,12,17,25,870,85.0,AUTOROUTE A20,,,Plein jour,Hors agglomération,Hors intersection,Normale,Autre collision,,,,,,,,,,,1,1,1,1,6
200500005538,0005-01-12 20:15:00,5,1,12,20,15,870,85.0,VIGENAL (BOULEVARD DU),,,Nuit avec éclairage allumé,En agglomération,Hors intersection,Normale,Deux véhicules - côté,,,,,,,,,,,5,2,1,1,3
200500005539,0005-01-13 14:35:00,5,1,13,14,35,870,85.0,"9, CHENIEUX (RUE FRANCOI",,,Plein jour,En agglomération,Hors intersection,Normale,Autre collision,,,,,,,,,,,1,2,1,1,6
200500005540,0005-01-14 14:00:00,5,1,14,14,0,870,85.0,"35, ISLY (RUE D')",,,Plein jour,En agglomération,Hors intersection,Normale,Autre collision,,,,,,,,,,,1,2,1,1,6
200500005541,0005-01-14 17:30:00,5,1,14,17,30,870,85.0,"47, BEL AIR (BOULEVARD D",,,Nuit avec éclairage allumé,En agglomération,Hors intersection,Normale,Autre collision,,,,,,,,,,,5,2,1,1,6
200500005542,0005-01-15 00:30:00,5,1,15,0,30,870,85.0,"228, LECLERC (AVENUE DU",,,Nuit avec éclairage allumé,En agglomération,Intersection en X,Normale,Deux véhicules - côté,,,,,,,,,,,5,2,2,1,3
200500005543,0005-01-15 16:10:00,5,1,15,16,10,870,85.0,"12, CHENIEUX (RUE FRANCO",,,Plein jour,En agglomération,Hors intersection,Normale,Deux véhicules - côté,,,,,,,,,,,1,2,1,1,3
200500005544,0005-01-15 17:45:00,5,1,15,17,45,870,85.0,CARNOT (PLACE SADI),,,Crépuscule ou aube,En agglomération,Place,Normale,Deux véhicules - côté,,,,,,,,,,,2,2,7,1,3
200500005545,0005-01-16 11:50:00,5,1,16,11,50,870,50.0,TEXONNIERAS (RUE DE),,,Plein jour,En agglomération,Hors intersection,Normale,Sans collision,,,,,,,,,,,1,2,1,1,7
200500005546,0005-01-16 21:34:00,5,1,16,21,34,870,85.0,"2, JOURDAN (PLACE)",,,Nuit avec éclairage allumé,En agglomération,Intersection en T,Normale,Deux véhicules - côté,,,,,,,,,,,5,2,3,1,3
200500005547,0005-01-15 17:40:00,5,1,15,17,40,870,85.0,"8, VAN LOO (ALLEE)",,,Crépuscule ou aube,En agglomération,Hors intersection,Normale,Autre collision,,,,,,,,,,,2,2,1,1,6
200500005548,0005-01-19 16:24:00,5,1,19,16,24,870,85.0,"43, LIBERATION (AVENUE D",,,Plein jour,En agglomération,Hors intersection,Pluie légère,Autre collision,,,,,,,,,,,1,2,1,2,6
200500005549,0005-01-20 14:40:00,5,1,20,14,40,870,85.0,AUTOROUTE A20,,,Plein jour,Hors agglomération,Hors intersection,Pluie légère,Autre collision,,,,,,,,,,,1,1,1,2,6
200500005550,0005-01-20 16:00:00,5,1,20,16,0,870,85.0,"365, TOULOUSE (RUE DE)",,,Plein jour,En agglomération,Hors intersection,Pluie légère,Deux véhicules - arrière,,,,,,,,,,,1,2,1,2,2
200500005551,0005-01-21 19:55:00,5,1,21,19,55,870,75.0,RN 21,,,Crépuscule ou aube,En agglomération,Hors intersection,Normale,Deux véhicules - côté,,,,,,,,,,,2,2,1,1,3
200500005552,0005-01-22 09:52:00,5,1,22,9,52,870,85.0,"17, LIBERATION (AVENUE D",,,Plein jour,En agglomération,Hors intersection,Normale,Autre collision,,,,,,,,,,,1,2,1,1,6
200500005553,0005-01-22 10:40:00,5,1,22,10,40,870,85.0,"49, LECLERC (AVENUE DU G",,,Plein jour,En agglomération,Hors intersection,Normale,Deux véhicules - arrière,,,,,,,,,,,1,2,1,1,2
200500005554,0005-01-22 15:00:00,5,1,22,15,0,870,48.0,NEXON (ROUTE DE),,,Plein jour,En agglomération,Hors intersection,Normale,Trois véhicules et plus - en chaîne,,,,,,,,,,,1,2,1,1,4
200500005555,0005-01-22 18:38:00,5,1,22,18,38,870,85.0,"2, NEXON (RUE DE)",,,Nuit avec éclairage allumé,En agglomération,Hors intersection,Pluie légère,Autre collision,,,,,,,,,,,5,2,1,2,6
200500005556,0005-01-23 05:05:00,5,1,23,5,5,870,85.0,"206, BRIAND (RUE ARISTID",,,Nuit avec éclairage allumé,En agglomération,Hors intersection,Normale,Autre collision,,,,,,,,,,,5,2,1,1,6
200500005557,0005-01-23 16:47:00,5,1,23,16,47,870,85.0,"4, VANTEAUX (BOULEVARD D",,,Plein jour,En agglomération,Hors intersection,Normale,Deux véhicules - arrière,,,,,,,,,,,1,2,1,1,2
200500005558,0005-01-24 20:36:00,5,1,24,20,36,870,85.0,"21, DUMAS (AVENUE GEORGE",,,Nuit avec éclairage allumé,En agglomération,Hors intersection,Normale,Autre collision,,,,,,,,,,,5,2,1,1,6
200500005559,0005-01-24 21:07:00,5,1,24,21,7,870,85.0,AUTOROUTE A20,,,Nuit avec éclairage non allumé,Hors agglomération,Hors intersection,Normale,Deux véhicules - arrière,,,,,,,,,,,4,1,1,1,2
200500005560,0005-01-26 07:30:00,5,1,26,7,30,870,85.0,"29, GIFFARD (RUE HENRI)",,,Crépuscule ou aube,En agglomération,Hors intersection,Normale,Deux véhicules - côté,,,,,,,,,,,2,2,1,1,3
200500005561,0005-01-28 05:10:00,5,1,28,5,10,870,75.0,"1, GOURINCHAS (AVENUE RE",,,Nuit avec éclairage allumé,En agglomération,Hors intersection,Neige / grêle,Autre collision,,,,,,,,,,,5,2,1,4,6
200500005562,0005-01-28 10:30:00,5,1,28,10,30,870,85.0,SCHUMAN (BOULEVARD ROBER,,,Plein jour,En agglomération,Hors intersection,Neige / grêle,Deux véhicules - frontale,,,,,,,,,,,1,2,1,4,1
200500005563,0005-01-28 11:05:00,5,1,28,11,5,870,85.0,"57, BABYLONE (RUE DE)",,,Plein jour,En agglomération,Hors intersection,Neige / grêle,Deux véhicules - côté,,,,,,,,,,,1,2,1,4,3
200500005564,0005-01-29 17:55:00,5,1,29,17,55,870,75.0,"30, REPUBLIQUE (AVENUE D",,,Plein jour,En agglomération,Hors intersection,Normale,Autre collision,,,,,,,,,,,1,2,1,1,6
200500005565,0005-01-13 07:35:00,5,1,13,7,35,880,160.0,DES CEDRES,,,Plein jour,En agglomération,Hors intersection,Normale,Autre collision,,,,,,,,,,,1,2,1,1,6
200500005566,0005-01-27 16:05:00,5,1,27,16,5,880,160.0,"8, côte cabiche",,,Plein jour,En agglomération,Hors intersection,Normale,Deux véhicules - côté,,,,,,,,,,,1,2,1,1,3
200500005567,0005-01-03 18:15:00,5,1,3,18,15,880,160.0,rue de la Moselle,,,Nuit avec éclairage allumé,En agglomération,Hors intersection,Pluie légère,Trois véhicules et plus - collisions multiples,,,,,,,,,,,5,2,1,2,5
200500005568,0005-01-04 19:40:00,5,1,4,19,40,880,383.0,Rue du Canton,,,Nuit avec éclairage allumé,En agglomération,Intersection en T,Autre,Deux véhicules - côté,,,,,,,,,,,5,2,3,9,3
200500005569,0005-01-01 08:10:00,5,1,1,8,10,880,519.0,RN 59 ( 2X2 VOIES ) Dire,,,Crépuscule ou aube,En agglomération,Hors intersection,Pluie légère,Deux véhicules - arrière,,,,,,,,,,,2,2,1,2,2
200500005570,0005-01-20 13:25:00,5,1,20,13,25,880,424.0,"25, Colmar  ( Route de )",,,Plein jour,En agglomération,Hors intersection,Pluie légère,Autre collision,,,,,,,,,,,1,2,1,2,6
200500005571,0005-01-10 15:00:00,5,1,10,15,0,880,413.0,Marie  Curie  ( Rue ),,,Plein jour,En agglomération,Hors intersection,Normale,Autre collision,,,,,,,,,,,1,2,1,1,6
200500005572,0005-01-11 15:20:00,5,1,11,15,20,880,413.0,"1, Orme ( Rue de l' )",,,Plein jour,En agglomération,Hors intersection,Normale,Deux véhicules - côté,,,,,,,,,,,1,2,1,1,3
200500005573,0005-01-13 15:05:00,5,1,13,15,5,880,413.0,"0,  Jeanne D' Arc ( Quai",,,Plein jour,En agglomération,Hors intersection,Normale,Trois véhicules et plus - en chaîne,,,,,,,,,,,1,2,1,1,4
200500005574,0005-01-21 10:00:00,5,1,21,10,0,880,519.0,"0, GARE(RUE  DE LA)",,,Plein jour,En agglomération,Hors intersection,Normale,Autre collision,,,,,,,,,,,1,2,1,1,6
200500005575,0005-01-29 15:20:00,5,1,29,15,20,880,413.0,"272, Alsace ( Rue d' )",,,Plein jour,En agglomération,Hors intersection,Normale,Deux véhicules - arrière,,,,,,,,,,,1,2,1,1,2
200500005576,0005-01-03 16:05:00,5,1,3,16,5,890,24.0,R.N.6.,,,Plein jour,En agglomération,Intersection en T,Normale,Deux véhicules - côté,,,,,,,,,,,1,2,3,1,3
200500005577,0005-01-07 17:45:00,5,1,7,17,45,890,24.0,"1, MIGRAINES (RUE DES)",,,Nuit avec éclairage allumé,En agglomération,Hors intersection,Temps couvert,Sans collision,,,,,,,,,,,5,2,1,8,7
200500005578,0005-01-13 22:25:00,5,1,13,22,25,890,24.0,JEAN JAURES (AVENUE),,,Nuit avec éclairage allumé,En agglomération,Intersection en X,Temps couvert,Deux véhicules - côté,,,,,,,,,,,5,2,2,8,3
200500005579,0005-01-19 08:15:00,5,1,19,8,15,890,24.0,YVER (AVENUE),,,Crépuscule ou aube,En agglomération,Intersection en X,Pluie légère,Deux véhicules - côté,,,,,,,,,,,2,2,2,2,3