accident_id,datetime,annee,mois,jour,heure,minute,departement,commune_insee,adresse,latitude,longitude,luminosite,agglomeration,intersection,meteo,collision,nb_vehicules,nb_usagers,nb_indemnes,nb_tues,nb_blesses_hosp,nb_blesses_legers,age_cond_1,age_cond_2,veh_type_cond_1,veh_type_cond_2,lum_code,agg_code,int_code,atm_code,col_code
200500005580,0005-01-21 07:15:00,5,1,21,7,15,890,24.0,"67, JEAN MERMOZ (AVENUE)",,,Nuit avec éclairage allumé,En agglomération,Hors intersection,Pluie légère,Deux véhicules - côté,,,,,,,,,,,5,2,1,2,3
200500005581,0005-01-21 09:40:00,5,1,21,9,40,890,24.0,CITE ROMAINE (RUE DE LA),,,Plein jour,En agglomération,Place,Pluie forte,Sans collision,,,,,,,,,,,1,2,7,3,7
200500005582,0005-01-21 18:30:00,5,1,21,18,30,890,24.0,LYAUTEY (BOULEVARD),,,Nuit avec éclairage allumé,En agglomération,Intersection en T,Normale,Deux véhicules - côté,,,,,,,,,,,5,2,3,1,3
200500005583,0005-01-21 16:10:00,5,1,21,16,10,890,24.0,"46, BOURNEIL (RUE DE) N°",,,Plein jour,En agglomération,Hors intersection,Normale,Autre collision,,,,,,,,,,,1,2,1,1,6
200500005584,0005-01-28 23:45:00,5,1,28,23,45,890,24.0,"00, JEAN JAURES (AVENUE)",,,Nuit avec éclairage allumé,En agglomération,Intersection en X,Normale,Deux véhicules - côté,,,,,,,,,,,5,2,2,1,3
200500005585,0005-01-27 20:15:00,5,1,27,20,15,890,24.0,EGLENY (RUE D'),,,Nuit avec éclairage non allumé,En agglomération,Intersection en X,Normale,Deux véhicules - côté,,,,,,,,,,,4,2,2,1,3
200500005586,0005-01-25 22:55:00,5,1,25,22,55,890,387.0,JEAN MOULIN (QUAI),,,Nuit avec éclairage allumé,En agglomération,Hors intersection,Normale,Autre collision,,,,,,,,,,,5,2,1,1,6
200500005587,0005-01-19 19:20:00,5,1,19,19,20,890,387.0,REPUBLIQUE (RUE),,,Nuit avec éclairage allumé,En agglomération,Intersection en X,Pluie légère,Deux véhicules - frontale,,,,,,,,,,,5,2,2,2,1
200500005588,0005-01-21 20:15:00,5,1,21,20,15,890,387.0,MULETS (CHEMIN RURAL DES,,,Nuit sans éclairage public,En agglomération,Hors intersection,Pluie légère,Deux véhicules - frontale,,,,,,,,,,,3,2,1,2,1
200500005589,0005-01-01 00:40:00,5,1,1,0,40,900,10.0,CARNOT (BOULEVARD),,,Nuit avec éclairage allumé,En agglomération,Hors intersection,Normale,Autre collision,,,,,,,,,,,5,2,1,1,6
200500005590,0005-01-03 15:35:00,5,1,3,15,35,900,10.0,MICHELET (RUE),,,Plein jour,En agglomération,Hors intersection,Normale,Deux véhicules - côté,,,,,,,,,,,1,2,1,1,3
200500005591,0005-01-05 12:40:00,5,1,5,12,40,900,99.0,TURENNE (RUE DE),,,Plein jour,En agglomération,Hors intersection,Normale,Deux véhicules - frontale,,,,,,,,,,,1,2,1,1,1
200500005592,0005-01-05 14:15:00,5,1,5,14,15,900,10.0,JAURES (AVENUE JEAN) DE,,,Plein jour,En agglomération,Hors intersection,Normale,Autre collision,,,,,,,,,,,1,2,1,1,6
200500005593,0005-01-06 18:20:00,5,1,6,18,20,900,10.0,LECLERC (AVENUE),,,Nuit avec éclairage allumé,En agglomération,Hors intersection,Pluie légère,Autre collision,,,,,,,,,,,5,2,1,2,6
200500005594,0005-01-07 07:50:00,5,1,7,7,50,900,10.0,VESOUL (RUE DE),,,Nuit avec éclairage allumé,En agglomération,Hors intersection,Normale,Deux véhicules - côté,,,,,,,,,,,5,2,1,1,3
200500005595,0005-01-07 11:30:00,5,1,7,11,30,900,10.0,PRAIRIAL (RUE),,,Plein jour,En agglomération,Hors intersection,Normale,Autre collision,,,,,,,,,,,1,2,1,1,6
200500005596,0005-01-08 02:30:00,5,1,8,2,30,900,99.0,TURENNE (RUE DE),,,Nuit avec éclairage allumé,En agglomération,Hors intersection,Normale,Autre collision,,,,,,,,,,,5,2,1,1,6
200500005597,0005-01-10 17:35:00,5,1,10,17,35,900,10.0,MIELLET (AVENUE),,,Nuit avec éclairage allumé,En agglomération,Hors intersection,Normale,Deux véhicules - côté,,,,,,,,,,,5,2,1,1,3
200500005598,0005-01-13 15:25:00,5,1,13,15,25,900,10.0,BRISACH (AVENUE DE),,,Plein jour,En agglomération,Intersection en X,Normale,Deux véhicules - côté,,,,,,,,,,,1,2,2,1,3
200500005599,0005-01-15 15:00:00,5,1,15,15,0,900,10.0,MONTBELIARD (FAUBOURG DE,,,Plein jour,En agglomération,Hors intersection,Normale,Autre collision,,,,,,,,,,,1,2,1,1,6
200500005600,0005-01-19 15:20:00,5,1,19,15,20,900,10.0,"51, MONTBELIARD (FAUBOUR",,,Plein jour,En agglomération,Hors intersection,Pluie légère,Deux véhicules - arrière,,,,,,,,,,,1,2,1,2,2
200500005601,0005-01-20 16:00:00,5,1,20,16,0,900,10.0,RENAUD DE BOURGOGNE (AVE,,,Plein jour,En agglomération,Hors intersection,Pluie légère,Autre collision,,,,,,,,,,,1,2,1,2,6
200500005602,0005-01-20 18:15:00,5,1,20,18,15,900,10.0,ROSTAND (RUE JEAN),,,Nuit avec éclairage allumé,En agglomération,Hors intersection,Pluie légère,Autre collision,,,,,,,,,,,5,2,1,2,6
200500005603,0005-01-21 07:40:00,5,1,21,7,40,900,10.0,TROIS CHENES (AVENUE DES,,,Crépuscule ou aube,En agglomération,Hors intersection,Pluie forte,Autre collision,,,,,,,,,,,2,2,1,3,6
200500005604,0005-01-22 00:55:00,5,1,22,0,55,900,75.0,BRIAND (RUE ARISTIDE),,,Nuit avec éclairage allumé,En agglomération,Intersection en T,Normale,Deux véhicules - côté,,,,,,,,,,,5,2,3,1,3
200500005605,0005-01-23 17:00:00,5,1,23,17,0,900,10.0,MARCHAL (RUE),,,Crépuscule ou aube,En agglomération,Hors intersection,Normale,Deux véhicules - frontale,,,,,,,,,,,2,2,1,1,1
200500005606,0005-01-25 16:00:00,5,1,25,16,0,900,10.0,VALLET (QUAI),,,Plein jour,En agglomération,Hors intersection,Neige / grêle,Autre collision,,,,,,,,,,,1,2,1,4,6
200500005607,0005-01-26 12:15:00,5,1,26,12,15,900,10.0,MENDES FRANCE (RUE),,,Plein jour,En agglomération,Hors intersection,Normale,Deux véhicules - côté,,,,,,,,,,,1,2,1,1,3
200500005608,0005-01-27 12:40:00,5,1,27,12,40,900,76.0,", GRAND'RUE",,,Plein jour,En agglomération,Hors intersection,Normale,Sans collision,,,,,,,,,,,1,2,1,1,7
200500005609,0005-01-29 15:23:00,5,1,29,15,23,900,10.0,FORT HATRY (RUE DU),,,Plein jour,En agglomération,Hors intersection,Normale,Autre collision,,,,,,,,,,,1,2,1,1,6
200500005610,0005-01-29 18:35:00,5,1,29,18,35,900,10.0,STROLZ (RUE),,,Nuit avec éclairage allumé,En agglomération,Hors intersection,Normale,Trois véhicules et plus - en chaîne,,,,,,,,,,,5,2,1,1,4
200500005611,0005-01-30 07:55:00,5,1,30,7,55,900,10.0,JOFFRE (BOULEVARD MARECH,,,Plein jour,En agglomération,Intersection en X,Normale,Deux véhicules - côté,,,,,,,,,,,1,2,2,1,3
200500005612,0005-01-31 17:35:00,5,1,31,17,35,900,10.0,HUGO (RUE VICTOR),,,Crépuscule ou aube,En agglomération,Hors intersection,Pluie légère,Autre collision,,,,,,,,,,,2,2,1,2,6
200500005613,0005-01-01 01:10:00,5,1,1,1,10,910,347.0,"121, DIVISION LECLERC (R",,,Nuit avec éclairage allumé,En agglomération,Hors intersection,Normale,Deux véhicules - côté,,,,,,,,,,,5,2,1,1,3
200500005614,0005-01-01 02:30:00,5,1,1,2,30,910,457.0,CD 19,,,Nuit sans éclairage public,En agglomération,Hors intersection,Pluie légère,Autre collision,,,,,,,,,,,3,2,1,2,6
200500005615,0005-01-06 17:40:00,5,1,6,17,40,910,339.0,RN 20,,,Nuit avec éclairage allumé,En agglomération,Hors intersection,Normale,Trois véhicules et plus - en chaîne,,,,,,,,,,,5,2,1,1,4
200500005616,0005-01-10 08:15:00,5,1,10,8,15,910,21.0,BRIAND ARISTIDE (RUE),,,Plein jour,En agglomération,Hors intersection,Normale,Deux véhicules - côté,,,,,,,,,,,1,2,1,1,3
200500005617,0005-01-10 09:45:00,5,1,10,9,45,910,347.0,"26, PARIS (RUE DE)",,,Plein jour,En agglomération,Hors intersection,Normale,Autre collision,,,,,,,,,,,1,2,1,1,6
200500005618,0005-01-17 19:00:00,5,1,17,19,0,910,347.0,RN 20,,,Nuit avec éclairage allumé,En agglomération,Hors intersection,Pluie légère,Deux véhicules - arrière,,,,,,,,,,,5,2,1,2,2
200500005619,0005-01-19 09:40:00,5,1,19,9,40,910,457.0,"40, SAINT DENIS (RUE)",,,Plein jour,En agglomération,Hors intersection,Normale,Sans collision,,,,,,,,,,,1,2,1,1,7
200500005620,0005-01-19 10:15:00,5,1,19,10,15,910,347.0,ORMOY (RUE DE L'),,,Plein jour,En agglomération,Hors intersection,Normale,Sans collision,,,,,,,,,,,1,2,1,1,7
200500005621,0005-01-24 08:30:00,5,1,24,8,30,910,339.0,RN 20,,,Crépuscule ou aube,En agglomération,Hors intersection,Normale,Deux véhicules - arrière,,,,,,,,,,,2,2,1,1,2
200500005622,0005-01-26 19:00:00,5,1,26,19,0,910,457.0,"13, REPUBLIQUE (BOULEVAR",,,Nuit avec éclairage allumé,En agglomération,Hors intersection,Normale,Autre collision,,,,,,,,,,,5,2,1,1,6
200500005623,0005-01-27 20:15:00,5,1,27,20,15,910,347.0,"97, DIVISION LECLERC (RU",,,Nuit avec éclairage allumé,En agglomération,Hors intersection,Neige / grêle,Deux véhicules - côté,,,,,,,,,,,5,2,1,4,3
200500005624,0005-01-27 20:40:00,5,1,27,20,40,910,347.0,"88, RN 20",,,Nuit avec éclairage allumé,En agglomération,Hors intersection,Neige / grêle,Deux véhicules - arrière,,,,,,,,,,,5,2,1,4,2
200500005625,0005-01-28 21:15:00,5,1,28,21,15,910,339.0,BENOIST ROBERT (AVENUE),,,Nuit avec éclairage allumé,En agglomération,Intersection en X,Normale,Deux véhicules - côté,,,,,,,,,,,5,2,2,1,3
200500005626,0005-01-29 11:45:00,5,1,29,11,45,910,425.0,LUISANT (RUE),,,Plein jour,En agglomération,Hors intersection,Pluie légère,Deux véhicules - arrière,,,,,,,,,,,1,2,1,2,2
200500005627,0005-01-18 19:45:00,5,1,18,19,45,910,114.0,ILE DE FRANCE (BOULEVARD,,,Nuit avec éclairage allumé,En agglomération,Hors intersection,Pluie forte,Autre collision,,,,,,,,,,,5,2,1,3,6
200500005628,0005-01-25 20:00:00,5,1,25,20,0,910,174.0,JEAN JAURES (BOULEVARD),,,Nuit avec éclairage allumé,En agglomération,Hors intersection,Normale,Autre collision,,,,,,,,,,,5,2,1,1,6
200500005629,0005-01-03 13:50:00,5,1,3,13,50,910,657.0,HENRI BARBUSSE (AVENUE),,,Plein jour,En agglomération,Hors intersection,Normale,Trois véhicules et plus - en chaîne,,,,,,,,,,,1,2,1,1,4
200500005630,0005-01-10 11:40:00,5,1,10,11,40,910,201.0,"110, GENERAL DE GAULLE(B",,,Plein jour,En agglomération,Hors intersection,Normale,Sans collision,,,,,,,,,,,1,2,1,1,7
200500005631,0005-01-11 18:50:00,5,1,11,18,50,910,657.0,ROGER SALENGRO (RUE),,,Plein jour,En agglomération,Intersection en X,Normale,Deux véhicules - côté,,,,,,,,,,,1,2,2,1,3
200500005632,0005-01-16 00:55:00,5,1,16,0,55,910,657.0,"0, PIERRE MARIN (RUE)",,,Nuit avec éclairage allumé,En agglomération,Intersection en X,Normale,Deux véhicules - côté,,,,,,,,,,,5,2,2,1,3
200500005633,0005-01-17 16:00:00,5,1,17,16,0,910,201.0,"0, LIBERAL BRUANT(RUE)",,,Plein jour,En agglomération,Hors intersection,Normale,Autre collision,,,,,,,,,,,1,2,1,1,6
200500005634,0005-01-18 15:15:00,5,1,18,15,15,910,201.0,"230, HENRI BARBUSSE (AVE",,,Plein jour,En agglomération,Hors intersection,Normale,Autre collision,,,,,,,,,,,1,2,1,1,6
200500005635,0005-01-21 12:40:00,5,1,21,12,40,910,201.0,WALDECK ROUSSEAU(RUE),,,Plein jour,En agglomération,Hors intersection,Normale,Trois véhicules et plus - en chaîne,,,,,,,,,,,1,2,1,1,4
200500005636,0005-01-22 12:00:00,5,1,22,12,0,910,201.0,"22, GABRIEL PERI(RUE)",,,Plein jour,En agglomération,Hors intersection,Normale,Sans collision,,,,,,,,,,,1,2,1,1,7
200500005637,0005-01-24 00:30:00,5,1,24,0,30,910,657.0,"0, FREDERIC JOLIOT CURIE",,,Nuit avec éclairage allumé,En agglomération,Intersection en X,Normale,Sans collision,,,,,,,,,,,5,2,2,1,7
200500005638,0005-01-23 12:30:00,5,1,23,12,30,910,657.0,"76, MARECHAL LECLERC (RU",,,Plein jour,En agglomération,Hors intersection,Normale,Sans collision,,,,,,,,,,,1,2,1,1,7
200500005639,0005-01-25 08:35:00,5,1,25,8,35,910,657.0,HENRI CHARON (AVENUE),,,Plein jour,En agglomération,Intersection en X,Autre,Deux véhicules - côté,,,,,,,,,,,1,2,2,9,3
200500005640,0005-01-28 18:15:00,5,1,28,18,15,910,657.0,"RN448, HENRI BARBUSSE (A",,,Nuit avec éclairage allumé,En agglomération,Hors intersection,Pluie légère,Autre collision,,,,,,,,,,,5,2,1,2,6
200500005641,0005-01-28 18:10:00,5,1,28,18,10,910,201.0,RIS (RUE DE),,,Nuit avec éclairage allumé,En agglomération,Intersection en T,Pluie légère,Deux véhicules - frontale,,,,,,,,,,,5,2,3,2,1
200500005642,0005-01-04 14:59:00,5,1,4,14,59,910,223.0,"27, SAINT MICHEL (BOULEV",,,Plein jour,En agglomération,Intersection en T,Normale,Deux véhicules - côté,,,,,,,,,,,1,2,3,1,3
200500005643,0005-01-16 18:10:00,5,1,16,18,10,910,223.0,"0, PONT SAINT JEAN (RUE",,,Nuit avec éclairage allumé,En agglomération,Hors intersection,Normale,Autre collision,,,,,,,,,,,5,2,1,1,6
200500005644,0005-01-21 12:00:00,5,1,21,12,0,910,433.0,R.N.20,,,Plein jour,En agglomération,Hors intersection,Normale,Deux véhicules - frontale,,,,,,,,,,,1,2,1,1,1
200500005645,0005-01-25 08:15:00,5,1,25,8,15,910,223.0,POIRIER (AVENUE HENRI),,,Plein jour,En agglomération,Intersection en T,Temps couvert,Autre collision,,,,,,,,,,,1,2,3,8,6
200500005646,0005-01-11 08:20:00,5,1,11,8,20,910,223.0,BERCHERE (BOULEVARD),,,Plein jour,En agglomération,Intersection en X,Normale,Deux véhicules - côté,,,,,,,,,,,1,2,2,1,3
200500005647,0005-01-03 06:10:00,5,1,3,6,10,910,521.0,"., RESISTANCE (RUE DE LA",,,Nuit avec éclairage allumé,En agglomération,Giratoire,Normale,Autre collision,,,,,,,,,,,5,2,6,1,6
200500005648,0005-01-05 19:00:00,5,1,5,19,0,910,182.0,AMANDIER (AVENUE DE L'),,,Nuit avec éclairage allumé,En agglomération,Intersection à plus de 4 branches,Pluie légère,Deux véhicules - côté,,,,,,,,,,,5,2,5,2,3
200500005649,0005-01-07 20:30:00,5,1,7,20,30,910,228.0,FRANCE (BD) N°PAIRS,,,Nuit avec éclairage allumé,En agglomération,Hors intersection,Normale,Deux véhicules - côté,,,,,,,,,,,5,2,1,1,3
200500005650,0005-01-10 07:35:00,5,1,10,7,35,910,182.0,"., PARLEMENT EUROPEEN (R",,,Nuit avec éclairage allumé,En agglomération,Giratoire,Normale,Deux véhicules - arrière,,,,,,,,,,,5,2,6,1,2
200500005651,0005-01-12 19:10:00,5,1,12,19,10,910,228.0,"., CHAMPS ELYSEES (BD)N°",,,Nuit avec éclairage allumé,En agglomération,Autre intersection,Normale,Deux véhicules - côté,,,,,,,,,,,5,2,9,1,3
200500005652,0005-01-15 18:20:00,5,1,15,18,20,910,228.0,BOUCICAULT (DESSERTE ARI,,,Nuit avec éclairage allumé,En agglomération,Intersection en T,Normale,Deux véhicules - côté,,,,,,,,,,,5,2,3,1,3
200500005653,0005-01-14 18:30:00,5,1,14,18,30,910,521.0,"12, CHATEAU (RUE DU)",,,Nuit avec éclairage allumé,En agglomération,Hors intersection,Normale,Autre collision,,,,,,,,,,,5,2,1,1,6
200500005654,0005-01-24 12:00:00,5,1,24,12,0,910,521.0,"., REMY (RUE ALBERT)",,,Plein jour,En agglomération,Hors intersection,Normale,Deux véhicules - arrière,,,,,,,,,,,1,2,1,1,2
200500005655,0005-01-09 19:10:00,5,1,9,19,10,910,687.0,"98, GENERAL DE GAULLE (A",,,Nuit avec éclairage allumé,En agglomération,Intersection en X,Normale,Deux véhicules - côté,,,,,,,,,,,5,2,2,1,3
200500005656,0005-01-13 18:45:00,5,1,13,18,45,910,687.0,"0, VICTOR SCHOELCHER (AV",,,Nuit sans éclairage public,En agglomération,Hors intersection,Normale,Autre collision,,,,,,,,,,,3,2,1,1,6
200500005657,0005-01-29 21:10:00,5,1,29,21,10,910,286.0,"0, HENRI BARBUSSE (PLACE",,,Crépuscule ou aube,En agglomération,Hors intersection,Normale,Sans collision,,,,,,,,,,,2,2,1,1,7
200500005658,0005-01-19 07:45:00,5,1,19,7,45,910,161.0,"32, LONGJUMEAU (ROUTE DE",,,Nuit avec éclairage allumé,En agglomération,Intersection en X,Pluie légère,Sans collision,,,,,,,,,,,5,2,2,2,7
200500005659,0005-01-21 17:45:00,5,1,21,17,45,910,377.0,"0, MIGNEAUX (RUE DES)",,,Plein jour,En agglomération,Hors intersection,Temps éblouissant,Deux véhicules - côté,,,,,,,,,,,1,2,1,7,3
200500005660,0005-01-01 08:50:00,5,1,1,8,50,910,691.0,"15, LE GRANGE AUX BOIS",,,Crépuscule ou aube,En agglomération,Hors intersection,Normale,Autre collision,,,,,,,,,,,2,2,1,1,6
200500005661,0005-01-04 18:10:00,5,1,4,18,10,910,421.0,"79, REPUBLIQUE (AVENUE D",,,Nuit avec éclairage allumé,En agglomération,Intersection en T,Normale,Trois véhicules et plus - collisions multiples,,,,,,,,,,,5,2,3,1,5
200500005662,0005-01-05 14:05:00,5,1,5,14,5,910,691.0,"101, CONCY(RUE)",,,Plein jour,En agglomération,Hors intersection,Normale,Deux véhicules - côté,,,,,,,,,,,1,2,1,1,3
200500005663,0005-01-06 09:05:00,5,1,6,9,5,910,691.0,"10, MARCEAU BAILLIOTI(RU",,,Plein jour,En agglomération,Hors intersection,Normale,Deux véhicules - arrière,,,,,,,,,,,1,2,1,1,2
200500005664,0005-01-07 14:45:00,5,1,7,14,45,910,691.0,"1, GOURGAUD(AVENUE)",,,Plein jour,En agglomération,Hors intersection,Normale,Deux véhicules - arrière,,,,,,,,,,,1,2,1,1,2
200500005665,0005-01-11 08:10:00,5,1,11,8,10,910,421.0,"25, CONCY (RUE DE)",,,Nuit avec éclairage allumé,En agglomération,Intersection en T,Normale,Deux véhicules - côté,,,,,,,,,,,5,2,3,1,3
200500005666,0005-01-10 22:50:00,5,1,10,22,50,910,691.0,"2, PIERRE DE COUBERTIN(R",,,Nuit avec éclairage allumé,En agglomération,Hors intersection,Normale,Autre collision,,,,,,,,,,,5,2,1,1,6
200500005667,0005-01-13 18:25:00,5,1,13,18,25,910,421.0,"52, CORBEIL (ROUTE DE)",,,Nuit avec éclairage allumé,En agglomération,Hors intersection,Normale,Deux véhicules - côté,,,,,,,,,,,5,2,1,1,3
200500005668,0005-01-17 18:30:00,5,1,17,18,30,910,421.0,"13, CORBEIL (ROUTE DE)",,,Nuit avec éclairage allumé,En agglomération,Hors intersection,Normale,Deux véhicules - côté,,,,,,,,,,,5,2,1,1,3
200500005669,0005-01-18 18:00:00,5,1,18,18,0,910,691.0,"25, PAUL DOUMER(RUE)",,,Nuit avec éclairage allumé,En agglomération,Hors intersection,Normale,Deux véhicules - arrière,,,,,,,,,,,5,2,1,1,2
200500005670,0005-01-21 08:15:00,5,1,21,8,15,910,421.0,"1, CROIX AUX COQ (PLACE",,,Crépuscule ou aube,En agglomération,Hors intersection,Normale,Sans collision,,,,,,,,,,,2,2,1,1,7
200500005671,0005-01-28 01:45:00,5,1,28,1,45,910,421.0,"152, REPUBLIQUE (AVENUE",,,Nuit avec éclairage allumé,En agglomération,Hors intersection,Normale,Autre collision,,,,,,,,,,,5,2,1,1,6
200500005672,0005-01-28 08:35:00,5,1,28,8,35,910,421.0,"25, CORBEIL (ROUTE DE)",,,Crépuscule ou aube,En agglomération,Intersection en T,Pluie légère,Deux véhicules - côté,,,,,,,,,,,2,2,3,2,3
200500005673,0005-01-01 11:45:00,5,1,1,11,45,910,692.0,CD35,,,Plein jour,En agglomération,Hors intersection,Temps couvert,Sans collision,,,,,,,,,,,1,2,1,8,7
200500005674,0005-01-05 14:45:00,5,1,5,14,45,910,477.0,RD 117,,,Plein jour,En agglomération,Hors intersection,Pluie légère,Deux véhicules - arrière,,,,,,,,,,,1,2,1,2,2
200500005675,0005-01-17 09:00:00,5,1,17,9,0,910,64.0,CD 117 (ROUTE DE JOUY),,,Plein jour,En agglomération,Intersection en T,Pluie légère,Deux véhicules - côté,,,,,,,,,,,1,2,3,2,3
200500005676,0005-01-17 18:30:00,5,1,17,18,30,910,692.0,"124, CHAMPS LASNIERS (AV",,,Nuit avec éclairage allumé,En agglomération,Hors intersection,Pluie forte,Autre collision,,,,,,,,,,,5,2,1,3,6
200500005677,0005-01-20 12:30:00,5,1,20,12,30,910,471.0,CHARTRES (ROUTE DE),,,Plein jour,En agglomération,Intersection en X,Pluie légère,Trois véhicules et plus - collisions multiples,,,,,,,,,,,1,2,2,2,5
200500005678,0005-01-25 08:45:00,5,1,25,8,45,910,692.0,CD35,,,Plein jour,En agglomération,Hors intersection,Normale,Deux véhicules - arrière,,,,,,,,,,,1,2,1,1,2
200500005679,0005-01-06 14:00:00,5,1,6,14,0,910,549.0,"1, Z.I CROIX BLANCHE",,,Crépuscule ou aube,En agglomération,Hors intersection,Normale,Autre collision,,,,,,,,,,,2,2,1,1,6
200500005680,0005-01-07 08:20:00,5,1,7,8,20,910,570.0,"1, ROSIERES (RUE)",,,Crépuscule ou aube,En agglomération,Hors intersection,Normale,Deux véhicules - côté,,,,,,,,,,,2,2,1,1,3
200500005681,0005-01-19 09:00:00,5,1,19,9,0,910,549.0,"1, VICTOR HUGO (AVENUE)",,,Plein jour,En agglomération,Intersection en X,Normale,Deux véhicules - côté,,,,,,,,,,,1,2,2,1,3
200500005682,0005-01-22 10:15:00,5,1,22,10,15,910,549.0,"1, ANTOINE ROCCA (RUE)",,,Plein jour,En agglomération,Hors intersection,Normale,Deux véhicules - côté,,,,,,,,,,,1,2,1,1,3
200500005683,0005-01-29 17:45:00,5,1,29,17,45,910,549.0,"1, LIBERTE (AVENUE DE LA",,,Plein jour,En agglomération,Intersection en T,Pluie légère,Deux véhicules - côté,,,,,,,,,,,1,2,3,2,3
200500005684,0005-01-04 19:10:00,5,1,4,19,10,910,589.0,"01, GOUNOT (RUE DE)",,,Nuit avec éclairage allumé,En agglomération,Intersection en X,Pluie légère,Deux véhicules - côté,,,,,,,,,,,5,2,2,2,3
200500005685,0005-01-08 15:10:00,5,1,8,15,10,910,589.0,"01, VERT GALANT (RUE DU)",,,Plein jour,En agglomération,Intersection en T,Temps couvert,Deux véhicules - côté,,,,,,,,,,,1,2,3,8,3
200500005686,0005-01-08 13:00:00,5,1,8,13,0,910,589.0,"40, PETITS CHAMPS (RUE D",,,Plein jour,En agglomération,Intersection en T,Temps couvert,Autre collision,,,,,,,,,,,1,2,3,8,6
200500005687,0005-01-07 21:25:00,5,1,7,21,25,910,589.0,"1, DUNANT (RUE HENRI)",,,Nuit avec éclairage allumé,En agglomération,Intersection en X,Autre,Deux véhicules - côté,,,,,,,,,,,5,2,2,9,3
200500005688,0005-01-11 02:15:00,5,1,11,2,15,910,589.0,DUNANT (RUE HENRI),,,Nuit sans éclairage public,En agglomération,Hors intersection,Normale,Deux véhicules - frontale,,,,,,,,,,,3,2,1,1,1
200500005689,0005-01-14 21:44:00,5,1,14,21,44,910,432.0,GENERAL WARABIOT (AVENUE,,,Nuit avec éclairage allumé,En agglomération,Hors intersection,Autre,Autre collision,,,,,,,,,,,5,2,1,9,6
200500005690,0005-01-17 10:10:00,5,1,17,10,10,910,589.0,DAVOUT (PLACE),,,Plein jour,En agglomération,Giratoire,Normale,Autre collision,,,,,,,,,,,1,2,6,1,6
200500005691,0005-01-04 07:50:00,5,1,4,7,50,920,14.0,"8, MONTROUGE (AVENUE DE)",,,Crépuscule ou aube,En agglomération,Hors intersection,Normale,Autre collision,,,,,,,,,,,2,2,1,1,6
200500005692,0005-01-11 07:25:00,5,1,11,7,25,920,2.0,JEAN MONNET (AVENUE),,,Nuit avec éclairage allumé,En agglomération,Intersection en X,Temps couvert,Deux véhicules - côté,,,,,,,,,,,5,2,2,8,3
200500005693,0005-01-15 14:50:00,5,1,15,14,50,920,2.0,CROIX DE BERNY,,,Plein jour,En agglomération,Intersection à plus de 4 branches,Temps couvert,Deux véhicules - arrière,,,,,,,,,,,1,2,5,8,2
200500005694,0005-01-18 15:05:00,5,1,18,15,5,920,14.0,RESISTANCE-CHARLES DE GA,,,Plein jour,En agglomération,Intersection à plus de 4 branches,Vent fort / tempête,Deux véhicules - côté,,,,,,,,,,,1,2,5,6,3
200500005695,0005-01-19 08:15:00,5,1,19,8,15,920,2.0,"18, DIVISION LECLERC (1",,,Plein jour,En agglomération,Hors intersection,Normale,Autre collision,,,,,,,,,,,1,2,1,1,6
200500005696,0005-01-25 17:55:00,5,1,25,17,55,920,2.0,GEORGES SUANT (RUE),,,Crépuscule ou aube,En agglomération,Hors intersection,Normale,Autre collision,,,,,,,,,,,2,2,1,1,6
200500005697,0005-01-27 18:15:00,5,1,27,18,15,920,2.0,LEON JOUHAUX (AVENUE),,,Nuit avec éclairage allumé,En agglomération,Giratoire,Temps couvert,Trois véhicules et plus - collisions multiples,,,,,,,,,,,5,2,6,8,5
200500005698,0005-01-31 11:00:00,5,1,31,11,0,920,14.0,PETIT CHAMBORD (AVENUE D,,,Plein jour,En agglomération,Intersection en X,Normale,Deux véhicules - côté,,,,,,,,,,,1,2,2,1,3
200500005699,0005-01-03 08:20:00,5,1,3,8,20,920,4.0,"0, GRESILLONS ( AVENUE D",,,Crépuscule ou aube,En agglomération,Hors intersection,Normale,Autre collision,,,,,,,,,,,2,2,1,1,6
200500005700,0005-01-09 17:45:00,5,1,9,17,45,920,4.0,PONT DE CLICHY,,,Plein jour,En agglomération,Hors intersection,Normale,Autre collision,,,,,,,,,,,1,2,1,1,6
200500005701,0005-01-08 12:00:00,5,1,8,12,0,920,9.0,"32, CHARLES CHEFSON ( RU",,,Plein jour,En agglomération,Hors intersection,Normale,Autre collision,,,,,,,,,,,1,2,1,1,6
200500005702,0005-01-14 11:25:00,5,1,14,11,25,920,4.0,ORNE ( DE L' ),,,Plein jour,En agglomération,Autre intersection,Normale,Autre collision,,,,,,,,,,,1,2,9,1,6
200500005703,0005-01-14 17:00:00,5,1,14,17,0,920,4.0,"54, COMETE  ( RUE DE LA",,,Plein jour,En agglomération,Hors intersection,Normale,Autre collision,,,,,,,,,,,1,2,1,1,6
200500005704,0005-01-12 12:00:00,5,1,12,12,0,920,4.0,PONT DE CLICHY,,,Plein jour,En agglomération,Autre intersection,Normale,Autre collision,,,,,,,,,,,1,2,9,1,6
200500005705,0005-01-18 19:15:00,5,1,18,19,15,920,4.0,"193, VOLTAIRE ( BD 16 A",,,Nuit avec éclairage allumé,En agglomération,Autre intersection,Pluie forte,Autre collision,,,,,,,,,,,5,2,9,3,6
200500005706,0005-01-21 00:55:00,5,1,21,0,55,920,4.0,AULAGNIER ( QUAI ),,,Nuit avec éclairage allumé,En agglomération,Hors intersection,Pluie légère,Deux véhicules - frontale,,,,,,,,,,,5,2,1,2,1