accident_id,datetime,annee,mois,jour,heure,minute,departement,commune_insee,adresse,latitude,longitude,luminosite,agglomeration,intersection,meteo,collision,nb_vehicules,nb_usagers,nb_indemnes,nb_tues,nb_blesses_hosp,nb_blesses_legers,age_cond_1,age_cond_2,veh_type_cond_1,veh_type_cond_2,lum_code,agg_code,int_code,atm_code,col_code
200500005707,0005-01-24 06:20:00,5,1,24,6,20,920,4.0,HENRY SAY,,,Crépuscule ou aube,En agglomération,Autre intersection,Normale,Autre collision,,,,,,,,,,,2,2,9,1,6
200500005708,0005-01-23 21:10:00,5,1,23,21,10,920,4.0,"77, ROBERT DUPONT",,,Nuit avec éclairage allumé,En agglomération,Autre intersection,Normale,Autre collision,,,,,,,,,,,5,2,9,1,6
200500005709,0005-01-25 18:10:00,5,1,25,18,10,920,4.0,"03, REDOUTE ( AVENUE DE",,,Nuit avec éclairage allumé,En agglomération,Autre intersection,Normale,Autre collision,,,,,,,,,,,5,2,9,1,6
200500005710,0005-01-28 08:30:00,5,1,28,8,30,920,4.0,"185, ARGENTEUIL AV D'",,,Nuit avec éclairage allumé,En agglomération,Hors intersection,Normale,Autre collision,,,,,,,,,,,5,2,1,1,6
200500005711,0005-01-12 07:00:00,5,1,12,7,0,920,7.0,"96, BRIAND (AVENUE ARIST",,,Nuit avec éclairage allumé,En agglomération,Intersection en T,Pluie légère,Autre collision,,,,,,,,,,,5,2,3,2,6
200500005712,0005-01-16 14:05:00,5,1,16,14,5,920,7.0,"59, MEUNIERS (RUE DES)",,,Plein jour,En agglomération,Hors intersection,Normale,Deux véhicules - arrière,,,,,,,,,,,1,2,1,1,2
200500005713,0005-01-23 15:35:00,5,1,23,15,35,920,7.0,"254, BRIAND (AVENUE ARIS",,,Plein jour,En agglomération,Intersection en T,Normale,Autre collision,,,,,,,,,,,1,2,3,1,6
200500005714,0005-01-01 06:00:00,5,1,1,6,0,920,12.0,"11, AGUESSEAU (RUE D') 1",,,Plein jour,En agglomération,Hors intersection,Normale,Autre collision,,,,,,,,,,,1,2,1,1,6
200500005715,0005-01-04 16:05:00,5,1,4,16,5,920,12.0,"69, REINE (ROUTE DE LA)",,,Plein jour,En agglomération,Hors intersection,Normale,Autre collision,,,,,,,,,,,1,2,1,1,6
200500005716,0005-01-04 18:15:00,5,1,4,18,15,920,12.0,"76, EDOUARD VAILLANT (AV",,,Nuit avec éclairage allumé,En agglomération,Hors intersection,Normale,Autre collision,,,,,,,,,,,5,2,1,1,6
200500005717,0005-01-05 10:40:00,5,1,5,10,40,920,12.0,"11 BIS, FOSSES SAINT DEN",,,Plein jour,En agglomération,Hors intersection,Normale,Autre collision,,,,,,,,,,,1,2,1,1,6
200500005718,0005-01-05 18:20:00,5,1,5,18,20,920,12.0,"120, ANDRE MORIZET (AVEN",,,Nuit avec éclairage allumé,En agglomération,Hors intersection,Normale,Autre collision,,,,,,,,,,,5,2,1,1,6
200500005719,0005-01-06 16:35:00,5,1,6,16,35,920,12.0,"50, ALPHONSE LE GALLO (Q",,,Crépuscule ou aube,En agglomération,Hors intersection,Normale,Autre collision,,,,,,,,,,,2,2,1,1,6
200500005720,0005-01-07 09:05:00,5,1,7,9,5,920,12.0,"1, ALPHONSE LE GALLO (QU",,,Plein jour,En agglomération,Hors intersection,Normale,Autre collision,,,,,,,,,,,1,2,1,1,6
200500005721,0005-01-10 14:55:00,5,1,10,14,55,920,12.0,"96, VICTOR HUGO (AVENUE)",,,Plein jour,En agglomération,Hors intersection,Normale,Autre collision,,,,,,,,,,,1,2,1,1,6
200500005722,0005-01-19 13:15:00,5,1,19,13,15,920,12.0,"1099, YVES KERMEN (RUE)",,,Plein jour,En agglomération,Hors intersection,Normale,Autre collision,,,,,,,,,,,1,2,1,1,6
200500005723,0005-01-21 11:20:00,5,1,21,11,20,920,12.0,CHEMIN VERT (RUE DU),,,Plein jour,En agglomération,Intersection en X,Normale,Autre collision,,,,,,,,,,,1,2,2,1,6
200500005724,0005-01-24 15:15:00,5,1,24,15,15,920,12.0,"180, GALLIENI (RUE) 159/",,,Plein jour,En agglomération,Hors intersection,Normale,Autre collision,,,,,,,,,,,1,2,1,1,6
200500005725,0005-01-27 21:10:00,5,1,27,21,10,920,12.0,"67, ANDRE MORIZET (AVENU",,,Nuit avec éclairage allumé,En agglomération,Hors intersection,Pluie légère,Deux véhicules - côté,,,,,,,,,,,5,2,1,2,3
200500005726,0005-01-28 16:35:00,5,1,28,16,35,920,12.0,"8/11, STALINGRAD (QUAI D",,,Plein jour,En agglomération,Hors intersection,Pluie légère,Autre collision,,,,,,,,,,,1,2,1,2,6
200500005727,0005-01-29 21:10:00,5,1,29,21,10,920,12.0,"46, REINE (ROUTE DE LA)",,,Nuit avec éclairage allumé,En agglomération,Intersection en X,Normale,Autre collision,,,,,,,,,,,5,2,2,1,6
200500005728,0005-01-31 15:30:00,5,1,31,15,30,920,12.0,"1, ANDRE MORIZET (AVENUE",,,Plein jour,En agglomération,Intersection en X,Normale,Autre collision,,,,,,,,,,,1,2,2,1,6
200500005729,0005-01-05 08:25:00,5,1,5,8,25,920,71.0,"11 bis, CHENEAUX (RUE DE",,,Nuit avec éclairage allumé,En agglomération,Hors intersection,Pluie légère,Deux véhicules - côté,,,,,,,,,,,5,2,1,2,3
200500005730,0005-01-15 18:10:00,5,1,15,18,10,920,71.0,"198, HOUDAN (RUE)",,,Nuit avec éclairage non allumé,En agglomération,Hors intersection,Normale,Autre collision,,,,,,,,,,,4,2,1,1,6
200500005731,0005-01-17 15:05:00,5,1,17,15,5,920,32.0,"7-9, JAURES JEAN (RUE)",,,Plein jour,En agglomération,Hors intersection,Pluie légère,Deux véhicules - arrière,,,,,,,,,,,1,2,1,2,2
200500005732,0005-01-17 18:00:00,5,1,17,18,0,920,32.0,"69, DIVISION LECLERC (AV",,,Nuit avec éclairage allumé,En agglomération,Hors intersection,Pluie légère,Deux véhicules - côté,,,,,,,,,,,5,2,1,2,3
200500005733,0005-01-19 16:45:00,5,1,19,16,45,920,32.0,"430, DIVISION LECLERC (A",,,Crépuscule ou aube,En agglomération,Hors intersection,Pluie légère,Deux véhicules - côté,,,,,,,,,,,2,2,1,2,3
200500005734,0005-01-25 08:00:00,5,1,25,8,0,920,32.0,"60, LANGEVI PAUL (AVENUE",,,Crépuscule ou aube,En agglomération,Hors intersection,Normale,Deux véhicules - côté,,,,,,,,,,,2,2,1,1,3
200500005735,0005-01-03 10:30:00,5,1,3,10,30,920,23.0,"1, GENERAL LECLERC (PLAC",,,Plein jour,En agglomération,Intersection à plus de 4 branches,Normale,Deux véhicules - côté,,,,,,,,,,,1,2,5,1,3
200500005736,0005-01-07 18:45:00,5,1,7,18,45,920,60.0,COMBATTANTS INDOCHINE,,,Nuit avec éclairage allumé,En agglomération,Place,Normale,Deux véhicules - côté,,,,,,,,,,,5,2,7,1,3
200500005737,0005-01-12 13:20:00,5,1,12,13,20,920,23.0,PIERRE CORBY (AVENUE),,,Plein jour,En agglomération,Intersection à plus de 4 branches,Normale,Deux véhicules - côté,,,,,,,,,,,1,2,5,1,3
200500005738,0005-01-12 15:00:00,5,1,12,15,0,920,60.0,"09, PIERRE D'ARTAGNAN (R",,,Plein jour,En agglomération,Hors intersection,Normale,Autre collision,,,,,,,,,,,1,2,1,1,6
200500005739,0005-01-19 08:20:00,5,1,19,8,20,920,23.0,GENERAL DE GAULLE (AVENU,,,Plein jour,En agglomération,Intersection en T,Normale,Autre collision,,,,,,,,,,,1,2,3,1,6
200500005740,0005-01-04 19:30:00,5,1,4,19,30,920,24.0,"90, GENERAL ROGUET (RUE",,,Nuit avec éclairage allumé,En agglomération,Hors intersection,Normale,Deux véhicules - côté,,,,,,,,,,,5,2,1,1,3
200500005741,0005-01-07 14:45:00,5,1,7,14,45,920,24.0,"120, MARTRE (RUE) DE (59",,,Plein jour,En agglomération,Autre intersection,Normale,Deux véhicules - arrière,,,,,,,,,,,1,2,9,1,2
200500005742,0005-01-07 18:10:00,5,1,7,18,10,920,24.0,"26, GENERAL ROGUET (RUE",,,Nuit sans éclairage public,En agglomération,Hors intersection,Normale,Autre collision,,,,,,,,,,,3,2,1,1,6
200500005743,0005-01-09 00:25:00,5,1,9,0,25,920,24.0,"100, GENERAL LECLERC (RU",,,Nuit sans éclairage public,En agglomération,Autre intersection,Normale,Autre collision,,,,,,,,,,,3,2,9,1,6
200500005744,0005-01-10 17:40:00,5,1,10,17,40,920,24.0,"v/v 80, MARTRE (RUE) DE",,,Nuit sans éclairage public,En agglomération,Hors intersection,Normale,Trois véhicules et plus - en chaîne,,,,,,,,,,,3,2,1,1,4
200500005745,0005-01-16 16:25:00,5,1,16,16,25,920,24.0,HENRI POINCARE (RUE),,,Plein jour,En agglomération,Intersection en X,Normale,Deux véhicules - côté,,,,,,,,,,,1,2,2,1,3
200500005746,0005-01-17 18:45:00,5,1,17,18,45,920,24.0,"05, PASTEUR (RUE)",,,Nuit sans éclairage public,En agglomération,Intersection en T,Temps couvert,Autre collision,,,,,,,,,,,3,2,3,8,6
200500005747,0005-01-24 11:15:00,5,1,24,11,15,920,24.0,"149, JEAN JAURES (BD) DE",,,Plein jour,En agglomération,Autre intersection,Normale,Deux véhicules - arrière,,,,,,,,,,,1,2,9,1,2
200500005748,0005-01-30 10:00:00,5,1,30,10,0,920,24.0,", MADAME DE SANZILLON (R",,,Plein jour,En agglomération,Place,Temps couvert,Autre collision,,,,,,,,,,,1,2,7,8,6
200500005749,0005-01-26 12:40:00,5,1,26,12,40,920,24.0,", CLICHY (QUAI DE) DE (8",,,Plein jour,En agglomération,Intersection en X,Normale,Deux véhicules - côté,,,,,,,,,,,1,2,2,1,3
200500005750,0005-01-04 11:50:00,5,1,4,11,50,920,25.0,CHARLES DE GAULLE (BD),,,Plein jour,En agglomération,Intersection en X,Normale,Deux véhicules - côté,,,,,,,,,,,1,2,2,1,3
200500005751,0005-01-05 16:05:00,5,1,5,16,5,920,25.0,"09, SARTROUVILLE (RUE DE",,,Plein jour,En agglomération,Hors intersection,Pluie légère,Deux véhicules - arrière,,,,,,,,,,,1,2,1,2,2
200500005752,0005-01-10 12:26:00,5,1,10,12,26,920,25.0,"08, EDGARD QUINET (BD)",,,Plein jour,En agglomération,Hors intersection,Normale,Autre collision,,,,,,,,,,,1,2,1,1,6
200500005753,0005-01-10 08:20:00,5,1,10,8,20,920,25.0,"27, STALINGRAD (AV DE)",,,Plein jour,En agglomération,Hors intersection,Normale,Deux véhicules - côté,,,,,,,,,,,1,2,1,1,3
200500005754,0005-01-14 18:05:00,5,1,14,18,5,920,25.0,CDT RIVIERE (RUE DU),,,Nuit avec éclairage allumé,En agglomération,Intersection en X,Normale,Deux véhicules - côté,,,,,,,,,,,5,2,2,1,3
200500005755,0005-01-14 18:45:00,5,1,14,18,45,920,25.0,HENRI BARBUSSE (AV),,,Nuit avec éclairage allumé,En agglomération,Hors intersection,Normale,Sans collision,,,,,,,,,,,5,2,1,1,7
200500005756,0005-01-18 15:30:00,5,1,18,15,30,920,25.0,COLBERT <> 1A 53 & 2 A 4,,,Plein jour,En agglomération,Intersection en X,Normale,Deux véhicules - côté,,,,,,,,,,,1,2,2,1,3
200500005757,0005-01-19 10:15:00,5,1,19,10,15,920,25.0,"344, GABRIEL PERI (RUE)",,,Plein jour,En agglomération,Hors intersection,Normale,Trois véhicules et plus - collisions multiples,,,,,,,,,,,1,2,1,1,5
200500005758,0005-01-20 19:25:00,5,1,20,19,25,920,25.0,CHARLES DE GAULLE (BD),,,Nuit avec éclairage allumé,En agglomération,Hors intersection,Pluie légère,Deux véhicules - arrière,,,,,,,,,,,5,2,1,2,2
200500005759,0005-01-21 14:50:00,5,1,21,14,50,920,25.0,CHARLES DE GAULLE (BD),,,Plein jour,En agglomération,Intersection à plus de 4 branches,Normale,Deux véhicules - côté,,,,,,,,,,,1,2,5,1,3
200500005760,0005-01-21 18:30:00,5,1,21,18,30,920,25.0,CHARLES DE GAULLE (BD),,,Nuit avec éclairage allumé,En agglomération,Hors intersection,Normale,Deux véhicules - côté,,,,,,,,,,,5,2,1,1,3
200500005761,0005-01-05 16:50:00,5,1,5,16,50,920,25.0,HENRI BARBUSSE (AV),,,Nuit avec éclairage allumé,En agglomération,Hors intersection,Normale,Autre collision,,,,,,,,,,,5,2,1,1,6
200500005762,0005-01-29 11:10:00,5,1,29,11,10,920,25.0,"244, COLBERT > 133 & 126",,,Plein jour,En agglomération,Hors intersection,Normale,Autre collision,,,,,,,,,,,1,2,1,1,6
200500005763,0005-01-31 13:20:00,5,1,31,13,20,920,25.0,VALMY (BD DE),,,Plein jour,En agglomération,Intersection en X,Normale,Trois véhicules et plus - collisions multiples,,,,,,,,,,,1,2,2,1,5
200500005764,0005-01-31 18:50:00,5,1,31,18,50,920,25.0,"54, BELLEVUE (RUE DE)",,,Nuit avec éclairage allumé,En agglomération,Hors intersection,Normale,Autre collision,,,,,,,,,,,5,2,1,1,6
200500005765,0005-01-03 11:05:00,5,1,3,11,5,920,26.0,"02, COLOMBES",,,Plein jour,En agglomération,Intersection en X,Normale,Deux véhicules - arrière,,,,,,,,,,,1,2,2,1,2
200500005766,0005-01-18 16:45:00,5,1,18,16,45,920,26.0,"130, VERDUN (DE 62 A FIN",,,Plein jour,En agglomération,Hors intersection,Normale,Deux véhicules - côté,,,,,,,,,,,1,2,1,1,3
200500005767,0005-01-25 08:25:00,5,1,25,8,25,920,26.0,HEROLD (PLACE),,,Plein jour,En agglomération,Intersection en X,Normale,Autre collision,,,,,,,,,,,1,2,2,1,6
200500005768,0005-01-05 22:20:00,5,1,5,22,20,920,26.0,MISSION MARCHAND (COTE P,,,Nuit avec éclairage allumé,En agglomération,Intersection en X,Autre,Trois véhicules et plus - collisions multiples,,,,,,,,,,,5,2,2,9,5
200500005769,0005-01-10 18:00:00,5,1,10,18,0,920,26.0,"133, VERDUN (DE 62 A FIN",,,Plein jour,En agglomération,Hors intersection,Normale,Deux véhicules - côté,,,,,,,,,,,1,2,1,1,3
200500005770,0005-01-03 14:05:00,5,1,3,14,5,920,26.0,"14, MISSION MARCHAND (CO",,,Plein jour,En agglomération,Intersection à plus de 4 branches,Normale,Autre collision,,,,,,,,,,,1,2,5,1,6
200500005771,0005-01-01 06:30:00,5,1,1,6,30,920,36.0,"22/24, CAMELINAT (BOULEV",,,Nuit avec éclairage non allumé,En agglomération,Hors intersection,Normale,Autre collision,,,,,,,,,,,4,2,1,1,6
200500005772,0005-01-10 08:30:00,5,1,10,8,30,920,36.0,PRINCIPALE DU PORT (ROUT,,,Crépuscule ou aube,En agglomération,Intersection en T,Normale,Deux véhicules - côté,,,,,,,,,,,2,2,3,1,3
200500005773,0005-01-18 09:10:00,5,1,18,9,10,920,36.0,"0, PIERRE DE COUBERTIN (",,,Crépuscule ou aube,En agglomération,Intersection en T,Pluie légère,Autre collision,,,,,,,,,,,2,2,3,2,6
200500005774,0005-01-19 20:00:00,5,1,19,20,0,920,36.0,"169, GABRIEL PERI (AVENU",,,Nuit avec éclairage allumé,En agglomération,Hors intersection,Pluie légère,Trois véhicules et plus - en chaîne,,,,,,,,,,,5,2,1,2,4
200500005775,0005-01-23 12:05:00,5,1,23,12,5,920,36.0,"0, JEAN GRANDEL (PLACE)",,,Plein jour,En agglomération,Hors intersection,Normale,Autre collision,,,,,,,,,,,1,2,1,1,6
200500005776,0005-01-25 10:20:00,5,1,25,10,20,920,36.0,"0, MARCEL PAUL (AVENUE)",,,Plein jour,En agglomération,Autre intersection,Normale,Trois véhicules et plus - en chaîne,,,,,,,,,,,1,2,9,1,4
200500005777,0005-01-03 08:10:00,5,1,3,8,10,920,40.0,"12, BOURGAIN (AVENE)",,,Plein jour,En agglomération,Hors intersection,Normale,Sans collision,,,,,,,,,,,1,2,1,1,7
200500005778,0005-01-03 20:20:00,5,1,3,20,20,920,40.0,"156, VERDUN (AVENUE DE)",,,Nuit avec éclairage allumé,En agglomération,Hors intersection,Normale,Autre collision,,,,,,,,,,,5,2,1,1,6
200500005779,0005-01-12 09:05:00,5,1,12,9,5,920,40.0,", ROUGET DE L'ISLE",,,Plein jour,En agglomération,Intersection en T,Normale,Sans collision,,,,,,,,,,,1,2,3,1,7
200500005780,0005-01-17 12:55:00,5,1,17,12,55,920,40.0,ILES (BOULEVARD DES),,,Plein jour,En agglomération,Intersection en X,Normale,Autre collision,,,,,,,,,,,1,2,2,1,6
200500005781,0005-01-19 10:00:00,5,1,19,10,0,920,40.0,"99, PDT ROOSEVELT (QUAI",,,Plein jour,En agglomération,Hors intersection,Normale,Autre collision,,,,,,,,,,,1,2,1,1,6
200500005782,0005-01-23 20:00:00,5,1,23,20,0,920,40.0,", ERNEST RENAN",,,Nuit avec éclairage allumé,En agglomération,Intersection en T,Temps couvert,Autre collision,,,,,,,,,,,5,2,3,8,6
200500005783,0005-01-25 10:35:00,5,1,25,10,35,920,40.0,GALLIENI (BOULEVARD),,,Plein jour,En agglomération,Intersection en T,Normale,Autre collision,,,,,,,,,,,1,2,3,1,6
200500005784,0005-01-28 18:25:00,5,1,28,18,25,920,40.0,"14, DOCTEUR LOMBARD (DU)",,,Nuit avec éclairage allumé,En agglomération,Hors intersection,Pluie légère,Autre collision,,,,,,,,,,,5,2,1,2,6
200500005785,0005-01-29 11:10:00,5,1,29,11,10,920,40.0,DOCTEUR LOMBARD (DU),,,Plein jour,En agglomération,Intersection en T,Temps couvert,Autre collision,,,,,,,,,,,1,2,3,8,6
200500005786,0005-01-31 17:40:00,5,1,31,17,40,920,40.0,SAINT VINCENT (COURS),,,Plein jour,En agglomération,Hors intersection,Normale,Autre collision,,,,,,,,,,,1,2,1,1,6
200500005787,0005-01-07 18:10:00,5,1,7,18,10,920,44.0,"72, ANA. FRANCE(RUE)1A75",,,Nuit avec éclairage allumé,En agglomération,Hors intersection,Normale,Autre collision,,,,,,,,,,,5,2,1,1,6
200500005788,0005-01-09 19:54:00,5,1,9,19,54,920,44.0,LIBERATION (PLACE DE LA),,,Nuit avec éclairage allumé,En agglomération,Place,Normale,Deux véhicules - côté,,,,,,,,,,,5,2,7,1,3
200500005789,0005-01-15 15:00:00,5,1,15,15,0,920,44.0,"51, MICHELET (QUAI) 32 A",,,Plein jour,En agglomération,Intersection en T,Normale,Deux véhicules - côté,,,,,,,,,,,1,2,3,1,3
200500005790,0005-01-25 09:50:00,5,1,25,9,50,920,44.0,"20, JEAN JAURES(RUE) 1A5",,,Plein jour,En agglomération,Intersection en T,Normale,Autre collision,,,,,,,,,,,1,2,3,1,6
200500005791,0005-01-27 18:35:00,5,1,27,18,35,920,44.0,BELLANGER (RUE),,,Nuit avec éclairage allumé,En agglomération,Intersection en T,Neige / grêle,Autre collision,,,,,,,,,,,5,2,3,4,6
200500005792,0005-01-27 20:55:00,5,1,27,20,55,920,44.0,PDT WILSON(RUE)51A75 ET,,,Nuit avec éclairage allumé,En agglomération,Intersection en X,Pluie légère,Autre collision,,,,,,,,,,,5,2,2,2,6
200500005793,0005-01-07 08:15:00,5,1,7,8,15,920,48.0,"07, COLONEL MORAINE (ROU",,,Plein jour,En agglomération,Intersection en T,Pluie légère,Deux véhicules - côté,,,,,,,,,,,1,2,3,2,3
200500005794,0005-01-05 12:20:00,5,1,5,12,20,920,48.0,TRIVAUX (AVENUE DE) N° 9,,,Plein jour,En agglomération,Hors intersection,Pluie légère,Autre collision,,,,,,,,,,,1,2,1,2,6
200500005795,0005-01-04 12:10:00,5,1,4,12,10,920,48.0,VAUGIRARD (ROUTE DE),,,Plein jour,En agglomération,Hors intersection,Normale,Deux véhicules - frontale,,,,,,,,,,,1,2,1,1,1
200500005796,0005-01-28 08:40:00,5,1,28,8,40,920,48.0,"03, LE CORBEILLER (AVENU",,,Crépuscule ou aube,En agglomération,Hors intersection,Normale,Autre collision,,,,,,,,,,,2,2,1,1,6
200500005797,0005-01-30 11:30:00,5,1,30,11,30,920,48.0,MAL DE LATTRE DE TASSIGN,,,Plein jour,En agglomération,Giratoire,Pluie légère,Deux véhicules - arrière,,,,,,,,,,,1,2,6,2,2
200500005798,0005-01-06 08:40:00,5,1,6,8,40,920,49.0,"22, VERDIER AVENUE N° 2",,,Plein jour,En agglomération,Hors intersection,Pluie légère,Sans collision,,,,,,,,,,,1,2,1,2,7
200500005799,0005-01-06 09:35:00,5,1,6,9,35,920,20.0,"28, PIERRELAIS RUE DES",,,Plein jour,En agglomération,Hors intersection,Pluie légère,Autre collision,,,,,,,,,,,1,2,1,2,6
200500005800,0005-01-08 19:25:00,5,1,8,19,25,920,20.0,"166, PARIS AVENUE DE N°8",,,Nuit avec éclairage allumé,En agglomération,Hors intersection,Normale,Autre collision,,,,,,,,,,,5,2,1,1,6
200500005801,0005-01-11 09:15:00,5,1,11,9,15,920,20.0,"80, REPUBLIQUE AV. AUTRE",,,Plein jour,En agglomération,Hors intersection,Normale,Trois véhicules et plus - en chaîne,,,,,,,,,,,1,2,1,1,4
200500005802,0005-01-15 10:25:00,5,1,15,10,25,920,20.0,"11, PARIS AVENUE DE N° I",,,Plein jour,En agglomération,Hors intersection,Normale,Autre collision,,,,,,,,,,,1,2,1,1,6
200500005803,0005-01-22 03:15:00,5,1,22,3,15,920,49.0,", BRIAND AVENUE ARISTIDE",,,Nuit avec éclairage allumé,En agglomération,Intersection en T,Pluie légère,Deux véhicules - côté,,,,,,,,,,,5,2,3,2,3
200500005804,0005-01-22 21:50:00,5,1,22,21,50,920,49.0,"85, BROSSOLETTE AVENUE P",,,Nuit avec éclairage allumé,En agglomération,Hors intersection,Pluie légère,Autre collision,,,,,,,,,,,5,2,1,2,6
200500005805,0005-01-25 10:50:00,5,1,25,10,50,920,49.0,"252, DORMOY AVENUE MARX",,,Plein jour,En agglomération,Intersection en T,Normale,Autre collision,,,,,,,,,,,1,2,3,1,6
200500005806,0005-01-26 09:00:00,5,1,26,9,0,920,49.0,"74, PERI RUE GABRIEL N°3",,,Plein jour,En agglomération,Hors intersection,Normale,Autre collision,,,,,,,,,,,1,2,1,1,6
200500005807,0005-01-04 13:00:00,5,1,4,13,0,920,50.0,"50, VENETS RUE DES",,,Plein jour,En agglomération,Intersection en X,Normale,Deux véhicules - frontale,,,,,,,,,,,1,2,2,1,1
200500005808,0005-01-07 07:30:00,5,1,7,7,30,920,50.0,"9999999, DEFENSE BOULEVA",,,Nuit avec éclairage allumé,En agglomération,Hors intersection,Normale,Autre collision,,,,,,,,,,,5,2,1,1,6
200500005809,0005-01-08 16:00:00,5,1,8,16,0,920,50.0,SEINE BOULEVARD DE,,,Plein jour,En agglomération,Intersection en T,Normale,Autre collision,,,,,,,,,,,1,2,3,1,6
200500005810,0005-01-12 18:20:00,5,1,12,18,20,920,50.0,"0, GARCHES RUE DE",,,Nuit avec éclairage allumé,En agglomération,Intersection en X,Normale,Deux véhicules - frontale,,,,,,,,,,,5,2,2,1,1
200500005811,0005-01-13 11:20:00,5,1,13,11,20,920,50.0,DROITS DE L'HOMME PLACE,,,Plein jour,En agglomération,Giratoire,Normale,Deux véhicules - côté,,,,,,,,,,,1,2,6,1,3
200500005812,0005-01-25 08:00:00,5,1,25,8,0,920,50.0,"17ter, SADI CARNOT RUE",,,Crépuscule ou aube,En agglomération,Autre intersection,Normale,Autre collision,,,,,,,,,,,2,2,9,1,6
200500005813,0005-01-26 13:45:00,5,1,26,13,45,920,50.0,NERUDA PABLO RUE,,,Plein jour,En agglomération,Hors intersection,Normale,Autre collision,,,,,,,,,,,1,2,1,1,6
200500005814,0005-01-15 12:30:00,5,1,15,12,30,920,50.0,GARCHES RUE DE,,,Plein jour,En agglomération,Intersection en T,Normale,Deux véhicules - côté,,,,,,,,,,,1,2,3,1,3
200500005815,0005-01-29 10:30:00,5,1,29,10,30,920,50.0,"34, LECLERC GENERAL AVEN",,,Plein jour,En agglomération,Hors intersection,Normale,Autre collision,,,,,,,,,,,1,2,1,1,6
200500005816,0005-01-29 08:20:00,5,1,29,8,20,920,50.0,"9999999999, FAURE FELIX",,,Crépuscule ou aube,En agglomération,Intersection en T,Normale,Autre collision,,,,,,,,,,,2,2,3,1,6
200500005817,0005-01-13 08:50:00,5,1,13,8,50,920,51.0,"NR, MAURICE BARRES (BOUL",,,Plein jour,En agglomération,Intersection en T,Normale,Deux véhicules - côté,,,,,,,,,,,1,2,3,1,3
200500005818,0005-01-14 11:40:00,5,1,14,11,40,920,51.0,"96, BINEAU (BOULEVARD, N",,,Plein jour,En agglomération,Hors intersection,Normale,Deux véhicules - arrière,,,,,,,,,,,1,2,1,1,2
200500005819,0005-01-17 08:05:00,5,1,17,8,5,920,51.0,"40, INKERMANN (BOULEVARD",,,Nuit avec éclairage allumé,En agglomération,Hors intersection,Pluie légère,Autre collision,,,,,,,,,,,5,2,1,2,6
200500005820,0005-01-17 18:05:00,5,1,17,18,5,920,51.0,"138, CHARLES DE GAULLE (",,,Nuit avec éclairage allumé,En agglomération,Hors intersection,Pluie légère,Autre collision,,,,,,,,,,,5,2,1,2,6
200500005821,0005-01-31 10:05:00,5,1,31,10,5,920,51.0,"69, ROULE (AVENUE DU, N°",,,Plein jour,En agglomération,Hors intersection,Pluie légère,Sans collision,,,,,,,,,,,1,2,1,2,7
200500005822,0005-01-19 13:35:00,5,1,19,13,35,920,51.0,"NR, BINEAU (BOULEVARD, N",,,Plein jour,En agglomération,Autre intersection,Normale,Deux véhicules - côté,,,,,,,,,,,1,2,9,1,3
200500005823,0005-01-20 11:15:00,5,1,20,11,15,920,51.0,", RICHARD WALLACE (BOULE",,,Plein jour,En agglomération,Intersection en X,Normale,Deux véhicules - côté,,,,,,,,,,,1,2,2,1,3
200500005824,0005-01-31 09:00:00,5,1,31,9,0,920,51.0,"BINEAU (BOULEVARD, N°133",,,Plein jour,En agglomération,Intersection en X,Normale,Deux véhicules - côté,,,,,,,,,,,1,2,2,1,3
200500005825,0005-01-22 22:35:00,5,1,22,22,35,920,62.0,WALLACE (BD RICHARD) DU,,,Nuit avec éclairage allumé,En agglomération,Intersection en X,Pluie forte,Deux véhicules - côté,,,,,,,,,,,5,2,2,3,3
200500005826,0005-01-27 11:40:00,5,1,27,11,40,920,62.0,PUTEAUX (PONT DE),,,Plein jour,En agglomération,Intersection à plus de 4 branches,Normale,Trois véhicules et plus - collisions multiples,,,,,,,,,,,1,2,5,1,5
200500005827,0005-01-06 10:10:00,5,1,6,10,10,920,63.0,"87, NATIONAL (BOULEVARD)",,,Plein jour,En agglomération,Autre intersection,Pluie légère,Deux véhicules - arrière,,,,,,,,,,,1,2,9,2,2
200500005828,0005-01-07 13:05:00,5,1,7,13,5,920,63.0,"135, DANTON (RUE)",,,Plein jour,En agglomération,Hors intersection,Normale,Deux véhicules - arrière,,,,,,,,,,,1,2,1,1,2
200500005829,0005-01-09 21:20:00,5,1,9,21,20,920,63.0,GAMBETTA (RUE),,,Nuit avec éclairage allumé,En agglomération,Intersection en T,Normale,Autre collision,,,,,,,,,,,5,2,3,1,6
200500005830,0005-01-10 20:00:00,5,1,10,20,0,920,63.0,HOPITAL STELL (BOULEVARD,,,Nuit avec éclairage allumé,En agglomération,Hors intersection,Pluie légère,Autre collision,,,,,,,,,,,5,2,1,2,6
200500005831,0005-01-13 10:00:00,5,1,13,10,0,920,63.0,EMPEREUR (ROUTE DE L') S,,,Plein jour,En agglomération,Intersection en X,Normale,Deux véhicules - côté,,,,,,,,,,,1,2,2,1,3
200500005832,0005-01-06 18:50:00,5,1,6,18,50,920,63.0,"282, BONAPARTE (AVENUE N",,,Nuit avec éclairage allumé,En agglomération,Hors intersection,Normale,Deux véhicules - côté,,,,,,,,,,,5,2,1,1,3
200500005833,0005-01-14 16:40:00,5,1,14,16,40,920,63.0,DOUMER (AVENUE PAUL) EST,,,Plein jour,En agglomération,Intersection en T,Normale,Trois véhicules et plus - collisions multiples,,,,,,,,,,,1,2,3,1,5