accident_id,datetime,annee,mois,jour,heure,minute,departement,commune_insee,adresse,latitude,longitude,luminosite,agglomeration,intersection,meteo,collision,nb_vehicules,nb_usagers,nb_indemnes,nb_tues,nb_blesses_hosp,nb_blesses_legers,age_cond_1,age_cond_2,veh_type_cond_1,veh_type_cond_2,lum_code,agg_code,int_code,atm_code,col_code
200500005834,0005-01-25 09:10:00,5,1,25,9,10,920,63.0,"28, POMPIDOU (AVENUE DU",,,Plein jour,En agglomération,Hors intersection,Normale,Autre collision,,,,,,,,,,,1,2,1,1,6
200500005835,0005-01-23 20:50:00,5,1,23,20,50,920,63.0,HOPITAL STELL (BOULEVARD,,,Nuit avec éclairage allumé,En agglomération,Intersection en T,Normale,Deux véhicules - côté,,,,,,,,,,,5,2,3,1,3
200500005836,0005-01-09 17:10:00,5,1,9,17,10,920,33.0,"1, PORTE JAUNE",,,Crépuscule ou aube,En agglomération,Intersection en T,Pluie légère,Autre collision,,,,,,,,,,,2,2,3,2,6
200500005837,0005-01-10 13:45:00,5,1,10,13,45,920,76.0,"48, REPUBLIQUE",,,Plein jour,En agglomération,Hors intersection,Normale,Trois véhicules et plus - en chaîne,,,,,,,,,,,1,2,1,1,4
200500005838,0005-01-17 18:15:00,5,1,17,18,15,920,76.0,"57, MONT VALERIEN",,,Nuit avec éclairage allumé,En agglomération,Hors intersection,Pluie légère,Autre collision,,,,,,,,,,,5,2,1,2,6
200500005839,0005-01-20 12:30:00,5,1,20,12,30,920,76.0,"1, JARDY HARAS",,,Plein jour,En agglomération,Intersection en T,Temps couvert,Autre collision,,,,,,,,,,,1,2,3,8,6
200500005840,0005-01-18 14:15:00,5,1,18,14,15,920,76.0,REPUBLIQUE,,,Plein jour,En agglomération,Intersection en X,Normale,Deux véhicules - côté,,,,,,,,,,,1,2,2,1,3
200500005841,0005-01-24 23:20:00,5,1,24,23,20,920,33.0,"34, PORTE JAUNE",,,Nuit avec éclairage non allumé,En agglomération,Hors intersection,Normale,Deux véhicules - côté,,,,,,,,,,,4,2,1,1,3
200500005842,0005-01-03 19:10:00,5,1,3,19,10,920,22.0,"1114, SALENGRO (AVENUE R",,,Nuit avec éclairage allumé,En agglomération,Hors intersection,Normale,Deux véhicules - frontale,,,,,,,,,,,5,2,1,1,1
200500005843,0005-01-10 16:50:00,5,1,10,16,50,920,72.0,"28, TROYON (RUE)",,,Plein jour,En agglomération,Hors intersection,Normale,Deux véhicules - frontale,,,,,,,,,,,1,2,1,1,1
200500005844,0005-01-11 18:40:00,5,1,11,18,40,920,72.0,"30, GRANDE RUE",,,Nuit avec éclairage allumé,En agglomération,Hors intersection,Normale,Sans collision,,,,,,,,,,,5,2,1,1,7
200500005845,0005-01-27 14:00:00,5,1,27,14,0,920,72.0,MANUFACTURE NATIONALE (P,,,Plein jour,En agglomération,Hors intersection,Normale,Deux véhicules - côté,,,,,,,,,,,1,2,1,1,3
200500005846,0005-01-28 16:00:00,5,1,28,16,0,920,72.0,GRANDE RUE,,,Plein jour,En agglomération,Intersection en Y,Normale,Sans collision,,,,,,,,,,,1,2,4,1,7
200500005847,0005-01-05 16:25:00,5,1,5,16,25,920,73.0,GALLIENI (QUAI),,,Plein jour,En agglomération,Hors intersection,Pluie légère,Deux véhicules - côté,,,,,,,,,,,1,2,1,2,3
200500005848,0005-01-05 18:45:00,5,1,5,18,45,920,73.0,ROOSVELT (AVENUE FRANKLI,,,Nuit avec éclairage allumé,En agglomération,Hors intersection,Pluie légère,Sans collision,,,,,,,,,,,5,2,1,2,7
200500005849,0005-01-09 15:20:00,5,1,9,15,20,920,73.0,SELLIER (BOULEVARD HENRI,,,Plein jour,En agglomération,Intersection en T,Normale,Deux véhicules - côté,,,,,,,,,,,1,2,3,1,3
200500005850,0005-01-28 19:00:00,5,1,28,19,0,920,73.0,", JAURES (AVENUE JEAN)",,,Nuit avec éclairage allumé,En agglomération,Intersection en T,Pluie légère,Deux véhicules - côté,,,,,,,,,,,5,2,3,2,3
200500005851,0005-01-30 06:35:00,5,1,30,6,35,920,73.0,"132, SELLIER (BOULEVARD",,,Nuit avec éclairage allumé,En agglomération,Hors intersection,Normale,Autre collision,,,,,,,,,,,5,2,1,1,6
200500005852,0005-01-10 11:30:00,5,1,10,11,30,920,46.0,JULE FERRY,,,Plein jour,En agglomération,Intersection en X,Normale,Autre collision,,,,,,,,,,,1,2,2,1,6
200500005853,0005-01-11 18:50:00,5,1,11,18,50,920,75.0,"44, RAYMOND MARCHERON (R",,,Crépuscule ou aube,En agglomération,Hors intersection,Normale,Deux véhicules - côté,,,,,,,,,,,2,2,1,1,3
200500005854,0005-01-13 11:30:00,5,1,13,11,30,920,75.0,LYCEE (BOULEVARD DU),,,Plein jour,En agglomération,Intersection à plus de 4 branches,Normale,Autre collision,,,,,,,,,,,1,2,5,1,6
200500005855,0005-01-15 11:35:00,5,1,15,11,35,920,46.0,PIERRE BROSSOLETTE,,,Plein jour,En agglomération,Place,Autre,Deux véhicules - côté,,,,,,,,,,,1,2,7,9,3
200500005856,0005-01-18 14:30:00,5,1,18,14,30,920,46.0,", GABRIEL PERI",,,Plein jour,En agglomération,Intersection en T,Temps couvert,Deux véhicules - côté,,,,,,,,,,,1,2,3,8,3
200500005857,0005-01-19 18:45:00,5,1,19,18,45,920,46.0,"22, JULE FERRY",,,Nuit avec éclairage allumé,En agglomération,Hors intersection,Temps couvert,Autre collision,,,,,,,,,,,5,2,1,8,6
200500005858,0005-01-23 10:05:00,5,1,23,10,5,920,46.0,JEANNE,,,Plein jour,En agglomération,Intersection en T,Normale,Deux véhicules - côté,,,,,,,,,,,1,2,3,1,3
200500005859,0005-01-06 11:09:00,5,1,6,11,9,920,78.0,"55/57, GALLIENI (BD) (1",,,Plein jour,En agglomération,Hors intersection,Normale,Deux véhicules - côté,,,,,,,,,,,1,2,1,1,3
200500005860,0005-01-20 15:58:00,5,1,20,15,58,920,78.0,VERDUN (AVENUE) (IMPAIRS,,,Plein jour,En agglomération,Hors intersection,Pluie légère,Deux véhicules - arrière,,,,,,,,,,,1,2,1,2,2
200500005861,0005-01-03 08:40:00,5,1,3,8,40,920,62.0,BOULEVARD CIRCULAIRE,,,Plein jour,En agglomération,Hors intersection,Normale,Deux véhicules - côté,,,,,,,,,,,1,2,1,1,3
200500005862,0005-01-04 09:20:00,5,1,4,9,20,920,26.0,DIVISION LECLERC (AVENUE,,,Plein jour,En agglomération,Hors intersection,Normale,Autre collision,,,,,,,,,,,1,2,1,1,6
200500005863,0005-01-05 21:50:00,5,1,5,21,50,920,26.0,BOULEVARD CIRCULAIRE,,,Nuit avec éclairage allumé,En agglomération,Intersection en X,Normale,Deux véhicules - côté,,,,,,,,,,,5,2,2,1,3
200500005864,0005-01-06 23:30:00,5,1,6,23,30,920,26.0,BOULEVARD CIRCULAIRE,,,Nuit avec éclairage allumé,En agglomération,Hors intersection,Normale,Sans collision,,,,,,,,,,,5,2,1,1,7
200500005865,0005-01-17 08:45:00,5,1,17,8,45,920,26.0,BOULEVARD CIRCULAIRE,,,Plein jour,En agglomération,Hors intersection,Pluie légère,Deux véhicules - côté,,,,,,,,,,,1,2,1,2,3
200500005866,0005-01-21 16:30:00,5,1,21,16,30,920,62.0,GENERAL DE GAULLE (AVENU,,,Plein jour,En agglomération,Hors intersection,Normale,Sans collision,,,,,,,,,,,1,2,1,1,7
200500005867,0005-01-02 10:25:00,5,1,2,10,25,930,1.0,"1, VICTOR HUGO (AVE)  =>",,,Plein jour,En agglomération,Intersection en T,Normale,Deux véhicules - côté,,,,,,,,,,,1,2,3,1,3
200500005868,0005-01-04 01:30:00,5,1,4,1,30,930,1.0,ADRIEN AGNES (QUAI),,,Nuit avec éclairage allumé,En agglomération,Intersection en X,Normale,Autre collision,,,,,,,,,,,5,2,2,1,6
200500005869,0005-01-05 18:35:00,5,1,5,18,35,930,1.0,"1, LUCIEN LEFRANC (QUAI)",,,Nuit avec éclairage allumé,En agglomération,Hors intersection,Pluie légère,Trois véhicules et plus - en chaîne,,,,,,,,,,,5,2,1,2,4
200500005870,0005-01-07 13:30:00,5,1,7,13,30,930,1.0,"22, ANDRE KARMAN (RUE)",,,Plein jour,En agglomération,Hors intersection,Normale,Autre collision,,,,,,,,,,,1,2,1,1,6
200500005871,0005-01-14 14:45:00,5,1,14,14,45,930,1.0,"201, JEAN JAURES (AVE)",,,Plein jour,En agglomération,Hors intersection,Normale,Deux véhicules - côté,,,,,,,,,,,1,2,1,1,3
200500005872,0005-01-21 16:10:00,5,1,21,16,10,930,1.0,FIRMIN GEMIER (RUE),,,Plein jour,En agglomération,Hors intersection,Normale,Autre collision,,,,,,,,,,,1,2,1,1,6
200500005873,0005-01-23 01:40:00,5,1,23,1,40,930,1.0,"79, REPUBLIQUE (AVE DE L",,,Nuit avec éclairage allumé,En agglomération,Intersection en X,Pluie légère,Deux véhicules - arrière,,,,,,,,,,,5,2,2,2,2
200500005874,0005-01-28 01:05:00,5,1,28,1,5,930,1.0,"160, VICTOR HUGO (AVE)",,,Nuit avec éclairage allumé,En agglomération,Intersection en T,Pluie légère,Deux véhicules - côté,,,,,,,,,,,5,2,3,2,3
200500005875,0005-01-31 14:30:00,5,1,31,14,30,930,1.0,"16, LANDY (RUE DU) => 16",,,Plein jour,En agglomération,Intersection en T,Normale,Deux véhicules - côté,,,,,,,,,,,1,2,3,1,3
200500005876,0005-01-07 00:35:00,5,1,7,0,35,930,5.0,", GAMBETTA (AVENUE)",,,Nuit avec éclairage allumé,En agglomération,Intersection à plus de 4 branches,Normale,Deux véhicules - frontale,,,,,,,,,,,5,2,5,1,1
200500005877,0005-01-12 14:05:00,5,1,12,14,5,930,5.0,"neant, MARC CHAGALL (BOU",,,Plein jour,En agglomération,Giratoire,Normale,Deux véhicules - arrière,,,,,,,,,,,1,2,6,1,2
200500005878,0005-01-14 09:45:00,5,1,14,9,45,930,5.0,STRASBOURG (BOULEVARD DE,,,Plein jour,En agglomération,Intersection en T,Brouillard / fumée,Autre collision,,,,,,,,,,,1,2,3,5,6
200500005879,0005-01-14 17:15:00,5,1,14,17,15,930,5.0,"ignore, CAMELINAT (PLACE",,,Crépuscule ou aube,En agglomération,Intersection en T,Normale,Deux véhicules - frontale,,,,,,,,,,,2,2,3,1,1
200500005880,0005-01-14 11:00:00,5,1,14,11,0,930,5.0,"neant, EUROPE (CARREFOUR",,,Plein jour,En agglomération,Giratoire,Brouillard / fumée,Deux véhicules - arrière,,,,,,,,,,,1,2,6,5,2
200500005881,0005-01-16 15:20:00,5,1,16,15,20,930,5.0,"137, MAXIMILIEN ROBESPIE",,,Plein jour,En agglomération,Hors intersection,Normale,Deux véhicules - frontale,,,,,,,,,,,1,2,1,1,1
200500005882,0005-01-18 08:20:00,5,1,18,8,20,930,5.0,PAUL CEZANNE (RUE),,,Crépuscule ou aube,En agglomération,Hors intersection,Pluie légère,Sans collision,,,,,,,,,,,2,2,1,2,7
200500005883,0005-01-19 07:40:00,5,1,19,7,40,930,5.0,"Ignore, ISAAC NEWTON (RU",,,Nuit avec éclairage allumé,En agglomération,Autre intersection,Normale,Deux véhicules - côté,,,,,,,,,,,5,2,9,1,3
200500005884,0005-01-21 18:30:00,5,1,21,18,30,930,5.0,RAOUL DUFY (AVENUE),,,Nuit avec éclairage allumé,En agglomération,Intersection en T,Normale,Deux véhicules - arrière,,,,,,,,,,,5,2,3,1,2
200500005885,0005-01-24 16:00:00,5,1,24,16,0,930,5.0,", JEAN CHARCOT [CD115] (",,,Plein jour,En agglomération,Intersection en T,Normale,Deux véhicules - côté,,,,,,,,,,,1,2,3,1,3
200500005886,0005-01-27 13:00:00,5,1,27,13,0,930,5.0,"néant, ROBERT BALLANGER",,,Plein jour,En agglomération,Intersection en X,Temps couvert,Deux véhicules - côté,,,,,,,,,,,1,2,2,8,3
200500005887,0005-01-31 17:15:00,5,1,31,17,15,930,5.0,"néant, PAUL CEZANNE (RUE",,,Plein jour,En agglomération,Intersection en X,Normale,Deux véhicules - côté,,,,,,,,,,,1,2,2,1,3
200500005888,0005-01-06 23:00:00,5,1,6,23,0,930,7.0,"0000, DE LA REPUBLIQUE (",,,Nuit avec éclairage allumé,En agglomération,Hors intersection,Normale,Deux véhicules - frontale,,,,,,,,,,,5,2,1,1,1
200500005889,0005-01-07 00:35:00,5,1,7,0,35,930,7.0,GAMBETTA (AVENUE),,,Nuit avec éclairage allumé,En agglomération,Intersection en X,Normale,Deux véhicules - frontale,,,,,,,,,,,5,2,2,1,1
200500005890,0005-01-09 00:55:00,5,1,9,0,55,930,7.0,8 MAI 45 (AVENUE DU 1 AU,,,Nuit avec éclairage allumé,En agglomération,Hors intersection,Normale,Trois véhicules et plus - en chaîne,,,,,,,,,,,5,2,1,1,4
200500005891,0005-01-18 08:35:00,5,1,18,8,35,930,7.0,"225, ARISTIDE BRIAND (AV",,,Plein jour,En agglomération,Intersection en T,Pluie forte,Autre collision,,,,,,,,,,,1,2,3,3,6
200500005892,0005-01-20 16:50:00,5,1,20,16,50,930,7.0,"21, GAMBETTA (AVENUE)",,,Plein jour,En agglomération,Hors intersection,Pluie légère,Deux véhicules - arrière,,,,,,,,,,,1,2,1,2,2
200500005893,0005-01-25 20:20:00,5,1,25,20,20,930,8.0,DIDEROT (RUE),,,Nuit avec éclairage allumé,En agglomération,Intersection en X,Normale,Autre collision,,,,,,,,,,,5,2,2,1,6
200500005894,0005-01-24 12:20:00,5,1,24,12,20,930,8.0,PICASSO (RUE PABLO),,,Plein jour,En agglomération,Hors intersection,Normale,Autre collision,,,,,,,,,,,1,2,1,1,6
200500005895,0005-01-04 17:45:00,5,1,4,17,45,930,57.0,PASTEUR (BD) 1 A 63,,,Nuit avec éclairage allumé,En agglomération,Intersection en X,Normale,Deux véhicules - côté,,,,,,,,,,,5,2,2,1,3
200500005896,0005-01-13 10:45:00,5,1,13,10,45,930,10.0,"10, BUISSON (AV. SUZANNE",,,Plein jour,En agglomération,Hors intersection,Normale,Sans collision,,,,,,,,,,,1,2,1,1,7
200500005897,0005-01-18 11:45:00,5,1,18,11,45,930,10.0,"15, GUESDES (RUE JULES)",,,Plein jour,En agglomération,Hors intersection,Pluie légère,Deux véhicules - côté,,,,,,,,,,,1,2,1,2,3
200500005898,0005-01-22 15:15:00,5,1,22,15,15,930,10.0,"70, GALLIENI (AV.) DE 1",,,Plein jour,En agglomération,Hors intersection,Normale,Deux véhicules - arrière,,,,,,,,,,,1,2,1,1,2
200500005899,0005-01-24 16:35:00,5,1,24,16,35,930,10.0,SAINT-LOUIS PROLONGE (RU,,,Plein jour,En agglomération,Intersection en X,Normale,Deux véhicules - côté,,,,,,,,,,,1,2,2,1,3
200500005900,0005-01-27 08:25:00,5,1,27,8,25,930,10.0,"30, GUESDES (RUE JULES)",,,Plein jour,En agglomération,Hors intersection,Normale,Deux véhicules - arrière,,,,,,,,,,,1,2,1,1,2
200500005901,0005-01-02 20:30:00,5,1,2,20,30,930,30.0,"212, HUIT-MAI-1945 (AVEN",,,Nuit avec éclairage allumé,En agglomération,Hors intersection,Pluie légère,Autre collision,,,,,,,,,,,5,2,1,2,6
200500005902,0005-01-06 13:20:00,5,1,6,13,20,930,29.0,AUGUSTE BLANQUI,,,Plein jour,En agglomération,Intersection en T,Normale,Autre collision,,,,,,,,,,,1,2,3,1,6
200500005903,0005-01-07 18:25:00,5,1,7,18,25,930,29.0,AUGUSTE BLANQUI,,,Nuit avec éclairage allumé,En agglomération,Intersection en X,Normale,Deux véhicules - côté,,,,,,,,,,,5,2,2,1,3
200500005904,0005-01-07 21:00:00,5,1,7,21,0,930,29.0,DIX NEUF MARS 1962 (PLAC,,,Nuit avec éclairage allumé,En agglomération,Intersection en X,Normale,Deux véhicules - frontale,,,,,,,,,,,5,2,2,1,1
200500005905,0005-01-08 09:10:00,5,1,8,9,10,930,29.0,"105, JEAN JAURES (AVENUE",,,Plein jour,En agglomération,Hors intersection,Normale,Deux véhicules - côté,,,,,,,,,,,1,2,1,1,3
200500005906,0005-01-19 09:00:00,5,1,19,9,0,930,29.0,"01, MORIN",,,Plein jour,En agglomération,Intersection en T,Normale,Autre collision,,,,,,,,,,,1,2,3,1,6
200500005907,0005-01-20 14:20:00,5,1,20,14,20,930,29.0,CHARLES GIDE,,,Plein jour,En agglomération,Intersection en T,Pluie légère,Autre collision,,,,,,,,,,,1,2,3,2,6
200500005908,0005-01-24 10:35:00,5,1,24,10,35,930,29.0,FAIDHERBE,,,Plein jour,En agglomération,Intersection en T,Normale,Autre collision,,,,,,,,,,,1,2,3,1,6
200500005909,0005-01-24 17:50:00,5,1,24,17,50,930,29.0,"125, ROGER SALENGRO N° 9",,,Plein jour,En agglomération,Hors intersection,Normale,Deux véhicules - arrière,,,,,,,,,,,1,2,1,1,2
200500005910,0005-01-24 20:30:00,5,1,24,20,30,930,29.0,"103, SADI CARNOT",,,Nuit avec éclairage allumé,En agglomération,Hors intersection,Normale,Deux véhicules - arrière,,,,,,,,,,,5,2,1,1,2
200500005911,0005-01-25 19:00:00,5,1,25,19,0,930,29.0,FAIDHERBE,,,Nuit avec éclairage allumé,En agglomération,Intersection en X,Normale,Deux véhicules - côté,,,,,,,,,,,5,2,2,1,3
200500005912,0005-01-25 19:20:00,5,1,25,19,20,930,29.0,ANATOLE FRANCE,,,Nuit avec éclairage allumé,En agglomération,Intersection en T,Normale,Deux véhicules - côté,,,,,,,,,,,5,2,3,1,3
200500005913,0005-01-11 08:30:00,5,1,11,8,30,930,31.0,PARIS (1 A 81),,,Plein jour,En agglomération,Intersection en T,Autre,Autre collision,,,,,,,,,,,1,2,3,9,6
200500005914,0005-01-18 08:45:00,5,1,18,8,45,930,31.0,RESISTANCE (PONT),,,Plein jour,En agglomération,Hors intersection,Pluie forte,Deux véhicules - arrière,,,,,,,,,,,1,2,1,3,2
200500005915,0005-01-19 09:40:00,5,1,19,9,40,930,79.0,", JEAN BAPTISTE CLEMENT",,,Plein jour,En agglomération,Hors intersection,Autre,Trois véhicules et plus - collisions multiples,,,,,,,,,,,1,2,1,9,5
200500005916,0005-01-25 07:15:00,5,1,25,7,15,930,31.0,"184, SAINT LEU N°>159",,,Crépuscule ou aube,En agglomération,Intersection en X,Pluie légère,Deux véhicules - côté,,,,,,,,,,,2,2,2,2,3
200500005917,0005-01-21 22:50:00,5,1,21,22,50,930,31.0,JOFFRE (AV),,,Nuit avec éclairage allumé,En agglomération,Intersection en X,Pluie légère,Autre collision,,,,,,,,,,,5,2,2,2,6
200500005918,0005-01-04 17:00:00,5,1,4,17,0,930,31.0,"40, QUETIGNY",,,Plein jour,En agglomération,Hors intersection,Normale,Autre collision,,,,,,,,,,,1,2,1,1,6
200500005919,0005-01-06 23:36:00,5,1,6,23,36,930,47.0,"96, EUROPE (BOULEVARD DE",,,Nuit avec éclairage allumé,En agglomération,Hors intersection,Normale,Autre collision,,,,,,,,,,,5,2,1,1,6
200500005920,0005-01-14 19:14:00,5,1,14,19,14,930,47.0,"0, JEAN JAURES (AVENUE)",,,Nuit avec éclairage allumé,En agglomération,Intersection en T,Normale,Deux véhicules - côté,,,,,,,,,,,5,2,3,1,3
200500005921,0005-01-15 16:00:00,5,1,15,16,0,930,47.0,GENERAL DE GAULLE (RUE D,,,Plein jour,En agglomération,Intersection en X,Normale,Deux véhicules - côté,,,,,,,,,,,1,2,2,1,3
200500005922,0005-01-20 15:00:00,5,1,20,15,0,930,32.0,"46, ARISTIDE BRIAND (RUE",,,Plein jour,En agglomération,Intersection en T,Normale,Deux véhicules - côté,,,,,,,,,,,1,2,3,1,3
200500005923,0005-01-24 13:15:00,5,1,24,13,15,930,47.0,BARGUE (BOULEVARD) (COTE,,,Plein jour,En agglomération,Intersection en T,Normale,Deux véhicules - côté,,,,,,,,,,,1,2,3,1,3
200500005924,0005-01-10 08:45:00,5,1,10,8,45,930,63.0,BARBUSSE HENRI BOULEVARD,,,Plein jour,En agglomération,Hors intersection,Normale,Autre collision,,,,,,,,,,,1,2,1,1,6
200500005925,0005-01-25 17:15:00,5,1,25,17,15,930,63.0,"26, VAILLANT-COUTURIER A",,,Crépuscule ou aube,En agglomération,Hors intersection,Temps couvert,Autre collision,,,,,,,,,,,2,2,1,8,6
200500005926,0005-01-27 20:10:00,5,1,27,20,10,930,63.0,METZ AVENUE DE,,,Nuit avec éclairage allumé,En agglomération,Autre intersection,Neige / grêle,Autre collision,,,,,,,,,,,5,2,9,4,6
200500005927,0005-01-28 13:15:00,5,1,28,13,15,930,6.0,"82, GAMBETTA AV.",,,Plein jour,En agglomération,Hors intersection,Pluie légère,Autre collision,,,,,,,,,,,1,2,1,2,6
200500005928,0005-01-22 21:40:00,5,1,22,21,40,930,6.0,GAMBETTA AV.,,,Nuit avec éclairage allumé,En agglomération,Hors intersection,Pluie légère,Deux véhicules - côté,,,,,,,,,,,5,2,1,2,3
200500005929,0005-01-03 06:10:00,5,1,3,6,10,930,46.0,GALILEE ALLEE,,,Nuit avec éclairage allumé,En agglomération,Giratoire,Normale,Deux véhicules - côté,,,,,,,,,,,5,2,6,1,3
200500005930,0005-01-05 14:40:00,5,1,5,14,40,930,46.0,"11, REPUBLIQUE AVENUE DE",,,Plein jour,En agglomération,Hors intersection,Temps couvert,Deux véhicules - côté,,,,,,,,,,,1,2,1,8,3
200500005931,0005-01-05 17:40:00,5,1,5,17,40,930,46.0,WINSTON CHURCHILL AVENUE,,,Nuit avec éclairage allumé,En agglomération,Intersection à plus de 4 branches,Pluie légère,Autre collision,,,,,,,,,,,5,2,5,2,6
200500005932,0005-01-09 14:05:00,5,1,9,14,5,930,46.0,PHILIPPE LEBON RUE,,,Plein jour,En agglomération,Intersection en X,Normale,Deux véhicules - côté,,,,,,,,,,,1,2,2,1,3
200500005933,0005-01-09 19:15:00,5,1,9,19,15,930,46.0,"1, CONSUL GENERAL NORDLI",,,Nuit avec éclairage allumé,En agglomération,Intersection en X,Pluie légère,Deux véhicules - côté,,,,,,,,,,,5,2,2,2,3
200500005934,0005-01-17 17:05:00,5,1,17,17,5,930,46.0,"13, KENNEDY AVENUE DU PR",,,Crépuscule ou aube,En agglomération,Hors intersection,Pluie légère,Deux véhicules - arrière,,,,,,,,,,,2,2,1,2,2
200500005935,0005-01-25 13:55:00,5,1,25,13,55,930,46.0,"05, MARX DORMOY BOULEVAR",,,Plein jour,En agglomération,Intersection en T,Normale,Autre collision,,,,,,,,,,,1,2,3,1,6
200500005936,0005-01-26 06:30:00,5,1,26,6,30,930,46.0,"NR, CAMILLE DESMOULINS A",,,Nuit avec éclairage allumé,En agglomération,Intersection en T,Normale,Autre collision,,,,,,,,,,,5,2,3,1,6
200500005937,0005-01-02 21:40:00,5,1,2,21,40,930,48.0,", SOLIDARITE (RUE DE LA)",,,Nuit avec éclairage allumé,En agglomération,Intersection en X,Normale,Deux véhicules - côté,,,,,,,,,,,5,2,2,1,3
200500005938,0005-01-04 19:25:00,5,1,4,19,25,930,48.0,"261, PARIS (RUE DE)",,,Nuit avec éclairage allumé,En agglomération,Hors intersection,Normale,Autre collision,,,,,,,,,,,5,2,1,1,6
200500005939,0005-01-05 08:10:00,5,1,5,8,10,930,48.0,"53, PIERRE DE MONTREUIL",,,Crépuscule ou aube,En agglomération,Hors intersection,Pluie légère,Autre collision,,,,,,,,,,,2,2,1,2,6
200500005940,0005-01-07 01:00:00,5,1,7,1,0,930,48.0,PARMENTIER (RUE),,,Nuit avec éclairage allumé,En agglomération,Intersection en X,Normale,Deux véhicules - côté,,,,,,,,,,,5,2,2,1,3
200500005941,0005-01-09 21:30:00,5,1,9,21,30,930,48.0,"210, ARISTIDE BRIAND (BO",,,Nuit avec éclairage allumé,En agglomération,Intersection en T,Normale,Deux véhicules - frontale,,,,,,,,,,,5,2,3,1,1
200500005942,0005-01-10 16:45:00,5,1,10,16,45,930,48.0,", RASPAIL (RUE)",,,Plein jour,En agglomération,Hors intersection,Normale,Autre collision,,,,,,,,,,,1,2,1,1,6
200500005943,0005-01-10 20:00:00,5,1,10,20,0,930,48.0,"40, PARIS (RUE DE)",,,Nuit avec éclairage allumé,En agglomération,Intersection en X,Pluie légère,Autre collision,,,,,,,,,,,5,2,2,2,6
200500005944,0005-01-14 08:40:00,5,1,14,8,40,930,48.0,"92, PRESIDENT WILSON (AV",,,Plein jour,En agglomération,Hors intersection,Temps couvert,Deux véhicules - côté,,,,,,,,,,,1,2,1,8,3
200500005945,0005-01-19 13:30:00,5,1,19,13,30,930,48.0,"00, ROUGET DE L'ISLE (BO",,,Plein jour,En agglomération,Hors intersection,Normale,Autre collision,,,,,,,,,,,1,2,1,1,6
200500005946,0005-01-19 15:42:00,5,1,19,15,42,930,48.0,"21, EMILE ZOLA (RUE)",,,Plein jour,En agglomération,Hors intersection,Normale,Autre collision,,,,,,,,,,,1,2,1,1,6
200500005947,0005-01-22 18:30:00,5,1,22,18,30,930,48.0,"24, PARIS (RUE DE)",,,Nuit avec éclairage allumé,En agglomération,Hors intersection,Normale,Autre collision,,,,,,,,,,,5,2,1,1,6
200500005948,0005-01-22 18:15:00,5,1,22,18,15,930,48.0,"88, SUZANNE MARTORELL (A",,,Nuit avec éclairage allumé,En agglomération,Hors intersection,Normale,Autre collision,,,,,,,,,,,5,2,1,1,6
200500005949,0005-01-23 14:20:00,5,1,23,14,20,930,48.0,"38, ERNEST RENAN (AVENUE",,,Plein jour,En agglomération,Hors intersection,Normale,Autre collision,,,,,,,,,,,1,2,1,1,6
200500005950,0005-01-13 17:10:00,5,1,13,17,10,930,50.0,PAUL ET CAMILLE THOMOUX,,,Plein jour,En agglomération,Intersection à plus de 4 branches,Normale,Deux véhicules - frontale,,,,,,,,,,,1,2,5,1,1
200500005951,0005-01-13 19:20:00,5,1,13,19,20,930,50.0,FERDINAND BUISSON (RUE),,,Nuit avec éclairage allumé,En agglomération,Hors intersection,Normale,Deux véhicules - frontale,,,,,,,,,,,5,2,1,1,1
200500005952,0005-01-18 17:25:00,5,1,18,17,25,930,50.0,"01, DAUPHINE (PLACE)",,,Nuit avec éclairage allumé,En agglomération,Intersection en X,Pluie légère,Autre collision,,,,,,,,,,,5,2,2,2,6
200500005953,0005-01-17 12:15:00,5,1,17,12,15,930,50.0,", LOUIS ARMAND (RUE)",,,Plein jour,En agglomération,Hors intersection,Normale,Trois véhicules et plus - collisions multiples,,,,,,,,,,,1,2,1,1,5
200500005954,0005-01-26 01:30:00,5,1,26,1,30,930,50.0,"30, VILLEMOMBLE (ROUTE)",,,Nuit avec éclairage allumé,En agglomération,Hors intersection,Normale,Autre collision,,,,,,,,,,,5,2,1,1,6
200500005955,0005-01-02 17:35:00,5,1,2,17,35,930,51.0,EMILE COSSONNEAU (AVE),,,Nuit avec éclairage allumé,En agglomération,Intersection à plus de 4 branches,Normale,Deux véhicules - côté,,,,,,,,,,,5,2,5,1,3
200500005956,0005-01-05 16:45:00,5,1,5,16,45,930,51.0,MONT D'EST (BD),,,Plein jour,En agglomération,Hors intersection,Normale,Autre collision,,,,,,,,,,,1,2,1,1,6
200500005957,0005-01-07 11:00:00,5,1,7,11,0,930,51.0,ARISTIDE BRIAND (AVENUE),,,Plein jour,En agglomération,Hors intersection,Normale,Autre collision,,,,,,,,,,,1,2,1,1,6
200500005958,0005-01-08 11:45:00,5,1,8,11,45,930,33.0,ARISTIDE BRIAND,,,Plein jour,En agglomération,Intersection en X,Pluie légère,Deux véhicules - côté,,,,,,,,,,,1,2,2,2,3
200500005959,0005-01-10 08:25:00,5,1,10,8,25,930,51.0,PAVE NEUF (AVENUE),,,Plein jour,En agglomération,Hors intersection,Normale,Deux véhicules - côté,,,,,,,,,,,1,2,1,1,3
200500005960,0005-01-19 12:50:00,5,1,19,12,50,930,51.0,BUTTE VERTE,,,Plein jour,En agglomération,Hors intersection,Normale,Autre collision,,,,,,,,,,,1,2,1,1,6
200500005961,0005-01-24 08:30:00,5,1,24,8,30,930,51.0,"27, NEUILLY (ROUTE)",,,Plein jour,En agglomération,Hors intersection,Pluie légère,Deux véhicules - arrière,,,,,,,,,,,1,2,1,2,2
200500005962,0005-01-24 19:15:00,5,1,24,19,15,930,51.0,"13, STALINGRAD",,,Nuit avec éclairage allumé,En agglomération,Hors intersection,Temps couvert,Autre collision,,,,,,,,,,,5,2,1,8,6