accident_id,datetime,annee,mois,jour,heure,minute,departement,commune_insee,adresse,latitude,longitude,luminosite,agglomeration,intersection,meteo,collision,nb_vehicules,nb_usagers,nb_indemnes,nb_tues,nb_blesses_hosp,nb_blesses_legers,age_cond_1,age_cond_2,veh_type_cond_1,veh_type_cond_2,lum_code,agg_code,int_code,atm_code,col_code
200500005963,0005-01-27 18:30:00,5,1,27,18,30,930,51.0,PAUL PAMBRUN (BOULEVARD),,,Nuit avec éclairage allumé,En agglomération,Hors intersection,Neige / grêle,Autre collision,,,,,,,,,,,5,2,1,4,6
200500005964,0005-01-12 17:20:00,5,1,12,17,20,930,53.0,"10, DIX HUIT AVRIL 1944",,,Plein jour,En agglomération,Hors intersection,Normale,Autre collision,,,,,,,,,,,1,2,1,1,6
200500005965,0005-01-15 13:00:00,5,1,15,13,0,930,53.0,"200, PARIS (RUE DE)",,,Plein jour,En agglomération,Hors intersection,Normale,Deux véhicules - côté,,,,,,,,,,,1,2,1,1,3
200500005966,0005-01-15 18:50:00,5,1,15,18,50,930,53.0,"1, ANATOLE FRANCE (RUE)",,,Nuit avec éclairage allumé,En agglomération,Hors intersection,Normale,Deux véhicules - côté,,,,,,,,,,,5,2,1,1,3
200500005967,0005-01-15 16:00:00,5,1,15,16,0,930,53.0,"39, ROSNY (AVENUE DE) N°",,,Plein jour,En agglomération,Hors intersection,Normale,Deux véhicules - côté,,,,,,,,,,,1,2,1,1,3
200500005968,0005-01-20 16:30:00,5,1,20,16,30,930,53.0,"1, GAGNY (AVENUE DE)",,,Plein jour,En agglomération,Hors intersection,Pluie légère,Deux véhicules - arrière,,,,,,,,,,,1,2,1,2,2
200500005969,0005-01-26 16:00:00,5,1,26,16,0,930,53.0,ANATOLE FRANCE (RUE),,,Plein jour,En agglomération,Hors intersection,Temps couvert,Autre collision,,,,,,,,,,,1,2,1,8,6
200500005970,0005-01-10 01:00:00,5,1,10,1,0,930,55.0,"144, JEAN JAURES (AVENUE",,,Plein jour,En agglomération,Hors intersection,Normale,Deux véhicules - côté,,,,,,,,,,,1,2,1,1,3
200500005971,0005-01-10 18:10:00,5,1,10,18,10,930,55.0,"149, JEAN LOLIVE (AVENUE",,,Crépuscule ou aube,En agglomération,Hors intersection,Normale,Autre collision,,,,,,,,,,,2,2,1,1,6
200500005972,0005-01-04 21:00:00,5,1,4,21,0,930,14.0,"59, CHAPELLE (ALLEE DE L",,,Nuit avec éclairage allumé,En agglomération,Hors intersection,Normale,Deux véhicules - côté,,,,,,,,,,,5,2,1,1,3
200500005973,0005-01-06 19:45:00,5,1,6,19,45,930,14.0,GAGARINE (BOULEVARD) F.L,,,Nuit avec éclairage allumé,En agglomération,Hors intersection,Normale,Deux véhicules - côté,,,,,,,,,,,5,2,1,1,3
200500005974,0005-01-07 10:55:00,5,1,7,10,55,930,62.0,", PLATEAU (ALLEE DU)",,,Plein jour,En agglomération,Intersection en X,Temps couvert,Autre collision,,,,,,,,,,,1,2,2,8,6
200500005975,0005-01-13 16:55:00,5,1,13,16,55,930,14.0,"05, VEUVE LINDET GIRARD",,,Plein jour,En agglomération,Hors intersection,Normale,Deux véhicules - côté,,,,,,,,,,,1,2,1,1,3
200500005976,0005-01-10 18:30:00,5,1,10,18,30,930,62.0,NICOLAS CARNOT (ALLEE),,,Nuit avec éclairage allumé,En agglomération,Intersection en X,Temps couvert,Autre collision,,,,,,,,,,,5,2,2,8,6
200500005977,0005-01-25 07:50:00,5,1,25,7,50,930,14.0,"33, VEUVE LINDET GIRARD",,,Nuit avec éclairage allumé,En agglomération,Hors intersection,Normale,Autre collision,,,,,,,,,,,5,2,1,1,6
200500005978,0005-01-25 08:50:00,5,1,25,8,50,930,14.0,"02, EMILE ZOLA (BOULEVAR",,,Plein jour,En agglomération,Intersection en T,Normale,Deux véhicules - côté,,,,,,,,,,,1,2,3,1,3
200500005979,0005-01-28 07:50:00,5,1,28,7,50,930,14.0,"0, STRATEGIQUE (ROUTE)",,,Plein jour,En agglomération,Hors intersection,Normale,Deux véhicules - frontale,,,,,,,,,,,1,2,1,1,1
200500005980,0005-01-28 09:22:00,5,1,28,9,22,930,62.0,"32, RESISTANCE (AVENUE D",,,Plein jour,En agglomération,Hors intersection,Pluie légère,Deux véhicules - arrière,,,,,,,,,,,1,2,1,2,2
200500005981,0005-01-29 16:15:00,5,1,29,16,15,930,62.0,"116, RESISTANCE (AVENUE",,,Plein jour,En agglomération,Hors intersection,Normale,Autre collision,,,,,,,,,,,1,2,1,1,6
200500005982,0005-01-30 13:05:00,5,1,30,13,5,930,14.0,"1, STRATEGIQUE (ROUTE)",,,Plein jour,En agglomération,Hors intersection,Pluie légère,Autre collision,,,,,,,,,,,1,2,1,2,6
200500005983,0005-01-07 15:15:00,5,1,7,15,15,930,64.0,"95, ALSACE-LORRAINE (BOU",,,Plein jour,En agglomération,Hors intersection,Normale,Autre collision,,,,,,,,,,,1,2,1,1,6
200500005984,0005-01-10 20:00:00,5,1,10,20,0,930,77.0,"25, ROSES (AVENUE DES)",,,Nuit avec éclairage allumé,En agglomération,Intersection en T,Normale,Deux véhicules - côté,,,,,,,,,,,5,2,3,1,3
200500005985,0005-01-17 08:00:00,5,1,17,8,0,930,77.0,"33, DEUX COMMUNES (AVENU",,,Crépuscule ou aube,En agglomération,Hors intersection,Normale,Sans collision,,,,,,,,,,,2,2,1,1,7
200500005986,0005-01-28 14:00:00,5,1,28,14,0,930,64.0,BLUM (RUE LEON),,,Plein jour,En agglomération,Intersection en X,Normale,Deux véhicules - côté,,,,,,,,,,,1,2,2,1,3
200500005987,0005-01-29 18:30:00,5,1,29,18,30,930,64.0,ALSACE-LORRAINE (BOULEVA,,,Nuit avec éclairage allumé,En agglomération,Intersection en X,Normale,Deux véhicules - côté,,,,,,,,,,,5,2,2,1,3
200500005988,0005-01-31 16:00:00,5,1,31,16,0,930,64.0,"42, RHIN (RUE DU)",,,Plein jour,En agglomération,Intersection en X,Temps couvert,Autre collision,,,,,,,,,,,1,2,2,8,6
200500005989,0005-01-05 22:05:00,5,1,5,22,5,930,66.0,"153, FRANCE ANATOLE (BOU",,,Nuit avec éclairage allumé,En agglomération,Hors intersection,Pluie légère,Deux véhicules - arrière,,,,,,,,,,,5,2,1,2,2
200500005990,0005-01-06 21:30:00,5,1,6,21,30,930,66.0,WILSON (AVENUE DU PRESID,,,Nuit avec éclairage allumé,En agglomération,Intersection en T,Normale,Deux véhicules - côté,,,,,,,,,,,5,2,3,1,3
200500005991,0005-01-08 21:45:00,5,1,8,21,45,930,66.0,GENERAL LECLERC (PLACE),,,Nuit avec éclairage allumé,En agglomération,Intersection en X,Normale,Deux véhicules - côté,,,,,,,,,,,5,2,2,1,3
200500005992,0005-01-11 19:20:00,5,1,11,19,20,930,66.0,"00, WILSON (AVENUE DU PR",,,Nuit avec éclairage allumé,En agglomération,Intersection en X,Pluie légère,Deux véhicules - côté,,,,,,,,,,,5,2,2,2,3
200500005993,0005-01-12 13:05:00,5,1,12,13,5,930,66.0,PORT,,,Plein jour,En agglomération,Intersection en X,Normale,Autre collision,,,,,,,,,,,1,2,2,1,6
200500005994,0005-01-13 10:05:00,5,1,13,10,5,930,66.0,JEANNE D'ARC,,,Plein jour,En agglomération,Intersection en T,Normale,Deux véhicules - côté,,,,,,,,,,,1,2,3,1,3
200500005995,0005-01-13 11:40:00,5,1,13,11,40,930,66.0,LENINE (AVENUE) NR 28 A,,,Plein jour,En agglomération,Hors intersection,Normale,Deux véhicules - côté,,,,,,,,,,,1,2,1,1,3
200500005996,0005-01-15 17:05:00,5,1,15,17,5,930,66.0,PORT,,,Plein jour,En agglomération,Place,Normale,Autre collision,,,,,,,,,,,1,2,7,1,6
200500005997,0005-01-17 08:55:00,5,1,17,8,55,930,39.0,"04, MARINE (QUAI DE LA )",,,Plein jour,En agglomération,Hors intersection,Pluie légère,Autre collision,,,,,,,,,,,1,2,1,2,6
200500005998,0005-01-18 16:00:00,5,1,18,16,0,930,66.0,"60, ""SEMBAT MARCEL (BD),",,,Plein jour,En agglomération,Intersection en T,Normale,Deux véhicules - côté,,,,,,,,,,,1,2,3,1,3
200500005999,0005-01-18 19:10:00,5,1,18,19,10,930,39.0,"19, CITE MARCEL PAUL",,,Nuit avec éclairage allumé,En agglomération,Hors intersection,Pluie légère,Deux véhicules - frontale,,,,,,,,,,,5,2,1,2,1
200500006000,0005-01-20 21:00:00,5,1,20,21,0,930,66.0,", CACHIN MARCEL (AVENUE)",,,Nuit avec éclairage allumé,En agglomération,Intersection en X,Normale,Deux véhicules - côté,,,,,,,,,,,5,2,2,1,3
200500006001,0005-01-27 01:00:00,5,1,27,1,0,930,66.0,WILSON (AVENUE DU PRESID,,,Nuit avec éclairage allumé,En agglomération,Intersection en Y,Temps couvert,Deux véhicules - arrière,,,,,,,,,,,5,2,4,8,2
200500006002,0005-01-31 19:40:00,5,1,31,19,40,930,66.0,"""STALINGRAD (AVENUE), NR",,,Nuit avec éclairage allumé,En agglomération,Hors intersection,Normale,Autre collision,,,,,,,,,,,5,2,1,1,6
200500006003,0005-01-07 08:45:00,5,1,7,8,45,930,70.0,"5, MARITON(RUE)",,,Plein jour,En agglomération,Hors intersection,Normale,Autre collision,,,,,,,,,,,1,2,1,1,6
200500006004,0005-01-10 11:30:00,5,1,10,11,30,930,70.0,"1, ALBERT-DHALENNE (RUE)",,,Plein jour,En agglomération,Giratoire,Normale,Deux véhicules - côté,,,,,,,,,,,1,2,6,1,3
200500006005,0005-01-11 08:40:00,5,1,11,8,40,930,70.0,"104, MICHELET (AVE) : DU",,,Plein jour,En agglomération,Intersection en X,Pluie légère,Autre collision,,,,,,,,,,,1,2,2,2,6
200500006006,0005-01-12 16:15:00,5,1,12,16,15,930,70.0,"65, DOCTEUR BAUER(RUE DU",,,Plein jour,En agglomération,Hors intersection,Normale,Autre collision,,,,,,,,,,,1,2,1,1,6
200500006007,0005-01-16 11:55:00,5,1,16,11,55,930,70.0,GABRIEL-PERI (AV),,,Plein jour,En agglomération,Hors intersection,Normale,Autre collision,,,,,,,,,,,1,2,1,1,6
200500006008,0005-01-18 19:03:00,5,1,18,19,3,930,70.0,"137, 19 MARS 1962 (PL DU",,,Nuit avec éclairage allumé,En agglomération,Autre intersection,Pluie forte,Deux véhicules - côté,,,,,,,,,,,5,2,9,3,3
200500006009,0005-01-21 18:45:00,5,1,21,18,45,930,70.0,"70, DOCTEUR BAUER(RUE DU",,,Nuit avec éclairage allumé,En agglomération,Hors intersection,Normale,Autre collision,,,,,,,,,,,5,2,1,1,6
200500006010,0005-01-25 09:45:00,5,1,25,9,45,930,70.0,"98 bis, ARDOIN(RUE)",,,Plein jour,En agglomération,Hors intersection,Normale,Deux véhicules - côté,,,,,,,,,,,1,2,1,1,3
200500006011,0005-01-26 13:10:00,5,1,26,13,10,930,70.0,"6, CAPITAINE GLARNER (PL",,,Plein jour,En agglomération,Hors intersection,Normale,Deux véhicules - côté,,,,,,,,,,,1,2,1,1,3
200500006012,0005-01-26 17:00:00,5,1,26,17,0,930,70.0,JEAN-JAURES (BD),,,Plein jour,En agglomération,Intersection en X,Normale,Autre collision,,,,,,,,,,,1,2,2,1,6
200500006013,0005-01-28 07:10:00,5,1,28,7,10,930,70.0,DOCTEUR BAUER(RUE DU) :N,,,Crépuscule ou aube,En agglomération,Hors intersection,Pluie légère,Deux véhicules - côté,,,,,,,,,,,2,2,1,2,3
200500006014,0005-01-30 17:40:00,5,1,30,17,40,930,70.0,"51, SEINE (QUAI DE)",,,Nuit avec éclairage allumé,En agglomération,Hors intersection,Pluie légère,Trois véhicules et plus - collisions multiples,,,,,,,,,,,5,2,1,2,5
200500006015,0005-01-31 17:05:00,5,1,31,17,5,930,70.0,"10, REPUBLIQUE (PL DE LA",,,Plein jour,En agglomération,Hors intersection,Normale,Autre collision,,,,,,,,,,,1,2,1,1,6
200500006016,0005-01-08 03:55:00,5,1,8,3,55,930,71.0,JOHN F. KENNEDY (AVENUE),,,Nuit avec éclairage allumé,En agglomération,Hors intersection,Normale,Autre collision,,,,,,,,,,,5,2,1,1,6
200500006017,0005-01-12 13:45:00,5,1,12,13,45,930,71.0,"neant, DE LATTRE DE TASS",,,Plein jour,En agglomération,Intersection en X,Normale,Deux véhicules - côté,,,,,,,,,,,1,2,2,1,3
200500006018,0005-01-05 12:20:00,5,1,5,12,20,930,71.0,"00, MARTIN LUTHER KING (",,,Plein jour,En agglomération,Giratoire,Pluie légère,Autre collision,,,,,,,,,,,1,2,6,2,6
200500006019,0005-01-04 08:45:00,5,1,4,8,45,930,73.0,FERRY (RUE JULES),,,Plein jour,En agglomération,Hors intersection,Normale,Autre collision,,,,,,,,,,,1,2,1,1,6
200500006020,0005-01-06 17:15:00,5,1,6,17,15,930,78.0,"120-124, BALLANGER (BD R",,,Plein jour,En agglomération,Hors intersection,Normale,Deux véhicules - côté,,,,,,,,,,,1,2,1,1,3
200500006021,0005-01-10 16:05:00,5,1,10,16,5,930,78.0,"159, BALLANGER (BD ROBER",,,Plein jour,En agglomération,Hors intersection,Normale,Sans collision,,,,,,,,,,,1,2,1,1,7
200500006022,0005-01-10 20:16:00,5,1,10,20,16,930,78.0,BREGUET (ALLEE LOUIS),,,Nuit avec éclairage allumé,En agglomération,Intersection en T,Pluie légère,Deux véhicules - frontale,,,,,,,,,,,5,2,3,2,1
200500006023,0005-01-11 09:00:00,5,1,11,9,0,930,78.0,", CLEMENCEAU (AVENUE GEO",,,Plein jour,En agglomération,Hors intersection,Temps couvert,Deux véhicules - côté,,,,,,,,,,,1,2,1,8,3
200500006024,0005-01-17 16:10:00,5,1,17,16,10,930,78.0,FAUVETTES (AVENE DES),,,Plein jour,En agglomération,Intersection en X,Pluie légère,Autre collision,,,,,,,,,,,1,2,2,2,6
200500006025,0005-01-17 20:00:00,5,1,17,20,0,930,78.0,DAUBENTON (AVENUE),,,Nuit avec éclairage allumé,En agglomération,Intersection en X,Pluie légère,Deux véhicules - côté,,,,,,,,,,,5,2,2,2,3
200500006026,0005-01-19 13:35:00,5,1,19,13,35,930,78.0,CLEMENCEAU (AVENUE GEORG,,,Plein jour,En agglomération,Intersection en X,Normale,Deux véhicules - côté,,,,,,,,,,,1,2,2,1,3
200500006027,0005-01-20 19:20:00,5,1,20,19,20,930,78.0,BALLANGER (BD ROBERT),,,Nuit avec éclairage allumé,En agglomération,Hors intersection,Pluie légère,Autre collision,,,,,,,,,,,5,2,1,2,6
200500006028,0005-01-24 18:15:00,5,1,24,18,15,930,73.0,PLAINE DE FRANCE (AVENUE,,,Nuit avec éclairage allumé,En agglomération,Autre intersection,Normale,Deux véhicules - côté,,,,,,,,,,,5,2,9,1,3
200500006029,0005-01-31 09:35:00,5,1,31,9,35,930,73.0,SARRAULT (AVENUE ALBERT),,,Plein jour,En agglomération,Intersection en X,Temps couvert,Deux véhicules - côté,,,,,,,,,,,1,2,2,8,3
200500006030,0005-01-04 17:50:00,5,1,4,17,50,940,2.0,"22, JEAN BAPTISTE CLEMEN",,,Nuit avec éclairage allumé,En agglomération,Hors intersection,Normale,Autre collision,,,,,,,,,,,5,2,1,1,6
200500006031,0005-01-11 20:30:00,5,1,11,20,30,940,2.0,VERON (R),,,Nuit sans éclairage public,En agglomération,Intersection en X,Normale,Deux véhicules - côté,,,,,,,,,,,3,2,2,1,3
200500006032,0005-01-18 12:40:00,5,1,18,12,40,940,2.0,"0, CARNOT (BD)",,,Plein jour,En agglomération,Intersection en T,Pluie légère,Autre collision,,,,,,,,,,,1,2,3,2,6
200500006033,0005-01-05 16:55:00,5,1,5,16,55,940,75.0,"2, MANDRES (R DE)",,,Plein jour,En agglomération,Hors intersection,Normale,Autre collision,,,,,,,,,,,1,2,1,1,6
200500006034,0005-01-02 21:00:00,5,1,2,21,0,940,71.0,"153, BOISSY (R DE)",,,Nuit avec éclairage allumé,En agglomération,Hors intersection,Normale,Deux véhicules - côté,,,,,,,,,,,5,2,1,1,3
200500006035,0005-01-01 05:45:00,5,1,1,5,45,940,70.0,PARIS (RTE DE),,,Nuit sans éclairage public,En agglomération,Hors intersection,Temps couvert,Trois véhicules et plus - collisions multiples,,,,,,,,,,,3,2,1,8,5
200500006036,0005-01-08 18:10:00,5,1,8,18,10,940,71.0,"15, PARIS (R DE)",,,Crépuscule ou aube,En agglomération,Hors intersection,Normale,Deux véhicules - frontale,,,,,,,,,,,2,2,1,1,1
200500006037,0005-01-11 18:20:00,5,1,11,18,20,940,70.0,"31, GENERAL LECLERC (AV",,,Nuit avec éclairage allumé,En agglomération,Hors intersection,Temps couvert,Autre collision,,,,,,,,,,,5,2,1,8,6
200500006038,0005-01-17 20:00:00,5,1,17,20,0,940,75.0,"0, GENERAL LECLERC (R DU",,,Crépuscule ou aube,En agglomération,Autre intersection,Pluie légère,Deux véhicules - arrière,,,,,,,,,,,2,2,9,2,2
200500006039,0005-01-19 08:45:00,5,1,19,8,45,940,75.0,"40, YERRES (R D)",,,Plein jour,En agglomération,Hors intersection,Normale,Deux véhicules - frontale,,,,,,,,,,,1,2,1,1,1
200500006040,0005-01-19 09:30:00,5,1,19,9,30,940,44.0,DESCARTES (AV),,,Crépuscule ou aube,En agglomération,Hors intersection,Pluie légère,Autre collision,,,,,,,,,,,2,2,1,2,6
200500006041,0005-01-19 10:30:00,5,1,19,10,30,940,70.0,"0, GENERAL LECLERC (AV D",,,Plein jour,En agglomération,Intersection en X,Normale,Deux véhicules - côté,,,,,,,,,,,1,2,2,1,3
200500006042,0005-01-23 17:15:00,5,1,23,17,15,940,70.0,PARIS (RTE DE),,,Plein jour,En agglomération,Hors intersection,Normale,Sans collision,,,,,,,,,,,1,2,1,1,7
200500006043,0005-01-26 14:00:00,5,1,26,14,0,940,71.0,"85, GENERAL LECLERC (R D",,,Plein jour,En agglomération,Autre intersection,Normale,Trois véhicules et plus - en chaîne,,,,,,,,,,,1,2,9,1,4
200500006044,0005-01-27 16:35:00,5,1,27,16,35,940,44.0,"0, GENERAL LECLERC (AV D",,,Plein jour,En agglomération,Hors intersection,Normale,Deux véhicules - arrière,,,,,,,,,,,1,2,1,1,2
200500006045,0005-01-04 19:45:00,5,1,4,19,45,940,75.0,"11 bis, GRANGE (RTE DE L",,,Nuit avec éclairage allumé,En agglomération,Place,Normale,Deux véhicules - côté,,,,,,,,,,,5,2,7,1,3
200500006046,0005-01-11 14:30:00,5,1,11,14,30,940,17.0,LENINE (PL),,,Plein jour,En agglomération,Hors intersection,Temps couvert,Autre collision,,,,,,,,,,,1,2,1,8,6
200500006047,0005-01-12 09:10:00,5,1,12,9,10,940,17.0,AMBROISE CROIZAT (AV),,,Plein jour,En agglomération,Intersection en X,Pluie légère,Autre collision,,,,,,,,,,,1,2,2,2,6
200500006048,0005-01-14 21:30:00,5,1,14,21,30,940,17.0,LOUIS TALAMONI (R),,,Nuit avec éclairage allumé,En agglomération,Intersection en X,Normale,Deux véhicules - côté,,,,,,,,,,,5,2,2,1,3
200500006049,0005-01-22 12:10:00,5,1,22,12,10,940,17.0,"71, LOUIS TALAMONI (R)",,,Plein jour,En agglomération,Intersection en T,Normale,Autre collision,,,,,,,,,,,1,2,3,1,6
200500006050,0005-01-31 07:00:00,5,1,31,7,0,940,17.0,"72, ALEXANDRE FOURNY (R)",,,Nuit avec éclairage allumé,En agglomération,Hors intersection,Pluie légère,Autre collision,,,,,,,,,,,5,2,1,2,6
200500006051,0005-01-11 19:45:00,5,1,11,19,45,940,18.0,"107, GRAVELLE (AV DE)",,,Nuit avec éclairage allumé,En agglomération,Hors intersection,Normale,Deux véhicules - côté,,,,,,,,,,,5,2,1,1,3
200500006052,0005-01-05 09:45:00,5,1,5,9,45,940,18.0,"147, PARIS (R DE)",,,Plein jour,En agglomération,Hors intersection,Pluie forte,Deux véhicules - côté,,,,,,,,,,,1,2,1,3,3
200500006053,0005-01-30 01:40:00,5,1,30,1,40,940,18.0,", EGLISE (PL DE L)",,,Nuit avec éclairage allumé,En agglomération,Intersection en X,Normale,Deux véhicules - côté,,,,,,,,,,,5,2,2,1,3
200500006054,0005-01-16 18:00:00,5,1,16,18,0,940,60.0,"71, GENERAL DE GAULLE (R",,,Nuit avec éclairage allumé,En agglomération,Hors intersection,Normale,Deux véhicules - côté,,,,,,,,,,,5,2,1,1,3
200500006055,0005-01-18 08:20:00,5,1,18,8,20,940,19.0,"10, PLESSIS (RTE DU)",,,Plein jour,En agglomération,Hors intersection,Temps couvert,Sans collision,,,,,,,,,,,1,2,1,8,7
200500006056,0005-01-17 13:55:00,5,1,17,13,55,940,60.0,NOISEAU (RTE DE),,,Plein jour,En agglomération,Intersection en T,Pluie légère,Deux véhicules - côté,,,,,,,,,,,1,2,3,2,3
200500006057,0005-01-19 15:50:00,5,1,19,15,50,940,19.0,"75, LIBERATION (RTE DE L",,,Plein jour,En agglomération,Hors intersection,Pluie légère,Sans collision,,,,,,,,,,,1,2,1,2,7
200500006058,0005-01-20 12:20:00,5,1,20,12,20,940,79.0,ARISTIDE BRIAND (BD),,,Plein jour,En agglomération,Intersection en T,Temps couvert,Deux véhicules - côté,,,,,,,,,,,1,2,3,8,3
200500006059,0005-01-26 11:50:00,5,1,26,11,50,940,60.0,JEAN JAURES (R),,,Plein jour,En agglomération,Intersection en T,Normale,Deux véhicules - frontale,,,,,,,,,,,1,2,3,1,1
200500006060,0005-01-27 15:45:00,5,1,27,15,45,940,59.0,MAURICE BERTEAUX (AV),,,Plein jour,En agglomération,Intersection en X,Normale,Deux véhicules - côté,,,,,,,,,,,1,2,2,1,3
200500006061,0005-01-29 09:30:00,5,1,29,9,30,940,55.0,PINCE VENT (AV DE),,,Plein jour,En agglomération,Intersection en T,Normale,Deux véhicules - côté,,,,,,,,,,,1,2,3,1,3
200500006062,0005-01-07 14:20:00,5,1,7,14,20,940,54.0,"2, CLAUDE BERNARD (SQ)",,,Plein jour,En agglomération,Intersection en X,Normale,Deux véhicules - côté,,,,,,,,,,,1,2,2,1,3
200500006063,0005-01-12 10:35:00,5,1,12,10,35,940,22.0,VICTOR HUGO (AV),,,Plein jour,En agglomération,Intersection en T,Normale,Deux véhicules - côté,,,,,,,,,,,1,2,3,1,3
200500006064,0005-01-14 09:25:00,5,1,14,9,25,940,22.0,JEAN JAURES (R),,,Plein jour,En agglomération,Hors intersection,Normale,Autre collision,,,,,,,,,,,1,2,1,1,6
200500006065,0005-01-28 16:30:00,5,1,28,16,30,940,22.0,"09, JEAN JAURES (R)",,,Plein jour,En agglomération,Hors intersection,Temps couvert,Autre collision,,,,,,,,,,,1,2,1,8,6
200500006066,0005-01-23 11:05:00,5,1,23,11,5,940,73.0,"0, STALINGRAD - CAR DES",,,Plein jour,En agglomération,Hors intersection,Normale,Autre collision,,,,,,,,,,,1,2,1,1,6
200500006067,0005-01-25 23:30:00,5,1,25,23,30,940,73.0,"0, VERSAILLES (AV DE)",,,Nuit avec éclairage allumé,En agglomération,Hors intersection,Autre,Autre collision,,,,,,,,,,,5,2,1,9,6
200500006068,0005-01-02 20:40:00,5,1,2,20,40,940,28.0,"0, TASSIGNY(AVE DU MAREC",,,Nuit avec éclairage allumé,En agglomération,Intersection en X,Normale,Autre collision,,,,,,,,,,,5,2,2,1,6
200500006069,0005-01-03 13:30:00,5,1,3,13,30,940,28.0,"0, PASTEUR VALERY RADOT(",,,Plein jour,En agglomération,Hors intersection,Normale,Autre collision,,,,,,,,,,,1,2,1,1,6
200500006070,0005-01-03 15:45:00,5,1,3,15,45,940,28.0,"0, VERDUN.(AVENUE DE)",,,Plein jour,En agglomération,Hors intersection,Normale,Trois véhicules et plus - collisions multiples,,,,,,,,,,,1,2,1,1,5
200500006071,0005-01-03 19:40:00,5,1,3,19,40,940,28.0,"7, PARIS.(RUE DE)",,,Nuit avec éclairage allumé,En agglomération,Hors intersection,Normale,Autre collision,,,,,,,,,,,5,2,1,1,6
200500006072,0005-01-04 12:10:00,5,1,4,12,10,940,28.0,"0, SAINT-SIMON.(RUE ET V",,,Plein jour,En agglomération,Hors intersection,Normale,Autre collision,,,,,,,,,,,1,2,1,1,6
200500006073,0005-01-05 09:30:00,5,1,5,9,30,940,28.0,"0, PETITES HAYES.(AVENUE",,,Plein jour,En agglomération,Hors intersection,Normale,Deux véhicules - arrière,,,,,,,,,,,1,2,1,1,2
200500006074,0005-01-06 08:10:00,5,1,6,8,10,940,28.0,NEUVE(RUE),,,Nuit avec éclairage allumé,En agglomération,Intersection en X,Normale,Deux véhicules - côté,,,,,,,,,,,5,2,2,1,3
200500006075,0005-01-06 07:40:00,5,1,6,7,40,940,28.0,"96, TASSIGNY(AVE DU MARE",,,Nuit avec éclairage allumé,En agglomération,Hors intersection,Pluie légère,Sans collision,,,,,,,,,,,5,2,1,2,7
200500006076,0005-01-10 16:25:00,5,1,10,16,25,940,28.0,SAVAR.(RUE JULIETTE),,,Plein jour,En agglomération,Autre intersection,Normale,Trois véhicules et plus - en chaîne,,,,,,,,,,,1,2,9,1,4
200500006077,0005-01-12 17:05:00,5,1,12,17,5,940,28.0,ECOLES.(RUE DES),,,Plein jour,En agglomération,Hors intersection,Normale,Autre collision,,,,,,,,,,,1,2,1,1,6
200500006078,0005-01-04 16:45:00,5,1,4,16,45,940,28.0,"0, CURAT(RUE GUY)",,,Plein jour,En agglomération,Hors intersection,Normale,Deux véhicules - frontale,,,,,,,,,,,1,2,1,1,1
200500006079,0005-01-14 07:10:00,5,1,14,7,10,940,28.0,MECHES.(RUE DES),,,Nuit avec éclairage allumé,En agglomération,Hors intersection,Normale,Autre collision,,,,,,,,,,,5,2,1,1,6
200500006080,0005-01-18 07:35:00,5,1,18,7,35,940,28.0,MECHES.(RUE DES),,,Crépuscule ou aube,En agglomération,Hors intersection,Pluie légère,Autre collision,,,,,,,,,,,2,2,1,2,6
200500006081,0005-01-20 08:25:00,5,1,20,8,25,940,28.0,DUVAUCHEL(STADE),,,Nuit avec éclairage allumé,En agglomération,Hors intersection,Temps couvert,Sans collision,,,,,,,,,,,5,2,1,8,7
200500006082,0005-01-22 18:45:00,5,1,22,18,45,940,28.0,"14, SARRAIL.(RUE DU GENE",,,Nuit avec éclairage allumé,En agglomération,Hors intersection,Normale,Deux véhicules - côté,,,,,,,,,,,5,2,1,1,3
200500006083,0005-01-20 11:35:00,5,1,20,11,35,940,28.0,SAMARITAIN (R DU),,,Plein jour,En agglomération,Intersection en T,Normale,Deux véhicules - côté,,,,,,,,,,,1,2,3,1,3
200500006084,0005-01-27 17:55:00,5,1,27,17,55,940,28.0,"0, FOCH(AVENUE DU MARECH",,,Crépuscule ou aube,En agglomération,Hors intersection,Neige / grêle,Deux véhicules - arrière,,,,,,,,,,,2,2,1,4,2
200500006085,0005-01-04 07:40:00,5,1,4,7,40,940,16.0,"1, GALLIENI (R)",,,Crépuscule ou aube,En agglomération,Hors intersection,Normale,Autre collision,,,,,,,,,,,2,2,1,1,6
200500006086,0005-01-02 12:30:00,5,1,2,12,30,940,43.0,"10, FONTAINEBLEAU (AV DE",,,Plein jour,En agglomération,Hors intersection,Normale,Deux véhicules - arrière,,,,,,,,,,,1,2,1,1,2
200500006087,0005-01-04 15:50:00,5,1,4,15,50,940,76.0,"65, AMBROISE CROIZAT (R)",,,Plein jour,En agglomération,Hors intersection,Normale,Autre collision,,,,,,,,,,,1,2,1,1,6
200500006088,0005-01-05 13:20:00,5,1,5,13,20,940,76.0,PARIS (AV DE),,,Plein jour,En agglomération,Autre intersection,Normale,Autre collision,,,,,,,,,,,1,2,9,1,6
200500006089,0005-01-05 23:35:00,5,1,5,23,35,940,43.0,CONVENTION (R DE LA),,,Nuit avec éclairage allumé,En agglomération,Hors intersection,Normale,Autre collision,,,,,,,,,,,5,2,1,1,6
200500006090,0005-01-07 20:10:00,5,1,7,20,10,940,3.0,VLADIMIR ILLITCH LENINE,,,Nuit avec éclairage allumé,En agglomération,Hors intersection,Normale,Autre collision,,,,,,,,,,,5,2,1,1,6