accident_id,datetime,annee,mois,jour,heure,minute,departement,commune_insee,adresse,latitude,longitude,luminosite,agglomeration,intersection,meteo,collision,nb_vehicules,nb_usagers,nb_indemnes,nb_tues,nb_blesses_hosp,nb_blesses_legers,age_cond_1,age_cond_2,veh_type_cond_1,veh_type_cond_2,lum_code,agg_code,int_code,atm_code,col_code
200500006091,0005-01-11 09:57:00,5,1,11,9,57,940,16.0,"32, GABRIEL PERI (R)",,,Plein jour,En agglomération,Hors intersection,Pluie légère,Trois véhicules et plus - en chaîne,,,,,,,,,,,1,2,1,2,4
200500006092,0005-01-12 19:50:00,5,1,12,19,50,940,37.0,"1, PASTEUR (AV)",,,Nuit avec éclairage allumé,En agglomération,Hors intersection,Pluie légère,Autre collision,,,,,,,,,,,5,2,1,2,6
200500006093,0005-01-12 14:00:00,5,1,12,14,0,940,76.0,"1, MAXIME GORKI (BD)",,,Plein jour,En agglomération,Intersection en X,Autre,Deux véhicules - côté,,,,,,,,,,,1,2,2,9,3
200500006094,0005-01-13 07:05:00,5,1,13,7,5,940,76.0,"12, STALINGRAD (AV DE)",,,Crépuscule ou aube,En agglomération,Hors intersection,Normale,Deux véhicules - côté,,,,,,,,,,,2,2,1,1,3
200500006095,0005-01-14 23:40:00,5,1,14,23,40,940,43.0,"19, CONVENTION (R DE LA)",,,Nuit avec éclairage allumé,En agglomération,Hors intersection,Normale,Autre collision,,,,,,,,,,,5,2,1,1,6
200500006096,0005-01-17 14:05:00,5,1,17,14,5,940,76.0,"12, GRIFFUELHES (R)",,,Plein jour,En agglomération,Hors intersection,Normale,Deux véhicules - frontale,,,,,,,,,,,1,2,1,1,1
200500006097,0005-01-19 17:50:00,5,1,19,17,50,940,16.0,"13, CARNOT (VLA)",,,Crépuscule ou aube,En agglomération,Hors intersection,Normale,Deux véhicules - arrière,,,,,,,,,,,2,2,1,1,2
200500006098,0005-01-20 18:00:00,5,1,20,18,0,940,37.0,"120, GABRIEL PERI (R)",,,Crépuscule ou aube,En agglomération,Hors intersection,Normale,Sans collision,,,,,,,,,,,2,2,1,1,7
200500006099,0005-01-22 05:15:00,5,1,22,5,15,940,76.0,"150, MAXIME GORKI (R)",,,Nuit avec éclairage allumé,En agglomération,Hors intersection,Normale,Autre collision,,,,,,,,,,,5,2,1,1,6
200500006100,0005-01-22 02:40:00,5,1,22,2,40,940,16.0,"165, ARISTIDE BRIAND (AV",,,Nuit avec éclairage allumé,En agglomération,Hors intersection,Normale,Deux véhicules - côté,,,,,,,,,,,5,2,1,1,3
200500006101,0005-01-25 08:45:00,5,1,25,8,45,940,76.0,"08, CHEVILLY (R DE)",,,Crépuscule ou aube,En agglomération,Hors intersection,Normale,Autre collision,,,,,,,,,,,2,2,1,1,6
200500006102,0005-01-26 16:00:00,5,1,26,16,0,940,43.0,"10, ANATOLE FRANCE (R)",,,Plein jour,En agglomération,Hors intersection,Normale,Autre collision,,,,,,,,,,,1,2,1,1,6
200500006103,0005-01-27 16:00:00,5,1,27,16,0,940,3.0,"1, PAUL VAILLANT COUTURI",,,Plein jour,En agglomération,Hors intersection,Pluie légère,Deux véhicules - arrière,,,,,,,,,,,1,2,1,2,2
200500006104,0005-01-28 15:45:00,5,1,28,15,45,940,16.0,PROVIGNY (R DE),,,Plein jour,En agglomération,Hors intersection,Normale,Autre collision,,,,,,,,,,,1,2,1,1,6
200500006105,0005-01-31 12:17:00,5,1,31,12,17,940,46.0,"7, GENERAL LECLERC (R DU",,,Plein jour,En agglomération,Hors intersection,Normale,Autre collision,,,,,,,,,,,1,2,1,1,6
200500006106,0005-01-28 13:30:00,5,1,28,13,30,940,43.0,"47, FONTAINEBLEAU (AV DE",,,Plein jour,En agglomération,Hors intersection,Normale,Deux véhicules - côté,,,,,,,,,,,1,2,1,1,3
200500006107,0005-01-04 16:50:00,5,1,4,16,50,940,21.0,"37, PERE MAZURIE (R DU)",,,Crépuscule ou aube,En agglomération,Hors intersection,Normale,Autre collision,,,,,,,,,,,2,2,1,1,6
200500006108,0005-01-04 18:25:00,5,1,4,18,25,940,65.0,"21, GROSSE PIERRE (R DE",,,Nuit avec éclairage allumé,En agglomération,Hors intersection,Normale,Autre collision,,,,,,,,,,,5,2,1,1,6
200500006109,0005-01-11 12:20:00,5,1,11,12,20,940,34.0,"67, PASTEUR (BD)",,,Plein jour,En agglomération,Hors intersection,Normale,Deux véhicules - côté,,,,,,,,,,,1,2,1,1,3
200500006110,0005-01-13 12:25:00,5,1,13,12,25,940,65.0,FONTAINEBLEAU (AV DE),,,Plein jour,En agglomération,Hors intersection,Normale,Deux véhicules - arrière,,,,,,,,,,,1,2,1,1,2
200500006111,0005-01-13 14:50:00,5,1,13,14,50,940,21.0,GENERAL DE GAULLE (AV DU,,,Plein jour,En agglomération,Hors intersection,Normale,Autre collision,,,,,,,,,,,1,2,1,1,6
200500006112,0005-01-21 18:10:00,5,1,21,18,10,940,73.0,"5, ALOUETTES (R DES)",,,Nuit avec éclairage allumé,En agglomération,Intersection en T,Normale,Deux véhicules - côté,,,,,,,,,,,5,2,3,1,3
200500006113,0005-01-24 09:30:00,5,1,24,9,30,940,38.0,PAUL VAILLANT COUTURIER,,,Plein jour,En agglomération,Hors intersection,Normale,Deux véhicules - côté,,,,,,,,,,,1,2,1,1,3
200500006114,0005-01-20 17:35:00,5,1,20,17,35,940,73.0,LUXEMBOURG (AV DU),,,Plein jour,En agglomération,Hors intersection,Normale,Autre collision,,,,,,,,,,,1,2,1,1,6
200500006115,0005-01-03 15:45:00,5,1,3,15,45,940,46.0,"123, REPUBLIQUE (AV DE L",,,Plein jour,En agglomération,Hors intersection,Normale,Trois véhicules et plus - en chaîne,,,,,,,,,,,1,2,1,1,4
200500006116,0005-01-05 17:40:00,5,1,5,17,40,940,46.0,"16, PROFESSEUR CADIOT (A",,,Nuit avec éclairage allumé,En agglomération,Hors intersection,Pluie légère,Autre collision,,,,,,,,,,,5,2,1,2,6
200500006117,0005-01-07 16:45:00,5,1,7,16,45,940,46.0,"99, GENERAL LECLERC (AV",,,Crépuscule ou aube,En agglomération,Hors intersection,Temps couvert,Autre collision,,,,,,,,,,,2,2,1,8,6
200500006118,0005-01-14 14:35:00,5,1,14,14,35,940,46.0,"19, PROFESSEUR CADIOT (A",,,Plein jour,En agglomération,Hors intersection,Normale,Deux véhicules - côté,,,,,,,,,,,1,2,1,1,3
200500006119,0005-01-30 17:55:00,5,1,30,17,55,940,46.0,GALLIENI (BD),,,Crépuscule ou aube,En agglomération,Hors intersection,Pluie légère,Deux véhicules - côté,,,,,,,,,,,2,2,1,2,3
200500006120,0005-01-04 13:55:00,5,1,4,13,55,940,52.0,JOINVILLE (AV DE),,,Plein jour,En agglomération,Hors intersection,Normale,Deux véhicules - arrière,,,,,,,,,,,1,2,1,1,2
200500006121,0005-01-04 15:45:00,5,1,4,15,45,940,52.0,STRASBOURG (BD DE),,,Plein jour,En agglomération,Hors intersection,Normale,Deux véhicules - arrière,,,,,,,,,,,1,2,1,1,2
200500006122,0005-01-05 13:30:00,5,1,5,13,30,940,52.0,ARMISTICE (R DE L),,,Plein jour,En agglomération,Hors intersection,Temps couvert,Trois véhicules et plus - collisions multiples,,,,,,,,,,,1,2,1,8,5
200500006123,0005-01-06 20:20:00,5,1,6,20,20,940,52.0,CHARLES DE GAULLE (GRAND,,,Nuit sans éclairage public,En agglomération,Hors intersection,Pluie légère,Autre collision,,,,,,,,,,,3,2,1,2,6
200500006124,0005-01-07 07:45:00,5,1,7,7,45,940,42.0,CANADIENS (AV DES),,,Nuit avec éclairage allumé,En agglomération,Hors intersection,Normale,Trois véhicules et plus - collisions multiples,,,,,,,,,,,5,2,1,1,5
200500006125,0005-01-07 06:45:00,5,1,7,6,45,940,58.0,ALSACE LORRAINE (BD D),,,Nuit avec éclairage allumé,En agglomération,Hors intersection,Normale,Deux véhicules - arrière,,,,,,,,,,,5,2,1,1,2
200500006126,0005-01-24 17:00:00,5,1,24,17,0,940,52.0,STRASBOURG - RPT DU MARE,,,Plein jour,En agglomération,Hors intersection,Normale,Sans collision,,,,,,,,,,,1,2,1,1,7
200500006127,0005-01-19 21:00:00,5,1,19,21,0,940,58.0,"109, ALSACE LORRAINE (BD",,,Nuit avec éclairage allumé,En agglomération,Intersection en T,Pluie légère,Autre collision,,,,,,,,,,,5,2,3,2,6
200500006128,0005-01-21 18:00:00,5,1,21,18,0,940,15.0,PAUL BARILLIET (R),,,Nuit sans éclairage public,En agglomération,Hors intersection,Normale,Trois véhicules et plus - en chaîne,,,,,,,,,,,3,2,1,1,4
200500006129,0005-01-23 13:30:00,5,1,23,13,30,940,58.0,L'EUROPE (PL DE),,,Plein jour,En agglomération,Hors intersection,Normale,Autre collision,,,,,,,,,,,1,2,1,1,6
200500006130,0005-01-24 19:15:00,5,1,24,19,15,940,52.0,VIADUC (R DU),,,Nuit avec éclairage non allumé,En agglomération,Hors intersection,Normale,Autre collision,,,,,,,,,,,4,2,1,1,6
200500006131,0005-01-30 23:40:00,5,1,30,23,40,940,52.0,HOCHE (R),,,Nuit avec éclairage allumé,En agglomération,Hors intersection,Normale,Deux véhicules - côté,,,,,,,,,,,5,2,1,1,3
200500006132,0005-01-07 18:15:00,5,1,7,18,15,940,68.0,"1, MARNE (BD DE LA)",,,Nuit avec éclairage allumé,En agglomération,Hors intersection,Normale,Autre collision,,,,,,,,,,,5,2,1,1,6
200500006133,0005-01-09 13:05:00,5,1,9,13,5,940,68.0,"21, GABRIEL PERI (AV)",,,Plein jour,En agglomération,Hors intersection,Normale,Autre collision,,,,,,,,,,,1,2,1,1,6
200500006134,0005-01-09 20:45:00,5,1,9,20,45,940,68.0,CONDE (AV DE),,,Nuit avec éclairage allumé,En agglomération,Intersection en T,Normale,Sans collision,,,,,,,,,,,5,2,3,1,7
200500006135,0005-01-09 15:35:00,5,1,9,15,35,940,68.0,BAC (AV DU),,,Plein jour,En agglomération,Hors intersection,Normale,Deux véhicules - côté,,,,,,,,,,,1,2,1,1,3
200500006136,0005-01-14 11:50:00,5,1,14,11,50,940,68.0,FRANCOIS ADAM (AV),,,Plein jour,En agglomération,Intersection en X,Normale,Autre collision,,,,,,,,,,,1,2,2,1,6
200500006137,0005-01-19 16:55:00,5,1,19,16,55,940,68.0,"108bis, CRETEIL (BD DE)",,,Crépuscule ou aube,En agglomération,Hors intersection,Normale,Trois véhicules et plus - collisions multiples,,,,,,,,,,,2,2,1,1,5
200500006138,0005-01-19 13:45:00,5,1,19,13,45,940,68.0,BOIS GUIMIER (AV DU),,,Plein jour,En agglomération,Intersection en X,Normale,Deux véhicules - côté,,,,,,,,,,,1,2,2,1,3
200500006139,0005-01-21 07:50:00,5,1,21,7,50,940,68.0,"7, PAUL DOUMER (AV)",,,Nuit avec éclairage allumé,En agglomération,Hors intersection,Normale,Deux véhicules - frontale,,,,,,,,,,,5,2,1,1,1
200500006140,0005-01-24 12:05:00,5,1,24,12,5,940,68.0,VARENNE (R DE LA),,,Plein jour,En agglomération,Hors intersection,Normale,Autre collision,,,,,,,,,,,1,2,1,1,6
200500006141,0005-01-26 12:05:00,5,1,26,12,5,940,68.0,LAMY (R),,,Plein jour,En agglomération,Intersection en X,Normale,Deux véhicules - côté,,,,,,,,,,,1,2,2,1,3
200500006142,0005-01-30 18:25:00,5,1,30,18,25,940,68.0,MARNE (BD DE LA),,,Crépuscule ou aube,En agglomération,Intersection en X,Pluie légère,Deux véhicules - côté,,,,,,,,,,,2,2,2,2,3
200500006143,0005-01-09 13:10:00,5,1,9,13,10,940,74.0,RU DE GIRONDE (AV DU),,,Plein jour,En agglomération,Hors intersection,Normale,Deux véhicules - côté,,,,,,,,,,,1,2,1,1,3
200500006144,0005-01-15 18:43:00,5,1,15,18,43,940,74.0,PARIS (R DE),,,Nuit avec éclairage allumé,En agglomération,Hors intersection,Normale,Deux véhicules - côté,,,,,,,,,,,5,2,1,1,3
200500006145,0005-01-26 07:50:00,5,1,26,7,50,940,74.0,PARIS (R DE),,,Crépuscule ou aube,En agglomération,Hors intersection,Normale,Autre collision,,,,,,,,,,,2,2,1,1,6
200500006146,0005-01-13 10:05:00,5,1,13,10,5,940,1.0,BAC (R DU),,,Plein jour,En agglomération,Hors intersection,Normale,Autre collision,,,,,,,,,,,1,2,1,1,6
200500006147,0005-01-23 03:00:00,5,1,23,3,0,940,1.0,MELUN (AV DE),,,Nuit avec éclairage allumé,En agglomération,Hors intersection,Normale,Autre collision,,,,,,,,,,,5,2,1,1,6
200500006148,0005-01-23 16:40:00,5,1,23,16,40,940,74.0,HENRI BARBUSSE (AV),,,Plein jour,En agglomération,Hors intersection,Normale,Autre collision,,,,,,,,,,,1,2,1,1,6
200500006149,0005-01-30 20:10:00,5,1,30,20,10,940,74.0,MELUN (AV DE),,,Nuit avec éclairage allumé,En agglomération,Hors intersection,Normale,Autre collision,,,,,,,,,,,5,2,1,1,6
200500006150,0005-01-01 18:40:00,5,1,1,18,40,940,81.0,"66, JEAN JAURES (AV)",,,Nuit avec éclairage allumé,En agglomération,Hors intersection,Pluie légère,Deux véhicules - arrière,,,,,,,,,,,5,2,1,2,2
200500006151,0005-01-02 12:00:00,5,1,2,12,0,940,81.0,"195, EDOUARD TREMBLAY (R",,,Plein jour,En agglomération,Hors intersection,Normale,Autre collision,,,,,,,,,,,1,2,1,1,6
200500006152,0005-01-03 10:05:00,5,1,3,10,5,940,81.0,CHOISY (R DE),,,Plein jour,En agglomération,Intersection en X,Normale,Deux véhicules - côté,,,,,,,,,,,1,2,2,1,3
200500006153,0005-01-03 14:55:00,5,1,3,14,55,940,81.0,"1, ABBE ROGER DERRY (AV",,,Plein jour,En agglomération,Hors intersection,Normale,Autre collision,,,,,,,,,,,1,2,1,1,6
200500006154,0005-01-06 12:10:00,5,1,6,12,10,940,81.0,CARRIERES (R DES),,,Plein jour,En agglomération,Hors intersection,Normale,Autre collision,,,,,,,,,,,1,2,1,1,6
200500006155,0005-01-06 18:40:00,5,1,6,18,40,940,81.0,"08, ANATOLE FRANCE (AV)",,,Nuit avec éclairage allumé,En agglomération,Hors intersection,Normale,Autre collision,,,,,,,,,,,5,2,1,1,6
200500006156,0005-01-13 08:10:00,5,1,13,8,10,940,81.0,CHARLES INFROIT (R),,,Plein jour,En agglomération,Autre intersection,Normale,Autre collision,,,,,,,,,,,1,2,9,1,6
200500006157,0005-01-15 13:00:00,5,1,15,13,0,940,81.0,CHARLES INFROIT (R),,,Plein jour,En agglomération,Intersection en X,Normale,Deux véhicules - côté,,,,,,,,,,,1,2,2,1,3
200500006158,0005-01-15 15:20:00,5,1,15,15,20,940,81.0,"27, LUCIEN FRANCAIS (AV)",,,Plein jour,En agglomération,Hors intersection,Normale,Autre collision,,,,,,,,,,,1,2,1,1,6
200500006159,0005-01-17 09:15:00,5,1,17,9,15,940,81.0,JULES GUESDE (QU),,,Plein jour,En agglomération,Hors intersection,Pluie légère,Deux véhicules - arrière,,,,,,,,,,,1,2,1,2,2
200500006160,0005-01-17 13:40:00,5,1,17,13,40,940,81.0,"12, STALINGRAD (BD DE)",,,Plein jour,En agglomération,Hors intersection,Normale,Deux véhicules - côté,,,,,,,,,,,1,2,1,1,3
200500006161,0005-01-18 12:35:00,5,1,18,12,35,940,81.0,"27, LUCIEN FRANCAIS (AV)",,,Plein jour,En agglomération,Hors intersection,Normale,Autre collision,,,,,,,,,,,1,2,1,1,6
200500006162,0005-01-25 13:30:00,5,1,25,13,30,940,81.0,"01, ROUGET DE L ISLE (AV",,,Plein jour,En agglomération,Hors intersection,Normale,Deux véhicules - arrière,,,,,,,,,,,1,2,1,1,2
200500006163,0005-01-01 00:05:00,5,1,1,0,5,950,18.0,"3, LERAY (RUE DU DOCTEUR",,,Nuit avec éclairage allumé,En agglomération,Hors intersection,Pluie légère,Autre collision,,,,,,,,,,,5,2,1,2,6
200500006164,0005-01-03 15:30:00,5,1,3,15,30,950,582.0,"6, MARECHAL FOCH (RUE DU",,,Plein jour,En agglomération,Hors intersection,Normale,Autre collision,,,,,,,,,,,1,2,1,1,6
200500006165,0005-01-03 20:45:00,5,1,3,20,45,950,18.0,"88,bis, NORD (RUE DU)",,,Nuit avec éclairage non allumé,En agglomération,Hors intersection,Normale,Deux véhicules - côté,,,,,,,,,,,4,2,1,1,3
200500006166,0005-01-03 20:15:00,5,1,3,20,15,950,18.0,ARC (BOULEVARD JEANNE D',,,Nuit avec éclairage allumé,En agglomération,Intersection en T,Normale,Autre collision,,,,,,,,,,,5,2,3,1,6
200500006167,0005-01-04 08:15:00,5,1,4,8,15,950,18.0,JAURES (AVENUE JEAN),,,Plein jour,En agglomération,Intersection en T,Normale,Autre collision,,,,,,,,,,,1,2,3,1,6
200500006168,0005-01-04 14:20:00,5,1,4,14,20,950,18.0,", PERREUX (RUE DU)",,,Plein jour,En agglomération,Hors intersection,Normale,Autre collision,,,,,,,,,,,1,2,1,1,6
200500006169,0005-01-06 17:00:00,5,1,6,17,0,950,176.0,"21, JOFFRE (BOULEVARD)",,,Plein jour,En agglomération,Hors intersection,Normale,Deux véhicules - côté,,,,,,,,,,,1,2,1,1,3
200500006170,0005-01-07 12:20:00,5,1,7,12,20,950,176.0,"174, JOFFRE (BOULEVARD)",,,Plein jour,En agglomération,Hors intersection,Normale,Autre collision,,,,,,,,,,,1,2,1,1,6
200500006171,0005-01-10 06:45:00,5,1,10,6,45,950,18.0,"78, ALLEMANE (BOULEVARD",,,Nuit avec éclairage allumé,En agglomération,Hors intersection,Normale,Deux véhicules - côté,,,,,,,,,,,5,2,1,1,3
200500006172,0005-01-10 18:35:00,5,1,10,18,35,950,176.0,"14, THIERS (RUE DES)",,,Nuit avec éclairage non allumé,En agglomération,Hors intersection,Normale,Autre collision,,,,,,,,,,,4,2,1,1,6
200500006173,0005-01-12 11:25:00,5,1,12,11,25,950,18.0,ENGHIEN (ROUTE D' ),,,Plein jour,En agglomération,Intersection en T,Normale,Autre collision,,,,,,,,,,,1,2,3,1,6
200500006174,0005-01-12 13:45:00,5,1,12,13,45,950,18.0,FRETTE (RUE DE LA),,,Plein jour,En agglomération,Intersection en X,Normale,Deux véhicules - côté,,,,,,,,,,,1,2,2,1,3
200500006175,0005-01-12 20:45:00,5,1,12,20,45,950,18.0,"25, ALLEMANE (BOULEVARD",,,Nuit avec éclairage non allumé,En agglomération,Hors intersection,Normale,Autre collision,,,,,,,,,,,4,2,1,1,6
200500006176,0005-01-13 08:40:00,5,1,13,8,40,950,18.0,PERI (AVENUE GABRIEL),,,Plein jour,En agglomération,Hors intersection,Normale,Autre collision,,,,,,,,,,,1,2,1,1,6
200500006177,0005-01-14 16:20:00,5,1,14,16,20,950,582.0,REPUBLIQUE (RUE DE LA),,,Plein jour,En agglomération,Intersection en T,Normale,Sans collision,,,,,,,,,,,1,2,3,1,7
200500006178,0005-01-14 21:20:00,5,1,14,21,20,950,18.0,CORMEILLES (ROUTE DE),,,Nuit avec éclairage allumé,En agglomération,Intersection en X,Normale,Autre collision,,,,,,,,,,,5,2,2,1,6
200500006179,0005-01-18 22:25:00,5,1,18,22,25,950,18.0,"66, GALLIENI (BOULEVARD)",,,Nuit avec éclairage allumé,En agglomération,Hors intersection,Normale,Deux véhicules - frontale,,,,,,,,,,,5,2,1,1,1
200500006180,0005-01-21 21:40:00,5,1,21,21,40,950,18.0,CACHIN (AVENUE M.),,,Nuit avec éclairage allumé,En agglomération,Intersection en X,Normale,Deux véhicules - côté,,,,,,,,,,,5,2,2,1,3
200500006181,0005-01-22 10:30:00,5,1,22,10,30,950,18.0,VERTE (RUE),,,Plein jour,En agglomération,Hors intersection,Normale,Deux véhicules - côté,,,,,,,,,,,1,2,1,1,3
200500006182,0005-01-26 10:30:00,5,1,26,10,30,950,18.0,"126, PONTOISE (ROUTE DE)",,,Plein jour,En agglomération,Hors intersection,Normale,Autre collision,,,,,,,,,,,1,2,1,1,6
200500006183,0005-01-27 07:20:00,5,1,27,7,20,950,18.0,POULMARCH (RUE JEAN),,,Nuit avec éclairage allumé,En agglomération,Hors intersection,Pluie légère,Deux véhicules - arrière,,,,,,,,,,,5,2,1,2,2
200500006184,0005-01-27 20:20:00,5,1,27,20,20,950,176.0,MONTIGNY (RUE DE),,,Nuit avec éclairage allumé,En agglomération,Hors intersection,Pluie légère,Deux véhicules - frontale,,,,,,,,,,,5,2,1,2,1
200500006185,0005-01-28 15:50:00,5,1,28,15,50,950,18.0,PONTOISE (ROUTE DE),,,Plein jour,En agglomération,Hors intersection,Normale,Deux véhicules - côté,,,,,,,,,,,1,2,1,1,3
200500006186,0005-01-31 03:45:00,5,1,31,3,45,950,582.0,"2, PAVILLONS (RUE DES)",,,Nuit avec éclairage allumé,En agglomération,Hors intersection,Pluie légère,Autre collision,,,,,,,,,,,5,2,1,2,6
200500006187,0005-01-06 18:20:00,5,1,6,18,20,950,63.0,"10, RENE ROUSSEAU (RUE-C",,,Nuit avec éclairage allumé,En agglomération,Hors intersection,Normale,Autre collision,,,,,,,,,,,5,2,1,1,6
200500006188,0005-01-10 09:30:00,5,1,10,9,30,950,63.0,"1, LENINE (PLACE)",,,Plein jour,En agglomération,Hors intersection,Normale,Autre collision,,,,,,,,,,,1,2,1,1,6
200500006189,0005-01-13 08:55:00,5,1,13,8,55,950,63.0,"15, GABRIEL PERI (AVENUE",,,Plein jour,En agglomération,Intersection en T,Normale,Autre collision,,,,,,,,,,,1,2,3,1,6
200500006190,0005-01-17 07:15:00,5,1,17,7,15,950,63.0,BEZONS (PONT),,,Nuit avec éclairage allumé,En agglomération,Hors intersection,Pluie légère,Deux véhicules - arrière,,,,,,,,,,,5,2,1,2,2
200500006191,0005-01-22 23:40:00,5,1,22,23,40,950,63.0,"65, FRANCIS DE PRESSENSE",,,Nuit avec éclairage allumé,En agglomération,Hors intersection,Pluie forte,Autre collision,,,,,,,,,,,5,2,1,3,6
200500006192,0005-01-22 11:30:00,5,1,22,11,30,950,63.0,"43, GABRIEL PERI (AVENUE",,,Plein jour,En agglomération,Hors intersection,Normale,Deux véhicules - côté,,,,,,,,,,,1,2,1,1,3
200500006193,0005-01-15 12:10:00,5,1,15,12,10,950,63.0,"9, SARTROUVILLE (RUE DE)",,,Plein jour,En agglomération,Hors intersection,Normale,Autre collision,,,,,,,,,,,1,2,1,1,6
200500006194,0005-01-27 10:45:00,5,1,27,10,45,950,63.0,BEZONS (PONT),,,Plein jour,En agglomération,Hors intersection,Normale,Deux véhicules - arrière,,,,,,,,,,,1,2,1,1,2
200500006195,0005-01-29 09:50:00,5,1,29,9,50,950,63.0,"106, CASIMIR PERIER (RUE",,,Plein jour,En agglomération,Hors intersection,Normale,Sans collision,,,,,,,,,,,1,2,1,1,7
200500006196,0005-01-31 08:30:00,5,1,31,8,30,950,63.0,"57, PONTOISE (RUE-COTE I",,,Plein jour,En agglomération,Hors intersection,Normale,Trois véhicules et plus - collisions multiples,,,,,,,,,,,1,2,1,1,5
200500006197,0005-01-11 17:45:00,5,1,11,17,45,950,127.0,MERVEILLES (BOULEVARD DE,,,Nuit sans éclairage public,En agglomération,Intersection en X,Normale,Deux véhicules - côté,,,,,,,,,,,3,2,2,1,3
200500006198,0005-01-25 12:00:00,5,1,25,12,0,950,127.0,"42/46, VERDUN (AVENUE DE",,,Plein jour,En agglomération,Hors intersection,Normale,Deux véhicules - côté,,,,,,,,,,,1,2,1,1,3
200500006199,0005-01-28 19:45:00,5,1,28,19,45,950,127.0,POSTE (AVENUE DE LA),,,Nuit avec éclairage allumé,En agglomération,Hors intersection,Normale,Sans collision,,,,,,,,,,,5,2,1,1,7
200500006200,0005-01-26 01:45:00,5,1,26,1,45,950,127.0,TROIS FONTAINES (AVENUE,,,Nuit avec éclairage allumé,En agglomération,Intersection en T,Neige / grêle,Deux véhicules - côté,,,,,,,,,,,5,2,3,4,3
200500006201,0005-01-27 11:40:00,5,1,27,11,40,950,218.0,R.N.184,,,Plein jour,En agglomération,Hors intersection,Normale,Deux véhicules - arrière,,,,,,,,,,,1,2,1,1,2
200500006202,0005-01-13 17:05:00,5,1,13,17,5,950,555.0,ERMONT (RUE D'),,,Plein jour,En agglomération,Intersection en X,Normale,Deux véhicules - côté,,,,,,,,,,,1,2,2,1,3
200500006203,0005-01-18 12:30:00,5,1,18,12,30,950,210.0,DEPART (RUE DU),,,Plein jour,En agglomération,Hors intersection,Normale,Deux véhicules - côté,,,,,,,,,,,1,2,1,1,3
200500006204,0005-01-21 21:15:00,5,1,21,21,15,950,210.0,"27, ALBRECHT (RUE BERTHI",,,Nuit avec éclairage allumé,En agglomération,Hors intersection,Normale,Deux véhicules - côté,,,,,,,,,,,5,2,1,1,3
200500006205,0005-01-01 07:27:00,5,1,1,7,27,950,252.0,"12, ANDRE CITROEN (RUE)",,,Nuit sans éclairage public,En agglomération,Hors intersection,Temps couvert,Sans collision,,,,,,,,,,,3,2,1,8,7
200500006206,0005-01-01 14:45:00,5,1,1,14,45,950,203.0,BOIS-JACQUES (RUE DU),,,Plein jour,En agglomération,Hors intersection,Normale,Deux véhicules - frontale,,,,,,,,,,,1,2,1,1,1
200500006207,0005-01-05 14:50:00,5,1,5,14,50,950,203.0,PARIS (AVENUE DE),,,Plein jour,En agglomération,Hors intersection,Normale,Deux véhicules - arrière,,,,,,,,,,,1,2,1,1,2
200500006208,0005-01-13 19:00:00,5,1,13,19,0,950,219.0,SAINT FLAIVE (RUE),,,Nuit avec éclairage allumé,En agglomération,Hors intersection,Normale,Autre collision,,,,,,,,,,,5,2,1,1,6
200500006209,0005-01-14 12:50:00,5,1,14,12,50,950,219.0,EGLISE (RUE DE L'),,,Plein jour,En agglomération,Hors intersection,Normale,Deux véhicules - côté,,,,,,,,,,,1,2,1,1,3
200500006210,0005-01-18 19:20:00,5,1,18,19,20,950,203.0,PARIS (AVENUE DE),,,Nuit avec éclairage allumé,En agglomération,Hors intersection,Pluie forte,Autre collision,,,,,,,,,,,5,2,1,3,6
200500006211,0005-01-19 17:00:00,5,1,19,17,0,950,203.0,MONTLIGNON (ROUTE DE),,,Plein jour,En agglomération,Intersection en T,Pluie légère,Autre collision,,,,,,,,,,,1,2,3,2,6
200500006212,0005-01-24 12:26:00,5,1,24,12,26,950,252.0,GENERAL LECLERC (RUE DU),,,Plein jour,En agglomération,Hors intersection,Normale,Deux véhicules - côté,,,,,,,,,,,1,2,1,1,3
200500006213,0005-01-25 23:22:00,5,1,25,23,22,950,252.0,GENERAL LECLERC (RUE DU),,,Nuit avec éclairage allumé,En agglomération,Hors intersection,Normale,Autre collision,,,,,,,,,,,5,2,1,1,6
200500006214,0005-01-28 05:25:00,5,1,28,5,25,950,491.0,PERI (RUE GABRIEL),,,Nuit avec éclairage allumé,En agglomération,Intersection en X,Normale,Deux véhicules - côté,,,,,,,,,,,5,2,2,1,3
200500006215,0005-01-10 08:30:00,5,1,10,8,30,950,268.0,LE CORBUSIER (RUE EDOUAR,,,Plein jour,En agglomération,Hors intersection,Normale,Autre collision,,,,,,,,,,,1,2,1,1,6
200500006216,0005-01-05 18:20:00,5,1,5,18,20,950,280.0,COUTURIER PAUL VAILLANT,,,Nuit sans éclairage public,En agglomération,Hors intersection,Pluie légère,Autre collision,,,,,,,,,,,3,2,1,2,6
200500006217,0005-01-03 08:30:00,5,1,3,8,30,950,257.0,"141, PONTOISE (BOULEVARD",,,Plein jour,En agglomération,Hors intersection,Normale,Deux véhicules - frontale,,,,,,,,,,,1,2,1,1,1
200500006218,0005-01-06 19:50:00,5,1,6,19,50,950,306.0,CONFLANS (RUE DE),,,Nuit avec éclairage allumé,En agglomération,Intersection en X,Normale,Deux véhicules - côté,,,,,,,,,,,5,2,2,1,3
200500006219,0005-01-09 18:20:00,5,1,9,18,20,950,424.0,"0, FRANCES (AVENUE DES)",,,Crépuscule ou aube,En agglomération,Hors intersection,Pluie légère,Trois véhicules et plus - en chaîne,,,,,,,,,,,2,2,1,2,4