accident_id,datetime,annee,mois,jour,heure,minute,departement,commune_insee,adresse,latitude,longitude,luminosite,agglomeration,intersection,meteo,collision,nb_vehicules,nb_usagers,nb_indemnes,nb_tues,nb_blesses_hosp,nb_blesses_legers,age_cond_1,age_cond_2,veh_type_cond_1,veh_type_cond_2,lum_code,agg_code,int_code,atm_code,col_code
200500006349,0005-01-09 13:20:00,5,1,9,13,20,950,582.0,AUTOROUTE A15,,,Plein jour,Hors agglomération,Hors intersection,Normale,Trois véhicules et plus - en chaîne,,,,,,,,,,,1,1,1,1,4
200500006350,0005-01-08 16:32:00,5,1,8,16,32,950,252.0,AUTOROUTE A15,,,Plein jour,Hors agglomération,Hors intersection,Normale,Deux véhicules - frontale,,,,,,,,,,,1,1,1,1,1
200500006351,0005-01-08 23:25:00,5,1,8,23,25,930,66.0,AUTOROUTE A86,,,Nuit sans éclairage public,Hors agglomération,Hors intersection,Normale,Trois véhicules et plus - collisions multiples,,,,,,,,,,,3,1,1,1,5
200500006352,0005-01-09 12:45:00,5,1,9,12,45,950,218.0,AUTOROUTE A15,,,Plein jour,Hors agglomération,Hors intersection,Normale,Trois véhicules et plus - en chaîne,,,,,,,,,,,1,1,1,1,4
200500006353,0005-01-10 09:40:00,5,1,10,9,40,950,582.0,AUTOROUTE A115,,,Plein jour,Hors agglomération,Hors intersection,Normale,Deux véhicules - côté,,,,,,,,,,,1,1,1,1,3
200500006354,0005-01-10 10:30:00,5,1,10,10,30,930,32.0,AUTOROUTE A3,,,Plein jour,Hors agglomération,Hors intersection,Normale,Deux véhicules - arrière,,,,,,,,,,,1,1,1,1,2
200500006355,0005-01-10 11:00:00,5,1,10,11,0,950,256.0,ROUTE NATIONALE 184,,,Plein jour,Hors agglomération,Hors intersection,Normale,Autre collision,,,,,,,,,,,1,1,1,1,6
200500006356,0005-01-11 08:40:00,5,1,11,8,40,930,66.0,AUTOROUTE A3,,,Plein jour,Hors agglomération,Hors intersection,Normale,Sans collision,,,,,,,,,,,1,1,1,1,7
200500006357,0005-01-11 08:40:00,5,1,11,8,40,950,500.0,AUTOROUTE A15,,,Crépuscule ou aube,Hors agglomération,Hors intersection,Normale,Deux véhicules - arrière,,,,,,,,,,,2,1,1,1,2
200500006358,0005-01-12 06:40:00,5,1,12,6,40,930,53.0,AUTOROUTE A3,,,Nuit avec éclairage allumé,Hors agglomération,Hors intersection,Pluie légère,Autre collision,,,,,,,,,,,5,1,1,2,6
200500006359,0005-01-12 08:30:00,5,1,12,8,30,930,48.0,AUTOROUTE A86,,,Plein jour,Hors agglomération,Hors intersection,Normale,Deux véhicules - côté,,,,,,,,,,,1,1,1,1,3
200500006360,0005-01-13 01:00:00,5,1,13,1,0,930,27.0,AUTOROUTE A86,,,Nuit avec éclairage allumé,Hors agglomération,Hors intersection,Normale,Autre collision,,,,,,,,,,,5,1,1,1,6
200500006361,0005-01-13 08:20:00,5,1,13,8,20,930,66.0,AUTOROUTE A1,,,Crépuscule ou aube,Hors agglomération,Hors intersection,Normale,Deux véhicules - côté,,,,,,,,,,,2,1,1,1,3
200500006362,0005-01-13 17:00:00,5,1,13,17,0,920,36.0,AUTOROUTE A86,,,Plein jour,Hors agglomération,Hors intersection,Normale,Sans collision,,,,,,,,,,,1,1,1,1,7
200500006363,0005-01-13 19:45:00,5,1,13,19,45,930,10.0,AUTOROUTE A3,,,Nuit avec éclairage non allumé,Hors agglomération,Hors intersection,Normale,Trois véhicules et plus - collisions multiples,,,,,,,,,,,4,1,1,1,5
200500006364,0005-01-13 21:45:00,5,1,13,21,45,950,582.0,AUTOROUTE A15,,,Nuit avec éclairage allumé,Hors agglomération,Intersection en Y,Normale,Sans collision,,,,,,,,,,,5,1,4,1,7
200500006365,0005-01-14 19:40:00,5,1,14,19,40,950,582.0,AUTOROUTE A15,,,Nuit avec éclairage allumé,Hors agglomération,Hors intersection,Normale,Trois véhicules et plus - en chaîne,,,,,,,,,,,5,1,1,1,4
200500006366,0005-01-17 08:45:00,5,1,17,8,45,930,53.0,AUTOROUTE A86,,,Crépuscule ou aube,Hors agglomération,Hors intersection,Brouillard / fumée,Sans collision,,,,,,,,,,,2,1,1,5,7
200500006367,0005-01-17 19:15:00,5,1,17,19,15,930,10.0,AUTOROUTE A3,,,Nuit sans éclairage public,Hors agglomération,Hors intersection,Pluie légère,Trois véhicules et plus - collisions multiples,,,,,,,,,,,3,1,1,2,5
200500006368,0005-01-17 21:55:00,5,1,17,21,55,930,66.0,AUTOROUTE A1,,,Nuit avec éclairage allumé,Hors agglomération,Hors intersection,Normale,Deux véhicules - arrière,,,,,,,,,,,5,1,1,1,2
200500006369,0005-01-18 05:30:00,5,1,18,5,30,930,27.0,AUTOROUTE A86,,,Nuit avec éclairage allumé,Hors agglomération,Hors intersection,Pluie légère,Autre collision,,,,,,,,,,,5,1,1,2,6
200500006370,0005-01-18 08:40:00,5,1,18,8,40,930,32.0,AUTOROUTE A3,,,Plein jour,Hors agglomération,Hors intersection,Pluie légère,Trois véhicules et plus - en chaîne,,,,,,,,,,,1,1,1,2,4
200500006371,0005-01-18 08:45:00,5,1,18,8,45,950,252.0,AUTOROUTE A115,,,Crépuscule ou aube,Hors agglomération,Hors intersection,Pluie légère,Deux véhicules - côté,,,,,,,,,,,2,1,1,2,3
200500006372,0005-01-18 11:15:00,5,1,18,11,15,930,66.0,AUTOROUTE A1,,,Plein jour,Hors agglomération,Hors intersection,Normale,Sans collision,,,,,,,,,,,1,1,1,1,7
200500006373,0005-01-18 16:10:00,5,1,18,16,10,950,18.0,AUTOROUTE A15,,,Plein jour,Hors agglomération,Hors intersection,Normale,Deux véhicules - côté,,,,,,,,,,,1,1,1,1,3
200500006374,0005-01-18 20:05:00,5,1,18,20,5,930,66.0,AUTOROUTE A1,,,Nuit sans éclairage public,Hors agglomération,Hors intersection,Temps couvert,Sans collision,,,,,,,,,,,3,1,1,8,7
200500006375,0005-01-19 06:50:00,5,1,19,6,50,920,36.0,AUTOROUTE A15,,,Nuit avec éclairage allumé,Hors agglomération,Hors intersection,Normale,Trois véhicules et plus - collisions multiples,,,,,,,,,,,5,1,1,1,5
200500006376,0005-01-19 07:30:00,5,1,19,7,30,930,53.0,AUTOROUTE A103,,,Crépuscule ou aube,Hors agglomération,Hors intersection,Normale,Sans collision,,,,,,,,,,,2,1,1,1,7
200500006377,0005-01-19 07:55:00,5,1,19,7,55,950,18.0,AUTOROUTE A15,,,Crépuscule ou aube,Hors agglomération,Hors intersection,Temps couvert,Deux véhicules - arrière,,,,,,,,,,,2,1,1,8,2
200500006378,0005-01-19 08:20:00,5,1,19,8,20,950,18.0,AUTOROUTE A15,,,Plein jour,Hors agglomération,Hors intersection,Autre,Autre collision,,,,,,,,,,,1,1,1,9,6
200500006379,0005-01-19 09:45:00,5,1,19,9,45,950,424.0,AUTOROUTE A15,,,Plein jour,Hors agglomération,Hors intersection,Autre,Deux véhicules - côté,,,,,,,,,,,1,1,1,9,3
200500006380,0005-01-19 13:00:00,5,1,19,13,0,930,66.0,AUTOROUTE A1,,,Plein jour,Hors agglomération,Hors intersection,Normale,Deux véhicules - côté,,,,,,,,,,,1,1,1,1,3
200500006381,0005-01-19 13:15:00,5,1,19,13,15,920,78.0,AUTOROUTE A86,,,Plein jour,Hors agglomération,Hors intersection,Normale,Trois véhicules et plus - en chaîne,,,,,,,,,,,1,1,1,1,4
200500006382,0005-01-19 15:10:00,5,1,19,15,10,930,64.0,AUTOROUTE A86,,,Plein jour,Hors agglomération,Autre intersection,Normale,Deux véhicules - côté,,,,,,,,,,,1,1,9,1,3
200500006383,0005-01-20 21:15:00,5,1,20,21,15,950,572.0,ROUTE NATIONALE 184,,,Nuit avec éclairage allumé,Hors agglomération,Hors intersection,Temps couvert,Trois véhicules et plus - en chaîne,,,,,,,,,,,5,1,1,8,4
200500006384,0005-01-19 15:00:00,5,1,19,15,0,950,394.0,ROUTE NATIONALE 184,,,Plein jour,Hors agglomération,Hors intersection,Normale,Deux véhicules - côté,,,,,,,,,,,1,1,1,1,3
200500006385,0005-01-20 06:20:00,5,1,20,6,20,930,27.0,AUTOROUTE A86,,,Nuit avec éclairage allumé,Hors agglomération,Hors intersection,Pluie légère,Deux véhicules - côté,,,,,,,,,,,5,1,1,2,3
200500006386,0005-01-20 07:30:00,5,1,20,7,30,930,66.0,AUTOROUTE A86,,,Plein jour,Hors agglomération,Hors intersection,Normale,Autre collision,,,,,,,,,,,1,1,1,1,6
200500006387,0005-01-20 08:55:00,5,1,20,8,55,930,13.0,AUTOROUTE A1,,,Plein jour,Hors agglomération,Hors intersection,Normale,Deux véhicules - arrière,,,,,,,,,,,1,1,1,1,2
200500006388,0005-01-21 15:00:00,5,1,21,15,0,930,63.0,AUTOROUTE A3,,,Plein jour,Hors agglomération,Hors intersection,Normale,Deux véhicules - côté,,,,,,,,,,,1,1,1,1,3
200500006389,0005-01-21 22:40:00,5,1,21,22,40,950,18.0,AUTOROUTE A15,,,Nuit avec éclairage allumé,Hors agglomération,Hors intersection,Normale,Trois véhicules et plus - collisions multiples,,,,,,,,,,,5,1,1,1,5
200500006390,0005-01-22 07:15:00,5,1,22,7,15,920,78.0,AUTOROUTE A86,,,Nuit avec éclairage allumé,Hors agglomération,Hors intersection,Pluie légère,Sans collision,,,,,,,,,,,5,1,1,2,7
200500006391,0005-01-22 14:00:00,5,1,22,14,0,930,53.0,AUTOROUTE A3,,,Plein jour,Hors agglomération,Hors intersection,Normale,Trois véhicules et plus - collisions multiples,,,,,,,,,,,1,1,1,1,5
200500006392,0005-01-22 19:00:00,5,1,22,19,0,950,218.0,AUTOROUTE A15,,,Nuit sans éclairage public,Hors agglomération,Hors intersection,Normale,Trois véhicules et plus - en chaîne,,,,,,,,,,,3,1,1,1,4
200500006393,0005-01-23 05:50:00,5,1,23,5,50,930,64.0,AUTOROUTE A86,,,Nuit avec éclairage allumé,Hors agglomération,Hors intersection,Pluie légère,Deux véhicules - côté,,,,,,,,,,,5,1,1,2,3
200500006394,0005-01-23 14:10:00,5,1,23,14,10,950,277.0,BIP,,,Plein jour,Hors agglomération,Hors intersection,Normale,Sans collision,,,,,,,,,,,1,1,1,1,7
200500006395,0005-01-23 14:30:00,5,1,23,14,30,930,66.0,AUTOROUTE A1,,,Plein jour,Hors agglomération,Hors intersection,Normale,Deux véhicules - arrière,,,,,,,,,,,1,1,1,1,2
200500006396,0005-01-23 14:40:00,5,1,23,14,40,950,682.0,R.D. 104,,,Plein jour,Hors agglomération,Autre intersection,Normale,Sans collision,,,,,,,,,,,1,1,9,1,7
200500006397,0005-01-24 09:50:00,5,1,24,9,50,920,36.0,AUTOROUTE A15,,,Plein jour,Hors agglomération,Hors intersection,Normale,Deux véhicules - arrière,,,,,,,,,,,1,1,1,1,2
200500006398,0005-01-24 13:30:00,5,1,24,13,30,950,241.0,R.D. 104,,,Plein jour,Hors agglomération,Hors intersection,Normale,Deux véhicules - côté,,,,,,,,,,,1,1,1,1,3
200500006399,0005-01-24 18:20:00,5,1,24,18,20,920,36.0,AUTOROUTE A86,,,Crépuscule ou aube,Hors agglomération,Hors intersection,Normale,Deux véhicules - arrière,,,,,,,,,,,2,1,1,1,2
200500006400,0005-01-26 04:05:00,5,1,26,4,5,930,66.0,AUTOROUTE A3,,,Nuit avec éclairage allumé,Hors agglomération,Hors intersection,Normale,Deux véhicules - côté,,,,,,,,,,,5,1,1,1,3
200500006401,0005-01-26 08:00:00,5,1,26,8,0,930,63.0,AUTOROUTE A3,,,Plein jour,Hors agglomération,Hors intersection,Normale,Trois véhicules et plus - en chaîne,,,,,,,,,,,1,1,1,1,4
200500006402,0005-01-27 18:30:00,5,1,27,18,30,930,64.0,AUTOROUTE A103,,,Nuit avec éclairage allumé,Hors agglomération,Hors intersection,Neige / grêle,Trois véhicules et plus - en chaîne,,,,,,,,,,,5,1,1,4,4
200500006403,0005-01-27 23:45:00,5,1,27,23,45,930,39.0,AUTOROUTE A86,,,Nuit avec éclairage non allumé,Hors agglomération,Hors intersection,Pluie légère,Deux véhicules - côté,,,,,,,,,,,4,1,1,2,3
200500006404,0005-01-28 08:00:00,5,1,28,8,0,950,252.0,AUTOROUTE A15,,,Crépuscule ou aube,Hors agglomération,Hors intersection,Pluie légère,Deux véhicules - arrière,,,,,,,,,,,2,1,1,2,2
200500006405,0005-01-29 02:50:00,5,1,29,2,50,930,64.0,AUTOROUTE A86,,,Nuit avec éclairage allumé,Hors agglomération,Hors intersection,Temps couvert,Deux véhicules - frontale,,,,,,,,,,,5,1,1,8,1
200500006406,0005-01-29 05:50:00,5,1,29,5,50,930,32.0,AUTOROUTE A1,,,Nuit sans éclairage public,Hors agglomération,Hors intersection,Normale,Autre collision,,,,,,,,,,,3,1,1,1,6
200500006407,0005-01-29 12:55:00,5,1,29,12,55,950,277.0,AUTOROUTE A1,,,Plein jour,Hors agglomération,Hors intersection,Normale,Autre collision,,,,,,,,,,,1,1,1,1,6
200500006408,0005-01-29 19:45:00,5,1,29,19,45,950,582.0,AUTOROUTE A15,,,Nuit avec éclairage allumé,Hors agglomération,Hors intersection,Temps couvert,Deux véhicules - arrière,,,,,,,,,,,5,1,1,8,2
200500006409,0005-01-29 22:55:00,5,1,29,22,55,930,64.0,AUTOROUTE A103,,,Nuit avec éclairage allumé,Hors agglomération,Hors intersection,Normale,Autre collision,,,,,,,,,,,5,1,1,1,6
200500006410,0005-01-29 23:10:00,5,1,29,23,10,950,527.0,AUTOROUTE A3,,,Nuit avec éclairage non allumé,Hors agglomération,Hors intersection,Normale,Trois véhicules et plus - collisions multiples,,,,,,,,,,,4,1,1,1,5
200500006411,0005-01-30 20:15:00,5,1,30,20,15,950,682.0,R.D. 104,,,Nuit sans éclairage public,Hors agglomération,Hors intersection,Pluie légère,Deux véhicules - frontale,,,,,,,,,,,3,1,1,2,1
200500006412,0005-01-31 08:20:00,5,1,31,8,20,950,582.0,AUTOROUTE A15,,,Plein jour,Hors agglomération,Hors intersection,Normale,Deux véhicules - côté,,,,,,,,,,,1,1,1,1,3
200500006413,0005-01-31 08:45:00,5,1,31,8,45,930,48.0,AUTOROUTE A3,,,Plein jour,Hors agglomération,Hors intersection,Normale,Deux véhicules - arrière,,,,,,,,,,,1,1,1,1,2
200500006414,0005-01-31 10:50:00,5,1,31,10,50,930,48.0,AUTOROUTE A3,,,Plein jour,Hors agglomération,Hors intersection,Normale,Deux véhicules - côté,,,,,,,,,,,1,1,1,1,3
200500006415,0005-01-31 20:50:00,5,1,31,20,50,950,277.0,AUTOROUTE A3,,,Nuit avec éclairage allumé,Hors agglomération,Autre intersection,Normale,Sans collision,,,,,,,,,,,5,1,9,1,7
200500006416,0005-01-31 21:50:00,5,1,31,21,50,930,66.0,AUTOROUTE A1,,,Nuit avec éclairage allumé,Hors agglomération,Hors intersection,Normale,Sans collision,,,,,,,,,,,5,1,1,1,7
200500006417,0005-01-31 16:00:00,5,1,31,16,0,950,252.0,AUTOROUTE A15,,,Plein jour,Hors agglomération,Hors intersection,Normale,Autre collision,,,,,,,,,,,1,1,1,1,6
200500006418,0005-01-31 13:30:00,5,1,31,13,30,930,32.0,AUTOROUTE A1,,,Plein jour,Hors agglomération,Hors intersection,Normale,Sans collision,,,,,,,,,,,1,1,1,1,7
200500006419,0005-01-01 06:55:00,5,1,1,6,55,770,495.0,AUTOROUTE A5,,,Nuit sans éclairage public,Hors agglomération,Hors intersection,Pluie légère,Autre collision,,,,,,,,,,,3,1,1,2,6
200500006420,0005-01-01 11:10:00,5,1,1,11,10,940,21.0,AUTOROUTE A6A,,,Plein jour,Hors agglomération,Hors intersection,Temps couvert,Autre collision,,,,,,,,,,,1,1,1,8,6
200500006421,0005-01-01 22:45:00,5,1,1,22,45,910,228.0,RN 104,,,Nuit sans éclairage public,Hors agglomération,Hors intersection,Temps couvert,Deux véhicules - frontale,,,,,,,,,,,3,1,1,8,1
200500006422,0005-01-02 11:20:00,5,1,2,11,20,910,617.0,RN 104,,,Plein jour,Hors agglomération,Hors intersection,Pluie légère,Autre collision,,,,,,,,,,,1,1,1,2,6
200500006423,0005-01-02 22:24:00,5,1,2,22,24,940,76.0,AUTOROUTE A6A,,,Nuit avec éclairage allumé,Hors agglomération,Hors intersection,Normale,Autre collision,,,,,,,,,,,5,1,1,1,6
200500006424,0005-01-03 06:11:00,5,1,3,6,11,940,65.0,AUTOROUTE A86,,,Nuit avec éclairage allumé,Hors agglomération,Hors intersection,Normale,Deux véhicules - arrière,,,,,,,,,,,5,1,1,1,2
200500006425,0005-01-03 12:45:00,5,1,3,12,45,940,38.0,AUTOROUTE A6A,,,Plein jour,Hors agglomération,Hors intersection,Normale,Trois véhicules et plus - collisions multiples,,,,,,,,,,,1,1,1,1,5
200500006426,0005-01-06 23:50:00,5,1,6,23,50,910,363.0,RN 104,,,Nuit sans éclairage public,Hors agglomération,Hors intersection,Normale,Autre collision,,,,,,,,,,,3,1,1,1,6
200500006427,0005-01-05 11:10:00,5,1,5,11,10,940,37.0,AUTOROUTE A6A,,,Plein jour,Hors agglomération,Hors intersection,Pluie légère,Autre collision,,,,,,,,,,,1,1,1,2,6
200500006428,0005-01-05 12:18:00,5,1,5,12,18,910,521.0,RN 104,,,Plein jour,Hors agglomération,Hors intersection,Temps couvert,Deux véhicules - côté,,,,,,,,,,,1,1,1,8,3
200500006429,0005-01-05 13:20:00,5,1,5,13,20,910,617.0,RN 104,,,Plein jour,Hors agglomération,Hors intersection,Temps couvert,Autre collision,,,,,,,,,,,1,1,1,8,6
200500006430,0005-01-05 17:20:00,5,1,5,17,20,920,2.0,AUTOROUTE A10,,,Crépuscule ou aube,Hors agglomération,Hors intersection,Pluie légère,Deux véhicules - côté,,,,,,,,,,,2,1,1,2,3
200500006431,0005-01-05 18:05:00,5,1,5,18,5,940,34.0,AUTOROUTE A86,,,Nuit avec éclairage allumé,Hors agglomération,Hors intersection,Pluie légère,Autre collision,,,,,,,,,,,5,1,1,2,6
200500006432,0005-01-05 22:15:00,5,1,5,22,15,910,471.0,RN 118,,,Nuit avec éclairage allumé,Hors agglomération,Hors intersection,Pluie légère,Autre collision,,,,,,,,,,,5,1,1,2,6
200500006433,0005-01-05 22:45:00,5,1,5,22,45,910,37.0,AUTOROUTE A6,,,Nuit sans éclairage public,Hors agglomération,Hors intersection,Temps couvert,Autre collision,,,,,,,,,,,3,1,1,8,6
200500006434,0005-01-06 08:30:00,5,1,6,8,30,910,228.0,AUTOROUTE A6,,,Plein jour,Hors agglomération,Hors intersection,Pluie légère,Sans collision,,,,,,,,,,,1,1,1,2,7
200500006435,0005-01-06 20:00:00,5,1,6,20,0,910,174.0,RN 104,,,Nuit sans éclairage public,Hors agglomération,Hors intersection,Pluie légère,Deux véhicules - arrière,,,,,,,,,,,3,1,1,2,2
200500006436,0005-01-07 07:50:00,5,1,7,7,50,910,228.0,AUTOROUTE A6,,,Crépuscule ou aube,Hors agglomération,Hors intersection,Normale,Trois véhicules et plus - collisions multiples,,,,,,,,,,,2,1,1,1,5
200500006437,0005-01-07 09:15:00,5,1,7,9,15,910,161.0,AUTOROUTE A6,,,Plein jour,Hors agglomération,Hors intersection,Normale,Deux véhicules - arrière,,,,,,,,,,,1,1,1,1,2
200500006438,0005-01-08 02:45:00,5,1,8,2,45,910,228.0,AUTOROUTE A6,,,Nuit sans éclairage public,Hors agglomération,Hors intersection,Normale,Deux véhicules - côté,,,,,,,,,,,3,1,1,1,3
200500006439,0005-01-08 11:00:00,5,1,8,11,0,910,64.0,RN 444,,,Plein jour,Hors agglomération,Hors intersection,Pluie légère,Autre collision,,,,,,,,,,,1,1,1,2,6
200500006440,0005-01-08 11:50:00,5,1,8,11,50,910,312.0,RN 444,,,Plein jour,Hors agglomération,Hors intersection,Pluie légère,Deux véhicules - côté,,,,,,,,,,,1,1,1,2,3
200500006441,0005-01-08 13:55:00,5,1,8,13,55,910,617.0,RN 104,,,Plein jour,Hors agglomération,Hors intersection,Pluie légère,Autre collision,,,,,,,,,,,1,1,1,2,6
200500006442,0005-01-08 15:18:00,5,1,8,15,18,910,692.0,RN 118,,,Plein jour,Hors agglomération,Hors intersection,Pluie légère,Autre collision,,,,,,,,,,,1,1,1,2,6
200500006443,0005-01-08 16:12:00,5,1,8,16,12,920,2.0,AUTOROUTE A10,,,Plein jour,Hors agglomération,Hors intersection,Pluie légère,Autre collision,,,,,,,,,,,1,1,1,2,6
200500006444,0005-01-09 23:40:00,5,1,9,23,40,910,103.0,RN 104,,,Nuit avec éclairage allumé,Hors agglomération,Hors intersection,Normale,Autre collision,,,,,,,,,,,5,1,1,1,6
200500006445,0005-01-10 08:30:00,5,1,10,8,30,910,553.0,RN 104,,,Crépuscule ou aube,Hors agglomération,Hors intersection,Normale,Deux véhicules - arrière,,,,,,,,,,,2,1,1,1,2
200500006446,0005-01-10 09:36:00,5,1,10,9,36,940,3.0,AUTOROUTE A6A,,,Plein jour,Hors agglomération,Hors intersection,Normale,Deux véhicules - arrière,,,,,,,,,,,1,1,1,1,2
200500006447,0005-01-10 15:10:00,5,1,10,15,10,910,363.0,AUTOROUTE A10,,,Plein jour,Hors agglomération,Hors intersection,Normale,Deux véhicules - arrière,,,,,,,,,,,1,1,1,1,2
200500006448,0005-01-10 20:50:00,5,1,10,20,50,910,64.0,RN 118,,,Nuit avec éclairage allumé,Hors agglomération,Hors intersection,Pluie légère,Autre collision,,,,,,,,,,,5,1,1,2,6
200500006449,0005-01-11 02:10:00,5,1,11,2,10,940,3.0,AUTOROUTE A6A,,,Nuit avec éclairage allumé,Hors agglomération,Hors intersection,Normale,Autre collision,,,,,,,,,,,5,1,1,1,6
200500006450,0005-01-12 08:40:00,5,1,12,8,40,910,136.0,AUTOROUTE A10,,,Plein jour,Hors agglomération,Hors intersection,Temps couvert,Autre collision,,,,,,,,,,,1,1,1,8,6
200500006451,0005-01-12 09:00:00,5,1,12,9,0,910,216.0,AUTOROUTE A6,,,Plein jour,Hors agglomération,Hors intersection,Temps couvert,Deux véhicules - arrière,,,,,,,,,,,1,1,1,8,2
200500006452,0005-01-12 17:50:00,5,1,12,17,50,910,339.0,RN 104,,,Plein jour,Hors agglomération,Hors intersection,Normale,Deux véhicules - arrière,,,,,,,,,,,1,1,1,1,2
200500006453,0005-01-13 06:45:00,5,1,13,6,45,910,286.0,AUTOROUTE A6,,,Nuit sans éclairage public,Hors agglomération,Hors intersection,Normale,Trois véhicules et plus - collisions multiples,,,,,,,,,,,3,1,1,1,5
200500006454,0005-01-14 06:50:00,5,1,14,6,50,910,434.0,AUTOROUTE A6,,,Nuit avec éclairage non allumé,Hors agglomération,Hors intersection,Brouillard / fumée,Deux véhicules - arrière,,,,,,,,,,,4,1,1,5,2
200500006455,0005-01-14 07:45:00,5,1,14,7,45,910,377.0,RN20,,,Crépuscule ou aube,Hors agglomération,Hors intersection,Brouillard / fumée,Deux véhicules - arrière,,,,,,,,,,,2,1,1,5,2
200500006456,0005-01-14 08:27:00,5,1,14,8,27,940,37.0,AUTOROUTE A6A,,,Crépuscule ou aube,Hors agglomération,Hors intersection,Brouillard / fumée,Autre collision,,,,,,,,,,,2,1,1,5,6
200500006457,0005-01-14 08:20:00,5,1,14,8,20,940,37.0,AUTOROUTE A6A,,,Crépuscule ou aube,Hors agglomération,Hors intersection,Brouillard / fumée,Autre collision,,,,,,,,,,,2,1,1,5,6
200500006458,0005-01-14 09:40:00,5,1,14,9,40,910,377.0,RN20,,,Plein jour,Hors agglomération,Hors intersection,Brouillard / fumée,Autre collision,,,,,,,,,,,1,1,1,5,6
200500006459,0005-01-16 03:10:00,5,1,16,3,10,910,228.0,RN 104,,,Nuit sans éclairage public,Hors agglomération,Hors intersection,Normale,Autre collision,,,,,,,,,,,3,1,1,1,6
200500006460,0005-01-16 19:45:00,5,1,16,19,45,910,340.0,AUTOROUTE A6,,,Nuit sans éclairage public,Hors agglomération,Hors intersection,Temps couvert,Deux véhicules - arrière,,,,,,,,,,,3,1,1,8,2
200500006461,0005-01-16 20:10:00,5,1,16,20,10,770,251.0,AUTOROUTE A5A,,,Nuit sans éclairage public,Hors agglomération,Hors intersection,Normale,Sans collision,,,,,,,,,,,3,1,1,1,7
200500006462,0005-01-18 23:25:00,5,1,18,23,25,910,182.0,AUTOROUTE A6,,,Nuit sans éclairage public,Hors agglomération,Hors intersection,Temps couvert,Deux véhicules - côté,,,,,,,,,,,3,1,1,8,3
200500006463,0005-01-17 06:30:00,5,1,17,6,30,910,589.0,AUTOROUTE A6,,,Nuit sans éclairage public,Hors agglomération,Hors intersection,Brouillard / fumée,Deux véhicules - arrière,,,,,,,,,,,3,1,1,5,2
200500006464,0005-01-18 08:26:00,5,1,18,8,26,940,21.0,AUTOROUTE A106,,,Plein jour,Hors agglomération,Hors intersection,Pluie légère,Deux véhicules - côté,,,,,,,,,,,1,1,1,2,3
200500006465,0005-01-22 10:00:00,5,1,22,10,0,940,38.0,AUTOROUTE A6A,,,Plein jour,Hors agglomération,Hors intersection,Pluie légère,Deux véhicules - côté,,,,,,,,,,,1,1,1,2,3
200500006466,0005-01-18 11:40:00,5,1,18,11,40,910,64.0,RN 118,,,Plein jour,Hors agglomération,Hors intersection,Normale,Autre collision,,,,,,,,,,,1,1,1,1,6
200500006467,0005-01-18 11:30:00,5,1,18,11,30,910,64.0,RN 118,,,Plein jour,Hors agglomération,Hors intersection,Normale,Deux véhicules - côté,,,,,,,,,,,1,1,1,1,3
200500006468,0005-01-18 17:45:00,5,1,18,17,45,910,161.0,AUTOROUTE A6,,,Nuit sans éclairage public,Hors agglomération,Hors intersection,Temps couvert,Trois véhicules et plus - en chaîne,,,,,,,,,,,3,1,1,8,4
200500006469,0005-01-19 08:00:00,5,1,19,8,0,940,38.0,AUTOROUTE A6B,,,Crépuscule ou aube,Hors agglomération,Hors intersection,Normale,Deux véhicules - côté,,,,,,,,,,,2,1,1,1,3
200500006470,0005-01-19 08:50:00,5,1,19,8,50,910,377.0,RN20,,,Plein jour,Hors agglomération,Autre intersection,Normale,Deux véhicules - côté,,,,,,,,,,,1,1,9,1,3
200500006471,0005-01-19 17:45:00,5,1,19,17,45,910,64.0,RN 118,,,Nuit sans éclairage public,Hors agglomération,Hors intersection,Normale,Trois véhicules et plus - collisions multiples,,,,,,,,,,,3,1,1,1,5
200500006472,0005-01-20 12:00:00,5,1,20,12,0,910,589.0,AUTOROUTE A6,,,Plein jour,Hors agglomération,Hors intersection,Temps couvert,Sans collision,,,,,,,,,,,1,1,1,8,7
200500006473,0005-01-21 06:25:00,5,1,21,6,25,910,645.0,RN 385 Exterieure,,,Crépuscule ou aube,Hors agglomération,Hors intersection,Pluie forte,Trois véhicules et plus - collisions multiples,,,,,,,,,,,2,1,1,3,5
200500006474,0005-01-21 15:47:00,5,1,21,15,47,910,286.0,AUTOROUTE A6,,,Plein jour,Hors agglomération,Hors intersection,Normale,Autre collision,,,,,,,,,,,1,1,1,1,6
200500006475,0005-01-22 08:10:00,5,1,22,8,10,940,34.0,AUTOROUTE A6B,,,Plein jour,Hors agglomération,Hors intersection,Normale,Deux véhicules - arrière,,,,,,,,,,,1,1,1,1,2
200500006476,0005-01-22 10:40:00,5,1,22,10,40,770,251.0,RN 104,,,Plein jour,Hors agglomération,Hors intersection,Temps couvert,Autre collision,,,,,,,,,,,1,1,1,8,6
200500006477,0005-01-22 14:40:00,5,1,22,14,40,910,339.0,RN 104,,,Plein jour,Hors agglomération,Hors intersection,Normale,Trois véhicules et plus - collisions multiples,,,,,,,,,,,1,1,1,1,5
200500006478,0005-01-23 01:40:00,5,1,23,1,40,910,64.0,RN 118,,,Nuit sans éclairage public,Hors agglomération,Hors intersection,Pluie légère,Deux véhicules - arrière,,,,,,,,,,,3,1,1,2,2