accident_id,datetime,annee,mois,jour,heure,minute,departement,commune_insee,adresse,latitude,longitude,luminosite,agglomeration,intersection,meteo,collision,nb_vehicules,nb_usagers,nb_indemnes,nb_tues,nb_blesses_hosp,nb_blesses_legers,age_cond_1,age_cond_2,veh_type_cond_1,veh_type_cond_2,lum_code,agg_code,int_code,atm_code,col_code
200500006479,0005-01-23 10:00:00,5,1,23,10,0,910,521.0,RN 104,,,Plein jour,Hors agglomération,Hors intersection,Temps couvert,Autre collision,,,,,,,,,,,1,1,1,8,6
200500006480,0005-01-23 12:30:00,5,1,23,12,30,770,251.0,RN 104,,,Plein jour,Hors agglomération,Hors intersection,Temps couvert,Sans collision,,,,,,,,,,,1,1,1,8,7
200500006481,0005-01-23 12:20:00,5,1,23,12,20,910,687.0,AUTOROUTE A6,,,Plein jour,Hors agglomération,Hors intersection,Temps couvert,Autre collision,,,,,,,,,,,1,1,1,8,6
200500006482,0005-01-23 17:20:00,5,1,23,17,20,910,103.0,RN 104,,,Plein jour,Hors agglomération,Hors intersection,Normale,Trois véhicules et plus - collisions multiples,,,,,,,,,,,1,1,1,1,5
200500006483,0005-01-24 08:40:00,5,1,24,8,40,910,86.0,RN 104,,,Crépuscule ou aube,Hors agglomération,Hors intersection,Normale,Trois véhicules et plus - collisions multiples,,,,,,,,,,,2,1,1,1,5
200500006484,0005-01-26 09:05:00,5,1,26,9,5,910,179.0,AUTOROUTE A6,,,Plein jour,Hors agglomération,Hors intersection,Normale,Autre collision,,,,,,,,,,,1,1,1,1,6
200500006485,0005-01-28 08:15:00,5,1,28,8,15,910,617.0,RN 104,,,Plein jour,Hors agglomération,Hors intersection,Pluie légère,Deux véhicules - arrière,,,,,,,,,,,1,1,1,2,2
200500006486,0005-01-29 21:00:00,5,1,29,21,0,910,103.0,RN 104,,,Nuit sans éclairage public,Hors agglomération,Hors intersection,Temps couvert,Autre collision,,,,,,,,,,,3,1,1,8,6
200500006487,0005-01-30 20:00:00,5,1,30,20,0,910,235.0,RN 104,,,Nuit sans éclairage public,Hors agglomération,Hors intersection,Pluie légère,Autre collision,,,,,,,,,,,3,1,1,2,6
200500006488,0005-01-02 01:53:00,5,1,2,1,53,202,33.0,"SANS, FRONT DE MER - ROU",,,Nuit avec éclairage allumé,En agglomération,Hors intersection,Normale,Deux véhicules - côté,,,,,,,,,,,5,2,1,1,3
200500006489,0005-01-03 14:15:00,5,1,3,14,15,202,33.0,"SANS, TUNNEL",,,Plein jour,En agglomération,Hors intersection,Normale,Deux véhicules - arrière,,,,,,,,,,,1,2,1,1,2
200500006490,0005-01-03 16:45:00,5,1,3,16,45,202,33.0,"SANS, ST JOSEPH - RUE",,,Plein jour,En agglomération,Hors intersection,Normale,Trois véhicules et plus - collisions multiples,,,,,,,,,,,1,2,1,1,5
200500006491,0005-01-06 00:51:00,5,1,6,0,51,202,37.0,"SANS, TOUTES RUES",,,Nuit avec éclairage allumé,En agglomération,Hors intersection,Normale,Autre collision,,,,,,,,,,,5,2,1,1,6
200500006492,0005-01-06 21:45:00,5,1,6,21,45,202,33.0,"SANS, ROND POINT",,,Nuit avec éclairage allumé,En agglomération,Hors intersection,Normale,Autre collision,,,,,,,,,,,5,2,1,1,6
200500006493,0005-01-11 10:51:00,5,1,11,10,51,202,33.0,"7, MARCHE - PLACE DU",,,Plein jour,En agglomération,Hors intersection,Normale,Autre collision,,,,,,,,,,,1,2,1,1,6
200500006494,0005-01-12 17:43:00,5,1,12,17,43,202,33.0,"SANS, TUNNEL",,,Plein jour,En agglomération,Hors intersection,Normale,Deux véhicules - frontale,,,,,,,,,,,1,2,1,1,1
200500006495,0005-01-14 11:15:00,5,1,14,11,15,202,33.0,"SANS, AV DE LA LIBERATIO",,,Plein jour,En agglomération,Hors intersection,Normale,Deux véhicules - arrière,,,,,,,,,,,1,2,1,1,2
200500006496,0005-01-19 13:10:00,5,1,19,13,10,202,33.0,"SANS, TUNNEL",,,Plein jour,En agglomération,Hors intersection,Normale,Deux véhicules - arrière,,,,,,,,,,,1,2,1,1,2
200500006497,0005-01-19 13:23:00,5,1,19,13,23,202,33.0,"1341, ST FLORENT-ANCIENN",,,Plein jour,En agglomération,Intersection en T,Normale,Deux véhicules - côté,,,,,,,,,,,1,2,3,1,3
200500006498,0005-01-19 14:07:00,5,1,19,14,7,202,33.0,"03, VEZZANI - RUE CESAR",,,Plein jour,En agglomération,Hors intersection,Normale,Deux véhicules - arrière,,,,,,,,,,,1,2,1,1,2
200500006499,0005-01-20 13:37:00,5,1,20,13,37,202,33.0,"SANS, FRONT DE MER - ROU",,,Plein jour,En agglomération,Hors intersection,Normale,Deux véhicules - frontale,,,,,,,,,,,1,2,1,1,1
200500006500,0005-01-20 13:12:00,5,1,20,13,12,202,33.0,"SANS, PLACE D'ARMES",,,Plein jour,En agglomération,Hors intersection,Normale,Autre collision,,,,,,,,,,,1,2,1,1,6
200500006501,0005-01-20 22:35:00,5,1,20,22,35,202,33.0,"SANS, TOUTES RUES",,,Nuit avec éclairage allumé,En agglomération,Hors intersection,Normale,Deux véhicules - côté,,,,,,,,,,,5,2,1,1,3
200500006502,0005-01-21 13:41:00,5,1,21,13,41,202,33.0,"SANS, ROUTE ROYALE",,,Plein jour,En agglomération,Intersection en X,Normale,Deux véhicules - côté,,,,,,,,,,,1,2,2,1,3
200500006503,0005-01-21 09:14:00,5,1,21,9,14,202,37.0,"sans, TOUTES RUES",,,Plein jour,En agglomération,Hors intersection,Normale,Deux véhicules - côté,,,,,,,,,,,1,2,1,1,3
200500006504,0005-01-21 17:25:00,5,1,21,17,25,202,33.0,"SANS, DANESI - BLD BENOI",,,Plein jour,En agglomération,Hors intersection,Normale,Autre collision,,,,,,,,,,,1,2,1,1,6
200500006505,0005-01-22 12:13:00,5,1,22,12,13,202,33.0,"SANS, FRANCOIS VITTORI",,,Plein jour,En agglomération,Intersection en T,Normale,Deux véhicules - côté,,,,,,,,,,,1,2,3,1,3
200500006506,0005-01-22 11:25:00,5,1,22,11,25,202,33.0,"SANS, MARTYRS - ESPACE Q",,,Plein jour,En agglomération,Hors intersection,Normale,Deux véhicules - arrière,,,,,,,,,,,1,2,1,1,2
200500006507,0005-01-22 11:40:00,5,1,22,11,40,202,33.0,"SANS, TOUTES RUES",,,Plein jour,En agglomération,Hors intersection,Normale,Deux véhicules - frontale,,,,,,,,,,,1,2,1,1,1
200500006508,0005-01-26 09:33:00,5,1,26,9,33,202,33.0,"07, GAUDIN - BLD AUGUSTE",,,Plein jour,En agglomération,Hors intersection,Normale,Autre collision,,,,,,,,,,,1,2,1,1,6
200500006509,0005-01-31 16:20:00,5,1,31,16,20,202,37.0,"SANS, TOUTES RUES",,,Plein jour,En agglomération,Hors intersection,Normale,Trois véhicules et plus - en chaîne,,,,,,,,,,,1,2,1,1,4
200500006510,0005-01-08 16:45:00,5,1,8,16,45,690,123.0,AUTOROUTE A7,,,Plein jour,En agglomération,Hors intersection,Normale,Deux véhicules - arrière,,,,,,,,,,,1,2,1,1,2
200500006511,0005-01-12 14:50:00,5,1,12,14,50,690,123.0,CHARITE (DE LA),,,Plein jour,En agglomération,Intersection en X,Normale,Sans collision,,,,,,,,,,,1,2,2,1,7
200500006512,0005-01-14 23:05:00,5,1,14,23,5,690,123.0,RAMBAUD,,,Nuit avec éclairage allumé,En agglomération,Intersection en T,Normale,Deux véhicules - frontale,,,,,,,,,,,5,2,3,1,1
200500006513,0005-01-24 07:20:00,5,1,24,7,20,690,123.0,EMILE ZOLA,,,Nuit avec éclairage non allumé,En agglomération,Intersection en X,Neige / grêle,Deux véhicules - côté,,,,,,,,,,,4,2,2,4,3
200500006514,0005-01-28 01:00:00,5,1,28,1,0,690,123.0,"45, DOCTEUR GAILLETON (D",,,Nuit avec éclairage allumé,En agglomération,Hors intersection,Normale,Deux véhicules - arrière,,,,,,,,,,,5,2,1,1,2
200500006515,0005-01-29 16:20:00,5,1,29,16,20,690,123.0,BELLECOUR,,,Plein jour,En agglomération,Intersection en T,Normale,Autre collision,,,,,,,,,,,1,2,3,1,6
200500006516,0005-01-26 17:46:00,5,1,26,17,46,690,123.0,"17, BELLECOUR",,,Nuit avec éclairage allumé,En agglomération,Hors intersection,Vent fort / tempête,Autre collision,,,,,,,,,,,5,2,1,6,6
200500006517,0005-01-22 09:45:00,5,1,22,9,45,690,123.0,CONDE (DE),,,Plein jour,En agglomération,Intersection en X,Pluie forte,Deux véhicules - côté,,,,,,,,,,,1,2,2,3,3
200500006518,0005-01-03 18:20:00,5,1,3,18,20,590,9.0,ROUTE NATIONALE 227,,,Nuit avec éclairage allumé,Hors agglomération,Hors intersection,Normale,Trois véhicules et plus - en chaîne,,,,,,,,,,,5,1,1,1,4
200500006519,0005-01-03 18:45:00,5,1,3,18,45,590,404.0,A16,,,Nuit avec éclairage allumé,Hors agglomération,Hors intersection,Normale,Deux véhicules - arrière,,,,,,,,,,,5,1,1,1,2
200500006520,0005-01-04 05:35:00,5,1,4,5,35,590,564.0,A 2,,,Nuit sans éclairage public,Hors agglomération,Hors intersection,Normale,Autre collision,,,,,,,,,,,3,1,1,1,6
200500006521,0005-01-04 09:25:00,5,1,4,9,25,620,393.0,AUTOROUTE A16,,,Plein jour,Hors agglomération,Hors intersection,Vent fort / tempête,Deux véhicules - arrière,,,,,,,,,,,1,1,1,6,2
200500006522,0005-01-08 17:07:00,5,1,8,17,7,620,193.0,A16,,,Plein jour,Hors agglomération,Hors intersection,Normale,Deux véhicules - côté,,,,,,,,,,,1,1,1,1,3
200500006523,0005-01-09 18:50:00,5,1,9,18,50,620,528.0,AUTOROUTE A21,,,Nuit avec éclairage allumé,Hors agglomération,Hors intersection,Normale,Deux véhicules - côté,,,,,,,,,,,5,1,1,1,3
200500006524,0005-01-10 14:40:00,5,1,10,14,40,590,462.0,AUTOROUTE A1,,,Plein jour,Hors agglomération,Hors intersection,Normale,Autre collision,,,,,,,,,,,1,1,1,1,6
200500006525,0005-01-10 19:30:00,5,1,10,19,30,590,183.0,AUTOROUTE A16,,,Nuit avec éclairage allumé,Hors agglomération,Hors intersection,Normale,Deux véhicules - côté,,,,,,,,,,,5,1,1,1,3
200500006526,0005-01-11 08:55:00,5,1,11,8,55,620,907.0,AUTOROUTE A1,,,Plein jour,Hors agglomération,Hors intersection,Normale,Autre collision,,,,,,,,,,,1,1,1,1,6
200500006527,0005-01-12 17:50:00,5,1,12,17,50,590,646.0,ROUTE NATIONALE 356,,,Nuit avec éclairage non allumé,Hors agglomération,Hors intersection,Normale,Trois véhicules et plus - collisions multiples,,,,,,,,,,,4,1,1,1,5
200500006528,0005-01-13 09:30:00,5,1,13,9,30,620,771.0,AUTOROUTE A21,,,Plein jour,Hors agglomération,Hors intersection,Normale,Deux véhicules - côté,,,,,,,,,,,1,1,1,1,3
200500006529,0005-01-13 13:30:00,5,1,13,13,30,590,343.0,AUTOROUTE A23,,,Plein jour,Hors agglomération,Hors intersection,Normale,Autre collision,,,,,,,,,,,1,1,1,1,6
200500006530,0005-01-13 15:50:00,5,1,13,15,50,590,378.0,R.N 352,,,Plein jour,Hors agglomération,Hors intersection,Normale,Sans collision,,,,,,,,,,,1,1,1,1,7
200500006531,0005-01-13 22:42:00,5,1,13,22,42,590,523.0,A 23.,,,Nuit sans éclairage public,Hors agglomération,Hors intersection,Normale,Deux véhicules - arrière,,,,,,,,,,,3,1,1,1,2
200500006532,0005-01-14 02:15:00,5,1,14,2,15,590,350.0,R.N.351,,,Nuit avec éclairage allumé,Hors agglomération,Hors intersection,Normale,Autre collision,,,,,,,,,,,5,1,1,1,6
200500006533,0005-01-14 19:15:00,5,1,14,19,15,590,459.0,AUTOROUTE A23,,,Nuit avec éclairage allumé,Hors agglomération,Hors intersection,Normale,Autre collision,,,,,,,,,,,5,1,1,1,6
200500006534,0005-01-15 05:15:00,5,1,15,5,15,590,215.0,A 2,,,Nuit sans éclairage public,Hors agglomération,Hors intersection,Normale,Sans collision,,,,,,,,,,,3,1,1,1,7
200500006535,0005-01-15 11:40:00,5,1,15,11,40,590,662.0,AUTOROUTE A25,,,Plein jour,Hors agglomération,Hors intersection,Normale,Trois véhicules et plus - en chaîne,,,,,,,,,,,1,1,1,1,4
200500006536,0005-01-15 15:05:00,5,1,15,15,5,590,9.0,ROUTE NATIONALE 227,,,Plein jour,Hors agglomération,Hors intersection,Normale,Trois véhicules et plus - en chaîne,,,,,,,,,,,1,1,1,1,4
200500006537,0005-01-15 15:30:00,5,1,15,15,30,620,274.0,AUTOROUTE A21,,,Plein jour,Hors agglomération,Hors intersection,Normale,Sans collision,,,,,,,,,,,1,1,1,1,7
200500006538,0005-01-16 00:01:00,5,1,16,0,1,590,189.0,AUTOROUTE A25,,,Nuit sans éclairage public,Hors agglomération,Hors intersection,Normale,Deux véhicules - côté,,,,,,,,,,,3,1,1,1,3
200500006539,0005-01-16 12:55:00,5,1,16,12,55,620,274.0,AUTOROUTE A21,,,Plein jour,Hors agglomération,Hors intersection,Pluie légère,Autre collision,,,,,,,,,,,1,1,1,2,6
200500006540,0005-01-17 15:10:00,5,1,17,15,10,590,360.0,AUTOROUTE A25,,,Plein jour,Hors agglomération,Hors intersection,Normale,Autre collision,,,,,,,,,,,1,1,1,1,6
200500006541,0005-01-17 18:10:00,5,1,17,18,10,590,646.0,ROUTE NATIONALE 356,,,Nuit avec éclairage allumé,Hors agglomération,Hors intersection,Pluie légère,Trois véhicules et plus - en chaîne,,,,,,,,,,,5,1,1,2,4
200500006542,0005-01-17 20:15:00,5,1,17,20,15,590,350.0,ROUTE NATIONALE 351,,,Nuit avec éclairage allumé,Hors agglomération,Hors intersection,Pluie légère,Deux véhicules - côté,,,,,,,,,,,5,1,1,2,3
200500006543,0005-01-17 01:30:00,5,1,17,1,30,590,350.0,ROUTE NATIONALE 356,,,Nuit avec éclairage allumé,Hors agglomération,Hors intersection,Pluie légère,Autre collision,,,,,,,,,,,5,1,1,2,6
200500006544,0005-01-18 08:15:00,5,1,18,8,15,590,507.0,AUTOROUTE A22,,,Crépuscule ou aube,Hors agglomération,Hors intersection,Pluie légère,Sans collision,,,,,,,,,,,2,1,1,2,7
200500006545,0005-01-19 10:00:00,5,1,19,10,0,590,350.0,ROUTE NATIONALE 356,,,Plein jour,Hors agglomération,Hors intersection,Normale,Deux véhicules - arrière,,,,,,,,,,,1,1,1,1,2
200500006546,0005-01-20 02:20:00,5,1,20,2,20,590,350.0,AUTOROUTE A25,,,Nuit avec éclairage allumé,Hors agglomération,Hors intersection,Normale,Autre collision,,,,,,,,,,,5,1,1,1,6
200500006547,0005-01-20 18:25:00,5,1,20,18,25,590,94.0,AUTOROUTE A16,,,Nuit avec éclairage allumé,Hors agglomération,Hors intersection,Pluie légère,Autre collision,,,,,,,,,,,5,1,1,2,6
200500006548,0005-01-21 11:55:00,5,1,21,11,55,590,515.0,ROUTE NATIONALE 356,,,Plein jour,Hors agglomération,Hors intersection,Normale,Deux véhicules - côté,,,,,,,,,,,1,1,1,1,3
200500006549,0005-01-21 18:50:00,5,1,21,18,50,590,646.0,ROUTE NATIONALE 356,,,Nuit avec éclairage non allumé,Hors agglomération,Hors intersection,Normale,Trois véhicules et plus - en chaîne,,,,,,,,,,,4,1,1,1,4
200500006550,0005-01-22 11:50:00,5,1,22,11,50,590,143.0,AUTOROUTE A25,,,Plein jour,Hors agglomération,Hors intersection,Normale,Autre collision,,,,,,,,,,,1,1,1,1,6
200500006551,0005-01-22 17:15:00,5,1,22,17,15,620,498.0,AUTOROUTE A21,,,Crépuscule ou aube,Hors agglomération,Hors intersection,Normale,Deux véhicules - côté,,,,,,,,,,,2,1,1,1,3
200500006552,0005-01-23 05:00:00,5,1,23,5,0,590,606.0,AUTOROUTE A23,,,Nuit sans éclairage public,Hors agglomération,Hors intersection,Normale,Sans collision,,,,,,,,,,,3,1,1,1,7
200500006553,0005-01-23 05:45:00,5,1,23,5,45,590,523.0,A 23,,,Nuit sans éclairage public,Hors agglomération,Hors intersection,Normale,Autre collision,,,,,,,,,,,3,1,1,1,6
200500006554,0005-01-26 15:40:00,5,1,26,15,40,590,350.0,AUTOROUTE A25,,,Plein jour,Hors agglomération,Hors intersection,Normale,Deux véhicules - côté,,,,,,,,,,,1,1,1,1,3
200500006555,0005-01-25 18:05:00,5,1,25,18,5,590,429.0,AUTOROUTE A2,,,Nuit sans éclairage public,Hors agglomération,Hors intersection,Normale,Deux véhicules - arrière,,,,,,,,,,,3,1,1,1,2
200500006556,0005-01-26 07:15:00,5,1,26,7,15,590,507.0,AUTOROUTE A1,,,Crépuscule ou aube,Hors agglomération,Hors intersection,Normale,Deux véhicules - arrière,,,,,,,,,,,2,1,1,1,2
200500006557,0005-01-26 08:30:00,5,1,26,8,30,620,771.0,AUTOROUTE A21,,,Plein jour,Hors agglomération,Hors intersection,Normale,Deux véhicules - côté,,,,,,,,,,,1,1,1,1,3
200500006558,0005-01-27 19:15:00,5,1,27,19,15,590,271.0,AUTOROUTE A16,,,Nuit avec éclairage allumé,Hors agglomération,Hors intersection,Pluie forte,Autre collision,,,,,,,,,,,5,1,1,3,6
200500006559,0005-01-28 13:55:00,5,1,28,13,55,590,343.0,R.N 227.,,,Plein jour,Hors agglomération,Hors intersection,Pluie légère,Deux véhicules - côté,,,,,,,,,,,1,1,1,2,3
200500006560,0005-01-31 13:50:00,5,1,31,13,50,590,646.0,ROUTE NATIONALE 356,,,Plein jour,Hors agglomération,Hors intersection,Pluie légère,Autre collision,,,,,,,,,,,1,1,1,2,6
200500006561,0005-01-01 00:01:00,5,1,1,0,1,690,384.0,"3, ESSES (DES)",,,Nuit avec éclairage allumé,En agglomération,Hors intersection,Normale,Deux véhicules - côté,,,,,,,,,,,5,2,1,1,3
200500006562,0005-01-01 07:45:00,5,1,1,7,45,330,63.0,ROCADE,,,Nuit avec éclairage allumé,Hors agglomération,Hors intersection,Pluie légère,Sans collision,,,,,,,,,,,5,1,1,2,7
200500006563,0005-01-02 18:08:00,5,1,2,18,8,330,39.0,ROCADE,,,Nuit sans éclairage public,Hors agglomération,Hors intersection,Temps couvert,Deux véhicules - arrière,,,,,,,,,,,3,1,1,8,2
200500006564,0005-01-02 18:10:00,5,1,2,18,10,330,39.0,ROCADE,,,Nuit sans éclairage public,Hors agglomération,Hors intersection,Temps couvert,Trois véhicules et plus - en chaîne,,,,,,,,,,,3,1,1,8,4
200500006565,0005-01-02 18:11:00,5,1,2,18,11,330,39.0,ROCADE,,,Nuit sans éclairage public,Hors agglomération,Autre intersection,Pluie légère,Sans collision,,,,,,,,,,,3,1,9,2,7
200500006566,0005-01-03 00:20:00,5,1,3,0,20,330,65.0,ROUTE NATIONALE,,,Nuit avec éclairage allumé,Hors agglomération,Hors intersection,Pluie légère,Autre collision,,,,,,,,,,,5,1,1,2,6
200500006567,0005-01-03 16:15:00,5,1,3,16,15,330,281.0,ROCADE,,,Plein jour,Hors agglomération,Hors intersection,Normale,Deux véhicules - arrière,,,,,,,,,,,1,1,1,1,2
200500006568,0005-01-05 08:03:00,5,1,5,8,3,330,96.0,AUTOROUTE,,,Crépuscule ou aube,Hors agglomération,Hors intersection,Normale,Trois véhicules et plus - en chaîne,,,,,,,,,,,2,1,1,1,4
200500006569,0005-01-06 08:45:00,5,1,6,8,45,330,192.0,ROCADE,,,Plein jour,Hors agglomération,Hors intersection,Pluie légère,Deux véhicules - arrière,,,,,,,,,,,1,1,1,2,2
200500006570,0005-01-09 13:30:00,5,1,9,13,30,330,281.0,ROCADE,,,Plein jour,Hors agglomération,Hors intersection,Normale,Autre collision,,,,,,,,,,,1,1,1,1,6
200500006571,0005-01-12 12:20:00,5,1,12,12,20,330,13.0,ROUTE NATIONALE,,,Plein jour,Hors agglomération,Hors intersection,Temps couvert,Sans collision,,,,,,,,,,,1,1,1,8,7
200500006572,0005-01-13 08:55:00,5,1,13,8,55,330,96.0,AUTOROUTE,,,Plein jour,Hors agglomération,Hors intersection,Autre,Trois véhicules et plus - en chaîne,,,,,,,,,,,1,1,1,9,4
200500006573,0005-01-16 11:30:00,5,1,16,11,30,330,249.0,ROUTE NATIONALE,,,Plein jour,Hors agglomération,Hors intersection,Normale,Autre collision,,,,,,,,,,,1,1,1,1,6
200500006574,0005-01-19 08:45:00,5,1,19,8,45,330,39.0,ROCADE,,,Plein jour,Hors agglomération,Hors intersection,Pluie légère,Autre collision,,,,,,,,,,,1,1,1,2,6
200500006575,0005-01-19 13:30:00,5,1,19,13,30,330,65.0,ROUTE NATIONALE,,,Plein jour,Hors agglomération,Hors intersection,Pluie légère,Autre collision,,,,,,,,,,,1,1,1,2,6
200500006576,0005-01-19 13:55:00,5,1,19,13,55,330,318.0,ROCADE,,,Plein jour,Hors agglomération,Hors intersection,Pluie légère,Deux véhicules - côté,,,,,,,,,,,1,1,1,2,3
200500006577,0005-01-19 16:05:00,5,1,19,16,5,330,39.0,ROCADE,,,Plein jour,Hors agglomération,Hors intersection,Pluie légère,Autre collision,,,,,,,,,,,1,1,1,2,6
200500006578,0005-01-20 20:00:00,5,1,20,20,0,330,96.0,AUTOROUTE,,,Nuit avec éclairage allumé,Hors agglomération,Hors intersection,Pluie légère,Deux véhicules - arrière,,,,,,,,,,,5,1,1,2,2
200500006579,0005-01-21 19:23:00,5,1,21,19,23,330,39.0,ROUTE NATIONALE,,,Nuit avec éclairage allumé,Hors agglomération,Hors intersection,Temps couvert,Autre collision,,,,,,,,,,,5,1,1,8,6
200500006580,0005-01-25 07:45:00,5,1,25,7,45,330,249.0,ROCADE,,,Crépuscule ou aube,Hors agglomération,Hors intersection,Normale,Deux véhicules - arrière,,,,,,,,,,,2,1,1,1,2
200500006581,0005-01-27 16:30:00,5,1,27,16,30,330,281.0,ROCADE,,,Plein jour,Hors agglomération,Hors intersection,Normale,Deux véhicules - arrière,,,,,,,,,,,1,1,1,1,2
200500006582,0005-01-28 10:20:00,5,1,28,10,20,330,39.0,ROCADE,,,Plein jour,Hors agglomération,Hors intersection,Pluie légère,Autre collision,,,,,,,,,,,1,1,1,2,6
200500006583,0005-01-30 21:15:00,5,1,30,21,15,330,448.0,AUTOROUTE,,,Nuit sans éclairage public,Hors agglomération,Hors intersection,Normale,Trois véhicules et plus - collisions multiples,,,,,,,,,,,3,1,1,1,5
200500006584,0005-01-06 11:30:00,5,1,6,11,30,670,482.0,Autoroute A.35,,,Plein jour,Hors agglomération,Hors intersection,Normale,Sans collision,,,,,,,,,,,1,1,1,1,7
200500006585,0005-01-14 17:00:00,5,1,14,17,0,670,152.0,Autoroute A.35,,,Plein jour,Hors agglomération,Hors intersection,Normale,Sans collision,,,,,,,,,,,1,1,1,1,7
200500006586,0005-01-03 20:00:00,5,1,3,20,0,540,232.0,Autoroute A 31,,,Nuit sans éclairage public,Hors agglomération,Hors intersection,Normale,Autre collision,,,,,,,,,,,3,1,1,1,6
200500006587,0005-01-10 08:55:00,5,1,10,8,55,540,351.0,Autoroute A 31,,,Plein jour,Hors agglomération,Hors intersection,Normale,Deux véhicules - arrière,,,,,,,,,,,1,1,1,1,2
200500006588,0005-01-17 18:30:00,5,1,17,18,30,540,215.0,Autoroute A 31,,,Nuit avec éclairage allumé,Hors agglomération,Autre intersection,Normale,Deux véhicules - arrière,,,,,,,,,,,5,1,9,1,2
200500006589,0005-01-18 16:17:00,5,1,18,16,17,540,320.0,Autoroute A 31,,,Plein jour,Hors agglomération,Hors intersection,Pluie légère,Autre collision,,,,,,,,,,,1,1,1,2,6
200500006590,0005-01-20 23:15:00,5,1,20,23,15,540,462.0,Autoroute A 33,,,Nuit avec éclairage non allumé,Hors agglomération,Hors intersection,Pluie légère,Autre collision,,,,,,,,,,,4,1,1,2,6
200500006591,0005-01-01 05:50:00,5,1,1,5,50,570,663.0,Autoroute A31,,,Nuit sans éclairage public,Hors agglomération,Hors intersection,Normale,Autre collision,,,,,,,,,,,3,1,1,1,6
200500006592,0005-01-06 07:20:00,5,1,6,7,20,570,303.0,Autoroute A31,,,Nuit sans éclairage public,Hors agglomération,Hors intersection,Pluie légère,Sans collision,,,,,,,,,,,3,1,1,2,7
200500006593,0005-01-11 13:42:00,5,1,11,13,42,570,582.0,Autoroute A31,,,Plein jour,Hors agglomération,Hors intersection,Normale,Deux véhicules - côté,,,,,,,,,,,1,1,1,1,3
200500006594,0005-01-12 09:50:00,5,1,12,9,50,570,582.0,Autoroute A31,,,Plein jour,Hors agglomération,Hors intersection,Pluie légère,Trois véhicules et plus - collisions multiples,,,,,,,,,,,1,1,1,2,5
200500006595,0005-01-20 07:40:00,5,1,20,7,40,570,582.0,Autoroute A31,,,Nuit avec éclairage allumé,Hors agglomération,Hors intersection,Pluie légère,Trois véhicules et plus - collisions multiples,,,,,,,,,,,5,1,1,2,5
200500006596,0005-01-20 21:25:00,5,1,20,21,25,570,666.0,Autoroute A31,,,Nuit avec éclairage allumé,Hors agglomération,Hors intersection,Pluie forte,Trois véhicules et plus - collisions multiples,,,,,,,,,,,5,1,1,3,5
200500006597,0005-01-21 02:08:00,5,1,21,2,8,570,452.0,Autoroute A31,,,Nuit avec éclairage allumé,Hors agglomération,Hors intersection,Pluie légère,Autre collision,,,,,,,,,,,5,1,1,2,6
200500006598,0005-01-04 19:00:00,5,1,4,19,0,690,387.0,YVES FARGES,,,Nuit avec éclairage non allumé,En agglomération,Intersection en X,Normale,Autre collision,,,,,,,,,,,4,2,2,1,6
200500006599,0005-01-07 20:20:00,5,1,7,20,20,690,387.0,"108, BERTHELOT",,,Nuit avec éclairage allumé,En agglomération,Hors intersection,Normale,Autre collision,,,,,,,,,,,5,2,1,1,6
200500006600,0005-01-11 12:20:00,5,1,11,12,20,690,387.0,"385, GARIBALDI",,,Plein jour,En agglomération,Hors intersection,Normale,Autre collision,,,,,,,,,,,1,2,1,1,6
200500006601,0005-01-07 11:00:00,5,1,7,11,0,690,387.0,"150, BERTHELOT",,,Plein jour,En agglomération,Intersection en X,Normale,Deux véhicules - côté,,,,,,,,,,,1,2,2,1,3
200500006602,0005-01-13 18:25:00,5,1,13,18,25,690,387.0,"76, CHALLEMEL LACOUR",,,Nuit avec éclairage allumé,En agglomération,Intersection en T,Normale,Autre collision,,,,,,,,,,,5,2,3,1,6
200500006603,0005-01-15 13:50:00,5,1,15,13,50,690,388.0,EPARGNE (DE L'),,,Plein jour,En agglomération,Hors intersection,Normale,Autre collision,,,,,,,,,,,1,2,1,1,6
200500006604,0005-01-19 22:25:00,5,1,19,22,25,690,387.0,", GARIBALDI",,,Nuit avec éclairage allumé,En agglomération,Intersection en X,Normale,Autre collision,,,,,,,,,,,5,2,2,1,6
200500006605,0005-01-26 03:40:00,5,1,26,3,40,690,387.0,DEBOURG,,,Nuit avec éclairage allumé,En agglomération,Hors intersection,Normale,Autre collision,,,,,,,,,,,5,2,1,1,6
200500006606,0005-01-20 08:41:00,5,1,20,8,41,690,387.0,"17, CHAMBAUD DE LA BRUYE",,,Plein jour,En agglomération,Hors intersection,Pluie légère,Autre collision,,,,,,,,,,,1,2,1,2,6
200500006607,0005-01-04 19:30:00,5,1,4,19,30,690,388.0,", AUDIBERT ET LAVIROTTE",,,Nuit avec éclairage allumé,En agglomération,Intersection en X,Normale,Autre collision,,,,,,,,,,,5,2,2,1,6
200500006608,0005-01-06 20:30:00,5,1,6,20,30,690,388.0,GENERAL FRERE (DU),,,Nuit avec éclairage allumé,En agglomération,Intersection en T,Normale,Autre collision,,,,,,,,,,,5,2,3,1,6
200500006609,0005-01-05 17:45:00,5,1,5,17,45,690,388.0,EPARGNE (DE L'),,,Nuit avec éclairage allumé,En agglomération,Hors intersection,Normale,Autre collision,,,,,,,,,,,5,2,1,1,6