accident_id,datetime,annee,mois,jour,heure,minute,departement,commune_insee,adresse,latitude,longitude,luminosite,agglomeration,intersection,meteo,collision,nb_vehicules,nb_usagers,nb_indemnes,nb_tues,nb_blesses_hosp,nb_blesses_legers,age_cond_1,age_cond_2,veh_type_cond_1,veh_type_cond_2,lum_code,agg_code,int_code,atm_code,col_code
200500006610,0005-01-10 17:15:00,5,1,10,17,15,690,388.0,"112, PAUL SANTY",,,Crépuscule ou aube,En agglomération,Hors intersection,Normale,Autre collision,,,,,,,,,,,2,2,1,1,6
200500006611,0005-01-17 18:50:00,5,1,17,18,50,690,388.0,PIERRE DELORE,,,Nuit avec éclairage allumé,En agglomération,Intersection en Y,Normale,Autre collision,,,,,,,,,,,5,2,4,1,6
200500006612,0005-01-18 20:50:00,5,1,18,20,50,690,388.0,ALBERT THOMAS,,,Nuit avec éclairage allumé,En agglomération,Intersection en T,Normale,Autre collision,,,,,,,,,,,5,2,3,1,6
200500006613,0005-01-10 12:20:00,5,1,10,12,20,690,388.0,"00, ETATS UNIS (DES)",,,Plein jour,En agglomération,Intersection en X,Normale,Autre collision,,,,,,,,,,,1,2,2,1,6
200500006614,0005-01-23 21:10:00,5,1,23,21,10,690,388.0,"3, PAUL CAZENEUVE",,,Nuit avec éclairage allumé,En agglomération,Hors intersection,Normale,Autre collision,,,,,,,,,,,5,2,1,1,6
200500006615,0005-01-23 20:20:00,5,1,23,20,20,690,388.0,PIERRE DELORE,,,Nuit avec éclairage allumé,En agglomération,Intersection en T,Normale,Autre collision,,,,,,,,,,,5,2,3,1,6
200500006616,0005-01-23 17:50:00,5,1,23,17,50,690,388.0,"102, GENERAL FRERE (DU)",,,Nuit avec éclairage allumé,En agglomération,Hors intersection,Normale,Autre collision,,,,,,,,,,,5,2,1,1,6
200500006617,0005-01-30 00:15:00,5,1,30,0,15,690,388.0,ETATS UNIS (DES),,,Nuit avec éclairage allumé,En agglomération,Intersection en X,Normale,Deux véhicules - côté,,,,,,,,,,,5,2,2,1,3
200500006618,0005-01-31 12:45:00,5,1,31,12,45,690,388.0,"000, FRERES LUMIERE (DES",,,Plein jour,En agglomération,Intersection en X,Normale,Autre collision,,,,,,,,,,,1,2,2,1,6
200500006619,0005-01-31 16:50:00,5,1,31,16,50,690,388.0,"0.0, ALOUETTES",,,Plein jour,En agglomération,Intersection en X,Normale,Autre collision,,,,,,,,,,,1,2,2,1,6
200500006620,0005-01-03 08:05:00,5,1,3,8,5,690,91.0,A46S,,,Plein jour,Hors agglomération,Hors intersection,Normale,Autre collision,,,,,,,,,,,1,1,1,1,6
200500006621,0005-01-01 03:00:00,5,1,1,3,0,10,249.0,A42,,,Nuit sans éclairage public,Hors agglomération,Hors intersection,Pluie légère,Deux véhicules - arrière,,,,,,,,,,,3,1,1,2,2
200500006622,0005-01-01 20:15:00,5,1,1,20,15,690,297.0,A7,,,Nuit avec éclairage allumé,Hors agglomération,Hors intersection,Pluie légère,Trois véhicules et plus - collisions multiples,,,,,,,,,,,5,1,1,2,5
200500006623,0005-01-29 08:55:00,5,1,29,8,55,690,295.0,A46S,,,Plein jour,Hors agglomération,Hors intersection,Temps couvert,Autre collision,,,,,,,,,,,1,1,1,8,6
200500006624,0005-01-08 11:20:00,5,1,8,11,20,380,544.0,N407,,,Plein jour,Hors agglomération,Hors intersection,Normale,Deux véhicules - côté,,,,,,,,,,,1,1,1,1,3
200500006625,0005-01-10 13:15:00,5,1,10,13,15,690,272.0,A46S,,,Plein jour,Hors agglomération,Hors intersection,Normale,Deux véhicules - arrière,,,,,,,,,,,1,1,1,1,2
200500006626,0005-01-11 10:15:00,5,1,11,10,15,690,297.0,A47,,,Plein jour,Hors agglomération,Hors intersection,Normale,Deux véhicules - côté,,,,,,,,,,,1,1,1,1,3
200500006627,0005-01-15 05:30:00,5,1,15,5,30,690,275.0,RN346,,,Nuit sans éclairage public,Hors agglomération,Hors intersection,Normale,Deux véhicules - côté,,,,,,,,,,,3,1,1,1,3
200500006628,0005-01-15 08:00:00,5,1,15,8,0,690,142.0,A7,,,Plein jour,Hors agglomération,Hors intersection,Normale,Trois véhicules et plus - collisions multiples,,,,,,,,,,,1,1,1,1,5
200500006629,0005-01-16 05:10:00,5,1,16,5,10,690,297.0,A7,,,Nuit sans éclairage public,Hors agglomération,Hors intersection,Brouillard / fumée,Autre collision,,,,,,,,,,,3,1,1,5,6
200500006630,0005-01-18 16:50:00,5,1,18,16,50,690,294.0,A46S,,,Nuit sans éclairage public,Hors agglomération,Hors intersection,Pluie légère,Sans collision,,,,,,,,,,,3,1,1,2,7
200500006631,0005-01-18 21:55:00,5,1,18,21,55,380,544.0,N407,,,Nuit avec éclairage non allumé,Hors agglomération,Hors intersection,Normale,Deux véhicules - côté,,,,,,,,,,,4,1,1,1,3
200500006632,0005-01-21 00:15:00,5,1,21,0,15,380,87.0,A7,,,Nuit avec éclairage non allumé,Hors agglomération,Hors intersection,Pluie légère,Deux véhicules - arrière,,,,,,,,,,,4,1,1,2,2
200500006633,0005-01-21 02:55:00,5,1,21,2,55,690,199.0,RN383,,,Nuit avec éclairage allumé,Hors agglomération,Hors intersection,Pluie légère,Sans collision,,,,,,,,,,,5,1,1,2,7
200500006634,0005-01-21 18:00:00,5,1,21,18,0,690,272.0,A46S,,,Nuit sans éclairage public,Hors agglomération,Hors intersection,Pluie légère,Trois véhicules et plus - en chaîne,,,,,,,,,,,3,1,1,2,4
200500006635,0005-01-23 13:05:00,5,1,23,13,5,690,256.0,A42,,,Plein jour,Hors agglomération,Autre intersection,Pluie légère,Deux véhicules - frontale,,,,,,,,,,,1,1,9,2,1
200500006636,0005-01-25 21:50:00,5,1,25,21,50,690,29.0,RN383,,,Nuit avec éclairage allumé,Hors agglomération,Hors intersection,Normale,Autre collision,,,,,,,,,,,5,1,1,1,6
200500006637,0005-01-26 12:10:00,5,1,26,12,10,690,388.0,RN383,,,Plein jour,Hors agglomération,Hors intersection,Normale,Trois véhicules et plus - en chaîne,,,,,,,,,,,1,1,1,1,4
200500006638,0005-01-27 00:20:00,5,1,27,0,20,690,199.0,RN383,,,Nuit avec éclairage allumé,Hors agglomération,Autre intersection,Normale,Deux véhicules - côté,,,,,,,,,,,5,1,9,1,3
200500006639,0005-01-27 12:15:00,5,1,27,12,15,690,288.0,A43,,,Plein jour,Hors agglomération,Hors intersection,Normale,Autre collision,,,,,,,,,,,1,1,1,1,6
200500006640,0005-01-28 22:15:00,5,1,28,22,15,690,142.0,A7,,,Nuit avec éclairage allumé,Hors agglomération,Hors intersection,Normale,Autre collision,,,,,,,,,,,5,1,1,1,6
200500006641,0005-01-29 06:00:00,5,1,29,6,0,690,29.0,RN383,,,Nuit avec éclairage allumé,Hors agglomération,Hors intersection,Temps couvert,Deux véhicules - côté,,,,,,,,,,,5,1,1,8,3
200500006642,0005-01-29 12:43:00,5,1,29,12,43,690,29.0,RN383,,,Plein jour,Hors agglomération,Hors intersection,Normale,Autre collision,,,,,,,,,,,1,1,1,1,6
200500006643,0005-01-29 20:35:00,5,1,29,20,35,690,275.0,RN346,,,Nuit avec éclairage allumé,Hors agglomération,Hors intersection,Normale,Sans collision,,,,,,,,,,,5,1,1,1,7
200500006644,0005-01-30 02:15:00,5,1,30,2,15,690,271.0,RN346,,,Nuit avec éclairage non allumé,Hors agglomération,Hors intersection,Normale,Trois véhicules et plus - collisions multiples,,,,,,,,,,,4,1,1,1,5
200500006645,0005-01-30 03:18:00,5,1,30,3,18,690,290.0,A43,,,Nuit avec éclairage allumé,Hors agglomération,Hors intersection,Normale,Sans collision,,,,,,,,,,,5,1,1,1,7
200500006646,0005-01-30 22:40:00,5,1,30,22,40,690,275.0,RN346,,,Nuit sans éclairage public,Hors agglomération,Hors intersection,Normale,Autre collision,,,,,,,,,,,3,1,1,1,6
200500006647,0005-01-31 20:15:00,5,1,31,20,15,690,29.0,RN383,,,Nuit avec éclairage allumé,Hors agglomération,Hors intersection,Normale,Sans collision,,,,,,,,,,,5,1,1,1,7
200500006648,0005-01-24 07:55:00,5,1,24,7,55,690,276.0,BUS (RD301),,,Plein jour,Hors agglomération,Hors intersection,Neige / grêle,Deux véhicules - arrière,,,,,,,,,,,1,1,1,4,2
200500006649,0005-01-14 18:15:00,5,1,14,18,15,690,29.0,RN383,,,Nuit sans éclairage public,Hors agglomération,Autre intersection,Normale,Trois véhicules et plus - en chaîne,,,,,,,,,,,3,1,9,1,4
200500006650,0005-01-04 15:35:00,5,1,4,15,35,690,389.0,ANTONIN LABORDE,,,Plein jour,En agglomération,Intersection en X,Normale,Deux véhicules - côté,,,,,,,,,,,1,2,2,1,3
200500006651,0005-01-21 15:35:00,5,1,21,15,35,690,389.0,"94-96, ST CYR (DE)",,,Plein jour,En agglomération,Hors intersection,Temps couvert,Autre collision,,,,,,,,,,,1,2,1,8,6
200500006652,0005-01-24 18:05:00,5,1,24,18,5,690,389.0,"33, MARIETTON",,,Nuit avec éclairage allumé,En agglomération,Hors intersection,Neige / grêle,Autre collision,,,,,,,,,,,5,2,1,4,6
200500006653,0005-01-25 20:15:00,5,1,25,20,15,690,389.0,", 25EME REGIMENT DE TIRA",,,Nuit avec éclairage allumé,En agglomération,Hors intersection,Normale,Autre collision,,,,,,,,,,,5,2,1,1,6
200500006654,0005-01-27 08:40:00,5,1,27,8,40,690,389.0,"35, BOURGOGNE (DE)",,,Plein jour,En agglomération,Hors intersection,Normale,Autre collision,,,,,,,,,,,1,2,1,1,6
200500006655,0005-01-31 14:00:00,5,1,31,14,0,690,389.0,MARIETTON,,,Plein jour,En agglomération,Hors intersection,Normale,Autre collision,,,,,,,,,,,1,2,1,1,6
200500006656,0005-01-20 11:45:00,5,1,20,11,45,690,389.0,"18, CHAPEAU ROUGE (DU)",,,Plein jour,En agglomération,Hors intersection,Normale,Autre collision,,,,,,,,,,,1,2,1,1,6
200500006657,0005-01-05 14:40:00,5,1,5,14,40,830,137.0,A57,,,Plein jour,Hors agglomération,Hors intersection,Normale,Deux véhicules - arrière,,,,,,,,,,,1,1,1,1,2
200500006658,0005-01-08 23:10:00,5,1,8,23,10,830,69.0,A570,,,Nuit sans éclairage public,Hors agglomération,Hors intersection,Normale,Autre collision,,,,,,,,,,,3,1,1,1,6
200500006659,0005-01-10 10:00:00,5,1,10,10,0,830,62.0,A57,,,Plein jour,Hors agglomération,Autre intersection,Normale,Deux véhicules - arrière,,,,,,,,,,,1,1,9,1,2
200500006660,0005-01-12 18:10:00,5,1,12,18,10,830,69.0,RN98,,,Nuit avec éclairage non allumé,Hors agglomération,Hors intersection,Normale,Deux véhicules - arrière,,,,,,,,,,,4,1,1,1,2
200500006661,0005-01-13 14:00:00,5,1,13,14,0,830,137.0,A57,,,Plein jour,Hors agglomération,Hors intersection,Normale,Trois véhicules et plus - en chaîne,,,,,,,,,,,1,1,1,1,4
200500006662,0005-01-17 09:00:00,5,1,17,9,0,830,137.0,A57,,,Plein jour,Hors agglomération,Hors intersection,Normale,Trois véhicules et plus - en chaîne,,,,,,,,,,,1,1,1,1,4
200500006663,0005-01-22 15:20:00,5,1,22,15,20,830,137.0,A57,,,Plein jour,Hors agglomération,Hors intersection,Normale,Trois véhicules et plus - en chaîne,,,,,,,,,,,1,1,1,1,4
200500006664,0005-01-24 14:30:00,5,1,24,14,30,830,137.0,A57,,,Plein jour,Hors agglomération,Hors intersection,Normale,Deux véhicules - arrière,,,,,,,,,,,1,1,1,1,2
200500006665,0005-01-25 10:15:00,5,1,25,10,15,830,69.0,RN98,,,Plein jour,Hors agglomération,Hors intersection,Normale,Autre collision,,,,,,,,,,,1,1,1,1,6
200500006666,0005-01-28 14:00:00,5,1,28,14,0,830,137.0,A57,,,Plein jour,Hors agglomération,Hors intersection,Normale,Trois véhicules et plus - en chaîne,,,,,,,,,,,1,1,1,1,4
200500006667,0005-01-31 16:40:00,5,1,31,16,40,830,144.0,A57,,,Plein jour,Hors agglomération,Hors intersection,Normale,Trois véhicules et plus - en chaîne,,,,,,,,,,,1,1,1,1,4
200500006668,0005-01-31 18:55:00,5,1,31,18,55,830,137.0,A50,,,Nuit avec éclairage allumé,Hors agglomération,Hors intersection,Normale,Trois véhicules et plus - collisions multiples,,,,,,,,,,,5,1,1,1,5
200500006669,0005-01-01 05:40:00,5,1,1,5,40,130,70.0,A50-Sens Marseille vers,,,Nuit avec éclairage allumé,Hors agglomération,Hors intersection,Normale,Deux véhicules - arrière,,,,,,,,,,,5,1,1,1,2
200500006670,0005-01-02 18:21:00,5,1,2,18,21,130,71.0,A7-Sens Lyon vers Marsei,,,Nuit sans éclairage public,Hors agglomération,Hors intersection,Normale,Trois véhicules et plus - en chaîne,,,,,,,,,,,3,1,1,1,4
200500006671,0005-01-03 14:35:00,5,1,3,14,35,130,106.0,A51-Sens Aix en Provence,,,Plein jour,Hors agglomération,Hors intersection,Normale,Deux véhicules - côté,,,,,,,,,,,1,1,1,1,3
200500006672,0005-01-04 08:50:00,5,1,4,8,50,130,71.0,A5501G-Sens Mlle Vieux P,,,Plein jour,Hors agglomération,Autre intersection,Normale,Trois véhicules et plus - en chaîne,,,,,,,,,,,1,1,9,1,4
200500006673,0005-01-05 08:50:00,5,1,5,8,50,130,71.0,A55 - Sens Marseille ver,,,Plein jour,Hors agglomération,Hors intersection,Normale,Deux véhicules - arrière,,,,,,,,,,,1,1,1,1,2
200500006674,0005-01-06 07:40:00,5,1,6,7,40,130,55.0,Tunnel Prado Carénage,,,Nuit avec éclairage allumé,Hors agglomération,Hors intersection,Normale,Trois véhicules et plus - en chaîne,,,,,,,,,,,5,1,1,1,4
200500006675,0005-01-08 01:10:00,5,1,8,1,10,130,71.0,A51-Sens Aix en Provence,,,Nuit sans éclairage public,Hors agglomération,Hors intersection,Normale,Deux véhicules - arrière,,,,,,,,,,,3,1,1,1,2
200500006676,0005-01-09 18:00:00,5,1,9,18,0,130,5.0,A501-Sens Aubagne vers P,,,Nuit avec éclairage allumé,Hors agglomération,Hors intersection,Normale,Deux véhicules - côté,,,,,,,,,,,5,1,1,1,3
200500006677,0005-01-10 18:00:00,5,1,10,18,0,130,55.0,A7-Sens Lyon vers Marsei,,,Nuit sans éclairage public,Hors agglomération,Hors intersection,Normale,Deux véhicules - arrière,,,,,,,,,,,3,1,1,1,2
200500006678,0005-01-11 07:15:00,5,1,11,7,15,130,55.0,A7-Sens Marseille vers L,,,Nuit sans éclairage public,Hors agglomération,Hors intersection,Normale,Deux véhicules - arrière,,,,,,,,,,,3,1,1,1,2
200500006679,0005-01-12 15:35:00,5,1,12,15,35,130,15.0,A51-Sens Aix en Provence,,,Plein jour,Hors agglomération,Hors intersection,Normale,Deux véhicules - côté,,,,,,,,,,,1,1,1,1,3
200500006680,0005-01-14 23:25:00,5,1,14,23,25,130,55.0,A50-Sens Aubagne vers Ma,,,Nuit sans éclairage public,Hors agglomération,Hors intersection,Normale,Autre collision,,,,,,,,,,,3,1,1,1,6
200500006681,0005-01-15 15:45:00,5,1,15,15,45,130,19.0,A51-Sens Aix en Provence,,,Plein jour,Hors agglomération,Hors intersection,Normale,Deux véhicules - arrière,,,,,,,,,,,1,1,1,1,2
200500006682,0005-01-15 19:40:00,5,1,15,19,40,130,55.0,Tunnel Joliette vers A.5,,,Nuit avec éclairage allumé,Hors agglomération,Hors intersection,Normale,Autre collision,,,,,,,,,,,5,1,1,1,6
200500006683,0005-01-15 21:32:00,5,1,15,21,32,130,55.0,A7-Sens Lyon vers Marsei,,,Nuit sans éclairage public,Hors agglomération,Autre intersection,Autre,Deux véhicules - côté,,,,,,,,,,,3,1,9,9,3
200500006684,0005-01-17 09:10:00,5,1,17,9,10,130,1.0,A51-Sens Aix en Provence,,,Plein jour,Hors agglomération,Hors intersection,Normale,Deux véhicules - côté,,,,,,,,,,,1,1,1,1,3
200500006685,0005-01-17 12:15:00,5,1,17,12,15,130,85.0,A50-Sens Aubagne vers To,,,Plein jour,Hors agglomération,Hors intersection,Normale,Sans collision,,,,,,,,,,,1,1,1,1,7
200500006686,0005-01-17 15:10:00,5,1,17,15,10,130,55.0,TVPCM-Sens Saint Victor,,,Plein jour,Hors agglomération,Hors intersection,Normale,Trois véhicules et plus - en chaîne,,,,,,,,,,,1,1,1,1,4
200500006687,0005-01-18 08:23:00,5,1,18,8,23,130,15.0,A515CM-sortie Gardanne/B,,,Plein jour,Hors agglomération,Hors intersection,Normale,Sans collision,,,,,,,,,,,1,1,1,1,7
200500006688,0005-01-18 14:00:00,5,1,18,14,0,130,55.0,A55-Sens Marseille vers,,,Plein jour,Hors agglomération,Hors intersection,Pluie légère,Autre collision,,,,,,,,,,,1,1,1,2,6
200500006689,0005-01-18 20:00:00,5,1,18,20,0,130,5.0,A50-Sens Marseille vers,,,Nuit sans éclairage public,Hors agglomération,Hors intersection,Normale,Deux véhicules - arrière,,,,,,,,,,,3,1,1,1,2
200500006690,0005-01-19 14:30:00,5,1,19,14,30,130,26.0,A55-Sens Martigues vers,,,Plein jour,Hors agglomération,Hors intersection,Normale,Deux véhicules - arrière,,,,,,,,,,,1,1,1,1,2
200500006691,0005-01-20 09:55:00,5,1,20,9,55,130,88.0,A55-Sens Marseille vers,,,Plein jour,Hors agglomération,Hors intersection,Normale,Sans collision,,,,,,,,,,,1,1,1,1,7
200500006692,0005-01-21 16:05:00,5,1,21,16,5,130,81.0,A7-Sens Lyon vers Marsei,,,Plein jour,Hors agglomération,Hors intersection,Normale,Deux véhicules - côté,,,,,,,,,,,1,1,1,1,3
200500006693,0005-01-22 14:15:00,5,1,22,14,15,130,55.0,A50-Sens Marseille vers,,,Plein jour,Hors agglomération,Hors intersection,Normale,Trois véhicules et plus - en chaîne,,,,,,,,,,,1,1,1,1,4
200500006694,0005-01-23 13:30:00,5,1,23,13,30,130,88.0,A55-Sens Marseille vers,,,Plein jour,Hors agglomération,Hors intersection,Pluie légère,Trois véhicules et plus - collisions multiples,,,,,,,,,,,1,1,1,2,5
200500006695,0005-01-23 18:05:00,5,1,23,18,5,130,106.0,A51-Sens Aix en Provence,,,Nuit sans éclairage public,Hors agglomération,Hors intersection,Pluie légère,Trois véhicules et plus - en chaîne,,,,,,,,,,,3,1,1,2,4
200500006696,0005-01-24 07:40:00,5,1,24,7,40,130,70.0,A50-Sens Marseille vers,,,Crépuscule ou aube,Hors agglomération,Hors intersection,Normale,Deux véhicules - arrière,,,,,,,,,,,2,1,1,1,2
200500006697,0005-01-25 00:15:00,5,1,25,0,15,130,71.0,A5502D-sens Martigues ve,,,Nuit sans éclairage public,Hors agglomération,Autre intersection,Normale,Sans collision,,,,,,,,,,,3,1,9,1,7
200500006698,0005-01-25 08:30:00,5,1,25,8,30,130,1.0,A51-Sens Aix en Provence,,,Plein jour,Hors agglomération,Hors intersection,Normale,Deux véhicules - côté,,,,,,,,,,,1,1,1,1,3
200500006699,0005-01-26 15:20:00,5,1,26,15,20,130,117.0,A7-Sens Marseille vers L,,,Plein jour,Hors agglomération,Autre intersection,Normale,Deux véhicules - côté,,,,,,,,,,,1,1,9,1,3
200500006700,0005-01-27 02:35:00,5,1,27,2,35,130,55.0,A50-Sens Aubagne vers Ma,,,Nuit avec éclairage allumé,Hors agglomération,Hors intersection,Normale,Autre collision,,,,,,,,,,,5,1,1,1,6
200500006701,0005-01-27 15:35:00,5,1,27,15,35,130,55.0,A55-Sens Martigues vers,,,Plein jour,Hors agglomération,Hors intersection,Normale,Autre collision,,,,,,,,,,,1,1,1,1,6
200500006702,0005-01-28 06:40:00,5,1,28,6,40,130,71.0,A51-Sens Aix en Provence,,,Nuit sans éclairage public,Hors agglomération,Hors intersection,Normale,Autre collision,,,,,,,,,,,3,1,1,1,6
200500006703,0005-01-28 15:00:00,5,1,28,15,0,130,71.0,A55-Sens Martigues vers,,,Plein jour,Hors agglomération,Hors intersection,Normale,Sans collision,,,,,,,,,,,1,1,1,1,7
200500006704,0005-01-28 19:05:00,5,1,28,19,5,130,15.0,A51-Sens Marseille vers,,,Nuit sans éclairage public,Hors agglomération,Hors intersection,Normale,Deux véhicules - arrière,,,,,,,,,,,3,1,1,1,2
200500006705,0005-01-28 20:00:00,5,1,28,20,0,130,15.0,A51-Sens Marseille vers,,,Nuit sans éclairage public,Hors agglomération,Hors intersection,Normale,Deux véhicules - arrière,,,,,,,,,,,3,1,1,1,2
200500006706,0005-01-29 12:30:00,5,1,29,12,30,130,71.0,A51-Sens Aix en Provence,,,Plein jour,Hors agglomération,Hors intersection,Normale,Autre collision,,,,,,,,,,,1,1,1,1,6
200500006707,0005-01-30 18:15:00,5,1,30,18,15,130,55.0,A7-Sens Lyon vers Marsei,,,Crépuscule ou aube,Hors agglomération,Hors intersection,Normale,Trois véhicules et plus - en chaîne,,,,,,,,,,,2,1,1,1,4
200500006708,0005-01-31 05:20:00,5,1,31,5,20,130,106.0,A7-Sens Marseille vers L,,,Crépuscule ou aube,Hors agglomération,Hors intersection,Normale,Deux véhicules - arrière,,,,,,,,,,,2,1,1,1,2
200500006709,0005-01-13 18:15:00,5,1,13,18,15,720,143.0,CD304,47.87,0.47,Nuit sans éclairage public,En agglomération,Hors intersection,Brouillard / fumée,Autre collision,,,,,,,,,,,3,2,1,5,6
200500006710,0005-01-23 17:20:00,5,1,23,17,20,270,681.0,DOCTEUR DEVIGNEVIEILLE,,,Plein jour,En agglomération,Intersection en X,Normale,Autre collision,,,,,,,,,,,1,2,2,1,6
200500006711,0005-01-25 07:45:00,5,1,25,7,45,330,63.0,GEORGE V (BD ),,,Nuit avec éclairage allumé,En agglomération,Intersection en X,Normale,Autre collision,,,,,,,,,,,5,2,2,1,6
200500006712,0005-01-06 17:55:00,5,1,6,17,55,590,378.0,MARNE AVENUE DE LA,,,Crépuscule ou aube,En agglomération,Intersection à plus de 4 branches,Temps couvert,Autre collision,,,,,,,,,,,2,2,5,8,6
200500006713,0005-01-31 19:00:00,5,1,31,19,0,590,350.0,FAUBOURG DES POSTES RUE,,,Crépuscule ou aube,En agglomération,Hors intersection,Pluie légère,Deux véhicules - arrière,,,,,,,,,,,2,2,1,2,2
200500006714,0005-01-24 07:05:00,5,1,24,7,5,620,688.0,"2289, BERCK (ROUTE DE)",,,Nuit avec éclairage allumé,En agglomération,Hors intersection,Neige / grêle,Deux véhicules - frontale,,,,,,,,,,,5,2,1,4,1
200500006715,0005-01-04 12:03:00,5,1,4,12,3,620,186.0,"., ALOUETTES (BD DES)",,,Plein jour,En agglomération,Hors intersection,Normale,Sans collision,,,,,,,,,,,1,2,1,1,7
200500006716,0005-01-16 10:00:00,5,1,16,10,0,920,23.0,MOULIN DE PIERRE (RUE DU,,,Plein jour,En agglomération,Intersection en T,Normale,Autre collision,,,,,,,,,,,1,2,3,1,6
200500006717,0005-01-31 20:00:00,5,1,31,20,0,920,23.0,GENERAL DE GAULLE (AVENU,,,Nuit avec éclairage allumé,En agglomération,Hors intersection,Normale,Deux véhicules - côté,,,,,,,,,,,5,2,1,1,3
200500006718,0005-01-11 16:10:00,5,1,11,16,10,920,26.0,PAUL DOUMER,,,Plein jour,En agglomération,Hors intersection,Temps couvert,Deux véhicules - côté,,,,,,,,,,,1,2,1,8,3
200500006719,0005-01-05 20:20:00,5,1,5,20,20,920,26.0,MARCEAU,,,Nuit avec éclairage allumé,En agglomération,Autre intersection,Pluie légère,Autre collision,,,,,,,,,,,5,2,9,2,6
200500006720,0005-01-11 15:45:00,5,1,11,15,45,920,26.0,JOFFRE,,,Plein jour,En agglomération,Intersection en T,Pluie légère,Deux véhicules - côté,,,,,,,,,,,1,2,3,2,3
200500006721,0005-01-21 16:50:00,5,1,21,16,50,920,26.0,"9, REPUBLIQUE (DE 01 A 2",,,Plein jour,En agglomération,Hors intersection,Normale,Autre collision,,,,,,,,,,,1,2,1,1,6
200500006722,0005-01-03 17:20:00,5,1,3,17,20,920,26.0,BEZONS  (DE 01 A 22),,,Plein jour,En agglomération,Intersection en X,Normale,Autre collision,,,,,,,,,,,1,2,2,1,6
200500006723,0005-01-13 16:00:00,5,1,13,16,0,920,26.0,VERDUN (DE 01 A 61),,,Plein jour,En agglomération,Intersection en T,Normale,Deux véhicules - côté,,,,,,,,,,,1,2,3,1,3
200500006724,0005-01-28 11:30:00,5,1,28,11,30,940,41.0,"05, JEAN LE GALLEU (R)",,,Plein jour,En agglomération,Intersection en X,Pluie légère,Sans collision,,,,,,,,,,,1,2,2,2,7
200500006725,0005-01-29 20:15:00,5,1,29,20,15,940,41.0,"17, SAINT JUST (R)",,,Nuit avec éclairage allumé,En agglomération,Hors intersection,Pluie légère,Sans collision,,,,,,,,,,,5,2,1,2,7
200500006726,0005-01-26 08:50:00,5,1,26,8,50,940,41.0,JULES VANZUPPE (R),,,Crépuscule ou aube,En agglomération,Intersection en X,Pluie légère,Deux véhicules - côté,,,,,,,,,,,2,2,2,2,3
200500006727,0005-01-28 18:45:00,5,1,28,18,45,940,41.0,MICHELET (R),,,Plein jour,En agglomération,Intersection en X,Pluie légère,Sans collision,,,,,,,,,,,1,2,2,2,7
200500006728,0005-01-02 19:55:00,5,1,2,19,55,940,41.0,"35, JEAN JAURES (AV)",,,Nuit avec éclairage allumé,En agglomération,Intersection en T,Pluie légère,Autre collision,,,,,,,,,,,5,2,3,2,6
200500006729,0005-01-22 18:00:00,5,1,22,18,0,940,41.0,"95, GEORGES GOSNAT (AV)",,,Crépuscule ou aube,En agglomération,Hors intersection,Normale,Deux véhicules - arrière,,,,,,,,,,,2,2,1,1,2
200500006730,0005-01-28 19:50:00,5,1,28,19,50,940,41.0,"92, MAURICE THOREZ (AV)",,,Nuit avec éclairage allumé,En agglomération,Hors intersection,Pluie légère,Deux véhicules - arrière,,,,,,,,,,,5,2,1,2,2
200500006731,0005-01-11 17:30:00,5,1,11,17,30,940,41.0,BAUDIN (R),,,Crépuscule ou aube,En agglomération,Intersection en X,Normale,Deux véhicules - côté,,,,,,,,,,,2,2,2,1,3
200500006732,0005-01-03 12:15:00,5,1,3,12,15,780,206.0,A13,,,Plein jour,Hors agglomération,Hors intersection,Normale,Trois véhicules et plus - collisions multiples,,,,,,,,,,,1,1,1,1,5
200500006733,0005-01-05 05:04:00,5,1,5,5,4,920,23.0,N186,,,Nuit sans éclairage public,Hors agglomération,Hors intersection,Pluie légère,Autre collision,,,,,,,,,,,3,1,1,2,6
200500006734,0005-01-08 12:40:00,5,1,8,12,40,920,60.0,N186,,,Plein jour,Hors agglomération,Hors intersection,Pluie légère,Autre collision,,,,,,,,,,,1,1,1,2,6
200500006735,0005-01-04 08:47:00,5,1,4,8,47,780,524.0,A13,,,Plein jour,Hors agglomération,Hors intersection,Temps couvert,Deux véhicules - arrière,,,,,,,,,,,1,1,1,8,2
200500006736,0005-01-16 06:10:00,5,1,16,6,10,780,640.0,A86I,,,Nuit sans éclairage public,Hors agglomération,Hors intersection,Pluie légère,Autre collision,,,,,,,,,,,3,1,1,2,6
200500006737,0005-01-13 14:00:00,5,1,13,14,0,780,524.0,A13,,,Plein jour,Hors agglomération,Hors intersection,Normale,Trois véhicules et plus - en chaîne,,,,,,,,,,,1,1,1,1,4
200500006738,0005-01-19 08:15:00,5,1,19,8,15,780,238.0,A13,,,Plein jour,Hors agglomération,Hors intersection,Normale,Trois véhicules et plus - collisions multiples,,,,,,,,,,,1,1,1,1,5