accident_id,datetime,annee,mois,jour,heure,minute,departement,commune_insee,adresse,latitude,longitude,luminosite,agglomeration,intersection,meteo,collision,nb_vehicules,nb_usagers,nb_indemnes,nb_tues,nb_blesses_hosp,nb_blesses_legers,age_cond_1,age_cond_2,veh_type_cond_1,veh_type_cond_2,lum_code,agg_code,int_code,atm_code,col_code
200500006739,0005-01-26 16:05:00,5,1,26,16,5,920,64.0,A13,,,Plein jour,Hors agglomération,Hors intersection,Normale,Trois véhicules et plus - collisions multiples,,,,,,,,,,,1,1,1,1,5
200500006740,0005-01-23 09:40:00,5,1,23,9,40,920,63.0,A86,,,Plein jour,Hors agglomération,Hors intersection,Temps couvert,Autre collision,,,,,,,,,,,1,1,1,8,6
200500006741,0005-01-01 01:50:00,5,1,1,1,50,690,386.0,"100, LAFAYETTE",,,Nuit avec éclairage allumé,En agglomération,Hors intersection,Pluie légère,Trois véhicules et plus - en chaîne,,,,,,,,,,,5,2,1,2,4
200500006742,0005-01-03 10:45:00,5,1,3,10,45,690,386.0,DUQUESNE,,,Plein jour,En agglomération,Intersection en X,Normale,Autre collision,,,,,,,,,,,1,2,2,1,6
200500006743,0005-01-05 15:45:00,5,1,5,15,45,690,386.0,CHARLES DE GAULLE,,,Plein jour,En agglomération,Hors intersection,Normale,Deux véhicules - arrière,,,,,,,,,,,1,2,1,1,2
200500006744,0005-01-06 09:30:00,5,1,6,9,30,690,386.0,JULES FERRY,,,Plein jour,En agglomération,Hors intersection,Pluie légère,Autre collision,,,,,,,,,,,1,2,1,2,6
200500006745,0005-01-04 17:05:00,5,1,4,17,5,690,383.0,ALBERT THOMAS,,,Crépuscule ou aube,En agglomération,Hors intersection,Normale,Deux véhicules - côté,,,,,,,,,,,2,2,1,1,3
200500006746,0005-01-08 17:45:00,5,1,8,17,45,690,383.0,"32, LACASSAGNE",,,Crépuscule ou aube,En agglomération,Hors intersection,Normale,Autre collision,,,,,,,,,,,2,2,1,1,6
200500006747,0005-01-10 23:05:00,5,1,10,23,5,690,386.0,JULIETTE RECAMIER,,,Nuit avec éclairage allumé,En agglomération,Hors intersection,Normale,Autre collision,,,,,,,,,,,5,2,1,1,6
200500006748,0005-01-11 17:05:00,5,1,11,17,5,690,386.0,VENDOME,,,Plein jour,En agglomération,Intersection en X,Normale,Autre collision,,,,,,,,,,,1,2,2,1,6
200500006749,0005-01-11 20:15:00,5,1,11,20,15,690,386.0,VENDOME,,,Nuit avec éclairage allumé,En agglomération,Hors intersection,Normale,Autre collision,,,,,,,,,,,5,2,1,1,6
200500006750,0005-01-13 07:15:00,5,1,13,7,15,690,383.0,MARECHAL DE SAXE,,,Crépuscule ou aube,En agglomération,Intersection en X,Normale,Deux véhicules - arrière,,,,,,,,,,,2,2,2,1,2
200500006751,0005-01-14 21:50:00,5,1,14,21,50,690,386.0,MARECHAL LYAUTEY (DU),,,Nuit avec éclairage allumé,En agglomération,Hors intersection,Normale,Deux véhicules - arrière,,,,,,,,,,,5,2,1,1,2
200500006752,0005-01-19 09:30:00,5,1,19,9,30,690,386.0,GRANDE BRETAGNE (DE),,,Plein jour,En agglomération,Hors intersection,Pluie légère,Deux véhicules - côté,,,,,,,,,,,1,2,1,2,3
200500006753,0005-01-19 07:45:00,5,1,19,7,45,690,383.0,SERVIENT,,,Crépuscule ou aube,En agglomération,Hors intersection,Temps couvert,Autre collision,,,,,,,,,,,2,2,1,8,6
200500006754,0005-01-18 17:00:00,5,1,18,17,0,690,383.0,"4, VIALA",,,Plein jour,En agglomération,Hors intersection,Normale,Autre collision,,,,,,,,,,,1,2,1,1,6
200500006755,0005-01-21 20:50:00,5,1,21,20,50,690,386.0,DUQUESNE,,,Nuit avec éclairage allumé,En agglomération,Hors intersection,Pluie légère,Autre collision,,,,,,,,,,,5,2,1,2,6
200500006756,0005-01-22 16:55:00,5,1,22,16,55,690,383.0,VIVIER MERLE,,,Plein jour,En agglomération,Intersection en X,Normale,Deux véhicules - frontale,,,,,,,,,,,1,2,2,1,1
200500006757,0005-01-20 08:45:00,5,1,20,8,45,690,383.0,GAMBETTA,,,Plein jour,En agglomération,Hors intersection,Pluie légère,Autre collision,,,,,,,,,,,1,2,1,2,6
200500006758,0005-01-24 13:25:00,5,1,24,13,25,690,383.0,RICHARD VITTON,,,Plein jour,En agglomération,Intersection en X,Pluie légère,Deux véhicules - frontale,,,,,,,,,,,1,2,2,2,1
200500006759,0005-01-25 15:15:00,5,1,25,15,15,690,383.0,"37, MARIUS VIVIER MERLE",,,Plein jour,En agglomération,Hors intersection,Normale,Autre collision,,,,,,,,,,,1,2,1,1,6
200500006760,0005-01-25 13:45:00,5,1,25,13,45,690,383.0,"56, DAUPHINE (DU)",,,Plein jour,En agglomération,Hors intersection,Normale,Deux véhicules - côté,,,,,,,,,,,1,2,1,1,3
200500006761,0005-01-26 18:30:00,5,1,26,18,30,690,383.0,"113, MARECHAL DE SAXE",,,Nuit avec éclairage allumé,En agglomération,Hors intersection,Normale,Autre collision,,,,,,,,,,,5,2,1,1,6
200500006762,0005-01-30 17:00:00,5,1,30,17,0,690,383.0,BONNEL (DE),,,Plein jour,En agglomération,Hors intersection,Normale,Trois véhicules et plus - en chaîne,,,,,,,,,,,1,2,1,1,4
200500006763,0005-01-31 07:25:00,5,1,31,7,25,690,383.0,EUGENIE,,,Crépuscule ou aube,En agglomération,Intersection en X,Normale,Deux véhicules - côté,,,,,,,,,,,2,2,2,1,3
200500006764,0005-01-31 14:20:00,5,1,31,14,20,690,386.0,INKERMANN (D'),,,Plein jour,En agglomération,Intersection en X,Normale,Deux véhicules - côté,,,,,,,,,,,1,2,2,1,3
200500006765,0005-02-11 19:10:00,5,2,11,19,10,10,53.0,VICTOIRE (AVENUE DE LA ),,,Nuit avec éclairage allumé,En agglomération,Hors intersection,Pluie forte,Autre collision,,,,,,,,,,,5,2,1,3,6
200500006766,0005-02-05 18:55:00,5,2,5,18,55,10,451.0,"snr, GREFFETS ( ROUTE DE",,,Nuit avec éclairage allumé,En agglomération,Intersection en X,Brouillard / fumée,Trois véhicules et plus - collisions multiples,,,,,,,,,,,5,2,2,5,5
200500006767,0005-02-09 15:05:00,5,2,9,15,5,10,289.0,"2382, LYON (AVE DE) JUSQ",,,Plein jour,En agglomération,Hors intersection,Normale,Trois véhicules et plus - en chaîne,,,,,,,,,,,1,2,1,1,4
200500006768,0005-02-01 07:25:00,5,2,1,7,25,10,53.0,JAURES (AVENUE JEAN - CO,,,Crépuscule ou aube,En agglomération,Intersection en X,Pluie légère,Autre collision,,,,,,,,,,,2,2,2,2,6
200500006769,0005-02-05 03:45:00,5,2,5,3,45,10,53.0,JASSERON (AVENUE DE - N°,,,Nuit avec éclairage allumé,En agglomération,Hors intersection,Brouillard / fumée,Autre collision,,,,,,,,,,,5,2,1,5,6
200500006770,0005-02-09 14:30:00,5,2,9,14,30,10,283.0,"54, BRILLAT SAVARIN",,,Plein jour,En agglomération,Hors intersection,Normale,Autre collision,,,,,,,,,,,1,2,1,1,6
200500006771,0005-02-14 16:00:00,5,2,14,16,0,10,283.0,"69, VERDUN (COURS DE DU",,,Plein jour,En agglomération,Hors intersection,Neige / grêle,Autre collision,,,,,,,,,,,1,2,1,4,6
200500006772,0005-02-19 09:30:00,5,2,19,9,30,10,283.0,"12, CLEMENCEAU (RUE G. D",,,Plein jour,En agglomération,Autre intersection,Temps couvert,Autre collision,,,,,,,,,,,1,2,9,8,6
200500006773,0005-02-03 07:45:00,5,2,3,7,45,20,408.0,RN2,,,Crépuscule ou aube,En agglomération,Hors intersection,Autre,Trois véhicules et plus - collisions multiples,,,,,,,,,,,2,2,1,9,5
200500006774,0005-02-01 16:00:00,5,2,1,16,0,20,691.0,JAURES (RUE JEAN),,,Plein jour,En agglomération,Intersection en X,Normale,Deux véhicules - côté,,,,,,,,,,,1,2,2,1,3
200500006775,0005-02-11 15:35:00,5,2,11,15,35,20,691.0,FLANDRE (RUE DE),,,Plein jour,En agglomération,Intersection en X,Normale,Autre collision,,,,,,,,,,,1,2,2,1,6
200500006776,0005-02-27 15:00:00,5,2,27,15,0,20,691.0,"11, DUMONT (RUE DU CAPIT",,,Plein jour,En agglomération,Hors intersection,Normale,Autre collision,,,,,,,,,,,1,2,1,1,6
200500006777,0005-02-25 12:25:00,5,2,25,12,25,20,340.0,"7, VERCRUYSSE (RUE JULES",,,Plein jour,En agglomération,Hors intersection,Normale,Autre collision,,,,,,,,,,,1,2,1,1,6
200500006778,0005-02-23 09:00:00,5,2,23,9,0,20,691.0,"12, NORDET (RUE ADRIEN)",,,Plein jour,En agglomération,Intersection en X,Neige / grêle,Autre collision,,,,,,,,,,,1,2,2,4,6
200500006779,0005-02-13 19:20:00,5,2,13,19,20,20,258.0,"1, FAMILLE SAUVAGE",,,Plein jour,En agglomération,Intersection en T,Pluie légère,Deux véhicules - côté,,,,,,,,,,,1,2,3,2,3
200500006780,0005-02-03 08:20:00,5,2,3,8,20,30,262.0,C D 301,,,Crépuscule ou aube,En agglomération,Intersection en T,Normale,Deux véhicules - côté,,,,,,,,,,,2,2,3,1,3
200500006781,0005-02-04 01:20:00,5,2,4,1,20,30,101.0,CD 916,,,Nuit avec éclairage allumé,En agglomération,Autre intersection,Normale,Autre collision,,,,,,,,,,,5,2,9,1,6
200500006782,0005-02-14 15:25:00,5,2,14,15,25,30,185.0,ANCIEN CANAL DE BERRY (,,,Plein jour,En agglomération,Hors intersection,Normale,Deux véhicules - côté,,,,,,,,,,,1,2,1,1,3
200500006783,0005-02-25 11:00:00,5,2,25,11,0,30,185.0,DORMOY ( RUE JEAN ),,,Plein jour,En agglomération,Hors intersection,Normale,Autre collision,,,,,,,,,,,1,2,1,1,6
200500006784,0005-02-20 11:00:00,5,2,20,11,0,30,190.0,"64, LEDRU ROLLIN (BOULEV",,,Plein jour,En agglomération,Intersection en X,Neige / grêle,Autre collision,,,,,,,,,,,1,2,2,4,6
200500006785,0005-02-20 05:30:00,5,2,20,5,30,30,13.0,DORNES (ROUTE DE),,,Nuit avec éclairage allumé,En agglomération,Giratoire,Neige / grêle,Sans collision,,,,,,,,,,,5,2,6,4,7
200500006786,0005-02-25 17:50:00,5,2,25,17,50,30,13.0,"36, PARIS (ROUTE DE)",,,Plein jour,En agglomération,Hors intersection,Normale,Deux véhicules - arrière,,,,,,,,,,,1,2,1,1,2
200500006787,0005-02-04 15:56:00,5,2,4,15,56,30,310.0,VINGRE (RUE DE),,,Plein jour,En agglomération,Intersection en X,Normale,Sans collision,,,,,,,,,,,1,2,2,1,7
200500006788,0005-02-06 14:45:00,5,2,6,14,45,30,310.0,SAINTE CECILE (RUE),,,Plein jour,En agglomération,Intersection en T,Normale,Deux véhicules - côté,,,,,,,,,,,1,2,3,1,3
200500006789,0005-02-07 11:40:00,5,2,7,11,40,30,23.0,"18, CAVY (RUE ADRIEN)",,,Plein jour,En agglomération,Hors intersection,Normale,Autre collision,,,,,,,,,,,1,2,1,1,6
200500006790,0005-02-07 15:15:00,5,2,7,15,15,30,310.0,ETATS-UNIS (BOULEVARD DE,,,Plein jour,En agglomération,Intersection en T,Normale,Deux véhicules - arrière,,,,,,,,,,,1,2,3,1,2
200500006791,0005-02-09 11:45:00,5,2,9,11,45,30,310.0,HOTEL DE VILLE (PLACE DE,,,Plein jour,En agglomération,Intersection en T,Normale,Autre collision,,,,,,,,,,,1,2,3,1,6
200500006792,0005-02-09 13:54:00,5,2,9,13,54,30,95.0,EUROPE (AVENUE DE L'),,,Plein jour,En agglomération,Intersection en X,Normale,Deux véhicules - côté,,,,,,,,,,,1,2,2,1,3
200500006793,0005-02-09 16:12:00,5,2,9,16,12,30,310.0,DE GAULLE (PLACE CHARLES,,,Plein jour,En agglomération,Hors intersection,Normale,Autre collision,,,,,,,,,,,1,2,1,1,6
200500006794,0005-02-11 11:23:00,5,2,11,11,23,30,310.0,"83, GRAMONT (AVENUE DE)",,,Plein jour,En agglomération,Hors intersection,Pluie légère,Deux véhicules - arrière,,,,,,,,,,,1,2,1,2,2
200500006795,0005-02-17 11:15:00,5,2,17,11,15,30,310.0,"0, DE GAULLE (PLACE CHAR",,,Plein jour,En agglomération,Hors intersection,Temps couvert,Autre collision,,,,,,,,,,,1,2,1,8,6
200500006796,0005-02-18 21:00:00,5,2,18,21,0,30,310.0,"70, HOPITAL (BOULEVARD D",,,Nuit avec éclairage allumé,En agglomération,Hors intersection,Normale,Autre collision,,,,,,,,,,,5,2,1,1,6
200500006797,0005-02-22 20:28:00,5,2,22,20,28,30,310.0,FOCH (RUE DU MARECHAL),,,Nuit avec éclairage allumé,En agglomération,Intersection en T,Normale,Deux véhicules - côté,,,,,,,,,,,5,2,3,1,3
200500006798,0005-02-25 19:00:00,5,2,25,19,0,30,310.0,"0, GAMBETTA (BOULEVARD)",,,Nuit avec éclairage allumé,En agglomération,Intersection en X,Normale,Deux véhicules - côté,,,,,,,,,,,5,2,2,1,3
200500006799,0005-02-27 03:30:00,5,2,27,3,30,30,95.0,"39, FERRIERES (ROUTE DE)",,,Nuit avec éclairage allumé,En agglomération,Hors intersection,Normale,Autre collision,,,,,,,,,,,5,2,1,1,6
200500006800,0005-02-28 05:40:00,5,2,28,5,40,30,310.0,"0, GARE (PLACE DE LA)",,,Nuit avec éclairage allumé,En agglomération,Hors intersection,Normale,Autre collision,,,,,,,,,,,5,2,1,1,6
200500006801,0005-02-27 04:50:00,5,2,27,4,50,40,112.0,PREMIER MAI AV.DU),,,Nuit avec éclairage allumé,En agglomération,Hors intersection,Normale,Autre collision,,,,,,,,,,,5,2,1,1,6
200500006802,0005-02-12 23:11:00,5,2,12,23,11,50,61.0,"00, GUILLAUME FAREL ( AV",,,Nuit avec éclairage allumé,En agglomération,Hors intersection,Normale,Autre collision,,,,,,,,,,,5,2,1,1,6
200500006803,0005-02-17 17:21:00,5,2,17,17,21,50,61.0,DESCENTE ( ROUTE DE LA ),,,Plein jour,En agglomération,Hors intersection,Normale,Sans collision,,,,,,,,,,,1,2,1,1,7
200500006804,0005-02-02 13:00:00,5,2,2,13,0,60,4.0,GALLICE AV.ET PASSAGE,,,Plein jour,En agglomération,Intersection en T,Normale,Deux véhicules - côté,,,,,,,,,,,1,2,3,1,3
200500006805,0005-02-03 19:35:00,5,2,3,19,35,60,155.0,"83, PICASSO AV.ET SQUARE",,,Nuit avec éclairage allumé,En agglomération,Hors intersection,Normale,Autre collision,,,,,,,,,,,5,2,1,1,6
200500006806,0005-02-08 16:20:00,5,2,8,16,20,60,4.0,"19, ROCHAT AV.PHILIPPE",,,Plein jour,En agglomération,Hors intersection,Normale,Deux véhicules - arrière,,,,,,,,,,,1,2,1,1,2
200500006807,0005-02-11 13:45:00,5,2,11,13,45,60,4.0,"00, JOANNON RUE JEAN",,,Plein jour,En agglomération,Hors intersection,Normale,Deux véhicules - côté,,,,,,,,,,,1,2,1,1,3
200500006808,0005-02-13 02:55:00,5,2,13,2,55,60,155.0,"10, LIBERTE AV.DE LA",,,Nuit avec éclairage allumé,En agglomération,Hors intersection,Normale,Autre collision,,,,,,,,,,,5,2,1,1,6
200500006809,0005-02-14 16:00:00,5,2,14,16,0,60,4.0,GRASSE RTE DE,,,Plein jour,En agglomération,Intersection en Y,Normale,Deux véhicules - côté,,,,,,,,,,,1,2,4,1,3
200500006810,0005-02-16 17:10:00,5,2,16,17,10,60,4.0,"5, CLEMENCEAU RUE GEORGE",,,Plein jour,En agglomération,Hors intersection,Autre,Autre collision,,,,,,,,,,,1,2,1,9,6
200500006811,0005-02-17 17:08:00,5,2,17,17,8,60,4.0,"1817, SAINT CLAUDE CH.DE",,,Plein jour,En agglomération,Hors intersection,Normale,Deux véhicules - côté,,,,,,,,,,,1,2,1,1,3
200500006812,0005-02-17 14:00:00,5,2,17,14,0,60,4.0,NATIONALE RN 98,,,Plein jour,En agglomération,Autre intersection,Normale,Trois véhicules et plus - en chaîne,,,,,,,,,,,1,2,9,1,4
200500006813,0005-02-18 20:55:00,5,2,18,20,55,60,155.0,LIBERTE AV.DE LA,,,Nuit avec éclairage allumé,En agglomération,Intersection en X,Normale,Deux véhicules - côté,,,,,,,,,,,5,2,2,1,3
200500006814,0005-02-20 13:45:00,5,2,20,13,45,60,4.0,"00, VALLAURIS CH.DE",,,Plein jour,En agglomération,Intersection en X,Temps couvert,Deux véhicules - côté,,,,,,,,,,,1,2,2,8,3
200500006815,0005-02-22 18:00:00,5,2,22,18,0,60,4.0,"00, VAUTRIN BD DU GENERA",,,Crépuscule ou aube,En agglomération,Hors intersection,Normale,Autre collision,,,,,,,,,,,2,2,1,1,6
200500006816,0005-02-25 07:45:00,5,2,25,7,45,60,4.0,"1536, GREC AV.JULES",,,Crépuscule ou aube,En agglomération,Autre intersection,Normale,Deux véhicules - côté,,,,,,,,,,,2,2,9,1,3
200500006817,0005-02-01 19:00:00,5,2,1,19,0,60,27.0,GARE AVENUE DE LA,,,Nuit avec éclairage allumé,En agglomération,Hors intersection,Normale,Deux véhicules - côté,,,,,,,,,,,5,2,1,1,3
200500006818,0005-02-01 20:20:00,5,2,1,20,20,60,123.0,SAUVAIGO PIERRE AVENUE,,,Nuit avec éclairage allumé,En agglomération,Intersection en T,Normale,Deux véhicules - côté,,,,,,,,,,,5,2,3,1,3
200500006819,0005-02-02 11:15:00,5,2,2,11,15,60,123.0,"124/152, LECLERC GENERAL",,,Plein jour,En agglomération,Hors intersection,Normale,Trois véhicules et plus - collisions multiples,,,,,,,,,,,1,2,1,1,5
200500006820,0005-02-02 08:45:00,5,2,2,8,45,60,123.0,R.N. 98,,,Plein jour,En agglomération,Hors intersection,Normale,Deux véhicules - arrière,,,,,,,,,,,1,2,1,1,2
200500006821,0005-02-03 20:30:00,5,2,3,20,30,60,27.0,GARE AVENUE DE LA,,,Nuit avec éclairage allumé,En agglomération,Intersection en X,Normale,Deux véhicules - côté,,,,,,,,,,,5,2,2,1,3
200500006822,0005-02-03 16:30:00,5,2,3,16,30,60,123.0,"224, SAUVAIGO PIERRE AVE",,,Plein jour,En agglomération,Hors intersection,Normale,Deux véhicules - frontale,,,,,,,,,,,1,2,1,1,1
200500006823,0005-02-05 12:00:00,5,2,5,12,0,60,123.0,"243, LECLERC GENERAL AVE",,,Plein jour,En agglomération,Hors intersection,Normale,Sans collision,,,,,,,,,,,1,2,1,1,7
200500006824,0005-02-07 10:30:00,5,2,7,10,30,60,27.0,"86, ALPES AVENUE DES",,,Plein jour,En agglomération,Hors intersection,Normale,Sans collision,,,,,,,,,,,1,2,1,1,7
200500006825,0005-02-07 16:40:00,5,2,7,16,40,60,27.0,"81, VERDUN AVENUE DE",,,Plein jour,En agglomération,Hors intersection,Normale,Deux véhicules - arrière,,,,,,,,,,,1,2,1,1,2
200500006826,0005-02-08 11:45:00,5,2,8,11,45,60,27.0,"5, MARTIN RUE DU CHEVALI",,,Plein jour,En agglomération,Hors intersection,Normale,Sans collision,,,,,,,,,,,1,2,1,1,7
200500006827,0005-02-10 14:20:00,5,2,10,14,20,60,27.0,PLAGE BOULEVARD DE LA,,,Plein jour,En agglomération,Hors intersection,Normale,Deux véhicules - arrière,,,,,,,,,,,1,2,1,1,2
200500006828,0005-02-14 15:05:00,5,2,14,15,5,60,123.0,"80, LECLERC GENERAL AVEN",,,Plein jour,En agglomération,Hors intersection,Normale,Sans collision,,,,,,,,,,,1,2,1,1,7
200500006829,0005-02-15 12:45:00,5,2,15,12,45,60,123.0,BARONNE ROUTE DE LA,,,Plein jour,En agglomération,Intersection en T,Normale,Deux véhicules - côté,,,,,,,,,,,1,2,3,1,3
200500006830,0005-02-17 11:20:00,5,2,17,11,20,60,27.0,TUILIERES AVENUE DES,,,Plein jour,En agglomération,Intersection en T,Normale,Deux véhicules - côté,,,,,,,,,,,1,2,3,1,3
200500006831,0005-02-18 21:45:00,5,2,18,21,45,60,27.0,VALLON DES VAUX CHEMIN D,,,Nuit avec éclairage allumé,En agglomération,Hors intersection,Normale,Deux véhicules - côté,,,,,,,,,,,5,2,1,1,3
200500006832,0005-02-21 16:45:00,5,2,21,16,45,60,27.0,"32, ST LAURENT CHEMIN DE",,,Plein jour,En agglomération,Hors intersection,Normale,Deux véhicules - arrière,,,,,,,,,,,1,2,1,1,2
200500006833,0005-02-22 09:15:00,5,2,22,9,15,60,123.0,"380, DE GAULLE GENERAL A",,,Plein jour,En agglomération,Hors intersection,Normale,Deux véhicules - côté,,,,,,,,,,,1,2,1,1,3
200500006834,0005-02-28 21:30:00,5,2,28,21,30,60,27.0,CANNES AVENUE DE (RN7),,,Nuit avec éclairage allumé,En agglomération,Intersection en T,Normale,Deux véhicules - côté,,,,,,,,,,,5,2,3,1,3
200500006835,0005-02-02 14:15:00,5,2,2,14,15,60,30.0,"99, SADI CARNOT (BOULEVA",,,Plein jour,En agglomération,Hors intersection,Normale,Trois véhicules et plus - en chaîne,,,,,,,,,,,1,2,1,1,4
200500006836,0005-02-02 15:32:00,5,2,2,15,32,60,30.0,COLOMBIER (CHEMIN DU),,,Plein jour,En agglomération,Hors intersection,Normale,Sans collision,,,,,,,,,,,1,2,1,1,7
200500006837,0005-02-02 16:26:00,5,2,2,16,26,60,29.0,COUBERTIN (AVENUE PIERRE,,,Plein jour,En agglomération,Hors intersection,Normale,Deux véhicules - côté,,,,,,,,,,,1,2,1,1,3
200500006838,0005-02-03 07:38:00,5,2,3,7,38,60,30.0,"233, JOURDAN (AVENUE MIC",,,Crépuscule ou aube,En agglomération,Hors intersection,Normale,Deux véhicules - côté,,,,,,,,,,,2,2,1,1,3
200500006839,0005-02-03 07:57:00,5,2,3,7,57,60,30.0,CIGALES (CHEMIN DES),,,Plein jour,En agglomération,Intersection en T,Normale,Deux véhicules - côté,,,,,,,,,,,1,2,3,1,3
200500006840,0005-02-03 11:04:00,5,2,3,11,4,60,29.0,"32, CARNOT (BOULEVARD)",,,Plein jour,En agglomération,Hors intersection,Normale,Deux véhicules - côté,,,,,,,,,,,1,2,1,1,3
200500006841,0005-02-05 12:50:00,5,2,5,12,50,60,29.0,"85, REPUBLIQUE (BOULEVAR",,,Plein jour,En agglomération,Hors intersection,Normale,Autre collision,,,,,,,,,,,1,2,1,1,6
200500006842,0005-02-04 13:10:00,5,2,4,13,10,60,29.0,"36, COUVERTURE VOIE FERR",,,Plein jour,En agglomération,Intersection en X,Normale,Deux véhicules - arrière,,,,,,,,,,,1,2,2,1,2
200500006843,0005-02-05 10:57:00,5,2,5,10,57,60,30.0,ROOSEVELT (AVENUE FRANKL,,,Plein jour,En agglomération,Intersection en X,Normale,Deux véhicules - côté,,,,,,,,,,,1,2,2,1,3
200500006844,0005-02-07 16:20:00,5,2,7,16,20,60,30.0,"233, POMPIDOU (AVENUE GE",,,Plein jour,En agglomération,Hors intersection,Normale,Deux véhicules - côté,,,,,,,,,,,1,2,1,1,3
200500006845,0005-02-08 16:48:00,5,2,8,16,48,60,29.0,TONNER (AVENUE FRANCIS),,,Plein jour,En agglomération,Intersection en T,Normale,Deux véhicules - côté,,,,,,,,,,,1,2,3,1,3
200500006846,0005-02-09 14:05:00,5,2,9,14,5,60,29.0,JUIN (AVENUE MARECHAL),,,Plein jour,En agglomération,Intersection en T,Normale,Deux véhicules - côté,,,,,,,,,,,1,2,3,1,3
200500006847,0005-02-10 11:17:00,5,2,10,11,17,60,29.0,CARNOT (BOULEVARD),,,Plein jour,En agglomération,Intersection en T,Normale,Deux véhicules - côté,,,,,,,,,,,1,2,3,1,3
200500006848,0005-02-12 12:32:00,5,2,12,12,32,60,29.0,VERRERIE (RUE DE LA),,,Plein jour,En agglomération,Hors intersection,Normale,Sans collision,,,,,,,,,,,1,2,1,1,7
200500006849,0005-02-16 14:24:00,5,2,16,14,24,60,30.0,CAMPON (RUE,,,Plein jour,En agglomération,Hors intersection,Normale,Trois véhicules et plus - en chaîne,,,,,,,,,,,1,2,1,1,4
200500006850,0005-02-17 09:47:00,5,2,17,9,47,60,29.0,"7, CARNOT (BOULEVARD)",,,Plein jour,En agglomération,Hors intersection,Normale,Sans collision,,,,,,,,,,,1,2,1,1,7
200500006851,0005-02-18 19:05:00,5,2,18,19,5,60,29.0,"93, CARNOT (BOULEVARD)",,,Nuit avec éclairage allumé,En agglomération,Hors intersection,Normale,Autre collision,,,,,,,,,,,5,2,1,1,6
200500006852,0005-02-19 09:42:00,5,2,19,9,42,60,29.0,VENIZELOS (RUE),,,Plein jour,En agglomération,Intersection en X,Normale,Sans collision,,,,,,,,,,,1,2,2,1,7
200500006853,0005-02-19 10:40:00,5,2,19,10,40,60,30.0,"69, AUBAREDE (CHEMIN DE",,,Plein jour,En agglomération,Hors intersection,Normale,Deux véhicules - arrière,,,,,,,,,,,1,2,1,1,2
200500006854,0005-02-19 19:20:00,5,2,19,19,20,60,29.0,"239, TONNER (AVENUE FRAN",,,Nuit avec éclairage allumé,En agglomération,Hors intersection,Normale,Trois véhicules et plus - en chaîne,,,,,,,,,,,5,2,1,1,4
200500006855,0005-02-19 20:00:00,5,2,19,20,0,60,29.0,ANCIENS COMBATTANTS D'AF,,,Nuit avec éclairage allumé,En agglomération,Intersection en X,Normale,Deux véhicules - côté,,,,,,,,,,,5,2,2,1,3
200500006856,0005-02-20 20:30:00,5,2,20,20,30,60,29.0,BORDE (AVENUE DE LA)(BOC,,,Plein jour,En agglomération,Hors intersection,Pluie légère,Deux véhicules - arrière,,,,,,,,,,,1,2,1,2,2
200500006857,0005-02-21 12:21:00,5,2,21,12,21,60,29.0,CARNOT (BOULEVARD),,,Plein jour,En agglomération,Intersection en X,Normale,Deux véhicules - côté,,,,,,,,,,,1,2,2,1,3
200500006858,0005-02-22 13:30:00,5,2,22,13,30,60,29.0,"00, FERRAGE (BOULEVARD D",,,Plein jour,En agglomération,Hors intersection,Normale,Sans collision,,,,,,,,,,,1,2,1,1,7
200500006859,0005-02-23 15:20:00,5,2,23,15,20,60,29.0,"12, PASTEUR (RUE)",,,Plein jour,En agglomération,Intersection en X,Normale,Deux véhicules - côté,,,,,,,,,,,1,2,2,1,3
200500006860,0005-02-25 14:00:00,5,2,25,14,0,60,29.0,PANTIERO (PROMENADE DE L,,,Plein jour,En agglomération,Hors intersection,Normale,Sans collision,,,,,,,,,,,1,2,1,1,7
200500006861,0005-02-25 14:51:00,5,2,25,14,51,60,29.0,"00, ANCIENS COMBATTANTS",,,Plein jour,En agglomération,Intersection en X,Normale,Deux véhicules - côté,,,,,,,,,,,1,2,2,1,3
200500006862,0005-02-26 12:44:00,5,2,26,12,44,60,30.0,AUBAREDE (CHEMIN DE L'),,,Plein jour,En agglomération,Hors intersection,Normale,Deux véhicules - arrière,,,,,,,,,,,1,2,1,1,2
200500006863,0005-02-27 16:31:00,5,2,27,16,31,60,29.0,"58, GAZAGNAIRE (BL EUGEN",,,Plein jour,En agglomération,Hors intersection,Normale,Deux véhicules - côté,,,,,,,,,,,1,2,1,1,3
200500006864,0005-02-27 19:00:00,5,2,27,19,0,60,29.0,"1, CROISETTE (BOULEVARD",,,Nuit avec éclairage allumé,En agglomération,Hors intersection,Normale,Deux véhicules - côté,,,,,,,,,,,5,2,1,1,3
200500006865,0005-02-03 10:50:00,5,2,3,10,50,60,69.0,"6, DUNANT (AVENUE HENRI)",,,Plein jour,En agglomération,Hors intersection,Normale,Deux véhicules - côté,,,,,,,,,,,1,2,1,1,3
200500006866,0005-02-03 11:45:00,5,2,3,11,45,60,69.0,FRAGONARD (BOULEVARD ET,,,Plein jour,En agglomération,Hors intersection,Normale,Sans collision,,,,,,,,,,,1,2,1,1,7
200500006867,0005-02-03 17:50:00,5,2,3,17,50,60,69.0,"7, FRAGONARD (BOULEVARD",,,Crépuscule ou aube,En agglomération,Intersection en T,Normale,Deux véhicules - côté,,,,,,,,,,,2,2,3,1,3
200500006868,0005-02-07 19:25:00,5,2,7,19,25,60,69.0,"188, DRAGUIGNAN (ROUTE D",,,Nuit avec éclairage allumé,En agglomération,Hors intersection,Normale,Deux véhicules - arrière,,,,,,,,,,,5,2,1,1,2
200500006869,0005-02-09 14:30:00,5,2,9,14,30,60,69.0,"34, VICTORIA (AVENUE ET",,,Plein jour,En agglomération,Hors intersection,Normale,Deux véhicules - côté,,,,,,,,,,,1,2,1,1,3