accident_id,datetime,annee,mois,jour,heure,minute,departement,commune_insee,adresse,latitude,longitude,luminosite,agglomeration,intersection,meteo,collision,nb_vehicules,nb_usagers,nb_indemnes,nb_tues,nb_blesses_hosp,nb_blesses_legers,age_cond_1,age_cond_2,veh_type_cond_1,veh_type_cond_2,lum_code,agg_code,int_code,atm_code,col_code
200500007386,0005-02-03 14:20:00,5,2,3,14,20,220,278.0,"1, PARIS (DE)",,,Plein jour,En agglomération,Giratoire,Normale,Deux véhicules - côté,,,,,,,,,,,1,2,6,1,3
200500007387,0005-02-10 12:10:00,5,2,10,12,10,220,278.0,"54, CHARNER (BD)",,,Plein jour,En agglomération,Hors intersection,Normale,Autre collision,,,,,,,,,,,1,2,1,1,6
200500007388,0005-02-13 18:15:00,5,2,13,18,15,220,278.0,"67, CHAPTAL",,,Plein jour,En agglomération,Hors intersection,Vent fort / tempête,Deux véhicules - côté,,,,,,,,,,,1,2,1,6,3
200500007389,0005-02-16 15:00:00,5,2,16,15,0,220,278.0,"05, LECLERC (GENERAL)",,,Plein jour,En agglomération,Hors intersection,Normale,Autre collision,,,,,,,,,,,1,2,1,1,6
200500007390,0005-02-06 19:00:00,5,2,6,19,0,230,96.0,"23, MANOUVRIER (AVENUE)",,,Nuit avec éclairage allumé,En agglomération,Hors intersection,Normale,Autre collision,,,,,,,,,,,5,2,1,1,6
200500007391,0005-02-09 13:00:00,5,2,9,13,0,230,96.0,"10, LAROCHE (AVENUE LOUI",,,Plein jour,En agglomération,Hors intersection,Normale,Deux véhicules - frontale,,,,,,,,,,,1,2,1,1,1
200500007392,0005-02-12 20:00:00,5,2,12,20,0,230,96.0,", ALLENDE (RUE SALVADORE",,,Nuit avec éclairage allumé,En agglomération,Intersection en X,Pluie légère,Deux véhicules - côté,,,,,,,,,,,5,2,2,2,3
200500007393,0005-02-23 12:05:00,5,2,23,12,5,230,96.0,MENDES FRANCE (AVENUE),,,Plein jour,En agglomération,Hors intersection,Neige / grêle,Sans collision,,,,,,,,,,,1,2,1,4,7
200500007394,0005-02-16 12:05:00,5,2,16,12,5,240,37.0,MONTAIGNE(BOULEVARD),,,Plein jour,En agglomération,Hors intersection,Normale,Deux véhicules - côté,,,,,,,,,,,1,2,1,1,3
200500007395,0005-02-19 12:15:00,5,2,19,12,15,240,37.0,RD 936 E1,,,Plein jour,En agglomération,Intersection en X,Temps couvert,Deux véhicules - côté,,,,,,,,,,,1,2,2,8,3
200500007396,0005-02-26 00:10:00,5,2,26,0,10,240,37.0,"65, POZZI (RUE DU PROFES",,,Nuit avec éclairage allumé,En agglomération,Intersection en X,Normale,Deux véhicules - côté,,,,,,,,,,,5,2,2,1,3
200500007397,0005-02-04 18:29:00,5,2,4,18,29,240,322.0,"92, PETIT CHANGE (BOULEV",,,Nuit avec éclairage allumé,En agglomération,Hors intersection,Normale,Deux véhicules - côté,,,,,,,,,,,5,2,1,1,3
200500007398,0005-02-05 15:06:00,5,2,5,15,6,240,322.0,PETIT CHANGE (BOULEVARD,,,Plein jour,En agglomération,Intersection en X,Normale,Deux véhicules - côté,,,,,,,,,,,1,2,2,1,3
200500007399,0005-02-07 12:06:00,5,2,7,12,6,240,53.0,"54, LYON (ROUTE DE )",,,Plein jour,En agglomération,Hors intersection,Normale,Deux véhicules - arrière,,,,,,,,,,,1,2,1,1,2
200500007400,0005-02-06 05:02:00,5,2,6,5,2,240,322.0,"00, BASSIN (BRETELLE DU)",,,Nuit avec éclairage allumé,En agglomération,Hors intersection,Normale,Autre collision,,,,,,,,,,,5,2,1,1,6
200500007401,0005-02-07 18:41:00,5,2,7,18,41,240,557.0,"94 bis, GRANDOU (AVENUE",,,Nuit avec éclairage allumé,En agglomération,Hors intersection,Normale,Deux véhicules - côté,,,,,,,,,,,5,2,1,1,3
200500007402,0005-02-10 07:42:00,5,2,10,7,42,240,322.0,"56, LACOMBE (RUE)",,,Crépuscule ou aube,En agglomération,Hors intersection,Normale,Deux véhicules - côté,,,,,,,,,,,2,2,1,1,3
200500007403,0005-02-26 10:47:00,5,2,26,10,47,240,557.0,"299, GRANDOU (AVENUE MIC",,,Plein jour,En agglomération,Hors intersection,Normale,Trois véhicules et plus - collisions multiples,,,,,,,,,,,1,2,1,1,5
200500007404,0005-02-03 10:40:00,5,2,3,10,40,250,56.0,"6, BLUM  BOULEVARD LEON",,,Plein jour,En agglomération,Hors intersection,Normale,Deux véhicules - arrière,,,,,,,,,,,1,2,1,1,2
200500007405,0005-02-04 01:00:00,5,2,4,1,0,250,56.0,DENFERT ROCHEREAU AVENUE,,,Nuit avec éclairage allumé,En agglomération,Hors intersection,Normale,Deux véhicules - frontale,,,,,,,,,,,5,2,1,1,1
200500007406,0005-02-04 23:40:00,5,2,4,23,40,250,56.0,MITTERAND AVENUE FRANCOI,,,Nuit avec éclairage allumé,En agglomération,Hors intersection,Brouillard / fumée,Autre collision,,,,,,,,,,,5,2,1,5,6
200500007407,0005-02-08 08:00:00,5,2,8,8,0,250,56.0,"53, VESOUL RUE DE > 52",,,Plein jour,En agglomération,Hors intersection,Normale,Autre collision,,,,,,,,,,,1,2,1,1,6
200500007408,0005-02-10 19:25:00,5,2,10,19,25,250,56.0,"SANS, CHAPRAIS RUE DES",,,Nuit avec éclairage allumé,En agglomération,Hors intersection,Normale,Autre collision,,,,,,,,,,,5,2,1,1,6
200500007409,0005-02-12 18:40:00,5,2,12,18,40,250,56.0,"10, OUEST BOULEVARD",,,Nuit avec éclairage allumé,En agglomération,Hors intersection,Pluie forte,Deux véhicules - côté,,,,,,,,,,,5,2,1,3,3
200500007410,0005-02-18 13:34:00,5,2,18,13,34,250,56.0,"1, ARENES RUE D'",,,Plein jour,En agglomération,Hors intersection,Normale,Autre collision,,,,,,,,,,,1,2,1,1,6
200500007411,0005-02-19 10:40:00,5,2,19,10,40,250,56.0,"SANS, BLUM BOULEVARD LEO",,,Plein jour,En agglomération,Intersection en X,Neige / grêle,Deux véhicules - côté,,,,,,,,,,,1,2,2,4,3
200500007412,0005-02-19 13:18:00,5,2,19,13,18,250,56.0,"10, CHURCHILL BD WINSTON",,,Plein jour,En agglomération,Intersection en T,Neige / grêle,Deux véhicules - côté,,,,,,,,,,,1,2,3,4,3
200500007413,0005-02-20 18:34:00,5,2,20,18,34,250,56.0,"01, BELFORT RUE DE <144",,,Nuit avec éclairage allumé,En agglomération,Hors intersection,Temps couvert,Deux véhicules - arrière,,,,,,,,,,,5,2,1,8,2
200500007414,0005-02-24 14:00:00,5,2,24,14,0,250,56.0,"1, GRAY ROUTE DE",,,Plein jour,En agglomération,Hors intersection,Normale,Deux véhicules - arrière,,,,,,,,,,,1,2,1,1,2
200500007415,0005-02-24 17:30:00,5,2,24,17,30,250,56.0,"0, MORRE ROUTE DE",,,Plein jour,En agglomération,Hors intersection,Normale,Deux véhicules - arrière,,,,,,,,,,,1,2,1,1,2
200500007416,0005-02-25 08:30:00,5,2,25,8,30,250,56.0,"SANS, GRETTE  RUE",,,Plein jour,En agglomération,Hors intersection,Normale,Autre collision,,,,,,,,,,,1,2,1,1,6
200500007417,0005-02-25 12:28:00,5,2,25,12,28,250,56.0,VESOUL RUE DE > 52,,,Plein jour,En agglomération,Giratoire,Normale,Trois véhicules et plus - en chaîne,,,,,,,,,,,1,2,6,1,4
200500007418,0005-02-25 15:40:00,5,2,25,15,40,250,56.0,ORATOIRE RUE DE L',,,Plein jour,En agglomération,Intersection en T,Normale,Deux véhicules - côté,,,,,,,,,,,1,2,3,1,3
200500007419,0005-02-27 20:35:00,5,2,27,20,35,250,56.0,EDISON RUE THOMAS,,,Nuit avec éclairage allumé,En agglomération,Hors intersection,Neige / grêle,Autre collision,,,,,,,,,,,5,2,1,4,6
200500007420,0005-02-04 02:30:00,5,2,4,2,30,250,388.0,TOUSSAIN (RUE PIERRE),,,Nuit avec éclairage allumé,En agglomération,Hors intersection,Autre,Autre collision,,,,,,,,,,,5,2,1,9,6
200500007421,0005-02-21 14:30:00,5,2,21,14,30,250,388.0,"37, CUVIER (RUE)",,,Plein jour,En agglomération,Hors intersection,Temps couvert,Trois véhicules et plus - collisions multiples,,,,,,,,,,,1,2,1,8,5
200500007422,0005-02-08 17:30:00,5,2,8,17,30,250,462.0,"2, MOULIN PARNET DU",,,Plein jour,En agglomération,Autre intersection,Normale,Autre collision,,,,,,,,,,,1,2,9,1,6
200500007423,0005-02-23 16:45:00,5,2,23,16,45,250,462.0,"1, BRANLY",,,Plein jour,En agglomération,Intersection en T,Normale,Autre collision,,,,,,,,,,,1,2,3,1,6
200500007424,0005-02-25 06:35:00,5,2,25,6,35,250,462.0,"81, BESANCON (DU 72TER A",,,Nuit avec éclairage allumé,En agglomération,Hors intersection,Normale,Autre collision,,,,,,,,,,,5,2,1,1,6
200500007425,0005-02-04 10:05:00,5,2,4,10,5,260,198.0,GREZES (CHEMIN DES),,,Plein jour,En agglomération,Hors intersection,Normale,Autre collision,,,,,,,,,,,1,2,1,1,6
200500007426,0005-02-06 00:01:00,5,2,6,0,1,260,198.0,RN 7,,,Nuit sans éclairage public,En agglomération,Hors intersection,Normale,Trois véhicules et plus - collisions multiples,,,,,,,,,,,3,2,1,1,5
200500007427,0005-02-10 16:15:00,5,2,10,16,15,260,198.0,"0, MONNAIE VIEILLE (RUE)",,,Plein jour,En agglomération,Hors intersection,Normale,Deux véhicules - arrière,,,,,,,,,,,1,2,1,1,2
200500007428,0005-02-12 10:55:00,5,2,12,10,55,260,198.0,"05, VIGNAL (RUE ANTOINET",,,Plein jour,En agglomération,Hors intersection,Normale,Sans collision,,,,,,,,,,,1,2,1,1,7
200500007429,0005-02-12 14:35:00,5,2,12,14,35,260,198.0,"0,000, BAUMES(CHEMIN DES",,,Plein jour,En agglomération,Intersection en T,Pluie légère,Deux véhicules - côté,,,,,,,,,,,1,2,3,2,3
200500007430,0005-02-14 15:55:00,5,2,14,15,55,260,198.0,"06, NOCAZE (CHEMIN DE)",,,Plein jour,En agglomération,Hors intersection,Normale,Deux véhicules - arrière,,,,,,,,,,,1,2,1,1,2
200500007431,0005-02-24 17:25:00,5,2,24,17,25,260,198.0,ROCHEMAURE (AVENUE DE),,,Plein jour,En agglomération,Intersection en T,Normale,Deux véhicules - côté,,,,,,,,,,,1,2,3,1,3
200500007432,0005-02-28 14:50:00,5,2,28,14,50,260,198.0,"0, TEIL (ROUTE DU)",,,Plein jour,En agglomération,Hors intersection,Normale,Deux véhicules - arrière,,,,,,,,,,,1,2,1,1,2
200500007433,0005-02-07 17:10:00,5,2,7,17,10,260,281.0,"neant, ALLOBROGES (AVENU",,,Plein jour,En agglomération,Hors intersection,Normale,Trois véhicules et plus - en chaîne,,,,,,,,,,,1,2,1,1,4
200500007434,0005-02-08 07:50:00,5,2,8,7,50,260,281.0,"NEANT, DEPORTATION (AVEN",,,Plein jour,En agglomération,Giratoire,Normale,Autre collision,,,,,,,,,,,1,2,6,1,6
200500007435,0005-02-10 17:50:00,5,2,10,17,50,260,57.0,"0000, DELAY D'AGIER (PLA",,,Crépuscule ou aube,En agglomération,Hors intersection,Normale,Autre collision,,,,,,,,,,,2,2,1,1,6
200500007436,0005-02-13 16:12:00,5,2,13,16,12,260,281.0,SAINT BARDOUX (ROUTE DE),,,Plein jour,En agglomération,Intersection en X,Pluie légère,Autre collision,,,,,,,,,,,1,2,2,2,6
200500007437,0005-02-14 17:10:00,5,2,14,17,10,260,281.0,DORMOY MARX (BOULEVARD),,,Nuit avec éclairage allumé,En agglomération,Hors intersection,Pluie légère,Autre collision,,,,,,,,,,,5,2,1,2,6
200500007438,0005-02-16 09:30:00,5,2,16,9,30,260,57.0,RD 538,,,Plein jour,En agglomération,Intersection en X,Normale,Deux véhicules - côté,,,,,,,,,,,1,2,2,1,3
200500007439,0005-02-16 14:10:00,5,2,16,14,10,260,281.0,PALESTRO (RUE),,,Plein jour,En agglomération,Intersection en T,Normale,Deux véhicules - côté,,,,,,,,,,,1,2,3,1,3
200500007440,0005-02-16 17:40:00,5,2,16,17,40,260,281.0,"IGNORE, CHOPIN (QUAI)",,,Plein jour,En agglomération,Hors intersection,Normale,Autre collision,,,,,,,,,,,1,2,1,1,6
200500007441,0005-02-17 18:15:00,5,2,17,18,15,260,281.0,RD N°532 (DIRECTION TAIN,,,Crépuscule ou aube,En agglomération,Hors intersection,Normale,Deux véhicules - côté,,,,,,,,,,,2,2,1,1,3
200500007442,0005-02-19 17:32:00,5,2,19,17,32,260,57.0,532  (NATIONALE),,,Crépuscule ou aube,En agglomération,Hors intersection,Normale,Autre collision,,,,,,,,,,,2,2,1,1,6
200500007443,0005-02-22 19:25:00,5,2,22,19,25,260,281.0,COTE POIDS DES FARINE,,,Nuit avec éclairage allumé,En agglomération,Hors intersection,Normale,Autre collision,,,,,,,,,,,5,2,1,1,6
200500007444,0005-02-27 12:15:00,5,2,27,12,15,260,281.0,VOIE COMMUNALE N°7,,,Plein jour,En agglomération,Intersection en X,Normale,Deux véhicules - côté,,,,,,,,,,,1,2,2,1,3
200500007445,0005-02-03 17:05:00,5,2,3,17,5,260,58.0,"sans n°, MOULIN D'ALBON",,,Plein jour,En agglomération,Intersection en X,Normale,Deux véhicules - côté,,,,,,,,,,,1,2,2,1,3
200500007446,0005-02-04 08:25:00,5,2,4,8,25,260,58.0,"sans n°, REPUBLIQUE PLAC",,,Plein jour,En agglomération,Giratoire,Pluie légère,Deux véhicules - côté,,,,,,,,,,,1,2,6,2,3
200500007447,0005-02-04 08:00:00,5,2,4,8,0,260,362.0,"sans n°, CHURCHILL BOULE",,,Plein jour,En agglomération,Hors intersection,Normale,Autre collision,,,,,,,,,,,1,2,1,1,6
200500007448,0005-02-05 18:00:00,5,2,5,18,0,260,362.0,"sans n°, GAULLE BOULEVAR",,,Nuit avec éclairage allumé,En agglomération,Hors intersection,Pluie légère,Autre collision,,,,,,,,,,,5,2,1,2,6
200500007449,0005-02-07 16:55:00,5,2,7,16,55,260,362.0,"sans n°, KENNEDY BD JOHN",,,Plein jour,En agglomération,Autre intersection,Normale,Deux véhicules - arrière,,,,,,,,,,,1,2,9,1,2
200500007450,0005-02-04 20:50:00,5,2,4,20,50,260,362.0,"9-11, VERDI RUE GUISEPPE",,,Nuit avec éclairage allumé,En agglomération,Hors intersection,Normale,Autre collision,,,,,,,,,,,5,2,1,1,6
200500007451,0005-02-11 17:50:00,5,2,11,17,50,260,362.0,"sans n°, TREIZIEME REGIM",,,Crépuscule ou aube,En agglomération,Hors intersection,Pluie légère,Autre collision,,,,,,,,,,,2,2,1,2,6
200500007452,0005-02-15 13:30:00,5,2,15,13,30,260,362.0,"sans n°, CHURCHILL BOULE",,,Plein jour,En agglomération,Intersection en X,Normale,Deux véhicules - côté,,,,,,,,,,,1,2,2,1,3
200500007453,0005-02-17 17:30:00,5,2,17,17,30,260,252.0,RN7 DEVIATION DE PORTES,,,Plein jour,En agglomération,Hors intersection,Normale,Deux véhicules - frontale,,,,,,,,,,,1,2,1,1,1
200500007454,0005-02-21 16:35:00,5,2,21,16,35,260,252.0,"sans n°, RN7 DEVIATION D",,,Plein jour,En agglomération,Hors intersection,Neige / grêle,Trois véhicules et plus - collisions multiples,,,,,,,,,,,1,2,1,4,5
200500007455,0005-02-24 07:49:00,5,2,24,7,49,260,362.0,"14, ROMANS AVENUE DE (10",,,Plein jour,En agglomération,Hors intersection,Normale,Autre collision,,,,,,,,,,,1,2,1,1,6
200500007456,0005-02-25 10:30:00,5,2,25,10,30,260,362.0,"sans n°, ROOSEVELT BOULE",,,Plein jour,En agglomération,Intersection en X,Normale,Deux véhicules - côté,,,,,,,,,,,1,2,2,1,3
200500007457,0005-02-25 09:45:00,5,2,25,9,45,260,252.0,"sans n°, BEAUVALLON ROUT",,,Plein jour,En agglomération,Hors intersection,Normale,Deux véhicules - côté,,,,,,,,,,,1,2,1,1,3
200500007458,0005-02-26 00:35:00,5,2,26,0,35,260,362.0,"sans n°, GAMBETTA AVENUE",,,Nuit avec éclairage allumé,En agglomération,Intersection en T,Normale,Deux véhicules - côté,,,,,,,,,,,5,2,3,1,3
200500007459,0005-02-02 15:10:00,5,2,2,15,10,270,229.0,"24, DUGUAY TROUIN (RUE)",,,Plein jour,En agglomération,Intersection en X,Normale,Deux véhicules - côté,,,,,,,,,,,1,2,2,1,3
200500007460,0005-02-03 13:00:00,5,2,3,13,0,270,229.0,"10, VERNON (RUE DE)",,,Plein jour,En agglomération,Hors intersection,Normale,Sans collision,,,,,,,,,,,1,2,1,1,7
200500007461,0005-02-04 14:01:00,5,2,4,14,1,270,229.0,"4, JAURES (RUE JEAN)",,,Plein jour,En agglomération,Hors intersection,Normale,Autre collision,,,,,,,,,,,1,2,1,1,6
200500007462,0005-02-04 17:00:00,5,2,4,17,0,270,299.0,"17, BRIAND (AVENUE ARIST",,,Plein jour,En agglomération,Hors intersection,Normale,Autre collision,,,,,,,,,,,1,2,1,1,6
200500007463,0005-02-07 17:55:00,5,2,7,17,55,270,229.0,"6, FORET (RUE DE LA)",,,Plein jour,En agglomération,Intersection en X,Normale,Deux véhicules - côté,,,,,,,,,,,1,2,2,1,3
200500007464,0005-02-08 16:45:00,5,2,8,16,45,270,229.0,"22, QUATORZE JUILLET (BO",,,Plein jour,En agglomération,Hors intersection,Normale,Deux véhicules - arrière,,,,,,,,,,,1,2,1,1,2
200500007465,0005-02-11 19:05:00,5,2,11,19,5,270,299.0,"72, BRIAND (AVENUE ARIST",,,Nuit avec éclairage allumé,En agglomération,Hors intersection,Normale,Autre collision,,,,,,,,,,,5,2,1,1,6
200500007466,0005-02-13 19:45:00,5,2,13,19,45,270,229.0,"4, FLAUBERT (RUE GUSTAVE",,,Nuit avec éclairage allumé,En agglomération,Autre intersection,Normale,Autre collision,,,,,,,,,,,5,2,9,1,6
200500007467,0005-02-14 15:25:00,5,2,14,15,25,270,229.0,"42, ORLEANS (RUE D')",,,Plein jour,En agglomération,Hors intersection,Normale,Deux véhicules - côté,,,,,,,,,,,1,2,1,1,3
200500007468,0005-02-14 20:38:00,5,2,14,20,38,270,299.0,"38, BRIAND (AVENUE ARIST",,,Nuit avec éclairage allumé,En agglomération,Hors intersection,Normale,Deux véhicules - côté,,,,,,,,,,,5,2,1,1,3
200500007469,0005-02-13 23:00:00,5,2,13,23,0,270,375.0,SAINT PIERRE (ROUTE DE),,,Nuit sans éclairage public,En agglomération,Hors intersection,Pluie légère,Sans collision,,,,,,,,,,,3,2,1,2,7
200500007470,0005-02-20 17:50:00,5,2,20,17,50,270,528.0,FALAISES (RUE DES),,,Nuit avec éclairage allumé,En agglomération,Intersection en X,Pluie légère,Deux véhicules - côté,,,,,,,,,,,5,2,2,2,3
200500007471,0005-02-22 11:50:00,5,2,22,11,50,270,528.0,SABLONS (ROUTE DES),,,Nuit avec éclairage non allumé,En agglomération,Hors intersection,Pluie légère,Deux véhicules - arrière,,,,,,,,,,,4,2,1,2,2
200500007472,0005-02-23 08:00:00,5,2,23,8,0,270,375.0,"76, ONZE NOVEMBRE 1918 (",,,Plein jour,En agglomération,Hors intersection,Temps couvert,Deux véhicules - côté,,,,,,,,,,,1,2,1,8,3
200500007473,0005-02-28 07:50:00,5,2,28,7,50,270,375.0,"28, CHAMP DE VILLE (PLAC",,,Crépuscule ou aube,En agglomération,Hors intersection,Normale,Autre collision,,,,,,,,,,,2,2,1,1,6
200500007474,0005-02-08 08:20:00,5,2,8,8,20,270,681.0,ROUEN (AVENUE DE),,,Plein jour,En agglomération,Autre intersection,Normale,Deux véhicules - côté,,,,,,,,,,,1,2,9,1,3
200500007475,0005-02-08 17:15:00,5,2,8,17,15,270,681.0,DE LATTRE DE TASSIGNY (A,,,Plein jour,En agglomération,Hors intersection,Normale,Autre collision,,,,,,,,,,,1,2,1,1,6
200500007476,0005-02-12 10:45:00,5,2,12,10,45,270,588.0,ROUEN (AVENUE DE),,,Plein jour,En agglomération,Hors intersection,Pluie légère,Autre collision,,,,,,,,,,,1,2,1,2,6
200500007477,0005-02-13 16:15:00,5,2,13,16,15,270,588.0,NATIONALE 15 (ROUTE),,,Plein jour,En agglomération,Hors intersection,Neige / grêle,Deux véhicules - arrière,,,,,,,,,,,1,2,1,4,2
200500007478,0005-02-19 11:15:00,5,2,19,11,15,270,681.0,JAURES (BOULEVARD JAURES,,,Plein jour,En agglomération,Hors intersection,Normale,Autre collision,,,,,,,,,,,1,2,1,1,6
200500007479,0005-02-20 00:10:00,5,2,20,0,10,270,681.0,"4, SORET (RUE JULES)",,,Nuit avec éclairage allumé,En agglomération,Hors intersection,Neige / grêle,Sans collision,,,,,,,,,,,5,2,1,4,7
200500007480,0005-02-01 13:20:00,5,2,1,13,20,280,85.0,"5, PEGUY (BOULEVARD CHAR",,,Plein jour,En agglomération,Hors intersection,Normale,Autre collision,,,,,,,,,,,1,2,1,1,6
200500007481,0005-02-09 17:50:00,5,2,9,17,50,280,218.0,"85, EUROPE (AVENUE DE L'",,,Plein jour,En agglomération,Hors intersection,Normale,Deux véhicules - arrière,,,,,,,,,,,1,2,1,1,2
200500007482,0005-02-11 12:30:00,5,2,11,12,30,280,209.0,"18, Mousseau (Rue du)",,,Plein jour,En agglomération,Hors intersection,Pluie légère,Deux véhicules - arrière,,,,,,,,,,,1,2,1,2,2
200500007483,0005-02-13 15:36:00,5,2,13,15,36,280,85.0,PETITES FILLES DIEU (RUE,,,Plein jour,En agglomération,Intersection en T,Temps couvert,Deux véhicules - côté,,,,,,,,,,,1,2,3,8,3
200500007484,0005-02-15 17:42:00,5,2,15,17,42,280,220.0,"89, AVENUE DE LA REPUBLI",,,Crépuscule ou aube,En agglomération,Hors intersection,Neige / grêle,Deux véhicules - arrière,,,,,,,,,,,2,2,1,4,2
200500007485,0005-02-19 15:13:00,5,2,19,15,13,280,85.0,"78, MACE (RUE HENRI)",,,Plein jour,En agglomération,Hors intersection,Temps couvert,Deux véhicules - côté,,,,,,,,,,,1,2,1,8,3
200500007486,0005-02-23 23:10:00,5,2,23,23,10,280,209.0,"02, PAIX (AVENUE DE LA )",,,Nuit avec éclairage allumé,En agglomération,Intersection en T,Normale,Deux véhicules - côté,,,,,,,,,,,5,2,3,1,3
200500007487,0005-02-25 10:58:00,5,2,25,10,58,280,220.0,"SANS, GEORGES CLEMENCEAU",,,Plein jour,En agglomération,Hors intersection,Normale,Trois véhicules et plus - collisions multiples,,,,,,,,,,,1,2,1,1,5
200500007488,0005-02-27 11:18:00,5,2,27,11,18,280,218.0,REPUBLIQUE (AVENUE DE LA,,,Plein jour,En agglomération,Hors intersection,Neige / grêle,Autre collision,,,,,,,,,,,1,2,1,4,6
200500007489,0005-02-28 17:55:00,5,2,28,17,55,280,85.0,"25, JAURES (BOULEVARD JE",,,Plein jour,En agglomération,Intersection en X,Normale,Trois véhicules et plus - collisions multiples,,,,,,,,,,,1,2,2,1,5
200500007490,0005-02-03 08:45:00,5,2,3,8,45,280,134.0,GARENNE (RUE DE LA),,,Plein jour,En agglomération,Intersection en X,Normale,Trois véhicules et plus - collisions multiples,,,,,,,,,,,1,2,2,1,5
200500007491,0005-02-10 21:45:00,5,2,10,21,45,280,134.0,ROCADE EST,,,Nuit sans éclairage public,En agglomération,Hors intersection,Temps couvert,Deux véhicules - frontale,,,,,,,,,,,3,2,1,8,1
200500007492,0005-02-12 18:25:00,5,2,12,18,25,280,134.0,NUISEMENT (RUE DE),,,Crépuscule ou aube,En agglomération,Intersection en X,Normale,Deux véhicules - côté,,,,,,,,,,,2,2,2,1,3
200500007493,0005-02-15 06:20:00,5,2,15,6,20,280,134.0,RN 12 (PHILIPS),,,Crépuscule ou aube,En agglomération,Hors intersection,Normale,Deux véhicules - côté,,,,,,,,,,,2,2,1,1,3
200500007494,0005-02-15 22:45:00,5,2,15,22,45,280,134.0,"5, NUISEMENT (RUE DE)",,,Nuit avec éclairage allumé,En agglomération,Hors intersection,Normale,Sans collision,,,,,,,,,,,5,2,1,1,7
200500007495,0005-02-16 14:00:00,5,2,16,14,0,280,134.0,MARCHEBEAUX (RUE DES),,,Plein jour,En agglomération,Hors intersection,Normale,Sans collision,,,,,,,,,,,1,2,1,1,7
200500007496,0005-02-19 22:35:00,5,2,19,22,35,280,134.0,KENNEDY (AVENUE DU PRESI,,,Nuit avec éclairage allumé,En agglomération,Intersection en X,Normale,Deux véhicules - côté,,,,,,,,,,,5,2,2,1,3
200500007497,0005-02-25 18:20:00,5,2,25,18,20,280,134.0,BATES (AVE DES),,,Crépuscule ou aube,En agglomération,Hors intersection,Normale,Deux véhicules - arrière,,,,,,,,,,,2,2,1,1,2
200500007498,0005-02-01 20:25:00,5,2,1,20,25,290,19.0,NAVARIN,,,Nuit avec éclairage allumé,En agglomération,Intersection en T,Normale,Deux véhicules - côté,,,,,,,,,,,5,2,3,1,3
200500007499,0005-02-02 17:20:00,5,2,2,17,20,290,19.0,"15, SIAM (DE 1 A 47 ET 2",,,Plein jour,En agglomération,Hors intersection,Pluie légère,Deux véhicules - côté,,,,,,,,,,,1,2,1,2,3
200500007500,0005-02-03 18:20:00,5,2,3,18,20,290,19.0,"76, JAURES JEAN (DE 44 A",,,Crépuscule ou aube,En agglomération,Intersection en T,Normale,Deux véhicules - côté,,,,,,,,,,,2,2,3,1,3
200500007501,0005-02-08 11:20:00,5,2,8,11,20,290,19.0,", DUQUESNE (DE 1 A 11 ET",,,Plein jour,En agglomération,Giratoire,Normale,Deux véhicules - arrière,,,,,,,,,,,1,2,6,1,2
200500007502,0005-02-11 08:35:00,5,2,11,8,35,290,19.0,"27, CORDON FRANCOIS",,,Crépuscule ou aube,En agglomération,Hors intersection,Pluie légère,Autre collision,,,,,,,,,,,2,2,1,2,6
200500007503,0005-02-11 18:10:00,5,2,11,18,10,290,19.0,"110, PLYMOUTH (DE 89 A 1",,,Crépuscule ou aube,En agglomération,Hors intersection,Pluie légère,Autre collision,,,,,,,,,,,2,2,1,2,6
200500007504,0005-02-12 19:30:00,5,2,12,19,30,290,19.0,", RN 12 (PEN AR CH'LEUZ",,,Nuit avec éclairage allumé,En agglomération,Hors intersection,Brouillard / fumée,Deux véhicules - arrière,,,,,,,,,,,5,2,1,5,2
200500007505,0005-02-17 11:45:00,5,2,17,11,45,290,19.0,"25, SAINT VINCENT DE PAU",,,Plein jour,En agglomération,Intersection en X,Pluie légère,Deux véhicules - côté,,,,,,,,,,,1,2,2,2,3
200500007506,0005-02-22 10:45:00,5,2,22,10,45,290,19.0,"., EUROPE (DE 58 A 166 E",,,Plein jour,En agglomération,Intersection en X,Normale,Autre collision,,,,,,,,,,,1,2,2,1,6
200500007507,0005-02-26 10:30:00,5,2,26,10,30,290,19.0,"24, GAMBETTA (DE 2 A 64",,,Plein jour,En agglomération,Hors intersection,Normale,Autre collision,,,,,,,,,,,1,2,1,1,6
200500007508,0005-02-26 15:10:00,5,2,26,15,10,290,19.0,"15, GLASGOW (DE 1 A 9 ET",,,Plein jour,En agglomération,Intersection en X,Normale,Deux véhicules - côté,,,,,,,,,,,1,2,2,1,3
200500007509,0005-02-28 17:05:00,5,2,28,17,5,290,19.0,"., PORTE (DE 1 A 75 ET 2",,,Plein jour,En agglomération,Intersection en X,Normale,Deux véhicules - côté,,,,,,,,,,,1,2,2,1,3
200500007510,0005-02-11 17:30:00,5,2,11,17,30,290,151.0,"13, SAINT MARTIN (BOULEV",,,Crépuscule ou aube,En agglomération,Hors intersection,Pluie légère,Deux véhicules - côté,,,,,,,,,,,2,2,1,2,3
200500007511,0005-02-09 18:00:00,5,2,9,18,0,300,7.0,"., LECLERC (PLACE GENERA",,,Plein jour,En agglomération,Hors intersection,Normale,Sans collision,,,,,,,,,,,1,2,1,1,7
200500007512,0005-02-23 06:00:00,5,2,23,6,0,300,7.0,MONTEE DE SILHOL,,,Crépuscule ou aube,En agglomération,Hors intersection,Normale,Deux véhicules - côté,,,,,,,,,,,2,2,1,1,3