accident_id,datetime,annee,mois,jour,heure,minute,departement,commune_insee,adresse,latitude,longitude,luminosite,agglomeration,intersection,meteo,collision,nb_vehicules,nb_usagers,nb_indemnes,nb_tues,nb_blesses_hosp,nb_blesses_legers,age_cond_1,age_cond_2,veh_type_cond_1,veh_type_cond_2,lum_code,agg_code,int_code,atm_code,col_code
200500007513,0005-02-03 18:30:00,5,2,3,18,30,300,28.0,RD 980 - Route de Saint,,,Nuit sans éclairage public,Hors agglomération,Hors intersection,Normale,Sans collision,,,,,,,,,,,3,1,1,1,7
200500007514,0005-02-13 15:45:00,5,2,13,15,45,300,28.0,ALES (ROUTE D'),,,Plein jour,En agglomération,Hors intersection,Pluie légère,Deux véhicules - côté,,,,,,,,,,,1,2,1,2,3
200500007515,0005-02-16 19:30:00,5,2,16,19,30,300,28.0,"35, EUROPE (AVENUE DE L'",,,Nuit avec éclairage non allumé,En agglomération,Hors intersection,Normale,Deux véhicules - côté,,,,,,,,,,,4,2,1,1,3
200500007516,0005-02-18 07:35:00,5,2,18,7,35,300,28.0,"24, MAYRE (AVENUE DE LA)",,,Crépuscule ou aube,En agglomération,Hors intersection,Normale,Deux véhicules - côté,,,,,,,,,,,2,2,1,1,3
200500007517,0005-02-10 18:05:00,5,2,10,18,5,300,32.0,"1, NIMES",,,Nuit avec éclairage allumé,En agglomération,Intersection en X,Normale,Deux véhicules - côté,,,,,,,,,,,5,2,2,1,3
200500007518,0005-02-02 07:45:00,5,2,2,7,45,300,189.0,"28, JAURES JEAN (BOULEVA",,,Plein jour,En agglomération,Hors intersection,Normale,Autre collision,,,,,,,,,,,1,2,1,1,6
200500007519,0005-02-03 06:59:00,5,2,3,6,59,300,189.0,ROUQUAIROL (ROUTE),,,Crépuscule ou aube,En agglomération,Intersection en T,Normale,Deux véhicules - côté,,,,,,,,,,,2,2,3,1,3
200500007520,0005-02-03 12:06:00,5,2,3,12,6,300,189.0,COURBET AMIRAL (BOULEVAR,,,Plein jour,En agglomération,Hors intersection,Normale,Deux véhicules - arrière,,,,,,,,,,,1,2,1,1,2
200500007521,0005-02-03 16:33:00,5,2,3,16,33,300,189.0,"98, JAURES JEAN (BOULEVA",,,Plein jour,En agglomération,Hors intersection,Normale,Trois véhicules et plus - collisions multiples,,,,,,,,,,,1,2,1,1,5
200500007522,0005-02-03 18:39:00,5,2,3,18,39,300,189.0,COURBET AMIRAL (BOULEVAR,,,Nuit avec éclairage allumé,En agglomération,Intersection en T,Normale,Deux véhicules - côté,,,,,,,,,,,5,2,3,1,3
200500007523,0005-02-03 21:05:00,5,2,3,21,5,300,189.0,NOTRE DAME (RUE),,,Nuit avec éclairage allumé,En agglomération,Intersection en X,Normale,Deux véhicules - côté,,,,,,,,,,,5,2,2,1,3
200500007524,0005-02-04 09:31:00,5,2,4,9,31,300,189.0,"101, ALES (ROUTE)",,,Plein jour,En agglomération,Intersection en T,Normale,Deux véhicules - côté,,,,,,,,,,,1,2,3,1,3
200500007525,0005-02-05 19:02:00,5,2,5,19,2,300,189.0,"1, BERTREUX ROGER (RUE)",,,Crépuscule ou aube,En agglomération,Autre intersection,Normale,Deux véhicules - côté,,,,,,,,,,,2,2,9,1,3
200500007526,0005-02-06 21:45:00,5,2,6,21,45,300,189.0,BOISSY D ANGLAS (ALLEE),,,Nuit avec éclairage allumé,En agglomération,Intersection en T,Normale,Trois véhicules et plus - en chaîne,,,,,,,,,,,5,2,3,1,4
200500007527,0005-02-07 00:51:00,5,2,7,0,51,300,189.0,POULX (ROUTE DE),,,Nuit sans éclairage public,En agglomération,Hors intersection,Normale,Autre collision,,,,,,,,,,,3,2,1,1,6
200500007528,0005-02-07 09:00:00,5,2,7,9,0,300,189.0,SOUS FONT DAME (CHEMIN O,,,Plein jour,En agglomération,Hors intersection,Normale,Sans collision,,,,,,,,,,,1,2,1,1,7
200500007529,0005-02-08 17:58:00,5,2,8,17,58,300,189.0,ROUQUAIROL (ROUTE),,,Nuit avec éclairage non allumé,En agglomération,Hors intersection,Normale,Deux véhicules - frontale,,,,,,,,,,,4,2,1,1,1
200500007530,0005-02-09 18:30:00,5,2,9,18,30,300,189.0,GENERAC (ROUTE),,,Crépuscule ou aube,En agglomération,Hors intersection,Normale,Deux véhicules - frontale,,,,,,,,,,,2,2,1,1,1
200500007531,0005-02-10 07:52:00,5,2,10,7,52,300,189.0,"154, ARLES (ROUTE)",,,Plein jour,En agglomération,Hors intersection,Normale,Deux véhicules - arrière,,,,,,,,,,,1,2,1,1,2
200500007532,0005-02-10 10:14:00,5,2,10,10,14,300,189.0,ALLENDE SALVADOR (RUE),,,Plein jour,En agglomération,Giratoire,Normale,Deux véhicules - arrière,,,,,,,,,,,1,2,6,1,2
200500007533,0005-02-11 05:30:00,5,2,11,5,30,300,189.0,"2, HUGO VICTOR (BOULEVAR",,,Nuit avec éclairage allumé,En agglomération,Hors intersection,Normale,Autre collision,,,,,,,,,,,5,2,1,1,6
200500007534,0005-02-11 15:45:00,5,2,11,15,45,300,189.0,FEUCHERES (AVENUE),,,Plein jour,En agglomération,Hors intersection,Pluie légère,Autre collision,,,,,,,,,,,1,2,1,2,6
200500007535,0005-02-11 19:30:00,5,2,11,19,30,300,189.0,"., LIBERTE (AVENUE)",,,Nuit avec éclairage allumé,En agglomération,Hors intersection,Normale,Deux véhicules - côté,,,,,,,,,,,5,2,1,1,3
200500007536,0005-02-12 10:00:00,5,2,12,10,0,300,189.0,UZES (ROUTE D'),,,Plein jour,En agglomération,Hors intersection,Normale,Trois véhicules et plus - collisions multiples,,,,,,,,,,,1,2,1,1,5
200500007537,0005-02-13 19:25:00,5,2,13,19,25,300,189.0,"1, BOURDALOUE (RUE)",,,Nuit avec éclairage allumé,En agglomération,Intersection en X,Normale,Deux véhicules - côté,,,,,,,,,,,5,2,2,1,3
200500007538,0005-02-14 07:05:00,5,2,14,7,5,300,189.0,"28, JAURES JEAN (BOULEVA",,,Plein jour,En agglomération,Hors intersection,Normale,Sans collision,,,,,,,,,,,1,2,1,1,7
200500007539,0005-02-15 21:50:00,5,2,15,21,50,300,189.0,"572, MONTEE DES ALPINS (",,,Nuit avec éclairage allumé,En agglomération,Hors intersection,Normale,Autre collision,,,,,,,,,,,5,2,1,1,6
200500007540,0005-02-16 11:15:00,5,2,16,11,15,300,189.0,SAUVE (ROUTE),,,Plein jour,En agglomération,Hors intersection,Normale,Deux véhicules - frontale,,,,,,,,,,,1,2,1,1,1
200500007541,0005-02-16 12:22:00,5,2,16,12,22,300,189.0,"1, SAINT REMY (RUE)",,,Plein jour,En agglomération,Intersection en X,Normale,Deux véhicules - côté,,,,,,,,,,,1,2,2,1,3
200500007542,0005-02-17 17:04:00,5,2,17,17,4,300,189.0,ADRIEN (RUE),,,Plein jour,En agglomération,Intersection en X,Normale,Deux véhicules - côté,,,,,,,,,,,1,2,2,1,3
200500007543,0005-02-17 20:24:00,5,2,17,20,24,300,189.0,SAINT REMY (RUE),,,Nuit avec éclairage non allumé,En agglomération,Intersection en X,Normale,Autre collision,,,,,,,,,,,4,2,2,1,6
200500007544,0005-02-18 13:20:00,5,2,18,13,20,300,189.0,ROOSEVELT FRANKLIN (AVEN,,,Plein jour,En agglomération,Hors intersection,Normale,Autre collision,,,,,,,,,,,1,2,1,1,6
200500007545,0005-02-18 14:43:00,5,2,18,14,43,300,189.0,GAMBETTA (BD),,,Plein jour,En agglomération,Hors intersection,Normale,Autre collision,,,,,,,,,,,1,2,1,1,6
200500007546,0005-02-08 16:45:00,5,2,8,16,45,300,189.0,"., BEAUCAIRE (ROUTE)",,,Plein jour,En agglomération,Hors intersection,Normale,Deux véhicules - arrière,,,,,,,,,,,1,2,1,1,2
200500007547,0005-02-21 14:27:00,5,2,21,14,27,300,189.0,"1, ALLENDE SALVADOR (RUE",,,Plein jour,En agglomération,Hors intersection,Normale,Deux véhicules - arrière,,,,,,,,,,,1,2,1,1,2
200500007548,0005-02-22 23:30:00,5,2,22,23,30,300,189.0,"., PERRIER GENERAL (RUE)",,,Plein jour,En agglomération,Hors intersection,Normale,Sans collision,,,,,,,,,,,1,2,1,1,7
200500007549,0005-02-23 12:15:00,5,2,23,12,15,300,189.0,ALLENDE SALVADOR (RUE),,,Plein jour,En agglomération,Hors intersection,Normale,Deux véhicules - côté,,,,,,,,,,,1,2,1,1,3
200500007550,0005-02-23 19:08:00,5,2,23,19,8,300,189.0,COURBESSAC (ROUTE),,,Nuit avec éclairage non allumé,En agglomération,Hors intersection,Normale,Deux véhicules - arrière,,,,,,,,,,,4,2,1,1,2
200500007551,0005-02-24 13:15:00,5,2,24,13,15,300,189.0,"., BEAUCAIRE (ROUTE)",,,Plein jour,En agglomération,Intersection en X,Normale,Deux véhicules - côté,,,,,,,,,,,1,2,2,1,3
200500007552,0005-02-24 19:24:00,5,2,24,19,24,300,189.0,"., NATOIRE (BOULEVARD)",,,Nuit avec éclairage non allumé,En agglomération,Hors intersection,Normale,Autre collision,,,,,,,,,,,4,2,1,1,6
200500007553,0005-02-25 12:14:00,5,2,25,12,14,300,189.0,SAINT GILLES (ROUTE),,,Plein jour,En agglomération,Hors intersection,Normale,Autre collision,,,,,,,,,,,1,2,1,1,6
200500007554,0005-02-26 11:23:00,5,2,26,11,23,300,189.0,JAURES JEAN (BOULEVARD),,,Plein jour,En agglomération,Intersection en X,Normale,Deux véhicules - côté,,,,,,,,,,,1,2,2,1,3
200500007555,0005-02-26 17:27:00,5,2,26,17,27,300,189.0,"., MONNET JEAN (COURS)",,,Plein jour,En agglomération,Intersection en T,Normale,Deux véhicules - frontale,,,,,,,,,,,1,2,3,1,1
200500007556,0005-02-27 13:50:00,5,2,27,13,50,300,189.0,"., TERRAUBE (RUE)",,,Plein jour,En agglomération,Intersection en X,Normale,Deux véhicules - côté,,,,,,,,,,,1,2,2,1,3
200500007557,0005-02-28 21:40:00,5,2,28,21,40,300,189.0,"., MAS BOULBON (CHEMIN)",,,Nuit sans éclairage public,En agglomération,Hors intersection,Normale,Autre collision,,,,,,,,,,,3,2,1,1,6
200500007558,0005-02-05 17:45:00,5,2,5,17,45,300,11.0,ARAMON ROUTE D',,,Crépuscule ou aube,En agglomération,Hors intersection,Pluie légère,Autre collision,,,,,,,,,,,2,2,1,2,6
200500007559,0005-02-17 18:10:00,5,2,17,18,10,310,69.0,"01, GUIMBAUD (RUE DU DOC",,,Crépuscule ou aube,En agglomération,Intersection en T,Normale,Deux véhicules - côté,,,,,,,,,,,2,2,3,1,3
200500007560,0005-02-05 12:30:00,5,2,5,12,30,310,565.0,JOFFRE (AVENUE DU MARECH,,,Plein jour,En agglomération,Hors intersection,Normale,Deux véhicules - arrière,,,,,,,,,,,1,2,1,1,2
200500007561,0005-02-11 11:40:00,5,2,11,11,40,310,565.0,"44, ARRIEU ANSELME (AVEN",,,Plein jour,En agglomération,Intersection en T,Normale,Deux véhicules - arrière,,,,,,,,,,,1,2,3,1,2
200500007562,0005-02-02 00:20:00,5,2,2,0,20,310,555.0,"9, SAINT MICHEL (GRANDE",,,Nuit avec éclairage allumé,En agglomération,Hors intersection,Pluie légère,Deux véhicules - côté,,,,,,,,,,,5,2,1,2,3
200500007563,0005-02-02 07:00:00,5,2,2,7,0,310,555.0,980.3 PLAISANCE (ROCADE,,,Nuit avec éclairage allumé,Hors agglomération,Hors intersection,Normale,Autre collision,,,,,,,,,,,5,1,1,1,6
200500007564,0005-02-02 09:20:00,5,2,2,9,20,310,555.0,18 MONTAUDRAN (PERIPH ES,,,Plein jour,Hors agglomération,Hors intersection,Normale,Deux véhicules - côté,,,,,,,,,,,1,1,1,1,3
200500007565,0005-02-02 10:50:00,5,2,2,10,50,310,555.0,"166, SAINT SIMON (RTE DE",,,Plein jour,En agglomération,Hors intersection,Normale,Deux véhicules - côté,,,,,,,,,,,1,2,1,1,3
200500007566,0005-02-02 14:26:00,5,2,2,14,26,310,555.0,30 PONTS JUMEAUX  (PERIP,,,Plein jour,Hors agglomération,Hors intersection,Normale,Trois véhicules et plus - en chaîne,,,,,,,,,,,1,1,1,1,4
200500007567,0005-02-02 16:00:00,5,2,2,16,0,310,555.0,"12, PERGAUD (PASSAGE LOU",,,Plein jour,En agglomération,Hors intersection,Normale,Autre collision,,,,,,,,,,,1,2,1,1,6
200500007568,0005-02-03 14:45:00,5,2,3,14,45,310,555.0,"20, BONREPOS (BD DE) DU",,,Plein jour,En agglomération,Hors intersection,Normale,Autre collision,,,,,,,,,,,1,2,1,1,6
200500007569,0005-02-03 08:30:00,5,2,3,8,30,310,555.0,"280, SAINT SIMON (RTE DE",,,Plein jour,En agglomération,Hors intersection,Pluie légère,Trois véhicules et plus - en chaîne,,,,,,,,,,,1,2,1,2,4
200500007570,0005-02-04 10:55:00,5,2,4,10,55,310,555.0,SAINT EXUPERY (AV ANTOIN,,,Plein jour,En agglomération,Hors intersection,Normale,Deux véhicules - arrière,,,,,,,,,,,1,2,1,1,2
200500007571,0005-02-04 12:14:00,5,2,4,12,14,310,555.0,LARRIEU (AV DE) DU 1AU 4,,,Plein jour,En agglomération,Intersection en X,Normale,Deux véhicules - côté,,,,,,,,,,,1,2,2,1,3
200500007572,0005-02-04 11:50:00,5,2,4,11,50,310,555.0,"12, PERI (RUE GABRIEL) D",,,Plein jour,En agglomération,Intersection en X,Normale,Deux véhicules - côté,,,,,,,,,,,1,2,2,1,3
200500007573,0005-02-04 17:15:00,5,2,4,17,15,310,555.0,"37, LYON (AV DE) DU 1AU",,,Plein jour,En agglomération,Hors intersection,Normale,Autre collision,,,,,,,,,,,1,2,1,1,6
200500007574,0005-02-04 21:40:00,5,2,4,21,40,310,555.0,"16, SUISSE (BD DE) DU 7A",,,Nuit avec éclairage allumé,En agglomération,Hors intersection,Normale,Deux véhicules - côté,,,,,,,,,,,5,2,1,1,3
200500007575,0005-02-05 10:35:00,5,2,5,10,35,310,555.0,PONT DE TOUNIS (RUE DU),,,Plein jour,En agglomération,Intersection en T,Normale,Deux véhicules - côté,,,,,,,,,,,1,2,3,1,3
200500007576,0005-02-05 13:00:00,5,2,5,13,0,310,555.0,SAINTE THERESE (RUE) DU,,,Plein jour,En agglomération,Intersection en T,Normale,Deux véhicules - côté,,,,,,,,,,,1,2,3,1,3
200500007577,0005-02-06 04:30:00,5,2,6,4,30,310,555.0,14 CROIX DAURADE (PERIPH,,,Nuit avec éclairage allumé,Hors agglomération,Hors intersection,Normale,Autre collision,,,,,,,,,,,5,1,1,1,6
200500007578,0005-02-05 22:50:00,5,2,5,22,50,310,555.0,"74, LISIEUX (RUE DE)",,,Nuit avec éclairage allumé,En agglomération,Hors intersection,Normale,Autre collision,,,,,,,,,,,5,2,1,1,6
200500007579,0005-02-08 16:10:00,5,2,8,16,10,310,555.0,"2, SAINT EXUPERY (AV ANT",,,Plein jour,En agglomération,Hors intersection,Normale,Autre collision,,,,,,,,,,,1,2,1,1,6
200500007580,0005-02-06 17:00:00,5,2,6,17,0,310,555.0,"270, JOULIN (RUE LEON)",,,Plein jour,En agglomération,Hors intersection,Normale,Deux véhicules - côté,,,,,,,,,,,1,2,1,1,3
200500007581,0005-02-06 17:30:00,5,2,6,17,30,310,555.0,"12, BAZERQUE (RUE LOUIS)",,,Plein jour,En agglomération,Hors intersection,Normale,Deux véhicules - arrière,,,,,,,,,,,1,2,1,1,2
200500007582,0005-02-06 18:30:00,5,2,6,18,30,310,555.0,"336, SEYSSES (RTE DE) DU",,,Nuit avec éclairage allumé,En agglomération,Intersection en T,Normale,Deux véhicules - côté,,,,,,,,,,,5,2,3,1,3
200500007583,0005-02-07 10:30:00,5,2,7,10,30,310,555.0,"126, ESPAGNE (RTE D) DU",,,Plein jour,En agglomération,Hors intersection,Normale,Autre collision,,,,,,,,,,,1,2,1,1,6
200500007584,0005-02-07 16:20:00,5,2,7,16,20,310,555.0,"30, METZ (RUE DE) DU 2AU",,,Plein jour,En agglomération,Hors intersection,Normale,Autre collision,,,,,,,,,,,1,2,1,1,6
200500007585,0005-02-07 19:40:00,5,2,7,19,40,310,555.0,"77, CHAUBET (AV JEAN) DU",,,Nuit avec éclairage allumé,En agglomération,Hors intersection,Normale,Deux véhicules - arrière,,,,,,,,,,,5,2,1,1,2
200500007586,0005-02-08 17:40:00,5,2,8,17,40,310,555.0,29 PURPAN  (PERIPH OUEST,,,Plein jour,Hors agglomération,Hors intersection,Normale,Trois véhicules et plus - en chaîne,,,,,,,,,,,1,1,1,1,4
200500007587,0005-02-08 19:00:00,5,2,8,19,0,310,555.0,SEVERAC (BD DEODAT DE) D,,,Nuit avec éclairage allumé,En agglomération,Intersection en X,Normale,Deux véhicules - côté,,,,,,,,,,,5,2,2,1,3
200500007588,0005-02-09 18:15:00,5,2,9,18,15,310,555.0,"04, ROMIGUIERES (RUE) DU",,,Crépuscule ou aube,En agglomération,Hors intersection,Normale,Sans collision,,,,,,,,,,,2,2,1,1,7
200500007589,0005-02-09 22:25:00,5,2,9,22,25,310,555.0,FITTE (ALL CHARLES DE) D,,,Nuit avec éclairage allumé,En agglomération,Hors intersection,Normale,Autre collision,,,,,,,,,,,5,2,1,1,6
200500007590,0005-02-10 09:45:00,5,2,10,9,45,310,555.0,"10, VESTREPAIN (RUE) DU",,,Plein jour,En agglomération,Intersection en T,Normale,Deux véhicules - côté,,,,,,,,,,,1,2,3,1,3
200500007591,0005-02-10 11:50:00,5,2,10,11,50,310,555.0,980.2 TOURNEFEUILLE (ROC,,,Plein jour,Hors agglomération,Hors intersection,Normale,Autre collision,,,,,,,,,,,1,1,1,1,6
200500007592,0005-02-10 14:45:00,5,2,10,14,45,310,555.0,"54, ALSACE LORRAINE (RUE",,,Plein jour,En agglomération,Hors intersection,Normale,Sans collision,,,,,,,,,,,1,2,1,1,7
200500007593,0005-02-10 20:20:00,5,2,10,20,20,310,555.0,"341, FRONTON (AV DE) DU",,,Nuit avec éclairage allumé,En agglomération,Hors intersection,Normale,Trois véhicules et plus - en chaîne,,,,,,,,,,,5,2,1,1,4
200500007594,0005-02-11 10:10:00,5,2,11,10,10,310,555.0,"131, PERROUD (rue Claude",,,Plein jour,En agglomération,Hors intersection,Normale,Sans collision,,,,,,,,,,,1,2,1,1,7
200500007595,0005-02-11 12:50:00,5,2,11,12,50,310,555.0,ARNAUD BERNARD (PL) DU 1,,,Plein jour,En agglomération,Hors intersection,Normale,Autre collision,,,,,,,,,,,1,2,1,1,6
200500007596,0005-02-12 03:35:00,5,2,12,3,35,310,555.0,ECHANGEUR SESQUIERES (A6,,,Nuit avec éclairage allumé,En agglomération,Intersection en T,Pluie légère,Deux véhicules - côté,,,,,,,,,,,5,2,3,2,3
200500007597,0005-02-12 10:50:00,5,2,12,10,50,310,555.0,"24, LANGER (AV MARCEL) D",,,Plein jour,En agglomération,Hors intersection,Normale,Autre collision,,,,,,,,,,,1,2,1,1,6
200500007598,0005-02-12 14:57:00,5,2,12,14,57,310,555.0,BEARNAIS (RUE DU) DU 1AU,,,Plein jour,En agglomération,Hors intersection,Normale,Autre collision,,,,,,,,,,,1,2,1,1,6
200500007599,0005-02-14 22:15:00,5,2,14,22,15,310,555.0,"4, CONCORDE (RUE DE LA)",,,Nuit avec éclairage allumé,En agglomération,Hors intersection,Normale,Deux véhicules - arrière,,,,,,,,,,,5,2,1,1,2
200500007600,0005-02-13 15:05:00,5,2,13,15,5,310,555.0,"0, JUIN (BD DU MARECHAL)",,,Plein jour,En agglomération,Intersection en X,Pluie légère,Deux véhicules - côté,,,,,,,,,,,1,2,2,2,3
200500007601,0005-02-14 13:45:00,5,2,14,13,45,310,555.0,"4, RECLUSANE (RUE) DU 1A",,,Plein jour,En agglomération,Hors intersection,Temps couvert,Autre collision,,,,,,,,,,,1,2,1,8,6
200500007602,0005-02-14 17:15:00,5,2,14,17,15,310,555.0,"12, DAURAT (AV DIDIER) D",,,Plein jour,En agglomération,Hors intersection,Normale,Deux véhicules - frontale,,,,,,,,,,,1,2,1,1,1
200500007603,0005-02-14 21:05:00,5,2,14,21,5,310,555.0,"22, POMME (RUE DE LA) DU",,,Nuit avec éclairage allumé,En agglomération,Hors intersection,Normale,Deux véhicules - côté,,,,,,,,,,,5,2,1,1,3
200500007604,0005-02-15 15:32:00,5,2,15,15,32,310,555.0,STRASBOURG (BD DE) DU 1A,,,Plein jour,En agglomération,Intersection en T,Neige / grêle,Deux véhicules - côté,,,,,,,,,,,1,2,3,4,3
200500007605,0005-02-16 07:40:00,5,2,16,7,40,310,555.0,"30, MALE (PL EMILE) DU 1",,,Plein jour,En agglomération,Hors intersection,Normale,Autre collision,,,,,,,,,,,1,2,1,1,6
200500007606,0005-02-16 15:55:00,5,2,16,15,55,310,555.0,"29, JAURES (ALL JEAN) DU",,,Plein jour,En agglomération,Hors intersection,Normale,Sans collision,,,,,,,,,,,1,2,1,1,7
200500007607,0005-02-17 13:20:00,5,2,17,13,20,310,555.0,DURANTI (ROND POINT JEAN,,,Plein jour,En agglomération,Giratoire,Temps couvert,Deux véhicules - côté,,,,,,,,,,,1,2,6,8,3
200500007608,0005-02-19 08:52:00,5,2,19,8,52,310,555.0,"48, VERDIER (ALL FORAIN",,,Plein jour,En agglomération,Hors intersection,Pluie légère,Trois véhicules et plus - collisions multiples,,,,,,,,,,,1,2,1,2,5
200500007609,0005-02-18 16:35:00,5,2,18,16,35,310,555.0,"13, FOULQUES (ALLEE DES)",,,Plein jour,En agglomération,Hors intersection,Normale,Autre collision,,,,,,,,,,,1,2,1,1,6
200500007610,0005-02-18 19:40:00,5,2,18,19,40,310,555.0,TRENTIN (BD SILVIO) DU 2,,,Nuit avec éclairage allumé,En agglomération,Hors intersection,Normale,Trois véhicules et plus - en chaîne,,,,,,,,,,,5,2,1,1,4
200500007611,0005-02-21 23:20:00,5,2,21,23,20,310,555.0,"10, FRENAY (RUE HENRI) D",,,Nuit avec éclairage allumé,En agglomération,Hors intersection,Normale,Autre collision,,,,,,,,,,,5,2,1,1,6
200500007612,0005-02-21 22:55:00,5,2,21,22,55,310,555.0,"287, LAUNAGUET (RTE DE)",,,Nuit avec éclairage allumé,En agglomération,Hors intersection,Normale,Autre collision,,,,,,,,,,,5,2,1,1,6
200500007613,0005-02-20 01:30:00,5,2,20,1,30,310,555.0,CATALOGNE (ROND POINT DE,,,Nuit avec éclairage allumé,En agglomération,Hors intersection,Temps couvert,Autre collision,,,,,,,,,,,5,2,1,8,6
200500007614,0005-02-20 01:31:00,5,2,20,1,31,310,555.0,27 LA CEPIERE  (PERIPH O,,,Nuit avec éclairage allumé,En agglomération,Hors intersection,Normale,Autre collision,,,,,,,,,,,5,2,1,1,6
200500007615,0005-02-21 15:13:00,5,2,21,15,13,310,555.0,RIVALSUPERVIC (CHE DE) D,,,Plein jour,En agglomération,Hors intersection,Pluie légère,Deux véhicules - frontale,,,,,,,,,,,1,2,1,2,1
200500007616,0005-02-21 05:00:00,5,2,21,5,0,310,555.0,"82, BARCELONE (ALL DE) D",,,Nuit avec éclairage allumé,En agglomération,Hors intersection,Normale,Autre collision,,,,,,,,,,,5,2,1,1,6
200500007617,0005-02-19 17:06:00,5,2,19,17,6,310,555.0,"01, ESQUIROL (PL ETIENNE",,,Plein jour,En agglomération,Hors intersection,Normale,Sans collision,,,,,,,,,,,1,2,1,1,7
200500007618,0005-02-20 06:15:00,5,2,20,6,15,310,555.0,33 A LALANDE (PEAGE NORD,,,Nuit avec éclairage allumé,En agglomération,Hors intersection,Normale,Autre collision,,,,,,,,,,,5,2,1,1,6
200500007619,0005-02-22 18:00:00,5,2,22,18,0,310,555.0,"5, FOCH (AV DU MARECHAL)",,,Plein jour,En agglomération,Intersection en X,Normale,Deux véhicules - côté,,,,,,,,,,,1,2,2,1,3
200500007620,0005-02-22 11:00:00,5,2,22,11,0,310,555.0,"64, SEMARD (BD PIERRE)",,,Plein jour,En agglomération,Hors intersection,Normale,Autre collision,,,,,,,,,,,1,2,1,1,6
200500007621,0005-02-23 11:30:00,5,2,23,11,30,310,555.0,"30, STRASBOURG (BD DE) D",,,Plein jour,En agglomération,Intersection en X,Normale,Deux véhicules - côté,,,,,,,,,,,1,2,2,1,3
200500007622,0005-02-23 19:10:00,5,2,23,19,10,310,555.0,"31, SERRES (AV HONORE) D",,,Plein jour,En agglomération,Hors intersection,Normale,Deux véhicules - côté,,,,,,,,,,,1,2,1,1,3
200500007623,0005-02-24 14:35:00,5,2,24,14,35,310,555.0,"405, LAUNAGUET (IMP DE)",,,Plein jour,En agglomération,Hors intersection,Normale,Deux véhicules - côté,,,,,,,,,,,1,2,1,1,3
200500007624,0005-02-25 07:35:00,5,2,25,7,35,310,555.0,"53, JULIEN (AV JULES) DU",,,Plein jour,En agglomération,Hors intersection,Normale,Deux véhicules - côté,,,,,,,,,,,1,2,1,1,3
200500007625,0005-02-25 17:30:00,5,2,25,17,30,310,555.0,"3, FENOUILLET (CHE DE) D",,,Plein jour,En agglomération,Hors intersection,Normale,Deux véhicules - côté,,,,,,,,,,,1,2,1,1,3
200500007626,0005-02-26 05:30:00,5,2,26,5,30,310,555.0,"1, VERDIER (ALL FORAIN F",,,Plein jour,En agglomération,Hors intersection,Normale,Autre collision,,,,,,,,,,,1,2,1,1,6
200500007627,0005-02-26 07:00:00,5,2,26,7,0,310,555.0,"4, RIQUET (PONT)",,,Plein jour,En agglomération,Hors intersection,Normale,Deux véhicules - arrière,,,,,,,,,,,1,2,1,1,2
200500007628,0005-02-27 11:13:00,5,2,27,11,13,310,555.0,LASCROSSES (BD) DU 19AU,,,Plein jour,En agglomération,Intersection en T,Normale,Deux véhicules - côté,,,,,,,,,,,1,2,3,1,3
200500007629,0005-02-28 13:30:00,5,2,28,13,30,310,555.0,"20, AGDE (RTE D) DU 1AU",,,Plein jour,En agglomération,Hors intersection,Normale,Trois véhicules et plus - en chaîne,,,,,,,,,,,1,2,1,1,4
200500007630,0005-02-28 15:45:00,5,2,28,15,45,310,555.0,"17, SAINT EXUPERY (AV AN",,,Plein jour,En agglomération,Hors intersection,Normale,Deux véhicules - côté,,,,,,,,,,,1,2,1,1,3
200500007631,0005-02-28 22:15:00,5,2,28,22,15,310,555.0,"350, TUCAUT (CHE DE) DU",,,Nuit avec éclairage allumé,En agglomération,Hors intersection,Normale,Autre collision,,,,,,,,,,,5,2,1,1,6
200500007632,0005-02-05 19:07:00,5,2,5,19,7,310,557.0,AURIOL (BD VINCENT),,,Nuit avec éclairage allumé,En agglomération,Hors intersection,Normale,Trois véhicules et plus - en chaîne,,,,,,,,,,,5,2,1,1,4
200500007633,0005-02-10 18:00:00,5,2,10,18,0,310,557.0,LARDENNE (AV DE),,,Plein jour,En agglomération,Hors intersection,Normale,Deux véhicules - arrière,,,,,,,,,,,1,2,1,1,2
200500007634,0005-02-15 08:25:00,5,2,15,8,25,310,557.0,"267, RAMELET MOUNDI (CH",,,Plein jour,En agglomération,Hors intersection,Temps couvert,Autre collision,,,,,,,,,,,1,2,1,8,6
200500007635,0005-02-20 11:30:00,5,2,20,11,30,310,557.0,", DOUMERGUE (RUE GASTON)",,,Plein jour,En agglomération,Hors intersection,Neige / grêle,Autre collision,,,,,,,,,,,1,2,1,4,6
200500007636,0005-02-02 13:35:00,5,2,2,13,35,320,13.0,GENERAL DE GAULLE,,,Plein jour,En agglomération,Hors intersection,Normale,Trois véhicules et plus - en chaîne,,,,,,,,,,,1,2,1,1,4
200500007637,0005-02-05 16:05:00,5,2,5,16,5,320,13.0,AGEN (ROUTE D'),,,Plein jour,En agglomération,Intersection en T,Normale,Deux véhicules - côté,,,,,,,,,,,1,2,3,1,3
200500007638,0005-02-08 08:05:00,5,2,8,8,5,320,13.0,"89 bis, YSER (AVENUE DE",,,Crépuscule ou aube,En agglomération,Hors intersection,Normale,Autre collision,,,,,,,,,,,2,2,1,1,6
200500007639,0005-02-10 18:45:00,5,2,10,18,45,320,13.0,PYRENEES (AVENUE DES),,,Nuit avec éclairage allumé,En agglomération,Hors intersection,Normale,Deux véhicules - frontale,,,,,,,,,,,5,2,1,1,1