accident_id,datetime,annee,mois,jour,heure,minute,departement,commune_insee,adresse,latitude,longitude,luminosite,agglomeration,intersection,meteo,collision,nb_vehicules,nb_usagers,nb_indemnes,nb_tues,nb_blesses_hosp,nb_blesses_legers,age_cond_1,age_cond_2,veh_type_cond_1,veh_type_cond_2,lum_code,agg_code,int_code,atm_code,col_code
200500007640,0005-02-15 12:00:00,5,2,15,12,0,320,13.0,AGEN (ROUTE D'),,,Plein jour,En agglomération,Autre intersection,Temps couvert,Deux véhicules - côté,,,,,,,,,,,1,2,9,8,3
200500007641,0005-02-27 12:25:00,5,2,27,12,25,320,13.0,HOCHE (AVENUE),,,Plein jour,En agglomération,Intersection en X,Normale,Deux véhicules - côté,,,,,,,,,,,1,2,2,1,3
200500007642,0005-02-28 08:45:00,5,2,28,8,45,320,13.0,"29, METZ",,,Plein jour,En agglomération,Hors intersection,Autre,Deux véhicules - arrière,,,,,,,,,,,1,2,1,9,2
200500007643,0005-02-21 17:32:00,5,2,21,17,32,330,9.0,"1, MER (BD DE LA)",,,Plein jour,En agglomération,Hors intersection,Normale,Autre collision,,,,,,,,,,,1,2,1,1,6
200500007644,0005-02-01 18:10:00,5,2,1,18,10,330,63.0,LECOCQ (RUE ),,,Nuit avec éclairage allumé,En agglomération,Intersection en X,Normale,Deux véhicules - côté,,,,,,,,,,,5,2,2,1,3
200500007645,0005-02-01 21:40:00,5,2,1,21,40,330,63.0,BENATTE (RUE DE LA),,,Nuit avec éclairage allumé,En agglomération,Hors intersection,Pluie légère,Deux véhicules - côté,,,,,,,,,,,5,2,1,2,3
200500007646,0005-02-03 11:30:00,5,2,3,11,30,330,63.0,TONDU (RUE DU),,,Plein jour,En agglomération,Intersection en X,Normale,Autre collision,,,,,,,,,,,1,2,2,1,6
200500007647,0005-02-01 08:20:00,5,2,1,8,20,330,39.0,MOGA (RUE DES FRERES),,,Plein jour,En agglomération,Intersection en X,Normale,Deux véhicules - côté,,,,,,,,,,,1,2,2,1,3
200500007648,0005-02-01 17:17:00,5,2,1,17,17,330,281.0,"148, SOMME (AVE DE LA)",,,Plein jour,En agglomération,Hors intersection,Temps couvert,Deux véhicules - côté,,,,,,,,,,,1,2,1,8,3
200500007649,0005-02-03 05:00:00,5,2,3,5,0,330,550.0,"398, TOULOUSE (RTE DE)",,,Nuit avec éclairage allumé,En agglomération,Hors intersection,Pluie légère,Autre collision,,,,,,,,,,,5,2,1,2,6
200500007650,0005-02-03 08:00:00,5,2,3,8,0,330,318.0,"21, BEUTRE (AVE DE)",,,Crépuscule ou aube,En agglomération,Hors intersection,Normale,Deux véhicules - côté,,,,,,,,,,,2,2,1,1,3
200500007651,0005-02-05 12:10:00,5,2,5,12,10,330,63.0,REPUBLIQUE (PCE DE LA),,,Plein jour,En agglomération,Intersection en T,Normale,Deux véhicules - arrière,,,,,,,,,,,1,2,3,1,2
200500007652,0005-02-05 12:45:00,5,2,5,12,45,330,63.0,HAKEIM (PCE BIR),,,Plein jour,En agglomération,Hors intersection,Normale,Deux véhicules - arrière,,,,,,,,,,,1,2,1,1,2
200500007653,0005-02-06 14:05:00,5,2,6,14,5,330,63.0,PASTEURINES CAUD (ALL DE,,,Plein jour,En agglomération,Intersection en X,Normale,Deux véhicules - côté,,,,,,,,,,,1,2,2,1,3
200500007654,0005-02-06 11:10:00,5,2,6,11,10,330,63.0,VIOLETTES CAUD (RUE DES),,,Plein jour,En agglomération,Intersection en X,Normale,Trois véhicules et plus - collisions multiples,,,,,,,,,,,1,2,2,1,5
200500007655,0005-02-05 13:40:00,5,2,5,13,40,330,63.0,"88, WILSON (BD DU PRESID",,,Plein jour,En agglomération,Hors intersection,Normale,Deux véhicules - arrière,,,,,,,,,,,1,2,1,1,2
200500007656,0005-02-07 19:00:00,5,2,7,19,0,330,63.0,BRIAND (CRS ARISTIDE) (2,,,Nuit avec éclairage allumé,En agglomération,Hors intersection,Normale,Autre collision,,,,,,,,,,,5,2,1,1,6
200500007657,0005-02-04 09:00:00,5,2,4,9,0,330,119.0,CASSAGNE (AVE RENE),,,Plein jour,En agglomération,Hors intersection,Normale,Autre collision,,,,,,,,,,,1,2,1,1,6
200500007658,0005-02-04 20:50:00,5,2,4,20,50,330,192.0,"22, GAULLE (CRS DU GENER",,,Nuit avec éclairage allumé,En agglomération,Intersection en T,Normale,Deux véhicules - frontale,,,,,,,,,,,5,2,3,1,1
200500007659,0005-02-09 08:00:00,5,2,9,8,0,330,63.0,"87, BENAUGE (RUE DE LA)",,,Plein jour,En agglomération,Hors intersection,Normale,Autre collision,,,,,,,,,,,1,2,1,1,6
200500007660,0005-02-09 13:30:00,5,2,9,13,30,330,63.0,GALLIENI CAUD (RUE MAREC,,,Plein jour,En agglomération,Intersection en X,Normale,Deux véhicules - côté,,,,,,,,,,,1,2,2,1,3
200500007661,0005-02-03 07:44:00,5,2,3,7,44,330,281.0,EUROPE (AVE DE L),,,Plein jour,En agglomération,Intersection en T,Normale,Deux véhicules - côté,,,,,,,,,,,1,2,3,1,3
200500007662,0005-02-10 17:57:00,5,2,10,17,57,330,63.0,JOURNAUX (AVE DES QUARAN,,,Crépuscule ou aube,En agglomération,Hors intersection,Normale,Autre collision,,,,,,,,,,,2,2,1,1,6
200500007663,0005-02-10 18:45:00,5,2,10,18,45,330,75.0,GAULLE (AVE CHARLES DE),,,Nuit avec éclairage allumé,En agglomération,Hors intersection,Normale,Autre collision,,,,,,,,,,,5,2,1,1,6
200500007664,0005-02-07 07:52:00,5,2,7,7,52,330,192.0,CHOUINEY (RUE DU),,,Crépuscule ou aube,En agglomération,Intersection en T,Normale,Deux véhicules - côté,,,,,,,,,,,2,2,3,1,3
200500007665,0005-02-08 07:55:00,5,2,8,7,55,330,69.0,BOUTAUT (ALL DE),,,Crépuscule ou aube,En agglomération,Intersection en X,Normale,Deux véhicules - côté,,,,,,,,,,,2,2,2,1,3
200500007666,0005-02-09 07:55:00,5,2,9,7,55,330,39.0,HUGO (CRS VICTOR),,,Plein jour,En agglomération,Intersection en T,Normale,Autre collision,,,,,,,,,,,1,2,3,1,6
200500007667,0005-02-09 11:33:00,5,2,9,11,33,330,281.0,"19, GAULLE (PCE CHARLES",,,Plein jour,En agglomération,Hors intersection,Normale,Autre collision,,,,,,,,,,,1,2,1,1,6
200500007668,0005-02-10 14:00:00,5,2,10,14,0,330,63.0,SALINIERES (QUAI DES),,,Plein jour,En agglomération,Hors intersection,Normale,Deux véhicules - arrière,,,,,,,,,,,1,2,1,1,2
200500007669,0005-02-11 13:15:00,5,2,11,13,15,330,63.0,GALLIENI (CRS DU MARECHA,,,Plein jour,En agglomération,Intersection en X,Pluie légère,Deux véhicules - côté,,,,,,,,,,,1,2,2,2,3
200500007670,0005-02-11 23:10:00,5,2,11,23,10,330,119.0,CARNOT (AVE ),,,Nuit avec éclairage allumé,En agglomération,Hors intersection,Pluie légère,Autre collision,,,,,,,,,,,5,2,1,2,6
200500007671,0005-02-12 15:25:00,5,2,12,15,25,330,63.0,TOULOUSE (RTE DE),,,Plein jour,En agglomération,Intersection en T,Pluie légère,Trois véhicules et plus - en chaîne,,,,,,,,,,,1,2,3,2,4
200500007672,0005-02-12 16:20:00,5,2,12,16,20,330,63.0,LOMBARD (RUE ),,,Plein jour,En agglomération,Intersection en X,Pluie légère,Deux véhicules - côté,,,,,,,,,,,1,2,2,2,3
200500007673,0005-02-12 16:45:00,5,2,12,16,45,330,63.0,LORRAINE (CRS D'ALSACE E,,,Plein jour,En agglomération,Intersection en X,Pluie légère,Autre collision,,,,,,,,,,,1,2,2,2,6
200500007674,0005-02-13 12:15:00,5,2,13,12,15,330,63.0,TASSIGNY (RDPT DU MAL DE,,,Plein jour,En agglomération,Intersection en X,Pluie légère,Deux véhicules - arrière,,,,,,,,,,,1,2,2,2,2
200500007675,0005-02-11 07:55:00,5,2,11,7,55,330,119.0,"48, JAURES (AVE JEAN)",,,Plein jour,En agglomération,Hors intersection,Temps couvert,Autre collision,,,,,,,,,,,1,2,1,8,6
200500007676,0005-02-11 21:10:00,5,2,11,21,10,330,63.0,SOUYS (QUAI DE LA),,,Nuit avec éclairage allumé,En agglomération,Intersection en T,Pluie légère,Deux véhicules - arrière,,,,,,,,,,,5,2,3,2,2
200500007677,0005-02-12 16:10:00,5,2,12,16,10,330,63.0,PERNON (AVE DE),,,Plein jour,En agglomération,Intersection en X,Pluie forte,Trois véhicules et plus - collisions multiples,,,,,,,,,,,1,2,2,3,5
200500007678,0005-02-12 23:40:00,5,2,12,23,40,330,69.0,"357, LIBERATION-CH. DE G",,,Nuit avec éclairage allumé,En agglomération,Hors intersection,Pluie légère,Autre collision,,,,,,,,,,,5,2,1,2,6
200500007679,0005-02-14 16:15:00,5,2,14,16,15,330,119.0,JAURES (AVE JEAN),,,Plein jour,En agglomération,Hors intersection,Normale,Autre collision,,,,,,,,,,,1,2,1,1,6
200500007680,0005-02-15 17:00:00,5,2,15,17,0,330,63.0,"137/139, HUGO (CRS VICTO",,,Plein jour,En agglomération,Hors intersection,Normale,Deux véhicules - côté,,,,,,,,,,,1,2,1,1,3
200500007681,0005-02-15 17:01:00,5,2,15,17,1,330,63.0,"26-28, GAUTIER (BD ANTOI",,,Plein jour,En agglomération,Hors intersection,Normale,Sans collision,,,,,,,,,,,1,2,1,1,7
200500007682,0005-02-15 20:00:00,5,2,15,20,0,330,63.0,STUTTENBERG (CRS BALGUER,,,Nuit avec éclairage allumé,En agglomération,Intersection en X,Pluie légère,Deux véhicules - côté,,,,,,,,,,,5,2,2,2,3
200500007683,0005-02-15 14:20:00,5,2,15,14,20,330,318.0,LAURENSON (RUE ALBERT),,,Plein jour,En agglomération,Intersection en X,Normale,Deux véhicules - côté,,,,,,,,,,,1,2,2,1,3
200500007684,0005-02-17 06:54:00,5,2,17,6,54,330,167.0,CABANNES (AVE GASTON),,,Nuit sans éclairage public,En agglomération,Intersection en T,Normale,Deux véhicules - côté,,,,,,,,,,,3,2,3,1,3
200500007685,0005-02-15 08:00:00,5,2,15,8,0,330,75.0,GAULLE (AVE CHARLES DE),,,Crépuscule ou aube,En agglomération,Intersection en T,Normale,Deux véhicules - côté,,,,,,,,,,,2,2,3,1,3
200500007686,0005-02-15 23:20:00,5,2,15,23,20,330,75.0,GAULLE (AVE CHARLES DE),,,Nuit avec éclairage allumé,En agglomération,Intersection en T,Normale,Deux véhicules - arrière,,,,,,,,,,,5,2,3,1,2
200500007687,0005-02-14 13:05:00,5,2,14,13,5,330,522.0,"485, LIBERATION (CRS DE",,,Plein jour,En agglomération,Intersection en T,Normale,Autre collision,,,,,,,,,,,1,2,3,1,6
200500007688,0005-02-15 13:54:00,5,2,15,13,54,330,192.0,NAUDET (RUE ),,,Plein jour,En agglomération,Hors intersection,Normale,Deux véhicules - arrière,,,,,,,,,,,1,2,1,1,2
200500007689,0005-02-18 11:10:00,5,2,18,11,10,330,63.0,GEORGE V (BD ),,,Plein jour,En agglomération,Intersection en T,Normale,Deux véhicules - arrière,,,,,,,,,,,1,2,3,1,2
200500007690,0005-02-18 21:10:00,5,2,18,21,10,330,63.0,MARNE (CRS DE LA),,,Nuit avec éclairage allumé,En agglomération,Intersection en X,Neige / grêle,Autre collision,,,,,,,,,,,5,2,2,4,6
200500007691,0005-02-21 18:00:00,5,2,21,18,0,330,63.0,"178, MARNE (CRS DE LA)",,,Plein jour,En agglomération,Intersection en X,Normale,Autre collision,,,,,,,,,,,1,2,2,1,6
200500007692,0005-02-17 19:10:00,5,2,17,19,10,330,63.0,PASTEUR CAUD (RUE ),,,Nuit avec éclairage allumé,En agglomération,Intersection en T,Normale,Deux véhicules - arrière,,,,,,,,,,,5,2,3,1,2
200500007693,0005-02-19 23:25:00,5,2,19,23,25,330,318.0,"137, JAURES (AVE JEAN)",,,Nuit avec éclairage allumé,En agglomération,Hors intersection,Normale,Autre collision,,,,,,,,,,,5,2,1,1,6
200500007694,0005-02-22 12:15:00,5,2,22,12,15,330,63.0,ORME (RUE DE BEL),,,Plein jour,En agglomération,Intersection en X,Normale,Deux véhicules - frontale,,,,,,,,,,,1,2,2,1,1
200500007695,0005-02-23 16:45:00,5,2,23,16,45,330,63.0,"226, PESSAC (RUE DE)",,,Plein jour,En agglomération,Intersection en X,Normale,Deux véhicules - arrière,,,,,,,,,,,1,2,2,1,2
200500007696,0005-02-24 19:45:00,5,2,24,19,45,330,63.0,MERIGNAC (RUE DE),,,Nuit avec éclairage allumé,En agglomération,Hors intersection,Normale,Deux véhicules - arrière,,,,,,,,,,,5,2,1,1,2
200500007697,0005-02-16 13:40:00,5,2,16,13,40,330,522.0,"226, GAMBETTA (CRS )",,,Plein jour,En agglomération,Hors intersection,Normale,Autre collision,,,,,,,,,,,1,2,1,1,6
200500007698,0005-02-17 19:00:00,5,2,17,19,0,330,39.0,BARRE (RUE CHEVALIER DE,,,Nuit avec éclairage allumé,En agglomération,Intersection en X,Normale,Autre collision,,,,,,,,,,,5,2,2,1,6
200500007699,0005-02-18 18:30:00,5,2,18,18,30,330,550.0,CACHIN (RUE MARCEL),,,Nuit avec éclairage allumé,En agglomération,Intersection en X,Normale,Trois véhicules et plus - en chaîne,,,,,,,,,,,5,2,2,1,4
200500007700,0005-02-26 05:25:00,5,2,26,5,25,330,63.0,LOUIS XVIII (QUAI ),,,Nuit avec éclairage allumé,En agglomération,Hors intersection,Normale,Deux véhicules - arrière,,,,,,,,,,,5,2,1,1,2
200500007701,0005-02-26 04:25:00,5,2,26,4,25,330,63.0,"41 BIS, MARNE (CRS DE LA",,,Nuit avec éclairage allumé,En agglomération,Intersection en X,Pluie légère,Deux véhicules - côté,,,,,,,,,,,5,2,2,2,3
200500007702,0005-02-28 13:53:00,5,2,28,13,53,330,63.0,LOUIS (CRS SAINT),,,Plein jour,En agglomération,Hors intersection,Normale,Autre collision,,,,,,,,,,,1,2,1,1,6
200500007703,0005-02-25 04:30:00,5,2,25,4,30,330,318.0,BARDANAC (AVE DE),,,Nuit avec éclairage allumé,En agglomération,Intersection en T,Normale,Deux véhicules - côté,,,,,,,,,,,5,2,3,1,3
200500007704,0005-02-27 13:06:00,5,2,27,13,6,330,63.0,BOIS (ALL DU),,,Plein jour,En agglomération,Hors intersection,Normale,Deux véhicules - arrière,,,,,,,,,,,1,2,1,1,2
200500007705,0005-02-28 16:45:00,5,2,28,16,45,330,318.0,CLAVE (AVE ROBERT),,,Plein jour,En agglomération,Intersection en X,Normale,Autre collision,,,,,,,,,,,1,2,2,1,6
200500007706,0005-02-28 13:20:00,5,2,28,13,20,330,318.0,EAU D'EAU (RUE DU CHA),,,Plein jour,En agglomération,Intersection en T,Normale,Deux véhicules - côté,,,,,,,,,,,1,2,3,1,3
200500007707,0005-02-26 17:00:00,5,2,26,17,0,330,119.0,PELLETAN (RUE CAMILLE),,,Plein jour,En agglomération,Giratoire,Normale,Deux véhicules - côté,,,,,,,,,,,1,2,6,1,3
200500007708,0005-02-28 10:50:00,5,2,28,10,50,330,281.0,COTY (ALL PRESIDENT RENE,,,Plein jour,En agglomération,Intersection en X,Normale,Autre collision,,,,,,,,,,,1,2,2,1,6
200500007709,0005-02-28 21:20:00,5,2,28,21,20,330,63.0,"51, ARNOULD (RUE COMMAND",,,Nuit avec éclairage allumé,En agglomération,Intersection en X,Normale,Deux véhicules - côté,,,,,,,,,,,5,2,2,1,3
200500007710,0005-02-26 14:00:00,5,2,26,14,0,330,243.0,"33, POMPIDOU(AVENUE GEOR",,,Plein jour,En agglomération,Hors intersection,Normale,Autre collision,,,,,,,,,,,1,2,1,1,6
200500007711,0005-02-09 17:10:00,5,2,9,17,10,340,3.0,"SANS N°, POMPIDOU (H12 A",,,Plein jour,En agglomération,Hors intersection,Temps éblouissant,Autre collision,,,,,,,,,,,1,2,1,7,6
200500007712,0005-02-15 06:13:00,5,2,15,6,13,340,32.0,"87, GALINIER HENRI (AV)",,,Nuit avec éclairage allumé,En agglomération,Hors intersection,Normale,Sans collision,,,,,,,,,,,5,2,1,1,7
200500007713,0005-02-16 16:00:00,5,2,16,16,0,340,32.0,"1, RIVETTI ROBERT (RUE)",,,Plein jour,En agglomération,Hors intersection,Normale,Autre collision,,,,,,,,,,,1,2,1,1,6
200500007714,0005-02-26 04:40:00,5,2,26,4,40,340,336.0,"22, BEREGOVOY (AVENUE PI",,,Nuit avec éclairage allumé,En agglomération,Hors intersection,Normale,Autre collision,,,,,,,,,,,5,2,1,1,6
200500007715,0005-02-01 13:20:00,5,2,1,13,20,340,198.0,RD N21,,,Plein jour,En agglomération,Hors intersection,Normale,Autre collision,,,,,,,,,,,1,2,1,1,6
200500007716,0005-02-01 09:00:00,5,2,1,9,0,340,172.0,"750, MENDE (ROUTE DE)",,,Plein jour,En agglomération,Intersection en X,Normale,Autre collision,,,,,,,,,,,1,2,2,1,6
200500007717,0005-02-01 18:50:00,5,2,1,18,50,340,172.0,"""ALCO (RUE D',N° 1 A 477",,,Nuit avec éclairage allumé,En agglomération,Intersection en X,Normale,Deux véhicules - côté,,,,,,,,,,,5,2,2,1,3
200500007718,0005-02-01 17:40:00,5,2,1,17,40,340,172.0,"52, FIGUEROLLES FAUBOURG",,,Plein jour,En agglomération,Hors intersection,Normale,Autre collision,,,,,,,,,,,1,2,1,1,6
200500007719,0005-02-02 09:35:00,5,2,2,9,35,340,172.0,"6, MAS DE LEMASSON (RUE",,,Plein jour,En agglomération,Hors intersection,Temps éblouissant,Autre collision,,,,,,,,,,,1,2,1,7,6
200500007720,0005-02-01 12:05:00,5,2,1,12,5,340,172.0,"683, NOBEL (RUE ALFRED)",,,Plein jour,En agglomération,Hors intersection,Normale,Deux véhicules - côté,,,,,,,,,,,1,2,1,1,3
200500007721,0005-02-05 18:30:00,5,2,5,18,30,340,172.0,"727, BOUNIN (RUE JACQUES",,,Nuit avec éclairage allumé,En agglomération,Hors intersection,Normale,Autre collision,,,,,,,,,,,5,2,1,1,6
200500007722,0005-02-03 11:15:00,5,2,3,11,15,340,172.0,"""LODEVE (AVENUE DE, N° 1",,,Plein jour,En agglomération,Intersection en T,Normale,Deux véhicules - côté,,,,,,,,,,,1,2,3,1,3
200500007723,0005-02-08 08:55:00,5,2,8,8,55,340,172.0,EUROPE (AVENUE DE L'),,,Plein jour,En agglomération,Hors intersection,Normale,Autre collision,,,,,,,,,,,1,2,1,1,6
200500007724,0005-02-09 07:54:00,5,2,9,7,54,340,172.0,FAUBOURG FIGUEROLLES (RU,,,Plein jour,En agglomération,Intersection en X,Normale,Deux véhicules - côté,,,,,,,,,,,1,2,2,1,3
200500007725,0005-02-10 18:30:00,5,2,10,18,30,340,172.0,"32, PONT DE LAVERUNE (RU",,,Nuit avec éclairage allumé,En agglomération,Intersection en T,Normale,Deux véhicules - côté,,,,,,,,,,,5,2,3,1,3
200500007726,0005-02-11 05:05:00,5,2,11,5,5,340,172.0,"245, POSEIDON (RUE)",,,Nuit avec éclairage allumé,En agglomération,Hors intersection,Normale,Autre collision,,,,,,,,,,,5,2,1,1,6
200500007727,0005-02-11 20:50:00,5,2,11,20,50,340,172.0,"36, TOULOUSE COMTE DE",,,Nuit avec éclairage allumé,En agglomération,Intersection en T,Pluie légère,Autre collision,,,,,,,,,,,5,2,3,2,6
200500007728,0005-02-11 18:15:00,5,2,11,18,15,340,172.0,"1, FOCH (RUE)",,,Nuit sans éclairage public,En agglomération,Hors intersection,Pluie légère,Sans collision,,,,,,,,,,,3,2,1,2,7
200500007729,0005-02-12 19:20:00,5,2,12,19,20,340,129.0,PEROLS D132 (AVENUE DE),,,Nuit sans éclairage public,En agglomération,Hors intersection,Normale,Sans collision,,,,,,,,,,,3,2,1,1,7
200500007730,0005-02-12 04:20:00,5,2,12,4,20,340,129.0,D116,,,Nuit sans éclairage public,En agglomération,Hors intersection,Normale,Sans collision,,,,,,,,,,,3,2,1,1,7
200500007731,0005-02-12 09:15:00,5,2,12,9,15,340,172.0,"26, BOLOGNE (RUE DE)",,,Plein jour,En agglomération,Hors intersection,Normale,Autre collision,,,,,,,,,,,1,2,1,1,6
200500007732,0005-02-14 16:38:00,5,2,14,16,38,340,172.0,"2211, ""SOULAS (AVENUE DU",,,Plein jour,En agglomération,Hors intersection,Normale,Deux véhicules - côté,,,,,,,,,,,1,2,1,1,3
200500007733,0005-02-14 04:40:00,5,2,14,4,40,340,172.0,GRABELS (ROUTE DE),,,Nuit sans éclairage public,En agglomération,Hors intersection,Normale,Autre collision,,,,,,,,,,,3,2,1,1,6
200500007734,0005-02-14 21:08:00,5,2,14,21,8,340,172.0,"65, ""LAVERUNE (ROUTE DE,",,,Nuit avec éclairage allumé,En agglomération,Autre intersection,Normale,Autre collision,,,,,,,,,,,5,2,9,1,6
200500007735,0005-02-17 10:17:00,5,2,17,10,17,340,198.0,RD N21,,,Plein jour,En agglomération,Hors intersection,Normale,Autre collision,,,,,,,,,,,1,2,1,1,6
200500007736,0005-02-17 14:35:00,5,2,17,14,35,340,172.0,"198, ""LODEVE (AVENUE DE,",,,Plein jour,En agglomération,Hors intersection,Normale,Autre collision,,,,,,,,,,,1,2,1,1,6
200500007737,0005-02-17 21:32:00,5,2,17,21,32,340,172.0,BAZILLE (RUE FREDERIC),,,Nuit avec éclairage allumé,En agglomération,Intersection en T,Normale,Autre collision,,,,,,,,,,,5,2,3,1,6
200500007738,0005-02-17 22:40:00,5,2,17,22,40,340,172.0,"12, LEDRU-ROLLIN (BOULEV",,,Nuit avec éclairage allumé,En agglomération,Hors intersection,Normale,Trois véhicules et plus - collisions multiples,,,,,,,,,,,5,2,1,1,5
200500007739,0005-02-18 05:00:00,5,2,18,5,0,340,172.0,"sans n°, CHATEAU D'O (RO",,,Nuit avec éclairage allumé,En agglomération,Hors intersection,Normale,Sans collision,,,,,,,,,,,5,2,1,1,7
200500007740,0005-02-18 05:01:00,5,2,18,5,1,340,172.0,"sans n°, CHATEAU D'O (RO",,,Nuit avec éclairage allumé,En agglomération,Hors intersection,Normale,Sans collision,,,,,,,,,,,5,2,1,1,7
200500007741,0005-02-15 07:15:00,5,2,15,7,15,340,172.0,"20, FIGUEROLLES FAUBOURG",,,Plein jour,En agglomération,Intersection en T,Normale,Deux véhicules - arrière,,,,,,,,,,,1,2,3,1,2
200500007742,0005-02-18 13:25:00,5,2,18,13,25,340,172.0,POMPIGNANE (AVENUE DE LA,,,Plein jour,En agglomération,Intersection en T,Normale,Deux véhicules - côté,,,,,,,,,,,1,2,3,1,3
200500007743,0005-02-18 12:20:00,5,2,18,12,20,340,172.0,"220, PRES D'ARENES (AVEN",,,Plein jour,En agglomération,Hors intersection,Normale,Autre collision,,,,,,,,,,,1,2,1,1,6
200500007744,0005-02-19 06:40:00,5,2,19,6,40,340,172.0,"Sans n°, ""LIBERTE (AVENU",,,Nuit avec éclairage allumé,En agglomération,Hors intersection,Normale,Sans collision,,,,,,,,,,,5,2,1,1,7
200500007745,0005-02-18 19:15:00,5,2,18,19,15,340,172.0,"""TOULOUSE (AVENUE DE, N°",,,Nuit avec éclairage allumé,En agglomération,Intersection en X,Normale,Deux véhicules - frontale,,,,,,,,,,,5,2,2,1,1
200500007746,0005-02-20 04:12:00,5,2,20,4,12,340,172.0,"57, 8 MAI 1945 (PLACE DU",,,Nuit avec éclairage allumé,En agglomération,Place,Normale,Deux véhicules - côté,,,,,,,,,,,5,2,7,1,3
200500007747,0005-02-22 08:00:00,5,2,22,8,0,340,172.0,"131, MAS DE PORTALY (RUE",,,Plein jour,En agglomération,Hors intersection,Normale,Autre collision,,,,,,,,,,,1,2,1,1,6
200500007748,0005-02-11 19:50:00,5,2,11,19,50,340,172.0,"SANS N°, LODEVE (ROUTE D",,,Nuit avec éclairage non allumé,En agglomération,Hors intersection,Normale,Deux véhicules - frontale,,,,,,,,,,,4,2,1,1,1
200500007749,0005-02-23 21:10:00,5,2,23,21,10,340,172.0,"42, CHASSEURS (RUE DES)",,,Nuit avec éclairage allumé,En agglomération,Hors intersection,Normale,Autre collision,,,,,,,,,,,5,2,1,1,6
200500007750,0005-02-24 17:05:00,5,2,24,17,5,340,172.0,"""LIBERTE (AVENUE DE LA,",,,Plein jour,En agglomération,Hors intersection,Normale,Deux véhicules - arrière,,,,,,,,,,,1,2,1,1,2
200500007751,0005-02-24 18:45:00,5,2,24,18,45,340,172.0,EUROPE (AVENUE DE L'),,,Nuit avec éclairage allumé,En agglomération,Hors intersection,Normale,Deux véhicules - arrière,,,,,,,,,,,5,2,1,1,2
200500007752,0005-02-23 19:50:00,5,2,23,19,50,340,172.0,"49, BLUM (RUE LEON)",,,Nuit avec éclairage allumé,En agglomération,Hors intersection,Normale,Autre collision,,,,,,,,,,,5,2,1,1,6
200500007753,0005-02-24 20:57:00,5,2,24,20,57,340,172.0,"141, ""LODEVE (AVENUE DE,",,,Nuit avec éclairage allumé,En agglomération,Hors intersection,Normale,Autre collision,,,,,,,,,,,5,2,1,1,6
200500007754,0005-02-26 21:20:00,5,2,26,21,20,340,172.0,"""ALCO (RUE D',N° 1 A 477",,,Nuit avec éclairage allumé,En agglomération,Intersection en X,Normale,Deux véhicules - frontale,,,,,,,,,,,5,2,2,1,1
200500007755,0005-02-27 04:31:00,5,2,27,4,31,340,172.0,ALIZES (CARREFOUR DES),,,Nuit avec éclairage allumé,En agglomération,Intersection en X,Normale,Deux véhicules - côté,,,,,,,,,,,5,2,2,1,3
200500007756,0005-02-27 11:30:00,5,2,27,11,30,340,172.0,LECLERC (AVENUE DU MAREC,,,Plein jour,En agglomération,Intersection en X,Normale,Deux véhicules - côté,,,,,,,,,,,1,2,2,1,3
200500007757,0005-02-27 10:20:00,5,2,27,10,20,340,172.0,PILORY (RUE DU),,,Plein jour,En agglomération,Hors intersection,Normale,Autre collision,,,,,,,,,,,1,2,1,1,6
200500007758,0005-02-04 10:25:00,5,2,4,10,25,340,172.0,"23, DOM VAISSETTE (RUE)",,,Plein jour,En agglomération,Hors intersection,Normale,Autre collision,,,,,,,,,,,1,2,1,1,6
200500007759,0005-02-07 16:55:00,5,2,7,16,55,340,301.0,"SANS N°, VERDUN (BOULEVA",,,Plein jour,En agglomération,Hors intersection,Normale,Deux véhicules - côté,,,,,,,,,,,1,2,1,1,3
200500007760,0005-02-14 10:45:00,5,2,14,10,45,340,301.0,"SANS N°, BOUSQUET PAUL (",,,Plein jour,En agglomération,Hors intersection,Normale,Autre collision,,,,,,,,,,,1,2,1,1,6
200500007761,0005-02-23 17:30:00,5,2,23,17,30,340,301.0,VERDUN (BOULEVARD DE),,,Plein jour,En agglomération,Hors intersection,Normale,Deux véhicules - côté,,,,,,,,,,,1,2,1,1,3
200500007762,0005-02-21 19:25:00,5,2,21,19,25,350,115.0,"5, ECHANGE (RUE DE L')",,,Nuit avec éclairage allumé,En agglomération,Giratoire,Temps couvert,Deux véhicules - côté,,,,,,,,,,,5,2,6,8,3
200500007763,0005-02-25 14:10:00,5,2,25,14,10,350,115.0,"34 ter, BEAUMANOIR (RUE",,,Plein jour,En agglomération,Autre intersection,Neige / grêle,Deux véhicules - côté,,,,,,,,,,,1,2,9,4,3
200500007764,0005-02-01 23:55:00,5,2,1,23,55,350,238.0,"00, LAENNEC (BD RENE)",,,Nuit avec éclairage allumé,En agglomération,Intersection en T,Normale,Deux véhicules - côté,,,,,,,,,,,5,2,3,1,3
200500007765,0005-02-01 07:10:00,5,2,1,7,10,350,238.0,"00, LORIENT (DE)",,,Nuit avec éclairage allumé,En agglomération,Hors intersection,Normale,Deux véhicules - côté,,,,,,,,,,,5,2,1,1,3
200500007766,0005-02-01 11:50:00,5,2,1,11,50,350,238.0,"27, MONNAIE ( DE LA)",,,Plein jour,En agglomération,Hors intersection,Temps couvert,Sans collision,,,,,,,,,,,1,2,1,8,7
200500007767,0005-02-04 15:20:00,5,2,4,15,20,350,55.0,"02, PONT BOEUF (RUE DU)",,,Plein jour,En agglomération,Hors intersection,Normale,Sans collision,,,,,,,,,,,1,2,1,1,7
200500007768,0005-02-04 16:50:00,5,2,4,16,50,350,238.0,"00, VERN (DE)",,,Plein jour,En agglomération,Hors intersection,Normale,Sans collision,,,,,,,,,,,1,2,1,1,7