accident_id,datetime,annee,mois,jour,heure,minute,departement,commune_insee,adresse,latitude,longitude,luminosite,agglomeration,intersection,meteo,collision,nb_vehicules,nb_usagers,nb_indemnes,nb_tues,nb_blesses_hosp,nb_blesses_legers,age_cond_1,age_cond_2,veh_type_cond_1,veh_type_cond_2,lum_code,agg_code,int_code,atm_code,col_code
200500008155,0005-02-15 18:45:00,5,2,15,18,45,540,395.0,REGIMENT D'AVIATION (BD,,,Nuit avec éclairage allumé,En agglomération,Hors intersection,Temps couvert,Autre collision,,,,,,,,,,,5,2,1,8,6
200500008156,0005-02-17 09:45:00,5,2,17,9,45,540,304.0,ZOLA (RUE EMILE),,,Plein jour,En agglomération,Intersection en X,Temps couvert,Autre collision,,,,,,,,,,,1,2,2,8,6
200500008157,0005-02-19 18:35:00,5,2,19,18,35,540,395.0,"25, STANISLAS (RUE)",,,Nuit avec éclairage allumé,En agglomération,Hors intersection,Normale,Deux véhicules - arrière,,,,,,,,,,,5,2,1,1,2
200500008158,0005-02-20 21:00:00,5,2,20,21,0,540,526.0,MAINVAUX (RUE DE),,,Nuit avec éclairage allumé,En agglomération,Intersection en T,Normale,Autre collision,,,,,,,,,,,5,2,3,1,6
200500008159,0005-02-20 23:55:00,5,2,20,23,55,540,300.0,GALTIER (RUE LUCIEN),,,Nuit avec éclairage allumé,En agglomération,Autre intersection,Neige / grêle,Deux véhicules - côté,,,,,,,,,,,5,2,9,4,3
200500008160,0005-02-21 10:50:00,5,2,21,10,50,540,395.0,FAUBOURG DES TROIS MAISO,,,Plein jour,En agglomération,Hors intersection,Normale,Autre collision,,,,,,,,,,,1,2,1,1,6
200500008161,0005-02-21 14:35:00,5,2,21,14,35,540,395.0,"39, ARC (RUE JEANNE D' N",,,Plein jour,En agglomération,Hors intersection,Normale,Trois véhicules et plus - en chaîne,,,,,,,,,,,1,2,1,1,4
200500008162,0005-02-23 11:50:00,5,2,23,11,50,540,395.0,"1, LALLEMENT (RUE LEOPOL",,,Plein jour,En agglomération,Intersection en X,Neige / grêle,Sans collision,,,,,,,,,,,1,2,2,4,7
200500008163,0005-02-26 05:25:00,5,2,26,5,25,540,526.0,MARIN (VIADUC LOUIS),,,Nuit avec éclairage allumé,En agglomération,Hors intersection,Normale,Sans collision,,,,,,,,,,,5,2,1,1,7
200500008164,0005-02-26 15:15:00,5,2,26,15,15,540,547.0,VAUCOULEURS (RUE DE) AU,,,Plein jour,En agglomération,Intersection à plus de 4 branches,Normale,Deux véhicules - côté,,,,,,,,,,,1,2,5,1,3
200500008165,0005-02-26 21:10:00,5,2,26,21,10,540,184.0,BRIGACHTAL (AVENUE DE),,,Nuit avec éclairage allumé,En agglomération,Hors intersection,Normale,Autre collision,,,,,,,,,,,5,2,1,1,6
200500008166,0005-02-27 14:00:00,5,2,27,14,0,540,395.0,ARC (RUE JEANNE D' N°53,,,Plein jour,En agglomération,Intersection en X,Normale,Trois véhicules et plus - collisions multiples,,,,,,,,,,,1,2,2,1,5
200500008167,0005-02-28 08:25:00,5,2,28,8,25,540,395.0,BATAILLE (QUAI DE LA),,,Plein jour,En agglomération,Hors intersection,Normale,Autre collision,,,,,,,,,,,1,2,1,1,6
200500008168,0005-02-28 10:30:00,5,2,28,10,30,540,184.0,"100, FOCH (AVENUE)",,,Plein jour,En agglomération,Intersection en T,Normale,Autre collision,,,,,,,,,,,1,2,3,1,6
200500008169,0005-02-28 11:20:00,5,2,28,11,20,540,547.0,LECLERC (AVENUE DU GENER,,,Plein jour,En agglomération,Intersection en X,Normale,Deux véhicules - côté,,,,,,,,,,,1,2,2,1,3
200500008170,0005-02-28 13:50:00,5,2,28,13,50,540,395.0,"01, ARC (RUE JEANNE D' N",,,Plein jour,En agglomération,Intersection en X,Normale,Autre collision,,,,,,,,,,,1,2,2,1,6
200500008171,0005-02-28 07:55:00,5,2,28,7,55,540,431.0,"18, BEETHOVEN (ALLEE)",,,Plein jour,En agglomération,Hors intersection,Normale,Autre collision,,,,,,,,,,,1,2,1,1,6
200500008172,0005-02-06 21:30:00,5,2,6,21,30,540,528.0,PORTE DE LA MOSELLE,,,Nuit avec éclairage allumé,En agglomération,Intersection à plus de 4 branches,Normale,Deux véhicules - côté,,,,,,,,,,,5,2,5,1,3
200500008173,0005-02-12 18:00:00,5,2,12,18,0,550,29.0,HUGO ( QUAI VICTOR ),,,Crépuscule ou aube,En agglomération,Intersection en T,Pluie légère,Deux véhicules - côté,,,,,,,,,,,2,2,3,2,3
200500008174,0005-02-12 11:25:00,5,2,12,11,25,550,29.0,JOBLOT ( RUE LOUIS ),,,Plein jour,En agglomération,Intersection en T,Pluie légère,Deux véhicules - côté,,,,,,,,,,,1,2,3,2,3
200500008175,0005-02-04 11:40:00,5,2,4,11,40,550,545.0,"51, PIERRE DEMATHIEU",,,Plein jour,En agglomération,Hors intersection,Normale,Sans collision,,,,,,,,,,,1,2,1,1,7
200500008176,0005-02-05 18:35:00,5,2,5,18,35,550,545.0,"48, FORT DE VAUX ( DU )",,,Nuit avec éclairage allumé,En agglomération,Hors intersection,Normale,Deux véhicules - côté,,,,,,,,,,,5,2,1,1,3
200500008177,0005-02-07 15:40:00,5,2,7,15,40,550,545.0,EUROPE ( BOULEVARD DE L',,,Plein jour,En agglomération,Hors intersection,Normale,Sans collision,,,,,,,,,,,1,2,1,1,7
200500008178,0005-02-07 16:45:00,5,2,7,16,45,550,236.0,CD 964,,,Plein jour,En agglomération,Hors intersection,Normale,Deux véhicules - arrière,,,,,,,,,,,1,2,1,1,2
200500008179,0005-02-11 15:00:00,5,2,11,15,0,550,545.0,MIRIBEL ( AVENUE ),,,Plein jour,En agglomération,Intersection en X,Pluie légère,Deux véhicules - côté,,,,,,,,,,,1,2,2,2,3
200500008180,0005-02-15 04:00:00,5,2,15,4,0,550,545.0,"40, ETAIN ( AVENUE D' )",,,Nuit sans éclairage public,En agglomération,Hors intersection,Normale,Sans collision,,,,,,,,,,,3,2,1,1,7
200500008181,0005-02-15 10:35:00,5,2,15,10,35,550,545.0,"0, CHATILLON ( DE )",,,Plein jour,En agglomération,Intersection en X,Temps couvert,Deux véhicules - côté,,,,,,,,,,,1,2,2,8,3
200500008182,0005-02-21 07:20:00,5,2,21,7,20,550,545.0,DE GAULLE (AV DU GENERAL,,,Crépuscule ou aube,En agglomération,Intersection en X,Normale,Deux véhicules - côté,,,,,,,,,,,2,2,2,1,3
200500008183,0005-02-02 18:30:00,5,2,2,18,30,560,98.0,"69, KESLER-DEVILLERS ( A",,,Crépuscule ou aube,En agglomération,Hors intersection,Normale,Deux véhicules - arrière,,,,,,,,,,,2,2,1,1,2
200500008184,0005-02-03 05:23:00,5,2,3,5,23,560,83.0,RN 165,,,Nuit sans éclairage public,En agglomération,Hors intersection,Normale,Sans collision,,,,,,,,,,,3,2,1,1,7
200500008185,0005-02-04 13:10:00,5,2,4,13,10,560,98.0,MITTERAND ( AV. FRANCOIS,,,Plein jour,En agglomération,Hors intersection,Normale,Deux véhicules - côté,,,,,,,,,,,1,2,1,1,3
200500008186,0005-02-05 20:30:00,5,2,5,20,30,560,98.0,CHEVAL BLANC ( AV. DU ),,,Plein jour,En agglomération,Hors intersection,Normale,Deux véhicules - côté,,,,,,,,,,,1,2,1,1,3
200500008187,0005-02-07 07:40:00,5,2,7,7,40,560,98.0,ARAGO (RUE  DOMINIQUE ),,,Crépuscule ou aube,En agglomération,Hors intersection,Normale,Sans collision,,,,,,,,,,,2,2,1,1,7
200500008188,0005-02-08 20:05:00,5,2,8,20,5,560,98.0,GAGARINE (RUE  YOURI ),,,Nuit avec éclairage allumé,En agglomération,Intersection en X,Normale,Deux véhicules - côté,,,,,,,,,,,5,2,2,1,3
200500008189,0005-02-11 06:20:00,5,2,11,6,20,560,121.0,FLANDRES-DUNKERQUE ( BD,,,Nuit avec éclairage allumé,En agglomération,Hors intersection,Pluie légère,Sans collision,,,,,,,,,,,5,2,1,2,7
200500008190,0005-02-11 09:05:00,5,2,11,9,5,560,121.0,GUILLEMOT (RUE  ARMAND ),,,Plein jour,En agglomération,Hors intersection,Pluie légère,Autre collision,,,,,,,,,,,1,2,1,2,6
200500008191,0005-02-11 16:28:00,5,2,11,16,28,560,121.0,JAURES ( AVE JEAN ),,,Plein jour,En agglomération,Intersection en X,Normale,Deux véhicules - côté,,,,,,,,,,,1,2,2,1,3
200500008192,0005-02-13 00:55:00,5,2,13,0,55,560,107.0,ROUTE DEPARTEMENTALE 29,,,Nuit avec éclairage allumé,En agglomération,Intersection en X,Normale,Deux véhicules - côté,,,,,,,,,,,5,2,2,1,3
200500008193,0005-02-19 01:45:00,5,2,19,1,45,560,162.0,KERPAPE (ROUTE DE),,,Nuit sans éclairage public,En agglomération,Hors intersection,Normale,Autre collision,,,,,,,,,,,3,2,1,1,6
200500008194,0005-02-19 14:08:00,5,2,19,14,8,560,162.0,ROUTE DEPARTEMENTALE 163,,,Plein jour,En agglomération,Hors intersection,Normale,Deux véhicules - frontale,,,,,,,,,,,1,2,1,1,1
200500008195,0005-02-21 16:30:00,5,2,21,16,30,560,121.0,"125, MULLER ( DU COLONEL",,,Plein jour,En agglomération,Hors intersection,Normale,Autre collision,,,,,,,,,,,1,2,1,1,6
200500008196,0005-02-22 07:14:00,5,2,22,7,14,560,121.0,"00, LANVEUR ( ET PL. DE",,,Nuit avec éclairage allumé,En agglomération,Intersection en X,Normale,Deux véhicules - côté,,,,,,,,,,,5,2,2,1,3
200500008197,0005-02-23 17:02:00,5,2,23,17,2,560,83.0,"00, REPUBLIQUE ( AV. DE",,,Plein jour,En agglomération,Hors intersection,Normale,Deux véhicules - côté,,,,,,,,,,,1,2,1,1,3
200500008198,0005-02-24 07:50:00,5,2,24,7,50,560,98.0,"00, ALLENDE ( AV. PRESID",,,Plein jour,En agglomération,Hors intersection,Normale,Deux véhicules - côté,,,,,,,,,,,1,2,1,1,3
200500008199,0005-02-28 21:25:00,5,2,28,21,25,560,162.0,"00, LAUDE",,,Nuit sans éclairage public,En agglomération,Hors intersection,Normale,Autre collision,,,,,,,,,,,3,2,1,1,6
200500008200,0005-02-02 08:05:00,5,2,2,8,5,560,260.0,FAVREL ET LINCY(AVENUE),,,Nuit avec éclairage allumé,En agglomération,Hors intersection,Normale,Autre collision,,,,,,,,,,,5,2,1,1,6
200500008201,0005-02-17 14:45:00,5,2,17,14,45,560,260.0,"83, MARNE(BLD DE LA) 41",,,Plein jour,En agglomération,Hors intersection,Normale,Autre collision,,,,,,,,,,,1,2,1,1,6
200500008202,0005-02-19 14:30:00,5,2,19,14,30,560,260.0,"119, COMMERCE(RUE DU)",,,Plein jour,En agglomération,Hors intersection,Normale,Deux véhicules - côté,,,,,,,,,,,1,2,1,1,3
200500008203,0005-02-17 14:46:00,5,2,17,14,46,560,260.0,"0, KERANGUEN(GIRATOIRE D",,,Plein jour,En agglomération,Giratoire,Normale,Deux véhicules - côté,,,,,,,,,,,1,2,6,1,3
200500008204,0005-02-13 13:00:00,5,2,13,13,0,560,260.0,"23, WILSON(AVENUE)",,,Plein jour,En agglomération,Hors intersection,Normale,Deux véhicules - côté,,,,,,,,,,,1,2,1,1,3
200500008205,0005-02-21 08:55:00,5,2,21,8,55,560,260.0,"0, MADELEINE(PLACE DE LA",,,Plein jour,En agglomération,Hors intersection,Normale,Autre collision,,,,,,,,,,,1,2,1,1,6
200500008206,0005-02-23 13:10:00,5,2,23,13,10,560,260.0,"0, VERDUN(AVENUE DE)",,,Plein jour,En agglomération,Intersection en X,Normale,Deux véhicules - côté,,,,,,,,,,,1,2,2,1,3
200500008207,0005-02-05 19:05:00,5,2,5,19,5,560,260.0,"0, SAINTE-ANNE(ROUTE)",,,Nuit avec éclairage allumé,En agglomération,Hors intersection,Pluie légère,Trois véhicules et plus - en chaîne,,,,,,,,,,,5,2,1,2,4
200500008208,0005-02-11 13:22:00,5,2,11,13,22,560,260.0,BAZVALAN(RUE JEHAN DE),,,Plein jour,En agglomération,Hors intersection,Normale,Deux véhicules - arrière,,,,,,,,,,,1,2,1,1,2
200500008209,0005-02-14 17:30:00,5,2,14,17,30,560,260.0,RABINE(PARKING DE LA),,,Plein jour,En agglomération,Hors intersection,Normale,Autre collision,,,,,,,,,,,1,2,1,1,6
200500008210,0005-02-23 12:50:00,5,2,23,12,50,560,260.0,"0, MARTIN(RUE JEAN)",,,Plein jour,En agglomération,Hors intersection,Normale,Sans collision,,,,,,,,,,,1,2,1,1,7
200500008211,0005-02-24 19:00:00,5,2,24,19,0,560,260.0,"0, VENETES(CENTRE COMMER",,,Crépuscule ou aube,En agglomération,Autre intersection,Normale,Autre collision,,,,,,,,,,,2,2,9,1,6
200500008212,0005-02-09 14:55:00,5,2,9,14,55,570,227.0,"25, RITTER(RUE JOSEPH)",,,Plein jour,En agglomération,Hors intersection,Normale,Autre collision,,,,,,,,,,,1,2,1,1,6
200500008213,0005-02-19 19:30:00,5,2,19,19,30,570,660.0,SCHOENECK(RUE DE)DU PONT,,,Nuit avec éclairage allumé,En agglomération,Intersection en X,Normale,Deux véhicules - côté,,,,,,,,,,,5,2,2,1,3
200500008214,0005-02-24 21:10:00,5,2,24,21,10,570,660.0,ANCIENNE DIRECTION (RUE,,,Nuit avec éclairage allumé,En agglomération,Hors intersection,Normale,Autre collision,,,,,,,,,,,5,2,1,1,6
200500008215,0005-02-18 00:35:00,5,2,18,0,35,570,591.0,"79, METZ (DE)",,,Nuit avec éclairage allumé,En agglomération,Hors intersection,Normale,Deux véhicules - arrière,,,,,,,,,,,5,2,1,1,2
200500008216,0005-02-24 19:35:00,5,2,24,19,35,570,253.0,"22, CROIZAT (RUE AMBROIS",,,Plein jour,En agglomération,Hors intersection,Normale,Autre collision,,,,,,,,,,,1,2,1,1,6
200500008217,0005-02-14 17:40:00,5,2,14,17,40,570,19.0,CD 47,,,Crépuscule ou aube,En agglomération,Hors intersection,Pluie légère,Autre collision,,,,,,,,,,,2,2,1,2,6
200500008218,0005-02-27 12:35:00,5,2,27,12,35,570,19.0,"181, CD181",,,Plein jour,En agglomération,Hors intersection,Neige / grêle,Deux véhicules - frontale,,,,,,,,,,,1,2,1,4,1
200500008219,0005-02-04 11:40:00,5,2,4,11,40,570,463.0,"3, ANDRE MALRAUX (AVENUE",,,Plein jour,En agglomération,Intersection en T,Normale,Deux véhicules - côté,,,,,,,,,,,1,2,3,1,3
200500008220,0005-02-04 19:40:00,5,2,4,19,40,570,463.0,", JEAN VICTOR COLCHEN (R",,,Nuit avec éclairage allumé,En agglomération,Hors intersection,Normale,Autre collision,,,,,,,,,,,5,2,1,1,6
200500008221,0005-02-07 18:00:00,5,2,7,18,0,570,480.0,"00, NOMENY (RUE DE )",,,Crépuscule ou aube,En agglomération,Intersection en T,Normale,Deux véhicules - côté,,,,,,,,,,,2,2,3,1,3
200500008222,0005-02-11 20:59:00,5,2,11,20,59,570,463.0,", MARCONI (RUE )",,,Nuit avec éclairage allumé,En agglomération,Intersection en T,Pluie légère,Deux véhicules - côté,,,,,,,,,,,5,2,3,2,3
200500008223,0005-02-11 23:25:00,5,2,11,23,25,570,463.0,"00, AUGUSTINS (RUE DES )",,,Nuit avec éclairage allumé,En agglomération,Intersection en X,Temps couvert,Deux véhicules - côté,,,,,,,,,,,5,2,2,8,3
200500008224,0005-02-15 09:30:00,5,2,15,9,30,570,487.0,"00, FRESCATY (RUE DE )",,,Plein jour,En agglomération,Intersection en X,Pluie légère,Deux véhicules - côté,,,,,,,,,,,1,2,2,2,3
200500008225,0005-02-28 10:30:00,5,2,28,10,30,570,463.0,"24, TROIS EVECHES (RUE D",,,Plein jour,En agglomération,Hors intersection,Temps éblouissant,Autre collision,,,,,,,,,,,1,2,1,7,6
200500008226,0005-02-04 13:48:00,5,2,4,13,48,570,630.0,"12, SCHUMAN (ROBERT)",,,Plein jour,En agglomération,Hors intersection,Temps éblouissant,Deux véhicules - côté,,,,,,,,,,,1,2,1,7,3
200500008227,0005-02-09 16:20:00,5,2,9,16,20,570,630.0,"neant, BELLEVUE (DE)",,,Plein jour,En agglomération,Intersection en X,Normale,Deux véhicules - côté,,,,,,,,,,,1,2,2,1,3
200500008228,0005-02-18 10:00:00,5,2,18,10,0,570,631.0,"106, MONTAGNE (RUE DE LA",,,Plein jour,En agglomération,Hors intersection,Normale,Autre collision,,,,,,,,,,,1,2,1,1,6
200500008229,0005-02-19 09:25:00,5,2,19,9,25,570,631.0,NANCY (RUE) A-5 B-5 C-5,,,Plein jour,En agglomération,Hors intersection,Neige / grêle,Trois véhicules et plus - collisions multiples,,,,,,,,,,,1,2,1,4,5
200500008230,0005-02-11 18:05:00,5,2,11,18,5,570,631.0,"102, FOCH (RUE DU MARECH",,,Nuit avec éclairage allumé,En agglomération,Hors intersection,Pluie légère,Autre collision,,,,,,,,,,,5,2,1,2,6
200500008231,0005-02-02 17:35:00,5,2,2,17,35,570,672.0,"30, VAUBAN (AVENUE)",,,Nuit avec éclairage allumé,En agglomération,Hors intersection,Pluie légère,Deux véhicules - côté,,,,,,,,,,,5,2,1,2,3
200500008232,0005-02-05 11:00:00,5,2,5,11,0,570,666.0,"5, FORGERON (RUE DU)",,,Plein jour,En agglomération,Hors intersection,Normale,Deux véhicules - côté,,,,,,,,,,,1,2,1,1,3
200500008233,0005-02-04 16:30:00,5,2,4,16,30,570,672.0,ESCH SUR ALZETTE (ROUTE,,,Plein jour,En agglomération,Hors intersection,Normale,Trois véhicules et plus - en chaîne,,,,,,,,,,,1,2,1,1,4
200500008234,0005-02-03 18:25:00,5,2,3,18,25,570,672.0,LUXEMBOURG (RUE DU),,,Nuit avec éclairage allumé,En agglomération,Hors intersection,Normale,Deux véhicules - arrière,,,,,,,,,,,5,2,1,1,2
200500008235,0005-02-07 19:55:00,5,2,7,19,55,570,672.0,ELANGE (ROUTE D'),,,Nuit sans éclairage public,En agglomération,Hors intersection,Autre,Deux véhicules - frontale,,,,,,,,,,,3,2,1,9,1
200500008236,0005-02-05 21:25:00,5,2,5,21,25,570,221.0,LONGWY (RUE DE),,,Nuit avec éclairage allumé,En agglomération,Intersection en X,Normale,Deux véhicules - frontale,,,,,,,,,,,5,2,2,1,1
200500008237,0005-02-07 19:35:00,5,2,7,19,35,570,221.0,LAVOISIER (RUE),,,Nuit avec éclairage allumé,En agglomération,Intersection en X,Normale,Deux véhicules - côté,,,,,,,,,,,5,2,2,1,3
200500008238,0005-02-11 17:00:00,5,2,11,17,0,570,672.0,"49, CARANUSCA (ROUTE DE)",,,Plein jour,En agglomération,Hors intersection,Pluie légère,Autre collision,,,,,,,,,,,1,2,1,2,6
200500008239,0005-02-15 03:45:00,5,2,15,3,45,570,672.0,"10, CHATEAU JEANNOT (RUE",,,Nuit avec éclairage allumé,En agglomération,Hors intersection,Neige / grêle,Autre collision,,,,,,,,,,,5,2,1,4,6
200500008240,0005-02-09 12:20:00,5,2,9,12,20,570,221.0,NATIONALE (RUE),,,Plein jour,En agglomération,Hors intersection,Normale,Deux véhicules - arrière,,,,,,,,,,,1,2,1,1,2
200500008241,0005-02-10 15:10:00,5,2,10,15,10,570,221.0,CENTRALE (RUE DE LA),,,Plein jour,En agglomération,Intersection en X,Pluie forte,Trois véhicules et plus - en chaîne,,,,,,,,,,,1,2,2,3,4
200500008242,0005-02-14 17:50:00,5,2,14,17,50,570,306.0,CD 13,,,Nuit sans éclairage public,En agglomération,Hors intersection,Temps couvert,Trois véhicules et plus - en chaîne,,,,,,,,,,,3,2,1,8,4
200500008243,0005-02-19 23:55:00,5,2,19,23,55,570,672.0,VERDUN (RUE DE),,,Nuit avec éclairage allumé,En agglomération,Intersection en T,Neige / grêle,Deux véhicules - côté,,,,,,,,,,,5,2,3,4,3
200500008244,0005-02-21 21:25:00,5,2,21,21,25,570,672.0,"4, SAINTIGNON (RUE DE)",,,Nuit avec éclairage allumé,En agglomération,Hors intersection,Neige / grêle,Autre collision,,,,,,,,,,,5,2,1,4,6
200500008245,0005-02-25 17:25:00,5,2,25,17,25,570,221.0,LORRAINE (AVENUE DE),,,Plein jour,En agglomération,Hors intersection,Temps couvert,Sans collision,,,,,,,,,,,1,2,1,8,7
200500008246,0005-02-10 16:35:00,5,2,10,16,35,580,194.0,MARCEAU,,,Plein jour,En agglomération,Hors intersection,Normale,Sans collision,,,,,,,,,,,1,2,1,1,7
200500008247,0005-02-23 18:40:00,5,2,23,18,40,580,194.0,CARNOT (PLACE),,,Nuit avec éclairage allumé,En agglomération,Hors intersection,Normale,Sans collision,,,,,,,,,,,5,2,1,1,7
200500008248,0005-02-13 17:55:00,5,2,13,17,55,580,194.0,TREIZIEME DE LIGNE,,,Nuit avec éclairage allumé,En agglomération,Autre intersection,Pluie légère,Deux véhicules - côté,,,,,,,,,,,5,2,9,2,3
200500008249,0005-02-18 22:35:00,5,2,18,22,35,580,194.0,PORTE DU CROUX,,,Nuit avec éclairage allumé,En agglomération,Hors intersection,Normale,Deux véhicules - frontale,,,,,,,,,,,5,2,1,1,1
200500008250,0005-02-15 09:40:00,5,2,15,9,40,580,194.0,"3, TREIZIEME DE LIGNE",,,Plein jour,En agglomération,Hors intersection,Pluie légère,Autre collision,,,,,,,,,,,1,2,1,2,6
200500008251,0005-02-18 14:20:00,5,2,18,14,20,580,194.0,"7, GENERAL DE GAULLE",,,Plein jour,En agglomération,Hors intersection,Normale,Deux véhicules - côté,,,,,,,,,,,1,2,1,1,3
200500008252,0005-02-27 19:35:00,5,2,27,19,35,580,194.0,"SANS, TREIZIEME DE LIGNE",,,Nuit avec éclairage allumé,En agglomération,Hors intersection,Normale,Deux véhicules - arrière,,,,,,,,,,,5,2,1,1,2
200500008253,0005-02-25 12:55:00,5,2,25,12,55,580,194.0,"11, SAINT EXUPERY (BOULE",,,Plein jour,En agglomération,Hors intersection,Normale,Autre collision,,,,,,,,,,,1,2,1,1,6
200500008254,0005-02-28 11:50:00,5,2,28,11,50,580,194.0,CHARNIER,,,Plein jour,En agglomération,Intersection en T,Normale,Deux véhicules - côté,,,,,,,,,,,1,2,3,1,3
200500008255,0005-02-03 19:00:00,5,2,3,19,0,590,17.0,"59, LILLE (RUE DE )",,,Nuit avec éclairage allumé,En agglomération,Hors intersection,Normale,Autre collision,,,,,,,,,,,5,2,1,1,6
200500008256,0005-02-25 01:30:00,5,2,25,1,30,590,131.0,"392, NATIONALE  ( ROUTE)",,,Nuit avec éclairage allumé,En agglomération,Hors intersection,Normale,Autre collision,,,,,,,,,,,5,2,1,1,6
200500008257,0005-02-28 07:45:00,5,2,28,7,45,590,17.0,GAMBETTA  (RUE),,,Crépuscule ou aube,En agglomération,Place,Neige / grêle,Autre collision,,,,,,,,,,,2,2,7,4,6
200500008258,0005-02-07 13:10:00,5,2,7,13,10,590,33.0,", FONTAINE (RUE DE LA)",,,Plein jour,En agglomération,Intersection en T,Normale,Deux véhicules - côté,,,,,,,,,,,1,2,3,1,3
200500008259,0005-02-26 15:40:00,5,2,26,15,40,590,632.0,"90, BOUTON (R. MAURICE)",,,Plein jour,En agglomération,Hors intersection,Normale,Deux véhicules - frontale,,,,,,,,,,,1,2,1,1,1
200500008260,0005-02-24 19:40:00,5,2,24,19,40,590,589.0,"0, CD 40",,,Nuit sans éclairage public,En agglomération,Hors intersection,Normale,Deux véhicules - frontale,,,,,,,,,,,3,2,1,1,1
200500008261,0005-02-20 01:00:00,5,2,20,1,0,590,156.0,PAIX (RUE PAUL),,,Nuit avec éclairage allumé,En agglomération,Hors intersection,Normale,Deux véhicules - frontale,,,,,,,,,,,5,2,1,1,1
200500008262,0005-02-02 16:00:00,5,2,2,16,0,590,340.0,"0000, DEPARTEMENTAL N79",,,Plein jour,En agglomération,Hors intersection,Normale,Autre collision,,,,,,,,,,,1,2,1,1,6
200500008263,0005-02-04 13:10:00,5,2,4,13,10,590,183.0,", FLEURS - QUAI",,,Plein jour,En agglomération,Intersection en X,Normale,Deux véhicules - côté,,,,,,,,,,,1,2,2,1,3
200500008264,0005-02-06 20:25:00,5,2,6,20,25,590,183.0,DARSES - CHAUSSEE,,,Nuit sans éclairage public,En agglomération,Hors intersection,Normale,Deux véhicules - arrière,,,,,,,,,,,3,2,1,1,2
200500008265,0005-02-07 18:55:00,5,2,7,18,55,590,155.0,MALO CELESTIN,,,Nuit avec éclairage allumé,En agglomération,Intersection en X,Normale,Deux véhicules - frontale,,,,,,,,,,,5,2,2,1,1
200500008266,0005-02-07 19:45:00,5,2,7,19,45,590,183.0,"3437, PETITE-SYNTHE CD 9",,,Nuit avec éclairage allumé,En agglomération,Hors intersection,Normale,Autre collision,,,,,,,,,,,5,2,1,1,6
200500008267,0005-02-10 11:55:00,5,2,10,11,55,590,248.0,SUD - CONTOUR,,,Plein jour,En agglomération,Hors intersection,Temps couvert,Deux véhicules - côté,,,,,,,,,,,1,2,1,8,3
200500008268,0005-02-12 19:30:00,5,2,12,19,30,590,183.0,RN1,,,Nuit avec éclairage allumé,En agglomération,Hors intersection,Pluie légère,Deux véhicules - arrière,,,,,,,,,,,5,2,1,2,2
200500008269,0005-02-12 18:40:00,5,2,12,18,40,590,155.0,BERGUES CD 916 - ROUTE,,,Nuit avec éclairage allumé,En agglomération,Hors intersection,Pluie légère,Autre collision,,,,,,,,,,,5,2,1,2,6
200500008270,0005-02-12 20:20:00,5,2,12,20,20,590,588.0,"1, ESPERANCE - BOULEVARD",,,Nuit avec éclairage allumé,En agglomération,Hors intersection,Pluie légère,Deux véhicules - côté,,,,,,,,,,,5,2,1,2,3
200500008271,0005-02-13 12:30:00,5,2,13,12,30,590,183.0,TURENNE - PLACE,,,Plein jour,En agglomération,Hors intersection,Normale,Sans collision,,,,,,,,,,,1,2,1,1,7
200500008272,0005-02-13 21:00:00,5,2,13,21,0,590,183.0,"1, KLEBER - AVENUE",,,Nuit avec éclairage allumé,En agglomération,Autre intersection,Normale,Sans collision,,,,,,,,,,,5,2,9,1,7
200500008273,0005-02-15 20:50:00,5,2,15,20,50,590,183.0,SAINTE BARBE - BOULEVARD,,,Nuit avec éclairage allumé,En agglomération,Intersection en X,Normale,Deux véhicules - côté,,,,,,,,,,,5,2,2,1,3
200500008274,0005-02-16 17:30:00,5,2,16,17,30,590,183.0,REPUBLIQUE - F MITTERAND,,,Plein jour,En agglomération,Intersection en T,Normale,Deux véhicules - côté,,,,,,,,,,,1,2,3,1,3
200500008275,0005-02-17 19:00:00,5,2,17,19,0,590,183.0,"25, CALAIS",,,Nuit avec éclairage allumé,En agglomération,Hors intersection,Normale,Deux véhicules - arrière,,,,,,,,,,,5,2,1,1,2
200500008276,0005-02-19 16:50:00,5,2,19,16,50,590,183.0,"1, RN 1",,,Plein jour,En agglomération,Hors intersection,Pluie légère,Trois véhicules et plus - en chaîne,,,,,,,,,,,1,2,1,2,4
200500008277,0005-02-19 18:15:00,5,2,19,18,15,590,588.0,FURNES - ROUTE NATIONALE,,,Nuit avec éclairage allumé,En agglomération,Intersection en X,Normale,Deux véhicules - côté,,,,,,,,,,,5,2,2,1,3
200500008278,0005-02-19 23:55:00,5,2,19,23,55,590,183.0,"348, MENDES FRANCE - BOU",,,Nuit avec éclairage allumé,En agglomération,Hors intersection,Normale,Deux véhicules - arrière,,,,,,,,,,,5,2,1,1,2
200500008279,0005-02-26 23:55:00,5,2,26,23,55,590,271.0,"0000, FLANDRES - BOULEVA",,,Nuit avec éclairage allumé,En agglomération,Intersection en X,Neige / grêle,Trois véhicules et plus - en chaîne,,,,,,,,,,,5,2,2,4,4
200500008280,0005-02-05 21:05:00,5,2,5,21,5,590,183.0,8 MAI 1945 - BOULEVARD,,,Nuit avec éclairage non allumé,En agglomération,Hors intersection,Normale,Autre collision,,,,,,,,,,,4,2,1,1,6
200500008281,0005-02-28 13:25:00,5,2,28,13,25,590,249.0,"15, FAIDHERBE (RUE )",,,Plein jour,En agglomération,Intersection en T,Normale,Deux véhicules - frontale,,,,,,,,,,,1,2,3,1,1