accident_id,datetime,annee,mois,jour,heure,minute,departement,commune_insee,adresse,latitude,longitude,luminosite,agglomeration,intersection,meteo,collision,nb_vehicules,nb_usagers,nb_indemnes,nb_tues,nb_blesses_hosp,nb_blesses_legers,age_cond_1,age_cond_2,veh_type_cond_1,veh_type_cond_2,lum_code,agg_code,int_code,atm_code,col_code
200500008282,0005-02-25 10:45:00,5,2,25,10,45,590,104.0,"1, MORONVAL (RUE)",,,Plein jour,En agglomération,Intersection en X,Normale,Deux véhicules - côté,,,,,,,,,,,1,2,2,1,3
200500008283,0005-02-01 09:20:00,5,2,1,9,20,590,355.0,"635, DUNKERQUE AVENUE DE",,,Plein jour,En agglomération,Hors intersection,Normale,Autre collision,,,,,,,,,,,1,2,1,1,6
200500008284,0005-02-01 15:50:00,5,2,1,15,50,590,350.0,"sans objet, CORNEILLE RU",,,Plein jour,En agglomération,Hors intersection,Normale,Autre collision,,,,,,,,,,,1,2,1,1,6
200500008285,0005-02-03 20:05:00,5,2,3,20,5,590,350.0,"215, BALLON RUE DU",,,Nuit avec éclairage allumé,En agglomération,Hors intersection,Normale,Autre collision,,,,,,,,,,,5,2,1,1,6
200500008286,0005-02-04 08:03:00,5,2,4,8,3,590,355.0,"578, DUNKERQUE AVENUE DE",,,Plein jour,En agglomération,Hors intersection,Normale,Deux véhicules - côté,,,,,,,,,,,1,2,1,1,3
200500008287,0005-02-04 08:50:00,5,2,4,8,50,590,350.0,BERTHELOT MARCELIN RUE,,,Plein jour,En agglomération,Intersection en T,Normale,Autre collision,,,,,,,,,,,1,2,3,1,6
200500008288,0005-02-04 16:25:00,5,2,4,16,25,590,350.0,"00, HOOVER AVENUE DU PRE",,,Plein jour,En agglomération,Intersection en X,Normale,Deux véhicules - côté,,,,,,,,,,,1,2,2,1,3
200500008289,0005-02-06 16:45:00,5,2,6,16,45,590,368.0,"7, BRIAND ARISTIDE RUE",,,Plein jour,En agglomération,Hors intersection,Normale,Autre collision,,,,,,,,,,,1,2,1,1,6
200500008290,0005-02-06 06:40:00,5,2,6,6,40,590,378.0,"00, REPUBLIQUE AV DE LA",,,Nuit avec éclairage allumé,En agglomération,Hors intersection,Normale,Autre collision,,,,,,,,,,,5,2,1,1,6
200500008291,0005-02-07 07:40:00,5,2,7,7,40,590,350.0,"122, LIBERTE BVD N°2 A 9",,,Plein jour,En agglomération,Hors intersection,Normale,Autre collision,,,,,,,,,,,1,2,1,1,6
200500008292,0005-02-08 20:00:00,5,2,8,20,0,590,350.0,DUNKERQUE AVENUE,,,Nuit avec éclairage allumé,En agglomération,Intersection en T,Pluie légère,Deux véhicules - côté,,,,,,,,,,,5,2,3,2,3
200500008293,0005-02-09 19:55:00,5,2,9,19,55,590,360.0,"76, REPUBLIQUE BOULEVARD",,,Nuit avec éclairage allumé,En agglomération,Hors intersection,Normale,Deux véhicules - côté,,,,,,,,,,,5,2,1,1,3
200500008294,0005-02-09 13:45:00,5,2,9,13,45,590,328.0,DUNKERQUE AVENUE DE,,,Plein jour,En agglomération,Hors intersection,Normale,Autre collision,,,,,,,,,,,1,2,1,1,6
200500008295,0005-02-01 07:40:00,5,2,1,7,40,590,648.0,HAUBOURDIN RUE D,,,Crépuscule ou aube,En agglomération,Intersection en X,Normale,Deux véhicules - côté,,,,,,,,,,,2,2,2,1,3
200500008296,0005-02-10 13:00:00,5,2,10,13,0,590,350.0,BERNOS RUE,,,Plein jour,En agglomération,Intersection en X,Pluie légère,Deux véhicules - côté,,,,,,,,,,,1,2,2,2,3
200500008297,0005-02-10 14:10:00,5,2,10,14,10,590,350.0,"sans objet, MOLINEL RUE",,,Plein jour,En agglomération,Intersection en X,Pluie légère,Autre collision,,,,,,,,,,,1,2,2,2,6
200500008298,0005-02-10 15:00:00,5,2,10,15,0,590,609.0,"001, SECLIN RUE DE",,,Plein jour,En agglomération,Intersection en X,Pluie forte,Deux véhicules - frontale,,,,,,,,,,,1,2,2,3,1
200500008299,0005-02-10 17:55:00,5,2,10,17,55,590,350.0,"14, VAUBAN BOULEVARD N°",,,Crépuscule ou aube,En agglomération,Hors intersection,Pluie légère,Autre collision,,,,,,,,,,,2,2,1,2,6
200500008300,0005-02-10 22:15:00,5,2,10,22,15,590,350.0,SOLFERINO RUE N°1 A 159,,,Nuit avec éclairage allumé,En agglomération,Intersection en X,Pluie forte,Deux véhicules - côté,,,,,,,,,,,5,2,2,3,3
200500008301,0005-02-13 15:45:00,5,2,13,15,45,590,350.0,METZ BOULEVARD,,,Plein jour,En agglomération,Autre intersection,Pluie légère,Deux véhicules - arrière,,,,,,,,,,,1,2,9,2,2
200500008302,0005-02-11 20:20:00,5,2,11,20,20,590,328.0,"sans objet, GOUNOD CHARL",,,Nuit avec éclairage allumé,En agglomération,Intersection en X,Pluie légère,Deux véhicules - côté,,,,,,,,,,,5,2,2,2,3
200500008303,0005-02-11 11:25:00,5,2,11,11,25,590,356.0,LILLE IMPASSE RUE DE,,,Plein jour,En agglomération,Intersection en T,Normale,Deux véhicules - côté,,,,,,,,,,,1,2,3,1,3
200500008304,0005-02-11 18:20:00,5,2,11,18,20,590,193.0,"001, Seclin, rue de",,,Nuit avec éclairage allumé,En agglomération,Intersection en X,Temps couvert,Deux véhicules - côté,,,,,,,,,,,5,2,2,8,3
200500008305,0005-02-14 15:20:00,5,2,14,15,20,590,350.0,DE BALZAC HONORE RUE,,,Plein jour,En agglomération,Intersection en X,Pluie légère,Trois véhicules et plus - collisions multiples,,,,,,,,,,,1,2,2,2,5
200500008306,0005-02-15 08:15:00,5,2,15,8,15,590,350.0,"10, FAUBOURG D'ARRAS RUE",,,Plein jour,En agglomération,Intersection en X,Pluie légère,Autre collision,,,,,,,,,,,1,2,2,2,6
200500008307,0005-02-15 08:05:00,5,2,15,8,5,590,648.0,"80, PASTEUR RUE",,,Plein jour,En agglomération,Hors intersection,Temps couvert,Autre collision,,,,,,,,,,,1,2,1,8,6
200500008308,0005-02-15 18:50:00,5,2,15,18,50,590,360.0,"19, REPUBLIQUE BOULEVARD",,,Nuit avec éclairage allumé,En agglomération,Hors intersection,Normale,Deux véhicules - côté,,,,,,,,,,,5,2,1,1,3
200500008309,0005-02-08 18:40:00,5,2,8,18,40,590,9.0,"001, PREVOTE RUE DE LA",,,Nuit avec éclairage allumé,En agglomération,Intersection en Y,Normale,Autre collision,,,,,,,,,,,5,2,4,1,6
200500008310,0005-02-15 16:30:00,5,2,15,16,30,590,355.0,"880, DUNKERQUE AVENUE DE",,,Plein jour,En agglomération,Hors intersection,Normale,Autre collision,,,,,,,,,,,1,2,1,1,6
200500008311,0005-02-16 08:00:00,5,2,16,8,0,590,9.0,"sans objet, CHAMPOLLION",,,Plein jour,En agglomération,Intersection en X,Normale,Autre collision,,,,,,,,,,,1,2,2,1,6
200500008312,0005-02-15 12:05:00,5,2,15,12,5,590,355.0,"62, REPUBLIQUE AVENUE DE",,,Plein jour,En agglomération,Hors intersection,Pluie légère,Deux véhicules - côté,,,,,,,,,,,1,2,1,2,3
200500008313,0005-02-16 12:10:00,5,2,16,12,10,590,350.0,"109, CENSE AUX BLES",,,Plein jour,En agglomération,Hors intersection,Normale,Autre collision,,,,,,,,,,,1,2,1,1,6
200500008314,0005-02-17 11:50:00,5,2,17,11,50,590,350.0,"001, ISLY RUE",,,Plein jour,En agglomération,Intersection en X,Normale,Deux véhicules - côté,,,,,,,,,,,1,2,2,1,3
200500008315,0005-02-17 18:00:00,5,2,17,18,0,590,350.0,DUNKERQUE AVENUE,,,Crépuscule ou aube,En agglomération,Autre intersection,Normale,Deux véhicules - côté,,,,,,,,,,,2,2,9,1,3
200500008316,0005-02-18 20:25:00,5,2,18,20,25,590,585.0,"sans objet, DE LATTRE TA",,,Nuit avec éclairage allumé,En agglomération,Hors intersection,Pluie légère,Autre collision,,,,,,,,,,,5,2,1,2,6
200500008317,0005-02-19 05:00:00,5,2,19,5,0,590,386.0,", QUESNOY DE, RUE",,,Nuit avec éclairage allumé,En agglomération,Hors intersection,Normale,Autre collision,,,,,,,,,,,5,2,1,1,6
200500008318,0005-02-19 23:00:00,5,2,19,23,0,590,350.0,STRASBOURG BOULEVARD,,,Nuit avec éclairage allumé,En agglomération,Hors intersection,Neige / grêle,Autre collision,,,,,,,,,,,5,2,1,4,6
200500008319,0005-02-19 15:20:00,5,2,19,15,20,590,350.0,"209, NATIONALE RUE N°RES",,,Plein jour,En agglomération,Hors intersection,Normale,Deux véhicules - côté,,,,,,,,,,,1,2,1,1,3
200500008320,0005-02-21 18:00:00,5,2,21,18,0,590,350.0,"01, ARRAS RUE D",,,Plein jour,En agglomération,Intersection en T,Normale,Deux véhicules - arrière,,,,,,,,,,,1,2,3,1,2
200500008321,0005-02-22 19:55:00,5,2,22,19,55,590,328.0,"001, FOCH AVENUE DU MARE",,,Nuit avec éclairage non allumé,En agglomération,Intersection en X,Neige / grêle,Deux véhicules - frontale,,,,,,,,,,,4,2,2,4,1
200500008322,0005-02-23 19:05:00,5,2,23,19,5,590,560.0,"sans objet, LILLE ROUTE",,,Nuit avec éclairage allumé,En agglomération,Hors intersection,Neige / grêle,Autre collision,,,,,,,,,,,5,2,1,4,6
200500008323,0005-02-24 08:30:00,5,2,24,8,30,590,350.0,"001, BRANDT WILLY AVENUE",,,Plein jour,En agglomération,Hors intersection,Neige / grêle,Autre collision,,,,,,,,,,,1,2,1,4,6
200500008324,0005-02-18 18:15:00,5,2,18,18,15,590,350.0,RIHOUR PLACE,,,Crépuscule ou aube,En agglomération,Place,Normale,Autre collision,,,,,,,,,,,2,2,7,1,6
200500008325,0005-02-25 07:30:00,5,2,25,7,30,590,560.0,"68, BOUVRY ROGER RUE",,,Plein jour,En agglomération,Hors intersection,Normale,Autre collision,,,,,,,,,,,1,2,1,1,6
200500008326,0005-02-04 13:17:00,5,2,4,13,17,590,230.0,ROGER SALENGRO (RUE),,,Plein jour,En agglomération,Intersection en T,Normale,Deux véhicules - côté,,,,,,,,,,,1,2,3,1,3
200500008327,0005-02-08 19:45:00,5,2,8,19,45,590,225.0,JEAN JAURES (RUE),,,Nuit avec éclairage allumé,En agglomération,Intersection en T,Normale,Deux véhicules - côté,,,,,,,,,,,5,2,3,1,3
200500008328,0005-02-07 17:35:00,5,2,7,17,35,590,339.0,EUROPE (AVENUE DE L'),,,Plein jour,En agglomération,Hors intersection,Normale,Autre collision,,,,,,,,,,,1,2,1,1,6
200500008329,0005-02-01 13:00:00,5,2,1,13,0,590,650.0,SAINT VINCENT DE PAUL (R,,,Plein jour,En agglomération,Intersection en T,Normale,Deux véhicules - frontale,,,,,,,,,,,1,2,3,1,1
200500008330,0005-02-03 15:00:00,5,2,3,15,0,590,367.0,LEBAS (RUE JEAN BAPTISTE,,,Plein jour,En agglomération,Intersection en X,Normale,Autre collision,,,,,,,,,,,1,2,2,1,6
200500008331,0005-02-06 01:33:00,5,2,6,1,33,590,650.0,"33, STALINGRAD (RUE DE)",,,Nuit avec éclairage allumé,En agglomération,Hors intersection,Normale,Deux véhicules - frontale,,,,,,,,,,,5,2,1,1,1
200500008332,0005-02-04 19:25:00,5,2,4,19,25,590,512.0,JOUFFROY (RUE),,,Nuit avec éclairage allumé,En agglomération,Intersection en T,Normale,Autre collision,,,,,,,,,,,5,2,3,1,6
200500008333,0005-02-08 13:10:00,5,2,8,13,10,590,512.0,METZ (BOULEVARD DE),,,Plein jour,En agglomération,Intersection en X,Normale,Autre collision,,,,,,,,,,,1,2,2,1,6
200500008334,0005-02-03 08:00:00,5,2,3,8,0,590,512.0,EPEULE  (RUE DE L'),,,Plein jour,En agglomération,Hors intersection,Normale,Deux véhicules - côté,,,,,,,,,,,1,2,1,1,3
200500008335,0005-02-08 22:30:00,5,2,8,22,30,590,512.0,GAMBETTA (BOULEVARD),,,Nuit avec éclairage allumé,En agglomération,Intersection en X,Normale,Deux véhicules - côté,,,,,,,,,,,5,2,2,1,3
200500008336,0005-02-08 14:50:00,5,2,8,14,50,590,367.0,TOUFFLERS (RUE DE),,,Plein jour,En agglomération,Hors intersection,Normale,Deux véhicules - frontale,,,,,,,,,,,1,2,1,1,1
200500008337,0005-02-12 06:24:00,5,2,12,6,24,590,650.0,"33, SAINT LIEVIN (CONTOU",,,Crépuscule ou aube,En agglomération,Autre intersection,Pluie légère,Autre collision,,,,,,,,,,,2,2,9,2,6
200500008338,0005-02-22 18:45:00,5,2,22,18,45,590,163.0,FLANDRE (AVENUE DE),,,Nuit avec éclairage allumé,En agglomération,Hors intersection,Neige / grêle,Deux véhicules - côté,,,,,,,,,,,5,2,1,4,3
200500008339,0005-02-09 12:50:00,5,2,9,12,50,590,512.0,BOULOGNE (QUAI DE),,,Plein jour,En agglomération,Hors intersection,Pluie légère,Trois véhicules et plus - en chaîne,,,,,,,,,,,1,2,1,2,4
200500008340,0005-02-21 20:35:00,5,2,21,20,35,590,512.0,OUEST (RUE DE L'),,,Nuit avec éclairage allumé,En agglomération,Intersection en X,Normale,Deux véhicules - côté,,,,,,,,,,,5,2,2,1,3
200500008341,0005-02-25 07:55:00,5,2,25,7,55,590,512.0,LANNOY (RUE DE ),,,Plein jour,En agglomération,Intersection en T,Normale,Deux véhicules - côté,,,,,,,,,,,1,2,3,1,3
200500008342,0005-02-28 16:45:00,5,2,28,16,45,590,512.0,DUPUY DE LOME (RUE),,,Plein jour,En agglomération,Intersection en T,Normale,Autre collision,,,,,,,,,,,1,2,3,1,6
200500008343,0005-02-28 12:45:00,5,2,28,12,45,590,512.0,ALMA  (RUE DE L)',,,Plein jour,En agglomération,Intersection en T,Normale,Autre collision,,,,,,,,,,,1,2,3,1,6
200500008344,0005-02-20 18:56:00,5,2,20,18,56,590,650.0,FAIDHERBE (RUE),,,Nuit avec éclairage allumé,En agglomération,Intersection en X,Normale,Autre collision,,,,,,,,,,,5,2,2,1,6
200500008345,0005-02-11 15:30:00,5,2,11,15,30,590,299.0,LECLERC (RUE DU GENERAL),,,Plein jour,En agglomération,Hors intersection,Normale,Deux véhicules - frontale,,,,,,,,,,,1,2,1,1,1
200500008346,0005-02-15 07:40:00,5,2,15,7,40,590,512.0,GAND (QUAI DE),,,Plein jour,En agglomération,Intersection en Y,Normale,Autre collision,,,,,,,,,,,1,2,4,1,6
200500008347,0005-02-12 19:00:00,5,2,12,19,0,590,650.0,"74, MOUSCRON (RUE DE)",,,Nuit avec éclairage allumé,En agglomération,Hors intersection,Pluie légère,Deux véhicules - côté,,,,,,,,,,,5,2,1,2,3
200500008348,0005-02-15 10:40:00,5,2,15,10,40,590,512.0,"0, FOURMIES (BOULEVARD D",,,Plein jour,En agglomération,Hors intersection,Normale,Autre collision,,,,,,,,,,,1,2,1,1,6
200500008349,0005-02-07 13:50:00,5,2,7,13,50,590,574.0,BRIDOUX ALFRED(RUE),,,Plein jour,En agglomération,Intersection en T,Normale,Deux véhicules - côté,,,,,,,,,,,1,2,3,1,3
200500008350,0005-02-02 07:55:00,5,2,2,7,55,590,599.0,FLOCON (RUE DU),,,Crépuscule ou aube,En agglomération,Intersection en T,Pluie légère,Deux véhicules - côté,,,,,,,,,,,2,2,3,2,3
200500008351,0005-02-06 02:30:00,5,2,6,2,30,590,279.0,NEUVILLE (ROUTE DE),,,Nuit avec éclairage allumé,En agglomération,Hors intersection,Normale,Autre collision,,,,,,,,,,,5,2,1,1,6
200500008352,0005-02-08 13:55:00,5,2,8,13,55,590,599.0,SEMARD (PLACE PIERRE),,,Plein jour,En agglomération,Hors intersection,Normale,Autre collision,,,,,,,,,,,1,2,1,1,6
200500008353,0005-02-09 14:45:00,5,2,9,14,45,590,599.0,PAINLEVE (RUE PAUL),,,Plein jour,En agglomération,Hors intersection,Normale,Deux véhicules - côté,,,,,,,,,,,1,2,1,1,3
200500008354,0005-02-15 05:35:00,5,2,15,5,35,590,279.0,LEMIRE (RUE DE L'ABBE),,,Nuit avec éclairage allumé,En agglomération,Intersection en X,Neige / grêle,Deux véhicules - côté,,,,,,,,,,,5,2,2,4,3
200500008355,0005-02-17 13:05:00,5,2,17,13,5,590,508.0,LILLE (RUE DE)LATERALE A,,,Plein jour,En agglomération,Intersection en T,Normale,Deux véhicules - frontale,,,,,,,,,,,1,2,3,1,1
200500008356,0005-02-21 17:00:00,5,2,21,17,0,590,508.0,"555, LILLE (RUE DE)LATER",,,Plein jour,En agglomération,Hors intersection,Pluie légère,Deux véhicules - arrière,,,,,,,,,,,1,2,1,2,2
200500008357,0005-02-26 21:30:00,5,2,26,21,30,590,599.0,BIENFAISANCE (RUE DE LA),,,Nuit avec éclairage allumé,En agglomération,Hors intersection,Normale,Autre collision,,,,,,,,,,,5,2,1,1,6
200500008358,0005-02-28 18:30:00,5,2,28,18,30,590,599.0,"25, SOUHAM (RUE DU GENER",,,Nuit avec éclairage allumé,En agglomération,Hors intersection,Normale,Autre collision,,,,,,,,,,,5,2,1,1,6
200500008359,0005-02-01 06:55:00,5,2,1,6,55,590,459.0,A 23 ( sortie  sens Lill,,,Nuit avec éclairage allumé,Hors agglomération,Intersection en T,Pluie légère,Trois véhicules et plus - collisions multiples,,,,,,,,,,,5,1,3,2,5
200500008360,0005-02-01 08:20:00,5,2,1,8,20,590,14.0,"55, HUGO (RUE VICTOR)",,,Crépuscule ou aube,En agglomération,Hors intersection,Pluie légère,Autre collision,,,,,,,,,,,2,2,1,2,6
200500008361,0005-02-11 21:15:00,5,2,11,21,15,590,79.0,CARON (RUE ALPHONSE),,,Nuit avec éclairage allumé,En agglomération,Hors intersection,Pluie légère,Autre collision,,,,,,,,,,,5,2,1,2,6
200500008362,0005-02-18 19:45:00,5,2,18,19,45,590,491.0,ABATTOIR (RUE DE L'),,,Nuit avec éclairage allumé,En agglomération,Intersection en T,Pluie légère,Deux véhicules - côté,,,,,,,,,,,5,2,3,2,3
200500008363,0005-02-19 01:15:00,5,2,19,1,15,590,459.0,GALOIS (rue Evatice),,,Nuit avec éclairage allumé,En agglomération,Intersection en T,Pluie légère,Autre collision,,,,,,,,,,,5,2,3,2,6
200500008364,0005-02-22 17:40:00,5,2,22,17,40,590,606.0,CITADELLE (RUE DE LA),,,Crépuscule ou aube,En agglomération,Intersection en T,Normale,Deux véhicules - arrière,,,,,,,,,,,2,2,3,1,2
200500008365,0005-02-23 22:15:00,5,2,23,22,15,590,447.0,ZONE ACTIVITE ECONOMIQUE,,,Nuit avec éclairage allumé,En agglomération,Intersection en T,Neige / grêle,Deux véhicules - côté,,,,,,,,,,,5,2,3,4,3
200500008366,0005-02-13 20:35:00,5,2,13,20,35,590,14.0,"11, ROUBAIX (RUE DE)",,,Nuit avec éclairage allumé,En agglomération,Hors intersection,Pluie légère,Autre collision,,,,,,,,,,,5,2,1,2,6
200500008367,0005-02-28 09:40:00,5,2,28,9,40,590,160.0,BOMBARDIER  (ACCES),,,Plein jour,En agglomération,Intersection en T,Normale,Deux véhicules - côté,,,,,,,,,,,1,2,3,1,3
200500008368,0005-02-25 17:00:00,5,2,25,17,0,590,369.0,FRANCE (RUE ANATOLE),,,Plein jour,En agglomération,Giratoire,Normale,Deux véhicules - côté,,,,,,,,,,,1,2,6,1,3
200500008369,0005-02-07 13:20:00,5,2,7,13,20,600,57.0,"1, PIERRE JACOBY (RUE)",,,Plein jour,En agglomération,Intersection en X,Normale,Deux véhicules - côté,,,,,,,,,,,1,2,2,1,3
200500008370,0005-02-03 18:20:00,5,2,3,18,20,600,57.0,SAINT ANDRE (BOULEVARD),,,Nuit avec éclairage allumé,En agglomération,Intersection en T,Pluie légère,Deux véhicules - côté,,,,,,,,,,,5,2,3,2,3
200500008371,0005-02-15 20:05:00,5,2,15,20,5,600,57.0,RD 93,,,Nuit sans éclairage public,En agglomération,Hors intersection,Normale,Deux véhicules - frontale,,,,,,,,,,,3,2,1,1,1
200500008372,0005-02-24 18:50:00,5,2,24,18,50,600,159.0,WEYGAND (AV. DU GENERAL),,,Nuit avec éclairage allumé,En agglomération,Autre intersection,Neige / grêle,Autre collision,,,,,,,,,,,5,2,9,4,6
200500008373,0005-02-02 17:45:00,5,2,2,17,45,600,414.0,", LIBERATION (AVENUE DE",,,Crépuscule ou aube,En agglomération,Hors intersection,Normale,Autre collision,,,,,,,,,,,2,2,1,1,6
200500008374,0005-02-26 04:25:00,5,2,26,4,25,600,175.0,RN 330_LIMITE SENLIS_PUV,,,Nuit avec éclairage allumé,En agglomération,Hors intersection,Autre,Autre collision,,,,,,,,,,,5,2,1,9,6
200500008375,0005-02-17 11:00:00,5,2,17,11,0,610,1.0,GENERAL DE GAULLE (PLACE,,,Plein jour,En agglomération,Giratoire,Normale,Deux véhicules - côté,,,,,,,,,,,1,2,6,1,3
200500008376,0005-02-18 14:10:00,5,2,18,14,10,610,1.0,"03, ALBERT SCHWEITZER(RU",,,Plein jour,En agglomération,Hors intersection,Normale,Deux véhicules - côté,,,,,,,,,,,1,2,1,1,3
200500008377,0005-02-02 19:00:00,5,2,2,19,0,610,169.0,"14bis, CHARLES MOUSSET",,,Nuit avec éclairage allumé,En agglomération,Intersection en X,Pluie légère,Deux véhicules - côté,,,,,,,,,,,5,2,2,2,3
200500008378,0005-02-01 08:00:00,5,2,1,8,0,620,41.0,"2, CAPUCINS (DES)",,,Crépuscule ou aube,En agglomération,Intersection en X,Normale,Autre collision,,,,,,,,,,,2,2,2,1,6
200500008379,0005-02-12 07:10:00,5,2,12,7,10,620,41.0,"0, BAUDIMONT (RD.PT)",,,Nuit avec éclairage allumé,En agglomération,Intersection à plus de 4 branches,Pluie légère,Deux véhicules - côté,,,,,,,,,,,5,2,5,2,3
200500008380,0005-02-24 20:15:00,5,2,24,20,15,620,753.0,ROUTE NATIONALE,,,Nuit sans éclairage public,En agglomération,Hors intersection,Temps couvert,Deux véhicules - arrière,,,,,,,,,,,3,2,1,8,2
200500008381,0005-02-25 10:45:00,5,2,25,10,45,620,41.0,RUE SAINTE CROIX,,,Plein jour,En agglomération,Hors intersection,Normale,Autre collision,,,,,,,,,,,1,2,1,1,6
200500008382,0005-02-26 20:00:00,5,2,26,20,0,620,41.0,"47, GRAND PLACE",,,Nuit avec éclairage allumé,En agglomération,Intersection en T,Pluie légère,Deux véhicules - frontale,,,,,,,,,,,5,2,3,2,1
200500008383,0005-02-07 17:40:00,5,2,7,17,40,620,48.0,"75, BASLY (BOULEVARD)",,,Crépuscule ou aube,En agglomération,Hors intersection,Normale,Deux véhicules - côté,,,,,,,,,,,2,2,1,1,3
200500008384,0005-02-27 13:50:00,5,2,27,13,50,620,48.0,EVRARD (FLORENT) APRES L,,,Plein jour,En agglomération,Hors intersection,Normale,Autre collision,,,,,,,,,,,1,2,1,1,6
200500008385,0005-02-01 16:50:00,5,2,1,16,50,620,570.0,"90, SIMON (PIERRE)",,,Plein jour,En agglomération,Hors intersection,Normale,Deux véhicules - côté,,,,,,,,,,,1,2,1,1,3
200500008386,0005-02-14 21:10:00,5,2,14,21,10,620,570.0,D 262,,,Nuit sans éclairage public,Hors agglomération,Hors intersection,Neige / grêle,Autre collision,,,,,,,,,,,3,1,1,4,6
200500008387,0005-02-09 12:55:00,5,2,9,12,55,620,540.0,"00, OLHAIN ( PARKING BEL",,,Plein jour,En agglomération,Hors intersection,Autre,Autre collision,,,,,,,,,,,1,2,1,9,6
200500008388,0005-02-23 12:10:00,5,2,23,12,10,620,108.0,"56, IMPERATRICE",,,Plein jour,En agglomération,Hors intersection,Normale,Deux véhicules - côté,,,,,,,,,,,1,2,1,1,3
200500008389,0005-02-06 21:20:00,5,2,6,21,20,620,119.0,BRUAY ( AVENUE DE ),,,Nuit avec éclairage allumé,En agglomération,Giratoire,Normale,Deux véhicules - côté,,,,,,,,,,,5,2,6,1,3
200500008390,0005-02-10 11:50:00,5,2,10,11,50,620,846.0,"46, BRIQUET RAOUL ( RUE",,,Plein jour,En agglomération,Hors intersection,Pluie légère,Deux véhicules - côté,,,,,,,,,,,1,2,1,2,3
200500008391,0005-02-12 06:20:00,5,2,12,6,20,620,836.0,NATIONALE ( ROUTE RN 41),,,Nuit avec éclairage allumé,En agglomération,Hors intersection,Pluie forte,Deux véhicules - arrière,,,,,,,,,,,5,2,1,3,2
200500008392,0005-02-26 09:20:00,5,2,26,9,20,620,35.0,"720, MORINIE ( AVENUE DE",,,Plein jour,En agglomération,Hors intersection,Neige / grêle,Deux véhicules - côté,,,,,,,,,,,1,2,1,4,3
200500008393,0005-02-06 14:20:00,5,2,6,14,20,620,667.0,"04, Boidin (Rue Abbé)",,,Plein jour,En agglomération,Hors intersection,Normale,Sans collision,,,,,,,,,,,1,2,1,1,7
200500008394,0005-02-12 20:10:00,5,2,12,20,10,620,160.0,"60, HUGO (RUE VICTOR)",,,Nuit avec éclairage allumé,En agglomération,Hors intersection,Pluie légère,Sans collision,,,,,,,,,,,5,2,1,2,7
200500008395,0005-02-18 20:00:00,5,2,18,20,0,620,178.0,ETATS-UNIS,,,Nuit avec éclairage allumé,En agglomération,Intersection en T,Pluie légère,Deux véhicules - frontale,,,,,,,,,,,5,2,3,2,1
200500008396,0005-02-26 17:45:00,5,2,26,17,45,620,440.0,"62400003, BETHUNE ( CD 8",,,Plein jour,En agglomération,Hors intersection,Normale,Deux véhicules - frontale,,,,,,,,,,,1,2,1,1,1
200500008397,0005-02-02 12:25:00,5,2,2,12,25,620,193.0,"106, ROGER SALENGRO (AVE",,,Plein jour,En agglomération,Hors intersection,Normale,Autre collision,,,,,,,,,,,1,2,1,1,6
200500008398,0005-02-03 12:00:00,5,2,3,12,0,620,193.0,SAINT EXUPERY (AVENUE. 2,,,Plein jour,En agglomération,Hors intersection,Normale,Autre collision,,,,,,,,,,,1,2,1,1,6
200500008399,0005-02-09 21:30:00,5,2,9,21,30,620,193.0,VALENCIENNES,,,Nuit avec éclairage allumé,En agglomération,Intersection en X,Temps couvert,Deux véhicules - côté,,,,,,,,,,,5,2,2,8,3
200500008400,0005-02-11 00:40:00,5,2,11,0,40,620,193.0,VERDUN (RUE DE),,,Nuit avec éclairage allumé,En agglomération,Hors intersection,Pluie légère,Deux véhicules - frontale,,,,,,,,,,,5,2,1,2,1
200500008401,0005-02-13 04:30:00,5,2,13,4,30,620,193.0,VERDUN (RUE DE),,,Nuit avec éclairage allumé,En agglomération,Hors intersection,Normale,Autre collision,,,,,,,,,,,5,2,1,1,6
200500008402,0005-02-12 23:20:00,5,2,12,23,20,620,193.0,HERMANT (RUE H.),,,Nuit avec éclairage allumé,En agglomération,Hors intersection,Vent fort / tempête,Autre collision,,,,,,,,,,,5,2,1,6,6
200500008403,0005-02-12 08:10:00,5,2,12,8,10,620,193.0,SAINT EXUPERY (AVENUE. 2,,,Crépuscule ou aube,En agglomération,Hors intersection,Pluie forte,Autre collision,,,,,,,,,,,2,2,1,3,6
200500008404,0005-02-18 18:50:00,5,2,18,18,50,620,193.0,CASTRES (CHEMIN),,,Nuit avec éclairage allumé,En agglomération,Hors intersection,Pluie légère,Autre collision,,,,,,,,,,,5,2,1,2,6
200500008405,0005-02-23 07:45:00,5,2,23,7,45,620,193.0,LAFAYETTE (BOULEVARD),,,Crépuscule ou aube,En agglomération,Hors intersection,Neige / grêle,Autre collision,,,,,,,,,,,2,2,1,4,6
200500008406,0005-02-27 16:25:00,5,2,27,16,25,620,193.0,DORET (RUE M.),,,Plein jour,En agglomération,Hors intersection,Normale,Deux véhicules - frontale,,,,,,,,,,,1,2,1,1,1
200500008407,0005-02-02 18:25:00,5,2,2,18,25,620,413.0,"sans, ONZE NOVEMBRE (R D",,,Crépuscule ou aube,En agglomération,Hors intersection,Pluie légère,Autre collision,,,,,,,,,,,2,2,1,2,6
200500008408,0005-02-05 13:55:00,5,2,5,13,55,620,413.0,"95 bis, STALINGRAD (R DE",,,Plein jour,En agglomération,Hors intersection,Normale,Deux véhicules - côté,,,,,,,,,,,1,2,1,1,3