accident_id,datetime,annee,mois,jour,heure,minute,departement,commune_insee,adresse,latitude,longitude,luminosite,agglomeration,intersection,meteo,collision,nb_vehicules,nb_usagers,nb_indemnes,nb_tues,nb_blesses_hosp,nb_blesses_legers,age_cond_1,age_cond_2,veh_type_cond_1,veh_type_cond_2,lum_code,agg_code,int_code,atm_code,col_code
200500008537,0005-02-22 05:00:00,5,2,22,5,0,670,462.0,"17, SAINTE MARIE-AUX-MIN",,,Nuit avec éclairage allumé,En agglomération,Hors intersection,Neige / grêle,Deux véhicules - côté,,,,,,,,,,,5,2,1,4,3
200500008538,0005-02-18 09:15:00,5,2,18,9,15,670,462.0,LIBERTE (AVENUE DE LA),,,Plein jour,En agglomération,Hors intersection,Normale,Deux véhicules - arrière,,,,,,,,,,,1,2,1,1,2
200500008539,0005-02-01 08:30:00,5,2,1,8,30,670,482.0,"00, GLASERSWOERTH (ROUTE",,,Plein jour,En agglomération,Hors intersection,Normale,Autre collision,,,,,,,,,,,1,2,1,1,6
200500008540,0005-02-01 07:15:00,5,2,1,7,15,670,482.0,"000, BOURGOGNE (RUE DE)",,,Crépuscule ou aube,En agglomération,Intersection en X,Pluie légère,Deux véhicules - côté,,,,,,,,,,,2,2,2,2,3
200500008541,0005-02-01 14:05:00,5,2,1,14,5,670,482.0,"000, PREMIERE ARMEE (RUE",,,Plein jour,En agglomération,Hors intersection,Normale,Autre collision,,,,,,,,,,,1,2,1,1,6
200500008542,0005-02-02 07:25:00,5,2,2,7,25,670,482.0,"44, PROVENCE (RUE DE)",,,Nuit avec éclairage allumé,En agglomération,Hors intersection,Normale,Autre collision,,,,,,,,,,,5,2,1,1,6
200500008543,0005-02-02 15:55:00,5,2,2,15,55,670,482.0,"00, JACQUES PEIROTES (RU",,,Plein jour,En agglomération,Intersection en T,Temps couvert,Deux véhicules - côté,,,,,,,,,,,1,2,3,8,3
200500008544,0005-02-03 10:35:00,5,2,3,10,35,670,482.0,"4, ABBE LEMIRE (RUE DE L",,,Plein jour,En agglomération,Hors intersection,Normale,Sans collision,,,,,,,,,,,1,2,1,1,7
200500008545,0005-02-03 10:57:00,5,2,3,10,57,670,482.0,OBERHAUSBERGEN (ROUTE D,,,Plein jour,En agglomération,Intersection en X,Pluie légère,Deux véhicules - côté,,,,,,,,,,,1,2,2,2,3
200500008546,0005-02-03 22:45:00,5,2,3,22,45,670,365.0,PASTEUR (RUE),,,Nuit avec éclairage allumé,En agglomération,Intersection en X,Normale,Deux véhicules - côté,,,,,,,,,,,5,2,2,1,3
200500008547,0005-02-03 23:15:00,5,2,3,23,15,670,204.0,WANTZENAU (ROUTE DE LA),,,Nuit avec éclairage allumé,En agglomération,Hors intersection,Normale,Autre collision,,,,,,,,,,,5,2,1,1,6
200500008548,0005-02-04 09:15:00,5,2,4,9,15,670,482.0,PETIT RHIN (ROUTE DU),,,Plein jour,En agglomération,Intersection en Y,Normale,Deux véhicules - arrière,,,,,,,,,,,1,2,4,1,2
200500008549,0005-02-04 11:50:00,5,2,4,11,50,670,482.0,"51, SCHIRMECK (ROUTE DE)",,,Plein jour,En agglomération,Hors intersection,Normale,Deux véhicules - arrière,,,,,,,,,,,1,2,1,1,2
200500008550,0005-02-05 10:15:00,5,2,5,10,15,670,482.0,"273, COLMAR (AVENUE DE)",,,Plein jour,En agglomération,Hors intersection,Normale,Autre collision,,,,,,,,,,,1,2,1,1,6
200500008551,0005-02-05 15:30:00,5,2,5,15,30,670,204.0,"0000, GENERAL DE GAULLE",,,Plein jour,En agglomération,Intersection en X,Normale,Deux véhicules - côté,,,,,,,,,,,1,2,2,1,3
200500008552,0005-02-07 09:30:00,5,2,7,9,30,670,482.0,"1M, DOUBS (RUE DU)",,,Plein jour,En agglomération,Hors intersection,Normale,Deux véhicules - frontale,,,,,,,,,,,1,2,1,1,1
200500008553,0005-02-07 17:14:00,5,2,7,17,14,670,43.0,"0000, FERRY (RUE JULES)",,,Crépuscule ou aube,En agglomération,Intersection en X,Normale,Deux véhicules - côté,,,,,,,,,,,2,2,2,1,3
200500008554,0005-02-07 17:30:00,5,2,7,17,30,670,482.0,SOULTZ (RUE DE),,,Plein jour,En agglomération,Hors intersection,Temps couvert,Autre collision,,,,,,,,,,,1,2,1,8,6
200500008555,0005-02-08 13:50:00,5,2,8,13,50,670,482.0,"00, KOENIGSHOFFEN (RUE D",,,Plein jour,En agglomération,Intersection en X,Normale,Deux véhicules - côté,,,,,,,,,,,1,2,2,1,3
200500008556,0005-02-08 19:50:00,5,2,8,19,50,670,482.0,"00, JEAN MENTELIN (RUE)",,,Nuit avec éclairage allumé,En agglomération,Intersection en X,Normale,Deux véhicules - frontale,,,,,,,,,,,5,2,2,1,1
200500008557,0005-02-09 16:36:00,5,2,9,16,36,670,482.0,LOUIS PASTEUR (QUAI),,,Crépuscule ou aube,En agglomération,Intersection en X,Normale,Deux véhicules - côté,,,,,,,,,,,2,2,2,1,3
200500008558,0005-02-10 17:50:00,5,2,10,17,50,670,482.0,"00, ZIEGELAU (RUE DE LA)",,,Nuit avec éclairage allumé,En agglomération,Intersection en X,Normale,Trois véhicules et plus - collisions multiples,,,,,,,,,,,5,2,2,1,5
200500008559,0005-02-10 17:55:00,5,2,10,17,55,670,482.0,"210, SCHIRMECK (ROUTE DE",,,Nuit avec éclairage allumé,En agglomération,Hors intersection,Pluie légère,Trois véhicules et plus - collisions multiples,,,,,,,,,,,5,2,1,2,5
200500008560,0005-02-11 19:40:00,5,2,11,19,40,670,482.0,"0000, ERNEST BEVIN (QUAI",,,Nuit avec éclairage allumé,En agglomération,Intersection en X,Pluie légère,Deux véhicules - frontale,,,,,,,,,,,5,2,2,2,1
200500008561,0005-02-12 12:10:00,5,2,12,12,10,670,43.0,"69, PERIGUEUX (AVENUE DE",,,Plein jour,En agglomération,Hors intersection,Pluie légère,Deux véhicules - arrière,,,,,,,,,,,1,2,1,2,2
200500008562,0005-02-12 14:10:00,5,2,12,14,10,670,482.0,"0000, CHARLES PEGUY (RUE",,,Plein jour,En agglomération,Hors intersection,Pluie forte,Autre collision,,,,,,,,,,,1,2,1,3,6
200500008563,0005-02-12 16:05:00,5,2,12,16,5,670,482.0,"00, REUSS (ALLEE)",,,Plein jour,En agglomération,Intersection en X,Pluie légère,Deux véhicules - côté,,,,,,,,,,,1,2,2,2,3
200500008564,0005-02-13 17:00:00,5,2,13,17,0,670,482.0,"59, RHIN (ROUTE DU)",,,Plein jour,En agglomération,Hors intersection,Normale,Autre collision,,,,,,,,,,,1,2,1,1,6
200500008565,0005-02-14 10:00:00,5,2,14,10,0,670,482.0,MITTELHAUSBERGEN (ROUTE,,,Plein jour,En agglomération,Intersection en T,Normale,Autre collision,,,,,,,,,,,1,2,3,1,6
200500008566,0005-02-15 10:20:00,5,2,15,10,20,670,482.0,"0, PRESIDENT WILSON (BOU",,,Plein jour,En agglomération,Intersection en T,Temps couvert,Autre collision,,,,,,,,,,,1,2,3,8,6
200500008567,0005-02-16 18:50:00,5,2,16,18,50,670,482.0,"00, MAIRE DIETRICH (QUAI",,,Nuit avec éclairage allumé,En agglomération,Intersection en T,Pluie légère,Deux véhicules - côté,,,,,,,,,,,5,2,3,2,3
200500008568,0005-02-18 14:30:00,5,2,18,14,30,670,482.0,MONTAGNE VERTE (RUE DE L,,,Plein jour,En agglomération,Intersection en X,Normale,Trois véhicules et plus - collisions multiples,,,,,,,,,,,1,2,2,1,5
200500008569,0005-02-18 16:00:00,5,2,18,16,0,670,482.0,"00, COLMAR (AVENUE DE)",,,Plein jour,En agglomération,Intersection en T,Normale,Trois véhicules et plus - en chaîne,,,,,,,,,,,1,2,3,1,4
200500008570,0005-02-19 16:30:00,5,2,19,16,30,670,482.0,RHIN (ROUTE DU),,,Plein jour,En agglomération,Intersection en X,Temps couvert,Deux véhicules - côté,,,,,,,,,,,1,2,2,8,3
200500008571,0005-02-21 18:10:00,5,2,21,18,10,670,482.0,"14, BALZAC (BOULEVARD)",,,Nuit sans éclairage public,En agglomération,Hors intersection,Neige / grêle,Autre collision,,,,,,,,,,,3,2,1,4,6
200500008572,0005-02-22 15:50:00,5,2,22,15,50,670,482.0,"00, NEUVE (RUE)",,,Plein jour,En agglomération,Intersection en X,Neige / grêle,Deux véhicules - côté,,,,,,,,,,,1,2,2,4,3
200500008573,0005-02-22 20:50:00,5,2,22,20,50,670,482.0,"00, WANTZENAU (RTE DE LA",,,Nuit avec éclairage allumé,En agglomération,Hors intersection,Neige / grêle,Trois véhicules et plus - collisions multiples,,,,,,,,,,,5,2,1,4,5
200500008574,0005-02-24 16:40:00,5,2,24,16,40,670,218.0,"00, ANDRE MALRAUX (AVENU",,,Plein jour,En agglomération,Intersection en X,Neige / grêle,Deux véhicules - côté,,,,,,,,,,,1,2,2,4,3
200500008575,0005-02-23 21:45:00,5,2,23,21,45,670,267.0,"0000, GRAFFENSTADEN (RUE",,,Nuit avec éclairage allumé,En agglomération,Intersection en X,Neige / grêle,Autre collision,,,,,,,,,,,5,2,2,4,6
200500008576,0005-02-25 22:15:00,5,2,25,22,15,670,482.0,MOLSHEIM (RUE DE),,,Nuit avec éclairage allumé,En agglomération,Intersection en X,Normale,Deux véhicules - côté,,,,,,,,,,,5,2,2,1,3
200500008577,0005-02-26 12:08:00,5,2,26,12,8,670,482.0,PREMIERE ARMEE (RUE DE L,,,Plein jour,En agglomération,Intersection en X,Normale,Autre collision,,,,,,,,,,,1,2,2,1,6
200500008578,0005-02-12 22:45:00,5,2,12,22,45,680,66.0,INGERSHEIM (ROUTE D'),,,Nuit avec éclairage allumé,En agglomération,Intersection en X,Normale,Deux véhicules - côté,,,,,,,,,,,5,2,2,1,3
200500008579,0005-02-01 08:02:00,5,2,1,8,2,680,224.0,ROMAINS (RUE DES),,,Plein jour,En agglomération,Autre intersection,Pluie légère,Deux véhicules - côté,,,,,,,,,,,1,2,9,2,3
200500008580,0005-02-05 04:25:00,5,2,5,4,25,680,271.0,"156, ILE NAPOLEON (RUE D",,,Nuit avec éclairage allumé,En agglomération,Intersection en X,Temps couvert,Sans collision,,,,,,,,,,,5,2,2,8,7
200500008581,0005-02-12 06:50:00,5,2,12,6,50,680,224.0,AUTOROUTE A 36,,,Nuit avec éclairage non allumé,Hors agglomération,Hors intersection,Pluie légère,Autre collision,,,,,,,,,,,4,1,1,2,6
200500008582,0005-02-18 16:25:00,5,2,18,16,25,680,224.0,", BONNES GENS (RUE DES)",,,Plein jour,En agglomération,Intersection en T,Normale,Deux véhicules - arrière,,,,,,,,,,,1,2,3,1,2
200500008583,0005-02-20 20:30:00,5,2,20,20,30,680,224.0,"97, MERTZAU (RUE DE LA)",,,Nuit avec éclairage allumé,En agglomération,Hors intersection,Neige / grêle,Deux véhicules - côté,,,,,,,,,,,5,2,1,4,3
200500008584,0005-02-23 12:25:00,5,2,23,12,25,680,224.0,"04, STOESSEL (BOULEVARD",,,Plein jour,En agglomération,Hors intersection,Temps couvert,Autre collision,,,,,,,,,,,1,2,1,8,6
200500008585,0005-02-24 17:35:00,5,2,24,17,35,680,224.0,"05, CAMUS (RUE ALBERT)",,,Plein jour,En agglomération,Hors intersection,Normale,Autre collision,,,,,,,,,,,1,2,1,1,6
200500008586,0005-02-10 19:00:00,5,2,10,19,0,680,297.0,FLEURS ( RUE DES ),,,Nuit avec éclairage allumé,En agglomération,Intersection en Y,Normale,Deux véhicules - côté,,,,,,,,,,,5,2,4,1,3
200500008587,0005-02-09 18:00:00,5,2,9,18,0,690,34.0,"72-76, FRANCOIS PEISSEL",,,Crépuscule ou aube,En agglomération,Hors intersection,Normale,Autre collision,,,,,,,,,,,2,2,1,1,6
200500008588,0005-02-11 07:43:00,5,2,11,7,43,690,34.0,"98, GENERAL DE GAULLE",,,Plein jour,En agglomération,Hors intersection,Normale,Autre collision,,,,,,,,,,,1,2,1,1,6
200500008589,0005-02-25 14:40:00,5,2,25,14,40,690,34.0,BELLEVUE,,,Plein jour,En agglomération,Hors intersection,Normale,Autre collision,,,,,,,,,,,1,2,1,1,6
200500008590,0005-02-01 15:20:00,5,2,1,15,20,690,256.0,", 8 MAI 1945 (DU)",,,Plein jour,En agglomération,Hors intersection,Temps couvert,Autre collision,,,,,,,,,,,1,2,1,8,6
200500008591,0005-02-03 12:18:00,5,2,3,12,18,690,256.0,ORCHA (D'),,,Plein jour,En agglomération,Intersection en T,Normale,Autre collision,,,,,,,,,,,1,2,3,1,6
200500008592,0005-02-06 20:00:00,5,2,6,20,0,690,256.0,REPUBLIQUE (DE LA),,,Nuit avec éclairage allumé,En agglomération,Intersection en X,Normale,Deux véhicules - côté,,,,,,,,,,,5,2,2,1,3
200500008593,0005-02-09 11:40:00,5,2,9,11,40,690,259.0,"382, CHARLES DE GAULLE",,,Plein jour,En agglomération,Hors intersection,Normale,Deux véhicules - arrière,,,,,,,,,,,1,2,1,1,2
200500008594,0005-02-10 19:30:00,5,2,10,19,30,690,259.0,MAX BAREL,,,Nuit avec éclairage allumé,En agglomération,Intersection en X,Normale,Deux véhicules - frontale,,,,,,,,,,,5,2,2,1,1
200500008595,0005-02-09 21:20:00,5,2,9,21,20,690,199.0,ETIENNE DOLET,,,Nuit avec éclairage allumé,En agglomération,Intersection en X,Normale,Deux véhicules - côté,,,,,,,,,,,5,2,2,1,3
200500008596,0005-02-04 13:55:00,5,2,4,13,55,690,199.0,"69, JULES GUESDE",,,Plein jour,En agglomération,Hors intersection,Normale,Deux véhicules - arrière,,,,,,,,,,,1,2,1,1,2
200500008597,0005-02-19 13:15:00,5,2,19,13,15,690,259.0,"0, JACQUES DUCLOS",,,Plein jour,En agglomération,Intersection en X,Neige / grêle,Deux véhicules - côté,,,,,,,,,,,1,2,2,4,3
200500008598,0005-02-06 15:10:00,5,2,6,15,10,690,266.0,RUE MAGENTA,,,Plein jour,En agglomération,Intersection en T,Normale,Deux véhicules - côté,,,,,,,,,,,1,2,3,1,3
200500008599,0005-02-03 14:10:00,5,2,3,14,10,690,266.0,"3, AV A EINSTEIN",,,Plein jour,En agglomération,Hors intersection,Normale,Deux véhicules - arrière,,,,,,,,,,,1,2,1,1,2
200500008600,0005-02-02 15:00:00,5,2,2,15,0,690,266.0,"105, RUE L BLUM",,,Plein jour,En agglomération,Hors intersection,Temps couvert,Autre collision,,,,,,,,,,,1,2,1,8,6
200500008601,0005-02-04 17:50:00,5,2,4,17,50,690,266.0,"146, RUE F DE PRESSENSE",,,Crépuscule ou aube,En agglomération,Autre intersection,Normale,Autre collision,,,,,,,,,,,2,2,9,1,6
200500008602,0005-02-03 20:10:00,5,2,3,20,10,690,266.0,"77, RUE DU 1 MARS 1943",,,Nuit avec éclairage allumé,En agglomération,Hors intersection,Normale,Trois véhicules et plus - collisions multiples,,,,,,,,,,,5,2,1,1,5
200500008603,0005-02-09 10:10:00,5,2,9,10,10,690,266.0,"31, RUE DU VERT BUISSON",,,Plein jour,En agglomération,Hors intersection,Normale,Deux véhicules - côté,,,,,,,,,,,1,2,1,1,3
200500008604,0005-02-10 20:05:00,5,2,10,20,5,690,266.0,"30, RUE DE LA SOIE",,,Nuit avec éclairage allumé,En agglomération,Hors intersection,Normale,Autre collision,,,,,,,,,,,5,2,1,1,6
200500008605,0005-02-13 12:45:00,5,2,13,12,45,690,266.0,"1, CRS E ZOLA",,,Plein jour,En agglomération,Intersection en X,Normale,Deux véhicules - côté,,,,,,,,,,,1,2,2,1,3
200500008606,0005-02-16 19:15:00,5,2,16,19,15,690,266.0,", CRS E ZOLA",,,Nuit avec éclairage allumé,En agglomération,Intersection en X,Normale,Trois véhicules et plus - collisions multiples,,,,,,,,,,,5,2,2,1,5
200500008607,0005-02-19 15:50:00,5,2,19,15,50,690,266.0,"359, CRS E ZOLA",,,Plein jour,En agglomération,Hors intersection,Temps couvert,Deux véhicules - côté,,,,,,,,,,,1,2,1,8,3
200500008608,0005-02-28 08:20:00,5,2,28,8,20,690,266.0,"5, PL J CHOREL",,,Plein jour,En agglomération,Hors intersection,Normale,Autre collision,,,,,,,,,,,1,2,1,1,6
200500008609,0005-02-03 08:50:00,5,2,3,8,50,690,91.0,"20, PAUL BERT",,,Plein jour,En agglomération,Hors intersection,Normale,Autre collision,,,,,,,,,,,1,2,1,1,6
200500008610,0005-02-07 07:10:00,5,2,7,7,10,690,91.0,BRUYERES (DES),,,Nuit avec éclairage allumé,En agglomération,Intersection en X,Brouillard / fumée,Autre collision,,,,,,,,,,,5,2,2,5,6
200500008611,0005-02-15 18:00:00,5,2,15,18,0,690,91.0,"8, SALVADOR ALLENDE",,,Plein jour,En agglomération,Hors intersection,Temps couvert,Autre collision,,,,,,,,,,,1,2,1,8,6
200500008612,0005-02-25 16:30:00,5,2,25,16,30,690,91.0,"16, EDOUARD HERRIOT",,,Plein jour,En agglomération,Hors intersection,Normale,Autre collision,,,,,,,,,,,1,2,1,1,6
200500008613,0005-02-03 16:25:00,5,2,3,16,25,690,282.0,"69, LOUIS SAULNIER",,,Plein jour,En agglomération,Hors intersection,Normale,Autre collision,,,,,,,,,,,1,2,1,1,6
200500008614,0005-02-06 03:40:00,5,2,6,3,40,690,282.0,"291, VERDUN (DE)",,,Nuit avec éclairage allumé,En agglomération,Hors intersection,Brouillard / fumée,Sans collision,,,,,,,,,,,5,2,1,5,7
200500008615,0005-02-08 13:25:00,5,2,8,13,25,690,290.0,"206, GRENOBLE (DE)  -  R",,,Plein jour,En agglomération,Hors intersection,Normale,Deux véhicules - arrière,,,,,,,,,,,1,2,1,1,2
200500008616,0005-02-09 16:20:00,5,2,9,16,20,690,29.0,"00, 8 MAI 1945 (DU)",,,Plein jour,En agglomération,Hors intersection,Normale,Deux véhicules - côté,,,,,,,,,,,1,2,1,1,3
200500008617,0005-02-10 15:30:00,5,2,10,15,30,690,290.0,HENRI MARECHAL,,,Plein jour,En agglomération,Hors intersection,Normale,Deux véhicules - arrière,,,,,,,,,,,1,2,1,1,2
200500008618,0005-02-21 15:10:00,5,2,21,15,10,690,290.0,"00, CHARLES OTTINA",,,Plein jour,En agglomération,Hors intersection,Normale,Autre collision,,,,,,,,,,,1,2,1,1,6
200500008619,0005-02-25 19:15:00,5,2,25,19,15,690,290.0,VICTOR HUGO,,,Nuit avec éclairage allumé,En agglomération,Hors intersection,Normale,Autre collision,,,,,,,,,,,5,2,1,1,6
200500008620,0005-02-14 15:20:00,5,2,14,15,20,700,285.0,"8 TER, 11 NOVEMBRE (RUE",,,Plein jour,En agglomération,Hors intersection,Normale,Autre collision,,,,,,,,,,,1,2,1,1,6
200500008621,0005-02-25 21:00:00,5,2,25,21,0,700,285.0,"24 B, 47° R.A. (RUE DU)",,,Nuit sans éclairage public,En agglomération,Hors intersection,Temps couvert,Sans collision,,,,,,,,,,,3,2,1,8,7
200500008622,0005-02-02 19:15:00,5,2,2,19,15,700,388.0,RD457,,,Nuit avec éclairage allumé,En agglomération,Giratoire,Pluie légère,Deux véhicules - frontale,,,,,,,,,,,5,2,6,2,1
200500008623,0005-02-25 17:00:00,5,2,25,17,0,700,550.0,"1, MIROUDOT SAINT FERJEU",,,Plein jour,En agglomération,Hors intersection,Normale,Sans collision,,,,,,,,,,,1,2,1,1,7
200500008624,0005-02-04 16:15:00,5,2,4,16,15,710,76.0,MESSAGERIES (QUAI DES ),,,Plein jour,En agglomération,Hors intersection,Normale,Autre collision,,,,,,,,,,,1,2,1,1,6
200500008625,0005-02-15 16:10:00,5,2,15,16,10,710,76.0,"1, VERDUN (AVENUE)",,,Plein jour,En agglomération,Intersection en X,Normale,Deux véhicules - côté,,,,,,,,,,,1,2,2,1,3
200500008626,0005-02-18 17:45:00,5,2,18,17,45,710,475.0,ROUTE NATIONALE 80,,,Plein jour,En agglomération,Hors intersection,Normale,Trois véhicules et plus - collisions multiples,,,,,,,,,,,1,2,1,1,5
200500008627,0005-02-26 20:30:00,5,2,26,20,30,710,76.0,ALLENDE (AVENUE SALVADOR,,,Nuit avec éclairage allumé,En agglomération,Intersection en T,Normale,Deux véhicules - côté,,,,,,,,,,,5,2,3,1,3
200500008628,0005-02-05 21:30:00,5,2,5,21,30,710,540.0,THIELLAY (LE),,,Nuit sans éclairage public,En agglomération,Hors intersection,Brouillard / fumée,Sans collision,,,,,,,,,,,3,2,1,5,7
200500008629,0005-02-07 18:15:00,5,2,7,18,15,710,153.0,"78 i, REPUBLIQUE (AVENUE",,,Nuit avec éclairage non allumé,En agglomération,Hors intersection,Normale,Autre collision,,,,,,,,,,,4,2,1,1,6
200500008630,0005-02-08 20:35:00,5,2,8,20,35,710,540.0,"2, BOURGOGNE (AVENUE DE)",,,Nuit avec éclairage allumé,En agglomération,Hors intersection,Normale,Sans collision,,,,,,,,,,,5,2,1,1,7
200500008631,0005-02-13 14:45:00,5,2,13,14,45,710,540.0,BOIS MOREY (LE),,,Plein jour,En agglomération,Hors intersection,Pluie légère,Sans collision,,,,,,,,,,,1,2,1,2,7
200500008632,0005-02-24 14:25:00,5,2,24,14,25,710,153.0,"3., HAUTS DE BAUDOTS (ch",,,Plein jour,En agglomération,Hors intersection,Neige / grêle,Deux véhicules - frontale,,,,,,,,,,,1,2,1,4,1
200500008633,0005-02-15 15:20:00,5,2,15,15,20,710,270.0,"1068, GAULLE (AVENUE DU",,,Plein jour,En agglomération,Hors intersection,Normale,Autre collision,,,,,,,,,,,1,2,1,1,6
200500008634,0005-02-22 10:50:00,5,2,22,10,50,710,270.0,"64, HUGO (RUE VICTOR)",,,Plein jour,En agglomération,Hors intersection,Normale,Autre collision,,,,,,,,,,,1,2,1,1,6
200500008635,0005-02-26 20:20:00,5,2,26,20,20,710,497.0,BEAUSOLEIL (RUE),,,Nuit avec éclairage allumé,En agglomération,Intersection en T,Normale,Deux véhicules - côté,,,,,,,,,,,5,2,3,1,3
200500008636,0005-02-23 17:00:00,5,2,23,17,0,710,270.0,"230, EPINOCHES (RUE DES)",,,Plein jour,En agglomération,Hors intersection,Normale,Deux véhicules - côté,,,,,,,,,,,1,2,1,1,3
200500008637,0005-02-09 10:10:00,5,2,9,10,10,710,306.0,"3, ROGER SALENGRO (AVENU",,,Plein jour,En agglomération,Hors intersection,Normale,Sans collision,,,,,,,,,,,1,2,1,1,7
200500008638,0005-02-19 11:10:00,5,2,19,11,10,710,306.0,BOIS (RUE DU ),,,Plein jour,En agglomération,Intersection en X,Pluie légère,Deux véhicules - côté,,,,,,,,,,,1,2,2,2,3
200500008639,0005-02-02 12:40:00,5,2,2,12,40,720,3.0,19 MARS 1962 (AV),,,Plein jour,En agglomération,Intersection en T,Normale,Trois véhicules et plus - collisions multiples,,,,,,,,,,,1,2,3,1,5
200500008640,0005-02-03 18:45:00,5,2,3,18,45,720,181.0,"419, BOLLEE (AV) N° IMP",,,Nuit avec éclairage allumé,En agglomération,Hors intersection,Normale,Autre collision,,,,,,,,,,,5,2,1,1,6
200500008641,0005-02-04 09:05:00,5,2,4,9,5,720,181.0,"40, CORDELET LOUIS ( AV)",,,Plein jour,En agglomération,Hors intersection,Normale,Deux véhicules - côté,,,,,,,,,,,1,2,1,1,3
200500008642,0005-02-04 17:50:00,5,2,4,17,50,720,181.0,BIGARREAUX (RUE DES) N°,,,Crépuscule ou aube,En agglomération,Intersection en X,Normale,Autre collision,,,,,,,,,,,2,2,2,1,6
200500008643,0005-02-05 19:10:00,5,2,5,19,10,720,181.0,"406, DURAND GEORGES (AV)",,,Nuit avec éclairage allumé,En agglomération,Hors intersection,Normale,Autre collision,,,,,,,,,,,5,2,1,1,6
200500008644,0005-02-08 07:00:00,5,2,8,7,0,720,181.0,LEFEUVRE HENRI AV N° IMP,,,Nuit avec éclairage allumé,En agglomération,Hors intersection,Normale,Deux véhicules - côté,,,,,,,,,,,5,2,1,1,3
200500008645,0005-02-09 14:30:00,5,2,9,14,30,720,181.0,"73, FALCONET ETIENNE (RU",,,Plein jour,En agglomération,Hors intersection,Normale,Deux véhicules - côté,,,,,,,,,,,1,2,1,1,3
200500008646,0005-02-09 20:45:00,5,2,9,20,45,720,181.0,ALLONNES PONT ROUGE (RTE,,,Nuit avec éclairage allumé,En agglomération,Hors intersection,Normale,Deux véhicules - côté,,,,,,,,,,,5,2,1,1,3
200500008647,0005-02-11 15:45:00,5,2,11,15,45,720,181.0,"260, BOLLEE (AV) N° IMP",,,Plein jour,En agglomération,Hors intersection,Pluie légère,Trois véhicules et plus - en chaîne,,,,,,,,,,,1,2,1,2,4
200500008648,0005-02-11 17:45:00,5,2,11,17,45,720,181.0,EDISON THOMAS (RUE),,,Plein jour,En agglomération,Hors intersection,Pluie légère,Deux véhicules - côté,,,,,,,,,,,1,2,1,2,3
200500008649,0005-02-11 22:20:00,5,2,11,22,20,720,181.0,PIED SEC (RUE DE),,,Nuit avec éclairage allumé,En agglomération,Hors intersection,Pluie légère,Autre collision,,,,,,,,,,,5,2,1,2,6
200500008650,0005-02-12 23:00:00,5,2,12,23,0,720,181.0,"129, LIBERATION (AV DE L",,,Nuit avec éclairage allumé,En agglomération,Hors intersection,Normale,Deux véhicules - arrière,,,,,,,,,,,5,2,1,1,2
200500008651,0005-02-14 14:40:00,5,2,14,14,40,720,181.0,COURTHARDY (RUE),,,Plein jour,En agglomération,Hors intersection,Normale,Autre collision,,,,,,,,,,,1,2,1,1,6
200500008652,0005-02-16 07:55:00,5,2,16,7,55,720,181.0,RHIN ET DANUBE (AV) N° I,,,Crépuscule ou aube,En agglomération,Hors intersection,Normale,Deux véhicules - côté,,,,,,,,,,,2,2,1,1,3
200500008653,0005-02-17 18:40:00,5,2,17,18,40,720,181.0,PATTON GENERAL RTE ST-AU,,,Crépuscule ou aube,En agglomération,Hors intersection,Normale,Autre collision,,,,,,,,,,,2,2,1,1,6
200500008654,0005-02-18 09:20:00,5,2,18,9,20,720,181.0,MITTERAND FRANCOIS (AV),,,Plein jour,En agglomération,Hors intersection,Normale,Deux véhicules - côté,,,,,,,,,,,1,2,1,1,3
200500008655,0005-02-23 08:15:00,5,2,23,8,15,720,181.0,GLONNIERES (BD) N° PAIRS,,,Plein jour,En agglomération,Intersection en T,Normale,Deux véhicules - côté,,,,,,,,,,,1,2,3,1,3
200500008656,0005-02-23 19:55:00,5,2,23,19,55,720,181.0,JAURES JEAN (AV) N° IMP,,,Nuit avec éclairage non allumé,En agglomération,Intersection en T,Normale,Trois véhicules et plus - collisions multiples,,,,,,,,,,,4,2,3,1,5
200500008657,0005-02-23 19:24:00,5,2,23,19,24,720,181.0,"6, MAC JEAN (AV) N° PAIR",,,Nuit avec éclairage allumé,En agglomération,Hors intersection,Normale,Autre collision,,,,,,,,,,,5,2,1,1,6
200500008658,0005-02-27 00:25:00,5,2,27,0,25,720,181.0,LIGNEUL PAUL (RUE) N° IM,,,Nuit avec éclairage allumé,En agglomération,Hors intersection,Normale,Deux véhicules - côté,,,,,,,,,,,5,2,1,1,3
200500008659,0005-02-01 11:55:00,5,2,1,11,55,730,87.0,LYON (ROUTE DE),,,Plein jour,Hors agglomération,Hors intersection,Neige / grêle,Deux véhicules - arrière,,,,,,,,,,,1,1,1,4,2
200500008660,0005-02-04 18:45:00,5,2,4,18,45,730,65.0,ROPS DANIEL (AVENUE),,,Nuit avec éclairage allumé,En agglomération,Giratoire,Normale,Sans collision,,,,,,,,,,,5,2,6,1,7
200500008661,0005-02-11 18:50:00,5,2,11,18,50,730,65.0,LYON (AVENUE DE),,,Nuit avec éclairage non allumé,En agglomération,Hors intersection,Temps couvert,Sans collision,,,,,,,,,,,4,2,1,8,7
200500008662,0005-02-03 20:20:00,5,2,3,20,20,740,10.0,VAUGELAS,,,Nuit avec éclairage allumé,En agglomération,Intersection en X,Normale,Autre collision,,,,,,,,,,,5,2,2,1,6
200500008663,0005-02-04 09:15:00,5,2,4,9,15,740,93.0,CHARMILLES (DES),,,Plein jour,En agglomération,Intersection en T,Normale,Deux véhicules - côté,,,,,,,,,,,1,2,3,1,3