accident_id,datetime,annee,mois,jour,heure,minute,departement,commune_insee,adresse,latitude,longitude,luminosite,agglomeration,intersection,meteo,collision,nb_vehicules,nb_usagers,nb_indemnes,nb_tues,nb_blesses_hosp,nb_blesses_legers,age_cond_1,age_cond_2,veh_type_cond_1,veh_type_cond_2,lum_code,agg_code,int_code,atm_code,col_code
200500008795,0005-02-07 20:05:00,5,2,7,20,5,750,17.0,PL DES TERNES AV DE WAGR,,,Nuit avec éclairage allumé,En agglomération,Intersection en T,Normale,Sans collision,,,,,,,,,,,5,2,3,1,7
200500008796,0005-02-07 18:50:00,5,2,7,18,50,750,6.0,22 R DE VAUGIRARD,,,Nuit avec éclairage allumé,En agglomération,Hors intersection,Normale,Autre collision,,,,,,,,,,,5,2,1,1,6
200500008797,0005-02-12 10:10:00,5,2,12,10,10,750,12.0,AV BEL AIR RTE TOURELLE,,,Plein jour,En agglomération,Intersection en X,Normale,Trois véhicules et plus - collisions multiples,,,,,,,,,,,1,2,2,1,5
200500008798,0005-02-08 11:15:00,5,2,8,11,15,750,11.0,PL DE LA NATION R FG SAI,,,Plein jour,En agglomération,Intersection en T,Normale,Autre collision,,,,,,,,,,,1,2,3,1,6
200500008799,0005-02-08 15:10:00,5,2,8,15,10,750,12.0,R DE CHARENTON R BRECHE,,,Plein jour,En agglomération,Intersection en T,Normale,Deux véhicules - côté,,,,,,,,,,,1,2,3,1,3
200500008800,0005-02-08 12:30:00,5,2,8,12,30,750,17.0,PL D ISRAEL AV DE WAGRAM,,,Plein jour,En agglomération,Intersection en X,Normale,Autre collision,,,,,,,,,,,1,2,2,1,6
200500008801,0005-02-08 21:05:00,5,2,8,21,5,750,17.0,PL PAUL LEAUTAUD BD BERT,,,Nuit avec éclairage allumé,En agglomération,Intersection en T,Normale,Deux véhicules - arrière,,,,,,,,,,,5,2,3,1,2
200500008802,0005-02-08 08:35:00,5,2,8,8,35,750,14.0,L7251 AV LUCIEN DESCAVES,,,Plein jour,En agglomération,Hors intersection,Normale,Deux véhicules - côté,,,,,,,,,,,1,2,1,1,3
200500008803,0005-02-08 09:15:00,5,2,8,9,15,750,14.0,BD BRUNE R H DE BOURNAZE,,,Plein jour,En agglomération,Intersection en T,Normale,Deux véhicules - côté,,,,,,,,,,,1,2,3,1,3
200500008804,0005-02-14 19:00:00,5,2,14,19,0,750,13.0,BPE IVRY GARE,,,Nuit avec éclairage allumé,En agglomération,Hors intersection,Normale,Deux véhicules - arrière,,,,,,,,,,,5,2,1,1,2
200500008805,0005-02-15 09:55:00,5,2,15,9,55,750,13.0,20 R NEUVE TOLBIAC,,,Plein jour,En agglomération,Hors intersection,Normale,Autre collision,,,,,,,,,,,1,2,1,1,6
200500008806,0005-02-15 10:15:00,5,2,15,10,15,750,16.0,QU LOUIS BLERIOT,,,Plein jour,En agglomération,Hors intersection,Temps couvert,Autre collision,,,,,,,,,,,1,2,1,8,6
200500008807,0005-02-15 15:30:00,5,2,15,15,30,750,7.0,R UNIVERSITE R CONSTANTI,,,Plein jour,En agglomération,Intersection en X,Normale,Trois véhicules et plus - collisions multiples,,,,,,,,,,,1,2,2,1,5
200500008808,0005-02-16 03:15:00,5,2,16,3,15,750,10.0,19 BD MAGENTA,,,Nuit avec éclairage allumé,En agglomération,Hors intersection,Normale,Autre collision,,,,,,,,,,,5,2,1,1,6
200500008809,0005-02-16 11:00:00,5,2,16,11,0,750,5.0,R MONGE R PUITS L ERMITE,,,Plein jour,En agglomération,Intersection en X,Normale,Deux véhicules - arrière,,,,,,,,,,,1,2,2,1,2
200500008810,0005-02-16 21:45:00,5,2,16,21,45,750,13.0,30R AMIRAL MOUCHEZ,,,Nuit avec éclairage allumé,En agglomération,Hors intersection,Normale,Autre collision,,,,,,,,,,,5,2,1,1,6
200500008811,0005-02-17 03:35:00,5,2,17,3,35,750,20.0,BD DAVOUT AV PTE DE MONT,,,Nuit avec éclairage allumé,En agglomération,Intersection en X,Normale,Deux véhicules - côté,,,,,,,,,,,5,2,2,1,3
200500008812,0005-02-17 05:35:00,5,2,17,5,35,750,16.0,BPE AUTEUIL MOLITOR,,,Nuit avec éclairage allumé,En agglomération,Hors intersection,Normale,Autre collision,,,,,,,,,,,5,2,1,1,6
200500008813,0005-02-18 12:06:00,5,2,18,12,6,750,20.0,6 AV GAMBETTA,,,Plein jour,En agglomération,Hors intersection,Normale,Autre collision,,,,,,,,,,,1,2,1,1,6
200500008814,0005-02-18 13:45:00,5,2,18,13,45,750,3.0,R DES QUATRE FILS R DES,,,Plein jour,En agglomération,Intersection en X,Normale,Deux véhicules - côté,,,,,,,,,,,1,2,2,1,3
200500008815,0005-02-02 09:10:00,5,2,2,9,10,750,15.0,R CAMBRONNE PL GENERAL B,,,Plein jour,En agglomération,Intersection en Y,Temps couvert,Sans collision,,,,,,,,,,,1,2,4,8,7
200500008816,0005-02-03 14:15:00,5,2,3,14,15,750,15.0,68 AV EMILE ZOLA,,,Plein jour,En agglomération,Hors intersection,Normale,Autre collision,,,,,,,,,,,1,2,1,1,6
200500008817,0005-02-07 09:50:00,5,2,7,9,50,750,1.0,R SAINT HONORE R DE MARE,,,Plein jour,En agglomération,Intersection en T,Normale,Deux véhicules - côté,,,,,,,,,,,1,2,3,1,3
200500008818,0005-02-08 09:50:00,5,2,8,9,50,750,18.0,93 R BELLIARD,,,Plein jour,En agglomération,Hors intersection,Normale,Autre collision,,,,,,,,,,,1,2,1,1,6
200500008819,0005-02-08 00:15:00,5,2,8,0,15,750,8.0,R PASQUIER R CHAUVEAU LA,,,Nuit avec éclairage allumé,En agglomération,Intersection en X,Normale,Deux véhicules - côté,,,,,,,,,,,5,2,2,1,3
200500008820,0005-02-08 15:00:00,5,2,8,15,0,750,8.0,AV CHAMPS ELYSEES AV DUT,,,Plein jour,En agglomération,Intersection en T,Normale,Autre collision,,,,,,,,,,,1,2,3,1,6
200500008821,0005-02-08 07:08:00,5,2,8,7,8,750,15.0,PL PTE VERSAILLES BD VIC,,,Crépuscule ou aube,En agglomération,Intersection en T,Normale,Autre collision,,,,,,,,,,,2,2,3,1,6
200500008822,0005-02-09 12:40:00,5,2,9,12,40,750,15.0,R ENTREPRENEURS R CROIX,,,Plein jour,En agglomération,Intersection en T,Normale,Autre collision,,,,,,,,,,,1,2,3,1,6
200500008823,0005-02-10 00:45:00,5,2,10,0,45,750,18.0,R DE LA CHAPELLE R ORDEN,,,Nuit avec éclairage allumé,En agglomération,Intersection en X,Normale,Deux véhicules - côté,,,,,,,,,,,5,2,2,1,3
200500008824,0005-02-17 16:45:00,5,2,17,16,45,750,14.0,68 R ALESIA,,,Plein jour,En agglomération,Hors intersection,Normale,Autre collision,,,,,,,,,,,1,2,1,1,6
200500008825,0005-02-19 04:29:00,5,2,19,4,29,750,16.0,AV PTE AUTEUIL AV G BENE,,,Nuit avec éclairage allumé,En agglomération,Intersection en X,Normale,Autre collision,,,,,,,,,,,5,2,2,1,6
200500008826,0005-02-20 13:00:00,5,2,20,13,0,750,1.0,30 QU DU LOUVRE,,,Plein jour,En agglomération,Hors intersection,Temps couvert,Autre collision,,,,,,,,,,,1,2,1,8,6
200500008827,0005-02-21 10:05:00,5,2,21,10,5,750,13.0,BD MASSENA R BRUNESEAU,,,Plein jour,En agglomération,Intersection en Y,Normale,Deux véhicules - côté,,,,,,,,,,,1,2,4,1,3
200500008828,0005-02-08 11:20:00,5,2,8,11,20,750,2.0,AV DE L OPERA R LOUIS LE,,,Plein jour,En agglomération,Intersection en X,Normale,Deux véhicules - côté,,,,,,,,,,,1,2,2,1,3
200500008829,0005-02-01 21:15:00,5,2,1,21,15,750,12.0,38 AV LEDRU ROLLIN,,,Nuit avec éclairage allumé,En agglomération,Hors intersection,Normale,Sans collision,,,,,,,,,,,5,2,1,1,7
200500008830,0005-02-03 13:45:00,5,2,3,13,45,750,13.0,R JULES BRETON BD SAINT,,,Plein jour,En agglomération,Intersection en T,Pluie légère,Deux véhicules - côté,,,,,,,,,,,1,2,3,2,3
200500008831,0005-02-03 09:40:00,5,2,3,9,40,750,13.0,BPE GENTILLY ITALIE,,,Plein jour,En agglomération,Hors intersection,Normale,Deux véhicules - côté,,,,,,,,,,,1,2,1,1,3
200500008832,0005-02-08 17:40:00,5,2,8,17,40,750,2.0,120 R D ABOUKIR,,,Crépuscule ou aube,En agglomération,Hors intersection,Normale,Trois véhicules et plus - collisions multiples,,,,,,,,,,,2,2,1,1,5
200500008833,0005-02-04 12:25:00,5,2,4,12,25,750,5.0,Q SAINT MICHEL PT SAINT,,,Plein jour,En agglomération,Intersection en T,Normale,Deux véhicules - côté,,,,,,,,,,,1,2,3,1,3
200500008834,0005-02-08 12:15:00,5,2,8,12,15,750,2.0,PL DE L OPERA R QUATRE S,,,Plein jour,En agglomération,Intersection en X,Normale,Deux véhicules - côté,,,,,,,,,,,1,2,2,1,3
200500008835,0005-02-05 18:55:00,5,2,5,18,55,750,5.0,BD SAINT MARCEL R DE LA,,,Nuit avec éclairage allumé,En agglomération,Intersection en T,Normale,Deux véhicules - côté,,,,,,,,,,,5,2,3,1,3
200500008836,0005-02-05 00:05:00,5,2,5,0,5,750,5.0,R CLOVIS R DESCARTES,,,Nuit avec éclairage allumé,En agglomération,Intersection en X,Normale,Deux véhicules - côté,,,,,,,,,,,5,2,2,1,3
200500008837,0005-02-07 15:15:00,5,2,7,15,15,750,10.0,BD DE STRASBOURG R GUSTA,,,Plein jour,En agglomération,Intersection en X,Normale,Autre collision,,,,,,,,,,,1,2,2,1,6
200500008838,0005-02-07 07:50:00,5,2,7,7,50,750,12.0,BPE DOREE ST MANDE,,,Plein jour,En agglomération,Hors intersection,Normale,Deux véhicules - côté,,,,,,,,,,,1,2,1,1,3
200500008839,0005-02-07 09:00:00,5,2,7,9,0,750,16.0,BPI POINT DU JOUR SAINT,,,Plein jour,En agglomération,Hors intersection,Normale,Sans collision,,,,,,,,,,,1,2,1,1,7
200500008840,0005-02-09 13:30:00,5,2,9,13,30,750,1.0,40 BD DE SEBASTOPOL,,,Plein jour,En agglomération,Hors intersection,Normale,Autre collision,,,,,,,,,,,1,2,1,1,6
200500008841,0005-02-09 21:00:00,5,2,9,21,0,750,2.0,R QUATRE SEPTEMBRE R DE,,,Nuit avec éclairage allumé,En agglomération,Intersection en X,Normale,Deux véhicules - côté,,,,,,,,,,,5,2,2,1,3
200500008842,0005-02-09 17:35:00,5,2,9,17,35,750,8.0,15 PL DE LA MADELEINE,,,Plein jour,En agglomération,Hors intersection,Normale,Autre collision,,,,,,,,,,,1,2,1,1,6
200500008843,0005-02-09 16:50:00,5,2,9,16,50,750,10.0,166 BD DE MAGENTA,,,Plein jour,En agglomération,Hors intersection,Normale,Deux véhicules - côté,,,,,,,,,,,1,2,1,1,3
200500008844,0005-02-08 11:25:00,5,2,8,11,25,750,8.0,122 BD HAUSSMANN,,,Plein jour,En agglomération,Hors intersection,Normale,Deux véhicules - arrière,,,,,,,,,,,1,2,1,1,2
200500008845,0005-02-08 16:20:00,5,2,8,16,20,750,13.0,AV D ITALIE R DU DOCTEUR,,,Plein jour,En agglomération,Intersection en T,Normale,Deux véhicules - côté,,,,,,,,,,,1,2,3,1,3
200500008846,0005-02-08 14:45:00,5,2,8,14,45,750,13.0,70 BD DE L HOPITAL,,,Plein jour,En agglomération,Hors intersection,Normale,Deux véhicules - côté,,,,,,,,,,,1,2,1,1,3
200500008847,0005-02-08 17:00:00,5,2,8,17,0,750,13.0,8 BD KELLERMANN,,,Plein jour,En agglomération,Hors intersection,Normale,Deux véhicules - côté,,,,,,,,,,,1,2,1,1,3
200500008848,0005-02-08 05:20:00,5,2,8,5,20,750,15.0,BPE SEVRES PLAINE,,,Nuit avec éclairage allumé,En agglomération,Hors intersection,Normale,Deux véhicules - arrière,,,,,,,,,,,5,2,1,1,2
200500008849,0005-02-08 12:40:00,5,2,8,12,40,750,16.0,AV GRANDE ARMEE R D ARGE,,,Plein jour,En agglomération,Intersection en T,Normale,Deux véhicules - arrière,,,,,,,,,,,1,2,3,1,2
200500008850,0005-02-09 15:35:00,5,2,9,15,35,750,10.0,R LA FAYETTE PL FRANZ LI,,,Plein jour,En agglomération,Intersection en T,Normale,Deux véhicules - côté,,,,,,,,,,,1,2,3,1,3
200500008851,0005-02-08 15:00:00,5,2,8,15,0,750,16.0,R DE LA POMPE R DECAMPS,,,Plein jour,En agglomération,Intersection en Y,Normale,Autre collision,,,,,,,,,,,1,2,4,1,6
200500008852,0005-02-09 19:15:00,5,2,9,19,15,750,11.0,7 PL LEON BLUM,,,Nuit avec éclairage allumé,En agglomération,Hors intersection,Normale,Autre collision,,,,,,,,,,,5,2,1,1,6
200500008853,0005-02-08 12:35:00,5,2,8,12,35,750,16.0,R BENJ FRANKLIN PL DU TR,,,Plein jour,En agglomération,Intersection en T,Normale,Deux véhicules - arrière,,,,,,,,,,,1,2,3,1,2
200500008854,0005-02-08 10:25:00,5,2,8,10,25,750,16.0,RTE DAUPHINE SABLONS ALL,,,Plein jour,En agglomération,Intersection en X,Normale,Deux véhicules - côté,,,,,,,,,,,1,2,2,1,3
200500008855,0005-02-09 19:45:00,5,2,9,19,45,750,12.0,PL FELIX EBOUE AV DAUMES,,,Nuit avec éclairage allumé,En agglomération,Intersection en T,Normale,Deux véhicules - côté,,,,,,,,,,,5,2,3,1,3
200500008856,0005-02-08 15:50:00,5,2,8,15,50,750,19.0,PL AUGUSTE BARON ECH  VI,,,Plein jour,En agglomération,Intersection en T,Normale,Deux véhicules - arrière,,,,,,,,,,,1,2,3,1,2
200500008857,0005-02-09 12:25:00,5,2,9,12,25,750,12.0,18 BD SOULT,,,Plein jour,En agglomération,Hors intersection,Normale,Autre collision,,,,,,,,,,,1,2,1,1,6
200500008858,0005-02-09 16:25:00,5,2,9,16,25,750,13.0,2 PL D ITALIE,,,Plein jour,En agglomération,Hors intersection,Normale,Autre collision,,,,,,,,,,,1,2,1,1,6
200500008859,0005-02-09 09:55:00,5,2,9,9,55,750,13.0,BD KELLERMANN R GOUTHIER,,,Plein jour,En agglomération,Intersection en T,Normale,Deux véhicules - côté,,,,,,,,,,,1,2,3,1,3
200500008860,0005-02-09 19:40:00,5,2,9,19,40,750,15.0,L9614 R P DU PONT MIRABE,,,Nuit avec éclairage allumé,En agglomération,Hors intersection,Normale,Autre collision,,,,,,,,,,,5,2,1,1,6
200500008861,0005-02-09 12:15:00,5,2,9,12,15,750,20.0,R DE BELLEVILLE R JOUYE,,,Plein jour,En agglomération,Intersection en T,Normale,Deux véhicules - côté,,,,,,,,,,,1,2,3,1,3
200500008862,0005-02-10 10:05:00,5,2,10,10,5,750,2.0,R REAUMUR R SAINT DENIS,,,Plein jour,En agglomération,Intersection en X,Temps couvert,Deux véhicules - côté,,,,,,,,,,,1,2,2,8,3
200500008863,0005-02-22 03:40:00,5,2,22,3,40,750,17.0,BPI CHAMPERRET ASNIERES,,,Nuit avec éclairage allumé,En agglomération,Hors intersection,Normale,Autre collision,,,,,,,,,,,5,2,1,1,6
200500008864,0005-02-10 17:35:00,5,2,10,17,35,750,6.0,R DE RENNES R DE MEZIERE,,,Plein jour,En agglomération,Intersection en T,Normale,Autre collision,,,,,,,,,,,1,2,3,1,6
200500008865,0005-02-10 21:00:00,5,2,10,21,0,750,7.0,26 R CLER,,,Nuit avec éclairage allumé,En agglomération,Hors intersection,Normale,Autre collision,,,,,,,,,,,5,2,1,1,6
200500008866,0005-02-10 13:55:00,5,2,10,13,55,750,8.0,AV DE MARIGNY AV GABRIEL,,,Plein jour,En agglomération,Intersection en X,Normale,Sans collision,,,,,,,,,,,1,2,2,1,7
200500008867,0005-02-10 14:28:00,5,2,10,14,28,750,9.0,47 BD DE CLICHY,,,Plein jour,En agglomération,Hors intersection,Normale,Autre collision,,,,,,,,,,,1,2,1,1,6
200500008868,0005-02-10 16:21:00,5,2,10,16,21,750,10.0,244 R FG SAINT MARTIN,,,Plein jour,En agglomération,Hors intersection,Temps couvert,Sans collision,,,,,,,,,,,1,2,1,8,7
200500008869,0005-02-10 09:45:00,5,2,10,9,45,750,10.0,116 BD DE MAGENTA,,,Plein jour,En agglomération,Hors intersection,Normale,Autre collision,,,,,,,,,,,1,2,1,1,6
200500008870,0005-02-10 09:35:00,5,2,10,9,35,750,11.0,94 AV LEDRU ROLLIN,,,Plein jour,En agglomération,Hors intersection,Normale,Deux véhicules - côté,,,,,,,,,,,1,2,1,1,3
200500008871,0005-02-10 08:35:00,5,2,10,8,35,750,13.0,Q DE LA GARE R RAYMOND A,,,Plein jour,En agglomération,Intersection en T,Normale,Autre collision,,,,,,,,,,,1,2,3,1,6
200500008872,0005-02-10 10:00:00,5,2,10,10,0,750,14.0,AV DU MAINE R MAISON BLE,,,Plein jour,En agglomération,Intersection en T,Normale,Deux véhicules - côté,,,,,,,,,,,1,2,3,1,3
200500008873,0005-02-10 11:00:00,5,2,10,11,0,750,14.0,AV OBSERVATOIRE R HENRI,,,Plein jour,En agglomération,Intersection en Y,Normale,Deux véhicules - côté,,,,,,,,,,,1,2,4,1,3
200500008874,0005-02-10 13:05:00,5,2,10,13,5,750,16.0,RTE DAUPHINE SABLONS ALL,,,Plein jour,En agglomération,Intersection en X,Normale,Deux véhicules - côté,,,,,,,,,,,1,2,2,1,3
200500008875,0005-02-10 15:00:00,5,2,10,15,0,750,16.0,L14578 RTE SEVRES A NEUI,,,Plein jour,En agglomération,Hors intersection,Normale,Deux véhicules - arrière,,,,,,,,,,,1,2,1,1,2
200500008876,0005-02-10 09:45:00,5,2,10,9,45,750,16.0,CHS MUETTE AV MOZART,,,Plein jour,En agglomération,Intersection à plus de 4 branches,Normale,Deux véhicules - côté,,,,,,,,,,,1,2,5,1,3
200500008877,0005-02-10 14:40:00,5,2,10,14,40,750,17.0,22 AV PORTE D ASNIERES,,,Plein jour,En agglomération,Hors intersection,Normale,Autre collision,,,,,,,,,,,1,2,1,1,6
200500008878,0005-02-10 08:45:00,5,2,10,8,45,750,17.0,28 AV DE CLICHY,,,Plein jour,En agglomération,Hors intersection,Normale,Sans collision,,,,,,,,,,,1,2,1,1,7
200500008879,0005-02-10 08:10:00,5,2,10,8,10,750,17.0,142 BD BERTHIER,,,Plein jour,En agglomération,Hors intersection,Normale,Autre collision,,,,,,,,,,,1,2,1,1,6
200500008880,0005-02-10 15:50:00,5,2,10,15,50,750,19.0,R RIQUET R DE TANGER,,,Plein jour,En agglomération,Intersection en X,Normale,Autre collision,,,,,,,,,,,1,2,2,1,6
200500008881,0005-02-10 23:30:00,5,2,10,23,30,750,19.0,BD D INDOCHINE AV PORTE,,,Nuit avec éclairage allumé,En agglomération,Intersection en X,Normale,Deux véhicules - côté,,,,,,,,,,,5,2,2,1,3
200500008882,0005-02-11 10:30:00,5,2,11,10,30,750,2.0,28 BD POISSONNIERE,,,Plein jour,En agglomération,Hors intersection,Pluie légère,Sans collision,,,,,,,,,,,1,2,1,2,7
200500008883,0005-02-11 14:50:00,5,2,11,14,50,750,4.0,BRETELLE SORTIE VERD,,,Plein jour,En agglomération,Intersection en T,Pluie légère,Sans collision,,,,,,,,,,,1,2,3,2,7
200500008884,0005-02-11 01:40:00,5,2,11,1,40,750,6.0,272 BD RASPAIL,,,Nuit avec éclairage allumé,En agglomération,Hors intersection,Pluie légère,Sans collision,,,,,,,,,,,5,2,1,2,7
200500008885,0005-02-11 14:20:00,5,2,11,14,20,750,7.0,24 R COGNACQ JAY,,,Plein jour,En agglomération,Hors intersection,Pluie légère,Deux véhicules - côté,,,,,,,,,,,1,2,1,2,3
200500008886,0005-02-11 12:46:00,5,2,11,12,46,750,8.0,24 BD MALESHERBES,,,Plein jour,En agglomération,Hors intersection,Pluie légère,Deux véhicules - côté,,,,,,,,,,,1,2,1,2,3
200500008887,0005-02-11 00:48:00,5,2,11,0,48,750,8.0,PL DE L ALMA AV PRESIDEN,,,Nuit avec éclairage allumé,En agglomération,Intersection à plus de 4 branches,Pluie légère,Deux véhicules - côté,,,,,,,,,,,5,2,5,2,3
200500008888,0005-02-11 04:31:00,5,2,11,4,31,750,8.0,15 AV DE FRIEDLAND,,,Nuit avec éclairage allumé,En agglomération,Hors intersection,Pluie légère,Autre collision,,,,,,,,,,,5,2,1,2,6
200500008889,0005-02-22 19:00:00,5,2,22,19,0,750,8.0,R FG ST HONORE R LA BOET,,,Nuit avec éclairage allumé,En agglomération,Intersection en X,Normale,Deux véhicules - frontale,,,,,,,,,,,5,2,2,1,1
200500008890,0005-02-25 01:40:00,5,2,25,1,40,750,1.0,QU DES TUILERIES,,,Nuit avec éclairage allumé,En agglomération,Hors intersection,Normale,Trois véhicules et plus - en chaîne,,,,,,,,,,,5,2,1,1,4
200500008891,0005-02-25 02:50:00,5,2,25,2,50,750,12.0,L9975 AV SAINT MAURICE,,,Nuit avec éclairage allumé,En agglomération,Hors intersection,Neige / grêle,Deux véhicules - frontale,,,,,,,,,,,5,2,1,4,1
200500008892,0005-02-11 10:45:00,5,2,11,10,45,750,11.0,60 R FG SAINT ANTOINE,,,Plein jour,En agglomération,Hors intersection,Pluie légère,Autre collision,,,,,,,,,,,1,2,1,2,6
200500008893,0005-02-11 16:20:00,5,2,11,16,20,750,11.0,40 AV DE LA REPUBLIQUE,,,Plein jour,En agglomération,Hors intersection,Normale,Autre collision,,,,,,,,,,,1,2,1,1,6
200500008894,0005-02-11 21:30:00,5,2,11,21,30,750,12.0,32 R CHALIGNY,,,Nuit avec éclairage allumé,En agglomération,Hors intersection,Pluie légère,Deux véhicules - côté,,,,,,,,,,,5,2,1,2,3
200500008895,0005-02-11 09:55:00,5,2,11,9,55,750,13.0,174 AV DE FRANCE,,,Plein jour,En agglomération,Hors intersection,Pluie légère,Sans collision,,,,,,,,,,,1,2,1,2,7
200500008896,0005-02-11 19:40:00,5,2,11,19,40,750,13.0,R DE TOLBIAC R CHARLES M,,,Nuit avec éclairage allumé,En agglomération,Intersection en Y,Normale,Autre collision,,,,,,,,,,,5,2,4,1,6
200500008897,0005-02-11 09:15:00,5,2,11,9,15,750,13.0,1 R J BAPT BERLIER,,,Plein jour,En agglomération,Hors intersection,Pluie légère,Deux véhicules - arrière,,,,,,,,,,,1,2,1,2,2
200500008898,0005-02-11 20:10:00,5,2,11,20,10,750,16.0,52 R DE LA POMPE,,,Nuit avec éclairage allumé,En agglomération,Hors intersection,Pluie légère,Deux véhicules - côté,,,,,,,,,,,5,2,1,2,3
200500008899,0005-02-11 08:00:00,5,2,11,8,0,750,16.0,AV F BUISSON AV EDOUARD,,,Crépuscule ou aube,En agglomération,Intersection en Y,Pluie légère,Autre collision,,,,,,,,,,,2,2,4,2,6
200500008900,0005-02-11 03:05:00,5,2,11,3,5,750,16.0,AV DE VERSAILLES R VAN L,,,Nuit avec éclairage allumé,En agglomération,Intersection en T,Pluie légère,Deux véhicules - côté,,,,,,,,,,,5,2,3,2,3
200500008901,0005-02-11 09:15:00,5,2,11,9,15,750,16.0,L5714 AV PORTE D AUTEUIL,,,Plein jour,En agglomération,Hors intersection,Temps couvert,Autre collision,,,,,,,,,,,1,2,1,8,6
200500008902,0005-02-11 20:00:00,5,2,11,20,0,750,16.0,2 R DE REMUSAT,,,Nuit avec éclairage allumé,En agglomération,Hors intersection,Normale,Autre collision,,,,,,,,,,,5,2,1,1,6
200500008903,0005-02-11 11:00:00,5,2,11,11,0,750,17.0,46 BD BESSIERES,,,Plein jour,En agglomération,Hors intersection,Temps couvert,Sans collision,,,,,,,,,,,1,2,1,8,7
200500008904,0005-02-11 09:40:00,5,2,11,9,40,750,17.0,AV NIEL R LAUGIER,,,Plein jour,En agglomération,Intersection en X,Pluie légère,Deux véhicules - côté,,,,,,,,,,,1,2,2,2,3
200500008905,0005-02-11 00:42:00,5,2,11,0,42,750,17.0,10 AV PORTE DE CLICHY,,,Nuit avec éclairage allumé,En agglomération,Hors intersection,Pluie légère,Autre collision,,,,,,,,,,,5,2,1,2,6
200500008906,0005-02-11 11:30:00,5,2,11,11,30,750,19.0,L9282 RTE DES PETITS PON,,,Plein jour,En agglomération,Hors intersection,Normale,Autre collision,,,,,,,,,,,1,2,1,1,6
200500008907,0005-02-11 18:05:00,5,2,11,18,5,750,19.0,180 BD LA VILLETTE,,,Crépuscule ou aube,En agglomération,Hors intersection,Temps couvert,Deux véhicules - côté,,,,,,,,,,,2,2,1,8,3
200500008908,0005-02-12 01:45:00,5,2,12,1,45,750,1.0,2 Q DE LA MEGISSERIE,,,Nuit avec éclairage allumé,En agglomération,Hors intersection,Pluie légère,Deux véhicules - arrière,,,,,,,,,,,5,2,1,2,2
200500008909,0005-02-12 13:30:00,5,2,12,13,30,750,3.0,R DES GRAVILLIERS R BEAU,,,Plein jour,En agglomération,Intersection en X,Pluie légère,Deux véhicules - côté,,,,,,,,,,,1,2,2,2,3
200500008910,0005-02-26 17:40:00,5,2,26,17,40,750,9.0,18 BD DES ITALIENS,,,Plein jour,En agglomération,Hors intersection,Normale,Deux véhicules - côté,,,,,,,,,,,1,2,1,1,3
200500008911,0005-02-12 12:00:00,5,2,12,12,0,750,6.0,2 PL EDMOND ROSTAND,,,Plein jour,En agglomération,Hors intersection,Pluie légère,Autre collision,,,,,,,,,,,1,2,1,2,6
200500008912,0005-02-12 18:25:00,5,2,12,18,25,750,8.0,24 AV HOCHE,,,Nuit avec éclairage allumé,En agglomération,Hors intersection,Normale,Deux véhicules - côté,,,,,,,,,,,5,2,1,1,3
200500008913,0005-02-12 06:15:00,5,2,12,6,15,750,10.0,26 BD DE STRASBOURG,,,Crépuscule ou aube,En agglomération,Hors intersection,Normale,Deux véhicules - côté,,,,,,,,,,,2,2,1,1,3
200500008914,0005-02-12 10:59:00,5,2,12,10,59,750,12.0,R GEN DE L DE CARY R ROB,,,Plein jour,En agglomération,Intersection en Y,Normale,Deux véhicules - côté,,,,,,,,,,,1,2,4,1,3
200500008915,0005-02-12 17:10:00,5,2,12,17,10,750,13.0,BD MASSENA R BRUNESEAU,,,Plein jour,En agglomération,Intersection en Y,Normale,Trois véhicules et plus - en chaîne,,,,,,,,,,,1,2,4,1,4
200500008916,0005-02-12 11:35:00,5,2,12,11,35,750,13.0,26 R DAVIEL,,,Plein jour,En agglomération,Hors intersection,Pluie légère,Autre collision,,,,,,,,,,,1,2,1,2,6
200500008917,0005-02-12 18:00:00,5,2,12,18,0,750,14.0,86 R AMIRAL MOUCHEZ,,,Nuit avec éclairage allumé,En agglomération,Hors intersection,Normale,Autre collision,,,,,,,,,,,5,2,1,1,6
200500008918,0005-02-12 15:30:00,5,2,12,15,30,750,16.0,ALL DE LONGCHAMP RTE MUE,,,Plein jour,En agglomération,Intersection en X,Normale,Deux véhicules - arrière,,,,,,,,,,,1,2,2,1,2
200500008919,0005-02-12 03:30:00,5,2,12,3,30,750,16.0,56 R RAYNOUARD,,,Nuit avec éclairage allumé,En agglomération,Hors intersection,Normale,Deux véhicules - côté,,,,,,,,,,,5,2,1,1,3
200500008920,0005-02-12 10:15:00,5,2,12,10,15,750,18.0,R ORDENER R LEON,,,Plein jour,En agglomération,Intersection en T,Pluie légère,Autre collision,,,,,,,,,,,1,2,3,2,6
200500008921,0005-02-12 20:05:00,5,2,12,20,5,750,18.0,136 BD DE CLICHY,,,Nuit avec éclairage allumé,En agglomération,Hors intersection,Normale,Autre collision,,,,,,,,,,,5,2,1,1,6
200500008922,0005-02-13 00:20:00,5,2,13,0,20,750,4.0,BD DE SEBASTOPOL R RAMBU,,,Nuit avec éclairage allumé,En agglomération,Intersection en X,Normale,Deux véhicules - arrière,,,,,,,,,,,5,2,2,1,2
200500008923,0005-02-13 05:35:00,5,2,13,5,35,750,4.0,L4808 VERD PT MARIE PT S,,,Nuit avec éclairage allumé,En agglomération,Hors intersection,Pluie légère,Autre collision,,,,,,,,,,,5,2,1,2,6
200500008924,0005-02-13 01:00:00,5,2,13,1,0,750,6.0,R DE RENNES BD RASPAIL,,,Nuit avec éclairage allumé,En agglomération,Intersection en X,Normale,Autre collision,,,,,,,,,,,5,2,2,1,6