accident_id,datetime,annee,mois,jour,heure,minute,departement,commune_insee,adresse,latitude,longitude,luminosite,agglomeration,intersection,meteo,collision,nb_vehicules,nb_usagers,nb_indemnes,nb_tues,nb_blesses_hosp,nb_blesses_legers,age_cond_1,age_cond_2,veh_type_cond_1,veh_type_cond_2,lum_code,agg_code,int_code,atm_code,col_code
200500008925,0005-02-13 16:05:00,5,2,13,16,5,750,6.0,R D ASSAS R DE RENNES,,,Plein jour,En agglomération,Intersection en X,Temps couvert,Autre collision,,,,,,,,,,,1,2,2,8,6
200500008926,0005-02-13 16:15:00,5,2,13,16,15,750,7.0,R DUROC R GENERAL BERTRA,,,Plein jour,En agglomération,Intersection en X,Temps couvert,Trois véhicules et plus - collisions multiples,,,,,,,,,,,1,2,2,8,5
200500008927,0005-02-13 12:00:00,5,2,13,12,0,750,8.0,L3595 CRS LA REINE,,,Plein jour,En agglomération,Hors intersection,Pluie légère,Sans collision,,,,,,,,,,,1,2,1,2,7
200500008928,0005-02-13 16:20:00,5,2,13,16,20,750,11.0,PL DE LA REPUBLIQUE R DU,,,Plein jour,En agglomération,Place,Pluie légère,Deux véhicules - côté,,,,,,,,,,,1,2,7,2,3
200500008929,0005-02-13 06:50:00,5,2,13,6,50,750,16.0,AV RAPHAEL AV PRUDHON,,,Nuit avec éclairage allumé,En agglomération,Intersection en Y,Normale,Autre collision,,,,,,,,,,,5,2,4,1,6
200500008930,0005-02-13 07:20:00,5,2,13,7,20,750,16.0,L7142 ALL REINE MARGUERI,,,Crépuscule ou aube,En agglomération,Hors intersection,Normale,Autre collision,,,,,,,,,,,2,2,1,1,6
200500008931,0005-02-13 08:15:00,5,2,13,8,15,750,16.0,ECH MAILLOT R J ET M HAC,,,Plein jour,En agglomération,Intersection en Y,Normale,Deux véhicules - côté,,,,,,,,,,,1,2,4,1,3
200500008932,0005-02-13 11:50:00,5,2,13,11,50,750,16.0,6 BD SUCHET,,,Plein jour,En agglomération,Hors intersection,Normale,Sans collision,,,,,,,,,,,1,2,1,1,7
200500008933,0005-02-28 10:45:00,5,2,28,10,45,750,8.0,70 AV MARCEAU,,,Plein jour,En agglomération,Hors intersection,Normale,Autre collision,,,,,,,,,,,1,2,1,1,6
200500008934,0005-02-13 21:35:00,5,2,13,21,35,750,17.0,BD DU FORT DE VAUX,,,Nuit avec éclairage allumé,En agglomération,Hors intersection,Normale,Autre collision,,,,,,,,,,,5,2,1,1,6
200500008935,0005-02-13 00:37:00,5,2,13,0,37,750,18.0,BD NEY BD ORNANO,,,Nuit avec éclairage allumé,En agglomération,Intersection en X,Vent fort / tempête,Deux véhicules - côté,,,,,,,,,,,5,2,2,6,3
200500008936,0005-02-13 15:20:00,5,2,13,15,20,750,18.0,R TOURLAQUE R CAULAINCOU,,,Plein jour,En agglomération,Intersection en X,Normale,Autre collision,,,,,,,,,,,1,2,2,1,6
200500008937,0005-02-14 14:10:00,5,2,14,14,10,750,6.0,6 R VIEUX COLOMBIER,,,Plein jour,En agglomération,Hors intersection,Normale,Deux véhicules - côté,,,,,,,,,,,1,2,1,1,3
200500008938,0005-02-14 13:00:00,5,2,14,13,0,750,6.0,R DE SEVRES R DU CHERCHE,,,Plein jour,En agglomération,Intersection à plus de 4 branches,Normale,Deux véhicules - arrière,,,,,,,,,,,1,2,5,1,2
200500008939,0005-02-14 19:45:00,5,2,14,19,45,750,6.0,R SAINT SULPICE R GARANC,,,Nuit avec éclairage allumé,En agglomération,Intersection en T,Vent fort / tempête,Sans collision,,,,,,,,,,,5,2,3,6,7
200500008940,0005-02-14 09:45:00,5,2,14,9,45,750,7.0,6 BD DES INVALIDES,,,Plein jour,En agglomération,Hors intersection,Normale,Autre collision,,,,,,,,,,,1,2,1,1,6
200500008941,0005-02-14 15:05:00,5,2,14,15,5,750,7.0,48 BD DES INVALIDES,,,Plein jour,En agglomération,Hors intersection,Normale,Deux véhicules - côté,,,,,,,,,,,1,2,1,1,3
200500008942,0005-02-14 20:30:00,5,2,14,20,30,750,11.0,56 R DE MALTE,,,Nuit avec éclairage allumé,En agglomération,Hors intersection,Normale,Autre collision,,,,,,,,,,,5,2,1,1,6
200500008943,0005-02-14 23:10:00,5,2,14,23,10,750,12.0,R FG SAINT ANTOINE AV LE,,,Nuit avec éclairage allumé,En agglomération,Intersection en T,Pluie légère,Deux véhicules - côté,,,,,,,,,,,5,2,3,2,3
200500008944,0005-02-14 11:10:00,5,2,14,11,10,750,14.0,AV GENERAL LECLERC R BRE,,,Plein jour,En agglomération,Intersection en T,Normale,Deux véhicules - côté,,,,,,,,,,,1,2,3,1,3
200500008945,0005-02-14 16:00:00,5,2,14,16,0,750,15.0,PL 5 MARTYRS BUFFON R DU,,,Plein jour,En agglomération,Place,Normale,Deux véhicules - côté,,,,,,,,,,,1,2,7,1,3
200500008946,0005-02-14 13:05:00,5,2,14,13,5,750,16.0,168 AV VICTOR HUGO,,,Plein jour,En agglomération,Hors intersection,Normale,Autre collision,,,,,,,,,,,1,2,1,1,6
200500008947,0005-02-15 05:40:00,5,2,15,5,40,750,16.0,92 AV DE VERSAILLES,,,Nuit avec éclairage allumé,En agglomération,Hors intersection,Normale,Autre collision,,,,,,,,,,,5,2,1,1,6
200500008948,0005-02-15 13:00:00,5,2,15,13,0,750,1.0,222 R DE RIVOLI,,,Plein jour,En agglomération,Hors intersection,Normale,Deux véhicules - côté,,,,,,,,,,,1,2,1,1,3
200500008949,0005-02-15 16:50:00,5,2,15,16,50,750,6.0,R DE RENNES R VIEUX COLO,,,Plein jour,En agglomération,Intersection en X,Normale,Deux véhicules - côté,,,,,,,,,,,1,2,2,1,3
200500008950,0005-02-15 11:00:00,5,2,15,11,0,750,11.0,PL LEON BLUM AV PARMENTI,,,Plein jour,En agglomération,Intersection en T,Normale,Autre collision,,,,,,,,,,,1,2,3,1,6
200500008951,0005-02-15 00:35:00,5,2,15,0,35,750,17.0,BD PEREIRE R RENNEQUIN,,,Nuit avec éclairage allumé,En agglomération,Intersection en X,Pluie légère,Deux véhicules - côté,,,,,,,,,,,5,2,2,2,3
200500008952,0005-02-15 04:18:00,5,2,15,4,18,750,17.0,68 BD BESSIERES,,,Nuit avec éclairage allumé,En agglomération,Hors intersection,Pluie légère,Autre collision,,,,,,,,,,,5,2,1,2,6
200500008953,0005-02-15 10:10:00,5,2,15,10,10,750,17.0,BD DE DOUAUMONT,,,Plein jour,En agglomération,Hors intersection,Normale,Deux véhicules - arrière,,,,,,,,,,,1,2,1,1,2
200500008954,0005-02-08 20:30:00,5,2,8,20,30,750,17.0,BPI CLICHY SAINT OUEN,,,Nuit avec éclairage allumé,En agglomération,Hors intersection,Normale,Deux véhicules - arrière,,,,,,,,,,,5,2,1,1,2
200500008955,0005-02-09 23:05:00,5,2,9,23,5,750,15.0,BPE SEVRES PLAINE,,,Nuit avec éclairage allumé,En agglomération,Hors intersection,Normale,Autre collision,,,,,,,,,,,5,2,1,1,6
200500008956,0005-02-09 15:00:00,5,2,9,15,0,750,20.0,96 R DE BELLEVILLE,,,Plein jour,En agglomération,Hors intersection,Normale,Deux véhicules - côté,,,,,,,,,,,1,2,1,1,3
200500008957,0005-02-10 18:52:00,5,2,10,18,52,750,20.0,R DE BAGNOLET R PELLEPOR,,,Crépuscule ou aube,En agglomération,Intersection en T,Normale,Deux véhicules - côté,,,,,,,,,,,2,2,3,1,3
200500008958,0005-02-10 18:05:00,5,2,10,18,5,750,19.0,BPI PANTIN PRES SAINT GE,,,Nuit avec éclairage allumé,En agglomération,Hors intersection,Normale,Deux véhicules - côté,,,,,,,,,,,5,2,1,1,3
200500008959,0005-02-10 03:05:00,5,2,10,3,5,750,5.0,R CARDINAL LEMOINE R MON,,,Nuit avec éclairage allumé,En agglomération,Intersection en X,Normale,Autre collision,,,,,,,,,,,5,2,2,1,6
200500008960,0005-02-10 16:40:00,5,2,10,16,40,750,20.0,R SORBIER R DE MENILMONT,,,Plein jour,En agglomération,Intersection en T,Normale,Autre collision,,,,,,,,,,,1,2,3,1,6
200500008961,0005-02-11 12:20:00,5,2,11,12,20,750,5.0,R SAINT JACQUES BD DE PO,,,Plein jour,En agglomération,Intersection en T,Normale,Deux véhicules - côté,,,,,,,,,,,1,2,3,1,3
200500008962,0005-02-11 08:14:00,5,2,11,8,14,750,12.0,42 AV DAUMESNIL,,,Plein jour,En agglomération,Hors intersection,Pluie légère,Autre collision,,,,,,,,,,,1,2,1,2,6
200500008963,0005-02-11 07:35:00,5,2,11,7,35,750,12.0,R DE CHARENTON BD DE BER,,,Crépuscule ou aube,En agglomération,Intersection en X,Pluie légère,Deux véhicules - côté,,,,,,,,,,,2,2,2,2,3
200500008964,0005-02-11 13:40:00,5,2,11,13,40,750,15.0,10 R DE JAVEL,,,Plein jour,En agglomération,Hors intersection,Pluie légère,Deux véhicules - côté,,,,,,,,,,,1,2,1,2,3
200500008965,0005-02-11 18:22:00,5,2,11,18,22,750,20.0,48 AV GAMBETTA,,,Crépuscule ou aube,En agglomération,Hors intersection,Pluie légère,Autre collision,,,,,,,,,,,2,2,1,2,6
200500008966,0005-02-11 16:30:00,5,2,11,16,30,750,20.0,BPI BAGNOLET MONTREUIL,,,Plein jour,En agglomération,Hors intersection,Normale,Sans collision,,,,,,,,,,,1,2,1,1,7
200500008967,0005-02-12 15:25:00,5,2,12,15,25,750,20.0,AV GAMBETTA R DES PRUNIE,,,Plein jour,En agglomération,Intersection en T,Pluie légère,Sans collision,,,,,,,,,,,1,2,3,2,7
200500008968,0005-02-13 13:29:00,5,2,13,13,29,750,20.0,R DE BAGNOLET R DE LA PY,,,Plein jour,En agglomération,Intersection en T,Pluie légère,Autre collision,,,,,,,,,,,1,2,3,2,6
200500008969,0005-02-14 12:40:00,5,2,14,12,40,750,8.0,R DE COURCELLES BD HAUSS,,,Plein jour,En agglomération,Intersection en X,Normale,Autre collision,,,,,,,,,,,1,2,2,1,6
200500008970,0005-02-14 20:20:00,5,2,14,20,20,750,8.0,AV MONTAIGNE R BAYARD,,,Nuit avec éclairage allumé,En agglomération,Intersection en T,Pluie légère,Autre collision,,,,,,,,,,,5,2,3,2,6
200500008971,0005-02-14 14:40:00,5,2,14,14,40,750,8.0,AV HOCHE R BEAUJON,,,Plein jour,En agglomération,Intersection en X,Normale,Autre collision,,,,,,,,,,,1,2,2,1,6
200500008972,0005-02-14 08:25:00,5,2,14,8,25,750,10.0,BD DE MAGENTA R LA FAYET,,,Plein jour,En agglomération,Intersection en X,Normale,Autre collision,,,,,,,,,,,1,2,2,1,6
200500008973,0005-02-14 15:00:00,5,2,14,15,0,750,10.0,PL BT DE STALINGRAD BD L,,,Plein jour,En agglomération,Intersection en X,Normale,Deux véhicules - côté,,,,,,,,,,,1,2,2,1,3
200500008974,0005-02-14 09:10:00,5,2,14,9,10,750,10.0,10 R JEAN POULMARCH,,,Plein jour,En agglomération,Hors intersection,Normale,Autre collision,,,,,,,,,,,1,2,1,1,6
200500008975,0005-02-14 14:10:00,5,2,14,14,10,750,12.0,BD PONIATOWSKI PL DU CAL,,,Plein jour,En agglomération,Intersection en X,Normale,Deux véhicules - côté,,,,,,,,,,,1,2,2,1,3
200500008976,0005-02-14 12:30:00,5,2,14,12,30,750,19.0,196 R DE CRIMEE,,,Plein jour,En agglomération,Hors intersection,Normale,Autre collision,,,,,,,,,,,1,2,1,1,6
200500008977,0005-02-14 22:30:00,5,2,14,22,30,750,20.0,R D AVRON BD DAVOUT,,,Nuit avec éclairage allumé,En agglomération,Intersection en T,Normale,Deux véhicules - côté,,,,,,,,,,,5,2,3,1,3
200500008978,0005-02-15 16:55:00,5,2,15,16,55,750,10.0,12 PL DE LA REPUBLIQUE,,,Plein jour,En agglomération,Hors intersection,Pluie légère,Deux véhicules - arrière,,,,,,,,,,,1,2,1,2,2
200500008979,0005-02-15 16:45:00,5,2,15,16,45,750,8.0,L5237 VERD PT ALMA PT IN,,,Plein jour,En agglomération,Hors intersection,Normale,Autre collision,,,,,,,,,,,1,2,1,1,6
200500008980,0005-02-15 09:55:00,5,2,15,9,55,750,16.0,AV HIPPODROME CHE CEINTU,,,Plein jour,En agglomération,Intersection en X,Normale,Deux véhicules - côté,,,,,,,,,,,1,2,2,1,3
200500008981,0005-02-15 11:50:00,5,2,15,11,50,750,16.0,VERD PT GRENELLE PT BIR,,,Plein jour,En agglomération,Hors intersection,Normale,Deux véhicules - arrière,,,,,,,,,,,1,2,1,1,2
200500008982,0005-02-15 02:00:00,5,2,15,2,0,750,2.0,BD DE SEBASTOPOL R ETIEN,,,Nuit avec éclairage allumé,En agglomération,Intersection en T,Pluie légère,Autre collision,,,,,,,,,,,5,2,3,2,6
200500008983,0005-02-15 11:40:00,5,2,15,11,40,750,12.0,38 R DE REUILLY,,,Plein jour,En agglomération,Hors intersection,Temps couvert,Autre collision,,,,,,,,,,,1,2,1,8,6
200500008984,0005-02-16 12:05:00,5,2,16,12,5,750,1.0,50 R DU LOUVRE,,,Plein jour,En agglomération,Hors intersection,Normale,Autre collision,,,,,,,,,,,1,2,1,1,6
200500008985,0005-02-16 16:00:00,5,2,16,16,0,750,1.0,BD DE SEBASTOPOL R DE RI,,,Plein jour,En agglomération,Intersection en X,Normale,Autre collision,,,,,,,,,,,1,2,2,1,6
200500008986,0005-02-16 18:25:00,5,2,16,18,25,750,2.0,BD DE SEBASTOPOL R DU CA,,,Plein jour,En agglomération,Intersection en T,Normale,Deux véhicules - côté,,,,,,,,,,,1,2,3,1,3
200500008987,0005-02-16 20:10:00,5,2,16,20,10,750,4.0,R SAINT MARTIN R PERNELL,,,Nuit avec éclairage allumé,En agglomération,Intersection en X,Normale,Deux véhicules - côté,,,,,,,,,,,5,2,2,1,3
200500008988,0005-02-16 16:40:00,5,2,16,16,40,750,8.0,R BALZAC R BEAUJON,,,Plein jour,En agglomération,Intersection en X,Normale,Autre collision,,,,,,,,,,,1,2,2,1,6
200500008989,0005-02-16 09:40:00,5,2,16,9,40,750,8.0,PL CH DE GAULLE AV MARCE,,,Plein jour,En agglomération,Intersection à plus de 4 branches,Normale,Deux véhicules - côté,,,,,,,,,,,1,2,5,1,3
200500008990,0005-02-16 18:45:00,5,2,16,18,45,750,8.0,22 R JEAN MERMOZ,,,Nuit avec éclairage allumé,En agglomération,Hors intersection,Normale,Autre collision,,,,,,,,,,,5,2,1,1,6
200500008991,0005-02-16 13:40:00,5,2,16,13,40,750,12.0,20 BD DE LA BASTILLE,,,Plein jour,En agglomération,Hors intersection,Normale,Deux véhicules - côté,,,,,,,,,,,1,2,1,1,3
200500008992,0005-02-16 09:10:00,5,2,16,9,10,750,13.0,AV PORTE D ITALIE R DR B,,,Plein jour,En agglomération,Intersection en Y,Normale,Deux véhicules - arrière,,,,,,,,,,,1,2,4,1,2
200500008993,0005-02-16 00:20:00,5,2,16,0,20,750,13.0,AV D ITALIE R DE TOLBIAC,,,Nuit avec éclairage allumé,En agglomération,Intersection en X,Vent fort / tempête,Deux véhicules - côté,,,,,,,,,,,5,2,2,6,3
200500008994,0005-02-16 09:25:00,5,2,16,9,25,750,14.0,106 AV GENERAL LECLERC,,,Plein jour,En agglomération,Hors intersection,Normale,Autre collision,,,,,,,,,,,1,2,1,1,6
200500008995,0005-02-16 04:40:00,5,2,16,4,40,750,14.0,96 AV GENERAL LECLERC,,,Nuit avec éclairage allumé,En agglomération,Hors intersection,Normale,Sans collision,,,,,,,,,,,5,2,1,1,7
200500008996,0005-02-16 13:30:00,5,2,16,13,30,750,15.0,BD DE VAUGIRARD R BROWN,,,Plein jour,En agglomération,Intersection en T,Normale,Deux véhicules - arrière,,,,,,,,,,,1,2,3,1,2
200500008997,0005-02-16 22:25:00,5,2,16,22,25,750,16.0,R GROS AV TH GAUTHIER,,,Nuit avec éclairage allumé,En agglomération,Intersection en Y,Normale,Deux véhicules - côté,,,,,,,,,,,5,2,4,1,3
200500008998,0005-02-16 10:45:00,5,2,16,10,45,750,16.0,PL PORTE D AUTEUIL BD SU,,,Plein jour,En agglomération,Intersection en T,Normale,Autre collision,,,,,,,,,,,1,2,3,1,6
200500008999,0005-02-16 20:20:00,5,2,16,20,20,750,17.0,BD BESSIERES R GENERAL H,,,Nuit avec éclairage allumé,En agglomération,Intersection en Y,Normale,Deux véhicules - côté,,,,,,,,,,,5,2,4,1,3
200500009000,0005-02-16 18:35:00,5,2,16,18,35,750,18.0,AV DE SAINT OUEN IMP MIL,,,Nuit avec éclairage allumé,En agglomération,Intersection en T,Normale,Autre collision,,,,,,,,,,,5,2,3,1,6
200500009001,0005-02-16 09:55:00,5,2,16,9,55,750,18.0,R VAUVENARGUES R LEIBNIZ,,,Plein jour,En agglomération,Intersection en X,Normale,Autre collision,,,,,,,,,,,1,2,2,1,6
200500009002,0005-02-16 12:10:00,5,2,16,12,10,750,19.0,195 R DE BELLEVILLE,,,Plein jour,En agglomération,Hors intersection,Normale,Deux véhicules - côté,,,,,,,,,,,1,2,1,1,3
200500009003,0005-02-17 09:25:00,5,2,17,9,25,750,16.0,AV DU PDT KENNEDY R DU R,,,Plein jour,En agglomération,Intersection en T,Normale,Sans collision,,,,,,,,,,,1,2,3,1,7
200500009004,0005-02-17 18:55:00,5,2,17,18,55,750,16.0,AV FOCH PL CH DE GAULLE,,,Nuit avec éclairage allumé,En agglomération,Intersection en T,Normale,Trois véhicules et plus - en chaîne,,,,,,,,,,,5,2,3,1,4
200500009005,0005-02-16 13:10:00,5,2,16,13,10,750,10.0,AV CLAUDE VELLEFAUX R JU,,,Plein jour,En agglomération,Intersection en Y,Normale,Autre collision,,,,,,,,,,,1,2,4,1,6
200500009006,0005-02-17 19:30:00,5,2,17,19,30,750,16.0,118 AV VICTOR HUGO,,,Nuit avec éclairage allumé,En agglomération,Hors intersection,Normale,Autre collision,,,,,,,,,,,5,2,1,1,6
200500009007,0005-02-17 23:00:00,5,2,17,23,0,750,7.0,AV DE SUFFREN R DE BUENO,,,Nuit avec éclairage allumé,En agglomération,Intersection en T,Normale,Deux véhicules - côté,,,,,,,,,,,5,2,3,1,3
200500009008,0005-02-17 13:20:00,5,2,17,13,20,750,11.0,BD VOLTAIRE R GOBERT,,,Plein jour,En agglomération,Intersection en T,Normale,Deux véhicules - côté,,,,,,,,,,,1,2,3,1,3
200500009009,0005-02-17 11:03:00,5,2,17,11,3,750,17.0,PL PAUL LEAUTAUD AV PAUL,,,Plein jour,En agglomération,Giratoire,Normale,Deux véhicules - côté,,,,,,,,,,,1,2,6,1,3
200500009010,0005-02-17 14:00:00,5,2,17,14,0,750,19.0,PL COLONEL FABIEN AV MAT,,,Plein jour,En agglomération,Place,Normale,Deux véhicules - côté,,,,,,,,,,,1,2,7,1,3
200500009011,0005-02-17 07:00:00,5,2,17,7,0,750,9.0,BD DES CAPUCINES R CHAUS,,,Crépuscule ou aube,En agglomération,Intersection en Y,Normale,Deux véhicules - côté,,,,,,,,,,,2,2,4,1,3
200500009012,0005-02-17 12:40:00,5,2,17,12,40,750,1.0,R DU LOUVRE  R COQUILLIE,,,Plein jour,En agglomération,Intersection en X,Normale,Deux véhicules - côté,,,,,,,,,,,1,2,2,1,3
200500009013,0005-02-17 13:25:00,5,2,17,13,25,750,9.0,R DE PROVENCE R LAFFITE,,,Plein jour,En agglomération,Intersection en X,Normale,Deux véhicules - côté,,,,,,,,,,,1,2,2,1,3
200500009014,0005-02-17 09:04:00,5,2,17,9,4,750,8.0,AV MONTAIGNE R CLEMENT M,,,Plein jour,En agglomération,Intersection en T,Normale,Deux véhicules - arrière,,,,,,,,,,,1,2,3,1,2
200500009015,0005-02-17 01:00:00,5,2,17,1,0,750,17.0,L6318 BD DE DOUAUMONT,,,Nuit avec éclairage allumé,En agglomération,Hors intersection,Normale,Deux véhicules - arrière,,,,,,,,,,,5,2,1,1,2
200500009016,0005-02-17 18:40:00,5,2,17,18,40,750,17.0,11 BD PERSHING,,,Nuit avec éclairage allumé,En agglomération,Hors intersection,Normale,Deux véhicules - côté,,,,,,,,,,,5,2,1,1,3
200500009017,0005-02-17 14:55:00,5,2,17,14,55,750,18.0,R DAMREMONT R ORDENER,,,Plein jour,En agglomération,Intersection en X,Normale,Sans collision,,,,,,,,,,,1,2,2,1,7
200500009018,0005-02-19 18:00:00,5,2,19,18,0,750,20.0,146 R D AVRON,,,Plein jour,En agglomération,Hors intersection,Normale,Autre collision,,,,,,,,,,,1,2,1,1,6
200500009019,0005-02-18 15:02:00,5,2,18,15,2,750,20.0,8 R LE VAU,,,Plein jour,En agglomération,Hors intersection,Normale,Autre collision,,,,,,,,,,,1,2,1,1,6
200500009020,0005-02-19 22:45:00,5,2,19,22,45,750,20.0,PL PORTE BAGNOLET AV POR,,,Nuit avec éclairage allumé,En agglomération,Place,Normale,Deux véhicules - côté,,,,,,,,,,,5,2,7,1,3
200500009021,0005-02-19 07:25:00,5,2,19,7,25,750,20.0,R DE LA CHINE AV GAMBETT,,,Crépuscule ou aube,En agglomération,Intersection en X,Pluie forte,Autre collision,,,,,,,,,,,2,2,2,3,6
200500009022,0005-02-19 00:05:00,5,2,19,0,5,750,20.0,BD DAVOUT AV PTE DE MONT,,,Nuit avec éclairage allumé,En agglomération,Intersection en X,Pluie légère,Deux véhicules - côté,,,,,,,,,,,5,2,2,2,3
200500009023,0005-02-18 18:05:00,5,2,18,18,5,750,20.0,R DU PRESSOIR R DES COUR,,,Crépuscule ou aube,En agglomération,Intersection en T,Pluie légère,Autre collision,,,,,,,,,,,2,2,3,2,6
200500009024,0005-02-19 18:14:00,5,2,19,18,14,750,17.0,PL GENERAL CATROUX BD MA,,,Plein jour,En agglomération,Intersection en X,Normale,Deux véhicules - côté,,,,,,,,,,,1,2,2,1,3
200500009025,0005-02-18 16:05:00,5,2,18,16,5,750,15.0,R LECOURBE R DE LA CONVE,,,Plein jour,En agglomération,Intersection en X,Normale,Deux véhicules - arrière,,,,,,,,,,,1,2,2,1,2
200500009026,0005-02-19 18:42:00,5,2,19,18,42,750,17.0,R NAVIER R LANTIEZ,,,Nuit avec éclairage allumé,En agglomération,Intersection en X,Normale,Deux véhicules - côté,,,,,,,,,,,5,2,2,1,3
200500009027,0005-02-18 20:15:00,5,2,18,20,15,750,1.0,R DE RIVOLI PL DU CARROU,,,Nuit avec éclairage allumé,En agglomération,Intersection en T,Normale,Deux véhicules - côté,,,,,,,,,,,5,2,3,1,3
200500009028,0005-02-18 11:40:00,5,2,18,11,40,750,1.0,PL DU CHATELET AV VICTOR,,,Plein jour,En agglomération,Intersection en X,Normale,Deux véhicules - arrière,,,,,,,,,,,1,2,2,1,2
200500009029,0005-02-18 04:10:00,5,2,18,4,10,750,5.0,4 R DU PETIT PONT,,,Nuit avec éclairage allumé,En agglomération,Hors intersection,Normale,Deux véhicules - côté,,,,,,,,,,,5,2,1,1,3
200500009030,0005-02-18 13:28:00,5,2,18,13,28,750,7.0,BD SAINT GERMAIN R DU BA,,,Plein jour,En agglomération,Intersection en X,Normale,Deux véhicules - côté,,,,,,,,,,,1,2,2,1,3
200500009031,0005-02-18 08:10:00,5,2,18,8,10,750,9.0,R LA FAYETTE R LAFITTE,,,Plein jour,En agglomération,Intersection en X,Normale,Deux véhicules - arrière,,,,,,,,,,,1,2,2,1,2
200500009032,0005-02-18 12:30:00,5,2,18,12,30,750,10.0,6 R DE LANCRY,,,Plein jour,En agglomération,Hors intersection,Normale,Autre collision,,,,,,,,,,,1,2,1,1,6
200500009033,0005-02-18 13:50:00,5,2,18,13,50,750,10.0,18 BD DE MAGENTA,,,Plein jour,En agglomération,Hors intersection,Normale,Sans collision,,,,,,,,,,,1,2,1,1,7
200500009034,0005-02-18 17:20:00,5,2,18,17,20,750,10.0,BD DE MAGENTA R FG SAINT,,,Plein jour,En agglomération,Intersection en X,Pluie légère,Deux véhicules - côté,,,,,,,,,,,1,2,2,2,3
200500009035,0005-02-18 12:30:00,5,2,18,12,30,750,13.0,1 PL D ITALIE,,,Plein jour,En agglomération,Hors intersection,Normale,Deux véhicules - arrière,,,,,,,,,,,1,2,1,1,2
200500009036,0005-02-18 06:50:00,5,2,18,6,50,750,13.0,BD VINCENT AURIOL R JENN,,,Crépuscule ou aube,En agglomération,Intersection en T,Normale,Deux véhicules - côté,,,,,,,,,,,2,2,3,1,3
200500009037,0005-02-19 15:45:00,5,2,19,15,45,750,18.0,R DE LA CHAPELLE R DES R,,,Plein jour,En agglomération,Intersection en T,Normale,Deux véhicules - arrière,,,,,,,,,,,1,2,3,1,2
200500009038,0005-02-19 15:50:00,5,2,19,15,50,750,17.0,122 BD DE COURCELLES,,,Plein jour,En agglomération,Hors intersection,Normale,Deux véhicules - côté,,,,,,,,,,,1,2,1,1,3
200500009039,0005-02-19 21:00:00,5,2,19,21,0,750,15.0,AV EMILE ZOLA R ENTREPRE,,,Nuit avec éclairage allumé,En agglomération,Intersection en Y,Normale,Autre collision,,,,,,,,,,,5,2,4,1,6
200500009040,0005-02-18 13:00:00,5,2,18,13,0,750,17.0,PL PTE CHAMPERRET BD DE,,,Plein jour,En agglomération,Intersection en X,Normale,Deux véhicules - côté,,,,,,,,,,,1,2,2,1,3
200500009041,0005-02-19 00:15:00,5,2,19,0,15,750,13.0,BD DE L HOPITAL BD SAINT,,,Nuit avec éclairage allumé,En agglomération,Intersection en Y,Pluie légère,Autre collision,,,,,,,,,,,5,2,4,2,6
200500009042,0005-02-19 16:00:00,5,2,19,16,0,750,5.0,88 BD SAINT MICHEL,,,Plein jour,En agglomération,Hors intersection,Normale,Deux véhicules - arrière,,,,,,,,,,,1,2,1,1,2
200500009043,0005-02-19 15:45:00,5,2,19,15,45,750,5.0,88 BD SAINT MICHEL,,,Plein jour,En agglomération,Hors intersection,Normale,Autre collision,,,,,,,,,,,1,2,1,1,6
200500009044,0005-02-18 18:25:00,5,2,18,18,25,750,18.0,AV PTE DE ST OUEN R HENR,,,Nuit avec éclairage allumé,En agglomération,Intersection en X,Pluie légère,Deux véhicules - côté,,,,,,,,,,,5,2,2,2,3
200500009045,0005-02-19 17:30:00,5,2,19,17,30,750,8.0,CRS LA REINE PT ALEXANDR,,,Plein jour,En agglomération,Intersection en T,Normale,Autre collision,,,,,,,,,,,1,2,3,1,6
200500009046,0005-02-18 14:40:00,5,2,18,14,40,750,19.0,PL BT DE STALINGRAD BD D,,,Plein jour,En agglomération,Intersection en X,Normale,Deux véhicules - côté,,,,,,,,,,,1,2,2,1,3
200500009047,0005-02-19 02:50:00,5,2,19,2,50,750,9.0,30 BD DES CAPUCINES,,,Nuit avec éclairage allumé,En agglomération,Hors intersection,Pluie légère,Deux véhicules - arrière,,,,,,,,,,,5,2,1,2,2
200500009048,0005-02-19 11:40:00,5,2,19,11,40,750,7.0,R ARISTIDE BRIAND BD SAI,,,Plein jour,En agglomération,Intersection en X,Normale,Deux véhicules - arrière,,,,,,,,,,,1,2,2,1,2
200500009049,0005-02-24 11:30:00,5,2,24,11,30,750,4.0,R VIEILLE TEMPLE R FRANC,,,Plein jour,En agglomération,Intersection en X,Normale,Autre collision,,,,,,,,,,,1,2,2,1,6
200500009050,0005-02-23 22:50:00,5,2,23,22,50,750,4.0,R DU RENARD R DE LA VERR,,,Nuit avec éclairage allumé,En agglomération,Intersection en X,Neige / grêle,Deux véhicules - côté,,,,,,,,,,,5,2,2,4,3
200500009051,0005-02-23 23:15:00,5,2,23,23,15,750,7.0,L5884 VERG PT ROYAL PT D,,,Nuit avec éclairage allumé,En agglomération,Hors intersection,Neige / grêle,Sans collision,,,,,,,,,,,5,2,1,4,7
200500009052,0005-02-23 08:08:00,5,2,23,8,8,750,8.0,AV CHAMPS ELYSEES PL DE,,,Plein jour,En agglomération,Intersection en T,Neige / grêle,Sans collision,,,,,,,,,,,1,2,3,4,7
200500009053,0005-02-23 00:30:00,5,2,23,0,30,750,11.0,R DU CHEMIN VERT R GENER,,,Nuit avec éclairage allumé,En agglomération,Intersection en T,Neige / grêle,Deux véhicules - côté,,,,,,,,,,,5,2,3,4,3
200500009054,0005-02-23 10:55:00,5,2,23,10,55,750,11.0,R DE CRUSSOL R AMELOT,,,Plein jour,En agglomération,Intersection en X,Neige / grêle,Autre collision,,,,,,,,,,,1,2,2,4,6