accident_id,datetime,annee,mois,jour,heure,minute,departement,commune_insee,adresse,latitude,longitude,luminosite,agglomeration,intersection,meteo,collision,nb_vehicules,nb_usagers,nb_indemnes,nb_tues,nb_blesses_hosp,nb_blesses_legers,age_cond_1,age_cond_2,veh_type_cond_1,veh_type_cond_2,lum_code,agg_code,int_code,atm_code,col_code
200500009183,0005-02-22 20:45:00,5,2,22,20,45,760,217.0,D 485,,,Nuit sans éclairage public,En agglomération,Hors intersection,Temps couvert,Sans collision,,,,,,,,,,,3,2,1,8,7
200500009184,0005-02-04 12:30:00,5,2,4,12,30,760,561.0,"8, CLEON. RUE DE (CD 144",,,Plein jour,En agglomération,Hors intersection,Normale,Sans collision,,,,,,,,,,,1,2,1,1,7
200500009185,0005-02-05 20:35:00,5,2,5,20,35,760,165.0,"25, CARNOT. RUE SADI",,,Nuit avec éclairage allumé,En agglomération,Hors intersection,Normale,Deux véhicules - arrière,,,,,,,,,,,5,2,1,1,2
200500009186,0005-02-13 13:40:00,5,2,13,13,40,760,391.0,"0, FORESTIER CHEMIN",,,Plein jour,En agglomération,Hors intersection,Pluie légère,Autre collision,,,,,,,,,,,1,2,1,2,6
200500009187,0005-02-08 15:35:00,5,2,8,15,35,760,259.0,"37, VICOMTE ( QUAI)",,,Plein jour,En agglomération,Hors intersection,Normale,Autre collision,,,,,,,,,,,1,2,1,1,6
200500009188,0005-02-22 22:40:00,5,2,22,22,40,760,351.0,JULES LECESNE,,,Nuit avec éclairage non allumé,En agglomération,Intersection en X,Normale,Deux véhicules - côté,,,,,,,,,,,4,2,2,1,3
200500009189,0005-02-05 22:00:00,5,2,5,22,0,760,351.0,LOUIS BLERIOT,,,Nuit sans éclairage public,En agglomération,Hors intersection,Normale,Autre collision,,,,,,,,,,,3,2,1,1,6
200500009190,0005-02-06 12:20:00,5,2,6,12,20,760,351.0,"111, JULES GUESDE",,,Plein jour,En agglomération,Hors intersection,Normale,Autre collision,,,,,,,,,,,1,2,1,1,6
200500009191,0005-02-12 23:35:00,5,2,12,23,35,760,296.0,"0, ONZE NOVEMBRE 1918 (R",,,Nuit avec éclairage allumé,En agglomération,Intersection en X,Normale,Deux véhicules - côté,,,,,,,,,,,5,2,2,1,3
200500009192,0005-02-01 13:20:00,5,2,1,13,20,760,319.0,"0, CLEMENCEAU. RUE GEORG",,,Plein jour,En agglomération,Hors intersection,Normale,Autre collision,,,,,,,,,,,1,2,1,1,6
200500009193,0005-02-03 08:45:00,5,2,3,8,45,760,540.0,"0, SAINT GERVAIS. RUE",,,Plein jour,En agglomération,Hors intersection,Normale,Autre collision,,,,,,,,,,,1,2,1,1,6
200500009194,0005-02-03 14:40:00,5,2,3,14,40,760,540.0,"0, CAVELIER DE LA SALLE.",,,Plein jour,En agglomération,Hors intersection,Temps couvert,Deux véhicules - côté,,,,,,,,,,,1,2,1,8,3
200500009195,0005-02-08 21:25:00,5,2,8,21,25,760,131.0,"0, PORT. RUE DU",,,Nuit avec éclairage non allumé,En agglomération,Hors intersection,Normale,Deux véhicules - côté,,,,,,,,,,,4,2,1,1,3
200500009196,0005-02-10 10:40:00,5,2,10,10,40,760,484.0,GAULLE. AVENUE DU GENERA,,,Plein jour,En agglomération,Hors intersection,Pluie légère,Deux véhicules - côté,,,,,,,,,,,1,2,1,2,3
200500009197,0005-02-13 10:20:00,5,2,13,10,20,760,497.0,"0, RN 138",,,Plein jour,En agglomération,Hors intersection,Pluie légère,Sans collision,,,,,,,,,,,1,2,1,2,7
200500009198,0005-02-17 17:30:00,5,2,17,17,30,760,540.0,"0, EUROPE. BOULEVARD DE",,,Plein jour,En agglomération,Hors intersection,Normale,Deux véhicules - côté,,,,,,,,,,,1,2,1,1,3
200500009199,0005-02-17 12:20:00,5,2,17,12,20,760,103.0,"53, PARIS. ROUTE DE",,,Plein jour,En agglomération,Hors intersection,Normale,Deux véhicules - côté,,,,,,,,,,,1,2,1,1,3
200500009200,0005-02-20 20:00:00,5,2,20,20,0,760,498.0,"1, 11 NOVEMBRE. BOULEVAR",,,Nuit avec éclairage allumé,En agglomération,Hors intersection,Pluie légère,Autre collision,,,,,,,,,,,5,2,1,2,6
200500009201,0005-02-22 08:30:00,5,2,22,8,30,760,575.0,"0, CANADIENS. AVENUE DES",,,Plein jour,En agglomération,Hors intersection,Neige / grêle,Trois véhicules et plus - collisions multiples,,,,,,,,,,,1,2,1,4,5
200500009202,0005-02-22 13:45:00,5,2,22,13,45,760,319.0,"80, JAURES. AVENUE JEAN",,,Plein jour,En agglomération,Hors intersection,Normale,Autre collision,,,,,,,,,,,1,2,1,1,6
200500009203,0005-02-24 17:00:00,5,2,24,17,0,760,157.0,"0, MONET. BOULEVARD CLAU",,,Plein jour,En agglomération,Hors intersection,Neige / grêle,Autre collision,,,,,,,,,,,1,2,1,4,6
200500009204,0005-02-26 17:35:00,5,2,26,17,35,760,575.0,"1, INDUSTRIEL. BOULEVARD",,,Plein jour,En agglomération,Hors intersection,Normale,Deux véhicules - frontale,,,,,,,,,,,1,2,1,1,1
200500009205,0005-02-25 09:20:00,5,2,25,9,20,760,322.0,ROOSEVELT. AVENUE FRANKL,,,Plein jour,En agglomération,Hors intersection,Normale,Autre collision,,,,,,,,,,,1,2,1,1,6
200500009206,0005-02-26 17:45:00,5,2,26,17,45,760,540.0,"1, JEANNE D'ARC. RUE",,,Plein jour,En agglomération,Hors intersection,Normale,Autre collision,,,,,,,,,,,1,2,1,1,6
200500009207,0005-02-26 12:05:00,5,2,26,12,5,760,540.0,HAVRE. ROUTE DU,,,Plein jour,En agglomération,Hors intersection,Normale,Sans collision,,,,,,,,,,,1,2,1,1,7
200500009208,0005-02-26 20:40:00,5,2,26,20,40,760,681.0,"205, MENDES FRANCE. RUE",,,Nuit avec éclairage allumé,En agglomération,Hors intersection,Normale,Deux véhicules - côté,,,,,,,,,,,5,2,1,1,3
200500009209,0005-02-28 20:35:00,5,2,28,20,35,760,540.0,"1, GAULLE. PLACE CHARLES",,,Nuit avec éclairage allumé,En agglomération,Hors intersection,Normale,Autre collision,,,,,,,,,,,5,2,1,1,6
200500009210,0005-02-15 07:15:00,5,2,15,7,15,770,517.0,CD 404,,,Nuit sans éclairage public,En agglomération,Hors intersection,Autre,Deux véhicules - frontale,,,,,,,,,,,3,2,1,9,1
200500009211,0005-02-18 13:05:00,5,2,18,13,5,770,108.0,CLAYE (AVENUE DE),,,Plein jour,En agglomération,Hors intersection,Normale,Deux véhicules - côté,,,,,,,,,,,1,2,1,1,3
200500009212,0005-02-07 07:10:00,5,2,7,7,10,770,268.0,GRANDE RUE,,,Nuit sans éclairage public,En agglomération,Hors intersection,Temps couvert,Deux véhicules - arrière,,,,,,,,,,,3,2,1,8,2
200500009213,0005-02-04 17:25:00,5,2,4,17,25,770,111.0,RN34,,,Plein jour,En agglomération,Hors intersection,Normale,Deux véhicules - arrière,,,,,,,,,,,1,2,1,1,2
200500009214,0005-02-07 18:50:00,5,2,7,18,50,770,111.0,GRAND FOSSE ( BOULEVARD,,,Nuit avec éclairage allumé,En agglomération,Intersection en T,Normale,Deux véhicules - côté,,,,,,,,,,,5,2,3,1,3
200500009215,0005-02-11 08:40:00,5,2,11,8,40,770,111.0,GRAND FOSSE ( BOULEVARD,,,Plein jour,En agglomération,Hors intersection,Pluie légère,Deux véhicules - frontale,,,,,,,,,,,1,2,1,2,1
200500009216,0005-02-11 21:30:00,5,2,11,21,30,770,132.0,EUROPE ( BOULEVARD ),,,Nuit sans éclairage public,En agglomération,Hors intersection,Pluie forte,Deux véhicules - côté,,,,,,,,,,,3,2,1,3,3
200500009217,0005-02-15 05:30:00,5,2,15,5,30,770,132.0,RN 34,,,Nuit sans éclairage public,En agglomération,Hors intersection,Autre,Autre collision,,,,,,,,,,,3,2,1,9,6
200500009218,0005-02-15 20:20:00,5,2,15,20,20,770,307.0,231 ( R D ),,,Nuit sans éclairage public,En agglomération,Intersection en X,Temps couvert,Deux véhicules - côté,,,,,,,,,,,3,2,2,8,3
200500009219,0005-02-01 08:50:00,5,2,1,8,50,770,13.0,AULNOY A SAINT-GERMAIN-S,,,Plein jour,En agglomération,Hors intersection,Pluie légère,Deux véhicules - frontale,,,,,,,,,,,1,2,1,2,1
200500009220,0005-02-11 16:15:00,5,2,11,16,15,770,320.0,AERODROME VOISINS (ADP),,,Plein jour,En agglomération,Hors intersection,Pluie légère,Deux véhicules - arrière,,,,,,,,,,,1,2,1,2,2
200500009221,0005-02-20 11:40:00,5,2,20,11,40,770,131.0,VICTOR HUGO (AVENUE),,,Plein jour,En agglomération,Hors intersection,Temps couvert,Deux véhicules - arrière,,,,,,,,,,,1,2,1,8,2
200500009222,0005-02-25 20:35:00,5,2,25,20,35,770,131.0,"40, FLORNOY BERTRAND  (R",,,Nuit avec éclairage allumé,En agglomération,Hors intersection,Normale,Autre collision,,,,,,,,,,,5,2,1,1,6
200500009223,0005-02-28 20:00:00,5,2,28,20,0,770,13.0,"203, BEAUDERIE  (LIEU DI",,,Nuit sans éclairage public,En agglomération,Intersection en X,Normale,Autre collision,,,,,,,,,,,3,2,2,1,6
200500009224,0005-02-16 21:10:00,5,2,16,21,10,770,152.0,"218, LECLERC(AVENUE DU G",,,Nuit avec éclairage allumé,En agglomération,Hors intersection,Normale,Autre collision,,,,,,,,,,,5,2,1,1,6
200500009225,0005-02-02 20:45:00,5,2,2,20,45,770,186.0,RD148 carrefour DIANE à,,,Nuit sans éclairage public,En agglomération,Hors intersection,Normale,Sans collision,,,,,,,,,,,3,2,1,1,7
200500009226,0005-02-04 20:30:00,5,2,4,20,30,770,14.0,GARE (PLACE DE LA),,,Nuit avec éclairage allumé,En agglomération,Hors intersection,Normale,Autre collision,,,,,,,,,,,5,2,1,1,6
200500009227,0005-02-23 18:30:00,5,2,23,18,30,770,14.0,"64, FORET (AVENUE DE LA)",,,Nuit avec éclairage allumé,En agglomération,Hors intersection,Neige / grêle,Autre collision,,,,,,,,,,,5,2,1,4,6
200500009228,0005-02-26 13:30:00,5,2,26,13,30,770,14.0,"83, FRANKLIN ROOSEVELT (",,,Plein jour,En agglomération,Hors intersection,Normale,Autre collision,,,,,,,,,,,1,2,1,1,6
200500009229,0005-02-28 11:05:00,5,2,28,11,5,770,14.0,"1, CHARLES LEFEBVRE (RUE",,,Plein jour,En agglomération,Hors intersection,Normale,Deux véhicules - côté,,,,,,,,,,,1,2,1,1,3
200500009230,0005-02-20 20:40:00,5,2,20,20,40,770,37.0,"40, MARECHAL FOCH (AVENU",,,Nuit avec éclairage allumé,En agglomération,Intersection en X,Normale,Deux véhicules - côté,,,,,,,,,,,5,2,2,1,3
200500009231,0005-02-02 14:45:00,5,2,2,14,45,770,284.0,VOLTA (RUE ALEXANDRE),,,Plein jour,En agglomération,Hors intersection,Temps couvert,Autre collision,,,,,,,,,,,1,2,1,8,6
200500009232,0005-02-04 14:05:00,5,2,4,14,5,770,284.0,"14, DUNANT (AVENUE HENRI",,,Plein jour,En agglomération,Hors intersection,Normale,Autre collision,,,,,,,,,,,1,2,1,1,6
200500009233,0005-02-05 15:30:00,5,2,5,15,30,770,284.0,BUREAU (RUE JEAN),,,Plein jour,En agglomération,Hors intersection,Normale,Deux véhicules - arrière,,,,,,,,,,,1,2,1,1,2
200500009234,0005-02-09 08:50:00,5,2,9,8,50,770,284.0,"18, APPEL DU 18 JUIN 194",,,Plein jour,En agglomération,Hors intersection,Normale,Autre collision,,,,,,,,,,,1,2,1,1,6
200500009235,0005-02-10 06:45:00,5,2,10,6,45,770,284.0,"6, GUERIN (RUE CAMILLE)",,,Nuit avec éclairage allumé,En agglomération,Hors intersection,Normale,Autre collision,,,,,,,,,,,5,2,1,1,6
200500009236,0005-02-11 17:20:00,5,2,11,17,20,770,284.0,PARIS (CHAUSSEE DE),,,Plein jour,En agglomération,Hors intersection,Temps couvert,Deux véhicules - arrière,,,,,,,,,,,1,2,1,8,2
200500009237,0005-02-12 11:55:00,5,2,12,11,55,770,358.0,RD 38,,,Plein jour,En agglomération,Hors intersection,Pluie légère,Sans collision,,,,,,,,,,,1,2,1,2,7
200500009238,0005-02-13 04:20:00,5,2,13,4,20,770,475.0,JOFFRE (RUE DU MAL.),,,Nuit avec éclairage allumé,En agglomération,Hors intersection,Temps couvert,Deux véhicules - côté,,,,,,,,,,,5,2,1,8,3
200500009239,0005-02-15 06:20:00,5,2,15,6,20,770,284.0,PARIS (CHAUSSEE DE),,,Nuit avec éclairage allumé,En agglomération,Hors intersection,Neige / grêle,Autre collision,,,,,,,,,,,5,2,1,4,6
200500009240,0005-02-15 08:15:00,5,2,15,8,15,770,284.0,GARE,,,Plein jour,En agglomération,Hors intersection,Normale,Autre collision,,,,,,,,,,,1,2,1,1,6
200500009241,0005-02-17 12:35:00,5,2,17,12,35,770,284.0,BUREAU (RUE JEAN),,,Plein jour,En agglomération,Hors intersection,Normale,Deux véhicules - arrière,,,,,,,,,,,1,2,1,1,2
200500009242,0005-02-17 14:35:00,5,2,17,14,35,770,284.0,CLAUDE (RUE GEORGES),,,Plein jour,En agglomération,Hors intersection,Normale,Autre collision,,,,,,,,,,,1,2,1,1,6
200500009243,0005-02-19 15:05:00,5,2,19,15,5,770,284.0,HUGO (QUAI VICTOR),,,Plein jour,En agglomération,Intersection en T,Normale,Deux véhicules - côté,,,,,,,,,,,1,2,3,1,3
200500009244,0005-02-24 10:15:00,5,2,24,10,15,770,284.0,"12, ALLENDE (AV.SALVADOR",,,Plein jour,En agglomération,Hors intersection,Temps couvert,Autre collision,,,,,,,,,,,1,2,1,8,6
200500009245,0005-02-09 15:40:00,5,2,9,15,40,770,288.0,"12, MARECHAL JOFFRE (QUA",,,Plein jour,En agglomération,Hors intersection,Normale,Autre collision,,,,,,,,,,,1,2,1,1,6
200500009246,0005-02-14 17:20:00,5,2,14,17,20,770,384.0,D.306,,,Plein jour,En agglomération,Hors intersection,Pluie légère,Deux véhicules - frontale,,,,,,,,,,,1,2,1,2,1
200500009247,0005-02-03 18:15:00,5,2,3,18,15,770,462.0,CALVAIRE (CHEMIN DU),,,Nuit sans éclairage public,En agglomération,Hors intersection,Normale,Trois véhicules et plus - collisions multiples,,,,,,,,,,,3,2,1,1,5
200500009248,0005-02-06 20:30:00,5,2,6,20,30,770,251.0,EUROPE(AVENUE DE L'),,,Nuit avec éclairage allumé,En agglomération,Intersection en X,Normale,Deux véhicules - arrière,,,,,,,,,,,5,2,2,1,2
200500009249,0005-02-11 18:55:00,5,2,11,18,55,770,251.0,D471,,,Nuit sans éclairage public,En agglomération,Hors intersection,Pluie forte,Trois véhicules et plus - collisions multiples,,,,,,,,,,,3,2,1,3,5
200500009250,0005-02-09 07:40:00,5,2,9,7,40,770,251.0,"91, GENERAL LECLERC (RUE",,,Crépuscule ou aube,En agglomération,Intersection en T,Normale,Deux véhicules - côté,,,,,,,,,,,2,2,3,1,3
200500009251,0005-02-18 07:32:00,5,2,18,7,32,770,251.0,ANDRE MALRAUX(AVENUE),,,Plein jour,En agglomération,Intersection en T,Normale,Deux véhicules - frontale,,,,,,,,,,,1,2,3,1,1
200500009252,0005-02-25 15:45:00,5,2,25,15,45,770,251.0,D471,,,Plein jour,En agglomération,Hors intersection,Normale,Trois véhicules et plus - en chaîne,,,,,,,,,,,1,2,1,1,4
200500009253,0005-02-05 10:00:00,5,2,5,10,0,770,482.0,"01, 8 MAI 1945 (RUE DU)",,,Plein jour,En agglomération,Intersection en X,Normale,Deux véhicules - côté,,,,,,,,,,,1,2,2,1,3
200500009254,0005-02-11 13:00:00,5,2,11,13,0,770,61.0,CHAUDE (RUE),,,Plein jour,En agglomération,Intersection en X,Pluie légère,Deux véhicules - côté,,,,,,,,,,,1,2,2,2,3
200500009255,0005-02-10 07:40:00,5,2,10,7,40,770,501.0,GRANDE (RUE),,,Crépuscule ou aube,En agglomération,Hors intersection,Temps couvert,Autre collision,,,,,,,,,,,2,2,1,8,6
200500009256,0005-02-05 16:15:00,5,2,5,16,15,770,458.0,"10, MARECHAL LECLERC (AV",,,Plein jour,En agglomération,Hors intersection,Normale,Autre collision,,,,,,,,,,,1,2,1,1,6
200500009257,0005-02-06 05:55:00,5,2,6,5,55,770,333.0,MARECHAL DE LATTRE-DE-TA,,,Nuit avec éclairage allumé,En agglomération,Hors intersection,Normale,Autre collision,,,,,,,,,,,5,2,1,1,6
200500009258,0005-02-14 21:50:00,5,2,14,21,50,770,333.0,"37, PARIS (RUE DE)",,,Nuit avec éclairage allumé,En agglomération,Hors intersection,Normale,Autre collision,,,,,,,,,,,5,2,1,1,6
200500009259,0005-02-15 13:35:00,5,2,15,13,35,770,156.0,DEPARTEMENTALE 403 ( ROU,,,Plein jour,En agglomération,Hors intersection,Normale,Deux véhicules - frontale,,,,,,,,,,,1,2,1,1,1
200500009260,0005-02-16 20:30:00,5,2,16,20,30,770,333.0,", BEZOUT (RUE)",,,Nuit avec éclairage allumé,En agglomération,Intersection en X,Normale,Deux véhicules - côté,,,,,,,,,,,5,2,2,1,3
200500009261,0005-02-22 18:30:00,5,2,22,18,30,770,458.0,"96, MARECHAL LECLERC (AV",,,Nuit avec éclairage allumé,En agglomération,Intersection en X,Normale,Deux véhicules - côté,,,,,,,,,,,5,2,2,1,3
200500009262,0005-02-01 15:05:00,5,2,1,15,5,770,337.0,PIERRE MENDES FRANCE (AV,,,Plein jour,En agglomération,Intersection en Y,Normale,Deux véhicules - arrière,,,,,,,,,,,1,2,4,1,2
200500009263,0005-02-02 20:25:00,5,2,2,20,25,770,337.0,MARCEL PAUL (ALLEE),,,Nuit avec éclairage allumé,En agglomération,Hors intersection,Normale,Autre collision,,,,,,,,,,,5,2,1,1,6
200500009264,0005-02-07 19:05:00,5,2,7,19,5,770,337.0,MANDINET (BOULEVARD DU),,,Nuit avec éclairage allumé,En agglomération,Intersection en X,Normale,Deux véhicules - frontale,,,,,,,,,,,5,2,2,1,1
200500009265,0005-02-12 19:32:00,5,2,12,19,32,770,337.0,MELUN (RUE DE),,,Nuit avec éclairage allumé,En agglomération,Hors intersection,Temps couvert,Deux véhicules - côté,,,,,,,,,,,5,2,1,8,3
200500009266,0005-02-15 11:05:00,5,2,15,11,5,770,337.0,MARNE VPN (ROUTE DE LA),,,Plein jour,Hors agglomération,Autre intersection,Normale,Sans collision,,,,,,,,,,,1,1,9,1,7
200500009267,0005-02-17 09:15:00,5,2,17,9,15,770,337.0,MARNE VPN (ROUTE DE LA),,,Plein jour,Hors agglomération,Hors intersection,Normale,Autre collision,,,,,,,,,,,1,1,1,1,6
200500009268,0005-02-20 09:15:00,5,2,20,9,15,770,337.0,PARIS (RUE DE),,,Plein jour,En agglomération,Intersection en T,Temps couvert,Autre collision,,,,,,,,,,,1,2,3,8,6
200500009269,0005-02-23 10:10:00,5,2,23,10,10,770,337.0,MARNE VPN (ROUTE DE LA),,,Plein jour,Hors agglomération,Hors intersection,Neige / grêle,Autre collision,,,,,,,,,,,1,1,1,4,6
200500009270,0005-02-04 17:00:00,5,2,4,17,0,770,373.0,FORT (RUE DU),,,Plein jour,En agglomération,Intersection en T,Normale,Deux véhicules - côté,,,,,,,,,,,1,2,3,1,3
200500009271,0005-02-23 01:45:00,5,2,23,1,45,770,350.0,CD 471,,,Nuit sans éclairage public,En agglomération,Hors intersection,Autre,Sans collision,,,,,,,,,,,3,2,1,9,7
200500009272,0005-02-10 13:05:00,5,2,10,13,5,770,373.0,"inconnu, PIERRE ROLLET (",,,Plein jour,En agglomération,Intersection en X,Normale,Deux véhicules - côté,,,,,,,,,,,1,2,2,1,3
200500009273,0005-02-17 09:30:00,5,2,17,9,30,770,379.0,SOURDUN (ROUTE DE),,,Plein jour,En agglomération,Hors intersection,Normale,Deux véhicules - côté,,,,,,,,,,,1,2,1,1,3
200500009274,0005-02-07 17:10:00,5,2,7,17,10,770,379.0,"1, VOULZIE (AVENUE DE LA",,,Plein jour,En agglomération,Intersection à plus de 4 branches,Normale,Deux véhicules - côté,,,,,,,,,,,1,2,5,1,3
200500009275,0005-02-14 07:30:00,5,2,14,7,30,770,379.0,GENERAL DE GAULLE (AVENU,,,Crépuscule ou aube,En agglomération,Giratoire,Pluie légère,Autre collision,,,,,,,,,,,2,2,6,2,6
200500009276,0005-02-13 02:00:00,5,2,13,2,0,780,126.0,ROUTE NATIONALE 186,,,Nuit avec éclairage allumé,En agglomération,Hors intersection,Normale,Autre collision,,,,,,,,,,,5,2,1,1,6
200500009277,0005-02-01 07:30:00,5,2,1,7,30,780,15.0,"7801518, SCHWEISGUTH (RU",,,Crépuscule ou aube,En agglomération,Hors intersection,Normale,Sans collision,,,,,,,,,,,2,2,1,1,7
200500009278,0005-02-01 09:00:00,5,2,1,9,0,780,382.0,"0,00, PONT (AVENUE DU)",,,Plein jour,En agglomération,Hors intersection,Normale,Deux véhicules - arrière,,,,,,,,,,,1,2,1,1,2
200500009279,0005-02-11 11:10:00,5,2,11,11,10,780,382.0,"0.00, CARNOT (AVENUE)",,,Plein jour,En agglomération,Intersection en X,Pluie légère,Trois véhicules et plus - collisions multiples,,,,,,,,,,,1,2,2,2,5
200500009280,0005-02-17 13:40:00,5,2,17,13,40,780,15.0,"0,00, FOCH (AVENUE DU MA",,,Plein jour,En agglomération,Intersection en T,Normale,Sans collision,,,,,,,,,,,1,2,3,1,7
200500009281,0005-02-21 09:30:00,5,2,21,9,30,780,172.0,RD 48,,,Plein jour,En agglomération,Intersection en X,Pluie légère,Sans collision,,,,,,,,,,,1,2,2,2,7
200500009282,0005-02-15 13:35:00,5,2,15,13,35,780,5.0,"000, GARE ACHERES VILLE",,,Plein jour,En agglomération,Intersection en X,Normale,Deux véhicules - côté,,,,,,,,,,,1,2,2,1,3
200500009283,0005-02-24 15:10:00,5,2,24,15,10,780,172.0,RD 48,,,Plein jour,En agglomération,Hors intersection,Pluie légère,Sans collision,,,,,,,,,,,1,2,1,2,7
200500009284,0005-02-25 16:20:00,5,2,25,16,20,780,382.0,"0000, LIMOUSINES (RUE DE",,,Plein jour,En agglomération,Intersection en X,Normale,Deux véhicules - côté,,,,,,,,,,,1,2,2,1,3
200500009285,0005-02-06 18:20:00,5,2,6,18,20,780,490.0,DEUX PLATEAUX (ROUTE DES,,,Crépuscule ou aube,En agglomération,Giratoire,Normale,Deux véhicules - arrière,,,,,,,,,,,2,2,6,1,2
200500009286,0005-02-11 12:15:00,5,2,11,12,15,780,383.0,BUTTE ROUGE (RUE DE LA),,,Plein jour,En agglomération,Hors intersection,Pluie légère,Deux véhicules - frontale,,,,,,,,,,,1,2,1,2,1
200500009287,0005-02-12 16:25:00,5,2,12,16,25,780,208.0,GATINES (ROUTE DES),,,Plein jour,En agglomération,Hors intersection,Pluie forte,Deux véhicules - frontale,,,,,,,,,,,1,2,1,3,1
200500009288,0005-02-21 16:05:00,5,2,21,16,5,780,168.0,NATIONALE 10 (ROUTE),,,Plein jour,En agglomération,Intersection en X,Normale,Deux véhicules - arrière,,,,,,,,,,,1,2,2,1,2
200500009289,0005-02-21 17:40:00,5,2,21,17,40,780,490.0,DEPARTEMENTALE 11 (ROUTE,,,Plein jour,En agglomération,Hors intersection,Normale,Deux véhicules - arrière,,,,,,,,,,,1,2,1,1,2
200500009290,0005-02-21 21:15:00,5,2,21,21,15,780,490.0,DEPARTEMENTALE 11 (ROUTE,,,Nuit avec éclairage non allumé,En agglomération,Hors intersection,Normale,Sans collision,,,,,,,,,,,4,2,1,1,7
200500009291,0005-02-04 08:10:00,5,2,4,8,10,780,297.0,CROIZAT (RUE AMBROISE),,,Crépuscule ou aube,En agglomération,Hors intersection,Normale,Deux véhicules - frontale,,,,,,,,,,,2,2,1,1,1
200500009292,0005-02-08 07:49:00,5,2,8,7,49,780,423.0,"1, GARY (RUE ROMAIN)",,,Plein jour,En agglomération,Hors intersection,Normale,Autre collision,,,,,,,,,,,1,2,1,1,6
200500009293,0005-02-09 17:37:00,5,2,9,17,37,780,423.0,"inconnu, PRES (AVENUE DE",,,Plein jour,En agglomération,Hors intersection,Normale,Sans collision,,,,,,,,,,,1,2,1,1,7
200500009294,0005-02-22 07:50:00,5,2,22,7,50,780,423.0,RN 10,,,Crépuscule ou aube,En agglomération,Hors intersection,Neige / grêle,Deux véhicules - côté,,,,,,,,,,,2,2,1,4,3
200500009295,0005-02-09 05:45:00,5,2,9,5,45,780,124.0,GENERAL LECLERC (RUE DU),,,Nuit avec éclairage allumé,En agglomération,Hors intersection,Normale,Autre collision,,,,,,,,,,,5,2,1,1,6
200500009296,0005-02-12 10:25:00,5,2,12,10,25,780,311.0,"42, GABRIEL PERI (RUE)",,,Plein jour,En agglomération,Intersection en T,Pluie légère,Autre collision,,,,,,,,,,,1,2,3,2,6
200500009297,0005-02-24 13:35:00,5,2,24,13,35,780,124.0,PAUL DOUMER (RUE),,,Plein jour,En agglomération,Giratoire,Normale,Deux véhicules - côté,,,,,,,,,,,1,2,6,1,3
200500009298,0005-02-25 09:00:00,5,2,25,9,0,780,362.0,AVENUE DU BREUIL,,,Plein jour,En agglomération,Intersection en X,Normale,Deux véhicules - côté,,,,,,,,,,,1,2,2,1,3
200500009299,0005-02-22 16:30:00,5,2,22,16,30,780,502.0,"0, JOHN FITZGERALD KENNE",,,Plein jour,En agglomération,Hors intersection,Normale,Deux véhicules - arrière,,,,,,,,,,,1,2,1,1,2
200500009300,0005-02-22 07:30:00,5,2,22,7,30,780,674.0,"0, VILLEPREUX (CHEMIN DE",,,Crépuscule ou aube,En agglomération,Hors intersection,Neige / grêle,Deux véhicules - frontale,,,,,,,,,,,2,2,1,4,1
200500009301,0005-02-28 08:20:00,5,2,28,8,20,780,372.0,"0, PAUL LEPLAT (RUE)",,,Plein jour,En agglomération,Hors intersection,Normale,Trois véhicules et plus - en chaîne,,,,,,,,,,,1,2,1,1,4
200500009302,0005-02-07 15:10:00,5,2,7,15,10,780,440.0,MARYSE BASTIE (RUE),,,Plein jour,En agglomération,Giratoire,Normale,Deux véhicules - frontale,,,,,,,,,,,1,2,6,1,1
200500009303,0005-02-06 23:45:00,5,2,6,23,45,780,440.0,EUROPE (AVENUE DE L'),,,Nuit avec éclairage non allumé,En agglomération,Hors intersection,Normale,Sans collision,,,,,,,,,,,4,2,1,1,7
200500009304,0005-02-08 07:20:00,5,2,8,7,20,780,440.0,PAUL RAOULT (AVENUE),,,Plein jour,En agglomération,Giratoire,Normale,Autre collision,,,,,,,,,,,1,2,6,1,6
200500009305,0005-02-10 10:00:00,5,2,10,10,0,780,401.0,GEORGES CLEMENCEAU (RUE),,,Plein jour,En agglomération,Hors intersection,Normale,Deux véhicules - côté,,,,,,,,,,,1,2,1,1,3
200500009306,0005-02-11 13:00:00,5,2,11,13,0,780,401.0,MARECHAL JOFFRE (AVENUE,,,Plein jour,En agglomération,Hors intersection,Normale,Autre collision,,,,,,,,,,,1,2,1,1,6
200500009307,0005-02-12 18:30:00,5,2,12,18,30,780,238.0,MARECHAL FOCH (RUE DU),,,Crépuscule ou aube,En agglomération,Intersection en X,Normale,Deux véhicules - côté,,,,,,,,,,,2,2,2,1,3
200500009308,0005-02-09 10:45:00,5,2,9,10,45,780,29.0,COOPERATION (RUE DE LA),,,Plein jour,En agglomération,Intersection en T,Normale,Deux véhicules - frontale,,,,,,,,,,,1,2,3,1,1
200500009309,0005-02-22 11:50:00,5,2,22,11,50,780,238.0,CD 14,,,Plein jour,En agglomération,Hors intersection,Neige / grêle,Deux véhicules - frontale,,,,,,,,,,,1,2,1,4,1
200500009310,0005-02-26 17:47:00,5,2,26,17,47,780,401.0,RHIN ET DANUBE (PONT),,,Plein jour,En agglomération,Hors intersection,Normale,Deux véhicules - arrière,,,,,,,,,,,1,2,1,1,2
200500009311,0005-02-22 18:50:00,5,2,22,18,50,780,238.0,BAZEMONT (RUE),,,Nuit sans éclairage public,En agglomération,Hors intersection,Neige / grêle,Autre collision,,,,,,,,,,,3,2,1,4,6