accident_id,datetime,annee,mois,jour,heure,minute,departement,commune_insee,adresse,latitude,longitude,luminosite,agglomeration,intersection,meteo,collision,nb_vehicules,nb_usagers,nb_indemnes,nb_tues,nb_blesses_hosp,nb_blesses_legers,age_cond_1,age_cond_2,veh_type_cond_1,veh_type_cond_2,lum_code,agg_code,int_code,atm_code,col_code
200500009825,0005-02-18 15:20:00,5,2,18,15,20,930,46.0,"33, ROBERT SCHUMANN BOUL",,,Plein jour,En agglomération,Autre intersection,Normale,Deux véhicules - côté,,,,,,,,,,,1,2,9,1,3
200500009826,0005-02-19 19:50:00,5,2,19,19,50,930,46.0,"NR, MARX DORMOY BOULEVAR",,,Nuit avec éclairage allumé,En agglomération,Intersection en X,Normale,Deux véhicules - côté,,,,,,,,,,,5,2,2,1,3
200500009827,0005-02-20 16:20:00,5,2,20,16,20,930,46.0,"17, ALBERT CAMUS AVENUE",,,Plein jour,En agglomération,Hors intersection,Normale,Autre collision,,,,,,,,,,,1,2,1,1,6
200500009828,0005-02-24 08:30:00,5,2,24,8,30,930,15.0,"NR, BOIS DE BERNOUILLE R",,,Plein jour,En agglomération,Hors intersection,Normale,Deux véhicules - frontale,,,,,,,,,,,1,2,1,1,1
200500009829,0005-02-06 19:15:00,5,2,6,19,15,930,48.0,"01, RUFFINS (RUE DES)",,,Nuit avec éclairage allumé,En agglomération,Intersection en X,Normale,Autre collision,,,,,,,,,,,5,2,2,1,6
200500009830,0005-02-03 16:35:00,5,2,3,16,35,930,48.0,"20, GABRIEL PERI S2 (AVE",,,Plein jour,En agglomération,Hors intersection,Pluie légère,Deux véhicules - arrière,,,,,,,,,,,1,2,1,2,2
200500009831,0005-02-07 22:45:00,5,2,7,22,45,930,48.0,"72, JEANNE D'ARC (BOULEV",,,Nuit avec éclairage allumé,En agglomération,Hors intersection,Normale,Sans collision,,,,,,,,,,,5,2,1,1,7
200500009832,0005-02-08 12:20:00,5,2,8,12,20,930,48.0,ROSNY (RUE DE),,,Plein jour,En agglomération,Hors intersection,Normale,Deux véhicules - arrière,,,,,,,,,,,1,2,1,1,2
200500009833,0005-02-11 10:45:00,5,2,11,10,45,930,48.0,"25, PARIS (RUE DE)",,,Plein jour,En agglomération,Hors intersection,Normale,Trois véhicules et plus - en chaîne,,,,,,,,,,,1,2,1,1,4
200500009834,0005-02-15 18:40:00,5,2,15,18,40,930,48.0,"62, ROBESPIERRE (RUE)",,,Nuit avec éclairage allumé,En agglomération,Hors intersection,Normale,Autre collision,,,,,,,,,,,5,2,1,1,6
200500009835,0005-02-19 14:40:00,5,2,19,14,40,930,48.0,"128, SAINT DENIS (RUE)",,,Plein jour,En agglomération,Autre intersection,Normale,Deux véhicules - côté,,,,,,,,,,,1,2,9,1,3
200500009836,0005-02-20 13:50:00,5,2,20,13,50,930,48.0,"86, CHANZY (BOULEVARD)",,,Plein jour,En agglomération,Hors intersection,Normale,Autre collision,,,,,,,,,,,1,2,1,1,6
200500009837,0005-02-10 13:10:00,5,2,10,13,10,930,50.0,JEAN JAURES (AVENUE) COT,,,Plein jour,En agglomération,Intersection en T,Normale,Deux véhicules - côté,,,,,,,,,,,1,2,3,1,3
200500009838,0005-02-13 12:35:00,5,2,13,12,35,930,50.0,"21, MARECHAL FOCH (AVENU",,,Plein jour,En agglomération,Hors intersection,Pluie forte,Deux véhicules - côté,,,,,,,,,,,1,2,1,3,3
200500009839,0005-02-22 19:20:00,5,2,22,19,20,930,49.0,"19, GALLIENI (BOULEVARD)",,,Nuit avec éclairage allumé,En agglomération,Autre intersection,Temps couvert,Autre collision,,,,,,,,,,,5,2,9,8,6
200500009840,0005-02-26 11:40:00,5,2,26,11,40,930,50.0,"1-9, MARECHAL FOCH (AVEN",,,Plein jour,En agglomération,Hors intersection,Normale,Deux véhicules - côté,,,,,,,,,,,1,2,1,1,3
200500009841,0005-02-26 19:30:00,5,2,26,19,30,930,50.0,"86, GASTON NAVAILLE (RUE",,,Nuit avec éclairage allumé,En agglomération,Intersection à plus de 4 branches,Normale,Deux véhicules - frontale,,,,,,,,,,,5,2,5,1,1
200500009842,0005-02-02 19:00:00,5,2,2,19,0,930,51.0,"75, GOURNAY (ROUTE)",,,Nuit avec éclairage allumé,En agglomération,Intersection en T,Normale,Autre collision,,,,,,,,,,,5,2,3,1,6
200500009843,0005-02-08 16:30:00,5,2,8,16,30,930,51.0,"24, PAUL SERELLE",,,Plein jour,En agglomération,Hors intersection,Normale,Autre collision,,,,,,,,,,,1,2,1,1,6
200500009844,0005-02-10 19:05:00,5,2,10,19,5,930,51.0,"3, VINGT SIX AOUT 1944",,,Nuit avec éclairage allumé,En agglomération,Intersection en T,Normale,Deux véhicules - côté,,,,,,,,,,,5,2,3,1,3
200500009845,0005-02-12 11:30:00,5,2,12,11,30,930,51.0,MEDERIC (AVENUE),,,Plein jour,En agglomération,Intersection à plus de 4 branches,Pluie légère,Deux véhicules - côté,,,,,,,,,,,1,2,5,2,3
200500009846,0005-02-18 15:40:00,5,2,18,15,40,930,51.0,MEDERIC (AVENUE),,,Plein jour,En agglomération,Intersection en X,Normale,Deux véhicules - frontale,,,,,,,,,,,1,2,2,1,1
200500009847,0005-02-23 22:00:00,5,2,23,22,0,930,51.0,"16, VINGT SIX AOUT 1944",,,Nuit avec éclairage allumé,En agglomération,Intersection en T,Normale,Autre collision,,,,,,,,,,,5,2,3,1,6
200500009848,0005-02-28 22:00:00,5,2,28,22,0,930,51.0,"03, MARNOIS (NR 1 A 19)",,,Nuit avec éclairage allumé,En agglomération,Intersection en T,Normale,Deux véhicules - arrière,,,,,,,,,,,5,2,3,1,2
200500009849,0005-02-03 08:30:00,5,2,3,8,30,930,53.0,"84, JEAN JAURES (RUE)",,,Plein jour,En agglomération,Hors intersection,Normale,Autre collision,,,,,,,,,,,1,2,1,1,6
200500009850,0005-02-07 20:15:00,5,2,7,20,15,930,53.0,"33, GALLIENI",,,Nuit avec éclairage allumé,En agglomération,Autre intersection,Normale,Deux véhicules - côté,,,,,,,,,,,5,2,9,1,3
200500009851,0005-02-23 16:23:00,5,2,23,16,23,930,53.0,"1, MARCEAU (AVENUE)",,,Plein jour,En agglomération,Intersection en X,Normale,Deux véhicules - côté,,,,,,,,,,,1,2,2,1,3
200500009852,0005-02-28 14:00:00,5,2,28,14,0,930,53.0,GALLIENI,,,Plein jour,En agglomération,Intersection en T,Normale,Deux véhicules - côté,,,,,,,,,,,1,2,3,1,3
200500009853,0005-02-28 17:00:00,5,2,28,17,0,930,53.0,EUGENE DURIN (RUE),,,Plein jour,En agglomération,Intersection en X,Normale,Deux véhicules - côté,,,,,,,,,,,1,2,2,1,3
200500009854,0005-02-09 20:55:00,5,2,9,20,55,930,55.0,"93, CARTIER BRESSON DU 4",,,Nuit avec éclairage allumé,En agglomération,Hors intersection,Normale,Deux véhicules - côté,,,,,,,,,,,5,2,1,1,3
200500009855,0005-02-11 11:00:00,5,2,11,11,0,930,55.0,JEAN JAURES (AVENUE) (76,,,Plein jour,En agglomération,Hors intersection,Pluie légère,Autre collision,,,,,,,,,,,1,2,1,2,6
200500009856,0005-02-14 18:30:00,5,2,14,18,30,930,55.0,"46, DIVISION LECLERC (AV",,,Nuit avec éclairage allumé,En agglomération,Hors intersection,Pluie légère,Autre collision,,,,,,,,,,,5,2,1,2,6
200500009857,0005-02-27 03:25:00,5,2,27,3,25,930,55.0,"135mairie, JEAN LOLIVE (",,,Nuit avec éclairage allumé,En agglomération,Hors intersection,Pluie légère,Trois véhicules et plus - en chaîne,,,,,,,,,,,5,2,1,2,4
200500009858,0005-02-04 14:40:00,5,2,4,14,40,930,62.0,"24, NORD (BOULEVARD DU)",,,Plein jour,En agglomération,Hors intersection,Normale,Deux véhicules - côté,,,,,,,,,,,1,2,1,1,3
200500009859,0005-02-05 11:15:00,5,2,5,11,15,930,14.0,LA FONTAINE (ALLEE),,,Plein jour,En agglomération,Hors intersection,Normale,Deux véhicules - arrière,,,,,,,,,,,1,2,1,1,2
200500009860,0005-02-21 20:25:00,5,2,21,20,25,930,14.0,MAURICE HURON (ALLEE),,,Nuit avec éclairage allumé,En agglomération,Intersection en X,Pluie légère,Deux véhicules - côté,,,,,,,,,,,5,2,2,2,3
200500009861,0005-02-02 19:10:00,5,2,2,19,10,930,64.0,"49, LECLERC (RUE DU GENE",,,Crépuscule ou aube,En agglomération,Intersection en T,Temps couvert,Autre collision,,,,,,,,,,,2,2,3,8,6
200500009862,0005-02-07 20:40:00,5,2,7,20,40,930,64.0,"2, POLYANTHAS (RUE DES)",,,Nuit avec éclairage allumé,En agglomération,Hors intersection,Normale,Deux véhicules - côté,,,,,,,,,,,5,2,1,1,3
200500009863,0005-02-16 06:00:00,5,2,16,6,0,930,77.0,GRANDE RUE  18 / FIN,,,Crépuscule ou aube,En agglomération,Intersection en X,Normale,Deux véhicules - côté,,,,,,,,,,,2,2,2,1,3
200500009864,0005-02-18 13:15:00,5,2,18,13,15,930,64.0,"21 bis, LECLERC (RUE DU",,,Plein jour,En agglomération,Hors intersection,Normale,Autre collision,,,,,,,,,,,1,2,1,1,6
200500009865,0005-02-24 19:20:00,5,2,24,19,20,930,77.0,"37, GALLIENI (AVENUE DU",,,Nuit avec éclairage allumé,En agglomération,Hors intersection,Normale,Autre collision,,,,,,,,,,,5,2,1,1,6
200500009866,0005-02-26 12:55:00,5,2,26,12,55,930,64.0,"50, ROCHEBRUNE (RUE)",,,Plein jour,En agglomération,Hors intersection,Normale,Autre collision,,,,,,,,,,,1,2,1,1,6
200500009867,0005-02-03 08:30:00,5,2,3,8,30,930,66.0,"90, ""LANDY RD 20, NR PAI",,,Plein jour,En agglomération,Hors intersection,Normale,Autre collision,,,,,,,,,,,1,2,1,1,6
200500009868,0005-02-02 16:35:00,5,2,2,16,35,930,66.0,CROIZAT AMBROISE RD 29 B,,,Plein jour,En agglomération,Intersection en T,Normale,Deux véhicules - arrière,,,,,,,,,,,1,2,3,1,2
200500009869,0005-02-07 10:15:00,5,2,7,10,15,930,66.0,CROIZAT AMBROISE RD 29 B,,,Plein jour,En agglomération,Autre intersection,Normale,Deux véhicules - côté,,,,,,,,,,,1,2,9,1,3
200500009870,0005-02-09 21:10:00,5,2,9,21,10,930,66.0,CROIZAT AMBROISE RD 29 B,,,Nuit avec éclairage allumé,En agglomération,Hors intersection,Normale,Deux véhicules - côté,,,,,,,,,,,5,2,1,1,3
200500009871,0005-02-12 19:15:00,5,2,12,19,15,930,66.0,MARCENAC JEAN,,,Nuit avec éclairage allumé,En agglomération,Place,Normale,Autre collision,,,,,,,,,,,5,2,7,1,6
200500009872,0005-02-12 23:45:00,5,2,12,23,45,930,66.0,LENINE (AVENUE) NR 28 A,,,Nuit avec éclairage allumé,En agglomération,Intersection à plus de 4 branches,Pluie légère,Deux véhicules - côté,,,,,,,,,,,5,2,5,2,3
200500009873,0005-02-15 18:20:00,5,2,15,18,20,930,66.0,"1, VERDUN (AVENUE)",,,Nuit avec éclairage allumé,En agglomération,Intersection en X,Normale,Deux véhicules - frontale,,,,,,,,,,,5,2,2,1,1
200500009874,0005-02-15 23:36:00,5,2,15,23,36,930,66.0,STADE DE FRANCE (AVENUE,,,Nuit sans éclairage public,En agglomération,Hors intersection,Normale,Sans collision,,,,,,,,,,,3,2,1,1,7
200500009875,0005-02-15 20:40:00,5,2,15,20,40,930,66.0,LENINE (AVENUE) NR 2 A 2,,,Nuit avec éclairage allumé,En agglomération,Hors intersection,Normale,Trois véhicules et plus - en chaîne,,,,,,,,,,,5,2,1,1,4
200500009876,0005-02-17 22:10:00,5,2,17,22,10,930,66.0,"1, VAILLANT COUTURIER PA",,,Nuit avec éclairage allumé,En agglomération,Intersection en Y,Normale,Deux véhicules - côté,,,,,,,,,,,5,2,4,1,3
200500009877,0005-02-18 10:00:00,5,2,18,10,0,930,66.0,COLONEL FABIEN (AVENUE),,,Plein jour,En agglomération,Hors intersection,Normale,Autre collision,,,,,,,,,,,1,2,1,1,6
200500009878,0005-02-23 06:30:00,5,2,23,6,30,930,66.0,TREMIES,,,Plein jour,En agglomération,Intersection en T,Neige / grêle,Deux véhicules - arrière,,,,,,,,,,,1,2,3,4,2
200500009879,0005-02-24 21:00:00,5,2,24,21,0,930,66.0,VAILLANT COUTURIER PAUL,,,Nuit avec éclairage allumé,En agglomération,Giratoire,Pluie légère,Trois véhicules et plus - collisions multiples,,,,,,,,,,,5,2,6,2,5
200500009880,0005-02-28 09:35:00,5,2,28,9,35,930,66.0,WILSON (AVENUE DU PRESID,,,Plein jour,En agglomération,Intersection en T,Normale,Autre collision,,,,,,,,,,,1,2,3,1,6
200500009881,0005-02-27 03:00:00,5,2,27,3,0,930,66.0,LENINE (AVENUE) NR 28 A,,,Nuit avec éclairage allumé,En agglomération,Intersection en X,Normale,Trois véhicules et plus - collisions multiples,,,,,,,,,,,5,2,2,1,5
200500009882,0005-02-19 18:40:00,5,2,19,18,40,930,66.0,"1, WILSON (AVENUE DU PRE",,,Plein jour,En agglomération,Intersection en X,Normale,Trois véhicules et plus - collisions multiples,,,,,,,,,,,1,2,2,1,5
200500009883,0005-02-10 13:10:00,5,2,10,13,10,930,70.0,"NC, AMPERE(RUE)",,,Plein jour,En agglomération,Hors intersection,Normale,Autre collision,,,,,,,,,,,1,2,1,1,6
200500009884,0005-02-11 22:00:00,5,2,11,22,0,930,70.0,"79 - 81, DOCTEUR BAUER(R",,,Nuit avec éclairage allumé,En agglomération,Hors intersection,Pluie forte,Autre collision,,,,,,,,,,,5,2,1,3,6
200500009885,0005-02-02 08:10:00,5,2,2,8,10,930,71.0,"néant, EDOUARD VAILLANT",,,Plein jour,En agglomération,Intersection en X,Pluie légère,Deux véhicules - côté,,,,,,,,,,,1,2,2,2,3
200500009886,0005-02-03 13:40:00,5,2,3,13,40,930,71.0,"32, AULNAY (RUE D')",,,Plein jour,En agglomération,Hors intersection,Pluie légère,Autre collision,,,,,,,,,,,1,2,1,2,6
200500009887,0005-02-08 07:10:00,5,2,8,7,10,930,71.0,WESTINGHOUSE (BOULEVARD),,,Nuit avec éclairage allumé,En agglomération,Hors intersection,Normale,Autre collision,,,,,,,,,,,5,2,1,1,6
200500009888,0005-02-21 19:50:00,5,2,21,19,50,930,71.0,"néant, BIR HAKEIM (ALLEE",,,Nuit avec éclairage allumé,En agglomération,Intersection en X,Normale,Deux véhicules - côté,,,,,,,,,,,5,2,2,1,3
200500009889,0005-02-06 21:10:00,5,2,6,21,10,930,78.0,BALLANGER (BD ROBERT),,,Nuit avec éclairage allumé,En agglomération,Intersection en X,Normale,Sans collision,,,,,,,,,,,5,2,2,1,7
200500009890,0005-02-06 22:50:00,5,2,6,22,50,930,78.0,BARBES (AVENUE),,,Nuit avec éclairage allumé,En agglomération,Intersection à plus de 4 branches,Normale,Deux véhicules - côté,,,,,,,,,,,5,2,5,1,3
200500009891,0005-02-07 13:00:00,5,2,7,13,0,930,73.0,"5, ESCHARD (RUE LOUIS)",,,Plein jour,En agglomération,Hors intersection,Normale,Deux véhicules - arrière,,,,,,,,,,,1,2,1,1,2
200500009892,0005-02-12 13:15:00,5,2,12,13,15,930,73.0,", PASTEUR (AVENUE)",,,Plein jour,En agglomération,Intersection en X,Pluie légère,Autre collision,,,,,,,,,,,1,2,2,2,6
200500009893,0005-02-14 21:30:00,5,2,14,21,30,930,78.0,BALLANGER (BD ROBERT),,,Nuit avec éclairage allumé,En agglomération,Intersection en X,Normale,Deux véhicules - côté,,,,,,,,,,,5,2,2,1,3
200500009894,0005-02-19 22:45:00,5,2,19,22,45,930,78.0,BALLANGER (BD ROBERT),,,Nuit avec éclairage allumé,En agglomération,Hors intersection,Normale,Deux véhicules - arrière,,,,,,,,,,,5,2,1,1,2
200500009895,0005-02-23 07:15:00,5,2,23,7,15,930,78.0,BALLANGER (BD ROBERT),,,Nuit avec éclairage allumé,En agglomération,Autre intersection,Neige / grêle,Autre collision,,,,,,,,,,,5,2,9,4,6
200500009896,0005-02-24 12:45:00,5,2,24,12,45,930,78.0,COUTURIER (AVENUE PAUL V,,,Plein jour,En agglomération,Intersection en T,Normale,Deux véhicules - frontale,,,,,,,,,,,1,2,3,1,1
200500009897,0005-02-24 16:50:00,5,2,24,16,50,930,78.0,GARE (AVENUE DE LA),,,Plein jour,En agglomération,Place,Temps couvert,Autre collision,,,,,,,,,,,1,2,7,8,6
200500009898,0005-02-01 07:55:00,5,2,1,7,55,940,2.0,"86, ETIENNE DOLET (R)",,,Crépuscule ou aube,En agglomération,Intersection en T,Temps couvert,Sans collision,,,,,,,,,,,2,2,3,8,7
200500009899,0005-02-03 12:20:00,5,2,3,12,20,940,2.0,PREDIDENT KENNEDY (R DU),,,Plein jour,En agglomération,Intersection en T,Temps couvert,Deux véhicules - frontale,,,,,,,,,,,1,2,3,8,1
200500009900,0005-02-18 17:45:00,5,2,18,17,45,940,2.0,"20, VERON (R)",,,Crépuscule ou aube,En agglomération,Hors intersection,Normale,Autre collision,,,,,,,,,,,2,2,1,1,6
200500009901,0005-02-23 17:00:00,5,2,23,17,0,940,2.0,"13, BLANQUI (QU)",,,Plein jour,En agglomération,Hors intersection,Temps couvert,Autre collision,,,,,,,,,,,1,2,1,8,6
200500009902,0005-02-28 16:45:00,5,2,28,16,45,940,2.0,"0, SEINE (R DE)",,,Plein jour,En agglomération,Intersection en X,Normale,Deux véhicules - côté,,,,,,,,,,,1,2,2,1,3
200500009903,0005-02-27 20:40:00,5,2,27,20,40,940,2.0,"3 BIS, GRENOBLE (R DE)",,,Nuit avec éclairage allumé,En agglomération,Hors intersection,Normale,Deux véhicules - frontale,,,,,,,,,,,5,2,1,1,1
200500009904,0005-02-03 14:40:00,5,2,3,14,40,940,44.0,"38, VALENTON (AV DE)",,,Plein jour,En agglomération,Hors intersection,Pluie légère,Autre collision,,,,,,,,,,,1,2,1,2,6
200500009905,0005-02-04 09:50:00,5,2,4,9,50,940,71.0,BONNEUIL (AV DE),,,Plein jour,En agglomération,Intersection en T,Normale,Deux véhicules - côté,,,,,,,,,,,1,2,3,1,3
200500009906,0005-02-05 18:05:00,5,2,5,18,5,940,75.0,"0, LIEUTENANT DAGORNO (R",,,Plein jour,En agglomération,Hors intersection,Normale,Autre collision,,,,,,,,,,,1,2,1,1,6
200500009907,0005-02-09 19:00:00,5,2,9,19,0,940,44.0,"0, PASTEUR (R)",,,Crépuscule ou aube,En agglomération,Hors intersection,Normale,Autre collision,,,,,,,,,,,2,2,1,1,6
200500009908,0005-02-11 23:20:00,5,2,11,23,20,940,48.0,route nationale 19,,,Nuit avec éclairage allumé,En agglomération,Intersection en X,Pluie légère,Trois véhicules et plus - collisions multiples,,,,,,,,,,,5,2,2,2,5
200500009909,0005-02-15 09:10:00,5,2,15,9,10,940,44.0,GENERAL LECLERC (AV DU),,,Plein jour,En agglomération,Hors intersection,Normale,Trois véhicules et plus - collisions multiples,,,,,,,,,,,1,2,1,1,5
200500009910,0005-02-17 17:50:00,5,2,17,17,50,940,71.0,"17, VERTE (CITE)",,,Plein jour,En agglomération,Hors intersection,Normale,Autre collision,,,,,,,,,,,1,2,1,1,6
200500009911,0005-02-12 18:25:00,5,2,12,18,25,940,71.0,GENERAL LECLERC (R DU),,,Crépuscule ou aube,En agglomération,Intersection en T,Normale,Deux véhicules - côté,,,,,,,,,,,2,2,3,1,3
200500009912,0005-02-08 19:15:00,5,2,8,19,15,940,17.0,"00, JEAN JAURES (R)",,,Nuit avec éclairage allumé,En agglomération,Intersection en X,Normale,Autre collision,,,,,,,,,,,5,2,2,1,6
200500009913,0005-02-11 11:45:00,5,2,11,11,45,940,17.0,GENERAL DE GAULLE (AV DU,,,Plein jour,En agglomération,Intersection en X,Pluie légère,Deux véhicules - arrière,,,,,,,,,,,1,2,2,2,2
200500009914,0005-02-17 22:50:00,5,2,17,22,50,940,17.0,"73 bis, ROGER SALENGRO (",,,Nuit avec éclairage allumé,En agglomération,Hors intersection,Normale,Deux véhicules - côté,,,,,,,,,,,5,2,1,1,3
200500009915,0005-02-22 12:10:00,5,2,22,12,10,940,17.0,"40, GENERAL DE GAULLE (A",,,Plein jour,En agglomération,Hors intersection,Neige / grêle,Deux véhicules - côté,,,,,,,,,,,1,2,1,4,3
200500009916,0005-02-23 15:30:00,5,2,23,15,30,940,17.0,"00, PLESSIS TREVISE (R D",,,Plein jour,En agglomération,Intersection en T,Normale,Deux véhicules - côté,,,,,,,,,,,1,2,3,1,3
200500009917,0005-02-28 14:00:00,5,2,28,14,0,940,17.0,"61, MARCHE ROLLAY (R DU)",,,Plein jour,En agglomération,Hors intersection,Normale,Autre collision,,,,,,,,,,,1,2,1,1,6
200500009918,0005-02-02 13:36:00,5,2,2,13,36,940,19.0,"30, JACQUES SOLOMON (R)",,,Plein jour,En agglomération,Hors intersection,Normale,Sans collision,,,,,,,,,,,1,2,1,1,7
200500009919,0005-02-16 15:45:00,5,2,16,15,45,940,55.0,"12, OLIVIER D ORMESSON (",,,Plein jour,En agglomération,Hors intersection,Normale,Trois véhicules et plus - en chaîne,,,,,,,,,,,1,2,1,1,4
200500009920,0005-02-18 12:30:00,5,2,18,12,30,940,19.0,"14, GENERAL DE GAULLE (R",,,Plein jour,En agglomération,Hors intersection,Normale,Deux véhicules - côté,,,,,,,,,,,1,2,1,1,3
200500009921,0005-02-17 01:50:00,5,2,17,1,50,940,79.0,"12, PIERRE DOBOEUF ET MI",,,Nuit avec éclairage allumé,En agglomération,Intersection en T,Normale,Deux véhicules - côté,,,,,,,,,,,5,2,3,1,3
200500009922,0005-02-28 13:50:00,5,2,28,13,50,940,60.0,LIBERATION (R DE LA),,,Plein jour,En agglomération,Intersection en X,Normale,Deux véhicules - frontale,,,,,,,,,,,1,2,2,1,1
200500009923,0005-02-17 16:45:00,5,2,17,16,45,940,22.0,JEAN JAURES (R),,,Plein jour,En agglomération,Hors intersection,Normale,Autre collision,,,,,,,,,,,1,2,1,1,6
200500009924,0005-02-26 16:30:00,5,2,26,16,30,940,22.0,"0, VICTOR HUGO (AV)",,,Plein jour,En agglomération,Hors intersection,Normale,Deux véhicules - côté,,,,,,,,,,,1,2,1,1,3
200500009925,0005-02-05 11:40:00,5,2,5,11,40,940,54.0,ISABELLE GAMBLES (R),,,Plein jour,En agglomération,Hors intersection,Normale,Deux véhicules - côté,,,,,,,,,,,1,2,1,1,3
200500009926,0005-02-16 08:05:00,5,2,16,8,5,940,22.0,"39, LUGO (AV DE)",,,Crépuscule ou aube,En agglomération,Hors intersection,Normale,Autre collision,,,,,,,,,,,2,2,1,1,6
200500009927,0005-02-28 19:15:00,5,2,28,19,15,940,54.0,"0, BAS MARIN (R DU)",,,Nuit avec éclairage allumé,En agglomération,Intersection en T,Normale,Deux véhicules - côté,,,,,,,,,,,5,2,3,1,3
200500009928,0005-02-04 10:50:00,5,2,4,10,50,940,28.0,"12-14, HUIT MAI 1945.(RU",,,Plein jour,En agglomération,Hors intersection,Normale,Autre collision,,,,,,,,,,,1,2,1,1,6
200500009929,0005-02-05 18:00:00,5,2,5,18,0,940,28.0,"10, DEMENITROUX(RUE MAUR",,,Nuit avec éclairage allumé,En agglomération,Hors intersection,Normale,Deux véhicules - côté,,,,,,,,,,,5,2,1,1,3
200500009930,0005-02-06 17:40:00,5,2,6,17,40,940,28.0,"55, SAVAR.(RUE JULIETTE)",,,Crépuscule ou aube,En agglomération,Hors intersection,Normale,Autre collision,,,,,,,,,,,2,2,1,1,6
200500009931,0005-02-09 17:30:00,5,2,9,17,30,940,28.0,"0, TASSIGNY(AVE DU MAREC",,,Plein jour,En agglomération,Hors intersection,Normale,Deux véhicules - arrière,,,,,,,,,,,1,2,1,1,2
200500009932,0005-02-10 15:40:00,5,2,10,15,40,940,11.0,"0, STAINS(ROUTE DE)",,,Plein jour,En agglomération,Hors intersection,Normale,Autre collision,,,,,,,,,,,1,2,1,1,6
200500009933,0005-02-11 18:00:00,5,2,11,18,0,940,11.0,STAINS(ROUTE DE),,,Crépuscule ou aube,En agglomération,Hors intersection,Normale,Trois véhicules et plus - en chaîne,,,,,,,,,,,2,2,1,1,4
200500009934,0005-02-13 23:05:00,5,2,13,23,5,940,11.0,RHIN ET DANUBE(RUE DU),,,Nuit avec éclairage allumé,En agglomération,Intersection en X,Normale,Deux véhicules - côté,,,,,,,,,,,5,2,2,1,3
200500009935,0005-02-13 14:15:00,5,2,13,14,15,940,11.0,COLONEL FABIEN(RUE DU),,,Plein jour,En agglomération,Intersection en X,Normale,Deux véhicules - côté,,,,,,,,,,,1,2,2,1,3
200500009936,0005-02-11 09:40:00,5,2,11,9,40,940,28.0,"4, POMPADOUR(ROUTE DE LA",,,Plein jour,En agglomération,Hors intersection,Normale,Autre collision,,,,,,,,,,,1,2,1,1,6
200500009937,0005-02-23 08:00:00,5,2,23,8,0,940,28.0,MARAIS(CHEMIN DES),,,Plein jour,En agglomération,Hors intersection,Neige / grêle,Deux véhicules - côté,,,,,,,,,,,1,2,1,4,3
200500009938,0005-02-25 07:05:00,5,2,25,7,5,940,11.0,PORT AUTONOME.,,,Plein jour,En agglomération,Hors intersection,Neige / grêle,Deux véhicules - côté,,,,,,,,,,,1,2,1,4,3
200500009939,0005-02-25 23:25:00,5,2,25,23,25,940,28.0,"0, DUHAMEL(RUE GEORGES)",,,Nuit avec éclairage non allumé,En agglomération,Hors intersection,Normale,Autre collision,,,,,,,,,,,4,2,1,1,6
200500009940,0005-02-28 10:40:00,5,2,28,10,40,940,28.0,"1, GAULLE(AVENUE DU GENE",,,Plein jour,En agglomération,Hors intersection,Normale,Autre collision,,,,,,,,,,,1,2,1,1,6
200500009941,0005-02-28 11:27:00,5,2,28,11,27,940,28.0,"6, PETITES HAYES.(AVENUE",,,Plein jour,En agglomération,Hors intersection,Normale,Autre collision,,,,,,,,,,,1,2,1,1,6
200500009942,0005-02-28 15:40:00,5,2,28,15,40,940,28.0,GAULLE(AVENUE DU GENERAL,,,Plein jour,En agglomération,Intersection en T,Normale,Deux véhicules - côté,,,,,,,,,,,1,2,3,1,3
200500009943,0005-02-19 15:15:00,5,2,19,15,15,940,43.0,"15, FONTAINEBLEAU (AV DE",,,Plein jour,En agglomération,Hors intersection,Normale,Autre collision,,,,,,,,,,,1,2,1,1,6
200500009944,0005-02-02 09:55:00,5,2,2,9,55,940,76.0,"12, PAUL VAILLANT COUTUR",,,Plein jour,En agglomération,Hors intersection,Normale,Autre collision,,,,,,,,,,,1,2,1,1,6
200500009945,0005-02-03 09:30:00,5,2,3,9,30,940,3.0,"17, PAUL VAILLANT COUTUR",,,Plein jour,En agglomération,Hors intersection,Normale,Autre collision,,,,,,,,,,,1,2,1,1,6
200500009946,0005-02-12 16:40:00,5,2,12,16,40,940,76.0,"67, STALINGRAD (AV DE)",,,Plein jour,En agglomération,Hors intersection,Normale,Trois véhicules et plus - en chaîne,,,,,,,,,,,1,2,1,1,4
200500009947,0005-02-14 09:20:00,5,2,14,9,20,940,76.0,"3, ROBESPIERRE (R)",,,Plein jour,En agglomération,Hors intersection,Normale,Autre collision,,,,,,,,,,,1,2,1,1,6
200500009948,0005-02-17 17:45:00,5,2,17,17,45,940,43.0,CONVENTION (R DE LA),,,Plein jour,En agglomération,Hors intersection,Normale,Autre collision,,,,,,,,,,,1,2,1,1,6
200500009949,0005-02-17 12:30:00,5,2,17,12,30,940,16.0,"10, VATIER (AV)",,,Plein jour,En agglomération,Hors intersection,Normale,Autre collision,,,,,,,,,,,1,2,1,1,6
200500009950,0005-02-18 18:30:00,5,2,18,18,30,940,3.0,"45, PAUL VAILLANT COUTUR",,,Crépuscule ou aube,En agglomération,Hors intersection,Pluie forte,Deux véhicules - arrière,,,,,,,,,,,2,2,1,3,2
200500009951,0005-02-19 00:20:00,5,2,19,0,20,940,76.0,KARL MARX (AV),,,Nuit avec éclairage allumé,En agglomération,Intersection en T,Normale,Deux véhicules - côté,,,,,,,,,,,5,2,3,1,3