accident_id,datetime,annee,mois,jour,heure,minute,departement,commune_insee,adresse,latitude,longitude,luminosite,agglomeration,intersection,meteo,collision,nb_vehicules,nb_usagers,nb_indemnes,nb_tues,nb_blesses_hosp,nb_blesses_legers,age_cond_1,age_cond_2,veh_type_cond_1,veh_type_cond_2,lum_code,agg_code,int_code,atm_code,col_code
200500010082,0005-02-11 13:05:00,5,2,11,13,5,201,4.0,"SANS, VERDUN AVENUE DE",,,Plein jour,En agglomération,Hors intersection,Normale,Autre collision,,,,,,,,,,,1,2,1,1,6
200500010083,0005-02-14 13:25:00,5,2,14,13,25,201,4.0,"SANS, SUARTELLO CHEMIN D",,,Plein jour,En agglomération,Hors intersection,Normale,Deux véhicules - côté,,,,,,,,,,,1,2,1,1,3
200500010084,0005-02-16 09:49:00,5,2,16,9,49,201,4.0,"SANS, CASALONGA SERGENT",,,Plein jour,En agglomération,Hors intersection,Normale,Autre collision,,,,,,,,,,,1,2,1,1,6
200500010085,0005-02-18 11:50:00,5,2,18,11,50,201,4.0,"SANS, 1ER CONSUL RCE RUE",,,Plein jour,En agglomération,Hors intersection,Normale,Deux véhicules - côté,,,,,,,,,,,1,2,1,1,3
200500010086,0005-02-17 15:00:00,5,2,17,15,0,201,4.0,HOPITAL DE LA MISERICORD,,,Plein jour,En agglomération,Hors intersection,Normale,Autre collision,,,,,,,,,,,1,2,1,1,6
200500010087,0005-02-25 15:37:00,5,2,25,15,37,201,4.0,"sans, COTY FRANCOIS RUE",,,Plein jour,En agglomération,Hors intersection,Normale,Autre collision,,,,,,,,,,,1,2,1,1,6
200500010088,0005-02-26 10:45:00,5,2,26,10,45,201,4.0,"SANS, NICOLI JEAN COURS",,,Plein jour,En agglomération,Hors intersection,Pluie légère,Deux véhicules - arrière,,,,,,,,,,,1,2,1,2,2
200500010089,0005-02-28 21:15:00,5,2,28,21,15,201,4.0,"SANS, CALVI  ROUTE",,,Nuit avec éclairage allumé,En agglomération,Hors intersection,Normale,Autre collision,,,,,,,,,,,5,2,1,1,6
200500010090,0005-02-09 16:50:00,5,2,9,16,50,690,381.0,"3, PRESIDENT EDOUARD HER",,,Plein jour,En agglomération,Hors intersection,Normale,Deux véhicules - arrière,,,,,,,,,,,1,2,1,1,2
200500010091,0005-02-19 03:40:00,5,2,19,3,40,690,381.0,"14, ANDRE LASSAGNE",,,Nuit avec éclairage allumé,En agglomération,Hors intersection,Neige / grêle,Deux véhicules - côté,,,,,,,,,,,5,2,1,4,3
200500010092,0005-02-01 04:30:00,5,2,1,4,30,940,73.0,RN406.W,,,Nuit avec éclairage allumé,Hors agglomération,Hors intersection,Pluie légère,Autre collision,,,,,,,,,,,5,1,1,2,6
200500010093,0005-02-01 10:50:00,5,2,1,10,50,770,249.0,A86,,,Plein jour,Hors agglomération,Hors intersection,Normale,Sans collision,,,,,,,,,,,1,1,1,1,7
200500010094,0005-02-01 17:00:00,5,2,1,17,0,940,42.0,A4,,,Plein jour,Hors agglomération,Hors intersection,Normale,Trois véhicules et plus - en chaîne,,,,,,,,,,,1,1,1,1,4
200500010095,0005-02-03 18:45:00,5,2,3,18,45,770,294.0,A104,,,Nuit avec éclairage allumé,Hors agglomération,Hors intersection,Normale,Trois véhicules et plus - en chaîne,,,,,,,,,,,5,1,1,1,4
200500010096,0005-02-04 08:20:00,5,2,4,8,20,940,17.0,A4,,,Plein jour,Hors agglomération,Hors intersection,Normale,Deux véhicules - côté,,,,,,,,,,,1,1,1,1,3
200500010097,0005-02-05 21:30:00,5,2,5,21,30,940,18.0,A4,,,Nuit avec éclairage allumé,Hors agglomération,Hors intersection,Normale,Autre collision,,,,,,,,,,,5,1,1,1,6
200500010098,0005-02-06 02:55:00,5,2,6,2,55,770,337.0,RN104,,,Nuit sans éclairage public,Hors agglomération,Hors intersection,Normale,Trois véhicules et plus - collisions multiples,,,,,,,,,,,3,1,1,1,5
200500010099,0005-02-07 06:50:00,5,2,7,6,50,770,258.0,A104.INT,,,Crépuscule ou aube,Hors agglomération,Hors intersection,Normale,Deux véhicules - arrière,,,,,,,,,,,2,1,1,1,2
200500010100,0005-02-07 08:25:00,5,2,7,8,25,940,22.0,A5.B,,,Plein jour,Hors agglomération,Hors intersection,Normale,Deux véhicules - arrière,,,,,,,,,,,1,1,1,1,2
200500010101,0005-02-07 11:55:00,5,2,7,11,55,940,28.0,A5,,,Plein jour,Hors agglomération,Hors intersection,Normale,Deux véhicules - arrière,,,,,,,,,,,1,1,1,1,2
200500010102,0005-02-07 14:00:00,5,2,7,14,0,940,28.0,A4.Y,,,Plein jour,Hors agglomération,Hors intersection,Normale,Deux véhicules - côté,,,,,,,,,,,1,1,1,1,3
200500010103,0005-02-11 13:45:00,5,2,11,13,45,940,17.0,A4,,,Plein jour,Hors agglomération,Hors intersection,Pluie légère,Trois véhicules et plus - en chaîne,,,,,,,,,,,1,1,1,2,4
200500010104,0005-02-11 16:15:00,5,2,11,16,15,770,175.0,A86,,,Plein jour,Hors agglomération,Hors intersection,Normale,Trois véhicules et plus - collisions multiples,,,,,,,,,,,1,1,1,1,5
200500010105,0005-02-11 16:10:00,5,2,11,16,10,770,258.0,A86.EXT,,,Plein jour,Hors agglomération,Hors intersection,Pluie légère,Deux véhicules - côté,,,,,,,,,,,1,1,1,2,3
200500010106,0005-02-13 01:55:00,5,2,13,1,55,770,348.0,Autoroute A104,,,Nuit sans éclairage public,Hors agglomération,Hors intersection,Normale,Sans collision,,,,,,,,,,,3,1,1,1,7
200500010107,0005-02-13 08:20:00,5,2,13,8,20,940,69.0,A4,,,Plein jour,Hors agglomération,Hors intersection,Normale,Sans collision,,,,,,,,,,,1,1,1,1,7
200500010108,0005-02-13 13:45:00,5,2,13,13,45,770,294.0,A86.INT,,,Plein jour,Hors agglomération,Hors intersection,Pluie légère,Autre collision,,,,,,,,,,,1,1,1,2,6
200500010109,0005-02-13 18:00:00,5,2,13,18,0,940,44.0,A86,,,Crépuscule ou aube,Hors agglomération,Hors intersection,Temps couvert,Autre collision,,,,,,,,,,,2,1,1,8,6
200500010110,0005-02-14 04:55:00,5,2,14,4,55,940,73.0,A86,,,Nuit avec éclairage allumé,Hors agglomération,Hors intersection,Normale,Autre collision,,,,,,,,,,,5,1,1,1,6
200500010111,0005-02-15 06:50:00,5,2,15,6,50,770,18.0,A4,,,Nuit avec éclairage non allumé,Hors agglomération,Hors intersection,Normale,Sans collision,,,,,,,,,,,4,1,1,1,7
200500010112,0005-02-15 14:00:00,5,2,15,14,0,940,33.0,A4,,,Plein jour,Hors agglomération,Hors intersection,Normale,Deux véhicules - côté,,,,,,,,,,,1,1,1,1,3
200500010113,0005-02-16 15:00:00,5,2,16,15,0,750,112.0,A86.INT,,,Plein jour,Hors agglomération,Hors intersection,Normale,Trois véhicules et plus - en chaîne,,,,,,,,,,,1,1,1,1,4
200500010114,0005-02-14 21:25:00,5,2,14,21,25,770,175.0,A4,,,Nuit sans éclairage public,Hors agglomération,Hors intersection,Pluie légère,Autre collision,,,,,,,,,,,3,1,1,2,6
200500010115,0005-02-17 19:00:00,5,2,17,19,0,940,46.0,A4.Y,,,Plein jour,Hors agglomération,Hors intersection,Normale,Sans collision,,,,,,,,,,,1,1,1,1,7
200500010116,0005-02-18 21:20:00,5,2,18,21,20,770,337.0,VPO.INT,,,Nuit sans éclairage public,Hors agglomération,Hors intersection,Normale,Sans collision,,,,,,,,,,,3,1,1,1,7
200500010117,0005-02-18 21:45:00,5,2,18,21,45,770,294.0,A86.INT,,,Nuit sans éclairage public,Hors agglomération,Hors intersection,Pluie légère,Sans collision,,,,,,,,,,,3,1,1,2,7
200500010118,0005-02-19 20:00:00,5,2,19,20,0,770,372.0,RN104,,,Nuit sans éclairage public,Hors agglomération,Hors intersection,Normale,Deux véhicules - arrière,,,,,,,,,,,3,1,1,1,2
200500010119,0005-02-20 06:25:00,5,2,20,6,25,770,121.0,A104.EXT,,,Crépuscule ou aube,Hors agglomération,Hors intersection,Temps couvert,Autre collision,,,,,,,,,,,2,1,1,8,6
200500010120,0005-02-21 10:50:00,5,2,21,10,50,770,363.0,A104,,,Plein jour,Hors agglomération,Hors intersection,Normale,Trois véhicules et plus - en chaîne,,,,,,,,,,,1,1,1,1,4
200500010121,0005-02-22 17:15:00,5,2,22,17,15,940,44.0,A86.EXT,,,Plein jour,Hors agglomération,Hors intersection,Temps couvert,Autre collision,,,,,,,,,,,1,1,1,8,6
200500010122,0005-02-23 10:45:00,5,2,23,10,45,930,51.0,Autoroute A4,,,Plein jour,Hors agglomération,Hors intersection,Neige / grêle,Deux véhicules - arrière,,,,,,,,,,,1,1,1,4,2
200500010123,0005-02-25 22:20:00,5,2,25,22,20,940,18.0,A4,,,Nuit avec éclairage allumé,Hors agglomération,Hors intersection,Normale,Deux véhicules - côté,,,,,,,,,,,5,1,1,1,3
200500010124,0005-02-25 23:45:00,5,2,25,23,45,770,294.0,A86.INT,,,Nuit sans éclairage public,Hors agglomération,Hors intersection,Temps couvert,Sans collision,,,,,,,,,,,3,1,1,8,7
200500010125,0005-02-27 04:45:00,5,2,27,4,45,770,169.0,RN104,,,Nuit sans éclairage public,Hors agglomération,Hors intersection,Neige / grêle,Sans collision,,,,,,,,,,,3,1,1,4,7
200500010126,0005-02-27 08:00:00,5,2,27,8,0,770,249.0,A86,,,Plein jour,Hors agglomération,Hors intersection,Neige / grêle,Sans collision,,,,,,,,,,,1,1,1,4,7
200500010127,0005-02-28 07:00:00,5,2,28,7,0,940,46.0,A4.Y,,,Nuit avec éclairage allumé,Hors agglomération,Hors intersection,Normale,Trois véhicules et plus - collisions multiples,,,,,,,,,,,5,1,1,1,5
200500010128,0005-02-28 07:11:00,5,2,28,7,11,770,175.0,A86,,,Crépuscule ou aube,Hors agglomération,Hors intersection,Normale,Trois véhicules et plus - collisions multiples,,,,,,,,,,,2,1,1,1,5
200500010129,0005-02-05 10:25:00,5,2,5,10,25,940,69.0,A4,,,Plein jour,Hors agglomération,Hors intersection,Normale,Deux véhicules - côté,,,,,,,,,,,1,1,1,1,3
200500010130,0005-02-11 11:29:00,5,2,11,11,29,770,373.0,RN406.Y,,,Plein jour,Hors agglomération,Hors intersection,Pluie légère,Deux véhicules - côté,,,,,,,,,,,1,1,1,2,3
200500010131,0005-02-12 13:50:00,5,2,12,13,50,770,249.0,A86,,,Plein jour,Hors agglomération,Hors intersection,Pluie légère,Deux véhicules - côté,,,,,,,,,,,1,1,1,2,3
200500010132,0005-02-01 07:15:00,5,2,1,7,15,950,28.0,R.D. 104,,,Nuit sans éclairage public,Hors agglomération,Hors intersection,Pluie légère,Autre collision,,,,,,,,,,,3,1,1,2,6
200500010133,0005-02-01 09:50:00,5,2,1,9,50,950,582.0,AUTOROUTE A115,,,Plein jour,Hors agglomération,Hors intersection,Normale,Trois véhicules et plus - en chaîne,,,,,,,,,,,1,1,1,1,4
200500010134,0005-02-01 15:45:00,5,2,1,15,45,930,10.0,AUTOROUTE A86,,,Plein jour,Hors agglomération,Hors intersection,Normale,Trois véhicules et plus - en chaîne,,,,,,,,,,,1,1,1,1,4
200500010135,0005-02-02 23:30:00,5,2,2,23,30,950,582.0,AUTOROUTE A115,,,Nuit avec éclairage allumé,Hors agglomération,Hors intersection,Normale,Sans collision,,,,,,,,,,,5,1,1,1,7
200500010136,0005-02-02 07:45:00,5,2,2,7,45,930,32.0,AUTOROUTE A1,,,Nuit avec éclairage non allumé,Hors agglomération,Hors intersection,Pluie légère,Deux véhicules - arrière,,,,,,,,,,,4,1,1,2,2
200500010137,0005-02-03 08:40:00,5,2,3,8,40,950,306.0,AUTOROUTE A15,,,Plein jour,Hors agglomération,Hors intersection,Normale,Deux véhicules - côté,,,,,,,,,,,1,1,1,1,3
200500010138,0005-02-03 18:20:00,5,2,3,18,20,950,527.0,AUTOROUTE A1,,,Nuit avec éclairage allumé,Hors agglomération,Hors intersection,Normale,Deux véhicules - arrière,,,,,,,,,,,5,1,1,1,2
200500010139,0005-02-04 14:00:00,5,2,4,14,0,930,27.0,AUTOROUTE A86,,,Plein jour,Hors agglomération,Hors intersection,Normale,Sans collision,,,,,,,,,,,1,1,1,1,7
200500010140,0005-02-04 00:05:00,5,2,4,0,5,950,252.0,AUTOROUTE A15,,,Nuit avec éclairage allumé,Hors agglomération,Hors intersection,Normale,Sans collision,,,,,,,,,,,5,1,1,1,7
200500010141,0005-02-04 18:00:00,5,2,4,18,0,950,500.0,AUTOROUTE A15,,,Plein jour,Hors agglomération,Hors intersection,Normale,Deux véhicules - arrière,,,,,,,,,,,1,1,1,1,2
200500010142,0005-02-05 00:40:00,5,2,5,0,40,950,582.0,AUTOROUTE A115,,,Nuit avec éclairage allumé,Hors agglomération,Hors intersection,Normale,Autre collision,,,,,,,,,,,5,1,1,1,6
200500010143,0005-02-05 16:40:00,5,2,5,16,40,930,32.0,AUTOROUTE A3,,,Plein jour,Hors agglomération,Hors intersection,Normale,Deux véhicules - arrière,,,,,,,,,,,1,1,1,1,2
200500010144,0005-02-05 20:00:00,5,2,5,20,0,920,36.0,AUTOROUTE A15,,,Nuit avec éclairage allumé,Hors agglomération,Hors intersection,Normale,Trois véhicules et plus - en chaîne,,,,,,,,,,,5,1,1,1,4
200500010145,0005-02-05 23:05:00,5,2,5,23,5,950,607.0,AUTOROUTE A115,,,Nuit sans éclairage public,Hors agglomération,Hors intersection,Normale,Deux véhicules - côté,,,,,,,,,,,3,1,1,1,3
200500010146,0005-02-07 08:10:00,5,2,7,8,10,950,488.0,AUTOROUTE A15,,,Crépuscule ou aube,Hors agglomération,Hors intersection,Brouillard / fumée,Sans collision,,,,,,,,,,,2,1,1,5,7
200500010147,0005-02-07 15:20:00,5,2,7,15,20,930,64.0,AUTOROUTE A103,,,Plein jour,Hors agglomération,Hors intersection,Normale,Autre collision,,,,,,,,,,,1,1,1,1,6
200500010148,0005-02-07 18:50:00,5,2,7,18,50,920,36.0,AUTOROUTE A86,,,Nuit avec éclairage allumé,Hors agglomération,Hors intersection,Normale,Deux véhicules - arrière,,,,,,,,,,,5,1,1,1,2
200500010149,0005-02-08 09:00:00,5,2,8,9,0,950,572.0,ROUTE NATIONALE 184,,,Plein jour,Hors agglomération,Hors intersection,Normale,Trois véhicules et plus - en chaîne,,,,,,,,,,,1,1,1,1,4
200500010150,0005-02-08 10:25:00,5,2,8,10,25,930,64.0,AUTOROUTE A86,,,Plein jour,Hors agglomération,Hors intersection,Normale,Autre collision,,,,,,,,,,,1,1,1,1,6
200500010151,0005-02-08 09:45:00,5,2,8,9,45,950,563.0,AUTOROUTE A115,,,Plein jour,Hors agglomération,Hors intersection,Normale,Deux véhicules - arrière,,,,,,,,,,,1,1,1,1,2
200500010152,0005-02-09 07:40:00,5,2,9,7,40,950,424.0,AUTOROUTE A15,,,Nuit sans éclairage public,Hors agglomération,Hors intersection,Autre,Sans collision,,,,,,,,,,,3,1,1,9,7
200500010153,0005-02-09 12:10:00,5,2,9,12,10,950,572.0,ROUTE NATIONALE 184,,,Plein jour,Hors agglomération,Hors intersection,Normale,Trois véhicules et plus - en chaîne,,,,,,,,,,,1,1,1,1,4
200500010154,0005-02-09 15:15:00,5,2,9,15,15,950,18.0,AUTOROUTE A15,,,Plein jour,Hors agglomération,Hors intersection,Normale,Deux véhicules - côté,,,,,,,,,,,1,1,1,1,3
200500010155,0005-02-09 15:45:00,5,2,9,15,45,950,527.0,AUTOROUTE A3,,,Plein jour,Hors agglomération,Hors intersection,Normale,Sans collision,,,,,,,,,,,1,1,1,1,7
200500010156,0005-02-09 20:00:00,5,2,9,20,0,930,8.0,AUTOROUTE A86,,,Nuit avec éclairage allumé,Hors agglomération,Hors intersection,Normale,Deux véhicules - côté,,,,,,,,,,,5,1,1,1,3
200500010157,0005-02-10 07:30:00,5,2,10,7,30,950,18.0,AUTOROUTE A15,,,Crépuscule ou aube,Hors agglomération,Hors intersection,Normale,Trois véhicules et plus - collisions multiples,,,,,,,,,,,2,1,1,1,5
200500010158,0005-02-10 08:35:00,5,2,10,8,35,950,18.0,AUTOROUTE A15,,,Plein jour,Hors agglomération,Hors intersection,Normale,Deux véhicules - arrière,,,,,,,,,,,1,1,1,1,2
200500010159,0005-02-11 09:20:00,5,2,11,9,20,930,8.0,AUTOROUTE A86,,,Plein jour,Hors agglomération,Hors intersection,Pluie légère,Autre collision,,,,,,,,,,,1,1,1,2,6
200500010160,0005-02-11 11:00:00,5,2,11,11,0,950,394.0,ROUTE NATIONALE 184,,,Plein jour,Hors agglomération,Hors intersection,Pluie légère,Deux véhicules - côté,,,,,,,,,,,1,1,1,2,3
200500010161,0005-02-14 02:35:00,5,2,14,2,35,950,527.0,AUTOROUTE A1,,,Nuit avec éclairage allumé,Hors agglomération,Hors intersection,Normale,Deux véhicules - arrière,,,,,,,,,,,5,1,1,1,2
200500010162,0005-02-11 13:15:00,5,2,11,13,15,950,28.0,R.D. 104,,,Plein jour,Hors agglomération,Hors intersection,Pluie légère,Sans collision,,,,,,,,,,,1,1,1,2,7
200500010163,0005-02-11 16:40:00,5,2,11,16,40,950,430.0,R.D. 104,,,Plein jour,Hors agglomération,Hors intersection,Pluie légère,Trois véhicules et plus - en chaîne,,,,,,,,,,,1,1,1,2,4
200500010164,0005-02-11 21:00:00,5,2,11,21,0,930,32.0,AUTOROUTE A104,,,Nuit avec éclairage allumé,Hors agglomération,Hors intersection,Pluie légère,Deux véhicules - côté,,,,,,,,,,,5,1,1,2,3
200500010165,0005-02-12 14:35:00,5,2,12,14,35,930,27.0,AUTOROUTE A86,,,Plein jour,Hors agglomération,Hors intersection,Pluie légère,Autre collision,,,,,,,,,,,1,1,1,2,6
200500010166,0005-02-12 15:40:00,5,2,12,15,40,930,32.0,AUTOROUTE A104,,,Plein jour,Hors agglomération,Hors intersection,Pluie légère,Deux véhicules - côté,,,,,,,,,,,1,1,1,2,3
200500010167,0005-02-14 22:35:00,5,2,14,22,35,950,582.0,AUTOROUTE A15,,,Nuit avec éclairage allumé,Hors agglomération,Hors intersection,Pluie légère,Deux véhicules - côté,,,,,,,,,,,5,1,1,2,3
200500010168,0005-02-15 07:35:00,5,2,15,7,35,950,641.0,AUTOROUTE A1,,,Crépuscule ou aube,Hors agglomération,Hors intersection,Autre,Autre collision,,,,,,,,,,,2,1,1,9,6
200500010169,0005-02-15 08:40:00,5,2,15,8,40,950,306.0,AUTOROUTE A15,,,Plein jour,Hors agglomération,Hors intersection,Pluie légère,Sans collision,,,,,,,,,,,1,1,1,2,7
200500010170,0005-02-16 08:25:00,5,2,16,8,25,950,682.0,R.D. 104,,,Plein jour,Hors agglomération,Hors intersection,Normale,Deux véhicules - arrière,,,,,,,,,,,1,1,1,1,2
200500010171,0005-02-16 18:45:00,5,2,16,18,45,930,66.0,AUTOROUTE A3,,,Nuit avec éclairage non allumé,Hors agglomération,Hors intersection,Normale,Trois véhicules et plus - collisions multiples,,,,,,,,,,,4,1,1,1,5
200500010172,0005-02-17 09:00:00,5,2,17,9,0,950,572.0,ROUTE NATIONALE 184,,,Plein jour,Hors agglomération,Hors intersection,Normale,Deux véhicules - arrière,,,,,,,,,,,1,1,1,1,2
200500010173,0005-02-17 16:30:00,5,2,17,16,30,950,18.0,AUTOROUTE A15,,,Plein jour,Hors agglomération,Hors intersection,Normale,Deux véhicules - arrière,,,,,,,,,,,1,1,1,1,2
200500010174,0005-02-18 23:05:00,5,2,18,23,5,920,36.0,AUTOROUTE A15,,,Nuit avec éclairage allumé,Hors agglomération,Hors intersection,Pluie légère,Sans collision,,,,,,,,,,,5,1,1,2,7
200500010175,0005-02-19 06:20:00,5,2,19,6,20,920,78.0,AUTOROUTE A86,,,Nuit avec éclairage allumé,Hors agglomération,Hors intersection,Pluie légère,Trois véhicules et plus - en chaîne,,,,,,,,,,,5,1,1,2,4
200500010176,0005-02-19 06:00:00,5,2,19,6,0,920,78.0,AUTOROUTE A86,,,Nuit avec éclairage allumé,Hors agglomération,Hors intersection,Pluie légère,Trois véhicules et plus - collisions multiples,,,,,,,,,,,5,1,1,2,5
200500010177,0005-02-20 02:30:00,5,2,20,2,30,930,78.0,AUTOROUTE A104,,,Nuit avec éclairage allumé,Hors agglomération,Hors intersection,Autre,Autre collision,,,,,,,,,,,5,1,1,9,6
200500010178,0005-02-21 07:45:00,5,2,21,7,45,930,73.0,AUTOROUTE A104,,,Crépuscule ou aube,Hors agglomération,Hors intersection,Normale,Deux véhicules - côté,,,,,,,,,,,2,1,1,1,3
200500010179,0005-02-21 08:10:00,5,2,21,8,10,920,36.0,AUTOROUTE A15,,,Crépuscule ou aube,Hors agglomération,Hors intersection,Normale,Trois véhicules et plus - collisions multiples,,,,,,,,,,,2,1,1,1,5
200500010180,0005-02-21 09:20:00,5,2,21,9,20,930,10.0,AUTOROUTE A3,,,Plein jour,Hors agglomération,Hors intersection,Normale,Trois véhicules et plus - en chaîne,,,,,,,,,,,1,1,1,1,4
200500010181,0005-02-22 06:25:00,5,2,22,6,25,950,241.0,R.D. 104,,,Nuit sans éclairage public,Hors agglomération,Hors intersection,Neige / grêle,Autre collision,,,,,,,,,,,3,1,1,4,6
200500010182,0005-02-22 09:10:00,5,2,22,9,10,950,678.0,ROUTE NATIONALE 184,,,Plein jour,Hors agglomération,Hors intersection,Neige / grêle,Sans collision,,,,,,,,,,,1,1,1,4,7
200500010183,0005-02-22 12:15:00,5,2,22,12,15,930,32.0,AUTOROUTE A1,,,Plein jour,Hors agglomération,Hors intersection,Normale,Autre collision,,,,,,,,,,,1,1,1,1,6
200500010184,0005-02-25 12:40:00,5,2,25,12,40,950,394.0,ROUTE NATIONALE 184,,,Plein jour,Hors agglomération,Hors intersection,Neige / grêle,Sans collision,,,,,,,,,,,1,1,1,4,7
200500010185,0005-02-22 22:00:00,5,2,22,22,0,930,32.0,AUTOROUTE A1,,,Nuit sans éclairage public,Hors agglomération,Hors intersection,Normale,Autre collision,,,,,,,,,,,3,1,1,1,6
200500010186,0005-02-23 13:30:00,5,2,23,13,30,950,572.0,AUTOROUTE A15,,,Plein jour,Hors agglomération,Hors intersection,Normale,Autre collision,,,,,,,,,,,1,1,1,1,6
200500010187,0005-02-23 21:20:00,5,2,23,21,20,950,572.0,AUTOROUTE A15,,,Nuit avec éclairage allumé,Hors agglomération,Hors intersection,Normale,Autre collision,,,,,,,,,,,5,1,1,1,6
200500010188,0005-02-25 20:30:00,5,2,25,20,30,930,673.0,AUTOROUTE A104,,,Nuit avec éclairage allumé,Hors agglomération,Hors intersection,Normale,Trois véhicules et plus - en chaîne,,,,,,,,,,,5,1,1,1,4
200500010189,0005-02-26 12:05:00,5,2,26,12,5,930,32.0,AUTOROUTE A3,,,Plein jour,Hors agglomération,Hors intersection,Normale,Trois véhicules et plus - en chaîne,,,,,,,,,,,1,1,1,1,4
200500010190,0005-02-26 21:06:00,5,2,26,21,6,950,527.0,AUTOROUTE A3,,,Nuit avec éclairage allumé,Hors agglomération,Hors intersection,Normale,Trois véhicules et plus - collisions multiples,,,,,,,,,,,5,1,1,1,5
200500010191,0005-02-27 07:20:00,5,2,27,7,20,950,488.0,AUTOROUTE A15,,,Plein jour,Hors agglomération,Hors intersection,Neige / grêle,Autre collision,,,,,,,,,,,1,1,1,4,6
200500010192,0005-02-26 00:05:00,5,2,26,0,5,950,580.0,AUTOROUTE A1,,,Nuit avec éclairage allumé,Hors agglomération,Hors intersection,Normale,Deux véhicules - arrière,,,,,,,,,,,5,1,1,1,2
200500010193,0005-02-25 14:30:00,5,2,25,14,30,950,154.0,AUTOROUTE A1,,,Plein jour,Hors agglomération,Hors intersection,Normale,Deux véhicules - arrière,,,,,,,,,,,1,1,1,1,2
200500010194,0005-02-28 07:30:00,5,2,28,7,30,950,394.0,ROUTE NATIONALE 184,,,Crépuscule ou aube,Hors agglomération,Hors intersection,Normale,Autre collision,,,,,,,,,,,2,1,1,1,6
200500010195,0005-02-28 08:45:00,5,2,28,8,45,950,607.0,AUTOROUTE A115,,,Plein jour,Hors agglomération,Hors intersection,Autre,Autre collision,,,,,,,,,,,1,1,1,9,6
200500010196,0005-02-28 10:40:00,5,2,28,10,40,950,394.0,ROUTE NATIONALE 184,,,Plein jour,Hors agglomération,Hors intersection,Normale,Deux véhicules - côté,,,,,,,,,,,1,1,1,1,3
200500010197,0005-02-28 12:50:00,5,2,28,12,50,950,582.0,AUTOROUTE A15,,,Plein jour,Hors agglomération,Hors intersection,Normale,Autre collision,,,,,,,,,,,1,1,1,1,6
200500010198,0005-02-16 09:15:00,5,2,16,9,15,920,51.0,N13,,,Plein jour,Hors agglomération,Hors intersection,Normale,Trois véhicules et plus - en chaîne,,,,,,,,,,,1,1,1,1,4
200500010199,0005-02-10 22:30:00,5,2,10,22,30,780,571.0,A13,,,Nuit sans éclairage public,Hors agglomération,Hors intersection,Temps couvert,Deux véhicules - frontale,,,,,,,,,,,3,1,1,8,1
200500010200,0005-02-18 13:10:00,5,2,18,13,10,920,26.0,N1014Y,,,Plein jour,Hors agglomération,Hors intersection,Normale,Trois véhicules et plus - en chaîne,,,,,,,,,,,1,1,1,1,4
200500010201,0005-02-26 11:45:00,5,2,26,11,45,780,362.0,A13,,,Plein jour,Hors agglomération,Hors intersection,Normale,Autre collision,,,,,,,,,,,1,1,1,1,6
200500010202,0005-02-28 05:30:00,5,2,28,5,30,780,322.0,N286,,,Nuit sans éclairage public,Hors agglomération,Autre intersection,Normale,Deux véhicules - arrière,,,,,,,,,,,3,1,9,1,2
200500010203,0005-02-02 00:35:00,5,2,2,0,35,910,521.0,RN 104,,,Nuit sans éclairage public,Hors agglomération,Hors intersection,Normale,Autre collision,,,,,,,,,,,3,1,1,1,6
200500010204,0005-02-03 08:20:00,5,2,3,8,20,910,553.0,RN 104,,,Plein jour,Hors agglomération,Hors intersection,Normale,Deux véhicules - arrière,,,,,,,,,,,1,1,1,1,2
200500010205,0005-02-03 08:20:00,5,2,3,8,20,910,377.0,AUTOROUTE A10,,,Plein jour,Hors agglomération,Hors intersection,Normale,Trois véhicules et plus - collisions multiples,,,,,,,,,,,1,1,1,1,5
200500010206,0005-02-04 16:55:00,5,2,4,16,55,910,235.0,RN 104,,,Plein jour,Hors agglomération,Hors intersection,Normale,Deux véhicules - arrière,,,,,,,,,,,1,1,1,1,2
200500010207,0005-02-05 19:30:00,5,2,5,19,30,910,286.0,AUTOROUTE A6,,,Nuit sans éclairage public,Hors agglomération,Hors intersection,Normale,Deux véhicules - arrière,,,,,,,,,,,3,1,1,1,2
200500010208,0005-02-06 08:37:00,5,2,6,8,37,910,136.0,BRETELLE A10/RN20,,,Plein jour,Hors agglomération,Hors intersection,Normale,Autre collision,,,,,,,,,,,1,1,1,1,6
200500010209,0005-02-06 22:10:00,5,2,6,22,10,910,136.0,CD 591,,,Nuit sans éclairage public,Hors agglomération,Hors intersection,Normale,Autre collision,,,,,,,,,,,3,1,1,1,6
200500010210,0005-02-07 16:28:00,5,2,7,16,28,910,228.0,RN 104,,,Plein jour,Hors agglomération,Hors intersection,Normale,Deux véhicules - arrière,,,,,,,,,,,1,1,1,1,2
200500010211,0005-02-09 10:20:00,5,2,9,10,20,910,689.0,AUTOROUTE A10,,,Plein jour,Hors agglomération,Hors intersection,Normale,Deux véhicules - arrière,,,,,,,,,,,1,1,1,1,2
200500010212,0005-02-09 11:45:00,5,2,9,11,45,910,216.0,AUTOROUTE A6,,,Plein jour,Hors agglomération,Hors intersection,Normale,Trois véhicules et plus - en chaîne,,,,,,,,,,,1,1,1,1,4
200500010213,0005-02-09 18:55:00,5,2,9,18,55,910,570.0,RN 104,,,Nuit avec éclairage allumé,Hors agglomération,Hors intersection,Normale,Trois véhicules et plus - en chaîne,,,,,,,,,,,5,1,1,1,4