accident_id,datetime,annee,mois,jour,heure,minute,departement,commune_insee,adresse,latitude,longitude,luminosite,agglomeration,intersection,meteo,collision,nb_vehicules,nb_usagers,nb_indemnes,nb_tues,nb_blesses_hosp,nb_blesses_legers,age_cond_1,age_cond_2,veh_type_cond_1,veh_type_cond_2,lum_code,agg_code,int_code,atm_code,col_code
200500010214,0005-02-09 20:06:00,5,2,9,20,6,940,76.0,AUTOROUTE A6A,,,Nuit avec éclairage allumé,Hors agglomération,Hors intersection,Normale,Sans collision,,,,,,,,,,,5,1,1,1,7
200500010215,0005-02-10 19:20:00,5,2,10,19,20,910,161.0,AUTOROUTE A6,,,Nuit sans éclairage public,Hors agglomération,Hors intersection,Normale,Deux véhicules - arrière,,,,,,,,,,,3,1,1,1,2
200500010216,0005-02-11 08:45:00,5,2,11,8,45,910,553.0,RN 104,,,Crépuscule ou aube,Hors agglomération,Intersection en Y,Pluie légère,Deux véhicules - côté,,,,,,,,,,,2,1,4,2,3
200500010217,0005-02-11 11:20:00,5,2,11,11,20,910,339.0,RN 104,,,Plein jour,Hors agglomération,Hors intersection,Pluie légère,Deux véhicules - côté,,,,,,,,,,,1,1,1,2,3
200500010218,0005-02-11 12:30:00,5,2,11,12,30,940,34.0,AUTOROUTE A6B,,,Plein jour,Hors agglomération,Hors intersection,Pluie légère,Autre collision,,,,,,,,,,,1,1,1,2,6
200500010219,0005-02-11 14:45:00,5,2,11,14,45,770,495.0,AUTOROUTE A5A,,,Plein jour,Hors agglomération,Hors intersection,Pluie légère,Autre collision,,,,,,,,,,,1,1,1,2,6
200500010220,0005-02-11 18:04:00,5,2,11,18,4,910,434.0,AUTOROUTE A6,,,Crépuscule ou aube,Hors agglomération,Hors intersection,Pluie légère,Sans collision,,,,,,,,,,,2,1,1,2,7
200500010221,0005-02-11 17:55:00,5,2,11,17,55,910,339.0,RN 104,,,Nuit sans éclairage public,Hors agglomération,Hors intersection,Pluie légère,Autre collision,,,,,,,,,,,3,1,1,2,6
200500010222,0005-02-11 20:24:00,5,2,11,20,24,910,645.0,RN 385 Exterieure,,,Nuit avec éclairage allumé,Hors agglomération,Hors intersection,Pluie forte,Autre collision,,,,,,,,,,,5,1,1,3,6
200500010223,0005-02-12 20:05:00,5,2,12,20,5,910,363.0,AUTOROUTE A10,,,Nuit sans éclairage public,Hors agglomération,Hors intersection,Pluie légère,Autre collision,,,,,,,,,,,3,1,1,2,6
200500010224,0005-02-12 09:35:00,5,2,12,9,35,910,179.0,AUTOROUTE A6,,,Plein jour,Hors agglomération,Hors intersection,Pluie légère,Autre collision,,,,,,,,,,,1,1,1,2,6
200500010225,0005-02-12 10:30:00,5,2,12,10,30,910,37.0,AUTOROUTE A6,,,Plein jour,Hors agglomération,Hors intersection,Pluie légère,Sans collision,,,,,,,,,,,1,1,1,2,7
200500010226,0005-02-13 13:07:00,5,2,13,13,7,940,34.0,AUTOROUTE A86,,,Plein jour,Hors agglomération,Autre intersection,Neige / grêle,Trois véhicules et plus - collisions multiples,,,,,,,,,,,1,1,9,4,5
200500010227,0005-02-13 12:55:00,5,2,13,12,55,910,477.0,AUTOROUTE A126,,,Plein jour,Hors agglomération,Hors intersection,Neige / grêle,Deux véhicules - frontale,,,,,,,,,,,1,1,1,4,1
200500010228,0005-02-13 15:27:00,5,2,13,15,27,940,34.0,AUTOROUTE A86,,,Plein jour,Hors agglomération,Hors intersection,Pluie légère,Autre collision,,,,,,,,,,,1,1,1,2,6
200500010229,0005-02-13 22:00:00,5,2,13,22,0,940,34.0,AUTOROUTE A6A,,,Nuit avec éclairage allumé,Hors agglomération,Hors intersection,Temps couvert,Trois véhicules et plus - en chaîne,,,,,,,,,,,5,1,1,8,4
200500010230,0005-02-14 02:56:00,5,2,14,2,56,910,228.0,RN 104,,,Nuit sans éclairage public,Hors agglomération,Hors intersection,Pluie légère,Sans collision,,,,,,,,,,,3,1,1,2,7
200500010231,0005-02-14 16:30:00,5,2,14,16,30,910,377.0,AUTOROUTE A10,,,Plein jour,Hors agglomération,Hors intersection,Pluie légère,Deux véhicules - côté,,,,,,,,,,,1,1,1,2,3
200500010232,0005-02-14 17:50:00,5,2,14,17,50,940,34.0,AUTOROUTE A6B,,,Nuit sans éclairage public,Hors agglomération,Hors intersection,Temps couvert,Trois véhicules et plus - en chaîne,,,,,,,,,,,3,1,1,8,4
200500010233,0005-02-14 18:35:00,5,2,14,18,35,910,471.0,RN 188 CHEVREUSE,,,Nuit sans éclairage public,Hors agglomération,Hors intersection,Pluie légère,Autre collision,,,,,,,,,,,3,1,1,2,6
200500010234,0005-02-15 08:20:00,5,2,15,8,20,910,617.0,RN6 PROVINCE / RN104 INT,,,Plein jour,Hors agglomération,Hors intersection,Pluie légère,Trois véhicules et plus - en chaîne,,,,,,,,,,,1,1,1,2,4
200500010235,0005-02-16 01:09:00,5,2,16,1,9,910,377.0,AUTOROUTE A10,,,Nuit sans éclairage public,Hors agglomération,Hors intersection,Normale,Autre collision,,,,,,,,,,,3,1,1,1,6
200500010236,0005-02-16 08:44:00,5,2,16,8,44,940,21.0,AUTOROUTE A6A,,,Plein jour,Hors agglomération,Hors intersection,Normale,Deux véhicules - côté,,,,,,,,,,,1,1,1,1,3
200500010237,0005-02-18 04:52:00,5,2,18,4,52,940,3.0,AUTOROUTE A6B,,,Nuit avec éclairage allumé,Hors agglomération,Hors intersection,Normale,Autre collision,,,,,,,,,,,5,1,1,1,6
200500010238,0005-02-18 08:00:00,5,2,18,8,0,940,21.0,AUTOROUTE A6A,,,Plein jour,Hors agglomération,Hors intersection,Normale,Deux véhicules - côté,,,,,,,,,,,1,1,1,1,3
200500010239,0005-02-18 21:20:00,5,2,18,21,20,910,363.0,RN 104,,,Nuit sans éclairage public,Hors agglomération,Hors intersection,Normale,Sans collision,,,,,,,,,,,3,1,1,1,7
200500010240,0005-02-18 23:25:00,5,2,18,23,25,940,37.0,AUTOROUTE A6B,,,Nuit avec éclairage allumé,Hors agglomération,Hors intersection,Pluie légère,Autre collision,,,,,,,,,,,5,1,1,2,6
200500010241,0005-02-19 16:26:00,5,2,19,16,26,910,471.0,RN 118,,,Plein jour,Hors agglomération,Hors intersection,Normale,Sans collision,,,,,,,,,,,1,1,1,1,7
200500010242,0005-02-19 19:51:00,5,2,19,19,51,910,434.0,AUTOROUTE A6,,,Nuit sans éclairage public,Hors agglomération,Hors intersection,Normale,Deux véhicules - arrière,,,,,,,,,,,3,1,1,1,2
200500010243,0005-02-19 23:25:00,5,2,19,23,25,910,228.0,RN 104,,,Nuit sans éclairage public,Hors agglomération,Hors intersection,Temps couvert,Autre collision,,,,,,,,,,,3,1,1,8,6
200500010244,0005-02-20 02:40:00,5,2,20,2,40,910,228.0,RN 104,,,Nuit sans éclairage public,Hors agglomération,Hors intersection,Temps couvert,Deux véhicules - frontale,,,,,,,,,,,3,1,1,8,1
200500010245,0005-02-20 04:30:00,5,2,20,4,30,910,689.0,AUTOROUTE A6,,,Nuit sans éclairage public,Hors agglomération,Hors intersection,Normale,Autre collision,,,,,,,,,,,3,1,1,1,6
200500010246,0005-02-21 09:35:00,5,2,21,9,35,910,477.0,AUTOROUTE A10,,,Plein jour,Hors agglomération,Hors intersection,Pluie légère,Sans collision,,,,,,,,,,,1,1,1,2,7
200500010247,0005-02-22 10:00:00,5,2,22,10,0,940,34.0,AUTOROUTE A86,,,Plein jour,Hors agglomération,Hors intersection,Pluie légère,Deux véhicules - arrière,,,,,,,,,,,1,1,1,2,2
200500010248,0005-02-23 21:11:00,5,2,23,21,11,910,617.0,A5A/N6,,,Nuit sans éclairage public,Hors agglomération,Hors intersection,Pluie légère,Sans collision,,,,,,,,,,,3,1,1,2,7
200500010249,0005-02-24 12:00:00,5,2,24,12,0,910,377.0,RN 188,,,Plein jour,Hors agglomération,Hors intersection,Temps couvert,Autre collision,,,,,,,,,,,1,1,1,8,6
200500010250,0005-02-24 13:00:00,5,2,24,13,0,910,161.0,AUTOROUTE A6,,,Plein jour,Hors agglomération,Hors intersection,Normale,Trois véhicules et plus - en chaîne,,,,,,,,,,,1,1,1,1,4
200500010251,0005-02-25 13:51:00,5,2,25,13,51,910,689.0,AUTOROUTE A6,,,Plein jour,Hors agglomération,Hors intersection,Normale,Autre collision,,,,,,,,,,,1,1,1,1,6
200500010252,0005-02-25 13:40:00,5,2,25,13,40,910,689.0,AUTOROUTE A6,,,Plein jour,Hors agglomération,Hors intersection,Normale,Deux véhicules - arrière,,,,,,,,,,,1,1,1,1,2
200500010253,0005-02-26 02:00:00,5,2,26,2,0,910,286.0,AUTOROUTE A6,,,Nuit sans éclairage public,Hors agglomération,Hors intersection,Normale,Trois véhicules et plus - en chaîne,,,,,,,,,,,3,1,1,1,4
200500010254,0005-02-26 09:26:00,5,2,26,9,26,910,521.0,RN 104,,,Plein jour,Hors agglomération,Hors intersection,Normale,Deux véhicules - côté,,,,,,,,,,,1,1,1,1,3
200500010255,0005-02-26 09:26:00,5,2,26,9,26,910,363.0,AUTOROUTE A10,,,Plein jour,Hors agglomération,Hors intersection,Normale,Autre collision,,,,,,,,,,,1,1,1,1,6
200500010256,0005-02-02 10:00:00,5,2,2,10,0,202,33.0,"237, AV DE LA LIBERATION",,,Plein jour,En agglomération,Hors intersection,Normale,Deux véhicules - côté,,,,,,,,,,,1,2,1,1,3
200500010257,0005-02-05 20:03:00,5,2,5,20,3,202,120.0,"SANS, TOUTES RUES",,,Nuit avec éclairage allumé,En agglomération,Hors intersection,Normale,Deux véhicules - arrière,,,,,,,,,,,5,2,1,1,2
200500010258,0005-02-07 21:53:00,5,2,7,21,53,202,33.0,"SANS, TOUTES RUES",,,Nuit avec éclairage allumé,En agglomération,Hors intersection,Normale,Autre collision,,,,,,,,,,,5,2,1,1,6
200500010259,0005-02-07 19:34:00,5,2,7,19,34,202,33.0,"SANS, TOUTES RUES",,,Nuit avec éclairage allumé,En agglomération,Hors intersection,Normale,Deux véhicules - côté,,,,,,,,,,,5,2,1,1,3
200500010260,0005-02-08 12:23:00,5,2,8,12,23,202,33.0,"930, DANESI - BLD BENOIT",,,Plein jour,En agglomération,Hors intersection,Pluie forte,Deux véhicules - frontale,,,,,,,,,,,1,2,1,3,1
200500010261,0005-02-07 19:00:00,5,2,7,19,0,202,37.0,"SANS, TOUTES RUES",,,Nuit avec éclairage allumé,En agglomération,Hors intersection,Normale,Trois véhicules et plus - en chaîne,,,,,,,,,,,5,2,1,1,4
200500010262,0005-02-09 08:26:00,5,2,9,8,26,202,33.0,"SANS, FANGO - AVENUE DU",,,Plein jour,En agglomération,Hors intersection,Normale,Trois véhicules et plus - en chaîne,,,,,,,,,,,1,2,1,1,4
200500010263,0005-02-11 18:11:00,5,2,11,18,11,202,120.0,"SANS, TOUTES RUES",,,Nuit avec éclairage allumé,En agglomération,Hors intersection,Normale,Deux véhicules - arrière,,,,,,,,,,,5,2,1,1,2
200500010264,0005-02-11 11:13:00,5,2,11,11,13,202,33.0,"SANS, TOUTES RUES",,,Plein jour,En agglomération,Hors intersection,Normale,Autre collision,,,,,,,,,,,1,2,1,1,6
200500010265,0005-02-14 08:02:00,5,2,14,8,2,202,33.0,TOUTES RUES,,,Plein jour,En agglomération,Intersection en T,Pluie légère,Deux véhicules - côté,,,,,,,,,,,1,2,3,2,3
200500010266,0005-02-14 15:16:00,5,2,14,15,16,202,33.0,"SANS, TUNNEL",,,Plein jour,En agglomération,Hors intersection,Normale,Trois véhicules et plus - en chaîne,,,,,,,,,,,1,2,1,1,4
200500010267,0005-02-16 11:05:00,5,2,16,11,5,202,33.0,AGLIANI - CHEMIN D',,,Plein jour,En agglomération,Hors intersection,Normale,Deux véhicules - côté,,,,,,,,,,,1,2,1,1,3
200500010268,0005-02-18 16:56:00,5,2,18,16,56,202,33.0,GENERAL DE GAULLE - BLD,,,Plein jour,En agglomération,Hors intersection,Normale,Autre collision,,,,,,,,,,,1,2,1,1,6
200500010269,0005-02-16 12:12:00,5,2,16,12,12,202,33.0,"SANS, FRANCOIS VITTORI",,,Plein jour,En agglomération,Intersection en T,Normale,Deux véhicules - côté,,,,,,,,,,,1,2,3,1,3
200500010270,0005-02-24 01:08:00,5,2,24,1,8,202,120.0,"SANS, TOUTES RUES",,,Nuit avec éclairage non allumé,En agglomération,Hors intersection,Normale,Autre collision,,,,,,,,,,,4,2,1,1,6
200500010271,0005-02-25 18:10:00,5,2,25,18,10,202,33.0,"SANS, TOUTES RUES",,,Plein jour,En agglomération,Intersection en X,Normale,Deux véhicules - côté,,,,,,,,,,,1,2,2,1,3
200500010272,0005-02-27 03:33:00,5,2,27,3,33,202,33.0,"SANS, TUNNEL",,,Nuit avec éclairage allumé,En agglomération,Hors intersection,Normale,Autre collision,,,,,,,,,,,5,2,1,1,6
200500010273,0005-02-01 14:40:00,5,2,1,14,40,690,123.0,Trémie n°7,,,Plein jour,En agglomération,Hors intersection,Pluie légère,Deux véhicules - côté,,,,,,,,,,,1,2,1,2,3
200500010274,0005-02-26 11:50:00,5,2,26,11,50,690,123.0,FRANKLIN,,,Plein jour,En agglomération,Intersection en X,Normale,Autre collision,,,,,,,,,,,1,2,2,1,6
200500010275,0005-02-02 08:30:00,5,2,2,8,30,690,123.0,"10, CELESTINS (DES)",,,Plein jour,En agglomération,Hors intersection,Normale,Autre collision,,,,,,,,,,,1,2,1,1,6
200500010276,0005-02-14 15:20:00,5,2,14,15,20,690,123.0,"24, JEAN MOULIN",,,Plein jour,En agglomération,Hors intersection,Vent fort / tempête,Deux véhicules - côté,,,,,,,,,,,1,2,1,6,3
200500010277,0005-02-04 15:20:00,5,2,4,15,20,690,123.0,FRANKLIN,,,Plein jour,En agglomération,Intersection en X,Normale,Autre collision,,,,,,,,,,,1,2,2,1,6
200500010278,0005-02-26 11:51:00,5,2,26,11,51,690,123.0,"24, BREST (DE)",,,Plein jour,En agglomération,Hors intersection,Normale,Autre collision,,,,,,,,,,,1,2,1,1,6
200500010279,0005-02-18 13:05:00,5,2,18,13,5,690,123.0,TILSITT,,,Plein jour,En agglomération,Intersection en T,Normale,Autre collision,,,,,,,,,,,1,2,3,1,6
200500010280,0005-02-01 07:30:00,5,2,1,7,30,590,491.0,AUTOROUTE A23,,,Crépuscule ou aube,Hors agglomération,Hors intersection,Pluie légère,Trois véhicules et plus - en chaîne,,,,,,,,,,,2,1,1,2,4
200500010281,0005-02-01 09:20:00,5,2,1,9,20,590,378.0,AUTOROUTE A22,,,Plein jour,Hors agglomération,Hors intersection,Normale,Deux véhicules - arrière,,,,,,,,,,,1,1,1,1,2
200500010282,0005-02-01 09:30:00,5,2,1,9,30,590,195.0,AUTOROUTE A25,,,Plein jour,Hors agglomération,Hors intersection,Pluie légère,Autre collision,,,,,,,,,,,1,1,1,2,6
200500010283,0005-02-03 12:30:00,5,2,3,12,30,590,343.0,AUTOROUTE A1,,,Plein jour,Hors agglomération,Hors intersection,Normale,Trois véhicules et plus - en chaîne,,,,,,,,,,,1,1,1,1,4
200500010284,0005-02-03 14:00:00,5,2,3,14,0,620,193.0,AUTOROUTE A16,,,Plein jour,Hors agglomération,Hors intersection,Temps couvert,Autre collision,,,,,,,,,,,1,1,1,8,6
200500010285,0005-02-04 17:30:00,5,2,4,17,30,590,350.0,ROUTE NATIONALE 356,,,Plein jour,Hors agglomération,Hors intersection,Normale,Deux véhicules - côté,,,,,,,,,,,1,1,1,1,3
200500010286,0005-02-07 13:40:00,5,2,7,13,40,590,599.0,AUTOROUTE A22,,,Plein jour,Hors agglomération,Hors intersection,Normale,Trois véhicules et plus - collisions multiples,,,,,,,,,,,1,1,1,1,5
200500010287,0005-02-08 17:20:00,5,2,8,17,20,620,587.0,AUTOROUTE A21,,,Plein jour,Hors agglomération,Hors intersection,Pluie légère,Deux véhicules - arrière,,,,,,,,,,,1,1,1,2,2
200500010288,0005-02-08 18:45:00,5,2,8,18,45,620,510.0,AUTOROUTE A21,,,Plein jour,Hors agglomération,Hors intersection,Normale,Deux véhicules - arrière,,,,,,,,,,,1,1,1,1,2
200500010289,0005-02-09 05:00:00,5,2,9,5,0,590,346.0,ROUTE NATIONALE 227,,,Nuit avec éclairage allumé,Hors agglomération,Hors intersection,Normale,Deux véhicules - côté,,,,,,,,,,,5,1,1,1,3
200500010290,0005-02-09 11:00:00,5,2,9,11,0,620,587.0,AUTOROUTE A21,,,Plein jour,Hors agglomération,Hors intersection,Normale,Sans collision,,,,,,,,,,,1,1,1,1,7
200500010291,0005-02-09 13:45:00,5,2,9,13,45,590,9.0,ROUTE NATIONALE 227,,,Plein jour,Hors agglomération,Hors intersection,Normale,Trois véhicules et plus - en chaîne,,,,,,,,,,,1,1,1,1,4
200500010292,0005-02-10 17:35:00,5,2,10,17,35,590,350.0,ROUTE NATIONALE 351,,,Plein jour,Hors agglomération,Hors intersection,Pluie légère,Deux véhicules - côté,,,,,,,,,,,1,1,1,2,3
200500010293,0005-02-12 05:20:00,5,2,12,5,20,620,907.0,AUTOROUTE A1,,,Nuit avec éclairage allumé,Hors agglomération,Hors intersection,Pluie forte,Trois véhicules et plus - collisions multiples,,,,,,,,,,,5,1,1,3,5
200500010294,0005-02-12 12:35:00,5,2,12,12,35,590,350.0,ROUTE NATIONALE 351,,,Plein jour,Hors agglomération,Hors intersection,Pluie légère,Autre collision,,,,,,,,,,,1,1,1,2,6
200500010295,0005-02-14 20:10:00,5,2,14,20,10,590,606.0,AUTOROUTE A23,,,Nuit sans éclairage public,Hors agglomération,Hors intersection,Pluie légère,Autre collision,,,,,,,,,,,3,1,1,2,6
200500010296,0005-02-14 23:50:00,5,2,14,23,50,590,507.0,AUTOROUTE A1,,,Nuit avec éclairage allumé,Hors agglomération,Hors intersection,Pluie légère,Deux véhicules - frontale,,,,,,,,,,,5,1,1,2,1
200500010297,0005-02-16 17:05:00,5,2,16,17,5,590,160.0,AUTOROUTE A2,,,Plein jour,Hors agglomération,Autre intersection,Normale,Autre collision,,,,,,,,,,,1,1,9,1,6
200500010298,0005-02-17 11:45:00,5,2,17,11,45,590,378.0,ROUTE NATIONALE 356,,,Plein jour,Hors agglomération,Hors intersection,Normale,Deux véhicules - côté,,,,,,,,,,,1,1,1,1,3
200500010299,0005-02-17 20:25:00,5,2,17,20,25,590,580.0,AUTOROUTE A25,,,Nuit sans éclairage public,Hors agglomération,Hors intersection,Normale,Autre collision,,,,,,,,,,,3,1,1,1,6
200500010300,0005-02-18 07:30:00,5,2,18,7,30,620,771.0,AUTOROUTE A211,,,Crépuscule ou aube,Hors agglomération,Hors intersection,Normale,Autre collision,,,,,,,,,,,2,1,1,1,6
200500010301,0005-02-18 18:50:00,5,2,18,18,50,620,274.0,AUTOROUTE A21,,,Nuit avec éclairage allumé,Hors agglomération,Hors intersection,Pluie légère,Deux véhicules - côté,,,,,,,,,,,5,1,1,2,3
200500010302,0005-02-18 19:15:00,5,2,18,19,15,590,305.0,AUTOROUTE A25,,,Nuit sans éclairage public,Hors agglomération,Hors intersection,Pluie légère,Deux véhicules - arrière,,,,,,,,,,,3,1,1,2,2
200500010303,0005-02-18 19:15:00,5,2,18,19,15,620,274.0,AUTOROUTE A21,,,Plein jour,Hors agglomération,Hors intersection,Pluie légère,Trois véhicules et plus - collisions multiples,,,,,,,,,,,1,1,1,2,5
200500010304,0005-02-20 05:45:00,5,2,20,5,45,590,603.0,AUTOROUTE A2,,,Nuit sans éclairage public,Hors agglomération,Hors intersection,Neige / grêle,Autre collision,,,,,,,,,,,3,1,1,4,6
200500010305,0005-02-20 12:30:00,5,2,20,12,30,590,237.0,AUTOROUTE A25,,,Plein jour,Hors agglomération,Hors intersection,Neige / grêle,Sans collision,,,,,,,,,,,1,1,1,4,7
200500010306,0005-02-20 21:05:00,5,2,20,21,5,620,193.0,AUTOROUTE A16,,,Nuit avec éclairage allumé,Hors agglomération,Hors intersection,Normale,Autre collision,,,,,,,,,,,5,1,1,1,6
200500010307,0005-02-21 06:50:00,5,2,21,6,50,590,646.0,ROUTE NATIONALE 356,,,Nuit avec éclairage allumé,Hors agglomération,Autre intersection,Pluie légère,Deux véhicules - arrière,,,,,,,,,,,5,1,9,2,2
200500010308,0005-02-21 15:30:00,5,2,21,15,30,590,491.0,AUTOROUTE A23,,,Plein jour,Hors agglomération,Hors intersection,Neige / grêle,Autre collision,,,,,,,,,,,1,1,1,4,6
200500010309,0005-02-22 08:50:00,5,2,22,8,50,590,383.0,AUTOROUTE A2,,,Plein jour,Hors agglomération,Hors intersection,Neige / grêle,Autre collision,,,,,,,,,,,1,1,1,4,6
200500010310,0005-02-23 19:15:00,5,2,23,19,15,590,449.0,AUTOROUTE A23,,,Crépuscule ou aube,Hors agglomération,Hors intersection,Neige / grêle,Autre collision,,,,,,,,,,,2,1,1,4,6
200500010311,0005-02-24 17:55:00,5,2,24,17,55,590,343.0,AUTOROUTE A22,,,Plein jour,Hors agglomération,Hors intersection,Neige / grêle,Deux véhicules - côté,,,,,,,,,,,1,1,1,4,3
200500010312,0005-02-25 19:48:00,5,2,25,19,48,590,359.0,AUTOROUTE A16,,,Nuit sans éclairage public,Hors agglomération,Hors intersection,Normale,Autre collision,,,,,,,,,,,3,1,1,1,6
200500010313,0005-02-25 20:00:00,5,2,25,20,0,590,378.0,", AUTOROUTE A22",,,Nuit avec éclairage allumé,Hors agglomération,Hors intersection,Normale,Deux véhicules - arrière,,,,,,,,,,,5,1,1,1,2
200500010314,0005-02-26 17:00:00,5,2,26,17,0,620,637.0,AUTOROUTE A1,,,Nuit sans éclairage public,Hors agglomération,Hors intersection,Normale,Deux véhicules - côté,,,,,,,,,,,3,1,1,1,3
200500010315,0005-02-02 13:50:00,5,2,2,13,50,690,386.0,"52-54, VITTON",,,Plein jour,En agglomération,Hors intersection,Normale,Autre collision,,,,,,,,,,,1,2,1,1,6
200500010316,0005-02-02 16:40:00,5,2,2,16,40,690,383.0,DOCTEUR BOUCHUT (DU),,,Plein jour,En agglomération,Hors intersection,Normale,Autre collision,,,,,,,,,,,1,2,1,1,6
200500010317,0005-02-03 09:25:00,5,2,3,9,25,690,383.0,MAURICE FLANDIN,,,Plein jour,En agglomération,Hors intersection,Normale,Deux véhicules - arrière,,,,,,,,,,,1,2,1,1,2
200500010318,0005-02-04 14:10:00,5,2,4,14,10,690,386.0,CHARMETTES (DES),,,Plein jour,En agglomération,Intersection en X,Normale,Deux véhicules - côté,,,,,,,,,,,1,2,2,1,3
200500010319,0005-02-04 17:15:00,5,2,4,17,15,690,386.0,GARIBALDI,,,Crépuscule ou aube,En agglomération,Hors intersection,Normale,Autre collision,,,,,,,,,,,2,2,1,1,6
200500010320,0005-02-03 08:05:00,5,2,3,8,5,690,383.0,ABONDANCE (DE L'),,,Plein jour,En agglomération,Hors intersection,Normale,Deux véhicules - arrière,,,,,,,,,,,1,2,1,1,2
200500010321,0005-02-02 21:00:00,5,2,2,21,0,690,386.0,"114, CHARLES DE GAULLE",,,Nuit avec éclairage allumé,En agglomération,Hors intersection,Normale,Deux véhicules - frontale,,,,,,,,,,,5,2,1,1,1
200500010322,0005-02-08 09:00:00,5,2,8,9,0,690,386.0,THIERS,,,Plein jour,En agglomération,Intersection en X,Normale,Deux véhicules - côté,,,,,,,,,,,1,2,2,1,3
200500010323,0005-02-08 12:20:00,5,2,8,12,20,690,383.0,ROCKEFELLER,,,Plein jour,En agglomération,Intersection en X,Normale,Deux véhicules - frontale,,,,,,,,,,,1,2,2,1,1
200500010324,0005-02-09 13:40:00,5,2,9,13,40,690,383.0,"5, EUGENE DERUELLE",,,Plein jour,En agglomération,Hors intersection,Normale,Autre collision,,,,,,,,,,,1,2,1,1,6
200500010325,0005-02-14 18:20:00,5,2,14,18,20,690,383.0,"7, DAUPHINE (DU)",,,Nuit avec éclairage allumé,En agglomération,Hors intersection,Neige / grêle,Autre collision,,,,,,,,,,,5,2,1,4,6
200500010326,0005-02-09 18:55:00,5,2,9,18,55,690,386.0,DUQUESNE,,,Nuit avec éclairage allumé,En agglomération,Hors intersection,Normale,Autre collision,,,,,,,,,,,5,2,1,1,6
200500010327,0005-02-08 19:00:00,5,2,8,19,0,690,386.0,"49, JULIETTE RECAMIER",,,Nuit avec éclairage allumé,En agglomération,Hors intersection,Normale,Deux véhicules - arrière,,,,,,,,,,,5,2,1,1,2
200500010328,0005-02-10 12:00:00,5,2,10,12,0,690,386.0,TRONCHET,,,Plein jour,En agglomération,Intersection en X,Normale,Deux véhicules - côté,,,,,,,,,,,1,2,2,1,3
200500010329,0005-02-05 20:00:00,5,2,5,20,0,690,386.0,CHARLES DE GAULLE,,,Nuit avec éclairage allumé,En agglomération,Hors intersection,Normale,Autre collision,,,,,,,,,,,5,2,1,1,6
200500010330,0005-02-11 16:50:00,5,2,11,16,50,690,383.0,"47, FELIX FAURE",,,Plein jour,En agglomération,Hors intersection,Pluie légère,Deux véhicules - côté,,,,,,,,,,,1,2,1,2,3
200500010331,0005-02-14 17:15:00,5,2,14,17,15,690,383.0,VENDOME,,,Plein jour,En agglomération,Intersection en X,Neige / grêle,Autre collision,,,,,,,,,,,1,2,2,4,6
200500010332,0005-02-16 10:30:00,5,2,16,10,30,690,383.0,MARIUS VIVIER MERLE,,,Plein jour,En agglomération,Hors intersection,Normale,Autre collision,,,,,,,,,,,1,2,1,1,6
200500010333,0005-02-15 11:10:00,5,2,15,11,10,690,383.0,"16, PAUL BERT",,,Plein jour,En agglomération,Hors intersection,Normale,Autre collision,,,,,,,,,,,1,2,1,1,6
200500010334,0005-02-21 08:40:00,5,2,21,8,40,690,383.0,"174, FELIX FAURE",,,Plein jour,En agglomération,Hors intersection,Neige / grêle,Autre collision,,,,,,,,,,,1,2,1,4,6
200500010335,0005-02-26 17:45:00,5,2,26,17,45,690,386.0,CHARMETTES (DES),,,Nuit avec éclairage allumé,En agglomération,Intersection en X,Normale,Deux véhicules - frontale,,,,,,,,,,,5,2,2,1,1
200500010336,0005-02-24 10:30:00,5,2,24,10,30,690,383.0,BONNEFOI,,,Plein jour,En agglomération,Intersection en X,Normale,Autre collision,,,,,,,,,,,1,2,2,1,6
200500010337,0005-02-20 17:50:00,5,2,20,17,50,690,383.0,RICHARD VITTON,,,Crépuscule ou aube,En agglomération,Intersection en X,Pluie légère,Deux véhicules - côté,,,,,,,,,,,2,2,2,2,3
200500010338,0005-02-09 17:30:00,5,2,9,17,30,690,384.0,"157, CROIX-ROUSSE (DE LA",,,Nuit avec éclairage allumé,En agglomération,Intersection en T,Normale,Autre collision,,,,,,,,,,,5,2,3,1,6
200500010339,0005-02-08 22:45:00,5,2,8,22,45,690,384.0,JOSEPH GILLET,,,Nuit avec éclairage allumé,En agglomération,Intersection en T,Normale,Deux véhicules - côté,,,,,,,,,,,5,2,3,1,3
200500010340,0005-02-03 08:30:00,5,2,3,8,30,330,39.0,ROCADE,,,Plein jour,Hors agglomération,Hors intersection,Temps couvert,Autre collision,,,,,,,,,,,1,1,1,8,6
200500010341,0005-02-06 03:35:00,5,2,6,3,35,330,63.0,ROCADE,,,Nuit avec éclairage allumé,Hors agglomération,Hors intersection,Temps couvert,Deux véhicules - frontale,,,,,,,,,,,5,1,1,8,1
200500010342,0005-02-06 06:42:00,5,2,6,6,42,330,249.0,ROUTE NATIONALE,,,Nuit avec éclairage allumé,Hors agglomération,Hors intersection,Normale,Deux véhicules - arrière,,,,,,,,,,,5,1,1,1,2
200500010343,0005-02-08 04:35:00,5,2,8,4,35,330,162.0,ROCADE,,,Nuit avec éclairage allumé,Hors agglomération,Hors intersection,Normale,Sans collision,,,,,,,,,,,5,1,1,1,7
200500010344,0005-02-10 00:45:00,5,2,10,0,45,330,75.0,ROCADE,,,Nuit avec éclairage allumé,Hors agglomération,Hors intersection,Normale,Deux véhicules - côté,,,,,,,,,,,5,1,1,1,3