accident_id,datetime,annee,mois,jour,heure,minute,departement,commune_insee,adresse,latitude,longitude,luminosite,agglomeration,intersection,meteo,collision,nb_vehicules,nb_usagers,nb_indemnes,nb_tues,nb_blesses_hosp,nb_blesses_legers,age_cond_1,age_cond_2,veh_type_cond_1,veh_type_cond_2,lum_code,agg_code,int_code,atm_code,col_code
200500010477,0005-02-25 00:01:00,5,2,25,0,1,620,801.0,,50.381,2.742,Nuit sans éclairage public,Hors agglomération,Hors intersection,Neige / grêle,Autre collision,,,,,,,,,,,3,1,1,4,6
200500010478,0005-02-03 17:15:00,5,2,3,17,15,620,709.0,,50.206,2.956,Plein jour,En agglomération,Hors intersection,Normale,Autre collision,,,,,,,,,,,1,2,1,1,6
200500010479,0005-02-16 10:15:00,5,2,16,10,15,620,338.0,,50.646,2.82,Plein jour,Hors agglomération,Intersection en X,Normale,Deux véhicules - frontale,,,,,,,,,,,1,1,2,1,1
200500010480,0005-02-01 18:15:00,5,2,1,18,15,620,524.0,LIEU DIT LE ROSSIGNOL,,,Crépuscule ou aube,En agglomération,Hors intersection,Temps couvert,Autre collision,,,,,,,,,,,2,2,1,8,6
200500010481,0005-02-09 17:45:00,5,2,9,17,45,620,560.0,avenue Ferber,,,Nuit avec éclairage allumé,En agglomération,Hors intersection,Normale,Deux véhicules - arrière,,,,,,,,,,,5,2,1,1,2
200500010482,0005-02-14 23:30:00,5,2,14,23,30,620,705.0,,,,Nuit sans éclairage public,Hors agglomération,Hors intersection,Temps couvert,Autre collision,,,,,,,,,,,3,1,1,8,6
200500010483,0005-02-11 15:00:00,5,2,11,15,0,620,329.0,rue de la basse ville,50.827,1.783,Plein jour,En agglomération,Hors intersection,Pluie légère,Deux véhicules - côté,,,,,,,,,,,1,2,1,2,3
200500010484,0005-02-16 15:45:00,5,2,16,15,45,620,746.0,,,,Plein jour,Hors agglomération,Hors intersection,Normale,Sans collision,,,,,,,,,,,1,1,1,1,7
200500010485,0005-02-17 21:45:00,5,2,17,21,45,620,548.0,,,,Nuit sans éclairage public,Hors agglomération,Hors intersection,Normale,Autre collision,,,,,,,,,,,3,1,1,1,6
200500010486,0005-02-06 19:15:00,5,2,6,19,15,620,443.0,,50.447,2.645,Crépuscule ou aube,Hors agglomération,Hors intersection,Normale,Deux véhicules - frontale,,,,,,,,,,,2,1,1,1,1
200500010487,0005-02-17 08:15:00,5,2,17,8,15,620,588.0,rue du 11 novembre,,,Plein jour,En agglomération,Hors intersection,Normale,Trois véhicules et plus - collisions multiples,,,,,,,,,,,1,2,1,1,5
200500010488,0005-02-18 18:45:00,5,2,18,18,45,620,610.0,,,,Plein jour,Hors agglomération,Hors intersection,Temps couvert,Sans collision,,,,,,,,,,,1,1,1,8,7
200500010489,0005-02-25 15:00:00,5,2,25,15,0,620,390.0,D144E,50.463,1.626,Plein jour,En agglomération,Hors intersection,Normale,Autre collision,,,,,,,,,,,1,2,1,1,6
200500010490,0005-02-06 17:00:00,5,2,6,17,0,620,318.0,,50.542,1.625,Plein jour,Hors agglomération,Hors intersection,Temps couvert,Deux véhicules - côté,,,,,,,,,,,1,1,1,8,3
200500010491,0005-02-20 18:45:00,5,2,20,18,45,620,201.0,,50.573,1.605,Crépuscule ou aube,Hors agglomération,Intersection en X,Pluie légère,Deux véhicules - côté,,,,,,,,,,,2,1,2,2,3
200500010492,0005-02-19 21:45:00,5,2,19,21,45,620,134.0,,50.555,1.888,Nuit sans éclairage public,Hors agglomération,Hors intersection,Normale,Autre collision,,,,,,,,,,,3,1,1,1,6
200500010493,0005-02-06 02:30:00,5,2,6,2,30,620,807.0,,,,Nuit sans éclairage public,Hors agglomération,Hors intersection,Normale,Autre collision,,,,,,,,,,,3,1,1,1,6
200500010494,0005-02-01 14:00:00,5,2,1,14,0,620,901.0,Rue du Cornet,,,Plein jour,En agglomération,Hors intersection,Normale,Deux véhicules - frontale,,,,,,,,,,,1,2,1,1,1
200500010495,0005-02-22 14:30:00,5,2,22,14,30,620,875.0,,,,Plein jour,Hors agglomération,Hors intersection,Normale,Trois véhicules et plus - en chaîne,,,,,,,,,,,1,1,1,1,4
200500010496,0005-02-25 15:30:00,5,2,25,15,30,620,325.0,,50.588,2.098,Plein jour,Hors agglomération,Hors intersection,Normale,Sans collision,,,,,,,,,,,1,1,1,1,7
200500010497,0005-02-09 06:45:00,5,2,9,6,45,620,794.0,,50.726,2.172,Nuit avec éclairage allumé,Hors agglomération,Hors intersection,Normale,Autre collision,,,,,,,,,,,5,1,1,1,6
200500010498,0005-02-13 01:00:00,5,2,13,1,0,620,580.0,ROUTE DE HOUDAIN,50.405,2.45,Nuit sans éclairage public,En agglomération,Hors intersection,Normale,Autre collision,,,,,,,,,,,3,2,1,1,6
200500010499,0005-02-04 23:30:00,5,2,4,23,30,620,820.0,,,,Nuit sans éclairage public,Hors agglomération,Hors intersection,Normale,Autre collision,,,,,,,,,,,3,1,1,1,6
200500010500,0005-02-09 19:15:00,5,2,9,19,15,620,785.0,17 rue de l'ancienne R.N,50.354,2.559,Nuit avec éclairage allumé,En agglomération,Hors intersection,Pluie légère,Autre collision,,,,,,,,,,,5,2,1,2,6
200500010501,0005-02-11 00:01:00,5,2,11,0,1,620,415.0,,50.337,2.641,Nuit sans éclairage public,Hors agglomération,Hors intersection,Pluie légère,Autre collision,,,,,,,,,,,3,1,1,2,6
200500010502,0005-02-22 06:00:00,5,2,22,6,0,620,86.0,route nationale 25,,,Crépuscule ou aube,En agglomération,Intersection en X,Neige / grêle,Deux véhicules - côté,,,,,,,,,,,2,2,2,4,3
200500010503,0005-02-07 17:45:00,5,2,7,17,45,620,154.0,,50.247,2.263,Plein jour,En agglomération,Hors intersection,Normale,Deux véhicules - frontale,,,,,,,,,,,1,2,1,1,1
200500010504,0005-02-14 23:00:00,5,2,14,23,0,620,805.0,,50.471,2.331,Nuit sans éclairage public,Hors agglomération,Hors intersection,Neige / grêle,Sans collision,,,,,,,,,,,3,1,1,4,7
200500010505,0005-02-21 07:15:00,5,2,21,7,15,800,799.0,,,,Plein jour,Hors agglomération,Hors intersection,Temps couvert,Trois véhicules et plus - en chaîne,,,,,,,,,,,1,1,1,8,4
200500010506,0005-02-21 08:30:00,5,2,21,8,30,800,820.0,,,,Plein jour,Hors agglomération,Hors intersection,Temps couvert,Deux véhicules - frontale,,,,,,,,,,,1,1,1,8,1
200500010507,0005-02-01 16:00:00,5,2,1,16,0,800,606.0,SUR CD 936,,,Plein jour,En agglomération,Hors intersection,Normale,Autre collision,,,,,,,,,,,1,2,1,1,6
200500010508,0005-02-02 12:45:00,5,2,2,12,45,800,813.0,,,,Plein jour,Hors agglomération,Hors intersection,Normale,Sans collision,,,,,,,,,,,1,1,1,1,7
200500010509,0005-02-08 07:15:00,5,2,8,7,15,800,582.0,,,,Plein jour,Hors agglomération,Hors intersection,Brouillard / fumée,Sans collision,,,,,,,,,,,1,1,1,5,7
200500010510,0005-02-26 17:15:00,5,2,26,17,15,800,717.0,,,,Nuit sans éclairage public,Hors agglomération,Hors intersection,Neige / grêle,Deux véhicules - côté,,,,,,,,,,,3,1,1,4,3
200500010511,0005-02-26 05:00:00,5,2,26,5,0,800,485.0,13 route de CONTY,49.779,2.174,Plein jour,En agglomération,Hors intersection,Brouillard / fumée,Autre collision,,,,,,,,,,,1,2,1,5,6
200500010512,0005-02-27 05:00:00,5,2,27,5,0,800,352.0,,,,Nuit sans éclairage public,Hors agglomération,Hors intersection,Autre,Sans collision,,,,,,,,,,,3,1,1,9,7
200500010513,0005-02-14 18:15:00,5,2,14,18,15,800,634.0,,49.951,2.446,Crépuscule ou aube,Hors agglomération,Hors intersection,Normale,Deux véhicules - frontale,,,,,,,,,,,2,1,1,1,1
200500010514,0005-02-26 00:45:00,5,2,26,0,45,800,20.0,,49.95,2.37,Nuit sans éclairage public,Hors agglomération,Hors intersection,Temps couvert,Sans collision,,,,,,,,,,,3,1,1,8,7
200500010515,0005-02-08 13:30:00,5,2,8,13,30,800,578.0,,50.04,1.77,Plein jour,Hors agglomération,Hors intersection,Normale,Autre collision,,,,,,,,,,,1,1,1,1,6
200500010516,0005-02-16 14:00:00,5,2,16,14,0,800,360.0,,50.075,1.579,Plein jour,En agglomération,Autre intersection,Normale,Autre collision,,,,,,,,,,,1,2,9,1,6
200500010517,0005-02-18 07:45:00,5,2,18,7,45,800,190.0,,,,Plein jour,Hors agglomération,Hors intersection,Temps couvert,Deux véhicules - frontale,,,,,,,,,,,1,1,1,8,1
200500010518,0005-02-19 20:00:00,5,2,19,20,0,800,827.0,,50.055,1.533,Nuit sans éclairage public,Hors agglomération,Hors intersection,Normale,Autre collision,,,,,,,,,,,3,1,1,1,6
200500010519,0005-02-10 16:30:00,5,2,10,16,30,800,333.0,AVENUE DE LA PLAGE,50.34,1.55,Plein jour,En agglomération,Hors intersection,Normale,Autre collision,,,,,,,,,,,1,2,1,1,6
200500010520,0005-02-19 16:30:00,5,2,19,16,30,800,688.0,rue Gaston Garry,50.278,1.665,Plein jour,En agglomération,Hors intersection,Normale,Deux véhicules - côté,,,,,,,,,,,1,2,1,1,3
200500010521,0005-02-12 06:00:00,5,2,12,6,0,800,110.0,,,,Nuit sans éclairage public,Hors agglomération,Hors intersection,Normale,Deux véhicules - frontale,,,,,,,,,,,3,1,1,1,1
200500010522,0005-02-17 06:45:00,5,2,17,6,45,800,464.0,CD.940,50.161,1.555,Nuit avec éclairage allumé,En agglomération,Hors intersection,Temps couvert,Autre collision,,,,,,,,,,,5,2,1,8,6
200500010523,0005-02-03 13:45:00,5,2,3,13,45,800,122.0,RUE DE LA VILLE,,,Plein jour,En agglomération,Hors intersection,Normale,Deux véhicules - frontale,,,,,,,,,,,1,2,1,1,1
200500010524,0005-02-11 11:00:00,5,2,11,11,0,800,793.0,,,,Plein jour,Hors agglomération,Hors intersection,Temps couvert,Deux véhicules - frontale,,,,,,,,,,,1,1,1,8,1
200500010525,0005-02-16 15:15:00,5,2,16,15,15,800,685.0,,,,Plein jour,Hors agglomération,Intersection en X,Normale,Deux véhicules - côté,,,,,,,,,,,1,1,2,1,3
200500010526,0005-02-19 18:45:00,5,2,19,18,45,800,595.0,,49.74,2.52,Crépuscule ou aube,Hors agglomération,Hors intersection,Normale,Autre collision,,,,,,,,,,,2,1,1,1,6
200500010527,0005-02-08 03:00:00,5,2,8,3,0,800,801.0,,,,Nuit sans éclairage public,Hors agglomération,Hors intersection,Normale,Autre collision,,,,,,,,,,,3,1,1,1,6
200500010528,0005-02-08 08:30:00,5,2,8,8,30,800,240.0,,,,Plein jour,Hors agglomération,Hors intersection,Normale,Sans collision,,,,,,,,,,,1,1,1,1,7
200500010529,0005-02-13 00:15:00,5,2,13,0,15,800,199.0,,,,Nuit sans éclairage public,Hors agglomération,Hors intersection,Normale,Autre collision,,,,,,,,,,,3,1,1,1,6
200500010530,0005-02-21 01:15:00,5,2,21,1,15,800,298.0,33 grande rue,,,Nuit avec éclairage allumé,En agglomération,Hors intersection,Neige / grêle,Autre collision,,,,,,,,,,,5,2,1,4,6
200500010531,0005-02-21 08:15:00,5,2,21,8,15,800,136.0,,49.968,2.7,Plein jour,Hors agglomération,Hors intersection,Temps couvert,Deux véhicules - frontale,,,,,,,,,,,1,1,1,8,1
200500010532,0005-02-23 12:00:00,5,2,23,12,0,800,579.0,Rue de Flamicourt,49.732,3.074,Plein jour,En agglomération,Hors intersection,Normale,Autre collision,,,,,,,,,,,1,2,1,1,6
200500010533,0005-02-03 21:45:00,5,2,3,21,45,20,621.0,,,,Nuit sans éclairage public,Hors agglomération,Hors intersection,Normale,Autre collision,,,,,,,,,,,3,1,1,1,6
200500010534,0005-02-04 23:45:00,5,2,4,23,45,20,468.0,Rue desains,,,Nuit avec éclairage allumé,En agglomération,Intersection en X,Normale,Deux véhicules - côté,,,,,,,,,,,5,2,2,1,3
200500010535,0005-02-12 05:00:00,5,2,12,5,0,20,128.0,,,,Nuit sans éclairage public,Hors agglomération,Hors intersection,Pluie légère,Autre collision,,,,,,,,,,,3,1,1,2,6
200500010536,0005-02-01 11:15:00,5,2,1,11,15,20,820.0,,,,Plein jour,Hors agglomération,Hors intersection,Normale,Deux véhicules - côté,,,,,,,,,,,1,1,1,1,3
200500010537,0005-02-03 12:00:00,5,2,3,12,0,20,173.0,rue Emile Zola,,,Plein jour,En agglomération,Hors intersection,Autre,Deux véhicules - côté,,,,,,,,,,,1,2,1,9,3
200500010538,0005-02-11 12:15:00,5,2,11,12,15,20,680.0,,,,Plein jour,Hors agglomération,Hors intersection,Normale,Autre collision,,,,,,,,,,,1,1,1,1,6
200500010539,0005-02-26 02:00:00,5,2,26,2,0,20,602.0,RUE DU 7EME BCA,49.503,3.451,Nuit avec éclairage allumé,En agglomération,Hors intersection,Normale,Autre collision,,,,,,,,,,,5,2,1,1,6
200500010540,0005-02-07 15:00:00,5,2,7,15,0,20,290.0,CD 1390,,,Plein jour,En agglomération,Hors intersection,Normale,Deux véhicules - arrière,,,,,,,,,,,1,2,1,1,2
200500010541,0005-02-17 18:30:00,5,2,17,18,30,20,806.0,,49.193,3.477,Nuit sans éclairage public,Hors agglomération,Hors intersection,Normale,Deux véhicules - frontale,,,,,,,,,,,3,1,1,1,1
200500010542,0005-02-04 16:30:00,5,2,4,16,30,20,575.0,11 RUE PASTEUR RN 29,,,Plein jour,En agglomération,Hors intersection,Normale,Sans collision,,,,,,,,,,,1,2,1,1,7
200500010543,0005-02-07 13:45:00,5,2,7,13,45,20,287.0,rue de  flandre,,,Plein jour,En agglomération,Hors intersection,Normale,Autre collision,,,,,,,,,,,1,2,1,1,6
200500010544,0005-02-10 21:00:00,5,2,10,21,0,20,575.0,40 rue du thil,49.846,3.499,Nuit avec éclairage allumé,En agglomération,Hors intersection,Normale,Autre collision,,,,,,,,,,,5,2,1,1,6
200500010545,0005-02-07 14:30:00,5,2,7,14,30,20,804.0,,49.303,3.342,Plein jour,Hors agglomération,Hors intersection,Normale,Deux véhicules - côté,,,,,,,,,,,1,1,1,1,3
200500010546,0005-02-27 16:00:00,5,2,27,16,0,20,770.0,rue de la villette,49.361,3.294,Plein jour,En agglomération,Hors intersection,Normale,Deux véhicules - frontale,,,,,,,,,,,1,2,1,1,1
200500010547,0005-02-05 02:00:00,5,2,5,2,0,20,232.0,,49.231,2.976,Nuit sans éclairage public,Hors agglomération,Hors intersection,Normale,Autre collision,,,,,,,,,,,3,1,1,1,6
200500010548,0005-02-11 13:30:00,5,2,11,13,30,20,232.0,,49.245,3.024,Plein jour,Hors agglomération,Hors intersection,Normale,Autre collision,,,,,,,,,,,1,1,1,1,6
200500010549,0005-02-19 11:30:00,5,2,19,11,30,20,810.0,,49.216,3.105,Plein jour,Hors agglomération,Hors intersection,Normale,Deux véhicules - côté,,,,,,,,,,,1,1,1,1,3
200500010550,0005-02-19 13:00:00,5,2,19,13,0,20,438.0,RUE DE LA GLACIERE,49.28,3.214,Plein jour,En agglomération,Intersection en T,Temps couvert,Deux véhicules - côté,,,,,,,,,,,1,2,3,8,3
200500010551,0005-02-27 13:30:00,5,2,27,13,30,20,673.0,,49.431,3.122,Plein jour,Hors agglomération,Hors intersection,Normale,Autre collision,,,,,,,,,,,1,1,1,1,6
200500010552,0005-02-28 23:45:00,5,2,28,23,45,20,568.0,,49.218,3.105,Nuit sans éclairage public,Hors agglomération,Hors intersection,Normale,Deux véhicules - arrière,,,,,,,,,,,3,1,1,1,2
200500010553,0005-02-02 14:30:00,5,2,2,14,30,20,723.0,,49.713,4.088,Plein jour,Hors agglomération,Hors intersection,Pluie légère,Deux véhicules - côté,,,,,,,,,,,1,1,1,2,3
200500010554,0005-02-17 07:30:00,5,2,17,7,30,20,200.0,,49.662,3.964,Plein jour,Hors agglomération,Hors intersection,Autre,Sans collision,,,,,,,,,,,1,1,1,9,7
200500010555,0005-02-26 03:00:00,5,2,26,3,0,20,444.0,18 RUE DU VILPION,49.786,3.81,Nuit sans éclairage public,En agglomération,Hors intersection,Normale,Autre collision,,,,,,,,,,,3,2,1,1,6
200500010556,0005-02-09 18:30:00,5,2,9,18,30,20,681.0,,49.802,3.84,Nuit sans éclairage public,Hors agglomération,Hors intersection,Normale,Deux véhicules - arrière,,,,,,,,,,,3,1,1,1,2
200500010557,0005-02-14 18:15:00,5,2,14,18,15,20,757.0,,,,Nuit sans éclairage public,En agglomération,Hors intersection,Normale,Autre collision,,,,,,,,,,,3,2,1,1,6
200500010558,0005-02-11 18:30:00,5,2,11,18,30,20,381.0,19 RUE GENEARAL DEBENEY,49.922,4.082,Nuit avec éclairage allumé,En agglomération,Hors intersection,Pluie forte,Autre collision,,,,,,,,,,,5,2,1,3,6
200500010559,0005-02-07 09:30:00,5,2,7,9,30,600,29.0,,49.389,2.003,Plein jour,Hors agglomération,Hors intersection,Brouillard / fumée,Trois véhicules et plus - en chaîne,,,,,,,,,,,1,1,1,5,4
200500010560,0005-02-10 18:30:00,5,2,10,18,30,600,591.0,,,,Nuit sans éclairage public,Hors agglomération,Hors intersection,Normale,Deux véhicules - côté,,,,,,,,,,,3,1,1,1,3
200500010561,0005-02-13 23:00:00,5,2,13,23,0,600,591.0,,49.424,1.959,Nuit sans éclairage public,Hors agglomération,Hors intersection,Pluie légère,Deux véhicules - côté,,,,,,,,,,,3,1,1,2,3
200500010562,0005-02-08 09:15:00,5,2,8,9,15,600,528.0,,49.248,1.841,Plein jour,Hors agglomération,Hors intersection,Temps couvert,Autre collision,,,,,,,,,,,1,1,1,8,6
200500010563,0005-02-11 22:30:00,5,2,11,22,30,600,143.0,,49.284,1.854,Nuit sans éclairage public,Hors agglomération,Hors intersection,Pluie légère,Deux véhicules - frontale,,,,,,,,,,,3,1,1,2,1
200500010564,0005-02-15 16:00:00,5,2,15,16,0,600,570.0,,,,Plein jour,Hors agglomération,Hors intersection,Normale,Sans collision,,,,,,,,,,,1,1,1,1,7
200500010565,0005-02-19 08:45:00,5,2,19,8,45,600,532.0,,49.291,2.092,Plein jour,Hors agglomération,Hors intersection,Pluie légère,Sans collision,,,,,,,,,,,1,1,1,2,7
200500010566,0005-02-04 13:30:00,5,2,4,13,30,600,335.0,,,,Plein jour,Hors agglomération,Intersection en Y,Normale,Deux véhicules - frontale,,,,,,,,,,,1,1,4,1,1
200500010567,0005-02-19 18:30:00,5,2,19,18,30,600,286.0,,49.663,1.959,Nuit sans éclairage public,Hors agglomération,Hors intersection,Normale,Deux véhicules - frontale,,,,,,,,,,,3,1,1,1,1
200500010568,0005-02-13 12:30:00,5,2,13,12,30,600,122.0,CD316,,,Plein jour,En agglomération,Hors intersection,Normale,Deux véhicules - côté,,,,,,,,,,,1,2,1,1,3
200500010569,0005-02-04 18:00:00,5,2,4,18,0,600,88.0,rue de l'aulnaie,,,Crépuscule ou aube,En agglomération,Hors intersection,Normale,Deux véhicules - côté,,,,,,,,,,,2,2,1,1,3
200500010570,0005-02-04 20:45:00,5,2,4,20,45,600,106.0,RUE GUY BOULET RD 931,,,Plein jour,En agglomération,Hors intersection,Normale,Deux véhicules - côté,,,,,,,,,,,1,2,1,1,3
200500010571,0005-02-18 22:45:00,5,2,18,22,45,600,115.0,,,,Nuit sans éclairage public,Hors agglomération,Hors intersection,Pluie forte,Sans collision,,,,,,,,,,,3,1,1,3,7
200500010572,0005-02-04 14:00:00,5,2,4,14,0,600,486.0,,49.65,2.312,Plein jour,Hors agglomération,Hors intersection,Normale,Deux véhicules - côté,,,,,,,,,,,1,1,1,1,3
200500010573,0005-02-07 08:15:00,5,2,7,8,15,600,692.0,,49.64,2.218,Crépuscule ou aube,Hors agglomération,Hors intersection,Brouillard / fumée,Deux véhicules - frontale,,,,,,,,,,,2,1,1,5,1
200500010574,0005-02-10 11:45:00,5,2,10,11,45,600,104.0,rue de la république,49.636,2.296,Plein jour,En agglomération,Hors intersection,Normale,Deux véhicules - frontale,,,,,,,,,,,1,2,1,1,1
200500010575,0005-02-11 17:00:00,5,2,11,17,0,600,253.0,,49.59,2.14,Plein jour,Hors agglomération,Intersection en X,Normale,Trois véhicules et plus - collisions multiples,,,,,,,,,,,1,1,2,1,5
200500010576,0005-02-21 14:30:00,5,2,21,14,30,600,102.0,,,,Plein jour,Hors agglomération,Hors intersection,Normale,Deux véhicules - côté,,,,,,,,,,,1,1,1,1,3
200500010577,0005-02-07 18:45:00,5,2,7,18,45,600,451.0,,49.353,2.43,Nuit avec éclairage allumé,Hors agglomération,Hors intersection,Normale,Trois véhicules et plus - en chaîne,,,,,,,,,,,5,1,1,1,4
200500010578,0005-02-15 21:15:00,5,2,15,21,15,600,338.0,ROUTE NATIONALE,,,Nuit avec éclairage allumé,En agglomération,Hors intersection,Normale,Deux véhicules - frontale,,,,,,,,,,,5,2,1,1,1
200500010579,0005-02-11 01:15:00,5,2,11,1,15,600,318.0,,,,Nuit sans éclairage public,Hors agglomération,Hors intersection,Pluie légère,Sans collision,,,,,,,,,,,3,1,1,2,7
200500010580,0005-02-21 17:45:00,5,2,21,17,45,600,160.0,,49.61,2.72,Plein jour,Hors agglomération,Hors intersection,Normale,Autre collision,,,,,,,,,,,1,1,1,1,6
200500010581,0005-02-02 01:00:00,5,2,2,1,0,600,471.0,1685 rue d'Orroire,49.571,3.027,Nuit avec éclairage allumé,En agglomération,Hors intersection,Pluie légère,Autre collision,,,,,,,,,,,5,2,1,2,6
200500010582,0005-02-06 21:30:00,5,2,6,21,30,600,506.0,Rue du Maréchal LECLERC,49.568,2.989,Nuit avec éclairage allumé,En agglomération,Hors intersection,Normale,Autre collision,,,,,,,,,,,5,2,1,1,6
200500010583,0005-02-13 20:45:00,5,2,13,20,45,600,612.0,,49.244,2.586,Nuit sans éclairage public,Hors agglomération,Hors intersection,Pluie légère,Autre collision,,,,,,,,,,,3,1,1,2,6
200500010584,0005-02-25 20:30:00,5,2,25,20,30,600,170.0,,,,Nuit avec éclairage allumé,Hors agglomération,Intersection en X,Temps couvert,Sans collision,,,,,,,,,,,5,1,2,8,7
200500010585,0005-02-12 09:30:00,5,2,12,9,30,600,282.0,rue de la treille,,,Plein jour,En agglomération,Hors intersection,Pluie légère,Sans collision,,,,,,,,,,,1,2,1,2,7
200500010586,0005-02-18 19:15:00,5,2,18,19,15,600,346.0,Avenue de la Libération,49.165,2.446,Nuit avec éclairage allumé,En agglomération,Hors intersection,Normale,Deux véhicules - arrière,,,,,,,,,,,5,2,1,1,2
200500010587,0005-02-02 05:00:00,5,2,2,5,0,600,341.0,intersection RN330 /CD9E,,,Nuit sans éclairage public,En agglomération,Autre intersection,Pluie légère,Deux véhicules - côté,,,,,,,,,,,3,2,9,2,3
200500010588,0005-02-23 16:30:00,5,2,23,16,30,760,594.0,,49.487,1.015,Plein jour,Hors agglomération,Giratoire,Normale,Autre collision,,,,,,,,,,,1,1,6,1,6
200500010589,0005-02-21 08:15:00,5,2,21,8,15,760,220.0,,49.87,1.332,Plein jour,Hors agglomération,Hors intersection,Neige / grêle,Deux véhicules - côté,,,,,,,,,,,1,1,1,4,3
200500010590,0005-02-06 16:15:00,5,2,6,16,15,760,75.0,,49.782,1.05,Plein jour,Hors agglomération,Hors intersection,Normale,Autre collision,,,,,,,,,,,1,1,1,1,6
200500010591,0005-02-22 17:45:00,5,2,22,17,45,760,51.0,,49.791,0.989,Plein jour,Hors agglomération,Intersection en T,Normale,Deux véhicules - côté,,,,,,,,,,,1,1,3,1,3
200500010592,0005-02-07 15:15:00,5,2,7,15,15,760,204.0,,49.726,1.145,Plein jour,Hors agglomération,Hors intersection,Temps éblouissant,Deux véhicules - côté,,,,,,,,,,,1,1,1,7,3
200500010593,0005-02-04 13:15:00,5,2,4,13,15,760,448.0,route de lyons,49.415,1.235,Plein jour,En agglomération,Hors intersection,Normale,Autre collision,,,,,,,,,,,1,2,1,1,6
200500010594,0005-02-13 00:45:00,5,2,13,0,45,760,69.0,,49.374,1.129,Nuit sans éclairage public,Hors agglomération,Hors intersection,Pluie légère,Deux véhicules - côté,,,,,,,,,,,3,1,1,2,3
200500010595,0005-02-10 21:00:00,5,2,10,21,0,760,213.0,,,,Nuit sans éclairage public,Hors agglomération,Hors intersection,Normale,Autre collision,,,,,,,,,,,3,1,1,1,6
200500010596,0005-02-21 19:15:00,5,2,21,19,15,760,141.0,,,,Nuit sans éclairage public,Hors agglomération,Hors intersection,Normale,Deux véhicules - frontale,,,,,,,,,,,3,1,1,1,1
200500010597,0005-02-24 08:30:00,5,2,24,8,30,760,238.0,rue des marronniers,,,Plein jour,En agglomération,Hors intersection,Neige / grêle,Deux véhicules - frontale,,,,,,,,,,,1,2,1,4,1
200500010598,0005-02-06 01:00:00,5,2,6,1,0,760,115.0,,49.593,0.548,Nuit sans éclairage public,Hors agglomération,Hors intersection,Temps couvert,Deux véhicules - frontale,,,,,,,,,,,3,1,1,8,1
200500010599,0005-02-27 12:30:00,5,2,27,12,30,760,281.0,,,,Plein jour,Hors agglomération,Hors intersection,Autre,Autre collision,,,,,,,,,,,1,1,1,9,6
200500010600,0005-02-03 18:30:00,5,2,3,18,30,760,303.0,RC7,49.551,0.341,Nuit sans éclairage public,En agglomération,Hors intersection,Normale,Sans collision,,,,,,,,,,,3,2,1,1,7
200500010601,0005-02-22 17:45:00,5,2,22,17,45,760,563.0,,49.533,0.324,Plein jour,Hors agglomération,Hors intersection,Normale,Deux véhicules - côté,,,,,,,,,,,1,1,1,1,3
200500010602,0005-02-18 15:45:00,5,2,18,15,45,760,454.0,,49.75,1.561,Plein jour,Hors agglomération,Hors intersection,Normale,Deux véhicules - côté,,,,,,,,,,,1,1,1,1,3
200500010603,0005-02-03 20:30:00,5,2,3,20,30,760,758.0,,49.608,0.756,Nuit sans éclairage public,Hors agglomération,Hors intersection,Normale,Autre collision,,,,,,,,,,,3,1,1,1,6
200500010604,0005-02-28 20:30:00,5,2,28,20,30,760,495.0,CD142 RUE FRERES MARTIN,49.566,0.953,Nuit avec éclairage non allumé,En agglomération,Hors intersection,Normale,Autre collision,,,,,,,,,,,4,2,1,1,6
200500010605,0005-02-11 19:15:00,5,2,11,19,15,760,294.0,carrefour CD4 et CD101,49.835,0.902,Nuit avec éclairage allumé,En agglomération,Intersection en X,Pluie légère,Deux véhicules - côté,,,,,,,,,,,5,2,2,2,3
200500010606,0005-02-10 19:00:00,5,2,10,19,0,760,325.0,,49.661,0.835,Nuit sans éclairage public,Hors agglomération,Hors intersection,Normale,Deux véhicules - frontale,,,,,,,,,,,3,1,1,1,1
200500010607,0005-02-02 14:00:00,5,2,2,14,0,270,684.0,,,,Plein jour,En agglomération,Hors intersection,Pluie légère,Deux véhicules - frontale,,,,,,,,,,,1,2,1,2,1
200500010608,0005-02-11 11:30:00,5,2,11,11,30,270,568.0,,,,Plein jour,Hors agglomération,Hors intersection,Temps couvert,Deux véhicules - frontale,,,,,,,,,,,1,1,1,8,1
200500010609,0005-02-12 04:00:00,5,2,12,4,0,270,678.0,,,,Nuit sans éclairage public,Hors agglomération,Hors intersection,Normale,Autre collision,,,,,,,,,,,3,1,1,1,6
200500010610,0005-02-13 13:30:00,5,2,13,13,30,270,234.0,,,,Plein jour,Hors agglomération,Hors intersection,Neige / grêle,Autre collision,,,,,,,,,,,1,1,1,4,6