accident_id,datetime,annee,mois,jour,heure,minute,departement,commune_insee,adresse,latitude,longitude,luminosite,agglomeration,intersection,meteo,collision,nb_vehicules,nb_usagers,nb_indemnes,nb_tues,nb_blesses_hosp,nb_blesses_legers,age_cond_1,age_cond_2,veh_type_cond_1,veh_type_cond_2,lum_code,agg_code,int_code,atm_code,col_code
200500010745,0005-02-23 16:45:00,5,2,23,16,45,500,484.0,rue waldeck rousseau,,,Plein jour,En agglomération,Intersection en X,Normale,Deux véhicules - frontale,,,,,,,,,,,1,2,2,1,1
200500010746,0005-02-23 15:00:00,5,2,23,15,0,610,464.0,,,,Plein jour,Hors agglomération,Hors intersection,Normale,Deux véhicules - arrière,,,,,,,,,,,1,1,1,1,2
200500010747,0005-02-26 10:45:00,5,2,26,10,45,610,464.0,rue tonivorst,,,Plein jour,En agglomération,Intersection en T,Normale,Deux véhicules - côté,,,,,,,,,,,1,2,3,1,3
200500010748,0005-02-01 13:45:00,5,2,1,13,45,610,298.0,,48.771,-0.053,Plein jour,Hors agglomération,Hors intersection,Normale,Deux véhicules - arrière,,,,,,,,,,,1,1,1,1,2
200500010749,0005-02-22 16:45:00,5,2,22,16,45,610,508.0,Boulevard DENTU,,,Plein jour,En agglomération,Hors intersection,Pluie légère,Deux véhicules - frontale,,,,,,,,,,,1,2,1,2,1
200500010750,0005-02-21 19:00:00,5,2,21,19,0,610,294.0,La petite mortree,,,Nuit avec éclairage allumé,En agglomération,Hors intersection,Normale,Deux véhicules - côté,,,,,,,,,,,5,2,1,1,3
200500010751,0005-02-11 12:30:00,5,2,11,12,30,610,275.0,Route de granville,48.704,0.284,Plein jour,En agglomération,Hors intersection,Temps couvert,Deux véhicules - côté,,,,,,,,,,,1,2,1,8,3
200500010752,0005-02-21 17:00:00,5,2,21,17,0,610,163.0,,,,Plein jour,Hors agglomération,Hors intersection,Normale,Deux véhicules - frontale,,,,,,,,,,,1,1,1,1,1
200500010753,0005-02-26 08:00:00,5,2,26,8,0,610,362.0,,,,Crépuscule ou aube,Hors agglomération,Hors intersection,Autre,Autre collision,,,,,,,,,,,2,1,1,9,6
200500010754,0005-02-27 12:15:00,5,2,27,12,15,610,75.0,6 RUE DE LA GARE,,,Plein jour,En agglomération,Hors intersection,Normale,Autre collision,,,,,,,,,,,1,2,1,1,6
200500010755,0005-02-11 16:15:00,5,2,11,16,15,610,96.0,intersection RN 176/RD53,,,Plein jour,En agglomération,Hors intersection,Normale,Deux véhicules - côté,,,,,,,,,,,1,2,1,1,3
200500010756,0005-02-20 21:45:00,5,2,20,21,45,610,200.0,,,,Nuit avec éclairage allumé,Hors agglomération,Hors intersection,Neige / grêle,Autre collision,,,,,,,,,,,5,1,1,4,6
200500010757,0005-02-12 12:30:00,5,2,12,12,30,610,486.0,RUE DE PARIS,48.771,-0.725,Plein jour,En agglomération,Intersection en T,Pluie légère,Deux véhicules - côté,,,,,,,,,,,1,2,3,2,3
200500010758,0005-02-05 03:00:00,5,2,5,3,0,610,38.0,33 route du Mans,48.377,0.571,Nuit avec éclairage allumé,En agglomération,Hors intersection,Normale,Autre collision,,,,,,,,,,,5,2,1,1,6
200500010759,0005-02-18 21:00:00,5,2,18,21,0,610,38.0,,,,Nuit sans éclairage public,Hors agglomération,Hors intersection,Normale,Deux véhicules - frontale,,,,,,,,,,,3,1,1,1,1
200500010760,0005-02-05 19:15:00,5,2,5,19,15,610,140.0,,48.717,0.665,Nuit sans éclairage public,Hors agglomération,Hors intersection,Normale,Deux véhicules - frontale,,,,,,,,,,,3,1,1,1,1
200500010761,0005-02-08 06:00:00,5,2,8,6,0,610,456.0,,48.763,0.686,Nuit sans éclairage public,Hors agglomération,Giratoire,Brouillard / fumée,Deux véhicules - côté,,,,,,,,,,,3,1,6,5,3
200500010762,0005-02-04 16:45:00,5,2,4,16,45,440,26.0,,47.299,-1.472,Plein jour,Hors agglomération,Hors intersection,Normale,Deux véhicules - frontale,,,,,,,,,,,1,1,1,1,1
200500010763,0005-02-13 01:15:00,5,2,13,1,15,440,41.0,,,,Nuit sans éclairage public,Hors agglomération,Hors intersection,Normale,Deux véhicules - frontale,,,,,,,,,,,3,1,1,1,1
200500010764,0005-02-02 08:45:00,5,2,2,8,45,440,215.0,rue Charles Chollet,,,Plein jour,En agglomération,Hors intersection,Temps couvert,Autre collision,,,,,,,,,,,1,2,1,8,6
200500010765,0005-02-06 04:30:00,5,2,6,4,30,440,160.0,,,,Nuit sans éclairage public,Hors agglomération,Hors intersection,Normale,Sans collision,,,,,,,,,,,3,1,1,1,7
200500010766,0005-02-11 16:45:00,5,2,11,16,45,440,219.0,,47.578,-1.072,Plein jour,Hors agglomération,Hors intersection,Normale,Deux véhicules - côté,,,,,,,,,,,1,1,1,1,3
200500010767,0005-02-19 15:45:00,5,2,19,15,45,440,180.0,Bd de la Haie daniel,47.53,-1.18,Plein jour,En agglomération,Intersection en X,Normale,Deux véhicules - côté,,,,,,,,,,,1,2,2,1,3
200500010768,0005-02-25 08:45:00,5,2,25,8,45,440,96.0,,47.412,-1.266,Plein jour,Hors agglomération,Intersection en X,Temps couvert,Deux véhicules - côté,,,,,,,,,,,1,1,2,8,3
200500010769,0005-02-26 18:15:00,5,2,26,18,15,440,96.0,,47.428,-1.227,Plein jour,Hors agglomération,Hors intersection,Normale,Trois véhicules et plus - collisions multiples,,,,,,,,,,,1,1,1,1,5
200500010770,0005-02-24 10:30:00,5,2,24,10,30,440,108.0,,47.132,-1.308,Plein jour,Hors agglomération,Hors intersection,Normale,Deux véhicules - arrière,,,,,,,,,,,1,1,1,1,2
200500010771,0005-02-21 13:30:00,5,2,21,13,30,440,28.0,,47.333,-1.393,Plein jour,Hors agglomération,Hors intersection,Normale,Deux véhicules - côté,,,,,,,,,,,1,1,1,1,3
200500010772,0005-02-12 15:30:00,5,2,12,15,30,440,199.0,,,,Plein jour,Hors agglomération,Hors intersection,Normale,Trois véhicules et plus - collisions multiples,,,,,,,,,,,1,1,1,1,5
200500010773,0005-02-24 16:00:00,5,2,24,16,0,440,85.0,,,,Plein jour,Hors agglomération,Intersection en X,Normale,Deux véhicules - côté,,,,,,,,,,,1,1,2,1,3
200500010774,0005-02-25 08:15:00,5,2,25,8,15,440,112.0,,47.792,-1.348,Plein jour,Hors agglomération,Hors intersection,Normale,Deux véhicules - côté,,,,,,,,,,,1,1,1,1,3
200500010775,0005-02-02 16:00:00,5,2,2,16,0,440,73.0,,47.415,-1.698,Plein jour,Hors agglomération,Intersection en T,Normale,Deux véhicules - côté,,,,,,,,,,,1,1,3,1,3
200500010776,0005-02-02 16:45:00,5,2,2,16,45,440,113.0,,47.567,-1.628,Plein jour,En agglomération,Hors intersection,Normale,Sans collision,,,,,,,,,,,1,2,1,1,7
200500010777,0005-02-16 07:45:00,5,2,16,7,45,440,179.0,,47.38,-1.45,Plein jour,Hors agglomération,Hors intersection,Normale,Trois véhicules et plus - collisions multiples,,,,,,,,,,,1,1,1,1,5
200500010778,0005-02-20 04:15:00,5,2,20,4,15,440,110.0,Rue de la Barre,,,Nuit avec éclairage allumé,En agglomération,Hors intersection,Neige / grêle,Autre collision,,,,,,,,,,,5,2,1,4,6
200500010779,0005-02-20 14:30:00,5,2,20,14,30,440,149.0,,47.526,-1.548,Plein jour,Hors agglomération,Autre intersection,Normale,Sans collision,,,,,,,,,,,1,1,9,1,7
200500010780,0005-02-08 19:30:00,5,2,8,19,30,440,120.0,47 rue du Château,47.206,-1.757,Nuit avec éclairage allumé,En agglomération,Hors intersection,Normale,Deux véhicules - côté,,,,,,,,,,,5,2,1,1,3
200500010781,0005-02-10 07:45:00,5,2,10,7,45,440,21.0,,47.038,-1.927,Crépuscule ou aube,Hors agglomération,Hors intersection,Brouillard / fumée,Trois véhicules et plus - collisions multiples,,,,,,,,,,,2,1,1,5,5
200500010782,0005-02-11 12:45:00,5,2,11,12,45,440,131.0,RUE DU VAL ST MARTIN,47.123,-2.107,Plein jour,En agglomération,Intersection en T,Pluie légère,Deux véhicules - côté,,,,,,,,,,,1,2,3,2,3
200500010783,0005-02-04 18:30:00,5,2,4,18,30,440,47.0,Boulevard Blancho,47.218,-1.727,Nuit avec éclairage allumé,En agglomération,Intersection en X,Normale,Deux véhicules - côté,,,,,,,,,,,5,2,2,1,3
200500010784,0005-02-15 07:30:00,5,2,15,7,30,440,151.0,,,,Crépuscule ou aube,Hors agglomération,Intersection en T,Normale,Deux véhicules - côté,,,,,,,,,,,2,1,3,1,3
200500010785,0005-02-04 12:00:00,5,2,4,12,0,440,52.0,,47.345,-2.013,Plein jour,Hors agglomération,Hors intersection,Normale,Deux véhicules - arrière,,,,,,,,,,,1,1,1,1,2
200500010786,0005-02-11 15:30:00,5,2,11,15,30,440,103.0,,,,Plein jour,Hors agglomération,Hors intersection,Pluie légère,Deux véhicules - arrière,,,,,,,,,,,1,1,1,2,2
200500010787,0005-02-19 21:45:00,5,2,19,21,45,440,103.0,,,,Nuit sans éclairage public,Hors agglomération,Hors intersection,Normale,Autre collision,,,,,,,,,,,3,1,1,1,6
200500010788,0005-02-07 18:45:00,5,2,7,18,45,440,137.0,,47.392,-2.002,Nuit sans éclairage public,Hors agglomération,Hors intersection,Normale,Deux véhicules - côté,,,,,,,,,,,3,1,1,1,3
200500010789,0005-02-02 07:15:00,5,2,2,7,15,490,214.0,57 AVENUE DE L EUROPE,47.527,-0.608,Nuit avec éclairage allumé,En agglomération,Hors intersection,Pluie légère,Autre collision,,,,,,,,,,,5,2,1,2,6
200500010790,0005-02-02 15:30:00,5,2,2,15,30,490,35.0,LA FRAISERIE,47.441,-0.609,Nuit sans éclairage public,En agglomération,Hors intersection,Normale,Autre collision,,,,,,,,,,,3,2,1,1,6
200500010791,0005-02-18 22:00:00,5,2,18,22,0,490,20.0,,,,Nuit sans éclairage public,Hors agglomération,Hors intersection,Normale,Deux véhicules - côté,,,,,,,,,,,3,1,1,1,3
200500010792,0005-02-06 01:30:00,5,2,6,1,30,490,194.0,,47.472,-0.302,Nuit avec éclairage allumé,Hors agglomération,Hors intersection,Normale,Deux véhicules - côté,,,,,,,,,,,5,1,1,1,3
200500010793,0005-02-20 04:45:00,5,2,20,4,45,490,21.0,RUE DU DOCTEUR GRIMOUX,,,Nuit sans éclairage public,En agglomération,Hors intersection,Normale,Autre collision,,,,,,,,,,,3,2,1,1,6
200500010794,0005-02-11 00:45:00,5,2,11,0,45,490,22.0,,47.339,-0.588,Nuit sans éclairage public,Hors agglomération,Giratoire,Normale,Sans collision,,,,,,,,,,,3,1,6,1,7
200500010795,0005-02-28 15:00:00,5,2,28,15,0,490,86.0,RUE NATIONALE,47.274,-0.451,Plein jour,En agglomération,Intersection en X,Normale,Deux véhicules - côté,,,,,,,,,,,1,2,2,1,3
200500010796,0005-02-09 12:30:00,5,2,9,12,30,490,32.0,Rue du haut chemin,47.426,-0.401,Plein jour,En agglomération,Hors intersection,Temps éblouissant,Deux véhicules - arrière,,,,,,,,,,,1,2,1,7,2
200500010797,0005-02-18 21:00:00,5,2,18,21,0,490,289.0,,47.47,-0.68,Nuit sans éclairage public,Hors agglomération,Hors intersection,Pluie légère,Sans collision,,,,,,,,,,,3,1,1,2,7
200500010798,0005-02-19 10:15:00,5,2,19,10,15,490,333.0,,47.58,-0.35,Plein jour,En agglomération,Hors intersection,Temps éblouissant,Deux véhicules - côté,,,,,,,,,,,1,2,1,7,3
200500010799,0005-02-12 17:15:00,5,2,12,17,15,490,27.0,,47.124,-0.933,Plein jour,Hors agglomération,Intersection en T,Normale,Deux véhicules - côté,,,,,,,,,,,1,1,3,1,3
200500010800,0005-02-26 11:45:00,5,2,26,11,45,490,285.0,3 RUE DES AULNEAUX,47.107,-1.123,Plein jour,En agglomération,Hors intersection,Normale,Deux véhicules - côté,,,,,,,,,,,1,2,1,1,3
200500010801,0005-02-26 20:45:00,5,2,26,20,45,490,172.0,9 rue du Soleil Levant,,,Nuit avec éclairage allumé,En agglomération,Hors intersection,Normale,Autre collision,,,,,,,,,,,5,2,1,1,6
200500010802,0005-02-14 12:45:00,5,2,14,12,45,490,294.0,,,,Plein jour,Hors agglomération,Hors intersection,Normale,Autre collision,,,,,,,,,,,1,1,1,1,6
200500010803,0005-02-23 17:30:00,5,2,23,17,30,490,176.0,,47.647,-0.764,Crépuscule ou aube,Hors agglomération,Hors intersection,Normale,Deux véhicules - côté,,,,,,,,,,,2,1,1,1,3
200500010804,0005-02-06 11:00:00,5,2,6,11,0,490,347.0,,47.627,-0.459,Plein jour,Hors agglomération,Hors intersection,Normale,Trois véhicules et plus - collisions multiples,,,,,,,,,,,1,1,1,1,5
200500010805,0005-02-19 10:00:00,5,2,19,10,0,530,64.0,,,,Plein jour,Hors agglomération,Hors intersection,Normale,Deux véhicules - côté,,,,,,,,,,,1,1,1,1,3
200500010806,0005-02-06 04:30:00,5,2,6,4,30,720,268.0,,,,Nuit sans éclairage public,Hors agglomération,Hors intersection,Normale,Deux véhicules - frontale,,,,,,,,,,,3,1,1,1,1
200500010807,0005-02-17 13:30:00,5,2,17,13,30,720,213.0,,47.909,0.257,Plein jour,Hors agglomération,Hors intersection,Normale,Trois véhicules et plus - collisions multiples,,,,,,,,,,,1,1,1,1,5
200500010808,0005-02-02 14:30:00,5,2,2,14,30,720,125.0,,47.931,0.656,Plein jour,Hors agglomération,Intersection en X,Temps couvert,Deux véhicules - côté,,,,,,,,,,,1,1,2,8,3
200500010809,0005-02-03 02:30:00,5,2,3,2,30,720,42.0,27 RUE NATIONALE,47.979,0.551,Nuit avec éclairage allumé,En agglomération,Hors intersection,Normale,Autre collision,,,,,,,,,,,5,2,1,1,6
200500010810,0005-02-25 11:15:00,5,2,25,11,15,720,269.0,,,,Plein jour,Hors agglomération,Hors intersection,Normale,Trois véhicules et plus - en chaîne,,,,,,,,,,,1,1,1,1,4
200500010811,0005-02-01 14:30:00,5,2,1,14,30,720,386.0,,48.01,0.27,Plein jour,Hors agglomération,Autre intersection,Normale,Autre collision,,,,,,,,,,,1,1,9,1,6
200500010812,0005-02-12 11:15:00,5,2,12,11,15,720,386.0,,,,Plein jour,Hors agglomération,Hors intersection,Pluie légère,Deux véhicules - arrière,,,,,,,,,,,1,1,1,2,2
200500010813,0005-02-13 19:15:00,5,2,13,19,15,720,54.0,,48.013,0.328,Nuit sans éclairage public,Hors agglomération,Hors intersection,Pluie légère,Trois véhicules et plus - collisions multiples,,,,,,,,,,,3,1,1,2,5
200500010814,0005-02-08 21:45:00,5,2,8,21,45,720,359.0,,48.141,0.376,Nuit sans éclairage public,Hors agglomération,Hors intersection,Normale,Autre collision,,,,,,,,,,,3,1,1,1,6
200500010815,0005-02-02 17:15:00,5,2,2,17,15,720,257.0,14 RUE DE LA MAIRIE,,,Plein jour,En agglomération,Hors intersection,Normale,Deux véhicules - frontale,,,,,,,,,,,1,2,1,1,1
200500010816,0005-02-10 17:45:00,5,2,10,17,45,720,146.0,"43, Rte Nationale",,,Nuit avec éclairage allumé,En agglomération,Hors intersection,Normale,Deux véhicules - arrière,,,,,,,,,,,5,2,1,1,2
200500010817,0005-02-13 02:15:00,5,2,13,2,15,720,346.0,rue de la piscine,47.894,0.044,Nuit avec éclairage allumé,En agglomération,Hors intersection,Normale,Autre collision,,,,,,,,,,,5,2,1,1,6
200500010818,0005-02-19 21:15:00,5,2,19,21,15,720,183.0,,,,Nuit sans éclairage public,Hors agglomération,Hors intersection,Normale,Sans collision,,,,,,,,,,,3,1,1,1,7
200500010819,0005-02-05 19:30:00,5,2,5,19,30,720,51.0,,47.82,0.08,Crépuscule ou aube,Hors agglomération,Hors intersection,Pluie légère,Sans collision,,,,,,,,,,,2,1,1,2,7
200500010820,0005-02-23 17:15:00,5,2,23,17,15,720,39.0,,48.17,0.42,Crépuscule ou aube,Hors agglomération,Hors intersection,Neige / grêle,Autre collision,,,,,,,,,,,2,1,1,4,6
200500010821,0005-02-24 11:15:00,5,2,24,11,15,720,375.0,,48.13,0.61,Plein jour,Hors agglomération,Autre intersection,Normale,Deux véhicules - côté,,,,,,,,,,,1,1,9,1,3
200500010822,0005-02-12 12:15:00,5,2,12,12,15,720,29.0,,48.224,0.114,Plein jour,Hors agglomération,Hors intersection,Pluie légère,Deux véhicules - arrière,,,,,,,,,,,1,1,1,2,2
200500010823,0005-02-08 14:45:00,5,2,8,14,45,850,69.0,,,,Plein jour,Hors agglomération,Hors intersection,Normale,Deux véhicules - arrière,,,,,,,,,,,1,1,1,1,2
200500010824,0005-02-14 20:15:00,5,2,14,20,15,850,135.0,Rue Hervé de Mareuil,,,Nuit avec éclairage allumé,En agglomération,Hors intersection,Normale,Autre collision,,,,,,,,,,,5,2,1,1,6
200500010825,0005-02-15 07:30:00,5,2,15,7,30,850,301.0,rue de l'océan,,,Nuit avec éclairage allumé,En agglomération,Hors intersection,Normale,Autre collision,,,,,,,,,,,5,2,1,1,6
200500010826,0005-02-16 17:30:00,5,2,16,17,30,850,109.0,RUE DU BRANDON,,,Plein jour,En agglomération,Hors intersection,Normale,Deux véhicules - côté,,,,,,,,,,,1,2,1,1,3
200500010827,0005-02-10 05:30:00,5,2,10,5,30,850,300.0,,46.71,-1.51,Nuit sans éclairage public,Hors agglomération,Hors intersection,Brouillard / fumée,Trois véhicules et plus - collisions multiples,,,,,,,,,,,3,1,1,5,5
200500010828,0005-02-19 08:45:00,5,2,19,8,45,850,279.0,,,,Plein jour,Hors agglomération,Hors intersection,Normale,Deux véhicules - arrière,,,,,,,,,,,1,1,1,1,2
200500010829,0005-02-26 17:30:00,5,2,26,17,30,850,155.0,RUE DU BOCAGE,,,Plein jour,En agglomération,Hors intersection,Normale,Deux véhicules - frontale,,,,,,,,,,,1,2,1,1,1
200500010830,0005-02-09 17:15:00,5,2,9,17,15,850,248.0,6 RUE DE LA MAIRIE,46.596,-0.98,Plein jour,En agglomération,Hors intersection,Normale,Autre collision,,,,,,,,,,,1,2,1,1,6
200500010831,0005-02-11 15:30:00,5,2,11,15,30,850,42.0,,46.408,-1.035,Plein jour,Hors agglomération,Hors intersection,Pluie légère,Trois véhicules et plus - collisions multiples,,,,,,,,,,,1,1,1,2,5
200500010832,0005-02-19 01:00:00,5,2,19,1,0,850,223.0,,46.529,-1.055,Nuit sans éclairage public,Hors agglomération,Hors intersection,Pluie légère,Sans collision,,,,,,,,,,,3,1,1,2,7
200500010833,0005-02-13 03:00:00,5,2,13,3,0,850,41.0,,46.604,-0.79,Nuit sans éclairage public,Hors agglomération,Hors intersection,Temps couvert,Deux véhicules - côté,,,,,,,,,,,3,1,1,8,3
200500010834,0005-02-22 13:30:00,5,2,22,13,30,850,180.0,,,,Plein jour,Hors agglomération,Hors intersection,Temps couvert,Sans collision,,,,,,,,,,,1,1,1,8,7
200500010835,0005-02-23 17:30:00,5,2,23,17,30,850,96.0,,46.883,-1.846,Plein jour,Hors agglomération,Hors intersection,Normale,Deux véhicules - frontale,,,,,,,,,,,1,1,1,1,1
200500010836,0005-02-12 13:45:00,5,2,12,13,45,850,16.0,,46.693,-1.61,Plein jour,Hors agglomération,Hors intersection,Pluie légère,Deux véhicules - frontale,,,,,,,,,,,1,1,1,2,1
200500010837,0005-02-04 17:45:00,5,2,4,17,45,850,243.0,,46.602,-1.816,Nuit sans éclairage public,Hors agglomération,Hors intersection,Normale,Autre collision,,,,,,,,,,,3,1,1,1,6
200500010838,0005-02-13 00:01:00,5,2,13,0,1,850,268.0,,,,Nuit sans éclairage public,Hors agglomération,Hors intersection,Normale,Deux véhicules - côté,,,,,,,,,,,3,1,1,1,3
200500010839,0005-02-24 19:30:00,5,2,24,19,30,330,322.0,,,,Nuit avec éclairage allumé,Hors agglomération,Hors intersection,Normale,Deux véhicules - frontale,,,,,,,,,,,5,1,1,1,1
200500010840,0005-02-12 12:15:00,5,2,12,12,15,330,58.0,,45.14,-0.616,Plein jour,Hors agglomération,Intersection en X,Temps couvert,Trois véhicules et plus - collisions multiples,,,,,,,,,,,1,1,2,8,5
200500010841,0005-02-12 15:30:00,5,2,12,15,30,330,267.0,,45.263,-0.459,Plein jour,Hors agglomération,Intersection en X,Pluie légère,Deux véhicules - côté,,,,,,,,,,,1,1,2,2,3
200500010842,0005-02-13 19:00:00,5,2,13,19,0,330,6.0,,45.22,-0.652,Nuit sans éclairage public,Hors agglomération,Hors intersection,Pluie légère,Deux véhicules - frontale,,,,,,,,,,,3,1,1,2,1
200500010843,0005-02-20 20:45:00,5,2,20,20,45,330,456.0,,45.296,-0.581,Nuit sans éclairage public,Hors agglomération,Hors intersection,Normale,Trois véhicules et plus - en chaîne,,,,,,,,,,,3,1,1,1,4
200500010844,0005-02-26 12:00:00,5,2,26,12,0,330,101.0,,45.185,-0.596,Plein jour,Hors agglomération,Hors intersection,Normale,Deux véhicules - côté,,,,,,,,,,,1,1,1,1,3
200500010845,0005-02-21 14:00:00,5,2,21,14,0,330,272.0,,,,Plein jour,Hors agglomération,Hors intersection,Normale,Autre collision,,,,,,,,,,,1,1,1,1,6
200500010846,0005-02-25 18:30:00,5,2,25,18,30,330,233.0,,,,Crépuscule ou aube,Hors agglomération,Hors intersection,Pluie forte,Deux véhicules - frontale,,,,,,,,,,,2,1,1,3,1
200500010847,0005-02-22 21:30:00,5,2,22,21,30,330,111.0,,44.574,-0.159,Nuit sans éclairage public,Hors agglomération,Hors intersection,Normale,Autre collision,,,,,,,,,,,3,1,1,1,6
200500010848,0005-02-27 06:45:00,5,2,27,6,45,330,83.0,,,,Crépuscule ou aube,Hors agglomération,Hors intersection,Normale,Autre collision,,,,,,,,,,,2,1,1,1,6
200500010849,0005-02-18 05:00:00,5,2,18,5,0,330,415.0,,,,Nuit sans éclairage public,Hors agglomération,Hors intersection,Normale,Deux véhicules - frontale,,,,,,,,,,,3,1,1,1,1
200500010850,0005-02-02 23:30:00,5,2,2,23,30,330,95.0,,,,Nuit sans éclairage public,Hors agglomération,Hors intersection,Normale,Sans collision,,,,,,,,,,,3,1,1,1,7
200500010851,0005-02-17 08:00:00,5,2,17,8,0,330,36.0,avenue de la république,44.436,-0.213,Nuit avec éclairage allumé,En agglomération,Hors intersection,Normale,Autre collision,,,,,,,,,,,5,2,1,1,6
200500010852,0005-02-09 19:45:00,5,2,9,19,45,330,429.0,,44.445,-0.439,Nuit sans éclairage public,Hors agglomération,Hors intersection,Normale,Deux véhicules - frontale,,,,,,,,,,,3,1,1,1,1
200500010853,0005-02-05 04:30:00,5,2,5,4,30,330,299.0,,,,Nuit sans éclairage public,Hors agglomération,Hors intersection,Normale,Sans collision,,,,,,,,,,,3,1,1,1,7
200500010854,0005-02-22 20:30:00,5,2,22,20,30,330,514.0,41 AV. DE GAULLE,,,Nuit avec éclairage allumé,En agglomération,Hors intersection,Normale,Autre collision,,,,,,,,,,,5,2,1,1,6
200500010855,0005-02-03 16:15:00,5,2,3,16,15,330,185.0,,44.868,-0.267,Plein jour,Hors agglomération,Hors intersection,Normale,Autre collision,,,,,,,,,,,1,1,1,1,6
200500010856,0005-02-05 20:15:00,5,2,5,20,15,330,108.0,,,,Nuit avec éclairage allumé,Hors agglomération,Hors intersection,Normale,Deux véhicules - côté,,,,,,,,,,,5,1,1,1,3
200500010857,0005-02-27 14:00:00,5,2,27,14,0,330,124.0,,,,Plein jour,Hors agglomération,Hors intersection,Normale,Autre collision,,,,,,,,,,,1,1,1,1,6
200500010858,0005-02-11 05:45:00,5,2,11,5,45,330,393.0,RD 674,44.987,-0.205,Nuit sans éclairage public,En agglomération,Hors intersection,Normale,Deux véhicules - arrière,,,,,,,,,,,3,2,1,1,2
200500010859,0005-02-08 08:00:00,5,2,8,8,0,330,324.0,AVENUE DE VERDUN,,,Plein jour,En agglomération,Hors intersection,Normale,Deux véhicules - côté,,,,,,,,,,,1,2,1,1,3
200500010860,0005-02-09 01:30:00,5,2,9,1,30,330,324.0,Rue BOTTGEN,,,Nuit avec éclairage allumé,En agglomération,Hors intersection,Normale,Autre collision,,,,,,,,,,,5,2,1,1,6
200500010861,0005-02-20 05:15:00,5,2,20,5,15,330,14.0,,44.974,-0.166,Nuit sans éclairage public,Hors agglomération,Autre intersection,Autre,Autre collision,,,,,,,,,,,3,1,9,9,6
200500010862,0005-02-18 13:00:00,5,2,18,13,0,240,571.0,Rue du cimetiere,45.03,0.724,Plein jour,En agglomération,Hors intersection,Normale,Deux véhicules - côté,,,,,,,,,,,1,2,1,1,3
200500010863,0005-02-18 18:15:00,5,2,18,18,15,240,258.0,,45.131,0.774,Nuit sans éclairage public,Hors agglomération,Hors intersection,Normale,Autre collision,,,,,,,,,,,3,1,1,1,6
200500010864,0005-02-05 02:45:00,5,2,5,2,45,240,129.0,,45.373,0.706,Nuit sans éclairage public,Hors agglomération,Hors intersection,Normale,Sans collision,,,,,,,,,,,3,1,1,1,7
200500010865,0005-02-19 20:30:00,5,2,19,20,30,240,139.0,,45.113,0.618,Nuit sans éclairage public,Hors agglomération,Hors intersection,Temps couvert,Sans collision,,,,,,,,,,,3,1,1,8,7
200500010866,0005-02-06 07:00:00,5,2,6,7,0,240,11.0,,,,Nuit sans éclairage public,Hors agglomération,Hors intersection,Normale,Autre collision,,,,,,,,,,,3,1,1,1,6
200500010867,0005-02-10 10:45:00,5,2,10,10,45,240,164.0,14 Rue des Cendres,45.341,1.05,Plein jour,En agglomération,Hors intersection,Normale,Sans collision,,,,,,,,,,,1,2,1,1,7
200500010868,0005-02-17 09:00:00,5,2,17,9,0,240,164.0,,,,Plein jour,Hors agglomération,Hors intersection,Normale,Sans collision,,,,,,,,,,,1,1,1,1,7
200500010869,0005-02-09 02:15:00,5,2,9,2,15,240,155.0,,,,Nuit sans éclairage public,Hors agglomération,Hors intersection,Normale,Autre collision,,,,,,,,,,,3,1,1,1,6
200500010870,0005-02-24 17:45:00,5,2,24,17,45,240,167.0,,,,Plein jour,Hors agglomération,Hors intersection,Temps éblouissant,Deux véhicules - frontale,,,,,,,,,,,1,1,1,7,1
200500010871,0005-02-27 10:45:00,5,2,27,10,45,240,523.0,,,,Plein jour,Hors agglomération,Hors intersection,Temps couvert,Autre collision,,,,,,,,,,,1,1,1,8,6
200500010872,0005-02-21 22:15:00,5,2,21,22,15,240,226.0,le Bourg,,,Nuit avec éclairage allumé,En agglomération,Hors intersection,Normale,Autre collision,,,,,,,,,,,5,2,1,1,6
200500010873,0005-02-25 11:15:00,5,2,25,11,15,240,214.0,,,,Plein jour,Hors agglomération,Hors intersection,Normale,Deux véhicules - arrière,,,,,,,,,,,1,1,1,1,2
200500010874,0005-02-03 09:15:00,5,2,3,9,15,240,496.0,,45.419,0.87,Plein jour,Hors agglomération,Hors intersection,Brouillard / fumée,Trois véhicules et plus - collisions multiples,,,,,,,,,,,1,1,1,5,5
200500010875,0005-02-11 18:45:00,5,2,11,18,45,240,551.0,Rue Pierre Sémard,,,Nuit avec éclairage allumé,En agglomération,Hors intersection,Pluie légère,Autre collision,,,,,,,,,,,5,2,1,2,6