accident_id,datetime,annee,mois,jour,heure,minute,departement,commune_insee,adresse,latitude,longitude,luminosite,agglomeration,intersection,meteo,collision,nb_vehicules,nb_usagers,nb_indemnes,nb_tues,nb_blesses_hosp,nb_blesses_legers,age_cond_1,age_cond_2,veh_type_cond_1,veh_type_cond_2,lum_code,agg_code,int_code,atm_code,col_code
200500011146,0005-02-09 14:45:00,5,2,9,14,45,380,150.0,,,,Plein jour,Hors agglomération,Hors intersection,Normale,Autre collision,,,,,,,,,,,1,1,1,1,6
200500011147,0005-02-10 09:15:00,5,2,10,9,15,380,382.0,avenue de San Marino,,,Plein jour,En agglomération,Hors intersection,Normale,Deux véhicules - côté,,,,,,,,,,,1,2,1,1,3
200500011148,0005-02-05 17:45:00,5,2,5,17,45,380,501.0,CD 523,45.314,5.958,Nuit avec éclairage allumé,En agglomération,Hors intersection,Normale,Deux véhicules - frontale,,,,,,,,,,,5,2,1,1,1
200500011149,0005-02-09 19:30:00,5,2,9,19,30,380,503.0,,45.327,5.933,Nuit sans éclairage public,Hors agglomération,Hors intersection,Normale,Deux véhicules - côté,,,,,,,,,,,3,1,1,1,3
200500011150,0005-02-12 14:00:00,5,2,12,14,0,380,511.0,,45.365,5.955,Plein jour,Hors agglomération,Hors intersection,Pluie forte,Deux véhicules - frontale,,,,,,,,,,,1,1,1,3,1
200500011151,0005-02-18 18:00:00,5,2,18,18,0,380,181.0,,45.34,5.97,Crépuscule ou aube,Hors agglomération,Hors intersection,Normale,Deux véhicules - côté,,,,,,,,,,,2,1,1,1,3
200500011152,0005-02-23 19:15:00,5,2,23,19,15,380,545.0,RUE DE RIVALTA,45.05,5.67,Nuit avec éclairage allumé,En agglomération,Hors intersection,Normale,Deux véhicules - frontale,,,,,,,,,,,5,2,1,1,1
200500011153,0005-02-01 05:15:00,5,2,1,5,15,380,115.0,,,,Nuit sans éclairage public,Hors agglomération,Hors intersection,Normale,Deux véhicules - frontale,,,,,,,,,,,3,1,1,1,1
200500011154,0005-02-16 18:30:00,5,2,16,18,30,380,212.0,Route des Alpes,45.095,5.904,Nuit avec éclairage allumé,En agglomération,Hors intersection,Temps couvert,Deux véhicules - frontale,,,,,,,,,,,5,2,1,8,1
200500011155,0005-02-03 21:15:00,5,2,3,21,15,380,359.0,,,,Nuit sans éclairage public,Hors agglomération,Hors intersection,Temps couvert,Autre collision,,,,,,,,,,,3,1,1,8,6
200500011156,0005-02-05 04:45:00,5,2,5,4,45,380,270.0,rue du bourg,,,Nuit avec éclairage allumé,En agglomération,Hors intersection,Normale,Deux véhicules - frontale,,,,,,,,,,,5,2,1,1,1
200500011157,0005-02-15 21:45:00,5,2,15,21,45,380,384.0,,45.348,5.328,Nuit sans éclairage public,Hors agglomération,Hors intersection,Neige / grêle,Deux véhicules - arrière,,,,,,,,,,,3,1,1,4,2
200500011158,0005-02-13 18:45:00,5,2,13,18,45,380,559.0,avenue Joseph CARLIN,45.211,5.408,Plein jour,En agglomération,Hors intersection,Pluie légère,Autre collision,,,,,,,,,,,1,2,1,2,6
200500011159,0005-02-11 10:00:00,5,2,11,10,0,380,539.0,,45.879,5.36,Plein jour,Hors agglomération,Hors intersection,Pluie légère,Trois véhicules et plus - collisions multiples,,,,,,,,,,,1,1,1,2,5
200500011160,0005-02-06 05:15:00,5,2,6,5,15,380,55.0,,45.696,5.535,Nuit sans éclairage public,Hors agglomération,Hors intersection,Normale,Sans collision,,,,,,,,,,,3,1,1,1,7
200500011161,0005-02-19 01:00:00,5,2,19,1,0,380,22.0,RUE DE LA CHAPELLE,45.641,5.559,Nuit avec éclairage allumé,En agglomération,Hors intersection,Normale,Autre collision,,,,,,,,,,,5,2,1,1,6
200500011162,0005-02-11 10:00:00,5,2,11,10,0,380,297.0,,45.684,5.442,Plein jour,Hors agglomération,Hors intersection,Normale,Sans collision,,,,,,,,,,,1,1,1,1,7
200500011163,0005-02-20 17:00:00,5,2,20,17,0,380,160.0,,,,Plein jour,Hors agglomération,Hors intersection,Neige / grêle,Deux véhicules - frontale,,,,,,,,,,,1,1,1,4,1
200500011164,0005-02-27 15:00:00,5,2,27,15,0,380,484.0,,,,Plein jour,Hors agglomération,Hors intersection,Normale,Deux véhicules - côté,,,,,,,,,,,1,1,1,1,3
200500011165,0005-02-08 17:00:00,5,2,8,17,0,380,130.0,,45.391,5.246,Plein jour,Hors agglomération,Hors intersection,Normale,Deux véhicules - côté,,,,,,,,,,,1,1,1,1,3
200500011166,0005-02-10 17:00:00,5,2,10,17,0,380,189.0,avenue du 19 mars 1962,,,Plein jour,En agglomération,Hors intersection,Normale,Deux véhicules - côté,,,,,,,,,,,1,2,1,1,3
200500011167,0005-02-15 06:15:00,5,2,15,6,15,380,144.0,avenue des fleurs,45.593,5.095,Nuit avec éclairage allumé,En agglomération,Hors intersection,Neige / grêle,Trois véhicules et plus - collisions multiples,,,,,,,,,,,5,2,1,4,5
200500011168,0005-02-23 15:00:00,5,2,23,15,0,380,85.0,Avenue du Collège,45.75,5.157,Plein jour,En agglomération,Hors intersection,Normale,Deux véhicules - frontale,,,,,,,,,,,1,2,1,1,1
200500011169,0005-02-18 15:00:00,5,2,18,15,0,380,557.0,,45.796,5.112,Plein jour,Hors agglomération,Hors intersection,Normale,Sans collision,,,,,,,,,,,1,1,1,1,7
200500011170,0005-02-04 22:30:00,5,2,4,22,30,380,344.0,,,,Nuit sans éclairage public,Hors agglomération,Hors intersection,Normale,Deux véhicules - côté,,,,,,,,,,,3,1,1,1,3
200500011171,0005-02-28 13:30:00,5,2,28,13,30,420,302.0,,,,Plein jour,Hors agglomération,Hors intersection,Normale,Autre collision,,,,,,,,,,,1,1,1,1,6
200500011172,0005-02-08 20:45:00,5,2,8,20,45,420,285.0,,,,Nuit sans éclairage public,Hors agglomération,Hors intersection,Normale,Sans collision,,,,,,,,,,,3,1,1,1,7
200500011173,0005-02-12 14:45:00,5,2,12,14,45,420,94.0,,45.744,4.255,Plein jour,Hors agglomération,Hors intersection,Normale,Autre collision,,,,,,,,,,,1,1,1,1,6
200500011174,0005-02-07 08:00:00,5,2,7,8,0,420,162.0,,,,Plein jour,Hors agglomération,Hors intersection,Neige / grêle,Autre collision,,,,,,,,,,,1,1,1,4,6
200500011175,0005-02-15 16:45:00,5,2,15,16,45,420,156.0,,45.924,4.163,Plein jour,Hors agglomération,Hors intersection,Neige / grêle,Trois véhicules et plus - collisions multiples,,,,,,,,,,,1,1,1,4,5
200500011176,0005-02-10 11:15:00,5,2,10,11,15,420,199.0,LA TONNE,46.033,3.927,Plein jour,En agglomération,Hors intersection,Normale,Autre collision,,,,,,,,,,,1,2,1,1,6
200500011177,0005-02-21 15:45:00,5,2,21,15,45,420,49.0,LE BOURG,46.147,3.891,Plein jour,En agglomération,Hors intersection,Neige / grêle,Autre collision,,,,,,,,,,,1,2,1,4,6
200500011178,0005-02-28 11:00:00,5,2,28,11,0,420,163.0,ROUTE DE PARIS,46.178,3.872,Plein jour,En agglomération,Hors intersection,Normale,Deux véhicules - frontale,,,,,,,,,,,1,2,1,1,1
200500011179,0005-02-02 05:45:00,5,2,2,5,45,730,329.0,RN201,,,Nuit avec éclairage allumé,En agglomération,Hors intersection,Normale,Sans collision,,,,,,,,,,,5,2,1,1,7
200500011180,0005-02-02 07:45:00,5,2,2,7,45,730,10.0,PLACE DE L'EGLISE,,,Plein jour,En agglomération,Hors intersection,Normale,Autre collision,,,,,,,,,,,1,2,1,1,6
200500011181,0005-02-04 13:30:00,5,2,4,13,30,730,300.0,,45.681,5.895,Plein jour,Hors agglomération,Hors intersection,Normale,Deux véhicules - arrière,,,,,,,,,,,1,1,1,1,2
200500011182,0005-02-13 16:30:00,5,2,13,16,30,730,329.0,,,,Nuit avec éclairage allumé,Hors agglomération,Hors intersection,Pluie forte,Autre collision,,,,,,,,,,,5,1,1,3,6
200500011183,0005-02-18 16:30:00,5,2,18,16,30,730,300.0,,,,Plein jour,Hors agglomération,Hors intersection,Normale,Deux véhicules - arrière,,,,,,,,,,,1,1,1,1,2
200500011184,0005-02-20 20:15:00,5,2,20,20,15,730,328.0,ROUTE DU LAC,,,Nuit sans éclairage public,En agglomération,Hors intersection,Normale,Autre collision,,,,,,,,,,,3,2,1,1,6
200500011185,0005-02-15 10:30:00,5,2,15,10,30,730,85.0,,45.833,5.814,Plein jour,Hors agglomération,Intersection en T,Normale,Deux véhicules - côté,,,,,,,,,,,1,1,3,1,3
200500011186,0005-02-05 00:30:00,5,2,5,0,30,730,240.0,,45.477,6.045,Nuit sans éclairage public,Hors agglomération,Hors intersection,Normale,Deux véhicules - frontale,,,,,,,,,,,3,1,1,1,1
200500011187,0005-02-09 10:15:00,5,2,9,10,15,730,179.0,rue des Allobroges,45.601,5.877,Plein jour,En agglomération,Hors intersection,Normale,Autre collision,,,,,,,,,,,1,2,1,1,6
200500011188,0005-02-22 18:30:00,5,2,22,18,30,730,204.0,la croix chaffard,45.537,5.678,Crépuscule ou aube,En agglomération,Hors intersection,Normale,Deux véhicules - frontale,,,,,,,,,,,2,2,1,1,1
200500011189,0005-02-18 13:30:00,5,2,18,13,30,730,204.0,,45.545,5.676,Plein jour,Hors agglomération,Hors intersection,Normale,Deux véhicules - frontale,,,,,,,,,,,1,1,1,1,1
200500011190,0005-02-08 09:30:00,5,2,8,9,30,730,124.0,,45.661,6.373,Nuit avec éclairage allumé,Hors agglomération,Hors intersection,Normale,Trois véhicules et plus - en chaîne,,,,,,,,,,,5,1,1,1,4
200500011191,0005-02-13 01:15:00,5,2,13,1,15,730,297.0,,45.644,6.33,Nuit sans éclairage public,Hors agglomération,Hors intersection,Pluie légère,Deux véhicules - arrière,,,,,,,,,,,3,1,1,2,2
200500011192,0005-02-25 19:00:00,5,2,25,19,0,730,150.0,PLAGNE CENTRE,,,Nuit sans éclairage public,En agglomération,Hors intersection,Normale,Autre collision,,,,,,,,,,,3,2,1,1,6
200500011193,0005-02-17 17:00:00,5,2,17,17,0,730,198.0,,,,Plein jour,Hors agglomération,Hors intersection,Normale,Deux véhicules - frontale,,,,,,,,,,,1,1,1,1,1
200500011194,0005-02-13 05:30:00,5,2,13,5,30,730,320.0,CD81,45.267,6.38,Nuit sans éclairage public,En agglomération,Hors intersection,Pluie légère,Autre collision,,,,,,,,,,,3,2,1,2,6
200500011195,0005-02-20 11:30:00,5,2,20,11,30,730,40.0,,45.317,6.99,Plein jour,Hors agglomération,Hors intersection,Autre,Autre collision,,,,,,,,,,,1,1,1,9,6
200500011196,0005-02-24 04:45:00,5,2,24,4,45,730,306.0,AVENUE DES GRANDES ALPES,,,Nuit avec éclairage allumé,En agglomération,Hors intersection,Normale,Autre collision,,,,,,,,,,,5,2,1,1,6
200500011197,0005-02-27 12:00:00,5,2,27,12,0,740,19.0,,,,Plein jour,Hors agglomération,Hors intersection,Normale,Deux véhicules - frontale,,,,,,,,,,,1,1,1,1,1
200500011198,0005-02-11 09:15:00,5,2,11,9,15,740,275.0,,45.848,6.215,Plein jour,Hors agglomération,Hors intersection,Normale,Autre collision,,,,,,,,,,,1,1,1,1,6
200500011199,0005-02-13 17:45:00,5,2,13,17,45,740,160.0,,,,Nuit sans éclairage public,Hors agglomération,Hors intersection,Neige / grêle,Sans collision,,,,,,,,,,,3,1,1,4,7
200500011200,0005-02-20 03:15:00,5,2,20,3,15,740,87.0,,,,Nuit sans éclairage public,Hors agglomération,Hors intersection,Neige / grêle,Autre collision,,,,,,,,,,,3,1,1,4,6
200500011201,0005-02-05 04:00:00,5,2,5,4,0,740,56.0,,,,Nuit sans éclairage public,Hors agglomération,Hors intersection,Neige / grêle,Autre collision,,,,,,,,,,,3,1,1,4,6
200500011202,0005-02-19 19:45:00,5,2,19,19,45,740,81.0,rue Jumel,46.056,6.583,Nuit avec éclairage allumé,En agglomération,Hors intersection,Autre,Autre collision,,,,,,,,,,,5,2,1,9,6
200500011203,0005-02-16 09:00:00,5,2,16,9,0,740,83.0,,45.924,6.629,Plein jour,Hors agglomération,Hors intersection,Autre,Deux véhicules - frontale,,,,,,,,,,,1,1,1,9,1
200500011204,0005-02-06 18:15:00,5,2,6,18,15,740,250.0,rn203,46.076,6.395,Nuit avec éclairage allumé,En agglomération,Intersection en T,Temps couvert,Autre collision,,,,,,,,,,,5,2,3,8,6
200500011205,0005-02-09 17:00:00,5,2,9,17,0,740,250.0,ROUTE DES ARAVIS,46.074,6.38,Plein jour,En agglomération,Hors intersection,Normale,Autre collision,,,,,,,,,,,1,2,1,1,6
200500011206,0005-02-04 09:00:00,5,2,4,9,0,740,134.0,carrefour  de Benvy,46.162,6.669,Plein jour,En agglomération,Hors intersection,Normale,Deux véhicules - frontale,,,,,,,,,,,1,2,1,1,1
200500011207,0005-02-13 14:45:00,5,2,13,14,45,740,134.0,ROUTE DES CHAVANNES,,,Plein jour,En agglomération,Hors intersection,Neige / grêle,Autre collision,,,,,,,,,,,1,2,1,4,6
200500011208,0005-02-17 15:15:00,5,2,17,15,15,740,276.0,,46.145,6.617,Plein jour,Hors agglomération,Hors intersection,Temps couvert,Deux véhicules - frontale,,,,,,,,,,,1,1,1,8,1
200500011209,0005-02-02 00:30:00,5,2,2,0,30,740,243.0,,46.148,6.079,Nuit sans éclairage public,En agglomération,Autre intersection,Autre,Autre collision,,,,,,,,,,,3,2,9,9,6
200500011210,0005-02-07 08:00:00,5,2,7,8,0,740,220.0,,,,Plein jour,Hors agglomération,Hors intersection,Normale,Deux véhicules - côté,,,,,,,,,,,1,1,1,1,3
200500011211,0005-02-10 21:00:00,5,2,10,21,0,740,128.0,,,,Nuit sans éclairage public,Hors agglomération,Hors intersection,Normale,Sans collision,,,,,,,,,,,3,1,1,1,7
200500011212,0005-02-03 08:15:00,5,2,3,8,15,740,288.0,,46.126,5.974,Plein jour,Hors agglomération,Hors intersection,Normale,Deux véhicules - côté,,,,,,,,,,,1,1,1,1,3
200500011213,0005-02-07 08:30:00,5,2,7,8,30,740,314.0,,46.106,5.948,Nuit sans éclairage public,Hors agglomération,Hors intersection,Pluie légère,Deux véhicules - frontale,,,,,,,,,,,3,1,1,2,1
200500011214,0005-02-28 20:00:00,5,2,28,20,0,740,88.0,,,,Nuit sans éclairage public,Hors agglomération,Hors intersection,Neige / grêle,Autre collision,,,,,,,,,,,3,1,1,4,6
200500011215,0005-02-12 09:15:00,5,2,12,9,15,740,291.0,,,,Plein jour,Hors agglomération,Hors intersection,Pluie légère,Deux véhicules - côté,,,,,,,,,,,1,1,1,2,3
200500011216,0005-02-15 19:30:00,5,2,15,19,30,740,75.0,,,,Nuit sans éclairage public,Hors agglomération,Hors intersection,Autre,Sans collision,,,,,,,,,,,3,1,1,9,7
200500011217,0005-02-01 17:00:00,5,2,1,17,0,740,105.0,"HAMEAU DE AUBONNE, RN5",46.305,6.288,Plein jour,En agglomération,Intersection en T,Normale,Deux véhicules - côté,,,,,,,,,,,1,2,3,1,3
200500011218,0005-02-23 17:30:00,5,2,23,17,30,740,263.0,RN 5  ROUTE DE GENEVE,46.327,6.346,Plein jour,En agglomération,Hors intersection,Normale,Deux véhicules - côté,,,,,,,,,,,1,2,1,1,3
200500011219,0005-02-13 09:45:00,5,2,13,9,45,740,32.0,,46.256,6.503,Plein jour,Hors agglomération,Hors intersection,Neige / grêle,Deux véhicules - frontale,,,,,,,,,,,1,1,1,4,1
200500011220,0005-02-04 12:45:00,5,2,4,12,45,740,249.0,,46.38,6.61,Plein jour,Hors agglomération,Hors intersection,Normale,Autre collision,,,,,,,,,,,1,1,1,1,6
200500011221,0005-02-15 11:00:00,5,2,15,11,0,740,127.0,,46.33,6.597,Plein jour,Hors agglomération,Hors intersection,Neige / grêle,Sans collision,,,,,,,,,,,1,1,1,4,7
200500011222,0005-02-02 08:30:00,5,2,2,8,30,740,238.0,,46.229,6.662,Plein jour,Hors agglomération,Hors intersection,Normale,Deux véhicules - frontale,,,,,,,,,,,1,1,1,1,1
200500011223,0005-02-26 04:15:00,5,2,26,4,15,630,213.0,,45.823,3.265,Nuit sans éclairage public,Hors agglomération,Hors intersection,Autre,Sans collision,,,,,,,,,,,3,1,1,9,7
200500011224,0005-02-02 19:15:00,5,2,2,19,15,630,20.0,,45.693,2.931,Nuit sans éclairage public,Hors agglomération,Hors intersection,Neige / grêle,Trois véhicules et plus - en chaîne,,,,,,,,,,,3,1,1,4,4
200500011225,0005-02-02 14:00:00,5,2,2,14,0,630,227.0,RUE DES CHAUSSES,,,Plein jour,En agglomération,Hors intersection,Normale,Autre collision,,,,,,,,,,,1,2,1,1,6
200500011226,0005-02-09 16:00:00,5,2,9,16,0,630,413.0,,45.645,3.163,Plein jour,Hors agglomération,Hors intersection,Temps éblouissant,Deux véhicules - frontale,,,,,,,,,,,1,1,1,7,1
200500011227,0005-02-21 07:15:00,5,2,21,7,15,630,227.0,Rue des airs,45.7,3.22,Crépuscule ou aube,En agglomération,Hors intersection,Neige / grêle,Sans collision,,,,,,,,,,,2,2,1,4,7
200500011228,0005-02-18 17:30:00,5,2,18,17,30,630,448.0,,,,Plein jour,Hors agglomération,Hors intersection,Normale,Deux véhicules - frontale,,,,,,,,,,,1,1,1,1,1
200500011229,0005-02-09 09:00:00,5,2,9,9,0,630,278.0,,,,Crépuscule ou aube,Hors agglomération,Hors intersection,Normale,Deux véhicules - côté,,,,,,,,,,,2,1,1,1,3
200500011230,0005-02-12 15:15:00,5,2,12,15,15,630,68.0,1 RUE SAINT ROCH,,,Plein jour,En agglomération,Hors intersection,Normale,Deux véhicules - frontale,,,,,,,,,,,1,2,1,1,1
200500011231,0005-02-15 17:00:00,5,2,15,17,0,630,68.0,,,,Plein jour,Hors agglomération,Hors intersection,Neige / grêle,Trois véhicules et plus - en chaîne,,,,,,,,,,,1,1,1,4,4
200500011232,0005-02-19 08:30:00,5,2,19,8,30,630,1.0,,46.019,3.202,Plein jour,Hors agglomération,Hors intersection,Normale,Sans collision,,,,,,,,,,,1,1,1,1,7
200500011233,0005-02-27 19:00:00,5,2,27,19,0,630,143.0,,46.051,3.265,Nuit sans éclairage public,Hors agglomération,Hors intersection,Neige / grêle,Sans collision,,,,,,,,,,,3,1,1,4,7
200500011234,0005-02-04 14:30:00,5,2,4,14,30,630,198.0,,,,Plein jour,Hors agglomération,Intersection en T,Normale,Deux véhicules - côté,,,,,,,,,,,1,1,3,1,3
200500011235,0005-02-04 23:15:00,5,2,4,23,15,630,170.0,,45.412,2.283,Nuit sans éclairage public,Hors agglomération,Hors intersection,Normale,Deux véhicules - côté,,,,,,,,,,,3,1,1,1,3
200500011236,0005-02-13 14:45:00,5,2,13,14,45,630,170.0,,,,Crépuscule ou aube,Hors agglomération,Hors intersection,Neige / grêle,Deux véhicules - côté,,,,,,,,,,,2,1,1,4,3
200500011237,0005-02-28 10:00:00,5,2,28,10,0,630,195.0,,45.86,3.386,Plein jour,Hors agglomération,Hors intersection,Neige / grêle,Sans collision,,,,,,,,,,,1,1,1,4,7
200500011238,0005-02-21 09:45:00,5,2,21,9,45,630,210.0,,45.927,3.34,Plein jour,Hors agglomération,Hors intersection,Neige / grêle,Deux véhicules - côté,,,,,,,,,,,1,1,1,4,3
200500011239,0005-02-24 01:30:00,5,2,24,1,30,30,286.0,,,,Nuit sans éclairage public,Hors agglomération,Autre intersection,Neige / grêle,Autre collision,,,,,,,,,,,3,1,9,4,6
200500011240,0005-02-24 10:45:00,5,2,24,10,45,30,200.0,RUE DU PONT CHINARD,,,Plein jour,En agglomération,Hors intersection,Neige / grêle,Deux véhicules - arrière,,,,,,,,,,,1,2,1,4,2
200500011241,0005-02-03 08:00:00,5,2,3,8,0,30,155.0,carrefour D978A et D1,,,Plein jour,En agglomération,Autre intersection,Normale,Deux véhicules - côté,,,,,,,,,,,1,2,9,1,3
200500011242,0005-02-12 10:30:00,5,2,12,10,30,30,100.0,,46.52,3.71,Plein jour,Hors agglomération,Hors intersection,Normale,Autre collision,,,,,,,,,,,1,1,1,1,6
200500011243,0005-02-02 10:30:00,5,2,2,10,30,30,246.0,,46.341,2.461,Plein jour,Hors agglomération,Hors intersection,Normale,Autre collision,,,,,,,,,,,1,1,1,1,6
200500011244,0005-02-13 15:45:00,5,2,13,15,45,30,212.0,,46.323,2.486,Plein jour,Hors agglomération,Hors intersection,Neige / grêle,Deux véhicules - côté,,,,,,,,,,,1,1,1,4,3
200500011245,0005-02-27 08:00:00,5,2,27,8,0,30,305.0,,46.379,2.671,Plein jour,Hors agglomération,Hors intersection,Neige / grêle,Sans collision,,,,,,,,,,,1,1,1,4,7
200500011246,0005-02-19 20:00:00,5,2,19,20,0,30,313.0,,,,Nuit sans éclairage public,Hors agglomération,Hors intersection,Neige / grêle,Deux véhicules - frontale,,,,,,,,,,,3,1,1,4,1
200500011247,0005-02-10 15:00:00,5,2,10,15,0,30,82.0,rue Pierre Curie,46.293,2.74,Plein jour,En agglomération,Hors intersection,Normale,Autre collision,,,,,,,,,,,1,2,1,1,6
200500011248,0005-02-23 22:30:00,5,2,23,22,30,30,270.0,,46.357,2.998,Nuit sans éclairage public,Hors agglomération,Hors intersection,Brouillard / fumée,Deux véhicules - arrière,,,,,,,,,,,3,1,1,5,2
200500011249,0005-02-25 09:30:00,5,2,25,9,30,30,186.0,,46.33,2.96,Plein jour,Hors agglomération,Autre intersection,Brouillard / fumée,Deux véhicules - arrière,,,,,,,,,,,1,1,9,5,2
200500011250,0005-02-04 14:30:00,5,2,4,14,30,30,230.0,,,,Plein jour,Hors agglomération,Hors intersection,Normale,Sans collision,,,,,,,,,,,1,1,1,1,7
200500011251,0005-02-11 07:30:00,5,2,11,7,30,30,118.0,rue des joncheres GANNAT,46.103,3.187,Plein jour,En agglomération,Hors intersection,Normale,Deux véhicules - arrière,,,,,,,,,,,1,2,1,1,2
200500011252,0005-02-19 12:30:00,5,2,19,12,30,30,250.0,,46.218,3.773,Plein jour,Hors agglomération,Hors intersection,Neige / grêle,Deux véhicules - frontale,,,,,,,,,,,1,1,1,4,1
200500011253,0005-02-27 15:45:00,5,2,27,15,45,150,191.0,,45.076,2.311,Plein jour,Hors agglomération,Hors intersection,Neige / grêle,Sans collision,,,,,,,,,,,1,1,1,4,7
200500011254,0005-02-11 21:45:00,5,2,11,21,45,430,78.0,,,,Nuit avec éclairage allumé,Hors agglomération,Hors intersection,Autre,Deux véhicules - frontale,,,,,,,,,,,5,1,1,9,1
200500011255,0005-02-19 13:30:00,5,2,19,13,30,430,78.0,,45.005,3.921,Plein jour,Hors agglomération,Hors intersection,Temps couvert,Deux véhicules - côté,,,,,,,,,,,1,1,1,8,3
200500011256,0005-02-14 13:15:00,5,2,14,13,15,430,188.0,,45.178,3.51,Plein jour,Hors agglomération,Hors intersection,Neige / grêle,Deux véhicules - frontale,,,,,,,,,,,1,1,1,4,1
200500011257,0005-02-12 02:00:00,5,2,12,2,0,430,120.0,,45.378,3.289,Nuit sans éclairage public,Hors agglomération,Hors intersection,Pluie forte,Sans collision,,,,,,,,,,,3,1,1,3,7
200500011258,0005-02-27 17:30:00,5,2,27,17,30,430,38.0,,45.362,3.324,Crépuscule ou aube,Hors agglomération,Hors intersection,Vent fort / tempête,Trois véhicules et plus - collisions multiples,,,,,,,,,,,2,1,1,6,5
200500011259,0005-02-12 11:00:00,5,2,12,11,0,430,25.0,,,,Plein jour,Hors agglomération,Hors intersection,Normale,Autre collision,,,,,,,,,,,1,1,1,1,6
200500011260,0005-02-15 12:15:00,5,2,15,12,15,430,268.0,,45.158,4.095,Plein jour,Hors agglomération,Hors intersection,Temps couvert,Autre collision,,,,,,,,,,,1,1,1,8,6
200500011261,0005-02-12 15:30:00,5,2,12,15,30,430,20.0,,,,Plein jour,Hors agglomération,Hors intersection,Normale,Deux véhicules - frontale,,,,,,,,,,,1,1,1,1,1
200500011262,0005-02-19 17:00:00,5,2,19,17,0,430,227.0,,45.312,4.32,Plein jour,Hors agglomération,Hors intersection,Neige / grêle,Deux véhicules - frontale,,,,,,,,,,,1,1,1,4,1
200500011263,0005-02-21 14:00:00,5,2,21,14,0,430,87.0,,45.22,4.337,Plein jour,Hors agglomération,Hors intersection,Normale,Autre collision,,,,,,,,,,,1,1,1,1,6
200500011264,0005-02-27 13:30:00,5,2,27,13,30,570,622.0,,,,Plein jour,Hors agglomération,Hors intersection,Neige / grêle,Autre collision,,,,,,,,,,,1,1,1,4,6
200500011265,0005-02-27 22:30:00,5,2,27,22,30,570,17.0,,49.177,6.046,Nuit sans éclairage public,Hors agglomération,Hors intersection,Neige / grêle,Sans collision,,,,,,,,,,,3,1,1,4,7
200500011266,0005-02-05 07:00:00,5,2,5,7,0,570,153.0,RUE DE METZ - RN 57,,,Nuit avec éclairage allumé,En agglomération,Hors intersection,Normale,Autre collision,,,,,,,,,,,5,2,1,1,6
200500011267,0005-02-20 05:00:00,5,2,20,5,0,570,701.0,,49.093,6.091,Nuit avec éclairage allumé,Hors agglomération,Hors intersection,Neige / grêle,Sans collision,,,,,,,,,,,5,1,1,4,7
200500011268,0005-02-01 13:15:00,5,2,1,13,15,570,572.0,RUE Auguste Rolland,,,Plein jour,En agglomération,Hors intersection,Normale,Trois véhicules et plus - en chaîne,,,,,,,,,,,1,2,1,1,4
200500011269,0005-02-11 17:15:00,5,2,11,17,15,570,422.0,,,,Plein jour,Hors agglomération,Hors intersection,Pluie légère,Trois véhicules et plus - collisions multiples,,,,,,,,,,,1,1,1,2,5
200500011270,0005-02-13 19:00:00,5,2,13,19,0,570,156.0,,,,Nuit sans éclairage public,Hors agglomération,Hors intersection,Autre,Sans collision,,,,,,,,,,,3,1,1,9,7
200500011271,0005-02-13 20:30:00,5,2,13,20,30,570,656.0,,,,Nuit sans éclairage public,Hors agglomération,Hors intersection,Neige / grêle,Autre collision,,,,,,,,,,,3,1,1,4,6
200500011272,0005-02-22 14:15:00,5,2,22,14,15,570,140.0,,,,Plein jour,Hors agglomération,Intersection en T,Normale,Deux véhicules - frontale,,,,,,,,,,,1,1,3,1,1
200500011273,0005-02-08 08:30:00,5,2,8,8,30,570,438.0,,,,Crépuscule ou aube,Hors agglomération,Intersection en X,Brouillard / fumée,Deux véhicules - côté,,,,,,,,,,,2,1,2,5,3
200500011274,0005-02-27 21:30:00,5,2,27,21,30,570,142.0,,,,Nuit sans éclairage public,Hors agglomération,Hors intersection,Neige / grêle,Autre collision,,,,,,,,,,,3,1,1,4,6
200500011275,0005-02-03 18:15:00,5,2,3,18,15,570,85.0,CD19,49.109,6.479,Nuit avec éclairage allumé,En agglomération,Hors intersection,Normale,Autre collision,,,,,,,,,,,5,2,1,1,6
200500011276,0005-02-11 18:00:00,5,2,11,18,0,570,413.0,,49.139,6.67,Nuit sans éclairage public,Hors agglomération,Hors intersection,Pluie légère,Deux véhicules - frontale,,,,,,,,,,,3,1,1,2,1
200500011277,0005-02-13 02:00:00,5,2,13,2,0,570,374.0,,48.599,7.02,Nuit sans éclairage public,Hors agglomération,Hors intersection,Normale,Sans collision,,,,,,,,,,,3,1,1,1,7
200500011278,0005-02-21 14:15:00,5,2,21,14,15,570,314.0,,48.7,6.974,Plein jour,Hors agglomération,Giratoire,Normale,Sans collision,,,,,,,,,,,1,1,6,1,7