accident_id,datetime,annee,mois,jour,heure,minute,departement,commune_insee,adresse,latitude,longitude,luminosite,agglomeration,intersection,meteo,collision,nb_vehicules,nb_usagers,nb_indemnes,nb_tues,nb_blesses_hosp,nb_blesses_legers,age_cond_1,age_cond_2,veh_type_cond_1,veh_type_cond_2,lum_code,agg_code,int_code,atm_code,col_code
200500011682,0005-02-11 19:30:00,5,2,11,19,30,910,405.0,,,,Nuit sans éclairage public,Hors agglomération,Hors intersection,Normale,Deux véhicules - frontale,,,,,,,,,,,3,1,1,1,1
200500011683,0005-02-11 15:15:00,5,2,11,15,15,910,405.0,,48.402,2.437,Plein jour,Hors agglomération,Hors intersection,Pluie légère,Deux véhicules - arrière,,,,,,,,,,,1,1,1,2,2
200500011684,0005-02-26 15:30:00,5,2,26,15,30,910,200.0,RUE RAYMOND LAUBIER,,,Plein jour,En agglomération,Hors intersection,Normale,Deux véhicules - arrière,,,,,,,,,,,1,2,1,1,2
200500011685,0005-02-11 20:15:00,5,2,11,20,15,910,132.0,,48.53,2.207,Nuit avec éclairage allumé,Hors agglomération,Hors intersection,Pluie légère,Autre collision,,,,,,,,,,,5,1,1,2,6
200500011686,0005-02-28 17:45:00,5,2,28,17,45,910,38.0,CD 17,,,Plein jour,En agglomération,Hors intersection,Normale,Deux véhicules - arrière,,,,,,,,,,,1,2,1,1,2
200500011687,0005-02-05 15:00:00,5,2,5,15,0,910,293.0,,48.48,2.36,Plein jour,Hors agglomération,Hors intersection,Normale,Autre collision,,,,,,,,,,,1,1,1,1,6
200500011688,0005-02-25 07:15:00,5,2,25,7,15,910,1.0,,,,Crépuscule ou aube,Hors agglomération,Hors intersection,Neige / grêle,Deux véhicules - frontale,,,,,,,,,,,2,1,1,4,1
200500011689,0005-02-09 10:45:00,5,2,9,10,45,910,540.0,avenue de Dourdan,,,Plein jour,En agglomération,Hors intersection,Normale,Autre collision,,,,,,,,,,,1,2,1,1,6
200500011690,0005-02-15 10:30:00,5,2,15,10,30,910,593.0,9 RUE DE LA CHARPENTERIE,,,Plein jour,En agglomération,Hors intersection,Temps couvert,Autre collision,,,,,,,,,,,1,2,1,8,6
200500011691,0005-02-08 20:00:00,5,2,8,20,0,910,461.0,,48.604,2.236,Nuit sans éclairage public,Hors agglomération,Hors intersection,Normale,Sans collision,,,,,,,,,,,3,1,1,1,7
200500011692,0005-02-21 20:30:00,5,2,21,20,30,910,156.0,,48.559,2.273,Nuit sans éclairage public,Hors agglomération,Giratoire,Neige / grêle,Sans collision,,,,,,,,,,,3,1,6,4,7
200500011693,0005-02-14 19:45:00,5,2,14,19,45,910,494.0,,,,Nuit sans éclairage public,Hors agglomération,Hors intersection,Pluie légère,Deux véhicules - frontale,,,,,,,,,,,3,1,1,2,1
200500011694,0005-02-12 16:15:00,5,2,12,16,15,910,272.0,,,,Plein jour,Hors agglomération,Hors intersection,Pluie légère,Deux véhicules - frontale,,,,,,,,,,,1,1,1,2,1
200500011695,0005-02-19 01:15:00,5,2,19,1,15,910,275.0,,,,Nuit avec éclairage allumé,Hors agglomération,Hors intersection,Temps couvert,Autre collision,,,,,,,,,,,5,1,1,8,6
200500011696,0005-02-18 08:15:00,5,2,18,8,15,950,309.0,,,,Crépuscule ou aube,Hors agglomération,Hors intersection,Normale,Deux véhicules - frontale,,,,,,,,,,,2,1,1,1,1
200500011697,0005-02-21 19:30:00,5,2,21,19,30,950,370.0,AVENUE DU 18 JUIN,49.149,1.977,Nuit avec éclairage allumé,En agglomération,Intersection en X,Normale,Deux véhicules - côté,,,,,,,,,,,5,2,2,1,3
200500011698,0005-02-28 05:45:00,5,2,28,5,45,950,142.0,rue de gisors,,,Nuit avec éclairage allumé,En agglomération,Hors intersection,Normale,Autre collision,,,,,,,,,,,5,2,1,1,6
200500011699,0005-02-22 12:30:00,5,2,22,12,30,950,308.0,,49.119,2.125,Plein jour,Hors agglomération,Hors intersection,Neige / grêle,Deux véhicules - côté,,,,,,,,,,,1,1,1,4,3
200500011700,0005-02-15 08:45:00,5,2,15,8,45,950,395.0,,49.048,2.399,Plein jour,Hors agglomération,Hors intersection,Autre,Deux véhicules - côté,,,,,,,,,,,1,1,1,9,3
200500011701,0005-02-09 23:00:00,5,2,9,23,0,770,86.0,RUE DE LA POSTE,48.55,2.89,Nuit avec éclairage allumé,En agglomération,Hors intersection,Normale,Deux véhicules - frontale,,,,,,,,,,,5,2,1,1,1
200500011702,0005-02-01 11:45:00,5,2,1,11,45,770,44.0,,48.553,2.877,Plein jour,Hors agglomération,Hors intersection,Normale,Deux véhicules - côté,,,,,,,,,,,1,1,1,1,3
200500011703,0005-02-22 08:30:00,5,2,22,8,30,770,69.0,,,,Plein jour,Hors agglomération,Hors intersection,Neige / grêle,Deux véhicules - côté,,,,,,,,,,,1,1,1,4,3
200500011704,0005-02-15 06:45:00,5,2,15,6,45,770,470.0,,48.74,2.768,Crépuscule ou aube,Hors agglomération,Autre intersection,Autre,Deux véhicules - frontale,,,,,,,,,,,2,1,9,9,1
200500011705,0005-02-08 07:15:00,5,2,8,7,15,770,183.0,RUE DE LA GARE,,,Crépuscule ou aube,En agglomération,Autre intersection,Normale,Autre collision,,,,,,,,,,,2,2,9,1,6
200500011706,0005-02-13 06:00:00,5,2,13,6,0,770,238.0,rue du Général Leclerc,,,Nuit sans éclairage public,En agglomération,Hors intersection,Normale,Sans collision,,,,,,,,,,,3,2,1,1,7
200500011707,0005-02-04 13:30:00,5,2,4,13,30,770,508.0,,,,Plein jour,Hors agglomération,Hors intersection,Normale,Trois véhicules et plus - collisions multiples,,,,,,,,,,,1,1,1,1,5
200500011708,0005-02-28 15:00:00,5,2,28,15,0,770,63.0,,48.8,2.958,Nuit sans éclairage public,Hors agglomération,Hors intersection,Normale,Deux véhicules - frontale,,,,,,,,,,,3,1,1,1,1
200500011709,0005-02-26 18:15:00,5,2,26,18,15,770,405.0,,48.916,3.155,Plein jour,Hors agglomération,Hors intersection,Autre,Sans collision,,,,,,,,,,,1,1,1,9,7
200500011710,0005-02-04 15:30:00,5,2,4,15,30,770,264.0,,48.724,2.958,Nuit sans éclairage public,Hors agglomération,Hors intersection,Normale,Autre collision,,,,,,,,,,,3,1,1,1,6
200500011711,0005-02-04 18:00:00,5,2,4,18,0,770,393.0,,48.737,3.006,Nuit sans éclairage public,Hors agglomération,Intersection en X,Normale,Deux véhicules - côté,,,,,,,,,,,3,1,2,1,3
200500011712,0005-02-15 06:15:00,5,2,15,6,15,770,192.0,,48.717,2.865,Nuit sans éclairage public,Hors agglomération,Hors intersection,Autre,Trois véhicules et plus - en chaîne,,,,,,,,,,,3,1,1,9,4
200500011713,0005-02-20 18:00:00,5,2,20,18,0,770,264.0,,48.718,2.962,Crépuscule ou aube,Hors agglomération,Hors intersection,Neige / grêle,Deux véhicules - frontale,,,,,,,,,,,2,1,1,4,1
200500011714,0005-02-01 18:00:00,5,2,1,18,0,770,244.0,,48.289,2.581,Crépuscule ou aube,Hors agglomération,Intersection en Y,Temps couvert,Deux véhicules - côté,,,,,,,,,,,2,1,4,8,3
200500011715,0005-02-04 15:15:00,5,2,4,15,15,770,77.0,,,,Plein jour,Hors agglomération,Hors intersection,Normale,Deux véhicules - frontale,,,,,,,,,,,1,1,1,1,1
200500011716,0005-02-13 00:30:00,5,2,13,0,30,770,483.0,,49.017,2.949,Nuit sans éclairage public,Hors agglomération,Hors intersection,Normale,Autre collision,,,,,,,,,,,3,1,1,1,6
200500011717,0005-02-11 15:30:00,5,2,11,15,30,770,515.0,,48.986,2.796,Plein jour,Hors agglomération,Intersection en X,Pluie légère,Deux véhicules - côté,,,,,,,,,,,1,1,2,2,3
200500011718,0005-02-25 16:15:00,5,2,25,16,15,770,525.0,,,,Plein jour,Hors agglomération,Hors intersection,Normale,Deux véhicules - frontale,,,,,,,,,,,1,1,1,1,1
200500011719,0005-02-27 11:45:00,5,2,27,11,45,770,246.0,,,,Plein jour,Hors agglomération,Hors intersection,Neige / grêle,Trois véhicules et plus - collisions multiples,,,,,,,,,,,1,1,1,4,5
200500011720,0005-02-05 20:00:00,5,2,5,20,0,770,208.0,15 GRANDE RUE,48.495,3.292,Nuit avec éclairage allumé,En agglomération,Hors intersection,Normale,Autre collision,,,,,,,,,,,5,2,1,1,6
200500011721,0005-02-19 05:15:00,5,2,19,5,15,770,325.0,,48.431,3.24,Nuit sans éclairage public,Hors agglomération,Hors intersection,Normale,Autre collision,,,,,,,,,,,3,1,1,1,6
200500011722,0005-02-18 00:45:00,5,2,18,0,45,770,327.0,,48.555,3.001,Plein jour,Hors agglomération,Hors intersection,Normale,Deux véhicules - côté,,,,,,,,,,,1,1,1,1,3
200500011723,0005-02-09 18:15:00,5,2,9,18,15,450,59.0,RN 157,,,Crépuscule ou aube,En agglomération,Hors intersection,Normale,Deux véhicules - côté,,,,,,,,,,,2,2,1,1,3
200500011724,0005-02-12 17:30:00,5,2,12,17,30,450,126.0,,47.902,2.127,Plein jour,Hors agglomération,Hors intersection,Normale,Autre collision,,,,,,,,,,,1,1,1,1,6
200500011725,0005-02-04 19:45:00,5,2,4,19,45,450,173.0,Boulevard Carnot,47.871,2.123,Nuit avec éclairage allumé,En agglomération,Hors intersection,Normale,Deux véhicules - côté,,,,,,,,,,,5,2,1,1,3
200500011726,0005-02-10 17:00:00,5,2,10,17,0,450,241.0,,47.852,2.179,Plein jour,Hors agglomération,Hors intersection,Normale,Sans collision,,,,,,,,,,,1,1,1,1,7
200500011727,0005-02-17 22:15:00,5,2,17,22,15,450,273.0,,47.874,2.134,Nuit avec éclairage allumé,Hors agglomération,Hors intersection,Normale,Autre collision,,,,,,,,,,,5,1,1,1,6
200500011728,0005-02-19 17:00:00,5,2,19,17,0,450,193.0,PLACE DE L'EGLISE,47.769,2.022,Plein jour,En agglomération,Hors intersection,Pluie légère,Deux véhicules - côté,,,,,,,,,,,1,2,1,2,3
200500011729,0005-02-24 19:30:00,5,2,24,19,30,450,273.0,Rue de la Solaie,,,Nuit avec éclairage allumé,En agglomération,Hors intersection,Normale,Autre collision,,,,,,,,,,,5,2,1,1,6
200500011730,0005-02-07 15:30:00,5,2,7,15,30,450,280.0,,,,Plein jour,Hors agglomération,Hors intersection,Normale,Sans collision,,,,,,,,,,,1,1,1,1,7
200500011731,0005-02-12 15:30:00,5,2,12,15,30,450,254.0,,,,Plein jour,Hors agglomération,Hors intersection,Temps couvert,Deux véhicules - côté,,,,,,,,,,,1,1,1,8,3
200500011732,0005-02-02 09:15:00,5,2,2,9,15,450,39.0,32 rue de Bonnée,,,Plein jour,En agglomération,Hors intersection,Pluie légère,Autre collision,,,,,,,,,,,1,2,1,2,6
200500011733,0005-02-05 20:30:00,5,2,5,20,30,450,259.0,,,,Nuit sans éclairage public,Hors agglomération,Hors intersection,Normale,Autre collision,,,,,,,,,,,3,1,1,1,6
200500011734,0005-02-19 12:00:00,5,2,19,12,0,450,293.0,,,,Plein jour,Hors agglomération,Hors intersection,Normale,Deux véhicules - côté,,,,,,,,,,,1,1,1,1,3
200500011735,0005-02-18 20:15:00,5,2,18,20,15,450,306.0,,48.02,2.86,Nuit sans éclairage public,Hors agglomération,Hors intersection,Normale,Trois véhicules et plus - collisions multiples,,,,,,,,,,,3,1,1,1,5
200500011736,0005-02-22 23:15:00,5,2,22,23,15,450,145.0,,,,Nuit sans éclairage public,Hors agglomération,Hors intersection,Neige / grêle,Autre collision,,,,,,,,,,,3,1,1,4,6
200500011737,0005-02-10 12:15:00,5,2,10,12,15,450,106.0,,,,Plein jour,Hors agglomération,Hors intersection,Temps couvert,Sans collision,,,,,,,,,,,1,1,1,8,7
200500011738,0005-02-13 20:15:00,5,2,13,20,15,450,252.0,,48.167,2.229,Nuit sans éclairage public,Hors agglomération,Hors intersection,Neige / grêle,Deux véhicules - frontale,,,,,,,,,,,3,1,1,4,1
200500011739,0005-02-20 21:30:00,5,2,20,21,30,450,10.0,Route de Jargeau,48.128,2.252,Nuit avec éclairage allumé,En agglomération,Hors intersection,Autre,Deux véhicules - frontale,,,,,,,,,,,5,2,1,9,1
200500011740,0005-02-04 14:45:00,5,2,4,14,45,180,23.0,1 rue du Chancelier,47.085,2.732,Plein jour,En agglomération,Hors intersection,Normale,Deux véhicules - frontale,,,,,,,,,,,1,2,1,1,1
200500011741,0005-02-06 19:45:00,5,2,6,19,45,180,197.0,34 RUE MARECHAL FOCH,,,Nuit avec éclairage allumé,En agglomération,Hors intersection,Normale,Deux véhicules - frontale,,,,,,,,,,,5,2,1,1,1
200500011742,0005-02-14 13:00:00,5,2,14,13,0,180,86.0,,,,Plein jour,Hors agglomération,Hors intersection,Normale,Deux véhicules - frontale,,,,,,,,,,,1,1,1,1,1
200500011743,0005-02-18 13:45:00,5,2,18,13,45,180,197.0,RUE DE JURANVILLE,,,Plein jour,En agglomération,Hors intersection,Normale,Sans collision,,,,,,,,,,,1,2,1,1,7
200500011744,0005-02-08 12:30:00,5,2,8,12,30,180,93.0,RD 140 - Le bourg,,,Plein jour,En agglomération,Hors intersection,Normale,Deux véhicules - frontale,,,,,,,,,,,1,2,1,1,1
200500011745,0005-02-09 15:15:00,5,2,9,15,15,180,266.0,,46.73,2.206,Plein jour,Hors agglomération,Hors intersection,Normale,Deux véhicules - côté,,,,,,,,,,,1,1,1,1,3
200500011746,0005-02-13 20:15:00,5,2,13,20,15,180,209.0,13 Rte de SAULZAIS,46.679,2.496,Nuit avec éclairage allumé,En agglomération,Hors intersection,Temps couvert,Autre collision,,,,,,,,,,,5,2,1,8,6
200500011747,0005-02-23 14:45:00,5,2,23,14,45,180,114.0,,,,Plein jour,Hors agglomération,Hors intersection,Temps couvert,Trois véhicules et plus - collisions multiples,,,,,,,,,,,1,1,1,8,5
200500011748,0005-02-04 17:30:00,5,2,4,17,30,180,165.0,,,,Plein jour,Hors agglomération,Hors intersection,Normale,Autre collision,,,,,,,,,,,1,1,1,1,6
200500011749,0005-02-15 07:30:00,5,2,15,7,30,180,165.0,,,,Crépuscule ou aube,Hors agglomération,Hors intersection,Normale,Deux véhicules - côté,,,,,,,,,,,2,1,1,1,3
200500011750,0005-02-17 12:45:00,5,2,17,12,45,180,290.0,La Loeuf du Houx,47.279,2.174,Plein jour,En agglomération,Hors intersection,Normale,Deux véhicules - frontale,,,,,,,,,,,1,2,1,1,1
200500011751,0005-02-26 19:00:00,5,2,26,19,0,180,15.0,,47.515,2.442,Nuit sans éclairage public,Hors agglomération,Hors intersection,Normale,Trois véhicules et plus - en chaîne,,,,,,,,,,,3,1,1,1,4
200500011752,0005-02-25 16:00:00,5,2,25,16,0,180,44.0,,,,Plein jour,Hors agglomération,Hors intersection,Normale,Deux véhicules - frontale,,,,,,,,,,,1,1,1,1,1
200500011753,0005-02-26 15:00:00,5,2,26,15,0,180,103.0,,47.157,1.825,Plein jour,Hors agglomération,Hors intersection,Normale,Autre collision,,,,,,,,,,,1,1,1,1,6
200500011754,0005-02-18 20:30:00,5,2,18,20,30,180,207.0,sST FLORENT SUR CHER,,,Nuit avec éclairage allumé,En agglomération,Intersection en X,Normale,Deux véhicules - frontale,,,,,,,,,,,5,2,2,1,1
200500011755,0005-02-16 17:00:00,5,2,16,17,0,180,223.0,,47.115,2.587,Plein jour,Hors agglomération,Hors intersection,Normale,Deux véhicules - arrière,,,,,,,,,,,1,1,1,1,2
200500011756,0005-02-07 16:30:00,5,2,7,16,30,280,358.0,,48.499,1.497,Plein jour,Hors agglomération,Hors intersection,Temps éblouissant,Deux véhicules - côté,,,,,,,,,,,1,1,1,7,3
200500011757,0005-02-27 22:30:00,5,2,27,22,30,280,35.0,,48.384,1.589,Nuit sans éclairage public,Hors agglomération,Hors intersection,Neige / grêle,Sans collision,,,,,,,,,,,3,1,1,4,7
200500011758,0005-02-09 19:15:00,5,2,9,19,15,280,116.0,,48.457,1.268,Nuit sans éclairage public,Hors agglomération,Hors intersection,Normale,Sans collision,,,,,,,,,,,3,1,1,1,7
200500011759,0005-02-04 17:15:00,5,2,4,17,15,280,13.0,rue de La Bassine,,,Plein jour,En agglomération,Hors intersection,Normale,Deux véhicules - côté,,,,,,,,,,,1,2,1,1,3
200500011760,0005-02-25 07:45:00,5,2,25,7,45,280,172.0,6 RUE DES SABLONS,48.563,1.65,Crépuscule ou aube,En agglomération,Hors intersection,Neige / grêle,Autre collision,,,,,,,,,,,2,2,1,4,6
200500011761,0005-02-07 20:45:00,5,2,7,20,45,280,367.0,,48.16,1.88,Nuit sans éclairage public,Hors agglomération,Hors intersection,Normale,Sans collision,,,,,,,,,,,3,1,1,1,7
200500011762,0005-02-27 17:45:00,5,2,27,17,45,280,391.0,,48.185,1.928,Nuit sans éclairage public,Hors agglomération,Hors intersection,Neige / grêle,Deux véhicules - côté,,,,,,,,,,,3,1,1,4,3
200500011763,0005-02-12 15:45:00,5,2,12,15,45,280,153.0,,,,Plein jour,Hors agglomération,Hors intersection,Vent fort / tempête,Autre collision,,,,,,,,,,,1,1,1,6,6
200500011764,0005-02-23 15:45:00,5,2,23,15,45,280,61.0,,,,Plein jour,Hors agglomération,Hors intersection,Temps couvert,Deux véhicules - frontale,,,,,,,,,,,1,1,1,8,1
200500011765,0005-02-08 05:00:00,5,2,8,5,0,280,98.0,,48.755,1.456,Nuit avec éclairage non allumé,Hors agglomération,Hors intersection,Normale,Autre collision,,,,,,,,,,,4,1,1,1,6
200500011766,0005-02-08 12:30:00,5,2,8,12,30,280,359.0,,48.754,1.267,Plein jour,Hors agglomération,Hors intersection,Normale,Deux véhicules - arrière,,,,,,,,,,,1,1,1,1,2
200500011767,0005-02-08 17:00:00,5,2,8,17,0,280,405.0,,48.746,1.306,Plein jour,Hors agglomération,Hors intersection,Normale,Deux véhicules - arrière,,,,,,,,,,,1,1,1,1,2
200500011768,0005-02-08 12:15:00,5,2,8,12,15,280,405.0,,48.757,1.259,Plein jour,Hors agglomération,Hors intersection,Normale,Deux véhicules - arrière,,,,,,,,,,,1,1,1,1,2
200500011769,0005-02-22 21:00:00,5,2,22,21,0,280,171.0,,48.726,1.324,Nuit sans éclairage public,Hors agglomération,Hors intersection,Normale,Deux véhicules - arrière,,,,,,,,,,,3,1,1,1,2
200500011770,0005-02-07 15:30:00,5,2,7,15,30,280,1.0,,48.801,1.403,Plein jour,Hors agglomération,Hors intersection,Normale,Deux véhicules - frontale,,,,,,,,,,,1,1,1,1,1
200500011771,0005-02-17 12:30:00,5,2,17,12,30,280,96.0,rue des Yvelines,48.886,1.48,Plein jour,En agglomération,Hors intersection,Temps couvert,Deux véhicules - côté,,,,,,,,,,,1,2,1,8,3
200500011772,0005-02-26 08:45:00,5,2,26,8,45,280,62.0,,48.769,1.526,Plein jour,Hors agglomération,Hors intersection,Autre,Deux véhicules - frontale,,,,,,,,,,,1,1,1,9,1
200500011773,0005-02-20 04:30:00,5,2,20,4,30,280,113.0,,48.671,1.56,Nuit sans éclairage public,Hors agglomération,Hors intersection,Neige / grêle,Sans collision,,,,,,,,,,,3,1,1,4,7
200500011774,0005-02-26 00:15:00,5,2,26,0,15,280,280.0,,48.299,0.795,Nuit sans éclairage public,Hors agglomération,Hors intersection,Autre,Sans collision,,,,,,,,,,,3,1,1,9,7
200500011775,0005-02-04 22:30:00,5,2,4,22,30,360,93.0,Rue GAMBETTA,46.983,1.614,Nuit avec éclairage allumé,En agglomération,Hors intersection,Normale,Autre collision,,,,,,,,,,,5,2,1,1,6
200500011776,0005-02-11 18:00:00,5,2,11,18,0,360,93.0,Avenue Jean Jaures,46.988,1.613,Nuit avec éclairage allumé,En agglomération,Hors intersection,Pluie légère,Deux véhicules - frontale,,,,,,,,,,,5,2,1,2,1
200500011777,0005-02-05 15:30:00,5,2,5,15,30,360,200.0,Rue de Verdun,,,Plein jour,En agglomération,Hors intersection,Normale,Deux véhicules - frontale,,,,,,,,,,,1,2,1,1,1
200500011778,0005-02-04 17:30:00,5,2,4,17,30,360,177.0,le bourg,46.499,1.362,Plein jour,En agglomération,Hors intersection,Normale,Autre collision,,,,,,,,,,,1,2,1,1,6
200500011779,0005-02-21 17:30:00,5,2,21,17,30,360,106.0,,,,Plein jour,Hors agglomération,Hors intersection,Neige / grêle,Autre collision,,,,,,,,,,,1,1,1,4,6
200500011780,0005-02-12 16:15:00,5,2,12,16,15,360,198.0,,46.885,1.451,Plein jour,Hors agglomération,Intersection en T,Pluie forte,Trois véhicules et plus - collisions multiples,,,,,,,,,,,1,1,3,3,5
200500011781,0005-02-09 10:00:00,5,2,9,10,0,360,244.0,,,,Plein jour,Hors agglomération,Hors intersection,Normale,Deux véhicules - frontale,,,,,,,,,,,1,1,1,1,1
200500011782,0005-02-24 09:30:00,5,2,24,9,30,360,237.0,,47.083,1.587,Plein jour,Hors agglomération,Hors intersection,Neige / grêle,Autre collision,,,,,,,,,,,1,1,1,4,6
200500011783,0005-02-14 07:30:00,5,2,14,7,30,360,18.0,Rue Amiral BRAJOT,46.631,1.083,Crépuscule ou aube,En agglomération,Hors intersection,Normale,Deux véhicules - côté,,,,,,,,,,,2,2,1,1,3
200500011784,0005-02-14 08:00:00,5,2,14,8,0,360,123.0,,,,Crépuscule ou aube,Hors agglomération,Hors intersection,Autre,Autre collision,,,,,,,,,,,2,1,1,9,6
200500011785,0005-02-17 15:00:00,5,2,17,15,0,360,18.0,Parc des Expositions,46.634,1.068,Plein jour,En agglomération,Hors intersection,Temps couvert,Sans collision,,,,,,,,,,,1,2,1,8,7
200500011786,0005-02-13 10:30:00,5,2,13,10,30,360,141.0,,,,Plein jour,Hors agglomération,Hors intersection,Normale,Sans collision,,,,,,,,,,,1,1,1,1,7
200500011787,0005-02-24 17:30:00,5,2,24,17,30,360,140.0,,46.913,1.899,Plein jour,Hors agglomération,Hors intersection,Autre,Autre collision,,,,,,,,,,,1,1,1,9,6
200500011788,0005-02-03 19:00:00,5,2,3,19,0,370,3.0,,47.385,0.945,Nuit sans éclairage public,Hors agglomération,Hors intersection,Normale,Deux véhicules - frontale,,,,,,,,,,,3,1,1,1,1
200500011789,0005-02-11 13:45:00,5,2,11,13,45,370,3.0,,47.387,1.066,Plein jour,Hors agglomération,Hors intersection,Pluie légère,Deux véhicules - frontale,,,,,,,,,,,1,1,1,2,1
200500011790,0005-02-27 13:30:00,5,2,27,13,30,370,3.0,,,,Plein jour,Hors agglomération,Hors intersection,Normale,Trois véhicules et plus - en chaîne,,,,,,,,,,,1,1,1,1,4
200500011791,0005-02-11 14:45:00,5,2,11,14,45,370,35.0,,,,Plein jour,Hors agglomération,Hors intersection,Pluie légère,Deux véhicules - côté,,,,,,,,,,,1,1,1,2,3
200500011792,0005-02-02 18:30:00,5,2,2,18,30,370,49.0,,47.173,0.98,Nuit sans éclairage public,Hors agglomération,Autre intersection,Normale,Trois véhicules et plus - collisions multiples,,,,,,,,,,,3,1,9,1,5
200500011793,0005-02-02 05:30:00,5,2,2,5,30,370,277.0,LE BOURG,47.14,1.22,Nuit sans éclairage public,En agglomération,Hors intersection,Normale,Autre collision,,,,,,,,,,,3,2,1,1,6
200500011794,0005-02-19 15:45:00,5,2,19,15,45,370,132.0,,47.13,0.979,Plein jour,Hors agglomération,Hors intersection,Normale,Deux véhicules - frontale,,,,,,,,,,,1,1,1,1,1
200500011795,0005-02-23 14:30:00,5,2,23,14,30,370,132.0,bardine,47.12,0.981,Plein jour,En agglomération,Autre intersection,Temps couvert,Deux véhicules - côté,,,,,,,,,,,1,2,9,8,3
200500011796,0005-02-11 21:30:00,5,2,11,21,30,370,115.0,,46.987,0.702,Nuit sans éclairage public,Hors agglomération,Hors intersection,Normale,Autre collision,,,,,,,,,,,3,1,1,1,6
200500011797,0005-02-05 18:30:00,5,2,5,18,30,370,104.0,,,,Plein jour,Hors agglomération,Hors intersection,Normale,Autre collision,,,,,,,,,,,1,1,1,1,6
200500011798,0005-02-24 08:00:00,5,2,24,8,0,370,263.0,,47.29,0.851,Crépuscule ou aube,Hors agglomération,Hors intersection,Neige / grêle,Autre collision,,,,,,,,,,,2,1,1,4,6
200500011799,0005-02-23 09:30:00,5,2,23,9,30,370,250.0,CARREFOUR RN 10 / CD84,47.24,0.69,Plein jour,En agglomération,Intersection en X,Normale,Deux véhicules - côté,,,,,,,,,,,1,2,2,1,3
200500011800,0005-02-01 14:00:00,5,2,1,14,0,410,64.0,,,,Plein jour,Hors agglomération,Hors intersection,Normale,Deux véhicules - côté,,,,,,,,,,,1,1,1,1,3
200500011801,0005-02-03 07:30:00,5,2,3,7,30,410,230.0,,,,Nuit sans éclairage public,Hors agglomération,Hors intersection,Normale,Deux véhicules - frontale,,,,,,,,,,,3,1,1,1,1
200500011802,0005-02-05 19:15:00,5,2,5,19,15,410,276.0,RUE DE LA CHAUSSEE,,,Nuit avec éclairage allumé,En agglomération,Hors intersection,Normale,Deux véhicules - côté,,,,,,,,,,,5,2,1,1,3
200500011803,0005-02-13 12:30:00,5,2,13,12,30,410,55.0,,,,Plein jour,Hors agglomération,Hors intersection,Normale,Deux véhicules - frontale,,,,,,,,,,,1,1,1,1,1
200500011804,0005-02-19 13:00:00,5,2,19,13,0,410,101.0,,,,Plein jour,Hors agglomération,Hors intersection,Normale,Deux véhicules - frontale,,,,,,,,,,,1,1,1,1,1
200500011805,0005-02-04 17:45:00,5,2,4,17,45,410,164.0,Av Général DE GAULLE,,,Plein jour,En agglomération,Hors intersection,Normale,Deux véhicules - frontale,,,,,,,,,,,1,2,1,1,1
200500011806,0005-02-10 07:45:00,5,2,10,7,45,410,152.0,,,,Plein jour,Hors agglomération,Hors intersection,Temps couvert,Deux véhicules - frontale,,,,,,,,,,,1,1,1,8,1
200500011807,0005-02-26 13:00:00,5,2,26,13,0,410,75.0,RUE HENRI MERILLON,,,Plein jour,En agglomération,Hors intersection,Normale,Deux véhicules - frontale,,,,,,,,,,,1,2,1,1,1
200500011808,0005-02-02 18:45:00,5,2,2,18,45,410,53.0,rue des écoles,,,Nuit sans éclairage public,En agglomération,Hors intersection,Normale,Autre collision,,,,,,,,,,,3,2,1,1,6
200500011809,0005-02-08 07:30:00,5,2,8,7,30,330,214.0,,44.977,-1.044,Crépuscule ou aube,Hors agglomération,Hors intersection,Normale,Deux véhicules - frontale,,,,,,,,,,,2,1,1,1,1
200500011810,0005-02-27 12:15:00,5,2,27,12,15,290,233.0,,,,Plein jour,En agglomération,Hors intersection,Normale,Autre collision,,,,,,,,,,,1,2,1,1,6
200500011811,0005-02-27 16:00:00,5,2,27,16,0,950,352.0,,,,Plein jour,Hors agglomération,Hors intersection,Normale,Deux véhicules - côté,,,,,,,,,,,1,1,1,1,3
200500011812,0005-02-05 03:30:00,5,2,5,3,30,440,20.0,,47.172,-1.595,Nuit sans éclairage public,Hors agglomération,Hors intersection,Pluie légère,Sans collision,,,,,,,,,,,3,1,1,2,7
200500011813,0005-02-13 16:45:00,5,2,13,16,45,870,205.0,,,,Plein jour,Hors agglomération,Hors intersection,Neige / grêle,Deux véhicules - frontale,,,,,,,,,,,1,1,1,4,1
200500011814,0005-02-03 17:45:00,5,2,3,17,45,210,515.0,boulevard Grand Marché,,,Plein jour,En agglomération,Hors intersection,Normale,Deux véhicules - frontale,,,,,,,,,,,1,2,1,1,1
200500011815,0005-02-28 08:45:00,5,2,28,8,45,130,40.0,,43.459,5.546,Plein jour,Hors agglomération,Hors intersection,Temps couvert,Deux véhicules - frontale,,,,,,,,,,,1,1,1,8,1