accident_id,datetime,annee,mois,jour,heure,minute,departement,commune_insee,adresse,latitude,longitude,luminosite,agglomeration,intersection,meteo,collision,nb_vehicules,nb_usagers,nb_indemnes,nb_tues,nb_blesses_hosp,nb_blesses_legers,age_cond_1,age_cond_2,veh_type_cond_1,veh_type_cond_2,lum_code,agg_code,int_code,atm_code,col_code
200500011954,0005-02-02 07:15:00,5,2,2,7,15,290,19.0,BASE NAVALE DE BREST,,,Nuit avec éclairage allumé,En agglomération,Hors intersection,Normale,Autre collision,,,,,,,,,,,5,2,1,1,6
200500011955,0005-02-11 07:15:00,5,2,11,7,15,290,19.0,base navale,,,Nuit avec éclairage allumé,En agglomération,Hors intersection,Pluie légère,Sans collision,,,,,,,,,,,5,2,1,2,7
200500011956,0005-02-13 09:15:00,5,2,13,9,15,20,756.0,,,,Plein jour,Hors agglomération,Hors intersection,Neige / grêle,Autre collision,,,,,,,,,,,1,1,1,4,6
200500011957,0005-02-12 17:00:00,5,2,12,17,0,780,455.0,,48.846,2.053,Plein jour,Hors agglomération,Hors intersection,Pluie légère,Deux véhicules - frontale,,,,,,,,,,,1,1,1,2,1
200500011958,0005-02-10 13:30:00,5,2,10,13,30,950,430.0,,49.075,2.326,Plein jour,Hors agglomération,Autre intersection,Normale,Deux véhicules - frontale,,,,,,,,,,,1,1,9,1,1
200500011959,0005-02-26 09:30:00,5,2,26,9,30,950,353.0,,49.084,2.317,Plein jour,Hors agglomération,Hors intersection,Normale,Trois véhicules et plus - en chaîne,,,,,,,,,,,1,1,1,1,4
200500011960,0005-02-11 14:15:00,5,2,11,14,15,90,189.0,,,,Plein jour,Hors agglomération,Hors intersection,Normale,Autre collision,,,,,,,,,,,1,1,1,1,6
200500011961,0005-02-28 21:15:00,5,2,28,21,15,760,648.0,,49.65,1.267,Nuit sans éclairage public,Hors agglomération,Hors intersection,Neige / grêle,Autre collision,,,,,,,,,,,3,1,1,4,6
200500011962,0005-02-07 20:30:00,5,2,7,20,30,560,243.0,,47.634,-2.723,Nuit sans éclairage public,Hors agglomération,Hors intersection,Normale,Deux véhicules - côté,,,,,,,,,,,3,1,1,1,3
200500011963,0005-02-20 00:01:00,5,2,20,0,1,560,243.0,Rue de Kerhuilieu,47.633,-2.742,Nuit avec éclairage non allumé,En agglomération,Hors intersection,Normale,Sans collision,,,,,,,,,,,4,2,1,1,7
200500011964,0005-02-23 19:30:00,5,2,23,19,30,560,240.0,Rue Adrien Régent,47.531,-2.77,Nuit avec éclairage allumé,En agglomération,Hors intersection,Normale,Deux véhicules - côté,,,,,,,,,,,5,2,1,1,3
200500011965,0005-02-26 03:00:00,5,2,26,3,0,420,324.0,,45.565,4.244,Nuit avec éclairage allumé,Hors agglomération,Autre intersection,Normale,Autre collision,,,,,,,,,,,5,1,9,1,6
200500011966,0005-02-13 03:00:00,5,2,13,3,0,420,295.0,,45.864,3.827,Nuit sans éclairage public,Hors agglomération,Hors intersection,Pluie légère,Autre collision,,,,,,,,,,,3,1,1,2,6
200500011967,0005-02-09 06:00:00,5,2,9,6,0,880,95.0,,,,Crépuscule ou aube,Hors agglomération,Hors intersection,Normale,Sans collision,,,,,,,,,,,2,1,1,1,7
200500011968,0005-02-10 04:45:00,5,2,10,4,45,380,553.0,BLD DE VILLEFONTAINE,,,Nuit avec éclairage allumé,En agglomération,Hors intersection,Normale,Deux véhicules - côté,,,,,,,,,,,5,2,1,1,3
200500011969,0005-02-14 17:30:00,5,2,14,17,30,380,48.0,,,,Crépuscule ou aube,Hors agglomération,Autre intersection,Neige / grêle,Autre collision,,,,,,,,,,,2,1,9,4,6
200500011970,0005-02-06 12:00:00,5,2,6,12,0,220,360.0,,48.49,-2.743,Plein jour,Hors agglomération,Hors intersection,Normale,Deux véhicules - côté,,,,,,,,,,,1,1,1,1,3
200500011971,0005-02-06 17:45:00,5,2,6,17,45,340,159.0,,,,Crépuscule ou aube,Hors agglomération,Hors intersection,Pluie légère,Deux véhicules - côté,,,,,,,,,,,2,1,1,2,3
200500011972,0005-02-08 08:15:00,5,2,8,8,15,340,337.0,,,,Plein jour,Hors agglomération,Hors intersection,Normale,Deux véhicules - arrière,,,,,,,,,,,1,1,1,1,2
200500011973,0005-02-21 18:00:00,5,2,21,18,0,140,739.0,Avenue gén ailleret,49.346,-0.506,Crépuscule ou aube,En agglomération,Hors intersection,Normale,Deux véhicules - côté,,,,,,,,,,,2,2,1,1,3
200500011974,0005-02-02 07:15:00,5,2,2,7,15,130,69.0,,43.642,5.183,Crépuscule ou aube,Hors agglomération,Hors intersection,Normale,Deux véhicules - côté,,,,,,,,,,,2,1,1,1,3
200500011975,0005-02-06 19:15:00,5,2,6,19,15,400,152.0,,43.963,-1.065,Nuit sans éclairage public,Hors agglomération,Hors intersection,Normale,Sans collision,,,,,,,,,,,3,1,1,1,7
200500011976,0005-02-18 12:15:00,5,2,18,12,15,670,152.0,,48.53,7.69,Plein jour,Hors agglomération,Hors intersection,Normale,Deux véhicules - arrière,,,,,,,,,,,1,1,1,1,2
200500011977,0005-02-05 18:15:00,5,2,5,18,15,670,309.0,rue du Général De Gaulle,48.645,7.711,Nuit avec éclairage allumé,En agglomération,Hors intersection,Normale,Trois véhicules et plus - collisions multiples,,,,,,,,,,,5,2,1,1,5
200500011978,0005-02-19 05:15:00,5,2,19,5,15,650,62.0,,43.208,0.125,Nuit sans éclairage public,Hors agglomération,Hors intersection,Normale,Autre collision,,,,,,,,,,,3,1,1,1,6
200500011979,0005-02-09 09:45:00,5,2,9,9,45,30,31.0,,46.401,2.718,Plein jour,Hors agglomération,Hors intersection,Normale,Sans collision,,,,,,,,,,,1,1,1,1,7
200500011980,0005-02-17 08:15:00,5,2,17,8,15,210,111.0,,47.421,5.176,Nuit sans éclairage public,Hors agglomération,Hors intersection,Normale,Deux véhicules - arrière,,,,,,,,,,,3,1,1,1,2
200500011981,0005-02-07 20:00:00,5,2,7,20,0,100,430.0,,,,Nuit sans éclairage public,Hors agglomération,Hors intersection,Normale,Deux véhicules - côté,,,,,,,,,,,3,1,1,1,3
200500011982,0005-02-09 14:30:00,5,2,9,14,30,100,438.0,,,,Plein jour,Hors agglomération,Hors intersection,Normale,Autre collision,,,,,,,,,,,1,1,1,1,6
200500011983,0005-02-22 17:45:00,5,2,22,17,45,730,151.0,,,,Crépuscule ou aube,Hors agglomération,Hors intersection,Normale,Deux véhicules - arrière,,,,,,,,,,,2,1,1,1,2
200500011984,0005-02-06 06:00:00,5,2,6,6,0,380,95.0,,45.129,5.289,Nuit sans éclairage public,Hors agglomération,Hors intersection,Normale,Autre collision,,,,,,,,,,,3,1,1,1,6
200500011985,0005-02-11 08:00:00,5,2,11,8,0,350,352.0,,,,Crépuscule ou aube,Hors agglomération,Hors intersection,Pluie légère,Deux véhicules - côté,,,,,,,,,,,2,1,1,2,3
200500011986,0005-02-20 15:00:00,5,2,20,15,0,640,334.0,,,,Plein jour,Hors agglomération,Intersection en X,Temps couvert,Trois véhicules et plus - collisions multiples,,,,,,,,,,,1,1,2,8,5
200500011987,0005-02-28 08:00:00,5,2,28,8,0,670,506.0,,,,Plein jour,Hors agglomération,Hors intersection,Normale,Trois véhicules et plus - en chaîne,,,,,,,,,,,1,1,1,1,4
200500011988,0005-02-03 20:15:00,5,2,3,20,15,310,516.0,,,,Nuit sans éclairage public,Hors agglomération,Hors intersection,Normale,Trois véhicules et plus - collisions multiples,,,,,,,,,,,3,1,1,1,5
200500011989,0005-02-04 22:00:00,5,2,4,22,0,950,504.0,,,,Nuit sans éclairage public,Hors agglomération,Hors intersection,Normale,Autre collision,,,,,,,,,,,3,1,1,1,6
200500011990,0005-02-13 09:15:00,5,2,13,9,15,600,81.0,,,,Plein jour,Hors agglomération,Hors intersection,Neige / grêle,Autre collision,,,,,,,,,,,1,1,1,4,6
200500011991,0005-02-10 17:15:00,5,2,10,17,15,890,124.0,,48.351,3.188,Plein jour,Hors agglomération,Hors intersection,Normale,Sans collision,,,,,,,,,,,1,1,1,1,7
200500011992,0005-02-16 07:15:00,5,2,16,7,15,760,657.0,,49.489,0.364,Plein jour,Hors agglomération,Hors intersection,Normale,Deux véhicules - arrière,,,,,,,,,,,1,1,1,1,2
200500011993,0005-02-07 13:15:00,5,2,7,13,15,310,503.0,,43.13,0.93,Plein jour,Hors agglomération,Hors intersection,Normale,Autre collision,,,,,,,,,,,1,1,1,1,6
200500011994,0005-02-28 18:45:00,5,2,28,18,45,400,920.0,,,,Crépuscule ou aube,Hors agglomération,Hors intersection,Normale,Autre collision,,,,,,,,,,,2,1,1,1,6
200500011995,0005-02-28 06:00:00,5,2,28,6,0,740,162.0,RD9,,,Nuit sans éclairage public,En agglomération,Hors intersection,Vent fort / tempête,Trois véhicules et plus - collisions multiples,,,,,,,,,,,3,2,1,6,5
200500011996,0005-02-15 06:30:00,5,2,15,6,30,800,261.0,,,,Crépuscule ou aube,Hors agglomération,Hors intersection,Neige / grêle,Autre collision,,,,,,,,,,,2,1,1,4,6
200500011997,0005-02-06 11:30:00,5,2,6,11,30,800,692.0,,,,Plein jour,Hors agglomération,Hors intersection,Normale,Deux véhicules - côté,,,,,,,,,,,1,1,1,1,3
200500011998,0005-02-13 10:45:00,5,2,13,10,45,800,444.0,,,,Plein jour,Hors agglomération,Hors intersection,Neige / grêle,Trois véhicules et plus - collisions multiples,,,,,,,,,,,1,1,1,4,5
200500011999,0005-02-21 02:45:00,5,2,21,2,45,620,604.0,,,,Nuit sans éclairage public,Hors agglomération,Hors intersection,Neige / grêle,Deux véhicules - frontale,,,,,,,,,,,3,1,1,4,1
200500012000,0005-02-06 14:00:00,5,2,6,14,0,460,83.0,,,,Plein jour,Hors agglomération,Hors intersection,Normale,Autre collision,,,,,,,,,,,1,1,1,1,6
200500012001,0005-02-13 02:00:00,5,2,13,2,0,870,183.0,,45.983,1.327,Nuit sans éclairage public,Hors agglomération,Hors intersection,Autre,Trois véhicules et plus - collisions multiples,,,,,,,,,,,3,1,1,9,5
200500012002,0005-02-21 17:30:00,5,2,21,17,30,360,134.0,,,,Plein jour,Hors agglomération,Hors intersection,Neige / grêle,Trois véhicules et plus - en chaîne,,,,,,,,,,,1,1,1,4,4
200500012003,0005-02-21 17:30:00,5,2,21,17,30,360,134.0,,46.39,1.45,Plein jour,Hors agglomération,Hors intersection,Neige / grêle,Autre collision,,,,,,,,,,,1,1,1,4,6
200500012004,0005-02-19 18:15:00,5,2,19,18,15,360,57.0,,,,Plein jour,Hors agglomération,Hors intersection,Temps couvert,Deux véhicules - arrière,,,,,,,,,,,1,1,1,8,2
200500012005,0005-02-03 18:45:00,5,2,3,18,45,340,196.0,,43.798,3.327,Nuit sans éclairage public,Hors agglomération,Hors intersection,Normale,Trois véhicules et plus - collisions multiples,,,,,,,,,,,3,1,1,1,5
200500012006,0005-02-20 03:30:00,5,2,20,3,30,340,36.0,,43.681,3.416,Nuit sans éclairage public,Hors agglomération,Hors intersection,Normale,Autre collision,,,,,,,,,,,3,1,1,1,6
200500012007,0005-02-23 14:30:00,5,2,23,14,30,340,163.0,,,,Plein jour,Hors agglomération,Hors intersection,Normale,Trois véhicules et plus - collisions multiples,,,,,,,,,,,1,1,1,1,5
200500012008,0005-02-28 20:45:00,5,2,28,20,45,340,114.0,,43.64,3.585,Nuit sans éclairage public,Hors agglomération,Hors intersection,Normale,Trois véhicules et plus - collisions multiples,,,,,,,,,,,3,1,1,1,5
200500012009,0005-02-13 15:00:00,5,2,13,15,0,190,204.0,,45.516,2.296,Plein jour,Hors agglomération,Hors intersection,Neige / grêle,Deux véhicules - côté,,,,,,,,,,,1,1,1,4,3
200500012010,0005-02-22 23:00:00,5,2,22,23,0,720,334.0,,48.183,-0.123,Nuit sans éclairage public,Hors agglomération,Hors intersection,Normale,Autre collision,,,,,,,,,,,3,1,1,1,6
200500012011,0005-02-07 08:00:00,5,2,7,8,0,950,61.0,,49.063,2.257,Plein jour,Hors agglomération,Hors intersection,Autre,Deux véhicules - frontale,,,,,,,,,,,1,1,1,9,1
200500012012,0005-02-07 14:00:00,5,2,7,14,0,680,375.0,RUE DE CERNAY,47.814,7.236,Plein jour,En agglomération,Hors intersection,Normale,Deux véhicules - arrière,,,,,,,,,,,1,2,1,1,2
200500012013,0005-02-04 18:00:00,5,2,4,18,0,190,42.0,,,,Nuit sans éclairage public,Hors agglomération,Hors intersection,Neige / grêle,Autre collision,,,,,,,,,,,3,1,1,4,6
200500012014,0005-02-14 00:01:00,5,2,14,0,1,190,9.0,,,,Nuit sans éclairage public,Hors agglomération,Hors intersection,Normale,Autre collision,,,,,,,,,,,3,1,1,1,6
200500012015,0005-02-12 10:15:00,5,2,12,10,15,670,324.0,Passage des Thermes,,,Plein jour,En agglomération,Hors intersection,Pluie légère,Autre collision,,,,,,,,,,,1,2,1,2,6
200500012016,0005-02-23 08:30:00,5,2,23,8,30,670,291.0,face au 13 rue des près,,,Plein jour,En agglomération,Hors intersection,Neige / grêle,Deux véhicules - arrière,,,,,,,,,,,1,2,1,4,2
200500012017,0005-02-21 15:30:00,5,2,21,15,30,140,636.0,,,,Plein jour,Hors agglomération,Hors intersection,Normale,Deux véhicules - arrière,,,,,,,,,,,1,1,1,1,2
200500012018,0005-02-01 18:30:00,5,2,1,18,30,310,547.0,1600 avenue de Toulouse,,,Nuit avec éclairage allumé,En agglomération,Hors intersection,Pluie légère,Autre collision,,,,,,,,,,,5,2,1,2,6
200500012019,0005-02-26 18:45:00,5,2,26,18,45,310,547.0,,,,Nuit sans éclairage public,Hors agglomération,Hors intersection,Normale,Sans collision,,,,,,,,,,,3,1,1,1,7
200500012020,0005-02-28 07:15:00,5,2,28,7,15,850,84.0,,,,Plein jour,Hors agglomération,Hors intersection,Normale,Deux véhicules - côté,,,,,,,,,,,1,1,1,1,3
200500012021,0005-02-13 05:30:00,5,2,13,5,30,760,146.0,CD919,,,Nuit avec éclairage allumé,En agglomération,Hors intersection,Normale,Autre collision,,,,,,,,,,,5,2,1,1,6
200500012022,0005-02-15 01:15:00,5,2,15,1,15,240,13.0,,,,Nuit sans éclairage public,Hors agglomération,Hors intersection,Normale,Autre collision,,,,,,,,,,,3,1,1,1,6
200500012023,0005-02-27 16:00:00,5,2,27,16,0,310,32.0,ROUTE DE MERVILLE,43.691,1.328,Plein jour,En agglomération,Giratoire,Normale,Deux véhicules - côté,,,,,,,,,,,1,2,6,1,3
200500012024,0005-02-02 16:15:00,5,2,2,16,15,250,612.0,,,,Plein jour,Hors agglomération,Hors intersection,Temps couvert,Autre collision,,,,,,,,,,,1,1,1,8,6
200500012025,0005-02-09 22:45:00,5,2,9,22,45,950,510.0,,,,Nuit sans éclairage public,Hors agglomération,Hors intersection,Normale,Autre collision,,,,,,,,,,,3,1,1,1,6
200500012026,0005-02-23 17:15:00,5,2,23,17,15,950,612.0,CHEMIN DE SAINT DENIS,,,Plein jour,En agglomération,Hors intersection,Neige / grêle,Deux véhicules - frontale,,,,,,,,,,,1,2,1,4,1
200500012027,0005-02-20 09:00:00,5,2,20,9,0,560,21.0,rue abbe le cam,47.798,-3.196,Plein jour,En agglomération,Hors intersection,Temps couvert,Deux véhicules - frontale,,,,,,,,,,,1,2,1,8,1
200500012028,0005-02-05 17:30:00,5,2,5,17,30,560,119.0,,,,Plein jour,Hors agglomération,Hors intersection,Pluie légère,Deux véhicules - côté,,,,,,,,,,,1,1,1,2,3
200500012029,0005-01-18 08:00:00,5,1,18,8,0,420,279.0,,45.499,4.285,Plein jour,Hors agglomération,Hors intersection,Pluie légère,Trois véhicules et plus - collisions multiples,,,,,,,,,,,1,1,1,2,5
200500012030,0005-02-24 10:00:00,5,2,24,10,0,300,11.0,"17, ROCHER RUE DU",,,Plein jour,En agglomération,Intersection en X,Normale,Trois véhicules et plus - en chaîne,,,,,,,,,,,1,2,2,1,4
200500012031,0005-01-10 18:15:00,5,1,10,18,15,350,288.0,BAZILLE FREDERIC (RUE),,,Nuit avec éclairage allumé,En agglomération,Intersection en T,Normale,Deux véhicules - côté,,,,,,,,,,,5,2,3,1,3
200500012032,0005-01-11 06:44:00,5,1,11,6,44,350,288.0,CD168,,,Nuit sans éclairage public,En agglomération,Hors intersection,Pluie légère,Autre collision,,,,,,,,,,,3,2,1,2,6
200500012033,0005-01-12 09:55:00,5,1,12,9,55,350,288.0,"0, MARVILLE (AVENUE DE)",,,Plein jour,En agglomération,Hors intersection,Normale,Deux véhicules - frontale,,,,,,,,,,,1,2,1,1,1
200500012034,0005-01-17 18:13:00,5,1,17,18,13,350,288.0,"28, MARNE (RUE DE LA)",,,Nuit avec éclairage allumé,En agglomération,Hors intersection,Normale,Autre collision,,,,,,,,,,,5,2,1,1,6
200500012035,0005-01-21 10:10:00,5,1,21,10,10,350,288.0,"4, JUHEL MONSEIGNEUR (PL",,,Plein jour,En agglomération,Hors intersection,Normale,Autre collision,,,,,,,,,,,1,2,1,1,6
200500012036,0005-02-11 20:50:00,5,2,11,20,50,350,288.0,RN 137,,,Nuit sans éclairage public,En agglomération,Hors intersection,Pluie légère,Sans collision,,,,,,,,,,,3,2,1,2,7
200500012037,0005-02-07 20:25:00,5,2,7,20,25,590,392.0,ALPHONSE LAMARTINE (BOUL,,,Nuit avec éclairage allumé,En agglomération,Intersection en T,Normale,Deux véhicules - côté,,,,,,,,,,,5,2,3,1,3
200500012038,0005-02-22 17:35:00,5,2,22,17,35,620,65.0,"30, CADRAS FELIX",,,Plein jour,En agglomération,Intersection en T,Pluie légère,Trois véhicules et plus - en chaîne,,,,,,,,,,,1,2,3,2,4
200500012039,0005-02-24 13:40:00,5,2,24,13,40,620,65.0,"06, CADRAS FELIX",,,Plein jour,En agglomération,Hors intersection,Neige / grêle,Autre collision,,,,,,,,,,,1,2,1,4,6
200500012040,0005-01-03 07:55:00,5,1,3,7,55,690,264.0,FERRY JULES  R,,,Plein jour,En agglomération,Hors intersection,Normale,Autre collision,,,,,,,,,,,1,2,1,1,6
200500012041,0005-01-22 22:05:00,5,1,22,22,5,770,332.0,RATEAU (RUELLE),,,Nuit avec éclairage allumé,En agglomération,Hors intersection,Pluie forte,Autre collision,,,,,,,,,,,5,2,1,3,6
200500012042,0005-02-08 17:00:00,5,2,8,17,0,930,10.0,"52, GALLIENI (AV.) DE 1",,,Plein jour,Hors agglomération,Hors intersection,Normale,Deux véhicules - côté,,,,,,,,,,,1,1,1,1,3
200500012043,0005-02-14 13:30:00,5,2,14,13,30,930,57.0,"108, BRIAND ( AV.  ARIST",,,Plein jour,En agglomération,Hors intersection,Normale,Autre collision,,,,,,,,,,,1,2,1,1,6
200500012044,0005-02-14 19:35:00,5,2,14,19,35,930,10.0,VERGER (RUE DU),,,Nuit avec éclairage allumé,En agglomération,Hors intersection,Normale,Deux véhicules - arrière,,,,,,,,,,,5,2,1,1,2
200500012045,0005-02-20 20:30:00,5,2,20,20,30,930,10.0,GALLIENI (AV.) DE 98 A 1,,,Nuit avec éclairage allumé,En agglomération,Hors intersection,Pluie légère,Deux véhicules - arrière,,,,,,,,,,,5,2,1,2,2
200500012046,0005-02-28 13:20:00,5,2,28,13,20,930,10.0,"IGNORE, GALLIENI (AV.) D",,,Plein jour,En agglomération,Intersection en X,Normale,Deux véhicules - côté,,,,,,,,,,,1,2,2,1,3
200500012047,0005-01-06 11:50:00,5,1,6,11,50,930,59.0,"38, MAURICE (RUE)",,,Plein jour,En agglomération,Intersection en X,Normale,Deux véhicules - côté,,,,,,,,,,,1,2,2,1,3
200500012048,0005-01-17 13:40:00,5,1,17,13,40,930,59.0,"57, PASTEUR (BOULEVARD)",,,Plein jour,En agglomération,Hors intersection,Temps couvert,Deux véhicules - arrière,,,,,,,,,,,1,2,1,8,2
200500012049,0005-01-19 23:30:00,5,1,19,23,30,930,59.0,"45, PARMENTIER (RUE) COT",,,Nuit avec éclairage allumé,En agglomération,Hors intersection,Pluie légère,Autre collision,,,,,,,,,,,5,2,1,2,6
200500012050,0005-02-04 08:50:00,5,2,4,8,50,930,72.0,"106, JULES GUESDE (AVENU",,,Plein jour,En agglomération,Intersection en T,Temps couvert,Deux véhicules - côté,,,,,,,,,,,1,2,3,8,3
200500012051,0005-02-14 00:14:00,5,2,14,0,14,930,59.0,"33, JEAN MERMOZ (BOULEVA",,,Nuit avec éclairage allumé,En agglomération,Hors intersection,Pluie forte,Autre collision,,,,,,,,,,,5,2,1,3,6
200500012052,0005-02-14 11:20:00,5,2,14,11,20,930,59.0,"45, LENINE (AVENUE) N°2A",,,Plein jour,En agglomération,Hors intersection,Normale,Deux véhicules - arrière,,,,,,,,,,,1,2,1,1,2
200500012053,0005-02-17 11:00:00,5,2,17,11,0,930,59.0,JEAN MERMOZ (BOULEVARD),,,Plein jour,En agglomération,Intersection en X,Temps couvert,Deux véhicules - côté,,,,,,,,,,,1,2,2,8,3
200500012054,0005-02-17 14:45:00,5,2,17,14,45,930,59.0,JEAN MERMOZ (N°59 AU 185,,,Plein jour,En agglomération,Hors intersection,Normale,Sans collision,,,,,,,,,,,1,2,1,1,7
200500012055,0005-02-28 20:30:00,5,2,28,20,30,930,72.0,", MAXIME GORKI (BOULEVAR",,,Nuit avec éclairage allumé,En agglomération,Intersection en T,Temps couvert,Deux véhicules - côté,,,,,,,,,,,5,2,3,8,3
200500012056,0005-02-04 21:20:00,5,2,4,21,20,940,70.0,PARIS (RTE DE),,,Nuit sans éclairage public,En agglomération,Hors intersection,Normale,Trois véhicules et plus - collisions multiples,,,,,,,,,,,3,2,1,1,5
200500012057,0005-01-13 12:21:00,5,1,13,12,21,940,42.0,A4,,,Plein jour,Hors agglomération,Hors intersection,Normale,Trois véhicules et plus - en chaîne,,,,,,,,,,,1,1,1,1,4
200500012058,0005-01-16 17:30:00,5,1,16,17,30,770,121.0,A104.EXT,,,Crépuscule ou aube,Hors agglomération,Hors intersection,Normale,Deux véhicules - côté,,,,,,,,,,,2,1,1,1,3
200500012059,0005-02-02 22:15:00,5,2,2,22,15,770,373.0,RN406.Y,,,Nuit sans éclairage public,Hors agglomération,Hors intersection,Normale,Autre collision,,,,,,,,,,,3,1,1,1,6
200500012060,0005-01-13 23:25:00,5,1,13,23,25,780,117.0,N286,,,Nuit sans éclairage public,Hors agglomération,Hors intersection,Brouillard / fumée,Autre collision,,,,,,,,,,,3,1,1,5,6
200500012061,0005-01-21 10:30:00,5,1,21,10,30,920,63.0,A86,,,Plein jour,Hors agglomération,Hors intersection,Normale,Sans collision,,,,,,,,,,,1,1,1,1,7
200500012062,0005-01-31 17:24:00,5,1,31,17,24,920,50.0,A86,,,Crépuscule ou aube,Hors agglomération,Hors intersection,Normale,Deux véhicules - côté,,,,,,,,,,,2,1,1,1,3
200500012063,0005-01-11 08:05:00,5,1,11,8,5,780,498.0,A13,,,Crépuscule ou aube,Hors agglomération,Hors intersection,Temps couvert,Deux véhicules - côté,,,,,,,,,,,2,1,1,8,3
200500012064,0005-02-14 08:35:00,5,2,14,8,35,780,466.0,A14,,,Plein jour,Hors agglomération,Hors intersection,Normale,Autre collision,,,,,,,,,,,1,1,1,1,6
200500012065,0005-02-26 17:15:00,5,2,26,17,15,780,291.0,A13,,,Plein jour,Hors agglomération,Hors intersection,Normale,Trois véhicules et plus - collisions multiples,,,,,,,,,,,1,1,1,1,5
200500012066,0005-02-14 13:30:00,5,2,14,13,30,780,362.0,A13,,,Plein jour,Hors agglomération,Hors intersection,Normale,Deux véhicules - arrière,,,,,,,,,,,1,1,1,1,2
200500012067,0005-02-05 02:10:00,5,2,5,2,10,920,36.0,N315W,,,Nuit sans éclairage public,Hors agglomération,Hors intersection,Normale,Deux véhicules - côté,,,,,,,,,,,3,1,1,1,3
200500012068,0005-02-20 18:00:00,5,2,20,18,0,780,133.0,A13,,,Crépuscule ou aube,Hors agglomération,Hors intersection,Neige / grêle,Deux véhicules - arrière,,,,,,,,,,,2,1,1,4,2
200500012069,0005-02-12 21:30:00,5,2,12,21,30,920,64.0,A13,,,Nuit sans éclairage public,Hors agglomération,Hors intersection,Temps couvert,Trois véhicules et plus - collisions multiples,,,,,,,,,,,3,1,1,8,5
200500012070,0005-02-22 03:20:00,5,2,22,3,20,620,548.0,AUTOROUTE A16,,,Nuit avec éclairage allumé,Hors agglomération,Hors intersection,Neige / grêle,Autre collision,,,,,,,,,,,5,1,1,4,6
200500012071,0005-02-26 02:35:00,5,2,26,2,35,690,290.0,A43,,,Nuit avec éclairage allumé,Hors agglomération,Hors intersection,Normale,Deux véhicules - arrière,,,,,,,,,,,5,1,1,1,2
200500012072,0005-03-22 22:30:00,5,3,22,22,30,590,524.0,,50.576,2.886,Nuit sans éclairage public,Hors agglomération,Hors intersection,Normale,Autre collision,,,,,,,,,,,3,1,1,1,6
200500012073,0005-03-11 07:30:00,5,3,11,7,30,590,653.0,Rue Salengro,50.575,2.937,Plein jour,En agglomération,Intersection en T,Normale,Deux véhicules - côté,,,,,,,,,,,1,2,3,1,3
200500012074,0005-03-18 21:15:00,5,3,18,21,15,590,34.0,rue de seclin,50.542,3.079,Nuit avec éclairage allumé,En agglomération,Hors intersection,Normale,Autre collision,,,,,,,,,,,5,2,1,1,6
200500012075,0005-03-21 10:15:00,5,3,21,10,15,590,586.0,rue de peronne,50.537,3.174,Plein jour,En agglomération,Hors intersection,Temps éblouissant,Autre collision,,,,,,,,,,,1,2,1,7,6
200500012076,0005-03-31 23:00:00,5,3,31,23,0,590,586.0,RUE DEMESMAY,50.532,3.169,Nuit avec éclairage allumé,En agglomération,Hors intersection,Normale,Deux véhicules - frontale,,,,,,,,,,,5,2,1,1,1
200500012077,0005-03-17 20:30:00,5,3,17,20,30,590,452.0,RUE CHARLES ST VENANT,,,Nuit avec éclairage allumé,En agglomération,Hors intersection,Normale,Deux véhicules - frontale,,,,,,,,,,,5,2,1,1,1
200500012078,0005-03-20 20:15:00,5,3,20,20,15,590,16.0,rue de Bourbourg,51.004,2.338,Nuit avec éclairage allumé,En agglomération,Hors intersection,Normale,Autre collision,,,,,,,,,,,5,2,1,1,6
200500012079,0005-03-12 12:30:00,5,3,12,12,30,590,130.0,,,,Plein jour,Hors agglomération,Hors intersection,Normale,Deux véhicules - côté,,,,,,,,,,,1,1,1,1,3
200500012080,0005-03-08 13:30:00,5,3,8,13,30,590,605.0,LOTISSEMENT LES GENTIANE,51.02,2.48,Plein jour,En agglomération,Hors intersection,Normale,Deux véhicules - frontale,,,,,,,,,,,1,2,1,1,1
200500012081,0005-03-24 17:30:00,5,3,24,17,30,590,666.0,,50.894,2.403,Plein jour,Hors agglomération,Intersection en X,Normale,Trois véhicules et plus - collisions multiples,,,,,,,,,,,1,1,2,1,5
200500012082,0005-03-30 13:45:00,5,3,30,13,45,590,663.0,,50.908,2.457,Plein jour,Hors agglomération,Hors intersection,Temps éblouissant,Deux véhicules - arrière,,,,,,,,,,,1,1,1,7,2
200500012083,0005-03-01 07:30:00,5,3,1,7,30,590,308.0,,,,Plein jour,Hors agglomération,Intersection en X,Normale,Trois véhicules et plus - collisions multiples,,,,,,,,,,,1,1,2,1,5
200500012084,0005-03-13 18:15:00,5,3,13,18,15,590,401.0,,,,Crépuscule ou aube,Hors agglomération,Hors intersection,Normale,Sans collision,,,,,,,,,,,2,1,1,1,7