accident_id,datetime,annee,mois,jour,heure,minute,departement,commune_insee,adresse,latitude,longitude,luminosite,agglomeration,intersection,meteo,collision,nb_vehicules,nb_usagers,nb_indemnes,nb_tues,nb_blesses_hosp,nb_blesses_legers,age_cond_1,age_cond_2,veh_type_cond_1,veh_type_cond_2,lum_code,agg_code,int_code,atm_code,col_code
200500012085,0005-03-23 20:15:00,5,3,23,20,15,590,401.0,,,,Nuit sans éclairage public,Hors agglomération,Hors intersection,Normale,Deux véhicules - frontale,,,,,,,,,,,3,1,1,1,1
200500012086,0005-03-13 06:00:00,5,3,13,6,0,590,268.0,rue de BETHUNE,50.635,2.702,Crépuscule ou aube,En agglomération,Hors intersection,Temps couvert,Autre collision,,,,,,,,,,,2,2,1,8,6
200500012087,0005-03-05 23:00:00,5,3,5,23,0,590,54.0,,50.771,2.429,Nuit sans éclairage public,Hors agglomération,Hors intersection,Autre,Autre collision,,,,,,,,,,,3,1,1,9,6
200500012088,0005-03-01 07:30:00,5,3,1,7,30,590,602.0,,50.613,3.17,Crépuscule ou aube,Hors agglomération,Hors intersection,Neige / grêle,Sans collision,,,,,,,,,,,2,1,1,4,7
200500012089,0005-03-18 11:00:00,5,3,18,11,0,590,164.0,Chaussée Brunehaut,50.158,3.59,Plein jour,En agglomération,Hors intersection,Normale,Trois véhicules et plus - collisions multiples,,,,,,,,,,,1,2,1,1,5
200500012090,0005-03-27 18:45:00,5,3,27,18,45,590,382.0,43 rue de la République,,,Plein jour,En agglomération,Hors intersection,Normale,Autre collision,,,,,,,,,,,1,2,1,1,6
200500012091,0005-03-18 12:30:00,5,3,18,12,30,590,269.0,,,,Plein jour,Hors agglomération,Hors intersection,Normale,Deux véhicules - côté,,,,,,,,,,,1,1,1,1,3
200500012092,0005-03-23 09:15:00,5,3,23,9,15,590,449.0,,,,Plein jour,Hors agglomération,Hors intersection,Temps éblouissant,Deux véhicules - côté,,,,,,,,,,,1,1,1,7,3
200500012093,0005-03-28 17:30:00,5,3,28,17,30,590,449.0,RUE JULES RIEUX,50.485,3.246,Plein jour,En agglomération,Hors intersection,Normale,Deux véhicules - côté,,,,,,,,,,,1,2,1,1,3
200500012094,0005-03-13 15:15:00,5,3,13,15,15,590,315.0,,50.314,3.784,Plein jour,Hors agglomération,Hors intersection,Normale,Autre collision,,,,,,,,,,,1,1,1,1,6
200500012095,0005-03-03 19:30:00,5,3,3,19,30,620,122.0,,50.126,2.945,Nuit sans éclairage public,Hors agglomération,Hors intersection,Neige / grêle,Deux véhicules - frontale,,,,,,,,,,,3,1,1,4,1
200500012096,0005-03-12 22:30:00,5,3,12,22,30,620,213.0,,50.385,2.718,Nuit sans éclairage public,Hors agglomération,Hors intersection,Normale,Deux véhicules - côté,,,,,,,,,,,3,1,1,1,3
200500012097,0005-03-25 13:00:00,5,3,25,13,0,620,589.0,,,,Plein jour,Hors agglomération,Hors intersection,Normale,Deux véhicules - côté,,,,,,,,,,,1,1,1,1,3
200500012098,0005-03-31 07:30:00,5,3,31,7,30,620,491.0,,50.6,2.781,Plein jour,Hors agglomération,Hors intersection,Normale,Deux véhicules - côté,,,,,,,,,,,1,1,1,1,3
200500012099,0005-03-21 07:45:00,5,3,21,7,45,620,560.0,CD 241 - AVENUE FERBER,,,Plein jour,En agglomération,Hors intersection,Temps éblouissant,Deux véhicules - côté,,,,,,,,,,,1,2,1,7,3
200500012100,0005-03-11 14:00:00,5,3,11,14,0,620,548.0,,,,Plein jour,Hors agglomération,Hors intersection,Normale,Deux véhicules - arrière,,,,,,,,,,,1,1,1,1,2
200500012101,0005-03-17 12:45:00,5,3,17,12,45,620,548.0,CD 119,50.968,1.94,Plein jour,En agglomération,Hors intersection,Temps couvert,Autre collision,,,,,,,,,,,1,2,1,8,6
200500012102,0005-03-24 20:00:00,5,3,24,20,0,620,443.0,Boulevard Castelnau,,,Crépuscule ou aube,En agglomération,Hors intersection,Normale,Sans collision,,,,,,,,,,,2,2,1,1,7
200500012103,0005-03-25 14:30:00,5,3,25,14,30,620,364.0,,50.514,2.133,Plein jour,En agglomération,Autre intersection,Normale,Deux véhicules - frontale,,,,,,,,,,,1,2,9,1,1
200500012104,0005-03-26 12:00:00,5,3,26,12,0,620,256.0,,50.473,2.218,Plein jour,Hors agglomération,Autre intersection,Normale,Deux véhicules - frontale,,,,,,,,,,,1,1,9,1,1
200500012105,0005-03-13 16:00:00,5,3,13,16,0,620,549.0,,50.37,2.035,Plein jour,Hors agglomération,Hors intersection,Normale,Deux véhicules - arrière,,,,,,,,,,,1,1,1,1,2
200500012106,0005-03-18 00:01:00,5,3,18,0,1,620,261.0,780 av de la liberation,50.481,1.621,Nuit avec éclairage allumé,En agglomération,Hors intersection,Pluie légère,Autre collision,,,,,,,,,,,5,2,1,2,6
200500012107,0005-03-19 16:45:00,5,3,19,16,45,620,811.0,,50.646,2.262,Plein jour,Hors agglomération,Hors intersection,Normale,Deux véhicules - frontale,,,,,,,,,,,1,1,1,1,1
200500012108,0005-03-30 13:30:00,5,3,30,13,30,620,14.0,,,,Plein jour,Hors agglomération,Hors intersection,Temps couvert,Deux véhicules - côté,,,,,,,,,,,1,1,1,8,3
200500012109,0005-03-31 10:15:00,5,3,31,10,15,620,618.0,,50.821,2.082,Plein jour,En agglomération,Hors intersection,Normale,Deux véhicules - côté,,,,,,,,,,,1,2,1,1,3
200500012110,0005-03-14 10:15:00,5,3,14,10,15,620,229.0,,50.675,2.195,Crépuscule ou aube,Hors agglomération,Hors intersection,Normale,Deux véhicules - frontale,,,,,,,,,,,2,1,1,1,1
200500012111,0005-03-26 13:00:00,5,3,26,13,0,620,295.0,RUE DES TEMPLIERS,50.584,2.303,Plein jour,En agglomération,Hors intersection,Normale,Deux véhicules - frontale,,,,,,,,,,,1,2,1,1,1
200500012112,0005-03-02 04:15:00,5,3,2,4,15,620,415.0,,50.341,2.622,Nuit sans éclairage public,Hors agglomération,Hors intersection,Neige / grêle,Sans collision,,,,,,,,,,,3,1,1,4,7
200500012113,0005-03-16 16:45:00,5,3,16,16,45,620,50.0,Rue du Parquet Sombret,50.404,2.098,Plein jour,En agglomération,Hors intersection,Normale,Deux véhicules - côté,,,,,,,,,,,1,2,1,1,3
200500012114,0005-03-19 14:00:00,5,3,19,14,0,800,622.0,,49.951,2.136,Plein jour,Hors agglomération,Hors intersection,Normale,Deux véhicules - côté,,,,,,,,,,,1,1,1,1,3
200500012115,0005-03-15 20:00:00,5,3,15,20,0,800,262.0,,,,Nuit sans éclairage public,Hors agglomération,Passage à niveau,Normale,Deux véhicules - frontale,,,,,,,,,,,3,1,8,1,1
200500012116,0005-03-20 16:30:00,5,3,20,16,30,800,588.0,,,,Plein jour,Hors agglomération,Hors intersection,Normale,Deux véhicules - côté,,,,,,,,,,,1,1,1,1,3
200500012117,0005-03-23 18:30:00,5,3,23,18,30,800,574.0,,,,Plein jour,Hors agglomération,Hors intersection,Normale,Deux véhicules - frontale,,,,,,,,,,,1,1,1,1,1
200500012118,0005-03-03 17:30:00,5,3,3,17,30,800,63.0,,50.032,1.512,Crépuscule ou aube,Hors agglomération,Hors intersection,Neige / grêle,Deux véhicules - frontale,,,,,,,,,,,2,1,1,4,1
200500012119,0005-03-11 20:15:00,5,3,11,20,15,800,527.0,RUE EMILE GRANDSART,,,Nuit avec éclairage allumé,En agglomération,Hors intersection,Normale,Deux véhicules - arrière,,,,,,,,,,,5,2,1,1,2
200500012120,0005-03-14 07:30:00,5,3,14,7,30,800,373.0,RUE CHARLES DE GAULLE,,,Plein jour,En agglomération,Hors intersection,Normale,Deux véhicules - côté,,,,,,,,,,,1,2,1,1,3
200500012121,0005-03-16 19:00:00,5,3,16,19,0,800,760.0,rue des Tilleuls,,,Plein jour,En agglomération,Hors intersection,Normale,Deux véhicules - frontale,,,,,,,,,,,1,2,1,1,1
200500012122,0005-03-05 22:00:00,5,3,5,22,0,800,248.0,CD111/CD119 RAPECHY,,,Nuit sans éclairage public,En agglomération,Intersection en T,Normale,Deux véhicules - frontale,,,,,,,,,,,3,2,3,1,1
200500012123,0005-03-22 15:15:00,5,3,22,15,15,800,618.0,,,,Plein jour,Hors agglomération,Hors intersection,Normale,Deux véhicules - côté,,,,,,,,,,,1,1,1,1,3
200500012124,0005-03-18 10:30:00,5,3,18,10,30,800,253.0,,,,Plein jour,Hors agglomération,Hors intersection,Temps couvert,Deux véhicules - côté,,,,,,,,,,,1,1,1,8,3
200500012125,0005-03-04 10:00:00,5,3,4,10,0,800,318.0,,50.003,2.102,Plein jour,Hors agglomération,Hors intersection,Neige / grêle,Deux véhicules - frontale,,,,,,,,,,,1,1,1,4,1
200500012126,0005-03-13 16:30:00,5,3,13,16,30,800,318.0,"RN1, Rue Courbet",,,Plein jour,En agglomération,Hors intersection,Normale,Deux véhicules - frontale,,,,,,,,,,,1,2,1,1,1
200500012127,0005-03-24 17:00:00,5,3,24,17,0,800,168.0,rue de DOULLENS,50.112,2.264,Plein jour,En agglomération,Hors intersection,Normale,Autre collision,,,,,,,,,,,1,2,1,1,6
200500012128,0005-03-27 22:30:00,5,3,27,22,30,800,835.0,,,,Nuit sans éclairage public,Hors agglomération,Hors intersection,Pluie forte,Sans collision,,,,,,,,,,,3,1,1,3,7
200500012129,0005-03-23 17:30:00,5,3,23,17,30,800,302.0,,,,Plein jour,Hors agglomération,Hors intersection,Normale,Deux véhicules - arrière,,,,,,,,,,,1,1,1,1,2
200500012130,0005-03-23 18:15:00,5,3,23,18,15,800,685.0,,,,Plein jour,Hors agglomération,Hors intersection,Normale,Sans collision,,,,,,,,,,,1,1,1,1,7
200500012131,0005-03-03 20:15:00,5,3,3,20,15,800,376.0,,,,Nuit sans éclairage public,Hors agglomération,Hors intersection,Autre,Autre collision,,,,,,,,,,,3,1,1,9,6
200500012132,0005-03-16 15:15:00,5,3,16,15,15,800,570.0,Place Malterre,,,Plein jour,En agglomération,Hors intersection,Normale,Autre collision,,,,,,,,,,,1,2,1,1,6
200500012133,0005-03-27 18:30:00,5,3,27,18,30,800,570.0,Rue Descartes,,,Plein jour,En agglomération,Hors intersection,Normale,Deux véhicules - frontale,,,,,,,,,,,1,2,1,1,1
200500012134,0005-03-03 11:30:00,5,3,3,11,30,800,231.0,,,,Plein jour,Hors agglomération,Hors intersection,Neige / grêle,Autre collision,,,,,,,,,,,1,1,1,4,6
200500012135,0005-03-10 16:30:00,5,3,10,16,30,800,240.0,,,,Nuit sans éclairage public,Hors agglomération,Intersection en X,Pluie légère,Deux véhicules - frontale,,,,,,,,,,,3,1,2,2,1
200500012136,0005-03-17 18:45:00,5,3,17,18,45,800,16.0,,50.012,2.665,Plein jour,En agglomération,Hors intersection,Normale,Deux véhicules - côté,,,,,,,,,,,1,2,1,1,3
200500012137,0005-03-23 06:15:00,5,3,23,6,15,800,295.0,,49.94,2.68,Crépuscule ou aube,Hors agglomération,Intersection en X,Normale,Deux véhicules - frontale,,,,,,,,,,,2,1,2,1,1
200500012138,0005-03-31 09:45:00,5,3,31,9,45,800,58.0,,,,Plein jour,Hors agglomération,Hors intersection,Normale,Deux véhicules - arrière,,,,,,,,,,,1,1,1,1,2
200500012139,0005-03-29 09:00:00,5,3,29,9,0,800,638.0,,49.801,2.91,Plein jour,Hors agglomération,Intersection en X,Normale,Deux véhicules - côté,,,,,,,,,,,1,1,2,1,3
200500012140,0005-03-13 09:15:00,5,3,13,9,15,20,128.0,,,,Plein jour,Hors agglomération,Intersection en X,Normale,Deux véhicules - côté,,,,,,,,,,,1,1,2,1,3
200500012141,0005-03-12 17:30:00,5,3,12,17,30,20,827.0,,49.703,3.715,Plein jour,Hors agglomération,Intersection en X,Temps couvert,Trois véhicules et plus - collisions multiples,,,,,,,,,,,1,1,2,8,5
200500012142,0005-03-23 18:00:00,5,3,23,18,0,20,180.0,,,,Plein jour,Hors agglomération,Hors intersection,Normale,Sans collision,,,,,,,,,,,1,1,1,1,7
200500012143,0005-03-23 15:00:00,5,3,23,15,0,20,81.0,,49.63,3.15,Plein jour,En agglomération,Intersection en X,Normale,Deux véhicules - côté,,,,,,,,,,,1,2,2,1,3
200500012144,0005-03-23 18:45:00,5,3,23,18,45,20,173.0,BOULEVARD GAMBETTA,49.61,3.22,Plein jour,En agglomération,Hors intersection,Normale,Deux véhicules - côté,,,,,,,,,,,1,2,1,1,3
200500012145,0005-03-12 06:00:00,5,3,12,6,0,20,217.0,,,,Nuit sans éclairage public,Hors agglomération,Hors intersection,Temps couvert,Deux véhicules - arrière,,,,,,,,,,,3,1,1,8,2
200500012146,0005-03-18 07:30:00,5,3,18,7,30,20,93.0,,,,Crépuscule ou aube,Hors agglomération,Hors intersection,Brouillard / fumée,Deux véhicules - frontale,,,,,,,,,,,2,1,1,5,1
200500012147,0005-03-26 12:15:00,5,3,26,12,15,20,33.0,,,,Plein jour,Hors agglomération,Hors intersection,Normale,Deux véhicules - arrière,,,,,,,,,,,1,1,1,1,2
200500012148,0005-03-27 15:30:00,5,3,27,15,30,20,430.0,10 RUE ABBE DUPLOYE,49.614,3.806,Plein jour,En agglomération,Hors intersection,Normale,Deux véhicules - frontale,,,,,,,,,,,1,2,1,1,1
200500012149,0005-03-27 21:30:00,5,3,27,21,30,20,676.0,21 RUE DU MONUMENT,49.52,3.843,Nuit avec éclairage allumé,En agglomération,Hors intersection,Pluie légère,Autre collision,,,,,,,,,,,5,2,1,2,6
200500012150,0005-03-27 14:30:00,5,3,27,14,30,20,697.0,,49.588,3.727,Plein jour,Hors agglomération,Hors intersection,Temps couvert,Deux véhicules - frontale,,,,,,,,,,,1,1,1,8,1
200500012151,0005-03-13 07:30:00,5,3,13,7,30,20,794.0,,,,Crépuscule ou aube,Hors agglomération,Hors intersection,Normale,Autre collision,,,,,,,,,,,2,1,1,1,6
200500012152,0005-03-03 07:00:00,5,3,3,7,0,20,57.0,,49.994,3.332,Crépuscule ou aube,Hors agglomération,Hors intersection,Neige / grêle,Deux véhicules - frontale,,,,,,,,,,,2,1,1,4,1
200500012153,0005-03-23 18:00:00,5,3,23,18,0,20,721.0,,49.816,3.425,Plein jour,Hors agglomération,Hors intersection,Normale,Deux véhicules - frontale,,,,,,,,,,,1,1,1,1,1
200500012154,0005-03-09 14:15:00,5,3,9,14,15,20,245.0,,49.402,3.327,Plein jour,En agglomération,Giratoire,Normale,Deux véhicules - côté,,,,,,,,,,,1,2,6,1,3
200500012155,0005-03-30 08:30:00,5,3,30,8,30,20,770.0,,49.36,3.3,Plein jour,Hors agglomération,Hors intersection,Pluie forte,Deux véhicules - côté,,,,,,,,,,,1,1,1,3,3
200500012156,0005-03-24 15:00:00,5,3,24,15,0,20,620.0,20 URE DU BOIS MORIN,49.401,3.513,Plein jour,En agglomération,Autre intersection,Pluie légère,Autre collision,,,,,,,,,,,1,2,9,2,6
200500012157,0005-03-28 17:15:00,5,3,28,17,15,20,174.0,RUE ST PIERRE,49.48,3.51,Plein jour,En agglomération,Hors intersection,Normale,Autre collision,,,,,,,,,,,1,2,1,1,6
200500012158,0005-03-02 07:30:00,5,3,2,7,30,20,810.0,,49.27,3.13,Plein jour,Hors agglomération,Hors intersection,Neige / grêle,Deux véhicules - frontale,,,,,,,,,,,1,1,1,4,1
200500012159,0005-03-04 17:15:00,5,3,4,17,15,20,810.0,rue du general mangin,49.256,3.089,Plein jour,En agglomération,Hors intersection,Normale,Deux véhicules - frontale,,,,,,,,,,,1,2,1,1,1
200500012160,0005-03-15 19:45:00,5,3,15,19,45,20,368.0,,,,Nuit sans éclairage public,Hors agglomération,Hors intersection,Normale,Deux véhicules - frontale,,,,,,,,,,,3,1,1,1,1
200500012161,0005-03-26 16:45:00,5,3,26,16,45,20,441.0,,49.24,3.24,Plein jour,Hors agglomération,Hors intersection,Pluie forte,Autre collision,,,,,,,,,,,1,1,1,3,6
200500012162,0005-03-19 09:00:00,5,3,19,9,0,20,354.0,,,,Plein jour,Hors agglomération,Hors intersection,Brouillard / fumée,Deux véhicules - frontale,,,,,,,,,,,1,1,1,5,1
200500012163,0005-03-19 22:00:00,5,3,19,22,0,20,666.0,,49.724,4.143,Nuit sans éclairage public,Hors agglomération,Hors intersection,Normale,Deux véhicules - arrière,,,,,,,,,,,3,1,1,1,2
200500012164,0005-03-12 06:15:00,5,3,12,6,15,20,361.0,,,,Crépuscule ou aube,Hors agglomération,Hors intersection,Normale,Autre collision,,,,,,,,,,,2,1,1,1,6
200500012165,0005-03-19 19:30:00,5,3,19,19,30,20,422.0,,49.935,3.632,Nuit sans éclairage public,Hors agglomération,Hors intersection,Normale,Sans collision,,,,,,,,,,,3,1,1,1,7
200500012166,0005-03-23 07:45:00,5,3,23,7,45,20,574.0,,49.888,4.026,Plein jour,Hors agglomération,Hors intersection,Normale,Autre collision,,,,,,,,,,,1,1,1,1,6
200500012167,0005-03-10 20:45:00,5,3,10,20,45,600,277.0,,49.424,2.009,Nuit sans éclairage public,Hors agglomération,Giratoire,Normale,Sans collision,,,,,,,,,,,3,1,6,1,7
200500012168,0005-03-30 12:15:00,5,3,30,12,15,600,9.0,,49.401,2.108,Plein jour,Hors agglomération,Hors intersection,Normale,Autre collision,,,,,,,,,,,1,1,1,1,6
200500012169,0005-03-21 12:15:00,5,3,21,12,15,600,639.0,,49.467,2.102,Plein jour,Hors agglomération,Autre intersection,Normale,Deux véhicules - côté,,,,,,,,,,,1,1,9,1,3
200500012170,0005-03-11 05:45:00,5,3,11,5,45,600,143.0,,49.279,1.863,Nuit sans éclairage public,Hors agglomération,Hors intersection,Normale,Autre collision,,,,,,,,,,,3,1,1,1,6
200500012171,0005-03-18 15:30:00,5,3,18,15,30,600,420.0,,49.212,1.808,Plein jour,Hors agglomération,Intersection en X,Normale,Deux véhicules - frontale,,,,,,,,,,,1,1,2,1,1
200500012172,0005-03-01 12:00:00,5,3,1,12,0,600,602.0,ROUTE DE HARDONSEILLE,49.73,1.73,Plein jour,En agglomération,Hors intersection,Neige / grêle,Autre collision,,,,,,,,,,,1,2,1,4,6
200500012173,0005-03-21 15:00:00,5,3,21,15,0,600,521.0,,,,Plein jour,Hors agglomération,Hors intersection,Normale,Sans collision,,,,,,,,,,,1,1,1,1,7
200500012174,0005-03-03 19:45:00,5,3,3,19,45,600,18.0,,,,Nuit sans éclairage public,Hors agglomération,Hors intersection,Neige / grêle,Deux véhicules - frontale,,,,,,,,,,,3,1,1,4,1
200500012175,0005-03-11 07:45:00,5,3,11,7,45,600,2.0,ABBECOURT,49.37,2.162,Plein jour,En agglomération,Giratoire,Normale,Sans collision,,,,,,,,,,,1,2,6,1,7
200500012176,0005-03-04 17:00:00,5,3,4,17,0,600,104.0,,,,Plein jour,En agglomération,Hors intersection,Neige / grêle,Autre collision,,,,,,,,,,,1,2,1,4,6
200500012177,0005-03-07 08:00:00,5,3,7,8,0,600,82.0,,49.678,2.25,Plein jour,Hors agglomération,Hors intersection,Normale,Deux véhicules - frontale,,,,,,,,,,,1,1,1,1,1
200500012178,0005-03-08 08:15:00,5,3,8,8,15,600,342.0,,,,Plein jour,Hors agglomération,Hors intersection,Normale,Trois véhicules et plus - en chaîne,,,,,,,,,,,1,1,1,1,4
200500012179,0005-03-23 14:00:00,5,3,23,14,0,600,116.0,Rue Jean Jaurès,49.308,2.347,Plein jour,En agglomération,Hors intersection,Normale,Trois véhicules et plus - collisions multiples,,,,,,,,,,,1,2,1,1,5
200500012180,0005-03-15 09:00:00,5,3,15,9,0,600,581.0,RUE DE PARIS,49.511,2.435,Plein jour,En agglomération,Hors intersection,Normale,Sans collision,,,,,,,,,,,1,2,1,1,7
200500012181,0005-03-02 14:30:00,5,3,2,14,30,600,641.0,,,,Plein jour,Hors agglomération,Hors intersection,Neige / grêle,Autre collision,,,,,,,,,,,1,1,1,4,6
200500012182,0005-03-11 09:00:00,5,3,11,9,0,600,423.0,Rue du Maréchal JOFFRE,,,Plein jour,En agglomération,Hors intersection,Normale,Deux véhicules - côté,,,,,,,,,,,1,2,1,1,3
200500012183,0005-03-18 08:15:00,5,3,18,8,15,600,492.0,,49.516,2.94,Crépuscule ou aube,Hors agglomération,Hors intersection,Brouillard / fumée,Autre collision,,,,,,,,,,,2,1,1,5,6
200500012184,0005-03-16 15:45:00,5,3,16,15,45,600,325.0,ZAC DU CAMP DU ROY,,,Plein jour,En agglomération,Hors intersection,Normale,Deux véhicules - frontale,,,,,,,,,,,1,2,1,1,1
200500012185,0005-03-16 07:00:00,5,3,16,7,0,600,223.0,,49.431,2.638,Plein jour,En agglomération,Hors intersection,Normale,Deux véhicules - frontale,,,,,,,,,,,1,2,1,1,1
200500012186,0005-03-25 08:30:00,5,3,25,8,30,600,408.0,,,,Plein jour,Hors agglomération,Hors intersection,Brouillard / fumée,Trois véhicules et plus - en chaîne,,,,,,,,,,,1,1,1,5,4
200500012187,0005-03-12 11:30:00,5,3,12,11,30,600,471.0,RUE D ORROIRE,,,Plein jour,En agglomération,Hors intersection,Normale,Deux véhicules - côté,,,,,,,,,,,1,2,1,1,3
200500012188,0005-03-21 19:45:00,5,3,21,19,45,600,443.0,,49.646,3.023,Nuit sans éclairage public,Hors agglomération,Hors intersection,Normale,Sans collision,,,,,,,,,,,3,1,1,1,7
200500012189,0005-03-23 09:15:00,5,3,23,9,15,600,471.0,BOULEVARD CARNOT,49.587,3.005,Plein jour,En agglomération,Giratoire,Normale,Autre collision,,,,,,,,,,,1,2,6,1,6
200500012190,0005-03-26 12:30:00,5,3,26,12,30,600,471.0,AVENUE DE LA GARE,,,Plein jour,En agglomération,Hors intersection,Normale,Deux véhicules - côté,,,,,,,,,,,1,2,1,1,3
200500012191,0005-03-16 03:30:00,5,3,16,3,30,600,138.0,,,,Nuit sans éclairage public,Hors agglomération,Intersection en X,Normale,Autre collision,,,,,,,,,,,3,1,2,1,6
200500012192,0005-03-18 06:15:00,5,3,18,6,15,600,682.0,,,,Nuit sans éclairage public,Hors agglomération,Intersection en X,Brouillard / fumée,Deux véhicules - frontale,,,,,,,,,,,3,1,2,5,1
200500012193,0005-03-01 10:00:00,5,3,1,10,0,600,380.0,,,,Plein jour,Hors agglomération,Hors intersection,Temps couvert,Deux véhicules - frontale,,,,,,,,,,,1,1,1,8,1
200500012194,0005-03-08 13:15:00,5,3,8,13,15,600,141.0,rue d'orgemont,,,Plein jour,En agglomération,Hors intersection,Normale,Autre collision,,,,,,,,,,,1,2,1,1,6
200500012195,0005-03-09 00:45:00,5,3,9,0,45,600,346.0,RN 16 -,49.161,2.446,Nuit avec éclairage allumé,En agglomération,Hors intersection,Normale,Sans collision,,,,,,,,,,,5,2,1,1,7
200500012196,0005-03-31 20:30:00,5,3,31,20,30,600,141.0,,49.182,2.497,Crépuscule ou aube,Hors agglomération,Hors intersection,Normale,Autre collision,,,,,,,,,,,2,1,1,1,6
200500012197,0005-03-16 15:00:00,5,3,16,15,0,600,175.0,,,,Plein jour,Hors agglomération,Hors intersection,Temps éblouissant,Deux véhicules - côté,,,,,,,,,,,1,1,1,7,3
200500012198,0005-03-28 17:00:00,5,3,28,17,0,600,446.0,Rue de la Croix Verte,,,Plein jour,En agglomération,Hors intersection,Normale,Deux véhicules - frontale,,,,,,,,,,,1,2,1,1,1
200500012199,0005-03-18 12:15:00,5,3,18,12,15,760,503.0,,49.54,1.02,Plein jour,Hors agglomération,Intersection en X,Normale,Deux véhicules - côté,,,,,,,,,,,1,1,2,1,3
200500012200,0005-03-20 04:30:00,5,3,20,4,30,760,367.0,,49.512,1.085,Nuit sans éclairage public,Hors agglomération,Hors intersection,Normale,Sans collision,,,,,,,,,,,3,1,1,1,7
200500012201,0005-03-03 20:30:00,5,3,3,20,30,760,377.0,,49.519,1.141,Nuit sans éclairage public,Hors agglomération,Hors intersection,Neige / grêle,Deux véhicules - frontale,,,,,,,,,,,3,1,1,4,1
200500012202,0005-03-15 14:45:00,5,3,15,14,45,760,179.0,,49.6,1.11,Plein jour,Hors agglomération,Hors intersection,Normale,Sans collision,,,,,,,,,,,1,1,1,1,7
200500012203,0005-03-31 16:00:00,5,3,31,16,0,760,624.0,rue édouard cannevel,,,Plein jour,En agglomération,Hors intersection,Normale,Deux véhicules - côté,,,,,,,,,,,1,2,1,1,3
200500012204,0005-03-04 08:45:00,5,3,4,8,45,760,51.0,route de Pierreville,,,Plein jour,En agglomération,Hors intersection,Normale,Deux véhicules - côté,,,,,,,,,,,1,2,1,1,3
200500012205,0005-03-13 18:15:00,5,3,13,18,15,760,492.0,CD54,,,Plein jour,En agglomération,Hors intersection,Normale,Deux véhicules - côté,,,,,,,,,,,1,2,1,1,3
200500012206,0005-03-12 18:00:00,5,3,12,18,0,760,116.0,,49.39,1.239,Crépuscule ou aube,Hors agglomération,Hors intersection,Normale,Autre collision,,,,,,,,,,,2,1,1,1,6
200500012207,0005-03-12 18:45:00,5,3,12,18,45,760,558.0,,49.381,1.161,Crépuscule ou aube,Hors agglomération,Hors intersection,Normale,Autre collision,,,,,,,,,,,2,1,1,1,6
200500012208,0005-03-24 10:45:00,5,3,24,10,45,760,39.0,,,,Plein jour,Hors agglomération,Hors intersection,Pluie légère,Deux véhicules - côté,,,,,,,,,,,1,1,1,2,3
200500012209,0005-03-27 13:00:00,5,3,27,13,0,760,213.0,,,,Plein jour,Hors agglomération,Hors intersection,Pluie légère,Sans collision,,,,,,,,,,,1,1,1,2,7
200500012210,0005-03-19 08:30:00,5,3,19,8,30,760,238.0,,,,Crépuscule ou aube,Hors agglomération,Giratoire,Brouillard / fumée,Deux véhicules - arrière,,,,,,,,,,,2,1,6,5,2
200500012211,0005-03-20 17:00:00,5,3,20,17,0,760,592.0,,,,Plein jour,Hors agglomération,Hors intersection,Normale,Deux véhicules - côté,,,,,,,,,,,1,1,1,1,3
200500012212,0005-03-06 16:30:00,5,3,6,16,30,760,421.0,,,,Plein jour,Hors agglomération,Hors intersection,Normale,Autre collision,,,,,,,,,,,1,1,1,1,6
200500012213,0005-03-12 17:15:00,5,3,12,17,15,760,710.0,,,,Plein jour,Hors agglomération,Hors intersection,Normale,Deux véhicules - côté,,,,,,,,,,,1,1,1,1,3
200500012214,0005-03-22 18:00:00,5,3,22,18,0,760,592.0,,49.511,0.513,Plein jour,Hors agglomération,Hors intersection,Normale,Deux véhicules - arrière,,,,,,,,,,,1,1,1,1,2
200500012215,0005-03-10 19:30:00,5,3,10,19,30,760,303.0,,,,Nuit sans éclairage public,Hors agglomération,Hors intersection,Normale,Deux véhicules - frontale,,,,,,,,,,,3,1,1,1,1
200500012216,0005-03-20 17:15:00,5,3,20,17,15,760,658.0,,,,Plein jour,Hors agglomération,Hors intersection,Normale,Sans collision,,,,,,,,,,,1,1,1,1,7
200500012217,0005-03-15 07:15:00,5,3,15,7,15,760,462.0,carrefour de la libérati,49.735,1.44,Plein jour,En agglomération,Hors intersection,Normale,Deux véhicules - côté,,,,,,,,,,,1,2,1,1,3
200500012218,0005-03-19 16:15:00,5,3,19,16,15,760,516.0,Route de Neufchâtel,49.738,1.427,Plein jour,En agglomération,Hors intersection,Normale,Deux véhicules - arrière,,,,,,,,,,,1,2,1,1,2
200500012219,0005-03-17 15:00:00,5,3,17,15,0,760,520.0,,49.865,1.609,Plein jour,Hors agglomération,Autre intersection,Normale,Sans collision,,,,,,,,,,,1,1,9,1,7