accident_id,datetime,annee,mois,jour,heure,minute,departement,commune_insee,adresse,latitude,longitude,luminosite,agglomeration,intersection,meteo,collision,nb_vehicules,nb_usagers,nb_indemnes,nb_tues,nb_blesses_hosp,nb_blesses_legers,age_cond_1,age_cond_2,veh_type_cond_1,veh_type_cond_2,lum_code,agg_code,int_code,atm_code,col_code
200500012220,0005-03-28 01:45:00,5,3,28,1,45,760,101.0,,49.9,1.6,Nuit sans éclairage public,Hors agglomération,Hors intersection,Normale,Autre collision,,,,,,,,,,,3,1,1,1,6
200500012221,0005-03-14 14:45:00,5,3,14,14,45,760,312.0,Route de Rouen,49.489,1.701,Plein jour,En agglomération,Hors intersection,Normale,Deux véhicules - frontale,,,,,,,,,,,1,2,1,1,1
200500012222,0005-03-26 04:30:00,5,3,26,4,30,760,718.0,,,,Nuit sans éclairage public,Hors agglomération,Giratoire,Normale,Autre collision,,,,,,,,,,,3,1,6,1,6
200500012223,0005-03-25 12:45:00,5,3,25,12,45,760,57.0,RUE PIERRE ET MARIE CURI,49.544,0.953,Plein jour,En agglomération,Hors intersection,Normale,Sans collision,,,,,,,,,,,1,2,1,1,7
200500012224,0005-03-25 07:00:00,5,3,25,7,0,760,241.0,,49.815,0.789,Plein jour,Hors agglomération,Intersection en X,Normale,Deux véhicules - frontale,,,,,,,,,,,1,1,2,1,1
200500012225,0005-03-18 18:15:00,5,3,18,18,15,760,219.0,RUE PIERRE LAMOTTE,49.722,0.789,Plein jour,En agglomération,Hors intersection,Brouillard / fumée,Deux véhicules - côté,,,,,,,,,,,1,2,1,5,3
200500012226,0005-03-30 13:15:00,5,3,30,13,15,760,198.0,RUES LEMIRE ET ANGRAND,49.688,0.848,Plein jour,En agglomération,Intersection en X,Normale,Deux véhicules - frontale,,,,,,,,,,,1,2,2,1,1
200500012227,0005-03-06 08:00:00,5,3,6,8,0,270,306.0,,,,Plein jour,Hors agglomération,Hors intersection,Autre,Autre collision,,,,,,,,,,,1,1,1,9,6
200500012228,0005-03-04 23:30:00,5,3,4,23,30,270,165.0,,,,Nuit sans éclairage public,Hors agglomération,Hors intersection,Neige / grêle,Autre collision,,,,,,,,,,,3,1,1,4,6
200500012229,0005-03-09 08:00:00,5,3,9,8,0,270,684.0,,,,Plein jour,Hors agglomération,Hors intersection,Normale,Trois véhicules et plus - collisions multiples,,,,,,,,,,,1,1,1,1,5
200500012230,0005-03-21 18:00:00,5,3,21,18,0,270,618.0,,48.973,0.818,Plein jour,Hors agglomération,Hors intersection,Normale,Deux véhicules - côté,,,,,,,,,,,1,1,1,1,3
200500012231,0005-03-22 14:00:00,5,3,22,14,0,270,650.0,,49.089,0.986,Plein jour,Hors agglomération,Hors intersection,Normale,Deux véhicules - côté,,,,,,,,,,,1,1,1,1,3
200500012232,0005-03-09 16:45:00,5,3,9,16,45,270,172.0,ROUTE DE POMMEREUIL,,,Plein jour,En agglomération,Hors intersection,Normale,Deux véhicules - côté,,,,,,,,,,,1,2,1,1,3
200500012233,0005-03-10 19:00:00,5,3,10,19,0,270,406.0,,,,Crépuscule ou aube,Hors agglomération,Hors intersection,Temps couvert,Sans collision,,,,,,,,,,,2,1,1,8,7
200500012234,0005-03-20 19:30:00,5,3,20,19,30,270,507.0,,,,Nuit avec éclairage allumé,Hors agglomération,Hors intersection,Normale,Autre collision,,,,,,,,,,,5,1,1,1,6
200500012235,0005-03-20 12:30:00,5,3,20,12,30,270,448.0,rond point patte d oie,49.018,1.387,Plein jour,En agglomération,Giratoire,Normale,Deux véhicules - frontale,,,,,,,,,,,1,2,6,1,1
200500012236,0005-03-07 14:45:00,5,3,7,14,45,270,679.0,,48.738,0.935,Plein jour,Hors agglomération,Hors intersection,Normale,Deux véhicules - frontale,,,,,,,,,,,1,1,1,1,1
200500012237,0005-03-11 09:15:00,5,3,11,9,15,270,112.0,RUE DU DOCTEUR BRIERE,48.841,0.915,Plein jour,En agglomération,Hors intersection,Normale,Autre collision,,,,,,,,,,,1,2,1,1,6
200500012238,0005-03-12 20:45:00,5,3,12,20,45,270,679.0,,48.743,0.914,Nuit avec éclairage allumé,Hors agglomération,Hors intersection,Normale,Deux véhicules - frontale,,,,,,,,,,,5,1,1,1,1
200500012239,0005-03-23 18:00:00,5,3,23,18,0,270,502.0,,48.82,0.71,Plein jour,En agglomération,Hors intersection,Normale,Autre collision,,,,,,,,,,,1,2,1,1,6
200500012240,0005-03-26 18:00:00,5,3,26,18,0,270,69.0,,48.826,0.766,Plein jour,Hors agglomération,Hors intersection,Normale,Autre collision,,,,,,,,,,,1,1,1,1,6
200500012241,0005-03-09 17:30:00,5,3,9,17,30,270,16.0,rue de la Madeleine,49.252,1.419,Plein jour,En agglomération,Hors intersection,Normale,Deux véhicules - côté,,,,,,,,,,,1,2,1,1,3
200500012242,0005-03-27 17:30:00,5,3,27,17,30,270,487.0,RUE DE LA COTE VERTE,49.351,1.332,Plein jour,En agglomération,Hors intersection,Normale,Deux véhicules - frontale,,,,,,,,,,,1,2,1,1,1
200500012243,0005-03-28 00:01:00,5,3,28,0,1,270,284.0,ROUTE DE ROUEN,49.283,1.76,Nuit avec éclairage allumé,En agglomération,Hors intersection,Normale,Trois véhicules et plus - collisions multiples,,,,,,,,,,,5,2,1,1,5
200500012244,0005-03-01 17:00:00,5,3,1,17,0,270,207.0,,49.118,0.457,Plein jour,Hors agglomération,Intersection en T,Normale,Deux véhicules - côté,,,,,,,,,,,1,1,3,1,3
200500012245,0005-03-18 17:00:00,5,3,18,17,0,270,56.0,rue judith de bretagne,49.096,0.6,Plein jour,En agglomération,Hors intersection,Normale,Deux véhicules - côté,,,,,,,,,,,1,2,1,1,3
200500012246,0005-03-18 18:30:00,5,3,18,18,30,270,117.0,,,,Plein jour,En agglomération,Hors intersection,Normale,Autre collision,,,,,,,,,,,1,2,1,1,6
200500012247,0005-03-19 06:30:00,5,3,19,6,30,270,463.0,,49.159,0.622,Nuit sans éclairage public,Hors agglomération,Hors intersection,Brouillard / fumée,Deux véhicules - côté,,,,,,,,,,,3,1,1,5,3
200500012248,0005-03-20 17:15:00,5,3,20,17,15,270,547.0,,49.045,0.391,Plein jour,Hors agglomération,Autre intersection,Normale,Sans collision,,,,,,,,,,,1,1,9,1,7
200500012249,0005-03-30 15:30:00,5,3,30,15,30,270,627.0,,,,Plein jour,Hors agglomération,Hors intersection,Normale,Autre collision,,,,,,,,,,,1,1,1,1,6
200500012250,0005-03-05 03:00:00,5,3,5,3,0,270,253.0,,49.157,0.693,Nuit sans éclairage public,Hors agglomération,Hors intersection,Normale,Autre collision,,,,,,,,,,,3,1,1,1,6
200500012251,0005-03-17 12:30:00,5,3,17,12,30,270,221.0,,48.966,0.654,Plein jour,Hors agglomération,Hors intersection,Normale,Autre collision,,,,,,,,,,,1,1,1,1,6
200500012252,0005-03-25 02:30:00,5,3,25,2,30,270,51.0,,49.089,0.76,Plein jour,Hors agglomération,Hors intersection,Normale,Deux véhicules - côté,,,,,,,,,,,1,1,1,1,3
200500012253,0005-03-13 15:45:00,5,3,13,15,45,270,336.0,,,,Plein jour,Hors agglomération,Hors intersection,Normale,Deux véhicules - frontale,,,,,,,,,,,1,1,1,1,1
200500012254,0005-03-14 20:30:00,5,3,14,20,30,270,275.0,route de Rouen,,,Nuit avec éclairage allumé,En agglomération,Hors intersection,Normale,Trois véhicules et plus - en chaîne,,,,,,,,,,,5,2,1,1,4
200500012255,0005-03-23 19:00:00,5,3,23,19,0,270,275.0,Avenue Maréchal Leclerc,,,Crépuscule ou aube,En agglomération,Hors intersection,Normale,Deux véhicules - arrière,,,,,,,,,,,2,2,1,1,2
200500012256,0005-03-26 00:30:00,5,3,26,0,30,270,275.0,,,,Nuit sans éclairage public,Hors agglomération,Hors intersection,Normale,Sans collision,,,,,,,,,,,3,1,1,1,7
200500012257,0005-03-26 10:30:00,5,3,26,10,30,270,469.0,151 rue des masures,49.312,1.236,Plein jour,En agglomération,Hors intersection,Normale,Sans collision,,,,,,,,,,,1,2,1,1,7
200500012258,0005-03-12 11:00:00,5,3,12,11,0,270,354.0,,,,Plein jour,Hors agglomération,Hors intersection,Normale,Deux véhicules - frontale,,,,,,,,,,,1,1,1,1,1
200500012259,0005-03-18 15:15:00,5,3,18,15,15,270,428.0,Rue des remparts,49.154,0.9,Plein jour,En agglomération,Intersection en X,Normale,Deux véhicules - frontale,,,,,,,,,,,1,2,2,1,1
200500012260,0005-03-11 22:30:00,5,3,11,22,30,270,384.0,,,,Nuit sans éclairage public,Hors agglomération,Hors intersection,Normale,Deux véhicules - côté,,,,,,,,,,,3,1,1,1,3
200500012261,0005-03-18 14:00:00,5,3,18,14,0,270,260.0,,,,Plein jour,Hors agglomération,Hors intersection,Normale,Autre collision,,,,,,,,,,,1,1,1,1,6
200500012262,0005-03-19 17:30:00,5,3,19,17,30,270,581.0,,,,Plein jour,Hors agglomération,Hors intersection,Normale,Deux véhicules - côté,,,,,,,,,,,1,1,1,1,3
200500012263,0005-03-19 13:00:00,5,3,19,13,0,270,582.0,PLACE DE LA MAIRIE,49.298,0.951,Plein jour,En agglomération,Hors intersection,Normale,Autre collision,,,,,,,,,,,1,2,1,1,6
200500012264,0005-03-22 17:30:00,5,3,22,17,30,270,340.0,CD 313,,,Plein jour,En agglomération,Intersection en X,Normale,Autre collision,,,,,,,,,,,1,2,2,1,6
200500012265,0005-03-17 07:15:00,5,3,17,7,15,270,468.0,CD130,49.25,0.69,Plein jour,En agglomération,Autre intersection,Normale,Deux véhicules - frontale,,,,,,,,,,,1,2,9,1,1
200500012266,0005-03-17 22:00:00,5,3,17,22,0,270,288.0,,49.272,0.687,Nuit sans éclairage public,Hors agglomération,Hors intersection,Normale,Autre collision,,,,,,,,,,,3,1,1,1,6
200500012267,0005-03-25 19:15:00,5,3,25,19,15,270,349.0,,49.322,0.714,Crépuscule ou aube,Hors agglomération,Hors intersection,Normale,Autre collision,,,,,,,,,,,2,1,1,1,6
200500012268,0005-03-12 16:30:00,5,3,12,16,30,350,66.0,Ave Maine-Rue Aquitaine,48.046,-1.707,Plein jour,En agglomération,Hors intersection,Normale,Deux véhicules - arrière,,,,,,,,,,,1,2,1,1,2
200500012269,0005-03-13 14:30:00,5,3,13,14,30,350,66.0,,,,Plein jour,Hors agglomération,Hors intersection,Normale,Deux véhicules - frontale,,,,,,,,,,,1,1,1,1,1
200500012270,0005-03-22 13:45:00,5,3,22,13,45,350,315.0,,48.23,-1.56,Plein jour,Hors agglomération,Hors intersection,Normale,Autre collision,,,,,,,,,,,1,1,1,1,6
200500012271,0005-03-06 21:45:00,5,3,6,21,45,350,184.0,,,,Nuit sans éclairage public,Hors agglomération,Hors intersection,Normale,Deux véhicules - côté,,,,,,,,,,,3,1,1,1,3
200500012272,0005-03-07 09:00:00,5,3,7,9,0,350,307.0,,,,Plein jour,Hors agglomération,Hors intersection,Normale,Deux véhicules - côté,,,,,,,,,,,1,1,1,1,3
200500012273,0005-03-18 05:15:00,5,3,18,5,15,350,302.0,,,,Nuit sans éclairage public,Hors agglomération,Hors intersection,Brouillard / fumée,Deux véhicules - frontale,,,,,,,,,,,3,1,1,5,1
200500012274,0005-03-25 18:15:00,5,3,25,18,15,350,223.0,rue de la chèze,,,Plein jour,En agglomération,Hors intersection,Pluie légère,Autre collision,,,,,,,,,,,1,2,1,2,6
200500012275,0005-03-24 08:45:00,5,3,24,8,45,350,227.0,,,,Nuit sans éclairage public,Hors agglomération,Hors intersection,Brouillard / fumée,Sans collision,,,,,,,,,,,3,1,1,5,7
200500012276,0005-03-29 00:30:00,5,3,29,0,30,350,223.0,Rue de la Mairie,,,Nuit avec éclairage allumé,En agglomération,Hors intersection,Normale,Autre collision,,,,,,,,,,,5,2,1,1,6
200500012277,0005-03-02 14:45:00,5,3,2,14,45,350,257.0,rue de fougères,48.414,-1.363,Plein jour,En agglomération,Hors intersection,Normale,Deux véhicules - frontale,,,,,,,,,,,1,2,1,1,1
200500012278,0005-03-05 07:15:00,5,3,5,7,15,350,280.0,,,,Plein jour,Hors agglomération,Hors intersection,Neige / grêle,Deux véhicules - frontale,,,,,,,,,,,1,1,1,4,1
200500012279,0005-03-16 16:30:00,5,3,16,16,30,350,257.0,14 rue joseph tronchot,48.415,-1.366,Plein jour,En agglomération,Hors intersection,Normale,Autre collision,,,,,,,,,,,1,2,1,1,6
200500012280,0005-03-18 15:45:00,5,3,18,15,45,350,253.0,,48.257,-1.37,Plein jour,Hors agglomération,Hors intersection,Normale,Deux véhicules - frontale,,,,,,,,,,,1,1,1,1,1
200500012281,0005-03-25 16:30:00,5,3,25,16,30,350,280.0,,48.351,-1.347,Nuit sans éclairage public,Hors agglomération,Hors intersection,Brouillard / fumée,Autre collision,,,,,,,,,,,3,1,1,5,6
200500012282,0005-03-29 09:45:00,5,3,29,9,45,350,267.0,,,,Plein jour,Hors agglomération,Hors intersection,Normale,Autre collision,,,,,,,,,,,1,1,1,1,6
200500012283,0005-03-31 08:00:00,5,3,31,8,0,350,282.0,,,,Plein jour,Hors agglomération,Hors intersection,Normale,Autre collision,,,,,,,,,,,1,1,1,1,6
200500012284,0005-03-11 12:00:00,5,3,11,12,0,350,236.0,RUE DU VAL,,,Plein jour,En agglomération,Hors intersection,Normale,Autre collision,,,,,,,,,,,1,2,1,1,6
200500012285,0005-03-19 21:15:00,5,3,19,21,15,350,221.0,,47.867,-1.762,Nuit sans éclairage public,Hors agglomération,Hors intersection,Normale,Autre collision,,,,,,,,,,,3,1,1,1,6
200500012286,0005-03-31 05:45:00,5,3,31,5,45,350,212.0,,47.905,-1.641,Nuit sans éclairage public,Hors agglomération,Hors intersection,Brouillard / fumée,Autre collision,,,,,,,,,,,3,1,1,5,6
200500012287,0005-03-05 08:15:00,5,3,5,8,15,350,126.0,,,,Plein jour,Hors agglomération,Hors intersection,Neige / grêle,Deux véhicules - côté,,,,,,,,,,,1,1,1,4,3
200500012288,0005-03-06 04:00:00,5,3,6,4,0,350,219.0,,,,Nuit sans éclairage public,Hors agglomération,Hors intersection,Autre,Autre collision,,,,,,,,,,,3,1,1,9,6
200500012289,0005-03-25 20:15:00,5,3,25,20,15,350,45.0,,,,Nuit sans éclairage public,Hors agglomération,Hors intersection,Normale,Deux véhicules - côté,,,,,,,,,,,3,1,1,1,3
200500012290,0005-03-08 18:45:00,5,3,8,18,45,350,179.0,RUE DE LA LIBERATION,,,Plein jour,En agglomération,Hors intersection,Normale,Autre collision,,,,,,,,,,,1,2,1,1,6
200500012291,0005-03-08 21:45:00,5,3,8,21,45,350,337.0,,,,Nuit sans éclairage public,Hors agglomération,Intersection en X,Normale,Deux véhicules - côté,,,,,,,,,,,3,1,2,1,3
200500012292,0005-03-03 10:30:00,5,3,3,10,30,350,259.0,,48.59,-1.662,Plein jour,Hors agglomération,Hors intersection,Normale,Deux véhicules - frontale,,,,,,,,,,,1,1,1,1,1
200500012293,0005-03-06 16:00:00,5,3,6,16,0,350,194.0,,48.145,-1.244,Plein jour,Hors agglomération,Hors intersection,Normale,Deux véhicules - côté,,,,,,,,,,,1,1,1,1,3
200500012294,0005-03-20 01:45:00,5,3,20,1,45,350,360.0,Bd pierre landais,48.128,-1.204,Nuit avec éclairage non allumé,En agglomération,Hors intersection,Normale,Autre collision,,,,,,,,,,,4,2,1,1,6
200500012295,0005-03-19 18:15:00,5,3,19,18,15,350,119.0,rue de Jean de Gennes,,,Nuit avec éclairage allumé,En agglomération,Hors intersection,Normale,Autre collision,,,,,,,,,,,5,2,1,1,6
200500012296,0005-03-22 08:15:00,5,3,22,8,15,220,93.0,40 RUE MOUEXIGNE,,,Plein jour,En agglomération,Hors intersection,Pluie légère,Deux véhicules - arrière,,,,,,,,,,,1,2,1,2,2
200500012297,0005-03-03 06:45:00,5,3,3,6,45,220,1.0,,48.312,-2.912,Nuit sans éclairage public,Hors agglomération,Hors intersection,Normale,Sans collision,,,,,,,,,,,3,1,1,1,7
200500012298,0005-03-19 21:45:00,5,3,19,21,45,220,162.0,Rue de Cruckin,,,Nuit avec éclairage allumé,En agglomération,Hors intersection,Normale,Deux véhicules - frontale,,,,,,,,,,,5,2,1,1,1
200500012299,0005-03-05 17:15:00,5,3,5,17,15,220,299.0,la ganterie,,,Nuit sans éclairage public,En agglomération,Hors intersection,Normale,Autre collision,,,,,,,,,,,3,2,1,1,6
200500012300,0005-03-11 17:00:00,5,3,11,17,0,220,180.0,,,,Plein jour,Hors agglomération,Intersection en X,Normale,Deux véhicules - côté,,,,,,,,,,,1,1,2,1,3
200500012301,0005-03-28 17:30:00,5,3,28,17,30,220,282.0,,,,Plein jour,Hors agglomération,Hors intersection,Temps couvert,Deux véhicules - côté,,,,,,,,,,,1,1,1,8,3
200500012302,0005-03-13 18:45:00,5,3,13,18,45,220,183.0,,48.174,-2.599,Plein jour,Hors agglomération,Intersection en X,Normale,Deux véhicules - côté,,,,,,,,,,,1,1,2,1,3
200500012303,0005-03-23 22:00:00,5,3,23,22,0,220,4.0,,48.618,-3.28,Nuit sans éclairage public,Hors agglomération,Hors intersection,Normale,Deux véhicules - frontale,,,,,,,,,,,3,1,1,1,1
200500012304,0005-03-19 20:00:00,5,3,19,20,0,220,135.0,,48.603,-3.34,Nuit sans éclairage public,Hors agglomération,Hors intersection,Normale,Deux véhicules - frontale,,,,,,,,,,,3,1,1,1,1
200500012305,0005-03-02 15:30:00,5,3,2,15,30,220,152.0,,48.77,-3.27,Plein jour,Hors agglomération,Intersection en X,Normale,Deux véhicules - côté,,,,,,,,,,,1,1,2,1,3
200500012306,0005-03-05 19:15:00,5,3,5,19,15,220,166.0,,48.819,-3.287,Crépuscule ou aube,Hors agglomération,Hors intersection,Pluie légère,Deux véhicules - frontale,,,,,,,,,,,2,1,1,2,1
200500012307,0005-03-19 14:45:00,5,3,19,14,45,220,141.0,,48.712,-3.302,Plein jour,Hors agglomération,Hors intersection,Normale,Deux véhicules - côté,,,,,,,,,,,1,1,1,1,3
200500012308,0005-03-25 11:00:00,5,3,25,11,0,220,85.0,,48.818,-3.173,Plein jour,Hors agglomération,Hors intersection,Normale,Deux véhicules - arrière,,,,,,,,,,,1,1,1,1,2
200500012309,0005-03-03 14:15:00,5,3,3,14,15,290,46.0,Rue Pierre Brosolette,48.099,-4.33,Plein jour,En agglomération,Hors intersection,Normale,Autre collision,,,,,,,,,,,1,2,1,1,6
200500012310,0005-03-17 10:30:00,5,3,17,10,30,290,46.0,RUE LAENNEC,48.091,-4.322,Plein jour,En agglomération,Hors intersection,Pluie légère,Deux véhicules - côté,,,,,,,,,,,1,2,1,2,3
200500012311,0005-03-27 15:45:00,5,3,27,15,45,290,58.0,,47.889,-4.035,Plein jour,Hors agglomération,Intersection en T,Normale,Deux véhicules - frontale,,,,,,,,,,,1,1,3,1,1
200500012312,0005-03-31 18:00:00,5,3,31,18,0,290,57.0,Chemin de KERANBARBEUR,47.909,-3.981,Plein jour,En agglomération,Hors intersection,Normale,Deux véhicules - frontale,,,,,,,,,,,1,2,1,1,1
200500012313,0005-03-03 14:00:00,5,3,3,14,0,290,158.0,,47.809,-4.314,Plein jour,Hors agglomération,Hors intersection,Normale,Deux véhicules - côté,,,,,,,,,,,1,1,1,1,3
200500012314,0005-03-03 19:30:00,5,3,3,19,30,290,165.0,,47.826,-4.237,Nuit sans éclairage public,Hors agglomération,Hors intersection,Normale,Deux véhicules - arrière,,,,,,,,,,,3,1,1,1,2
200500012315,0005-03-30 19:45:00,5,3,30,19,45,290,75.0,RUE DE PARIS,48.44,-4.39,Plein jour,En agglomération,Hors intersection,Normale,Deux véhicules - côté,,,,,,,,,,,1,2,1,1,3
200500012316,0005-03-11 12:00:00,5,3,11,12,0,290,124.0,rue de l argoat,,,Plein jour,En agglomération,Hors intersection,Normale,Deux véhicules - frontale,,,,,,,,,,,1,2,1,1,1
200500012317,0005-03-04 19:45:00,5,3,4,19,45,290,117.0,,,,Nuit sans éclairage public,Hors agglomération,Giratoire,Normale,Deux véhicules - frontale,,,,,,,,,,,3,1,6,1,1
200500012318,0005-03-09 18:00:00,5,3,9,18,0,290,160.0,,,,Plein jour,Hors agglomération,Hors intersection,Normale,Autre collision,,,,,,,,,,,1,1,1,1,6
200500012319,0005-03-18 19:30:00,5,3,18,19,30,290,172.0,,48.217,-4.254,Plein jour,Hors agglomération,Hors intersection,Normale,Deux véhicules - côté,,,,,,,,,,,1,1,1,1,3
200500012320,0005-03-19 00:30:00,5,3,19,0,30,290,166.0,,48.162,-4.23,Nuit avec éclairage non allumé,En agglomération,Giratoire,Normale,Deux véhicules - arrière,,,,,,,,,,,4,2,6,1,2
200500012321,0005-03-20 16:45:00,5,3,20,16,45,290,240.0,,,,Plein jour,Hors agglomération,Hors intersection,Normale,Deux véhicules - arrière,,,,,,,,,,,1,1,1,1,2
200500012322,0005-03-07 08:00:00,5,3,7,8,0,290,20.0,,48.103,-4.036,Nuit sans éclairage public,Hors agglomération,Hors intersection,Normale,Autre collision,,,,,,,,,,,3,1,1,1,6
200500012323,0005-03-20 20:00:00,5,3,20,20,0,290,280.0,,48.231,-4.322,Crépuscule ou aube,Hors agglomération,Hors intersection,Normale,Deux véhicules - côté,,,,,,,,,,,2,1,1,1,3
200500012324,0005-03-20 17:00:00,5,3,20,17,0,290,114.0,,,,Plein jour,Hors agglomération,Hors intersection,Normale,Deux véhicules - frontale,,,,,,,,,,,1,1,1,1,1
200500012325,0005-03-29 16:30:00,5,3,29,16,30,290,59.0,,,,Plein jour,Hors agglomération,Hors intersection,Normale,Deux véhicules - frontale,,,,,,,,,,,1,1,1,1,1
200500012326,0005-03-15 07:45:00,5,3,15,7,45,290,184.0,,48.65,-3.98,Plein jour,Hors agglomération,Hors intersection,Normale,Deux véhicules - frontale,,,,,,,,,,,1,1,1,1,1
200500012327,0005-03-26 19:30:00,5,3,26,19,30,290,79.0,,,,Crépuscule ou aube,Hors agglomération,Hors intersection,Normale,Deux véhicules - côté,,,,,,,,,,,2,1,1,1,3
200500012328,0005-03-30 23:00:00,5,3,30,23,0,290,68.0,,,,Nuit sans éclairage public,Hors agglomération,Hors intersection,Normale,Deux véhicules - côté,,,,,,,,,,,3,1,1,1,3
200500012329,0005-03-11 11:30:00,5,3,11,11,30,560,3.0,,,,Plein jour,Hors agglomération,Hors intersection,Normale,Deux véhicules - frontale,,,,,,,,,,,1,1,1,1,1
200500012330,0005-03-20 16:15:00,5,3,20,16,15,560,3.0,,47.624,-2.87,Plein jour,Hors agglomération,Intersection en X,Normale,Deux véhicules - côté,,,,,,,,,,,1,1,2,1,3
200500012331,0005-03-12 17:45:00,5,3,12,17,45,560,1.0,RUE ST HILAIRE,,,Plein jour,En agglomération,Hors intersection,Normale,Deux véhicules - arrière,,,,,,,,,,,1,2,1,1,2
200500012332,0005-03-20 13:00:00,5,3,20,13,0,560,147.0,,47.543,-2.231,Plein jour,Hors agglomération,Hors intersection,Normale,Autre collision,,,,,,,,,,,1,1,1,1,6
200500012333,0005-03-26 09:30:00,5,3,26,9,30,560,143.0,rue de la bonne fontaine,47.56,-2.482,Plein jour,En agglomération,Hors intersection,Normale,Autre collision,,,,,,,,,,,1,2,1,1,6
200500012334,0005-03-23 23:15:00,5,3,23,23,15,560,137.0,,,,Nuit sans éclairage public,Hors agglomération,Hors intersection,Normale,Autre collision,,,,,,,,,,,3,1,1,1,6
200500012335,0005-03-24 07:45:00,5,3,24,7,45,560,184.0,,,,Plein jour,Hors agglomération,Hors intersection,Normale,Sans collision,,,,,,,,,,,1,1,1,1,7
200500012336,0005-03-03 08:15:00,5,3,3,8,15,560,176.0,,,,Plein jour,Hors agglomération,Hors intersection,Temps couvert,Deux véhicules - frontale,,,,,,,,,,,1,1,1,8,1
200500012337,0005-03-16 15:30:00,5,3,16,15,30,560,7.0,Avenue de l'Océan,,,Plein jour,En agglomération,Hors intersection,Normale,Deux véhicules - frontale,,,,,,,,,,,1,2,1,1,1
200500012338,0005-03-16 22:15:00,5,3,16,22,15,560,176.0,,,,Nuit sans éclairage public,Hors agglomération,Hors intersection,Normale,Sans collision,,,,,,,,,,,3,1,1,1,7
200500012339,0005-03-24 10:30:00,5,3,24,10,30,560,23.0,,,,Plein jour,Hors agglomération,Hors intersection,Normale,Autre collision,,,,,,,,,,,1,1,1,1,6
200500012340,0005-03-29 08:00:00,5,3,29,8,0,560,23.0,,,,Plein jour,Hors agglomération,Hors intersection,Pluie légère,Deux véhicules - côté,,,,,,,,,,,1,1,1,2,3
200500012341,0005-03-09 07:45:00,5,3,9,7,45,560,130.0,RUE DE LA MAIRIE,,,Plein jour,En agglomération,Hors intersection,Normale,Deux véhicules - côté,,,,,,,,,,,1,2,1,1,3
200500012342,0005-03-06 16:45:00,5,3,6,16,45,560,70.0,,,,Plein jour,Hors agglomération,Hors intersection,Normale,Deux véhicules - côté,,,,,,,,,,,1,1,1,1,3
200500012343,0005-03-20 12:00:00,5,3,20,12,0,560,222.0,,47.802,-2.728,Plein jour,Hors agglomération,Hors intersection,Normale,Deux véhicules - côté,,,,,,,,,,,1,1,1,1,3
200500012344,0005-03-05 05:45:00,5,3,5,5,45,560,117.0,RUE DUGUAY TROUIN,47.886,-2.833,Nuit sans éclairage public,En agglomération,Hors intersection,Normale,Autre collision,,,,,,,,,,,3,2,1,1,6
200500012345,0005-03-27 12:15:00,5,3,27,12,15,560,144.0,,,,Plein jour,Hors agglomération,Hors intersection,Normale,Deux véhicules - frontale,,,,,,,,,,,1,1,1,1,1
200500012346,0005-03-01 13:45:00,5,3,1,13,45,560,66.0,Rue Pont Min,48.145,-3.628,Plein jour,En agglomération,Hors intersection,Normale,Deux véhicules - frontale,,,,,,,,,,,1,2,1,1,1
200500012347,0005-03-03 12:15:00,5,3,3,12,15,140,170.0,,49.268,-0.421,Plein jour,Hors agglomération,Hors intersection,Neige / grêle,Deux véhicules - frontale,,,,,,,,,,,1,1,1,4,1
200500012348,0005-03-05 15:00:00,5,3,5,15,0,140,670.0,,,,Plein jour,Hors agglomération,Intersection en T,Normale,Deux véhicules - côté,,,,,,,,,,,1,1,3,1,3
200500012349,0005-03-17 12:30:00,5,3,17,12,30,140,249.0,CD 8,,,Plein jour,En agglomération,Intersection en X,Normale,Deux véhicules - côté,,,,,,,,,,,1,2,2,1,3
200500012350,0005-03-01 15:45:00,5,3,1,15,45,140,119.0,route de paris,,,Plein jour,En agglomération,Hors intersection,Normale,Autre collision,,,,,,,,,,,1,2,1,1,6
200500012351,0005-03-17 05:00:00,5,3,17,5,0,140,719.0,,,,Nuit sans éclairage public,Hors agglomération,Hors intersection,Normale,Autre collision,,,,,,,,,,,3,1,1,1,6
200500012352,0005-03-18 20:30:00,5,3,18,20,30,140,310.0,,,,Crépuscule ou aube,Hors agglomération,Hors intersection,Normale,Autre collision,,,,,,,,,,,2,1,1,1,6
200500012353,0005-03-26 13:15:00,5,3,26,13,15,140,309.0,RD132A,49.039,-0.309,Plein jour,En agglomération,Hors intersection,Normale,Autre collision,,,,,,,,,,,1,2,1,1,6
200500012354,0005-03-26 20:00:00,5,3,26,20,0,140,456.0,ROUTE DE PARIS,49.12,-0.161,Nuit avec éclairage allumé,En agglomération,Hors intersection,Normale,Deux véhicules - côté,,,,,,,,,,,5,2,1,1,3
200500012355,0005-03-29 11:45:00,5,3,29,11,45,140,310.0,,,,Plein jour,Hors agglomération,Hors intersection,Normale,Deux véhicules - frontale,,,,,,,,,,,1,1,1,1,1