accident_id,datetime,annee,mois,jour,heure,minute,departement,commune_insee,adresse,latitude,longitude,luminosite,agglomeration,intersection,meteo,collision,nb_vehicules,nb_usagers,nb_indemnes,nb_tues,nb_blesses_hosp,nb_blesses_legers,age_cond_1,age_cond_2,veh_type_cond_1,veh_type_cond_2,lum_code,agg_code,int_code,atm_code,col_code
200500012356,0005-03-29 17:15:00,5,3,29,17,15,140,57.0,Route de Paris,49.128,-0.204,Plein jour,En agglomération,Hors intersection,Normale,Deux véhicules - côté,,,,,,,,,,,1,2,1,1,3
200500012357,0005-03-18 12:00:00,5,3,18,12,0,140,530.0,RUE DES AIRBORNES,49.234,-0.252,Plein jour,En agglomération,Hors intersection,Normale,Deux véhicules - frontale,,,,,,,,,,,1,2,1,1,1
200500012358,0005-03-07 17:00:00,5,3,7,17,0,140,445.0,,,,Plein jour,Hors agglomération,Hors intersection,Normale,Sans collision,,,,,,,,,,,1,1,1,1,7
200500012359,0005-03-01 14:00:00,5,3,1,14,0,140,332.0,,48.869,-0.181,Plein jour,Hors agglomération,Hors intersection,Normale,Trois véhicules et plus - collisions multiples,,,,,,,,,,,1,1,1,1,5
200500012360,0005-03-21 06:15:00,5,3,21,6,15,140,627.0,,48.89,-0.22,Crépuscule ou aube,Hors agglomération,Hors intersection,Normale,Deux véhicules - arrière,,,,,,,,,,,2,1,1,1,2
200500012361,0005-03-18 15:15:00,5,3,18,15,15,140,162.0,,,,Plein jour,Hors agglomération,Hors intersection,Normale,Autre collision,,,,,,,,,,,1,1,1,1,6
200500012362,0005-03-26 18:30:00,5,3,26,18,30,140,386.0,,49.052,-0.106,Plein jour,Hors agglomération,Intersection en X,Temps couvert,Trois véhicules et plus - collisions multiples,,,,,,,,,,,1,1,2,8,5
200500012363,0005-03-14 18:00:00,5,3,14,18,0,140,185.0,,,,Plein jour,Hors agglomération,Hors intersection,Normale,Deux véhicules - frontale,,,,,,,,,,,1,1,1,1,1
200500012364,0005-03-04 19:00:00,5,3,4,19,0,140,524.0,,,,Nuit sans éclairage public,Hors agglomération,Hors intersection,Pluie forte,Deux véhicules - frontale,,,,,,,,,,,3,1,1,3,1
200500012365,0005-03-08 21:45:00,5,3,8,21,45,140,139.0,,48.935,-0.865,Nuit sans éclairage public,Hors agglomération,Hors intersection,Normale,Autre collision,,,,,,,,,,,3,1,1,1,6
200500012366,0005-03-25 22:30:00,5,3,25,22,30,140,762.0,route de l'hippodrome,,,Nuit avec éclairage allumé,En agglomération,Hors intersection,Normale,Deux véhicules - côté,,,,,,,,,,,5,2,1,1,3
200500012367,0005-03-20 15:30:00,5,3,20,15,30,500,99.0,rue du Docteur caillard,,,Plein jour,En agglomération,Hors intersection,Normale,Autre collision,,,,,,,,,,,1,2,1,1,6
200500012368,0005-03-22 16:00:00,5,3,22,16,0,500,616.0,,,,Plein jour,Hors agglomération,Hors intersection,Normale,Autre collision,,,,,,,,,,,1,1,1,1,6
200500012369,0005-03-01 14:30:00,5,3,1,14,30,500,493.0,,48.84,-1.46,Plein jour,Hors agglomération,Hors intersection,Normale,Deux véhicules - côté,,,,,,,,,,,1,1,1,1,3
200500012370,0005-03-28 15:00:00,5,3,28,15,0,500,630.0,Le bourg,,,Plein jour,En agglomération,Intersection en X,Normale,Deux véhicules - côté,,,,,,,,,,,1,2,2,1,3
200500012371,0005-03-27 15:15:00,5,3,27,15,15,500,453.0,,,,Plein jour,Hors agglomération,Hors intersection,Temps couvert,Autre collision,,,,,,,,,,,1,1,1,8,6
200500012372,0005-03-30 13:15:00,5,3,30,13,15,500,542.0,,,,Plein jour,Hors agglomération,Hors intersection,Normale,Sans collision,,,,,,,,,,,1,1,1,1,7
200500012373,0005-03-10 14:00:00,5,3,10,14,0,500,600.0,Rue du val d'avril,,,Plein jour,En agglomération,Intersection en T,Normale,Deux véhicules - côté,,,,,,,,,,,1,2,3,1,3
200500012374,0005-03-20 06:45:00,5,3,20,6,45,500,129.0,LE PONT A MARTINVAST,,,Plein jour,En agglomération,Hors intersection,Normale,Autre collision,,,,,,,,,,,1,2,1,1,6
200500012375,0005-03-31 22:45:00,5,3,31,22,45,500,400.0,,49.37,-1.35,Nuit sans éclairage public,Hors agglomération,Hors intersection,Normale,Sans collision,,,,,,,,,,,3,1,1,1,7
200500012376,0005-03-12 13:15:00,5,3,12,13,15,500,433.0,,,,Plein jour,Hors agglomération,Hors intersection,Normale,Deux véhicules - frontale,,,,,,,,,,,1,1,1,1,1
200500012377,0005-03-19 18:00:00,5,3,19,18,0,500,648.0,CD87,49.494,-1.503,Plein jour,En agglomération,Hors intersection,Temps éblouissant,Deux véhicules - frontale,,,,,,,,,,,1,2,1,7,1
200500012378,0005-03-15 14:30:00,5,3,15,14,30,500,349.0,rue des brequettes,,,Plein jour,En agglomération,Hors intersection,Normale,Autre collision,,,,,,,,,,,1,2,1,1,6
200500012379,0005-03-04 18:15:00,5,3,4,18,15,500,456.0,,48.67,-0.85,Plein jour,Hors agglomération,Hors intersection,Temps couvert,Deux véhicules - frontale,,,,,,,,,,,1,1,1,8,1
200500012380,0005-03-16 14:00:00,5,3,16,14,0,500,391.0,RUE ST BERTHEVIN,48.594,-1.088,Plein jour,En agglomération,Hors intersection,Normale,Trois véhicules et plus - en chaîne,,,,,,,,,,,1,2,1,1,4
200500012381,0005-03-28 14:00:00,5,3,28,14,0,500,256.0,,,,Plein jour,Hors agglomération,Hors intersection,Temps couvert,Deux véhicules - côté,,,,,,,,,,,1,1,1,8,3
200500012382,0005-03-08 18:30:00,5,3,8,18,30,610,141.0,,48.473,0.018,Plein jour,Hors agglomération,Hors intersection,Normale,Deux véhicules - frontale,,,,,,,,,,,1,1,1,1,1
200500012383,0005-03-17 19:15:00,5,3,17,19,15,610,76.0,,,,Plein jour,Hors agglomération,Hors intersection,Normale,Deux véhicules - frontale,,,,,,,,,,,1,1,1,1,1
200500012384,0005-03-11 10:15:00,5,3,11,10,15,610,485.0,,,,Plein jour,Hors agglomération,Intersection en Y,Normale,Deux véhicules - côté,,,,,,,,,,,1,1,4,1,3
200500012385,0005-03-20 10:15:00,5,3,20,10,15,610,238.0,,,,Plein jour,Hors agglomération,Hors intersection,Normale,Deux véhicules - frontale,,,,,,,,,,,1,1,1,1,1
200500012386,0005-03-27 12:45:00,5,3,27,12,45,610,23.0,,48.8,0.007,Plein jour,Hors agglomération,Autre intersection,Normale,Deux véhicules - côté,,,,,,,,,,,1,1,9,1,3
200500012387,0005-03-22 07:45:00,5,3,22,7,45,610,191.0,"4, Grande rue",,,Plein jour,En agglomération,Hors intersection,Normale,Deux véhicules - frontale,,,,,,,,,,,1,2,1,1,1
200500012388,0005-03-18 07:45:00,5,3,18,7,45,610,145.0,,,,Plein jour,Hors agglomération,Hors intersection,Brouillard / fumée,Deux véhicules - frontale,,,,,,,,,,,1,1,1,5,1
200500012389,0005-03-22 18:45:00,5,3,22,18,45,610,243.0,,48.592,-0.287,Plein jour,Hors agglomération,Hors intersection,Normale,Deux véhicules - frontale,,,,,,,,,,,1,1,1,1,1
200500012390,0005-03-16 20:15:00,5,3,16,20,15,610,292.0,,,,Nuit sans éclairage public,Hors agglomération,Hors intersection,Normale,Deux véhicules - frontale,,,,,,,,,,,3,1,1,1,1
200500012391,0005-03-17 06:45:00,5,3,17,6,45,610,7.0,,,,Nuit sans éclairage public,Hors agglomération,Hors intersection,Normale,Autre collision,,,,,,,,,,,3,1,1,1,6
200500012392,0005-03-23 11:00:00,5,3,23,11,0,610,348.0,,,,Plein jour,Hors agglomération,Hors intersection,Normale,Autre collision,,,,,,,,,,,1,1,1,1,6
200500012393,0005-03-24 09:30:00,5,3,24,9,30,610,61.0,,48.43,0.96,Plein jour,Hors agglomération,Hors intersection,Pluie forte,Deux véhicules - côté,,,,,,,,,,,1,1,1,3,3
200500012394,0005-03-22 09:30:00,5,3,22,9,30,440,173.0,,47.073,-1.351,Plein jour,Hors agglomération,Hors intersection,Pluie légère,Deux véhicules - frontale,,,,,,,,,,,1,1,1,2,1
200500012395,0005-03-11 17:30:00,5,3,11,17,30,440,188.0,,47.039,-1.662,Plein jour,Hors agglomération,Hors intersection,Normale,Deux véhicules - arrière,,,,,,,,,,,1,1,1,1,2
200500012396,0005-03-13 07:00:00,5,3,13,7,0,440,81.0,Rue du Bocage,46.894,-1.603,Plein jour,En agglomération,Hors intersection,Normale,Autre collision,,,,,,,,,,,1,2,1,1,6
200500012397,0005-03-20 18:15:00,5,3,20,18,15,440,41.0,,,,Plein jour,Hors agglomération,Intersection en X,Normale,Deux véhicules - arrière,,,,,,,,,,,1,1,2,1,2
200500012398,0005-03-21 12:45:00,5,3,21,12,45,440,41.0,,47.08,-1.566,Plein jour,Hors agglomération,Hors intersection,Pluie légère,Deux véhicules - frontale,,,,,,,,,,,1,1,1,2,1
200500012399,0005-03-26 11:15:00,5,3,26,11,15,440,215.0,CD 105  -  PORTILLON,,,Plein jour,En agglomération,Hors intersection,Normale,Deux véhicules - frontale,,,,,,,,,,,1,2,1,1,1
200500012400,0005-03-21 17:15:00,5,3,21,17,15,440,180.0,Rue de la Gare,,,Plein jour,En agglomération,Hors intersection,Pluie légère,Deux véhicules - frontale,,,,,,,,,,,1,2,1,2,1
200500012401,0005-03-16 16:00:00,5,3,16,16,0,440,191.0,,47.576,-1.189,Plein jour,Hors agglomération,Intersection en X,Normale,Deux véhicules - côté,,,,,,,,,,,1,1,2,1,3
200500012402,0005-03-23 15:15:00,5,3,23,15,15,440,77.0,,47.497,-1.433,Plein jour,Hors agglomération,Hors intersection,Normale,Sans collision,,,,,,,,,,,1,1,1,1,7
200500012403,0005-03-31 07:30:00,5,3,31,7,30,440,144.0,,47.532,-1.319,Plein jour,Hors agglomération,Hors intersection,Brouillard / fumée,Sans collision,,,,,,,,,,,1,1,1,5,7
200500012404,0005-03-20 08:30:00,5,3,20,8,30,440,199.0,,47.741,-1.303,Plein jour,Hors agglomération,Hors intersection,Normale,Autre collision,,,,,,,,,,,1,1,1,1,6
200500012405,0005-03-20 18:15:00,5,3,20,18,15,440,67.0,14 rue des porteaux,47.635,-1.832,Plein jour,En agglomération,Hors intersection,Normale,Autre collision,,,,,,,,,,,1,2,1,1,6
200500012406,0005-03-19 12:30:00,5,3,19,12,30,440,7.0,,47.622,-1.919,Plein jour,Hors agglomération,Hors intersection,Normale,Autre collision,,,,,,,,,,,1,1,1,1,6
200500012407,0005-03-20 20:00:00,5,3,20,20,0,440,15.0,,47.449,-1.811,Crépuscule ou aube,Hors agglomération,Hors intersection,Normale,Trois véhicules et plus - collisions multiples,,,,,,,,,,,2,1,1,1,5
200500012408,0005-03-20 20:00:00,5,3,20,20,0,440,15.0,,,,Nuit sans éclairage public,Hors agglomération,Hors intersection,Normale,Deux véhicules - frontale,,,,,,,,,,,3,1,1,1,1
200500012409,0005-03-01 16:45:00,5,3,1,16,45,440,149.0,,47.517,-1.545,Plein jour,Hors agglomération,Intersection en X,Normale,Deux véhicules - frontale,,,,,,,,,,,1,1,2,1,1
200500012410,0005-03-20 15:00:00,5,3,20,15,0,440,73.0,,47.415,-1.698,Plein jour,Hors agglomération,Hors intersection,Normale,Deux véhicules - arrière,,,,,,,,,,,1,1,1,1,2
200500012411,0005-03-04 06:00:00,5,3,4,6,0,440,120.0,,47.208,-1.757,Nuit sans éclairage public,Hors agglomération,Hors intersection,Normale,Sans collision,,,,,,,,,,,3,1,1,1,7
200500012412,0005-03-29 13:15:00,5,3,29,13,15,440,187.0,,,,Plein jour,Hors agglomération,Hors intersection,Pluie légère,Sans collision,,,,,,,,,,,1,1,1,2,7
200500012413,0005-03-20 16:15:00,5,3,20,16,15,440,133.0,,47.137,-1.798,Plein jour,Hors agglomération,Hors intersection,Normale,Deux véhicules - frontale,,,,,,,,,,,1,1,1,1,1
200500012414,0005-03-22 10:30:00,5,3,22,10,30,440,72.0,,,,Plein jour,Hors agglomération,Hors intersection,Temps couvert,Deux véhicules - frontale,,,,,,,,,,,1,1,1,8,1
200500012415,0005-03-26 07:30:00,5,3,26,7,30,440,30.0,,,,Crépuscule ou aube,Hors agglomération,Hors intersection,Normale,Autre collision,,,,,,,,,,,2,1,1,1,6
200500012416,0005-03-31 16:00:00,5,3,31,16,0,440,69.0,rue charles le goffic,47.334,-2.438,Plein jour,En agglomération,Hors intersection,Normale,Deux véhicules - frontale,,,,,,,,,,,1,2,1,1,1
200500012417,0005-03-04 20:00:00,5,3,4,20,0,440,210.0,RUE DU PETIT MEAN,,,Nuit avec éclairage allumé,En agglomération,Hors intersection,Pluie légère,Deux véhicules - frontale,,,,,,,,,,,5,2,1,2,1
200500012418,0005-03-07 10:00:00,5,3,7,10,0,440,52.0,,,,Plein jour,Hors agglomération,Hors intersection,Normale,Deux véhicules - côté,,,,,,,,,,,1,1,1,1,3
200500012419,0005-03-24 12:45:00,5,3,24,12,45,440,103.0,,,,Plein jour,Hors agglomération,Autre intersection,Normale,Trois véhicules et plus - collisions multiples,,,,,,,,,,,1,1,9,1,5
200500012420,0005-03-14 13:30:00,5,3,14,13,30,440,33.0,,,,Plein jour,Hors agglomération,Hors intersection,Normale,Sans collision,,,,,,,,,,,1,1,1,1,7
200500012421,0005-03-18 07:30:00,5,3,18,7,30,440,195.0,,47.373,-1.909,Plein jour,Hors agglomération,Hors intersection,Brouillard / fumée,Sans collision,,,,,,,,,,,1,1,1,5,7
200500012422,0005-03-06 07:00:00,5,3,6,7,0,490,20.0,,,,Plein jour,Hors agglomération,Hors intersection,Normale,Autre collision,,,,,,,,,,,1,1,1,1,6
200500012423,0005-03-15 12:30:00,5,3,15,12,30,490,278.0,rue du commerce,47.42,-0.56,Plein jour,En agglomération,Hors intersection,Normale,Deux véhicules - côté,,,,,,,,,,,1,2,1,1,3
200500012424,0005-03-26 01:00:00,5,3,26,1,0,490,278.0,,,,Nuit sans éclairage public,Hors agglomération,Giratoire,Normale,Autre collision,,,,,,,,,,,3,1,6,1,6
200500012425,0005-03-30 15:00:00,5,3,30,15,0,490,49.0,,47.456,-0.162,Plein jour,Hors agglomération,Hors intersection,Normale,Deux véhicules - frontale,,,,,,,,,,,1,1,1,1,1
200500012426,0005-03-11 08:00:00,5,3,11,8,0,490,323.0,avenue de la millardière,47.519,-0.474,Crépuscule ou aube,En agglomération,Hors intersection,Temps éblouissant,Autre collision,,,,,,,,,,,2,2,1,7,6
200500012427,0005-03-20 18:00:00,5,3,20,18,0,490,306.0,,47.431,-0.721,Plein jour,Hors agglomération,Intersection en X,Normale,Deux véhicules - côté,,,,,,,,,,,1,1,2,1,3
200500012428,0005-03-24 22:00:00,5,3,24,22,0,490,283.0,,47.389,-0.755,Nuit sans éclairage public,Hors agglomération,Hors intersection,Normale,Sans collision,,,,,,,,,,,3,1,1,1,7
200500012429,0005-03-19 14:30:00,5,3,19,14,30,490,333.0,route nationale,47.584,-0.35,Plein jour,En agglomération,Hors intersection,Normale,Deux véhicules - frontale,,,,,,,,,,,1,2,1,1,1
200500012430,0005-03-29 12:00:00,5,3,29,12,0,490,163.0,,,,Plein jour,Hors agglomération,Hors intersection,Pluie légère,Trois véhicules et plus - collisions multiples,,,,,,,,,,,1,1,1,2,5
200500012431,0005-03-20 11:45:00,5,3,20,11,45,490,281.0,,47.168,-0.753,Plein jour,Hors agglomération,Hors intersection,Normale,Autre collision,,,,,,,,,,,1,1,1,1,6
200500012432,0005-03-21 10:45:00,5,3,21,10,45,490,381.0,,,,Nuit sans éclairage public,Hors agglomération,Hors intersection,Normale,Autre collision,,,,,,,,,,,3,1,1,1,6
200500012433,0005-03-27 03:00:00,5,3,27,3,0,490,273.0,Chemin de la Roche,47.103,-1.186,Nuit avec éclairage non allumé,En agglomération,Intersection en T,Temps couvert,Autre collision,,,,,,,,,,,4,2,3,8,6
200500012434,0005-03-13 04:00:00,5,3,13,4,0,490,145.0,rue des Sports,47.287,-1.119,Nuit sans éclairage public,En agglomération,Hors intersection,Normale,Sans collision,,,,,,,,,,,3,2,1,1,7
200500012435,0005-03-13 17:45:00,5,3,13,17,45,490,83.0,rue d'Anjou,47.292,-0.979,Plein jour,En agglomération,Hors intersection,Normale,Deux véhicules - côté,,,,,,,,,,,1,2,1,1,3
200500012436,0005-03-20 19:15:00,5,3,20,19,15,490,177.0,,,,Plein jour,Hors agglomération,Hors intersection,Normale,Trois véhicules et plus - collisions multiples,,,,,,,,,,,1,1,1,1,5
200500012437,0005-03-03 10:45:00,5,3,3,10,45,490,79.0,,,,Nuit sans éclairage public,Hors agglomération,Hors intersection,Normale,Deux véhicules - frontale,,,,,,,,,,,3,1,1,1,1
200500012438,0005-03-29 14:15:00,5,3,29,14,15,490,128.0,,,,Plein jour,Hors agglomération,Hors intersection,Normale,Deux véhicules - côté,,,,,,,,,,,1,1,1,1,3
200500012439,0005-03-02 16:30:00,5,3,2,16,30,490,311.0,,47.388,-0.079,Plein jour,Hors agglomération,Hors intersection,Pluie légère,Sans collision,,,,,,,,,,,1,1,1,2,7
200500012440,0005-03-13 12:15:00,5,3,13,12,15,490,279.0,,47.36,-0.28,Plein jour,Hors agglomération,Hors intersection,Normale,Deux véhicules - côté,,,,,,,,,,,1,1,1,1,3
200500012441,0005-03-13 18:45:00,5,3,13,18,45,490,261.0,,47.38,-0.238,Nuit sans éclairage public,Hors agglomération,Hors intersection,Normale,Trois véhicules et plus - collisions multiples,,,,,,,,,,,3,1,1,1,5
200500012442,0005-03-05 08:15:00,5,3,5,8,15,490,219.0,rue du Marquis de Joffre,,,Plein jour,En agglomération,Hors intersection,Temps couvert,Deux véhicules - frontale,,,,,,,,,,,1,2,1,8,1
200500012443,0005-03-11 19:45:00,5,3,11,19,45,490,112.0,RN 147,,,Nuit sans éclairage public,En agglomération,Hors intersection,Normale,Deux véhicules - côté,,,,,,,,,,,3,2,1,1,3
200500012444,0005-03-22 12:00:00,5,3,22,12,0,490,53.0,,47.173,-0.214,Plein jour,Hors agglomération,Hors intersection,Normale,Deux véhicules - côté,,,,,,,,,,,1,1,1,1,3
200500012445,0005-03-17 23:15:00,5,3,17,23,15,490,89.0,,,,Nuit sans éclairage public,Hors agglomération,Hors intersection,Brouillard / fumée,Deux véhicules - frontale,,,,,,,,,,,3,1,1,5,1
200500012446,0005-03-18 18:30:00,5,3,18,18,30,490,36.0,,47.754,-0.981,Plein jour,Hors agglomération,Hors intersection,Normale,Deux véhicules - frontale,,,,,,,,,,,1,1,1,1,1
200500012447,0005-03-20 21:15:00,5,3,20,21,15,490,67.0,,47.688,-0.657,Nuit sans éclairage public,Hors agglomération,Hors intersection,Normale,Sans collision,,,,,,,,,,,3,1,1,1,7
200500012448,0005-03-11 17:00:00,5,3,11,17,0,490,176.0,RN 162 LA SABLONNIERE,47.64,-0.708,Plein jour,En agglomération,Hors intersection,Normale,Autre collision,,,,,,,,,,,1,2,1,1,6
200500012449,0005-03-10 05:15:00,5,3,10,5,15,490,339.0,13 rue d'Angers,47.579,-0.545,Nuit avec éclairage non allumé,En agglomération,Hors intersection,Normale,Sans collision,,,,,,,,,,,4,2,1,1,7
200500012450,0005-03-18 08:30:00,5,3,18,8,30,530,25.0,,,,Plein jour,Hors agglomération,Hors intersection,Brouillard / fumée,Deux véhicules - frontale,,,,,,,,,,,1,1,1,5,1
200500012451,0005-03-21 09:15:00,5,3,21,9,15,530,77.0,Rue de la perception,,,Plein jour,En agglomération,Hors intersection,Normale,Autre collision,,,,,,,,,,,1,2,1,1,6
200500012452,0005-03-01 09:00:00,5,3,1,9,0,530,162.0,,,,Plein jour,Hors agglomération,Hors intersection,Normale,Deux véhicules - arrière,,,,,,,,,,,1,1,1,1,2
200500012453,0005-03-26 20:00:00,5,3,26,20,0,530,47.0,,,,Nuit sans éclairage public,Hors agglomération,Hors intersection,Normale,Deux véhicules - frontale,,,,,,,,,,,3,1,1,1,1
200500012454,0005-03-15 07:15:00,5,3,15,7,15,530,3.0,rue de colverts,48.399,-0.622,Plein jour,En agglomération,Intersection en X,Normale,Deux véhicules - côté,,,,,,,,,,,1,2,2,1,3
200500012455,0005-03-19 15:00:00,5,3,19,15,0,530,51.0,,48.355,-0.504,Plein jour,Hors agglomération,Hors intersection,Normale,Sans collision,,,,,,,,,,,1,1,1,1,7
200500012456,0005-03-22 18:00:00,5,3,22,18,0,530,57.0,PLACE DE L'EGLISE,48.323,-0.434,Plein jour,En agglomération,Hors intersection,Normale,Autre collision,,,,,,,,,,,1,2,1,1,6
200500012457,0005-03-28 18:30:00,5,3,28,18,30,530,208.0,,48.448,-0.213,Plein jour,Hors agglomération,Hors intersection,Normale,Autre collision,,,,,,,,,,,1,1,1,1,6
200500012458,0005-03-04 10:30:00,5,3,4,10,30,720,213.0,,,,Plein jour,Hors agglomération,Hors intersection,Normale,Deux véhicules - côté,,,,,,,,,,,1,1,1,1,3
200500012459,0005-03-12 13:45:00,5,3,12,13,45,720,287.0,,,,Plein jour,Hors agglomération,Hors intersection,Normale,Deux véhicules - arrière,,,,,,,,,,,1,1,1,1,2
200500012460,0005-03-16 09:00:00,5,3,16,9,0,720,187.0,,,,Plein jour,Hors agglomération,Hors intersection,Normale,Sans collision,,,,,,,,,,,1,1,1,1,7
200500012461,0005-03-25 19:30:00,5,3,25,19,30,720,213.0,rue du stade,,,Nuit sans éclairage public,En agglomération,Hors intersection,Normale,Deux véhicules - frontale,,,,,,,,,,,3,2,1,1,1
200500012462,0005-03-16 13:30:00,5,3,16,13,30,720,90.0,route du petit pont,,,Plein jour,En agglomération,Hors intersection,Normale,Deux véhicules - frontale,,,,,,,,,,,1,2,1,1,1
200500012463,0005-03-22 07:15:00,5,3,22,7,15,720,26.0,,48.151,0.387,Plein jour,Hors agglomération,Hors intersection,Pluie légère,Autre collision,,,,,,,,,,,1,1,1,2,6
200500012464,0005-03-26 17:00:00,5,3,26,17,0,720,289.0,Rue du moulin de la prai,48.14,0.17,Plein jour,En agglomération,Autre intersection,Normale,Deux véhicules - côté,,,,,,,,,,,1,2,9,1,3
200500012465,0005-03-02 01:45:00,5,3,2,1,45,720,280.0,,,,Nuit sans éclairage public,Hors agglomération,Hors intersection,Normale,Sans collision,,,,,,,,,,,3,1,1,1,7
200500012466,0005-03-13 07:00:00,5,3,13,7,0,720,96.0,,,,Crépuscule ou aube,Hors agglomération,Hors intersection,Normale,Autre collision,,,,,,,,,,,2,1,1,1,6
200500012467,0005-03-24 19:30:00,5,3,24,19,30,720,344.0,,47.934,0.161,Crépuscule ou aube,Hors agglomération,Hors intersection,Normale,Deux véhicules - arrière,,,,,,,,,,,2,1,1,1,2
200500012468,0005-03-29 19:00:00,5,3,29,19,0,720,143.0,rue de belleville,47.87,0.46,Plein jour,En agglomération,Intersection en X,Temps couvert,Deux véhicules - côté,,,,,,,,,,,1,2,2,8,3
200500012469,0005-03-25 19:15:00,5,3,25,19,15,720,50.0,,,,Plein jour,Hors agglomération,Hors intersection,Normale,Deux véhicules - frontale,,,,,,,,,,,1,1,1,1,1
200500012470,0005-03-26 23:15:00,5,3,26,23,15,720,239.0,rue de Verdelle,,,Nuit sans éclairage public,En agglomération,Hors intersection,Normale,Deux véhicules - arrière,,,,,,,,,,,3,2,1,1,2
200500012471,0005-03-04 09:30:00,5,3,4,9,30,720,385.0,,,,Plein jour,Hors agglomération,Hors intersection,Neige / grêle,Deux véhicules - côté,,,,,,,,,,,1,1,1,4,3
200500012472,0005-03-13 18:30:00,5,3,13,18,30,720,135.0,,47.779,0.088,Plein jour,Hors agglomération,Hors intersection,Normale,Deux véhicules - côté,,,,,,,,,,,1,1,1,1,3
200500012473,0005-03-20 15:00:00,5,3,20,15,0,720,191.0,,47.779,0.279,Plein jour,Hors agglomération,Hors intersection,Normale,Sans collision,,,,,,,,,,,1,1,1,1,7
200500012474,0005-03-25 09:45:00,5,3,25,9,45,720,264.0,rue Paul DOUMER,,,Plein jour,En agglomération,Intersection en X,Pluie légère,Deux véhicules - côté,,,,,,,,,,,1,2,2,2,3
200500012475,0005-03-29 17:15:00,5,3,29,17,15,720,228.0,,,,Plein jour,Hors agglomération,Hors intersection,Temps couvert,Deux véhicules - frontale,,,,,,,,,,,1,1,1,8,1
200500012476,0005-03-08 09:00:00,5,3,8,9,0,720,276.0,RUE DES ECOLES,48.28,0.463,Plein jour,En agglomération,Hors intersection,Normale,Autre collision,,,,,,,,,,,1,2,1,1,6
200500012477,0005-03-17 10:30:00,5,3,17,10,30,720,104.0,,48.27,0.27,Plein jour,Hors agglomération,Intersection en T,Normale,Deux véhicules - frontale,,,,,,,,,,,1,1,3,1,1
200500012478,0005-03-23 17:00:00,5,3,23,17,0,720,222.0,,48.244,0.232,Plein jour,Hors agglomération,Hors intersection,Normale,Deux véhicules - frontale,,,,,,,,,,,1,1,1,1,1
200500012479,0005-03-08 08:30:00,5,3,8,8,30,720,172.0,2 PLACE DE L EGLISE,48.074,0.58,Plein jour,En agglomération,Hors intersection,Normale,Autre collision,,,,,,,,,,,1,2,1,1,6
200500012480,0005-03-13 19:00:00,5,3,13,19,0,720,284.0,,,,Crépuscule ou aube,Hors agglomération,Hors intersection,Normale,Sans collision,,,,,,,,,,,2,1,1,1,7
200500012481,0005-03-14 12:00:00,5,3,14,12,0,850,135.0,le bourg,,,Plein jour,En agglomération,Hors intersection,Normale,Deux véhicules - frontale,,,,,,,,,,,1,2,1,1,1
200500012482,0005-03-20 19:45:00,5,3,20,19,45,850,65.0,,,,Nuit sans éclairage public,Hors agglomération,Hors intersection,Normale,Deux véhicules - frontale,,,,,,,,,,,3,1,1,1,1
200500012483,0005-03-24 17:45:00,5,3,24,17,45,850,282.0,,,,Plein jour,Hors agglomération,Hors intersection,Normale,Deux véhicules - côté,,,,,,,,,,,1,1,1,1,3
200500012484,0005-03-07 08:00:00,5,3,7,8,0,850,119.0,rue pasteur,46.969,-1.118,Plein jour,En agglomération,Hors intersection,Normale,Deux véhicules - côté,,,,,,,,,,,1,2,1,1,3
200500012485,0005-03-18 18:15:00,5,3,18,18,15,850,151.0,,,,Plein jour,Hors agglomération,Intersection en Y,Normale,Deux véhicules - frontale,,,,,,,,,,,1,1,4,1,1
200500012486,0005-03-12 20:00:00,5,3,12,20,0,850,178.0,RD100 - Rue des Champs,,,Crépuscule ou aube,En agglomération,Hors intersection,Normale,Deux véhicules - côté,,,,,,,,,,,2,2,1,1,3
200500012487,0005-03-23 13:30:00,5,3,23,13,30,850,19.0,Rond point des LUCS,46.789,-1.431,Plein jour,En agglomération,Giratoire,Normale,Deux véhicules - côté,,,,,,,,,,,1,2,6,1,3
200500012488,0005-03-20 17:30:00,5,3,20,17,30,850,92.0,RUE TURGOT,,,Plein jour,En agglomération,Intersection en X,Normale,Deux véhicules - côté,,,,,,,,,,,1,2,2,1,3
200500012489,0005-03-03 12:15:00,5,3,3,12,15,850,128.0,Bd Phélippon,46.468,-1.178,Plein jour,En agglomération,Intersection en X,Normale,Trois véhicules et plus - collisions multiples,,,,,,,,,,,1,2,2,1,5
200500012490,0005-03-09 23:30:00,5,3,9,23,30,850,131.0,,,,Nuit avec éclairage allumé,Hors agglomération,Hors intersection,Normale,Deux véhicules - côté,,,,,,,,,,,5,1,1,1,3