accident_id,datetime,annee,mois,jour,heure,minute,departement,commune_insee,adresse,latitude,longitude,luminosite,agglomeration,intersection,meteo,collision,nb_vehicules,nb_usagers,nb_indemnes,nb_tues,nb_blesses_hosp,nb_blesses_legers,age_cond_1,age_cond_2,veh_type_cond_1,veh_type_cond_2,lum_code,agg_code,int_code,atm_code,col_code
200500012628,0005-03-21 16:15:00,5,3,21,16,15,860,177.0,10 Rue des Clos,46.69,0.247,Plein jour,En agglomération,Hors intersection,Normale,Deux véhicules - frontale,,,,,,,,,,,1,2,1,1,1
200500012629,0005-03-29 08:30:00,5,3,29,8,30,860,76.0,,46.664,0.282,Plein jour,Hors agglomération,Hors intersection,Pluie légère,Deux véhicules - frontale,,,,,,,,,,,1,1,1,2,1
200500012630,0005-03-04 23:00:00,5,3,4,23,0,860,290.0,,,,Nuit sans éclairage public,Hors agglomération,Hors intersection,Neige / grêle,Sans collision,,,,,,,,,,,3,1,1,4,7
200500012631,0005-03-19 04:45:00,5,3,19,4,45,860,274.0,,47.039,0.045,Nuit sans éclairage public,Hors agglomération,Hors intersection,Brouillard / fumée,Autre collision,,,,,,,,,,,3,1,1,5,6
200500012632,0005-03-27 12:00:00,5,3,27,12,0,860,298.0,,,,Plein jour,Hors agglomération,Hors intersection,Normale,Deux véhicules - côté,,,,,,,,,,,1,1,1,1,3
200500012633,0005-03-29 19:15:00,5,3,29,19,15,860,9.0,,,,Plein jour,Hors agglomération,Hors intersection,Normale,Autre collision,,,,,,,,,,,1,1,1,1,6
200500012634,0005-03-18 11:45:00,5,3,18,11,45,860,225.0,place de l'églse,,,Plein jour,En agglomération,Hors intersection,Normale,Autre collision,,,,,,,,,,,1,2,1,1,6
200500012635,0005-03-02 16:15:00,5,3,2,16,15,160,287.0,,45.615,0.08,Plein jour,Hors agglomération,Giratoire,Normale,Autre collision,,,,,,,,,,,1,1,6,1,6
200500012636,0005-03-08 16:30:00,5,3,8,16,30,160,222.0,,,,Plein jour,Hors agglomération,Hors intersection,Normale,Autre collision,,,,,,,,,,,1,1,1,1,6
200500012637,0005-03-08 10:15:00,5,3,8,10,15,160,73.0,,,,Plein jour,Hors agglomération,Hors intersection,Normale,Deux véhicules - côté,,,,,,,,,,,1,1,1,1,3
200500012638,0005-03-09 21:00:00,5,3,9,21,0,160,256.0,,45.347,-0.053,Nuit sans éclairage public,Hors agglomération,Hors intersection,Normale,Deux véhicules - frontale,,,,,,,,,,,3,1,1,1,1
200500012639,0005-03-24 05:30:00,5,3,24,5,30,160,132.0,,45.896,0.805,Nuit sans éclairage public,Hors agglomération,Intersection en T,Pluie légère,Deux véhicules - côté,,,,,,,,,,,3,1,3,2,3
200500012640,0005-03-31 15:15:00,5,3,31,15,15,160,71.0,,,,Plein jour,Hors agglomération,Intersection en X,Normale,Deux véhicules - côté,,,,,,,,,,,1,1,2,1,3
200500012641,0005-03-20 05:45:00,5,3,20,5,45,160,375.0,,,,Nuit sans éclairage public,Hors agglomération,Hors intersection,Normale,Deux véhicules - frontale,,,,,,,,,,,3,1,1,1,1
200500012642,0005-03-19 15:00:00,5,3,19,15,0,160,26.0,le bourg,45.712,0.147,Nuit avec éclairage allumé,En agglomération,Autre intersection,Normale,Deux véhicules - frontale,,,,,,,,,,,5,2,9,1,1
200500012643,0005-03-06 19:15:00,5,3,6,19,15,160,200.0,,45.855,0.187,Nuit sans éclairage public,Hors agglomération,Hors intersection,Normale,Deux véhicules - frontale,,,,,,,,,,,3,1,1,1,1
200500012644,0005-03-05 13:45:00,5,3,5,13,45,160,5.0,,,,Plein jour,Hors agglomération,Hors intersection,Normale,Sans collision,,,,,,,,,,,1,1,1,1,7
200500012645,0005-03-19 13:30:00,5,3,19,13,30,170,407.0,,,,Plein jour,Hors agglomération,Hors intersection,Normale,Autre collision,,,,,,,,,,,1,1,1,1,6
200500012646,0005-03-30 14:30:00,5,3,30,14,30,170,300.0,,,,Plein jour,Hors agglomération,Hors intersection,Normale,Deux véhicules - arrière,,,,,,,,,,,1,1,1,1,2
200500012647,0005-03-07 17:00:00,5,3,7,17,0,170,373.0,,46.149,-0.984,Plein jour,Hors agglomération,Intersection en X,Temps couvert,Deux véhicules - côté,,,,,,,,,,,1,1,2,8,3
200500012648,0005-03-11 17:45:00,5,3,11,17,45,170,194.0,,46.135,-0.994,Crépuscule ou aube,Hors agglomération,Hors intersection,Normale,Deux véhicules - arrière,,,,,,,,,,,2,1,1,1,2
200500012649,0005-03-28 06:00:00,5,3,28,6,0,170,267.0,,46.227,-0.928,Nuit sans éclairage public,Hors agglomération,Hors intersection,Normale,Autre collision,,,,,,,,,,,3,1,1,1,6
200500012650,0005-03-03 16:45:00,5,3,3,16,45,170,16.0,,,,Plein jour,Hors agglomération,Hors intersection,Neige / grêle,Autre collision,,,,,,,,,,,1,1,1,4,6
200500012651,0005-03-05 09:00:00,5,3,5,9,0,170,16.0,2 route de cognac,,,Plein jour,En agglomération,Hors intersection,Autre,Deux véhicules - frontale,,,,,,,,,,,1,2,1,9,1
200500012652,0005-03-09 18:30:00,5,3,9,18,30,170,371.0,,,,Plein jour,Hors agglomération,Autre intersection,Normale,Autre collision,,,,,,,,,,,1,1,9,1,6
200500012653,0005-03-11 20:00:00,5,3,11,20,0,170,210.0,,45.471,-0.68,Nuit sans éclairage public,Hors agglomération,Intersection en X,Normale,Deux véhicules - côté,,,,,,,,,,,3,1,2,1,3
200500012654,0005-03-18 15:45:00,5,3,18,15,45,170,328.0,,45.484,-0.722,Plein jour,Hors agglomération,Hors intersection,Normale,Deux véhicules - arrière,,,,,,,,,,,1,1,1,1,2
200500012655,0005-03-22 10:30:00,5,3,22,10,30,170,351.0,,45.793,-1.041,Plein jour,Hors agglomération,Hors intersection,Temps couvert,Deux véhicules - côté,,,,,,,,,,,1,1,1,8,3
200500012656,0005-03-28 20:45:00,5,3,28,20,45,170,184.0,,45.79,-0.932,Nuit sans éclairage public,Hors agglomération,Hors intersection,Pluie forte,Sans collision,,,,,,,,,,,3,1,1,3,7
200500012657,0005-03-08 07:45:00,5,3,8,7,45,170,385.0,Avenue de Bel Air,,,Plein jour,En agglomération,Hors intersection,Normale,Deux véhicules - frontale,,,,,,,,,,,1,2,1,1,1
200500012658,0005-03-11 05:30:00,5,3,11,5,30,170,385.0,,,,Nuit sans éclairage public,Hors agglomération,Hors intersection,Normale,Sans collision,,,,,,,,,,,3,1,1,1,7
200500012659,0005-03-11 21:00:00,5,3,11,21,0,170,93.0,BOULEVARD THIERS,,,Nuit avec éclairage allumé,En agglomération,Hors intersection,Normale,Autre collision,,,,,,,,,,,5,2,1,1,6
200500012660,0005-03-06 16:30:00,5,3,6,16,30,170,3.0,,,,Plein jour,Hors agglomération,Hors intersection,Normale,Sans collision,,,,,,,,,,,1,1,1,1,7
200500012661,0005-03-27 15:15:00,5,3,27,15,15,170,18.0,,46.063,-0.898,Plein jour,Hors agglomération,Hors intersection,Temps couvert,Autre collision,,,,,,,,,,,1,1,1,8,6
200500012662,0005-03-05 05:45:00,5,3,5,5,45,170,164.0,,45.779,-0.621,Nuit avec éclairage allumé,Hors agglomération,Hors intersection,Normale,Autre collision,,,,,,,,,,,5,1,1,1,6
200500012663,0005-03-07 08:15:00,5,3,7,8,15,170,89.0,,45.763,-0.527,Plein jour,Hors agglomération,Hors intersection,Normale,Deux véhicules - frontale,,,,,,,,,,,1,1,1,1,1
200500012664,0005-03-08 11:00:00,5,3,8,11,0,170,336.0,,45.769,-0.672,Plein jour,Hors agglomération,Hors intersection,Normale,Trois véhicules et plus - collisions multiples,,,,,,,,,,,1,1,1,1,5
200500012665,0005-03-19 10:00:00,5,3,19,10,0,170,408.0,,45.805,-0.841,Plein jour,Hors agglomération,Hors intersection,Normale,Deux véhicules - frontale,,,,,,,,,,,1,1,1,1,1
200500012666,0005-03-17 11:15:00,5,3,17,11,15,170,86.0,,45.733,-0.513,Plein jour,Hors agglomération,Intersection en T,Normale,Deux véhicules - côté,,,,,,,,,,,1,1,3,1,3
200500012667,0005-03-01 16:00:00,5,3,1,16,0,170,220.0,,,,Plein jour,Hors agglomération,Hors intersection,Normale,Trois véhicules et plus - en chaîne,,,,,,,,,,,1,1,1,1,4
200500012668,0005-03-27 08:15:00,5,3,27,8,15,170,145.0,,45.58,-0.475,Plein jour,Hors agglomération,Hors intersection,Pluie forte,Autre collision,,,,,,,,,,,1,1,1,3,6
200500012669,0005-03-02 19:30:00,5,3,2,19,30,170,393.0,,45.691,-0.861,Crépuscule ou aube,Hors agglomération,Hors intersection,Pluie forte,Deux véhicules - frontale,,,,,,,,,,,2,1,1,3,1
200500012670,0005-03-29 18:45:00,5,3,29,18,45,170,60.0,,,,Plein jour,Hors agglomération,Hors intersection,Normale,Sans collision,,,,,,,,,,,1,1,1,1,7
200500012671,0005-03-11 19:30:00,5,3,11,19,30,170,181.0,,,,Nuit sans éclairage public,Hors agglomération,Intersection en X,Normale,Deux véhicules - côté,,,,,,,,,,,3,1,2,1,3
200500012672,0005-03-14 08:45:00,5,3,14,8,45,170,22.0,,,,Plein jour,Hors agglomération,Intersection en X,Normale,Deux véhicules - côté,,,,,,,,,,,1,1,2,1,3
200500012673,0005-03-19 18:45:00,5,3,19,18,45,170,277.0,,,,Plein jour,Hors agglomération,Hors intersection,Normale,Deux véhicules - arrière,,,,,,,,,,,1,1,1,1,2
200500012674,0005-03-26 05:15:00,5,3,26,5,15,170,254.0,,,,Nuit sans éclairage public,Hors agglomération,Hors intersection,Normale,Sans collision,,,,,,,,,,,3,1,1,1,7
200500012675,0005-03-08 16:45:00,5,3,8,16,45,170,217.0,,,,Plein jour,Hors agglomération,Autre intersection,Normale,Deux véhicules - frontale,,,,,,,,,,,1,1,9,1,1
200500012676,0005-03-06 01:00:00,5,3,6,1,0,790,133.0,,46.47,-0.39,Nuit sans éclairage public,Hors agglomération,Autre intersection,Normale,Sans collision,,,,,,,,,,,3,1,9,1,7
200500012677,0005-03-12 08:30:00,5,3,12,8,30,790,109.0,,46.4,-0.42,Plein jour,Hors agglomération,Hors intersection,Normale,Deux véhicules - côté,,,,,,,,,,,1,1,1,1,3
200500012678,0005-03-05 04:30:00,5,3,5,4,30,790,337.0,,46.302,-0.638,Nuit sans éclairage public,Hors agglomération,Hors intersection,Temps couvert,Autre collision,,,,,,,,,,,3,1,1,8,6
200500012679,0005-03-16 12:45:00,5,3,16,12,45,790,100.0,,46.33,-0.58,Plein jour,Hors agglomération,Hors intersection,Normale,Deux véhicules - frontale,,,,,,,,,,,1,1,1,1,1
200500012680,0005-03-24 16:15:00,5,3,24,16,15,790,162.0,CD 9,46.317,-0.541,Plein jour,En agglomération,Hors intersection,Normale,Deux véhicules - arrière,,,,,,,,,,,1,2,1,1,2
200500012681,0005-03-27 17:00:00,5,3,27,17,0,790,3.0,,46.274,-0.447,Plein jour,Hors agglomération,Hors intersection,Normale,Deux véhicules - côté,,,,,,,,,,,1,1,1,1,3
200500012682,0005-03-29 12:30:00,5,3,29,12,30,790,34.0,,46.3,-0.516,Plein jour,Hors agglomération,Intersection en X,Normale,Trois véhicules et plus - en chaîne,,,,,,,,,,,1,1,2,1,4
200500012683,0005-03-15 22:00:00,5,3,15,22,0,790,48.0,chemin communal,46.366,-0.309,Nuit sans éclairage public,En agglomération,Hors intersection,Normale,Deux véhicules - frontale,,,,,,,,,,,3,2,1,1,1
200500012684,0005-03-19 12:00:00,5,3,19,12,0,790,20.0,,,,Plein jour,Hors agglomération,Hors intersection,Normale,Deux véhicules - côté,,,,,,,,,,,1,1,1,1,3
200500012685,0005-03-07 15:15:00,5,3,7,15,15,790,65.0,,,,Plein jour,Hors agglomération,Hors intersection,Normale,Deux véhicules - frontale,,,,,,,,,,,1,1,1,1,1
200500012686,0005-03-21 04:00:00,5,3,21,4,0,790,49.0,,,,Nuit sans éclairage public,Hors agglomération,Hors intersection,Normale,Sans collision,,,,,,,,,,,3,1,1,1,7
200500012687,0005-03-02 16:30:00,5,3,2,16,30,790,265.0,,46.974,-0.132,Plein jour,Hors agglomération,Hors intersection,Normale,Sans collision,,,,,,,,,,,1,1,1,1,7
200500012688,0005-03-02 07:00:00,5,3,2,7,0,790,185.0,route de niort,46.301,-0.298,Crépuscule ou aube,En agglomération,Hors intersection,Normale,Trois véhicules et plus - en chaîne,,,,,,,,,,,2,2,1,1,4
200500012689,0005-03-26 19:15:00,5,3,26,19,15,790,61.0,,,,Crépuscule ou aube,Hors agglomération,Hors intersection,Temps couvert,Deux véhicules - frontale,,,,,,,,,,,2,1,1,8,1
200500012690,0005-03-02 08:15:00,5,3,2,8,15,790,148.0,Rue de Vaugru,46.266,-0.014,Plein jour,En agglomération,Giratoire,Normale,Deux véhicules - côté,,,,,,,,,,,1,2,6,1,3
200500012691,0005-03-05 04:00:00,5,3,5,4,0,790,2.0,,46.702,-0.278,Nuit sans éclairage public,Hors agglomération,Hors intersection,Normale,Sans collision,,,,,,,,,,,3,1,1,1,7
200500012692,0005-03-24 12:15:00,5,3,24,12,15,790,202.0,,,,Plein jour,Hors agglomération,Hors intersection,Normale,Autre collision,,,,,,,,,,,1,1,1,1,6
200500012693,0005-03-29 16:15:00,5,3,29,16,15,790,339.0,,,,Plein jour,Hors agglomération,Hors intersection,Normale,Sans collision,,,,,,,,,,,1,1,1,1,7
200500012694,0005-03-22 07:15:00,5,3,22,7,15,790,156.0,,46.778,-0.219,Crépuscule ou aube,Hors agglomération,Intersection en X,Pluie légère,Deux véhicules - côté,,,,,,,,,,,2,1,2,2,3
200500012695,0005-03-12 19:15:00,5,3,12,19,15,870,201.0,,45.865,1.132,Nuit avec éclairage allumé,Hors agglomération,Hors intersection,Normale,Deux véhicules - arrière,,,,,,,,,,,5,1,1,1,2
200500012696,0005-03-04 08:00:00,5,3,4,8,0,870,2.0,,,,Plein jour,Hors agglomération,Hors intersection,Neige / grêle,Deux véhicules - côté,,,,,,,,,,,1,1,1,4,3
200500012697,0005-03-20 08:15:00,5,3,20,8,15,870,2.0,,45.943,1.359,Plein jour,Hors agglomération,Hors intersection,Normale,Deux véhicules - côté,,,,,,,,,,,1,1,1,1,3
200500012698,0005-03-29 15:30:00,5,3,29,15,30,870,125.0,,45.91,1.33,Plein jour,Hors agglomération,Hors intersection,Pluie légère,Deux véhicules - côté,,,,,,,,,,,1,1,1,2,3
200500012699,0005-03-02 10:45:00,5,3,2,10,45,870,118.0,,45.968,1.142,Plein jour,Hors agglomération,Hors intersection,Normale,Autre collision,,,,,,,,,,,1,1,1,1,6
200500012700,0005-03-16 12:30:00,5,3,16,12,30,870,143.0,,45.932,1.133,Plein jour,Hors agglomération,Hors intersection,Normale,Autre collision,,,,,,,,,,,1,1,1,1,6
200500012701,0005-03-28 10:15:00,5,3,28,10,15,870,161.0,,45.838,1.498,Plein jour,Hors agglomération,Hors intersection,Normale,Deux véhicules - côté,,,,,,,,,,,1,1,1,1,3
200500012702,0005-03-04 16:30:00,5,3,4,16,30,870,187.0,,45.567,1.21,Plein jour,Hors agglomération,Hors intersection,Normale,Deux véhicules - côté,,,,,,,,,,,1,1,1,1,3
200500012703,0005-03-17 08:30:00,5,3,17,8,30,870,187.0,ROUTE DE QUINSAC,,,Plein jour,En agglomération,Intersection en T,Temps éblouissant,Deux véhicules - côté,,,,,,,,,,,1,2,3,7,3
200500012704,0005-03-18 15:30:00,5,3,18,15,30,870,14.0,,46.13,1.35,Plein jour,Hors agglomération,Autre intersection,Normale,Deux véhicules - côté,,,,,,,,,,,1,1,9,1,3
200500012705,0005-03-19 09:30:00,5,3,19,9,30,870,89.0,,,,Plein jour,Hors agglomération,Hors intersection,Normale,Deux véhicules - frontale,,,,,,,,,,,1,1,1,1,1
200500012706,0005-03-20 15:45:00,5,3,20,15,45,870,110.0,,45.93,1.043,Plein jour,Hors agglomération,Hors intersection,Normale,Deux véhicules - côté,,,,,,,,,,,1,1,1,1,3
200500012707,0005-03-22 17:30:00,5,3,22,17,30,870,111.0,,45.757,0.851,Plein jour,Hors agglomération,Hors intersection,Normale,Autre collision,,,,,,,,,,,1,1,1,1,6
200500012708,0005-03-13 14:45:00,5,3,13,14,45,190,207.0,,45.25,1.62,Crépuscule ou aube,Hors agglomération,Hors intersection,Normale,Sans collision,,,,,,,,,,,2,1,1,1,7
200500012709,0005-03-11 17:45:00,5,3,11,17,45,190,38.0,Au lieu-dit POISSAC,45.27,1.72,Plein jour,En agglomération,Hors intersection,Normale,Deux véhicules - côté,,,,,,,,,,,1,2,1,1,3
200500012710,0005-03-21 16:45:00,5,3,21,16,45,190,101.0,,45.24,1.77,Plein jour,Hors agglomération,Hors intersection,Normale,Deux véhicules - frontale,,,,,,,,,,,1,1,1,1,1
200500012711,0005-03-16 14:45:00,5,3,16,14,45,190,36.0,route du mont gargan,45.587,1.722,Plein jour,En agglomération,Hors intersection,Normale,Deux véhicules - frontale,,,,,,,,,,,1,2,1,1,1
200500012712,0005-03-23 12:15:00,5,3,23,12,15,190,31.0,avenue docteur souffron,,,Plein jour,En agglomération,Hors intersection,Normale,Deux véhicules - côté,,,,,,,,,,,1,2,1,1,3
200500012713,0005-03-06 02:00:00,5,3,6,2,0,190,19.0,,44.993,1.824,Nuit sans éclairage public,Hors agglomération,Hors intersection,Autre,Deux véhicules - frontale,,,,,,,,,,,3,1,1,9,1
200500012714,0005-03-20 19:45:00,5,3,20,19,45,190,273.0,LE BOURG,45.058,1.58,Nuit avec éclairage allumé,En agglomération,Hors intersection,Normale,Deux véhicules - côté,,,,,,,,,,,5,2,1,1,3
200500012715,0005-03-04 11:15:00,5,3,4,11,15,190,5.0,,45.26,1.46,Plein jour,Hors agglomération,Hors intersection,Temps couvert,Autre collision,,,,,,,,,,,1,1,1,8,6
200500012716,0005-03-16 12:45:00,5,3,16,12,45,190,28.0,,45.394,2.521,Plein jour,Hors agglomération,Hors intersection,Normale,Deux véhicules - frontale,,,,,,,,,,,1,1,1,1,1
200500012717,0005-03-12 22:00:00,5,3,12,22,0,230,193.0,,46.144,1.923,Nuit sans éclairage public,Hors agglomération,Hors intersection,Normale,Autre collision,,,,,,,,,,,3,1,1,1,6
200500012718,0005-03-11 17:30:00,5,3,11,17,30,230,26.0,Le Sou,46.228,2.3,Plein jour,En agglomération,Hors intersection,Normale,Deux véhicules - côté,,,,,,,,,,,1,2,1,1,3
200500012719,0005-03-10 21:45:00,5,3,10,21,45,230,176.0,26 rue René Gillet,46.236,1.488,Nuit avec éclairage allumé,En agglomération,Hors intersection,Normale,Autre collision,,,,,,,,,,,5,2,1,1,6
200500012720,0005-03-21 17:30:00,5,3,21,17,30,230,176.0,Place Bernhausen,46.244,1.487,Plein jour,En agglomération,Place,Normale,Autre collision,,,,,,,,,,,1,2,7,1,6
200500012721,0005-03-09 18:15:00,5,3,9,18,15,230,105.0,"57, Route d'AHUN",46.075,2.089,Crépuscule ou aube,En agglomération,Hors intersection,Normale,Autre collision,,,,,,,,,,,2,2,1,1,6
200500012722,0005-03-12 14:45:00,5,3,12,14,45,230,81.0,,45.785,2.43,Plein jour,Hors agglomération,Hors intersection,Normale,Deux véhicules - frontale,,,,,,,,,,,1,1,1,1,1
200500012723,0005-03-20 08:30:00,5,3,20,8,30,230,63.0,,45.798,2.152,Plein jour,Hors agglomération,Hors intersection,Normale,Sans collision,,,,,,,,,,,1,1,1,1,7
200500012724,0005-03-23 08:00:00,5,3,23,8,0,230,67.0,,45.721,2.289,Plein jour,Hors agglomération,Hors intersection,Temps éblouissant,Deux véhicules - arrière,,,,,,,,,,,1,1,1,7,2
200500012725,0005-03-12 11:15:00,5,3,12,11,15,310,113.0,rue du stade,,,Plein jour,En agglomération,Hors intersection,Temps éblouissant,Deux véhicules - frontale,,,,,,,,,,,1,2,1,7,1
200500012726,0005-03-12 15:15:00,5,3,12,15,15,310,113.0,,43.519,1.487,Plein jour,Hors agglomération,Hors intersection,Normale,Deux véhicules - frontale,,,,,,,,,,,1,1,1,1,1
200500012727,0005-03-02 15:30:00,5,3,2,15,30,310,583.0,,,,Plein jour,Hors agglomération,Hors intersection,Normale,Deux véhicules - frontale,,,,,,,,,,,1,1,1,1,1
200500012728,0005-03-06 20:30:00,5,3,6,20,30,310,584.0,,,,Nuit sans éclairage public,Hors agglomération,Hors intersection,Normale,Autre collision,,,,,,,,,,,3,1,1,1,6
200500012729,0005-03-24 16:30:00,5,3,24,16,30,310,66.0,rue du faubourg des arts,,,Plein jour,En agglomération,Hors intersection,Normale,Deux véhicules - côté,,,,,,,,,,,1,2,1,1,3
200500012730,0005-03-24 17:30:00,5,3,24,17,30,310,515.0,,43.793,1.345,Plein jour,Hors agglomération,Intersection en X,Normale,Deux véhicules - côté,,,,,,,,,,,1,1,2,1,3
200500012731,0005-03-30 12:15:00,5,3,30,12,15,310,118.0,,43.782,1.355,Plein jour,Hors agglomération,Hors intersection,Pluie forte,Deux véhicules - côté,,,,,,,,,,,1,1,1,3,3
200500012732,0005-03-12 10:15:00,5,3,12,10,15,310,232.0,,,,Plein jour,Hors agglomération,Hors intersection,Normale,Deux véhicules - côté,,,,,,,,,,,1,1,1,1,3
200500012733,0005-03-18 16:30:00,5,3,18,16,30,310,341.0,,43.72,1.33,Plein jour,Hors agglomération,Intersection en X,Normale,Trois véhicules et plus - collisions multiples,,,,,,,,,,,1,1,2,1,5
200500012734,0005-03-23 21:30:00,5,3,23,21,30,310,232.0,,43.76,1.25,Plein jour,Hors agglomération,Hors intersection,Normale,Deux véhicules - arrière,,,,,,,,,,,1,1,1,1,2
200500012735,0005-03-03 11:15:00,5,3,3,11,15,310,424.0,Avenue des Pyrénées,,,Plein jour,En agglomération,Hors intersection,Pluie légère,Deux véhicules - côté,,,,,,,,,,,1,2,1,2,3
200500012736,0005-03-24 14:45:00,5,3,24,14,45,310,424.0,rond point Intermarché,,,Plein jour,En agglomération,Hors intersection,Normale,Sans collision,,,,,,,,,,,1,2,1,1,7
200500012737,0005-03-24 17:30:00,5,3,24,17,30,310,417.0,,,,Plein jour,Hors agglomération,Intersection en T,Normale,Deux véhicules - côté,,,,,,,,,,,1,1,3,1,3
200500012738,0005-03-26 16:15:00,5,3,26,16,15,310,526.0,parc d'activité de Taure,,,Plein jour,En agglomération,Hors intersection,Normale,Deux véhicules - arrière,,,,,,,,,,,1,2,1,1,2
200500012739,0005-03-06 09:00:00,5,3,6,9,0,310,433.0,,43.522,1.386,Plein jour,Hors agglomération,Hors intersection,Normale,Deux véhicules - côté,,,,,,,,,,,1,1,1,1,3
200500012740,0005-03-08 18:30:00,5,3,8,18,30,310,458.0,,43.516,1.338,Plein jour,Hors agglomération,Hors intersection,Normale,Deux véhicules - frontale,,,,,,,,,,,1,1,1,1,1
200500012741,0005-03-20 00:45:00,5,3,20,0,45,310,433.0,,43.514,1.417,Nuit sans éclairage public,Hors agglomération,Hors intersection,Normale,Autre collision,,,,,,,,,,,3,1,1,1,6
200500012742,0005-03-26 10:15:00,5,3,26,10,15,310,433.0,BD DE L'EUROPE -CD63,43.542,1.392,Plein jour,En agglomération,Intersection en T,Normale,Deux véhicules - côté,,,,,,,,,,,1,2,3,1,3
200500012743,0005-03-25 17:00:00,5,3,25,17,0,310,490.0,,,,Nuit avec éclairage allumé,En agglomération,Intersection en X,Normale,Deux véhicules - arrière,,,,,,,,,,,5,2,2,1,2
200500012744,0005-03-27 00:01:00,5,3,27,0,1,310,273.0,,,,Nuit avec éclairage non allumé,Hors agglomération,Hors intersection,Normale,Sans collision,,,,,,,,,,,4,1,1,1,7
200500012745,0005-03-07 06:00:00,5,3,7,6,0,310,231.0,,43.307,1.442,Nuit sans éclairage public,Hors agglomération,Hors intersection,Normale,Sans collision,,,,,,,,,,,3,1,1,1,7
200500012746,0005-03-13 03:30:00,5,3,13,3,30,310,572.0,,,,Nuit sans éclairage public,Hors agglomération,Hors intersection,Normale,Autre collision,,,,,,,,,,,3,1,1,1,6
200500012747,0005-03-01 18:30:00,5,3,1,18,30,310,375.0,,,,Plein jour,Hors agglomération,Hors intersection,Normale,Sans collision,,,,,,,,,,,1,1,1,1,7
200500012748,0005-03-29 09:15:00,5,3,29,9,15,310,107.0,route de LAFITTE,,,Plein jour,En agglomération,Hors intersection,Normale,Deux véhicules - frontale,,,,,,,,,,,1,2,1,1,1
200500012749,0005-03-12 11:45:00,5,3,12,11,45,310,187.0,cd 68,,,Plein jour,En agglomération,Hors intersection,Normale,Sans collision,,,,,,,,,,,1,2,1,1,7
200500012750,0005-03-28 16:30:00,5,3,28,16,30,310,547.0,12 RUE BOLTAR,,,Plein jour,En agglomération,Hors intersection,Normale,Deux véhicules - frontale,,,,,,,,,,,1,2,1,1,1
200500012751,0005-03-30 17:45:00,5,3,30,17,45,310,224.0,,43.073,0.577,Plein jour,En agglomération,Hors intersection,Normale,Deux véhicules - côté,,,,,,,,,,,1,2,1,1,3
200500012752,0005-03-24 12:00:00,5,3,24,12,0,310,208.0,,43.079,0.88,Plein jour,Hors agglomération,Hors intersection,Normale,Deux véhicules - frontale,,,,,,,,,,,1,1,1,1,1
200500012753,0005-03-15 16:45:00,5,3,15,16,45,310,582.0,PASSAGE A NIVEAU 212,43.405,1.713,Plein jour,En agglomération,Passage à niveau,Normale,Deux véhicules - frontale,,,,,,,,,,,1,2,8,1,1
200500012754,0005-03-15 17:15:00,5,3,15,17,15,310,582.0,2 faubourg sebastopol,43.4,1.72,Plein jour,En agglomération,Hors intersection,Normale,Deux véhicules - côté,,,,,,,,,,,1,2,1,1,3
200500012755,0005-03-04 08:00:00,5,3,4,8,0,310,82.0,,43.597,1.686,Plein jour,Hors agglomération,Hors intersection,Temps couvert,Deux véhicules - frontale,,,,,,,,,,,1,1,1,8,1
200500012756,0005-03-28 18:15:00,5,3,28,18,15,310,558.0,,43.473,1.755,Plein jour,Hors agglomération,Hors intersection,Normale,Autre collision,,,,,,,,,,,1,1,1,1,6
200500012757,0005-03-19 17:00:00,5,3,19,17,0,310,569.0,,,,Plein jour,Hors agglomération,Hors intersection,Normale,Sans collision,,,,,,,,,,,1,1,1,1,7
200500012758,0005-03-20 00:01:00,5,3,20,0,1,310,451.0,Avenue de soreze,43.461,2.012,Nuit avec éclairage allumé,En agglomération,Hors intersection,Normale,Deux véhicules - frontale,,,,,,,,,,,5,2,1,1,1
200500012759,0005-03-21 02:30:00,5,3,21,2,30,310,570.0,,43.465,1.837,Nuit sans éclairage public,Hors agglomération,Hors intersection,Normale,Deux véhicules - frontale,,,,,,,,,,,3,1,1,1,1
200500012760,0005-03-01 10:30:00,5,3,1,10,30,90,272.0,,42.92,1.639,Plein jour,Hors agglomération,Hors intersection,Normale,Deux véhicules - frontale,,,,,,,,,,,1,1,1,1,1
200500012761,0005-03-22 07:45:00,5,3,22,7,45,90,324.0,,,,Plein jour,Hors agglomération,Hors intersection,Normale,Deux véhicules - frontale,,,,,,,,,,,1,1,1,1,1
200500012762,0005-03-27 06:15:00,5,3,27,6,15,90,310.0,RD 628,,,Nuit avec éclairage allumé,En agglomération,Hors intersection,Normale,Autre collision,,,,,,,,,,,5,2,1,1,6
200500012763,0005-03-19 14:00:00,5,3,19,14,0,90,106.0,CD 625,42.952,1.86,Plein jour,En agglomération,Hors intersection,Normale,Deux véhicules - arrière,,,,,,,,,,,1,2,1,1,2