accident_id,datetime,annee,mois,jour,heure,minute,departement,commune_insee,adresse,latitude,longitude,luminosite,agglomeration,intersection,meteo,collision,nb_vehicules,nb_usagers,nb_indemnes,nb_tues,nb_blesses_hosp,nb_blesses_legers,age_cond_1,age_cond_2,veh_type_cond_1,veh_type_cond_2,lum_code,agg_code,int_code,atm_code,col_code
200500012764,0005-03-19 22:30:00,5,3,19,22,30,90,157.0,Avenue du 11 novembre,42.973,1.866,Nuit avec éclairage allumé,En agglomération,Intersection en T,Normale,Deux véhicules - côté,,,,,,,,,,,5,2,3,1,3
200500012765,0005-03-22 09:00:00,5,3,22,9,0,90,289.0,GENERAL DE GAULLE,43.014,1.12,Plein jour,En agglomération,Intersection en T,Normale,Deux véhicules - côté,,,,,,,,,,,1,2,3,1,3
200500012766,0005-03-31 15:30:00,5,3,31,15,30,90,164.0,RD117,43.004,1.234,Plein jour,En agglomération,Hors intersection,Normale,Sans collision,,,,,,,,,,,1,2,1,1,7
200500012767,0005-03-04 19:15:00,5,3,4,19,15,120,102.0,,44.299,2.687,Nuit sans éclairage public,Hors agglomération,Hors intersection,Neige / grêle,Deux véhicules - côté,,,,,,,,,,,3,1,1,4,3
200500012768,0005-03-18 19:30:00,5,3,18,19,30,120,102.0,,44.292,2.649,Nuit sans éclairage public,Hors agglomération,Hors intersection,Normale,Autre collision,,,,,,,,,,,3,1,1,1,6
200500012769,0005-03-18 06:45:00,5,3,18,6,45,120,283.0,,44.231,2.667,Plein jour,Hors agglomération,Hors intersection,Normale,Sans collision,,,,,,,,,,,1,1,1,1,7
200500012770,0005-03-06 15:30:00,5,3,6,15,30,120,288.0,,44.453,2.432,Plein jour,Hors agglomération,Hors intersection,Normale,Deux véhicules - frontale,,,,,,,,,,,1,1,1,1,1
200500012771,0005-03-07 09:30:00,5,3,7,9,30,120,8.0,,44.427,2.261,Plein jour,Hors agglomération,Intersection en T,Temps éblouissant,Deux véhicules - côté,,,,,,,,,,,1,1,3,7,3
200500012772,0005-03-13 14:15:00,5,3,13,14,15,120,290.0,,44.437,2.194,Plein jour,Hors agglomération,Autre intersection,Normale,Autre collision,,,,,,,,,,,1,1,9,1,6
200500012773,0005-03-15 08:30:00,5,3,15,8,30,120,289.0,,44.507,2.236,Plein jour,Hors agglomération,Hors intersection,Normale,Deux véhicules - côté,,,,,,,,,,,1,1,1,1,3
200500012774,0005-03-12 18:00:00,5,3,12,18,0,120,96.0,,,,Plein jour,Hors agglomération,Hors intersection,Normale,Deux véhicules - frontale,,,,,,,,,,,1,1,1,1,1
200500012775,0005-03-04 13:45:00,5,3,4,13,45,120,98.0,,44.576,2.653,Plein jour,Hors agglomération,Hors intersection,Normale,Autre collision,,,,,,,,,,,1,1,1,1,6
200500012776,0005-03-30 17:45:00,5,3,30,17,45,120,63.0,,,,Plein jour,Hors agglomération,Hors intersection,Normale,Deux véhicules - frontale,,,,,,,,,,,1,1,1,1,1
200500012777,0005-03-27 11:00:00,5,3,27,11,0,120,208.0,avenue georges Pompidou,43.964,2.877,Plein jour,En agglomération,Autre intersection,Pluie légère,Deux véhicules - côté,,,,,,,,,,,1,2,9,2,3
200500012778,0005-03-19 11:45:00,5,3,19,11,45,320,312.0,,,,Plein jour,Hors agglomération,Hors intersection,Normale,Sans collision,,,,,,,,,,,1,1,1,1,7
200500012779,0005-03-29 14:45:00,5,3,29,14,45,320,207.0,,43.665,0.659,Plein jour,Hors agglomération,Hors intersection,Normale,Trois véhicules et plus - collisions multiples,,,,,,,,,,,1,1,1,1,5
200500012780,0005-03-09 07:00:00,5,3,9,7,0,320,249.0,,43.726,0.873,Crépuscule ou aube,Hors agglomération,Hors intersection,Normale,Deux véhicules - côté,,,,,,,,,,,2,1,1,1,3
200500012781,0005-03-27 14:30:00,5,3,27,14,30,320,237.0,,43.651,0.723,Plein jour,Hors agglomération,Hors intersection,Normale,Deux véhicules - côté,,,,,,,,,,,1,1,1,1,3
200500012782,0005-03-25 12:15:00,5,3,25,12,15,320,148.0,,,,Plein jour,Hors agglomération,Hors intersection,Temps couvert,Trois véhicules et plus - collisions multiples,,,,,,,,,,,1,1,1,8,5
200500012783,0005-03-31 17:45:00,5,3,31,17,45,320,148.0,,,,Plein jour,Hors agglomération,Hors intersection,Normale,Deux véhicules - côté,,,,,,,,,,,1,1,1,1,3
200500012784,0005-03-21 17:00:00,5,3,21,17,0,320,410.0,Allées du 14 JUILLET,,,Plein jour,En agglomération,Hors intersection,Normale,Autre collision,,,,,,,,,,,1,2,1,1,6
200500012785,0005-03-14 12:30:00,5,3,14,12,30,320,374.0,,,,Plein jour,Hors agglomération,Hors intersection,Normale,Autre collision,,,,,,,,,,,1,1,1,1,6
200500012786,0005-03-19 19:00:00,5,3,19,19,0,320,162.0,,43.763,0.421,Plein jour,Hors agglomération,Hors intersection,Temps éblouissant,Deux véhicules - côté,,,,,,,,,,,1,1,1,7,3
200500012787,0005-03-31 08:30:00,5,3,31,8,30,320,166.0,,,,Plein jour,Hors agglomération,Hors intersection,Brouillard / fumée,Autre collision,,,,,,,,,,,1,1,1,5,6
200500012788,0005-03-02 14:00:00,5,3,2,14,0,320,180.0,,43.881,0.205,Plein jour,Hors agglomération,Hors intersection,Normale,Sans collision,,,,,,,,,,,1,1,1,1,7
200500012789,0005-03-26 21:00:00,5,3,26,21,0,320,49.0,,,,Nuit sans éclairage public,Hors agglomération,Hors intersection,Normale,Deux véhicules - frontale,,,,,,,,,,,3,1,1,1,1
200500012790,0005-03-16 23:15:00,5,3,16,23,15,320,41.0,,43.424,0.616,Nuit sans éclairage public,Hors agglomération,Hors intersection,Normale,Autre collision,,,,,,,,,,,3,1,1,1,6
200500012791,0005-03-27 00:01:00,5,3,27,0,1,320,215.0,,43.496,0.504,Nuit sans éclairage public,Hors agglomération,Hors intersection,Temps couvert,Autre collision,,,,,,,,,,,3,1,1,8,6
200500012792,0005-03-27 19:15:00,5,3,27,19,15,320,45.0,,,,Plein jour,Hors agglomération,Hors intersection,Normale,Autre collision,,,,,,,,,,,1,1,1,1,6
200500012793,0005-03-12 17:30:00,5,3,12,17,30,320,464.0,Avenue des sports,43.406,0.2,Plein jour,En agglomération,Hors intersection,Normale,Deux véhicules - frontale,,,,,,,,,,,1,2,1,1,1
200500012794,0005-03-13 14:30:00,5,3,13,14,30,320,265.0,au village,43.535,0.332,Plein jour,En agglomération,Hors intersection,Normale,Deux véhicules - côté,,,,,,,,,,,1,2,1,1,3
200500012795,0005-03-22 17:00:00,5,3,22,17,0,320,233.0,Place de l'hôtel de vill,,,Plein jour,En agglomération,Hors intersection,Normale,Autre collision,,,,,,,,,,,1,2,1,1,6
200500012796,0005-03-24 08:30:00,5,3,24,8,30,320,181.0,,,,Plein jour,Hors agglomération,Hors intersection,Temps couvert,Deux véhicules - frontale,,,,,,,,,,,1,1,1,8,1
200500012797,0005-03-29 08:30:00,5,3,29,8,30,320,443.0,,43.67,-0.03,Plein jour,Hors agglomération,Hors intersection,Normale,Autre collision,,,,,,,,,,,1,1,1,1,6
200500012798,0005-03-04 16:45:00,5,3,4,16,45,460,182.0,,,,Plein jour,Hors agglomération,Hors intersection,Normale,Deux véhicules - frontale,,,,,,,,,,,1,1,1,1,1
200500012799,0005-03-13 14:00:00,5,3,13,14,0,460,225.0,,44.508,1.191,Plein jour,En agglomération,Intersection en T,Normale,Deux véhicules - côté,,,,,,,,,,,1,2,3,1,3
200500012800,0005-03-14 19:00:00,5,3,14,19,0,460,285.0,,,,Nuit sans éclairage public,Hors agglomération,Hors intersection,Pluie légère,Autre collision,,,,,,,,,,,3,1,1,2,6
200500012801,0005-03-18 18:30:00,5,3,18,18,30,460,163.0,,44.957,1.896,Plein jour,Hors agglomération,Hors intersection,Normale,Deux véhicules - frontale,,,,,,,,,,,1,1,1,1,1
200500012802,0005-03-27 17:15:00,5,3,27,17,15,460,297.0,,,,Plein jour,Hors agglomération,Hors intersection,Pluie légère,Sans collision,,,,,,,,,,,1,1,1,2,7
200500012803,0005-03-17 10:00:00,5,3,17,10,0,650,235.0,,43.204,0.008,Plein jour,Hors agglomération,Hors intersection,Normale,Trois véhicules et plus - collisions multiples,,,,,,,,,,,1,1,1,1,5
200500012804,0005-03-28 11:45:00,5,3,28,11,45,650,80.0,,43.166,0.025,Plein jour,Hors agglomération,Hors intersection,Normale,Autre collision,,,,,,,,,,,1,1,1,1,6
200500012805,0005-03-06 00:30:00,5,3,6,0,30,650,242.0,,43.363,0.141,Nuit sans éclairage public,Hors agglomération,Hors intersection,Pluie légère,Deux véhicules - arrière,,,,,,,,,,,3,1,1,2,2
200500012806,0005-03-01 17:15:00,5,3,1,17,15,650,460.0,av du régiment de bigorr,43.38,0.05,Plein jour,En agglomération,Intersection en X,Normale,Deux véhicules - frontale,,,,,,,,,,,1,2,2,1,1
200500012807,0005-03-02 17:15:00,5,3,2,17,15,650,460.0,av. du régt de bigorre,43.391,0.065,Plein jour,En agglomération,Giratoire,Normale,Autre collision,,,,,,,,,,,1,2,6,1,6
200500012808,0005-03-17 14:00:00,5,3,17,14,0,650,460.0,,43.407,0.054,Plein jour,Hors agglomération,Hors intersection,Normale,Deux véhicules - côté,,,,,,,,,,,1,1,1,1,3
200500012809,0005-03-19 11:45:00,5,3,19,11,45,650,460.0,Rond point Intermarché,43.389,0.051,Plein jour,En agglomération,Hors intersection,Normale,Deux véhicules - frontale,,,,,,,,,,,1,2,1,1,1
200500012810,0005-03-23 14:30:00,5,3,23,14,30,650,460.0,,43.419,0.053,Plein jour,Hors agglomération,Hors intersection,Normale,Deux véhicules - frontale,,,,,,,,,,,1,1,1,1,1
200500012811,0005-03-27 10:00:00,5,3,27,10,0,650,59.0,,43.09,0.17,Plein jour,Hors agglomération,Hors intersection,Normale,Trois véhicules et plus - collisions multiples,,,,,,,,,,,1,1,1,1,5
200500012812,0005-03-21 14:30:00,5,3,21,14,30,650,307.0,Place de la mairie,,,Plein jour,En agglomération,Hors intersection,Normale,Deux véhicules - côté,,,,,,,,,,,1,2,1,1,3
200500012813,0005-03-27 10:30:00,5,3,27,10,30,650,398.0,,,,Plein jour,En agglomération,Intersection en X,Normale,Deux véhicules - côté,,,,,,,,,,,1,2,2,1,3
200500012814,0005-03-05 11:30:00,5,3,5,11,30,650,106.0,Lande de Bourisp,,,Plein jour,En agglomération,Hors intersection,Neige / grêle,Deux véhicules - frontale,,,,,,,,,,,1,2,1,4,1
200500012815,0005-03-26 11:00:00,5,3,26,11,0,650,17.0,,42.791,0.175,Plein jour,Hors agglomération,Hors intersection,Normale,Sans collision,,,,,,,,,,,1,1,1,1,7
200500012816,0005-03-25 18:00:00,5,3,25,18,0,810,156.0,Route de Lagrave,,,Plein jour,En agglomération,Intersection en X,Normale,Deux véhicules - côté,,,,,,,,,,,1,2,2,1,3
200500012817,0005-03-30 14:00:00,5,3,30,14,0,810,97.0,,43.868,2.23,Plein jour,Hors agglomération,Intersection en X,Temps couvert,Deux véhicules - côté,,,,,,,,,,,1,1,2,8,3
200500012818,0005-03-05 20:00:00,5,3,5,20,0,810,319.0,,44.008,2.038,Nuit sans éclairage public,Hors agglomération,Hors intersection,Neige / grêle,Autre collision,,,,,,,,,,,3,1,1,4,6
200500012819,0005-03-22 20:30:00,5,3,22,20,30,810,250.0,,,,Nuit sans éclairage public,Hors agglomération,Intersection en X,Normale,Deux véhicules - frontale,,,,,,,,,,,3,1,2,1,1
200500012820,0005-03-05 15:45:00,5,3,5,15,45,810,78.0,,43.663,1.984,Plein jour,Hors agglomération,Hors intersection,Normale,Autre collision,,,,,,,,,,,1,1,1,1,6
200500012821,0005-03-09 02:15:00,5,3,9,2,15,810,104.0,,43.77,1.821,Nuit sans éclairage public,Hors agglomération,Hors intersection,Normale,Autre collision,,,,,,,,,,,3,1,1,1,6
200500012822,0005-03-13 01:45:00,5,3,13,1,45,810,131.0,,43.89,1.97,Nuit sans éclairage public,Hors agglomération,Hors intersection,Normale,Deux véhicules - côté,,,,,,,,,,,3,1,1,1,3
200500012823,0005-03-13 20:00:00,5,3,13,20,0,810,112.0,,43.924,1.981,Nuit sans éclairage public,Hors agglomération,Hors intersection,Normale,Deux véhicules - frontale,,,,,,,,,,,3,1,1,1,1
200500012824,0005-03-07 14:30:00,5,3,7,14,30,810,206.0,,44.08,1.719,Plein jour,Hors agglomération,Hors intersection,Normale,Deux véhicules - frontale,,,,,,,,,,,1,1,1,1,1
200500012825,0005-03-12 06:00:00,5,3,12,6,0,810,272.0,,43.924,1.609,Crépuscule ou aube,Hors agglomération,Hors intersection,Normale,Autre collision,,,,,,,,,,,2,1,1,1,6
200500012826,0005-03-21 12:45:00,5,3,21,12,45,810,2.0,CHEMIN DES VIGNES,43.509,2.352,Plein jour,En agglomération,Hors intersection,Normale,Deux véhicules - frontale,,,,,,,,,,,1,2,1,1,1
200500012827,0005-03-23 17:00:00,5,3,23,17,0,810,219.0,,43.576,1.98,Plein jour,Hors agglomération,Hors intersection,Normale,Sans collision,,,,,,,,,,,1,1,1,1,7
200500012828,0005-03-08 16:00:00,5,3,8,16,0,820,37.0,,,,Plein jour,Hors agglomération,Hors intersection,Normale,Deux véhicules - côté,,,,,,,,,,,1,1,1,1,3
200500012829,0005-03-11 15:45:00,5,3,11,15,45,820,148.0,,,,Plein jour,Hors agglomération,Hors intersection,Normale,Sans collision,,,,,,,,,,,1,1,1,1,7
200500012830,0005-03-18 10:15:00,5,3,18,10,15,820,37.0,Zone de meaux PN 356,44.165,1.533,Plein jour,En agglomération,Intersection en X,Normale,Deux véhicules - côté,,,,,,,,,,,1,2,2,1,3
200500012831,0005-03-20 16:30:00,5,3,20,16,30,820,126.0,,44.166,1.564,Plein jour,Hors agglomération,Hors intersection,Normale,Autre collision,,,,,,,,,,,1,1,1,1,6
200500012832,0005-03-22 17:45:00,5,3,22,17,45,820,37.0,,,,Plein jour,Hors agglomération,Hors intersection,Normale,Sans collision,,,,,,,,,,,1,1,1,1,7
200500012833,0005-03-31 17:15:00,5,3,31,17,15,820,39.0,,44.112,1.47,Plein jour,Hors agglomération,Hors intersection,Normale,Deux véhicules - côté,,,,,,,,,,,1,1,1,1,3
200500012834,0005-03-10 09:00:00,5,3,10,9,0,820,184.0,,44.027,1.611,Plein jour,Hors agglomération,Hors intersection,Normale,Deux véhicules - frontale,,,,,,,,,,,1,1,1,1,1
200500012835,0005-03-26 05:45:00,5,3,26,5,45,820,180.0,,,,Nuit sans éclairage public,Hors agglomération,Hors intersection,Normale,Autre collision,,,,,,,,,,,3,1,1,1,6
200500012836,0005-03-27 10:00:00,5,3,27,10,0,820,53.0,,43.83,1.024,Plein jour,Hors agglomération,Hors intersection,Normale,Autre collision,,,,,,,,,,,1,1,1,1,6
200500012837,0005-03-03 19:15:00,5,3,3,19,15,820,117.0,,44.383,1.082,Crépuscule ou aube,Hors agglomération,Hors intersection,Normale,Autre collision,,,,,,,,,,,2,1,1,1,6
200500012838,0005-03-13 15:45:00,5,3,13,15,45,820,94.0,,,,Plein jour,Hors agglomération,Hors intersection,Normale,Autre collision,,,,,,,,,,,1,1,1,1,6
200500012839,0005-03-01 15:15:00,5,3,1,15,15,820,96.0,LASTENDOLAS,,,Plein jour,En agglomération,Hors intersection,Normale,Deux véhicules - côté,,,,,,,,,,,1,2,1,1,3
200500012840,0005-03-11 15:15:00,5,3,11,15,15,820,96.0,,,,Plein jour,Hors agglomération,Hors intersection,Normale,Sans collision,,,,,,,,,,,1,1,1,1,7
200500012841,0005-03-15 12:45:00,5,3,15,12,45,820,112.0,,,,Plein jour,Hors agglomération,Hors intersection,Normale,Sans collision,,,,,,,,,,,1,1,1,1,7
200500012842,0005-03-24 07:45:00,5,3,24,7,45,820,45.0,,,,Crépuscule ou aube,Hors agglomération,Hors intersection,Pluie légère,Deux véhicules - frontale,,,,,,,,,,,2,1,1,2,1
200500012843,0005-03-06 06:45:00,5,3,6,6,45,820,124.0,,,,Plein jour,Hors agglomération,Hors intersection,Normale,Autre collision,,,,,,,,,,,1,1,1,1,6
200500012844,0005-03-13 14:30:00,5,3,13,14,30,820,125.0,PONT CANAL,,,Plein jour,En agglomération,Hors intersection,Normale,Deux véhicules - côté,,,,,,,,,,,1,2,1,1,3
200500012845,0005-03-18 19:45:00,5,3,18,19,45,820,89.0,,44.134,0.816,Nuit avec éclairage allumé,Hors agglomération,Hors intersection,Normale,Deux véhicules - côté,,,,,,,,,,,5,1,1,1,3
200500012846,0005-03-07 07:30:00,5,3,7,7,30,690,72.0,Route de Sain Bel,,,Plein jour,En agglomération,Hors intersection,Autre,Trois véhicules et plus - collisions multiples,,,,,,,,,,,1,2,1,9,5
200500012847,0005-03-19 16:00:00,5,3,19,16,0,690,76.0,,,,Plein jour,Hors agglomération,Giratoire,Normale,Deux véhicules - côté,,,,,,,,,,,1,1,6,1,3
200500012848,0005-03-14 17:45:00,5,3,14,17,45,690,277.0,,,,Plein jour,Hors agglomération,Hors intersection,Normale,Trois véhicules et plus - collisions multiples,,,,,,,,,,,1,1,1,1,5
200500012849,0005-03-21 18:30:00,5,3,21,18,30,690,271.0,ROND POINT RENE CASSIN,45.744,4.955,Plein jour,En agglomération,Giratoire,Normale,Deux véhicules - côté,,,,,,,,,,,1,2,6,1,3
200500012850,0005-03-19 18:30:00,5,3,19,18,30,690,55.0,,,,Crépuscule ou aube,Hors agglomération,Hors intersection,Normale,Deux véhicules - arrière,,,,,,,,,,,2,1,1,1,2
200500012851,0005-03-31 15:00:00,5,3,31,15,0,690,40.0,route de st didier,,,Plein jour,En agglomération,Hors intersection,Normale,Autre collision,,,,,,,,,,,1,2,1,1,6
200500012852,0005-03-22 10:00:00,5,3,22,10,0,690,143.0,,45.885,4.878,Plein jour,Hors agglomération,Hors intersection,Normale,Autre collision,,,,,,,,,,,1,1,1,1,6
200500012853,0005-03-23 10:30:00,5,3,23,10,30,690,286.0,,,,Plein jour,En agglomération,Hors intersection,Normale,Deux véhicules - côté,,,,,,,,,,,1,2,1,1,3
200500012854,0005-03-30 20:15:00,5,3,30,20,15,690,286.0,,,,Crépuscule ou aube,En agglomération,Hors intersection,Normale,Deux véhicules - frontale,,,,,,,,,,,2,2,1,1,1
200500012855,0005-03-09 21:00:00,5,3,9,21,0,690,279.0,,,,Nuit avec éclairage allumé,En agglomération,Hors intersection,Normale,Deux véhicules - côté,,,,,,,,,,,5,2,1,1,3
200500012856,0005-03-05 21:15:00,5,3,5,21,15,690,175.0,,,,Nuit avec éclairage allumé,Hors agglomération,Hors intersection,Normale,Autre collision,,,,,,,,,,,5,1,1,1,6
200500012857,0005-03-16 08:00:00,5,3,16,8,0,690,112.0,rte du Charpennay,,,Plein jour,En agglomération,Hors intersection,Normale,Deux véhicules - frontale,,,,,,,,,,,1,2,1,1,1
200500012858,0005-03-16 16:00:00,5,3,16,16,0,690,171.0,"CD7, lieu dit le Fiatet",,,Plein jour,En agglomération,Hors intersection,Normale,Deux véhicules - côté,,,,,,,,,,,1,2,1,1,3
200500012859,0005-03-22 07:00:00,5,3,22,7,0,690,175.0,,,,Plein jour,Hors agglomération,Hors intersection,Normale,Deux véhicules - frontale,,,,,,,,,,,1,1,1,1,1
200500012860,0005-03-03 07:15:00,5,3,3,7,15,690,220.0,,,,Crépuscule ou aube,Hors agglomération,Autre intersection,Normale,Deux véhicules - côté,,,,,,,,,,,2,1,9,1,3
200500012861,0005-03-19 23:30:00,5,3,19,23,30,690,249.0,,45.68,4.615,Nuit sans éclairage public,Hors agglomération,Hors intersection,Normale,Trois véhicules et plus - collisions multiples,,,,,,,,,,,3,1,1,1,5
200500012862,0005-03-02 12:00:00,5,3,2,12,0,690,291.0,,,,Plein jour,En agglomération,Hors intersection,Normale,Deux véhicules - arrière,,,,,,,,,,,1,2,1,1,2
200500012863,0005-03-08 20:00:00,5,3,8,20,0,690,276.0,CD12,45.67,4.845,Nuit sans éclairage public,En agglomération,Hors intersection,Normale,Deux véhicules - côté,,,,,,,,,,,3,2,1,1,3
200500012864,0005-03-20 15:00:00,5,3,20,15,0,690,276.0,Route de Lyon,,,Plein jour,En agglomération,Hors intersection,Normale,Deux véhicules - côté,,,,,,,,,,,1,2,1,1,3
200500012865,0005-03-11 08:45:00,5,3,11,8,45,690,141.0,PLACE DE LA LIBERTE,45.62,4.67,Plein jour,En agglomération,Place,Normale,Autre collision,,,,,,,,,,,1,2,7,1,6
200500012866,0005-03-19 19:45:00,5,3,19,19,45,690,241.0,,45.633,4.727,Nuit sans éclairage public,Hors agglomération,Hors intersection,Normale,Trois véhicules et plus - collisions multiples,,,,,,,,,,,3,1,1,1,5
200500012867,0005-03-26 01:00:00,5,3,26,1,0,690,241.0,,45.62,4.71,Nuit sans éclairage public,Hors agglomération,Hors intersection,Normale,Deux véhicules - arrière,,,,,,,,,,,3,1,1,1,2
200500012868,0005-03-02 07:15:00,5,3,2,7,15,690,121.0,Le Bourg,,,Crépuscule ou aube,En agglomération,Hors intersection,Normale,Autre collision,,,,,,,,,,,2,2,1,1,6
200500012869,0005-03-06 15:45:00,5,3,6,15,45,690,165.0,,46.136,4.658,Plein jour,Hors agglomération,Hors intersection,Neige / grêle,Deux véhicules - frontale,,,,,,,,,,,1,1,1,4,1
200500012870,0005-03-14 07:45:00,5,3,14,7,45,690,65.0,rue des 04 chemins,46.15,4.72,Plein jour,En agglomération,Hors intersection,Normale,Deux véhicules - frontale,,,,,,,,,,,1,2,1,1,1
200500012871,0005-03-14 11:45:00,5,3,14,11,45,690,19.0,,46.11,4.74,Plein jour,En agglomération,Hors intersection,Normale,Deux véhicules - côté,,,,,,,,,,,1,2,1,1,3
200500012872,0005-03-18 14:00:00,5,3,18,14,0,690,19.0,rue de la république,,,Plein jour,En agglomération,Hors intersection,Normale,Deux véhicules - côté,,,,,,,,,,,1,2,1,1,3
200500012873,0005-03-19 15:00:00,5,3,19,15,0,690,211.0,,,,Plein jour,Hors agglomération,Autre intersection,Normale,Deux véhicules - frontale,,,,,,,,,,,1,1,9,1,1
200500012874,0005-03-20 16:30:00,5,3,20,16,30,690,77.0,,,,Plein jour,Hors agglomération,Hors intersection,Temps éblouissant,Deux véhicules - côté,,,,,,,,,,,1,1,1,7,3
200500012875,0005-03-18 16:45:00,5,3,18,16,45,10,405.0,,,,Plein jour,Hors agglomération,Hors intersection,Normale,Trois véhicules et plus - collisions multiples,,,,,,,,,,,1,1,1,1,5
200500012876,0005-03-04 07:00:00,5,3,4,7,0,10,426.0,,,,Plein jour,Hors agglomération,Hors intersection,Neige / grêle,Trois véhicules et plus - collisions multiples,,,,,,,,,,,1,1,1,4,5
200500012877,0005-03-18 14:15:00,5,3,18,14,15,10,245.0,,,,Plein jour,Hors agglomération,Hors intersection,Normale,Sans collision,,,,,,,,,,,1,1,1,1,7
200500012878,0005-03-17 17:30:00,5,3,17,17,30,10,24.0,,,,Plein jour,Hors agglomération,Hors intersection,Normale,Autre collision,,,,,,,,,,,1,1,1,1,6
200500012879,0005-03-04 11:00:00,5,3,4,11,0,10,151.0,,,,Plein jour,Hors agglomération,Intersection en X,Normale,Deux véhicules - côté,,,,,,,,,,,1,1,2,1,3
200500012880,0005-03-21 06:45:00,5,3,21,6,45,10,374.0,,,,Plein jour,Hors agglomération,Hors intersection,Normale,Autre collision,,,,,,,,,,,1,1,1,1,6
200500012881,0005-03-09 18:45:00,5,3,9,18,45,10,343.0,,,,Crépuscule ou aube,Hors agglomération,Hors intersection,Normale,Deux véhicules - frontale,,,,,,,,,,,2,1,1,1,1
200500012882,0005-03-22 22:00:00,5,3,22,22,0,10,343.0,,,,Nuit sans éclairage public,Hors agglomération,Hors intersection,Normale,Autre collision,,,,,,,,,,,3,1,1,1,6
200500012883,0005-03-08 17:00:00,5,3,8,17,0,10,190.0,,,,Plein jour,Hors agglomération,Hors intersection,Normale,Deux véhicules - frontale,,,,,,,,,,,1,1,1,1,1
200500012884,0005-03-23 20:30:00,5,3,23,20,30,10,61.0,,,,Nuit avec éclairage allumé,Hors agglomération,Hors intersection,Normale,Deux véhicules - côté,,,,,,,,,,,5,1,1,1,3
200500012885,0005-03-30 10:00:00,5,3,30,10,0,10,121.0,,46.026,5.511,Plein jour,Hors agglomération,Hors intersection,Normale,Autre collision,,,,,,,,,,,1,1,1,1,6
200500012886,0005-03-04 20:45:00,5,3,4,20,45,10,7.0,,,,Nuit sans éclairage public,Hors agglomération,Hors intersection,Temps couvert,Deux véhicules - frontale,,,,,,,,,,,3,1,1,8,1
200500012887,0005-03-25 16:00:00,5,3,25,16,0,10,202.0,Rue du DocteurBAUME,45.911,5.351,Plein jour,En agglomération,Passage à niveau,Normale,Deux véhicules - frontale,,,,,,,,,,,1,2,8,1,1
200500012888,0005-03-31 08:00:00,5,3,31,8,0,10,390.0,,,,Plein jour,Hors agglomération,Hors intersection,Normale,Deux véhicules - frontale,,,,,,,,,,,1,1,1,1,1
200500012889,0005-03-18 01:00:00,5,3,18,1,0,10,357.0,bellelive,,,Nuit avec éclairage allumé,En agglomération,Hors intersection,Normale,Autre collision,,,,,,,,,,,5,2,1,1,6
200500012890,0005-03-24 19:00:00,5,3,24,19,0,10,33.0,rue de verdun,,,Nuit avec éclairage allumé,En agglomération,Hors intersection,Pluie forte,Autre collision,,,,,,,,,,,5,2,1,3,6
200500012891,0005-03-15 20:15:00,5,3,15,20,15,10,313.0,ROUTE DU SALEVE,,,Nuit sans éclairage public,En agglomération,Hors intersection,Normale,Deux véhicules - frontale,,,,,,,,,,,3,2,1,1,1
200500012892,0005-03-28 18:15:00,5,3,28,18,15,10,143.0,,,,Crépuscule ou aube,Hors agglomération,Hors intersection,Normale,Deux véhicules - frontale,,,,,,,,,,,2,1,1,1,1
200500012893,0005-03-31 09:00:00,5,3,31,9,0,10,160.0,Avenue du Jura,,,Plein jour,En agglomération,Giratoire,Pluie légère,Deux véhicules - frontale,,,,,,,,,,,1,2,6,2,1
200500012894,0005-03-19 09:45:00,5,3,19,9,45,10,109.0,,,,Plein jour,Hors agglomération,Hors intersection,Normale,Deux véhicules - frontale,,,,,,,,,,,1,1,1,1,1
200500012895,0005-03-25 17:45:00,5,3,25,17,45,10,419.0,,46.23,5.99,Plein jour,Hors agglomération,Autre intersection,Normale,Deux véhicules - côté,,,,,,,,,,,1,1,9,1,3
200500012896,0005-03-11 19:30:00,5,3,11,19,30,10,250.0,,45.991,4.797,Nuit sans éclairage public,Hors agglomération,Giratoire,Normale,Deux véhicules - côté,,,,,,,,,,,3,1,6,1,3
200500012897,0005-03-19 18:00:00,5,3,19,18,0,10,250.0,,45.99,4.8,Plein jour,Hors agglomération,Hors intersection,Temps éblouissant,Sans collision,,,,,,,,,,,1,1,1,7,7
200500012898,0005-03-06 19:45:00,5,3,6,19,45,10,383.0,,46.118,5.15,Nuit sans éclairage public,Hors agglomération,Hors intersection,Normale,Trois véhicules et plus - collisions multiples,,,,,,,,,,,3,1,1,1,5
200500012899,0005-03-13 19:30:00,5,3,13,19,30,10,90.0,,,,Nuit sans éclairage public,Hors agglomération,Hors intersection,Normale,Autre collision,,,,,,,,,,,3,1,1,1,6
200500012900,0005-03-21 19:30:00,5,3,21,19,30,10,235.0,,,,Nuit sans éclairage public,Hors agglomération,Hors intersection,Temps couvert,Deux véhicules - côté,,,,,,,,,,,3,1,1,8,3