accident_id,datetime,annee,mois,jour,heure,minute,departement,commune_insee,adresse,latitude,longitude,luminosite,agglomeration,intersection,meteo,collision,nb_vehicules,nb_usagers,nb_indemnes,nb_tues,nb_blesses_hosp,nb_blesses_legers,age_cond_1,age_cond_2,veh_type_cond_1,veh_type_cond_2,lum_code,agg_code,int_code,atm_code,col_code
200500012901,0005-03-05 06:00:00,5,3,5,6,0,10,252.0,,46.143,4.806,Nuit sans éclairage public,Hors agglomération,Hors intersection,Neige / grêle,Deux véhicules - frontale,,,,,,,,,,,3,1,1,4,1
200500012902,0005-03-23 08:30:00,5,3,23,8,30,70,264.0,,44.332,4.621,Plein jour,Hors agglomération,Autre intersection,Temps éblouissant,Sans collision,,,,,,,,,,,1,1,9,7,7
200500012903,0005-03-28 12:45:00,5,3,28,12,45,70,27.0,,44.826,4.81,Plein jour,Hors agglomération,Hors intersection,Normale,Deux véhicules - arrière,,,,,,,,,,,1,1,1,1,2
200500012904,0005-03-03 14:15:00,5,3,3,14,15,70,318.0,,,,Plein jour,En agglomération,Hors intersection,Normale,Autre collision,,,,,,,,,,,1,2,1,1,6
200500012905,0005-03-05 17:00:00,5,3,5,17,0,70,142.0,,44.71,3.87,Plein jour,Hors agglomération,Hors intersection,Neige / grêle,Deux véhicules - frontale,,,,,,,,,,,1,1,1,4,1
200500012906,0005-03-02 11:00:00,5,3,2,11,0,70,201.0,,44.46,4.34,Plein jour,En agglomération,Hors intersection,Normale,Deux véhicules - frontale,,,,,,,,,,,1,2,1,1,1
200500012907,0005-03-18 15:15:00,5,3,18,15,15,70,324.0,Route de LAMASTRE CD 532,,,Plein jour,En agglomération,Intersection en T,Normale,Deux véhicules - côté,,,,,,,,,,,1,2,3,1,3
200500012908,0005-03-18 13:00:00,5,3,18,13,0,70,108.0,,44.93,4.39,Plein jour,Hors agglomération,Hors intersection,Normale,Autre collision,,,,,,,,,,,1,1,1,1,6
200500012909,0005-03-18 18:30:00,5,3,18,18,30,70,103.0,,44.99,4.36,Plein jour,Hors agglomération,Hors intersection,Normale,Autre collision,,,,,,,,,,,1,1,1,1,6
200500012910,0005-03-31 06:00:00,5,3,31,6,0,70,85.0,,45.019,4.62,Crépuscule ou aube,Hors agglomération,Hors intersection,Normale,Sans collision,,,,,,,,,,,2,1,1,1,7
200500012911,0005-03-26 16:45:00,5,3,26,16,45,70,301.0,,,,Plein jour,Hors agglomération,Hors intersection,Normale,Deux véhicules - côté,,,,,,,,,,,1,1,1,1,3
200500012912,0005-03-26 07:45:00,5,3,26,7,45,260,108.0,,44.711,5.008,Crépuscule ou aube,Hors agglomération,Autre intersection,Normale,Autre collision,,,,,,,,,,,2,1,9,1,6
200500012913,0005-03-08 17:45:00,5,3,8,17,45,260,196.0,,44.859,4.923,Plein jour,Hors agglomération,Hors intersection,Normale,Deux véhicules - côté,,,,,,,,,,,1,1,1,1,3
200500012914,0005-03-17 19:45:00,5,3,17,19,45,260,165.0,,44.796,4.852,Nuit sans éclairage public,Hors agglomération,Hors intersection,Normale,Deux véhicules - côté,,,,,,,,,,,3,1,1,1,3
200500012915,0005-03-18 16:45:00,5,3,18,16,45,260,208.0,,,,Plein jour,Hors agglomération,Hors intersection,Normale,Deux véhicules - frontale,,,,,,,,,,,1,1,1,1,1
200500012916,0005-03-26 23:45:00,5,3,26,23,45,260,166.0,,,,Nuit sans éclairage public,Hors agglomération,Hors intersection,Normale,Deux véhicules - côté,,,,,,,,,,,3,1,1,1,3
200500012917,0005-03-14 10:15:00,5,3,14,10,15,260,74.0,AVENUE DES GRANDS GOULET,,,Plein jour,En agglomération,Autre intersection,Normale,Deux véhicules - côté,,,,,,,,,,,1,2,9,1,3
200500012918,0005-03-20 16:00:00,5,3,20,16,0,260,40.0,,44.556,5.586,Plein jour,Hors agglomération,Hors intersection,Normale,Autre collision,,,,,,,,,,,1,1,1,1,6
200500012919,0005-03-21 11:00:00,5,3,21,11,0,260,204.0,,44.643,5.425,Plein jour,Hors agglomération,Hors intersection,Normale,Sans collision,,,,,,,,,,,1,1,1,1,7
200500012920,0005-03-20 21:00:00,5,3,20,21,0,260,339.0,RN7,44.6,4.751,Nuit avec éclairage allumé,En agglomération,Hors intersection,Normale,Autre collision,,,,,,,,,,,5,2,1,1,6
200500012921,0005-03-13 19:15:00,5,3,13,19,15,260,145.0,,44.44,4.76,Nuit sans éclairage public,Hors agglomération,Hors intersection,Normale,Deux véhicules - frontale,,,,,,,,,,,3,1,1,1,1
200500012922,0005-03-14 14:45:00,5,3,14,14,45,260,85.0,,44.517,4.708,Plein jour,Hors agglomération,Hors intersection,Normale,Autre collision,,,,,,,,,,,1,1,1,1,6
200500012923,0005-03-01 20:00:00,5,3,1,20,0,260,235.0,AVENUE DE LATTRE DE TASS,,,Nuit avec éclairage allumé,En agglomération,Hors intersection,Normale,Autre collision,,,,,,,,,,,5,2,1,1,6
200500012924,0005-03-17 21:45:00,5,3,17,21,45,260,182.0,,44.322,5.085,Nuit sans éclairage public,Hors agglomération,Hors intersection,Normale,Sans collision,,,,,,,,,,,3,1,1,1,7
200500012925,0005-03-18 19:15:00,5,3,18,19,15,260,182.0,,44.32,5.099,Crépuscule ou aube,Hors agglomération,Hors intersection,Normale,Deux véhicules - frontale,,,,,,,,,,,2,1,1,1,1
200500012926,0005-03-22 14:00:00,5,3,22,14,0,260,226.0,,,,Plein jour,Hors agglomération,Hors intersection,Normale,Deux véhicules - côté,,,,,,,,,,,1,1,1,1,3
200500012927,0005-03-26 19:30:00,5,3,26,19,30,260,304.0,le village,,,Nuit avec éclairage allumé,En agglomération,Hors intersection,Normale,Autre collision,,,,,,,,,,,5,2,1,1,6
200500012928,0005-03-31 10:45:00,5,3,31,10,45,260,264.0,,,,Plein jour,Hors agglomération,Hors intersection,Normale,Sans collision,,,,,,,,,,,1,1,1,1,7
200500012929,0005-03-13 18:15:00,5,3,13,18,15,260,84.0,,,,Crépuscule ou aube,Hors agglomération,Hors intersection,Normale,Deux véhicules - frontale,,,,,,,,,,,2,1,1,1,1
200500012930,0005-03-30 01:30:00,5,3,30,1,30,260,34.0,,,,Nuit sans éclairage public,Hors agglomération,Hors intersection,Pluie forte,Autre collision,,,,,,,,,,,3,1,1,3,6
200500012931,0005-03-18 16:00:00,5,3,18,16,0,260,271.0,,45.005,4.859,Plein jour,Hors agglomération,Hors intersection,Normale,Deux véhicules - frontale,,,,,,,,,,,1,1,1,1,1
200500012932,0005-03-18 11:45:00,5,3,18,11,45,380,314.0,,45.43,6.009,Plein jour,Hors agglomération,Autre intersection,Normale,Deux véhicules - côté,,,,,,,,,,,1,1,9,1,3
200500012933,0005-03-01 18:45:00,5,3,1,18,45,380,474.0,,,,Nuit sans éclairage public,Hors agglomération,Hors intersection,Normale,Deux véhicules - frontale,,,,,,,,,,,3,1,1,1,1
200500012934,0005-03-28 15:45:00,5,3,28,15,45,380,303.0,,45.299,5.945,Nuit avec éclairage allumé,Hors agglomération,Hors intersection,Normale,Deux véhicules - arrière,,,,,,,,,,,5,1,1,1,2
200500012935,0005-03-25 14:15:00,5,3,25,14,15,380,524.0,,,,Plein jour,En agglomération,Hors intersection,Normale,Deux véhicules - côté,,,,,,,,,,,1,2,1,1,3
200500012936,0005-03-22 07:00:00,5,3,22,7,0,380,565.0,,45.277,5.625,Crépuscule ou aube,Hors agglomération,Hors intersection,Pluie légère,Deux véhicules - frontale,,,,,,,,,,,2,1,1,2,1
200500012937,0005-03-20 01:30:00,5,3,20,1,30,380,413.0,,,,Nuit sans éclairage public,Hors agglomération,Hors intersection,Normale,Autre collision,,,,,,,,,,,3,1,1,1,6
200500012938,0005-03-18 08:15:00,5,3,18,8,15,380,394.0,,,,Plein jour,Hors agglomération,Hors intersection,Normale,Deux véhicules - côté,,,,,,,,,,,1,1,1,1,3
200500012939,0005-03-27 12:30:00,5,3,27,12,30,380,84.0,,,,Plein jour,Hors agglomération,Hors intersection,Normale,Trois véhicules et plus - en chaîne,,,,,,,,,,,1,1,1,1,4
200500012940,0005-03-24 22:00:00,5,3,24,22,0,380,384.0,,45.342,5.321,Nuit sans éclairage public,Hors agglomération,Hors intersection,Normale,Sans collision,,,,,,,,,,,3,1,1,1,7
200500012941,0005-03-17 17:00:00,5,3,17,17,0,380,559.0,Cours Stalingrad,45.212,5.4,Plein jour,En agglomération,Hors intersection,Normale,Autre collision,,,,,,,,,,,1,2,1,1,6
200500012942,0005-03-24 17:30:00,5,3,24,17,30,380,559.0,ZI * LES LEVEES *,45.216,5.412,Plein jour,En agglomération,Hors intersection,Normale,Deux véhicules - frontale,,,,,,,,,,,1,2,1,1,1
200500012943,0005-03-10 18:00:00,5,3,10,18,0,380,149.0,Route de Lyon,45.592,5.246,Plein jour,En agglomération,Hors intersection,Normale,Deux véhicules - côté,,,,,,,,,,,1,2,1,1,3
200500012944,0005-03-10 17:30:00,5,3,10,17,30,380,276.0,RN 85,45.552,5.311,Plein jour,En agglomération,Hors intersection,Normale,Deux véhicules - arrière,,,,,,,,,,,1,2,1,1,2
200500012945,0005-03-20 07:00:00,5,3,20,7,0,380,467.0,,45.672,5.333,Plein jour,Hors agglomération,Hors intersection,Normale,Deux véhicules - frontale,,,,,,,,,,,1,1,1,1,1
200500012946,0005-03-12 06:30:00,5,3,12,6,30,380,118.0,,45.37,5.444,Plein jour,Hors agglomération,Hors intersection,Normale,Deux véhicules - côté,,,,,,,,,,,1,1,1,1,3
200500012947,0005-03-13 11:30:00,5,3,13,11,30,380,365.0,,45.774,5.339,Plein jour,Hors agglomération,Hors intersection,Normale,Deux véhicules - frontale,,,,,,,,,,,1,1,1,1,1
200500012948,0005-03-17 19:30:00,5,3,17,19,30,380,247.0,grande rue,45.814,5.403,Nuit avec éclairage allumé,En agglomération,Hors intersection,Pluie légère,Deux véhicules - côté,,,,,,,,,,,5,2,1,2,3
200500012949,0005-03-10 11:45:00,5,3,10,11,45,380,22.0,rue de l'hôtel de ville,,,Plein jour,En agglomération,Hors intersection,Normale,Autre collision,,,,,,,,,,,1,2,1,1,6
200500012950,0005-03-12 05:30:00,5,3,12,5,30,380,541.0,,45.634,5.55,Nuit sans éclairage public,Hors agglomération,Hors intersection,Normale,Autre collision,,,,,,,,,,,3,1,1,1,6
200500012951,0005-03-12 15:30:00,5,3,12,15,30,380,261.0,,,,Plein jour,Hors agglomération,Hors intersection,Normale,Deux véhicules - frontale,,,,,,,,,,,1,1,1,1,1
200500012952,0005-03-20 12:00:00,5,3,20,12,0,380,465.0,Le petit Gouvoux,,,Plein jour,En agglomération,Hors intersection,Normale,Deux véhicules - côté,,,,,,,,,,,1,2,1,1,3
200500012953,0005-03-23 14:45:00,5,3,23,14,45,380,546.0,,45.619,5.433,Plein jour,Hors agglomération,Hors intersection,Temps éblouissant,Deux véhicules - côté,,,,,,,,,,,1,1,1,7,3
200500012954,0005-03-27 01:30:00,5,3,27,1,30,380,541.0,,,,Nuit sans éclairage public,Hors agglomération,Hors intersection,Pluie légère,Sans collision,,,,,,,,,,,3,1,1,2,7
200500012955,0005-03-06 05:15:00,5,3,6,5,15,380,315.0,,45.524,5.685,Nuit sans éclairage public,Hors agglomération,Hors intersection,Neige / grêle,Deux véhicules - frontale,,,,,,,,,,,3,1,1,4,1
200500012956,0005-03-28 03:00:00,5,3,28,3,0,380,165.0,,45.543,5.557,Nuit sans éclairage public,Hors agglomération,Hors intersection,Normale,Sans collision,,,,,,,,,,,3,1,1,1,7
200500012957,0005-03-22 15:00:00,5,3,22,15,0,380,509.0,BOULEVARD GAMBETTA,45.57,5.448,Plein jour,En agglomération,Hors intersection,Pluie légère,Deux véhicules - côté,,,,,,,,,,,1,2,1,2,3
200500012958,0005-03-07 17:45:00,5,3,7,17,45,440,201.0,,,,Plein jour,Hors agglomération,Hors intersection,Normale,Deux véhicules - frontale,,,,,,,,,,,1,1,1,1,1
200500012959,0005-03-18 18:15:00,5,3,18,18,15,440,66.0,,,,Plein jour,Hors agglomération,Hors intersection,Normale,Autre collision,,,,,,,,,,,1,1,1,1,6
200500012960,0005-03-19 03:45:00,5,3,19,3,45,440,172.0,,,,Nuit sans éclairage public,Hors agglomération,Giratoire,Autre,Sans collision,,,,,,,,,,,3,1,6,9,7
200500012961,0005-03-05 10:30:00,5,3,5,10,30,380,484.0,,,,Plein jour,Hors agglomération,Hors intersection,Neige / grêle,Autre collision,,,,,,,,,,,1,1,1,4,6
200500012962,0005-03-06 16:00:00,5,3,6,16,0,380,199.0,,,,Plein jour,Hors agglomération,Hors intersection,Normale,Sans collision,,,,,,,,,,,1,1,1,1,7
200500012963,0005-03-04 11:45:00,5,3,4,11,45,380,130.0,,45.397,5.239,Plein jour,Hors agglomération,Hors intersection,Neige / grêle,Deux véhicules - côté,,,,,,,,,,,1,1,1,4,3
200500012964,0005-03-22 09:45:00,5,3,22,9,45,380,69.0,,45.442,5.291,Nuit sans éclairage public,Hors agglomération,Hors intersection,Neige / grêle,Deux véhicules - arrière,,,,,,,,,,,3,1,1,4,2
200500012965,0005-03-19 14:45:00,5,3,19,14,45,380,324.0,,45.402,5.024,Plein jour,Hors agglomération,Hors intersection,Normale,Deux véhicules - frontale,,,,,,,,,,,1,1,1,1,1
200500012966,0005-03-06 04:30:00,5,3,6,4,30,380,288.0,,45.582,5.04,Nuit sans éclairage public,Hors agglomération,Hors intersection,Neige / grêle,Deux véhicules - arrière,,,,,,,,,,,3,1,1,4,2
200500012967,0005-03-21 07:45:00,5,3,21,7,45,380,316.0,RUE AIME PINEL,45.759,5.178,Plein jour,En agglomération,Hors intersection,Normale,Autre collision,,,,,,,,,,,1,2,1,1,6
200500012968,0005-03-31 11:00:00,5,3,31,11,0,380,468.0,,45.341,4.81,Plein jour,Hors agglomération,Hors intersection,Normale,Deux véhicules - frontale,,,,,,,,,,,1,1,1,1,1
200500012969,0005-03-18 11:45:00,5,3,18,11,45,380,537.0,rue de la république,,,Plein jour,En agglomération,Hors intersection,Normale,Trois véhicules et plus - collisions multiples,,,,,,,,,,,1,2,1,1,5
200500012970,0005-03-23 15:30:00,5,3,23,15,30,380,449.0,Rond point bld la Noirée,45.644,5.125,Plein jour,En agglomération,Giratoire,Normale,Sans collision,,,,,,,,,,,1,2,6,1,7
200500012971,0005-03-01 16:00:00,5,3,1,16,0,420,302.0,rue l'onzon,,,Plein jour,En agglomération,Hors intersection,Normale,Deux véhicules - côté,,,,,,,,,,,1,2,1,1,3
200500012972,0005-03-04 19:15:00,5,3,4,19,15,420,304.0,rue du 11 novembre,,,Nuit avec éclairage allumé,En agglomération,Hors intersection,Normale,Deux véhicules - frontale,,,,,,,,,,,5,2,1,1,1
200500012973,0005-03-20 05:00:00,5,3,20,5,0,420,211.0,AVENUE PIERRE ZACHARIE,45.534,4.248,Nuit avec éclairage allumé,En agglomération,Hors intersection,Normale,Deux véhicules - frontale,,,,,,,,,,,5,2,1,1,1
200500012974,0005-03-25 05:30:00,5,3,25,5,30,420,5.0,avenue montbrison,45.534,4.254,Nuit avec éclairage allumé,En agglomération,Hors intersection,Brouillard / fumée,Deux véhicules - côté,,,,,,,,,,,5,2,1,5,3
200500012975,0005-03-04 21:30:00,5,3,4,21,30,420,291.0,Le bourg,,,Plein jour,En agglomération,Hors intersection,Neige / grêle,Autre collision,,,,,,,,,,,1,2,1,4,6
200500012976,0005-03-14 11:30:00,5,3,14,11,30,420,291.0,,45.824,3.869,Plein jour,Hors agglomération,Hors intersection,Normale,Deux véhicules - frontale,,,,,,,,,,,1,1,1,1,1
200500012977,0005-03-15 19:30:00,5,3,15,19,30,420,219.0,,,,Nuit sans éclairage public,Hors agglomération,Hors intersection,Normale,Deux véhicules - frontale,,,,,,,,,,,3,1,1,1,1
200500012978,0005-03-04 19:15:00,5,3,4,19,15,420,66.0,,45.758,4.184,Nuit sans éclairage public,Hors agglomération,Hors intersection,Normale,Autre collision,,,,,,,,,,,3,1,1,1,6
200500012979,0005-03-08 16:00:00,5,3,8,16,0,420,59.0,ROUTE DE ST SYMPHORIEN S,45.641,4.397,Plein jour,En agglomération,Hors intersection,Normale,Deux véhicules - frontale,,,,,,,,,,,1,2,1,1,1
200500012980,0005-03-13 16:15:00,5,3,13,16,15,420,13.0,,,,Plein jour,Hors agglomération,Hors intersection,Normale,Deux véhicules - frontale,,,,,,,,,,,1,1,1,1,1
200500012981,0005-03-08 16:00:00,5,3,8,16,0,420,265.0,,,,Plein jour,Hors agglomération,Hors intersection,Normale,Deux véhicules - frontale,,,,,,,,,,,1,1,1,1,1
200500012982,0005-03-30 19:15:00,5,3,30,19,15,420,168.0,,45.424,4.703,Plein jour,Hors agglomération,Hors intersection,Normale,Deux véhicules - frontale,,,,,,,,,,,1,1,1,1,1
200500012983,0005-03-12 12:15:00,5,3,12,12,15,420,332.0,120IS RUE DE VILLEMONT,,,Plein jour,En agglomération,Hors intersection,Normale,Deux véhicules - côté,,,,,,,,,,,1,2,1,1,3
200500012984,0005-03-14 17:00:00,5,3,14,17,0,420,331.0,Le bourg,,,Plein jour,En agglomération,Hors intersection,Normale,Autre collision,,,,,,,,,,,1,2,1,1,6
200500012985,0005-03-15 19:15:00,5,3,15,19,15,420,178.0,,46.007,4.174,Plein jour,Hors agglomération,Hors intersection,Normale,Autre collision,,,,,,,,,,,1,1,1,1,6
200500012986,0005-03-24 09:15:00,5,3,24,9,15,420,229.0,,46.18,4.38,Plein jour,Hors agglomération,Hors intersection,Normale,Autre collision,,,,,,,,,,,1,1,1,1,6
200500012987,0005-03-08 22:30:00,5,3,8,22,30,420,49.0,,46.149,3.889,Nuit sans éclairage public,Hors agglomération,Hors intersection,Normale,Deux véhicules - côté,,,,,,,,,,,3,1,1,1,3
200500012988,0005-03-11 08:15:00,5,3,11,8,15,420,231.0,route de Renaison,46.103,3.959,Plein jour,En agglomération,Hors intersection,Normale,Deux véhicules - frontale,,,,,,,,,,,1,2,1,1,1
200500012989,0005-03-13 16:30:00,5,3,13,16,30,420,182.0,La Grange Vignat,,,Plein jour,En agglomération,Intersection en T,Temps éblouissant,Deux véhicules - côté,,,,,,,,,,,1,2,3,7,3
200500012990,0005-03-31 13:45:00,5,3,31,13,45,420,176.0,,,,Plein jour,Hors agglomération,Hors intersection,Normale,Deux véhicules - frontale,,,,,,,,,,,1,1,1,1,1
200500012991,0005-03-26 19:00:00,5,3,26,19,0,420,314.0,,,,Nuit sans éclairage public,Hors agglomération,Hors intersection,Pluie légère,Sans collision,,,,,,,,,,,3,1,1,2,7
200500012992,0005-03-19 14:00:00,5,3,19,14,0,730,128.0,,,,Plein jour,Hors agglomération,Hors intersection,Normale,Autre collision,,,,,,,,,,,1,1,1,1,6
200500012993,0005-03-06 01:15:00,5,3,6,1,15,730,95.0,CD 925,45.47,6.12,Nuit avec éclairage allumé,En agglomération,Hors intersection,Neige / grêle,Deux véhicules - côté,,,,,,,,,,,5,2,1,4,3
200500012994,0005-03-17 19:45:00,5,3,17,19,45,730,95.0,,45.47,6.12,Nuit sans éclairage public,Hors agglomération,Hors intersection,Normale,Deux véhicules - arrière,,,,,,,,,,,3,1,1,1,2
200500012995,0005-03-09 15:00:00,5,3,9,15,0,730,58.0,,,,Plein jour,Hors agglomération,Hors intersection,Normale,Deux véhicules - frontale,,,,,,,,,,,1,1,1,1,1
200500012996,0005-03-19 16:30:00,5,3,19,16,30,730,226.0,,,,Plein jour,Hors agglomération,Hors intersection,Normale,Deux véhicules - frontale,,,,,,,,,,,1,1,1,1,1
200500012997,0005-03-15 19:00:00,5,3,15,19,0,730,240.0,,,,Crépuscule ou aube,Hors agglomération,Hors intersection,Normale,Deux véhicules - côté,,,,,,,,,,,2,1,1,1,3
200500012998,0005-03-18 16:45:00,5,3,18,16,45,730,51.0,,,,Plein jour,En agglomération,Hors intersection,Normale,Autre collision,,,,,,,,,,,1,2,1,1,6
200500012999,0005-03-26 00:15:00,5,3,26,0,15,730,245.0,,,,Nuit sans éclairage public,Hors agglomération,Hors intersection,Normale,Deux véhicules - arrière,,,,,,,,,,,3,1,1,1,2
200500013000,0005-03-28 17:45:00,5,3,28,17,45,730,21.0,,,,Plein jour,Hors agglomération,Hors intersection,Normale,Deux véhicules - frontale,,,,,,,,,,,1,1,1,1,1
200500013001,0005-03-04 05:15:00,5,3,4,5,15,730,39.0,,45.55,5.682,Nuit avec éclairage non allumé,Hors agglomération,Hors intersection,Neige / grêle,Deux véhicules - côté,,,,,,,,,,,4,1,1,4,3
200500013002,0005-03-03 10:00:00,5,3,3,10,0,730,330.0,,45.7,5.77,Plein jour,Hors agglomération,Hors intersection,Normale,Autre collision,,,,,,,,,,,1,1,1,1,6
200500013003,0005-03-04 20:45:00,5,3,4,20,45,730,232.0,,,,Nuit sans éclairage public,Hors agglomération,Hors intersection,Neige / grêle,Deux véhicules - frontale,,,,,,,,,,,3,1,1,4,1
200500013004,0005-03-10 10:00:00,5,3,10,10,0,730,232.0,,,,Plein jour,Hors agglomération,Hors intersection,Normale,Trois véhicules et plus - en chaîne,,,,,,,,,,,1,1,1,1,4
200500013005,0005-03-04 19:00:00,5,3,4,19,0,730,206.0,CARREFOUR DU RAFFORT,45.384,6.729,Nuit avec éclairage allumé,En agglomération,Hors intersection,Neige / grêle,Deux véhicules - frontale,,,,,,,,,,,5,2,1,4,1
200500013006,0005-03-05 22:45:00,5,3,5,22,45,730,15.0,IMPASSE PLAN CHEVALLIER,45.405,6.566,Nuit avec éclairage allumé,En agglomération,Hors intersection,Neige / grêle,Autre collision,,,,,,,,,,,5,2,1,4,6
200500013007,0005-03-22 14:00:00,5,3,22,14,0,730,227.0,,,,Plein jour,Hors agglomération,Hors intersection,Temps couvert,Deux véhicules - frontale,,,,,,,,,,,1,1,1,8,1
200500013008,0005-03-30 03:00:00,5,3,30,3,0,730,15.0,Musillon,,,Nuit sans éclairage public,En agglomération,Hors intersection,Normale,Autre collision,,,,,,,,,,,3,2,1,1,6
200500013009,0005-03-06 09:00:00,5,3,6,9,0,730,157.0,,45.18,6.658,Plein jour,Hors agglomération,Autre intersection,Neige / grêle,Deux véhicules - frontale,,,,,,,,,,,1,1,9,4,1
200500013010,0005-03-07 12:15:00,5,3,7,12,15,730,157.0,,45.187,6.657,Plein jour,Hors agglomération,Hors intersection,Neige / grêle,Deux véhicules - frontale,,,,,,,,,,,1,1,1,4,1
200500013011,0005-03-26 14:45:00,5,3,26,14,45,730,306.0,,,,Plein jour,Hors agglomération,Hors intersection,Temps couvert,Deux véhicules - frontale,,,,,,,,,,,1,1,1,8,1
200500013012,0005-03-28 13:15:00,5,3,28,13,15,730,258.0,,,,Plein jour,Hors agglomération,Intersection en T,Normale,Deux véhicules - frontale,,,,,,,,,,,1,1,3,1,1
200500013013,0005-03-29 20:30:00,5,3,29,20,30,740,19.0,,45.952,6.161,Nuit sans éclairage public,Hors agglomération,Hors intersection,Normale,Deux véhicules - arrière,,,,,,,,,,,3,1,1,1,2
200500013014,0005-03-05 19:45:00,5,3,5,19,45,740,310.0,,45.82,6.06,Nuit sans éclairage public,Hors agglomération,Hors intersection,Neige / grêle,Deux véhicules - frontale,,,,,,,,,,,3,1,1,4,1
200500013015,0005-03-11 13:45:00,5,3,11,13,45,740,97.0,,45.76,6.01,Plein jour,Hors agglomération,Hors intersection,Normale,Trois véhicules et plus - collisions multiples,,,,,,,,,,,1,1,1,1,5
200500013016,0005-03-06 11:15:00,5,3,6,11,15,740,143.0,ROND POINT DU PRARION,,,Plein jour,En agglomération,Giratoire,Normale,Autre collision,,,,,,,,,,,1,2,6,1,6
200500013017,0005-03-11 09:00:00,5,3,11,9,0,740,14.0,,46.05,6.627,Plein jour,Hors agglomération,Hors intersection,Normale,Deux véhicules - frontale,,,,,,,,,,,1,1,1,1,1
200500013018,0005-03-11 13:15:00,5,3,11,13,15,740,169.0,,46.057,6.527,Plein jour,Hors agglomération,Hors intersection,Normale,Deux véhicules - frontale,,,,,,,,,,,1,1,1,1,1
200500013019,0005-03-16 21:30:00,5,3,16,21,30,740,159.0,,46.005,6.631,Nuit sans éclairage public,Hors agglomération,Hors intersection,Normale,Deux véhicules - frontale,,,,,,,,,,,3,1,1,1,1
200500013020,0005-03-29 12:00:00,5,3,29,12,0,740,81.0,,,,Plein jour,Hors agglomération,Hors intersection,Normale,Deux véhicules - côté,,,,,,,,,,,1,1,1,1,3
200500013021,0005-03-30 13:15:00,5,3,30,13,15,740,81.0,RUE MARECHAL DELATTRE TA,46.07,6.572,Plein jour,En agglomération,Hors intersection,Normale,Deux véhicules - frontale,,,,,,,,,,,1,2,1,1,1
200500013022,0005-03-10 10:30:00,5,3,10,10,30,740,173.0,RN 212,45.899,6.645,Plein jour,En agglomération,Hors intersection,Temps éblouissant,Autre collision,,,,,,,,,,,1,2,1,7,6
200500013023,0005-03-12 16:30:00,5,3,12,16,30,740,85.0,route du plan du moulin,,,Plein jour,En agglomération,Hors intersection,Normale,Autre collision,,,,,,,,,,,1,2,1,1,6
200500013024,0005-03-19 14:30:00,5,3,19,14,30,740,44.0,,,,Plein jour,Hors agglomération,Hors intersection,Normale,Deux véhicules - côté,,,,,,,,,,,1,1,1,1,3
200500013025,0005-03-03 19:00:00,5,3,3,19,0,740,128.0,,,,Nuit sans éclairage public,Hors agglomération,Hors intersection,Neige / grêle,Autre collision,,,,,,,,,,,3,1,1,4,6
200500013026,0005-03-20 21:00:00,5,3,20,21,0,740,288.0,,,,Nuit sans éclairage public,Hors agglomération,Hors intersection,Normale,Deux véhicules - frontale,,,,,,,,,,,3,1,1,1,1
200500013027,0005-03-03 22:00:00,5,3,3,22,0,740,131.0,31 route de ANNECY,,,Nuit avec éclairage allumé,En agglomération,Hors intersection,Neige / grêle,Deux véhicules - côté,,,,,,,,,,,5,2,1,4,3
200500013028,0005-03-18 17:30:00,5,3,18,17,30,740,65.0,LE MALPAS,46.03,5.95,Plein jour,En agglomération,Intersection en T,Normale,Deux véhicules - côté,,,,,,,,,,,1,2,3,1,3
200500013029,0005-03-21 04:15:00,5,3,21,4,15,740,43.0,,46.277,6.348,Nuit sans éclairage public,Hors agglomération,Hors intersection,Normale,Deux véhicules - frontale,,,,,,,,,,,3,1,1,1,1
200500013030,0005-03-04 01:00:00,5,3,4,1,0,740,63.0,CD230,46.266,6.834,Nuit avec éclairage allumé,En agglomération,Hors intersection,Neige / grêle,Deux véhicules - frontale,,,,,,,,,,,5,2,1,4,1
200500013031,0005-03-02 07:15:00,5,3,2,7,15,740,222.0,,46.338,6.579,Crépuscule ou aube,Hors agglomération,Hors intersection,Temps couvert,Deux véhicules - frontale,,,,,,,,,,,2,1,1,8,1
200500013032,0005-03-20 05:00:00,5,3,20,5,0,740,32.0,,,,Nuit sans éclairage public,Hors agglomération,Hors intersection,Normale,Autre collision,,,,,,,,,,,3,1,1,1,6
200500013033,0005-03-03 08:00:00,5,3,3,8,0,740,127.0,,46.359,6.572,Crépuscule ou aube,Hors agglomération,Hors intersection,Temps éblouissant,Deux véhicules - frontale,,,,,,,,,,,2,1,1,7,1
200500013034,0005-03-10 19:00:00,5,3,10,19,0,740,154.0,,46.407,6.666,Nuit sans éclairage public,Hors agglomération,Hors intersection,Normale,Deux véhicules - frontale,,,,,,,,,,,3,1,1,1,1
200500013035,0005-03-24 21:45:00,5,3,24,21,45,740,154.0,,46.405,6.651,Nuit avec éclairage allumé,En agglomération,Hors intersection,Pluie légère,Autre collision,,,,,,,,,,,5,2,1,2,6