accident_id,datetime,annee,mois,jour,heure,minute,departement,commune_insee,adresse,latitude,longitude,luminosite,agglomeration,intersection,meteo,collision,nb_vehicules,nb_usagers,nb_indemnes,nb_tues,nb_blesses_hosp,nb_blesses_legers,age_cond_1,age_cond_2,veh_type_cond_1,veh_type_cond_2,lum_code,agg_code,int_code,atm_code,col_code
200500013036,0005-03-13 13:00:00,5,3,13,13,0,740,34.0,CD 32 col du corbier,,,Plein jour,En agglomération,Hors intersection,Normale,Autre collision,,,,,,,,,,,1,2,1,1,6
200500013037,0005-03-17 19:00:00,5,3,17,19,0,630,40.0,,,,Nuit sans éclairage public,Hors agglomération,Intersection en Y,Normale,Deux véhicules - côté,,,,,,,,,,,3,1,4,1,3
200500013038,0005-03-18 10:30:00,5,3,18,10,30,630,49.0,,45.787,3.314,Plein jour,Hors agglomération,Intersection en Y,Normale,Deux véhicules - côté,,,,,,,,,,,1,1,4,1,3
200500013039,0005-03-19 15:45:00,5,3,19,15,45,630,227.0,,45.698,3.223,Plein jour,Hors agglomération,Hors intersection,Normale,Deux véhicules - frontale,,,,,,,,,,,1,1,1,1,1
200500013040,0005-03-25 17:15:00,5,3,25,17,15,630,126.0,,45.69,3.14,Plein jour,Hors agglomération,Hors intersection,Normale,Deux véhicules - frontale,,,,,,,,,,,1,1,1,1,1
200500013041,0005-03-14 14:30:00,5,3,14,14,30,630,3.0,17 AVENUE FOCH,45.556,3.742,Plein jour,En agglomération,Hors intersection,Normale,Autre collision,,,,,,,,,,,1,2,1,1,6
200500013042,0005-03-21 14:30:00,5,3,21,14,30,630,314.0,,45.588,3.608,Plein jour,Hors agglomération,Hors intersection,Normale,Deux véhicules - frontale,,,,,,,,,,,1,1,1,1,1
200500013043,0005-03-13 17:00:00,5,3,13,17,0,630,114.0,,45.446,3.213,Plein jour,Hors agglomération,Hors intersection,Normale,Autre collision,,,,,,,,,,,1,1,1,1,6
200500013044,0005-03-03 07:45:00,5,3,3,7,45,630,203.0,,,,Plein jour,Hors agglomération,Hors intersection,Normale,Sans collision,,,,,,,,,,,1,1,1,1,7
200500013045,0005-03-13 13:00:00,5,3,13,13,0,630,322.0,,45.874,3.177,Plein jour,Hors agglomération,Hors intersection,Normale,Deux véhicules - côté,,,,,,,,,,,1,1,1,1,3
200500013046,0005-03-27 05:00:00,5,3,27,5,0,630,85.0,RUE DE LA CHARTREUSE,,,Nuit avec éclairage allumé,En agglomération,Hors intersection,Normale,Deux véhicules - frontale,,,,,,,,,,,5,2,1,1,1
200500013047,0005-03-29 16:45:00,5,3,29,16,45,630,195.0,RUE SAINT TAURIN,45.833,3.382,Plein jour,En agglomération,Hors intersection,Pluie forte,Autre collision,,,,,,,,,,,1,2,1,3,6
200500013048,0005-03-13 14:30:00,5,3,13,14,30,30,316.0,,,,Plein jour,Hors agglomération,Hors intersection,Normale,Autre collision,,,,,,,,,,,1,1,1,1,6
200500013049,0005-03-11 19:45:00,5,3,11,19,45,30,292.0,,,,Nuit sans éclairage public,Hors agglomération,Hors intersection,Normale,Trois véhicules et plus - collisions multiples,,,,,,,,,,,3,1,1,1,5
200500013050,0005-03-06 03:00:00,5,3,6,3,0,30,279.0,LE BOURG,46.272,2.532,Nuit avec éclairage allumé,En agglomération,Hors intersection,Neige / grêle,Sans collision,,,,,,,,,,,5,2,1,4,7
200500013051,0005-03-12 21:45:00,5,3,12,21,45,30,297.0,Ure Jean Jaurès,46.54,2.61,Nuit avec éclairage allumé,En agglomération,Hors intersection,Pluie légère,Autre collision,,,,,,,,,,,5,2,1,2,6
200500013052,0005-03-21 15:15:00,5,3,21,15,15,30,48.0,la vigne au bois,46.621,2.823,Plein jour,En agglomération,Autre intersection,Normale,Autre collision,,,,,,,,,,,1,2,9,1,6
200500013053,0005-03-21 09:45:00,5,3,21,9,45,30,60.0,,,,Plein jour,Hors agglomération,Hors intersection,Normale,Deux véhicules - arrière,,,,,,,,,,,1,1,1,1,2
200500013054,0005-03-14 02:00:00,5,3,14,2,0,30,289.0,,46.377,3.503,Nuit avec éclairage allumé,Hors agglomération,Hors intersection,Normale,Autre collision,,,,,,,,,,,5,1,1,1,6
200500013055,0005-03-18 17:15:00,5,3,18,17,15,150,169.0,Route de SAUVAT,45.338,2.477,Plein jour,En agglomération,Hors intersection,Temps éblouissant,Autre collision,,,,,,,,,,,1,2,1,7,6
200500013056,0005-03-26 14:30:00,5,3,26,14,30,430,152.0,,,,Plein jour,Hors agglomération,Intersection en X,Normale,Deux véhicules - côté,,,,,,,,,,,1,1,2,1,3
200500013057,0005-03-29 10:00:00,5,3,29,10,0,430,80.0,,,,Plein jour,Hors agglomération,Hors intersection,Pluie légère,Autre collision,,,,,,,,,,,1,1,1,2,6
200500013058,0005-03-27 12:15:00,5,3,27,12,15,430,128.0,,45.346,3.712,Plein jour,Hors agglomération,Hors intersection,Temps couvert,Sans collision,,,,,,,,,,,1,1,1,8,7
200500013059,0005-03-16 17:15:00,5,3,16,17,15,430,13.0,,45.102,3.595,Crépuscule ou aube,Hors agglomération,Hors intersection,Normale,Autre collision,,,,,,,,,,,2,1,1,1,6
200500013060,0005-03-18 17:00:00,5,3,18,17,0,430,120.0,,45.385,3.281,Plein jour,Hors agglomération,Hors intersection,Normale,Autre collision,,,,,,,,,,,1,1,1,1,6
200500013061,0005-03-13 15:00:00,5,3,13,15,0,430,162.0,,,,Plein jour,Hors agglomération,Hors intersection,Normale,Sans collision,,,,,,,,,,,1,1,1,1,7
200500013062,0005-03-20 18:30:00,5,3,20,18,30,430,268.0,route de Retournac,45.148,4.119,Plein jour,En agglomération,Hors intersection,Normale,Deux véhicules - côté,,,,,,,,,,,1,2,1,1,3
200500013063,0005-03-20 14:00:00,5,3,20,14,0,430,25.0,,45.283,4.113,Plein jour,Hors agglomération,Hors intersection,Normale,Autre collision,,,,,,,,,,,1,1,1,1,6
200500013064,0005-03-11 18:30:00,5,3,11,18,30,430,137.0,Parking CHAMPION,45.293,4.169,Nuit avec éclairage non allumé,En agglomération,Hors intersection,Normale,Autre collision,,,,,,,,,,,4,2,1,1,6
200500013065,0005-03-15 17:15:00,5,3,15,17,15,430,87.0,ROUTE DU FRAYSSE,45.218,4.346,Plein jour,En agglomération,Hors intersection,Temps éblouissant,Autre collision,,,,,,,,,,,1,2,1,7,6
200500013066,0005-03-11 19:45:00,5,3,11,19,45,570,416.0,,,,Nuit sans éclairage public,Hors agglomération,Hors intersection,Normale,Sans collision,,,,,,,,,,,3,1,1,1,7
200500013067,0005-03-25 18:00:00,5,3,25,18,0,570,511.0,,49.19,6.145,Nuit sans éclairage public,Hors agglomération,Hors intersection,Normale,Deux véhicules - frontale,,,,,,,,,,,3,1,1,1,1
200500013068,0005-03-30 20:00:00,5,3,30,20,0,570,162.0,5 rue des chenevieres,,,Nuit avec éclairage allumé,En agglomération,Hors intersection,Normale,Autre collision,,,,,,,,,,,5,2,1,1,6
200500013069,0005-03-01 16:00:00,5,3,1,16,0,570,155.0,,,,Plein jour,Hors agglomération,Hors intersection,Normale,Deux véhicules - arrière,,,,,,,,,,,1,1,1,1,2
200500013070,0005-03-02 07:00:00,5,3,2,7,0,570,85.0,,,,Crépuscule ou aube,Hors agglomération,Hors intersection,Normale,Autre collision,,,,,,,,,,,2,1,1,1,6
200500013071,0005-03-22 20:45:00,5,3,22,20,45,570,155.0,RN 3,49.114,6.38,Crépuscule ou aube,En agglomération,Hors intersection,Normale,Deux véhicules - côté,,,,,,,,,,,2,2,1,1,3
200500013072,0005-03-16 19:00:00,5,3,16,19,0,570,160.0,CD 73 VOIE DE JONCTION,49.196,6.684,Nuit avec éclairage allumé,En agglomération,Hors intersection,Normale,Deux véhicules - arrière,,,,,,,,,,,5,2,1,1,2
200500013073,0005-03-20 07:00:00,5,3,20,7,0,570,120.0,,,,Crépuscule ou aube,Hors agglomération,Hors intersection,Normale,Autre collision,,,,,,,,,,,2,1,1,1,6
200500013074,0005-03-16 17:45:00,5,3,16,17,45,570,58.0,RUE DE BOURGOGNE,49.177,6.934,Plein jour,En agglomération,Hors intersection,Normale,Autre collision,,,,,,,,,,,1,2,1,1,6
200500013075,0005-03-21 11:45:00,5,3,21,11,45,570,207.0,Rue Victor Hugo,49.126,6.876,Plein jour,En agglomération,Hors intersection,Normale,Autre collision,,,,,,,,,,,1,2,1,1,6
200500013076,0005-03-31 16:00:00,5,3,31,16,0,570,176.0,72 rue Principale,,,Plein jour,En agglomération,Hors intersection,Normale,Deux véhicules - frontale,,,,,,,,,,,1,2,1,1,1
200500013077,0005-03-19 06:45:00,5,3,19,6,45,570,123.0,,49.166,6.715,Crépuscule ou aube,Hors agglomération,Hors intersection,Brouillard / fumée,Deux véhicules - frontale,,,,,,,,,,,2,1,1,5,1
200500013078,0005-03-25 14:15:00,5,3,25,14,15,570,765.0,19 rue de l'Eglise,,,Plein jour,En agglomération,Hors intersection,Normale,Deux véhicules - côté,,,,,,,,,,,1,2,1,1,3
200500013079,0005-03-21 19:15:00,5,3,21,19,15,570,232.0,,48.961,6.798,Nuit sans éclairage public,Hors agglomération,Hors intersection,Normale,Autre collision,,,,,,,,,,,3,1,1,1,6
200500013080,0005-03-15 08:00:00,5,3,15,8,0,570,333.0,RC 1,48.755,7.163,Nuit avec éclairage allumé,En agglomération,Hors intersection,Neige / grêle,Autre collision,,,,,,,,,,,5,2,1,4,6
200500013081,0005-03-18 07:45:00,5,3,18,7,45,570,86.0,,,,Crépuscule ou aube,Hors agglomération,Hors intersection,Brouillard / fumée,Deux véhicules - arrière,,,,,,,,,,,2,1,1,5,2
200500013082,0005-03-08 12:45:00,5,3,8,12,45,570,541.0,,,,Plein jour,Hors agglomération,Hors intersection,Normale,Deux véhicules - côté,,,,,,,,,,,1,1,1,1,3
200500013083,0005-03-20 15:00:00,5,3,20,15,0,570,195.0,rue de Bettviller,49.102,7.324,Plein jour,En agglomération,Hors intersection,Normale,Autre collision,,,,,,,,,,,1,2,1,1,6
200500013084,0005-03-27 23:30:00,5,3,27,23,30,570,526.0,,,,Nuit sans éclairage public,Hors agglomération,Hors intersection,Temps couvert,Autre collision,,,,,,,,,,,3,1,1,8,6
200500013085,0005-03-23 13:45:00,5,3,23,13,45,570,724.0,route de Thionville,,,Plein jour,En agglomération,Hors intersection,Normale,Deux véhicules - frontale,,,,,,,,,,,1,2,1,1,1
200500013086,0005-03-15 05:30:00,5,3,15,5,30,570,358.0,rue de thionville,49.311,6.334,Nuit avec éclairage allumé,En agglomération,Hors intersection,Temps couvert,Autre collision,,,,,,,,,,,5,2,1,8,6
200500013087,0005-03-11 19:30:00,5,3,11,19,30,570,683.0,Rue de la Gare,49.309,6.156,Nuit avec éclairage allumé,En agglomération,Hors intersection,Normale,Autre collision,,,,,,,,,,,5,2,1,1,6
200500013088,0005-03-06 05:00:00,5,3,6,5,0,540,110.0,,,,Nuit sans éclairage public,Hors agglomération,Hors intersection,Neige / grêle,Autre collision,,,,,,,,,,,3,1,1,4,6
200500013089,0005-03-27 03:15:00,5,3,27,3,15,540,114.0,Route Nationale 57,48.96,6.059,Nuit avec éclairage allumé,En agglomération,Hors intersection,Normale,Deux véhicules - frontale,,,,,,,,,,,5,2,1,1,1
200500013090,0005-03-05 09:00:00,5,3,5,9,0,540,90.0,,,,Plein jour,Hors agglomération,Hors intersection,Neige / grêle,Sans collision,,,,,,,,,,,1,1,1,4,7
200500013091,0005-03-15 08:30:00,5,3,15,8,30,540,430.0,rue du général De Gaulle,,,Plein jour,En agglomération,Hors intersection,Normale,Deux véhicules - arrière,,,,,,,,,,,1,2,1,1,2
200500013092,0005-03-31 22:00:00,5,3,31,22,0,540,115.0,71 RUE DE NANCY,,,Nuit avec éclairage allumé,En agglomération,Hors intersection,Normale,Deux véhicules - côté,,,,,,,,,,,5,2,1,1,3
200500013093,0005-03-26 02:15:00,5,3,26,2,15,540,55.0,,,,Nuit sans éclairage public,Hors agglomération,Hors intersection,Brouillard / fumée,Deux véhicules - frontale,,,,,,,,,,,3,1,1,5,1
200500013094,0005-03-12 11:15:00,5,3,12,11,15,540,345.0,,,,Plein jour,Hors agglomération,Hors intersection,Autre,Deux véhicules - frontale,,,,,,,,,,,1,1,1,9,1
200500013095,0005-03-09 19:45:00,5,3,9,19,45,540,307.0,,,,Nuit sans éclairage public,Hors agglomération,Hors intersection,Normale,Autre collision,,,,,,,,,,,3,1,1,1,6
200500013096,0005-03-10 03:45:00,5,3,10,3,45,540,473.0,,,,Nuit avec éclairage allumé,En agglomération,Hors intersection,Normale,Autre collision,,,,,,,,,,,5,2,1,1,6
200500013097,0005-03-19 11:15:00,5,3,19,11,15,540,411.0,,,,Plein jour,Hors agglomération,Hors intersection,Normale,Autre collision,,,,,,,,,,,1,1,1,1,6
200500013098,0005-03-23 04:00:00,5,3,23,4,0,540,590.0,,,,Nuit sans éclairage public,Hors agglomération,Hors intersection,Normale,Sans collision,,,,,,,,,,,3,1,1,1,7
200500013099,0005-03-25 08:15:00,5,3,25,8,15,540,314.0,rue Alexandre Gauche,,,Plein jour,En agglomération,Hors intersection,Normale,Autre collision,,,,,,,,,,,1,2,1,1,6
200500013100,0005-03-07 19:00:00,5,3,7,19,0,540,29.0,TUCQUEGNIEUX,,,Nuit avec éclairage allumé,En agglomération,Hors intersection,Normale,Deux véhicules - frontale,,,,,,,,,,,5,2,1,1,1
200500013101,0005-03-26 18:45:00,5,3,26,18,45,540,69.0,,49.407,5.926,Nuit sans éclairage public,Hors agglomération,Hors intersection,Pluie légère,Deux véhicules - côté,,,,,,,,,,,3,1,1,2,3
200500013102,0005-03-08 07:30:00,5,3,8,7,30,540,42.0,,48.437,6.272,Plein jour,Hors agglomération,Hors intersection,Autre,Deux véhicules - côté,,,,,,,,,,,1,1,1,9,3
200500013103,0005-03-19 19:00:00,5,3,19,19,0,540,595.0,,48.545,6.462,Crépuscule ou aube,Hors agglomération,Hors intersection,Normale,Sans collision,,,,,,,,,,,2,1,1,1,7
200500013104,0005-03-26 08:15:00,5,3,26,8,15,540,42.0,,48.486,6.323,Plein jour,Hors agglomération,Hors intersection,Normale,Autre collision,,,,,,,,,,,1,1,1,1,6
200500013105,0005-03-29 14:30:00,5,3,29,14,30,540,561.0,,48.451,6.468,Plein jour,Hors agglomération,Intersection en T,Normale,Deux véhicules - frontale,,,,,,,,,,,1,1,3,1,1
200500013106,0005-03-14 19:30:00,5,3,14,19,30,540,222.0,,48.515,6.498,Crépuscule ou aube,Hors agglomération,Hors intersection,Normale,Sans collision,,,,,,,,,,,2,1,1,1,7
200500013107,0005-03-14 09:30:00,5,3,14,9,30,540,327.0,,,,Plein jour,Hors agglomération,Hors intersection,Neige / grêle,Autre collision,,,,,,,,,,,1,1,1,4,6
200500013108,0005-03-20 16:00:00,5,3,20,16,0,540,242.0,rue st mansuy,48.624,5.879,Plein jour,En agglomération,Hors intersection,Normale,Autre collision,,,,,,,,,,,1,2,1,1,6
200500013109,0005-03-27 08:00:00,5,3,27,8,0,550,123.0,,,,Plein jour,Hors agglomération,Hors intersection,Temps couvert,Deux véhicules - frontale,,,,,,,,,,,1,1,1,8,1
200500013110,0005-03-18 22:00:00,5,3,18,22,0,550,291.0,,,,Nuit avec éclairage allumé,Hors agglomération,Hors intersection,Normale,Autre collision,,,,,,,,,,,5,1,1,1,6
200500013111,0005-03-29 09:15:00,5,3,29,9,15,550,291.0,,,,Plein jour,Hors agglomération,Hors intersection,Normale,Sans collision,,,,,,,,,,,1,1,1,1,7
200500013112,0005-03-25 19:45:00,5,3,25,19,45,550,122.0,Avenue Carcanot,,,Nuit sans éclairage public,En agglomération,Hors intersection,Temps couvert,Autre collision,,,,,,,,,,,3,2,1,8,6
200500013113,0005-03-10 07:45:00,5,3,10,7,45,550,404.0,,,,Plein jour,Hors agglomération,Hors intersection,Normale,Deux véhicules - côté,,,,,,,,,,,1,1,1,1,3
200500013114,0005-03-20 03:00:00,5,3,20,3,0,550,551.0,,,,Nuit sans éclairage public,Hors agglomération,Hors intersection,Normale,Autre collision,,,,,,,,,,,3,1,1,1,6
200500013115,0005-03-02 11:45:00,5,3,2,11,45,550,328.0,27 Grande Rue,,,Plein jour,En agglomération,Hors intersection,Normale,Deux véhicules - frontale,,,,,,,,,,,1,2,1,1,1
200500013116,0005-03-19 14:15:00,5,3,19,14,15,550,496.0,place raymon poincarré,,,Plein jour,En agglomération,Autre intersection,Temps éblouissant,Deux véhicules - côté,,,,,,,,,,,1,2,9,7,3
200500013117,0005-03-20 11:30:00,5,3,20,11,30,550,97.0,ROUTE DE SEPVIGNY,,,Plein jour,En agglomération,Hors intersection,Normale,Autre collision,,,,,,,,,,,1,2,1,1,6
200500013118,0005-03-28 16:30:00,5,3,28,16,30,550,368.0,,,,Plein jour,Hors agglomération,Hors intersection,Normale,Deux véhicules - arrière,,,,,,,,,,,1,1,1,1,2
200500013119,0005-03-29 09:45:00,5,3,29,9,45,550,573.0,,,,Plein jour,Hors agglomération,Giratoire,Normale,Deux véhicules - frontale,,,,,,,,,,,1,1,6,1,1
200500013120,0005-03-10 05:45:00,5,3,10,5,45,550,250.0,"rue principale, RD 964",49.551,5.164,Nuit avec éclairage allumé,En agglomération,Hors intersection,Normale,Deux véhicules - frontale,,,,,,,,,,,5,2,1,1,1
200500013121,0005-03-02 16:45:00,5,3,2,16,45,550,571.0,,49.338,5.258,Plein jour,Hors agglomération,Hors intersection,Normale,Deux véhicules - frontale,,,,,,,,,,,1,1,1,1,1
200500013122,0005-03-19 15:45:00,5,3,19,15,45,550,416.0,,49.079,5.116,Plein jour,Hors agglomération,Hors intersection,Normale,Deux véhicules - côté,,,,,,,,,,,1,1,1,1,3
200500013123,0005-03-05 16:15:00,5,3,5,16,15,550,57.0,,,,Plein jour,Hors agglomération,Hors intersection,Normale,Deux véhicules - frontale,,,,,,,,,,,1,1,1,1,1
200500013124,0005-03-17 10:00:00,5,3,17,10,0,880,103.0,Grande Rue,,,Plein jour,En agglomération,Hors intersection,Normale,Sans collision,,,,,,,,,,,1,2,1,1,7
200500013125,0005-03-18 13:45:00,5,3,18,13,45,880,126.0,,,,Plein jour,Hors agglomération,Hors intersection,Normale,Sans collision,,,,,,,,,,,1,1,1,1,7
200500013126,0005-03-26 03:30:00,5,3,26,3,30,880,160.0,,,,Nuit avec éclairage allumé,Hors agglomération,Hors intersection,Normale,Deux véhicules - arrière,,,,,,,,,,,5,1,1,1,2
200500013127,0005-03-29 13:30:00,5,3,29,13,30,880,98.0,CD 460,,,Plein jour,En agglomération,Hors intersection,Normale,Sans collision,,,,,,,,,,,1,2,1,1,7
200500013128,0005-03-13 16:30:00,5,3,13,16,30,880,449.0,,,,Plein jour,Hors agglomération,Intersection en X,Normale,Deux véhicules - côté,,,,,,,,,,,1,1,2,1,3
200500013129,0005-03-05 06:15:00,5,3,5,6,15,880,497.0,,48.298,6.417,Crépuscule ou aube,Hors agglomération,Hors intersection,Neige / grêle,Autre collision,,,,,,,,,,,2,1,1,4,6
200500013130,0005-03-26 14:15:00,5,3,26,14,15,880,247.0,,48.268,6.391,Plein jour,Hors agglomération,Hors intersection,Normale,Sans collision,,,,,,,,,,,1,1,1,1,7
200500013131,0005-03-06 05:15:00,5,3,6,5,15,880,516.0,,,,Nuit sans éclairage public,Hors agglomération,Hors intersection,Neige / grêle,Deux véhicules - côté,,,,,,,,,,,3,1,1,4,3
200500013132,0005-03-23 16:15:00,5,3,23,16,15,880,516.0,avenue de flers,48.203,5.949,Plein jour,En agglomération,Hors intersection,Normale,Autre collision,,,,,,,,,,,1,2,1,1,6
200500013133,0005-03-01 20:45:00,5,3,1,20,45,880,447.0,,,,Nuit sans éclairage public,Hors agglomération,Hors intersection,Normale,Autre collision,,,,,,,,,,,3,1,1,1,6
200500013134,0005-03-09 06:45:00,5,3,9,6,45,880,116.0,,,,Crépuscule ou aube,Hors agglomération,Hors intersection,Neige / grêle,Deux véhicules - côté,,,,,,,,,,,2,1,1,4,3
200500013135,0005-03-01 13:45:00,5,3,1,13,45,880,408.0,,47.933,6.658,Plein jour,En agglomération,Hors intersection,Normale,Deux véhicules - frontale,,,,,,,,,,,1,2,1,1,1
200500013136,0005-03-25 04:45:00,5,3,25,4,45,880,408.0,,47.918,6.681,Nuit avec éclairage allumé,Hors agglomération,Hors intersection,Normale,Trois véhicules et plus - collisions multiples,,,,,,,,,,,5,1,1,1,5
200500013137,0005-03-27 19:00:00,5,3,27,19,0,880,9.0,,48.174,6.922,Plein jour,Hors agglomération,Hors intersection,Normale,Deux véhicules - frontale,,,,,,,,,,,1,1,1,1,1
200500013138,0005-03-12 19:00:00,5,3,12,19,0,880,18.0,,,,Crépuscule ou aube,Hors agglomération,Hors intersection,Neige / grêle,Deux véhicules - frontale,,,,,,,,,,,2,1,1,4,1
200500013139,0005-03-11 04:45:00,5,3,11,4,45,670,378.0,,48.465,7.718,Nuit sans éclairage public,Hors agglomération,Hors intersection,Normale,Autre collision,,,,,,,,,,,3,1,1,1,6
200500013140,0005-03-30 17:30:00,5,3,30,17,30,670,348.0,,48.448,7.494,Plein jour,Hors agglomération,Hors intersection,Normale,Deux véhicules - arrière,,,,,,,,,,,1,1,1,1,2
200500013141,0005-03-21 15:15:00,5,3,21,15,15,670,98.0,RUE PRINCIPALE,48.545,7.438,Plein jour,En agglomération,Hors intersection,Normale,Deux véhicules - frontale,,,,,,,,,,,1,2,1,1,1
200500013142,0005-03-27 16:30:00,5,3,27,16,30,670,325.0,,,,Plein jour,Hors agglomération,Hors intersection,Temps couvert,Trois véhicules et plus - collisions multiples,,,,,,,,,,,1,1,1,8,5
200500013143,0005-03-20 17:45:00,5,3,20,17,45,670,525.0,,48.616,7.461,Plein jour,Hors agglomération,Hors intersection,Normale,Deux véhicules - côté,,,,,,,,,,,1,1,1,1,3
200500013144,0005-03-08 19:15:00,5,3,8,19,15,670,437.0,,,,Nuit sans éclairage public,Hors agglomération,Hors intersection,Normale,Deux véhicules - côté,,,,,,,,,,,3,1,1,1,3
200500013145,0005-03-19 10:00:00,5,3,19,10,0,670,437.0,11 RUE DE DETTWILLER,48.74,7.37,Plein jour,En agglomération,Hors intersection,Normale,Deux véhicules - côté,,,,,,,,,,,1,2,1,1,3
200500013146,0005-03-24 16:30:00,5,3,24,16,30,670,380.0,,48.79,7.482,Plein jour,Hors agglomération,Hors intersection,Temps couvert,Autre collision,,,,,,,,,,,1,1,1,8,6
200500013147,0005-03-08 16:45:00,5,3,8,16,45,670,508.0,,,,Plein jour,Hors agglomération,Hors intersection,Temps couvert,Autre collision,,,,,,,,,,,1,1,1,8,6
200500013148,0005-03-28 15:15:00,5,3,28,15,15,670,524.0,,,,Plein jour,Hors agglomération,Hors intersection,Pluie légère,Autre collision,,,,,,,,,,,1,1,1,2,6
200500013149,0005-03-10 16:45:00,5,3,10,16,45,670,5.0,,48.791,7.591,Plein jour,Hors agglomération,Intersection en X,Normale,Deux véhicules - côté,,,,,,,,,,,1,1,2,1,3
200500013150,0005-03-25 14:45:00,5,3,25,14,45,670,58.0,,,,Plein jour,Hors agglomération,Hors intersection,Normale,Sans collision,,,,,,,,,,,1,1,1,1,7
200500013151,0005-03-22 17:45:00,5,3,22,17,45,670,181.0,,48.6,7.57,Plein jour,Hors agglomération,Hors intersection,Pluie légère,Autre collision,,,,,,,,,,,1,1,1,2,6
200500013152,0005-03-21 19:30:00,5,3,21,19,30,670,115.0,,,,Nuit sans éclairage public,Hors agglomération,Hors intersection,Normale,Deux véhicules - frontale,,,,,,,,,,,3,1,1,1,1
200500013153,0005-03-23 17:00:00,5,3,23,17,0,670,311.0,,,,Plein jour,Hors agglomération,Hors intersection,Temps éblouissant,Sans collision,,,,,,,,,,,1,1,1,7,7
200500013154,0005-03-25 11:45:00,5,3,25,11,45,670,281.0,,48.161,7.587,Plein jour,Hors agglomération,Hors intersection,Normale,Autre collision,,,,,,,,,,,1,1,1,1,6
200500013155,0005-03-05 14:00:00,5,3,5,14,0,670,507.0,RUE DE BASSEMBERG,48.351,7.301,Plein jour,En agglomération,Hors intersection,Normale,Autre collision,,,,,,,,,,,1,2,1,1,6
200500013156,0005-03-10 12:30:00,5,3,10,12,30,670,493.0,,,,Plein jour,Hors agglomération,Giratoire,Normale,Deux véhicules - côté,,,,,,,,,,,1,1,6,1,3
200500013157,0005-03-23 14:45:00,5,3,23,14,45,670,339.0,rue BANHOLTZ,48.903,7.901,Plein jour,En agglomération,Hors intersection,Normale,Deux véhicules - frontale,,,,,,,,,,,1,2,1,1,1
200500013158,0005-03-31 17:45:00,5,3,31,17,45,670,511.0,,,,Plein jour,Hors agglomération,Hors intersection,Normale,Autre collision,,,,,,,,,,,1,1,1,1,6
200500013159,0005-03-16 16:15:00,5,3,16,16,15,680,9.0,,48.125,7.563,Plein jour,Hors agglomération,Autre intersection,Normale,Deux véhicules - côté,,,,,,,,,,,1,1,9,1,3
200500013160,0005-03-20 20:30:00,5,3,20,20,30,680,231.0,,48.021,7.521,Nuit sans éclairage public,Hors agglomération,Hors intersection,Pluie légère,Deux véhicules - frontale,,,,,,,,,,,3,1,1,2,1
200500013161,0005-03-29 09:00:00,5,3,29,9,0,680,227.0,,48.112,7.475,Plein jour,Hors agglomération,Hors intersection,Normale,Deux véhicules - frontale,,,,,,,,,,,1,1,1,1,1
200500013162,0005-03-29 21:15:00,5,3,29,21,15,680,17.0,,47.63,7.18,Nuit sans éclairage public,Hors agglomération,Hors intersection,Temps couvert,Deux véhicules - frontale,,,,,,,,,,,3,1,1,8,1
200500013163,0005-03-20 05:30:00,5,3,20,5,30,680,52.0,,47.721,7.059,Nuit sans éclairage public,Hors agglomération,Hors intersection,Normale,Autre collision,,,,,,,,,,,3,1,1,1,6
200500013164,0005-03-20 15:45:00,5,3,20,15,45,680,306.0,"33, rue de Bâle",47.539,7.18,Nuit avec éclairage allumé,En agglomération,Hors intersection,Normale,Autre collision,,,,,,,,,,,5,2,1,1,6
200500013165,0005-03-11 07:45:00,5,3,11,7,45,680,258.0,,,,Plein jour,Hors agglomération,Hors intersection,Normale,Deux véhicules - arrière,,,,,,,,,,,1,1,1,1,2
200500013166,0005-03-23 14:15:00,5,3,23,14,15,680,258.0,,47.832,7.287,Plein jour,Hors agglomération,Hors intersection,Normale,Deux véhicules - côté,,,,,,,,,,,1,1,1,1,3
200500013167,0005-03-21 14:45:00,5,3,21,14,45,680,287.0,rue du Générale De Gaull,,,Plein jour,En agglomération,Hors intersection,Normale,Deux véhicules - frontale,,,,,,,,,,,1,2,1,1,1
200500013168,0005-03-16 18:30:00,5,3,16,18,30,680,154.0,RUE DE TURIN,,,Crépuscule ou aube,En agglomération,Hors intersection,Normale,Deux véhicules - frontale,,,,,,,,,,,2,2,1,1,1
200500013169,0005-03-17 12:00:00,5,3,17,12,0,680,154.0,17 avenue d'Italie,47.77,7.36,Plein jour,En agglomération,Hors intersection,Normale,Autre collision,,,,,,,,,,,1,2,1,1,6
200500013170,0005-03-17 18:45:00,5,3,17,18,45,680,15.0,CD 201,47.805,7.387,Crépuscule ou aube,En agglomération,Hors intersection,Normale,Trois véhicules et plus - en chaîne,,,,,,,,,,,2,2,1,1,4