accident_id,datetime,annee,mois,jour,heure,minute,departement,commune_insee,adresse,latitude,longitude,luminosite,agglomeration,intersection,meteo,collision,nb_vehicules,nb_usagers,nb_indemnes,nb_tues,nb_blesses_hosp,nb_blesses_legers,age_cond_1,age_cond_2,veh_type_cond_1,veh_type_cond_2,lum_code,agg_code,int_code,atm_code,col_code
200500013171,0005-03-03 12:00:00,5,3,3,12,0,680,195.0,"38, rue Aristide BRIAND",47.764,7.282,Plein jour,En agglomération,Autre intersection,Normale,Autre collision,,,,,,,,,,,1,2,9,1,6
200500013172,0005-03-04 06:45:00,5,3,4,6,45,680,61.0,,47.545,7.5,Crépuscule ou aube,Hors agglomération,Hors intersection,Autre,Autre collision,,,,,,,,,,,2,1,1,9,6
200500013173,0005-03-06 16:30:00,5,3,6,16,30,680,349.0,,,,Plein jour,Hors agglomération,Hors intersection,Normale,Deux véhicules - frontale,,,,,,,,,,,1,1,1,1,1
200500013174,0005-03-15 06:30:00,5,3,15,6,30,680,182.0,,47.496,7.496,Crépuscule ou aube,Hors agglomération,Hors intersection,Normale,Trois véhicules et plus - collisions multiples,,,,,,,,,,,2,1,1,1,5
200500013175,0005-03-26 17:30:00,5,3,26,17,30,680,263.0,,47.595,7.427,Crépuscule ou aube,Hors agglomération,Hors intersection,Temps couvert,Sans collision,,,,,,,,,,,2,1,1,8,7
200500013176,0005-03-13 22:00:00,5,3,13,22,0,680,170.0,RUE PRINCIPALE,47.652,7.391,Nuit avec éclairage allumé,En agglomération,Hors intersection,Normale,Autre collision,,,,,,,,,,,5,2,1,1,6
200500013177,0005-03-13 17:15:00,5,3,13,17,15,680,334.0,Rue de la grande armée,47.849,7.071,Plein jour,En agglomération,Hors intersection,Normale,Trois véhicules et plus - collisions multiples,,,,,,,,,,,1,2,1,1,5
200500013178,0005-03-27 19:30:00,5,3,27,19,30,680,63.0,,47.855,7.241,Plein jour,Hors agglomération,Hors intersection,Normale,Sans collision,,,,,,,,,,,1,1,1,1,7
200500013179,0005-03-31 12:30:00,5,3,31,12,30,680,201.0,,47.777,7.002,Plein jour,Hors agglomération,Hors intersection,Normale,Autre collision,,,,,,,,,,,1,1,1,1,6
200500013180,0005-03-08 07:00:00,5,3,8,7,0,510,617.0,,49.042,4.323,Plein jour,Hors agglomération,Hors intersection,Temps couvert,Deux véhicules - côté,,,,,,,,,,,1,1,1,8,3
200500013181,0005-03-17 07:30:00,5,3,17,7,30,510,482.0,14 RUE DE CHALONS,48.887,4.449,Plein jour,En agglomération,Hors intersection,Normale,Deux véhicules - côté,,,,,,,,,,,1,2,1,1,3
200500013182,0005-03-23 14:30:00,5,3,23,14,30,510,415.0,,48.851,4.497,Plein jour,Hors agglomération,Autre intersection,Normale,Sans collision,,,,,,,,,,,1,1,9,1,7
200500013183,0005-03-31 20:45:00,5,3,31,20,45,510,409.0,,48.886,4.304,Nuit sans éclairage public,Hors agglomération,Hors intersection,Pluie légère,Deux véhicules - côté,,,,,,,,,,,3,1,1,2,3
200500013184,0005-03-10 11:30:00,5,3,10,11,30,510,203.0,,,,Plein jour,Hors agglomération,Hors intersection,Normale,Deux véhicules - frontale,,,,,,,,,,,1,1,1,1,1
200500013185,0005-03-11 09:00:00,5,3,11,9,0,510,326.0,,49.105,4.265,Plein jour,Hors agglomération,Hors intersection,Normale,Deux véhicules - arrière,,,,,,,,,,,1,1,1,1,2
200500013186,0005-03-03 23:45:00,5,3,3,23,45,510,248.0,,48.755,4.028,Nuit sans éclairage public,Hors agglomération,Hors intersection,Neige / grêle,Sans collision,,,,,,,,,,,3,1,1,4,7
200500013187,0005-03-04 23:45:00,5,3,4,23,45,510,248.0,,48.774,3.995,Nuit sans éclairage public,Hors agglomération,Hors intersection,Neige / grêle,Autre collision,,,,,,,,,,,3,1,1,4,6
200500013188,0005-03-30 17:00:00,5,3,30,17,0,510,164.0,,48.748,4.097,Plein jour,Hors agglomération,Hors intersection,Normale,Trois véhicules et plus - en chaîne,,,,,,,,,,,1,1,1,1,4
200500013189,0005-03-04 17:00:00,5,3,4,17,0,510,237.0,,48.732,3.573,Plein jour,Hors agglomération,Hors intersection,Normale,Deux véhicules - côté,,,,,,,,,,,1,1,1,1,3
200500013190,0005-03-07 09:15:00,5,3,7,9,15,510,514.0,,48.702,3.767,Plein jour,Hors agglomération,Hors intersection,Normale,Deux véhicules - côté,,,,,,,,,,,1,1,1,1,3
200500013191,0005-03-10 09:00:00,5,3,10,9,0,510,237.0,RUE CARRERE,48.736,3.56,Plein jour,En agglomération,Hors intersection,Normale,Deux véhicules - frontale,,,,,,,,,,,1,2,1,1,1
200500013192,0005-03-12 11:15:00,5,3,12,11,15,510,526.0,,48.697,3.678,Plein jour,Hors agglomération,Hors intersection,Temps couvert,Deux véhicules - frontale,,,,,,,,,,,1,1,1,8,1
200500013193,0005-03-14 16:30:00,5,3,14,16,30,510,323.0,,48.729,3.831,Plein jour,Hors agglomération,Hors intersection,Normale,Deux véhicules - côté,,,,,,,,,,,1,1,1,1,3
200500013194,0005-03-22 08:45:00,5,3,22,8,45,510,535.0,Mail des Acacias,48.728,3.72,Plein jour,En agglomération,Hors intersection,Normale,Autre collision,,,,,,,,,,,1,2,1,1,6
200500013195,0005-03-23 10:15:00,5,3,23,10,15,510,526.0,,48.683,3.716,Plein jour,Hors agglomération,Autre intersection,Brouillard / fumée,Deux véhicules - arrière,,,,,,,,,,,1,1,9,5,2
200500013196,0005-03-31 07:15:00,5,3,31,7,15,510,323.0,,48.728,3.816,Crépuscule ou aube,Hors agglomération,Hors intersection,Pluie forte,Deux véhicules - côté,,,,,,,,,,,2,1,1,3,3
200500013197,0005-03-25 19:30:00,5,3,25,19,30,510,250.0,PLACE JEAN PAUL SARTHE,,,Crépuscule ou aube,En agglomération,Place,Normale,Deux véhicules - frontale,,,,,,,,,,,2,2,7,1,1
200500013198,0005-03-05 14:30:00,5,3,5,14,30,510,63.0,,,,Plein jour,Hors agglomération,Hors intersection,Temps couvert,Deux véhicules - frontale,,,,,,,,,,,1,1,1,8,1
200500013199,0005-03-09 20:45:00,5,3,9,20,45,510,287.0,,49.08,3.96,Nuit sans éclairage public,Hors agglomération,Hors intersection,Normale,Deux véhicules - frontale,,,,,,,,,,,3,1,1,1,1
200500013200,0005-03-05 06:30:00,5,3,5,6,30,510,232.0,RUE LIEUTENANT ALEXANDRE,49.295,4.24,Crépuscule ou aube,En agglomération,Hors intersection,Neige / grêle,Autre collision,,,,,,,,,,,2,2,1,4,6
200500013201,0005-03-12 09:00:00,5,3,12,9,0,510,141.0,,,,Plein jour,Hors agglomération,Hors intersection,Pluie légère,Autre collision,,,,,,,,,,,1,1,1,2,6
200500013202,0005-03-12 16:00:00,5,3,12,16,0,510,647.0,,,,Plein jour,Hors agglomération,Hors intersection,Normale,Trois véhicules et plus - collisions multiples,,,,,,,,,,,1,1,1,1,5
200500013203,0005-03-19 01:00:00,5,3,19,1,0,510,598.0,,,,Nuit sans éclairage public,Hors agglomération,Hors intersection,Brouillard / fumée,Trois véhicules et plus - collisions multiples,,,,,,,,,,,3,1,1,5,5
200500013204,0005-03-25 20:15:00,5,3,25,20,15,510,262.0,AVENUE DE CHAMPAGNE,48.71,4.59,Nuit avec éclairage allumé,En agglomération,Hors intersection,Normale,Trois véhicules et plus - collisions multiples,,,,,,,,,,,5,2,1,1,5
200500013205,0005-03-29 18:15:00,5,3,29,18,15,510,472.0,1 RUE DU PONT DE L EGLIS,,,Plein jour,En agglomération,Hors intersection,Normale,Deux véhicules - frontale,,,,,,,,,,,1,2,1,1,1
200500013206,0005-03-02 08:45:00,5,3,2,8,45,510,83.0,,49.027,4.848,Plein jour,Hors agglomération,Hors intersection,Normale,Autre collision,,,,,,,,,,,1,1,1,1,6
200500013207,0005-03-07 13:45:00,5,3,7,13,45,510,588.0,,,,Plein jour,Hors agglomération,Hors intersection,Normale,Deux véhicules - frontale,,,,,,,,,,,1,1,1,1,1
200500013208,0005-03-14 20:15:00,5,3,14,20,15,80,483.0,,49.763,4.781,Nuit sans éclairage public,Hors agglomération,Hors intersection,Normale,Deux véhicules - arrière,,,,,,,,,,,3,1,1,1,2
200500013209,0005-03-14 08:30:00,5,3,14,8,30,80,328.0,Rue jean Jaurès,,,Plein jour,En agglomération,Autre intersection,Normale,Autre collision,,,,,,,,,,,1,2,9,1,6
200500013210,0005-03-18 20:00:00,5,3,18,20,0,80,328.0,RUE D ALSACE,49.82,4.75,Nuit avec éclairage allumé,En agglomération,Hors intersection,Normale,Deux véhicules - côté,,,,,,,,,,,5,2,1,1,3
200500013211,0005-03-19 12:30:00,5,3,19,12,30,80,302.0,,,,Plein jour,Hors agglomération,Hors intersection,Normale,Autre collision,,,,,,,,,,,1,1,1,1,6
200500013212,0005-03-19 16:00:00,5,3,19,16,0,80,188.0,5 rue de Bellevue,49.828,4.83,Plein jour,En agglomération,Autre intersection,Normale,Autre collision,,,,,,,,,,,1,2,9,1,6
200500013213,0005-03-23 14:45:00,5,3,23,14,45,80,302.0,Route de Prüm,49.888,4.755,Plein jour,En agglomération,Hors intersection,Normale,Autre collision,,,,,,,,,,,1,2,1,1,6
200500013214,0005-03-21 17:15:00,5,3,21,17,15,80,322.0,,49.741,4.58,Plein jour,Hors agglomération,Hors intersection,Normale,Sans collision,,,,,,,,,,,1,1,1,1,7
200500013215,0005-03-22 16:15:00,5,3,22,16,15,80,304.0,,50.059,4.721,Plein jour,Hors agglomération,Hors intersection,Temps couvert,Trois véhicules et plus - collisions multiples,,,,,,,,,,,1,1,1,8,5
200500013216,0005-03-19 16:15:00,5,3,19,16,15,80,367.0,,,,Plein jour,Hors agglomération,Hors intersection,Normale,Deux véhicules - côté,,,,,,,,,,,1,1,1,1,3
200500013217,0005-03-07 23:45:00,5,3,7,23,45,80,291.0,,49.671,5.283,Nuit sans éclairage public,Hors agglomération,Hors intersection,Neige / grêle,Autre collision,,,,,,,,,,,3,1,1,4,6
200500013218,0005-03-21 10:15:00,5,3,21,10,15,80,490.0,,49.42,4.718,Plein jour,Hors agglomération,Hors intersection,Normale,Sans collision,,,,,,,,,,,1,1,1,1,7
200500013219,0005-03-15 15:30:00,5,3,15,15,30,80,198.0,,49.332,4.861,Plein jour,Hors agglomération,Hors intersection,Pluie légère,Autre collision,,,,,,,,,,,1,1,1,2,6
200500013220,0005-03-25 07:45:00,5,3,25,7,45,80,362.0,,,,Plein jour,Hors agglomération,Hors intersection,Brouillard / fumée,Deux véhicules - côté,,,,,,,,,,,1,1,1,5,3
200500013221,0005-03-11 13:45:00,5,3,11,13,45,80,413.0,,49.619,4.193,Plein jour,Hors agglomération,Hors intersection,Normale,Sans collision,,,,,,,,,,,1,1,1,1,7
200500013222,0005-03-31 19:15:00,5,3,31,19,15,80,329.0,,49.575,4.401,Plein jour,Hors agglomération,Hors intersection,Normale,Autre collision,,,,,,,,,,,1,1,1,1,6
200500013223,0005-03-07 06:45:00,5,3,7,6,45,100,177.0,,48.164,4.023,Crépuscule ou aube,Hors agglomération,Hors intersection,Neige / grêle,Deux véhicules - frontale,,,,,,,,,,,2,1,1,4,1
200500013224,0005-03-09 17:45:00,5,3,9,17,45,100,142.0,,48.277,3.801,Plein jour,Hors agglomération,Intersection en T,Temps couvert,Deux véhicules - frontale,,,,,,,,,,,1,1,3,8,1
200500013225,0005-03-01 08:15:00,5,3,1,8,15,100,381.0,,,,Plein jour,Hors agglomération,Hors intersection,Normale,Trois véhicules et plus - collisions multiples,,,,,,,,,,,1,1,1,1,5
200500013226,0005-03-02 16:45:00,5,3,2,16,45,100,404.0,,,,Plein jour,Hors agglomération,Hors intersection,Normale,Deux véhicules - frontale,,,,,,,,,,,1,1,1,1,1
200500013227,0005-03-04 10:45:00,5,3,4,10,45,100,34.0,,48.141,4.394,Plein jour,Hors agglomération,Hors intersection,Temps couvert,Deux véhicules - frontale,,,,,,,,,,,1,1,1,8,1
200500013228,0005-03-25 20:15:00,5,3,25,20,15,100,291.0,,48.579,3.571,Crépuscule ou aube,Hors agglomération,Hors intersection,Normale,Autre collision,,,,,,,,,,,2,1,1,1,6
200500013229,0005-03-29 18:30:00,5,3,29,18,30,100,392.0,,48.47,3.87,Plein jour,Hors agglomération,Hors intersection,Pluie légère,Trois véhicules et plus - collisions multiples,,,,,,,,,,,1,1,1,2,5
200500013230,0005-03-06 15:00:00,5,3,6,15,0,520,306.0,,,,Plein jour,Hors agglomération,Hors intersection,Neige / grêle,Deux véhicules - côté,,,,,,,,,,,1,1,1,4,3
200500013231,0005-03-03 14:30:00,5,3,3,14,30,520,419.0,,,,Plein jour,Hors agglomération,Hors intersection,Neige / grêle,Deux véhicules - frontale,,,,,,,,,,,1,1,1,4,1
200500013232,0005-03-17 07:45:00,5,3,17,7,45,520,58.0,,48.209,5.168,Plein jour,Hors agglomération,Hors intersection,Normale,Deux véhicules - frontale,,,,,,,,,,,1,1,1,1,1
200500013233,0005-03-22 19:30:00,5,3,22,19,30,520,269.0,Faubourg de la collinièr,,,Nuit sans éclairage public,En agglomération,Hors intersection,Temps couvert,Deux véhicules - frontale,,,,,,,,,,,3,2,1,8,1
200500013234,0005-03-18 17:00:00,5,3,18,17,0,520,83.0,,47.78,5.53,Plein jour,Hors agglomération,Hors intersection,Normale,Sans collision,,,,,,,,,,,1,1,1,1,7
200500013235,0005-03-22 14:00:00,5,3,22,14,0,520,93.0,Rue MARCEAU,47.806,5.428,Nuit avec éclairage allumé,En agglomération,Hors intersection,Normale,Deux véhicules - côté,,,,,,,,,,,5,2,1,1,3
200500013236,0005-03-31 00:45:00,5,3,31,0,45,520,486.0,,47.916,5.132,Nuit sans éclairage public,Hors agglomération,Hors intersection,Normale,Autre collision,,,,,,,,,,,3,1,1,1,6
200500013237,0005-03-23 17:30:00,5,3,23,17,30,520,550.0,Rue de la Madeleine,,,Plein jour,En agglomération,Hors intersection,Normale,Deux véhicules - frontale,,,,,,,,,,,1,2,1,1,1
200500013238,0005-03-19 12:15:00,5,3,19,12,15,210,337.0,,,,Plein jour,Hors agglomération,Hors intersection,Normale,Sans collision,,,,,,,,,,,1,1,1,1,7
200500013239,0005-03-25 16:15:00,5,3,25,16,15,210,416.0,rue de l'église,,,Plein jour,En agglomération,Hors intersection,Normale,Autre collision,,,,,,,,,,,1,2,1,1,6
200500013240,0005-03-27 12:15:00,5,3,27,12,15,210,682.0,,,,Plein jour,Hors agglomération,Hors intersection,Normale,Autre collision,,,,,,,,,,,1,1,1,1,6
200500013241,0005-03-29 10:45:00,5,3,29,10,45,210,211.0,,47.56,5.135,Plein jour,Hors agglomération,Intersection en X,Normale,Deux véhicules - côté,,,,,,,,,,,1,1,2,1,3
200500013242,0005-03-07 13:15:00,5,3,7,13,15,210,485.0,Route de Dijon,47.344,4.974,Plein jour,En agglomération,Hors intersection,Normale,Autre collision,,,,,,,,,,,1,2,1,1,6
200500013243,0005-03-17 19:30:00,5,3,17,19,30,210,478.0,,,,Nuit sans éclairage public,Hors agglomération,Hors intersection,Normale,Autre collision,,,,,,,,,,,3,1,1,1,6
200500013244,0005-03-26 16:45:00,5,3,26,16,45,210,273.0,,47.308,4.845,Plein jour,Hors agglomération,Hors intersection,Temps couvert,Sans collision,,,,,,,,,,,1,1,1,8,7
200500013245,0005-03-01 17:45:00,5,3,1,17,45,210,634.0,,47.13,4.68,Plein jour,Hors agglomération,Hors intersection,Neige / grêle,Sans collision,,,,,,,,,,,1,1,1,4,7
200500013246,0005-03-03 15:15:00,5,3,3,15,15,210,244.0,,47.05,4.857,Plein jour,Hors agglomération,Hors intersection,Neige / grêle,Deux véhicules - frontale,,,,,,,,,,,1,1,1,4,1
200500013247,0005-03-12 05:15:00,5,3,12,5,15,210,603.0,13 RUE DU PONT JOLY,47.494,4.331,Nuit avec éclairage allumé,En agglomération,Hors intersection,Pluie légère,Autre collision,,,,,,,,,,,5,2,1,2,6
200500013248,0005-03-14 15:15:00,5,3,14,15,15,210,413.0,Charentois,47.489,4.342,Plein jour,En agglomération,Hors intersection,Normale,Sans collision,,,,,,,,,,,1,2,1,1,7
200500013249,0005-03-25 09:15:00,5,3,25,9,15,210,425.0,,47.655,4.45,Crépuscule ou aube,Hors agglomération,Hors intersection,Normale,Autre collision,,,,,,,,,,,2,1,1,1,6
200500013250,0005-03-20 19:45:00,5,3,20,19,45,210,205.0,,47.445,4.25,Nuit sans éclairage public,Hors agglomération,Hors intersection,Normale,Autre collision,,,,,,,,,,,3,1,1,1,6
200500013251,0005-03-03 14:00:00,5,3,3,14,0,210,663.0,24 rue de l'Oze,,,Plein jour,En agglomération,Hors intersection,Temps couvert,Autre collision,,,,,,,,,,,1,2,1,8,6
200500013252,0005-03-22 17:15:00,5,3,22,17,15,210,629.0,,,,Plein jour,Hors agglomération,Hors intersection,Normale,Sans collision,,,,,,,,,,,1,1,1,1,7
200500013253,0005-03-18 18:30:00,5,3,18,18,30,580,51.0,,46.95,3.124,Plein jour,Hors agglomération,Hors intersection,Normale,Deux véhicules - côté,,,,,,,,,,,1,1,1,1,3
200500013254,0005-03-25 18:00:00,5,3,25,18,0,580,293.0,,46.747,3.438,Plein jour,Hors agglomération,Hors intersection,Normale,Deux véhicules - frontale,,,,,,,,,,,1,1,1,1,1
200500013255,0005-03-08 08:30:00,5,3,8,8,30,580,136.0,,47.099,3.469,Plein jour,Hors agglomération,Hors intersection,Normale,Deux véhicules - frontale,,,,,,,,,,,1,1,1,1,1
200500013256,0005-03-19 02:00:00,5,3,19,2,0,580,222.0,,47.44,3.505,Nuit sans éclairage public,Hors agglomération,Hors intersection,Normale,Autre collision,,,,,,,,,,,3,1,1,1,6
200500013257,0005-03-07 17:15:00,5,3,7,17,15,580,69.0,Le bourg,47.262,3.645,Plein jour,En agglomération,Autre intersection,Normale,Deux véhicules - frontale,,,,,,,,,,,1,2,9,1,1
200500013258,0005-03-25 14:30:00,5,3,25,14,30,580,166.0,,,,Plein jour,Hors agglomération,Hors intersection,Normale,Sans collision,,,,,,,,,,,1,1,1,1,7
200500013259,0005-03-04 17:00:00,5,3,4,17,0,580,86.0,,47.435,3.002,Plein jour,Hors agglomération,Autre intersection,Normale,Deux véhicules - frontale,,,,,,,,,,,1,1,9,1,1
200500013260,0005-03-23 09:00:00,5,3,23,9,0,710,583.0,,46.276,4.777,Plein jour,Hors agglomération,Hors intersection,Brouillard / fumée,Trois véhicules et plus - collisions multiples,,,,,,,,,,,1,1,1,5,5
200500013261,0005-03-07 20:15:00,5,3,7,20,15,710,481.0,,,,Nuit sans éclairage public,Hors agglomération,Hors intersection,Neige / grêle,Autre collision,,,,,,,,,,,3,1,1,4,6
200500013262,0005-03-29 17:30:00,5,3,29,17,30,710,372.0,Maison Blanche,,,Plein jour,En agglomération,Hors intersection,Normale,Deux véhicules - côté,,,,,,,,,,,1,2,1,1,3
200500013263,0005-03-20 14:30:00,5,3,20,14,30,710,470.0,,,,Plein jour,Hors agglomération,Hors intersection,Normale,Sans collision,,,,,,,,,,,1,1,1,1,7
200500013264,0005-03-13 18:00:00,5,3,13,18,0,710,359.0,,,,Plein jour,Hors agglomération,Hors intersection,Normale,Trois véhicules et plus - collisions multiples,,,,,,,,,,,1,1,1,1,5
200500013265,0005-03-26 14:15:00,5,3,26,14,15,710,145.0,,46.539,4.685,Plein jour,Hors agglomération,Hors intersection,Normale,Deux véhicules - frontale,,,,,,,,,,,1,1,1,1,1
200500013266,0005-03-18 16:00:00,5,3,18,16,0,710,14.0,,,,Plein jour,Hors agglomération,Hors intersection,Temps éblouissant,Trois véhicules et plus - en chaîne,,,,,,,,,,,1,1,1,7,4
200500013267,0005-03-20 19:15:00,5,3,20,19,15,710,142.0,,46.871,4.122,Crépuscule ou aube,Hors agglomération,Hors intersection,Normale,Autre collision,,,,,,,,,,,2,1,1,1,6
200500013268,0005-03-06 06:00:00,5,3,6,6,0,710,171.0,11 route de st leger,,,Crépuscule ou aube,En agglomération,Hors intersection,Normale,Autre collision,,,,,,,,,,,2,2,1,1,6
200500013269,0005-03-25 18:00:00,5,3,25,18,0,710,73.0,RUE DE BEAUNE,,,Plein jour,En agglomération,Hors intersection,Normale,Autre collision,,,,,,,,,,,1,2,1,1,6
200500013270,0005-03-06 08:30:00,5,3,6,8,30,710,404.0,,,,Plein jour,Hors agglomération,Hors intersection,Neige / grêle,Deux véhicules - côté,,,,,,,,,,,1,1,1,4,3
200500013271,0005-03-12 13:45:00,5,3,12,13,45,710,182.0,,,,Plein jour,Hors agglomération,Hors intersection,Normale,Deux véhicules - côté,,,,,,,,,,,1,1,1,1,3
200500013272,0005-03-20 20:00:00,5,3,20,20,0,710,294.0,,46.832,4.733,Nuit sans éclairage public,Hors agglomération,Intersection en Y,Normale,Deux véhicules - arrière,,,,,,,,,,,3,1,4,1,2
200500013273,0005-03-26 16:00:00,5,3,26,16,0,710,221.0,,,,Plein jour,Hors agglomération,Hors intersection,Normale,Trois véhicules et plus - en chaîne,,,,,,,,,,,1,1,1,1,4
200500013274,0005-03-05 19:30:00,5,3,5,19,30,710,253.0,,,,Nuit sans éclairage public,Hors agglomération,Hors intersection,Neige / grêle,Sans collision,,,,,,,,,,,3,1,1,4,7
200500013275,0005-03-09 08:15:00,5,3,9,8,15,710,420.0,,,,Plein jour,Hors agglomération,Hors intersection,Normale,Deux véhicules - frontale,,,,,,,,,,,1,1,1,1,1
200500013276,0005-03-27 15:30:00,5,3,27,15,30,710,138.0,,46.963,5.211,Plein jour,Hors agglomération,Hors intersection,Pluie légère,Deux véhicules - arrière,,,,,,,,,,,1,1,1,2,2
200500013277,0005-03-08 20:30:00,5,3,8,20,30,710,463.0,,,,Nuit sans éclairage public,Hors agglomération,Hors intersection,Autre,Autre collision,,,,,,,,,,,3,1,1,9,6
200500013278,0005-03-14 10:15:00,5,3,14,10,15,710,176.0,,46.48,3.98,Plein jour,En agglomération,Hors intersection,Normale,Deux véhicules - frontale,,,,,,,,,,,1,2,1,1,1
200500013279,0005-03-17 18:00:00,5,3,17,18,0,710,479.0,,46.849,4.432,Plein jour,En agglomération,Intersection en X,Normale,Deux véhicules - côté,,,,,,,,,,,1,2,2,1,3
200500013280,0005-03-07 19:00:00,5,3,7,19,0,710,310.0,AVENUE DE LA REPUBLIQUE,46.753,4.47,Nuit avec éclairage allumé,En agglomération,Hors intersection,Pluie légère,Deux véhicules - frontale,,,,,,,,,,,5,2,1,2,1
200500013281,0005-03-01 17:00:00,5,3,1,17,0,890,13.0,route de Joigny,,,Plein jour,En agglomération,Hors intersection,Normale,Deux véhicules - frontale,,,,,,,,,,,1,2,1,1,1
200500013282,0005-03-03 07:45:00,5,3,3,7,45,890,424.0,,47.639,3.658,Plein jour,Hors agglomération,Hors intersection,Neige / grêle,Sans collision,,,,,,,,,,,1,1,1,4,7
200500013283,0005-03-19 18:00:00,5,3,19,18,0,890,237.0,,,,Plein jour,Hors agglomération,Hors intersection,Normale,Sans collision,,,,,,,,,,,1,1,1,1,7
200500013284,0005-03-01 19:30:00,5,3,1,19,30,890,345.0,,47.99,3.73,Nuit avec éclairage allumé,Hors agglomération,Hors intersection,Normale,Deux véhicules - frontale,,,,,,,,,,,5,1,1,1,1
200500013285,0005-03-01 16:15:00,5,3,1,16,15,890,268.0,,47.959,3.613,Plein jour,Hors agglomération,Hors intersection,Normale,Deux véhicules - côté,,,,,,,,,,,1,1,1,1,3
200500013286,0005-03-12 13:45:00,5,3,12,13,45,890,68.0,,,,Plein jour,Hors agglomération,Hors intersection,Pluie légère,Autre collision,,,,,,,,,,,1,1,1,2,6
200500013287,0005-03-08 07:30:00,5,3,8,7,30,890,203.0,,47.446,3.811,Plein jour,Hors agglomération,Hors intersection,Neige / grêle,Autre collision,,,,,,,,,,,1,1,1,4,6
200500013288,0005-03-31 18:45:00,5,3,31,18,45,890,206.0,Rue de la Porte de Percy,,,Plein jour,En agglomération,Hors intersection,Normale,Trois véhicules et plus - collisions multiples,,,,,,,,,,,1,2,1,1,5
200500013289,0005-03-23 15:00:00,5,3,23,15,0,890,454.0,,47.964,3.155,Plein jour,Hors agglomération,Hors intersection,Normale,Deux véhicules - côté,,,,,,,,,,,1,1,1,1,3
200500013290,0005-03-03 06:00:00,5,3,3,6,0,890,152.0,15 Route de SENS,47.952,3.47,Nuit avec éclairage allumé,En agglomération,Hors intersection,Neige / grêle,Autre collision,,,,,,,,,,,5,2,1,4,6
200500013291,0005-03-04 18:15:00,5,3,4,18,15,890,99.0,Rue de BONNARD,47.951,3.53,Plein jour,En agglomération,Hors intersection,Normale,Trois véhicules et plus - collisions multiples,,,,,,,,,,,1,2,1,1,5
200500013292,0005-03-02 22:30:00,5,3,2,22,30,890,399.0,,,,Nuit sans éclairage public,Hors agglomération,Hors intersection,Normale,Deux véhicules - arrière,,,,,,,,,,,3,1,1,1,2
200500013293,0005-03-10 17:00:00,5,3,10,17,0,890,443.0,rue croix st jacques,,,Plein jour,En agglomération,Hors intersection,Normale,Deux véhicules - frontale,,,,,,,,,,,1,2,1,1,1
200500013294,0005-03-19 00:15:00,5,3,19,0,15,890,113.0,ROUTE DES BOIS PLANTES,,,Nuit sans éclairage public,En agglomération,Hors intersection,Brouillard / fumée,Autre collision,,,,,,,,,,,3,2,1,5,6
200500013295,0005-03-23 18:15:00,5,3,23,18,15,890,291.0,8 Rue du Chateau,,,Plein jour,En agglomération,Hors intersection,Normale,Autre collision,,,,,,,,,,,1,2,1,1,6
200500013296,0005-03-24 00:01:00,5,3,24,0,1,890,247.0,,47.927,4.022,Nuit sans éclairage public,Hors agglomération,Hors intersection,Normale,Sans collision,,,,,,,,,,,3,1,1,1,7
200500013297,0005-03-01 21:30:00,5,3,1,21,30,250,36.0,,47.194,5.968,Nuit sans éclairage public,Hors agglomération,Hors intersection,Normale,Trois véhicules et plus - collisions multiples,,,,,,,,,,,3,1,1,1,5
200500013298,0005-03-19 11:15:00,5,3,19,11,15,250,532.0,,47.224,6.121,Plein jour,Hors agglomération,Hors intersection,Normale,Deux véhicules - côté,,,,,,,,,,,1,1,1,1,3
200500013299,0005-03-26 13:30:00,5,3,26,13,30,250,305.0,,47.178,6.219,Plein jour,Hors agglomération,Hors intersection,Temps couvert,Trois véhicules et plus - collisions multiples,,,,,,,,,,,1,1,1,8,5
200500013300,0005-03-25 16:00:00,5,3,25,16,0,250,488.0,,,,Plein jour,Hors agglomération,Hors intersection,Normale,Trois véhicules et plus - en chaîne,,,,,,,,,,,1,1,1,1,4
200500013301,0005-03-18 14:45:00,5,3,18,14,45,250,82.0,Rue des Forges,47.413,6.773,Plein jour,En agglomération,Hors intersection,Normale,Sans collision,,,,,,,,,,,1,2,1,1,7
200500013302,0005-03-22 17:30:00,5,3,22,17,30,250,463.0,,47.398,6.772,Plein jour,Hors agglomération,Hors intersection,Pluie légère,Deux véhicules - arrière,,,,,,,,,,,1,1,1,2,2
200500013303,0005-03-05 20:45:00,5,3,5,20,45,250,47.0,AVENUE KENNEDY,47.357,6.358,Nuit avec éclairage allumé,En agglomération,Hors intersection,Neige / grêle,Autre collision,,,,,,,,,,,5,2,1,4,6