accident_id,datetime,annee,mois,jour,heure,minute,departement,commune_insee,adresse,latitude,longitude,luminosite,agglomeration,intersection,meteo,collision,nb_vehicules,nb_usagers,nb_indemnes,nb_tues,nb_blesses_hosp,nb_blesses_legers,age_cond_1,age_cond_2,veh_type_cond_1,veh_type_cond_2,lum_code,agg_code,int_code,atm_code,col_code
200500013304,0005-03-12 16:00:00,5,3,12,16,0,250,492.0,,47.415,6.372,Plein jour,Hors agglomération,Hors intersection,Neige / grêle,Autre collision,,,,,,,,,,,1,1,1,4,6
200500013305,0005-03-12 11:00:00,5,3,12,11,0,250,315.0,,47.444,6.582,Plein jour,Hors agglomération,Hors intersection,Normale,Deux véhicules - frontale,,,,,,,,,,,1,1,1,1,1
200500013306,0005-03-15 14:00:00,5,3,15,14,0,250,368.0,,,,Plein jour,Hors agglomération,Hors intersection,Normale,Autre collision,,,,,,,,,,,1,1,1,1,6
200500013307,0005-03-25 11:30:00,5,3,25,11,30,250,157.0,,,,Plein jour,Hors agglomération,Hors intersection,Normale,Deux véhicules - frontale,,,,,,,,,,,1,1,1,1,1
200500013308,0005-03-31 13:30:00,5,3,31,13,30,250,100.0,,46.897,6.228,Plein jour,Hors agglomération,Intersection en X,Pluie légère,Deux véhicules - frontale,,,,,,,,,,,1,1,2,2,1
200500013309,0005-03-14 20:45:00,5,3,14,20,45,390,210.0,,,,Nuit sans éclairage public,Hors agglomération,Hors intersection,Temps couvert,Deux véhicules - frontale,,,,,,,,,,,3,1,1,8,1
200500013310,0005-03-17 13:30:00,5,3,17,13,30,390,128.0,,46.984,5.374,Plein jour,Hors agglomération,Hors intersection,Normale,Deux véhicules - arrière,,,,,,,,,,,1,1,1,1,2
200500013311,0005-03-17 08:45:00,5,3,17,8,45,390,547.0,417 ROUTE DE LA VALLEE,46.362,5.736,Plein jour,En agglomération,Hors intersection,Normale,Autre collision,,,,,,,,,,,1,2,1,1,6
200500013312,0005-03-20 10:45:00,5,3,20,10,45,390,478.0,,46.382,5.858,Plein jour,Hors agglomération,Hors intersection,Normale,Deux véhicules - frontale,,,,,,,,,,,1,1,1,1,1
200500013313,0005-03-27 23:15:00,5,3,27,23,15,390,371.0,,46.495,6.005,Nuit sans éclairage public,Hors agglomération,Hors intersection,Pluie légère,Sans collision,,,,,,,,,,,3,1,1,2,7
200500013314,0005-03-20 10:30:00,5,3,20,10,30,700,482.0,12 RUE DE VERDUN,47.67,5.977,Plein jour,En agglomération,Hors intersection,Normale,Autre collision,,,,,,,,,,,1,2,1,1,6
200500013315,0005-03-06 04:15:00,5,3,6,4,15,700,431.0,MAISON NEUVE,47.473,6.099,Nuit avec éclairage allumé,En agglomération,Hors intersection,Neige / grêle,Autre collision,,,,,,,,,,,5,2,1,4,6
200500013316,0005-03-15 10:00:00,5,3,15,10,0,700,464.0,5 ROUTE DE LURE,,,Plein jour,En agglomération,Hors intersection,Normale,Autre collision,,,,,,,,,,,1,2,1,1,6
200500013317,0005-03-14 15:15:00,5,3,14,15,15,700,311.0,,47.82,6.39,Plein jour,Hors agglomération,Hors intersection,Normale,Deux véhicules - frontale,,,,,,,,,,,1,1,1,1,1
200500013318,0005-03-27 10:15:00,5,3,27,10,15,700,311.0,,47.823,6.394,Plein jour,Hors agglomération,Hors intersection,Pluie forte,Deux véhicules - frontale,,,,,,,,,,,1,1,1,3,1
200500013319,0005-03-01 10:30:00,5,3,1,10,30,700,279.0,BLD DES GRAND MOULINS,,,Plein jour,En agglomération,Hors intersection,Normale,Autre collision,,,,,,,,,,,1,2,1,1,6
200500013320,0005-03-19 13:30:00,5,3,19,13,30,700,375.0,,,,Plein jour,Hors agglomération,Hors intersection,Normale,Autre collision,,,,,,,,,,,1,1,1,1,6
200500013321,0005-03-06 04:45:00,5,3,6,4,45,900,15.0,,47.597,6.862,Nuit sans éclairage public,Hors agglomération,Hors intersection,Neige / grêle,Sans collision,,,,,,,,,,,3,1,1,4,7
200500013322,0005-03-23 07:30:00,5,3,23,7,30,900,94.0,rue de Delle,47.591,6.874,Crépuscule ou aube,En agglomération,Hors intersection,Normale,Deux véhicules - frontale,,,,,,,,,,,2,2,1,1,1
200500013323,0005-03-30 22:00:00,5,3,30,22,0,900,9.0,64 RUE PIERRE BEUCLER,47.493,6.927,Nuit avec éclairage allumé,En agglomération,Hors intersection,Normale,Deux véhicules - côté,,,,,,,,,,,5,2,1,1,3
200500013324,0005-03-12 14:15:00,5,3,12,14,15,900,89.0,,47.741,6.975,Plein jour,Hors agglomération,Hors intersection,Neige / grêle,Sans collision,,,,,,,,,,,1,1,1,4,7
200500013325,0005-03-25 16:15:00,5,3,25,16,15,900,23.0,RUE DE LA VAIVRE,47.719,6.844,Plein jour,En agglomération,Hors intersection,Normale,Deux véhicules - frontale,,,,,,,,,,,1,2,1,1,1
200500013326,0005-03-06 15:00:00,5,3,6,15,0,900,14.0,,47.552,7.011,Plein jour,Hors agglomération,Hors intersection,Neige / grêle,Deux véhicules - côté,,,,,,,,,,,1,1,1,4,3
200500013327,0005-03-20 14:30:00,5,3,20,14,30,260,72.0,,,,Plein jour,Hors agglomération,Hors intersection,Normale,Trois véhicules et plus - collisions multiples,,,,,,,,,,,1,1,1,1,5
200500013328,0005-03-10 11:00:00,5,3,10,11,0,260,337.0,,44.706,4.788,Plein jour,Hors agglomération,Hors intersection,Normale,Autre collision,,,,,,,,,,,1,1,1,1,6
200500013329,0005-03-24 03:45:00,5,3,24,3,45,260,337.0,,44.708,4.787,Nuit sans éclairage public,Hors agglomération,Hors intersection,Normale,Trois véhicules et plus - collisions multiples,,,,,,,,,,,3,1,1,1,5
200500013330,0005-03-03 07:30:00,5,3,3,7,30,130,48.0,,43.634,5.66,Plein jour,Hors agglomération,Hors intersection,Temps couvert,Autre collision,,,,,,,,,,,1,1,1,8,6
200500013331,0005-03-11 22:45:00,5,3,11,22,45,130,74.0,CD561,,,Nuit avec éclairage allumé,En agglomération,Intersection en X,Normale,Sans collision,,,,,,,,,,,5,2,2,1,7
200500013332,0005-03-19 17:15:00,5,3,19,17,15,130,48.0,,43.634,5.659,Plein jour,Hors agglomération,Hors intersection,Normale,Deux véhicules - frontale,,,,,,,,,,,1,1,1,1,1
200500013333,0005-03-24 18:45:00,5,3,24,18,45,130,59.0,,43.637,5.517,Plein jour,Hors agglomération,Hors intersection,Pluie légère,Trois véhicules et plus - collisions multiples,,,,,,,,,,,1,1,1,2,5
200500013334,0005-03-04 05:30:00,5,3,4,5,30,130,15.0,,43.44,5.43,Crépuscule ou aube,Hors agglomération,Hors intersection,Autre,Trois véhicules et plus - collisions multiples,,,,,,,,,,,2,1,1,9,5
200500013335,0005-03-15 00:30:00,5,3,15,0,30,130,19.0,,43.46,5.32,Nuit sans éclairage public,Hors agglomération,Hors intersection,Normale,Autre collision,,,,,,,,,,,3,1,1,1,6
200500013336,0005-03-18 22:00:00,5,3,18,22,0,130,19.0,,,,Nuit sans éclairage public,Hors agglomération,Hors intersection,Normale,Deux véhicules - frontale,,,,,,,,,,,3,1,1,1,1
200500013337,0005-03-03 07:00:00,5,3,3,7,0,130,110.0,,43.46,5.65,Crépuscule ou aube,Hors agglomération,Hors intersection,Neige / grêle,Sans collision,,,,,,,,,,,2,1,1,4,7
200500013338,0005-03-13 17:45:00,5,3,13,17,45,130,110.0,avenue de l'europe,43.45,5.68,Plein jour,En agglomération,Autre intersection,Normale,Autre collision,,,,,,,,,,,1,2,9,1,6
200500013339,0005-03-27 06:30:00,5,3,27,6,30,130,4.0,,43.632,4.748,Crépuscule ou aube,Hors agglomération,Intersection en Y,Temps couvert,Deux véhicules - côté,,,,,,,,,,,2,1,4,8,3
200500013340,0005-03-17 13:30:00,5,3,17,13,30,130,66.0,,,,Plein jour,Hors agglomération,Hors intersection,Normale,Autre collision,,,,,,,,,,,1,1,1,1,6
200500013341,0005-03-16 12:00:00,5,3,16,12,0,130,96.0,,43.508,4.379,Plein jour,Hors agglomération,Hors intersection,Normale,Autre collision,,,,,,,,,,,1,1,1,1,6
200500013342,0005-03-31 21:45:00,5,3,31,21,45,130,96.0,,43.549,4.364,Nuit sans éclairage public,Hors agglomération,Hors intersection,Normale,Autre collision,,,,,,,,,,,3,1,1,1,6
200500013343,0005-03-29 20:15:00,5,3,29,20,15,130,97.0,,43.636,4.773,Nuit sans éclairage public,Hors agglomération,Hors intersection,Normale,Deux véhicules - arrière,,,,,,,,,,,3,1,1,1,2
200500013344,0005-03-03 20:15:00,5,3,3,20,15,130,52.0,,,,Nuit sans éclairage public,Hors agglomération,Hors intersection,Temps couvert,Autre collision,,,,,,,,,,,3,1,1,8,6
200500013345,0005-03-20 20:30:00,5,3,20,20,30,130,100.0,,,,Nuit sans éclairage public,Hors agglomération,Hors intersection,Normale,Autre collision,,,,,,,,,,,3,1,1,1,6
200500013346,0005-03-27 04:00:00,5,3,27,4,0,130,100.0,,,,Nuit sans éclairage public,Hors agglomération,Hors intersection,Temps couvert,Autre collision,,,,,,,,,,,3,1,1,8,6
200500013347,0005-03-29 08:30:00,5,3,29,8,30,130,100.0,,,,Plein jour,Hors agglomération,Hors intersection,Normale,Autre collision,,,,,,,,,,,1,1,1,1,6
200500013348,0005-03-09 15:30:00,5,3,9,15,30,130,30.0,,43.272,5.728,Plein jour,Hors agglomération,Hors intersection,Normale,Deux véhicules - côté,,,,,,,,,,,1,1,1,1,3
200500013349,0005-03-10 13:45:00,5,3,10,13,45,130,42.0,,,,Plein jour,Hors agglomération,Hors intersection,Normale,Trois véhicules et plus - collisions multiples,,,,,,,,,,,1,1,1,1,5
200500013350,0005-03-13 16:00:00,5,3,13,16,0,130,22.0,,43.223,5.566,Plein jour,Hors agglomération,Hors intersection,Normale,Deux véhicules - arrière,,,,,,,,,,,1,1,1,1,2
200500013351,0005-03-25 18:15:00,5,3,25,18,15,130,22.0,,43.24,5.544,Plein jour,Hors agglomération,Hors intersection,Normale,Trois véhicules et plus - en chaîne,,,,,,,,,,,1,1,1,1,4
200500013352,0005-03-31 20:15:00,5,3,31,20,15,130,101.0,,,,Crépuscule ou aube,Hors agglomération,Hors intersection,Pluie légère,Deux véhicules - frontale,,,,,,,,,,,2,1,1,2,1
200500013353,0005-03-10 19:15:00,5,3,10,19,15,130,86.0,RN 96 - avenue des allié,,,Nuit avec éclairage allumé,En agglomération,Hors intersection,Normale,Autre collision,,,,,,,,,,,5,2,1,1,6
200500013354,0005-03-20 15:30:00,5,3,20,15,30,130,7.0,,,,Plein jour,Hors agglomération,Hors intersection,Normale,Deux véhicules - frontale,,,,,,,,,,,1,1,1,1,1
200500013355,0005-03-12 10:30:00,5,3,12,10,30,130,3.0,,43.726,5.14,Plein jour,Hors agglomération,Hors intersection,Normale,Deux véhicules - côté,,,,,,,,,,,1,1,1,1,3
200500013356,0005-03-09 14:15:00,5,3,9,14,15,130,89.0,,,,Plein jour,Hors agglomération,Hors intersection,Vent fort / tempête,Deux véhicules - frontale,,,,,,,,,,,1,1,1,6,1
200500013357,0005-03-12 16:45:00,5,3,12,16,45,130,67.0,,,,Plein jour,Hors agglomération,Hors intersection,Normale,Trois véhicules et plus - collisions multiples,,,,,,,,,,,1,1,1,1,5
200500013358,0005-03-28 00:15:00,5,3,28,0,15,40,1.0,,44.056,6.151,Nuit avec éclairage allumé,Hors agglomération,Hors intersection,Normale,Deux véhicules - frontale,,,,,,,,,,,5,1,1,1,1
200500013359,0005-03-09 07:00:00,5,3,9,7,0,40,143.0,,43.886,5.91,Plein jour,Hors agglomération,Hors intersection,Normale,Autre collision,,,,,,,,,,,1,1,1,1,6
200500013360,0005-03-10 19:30:00,5,3,10,19,30,40,116.0,,44.002,5.938,Nuit sans éclairage public,Hors agglomération,Hors intersection,Normale,Trois véhicules et plus - en chaîne,,,,,,,,,,,3,1,1,1,4
200500013361,0005-03-17 18:45:00,5,3,17,18,45,40,102.0,,,,Nuit sans éclairage public,Hors agglomération,Hors intersection,Normale,Deux véhicules - frontale,,,,,,,,,,,3,1,1,1,1
200500013362,0005-03-21 18:00:00,5,3,21,18,0,40,104.0,,43.955,5.747,Plein jour,Hors agglomération,Hors intersection,Normale,Sans collision,,,,,,,,,,,1,1,1,1,7
200500013363,0005-03-29 18:45:00,5,3,29,18,45,40,242.0,,43.889,5.863,Plein jour,Hors agglomération,Hors intersection,Normale,Deux véhicules - côté,,,,,,,,,,,1,1,1,1,3
200500013364,0005-03-09 17:00:00,5,3,9,17,0,40,49.0,AVENUE DU STADE,,,Plein jour,En agglomération,Giratoire,Normale,Deux véhicules - frontale,,,,,,,,,,,1,2,6,1,1
200500013365,0005-03-25 19:30:00,5,3,25,19,30,40,209.0,Avenue Paul Arène,,,Nuit avec éclairage allumé,En agglomération,Hors intersection,Normale,Autre collision,,,,,,,,,,,5,2,1,1,6
200500013366,0005-03-10 19:30:00,5,3,10,19,30,50,73.0,,,,Nuit sans éclairage public,Hors agglomération,Hors intersection,Normale,Autre collision,,,,,,,,,,,3,1,1,1,6
200500013367,0005-03-02 18:15:00,5,3,2,18,15,50,56.0,,44.622,6.135,Crépuscule ou aube,Hors agglomération,Intersection en X,Normale,Deux véhicules - côté,,,,,,,,,,,2,1,2,1,3
200500013368,0005-03-26 18:00:00,5,3,26,18,0,50,86.0,,,,Plein jour,Hors agglomération,Hors intersection,Normale,Autre collision,,,,,,,,,,,1,1,1,1,6
200500013369,0005-03-27 14:00:00,5,3,27,14,0,50,146.0,,,,Plein jour,Hors agglomération,Hors intersection,Normale,Deux véhicules - côté,,,,,,,,,,,1,1,1,1,3
200500013370,0005-03-30 10:15:00,5,3,30,10,15,50,46.0,Carrefour de la gare,,,Plein jour,En agglomération,Hors intersection,Normale,Autre collision,,,,,,,,,,,1,2,1,1,6
200500013371,0005-03-01 17:45:00,5,3,1,17,45,50,17.0,,44.567,6.198,Plein jour,Hors agglomération,Intersection en X,Normale,Deux véhicules - côté,,,,,,,,,,,1,1,2,1,3
200500013372,0005-03-04 08:30:00,5,3,4,8,30,50,40.0,rue des Hirondelles,44.55,6.27,Plein jour,En agglomération,Hors intersection,Normale,Deux véhicules - frontale,,,,,,,,,,,1,2,1,1,1
200500013373,0005-03-20 09:15:00,5,3,20,9,15,50,40.0,,44.54,6.3,Plein jour,Hors agglomération,Hors intersection,Normale,Deux véhicules - côté,,,,,,,,,,,1,1,1,1,3
200500013374,0005-03-27 18:45:00,5,3,27,18,45,50,84.0,,44.56,6.21,Plein jour,Hors agglomération,Hors intersection,Normale,Sans collision,,,,,,,,,,,1,1,1,1,7
200500013375,0005-03-18 10:00:00,5,3,18,10,0,60,48.0,le Pilon,,,Plein jour,En agglomération,Hors intersection,Normale,Deux véhicules - frontale,,,,,,,,,,,1,2,1,1,1
200500013376,0005-03-19 10:45:00,5,3,19,10,45,60,19.0,,,,Plein jour,Hors agglomération,Hors intersection,Normale,Trois véhicules et plus - en chaîne,,,,,,,,,,,1,1,1,1,4
200500013377,0005-03-24 07:45:00,5,3,24,7,45,60,57.0,,,,Plein jour,Hors agglomération,Hors intersection,Normale,Autre collision,,,,,,,,,,,1,1,1,1,6
200500013378,0005-03-16 15:00:00,5,3,16,15,0,60,75.0,,,,Plein jour,Hors agglomération,Hors intersection,Normale,Trois véhicules et plus - en chaîne,,,,,,,,,,,1,1,1,1,4
200500013379,0005-03-31 19:00:00,5,3,31,19,0,60,114.0,,,,Plein jour,Hors agglomération,Hors intersection,Normale,Deux véhicules - frontale,,,,,,,,,,,1,1,1,1,1
200500013380,0005-03-25 16:45:00,5,3,25,16,45,60,103.0,rue LAURENTI,44.015,7.31,Plein jour,En agglomération,Hors intersection,Normale,Deux véhicules - frontale,,,,,,,,,,,1,2,1,1,1
200500013381,0005-03-28 16:00:00,5,3,28,16,0,60,121.0,Parking Libération,,,Plein jour,En agglomération,Hors intersection,Normale,Trois véhicules et plus - collisions multiples,,,,,,,,,,,1,2,1,1,5
200500013382,0005-03-08 17:15:00,5,3,8,17,15,60,161.0,,,,Plein jour,Hors agglomération,Hors intersection,Normale,Deux véhicules - côté,,,,,,,,,,,1,1,1,1,3
200500013383,0005-03-03 23:15:00,5,3,3,23,15,60,79.0,Avenue de Cannes,,,Plein jour,En agglomération,Hors intersection,Normale,Deux véhicules - frontale,,,,,,,,,,,1,2,1,1,1
200500013384,0005-03-02 17:30:00,5,3,2,17,30,60,95.0,,43.64,6.88,Plein jour,En agglomération,Hors intersection,Normale,Sans collision,,,,,,,,,,,1,2,1,1,7
200500013385,0005-03-19 16:45:00,5,3,19,16,45,60,70.0,,,,Plein jour,Hors agglomération,Hors intersection,Normale,Autre collision,,,,,,,,,,,1,1,1,1,6
200500013386,0005-03-27 15:15:00,5,3,27,15,15,60,95.0,,,,Plein jour,Hors agglomération,Hors intersection,Normale,Autre collision,,,,,,,,,,,1,1,1,1,6
200500013387,0005-03-19 17:00:00,5,3,19,17,0,60,122.0,,,,Plein jour,Hors agglomération,Hors intersection,Normale,Deux véhicules - côté,,,,,,,,,,,1,1,1,1,3
200500013388,0005-03-14 12:15:00,5,3,14,12,15,60,33.0,,43.799,7.206,Plein jour,Hors agglomération,Hors intersection,Normale,Autre collision,,,,,,,,,,,1,1,1,1,6
200500013389,0005-03-28 17:45:00,5,3,28,17,45,60,33.0,chemin des launes,,,Plein jour,En agglomération,Hors intersection,Normale,Deux véhicules - frontale,,,,,,,,,,,1,2,1,1,1
200500013390,0005-03-20 13:15:00,5,3,20,13,15,60,62.0,,,,Plein jour,Hors agglomération,Hors intersection,Normale,Sans collision,,,,,,,,,,,1,1,1,1,7
200500013391,0005-03-17 05:15:00,5,3,17,5,15,60,32.0,42 MOYENNE CORNICHE,,,Nuit avec éclairage allumé,En agglomération,Hors intersection,Normale,Deux véhicules - frontale,,,,,,,,,,,5,2,1,1,1
200500013392,0005-03-17 16:30:00,5,3,17,16,30,60,32.0,route nationale 7,,,Plein jour,En agglomération,Hors intersection,Normale,Deux véhicules - frontale,,,,,,,,,,,1,2,1,1,1
200500013393,0005-03-26 12:00:00,5,3,26,12,0,60,158.0,,43.934,7.094,Plein jour,Hors agglomération,Hors intersection,Normale,Deux véhicules - côté,,,,,,,,,,,1,1,1,1,3
200500013394,0005-03-12 19:30:00,5,3,12,19,30,60,94.0,,44.115,6.916,Nuit sans éclairage public,Hors agglomération,Hors intersection,Normale,Autre collision,,,,,,,,,,,3,1,1,1,6
200500013395,0005-03-10 13:00:00,5,3,10,13,0,60,153.0,,44.054,7.134,Plein jour,Hors agglomération,Hors intersection,Normale,Sans collision,,,,,,,,,,,1,1,1,1,7
200500013396,0005-03-14 09:30:00,5,3,14,9,30,60,102.0,,,,Plein jour,Hors agglomération,Hors intersection,Normale,Deux véhicules - frontale,,,,,,,,,,,1,1,1,1,1
200500013397,0005-03-16 14:00:00,5,3,16,14,0,830,148.0,RN 7 AVENUE FOCH,,,Plein jour,En agglomération,Hors intersection,Normale,Trois véhicules et plus - en chaîne,,,,,,,,,,,1,2,1,1,4
200500013398,0005-03-17 10:00:00,5,3,17,10,0,830,4.0,,43.45,6.48,Plein jour,Hors agglomération,Hors intersection,Normale,Deux véhicules - arrière,,,,,,,,,,,1,1,1,1,2
200500013399,0005-03-19 20:30:00,5,3,19,20,30,830,142.0,,,,Nuit sans éclairage public,Hors agglomération,Hors intersection,Normale,Sans collision,,,,,,,,,,,3,1,1,1,7
200500013400,0005-03-22 19:45:00,5,3,22,19,45,830,133.0,,,,Nuit sans éclairage public,Hors agglomération,Hors intersection,Autre,Deux véhicules - côté,,,,,,,,,,,3,1,1,9,3
200500013401,0005-03-06 20:45:00,5,3,6,20,45,830,31.0,,,,Nuit sans éclairage public,Hors agglomération,Hors intersection,Normale,Deux véhicules - frontale,,,,,,,,,,,3,1,1,1,1
200500013402,0005-03-18 15:15:00,5,3,18,15,15,830,73.0,,,,Plein jour,Hors agglomération,Hors intersection,Normale,Deux véhicules - frontale,,,,,,,,,,,1,1,1,1,1
200500013403,0005-03-12 18:30:00,5,3,12,18,30,830,121.0,,,,Crépuscule ou aube,Hors agglomération,Giratoire,Normale,Autre collision,,,,,,,,,,,2,1,6,1,6
200500013404,0005-03-01 06:30:00,5,3,1,6,30,830,23.0,,,,Crépuscule ou aube,Hors agglomération,Hors intersection,Normale,Deux véhicules - côté,,,,,,,,,,,2,1,1,1,3
200500013405,0005-03-12 09:30:00,5,3,12,9,30,830,23.0,,,,Plein jour,Hors agglomération,Hors intersection,Normale,Sans collision,,,,,,,,,,,1,1,1,1,7
200500013406,0005-03-03 09:30:00,5,3,3,9,30,830,95.0,,43.569,6.08,Plein jour,Hors agglomération,Hors intersection,Autre,Sans collision,,,,,,,,,,,1,1,1,9,7
200500013407,0005-03-23 17:45:00,5,3,23,17,45,830,67.0,quartier de l'Ane Volant,,,Plein jour,En agglomération,Hors intersection,Normale,Deux véhicules - côté,,,,,,,,,,,1,2,1,1,3
200500013408,0005-03-26 07:30:00,5,3,26,7,30,830,57.0,,43.392,6.249,Plein jour,Hors agglomération,Hors intersection,Normale,Sans collision,,,,,,,,,,,1,1,1,1,7
200500013409,0005-03-02 16:45:00,5,3,2,16,45,830,116.0,RUE DU REAL VIEUX,43.45,5.86,Plein jour,En agglomération,Hors intersection,Normale,Autre collision,,,,,,,,,,,1,2,1,1,6
200500013410,0005-03-29 09:30:00,5,3,29,9,30,830,96.0,,,,Plein jour,Hors agglomération,Autre intersection,Normale,Deux véhicules - frontale,,,,,,,,,,,1,1,9,1,1
200500013411,0005-03-30 14:00:00,5,3,30,14,0,830,116.0,,43.48,5.86,Plein jour,Hors agglomération,Hors intersection,Normale,Sans collision,,,,,,,,,,,1,1,1,1,7
200500013412,0005-03-30 17:15:00,5,3,30,17,15,830,89.0,,43.48,5.82,Plein jour,En agglomération,Hors intersection,Normale,Trois véhicules et plus - en chaîne,,,,,,,,,,,1,2,1,1,4
200500013413,0005-03-11 19:30:00,5,3,11,19,30,830,68.0,,,,Nuit sans éclairage public,Hors agglomération,Hors intersection,Normale,Deux véhicules - côté,,,,,,,,,,,3,1,1,1,3
200500013414,0005-03-22 18:30:00,5,3,22,18,30,830,68.0,,,,Plein jour,Hors agglomération,Hors intersection,Normale,Deux véhicules - frontale,,,,,,,,,,,1,1,1,1,1
200500013415,0005-03-12 20:45:00,5,3,12,20,45,830,119.0,,,,Nuit sans éclairage public,Hors agglomération,Hors intersection,Normale,Deux véhicules - arrière,,,,,,,,,,,3,1,1,1,2
200500013416,0005-03-18 17:30:00,5,3,18,17,30,830,65.0,,,,Plein jour,Hors agglomération,Hors intersection,Normale,Sans collision,,,,,,,,,,,1,1,1,1,7
200500013417,0005-03-19 20:00:00,5,3,19,20,0,830,65.0,,,,Nuit sans éclairage public,Hors agglomération,Hors intersection,Normale,Sans collision,,,,,,,,,,,3,1,1,1,7
200500013418,0005-03-04 20:00:00,5,3,4,20,0,830,53.0,,,,Nuit sans éclairage public,Hors agglomération,Hors intersection,Normale,Sans collision,,,,,,,,,,,3,1,1,1,7
200500013419,0005-03-27 16:30:00,5,3,27,16,30,830,35.0,,43.194,5.785,Plein jour,Hors agglomération,Hors intersection,Normale,Deux véhicules - côté,,,,,,,,,,,1,1,1,1,3
200500013420,0005-03-19 15:00:00,5,3,19,15,0,830,49.0,,,,Nuit sans éclairage public,Hors agglomération,Hors intersection,Normale,Autre collision,,,,,,,,,,,3,1,1,1,6
200500013421,0005-03-23 14:00:00,5,3,23,14,0,830,47.0,AVENUE G2N2RAL DEGAULLE,,,Plein jour,En agglomération,Hors intersection,Normale,Autre collision,,,,,,,,,,,1,2,1,1,6
200500013422,0005-03-06 01:30:00,5,3,6,1,30,830,70.0,CD 559,,,Nuit sans éclairage public,En agglomération,Hors intersection,Normale,Deux véhicules - frontale,,,,,,,,,,,3,2,1,1,1
200500013423,0005-03-21 20:15:00,5,3,21,20,15,840,34.0,,,,Nuit sans éclairage public,Hors agglomération,Hors intersection,Normale,Sans collision,,,,,,,,,,,3,1,1,1,7
200500013424,0005-03-18 11:30:00,5,3,18,11,30,840,54.0,AVENUE DE LA LIBERATION,,,Plein jour,En agglomération,Autre intersection,Normale,Autre collision,,,,,,,,,,,1,2,9,1,6
200500013425,0005-03-24 19:30:00,5,3,24,19,30,840,54.0,,,,Nuit sans éclairage public,Hors agglomération,Hors intersection,Normale,Autre collision,,,,,,,,,,,3,1,1,1,6
200500013426,0005-03-25 21:30:00,5,3,25,21,30,840,54.0,,,,Nuit sans éclairage public,Hors agglomération,Hors intersection,Normale,Sans collision,,,,,,,,,,,3,1,1,1,7
200500013427,0005-03-14 13:30:00,5,3,14,13,30,840,92.0,RUE DE LA VERDETTE,43.981,4.86,Plein jour,En agglomération,Hors intersection,Normale,Deux véhicules - frontale,,,,,,,,,,,1,2,1,1,1
200500013428,0005-03-15 15:30:00,5,3,15,15,30,840,20.0,,43.829,5.303,Plein jour,Hors agglomération,Hors intersection,Normale,Sans collision,,,,,,,,,,,1,1,1,1,7
200500013429,0005-03-28 22:00:00,5,3,28,22,0,840,20.0,,43.87,5.314,Nuit sans éclairage public,Hors agglomération,Hors intersection,Normale,Deux véhicules - frontale,,,,,,,,,,,3,1,1,1,1
200500013430,0005-03-03 10:00:00,5,3,3,10,0,840,90.0,,,,Plein jour,Hors agglomération,Hors intersection,Neige / grêle,Autre collision,,,,,,,,,,,1,1,1,4,6
200500013431,0005-03-13 18:00:00,5,3,13,18,0,840,82.0,,,,Plein jour,Hors agglomération,Hors intersection,Normale,Deux véhicules - frontale,,,,,,,,,,,1,1,1,1,1
200500013432,0005-03-15 16:45:00,5,3,15,16,45,840,148.0,,,,Plein jour,Hors agglomération,Hors intersection,Normale,Deux véhicules - frontale,,,,,,,,,,,1,1,1,1,1
200500013433,0005-03-19 08:30:00,5,3,19,8,30,840,8.0,,,,Plein jour,Hors agglomération,Hors intersection,Brouillard / fumée,Autre collision,,,,,,,,,,,1,1,1,5,6
200500013434,0005-03-30 16:45:00,5,3,30,16,45,840,107.0,,,,Plein jour,Hors agglomération,Hors intersection,Normale,Sans collision,,,,,,,,,,,1,1,1,1,7
200500013435,0005-03-27 16:15:00,5,3,27,16,15,840,142.0,,43.961,5.043,Plein jour,Hors agglomération,Hors intersection,Normale,Deux véhicules - frontale,,,,,,,,,,,1,1,1,1,1
200500013436,0005-03-16 08:30:00,5,3,16,8,30,840,64.0,,,,Plein jour,Hors agglomération,Hors intersection,Brouillard / fumée,Trois véhicules et plus - collisions multiples,,,,,,,,,,,1,1,1,5,5
200500013437,0005-03-17 07:45:00,5,3,17,7,45,840,19.0,,44.299,4.753,Plein jour,Hors agglomération,Hors intersection,Normale,Deux véhicules - arrière,,,,,,,,,,,1,1,1,1,2
200500013438,0005-03-25 21:30:00,5,3,25,21,30,840,97.0,,,,Nuit sans éclairage public,Hors agglomération,Hors intersection,Normale,Sans collision,,,,,,,,,,,3,1,1,1,7
200500013439,0005-03-02 19:30:00,5,3,2,19,30,340,227.0,,,,Nuit sans éclairage public,Hors agglomération,Hors intersection,Normale,Deux véhicules - frontale,,,,,,,,,,,3,1,1,1,1
200500013440,0005-03-04 04:45:00,5,3,4,4,45,340,321.0,,43.679,4.069,Nuit sans éclairage public,Hors agglomération,Hors intersection,Normale,Autre collision,,,,,,,,,,,3,1,1,1,6
200500013441,0005-03-04 08:00:00,5,3,4,8,0,340,145.0,BOULEVARD ST FRUCTUEUX,,,Plein jour,En agglomération,Hors intersection,Normale,Deux véhicules - côté,,,,,,,,,,,1,2,1,1,3