accident_id,datetime,annee,mois,jour,heure,minute,departement,commune_insee,adresse,latitude,longitude,luminosite,agglomeration,intersection,meteo,collision,nb_vehicules,nb_usagers,nb_indemnes,nb_tues,nb_blesses_hosp,nb_blesses_legers,age_cond_1,age_cond_2,veh_type_cond_1,veh_type_cond_2,lum_code,agg_code,int_code,atm_code,col_code
200500013713,0005-03-23 12:30:00,5,3,23,12,30,330,85.0,,,,Plein jour,Hors agglomération,Hors intersection,Normale,Deux véhicules - arrière,,,,,,,,,,,1,1,1,1,2
200500013714,0005-03-02 16:00:00,5,3,2,16,0,470,318.0,,44.2,0.329,Plein jour,Hors agglomération,Hors intersection,Normale,Trois véhicules et plus - collisions multiples,,,,,,,,,,,1,1,1,1,5
200500013715,0005-03-11 10:00:00,5,3,11,10,0,470,172.0,,44.145,0.522,Plein jour,Hors agglomération,Hors intersection,Normale,Deux véhicules - côté,,,,,,,,,,,1,1,1,1,3
200500013716,0005-03-11 10:30:00,5,3,11,10,30,470,195.0,ALLEES D ALBRET,44.141,0.339,Plein jour,En agglomération,Hors intersection,Normale,Deux véhicules - côté,,,,,,,,,,,1,2,1,1,3
200500013717,0005-03-25 14:15:00,5,3,25,14,15,470,195.0,,44.112,0.354,Plein jour,Hors agglomération,Intersection en T,Normale,Deux véhicules - côté,,,,,,,,,,,1,1,3,1,3
200500013718,0005-03-26 07:30:00,5,3,26,7,30,470,134.0,,44.04,0.29,Nuit sans éclairage public,Hors agglomération,Hors intersection,Normale,Autre collision,,,,,,,,,,,3,1,1,1,6
200500013719,0005-03-30 22:45:00,5,3,30,22,45,340,134.0,,,,Nuit sans éclairage public,Hors agglomération,Hors intersection,Normale,Deux véhicules - frontale,,,,,,,,,,,3,1,1,1,1
200500013720,0005-03-12 20:45:00,5,3,12,20,45,350,51.0,,48.124,-1.597,Nuit avec éclairage allumé,En agglomération,Hors intersection,Normale,Autre collision,,,,,,,,,,,5,2,1,1,6
200500013721,0005-03-14 14:30:00,5,3,14,14,30,110,151.0,,,,Plein jour,Hors agglomération,Hors intersection,Normale,Deux véhicules - frontale,,,,,,,,,,,1,1,1,1,1
200500013722,0005-03-04 22:30:00,5,3,4,22,30,780,564.0,,48.51,1.908,Nuit sans éclairage public,Hors agglomération,Hors intersection,Temps couvert,Autre collision,,,,,,,,,,,3,1,1,8,6
200500013723,0005-03-21 00:45:00,5,3,21,0,45,910,319.0,,,,Nuit sans éclairage public,Hors agglomération,Hors intersection,Normale,Trois véhicules et plus - collisions multiples,,,,,,,,,,,3,1,1,1,5
200500013724,0005-03-27 11:45:00,5,3,27,11,45,910,111.0,,48.627,2.133,Plein jour,Hors agglomération,Hors intersection,Temps couvert,Autre collision,,,,,,,,,,,1,1,1,8,6
200500013725,0005-03-20 14:30:00,5,3,20,14,30,690,253.0,,45.484,4.778,Plein jour,Hors agglomération,Hors intersection,Normale,Autre collision,,,,,,,,,,,1,1,1,1,6
200500013726,0005-03-26 16:15:00,5,3,26,16,15,690,118.0,RN86-RUE ROCHE MOUSSY,45.562,4.811,Plein jour,En agglomération,Hors intersection,Normale,Deux véhicules - côté,,,,,,,,,,,1,2,1,1,3
200500013727,0005-03-20 06:45:00,5,3,20,6,45,370,50.0,Avenue de la République,,,Crépuscule ou aube,En agglomération,Hors intersection,Normale,Autre collision,,,,,,,,,,,2,2,1,1,6
200500013728,0005-03-20 17:30:00,5,3,20,17,30,370,50.0,,,,Plein jour,Hors agglomération,Hors intersection,Normale,Autre collision,,,,,,,,,,,1,1,1,1,6
200500013729,0005-03-09 14:30:00,5,3,9,14,30,330,229.0,,44.706,-1.024,Plein jour,En agglomération,Hors intersection,Normale,Deux véhicules - côté,,,,,,,,,,,1,2,1,1,3
200500013730,0005-03-04 08:30:00,5,3,4,8,30,600,432.0,RUE GERARD DE NERVAL,49.115,2.603,Plein jour,En agglomération,Hors intersection,Neige / grêle,Deux véhicules - frontale,,,,,,,,,,,1,2,1,4,1
200500013731,0005-03-04 19:30:00,5,3,4,19,30,600,142.0,,49.123,2.561,Nuit sans éclairage public,Hors agglomération,Hors intersection,Neige / grêle,Deux véhicules - côté,,,,,,,,,,,3,1,1,4,3
200500013732,0005-03-23 11:00:00,5,3,23,11,0,600,494.0,,49.099,2.575,Plein jour,Hors agglomération,Hors intersection,Normale,Deux véhicules - frontale,,,,,,,,,,,1,1,1,1,1
200500013733,0005-03-20 19:15:00,5,3,20,19,15,770,65.0,,48.465,2.519,Crépuscule ou aube,Hors agglomération,Hors intersection,Normale,Deux véhicules - côté,,,,,,,,,,,2,1,1,1,3
200500013734,0005-03-28 15:00:00,5,3,28,15,0,770,216.0,,48.295,2.681,Plein jour,Hors agglomération,Hors intersection,Pluie forte,Autre collision,,,,,,,,,,,1,1,1,3,6
200500013735,0005-03-29 03:45:00,5,3,29,3,45,770,185.0,,48.446,2.534,Nuit sans éclairage public,Hors agglomération,Hors intersection,Normale,Deux véhicules - arrière,,,,,,,,,,,3,1,1,1,2
200500013736,0005-03-23 23:15:00,5,3,23,23,15,620,355.0,,50.337,2.92,Nuit avec éclairage allumé,Hors agglomération,Hors intersection,Normale,Autre collision,,,,,,,,,,,5,1,1,1,6
200500013737,0005-03-31 19:45:00,5,3,31,19,45,800,307.0,,,,Crépuscule ou aube,Hors agglomération,Hors intersection,Normale,Sans collision,,,,,,,,,,,2,1,1,1,7
200500013738,0005-03-12 09:00:00,5,3,12,9,0,710,265.0,,,,Plein jour,Hors agglomération,Hors intersection,Normale,Trois véhicules et plus - collisions multiples,,,,,,,,,,,1,1,1,1,5
200500013739,0005-03-26 12:00:00,5,3,26,12,0,710,118.0,,,,Plein jour,Hors agglomération,Hors intersection,Temps couvert,Autre collision,,,,,,,,,,,1,1,1,8,6
200500013740,0005-03-03 07:45:00,5,3,3,7,45,710,550.0,,,,Plein jour,Hors agglomération,Hors intersection,Normale,Deux véhicules - frontale,,,,,,,,,,,1,1,1,1,1
200500013741,0005-03-25 17:15:00,5,3,25,17,15,710,195.0,,,,Plein jour,Hors agglomération,Hors intersection,Normale,Autre collision,,,,,,,,,,,1,1,1,1,6
200500013742,0005-03-30 08:45:00,5,3,30,8,45,710,105.0,,,,Plein jour,Hors agglomération,Hors intersection,Normale,Sans collision,,,,,,,,,,,1,1,1,1,7
200500013743,0005-03-08 23:15:00,5,3,8,23,15,890,108.0,,,,Nuit sans éclairage public,Hors agglomération,Hors intersection,Normale,Deux véhicules - côté,,,,,,,,,,,3,1,1,1,3
200500013744,0005-03-14 07:15:00,5,3,14,7,15,890,196.0,,,,Plein jour,Hors agglomération,Hors intersection,Normale,Deux véhicules - côté,,,,,,,,,,,1,1,1,1,3
200500013745,0005-03-27 16:00:00,5,3,27,16,0,890,366.0,,,,Plein jour,Hors agglomération,Hors intersection,Pluie forte,Deux véhicules - arrière,,,,,,,,,,,1,1,1,3,2
200500013746,0005-03-07 21:15:00,5,3,7,21,15,130,114.0,,,,Nuit sans éclairage public,Hors agglomération,Hors intersection,Normale,Deux véhicules - frontale,,,,,,,,,,,3,1,1,1,1
200500013747,0005-03-18 03:15:00,5,3,18,3,15,130,103.0,,,,Nuit sans éclairage public,Hors agglomération,Hors intersection,Normale,Deux véhicules - côté,,,,,,,,,,,3,1,1,1,3
200500013748,0005-03-14 17:00:00,5,3,14,17,0,600,601.0,,,,Plein jour,En agglomération,Hors intersection,Normale,Deux véhicules - frontale,,,,,,,,,,,1,2,1,1,1
200500013749,0005-03-19 00:45:00,5,3,19,0,45,600,155.0,,,,Nuit sans éclairage public,Hors agglomération,Hors intersection,Brouillard / fumée,Sans collision,,,,,,,,,,,3,1,1,5,7
200500013750,0005-03-19 08:30:00,5,3,19,8,30,600,155.0,,49.252,2.318,Plein jour,Hors agglomération,Hors intersection,Normale,Sans collision,,,,,,,,,,,1,1,1,1,7
200500013751,0005-03-07 14:45:00,5,3,7,14,45,270,227.0,,,,Plein jour,Hors agglomération,Hors intersection,Normale,Deux véhicules - arrière,,,,,,,,,,,1,1,1,1,2
200500013752,0005-03-04 09:15:00,5,3,4,9,15,270,203.0,,,,Plein jour,Hors agglomération,Hors intersection,Normale,Autre collision,,,,,,,,,,,1,1,1,1,6
200500013753,0005-03-20 22:15:00,5,3,20,22,15,270,150.0,,,,Nuit sans éclairage public,Hors agglomération,Hors intersection,Normale,Deux véhicules - côté,,,,,,,,,,,3,1,1,1,3
200500013754,0005-03-04 04:15:00,5,3,4,4,15,600,533.0,,49.535,2.723,Nuit sans éclairage public,Hors agglomération,Hors intersection,Normale,Trois véhicules et plus - en chaîne,,,,,,,,,,,3,1,1,1,4
200500013755,0005-03-06 07:30:00,5,3,6,7,30,210,142.0,,47.515,4.73,Plein jour,Hors agglomération,Hors intersection,Neige / grêle,Autre collision,,,,,,,,,,,1,1,1,4,6
200500013756,0005-03-12 14:15:00,5,3,12,14,15,210,408.0,,47.398,5.028,Plein jour,Hors agglomération,Hors intersection,Neige / grêle,Deux véhicules - frontale,,,,,,,,,,,1,1,1,4,1
200500013757,0005-03-11 20:30:00,5,3,11,20,30,690,19.0,,,,Nuit sans éclairage public,Hors agglomération,Hors intersection,Normale,Deux véhicules - arrière,,,,,,,,,,,3,1,1,1,2
200500013758,0005-03-31 05:45:00,5,3,31,5,45,620,384.0,,,,Nuit sans éclairage public,Hors agglomération,Hors intersection,Normale,Deux véhicules - arrière,,,,,,,,,,,3,1,1,1,2
200500013759,0005-03-19 14:00:00,5,3,19,14,0,530,15.0,,48.193,-0.872,Plein jour,Hors agglomération,Hors intersection,Temps éblouissant,Autre collision,,,,,,,,,,,1,1,1,7,6
200500013760,0005-03-24 15:30:00,5,3,24,15,30,530,40.0,,48.145,-1.041,Plein jour,Hors agglomération,Hors intersection,Normale,Deux véhicules - frontale,,,,,,,,,,,1,1,1,1,1
200500013761,0005-03-05 17:00:00,5,3,5,17,0,950,580.0,,,,Plein jour,Hors agglomération,Hors intersection,Temps couvert,Autre collision,,,,,,,,,,,1,1,1,8,6
200500013762,0005-03-15 07:45:00,5,3,15,7,45,950,250.0,avenue de Beaumont,,,Plein jour,En agglomération,Hors intersection,Temps éblouissant,Autre collision,,,,,,,,,,,1,2,1,7,6
200500013763,0005-03-18 18:45:00,5,3,18,18,45,310,22.0,chemin plaine andreau,43.67,1.41,Plein jour,En agglomération,Hors intersection,Normale,Deux véhicules - côté,,,,,,,,,,,1,2,1,1,3
200500013764,0005-03-12 00:45:00,5,3,12,0,45,830,96.0,,,,Nuit sans éclairage public,Hors agglomération,Hors intersection,Normale,Deux véhicules - arrière,,,,,,,,,,,3,1,1,1,2
200500013765,0005-03-15 15:45:00,5,3,15,15,45,740,81.0,,,,Plein jour,Hors agglomération,Hors intersection,Normale,Autre collision,,,,,,,,,,,1,1,1,1,6
200500013766,0005-03-27 04:30:00,5,3,27,4,30,740,118.0,,,,Nuit avec éclairage non allumé,Hors agglomération,Autre intersection,Pluie forte,Autre collision,,,,,,,,,,,4,1,9,3,6
200500013767,0005-03-03 16:30:00,5,3,3,16,30,340,240.0,,,,Plein jour,Hors agglomération,Hors intersection,Normale,Trois véhicules et plus - collisions multiples,,,,,,,,,,,1,1,1,1,5
200500013768,0005-03-12 03:45:00,5,3,12,3,45,300,189.0,,,,Nuit sans éclairage public,Hors agglomération,Hors intersection,Normale,Autre collision,,,,,,,,,,,3,1,1,1,6
200500013769,0005-03-18 14:00:00,5,3,18,14,0,300,145.0,,,,Plein jour,Hors agglomération,Hors intersection,Normale,Autre collision,,,,,,,,,,,1,1,1,1,6
200500013770,0005-03-25 08:45:00,5,3,25,8,45,300,123.0,,,,Plein jour,Hors agglomération,Hors intersection,Normale,Deux véhicules - arrière,,,,,,,,,,,1,1,1,1,2
200500013771,0005-03-26 06:00:00,5,3,26,6,0,300,60.0,,43.801,4.38,Nuit sans éclairage public,Hors agglomération,Hors intersection,Normale,Autre collision,,,,,,,,,,,3,1,1,1,6
200500013772,0005-03-01 09:00:00,5,3,1,9,0,450,203.0,,,,Plein jour,Hors agglomération,Hors intersection,Normale,Sans collision,,,,,,,,,,,1,1,1,1,7
200500013773,0005-03-19 16:15:00,5,3,19,16,15,280,121.0,,,,Plein jour,Hors agglomération,Hors intersection,Normale,Deux véhicules - arrière,,,,,,,,,,,1,1,1,1,2
200500013774,0005-03-26 06:45:00,5,3,26,6,45,450,154.0,,,,Plein jour,Hors agglomération,Hors intersection,Normale,Sans collision,,,,,,,,,,,1,1,1,1,7
200500013775,0005-03-26 12:30:00,5,3,26,12,30,450,317.0,,,,Plein jour,Hors agglomération,Hors intersection,Normale,Autre collision,,,,,,,,,,,1,1,1,1,6
200500013776,0005-03-17 03:45:00,5,3,17,3,45,730,304.0,,45.456,6.975,Nuit avec éclairage allumé,Hors agglomération,Autre intersection,Normale,Autre collision,,,,,,,,,,,5,1,9,1,6
200500013777,0005-03-05 14:45:00,5,3,5,14,45,130,114.0,ANCIEN CHEMIN D AIX,43.54,5.293,Plein jour,En agglomération,Hors intersection,Normale,Deux véhicules - côté,,,,,,,,,,,1,2,1,1,3
200500013778,0005-03-14 04:00:00,5,3,14,4,0,670,409.0,,48.851,8.067,Nuit sans éclairage public,Hors agglomération,Giratoire,Normale,Sans collision,,,,,,,,,,,3,1,6,1,7
200500013779,0005-03-29 13:00:00,5,3,29,13,0,670,194.0,rue de l'église,48.734,7.909,Plein jour,En agglomération,Hors intersection,Normale,Deux véhicules - côté,,,,,,,,,,,1,2,1,1,3
200500013780,0005-03-14 05:00:00,5,3,14,5,0,730,25.0,,,,Nuit sans éclairage public,Hors agglomération,Hors intersection,Normale,Deux véhicules - arrière,,,,,,,,,,,3,1,1,1,2
200500013781,0005-03-04 20:45:00,5,3,4,20,45,380,565.0,,,,Nuit sans éclairage public,Hors agglomération,Hors intersection,Normale,Trois véhicules et plus - en chaîne,,,,,,,,,,,3,1,1,1,4
200500013782,0005-03-20 23:15:00,5,3,20,23,15,140,36.0,,,,Nuit sans éclairage public,Hors agglomération,Hors intersection,Normale,Deux véhicules - arrière,,,,,,,,,,,3,1,1,1,2
200500013783,0005-03-20 20:15:00,5,3,20,20,15,280,261.0,,,,Nuit sans éclairage public,Hors agglomération,Hors intersection,Normale,Trois véhicules et plus - collisions multiples,,,,,,,,,,,3,1,1,1,5
200500013784,0005-03-19 16:15:00,5,3,19,16,15,410,86.0,,47.46,1.527,Plein jour,Hors agglomération,Hors intersection,Normale,Deux véhicules - frontale,,,,,,,,,,,1,1,1,1,1
200500013785,0005-03-19 16:30:00,5,3,19,16,30,410,49.0,,47.353,1.486,Plein jour,Hors agglomération,Hors intersection,Normale,Deux véhicules - côté,,,,,,,,,,,1,1,1,1,3
200500013786,0005-03-09 18:00:00,5,3,9,18,0,690,27.0,,,,Crépuscule ou aube,Hors agglomération,Hors intersection,Normale,Autre collision,,,,,,,,,,,2,1,1,1,6
200500013787,0005-03-19 21:15:00,5,3,19,21,15,690,43.0,,,,Nuit avec éclairage allumé,Hors agglomération,Hors intersection,Normale,Deux véhicules - côté,,,,,,,,,,,5,1,1,1,3
200500013788,0005-03-22 23:15:00,5,3,22,23,15,690,43.0,,,,Nuit sans éclairage public,Hors agglomération,Autre intersection,Pluie légère,Autre collision,,,,,,,,,,,3,1,9,2,6
200500013789,0005-03-01 13:15:00,5,3,1,13,15,340,270.0,,,,Plein jour,Hors agglomération,Hors intersection,Normale,Deux véhicules - arrière,,,,,,,,,,,1,1,1,1,2
200500013790,0005-03-11 15:45:00,5,3,11,15,45,340,32.0,,,,Plein jour,Hors agglomération,Hors intersection,Temps éblouissant,Deux véhicules - arrière,,,,,,,,,,,1,1,1,7,2
200500013791,0005-03-25 07:30:00,5,3,25,7,30,340,143.0,,,,Plein jour,Hors agglomération,Hors intersection,Normale,Deux véhicules - arrière,,,,,,,,,,,1,1,1,1,2
200500013792,0005-03-29 07:00:00,5,3,29,7,0,340,143.0,,,,Crépuscule ou aube,Hors agglomération,Hors intersection,Normale,Deux véhicules - arrière,,,,,,,,,,,2,1,1,1,2
200500013793,0005-03-16 11:15:00,5,3,16,11,15,150,119.0,,45.274,3.204,Plein jour,Hors agglomération,Hors intersection,Normale,Deux véhicules - arrière,,,,,,,,,,,1,1,1,1,2
200500013794,0005-03-22 08:45:00,5,3,22,8,45,310,254.0,,43.552,1.503,Plein jour,Hors agglomération,Hors intersection,Normale,Deux véhicules - frontale,,,,,,,,,,,1,1,1,1,1
200500013795,0005-03-21 01:45:00,5,3,21,1,45,630,302.0,,45.708,3.15,Nuit sans éclairage public,Hors agglomération,Hors intersection,Normale,Autre collision,,,,,,,,,,,3,1,1,1,6
200500013796,0005-03-15 00:30:00,5,3,15,0,30,640,496.0,,43.479,-1.458,Nuit sans éclairage public,Hors agglomération,Hors intersection,Normale,Deux véhicules - arrière,,,,,,,,,,,3,1,1,1,2
200500013797,0005-03-20 12:45:00,5,3,20,12,45,550,237.0,,,,Plein jour,Hors agglomération,Hors intersection,Normale,Sans collision,,,,,,,,,,,1,1,1,1,7
200500013798,0005-03-04 07:15:00,5,3,4,7,15,380,486.0,RUE DE LA LIBERTE,,,Crépuscule ou aube,En agglomération,Hors intersection,Normale,Deux véhicules - frontale,,,,,,,,,,,2,2,1,1,1
200500013799,0005-03-23 15:15:00,5,3,23,15,15,380,485.0,avenue de la république/,45.185,5.694,Plein jour,En agglomération,Hors intersection,Normale,Deux véhicules - côté,,,,,,,,,,,1,2,1,1,3
200500013800,0005-03-13 17:00:00,5,3,13,17,0,510,147.0,,49.037,4.457,Plein jour,Hors agglomération,Hors intersection,Normale,Autre collision,,,,,,,,,,,1,1,1,1,6
200500013801,0005-03-03 04:30:00,5,3,3,4,30,370,10.0,,,,Nuit sans éclairage public,Hors agglomération,Hors intersection,Neige / grêle,Deux véhicules - côté,,,,,,,,,,,3,1,1,4,3
200500013802,0005-03-10 19:15:00,5,3,10,19,15,370,208.0,,,,Nuit sans éclairage public,Hors agglomération,Hors intersection,Normale,Deux véhicules - frontale,,,,,,,,,,,3,1,1,1,1
200500013803,0005-03-18 06:45:00,5,3,18,6,45,370,174.0,,,,Crépuscule ou aube,Hors agglomération,Hors intersection,Brouillard / fumée,Deux véhicules - arrière,,,,,,,,,,,2,1,1,5,2
200500013804,0005-03-25 08:45:00,5,3,25,8,45,370,261.0,,,,Plein jour,Hors agglomération,Hors intersection,Normale,Deux véhicules - côté,,,,,,,,,,,1,1,1,1,3
200500013805,0005-03-26 06:45:00,5,3,26,6,45,370,261.0,,47.373,0.715,Crépuscule ou aube,Hors agglomération,Hors intersection,Normale,Deux véhicules - arrière,,,,,,,,,,,2,1,1,1,2
200500013806,0005-03-08 18:00:00,5,3,8,18,0,60,88.0,,,,Plein jour,Hors agglomération,Hors intersection,Normale,Autre collision,,,,,,,,,,,1,1,1,1,6
200500013807,0005-03-20 00:15:00,5,3,20,0,15,60,150.0,,,,Nuit sans éclairage public,Hors agglomération,Autre intersection,Normale,Trois véhicules et plus - collisions multiples,,,,,,,,,,,3,1,9,1,5
200500013808,0005-03-21 20:45:00,5,3,21,20,45,60,150.0,,,,Nuit avec éclairage allumé,Hors agglomération,Hors intersection,Normale,Autre collision,,,,,,,,,,,5,1,1,1,6
200500013809,0005-03-31 10:30:00,5,3,31,10,30,60,88.0,,,,Plein jour,Hors agglomération,Autre intersection,Normale,Autre collision,,,,,,,,,,,1,1,9,1,6
200500013810,0005-03-11 15:30:00,5,3,11,15,30,680,313.0,,,,Plein jour,Hors agglomération,Hors intersection,Vent fort / tempête,Deux véhicules - côté,,,,,,,,,,,1,1,1,6,3
200500013811,0005-03-03 07:45:00,5,3,3,7,45,660,145.0,,,,Plein jour,Hors agglomération,Hors intersection,Normale,Deux véhicules - côté,,,,,,,,,,,1,1,1,1,3
200500013812,0005-03-10 05:00:00,5,3,10,5,0,620,119.0,,50.355,2.788,Nuit sans éclairage public,Hors agglomération,Hors intersection,Normale,Trois véhicules et plus - en chaîne,,,,,,,,,,,3,1,1,1,4
200500013813,0005-03-26 07:30:00,5,3,26,7,30,620,516.0,,50.547,2.507,Plein jour,Hors agglomération,Hors intersection,Brouillard / fumée,Trois véhicules et plus - collisions multiples,,,,,,,,,,,1,1,1,5,5
200500013814,0005-03-23 05:45:00,5,3,23,5,45,380,417.0,,45.359,5.967,Crépuscule ou aube,Hors agglomération,Hors intersection,Brouillard / fumée,Trois véhicules et plus - collisions multiples,,,,,,,,,,,2,1,1,5,5
200500013815,0005-03-03 00:30:00,5,3,3,0,30,830,1.0,,,,Nuit sans éclairage public,Hors agglomération,Hors intersection,Pluie légère,Autre collision,,,,,,,,,,,3,1,1,2,6
200500013816,0005-03-24 15:45:00,5,3,24,15,45,60,4.0,,,,Plein jour,Hors agglomération,Hors intersection,Normale,Deux véhicules - arrière,,,,,,,,,,,1,1,1,1,2
200500013817,0005-03-26 05:30:00,5,3,26,5,30,60,4.0,,,,Nuit avec éclairage allumé,Hors agglomération,Hors intersection,Normale,Deux véhicules - arrière,,,,,,,,,,,5,1,1,1,2
200500013818,0005-03-16 11:30:00,5,3,16,11,30,770,49.0,,,,Plein jour,Hors agglomération,Hors intersection,Normale,Sans collision,,,,,,,,,,,1,1,1,1,7
200500013819,0005-03-24 06:00:00,5,3,24,6,0,770,478.0,,,,Nuit sans éclairage public,Hors agglomération,Hors intersection,Normale,Autre collision,,,,,,,,,,,3,1,1,1,6
200500013820,0005-03-15 17:45:00,5,3,15,17,45,640,445.0,,43.331,-0.334,Plein jour,Hors agglomération,Hors intersection,Normale,Autre collision,,,,,,,,,,,1,1,1,1,6
200500013821,0005-03-01 15:30:00,5,3,1,15,30,910,600.0,RN6 SENS PARIS PROVINCE,48.689,2.488,Plein jour,En agglomération,Hors intersection,Normale,Deux véhicules - arrière,,,,,,,,,,,1,2,1,1,2
200500013822,0005-03-06 00:15:00,5,3,6,0,15,910,573.0,rue du commerce,,,Nuit avec éclairage allumé,En agglomération,Hors intersection,Pluie légère,Autre collision,,,,,,,,,,,5,2,1,2,6
200500013823,0005-03-24 18:00:00,5,3,24,18,0,910,573.0,avenue de la Tour Maury,,,Plein jour,En agglomération,Hors intersection,Normale,Autre collision,,,,,,,,,,,1,2,1,1,6
200500013824,0005-03-27 10:15:00,5,3,27,10,15,910,553.0,RN446,48.62,2.5,Plein jour,En agglomération,Hors intersection,Temps couvert,Deux véhicules - frontale,,,,,,,,,,,1,2,1,8,1
200500013825,0005-03-20 04:15:00,5,3,20,4,15,330,260.0,,44.486,-0.832,Nuit sans éclairage public,Hors agglomération,Hors intersection,Normale,Deux véhicules - côté,,,,,,,,,,,3,1,1,1,3
200500013826,0005-03-25 22:00:00,5,3,25,22,0,330,284.0,,44.615,-1.02,Nuit sans éclairage public,Hors agglomération,Hors intersection,Normale,Autre collision,,,,,,,,,,,3,1,1,1,6
200500013827,0005-03-02 20:00:00,5,3,2,20,0,680,22.0,,,,Nuit sans éclairage public,Hors agglomération,Hors intersection,Normale,Deux véhicules - frontale,,,,,,,,,,,3,1,1,1,1
200500013828,0005-03-04 18:45:00,5,3,4,18,45,680,242.0,,,,Nuit sans éclairage public,Hors agglomération,Hors intersection,Normale,Trois véhicules et plus - en chaîne,,,,,,,,,,,3,1,1,1,4
200500013829,0005-03-02 23:15:00,5,3,2,23,15,680,297.0,,,,Nuit sans éclairage public,Hors agglomération,Hors intersection,Normale,Deux véhicules - arrière,,,,,,,,,,,3,1,1,1,2
200500013830,0005-03-19 13:30:00,5,3,19,13,30,680,66.0,,,,Plein jour,Hors agglomération,Hors intersection,Normale,Autre collision,,,,,,,,,,,1,1,1,1,6
200500013831,0005-03-04 06:15:00,5,3,4,6,15,530,262.0,,,,Nuit sans éclairage public,Hors agglomération,Hors intersection,Normale,Autre collision,,,,,,,,,,,3,1,1,1,6
200500013832,0005-03-05 08:30:00,5,3,5,8,30,440,28.0,,,,Plein jour,Hors agglomération,Hors intersection,Normale,Autre collision,,,,,,,,,,,1,1,1,1,6
200500013833,0005-03-06 12:15:00,5,3,6,12,15,820,109.0,,,,Plein jour,Hors agglomération,Hors intersection,Normale,Autre collision,,,,,,,,,,,1,1,1,1,6
200500013834,0005-03-13 08:00:00,5,3,13,8,0,820,8.0,,,,Crépuscule ou aube,Hors agglomération,Hors intersection,Normale,Deux véhicules - arrière,,,,,,,,,,,2,1,1,1,2
200500013835,0005-03-30 06:15:00,5,3,30,6,15,820,25.0,,43.964,1.328,Nuit sans éclairage public,Hors agglomération,Hors intersection,Pluie forte,Deux véhicules - côté,,,,,,,,,,,3,1,1,3,3
200500013836,0005-03-27 17:45:00,5,3,27,17,45,201,130.0,,,,Plein jour,Hors agglomération,Hors intersection,Temps couvert,Autre collision,,,,,,,,,,,1,1,1,8,6
200500013837,0005-03-04 08:15:00,5,3,4,8,15,380,435.0,,,,Plein jour,Hors agglomération,Hors intersection,Neige / grêle,Deux véhicules - frontale,,,,,,,,,,,1,1,1,4,1
200500013838,0005-03-16 08:30:00,5,3,16,8,30,380,229.0,,,,Plein jour,En agglomération,Hors intersection,Normale,Deux véhicules - côté,,,,,,,,,,,1,2,1,1,3
200500013839,0005-03-17 15:30:00,5,3,17,15,30,380,249.0,,,,Plein jour,Hors agglomération,Hors intersection,Normale,Deux véhicules - arrière,,,,,,,,,,,1,1,1,1,2
200500013840,0005-03-22 19:15:00,5,3,22,19,15,60,108.0,avenue republique,,,Nuit avec éclairage allumé,En agglomération,Hors intersection,Normale,Deux véhicules - frontale,,,,,,,,,,,5,2,1,1,1
200500013841,0005-03-24 13:00:00,5,3,24,13,0,60,85.0,chemin de la borde,,,Plein jour,En agglomération,Hors intersection,Pluie légère,Deux véhicules - côté,,,,,,,,,,,1,2,1,2,3
200500013842,0005-03-27 19:00:00,5,3,27,19,0,60,85.0,ROUTE DE LA ROQUETTE,,,Plein jour,En agglomération,Hors intersection,Normale,Deux véhicules - arrière,,,,,,,,,,,1,2,1,1,2
200500013843,0005-03-31 09:15:00,5,3,31,9,15,60,108.0,,,,Plein jour,Hors agglomération,Hors intersection,Normale,Deux véhicules - frontale,,,,,,,,,,,1,1,1,1,1
200500013844,0005-03-15 16:00:00,5,3,15,16,0,330,122.0,,44.686,-0.723,Plein jour,Hors agglomération,Hors intersection,Normale,Deux véhicules - frontale,,,,,,,,,,,1,1,1,1,1
200500013845,0005-03-24 12:00:00,5,3,24,12,0,670,49.0,,,,Plein jour,Hors agglomération,Hors intersection,Pluie légère,Deux véhicules - arrière,,,,,,,,,,,1,1,1,2,2
200500013846,0005-03-21 04:00:00,5,3,21,4,0,330,382.0,,45.121,-0.486,Nuit sans éclairage public,Hors agglomération,Hors intersection,Temps couvert,Deux véhicules - arrière,,,,,,,,,,,3,1,1,8,2
200500013847,0005-03-04 08:15:00,5,3,4,8,15,220,372.0,rue de Saint Brieuc,48.526,-2.846,Plein jour,En agglomération,Hors intersection,Normale,Autre collision,,,,,,,,,,,1,2,1,1,6
200500013848,0005-03-17 14:30:00,5,3,17,14,30,201,139.0,,,,Plein jour,Hors agglomération,Intersection en Y,Normale,Deux véhicules - côté,,,,,,,,,,,1,1,4,1,3