accident_id,datetime,annee,mois,jour,heure,minute,departement,commune_insee,adresse,latitude,longitude,luminosite,agglomeration,intersection,meteo,collision,nb_vehicules,nb_usagers,nb_indemnes,nb_tues,nb_blesses_hosp,nb_blesses_legers,age_cond_1,age_cond_2,veh_type_cond_1,veh_type_cond_2,lum_code,agg_code,int_code,atm_code,col_code
200500013849,0005-03-05 17:00:00,5,3,5,17,0,740,257.0,,,,Plein jour,Hors agglomération,Hors intersection,Pluie légère,Trois véhicules et plus - collisions multiples,,,,,,,,,,,1,1,1,2,5
200500013850,0005-03-05 13:45:00,5,3,5,13,45,10,290.0,,,,Plein jour,Hors agglomération,Hors intersection,Neige / grêle,Autre collision,,,,,,,,,,,1,1,1,4,6
200500013851,0005-03-20 19:45:00,5,3,20,19,45,10,32.0,,45.868,5.137,Nuit sans éclairage public,Hors agglomération,Hors intersection,Normale,Deux véhicules - côté,,,,,,,,,,,3,1,1,1,3
200500013852,0005-03-25 07:30:00,5,3,25,7,30,690,288.0,,45.677,5.053,Crépuscule ou aube,Hors agglomération,Hors intersection,Brouillard / fumée,Deux véhicules - arrière,,,,,,,,,,,2,1,1,5,2
200500013853,0005-03-27 08:00:00,5,3,27,8,0,10,43.0,,45.826,4.998,Crépuscule ou aube,Hors agglomération,Hors intersection,Normale,Autre collision,,,,,,,,,,,2,1,1,1,6
200500013854,0005-03-04 21:30:00,5,3,4,21,30,420,279.0,,45.515,4.268,Nuit avec éclairage allumé,Hors agglomération,Hors intersection,Normale,Deux véhicules - frontale,,,,,,,,,,,5,1,1,1,1
200500013855,0005-03-18 15:45:00,5,3,18,15,45,420,279.0,,45.481,4.264,Plein jour,Hors agglomération,Hors intersection,Normale,Deux véhicules - frontale,,,,,,,,,,,1,1,1,1,1
200500013856,0005-03-09 06:30:00,5,3,9,6,30,510,115.0,,,,Crépuscule ou aube,En agglomération,Hors intersection,Pluie légère,Autre collision,,,,,,,,,,,2,2,1,2,6
200500013857,0005-03-25 08:30:00,5,3,25,8,30,510,44.0,,49.171,4.195,Plein jour,Hors agglomération,Hors intersection,Normale,Deux véhicules - frontale,,,,,,,,,,,1,1,1,1,1
200500013858,0005-03-13 17:45:00,5,3,13,17,45,520,332.0,,,,Plein jour,Hors agglomération,Hors intersection,Neige / grêle,Deux véhicules - frontale,,,,,,,,,,,1,1,1,4,1
200500013859,0005-03-18 21:00:00,5,3,18,21,0,520,59.0,,47.97,5.48,Nuit sans éclairage public,Hors agglomération,Hors intersection,Normale,Deux véhicules - arrière,,,,,,,,,,,3,1,1,1,2
200500013860,0005-03-13 18:30:00,5,3,13,18,30,220,176.0,,48.468,-2.743,Crépuscule ou aube,En agglomération,Hors intersection,Normale,Deux véhicules - côté,,,,,,,,,,,2,2,1,1,3
200500013861,0005-03-26 18:45:00,5,3,26,18,45,220,215.0,,48.488,-2.82,Plein jour,Hors agglomération,Hors intersection,Pluie légère,Autre collision,,,,,,,,,,,1,1,1,2,6
200500013862,0005-03-05 19:45:00,5,3,5,19,45,310,157.0,RUE DU 11 NOVEMBRE 1918,43.549,1.347,Nuit avec éclairage allumé,En agglomération,Intersection en T,Pluie légère,Trois véhicules et plus - collisions multiples,,,,,,,,,,,5,2,3,2,5
200500013863,0005-03-11 18:00:00,5,3,11,18,0,310,157.0,51 route de plaisance,43.546,1.335,Plein jour,En agglomération,Hors intersection,Normale,Deux véhicules - côté,,,,,,,,,,,1,2,1,1,3
200500013864,0005-03-21 20:30:00,5,3,21,20,30,60,152.0,,,,Nuit sans éclairage public,Hors agglomération,Hors intersection,Normale,Deux véhicules - frontale,,,,,,,,,,,3,1,1,1,1
200500013865,0005-03-13 00:30:00,5,3,13,0,30,690,63.0,RUE CLEMENCEAU,,,Nuit avec éclairage allumé,En agglomération,Hors intersection,Normale,Autre collision,,,,,,,,,,,5,2,1,1,6
200500013866,0005-03-04 23:45:00,5,3,4,23,45,690,244.0,av eisenhower,,,Nuit avec éclairage allumé,En agglomération,Hors intersection,Normale,Autre collision,,,,,,,,,,,5,2,1,1,6
200500013867,0005-03-09 10:45:00,5,3,9,10,45,690,244.0,Boulevard du Valvert,,,Plein jour,En agglomération,Hors intersection,Normale,Deux véhicules - côté,,,,,,,,,,,1,2,1,1,3
200500013868,0005-03-11 17:30:00,5,3,11,17,30,690,244.0,52 av de la république,,,Plein jour,En agglomération,Hors intersection,Normale,Autre collision,,,,,,,,,,,1,2,1,1,6
200500013869,0005-03-01 18:30:00,5,3,1,18,30,380,425.0,rue sacco et venzetti,45.401,4.781,Crépuscule ou aube,En agglomération,Hors intersection,Normale,Deux véhicules - frontale,,,,,,,,,,,2,2,1,1,1
200500013870,0005-03-09 07:00:00,5,3,9,7,0,380,114.0,,45.418,4.78,Plein jour,Hors agglomération,Hors intersection,Normale,Deux véhicules - côté,,,,,,,,,,,1,1,1,1,3
200500013871,0005-03-04 10:30:00,5,3,4,10,30,340,255.0,,,,Plein jour,Hors agglomération,Hors intersection,Normale,Sans collision,,,,,,,,,,,1,1,1,1,7
200500013872,0005-03-09 07:30:00,5,3,9,7,30,290,19.0,BASE NAVALE,,,Crépuscule ou aube,En agglomération,Hors intersection,Pluie légère,Sans collision,,,,,,,,,,,2,2,1,2,7
200500013873,0005-03-31 07:15:00,5,3,31,7,15,290,19.0,Base Navale,,,Crépuscule ou aube,En agglomération,Giratoire,Normale,Deux véhicules - côté,,,,,,,,,,,2,2,6,1,3
200500013874,0005-03-12 04:30:00,5,3,12,4,30,20,63.0,,,,Nuit sans éclairage public,Hors agglomération,Hors intersection,Pluie légère,Trois véhicules et plus - collisions multiples,,,,,,,,,,,3,1,1,2,5
200500013875,0005-03-24 11:45:00,5,3,24,11,45,20,615.0,,49.92,3.236,Plein jour,Hors agglomération,Hors intersection,Normale,Autre collision,,,,,,,,,,,1,1,1,1,6
200500013876,0005-03-26 06:15:00,5,3,26,6,15,20,9.0,,,,Crépuscule ou aube,Hors agglomération,Hors intersection,Normale,Autre collision,,,,,,,,,,,2,1,1,1,6
200500013877,0005-03-17 20:15:00,5,3,17,20,15,780,571.0,,48.859,2.025,Crépuscule ou aube,Hors agglomération,Hors intersection,Normale,Deux véhicules - frontale,,,,,,,,,,,2,1,1,1,1
200500013878,0005-03-10 09:00:00,5,3,10,9,0,130,37.0,,43.55,5.18,Plein jour,Hors agglomération,Autre intersection,Normale,Deux véhicules - arrière,,,,,,,,,,,1,1,9,1,2
200500013879,0005-03-10 16:00:00,5,3,10,16,0,950,430.0,,49.075,2.326,Plein jour,Hors agglomération,Hors intersection,Normale,Trois véhicules et plus - en chaîne,,,,,,,,,,,1,1,1,1,4
200500013880,0005-03-25 08:00:00,5,3,25,8,0,760,244.0,,49.718,1.401,Plein jour,Hors agglomération,Hors intersection,Brouillard / fumée,Sans collision,,,,,,,,,,,1,1,1,5,7
200500013881,0005-03-28 05:30:00,5,3,28,5,30,760,257.0,,49.876,1.563,Nuit sans éclairage public,Hors agglomération,Hors intersection,Brouillard / fumée,Autre collision,,,,,,,,,,,3,1,1,5,6
200500013882,0005-03-31 16:15:00,5,3,31,16,15,760,462.0,,,,Plein jour,Hors agglomération,Autre intersection,Normale,Autre collision,,,,,,,,,,,1,1,9,1,6
200500013883,0005-03-04 09:00:00,5,3,4,9,0,560,243.0,,47.65,-2.71,Plein jour,Hors agglomération,Hors intersection,Normale,Trois véhicules et plus - collisions multiples,,,,,,,,,,,1,1,1,1,5
200500013884,0005-03-17 08:45:00,5,3,17,8,45,560,240.0,,,,Plein jour,Hors agglomération,Intersection en X,Normale,Trois véhicules et plus - collisions multiples,,,,,,,,,,,1,1,2,1,5
200500013885,0005-03-09 10:30:00,5,3,9,10,30,420,159.0,,,,Plein jour,Hors agglomération,Hors intersection,Temps couvert,Autre collision,,,,,,,,,,,1,1,1,8,6
200500013886,0005-03-01 07:30:00,5,3,1,7,30,380,553.0,bvd de Villefontaine,,,Crépuscule ou aube,En agglomération,Hors intersection,Normale,Autre collision,,,,,,,,,,,2,2,1,1,6
200500013887,0005-03-26 06:45:00,5,3,26,6,45,380,553.0,,,,Crépuscule ou aube,Hors agglomération,Hors intersection,Normale,Autre collision,,,,,,,,,,,2,1,1,1,6
200500013888,0005-03-26 15:45:00,5,3,26,15,45,380,339.0,lieu dit FOURNEAT,,,Plein jour,En agglomération,Hors intersection,Normale,Deux véhicules - frontale,,,,,,,,,,,1,2,1,1,1
200500013889,0005-03-24 11:45:00,5,3,24,11,45,130,48.0,,,,Plein jour,Hors agglomération,Hors intersection,Pluie forte,Sans collision,,,,,,,,,,,1,1,1,3,7
200500013890,0005-03-06 07:45:00,5,3,6,7,45,180,138.0,,,,Plein jour,Hors agglomération,Hors intersection,Normale,Sans collision,,,,,,,,,,,1,1,1,1,7
200500013891,0005-03-21 07:30:00,5,3,21,7,30,410,46.0,,,,Crépuscule ou aube,Hors agglomération,Hors intersection,Normale,Autre collision,,,,,,,,,,,2,1,1,1,6
200500013892,0005-03-10 09:00:00,5,3,10,9,0,220,360.0,,48.497,-2.762,Plein jour,Hors agglomération,Giratoire,Normale,Deux véhicules - côté,,,,,,,,,,,1,1,6,1,3
200500013893,0005-03-20 06:00:00,5,3,20,6,0,220,389.0,,48.485,-2.679,Nuit sans éclairage public,Hors agglomération,Hors intersection,Normale,Autre collision,,,,,,,,,,,3,1,1,1,6
200500013894,0005-03-13 16:45:00,5,3,13,16,45,340,337.0,,,,Plein jour,Hors agglomération,Hors intersection,Normale,Deux véhicules - côté,,,,,,,,,,,1,1,1,1,3
200500013895,0005-03-27 19:00:00,5,3,27,19,0,340,333.0,,,,Plein jour,Hors agglomération,Hors intersection,Normale,Deux véhicules - côté,,,,,,,,,,,1,1,1,1,3
200500013896,0005-03-19 19:15:00,5,3,19,19,15,10,31.0,,,,Crépuscule ou aube,Hors agglomération,Hors intersection,Normale,Deux véhicules - arrière,,,,,,,,,,,2,1,1,1,2
200500013897,0005-03-17 13:15:00,5,3,17,13,15,140,430.0,ROUTE D ARROMANCHES,49.331,-0.565,Plein jour,En agglomération,Hors intersection,Normale,Autre collision,,,,,,,,,,,1,2,1,1,6
200500013898,0005-03-09 06:15:00,5,3,9,6,15,130,51.0,,43.588,5.14,Crépuscule ou aube,Hors agglomération,Hors intersection,Normale,Deux véhicules - frontale,,,,,,,,,,,2,1,1,1,1
200500013899,0005-03-10 10:45:00,5,3,10,10,45,130,69.0,CD15,43.638,5.159,Plein jour,En agglomération,Hors intersection,Normale,Deux véhicules - côté,,,,,,,,,,,1,2,1,1,3
200500013900,0005-03-19 11:00:00,5,3,19,11,0,30,175.0,,46.257,3.082,Plein jour,Hors agglomération,Hors intersection,Normale,Autre collision,,,,,,,,,,,1,1,1,1,6
200500013901,0005-03-28 18:30:00,5,3,28,18,30,60,90.0,Bd de la Mourachonne,,,Plein jour,En agglomération,Hors intersection,Normale,Deux véhicules - côté,,,,,,,,,,,1,2,1,1,3
200500013902,0005-03-22 20:45:00,5,3,22,20,45,720,61.0,,,,Nuit sans éclairage public,Hors agglomération,Hors intersection,Brouillard / fumée,Trois véhicules et plus - en chaîne,,,,,,,,,,,3,1,1,5,4
200500013903,0005-03-13 18:15:00,5,3,13,18,15,400,210.0,,44.018,-1.022,Plein jour,Hors agglomération,Hors intersection,Normale,Deux véhicules - frontale,,,,,,,,,,,1,1,1,1,1
200500013904,0005-03-27 05:30:00,5,3,27,5,30,400,168.0,,43.772,-1.218,Nuit sans éclairage public,Hors agglomération,Hors intersection,Normale,Sans collision,,,,,,,,,,,3,1,1,1,7
200500013905,0005-03-01 15:00:00,5,3,1,15,0,670,108.0,,48.536,7.584,Plein jour,Hors agglomération,Hors intersection,Normale,Deux véhicules - frontale,,,,,,,,,,,1,1,1,1,1
200500013906,0005-03-24 16:30:00,5,3,24,16,30,670,152.0,,48.537,7.692,Plein jour,Hors agglomération,Hors intersection,Pluie légère,Deux véhicules - arrière,,,,,,,,,,,1,1,1,2,2
200500013907,0005-03-26 11:00:00,5,3,26,11,0,670,309.0,,48.645,7.727,Plein jour,Hors agglomération,Hors intersection,Pluie légère,Trois véhicules et plus - en chaîne,,,,,,,,,,,1,1,1,2,4
200500013908,0005-03-01 11:30:00,5,3,1,11,30,60,68.0,,,,Plein jour,Hors agglomération,Hors intersection,Normale,Deux véhicules - frontale,,,,,,,,,,,1,1,1,1,1
200500013909,0005-03-04 07:15:00,5,3,4,7,15,60,105.0,RTE DE LE ROURET,43.683,7.032,Crépuscule ou aube,En agglomération,Hors intersection,Temps couvert,Deux véhicules - frontale,,,,,,,,,,,2,2,1,8,1
200500013910,0005-03-09 11:30:00,5,3,9,11,30,60,148.0,1941 route de vence,,,Plein jour,En agglomération,Hors intersection,Normale,Deux véhicules - frontale,,,,,,,,,,,1,2,1,1,1
200500013911,0005-03-28 00:15:00,5,3,28,0,15,640,343.0,,43.277,-0.191,Nuit sans éclairage public,Hors agglomération,Hors intersection,Normale,Deux véhicules - arrière,,,,,,,,,,,3,1,1,1,2
200500013912,0005-03-02 10:15:00,5,3,2,10,15,380,193.0,BOULEVARD DE L ARBONAS,,,Plein jour,En agglomération,Hors intersection,Normale,Deux véhicules - arrière,,,,,,,,,,,1,2,1,1,2
200500013913,0005-03-02 17:15:00,5,3,2,17,15,380,193.0,BOULEVARD DE L ISLE D AB,,,Plein jour,En agglomération,Hors intersection,Normale,Autre collision,,,,,,,,,,,1,2,1,1,6
200500013914,0005-03-16 11:00:00,5,3,16,11,0,380,193.0,boulevard de l arbonnas,,,Plein jour,En agglomération,Hors intersection,Normale,Deux véhicules - arrière,,,,,,,,,,,1,2,1,1,2
200500013915,0005-03-27 17:15:00,5,3,27,17,15,380,193.0,,,,Plein jour,Hors agglomération,Hors intersection,Normale,Trois véhicules et plus - collisions multiples,,,,,,,,,,,1,1,1,1,5
200500013916,0005-03-09 17:45:00,5,3,9,17,45,30,104.0,,46.362,2.795,Plein jour,Hors agglomération,Hors intersection,Normale,Deux véhicules - arrière,,,,,,,,,,,1,1,1,1,2
200500013917,0005-03-26 15:30:00,5,3,26,15,30,30,297.0,,46.528,2.571,Plein jour,Hors agglomération,Hors intersection,Normale,Sans collision,,,,,,,,,,,1,1,1,1,7
200500013918,0005-03-03 18:15:00,5,3,3,18,15,180,209.0,,46.701,2.462,Crépuscule ou aube,Hors agglomération,Hors intersection,Neige / grêle,Sans collision,,,,,,,,,,,2,1,1,4,7
200500013919,0005-03-28 14:15:00,5,3,28,14,15,180,33.0,,47.047,2.339,Plein jour,Hors agglomération,Hors intersection,Normale,Autre collision,,,,,,,,,,,1,1,1,1,6
200500013920,0005-03-14 04:15:00,5,3,14,4,15,210,665.0,,47.686,5.181,Nuit sans éclairage public,Hors agglomération,Hors intersection,Normale,Deux véhicules - frontale,,,,,,,,,,,3,1,1,1,1
200500013921,0005-03-26 13:00:00,5,3,26,13,0,210,106.0,,47.25,5.098,Plein jour,Hors agglomération,Hors intersection,Normale,Deux véhicules - côté,,,,,,,,,,,1,1,1,1,3
200500013922,0005-03-10 15:30:00,5,3,10,15,30,40,91.0,,,,Plein jour,Hors agglomération,Hors intersection,Normale,Sans collision,,,,,,,,,,,1,1,1,1,7
200500013923,0005-03-22 17:00:00,5,3,22,17,0,40,112.0,,,,Plein jour,Hors agglomération,Hors intersection,Normale,Sans collision,,,,,,,,,,,1,1,1,1,7
200500013924,0005-03-25 23:15:00,5,3,25,23,15,40,112.0,,,,Nuit sans éclairage public,Hors agglomération,Hors intersection,Normale,Sans collision,,,,,,,,,,,3,1,1,1,7
200500013925,0005-03-03 13:45:00,5,3,3,13,45,290,19.0,base navale,,,Plein jour,En agglomération,Hors intersection,Normale,Deux véhicules - côté,,,,,,,,,,,1,2,1,1,3
200500013926,0005-03-11 22:45:00,5,3,11,22,45,100,216.0,,,,Nuit sans éclairage public,Hors agglomération,Hors intersection,Normale,Deux véhicules - arrière,,,,,,,,,,,3,1,1,1,2
200500013927,0005-03-17 09:00:00,5,3,17,9,0,380,454.0,,45.143,5.334,Plein jour,Hors agglomération,Hors intersection,Normale,Sans collision,,,,,,,,,,,1,1,1,1,7
200500013928,0005-03-12 16:30:00,5,3,12,16,30,350,352.0,16 rue de Chateaubrian,,,Plein jour,En agglomération,Hors intersection,Normale,Autre collision,,,,,,,,,,,1,2,1,1,6
200500013929,0005-03-02 10:45:00,5,3,2,10,45,400,306.0,,,,Plein jour,Hors agglomération,Hors intersection,Normale,Deux véhicules - côté,,,,,,,,,,,1,1,1,1,3
200500013930,0005-03-16 18:00:00,5,3,16,18,0,640,112.0,,,,Plein jour,Hors agglomération,Hors intersection,Normale,Deux véhicules - frontale,,,,,,,,,,,1,1,1,1,1
200500013931,0005-03-13 18:45:00,5,3,13,18,45,670,405.0,,,,Plein jour,Hors agglomération,Hors intersection,Normale,Sans collision,,,,,,,,,,,1,1,1,1,7
200500013932,0005-03-30 19:15:00,5,3,30,19,15,770,195.0,,48.586,2.738,Plein jour,Hors agglomération,Hors intersection,Normale,Sans collision,,,,,,,,,,,1,1,1,1,7
200500013933,0005-03-02 06:00:00,5,3,2,6,0,600,652.0,,,,Crépuscule ou aube,Hors agglomération,Hors intersection,Neige / grêle,Autre collision,,,,,,,,,,,2,1,1,4,6
200500013934,0005-03-18 18:00:00,5,3,18,18,0,130,91.0,,43.603,5.345,Plein jour,Hors agglomération,Hors intersection,Normale,Deux véhicules - frontale,,,,,,,,,,,1,1,1,1,1
200500013935,0005-03-22 15:45:00,5,3,22,15,45,740,311.0,,46.15,6.37,Plein jour,Hors agglomération,Hors intersection,Pluie légère,Sans collision,,,,,,,,,,,1,1,1,2,7
200500013936,0005-03-24 12:15:00,5,3,24,12,15,740,209.0,,46.13,6.38,Plein jour,Hors agglomération,Hors intersection,Autre,Trois véhicules et plus - collisions multiples,,,,,,,,,,,1,1,1,9,5
200500013937,0005-03-31 22:30:00,5,3,31,22,30,740,241.0,avenue de la tour de fer,46.14,6.45,Nuit avec éclairage allumé,En agglomération,Hors intersection,Normale,Autre collision,,,,,,,,,,,5,2,1,1,6
200500013938,0005-03-01 08:00:00,5,3,1,8,0,800,518.0,,,,Plein jour,Hors agglomération,Hors intersection,Normale,Deux véhicules - arrière,,,,,,,,,,,1,1,1,1,2
200500013939,0005-03-04 12:00:00,5,3,4,12,0,730,203.0,,,,Plein jour,Hors agglomération,Hors intersection,Normale,Autre collision,,,,,,,,,,,1,1,1,1,6
200500013940,0005-03-12 13:15:00,5,3,12,13,15,620,758.0,,,,Plein jour,Hors agglomération,Hors intersection,Normale,Autre collision,,,,,,,,,,,1,1,1,1,6
200500013941,0005-03-14 19:30:00,5,3,14,19,30,390,17.0,,,,Nuit sans éclairage public,Hors agglomération,Hors intersection,Normale,Deux véhicules - côté,,,,,,,,,,,3,1,1,1,3
200500013942,0005-03-29 16:00:00,5,3,29,16,0,360,134.0,,46.392,1.452,Plein jour,Hors agglomération,Hors intersection,Pluie forte,Autre collision,,,,,,,,,,,1,1,1,3,6
200500013943,0005-03-11 15:00:00,5,3,11,15,0,190,263.0,,,,Plein jour,Hors agglomération,Hors intersection,Normale,Trois véhicules et plus - collisions multiples,,,,,,,,,,,1,1,1,1,5
200500013944,0005-03-18 16:30:00,5,3,18,16,30,780,356.0,,48.74,2.01,Plein jour,Hors agglomération,Hors intersection,Normale,Deux véhicules - frontale,,,,,,,,,,,1,1,1,1,1
200500013945,0005-03-21 06:00:00,5,3,21,6,0,330,191.0,,,,Nuit sans éclairage public,Hors agglomération,Hors intersection,Normale,Autre collision,,,,,,,,,,,3,1,1,1,6
200500013946,0005-03-03 19:15:00,5,3,3,19,15,720,89.0,,,,Nuit sans éclairage public,Hors agglomération,Hors intersection,Normale,Deux véhicules - côté,,,,,,,,,,,3,1,1,1,3
200500013947,0005-03-26 10:30:00,5,3,26,10,30,720,290.0,,,,Plein jour,Hors agglomération,Hors intersection,Normale,Sans collision,,,,,,,,,,,1,1,1,1,7
200500013948,0005-03-15 16:45:00,5,3,15,16,45,670,324.0,Rue CLEMENCEAU,,,Plein jour,En agglomération,Hors intersection,Normale,Autre collision,,,,,,,,,,,1,2,1,1,6
200500013949,0005-03-06 16:45:00,5,3,6,16,45,310,547.0,,43.82,1.49,Plein jour,Hors agglomération,Hors intersection,Normale,Deux véhicules - frontale,,,,,,,,,,,1,1,1,1,1
200500013950,0005-03-11 06:30:00,5,3,11,6,30,850,97.0,,,,Crépuscule ou aube,Hors agglomération,Hors intersection,Normale,Autre collision,,,,,,,,,,,2,1,1,1,6
200500013951,0005-03-16 20:45:00,5,3,16,20,45,850,186.0,,,,Nuit sans éclairage public,Hors agglomération,Hors intersection,Normale,Deux véhicules - frontale,,,,,,,,,,,3,1,1,1,1
200500013952,0005-03-07 17:00:00,5,3,7,17,0,760,711.0,Rue du Dr pépin,50.063,1.372,Plein jour,En agglomération,Hors intersection,Normale,Autre collision,,,,,,,,,,,1,2,1,1,6
200500013953,0005-03-17 13:30:00,5,3,17,13,30,710,154.0,,,,Plein jour,Hors agglomération,Hors intersection,Normale,Deux véhicules - côté,,,,,,,,,,,1,1,1,1,3
200500013954,0005-03-16 16:15:00,5,3,16,16,15,310,541.0,,43.682,1.365,Plein jour,Hors agglomération,Hors intersection,Normale,Deux véhicules - côté,,,,,,,,,,,1,1,1,1,3
200500013955,0005-03-17 11:15:00,5,3,17,11,15,250,258.0,,,,Plein jour,Hors agglomération,Autre intersection,Normale,Autre collision,,,,,,,,,,,1,1,9,1,6
200500013956,0005-03-25 13:30:00,5,3,25,13,30,950,510.0,,,,Plein jour,Hors agglomération,Hors intersection,Normale,Autre collision,,,,,,,,,,,1,1,1,1,6
200500013957,0005-03-03 23:30:00,5,3,3,23,30,950,527.0,,,,Nuit avec éclairage allumé,Hors agglomération,Hors intersection,Neige / grêle,Deux véhicules - arrière,,,,,,,,,,,5,1,1,4,2
200500013958,0005-03-28 06:30:00,5,3,28,6,30,560,101.0,,,,Nuit sans éclairage public,Hors agglomération,Hors intersection,Normale,Autre collision,,,,,,,,,,,3,1,1,1,6
200500013959,0005-03-02 17:20:00,5,3,2,17,20,680,297.0,RTE DU FRET AEROPORT,,,Plein jour,Hors agglomération,Intersection en T,Normale,Trois véhicules et plus - collisions multiples,,,,,,,,,,,1,1,3,1,5
200500013960,0005-03-04 17:50:00,5,3,4,17,50,10,53.0,"33, MERCIER (AVENUE AMED",,,Plein jour,En agglomération,Hors intersection,Normale,Deux véhicules - arrière,,,,,,,,,,,1,2,1,1,2
200500013961,0005-03-09 16:50:00,5,3,9,16,50,10,53.0,MERCIER (AVENUE AMEDEE D,,,Plein jour,En agglomération,Giratoire,Normale,Deux véhicules - côté,,,,,,,,,,,1,2,6,1,3
200500013962,0005-03-15 06:45:00,5,3,15,6,45,10,53.0,"16b, EST ( RUE DE L' )",,,Plein jour,En agglomération,Hors intersection,Brouillard / fumée,Autre collision,,,,,,,,,,,1,2,1,5,6
200500013963,0005-03-16 10:30:00,5,3,16,10,30,10,451.0,PARIS (ROUTE DE),,,Plein jour,En agglomération,Hors intersection,Normale,Deux véhicules - arrière,,,,,,,,,,,1,2,1,1,2
200500013964,0005-03-18 10:15:00,5,3,18,10,15,10,53.0,"24, ROBIN ( RUE CHARLES)",,,Plein jour,En agglomération,Hors intersection,Normale,Autre collision,,,,,,,,,,,1,2,1,1,6
200500013965,0005-03-21 08:15:00,5,3,21,8,15,10,53.0,MONTREVEL ( RUE COMTE DE,,,Plein jour,En agglomération,Hors intersection,Normale,Autre collision,,,,,,,,,,,1,2,1,1,6
200500013966,0005-03-23 16:45:00,5,3,23,16,45,10,53.0,"11, VICAIRE (RUE GABRIEL",,,Plein jour,En agglomération,Hors intersection,Normale,Autre collision,,,,,,,,,,,1,2,1,1,6
200500013967,0005-03-29 17:20:00,5,3,29,17,20,10,53.0,"1, SAINT ROCH (RUE)",,,Plein jour,En agglomération,Hors intersection,Normale,Deux véhicules - frontale,,,,,,,,,,,1,2,1,1,1
200500013968,0005-03-01 15:30:00,5,3,1,15,30,10,344.0,"1131, MERMOZ (RUE JEAN)",,,Plein jour,En agglomération,Hors intersection,Normale,Sans collision,,,,,,,,,,,1,2,1,1,7
200500013969,0005-03-03 08:40:00,5,3,3,8,40,10,283.0,DORTAN (ROUTE DE),,,Plein jour,En agglomération,Hors intersection,Autre,Deux véhicules - frontale,,,,,,,,,,,1,2,1,9,1
200500013970,0005-03-21 12:30:00,5,3,21,12,30,10,283.0,"40, MICHELET (RUE DU 40/",,,Plein jour,En agglomération,Intersection en T,Normale,Autre collision,,,,,,,,,,,1,2,3,1,6
200500013971,0005-03-22 13:25:00,5,3,22,13,25,10,14.0,STADE  ( RUE DU ),,,Plein jour,En agglomération,Hors intersection,Pluie légère,Autre collision,,,,,,,,,,,1,2,1,2,6
200500013972,0005-03-09 17:30:00,5,3,9,17,30,20,340.0,"0, MANDELA (RUE NELSON)",,,Plein jour,En agglomération,Intersection en X,Normale,Deux véhicules - côté,,,,,,,,,,,1,2,2,1,3
200500013973,0005-03-18 13:06:00,5,3,18,13,6,20,691.0,"0, POMPIDOU DE 143 A FIN",,,Plein jour,En agglomération,Intersection en T,Normale,Deux véhicules - côté,,,,,,,,,,,1,2,3,1,3
200500013974,0005-03-03 19:40:00,5,3,3,19,40,20,691.0,"0, PARIS DE 1 A 187/210",,,Nuit avec éclairage allumé,En agglomération,Intersection en T,Normale,Autre collision,,,,,,,,,,,5,2,3,1,6
200500013975,0005-03-30 18:50:00,5,3,30,18,50,20,691.0,"109, ISLE (RUE D')",,,Plein jour,En agglomération,Hors intersection,Normale,Autre collision,,,,,,,,,,,1,2,1,1,6
200500013976,0005-03-18 17:25:00,5,3,18,17,25,20,722.0,MAIL ( AVENUE DU ),,,Plein jour,En agglomération,Intersection en T,Normale,Deux véhicules - côté,,,,,,,,,,,1,2,3,1,3
200500013977,0005-03-15 18:25:00,5,3,15,18,25,30,140.0,RD  50,,,Plein jour,En agglomération,Intersection en Y,Normale,Deux véhicules - côté,,,,,,,,,,,1,2,4,1,3
200500013978,0005-03-16 19:25:00,5,3,16,19,25,30,185.0,"04, REPUBLIQUE ( AV. DE",,,Nuit avec éclairage allumé,En agglomération,Hors intersection,Normale,Autre collision,,,,,,,,,,,5,2,1,1,6
200500013979,0005-03-25 13:50:00,5,3,25,13,50,30,185.0,RAQUIN ( RUE ),,,Plein jour,En agglomération,Hors intersection,Normale,Sans collision,,,,,,,,,,,1,2,1,1,7
200500013980,0005-03-25 23:10:00,5,3,25,23,10,30,185.0,"159, PRESIDENT AURIOL (A",,,Nuit avec éclairage allumé,En agglomération,Hors intersection,Temps couvert,Autre collision,,,,,,,,,,,5,2,1,8,6
200500013981,0005-03-13 19:20:00,5,3,13,19,20,30,321.0,DECIZE (ROUTE DE),,,Nuit sans éclairage public,En agglomération,Hors intersection,Normale,Deux véhicules - arrière,,,,,,,,,,,3,2,1,1,2
200500013982,0005-03-20 15:45:00,5,3,20,15,45,30,321.0,MONTBEUGNY (ROUTE DE),,,Plein jour,En agglomération,Hors intersection,Normale,Sans collision,,,,,,,,,,,1,2,1,1,7
200500013983,0005-03-25 10:30:00,5,3,25,10,30,30,190.0,"32, NOMAZY (BOULEVARD DE",,,Plein jour,En agglomération,Intersection en X,Temps éblouissant,Deux véhicules - côté,,,,,,,,,,,1,2,2,7,3
200500013984,0005-03-01 16:45:00,5,3,1,16,45,30,310.0,"0, CELESTINS (AVENUE DES",,,Plein jour,En agglomération,Intersection en X,Normale,Autre collision,,,,,,,,,,,1,2,2,1,6