accident_id,datetime,annee,mois,jour,heure,minute,departement,commune_insee,adresse,latitude,longitude,luminosite,agglomeration,intersection,meteo,collision,nb_vehicules,nb_usagers,nb_indemnes,nb_tues,nb_blesses_hosp,nb_blesses_legers,age_cond_1,age_cond_2,veh_type_cond_1,veh_type_cond_2,lum_code,agg_code,int_code,atm_code,col_code
200500013985,0005-03-03 16:10:00,5,3,3,16,10,30,310.0,"0, DE GAULLE (PLACE CHAR",,,Plein jour,En agglomération,Hors intersection,Normale,Autre collision,,,,,,,,,,,1,2,1,1,6
200500013986,0005-03-03 17:40:00,5,3,3,17,40,30,310.0,"0, DOUMER (AVENUE DU PRE",,,Plein jour,En agglomération,Hors intersection,Normale,Autre collision,,,,,,,,,,,1,2,1,1,6
200500013987,0005-03-06 17:35:00,5,3,6,17,35,30,310.0,WILSON (RUE DU PRESIDENT,,,Plein jour,En agglomération,Hors intersection,Temps couvert,Autre collision,,,,,,,,,,,1,2,1,8,6
200500013988,0005-03-09 11:55:00,5,3,9,11,55,30,310.0,THERMALE (AVENUE),,,Plein jour,En agglomération,Intersection en T,Normale,Deux véhicules - côté,,,,,,,,,,,1,2,3,1,3
200500013989,0005-03-11 14:49:00,5,3,11,14,49,30,310.0,"0, DOUMER (AVENUE DU PRE",,,Plein jour,En agglomération,Hors intersection,Normale,Autre collision,,,,,,,,,,,1,2,1,1,6
200500013990,0005-03-13 03:45:00,5,3,13,3,45,30,310.0,"39, VERNET (RUE DU)",,,Nuit avec éclairage allumé,En agglomération,Hors intersection,Normale,Autre collision,,,,,,,,,,,5,2,1,1,6
200500013991,0005-03-13 05:10:00,5,3,13,5,10,30,310.0,"0, BEAUSEJOUR (RUE DE)",,,Nuit avec éclairage allumé,En agglomération,Hors intersection,Brouillard / fumée,Autre collision,,,,,,,,,,,5,2,1,5,6
200500013992,0005-03-17 11:48:00,5,3,17,11,48,30,95.0,"106, ROUX (AVENUE GILBER",,,Plein jour,En agglomération,Hors intersection,Normale,Deux véhicules - côté,,,,,,,,,,,1,2,1,1,3
200500013993,0005-03-18 08:40:00,5,3,18,8,40,30,23.0,"0, CHALUS (RUE MAURICE)",,,Plein jour,En agglomération,Intersection en T,Normale,Deux véhicules - côté,,,,,,,,,,,1,2,3,1,3
200500013994,0005-03-18 15:00:00,5,3,18,15,0,30,310.0,"0, GARE (PLACE DE LA)",,,Plein jour,En agglomération,Hors intersection,Normale,Autre collision,,,,,,,,,,,1,2,1,1,6
200500013995,0005-03-18 15:10:00,5,3,18,15,10,30,310.0,"0, HOTEL DE VILLE (BOULE",,,Plein jour,En agglomération,Intersection en X,Normale,Deux véhicules - côté,,,,,,,,,,,1,2,2,1,3
200500013996,0005-03-19 12:20:00,5,3,19,12,20,30,95.0,"131, FERRIERES (ROUTE DE",,,Plein jour,En agglomération,Hors intersection,Normale,Deux véhicules - frontale,,,,,,,,,,,1,2,1,1,1
200500013997,0005-03-21 09:40:00,5,3,21,9,40,30,1.0,HAUTERIVE (ROUTE D'),,,Plein jour,En agglomération,Hors intersection,Normale,Trois véhicules et plus - collisions multiples,,,,,,,,,,,1,2,1,1,5
200500013998,0005-03-21 17:40:00,5,3,21,17,40,30,310.0,SCHUMAN (ROND POINT ROBE,,,Plein jour,En agglomération,Hors intersection,Normale,Deux véhicules - arrière,,,,,,,,,,,1,2,1,1,2
200500013999,0005-03-22 07:50:00,5,3,22,7,50,30,23.0,AUBERGER (AVENUE FERNAND,,,Plein jour,En agglomération,Hors intersection,Pluie légère,Deux véhicules - arrière,,,,,,,,,,,1,2,1,2,2
200500014000,0005-03-23 15:18:00,5,3,23,15,18,30,310.0,"0, GRAVES (BOULEVARD DES",,,Plein jour,En agglomération,Intersection en T,Pluie légère,Deux véhicules - côté,,,,,,,,,,,1,2,3,2,3
200500014001,0005-03-26 07:30:00,5,3,26,7,30,30,310.0,"0, JOFFRE (RUE DU MARECH",,,Plein jour,En agglomération,Intersection en T,Normale,Deux véhicules - côté,,,,,,,,,,,1,2,3,1,3
200500014002,0005-03-27 11:55:00,5,3,27,11,55,30,23.0,"13, CAVY (RUE ADRIEN)",,,Plein jour,En agglomération,Hors intersection,Temps couvert,Deux véhicules - côté,,,,,,,,,,,1,2,1,8,3
200500014003,0005-03-31 14:10:00,5,3,31,14,10,30,310.0,"28, GAMBETTA (BOULEVARD)",,,Plein jour,En agglomération,Intersection en X,Temps couvert,Deux véhicules - arrière,,,,,,,,,,,1,2,2,8,2
200500014004,0005-03-31 18:20:00,5,3,31,18,20,30,310.0,"42, VICTORIA (AVENUE)",,,Plein jour,En agglomération,Hors intersection,Normale,Deux véhicules - frontale,,,,,,,,,,,1,2,1,1,1
200500014005,0005-03-02 08:50:00,5,3,2,8,50,40,70.0,"17, THIERS (BD)",,,Plein jour,En agglomération,Hors intersection,Normale,Autre collision,,,,,,,,,,,1,2,1,1,6
200500014006,0005-03-04 16:58:00,5,3,4,16,58,40,112.0,"459, MISTRAL (AVENUE F.)",,,Plein jour,En agglomération,Hors intersection,Normale,Deux véhicules - côté,,,,,,,,,,,1,2,1,1,3
200500014007,0005-03-20 18:10:00,5,3,20,18,10,40,112.0,D907,,,Crépuscule ou aube,En agglomération,Intersection en T,Normale,Autre collision,,,,,,,,,,,2,2,3,1,6
200500014008,0005-03-02 07:35:00,5,3,2,7,35,50,61.0,"107, GEORGES POMPIDOU (",,,Plein jour,En agglomération,Hors intersection,Normale,Autre collision,,,,,,,,,,,1,2,1,1,6
200500014009,0005-03-04 21:15:00,5,3,4,21,15,50,61.0,"0.00, VILLAROBERT ( RUE",,,Nuit avec éclairage non allumé,En agglomération,Intersection en T,Normale,Trois véhicules et plus - collisions multiples,,,,,,,,,,,4,2,3,1,5
200500014010,0005-03-09 11:56:00,5,3,9,11,56,50,61.0,"3, MARECHAL FOCH ( AVENU",,,Plein jour,En agglomération,Hors intersection,Normale,Autre collision,,,,,,,,,,,1,2,1,1,6
200500014011,0005-03-09 14:15:00,5,3,9,14,15,50,61.0,"10, COMMANDANT DUMONT (",,,Plein jour,En agglomération,Hors intersection,Normale,Autre collision,,,,,,,,,,,1,2,1,1,6
200500014012,0005-03-14 16:09:00,5,3,14,16,9,50,61.0,"0, JEAN MACE ( RUE )",,,Plein jour,En agglomération,Intersection en T,Normale,Deux véhicules - arrière,,,,,,,,,,,1,2,3,1,2
200500014013,0005-03-25 09:06:00,5,3,25,9,6,50,61.0,"0000, LUYE ( ROUTE DE LA",,,Plein jour,En agglomération,Hors intersection,Normale,Deux véhicules - arrière,,,,,,,,,,,1,2,1,1,2
200500014014,0005-03-26 14:00:00,5,3,26,14,0,50,61.0,"40, GEORGES POMPIDOU ( B",,,Plein jour,En agglomération,Hors intersection,Pluie légère,Trois véhicules et plus - collisions multiples,,,,,,,,,,,1,2,1,2,5
200500014015,0005-03-29 08:45:00,5,3,29,8,45,50,61.0,"0000, LUYE ( ROUTE DE LA",,,Plein jour,En agglomération,Intersection en T,Normale,Deux véhicules - côté,,,,,,,,,,,1,2,3,1,3
200500014016,0005-03-01 19:00:00,5,3,1,19,0,60,155.0,"7, LIBERTE AV.DE LA",,,Nuit avec éclairage allumé,En agglomération,Hors intersection,Normale,Autre collision,,,,,,,,,,,5,2,1,1,6
200500014017,0005-03-03 16:20:00,5,3,3,16,20,60,4.0,"704, MICHARD PELISSIER A",,,Plein jour,En agglomération,Intersection en T,Normale,Deux véhicules - côté,,,,,,,,,,,1,2,3,1,3
200500014018,0005-03-07 08:20:00,5,3,7,8,20,60,4.0,"239, CONSTANCE CH.DE LA",,,Plein jour,En agglomération,Hors intersection,Normale,Trois véhicules et plus - collisions multiples,,,,,,,,,,,1,2,1,1,5
200500014019,0005-03-09 15:00:00,5,3,9,15,0,60,4.0,SOLEAU AV.ROBERT,,,Plein jour,En agglomération,Hors intersection,Normale,Sans collision,,,,,,,,,,,1,2,1,1,7
200500014020,0005-03-11 20:45:00,5,3,11,20,45,60,4.0,"239, SAINT CLAUDE CH.DE",,,Nuit avec éclairage allumé,En agglomération,Hors intersection,Normale,Trois véhicules et plus - en chaîne,,,,,,,,,,,5,2,1,1,4
200500014021,0005-03-16 09:20:00,5,3,16,9,20,60,155.0,"222, LIBERTE AV.DE LA",,,Plein jour,En agglomération,Autre intersection,Normale,Autre collision,,,,,,,,,,,1,2,9,1,6
200500014022,0005-03-17 10:45:00,5,3,17,10,45,60,4.0,"44, REIBAUD AV.",,,Plein jour,En agglomération,Intersection en T,Normale,Autre collision,,,,,,,,,,,1,2,3,1,6
200500014023,0005-03-21 08:35:00,5,3,21,8,35,60,4.0,JOANNON RUE JEAN,,,Plein jour,En agglomération,Hors intersection,Normale,Autre collision,,,,,,,,,,,1,2,1,1,6
200500014024,0005-03-23 11:50:00,5,3,23,11,50,60,4.0,"00, VERDUN AV.DE",,,Plein jour,En agglomération,Giratoire,Normale,Deux véhicules - côté,,,,,,,,,,,1,2,6,1,3
200500014025,0005-03-26 07:45:00,5,3,26,7,45,60,4.0,"171, SARRAZINE AV.DE LA",,,Plein jour,En agglomération,Hors intersection,Normale,Deux véhicules - frontale,,,,,,,,,,,1,2,1,1,1
200500014026,0005-03-29 17:35:00,5,3,29,17,35,60,4.0,MAURES CH.DES,,,Plein jour,En agglomération,Intersection en T,Normale,Deux véhicules - côté,,,,,,,,,,,1,2,3,1,3
200500014027,0005-03-30 14:40:00,5,3,30,14,40,60,4.0,"145, KENNEDY BD J.F.",,,Plein jour,En agglomération,Hors intersection,Normale,Deux véhicules - côté,,,,,,,,,,,1,2,1,1,3
200500014028,0005-03-30 17:30:00,5,3,30,17,30,60,4.0,"1791, NICE(RN.7) AV.ET R",,,Plein jour,En agglomération,Hors intersection,Normale,Deux véhicules - arrière,,,,,,,,,,,1,2,1,1,2
200500014029,0005-03-08 08:00:00,5,3,8,8,0,60,27.0,GARE AVENUE DE LA,,,Plein jour,En agglomération,Hors intersection,Normale,Deux véhicules - frontale,,,,,,,,,,,1,2,1,1,1
200500014030,0005-03-08 14:30:00,5,3,8,14,30,60,27.0,"54, GRASSE AVENUE DE",,,Plein jour,En agglomération,Hors intersection,Normale,Deux véhicules - côté,,,,,,,,,,,1,2,1,1,3
200500014031,0005-03-09 14:15:00,5,3,9,14,15,60,27.0,LECLERCAVENUE GENERAL,,,Plein jour,En agglomération,Intersection en T,Normale,Deux véhicules - côté,,,,,,,,,,,1,2,3,1,3
200500014032,0005-03-10 14:30:00,5,3,10,14,30,60,27.0,"105, VERDUN AVENUE DE",,,Plein jour,En agglomération,Autre intersection,Normale,Deux véhicules - côté,,,,,,,,,,,1,2,9,1,3
200500014033,0005-03-11 06:50:00,5,3,11,6,50,60,123.0,MIROITIERS ALLEE DES,,,Plein jour,En agglomération,Hors intersection,Normale,Deux véhicules - côté,,,,,,,,,,,1,2,1,1,3
200500014034,0005-03-14 20:00:00,5,3,14,20,0,60,27.0,"115, NICE AVENUE DE (RN7",,,Nuit avec éclairage allumé,En agglomération,Hors intersection,Normale,Deux véhicules - côté,,,,,,,,,,,5,2,1,1,3
200500014035,0005-03-21 10:40:00,5,3,21,10,40,60,123.0,DE GAULLE GENERAL AVENUE,,,Plein jour,En agglomération,Intersection en T,Normale,Sans collision,,,,,,,,,,,1,2,3,1,7
200500014036,0005-03-23 18:35:00,5,3,23,18,35,60,123.0,JOUHAUD EDMOND ESPLANADE,,,Plein jour,En agglomération,Autre intersection,Normale,Deux véhicules - côté,,,,,,,,,,,1,2,9,1,3
200500014037,0005-03-26 19:45:00,5,3,26,19,45,60,123.0,"947, ISCLES CHEMIN DES",,,Nuit avec éclairage non allumé,En agglomération,Hors intersection,Normale,Deux véhicules - frontale,,,,,,,,,,,4,2,1,1,1
200500014038,0005-03-27 10:00:00,5,3,27,10,0,60,123.0,11 NOVEMBRE AVENUE DU,,,Plein jour,En agglomération,Hors intersection,Normale,Sans collision,,,,,,,,,,,1,2,1,1,7
200500014039,0005-03-27 21:30:00,5,3,27,21,30,60,123.0,LECLERC GENERAL AVENUE,,,Nuit avec éclairage allumé,En agglomération,Intersection en T,Normale,Deux véhicules - côté,,,,,,,,,,,5,2,3,1,3
200500014040,0005-03-28 17:15:00,5,3,28,17,15,60,123.0,VESPINS ROUTE DES,,,Plein jour,En agglomération,Intersection en T,Normale,Deux véhicules - côté,,,,,,,,,,,1,2,3,1,3
200500014041,0005-03-01 19:29:00,5,3,1,19,29,60,29.0,CARNOT (BOULEVARD),,,Crépuscule ou aube,En agglomération,Intersection en X,Normale,Deux véhicules - côté,,,,,,,,,,,2,2,2,1,3
200500014042,0005-03-02 07:45:00,5,3,2,7,45,60,30.0,"40-42, CAMPELIERES (CHEM",,,Crépuscule ou aube,En agglomération,Hors intersection,Normale,Deux véhicules - côté,,,,,,,,,,,2,2,1,1,3
200500014043,0005-03-02 18:30:00,5,3,2,18,30,60,29.0,"00, BORDE (AVENUE DE LA)",,,Crépuscule ou aube,En agglomération,Hors intersection,Normale,Trois véhicules et plus - en chaîne,,,,,,,,,,,2,2,1,1,4
200500014044,0005-03-04 11:46:00,5,3,4,11,46,60,29.0,"00, PANTIERO (PROMENADE",,,Plein jour,En agglomération,Hors intersection,Normale,Sans collision,,,,,,,,,,,1,2,1,1,7
200500014045,0005-03-08 08:25:00,5,3,8,8,25,60,30.0,FADES (CHEMIN DES),,,Plein jour,En agglomération,Intersection en T,Normale,Autre collision,,,,,,,,,,,1,2,3,1,6
200500014046,0005-03-08 10:47:00,5,3,8,10,47,60,29.0,JOURDAN (AVENUE MICHEL),,,Plein jour,En agglomération,Hors intersection,Normale,Deux véhicules - arrière,,,,,,,,,,,1,2,1,1,2
200500014047,0005-03-08 16:50:00,5,3,8,16,50,60,29.0,"2, CHEVALIER (AVENUE MAU",,,Plein jour,En agglomération,Intersection en T,Normale,Deux véhicules - côté,,,,,,,,,,,1,2,3,1,3
200500014048,0005-03-09 08:30:00,5,3,9,8,30,60,29.0,POESIE (AVENUE PIERRE),,,Plein jour,En agglomération,Intersection en X,Normale,Deux véhicules - arrière,,,,,,,,,,,1,2,2,1,2
200500014049,0005-03-09 16:26:00,5,3,9,16,26,60,29.0,"51, PICAUD (AVENUE DU DO",,,Plein jour,En agglomération,Hors intersection,Normale,Trois véhicules et plus - en chaîne,,,,,,,,,,,1,2,1,1,4
200500014050,0005-03-10 09:05:00,5,3,10,9,5,60,29.0,"00, JULIA (VOIE)",,,Plein jour,En agglomération,Hors intersection,Normale,Sans collision,,,,,,,,,,,1,2,1,1,7
200500014051,0005-03-10 10:25:00,5,3,10,10,25,60,29.0,VAUBAN (PLACE),,,Plein jour,En agglomération,Hors intersection,Normale,Deux véhicules - arrière,,,,,,,,,,,1,2,1,1,2
200500014052,0005-03-10 14:34:00,5,3,10,14,34,60,29.0,"00, VAUTRIN (BOULEVARD D",,,Plein jour,En agglomération,Intersection en X,Normale,Deux véhicules - arrière,,,,,,,,,,,1,2,2,1,2
200500014053,0005-03-11 12:19:00,5,3,11,12,19,60,29.0,"88, CARNOT (BOULEVARD)",,,Plein jour,En agglomération,Hors intersection,Normale,Deux véhicules - côté,,,,,,,,,,,1,2,1,1,3
200500014054,0005-03-11 08:54:00,5,3,11,8,54,60,29.0,"00, ALSACE ( BOULEVARD D",,,Plein jour,En agglomération,Hors intersection,Normale,Deux véhicules - arrière,,,,,,,,,,,1,2,1,1,2
200500014055,0005-03-12 14:45:00,5,3,12,14,45,60,29.0,"21, CARNOT (BOULEVARD)",,,Plein jour,En agglomération,Intersection en X,Normale,Trois véhicules et plus - en chaîne,,,,,,,,,,,1,2,2,1,4
200500014056,0005-03-14 13:20:00,5,3,14,13,20,60,29.0,"24, HIBERT (BOULEVARD JE",,,Plein jour,En agglomération,Hors intersection,Normale,Sans collision,,,,,,,,,,,1,2,1,1,7
200500014057,0005-03-15 16:56:00,5,3,15,16,56,60,29.0,JOFFRE (RUE MARECHAL),,,Plein jour,En agglomération,Hors intersection,Normale,Autre collision,,,,,,,,,,,1,2,1,1,6
200500014058,0005-03-15 18:30:00,5,3,15,18,30,60,29.0,"47, PICAUD (AVENUE DU DO",,,Plein jour,En agglomération,Intersection en T,Normale,Trois véhicules et plus - collisions multiples,,,,,,,,,,,1,2,3,1,5
200500014059,0005-03-15 21:57:00,5,3,15,21,57,60,30.0,CARNOT (BOULEVARD),,,Nuit avec éclairage allumé,En agglomération,Intersection en T,Normale,Deux véhicules - arrière,,,,,,,,,,,5,2,3,1,2
200500014060,0005-03-16 12:17:00,5,3,16,12,17,60,30.0,"763, POMPIDOU (AVENUE GE",,,Plein jour,En agglomération,Hors intersection,Normale,Deux véhicules - côté,,,,,,,,,,,1,2,1,1,3
200500014061,0005-03-16 20:06:00,5,3,16,20,6,60,29.0,"10,00, PICAUD (AVENUE DU",,,Nuit avec éclairage allumé,En agglomération,Hors intersection,Normale,Trois véhicules et plus - en chaîne,,,,,,,,,,,5,2,1,1,4
200500014062,0005-03-17 10:38:00,5,3,17,10,38,60,29.0,"00, CHEVALIER (AVENUE MA",,,Plein jour,En agglomération,Hors intersection,Normale,Sans collision,,,,,,,,,,,1,2,1,1,7
200500014063,0005-03-17 21:27:00,5,3,17,21,27,60,30.0,"23, VALBONNE (ROUTE  DE)",,,Nuit avec éclairage allumé,En agglomération,Hors intersection,Normale,Autre collision,,,,,,,,,,,5,2,1,1,6
200500014064,0005-03-19 12:15:00,5,3,19,12,15,60,29.0,"00, PERIER (BOULEVARD DU",,,Plein jour,En agglomération,Hors intersection,Normale,Deux véhicules - frontale,,,,,,,,,,,1,2,1,1,1
200500014065,0005-03-19 03:10:00,5,3,19,3,10,60,29.0,"29, MIDI (BOULEVARD DU)",,,Nuit avec éclairage allumé,En agglomération,Hors intersection,Normale,Autre collision,,,,,,,,,,,5,2,1,1,6
200500014066,0005-03-18 20:49:00,5,3,18,20,49,60,29.0,"00, CARNOT (BOULEVARD)",,,Nuit avec éclairage allumé,En agglomération,Hors intersection,Normale,Deux véhicules - côté,,,,,,,,,,,5,2,1,1,3
200500014067,0005-03-22 15:40:00,5,3,22,15,40,60,29.0,"79, JUIN (AVENUE MARECHA",,,Plein jour,En agglomération,Hors intersection,Pluie légère,Deux véhicules - arrière,,,,,,,,,,,1,2,1,2,2
200500014068,0005-03-22 16:33:00,5,3,22,16,33,60,29.0,"175, TONNER (AVENUE FRAN",,,Plein jour,En agglomération,Hors intersection,Pluie légère,Autre collision,,,,,,,,,,,1,2,1,2,6
200500014069,0005-03-23 12:55:00,5,3,23,12,55,60,29.0,"51, ALSACE ( BOULEVARD D",,,Plein jour,En agglomération,Hors intersection,Normale,Deux véhicules - côté,,,,,,,,,,,1,2,1,1,3
200500014070,0005-03-23 20:40:00,5,3,23,20,40,60,29.0,"00, CROISETTE (BOULEVARD",,,Nuit avec éclairage allumé,En agglomération,Hors intersection,Normale,Deux véhicules - côté,,,,,,,,,,,5,2,1,1,3
200500014071,0005-03-24 16:00:00,5,3,24,16,0,60,29.0,"151, JUIN (AVENUE MARECH",,,Crépuscule ou aube,En agglomération,Hors intersection,Normale,Deux véhicules - arrière,,,,,,,,,,,2,2,1,1,2
200500014072,0005-03-25 21:52:00,5,3,25,21,52,60,29.0,CARNOT (BOULEVARD),,,Nuit avec éclairage allumé,En agglomération,Intersection en T,Normale,Deux véhicules - côté,,,,,,,,,,,5,2,3,1,3
200500014073,0005-03-25 22:15:00,5,3,25,22,15,60,29.0,"85, REPUBLIQUE (BOULEVAR",,,Nuit avec éclairage allumé,En agglomération,Hors intersection,Normale,Deux véhicules - côté,,,,,,,,,,,5,2,1,1,3
200500014074,0005-03-27 16:46:00,5,3,27,16,46,60,29.0,MIDI (BOULEVARD DU),,,Plein jour,En agglomération,Hors intersection,Normale,Deux véhicules - côté,,,,,,,,,,,1,2,1,1,3
200500014075,0005-03-27 20:01:00,5,3,27,20,1,60,29.0,"00, GABRES (PONT DES)",,,Nuit avec éclairage allumé,En agglomération,Hors intersection,Normale,Deux véhicules - côté,,,,,,,,,,,5,2,1,1,3
200500014076,0005-03-31 16:30:00,5,3,31,16,30,60,30.0,"00, CARNOT (BOULEVARD)",,,Plein jour,En agglomération,Hors intersection,Normale,Deux véhicules - côté,,,,,,,,,,,1,2,1,1,3
200500014077,0005-03-31 16:05:00,5,3,31,16,5,60,29.0,"16, LEADER (BOULEVARD)",,,Plein jour,En agglomération,Hors intersection,Normale,Sans collision,,,,,,,,,,,1,2,1,1,7
200500014078,0005-03-04 19:30:00,5,3,4,19,30,60,69.0,"29, DE LATTRE DE TASSIGN",,,Nuit avec éclairage allumé,En agglomération,Hors intersection,Normale,Trois véhicules et plus - en chaîne,,,,,,,,,,,5,2,1,1,4
200500014079,0005-03-16 17:40:00,5,3,16,17,40,60,69.0,"126, LIBERATION (AVENUE",,,Plein jour,En agglomération,Hors intersection,Normale,Deux véhicules - côté,,,,,,,,,,,1,2,1,1,3
200500014080,0005-03-21 11:00:00,5,3,21,11,0,60,69.0,"119, PAOUTE (ROUTE ET TR",,,Plein jour,En agglomération,Hors intersection,Normale,Trois véhicules et plus - collisions multiples,,,,,,,,,,,1,2,1,1,5
200500014081,0005-03-21 17:20:00,5,3,21,17,20,60,69.0,Route de PLASCASSIER,,,Plein jour,En agglomération,Hors intersection,Normale,Deux véhicules - frontale,,,,,,,,,,,1,2,1,1,1
200500014082,0005-03-23 18:45:00,5,3,23,18,45,60,69.0,MARCEL PAGNOL (AVENUE),,,Crépuscule ou aube,En agglomération,Intersection en T,Normale,Deux véhicules - côté,,,,,,,,,,,2,2,3,1,3
200500014083,0005-03-30 08:30:00,5,3,30,8,30,60,69.0,"61, DRAGUIGNAN (ROUTE DE",,,Plein jour,En agglomération,Hors intersection,Normale,Deux véhicules - côté,,,,,,,,,,,1,2,1,1,3
200500014084,0005-03-30 19:15:00,5,3,30,19,15,60,69.0,"271, CANNES (ROUTE DE)",,,Crépuscule ou aube,En agglomération,Hors intersection,Normale,Autre collision,,,,,,,,,,,2,2,1,1,6
200500014085,0005-03-16 19:25:00,5,3,16,19,25,60,104.0,GRACE (AVENUE PRINCESSE),,,Nuit avec éclairage allumé,En agglomération,Hors intersection,Normale,Deux véhicules - frontale,,,,,,,,,,,5,2,1,1,1
200500014086,0005-03-14 12:05:00,5,3,14,12,5,60,104.0,PLAGE (AVENUE DE LA),,,Plein jour,En agglomération,Giratoire,Normale,Deux véhicules - côté,,,,,,,,,,,1,2,6,1,3
200500014087,0005-03-26 05:00:00,5,3,26,5,0,60,104.0,FRANCE (AVENUE DE),,,Nuit avec éclairage allumé,En agglomération,Hors intersection,Normale,Autre collision,,,,,,,,,,,5,2,1,1,6
200500014088,0005-03-22 12:15:00,5,3,22,12,15,60,83.0,VERDUN (AVENUE DE),,,Plein jour,En agglomération,Intersection en T,Normale,Autre collision,,,,,,,,,,,1,2,3,1,6
200500014089,0005-03-24 13:55:00,5,3,24,13,55,60,83.0,"SOSPEL (AVENUE DE, N° 1",,,Plein jour,En agglomération,Intersection en T,Normale,Deux véhicules - côté,,,,,,,,,,,1,2,3,1,3
200500014090,0005-03-21 07:30:00,5,3,21,7,30,60,83.0,"23, SOSPEL (AVENUE DE, N",,,Plein jour,En agglomération,Hors intersection,Normale,Autre collision,,,,,,,,,,,1,2,1,1,6
200500014091,0005-03-01 13:15:00,5,3,1,13,15,60,88.0,"1, VOIE RAPIDE",,,Plein jour,En agglomération,Hors intersection,Normale,Deux véhicules - côté,,,,,,,,,,,1,2,1,1,3
200500014092,0005-03-01 16:00:00,5,3,1,16,0,60,88.0,"0, CORNIGLION MOLINIER (",,,Plein jour,En agglomération,Hors intersection,Normale,Deux véhicules - arrière,,,,,,,,,,,1,2,1,1,2
200500014093,0005-03-01 16:30:00,5,3,1,16,30,60,88.0,"0, BLANQUI (PL. AUGUSTE)",,,Plein jour,En agglomération,Hors intersection,Normale,Deux véhicules - côté,,,,,,,,,,,1,2,1,1,3
200500014094,0005-03-01 19:00:00,5,3,1,19,0,60,88.0,"51, LYAUTEY (AV. DU MAL)",,,Nuit avec éclairage allumé,En agglomération,Hors intersection,Normale,Trois véhicules et plus - collisions multiples,,,,,,,,,,,5,2,1,1,5
200500014095,0005-03-01 21:30:00,5,3,1,21,30,60,88.0,"0, ALLEGRE (AV. JEAN)",,,Nuit avec éclairage allumé,En agglomération,Intersection en T,Normale,Deux véhicules - arrière,,,,,,,,,,,5,2,3,1,2
200500014096,0005-03-01 22:20:00,5,3,1,22,20,60,88.0,"0, LEPANTE (R. DE)",,,Nuit avec éclairage allumé,En agglomération,Intersection en X,Normale,Deux véhicules - côté,,,,,,,,,,,5,2,2,1,3
200500014097,0005-03-02 14:45:00,5,3,2,14,45,60,88.0,"73, MADELEINE (BD DE LA)",,,Plein jour,En agglomération,Hors intersection,Normale,Deux véhicules - côté,,,,,,,,,,,1,2,1,1,3
200500014098,0005-03-02 20:30:00,5,3,2,20,30,60,88.0,"15, SOLA (BD PIERRE)",,,Nuit avec éclairage allumé,En agglomération,Hors intersection,Normale,Deux véhicules - côté,,,,,,,,,,,5,2,1,1,3
200500014099,0005-03-02 22:30:00,5,3,2,22,30,60,88.0,ROQUEBILLIERE (R. DE),,,Nuit avec éclairage allumé,En agglomération,Intersection en X,Normale,Deux véhicules - côté,,,,,,,,,,,5,2,2,1,3
200500014100,0005-03-03 06:20:00,5,3,3,6,20,60,88.0,PENETRANTE DU PAILLON,,,Nuit avec éclairage allumé,Hors agglomération,Hors intersection,Neige / grêle,Deux véhicules - frontale,,,,,,,,,,,5,1,1,4,1
200500014101,0005-03-03 11:20:00,5,3,3,11,20,60,88.0,"97, BELLET (RTE DE)",,,Plein jour,En agglomération,Hors intersection,Normale,Deux véhicules - frontale,,,,,,,,,,,1,2,1,1,1
200500014102,0005-03-03 17:20:00,5,3,3,17,20,60,88.0,"0, JOFFRE (R. MARECHAL)",,,Plein jour,En agglomération,Intersection en X,Normale,Deux véhicules - côté,,,,,,,,,,,1,2,2,1,3
200500014103,0005-03-04 02:20:00,5,3,4,2,20,60,88.0,"123, ANGLAIS (DU N° 114",,,Nuit avec éclairage allumé,En agglomération,Hors intersection,Normale,Deux véhicules - arrière,,,,,,,,,,,5,2,1,1,2
200500014104,0005-03-04 02:50:00,5,3,4,2,50,60,88.0,"0, GAMBETTA (A PARTIR DU",,,Nuit avec éclairage allumé,En agglomération,Intersection en X,Normale,Deux véhicules - côté,,,,,,,,,,,5,2,2,1,3
200500014105,0005-03-04 08:40:00,5,3,4,8,40,60,88.0,"0, JEANNE D'ARC (R.)",,,Plein jour,En agglomération,Intersection en T,Normale,Deux véhicules - côté,,,,,,,,,,,1,2,3,1,3
200500014106,0005-03-04 10:45:00,5,3,4,10,45,60,88.0,"51, CORNICHE FLEURIE (AV",,,Plein jour,En agglomération,Hors intersection,Normale,Deux véhicules - côté,,,,,,,,,,,1,2,1,1,3
200500014107,0005-03-04 16:30:00,5,3,4,16,30,60,88.0,"0, GRENOBLE (ROUTE DE)",,,Plein jour,En agglomération,Hors intersection,Normale,Deux véhicules - côté,,,,,,,,,,,1,2,1,1,3
200500014108,0005-03-05 15:20:00,5,3,5,15,20,60,88.0,"0, GRENOBLE (ROUTE DE)",,,Plein jour,En agglomération,Hors intersection,Normale,Trois véhicules et plus - en chaîne,,,,,,,,,,,1,2,1,1,4
200500014109,0005-03-05 16:00:00,5,3,5,16,0,60,88.0,"0, SEMARD (BD PIERRE)",,,Plein jour,En agglomération,Hors intersection,Normale,Deux véhicules - côté,,,,,,,,,,,1,2,1,1,3
200500014110,0005-03-05 16:45:00,5,3,5,16,45,60,88.0,"0, EHRMANN (STADE)",,,Plein jour,En agglomération,Hors intersection,Normale,Sans collision,,,,,,,,,,,1,2,1,1,7
200500014111,0005-03-05 17:20:00,5,3,5,17,20,60,88.0,"0, GUIGLIA (R.)",,,Plein jour,En agglomération,Intersection en X,Pluie légère,Deux véhicules - côté,,,,,,,,,,,1,2,2,2,3
200500014112,0005-03-06 01:00:00,5,3,6,1,0,60,88.0,"10, SEGURANE (R.)",,,Nuit avec éclairage allumé,En agglomération,Hors intersection,Normale,Deux véhicules - arrière,,,,,,,,,,,5,2,1,1,2