accident_id,datetime,annee,mois,jour,heure,minute,departement,commune_insee,adresse,latitude,longitude,luminosite,agglomeration,intersection,meteo,collision,nb_vehicules,nb_usagers,nb_indemnes,nb_tues,nb_blesses_hosp,nb_blesses_legers,age_cond_1,age_cond_2,veh_type_cond_1,veh_type_cond_2,lum_code,agg_code,int_code,atm_code,col_code
200500014113,0005-03-06 02:40:00,5,3,6,2,40,60,88.0,"0, GIOFFREDO (R.)",,,Nuit avec éclairage allumé,En agglomération,Intersection en X,Normale,Deux véhicules - côté,,,,,,,,,,,5,2,2,1,3
200500014114,0005-03-06 05:40:00,5,3,6,5,40,60,88.0,"453, STE MARGUERITE (AV.",,,Nuit avec éclairage allumé,En agglomération,Hors intersection,Normale,Autre collision,,,,,,,,,,,5,2,1,1,6
200500014115,0005-03-06 07:30:00,5,3,6,7,30,60,88.0,"0, VERANY (BD J.B.)",,,Plein jour,En agglomération,Intersection en X,Normale,Deux véhicules - côté,,,,,,,,,,,1,2,2,1,3
200500014116,0005-03-06 18:00:00,5,3,6,18,0,60,88.0,"30, MAHONIAS (R. DES)",,,Nuit avec éclairage allumé,En agglomération,Hors intersection,Normale,Deux véhicules - arrière,,,,,,,,,,,5,2,1,1,2
200500014117,0005-03-07 07:55:00,5,3,7,7,55,60,88.0,"0, SEMARD (BD PIERRE)",,,Plein jour,En agglomération,Hors intersection,Normale,Deux véhicules - frontale,,,,,,,,,,,1,2,1,1,1
200500014118,0005-03-07 10:10:00,5,3,7,10,10,60,88.0,"0, FONTAINE DU TEMPLE (P",,,Plein jour,En agglomération,Hors intersection,Normale,Autre collision,,,,,,,,,,,1,2,1,1,6
200500014119,0005-03-07 10:20:00,5,3,7,10,20,60,88.0,"23, ALPHONSE 1ER (RUE)",,,Plein jour,En agglomération,Hors intersection,Normale,Autre collision,,,,,,,,,,,1,2,1,1,6
200500014120,0005-03-07 10:42:00,5,3,7,10,42,60,88.0,"0, QUAI LUNEL",,,Plein jour,En agglomération,Hors intersection,Normale,Deux véhicules - côté,,,,,,,,,,,1,2,1,1,3
200500014121,0005-03-07 13:15:00,5,3,7,13,15,60,88.0,"0, MOLIERE (R.)",,,Plein jour,En agglomération,Intersection en X,Normale,Deux véhicules - côté,,,,,,,,,,,1,2,2,1,3
200500014122,0005-03-07 17:30:00,5,3,7,17,30,60,88.0,"4, FAURE (AV. FELIX)",,,Plein jour,En agglomération,Hors intersection,Normale,Autre collision,,,,,,,,,,,1,2,1,1,6
200500014123,0005-03-07 19:30:00,5,3,7,19,30,60,88.0,"616, BELLET (RTE DE)",,,Nuit avec éclairage allumé,En agglomération,Hors intersection,Normale,Autre collision,,,,,,,,,,,5,2,1,1,6
200500014124,0005-03-07 22:00:00,5,3,7,22,0,60,88.0,"7, DANTE (RUE)",,,Nuit avec éclairage allumé,En agglomération,Hors intersection,Normale,Deux véhicules - frontale,,,,,,,,,,,5,2,1,1,1
200500014125,0005-03-07 09:30:00,5,3,7,9,30,60,88.0,"0, VISMARA (AV.)",,,Plein jour,En agglomération,Hors intersection,Normale,Autre collision,,,,,,,,,,,1,2,1,1,6
200500014126,0005-03-08 00:30:00,5,3,8,0,30,60,88.0,"0, ANGLAIS (A PARTIR DU",,,Nuit avec éclairage allumé,En agglomération,Hors intersection,Normale,Deux véhicules - côté,,,,,,,,,,,5,2,1,1,3
200500014127,0005-03-08 09:55:00,5,3,8,9,55,60,88.0,"0, PAILLON (PROM. DU)",,,Plein jour,En agglomération,Hors intersection,Normale,Sans collision,,,,,,,,,,,1,2,1,1,7
200500014128,0005-03-08 10:10:00,5,3,8,10,10,60,88.0,"0, ARSON (RUE)",,,Plein jour,En agglomération,Intersection en X,Normale,Deux véhicules - côté,,,,,,,,,,,1,2,2,1,3
200500014129,0005-03-09 11:40:00,5,3,9,11,40,60,88.0,"51, LYAUTEY (AV. DU MAL)",,,Crépuscule ou aube,En agglomération,Hors intersection,Normale,Autre collision,,,,,,,,,,,2,2,1,1,6
200500014130,0005-03-09 13:30:00,5,3,9,13,30,60,88.0,"0, GAMBETTA (A PARTIR DU",,,Plein jour,En agglomération,Intersection en T,Normale,Deux véhicules - côté,,,,,,,,,,,1,2,3,1,3
200500014131,0005-03-10 17:25:00,5,3,10,17,25,60,88.0,"88, DUNANT (AV. HENRI)",,,Plein jour,En agglomération,Hors intersection,Normale,Deux véhicules - arrière,,,,,,,,,,,1,2,1,1,2
200500014132,0005-03-09 19:00:00,5,3,9,19,0,60,88.0,"6, GAMBETTA (JUSQU'AU N°",,,Nuit avec éclairage allumé,En agglomération,Hors intersection,Normale,Autre collision,,,,,,,,,,,5,2,1,1,6
200500014133,0005-03-10 09:45:00,5,3,10,9,45,60,88.0,"7, CARABACEL (BD)",,,Plein jour,En agglomération,Hors intersection,Normale,Deux véhicules - côté,,,,,,,,,,,1,2,1,1,3
200500014134,0005-03-10 10:00:00,5,3,10,10,0,60,88.0,"0, GORBELLA (BD DE)",,,Plein jour,En agglomération,Intersection en T,Normale,Deux véhicules - côté,,,,,,,,,,,1,2,3,1,3
200500014135,0005-03-10 14:30:00,5,3,10,14,30,60,88.0,"0, HOPITAL PASTEUR",,,Plein jour,En agglomération,Hors intersection,Normale,Autre collision,,,,,,,,,,,1,2,1,1,6
200500014136,0005-03-10 17:40:00,5,3,10,17,40,60,88.0,"26, FLIREY (AV. DE)",,,Plein jour,En agglomération,Hors intersection,Normale,Deux véhicules - côté,,,,,,,,,,,1,2,1,1,3
200500014137,0005-03-10 21:00:00,5,3,10,21,0,60,88.0,"20, GAMBETTA (JUSQU'AU N",,,Nuit avec éclairage allumé,En agglomération,Intersection en X,Normale,Deux véhicules - côté,,,,,,,,,,,5,2,2,1,3
200500014138,0005-03-11 13:15:00,5,3,11,13,15,60,88.0,"0, SCHUMAN (R. R.)",,,Plein jour,En agglomération,Intersection en T,Normale,Deux véhicules - côté,,,,,,,,,,,1,2,3,1,3
200500014139,0005-03-11 17:00:00,5,3,11,17,0,60,88.0,"54, STALINGRAD (BD DE)",,,Plein jour,En agglomération,Hors intersection,Normale,Deux véhicules - frontale,,,,,,,,,,,1,2,1,1,1
200500014140,0005-03-11 16:50:00,5,3,11,16,50,60,88.0,"0, BARES (AV. J. SEBASTI",,,Plein jour,En agglomération,Intersection en X,Normale,Deux véhicules - côté,,,,,,,,,,,1,2,2,1,3
200500014141,0005-03-11 17:50:00,5,3,11,17,50,60,88.0,"0, SAND (AV. GEORGE) (DU",,,Plein jour,En agglomération,Intersection en X,Normale,Deux véhicules - côté,,,,,,,,,,,1,2,2,1,3
200500014142,0005-03-11 20:50:00,5,3,11,20,50,60,88.0,"0, RISSO (BD)",,,Nuit avec éclairage allumé,En agglomération,Intersection en X,Normale,Trois véhicules et plus - collisions multiples,,,,,,,,,,,5,2,2,1,5
200500014143,0005-03-12 02:30:00,5,3,12,2,30,60,88.0,"0, GIOFFREDO (R.)",,,Nuit avec éclairage allumé,En agglomération,Intersection en X,Normale,Deux véhicules - côté,,,,,,,,,,,5,2,2,1,3
200500014144,0005-03-12 12:45:00,5,3,12,12,45,60,88.0,"8, GRENOBLE (ROUTE DE)",,,Plein jour,En agglomération,Hors intersection,Normale,Deux véhicules - côté,,,,,,,,,,,1,2,1,1,3
200500014145,0005-03-12 14:00:00,5,3,12,14,0,60,88.0,"43, ANGLAIS (DU N° 1 AU",,,Plein jour,En agglomération,Hors intersection,Normale,Trois véhicules et plus - collisions multiples,,,,,,,,,,,1,2,1,1,5
200500014146,0005-03-12 14:10:00,5,3,12,14,10,60,88.0,"2, JUSSIEU (R. DE)",,,Plein jour,En agglomération,Intersection en T,Normale,Deux véhicules - côté,,,,,,,,,,,1,2,3,1,3
200500014147,0005-03-13 00:30:00,5,3,13,0,30,60,88.0,"95, FRANCE (R. DE) A PAR",,,Nuit avec éclairage allumé,En agglomération,Hors intersection,Normale,Autre collision,,,,,,,,,,,5,2,1,1,6
200500014148,0005-03-13 15:50:00,5,3,13,15,50,60,88.0,"09, VERNIER (R.)",,,Plein jour,En agglomération,Hors intersection,Normale,Deux véhicules - arrière,,,,,,,,,,,1,2,1,1,2
200500014149,0005-03-13 17:30:00,5,3,13,17,30,60,88.0,"19, GEORGES V (AV.)",,,Plein jour,En agglomération,Hors intersection,Normale,Autre collision,,,,,,,,,,,1,2,1,1,6
200500014150,0005-03-13 17:31:00,5,3,13,17,31,60,88.0,"0, SLAMA (RUE MAURICE)",,,Plein jour,En agglomération,Hors intersection,Normale,Sans collision,,,,,,,,,,,1,2,1,1,7
200500014151,0005-03-14 07:40:00,5,3,14,7,40,60,88.0,PAILLON (PROM. DU),,,Plein jour,En agglomération,Hors intersection,Normale,Trois véhicules et plus - en chaîne,,,,,,,,,,,1,2,1,1,4
200500014152,0005-03-14 12:50:00,5,3,14,12,50,60,88.0,"141, SAINT-ANTOINE (RTE",,,Plein jour,En agglomération,Hors intersection,Normale,Deux véhicules - frontale,,,,,,,,,,,1,2,1,1,1
200500014153,0005-03-14 13:10:00,5,3,14,13,10,60,88.0,"0, DEUDON (RUE YON)",,,Plein jour,En agglomération,Hors intersection,Normale,Autre collision,,,,,,,,,,,1,2,1,1,6
200500014154,0005-03-14 19:00:00,5,3,14,19,0,60,88.0,"0, LYAUTEY (AV. DU MAL)",,,Crépuscule ou aube,En agglomération,Hors intersection,Normale,Autre collision,,,,,,,,,,,2,2,1,1,6
200500014155,0005-03-14 19:01:00,5,3,14,19,1,60,88.0,VOIE RAPIDE,,,Nuit avec éclairage allumé,En agglomération,Hors intersection,Normale,Deux véhicules - arrière,,,,,,,,,,,5,2,1,1,2
200500014156,0005-03-14 19:02:00,5,3,14,19,2,60,88.0,DIGUE DES FRANCAIS (TRAV,,,Nuit avec éclairage allumé,En agglomération,Hors intersection,Normale,Autre collision,,,,,,,,,,,5,2,1,1,6
200500014157,0005-03-15 09:00:00,5,3,15,9,0,60,88.0,"244, TURIN (RTE DE)",,,Plein jour,En agglomération,Hors intersection,Normale,Deux véhicules - côté,,,,,,,,,,,1,2,1,1,3
200500014158,0005-03-15 18:15:00,5,3,15,18,15,60,88.0,"0, GRENOBLE (ROUTE DE)",,,Crépuscule ou aube,En agglomération,Hors intersection,Normale,Autre collision,,,,,,,,,,,2,2,1,1,6
200500014159,0005-03-15 18:50:00,5,3,15,18,50,60,88.0,BELLET (RTE DE),,,Crépuscule ou aube,En agglomération,Intersection en T,Normale,Deux véhicules - côté,,,,,,,,,,,2,2,3,1,3
200500014160,0005-03-16 07:50:00,5,3,16,7,50,60,88.0,"0, DIGUE DES FRANCAIS (T",,,Plein jour,En agglomération,Hors intersection,Normale,Deux véhicules - côté,,,,,,,,,,,1,2,1,1,3
200500014161,0005-03-16 10:15:00,5,3,16,10,15,60,88.0,"53, BAREL (BD VIRGILE)",,,Plein jour,En agglomération,Hors intersection,Normale,Autre collision,,,,,,,,,,,1,2,1,1,6
200500014162,0005-03-16 14:30:00,5,3,16,14,30,60,88.0,"38, SEGURANE (R.)",,,Plein jour,En agglomération,Hors intersection,Normale,Deux véhicules - arrière,,,,,,,,,,,1,2,1,1,2
200500014163,0005-03-16 16:00:00,5,3,16,16,0,60,88.0,"139, GRENOBLE (ROUTE DE)",,,Plein jour,En agglomération,Hors intersection,Normale,Deux véhicules - arrière,,,,,,,,,,,1,2,1,1,2
200500014164,0005-03-16 18:00:00,5,3,16,18,0,60,88.0,"0, PAULIANI (AV.)",,,Plein jour,En agglomération,Hors intersection,Normale,Autre collision,,,,,,,,,,,1,2,1,1,6
200500014165,0005-03-16 22:50:00,5,3,16,22,50,60,88.0,"0, SAINT-LAMBERT (AV.) (",,,Nuit avec éclairage allumé,En agglomération,Hors intersection,Normale,Sans collision,,,,,,,,,,,5,2,1,1,7
200500014166,0005-03-17 15:10:00,5,3,17,15,10,60,88.0,"140, CESSOLE (BD DE) (A",,,Plein jour,En agglomération,Hors intersection,Normale,Deux véhicules - arrière,,,,,,,,,,,1,2,1,1,2
200500014167,0005-03-17 15:30:00,5,3,17,15,30,60,88.0,"223, ANGLAIS (DU N° 114",,,Plein jour,En agglomération,Hors intersection,Normale,Trois véhicules et plus - en chaîne,,,,,,,,,,,1,2,1,1,4
200500014168,0005-03-17 19:00:00,5,3,17,19,0,60,88.0,"05, DESAMBROIS (AV.)",,,Crépuscule ou aube,En agglomération,Hors intersection,Normale,Deux véhicules - côté,,,,,,,,,,,2,2,1,1,3
200500014169,0005-03-17 19:30:00,5,3,17,19,30,60,88.0,"60, CESSOLE (BD DE) (JUS",,,Crépuscule ou aube,En agglomération,Hors intersection,Normale,Deux véhicules - côté,,,,,,,,,,,2,2,1,1,3
200500014170,0005-03-17 22:00:00,5,3,17,22,0,60,88.0,"49, LAMARTINE (R.)",,,Nuit avec éclairage allumé,En agglomération,Hors intersection,Normale,Autre collision,,,,,,,,,,,5,2,1,1,6
200500014171,0005-03-18 16:20:00,5,3,18,16,20,60,88.0,"254, GRENOBLE (ROUTE DE)",,,Plein jour,En agglomération,Hors intersection,Normale,Deux véhicules - côté,,,,,,,,,,,1,2,1,1,3
200500014172,0005-03-19 01:15:00,5,3,19,1,15,60,88.0,ROSSINI (R.),,,Nuit avec éclairage allumé,En agglomération,Intersection en X,Normale,Deux véhicules - côté,,,,,,,,,,,5,2,2,1,3
200500014173,0005-03-19 08:55:00,5,3,19,8,55,60,88.0,"0, DUBOUCHAGE (BD)",,,Plein jour,En agglomération,Intersection en X,Normale,Deux véhicules - côté,,,,,,,,,,,1,2,2,1,3
200500014174,0005-03-19 14:45:00,5,3,19,14,45,60,88.0,"4, DESAMBROIS (AV.)",,,Plein jour,En agglomération,Hors intersection,Normale,Deux véhicules - côté,,,,,,,,,,,1,2,1,1,3
200500014175,0005-03-19 20:30:00,5,3,19,20,30,60,88.0,"0, GUIGLIA (R.)",,,Nuit avec éclairage allumé,En agglomération,Intersection en X,Normale,Deux véhicules - côté,,,,,,,,,,,5,2,2,1,3
200500014176,0005-03-20 08:30:00,5,3,20,8,30,60,88.0,GRENOBLE (ROUTE DE),,,Plein jour,En agglomération,Hors intersection,Normale,Autre collision,,,,,,,,,,,1,2,1,1,6
200500014177,0005-03-21 07:25:00,5,3,21,7,25,60,88.0,"3, JOLY (CORNICHE ANDRE",,,Plein jour,En agglomération,Hors intersection,Normale,Deux véhicules - arrière,,,,,,,,,,,1,2,1,1,2
200500014178,0005-03-21 09:15:00,5,3,21,9,15,60,88.0,"18, PAPE JEAN XXIII (BD)",,,Plein jour,En agglomération,Hors intersection,Normale,Sans collision,,,,,,,,,,,1,2,1,1,7
200500014179,0005-03-21 12:00:00,5,3,21,12,0,60,88.0,"54, GIOFFREDO (R.)",,,Plein jour,En agglomération,Hors intersection,Normale,Autre collision,,,,,,,,,,,1,2,1,1,6
200500014180,0005-03-21 19:50:00,5,3,21,19,50,60,88.0,"147, GAMBETTA (A PARTIR",,,Nuit avec éclairage allumé,En agglomération,Hors intersection,Normale,Deux véhicules - côté,,,,,,,,,,,5,2,1,1,3
200500014181,0005-03-21 11:00:00,5,3,21,11,0,60,159.0,"0, NAPOLEON III (BOULEVA",,,Plein jour,En agglomération,Hors intersection,Normale,Autre collision,,,,,,,,,,,1,2,1,1,6
200500014182,0005-03-22 07:45:00,5,3,22,7,45,60,88.0,"17, CAMBRAI (BD DE)",,,Plein jour,En agglomération,Hors intersection,Pluie légère,Sans collision,,,,,,,,,,,1,2,1,2,7
200500014183,0005-03-22 08:20:00,5,3,22,8,20,60,88.0,"243, GAIRAUT (AV. DE)",,,Plein jour,En agglomération,Hors intersection,Pluie légère,Deux véhicules - frontale,,,,,,,,,,,1,2,1,2,1
200500014184,0005-03-22 08:35:00,5,3,22,8,35,60,88.0,"0, GUIGLIA (R.)",,,Plein jour,En agglomération,Intersection en X,Pluie légère,Deux véhicules - côté,,,,,,,,,,,1,2,2,2,3
200500014185,0005-03-22 10:25:00,5,3,22,10,25,60,88.0,"0, VOIE ROMAINE (AV. DE",,,Plein jour,En agglomération,Hors intersection,Pluie légère,Deux véhicules - côté,,,,,,,,,,,1,2,1,2,3
200500014186,0005-03-22 11:30:00,5,3,22,11,30,60,88.0,"0, BOSQUETS (AV. DES)",,,Plein jour,En agglomération,Intersection en X,Pluie légère,Deux véhicules - côté,,,,,,,,,,,1,2,2,2,3
200500014187,0005-03-22 23:00:00,5,3,22,23,0,60,88.0,"58, GORBELLA (BD DE)",,,Nuit avec éclairage allumé,En agglomération,Hors intersection,Normale,Deux véhicules - arrière,,,,,,,,,,,5,2,1,1,2
200500014188,0005-03-21 19:45:00,5,3,21,19,45,60,88.0,"0, ALSACE-LORRAINE (RUE",,,Nuit avec éclairage allumé,En agglomération,Intersection en X,Normale,Deux véhicules - côté,,,,,,,,,,,5,2,2,1,3
200500014189,0005-03-22 10:15:00,5,3,22,10,15,60,159.0,CORNE D OR (BOULEVARD DE,,,Plein jour,En agglomération,Hors intersection,Pluie légère,Deux véhicules - frontale,,,,,,,,,,,1,2,1,2,1
200500014190,0005-03-22 10:18:00,5,3,22,10,18,60,159.0,"88, CORNE D OR (BOULEVAR",,,Plein jour,En agglomération,Hors intersection,Pluie légère,Deux véhicules - arrière,,,,,,,,,,,1,2,1,2,2
200500014191,0005-03-23 16:10:00,5,3,23,16,10,60,88.0,"182, ANGLAIS (A PARTIR D",,,Plein jour,En agglomération,Hors intersection,Normale,Deux véhicules - frontale,,,,,,,,,,,1,2,1,1,1
200500014192,0005-03-23 15:10:00,5,3,23,15,10,60,88.0,"0, FAURE (AV. FELIX)",,,Plein jour,En agglomération,Hors intersection,Normale,Autre collision,,,,,,,,,,,1,2,1,1,6
200500014193,0005-03-24 05:10:00,5,3,24,5,10,60,88.0,"0, GARIGLIANO (PONTS)",,,Nuit avec éclairage allumé,En agglomération,Intersection en X,Normale,Deux véhicules - côté,,,,,,,,,,,5,2,2,1,3
200500014194,0005-03-24 09:50:00,5,3,24,9,50,60,88.0,"0, ANGLAIS (DU N° 265 AU",,,Plein jour,En agglomération,Intersection en X,Normale,Trois véhicules et plus - collisions multiples,,,,,,,,,,,1,2,2,1,5
200500014195,0005-03-24 17:20:00,5,3,24,17,20,60,88.0,"274, CALIFORNIE (AV.) (A",,,Plein jour,En agglomération,Hors intersection,Normale,Deux véhicules - côté,,,,,,,,,,,1,2,1,1,3
200500014196,0005-03-24 19:25:00,5,3,24,19,25,60,88.0,"4, CANTA GALET (RTE DE)",,,Nuit avec éclairage allumé,En agglomération,Hors intersection,Pluie légère,Deux véhicules - arrière,,,,,,,,,,,5,2,1,2,2
200500014197,0005-03-24 21:30:00,5,3,24,21,30,60,88.0,"0, GAMBETTA (A PARTIR DU",,,Nuit avec éclairage allumé,En agglomération,Intersection en X,Pluie légère,Deux véhicules - côté,,,,,,,,,,,5,2,2,2,3
200500014198,0005-03-25 09:00:00,5,3,25,9,0,60,88.0,"23, GROSSO (A PARTIR DU",,,Plein jour,En agglomération,Intersection en T,Normale,Autre collision,,,,,,,,,,,1,2,3,1,6
200500014199,0005-03-25 14:25:00,5,3,25,14,25,60,88.0,"0, GROSSO (A PARTIR DU N",,,Plein jour,En agglomération,Intersection en T,Normale,Deux véhicules - côté,,,,,,,,,,,1,2,3,1,3
200500014200,0005-03-25 17:00:00,5,3,25,17,0,60,88.0,"163, CASSIN (BD RENE)",,,Plein jour,En agglomération,Hors intersection,Normale,Sans collision,,,,,,,,,,,1,2,1,1,7
200500014201,0005-03-25 20:32:00,5,3,25,20,32,60,88.0,"14, THIERS (AV.)",,,Nuit avec éclairage allumé,En agglomération,Hors intersection,Normale,Deux véhicules - arrière,,,,,,,,,,,5,2,1,1,2
200500014202,0005-03-25 22:35:00,5,3,25,22,35,60,88.0,"0, GRENOBLE (ROUTE DE)",,,Nuit avec éclairage allumé,En agglomération,Intersection en X,Normale,Deux véhicules - côté,,,,,,,,,,,5,2,2,1,3
200500014203,0005-03-26 14:50:00,5,3,26,14,50,60,88.0,"51, LYAUTEY (AV. DU MAL)",,,Plein jour,En agglomération,Hors intersection,Normale,Trois véhicules et plus - collisions multiples,,,,,,,,,,,1,2,1,1,5
200500014204,0005-03-26 15:15:00,5,3,26,15,15,60,88.0,"0, GUTENBERG (R.)",,,Plein jour,En agglomération,Intersection en X,Normale,Deux véhicules - côté,,,,,,,,,,,1,2,2,1,3
200500014205,0005-03-26 16:50:00,5,3,26,16,50,60,88.0,DALMAS (RUE EDOUARD),,,Plein jour,En agglomération,Intersection en X,Normale,Deux véhicules - côté,,,,,,,,,,,1,2,2,1,3
200500014206,0005-03-26 16:45:00,5,3,26,16,45,60,88.0,"0, MENARD (AV. DU DR)",,,Plein jour,En agglomération,Intersection en X,Normale,Autre collision,,,,,,,,,,,1,2,2,1,6
200500014207,0005-03-27 03:20:00,5,3,27,3,20,60,88.0,"0, GIOFFREDO (PASS.)(DR",,,Nuit avec éclairage allumé,En agglomération,Intersection en X,Pluie légère,Autre collision,,,,,,,,,,,5,2,2,2,6
200500014208,0005-03-27 05:15:00,5,3,27,5,15,60,88.0,"0, MEYERBEER (RUE ET PAS",,,Nuit avec éclairage allumé,En agglomération,Intersection en X,Normale,Deux véhicules - côté,,,,,,,,,,,5,2,2,1,3
200500014209,0005-03-27 06:30:00,5,3,27,6,30,60,88.0,"279, ANGLAIS (DU N° 265",,,Crépuscule ou aube,En agglomération,Hors intersection,Pluie légère,Autre collision,,,,,,,,,,,2,2,1,2,6
200500014210,0005-03-27 11:10:00,5,3,27,11,10,60,88.0,"23, GEORGES V (AV.)",,,Plein jour,En agglomération,Hors intersection,Pluie légère,Autre collision,,,,,,,,,,,1,2,1,2,6
200500014211,0005-03-27 15:00:00,5,3,27,15,0,60,88.0,"0, FOCH (AV. MARECHAL)",,,Plein jour,En agglomération,Intersection en X,Normale,Autre collision,,,,,,,,,,,1,2,2,1,6
200500014212,0005-03-27 20:10:00,5,3,27,20,10,60,88.0,"248, MADELEINE (AV. DE L",,,Nuit avec éclairage allumé,En agglomération,Hors intersection,Normale,Deux véhicules - côté,,,,,,,,,,,5,2,1,1,3
200500014213,0005-03-29 11:15:00,5,3,29,11,15,60,88.0,"5, CLEMENCEAU (AV. GEORG",,,Plein jour,En agglomération,Hors intersection,Normale,Autre collision,,,,,,,,,,,1,2,1,1,6
200500014214,0005-03-29 14:15:00,5,3,29,14,15,60,88.0,"91, CESSOLE (BD DE) (JUS",,,Plein jour,En agglomération,Hors intersection,Normale,Deux véhicules - côté,,,,,,,,,,,1,2,1,1,3
200500014215,0005-03-29 16:15:00,5,3,29,16,15,60,88.0,"1, ROSSINI (R.)",,,Plein jour,En agglomération,Autre intersection,Normale,Autre collision,,,,,,,,,,,1,2,9,1,6
200500014216,0005-03-29 16:30:00,5,3,29,16,30,60,88.0,"0, CASSIN (BD RENE)",,,Plein jour,En agglomération,Hors intersection,Normale,Deux véhicules - arrière,,,,,,,,,,,1,2,1,1,2
200500014217,0005-03-29 17:00:00,5,3,29,17,0,60,88.0,"29, JOFFRE (R. MARECHAL)",,,Plein jour,En agglomération,Hors intersection,Pluie légère,Deux véhicules - côté,,,,,,,,,,,1,2,1,2,3
200500014218,0005-03-29 18:15:00,5,3,29,18,15,60,88.0,"94, NAPOLEON III (BD)",,,Plein jour,En agglomération,Hors intersection,Pluie forte,Deux véhicules - côté,,,,,,,,,,,1,2,1,3,3
200500014219,0005-03-30 08:30:00,5,3,30,8,30,60,88.0,"58, SAINT-AUGUSTIN (AV.",,,Plein jour,En agglomération,Hors intersection,Normale,Deux véhicules - côté,,,,,,,,,,,1,2,1,1,3
200500014220,0005-03-30 09:00:00,5,3,30,9,0,60,88.0,"0, SOUVENIR FRANCAIS (BD",,,Plein jour,En agglomération,Intersection en X,Normale,Autre collision,,,,,,,,,,,1,2,2,1,6
200500014221,0005-03-30 17:35:00,5,3,30,17,35,60,88.0,"0, ANGLAIS (A PARTIR DU",,,Plein jour,En agglomération,Hors intersection,Normale,Trois véhicules et plus - collisions multiples,,,,,,,,,,,1,2,1,1,5
200500014222,0005-03-30 18:10:00,5,3,30,18,10,60,88.0,DIGUE DES FRANCAIS (TRAV,,,Plein jour,En agglomération,Hors intersection,Normale,Deux véhicules - frontale,,,,,,,,,,,1,2,1,1,1
200500014223,0005-03-31 10:15:00,5,3,31,10,15,60,88.0,"0, ALLEGRE (AV. JEAN)",,,Plein jour,En agglomération,Hors intersection,Normale,Trois véhicules et plus - collisions multiples,,,,,,,,,,,1,2,1,1,5
200500014224,0005-03-31 13:40:00,5,3,31,13,40,60,88.0,"230 BIS, TERRON (CH. DE)",,,Plein jour,En agglomération,Hors intersection,Normale,Deux véhicules - arrière,,,,,,,,,,,1,2,1,1,2
200500014225,0005-03-31 12:00:00,5,3,31,12,0,60,88.0,VOIE RAPIDE,,,Plein jour,En agglomération,Autre intersection,Normale,Deux véhicules - arrière,,,,,,,,,,,1,2,9,1,2
200500014226,0005-03-31 16:20:00,5,3,31,16,20,60,88.0,"35, CALIFORNIE (AV.) (DU",,,Plein jour,En agglomération,Hors intersection,Pluie légère,Deux véhicules - arrière,,,,,,,,,,,1,2,1,2,2
200500014227,0005-03-31 17:40:00,5,3,31,17,40,60,88.0,CALIFORNIE (AV.) (JUSQU',,,Plein jour,En agglomération,Hors intersection,Pluie légère,Deux véhicules - côté,,,,,,,,,,,1,2,1,2,3
200500014228,0005-03-31 17:45:00,5,3,31,17,45,60,88.0,"0, BARBERIS (RUE)",,,Plein jour,En agglomération,Intersection en X,Pluie légère,Deux véhicules - côté,,,,,,,,,,,1,2,2,2,3
200500014229,0005-03-31 17:48:00,5,3,31,17,48,60,159.0,"88, CORNE D OR (BOULEVAR",,,Plein jour,En agglomération,Hors intersection,Normale,Deux véhicules - côté,,,,,,,,,,,1,2,1,1,3
200500014230,0005-03-31 15:30:00,5,3,31,15,30,70,19.0,BOISVIGNAL (AVENUE),,,Plein jour,En agglomération,Hors intersection,Normale,Deux véhicules - arrière,,,,,,,,,,,1,2,1,1,2
200500014231,0005-03-11 17:00:00,5,3,11,17,0,70,281.0,"52, REPUBLIQUE (RUE DE L",,,Plein jour,En agglomération,Hors intersection,Normale,Sans collision,,,,,,,,,,,1,2,1,1,7
200500014232,0005-03-12 10:55:00,5,3,12,10,55,70,281.0,"669, GROSS-UMSTADT (AVEN",,,Plein jour,En agglomération,Hors intersection,Normale,Deux véhicules - arrière,,,,,,,,,,,1,2,1,1,2
200500014233,0005-03-25 15:15:00,5,3,25,15,15,70,102.0,"122, LYON (AVENUE DE)",,,Plein jour,En agglomération,Hors intersection,Normale,Autre collision,,,,,,,,,,,1,2,1,1,6
200500014234,0005-03-25 09:00:00,5,3,25,9,0,70,281.0,C.D. 287 (VERS ST ROMAIN,,,Plein jour,En agglomération,Hors intersection,Brouillard / fumée,Sans collision,,,,,,,,,,,1,2,1,5,7
200500014235,0005-03-04 17:20:00,5,3,4,17,20,70,72.0,MOULIN DES CORNES,,,Plein jour,En agglomération,Hors intersection,Normale,Deux véhicules - frontale,,,,,,,,,,,1,2,1,1,1
200500014236,0005-03-19 15:45:00,5,3,19,15,45,70,186.0,"20, ESPLANADE (COURS DE",,,Plein jour,En agglomération,Hors intersection,Normale,Autre collision,,,,,,,,,,,1,2,1,1,6
200500014237,0005-03-02 08:50:00,5,3,2,8,50,80,105.0,"36, DUCALE PLACE",,,Crépuscule ou aube,En agglomération,Hors intersection,Normale,Autre collision,,,,,,,,,,,2,2,1,1,6
200500014238,0005-03-15 07:35:00,5,3,15,7,35,80,105.0,"00, PAQUIS RUE",,,Plein jour,En agglomération,Hors intersection,Normale,Deux véhicules - côté,,,,,,,,,,,1,2,1,1,3
200500014239,0005-03-18 21:25:00,5,3,18,21,25,80,180.0,MARNE AVENUE,,,Nuit avec éclairage allumé,En agglomération,Giratoire,Normale,Autre collision,,,,,,,,,,,5,2,6,1,6
200500014240,0005-03-23 04:30:00,5,3,23,4,30,80,105.0,CROISON L.G. (RUE),,,Nuit avec éclairage allumé,En agglomération,Giratoire,Normale,Deux véhicules - côté,,,,,,,,,,,5,2,6,1,3
200500014241,0005-03-28 19:50:00,5,3,28,19,50,80,105.0,DE GAULLE AVENUE,,,Plein jour,En agglomération,Hors intersection,Normale,Deux véhicules - côté,,,,,,,,,,,1,2,1,1,3
200500014242,0005-03-02 11:30:00,5,3,2,11,30,90,122.0,LECLERC (AVENUE DU GENER,,,Plein jour,En agglomération,Hors intersection,Normale,Deux véhicules - côté,,,,,,,,,,,1,2,1,1,3