accident_id,datetime,annee,mois,jour,heure,minute,departement,commune_insee,adresse,latitude,longitude,luminosite,agglomeration,intersection,meteo,collision,nb_vehicules,nb_usagers,nb_indemnes,nb_tues,nb_blesses_hosp,nb_blesses_legers,age_cond_1,age_cond_2,veh_type_cond_1,veh_type_cond_2,lum_code,agg_code,int_code,atm_code,col_code
200500014243,0005-03-13 17:15:00,5,3,13,17,15,90,122.0,LABARRE,,,Plein jour,En agglomération,Hors intersection,Normale,Deux véhicules - arrière,,,,,,,,,,,1,2,1,1,2
200500014244,0005-03-16 16:08:00,5,3,16,16,8,90,122.0,VILLOTE (ALLEES DE),,,Plein jour,En agglomération,Hors intersection,Normale,Autre collision,,,,,,,,,,,1,2,1,1,6
200500014245,0005-03-25 06:00:00,5,3,25,6,0,90,122.0,"38, BOUYCHERES (COURS)",,,Nuit avec éclairage allumé,En agglomération,Hors intersection,Normale,Deux véhicules - frontale,,,,,,,,,,,5,2,1,1,1
200500014246,0005-03-16 13:05:00,5,3,16,13,5,90,225.0,"00, BELPECH ROUTE DE",,,Plein jour,En agglomération,Intersection en T,Normale,Deux véhicules - côté,,,,,,,,,,,1,2,3,1,3
200500014247,0005-03-08 16:00:00,5,3,8,16,0,100,60.0,ROCADE OUEST,,,Plein jour,En agglomération,Hors intersection,Normale,Autre collision,,,,,,,,,,,1,2,1,1,6
200500014248,0005-03-21 10:00:00,5,3,21,10,0,100,297.0,MARC VERDIER (RUE),,,Plein jour,En agglomération,Hors intersection,Normale,Deux véhicules - côté,,,,,,,,,,,1,2,1,1,3
200500014249,0005-03-23 21:15:00,5,3,23,21,15,100,387.0,NOES (RUE DES),,,Nuit avec éclairage allumé,En agglomération,Intersection en T,Normale,Deux véhicules - côté,,,,,,,,,,,5,2,3,1,3
200500014250,0005-03-26 11:50:00,5,3,26,11,50,100,333.0,"11, AUXERRE (ROUTE)",,,Plein jour,En agglomération,Hors intersection,Normale,Deux véhicules - frontale,,,,,,,,,,,1,2,1,1,1
200500014251,0005-03-27 00:50:00,5,3,27,0,50,100,387.0,LOUIS BLANC (RUE),,,Nuit avec éclairage allumé,En agglomération,Intersection en T,Pluie forte,Autre collision,,,,,,,,,,,5,2,3,3,6
200500014252,0005-03-09 16:05:00,5,3,9,16,5,110,69.0,ROCADE OUEST,,,Plein jour,En agglomération,Hors intersection,Normale,Autre collision,,,,,,,,,,,1,2,1,1,6
200500014253,0005-03-10 21:30:00,5,3,10,21,30,110,262.0,"12, TOULOUSE (AVENUE DE)",,,Nuit avec éclairage allumé,En agglomération,Intersection en T,Normale,Deux véhicules - côté,,,,,,,,,,,5,2,3,1,3
200500014254,0005-03-18 14:00:00,5,3,18,14,0,120,145.0,"76, JAURES JEAN (AVENUE)",,,Plein jour,En agglomération,Hors intersection,Normale,Deux véhicules - côté,,,,,,,,,,,1,2,1,1,3
200500014255,0005-03-06 13:30:00,5,3,6,13,30,120,176.0,ESPALION (ROUTE D'),,,Plein jour,En agglomération,Hors intersection,Normale,Deux véhicules - côté,,,,,,,,,,,1,2,1,1,3
200500014256,0005-03-15 18:00:00,5,3,15,18,0,120,202.0,BORDEAUX (AVENUE DE),,,Plein jour,En agglomération,Hors intersection,Normale,Deux véhicules - côté,,,,,,,,,,,1,2,1,1,3
200500014257,0005-03-02 08:50:00,5,3,2,8,50,130,1.0,A.51,,,Plein jour,Hors agglomération,Hors intersection,Normale,Deux véhicules - côté,,,,,,,,,,,1,1,1,1,3
200500014258,0005-03-02 09:35:00,5,3,2,9,35,130,1.0,FERRINI FORTUNE (AV),,,Plein jour,En agglomération,Hors intersection,Normale,Deux véhicules - arrière,,,,,,,,,,,1,2,1,1,2
200500014259,0005-03-03 08:00:00,5,3,3,8,0,130,1.0,"970, MONT ROBERT (CH DU)",,,Plein jour,En agglomération,Hors intersection,Autre,Deux véhicules - frontale,,,,,,,,,,,1,2,1,9,1
200500014260,0005-03-04 20:55:00,5,3,4,20,55,130,1.0,GALICE (RTE DE),,,Nuit sans éclairage public,En agglomération,Intersection en T,Normale,Deux véhicules - côté,,,,,,,,,,,3,2,3,1,3
200500014261,0005-03-08 07:25:00,5,3,8,7,25,130,1.0,DE LATTRE DE TASSIGNY (A,,,Plein jour,En agglomération,Hors intersection,Normale,Autre collision,,,,,,,,,,,1,2,1,1,6
200500014262,0005-03-04 17:55:00,5,3,4,17,55,130,1.0,"12, HUGO VICTOR (AV)",,,Plein jour,En agglomération,Hors intersection,Normale,Autre collision,,,,,,,,,,,1,2,1,1,6
200500014263,0005-03-08 18:45:00,5,3,8,18,45,130,1.0,SISTERON (RTE DE ),,,Nuit avec éclairage allumé,En agglomération,Hors intersection,Normale,Deux véhicules - frontale,,,,,,,,,,,5,2,1,1,1
200500014264,0005-03-09 18:30:00,5,3,9,18,30,130,1.0,"45, MALACRIDA HENRI (AV)",,,Plein jour,En agglomération,Hors intersection,Normale,Deux véhicules - côté,,,,,,,,,,,1,2,1,1,3
200500014265,0005-03-11 10:00:00,5,3,11,10,0,130,1.0,SCHUMAN ROBERT (AV),,,Plein jour,En agglomération,Hors intersection,Normale,Autre collision,,,,,,,,,,,1,2,1,1,6
200500014266,0005-03-12 10:30:00,5,3,12,10,30,130,1.0,georges COUTTON (rond po,,,Plein jour,En agglomération,Hors intersection,Normale,Deux véhicules - arrière,,,,,,,,,,,1,2,1,1,2
200500014267,0005-03-12 14:20:00,5,3,12,14,20,130,1.0,ROGNES (RTE DE),,,Plein jour,En agglomération,Hors intersection,Normale,Deux véhicules - côté,,,,,,,,,,,1,2,1,1,3
200500014268,0005-03-13 10:45:00,5,3,13,10,45,130,1.0,"3980, ST CANADET (ROUTE)",,,Plein jour,En agglomération,Hors intersection,Normale,Trois véhicules et plus - collisions multiples,,,,,,,,,,,1,2,1,1,5
200500014269,0005-03-13 15:40:00,5,3,13,15,40,130,1.0,FERRINI FORTUNE (AV),,,Plein jour,En agglomération,Hors intersection,Normale,Sans collision,,,,,,,,,,,1,2,1,1,7
200500014270,0005-03-15 08:50:00,5,3,15,8,50,130,1.0,", MOULIN JEAN  (AV)",,,Plein jour,En agglomération,Hors intersection,Normale,Deux véhicules - côté,,,,,,,,,,,1,2,1,1,3
200500014271,0005-03-15 14:00:00,5,3,15,14,0,130,1.0,"865, MONT ROBERT (CH DU)",,,Plein jour,En agglomération,Hors intersection,Normale,Deux véhicules - frontale,,,,,,,,,,,1,2,1,1,1
200500014272,0005-03-16 03:40:00,5,3,16,3,40,130,1.0,MOURET HENRI (AV),,,Nuit avec éclairage allumé,En agglomération,Hors intersection,Normale,Sans collision,,,,,,,,,,,5,2,1,1,7
200500014273,0005-03-17 08:00:00,5,3,17,8,0,130,1.0,EUROPE (AV ),,,Plein jour,En agglomération,Hors intersection,Normale,Deux véhicules - côté,,,,,,,,,,,1,2,1,1,3
200500014274,0005-03-10 19:15:00,5,3,10,19,15,130,1.0,"0, LIBERATEURS (AV DES)",,,Nuit avec éclairage allumé,En agglomération,Hors intersection,Normale,Autre collision,,,,,,,,,,,5,2,1,1,6
200500014275,0005-03-18 07:55:00,5,3,18,7,55,130,1.0,"2, FOURANE (RUE)",,,Plein jour,En agglomération,Intersection en T,Normale,Deux véhicules - côté,,,,,,,,,,,1,2,3,1,3
200500014276,0005-03-19 04:10:00,5,3,19,4,10,130,1.0,"1080, R.N 7",,,Nuit avec éclairage allumé,En agglomération,Hors intersection,Normale,Deux véhicules - arrière,,,,,,,,,,,5,2,1,1,2
200500014277,0005-03-19 10:00:00,5,3,19,10,0,130,1.0,ROSE (CH DE LA),,,Plein jour,En agglomération,Intersection en X,Normale,Deux véhicules - côté,,,,,,,,,,,1,2,2,1,3
200500014278,0005-03-19 13:45:00,5,3,19,13,45,130,1.0,CHATEAU DOUBLE (BD),,,Plein jour,En agglomération,Hors intersection,Normale,Autre collision,,,,,,,,,,,1,2,1,1,6
200500014279,0005-03-25 11:45:00,5,3,25,11,45,130,1.0,LEDOUX CLAUDE NICOLAS (R,,,Plein jour,En agglomération,Intersection en X,Normale,Deux véhicules - côté,,,,,,,,,,,1,2,2,1,3
200500014280,0005-03-25 14:18:00,5,3,25,14,18,130,1.0,RN 296,,,Plein jour,En agglomération,Autre intersection,Normale,Deux véhicules - côté,,,,,,,,,,,1,2,9,1,3
200500014281,0005-03-27 00:30:00,5,3,27,0,30,130,1.0,ISAAC JULES (AV),,,Nuit avec éclairage allumé,En agglomération,Intersection en T,Normale,Deux véhicules - côté,,,,,,,,,,,5,2,3,1,3
200500014282,0005-03-30 11:20:00,5,3,30,11,20,130,1.0,"1914, RN 96",,,Plein jour,En agglomération,Hors intersection,Normale,Deux véhicules - arrière,,,,,,,,,,,1,2,1,1,2
200500014283,0005-03-03 08:15:00,5,3,3,8,15,130,4.0,R.D.N83 ROUTE D'EYGUIERE,,,Plein jour,En agglomération,Hors intersection,Normale,Sans collision,,,,,,,,,,,1,2,1,1,7
200500014284,0005-03-05 01:25:00,5,3,5,1,25,130,4.0,R.N N570,,,Nuit sans éclairage public,En agglomération,Hors intersection,Normale,Autre collision,,,,,,,,,,,3,2,1,1,6
200500014285,0005-03-06 13:55:00,5,3,6,13,55,130,4.0,R.N.113,,,Plein jour,En agglomération,Intersection en Y,Normale,Deux véhicules - arrière,,,,,,,,,,,1,2,4,1,2
200500014286,0005-03-06 20:25:00,5,3,6,20,25,130,4.0,"1, R.N.N453  BD CLEMENCE",,,Plein jour,En agglomération,Hors intersection,Normale,Deux véhicules - côté,,,,,,,,,,,1,2,1,1,3
200500014287,0005-03-17 11:35:00,5,3,17,11,35,130,4.0,LOUIS VISSAC AVENUE,,,Plein jour,En agglomération,Hors intersection,Normale,Trois véhicules et plus - en chaîne,,,,,,,,,,,1,2,1,1,4
200500014288,0005-03-09 17:25:00,5,3,9,17,25,130,5.0,RN 8,,,Plein jour,En agglomération,Hors intersection,Normale,Sans collision,,,,,,,,,,,1,2,1,1,7
200500014289,0005-03-22 18:20:00,5,3,22,18,20,130,28.0,PUITS DE BRUNET (CHEMIN,,,Plein jour,En agglomération,Hors intersection,Normale,Trois véhicules et plus - en chaîne,,,,,,,,,,,1,2,1,1,4
200500014290,0005-03-28 14:15:00,5,3,28,14,15,130,28.0,"386, BODIN (AVENUE EMILE",,,Plein jour,En agglomération,Hors intersection,Autre,Deux véhicules - côté,,,,,,,,,,,1,2,1,9,3
200500014291,0005-03-31 19:40:00,5,3,31,19,40,130,28.0,"34, CLEMENCEAU (boulevar",,,Crépuscule ou aube,En agglomération,Hors intersection,Pluie forte,Deux véhicules - arrière,,,,,,,,,,,2,2,1,3,2
200500014292,0005-03-12 19:20:00,5,3,12,19,20,130,47.0,"144, VARAGE CHEMIN DE",,,Crépuscule ou aube,En agglomération,Hors intersection,Normale,Autre collision,,,,,,,,,,,2,2,1,1,6
200500014293,0005-03-16 21:55:00,5,3,16,21,55,130,47.0,FELIX GOUIN AVENUE,,,Nuit avec éclairage allumé,En agglomération,Hors intersection,Normale,Autre collision,,,,,,,,,,,5,2,1,1,6
200500014294,0005-03-19 19:00:00,5,3,19,19,0,130,63.0,"1432, C.D 10",,,Nuit sans éclairage public,En agglomération,Hors intersection,Normale,Autre collision,,,,,,,,,,,3,2,1,1,6
200500014295,0005-03-20 12:40:00,5,3,20,12,40,130,63.0,MOULIN CHEMIN DU,,,Plein jour,En agglomération,Hors intersection,Normale,Deux véhicules - frontale,,,,,,,,,,,1,2,1,1,1
200500014296,0005-03-29 08:00:00,5,3,29,8,0,130,47.0,FELIX GOUIN AVENUE,,,Plein jour,En agglomération,Hors intersection,Normale,Sans collision,,,,,,,,,,,1,2,1,1,7
200500014297,0005-03-03 13:05:00,5,3,3,13,5,130,54.0,SALAN  AVE GENERAL,,,Plein jour,En agglomération,Autre intersection,Temps couvert,Deux véhicules - arrière,,,,,,,,,,,1,2,9,8,2
200500014298,0005-03-04 19:10:00,5,3,4,19,10,130,43.0,POMPIDOU  AVENUE,,,Nuit sans éclairage public,En agglomération,Hors intersection,Vent fort / tempête,Deux véhicules - côté,,,,,,,,,,,3,2,1,6,3
200500014299,0005-03-09 07:40:00,5,3,9,7,40,130,102.0,"199, FERRISSE  BLD ROBER",,,Plein jour,En agglomération,Hors intersection,Normale,Autre collision,,,,,,,,,,,1,2,1,1,6
200500014300,0005-03-27 08:50:00,5,3,27,8,50,130,102.0,DUNANT  AVENUE HENRI,,,Plein jour,En agglomération,Intersection en T,Pluie légère,Deux véhicules - côté,,,,,,,,,,,1,2,3,2,3
200500014301,0005-03-28 07:50:00,5,3,28,7,50,130,102.0,ABBADIE  BLD,,,Plein jour,En agglomération,Giratoire,Normale,Autre collision,,,,,,,,,,,1,2,6,1,6
200500014302,0005-03-01 06:45:00,5,3,1,6,45,130,55.0,"sans, ANSALDI (RUE ALEXA",,,Crépuscule ou aube,En agglomération,Hors intersection,Normale,Autre collision,,,,,,,,,,,2,2,1,1,6
200500014303,0005-03-01 19:05:00,5,3,1,19,5,130,55.0,NOTRE DAME (CHEMIN),,,Nuit avec éclairage allumé,En agglomération,Hors intersection,Normale,Deux véhicules - frontale,,,,,,,,,,,5,2,1,1,1
200500014304,0005-03-02 19:30:00,5,3,2,19,30,130,55.0,CHAVE (AVENUE),,,Nuit avec éclairage allumé,En agglomération,Intersection en X,Pluie légère,Deux véhicules - côté,,,,,,,,,,,5,2,2,2,3
200500014305,0005-03-01 10:45:00,5,3,1,10,45,130,55.0,SAINT MENET (AV),,,Plein jour,En agglomération,Hors intersection,Normale,Deux véhicules - arrière,,,,,,,,,,,1,2,1,1,2
200500014306,0005-03-01 08:30:00,5,3,1,8,30,130,55.0,"06, MONTAIGNE (RUE)",,,Plein jour,En agglomération,Intersection en T,Normale,Deux véhicules - côté,,,,,,,,,,,1,2,3,1,3
200500014307,0005-03-02 13:15:00,5,3,2,13,15,130,55.0,"52, JEAN MOULIN (BD)",,,Plein jour,En agglomération,Hors intersection,Normale,Trois véhicules et plus - en chaîne,,,,,,,,,,,1,2,1,1,4
200500014308,0005-03-05 06:15:00,5,3,5,6,15,130,55.0,GARIBALDI (BD),,,Nuit avec éclairage allumé,En agglomération,Intersection en X,Normale,Deux véhicules - côté,,,,,,,,,,,5,2,2,1,3
200500014309,0005-03-05 09:30:00,5,3,5,9,30,130,55.0,"59, VILLECROZE LOUIS (BD",,,Plein jour,En agglomération,Hors intersection,Normale,Autre collision,,,,,,,,,,,1,2,1,1,6
200500014310,0005-03-04 16:15:00,5,3,4,16,15,130,55.0,JOSEPH AIGUIER (CHEMIN),,,Plein jour,En agglomération,Intersection en T,Normale,Deux véhicules - frontale,,,,,,,,,,,1,2,3,1,1
200500014311,0005-03-07 19:00:00,5,3,7,19,0,130,55.0,ORANGE (RUE D'),,,Nuit avec éclairage non allumé,En agglomération,Intersection à plus de 4 branches,Normale,Deux véhicules - frontale,,,,,,,,,,,4,2,5,1,1
200500014312,0005-03-02 18:45:00,5,3,2,18,45,130,2.0,ANEMONES (CHEMIN DES),,,Nuit avec éclairage allumé,En agglomération,Intersection en T,Pluie légère,Deux véhicules - côté,,,,,,,,,,,5,2,3,2,3
200500014313,0005-03-02 11:10:00,5,3,2,11,10,130,2.0,AUBAGNIENS (CHEMIN DES),,,Plein jour,En agglomération,Autre intersection,Normale,Autre collision,,,,,,,,,,,1,2,9,1,6
200500014314,0005-03-04 12:50:00,5,3,4,12,50,130,55.0,"5, FORGES (RUE DES)",,,Plein jour,En agglomération,Hors intersection,Normale,Autre collision,,,,,,,,,,,1,2,1,1,6
200500014315,0005-03-01 09:55:00,5,3,1,9,55,130,55.0,"123, DOIZE (RUE)",,,Plein jour,En agglomération,Hors intersection,Normale,Deux véhicules - arrière,,,,,,,,,,,1,2,1,1,2
200500014316,0005-03-06 14:00:00,5,3,6,14,0,130,55.0,BARTHELEMY (IMPASSE),,,Plein jour,En agglomération,Hors intersection,Normale,Autre collision,,,,,,,,,,,1,2,1,1,6
200500014317,0005-03-08 09:30:00,5,3,8,9,30,130,55.0,FORBIN (RUE DE),,,Plein jour,En agglomération,Hors intersection,Normale,Deux véhicules - arrière,,,,,,,,,,,1,2,1,1,2
200500014318,0005-03-02 19:40:00,5,3,2,19,40,130,55.0,ANATOLE DE LA FORGE (BD),,,Nuit sans éclairage public,En agglomération,Intersection en T,Pluie légère,Deux véhicules - côté,,,,,,,,,,,3,2,3,2,3
200500014319,0005-03-03 22:20:00,5,3,3,22,20,130,55.0,", BOSPHORE (BD DU)",,,Nuit avec éclairage allumé,En agglomération,Hors intersection,Normale,Deux véhicules - côté,,,,,,,,,,,5,2,1,1,3
200500014320,0005-03-05 00:40:00,5,3,5,0,40,130,55.0,LONGCHAMP (BD),,,Nuit avec éclairage allumé,En agglomération,Hors intersection,Normale,Autre collision,,,,,,,,,,,5,2,1,1,6
200500014321,0005-03-02 19:00:00,5,3,2,19,0,130,55.0,"171, MICHELET (BD)",,,Nuit sans éclairage public,En agglomération,Hors intersection,Pluie légère,Trois véhicules et plus - en chaîne,,,,,,,,,,,3,2,1,2,4
200500014322,0005-03-09 13:30:00,5,3,9,13,30,130,55.0,CHARTREUSE (RUE),,,Plein jour,En agglomération,Hors intersection,Normale,Deux véhicules - arrière,,,,,,,,,,,1,2,1,1,2
200500014323,0005-03-06 03:05:00,5,3,6,3,5,130,75.0,"22, CHEVILLON (AV FREDER",,,Nuit avec éclairage allumé,En agglomération,Hors intersection,Normale,Deux véhicules - frontale,,,,,,,,,,,5,2,1,1,1
200500014324,0005-03-04 08:00:00,5,3,4,8,0,130,55.0,ROSIERS (TRAVERSE DES),,,Plein jour,En agglomération,Hors intersection,Normale,Autre collision,,,,,,,,,,,1,2,1,1,6
200500014325,0005-03-02 17:40:00,5,3,2,17,40,130,55.0,QUEILLAU (BD JEAN),,,Plein jour,En agglomération,Autre intersection,Pluie légère,Deux véhicules - côté,,,,,,,,,,,1,2,9,2,3
200500014326,0005-03-07 11:15:00,5,3,7,11,15,130,55.0,AVIATEUR LEBRIX (RUE),,,Plein jour,En agglomération,Hors intersection,Normale,Deux véhicules - arrière,,,,,,,,,,,1,2,1,1,2
200500014327,0005-03-02 14:40:00,5,3,2,14,40,130,55.0,JEAN BALLARD (COURS),,,Plein jour,En agglomération,Hors intersection,Normale,Autre collision,,,,,,,,,,,1,2,1,1,6
200500014328,0005-03-03 13:40:00,5,3,3,13,40,130,55.0,SARTRE (AV JP),,,Plein jour,En agglomération,Intersection en T,Pluie légère,Deux véhicules - côté,,,,,,,,,,,1,2,3,2,3
200500014329,0005-03-03 09:45:00,5,3,3,9,45,130,55.0,SAINT JEAN (AVENUE),,,Plein jour,En agglomération,Hors intersection,Normale,Autre collision,,,,,,,,,,,1,2,1,1,6
200500014330,0005-03-06 05:45:00,5,3,6,5,45,130,55.0,RABATAU (BD),,,Nuit avec éclairage allumé,En agglomération,Hors intersection,Normale,Deux véhicules - arrière,,,,,,,,,,,5,2,1,1,2
200500014331,0005-03-13 01:45:00,5,3,13,1,45,130,55.0,"33, MARECHAL JUIN",,,Nuit avec éclairage allumé,En agglomération,Hors intersection,Normale,Autre collision,,,,,,,,,,,5,2,1,1,6
200500014332,0005-03-06 08:15:00,5,3,6,8,15,130,55.0,", DAMES (BD DES)",,,Plein jour,En agglomération,Autre intersection,Normale,Autre collision,,,,,,,,,,,1,2,9,1,6
200500014333,0005-03-07 13:40:00,5,3,7,13,40,130,55.0,PAIX (RUE DE LA),,,Plein jour,En agglomération,Intersection en X,Normale,Deux véhicules - côté,,,,,,,,,,,1,2,2,1,3
200500014334,0005-03-07 17:30:00,5,3,7,17,30,130,55.0,ANTOINE SARTORIO (ROND P,,,Plein jour,En agglomération,Hors intersection,Normale,Deux véhicules - côté,,,,,,,,,,,1,2,1,1,3
200500014335,0005-03-03 09:30:00,5,3,3,9,30,130,55.0,"01, ELZEAR ROUGIER (RUE)",,,Plein jour,En agglomération,Hors intersection,Normale,Deux véhicules - côté,,,,,,,,,,,1,2,1,1,3
200500014336,0005-03-03 16:30:00,5,3,3,16,30,130,2.0,", SALVATOR ALLENDE",,,Plein jour,En agglomération,Hors intersection,Pluie forte,Deux véhicules - arrière,,,,,,,,,,,1,2,1,3,2
200500014337,0005-03-12 21:55:00,5,3,12,21,55,130,55.0,CORDERIE (BD DE LA),,,Nuit avec éclairage allumé,En agglomération,Intersection en X,Normale,Deux véhicules - frontale,,,,,,,,,,,5,2,2,1,1
200500014338,0005-03-12 19:15:00,5,3,12,19,15,130,55.0,"38, VISTE (AV DE LA)",,,Plein jour,En agglomération,Hors intersection,Normale,Deux véhicules - arrière,,,,,,,,,,,1,2,1,1,2
200500014339,0005-03-14 18:15:00,5,3,14,18,15,130,55.0,HAMBOURG (AV DE),,,Plein jour,En agglomération,Giratoire,Normale,Deux véhicules - côté,,,,,,,,,,,1,2,6,1,3
200500014340,0005-03-09 11:50:00,5,3,9,11,50,130,55.0,VIDAL (BD),,,Plein jour,En agglomération,Hors intersection,Normale,Deux véhicules - frontale,,,,,,,,,,,1,2,1,1,1
200500014341,0005-03-08 16:50:00,5,3,8,16,50,130,55.0,BIANCO DESIRE (AVE),,,Plein jour,En agglomération,Intersection en Y,Normale,Trois véhicules et plus - en chaîne,,,,,,,,,,,1,2,4,1,4
200500014342,0005-03-11 17:25:00,5,3,11,17,25,130,55.0,", SAINTE MARGUERITE (BD",,,Plein jour,En agglomération,Hors intersection,Normale,Deux véhicules - côté,,,,,,,,,,,1,2,1,1,3
200500014343,0005-03-09 17:30:00,5,3,9,17,30,130,55.0,"55, ACIERIES (BD DES)",,,Plein jour,En agglomération,Hors intersection,Normale,Deux véhicules - frontale,,,,,,,,,,,1,2,1,1,1
200500014344,0005-03-03 17:10:00,5,3,3,17,10,130,55.0,"16, VITON (AVENUE)",,,Plein jour,En agglomération,Hors intersection,Pluie légère,Deux véhicules - côté,,,,,,,,,,,1,2,1,2,3
200500014345,0005-03-05 14:00:00,5,3,5,14,0,130,55.0,CANEBIERE (LA)     1 A 7,,,Plein jour,En agglomération,Hors intersection,Normale,Autre collision,,,,,,,,,,,1,2,1,1,6
200500014346,0005-03-03 22:15:00,5,3,3,22,15,130,55.0,"96, COROT (AVENUE)",,,Nuit avec éclairage allumé,En agglomération,Hors intersection,Pluie légère,Deux véhicules - côté,,,,,,,,,,,5,2,1,2,3
200500014347,0005-03-09 12:15:00,5,3,9,12,15,130,55.0,ALBERT COHEN (RUE),,,Plein jour,En agglomération,Intersection en X,Normale,Deux véhicules - arrière,,,,,,,,,,,1,2,2,1,2
200500014348,0005-03-10 13:15:00,5,3,10,13,15,130,55.0,LAZARET (QUAI DU),,,Plein jour,En agglomération,Hors intersection,Normale,Autre collision,,,,,,,,,,,1,2,1,1,6
200500014349,0005-03-09 17:45:00,5,3,9,17,45,130,55.0,DUPARC FRANCOISE (BD),,,Plein jour,En agglomération,Intersection en T,Normale,Deux véhicules - côté,,,,,,,,,,,1,2,3,1,3
200500014350,0005-03-08 17:30:00,5,3,8,17,30,130,55.0,TOUR SAINTE (AVENUE DE),,,Plein jour,En agglomération,Intersection en T,Normale,Deux véhicules - côté,,,,,,,,,,,1,2,3,1,3
200500014351,0005-03-16 11:40:00,5,3,16,11,40,130,55.0,MERLAN A LA ROSE (AV),,,Plein jour,En agglomération,Hors intersection,Normale,Autre collision,,,,,,,,,,,1,2,1,1,6
200500014352,0005-03-11 16:00:00,5,3,11,16,0,130,55.0,ARMEE D'AFR (CHEMIN),,,Plein jour,En agglomération,Hors intersection,Normale,Autre collision,,,,,,,,,,,1,2,1,1,6
200500014353,0005-03-11 20:25:00,5,3,11,20,25,130,55.0,GUSTAVE GANAY (AVENUE),,,Nuit avec éclairage allumé,En agglomération,Hors intersection,Normale,Deux véhicules - côté,,,,,,,,,,,5,2,1,1,3
200500014354,0005-03-09 14:15:00,5,3,9,14,15,130,55.0,"439, MIREILLE LAUZE (BD)",,,Plein jour,En agglomération,Intersection en T,Normale,Deux véhicules - côté,,,,,,,,,,,1,2,3,1,3
200500014355,0005-03-05 19:00:00,5,3,5,19,0,130,55.0,AUGUSTIN AUBERT (RUE),,,Nuit avec éclairage allumé,En agglomération,Intersection en X,Normale,Deux véhicules - côté,,,,,,,,,,,5,2,2,1,3
200500014356,0005-03-04 08:05:00,5,3,4,8,5,130,55.0,CASTELLANE (PLACE),,,Plein jour,En agglomération,Hors intersection,Normale,Deux véhicules - côté,,,,,,,,,,,1,2,1,1,3
200500014357,0005-03-09 17:15:00,5,3,9,17,15,130,55.0,"63, JEAN MOULIN (BD)",,,Plein jour,En agglomération,Hors intersection,Normale,Deux véhicules - arrière,,,,,,,,,,,1,2,1,1,2
200500014358,0005-03-14 12:30:00,5,3,14,12,30,130,55.0,DIABLE (TRAVERSE DU),,,Plein jour,En agglomération,Hors intersection,Normale,Deux véhicules - frontale,,,,,,,,,,,1,2,1,1,1
200500014359,0005-03-10 13:00:00,5,3,10,13,0,130,55.0,MIREILLE LAUZE (BD),,,Plein jour,En agglomération,Hors intersection,Normale,Autre collision,,,,,,,,,,,1,2,1,1,6
200500014360,0005-03-05 12:15:00,5,3,5,12,15,130,55.0,"27, JEAN MOULIN (BD)",,,Plein jour,En agglomération,Hors intersection,Normale,Trois véhicules et plus - en chaîne,,,,,,,,,,,1,2,1,1,4
200500014361,0005-03-17 16:30:00,5,3,17,16,30,130,55.0,", PEINTRES-ROUX (AV DES)",,,Plein jour,En agglomération,Hors intersection,Normale,Deux véhicules - arrière,,,,,,,,,,,1,2,1,1,2
200500014362,0005-03-04 03:20:00,5,3,4,3,20,130,55.0,RAMPE ST MA (RUE),,,Nuit avec éclairage allumé,Hors agglomération,Hors intersection,Normale,Autre collision,,,,,,,,,,,5,1,1,1,6
200500014363,0005-03-14 17:35:00,5,3,14,17,35,130,55.0,TASSIGNY  DE LATTRE DE (,,,Plein jour,En agglomération,Hors intersection,Normale,Deux véhicules - arrière,,,,,,,,,,,1,2,1,1,2
200500014364,0005-03-01 08:45:00,5,3,1,8,45,130,55.0,NORMANDIE NIEMEN (AVENUE,,,Plein jour,En agglomération,Hors intersection,Normale,Deux véhicules - arrière,,,,,,,,,,,1,2,1,1,2
200500014365,0005-03-09 07:30:00,5,3,9,7,30,130,55.0,"23, LAZARET (QUAI DU)",,,Crépuscule ou aube,En agglomération,Hors intersection,Normale,Autre collision,,,,,,,,,,,2,2,1,1,6
200500014366,0005-03-14 11:00:00,5,3,14,11,0,130,55.0,"46, EMMANUEL ALLARD (RUE",,,Plein jour,En agglomération,Intersection en T,Normale,Deux véhicules - côté,,,,,,,,,,,1,2,3,1,3
200500014367,0005-03-11 17:26:00,5,3,11,17,26,130,55.0,PARADIS (RUE),,,Plein jour,En agglomération,Intersection en X,Normale,Deux véhicules - frontale,,,,,,,,,,,1,2,2,1,1
200500014368,0005-03-09 17:10:00,5,3,9,17,10,130,55.0,ROMAIN ROLLAND (BD),,,Plein jour,En agglomération,Hors intersection,Normale,Deux véhicules - arrière,,,,,,,,,,,1,2,1,1,2
200500014369,0005-03-14 08:50:00,5,3,14,8,50,130,55.0,"72, SAINT MARCEL (AV DE)",,,Plein jour,En agglomération,Hors intersection,Normale,Deux véhicules - côté,,,,,,,,,,,1,2,1,1,3
200500014370,0005-03-15 15:40:00,5,3,15,15,40,130,55.0,"59, PARETTE (PLACE DE LA",,,Plein jour,En agglomération,Hors intersection,Normale,Deux véhicules - arrière,,,,,,,,,,,1,2,1,1,2
200500014371,0005-03-03 10:15:00,5,3,3,10,15,130,55.0,SAINT ANTOI (AVENUE DE),,,Plein jour,En agglomération,Hors intersection,Normale,Deux véhicules - frontale,,,,,,,,,,,1,2,1,1,1
200500014372,0005-03-15 09:55:00,5,3,15,9,55,130,55.0,"FACE N°27, BERTHELOT (RU",,,Plein jour,En agglomération,Hors intersection,Normale,Autre collision,,,,,,,,,,,1,2,1,1,6
200500014373,0005-03-20 20:00:00,5,3,20,20,0,130,55.0,"97, ROGER BRUN (RUE)",,,Nuit avec éclairage allumé,En agglomération,Hors intersection,Normale,Autre collision,,,,,,,,,,,5,2,1,1,6