accident_id,datetime,annee,mois,jour,heure,minute,departement,commune_insee,adresse,latitude,longitude,luminosite,agglomeration,intersection,meteo,collision,nb_vehicules,nb_usagers,nb_indemnes,nb_tues,nb_blesses_hosp,nb_blesses_legers,age_cond_1,age_cond_2,veh_type_cond_1,veh_type_cond_2,lum_code,agg_code,int_code,atm_code,col_code
200500014635,0005-03-31 17:32:00,5,3,31,17,32,170,300.0,"0, CHAUDRIER   RUE",,,Plein jour,En agglomération,Intersection en X,Normale,Deux véhicules - côté,,,,,,,,,,,1,2,2,1,3
200500014636,0005-03-06 04:50:00,5,3,6,4,50,170,300.0,"98, GUITON   AVENUE JEAN",,,Nuit avec éclairage allumé,En agglomération,Hors intersection,Normale,Autre collision,,,,,,,,,,,5,2,1,1,6
200500014637,0005-03-22 17:35:00,5,3,22,17,35,170,300.0,114 PK RN137 ROCHEFORT J,,,Plein jour,En agglomération,Hors intersection,Normale,Trois véhicules et plus - en chaîne,,,,,,,,,,,1,2,1,1,4
200500014638,0005-03-10 14:45:00,5,3,10,14,45,170,300.0,"20, SAUVAGERE   RUE DE L",,,Plein jour,En agglomération,Intersection en X,Normale,Deux véhicules - frontale,,,,,,,,,,,1,2,2,1,1
200500014639,0005-03-03 12:22:00,5,3,3,12,22,170,306.0,PUISADE,,,Plein jour,En agglomération,Hors intersection,Normale,Sans collision,,,,,,,,,,,1,2,1,1,7
200500014640,0005-03-13 22:33:00,5,3,13,22,33,170,306.0,"0, CLEMENCEAU  GEORGES (",,,Nuit avec éclairage allumé,En agglomération,Intersection en X,Normale,Deux véhicules - arrière,,,,,,,,,,,5,2,2,1,2
200500014641,0005-03-24 09:58:00,5,3,24,9,58,170,306.0,"0, EXPRESS (VOIE)",,,Plein jour,En agglomération,Hors intersection,Normale,Deux véhicules - frontale,,,,,,,,,,,1,2,1,1,1
200500014642,0005-03-26 23:50:00,5,3,26,23,50,170,306.0,"0, FRONT DE MER (PROMENA",,,Nuit avec éclairage allumé,En agglomération,Hors intersection,Normale,Sans collision,,,,,,,,,,,5,2,1,1,7
200500014643,0005-03-30 15:55:00,5,3,30,15,55,170,306.0,"0, VALLIERES (AVENUE)",,,Crépuscule ou aube,En agglomération,Intersection en X,Normale,Deux véhicules - côté,,,,,,,,,,,2,2,2,1,3
200500014644,0005-03-01 20:55:00,5,3,1,20,55,170,415.0,ALLENDE AVENUE DU PRESID,,,Nuit avec éclairage allumé,En agglomération,Hors intersection,Normale,Deux véhicules - côté,,,,,,,,,,,5,2,1,1,3
200500014645,0005-03-02 16:45:00,5,3,2,16,45,170,415.0,ROCHES QUAI DES,,,Plein jour,En agglomération,Hors intersection,Normale,Deux véhicules - arrière,,,,,,,,,,,1,2,1,1,2
200500014646,0005-03-05 15:50:00,5,3,5,15,50,170,415.0,LECLERC COURS DU MARECHA,,,Plein jour,En agglomération,Hors intersection,Normale,Deux véhicules - côté,,,,,,,,,,,1,2,1,1,3
200500014647,0005-03-11 17:00:00,5,3,11,17,0,170,415.0,SAINTONGE PONT A RUE GAU,,,Plein jour,En agglomération,Giratoire,Normale,Autre collision,,,,,,,,,,,1,2,6,1,6
200500014648,0005-03-15 17:30:00,5,3,15,17,30,170,415.0,KENNEDY AVENUE JOHN FITZ,,,Plein jour,En agglomération,Hors intersection,Temps éblouissant,Deux véhicules - arrière,,,,,,,,,,,1,2,1,7,2
200500014649,0005-03-18 10:15:00,5,3,18,10,15,170,415.0,CHERMIGNAC RUE DE,,,Plein jour,En agglomération,Hors intersection,Normale,Autre collision,,,,,,,,,,,1,2,1,1,6
200500014650,0005-03-19 16:20:00,5,3,19,16,20,170,415.0,ROUTE NATIONALE 141,,,Plein jour,En agglomération,Hors intersection,Normale,Deux véhicules - arrière,,,,,,,,,,,1,2,1,1,2
200500014651,0005-03-23 16:25:00,5,3,23,16,25,170,415.0,NATIONAL 1 A 67 ET 2 A 4,,,Plein jour,En agglomération,Hors intersection,Normale,Deux véhicules - frontale,,,,,,,,,,,1,2,1,1,1
200500014652,0005-03-23 17:30:00,5,3,23,17,30,170,415.0,LECLERC COURS DU MARECHA,,,Plein jour,En agglomération,Hors intersection,Normale,Deux véhicules - côté,,,,,,,,,,,1,2,1,1,3
200500014653,0005-03-26 18:10:00,5,3,26,18,10,170,415.0,COTE DE BEAUTE RUE DE LA,,,Plein jour,En agglomération,Intersection en T,Normale,Deux véhicules - côté,,,,,,,,,,,1,2,3,1,3
200500014654,0005-03-01 08:10:00,5,3,1,8,10,180,33.0,CHARITE (ROUTE DE LA),,,Plein jour,En agglomération,Hors intersection,Normale,Deux véhicules - frontale,,,,,,,,,,,1,2,1,1,1
200500014655,0005-03-08 14:00:00,5,3,8,14,0,180,33.0,AUDOUX (RUE MARGUERITE ),,,Plein jour,En agglomération,Hors intersection,Temps couvert,Autre collision,,,,,,,,,,,1,2,1,8,6
200500014656,0005-03-10 10:00:00,5,3,10,10,0,180,267.0,"0, SAINTE-SOLANGE (ROUTE",,,Plein jour,En agglomération,Hors intersection,Normale,Deux véhicules - côté,,,,,,,,,,,1,2,1,1,3
200500014657,0005-03-11 12:25:00,5,3,11,12,25,180,33.0,"80, INDUSTRIE (BOULEVARD",,,Plein jour,En agglomération,Hors intersection,Normale,Trois véhicules et plus - en chaîne,,,,,,,,,,,1,2,1,1,4
200500014658,0005-03-17 17:40:00,5,3,17,17,40,180,33.0,VERLAINE (RUE PAUL),,,Plein jour,En agglomération,Intersection en X,Normale,Autre collision,,,,,,,,,,,1,2,2,1,6
200500014659,0005-03-18 16:50:00,5,3,18,16,50,180,267.0,"0, BOULLE (RUE ANDRE-CHA",,,Plein jour,En agglomération,Intersection en T,Normale,Deux véhicules - côté,,,,,,,,,,,1,2,3,1,3
200500014660,0005-03-19 21:20:00,5,3,19,21,20,180,33.0,"0, NEVERS (AVENUE DE)",,,Nuit sans éclairage public,En agglomération,Hors intersection,Normale,Sans collision,,,,,,,,,,,3,2,1,1,7
200500014661,0005-03-20 14:45:00,5,3,20,14,45,180,50.0,"0, CHAPPE (RUE DE LA)",,,Plein jour,En agglomération,Intersection en X,Normale,Deux véhicules - côté,,,,,,,,,,,1,2,2,1,3
200500014662,0005-03-24 20:20:00,5,3,24,20,20,180,33.0,CHARITE (ROUTE DE LA),,,Nuit avec éclairage allumé,En agglomération,Intersection en T,Temps couvert,Deux véhicules - côté,,,,,,,,,,,5,2,3,8,3
200500014663,0005-03-04 08:20:00,5,3,4,8,20,180,279.0,HUIT MAI 1945 (RUE DU (J,,,Plein jour,En agglomération,Hors intersection,Neige / grêle,Deux véhicules - arrière,,,,,,,,,,,1,2,1,4,2
200500014664,0005-03-06 11:30:00,5,3,6,11,30,180,279.0,"52, MERIGOT (RUE LEO )",,,Plein jour,En agglomération,Hors intersection,Normale,Trois véhicules et plus - collisions multiples,,,,,,,,,,,1,2,1,1,5
200500014665,0005-03-25 07:45:00,5,3,25,7,45,180,279.0,BRINAY (ROUTE DE),,,Plein jour,En agglomération,Intersection en T,Normale,Deux véhicules - côté,,,,,,,,,,,1,2,3,1,3
200500014666,0005-03-30 11:10:00,5,3,30,11,10,180,279.0,SEMARD ( RUE PIERRE ),,,Plein jour,En agglomération,Hors intersection,Normale,Deux véhicules - arrière,,,,,,,,,,,1,2,1,1,2
200500014667,0005-03-31 18:15:00,5,3,31,18,15,180,279.0,CD 926,,,Plein jour,En agglomération,Intersection en X,Normale,Deux véhicules - côté,,,,,,,,,,,1,2,2,1,3
200500014668,0005-03-01 12:20:00,5,3,1,12,20,190,31.0,"0, VOLTAIRE (BOULEVARD)",,,Plein jour,En agglomération,Hors intersection,Normale,Deux véhicules - côté,,,,,,,,,,,1,2,1,1,3
200500014669,0005-03-02 10:55:00,5,3,2,10,55,190,31.0,KOENIG (BOULEVARD GENERA,,,Plein jour,En agglomération,Intersection en X,Normale,Autre collision,,,,,,,,,,,1,2,2,1,6
200500014670,0005-03-02 17:10:00,5,3,2,17,10,190,31.0,MOULIN (BOULEVARD JEAN),,,Plein jour,En agglomération,Intersection en T,Normale,Trois véhicules et plus - collisions multiples,,,,,,,,,,,1,2,3,1,5
200500014671,0005-03-02 19:20:00,5,3,2,19,20,190,31.0,"0, DE JOUVENEL (BOULEVAR",,,Crépuscule ou aube,En agglomération,Hors intersection,Normale,Deux véhicules - côté,,,,,,,,,,,2,2,1,1,3
200500014672,0005-03-03 17:00:00,5,3,3,17,0,190,31.0,"51, ZOLA (AVENUE EMILE)",,,Plein jour,En agglomération,Hors intersection,Neige / grêle,Deux véhicules - côté,,,,,,,,,,,1,2,1,4,3
200500014673,0005-03-05 03:55:00,5,3,5,3,55,190,31.0,"160, EMERY (AVENUE ANDRE",,,Nuit avec éclairage allumé,En agglomération,Hors intersection,Neige / grêle,Autre collision,,,,,,,,,,,5,2,1,4,6
200500014674,0005-03-05 12:05:00,5,3,5,12,5,190,31.0,"15, PASTEUR (AVENUE)",,,Plein jour,En agglomération,Hors intersection,Normale,Autre collision,,,,,,,,,,,1,2,1,1,6
200500014675,0005-03-05 15:25:00,5,3,5,15,25,190,31.0,"9, FLEMING (RUE ALEXANDE",,,Plein jour,En agglomération,Hors intersection,Normale,Autre collision,,,,,,,,,,,1,2,1,1,6
200500014676,0005-03-07 12:05:00,5,3,7,12,5,190,31.0,DIX HUIT JUIN 1940 (AVEN,,,Plein jour,En agglomération,Hors intersection,Normale,Deux véhicules - arrière,,,,,,,,,,,1,2,1,1,2
200500014677,0005-03-08 13:25:00,5,3,8,13,25,190,31.0,"01, ROLLAND (RUE ROMAIN)",,,Plein jour,En agglomération,Hors intersection,Normale,Deux véhicules - arrière,,,,,,,,,,,1,2,1,1,2
200500014678,0005-03-10 12:15:00,5,3,10,12,15,190,31.0,"60 bis, POMPIDOU (AVENUE",,,Plein jour,En agglomération,Hors intersection,Normale,Deux véhicules - côté,,,,,,,,,,,1,2,1,1,3
200500014679,0005-03-12 08:35:00,5,3,12,8,35,190,31.0,ALSACE LORRAINE (AVENUE),,,Plein jour,En agglomération,Intersection en X,Normale,Autre collision,,,,,,,,,,,1,2,2,1,6
200500014680,0005-03-13 16:20:00,5,3,13,16,20,190,31.0,MASSENAT (RUE DU DOCTEUR,,,Plein jour,En agglomération,Intersection en X,Normale,Deux véhicules - arrière,,,,,,,,,,,1,2,2,1,2
200500014681,0005-03-14 11:50:00,5,3,14,11,50,190,31.0,RIBOT (AVENUE),,,Plein jour,En agglomération,Hors intersection,Normale,Deux véhicules - arrière,,,,,,,,,,,1,2,1,1,2
200500014682,0005-03-15 11:50:00,5,3,15,11,50,190,31.0,DUMYRAT (RUE),,,Plein jour,En agglomération,Intersection en X,Normale,Deux véhicules - côté,,,,,,,,,,,1,2,2,1,3
200500014683,0005-03-17 07:00:00,5,3,17,7,0,190,31.0,GERMAIN (BOULEVARD DU CO,,,Plein jour,En agglomération,Intersection en X,Normale,Deux véhicules - côté,,,,,,,,,,,1,2,2,1,3
200500014684,0005-03-18 16:40:00,5,3,18,16,40,190,31.0,ALSACE LORRAINE (AVENUE),,,Plein jour,En agglomération,Hors intersection,Normale,Deux véhicules - côté,,,,,,,,,,,1,2,1,1,3
200500014685,0005-03-18 17:50:00,5,3,18,17,50,190,31.0,"125, POMPIDOU (AVENUE GE",,,Plein jour,En agglomération,Hors intersection,Normale,Autre collision,,,,,,,,,,,1,2,1,1,6
200500014686,0005-03-18 21:00:00,5,3,18,21,0,190,31.0,CHAUMEIL (RUE PIERRE),,,Nuit avec éclairage allumé,En agglomération,Intersection en X,Normale,Deux véhicules - arrière,,,,,,,,,,,5,2,2,1,2
200500014687,0005-03-19 13:15:00,5,3,19,13,15,190,31.0,"65, POMPIDOU (AVENUE GEO",,,Plein jour,En agglomération,Hors intersection,Normale,Trois véhicules et plus - collisions multiples,,,,,,,,,,,1,2,1,1,5
200500014688,0005-03-22 07:50:00,5,3,22,7,50,190,31.0,QUEUILLE (AVENUE HENRI),,,Plein jour,En agglomération,Hors intersection,Pluie légère,Deux véhicules - arrière,,,,,,,,,,,1,2,1,2,2
200500014689,0005-03-24 08:15:00,5,3,24,8,15,190,31.0,BLUM (AVENUE LEON),,,Plein jour,En agglomération,Intersection en X,Pluie légère,Autre collision,,,,,,,,,,,1,2,2,2,6
200500014690,0005-03-26 08:25:00,5,3,26,8,25,190,31.0,SELVA (RUE BLANCHE),,,Plein jour,En agglomération,Hors intersection,Normale,Deux véhicules - côté,,,,,,,,,,,1,2,1,1,3
200500014691,0005-03-29 09:25:00,5,3,29,9,25,190,31.0,"50, ROYER (BOULEVARD GON",,,Plein jour,En agglomération,Hors intersection,Normale,Autre collision,,,,,,,,,,,1,2,1,1,6
200500014692,0005-03-30 13:45:00,5,3,30,13,45,190,31.0,BIAL (RUE DU COLONEL),,,Plein jour,En agglomération,Hors intersection,Normale,Autre collision,,,,,,,,,,,1,2,1,1,6
200500014693,0005-03-31 07:55:00,5,3,31,7,55,190,31.0,"15, COSNAC (RUE DANIEL D",,,Plein jour,En agglomération,Hors intersection,Normale,Deux véhicules - côté,,,,,,,,,,,1,2,1,1,3
200500014694,0005-03-31 12:10:00,5,3,31,12,10,190,31.0,NUNGESSER (RUE),,,Plein jour,En agglomération,Intersection en T,Normale,Deux véhicules - frontale,,,,,,,,,,,1,2,3,1,1
200500014695,0005-03-01 16:00:00,5,3,1,16,0,190,272.0,"20, MARTIAL BRIGOULEIX (",,,Plein jour,En agglomération,Hors intersection,Temps éblouissant,Autre collision,,,,,,,,,,,1,2,1,7,6
200500014696,0005-03-22 17:30:00,5,3,22,17,30,190,272.0,RD89,,,Plein jour,En agglomération,Hors intersection,Normale,Deux véhicules - frontale,,,,,,,,,,,1,2,1,1,1
200500014697,0005-03-26 17:20:00,5,3,26,17,20,190,275.0,"11, LACHAZE (RUE)",,,Plein jour,En agglomération,Hors intersection,Normale,Autre collision,,,,,,,,,,,1,2,1,1,6
200500014698,0005-03-01 10:30:00,5,3,1,10,30,210,54.0,"9, SAVIGNY (ROUTE DE)",,,Plein jour,En agglomération,Intersection en X,Normale,Deux véhicules - côté,,,,,,,,,,,1,2,2,1,3
200500014699,0005-03-01 18:15:00,5,3,1,18,15,210,54.0,EIFFEL (RUE GUSTAVE),,,Crépuscule ou aube,En agglomération,Intersection en X,Normale,Deux véhicules - côté,,,,,,,,,,,2,2,2,1,3
200500014700,0005-03-15 07:20:00,5,3,15,7,20,210,54.0,BOISSEAUX (AVENUE ANDRE),,,Plein jour,En agglomération,Giratoire,Normale,Deux véhicules - côté,,,,,,,,,,,1,2,6,1,3
200500014701,0005-03-01 19:30:00,5,3,1,19,30,210,231.0,"8, GAGNEREAUX (RUE)",,,Nuit avec éclairage allumé,En agglomération,Hors intersection,Normale,Autre collision,,,,,,,,,,,5,2,1,1,6
200500014702,0005-03-10 17:39:00,5,3,10,17,39,210,231.0,GEORGES POMPIDOU (VOIE),,,Plein jour,En agglomération,Hors intersection,Normale,Sans collision,,,,,,,,,,,1,2,1,1,7
200500014703,0005-03-11 12:12:00,5,3,11,12,12,210,231.0,VICTOR HUGO (AVENUE),,,Plein jour,En agglomération,Intersection en Y,Normale,Deux véhicules - côté,,,,,,,,,,,1,2,4,1,3
200500014704,0005-03-11 16:07:00,5,3,11,16,7,210,231.0,MULHOUSE (DE) (RUE),,,Plein jour,En agglomération,Intersection en X,Normale,Deux véhicules - côté,,,,,,,,,,,1,2,2,1,3
200500014705,0005-03-12 19:30:00,5,3,12,19,30,210,231.0,"105, LONGVIC (DE) (RUE)",,,Nuit avec éclairage allumé,En agglomération,Intersection en X,Pluie légère,Deux véhicules - côté,,,,,,,,,,,5,2,2,2,3
200500014706,0005-03-12 22:01:00,5,3,12,22,1,210,231.0,"14, OUEST (DE L') (BOULE",,,Nuit avec éclairage allumé,En agglomération,Hors intersection,Normale,Autre collision,,,,,,,,,,,5,2,1,1,6
200500014707,0005-03-14 12:30:00,5,3,14,12,30,210,231.0,"20, GRAY (DE) (RUE)",,,Plein jour,En agglomération,Intersection en X,Normale,Deux véhicules - arrière,,,,,,,,,,,1,2,2,1,2
200500014708,0005-03-14 20:30:00,5,3,14,20,30,210,231.0,VALENDONS (DES) (RUE),,,Nuit avec éclairage allumé,En agglomération,Intersection en X,Normale,Deux véhicules - côté,,,,,,,,,,,5,2,2,1,3
200500014709,0005-03-14 17:50:00,5,3,14,17,50,210,355.0,"8, PRES FLEURIS (DES) (R",,,Plein jour,En agglomération,Hors intersection,Normale,Autre collision,,,,,,,,,,,1,2,1,1,6
200500014710,0005-03-16 07:55:00,5,3,16,7,55,210,231.0,"65, CHAMPOLLION (AVENUE)",,,Plein jour,En agglomération,Hors intersection,Normale,Autre collision,,,,,,,,,,,1,2,1,1,6
200500014711,0005-03-16 18:40:00,5,3,16,18,40,210,231.0,"12, NICOLAS ROLIN (QUAI)",,,Plein jour,En agglomération,Hors intersection,Normale,Deux véhicules - arrière,,,,,,,,,,,1,2,1,1,2
200500014712,0005-03-18 22:35:00,5,3,18,22,35,210,355.0,DIJON (DE) (ROUTE),,,Nuit avec éclairage allumé,En agglomération,Hors intersection,Normale,Deux véhicules - frontale,,,,,,,,,,,5,2,1,1,1
200500014713,0005-03-19 17:50:00,5,3,19,17,50,210,617.0,GENERAL CANZIO (AVENUE),,,Plein jour,En agglomération,Hors intersection,Normale,Deux véhicules - côté,,,,,,,,,,,1,2,1,1,3
200500014714,0005-03-22 17:33:00,5,3,22,17,33,210,231.0,MARCEL SEMBAT (RUE),,,Plein jour,En agglomération,Intersection en X,Normale,Deux véhicules - côté,,,,,,,,,,,1,2,2,1,3
200500014715,0005-03-22 11:59:00,5,3,22,11,59,210,231.0,"11, UNIVERSITE (DE L') (",,,Plein jour,En agglomération,Intersection en X,Pluie légère,Deux véhicules - côté,,,,,,,,,,,1,2,2,2,3
200500014716,0005-03-23 15:42:00,5,3,23,15,42,210,278.0,"43, HAUTEVILLE (D') (RUE",,,Plein jour,En agglomération,Intersection en Y,Normale,Sans collision,,,,,,,,,,,1,2,4,1,7
200500014717,0005-03-23 18:31:00,5,3,23,18,31,210,231.0,CLEMENCEAU (BOULEVARD),,,Plein jour,En agglomération,Hors intersection,Temps couvert,Deux véhicules - côté,,,,,,,,,,,1,2,1,8,3
200500014718,0005-03-25 08:30:00,5,3,25,8,30,210,231.0,CHEVREUL (RUE),,,Plein jour,En agglomération,Hors intersection,Normale,Trois véhicules et plus - en chaîne,,,,,,,,,,,1,2,1,1,4
200500014719,0005-03-25 11:40:00,5,3,25,11,40,210,231.0,"25, THIERS (BOULEVARD)",,,Plein jour,En agglomération,Hors intersection,Normale,Autre collision,,,,,,,,,,,1,2,1,1,6
200500014720,0005-03-26 11:27:00,5,3,26,11,27,210,231.0,"1, CHAMPOLLION (AVENUE)",,,Plein jour,En agglomération,Hors intersection,Normale,Autre collision,,,,,,,,,,,1,2,1,1,6
200500014721,0005-03-28 13:00:00,5,3,28,13,0,210,355.0,122 A (CD),,,Plein jour,En agglomération,Autre intersection,Temps couvert,Deux véhicules - côté,,,,,,,,,,,1,2,9,8,3
200500014722,0005-03-29 09:18:00,5,3,29,9,18,210,231.0,"25, BROSSES (DE) (BOULEV",,,Plein jour,En agglomération,Hors intersection,Normale,Autre collision,,,,,,,,,,,1,2,1,1,6
200500014723,0005-03-30 14:05:00,5,3,30,14,5,210,231.0,"5, CHICAGO (DE) (BOULEVA",,,Plein jour,En agglomération,Hors intersection,Normale,Deux véhicules - côté,,,,,,,,,,,1,2,1,1,3
200500014724,0005-03-30 18:22:00,5,3,30,18,22,210,231.0,"17, CHANCELIER DE L'HOSP",,,Plein jour,En agglomération,Hors intersection,Pluie légère,Autre collision,,,,,,,,,,,1,2,1,2,6
200500014725,0005-03-23 14:05:00,5,3,23,14,5,220,113.0,"2, FRERES LAGADEC (RUE D",,,Plein jour,En agglomération,Hors intersection,Normale,Deux véhicules - côté,,,,,,,,,,,1,2,1,1,3
200500014726,0005-03-21 16:00:00,5,3,21,16,0,220,113.0,ARMOR (BOULEVARD D'),,,Plein jour,En agglomération,Hors intersection,Normale,Deux véhicules - côté,,,,,,,,,,,1,2,1,1,3
200500014727,0005-03-04 18:50:00,5,3,4,18,50,220,278.0,"65, CHAPTAL",,,Plein jour,En agglomération,Hors intersection,Normale,Deux véhicules - arrière,,,,,,,,,,,1,2,1,1,2
200500014728,0005-03-11 15:00:00,5,3,11,15,0,220,278.0,"0, PROUST (MARCEL)",,,Plein jour,En agglomération,Autre intersection,Normale,Deux véhicules - côté,,,,,,,,,,,1,2,9,1,3
200500014729,0005-03-17 15:40:00,5,3,17,15,40,220,278.0,"23, HERAULT (BD)",,,Plein jour,En agglomération,Hors intersection,Normale,Deux véhicules - côté,,,,,,,,,,,1,2,1,1,3
200500014730,0005-03-19 20:00:00,5,3,19,20,0,220,278.0,"30, FERRY (JULES)",,,Crépuscule ou aube,En agglomération,Hors intersection,Normale,Autre collision,,,,,,,,,,,2,2,1,1,6
200500014731,0005-03-16 13:35:00,5,3,16,13,35,230,96.0,"37, CHER DU PRAT (ROUTE",,,Plein jour,En agglomération,Intersection en T,Normale,Deux véhicules - côté,,,,,,,,,,,1,2,3,1,3
200500014732,0005-03-23 01:15:00,5,3,23,1,15,240,37.0,"39, PAINLEVE ( AVENUE PA",,,Nuit avec éclairage allumé,En agglomération,Hors intersection,Normale,Autre collision,,,,,,,,,,,5,2,1,1,6
200500014733,0005-03-03 15:20:00,5,3,3,15,20,240,322.0,"34, PLUMANCY (PLACE)",,,Plein jour,En agglomération,Giratoire,Normale,Deux véhicules - côté,,,,,,,,,,,1,2,6,1,3
200500014734,0005-03-03 05:38:00,5,3,3,5,38,240,102.0,"152, RIBERAC (ROUTE DE)",,,Nuit avec éclairage allumé,En agglomération,Hors intersection,Pluie légère,Autre collision,,,,,,,,,,,5,2,1,2,6
200500014735,0005-03-07 08:51:00,5,3,7,8,51,240,322.0,"66, BARNALIER (RUE)",,,Plein jour,En agglomération,Intersection en X,Normale,Deux véhicules - frontale,,,,,,,,,,,1,2,2,1,1
200500014736,0005-03-07 21:36:00,5,3,7,21,36,240,322.0,"0, THIERS (RUE)",,,Nuit avec éclairage allumé,En agglomération,Intersection en T,Normale,Autre collision,,,,,,,,,,,5,2,3,1,6
200500014737,0005-03-15 22:55:00,5,3,15,22,55,240,557.0,GRANDOU (AVENUE MICHEL),,,Nuit avec éclairage allumé,En agglomération,Intersection en Y,Normale,Autre collision,,,,,,,,,,,5,2,4,1,6
200500014738,0005-03-16 09:54:00,5,3,16,9,54,240,322.0,BERGERAC (ROUTE DE),,,Nuit avec éclairage allumé,En agglomération,Hors intersection,Normale,Autre collision,,,,,,,,,,,5,2,1,1,6
200500014739,0005-03-01 08:16:00,5,3,1,8,16,250,56.0,"SANS, VESOUL RUE DE < 52",,,Plein jour,En agglomération,Hors intersection,Temps éblouissant,Deux véhicules - arrière,,,,,,,,,,,1,2,1,7,2
200500014740,0005-03-01 14:10:00,5,3,1,14,10,250,56.0,"31, FONTAINE-ARGENT AVEN",,,Plein jour,En agglomération,Hors intersection,Normale,Autre collision,,,,,,,,,,,1,2,1,1,6
200500014741,0005-03-02 08:20:00,5,3,2,8,20,250,56.0,"SANS, BRUAND RUE NICOLAS",,,Plein jour,En agglomération,Hors intersection,Normale,Deux véhicules - frontale,,,,,,,,,,,1,2,1,1,1
200500014742,0005-03-02 11:40:00,5,3,2,11,40,250,56.0,GLAIEUILS ALLEE DES,,,Plein jour,En agglomération,Hors intersection,Normale,Autre collision,,,,,,,,,,,1,2,1,1,6
200500014743,0005-03-05 18:36:00,5,3,5,18,36,250,56.0,CUSENIER AVENUE ELISEE,,,Plein jour,En agglomération,Hors intersection,Normale,Autre collision,,,,,,,,,,,1,2,1,1,6
200500014744,0005-03-08 18:01:00,5,3,8,18,1,250,56.0,"172, BELFORT RUE DE BELF",,,Crépuscule ou aube,En agglomération,Hors intersection,Temps couvert,Autre collision,,,,,,,,,,,2,2,1,8,6
200500014745,0005-03-12 19:45:00,5,3,12,19,45,250,56.0,"7, CRAS RUE DES",,,Nuit avec éclairage allumé,En agglomération,Hors intersection,Pluie légère,Deux véhicules - frontale,,,,,,,,,,,5,2,1,2,1
200500014746,0005-03-15 14:40:00,5,3,15,14,40,250,56.0,ALLENDE  BOULEVARD SALVA,,,Plein jour,En agglomération,Intersection en X,Normale,Deux véhicules - arrière,,,,,,,,,,,1,2,2,1,2
200500014747,0005-03-20 13:00:00,5,3,20,13,0,250,56.0,"2, ILE DE FRANCE AVENUE",,,Plein jour,En agglomération,Hors intersection,Normale,Autre collision,,,,,,,,,,,1,2,1,1,6
200500014748,0005-03-20 16:05:00,5,3,20,16,5,250,56.0,"09, BATAILLE RUE FREDERI",,,Plein jour,En agglomération,Hors intersection,Normale,Deux véhicules - côté,,,,,,,,,,,1,2,1,1,3
200500014749,0005-03-21 08:25:00,5,3,21,8,25,250,56.0,"6, CHAPRAIS VOIE CITE PA",,,Plein jour,En agglomération,Hors intersection,Normale,Autre collision,,,,,,,,,,,1,2,1,1,6
200500014750,0005-03-22 11:05:00,5,3,22,11,5,250,56.0,"1, JOUFFROY PLACE D'ABBA",,,Plein jour,En agglomération,Place,Normale,Deux véhicules - frontale,,,,,,,,,,,1,2,7,1,1
200500014751,0005-03-23 07:35:00,5,3,23,7,35,250,56.0,CHARIGNEY RUE DE > 25,,,Plein jour,En agglomération,Intersection en T,Pluie légère,Deux véhicules - frontale,,,,,,,,,,,1,2,3,2,1
200500014752,0005-03-25 08:15:00,5,3,25,8,15,250,56.0,"SANS, BELFORT RUE DE <14",,,Plein jour,En agglomération,Intersection en T,Normale,Sans collision,,,,,,,,,,,1,2,3,1,7
200500014753,0005-03-17 19:42:00,5,3,17,19,42,250,56.0,"16, COURTILS RUE DES",,,Nuit avec éclairage allumé,En agglomération,Hors intersection,Normale,Deux véhicules - côté,,,,,,,,,,,5,2,1,1,3
200500014754,0005-03-29 16:55:00,5,3,29,16,55,250,56.0,"208, DOLE RUE DE >200",,,Plein jour,En agglomération,Hors intersection,Normale,Deux véhicules - côté,,,,,,,,,,,1,2,1,1,3
200500014755,0005-03-30 16:55:00,5,3,30,16,55,250,56.0,"22, CASSOTTE  RUE DE LA",,,Plein jour,En agglomération,Hors intersection,Normale,Autre collision,,,,,,,,,,,1,2,1,1,6
200500014756,0005-03-30 13:20:00,5,3,30,13,20,250,56.0,"18, BERLIOZ RUE HECTOR",,,Plein jour,En agglomération,Hors intersection,Normale,Autre collision,,,,,,,,,,,1,2,1,1,6
200500014757,0005-03-01 12:05:00,5,3,1,12,5,250,580.0,BEAULIEU- RN 437 (ROUTE,,,Plein jour,En agglomération,Intersection en T,Normale,Deux véhicules - côté,,,,,,,,,,,1,2,3,1,3
200500014758,0005-03-04 13:00:00,5,3,4,13,0,250,388.0,"9, PESTY (RUE PAUL)",,,Plein jour,En agglomération,Hors intersection,Normale,Sans collision,,,,,,,,,,,1,2,1,1,7
200500014759,0005-03-04 15:45:00,5,3,4,15,45,250,212.0,"24, PONTARLIER (RUE DE)",,,Plein jour,En agglomération,Hors intersection,Normale,Trois véhicules et plus - en chaîne,,,,,,,,,,,1,2,1,1,4
200500014760,0005-03-11 08:35:00,5,3,11,8,35,250,614.0,SAVOUREUSE (RUE DE LA),,,Plein jour,En agglomération,Hors intersection,Normale,Deux véhicules - côté,,,,,,,,,,,1,2,1,1,3
200500014761,0005-03-14 10:00:00,5,3,14,10,0,250,388.0,GRAND -CHARMONT (ROUTE D,,,Plein jour,En agglomération,Intersection en X,Normale,Deux véhicules - côté,,,,,,,,,,,1,2,2,1,3
200500014762,0005-03-16 12:50:00,5,3,16,12,50,250,580.0,"47, OEHMICHEN (RUE)",,,Plein jour,En agglomération,Hors intersection,Temps éblouissant,Autre collision,,,,,,,,,,,1,2,1,7,6
200500014763,0005-03-18 16:50:00,5,3,18,16,50,250,580.0,"53, OEHMICHEN (RUE)",,,Plein jour,En agglomération,Hors intersection,Temps éblouissant,Sans collision,,,,,,,,,,,1,2,1,7,7