accident_id,datetime,annee,mois,jour,heure,minute,departement,commune_insee,adresse,latitude,longitude,luminosite,agglomeration,intersection,meteo,collision,nb_vehicules,nb_usagers,nb_indemnes,nb_tues,nb_blesses_hosp,nb_blesses_legers,age_cond_1,age_cond_2,veh_type_cond_1,veh_type_cond_2,lum_code,agg_code,int_code,atm_code,col_code
200500014764,0005-03-28 14:35:00,5,3,28,14,35,250,580.0,"43, GRANDE RUE",,,Plein jour,En agglomération,Intersection en T,Normale,Autre collision,,,,,,,,,,,1,2,3,1,6
200500014765,0005-03-30 20:30:00,5,3,30,20,30,250,31.0,VIETTE (RUE),,,Crépuscule ou aube,En agglomération,Hors intersection,Normale,Sans collision,,,,,,,,,,,2,2,1,1,7
200500014766,0005-03-04 17:45:00,5,3,4,17,45,250,462.0,"17, GARE (DE LA)",,,Plein jour,En agglomération,Autre intersection,Normale,Autre collision,,,,,,,,,,,1,2,9,1,6
200500014767,0005-03-04 08:35:00,5,3,4,8,35,260,198.0,ESPELUCHE (ROUTE D'),,,Plein jour,En agglomération,Hors intersection,Autre,Autre collision,,,,,,,,,,,1,2,1,9,6
200500014768,0005-03-16 07:20:00,5,3,16,7,20,260,198.0,"SANS NR, ISLES (CHEMIN D",,,Plein jour,En agglomération,Hors intersection,Brouillard / fumée,Deux véhicules - côté,,,,,,,,,,,1,2,1,5,3
200500014769,0005-03-15 07:15:00,5,3,15,7,15,260,198.0,"74, SAINT LAZARE (AVENUE",,,Crépuscule ou aube,En agglomération,Hors intersection,Normale,Deux véhicules - côté,,,,,,,,,,,2,2,1,1,3
200500014770,0005-03-24 17:25:00,5,3,24,17,25,260,198.0,TEIL (ROUTE DU),,,Plein jour,En agglomération,Intersection en T,Normale,Trois véhicules et plus - collisions multiples,,,,,,,,,,,1,2,3,1,5
200500014771,0005-03-07 11:20:00,5,3,7,11,20,260,281.0,POMPIDOU GEORGES (AVENUE,,,Plein jour,En agglomération,Hors intersection,Normale,Autre collision,,,,,,,,,,,1,2,1,1,6
200500014772,0005-03-09 14:40:00,5,3,9,14,40,260,57.0,ALPES PROVENCE (BOULEVAR,,,Plein jour,En agglomération,Intersection en X,Temps couvert,Autre collision,,,,,,,,,,,1,2,2,8,6
200500014773,0005-03-11 07:40:00,5,3,11,7,40,260,281.0,"ignoré, CARTIER JACQUES",,,Plein jour,En agglomération,Intersection en T,Normale,Deux véhicules - arrière,,,,,,,,,,,1,2,3,1,2
200500014774,0005-03-11 17:05:00,5,3,11,17,5,260,281.0,CHOPIN (QUAI),,,Plein jour,En agglomération,Hors intersection,Normale,Autre collision,,,,,,,,,,,1,2,1,1,6
200500014775,0005-03-12 13:10:00,5,3,12,13,10,260,281.0,ZOLA EMILE (AVENUE),,,Plein jour,En agglomération,Intersection en T,Normale,Autre collision,,,,,,,,,,,1,2,3,1,6
200500014776,0005-03-14 18:10:00,5,3,14,18,10,260,281.0,JAURES JEAN (PLACE),,,Plein jour,En agglomération,Hors intersection,Normale,Autre collision,,,,,,,,,,,1,2,1,1,6
200500014777,0005-03-15 08:10:00,5,3,15,8,10,260,57.0,VALLON ANTONIN (RUE),,,Plein jour,En agglomération,Intersection en T,Normale,Autre collision,,,,,,,,,,,1,2,3,1,6
200500014778,0005-03-06 14:55:00,5,3,6,14,55,260,58.0,RN 2007,,,Plein jour,En agglomération,Hors intersection,Neige / grêle,Sans collision,,,,,,,,,,,1,2,1,4,7
200500014779,0005-03-10 10:20:00,5,3,10,10,20,260,362.0,"sans n°, FAURE AVENUE  F",,,Plein jour,En agglomération,Hors intersection,Normale,Autre collision,,,,,,,,,,,1,2,1,1,6
200500014780,0005-03-14 09:15:00,5,3,14,9,15,260,362.0,"sans n°, CARNOT AVENUE S",,,Plein jour,En agglomération,Hors intersection,Normale,Autre collision,,,,,,,,,,,1,2,1,1,6
200500014781,0005-03-11 16:15:00,5,3,11,16,15,260,313.0,RN 532,,,Plein jour,En agglomération,Hors intersection,Normale,Sans collision,,,,,,,,,,,1,2,1,1,7
200500014782,0005-03-08 16:10:00,5,3,8,16,10,260,362.0,"105, CARNOT AVENUE SADI",,,Plein jour,En agglomération,Hors intersection,Normale,Autre collision,,,,,,,,,,,1,2,1,1,6
200500014783,0005-03-01 16:49:00,5,3,1,16,49,260,58.0,"sans n°, ILE ADAM RUE DE",,,Plein jour,En agglomération,Hors intersection,Normale,Autre collision,,,,,,,,,,,1,2,1,1,6
200500014784,0005-03-21 12:35:00,5,3,21,12,35,260,58.0,"sans n°, DE GAULLE BOULE",,,Plein jour,En agglomération,Hors intersection,Normale,Deux véhicules - arrière,,,,,,,,,,,1,2,1,1,2
200500014785,0005-03-22 18:40:00,5,3,22,18,40,260,362.0,"11, ALSACE BOULEVARD D'",,,Plein jour,En agglomération,Hors intersection,Normale,Autre collision,,,,,,,,,,,1,2,1,1,6
200500014786,0005-03-23 19:55:00,5,3,23,19,55,260,362.0,"sans n°, BERTHELOT ALLEE",,,Nuit avec éclairage allumé,En agglomération,Hors intersection,Normale,Deux véhicules - arrière,,,,,,,,,,,5,2,1,1,2
200500014787,0005-03-24 08:30:00,5,3,24,8,30,260,362.0,"11, ALSACE BOULEVARD D'",,,Plein jour,En agglomération,Hors intersection,Normale,Autre collision,,,,,,,,,,,1,2,1,1,6
200500014788,0005-03-30 10:30:00,5,3,30,10,30,260,362.0,"16, SANTY AVENUE DOCTEUR",,,Plein jour,En agglomération,Hors intersection,Normale,Sans collision,,,,,,,,,,,1,2,1,1,7
200500014789,0005-03-01 13:44:00,5,3,1,13,44,270,229.0,"8, BROSSOLETTE (RUE PIER",,,Plein jour,En agglomération,Intersection en T,Normale,Deux véhicules - arrière,,,,,,,,,,,1,2,3,1,2
200500014790,0005-03-06 14:35:00,5,3,6,14,35,270,229.0,"18, VAL ITON (RUE DU)",,,Plein jour,En agglomération,Hors intersection,Normale,Deux véhicules - arrière,,,,,,,,,,,1,2,1,1,2
200500014791,0005-03-14 15:21:00,5,3,14,15,21,270,229.0,"34, LEPOUZE (RUE)",,,Plein jour,En agglomération,Intersection en X,Normale,Autre collision,,,,,,,,,,,1,2,2,1,6
200500014792,0005-03-23 13:05:00,5,3,23,13,5,270,229.0,"4, SEMARD (RUE PIERRE)",,,Plein jour,En agglomération,Hors intersection,Normale,Deux véhicules - arrière,,,,,,,,,,,1,2,1,1,2
200500014793,0005-03-24 08:32:00,5,3,24,8,32,270,229.0,"16, LAVOISIER (RUE)",,,Plein jour,En agglomération,Hors intersection,Pluie légère,Trois véhicules et plus - en chaîne,,,,,,,,,,,1,2,1,2,4
200500014794,0005-03-24 10:58:00,5,3,24,10,58,270,229.0,"18, BOUIN (RUE JEAN)",,,Plein jour,En agglomération,Intersection en X,Normale,Deux véhicules - côté,,,,,,,,,,,1,2,2,1,3
200500014795,0005-03-31 17:39:00,5,3,31,17,39,270,229.0,", QUATORZE JUILLET (BOUL",,,Plein jour,En agglomération,Hors intersection,Normale,Autre collision,,,,,,,,,,,1,2,1,1,6
200500014796,0005-03-19 14:45:00,5,3,19,14,45,270,701.0,ANDELLE (CHAUSSEE D'),,,Nuit sans éclairage public,En agglomération,Hors intersection,Normale,Deux véhicules - côté,,,,,,,,,,,3,2,1,1,3
200500014797,0005-03-20 19:15:00,5,3,20,19,15,270,375.0,"0, THOREL (PLACE ERNEST)",,,Nuit avec éclairage allumé,En agglomération,Hors intersection,Normale,Deux véhicules - côté,,,,,,,,,,,5,2,1,1,3
200500014798,0005-03-21 14:00:00,5,3,21,14,0,270,701.0,RONDEAU (CHEMIN DU),,,Nuit avec éclairage non allumé,En agglomération,Hors intersection,Temps éblouissant,Deux véhicules - arrière,,,,,,,,,,,4,2,1,7,2
200500014799,0005-03-25 20:43:00,5,3,25,20,43,270,375.0,"0, BEAULIEU (RUE DE)",,,Nuit avec éclairage non allumé,En agglomération,Hors intersection,Pluie légère,Deux véhicules - côté,,,,,,,,,,,4,2,1,2,3
200500014800,0005-03-28 13:05:00,5,3,28,13,5,270,701.0,CLOUETS ( VOIE ),,,Plein jour,En agglomération,Hors intersection,Temps couvert,Deux véhicules - côté,,,,,,,,,,,1,2,1,8,3
200500014801,0005-03-19 15:45:00,5,3,19,15,45,270,375.0,"6, SAINT JEAN (RUE)",,,Plein jour,En agglomération,Hors intersection,Normale,Deux véhicules - arrière,,,,,,,,,,,1,2,1,1,2
200500014802,0005-03-02 09:00:00,5,3,2,9,0,270,588.0,HERMAND (RUE GEORGES),,,Plein jour,En agglomération,Giratoire,Neige / grêle,Autre collision,,,,,,,,,,,1,2,6,4,6
200500014803,0005-03-05 10:45:00,5,3,5,10,45,270,681.0,MAGNY (ROUTE DE),,,Plein jour,En agglomération,Hors intersection,Autre,Deux véhicules - frontale,,,,,,,,,,,1,2,1,9,1
200500014804,0005-03-09 08:00:00,5,3,9,8,0,270,681.0,IVRY (ROUTE D'),,,Plein jour,En agglomération,Hors intersection,Autre,Autre collision,,,,,,,,,,,1,2,1,9,6
200500014805,0005-03-11 02:00:00,5,3,11,2,0,270,681.0,CLEMENCEAU (PONT),,,Nuit avec éclairage allumé,En agglomération,Hors intersection,Normale,Autre collision,,,,,,,,,,,5,2,1,1,6
200500014806,0005-03-16 13:40:00,5,3,16,13,40,270,681.0,IVRY (ROUTE D'),,,Plein jour,En agglomération,Hors intersection,Normale,Autre collision,,,,,,,,,,,1,2,1,1,6
200500014807,0005-03-19 12:25:00,5,3,19,12,25,270,588.0,"1, SAULES (RUE DES)",,,Plein jour,En agglomération,Hors intersection,Pluie légère,Sans collision,,,,,,,,,,,1,2,1,2,7
200500014808,0005-03-19 09:35:00,5,3,19,9,35,270,681.0,MAGNY (ROUTE DE),,,Plein jour,En agglomération,Hors intersection,Pluie légère,Autre collision,,,,,,,,,,,1,2,1,2,6
200500014809,0005-03-23 08:15:00,5,3,23,8,15,270,681.0,AZEMIA (BOULEVARD GEORGE,,,Plein jour,En agglomération,Intersection en X,Normale,Autre collision,,,,,,,,,,,1,2,2,1,6
200500014810,0005-03-09 12:45:00,5,3,9,12,45,270,681.0,"1, JAURES (BOULEVARD JAU",,,Plein jour,En agglomération,Intersection en X,Normale,Autre collision,,,,,,,,,,,1,2,2,1,6
200500014811,0005-03-08 16:40:00,5,3,8,16,40,270,681.0,EVREUX (ROUTE D'),,,Plein jour,En agglomération,Hors intersection,Normale,Autre collision,,,,,,,,,,,1,2,1,1,6
200500014812,0005-03-04 18:55:00,5,3,4,18,55,280,85.0,"SANS, MENDES FRANCE (RUE",,,Nuit avec éclairage allumé,En agglomération,Hors intersection,Neige / grêle,Deux véhicules - côté,,,,,,,,,,,5,2,1,4,3
200500014813,0005-03-07 17:30:00,5,3,7,17,30,280,85.0,"SANS, BRAULT (RUE ALEXAN",,,Plein jour,En agglomération,Hors intersection,Temps couvert,Deux véhicules - côté,,,,,,,,,,,1,2,1,8,3
200500014814,0005-03-08 06:45:00,5,3,8,6,45,280,70.0,"SANS, SAINT PREST (RUE D",,,Crépuscule ou aube,En agglomération,Intersection en X,Normale,Deux véhicules - côté,,,,,,,,,,,2,2,2,1,3
200500014815,0005-03-08 12:05:00,5,3,8,12,5,280,85.0,"SANS, ROUTE D'ORLEANS",,,Plein jour,En agglomération,Hors intersection,Temps couvert,Trois véhicules et plus - collisions multiples,,,,,,,,,,,1,2,1,8,5
200500014816,0005-03-09 16:10:00,5,3,9,16,10,280,229.0,"SANS, RD 905",,,Plein jour,En agglomération,Hors intersection,Temps couvert,Deux véhicules - frontale,,,,,,,,,,,1,2,1,8,1
200500014817,0005-03-10 16:55:00,5,3,10,16,55,280,85.0,"SANS, SOURS (RUE DE)",,,Plein jour,En agglomération,Intersection en X,Temps couvert,Deux véhicules - côté,,,,,,,,,,,1,2,2,8,3
200500014818,0005-03-12 01:20:00,5,3,12,1,20,280,70.0,"SANS, SAINT PERE EN VALL",,,Nuit sans éclairage public,En agglomération,Hors intersection,Normale,Autre collision,,,,,,,,,,,3,2,1,1,6
200500014819,0005-03-14 12:27:00,5,3,14,12,27,280,218.0,"SANS, VIOLETTE (RUE MAUR",,,Plein jour,En agglomération,Intersection en X,Normale,Deux véhicules - côté,,,,,,,,,,,1,2,2,1,3
200500014820,0005-03-20 13:49:00,5,3,20,13,49,280,209.0,"SANS, RN 154",,,Plein jour,En agglomération,Hors intersection,Normale,Deux véhicules - côté,,,,,,,,,,,1,2,1,1,3
200500014821,0005-03-22 18:30:00,5,3,22,18,30,280,218.0,"119, REPUBLIQUE (AVENUE",,,Plein jour,En agglomération,Hors intersection,Normale,Deux véhicules - côté,,,,,,,,,,,1,2,1,1,3
200500014822,0005-03-02 17:50:00,5,3,2,17,50,280,404.0,BLAINVILLE (CHEMIN DE),,,Crépuscule ou aube,En agglomération,Hors intersection,Normale,Sans collision,,,,,,,,,,,2,2,1,1,7
200500014823,0005-03-04 16:25:00,5,3,4,16,25,280,134.0,TERRIER (BOULEVARD LOUIS,,,Plein jour,En agglomération,Intersection en T,Normale,Autre collision,,,,,,,,,,,1,2,3,1,6
200500014824,0005-03-07 20:30:00,5,3,7,20,30,280,134.0,LIVRAINDIERES (RUE DES),,,Nuit sans éclairage public,En agglomération,Hors intersection,Normale,Sans collision,,,,,,,,,,,3,2,1,1,7
200500014825,0005-03-08 19:00:00,5,3,8,19,0,280,134.0,ROCADE EST,,,Crépuscule ou aube,En agglomération,Hors intersection,Normale,Autre collision,,,,,,,,,,,2,2,1,1,6
200500014826,0005-03-10 22:45:00,5,3,10,22,45,280,134.0,LECLERC (AVENUE DU GENER,,,Nuit avec éclairage allumé,En agglomération,Hors intersection,Normale,Deux véhicules - frontale,,,,,,,,,,,5,2,1,1,1
200500014827,0005-03-21 07:45:00,5,3,21,7,45,280,404.0,JOUVET (RUE LOUIS),,,Crépuscule ou aube,En agglomération,Intersection en X,Normale,Deux véhicules - côté,,,,,,,,,,,2,2,2,1,3
200500014828,0005-03-28 12:30:00,5,3,28,12,30,280,134.0,MARCEAU (AVENUE DU GENER,,,Plein jour,En agglomération,Intersection en X,Normale,Deux véhicules - côté,,,,,,,,,,,1,2,2,1,3
200500014829,0005-03-29 12:40:00,5,3,29,12,40,280,134.0,FENOTS (AVENUE DES),,,Plein jour,En agglomération,Giratoire,Normale,Deux véhicules - arrière,,,,,,,,,,,1,2,6,1,2
200500014830,0005-03-02 16:30:00,5,3,2,16,30,290,19.0,"6, FOCH MARECHAL",,,Plein jour,En agglomération,Hors intersection,Normale,Autre collision,,,,,,,,,,,1,2,1,1,6
200500014831,0005-03-02 18:05:00,5,3,2,18,5,290,19.0,"4, CLAIRAUT ALEXIS",,,Plein jour,En agglomération,Hors intersection,Normale,Deux véhicules - côté,,,,,,,,,,,1,2,1,1,3
200500014832,0005-03-04 07:15:00,5,3,4,7,15,290,19.0,"., PROVENCE (AVENUE ET R",,,Plein jour,En agglomération,Hors intersection,Normale,Autre collision,,,,,,,,,,,1,2,1,1,6
200500014833,0005-03-04 17:00:00,5,3,4,17,0,290,19.0,"24, TARENTE",,,Plein jour,En agglomération,Hors intersection,Normale,Deux véhicules - arrière,,,,,,,,,,,1,2,1,1,2
200500014834,0005-03-11 10:50:00,5,3,11,10,50,290,19.0,"., CARCARADEC EMILE DE",,,Plein jour,En agglomération,Hors intersection,Normale,Sans collision,,,,,,,,,,,1,2,1,1,7
200500014835,0005-03-11 15:30:00,5,3,11,15,30,290,19.0,"193, DROGOU COMMANDANT (",,,Plein jour,En agglomération,Hors intersection,Normale,Autre collision,,,,,,,,,,,1,2,1,1,6
200500014836,0005-03-12 09:50:00,5,3,12,9,50,290,19.0,"., CLEMENCEAU GEORGES (D",,,Plein jour,En agglomération,Hors intersection,Normale,Deux véhicules - côté,,,,,,,,,,,1,2,1,1,3
200500014837,0005-03-13 15:55:00,5,3,13,15,55,290,19.0,"99, QUATRE POMPES (DE 1",,,Plein jour,En agglomération,Hors intersection,Normale,Sans collision,,,,,,,,,,,1,2,1,1,7
200500014838,0005-03-14 17:40:00,5,3,14,17,40,290,19.0,"., PONT CABIOCH (ROUTE D",,,Plein jour,En agglomération,Intersection en T,Normale,Trois véhicules et plus - en chaîne,,,,,,,,,,,1,2,3,1,4
200500014839,0005-03-16 05:00:00,5,3,16,5,0,290,19.0,"., MELVILLE HERMAN (ROND",,,Nuit avec éclairage allumé,En agglomération,Giratoire,Normale,Sans collision,,,,,,,,,,,5,2,6,1,7
200500014840,0005-03-18 15:00:00,5,3,18,15,0,290,19.0,"70, VERDUN (DE 1 A 51 ET",,,Plein jour,En agglomération,Hors intersection,Normale,Deux véhicules - arrière,,,,,,,,,,,1,2,1,1,2
200500014841,0005-03-19 01:40:00,5,3,19,1,40,290,19.0,"16, BRUAT (DE 1 A 23 ET",,,Nuit avec éclairage allumé,En agglomération,Intersection en X,Normale,Deux véhicules - côté,,,,,,,,,,,5,2,2,1,3
200500014842,0005-03-19 21:30:00,5,3,19,21,30,290,19.0,"., ALBERT 1ER",,,Nuit avec éclairage allumé,En agglomération,Hors intersection,Normale,Sans collision,,,,,,,,,,,5,2,1,1,7
200500014843,0005-03-19 14:25:00,5,3,19,14,25,290,19.0,"., ECOLE NAVALE  (DE 1 A",,,Plein jour,En agglomération,Intersection en X,Normale,Deux véhicules - côté,,,,,,,,,,,1,2,2,1,3
200500014844,0005-03-21 07:45:00,5,3,21,7,45,290,19.0,"61, QUIMPER (DE 1 A 103",,,Crépuscule ou aube,En agglomération,Hors intersection,Normale,Deux véhicules - côté,,,,,,,,,,,2,2,1,1,3
200500014845,0005-03-22 09:00:00,5,3,22,9,0,290,19.0,"167, FRANCE ANATOLE (DE",,,Plein jour,En agglomération,Intersection en T,Normale,Autre collision,,,,,,,,,,,1,2,3,1,6
200500014846,0005-03-25 11:00:00,5,3,25,11,0,290,19.0,NAPOLEON III (PLACE),,,Plein jour,En agglomération,Hors intersection,Normale,Deux véhicules - côté,,,,,,,,,,,1,2,1,1,3
200500014847,0005-03-27 22:41:00,5,3,27,22,41,290,19.0,"75, JAURES JEAN (DE 44 A",,,Nuit avec éclairage allumé,En agglomération,Intersection en T,Normale,Deux véhicules - arrière,,,,,,,,,,,5,2,3,1,2
200500014848,0005-03-28 17:30:00,5,3,28,17,30,290,19.0,"., EUROPE (DE 2 A 4)",,,Plein jour,En agglomération,Hors intersection,Normale,Deux véhicules - côté,,,,,,,,,,,1,2,1,1,3
200500014849,0005-03-31 15:30:00,5,3,31,15,30,290,19.0,"240, JAURES JEAN (DE 239",,,Plein jour,En agglomération,Hors intersection,Normale,Autre collision,,,,,,,,,,,1,2,1,1,6
200500014850,0005-03-13 20:05:00,5,3,13,20,5,290,39.0,RD 783,,,Nuit sans éclairage public,En agglomération,Autre intersection,Normale,Deux véhicules - côté,,,,,,,,,,,3,2,9,1,3
200500014851,0005-03-20 04:25:00,5,3,20,4,25,290,39.0,LANGOAT (CHEMIN DE),,,Nuit sans éclairage public,En agglomération,Hors intersection,Normale,Autre collision,,,,,,,,,,,3,2,1,1,6
200500014852,0005-03-21 20:40:00,5,3,21,20,40,290,151.0,CIRCONSCRIPTION,,,Crépuscule ou aube,Hors agglomération,Hors intersection,Normale,Deux véhicules - arrière,,,,,,,,,,,2,1,1,1,2
200500014853,0005-03-02 15:18:00,5,3,2,15,18,290,232.0,"56, ODET QUAI DE L'",,,Plein jour,En agglomération,Hors intersection,Normale,Autre collision,,,,,,,,,,,1,2,1,1,6
200500014854,0005-03-03 13:35:00,5,3,3,13,35,290,232.0,"35, JUSTICES CHEMIN DES",,,Plein jour,En agglomération,Hors intersection,Normale,Autre collision,,,,,,,,,,,1,2,1,1,6
200500014855,0005-03-05 01:25:00,5,3,5,1,25,290,232.0,"IGNORE, CORAY ROUTE DE",,,Nuit sans éclairage public,En agglomération,Hors intersection,Normale,Autre collision,,,,,,,,,,,3,2,1,1,6
200500014856,0005-03-12 19:55:00,5,3,12,19,55,300,7.0,GOUNOD (BOULEVARD CHARLE,,,Nuit avec éclairage allumé,En agglomération,Hors intersection,Normale,Deux véhicules - frontale,,,,,,,,,,,5,2,1,1,1
200500014857,0005-03-20 02:35:00,5,3,20,2,35,300,7.0,"., TRESPEAUX (CHEMIN DE)",,,Nuit avec éclairage allumé,En agglomération,Hors intersection,Brouillard / fumée,Autre collision,,,,,,,,,,,5,2,1,5,6
200500014858,0005-03-23 10:20:00,5,3,23,10,20,300,28.0,MAYRE (AVENUE DE LA),,,Plein jour,En agglomération,Hors intersection,Normale,Autre collision,,,,,,,,,,,1,2,1,1,6
200500014859,0005-03-23 12:30:00,5,3,23,12,30,300,28.0,ROUTE DE PONT SAINT ESPR,,,Plein jour,En agglomération,Hors intersection,Normale,Deux véhicules - arrière,,,,,,,,,,,1,2,1,1,2
200500014860,0005-03-28 16:10:00,5,3,28,16,10,300,28.0,COMPERE MOREL (ROND POIN,,,Plein jour,En agglomération,Hors intersection,Pluie légère,Deux véhicules - frontale,,,,,,,,,,,1,2,1,2,1
200500014861,0005-03-30 11:30:00,5,3,30,11,30,300,28.0,"345, FONTRESQUIERES (AVE",,,Plein jour,En agglomération,Hors intersection,Normale,Autre collision,,,,,,,,,,,1,2,1,1,6
200500014862,0005-03-25 20:35:00,5,3,25,20,35,300,32.0,"1, FARCIENNES (AV. DE)",,,Nuit sans éclairage public,En agglomération,Giratoire,Normale,Deux véhicules - frontale,,,,,,,,,,,3,2,6,1,1
200500014863,0005-03-27 06:40:00,5,3,27,6,40,300,32.0,"1, ROUTE DE FOURQUES",,,Crépuscule ou aube,En agglomération,Hors intersection,Brouillard / fumée,Autre collision,,,,,,,,,,,2,2,1,5,6
200500014864,0005-03-22 13:20:00,5,3,22,13,20,300,32.0,"1, FARCIENNES (AV. DE)",,,Plein jour,En agglomération,Hors intersection,Temps couvert,Autre collision,,,,,,,,,,,1,2,1,8,6
200500014865,0005-03-22 16:36:00,5,3,22,16,36,300,32.0,19 MARS 1962 (DU),,,Plein jour,En agglomération,Hors intersection,Temps couvert,Autre collision,,,,,,,,,,,1,2,1,8,6
200500014866,0005-03-29 09:30:00,5,3,29,9,30,300,32.0,"1, ROUTE DE FOURQUES",,,Plein jour,En agglomération,Intersection en T,Autre,Deux véhicules - côté,,,,,,,,,,,1,2,3,9,3
200500014867,0005-03-02 11:36:00,5,3,2,11,36,300,189.0,ALLENDE SALVADOR (RUE),,,Plein jour,En agglomération,Hors intersection,Normale,Deux véhicules - côté,,,,,,,,,,,1,2,1,1,3
200500014868,0005-03-04 09:40:00,5,3,4,9,40,300,189.0,"61bis, JAURES JEAN (BOUL",,,Plein jour,En agglomération,Hors intersection,Normale,Autre collision,,,,,,,,,,,1,2,1,1,6
200500014869,0005-03-07 16:50:00,5,3,7,16,50,300,189.0,"191, SCHUMAN ROBERT (RUE",,,Plein jour,En agglomération,Hors intersection,Normale,Autre collision,,,,,,,,,,,1,2,1,1,6
200500014870,0005-03-08 08:57:00,5,3,8,8,57,300,189.0,"., ROBERVAL GILLES (RUE",,,Plein jour,En agglomération,Hors intersection,Normale,Deux véhicules - frontale,,,,,,,,,,,1,2,1,1,1
200500014871,0005-03-08 11:23:00,5,3,8,11,23,300,189.0,FOREZ (RUE),,,Plein jour,En agglomération,Intersection en T,Normale,Trois véhicules et plus - collisions multiples,,,,,,,,,,,1,2,3,1,5
200500014872,0005-03-08 17:40:00,5,3,8,17,40,300,189.0,ALES (ROUTE),,,Plein jour,En agglomération,Hors intersection,Normale,Autre collision,,,,,,,,,,,1,2,1,1,6
200500014873,0005-03-03 14:05:00,5,3,3,14,5,300,189.0,HIPPODROME (CHEMIN),,,Plein jour,En agglomération,Hors intersection,Normale,Deux véhicules - côté,,,,,,,,,,,1,2,1,1,3
200500014874,0005-03-11 17:20:00,5,3,11,17,20,300,189.0,"10, VERDUN (RUE)",,,Plein jour,En agglomération,Hors intersection,Normale,Deux véhicules - côté,,,,,,,,,,,1,2,1,1,3
200500014875,0005-03-11 17:43:00,5,3,11,17,43,300,189.0,1ERE DIVISION FRANCAISE,,,Plein jour,En agglomération,Hors intersection,Normale,Deux véhicules - arrière,,,,,,,,,,,1,2,1,1,2
200500014876,0005-03-12 19:45:00,5,3,12,19,45,300,189.0,GARONS (RUE),,,Nuit sans éclairage public,En agglomération,Hors intersection,Normale,Sans collision,,,,,,,,,,,3,2,1,1,7
200500014877,0005-03-13 01:44:00,5,3,13,1,44,300,189.0,"., SAUVE (ROUTE)",,,Nuit avec éclairage allumé,En agglomération,Hors intersection,Normale,Sans collision,,,,,,,,,,,5,2,1,1,7
200500014878,0005-03-13 17:20:00,5,3,13,17,20,300,189.0,"-, DAYAN GEORGES (AVENUE",,,Plein jour,En agglomération,Hors intersection,Normale,Deux véhicules - arrière,,,,,,,,,,,1,2,1,1,2
200500014879,0005-03-16 23:07:00,5,3,16,23,7,300,189.0,FENELON (RUE),,,Nuit avec éclairage allumé,En agglomération,Intersection en X,Normale,Deux véhicules - côté,,,,,,,,,,,5,2,2,1,3
200500014880,0005-03-16 09:25:00,5,3,16,9,25,300,189.0,TALABOT (BOULEVARD),,,Plein jour,En agglomération,Hors intersection,Normale,Autre collision,,,,,,,,,,,1,2,1,1,6
200500014881,0005-03-17 07:42:00,5,3,17,7,42,300,189.0,"., SAUVE (ROUTE)",,,Plein jour,En agglomération,Hors intersection,Normale,Deux véhicules - arrière,,,,,,,,,,,1,2,1,1,2
200500014882,0005-03-17 10:00:00,5,3,17,10,0,300,189.0,"., PRAGUE (BOULEVARD)",,,Plein jour,En agglomération,Hors intersection,Normale,Autre collision,,,,,,,,,,,1,2,1,1,6
200500014883,0005-03-18 14:38:00,5,3,18,14,38,300,189.0,PRAGUE (BOULEVARD),,,Plein jour,En agglomération,Hors intersection,Normale,Autre collision,,,,,,,,,,,1,2,1,1,6
200500014884,0005-03-21 11:45:00,5,3,21,11,45,300,189.0,"-, FRANCAIS LIBRES (BD)",,,Plein jour,En agglomération,Intersection en X,Normale,Deux véhicules - côté,,,,,,,,,,,1,2,2,1,3
200500014885,0005-03-21 15:08:00,5,3,21,15,8,300,189.0,BOISSY D ANGLAS (ALLEE),,,Plein jour,En agglomération,Hors intersection,Normale,Deux véhicules - arrière,,,,,,,,,,,1,2,1,1,2
200500014886,0005-03-22 07:15:00,5,3,22,7,15,300,189.0,"., ALES (ROUTE)",,,Plein jour,En agglomération,Hors intersection,Normale,Autre collision,,,,,,,,,,,1,2,1,1,6
200500014887,0005-03-23 19:20:00,5,3,23,19,20,300,189.0,ROBERT JEAN (PLACE),,,Nuit avec éclairage allumé,En agglomération,Intersection en T,Normale,Deux véhicules - côté,,,,,,,,,,,5,2,3,1,3
200500014888,0005-03-24 12:36:00,5,3,24,12,36,300,189.0,KENNEDY (AVENUE),,,Plein jour,En agglomération,Hors intersection,Pluie légère,Trois véhicules et plus - en chaîne,,,,,,,,,,,1,2,1,2,4
200500014889,0005-03-24 23:55:00,5,3,24,23,55,300,189.0,"-, MICHEL DEBRE (RUE)",,,Nuit avec éclairage allumé,En agglomération,Hors intersection,Normale,Autre collision,,,,,,,,,,,5,2,1,1,6
200500014890,0005-03-24 13:52:00,5,3,24,13,52,300,189.0,"., BEAUCAIRE (ROUTE)",,,Plein jour,En agglomération,Hors intersection,Pluie forte,Autre collision,,,,,,,,,,,1,2,1,3,6
200500014891,0005-03-26 14:15:00,5,3,26,14,15,300,189.0,UZES (ROUTE D'),,,Plein jour,En agglomération,Hors intersection,Pluie légère,Sans collision,,,,,,,,,,,1,2,1,2,7
200500014892,0005-03-26 18:06:00,5,3,26,18,6,300,189.0,"., KENNEDY (AVENUE)",,,Plein jour,En agglomération,Hors intersection,Normale,Trois véhicules et plus - en chaîne,,,,,,,,,,,1,2,1,1,4
200500014893,0005-03-27 00:15:00,5,3,27,0,15,300,189.0,"36, TRIAIRE SERGENT (BOU",,,Nuit avec éclairage allumé,En agglomération,Hors intersection,Normale,Autre collision,,,,,,,,,,,5,2,1,1,6
200500014894,0005-03-29 11:19:00,5,3,29,11,19,300,189.0,"., BOUVINE (AVENUE)",,,Plein jour,En agglomération,Hors intersection,Normale,Autre collision,,,,,,,,,,,1,2,1,1,6