accident_id,datetime,annee,mois,jour,heure,minute,departement,commune_insee,adresse,latitude,longitude,luminosite,agglomeration,intersection,meteo,collision,nb_vehicules,nb_usagers,nb_indemnes,nb_tues,nb_blesses_hosp,nb_blesses_legers,age_cond_1,age_cond_2,veh_type_cond_1,veh_type_cond_2,lum_code,agg_code,int_code,atm_code,col_code
200500014895,0005-03-26 14:50:00,5,3,26,14,50,300,189.0,ALES (ROUTE),,,Plein jour,En agglomération,Hors intersection,Pluie légère,Sans collision,,,,,,,,,,,1,2,1,2,7
200500014896,0005-03-25 15:30:00,5,3,25,15,30,300,189.0,"., MARESCHAL (RUE)",,,Plein jour,En agglomération,Hors intersection,Normale,Autre collision,,,,,,,,,,,1,2,1,1,6
200500014897,0005-03-29 20:35:00,5,3,29,20,35,300,189.0,"1412, COURBESSAC (ROUTE)",,,Nuit avec éclairage allumé,En agglomération,Hors intersection,Normale,Autre collision,,,,,,,,,,,5,2,1,1,6
200500014898,0005-03-31 16:00:00,5,3,31,16,0,300,189.0,"., BOEGNER PASTEUR MARC",,,Plein jour,En agglomération,Hors intersection,Normale,Autre collision,,,,,,,,,,,1,2,1,1,6
200500014899,0005-03-31 19:09:00,5,3,31,19,9,300,189.0,VOULAND (RUE),,,Plein jour,En agglomération,Intersection en X,Normale,Autre collision,,,,,,,,,,,1,2,2,1,6
200500014900,0005-03-23 22:00:00,5,3,23,22,0,300,11.0,ARAMON ROUTE D',,,Nuit sans éclairage public,En agglomération,Hors intersection,Normale,Sans collision,,,,,,,,,,,3,2,1,1,7
200500014901,0005-03-31 07:55:00,5,3,31,7,55,310,69.0,"5, DE GAULLE (AV DU GENE",,,Plein jour,En agglomération,Giratoire,Normale,Deux véhicules - côté,,,,,,,,,,,1,2,6,1,3
200500014902,0005-03-16 14:15:00,5,3,16,14,15,310,149.0,EUGENE MONTEL (BOULEVARD,,,Plein jour,En agglomération,Autre intersection,Normale,Autre collision,,,,,,,,,,,1,2,9,1,6
200500014903,0005-03-17 16:00:00,5,3,17,16,0,310,149.0,PIBRAC (BOULEVARD DE),,,Plein jour,En agglomération,Hors intersection,Normale,Sans collision,,,,,,,,,,,1,2,1,1,7
200500014904,0005-03-15 16:25:00,5,3,15,16,25,310,565.0,GAMBETTA (BOULEVARD),,,Plein jour,En agglomération,Intersection en T,Normale,Deux véhicules - côté,,,,,,,,,,,1,2,3,1,3
200500014905,0005-03-18 17:35:00,5,3,18,17,35,310,565.0,"19, GASCOGNE (ALLEE DE )",,,Plein jour,En agglomération,Place,Normale,Deux véhicules - côté,,,,,,,,,,,1,2,7,1,3
200500014906,0005-03-01 09:05:00,5,3,1,9,5,310,555.0,20 LESPINET  (PERIPH OUE,,,Plein jour,Hors agglomération,Hors intersection,Normale,Trois véhicules et plus - en chaîne,,,,,,,,,,,1,1,1,1,4
200500014907,0005-03-01 10:20:00,5,3,1,10,20,310,555.0,"8, SAINT MICHEL (GRANDE",,,Plein jour,En agglomération,Hors intersection,Normale,Autre collision,,,,,,,,,,,1,2,1,1,6
200500014908,0005-03-01 11:40:00,5,3,1,11,40,310,555.0,"275, GRANDE BRETAGNE (AV",,,Plein jour,En agglomération,Intersection en T,Normale,Deux véhicules - côté,,,,,,,,,,,1,2,3,1,3
200500014909,0005-03-01 13:58:00,5,3,1,13,58,310,555.0,"2, MICOUD (RUE JEAN) DU",,,Plein jour,En agglomération,Intersection en T,Normale,Deux véhicules - côté,,,,,,,,,,,1,2,3,1,3
200500014910,0005-03-01 18:35:00,5,3,1,18,35,310,555.0,20 LESPINET  (PERIPH OUE,,,Crépuscule ou aube,Hors agglomération,Hors intersection,Normale,Deux véhicules - arrière,,,,,,,,,,,2,1,1,1,2
200500014911,0005-03-01 20:45:00,5,3,1,20,45,310,555.0,"2, SEJOURNE (AV PAUL) DU",,,Nuit avec éclairage allumé,En agglomération,Hors intersection,Normale,Deux véhicules - côté,,,,,,,,,,,5,2,1,1,3
200500014912,0005-03-02 08:30:00,5,3,2,8,30,310,555.0,12 LES IZARDS (PERIPH ES,,,Plein jour,Hors agglomération,Hors intersection,Normale,Trois véhicules et plus - en chaîne,,,,,,,,,,,1,1,1,1,4
200500014913,0005-03-02 09:30:00,5,3,2,9,30,310,555.0,"300, SEYSSES (RTE DE) DU",,,Plein jour,En agglomération,Hors intersection,Normale,Deux véhicules - côté,,,,,,,,,,,1,2,1,1,3
200500014914,0005-03-02 11:50:00,5,3,2,11,50,310,555.0,"108, BLAGNAC (ROUTE DE)",,,Plein jour,En agglomération,Hors intersection,Normale,Autre collision,,,,,,,,,,,1,2,1,1,6
200500014915,0005-03-02 16:25:00,5,3,2,16,25,310,555.0,26 LA FAOURETTE  (PERIPH,,,Plein jour,En agglomération,Hors intersection,Normale,Deux véhicules - arrière,,,,,,,,,,,1,2,1,1,2
200500014916,0005-03-02 17:20:00,5,3,2,17,20,310,555.0,2 LA CRABE (A 624),,,Plein jour,En agglomération,Hors intersection,Normale,Trois véhicules et plus - en chaîne,,,,,,,,,,,1,2,1,1,4
200500014917,0005-03-02 21:07:00,5,3,2,21,7,310,555.0,"287, TUCAUT (CHE DE) DU",,,Nuit avec éclairage allumé,En agglomération,Hors intersection,Normale,Autre collision,,,,,,,,,,,5,2,1,1,6
200500014918,0005-03-03 16:05:00,5,3,3,16,5,310,555.0,ECHANGEUR L'UNION  (A61/,,,Plein jour,Hors agglomération,Hors intersection,Pluie légère,Deux véhicules - côté,,,,,,,,,,,1,1,1,2,3
200500014919,0005-03-03 17:10:00,5,3,3,17,10,310,555.0,"1, LATECOERE (AV PIERRE",,,Plein jour,En agglomération,Hors intersection,Temps couvert,Deux véhicules - frontale,,,,,,,,,,,1,2,1,8,1
200500014920,0005-03-03 18:00:00,5,3,3,18,0,310,555.0,"22, 14EME REGIMENT(AV)",,,Plein jour,En agglomération,Intersection en X,Normale,Deux véhicules - côté,,,,,,,,,,,1,2,2,1,3
200500014921,0005-03-03 20:30:00,5,3,3,20,30,310,555.0,"1, SAINT ETIENNE (PL) DU",,,Nuit avec éclairage allumé,En agglomération,Hors intersection,Normale,Autre collision,,,,,,,,,,,5,2,1,1,6
200500014922,0005-03-05 08:35:00,5,3,5,8,35,310,555.0,"61, VALLON (CHE DU) DU 1",,,Plein jour,En agglomération,Hors intersection,Pluie légère,Autre collision,,,,,,,,,,,1,2,1,2,6
200500014923,0005-03-04 09:00:00,5,3,4,9,0,310,555.0,"15, BROUARDEL (RUE EMILE",,,Plein jour,En agglomération,Intersection en T,Normale,Deux véhicules - côté,,,,,,,,,,,1,2,3,1,3
200500014924,0005-03-04 23:15:00,5,3,4,23,15,310,555.0,"20, SUISSE (BD DE) DU 7A",,,Nuit avec éclairage allumé,En agglomération,Intersection en T,Normale,Deux véhicules - côté,,,,,,,,,,,5,2,3,1,3
200500014925,0005-03-05 03:00:00,5,3,5,3,0,310,555.0,"12, FRENAY (RUE HENRI) D",,,Nuit avec éclairage allumé,En agglomération,Hors intersection,Pluie légère,Sans collision,,,,,,,,,,,5,2,1,2,7
200500014926,0005-03-05 08:05:00,5,3,5,8,5,310,555.0,"19, SAINTE LUCIE (RUE) D",,,Plein jour,En agglomération,Hors intersection,Normale,Autre collision,,,,,,,,,,,1,2,1,1,6
200500014927,0005-03-05 12:45:00,5,3,5,12,45,310,555.0,"1, SEYSSES (RTE DE) DU 1",,,Plein jour,En agglomération,Intersection en X,Pluie légère,Deux véhicules - côté,,,,,,,,,,,1,2,2,2,3
200500014928,0005-03-07 06:05:00,5,3,7,6,5,310,555.0,"28, MARNE (BD DE LA) DU",,,Nuit avec éclairage allumé,En agglomération,Hors intersection,Normale,Autre collision,,,,,,,,,,,5,2,1,1,6
200500014929,0005-03-07 09:11:00,5,3,7,9,11,310,555.0,"4, BLAGNAC (ROUTE DE)",,,Plein jour,En agglomération,Hors intersection,Normale,Deux véhicules - arrière,,,,,,,,,,,1,2,1,1,2
200500014930,0005-03-07 17:25:00,5,3,7,17,25,310,555.0,"3, LIBELLULES (RUE DES)",,,Plein jour,En agglomération,Giratoire,Normale,Deux véhicules - frontale,,,,,,,,,,,1,2,6,1,1
200500014931,0005-03-07 18:55:00,5,3,7,18,55,310,555.0,"151, CHAUBET (AV JEAN) D",,,Crépuscule ou aube,En agglomération,Hors intersection,Normale,Autre collision,,,,,,,,,,,2,2,1,1,6
200500014932,0005-03-08 08:02:00,5,3,8,8,2,310,555.0,"147, MINIMES (AV DES) DU",,,Plein jour,En agglomération,Hors intersection,Normale,Autre collision,,,,,,,,,,,1,2,1,1,6
200500014933,0005-03-09 17:00:00,5,3,9,17,0,310,555.0,"65, VITET (rue Louis) du",,,Plein jour,En agglomération,Hors intersection,Normale,Autre collision,,,,,,,,,,,1,2,1,1,6
200500014934,0005-03-08 17:10:00,5,3,8,17,10,310,555.0,"4, JULIEN (AV JULES) DU",,,Plein jour,En agglomération,Hors intersection,Normale,Deux véhicules - côté,,,,,,,,,,,1,2,1,1,3
200500014935,0005-03-08 19:20:00,5,3,8,19,20,310,555.0,"79, FAUBOURG BONNEFOY (R",,,Nuit avec éclairage allumé,En agglomération,Hors intersection,Normale,Autre collision,,,,,,,,,,,5,2,1,1,6
200500014936,0005-03-05 18:00:00,5,3,5,18,0,310,555.0,"42, AGDE (RTE D) DU 1AU",,,Nuit avec éclairage allumé,En agglomération,Hors intersection,Pluie légère,Deux véhicules - côté,,,,,,,,,,,5,2,1,2,3
200500014937,0005-03-10 09:50:00,5,3,10,9,50,310,555.0,"1, BARRIERE (RUE EMILE)",,,Plein jour,En agglomération,Intersection en T,Normale,Deux véhicules - côté,,,,,,,,,,,1,2,3,1,3
200500014938,0005-03-10 10:20:00,5,3,10,10,20,310,555.0,"20, SEJOURNE (AV PAUL) D",,,Plein jour,En agglomération,Intersection en T,Normale,Autre collision,,,,,,,,,,,1,2,3,1,6
200500014939,0005-03-10 16:35:00,5,3,10,16,35,310,555.0,"51, RECOLLETS (BD DES) D",,,Plein jour,En agglomération,Hors intersection,Normale,Autre collision,,,,,,,,,,,1,2,1,1,6
200500014940,0005-03-10 19:05:00,5,3,10,19,5,310,555.0,"140, GRANDE BRETAGNE (AV",,,Nuit avec éclairage allumé,En agglomération,Hors intersection,Normale,Deux véhicules - côté,,,,,,,,,,,5,2,1,1,3
200500014941,0005-03-11 01:10:00,5,3,11,1,10,310,555.0,"97, FITTE (ALL CHARLES D",,,Nuit avec éclairage allumé,En agglomération,Hors intersection,Normale,Sans collision,,,,,,,,,,,5,2,1,1,7
200500014942,0005-03-13 02:30:00,5,3,13,2,30,310,555.0,"12, BONREPOS (BD DE) DU",,,Nuit avec éclairage allumé,En agglomération,Hors intersection,Normale,Deux véhicules - côté,,,,,,,,,,,5,2,1,1,3
200500014943,0005-03-12 06:50:00,5,3,12,6,50,310,555.0,"29, CARNOT (BD LAZARE) D",,,Plein jour,En agglomération,Hors intersection,Normale,Autre collision,,,,,,,,,,,1,2,1,1,6
200500014944,0005-03-12 06:25:00,5,3,12,6,25,310,555.0,"2, POLE (RUE DU) DU 1AU",,,Crépuscule ou aube,En agglomération,Hors intersection,Normale,Deux véhicules - côté,,,,,,,,,,,2,2,1,1,3
200500014945,0005-03-14 07:35:00,5,3,14,7,35,310,555.0,31 A LES MINIMES  (PERIP,,,Plein jour,Hors agglomération,Hors intersection,Normale,Autre collision,,,,,,,,,,,1,1,1,1,6
200500014946,0005-03-14 15:05:00,5,3,14,15,5,310,555.0,"4, CHANGES (RUE DES) DU",,,Plein jour,En agglomération,Hors intersection,Normale,Autre collision,,,,,,,,,,,1,2,1,1,6
200500014947,0005-03-15 09:02:00,5,3,15,9,2,310,555.0,30 PONTS JUMEAUX  (PERIP,,,Plein jour,Hors agglomération,Hors intersection,Normale,Deux véhicules - arrière,,,,,,,,,,,1,1,1,1,2
200500014948,0005-03-15 09:10:00,5,3,15,9,10,310,555.0,A621 (SEPT DENIERS-ANCEL,,,Plein jour,Hors agglomération,Hors intersection,Normale,Deux véhicules - côté,,,,,,,,,,,1,1,1,1,3
200500014949,0005-03-15 16:35:00,5,3,15,16,35,310,555.0,"5, LATECOERE (AV PIERRE",,,Plein jour,En agglomération,Hors intersection,Normale,Deux véhicules - côté,,,,,,,,,,,1,2,1,1,3
200500014950,0005-03-15 17:40:00,5,3,15,17,40,310,555.0,METZ (RUE DE) DU 1AU 19,,,Plein jour,En agglomération,Intersection en X,Normale,Deux véhicules - côté,,,,,,,,,,,1,2,2,1,3
200500014951,0005-03-16 08:15:00,5,3,16,8,15,310,555.0,"86, NARBONNE (ROUTE DE)",,,Plein jour,En agglomération,Hors intersection,Normale,Deux véhicules - côté,,,,,,,,,,,1,2,1,1,3
200500014952,0005-03-16 10:00:00,5,3,16,10,0,310,555.0,38 LE CHAPITRE (A64),,,Plein jour,Hors agglomération,Hors intersection,Normale,Sans collision,,,,,,,,,,,1,1,1,1,7
200500014953,0005-03-16 14:00:00,5,3,16,14,0,310,555.0,"81, CASTRES (AV DE) DU 1",,,Plein jour,En agglomération,Hors intersection,Normale,Autre collision,,,,,,,,,,,1,2,1,1,6
200500014954,0005-03-16 17:30:00,5,3,16,17,30,310,555.0,"18, EGLISE DE LALANDE (C",,,Plein jour,En agglomération,Intersection en T,Normale,Deux véhicules - côté,,,,,,,,,,,1,2,3,1,3
200500014955,0005-03-17 13:55:00,5,3,17,13,55,310,555.0,"273, GRANDE BRETAGNE (AV",,,Plein jour,En agglomération,Hors intersection,Normale,Deux véhicules - arrière,,,,,,,,,,,1,2,1,1,2
200500014956,0005-03-17 16:45:00,5,3,17,16,45,310,555.0,"20, DEMOISELLES (ALL DES",,,Plein jour,En agglomération,Hors intersection,Normale,Deux véhicules - côté,,,,,,,,,,,1,2,1,1,3
200500014957,0005-03-17 16:15:00,5,3,17,16,15,310,555.0,"41, ESPAGNE (RTE D) DU 2",,,Plein jour,En agglomération,Hors intersection,Normale,Deux véhicules - arrière,,,,,,,,,,,1,2,1,1,2
200500014958,0005-03-17 19:50:00,5,3,17,19,50,310,555.0,"261, CASTRES (AV DE) DU",,,Nuit avec éclairage allumé,En agglomération,Hors intersection,Normale,Deux véhicules - côté,,,,,,,,,,,5,2,1,1,3
200500014959,0005-03-17 21:00:00,5,3,17,21,0,310,555.0,"281, GRANDE BRETAGNE (AV",,,Nuit avec éclairage allumé,En agglomération,Hors intersection,Normale,Deux véhicules - côté,,,,,,,,,,,5,2,1,1,3
200500014960,0005-03-18 12:50:00,5,3,18,12,50,310,555.0,29 PURPAN  (PERIPH OUEST,,,Plein jour,Hors agglomération,Hors intersection,Normale,Deux véhicules - arrière,,,,,,,,,,,1,1,1,1,2
200500014961,0005-03-19 01:15:00,5,3,19,1,15,310,555.0,"12, GLACIERE (CHE DE LA)",,,Nuit avec éclairage allumé,En agglomération,Hors intersection,Normale,Sans collision,,,,,,,,,,,5,2,1,1,7
200500014962,0005-03-19 11:10:00,5,3,19,11,10,310,555.0,"15, ETATS UNIS (AV DES)",,,Plein jour,En agglomération,Intersection en T,Normale,Deux véhicules - côté,,,,,,,,,,,1,2,3,1,3
200500014963,0005-03-19 12:00:00,5,3,19,12,0,310,555.0,"48, ILE DE FRANCE (ALL D",,,Plein jour,En agglomération,Hors intersection,Normale,Deux véhicules - côté,,,,,,,,,,,1,2,1,1,3
200500014964,0005-03-19 12:05:00,5,3,19,12,5,310,555.0,3 COLOMIERS EST (A624),,,Plein jour,Hors agglomération,Hors intersection,Normale,Trois véhicules et plus - en chaîne,,,,,,,,,,,1,1,1,1,4
200500014965,0005-03-19 12:56:00,5,3,19,12,56,310,555.0,"70, REYNERIE (AV DE) DU",,,Plein jour,En agglomération,Hors intersection,Normale,Deux véhicules - côté,,,,,,,,,,,1,2,1,1,3
200500014966,0005-03-19 15:50:00,5,3,19,15,50,310,555.0,"30, BRUNHES (BD JEAN) DU",,,Plein jour,En agglomération,Hors intersection,Normale,Sans collision,,,,,,,,,,,1,2,1,1,7
200500014967,0005-03-19 19:40:00,5,3,19,19,40,310,555.0,"322, SEYSSES (RTE DE) DU",,,Nuit avec éclairage allumé,En agglomération,Hors intersection,Normale,Autre collision,,,,,,,,,,,5,2,1,1,6
200500014968,0005-03-19 20:00:00,5,3,19,20,0,310,555.0,"2, POLE (RUE DU) DU 1AU",,,Nuit avec éclairage allumé,En agglomération,Hors intersection,Normale,Autre collision,,,,,,,,,,,5,2,1,1,6
200500014969,0005-03-20 01:50:00,5,3,20,1,50,310,555.0,17 LASBORDES (PERIPH EST,,,Nuit avec éclairage allumé,Hors agglomération,Hors intersection,Normale,Autre collision,,,,,,,,,,,5,1,1,1,6
200500014970,0005-03-20 04:30:00,5,3,20,4,30,310,555.0,"39, RIEUX (AV JEAN) DU 1",,,Nuit avec éclairage allumé,En agglomération,Hors intersection,Normale,Deux véhicules - arrière,,,,,,,,,,,5,2,1,1,2
200500014971,0005-03-20 06:36:00,5,3,20,6,36,310,555.0,37 FRANCAZAL (A 64),,,Crépuscule ou aube,Hors agglomération,Hors intersection,Normale,Deux véhicules - arrière,,,,,,,,,,,2,1,1,1,2
200500014972,0005-03-21 14:30:00,5,3,21,14,30,310,555.0,26 LA FAOURETTE  (PERIPH,,,Plein jour,Hors agglomération,Hors intersection,Normale,Deux véhicules - côté,,,,,,,,,,,1,1,1,1,3
200500014973,0005-03-22 11:05:00,5,3,22,11,5,310,555.0,"23, SAINT MICHEL (GRANDE",,,Plein jour,En agglomération,Hors intersection,Normale,Sans collision,,,,,,,,,,,1,2,1,1,7
200500014974,0005-03-22 11:10:00,5,3,22,11,10,310,555.0,"2 BIS, VERDIER (ALL FORA",,,Plein jour,En agglomération,Hors intersection,Normale,Deux véhicules - côté,,,,,,,,,,,1,2,1,1,3
200500014975,0005-03-22 12:20:00,5,3,22,12,20,310,555.0,30 PONTS JUMEAUX  (PERIP,,,Plein jour,Hors agglomération,Hors intersection,Normale,Deux véhicules - arrière,,,,,,,,,,,1,1,1,1,2
200500014976,0005-03-22 18:55:00,5,3,22,18,55,310,555.0,MIRAIL (AVENUE),,,Nuit avec éclairage allumé,En agglomération,Hors intersection,Normale,Autre collision,,,,,,,,,,,5,2,1,1,6
200500014977,0005-03-23 14:50:00,5,3,23,14,50,310,555.0,33 B SESQUIERES  (PERIPH,,,Plein jour,Hors agglomération,Hors intersection,Vent fort / tempête,Trois véhicules et plus - en chaîne,,,,,,,,,,,1,1,1,6,4
200500014978,0005-03-23 16:00:00,5,3,23,16,0,310,555.0,27 LA CEPIERE  (PERIPH O,,,Plein jour,En agglomération,Hors intersection,Normale,Deux véhicules - arrière,,,,,,,,,,,1,2,1,1,2
200500014979,0005-03-23 19:05:00,5,3,23,19,5,310,555.0,"62, BAYARD (RUE DE) DU 1",,,Plein jour,En agglomération,Hors intersection,Normale,Deux véhicules - côté,,,,,,,,,,,1,2,1,1,3
200500014980,0005-03-23 19:45:00,5,3,23,19,45,310,555.0,"275, GRANDE BRETAGNE (AV",,,Nuit avec éclairage allumé,En agglomération,Hors intersection,Normale,Deux véhicules - côté,,,,,,,,,,,5,2,1,1,3
200500014981,0005-03-24 09:00:00,5,3,24,9,0,310,555.0,"28, SEBASTOPOL (RUE DE)",,,Plein jour,En agglomération,Hors intersection,Temps couvert,Deux véhicules - côté,,,,,,,,,,,1,2,1,8,3
200500014982,0005-03-24 09:20:00,5,3,24,9,20,310,555.0,"117, MINIMES (AV DES) DU",,,Plein jour,En agglomération,Hors intersection,Normale,Deux véhicules - côté,,,,,,,,,,,1,2,1,1,3
200500014983,0005-03-24 11:30:00,5,3,24,11,30,310,555.0,"12, BEDEL (rue georges)",,,Plein jour,En agglomération,Hors intersection,Pluie légère,Deux véhicules - arrière,,,,,,,,,,,1,2,1,2,2
200500014984,0005-03-24 12:55:00,5,3,24,12,55,310,555.0,"10, BOUVIER (RUE DU DR M",,,Plein jour,En agglomération,Hors intersection,Normale,Sans collision,,,,,,,,,,,1,2,1,1,7
200500014985,0005-03-24 17:20:00,5,3,24,17,20,310,555.0,"99, PERIOLE (RUE DE) DU",,,Plein jour,En agglomération,Hors intersection,Normale,Autre collision,,,,,,,,,,,1,2,1,1,6
200500014986,0005-03-25 00:30:00,5,3,25,0,30,310,555.0,"12, SAINT SAUVEUR (PORT)",,,Nuit avec éclairage allumé,En agglomération,Hors intersection,Normale,Autre collision,,,,,,,,,,,5,2,1,1,6
200500014987,0005-03-25 04:50:00,5,3,25,4,50,310,555.0,SAINT EXUPERY (AV ANTOIN,,,Nuit avec éclairage allumé,En agglomération,Intersection en T,Normale,Deux véhicules - côté,,,,,,,,,,,5,2,3,1,3
200500014988,0005-03-25 07:06:00,5,3,25,7,6,310,555.0,"37, LAPUJADE (CHE DE) DU",,,Crépuscule ou aube,En agglomération,Hors intersection,Normale,Autre collision,,,,,,,,,,,2,2,1,1,6
200500014989,0005-03-25 12:50:00,5,3,25,12,50,310,555.0,"16, SERRES (AV HONORE) D",,,Plein jour,En agglomération,Hors intersection,Normale,Deux véhicules - arrière,,,,,,,,,,,1,2,1,1,2
200500014990,0005-03-25 17:20:00,5,3,25,17,20,310,555.0,"11, LABROUSSE (RUE MICHE",,,Plein jour,En agglomération,Hors intersection,Normale,Deux véhicules - frontale,,,,,,,,,,,1,2,1,1,1
200500014991,0005-03-25 22:50:00,5,3,25,22,50,310,555.0,"20, GABARDIE (CHE DE) DU",,,Nuit avec éclairage allumé,En agglomération,Hors intersection,Normale,Deux véhicules - frontale,,,,,,,,,,,5,2,1,1,1
200500014992,0005-03-26 14:25:00,5,3,26,14,25,310,555.0,"15, FIEUX (RUE) DU 1AU 3",,,Plein jour,En agglomération,Intersection en T,Normale,Deux véhicules - côté,,,,,,,,,,,1,2,3,1,3
200500014993,0005-03-26 06:20:00,5,3,26,6,20,310,555.0,"78, BARCELONE (ALL DE) D",,,Crépuscule ou aube,En agglomération,Hors intersection,Normale,Autre collision,,,,,,,,,,,2,2,1,1,6
200500014994,0005-03-26 19:20:00,5,3,26,19,20,310,555.0,"35, ALSACE LORRAINE (RUE",,,Nuit avec éclairage allumé,En agglomération,Intersection en T,Normale,Deux véhicules - côté,,,,,,,,,,,5,2,3,1,3
200500014995,0005-03-26 20:15:00,5,3,26,20,15,310,555.0,"115, CHAUBET (AV JEAN) D",,,Nuit avec éclairage allumé,En agglomération,Hors intersection,Normale,Deux véhicules - côté,,,,,,,,,,,5,2,1,1,3
200500014996,0005-03-26 21:45:00,5,3,26,21,45,310,555.0,31 A LES MINIMES  (PERIP,,,Nuit avec éclairage allumé,Hors agglomération,Hors intersection,Pluie légère,Autre collision,,,,,,,,,,,5,1,1,2,6
200500014997,0005-03-27 00:45:00,5,3,27,0,45,310,555.0,"12, MARQUETTE (BD DE LA)",,,Nuit avec éclairage allumé,En agglomération,Hors intersection,Pluie légère,Autre collision,,,,,,,,,,,5,2,1,2,6
200500014998,0005-03-27 09:20:00,5,3,27,9,20,310,555.0,"12, LAVAUR (AV DE) DU 2A",,,Plein jour,En agglomération,Hors intersection,Pluie légère,Autre collision,,,,,,,,,,,1,2,1,2,6
200500014999,0005-03-28 21:00:00,5,3,28,21,0,310,555.0,"17, CARNOT (BD LAZARE) D",,,Nuit avec éclairage allumé,En agglomération,Hors intersection,Normale,Trois véhicules et plus - collisions multiples,,,,,,,,,,,5,2,1,1,5
200500015000,0005-03-29 07:50:00,5,3,29,7,50,310,555.0,"101, SEVERAC (BD DEODAT",,,Plein jour,En agglomération,Intersection en X,Pluie légère,Trois véhicules et plus - collisions multiples,,,,,,,,,,,1,2,2,2,5
200500015001,0005-03-29 18:45:00,5,3,29,18,45,310,555.0,A621 (SEPT DENIERS-ANCEL,,,Plein jour,Hors agglomération,Hors intersection,Normale,Trois véhicules et plus - collisions multiples,,,,,,,,,,,1,1,1,1,5
200500015002,0005-03-30 08:15:00,5,3,30,8,15,310,555.0,20 LESPINET  (PERIPH OUE,,,Plein jour,Hors agglomération,Hors intersection,Normale,Trois véhicules et plus - en chaîne,,,,,,,,,,,1,1,1,1,4
200500015003,0005-03-31 08:25:00,5,3,31,8,25,310,555.0,"79, PUJOL (AV CAMILLE) D",,,Plein jour,En agglomération,Hors intersection,Normale,Autre collision,,,,,,,,,,,1,2,1,1,6
200500015004,0005-03-31 20:15:00,5,3,31,20,15,310,555.0,24 EMPALOT  (PERIPH OUES,,,Nuit avec éclairage allumé,Hors agglomération,Hors intersection,Normale,Deux véhicules - arrière,,,,,,,,,,,5,1,1,1,2
200500015005,0005-03-08 17:05:00,5,3,8,17,5,310,557.0,PEYRETTE (CH DE LA),,,Plein jour,En agglomération,Intersection en T,Normale,Deux véhicules - côté,,,,,,,,,,,1,2,3,1,3
200500015006,0005-03-20 19:25:00,5,3,20,19,25,310,557.0,AURIOL (BD VINCENT),,,Plein jour,En agglomération,Giratoire,Normale,Sans collision,,,,,,,,,,,1,2,6,1,7
200500015007,0005-03-09 13:45:00,5,3,9,13,45,320,13.0,"5, LORRAINE",,,Plein jour,En agglomération,Hors intersection,Normale,Autre collision,,,,,,,,,,,1,2,1,1,6
200500015008,0005-03-25 16:25:00,5,3,25,16,25,320,13.0,"3, VERDUN (PLACE DE)",,,Plein jour,En agglomération,Giratoire,Normale,Autre collision,,,,,,,,,,,1,2,6,1,6
200500015009,0005-03-26 19:25:00,5,3,26,19,25,320,13.0,MASSENA (RUE),,,Plein jour,En agglomération,Intersection en T,Normale,Deux véhicules - arrière,,,,,,,,,,,1,2,3,1,2
200500015010,0005-03-31 07:55:00,5,3,31,7,55,320,13.0,ROQUELAURE (BOULEVARD),,,Plein jour,En agglomération,Intersection en X,Normale,Deux véhicules - côté,,,,,,,,,,,1,2,2,1,3
200500015011,0005-03-09 18:10:00,5,3,9,18,10,330,529.0,"1, CARNOT (RUE DU PRESID",,,Plein jour,En agglomération,Intersection en X,Normale,Deux véhicules - côté,,,,,,,,,,,1,2,2,1,3
200500015012,0005-03-15 16:25:00,5,3,15,16,25,330,529.0,BISCAROSSE (AVE) DUNE VE,,,Plein jour,En agglomération,Intersection en T,Normale,Deux véhicules - frontale,,,,,,,,,,,1,2,3,1,1
200500015013,0005-03-17 16:00:00,5,3,17,16,0,330,9.0,", GAMBETTA (AVE) DU 01 A",,,Plein jour,En agglomération,Intersection en T,Normale,Autre collision,,,,,,,,,,,1,2,3,1,6
200500015014,0005-03-12 16:00:00,5,3,12,16,0,330,529.0,RN 250 (BONNEVAL -LA HUM,,,Plein jour,En agglomération,Hors intersection,Normale,Trois véhicules et plus - en chaîne,,,,,,,,,,,1,2,1,1,4
200500015015,0005-03-12 17:15:00,5,3,12,17,15,330,529.0,"25, LECLERC (AVE DU GAL)",,,Plein jour,En agglomération,Hors intersection,Normale,Deux véhicules - arrière,,,,,,,,,,,1,2,1,1,2
200500015016,0005-03-02 02:35:00,5,3,2,2,35,330,63.0,"258, WILSON (BD DU PRESI",,,Nuit avec éclairage allumé,En agglomération,Hors intersection,Normale,Autre collision,,,,,,,,,,,5,2,1,1,6
200500015017,0005-03-02 11:00:00,5,3,2,11,0,330,63.0,ARGONNE (CRS DE L),,,Plein jour,En agglomération,Intersection en X,Normale,Deux véhicules - côté,,,,,,,,,,,1,2,2,1,3
200500015018,0005-03-03 16:40:00,5,3,3,16,40,330,63.0,"43, STEHELIN CAUD (RUE )",,,Plein jour,En agglomération,Hors intersection,Pluie légère,Autre collision,,,,,,,,,,,1,2,1,2,6
200500015019,0005-03-02 13:40:00,5,3,2,13,40,330,75.0,"120, MEDOC (RTE DU)",,,Plein jour,En agglomération,Hors intersection,Normale,Deux véhicules - arrière,,,,,,,,,,,1,2,1,1,2
200500015020,0005-03-02 21:00:00,5,3,2,21,0,330,75.0,EUROPE (AVE DE L),,,Nuit avec éclairage allumé,En agglomération,Intersection en X,Normale,Deux véhicules - côté,,,,,,,,,,,5,2,2,1,3
200500015021,0005-03-03 19:35:00,5,3,3,19,35,330,63.0,BUISSON (PCE FERDINAND),,,Nuit avec éclairage allumé,En agglomération,Place,Normale,Autre collision,,,,,,,,,,,5,2,7,1,6