accident_id,datetime,annee,mois,jour,heure,minute,departement,commune_insee,adresse,latitude,longitude,luminosite,agglomeration,intersection,meteo,collision,nb_vehicules,nb_usagers,nb_indemnes,nb_tues,nb_blesses_hosp,nb_blesses_legers,age_cond_1,age_cond_2,veh_type_cond_1,veh_type_cond_2,lum_code,agg_code,int_code,atm_code,col_code
200500015022,0005-03-04 15:20:00,5,3,4,15,20,330,63.0,LECLERC CAUD (AVE DU GEN,,,Plein jour,En agglomération,Intersection en X,Normale,Deux véhicules - côté,,,,,,,,,,,1,2,2,1,3
200500015023,0005-03-07 11:00:00,5,3,7,11,0,330,522.0,"1, GAMBETTA (CRS )",,,Plein jour,En agglomération,Hors intersection,Normale,Autre collision,,,,,,,,,,,1,2,1,1,6
200500015024,0005-03-07 11:00:00,5,3,7,11,0,330,63.0,VERDUN (CRS DE),,,Plein jour,En agglomération,Place,Normale,Deux véhicules - côté,,,,,,,,,,,1,2,7,1,3
200500015025,0005-03-07 10:27:00,5,3,7,10,27,330,63.0,DESPAGNET (RUE FRANTZ),,,Plein jour,En agglomération,Intersection en T,Normale,Autre collision,,,,,,,,,,,1,2,3,1,6
200500015026,0005-03-07 07:45:00,5,3,7,7,45,330,281.0,MAGUDAS (AVE DE),,,Plein jour,En agglomération,Intersection en X,Normale,Deux véhicules - côté,,,,,,,,,,,1,2,2,1,3
200500015027,0005-03-03 15:00:00,5,3,3,15,0,330,318.0,LAFONTAINE (AVE FANNING),,,Plein jour,En agglomération,Intersection en T,Normale,Deux véhicules - côté,,,,,,,,,,,1,2,3,1,3
200500015028,0005-03-01 13:50:00,5,3,1,13,50,330,249.0,ALLENDE (AVE DU PDT SALV,,,Plein jour,En agglomération,Hors intersection,Normale,Autre collision,,,,,,,,,,,1,2,1,1,6
200500015029,0005-03-04 20:40:00,5,3,4,20,40,330,69.0,CARNOT (AVE SADI) (3-71),,,Nuit avec éclairage allumé,En agglomération,Intersection en X,Normale,Deux véhicules - côté,,,,,,,,,,,5,2,2,1,3
200500015030,0005-03-04 12:20:00,5,3,4,12,20,330,39.0,BUISSON (RUE FERDINAND),,,Plein jour,En agglomération,Intersection en T,Normale,Deux véhicules - côté,,,,,,,,,,,1,2,3,1,3
200500015031,0005-03-04 18:36:00,5,3,4,18,36,330,522.0,TREMEUGE (RUE DE),,,Crépuscule ou aube,En agglomération,Intersection en X,Normale,Deux véhicules - côté,,,,,,,,,,,2,2,2,1,3
200500015032,0005-03-05 14:29:00,5,3,5,14,29,330,192.0,GAULLE (CRS DU GENERAL D,,,Plein jour,En agglomération,Hors intersection,Normale,Trois véhicules et plus - collisions multiples,,,,,,,,,,,1,2,1,1,5
200500015033,0005-03-01 16:25:00,5,3,1,16,25,330,522.0,PRESSENSE (RUE FRANCIS D,,,Plein jour,En agglomération,Intersection en X,Normale,Deux véhicules - côté,,,,,,,,,,,1,2,2,1,3
200500015034,0005-03-10 18:20:00,5,3,10,18,20,330,63.0,RESISTANCE (PCE MARTYRS,,,Plein jour,En agglomération,Intersection en X,Normale,Deux véhicules - arrière,,,,,,,,,,,1,2,2,1,2
200500015035,0005-03-10 23:30:00,5,3,10,23,30,330,63.0,BLANQUI (RUE ),,,Nuit avec éclairage allumé,En agglomération,Intersection en X,Normale,Deux véhicules - côté,,,,,,,,,,,5,2,2,1,3
200500015036,0005-03-03 17:20:00,5,3,3,17,20,330,119.0,CURIE (RUE PIERRE),,,Plein jour,En agglomération,Intersection en X,Normale,Autre collision,,,,,,,,,,,1,2,2,1,6
200500015037,0005-03-04 15:50:00,5,3,4,15,50,330,249.0,COPPINGER (RUE ),,,Plein jour,En agglomération,Intersection en T,Normale,Deux véhicules - frontale,,,,,,,,,,,1,2,3,1,1
200500015038,0005-03-09 09:55:00,5,3,9,9,55,330,318.0,"45, BEUTRE (AVE DE)",,,Plein jour,En agglomération,Hors intersection,Normale,Deux véhicules - côté,,,,,,,,,,,1,2,1,1,3
200500015039,0005-03-11 02:05:00,5,3,11,2,5,330,119.0,CARNOT (AVE ),,,Nuit avec éclairage allumé,En agglomération,Hors intersection,Normale,Autre collision,,,,,,,,,,,5,2,1,1,6
200500015040,0005-03-11 18:00:00,5,3,11,18,0,330,63.0,VERDUN (CRS DE),,,Plein jour,En agglomération,Intersection en T,Normale,Deux véhicules - côté,,,,,,,,,,,1,2,3,1,3
200500015041,0005-03-11 18:45:00,5,3,11,18,45,330,63.0,PELLEPORT (RUE ),,,Plein jour,En agglomération,Intersection en X,Normale,Deux véhicules - côté,,,,,,,,,,,1,2,2,1,3
200500015042,0005-03-13 14:40:00,5,3,13,14,40,330,63.0,MILLIERE (RUE ),,,Plein jour,En agglomération,Intersection en X,Normale,Deux véhicules - côté,,,,,,,,,,,1,2,2,1,3
200500015043,0005-03-11 18:45:00,5,3,11,18,45,330,192.0,GAULLE (CRS DU GENERAL D,,,Plein jour,En agglomération,Hors intersection,Normale,Deux véhicules - côté,,,,,,,,,,,1,2,1,1,3
200500015044,0005-03-12 23:20:00,5,3,12,23,20,330,522.0,SANGNIER (RUE MARC),,,Nuit avec éclairage allumé,En agglomération,Hors intersection,Normale,Deux véhicules - côté,,,,,,,,,,,5,2,1,1,3
200500015045,0005-03-07 16:40:00,5,3,7,16,40,330,522.0,TOUR (RUE DE LA VIEILLE),,,Plein jour,En agglomération,Hors intersection,Normale,Deux véhicules - arrière,,,,,,,,,,,1,2,1,1,2
200500015046,0005-03-10 11:50:00,5,3,10,11,50,330,318.0,"28, SAIGE (AVE DE)",,,Plein jour,En agglomération,Hors intersection,Normale,Deux véhicules - côté,,,,,,,,,,,1,2,1,1,3
200500015047,0005-03-14 15:55:00,5,3,14,15,55,330,63.0,BONIE (RUE DES FRERES),,,Plein jour,En agglomération,Intersection en X,Normale,Deux véhicules - côté,,,,,,,,,,,1,2,2,1,3
200500015048,0005-03-13 20:35:00,5,3,13,20,35,330,69.0,LIBERATION-CH. DE GAULLE,,,Nuit avec éclairage allumé,En agglomération,Intersection en T,Normale,Deux véhicules - côté,,,,,,,,,,,5,2,3,1,3
200500015049,0005-03-13 23:00:00,5,3,13,23,0,330,39.0,LAURIOL (RUE DE),,,Nuit avec éclairage allumé,En agglomération,Intersection en T,Normale,Deux véhicules - côté,,,,,,,,,,,5,2,3,1,3
200500015050,0005-03-17 09:10:00,5,3,17,9,10,330,63.0,REPUBLIQUE CAUD (AVE DE,,,Plein jour,En agglomération,Intersection en X,Normale,Deux véhicules - côté,,,,,,,,,,,1,2,2,1,3
200500015051,0005-03-17 14:50:00,5,3,17,14,50,330,63.0,"114, HUGO (CRS VICTOR)",,,Plein jour,En agglomération,Hors intersection,Normale,Deux véhicules - côté,,,,,,,,,,,1,2,1,1,3
200500015052,0005-03-17 17:55:00,5,3,17,17,55,330,63.0,BARTHOU CAUD (AVE LOUIS),,,Plein jour,En agglomération,Intersection en T,Normale,Deux véhicules - côté,,,,,,,,,,,1,2,3,1,3
200500015053,0005-03-17 17:50:00,5,3,17,17,50,330,39.0,"331, BOSC (BD JEAN-JACQU",,,Plein jour,En agglomération,Hors intersection,Normale,Deux véhicules - côté,,,,,,,,,,,1,2,1,1,3
200500015054,0005-03-17 16:40:00,5,3,17,16,40,330,63.0,"99, BRIAND (CRS ARISTIDE",,,Plein jour,En agglomération,Hors intersection,Normale,Autre collision,,,,,,,,,,,1,2,1,1,6
200500015055,0005-03-14 06:00:00,5,3,14,6,0,330,39.0,"4, COURREJEAN (RTE DE)",,,Nuit avec éclairage allumé,En agglomération,Hors intersection,Normale,Deux véhicules - frontale,,,,,,,,,,,5,2,1,1,1
200500015056,0005-03-18 08:10:00,5,3,18,8,10,330,63.0,TREBOD (RUE PIERRE),,,Plein jour,En agglomération,Intersection en X,Normale,Deux véhicules - côté,,,,,,,,,,,1,2,2,1,3
200500015057,0005-03-18 14:00:00,5,3,18,14,0,330,63.0,SOURDIS (RUE FRANCOIS DE,,,Plein jour,En agglomération,Intersection en X,Normale,Deux véhicules - côté,,,,,,,,,,,1,2,2,1,3
200500015058,0005-03-18 17:20:00,5,3,18,17,20,330,318.0,COHE (AVE ROGER),,,Plein jour,En agglomération,Giratoire,Normale,Autre collision,,,,,,,,,,,1,2,6,1,6
200500015059,0005-03-19 06:30:00,5,3,19,6,30,330,63.0,CROIX BLANCHE (RUE DE LA,,,Nuit avec éclairage allumé,En agglomération,Intersection en X,Normale,Deux véhicules - côté,,,,,,,,,,,5,2,2,1,3
200500015060,0005-03-19 16:40:00,5,3,19,16,40,330,63.0,STALINGRAD (PCE DE),,,Plein jour,En agglomération,Hors intersection,Normale,Autre collision,,,,,,,,,,,1,2,1,1,6
200500015061,0005-03-20 09:00:00,5,3,20,9,0,330,63.0,MARNE (CRS DE LA),,,Plein jour,En agglomération,Intersection en X,Normale,Deux véhicules - côté,,,,,,,,,,,1,2,2,1,3
200500015062,0005-03-20 14:10:00,5,3,20,14,10,330,63.0,MOULIN (PCE JEAN),,,Plein jour,En agglomération,Intersection en X,Normale,Deux véhicules - côté,,,,,,,,,,,1,2,2,1,3
200500015063,0005-03-15 17:00:00,5,3,15,17,0,330,192.0,LOUSTALOT (RUE DE),,,Plein jour,En agglomération,Intersection en X,Normale,Deux véhicules - côté,,,,,,,,,,,1,2,2,1,3
200500015064,0005-03-15 19:30:00,5,3,15,19,30,330,522.0,GAMBETTA (CRS ),,,Plein jour,En agglomération,Intersection en X,Normale,Deux véhicules - côté,,,,,,,,,,,1,2,2,1,3
200500015065,0005-03-21 13:40:00,5,3,21,13,40,330,63.0,"40, ALBRET (CRS D)",,,Plein jour,En agglomération,Intersection en T,Normale,Autre collision,,,,,,,,,,,1,2,3,1,6
200500015066,0005-03-22 03:53:00,5,3,22,3,53,330,63.0,LABARDE (AVE DE),,,Nuit avec éclairage allumé,En agglomération,Giratoire,Pluie légère,Sans collision,,,,,,,,,,,5,2,6,2,7
200500015067,0005-03-18 17:45:00,5,3,18,17,45,330,281.0,BRANLY (RUE ),,,Plein jour,En agglomération,Intersection en X,Normale,Deux véhicules - côté,,,,,,,,,,,1,2,2,1,3
200500015068,0005-03-16 13:50:00,5,3,16,13,50,330,249.0,LIBERATION (AVE DE LA),,,Plein jour,En agglomération,Hors intersection,Normale,Deux véhicules - arrière,,,,,,,,,,,1,2,1,1,2
200500015069,0005-03-22 16:34:00,5,3,22,16,34,330,63.0,LECLERC (BD MARECHAL),,,Plein jour,En agglomération,Intersection en T,Normale,Deux véhicules - côté,,,,,,,,,,,1,2,3,1,3
200500015070,0005-03-22 09:25:00,5,3,22,9,25,330,63.0,DESCHAMPS (QUAI ),,,Plein jour,En agglomération,Hors intersection,Pluie légère,Autre collision,,,,,,,,,,,1,2,1,2,6
200500015071,0005-03-18 19:30:00,5,3,18,19,30,330,63.0,PIERRE 1ER (BD ),,,Crépuscule ou aube,En agglomération,Hors intersection,Normale,Deux véhicules - côté,,,,,,,,,,,2,2,1,1,3
200500015072,0005-03-17 20:15:00,5,3,17,20,15,330,318.0,"31, ROMAINVILLE (RUE DE)",,,Nuit avec éclairage allumé,En agglomération,Hors intersection,Normale,Deux véhicules - frontale,,,,,,,,,,,5,2,1,1,1
200500015073,0005-03-23 11:00:00,5,3,23,11,0,330,63.0,DONISSAN (RUE ),,,Plein jour,En agglomération,Intersection en X,Normale,Deux véhicules - côté,,,,,,,,,,,1,2,2,1,3
200500015074,0005-03-23 14:15:00,5,3,23,14,15,330,63.0,"349, WILSON (BD DU PRESI",,,Plein jour,En agglomération,Hors intersection,Normale,Deux véhicules - côté,,,,,,,,,,,1,2,1,1,3
200500015075,0005-03-23 15:35:00,5,3,23,15,35,330,63.0,"145, GAULLE CAUD (AVE CH",,,Plein jour,En agglomération,Hors intersection,Normale,Deux véhicules - côté,,,,,,,,,,,1,2,1,1,3
200500015076,0005-03-18 16:45:00,5,3,18,16,45,330,522.0,NOAILLES (RUE PIERRE),,,Plein jour,En agglomération,Hors intersection,Normale,Deux véhicules - côté,,,,,,,,,,,1,2,1,1,3
200500015077,0005-03-20 18:40:00,5,3,20,18,40,330,39.0,"374, TOULOUSE (RTE DE)",,,Plein jour,En agglomération,Hors intersection,Normale,Deux véhicules - arrière,,,,,,,,,,,1,2,1,1,2
200500015078,0005-03-21 14:35:00,5,3,21,14,35,330,281.0,LIBERATION (AVE DE LA),,,Plein jour,En agglomération,Intersection en X,Normale,Deux véhicules - frontale,,,,,,,,,,,1,2,2,1,1
200500015079,0005-03-22 08:45:00,5,3,22,8,45,330,39.0,MOGA (RUE DES FRERES),,,Plein jour,En agglomération,Intersection en X,Normale,Deux véhicules - frontale,,,,,,,,,,,1,2,2,1,1
200500015080,0005-03-21 14:45:00,5,3,21,14,45,330,32.0,"56, FRANCAIS (QUAI )",,,Plein jour,En agglomération,Hors intersection,Normale,Deux véhicules - arrière,,,,,,,,,,,1,2,1,1,2
200500015081,0005-03-25 19:53:00,5,3,25,19,53,330,63.0,"21, RESISTANCE (PCE MART",,,Nuit avec éclairage allumé,En agglomération,Hors intersection,Normale,Deux véhicules - côté,,,,,,,,,,,5,2,1,1,3
200500015082,0005-03-26 02:20:00,5,3,26,2,20,330,63.0,"60, GEORGES (RUE DU PAS",,,Nuit avec éclairage allumé,En agglomération,Hors intersection,Normale,Autre collision,,,,,,,,,,,5,2,1,1,6
200500015083,0005-03-26 16:35:00,5,3,26,16,35,330,63.0,PASTEUR (CRS ),,,Plein jour,En agglomération,Intersection en X,Pluie légère,Deux véhicules - côté,,,,,,,,,,,1,2,2,2,3
200500015084,0005-03-26 18:20:00,5,3,26,18,20,330,63.0,GARNIER (RUE FRANCIS),,,Plein jour,En agglomération,Intersection en X,Normale,Deux véhicules - côté,,,,,,,,,,,1,2,2,1,3
200500015085,0005-03-25 01:20:00,5,3,25,1,20,330,249.0,BICHON (QUAI CHAIGNEAU),,,Nuit avec éclairage allumé,En agglomération,Giratoire,Normale,Sans collision,,,,,,,,,,,5,2,6,1,7
200500015086,0005-03-30 11:40:00,5,3,30,11,40,330,63.0,"51, POYENNE (RUE )",,,Plein jour,En agglomération,Hors intersection,Pluie légère,Autre collision,,,,,,,,,,,1,2,1,2,6
200500015087,0005-03-24 15:35:00,5,3,24,15,35,330,281.0,"50, BEDAT (AVE DU)",,,Plein jour,En agglomération,Hors intersection,Normale,Deux véhicules - frontale,,,,,,,,,,,1,2,1,1,1
200500015088,0005-03-25 14:10:00,5,3,25,14,10,330,281.0,"172, DASSAULT (AVE MARCE",,,Plein jour,En agglomération,Hors intersection,Normale,Deux véhicules - côté,,,,,,,,,,,1,2,1,1,3
200500015089,0005-03-27 13:10:00,5,3,27,13,10,330,281.0,POUCHON (CHEM DE),,,Plein jour,En agglomération,Intersection en X,Normale,Deux véhicules - côté,,,,,,,,,,,1,2,2,1,3
200500015090,0005-03-31 07:50:00,5,3,31,7,50,330,63.0,"198, WILSON (BD DU PRESI",,,Plein jour,En agglomération,Hors intersection,Normale,Deux véhicules - côté,,,,,,,,,,,1,2,1,1,3
200500015091,0005-03-31 08:50:00,5,3,31,8,50,330,63.0,"99, FONDAUDEGE (RUE )",,,Plein jour,En agglomération,Hors intersection,Normale,Trois véhicules et plus - collisions multiples,,,,,,,,,,,1,2,1,1,5
200500015092,0005-03-31 16:50:00,5,3,31,16,50,330,63.0,"40, BRANDENBURG (BD ALBE",,,Plein jour,En agglomération,Intersection en X,Normale,Deux véhicules - frontale,,,,,,,,,,,1,2,2,1,1
200500015093,0005-03-31 20:20:00,5,3,31,20,20,330,63.0,PORTAL (CRS ),,,Nuit avec éclairage allumé,En agglomération,Intersection en X,Normale,Deux véhicules - côté,,,,,,,,,,,5,2,2,1,3
200500015094,0005-03-31 21:20:00,5,3,31,21,20,330,63.0,"106, BRIAND (CRS ARISTID",,,Nuit avec éclairage allumé,En agglomération,Hors intersection,Normale,Autre collision,,,,,,,,,,,5,2,1,1,6
200500015095,0005-03-30 08:15:00,5,3,30,8,15,330,318.0,CANEJAN (AVE DE),,,Plein jour,En agglomération,Giratoire,Pluie légère,Autre collision,,,,,,,,,,,1,2,6,2,6
200500015096,0005-03-30 07:20:00,5,3,30,7,20,330,281.0,COTY (ALL PRESIDENT RENE,,,Crépuscule ou aube,En agglomération,Giratoire,Pluie légère,Deux véhicules - côté,,,,,,,,,,,2,2,6,2,3
200500015097,0005-03-29 07:30:00,5,3,29,7,30,330,522.0,"000, LIBERATION (CRS DE",,,Crépuscule ou aube,En agglomération,Intersection en X,Normale,Deux véhicules - côté,,,,,,,,,,,2,2,2,1,3
200500015098,0005-03-25 17:15:00,5,3,25,17,15,330,318.0,LECLERC (AVE DU GENERAL),,,Plein jour,En agglomération,Intersection en T,Normale,Deux véhicules - côté,,,,,,,,,,,1,2,3,1,3
200500015099,0005-03-31 07:35:00,5,3,31,7,35,330,39.0,BRAILLE (RUE LOUIS),,,Crépuscule ou aube,En agglomération,Intersection en T,Brouillard / fumée,Deux véhicules - côté,,,,,,,,,,,2,2,3,5,3
200500015100,0005-03-31 17:25:00,5,3,31,17,25,330,522.0,CRESPY II 1 (RES ),,,Plein jour,En agglomération,Intersection en T,Normale,Deux véhicules - côté,,,,,,,,,,,1,2,3,1,3
200500015101,0005-03-16 20:05:00,5,3,16,20,5,330,243.0,"102, SAINT-EMILION(ROUTE",,,Nuit avec éclairage allumé,En agglomération,Intersection en T,Normale,Autre collision,,,,,,,,,,,5,2,3,1,6
200500015102,0005-03-23 18:15:00,5,3,23,18,15,330,243.0,"69, GAULLE(AVENUE DU GEN",,,Plein jour,En agglomération,Hors intersection,Normale,Deux véhicules - côté,,,,,,,,,,,1,2,1,1,3
200500015103,0005-03-01 23:00:00,5,3,1,23,0,340,172.0,CORPS EXPEDITIONNAIRE FR,,,Nuit avec éclairage allumé,En agglomération,Hors intersection,Normale,Sans collision,,,,,,,,,,,5,2,1,1,7
200500015104,0005-03-01 14:25:00,5,3,1,14,25,340,172.0,"32, FIGAIRASSE (RUE DE L",,,Plein jour,Hors agglomération,Hors intersection,Normale,Autre collision,,,,,,,,,,,1,1,1,1,6
200500015105,0005-03-02 10:40:00,5,3,2,10,40,340,172.0,"277, INDUSTRIE (RUE DE L",,,Plein jour,En agglomération,Hors intersection,Normale,Deux véhicules - côté,,,,,,,,,,,1,2,1,1,3
200500015106,0005-03-02 16:50:00,5,3,2,16,50,340,172.0,"28, GAMBETTA (COURS)",,,Plein jour,En agglomération,Hors intersection,Normale,Autre collision,,,,,,,,,,,1,2,1,1,6
200500015107,0005-03-02 15:15:00,5,3,2,15,15,340,172.0,BOUISSES (RUE DES),,,Plein jour,En agglomération,Hors intersection,Normale,Autre collision,,,,,,,,,,,1,2,1,1,6
200500015108,0005-03-02 20:00:00,5,3,2,20,0,340,172.0,HEIDELBERG (AVENUE DE),,,Nuit avec éclairage allumé,En agglomération,Hors intersection,Normale,Deux véhicules - côté,,,,,,,,,,,5,2,1,1,3
200500015109,0005-03-04 02:50:00,5,3,4,2,50,340,129.0,BOIRARGUES (AVENUE DE),,,Nuit sans éclairage public,En agglomération,Hors intersection,Normale,Autre collision,,,,,,,,,,,3,2,1,1,6
200500015110,0005-03-04 08:10:00,5,3,4,8,10,340,172.0,TRUEL (RUE DU),,,Plein jour,En agglomération,Hors intersection,Normale,Deux véhicules - côté,,,,,,,,,,,1,2,1,1,3
200500015111,0005-03-01 12:33:00,5,3,1,12,33,340,172.0,"29, COMBES (PLACE EMILE)",,,Plein jour,En agglomération,Intersection en X,Normale,Deux véhicules - côté,,,,,,,,,,,1,2,2,1,3
200500015112,0005-03-04 17:50:00,5,3,4,17,50,340,172.0,PAVELET (AVENUE DU COLON,,,Plein jour,En agglomération,Hors intersection,Normale,Deux véhicules - côté,,,,,,,,,,,1,2,1,1,3
200500015113,0005-03-04 17:23:00,5,3,4,17,23,340,172.0,"12, BOUISSON-BERTRAND (A",,,Plein jour,En agglomération,Autre intersection,Normale,Autre collision,,,,,,,,,,,1,2,9,1,6
200500015114,0005-03-02 02:32:00,5,3,2,2,32,340,172.0,"912, MARES (AVENUE HENRI",,,Nuit avec éclairage allumé,En agglomération,Hors intersection,Normale,Deux véhicules - côté,,,,,,,,,,,5,2,1,1,3
200500015115,0005-03-04 12:15:00,5,3,4,12,15,340,172.0,PRES D'ARENES (ROND-POIN,,,Plein jour,En agglomération,Hors intersection,Normale,Trois véhicules et plus - collisions multiples,,,,,,,,,,,1,2,1,1,5
200500015116,0005-03-05 08:20:00,5,3,5,8,20,340,172.0,EUROPE (AVENUE DE L'),,,Plein jour,En agglomération,Intersection en T,Normale,Deux véhicules - côté,,,,,,,,,,,1,2,3,1,3
200500015117,0005-03-05 14:20:00,5,3,5,14,20,340,172.0,"14, PAUME JEU DE",,,Plein jour,En agglomération,Hors intersection,Temps couvert,Autre collision,,,,,,,,,,,1,2,1,8,6
200500015118,0005-03-05 21:25:00,5,3,5,21,25,340,172.0,ROQUETURIERE (RUE DE LA),,,Nuit avec éclairage allumé,En agglomération,Intersection en T,Normale,Deux véhicules - côté,,,,,,,,,,,5,2,3,1,3
200500015119,0005-03-06 12:42:00,5,3,6,12,42,340,172.0,"23, MICHEL (RUE ERNEST)",,,Plein jour,En agglomération,Intersection en X,Normale,Deux véhicules - côté,,,,,,,,,,,1,2,2,1,3
200500015120,0005-03-06 17:45:00,5,3,6,17,45,340,172.0,ALCO (ROND POINT D'),,,Plein jour,En agglomération,Hors intersection,Normale,Deux véhicules - côté,,,,,,,,,,,1,2,1,1,3
200500015121,0005-03-09 10:30:00,5,3,9,10,30,340,172.0,"2177, ""SOULAS (AVENUE DU",,,Plein jour,En agglomération,Hors intersection,Normale,Deux véhicules - côté,,,,,,,,,,,1,2,1,1,3
200500015122,0005-03-08 19:25:00,5,3,8,19,25,340,172.0,"""LODEVE (AVENUE DE, N° 1",,,Nuit avec éclairage allumé,En agglomération,Intersection en T,Normale,Deux véhicules - frontale,,,,,,,,,,,5,2,3,1,1
200500015123,0005-03-04 02:25:00,5,3,4,2,25,340,172.0,DOMITIENNE (VOIE),,,Nuit avec éclairage allumé,En agglomération,Intersection en X,Normale,Deux véhicules - côté,,,,,,,,,,,5,2,2,1,3
200500015124,0005-03-10 05:30:00,5,3,10,5,30,340,172.0,"2310, ""TOULOUSE (AVENUE",,,Nuit sans éclairage public,En agglomération,Hors intersection,Normale,Deux véhicules - côté,,,,,,,,,,,3,2,1,1,3
200500015125,0005-03-11 21:18:00,5,3,11,21,18,340,172.0,"""FLAHAULT (AVENUE CHARLE",,,Nuit avec éclairage allumé,En agglomération,Intersection en X,Normale,Deux véhicules - côté,,,,,,,,,,,5,2,2,1,3
200500015126,0005-03-11 18:00:00,5,3,11,18,0,340,172.0,"780, ""SOULAS (AVENUE DU",,,Crépuscule ou aube,En agglomération,Hors intersection,Normale,Autre collision,,,,,,,,,,,2,2,1,1,6
200500015127,0005-03-08 09:30:00,5,3,8,9,30,340,172.0,"2, ABRICOTIERS (RUE DES)",,,Plein jour,En agglomération,Intersection en X,Normale,Autre collision,,,,,,,,,,,1,2,2,1,6
200500015128,0005-03-12 22:20:00,5,3,12,22,20,340,172.0,NIMES (AVENUE DE),,,Nuit avec éclairage allumé,En agglomération,Hors intersection,Pluie légère,Deux véhicules - frontale,,,,,,,,,,,5,2,1,2,1
200500015129,0005-03-13 15:15:00,5,3,13,15,15,340,172.0,"sans, RIEUCOULON (ROND-P",,,Plein jour,En agglomération,Hors intersection,Normale,Sans collision,,,,,,,,,,,1,2,1,1,7
200500015130,0005-03-13 17:00:00,5,3,13,17,0,340,198.0,"SANS, RD N21",,,Plein jour,En agglomération,Hors intersection,Normale,Deux véhicules - arrière,,,,,,,,,,,1,2,1,1,2
200500015131,0005-03-14 16:15:00,5,3,14,16,15,340,129.0,"877, BOIRARGUES (AVENUE",,,Plein jour,En agglomération,Hors intersection,Normale,Deux véhicules - frontale,,,,,,,,,,,1,2,1,1,1
200500015132,0005-03-10 12:20:00,5,3,10,12,20,340,172.0,"78, STRASBOURG (BOULEVAR",,,Plein jour,En agglomération,Hors intersection,Normale,Autre collision,,,,,,,,,,,1,2,1,1,6
200500015133,0005-03-15 15:40:00,5,3,15,15,40,340,172.0,PINVILLE (RUE DE),,,Plein jour,En agglomération,Intersection en X,Normale,Deux véhicules - frontale,,,,,,,,,,,1,2,2,1,1
200500015134,0005-03-15 14:15:00,5,3,15,14,15,340,198.0,ROND-POINT DE LA CAPITEL,,,Plein jour,En agglomération,Giratoire,Normale,Deux véhicules - côté,,,,,,,,,,,1,2,6,1,3
200500015135,0005-03-16 10:15:00,5,3,16,10,15,340,172.0,FOCH (RUE),,,Plein jour,En agglomération,Intersection en T,Normale,Deux véhicules - côté,,,,,,,,,,,1,2,3,1,3
200500015136,0005-03-16 12:35:00,5,3,16,12,35,340,172.0,"133, ""SOULAS (AVENUE DU",,,Plein jour,En agglomération,Hors intersection,Normale,Autre collision,,,,,,,,,,,1,2,1,1,6
200500015137,0005-03-16 17:37:00,5,3,16,17,37,340,172.0,"1581, MENDE (ROUTE DE)",,,Plein jour,En agglomération,Hors intersection,Normale,Autre collision,,,,,,,,,,,1,2,1,1,6
200500015138,0005-03-17 01:18:00,5,3,17,1,18,340,129.0,AGAU (AVENUE DE L'),,,Nuit sans éclairage public,En agglomération,Hors intersection,Normale,Deux véhicules - frontale,,,,,,,,,,,3,2,1,1,1
200500015139,0005-03-17 13:30:00,5,3,17,13,30,340,172.0,"SANS, ""TOULOUSE (AVENUE",,,Plein jour,En agglomération,Intersection en T,Normale,Deux véhicules - frontale,,,,,,,,,,,1,2,3,1,1
200500015140,0005-03-17 20:50:00,5,3,17,20,50,340,172.0,"200, ROSEAU (RUE PROFESS",,,Nuit avec éclairage allumé,En agglomération,Hors intersection,Normale,Deux véhicules - frontale,,,,,,,,,,,5,2,1,1,1
200500015141,0005-03-18 10:10:00,5,3,18,10,10,340,172.0,"2, FIRMIN DRAPERIE SAIN",,,Plein jour,En agglomération,Hors intersection,Normale,Autre collision,,,,,,,,,,,1,2,1,1,6
200500015142,0005-03-19 18:00:00,5,3,19,18,0,340,172.0,"5, GERHARDT (RUE)",,,Plein jour,En agglomération,Intersection en T,Temps couvert,Deux véhicules - côté,,,,,,,,,,,1,2,3,8,3
200500015143,0005-03-18 23:55:00,5,3,18,23,55,340,172.0,"sans n°, LODEVE (ROUTE D",,,Nuit avec éclairage allumé,En agglomération,Intersection en X,Brouillard / fumée,Deux véhicules - côté,,,,,,,,,,,5,2,2,5,3
200500015144,0005-03-19 22:00:00,5,3,19,22,0,340,172.0,"138, EUROPE (AVENUE DE L",,,Nuit avec éclairage allumé,En agglomération,Hors intersection,Normale,Deux véhicules - côté,,,,,,,,,,,5,2,1,1,3
200500015145,0005-03-21 19:30:00,5,3,21,19,30,340,129.0,BOIRARGUES (AVENUE DE),,,Nuit sans éclairage public,En agglomération,Hors intersection,Pluie légère,Trois véhicules et plus - collisions multiples,,,,,,,,,,,3,2,1,2,5
200500015146,0005-03-22 11:55:00,5,3,22,11,55,340,172.0,MOULINS (IMPASSE DES),,,Plein jour,En agglomération,Hors intersection,Normale,Trois véhicules et plus - collisions multiples,,,,,,,,,,,1,2,1,1,5
200500015147,0005-03-23 13:30:00,5,3,23,13,30,340,172.0,CYPRES (RUE DES),,,Plein jour,En agglomération,Hors intersection,Normale,Deux véhicules - arrière,,,,,,,,,,,1,2,1,1,2
200500015148,0005-03-23 18:56:00,5,3,23,18,56,340,172.0,GOSSEC (RUE FRANCOIS-JOS,,,Nuit avec éclairage allumé,En agglomération,Hors intersection,Pluie légère,Deux véhicules - frontale,,,,,,,,,,,5,2,1,2,1
200500015149,0005-03-24 13:30:00,5,3,24,13,30,340,172.0,"sans, DUBOUT (AVENUE ALB",,,Plein jour,En agglomération,Intersection en T,Pluie légère,Deux véhicules - côté,,,,,,,,,,,1,2,3,2,3
200500015150,0005-03-25 09:50:00,5,3,25,9,50,340,172.0,"333, REINE HELENE D'ITAL",,,Plein jour,En agglomération,Autre intersection,Normale,Autre collision,,,,,,,,,,,1,2,9,1,6