accident_id,datetime,annee,mois,jour,heure,minute,departement,commune_insee,adresse,latitude,longitude,luminosite,agglomeration,intersection,meteo,collision,nb_vehicules,nb_usagers,nb_indemnes,nb_tues,nb_blesses_hosp,nb_blesses_legers,age_cond_1,age_cond_2,veh_type_cond_1,veh_type_cond_2,lum_code,agg_code,int_code,atm_code,col_code
200500015151,0005-03-25 18:00:00,5,3,25,18,0,340,172.0,"6, VIEUSSENS (BOULEVARD)",,,Crépuscule ou aube,En agglomération,Hors intersection,Normale,Deux véhicules - côté,,,,,,,,,,,2,2,1,1,3
200500015152,0005-03-26 06:40:00,5,3,26,6,40,340,172.0,"SANS N°, DOMITIENNE (VOI",,,Crépuscule ou aube,En agglomération,Hors intersection,Pluie légère,Autre collision,,,,,,,,,,,2,2,1,2,6
200500015153,0005-03-27 05:50:00,5,3,27,5,50,340,129.0,"SANS, AGAU (AVENUE DE L'",,,Nuit sans éclairage public,En agglomération,Hors intersection,Brouillard / fumée,Deux véhicules - frontale,,,,,,,,,,,3,2,1,5,1
200500015154,0005-03-28 05:20:00,5,3,28,5,20,340,198.0,RD N21,,,Nuit sans éclairage public,En agglomération,Intersection en X,Normale,Deux véhicules - côté,,,,,,,,,,,3,2,2,1,3
200500015155,0005-03-29 12:10:00,5,3,29,12,10,340,172.0,CARRIEU (RUE MARIUS),,,Plein jour,En agglomération,Intersection en T,Normale,Deux véhicules - côté,,,,,,,,,,,1,2,3,1,3
200500015156,0005-03-29 20:00:00,5,3,29,20,0,340,172.0,EUROPE (AVENUE DE L'),,,Nuit avec éclairage allumé,En agglomération,Intersection en X,Normale,Deux véhicules - côté,,,,,,,,,,,5,2,2,1,3
200500015157,0005-03-30 07:30:00,5,3,30,7,30,340,129.0,PALAVAS D986 (ROUTE DE),,,Plein jour,En agglomération,Hors intersection,Normale,Autre collision,,,,,,,,,,,1,2,1,1,6
200500015158,0005-03-30 21:25:00,5,3,30,21,25,340,172.0,"""LIBERTE (AVENUE DE LA,",,,Nuit avec éclairage allumé,En agglomération,Intersection en T,Normale,Deux véhicules - côté,,,,,,,,,,,5,2,3,1,3
200500015159,0005-03-31 18:45:00,5,3,31,18,45,340,172.0,"SANS, BLANC (BOULEVARD L",,,Plein jour,En agglomération,Intersection en X,Normale,Autre collision,,,,,,,,,,,1,2,2,1,6
200500015160,0005-03-06 16:55:00,5,3,6,16,55,340,301.0,"sans N°, ALGER (QUAI D')",,,Plein jour,En agglomération,Intersection en T,Normale,Deux véhicules - côté,,,,,,,,,,,1,2,3,1,3
200500015161,0005-03-10 15:45:00,5,3,10,15,45,340,108.0,"SANS N°, ROND POINT SALV",,,Plein jour,En agglomération,Autre intersection,Normale,Autre collision,,,,,,,,,,,1,2,9,1,6
200500015162,0005-03-10 18:00:00,5,3,10,18,0,340,301.0,BALARUC (ROUTE DE),,,Plein jour,En agglomération,Hors intersection,Normale,Deux véhicules - côté,,,,,,,,,,,1,2,1,1,3
200500015163,0005-03-14 16:05:00,5,3,14,16,5,340,301.0,VERDUN (BOULEVARD DE),,,Plein jour,En agglomération,Hors intersection,Normale,Deux véhicules - côté,,,,,,,,,,,1,2,1,1,3
200500015164,0005-03-16 14:10:00,5,3,16,14,10,340,301.0,VERDUN (BOULEVARD DE),,,Plein jour,En agglomération,Hors intersection,Normale,Deux véhicules - côté,,,,,,,,,,,1,2,1,1,3
200500015165,0005-03-18 14:03:00,5,3,18,14,3,340,108.0,"Sans N°, CALADE (CHEMIN",,,Plein jour,En agglomération,Intersection en T,Normale,Deux véhicules - côté,,,,,,,,,,,1,2,3,1,3
200500015166,0005-03-19 18:00:00,5,3,19,18,0,340,301.0,ROUTE NATIONALE 112,,,Plein jour,En agglomération,Intersection en T,Normale,Deux véhicules - côté,,,,,,,,,,,1,2,3,1,3
200500015167,0005-03-20 21:40:00,5,3,20,21,40,340,108.0,MAL JUIN (AVENUE DU),,,Nuit avec éclairage allumé,En agglomération,Hors intersection,Normale,Autre collision,,,,,,,,,,,5,2,1,1,6
200500015168,0005-03-21 17:30:00,5,3,21,17,30,340,108.0,"sans N°, CARRIERES (AVEN",,,Plein jour,En agglomération,Intersection en X,Normale,Deux véhicules - côté,,,,,,,,,,,1,2,2,1,3
200500015169,0005-03-30 00:50:00,5,3,30,0,50,340,108.0,,,,Nuit sans éclairage public,En agglomération,Hors intersection,Normale,Sans collision,,,,,,,,,,,3,2,1,1,7
200500015170,0005-03-01 07:50:00,5,3,1,7,50,350,238.0,"00, GERARD (MICHEL)",,,Crépuscule ou aube,En agglomération,Intersection en X,Normale,Deux véhicules - côté,,,,,,,,,,,2,2,2,1,3
200500015171,0005-03-01 13:05:00,5,3,1,13,5,350,238.0,"00, MOTTE (CONTOUR DE LA",,,Plein jour,En agglomération,Hors intersection,Normale,Deux véhicules - arrière,,,,,,,,,,,1,2,1,1,2
200500015172,0005-03-02 18:20:00,5,3,2,18,20,350,238.0,"00, MITTERAND (MAIL FRAN",,,Plein jour,En agglomération,Hors intersection,Normale,Deux véhicules - côté,,,,,,,,,,,1,2,1,1,3
200500015173,0005-03-04 14:30:00,5,3,4,14,30,350,238.0,"00, ROCADE 9-10",,,Plein jour,En agglomération,Hors intersection,Normale,Deux véhicules - arrière,,,,,,,,,,,1,2,1,1,2
200500015174,0005-03-04 23:35:00,5,3,4,23,35,350,238.0,"00, DESGREES (BD PAUL HU",,,Nuit avec éclairage allumé,En agglomération,Hors intersection,Normale,Autre collision,,,,,,,,,,,5,2,1,1,6
200500015175,0005-03-05 19:10:00,5,3,5,19,10,350,238.0,"00, FOUGERES (RUE DE) DE",,,Nuit avec éclairage allumé,En agglomération,Intersection en X,Normale,Autre collision,,,,,,,,,,,5,2,2,1,6
200500015176,0005-03-08 10:45:00,5,3,8,10,45,350,238.0,TOUR D'AUVERGNE (BD DE L,,,Plein jour,En agglomération,Intersection en T,Normale,Deux véhicules - côté,,,,,,,,,,,1,2,3,1,3
200500015177,0005-03-10 18:15:00,5,3,10,18,15,350,238.0,RAPATEL,,,Plein jour,En agglomération,Intersection en T,Normale,Deux véhicules - côté,,,,,,,,,,,1,2,3,1,3
200500015178,0005-03-11 08:30:00,5,3,11,8,30,350,238.0,"279, NANTES (DE)",,,Plein jour,En agglomération,Hors intersection,Normale,Trois véhicules et plus - en chaîne,,,,,,,,,,,1,2,1,1,4
200500015179,0005-03-14 23:43:00,5,3,14,23,43,350,238.0,"00, ROCADE 8-9",,,Nuit sans éclairage public,En agglomération,Hors intersection,Normale,Sans collision,,,,,,,,,,,3,2,1,1,7
200500015180,0005-03-17 17:45:00,5,3,17,17,45,350,238.0,"71, MOTTE BRULON (DE LA)",,,Plein jour,En agglomération,Hors intersection,Normale,Deux véhicules - arrière,,,,,,,,,,,1,2,1,1,2
200500015181,0005-03-18 07:10:00,5,3,18,7,10,350,238.0,"0, RN 12",,,Nuit sans éclairage public,En agglomération,Intersection en Y,Brouillard / fumée,Sans collision,,,,,,,,,,,3,2,4,5,7
200500015182,0005-03-18 17:35:00,5,3,18,17,35,350,238.0,"209, LECLERC (AVENUE DU",,,Plein jour,En agglomération,Hors intersection,Normale,Autre collision,,,,,,,,,,,1,2,1,1,6
200500015183,0005-03-18 19:50:00,5,3,18,19,50,350,238.0,"0, BULGARIE (BD DE)",,,Nuit avec éclairage allumé,En agglomération,Hors intersection,Normale,Deux véhicules - côté,,,,,,,,,,,5,2,1,1,3
200500015184,0005-03-19 12:30:00,5,3,19,12,30,350,238.0,"69, BRIAND (AVENUE ARIST",,,Plein jour,En agglomération,Hors intersection,Normale,Trois véhicules et plus - en chaîne,,,,,,,,,,,1,2,1,1,4
200500015185,0005-03-19 14:20:00,5,3,19,14,20,350,238.0,"00, BRETAGNE (PLACE DE)",,,Plein jour,En agglomération,Hors intersection,Normale,Sans collision,,,,,,,,,,,1,2,1,1,7
200500015186,0005-03-19 17:45:00,5,3,19,17,45,350,238.0,"00, UKRAINE (ALLEE D')",,,Plein jour,En agglomération,Hors intersection,Normale,Autre collision,,,,,,,,,,,1,2,1,1,6
200500015187,0005-03-20 15:45:00,5,3,20,15,45,350,238.0,MONSIEUR VINCENT,,,Plein jour,En agglomération,Intersection en X,Normale,Deux véhicules - frontale,,,,,,,,,,,1,2,2,1,1
200500015188,0005-03-21 11:40:00,5,3,21,11,40,350,238.0,"00, MAURIAC (RUE FRANCOI",,,Plein jour,En agglomération,Intersection en T,Pluie légère,Deux véhicules - arrière,,,,,,,,,,,1,2,3,2,2
200500015189,0005-03-22 11:50:00,5,3,22,11,50,350,238.0,"00, SUEDE (DE)",,,Plein jour,En agglomération,Hors intersection,Normale,Autre collision,,,,,,,,,,,1,2,1,1,6
200500015190,0005-03-22 14:25:00,5,3,22,14,25,350,238.0,"00, PAVIE (ALLEE AUGUSTE",,,Plein jour,En agglomération,Hors intersection,Normale,Autre collision,,,,,,,,,,,1,2,1,1,6
200500015191,0005-03-22 17:30:00,5,3,22,17,30,350,238.0,"00, PLANTES (DES)",,,Plein jour,En agglomération,Hors intersection,Normale,Autre collision,,,,,,,,,,,1,2,1,1,6
200500015192,0005-03-23 20:45:00,5,3,23,20,45,350,238.0,"00, VANEAU",,,Nuit avec éclairage allumé,En agglomération,Intersection en X,Normale,Deux véhicules - côté,,,,,,,,,,,5,2,2,1,3
200500015193,0005-03-24 21:10:00,5,3,24,21,10,350,238.0,"00, BREST (DE)",,,Nuit avec éclairage allumé,En agglomération,Hors intersection,Normale,Autre collision,,,,,,,,,,,5,2,1,1,6
200500015194,0005-03-25 12:35:00,5,3,25,12,35,350,238.0,"65, BRIAND (AVENUE ARIST",,,Plein jour,En agglomération,Hors intersection,Normale,Deux véhicules - côté,,,,,,,,,,,1,2,1,1,3
200500015195,0005-03-25 15:30:00,5,3,25,15,30,350,238.0,"00, LIBERTE (BD DE LA)",,,Plein jour,En agglomération,Hors intersection,Normale,Autre collision,,,,,,,,,,,1,2,1,1,6
200500015196,0005-03-25 17:30:00,5,3,25,17,30,350,238.0,"00, CLEMENCEAU (BD GEORG",,,Plein jour,En agglomération,Hors intersection,Normale,Autre collision,,,,,,,,,,,1,2,1,1,6
200500015197,0005-03-25 21:05:00,5,3,25,21,5,350,238.0,"00, PATTON (AVENUE DU GE",,,Nuit avec éclairage allumé,En agglomération,Intersection en T,Normale,Deux véhicules - frontale,,,,,,,,,,,5,2,3,1,1
200500015198,0005-03-26 16:20:00,5,3,26,16,20,350,238.0,"00, CHATEAUGIRON (DE)",,,Plein jour,En agglomération,Intersection en X,Normale,Autre collision,,,,,,,,,,,1,2,2,1,6
200500015199,0005-03-29 07:40:00,5,3,29,7,40,350,238.0,"100, MAGINOT (AVENUE SER",,,Crépuscule ou aube,En agglomération,Hors intersection,Pluie légère,Autre collision,,,,,,,,,,,2,2,1,2,6
200500015200,0005-03-29 17:50:00,5,3,29,17,50,350,238.0,"00, CHATEAU (AVENUE FRAN",,,Plein jour,En agglomération,Intersection en T,Normale,Deux véhicules - arrière,,,,,,,,,,,1,2,3,1,2
200500015201,0005-03-29 19:00:00,5,3,29,19,0,350,238.0,"00, PAYS-BAS (AVENUE DES",,,Plein jour,En agglomération,Intersection en T,Normale,Deux véhicules - arrière,,,,,,,,,,,1,2,3,1,2
200500015202,0005-03-30 19:40:00,5,3,30,19,40,350,238.0,"00, ALMA (DE L')",,,Plein jour,En agglomération,Intersection en X,Normale,Deux véhicules - côté,,,,,,,,,,,1,2,2,1,3
200500015203,0005-03-31 08:45:00,5,3,31,8,45,350,238.0,"06, YSER (BD DE L')",,,Plein jour,En agglomération,Hors intersection,Normale,Autre collision,,,,,,,,,,,1,2,1,1,6
200500015204,0005-03-01 07:55:00,5,3,1,7,55,350,288.0,", VILLE ES COURS (RUE DE",,,Plein jour,En agglomération,Hors intersection,Normale,Deux véhicules - frontale,,,,,,,,,,,1,2,1,1,1
200500015205,0005-03-04 15:00:00,5,3,4,15,0,350,288.0,"0, BALUE (RUE DE LA)",,,Plein jour,En agglomération,Hors intersection,Pluie légère,Trois véhicules et plus - collisions multiples,,,,,,,,,,,1,2,1,2,5
200500015206,0005-03-12 22:15:00,5,3,12,22,15,350,288.0,"000000, DE GAULLE GENERA",,,Nuit avec éclairage allumé,En agglomération,Hors intersection,Normale,Deux véhicules - côté,,,,,,,,,,,5,2,1,1,3
200500015207,0005-03-15 07:45:00,5,3,15,7,45,350,288.0,", SILLON (DU) CHAUSSEE",,,Plein jour,En agglomération,Hors intersection,Normale,Deux véhicules - arrière,,,,,,,,,,,1,2,1,1,2
200500015208,0005-03-18 17:55:00,5,3,18,17,55,350,288.0,"29, TALARDS (BOULEVARD D",,,Plein jour,En agglomération,Hors intersection,Normale,Sans collision,,,,,,,,,,,1,2,1,1,7
200500015209,0005-03-18 14:00:00,5,3,18,14,0,350,288.0,"20, AMPERE (RUE)",,,Plein jour,En agglomération,Hors intersection,Normale,Deux véhicules - côté,,,,,,,,,,,1,2,1,1,3
200500015210,0005-03-09 11:15:00,5,3,9,11,15,360,202.0,"32, CHATRE (AV DE LA) DU",,,Plein jour,En agglomération,Intersection en T,Normale,Deux véhicules - côté,,,,,,,,,,,1,2,3,1,3
200500015211,0005-03-11 10:20:00,5,3,11,10,20,360,44.0,HUGO (VICTOR),,,Plein jour,En agglomération,Hors intersection,Normale,Autre collision,,,,,,,,,,,1,2,1,1,6
200500015212,0005-03-24 12:10:00,5,3,24,12,10,360,202.0,"0, LOTI (PIERRE)",,,Plein jour,En agglomération,Intersection en T,Pluie légère,Deux véhicules - côté,,,,,,,,,,,1,2,3,2,3
200500015213,0005-03-01 12:27:00,5,3,1,12,27,360,159.0,"0, KENNEDY (AV JOHN)",,,Plein jour,En agglomération,Autre intersection,Normale,Autre collision,,,,,,,,,,,1,2,9,1,6
200500015214,0005-03-25 16:50:00,5,3,25,16,50,360,44.0,"25, SAINT-PIERRE",,,Plein jour,En agglomération,Hors intersection,Normale,Deux véhicules - côté,,,,,,,,,,,1,2,1,1,3
200500015215,0005-03-13 04:40:00,5,3,13,4,40,370,122.0,BORDEAUX (AVENUE DE),,,Nuit avec éclairage allumé,En agglomération,Intersection en T,Normale,Autre collision,,,,,,,,,,,5,2,3,1,6
200500015216,0005-03-05 16:25:00,5,3,5,16,25,370,122.0,"30, GUTENBERG (RUE)",,,Plein jour,En agglomération,Hors intersection,Normale,Autre collision,,,,,,,,,,,1,2,1,1,6
200500015217,0005-03-03 08:55:00,5,3,3,8,55,370,122.0,CHENONCEAUX (RUE DE),,,Plein jour,En agglomération,Intersection en T,Normale,Autre collision,,,,,,,,,,,1,2,3,1,6
200500015218,0005-03-10 18:05:00,5,3,10,18,5,370,122.0,BRETONNIERES (BOULEVARD,,,Plein jour,En agglomération,Hors intersection,Normale,Trois véhicules et plus - collisions multiples,,,,,,,,,,,1,2,1,1,5
200500015219,0005-03-04 08:30:00,5,3,4,8,30,370,261.0,RENAULT (RUE DU GAL),,,Plein jour,En agglomération,Intersection en X,Normale,Deux véhicules - côté,,,,,,,,,,,1,2,2,1,3
200500015220,0005-03-03 07:40:00,5,3,3,7,40,370,261.0,"66, HEURTELOUP (BOULEVAR",,,Plein jour,En agglomération,Intersection en X,Temps couvert,Autre collision,,,,,,,,,,,1,2,2,8,6
200500015221,0005-03-10 20:40:00,5,3,10,20,40,370,261.0,MALRAUX (QUAI ANDRE),,,Nuit avec éclairage allumé,En agglomération,Hors intersection,Normale,Deux véhicules - côté,,,,,,,,,,,5,2,1,1,3
200500015222,0005-03-05 07:25:00,5,3,5,7,25,370,261.0,FRANCHE COMTE (RUE),,,Crépuscule ou aube,En agglomération,Hors intersection,Temps couvert,Sans collision,,,,,,,,,,,2,2,1,8,7
200500015223,0005-03-03 15:05:00,5,3,3,15,5,370,261.0,"45, TRANCHEE (AVENUE DE",,,Plein jour,En agglomération,Intersection en X,Normale,Deux véhicules - côté,,,,,,,,,,,1,2,2,1,3
200500015224,0005-03-10 11:00:00,5,3,10,11,0,370,261.0,GILLES (RUE CHARLES),,,Plein jour,En agglomération,Intersection en X,Normale,Autre collision,,,,,,,,,,,1,2,2,1,6
200500015225,0005-03-19 00:05:00,5,3,19,0,5,370,261.0,LOUIS XI (ROND-POINT),,,Nuit avec éclairage allumé,En agglomération,Giratoire,Normale,Autre collision,,,,,,,,,,,5,2,6,1,6
200500015226,0005-03-18 15:00:00,5,3,18,15,0,370,261.0,BORDIERS (RUE DES),,,Plein jour,En agglomération,Intersection en X,Normale,Deux véhicules - côté,,,,,,,,,,,1,2,2,1,3
200500015227,0005-03-20 21:45:00,5,3,20,21,45,370,261.0,MOZART (AVENUE),,,Nuit avec éclairage allumé,En agglomération,Intersection en X,Normale,Deux véhicules - frontale,,,,,,,,,,,5,2,2,1,1
200500015228,0005-03-23 16:45:00,5,3,23,16,45,370,233.0,LENINE (AVENUE),,,Plein jour,En agglomération,Intersection en T,Normale,Deux véhicules - arrière,,,,,,,,,,,1,2,3,1,2
200500015229,0005-03-28 02:10:00,5,3,28,2,10,370,261.0,REPUBLIQUE (AVENUE DE LA,,,Nuit avec éclairage allumé,En agglomération,Intersection en X,Normale,Deux véhicules - côté,,,,,,,,,,,5,2,2,1,3
200500015230,0005-03-24 19:00:00,5,3,24,19,0,370,261.0,GAUTHIER (RUE MARCEL),,,Nuit avec éclairage allumé,En agglomération,Intersection en T,Pluie légère,Sans collision,,,,,,,,,,,5,2,3,2,7
200500015231,0005-03-26 23:40:00,5,3,26,23,40,370,261.0,BERANGER (BOULEVARD),,,Nuit avec éclairage allumé,En agglomération,Intersection en X,Normale,Deux véhicules - côté,,,,,,,,,,,5,2,2,1,3
200500015232,0005-03-29 17:05:00,5,3,29,17,5,370,261.0,"1, TRANCHEE (AVENUE DE L",,,Plein jour,En agglomération,Hors intersection,Normale,Autre collision,,,,,,,,,,,1,2,1,1,6
200500015233,0005-03-24 12:10:00,5,3,24,12,10,370,261.0,MAGINOT (AV. ANDRE),,,Plein jour,En agglomération,Intersection en X,Normale,Deux véhicules - côté,,,,,,,,,,,1,2,2,1,3
200500015234,0005-03-31 18:35:00,5,3,31,18,35,370,208.0,GRANDMONT (RUE DE),,,Plein jour,En agglomération,Intersection en T,Temps couvert,Deux véhicules - côté,,,,,,,,,,,1,2,3,8,3
200500015235,0005-03-01 17:40:00,5,3,1,17,40,380,53.0,CHAMBERY (RTE DE ),,,Crépuscule ou aube,En agglomération,Hors intersection,Normale,Autre collision,,,,,,,,,,,2,2,1,1,6
200500015236,0005-03-23 16:30:00,5,3,23,16,30,380,53.0,"6, CHAMBERY (RTE DE )",,,Plein jour,En agglomération,Hors intersection,Normale,Deux véhicules - arrière,,,,,,,,,,,1,2,1,1,2
200500015237,0005-03-01 17:00:00,5,3,1,17,0,380,421.0,ROCADE SUD (AV.POTIE/CHE,,,Plein jour,En agglomération,Hors intersection,Normale,Deux véhicules - arrière,,,,,,,,,,,1,2,1,1,2
200500015238,0005-03-02 08:40:00,5,3,2,8,40,380,151.0,"00, HONHOUE (AVE D' )",,,Plein jour,En agglomération,Hors intersection,Normale,Deux véhicules - côté,,,,,,,,,,,1,2,1,1,3
200500015239,0005-03-02 23:00:00,5,3,2,23,0,380,185.0,A.480 (AUTOROUTE),,,Nuit sans éclairage public,Hors agglomération,Hors intersection,Normale,Deux véhicules - arrière,,,,,,,,,,,3,1,1,1,2
200500015240,0005-03-03 18:20:00,5,3,3,18,20,380,185.0,"98, JOUHAUX       61/102",,,Nuit avec éclairage allumé,En agglomération,Hors intersection,Normale,Deux véhicules - arrière,,,,,,,,,,,5,2,1,1,2
200500015241,0005-03-03 19:00:00,5,3,3,19,0,380,421.0,"90, VALLES (AV. J.)A. CR",,,Nuit avec éclairage non allumé,En agglomération,Hors intersection,Normale,Deux véhicules - côté,,,,,,,,,,,4,2,1,1,3
200500015242,0005-03-04 08:30:00,5,3,4,8,30,380,421.0,"00, ROCADE SUD",,,Plein jour,En agglomération,Hors intersection,Pluie légère,Deux véhicules - arrière,,,,,,,,,,,1,2,1,2,2
200500015243,0005-03-07 10:05:00,5,3,7,10,5,380,151.0,"00, HUIT MAI 45 (AV. DU)",,,Plein jour,En agglomération,Hors intersection,Neige / grêle,Deux véhicules - côté,,,,,,,,,,,1,2,1,4,3
200500015244,0005-03-07 12:05:00,5,3,7,12,5,380,185.0,A.480 (AUTOROUTE),,,Plein jour,Hors agglomération,Hors intersection,Normale,Deux véhicules - côté,,,,,,,,,,,1,1,1,1,3
200500015245,0005-03-10 15:05:00,5,3,10,15,5,380,169.0,"00, LANGEVIN (BOULEVARD",,,Plein jour,En agglomération,Intersection en X,Normale,Deux véhicules - côté,,,,,,,,,,,1,2,2,1,3
200500015246,0005-03-10 17:40:00,5,3,10,17,40,380,185.0,"54, VALLES (AVENUE J.)",,,Plein jour,En agglomération,Hors intersection,Normale,Autre collision,,,,,,,,,,,1,2,1,1,6
200500015247,0005-03-13 15:15:00,5,3,13,15,15,380,185.0,"00, GARE (PLACE DE LA)",,,Plein jour,En agglomération,Hors intersection,Normale,Autre collision,,,,,,,,,,,1,2,1,1,6
200500015248,0005-03-15 18:25:00,5,3,15,18,25,380,185.0,"00, PERI (RUE G.)",,,Plein jour,En agglomération,Intersection en X,Normale,Trois véhicules et plus - collisions multiples,,,,,,,,,,,1,2,2,1,5
200500015249,0005-03-16 11:10:00,5,3,16,11,10,380,151.0,"00, ETATS GENERAUX (AVEN",,,Plein jour,En agglomération,Hors intersection,Normale,Deux véhicules - côté,,,,,,,,,,,1,2,1,1,3
200500015250,0005-03-16 12:15:00,5,3,16,12,15,380,185.0,"68, FOCH (BOULEVARD MAL.",,,Plein jour,En agglomération,Hors intersection,Normale,Deux véhicules - côté,,,,,,,,,,,1,2,1,1,3
200500015251,0005-03-17 08:15:00,5,3,17,8,15,380,169.0,LIBERTE (RUE DE LA)  1 A,,,Plein jour,En agglomération,Intersection en T,Normale,Deux véhicules - côté,,,,,,,,,,,1,2,3,1,3
200500015252,0005-03-17 11:10:00,5,3,17,11,10,380,185.0,"05, SAULT (RUE DE)",,,Plein jour,En agglomération,Hors intersection,Normale,Autre collision,,,,,,,,,,,1,2,1,1,6
200500015253,0005-03-17 08:40:00,5,3,17,8,40,380,151.0,REPUBLIQUE (AVENUE DE LA,,,Plein jour,En agglomération,Intersection en T,Normale,Deux véhicules - côté,,,,,,,,,,,1,2,3,1,3
200500015254,0005-03-17 09:15:00,5,3,17,9,15,380,185.0,"00, MALHERBE (AVENUE)",,,Plein jour,En agglomération,Hors intersection,Normale,Autre collision,,,,,,,,,,,1,2,1,1,6
200500015255,0005-03-18 14:50:00,5,3,18,14,50,380,185.0,"108, LIBERATION (COURS)",,,Plein jour,En agglomération,Hors intersection,Normale,Autre collision,,,,,,,,,,,1,2,1,1,6
200500015256,0005-03-20 20:00:00,5,3,20,20,0,380,421.0,ROCADE SUD,,,Nuit sans éclairage public,Hors agglomération,Hors intersection,Normale,Deux véhicules - arrière,,,,,,,,,,,3,1,1,1,2
200500015257,0005-03-21 07:30:00,5,3,21,7,30,380,179.0,GLAIRONS (RUE DES),,,Plein jour,En agglomération,Autre intersection,Normale,Autre collision,,,,,,,,,,,1,2,9,1,6
200500015258,0005-03-21 08:30:00,5,3,21,8,30,380,185.0,EUROPE ( AVENUE DE L' ),,,Plein jour,En agglomération,Hors intersection,Normale,Autre collision,,,,,,,,,,,1,2,1,1,6
200500015259,0005-03-21 22:47:00,5,3,21,22,47,380,179.0,RN 87,,,Nuit sans éclairage public,En agglomération,Hors intersection,Normale,Sans collision,,,,,,,,,,,3,2,1,1,7
200500015260,0005-03-22 07:40:00,5,3,22,7,40,380,151.0,A.480,,,Plein jour,Hors agglomération,Hors intersection,Pluie légère,Deux véhicules - arrière,,,,,,,,,,,1,1,1,2,2
200500015261,0005-03-24 23:30:00,5,3,24,23,30,380,185.0,"00, LIBERATION (COURS DE",,,Nuit avec éclairage allumé,En agglomération,Hors intersection,Temps couvert,Deux véhicules - arrière,,,,,,,,,,,5,2,1,8,2
200500015262,0005-03-25 15:00:00,5,3,25,15,0,380,151.0,"00, GRUGLIASCO (AVENUE D",,,Plein jour,En agglomération,Hors intersection,Normale,Autre collision,,,,,,,,,,,1,2,1,1,6
200500015263,0005-03-25 18:20:00,5,3,25,18,20,380,185.0,LIBERATION (COURS),,,Plein jour,En agglomération,Intersection en T,Normale,Trois véhicules et plus - collisions multiples,,,,,,,,,,,1,2,3,1,5
200500015264,0005-03-26 18:25:00,5,3,26,18,25,380,185.0,"00, HALAGE (CHEMIN DE)",,,Plein jour,En agglomération,Intersection en T,Autre,Deux véhicules - frontale,,,,,,,,,,,1,2,3,9,1
200500015265,0005-03-27 18:45:00,5,3,27,18,45,380,185.0,"15, LECLERC (BOULEVARD M",,,Plein jour,En agglomération,Hors intersection,Normale,Autre collision,,,,,,,,,,,1,2,1,1,6
200500015266,0005-03-28 07:35:00,5,3,28,7,35,380,169.0,"30, LIBERTE (RUE DE LA)",,,Crépuscule ou aube,En agglomération,Intersection en X,Pluie légère,Autre collision,,,,,,,,,,,2,2,2,2,6
200500015267,0005-03-30 17:35:00,5,3,30,17,35,380,185.0,"62, ALLIES (RUE DES)",,,Plein jour,En agglomération,Hors intersection,Normale,Deux véhicules - côté,,,,,,,,,,,1,2,1,1,3
200500015268,0005-03-30 18:30:00,5,3,30,18,30,380,185.0,"2, ABRY (RUE A.)",,,Plein jour,En agglomération,Hors intersection,Normale,Deux véhicules - côté,,,,,,,,,,,1,2,1,1,3
200500015269,0005-03-30 10:00:00,5,3,30,10,0,380,185.0,"23, ALLIES (RUE DES)",,,Plein jour,En agglomération,Hors intersection,Normale,Autre collision,,,,,,,,,,,1,2,1,1,6
200500015270,0005-03-30 11:00:00,5,3,30,11,0,380,151.0,"3, MANOUCHIAN (RUE M.)",,,Plein jour,En agglomération,Hors intersection,Normale,Autre collision,,,,,,,,,,,1,2,1,1,6
200500015271,0005-03-17 20:10:00,5,3,17,20,10,380,544.0,", VICTOR FAUGIER(RUE)",,,Plein jour,En agglomération,Hors intersection,Normale,Deux véhicules - côté,,,,,,,,,,,1,2,1,1,3
200500015272,0005-03-19 11:45:00,5,3,19,11,45,380,544.0,"58, VICTOR HUGO(RUE)",,,Plein jour,En agglomération,Hors intersection,Normale,Deux véhicules - côté,,,,,,,,,,,1,2,1,1,3
200500015273,0005-03-20 09:45:00,5,3,20,9,45,390,198.0,", PERSAN (RUE CASIMIR DE",,,Plein jour,En agglomération,Intersection en Y,Temps éblouissant,Autre collision,,,,,,,,,,,1,2,4,7,6
200500015274,0005-03-25 15:35:00,5,3,25,15,35,390,198.0,LAURENT THOUVEREY (AVENU,,,Plein jour,En agglomération,Hors intersection,Normale,Autre collision,,,,,,,,,,,1,2,1,1,6
200500015275,0005-03-06 18:05:00,5,3,6,18,5,390,300.0,COLBERT (COURS),,,Plein jour,En agglomération,Giratoire,Neige / grêle,Deux véhicules - côté,,,,,,,,,,,1,2,6,4,3
200500015276,0005-03-12 17:30:00,5,3,12,17,30,390,300.0,"13, LIBERTE (PLACE DE LA",,,Plein jour,En agglomération,Hors intersection,Pluie légère,Autre collision,,,,,,,,,,,1,2,1,2,6
200500015277,0005-03-14 12:00:00,5,3,14,12,0,390,300.0,BESANCON (ROUTE DE) N° I,,,Plein jour,En agglomération,Intersection en T,Normale,Deux véhicules - côté,,,,,,,,,,,1,2,3,1,3
200500015278,0005-03-06 14:40:00,5,3,6,14,40,400,88.0,"12, TUILERIES (AVENUE DE",,,Plein jour,En agglomération,Hors intersection,Normale,Trois véhicules et plus - en chaîne,,,,,,,,,,,1,2,1,1,4
200500015279,0005-03-08 18:06:00,5,3,8,18,6,400,88.0,"12, BOYAU (AVE MAURICE)",,,Plein jour,En agglomération,Intersection en T,Normale,Deux véhicules - côté,,,,,,,,,,,1,2,3,1,3