accident_id,datetime,annee,mois,jour,heure,minute,departement,commune_insee,adresse,latitude,longitude,luminosite,agglomeration,intersection,meteo,collision,nb_vehicules,nb_usagers,nb_indemnes,nb_tues,nb_blesses_hosp,nb_blesses_legers,age_cond_1,age_cond_2,veh_type_cond_1,veh_type_cond_2,lum_code,agg_code,int_code,atm_code,col_code
200500015280,0005-03-08 10:00:00,5,3,8,10,0,400,88.0,"21, MANOIR (BOULEVARD YV",,,Plein jour,En agglomération,Hors intersection,Normale,Deux véhicules - côté,,,,,,,,,,,1,2,1,1,3
200500015281,0005-03-11 16:00:00,5,3,11,16,0,400,88.0,ASPREMONT (RUE D') (PONT,,,Plein jour,En agglomération,Intersection en T,Normale,Deux véhicules - côté,,,,,,,,,,,1,2,3,1,3
200500015282,0005-03-17 11:30:00,5,3,17,11,30,400,279.0,"3500, PIERRE BENOIT (RUE",,,Plein jour,En agglomération,Hors intersection,Normale,Deux véhicules - arrière,,,,,,,,,,,1,2,1,1,2
200500015283,0005-03-21 08:00:00,5,3,21,8,0,400,279.0,FOCH (AVENUE DU MARECHAL,,,Plein jour,En agglomération,Hors intersection,Normale,Deux véhicules - côté,,,,,,,,,,,1,2,1,1,3
200500015284,0005-03-28 03:10:00,5,3,28,3,10,400,279.0,"938, FOCH (AVENUE DU MAR",,,Nuit avec éclairage allumé,En agglomération,Hors intersection,Normale,Autre collision,,,,,,,,,,,5,2,1,1,6
200500015285,0005-03-01 15:00:00,5,3,1,15,0,400,192.0,"0000, PARKING CARREFOUR",,,Plein jour,En agglomération,Hors intersection,Normale,Deux véhicules - côté,,,,,,,,,,,1,2,1,1,3
200500015286,0005-03-11 03:35:00,5,3,11,3,35,400,192.0,"50, VICTOR HUGO",,,Nuit avec éclairage allumé,En agglomération,Hors intersection,Normale,Autre collision,,,,,,,,,,,5,2,1,1,6
200500015287,0005-03-19 17:45:00,5,3,19,17,45,400,192.0,"1320, HOUGA (AV DU)",,,Plein jour,En agglomération,Hors intersection,Normale,Autre collision,,,,,,,,,,,1,2,1,1,6
200500015288,0005-03-22 08:00:00,5,3,22,8,0,400,192.0,"327, KENNEDY (AV DU PDT.",,,Plein jour,En agglomération,Hors intersection,Normale,Deux véhicules - côté,,,,,,,,,,,1,2,1,1,3
200500015289,0005-03-01 07:50:00,5,3,1,7,50,410,18.0,"12, VERDUN (AVENUE DE)",,,Plein jour,En agglomération,Hors intersection,Normale,Deux véhicules - côté,,,,,,,,,,,1,2,1,1,3
200500015290,0005-03-02 20:20:00,5,3,2,20,20,410,18.0,BOURG NEUF (RUE DU),,,Nuit avec éclairage allumé,En agglomération,Hors intersection,Pluie légère,Trois véhicules et plus - collisions multiples,,,,,,,,,,,5,2,1,2,5
200500015291,0005-03-05 00:01:00,5,3,5,0,1,410,18.0,"1, LOUIS XII (PLACE)",,,Nuit avec éclairage allumé,En agglomération,Hors intersection,Pluie légère,Autre collision,,,,,,,,,,,5,2,1,2,6
200500015292,0005-03-05 19:05:00,5,3,5,19,5,410,18.0,"1, LIBERATION (CARREFOUR",,,Crépuscule ou aube,En agglomération,Intersection en X,Normale,Deux véhicules - côté,,,,,,,,,,,2,2,2,1,3
200500015293,0005-03-07 14:25:00,5,3,7,14,25,410,18.0,D174,,,Plein jour,En agglomération,Hors intersection,Normale,Deux véhicules - arrière,,,,,,,,,,,1,2,1,1,2
200500015294,0005-03-01 17:10:00,5,3,1,17,10,410,18.0,NAU (RUE ROBERT),,,Plein jour,En agglomération,Hors intersection,Normale,Trois véhicules et plus - en chaîne,,,,,,,,,,,1,2,1,1,4
200500015295,0005-03-11 12:25:00,5,3,11,12,25,410,18.0,DUGAY-TROUIN (RUE)  N° I,,,Plein jour,En agglomération,Hors intersection,Normale,Deux véhicules - côté,,,,,,,,,,,1,2,1,1,3
200500015296,0005-03-14 16:00:00,5,3,14,16,0,410,212.0,CITES UNIES (BOULEVARD D,,,Plein jour,En agglomération,Hors intersection,Normale,Deux véhicules - côté,,,,,,,,,,,1,2,1,1,3
200500015297,0005-03-14 17:30:00,5,3,14,17,30,410,18.0,MAUNOURY (AVENUE DU MARE,,,Plein jour,En agglomération,Hors intersection,Normale,Deux véhicules - côté,,,,,,,,,,,1,2,1,1,3
200500015298,0005-03-17 17:50:00,5,3,17,17,50,410,18.0,CHATEAUDUN (AVENUE DE),,,Plein jour,En agglomération,Hors intersection,Normale,Deux véhicules - côté,,,,,,,,,,,1,2,1,1,3
200500015299,0005-03-18 17:54:00,5,3,18,17,54,410,18.0,BEGON (RUE MICHEL )  SAU,,,Plein jour,En agglomération,Hors intersection,Normale,Autre collision,,,,,,,,,,,1,2,1,1,6
200500015300,0005-03-21 11:40:00,5,3,21,11,40,410,18.0,LATTRE DE TASSIGNY (QUAI,,,Plein jour,En agglomération,Hors intersection,Normale,Deux véhicules - arrière,,,,,,,,,,,1,2,1,1,2
200500015301,0005-03-22 14:50:00,5,3,22,14,50,410,18.0,"1, PORTE CHARTRAINE (RUE",,,Plein jour,En agglomération,Hors intersection,Normale,Autre collision,,,,,,,,,,,1,2,1,1,6
200500015302,0005-03-24 14:15:00,5,3,24,14,15,410,18.0,DUPUIS (BOULEVARD DANIEL,,,Plein jour,En agglomération,Intersection en X,Normale,Deux véhicules - côté,,,,,,,,,,,1,2,2,1,3
200500015303,0005-03-25 16:40:00,5,3,25,16,40,410,18.0,CHATEAU-RENAULT (ROUTE D,,,Plein jour,En agglomération,Hors intersection,Normale,Autre collision,,,,,,,,,,,1,2,1,1,6
200500015304,0005-03-30 21:30:00,5,3,30,21,30,410,18.0,WILSON (AVENUE DU PRESID,,,Nuit avec éclairage allumé,En agglomération,Hors intersection,Normale,Deux véhicules - côté,,,,,,,,,,,5,2,1,1,3
200500015305,0005-03-05 16:40:00,5,3,5,16,40,410,269.0,", BEDU (RUE PATIENT)",,,Plein jour,En agglomération,Intersection en X,Normale,Deux véhicules - côté,,,,,,,,,,,1,2,2,1,3
200500015306,0005-03-18 00:40:00,5,3,18,0,40,410,269.0,"., KENNEDY (BOULEVARD DU",,,Nuit avec éclairage allumé,En agglomération,Intersection en X,Brouillard / fumée,Deux véhicules - côté,,,,,,,,,,,5,2,2,5,3
200500015307,0005-03-21 09:50:00,5,3,21,9,50,410,269.0,"., YVON (AVENUE GERARD)",,,Plein jour,En agglomération,Intersection en X,Normale,Deux véhicules - côté,,,,,,,,,,,1,2,2,1,3
200500015308,0005-03-24 18:17:00,5,3,24,18,17,410,269.0,", CLEMENCEAU (AVENUE GEO",,,Plein jour,En agglomération,Hors intersection,Normale,Deux véhicules - côté,,,,,,,,,,,1,2,1,1,3
200500015309,0005-03-30 08:20:00,5,3,30,8,20,410,269.0,RN 10,,,Plein jour,En agglomération,Autre intersection,Pluie légère,Deux véhicules - arrière,,,,,,,,,,,1,2,9,2,2
200500015310,0005-03-01 08:55:00,5,3,1,8,55,420,183.0,ROCADE OUEST,,,Plein jour,Hors agglomération,Hors intersection,Normale,Deux véhicules - arrière,,,,,,,,,,,1,1,1,1,2
200500015311,0005-03-06 06:10:00,5,3,6,6,10,420,183.0,PARC (AVENUE DU),,,Nuit sans éclairage public,En agglomération,Hors intersection,Neige / grêle,Sans collision,,,,,,,,,,,3,2,1,4,7
200500015312,0005-03-07 08:50:00,5,3,7,8,50,420,183.0,"23, GAMBETTA (RUE)",,,Plein jour,En agglomération,Hors intersection,Temps couvert,Deux véhicules - arrière,,,,,,,,,,,1,2,1,8,2
200500015313,0005-03-11 14:15:00,5,3,11,14,15,420,183.0,"136, REPUBLIQUE (RUE DE",,,Plein jour,En agglomération,Hors intersection,Normale,Autre collision,,,,,,,,,,,1,2,1,1,6
200500015314,0005-03-30 10:10:00,5,3,30,10,10,420,316.0,"23, BLAIN (RUE PAUL)",,,Plein jour,En agglomération,Hors intersection,Normale,Autre collision,,,,,,,,,,,1,2,1,1,6
200500015315,0005-03-01 09:30:00,5,3,1,9,30,420,95.0,"4, MARCHE (PLACE DU)",,,Plein jour,En agglomération,Hors intersection,Autre,Autre collision,,,,,,,,,,,1,2,1,9,6
200500015316,0005-03-12 14:30:00,5,3,12,14,30,420,95.0,"26, ROCHE (ROUTE DE)",,,Plein jour,En agglomération,Intersection en T,Normale,Deux véhicules - côté,,,,,,,,,,,1,2,3,1,3
200500015317,0005-03-06 18:58:00,5,3,6,18,58,420,147.0,ROCADE SUD,,,Nuit sans éclairage public,En agglomération,Intersection en X,Pluie légère,Deux véhicules - côté,,,,,,,,,,,3,2,2,2,3
200500015318,0005-03-02 18:45:00,5,3,2,18,45,420,127.0,"260, RONDET MICHEL ( RUE",,,Crépuscule ou aube,En agglomération,Hors intersection,Normale,Deux véhicules - côté,,,,,,,,,,,2,2,1,1,3
200500015319,0005-03-06 09:45:00,5,3,6,9,45,420,187.0,"17, FERRY (BOULEVARD JUL",,,Plein jour,En agglomération,Autre intersection,Normale,Deux véhicules - côté,,,,,,,,,,,1,2,9,1,3
200500015320,0005-03-11 11:15:00,5,3,11,11,15,420,187.0,"14, COTTON (RUE)",,,Plein jour,En agglomération,Intersection en X,Normale,Deux véhicules - côté,,,,,,,,,,,1,2,2,1,3
200500015321,0005-03-11 11:20:00,5,3,11,11,20,420,127.0,"46, MUSSET  RD 207 (RUE",,,Plein jour,En agglomération,Autre intersection,Normale,Autre collision,,,,,,,,,,,1,2,9,1,6
200500015322,0005-03-15 10:50:00,5,3,15,10,50,420,184.0,"1, DELAUNAY SONIA  (RUE)",,,Plein jour,En agglomération,Intersection en X,Normale,Deux véhicules - arrière,,,,,,,,,,,1,2,2,1,2
200500015323,0005-03-15 18:15:00,5,3,15,18,15,420,187.0,"34, BRANLY (RUE EDOUARD",,,Plein jour,En agglomération,Autre intersection,Normale,Deux véhicules - côté,,,,,,,,,,,1,2,9,1,3
200500015324,0005-03-17 05:06:00,5,3,17,5,6,420,187.0,"85, LYON (AVENUE DE)",,,Nuit avec éclairage allumé,En agglomération,Autre intersection,Normale,Autre collision,,,,,,,,,,,5,2,9,1,6
200500015325,0005-03-16 21:20:00,5,3,16,21,20,420,187.0,"85, LYON (AVENUE DE)",,,Nuit avec éclairage allumé,En agglomération,Hors intersection,Normale,Deux véhicules - arrière,,,,,,,,,,,5,2,1,1,2
200500015326,0005-03-18 08:40:00,5,3,18,8,40,420,187.0,"11, MOULIN PAILLASSON (R",,,Plein jour,En agglomération,Intersection en X,Normale,Autre collision,,,,,,,,,,,1,2,2,1,6
200500015327,0005-03-19 18:04:00,5,3,19,18,4,420,187.0,"20, EST (ROCADE)",,,Plein jour,En agglomération,Autre intersection,Normale,Deux véhicules - arrière,,,,,,,,,,,1,2,9,1,2
200500015328,0005-03-20 07:30:00,5,3,20,7,30,420,187.0,"8, RAFFIN (RUE ALEXANDRE",,,Nuit avec éclairage allumé,En agglomération,Hors intersection,Normale,Autre collision,,,,,,,,,,,5,2,1,1,6
200500015329,0005-03-21 12:05:00,5,3,21,12,5,420,187.0,"2, PARIS (AVENUE DE)",,,Plein jour,En agglomération,Autre intersection,Normale,Autre collision,,,,,,,,,,,1,2,9,1,6
200500015330,0005-03-24 14:00:00,5,3,24,14,0,420,187.0,"20, HOCHE (RUE)",,,Plein jour,En agglomération,Intersection en X,Normale,Deux véhicules - frontale,,,,,,,,,,,1,2,2,1,1
200500015331,0005-03-25 12:05:00,5,3,25,12,5,420,187.0,"20, MARECHAL JOFFRE (BOU",,,Plein jour,En agglomération,Hors intersection,Normale,Autre collision,,,,,,,,,,,1,2,1,1,6
200500015332,0005-03-30 05:55:00,5,3,30,5,55,420,71.0,"180, LIBERATION (AVENUE",,,Crépuscule ou aube,En agglomération,Intersection en X,Normale,Autre collision,,,,,,,,,,,2,2,2,1,6
200500015333,0005-03-30 10:05:00,5,3,30,10,5,420,71.0,"9, CARNOT (RUE)",,,Plein jour,En agglomération,Hors intersection,Normale,Autre collision,,,,,,,,,,,1,2,1,1,6
200500015334,0005-03-20 18:00:00,5,3,20,18,0,420,170.0,LES BASSES VAVRES (LIEU,,,Plein jour,En agglomération,Hors intersection,Normale,Sans collision,,,,,,,,,,,1,2,1,1,7
200500015335,0005-03-01 08:45:00,5,3,1,8,45,420,330.0,"24, DUVAL RAOUL (BOULEVA",,,Plein jour,En agglomération,Hors intersection,Normale,Deux véhicules - frontale,,,,,,,,,,,1,2,1,1,1
200500015336,0005-03-01 17:43:00,5,3,1,17,43,420,330.0,"face au 19, JANIN JULES",,,Plein jour,En agglomération,Hors intersection,Normale,Trois véhicules et plus - en chaîne,,,,,,,,,,,1,2,1,1,4
200500015337,0005-03-02 14:40:00,5,3,2,14,40,420,189.0,departementale 10,,,Plein jour,En agglomération,Hors intersection,Normale,Deux véhicules - frontale,,,,,,,,,,,1,2,1,1,1
200500015338,0005-03-04 13:15:00,5,3,4,13,15,420,330.0,"7, MICHARD",,,Plein jour,En agglomération,Intersection en X,Normale,Deux véhicules - côté,,,,,,,,,,,1,2,2,1,3
200500015339,0005-03-04 14:50:00,5,3,4,14,50,420,330.0,CHALUMEAU HECTOR,,,Plein jour,En agglomération,Intersection en X,Temps couvert,Deux véhicules - côté,,,,,,,,,,,1,2,2,8,3
200500015340,0005-03-11 16:54:00,5,3,11,16,54,420,330.0,ROCHETTES (DES) JUSQU'AU,,,Plein jour,En agglomération,Hors intersection,Normale,Autre collision,,,,,,,,,,,1,2,1,1,6
200500015341,0005-03-06 20:40:00,5,3,6,20,40,420,330.0,"0000000001, CARON",,,Nuit avec éclairage allumé,En agglomération,Intersection en T,Neige / grêle,Autre collision,,,,,,,,,,,5,2,3,4,6
200500015342,0005-03-07 19:15:00,5,3,7,19,15,420,330.0,"31, LIOGIER JUSQU'AUX N°",,,Nuit avec éclairage allumé,En agglomération,Hors intersection,Neige / grêle,Autre collision,,,,,,,,,,,5,2,1,4,6
200500015343,0005-03-08 17:00:00,5,3,8,17,0,420,189.0,BRAILLE LOUIS (BOULEVARD,,,Plein jour,En agglomération,Intersection en T,Normale,Deux véhicules - côté,,,,,,,,,,,1,2,3,1,3
200500015344,0005-03-09 13:45:00,5,3,9,13,45,420,330.0,"74, TARDY (DE)",,,Plein jour,En agglomération,Hors intersection,Normale,Trois véhicules et plus - collisions multiples,,,,,,,,,,,1,2,1,1,5
200500015345,0005-03-09 18:34:00,5,3,9,18,34,420,330.0,"21, BRIAND ET DE LA PAIX",,,Nuit avec éclairage allumé,En agglomération,Intersection en X,Normale,Deux véhicules - côté,,,,,,,,,,,5,2,2,1,3
200500015346,0005-03-10 15:35:00,5,3,10,15,35,420,330.0,CHOLAT CHARLES,,,Plein jour,En agglomération,Hors intersection,Normale,Deux véhicules - côté,,,,,,,,,,,1,2,1,1,3
200500015347,0005-03-11 11:27:00,5,3,11,11,27,420,330.0,"170, ALLIES A PARTIR N°",,,Plein jour,En agglomération,Hors intersection,Normale,Autre collision,,,,,,,,,,,1,2,1,1,6
200500015348,0005-03-11 13:27:00,5,3,11,13,27,420,330.0,"9, FAURIEL (COURS)",,,Plein jour,En agglomération,Hors intersection,Normale,Deux véhicules - frontale,,,,,,,,,,,1,2,1,1,1
200500015349,0005-03-11 17:37:00,5,3,11,17,37,420,330.0,STALINGRAD (SQUARE),,,Plein jour,En agglomération,Hors intersection,Normale,Autre collision,,,,,,,,,,,1,2,1,1,6
200500015350,0005-03-16 14:52:00,5,3,16,14,52,420,330.0,"8, LECLERC GENERAL",,,Plein jour,En agglomération,Hors intersection,Normale,Autre collision,,,,,,,,,,,1,2,1,1,6
200500015351,0005-03-17 18:00:00,5,3,17,18,0,420,330.0,VIVALDI ANTONIO (BOULEVA,,,Plein jour,En agglomération,Hors intersection,Normale,Autre collision,,,,,,,,,,,1,2,1,1,6
200500015352,0005-03-20 01:35:00,5,3,20,1,35,420,330.0,"1 BIS, ENSEIGNE ROUX",,,Nuit avec éclairage allumé,En agglomération,Hors intersection,Normale,Autre collision,,,,,,,,,,,5,2,1,1,6
200500015353,0005-03-18 15:10:00,5,3,18,15,10,420,330.0,"31, TEISSIER GEORGES",,,Plein jour,En agglomération,Hors intersection,Normale,Trois véhicules et plus - en chaîne,,,,,,,,,,,1,2,1,1,4
200500015354,0005-03-18 17:43:00,5,3,18,17,43,420,330.0,"24, MONTAT (DE LA) JUSQU",,,Plein jour,En agglomération,Hors intersection,Normale,Autre collision,,,,,,,,,,,1,2,1,1,6
200500015355,0005-03-18 15:25:00,5,3,18,15,25,420,305.0,RN 498,,,Plein jour,En agglomération,Intersection en X,Normale,Autre collision,,,,,,,,,,,1,2,2,1,6
200500015356,0005-03-19 16:15:00,5,3,19,16,15,420,330.0,"14, MONTAT (DE LA) JUSQU",,,Plein jour,En agglomération,Hors intersection,Normale,Deux véhicules - côté,,,,,,,,,,,1,2,1,1,3
200500015357,0005-03-19 18:45:00,5,3,19,18,45,420,330.0,"1, TROIS GLORIEUSES (DES",,,Plein jour,En agglomération,Intersection en T,Normale,Deux véhicules - côté,,,,,,,,,,,1,2,3,1,3
200500015358,0005-03-20 17:00:00,5,3,20,17,0,420,330.0,"50, MONTAT (DE LA) JUSQU",,,Plein jour,En agglomération,Intersection en T,Temps éblouissant,Deux véhicules - côté,,,,,,,,,,,1,2,3,7,3
200500015359,0005-03-22 11:50:00,5,3,22,11,50,420,330.0,"56, JANIN JULES (BD) A P",,,Plein jour,En agglomération,Hors intersection,Pluie légère,Deux véhicules - côté,,,,,,,,,,,1,2,1,2,3
200500015360,0005-03-22 16:45:00,5,3,22,16,45,420,330.0,MENDES FRANCE PIERRE (AV,,,Plein jour,En agglomération,Intersection en T,Normale,Deux véhicules - côté,,,,,,,,,,,1,2,3,1,3
200500015361,0005-03-24 18:06:00,5,3,24,18,6,420,330.0,RICHELANDIERE (DE LA) JU,,,Plein jour,En agglomération,Intersection en T,Normale,Autre collision,,,,,,,,,,,1,2,3,1,6
200500015362,0005-03-25 13:35:00,5,3,25,13,35,420,330.0,FAURIEL (COURS),,,Plein jour,En agglomération,Hors intersection,Normale,Autre collision,,,,,,,,,,,1,2,1,1,6
200500015363,0005-03-26 09:15:00,5,3,26,9,15,420,330.0,"0000000001, KRUMNOW FRED",,,Plein jour,En agglomération,Intersection en X,Normale,Trois véhicules et plus - collisions multiples,,,,,,,,,,,1,2,2,1,5
200500015364,0005-03-30 23:45:00,5,3,30,23,45,420,330.0,C.D. N°8,,,Nuit sans éclairage public,En agglomération,Hors intersection,Pluie légère,Sans collision,,,,,,,,,,,3,2,1,2,7
200500015365,0005-03-30 09:35:00,5,3,30,9,35,420,330.0,"28, FABIEN COLONEL",,,Plein jour,En agglomération,Hors intersection,Normale,Autre collision,,,,,,,,,,,1,2,1,1,6
200500015366,0005-03-02 10:50:00,5,3,2,10,50,430,157.0,CLUNY (BD. DE),,,Plein jour,En agglomération,Intersection en X,Normale,Deux véhicules - côté,,,,,,,,,,,1,2,2,1,3
200500015367,0005-03-19 14:25:00,5,3,19,14,25,430,2.0,BONNEVILLE (AVENUE DE),,,Plein jour,En agglomération,Hors intersection,Normale,Deux véhicules - côté,,,,,,,,,,,1,2,1,1,3
200500015368,0005-03-20 09:45:00,5,3,20,9,45,430,157.0,ST-LOUIS (BD),,,Plein jour,En agglomération,Hors intersection,Normale,Autre collision,,,,,,,,,,,1,2,1,1,6
200500015369,0005-03-19 08:40:00,5,3,19,8,40,440,135.0,FURGUAI ( CHEMIN DE LA ),,,Plein jour,En agglomération,Hors intersection,Normale,Deux véhicules - frontale,,,,,,,,,,,1,2,1,1,1
200500015370,0005-03-25 14:30:00,5,3,25,14,30,440,135.0,"3, LATTRE DE TASSIGNY (",,,Plein jour,En agglomération,Hors intersection,Normale,Deux véhicules - arrière,,,,,,,,,,,1,2,1,1,2
200500015371,0005-03-27 21:45:00,5,3,27,21,45,440,135.0,"26, ANDRÉ ( ESPLANADE FR",,,Nuit avec éclairage allumé,En agglomération,Hors intersection,Pluie légère,Autre collision,,,,,,,,,,,5,2,1,2,6
200500015372,0005-03-01 20:40:00,5,3,1,20,40,440,109.0,JOUHAUX ( BD LEON ),,,Nuit avec éclairage allumé,En agglomération,Hors intersection,Normale,Autre collision,,,,,,,,,,,5,2,1,1,6
200500015373,0005-03-02 06:47:00,5,3,2,6,47,440,109.0,PAPOTIERE ( RUE DE LA ),,,Nuit avec éclairage allumé,En agglomération,Hors intersection,Temps couvert,Deux véhicules - frontale,,,,,,,,,,,5,2,1,8,1
200500015374,0005-03-03 07:20:00,5,3,3,7,20,440,109.0,SARREBRUCK ( BD DE ),,,Crépuscule ou aube,En agglomération,Hors intersection,Neige / grêle,Autre collision,,,,,,,,,,,2,2,1,4,6
200500015375,0005-03-07 15:20:00,5,3,7,15,20,440,109.0,BELLIER ( RUE ),,,Plein jour,En agglomération,Hors intersection,Normale,Autre collision,,,,,,,,,,,1,2,1,1,6
200500015376,0005-03-04 19:40:00,5,3,4,19,40,440,109.0,"15, MARSAUDERIES ( RUE D",,,Nuit avec éclairage allumé,En agglomération,Hors intersection,Normale,Deux véhicules - côté,,,,,,,,,,,5,2,1,1,3
200500015377,0005-03-05 10:00:00,5,3,5,10,0,440,109.0,"1, GAUCHET ( RUE DU PRE",,,Plein jour,En agglomération,Hors intersection,Normale,Trois véhicules et plus - collisions multiples,,,,,,,,,,,1,2,1,1,5
200500015378,0005-03-07 09:40:00,5,3,7,9,40,440,109.0,"34, SCOTTO ( RUE VINCENT",,,Plein jour,En agglomération,Intersection en T,Normale,Deux véhicules - frontale,,,,,,,,,,,1,2,3,1,1
200500015379,0005-03-05 23:45:00,5,3,5,23,45,440,109.0,MONNET ( BD JEAN ),,,Nuit avec éclairage allumé,En agglomération,Hors intersection,Normale,Autre collision,,,,,,,,,,,5,2,1,1,6
200500015380,0005-03-08 15:05:00,5,3,8,15,5,440,109.0,HAUTECLOQUE  ( RUE GAL D,,,Plein jour,En agglomération,Hors intersection,Normale,Autre collision,,,,,,,,,,,1,2,1,1,6
200500015381,0005-03-05 14:40:00,5,3,5,14,40,440,109.0,TORTIERE ( PONT DE LA ),,,Plein jour,En agglomération,Hors intersection,Normale,Autre collision,,,,,,,,,,,1,2,1,1,6
200500015382,0005-03-02 11:00:00,5,3,2,11,0,440,109.0,LANDREAU ( RUE DU ),,,Plein jour,En agglomération,Hors intersection,Normale,Autre collision,,,,,,,,,,,1,2,1,1,6
200500015383,0005-03-11 11:13:00,5,3,11,11,13,440,109.0,LUCE ( RTE DE SAINTE ),,,Plein jour,En agglomération,Hors intersection,Normale,Autre collision,,,,,,,,,,,1,2,1,1,6
200500015384,0005-03-11 14:45:00,5,3,11,14,45,440,109.0,"00, CALVAIRE ( RUE DU )",,,Plein jour,En agglomération,Hors intersection,Normale,Autre collision,,,,,,,,,,,1,2,1,1,6
200500015385,0005-03-11 15:30:00,5,3,11,15,30,440,109.0,"92, EGALITE  ( BD DE L'",,,Plein jour,En agglomération,Hors intersection,Normale,Autre collision,,,,,,,,,,,1,2,1,1,6
200500015386,0005-03-11 16:40:00,5,3,11,16,40,440,109.0,"33, TIR ( RUE CHAMP DE )",,,Plein jour,En agglomération,Hors intersection,Normale,Autre collision,,,,,,,,,,,1,2,1,1,6
200500015387,0005-03-12 11:35:00,5,3,12,11,35,440,109.0,OTAGES ( COURS DES 50 ),,,Plein jour,En agglomération,Giratoire,Normale,Deux véhicules - côté,,,,,,,,,,,1,2,6,1,3
200500015388,0005-03-13 01:27:00,5,3,13,1,27,440,109.0,"127, BELLAMY ( RUE PAUL",,,Nuit avec éclairage allumé,En agglomération,Intersection en T,Normale,Autre collision,,,,,,,,,,,5,2,3,1,6
200500015389,0005-03-13 20:25:00,5,3,13,20,25,440,109.0,"38, ORIEUX ( BD EUGENE )",,,Nuit avec éclairage allumé,En agglomération,Hors intersection,Normale,Deux véhicules - arrière,,,,,,,,,,,5,2,1,1,2
200500015390,0005-03-15 08:55:00,5,3,15,8,55,440,109.0,"19, RENAUD ( QUAI ERNEST",,,Plein jour,En agglomération,Hors intersection,Normale,Autre collision,,,,,,,,,,,1,2,1,1,6
200500015391,0005-03-16 07:45:00,5,3,16,7,45,440,109.0,CHABAS ( BD PAUL ),,,Plein jour,En agglomération,Hors intersection,Normale,Trois véhicules et plus - en chaîne,,,,,,,,,,,1,2,1,1,4
200500015392,0005-03-16 08:40:00,5,3,16,8,40,440,109.0,"67, PAPOTIERE ( RUE DE L",,,Plein jour,En agglomération,Hors intersection,Normale,Deux véhicules - frontale,,,,,,,,,,,1,2,1,1,1
200500015393,0005-03-15 11:15:00,5,3,15,11,15,440,215.0,"237, VANNES (ROUTE DE)",,,Plein jour,En agglomération,Hors intersection,Normale,Deux véhicules - côté,,,,,,,,,,,1,2,1,1,3
200500015394,0005-03-16 16:25:00,5,3,16,16,25,440,109.0,"47, BLANC ( RUE DU FRESC",,,Plein jour,En agglomération,Hors intersection,Normale,Autre collision,,,,,,,,,,,1,2,1,1,6
200500015395,0005-03-17 08:10:00,5,3,17,8,10,440,109.0,"44, BOIS ( RUE DE LA VIL",,,Plein jour,En agglomération,Hors intersection,Normale,Autre collision,,,,,,,,,,,1,2,1,1,6
200500015396,0005-03-17 19:05:00,5,3,17,19,5,440,143.0,"6, DE TASSIGNY (AV)",,,Plein jour,En agglomération,Hors intersection,Normale,Autre collision,,,,,,,,,,,1,2,1,1,6
200500015397,0005-03-16 17:10:00,5,3,16,17,10,440,109.0,CHEVIRE ( PONT EXTERIEUR,,,Plein jour,En agglomération,Hors intersection,Normale,Autre collision,,,,,,,,,,,1,2,1,1,6
200500015398,0005-03-17 13:10:00,5,3,17,13,10,440,215.0,"138, MASSACRE (BD DU)",,,Plein jour,En agglomération,Hors intersection,Normale,Autre collision,,,,,,,,,,,1,2,1,1,6
200500015399,0005-03-17 14:20:00,5,3,17,14,20,440,109.0,"39, BOIS ( RUE DE LA VIL",,,Plein jour,En agglomération,Hors intersection,Normale,Deux véhicules - côté,,,,,,,,,,,1,2,1,1,3
200500015400,0005-03-18 08:55:00,5,3,18,8,55,440,109.0,BEAUJOIRE ( BD DE LA ),,,Plein jour,En agglomération,Hors intersection,Normale,Autre collision,,,,,,,,,,,1,2,1,1,6
200500015401,0005-03-18 15:35:00,5,3,18,15,35,440,109.0,ROMANET ( BD EMILE ),,,Plein jour,En agglomération,Hors intersection,Normale,Autre collision,,,,,,,,,,,1,2,1,1,6
200500015402,0005-03-18 08:25:00,5,3,18,8,25,440,215.0,"25, BLARD (RUE PIERRE)",,,Plein jour,En agglomération,Hors intersection,Normale,Autre collision,,,,,,,,,,,1,2,1,1,6
200500015403,0005-03-18 19:05:00,5,3,18,19,5,440,109.0,"24, ERAUDIERE ( RUE  CHÂ",,,Plein jour,En agglomération,Hors intersection,Normale,Autre collision,,,,,,,,,,,1,2,1,1,6
200500015404,0005-03-20 14:55:00,5,3,20,14,55,440,109.0,PERIPHERIQUE,,,Plein jour,En agglomération,Hors intersection,Normale,Sans collision,,,,,,,,,,,1,2,1,1,7
200500015405,0005-03-19 13:30:00,5,3,19,13,30,440,109.0,"1, ROTONDE ( PONT DE LA",,,Plein jour,En agglomération,Hors intersection,Normale,Autre collision,,,,,,,,,,,1,2,1,1,6
200500015406,0005-03-19 13:50:00,5,3,19,13,50,440,109.0,EUROPE ( BD DE L' ),,,Plein jour,En agglomération,Hors intersection,Normale,Autre collision,,,,,,,,,,,1,2,1,1,6
200500015407,0005-03-19 15:10:00,5,3,19,15,10,440,109.0,"28, CALVAIRE ( RUE DU )",,,Plein jour,En agglomération,Hors intersection,Normale,Autre collision,,,,,,,,,,,1,2,1,1,6
200500015408,0005-03-21 17:40:00,5,3,21,17,40,440,109.0,"11, LAURIOL ( BD GABRIEL",,,Plein jour,En agglomération,Hors intersection,Normale,Deux véhicules - arrière,,,,,,,,,,,1,2,1,1,2
200500015409,0005-03-21 20:50:00,5,3,21,20,50,440,109.0,MONTEIL ( RUE ),,,Nuit avec éclairage allumé,En agglomération,Intersection en X,Normale,Deux véhicules - côté,,,,,,,,,,,5,2,2,1,3
200500015410,0005-03-22 17:03:00,5,3,22,17,3,440,109.0,COLINIERE ( RUE DE LA ),,,Plein jour,En agglomération,Giratoire,Normale,Deux véhicules - arrière,,,,,,,,,,,1,2,6,1,2