accident_id,datetime,annee,mois,jour,heure,minute,departement,commune_insee,adresse,latitude,longitude,luminosite,agglomeration,intersection,meteo,collision,nb_vehicules,nb_usagers,nb_indemnes,nb_tues,nb_blesses_hosp,nb_blesses_legers,age_cond_1,age_cond_2,veh_type_cond_1,veh_type_cond_2,lum_code,agg_code,int_code,atm_code,col_code
200500015411,0005-03-21 13:40:00,5,3,21,13,40,440,109.0,PATOUILLERIE ( RUE DE LA,,,Plein jour,En agglomération,Hors intersection,Normale,Autre collision,,,,,,,,,,,1,2,1,1,6
200500015412,0005-03-22 16:30:00,5,3,22,16,30,440,215.0,"1, BARAUDIERE (AV DE LA)",,,Plein jour,En agglomération,Hors intersection,Normale,Deux véhicules - côté,,,,,,,,,,,1,2,1,1,3
200500015413,0005-03-23 17:45:00,5,3,23,17,45,440,109.0,"1, CEINERAY ( QUAI )",,,Plein jour,En agglomération,Autre intersection,Normale,Autre collision,,,,,,,,,,,1,2,9,1,6
200500015414,0005-03-23 18:00:00,5,3,23,18,0,440,109.0,"125, BELLAMY ( RUE PAUL",,,Plein jour,En agglomération,Hors intersection,Normale,Autre collision,,,,,,,,,,,1,2,1,1,6
200500015415,0005-03-23 10:10:00,5,3,23,10,10,440,114.0,"0, CHASTELLAND (AV ROBER",,,Plein jour,En agglomération,Intersection en X,Normale,Deux véhicules - côté,,,,,,,,,,,1,2,2,1,3
200500015416,0005-03-12 14:30:00,5,3,12,14,30,440,143.0,HUIT MAI 1945 (PLACE DU),,,Plein jour,En agglomération,Hors intersection,Normale,Sans collision,,,,,,,,,,,1,2,1,1,7
200500015417,0005-03-24 22:45:00,5,3,24,22,45,440,109.0,PORTERIE (ST JOPEPH),,,Nuit avec éclairage allumé,En agglomération,Hors intersection,Normale,Deux véhicules - côté,,,,,,,,,,,5,2,1,1,3
200500015418,0005-03-28 03:40:00,5,3,28,3,40,440,109.0,"191, BELLAMY ( RUE PAUL",,,Nuit avec éclairage allumé,En agglomération,Hors intersection,Normale,Deux véhicules - arrière,,,,,,,,,,,5,2,1,1,2
200500015419,0005-03-26 10:40:00,5,3,26,10,40,440,109.0,"52, MILLET ( BD LOUIS )",,,Plein jour,En agglomération,Hors intersection,Normale,Autre collision,,,,,,,,,,,1,2,1,1,6
200500015420,0005-03-26 18:15:00,5,3,26,18,15,440,109.0,"23, RACINE ( RUE )",,,Plein jour,En agglomération,Intersection en X,Normale,Autre collision,,,,,,,,,,,1,2,2,1,6
200500015421,0005-03-26 14:30:00,5,3,26,14,30,440,143.0,CORBINERIE (ROND POINT D,,,Plein jour,En agglomération,Hors intersection,Normale,Autre collision,,,,,,,,,,,1,2,1,1,6
200500015422,0005-03-26 00:20:00,5,3,26,0,20,440,215.0,ESTUAIRE (PTE PERIPH EXT,,,Nuit avec éclairage allumé,En agglomération,Hors intersection,Normale,Autre collision,,,,,,,,,,,5,2,1,1,6
200500015423,0005-03-29 10:30:00,5,3,29,10,30,440,109.0,FELTRE ( RUE DE ),,,Plein jour,En agglomération,Intersection en T,Normale,Deux véhicules - côté,,,,,,,,,,,1,2,3,1,3
200500015424,0005-03-29 17:25:00,5,3,29,17,25,440,109.0,"211, BELLAMY ( RUE PAUL",,,Plein jour,En agglomération,Hors intersection,Normale,Autre collision,,,,,,,,,,,1,2,1,1,6
200500015425,0005-03-27 03:00:00,5,3,27,3,0,440,109.0,BUREAU ( BD LEON ),,,Nuit avec éclairage allumé,En agglomération,Hors intersection,Normale,Autre collision,,,,,,,,,,,5,2,1,1,6
200500015426,0005-03-24 12:40:00,5,3,24,12,40,440,109.0,"3, CLAVURERIE ( RUE DE L",,,Plein jour,En agglomération,Hors intersection,Normale,Autre collision,,,,,,,,,,,1,2,1,1,6
200500015427,0005-03-30 12:25:00,5,3,30,12,25,440,109.0,LUCE ( RTE DE SAINTE ),,,Plein jour,En agglomération,Intersection en T,Temps couvert,Deux véhicules - côté,,,,,,,,,,,1,2,3,8,3
200500015428,0005-03-26 18:00:00,5,3,26,18,0,440,109.0,PARIS ( R-PT DE ),,,Plein jour,En agglomération,Autre intersection,Autre,Deux véhicules - arrière,,,,,,,,,,,1,2,9,9,2
200500015429,0005-03-31 13:50:00,5,3,31,13,50,440,109.0,MICHEL ( RUE GASTON ),,,Plein jour,En agglomération,Hors intersection,Normale,Autre collision,,,,,,,,,,,1,2,1,1,6
200500015430,0005-03-31 08:55:00,5,3,31,8,55,440,109.0,WILSON ( QUAI PRESIDENT,,,Plein jour,En agglomération,Hors intersection,Normale,Trois véhicules et plus - collisions multiples,,,,,,,,,,,1,2,1,1,5
200500015431,0005-03-31 21:20:00,5,3,31,21,20,440,109.0,EINSTEIN  ( BD ALBERT ),,,Nuit avec éclairage allumé,En agglomération,Giratoire,Normale,Deux véhicules - côté,,,,,,,,,,,5,2,6,1,3
200500015432,0005-03-31 20:30:00,5,3,31,20,30,440,109.0,JACKSONVILLE ( PLACE ),,,Plein jour,En agglomération,Giratoire,Normale,Deux véhicules - côté,,,,,,,,,,,1,2,6,1,3
200500015433,0005-03-07 17:30:00,5,3,7,17,30,440,184.0,"293, LAENNEC (BD DU DR R",,,Plein jour,En agglomération,Hors intersection,Normale,Autre collision,,,,,,,,,,,1,2,1,1,6
200500015434,0005-03-08 09:30:00,5,3,8,9,30,440,184.0,"57, GAUTIER (RUE HENRI)",,,Plein jour,En agglomération,Hors intersection,Normale,Deux véhicules - côté,,,,,,,,,,,1,2,1,1,3
200500015435,0005-03-12 10:40:00,5,3,12,10,40,440,184.0,"72, HUGO (BOULEVARD VICT",,,Plein jour,En agglomération,Hors intersection,Normale,Deux véhicules - arrière,,,,,,,,,,,1,2,1,1,2
200500015436,0005-03-22 14:00:00,5,3,22,14,0,440,184.0,"95, MITTERRAND (AVENUE F",,,Plein jour,En agglomération,Hors intersection,Normale,Deux véhicules - arrière,,,,,,,,,,,1,2,1,1,2
200500015437,0005-03-22 17:00:00,5,3,22,17,0,440,184.0,"82, FAURÉ (RUE GABRIEL)",,,Plein jour,En agglomération,Intersection en X,Normale,Deux véhicules - côté,,,,,,,,,,,1,2,2,1,3
200500015438,0005-03-22 22:15:00,5,3,22,22,15,440,184.0,ZOLA (BOULEVARD EMILE),,,Nuit avec éclairage allumé,En agglomération,Intersection en X,Normale,Trois véhicules et plus - collisions multiples,,,,,,,,,,,5,2,2,1,5
200500015439,0005-03-23 17:20:00,5,3,23,17,20,440,184.0,BOIS JOALLAND  (ROUTE DU,,,Plein jour,En agglomération,Hors intersection,Normale,Deux véhicules - arrière,,,,,,,,,,,1,2,1,1,2
200500015440,0005-03-29 09:10:00,5,3,29,9,10,440,184.0,"27, HERBINS (AVENUE D')",,,Plein jour,En agglomération,Hors intersection,Normale,Autre collision,,,,,,,,,,,1,2,1,1,6
200500015441,0005-03-18 13:45:00,5,3,18,13,45,450,68.0,"30, MANDELA(AVENUE NELSO",,,Plein jour,En agglomération,Hors intersection,Normale,Deux véhicules - frontale,,,,,,,,,,,1,2,1,1,1
200500015442,0005-03-02 08:40:00,5,3,2,8,40,450,234.0,"111, ZAY (RUE JEAN ZAY)",,,Plein jour,En agglomération,Intersection en T,Normale,Deux véhicules - côté,,,,,,,,,,,1,2,3,1,3
200500015443,0005-03-06 01:10:00,5,3,6,1,10,450,147.0,11 OCTOBRE (RUE DU 11 OC,,,Nuit avec éclairage allumé,En agglomération,Intersection en X,Normale,Trois véhicules et plus - collisions multiples,,,,,,,,,,,5,2,2,1,5
200500015444,0005-03-10 18:15:00,5,3,10,18,15,450,234.0,"25, BALZAC (RUE HONORE D",,,Crépuscule ou aube,En agglomération,Hors intersection,Normale,Autre collision,,,,,,,,,,,2,2,1,1,6
200500015445,0005-03-18 08:20:00,5,3,18,8,20,450,235.0,SANDILLON  (ROUTE DE),,,Plein jour,En agglomération,Hors intersection,Brouillard / fumée,Deux véhicules - frontale,,,,,,,,,,,1,2,1,5,1
200500015446,0005-03-18 17:35:00,5,3,18,17,35,450,234.0,SECRETAIN (AVENUE ROGER),,,Plein jour,En agglomération,Intersection en Y,Normale,Deux véhicules - côté,,,,,,,,,,,1,2,4,1,3
200500015447,0005-03-20 05:40:00,5,3,20,5,40,450,302.0,"521, BANNIER (FAUBOURG)",,,Nuit avec éclairage allumé,En agglomération,Giratoire,Normale,Autre collision,,,,,,,,,,,5,2,6,1,6
200500015448,0005-03-24 16:55:00,5,3,24,16,55,450,234.0,"41, REIMS (RUE DE)",,,Plein jour,En agglomération,Intersection en X,Pluie légère,Autre collision,,,,,,,,,,,1,2,2,2,6
200500015449,0005-03-25 10:50:00,5,3,25,10,50,450,234.0,STUART (BOULEVARD MARIE),,,Plein jour,En agglomération,Intersection en Y,Normale,Deux véhicules - frontale,,,,,,,,,,,1,2,4,1,1
200500015450,0005-03-25 12:05:00,5,3,25,12,5,450,234.0,BARENTIN (QUAI),,,Plein jour,En agglomération,Intersection en T,Normale,Autre collision,,,,,,,,,,,1,2,3,1,6
200500015451,0005-03-26 10:45:00,5,3,26,10,45,450,234.0,"39, QUEBEC (BOULEVARD DE",,,Plein jour,En agglomération,Hors intersection,Temps couvert,Deux véhicules - côté,,,,,,,,,,,1,2,1,8,3
200500015452,0005-03-27 12:05:00,5,3,27,12,5,450,234.0,"2, FRANCE (RUE ANATOLE F",,,Plein jour,En agglomération,Hors intersection,Pluie légère,Autre collision,,,,,,,,,,,1,2,1,2,6
200500015453,0005-03-31 22:40:00,5,3,31,22,40,450,234.0,"8, PORTE MADELEINE (RUE",,,Nuit avec éclairage allumé,En agglomération,Hors intersection,Normale,Autre collision,,,,,,,,,,,5,2,1,1,6
200500015454,0005-03-26 12:45:00,5,3,26,12,45,460,42.0,"247, CHAMPOLLION (QUAI)",,,Plein jour,En agglomération,Autre intersection,Normale,Autre collision,,,,,,,,,,,1,2,9,1,6
200500015455,0005-03-30 19:10:00,5,3,30,19,10,460,42.0,"206, MARTIN (AVENUE HENR",,,Plein jour,En agglomération,Hors intersection,Autre,Deux véhicules - côté,,,,,,,,,,,1,2,1,9,3
200500015456,0005-03-31 09:05:00,5,3,31,9,5,460,42.0,Départementale 811,,,Plein jour,En agglomération,Hors intersection,Normale,Trois véhicules et plus - en chaîne,,,,,,,,,,,1,2,1,1,4
200500015457,0005-03-17 20:09:00,5,3,17,20,9,470,1.0,RIOLS (ALLEE DE),,,Nuit sans éclairage public,En agglomération,Hors intersection,Normale,Autre collision,,,,,,,,,,,3,2,1,1,6
200500015458,0005-03-18 12:08:00,5,3,18,12,8,470,1.0,MIDI (AVENUE DU),,,Plein jour,En agglomération,Hors intersection,Normale,Deux véhicules - arrière,,,,,,,,,,,1,2,1,1,2
200500015459,0005-03-18 15:30:00,5,3,18,15,30,470,1.0,REPUBLIQUE (BOULEVARD DE,,,Plein jour,En agglomération,Intersection en T,Normale,Deux véhicules - côté,,,,,,,,,,,1,2,3,1,3
200500015460,0005-03-31 18:23:00,5,3,31,18,23,470,1.0,LIBERTE (BOULEVARD DE LA,,,Plein jour,En agglomération,Intersection en X,Normale,Autre collision,,,,,,,,,,,1,2,2,1,6
200500015461,0005-03-03 11:30:00,5,3,3,11,30,470,157.0,GOUJON J. (RUE),,,Plein jour,En agglomération,Hors intersection,Normale,Deux véhicules - frontale,,,,,,,,,,,1,2,1,1,1
200500015462,0005-03-05 06:00:00,5,3,5,6,0,470,323.0,", CHURCHILL(RUE WINSTON)",,,Nuit sans éclairage public,En agglomération,Hors intersection,Pluie légère,Autre collision,,,,,,,,,,,3,2,1,2,6
200500015463,0005-03-09 16:20:00,5,3,9,16,20,470,323.0,"45, PUJOLS (AVENUE)",,,Plein jour,En agglomération,Intersection en T,Normale,Deux véhicules - frontale,,,,,,,,,,,1,2,3,1,1
200500015464,0005-03-14 23:25:00,5,3,14,23,25,480,95.0,", BOURILLON (BOULEVARD H",,,Nuit avec éclairage allumé,En agglomération,Hors intersection,Normale,Autre collision,,,,,,,,,,,5,2,1,1,6
200500015465,0005-03-04 15:26:00,5,3,4,15,26,490,7.0,"43, LEKEU",,,Plein jour,En agglomération,Hors intersection,Normale,Autre collision,,,,,,,,,,,1,2,1,1,6
200500015466,0005-03-04 21:30:00,5,3,4,21,30,490,7.0,"00, BOISNET RUE",,,Nuit avec éclairage allumé,En agglomération,Intersection en X,Normale,Deux véhicules - arrière,,,,,,,,,,,5,2,2,1,2
200500015467,0005-03-05 01:30:00,5,3,5,1,30,490,7.0,"00, ATLANTIQUE  AVENUE D",,,Nuit avec éclairage allumé,En agglomération,Hors intersection,Normale,Sans collision,,,,,,,,,,,5,2,1,1,7
200500015468,0005-03-05 08:05:00,5,3,5,8,5,490,246.0,"47, GAULLE RUE CHARLES D",,,Plein jour,En agglomération,Hors intersection,Normale,Sans collision,,,,,,,,,,,1,2,1,1,7
200500015469,0005-03-07 12:03:00,5,3,7,12,3,490,7.0,"00, SAINT LAZARE",,,Plein jour,En agglomération,Intersection en T,Normale,Autre collision,,,,,,,,,,,1,2,3,1,6
200500015470,0005-03-08 01:54:00,5,3,8,1,54,490,7.0,"00, CLEMENCEAU BOULEVARD",,,Nuit avec éclairage allumé,En agglomération,Hors intersection,Normale,Sans collision,,,,,,,,,,,5,2,1,1,7
200500015471,0005-03-08 18:31:00,5,3,8,18,31,490,7.0,"00, BLANCHOIN BOULEVARD",,,Plein jour,En agglomération,Intersection en X,Normale,Deux véhicules - côté,,,,,,,,,,,1,2,2,1,3
200500015472,0005-03-08 21:13:00,5,3,8,21,13,490,7.0,"30, MONTAIGNE AVENUE",,,Nuit avec éclairage non allumé,En agglomération,Hors intersection,Normale,Sans collision,,,,,,,,,,,4,2,1,1,7
200500015473,0005-03-09 14:27:00,5,3,9,14,27,490,7.0,"00, APPERT",,,Plein jour,En agglomération,Autre intersection,Normale,Deux véhicules - frontale,,,,,,,,,,,1,2,9,1,1
200500015474,0005-03-11 14:51:00,5,3,11,14,51,490,7.0,"62, VOLNEY",,,Plein jour,En agglomération,Hors intersection,Normale,Autre collision,,,,,,,,,,,1,2,1,1,6
200500015475,0005-03-12 04:03:00,5,3,12,4,3,490,7.0,"00, RN 260",,,Nuit sans éclairage public,En agglomération,Hors intersection,Normale,Sans collision,,,,,,,,,,,3,2,1,1,7
200500015476,0005-03-12 06:17:00,5,3,12,6,17,490,7.0,"00, BICHON PLACE",,,Nuit avec éclairage allumé,En agglomération,Intersection en X,Normale,Deux véhicules - côté,,,,,,,,,,,5,2,2,1,3
200500015477,0005-03-13 17:03:00,5,3,13,17,3,490,353.0,"66, SALENGRO",,,Plein jour,En agglomération,Hors intersection,Normale,Autre collision,,,,,,,,,,,1,2,1,1,6
200500015478,0005-03-14 11:43:00,5,3,14,11,43,490,246.0,"00, DAVID D'ANGERS",,,Plein jour,En agglomération,Hors intersection,Normale,Deux véhicules - arrière,,,,,,,,,,,1,2,1,1,2
200500015479,0005-03-14 14:51:00,5,3,14,14,51,490,7.0,"00, PARCHEMINERIE",,,Plein jour,En agglomération,Hors intersection,Normale,Autre collision,,,,,,,,,,,1,2,1,1,6
200500015480,0005-03-15 13:10:00,5,3,15,13,10,490,7.0,"00, BEDIER BOULEVARD",,,Plein jour,En agglomération,Intersection en X,Normale,Deux véhicules - côté,,,,,,,,,,,1,2,2,1,3
200500015481,0005-03-15 13:44:00,5,3,15,13,44,490,7.0,"00, CLEMENCEAU BOULEVARD",,,Plein jour,En agglomération,Intersection en X,Normale,Deux véhicules - côté,,,,,,,,,,,1,2,2,1,3
200500015482,0005-03-15 16:52:00,5,3,15,16,52,490,7.0,"00, VERNE",,,Plein jour,En agglomération,Hors intersection,Normale,Autre collision,,,,,,,,,,,1,2,1,1,6
200500015483,0005-03-16 09:38:00,5,3,16,9,38,490,7.0,"00, GOURONNIERES",,,Plein jour,En agglomération,Hors intersection,Normale,Autre collision,,,,,,,,,,,1,2,1,1,6
200500015484,0005-03-16 13:33:00,5,3,16,13,33,490,15.0,"00, RD 122",,,Plein jour,En agglomération,Intersection en T,Normale,Deux véhicules - côté,,,,,,,,,,,1,2,3,1,3
200500015485,0005-03-19 00:20:00,5,3,19,0,20,490,7.0,"00, NEY PLACE",,,Nuit sans éclairage public,En agglomération,Hors intersection,Normale,Sans collision,,,,,,,,,,,3,2,1,1,7
200500015486,0005-03-20 12:26:00,5,3,20,12,26,490,15.0,"00, BRUYERES RUE DES",,,Plein jour,En agglomération,Intersection en X,Normale,Deux véhicules - côté,,,,,,,,,,,1,2,2,1,3
200500015487,0005-03-21 13:58:00,5,3,21,13,58,490,7.0,"00, BLANCHERAIE AVENUE",,,Plein jour,En agglomération,Giratoire,Normale,Deux véhicules - côté,,,,,,,,,,,1,2,6,1,3
200500015488,0005-03-22 12:00:00,5,3,22,12,0,490,7.0,"00, CAPUCINS SQUARE ET R",,,Plein jour,En agglomération,Hors intersection,Normale,Sans collision,,,,,,,,,,,1,2,1,1,7
200500015489,0005-03-22 15:41:00,5,3,22,15,41,490,7.0,"29, TOUSSAINT RUE ET IMP",,,Plein jour,En agglomération,Hors intersection,Normale,Deux véhicules - côté,,,,,,,,,,,1,2,1,1,3
200500015490,0005-03-23 15:47:00,5,3,23,15,47,490,7.0,"26, FOCH BOULEVARD",,,Plein jour,En agglomération,Hors intersection,Normale,Deux véhicules - côté,,,,,,,,,,,1,2,1,1,3
200500015491,0005-03-23 18:46:00,5,3,23,18,46,490,7.0,"00, DUNANT BOULEVARD",,,Plein jour,En agglomération,Hors intersection,Normale,Deux véhicules - arrière,,,,,,,,,,,1,2,1,1,2
200500015492,0005-03-24 11:57:00,5,3,24,11,57,490,7.0,"43, RAMON BOULEVARD",,,Plein jour,En agglomération,Hors intersection,Normale,Deux véhicules - côté,,,,,,,,,,,1,2,1,1,3
200500015493,0005-03-24 16:02:00,5,3,24,16,2,490,7.0,"00, ROCADE EST",,,Plein jour,En agglomération,Hors intersection,Normale,Deux véhicules - côté,,,,,,,,,,,1,2,1,1,3
200500015494,0005-03-25 08:07:00,5,3,25,8,7,490,7.0,"00, RD 122",,,Plein jour,En agglomération,Hors intersection,Normale,Deux véhicules - côté,,,,,,,,,,,1,2,1,1,3
200500015495,0005-03-25 18:12:00,5,3,25,18,12,490,7.0,"00, CHAPERONNIERE",,,Plein jour,En agglomération,Hors intersection,Normale,Autre collision,,,,,,,,,,,1,2,1,1,6
200500015496,0005-03-26 10:50:00,5,3,26,10,50,490,7.0,"107, BRIOLLAY ROUTE",,,Plein jour,En agglomération,Hors intersection,Normale,Deux véhicules - côté,,,,,,,,,,,1,2,1,1,3
200500015497,0005-03-26 18:56:00,5,3,26,18,56,490,7.0,"00, DUNANT BOULEVARD",,,Plein jour,En agglomération,Intersection en T,Normale,Deux véhicules - côté,,,,,,,,,,,1,2,3,1,3
200500015498,0005-03-29 08:41:00,5,3,29,8,41,490,7.0,ROI RENE BOULEVARD,,,Plein jour,En agglomération,Intersection en X,Normale,Deux véhicules - côté,,,,,,,,,,,1,2,2,1,3
200500015499,0005-03-01 07:25:00,5,3,1,7,25,490,7.0,RN 260,,,Crépuscule ou aube,En agglomération,Hors intersection,Normale,Deux véhicules - arrière,,,,,,,,,,,2,2,1,1,2
200500015500,0005-03-01 09:43:00,5,3,1,9,43,490,7.0,"00, LIBERTE BOULEVARD",,,Plein jour,En agglomération,Intersection en X,Normale,Deux véhicules - côté,,,,,,,,,,,1,2,2,1,3
200500015501,0005-03-02 12:18:00,5,3,2,12,18,490,7.0,"23, LIZE",,,Plein jour,En agglomération,Hors intersection,Neige / grêle,Sans collision,,,,,,,,,,,1,2,1,4,7
200500015502,0005-03-02 13:25:00,5,3,2,13,25,490,7.0,"00, BAUMETTE PROMENADE",,,Plein jour,En agglomération,Hors intersection,Neige / grêle,Deux véhicules - arrière,,,,,,,,,,,1,2,1,4,2
200500015503,0005-03-02 16:08:00,5,3,2,16,8,490,7.0,"00, LECOMBRE",,,Plein jour,En agglomération,Hors intersection,Neige / grêle,Deux véhicules - frontale,,,,,,,,,,,1,2,1,4,1
200500015504,0005-03-21 18:38:00,5,3,21,18,38,490,7.0,SAUMUROISE IMPASSE ET RU,,,Plein jour,En agglomération,Hors intersection,Temps couvert,Autre collision,,,,,,,,,,,1,2,1,8,6
200500015505,0005-03-29 08:42:00,5,3,29,8,42,490,7.0,"50, BEDIER BOULEVARD",,,Plein jour,En agglomération,Hors intersection,Normale,Deux véhicules - arrière,,,,,,,,,,,1,2,1,1,2
200500015506,0005-03-31 20:25:00,5,3,31,20,25,490,7.0,"00, MARMITIERE",,,Nuit avec éclairage allumé,En agglomération,Intersection en T,Normale,Deux véhicules - côté,,,,,,,,,,,5,2,3,1,3
200500015507,0005-03-18 18:30:00,5,3,18,18,30,490,99.0,"17, CURIE (RUE PIERRE ET",,,Plein jour,En agglomération,Hors intersection,Normale,Deux véhicules - côté,,,,,,,,,,,1,2,1,1,3
200500015508,0005-03-31 12:18:00,5,3,31,12,18,490,99.0,BOIS LAVAU (BOULEVARD DE,,,Plein jour,En agglomération,Hors intersection,Normale,Autre collision,,,,,,,,,,,1,2,1,1,6
200500015509,0005-03-03 14:00:00,5,3,3,14,0,490,328.0,"sans, AMY (RUE ROBERT)",,,Plein jour,En agglomération,Intersection en X,Normale,Autre collision,,,,,,,,,,,1,2,2,1,6
200500015510,0005-03-04 17:00:00,5,3,4,17,0,490,328.0,"37, PONT FOUCHARD (RUE D",,,Plein jour,En agglomération,Hors intersection,Normale,Trois véhicules et plus - collisions multiples,,,,,,,,,,,1,2,1,1,5
200500015511,0005-03-10 14:50:00,5,3,10,14,50,490,328.0,"85, PONT FOUCHARD (RUE D",,,Plein jour,En agglomération,Hors intersection,Normale,Autre collision,,,,,,,,,,,1,2,1,1,6
200500015512,0005-03-12 21:50:00,5,3,12,21,50,490,328.0,"sans, CHUMEAU (RUE MICHE",,,Nuit avec éclairage allumé,En agglomération,Hors intersection,Normale,Deux véhicules - frontale,,,,,,,,,,,5,2,1,1,1
200500015513,0005-03-29 14:55:00,5,3,29,14,55,490,328.0,"sans, GAUTHIER (QUAI LUC",,,Plein jour,En agglomération,Hors intersection,Normale,Deux véhicules - arrière,,,,,,,,,,,1,2,1,1,2
200500015514,0005-03-05 11:50:00,5,3,5,11,50,500,129.0,"00, MENDES FRANCE (BOULE",,,Plein jour,En agglomération,Hors intersection,Normale,Sans collision,,,,,,,,,,,1,2,1,1,7
200500015515,0005-03-11 17:35:00,5,3,11,17,35,500,129.0,CONQUERANT (BOULEVARD GU,,,Plein jour,En agglomération,Intersection en X,Normale,Deux véhicules - côté,,,,,,,,,,,1,2,2,1,3
200500015516,0005-03-11 23:30:00,5,3,11,23,30,500,602.0,"00, TAMARIS (RUE DES)",,,Nuit avec éclairage allumé,En agglomération,Hors intersection,Normale,Autre collision,,,,,,,,,,,5,2,1,1,6
200500015517,0005-03-17 11:35:00,5,3,17,11,35,500,602.0,COLLIGNON (BOULEVARD DE),,,Plein jour,En agglomération,Hors intersection,Normale,Autre collision,,,,,,,,,,,1,2,1,1,6
200500015518,0005-03-17 15:45:00,5,3,17,15,45,500,203.0,SEMBAT (RUE MARCEL),,,Plein jour,En agglomération,Intersection en X,Normale,Deux véhicules - côté,,,,,,,,,,,1,2,2,1,3
200500015519,0005-03-18 12:34:00,5,3,18,12,34,500,129.0,NAPOLEON (PLACE),,,Plein jour,En agglomération,Hors intersection,Normale,Deux véhicules - arrière,,,,,,,,,,,1,2,1,1,2
200500015520,0005-03-18 22:55:00,5,3,18,22,55,500,203.0,"00, CLAIRES (RUE DES)",,,Nuit avec éclairage allumé,En agglomération,Intersection en X,Brouillard / fumée,Deux véhicules - côté,,,,,,,,,,,5,2,2,5,3
200500015521,0005-03-19 18:25:00,5,3,19,18,25,500,129.0,"10, CALIGNY (QUAI DE)",,,Plein jour,En agglomération,Hors intersection,Normale,Deux véhicules - frontale,,,,,,,,,,,1,2,1,1,1
200500015522,0005-03-23 09:10:00,5,3,23,9,10,500,602.0,"00, RUE DES COUTURIERES",,,Plein jour,En agglomération,Intersection en X,Normale,Sans collision,,,,,,,,,,,1,2,2,1,7
200500015523,0005-03-23 14:50:00,5,3,23,14,50,500,602.0,"686, BURNEL (HAMEAU)",,,Plein jour,En agglomération,Hors intersection,Normale,Deux véhicules - côté,,,,,,,,,,,1,2,1,1,3
200500015524,0005-03-24 10:30:00,5,3,24,10,30,500,129.0,"13-15, DELAVILLE (RUE)",,,Plein jour,En agglomération,Hors intersection,Normale,Sans collision,,,,,,,,,,,1,2,1,1,7
200500015525,0005-03-24 17:05:00,5,3,24,17,5,500,129.0,"00, JAURES (PLACE JEAN)",,,Plein jour,En agglomération,Intersection en X,Normale,Deux véhicules - côté,,,,,,,,,,,1,2,2,1,3
200500015526,0005-03-20 18:00:00,5,3,20,18,0,500,203.0,"00, VALLEE (RUE DE LA)",,,Plein jour,En agglomération,Hors intersection,Normale,Sans collision,,,,,,,,,,,1,2,1,1,7
200500015527,0005-03-25 12:30:00,5,3,25,12,30,500,602.0,"7, FROIDE RUE (RUE)",,,Plein jour,En agglomération,Hors intersection,Normale,Autre collision,,,,,,,,,,,1,2,1,1,6
200500015528,0005-03-25 15:45:00,5,3,25,15,45,500,602.0,ALGUES (RUE DES),,,Plein jour,En agglomération,Hors intersection,Normale,Deux véhicules - arrière,,,,,,,,,,,1,2,1,1,2
200500015529,0005-03-29 07:30:00,5,3,29,7,30,500,602.0,LECLERC (RUE DU GENERAL),,,Crépuscule ou aube,En agglomération,Intersection en T,Pluie légère,Deux véhicules - côté,,,,,,,,,,,2,2,3,2,3
200500015530,0005-03-29 20:45:00,5,3,29,20,45,500,129.0,"00, ATLANTIQUE (BOULEVAR",,,Nuit avec éclairage allumé,En agglomération,Hors intersection,Normale,Sans collision,,,,,,,,,,,5,2,1,1,7
200500015531,0005-03-30 13:15:00,5,3,30,13,15,500,602.0,EST (BOULEVARD DE L'),,,Plein jour,En agglomération,Hors intersection,Temps couvert,Deux véhicules - côté,,,,,,,,,,,1,2,1,8,3
200500015532,0005-03-31 15:25:00,5,3,31,15,25,500,416.0,"01, ALLMENDINGEN (AVENUE",,,Plein jour,En agglomération,Intersection en X,Normale,Deux véhicules - arrière,,,,,,,,,,,1,2,2,1,2
200500015533,0005-03-02 15:40:00,5,3,2,15,40,500,147.0,"103, GEOFFROY DE MONTBRA",,,Plein jour,En agglomération,Hors intersection,Normale,Deux véhicules - arrière,,,,,,,,,,,1,2,1,1,2
200500015534,0005-03-25 16:45:00,5,3,25,16,45,500,218.0,QUEBEC (BD),,,Plein jour,En agglomération,Hors intersection,Normale,Autre collision,,,,,,,,,,,1,2,1,1,6
200500015535,0005-03-10 12:10:00,5,3,10,12,10,500,502.0,FEUILLET OCTAVE,,,Plein jour,En agglomération,Autre intersection,Normale,Autre collision,,,,,,,,,,,1,2,9,1,6
200500015536,0005-03-12 18:30:00,5,3,12,18,30,500,502.0,TORIGNI,,,Plein jour,Hors agglomération,Hors intersection,Normale,Sans collision,,,,,,,,,,,1,1,1,1,7
200500015537,0005-03-12 12:50:00,5,3,12,12,50,510,242.0,EPERNAY (ROUTE D'),,,Plein jour,En agglomération,Intersection en T,Normale,Deux véhicules - côté,,,,,,,,,,,1,2,3,1,3
200500015538,0005-03-22 13:32:00,5,3,22,13,32,510,108.0,"40, CHEVALIER (RUE)",,,Plein jour,En agglomération,Intersection en Y,Pluie forte,Autre collision,,,,,,,,,,,1,2,4,3,6
200500015539,0005-03-23 16:00:00,5,3,23,16,0,510,242.0,EPERNAY (ROUTE D'),,,Plein jour,En agglomération,Intersection en X,Normale,Deux véhicules - côté,,,,,,,,,,,1,2,2,1,3
200500015540,0005-03-25 19:10:00,5,3,25,19,10,510,108.0,"01, SARRAIL (AVE GENERAL",,,Plein jour,En agglomération,Hors intersection,Normale,Deux véhicules - côté,,,,,,,,,,,1,2,1,1,3