accident_id,datetime,annee,mois,jour,heure,minute,departement,commune_insee,adresse,latitude,longitude,luminosite,agglomeration,intersection,meteo,collision,nb_vehicules,nb_usagers,nb_indemnes,nb_tues,nb_blesses_hosp,nb_blesses_legers,age_cond_1,age_cond_2,veh_type_cond_1,veh_type_cond_2,lum_code,agg_code,int_code,atm_code,col_code
200500015541,0005-03-18 17:05:00,5,3,18,17,5,510,230.0,"13, MERCIER (RUE EUGENE)",,,Plein jour,En agglomération,Hors intersection,Normale,Autre collision,,,,,,,,,,,1,2,1,1,6
200500015542,0005-03-31 09:30:00,5,3,31,9,30,510,202.0,MORTS (CHEMIN DES OU COT,,,Plein jour,En agglomération,Hors intersection,Pluie légère,Deux véhicules - frontale,,,,,,,,,,,1,2,1,2,1
200500015543,0005-03-04 12:20:00,5,3,4,12,20,510,454.0,PARIS (AVENUE) DU N°9 A,,,Plein jour,En agglomération,Autre intersection,Temps couvert,Deux véhicules - frontale,,,,,,,,,,,1,2,9,8,1
200500015544,0005-03-08 08:15:00,5,3,8,8,15,510,454.0,CHAMPAGNE   (  AVENUE DE,,,Plein jour,En agglomération,Hors intersection,Normale,Trois véhicules et plus - en chaîne,,,,,,,,,,,1,2,1,1,4
200500015545,0005-03-10 12:35:00,5,3,10,12,35,510,454.0,GUTENBERG (RUE),,,Plein jour,En agglomération,Hors intersection,Normale,Deux véhicules - côté,,,,,,,,,,,1,2,1,1,3
200500015546,0005-03-09 12:25:00,5,3,9,12,25,510,454.0,SAINT LEONARD (RUE),,,Plein jour,En agglomération,Hors intersection,Pluie légère,Autre collision,,,,,,,,,,,1,2,1,2,6
200500015547,0005-03-12 19:25:00,5,3,12,19,25,510,454.0,RENAN (RUE ERNEST),,,Nuit avec éclairage allumé,En agglomération,Intersection en T,Normale,Deux véhicules - côté,,,,,,,,,,,5,2,3,1,3
200500015548,0005-03-14 11:00:00,5,3,14,11,0,510,454.0,"27, FABIEN (RUE DU COLON",,,Plein jour,En agglomération,Hors intersection,Normale,Deux véhicules - arrière,,,,,,,,,,,1,2,1,1,2
200500015549,0005-03-15 14:20:00,5,3,15,14,20,510,454.0,"120, ALBERT 1ER (BOULEVA",,,Plein jour,En agglomération,Hors intersection,Normale,Deux véhicules - arrière,,,,,,,,,,,1,2,1,1,2
200500015550,0005-03-17 12:55:00,5,3,17,12,55,510,454.0,"65/63, VENISE (RUE)",,,Plein jour,En agglomération,Hors intersection,Normale,Deux véhicules - côté,,,,,,,,,,,1,2,1,1,3
200500015551,0005-03-17 17:00:00,5,3,17,17,0,510,454.0,VOISIN (RUE GABRIEL),,,Plein jour,En agglomération,Hors intersection,Normale,Autre collision,,,,,,,,,,,1,2,1,1,6
200500015552,0005-03-18 08:20:00,5,3,18,8,20,510,454.0,GIRAUD (AVENUE DU GENERA,,,Plein jour,En agglomération,Hors intersection,Brouillard / fumée,Autre collision,,,,,,,,,,,1,2,1,5,6
200500015553,0005-03-17 18:55:00,5,3,17,18,55,510,573.0,KLEBER (RUE DU GENERAL),,,Plein jour,En agglomération,Hors intersection,Normale,Autre collision,,,,,,,,,,,1,2,1,1,6
200500015554,0005-03-24 14:00:00,5,3,24,14,0,510,454.0,BROUETTE (PLACE ALFRED),,,Plein jour,En agglomération,Place,Pluie légère,Deux véhicules - côté,,,,,,,,,,,1,2,7,2,3
200500015555,0005-03-25 14:45:00,5,3,25,14,45,510,454.0,"227, LAON (AVENUE) DU N°",,,Plein jour,En agglomération,Hors intersection,Normale,Deux véhicules - côté,,,,,,,,,,,1,2,1,1,3
200500015556,0005-03-27 11:30:00,5,3,27,11,30,510,454.0,"1, CHAMPAGNE (AVENUE DE)",,,Plein jour,En agglomération,Hors intersection,Pluie légère,Deux véhicules - côté,,,,,,,,,,,1,2,1,2,3
200500015557,0005-03-07 04:45:00,5,3,7,4,45,520,121.0,R.N. 19 SUD,,,Nuit sans éclairage public,En agglomération,Hors intersection,Normale,Autre collision,,,,,,,,,,,3,2,1,1,6
200500015558,0005-03-13 11:30:00,5,3,13,11,30,520,121.0,RD10,,,Plein jour,En agglomération,Hors intersection,Normale,Autre collision,,,,,,,,,,,1,2,1,1,6
200500015559,0005-03-22 13:04:00,5,3,22,13,4,520,121.0,"22, GAMBETTA (BOULEVARD)",,,Plein jour,En agglomération,Hors intersection,Pluie légère,Sans collision,,,,,,,,,,,1,2,1,2,7
200500015560,0005-03-04 00:45:00,5,3,4,0,45,520,534.0,"32, ALLENDE (BOULEVARD S",,,Nuit avec éclairage allumé,En agglomération,Hors intersection,Normale,Deux véhicules - arrière,,,,,,,,,,,5,2,1,1,2
200500015561,0005-03-15 16:30:00,5,3,15,16,30,520,534.0,"23, BERT (RUE PAUL)",,,Plein jour,En agglomération,Hors intersection,Normale,Autre collision,,,,,,,,,,,1,2,1,1,6
200500015562,0005-03-14 16:25:00,5,3,14,16,25,520,534.0,BAR LE DUC (ROUTE DE),,,Plein jour,En agglomération,Intersection en X,Normale,Deux véhicules - côté,,,,,,,,,,,1,2,2,1,3
200500015563,0005-03-16 14:45:00,5,3,16,14,45,520,534.0,"21, REPUBLIQUE (AVE DE L",,,Plein jour,En agglomération,Hors intersection,Normale,Autre collision,,,,,,,,,,,1,2,1,1,6
200500015564,0005-03-18 18:05:00,5,3,18,18,5,520,534.0,"101, ETATS UNIS (AVENUE",,,Plein jour,En agglomération,Giratoire,Normale,Autre collision,,,,,,,,,,,1,2,6,1,6
200500015565,0005-03-20 17:30:00,5,3,20,17,30,520,534.0,"107, ALSACE LORRAINE (AV",,,Plein jour,En agglomération,Hors intersection,Normale,Deux véhicules - côté,,,,,,,,,,,1,2,1,1,3
200500015566,0005-03-22 20:20:00,5,3,22,20,20,520,534.0,"2, 8 MAI 1945 (PLACE DU)",,,Nuit avec éclairage allumé,En agglomération,Giratoire,Normale,Autre collision,,,,,,,,,,,5,2,6,1,6
200500015567,0005-03-31 13:45:00,5,3,31,13,45,520,534.0,"32, LALANDE (RUE)",,,Plein jour,En agglomération,Hors intersection,Normale,Deux véhicules - côté,,,,,,,,,,,1,2,1,1,3
200500015568,0005-03-05 07:45:00,5,3,5,7,45,530,130.0,"44, PAIX ( RUE DE LA )",,,Plein jour,En agglomération,Intersection en X,Normale,Deux véhicules - côté,,,,,,,,,,,1,2,2,1,3
200500015569,0005-03-11 13:05:00,5,3,11,13,5,530,54.0,BECQUEREL ( BOULEVARD HE,,,Plein jour,En agglomération,Giratoire,Normale,Deux véhicules - côté,,,,,,,,,,,1,2,6,1,3
200500015570,0005-03-19 18:30:00,5,3,19,18,30,530,130.0,"92, PONCEAU ( RUE DU )",,,Plein jour,En agglomération,Hors intersection,Temps éblouissant,Deux véhicules - arrière,,,,,,,,,,,1,2,1,7,2
200500015571,0005-03-19 16:15:00,5,3,19,16,15,530,201.0,"136, RN 157 VERS RENNES",,,Plein jour,En agglomération,Hors intersection,Normale,Deux véhicules - côté,,,,,,,,,,,1,2,1,1,3
200500015572,0005-03-17 17:30:00,5,3,17,17,30,530,130.0,"228, CHANZY ( AVENUE DE",,,Plein jour,En agglomération,Hors intersection,Normale,Trois véhicules et plus - collisions multiples,,,,,,,,,,,1,2,1,1,5
200500015573,0005-03-25 02:30:00,5,3,25,2,30,530,130.0,"37, BOUDET ( QUAI PAUL )",,,Nuit avec éclairage allumé,En agglomération,Hors intersection,Normale,Autre collision,,,,,,,,,,,5,2,1,1,6
200500015574,0005-03-07 09:30:00,5,3,7,9,30,540,542.0,NATIONALE 103,,,Plein jour,En agglomération,Hors intersection,Neige / grêle,Autre collision,,,,,,,,,,,1,2,1,4,6
200500015575,0005-03-18 17:21:00,5,3,18,17,21,540,273.0,MINES (RUE DES),,,Plein jour,En agglomération,Hors intersection,Temps éblouissant,Deux véhicules - arrière,,,,,,,,,,,1,2,1,7,2
200500015576,0005-03-10 15:30:00,5,3,10,15,30,540,273.0,EIFFEL (RUE GUSTAVE),,,Plein jour,En agglomération,Hors intersection,Normale,Sans collision,,,,,,,,,,,1,2,1,1,7
200500015577,0005-03-13 19:00:00,5,3,13,19,0,540,549.0,"41, COLONEL FABIEN (RUE",,,Nuit avec éclairage allumé,En agglomération,Hors intersection,Normale,Autre collision,,,,,,,,,,,5,2,1,1,6
200500015578,0005-03-20 20:10:00,5,3,20,20,10,540,159.0,"86, PERI (RUE GABRIEL)",,,Nuit avec éclairage allumé,En agglomération,Autre intersection,Normale,Deux véhicules - côté,,,,,,,,,,,5,2,9,1,3
200500015579,0005-03-01 07:50:00,5,3,1,7,50,540,304.0,"1, MAREVILLE (CHEMIN ET",,,Plein jour,En agglomération,Intersection en X,Normale,Deux véhicules - côté,,,,,,,,,,,1,2,2,1,3
200500015580,0005-03-02 09:25:00,5,3,2,9,25,540,395.0,QUATRE EGLISES (RUE DES,,,Plein jour,En agglomération,Intersection en X,Normale,Autre collision,,,,,,,,,,,1,2,2,1,6
200500015581,0005-03-03 15:15:00,5,3,3,15,15,540,357.0,REPUBLIQUE (RUE DE LA),,,Plein jour,En agglomération,Intersection en X,Normale,Deux véhicules - côté,,,,,,,,,,,1,2,2,1,3
200500015582,0005-03-03 19:00:00,5,3,3,19,0,540,184.0,KLEBER (AVENUE),,,Nuit avec éclairage allumé,En agglomération,Intersection en X,Normale,Deux véhicules - côté,,,,,,,,,,,5,2,2,1,3
200500015583,0005-03-04 14:35:00,5,3,4,14,35,540,300.0,PATTON (RUE DU GENERAL),,,Plein jour,En agglomération,Intersection en X,Normale,Autre collision,,,,,,,,,,,1,2,2,1,6
200500015584,0005-03-05 11:50:00,5,3,5,11,50,540,547.0,"40-42, LECLERC (AV. DU G",,,Plein jour,En agglomération,Hors intersection,Neige / grêle,Autre collision,,,,,,,,,,,1,2,1,4,6
200500015585,0005-03-06 10:50:00,5,3,6,10,50,540,300.0,DAMERY (RUE ROBERT),,,Plein jour,En agglomération,Intersection en Y,Normale,Deux véhicules - côté,,,,,,,,,,,1,2,4,1,3
200500015586,0005-03-08 20:45:00,5,3,8,20,45,540,304.0,MEUSE (RUE DE LA),,,Nuit avec éclairage allumé,En agglomération,Hors intersection,Pluie légère,Sans collision,,,,,,,,,,,5,2,1,2,7
200500015587,0005-03-09 12:05:00,5,3,9,12,5,540,395.0,DE LATTRE DE TASSIGNY (A,,,Plein jour,En agglomération,Intersection en T,Normale,Autre collision,,,,,,,,,,,1,2,3,1,6
200500015588,0005-03-09 17:00:00,5,3,9,17,0,540,300.0,PATTON (RUE DU GENERAL),,,Plein jour,En agglomération,Hors intersection,Normale,Autre collision,,,,,,,,,,,1,2,1,1,6
200500015589,0005-03-09 21:00:00,5,3,9,21,0,540,395.0,LIEGE (RUE DE),,,Nuit avec éclairage allumé,En agglomération,Hors intersection,Normale,Deux véhicules - côté,,,,,,,,,,,5,2,1,1,3
200500015590,0005-03-10 08:00:00,5,3,10,8,0,540,395.0,"262, LANDREMONT (RUE DU",,,Plein jour,En agglomération,Intersection en Y,Normale,Autre collision,,,,,,,,,,,1,2,4,1,6
200500015591,0005-03-10 16:05:00,5,3,10,16,5,540,547.0,BASCH (RUE VICTOR),,,Plein jour,En agglomération,Intersection en X,Normale,Autre collision,,,,,,,,,,,1,2,2,1,6
200500015592,0005-03-11 19:40:00,5,3,11,19,40,540,395.0,FABRIQUES (RUE DES),,,Nuit avec éclairage allumé,En agglomération,Intersection en X,Normale,Autre collision,,,,,,,,,,,5,2,2,1,6
200500015593,0005-03-14 14:30:00,5,3,14,14,30,540,578.0,"1, LYAUTEY (BOULEVARD DU",,,Plein jour,En agglomération,Intersection en T,Normale,Trois véhicules et plus - en chaîne,,,,,,,,,,,1,2,3,1,4
200500015594,0005-03-14 14:30:00,5,3,14,14,30,540,304.0,"3, POINCARE (RUE RAYMOND",,,Plein jour,En agglomération,Hors intersection,Normale,Sans collision,,,,,,,,,,,1,2,1,1,7
200500015595,0005-03-15 12:10:00,5,3,15,12,10,540,395.0,"25, BOUFFLERS (AV. DE 74",,,Plein jour,En agglomération,Intersection en T,Normale,Deux véhicules - côté,,,,,,,,,,,1,2,3,1,3
200500015596,0005-03-15 17:10:00,5,3,15,17,10,540,547.0,BELGIQUE (RUE DE),,,Plein jour,En agglomération,Intersection en T,Normale,Deux véhicules - côté,,,,,,,,,,,1,2,3,1,3
200500015597,0005-03-15 17:25:00,5,3,15,17,25,540,184.0,SOIXANTE NEUVIEME R.I. (,,,Plein jour,En agglomération,Intersection en Y,Normale,Deux véhicules - arrière,,,,,,,,,,,1,2,4,1,2
200500015598,0005-03-17 10:05:00,5,3,17,10,5,540,395.0,BONSECOURS (RUE DE),,,Plein jour,En agglomération,Hors intersection,Normale,Deux véhicules - côté,,,,,,,,,,,1,2,1,1,3
200500015599,0005-03-17 13:15:00,5,3,17,13,15,540,578.0,DOYEN URION (Rue du),,,Plein jour,En agglomération,Hors intersection,Normale,Deux véhicules - côté,,,,,,,,,,,1,2,1,1,3
200500015600,0005-03-17 18:40:00,5,3,17,18,40,540,274.0,REPUBLIQUE (RUE DE LA),,,Crépuscule ou aube,En agglomération,Intersection en X,Normale,Autre collision,,,,,,,,,,,2,2,2,1,6
200500015601,0005-03-18 07:45:00,5,3,18,7,45,540,526.0,MILLENAIRE (BOULEVARD DU,,,Plein jour,En agglomération,Intersection à plus de 4 branches,Normale,Deux véhicules - côté,,,,,,,,,,,1,2,5,1,3
200500015602,0005-03-18 08:10:00,5,3,18,8,10,540,395.0,TIERCELINS (RUE DES),,,Plein jour,En agglomération,Intersection en X,Normale,Deux véhicules - côté,,,,,,,,,,,1,2,2,1,3
200500015603,0005-03-18 13:00:00,5,3,18,13,0,540,395.0,"64, LECLERC (AV. DU GENE",,,Plein jour,En agglomération,Hors intersection,Normale,Autre collision,,,,,,,,,,,1,2,1,1,6
200500015604,0005-03-16 08:00:00,5,3,16,8,0,540,526.0,MOULIN (RUE JEAN),,,Plein jour,En agglomération,Hors intersection,Normale,Autre collision,,,,,,,,,,,1,2,1,1,6
200500015605,0005-03-21 08:15:00,5,3,21,8,15,540,395.0,LIBERATION (AVENUE DE LA,,,Plein jour,En agglomération,Hors intersection,Normale,Autre collision,,,,,,,,,,,1,2,1,1,6
200500015606,0005-03-21 18:10:00,5,3,21,18,10,540,526.0,"06, MOULIN (RUE JEAN)",,,Plein jour,En agglomération,Hors intersection,Normale,Autre collision,,,,,,,,,,,1,2,1,1,6
200500015607,0005-03-15 16:20:00,5,3,15,16,20,540,304.0,SAPINIERE (RUE DE LA),,,Plein jour,En agglomération,Hors intersection,Normale,Deux véhicules - côté,,,,,,,,,,,1,2,1,1,3
200500015608,0005-03-22 16:30:00,5,3,22,16,30,540,395.0,SAINT DIZIER (RUE 2 A 80,,,Plein jour,En agglomération,Intersection en T,Pluie forte,Sans collision,,,,,,,,,,,1,2,3,3,7
200500015609,0005-03-22 17:50:00,5,3,22,17,50,540,395.0,FOUCAULD (RUE CHARLES DE,,,Plein jour,En agglomération,Intersection en T,Pluie légère,Autre collision,,,,,,,,,,,1,2,3,2,6
200500015610,0005-03-23 10:40:00,5,3,23,10,40,540,578.0,"9 A, AIGUILLETTES  (BD 1",,,Plein jour,En agglomération,Hors intersection,Normale,Deux véhicules - arrière,,,,,,,,,,,1,2,1,1,2
200500015611,0005-03-25 12:20:00,5,3,25,12,20,540,395.0,LEOPOLD (COURS),,,Plein jour,En agglomération,Intersection en T,Normale,Deux véhicules - côté,,,,,,,,,,,1,2,3,1,3
200500015612,0005-03-25 13:40:00,5,3,25,13,40,540,339.0,DRIANT (RUE DU COLONEL),,,Plein jour,En agglomération,Intersection en X,Normale,Autre collision,,,,,,,,,,,1,2,2,1,6
200500015613,0005-03-25 14:10:00,5,3,25,14,10,540,395.0,INSURRECTION DU GHETTO V,,,Plein jour,En agglomération,Intersection en T,Normale,Autre collision,,,,,,,,,,,1,2,3,1,6
200500015614,0005-03-25 15:50:00,5,3,25,15,50,540,395.0,JOFFRE (BOULEVARD),,,Plein jour,En agglomération,Hors intersection,Normale,Autre collision,,,,,,,,,,,1,2,1,1,6
200500015615,0005-03-25 17:05:00,5,3,25,17,5,540,395.0,BRIAND (RUE ARISTIDE),,,Plein jour,En agglomération,Intersection en X,Temps éblouissant,Autre collision,,,,,,,,,,,1,2,2,7,6
200500015616,0005-03-25 18:25:00,5,3,25,18,25,540,395.0,BROT (RUE MARCEL),,,Plein jour,En agglomération,Intersection en Y,Normale,Autre collision,,,,,,,,,,,1,2,4,1,6
200500015617,0005-03-26 09:20:00,5,3,26,9,20,540,395.0,DESILLES (RUE),,,Plein jour,En agglomération,Intersection en X,Normale,Autre collision,,,,,,,,,,,1,2,2,1,6
200500015618,0005-03-30 13:10:00,5,3,30,13,10,540,395.0,"96, ARC (RUE JEANNE D' N",,,Plein jour,En agglomération,Hors intersection,Normale,Deux véhicules - arrière,,,,,,,,,,,1,2,1,1,2
200500015619,0005-03-31 15:20:00,5,3,31,15,20,540,395.0,BAZIN (RUE HENRI) + (SEN,,,Plein jour,En agglomération,Hors intersection,Normale,Deux véhicules - arrière,,,,,,,,,,,1,2,1,1,2
200500015620,0005-03-31 19:57:00,5,3,31,19,57,540,395.0,"43, PONTS (RUE DES 38/41",,,Plein jour,En agglomération,Hors intersection,Normale,Autre collision,,,,,,,,,,,1,2,1,1,6
200500015621,0005-03-29 15:45:00,5,3,29,15,45,540,528.0,GENERAL PATTON (AVENUE),,,Plein jour,En agglomération,Intersection en T,Normale,Deux véhicules - arrière,,,,,,,,,,,1,2,3,1,2
200500015622,0005-03-22 16:50:00,5,3,22,16,50,540,575.0,HUSSIGNY (ROUTE D'),,,Plein jour,En agglomération,Hors intersection,Pluie légère,Deux véhicules - frontale,,,,,,,,,,,1,2,1,2,1
200500015623,0005-03-18 23:15:00,5,3,18,23,15,550,302.0,RN135,,,Nuit sans éclairage public,En agglomération,Hors intersection,Normale,Autre collision,,,,,,,,,,,3,2,1,1,6
200500015624,0005-03-25 16:30:00,5,3,25,16,30,550,29.0,MARIZIER ( BOULEVARD ),,,Plein jour,En agglomération,Hors intersection,Normale,Deux véhicules - frontale,,,,,,,,,,,1,2,1,1,1
200500015625,0005-03-28 21:30:00,5,3,28,21,30,550,29.0,"23, SEBASTOPOL ( RUE DE",,,Nuit avec éclairage allumé,En agglomération,Hors intersection,Normale,Sans collision,,,,,,,,,,,5,2,1,1,7
200500015626,0005-03-07 08:05:00,5,3,7,8,5,550,236.0,CD 903,,,Plein jour,En agglomération,Hors intersection,Neige / grêle,Sans collision,,,,,,,,,,,1,2,1,4,7
200500015627,0005-03-07 17:35:00,5,3,7,17,35,550,545.0,STRATEGIQUE ( BOULEVARD,,,Plein jour,En agglomération,Hors intersection,Temps couvert,Deux véhicules - arrière,,,,,,,,,,,1,2,1,8,2
200500015628,0005-03-13 06:10:00,5,3,13,6,10,550,545.0,EUROPE ( BOULEVARD DE L',,,Nuit sans éclairage public,En agglomération,Hors intersection,Normale,Sans collision,,,,,,,,,,,3,2,1,1,7
200500015629,0005-03-18 11:00:00,5,3,18,11,0,550,545.0,POINCARE (DU PRESIDENT),,,Plein jour,En agglomération,Intersection en T,Normale,Sans collision,,,,,,,,,,,1,2,3,1,7
200500015630,0005-03-29 09:05:00,5,3,29,9,5,550,42.0,BILLEMONT ( ROUTE DE ),,,Plein jour,En agglomération,Hors intersection,Normale,Sans collision,,,,,,,,,,,1,2,1,1,7
200500015631,0005-03-01 23:48:00,5,3,1,23,48,560,83.0,"06, JAURES ( AV. JEAN )",,,Nuit avec éclairage non allumé,En agglomération,Hors intersection,Pluie forte,Autre collision,,,,,,,,,,,4,2,1,3,6
200500015632,0005-03-03 08:32:00,5,3,3,8,32,560,162.0,D 162,,,Crépuscule ou aube,En agglomération,Hors intersection,Autre,Sans collision,,,,,,,,,,,2,2,1,9,7
200500015633,0005-03-03 18:25:00,5,3,3,18,25,560,98.0,CROIZAT ( AVE AMBROISE ),,,Crépuscule ou aube,En agglomération,Giratoire,Normale,Deux véhicules - côté,,,,,,,,,,,2,2,6,1,3
200500015634,0005-03-05 11:50:00,5,3,5,11,50,560,83.0,REPUBLIQUE ( AV. DE LA ),,,Plein jour,En agglomération,Hors intersection,Normale,Deux véhicules - côté,,,,,,,,,,,1,2,1,1,3
200500015635,0005-03-07 15:33:00,5,3,7,15,33,560,107.0,"00, LE PORT (ROGER BOULE",,,Plein jour,En agglomération,Hors intersection,Normale,Deux véhicules - frontale,,,,,,,,,,,1,2,1,1,1
200500015636,0005-03-08 09:33:00,5,3,8,9,33,560,121.0,"21, GUIEYSSE (RUE  PAUL",,,Plein jour,En agglomération,Hors intersection,Normale,Deux véhicules - côté,,,,,,,,,,,1,2,1,1,3
200500015637,0005-03-08 12:46:00,5,3,8,12,46,560,98.0,ECHANGEUR RN 165,,,Plein jour,En agglomération,Hors intersection,Normale,Sans collision,,,,,,,,,,,1,2,1,1,7
200500015638,0005-03-08 14:52:00,5,3,8,14,52,560,121.0,"27, LE BRIX (RUE DE L' A",,,Plein jour,En agglomération,Intersection en X,Normale,Deux véhicules - côté,,,,,,,,,,,1,2,2,1,3
200500015639,0005-03-09 16:25:00,5,3,9,16,25,560,107.0,"40, KERGUELEN (RUE DE)",,,Plein jour,En agglomération,Hors intersection,Normale,Deux véhicules - arrière,,,,,,,,,,,1,2,1,1,2
200500015640,0005-03-11 18:24:00,5,3,11,18,24,560,98.0,"00, JAURES (RUE  JEAN )",,,Plein jour,En agglomération,Intersection en T,Normale,Deux véhicules - côté,,,,,,,,,,,1,2,3,1,3
200500015641,0005-03-12 00:43:00,5,3,12,0,43,560,121.0,"00, BRAILLE (RUE LOUIS)",,,Nuit avec éclairage allumé,En agglomération,Hors intersection,Normale,Autre collision,,,,,,,,,,,5,2,1,1,6
200500015642,0005-03-14 16:39:00,5,3,14,16,39,560,121.0,RN 465 (DESSERTE PORTUAI,,,Plein jour,En agglomération,Hors intersection,Temps éblouissant,Trois véhicules et plus - en chaîne,,,,,,,,,,,1,2,1,7,4
200500015643,0005-03-14 17:30:00,5,3,14,17,30,560,121.0,"17, BELGIQUE (RUE  DE )",,,Plein jour,En agglomération,Intersection en X,Normale,Deux véhicules - côté,,,,,,,,,,,1,2,2,1,3
200500015644,0005-03-16 07:50:00,5,3,16,7,50,560,121.0,"14, NORMANDIE ( BD ET IM",,,Plein jour,En agglomération,Intersection en X,Normale,Deux véhicules - côté,,,,,,,,,,,1,2,2,1,3
200500015645,0005-03-16 13:15:00,5,3,16,13,15,560,121.0,"00, LE BARILLEC (RUE  DU",,,Plein jour,En agglomération,Hors intersection,Pluie légère,Deux véhicules - côté,,,,,,,,,,,1,2,1,2,3
200500015646,0005-03-18 17:30:00,5,3,18,17,30,560,98.0,"15, KERFREHOUR ( ALLEE D",,,Plein jour,En agglomération,Hors intersection,Normale,Deux véhicules - côté,,,,,,,,,,,1,2,1,1,3
200500015647,0005-03-18 21:00:00,5,3,18,21,0,560,83.0,"45, FOCH ( PL. MARECHAL",,,Nuit avec éclairage non allumé,En agglomération,Hors intersection,Normale,Autre collision,,,,,,,,,,,4,2,1,1,6
200500015648,0005-03-21 11:17:00,5,3,21,11,17,560,162.0,PASTEUR (AVENUE LOUIS),,,Plein jour,En agglomération,Intersection en X,Normale,Deux véhicules - côté,,,,,,,,,,,1,2,2,1,3
200500015649,0005-03-23 17:46:00,5,3,23,17,46,560,121.0,"00, SCORFF ( BD DU )",,,Plein jour,En agglomération,Hors intersection,Normale,Sans collision,,,,,,,,,,,1,2,1,1,7
200500015650,0005-03-24 01:20:00,5,3,24,1,20,560,121.0,"106, LANVEUR ( ET PL. DE",,,Nuit avec éclairage allumé,En agglomération,Hors intersection,Normale,Autre collision,,,,,,,,,,,5,2,1,1,6
200500015651,0005-03-24 15:15:00,5,3,24,15,15,560,121.0,"39, KERGUILLETTE (RUE  D",,,Plein jour,En agglomération,Hors intersection,Normale,Deux véhicules - arrière,,,,,,,,,,,1,2,1,1,2
200500015652,0005-03-27 00:05:00,5,3,27,0,5,560,98.0,"286, ROUGET DE LISLE (RU",,,Nuit avec éclairage allumé,En agglomération,Hors intersection,Normale,Autre collision,,,,,,,,,,,5,2,1,1,6
200500015653,0005-03-27 08:16:00,5,3,27,8,16,560,98.0,"000, RACINE (RUE  JEAN )",,,Plein jour,En agglomération,Intersection en X,Normale,Deux véhicules - côté,,,,,,,,,,,1,2,2,1,3
200500015654,0005-03-29 00:40:00,5,3,29,0,40,560,121.0,"00, QUEUDET ( AV RAYMOND",,,Nuit avec éclairage allumé,En agglomération,Giratoire,Normale,Autre collision,,,,,,,,,,,5,2,6,1,6
200500015655,0005-03-29 17:05:00,5,3,29,17,5,560,121.0,"00, DREYFUS (RUE  ALFRED",,,Plein jour,En agglomération,Intersection en X,Normale,Deux véhicules - côté,,,,,,,,,,,1,2,2,1,3
200500015656,0005-03-11 08:00:00,5,3,11,8,0,560,260.0,"0, BONNARD(RUE PIERRE)",,,Plein jour,En agglomération,Hors intersection,Normale,Autre collision,,,,,,,,,,,1,2,1,1,6
200500015657,0005-03-12 17:30:00,5,3,12,17,30,560,260.0,", LE BRIX(PLACE JOSEPH)",,,Plein jour,En agglomération,Giratoire,Normale,Deux véhicules - côté,,,,,,,,,,,1,2,6,1,3
200500015658,0005-03-03 12:10:00,5,3,3,12,10,560,260.0,"0, ILES(GIRATOIRE DES)",,,Plein jour,En agglomération,Giratoire,Normale,Autre collision,,,,,,,,,,,1,2,6,1,6
200500015659,0005-03-08 12:10:00,5,3,8,12,10,560,260.0,"0, VENETES(RUE DES)",,,Plein jour,En agglomération,Intersection en X,Normale,Deux véhicules - côté,,,,,,,,,,,1,2,2,1,3
200500015660,0005-03-16 15:50:00,5,3,16,15,50,560,260.0,"0, R.D. 779(ROUTE DEPLES",,,Plein jour,En agglomération,Hors intersection,Normale,Deux véhicules - arrière,,,,,,,,,,,1,2,1,1,2
200500015661,0005-03-17 15:50:00,5,3,17,15,50,560,260.0,"0, SAINTE-ANNE(GIRATOIRE",,,Plein jour,En agglomération,Giratoire,Temps couvert,Deux véhicules - côté,,,,,,,,,,,1,2,6,8,3
200500015662,0005-03-23 07:51:00,5,3,23,7,51,560,260.0,"0, MONS(PLACE DE)",,,Plein jour,En agglomération,Intersection en X,Normale,Deux véhicules - côté,,,,,,,,,,,1,2,2,1,3
200500015663,0005-03-23 12:25:00,5,3,23,12,25,560,260.0,"0, REPUBLIQUE(PLACE DE L",,,Plein jour,En agglomération,Hors intersection,Normale,Deux véhicules - côté,,,,,,,,,,,1,2,1,1,3
200500015664,0005-03-29 13:37:00,5,3,29,13,37,560,260.0,"42, R.A.(RUE DU 10EME)",,,Plein jour,En agglomération,Hors intersection,Normale,Deux véhicules - arrière,,,,,,,,,,,1,2,1,1,2
200500015665,0005-03-25 13:30:00,5,3,25,13,30,560,260.0,"03, WILSON(AVENUE)",,,Plein jour,En agglomération,Autre intersection,Normale,Deux véhicules - côté,,,,,,,,,,,1,2,9,1,3
200500015666,0005-03-02 17:10:00,5,3,2,17,10,560,260.0,"14, RESISTANCE(BLD DE LA",,,Plein jour,En agglomération,Intersection en T,Normale,Deux véhicules - côté,,,,,,,,,,,1,2,3,1,3
200500015667,0005-03-08 05:10:00,5,3,8,5,10,560,260.0,"0, MARE(GIRATOIRE DE LA)",,,Nuit avec éclairage allumé,En agglomération,Giratoire,Normale,Autre collision,,,,,,,,,,,5,2,6,1,6
200500015668,0005-03-08 12:35:00,5,3,8,12,35,560,260.0,"0, ILES(BOULEVARD DES)",,,Plein jour,En agglomération,Intersection en X,Normale,Deux véhicules - côté,,,,,,,,,,,1,2,2,1,3
200500015669,0005-03-10 14:00:00,5,3,10,14,0,560,260.0,"32, HUGO(AVENUE VICTOR)",,,Plein jour,En agglomération,Hors intersection,Normale,Autre collision,,,,,,,,,,,1,2,1,1,6
200500015670,0005-03-18 15:25:00,5,3,18,15,25,560,260.0,KERLANN(GIRATOIRE DE),,,Plein jour,En agglomération,Autre intersection,Normale,Autre collision,,,,,,,,,,,1,2,9,1,6
200500015671,0005-03-31 17:00:00,5,3,31,17,0,560,260.0,"25, CHURCHILL(RUE WINSTO",,,Plein jour,En agglomération,Hors intersection,Normale,Deux véhicules - côté,,,,,,,,,,,1,2,1,1,3