accident_id,datetime,annee,mois,jour,heure,minute,departement,commune_insee,adresse,latitude,longitude,luminosite,agglomeration,intersection,meteo,collision,nb_vehicules,nb_usagers,nb_indemnes,nb_tues,nb_blesses_hosp,nb_blesses_legers,age_cond_1,age_cond_2,veh_type_cond_1,veh_type_cond_2,lum_code,agg_code,int_code,atm_code,col_code
200500015672,0005-03-01 07:55:00,5,3,1,7,55,570,227.0,"18, EGLISE(RUE DE L')",,,Plein jour,En agglomération,Hors intersection,Normale,Autre collision,,,,,,,,,,,1,2,1,1,6
200500015673,0005-03-18 11:30:00,5,3,18,11,30,570,227.0,"27, SAINTE CROIX (RUE )",,,Plein jour,En agglomération,Hors intersection,Temps éblouissant,Deux véhicules - arrière,,,,,,,,,,,1,2,1,7,2
200500015674,0005-03-23 12:40:00,5,3,23,12,40,570,660.0,SAINT JOSEPH(BOULEVARD),,,Plein jour,En agglomération,Hors intersection,Normale,Autre collision,,,,,,,,,,,1,2,1,1,6
200500015675,0005-03-23 16:10:00,5,3,23,16,10,570,660.0,SAINT CHARLES(RUE),,,Plein jour,En agglomération,Intersection en X,Normale,Deux véhicules - côté,,,,,,,,,,,1,2,2,1,3
200500015676,0005-03-24 15:10:00,5,3,24,15,10,570,537.0,"CHEMIN ""LE MAIL""",,,Plein jour,En agglomération,Hors intersection,Normale,Autre collision,,,,,,,,,,,1,2,1,1,6
200500015677,0005-03-25 13:40:00,5,3,25,13,40,570,227.0,NATIONALE (RUE)DU C. SCH,,,Plein jour,En agglomération,Intersection à plus de 4 branches,Normale,Deux véhicules - côté,,,,,,,,,,,1,2,5,1,3
200500015678,0005-03-30 17:45:00,5,3,30,17,45,570,227.0,"6, TILLEULS (ALLEES DES)",,,Plein jour,En agglomération,Hors intersection,Normale,Sans collision,,,,,,,,,,,1,2,1,1,7
200500015679,0005-03-03 15:25:00,5,3,3,15,25,570,332.0,"12, NATIONALE (RUE)",,,Plein jour,En agglomération,Hors intersection,Normale,Autre collision,,,,,,,,,,,1,2,1,1,6
200500015680,0005-03-13 02:10:00,5,3,13,2,10,570,19.0,CD 47,,,Nuit avec éclairage allumé,En agglomération,Hors intersection,Normale,Deux véhicules - arrière,,,,,,,,,,,5,2,1,1,2
200500015681,0005-03-16 06:30:00,5,3,16,6,30,570,19.0,CD181,,,Crépuscule ou aube,En agglomération,Hors intersection,Normale,Deux véhicules - frontale,,,,,,,,,,,2,2,1,1,1
200500015682,0005-03-29 08:10:00,5,3,29,8,10,570,19.0,"51, NANSEN (RUE FRIDJOF)",,,Plein jour,En agglomération,Hors intersection,Normale,Autre collision,,,,,,,,,,,1,2,1,1,6
200500015683,0005-03-02 17:27:00,5,3,2,17,27,570,487.0,"00, JOUY (ROUTE DE )",,,Plein jour,En agglomération,Hors intersection,Temps éblouissant,Autre collision,,,,,,,,,,,1,2,1,7,6
200500015684,0005-03-03 13:45:00,5,3,3,13,45,570,480.0,"34, CHARLES DE GAULLE (R",,,Plein jour,En agglomération,Hors intersection,Normale,Autre collision,,,,,,,,,,,1,2,1,1,6
200500015685,0005-03-04 08:44:00,5,3,4,8,44,570,463.0,"17, CLAUDE CHAPPE (RUE )",,,Plein jour,En agglomération,Hors intersection,Normale,Autre collision,,,,,,,,,,,1,2,1,1,6
200500015686,0005-03-04 09:50:00,5,3,4,9,50,570,463.0,"00, MARECHAL LYAUTEY (RU",,,Plein jour,En agglomération,Hors intersection,Normale,Autre collision,,,,,,,,,,,1,2,1,1,6
200500015687,0005-03-07 16:45:00,5,3,7,16,45,570,463.0,"48, CLAUDE BERNARD (RUE",,,Plein jour,En agglomération,Hors intersection,Normale,Autre collision,,,,,,,,,,,1,2,1,1,6
200500015688,0005-03-12 09:30:00,5,3,12,9,30,570,751.0,"00, JEAN PIERRE PECHEUR",,,Plein jour,En agglomération,Intersection en T,Pluie légère,Deux véhicules - côté,,,,,,,,,,,1,2,3,2,3
200500015689,0005-03-14 12:45:00,5,3,14,12,45,570,447.0,"12, GENERAL DE GAULLE (R",,,Plein jour,En agglomération,Hors intersection,Normale,Deux véhicules - côté,,,,,,,,,,,1,2,1,1,3
200500015690,0005-03-15 08:45:00,5,3,15,8,45,570,480.0,"00, PHILIPPE COLSON (RUE",,,Plein jour,En agglomération,Hors intersection,Normale,Autre collision,,,,,,,,,,,1,2,1,1,6
200500015691,0005-03-15 12:50:00,5,3,15,12,50,570,463.0,"25, GUYENNE (BOULEVARD D",,,Plein jour,En agglomération,Hors intersection,Normale,Autre collision,,,,,,,,,,,1,2,1,1,6
200500015692,0005-03-15 16:15:00,5,3,15,16,15,570,480.0,"17, CANAL (RUE DU )",,,Plein jour,En agglomération,Hors intersection,Temps éblouissant,Autre collision,,,,,,,,,,,1,2,1,7,6
200500015693,0005-03-17 07:55:00,5,3,17,7,55,570,463.0,"00, XX EME CORPS AMERICA",,,Plein jour,En agglomération,Intersection en T,Normale,Deux véhicules - côté,,,,,,,,,,,1,2,3,1,3
200500015694,0005-03-18 22:45:00,5,3,18,22,45,570,463.0,"25, SAINT VINCENT DE PAU",,,Nuit avec éclairage allumé,En agglomération,Hors intersection,Normale,Autre collision,,,,,,,,,,,5,2,1,1,6
200500015695,0005-03-21 13:30:00,5,3,21,13,30,570,463.0,"00, FORT DE QUEULEU",,,Plein jour,En agglomération,Hors intersection,Normale,Autre collision,,,,,,,,,,,1,2,1,1,6
200500015696,0005-03-26 19:50:00,5,3,26,19,50,570,463.0,"00, TROIS ROIS (RUE DES",,,Nuit avec éclairage allumé,En agglomération,Intersection en X,Pluie légère,Deux véhicules - côté,,,,,,,,,,,5,2,2,2,3
200500015697,0005-03-31 11:15:00,5,3,31,11,15,570,463.0,", SOLIDARITE (BOULEVARD",,,Plein jour,En agglomération,Autre intersection,Normale,Autre collision,,,,,,,,,,,1,2,9,1,6
200500015698,0005-03-23 12:30:00,5,3,23,12,30,570,606.0,"42, CLEMENCEAU (AVENUE G",,,Plein jour,En agglomération,Hors intersection,Normale,Autre collision,,,,,,,,,,,1,2,1,1,6
200500015699,0005-03-07 12:00:00,5,3,7,12,0,570,630.0,"18, CLEMENCEAU (AV)",,,Plein jour,En agglomération,Hors intersection,Temps couvert,Autre collision,,,,,,,,,,,1,2,1,8,6
200500015700,0005-03-01 18:40:00,5,3,1,18,40,570,672.0,"2, ENFANTS DE LA FENSCH",,,Nuit avec éclairage allumé,En agglomération,Hors intersection,Normale,Autre collision,,,,,,,,,,,5,2,1,1,6
200500015701,0005-03-05 18:30:00,5,3,5,18,30,570,672.0,OCEANIE (CHAUSSEE D'),,,Nuit avec éclairage allumé,En agglomération,Intersection en X,Normale,Deux véhicules - côté,,,,,,,,,,,5,2,2,1,3
200500015702,0005-03-05 15:40:00,5,3,5,15,40,570,757.0,NATIONALE (RUE),,,Plein jour,En agglomération,Giratoire,Neige / grêle,Deux véhicules - côté,,,,,,,,,,,1,2,6,4,3
200500015703,0005-03-05 14:35:00,5,3,5,14,35,570,672.0,"1, GUENTRANGE (ROUTE DE)",,,Plein jour,En agglomération,Intersection en X,Neige / grêle,Deux véhicules - frontale,,,,,,,,,,,1,2,2,4,1
200500015704,0005-03-07 04:15:00,5,3,7,4,15,570,672.0,MARCHAL (QUAI),,,Nuit avec éclairage allumé,En agglomération,Intersection en T,Neige / grêle,Deux véhicules - côté,,,,,,,,,,,5,2,3,4,3
200500015705,0005-03-04 10:35:00,5,3,4,10,35,570,306.0,"63, VERDUN (RUE DE)",,,Plein jour,En agglomération,Autre intersection,Normale,Trois véhicules et plus - en chaîne,,,,,,,,,,,1,2,9,1,4
200500015706,0005-03-15 19:40:00,5,3,15,19,40,570,672.0,"N 7, RACINE (RUE)",,,Nuit avec éclairage allumé,En agglomération,Intersection en T,Normale,Deux véhicules - côté,,,,,,,,,,,5,2,3,1,3
200500015707,0005-03-20 18:40:00,5,3,20,18,40,570,672.0,"27, BERTHE AU GRAND PIED",,,Crépuscule ou aube,En agglomération,Intersection en T,Normale,Deux véhicules - côté,,,,,,,,,,,2,2,3,1,3
200500015708,0005-03-26 15:40:00,5,3,26,15,40,570,666.0,FORGERON (RUE DU),,,Plein jour,En agglomération,Hors intersection,Normale,Autre collision,,,,,,,,,,,1,2,1,1,6
200500015709,0005-03-24 10:30:00,5,3,24,10,30,570,672.0,VAUBAN (AVENUE),,,Plein jour,En agglomération,Hors intersection,Normale,Trois véhicules et plus - en chaîne,,,,,,,,,,,1,2,1,1,4
200500015710,0005-03-19 18:25:00,5,3,19,18,25,580,194.0,FONTAINE D'ARGENT (PLACE,,,Plein jour,En agglomération,Giratoire,Normale,Sans collision,,,,,,,,,,,1,2,6,1,7
200500015711,0005-03-02 13:55:00,5,3,2,13,55,580,194.0,GRANDS JARDINS,,,Plein jour,En agglomération,Hors intersection,Normale,Deux véhicules - arrière,,,,,,,,,,,1,2,1,1,2
200500015712,0005-03-07 17:05:00,5,3,7,17,5,580,194.0,"SANS, CROIX JOYEUSE (CAR",,,Plein jour,En agglomération,Giratoire,Pluie légère,Deux véhicules - côté,,,,,,,,,,,1,2,6,2,3
200500015713,0005-03-07 18:05:00,5,3,7,18,5,580,194.0,"26, TREIZIEME DE LIGNE",,,Nuit avec éclairage allumé,En agglomération,Hors intersection,Pluie légère,Trois véhicules et plus - en chaîne,,,,,,,,,,,5,2,1,2,4
200500015714,0005-03-08 18:10:00,5,3,8,18,10,580,194.0,HENRI BARBUSSE,,,Plein jour,En agglomération,Hors intersection,Normale,Deux véhicules - côté,,,,,,,,,,,1,2,1,1,3
200500015715,0005-03-11 11:15:00,5,3,11,11,15,580,194.0,"30, PIERRE BEREGOVOY",,,Plein jour,En agglomération,Hors intersection,Normale,Autre collision,,,,,,,,,,,1,2,1,1,6
200500015716,0005-03-15 11:10:00,5,3,15,11,10,580,194.0,GRAND MOUESSE (FAUBOURG),,,Plein jour,En agglomération,Hors intersection,Normale,Autre collision,,,,,,,,,,,1,2,1,1,6
200500015717,0005-03-23 07:45:00,5,3,23,7,45,580,194.0,ESTUTT DE TRACY,,,Plein jour,En agglomération,Hors intersection,Normale,Autre collision,,,,,,,,,,,1,2,1,1,6
200500015718,0005-03-17 15:25:00,5,3,17,15,25,580,194.0,PIERRE DE COUBERTIN,,,Plein jour,En agglomération,Hors intersection,Normale,Deux véhicules - côté,,,,,,,,,,,1,2,1,1,3
200500015719,0005-03-23 17:55:00,5,3,23,17,55,580,194.0,GRAND PRE DES BORDES,,,Plein jour,En agglomération,Giratoire,Normale,Deux véhicules - côté,,,,,,,,,,,1,2,6,1,3
200500015720,0005-03-26 11:00:00,5,3,26,11,0,580,194.0,"36Bis, MARECHAL JUIN",,,Plein jour,En agglomération,Hors intersection,Normale,Autre collision,,,,,,,,,,,1,2,1,1,6
200500015721,0005-03-26 17:45:00,5,3,26,17,45,580,194.0,CROIX JOYEUSE (CARREFOUR,,,Plein jour,En agglomération,Giratoire,Normale,Deux véhicules - arrière,,,,,,,,,,,1,2,6,1,2
200500015722,0005-03-27 21:35:00,5,3,27,21,35,580,194.0,GENERAL DE GAULLE,,,Nuit avec éclairage allumé,En agglomération,Passage à niveau,Normale,Deux véhicules - arrière,,,,,,,,,,,5,2,8,1,2
200500015723,0005-03-22 15:00:00,5,3,22,15,0,590,390.0,BUISSET (RUE MODESTE),,,Plein jour,En agglomération,Intersection en T,Normale,Deux véhicules - côté,,,,,,,,,,,1,2,3,1,3
200500015724,0005-03-17 20:10:00,5,3,17,20,10,590,17.0,"05, GUESDE  (PLACE JULES",,,Nuit avec éclairage allumé,En agglomération,Place,Normale,Deux véhicules - côté,,,,,,,,,,,5,2,7,1,3
200500015725,0005-03-26 22:10:00,5,3,26,22,10,590,17.0,"02, CARNOT (RUE SADI )",,,Nuit avec éclairage allumé,En agglomération,Intersection en X,Normale,Deux véhicules - côté,,,,,,,,,,,5,2,2,1,3
200500015726,0005-03-04 08:25:00,5,3,4,8,25,590,431.0,HOUCKE (AVENUE JULES),,,Plein jour,En agglomération,Intersection en Y,Normale,Deux véhicules - côté,,,,,,,,,,,1,2,4,1,3
200500015727,0005-03-27 17:40:00,5,3,27,17,40,590,17.0,"47, DUNKERQUE (RUE DE)",,,Plein jour,En agglomération,Hors intersection,Normale,Autre collision,,,,,,,,,,,1,2,1,1,6
200500015728,0005-03-06 00:10:00,5,3,6,0,10,590,33.0,PONT SUR SAMBRE (RUE DE),,,Nuit avec éclairage allumé,En agglomération,Hors intersection,Temps couvert,Autre collision,,,,,,,,,,,5,2,1,8,6
200500015729,0005-03-17 17:55:00,5,3,17,17,55,590,122.0,BRIAND (PLACE ARISTIDE),,,Plein jour,En agglomération,Place,Normale,Sans collision,,,,,,,,,,,1,2,7,1,7
200500015730,0005-03-05 19:45:00,5,3,5,19,45,590,302.0,"24, DELORY (R. GUSTAVE)",,,Crépuscule ou aube,En agglomération,Hors intersection,Normale,Autre collision,,,,,,,,,,,2,2,1,1,6
200500015731,0005-03-02 13:33:00,5,3,2,13,33,590,329.0,RN 421,,,Plein jour,En agglomération,Hors intersection,Temps couvert,Deux véhicules - frontale,,,,,,,,,,,1,2,1,8,1
200500015732,0005-03-08 12:15:00,5,3,8,12,15,590,329.0,ARRAS (ROUTE D'),,,Plein jour,En agglomération,Giratoire,Normale,Deux véhicules - arrière,,,,,,,,,,,1,2,6,1,2
200500015733,0005-03-15 10:55:00,5,3,15,10,55,590,569.0,", JOLIOT-CURIE (RUE)",,,Plein jour,En agglomération,Intersection en T,Normale,Autre collision,,,,,,,,,,,1,2,3,1,6
200500015734,0005-03-19 16:49:00,5,3,19,16,49,590,654.0,RN 455,,,Plein jour,En agglomération,Hors intersection,Normale,Sans collision,,,,,,,,,,,1,2,1,1,7
200500015735,0005-03-19 13:40:00,5,3,19,13,40,590,28.0,"34, VICHY (RUE DE)",,,Plein jour,En agglomération,Hors intersection,Pluie légère,Autre collision,,,,,,,,,,,1,2,1,2,6
200500015736,0005-03-25 07:10:00,5,3,25,7,10,590,178.0,WETZ (RUE DES),,,Crépuscule ou aube,En agglomération,Intersection en X,Normale,Autre collision,,,,,,,,,,,2,2,2,1,6
200500015737,0005-03-05 18:15:00,5,3,5,18,15,590,155.0,FORTS,,,Crépuscule ou aube,En agglomération,Hors intersection,Pluie légère,Autre collision,,,,,,,,,,,2,2,1,2,6
200500015738,0005-03-07 23:00:00,5,3,7,23,0,590,183.0,", ASSEMAN PAUL - PLACE",,,Nuit avec éclairage allumé,En agglomération,Hors intersection,Normale,Deux véhicules - arrière,,,,,,,,,,,5,2,1,1,2
200500015739,0005-03-11 14:25:00,5,3,11,14,25,590,183.0,", LITTORAL - PONT",,,Plein jour,En agglomération,Intersection en X,Normale,Deux véhicules - côté,,,,,,,,,,,1,2,2,1,3
200500015740,0005-03-12 14:40:00,5,3,12,14,40,590,271.0,"1, DUNANT HENRI - VOIE",,,Plein jour,En agglomération,Hors intersection,Temps éblouissant,Deux véhicules - frontale,,,,,,,,,,,1,2,1,7,1
200500015741,0005-03-13 15:45:00,5,3,13,15,45,590,183.0,"1, MACHY PAUL",,,Plein jour,En agglomération,Hors intersection,Normale,Autre collision,,,,,,,,,,,1,2,1,1,6
200500015742,0005-03-15 17:10:00,5,3,15,17,10,590,271.0,"142, PETITE-SYNTHE - AVE",,,Plein jour,En agglomération,Hors intersection,Normale,Deux véhicules - côté,,,,,,,,,,,1,2,1,1,3
200500015743,0005-03-01 21:30:00,5,3,1,21,30,590,183.0,"000, REPUBLIQUE - F MITT",,,Nuit avec éclairage allumé,En agglomération,Intersection en X,Normale,Deux véhicules - côté,,,,,,,,,,,5,2,2,1,3
200500015744,0005-03-23 07:30:00,5,3,23,7,30,590,183.0,"000, GARE - PLACE",,,Plein jour,En agglomération,Hors intersection,Normale,Autre collision,,,,,,,,,,,1,2,1,1,6
200500015745,0005-03-25 23:45:00,5,3,25,23,45,590,271.0,"000, RN 1",,,Nuit avec éclairage allumé,En agglomération,Hors intersection,Normale,Sans collision,,,,,,,,,,,5,2,1,1,7
200500015746,0005-03-29 11:25:00,5,3,29,11,25,590,183.0,CHAPEAU ROUGE - PONT,,,Plein jour,En agglomération,Hors intersection,Normale,Deux véhicules - côté,,,,,,,,,,,1,2,1,1,3
200500015747,0005-03-25 11:45:00,5,3,25,11,45,590,183.0,"47, CAUMARTIN",,,Plein jour,En agglomération,Hors intersection,Normale,Autre collision,,,,,,,,,,,1,2,1,1,6
200500015748,0005-03-11 18:00:00,5,3,11,18,0,590,249.0,COUSIN CORBIER (RUE),,,Plein jour,En agglomération,Hors intersection,Normale,Autre collision,,,,,,,,,,,1,2,1,1,6
200500015749,0005-03-07 21:00:00,5,3,7,21,0,590,295.0,"2439, DE MERVILLE",,,Nuit sans éclairage public,En agglomération,Hors intersection,Pluie légère,Autre collision,,,,,,,,,,,3,2,1,2,6
200500015750,0005-03-24 13:45:00,5,3,24,13,45,590,295.0,NOTRE DAME,,,Plein jour,En agglomération,Intersection en T,Pluie légère,Deux véhicules - côté,,,,,,,,,,,1,2,3,2,3
200500015751,0005-03-01 15:55:00,5,3,1,15,55,590,356.0,"Sans objet, LILLE RUE DE",,,Plein jour,En agglomération,Hors intersection,Normale,Autre collision,,,,,,,,,,,1,2,1,1,6
200500015752,0005-03-03 09:40:00,5,3,3,9,40,590,350.0,"Sans objet, BELFORT BOUL",,,Plein jour,En agglomération,Intersection en X,Normale,Autre collision,,,,,,,,,,,1,2,2,1,6
200500015753,0005-03-03 12:15:00,5,3,3,12,15,590,350.0,"1, MAERTENS, RUE",,,Plein jour,En agglomération,Hors intersection,Normale,Autre collision,,,,,,,,,,,1,2,1,1,6
200500015754,0005-03-03 22:05:00,5,3,3,22,5,590,378.0,"49, DELATTRE DE TASSIGNY",,,Nuit avec éclairage allumé,En agglomération,Intersection en T,Normale,Autre collision,,,,,,,,,,,5,2,3,1,6
200500015755,0005-03-04 03:40:00,5,3,4,3,40,590,350.0,"sans objet, SOLFERINO RU",,,Nuit avec éclairage allumé,En agglomération,Intersection en X,Normale,Autre collision,,,,,,,,,,,5,2,2,1,6
200500015756,0005-03-04 08:20:00,5,3,4,8,20,590,350.0,"16, SAINT AMAND RUE",,,Plein jour,En agglomération,Hors intersection,Normale,Deux véhicules - côté,,,,,,,,,,,1,2,1,1,3
200500015757,0005-03-04 18:30:00,5,3,4,18,30,590,355.0,"150, HUGO VICTOR RUE",,,Crépuscule ou aube,En agglomération,Hors intersection,Neige / grêle,Autre collision,,,,,,,,,,,2,2,1,4,6
200500015758,0005-03-05 07:00:00,5,3,5,7,0,590,350.0,"110, ROUBAIX RUE DE",,,Plein jour,En agglomération,Hors intersection,Neige / grêle,Autre collision,,,,,,,,,,,1,2,1,4,6
200500015759,0005-03-05 19:10:00,5,3,5,19,10,590,355.0,"323, DUNKERQUE AVENUE DE",,,Nuit avec éclairage allumé,En agglomération,Hors intersection,Normale,Autre collision,,,,,,,,,,,5,2,1,1,6
200500015760,0005-03-07 08:35:00,5,3,7,8,35,590,9.0,PONT DE BOIS  METRO,,,Plein jour,En agglomération,Hors intersection,Normale,Deux véhicules - arrière,,,,,,,,,,,1,2,1,1,2
200500015761,0005-03-07 21:00:00,5,3,7,21,0,590,360.0,"00, FOCH RUE DU MARECHAL",,,Nuit avec éclairage allumé,En agglomération,Intersection en X,Normale,Autre collision,,,,,,,,,,,5,2,2,1,6
200500015762,0005-03-08 08:50:00,5,3,8,8,50,590,220.0,MARGUERITOIS CHEMIN DES,,,Plein jour,En agglomération,Intersection en X,Pluie légère,Deux véhicules - côté,,,,,,,,,,,1,2,2,2,3
200500015763,0005-03-06 20:15:00,5,3,6,20,15,590,220.0,CARNOT RUE,,,Nuit avec éclairage allumé,En agglomération,Intersection en X,Normale,Deux véhicules - côté,,,,,,,,,,,5,2,2,1,3
200500015764,0005-03-08 16:00:00,5,3,8,16,0,590,350.0,"145, POSTES RUE N° RESTE",,,Plein jour,En agglomération,Giratoire,Pluie légère,Autre collision,,,,,,,,,,,1,2,6,2,6
200500015765,0005-03-08 20:15:00,5,3,8,20,15,590,316.0,"sans objet, LAMPIN GEORG",,,Nuit avec éclairage allumé,En agglomération,Intersection en X,Normale,Autre collision,,,,,,,,,,,5,2,2,1,6
200500015766,0005-03-08 20:30:00,5,3,8,20,30,590,247.0,TRESSIN RUE DE,,,Nuit avec éclairage allumé,En agglomération,Intersection en Y,Pluie légère,Deux véhicules - frontale,,,,,,,,,,,5,2,4,2,1
200500015767,0005-03-09 09:00:00,5,3,9,9,0,590,9.0,"sans objet, COLPIN AVENU",,,Plein jour,En agglomération,Hors intersection,Normale,Autre collision,,,,,,,,,,,1,2,1,1,6
200500015768,0005-03-12 18:20:00,5,3,12,18,20,590,355.0,"70, FUSILLES RUE DES",,,Plein jour,En agglomération,Intersection en T,Normale,Autre collision,,,,,,,,,,,1,2,3,1,6
200500015769,0005-03-14 12:30:00,5,3,14,12,30,590,350.0,CHAUDE RIVIERE RUE DE,,,Plein jour,En agglomération,Intersection en X,Normale,Deux véhicules - côté,,,,,,,,,,,1,2,2,1,3
200500015770,0005-03-14 14:50:00,5,3,14,14,50,590,350.0,"51, CARNOT SADI BV. N° I",,,Plein jour,En agglomération,Intersection en T,Normale,Deux véhicules - côté,,,,,,,,,,,1,2,3,1,3
200500015771,0005-03-13 14:50:00,5,3,13,14,50,590,410.0,"N° 14, ARTOIS RUE D",,,Plein jour,En agglomération,Hors intersection,Normale,Autre collision,,,,,,,,,,,1,2,1,1,6
200500015772,0005-03-15 09:20:00,5,3,15,9,20,590,350.0,"52, PEUPLE BELGE AVENUE",,,Plein jour,En agglomération,Hors intersection,Normale,Autre collision,,,,,,,,,,,1,2,1,1,6
200500015773,0005-03-15 11:30:00,5,3,15,11,30,590,350.0,"20, LEFEVRE JULES RUE",,,Plein jour,En agglomération,Hors intersection,Normale,Deux véhicules - côté,,,,,,,,,,,1,2,1,1,3
200500015774,0005-03-15 18:20:00,5,3,15,18,20,590,350.0,"32, DUHEM RUE",,,Plein jour,En agglomération,Hors intersection,Normale,Autre collision,,,,,,,,,,,1,2,1,1,6
200500015775,0005-03-16 10:05:00,5,3,16,10,5,590,368.0,"Sans objet, DE GAULLE RU",,,Plein jour,En agglomération,Hors intersection,Normale,Autre collision,,,,,,,,,,,1,2,1,1,6
200500015776,0005-03-17 09:30:00,5,3,17,9,30,590,9.0,"sans objet, JAURES JEAN",,,Plein jour,En agglomération,Hors intersection,Normale,Autre collision,,,,,,,,,,,1,2,1,1,6
200500015777,0005-03-18 11:45:00,5,3,18,11,45,590,355.0,"69, REPUBLIQUE AVENUE DE",,,Plein jour,En agglomération,Hors intersection,Normale,Autre collision,,,,,,,,,,,1,2,1,1,6
200500015778,0005-03-18 15:45:00,5,3,18,15,45,590,350.0,CANONNIERS RUE DES   RES,,,Plein jour,En agglomération,Hors intersection,Normale,Deux véhicules - côté,,,,,,,,,,,1,2,1,1,3
200500015779,0005-03-18 18:30:00,5,3,18,18,30,590,350.0,"sans objet, FAUBOURG DE",,,Plein jour,En agglomération,Intersection en T,Normale,Autre collision,,,,,,,,,,,1,2,3,1,6
200500015780,0005-03-18 21:00:00,5,3,18,21,0,590,355.0,"369, DUNKERQUE AVENUE DE",,,Nuit avec éclairage allumé,En agglomération,Hors intersection,Normale,Deux véhicules - côté,,,,,,,,,,,5,2,1,1,3
200500015781,0005-03-19 16:00:00,5,3,19,16,0,590,355.0,"72, KUHLMAN RUE",,,Plein jour,En agglomération,Hors intersection,Normale,Autre collision,,,,,,,,,,,1,2,1,1,6
200500015782,0005-03-19 17:45:00,5,3,19,17,45,590,220.0,"34, HAUBOURDIN RUE D   N",,,Plein jour,En agglomération,Hors intersection,Normale,Deux véhicules - frontale,,,,,,,,,,,1,2,1,1,1
200500015783,0005-03-19 19:45:00,5,3,19,19,45,590,410.0,VERDUN AVENUE DE,,,Crépuscule ou aube,En agglomération,Hors intersection,Normale,Autre collision,,,,,,,,,,,2,2,1,1,6
200500015784,0005-03-20 13:40:00,5,3,20,13,40,590,410.0,"23, NAPOLEON 1ER BOULEVA",,,Plein jour,En agglomération,Hors intersection,Normale,Autre collision,,,,,,,,,,,1,2,1,1,6
200500015785,0005-03-12 10:00:00,5,3,12,10,0,590,9.0,BAUDOIN IX RUE,,,Plein jour,En agglomération,Intersection à plus de 4 branches,Normale,Deux véhicules - côté,,,,,,,,,,,1,2,5,1,3
200500015786,0005-03-13 14:45:00,5,3,13,14,45,590,350.0,ARRAS RUE D,,,Plein jour,En agglomération,Intersection en T,Normale,Deux véhicules - arrière,,,,,,,,,,,1,2,3,1,2
200500015787,0005-03-21 18:25:00,5,3,21,18,25,590,350.0,"91, METZ BOULEVARD",,,Plein jour,En agglomération,Hors intersection,Normale,Autre collision,,,,,,,,,,,1,2,1,1,6
200500015788,0005-03-22 09:00:00,5,3,22,9,0,590,343.0,"00, JAURES JEAN RUE",,,Plein jour,En agglomération,Hors intersection,Normale,Autre collision,,,,,,,,,,,1,2,1,1,6
200500015789,0005-03-19 13:45:00,5,3,19,13,45,590,343.0,BASQUIN GEORGES RUE    N,,,Plein jour,En agglomération,Intersection en T,Normale,Deux véhicules - côté,,,,,,,,,,,1,2,3,1,3
200500015790,0005-03-22 16:05:00,5,3,22,16,5,590,350.0,"9, CARREL ARMAND RUE",,,Plein jour,En agglomération,Hors intersection,Normale,Deux véhicules - arrière,,,,,,,,,,,1,2,1,1,2
200500015791,0005-03-23 01:45:00,5,3,23,1,45,590,350.0,JOUHAUX LEON AVENUE N°,,,Nuit avec éclairage allumé,En agglomération,Hors intersection,Normale,Autre collision,,,,,,,,,,,5,2,1,1,6
200500015792,0005-03-20 10:00:00,5,3,20,10,0,590,507.0,"EUROPE, Boulevard de",,,Plein jour,En agglomération,Hors intersection,Normale,Autre collision,,,,,,,,,,,1,2,1,1,6
200500015793,0005-03-23 15:00:00,5,3,23,15,0,590,350.0,"N°26, ESPLANADE FACADE",,,Plein jour,En agglomération,Hors intersection,Normale,Autre collision,,,,,,,,,,,1,2,1,1,6
200500015794,0005-03-23 18:40:00,5,3,23,18,40,590,9.0,"00, JOSEPHE ANNE RUE DU",,,Crépuscule ou aube,En agglomération,Intersection en X,Normale,Autre collision,,,,,,,,,,,2,2,2,1,6
200500015795,0005-03-23 07:35:00,5,3,23,7,35,590,9.0,"LILLE, Rue de",,,Crépuscule ou aube,En agglomération,Autre intersection,Normale,Deux véhicules - côté,,,,,,,,,,,2,2,9,1,3
200500015796,0005-03-24 08:30:00,5,3,24,8,30,590,9.0,"62, DECUGIS YVES RUE",,,Plein jour,En agglomération,Intersection en T,Normale,Autre collision,,,,,,,,,,,1,2,3,1,6
200500015797,0005-03-24 10:55:00,5,3,24,10,55,590,9.0,PASTEUR RUE,,,Plein jour,En agglomération,Hors intersection,Normale,Autre collision,,,,,,,,,,,1,2,1,1,6
200500015798,0005-03-24 13:30:00,5,3,24,13,30,590,350.0,"16, VAUBAN BOULEVARD N°",,,Plein jour,En agglomération,Hors intersection,Pluie légère,Autre collision,,,,,,,,,,,1,2,1,2,6
200500015799,0005-03-25 09:05:00,5,3,25,9,5,590,220.0,"48, CLEMENCEAU RUE     N",,,Plein jour,En agglomération,Hors intersection,Normale,Autre collision,,,,,,,,,,,1,2,1,1,6
200500015800,0005-03-26 17:00:00,5,3,26,17,0,590,560.0,"38, BOUVRY ROGER RUE",,,Plein jour,En agglomération,Hors intersection,Normale,Deux véhicules - côté,,,,,,,,,,,1,2,1,1,3
200500015801,0005-03-26 17:30:00,5,3,26,17,30,590,355.0,"865, DUNKERQUE AVENUE DE",,,Plein jour,En agglomération,Hors intersection,Normale,Autre collision,,,,,,,,,,,1,2,1,1,6
200500015802,0005-03-27 12:55:00,5,3,27,12,55,590,350.0,VALENCIENNES RUE,,,Plein jour,En agglomération,Autre intersection,Normale,Autre collision,,,,,,,,,,,1,2,9,1,6
200500015803,0005-03-29 15:45:00,5,3,29,15,45,590,350.0,ESPLANADE FACADE,,,Plein jour,En agglomération,Intersection en X,Normale,Deux véhicules - arrière,,,,,,,,,,,1,2,2,1,2