accident_id,datetime,annee,mois,jour,heure,minute,departement,commune_insee,adresse,latitude,longitude,luminosite,agglomeration,intersection,meteo,collision,nb_vehicules,nb_usagers,nb_indemnes,nb_tues,nb_blesses_hosp,nb_blesses_legers,age_cond_1,age_cond_2,veh_type_cond_1,veh_type_cond_2,lum_code,agg_code,int_code,atm_code,col_code
200500015934,0005-03-24 16:35:00,5,3,24,16,35,620,902.0,"03, VAL STE ALDEGONDE (R",,,Plein jour,En agglomération,Hors intersection,Normale,Sans collision,,,,,,,,,,,1,2,1,1,7
200500015935,0005-03-19 16:10:00,5,3,19,16,10,620,826.0,"26, SUFFREN (AVENUE)",,,Plein jour,En agglomération,Intersection en X,Normale,Deux véhicules - côté,,,,,,,,,,,1,2,2,1,3
200500015936,0005-03-01 09:40:00,5,3,1,9,40,630,113.0,"83, CHAMBRETTES (RUE DES",,,Plein jour,En agglomération,Hors intersection,Normale,Autre collision,,,,,,,,,,,1,2,1,1,6
200500015937,0005-03-01 21:00:00,5,3,1,21,0,630,113.0,"1, FLAUBERT (BD GUSTAVE)",,,Nuit avec éclairage non allumé,En agglomération,Hors intersection,Normale,Autre collision,,,,,,,,,,,4,2,1,1,6
200500015938,0005-03-02 07:40:00,5,3,2,7,40,630,113.0,"113, ORADOU (RUE DE L')",,,Plein jour,En agglomération,Hors intersection,Normale,Autre collision,,,,,,,,,,,1,2,1,1,6
200500015939,0005-03-02 17:44:00,5,3,2,17,44,630,113.0,"25, SAINT ALYRE (RUE)",,,Plein jour,En agglomération,Hors intersection,Normale,Deux véhicules - arrière,,,,,,,,,,,1,2,1,1,2
200500015940,0005-03-03 18:50:00,5,3,3,18,50,630,113.0,"2, BONNABAUD (RUE)",,,Crépuscule ou aube,En agglomération,Autre intersection,Neige / grêle,Autre collision,,,,,,,,,,,2,2,9,4,6
200500015941,0005-03-04 23:44:00,5,3,4,23,44,630,113.0,"1, BONNABAUD (RUE)",,,Nuit avec éclairage allumé,En agglomération,Intersection en X,Normale,Deux véhicules - côté,,,,,,,,,,,5,2,2,1,3
200500015942,0005-03-05 15:00:00,5,3,5,15,0,630,75.0,CLAUSSAT (AVENUE JOSEPH),,,Plein jour,En agglomération,Hors intersection,Normale,Autre collision,,,,,,,,,,,1,2,1,1,6
200500015943,0005-03-08 09:50:00,5,3,8,9,50,630,113.0,"6, SAINT JEAN (BD)",,,Plein jour,En agglomération,Hors intersection,Normale,Autre collision,,,,,,,,,,,1,2,1,1,6
200500015944,0005-03-08 12:15:00,5,3,8,12,15,630,14.0,"19, FOISSES (RUE DES)",,,Plein jour,En agglomération,Hors intersection,Normale,Autre collision,,,,,,,,,,,1,2,1,1,6
200500015945,0005-03-08 21:26:00,5,3,8,21,26,630,113.0,"0, FOREST (AVENUE FERNAN",,,Nuit avec éclairage allumé,En agglomération,Hors intersection,Normale,Autre collision,,,,,,,,,,,5,2,1,1,6
200500015946,0005-03-11 16:10:00,5,3,11,16,10,630,113.0,"1, GROLIERE (RUE DE LA)",,,Plein jour,En agglomération,Hors intersection,Normale,Sans collision,,,,,,,,,,,1,2,1,1,7
200500015947,0005-03-11 19:20:00,5,3,11,19,20,630,113.0,"1, PALISSY (RUE BERNARD)",,,Nuit avec éclairage allumé,En agglomération,Hors intersection,Normale,Deux véhicules - côté,,,,,,,,,,,5,2,1,1,3
200500015948,0005-03-12 20:50:00,5,3,12,20,50,630,113.0,"56, BRIAND (BD ARISTIDE)",,,Nuit avec éclairage allumé,En agglomération,Intersection en X,Normale,Autre collision,,,,,,,,,,,5,2,2,1,6
200500015949,0005-03-13 07:48:00,5,3,13,7,48,630,113.0,QUINET (BD EDGAR),,,Plein jour,En agglomération,Autre intersection,Normale,Autre collision,,,,,,,,,,,1,2,9,1,6
200500015950,0005-03-14 10:25:00,5,3,14,10,25,630,113.0,"1, UNION SOVIETIQUE (AVE",,,Plein jour,En agglomération,Hors intersection,Normale,Autre collision,,,,,,,,,,,1,2,1,1,6
200500015951,0005-03-16 11:55:00,5,3,16,11,55,630,113.0,"1, LIMOUSIN (AVENUE DU)",,,Plein jour,En agglomération,Hors intersection,Normale,Autre collision,,,,,,,,,,,1,2,1,1,6
200500015952,0005-03-16 15:25:00,5,3,16,15,25,630,113.0,"2, OURAGAN (RUE DU TCD)",,,Plein jour,En agglomération,Hors intersection,Normale,Autre collision,,,,,,,,,,,1,2,1,1,6
200500015953,0005-03-16 15:50:00,5,3,16,15,50,630,113.0,"20, DESAIX (BD)",,,Plein jour,En agglomération,Hors intersection,Normale,Autre collision,,,,,,,,,,,1,2,1,1,6
200500015954,0005-03-17 13:10:00,5,3,17,13,10,630,75.0,"1, BELLEVUE (RUE DE)",,,Plein jour,En agglomération,Intersection en X,Normale,Deux véhicules - côté,,,,,,,,,,,1,2,2,1,3
200500015955,0005-03-18 05:10:00,5,3,18,5,10,630,113.0,"70, DOLET (RUE ETIENNE)",,,Nuit avec éclairage allumé,En agglomération,Hors intersection,Normale,Autre collision,,,,,,,,,,,5,2,1,1,6
200500015956,0005-03-18 15:00:00,5,3,18,15,0,630,113.0,"32, UNION SOVIETIQUE (AV",,,Plein jour,En agglomération,Hors intersection,Normale,Autre collision,,,,,,,,,,,1,2,1,1,6
200500015957,0005-03-18 18:00:00,5,3,18,18,0,630,113.0,RAMOND (RUE),,,Plein jour,En agglomération,Hors intersection,Normale,Autre collision,,,,,,,,,,,1,2,1,1,6
200500015958,0005-03-20 14:55:00,5,3,20,14,55,630,113.0,"0, BRUGIERE (BD AMBROISE",,,Plein jour,En agglomération,Intersection en X,Normale,Deux véhicules - côté,,,,,,,,,,,1,2,2,1,3
200500015959,0005-03-21 08:40:00,5,3,21,8,40,630,113.0,"1, POURCHON (BD MAURICE)",,,Plein jour,En agglomération,Hors intersection,Normale,Deux véhicules - côté,,,,,,,,,,,1,2,1,1,3
200500015960,0005-03-22 09:10:00,5,3,22,9,10,630,113.0,"46, PASTEUR (BD)",,,Plein jour,En agglomération,Hors intersection,Pluie légère,Autre collision,,,,,,,,,,,1,2,1,2,6
200500015961,0005-03-23 07:55:00,5,3,23,7,55,630,32.0,"341, BALZAC (IMPASSE)",,,Plein jour,En agglomération,Hors intersection,Temps éblouissant,Autre collision,,,,,,,,,,,1,2,1,7,6
200500015962,0005-03-23 09:50:00,5,3,23,9,50,630,113.0,"0, SCHUMAN (BD ROBERT)",,,Plein jour,En agglomération,Hors intersection,Normale,Autre collision,,,,,,,,,,,1,2,1,1,6
200500015963,0005-03-23 14:00:00,5,3,23,14,0,630,113.0,"1, BESSET (RUE PIERRE)",,,Plein jour,En agglomération,Hors intersection,Normale,Trois véhicules et plus - en chaîne,,,,,,,,,,,1,2,1,1,4
200500015964,0005-03-23 15:20:00,5,3,23,15,20,630,113.0,"19, COTE BLATIN (BD)",,,Plein jour,En agglomération,Hors intersection,Normale,Autre collision,,,,,,,,,,,1,2,1,1,6
200500015965,0005-03-23 15:10:00,5,3,23,15,10,630,113.0,"1, BLERIOT (AVENUE LOUIS",,,Plein jour,En agglomération,Hors intersection,Normale,Autre collision,,,,,,,,,,,1,2,1,1,6
200500015966,0005-03-24 00:45:00,5,3,24,0,45,630,14.0,"0, CRISTAL (AVENUE ERNES",,,Crépuscule ou aube,En agglomération,Hors intersection,Normale,Autre collision,,,,,,,,,,,2,2,1,1,6
200500015967,0005-03-24 13:10:00,5,3,24,13,10,630,113.0,"1, BERTHELOT (BOULEVARD)",,,Plein jour,En agglomération,Hors intersection,Pluie légère,Autre collision,,,,,,,,,,,1,2,1,2,6
200500015968,0005-03-25 08:25:00,5,3,25,8,25,630,113.0,"105, REPUBLIQUE (AVENUE",,,Plein jour,En agglomération,Hors intersection,Normale,Autre collision,,,,,,,,,,,1,2,1,1,6
200500015969,0005-03-28 18:10:00,5,3,28,18,10,630,113.0,"2, CARMES DECHAUX (PLACE",,,Plein jour,En agglomération,Hors intersection,Normale,Autre collision,,,,,,,,,,,1,2,1,1,6
200500015970,0005-03-26 15:45:00,5,3,26,15,45,630,113.0,BLERIOT (AVENUE LOUIS),,,Plein jour,En agglomération,Autre intersection,Normale,Autre collision,,,,,,,,,,,1,2,9,1,6
200500015971,0005-03-27 09:15:00,5,3,27,9,15,630,113.0,"144, REPUBLIQUE (AVENUE",,,Plein jour,En agglomération,Hors intersection,Normale,Autre collision,,,,,,,,,,,1,2,1,1,6
200500015972,0005-03-27 11:30:00,5,3,27,11,30,630,113.0,"39, RESSORT (RUE DU)",,,Plein jour,En agglomération,Hors intersection,Normale,Deux véhicules - frontale,,,,,,,,,,,1,2,1,1,1
200500015973,0005-03-29 16:10:00,5,3,29,16,10,630,113.0,SABLON (COURS),,,Plein jour,En agglomération,Autre intersection,Normale,Autre collision,,,,,,,,,,,1,2,9,1,6
200500015974,0005-03-28 19:00:00,5,3,28,19,0,630,113.0,"42, HOSPITAL (RUE DR)",,,Plein jour,En agglomération,Hors intersection,Normale,Sans collision,,,,,,,,,,,1,2,1,1,7
200500015975,0005-03-30 14:25:00,5,3,30,14,25,630,113.0,"0, BLERIOT (AVENUE LOUIS",,,Plein jour,En agglomération,Intersection à plus de 4 branches,Normale,Autre collision,,,,,,,,,,,1,2,5,1,6
200500015976,0005-03-30 18:15:00,5,3,30,18,15,630,113.0,COLMAR (RUE DE),,,Plein jour,En agglomération,Intersection en T,Normale,Deux véhicules - côté,,,,,,,,,,,1,2,3,1,3
200500015977,0005-03-17 12:27:00,5,3,17,12,27,630,124.0,CENDRE (ROUTE DU),,,Plein jour,En agglomération,Intersection en X,Normale,Deux véhicules - arrière,,,,,,,,,,,1,2,2,1,2
200500015978,0005-03-18 10:22:00,5,3,18,10,22,630,124.0,"49, MIDI (AVENUE DU)",,,Plein jour,En agglomération,Hors intersection,Normale,Autre collision,,,,,,,,,,,1,2,1,1,6
200500015979,0005-03-25 09:20:00,5,3,25,9,20,630,124.0,"39, LIBERATION (AV. DE L",,,Plein jour,En agglomération,Intersection en X,Normale,Deux véhicules - côté,,,,,,,,,,,1,2,2,1,3
200500015980,0005-03-18 22:15:00,5,3,18,22,15,630,113.0,Boulevard Etienne Clemen,,,Nuit avec éclairage allumé,En agglomération,Giratoire,Normale,Sans collision,,,,,,,,,,,5,2,6,1,7
200500015981,0005-03-19 19:30:00,5,3,19,19,30,630,164.0,"10, CHOMETTE (RUE JOSEPH",,,Nuit avec éclairage allumé,En agglomération,Hors intersection,Normale,Deux véhicules - côté,,,,,,,,,,,5,2,1,1,3
200500015982,0005-03-22 10:40:00,5,3,22,10,40,630,164.0,MOULIN (RUE DU),,,Plein jour,En agglomération,Intersection en T,Normale,Deux véhicules - arrière,,,,,,,,,,,1,2,3,1,2
200500015983,0005-03-22 19:25:00,5,3,22,19,25,630,300.0,CHATELGUYON-GUYON (ROUTE,,,Nuit avec éclairage allumé,En agglomération,Autre intersection,Normale,Deux véhicules - côté,,,,,,,,,,,5,2,9,1,3
200500015984,0005-03-30 12:15:00,5,3,30,12,15,630,103.0,RD 985,,,Plein jour,Hors agglomération,Autre intersection,Normale,Autre collision,,,,,,,,,,,1,1,9,1,6
200500015985,0005-03-01 18:06:00,5,3,1,18,6,640,102.0,SOULT (AVENUE MARECHAL),,,Plein jour,En agglomération,Hors intersection,Normale,Trois véhicules et plus - en chaîne,,,,,,,,,,,1,2,1,1,4
200500015986,0005-03-03 13:45:00,5,3,3,13,45,640,102.0,CASTAGNET Julien,,,Plein jour,En agglomération,Hors intersection,Pluie légère,Deux véhicules - frontale,,,,,,,,,,,1,2,1,2,1
200500015987,0005-03-05 18:15:00,5,3,5,18,15,640,102.0,LESSEPS (QUAI DE),,,Plein jour,En agglomération,Intersection en Y,Pluie légère,Deux véhicules - frontale,,,,,,,,,,,1,2,4,2,1
200500015988,0005-03-04 21:30:00,5,3,4,21,30,640,24.0,LAPORTE (AVENUE JEAN LEO,,,Nuit avec éclairage allumé,En agglomération,Autre intersection,Normale,Deux véhicules - côté,,,,,,,,,,,5,2,9,1,3
200500015989,0005-03-10 17:00:00,5,3,10,17,0,640,24.0,"63, JOUANETOTE (RUE DE)",,,Plein jour,En agglomération,Intersection en T,Normale,Deux véhicules - côté,,,,,,,,,,,1,2,3,1,3
200500015990,0005-03-11 18:17:00,5,3,11,18,17,640,24.0,"26, LAPORTE (AVENUE JEAN",,,Plein jour,En agglomération,Hors intersection,Normale,Autre collision,,,,,,,,,,,1,2,1,1,6
200500015991,0005-03-11 21:30:00,5,3,11,21,30,640,24.0,CHAMBRE D'AMOUR (AVENUE,,,Nuit avec éclairage allumé,En agglomération,Intersection en T,Normale,Deux véhicules - arrière,,,,,,,,,,,5,2,3,1,2
200500015992,0005-03-12 10:16:00,5,3,12,10,16,640,102.0,"05, CONTE DE CABARRUS (C",,,Plein jour,En agglomération,Hors intersection,Normale,Autre collision,,,,,,,,,,,1,2,1,1,6
200500015993,0005-03-12 16:48:00,5,3,12,16,48,640,102.0,"25, ADOUR (AV DE L')",,,Plein jour,En agglomération,Hors intersection,Normale,Deux véhicules - arrière,,,,,,,,,,,1,2,1,1,2
200500015994,0005-03-18 08:00:00,5,3,18,8,0,640,140.0,DOUANE (QUAI DE LA),,,Plein jour,En agglomération,Hors intersection,Normale,Deux véhicules - frontale,,,,,,,,,,,1,2,1,1,1
200500015995,0005-03-20 15:40:00,5,3,20,15,40,640,140.0,BRAMARIE (RUE RAOUL),,,Plein jour,En agglomération,Intersection en X,Normale,Trois véhicules et plus - collisions multiples,,,,,,,,,,,1,2,2,1,5
200500015996,0005-03-22 11:15:00,5,3,22,11,15,640,24.0,MARAIS (ROND POINT DES),,,Plein jour,En agglomération,Intersection en T,Normale,Deux véhicules - côté,,,,,,,,,,,1,2,3,1,3
200500015997,0005-03-23 00:15:00,5,3,23,0,15,640,102.0,SOULT (AVENUE MARECHAL),,,Nuit avec éclairage allumé,En agglomération,Giratoire,Normale,Deux véhicules - côté,,,,,,,,,,,5,2,6,1,3
200500015998,0005-03-23 16:15:00,5,3,23,16,15,640,102.0,DELAY (AVENUE DU DOCTEUR,,,Plein jour,En agglomération,Hors intersection,Normale,Autre collision,,,,,,,,,,,1,2,1,1,6
200500015999,0005-03-24 07:50:00,5,3,24,7,50,640,24.0,BAB (BOULEVARD DU),,,Plein jour,En agglomération,Intersection en X,Normale,Deux véhicules - côté,,,,,,,,,,,1,2,2,1,3
200500016000,0005-03-24 19:09:00,5,3,24,19,9,640,102.0,"10, LESSEPS (QUAI DE)",,,Plein jour,En agglomération,Hors intersection,Normale,Autre collision,,,,,,,,,,,1,2,1,1,6
200500016001,0005-03-27 00:01:00,5,3,27,0,1,640,24.0,BIARRITZ (AVENUE DE),,,Nuit avec éclairage allumé,En agglomération,Intersection en T,Normale,Deux véhicules - côté,,,,,,,,,,,5,2,3,1,3
200500016002,0005-03-29 20:34:00,5,3,29,20,34,640,102.0,CHATEAU VIEUX (PLACE DU),,,Nuit avec éclairage allumé,En agglomération,Intersection en T,Normale,Deux véhicules - côté,,,,,,,,,,,5,2,3,1,3
200500016003,0005-03-31 10:30:00,5,3,31,10,30,640,102.0,PORTES (PLACE JACQUES),,,Plein jour,En agglomération,Hors intersection,Normale,Sans collision,,,,,,,,,,,1,2,1,1,7
200500016004,0005-03-01 17:55:00,5,3,1,17,55,640,122.0,", POLITZER (ALLEE MARIE)",,,Plein jour,En agglomération,Autre intersection,Normale,Deux véhicules - côté,,,,,,,,,,,1,2,9,1,3
200500016005,0005-03-06 19:15:00,5,3,6,19,15,640,122.0,"32, MARNE (AVENUE DE LA)",,,Nuit avec éclairage allumé,En agglomération,Hors intersection,Normale,Deux véhicules - côté,,,,,,,,,,,5,2,1,1,3
200500016006,0005-03-11 12:15:00,5,3,11,12,15,640,122.0,", TAMAMES (AVENUE DE)",,,Plein jour,En agglomération,Giratoire,Normale,Deux véhicules - côté,,,,,,,,,,,1,2,6,1,3
200500016007,0005-03-12 11:45:00,5,3,12,11,45,640,122.0,BRAOU (AVENUE DU),,,Plein jour,En agglomération,Intersection en T,Normale,Deux véhicules - côté,,,,,,,,,,,1,2,3,1,3
200500016008,0005-03-15 20:05:00,5,3,15,20,5,640,122.0,"66, MARNE (AVENUE DE LA)",,,Nuit avec éclairage allumé,En agglomération,Intersection en X,Normale,Deux véhicules - côté,,,,,,,,,,,5,2,2,1,3
200500016009,0005-03-16 12:15:00,5,3,16,12,15,640,122.0,"12, SAINTE MADELEINE (BD",,,Plein jour,En agglomération,Hors intersection,Normale,Deux véhicules - arrière,,,,,,,,,,,1,2,1,1,2
200500016010,0005-03-17 11:20:00,5,3,17,11,20,640,122.0,"12, PETIT GUY (RUE)",,,Plein jour,En agglomération,Hors intersection,Normale,Deux véhicules - arrière,,,,,,,,,,,1,2,1,1,2
200500016011,0005-03-24 18:45:00,5,3,24,18,45,640,125.0,CUMBA (AVENUE),,,Plein jour,En agglomération,Hors intersection,Normale,Deux véhicules - côté,,,,,,,,,,,1,2,1,1,3
200500016012,0005-03-29 12:35:00,5,3,29,12,35,640,122.0,"1, BORDE D'ANDRE (RUE)",,,Plein jour,En agglomération,Hors intersection,Normale,Deux véhicules - arrière,,,,,,,,,,,1,2,1,1,2
200500016013,0005-03-30 12:20:00,5,3,30,12,20,640,122.0,MINJONGO (RUE DE),,,Plein jour,En agglomération,Hors intersection,Normale,Deux véhicules - arrière,,,,,,,,,,,1,2,1,1,2
200500016014,0005-03-30 14:40:00,5,3,30,14,40,640,122.0,"24, HARCET RUE D')",,,Plein jour,En agglomération,Intersection en Y,Normale,Deux véhicules - côté,,,,,,,,,,,1,2,4,1,3
200500016015,0005-03-01 07:10:00,5,3,1,7,10,640,129.0,"161, JEAN MERMOZ",,,Crépuscule ou aube,En agglomération,Hors intersection,Normale,Autre collision,,,,,,,,,,,2,2,1,1,6
200500016016,0005-03-01 13:45:00,5,3,1,13,45,640,284.0,"151, RAUSKI",,,Plein jour,En agglomération,Intersection en T,Pluie légère,Deux véhicules - côté,,,,,,,,,,,1,2,3,2,3
200500016017,0005-03-04 11:35:00,5,3,4,11,35,640,269.0,"38, N117",,,Plein jour,En agglomération,Intersection en X,Normale,Deux véhicules - côté,,,,,,,,,,,1,2,2,1,3
200500016018,0005-03-05 10:35:00,5,3,5,10,35,640,445.0,HENRI FAISANS,,,Plein jour,En agglomération,Hors intersection,Pluie légère,Autre collision,,,,,,,,,,,1,2,1,2,6
200500016019,0005-03-05 11:20:00,5,3,5,11,20,640,284.0,HENRI 4,,,Plein jour,En agglomération,Intersection en X,Pluie légère,Autre collision,,,,,,,,,,,1,2,2,2,6
200500016020,0005-03-08 19:50:00,5,3,8,19,50,640,445.0,"1, BAREGES DE",,,Nuit avec éclairage allumé,En agglomération,Intersection en X,Normale,Deux véhicules - côté,,,,,,,,,,,5,2,2,1,3
200500016021,0005-03-10 22:50:00,5,3,10,22,50,640,445.0,"02, EMILE ZOLA",,,Nuit avec éclairage allumé,En agglomération,Hors intersection,Normale,Autre collision,,,,,,,,,,,5,2,1,1,6
200500016022,0005-03-11 14:30:00,5,3,11,14,30,640,445.0,"100, LOUP DU",,,Plein jour,En agglomération,Hors intersection,Normale,Deux véhicules - côté,,,,,,,,,,,1,2,1,1,3
200500016023,0005-03-12 23:25:00,5,3,12,23,25,640,445.0,"24, LOUP DU",,,Nuit avec éclairage allumé,En agglomération,Hors intersection,Normale,Autre collision,,,,,,,,,,,5,2,1,1,6
200500016024,0005-03-15 06:35:00,5,3,15,6,35,640,445.0,"56, MONTPENSIER",,,Crépuscule ou aube,En agglomération,Intersection en X,Normale,Autre collision,,,,,,,,,,,2,2,2,1,6
200500016025,0005-03-15 16:40:00,5,3,15,16,40,640,445.0,MARECHAL LECLERC DU,,,Plein jour,En agglomération,Hors intersection,Normale,Deux véhicules - arrière,,,,,,,,,,,1,2,1,1,2
200500016026,0005-03-16 19:45:00,5,3,16,19,45,640,129.0,"7, BAYONNE DE",,,Nuit avec éclairage non allumé,En agglomération,Hors intersection,Normale,Deux véhicules - côté,,,,,,,,,,,4,2,1,1,3
200500016027,0005-03-18 17:15:00,5,3,18,17,15,640,445.0,"45, TOURASSE",,,Plein jour,En agglomération,Hors intersection,Normale,Autre collision,,,,,,,,,,,1,2,1,1,6
200500016028,0005-03-23 14:20:00,5,3,23,14,20,640,445.0,"13, ALSACE LORRAINE D'",,,Plein jour,En agglomération,Hors intersection,Normale,Deux véhicules - côté,,,,,,,,,,,1,2,1,1,3
200500016029,0005-03-25 07:55:00,5,3,25,7,55,640,445.0,ALSACE LORRAINE D',,,Plein jour,En agglomération,Intersection en X,Normale,Deux véhicules - côté,,,,,,,,,,,1,2,2,1,3
200500016030,0005-03-25 16:47:00,5,3,25,16,47,640,335.0,EUROPE DE L',,,Plein jour,En agglomération,Hors intersection,Normale,Deux véhicules - arrière,,,,,,,,,,,1,2,1,1,2
200500016031,0005-03-25 18:30:00,5,3,25,18,30,640,129.0,"20, LALANNE",,,Crépuscule ou aube,En agglomération,Intersection en T,Normale,Deux véhicules - frontale,,,,,,,,,,,2,2,3,1,1
200500016032,0005-03-26 21:09:00,5,3,26,21,9,640,445.0,COMMANDANT RENE MOUCHOTT,,,Nuit avec éclairage allumé,En agglomération,Intersection en X,Normale,Deux véhicules - côté,,,,,,,,,,,5,2,2,1,3
200500016033,0005-03-28 15:25:00,5,3,28,15,25,640,445.0,"76, ETIGNY D'",,,Plein jour,En agglomération,Hors intersection,Normale,Autre collision,,,,,,,,,,,1,2,1,1,6
200500016034,0005-03-28 15:15:00,5,3,28,15,15,640,445.0,"177, LILAS DES",,,Plein jour,En agglomération,Hors intersection,Normale,Deux véhicules - côté,,,,,,,,,,,1,2,1,1,3
200500016035,0005-03-30 08:00:00,5,3,30,8,0,640,445.0,UNIVERSITE DE L',,,Plein jour,En agglomération,Hors intersection,Pluie légère,Deux véhicules - côté,,,,,,,,,,,1,2,1,2,3
200500016036,0005-03-31 17:30:00,5,3,31,17,30,640,445.0,"34, CARNOT",,,Plein jour,En agglomération,Hors intersection,Normale,Autre collision,,,,,,,,,,,1,2,1,1,6
200500016037,0005-03-12 16:45:00,5,3,12,16,45,640,483.0,"28, ITHURRALDE ANDRE (AV",,,Plein jour,En agglomération,Hors intersection,Normale,Trois véhicules et plus - en chaîne,,,,,,,,,,,1,2,1,1,4
200500016038,0005-03-17 19:15:00,5,3,17,19,15,640,545.0,IBARDIN (AVENUE D'),,,Crépuscule ou aube,En agglomération,Hors intersection,Normale,Deux véhicules - côté,,,,,,,,,,,2,2,1,1,3
200500016039,0005-03-26 16:50:00,5,3,26,16,50,640,483.0,RN10,,,Plein jour,Hors agglomération,Hors intersection,Normale,Deux véhicules - côté,,,,,,,,,,,1,1,1,1,3
200500016040,0005-03-29 18:10:00,5,3,29,18,10,640,483.0,"890, AHETZE (ROUTE D')",,,Plein jour,Hors agglomération,Hors intersection,Normale,Deux véhicules - côté,,,,,,,,,,,1,1,1,1,3
200500016041,0005-03-08 17:20:00,5,3,8,17,20,640,483.0,"59, ITHURRALDE ANDRE (AV",,,Plein jour,En agglomération,Intersection en T,Normale,Deux véhicules - côté,,,,,,,,,,,1,2,3,1,3
200500016042,0005-03-15 17:50:00,5,3,15,17,50,640,260.0,"20, IRANDATZ ( RUE D')",,,Plein jour,En agglomération,Hors intersection,Normale,Autre collision,,,,,,,,,,,1,2,1,1,6
200500016043,0005-03-15 22:45:00,5,3,15,22,45,640,260.0,"02, EMPEREUR (BOULEVARD",,,Nuit avec éclairage allumé,En agglomération,Hors intersection,Normale,Deux véhicules - arrière,,,,,,,,,,,5,2,1,1,2
200500016044,0005-03-18 12:30:00,5,3,18,12,30,640,483.0,"1, ECOLE (IMPASSE DES )",,,Plein jour,En agglomération,Intersection en T,Normale,Deux véhicules - côté,,,,,,,,,,,1,2,3,1,3
200500016045,0005-03-21 21:35:00,5,3,21,21,35,640,483.0,RN10,,,Nuit sans éclairage public,Hors agglomération,Hors intersection,Normale,Autre collision,,,,,,,,,,,3,1,1,1,6
200500016046,0005-03-23 18:00:00,5,3,23,18,0,640,189.0,"1, POULOU JEAN  (AVENUE)",,,Plein jour,En agglomération,Hors intersection,Normale,Autre collision,,,,,,,,,,,1,2,1,1,6
200500016047,0005-03-30 15:45:00,5,3,30,15,45,640,260.0,"41, MIMOSAS",,,Plein jour,En agglomération,Intersection en X,Normale,Deux véhicules - côté,,,,,,,,,,,1,2,2,1,3
200500016048,0005-03-30 16:35:00,5,3,30,16,35,650,286.0,"11, SAINT-PIERRE (RUE)",,,Plein jour,En agglomération,Hors intersection,Normale,Autre collision,,,,,,,,,,,1,2,1,1,6
200500016049,0005-03-02 11:05:00,5,3,2,11,5,650,440.0,"12, THEAS (RUE MONSEIGNE",,,Plein jour,En agglomération,Intersection en X,Normale,Deux véhicules - côté,,,,,,,,,,,1,2,2,1,3
200500016050,0005-03-02 15:55:00,5,3,2,15,55,650,440.0,"17, GAMBETTA (COURS)",,,Plein jour,En agglomération,Hors intersection,Normale,Deux véhicules - côté,,,,,,,,,,,1,2,1,1,3
200500016051,0005-03-02 16:30:00,5,3,2,16,30,650,440.0,LOURDES (ROND-POINT ROUT,,,Plein jour,En agglomération,Giratoire,Normale,Trois véhicules et plus - collisions multiples,,,,,,,,,,,1,2,6,1,5
200500016052,0005-03-05 02:45:00,5,3,5,2,45,650,100.0,BORDEAUX (ROUTE DE) CD 9,,,Nuit sans éclairage public,En agglomération,Intersection en T,Pluie légère,Autre collision,,,,,,,,,,,3,2,3,2,6
200500016053,0005-03-07 14:55:00,5,3,7,14,55,650,440.0,"9, FOIRAIL (RUE DU)",,,Plein jour,En agglomération,Hors intersection,Normale,Autre collision,,,,,,,,,,,1,2,1,1,6
200500016054,0005-03-06 04:15:00,5,3,6,4,15,650,440.0,LOURDES (ROND-POINT ROUT,,,Nuit avec éclairage allumé,En agglomération,Giratoire,Neige / grêle,Autre collision,,,,,,,,,,,5,2,6,4,6
200500016055,0005-03-07 16:55:00,5,3,7,16,55,650,417.0,"13, REPUBLIQUE (RUE DE L",,,Plein jour,En agglomération,Intersection en T,Normale,Autre collision,,,,,,,,,,,1,2,3,1,6
200500016056,0005-03-06 19:40:00,5,3,6,19,40,650,417.0,"19 bis, GUINIER (RUE DU",,,Nuit avec éclairage allumé,En agglomération,Hors intersection,Normale,Autre collision,,,,,,,,,,,5,2,1,1,6
200500016057,0005-03-07 14:30:00,5,3,7,14,30,650,47.0,JAURES (AVE JEAN),,,Plein jour,En agglomération,Intersection en X,Normale,Deux véhicules - arrière,,,,,,,,,,,1,2,2,1,2
200500016058,0005-03-08 17:05:00,5,3,8,17,5,650,440.0,"22, CRONSTADT (RUE DE)",,,Plein jour,En agglomération,Intersection en T,Normale,Autre collision,,,,,,,,,,,1,2,3,1,6
200500016059,0005-03-10 20:00:00,5,3,10,20,0,650,226.0,DEPARTEMENTALE 7 (ROUTE),,,Nuit sans éclairage public,En agglomération,Hors intersection,Normale,Autre collision,,,,,,,,,,,3,2,1,1,6
200500016060,0005-03-11 15:15:00,5,3,11,15,15,650,440.0,"60, SENDERE (CHEMIN DE L",,,Plein jour,En agglomération,Intersection en X,Normale,Deux véhicules - arrière,,,,,,,,,,,1,2,2,1,2
200500016061,0005-03-12 19:25:00,5,3,12,19,25,650,440.0,"., ARDENNES (BOULEVARD D",,,Nuit avec éclairage allumé,En agglomération,Intersection en X,Normale,Deux véhicules - côté,,,,,,,,,,,5,2,2,1,3
200500016062,0005-03-15 10:30:00,5,3,15,10,30,650,440.0,"., MARNE (AVENUE DE LA)",,,Plein jour,En agglomération,Intersection en X,Normale,Sans collision,,,,,,,,,,,1,2,2,1,7
200500016063,0005-03-18 18:15:00,5,3,18,18,15,650,331.0,R.D.15,,,Plein jour,En agglomération,Hors intersection,Normale,Deux véhicules - frontale,,,,,,,,,,,1,2,1,1,1
200500016064,0005-03-20 00:35:00,5,3,20,0,35,650,47.0,"22, CHARTREUSE (AVE DE L",,,Nuit avec éclairage allumé,En agglomération,Hors intersection,Normale,Autre collision,,,,,,,,,,,5,2,1,1,6