accident_id,datetime,annee,mois,jour,heure,minute,departement,commune_insee,adresse,latitude,longitude,luminosite,agglomeration,intersection,meteo,collision,nb_vehicules,nb_usagers,nb_indemnes,nb_tues,nb_blesses_hosp,nb_blesses_legers,age_cond_1,age_cond_2,veh_type_cond_1,veh_type_cond_2,lum_code,agg_code,int_code,atm_code,col_code
200500016196,0005-03-06 14:50:00,5,3,6,14,50,710,153.0,ASSAS (RUE D'),,,Plein jour,En agglomération,Intersection en X,Normale,Deux véhicules - côté,,,,,,,,,,,1,2,2,1,3
200500016197,0005-03-08 15:05:00,5,3,8,15,5,710,153.0,BLANZY (RUE DE),,,Plein jour,En agglomération,Intersection en X,Normale,Deux véhicules - côté,,,,,,,,,,,1,2,2,1,3
200500016198,0005-03-18 15:45:00,5,3,18,15,45,710,153.0,"3, SCHNEIDER (PLACE)",,,Plein jour,En agglomération,Hors intersection,Normale,Autre collision,,,,,,,,,,,1,2,1,1,6
200500016199,0005-03-19 09:20:00,5,3,19,9,20,710,153.0,JAURES (RUE JEAN),,,Plein jour,En agglomération,Intersection en T,Normale,Autre collision,,,,,,,,,,,1,2,3,1,6
200500016200,0005-03-22 13:40:00,5,3,22,13,40,710,153.0,HARFLEUR (ROND POINT D'),,,Plein jour,En agglomération,Giratoire,Pluie légère,Deux véhicules - arrière,,,,,,,,,,,1,2,6,2,2
200500016201,0005-03-23 12:00:00,5,3,23,12,0,710,153.0,REPUBLIQUE (AVENUE DE LA,,,Plein jour,En agglomération,Intersection en X,Normale,Deux véhicules - côté,,,,,,,,,,,1,2,2,1,3
200500016202,0005-03-26 21:20:00,5,3,26,21,20,710,540.0,R.D 290,,,Nuit sans éclairage public,En agglomération,Intersection en Y,Temps couvert,Deux véhicules - côté,,,,,,,,,,,3,2,4,8,3
200500016203,0005-03-09 16:15:00,5,3,9,16,15,710,270.0,DIX-NEUF MARS 1962 (RUE,,,Plein jour,En agglomération,Hors intersection,Normale,Autre collision,,,,,,,,,,,1,2,1,1,6
200500016204,0005-03-15 20:30:00,5,3,15,20,30,710,105.0,VIEUX TEMPLE (RUE DU),,,Crépuscule ou aube,En agglomération,Intersection en T,Normale,Deux véhicules - côté,,,,,,,,,,,2,2,3,1,3
200500016205,0005-03-18 13:20:00,5,3,18,13,20,710,270.0,"43, BLANCHETTES (RUE DES",,,Plein jour,En agglomération,Hors intersection,Normale,Deux véhicules - côté,,,,,,,,,,,1,2,1,1,3
200500016206,0005-03-13 00:01:00,5,3,13,0,1,710,497.0,MADONNE (RUE DE LA),,,Nuit sans éclairage public,En agglomération,Hors intersection,Normale,Sans collision,,,,,,,,,,,3,2,1,1,7
200500016207,0005-03-22 12:00:00,5,3,22,12,0,710,105.0,"1, JONCHERES (CHEMIN DES",,,Plein jour,En agglomération,Hors intersection,Normale,Autre collision,,,,,,,,,,,1,2,1,1,6
200500016208,0005-03-26 16:15:00,5,3,26,16,15,710,270.0,"40, LYON (ROUTE DE)",,,Plein jour,En agglomération,Hors intersection,Normale,Autre collision,,,,,,,,,,,1,2,1,1,6
200500016209,0005-03-02 07:45:00,5,3,2,7,45,710,306.0,ALOUETTES (AVENUE DES),,,Plein jour,En agglomération,Intersection en X,Normale,Deux véhicules - arrière,,,,,,,,,,,1,2,2,1,2
200500016210,0005-03-07 10:10:00,5,3,7,10,10,710,306.0,MOULINS (QUAI DE),,,Plein jour,En agglomération,Hors intersection,Neige / grêle,Deux véhicules - côté,,,,,,,,,,,1,2,1,4,3
200500016211,0005-03-11 17:20:00,5,3,11,17,20,710,306.0,ALOUETTES (AVENUE DES),,,Plein jour,En agglomération,Intersection en T,Normale,Sans collision,,,,,,,,,,,1,2,3,1,7
200500016212,0005-03-01 15:50:00,5,3,1,15,50,720,181.0,33 EME MOBILE (RUE DU) N,,,Plein jour,En agglomération,Hors intersection,Normale,Autre collision,,,,,,,,,,,1,2,1,1,6
200500016213,0005-03-02 09:05:00,5,3,2,9,5,720,181.0,"349, GENESLAY FELIX (AV)",,,Plein jour,En agglomération,Hors intersection,Neige / grêle,Autre collision,,,,,,,,,,,1,2,1,4,6
200500016214,0005-03-02 09:30:00,5,3,2,9,30,720,181.0,PATTON GENERAL RTE ST-AU,,,Plein jour,En agglomération,Hors intersection,Neige / grêle,Autre collision,,,,,,,,,,,1,2,1,4,6
200500016215,0005-03-04 19:45:00,5,3,4,19,45,720,181.0,"99, BOLLEE (AV) N° IMP 6",,,Nuit avec éclairage allumé,En agglomération,Hors intersection,Pluie légère,Autre collision,,,,,,,,,,,5,2,1,2,6
200500016216,0005-03-05 10:30:00,5,3,5,10,30,720,181.0,"21, BRINDEJONC DES MOULI",,,Plein jour,En agglomération,Hors intersection,Neige / grêle,Autre collision,,,,,,,,,,,1,2,1,4,6
200500016217,0005-03-05 18:00:00,5,3,5,18,0,720,181.0,"144, VILLARET (RUE DU) N",,,Plein jour,En agglomération,Hors intersection,Normale,Deux véhicules - côté,,,,,,,,,,,1,2,1,1,3
200500016218,0005-03-07 12:00:00,5,3,7,12,0,720,181.0,MISSION (RUE DE LA),,,Plein jour,En agglomération,Hors intersection,Normale,Autre collision,,,,,,,,,,,1,2,1,1,6
200500016219,0005-03-07 16:20:00,5,3,7,16,20,720,181.0,"18, GALLOUEDEC DOCTEUR (",,,Plein jour,En agglomération,Hors intersection,Normale,Trois véhicules et plus - en chaîne,,,,,,,,,,,1,2,1,1,4
200500016220,0005-03-08 15:00:00,5,3,8,15,0,720,95.0,SAINT MICHEL (BD),,,Plein jour,En agglomération,Giratoire,Normale,Deux véhicules - côté,,,,,,,,,,,1,2,6,1,3
200500016221,0005-03-08 18:00:00,5,3,8,18,0,720,181.0,"93, SAVORGNAN DE BRAZZA",,,Plein jour,En agglomération,Hors intersection,Normale,Deux véhicules - arrière,,,,,,,,,,,1,2,1,1,2
200500016222,0005-03-11 19:20:00,5,3,11,19,20,720,181.0,TOURS (RTE) LIGNE DROITE,,,Nuit sans éclairage public,En agglomération,Hors intersection,Normale,Deux véhicules - côté,,,,,,,,,,,3,2,1,1,3
200500016223,0005-03-12 15:55:00,5,3,12,15,55,720,181.0,"8, GAULLE GENERAL DE (AV",,,Plein jour,En agglomération,Hors intersection,Normale,Deux véhicules - côté,,,,,,,,,,,1,2,1,1,3
200500016224,0005-03-12 18:15:00,5,3,12,18,15,720,181.0,"206, LAIGNE RUE DE N° PA",,,Crépuscule ou aube,En agglomération,Hors intersection,Normale,Deux véhicules - arrière,,,,,,,,,,,2,2,1,1,2
200500016225,0005-03-15 08:00:00,5,3,15,8,0,720,181.0,"12, MICHEL ANGE (RUE)",,,Plein jour,En agglomération,Hors intersection,Normale,Deux véhicules - arrière,,,,,,,,,,,1,2,1,1,2
200500016226,0005-03-15 16:20:00,5,3,15,16,20,720,181.0,"118, BOURG BELE (RUE DU)",,,Plein jour,En agglomération,Hors intersection,Normale,Deux véhicules - arrière,,,,,,,,,,,1,2,1,1,2
200500016227,0005-03-15 17:10:00,5,3,15,17,10,720,181.0,CANTAL ENTRE DELABOUDINI,,,Plein jour,En agglomération,Hors intersection,Normale,Autre collision,,,,,,,,,,,1,2,1,1,6
200500016228,0005-03-15 18:00:00,5,3,15,18,0,720,181.0,CUGNOT NICOLAS (BD),,,Nuit avec éclairage allumé,En agglomération,Hors intersection,Normale,Deux véhicules - arrière,,,,,,,,,,,5,2,1,1,2
200500016229,0005-03-16 12:00:00,5,3,16,12,0,720,3.0,PARE AMBROISE (RUE),,,Plein jour,En agglomération,Hors intersection,Normale,Autre collision,,,,,,,,,,,1,2,1,1,6
200500016230,0005-03-16 12:40:00,5,3,16,12,40,720,181.0,"20, VOLTAIRE (RUE) N° PA",,,Plein jour,En agglomération,Hors intersection,Normale,Deux véhicules - côté,,,,,,,,,,,1,2,1,1,3
200500016231,0005-03-16 17:20:00,5,3,16,17,20,720,181.0,"108, JAURES JEAN (AV) N°",,,Plein jour,En agglomération,Hors intersection,Normale,Autre collision,,,,,,,,,,,1,2,1,1,6
200500016232,0005-03-17 20:15:00,5,3,17,20,15,720,181.0,"307, GENESLAY FELIX (AV)",,,Nuit avec éclairage allumé,En agglomération,Hors intersection,Normale,Autre collision,,,,,,,,,,,5,2,1,1,6
200500016233,0005-03-17 22:08:00,5,3,17,22,8,720,181.0,GAULLE GENERAL DE (AV DU,,,Nuit avec éclairage allumé,En agglomération,Intersection en T,Normale,Deux véhicules - côté,,,,,,,,,,,5,2,3,1,3
200500016234,0005-03-18 07:20:00,5,3,18,7,20,720,3.0,SABLE (RTE DE),,,Nuit sans éclairage public,En agglomération,Hors intersection,Brouillard / fumée,Autre collision,,,,,,,,,,,3,2,1,5,6
200500016235,0005-03-18 22:20:00,5,3,18,22,20,720,181.0,MAC JEAN (AV) N° IMP 107,,,Nuit avec éclairage allumé,En agglomération,Hors intersection,Normale,Deux véhicules - côté,,,,,,,,,,,5,2,1,1,3
200500016236,0005-03-19 12:45:00,5,3,19,12,45,720,181.0,GENESLAY FELIX (AV) N° I,,,Plein jour,En agglomération,Intersection en T,Normale,Deux véhicules - côté,,,,,,,,,,,1,2,3,1,3
200500016237,0005-03-19 16:20:00,5,3,19,16,20,720,181.0,LOUIS BLANC (QUAI),,,Plein jour,En agglomération,Hors intersection,Normale,Deux véhicules - côté,,,,,,,,,,,1,2,1,1,3
200500016238,0005-03-19 19:00:00,5,3,19,19,0,720,181.0,BOLLEE (AV) N° IMP 1 A 6,,,Plein jour,En agglomération,Intersection en T,Normale,Deux véhicules - côté,,,,,,,,,,,1,2,3,1,3
200500016239,0005-03-19 21:40:00,5,3,19,21,40,720,181.0,CLEMENCEAU GEORGES ( BD),,,Nuit avec éclairage allumé,En agglomération,Hors intersection,Normale,Deux véhicules - frontale,,,,,,,,,,,5,2,1,1,1
200500016240,0005-03-19 21:45:00,5,3,19,21,45,720,181.0,24 HEURES (RUE DES),,,Nuit avec éclairage allumé,En agglomération,Hors intersection,Normale,Autre collision,,,,,,,,,,,5,2,1,1,6
200500016241,0005-03-24 17:20:00,5,3,24,17,20,720,181.0,BOURG BAS (RUE DU),,,Plein jour,En agglomération,Hors intersection,Normale,Deux véhicules - frontale,,,,,,,,,,,1,2,1,1,1
200500016242,0005-03-24 23:15:00,5,3,24,23,15,720,181.0,ZOLA EMILE (BD) N° IMP 1,,,Nuit avec éclairage allumé,En agglomération,Intersection en T,Normale,Deux véhicules - frontale,,,,,,,,,,,5,2,3,1,1
200500016243,0005-03-25 08:40:00,5,3,25,8,40,720,181.0,"68, RHIN ET DANUBE (AV)",,,Plein jour,En agglomération,Hors intersection,Normale,Autre collision,,,,,,,,,,,1,2,1,1,6
200500016244,0005-03-26 22:00:00,5,3,26,22,0,720,181.0,LAIGNE RUE DE N° IMP 115,,,Nuit avec éclairage allumé,En agglomération,Hors intersection,Normale,Autre collision,,,,,,,,,,,5,2,1,1,6
200500016245,0005-03-27 01:00:00,5,3,27,1,0,720,181.0,"156, BOLLEE (AV) N° PAIR",,,Nuit avec éclairage allumé,En agglomération,Hors intersection,Normale,Autre collision,,,,,,,,,,,5,2,1,1,6
200500016246,0005-03-30 08:50:00,5,3,30,8,50,720,181.0,PAIXHANS (BD),,,Plein jour,En agglomération,Intersection en T,Normale,Deux véhicules - frontale,,,,,,,,,,,1,2,3,1,1
200500016247,0005-03-30 16:50:00,5,3,30,16,50,720,181.0,"14, NATIONALE (RUE)",,,Plein jour,En agglomération,Hors intersection,Normale,Autre collision,,,,,,,,,,,1,2,1,1,6
200500016248,0005-03-30 18:20:00,5,3,30,18,20,720,181.0,GAULLE GENERAL DE (AV DU,,,Plein jour,En agglomération,Hors intersection,Normale,Autre collision,,,,,,,,,,,1,2,1,1,6
200500016249,0005-03-08 13:40:00,5,3,8,13,40,730,8.0,d'Italie,,,Plein jour,Hors agglomération,Intersection en X,Normale,Deux véhicules - côté,,,,,,,,,,,1,1,2,1,3
200500016250,0005-03-17 16:54:00,5,3,17,16,54,730,8.0,"32, Victoria",,,Plein jour,Hors agglomération,Hors intersection,Normale,Autre collision,,,,,,,,,,,1,1,1,1,6
200500016251,0005-03-09 09:15:00,5,3,9,9,15,730,11.0,"38, MOULIN (AVENUE JEAN)",,,Plein jour,En agglomération,Hors intersection,Normale,Deux véhicules - côté,,,,,,,,,,,1,2,1,1,3
200500016252,0005-03-03 18:00:00,5,3,3,18,0,740,10.0,BALMETTES (FAUBOURG DES),,,Crépuscule ou aube,En agglomération,Intersection en T,Normale,Autre collision,,,,,,,,,,,2,2,3,1,6
200500016253,0005-03-17 16:50:00,5,3,17,16,50,740,10.0,"143, GENEVE (AVENUE DE)(",,,Plein jour,En agglomération,Hors intersection,Normale,Autre collision,,,,,,,,,,,1,2,1,1,6
200500016254,0005-03-19 13:30:00,5,3,19,13,30,740,10.0,EUSTACHE CHAPPUIS,,,Plein jour,En agglomération,Hors intersection,Normale,Autre collision,,,,,,,,,,,1,2,1,1,6
200500016255,0005-03-25 13:25:00,5,3,25,13,25,740,10.0,"12, PAUL CEZANNE",,,Plein jour,En agglomération,Hors intersection,Normale,Autre collision,,,,,,,,,,,1,2,1,1,6
200500016256,0005-03-28 17:05:00,5,3,28,17,5,740,10.0,BERTHOLLET,,,Plein jour,En agglomération,Intersection en T,Normale,Autre collision,,,,,,,,,,,1,2,3,1,6
200500016257,0005-03-29 18:00:00,5,3,29,18,0,740,10.0,GARE (RUE DE LA)(SECTEUR,,,Plein jour,En agglomération,Hors intersection,Normale,Autre collision,,,,,,,,,,,1,2,1,1,6
200500016258,0005-03-31 20:45:00,5,3,31,20,45,740,10.0,"55, FIER (BOULEVARD DU))",,,Nuit avec éclairage allumé,En agglomération,Hors intersection,Normale,Autre collision,,,,,,,,,,,5,2,1,1,6
200500016259,0005-03-03 08:20:00,5,3,3,8,20,740,133.0,INDUSTRIE (RUE DE L'),,,Plein jour,En agglomération,Hors intersection,Normale,Deux véhicules - arrière,,,,,,,,,,,1,2,1,1,2
200500016260,0005-03-11 17:00:00,5,3,11,17,0,740,12.0,THONON (ROUTE DE),,,Plein jour,En agglomération,Intersection en T,Normale,Autre collision,,,,,,,,,,,1,2,3,1,6
200500016261,0005-03-13 18:30:00,5,3,13,18,30,740,12.0,LIVRON (ROUTE DE),,,Crépuscule ou aube,En agglomération,Hors intersection,Normale,Deux véhicules - côté,,,,,,,,,,,2,2,1,1,3
200500016262,0005-03-14 19:10:00,5,3,14,19,10,740,118.0,18 AOUT (RUE DU),,,Crépuscule ou aube,En agglomération,Hors intersection,Normale,Deux véhicules - frontale,,,,,,,,,,,2,2,1,1,1
200500016263,0005-03-14 18:45:00,5,3,14,18,45,740,133.0,GENEVE (RUE DE),,,Crépuscule ou aube,En agglomération,Hors intersection,Normale,Autre collision,,,,,,,,,,,2,2,1,1,6
200500016264,0005-03-15 09:03:00,5,3,15,9,3,740,12.0,MARRONIERS (RUE DES),,,Plein jour,En agglomération,Hors intersection,Normale,Deux véhicules - côté,,,,,,,,,,,1,2,1,1,3
200500016265,0005-03-19 18:00:00,5,3,19,18,0,740,12.0,ETREMBIERES (ROUTE D'),,,Plein jour,En agglomération,Intersection en T,Normale,Deux véhicules - côté,,,,,,,,,,,1,2,3,1,3
200500016266,0005-03-16 10:20:00,5,3,16,10,20,740,12.0,THONON (ROUTE DE),,,Plein jour,En agglomération,Intersection en T,Normale,Deux véhicules - côté,,,,,,,,,,,1,2,3,1,3
200500016267,0005-03-16 08:40:00,5,3,16,8,40,740,8.0,RAVIER (RUE),,,Plein jour,En agglomération,Intersection en T,Normale,Deux véhicules - côté,,,,,,,,,,,1,2,3,1,3
200500016268,0005-03-17 17:50:00,5,3,17,17,50,740,281.0,FERRY (AV JULES) APRES N,,,Plein jour,En agglomération,Hors intersection,Normale,Deux véhicules - côté,,,,,,,,,,,1,2,1,1,3
200500016269,0005-03-19 17:20:00,5,3,19,17,20,740,119.0,LEGER (QUAI PAUL)  RN5,,,Plein jour,En agglomération,Hors intersection,Normale,Deux véhicules - côté,,,,,,,,,,,1,2,1,1,3
200500016270,0005-03-22 09:55:00,5,3,22,9,55,740,281.0,FERRY (AV JULES) JUSQU'A,,,Plein jour,En agglomération,Intersection en X,Normale,Autre collision,,,,,,,,,,,1,2,2,1,6
200500016271,0005-03-25 14:50:00,5,3,25,14,50,740,13.0,"0, CORZENT (ROUTE)",,,Plein jour,En agglomération,Intersection en T,Normale,Sans collision,,,,,,,,,,,1,2,3,1,7
200500016272,0005-03-29 08:35:00,5,3,29,8,35,740,281.0,"0, RIPAILLE (QUAI DE)",,,Plein jour,En agglomération,Hors intersection,Normale,Deux véhicules - côté,,,,,,,,,,,1,2,1,1,3
200500016273,0005-03-27 02:55:00,5,3,27,2,55,740,281.0,"0, SAINT DISDILLE (AVENU",,,Nuit avec éclairage allumé,En agglomération,Intersection en X,Pluie légère,Deux véhicules - frontale,,,,,,,,,,,5,2,2,2,1
200500016274,0005-03-01 10:50:00,5,3,1,10,50,750,1.0,R CRX PTS CHAMPS R COLO,,,Plein jour,En agglomération,Intersection en X,Normale,Autre collision,,,,,,,,,,,1,2,2,1,6
200500016275,0005-03-03 00:10:00,5,3,3,0,10,750,1.0,SOU HALLES,,,Nuit avec éclairage allumé,En agglomération,Hors intersection,Normale,Autre collision,,,,,,,,,,,5,2,1,1,6
200500016276,0005-03-03 11:30:00,5,3,3,11,30,750,6.0,R CHERCHE MIDI BD MONTPA,,,Plein jour,En agglomération,Intersection en X,Pluie légère,Autre collision,,,,,,,,,,,1,2,2,2,6
200500016277,0005-03-05 15:40:00,5,3,5,15,40,750,15.0,38 BD MONTPARNASSE,,,Plein jour,En agglomération,Hors intersection,Normale,Deux véhicules - côté,,,,,,,,,,,1,2,1,1,3
200500016278,0005-03-06 00:35:00,5,3,6,0,35,750,12.0,54 R DE PICPUS,,,Nuit avec éclairage allumé,En agglomération,Hors intersection,Temps couvert,Deux véhicules - côté,,,,,,,,,,,5,2,1,8,3
200500016279,0005-03-06 19:55:00,5,3,6,19,55,750,17.0,36 BD BERTHIER,,,Nuit avec éclairage allumé,En agglomération,Hors intersection,Normale,Sans collision,,,,,,,,,,,5,2,1,1,7
200500016280,0005-03-01 12:31:00,5,3,1,12,31,750,16.0,PL DE COLOMBIE AV HENRI,,,Plein jour,En agglomération,Place,Normale,Deux véhicules - arrière,,,,,,,,,,,1,2,7,1,2
200500016281,0005-03-01 10:45:00,5,3,1,10,45,750,12.0,40 R TAINE,,,Plein jour,En agglomération,Hors intersection,Normale,Autre collision,,,,,,,,,,,1,2,1,1,6
200500016282,0005-03-01 10:50:00,5,3,1,10,50,750,3.0,11 PL DE LA REPUBLIQUE,,,Plein jour,En agglomération,Hors intersection,Normale,Deux véhicules - côté,,,,,,,,,,,1,2,1,1,3
200500016283,0005-03-09 21:40:00,5,3,9,21,40,750,14.0,BD JOURDAN R D ARCUEIL,,,Nuit avec éclairage allumé,En agglomération,Intersection en T,Normale,Deux véhicules - côté,,,,,,,,,,,5,2,3,1,3
200500016284,0005-03-10 15:20:00,5,3,10,15,20,750,16.0,58 AV RAYMOND POINCARE,,,Plein jour,En agglomération,Hors intersection,Temps couvert,Autre collision,,,,,,,,,,,1,2,1,8,6
200500016285,0005-03-11 15:20:00,5,3,11,15,20,750,20.0,100 BD DAVOUT,,,Plein jour,En agglomération,Hors intersection,Normale,Autre collision,,,,,,,,,,,1,2,1,1,6
200500016286,0005-03-12 06:10:00,5,3,12,6,10,750,12.0,AV DAUMESNIL R RAMBOUILL,,,Nuit avec éclairage allumé,En agglomération,Intersection en X,Normale,Deux véhicules - frontale,,,,,,,,,,,5,2,2,1,1
200500016287,0005-03-13 18:00:00,5,3,13,18,0,750,4.0,2 BD DU PALAIS,,,Plein jour,En agglomération,Hors intersection,Normale,Autre collision,,,,,,,,,,,1,2,1,1,6
200500016288,0005-03-07 14:00:00,5,3,7,14,0,750,14.0,100 AV DU MAINE,,,Plein jour,En agglomération,Hors intersection,Normale,Deux véhicules - côté,,,,,,,,,,,1,2,1,1,3
200500016289,0005-03-06 01:45:00,5,3,6,1,45,750,6.0,R VAUGIRARD R ASSAS,,,Nuit avec éclairage allumé,En agglomération,Intersection en X,Pluie légère,Deux véhicules - côté,,,,,,,,,,,5,2,2,2,3
200500016290,0005-03-06 03:50:00,5,3,6,3,50,750,6.0,R QUATRE VENTS R DE SEIN,,,Nuit avec éclairage allumé,En agglomération,Intersection en X,Pluie légère,Deux véhicules - côté,,,,,,,,,,,5,2,2,2,3
200500016291,0005-03-06 07:30:00,5,3,6,7,30,750,15.0,R DESNOUETTES R LANGEAC,,,Crépuscule ou aube,En agglomération,Intersection en T,Normale,Deux véhicules - côté,,,,,,,,,,,2,2,3,1,3
200500016292,0005-03-06 07:10:00,5,3,6,7,10,750,16.0,ALL LONGCHAMP RTE DAUPHI,,,Crépuscule ou aube,En agglomération,Intersection en X,Normale,Deux véhicules - côté,,,,,,,,,,,2,2,2,1,3
200500016293,0005-03-06 13:35:00,5,3,6,13,35,750,16.0,AV DE NEW YORK,,,Plein jour,En agglomération,Hors intersection,Normale,Sans collision,,,,,,,,,,,1,2,1,1,7
200500016294,0005-03-06 20:35:00,5,3,6,20,35,750,6.0,BD ST MICHEL PL ST MICHE,,,Nuit avec éclairage allumé,En agglomération,Intersection en X,Normale,Autre collision,,,,,,,,,,,5,2,2,1,6
200500016295,0005-03-05 16:40:00,5,3,5,16,40,750,1.0,PL DU CARROUSEL,,,Plein jour,En agglomération,Hors intersection,Pluie légère,Sans collision,,,,,,,,,,,1,2,1,2,7
200500016296,0005-03-05 22:05:00,5,3,5,22,5,750,6.0,R VIEUX COLOMBIER R DE R,,,Nuit avec éclairage allumé,En agglomération,Intersection en X,Pluie légère,Deux véhicules - côté,,,,,,,,,,,5,2,2,2,3
200500016297,0005-03-05 15:20:00,5,3,5,15,20,750,8.0,R ROYALE PL DE LA CONCOR,,,Plein jour,En agglomération,Intersection en T,Temps couvert,Deux véhicules - côté,,,,,,,,,,,1,2,3,8,3
200500016298,0005-03-05 20:00:00,5,3,5,20,0,750,8.0,20 R DE ROME,,,Nuit avec éclairage allumé,En agglomération,Hors intersection,Pluie légère,Autre collision,,,,,,,,,,,5,2,1,2,6
200500016299,0005-03-05 02:28:00,5,3,5,2,28,750,8.0,CRS LA REINE PT ALEXANDR,,,Nuit avec éclairage allumé,En agglomération,Intersection en X,Pluie légère,Deux véhicules - côté,,,,,,,,,,,5,2,2,2,3
200500016300,0005-03-05 22:10:00,5,3,5,22,10,750,13.0,AV D ITALIE R DU MOULINE,,,Nuit avec éclairage allumé,En agglomération,Intersection en T,Pluie légère,Autre collision,,,,,,,,,,,5,2,3,2,6
200500016301,0005-03-05 12:10:00,5,3,5,12,10,750,13.0,AV PORTE D ITALIE ECH IT,,,Plein jour,En agglomération,Intersection en T,Normale,Deux véhicules - côté,,,,,,,,,,,1,2,3,1,3
200500016302,0005-03-05 07:45:00,5,3,5,7,45,750,15.0,R DU COMMERCE BD DE GREN,,,Plein jour,En agglomération,Intersection en X,Normale,Deux véhicules - côté,,,,,,,,,,,1,2,2,1,3
200500016303,0005-03-05 18:10:00,5,3,5,18,10,750,15.0,AV DE SUFFREN AV LA MOTT,,,Crépuscule ou aube,En agglomération,Intersection à plus de 4 branches,Pluie légère,Deux véhicules - côté,,,,,,,,,,,2,2,5,2,3
200500016304,0005-03-05 16:35:00,5,3,5,16,35,750,15.0,R ENTREPRENEURS PL ETIEN,,,Plein jour,En agglomération,Intersection en T,Pluie légère,Autre collision,,,,,,,,,,,1,2,3,2,6
200500016305,0005-03-05 14:30:00,5,3,5,14,30,750,16.0,AV HENRI MARTIN SQ LAMAR,,,Plein jour,En agglomération,Intersection en T,Normale,Deux véhicules - arrière,,,,,,,,,,,1,2,3,1,2
200500016306,0005-03-04 02:55:00,5,3,4,2,55,750,7.0,R DE GRENELLE CI NEGRIER,,,Nuit avec éclairage allumé,En agglomération,Intersection en T,Normale,Autre collision,,,,,,,,,,,5,2,3,1,6
200500016307,0005-03-04 17:45:00,5,3,4,17,45,750,16.0,BD MURAT R RAFFAELLI,,,Plein jour,En agglomération,Intersection en Y,Neige / grêle,Trois véhicules et plus - en chaîne,,,,,,,,,,,1,2,4,4,4
200500016308,0005-03-01 14:20:00,5,3,1,14,20,750,12.0,137 AV DE GRAVELLE,,,Plein jour,En agglomération,Hors intersection,Normale,Deux véhicules - arrière,,,,,,,,,,,1,2,1,1,2
200500016309,0005-03-01 07:20:00,5,3,1,7,20,750,14.0,R D ALESIA R COUCHE,,,Plein jour,En agglomération,Intersection en Y,Normale,Deux véhicules - arrière,,,,,,,,,,,1,2,4,1,2
200500016310,0005-03-01 11:20:00,5,3,1,11,20,750,14.0,PL VICTOR BASCH AV GENER,,,Plein jour,En agglomération,Intersection en T,Normale,Deux véhicules - côté,,,,,,,,,,,1,2,3,1,3
200500016311,0005-03-01 13:15:00,5,3,1,13,15,750,14.0,AV PORTE D ORLEANS ECH O,,,Plein jour,En agglomération,Intersection en T,Normale,Autre collision,,,,,,,,,,,1,2,3,1,6
200500016312,0005-03-01 18:40:00,5,3,1,18,40,750,15.0,BD VICTOR R DE VAUGIRARD,,,Nuit avec éclairage allumé,En agglomération,Intersection en X,Normale,Deux véhicules - côté,,,,,,,,,,,5,2,2,1,3
200500016313,0005-03-01 14:45:00,5,3,1,14,45,750,16.0,BPE MAILLOT DAUPHINE ECH,,,Plein jour,En agglomération,Intersection en Y,Normale,Deux véhicules - côté,,,,,,,,,,,1,2,4,1,3
200500016314,0005-03-01 19:30:00,5,3,1,19,30,750,17.0,R PAUL BODIN AV DE CLICH,,,Nuit avec éclairage allumé,En agglomération,Intersection en T,Normale,Deux véhicules - côté,,,,,,,,,,,5,2,3,1,3
200500016315,0005-03-01 16:15:00,5,3,1,16,15,750,20.0,6 R DE BELLEVILLE,,,Plein jour,En agglomération,Hors intersection,Normale,Autre collision,,,,,,,,,,,1,2,1,1,6
200500016316,0005-03-15 22:00:00,5,3,15,22,0,750,1.0,R DE RIVOLI R DES DECHAR,,,Nuit avec éclairage allumé,En agglomération,Intersection en T,Normale,Deux véhicules - arrière,,,,,,,,,,,5,2,3,1,2
200500016317,0005-03-02 08:55:00,5,3,2,8,55,750,2.0,R DES PETITS PERES R PET,,,Plein jour,En agglomération,Intersection en Y,Neige / grêle,Sans collision,,,,,,,,,,,1,2,4,4,7
200500016318,0005-03-02 16:00:00,5,3,2,16,0,750,2.0,12 R QUATRE SEPTEMBRE,,,Plein jour,En agglomération,Hors intersection,Neige / grêle,Trois véhicules et plus - en chaîne,,,,,,,,,,,1,2,1,4,4
200500016319,0005-03-02 15:20:00,5,3,2,15,20,750,8.0,PLDE LA CONCORDE AV CHAM,,,Plein jour,En agglomération,Intersection en T,Neige / grêle,Deux véhicules - côté,,,,,,,,,,,1,2,3,4,3
200500016320,0005-03-02 09:50:00,5,3,2,9,50,750,8.0,PL CLEMENCEAU AV W CHURC,,,Plein jour,En agglomération,Intersection en T,Neige / grêle,Sans collision,,,,,,,,,,,1,2,3,4,7
200500016321,0005-03-02 19:03:00,5,3,2,19,3,750,8.0,SOU CONCORDE,,,Nuit avec éclairage allumé,En agglomération,Hors intersection,Pluie légère,Deux véhicules - arrière,,,,,,,,,,,5,2,1,2,2
200500016322,0005-03-02 08:10:00,5,3,2,8,10,750,8.0,50 BD MALESHERBES,,,Plein jour,En agglomération,Hors intersection,Neige / grêle,Sans collision,,,,,,,,,,,1,2,1,4,7
200500016323,0005-03-16 08:50:00,5,3,16,8,50,750,16.0,AV PTE ST CLOUD AV E VAI,,,Plein jour,En agglomération,Intersection en X,Temps éblouissant,Trois véhicules et plus - en chaîne,,,,,,,,,,,1,2,2,7,4
200500016324,0005-03-02 12:35:00,5,3,2,12,35,750,10.0,R LOUIS BLANC Q DE VALMY,,,Plein jour,En agglomération,Intersection en X,Normale,Autre collision,,,,,,,,,,,1,2,2,1,6
200500016325,0005-03-02 14:40:00,5,3,2,14,40,750,10.0,70 R FG SAINT MARTIN,,,Plein jour,En agglomération,Hors intersection,Neige / grêle,Autre collision,,,,,,,,,,,1,2,1,4,6