accident_id,datetime,annee,mois,jour,heure,minute,departement,commune_insee,adresse,latitude,longitude,luminosite,agglomeration,intersection,meteo,collision,nb_vehicules,nb_usagers,nb_indemnes,nb_tues,nb_blesses_hosp,nb_blesses_legers,age_cond_1,age_cond_2,veh_type_cond_1,veh_type_cond_2,lum_code,agg_code,int_code,atm_code,col_code
200500016326,0005-03-02 13:45:00,5,3,2,13,45,750,13.0,BD DE L HOPITAL R JEANNE,,,Plein jour,En agglomération,Intersection en X,Neige / grêle,Autre collision,,,,,,,,,,,1,2,2,4,6
200500016327,0005-03-02 15:10:00,5,3,2,15,10,750,15.0,R DUTOT R DE LA PROCESSI,,,Plein jour,En agglomération,Intersection en X,Neige / grêle,Autre collision,,,,,,,,,,,1,2,2,4,6
200500016328,0005-03-02 16:20:00,5,3,2,16,20,750,16.0,8 AV PRESIDENT WILSON,,,Plein jour,En agglomération,Hors intersection,Neige / grêle,Autre collision,,,,,,,,,,,1,2,1,4,6
200500016329,0005-03-02 15:15:00,5,3,2,15,15,750,16.0,L7218 ALL REINE MARGUERI,,,Plein jour,En agglomération,Hors intersection,Neige / grêle,Autre collision,,,,,,,,,,,1,2,1,4,6
200500016330,0005-03-02 20:00:00,5,3,2,20,0,750,16.0,BD EXELMANS R MICHEL ANG,,,Nuit avec éclairage allumé,En agglomération,Intersection en X,Normale,Autre collision,,,,,,,,,,,5,2,2,1,6
200500016331,0005-03-02 20:45:00,5,3,2,20,45,750,19.0,AV CORENTIN CARIOU BD MA,,,Nuit avec éclairage allumé,En agglomération,Intersection en X,Pluie légère,Deux véhicules - côté,,,,,,,,,,,5,2,2,2,3
200500016332,0005-03-03 22:45:00,5,3,3,22,45,750,1.0,Q DES TUILERIES PT DU CA,,,Nuit avec éclairage allumé,En agglomération,Intersection en X,Pluie légère,Deux véhicules - côté,,,,,,,,,,,5,2,2,2,3
200500016333,0005-03-03 07:35:00,5,3,3,7,35,750,8.0,14 R ROYALE,,,Crépuscule ou aube,En agglomération,Hors intersection,Pluie légère,Autre collision,,,,,,,,,,,2,2,1,2,6
200500016334,0005-03-03 11:05:00,5,3,3,11,5,750,11.0,112 R DE CHARONNE,,,Plein jour,En agglomération,Hors intersection,Neige / grêle,Autre collision,,,,,,,,,,,1,2,1,4,6
200500016335,0005-03-03 15:55:00,5,3,3,15,55,750,11.0,65 BD DE BELLEVILLE,,,Plein jour,En agglomération,Hors intersection,Neige / grêle,Sans collision,,,,,,,,,,,1,2,1,4,7
200500016336,0005-03-03 14:45:00,5,3,3,14,45,750,14.0,12 AV PTE DE CHATILLON,,,Plein jour,En agglomération,Hors intersection,Neige / grêle,Deux véhicules - arrière,,,,,,,,,,,1,2,1,4,2
200500016337,0005-03-03 20:10:00,5,3,3,20,10,750,14.0,ECH CHATILLON,,,Nuit avec éclairage allumé,En agglomération,Hors intersection,Neige / grêle,Sans collision,,,,,,,,,,,5,2,1,4,7
200500016338,0005-03-03 20:15:00,5,3,3,20,15,750,18.0,80 R JEAN HENRI FABRE,,,Nuit avec éclairage allumé,En agglomération,Hors intersection,Neige / grêle,Autre collision,,,,,,,,,,,5,2,1,4,6
200500016339,0005-03-03 01:05:00,5,3,3,1,5,750,18.0,26 BD BARBES,,,Nuit avec éclairage allumé,En agglomération,Hors intersection,Temps couvert,Autre collision,,,,,,,,,,,5,2,1,8,6
200500016340,0005-03-16 10:55:00,5,3,16,10,55,750,10.0,220 R FG ST DENIS,,,Plein jour,En agglomération,Hors intersection,Normale,Autre collision,,,,,,,,,,,1,2,1,1,6
200500016341,0005-03-03 23:50:00,5,3,3,23,50,750,20.0,PL PTE DE MONTREUIL,,,Nuit avec éclairage allumé,En agglomération,Hors intersection,Neige / grêle,Sans collision,,,,,,,,,,,5,2,1,4,7
200500016342,0005-03-02 15:00:00,5,3,2,15,0,750,20.0,94 AV GAMBETTA,,,Plein jour,En agglomération,Hors intersection,Neige / grêle,Deux véhicules - côté,,,,,,,,,,,1,2,1,4,3
200500016343,0005-03-02 06:05:00,5,3,2,6,5,750,20.0,R DES PYRENEES R STENDHA,,,Crépuscule ou aube,En agglomération,Intersection en Y,Neige / grêle,Deux véhicules - côté,,,,,,,,,,,2,2,4,4,3
200500016344,0005-03-04 19:45:00,5,3,4,19,45,750,20.0,27 AV GAMBETTA,,,Nuit avec éclairage allumé,En agglomération,Hors intersection,Neige / grêle,Deux véhicules - frontale,,,,,,,,,,,5,2,1,4,1
200500016345,0005-03-04 17:18:00,5,3,4,17,18,750,20.0,30 BD DE BELLEVILLE,,,Plein jour,En agglomération,Hors intersection,Neige / grêle,Deux véhicules - côté,,,,,,,,,,,1,2,1,4,3
200500016346,0005-03-22 15:50:00,5,3,22,15,50,750,1.0,Q DES TUILERIES,,,Plein jour,En agglomération,Hors intersection,Temps couvert,Deux véhicules - arrière,,,,,,,,,,,1,2,1,8,2
200500016347,0005-03-02 20:12:00,5,3,2,20,12,750,12.0,PL COLONEL BOURGOIN R CH,,,Nuit avec éclairage allumé,En agglomération,Intersection en T,Pluie légère,Autre collision,,,,,,,,,,,5,2,3,2,6
200500016348,0005-03-03 11:35:00,5,3,3,11,35,750,5.0,58 BD SAINT MICHEL,,,Plein jour,En agglomération,Hors intersection,Temps couvert,Trois véhicules et plus - en chaîne,,,,,,,,,,,1,2,1,8,4
200500016349,0005-03-03 19:15:00,5,3,3,19,15,750,12.0,R DE LYON R BISCORNET,,,Nuit sans éclairage public,En agglomération,Intersection en Y,Neige / grêle,Deux véhicules - côté,,,,,,,,,,,3,2,4,4,3
200500016350,0005-03-04 12:35:00,5,3,4,12,35,750,10.0,6 R GUY PATIN,,,Plein jour,En agglomération,Hors intersection,Normale,Autre collision,,,,,,,,,,,1,2,1,1,6
200500016351,0005-03-04 08:10:00,5,3,4,8,10,750,13.0,R CROIX JARRY R WATT,,,Plein jour,En agglomération,Intersection en T,Normale,Deux véhicules - arrière,,,,,,,,,,,1,2,3,1,2
200500016352,0005-03-04 08:30:00,5,3,4,8,30,750,18.0,63 R DES CLOYS,,,Plein jour,En agglomération,Hors intersection,Normale,Autre collision,,,,,,,,,,,1,2,1,1,6
200500016353,0005-03-05 21:10:00,5,3,5,21,10,750,2.0,32 R ETIENNE MARCEL,,,Nuit avec éclairage allumé,En agglomération,Hors intersection,Pluie légère,Autre collision,,,,,,,,,,,5,2,1,2,6
200500016354,0005-03-05 04:30:00,5,3,5,4,30,750,17.0,157 R DE ROME,,,Nuit avec éclairage allumé,En agglomération,Hors intersection,Normale,Autre collision,,,,,,,,,,,5,2,1,1,6
200500016355,0005-03-05 22:10:00,5,3,5,22,10,750,19.0,R SIMON BOLIVAR R DE BEL,,,Nuit avec éclairage allumé,En agglomération,Intersection en X,Pluie légère,Autre collision,,,,,,,,,,,5,2,2,2,6
200500016356,0005-03-06 04:55:00,5,3,6,4,55,750,5.0,R MONGE R DES ECOLES,,,Nuit avec éclairage allumé,En agglomération,Intersection en X,Pluie légère,Deux véhicules - côté,,,,,,,,,,,5,2,2,2,3
200500016357,0005-03-06 19:20:00,5,3,6,19,20,750,12.0,2 PL EDOUARD RENARD,,,Crépuscule ou aube,En agglomération,Hors intersection,Normale,Autre collision,,,,,,,,,,,2,2,1,1,6
200500016358,0005-03-06 08:30:00,5,3,6,8,30,750,12.0,BD CARNOT AV COURTELINE,,,Plein jour,En agglomération,Intersection en X,Temps couvert,Deux véhicules - arrière,,,,,,,,,,,1,2,2,8,2
200500016359,0005-03-06 16:40:00,5,3,6,16,40,750,12.0,AV DAUMESNIL RTE DE LA T,,,Plein jour,En agglomération,Intersection en X,Normale,Deux véhicules - arrière,,,,,,,,,,,1,2,2,1,2
200500016360,0005-03-06 17:15:00,5,3,6,17,15,750,12.0,BD BERCY R CHAROLAIS,,,Plein jour,En agglomération,Intersection en X,Normale,Deux véhicules - côté,,,,,,,,,,,1,2,2,1,3
200500016361,0005-03-06 21:35:00,5,3,6,21,35,750,18.0,AV PTE DE LA CHAPELLE,,,Nuit avec éclairage allumé,En agglomération,Hors intersection,Normale,Deux véhicules - côté,,,,,,,,,,,5,2,1,1,3
200500016362,0005-03-06 18:00:00,5,3,6,18,0,750,18.0,24 R DE LA CHAPELLEý,,,Plein jour,En agglomération,Hors intersection,Normale,Deux véhicules - arrière,,,,,,,,,,,1,2,1,1,2
200500016363,0005-03-16 15:45:00,5,3,16,15,45,750,17.0,AV CIM BATIGNOLLES,,,Plein jour,En agglomération,Hors intersection,Normale,Autre collision,,,,,,,,,,,1,2,1,1,6
200500016364,0005-03-07 17:00:00,5,3,7,17,0,750,10.0,BD VILLETTE R LAFAYETTE,,,Plein jour,En agglomération,Intersection en X,Normale,Deux véhicules - côté,,,,,,,,,,,1,2,2,1,3
200500016365,0005-03-07 13:30:00,5,3,7,13,30,750,15.0,R DU THEATRE R DU COMMER,,,Plein jour,En agglomération,Intersection en X,Normale,Deux véhicules - côté,,,,,,,,,,,1,2,2,1,3
200500016366,0005-03-07 15:50:00,5,3,7,15,50,750,20.0,90 R ORFILA,,,Plein jour,En agglomération,Hors intersection,Normale,Autre collision,,,,,,,,,,,1,2,1,1,6
200500016367,0005-03-07 11:35:00,5,3,7,11,35,750,20.0,PL A DJ VINCENOT BD MORT,,,Plein jour,En agglomération,Intersection en X,Normale,Autre collision,,,,,,,,,,,1,2,2,1,6
200500016368,0005-03-07 10:15:00,5,3,7,10,15,750,1.0,R DE LA REYNIE BD DE SEB,,,Plein jour,En agglomération,Intersection en X,Normale,Deux véhicules - arrière,,,,,,,,,,,1,2,2,1,2
200500016369,0005-03-08 09:15:00,5,3,8,9,15,750,5.0,R MONGE R EPEE DE BOIS,,,Plein jour,En agglomération,Intersection en T,Normale,Autre collision,,,,,,,,,,,1,2,3,1,6
200500016370,0005-03-08 11:15:00,5,3,8,11,15,750,6.0,116 R DE RENNES,,,Nuit avec éclairage allumé,En agglomération,Hors intersection,Pluie légère,Sans collision,,,,,,,,,,,5,2,1,2,7
200500016371,0005-03-08 11:10:00,5,3,8,11,10,750,6.0,R ECOLE MEDECINE CARR OD,,,Plein jour,En agglomération,Intersection en T,Normale,Deux véhicules - côté,,,,,,,,,,,1,2,3,1,3
200500016372,0005-03-08 10:58:00,5,3,8,10,58,750,7.0,68 R VARENNE,,,Plein jour,En agglomération,Hors intersection,Pluie légère,Deux véhicules - côté,,,,,,,,,,,1,2,1,2,3
200500016373,0005-03-08 22:40:00,5,3,8,22,40,750,8.0,R COURCELLES BD COURCELL,,,Nuit avec éclairage allumé,En agglomération,Intersection en X,Normale,Deux véhicules - frontale,,,,,,,,,,,5,2,2,1,1
200500016374,0005-03-08 09:40:00,5,3,8,9,40,750,8.0,134 BD HAUSSMANN,,,Plein jour,En agglomération,Hors intersection,Normale,Autre collision,,,,,,,,,,,1,2,1,1,6
200500016375,0005-03-08 17:00:00,5,3,8,17,0,750,8.0,70 R D AMSTERDAM,,,Plein jour,En agglomération,Hors intersection,Temps couvert,Autre collision,,,,,,,,,,,1,2,1,8,6
200500016376,0005-03-08 16:10:00,5,3,8,16,10,750,8.0,SOU ETOILE,,,Plein jour,En agglomération,Hors intersection,Normale,Deux véhicules - arrière,,,,,,,,,,,1,2,1,1,2
200500016377,0005-03-08 20:50:00,5,3,8,20,50,750,10.0,BD MAGENTA R LANCRY,,,Nuit avec éclairage allumé,En agglomération,Intersection en X,Normale,Autre collision,,,,,,,,,,,5,2,2,1,6
200500016378,0005-03-08 16:45:00,5,3,8,16,45,750,11.0,R ROQUETTE R ST MAUR,,,Plein jour,En agglomération,Intersection en X,Normale,Autre collision,,,,,,,,,,,1,2,2,1,6
200500016379,0005-03-08 13:05:00,5,3,8,13,5,750,11.0,114 R FG DU TEMPLE,,,Plein jour,En agglomération,Hors intersection,Normale,Autre collision,,,,,,,,,,,1,2,1,1,6
200500016380,0005-03-09 08:50:00,5,3,9,8,50,750,1.0,6 PL DU LOUVRE,,,Plein jour,En agglomération,Hors intersection,Normale,Autre collision,,,,,,,,,,,1,2,1,1,6
200500016381,0005-03-08 14:45:00,5,3,8,14,45,750,12.0,280 AV DAUMESNIL,,,Plein jour,En agglomération,Hors intersection,Normale,Trois véhicules et plus - en chaîne,,,,,,,,,,,1,2,1,1,4
200500016382,0005-03-09 08:50:00,5,3,9,8,50,750,2.0,R DE PALESTRO R REAUMUR,,,Plein jour,En agglomération,Intersection en X,Pluie légère,Sans collision,,,,,,,,,,,1,2,2,2,7
200500016383,0005-03-09 10:30:00,5,3,9,10,30,750,3.0,R DEBELLEYME R DE BRETAG,,,Plein jour,En agglomération,Intersection en X,Normale,Deux véhicules - côté,,,,,,,,,,,1,2,2,1,3
200500016384,0005-03-08 13:35:00,5,3,8,13,35,750,13.0,44 R BAUDRICOURT,,,Plein jour,En agglomération,Hors intersection,Normale,Autre collision,,,,,,,,,,,1,2,1,1,6
200500016385,0005-03-09 22:00:00,5,3,9,22,0,750,4.0,BD HENRI IV Q DES CELEST,,,Nuit avec éclairage allumé,En agglomération,Intersection en X,Normale,Deux véhicules - côté,,,,,,,,,,,5,2,2,1,3
200500016386,0005-03-08 11:35:00,5,3,8,11,35,750,16.0,RTE SEVRES A NEUILLY,,,Plein jour,En agglomération,Hors intersection,Normale,Sans collision,,,,,,,,,,,1,2,1,1,7
200500016387,0005-03-05 15:25:00,5,3,5,15,25,750,6.0,24 R DU FOUR,,,Plein jour,En agglomération,Hors intersection,Temps couvert,Autre collision,,,,,,,,,,,1,2,1,8,6
200500016388,0005-03-08 17:20:00,5,3,8,17,20,750,16.0,R MOLITOR R ERLANGER,,,Plein jour,En agglomération,Intersection en X,Normale,Autre collision,,,,,,,,,,,1,2,2,1,6
200500016389,0005-03-09 19:05:00,5,3,9,19,5,750,6.0,CAR CROIX ROUGE R DE SEV,,,Nuit avec éclairage allumé,En agglomération,Intersection en T,Normale,Autre collision,,,,,,,,,,,5,2,3,1,6
200500016390,0005-03-08 15:30:00,5,3,8,15,30,750,18.0,ECH ST OUEN,,,Plein jour,En agglomération,Hors intersection,Normale,Deux véhicules - arrière,,,,,,,,,,,1,2,1,1,2
200500016391,0005-03-09 18:30:00,5,3,9,18,30,750,8.0,PL DE LA CONCORDE PT DE,,,Plein jour,En agglomération,Intersection en T,Normale,Deux véhicules - côté,,,,,,,,,,,1,2,3,1,3
200500016392,0005-03-11 15:55:00,5,3,11,15,55,750,7.0,83 Q D ORSAY,,,Plein jour,En agglomération,Hors intersection,Normale,Autre collision,,,,,,,,,,,1,2,1,1,6
200500016393,0005-03-09 20:05:00,5,3,9,20,5,750,9.0,BD DES ITALIENS R TAITBO,,,Nuit avec éclairage allumé,En agglomération,Intersection en X,Normale,Autre collision,,,,,,,,,,,5,2,2,1,6
200500016394,0005-03-09 00:40:00,5,3,9,0,40,750,11.0,226 R FG SAINT ANTOINE,,,Nuit avec éclairage allumé,En agglomération,Hors intersection,Temps couvert,Deux véhicules - arrière,,,,,,,,,,,5,2,1,8,2
200500016395,0005-03-11 18:45:00,5,3,11,18,45,750,12.0,82 R DU FG SAINT ANTOINE,,,Plein jour,En agglomération,Hors intersection,Normale,Autre collision,,,,,,,,,,,1,2,1,1,6
200500016396,0005-03-11 05:55:00,5,3,11,5,55,750,13.0,R DE LA GLACIERE BD AUGU,,,Nuit avec éclairage allumé,En agglomération,Intersection en X,Normale,Autre collision,,,,,,,,,,,5,2,2,1,6
200500016397,0005-03-09 14:25:00,5,3,9,14,25,750,11.0,6 AV DE LA REPUBLIQUE,,,Plein jour,En agglomération,Hors intersection,Normale,Deux véhicules - arrière,,,,,,,,,,,1,2,1,1,2
200500016398,0005-03-11 00:15:00,5,3,11,0,15,750,15.0,BD PASTEUR R DE VAUGIRAR,,,Nuit avec éclairage allumé,En agglomération,Intersection en X,Normale,Deux véhicules - arrière,,,,,,,,,,,5,2,2,1,2
200500016399,0005-03-12 00:20:00,5,3,12,0,20,750,1.0,R DE TURBIGO R MONTORGUE,,,Nuit avec éclairage allumé,En agglomération,Intersection en Y,Pluie légère,Autre collision,,,,,,,,,,,5,2,4,2,6
200500016400,0005-03-12 04:55:00,5,3,12,4,55,750,12.0,BD DE BERCY R CORIOLIS,,,Nuit avec éclairage allumé,En agglomération,Intersection en T,Normale,Autre collision,,,,,,,,,,,5,2,3,1,6
200500016401,0005-03-12 20:45:00,5,3,12,20,45,750,13.0,64 AV D IVRY,,,Nuit avec éclairage allumé,En agglomération,Hors intersection,Normale,Autre collision,,,,,,,,,,,5,2,1,1,6
200500016402,0005-03-09 02:20:00,5,3,9,2,20,750,15.0,BD GAL MARTIAL VALIN Q A,,,Nuit avec éclairage allumé,En agglomération,Intersection en X,Normale,Deux véhicules - côté,,,,,,,,,,,5,2,2,1,3
200500016403,0005-03-12 19:53:00,5,3,12,19,53,750,13.0,AV DE CHOISY R DES MALMA,,,Nuit avec éclairage allumé,En agglomération,Intersection en T,Normale,Autre collision,,,,,,,,,,,5,2,3,1,6
200500016404,0005-03-09 08:50:00,5,3,9,8,50,750,15.0,AV DU MAINE R D ALENCON,,,Plein jour,En agglomération,Intersection en Y,Normale,Autre collision,,,,,,,,,,,1,2,4,1,6
200500016405,0005-03-09 10:45:00,5,3,9,10,45,750,16.0,128 AV DE MALAKOFF,,,Plein jour,En agglomération,Hors intersection,Normale,Deux véhicules - côté,,,,,,,,,,,1,2,1,1,3
200500016406,0005-03-09 09:45:00,5,3,9,9,45,750,16.0,38 AV KLEBER,,,Plein jour,En agglomération,Hors intersection,Normale,Deux véhicules - côté,,,,,,,,,,,1,2,1,1,3
200500016407,0005-03-12 15:00:00,5,3,12,15,0,750,14.0,4 R EMILE RICHARD,,,Plein jour,En agglomération,Hors intersection,Normale,Autre collision,,,,,,,,,,,1,2,1,1,6
200500016408,0005-03-09 12:45:00,5,3,9,12,45,750,16.0,ECH ST CLOUD AV PTE DE S,,,Plein jour,En agglomération,Intersection en T,Normale,Autre collision,,,,,,,,,,,1,2,3,1,6
200500016409,0005-03-09 07:35:00,5,3,9,7,35,750,19.0,20 R DU MAROC,,,Plein jour,En agglomération,Hors intersection,Normale,Autre collision,,,,,,,,,,,1,2,1,1,6
200500016410,0005-03-12 20:25:00,5,3,12,20,25,750,18.0,82  R DE LA CHAPELLE,,,Nuit avec éclairage allumé,En agglomération,Hors intersection,Normale,Sans collision,,,,,,,,,,,5,2,1,1,7
200500016411,0005-03-09 09:05:00,5,3,9,9,5,750,20.0,22 AV PR A LEMIERE,,,Plein jour,En agglomération,Hors intersection,Normale,Autre collision,,,,,,,,,,,1,2,1,1,6
200500016412,0005-03-12 12:20:00,5,3,12,12,20,750,18.0,154 R DAMREMONT,,,Plein jour,En agglomération,Hors intersection,Normale,Autre collision,,,,,,,,,,,1,2,1,1,6
200500016413,0005-03-09 10:40:00,5,3,9,10,40,750,20.0,PL MARTIN NADAUD AV GAMB,,,Plein jour,En agglomération,Intersection en T,Normale,Deux véhicules - côté,,,,,,,,,,,1,2,3,1,3
200500016414,0005-03-12 01:10:00,5,3,12,1,10,750,18.0,BD BARBES R POULET,,,Nuit avec éclairage allumé,En agglomération,Intersection en X,Pluie légère,Autre collision,,,,,,,,,,,5,2,2,2,6
200500016415,0005-03-10 20:55:00,5,3,10,20,55,750,1.0,R AMIRAL COLIGNY R DE RI,,,Nuit avec éclairage allumé,En agglomération,Intersection en X,Normale,Autre collision,,,,,,,,,,,5,2,2,1,6
200500016416,0005-03-10 10:15:00,5,3,10,10,15,750,5.0,R CARDINAL LEMOINE R JUS,,,Plein jour,En agglomération,Intersection en Y,Normale,Sans collision,,,,,,,,,,,1,2,4,1,7
200500016417,0005-03-10 08:56:00,5,3,10,8,56,750,6.0,24 R DE SEVRES,,,Plein jour,En agglomération,Hors intersection,Pluie légère,Autre collision,,,,,,,,,,,1,2,1,2,6
200500016418,0005-03-10 08:49:00,5,3,10,8,49,750,11.0,R DE LA MAIN D OR R TROU,,,Plein jour,En agglomération,Intersection en X,Normale,Deux véhicules - côté,,,,,,,,,,,1,2,2,1,3
200500016419,0005-03-13 13:15:00,5,3,13,13,15,750,13.0,46 R GANDON,,,Plein jour,En agglomération,Hors intersection,Normale,Deux véhicules - arrière,,,,,,,,,,,1,2,1,1,2
200500016420,0005-03-10 17:40:00,5,3,10,17,40,750,12.0,R D ALIGRE R CROZATIER,,,Plein jour,En agglomération,Intersection en X,Normale,Deux véhicules - côté,,,,,,,,,,,1,2,2,1,3
200500016421,0005-03-10 16:35:00,5,3,10,16,35,750,13.0,16 R DE TOLBIAC,,,Plein jour,En agglomération,Hors intersection,Normale,Deux véhicules - côté,,,,,,,,,,,1,2,1,1,3
200500016422,0005-03-13 08:55:00,5,3,13,8,55,750,18.0,BD DE LA CHAPELLE R PH D,,,Plein jour,En agglomération,Intersection en X,Normale,Deux véhicules - côté,,,,,,,,,,,1,2,2,1,3
200500016423,0005-03-10 17:10:00,5,3,10,17,10,750,15.0,R FRERES MORANE R DE JAV,,,Plein jour,En agglomération,Intersection en Y,Normale,Deux véhicules - côté,,,,,,,,,,,1,2,4,1,3
200500016424,0005-03-10 09:40:00,5,3,10,9,40,750,16.0,L5424 PL MAL DE TASSIGNY,,,Plein jour,En agglomération,Hors intersection,Pluie légère,Sans collision,,,,,,,,,,,1,2,1,2,7
200500016425,0005-03-10 09:25:00,5,3,10,9,25,750,16.0,22 AV KLEBER,,,Plein jour,En agglomération,Hors intersection,Pluie légère,Autre collision,,,,,,,,,,,1,2,1,2,6
200500016426,0005-03-10 20:35:00,5,3,10,20,35,750,16.0,26 BD SUCHET,,,Nuit avec éclairage allumé,En agglomération,Hors intersection,Normale,Trois véhicules et plus - collisions multiples,,,,,,,,,,,5,2,1,1,5
200500016427,0005-03-10 19:15:00,5,3,10,19,15,750,18.0,R DE L EVANGILE R MARC S,,,Nuit avec éclairage allumé,En agglomération,Intersection en X,Normale,Autre collision,,,,,,,,,,,5,2,2,1,6
200500016428,0005-03-10 01:10:00,5,3,10,1,10,750,18.0,R CAULAINCOURT BD DE CLI,,,Nuit avec éclairage allumé,En agglomération,Intersection en X,Normale,Autre collision,,,,,,,,,,,5,2,2,1,6
200500016429,0005-03-09 17:40:00,5,3,9,17,40,750,10.0,74 R DU FG DU TEMPLE,,,Plein jour,En agglomération,Hors intersection,Normale,Deux véhicules - côté,,,,,,,,,,,1,2,1,1,3
200500016430,0005-03-10 18:10:00,5,3,10,18,10,750,19.0,22 R CURIAL,,,Plein jour,En agglomération,Hors intersection,Normale,Autre collision,,,,,,,,,,,1,2,1,1,6
200500016431,0005-03-10 19:15:00,5,3,10,19,15,750,20.0,77 BD DAVOUT,,,Crépuscule ou aube,En agglomération,Hors intersection,Normale,Autre collision,,,,,,,,,,,2,2,1,1,6
200500016432,0005-03-11 16:50:00,5,3,11,16,50,750,16.0,50 AV BUGEAUD,,,Plein jour,En agglomération,Hors intersection,Normale,Autre collision,,,,,,,,,,,1,2,1,1,6
200500016433,0005-03-11 10:10:00,5,3,11,10,10,750,20.0,BD MORTIER R DE GUEBRIAN,,,Plein jour,En agglomération,Intersection en T,Normale,Autre collision,,,,,,,,,,,1,2,3,1,6
200500016434,0005-03-11 23:57:00,5,3,11,23,57,750,20.0,BD DAVOUT AV PTE DE MONT,,,Nuit avec éclairage allumé,En agglomération,Intersection en X,Normale,Deux véhicules - côté,,,,,,,,,,,5,2,2,1,3
200500016435,0005-03-11 09:40:00,5,3,11,9,40,750,17.0,BD BOIS LE PRETRE R EMIL,,,Plein jour,En agglomération,Intersection en Y,Normale,Deux véhicules - arrière,,,,,,,,,,,1,2,4,1,2
200500016436,0005-03-11 15:00:00,5,3,11,15,0,750,17.0,PL CH DE GAULLE AV GRAND,,,Plein jour,En agglomération,Intersection en T,Normale,Trois véhicules et plus - en chaîne,,,,,,,,,,,1,2,3,1,4
200500016437,0005-03-11 10:55:00,5,3,11,10,55,750,12.0,R CHALIGNY R FG SAINT AN,,,Plein jour,En agglomération,Intersection en X,Normale,Deux véhicules - côté,,,,,,,,,,,1,2,2,1,3
200500016438,0005-03-12 08:45:00,5,3,12,8,45,750,2.0,R DE RICHELIEU R QUATRE,,,Plein jour,En agglomération,Intersection en X,Pluie légère,Autre collision,,,,,,,,,,,1,2,2,2,6
200500016439,0005-03-12 15:58:00,5,3,12,15,58,750,8.0,10 AV DE FRIEDLAND,,,Plein jour,En agglomération,Hors intersection,Normale,Deux véhicules - côté,,,,,,,,,,,1,2,1,1,3
200500016440,0005-03-12 15:50:00,5,3,12,15,50,750,8.0,14 AV HOCHE,,,Plein jour,En agglomération,Hors intersection,Normale,Deux véhicules - côté,,,,,,,,,,,1,2,1,1,3
200500016441,0005-03-12 17:25:00,5,3,12,17,25,750,16.0,R RAFFAELLI AV GENERAL S,,,Plein jour,En agglomération,Intersection en Y,Temps éblouissant,Autre collision,,,,,,,,,,,1,2,4,7,6
200500016442,0005-03-12 13:00:00,5,3,12,13,0,750,10.0,BD DE MAGENTA R FG SAINT,,,Plein jour,En agglomération,Intersection en X,Pluie légère,Deux véhicules - côté,,,,,,,,,,,1,2,2,2,3
200500016443,0005-03-12 08:50:00,5,3,12,8,50,750,12.0,CAR DE PYRAMIDE RTE DE B,,,Plein jour,En agglomération,Intersection en T,Temps couvert,Deux véhicules - côté,,,,,,,,,,,1,2,3,8,3
200500016444,0005-03-12 04:20:00,5,3,12,4,20,750,17.0,SOU ETOILE,,,Nuit avec éclairage allumé,En agglomération,Hors intersection,Pluie légère,Autre collision,,,,,,,,,,,5,2,1,2,6
200500016445,0005-03-12 23:30:00,5,3,12,23,30,750,20.0,CRS DE VINCENNES R DES P,,,Nuit avec éclairage allumé,En agglomération,Intersection en X,Normale,Deux véhicules - côté,,,,,,,,,,,5,2,2,1,3
200500016446,0005-03-13 16:25:00,5,3,13,16,25,750,9.0,BD HAUSSMANN BD DES ITAL,,,Plein jour,En agglomération,Intersection en Y,Normale,Autre collision,,,,,,,,,,,1,2,4,1,6
200500016447,0005-03-13 11:35:00,5,3,13,11,35,750,16.0,58 AV MOZART,,,Plein jour,En agglomération,Hors intersection,Normale,Deux véhicules - arrière,,,,,,,,,,,1,2,1,1,2
200500016448,0005-03-13 02:40:00,5,3,13,2,40,750,10.0,BD DE MAGENTA R FG SAINT,,,Nuit avec éclairage allumé,En agglomération,Intersection en X,Normale,Deux véhicules - côté,,,,,,,,,,,5,2,2,1,3
200500016449,0005-03-14 20:20:00,5,3,14,20,20,750,7.0,AV JOSEPH BOUVARD AV CHA,,,Nuit avec éclairage allumé,En agglomération,Intersection en X,Normale,Autre collision,,,,,,,,,,,5,2,2,1,6
200500016450,0005-03-14 14:40:00,5,3,14,14,40,750,7.0,AV DE SEGUR R BIXIO,,,Plein jour,En agglomération,Intersection en X,Normale,Autre collision,,,,,,,,,,,1,2,2,1,6
200500016451,0005-03-14 18:05:00,5,3,14,18,5,750,10.0,R DU HUIT MAI 1945 BD DE,,,Plein jour,En agglomération,Intersection en T,Normale,Autre collision,,,,,,,,,,,1,2,3,1,6
200500016452,0005-03-14 13:30:00,5,3,14,13,30,750,10.0,8 CI RIVERIN,,,Plein jour,En agglomération,Hors intersection,Normale,Sans collision,,,,,,,,,,,1,2,1,1,7
200500016453,0005-03-14 22:05:00,5,3,14,22,5,750,11.0,R DE CHARONNE BD DE CHAR,,,Nuit avec éclairage allumé,En agglomération,Intersection en X,Normale,Deux véhicules - côté,,,,,,,,,,,5,2,2,1,3
200500016454,0005-03-14 16:45:00,5,3,14,16,45,750,11.0,124 AV PHILIPPE AUGUSTE,,,Plein jour,En agglomération,Hors intersection,Normale,Deux véhicules - côté,,,,,,,,,,,1,2,1,1,3
200500016455,0005-03-14 09:10:00,5,3,14,9,10,750,16.0,R DES VIGNES R DE BOULAI,,,Plein jour,En agglomération,Intersection en T,Normale,Deux véhicules - côté,,,,,,,,,,,1,2,3,1,3
200500016456,0005-03-14 08:05:00,5,3,14,8,5,750,16.0,R DECAMPS AV GEORGES MAN,,,Plein jour,En agglomération,Intersection en X,Temps éblouissant,Autre collision,,,,,,,,,,,1,2,2,7,6