accident_id,datetime,annee,mois,jour,heure,minute,departement,commune_insee,adresse,latitude,longitude,luminosite,agglomeration,intersection,meteo,collision,nb_vehicules,nb_usagers,nb_indemnes,nb_tues,nb_blesses_hosp,nb_blesses_legers,age_cond_1,age_cond_2,veh_type_cond_1,veh_type_cond_2,lum_code,agg_code,int_code,atm_code,col_code
200500016457,0005-03-06 21:15:00,5,3,6,21,15,750,19.0,BPE VILLETTE AUBERVILLIE,,,Nuit avec éclairage allumé,En agglomération,Hors intersection,Normale,Deux véhicules - côté,,,,,,,,,,,5,2,1,1,3
200500016458,0005-03-13 16:40:00,5,3,13,16,40,750,5.0,R SAINT JACQUES R DES EC,,,Plein jour,En agglomération,Intersection en X,Normale,Deux véhicules - côté,,,,,,,,,,,1,2,2,1,3
200500016459,0005-03-13 01:10:00,5,3,13,1,10,750,5.0,R DES ECOLES R MONGE,,,Nuit avec éclairage allumé,En agglomération,Intersection en X,Normale,Deux véhicules - arrière,,,,,,,,,,,5,2,2,1,2
200500016460,0005-03-14 17:25:00,5,3,14,17,25,750,1.0,126 R DE RIVOLI,,,Plein jour,En agglomération,Hors intersection,Normale,Autre collision,,,,,,,,,,,1,2,1,1,6
200500016461,0005-03-14 12:00:00,5,3,14,12,0,750,5.0,42 R FOSS ST BERNARD,,,Plein jour,En agglomération,Hors intersection,Normale,Autre collision,,,,,,,,,,,1,2,1,1,6
200500016462,0005-03-15 15:25:00,5,3,15,15,25,750,1.0,VERD PT NEUF PT CHANGE,,,Plein jour,En agglomération,Hors intersection,Normale,Deux véhicules - arrière,,,,,,,,,,,1,2,1,1,2
200500016463,0005-03-15 12:50:00,5,3,15,12,50,750,1.0,4 BD SEBASTOPOL,,,Plein jour,En agglomération,Hors intersection,Normale,Autre collision,,,,,,,,,,,1,2,1,1,6
200500016464,0005-03-15 16:55:00,5,3,15,16,55,750,1.0,R DE CASTIGLIONE R SAINT,,,Plein jour,En agglomération,Intersection en X,Normale,Sans collision,,,,,,,,,,,1,2,2,1,7
200500016465,0005-03-15 19:15:00,5,3,15,19,15,750,9.0,R HALEVY PL JACQUES ROUC,,,Nuit avec éclairage allumé,En agglomération,Intersection en X,Normale,Deux véhicules - côté,,,,,,,,,,,5,2,2,1,3
200500016466,0005-03-15 10:00:00,5,3,15,10,0,750,13.0,Q PAN ET LEVASSOR,,,Plein jour,En agglomération,Hors intersection,Normale,Deux véhicules - côté,,,,,,,,,,,1,2,1,1,3
200500016467,0005-03-15 11:25:00,5,3,15,11,25,750,13.0,166 AV D ITALIE,,,Plein jour,En agglomération,Hors intersection,Normale,Deux véhicules - côté,,,,,,,,,,,1,2,1,1,3
200500016468,0005-03-18 16:55:00,5,3,18,16,55,750,7.0,140 R DE GRENELLE,,,Plein jour,En agglomération,Hors intersection,Normale,Deux véhicules - côté,,,,,,,,,,,1,2,1,1,3
200500016469,0005-03-20 18:05:00,5,3,20,18,5,750,20.0,38 BD MORTIER,,,Plein jour,En agglomération,Hors intersection,Normale,Deux véhicules - arrière,,,,,,,,,,,1,2,1,1,2
200500016470,0005-03-11 13:00:00,5,3,11,13,0,750,15.0,AV PTE DE LA PLAINE PL I,,,Plein jour,En agglomération,Intersection en T,Normale,Deux véhicules - côté,,,,,,,,,,,1,2,3,1,3
200500016471,0005-03-11 21:00:00,5,3,11,21,0,750,12.0,L3890 PL FELIX EBOUE,,,Nuit avec éclairage allumé,En agglomération,Hors intersection,Normale,Trois véhicules et plus - en chaîne,,,,,,,,,,,5,2,1,1,4
200500016472,0005-03-12 17:20:00,5,3,12,17,20,750,8.0,28 AV HOCHE,,,Plein jour,En agglomération,Hors intersection,Normale,Deux véhicules - côté,,,,,,,,,,,1,2,1,1,3
200500016473,0005-03-12 18:10:00,5,3,12,18,10,750,15.0,PT DE GRENELLE,,,Crépuscule ou aube,En agglomération,Hors intersection,Normale,Deux véhicules - côté,,,,,,,,,,,2,2,1,1,3
200500016474,0005-03-13 19:25:00,5,3,13,19,25,750,15.0,PT DU GARIGLIANO BD GL M,,,Nuit avec éclairage allumé,En agglomération,Intersection en X,Normale,Deux véhicules - côté,,,,,,,,,,,5,2,2,1,3
200500016475,0005-03-13 12:50:00,5,3,13,12,50,750,17.0,R GUY MOQUET R SAUFFROY,,,Plein jour,En agglomération,Intersection en X,Normale,Autre collision,,,,,,,,,,,1,2,2,1,6
200500016476,0005-03-26 20:35:00,5,3,26,20,35,750,12.0,BD DIDEROT R DE CITEAUX,,,Nuit avec éclairage allumé,En agglomération,Intersection en Y,Pluie forte,Sans collision,,,,,,,,,,,5,2,4,3,7
200500016477,0005-03-15 17:10:00,5,3,15,17,10,750,11.0,11 BD DE CHARONNE,,,Plein jour,En agglomération,Hors intersection,Normale,Autre collision,,,,,,,,,,,1,2,1,1,6
200500016478,0005-03-15 17:00:00,5,3,15,17,0,750,12.0,BD DIDEROT R PIERRE BOUR,,,Plein jour,En agglomération,Intersection en Y,Normale,Deux véhicules - côté,,,,,,,,,,,1,2,4,1,3
200500016479,0005-03-15 17:30:00,5,3,15,17,30,750,12.0,R SERGENT BAUCHAT R DE R,,,Plein jour,En agglomération,Intersection en T,Normale,Autre collision,,,,,,,,,,,1,2,3,1,6
200500016480,0005-03-15 17:50:00,5,3,15,17,50,750,15.0,R DE VAUGIRARD R DE STAE,,,Plein jour,En agglomération,Intersection en T,Normale,Autre collision,,,,,,,,,,,1,2,3,1,6
200500016481,0005-03-15 13:25:00,5,3,15,13,25,750,15.0,2 R PORTE D ISSY,,,Plein jour,En agglomération,Hors intersection,Normale,Deux véhicules - côté,,,,,,,,,,,1,2,1,1,3
200500016482,0005-03-15 17:05:00,5,3,15,17,5,750,16.0,58 BD EMILE AUGIER,,,Plein jour,En agglomération,Hors intersection,Normale,Trois véhicules et plus - en chaîne,,,,,,,,,,,1,2,1,1,4
200500016483,0005-03-15 19:30:00,5,3,15,19,30,750,16.0,L14873 RTE DES MOULINS,,,Nuit avec éclairage allumé,En agglomération,Hors intersection,Normale,Autre collision,,,,,,,,,,,5,2,1,1,6
200500016484,0005-03-16 09:30:00,5,3,16,9,30,750,1.0,AV DE L OPERA R DES PYRA,,,Plein jour,En agglomération,Intersection en Y,Normale,Deux véhicules - côté,,,,,,,,,,,1,2,4,1,3
200500016485,0005-03-22 00:05:00,5,3,22,0,5,750,11.0,212 BD VOLTAIRE,,,Nuit avec éclairage allumé,En agglomération,Hors intersection,Normale,Autre collision,,,,,,,,,,,5,2,1,1,6
200500016486,0005-03-16 13:45:00,5,3,16,13,45,750,1.0,2 Q DE LA MEGISSERIE,,,Plein jour,En agglomération,Hors intersection,Normale,Deux véhicules - arrière,,,,,,,,,,,1,2,1,1,2
200500016487,0005-03-16 22:10:00,5,3,16,22,10,750,3.0,R DU TEMPLE PL DE LA REP,,,Nuit avec éclairage allumé,En agglomération,Intersection en T,Normale,Autre collision,,,,,,,,,,,5,2,3,1,6
200500016488,0005-03-16 14:25:00,5,3,16,14,25,750,4.0,Q DES CELESTINS VO GEORG,,,Plein jour,En agglomération,Intersection en Y,Normale,Deux véhicules - côté,,,,,,,,,,,1,2,4,1,3
200500016489,0005-03-16 10:20:00,5,3,16,10,20,750,6.0,12 R ECOLE DE MEDECINE,,,Plein jour,En agglomération,Hors intersection,Normale,Sans collision,,,,,,,,,,,1,2,1,1,7
200500016490,0005-03-16 10:35:00,5,3,16,10,35,750,11.0,102 R DE CHARONNE,,,Plein jour,En agglomération,Hors intersection,Normale,Autre collision,,,,,,,,,,,1,2,1,1,6
200500016491,0005-03-16 06:35:00,5,3,16,6,35,750,15.0,R BRANCION BD LEFEBVRE,,,Crépuscule ou aube,En agglomération,Intersection en T,Normale,Deux véhicules - côté,,,,,,,,,,,2,2,3,1,3
200500016492,0005-03-16 10:40:00,5,3,16,10,40,750,19.0,AV SIMON BOLIVAR R SADI,,,Plein jour,En agglomération,Intersection en Y,Normale,Deux véhicules - côté,,,,,,,,,,,1,2,4,1,3
200500016493,0005-03-16 03:35:00,5,3,16,3,35,750,19.0,PL MAQUIS VERCORS ECH LI,,,Nuit avec éclairage allumé,En agglomération,Giratoire,Normale,Deux véhicules - côté,,,,,,,,,,,5,2,6,1,3
200500016494,0005-03-16 10:45:00,5,3,16,10,45,750,16.0,AV PAUL DOUMER R EUGENE,,,Plein jour,En agglomération,Intersection en T,Normale,Autre collision,,,,,,,,,,,1,2,3,1,6
200500016495,0005-03-14 17:00:00,5,3,14,17,0,750,13.0,39 R BRUNESEAU,,,Plein jour,En agglomération,Hors intersection,Temps couvert,Autre collision,,,,,,,,,,,1,2,1,8,6
200500016496,0005-03-14 10:20:00,5,3,14,10,20,750,20.0,143 BD DAVOUT,,,Plein jour,En agglomération,Hors intersection,Normale,Deux véhicules - côté,,,,,,,,,,,1,2,1,1,3
200500016497,0005-03-15 19:30:00,5,3,15,19,30,750,20.0,BD MORTIER R DU CAPITAIN,,,Nuit avec éclairage allumé,En agglomération,Intersection en Y,Normale,Deux véhicules - côté,,,,,,,,,,,5,2,4,1,3
200500016498,0005-03-16 21:10:00,5,3,16,21,10,750,5.0,L1068 PT SAINT MICHEL,,,Nuit avec éclairage allumé,En agglomération,Hors intersection,Normale,Deux véhicules - arrière,,,,,,,,,,,5,2,1,1,2
200500016499,0005-03-16 16:20:00,5,3,16,16,20,750,8.0,VERD PT ALMA PT INVALIDE,,,Plein jour,En agglomération,Hors intersection,Normale,Deux véhicules - arrière,,,,,,,,,,,1,2,1,1,2
200500016500,0005-03-16 19:30:00,5,3,16,19,30,750,13.0,R DU JAVELOT R DE TOLBIA,,,Nuit avec éclairage allumé,En agglomération,Intersection en T,Normale,Deux véhicules - côté,,,,,,,,,,,5,2,3,1,3
200500016501,0005-03-16 12:05:00,5,3,16,12,5,750,14.0,AV DU MAINE R DU CDT R M,,,Plein jour,En agglomération,Intersection en Y,Normale,Deux véhicules - côté,,,,,,,,,,,1,2,4,1,3
200500016502,0005-03-17 08:40:00,5,3,17,8,40,750,5.0,Q DE MONTEBELLO R HOTEL,,,Plein jour,En agglomération,Intersection en Y,Normale,Autre collision,,,,,,,,,,,1,2,4,1,6
200500016503,0005-03-22 18:35:00,5,3,22,18,35,750,20.0,R BELGRAND R DE LA CHINE,,,Plein jour,En agglomération,Intersection en T,Normale,Deux véhicules - côté,,,,,,,,,,,1,2,3,1,3
200500016504,0005-03-17 14:25:00,5,3,17,14,25,750,9.0,R DES MARTYRS R CHORON,,,Plein jour,En agglomération,Intersection en T,Normale,Deux véhicules - côté,,,,,,,,,,,1,2,3,1,3
200500016505,0005-03-03 13:35:00,5,3,3,13,35,750,20.0,ECH BAGNOLET BPE BAGNOLE,,,Plein jour,En agglomération,Intersection en Y,Normale,Deux véhicules - côté,,,,,,,,,,,1,2,4,1,3
200500016506,0005-03-05 16:20:00,5,3,5,16,20,750,14.0,BPE VANVES CHATILLON,,,Plein jour,En agglomération,Hors intersection,Pluie légère,Deux véhicules - arrière,,,,,,,,,,,1,2,1,2,2
200500016507,0005-03-09 15:15:00,5,3,9,15,15,750,13.0,BPE GENTILLY ITALIE,,,Plein jour,En agglomération,Hors intersection,Normale,Autre collision,,,,,,,,,,,1,2,1,1,6
200500016508,0005-03-10 01:20:00,5,3,10,1,20,750,19.0,BPE LILAS PRES SAINT GER,,,Nuit avec éclairage allumé,En agglomération,Hors intersection,Normale,Autre collision,,,,,,,,,,,5,2,1,1,6
200500016509,0005-03-11 06:30:00,5,3,11,6,30,750,12.0,BPI BERCY GARE ECH BERCY,,,Crépuscule ou aube,En agglomération,Intersection en Y,Normale,Deux véhicules - arrière,,,,,,,,,,,2,2,4,1,2
200500016510,0005-03-12 10:00:00,5,3,12,10,0,750,20.0,AV CARTELLIER ECH BAGNOL,,,Plein jour,En agglomération,Intersection en Y,Normale,Deux véhicules - arrière,,,,,,,,,,,1,2,4,1,2
200500016511,0005-03-13 06:25:00,5,3,13,6,25,750,12.0,BPI ST MANDE DOREE,,,Nuit avec éclairage allumé,En agglomération,Hors intersection,Normale,Deux véhicules - arrière,,,,,,,,,,,5,2,1,1,2
200500016512,0005-03-14 10:20:00,5,3,14,10,20,750,12.0,PL DE LA NATION R FABRE,,,Plein jour,En agglomération,Intersection en X,Normale,Autre collision,,,,,,,,,,,1,2,2,1,6
200500016513,0005-03-14 08:50:00,5,3,14,8,50,750,18.0,R ORDENER R LAPEYRERE,,,Plein jour,En agglomération,Intersection en T,Normale,Autre collision,,,,,,,,,,,1,2,3,1,6
200500016514,0005-03-14 23:14:00,5,3,14,23,14,750,17.0,BD GOUVION ST CYR PL PTE,,,Nuit avec éclairage allumé,En agglomération,Intersection en X,Normale,Deux véhicules - arrière,,,,,,,,,,,5,2,2,1,2
200500016515,0005-03-15 16:10:00,5,3,15,16,10,750,17.0,192 R DE COURCELLES,,,Plein jour,En agglomération,Hors intersection,Normale,Autre collision,,,,,,,,,,,1,2,1,1,6
200500016516,0005-03-16 10:15:00,5,3,16,10,15,750,12.0,R DE WATTIGNIES R NICOLA,,,Plein jour,En agglomération,Intersection en X,Normale,Deux véhicules - côté,,,,,,,,,,,1,2,2,1,3
200500016517,0005-03-16 09:30:00,5,3,16,9,30,750,18.0,AV DE SAINT OUEN IMP MIL,,,Plein jour,En agglomération,Intersection en T,Normale,Deux véhicules - côté,,,,,,,,,,,1,2,3,1,3
200500016518,0005-03-16 12:30:00,5,3,16,12,30,750,16.0,10 R GROS,,,Plein jour,En agglomération,Hors intersection,Normale,Deux véhicules - côté,,,,,,,,,,,1,2,1,1,3
200500016519,0005-03-16 23:00:00,5,3,16,23,0,750,17.0,AV DE VILLIERS BD MALESH,,,Nuit avec éclairage allumé,En agglomération,Intersection en X,Normale,Deux véhicules - côté,,,,,,,,,,,5,2,2,1,3
200500016520,0005-03-17 15:05:00,5,3,17,15,5,750,4.0,BD BEAUMARCHAIS R DE LA,,,Plein jour,En agglomération,Intersection en Y,Normale,Deux véhicules - arrière,,,,,,,,,,,1,2,4,1,2
200500016521,0005-03-17 09:20:00,5,3,17,9,20,750,8.0,PL CLEMENCEAU AV CHAMPS,,,Plein jour,En agglomération,Intersection en X,Normale,Deux véhicules - côté,,,,,,,,,,,1,2,2,1,3
200500016522,0005-03-17 09:20:00,5,3,17,9,20,750,8.0,R DE MIROMESNIL R BIENFA,,,Plein jour,En agglomération,Intersection en X,Normale,Autre collision,,,,,,,,,,,1,2,2,1,6
200500016523,0005-03-17 16:00:00,5,3,17,16,0,750,12.0,R FG SAINT ANTOINE R ANT,,,Plein jour,En agglomération,Intersection en T,Normale,Sans collision,,,,,,,,,,,1,2,3,1,7
200500016524,0005-03-17 10:30:00,5,3,17,10,30,750,15.0,BD DE GRENELLE R SAINT C,,,Plein jour,En agglomération,Intersection en X,Normale,Deux véhicules - côté,,,,,,,,,,,1,2,2,1,3
200500016525,0005-03-17 18:05:00,5,3,17,18,5,750,16.0,L16223 BD EXELMANS SOU E,,,Plein jour,En agglomération,Autre intersection,Normale,Deux véhicules - arrière,,,,,,,,,,,1,2,9,1,2
200500016526,0005-03-24 17:07:00,5,3,24,17,7,750,7.0,BD ST GERMAIN R DE SOLFE,,,Plein jour,En agglomération,Intersection en X,Normale,Deux véhicules - côté,,,,,,,,,,,1,2,2,1,3
200500016527,0005-03-17 11:40:00,5,3,17,11,40,750,16.0,BD MURAT PL GENERAL STEF,,,Plein jour,En agglomération,Intersection en X,Normale,Sans collision,,,,,,,,,,,1,2,2,1,7
200500016528,0005-03-17 10:40:00,5,3,17,10,40,750,16.0,R RAFFET BD SUCHET,,,Plein jour,En agglomération,Intersection en T,Normale,Autre collision,,,,,,,,,,,1,2,3,1,6
200500016529,0005-03-17 02:06:00,5,3,17,2,6,750,18.0,BD BARBES R MYRHA,,,Nuit avec éclairage allumé,En agglomération,Intersection en X,Normale,Autre collision,,,,,,,,,,,5,2,2,1,6
200500016530,0005-03-17 14:35:00,5,3,17,14,35,750,18.0,R DE LA CHAPELLE R BOUCR,,,Plein jour,En agglomération,Intersection en T,Normale,Autre collision,,,,,,,,,,,1,2,3,1,6
200500016531,0005-03-17 20:10:00,5,3,17,20,10,750,18.0,R EUGENE CARRIERE R LAMA,,,Nuit avec éclairage allumé,En agglomération,Intersection en X,Normale,Deux véhicules - arrière,,,,,,,,,,,5,2,2,1,2
200500016532,0005-03-17 08:20:00,5,3,17,8,20,750,20.0,R DU CAP MARCHAL R ADJUD,,,Plein jour,En agglomération,Intersection en T,Normale,Deux véhicules - arrière,,,,,,,,,,,1,2,3,1,2
200500016533,0005-03-18 11:47:00,5,3,18,11,47,750,1.0,L1930 Q DES TUILERIES,,,Plein jour,En agglomération,Hors intersection,Temps éblouissant,Deux véhicules - arrière,,,,,,,,,,,1,2,1,7,2
200500016534,0005-03-18 09:20:00,5,3,18,9,20,750,7.0,84 R VANEAU,,,Plein jour,En agglomération,Hors intersection,Normale,Deux véhicules - côté,,,,,,,,,,,1,2,1,1,3
200500016535,0005-03-18 13:55:00,5,3,18,13,55,750,8.0,44 AV CHAMPS ELYSEES,,,Plein jour,En agglomération,Hors intersection,Normale,Deux véhicules - côté,,,,,,,,,,,1,2,1,1,3
200500016536,0005-03-18 00:01:00,5,3,18,0,1,750,8.0,72  BD MALESHERBES,,,Nuit avec éclairage allumé,En agglomération,Hors intersection,Normale,Deux véhicules - arrière,,,,,,,,,,,5,2,1,1,2
200500016537,0005-03-18 10:00:00,5,3,18,10,0,750,9.0,BD HAUSSMANN R TRONCHET,,,Plein jour,En agglomération,Intersection en T,Normale,Sans collision,,,,,,,,,,,1,2,3,1,7
200500016538,0005-03-18 12:20:00,5,3,18,12,20,750,12.0,R GEN DE L DE CARY BD PO,,,Plein jour,En agglomération,Intersection en Y,Normale,Deux véhicules - côté,,,,,,,,,,,1,2,4,1,3
200500016539,0005-03-18 13:20:00,5,3,18,13,20,750,13.0,Q FRANCOIS MAURIAC,,,Plein jour,En agglomération,Hors intersection,Normale,Autre collision,,,,,,,,,,,1,2,1,1,6
200500016540,0005-03-18 09:50:00,5,3,18,9,50,750,13.0,R DE TOLBIAC R ALBERT,,,Plein jour,En agglomération,Intersection en T,Normale,Autre collision,,,,,,,,,,,1,2,3,1,6
200500016541,0005-03-18 20:30:00,5,3,18,20,30,750,14.0,BD RASPAIL R LEOPOLD ROB,,,Nuit avec éclairage allumé,En agglomération,Intersection en Y,Normale,Deux véhicules - côté,,,,,,,,,,,5,2,4,1,3
200500016542,0005-03-18 06:45:00,5,3,18,6,45,750,16.0,20 BD MURAT,,,Plein jour,En agglomération,Hors intersection,Normale,Autre collision,,,,,,,,,,,1,2,1,1,6
200500016543,0005-03-18 19:15:00,5,3,18,19,15,750,16.0,132 BD SUCHET,,,Crépuscule ou aube,En agglomération,Hors intersection,Normale,Deux véhicules - côté,,,,,,,,,,,2,2,1,1,3
200500016544,0005-03-18 09:25:00,5,3,18,9,25,750,18.0,34 BD DE ROCHECHOUART,,,Plein jour,En agglomération,Hors intersection,Normale,Deux véhicules - côté,,,,,,,,,,,1,2,1,1,3
200500016545,0005-03-19 16:20:00,5,3,19,16,20,750,2.0,BD DES ITALIENS R DE LA,,,Plein jour,En agglomération,Intersection en T,Normale,Deux véhicules - côté,,,,,,,,,,,1,2,3,1,3
200500016546,0005-03-19 17:30:00,5,3,19,17,30,750,7.0,43 AV DE SAXE,,,Plein jour,En agglomération,Hors intersection,Normale,Autre collision,,,,,,,,,,,1,2,1,1,6
200500016547,0005-03-19 20:00:00,5,3,19,20,0,750,9.0,AV TRUDAINE R GERANDO,,,Nuit avec éclairage allumé,En agglomération,Intersection en Y,Normale,Deux véhicules - côté,,,,,,,,,,,5,2,4,1,3
200500016548,0005-03-19 11:25:00,5,3,19,11,25,750,12.0,PL FELIX EBOUE R DE REUI,,,Plein jour,En agglomération,Intersection en T,Normale,Sans collision,,,,,,,,,,,1,2,3,1,7
200500016549,0005-03-19 20:05:00,5,3,19,20,5,750,13.0,BD DE L HOPITAL R COYPEL,,,Nuit avec éclairage allumé,En agglomération,Intersection en Y,Normale,Deux véhicules - côté,,,,,,,,,,,5,2,4,1,3
200500016550,0005-03-19 11:10:00,5,3,19,11,10,750,16.0,AV MOZART R RIBERA,,,Plein jour,En agglomération,Intersection en Y,Normale,Autre collision,,,,,,,,,,,1,2,4,1,6
200500016551,0005-03-19 14:15:00,5,3,19,14,15,750,18.0,10 R MARX DORMOY,,,Plein jour,En agglomération,Hors intersection,Normale,Deux véhicules - arrière,,,,,,,,,,,1,2,1,1,2
200500016552,0005-03-20 09:55:00,5,3,20,9,55,750,1.0,R DE RIVOLI R DE LA MONN,,,Plein jour,En agglomération,Intersection en X,Normale,Deux véhicules - arrière,,,,,,,,,,,1,2,2,1,2
200500016553,0005-03-20 19:12:00,5,3,20,19,12,750,3.0,292 R SAINT MARTIN,,,Nuit avec éclairage allumé,En agglomération,Hors intersection,Normale,Autre collision,,,,,,,,,,,5,2,1,1,6
200500016554,0005-03-20 15:55:00,5,3,20,15,55,750,8.0,AV MONTAIGNE PL DE L ALM,,,Plein jour,En agglomération,Intersection en T,Normale,Deux véhicules - arrière,,,,,,,,,,,1,2,3,1,2
200500016555,0005-03-20 14:40:00,5,3,20,14,40,750,8.0,R FG SAINT HONORE PL DES,,,Plein jour,En agglomération,Intersection en T,Normale,Autre collision,,,,,,,,,,,1,2,3,1,6
200500016556,0005-03-20 17:10:00,5,3,20,17,10,750,16.0,RTE DES TRIBUNES,,,Plein jour,En agglomération,Hors intersection,Normale,Autre collision,,,,,,,,,,,1,2,1,1,6
200500016557,0005-03-20 05:20:00,5,3,20,5,20,750,16.0,BD MURAT R MERYON,,,Nuit avec éclairage allumé,En agglomération,Intersection en Y,Normale,Autre collision,,,,,,,,,,,5,2,4,1,6
200500016558,0005-03-21 19:40:00,5,3,21,19,40,750,14.0,R LEGION ETRANGERE BD RO,,,Nuit avec éclairage allumé,En agglomération,Intersection en T,Normale,Sans collision,,,,,,,,,,,5,2,3,1,7
200500016559,0005-03-21 16:40:00,5,3,21,16,40,750,18.0,R BOUCRY R JEAN COTTIN,,,Plein jour,En agglomération,Intersection en X,Normale,Autre collision,,,,,,,,,,,1,2,2,1,6
200500016560,0005-03-21 21:00:00,5,3,21,21,0,750,18.0,R ORDENER R STEPHENSON,,,Nuit avec éclairage allumé,En agglomération,Intersection en T,Normale,Deux véhicules - côté,,,,,,,,,,,5,2,3,1,3
200500016561,0005-03-08 00:55:00,5,3,8,0,55,750,12.0,CRS VINCENNES AV DOCTEUR,,,Nuit avec éclairage allumé,En agglomération,Intersection en X,Pluie légère,Autre collision,,,,,,,,,,,5,2,2,2,6
200500016562,0005-03-16 20:40:00,5,3,16,20,40,750,17.0,100 R DE COURCELLES,,,Nuit avec éclairage allumé,En agglomération,Hors intersection,Normale,Autre collision,,,,,,,,,,,5,2,1,1,6
200500016563,0005-03-16 16:55:00,5,3,16,16,55,750,17.0,R CARDINET AV DE CLICHY,,,Plein jour,En agglomération,Intersection en X,Normale,Autre collision,,,,,,,,,,,1,2,2,1,6
200500016564,0005-03-18 14:35:00,5,3,18,14,35,750,5.0,R LACEPEDE R G SAINT HIL,,,Plein jour,En agglomération,Intersection en T,Normale,Deux véhicules - frontale,,,,,,,,,,,1,2,3,1,1
200500016565,0005-03-18 15:05:00,5,3,18,15,5,750,5.0,BD SAINT MICHEL BD SAINT,,,Plein jour,En agglomération,Intersection en X,Normale,Deux véhicules - côté,,,,,,,,,,,1,2,2,1,3
200500016566,0005-03-18 17:58:00,5,3,18,17,58,750,17.0,18 BD DE COURCELLES,,,Plein jour,En agglomération,Hors intersection,Normale,Autre collision,,,,,,,,,,,1,2,1,1,6
200500016567,0005-03-18 00:30:00,5,3,18,0,30,750,15.0,R LAKANAL R DU COMMERCE,,,Nuit avec éclairage allumé,En agglomération,Intersection en T,Normale,Autre collision,,,,,,,,,,,5,2,3,1,6
200500016568,0005-03-18 18:15:00,5,3,18,18,15,750,15.0,10 R DU DEPART,,,Plein jour,En agglomération,Hors intersection,Normale,Autre collision,,,,,,,,,,,1,2,1,1,6
200500016569,0005-03-18 06:50:00,5,3,18,6,50,750,17.0,AV DE CLICHY R LA CONDAM,,,Plein jour,En agglomération,Intersection en T,Normale,Deux véhicules - côté,,,,,,,,,,,1,2,3,1,3
200500016570,0005-03-29 08:30:00,5,3,29,8,30,750,11.0,104 AV DE LA REPUBLIQUE,,,Plein jour,En agglomération,Hors intersection,Normale,Deux véhicules - côté,,,,,,,,,,,1,2,1,1,3
200500016571,0005-03-18 08:55:00,5,3,18,8,55,750,17.0,14 R HENRI ROCHEFORT,,,Plein jour,En agglomération,Hors intersection,Normale,Autre collision,,,,,,,,,,,1,2,1,1,6
200500016572,0005-03-19 09:30:00,5,3,19,9,30,750,19.0,4 R DES LILAS,,,Plein jour,En agglomération,Hors intersection,Normale,Autre collision,,,,,,,,,,,1,2,1,1,6
200500016573,0005-03-21 10:00:00,5,3,21,10,0,750,6.0,R DE FLEURUS BD RASPAIL,,,Plein jour,En agglomération,Intersection en X,Normale,Deux véhicules - côté,,,,,,,,,,,1,2,2,1,3
200500016574,0005-03-21 14:20:00,5,3,21,14,20,750,7.0,12 AV BOSQUET,,,Plein jour,En agglomération,Hors intersection,Normale,Autre collision,,,,,,,,,,,1,2,1,1,6
200500016575,0005-03-20 14:08:00,5,3,20,14,8,750,12.0,L1413 CRS DES MARECHAUX,,,Plein jour,En agglomération,Hors intersection,Normale,Deux véhicules - arrière,,,,,,,,,,,1,2,1,1,2
200500016576,0005-03-21 09:15:00,5,3,21,9,15,750,12.0,RTE DE LA TOURELLE AV DE,,,Plein jour,En agglomération,Intersection en Y,Normale,Deux véhicules - côté,,,,,,,,,,,1,2,4,1,3
200500016577,0005-03-21 18:10:00,5,3,21,18,10,750,13.0,AV DE CHOISY R GEORGE EA,,,Plein jour,En agglomération,Intersection en T,Normale,Deux véhicules - côté,,,,,,,,,,,1,2,3,1,3
200500016578,0005-03-21 08:10:00,5,3,21,8,10,750,13.0,AV PORTE D IVRY BD MASSE,,,Plein jour,En agglomération,Intersection en X,Normale,Deux véhicules - côté,,,,,,,,,,,1,2,2,1,3
200500016579,0005-03-21 13:35:00,5,3,21,13,35,750,13.0,BD MASSENA R BRUNESEAU,,,Plein jour,En agglomération,Intersection en T,Normale,Sans collision,,,,,,,,,,,1,2,3,1,7
200500016580,0005-03-20 18:55:00,5,3,20,18,55,750,15.0,PT DE GRENELLE PL FERNAN,,,Crépuscule ou aube,En agglomération,Intersection en X,Normale,Deux véhicules - côté,,,,,,,,,,,2,2,2,1,3
200500016581,0005-03-20 10:00:00,5,3,20,10,0,750,16.0,L19491 RTE DES TRIBUNES,,,Plein jour,En agglomération,Hors intersection,Normale,Sans collision,,,,,,,,,,,1,2,1,1,7
200500016582,0005-03-20 19:05:00,5,3,20,19,5,750,17.0,BD DE DOUAUMONT BD DU FO,,,Crépuscule ou aube,En agglomération,Intersection en X,Normale,Autre collision,,,,,,,,,,,2,2,2,1,6
200500016583,0005-03-21 15:40:00,5,3,21,15,40,750,19.0,AV PORTE CHAUMONT BD D I,,,Plein jour,En agglomération,Intersection en X,Normale,Deux véhicules - côté,,,,,,,,,,,1,2,2,1,3
200500016584,0005-03-21 09:15:00,5,3,21,9,15,750,19.0,L4725 AV RENE FONCK,,,Plein jour,En agglomération,Hors intersection,Normale,Sans collision,,,,,,,,,,,1,2,1,1,7
200500016585,0005-03-21 08:59:00,5,3,21,8,59,750,19.0,244 BD DE LA VILLETTE,,,Plein jour,En agglomération,Hors intersection,Normale,Autre collision,,,,,,,,,,,1,2,1,1,6
200500016586,0005-03-15 12:03:00,5,3,15,12,3,750,10.0,PL LA REPUBLIQUE R DU FG,,,Plein jour,En agglomération,Intersection en T,Normale,Deux véhicules - côté,,,,,,,,,,,1,2,3,1,3
200500016587,0005-03-16 14:45:00,5,3,16,14,45,750,10.0,154 AV PARMENTIER,,,Plein jour,En agglomération,Hors intersection,Normale,Autre collision,,,,,,,,,,,1,2,1,1,6
200500016588,0005-03-22 10:45:00,5,3,22,10,45,750,6.0,4 R GUYNEMER,,,Plein jour,En agglomération,Hors intersection,Pluie forte,Trois véhicules et plus - collisions multiples,,,,,,,,,,,1,2,1,3,5