accident_id,datetime,annee,mois,jour,heure,minute,departement,commune_insee,adresse,latitude,longitude,luminosite,agglomeration,intersection,meteo,collision,nb_vehicules,nb_usagers,nb_indemnes,nb_tues,nb_blesses_hosp,nb_blesses_legers,age_cond_1,age_cond_2,veh_type_cond_1,veh_type_cond_2,lum_code,agg_code,int_code,atm_code,col_code
200500016589,0005-03-22 09:50:00,5,3,22,9,50,750,8.0,28 AV HOCHE,,,Plein jour,En agglomération,Hors intersection,Pluie légère,Deux véhicules - côté,,,,,,,,,,,1,2,1,2,3
200500016590,0005-03-22 23:55:00,5,3,22,23,55,750,9.0,R LA BRUYERE R J BAPT PI,,,Nuit avec éclairage allumé,En agglomération,Intersection en X,Normale,Deux véhicules - côté,,,,,,,,,,,5,2,2,1,3
200500016591,0005-03-22 23:15:00,5,3,22,23,15,750,9.0,PL ADOLPHE MAX R DE VINT,,,Nuit avec éclairage allumé,En agglomération,Intersection en T,Normale,Autre collision,,,,,,,,,,,5,2,3,1,6
200500016592,0005-03-22 10:05:00,5,3,22,10,5,750,10.0,124 R DU FG DU TEMPLE,,,Plein jour,En agglomération,Hors intersection,Pluie légère,Autre collision,,,,,,,,,,,1,2,1,2,6
200500016593,0005-03-22 14:00:00,5,3,22,14,0,750,12.0,R FG SAINT ANTOINE R CH,,,Plein jour,En agglomération,Intersection en T,Normale,Deux véhicules - côté,,,,,,,,,,,1,2,3,1,3
200500016594,0005-03-22 17:30:00,5,3,22,17,30,750,13.0,10 R DE TOLBIAC,,,Plein jour,En agglomération,Hors intersection,Normale,Autre collision,,,,,,,,,,,1,2,1,1,6
200500016595,0005-03-22 13:00:00,5,3,22,13,0,750,15.0,R DE LA CONVENTION R DE,,,Plein jour,En agglomération,Intersection en X,Normale,Autre collision,,,,,,,,,,,1,2,2,1,6
200500016596,0005-03-22 11:00:00,5,3,22,11,0,750,15.0,PL CAMBRONNE BD DE GRENE,,,Plein jour,En agglomération,Intersection à plus de 4 branches,Pluie légère,Deux véhicules - côté,,,,,,,,,,,1,2,5,2,3
200500016597,0005-03-22 15:45:00,5,3,22,15,45,750,16.0,AV DE VERSAILLES R CHAPU,,,Plein jour,En agglomération,Intersection en Y,Normale,Autre collision,,,,,,,,,,,1,2,4,1,6
200500016598,0005-03-23 11:57:00,5,3,23,11,57,750,3.0,R DE TURBIGO R REAUMUR,,,Plein jour,En agglomération,Intersection en X,Normale,Deux véhicules - côté,,,,,,,,,,,1,2,2,1,3
200500016599,0005-03-23 00:40:00,5,3,23,0,40,750,7.0,VERG PT ROYAL PT CONCORD,,,Nuit avec éclairage allumé,En agglomération,Hors intersection,Normale,Sans collision,,,,,,,,,,,5,2,1,1,7
200500016600,0005-03-23 08:00:00,5,3,23,8,0,750,10.0,244 R FG SAINT MARTIN,,,Plein jour,En agglomération,Hors intersection,Normale,Deux véhicules - côté,,,,,,,,,,,1,2,1,1,3
200500016601,0005-03-23 10:15:00,5,3,23,10,15,750,10.0,BD DE MAGENTA R FG SAINT,,,Plein jour,En agglomération,Intersection en X,Normale,Deux véhicules - arrière,,,,,,,,,,,1,2,2,1,2
200500016602,0005-03-23 11:05:00,5,3,23,11,5,750,12.0,AV GEN MICHEL BIZOT R DE,,,Plein jour,En agglomération,Intersection en T,Normale,Deux véhicules - côté,,,,,,,,,,,1,2,3,1,3
200500016603,0005-03-22 14:05:00,5,3,22,14,5,750,12.0,R DE REUILLY R FG SAINT,,,Plein jour,En agglomération,Intersection en X,Normale,Deux véhicules - côté,,,,,,,,,,,1,2,2,1,3
200500016604,0005-03-22 10:00:00,5,3,22,10,0,750,15.0,R DE L ARRIVEE PL DU 18,,,Plein jour,En agglomération,Intersection en T,Pluie légère,Sans collision,,,,,,,,,,,1,2,3,2,7
200500016605,0005-03-22 18:05:00,5,3,22,18,5,750,17.0,40 AV DES TERNES,,,Plein jour,En agglomération,Hors intersection,Normale,Deux véhicules - côté,,,,,,,,,,,1,2,1,1,3
200500016606,0005-03-22 12:00:00,5,3,22,12,0,750,20.0,BD MORTIER R DE LA JUSTI,,,Plein jour,En agglomération,Intersection en Y,Pluie légère,Deux véhicules - arrière,,,,,,,,,,,1,2,4,2,2
200500016607,0005-03-23 15:00:00,5,3,23,15,0,750,13.0,AV DES GOBELINS VLA DES,,,Plein jour,En agglomération,Intersection en T,Normale,Autre collision,,,,,,,,,,,1,2,3,1,6
200500016608,0005-03-23 07:20:00,5,3,23,7,20,750,13.0,L4025 BD MASSENA,,,Plein jour,En agglomération,Hors intersection,Normale,Deux véhicules - frontale,,,,,,,,,,,1,2,1,1,1
200500016609,0005-03-23 01:10:00,5,3,23,1,10,750,16.0,4 AV DE VERSAILLES,,,Nuit avec éclairage allumé,En agglomération,Hors intersection,Normale,Autre collision,,,,,,,,,,,5,2,1,1,6
200500016610,0005-03-23 07:25:00,5,3,23,7,25,750,8.0,R DE ROME R BERNOULLI,,,Plein jour,En agglomération,Intersection en T,Normale,Autre collision,,,,,,,,,,,1,2,3,1,6
200500016611,0005-03-23 20:15:00,5,3,23,20,15,750,8.0,R LA BOETIE R FG SAINT H,,,Nuit avec éclairage allumé,En agglomération,Intersection en X,Normale,Deux véhicules - côté,,,,,,,,,,,5,2,2,1,3
200500016612,0005-03-23 12:40:00,5,3,23,12,40,750,8.0,PL DE LA CONCORDE AV CHA,,,Plein jour,En agglomération,Intersection en T,Normale,Deux véhicules - côté,,,,,,,,,,,1,2,3,1,3
200500016613,0005-03-23 08:30:00,5,3,23,8,30,750,8.0,82 R DE COURCELLES,,,Plein jour,En agglomération,Hors intersection,Normale,Deux véhicules - côté,,,,,,,,,,,1,2,1,1,3
200500016614,0005-03-23 09:20:00,5,3,23,9,20,750,14.0,7 PL DU 25 AOUT 1944,,,Plein jour,En agglomération,Hors intersection,Normale,Autre collision,,,,,,,,,,,1,2,1,1,6
200500016615,0005-03-23 15:45:00,5,3,23,15,45,750,17.0,102 BD BERTHIER,,,Plein jour,En agglomération,Hors intersection,Normale,Deux véhicules - côté,,,,,,,,,,,1,2,1,1,3
200500016616,0005-03-23 13:15:00,5,3,23,13,15,750,15.0,114 AV EMILE ZOLA,,,Plein jour,En agglomération,Hors intersection,Normale,Deux véhicules - côté,,,,,,,,,,,1,2,1,1,3
200500016617,0005-03-23 19:00:00,5,3,23,19,0,750,16.0,BD EMILE AUGIER R OCTAVE,,,Crépuscule ou aube,En agglomération,Intersection en X,Normale,Deux véhicules - frontale,,,,,,,,,,,2,2,2,1,1
200500016618,0005-03-23 12:50:00,5,3,23,12,50,750,19.0,42 R RIQUET,,,Plein jour,En agglomération,Hors intersection,Normale,Deux véhicules - arrière,,,,,,,,,,,1,2,1,1,2
200500016619,0005-03-23 18:50:00,5,3,23,18,50,750,20.0,90 R D AVRON,,,Plein jour,En agglomération,Hors intersection,Normale,Autre collision,,,,,,,,,,,1,2,1,1,6
200500016620,0005-03-24 10:05:00,5,3,24,10,5,750,4.0,R PONT L PHILIPPE R DE R,,,Plein jour,En agglomération,Intersection en X,Temps couvert,Autre collision,,,,,,,,,,,1,2,2,8,6
200500016621,0005-03-24 13:00:00,5,3,24,13,0,750,10.0,BD DE MAGENTA R DES VINA,,,Plein jour,En agglomération,Intersection en X,Normale,Deux véhicules - côté,,,,,,,,,,,1,2,2,1,3
200500016622,0005-03-24 09:30:00,5,3,24,9,30,750,10.0,BD DE STRASBOURG R DU HU,,,Plein jour,En agglomération,Intersection en T,Temps couvert,Deux véhicules - côté,,,,,,,,,,,1,2,3,8,3
200500016623,0005-03-24 01:10:00,5,3,24,1,10,750,8.0,L4774 AV W CHURCHILL,,,Nuit avec éclairage allumé,En agglomération,Hors intersection,Normale,Sans collision,,,,,,,,,,,5,2,1,1,7
200500016624,0005-03-24 04:45:00,5,3,24,4,45,750,9.0,PL KOSSUT R DE MAUBEUGE,,,Nuit avec éclairage allumé,En agglomération,Intersection en T,Normale,Autre collision,,,,,,,,,,,5,2,3,1,6
200500016625,0005-03-24 16:15:00,5,3,24,16,15,750,9.0,64 R LA FAYETTE,,,Plein jour,En agglomération,Hors intersection,Normale,Autre collision,,,,,,,,,,,1,2,1,1,6
200500016626,0005-03-24 09:48:00,5,3,24,9,48,750,11.0,R DU CHEMIN VERT BD VOLT,,,Plein jour,En agglomération,Intersection en X,Normale,Deux véhicules - côté,,,,,,,,,,,1,2,2,1,3
200500016627,0005-03-24 01:30:00,5,3,24,1,30,750,12.0,6 AV COURTELINE,,,Nuit avec éclairage allumé,En agglomération,Hors intersection,Normale,Sans collision,,,,,,,,,,,5,2,1,1,7
200500016628,0005-03-24 08:25:00,5,3,24,8,25,750,14.0,AV PAUL APPEL PL DU 25 A,,,Plein jour,En agglomération,Intersection en T,Normale,Deux véhicules - arrière,,,,,,,,,,,1,2,3,1,2
200500016629,0005-03-26 15:50:00,5,3,26,15,50,750,4.0,PT CHANGE Q DE GESVRES,,,Plein jour,En agglomération,Intersection en X,Pluie légère,Autre collision,,,,,,,,,,,1,2,2,2,6
200500016630,0005-03-24 11:00:00,5,3,24,11,0,750,14.0,AV GENERAL LECLERC R ALP,,,Plein jour,En agglomération,Intersection en T,Pluie légère,Autre collision,,,,,,,,,,,1,2,3,2,6
200500016631,0005-03-30 12:15:00,5,3,30,12,15,750,5.0,7 QU ST BERNARD,,,Plein jour,En agglomération,Hors intersection,Normale,Autre collision,,,,,,,,,,,1,2,1,1,6
200500016632,0005-03-21 22:26:00,5,3,21,22,26,750,12.0,36 R REUILLY,,,Nuit avec éclairage allumé,En agglomération,Hors intersection,Normale,Deux véhicules - côté,,,,,,,,,,,5,2,1,1,3
200500016633,0005-03-23 09:50:00,5,3,23,9,50,750,7.0,R DE SEVRES R PIERRE LER,,,Plein jour,En agglomération,Intersection en T,Normale,Sans collision,,,,,,,,,,,1,2,3,1,7
200500016634,0005-03-24 11:45:00,5,3,24,11,45,750,7.0,BD SAINT GERMAIN R DE SO,,,Plein jour,En agglomération,Intersection en X,Pluie légère,Deux véhicules - arrière,,,,,,,,,,,1,2,2,2,2
200500016635,0005-03-24 22:45:00,5,3,24,22,45,750,7.0,PL GENERAL GOURAUD AV RA,,,Nuit avec éclairage allumé,En agglomération,Intersection en T,Temps couvert,Deux véhicules - côté,,,,,,,,,,,5,2,3,8,3
200500016636,0005-03-24 11:25:00,5,3,24,11,25,750,8.0,BD MALESHERBES R VILLE L,,,Plein jour,En agglomération,Intersection en Y,Pluie légère,Deux véhicules - côté,,,,,,,,,,,1,2,4,2,3
200500016637,0005-03-24 17:15:00,5,3,24,17,15,750,16.0,PGS HENRI GAILLARD,,,Plein jour,En agglomération,Hors intersection,Normale,Sans collision,,,,,,,,,,,1,2,1,1,7
200500016638,0005-03-24 17:00:00,5,3,24,17,0,750,16.0,104 AV KLEBER,,,Plein jour,En agglomération,Hors intersection,Normale,Deux véhicules - côté,,,,,,,,,,,1,2,1,1,3
200500016639,0005-03-24 10:40:00,5,3,24,10,40,750,17.0,68 AV CLICHY,,,Plein jour,En agglomération,Hors intersection,Pluie légère,Autre collision,,,,,,,,,,,1,2,1,2,6
200500016640,0005-03-25 02:55:00,5,3,25,2,55,750,8.0,VERD PT ALEXANDRE III PT,,,Nuit avec éclairage allumé,En agglomération,Hors intersection,Normale,Autre collision,,,,,,,,,,,5,2,1,1,6
200500016641,0005-03-25 09:00:00,5,3,25,9,0,750,12.0,R FG SAINT ANTOINE R ANT,,,Plein jour,En agglomération,Intersection en T,Normale,Deux véhicules - côté,,,,,,,,,,,1,2,3,1,3
200500016642,0005-03-30 17:40:00,5,3,30,17,40,750,16.0,BD MURAT PL PORTE D AUTE,,,Plein jour,En agglomération,Intersection en X,Pluie légère,Deux véhicules - frontale,,,,,,,,,,,1,2,2,2,1
200500016643,0005-03-31 12:20:00,5,3,31,12,20,750,19.0,SOU VILLETTE,,,Plein jour,En agglomération,Hors intersection,Normale,Deux véhicules - arrière,,,,,,,,,,,1,2,1,1,2
200500016644,0005-03-22 10:30:00,5,3,22,10,30,750,5.0,BD SAINT MARCEL R G SAIN,,,Plein jour,En agglomération,Intersection en T,Pluie légère,Deux véhicules - côté,,,,,,,,,,,1,2,3,2,3
200500016645,0005-03-22 11:46:00,5,3,22,11,46,750,5.0,R MONGE R DAUBENTON,,,Plein jour,En agglomération,Intersection en Y,Pluie légère,Deux véhicules - côté,,,,,,,,,,,1,2,4,2,3
200500016646,0005-03-22 15:10:00,5,3,22,15,10,750,5.0,R JUSSIEU R FOSS ST BERN,,,Plein jour,En agglomération,Intersection en Y,Normale,Deux véhicules - côté,,,,,,,,,,,1,2,4,1,3
200500016647,0005-03-23 15:15:00,5,3,23,15,15,750,5.0,BD SAINT MICHEL R CUJAS,,,Plein jour,En agglomération,Intersection en T,Normale,Autre collision,,,,,,,,,,,1,2,3,1,6
200500016648,0005-03-23 19:10:00,5,3,23,19,10,750,12.0,Q DE LA RAPEE R TRAVERSI,,,Nuit avec éclairage allumé,En agglomération,Intersection en X,Normale,Deux véhicules - arrière,,,,,,,,,,,5,2,2,1,2
200500016649,0005-03-23 08:00:00,5,3,23,8,0,750,18.0,98 R ORDENER,,,Plein jour,En agglomération,Hors intersection,Temps éblouissant,Autre collision,,,,,,,,,,,1,2,1,7,6
200500016650,0005-03-23 11:10:00,5,3,23,11,10,750,18.0,BD NEY R DU POTEAU,,,Plein jour,En agglomération,Intersection en T,Normale,Autre collision,,,,,,,,,,,1,2,3,1,6
200500016651,0005-03-23 09:05:00,5,3,23,9,5,750,18.0,R RIQUET R PAJOL,,,Plein jour,En agglomération,Intersection en X,Normale,Deux véhicules - côté,,,,,,,,,,,1,2,2,1,3
200500016652,0005-03-24 11:50:00,5,3,24,11,50,750,20.0,PL PTE DE MONTREUIL ECH,,,Plein jour,En agglomération,Intersection en T,Pluie légère,Autre collision,,,,,,,,,,,1,2,3,2,6
200500016653,0005-03-24 18:50:00,5,3,24,18,50,750,19.0,108 AV SIMON BOLIVAR,,,Crépuscule ou aube,En agglomération,Hors intersection,Pluie légère,Autre collision,,,,,,,,,,,2,2,1,2,6
200500016654,0005-03-18 02:30:00,5,3,18,2,30,750,19.0,BPE VILLETTE PANTIN,,,Nuit avec éclairage allumé,En agglomération,Hors intersection,Normale,Autre collision,,,,,,,,,,,5,2,1,1,6
200500016655,0005-03-24 11:50:00,5,3,24,11,50,750,1.0,Q DES TUILERIES,,,Plein jour,En agglomération,Hors intersection,Pluie légère,Sans collision,,,,,,,,,,,1,2,1,2,7
200500016656,0005-03-24 21:20:00,5,3,24,21,20,750,3.0,62 R REAUMUR,,,Nuit avec éclairage allumé,En agglomération,Hors intersection,Pluie légère,Autre collision,,,,,,,,,,,5,2,1,2,6
200500016657,0005-03-24 19:25:00,5,3,24,19,25,750,9.0,R DE MAUBEUGE R PIERRE S,,,Nuit avec éclairage allumé,En agglomération,Intersection en Y,Pluie légère,Autre collision,,,,,,,,,,,5,2,4,2,6
200500016658,0005-03-31 17:00:00,5,3,31,17,0,750,6.0,40 BD DU MONTPARNASSE,,,Plein jour,En agglomération,Hors intersection,Normale,Deux véhicules - arrière,,,,,,,,,,,1,2,1,1,2
200500016659,0005-03-31 18:10:00,5,3,31,18,10,750,10.0,240 R FG SAINT MARTIN,,,Plein jour,En agglomération,Hors intersection,Normale,Autre collision,,,,,,,,,,,1,2,1,1,6
200500016660,0005-03-24 19:55:00,5,3,24,19,55,750,12.0,6 BD DE REUILLY,,,Nuit avec éclairage allumé,En agglomération,Hors intersection,Pluie légère,Deux véhicules - arrière,,,,,,,,,,,5,2,1,2,2
200500016661,0005-03-24 12:20:00,5,3,24,12,20,750,12.0,AV DAUMESNIL BD DIDEROT,,,Plein jour,En agglomération,Intersection en X,Pluie légère,Deux véhicules - côté,,,,,,,,,,,1,2,2,2,3
200500016662,0005-03-24 17:10:00,5,3,24,17,10,750,15.0,Q ISSY MOULINEAUX BD GL,,,Plein jour,En agglomération,Intersection en X,Normale,Deux véhicules - côté,,,,,,,,,,,1,2,2,1,3
200500016663,0005-03-24 15:30:00,5,3,24,15,30,750,18.0,R EUGENE CARRIERE R LAMA,,,Plein jour,En agglomération,Intersection en X,Normale,Deux véhicules - côté,,,,,,,,,,,1,2,2,1,3
200500016664,0005-03-25 18:30:00,5,3,25,18,30,750,1.0,AV GEN LEMONNIER R DE RI,,,Plein jour,En agglomération,Intersection en T,Normale,Autre collision,,,,,,,,,,,1,2,3,1,6
200500016665,0005-03-25 09:40:00,5,3,25,9,40,750,10.0,14 R DU CHATEAU D EAU,,,Plein jour,En agglomération,Hors intersection,Normale,Deux véhicules - côté,,,,,,,,,,,1,2,1,1,3
200500016666,0005-03-25 10:10:00,5,3,25,10,10,750,12.0,8 R TH ROUSSEL,,,Plein jour,En agglomération,Hors intersection,Normale,Autre collision,,,,,,,,,,,1,2,1,1,6
200500016667,0005-03-25 11:25:00,5,3,25,11,25,750,12.0,44  R DU SAHEL,,,Plein jour,En agglomération,Hors intersection,Normale,Autre collision,,,,,,,,,,,1,2,1,1,6
200500016668,0005-03-25 16:50:00,5,3,25,16,50,750,13.0,172 AV D ITALIE,,,Plein jour,En agglomération,Hors intersection,Normale,Deux véhicules - côté,,,,,,,,,,,1,2,1,1,3
200500016669,0005-03-25 20:50:00,5,3,25,20,50,750,14.0,16 R D ALESIA,,,Nuit avec éclairage allumé,En agglomération,Hors intersection,Normale,Autre collision,,,,,,,,,,,5,2,1,1,6
200500016670,0005-03-25 14:00:00,5,3,25,14,0,750,16.0,BD MURAT R MOLITOR,,,Plein jour,En agglomération,Intersection en X,Normale,Autre collision,,,,,,,,,,,1,2,2,1,6
200500016671,0005-03-25 15:15:00,5,3,25,15,15,750,18.0,22 R PAJOL,,,Plein jour,En agglomération,Hors intersection,Normale,Deux véhicules - côté,,,,,,,,,,,1,2,1,1,3
200500016672,0005-03-26 11:06:00,5,3,26,11,6,750,12.0,PL FELIX EBOUE AV DAUMES,,,Plein jour,En agglomération,Intersection en T,Normale,Deux véhicules - côté,,,,,,,,,,,1,2,3,1,3
200500016673,0005-03-26 00:20:00,5,3,26,0,20,750,13.0,AV D ITALIE R CAILLAUX,,,Nuit avec éclairage allumé,En agglomération,Intersection en X,Normale,Deux véhicules - arrière,,,,,,,,,,,5,2,2,1,2
200500016674,0005-03-26 23:54:00,5,3,26,23,54,750,14.0,ECH ORLEANS  AV  PORTE D,,,Nuit avec éclairage allumé,En agglomération,Intersection en T,Pluie légère,Deux véhicules - côté,,,,,,,,,,,5,2,3,2,3
200500016675,0005-03-26 14:30:00,5,3,26,14,30,750,14.0,AV DU MAINE R CDT R MOUC,,,Plein jour,En agglomération,Intersection en Y,Normale,Autre collision,,,,,,,,,,,1,2,4,1,6
200500016676,0005-03-25 14:45:00,5,3,25,14,45,750,16.0,PL CH DE GAULLE AV GRAND,,,Plein jour,En agglomération,Intersection en T,Normale,Deux véhicules - côté,,,,,,,,,,,1,2,3,1,3
200500016677,0005-03-26 14:18:00,5,3,26,14,18,750,16.0,22 AV GRANDE ARMEE,,,Plein jour,En agglomération,Hors intersection,Normale,Deux véhicules - côté,,,,,,,,,,,1,2,1,1,3
200500016678,0005-03-26 21:45:00,5,3,26,21,45,750,18.0,R PAJOL R MARC SEGUIN,,,Nuit avec éclairage allumé,En agglomération,Intersection en X,Pluie forte,Deux véhicules - côté,,,,,,,,,,,5,2,2,3,3
200500016679,0005-03-26 20:10:00,5,3,26,20,10,750,18.0,12 R MARX DORMOY,,,Nuit avec éclairage allumé,En agglomération,Hors intersection,Pluie légère,Trois véhicules et plus - en chaîne,,,,,,,,,,,5,2,1,2,4
200500016680,0005-03-26 10:35:00,5,3,26,10,35,750,18.0,R DE CLIGNANCOURT R CUST,,,Plein jour,En agglomération,Intersection en X,Normale,Autre collision,,,,,,,,,,,1,2,2,1,6
200500016681,0005-03-26 18:10:00,5,3,26,18,10,750,19.0,Q DE LA MARNE R DE LA MA,,,Plein jour,En agglomération,Intersection en T,Temps couvert,Autre collision,,,,,,,,,,,1,2,3,8,6
200500016682,0005-03-27 17:10:00,5,3,27,17,10,750,10.0,80 BD MAGENTA,,,Plein jour,En agglomération,Hors intersection,Normale,Autre collision,,,,,,,,,,,1,2,1,1,6
200500016683,0005-03-27 13:15:00,5,3,27,13,15,750,10.0,AV PARMENTIER R DU FG DU,,,Plein jour,En agglomération,Intersection en X,Normale,Deux véhicules - côté,,,,,,,,,,,1,2,2,1,3
200500016684,0005-03-28 01:30:00,5,3,28,1,30,750,9.0,BD HAUSSMANN R LAFFITTE,,,Nuit avec éclairage allumé,En agglomération,Intersection en X,Normale,Deux véhicules - côté,,,,,,,,,,,5,2,2,1,3
200500016685,0005-03-28 13:55:00,5,3,28,13,55,750,12.0,23 ALL VIVALDI,,,Plein jour,En agglomération,Hors intersection,Normale,Deux véhicules - côté,,,,,,,,,,,1,2,1,1,3
200500016686,0005-03-28 20:15:00,5,3,28,20,15,750,14.0,188 R DU CHATEAU,,,Nuit avec éclairage allumé,En agglomération,Hors intersection,Pluie légère,Deux véhicules - côté,,,,,,,,,,,5,2,1,2,3
200500016687,0005-03-28 21:30:00,5,3,28,21,30,750,16.0,18 AV KLEBER,,,Nuit avec éclairage allumé,En agglomération,Hors intersection,Normale,Sans collision,,,,,,,,,,,5,2,1,1,7
200500016688,0005-03-29 13:15:00,5,3,29,13,15,750,18.0,12 R CAULAINCOURT,,,Plein jour,En agglomération,Hors intersection,Normale,Autre collision,,,,,,,,,,,1,2,1,1,6
200500016689,0005-03-29 08:32:00,5,3,29,8,32,750,16.0,AV FOCH PL DU PARAGUAY,,,Plein jour,En agglomération,Intersection en X,Normale,Autre collision,,,,,,,,,,,1,2,2,1,6
200500016690,0005-03-05 23:35:00,5,3,5,23,35,750,16.0,AV DU PDT KENNEDY  PL CL,,,Nuit avec éclairage allumé,En agglomération,Intersection en X,Temps couvert,Deux véhicules - côté,,,,,,,,,,,5,2,2,8,3
200500016691,0005-03-07 20:25:00,5,3,7,20,25,750,13.0,BPI ITALIE GENTILLY,,,Nuit avec éclairage allumé,En agglomération,Hors intersection,Normale,Autre collision,,,,,,,,,,,5,2,1,1,6
200500016692,0005-03-10 07:30:00,5,3,10,7,30,750,20.0,ECH BAGNOLET,,,Plein jour,En agglomération,Hors intersection,Normale,Deux véhicules - arrière,,,,,,,,,,,1,2,1,1,2
200500016693,0005-03-16 20:30:00,5,3,16,20,30,750,16.0,BPI DAUPHINE MAILLOT,,,Nuit avec éclairage allumé,En agglomération,Hors intersection,Normale,Deux véhicules - côté,,,,,,,,,,,5,2,1,1,3
200500016694,0005-03-16 19:35:00,5,3,16,19,35,750,13.0,BPE ITALIE IVRY,,,Nuit avec éclairage allumé,En agglomération,Hors intersection,Normale,Deux véhicules - côté,,,,,,,,,,,5,2,1,1,3
200500016695,0005-03-17 17:55:00,5,3,17,17,55,750,16.0,BPI MUETTE DAUPHINE,,,Plein jour,En agglomération,Hors intersection,Normale,Deux véhicules - côté,,,,,,,,,,,1,2,1,1,3
200500016696,0005-03-18 07:00:00,5,3,18,7,0,750,13.0,BPE IVRY BERCY ECH IVRY,,,Plein jour,En agglomération,Intersection en Y,Normale,Autre collision,,,,,,,,,,,1,2,4,1,6
200500016697,0005-03-20 15:40:00,5,3,20,15,40,750,13.0,BPE GENTILLY ITALIE,,,Plein jour,En agglomération,Hors intersection,Normale,Trois véhicules et plus - en chaîne,,,,,,,,,,,1,2,1,1,4
200500016698,0005-03-22 09:04:00,5,3,22,9,4,750,17.0,188 AV DE CLICHY,,,Plein jour,En agglomération,Hors intersection,Normale,Autre collision,,,,,,,,,,,1,2,1,1,6
200500016699,0005-03-23 21:30:00,5,3,23,21,30,750,17.0,R GUY MOQUET R DES MOINE,,,Nuit avec éclairage allumé,En agglomération,Intersection en X,Normale,Autre collision,,,,,,,,,,,5,2,2,1,6
200500016700,0005-03-24 19:00:00,5,3,24,19,0,750,5.0,R CARDINAL LEMOINE BD SA,,,Nuit avec éclairage allumé,En agglomération,Intersection en X,Pluie légère,Deux véhicules - côté,,,,,,,,,,,5,2,2,2,3
200500016701,0005-03-25 19:40:00,5,3,25,19,40,750,5.0,14 BD SAINT MARCEL,,,Nuit avec éclairage allumé,En agglomération,Hors intersection,Normale,Deux véhicules - côté,,,,,,,,,,,5,2,1,1,3
200500016702,0005-03-24 10:14:00,5,3,24,10,14,750,5.0,84 BD SAINT MARCEL,,,Plein jour,En agglomération,Hors intersection,Normale,Autre collision,,,,,,,,,,,1,2,1,1,6
200500016703,0005-03-25 17:40:00,5,3,25,17,40,750,15.0,26 R DE VOUILLE R BRANCI,,,Plein jour,En agglomération,Intersection en X,Normale,Autre collision,,,,,,,,,,,1,2,2,1,6
200500016704,0005-03-25 07:35:00,5,3,25,7,35,750,17.0,BD BESSIERES R GENERAL H,,,Plein jour,En agglomération,Intersection en T,Normale,Deux véhicules - côté,,,,,,,,,,,1,2,3,1,3
200500016705,0005-03-25 17:30:00,5,3,25,17,30,750,17.0,AV DE VILLIERS BD MALESH,,,Plein jour,En agglomération,Intersection en X,Normale,Deux véhicules - côté,,,,,,,,,,,1,2,2,1,3
200500016706,0005-03-25 20:20:00,5,3,25,20,20,750,7.0,AV LA BOURDONNAIS Q BRAN,,,Nuit avec éclairage allumé,En agglomération,Intersection en T,Normale,Deux véhicules - côté,,,,,,,,,,,5,2,3,1,3
200500016707,0005-03-25 22:00:00,5,3,25,22,0,750,8.0,12 AV MONTAIGNE,,,Nuit avec éclairage allumé,En agglomération,Hors intersection,Normale,Autre collision,,,,,,,,,,,5,2,1,1,6
200500016708,0005-03-26 22:20:00,5,3,26,22,20,750,8.0,70 R LA BOETIE,,,Nuit avec éclairage allumé,En agglomération,Hors intersection,Pluie légère,Deux véhicules - arrière,,,,,,,,,,,5,2,1,2,2
200500016709,0005-03-24 19:15:00,5,3,24,19,15,750,13.0,BD ARAGO AV DES GOBELINS,,,Nuit avec éclairage allumé,En agglomération,Intersection en Y,Normale,Autre collision,,,,,,,,,,,5,2,4,1,6
200500016710,0005-03-26 23:40:00,5,3,26,23,40,750,13.0,10 PL D ITALIE,,,Nuit avec éclairage allumé,En agglomération,Hors intersection,Pluie légère,Deux véhicules - arrière,,,,,,,,,,,5,2,1,2,2
200500016711,0005-03-26 14:05:00,5,3,26,14,5,750,15.0,208 R CROIX NIVERT,,,Plein jour,En agglomération,Hors intersection,Normale,Autre collision,,,,,,,,,,,1,2,1,1,6
200500016712,0005-03-27 06:40:00,5,3,27,6,40,750,17.0,BPI ASNIERES CLICHY,,,Plein jour,En agglomération,Hors intersection,Normale,Autre collision,,,,,,,,,,,1,2,1,1,6
200500016713,0005-03-27 01:20:00,5,3,27,1,20,750,8.0,10 AV MYRON HERRICK,,,Nuit avec éclairage allumé,En agglomération,Hors intersection,Pluie légère,Autre collision,,,,,,,,,,,5,2,1,2,6
200500016714,0005-03-27 19:25:00,5,3,27,19,25,750,11.0,PL LEON BLUM BD VOLTAIRE,,,Plein jour,En agglomération,Intersection en T,Normale,Deux véhicules - côté,,,,,,,,,,,1,2,3,1,3
200500016715,0005-03-27 01:00:00,5,3,27,1,0,750,17.0,R GUY MOQUET AV DE SAINT,,,Nuit avec éclairage allumé,En agglomération,Intersection en X,Normale,Autre collision,,,,,,,,,,,5,2,2,1,6
200500016716,0005-03-27 00:20:00,5,3,27,0,20,750,17.0,6 AV DE CLICHY,,,Nuit avec éclairage allumé,En agglomération,Hors intersection,Pluie légère,Sans collision,,,,,,,,,,,5,2,1,2,7
200500016717,0005-03-29 10:05:00,5,3,29,10,5,750,3.0,94 BD BEAUMARCHAIS,,,Plein jour,En agglomération,Hors intersection,Normale,Autre collision,,,,,,,,,,,1,2,1,1,6
200500016718,0005-03-29 18:10:00,5,3,29,18,10,750,9.0,5 BD DE CLICHY,,,Plein jour,En agglomération,Hors intersection,Pluie légère,Deux véhicules - côté,,,,,,,,,,,1,2,1,2,3
200500016719,0005-03-29 15:15:00,5,3,29,15,15,750,9.0,34 R LA FAYETTE,,,Plein jour,En agglomération,Hors intersection,Normale,Deux véhicules - côté,,,,,,,,,,,1,2,1,1,3