accident_id,datetime,annee,mois,jour,heure,minute,departement,commune_insee,adresse,latitude,longitude,luminosite,agglomeration,intersection,meteo,collision,nb_vehicules,nb_usagers,nb_indemnes,nb_tues,nb_blesses_hosp,nb_blesses_legers,age_cond_1,age_cond_2,veh_type_cond_1,veh_type_cond_2,lum_code,agg_code,int_code,atm_code,col_code
200500016850,0005-03-30 15:10:00,5,3,30,15,10,760,410.0,MARTYRS DE LA RESISTANCE,,,Plein jour,En agglomération,Hors intersection,Normale,Trois véhicules et plus - collisions multiples,,,,,,,,,,,1,2,1,1,5
200500016851,0005-03-30 07:40:00,5,3,30,7,40,760,681.0,"1, CAVAIGNAC. RUE GODEFR",,,Plein jour,En agglomération,Intersection en T,Normale,Deux véhicules - côté,,,,,,,,,,,1,2,3,1,3
200500016852,0005-03-21 21:50:00,5,3,21,21,50,770,307.0,RN34,,,Nuit avec éclairage allumé,En agglomération,Intersection en X,Normale,Deux véhicules - arrière,,,,,,,,,,,5,2,2,1,2
200500016853,0005-03-26 18:50:00,5,3,26,18,50,770,18.0,GOLFS,,,Plein jour,En agglomération,Hors intersection,Temps couvert,Trois véhicules et plus - collisions multiples,,,,,,,,,,,1,2,1,8,5
200500016854,0005-03-27 18:30:00,5,3,27,18,30,770,111.0,GRAND FOSSE ( BOULEVARD,,,Plein jour,En agglomération,Hors intersection,Normale,Sans collision,,,,,,,,,,,1,2,1,1,7
200500016855,0005-03-04 12:05:00,5,3,4,12,5,770,320.0,GENERAL DE GAULLE (AVENU,,,Plein jour,En agglomération,Autre intersection,Temps couvert,Autre collision,,,,,,,,,,,1,2,9,8,6
200500016856,0005-03-21 16:10:00,5,3,21,16,10,770,131.0,"29, Promenade du Bord de",,,Plein jour,En agglomération,Hors intersection,Normale,Deux véhicules - côté,,,,,,,,,,,1,2,1,1,3
200500016857,0005-03-25 12:30:00,5,3,25,12,30,770,320.0,GENERAL DE GAULLE (AVENU,,,Plein jour,En agglomération,Hors intersection,Normale,Deux véhicules - côté,,,,,,,,,,,1,2,1,1,3
200500016858,0005-03-02 17:11:00,5,3,2,17,11,770,518.0,"53, OLIVIERI(RUE A.)",,,Plein jour,En agglomération,Hors intersection,Pluie légère,Autre collision,,,,,,,,,,,1,2,1,2,6
200500016859,0005-03-17 16:00:00,5,3,17,16,0,770,152.0,DEPARTEMENTALE 142,,,Plein jour,En agglomération,Hors intersection,Normale,Autre collision,,,,,,,,,,,1,2,1,1,6
200500016860,0005-03-05 15:56:00,5,3,5,15,56,770,186.0,d301 de chantoiseau /gra,,,Plein jour,En agglomération,Hors intersection,Neige / grêle,Autre collision,,,,,,,,,,,1,2,1,4,6
200500016861,0005-03-27 19:30:00,5,3,27,19,30,770,186.0,RN7 de Barbizon à pavé d,,,Plein jour,En agglomération,Hors intersection,Normale,Sans collision,,,,,,,,,,,1,2,1,1,7
200500016862,0005-03-26 12:10:00,5,3,26,12,10,770,14.0,"00, ANTOINE CLERICY (RUE",,,Plein jour,En agglomération,Intersection à plus de 4 branches,Pluie légère,Deux véhicules - côté,,,,,,,,,,,1,2,5,2,3
200500016863,0005-03-06 19:55:00,5,3,6,19,55,770,284.0,SENLIS (RUE DE),,,Nuit avec éclairage allumé,En agglomération,Hors intersection,Normale,Deux véhicules - côté,,,,,,,,,,,5,2,1,1,3
200500016864,0005-03-07 08:50:00,5,3,7,8,50,770,284.0,"37, ALLENDE (AV.SALVADOR",,,Plein jour,En agglomération,Hors intersection,Normale,Trois véhicules et plus - en chaîne,,,,,,,,,,,1,2,1,1,4
200500016865,0005-03-07 15:55:00,5,3,7,15,55,770,284.0,CORNILLON (RUE),,,Plein jour,En agglomération,Hors intersection,Normale,Trois véhicules et plus - en chaîne,,,,,,,,,,,1,2,1,1,4
200500016866,0005-03-08 16:40:00,5,3,8,16,40,770,475.0,JOFFRE (RUE DU MAL.),,,Plein jour,En agglomération,Hors intersection,Normale,Deux véhicules - côté,,,,,,,,,,,1,2,1,1,3
200500016867,0005-03-16 16:35:00,5,3,16,16,35,770,284.0,VICTOIRE (AV.DE LA),,,Plein jour,En agglomération,Hors intersection,Normale,Deux véhicules - arrière,,,,,,,,,,,1,2,1,1,2
200500016868,0005-03-17 20:20:00,5,3,17,20,20,770,143.0,"20, HENRI DUFLOCQ (AVENU",,,Nuit avec éclairage allumé,En agglomération,Hors intersection,Normale,Deux véhicules - arrière,,,,,,,,,,,5,2,1,1,2
200500016869,0005-03-18 20:55:00,5,3,18,20,55,770,284.0,"12, SADI-CARNOT (QUAI)",,,Nuit avec éclairage allumé,En agglomération,Hors intersection,Normale,Autre collision,,,,,,,,,,,5,2,1,1,6
200500016870,0005-03-21 08:35:00,5,3,21,8,35,770,284.0,"38, FOCH (AVENUE DU ML.)",,,Plein jour,En agglomération,Hors intersection,Normale,Autre collision,,,,,,,,,,,1,2,1,1,6
200500016871,0005-03-25 09:55:00,5,3,25,9,55,770,284.0,"4, MADAME DASSY (RUE)",,,Plein jour,En agglomération,Hors intersection,Temps couvert,Deux véhicules - arrière,,,,,,,,,,,1,2,1,8,2
200500016872,0005-03-25 16:15:00,5,3,25,16,15,770,276.0,MONTAUBANS (RUE DES),,,Plein jour,En agglomération,Hors intersection,Normale,Autre collision,,,,,,,,,,,1,2,1,1,6
200500016873,0005-03-26 19:55:00,5,3,26,19,55,770,284.0,ALLENDE (AV.SALVADOR),,,Nuit avec éclairage allumé,En agglomération,Hors intersection,Normale,Deux véhicules - arrière,,,,,,,,,,,5,2,1,1,2
200500016874,0005-03-27 09:50:00,5,3,27,9,50,770,335.0,RN3 (ROUTE NATIONALE),,,Plein jour,En agglomération,Hors intersection,Normale,Deux véhicules - frontale,,,,,,,,,,,1,2,1,1,1
200500016875,0005-03-29 21:00:00,5,3,29,21,0,770,284.0,"39, ALLENDE (AV.SALVADOR",,,Crépuscule ou aube,En agglomération,Hors intersection,Normale,Autre collision,,,,,,,,,,,2,2,1,1,6
200500016876,0005-03-31 12:35:00,5,3,31,12,35,770,284.0,ROOSEVELT (AV.DU PDT),,,Plein jour,En agglomération,Hors intersection,Normale,Autre collision,,,,,,,,,,,1,2,1,1,6
200500016877,0005-03-14 05:50:00,5,3,14,5,50,770,285.0,D.39,,,Nuit sans éclairage public,En agglomération,Hors intersection,Normale,Trois véhicules et plus - collisions multiples,,,,,,,,,,,3,2,1,1,5
200500016878,0005-03-16 16:35:00,5,3,16,16,35,770,528.0,"12, VERNOIS (IMPASSE DU)",,,Plein jour,En agglomération,Hors intersection,Normale,Deux véhicules - côté,,,,,,,,,,,1,2,1,1,3
200500016879,0005-03-21 16:25:00,5,3,21,16,25,770,288.0,"10, LOUIS BEAUNIER (RUE)",,,Plein jour,En agglomération,Hors intersection,Normale,Autre collision,,,,,,,,,,,1,2,1,1,6
200500016880,0005-03-01 11:25:00,5,3,1,11,25,770,123.0,SAINT EXUPERY (RUE),,,Plein jour,En agglomération,Hors intersection,Normale,Sans collision,,,,,,,,,,,1,2,1,1,7
200500016881,0005-03-10 13:39:00,5,3,10,13,39,770,294.0,JEAN BAPTISTE CLEMENT (A,,,Plein jour,En agglomération,Hors intersection,Normale,Deux véhicules - côté,,,,,,,,,,,1,2,1,1,3
200500016882,0005-03-25 08:15:00,5,3,25,8,15,770,462.0,RD 9,,,Plein jour,En agglomération,Hors intersection,Brouillard / fumée,Trois véhicules et plus - en chaîne,,,,,,,,,,,1,2,1,5,4
200500016883,0005-03-29 13:05:00,5,3,29,13,5,770,294.0,VILLEPARISIS (RUE),,,Plein jour,En agglomération,Intersection en X,Normale,Deux véhicules - frontale,,,,,,,,,,,1,2,2,1,1
200500016884,0005-03-18 08:20:00,5,3,18,8,20,770,251.0,D471,,,Plein jour,En agglomération,Hors intersection,Brouillard / fumée,Trois véhicules et plus - en chaîne,,,,,,,,,,,1,2,1,5,4
200500016885,0005-03-29 10:50:00,5,3,29,10,50,770,251.0,GENERAL LECLERC (RUE DU),,,Plein jour,En agglomération,Intersection en X,Normale,Deux véhicules - côté,,,,,,,,,,,1,2,2,1,3
200500016886,0005-03-19 02:35:00,5,3,19,2,35,770,61.0,RN 6 (SECTEUR CANNES ECL,,,Nuit sans éclairage public,En agglomération,Hors intersection,Brouillard / fumée,Deux véhicules - frontale,,,,,,,,,,,3,2,1,5,1
200500016887,0005-03-25 11:47:00,5,3,25,11,47,770,409.0,CLOMARTS (RUE DES),,,Plein jour,En agglomération,Hors intersection,Normale,Trois véhicules et plus - en chaîne,,,,,,,,,,,1,2,1,1,4
200500016888,0005-03-30 21:10:00,5,3,30,21,10,770,409.0,RN105,,,Nuit avec éclairage allumé,En agglomération,Intersection en X,Normale,Deux véhicules - côté,,,,,,,,,,,5,2,2,1,3
200500016889,0005-03-07 12:15:00,5,3,7,12,15,770,494.0,CD 210,,,Plein jour,En agglomération,Hors intersection,Normale,Autre collision,,,,,,,,,,,1,2,1,1,6
200500016890,0005-03-10 05:15:00,5,3,10,5,15,770,431.0,"09, CARNOT (AVENUE N° IM",,,Nuit avec éclairage allumé,En agglomération,Hors intersection,Normale,Deux véhicules - arrière,,,,,,,,,,,5,2,1,1,2
200500016891,0005-03-19 05:35:00,5,3,19,5,35,770,458.0,"138, MARECHAL LECLERC (A",,,Crépuscule ou aube,En agglomération,Hors intersection,Brouillard / fumée,Autre collision,,,,,,,,,,,2,2,1,5,6
200500016892,0005-03-21 13:20:00,5,3,21,13,20,770,333.0,"0, CHERELLES (RUE DES)",,,Plein jour,En agglomération,Hors intersection,Normale,Autre collision,,,,,,,,,,,1,2,1,1,6
200500016893,0005-03-08 14:55:00,5,3,8,14,55,770,337.0,CANTINES (CARREFOUR DES),,,Plein jour,En agglomération,Hors intersection,Normale,Autre collision,,,,,,,,,,,1,2,1,1,6
200500016894,0005-03-11 22:40:00,5,3,11,22,40,770,337.0,VALMY (RUE DE),,,Nuit avec éclairage allumé,En agglomération,Intersection en X,Normale,Autre collision,,,,,,,,,,,5,2,2,1,6
200500016895,0005-03-18 14:45:00,5,3,18,14,45,770,337.0,BOIS (GRANDE ALLEE DES),,,Plein jour,En agglomération,Hors intersection,Normale,Autre collision,,,,,,,,,,,1,2,1,1,6
200500016896,0005-03-22 17:45:00,5,3,22,17,45,770,337.0,SOUBRIARDE (AVENUE DE LA,,,Plein jour,En agglomération,Hors intersection,Normale,Deux véhicules - arrière,,,,,,,,,,,1,2,1,1,2
200500016897,0005-03-25 18:55:00,5,3,25,18,55,770,83.0,PARIS (RUE DE),,,Plein jour,En agglomération,Hors intersection,Normale,Autre collision,,,,,,,,,,,1,2,1,1,6
200500016898,0005-03-04 18:45:00,5,3,4,18,45,770,373.0,CD 51,,,Nuit avec éclairage allumé,En agglomération,Hors intersection,Neige / grêle,Autre collision,,,,,,,,,,,5,2,1,4,6
200500016899,0005-03-23 06:40:00,5,3,23,6,40,770,373.0,"28, CHARLES ROUXEL (AVEN",,,Crépuscule ou aube,En agglomération,Hors intersection,Normale,Autre collision,,,,,,,,,,,2,2,1,1,6
200500016900,0005-03-06 14:45:00,5,3,6,14,45,770,379.0,BARREAU SAINT AYOUL,,,Plein jour,En agglomération,Intersection en T,Normale,Deux véhicules - frontale,,,,,,,,,,,1,2,3,1,1
200500016901,0005-03-07 14:55:00,5,3,7,14,55,770,118.0,"2, MARECHAL JOFFRE (RUE",,,Plein jour,En agglomération,Hors intersection,Normale,Deux véhicules - arrière,,,,,,,,,,,1,2,1,1,2
200500016902,0005-03-17 18:11:00,5,3,17,18,11,770,514.0,DEPARTEMENTAL 84 (ROUTE),,,Plein jour,En agglomération,Autre intersection,Normale,Deux véhicules - côté,,,,,,,,,,,1,2,9,1,3
200500016903,0005-03-22 09:55:00,5,3,22,9,55,770,118.0,"86, JEAN JAURES (RUE)",,,Plein jour,En agglomération,Hors intersection,Temps couvert,Autre collision,,,,,,,,,,,1,2,1,8,6
200500016904,0005-03-25 12:05:00,5,3,25,12,5,780,126.0,"08, DE GAULLE CHARLES (A",,,Plein jour,En agglomération,Hors intersection,Normale,Autre collision,,,,,,,,,,,1,2,1,1,6
200500016905,0005-03-18 11:30:00,5,3,18,11,30,780,126.0,ROUTE NATIONALE 186,,,Plein jour,En agglomération,Hors intersection,Normale,Deux véhicules - arrière,,,,,,,,,,,1,2,1,1,2
200500016906,0005-03-14 11:25:00,5,3,14,11,25,780,382.0,"07, GAILLON (CHEMIN DE)",,,Plein jour,En agglomération,Hors intersection,Normale,Sans collision,,,,,,,,,,,1,2,1,1,7
200500016907,0005-03-29 11:40:00,5,3,29,11,40,780,382.0,RN 184,,,Plein jour,En agglomération,Autre intersection,Normale,Sans collision,,,,,,,,,,,1,2,9,1,7
200500016908,0005-03-28 19:40:00,5,3,28,19,40,780,382.0,"0,00, CARNOT (AVENUE)",,,Plein jour,En agglomération,Intersection en X,Normale,Deux véhicules - côté,,,,,,,,,,,1,2,2,1,3
200500016909,0005-03-27 12:55:00,5,3,27,12,55,780,382.0,"80, CARNOT (AVENUE)",,,Plein jour,En agglomération,Hors intersection,Temps couvert,Sans collision,,,,,,,,,,,1,2,1,8,7
200500016910,0005-03-18 12:30:00,5,3,18,12,30,780,382.0,"87, CARNOT (AVENUE)",,,Plein jour,En agglomération,Hors intersection,Normale,Sans collision,,,,,,,,,,,1,2,1,1,7
200500016911,0005-03-16 08:55:00,5,3,16,8,55,780,382.0,RN 184,,,Plein jour,En agglomération,Intersection en X,Normale,Deux véhicules - côté,,,,,,,,,,,1,2,2,1,3
200500016912,0005-03-05 13:05:00,5,3,5,13,5,780,382.0,"0,00, RN 184",,,Plein jour,En agglomération,Hors intersection,Neige / grêle,Autre collision,,,,,,,,,,,1,2,1,4,6
200500016913,0005-03-05 21:45:00,5,3,5,21,45,780,382.0,"19, CRAPOTTE (RUE ARNOUL",,,Nuit avec éclairage allumé,En agglomération,Hors intersection,Pluie légère,Sans collision,,,,,,,,,,,5,2,1,2,7
200500016914,0005-03-07 13:45:00,5,3,7,13,45,780,382.0,"0,00, DESVIGNES (RUE LOU",,,Plein jour,En agglomération,Intersection en X,Normale,Deux véhicules - côté,,,,,,,,,,,1,2,2,1,3
200500016915,0005-03-12 14:50:00,5,3,12,14,50,780,15.0,RD 55,,,Plein jour,En agglomération,Hors intersection,Normale,Deux véhicules - côté,,,,,,,,,,,1,2,1,1,3
200500016916,0005-03-11 01:05:00,5,3,11,1,5,780,5.0,RD 30,,,Nuit avec éclairage allumé,En agglomération,Hors intersection,Normale,Sans collision,,,,,,,,,,,5,2,1,1,7
200500016917,0005-03-01 14:20:00,5,3,1,14,20,780,168.0,NATIONALE 10 (ROUTE),,,Plein jour,En agglomération,Intersection en X,Normale,Deux véhicules - arrière,,,,,,,,,,,1,2,2,1,2
200500016918,0005-03-06 12:50:00,5,3,6,12,50,780,168.0,"Indét, PONT D'AULNEAU (R",,,Plein jour,En agglomération,Hors intersection,Normale,Sans collision,,,,,,,,,,,1,2,1,1,7
200500016919,0005-03-04 16:50:00,5,3,4,16,50,780,490.0,"Indét, DIX NEUF MARS 62",,,Plein jour,En agglomération,Intersection en X,Neige / grêle,Deux véhicules - côté,,,,,,,,,,,1,2,2,4,3
200500016920,0005-03-18 13:45:00,5,3,18,13,45,780,208.0,"INDETER, ARAGO (RUE FRAN",,,Nuit avec éclairage non allumé,En agglomération,Hors intersection,Normale,Deux véhicules - arrière,,,,,,,,,,,4,2,1,1,2
200500016921,0005-03-28 13:35:00,5,3,28,13,35,780,208.0,DASSAULT (AVENUE MARCEL),,,Nuit avec éclairage non allumé,En agglomération,Intersection en X,Pluie légère,Deux véhicules - côté,,,,,,,,,,,4,2,2,2,3
200500016922,0005-03-31 05:40:00,5,3,31,5,40,780,168.0,"Indét, MESNIL ST DENIS (",,,Nuit sans éclairage public,En agglomération,Hors intersection,Normale,Deux véhicules - frontale,,,,,,,,,,,3,2,1,1,1
200500016923,0005-03-12 14:25:00,5,3,12,14,25,780,383.0,"Indét, RHIN (BOULEVARD D",,,Plein jour,En agglomération,Giratoire,Normale,Sans collision,,,,,,,,,,,1,2,6,1,7
200500016924,0005-03-09 11:55:00,5,3,9,11,55,780,423.0,LECLERC (AVENUE DU  GENE,,,Plein jour,En agglomération,Hors intersection,Neige / grêle,Deux véhicules - arrière,,,,,,,,,,,1,2,1,4,2
200500016925,0005-03-18 16:40:00,5,3,18,16,40,780,297.0,GRAVIERS (RUE DES),,,Plein jour,En agglomération,Intersection en T,Normale,Deux véhicules - côté,,,,,,,,,,,1,2,3,1,3
200500016926,0005-03-12 09:35:00,5,3,12,9,35,780,358.0,"03, DIGUE (RUE DE LA)",,,Plein jour,En agglomération,Autre intersection,Normale,Deux véhicules - côté,,,,,,,,,,,1,2,9,1,3
200500016927,0005-03-25 21:00:00,5,3,25,21,0,780,267.0,AVENUE DE PARIS,,,Nuit avec éclairage allumé,En agglomération,Intersection en X,Normale,Deux véhicules - côté,,,,,,,,,,,5,2,2,1,3
200500016928,0005-03-13 15:50:00,5,3,13,15,50,780,350.0,VERSAILLES (ROUTE DE),,,Plein jour,En agglomération,Hors intersection,Normale,Deux véhicules - arrière,,,,,,,,,,,1,2,1,1,2
200500016929,0005-03-18 17:10:00,5,3,18,17,10,780,350.0,COEUR VOLANT (CHEMIN DU),,,Plein jour,En agglomération,Autre intersection,Normale,Autre collision,,,,,,,,,,,1,2,9,1,6
200500016930,0005-03-19 05:00:00,5,3,19,5,0,780,350.0,VERSAILLES (ROUTE DE),,,Nuit avec éclairage allumé,En agglomération,Hors intersection,Brouillard / fumée,Deux véhicules - arrière,,,,,,,,,,,5,2,1,5,2
200500016931,0005-03-23 17:10:00,5,3,23,17,10,780,372.0,"01, PAUL LEPLAT (RUE)",,,Plein jour,En agglomération,Hors intersection,Normale,Autre collision,,,,,,,,,,,1,2,1,1,6
200500016932,0005-03-08 14:09:00,5,3,8,14,9,780,440.0,PAUL RAOULT (AVENUE),,,Plein jour,En agglomération,Intersection en X,Normale,Deux véhicules - arrière,,,,,,,,,,,1,2,2,1,2
200500016933,0005-03-08 10:30:00,5,3,8,10,30,780,238.0,CD 14,,,Crépuscule ou aube,En agglomération,Hors intersection,Normale,Deux véhicules - côté,,,,,,,,,,,2,2,1,1,3
200500016934,0005-03-07 08:10:00,5,3,7,8,10,780,401.0,AULNES (AVENUE DES),,,Plein jour,En agglomération,Hors intersection,Normale,Deux véhicules - côté,,,,,,,,,,,1,2,1,1,3
200500016935,0005-03-03 17:00:00,5,3,3,17,0,780,29.0,BAZEMONT (RUE DE),,,Plein jour,En agglomération,Hors intersection,Pluie légère,Deux véhicules - frontale,,,,,,,,,,,1,2,1,2,1
200500016936,0005-03-09 13:40:00,5,3,9,13,40,780,440.0,SALVADOR ALLENDE (RUE),,,Plein jour,En agglomération,Hors intersection,Normale,Autre collision,,,,,,,,,,,1,2,1,1,6
200500016937,0005-03-12 14:35:00,5,3,12,14,35,780,401.0,ALBERT JOLY (QUAI),,,Plein jour,En agglomération,Intersection en X,Normale,Deux véhicules - côté,,,,,,,,,,,1,2,2,1,3
200500016938,0005-03-20 18:25:00,5,3,20,18,25,780,29.0,CD 113,,,Plein jour,En agglomération,Intersection en Y,Normale,Deux véhicules - arrière,,,,,,,,,,,1,2,4,1,2
200500016939,0005-03-23 16:00:00,5,3,23,16,0,780,440.0,GIROFLÉES (ALLEE DES),,,Plein jour,En agglomération,Hors intersection,Normale,Deux véhicules - frontale,,,,,,,,,,,1,2,1,1,1
200500016940,0005-03-28 22:25:00,5,3,28,22,25,780,238.0,C.C. CARREFOUR FLINS,,,Nuit avec éclairage allumé,En agglomération,Intersection en Y,Normale,Autre collision,,,,,,,,,,,5,2,4,1,6
200500016941,0005-03-24 17:20:00,5,3,24,17,20,780,440.0,MARYSE BASTIE (RUE),,,Plein jour,En agglomération,Hors intersection,Normale,Autre collision,,,,,,,,,,,1,2,1,1,6
200500016942,0005-03-31 16:17:00,5,3,31,16,17,780,401.0,PONTOISE (ROUTE DE ),,,Plein jour,En agglomération,Hors intersection,Normale,Autre collision,,,,,,,,,,,1,2,1,1,6
200500016943,0005-03-31 16:59:00,5,3,31,16,59,780,440.0,ILE DE FRANCE (ALLEE DE,,,Plein jour,En agglomération,Hors intersection,Normale,Autre collision,,,,,,,,,,,1,2,1,1,6
200500016944,0005-03-02 11:45:00,5,3,2,11,45,780,123.0,REINE BLANCHE RUE,,,Plein jour,En agglomération,Hors intersection,Normale,Deux véhicules - côté,,,,,,,,,,,1,2,1,1,3
200500016945,0005-03-07 21:50:00,5,3,7,21,50,780,642.0,MEULAN ROUTE DE CD154,,,Nuit avec éclairage allumé,En agglomération,Intersection en T,Normale,Deux véhicules - côté,,,,,,,,,,,5,2,3,1,3
200500016946,0005-03-27 20:15:00,5,3,27,20,15,780,642.0,"16, MALRAUX BD ANDRE",,,Crépuscule ou aube,En agglomération,Hors intersection,Normale,Deux véhicules - arrière,,,,,,,,,,,2,2,1,1,2
200500016947,0005-03-24 18:25:00,5,3,24,18,25,780,498.0,"18, CASTILLE AV BLANCHE",,,Nuit avec éclairage allumé,En agglomération,Hors intersection,Normale,Autre collision,,,,,,,,,,,5,2,1,1,6
200500016948,0005-03-25 08:40:00,5,3,25,8,40,780,624.0,CHAPELLE RUE CD2,,,Plein jour,En agglomération,Hors intersection,Pluie légère,Deux véhicules - arrière,,,,,,,,,,,1,2,1,2,2
200500016949,0005-03-25 17:00:00,5,3,25,17,0,780,384.0,BOIS DE MEDAN (ROUTE DU),,,Plein jour,En agglomération,Autre intersection,Normale,Autre collision,,,,,,,,,,,1,2,9,1,6
200500016950,0005-03-08 14:35:00,5,3,8,14,35,780,486.0,RN 10,,,Plein jour,En agglomération,Hors intersection,Temps couvert,Deux véhicules - arrière,,,,,,,,,,,1,2,1,8,2
200500016951,0005-03-09 17:50:00,5,3,9,17,50,780,220.0,DE GAULLE,,,Plein jour,En agglomération,Intersection en T,Normale,Deux véhicules - côté,,,,,,,,,,,1,2,3,1,3
200500016952,0005-03-10 20:54:00,5,3,10,20,54,780,517.0,"49, DE GAULLE (RUE DU GE",,,Nuit avec éclairage allumé,En agglomération,Hors intersection,Normale,Sans collision,,,,,,,,,,,5,2,1,1,7
200500016953,0005-03-17 15:15:00,5,3,17,15,15,780,269.0,D 906,,,Plein jour,En agglomération,Intersection en X,Normale,Deux véhicules - côté,,,,,,,,,,,1,2,2,1,3
200500016954,0005-03-29 18:15:00,5,3,29,18,15,780,220.0,RN 10,,,Plein jour,En agglomération,Hors intersection,Normale,Trois véhicules et plus - en chaîne,,,,,,,,,,,1,2,1,1,4
200500016955,0005-03-22 12:25:00,5,3,22,12,25,780,517.0,"88, LOUVIERE (RUE DE LA)",,,Plein jour,En agglomération,Hors intersection,Normale,Sans collision,,,,,,,,,,,1,2,1,1,7
200500016956,0005-03-17 18:45:00,5,3,17,18,45,780,73.0,LAENNEC (RUE),,,Plein jour,En agglomération,Hors intersection,Normale,Autre collision,,,,,,,,,,,1,2,1,1,6
200500016957,0005-03-23 12:55:00,5,3,23,12,55,780,165.0,VIGNES (CHEMIN DES),,,Plein jour,En agglomération,Hors intersection,Normale,Autre collision,,,,,,,,,,,1,2,1,1,6
200500016958,0005-03-05 09:20:00,5,3,5,9,20,780,481.0,GENERAL LECLERC (AVENUE,,,Plein jour,En agglomération,Hors intersection,Normale,Deux véhicules - arrière,,,,,,,,,,,1,2,1,1,2
200500016959,0005-03-07 12:00:00,5,3,7,12,0,780,481.0,LOGES (AVENUE DES),,,Plein jour,En agglomération,Hors intersection,Normale,Sans collision,,,,,,,,,,,1,2,1,1,7
200500016960,0005-03-15 09:15:00,5,3,15,9,15,780,481.0,MARECHAL DE LATTRE DE TA,,,Plein jour,En agglomération,Hors intersection,Normale,Deux véhicules - côté,,,,,,,,,,,1,2,1,1,3
200500016961,0005-03-16 17:55:00,5,3,16,17,55,780,551.0,RN 184,,,Plein jour,En agglomération,Hors intersection,Normale,Deux véhicules - côté,,,,,,,,,,,1,2,1,1,3
200500016962,0005-03-17 19:55:00,5,3,17,19,55,780,481.0,"3, VOLTAIRE (QUAI)",,,Crépuscule ou aube,En agglomération,Hors intersection,Normale,Sans collision,,,,,,,,,,,2,2,1,1,7
200500016963,0005-03-19 16:55:00,5,3,19,16,55,780,481.0,"34, PONTOISE (DE)",,,Plein jour,En agglomération,Hors intersection,Normale,Autre collision,,,,,,,,,,,1,2,1,1,6
200500016964,0005-03-20 04:45:00,5,3,20,4,45,780,251.0,CD 98 (CH.DEPARTEMENTAL),,,Nuit avec éclairage allumé,En agglomération,Giratoire,Normale,Sans collision,,,,,,,,,,,5,2,6,1,7
200500016965,0005-03-21 20:05:00,5,3,21,20,5,780,251.0,RN 13,,,Nuit avec éclairage allumé,En agglomération,Intersection à plus de 4 branches,Normale,Deux véhicules - côté,,,,,,,,,,,5,2,5,1,3
200500016966,0005-03-26 05:30:00,5,3,26,5,30,780,551.0,RN 184,,,Nuit sans éclairage public,En agglomération,Hors intersection,Normale,Deux véhicules - côté,,,,,,,,,,,3,2,1,1,3
200500016967,0005-03-28 22:45:00,5,3,28,22,45,780,551.0,RN 13,,,Nuit avec éclairage allumé,En agglomération,Hors intersection,Normale,Sans collision,,,,,,,,,,,5,2,1,1,7
200500016968,0005-03-21 21:55:00,5,3,21,21,55,780,586.0,JAURES (AVENUE JEAN) N°,,,Nuit avec éclairage allumé,En agglomération,Hors intersection,Normale,Autre collision,,,,,,,,,,,5,2,1,1,6
200500016969,0005-03-23 08:20:00,5,3,23,8,20,780,586.0,CONVENTION N° PAIR,,,Plein jour,En agglomération,Hors intersection,Normale,Trois véhicules et plus - en chaîne,,,,,,,,,,,1,2,1,1,4
200500016970,0005-03-26 15:40:00,5,3,26,15,40,780,586.0,REPUBLIQUE (AVENUE) N° P,,,Plein jour,En agglomération,Hors intersection,Normale,Trois véhicules et plus - en chaîne,,,,,,,,,,,1,2,1,1,4
200500016971,0005-03-30 16:20:00,5,3,30,16,20,780,586.0,"16, KING (MARTIN LUTHER)",,,Plein jour,En agglomération,Hors intersection,Normale,Sans collision,,,,,,,,,,,1,2,1,1,7
200500016972,0005-03-31 18:30:00,5,3,31,18,30,780,586.0,"63, LAMARTINE",,,Plein jour,En agglomération,Hors intersection,Normale,Autre collision,,,,,,,,,,,1,2,1,1,6
200500016973,0005-03-17 07:25:00,5,3,17,7,25,780,621.0,FRERES LUMIERE (AVENUE D,,,Plein jour,En agglomération,Intersection en T,Normale,Deux véhicules - côté,,,,,,,,,,,1,2,3,1,3
200500016974,0005-03-17 08:20:00,5,3,17,8,20,780,621.0,DEPARTEMENTALE 36 (RD),,,Plein jour,En agglomération,Intersection en T,Normale,Autre collision,,,,,,,,,,,1,2,3,1,6
200500016975,0005-03-24 13:45:00,5,3,24,13,45,780,621.0,NATIONALE 10   (ROUTE),,,Plein jour,En agglomération,Hors intersection,Temps couvert,Deux véhicules - arrière,,,,,,,,,,,1,2,1,8,2
200500016976,0005-03-03 03:40:00,5,3,3,3,40,780,686.0,DEWOITINE (RUE),,,Nuit avec éclairage allumé,En agglomération,Hors intersection,Brouillard / fumée,Sans collision,,,,,,,,,,,5,2,1,5,7
200500016977,0005-03-21 22:50:00,5,3,21,22,50,780,322.0,"48, PONT COLBERT (RUE DU",,,Nuit avec éclairage allumé,En agglomération,Hors intersection,Normale,Deux véhicules - côté,,,,,,,,,,,5,2,1,1,3
200500016978,0005-03-31 09:00:00,5,3,31,9,0,780,686.0,ABBE DALLOZ (RUE DE L'),,,Plein jour,En agglomération,Hors intersection,Temps couvert,Autre collision,,,,,,,,,,,1,2,1,8,6
200500016979,0005-03-26 09:15:00,5,3,26,9,15,780,686.0,HARLOW (AVENUE DE),,,Plein jour,En agglomération,Hors intersection,Normale,Deux véhicules - arrière,,,,,,,,,,,1,2,1,1,2