accident_id,datetime,annee,mois,jour,heure,minute,departement,commune_insee,adresse,latitude,longitude,luminosite,agglomeration,intersection,meteo,collision,nb_vehicules,nb_usagers,nb_indemnes,nb_tues,nb_blesses_hosp,nb_blesses_legers,age_cond_1,age_cond_2,veh_type_cond_1,veh_type_cond_2,lum_code,agg_code,int_code,atm_code,col_code
200500017238,0005-03-08 08:42:00,5,3,8,8,42,870,85.0,"123, DUTREIX (RUE ARMAND",,,Plein jour,En agglomération,Intersection en X,Normale,Deux véhicules - côté,,,,,,,,,,,1,2,2,1,3
200500017239,0005-03-08 17:00:00,5,3,8,17,0,870,85.0,"27, SAMIE (RUE LEONARD)",,,Plein jour,En agglomération,Hors intersection,Normale,Deux véhicules - côté,,,,,,,,,,,1,2,1,1,3
200500017240,0005-03-10 08:00:00,5,3,10,8,0,870,85.0,AUTOROUTE A20,,,Plein jour,Hors agglomération,Hors intersection,Normale,Autre collision,,,,,,,,,,,1,1,1,1,6
200500017241,0005-03-10 15:05:00,5,3,10,15,5,870,85.0,"25, GIFFARD (RUE HENRI)",,,Plein jour,En agglomération,Hors intersection,Normale,Deux véhicules - côté,,,,,,,,,,,1,2,1,1,3
200500017242,0005-03-10 23:43:00,5,3,10,23,43,870,85.0,"116, CHINCHAUVAUD (RUE D",,,Nuit avec éclairage allumé,En agglomération,Intersection en X,Normale,Deux véhicules - côté,,,,,,,,,,,5,2,2,1,3
200500017243,0005-03-11 18:44:00,5,3,11,18,44,870,85.0,"13, AURIOL (AVENUE DU PR",,,Plein jour,En agglomération,Hors intersection,Normale,Deux véhicules - côté,,,,,,,,,,,1,2,1,1,3
200500017244,0005-03-15 16:00:00,5,3,15,16,0,870,85.0,RN 141,,,Plein jour,En agglomération,Hors intersection,Normale,Autre collision,,,,,,,,,,,1,2,1,1,6
200500017245,0005-03-15 12:25:00,5,3,15,12,25,870,85.0,"2, PUY IMBERT (RUE DU)",,,Plein jour,En agglomération,Hors intersection,Normale,Deux véhicules - arrière,,,,,,,,,,,1,2,1,1,2
200500017246,0005-03-15 14:20:00,5,3,15,14,20,870,85.0,"259, PERRIN (RUE FRANCOI",,,Plein jour,En agglomération,Intersection en X,Normale,Trois véhicules et plus - collisions multiples,,,,,,,,,,,1,2,2,1,5
200500017247,0005-03-15 13:45:00,5,3,15,13,45,870,65.0,"55, VALIN (AVENUE MARTIA",,,Plein jour,En agglomération,Hors intersection,Normale,Deux véhicules - arrière,,,,,,,,,,,1,2,1,1,2
200500017248,0005-03-17 08:30:00,5,3,17,8,30,870,85.0,"8, BACH (RUE CHARLES)",,,Plein jour,En agglomération,Hors intersection,Normale,Sans collision,,,,,,,,,,,1,2,1,1,7
200500017249,0005-03-17 17:36:00,5,3,17,17,36,870,114.0,CROIX DE LA LIEUE (LA) -,,,Plein jour,En agglomération,Hors intersection,Normale,Autre collision,,,,,,,,,,,1,2,1,1,6
200500017250,0005-03-17 17:51:00,5,3,17,17,51,870,85.0,BLUM (RUE LEON),,,Plein jour,En agglomération,Hors intersection,Normale,Autre collision,,,,,,,,,,,1,2,1,1,6
200500017251,0005-03-18 12:30:00,5,3,18,12,30,870,85.0,"28, FRANCE (RUE ANATOLE)",,,Plein jour,En agglomération,Intersection en X,Normale,Deux véhicules - côté,,,,,,,,,,,1,2,2,1,3
200500017252,0005-03-19 12:19:00,5,3,19,12,19,870,85.0,"144, CHARLET (RUE GASTON",,,Plein jour,En agglomération,Hors intersection,Normale,Deux véhicules - frontale,,,,,,,,,,,1,2,1,1,1
200500017253,0005-03-19 13:44:00,5,3,19,13,44,870,75.0,"2, ECOLES (AVENUE DES)",,,Plein jour,En agglomération,Hors intersection,Normale,Deux véhicules - arrière,,,,,,,,,,,1,2,1,1,2
200500017254,0005-03-20 14:35:00,5,3,20,14,35,870,85.0,"8, JAURES (RUE JEAN)",,,Plein jour,En agglomération,Hors intersection,Normale,Deux véhicules - côté,,,,,,,,,,,1,2,1,1,3
200500017255,0005-03-23 08:00:00,5,3,23,8,0,870,85.0,AUTOROUTE A20,,,Plein jour,Hors agglomération,Hors intersection,Normale,Sans collision,,,,,,,,,,,1,1,1,1,7
200500017256,0005-03-23 12:28:00,5,3,23,12,28,870,85.0,"24, GAGNANT (AVENUE JEAN",,,Plein jour,En agglomération,Hors intersection,Normale,Autre collision,,,,,,,,,,,1,2,1,1,6
200500017257,0005-03-23 15:59:00,5,3,23,15,59,870,85.0,"113, DUTREIX (RUE ARMAND",,,Plein jour,En agglomération,Hors intersection,Normale,Deux véhicules - côté,,,,,,,,,,,1,2,1,1,3
200500017258,0005-03-23 17:00:00,5,3,23,17,0,870,85.0,"2, PROVENCE (RUE DE)",,,Plein jour,En agglomération,Giratoire,Normale,Deux véhicules - côté,,,,,,,,,,,1,2,6,1,3
200500017259,0005-03-24 08:30:00,5,3,24,8,30,870,85.0,TULASNE (RUE DU COMMANDA,,,Plein jour,En agglomération,Hors intersection,Pluie forte,Autre collision,,,,,,,,,,,1,2,1,3,6
200500017260,0005-03-25 19:59:00,5,3,25,19,59,870,85.0,"105, FEYTIAT (RUE DE)",,,Crépuscule ou aube,En agglomération,Hors intersection,Normale,Autre collision,,,,,,,,,,,2,2,1,1,6
200500017261,0005-03-27 15:00:00,5,3,27,15,0,870,85.0,JOLIOT CURIE (RUE IRENE,,,Plein jour,En agglomération,Hors intersection,Pluie légère,Autre collision,,,,,,,,,,,1,2,1,2,6
200500017262,0005-03-27 17:30:00,5,3,27,17,30,870,85.0,"1, RENARD (RUE)",,,Plein jour,En agglomération,Intersection en X,Normale,Trois véhicules et plus - collisions multiples,,,,,,,,,,,1,2,2,1,5
200500017263,0005-03-29 11:00:00,5,3,29,11,0,870,85.0,"91, BRIAND (RUE ARISTIDE",,,Plein jour,En agglomération,Hors intersection,Normale,Deux véhicules - arrière,,,,,,,,,,,1,2,1,1,2
200500017264,0005-03-04 07:50:00,5,3,4,7,50,880,209.0,"4, LECLERC ( RUE GENERAL",,,Plein jour,En agglomération,Hors intersection,Normale,Deux véhicules - frontale,,,,,,,,,,,1,2,1,1,1
200500017265,0005-03-23 13:55:00,5,3,23,13,55,880,160.0,"8, CEDRES (AV. DES)",,,Plein jour,En agglomération,Hors intersection,Normale,Autre collision,,,,,,,,,,,1,2,1,1,6
200500017266,0005-03-09 13:45:00,5,3,9,13,45,880,160.0,"1, MICHELET (Q. JULES-)",,,Plein jour,En agglomération,Intersection en X,Normale,Deux véhicules - côté,,,,,,,,,,,1,2,2,1,3
200500017267,0005-03-20 16:15:00,5,3,20,16,15,880,160.0,"1, AVRINSART (PL.D')",,,Plein jour,En agglomération,Hors intersection,Normale,Autre collision,,,,,,,,,,,1,2,1,1,6
200500017268,0005-03-01 12:20:00,5,3,1,12,20,880,424.0,ECHANGEUR,,,Plein jour,En agglomération,Hors intersection,Normale,Sans collision,,,,,,,,,,,1,2,1,1,7
200500017269,0005-03-17 17:30:00,5,3,17,17,30,880,413.0,CD82,,,Plein jour,En agglomération,Hors intersection,Normale,Autre collision,,,,,,,,,,,1,2,1,1,6
200500017270,0005-03-20 21:25:00,5,3,20,21,25,880,413.0,RN 59 ( 2X 2 VOIES),,,Nuit sans éclairage public,En agglomération,Hors intersection,Normale,Autre collision,,,,,,,,,,,3,2,1,1,6
200500017271,0005-03-21 08:25:00,5,3,21,8,25,880,413.0,"11, RUE(LA)",,,Plein jour,En agglomération,Hors intersection,Normale,Deux véhicules - frontale,,,,,,,,,,,1,2,1,1,1
200500017272,0005-03-31 17:45:00,5,3,31,17,45,880,413.0,"47, Thiers ( Rue )",,,Plein jour,En agglomération,Hors intersection,Normale,Autre collision,,,,,,,,,,,1,2,1,1,6
200500017273,0005-03-05 20:05:00,5,3,5,20,5,880,413.0,"38, SAINT CHARLES",,,Nuit avec éclairage allumé,En agglomération,Hors intersection,Neige / grêle,Sans collision,,,,,,,,,,,5,2,1,4,7
200500017274,0005-03-31 18:45:00,5,3,31,18,45,880,463.0,MADELEINE(RUE DE LA),,,Plein jour,En agglomération,Intersection en X,Normale,Deux véhicules - côté,,,,,,,,,,,1,2,2,1,3
200500017275,0005-03-19 09:10:00,5,3,19,9,10,890,24.0,VOIE ROMAINE,,,Plein jour,En agglomération,Intersection en X,Brouillard / fumée,Deux véhicules - arrière,,,,,,,,,,,1,2,2,5,2
200500017276,0005-03-17 14:05:00,5,3,17,14,5,890,24.0,VINGT-QUATRE AOUT (RUE D,,,Plein jour,En agglomération,Hors intersection,Normale,Deux véhicules - arrière,,,,,,,,,,,1,2,1,1,2
200500017277,0005-03-14 13:45:00,5,3,14,13,45,890,24.0,HAUSSMANN (AVENUE),,,Plein jour,En agglomération,Hors intersection,Normale,Deux véhicules - frontale,,,,,,,,,,,1,2,1,1,1
200500017278,0005-03-25 16:25:00,5,3,25,16,25,890,24.0,"24, JEAN JAURES (AVENUE)",,,Plein jour,En agglomération,Hors intersection,Normale,Autre collision,,,,,,,,,,,1,2,1,1,6
200500017279,0005-03-10 04:05:00,5,3,10,4,5,890,387.0,ROUTE NATIONALE 6,,,Nuit sans éclairage public,En agglomération,Hors intersection,Normale,Sans collision,,,,,,,,,,,3,2,1,1,7
200500017280,0005-03-27 19:00:00,5,3,27,19,0,890,387.0,", GENERAL DELESTRAINT (R",,,Plein jour,En agglomération,Intersection en X,Normale,Deux véhicules - arrière,,,,,,,,,,,1,2,2,1,2
200500017281,0005-03-14 19:50:00,5,3,14,19,50,890,387.0,"133, SENIGALLIA (AVENUE",,,Nuit avec éclairage allumé,En agglomération,Hors intersection,Normale,Deux véhicules - côté,,,,,,,,,,,5,2,1,1,3
200500017282,0005-03-05 20:00:00,5,3,5,20,0,900,10.0,"02, ESPERANCE (CARREFOUR",,,Nuit avec éclairage allumé,En agglomération,Giratoire,Neige / grêle,Trois véhicules et plus - en chaîne,,,,,,,,,,,5,2,6,4,4
200500017283,0005-03-05 20:01:00,5,3,5,20,1,900,10.0,LAURENCIE (AVENUE CAPITA,,,Nuit avec éclairage allumé,En agglomération,Autre intersection,Normale,Deux véhicules - arrière,,,,,,,,,,,5,2,9,1,2
200500017284,0005-03-07 07:53:00,5,3,7,7,53,900,75.0,COMMANDOS D'AFRIQUE (RUE,,,Plein jour,En agglomération,Intersection en T,Temps couvert,Deux véhicules - frontale,,,,,,,,,,,1,2,3,8,1
200500017285,0005-03-13 06:30:00,5,3,13,6,30,900,99.0,TURENNE (RUE DE),,,Plein jour,En agglomération,Hors intersection,Autre,Deux véhicules - côté,,,,,,,,,,,1,2,1,9,3
200500017286,0005-03-10 16:20:00,5,3,10,16,20,900,10.0,"27, VAUBAN (QUAI)",,,Plein jour,En agglomération,Hors intersection,Normale,Deux véhicules - arrière,,,,,,,,,,,1,2,1,1,2
200500017287,0005-03-12 14:30:00,5,3,12,14,30,900,32.0,REPUBLIQUE (RUE DE LA),,,Plein jour,En agglomération,Hors intersection,Neige / grêle,Deux véhicules - arrière,,,,,,,,,,,1,2,1,4,2
200500017288,0005-03-13 06:35:00,5,3,13,6,35,900,99.0,TURENNE (RUE DE),,,Nuit sans éclairage public,En agglomération,Hors intersection,Neige / grêle,Deux véhicules - côté,,,,,,,,,,,3,2,1,4,3
200500017289,0005-03-13 16:29:00,5,3,13,16,29,900,10.0,"147, JAURES (AVENUE JEAN",,,Plein jour,En agglomération,Intersection en T,Normale,Deux véhicules - côté,,,,,,,,,,,1,2,3,1,3
200500017290,0005-03-13 20:00:00,5,3,13,20,0,900,10.0,"29, MIEG (RUE THIERRY)",,,Nuit avec éclairage allumé,En agglomération,Hors intersection,Normale,Autre collision,,,,,,,,,,,5,2,1,1,6
200500017291,0005-03-14 16:10:00,5,3,14,16,10,900,76.0,GRAND'RUE,,,Plein jour,En agglomération,Hors intersection,Normale,Deux véhicules - côté,,,,,,,,,,,1,2,1,1,3
200500017292,0005-03-14 16:30:00,5,3,14,16,30,900,32.0,"10, REPUBLIQUE (RUE DE L",,,Plein jour,En agglomération,Hors intersection,Normale,Deux véhicules - arrière,,,,,,,,,,,1,2,1,1,2
200500017293,0005-03-17 08:50:00,5,3,17,8,50,900,39.0,"43, DE GAULLE (RUE DU GE",,,Plein jour,En agglomération,Hors intersection,Pluie légère,Deux véhicules - arrière,,,,,,,,,,,1,2,1,2,2
200500017294,0005-03-17 12:10:00,5,3,17,12,10,900,10.0,LECLERC (AVENUE),,,Plein jour,En agglomération,Hors intersection,Normale,Autre collision,,,,,,,,,,,1,2,1,1,6
200500017295,0005-03-19 16:25:00,5,3,19,16,25,900,10.0,"9, PLUMERE (RUE)",,,Plein jour,En agglomération,Hors intersection,Normale,Deux véhicules - côté,,,,,,,,,,,1,2,1,1,3
200500017296,0005-03-21 15:20:00,5,3,21,15,20,900,10.0,DUVILLARD (RUE ERNEST),,,Plein jour,En agglomération,Hors intersection,Normale,Deux véhicules - côté,,,,,,,,,,,1,2,1,1,3
200500017297,0005-03-23 12:00:00,5,3,23,12,0,900,10.0,"16, ZAPOROJIE (RUE DE)",,,Plein jour,En agglomération,Hors intersection,Normale,Deux véhicules - arrière,,,,,,,,,,,1,2,1,1,2
200500017298,0005-03-24 08:30:00,5,3,24,8,30,900,10.0,PETITJEAN (RUE),,,Plein jour,En agglomération,Hors intersection,Pluie légère,Autre collision,,,,,,,,,,,1,2,1,2,6
200500017299,0005-03-24 18:25:00,5,3,24,18,25,900,10.0,JAURES (AVENUE JEAN) A 1,,,Crépuscule ou aube,En agglomération,Hors intersection,Pluie légère,Autre collision,,,,,,,,,,,2,2,1,2,6
200500017300,0005-03-25 20:31:00,5,3,25,20,31,900,10.0,"38BIS, ANCETRES (FAUBOUR",,,Nuit avec éclairage allumé,En agglomération,Hors intersection,Normale,Deux véhicules - côté,,,,,,,,,,,5,2,1,1,3
200500017301,0005-03-27 00:10:00,5,3,27,0,10,900,10.0,"8, BLUM (RUE LEON)",,,Nuit avec éclairage allumé,En agglomération,Hors intersection,Pluie légère,Autre collision,,,,,,,,,,,5,2,1,2,6
200500017302,0005-03-28 16:00:00,5,3,28,16,0,900,10.0,"1, RENAN (RUE ERNEST)",,,Plein jour,En agglomération,Intersection en X,Normale,Deux véhicules - côté,,,,,,,,,,,1,2,2,1,3
200500017303,0005-03-07 08:05:00,5,3,7,8,5,910,457.0,"15, PATURES (CHEMIN DES)",,,Plein jour,En agglomération,Hors intersection,Normale,Trois véhicules et plus - collisions multiples,,,,,,,,,,,1,2,1,1,5
200500017304,0005-03-17 14:10:00,5,3,17,14,10,910,103.0,"01, MAISON NEUVE (AVENUE",,,Plein jour,En agglomération,Hors intersection,Normale,Autre collision,,,,,,,,,,,1,2,1,1,6
200500017305,0005-03-18 17:00:00,5,3,18,17,0,910,552.0,"01, CORVEAUX (CHEMIN DES",,,Plein jour,En agglomération,Intersection en T,Normale,Deux véhicules - frontale,,,,,,,,,,,1,2,3,1,1
200500017306,0005-03-21 17:00:00,5,3,21,17,0,910,21.0,RN 20,,,Plein jour,En agglomération,Hors intersection,Normale,Sans collision,,,,,,,,,,,1,2,1,1,7
200500017307,0005-03-22 18:30:00,5,3,22,18,30,910,425.0,RN 20,,,Plein jour,En agglomération,Hors intersection,Normale,Deux véhicules - arrière,,,,,,,,,,,1,2,1,1,2
200500017308,0005-03-23 22:30:00,5,3,23,22,30,910,457.0,CD 19,,,Nuit sans éclairage public,En agglomération,Hors intersection,Normale,Sans collision,,,,,,,,,,,3,2,1,1,7
200500017309,0005-03-24 15:00:00,5,3,24,15,0,910,103.0,CD 19,,,Plein jour,En agglomération,Hors intersection,Pluie légère,Deux véhicules - côté,,,,,,,,,,,1,2,1,2,3
200500017310,0005-03-24 17:00:00,5,3,24,17,0,910,457.0,"01, ESSONVILLE (AVENUE D",,,Plein jour,En agglomération,Hors intersection,Pluie légère,Autre collision,,,,,,,,,,,1,2,1,2,6
200500017311,0005-03-25 17:00:00,5,3,25,17,0,910,339.0,"30, RN 20",,,Plein jour,En agglomération,Hors intersection,Normale,Trois véhicules et plus - collisions multiples,,,,,,,,,,,1,2,1,1,5
200500017312,0005-03-27 19:00:00,5,3,27,19,0,910,103.0,"10, ROZANOFF (AVENUE DU",,,Plein jour,En agglomération,Hors intersection,Normale,Autre collision,,,,,,,,,,,1,2,1,1,6
200500017313,0005-03-29 17:00:00,5,3,29,17,0,910,552.0,DOCTEUR OGE (RUE DU),,,Plein jour,En agglomération,Hors intersection,Pluie légère,Autre collision,,,,,,,,,,,1,2,1,2,6
200500017314,0005-03-30 16:10:00,5,3,30,16,10,910,347.0,"38, RN 20",,,Plein jour,En agglomération,Hors intersection,Pluie légère,Sans collision,,,,,,,,,,,1,2,1,2,7
200500017315,0005-03-31 17:00:00,5,3,31,17,0,910,347.0,"10, SOURCES (RUE DES)",,,Plein jour,En agglomération,Hors intersection,Normale,Autre collision,,,,,,,,,,,1,2,1,1,6
200500017316,0005-03-30 09:00:00,5,3,30,9,0,910,479.0,"180, FONTAINEBLEAU (BOUL",,,Plein jour,En agglomération,Hors intersection,Normale,Autre collision,,,,,,,,,,,1,2,1,1,6
200500017317,0005-03-29 13:25:00,5,3,29,13,25,910,114.0,REVEILLON (RUE DU),,,Plein jour,En agglomération,Hors intersection,Normale,Deux véhicules - frontale,,,,,,,,,,,1,2,1,1,1
200500017318,0005-03-08 08:35:00,5,3,8,8,35,910,174.0,"0, DU 14 JUILLET (RUE DU",,,Plein jour,En agglomération,Hors intersection,Vent fort / tempête,Deux véhicules - côté,,,,,,,,,,,1,2,1,6,3
200500017319,0005-03-14 11:10:00,5,3,14,11,10,910,174.0,"0, JOYEUX (RUE LOUIS)",,,Plein jour,En agglomération,Intersection en T,Normale,Deux véhicules - côté,,,,,,,,,,,1,2,3,1,3
200500017320,0005-03-20 15:55:00,5,3,20,15,55,910,174.0,"34, PARIS (RUE)",,,Plein jour,En agglomération,Intersection en X,Normale,Deux véhicules - côté,,,,,,,,,,,1,2,2,1,3
200500017321,0005-03-19 13:00:00,5,3,19,13,0,910,201.0,GENERAL DE GAULLE(BOULEV,,,Plein jour,En agglomération,Hors intersection,Normale,Deux véhicules - arrière,,,,,,,,,,,1,2,1,1,2
200500017322,0005-03-20 08:10:00,5,3,20,8,10,910,657.0,MARECHAL LECLERC (RUE) C,,,Plein jour,En agglomération,Hors intersection,Normale,Autre collision,,,,,,,,,,,1,2,1,1,6
200500017323,0005-03-22 13:00:00,5,3,22,13,0,910,201.0,WALDECK ROUSSEAU (RUE),,,Plein jour,En agglomération,Hors intersection,Pluie légère,Deux véhicules - arrière,,,,,,,,,,,1,2,1,2,2
200500017324,0005-03-25 19:35:00,5,3,25,19,35,910,201.0,RIS (RUE DE),,,Crépuscule ou aube,En agglomération,Hors intersection,Normale,Deux véhicules - arrière,,,,,,,,,,,2,2,1,1,2
200500017325,0005-03-29 11:00:00,5,3,29,11,0,910,201.0,HENRI BARBUSSE(BOULEVARD,,,Plein jour,En agglomération,Hors intersection,Normale,Autre collision,,,,,,,,,,,1,2,1,1,6
200500017326,0005-03-09 14:10:00,5,3,9,14,10,910,223.0,", CHARPENTIER (AVENUE TH",,,Plein jour,En agglomération,Hors intersection,Normale,Trois véhicules et plus - collisions multiples,,,,,,,,,,,1,2,1,1,5
200500017327,0005-03-11 18:30:00,5,3,11,18,30,910,223.0,DE GAULLE (AVENUE CHARLE,,,Plein jour,En agglomération,Hors intersection,Normale,Autre collision,,,,,,,,,,,1,2,1,1,6
200500017328,0005-03-15 18:30:00,5,3,15,18,30,910,223.0,DE GAULLE (AVENUE CHARLE,,,Plein jour,En agglomération,Hors intersection,Normale,Autre collision,,,,,,,,,,,1,2,1,1,6
200500017329,0005-03-28 19:55:00,5,3,28,19,55,910,223.0,R.N.20,,,Crépuscule ou aube,En agglomération,Hors intersection,Pluie légère,Autre collision,,,,,,,,,,,2,2,1,2,6
200500017330,0005-03-30 16:23:00,5,3,30,16,23,910,223.0,"23, GLYCINES (RUE DES)",,,Plein jour,En agglomération,Hors intersection,Normale,Autre collision,,,,,,,,,,,1,2,1,1,6
200500017331,0005-03-01 19:45:00,5,3,1,19,45,910,228.0,"., COQUIBUS(BD)",,,Nuit avec éclairage allumé,En agglomération,Hors intersection,Normale,Deux véhicules - côté,,,,,,,,,,,5,2,1,1,3
200500017332,0005-03-10 03:05:00,5,3,10,3,5,910,228.0,"., RN7",,,Nuit avec éclairage allumé,En agglomération,Hors intersection,Normale,Deux véhicules - arrière,,,,,,,,,,,5,2,1,1,2
200500017333,0005-03-12 14:00:00,5,3,12,14,0,910,182.0,"., PONT AMAR (RUE DU)",,,Plein jour,En agglomération,Intersection en X,Normale,Deux véhicules - côté,,,,,,,,,,,1,2,2,1,3
200500017334,0005-03-13 19:35:00,5,3,13,19,35,910,228.0,"., RN7",,,Nuit sans éclairage public,En agglomération,Hors intersection,Normale,Deux véhicules - côté,,,,,,,,,,,3,2,1,1,3
200500017335,0005-03-16 18:10:00,5,3,16,18,10,910,521.0,"., HIPPODROME",,,Plein jour,En agglomération,Hors intersection,Normale,Sans collision,,,,,,,,,,,1,2,1,1,7
200500017336,0005-03-19 13:50:00,5,3,19,13,50,910,182.0,"., BOISSEE (RUE DE LA)",,,Plein jour,En agglomération,Intersection en X,Normale,Deux véhicules - côté,,,,,,,,,,,1,2,2,1,3
200500017337,0005-03-26 10:45:00,5,3,26,10,45,910,182.0,"., BRASSENS (RUE GEORGES",,,Plein jour,En agglomération,Hors intersection,Pluie légère,Autre collision,,,,,,,,,,,1,2,1,2,6
200500017338,0005-03-02 17:25:00,5,3,2,17,25,910,687.0,"0, VICTOR SCHOELCHER (AV",,,Crépuscule ou aube,En agglomération,Hors intersection,Neige / grêle,Autre collision,,,,,,,,,,,2,2,1,4,6
200500017339,0005-03-11 08:15:00,5,3,11,8,15,910,687.0,"0, MARMONT (AVENUE)",,,Crépuscule ou aube,En agglomération,Hors intersection,Normale,Deux véhicules - côté,,,,,,,,,,,2,2,1,1,3
200500017340,0005-03-03 06:55:00,5,3,3,6,55,910,421.0,DOCTEUR LEON DEGLAIRE (R,,,Nuit avec éclairage allumé,En agglomération,Hors intersection,Neige / grêle,Autre collision,,,,,,,,,,,5,2,1,4,6
200500017341,0005-03-04 20:00:00,5,3,4,20,0,910,691.0,"147, GENERAL LECLER(RUE)",,,Nuit avec éclairage allumé,En agglomération,Hors intersection,Neige / grêle,Deux véhicules - arrière,,,,,,,,,,,5,2,1,4,2
200500017342,0005-03-10 11:00:00,5,3,10,11,0,910,421.0,"16, MAINVILLE (RUE DE)",,,Plein jour,En agglomération,Intersection en T,Normale,Deux véhicules - arrière,,,,,,,,,,,1,2,3,1,2
200500017343,0005-03-14 04:45:00,5,3,14,4,45,910,421.0,"88, JEAN JAURES (AVENUE)",,,Nuit avec éclairage allumé,En agglomération,Hors intersection,Normale,Autre collision,,,,,,,,,,,5,2,1,1,6
200500017344,0005-03-17 18:00:00,5,3,17,18,0,910,421.0,"133, REPUBLIQUE (AVENUE",,,Plein jour,En agglomération,Intersection en T,Normale,Trois véhicules et plus - en chaîne,,,,,,,,,,,1,2,3,1,4
200500017345,0005-03-19 18:25:00,5,3,19,18,25,910,691.0,"0, RAYMOND POINCARE(RUE)",,,Plein jour,En agglomération,Intersection en X,Normale,Deux véhicules - côté,,,,,,,,,,,1,2,2,1,3
200500017346,0005-03-20 12:15:00,5,3,20,12,15,910,691.0,"0, PIERRE DE COUBERTIN(R",,,Plein jour,En agglomération,Hors intersection,Normale,Deux véhicules - arrière,,,,,,,,,,,1,2,1,1,2
200500017347,0005-03-21 12:25:00,5,3,21,12,25,910,421.0,"0, CHARLES DE GAULLE (AV",,,Plein jour,En agglomération,Hors intersection,Normale,Deux véhicules - arrière,,,,,,,,,,,1,2,1,1,2
200500017348,0005-03-24 08:05:00,5,3,24,8,5,910,421.0,"0, SAULES (CHEMIN DES)",,,Plein jour,En agglomération,Hors intersection,Normale,Deux véhicules - frontale,,,,,,,,,,,1,2,1,1,1
200500017349,0005-03-22 10:55:00,5,3,22,10,55,910,421.0,"93, REPUBLIQUE (AVENUE D",,,Plein jour,En agglomération,Hors intersection,Normale,Sans collision,,,,,,,,,,,1,2,1,1,7
200500017350,0005-03-26 14:20:00,5,3,26,14,20,910,421.0,NATIONALE 6 (GLACIERE),,,Plein jour,En agglomération,Hors intersection,Normale,Sans collision,,,,,,,,,,,1,2,1,1,7
200500017351,0005-03-26 15:20:00,5,3,26,15,20,910,421.0,"0, NATIONALE 6 (CES POMP",,,Plein jour,En agglomération,Hors intersection,Pluie légère,Trois véhicules et plus - en chaîne,,,,,,,,,,,1,2,1,2,4
200500017352,0005-03-27 15:20:00,5,3,27,15,20,910,421.0,"50, REPUBLIQUE (AVENUE D",,,Plein jour,En agglomération,Hors intersection,Normale,Sans collision,,,,,,,,,,,1,2,1,1,7
200500017353,0005-03-27 19:25:00,5,3,27,19,25,910,421.0,"0, NATIONALE 6 (GLACIERE",,,Plein jour,En agglomération,Hors intersection,Normale,Deux véhicules - arrière,,,,,,,,,,,1,2,1,1,2
200500017354,0005-03-30 08:40:00,5,3,30,8,40,910,191.0,"1, GENERAL DE GAULLE (AV",,,Plein jour,En agglomération,Hors intersection,Normale,Deux véhicules - arrière,,,,,,,,,,,1,2,1,1,2
200500017355,0005-03-30 14:00:00,5,3,30,14,0,910,421.0,"22, MARECHAL  LYAUTEY (A",,,Plein jour,En agglomération,Hors intersection,Normale,Sans collision,,,,,,,,,,,1,2,1,1,7
200500017356,0005-03-31 22:50:00,5,3,31,22,50,910,421.0,"0, NATIONALE 6 (CES POMP",,,Nuit avec éclairage allumé,En agglomération,Hors intersection,Normale,Sans collision,,,,,,,,,,,5,2,1,1,7
200500017357,0005-03-11 15:45:00,5,3,11,15,45,910,471.0,MONTHLERY (ROUTE DE),,,Plein jour,En agglomération,Intersection en T,Normale,Deux véhicules - frontale,,,,,,,,,,,1,2,3,1,1
200500017358,0005-03-11 07:20:00,5,3,11,7,20,910,692.0,CD35,,,Plein jour,En agglomération,Intersection en Y,Normale,Deux véhicules - côté,,,,,,,,,,,1,2,4,1,3
200500017359,0005-03-10 08:15:00,5,3,10,8,15,910,312.0,", BOURDONNAIS (RUE DE LA",,,Plein jour,En agglomération,Intersection en X,Normale,Deux véhicules - côté,,,,,,,,,,,1,2,2,1,3
200500017360,0005-03-25 17:00:00,5,3,25,17,0,910,692.0,BERRY (AVENUE DU),,,Plein jour,En agglomération,Intersection en T,Normale,Deux véhicules - côté,,,,,,,,,,,1,2,3,1,3
200500017361,0005-03-13 16:00:00,5,3,13,16,0,910,477.0,CD 36,,,Plein jour,En agglomération,Hors intersection,Normale,Deux véhicules - côté,,,,,,,,,,,1,2,1,1,3
200500017362,0005-03-15 09:00:00,5,3,15,9,0,910,471.0,"Bat 97, LAUNAY (RUE DE)",,,Plein jour,En agglomération,Intersection en T,Normale,Deux véhicules - arrière,,,,,,,,,,,1,2,3,1,2
200500017363,0005-03-15 11:45:00,5,3,15,11,45,910,692.0,TROPIQUES (AVENUE DES),,,Plein jour,En agglomération,Hors intersection,Normale,Autre collision,,,,,,,,,,,1,2,1,1,6
200500017364,0005-03-25 22:40:00,5,3,25,22,40,910,64.0,CD 117 (ROUTE DE JOUY),,,Nuit avec éclairage allumé,En agglomération,Hors intersection,Normale,Deux véhicules - côté,,,,,,,,,,,5,2,1,1,3
200500017365,0005-03-21 13:25:00,5,3,21,13,25,910,549.0,CORBEIL (ROUTE DE),,,Plein jour,En agglomération,Hors intersection,Normale,Deux véhicules - arrière,,,,,,,,,,,1,2,1,1,2
200500017366,0005-03-23 15:35:00,5,3,23,15,35,910,549.0,RD 117,,,Plein jour,En agglomération,Hors intersection,Normale,Deux véhicules - arrière,,,,,,,,,,,1,2,1,1,2
200500017367,0005-03-28 00:15:00,5,3,28,0,15,910,549.0,CORBEIL (ROUTE DE),,,Nuit avec éclairage allumé,En agglomération,Autre intersection,Pluie légère,Deux véhicules - côté,,,,,,,,,,,5,2,9,2,3
200500017368,0005-03-29 16:50:00,5,3,29,16,50,910,549.0,"1, ROGER MARTIN DU GARD",,,Plein jour,En agglomération,Hors intersection,Pluie légère,Sans collision,,,,,,,,,,,1,2,1,2,7