accident_id,datetime,annee,mois,jour,heure,minute,departement,commune_insee,adresse,latitude,longitude,luminosite,agglomeration,intersection,meteo,collision,nb_vehicules,nb_usagers,nb_indemnes,nb_tues,nb_blesses_hosp,nb_blesses_legers,age_cond_1,age_cond_2,veh_type_cond_1,veh_type_cond_2,lum_code,agg_code,int_code,atm_code,col_code
200500017369,0005-03-30 08:15:00,5,3,30,8,15,910,549.0,"1, PRESIDENT SALVADOR AL",,,Plein jour,En agglomération,Intersection en X,Normale,Autre collision,,,,,,,,,,,1,2,2,1,6
200500017370,0005-03-31 16:25:00,5,3,31,16,25,910,549.0,"1, VICTOR HUGO (AVENUE)",,,Plein jour,En agglomération,Intersection en X,Normale,Autre collision,,,,,,,,,,,1,2,2,1,6
200500017371,0005-03-10 08:10:00,5,3,10,8,10,910,589.0,"119, MORIN (AVENUE RENE)",,,Plein jour,En agglomération,Hors intersection,Autre,Deux véhicules - côté,,,,,,,,,,,1,2,1,9,3
200500017372,0005-03-16 08:43:00,5,3,16,8,43,910,589.0,HIRONDELLES (RUE DES),,,Plein jour,En agglomération,Hors intersection,Normale,Deux véhicules - côté,,,,,,,,,,,1,2,1,1,3
200500017373,0005-03-17 16:16:00,5,3,17,16,16,910,589.0,CARNOT (AVENUE),,,Plein jour,En agglomération,Hors intersection,Normale,Autre collision,,,,,,,,,,,1,2,1,1,6
200500017374,0005-03-07 18:15:00,5,3,7,18,15,920,2.0,"10, VELPEAU (RUE)",,,Plein jour,En agglomération,Hors intersection,Temps couvert,Autre collision,,,,,,,,,,,1,2,1,8,6
200500017375,0005-03-11 11:10:00,5,3,11,11,10,920,14.0,GENERAL LECLERC (AV.) (1,,,Plein jour,En agglomération,Hors intersection,Normale,Autre collision,,,,,,,,,,,1,2,1,1,6
200500017376,0005-03-17 16:25:00,5,3,17,16,25,920,2.0,"., ARISTIDE BRIAND (AVEN",,,Plein jour,En agglomération,Intersection en X,Normale,Trois véhicules et plus - en chaîne,,,,,,,,,,,1,2,2,1,4
200500017377,0005-03-19 18:00:00,5,3,19,18,0,920,14.0,"4, RENE ROECKEL (RUE)",,,Plein jour,En agglomération,Hors intersection,Normale,Autre collision,,,,,,,,,,,1,2,1,1,6
200500017378,0005-03-28 15:45:00,5,3,28,15,45,920,2.0,DIVISION LECLERC (53 A 2,,,Plein jour,En agglomération,Hors intersection,Autre,Deux véhicules - arrière,,,,,,,,,,,1,2,1,9,2
200500017379,0005-03-31 17:10:00,5,3,31,17,10,920,2.0,"., NORD (RUE DU)",,,Plein jour,En agglomération,Intersection en T,Normale,Autre collision,,,,,,,,,,,1,2,3,1,6
200500017380,0005-03-03 16:35:00,5,3,3,16,35,920,4.0,"168, ARGENTEUIL AV D'",,,Plein jour,En agglomération,Hors intersection,Pluie légère,Autre collision,,,,,,,,,,,1,2,1,2,6
200500017381,0005-03-07 20:10:00,5,3,7,20,10,920,4.0,ROBERT DUPONT,,,Nuit avec éclairage allumé,En agglomération,Autre intersection,Normale,Autre collision,,,,,,,,,,,5,2,9,1,6
200500017382,0005-03-09 16:10:00,5,3,9,16,10,920,4.0,PONT DE LORRAINE,,,Plein jour,En agglomération,Hors intersection,Normale,Deux véhicules - frontale,,,,,,,,,,,1,2,1,1,1
200500017383,0005-03-11 07:45:00,5,3,11,7,45,920,9.0,"374, ARGENTEUIL ( AVENUE",,,Plein jour,En agglomération,Autre intersection,Normale,Autre collision,,,,,,,,,,,1,2,9,1,6
200500017384,0005-03-22 21:10:00,5,3,22,21,10,920,4.0,LAURENT-CELY  ( AVENUE ),,,Nuit avec éclairage allumé,En agglomération,Hors intersection,Normale,Autre collision,,,,,,,,,,,5,2,1,1,6
200500017385,0005-03-24 12:30:00,5,3,24,12,30,920,4.0,DOCTEUR DERVAUX  ( QUAI,,,Plein jour,En agglomération,Intersection en X,Pluie légère,Autre collision,,,,,,,,,,,1,2,2,2,6
200500017386,0005-03-30 14:40:00,5,3,30,14,40,920,4.0,"9, BAS ( RUE DES )",,,Plein jour,En agglomération,Hors intersection,Normale,Autre collision,,,,,,,,,,,1,2,1,1,6
200500017387,0005-03-03 20:10:00,5,3,3,20,10,920,7.0,"58, FONTAINE (RUE DE LA)",,,Crépuscule ou aube,En agglomération,Intersection en T,Neige / grêle,Autre collision,,,,,,,,,,,2,2,3,4,6
200500017388,0005-03-05 19:20:00,5,3,5,19,20,920,7.0,"100, BRIAND (AVENUE ARIS",,,Nuit avec éclairage allumé,En agglomération,Hors intersection,Neige / grêle,Autre collision,,,,,,,,,,,5,2,1,4,6
200500017389,0005-03-09 08:45:00,5,3,9,8,45,920,7.0,"24, JAURES (AVENUE JEAN)",,,Plein jour,En agglomération,Hors intersection,Normale,Deux véhicules - frontale,,,,,,,,,,,1,2,1,1,1
200500017390,0005-03-11 13:10:00,5,3,11,13,10,920,7.0,"13, TREIZE OCTOBRE (PLAC",,,Plein jour,En agglomération,Hors intersection,Normale,Autre collision,,,,,,,,,,,1,2,1,1,6
200500017391,0005-03-07 23:15:00,5,3,7,23,15,920,12.0,"66, REPUBLIQUE (BOULEVAR",,,Nuit avec éclairage allumé,En agglomération,Hors intersection,Normale,Deux véhicules - arrière,,,,,,,,,,,5,2,1,1,2
200500017392,0005-03-09 09:00:00,5,3,9,9,0,920,12.0,"12, REINE (ROUTE DE LA)",,,Plein jour,En agglomération,Intersection en T,Normale,Deux véhicules - côté,,,,,,,,,,,1,2,3,1,3
200500017393,0005-03-13 20:25:00,5,3,13,20,25,920,12.0,DENFERT ROCHEREAU (PLACE,,,Nuit avec éclairage allumé,En agglomération,Giratoire,Normale,Deux véhicules - côté,,,,,,,,,,,5,2,6,1,3
200500017394,0005-03-08 19:10:00,5,3,8,19,10,920,12.0,"930, STALINGRAD (QUAI DE",,,Crépuscule ou aube,En agglomération,Hors intersection,Normale,Deux véhicules - arrière,,,,,,,,,,,2,2,1,1,2
200500017395,0005-03-12 23:50:00,5,3,12,23,50,920,12.0,"127, JEAN BAPTISTE CLEME",,,Nuit avec éclairage allumé,En agglomération,Hors intersection,Normale,Deux véhicules - frontale,,,,,,,,,,,5,2,1,1,1
200500017396,0005-03-10 09:20:00,5,3,10,9,20,920,12.0,"39, REINE (ROUTE DE LA)",,,Plein jour,En agglomération,Intersection en X,Normale,Deux véhicules - côté,,,,,,,,,,,1,2,2,1,3
200500017397,0005-03-04 13:10:00,5,3,4,13,10,920,12.0,"114, GALLIENI (RUE) 55/1",,,Plein jour,En agglomération,Hors intersection,Normale,Autre collision,,,,,,,,,,,1,2,1,1,6
200500017398,0005-03-16 13:40:00,5,3,16,13,40,920,12.0,GENERAL LECLERC (AVENUE,,,Plein jour,En agglomération,Intersection en X,Normale,Autre collision,,,,,,,,,,,1,2,2,1,6
200500017399,0005-03-18 15:10:00,5,3,18,15,10,920,12.0,PONT DE BILLANCOURT (PLA,,,Plein jour,En agglomération,Giratoire,Normale,Deux véhicules - côté,,,,,,,,,,,1,2,6,1,3
200500017400,0005-03-18 16:00:00,5,3,18,16,0,920,12.0,BILLANCOURT (RUE DE) 106,,,Plein jour,En agglomération,Intersection en X,Normale,Deux véhicules - côté,,,,,,,,,,,1,2,2,1,3
200500017401,0005-03-19 21:48:00,5,3,19,21,48,920,12.0,MARCEL SEMBAT (PLACE),,,Nuit avec éclairage allumé,En agglomération,Place,Normale,Deux véhicules - côté,,,,,,,,,,,5,2,7,1,3
200500017402,0005-03-21 10:10:00,5,3,21,10,10,920,12.0,"12, JEAN BAPTISTE CLEMEN",,,Crépuscule ou aube,En agglomération,Hors intersection,Pluie légère,Deux véhicules - arrière,,,,,,,,,,,2,2,1,2,2
200500017403,0005-03-24 19:00:00,5,3,24,19,0,920,12.0,YVES KERMEN (RUE) 51/FIN,,,Crépuscule ou aube,En agglomération,Intersection en T,Pluie forte,Autre collision,,,,,,,,,,,2,2,3,3,6
200500017404,0005-03-24 18:40:00,5,3,24,18,40,920,12.0,"19, JEAN BAPTISTE CLEMEN",,,Nuit avec éclairage allumé,En agglomération,Hors intersection,Pluie forte,Deux véhicules - côté,,,,,,,,,,,5,2,1,3,3
200500017405,0005-03-24 19:50:00,5,3,24,19,50,920,12.0,"51, EDOUARD VAILLANT (AV",,,Nuit avec éclairage allumé,En agglomération,Hors intersection,Pluie forte,Trois véhicules et plus - collisions multiples,,,,,,,,,,,5,2,1,3,5
200500017406,0005-03-27 16:00:00,5,3,27,16,0,920,12.0,TILLEULS (RUE DES) 1/67,,,Plein jour,En agglomération,Intersection en X,Normale,Autre collision,,,,,,,,,,,1,2,2,1,6
200500017407,0005-03-28 12:15:00,5,3,28,12,15,920,12.0,"53, DANJOU (RUE) 17/FIN",,,Plein jour,En agglomération,Hors intersection,Normale,Autre collision,,,,,,,,,,,1,2,1,1,6
200500017408,0005-03-30 06:00:00,5,3,30,6,0,920,12.0,"1794, VIEUX PONT DE SEVR",,,Crépuscule ou aube,En agglomération,Intersection en T,Pluie légère,Autre collision,,,,,,,,,,,2,2,3,2,6
200500017409,0005-03-30 17:45:00,5,3,30,17,45,920,12.0,"1, EDOUARD VAILLANT (AVE",,,Plein jour,En agglomération,Place,Pluie forte,Autre collision,,,,,,,,,,,1,2,7,3,6
200500017410,0005-03-31 14:15:00,5,3,31,14,15,920,12.0,"624, YVES KERMEN (RUE) 5",,,Crépuscule ou aube,En agglomération,Hors intersection,Temps couvert,Deux véhicules - frontale,,,,,,,,,,,2,2,1,8,1
200500017411,0005-03-08 16:55:00,5,3,8,16,55,920,32.0,"2, SULLY PRU'DHOMME (AVE",,,Plein jour,En agglomération,Hors intersection,Normale,Deux véhicules - côté,,,,,,,,,,,1,2,1,1,3
200500017412,0005-03-09 12:10:00,5,3,9,12,10,920,71.0,"7 bis, VOLTAIRE (RUE)",,,Plein jour,En agglomération,Hors intersection,Normale,Autre collision,,,,,,,,,,,1,2,1,1,6
200500017413,0005-03-12 21:15:00,5,3,12,21,15,920,32.0,", D'ORVES D'ESTIENNE (RU",,,Nuit avec éclairage allumé,En agglomération,Intersection en X,Normale,Deux véhicules - côté,,,,,,,,,,,5,2,2,1,3
200500017414,0005-03-15 19:40:00,5,3,15,19,40,920,32.0,"49, ESTIENNE D'ORVES (RU",,,Nuit avec éclairage allumé,En agglomération,Hors intersection,Normale,Autre collision,,,,,,,,,,,5,2,1,1,6
200500017415,0005-03-22 10:45:00,5,3,22,10,45,920,32.0,"404, DIVISION LECLERC (A",,,Plein jour,En agglomération,Intersection en X,Normale,Trois véhicules et plus - en chaîne,,,,,,,,,,,1,2,2,1,4
200500017416,0005-03-24 19:20:00,5,3,24,19,20,920,32.0,DIVISION LECLERC (AVENUE,,,Crépuscule ou aube,En agglomération,Intersection en T,Pluie légère,Deux véhicules - côté,,,,,,,,,,,2,2,3,2,3
200500017417,0005-03-24 18:30:00,5,3,24,18,30,920,32.0,"04, VILLON FRANCOIS (RUE",,,Plein jour,En agglomération,Hors intersection,Pluie forte,Autre collision,,,,,,,,,,,1,2,1,3,6
200500017418,0005-03-26 23:40:00,5,3,26,23,40,920,32.0,"01, LOMBARD (AVENUE)",,,Nuit avec éclairage allumé,En agglomération,Intersection en X,Normale,Deux véhicules - frontale,,,,,,,,,,,5,2,2,1,1
200500017419,0005-03-08 10:05:00,5,3,8,10,5,920,23.0,GENERAL DE GAULLE (AVENU,,,Plein jour,En agglomération,Intersection en X,Pluie légère,Deux véhicules - frontale,,,,,,,,,,,1,2,2,2,1
200500017420,0005-03-23 16:15:00,5,3,23,16,15,920,23.0,GABRIEL PERI (RUE),,,Plein jour,En agglomération,Intersection en Y,Normale,Autre collision,,,,,,,,,,,1,2,4,1,6
200500017421,0005-03-30 20:15:00,5,3,30,20,15,920,23.0,"1, SCHNEIDER (AVENUE)",,,Nuit avec éclairage allumé,En agglomération,Hors intersection,Pluie légère,Deux véhicules - côté,,,,,,,,,,,5,2,1,2,3
200500017422,0005-03-31 15:50:00,5,3,31,15,50,920,60.0,PAUL LANGEVIN (AVENUE) (,,,Plein jour,En agglomération,Hors intersection,Normale,Deux véhicules - côté,,,,,,,,,,,1,2,1,1,3
200500017423,0005-03-01 21:45:00,5,3,1,21,45,920,24.0,"120, MARTRE (RUE) DE (59",,,Nuit avec éclairage allumé,En agglomération,Hors intersection,Normale,Deux véhicules - arrière,,,,,,,,,,,5,2,1,1,2
200500017424,0005-03-02 13:40:00,5,3,2,13,40,920,24.0,"05, HENRI BARBUSSE (RUE)",,,Plein jour,En agglomération,Hors intersection,Neige / grêle,Autre collision,,,,,,,,,,,1,2,1,4,6
200500017425,0005-03-04 17:00:00,5,3,4,17,0,920,24.0,"99, PARIS (RUE DE) DE (5",,,Plein jour,En agglomération,Hors intersection,Neige / grêle,Autre collision,,,,,,,,,,,1,2,1,4,6
200500017426,0005-03-15 12:40:00,5,3,15,12,40,920,24.0,"V/V 118, VICTOR HUGO (BD",,,Plein jour,En agglomération,Hors intersection,Normale,Autre collision,,,,,,,,,,,1,2,1,1,6
200500017427,0005-03-24 10:15:00,5,3,24,10,15,920,24.0,"109, JEAN JAURES (BD) DE",,,Plein jour,En agglomération,Hors intersection,Normale,Autre collision,,,,,,,,,,,1,2,1,1,6
200500017428,0005-03-25 19:55:00,5,3,25,19,55,920,24.0,GENERAL ROGUET (RUE DU),,,Nuit avec éclairage allumé,En agglomération,Intersection en X,Normale,Trois véhicules et plus - collisions multiples,,,,,,,,,,,5,2,2,1,5
200500017429,0005-03-27 06:55:00,5,3,27,6,55,920,24.0,CLICHY (QUAI DE) DE (8 A,,,Nuit avec éclairage allumé,En agglomération,Intersection en X,Pluie légère,Deux véhicules - côté,,,,,,,,,,,5,2,2,2,3
200500017430,0005-03-30 20:00:00,5,3,30,20,0,920,24.0,"122, JEAN JAURES (BD) DE",,,Nuit avec éclairage allumé,En agglomération,Hors intersection,Pluie légère,Trois véhicules et plus - en chaîne,,,,,,,,,,,5,2,1,2,4
200500017431,0005-03-04 11:45:00,5,3,4,11,45,920,24.0,"53, GENERAL LECLERC (BD",,,Plein jour,En agglomération,Hors intersection,Normale,Autre collision,,,,,,,,,,,1,2,1,1,6
200500017432,0005-03-31 14:35:00,5,3,31,14,35,920,24.0,"13, LEON BLUM (RUE)",,,Plein jour,En agglomération,Hors intersection,Temps couvert,Autre collision,,,,,,,,,,,1,2,1,8,6
200500017433,0005-03-14 10:45:00,5,3,14,10,45,920,25.0,FELIX FAURE (RUE),,,Plein jour,En agglomération,Intersection en X,Normale,Autre collision,,,,,,,,,,,1,2,2,1,6
200500017434,0005-03-14 17:05:00,5,3,14,17,5,920,25.0,FRATERNITE (RUE DE LA),,,Plein jour,En agglomération,Intersection en X,Normale,Autre collision,,,,,,,,,,,1,2,2,1,6
200500017435,0005-03-15 15:20:00,5,3,15,15,20,920,25.0,STALINGRAD (AV DE),,,Plein jour,En agglomération,Hors intersection,Normale,Deux véhicules - côté,,,,,,,,,,,1,2,1,1,3
200500017436,0005-03-16 20:00:00,5,3,16,20,0,920,25.0,"179, CHARLES DE GAULLE (",,,Nuit avec éclairage allumé,En agglomération,Autre intersection,Normale,Autre collision,,,,,,,,,,,5,2,9,1,6
200500017437,0005-03-22 23:30:00,5,3,22,23,30,920,25.0,C.DE G.<> 2 A 62 & 1 A 3,,,Nuit avec éclairage allumé,En agglomération,Intersection en X,Normale,Deux véhicules - arrière,,,,,,,,,,,5,2,2,1,2
200500017438,0005-03-14 09:15:00,5,3,14,9,15,920,26.0,"9999999999, MARCEAU",,,Plein jour,En agglomération,Intersection en T,Normale,Deux véhicules - côté,,,,,,,,,,,1,2,3,1,3
200500017439,0005-03-17 17:15:00,5,3,17,17,15,920,26.0,"47/55, EUROPE ( AVENUE D",,,Plein jour,En agglomération,Hors intersection,Normale,Deux véhicules - frontale,,,,,,,,,,,1,2,1,1,1
200500017440,0005-03-31 13:10:00,5,3,31,13,10,920,26.0,ARISTIDE BRIAND,,,Plein jour,En agglomération,Intersection en X,Normale,Deux véhicules - côté,,,,,,,,,,,1,2,2,1,3
200500017441,0005-03-29 20:25:00,5,3,29,20,25,920,26.0,"43, COLOMBES",,,Nuit avec éclairage allumé,En agglomération,Hors intersection,Normale,Deux véhicules - côté,,,,,,,,,,,5,2,1,1,3
200500017442,0005-03-25 13:15:00,5,3,25,13,15,920,26.0,"02, COLOMBES",,,Plein jour,En agglomération,Intersection en X,Normale,Deux véhicules - côté,,,,,,,,,,,1,2,2,1,3
200500017443,0005-03-25 08:05:00,5,3,25,8,5,920,26.0,VERDUN (DE 01 A 61),,,Plein jour,En agglomération,Hors intersection,Normale,Deux véhicules - côté,,,,,,,,,,,1,2,1,1,3
200500017444,0005-03-17 18:20:00,5,3,17,18,20,920,36.0,PRINCIPALE DU PORT (ROUT,,,Plein jour,En agglomération,Intersection en X,Normale,Deux véhicules - côté,,,,,,,,,,,1,2,2,1,3
200500017445,0005-03-24 11:30:00,5,3,24,11,30,920,36.0,"0, PRINCIPALE DU PORT (R",,,Plein jour,En agglomération,Intersection en T,Pluie légère,Autre collision,,,,,,,,,,,1,2,3,2,6
200500017446,0005-03-30 09:30:00,5,3,30,9,30,920,36.0,"0, GABRIEL PERI (AVENUE)",,,Plein jour,En agglomération,Intersection en T,Normale,Autre collision,,,,,,,,,,,1,2,3,1,6
200500017447,0005-03-31 21:30:00,5,3,31,21,30,920,36.0,LOUISE MICHEL (IMPAIRS),,,Nuit avec éclairage allumé,En agglomération,Intersection en T,Normale,Deux véhicules - côté,,,,,,,,,,,5,2,3,1,3
200500017448,0005-03-11 17:50:00,5,3,11,17,50,920,40.0,"20, ILES (BOULEVARD DES)",,,Plein jour,En agglomération,Giratoire,Normale,Deux véhicules - côté,,,,,,,,,,,1,2,6,1,3
200500017449,0005-03-16 12:25:00,5,3,16,12,25,920,40.0,"226, STALINGRAD (QUAI DE",,,Plein jour,En agglomération,Hors intersection,Normale,Deux véhicules - arrière,,,,,,,,,,,1,2,1,1,2
200500017450,0005-03-22 12:00:00,5,3,22,12,0,920,40.0,"5, GENERAL LECLERC (DU)",,,Plein jour,En agglomération,Hors intersection,Pluie légère,Autre collision,,,,,,,,,,,1,2,1,2,6
200500017451,0005-03-23 14:50:00,5,3,23,14,50,920,40.0,"19, ARISTIDE BRIAND",,,Plein jour,En agglomération,Hors intersection,Normale,Autre collision,,,,,,,,,,,1,2,1,1,6
200500017452,0005-03-30 15:45:00,5,3,30,15,45,920,40.0,ETIENNE DOLET,,,Plein jour,En agglomération,Intersection en T,Normale,Autre collision,,,,,,,,,,,1,2,3,1,6
200500017453,0005-03-01 09:17:00,5,3,1,9,17,920,44.0,"121, VIC. HUGO(RUE)001A0",,,Plein jour,En agglomération,Hors intersection,Normale,Deux véhicules - côté,,,,,,,,,,,1,2,1,1,3
200500017454,0005-03-07 11:25:00,5,3,7,11,25,920,44.0,"38, VIC. HUGO(RUE)001A06",,,Plein jour,En agglomération,Hors intersection,Normale,Autre collision,,,,,,,,,,,1,2,1,1,6
200500017455,0005-03-08 16:25:00,5,3,8,16,25,920,44.0,"39, VIC. HUGO(RUE)001A06",,,Plein jour,En agglomération,Hors intersection,Normale,Deux véhicules - côté,,,,,,,,,,,1,2,1,1,3
200500017456,0005-03-13 15:25:00,5,3,13,15,25,920,44.0,"1, LOUIS ROUQUIER(RUE)47",,,Plein jour,En agglomération,Intersection en X,Normale,Deux véhicules - côté,,,,,,,,,,,1,2,2,1,3
200500017457,0005-03-15 13:20:00,5,3,15,13,20,920,44.0,"130, VIC. HUGO(RUE)115A1",,,Plein jour,En agglomération,Intersection en T,Normale,Deux véhicules - côté,,,,,,,,,,,1,2,3,1,3
200500017458,0005-03-24 09:50:00,5,3,24,9,50,920,44.0,"135, VIC. HUGO(RUE)115A1",,,Plein jour,En agglomération,Hors intersection,Normale,Deux véhicules - côté,,,,,,,,,,,1,2,1,1,3
200500017459,0005-03-18 11:20:00,5,3,18,11,20,920,44.0,"87, ED.VAILLANT(RUE) 75A",,,Plein jour,En agglomération,Intersection en X,Normale,Autre collision,,,,,,,,,,,1,2,2,1,6
200500017460,0005-03-20 14:55:00,5,3,20,14,55,920,44.0,"1, DANTON(RUE) 1A73 ET 2",,,Plein jour,En agglomération,Hors intersection,Normale,Autre collision,,,,,,,,,,,1,2,1,1,6
200500017461,0005-03-31 10:40:00,5,3,31,10,40,920,44.0,P.V.COUTURIER(RUE)41A63,,,Plein jour,En agglomération,Intersection en X,Normale,Deux véhicules - côté,,,,,,,,,,,1,2,2,1,3
200500017462,0005-03-07 08:05:00,5,3,7,8,5,920,48.0,BELGIQUE (RUE DE LA),,,Plein jour,En agglomération,Intersection en X,Normale,Deux véhicules - frontale,,,,,,,,,,,1,2,2,1,1
200500017463,0005-03-07 09:15:00,5,3,7,9,15,920,48.0,MARECHAL JUIN (AVENUE DU,,,Plein jour,En agglomération,Hors intersection,Normale,Autre collision,,,,,,,,,,,1,2,1,1,6
200500017464,0005-03-08 10:45:00,5,3,8,10,45,920,48.0,"06, PARIS (RUE DE) N° 1",,,Plein jour,En agglomération,Hors intersection,Normale,Trois véhicules et plus - en chaîne,,,,,,,,,,,1,2,1,1,4
200500017465,0005-03-17 22:00:00,5,3,17,22,0,920,48.0,"., BELGIQUE (RUE DE LA)",,,Plein jour,En agglomération,Hors intersection,Normale,Deux véhicules - frontale,,,,,,,,,,,1,2,1,1,1
200500017466,0005-03-17 18:20:00,5,3,17,18,20,920,48.0,"214, VERDUN (AVENUE DE)",,,Plein jour,En agglomération,Hors intersection,Normale,Autre collision,,,,,,,,,,,1,2,1,1,6
200500017467,0005-03-30 16:15:00,5,3,30,16,15,920,48.0,"151, VERDUN (AVENUE DE)",,,Plein jour,En agglomération,Hors intersection,Normale,Deux véhicules - côté,,,,,,,,,,,1,2,1,1,3
200500017468,0005-03-08 16:45:00,5,3,8,16,45,920,20.0,"35, BERANGER RUE",,,Plein jour,En agglomération,Hors intersection,Normale,Autre collision,,,,,,,,,,,1,2,1,1,6
200500017469,0005-03-10 19:00:00,5,3,10,19,0,920,49.0,"67, BROSSOLETTE AVENUE P",,,Crépuscule ou aube,En agglomération,Hors intersection,Normale,Autre collision,,,,,,,,,,,2,2,1,1,6
200500017470,0005-03-10 18:20:00,5,3,10,18,20,920,49.0,"117, BRIAND AVENUE ARIST",,,Plein jour,En agglomération,Intersection en X,Normale,Deux véhicules - arrière,,,,,,,,,,,1,2,2,1,2
200500017471,0005-03-14 10:15:00,5,3,14,10,15,920,49.0,BRIAND AVENUE ARISTIDE N,,,Plein jour,En agglomération,Intersection en X,Normale,Deux véhicules - côté,,,,,,,,,,,1,2,2,1,3
200500017472,0005-03-15 12:50:00,5,3,15,12,50,920,49.0,"107, BRIAND AVENUE ARIST",,,Plein jour,En agglomération,Hors intersection,Normale,Autre collision,,,,,,,,,,,1,2,1,1,6
200500017473,0005-03-18 08:45:00,5,3,18,8,45,920,49.0,VERDIER AVENUE AUTRES N°,,,Plein jour,En agglomération,Intersection en X,Normale,Autre collision,,,,,,,,,,,1,2,2,1,6
200500017474,0005-03-19 15:35:00,5,3,19,15,35,920,20.0,VANVES BOULEVARD DE N° P,,,Plein jour,En agglomération,Intersection en X,Normale,Deux véhicules - arrière,,,,,,,,,,,1,2,2,1,2
200500017475,0005-03-25 22:25:00,5,3,25,22,25,920,20.0,VANVES BOULEVARD DE N° P,,,Nuit avec éclairage allumé,En agglomération,Hors intersection,Normale,Deux véhicules - frontale,,,,,,,,,,,5,2,1,1,1
200500017476,0005-03-10 20:30:00,5,3,10,20,30,920,50.0,"53, PICASSO PABLO AVENUE",,,Nuit avec éclairage allumé,En agglomération,Hors intersection,Normale,Deux véhicules - frontale,,,,,,,,,,,5,2,1,1,1
200500017477,0005-03-28 22:45:00,5,3,28,22,45,920,50.0,JOILIOT CURIE F. ET IREN,,,Nuit avec éclairage allumé,En agglomération,Intersection en X,Normale,Deux véhicules - côté,,,,,,,,,,,5,2,2,1,3
200500017478,0005-03-31 12:15:00,5,3,31,12,15,920,50.0,QUENTIN JULES AVENUE,,,Plein jour,En agglomération,Hors intersection,Normale,Deux véhicules - côté,,,,,,,,,,,1,2,1,1,3
200500017479,0005-03-30 14:00:00,5,3,30,14,0,920,50.0,JOFFRE MARECHAL AVENUE D,,,Plein jour,En agglomération,Hors intersection,Normale,Deux véhicules - frontale,,,,,,,,,,,1,2,1,1,1
200500017480,0005-03-07 12:40:00,5,3,7,12,40,920,51.0,"14, CHATEAU (RUE DU)",,,Plein jour,En agglomération,Hors intersection,Normale,Deux véhicules - arrière,,,,,,,,,,,1,2,1,1,2
200500017481,0005-03-08 07:45:00,5,3,8,7,45,920,51.0,"NR, BINEAU (BOULEVARD, N",,,Plein jour,En agglomération,Intersection en X,Normale,Deux véhicules - côté,,,,,,,,,,,1,2,2,1,3
200500017482,0005-03-08 09:15:00,5,3,8,9,15,920,51.0,"20, CHATEAU (RUE DU)",,,Plein jour,En agglomération,Intersection en T,Normale,Autre collision,,,,,,,,,,,1,2,3,1,6
200500017483,0005-03-08 09:50:00,5,3,8,9,50,920,51.0,"5bis, RICHARD WALLACE (B",,,Plein jour,En agglomération,Intersection en T,Normale,Sans collision,,,,,,,,,,,1,2,3,1,7
200500017484,0005-03-09 08:20:00,5,3,9,8,20,920,51.0,"00, VICTOR HUGO (BOULEVA",,,Plein jour,En agglomération,Intersection en T,Normale,Deux véhicules - côté,,,,,,,,,,,1,2,3,1,3
200500017485,0005-03-09 12:20:00,5,3,9,12,20,920,51.0,"BINEAU (BOULEVARD, N°133",,,Plein jour,En agglomération,Intersection en X,Normale,Deux véhicules - frontale,,,,,,,,,,,1,2,2,1,1
200500017486,0005-03-18 14:25:00,5,3,18,14,25,920,51.0,"43, CHARLES DE GAULLE (A",,,Plein jour,En agglomération,Autre intersection,Normale,Deux véhicules - arrière,,,,,,,,,,,1,2,9,1,2
200500017487,0005-03-21 20:15:00,5,3,21,20,15,920,51.0,"18, MADRID (AVENUE DE)",,,Crépuscule ou aube,En agglomération,Hors intersection,Normale,Deux véhicules - côté,,,,,,,,,,,2,2,1,1,3
200500017488,0005-03-31 10:40:00,5,3,31,10,40,920,51.0,"1, BOUTARD (RUE)",,,Plein jour,En agglomération,Intersection en Y,Normale,Autre collision,,,,,,,,,,,1,2,4,1,6
200500017489,0005-03-07 16:25:00,5,3,7,16,25,920,62.0,"88, JAURES (RUE JEAN) DU",,,Plein jour,En agglomération,Hors intersection,Normale,Autre collision,,,,,,,,,,,1,2,1,1,6
200500017490,0005-03-15 09:30:00,5,3,15,9,30,920,62.0,"46, JACOTOT (RUE MARIUS)",,,Plein jour,En agglomération,Hors intersection,Normale,Autre collision,,,,,,,,,,,1,2,1,1,6
200500017491,0005-03-21 10:50:00,5,3,21,10,50,920,62.0,DE DION BOUTON (QUAI) DU,,,Plein jour,En agglomération,Intersection en X,Normale,Deux véhicules - arrière,,,,,,,,,,,1,2,2,1,2
200500017492,0005-03-25 16:20:00,5,3,25,16,20,920,62.0,"23, CHANTE COQ (RUE)",,,Plein jour,En agglomération,Hors intersection,Normale,Deux véhicules - côté,,,,,,,,,,,1,2,1,1,3
200500017493,0005-03-30 15:35:00,5,3,30,15,35,920,62.0,"5, DE DION BOUTON (QUAI)",,,Plein jour,En agglomération,Hors intersection,Normale,Deux véhicules - arrière,,,,,,,,,,,1,2,1,1,2
200500017494,0005-03-31 18:10:00,5,3,31,18,10,920,62.0,", LAFARGUES (RUE PAUL)",,,Plein jour,En agglomération,Intersection en X,Normale,Deux véhicules - côté,,,,,,,,,,,1,2,2,1,3
200500017495,0005-03-10 13:10:00,5,3,10,13,10,920,63.0,"néant, RICHELIEU (PLACE)",,,Plein jour,En agglomération,Hors intersection,Normale,Autre collision,,,,,,,,,,,1,2,1,1,6
200500017496,0005-03-21 08:45:00,5,3,21,8,45,920,63.0,HUGO (AVENUE VICTOR),,,Plein jour,En agglomération,Intersection en X,Normale,Deux véhicules - côté,,,,,,,,,,,1,2,2,1,3
200500017497,0005-03-25 16:35:00,5,3,25,16,35,920,63.0,"93, EMPEREUR (ROUTE DE L",,,Plein jour,En agglomération,Hors intersection,Normale,Deux véhicules - arrière,,,,,,,,,,,1,2,1,1,2