accident_id,datetime,annee,mois,jour,heure,minute,departement,commune_insee,adresse,latitude,longitude,luminosite,agglomeration,intersection,meteo,collision,nb_vehicules,nb_usagers,nb_indemnes,nb_tues,nb_blesses_hosp,nb_blesses_legers,age_cond_1,age_cond_2,veh_type_cond_1,veh_type_cond_2,lum_code,agg_code,int_code,atm_code,col_code
200500017498,0005-03-26 18:45:00,5,3,26,18,45,920,63.0,"2, CHATEAU (RUE DU)",,,Crépuscule ou aube,En agglomération,Hors intersection,Normale,Autre collision,,,,,,,,,,,2,2,1,1,6
200500017499,0005-03-10 10:20:00,5,3,10,10,20,920,76.0,MARCEL DASSAULT,,,Plein jour,En agglomération,Intersection en T,Normale,Trois véhicules et plus - collisions multiples,,,,,,,,,,,1,2,3,1,5
200500017500,0005-03-16 11:00:00,5,3,16,11,0,920,76.0,"26, DAILLY",,,Plein jour,En agglomération,Hors intersection,Normale,Deux véhicules - arrière,,,,,,,,,,,1,2,1,1,2
200500017501,0005-03-18 14:45:00,5,3,18,14,45,920,76.0,DAILLY,,,Plein jour,En agglomération,Place,Normale,Deux véhicules - arrière,,,,,,,,,,,1,2,7,1,2
200500017502,0005-03-19 03:28:00,5,3,19,3,28,920,64.0,CHEVRILLON,,,Nuit avec éclairage allumé,En agglomération,Intersection en T,Normale,Autre collision,,,,,,,,,,,5,2,3,1,6
200500017503,0005-03-25 17:45:00,5,3,25,17,45,920,33.0,GENERAL DE GAULLE,,,Plein jour,En agglomération,Intersection en T,Normale,Deux véhicules - côté,,,,,,,,,,,1,2,3,1,3
200500017504,0005-03-25 18:20:00,5,3,25,18,20,920,76.0,"0, MARECHAL JUIN",,,Plein jour,En agglomération,Hors intersection,Normale,Sans collision,,,,,,,,,,,1,2,1,1,7
200500017505,0005-03-14 15:15:00,5,3,14,15,15,920,72.0,"04, EUROPE (AVENUE DE L'",,,Plein jour,En agglomération,Hors intersection,Normale,Sans collision,,,,,,,,,,,1,2,1,1,7
200500017506,0005-03-16 18:45:00,5,3,16,18,45,920,72.0,VILLE D'AVRAY (RUE DE ),,,Plein jour,En agglomération,Intersection en T,Normale,Deux véhicules - côté,,,,,,,,,,,1,2,3,1,3
200500017507,0005-03-22 09:30:00,5,3,22,9,30,920,72.0,"03, GRANDE RUE",,,Plein jour,En agglomération,Hors intersection,Normale,Sans collision,,,,,,,,,,,1,2,1,1,7
200500017508,0005-03-25 16:00:00,5,3,25,16,0,920,77.0,GAULLE (PLACE CHARLES DE,,,Plein jour,En agglomération,Hors intersection,Normale,Autre collision,,,,,,,,,,,1,2,1,1,6
200500017509,0005-03-29 08:20:00,5,3,29,8,20,920,72.0,"45, EUROPE (AVENUE DE L'",,,Plein jour,En agglomération,Hors intersection,Normale,Sans collision,,,,,,,,,,,1,2,1,1,7
200500017510,0005-03-04 08:30:00,5,3,4,8,30,920,73.0,FECHERAY (RUE DU),,,Plein jour,En agglomération,Intersection en Y,Normale,Autre collision,,,,,,,,,,,1,2,4,1,6
200500017511,0005-03-05 01:25:00,5,3,5,1,25,920,73.0,"92, SELLIER (BOULEVARD H",,,Nuit avec éclairage allumé,En agglomération,Hors intersection,Pluie légère,Autre collision,,,,,,,,,,,5,2,1,2,6
200500017512,0005-03-07 14:06:00,5,3,7,14,6,920,73.0,"15, FLOURENS (RUE GUSTAV",,,Plein jour,En agglomération,Intersection en T,Normale,Autre collision,,,,,,,,,,,1,2,3,1,6
200500017513,0005-03-17 19:00:00,5,3,17,19,0,920,73.0,"87, DE LATTRE DE TASSIGN",,,Crépuscule ou aube,En agglomération,Hors intersection,Normale,Deux véhicules - frontale,,,,,,,,,,,2,2,1,1,1
200500017514,0005-03-19 12:18:00,5,3,19,12,18,920,73.0,"92, SELLIER (BOULEVARD H",,,Plein jour,En agglomération,Hors intersection,Normale,Autre collision,,,,,,,,,,,1,2,1,1,6
200500017515,0005-03-20 15:10:00,5,3,20,15,10,920,73.0,CARNOT (RUE),,,Plein jour,En agglomération,Intersection en X,Normale,Deux véhicules - côté,,,,,,,,,,,1,2,2,1,3
200500017516,0005-03-24 14:20:00,5,3,24,14,20,920,73.0,"32, SELLIER (BOULEVARD H",,,Plein jour,En agglomération,Intersection en T,Normale,Deux véhicules - côté,,,,,,,,,,,1,2,3,1,3
200500017517,0005-03-27 19:45:00,5,3,27,19,45,920,73.0,"17, JAURES (AVENUE JEAN)",,,Plein jour,En agglomération,Hors intersection,Pluie légère,Autre collision,,,,,,,,,,,1,2,1,2,6
200500017518,0005-03-29 12:15:00,5,3,29,12,15,920,73.0,"117, VERDUN (RUE DE)",,,Plein jour,En agglomération,Hors intersection,Pluie légère,Sans collision,,,,,,,,,,,1,2,1,2,7
200500017519,0005-03-05 13:50:00,5,3,5,13,50,920,46.0,"41, CAMELINAT",,,Plein jour,En agglomération,Intersection en X,Temps couvert,Deux véhicules - côté,,,,,,,,,,,1,2,2,8,3
200500017520,0005-03-12 00:40:00,5,3,12,0,40,920,46.0,"angle, CAMELINAT",,,Nuit avec éclairage allumé,En agglomération,Intersection en X,Normale,Deux véhicules - côté,,,,,,,,,,,5,2,2,1,3
200500017521,0005-03-15 19:40:00,5,3,15,19,40,920,75.0,"43, STALINGRAD (BOULEVAR",,,Nuit avec éclairage allumé,En agglomération,Hors intersection,Normale,Deux véhicules - arrière,,,,,,,,,,,5,2,1,1,2
200500017522,0005-03-16 08:15:00,5,3,16,8,15,920,75.0,"ANGLE, DE GAULLE (AVENUE",,,Plein jour,En agglomération,Intersection en T,Normale,Deux véhicules - frontale,,,,,,,,,,,1,2,3,1,1
200500017523,0005-03-25 21:55:00,5,3,25,21,55,920,75.0,"ANGLE, FABIEN (BOULEVARD",,,Nuit avec éclairage allumé,En agglomération,Intersection en X,Normale,Deux véhicules - côté,,,,,,,,,,,5,2,2,1,3
200500017524,0005-03-27 00:30:00,5,3,27,0,30,920,75.0,Antoine Fratacci,,,Nuit avec éclairage allumé,En agglomération,Giratoire,Normale,Autre collision,,,,,,,,,,,5,2,6,1,6
200500017525,0005-03-18 12:20:00,5,3,18,12,20,920,78.0,"38, VERDUN (AVENUE) (PAI",,,Plein jour,En agglomération,Hors intersection,Normale,Deux véhicules - arrière,,,,,,,,,,,1,2,1,1,2
200500017526,0005-03-22 21:50:00,5,3,22,21,50,920,78.0,"44, LONGUE BERTRANE (RUE",,,Nuit avec éclairage allumé,En agglomération,Hors intersection,Normale,Deux véhicules - côté,,,,,,,,,,,5,2,1,1,3
200500017527,0005-03-08 09:30:00,5,3,8,9,30,920,62.0,VILLON (PARKINGS),,,Plein jour,En agglomération,Hors intersection,Normale,Sans collision,,,,,,,,,,,1,2,1,1,7
200500017528,0005-03-24 19:27:00,5,3,24,19,27,920,62.0,", GENERAL LECLERC (AVENU",,,Plein jour,En agglomération,Hors intersection,Pluie légère,Sans collision,,,,,,,,,,,1,2,1,2,7
200500017529,0005-03-01 17:45:00,5,3,1,17,45,930,1.0,ADRIEN AGNES (QUAI),,,Plein jour,En agglomération,Intersection en X,Normale,Autre collision,,,,,,,,,,,1,2,2,1,6
200500017530,0005-03-13 11:55:00,5,3,13,11,55,930,1.0,"01, ACHILLE DOMART (RUE)",,,Plein jour,En agglomération,Hors intersection,Normale,Autre collision,,,,,,,,,,,1,2,1,1,6
200500017531,0005-03-10 09:40:00,5,3,10,9,40,930,1.0,ADRIEN AGNES (QUAI),,,Plein jour,En agglomération,Intersection en Y,Normale,Trois véhicules et plus - collisions multiples,,,,,,,,,,,1,2,4,1,5
200500017532,0005-03-13 13:30:00,5,3,13,13,30,930,1.0,"4, ACHILLE DOMART (RUE)",,,Plein jour,En agglomération,Intersection en X,Normale,Autre collision,,,,,,,,,,,1,2,2,1,6
200500017533,0005-03-14 10:20:00,5,3,14,10,20,930,1.0,", PRESLES (RUE DE)",,,Plein jour,En agglomération,Intersection en T,Normale,Autre collision,,,,,,,,,,,1,2,3,1,6
200500017534,0005-03-04 16:30:00,5,3,4,16,30,930,1.0,FELIX FAURE (BLD)  => 11,,,Plein jour,En agglomération,Intersection en X,Normale,Deux véhicules - côté,,,,,,,,,,,1,2,2,1,3
200500017535,0005-03-15 10:50:00,5,3,15,10,50,930,1.0,"1, REPUBLIQUE (AVE DE LA",,,Plein jour,En agglomération,Hors intersection,Normale,Autre collision,,,,,,,,,,,1,2,1,1,6
200500017536,0005-03-17 21:36:00,5,3,17,21,36,930,1.0,"151, JEAN JAURES  (AVE)",,,Nuit avec éclairage allumé,En agglomération,Autre intersection,Normale,Deux véhicules - côté,,,,,,,,,,,5,2,9,1,3
200500017537,0005-03-21 20:00:00,5,3,21,20,0,930,1.0,"68, DANIELLE CASANOVA (R",,,Nuit avec éclairage allumé,En agglomération,Hors intersection,Normale,Autre collision,,,,,,,,,,,5,2,1,1,6
200500017538,0005-03-10 11:20:00,5,3,10,11,20,930,5.0,"néant, ROSERAIE (RUE DE",,,Plein jour,En agglomération,Intersection en X,Normale,Deux véhicules - côté,,,,,,,,,,,1,2,2,1,3
200500017539,0005-03-13 17:20:00,5,3,13,17,20,930,5.0,"Néant, GEORGES BRAQUE (B",,,Plein jour,En agglomération,Intersection en X,Normale,Deux véhicules - arrière,,,,,,,,,,,1,2,2,1,2
200500017540,0005-03-20 20:00:00,5,3,20,20,0,930,5.0,"30, JEAN CHARCOT [CD115]",,,Nuit avec éclairage allumé,En agglomération,Intersection en Y,Normale,Sans collision,,,,,,,,,,,5,2,4,1,7
200500017541,0005-03-22 12:55:00,5,3,22,12,55,930,5.0,"neant, MARECHAL JUIN (AV",,,Plein jour,En agglomération,Hors intersection,Temps couvert,Deux véhicules - côté,,,,,,,,,,,1,2,1,8,3
200500017542,0005-03-25 08:15:00,5,3,25,8,15,930,5.0,"néant, GASPARD MONGE (RU",,,Plein jour,En agglomération,Intersection en T,Brouillard / fumée,Autre collision,,,,,,,,,,,1,2,3,5,6
200500017543,0005-03-31 10:45:00,5,3,31,10,45,930,5.0,"127, NONNEVILLE (AVENUE",,,Plein jour,En agglomération,Hors intersection,Normale,Deux véhicules - arrière,,,,,,,,,,,1,2,1,1,2
200500017544,0005-03-31 14:40:00,5,3,31,14,40,930,5.0,"NEANT, MOULIN DE LA VILL",,,Plein jour,En agglomération,Hors intersection,Normale,Deux véhicules - arrière,,,,,,,,,,,1,2,1,1,2
200500017545,0005-03-01 02:50:00,5,3,1,2,50,930,7.0,"40, COLONEL FABIEN (RUE",,,Nuit avec éclairage allumé,En agglomération,Hors intersection,Normale,Autre collision,,,,,,,,,,,5,2,1,1,6
200500017546,0005-03-03 11:10:00,5,3,3,11,10,930,7.0,", P.T.T. (PRINCIPAL)",,,Plein jour,En agglomération,Hors intersection,Neige / grêle,Autre collision,,,,,,,,,,,1,2,1,4,6
200500017547,0005-03-04 22:20:00,5,3,4,22,20,930,7.0,"""8 MAI 45 (AVENUE """"N° 2",,,Nuit avec éclairage allumé,En agglomération,Autre intersection,Neige / grêle,Deux véhicules - arrière,,,,,,,,,,,5,2,9,4,2
200500017548,0005-03-18 12:50:00,5,3,18,12,50,930,7.0,DIDEROT,,,Plein jour,En agglomération,Intersection en X,Normale,Deux véhicules - frontale,,,,,,,,,,,1,2,2,1,1
200500017549,0005-03-20 10:05:00,5,3,20,10,5,930,7.0,ARISTIDE BRIAND (AVENUE,,,Plein jour,En agglomération,Intersection en T,Normale,Autre collision,,,,,,,,,,,1,2,3,1,6
200500017550,0005-03-23 16:00:00,5,3,23,16,0,930,7.0,"02, ALBERT EINSTEIN (AVE",,,Plein jour,En agglomération,Hors intersection,Normale,Autre collision,,,,,,,,,,,1,2,1,1,6
200500017551,0005-03-26 12:45:00,5,3,26,12,45,930,7.0,"5, PROFESSEUR FLEMING (A",,,Plein jour,En agglomération,Intersection en X,Normale,Deux véhicules - côté,,,,,,,,,,,1,2,2,1,3
200500017552,0005-03-09 20:35:00,5,3,9,20,35,930,8.0,THOREZ (BOULEVARD MAURIC,,,Nuit avec éclairage allumé,En agglomération,Autre intersection,Normale,Deux véhicules - côté,,,,,,,,,,,5,2,9,1,3
200500017553,0005-03-14 16:00:00,5,3,14,16,0,930,8.0,FOLIE (CARREFOUR DE LA),,,Plein jour,En agglomération,Intersection en X,Normale,Deux véhicules - côté,,,,,,,,,,,1,2,2,1,3
200500017554,0005-03-17 09:11:00,5,3,17,9,11,930,8.0,BARBUSSE (AVENUE HENRI),,,Plein jour,En agglomération,Hors intersection,Normale,Autre collision,,,,,,,,,,,1,2,1,1,6
200500017555,0005-03-23 09:00:00,5,3,23,9,0,930,8.0,"144, BARBUSSE (AVENUE HE",,,Plein jour,En agglomération,Hors intersection,Normale,Autre collision,,,,,,,,,,,1,2,1,1,6
200500017556,0005-03-23 16:55:00,5,3,23,16,55,930,8.0,LENINE (BOULEVARD),,,Plein jour,En agglomération,Hors intersection,Normale,Autre collision,,,,,,,,,,,1,2,1,1,6
200500017557,0005-03-20 01:15:00,5,3,20,1,15,930,8.0,PLACE ESCADRILLE N. NIEM,,,Nuit avec éclairage allumé,En agglomération,Giratoire,Normale,Deux véhicules - arrière,,,,,,,,,,,5,2,6,1,2
200500017558,0005-03-30 05:35:00,5,3,30,5,35,930,8.0,"26, BARBUSSE (AVENUE HEN",,,Nuit avec éclairage allumé,En agglomération,Intersection en X,Normale,Deux véhicules - côté,,,,,,,,,,,5,2,2,1,3
200500017559,0005-03-16 13:15:00,5,3,16,13,15,930,10.0,JAURES (RUE JEAN) DE 1 A,,,Plein jour,En agglomération,Intersection en T,Normale,Autre collision,,,,,,,,,,,1,2,3,1,6
200500017560,0005-03-04 19:35:00,5,3,4,19,35,930,13.0,"23, LECLERC (AVENU DE LA",,,Nuit avec éclairage allumé,En agglomération,Hors intersection,Pluie légère,Autre collision,,,,,,,,,,,5,2,1,2,6
200500017561,0005-03-05 02:35:00,5,3,5,2,35,930,13.0,"40 BIS, QUINET (RUE EDGA",,,Nuit avec éclairage allumé,En agglomération,Hors intersection,Autre,Autre collision,,,,,,,,,,,5,2,1,9,6
200500017562,0005-03-09 20:24:00,5,3,9,20,24,930,27.0,"97, MERMOZ (AVENUE JEAN)",,,Nuit avec éclairage allumé,En agglomération,Intersection en X,Normale,Deux véhicules - côté,,,,,,,,,,,5,2,2,1,3
200500017563,0005-03-12 11:00:00,5,3,12,11,0,930,27.0,CONVENTION (RUE DE LA),,,Plein jour,En agglomération,Hors intersection,Normale,Deux véhicules - arrière,,,,,,,,,,,1,2,1,1,2
200500017564,0005-03-15 16:30:00,5,3,15,16,30,930,13.0,LECLERC (AVENU DE LA DIV,,,Plein jour,En agglomération,Hors intersection,Normale,Trois véhicules et plus - collisions multiples,,,,,,,,,,,1,2,1,1,5
200500017565,0005-03-25 21:20:00,5,3,25,21,20,930,13.0,"20, LECLERC (AVENU DE LA",,,Nuit avec éclairage allumé,En agglomération,Hors intersection,Normale,Autre collision,,,,,,,,,,,5,2,1,1,6
200500017566,0005-03-28 17:00:00,5,3,28,17,0,930,27.0,"20, FERRY (RUE JULES)",,,Plein jour,En agglomération,Passage à niveau,Pluie forte,Autre collision,,,,,,,,,,,1,2,8,3,6
200500017567,0005-03-29 10:58:00,5,3,29,10,58,930,13.0,"7, JAURES (AVENUE JEAN)",,,Plein jour,En agglomération,Intersection en X,Normale,Deux véhicules - côté,,,,,,,,,,,1,2,2,1,3
200500017568,0005-03-31 09:00:00,5,3,31,9,0,930,13.0,"3, SEMBAT (RUE MARCEL)",,,Plein jour,En agglomération,Hors intersection,Normale,Autre collision,,,,,,,,,,,1,2,1,1,6
200500017569,0005-03-06 18:40:00,5,3,6,18,40,930,79.0,"4, JEAN BAPTISTE CLEMENT",,,Crépuscule ou aube,En agglomération,Hors intersection,Normale,Autre collision,,,,,,,,,,,2,2,1,1,6
200500017570,0005-03-12 13:00:00,5,3,12,13,0,930,79.0,"169, REPUBLIQUE (AV) 1 A",,,Plein jour,En agglomération,Intersection en X,Normale,Autre collision,,,,,,,,,,,1,2,2,1,6
200500017571,0005-03-15 10:40:00,5,3,15,10,40,930,79.0,"1, CENTRE COMMERCIAL BIE",,,Plein jour,En agglomération,Hors intersection,Normale,Autre collision,,,,,,,,,,,1,2,1,1,6
200500017572,0005-03-19 13:15:00,5,3,19,13,15,930,31.0,"1, 18 JUIN 1940 (AV DU)",,,Plein jour,En agglomération,Hors intersection,Normale,Deux véhicules - frontale,,,,,,,,,,,1,2,1,1,1
200500017573,0005-03-19 15:10:00,5,3,19,15,10,930,79.0,"45, REPUBLIQUE (AV) 1 A",,,Plein jour,En agglomération,Intersection en T,Normale,Deux véhicules - côté,,,,,,,,,,,1,2,3,1,3
200500017574,0005-03-25 17:25:00,5,3,25,17,25,930,79.0,"24, REPUBLIQUE (AV) 1 A",,,Plein jour,En agglomération,Hors intersection,Normale,Autre collision,,,,,,,,,,,1,2,1,1,6
200500017575,0005-03-10 15:15:00,5,3,10,15,15,930,47.0,"56, VAUCANSON  (AVENUE)",,,Plein jour,En agglomération,Hors intersection,Normale,Autre collision,,,,,,,,,,,1,2,1,1,6
200500017576,0005-03-14 11:00:00,5,3,14,11,0,930,47.0,"52, SCIENCES   (AVENUE D",,,Plein jour,En agglomération,Autre intersection,Normale,Autre collision,,,,,,,,,,,1,2,9,1,6
200500017577,0005-03-14 14:45:00,5,3,14,14,45,930,32.0,", HENRI BARBUSSE   (AVEN",,,Plein jour,En agglomération,Intersection en X,Normale,Autre collision,,,,,,,,,,,1,2,2,1,6
200500017578,0005-03-15 07:45:00,5,3,15,7,45,930,32.0,GEORGES GUYONNET  (ALLEE,,,Plein jour,En agglomération,Hors intersection,Normale,Autre collision,,,,,,,,,,,1,2,1,1,6
200500017579,0005-03-18 17:00:00,5,3,18,17,0,930,32.0,ROGER SALENGRO  (AVENUE),,,Plein jour,En agglomération,Intersection en X,Normale,Deux véhicules - côté,,,,,,,,,,,1,2,2,1,3
200500017580,0005-03-26 12:17:00,5,3,26,12,17,930,32.0,JEAN JAURES (AVENUE),,,Plein jour,En agglomération,Intersection en T,Normale,Deux véhicules - côté,,,,,,,,,,,1,2,3,1,3
200500017581,0005-03-26 15:35:00,5,3,26,15,35,930,32.0,"30, CONTANT   (RUE)",,,Plein jour,En agglomération,Giratoire,Normale,Deux véhicules - côté,,,,,,,,,,,1,2,6,1,3
200500017582,0005-03-05 19:10:00,5,3,5,19,10,930,45.0,PARIS RUE DE,,,Crépuscule ou aube,En agglomération,Hors intersection,Neige / grêle,Autre collision,,,,,,,,,,,2,2,1,4,6
200500017583,0005-03-14 07:50:00,5,3,14,7,50,930,63.0,"59, VERDUN AVENUE DE",,,Plein jour,En agglomération,Hors intersection,Normale,Autre collision,,,,,,,,,,,1,2,1,1,6
200500017584,0005-03-19 12:15:00,5,3,19,12,15,930,45.0,"63, JOINEAU ANDRE RUE",,,Plein jour,En agglomération,Hors intersection,Normale,Autre collision,,,,,,,,,,,1,2,1,1,6
200500017585,0005-03-21 13:35:00,5,3,21,13,35,930,63.0,"45, REPUBLIQUE RUE DE LA",,,Plein jour,En agglomération,Autre intersection,Normale,Autre collision,,,,,,,,,,,1,2,9,1,6
200500017586,0005-03-02 15:20:00,5,3,2,15,20,930,46.0,"NR, WINSTON CHURCHILL AV",,,Plein jour,En agglomération,Intersection en X,Neige / grêle,Autre collision,,,,,,,,,,,1,2,2,4,6
200500017587,0005-03-02 18:20:00,5,3,2,18,20,930,46.0,"NR, DOCTEUR HERPIN RUE D",,,Nuit avec éclairage allumé,En agglomération,Hors intersection,Neige / grêle,Deux véhicules - frontale,,,,,,,,,,,5,2,1,4,1
200500017588,0005-03-03 13:10:00,5,3,3,13,10,930,46.0,"NR, ALBERT CAMUS AVENUE",,,Plein jour,En agglomération,Intersection en X,Neige / grêle,Deux véhicules - côté,,,,,,,,,,,1,2,2,4,3
200500017589,0005-03-06 20:20:00,5,3,6,20,20,930,46.0,"29/33, MARX DORMOY BOULE",,,Nuit avec éclairage allumé,En agglomération,Hors intersection,Normale,Deux véhicules - côté,,,,,,,,,,,5,2,1,1,3
200500017590,0005-03-10 11:00:00,5,3,10,11,0,930,46.0,"NR, MARX DORMOY BOULEVAR",,,Plein jour,En agglomération,Intersection en X,Normale,Deux véhicules - arrière,,,,,,,,,,,1,2,2,1,2
200500017591,0005-03-15 20:30:00,5,3,15,20,30,930,74.0,"NR, COURTRY RUE DE",,,Nuit avec éclairage allumé,En agglomération,Intersection en Y,Normale,Deux véhicules - frontale,,,,,,,,,,,5,2,4,1,1
200500017592,0005-03-22 22:05:00,5,3,22,22,5,930,46.0,"Sans Objet, ARISTIDE BRI",,,Nuit avec éclairage allumé,En agglomération,Intersection en X,Normale,Deux véhicules - côté,,,,,,,,,,,5,2,2,1,3
200500017593,0005-03-29 08:00:00,5,3,29,8,0,930,74.0,"Sans Objet, LATTRE DE TA",,,Plein jour,En agglomération,Hors intersection,Normale,Deux véhicules - côté,,,,,,,,,,,1,2,1,1,3
200500017594,0005-03-30 13:00:00,5,3,30,13,0,930,46.0,"2-20, EST ALLEE DE L'",,,Plein jour,En agglomération,Intersection en X,Normale,Deux véhicules - côté,,,,,,,,,,,1,2,2,1,3
200500017595,0005-03-28 20:40:00,5,3,28,20,40,930,46.0,"Sans Objet, JEAN JAURES",,,Nuit avec éclairage allumé,En agglomération,Intersection en X,Pluie légère,Deux véhicules - frontale,,,,,,,,,,,5,2,2,2,1
200500017596,0005-03-30 13:10:00,5,3,30,13,10,930,15.0,"Sans Objet, BOIS DE BERN",,,Plein jour,En agglomération,Giratoire,Normale,Deux véhicules - côté,,,,,,,,,,,1,2,6,1,3
200500017597,0005-03-05 17:45:00,5,3,5,17,45,930,48.0,CHANZY (BOULEVARD),,,Plein jour,En agglomération,Intersection en X,Pluie légère,Deux véhicules - côté,,,,,,,,,,,1,2,2,2,3
200500017598,0005-03-06 16:35:00,5,3,6,16,35,930,48.0,PARIS (RUE DE),,,Plein jour,En agglomération,Autre intersection,Normale,Deux véhicules - arrière,,,,,,,,,,,1,2,9,1,2
200500017599,0005-03-08 13:10:00,5,3,8,13,10,930,48.0,JARDIN ECOLE (RUE DU),,,Plein jour,En agglomération,Hors intersection,Normale,Autre collision,,,,,,,,,,,1,2,1,1,6
200500017600,0005-03-08 18:35:00,5,3,8,18,35,930,48.0,LEO LAGRANGE (AVENUE),,,Nuit avec éclairage allumé,En agglomération,Intersection en X,Normale,Deux véhicules - côté,,,,,,,,,,,5,2,2,1,3
200500017601,0005-03-08 20:35:00,5,3,8,20,35,930,48.0,JACQUES DUCLOS (RUE),,,Nuit avec éclairage allumé,En agglomération,Intersection à plus de 4 branches,Normale,Autre collision,,,,,,,,,,,5,2,5,1,6
200500017602,0005-03-09 11:00:00,5,3,9,11,0,930,48.0,"27, GALLILEE (RUE)",,,Plein jour,En agglomération,Intersection en X,Normale,Autre collision,,,,,,,,,,,1,2,2,1,6
200500017603,0005-03-10 13:15:00,5,3,10,13,15,930,48.0,JACQUES DUCLOS (RUE),,,Plein jour,En agglomération,Intersection en X,Normale,Deux véhicules - arrière,,,,,,,,,,,1,2,2,1,2
200500017604,0005-03-17 17:05:00,5,3,17,17,5,930,48.0,"163, ARISTIDE BRIAND (BO",,,Plein jour,En agglomération,Hors intersection,Normale,Autre collision,,,,,,,,,,,1,2,1,1,6
200500017605,0005-03-17 10:35:00,5,3,17,10,35,930,48.0,"0, JULES GUESDE (RUE)",,,Plein jour,En agglomération,Hors intersection,Normale,Deux véhicules - arrière,,,,,,,,,,,1,2,1,1,2
200500017606,0005-03-20 11:15:00,5,3,20,11,15,930,48.0,"72, LAGNY (RUE DE)",,,Plein jour,En agglomération,Intersection en X,Normale,Sans collision,,,,,,,,,,,1,2,2,1,7
200500017607,0005-03-24 16:20:00,5,3,24,16,20,930,48.0,RASPAIL (RUE),,,Plein jour,En agglomération,Intersection en X,Temps couvert,Deux véhicules - côté,,,,,,,,,,,1,2,2,8,3
200500017608,0005-03-25 11:10:00,5,3,25,11,10,930,48.0,"09, ANATOLE FRANCE (RUE)",,,Plein jour,En agglomération,Hors intersection,Normale,Autre collision,,,,,,,,,,,1,2,1,1,6
200500017609,0005-03-29 15:10:00,5,3,29,15,10,930,48.0,"0, EMILE ZOLA (RUE)",,,Plein jour,En agglomération,Autre intersection,Normale,Deux véhicules - côté,,,,,,,,,,,1,2,9,1,3
200500017610,0005-03-10 12:40:00,5,3,10,12,40,930,50.0,"58, PAUL ET CAMILLE THOM",,,Plein jour,En agglomération,Hors intersection,Normale,Autre collision,,,,,,,,,,,1,2,1,1,6
200500017611,0005-03-11 17:30:00,5,3,11,17,30,930,50.0,"84, PAUL ET CAMILLE THOM",,,Plein jour,En agglomération,Intersection en T,Normale,Deux véhicules - côté,,,,,,,,,,,1,2,3,1,3
200500017612,0005-03-12 23:25:00,5,3,12,23,25,930,49.0,"4, PRE DE L'ARCHE (RUE)",,,Nuit avec éclairage allumé,En agglomération,Hors intersection,Normale,Autre collision,,,,,,,,,,,5,2,1,1,6
200500017613,0005-03-13 15:40:00,5,3,13,15,40,930,50.0,"0, DAUPHINE (PLACE)",,,Plein jour,En agglomération,Hors intersection,Normale,Autre collision,,,,,,,,,,,1,2,1,1,6
200500017614,0005-03-14 10:25:00,5,3,14,10,25,930,50.0,GUETTE (RUE),,,Plein jour,En agglomération,Intersection en T,Normale,Deux véhicules - côté,,,,,,,,,,,1,2,3,1,3
200500017615,0005-03-21 13:55:00,5,3,21,13,55,930,50.0,"15, AVRON (RUE)",,,Plein jour,En agglomération,Intersection en X,Normale,Deux véhicules - côté,,,,,,,,,,,1,2,2,1,3
200500017616,0005-03-22 07:10:00,5,3,22,7,10,930,49.0,ALEXANDER FLEMING (RUE),,,Plein jour,En agglomération,Hors intersection,Temps couvert,Deux véhicules - côté,,,,,,,,,,,1,2,1,8,3
200500017617,0005-03-14 08:25:00,5,3,14,8,25,930,51.0,RU DE NESLE (BOULEVARD),,,Plein jour,En agglomération,Intersection en X,Normale,Deux véhicules - côté,,,,,,,,,,,1,2,2,1,3
200500017618,0005-03-15 08:45:00,5,3,15,8,45,930,51.0,"19, BALLON",,,Plein jour,En agglomération,Hors intersection,Normale,Deux véhicules - côté,,,,,,,,,,,1,2,1,1,3
200500017619,0005-03-18 18:55:00,5,3,18,18,55,930,51.0,"9, VAL FLEURI",,,Plein jour,En agglomération,Hors intersection,Normale,Autre collision,,,,,,,,,,,1,2,1,1,6
200500017620,0005-03-22 12:30:00,5,3,22,12,30,930,51.0,UNIVERSITE,,,Plein jour,En agglomération,Hors intersection,Pluie légère,Deux véhicules - frontale,,,,,,,,,,,1,2,1,2,1
200500017621,0005-03-23 13:00:00,5,3,23,13,0,930,33.0,JOFFRE (AVENUE),,,Plein jour,En agglomération,Hors intersection,Normale,Deux véhicules - arrière,,,,,,,,,,,1,2,1,1,2
200500017622,0005-03-23 15:10:00,5,3,23,15,10,930,51.0,"02, FORT (AVE)",,,Plein jour,En agglomération,Hors intersection,Normale,Deux véhicules - côté,,,,,,,,,,,1,2,1,1,3
200500017623,0005-03-28 23:30:00,5,3,28,23,30,930,51.0,DOCTEUR VAILLANT,,,Nuit avec éclairage allumé,En agglomération,Intersection en X,Autre,Deux véhicules - côté,,,,,,,,,,,5,2,2,9,3
200500017624,0005-03-30 10:45:00,5,3,30,10,45,930,51.0,"26, GRAVIERS",,,Plein jour,En agglomération,Hors intersection,Temps couvert,Deux véhicules - arrière,,,,,,,,,,,1,2,1,8,2
200500017625,0005-03-18 19:55:00,5,3,18,19,55,930,53.0,"131, BREMENT (RUE DE) 10",,,Nuit avec éclairage allumé,En agglomération,Hors intersection,Normale,Autre collision,,,,,,,,,,,5,2,1,1,6
200500017626,0005-03-20 18:10:00,5,3,20,18,10,930,53.0,MICHELET (BLD) N° 2 A 80,,,Plein jour,En agglomération,Intersection en X,Normale,Deux véhicules - côté,,,,,,,,,,,1,2,2,1,3
200500017627,0005-03-26 12:05:00,5,3,26,12,5,930,53.0,"140, PARIS (RUE DE)",,,Plein jour,En agglomération,Hors intersection,Normale,Trois véhicules et plus - collisions multiples,,,,,,,,,,,1,2,1,1,5