accident_id,datetime,annee,mois,jour,heure,minute,departement,commune_insee,adresse,latitude,longitude,luminosite,agglomeration,intersection,meteo,collision,nb_vehicules,nb_usagers,nb_indemnes,nb_tues,nb_blesses_hosp,nb_blesses_legers,age_cond_1,age_cond_2,veh_type_cond_1,veh_type_cond_2,lum_code,agg_code,int_code,atm_code,col_code
200500017628,0005-03-10 21:45:00,5,3,10,21,45,930,55.0,BERTHIER,,,Nuit avec éclairage allumé,En agglomération,Intersection en X,Normale,Autre collision,,,,,,,,,,,5,2,2,1,6
200500017629,0005-03-15 16:50:00,5,3,15,16,50,930,55.0,"162, JEAN JAURES (AVENUE",,,Plein jour,En agglomération,Hors intersection,Normale,Deux véhicules - arrière,,,,,,,,,,,1,2,1,1,2
200500017630,0005-03-23 08:25:00,5,3,23,8,25,930,55.0,"36, BENJAMIN DELESSERT",,,Plein jour,En agglomération,Hors intersection,Normale,Autre collision,,,,,,,,,,,1,2,1,1,6
200500017631,0005-03-31 02:10:00,5,3,31,2,10,930,55.0,CHEMIN DE FER (DU),,,Nuit avec éclairage allumé,En agglomération,Hors intersection,Normale,Autre collision,,,,,,,,,,,5,2,1,1,6
200500017632,0005-03-04 09:10:00,5,3,4,9,10,930,14.0,"22, COUBRON (ALLEE DE)",,,Plein jour,En agglomération,Intersection en X,Normale,Deux véhicules - côté,,,,,,,,,,,1,2,2,1,3
200500017633,0005-03-13 08:35:00,5,3,13,8,35,930,14.0,GAGNY (ALLEE DE) 7 ILES,,,Plein jour,En agglomération,Hors intersection,Normale,Deux véhicules - côté,,,,,,,,,,,1,2,1,1,3
200500017634,0005-03-21 11:30:00,5,3,21,11,30,930,14.0,"01, AULNAY (BOULEVARD D'",,,Plein jour,En agglomération,Intersection en X,Normale,Deux véhicules - arrière,,,,,,,,,,,1,2,2,1,2
200500017635,0005-03-28 11:50:00,5,3,28,11,50,930,62.0,"128, RESISTANCE (AVENUE",,,Plein jour,En agglomération,Hors intersection,Normale,Trois véhicules et plus - en chaîne,,,,,,,,,,,1,2,1,1,4
200500017636,0005-03-04 22:30:00,5,3,4,22,30,930,64.0,ALSACE-LORRAINE (BOULEVA,,,Nuit avec éclairage allumé,En agglomération,Hors intersection,Neige / grêle,Deux véhicules - côté,,,,,,,,,,,5,2,1,4,3
200500017637,0005-03-07 11:45:00,5,3,7,11,45,930,64.0,BLUM (RUE LEON),,,Plein jour,En agglomération,Hors intersection,Pluie légère,Autre collision,,,,,,,,,,,1,2,1,2,6
200500017638,0005-03-08 09:45:00,5,3,8,9,45,930,77.0,ANDRE (BOULEVARD),,,Plein jour,En agglomération,Intersection en X,Normale,Deux véhicules - côté,,,,,,,,,,,1,2,2,1,3
200500017639,0005-03-11 16:40:00,5,3,11,16,40,930,64.0,ALSACE-LORRAINE (BOULEVA,,,Plein jour,En agglomération,Hors intersection,Normale,Autre collision,,,,,,,,,,,1,2,1,1,6
200500017640,0005-03-15 16:10:00,5,3,15,16,10,930,64.0,"125, ALSACE-LORRAINE (BO",,,Plein jour,En agglomération,Hors intersection,Normale,Autre collision,,,,,,,,,,,1,2,1,1,6
200500017641,0005-03-17 13:10:00,5,3,17,13,10,930,64.0,"5, ESPERANCE (ALLEE DE L",,,Plein jour,En agglomération,Hors intersection,Normale,Autre collision,,,,,,,,,,,1,2,1,1,6
200500017642,0005-03-19 18:35:00,5,3,19,18,35,930,64.0,"7, LISBONNE (RUE DE)",,,Crépuscule ou aube,En agglomération,Hors intersection,Normale,Autre collision,,,,,,,,,,,2,2,1,1,6
200500017643,0005-03-20 15:50:00,5,3,20,15,50,930,64.0,DE GAULLE (AV DU GENERAL,,,Plein jour,Hors agglomération,Hors intersection,Normale,Deux véhicules - côté,,,,,,,,,,,1,1,1,1,3
200500017644,0005-03-22 07:45:00,5,3,22,7,45,930,64.0,"20, WALESA (AVENUE LECH)",,,Crépuscule ou aube,En agglomération,Intersection en X,Pluie légère,Deux véhicules - arrière,,,,,,,,,,,2,2,2,2,2
200500017645,0005-03-26 17:30:00,5,3,26,17,30,930,64.0,EUROPE (ROND POINT DE L',,,Plein jour,En agglomération,Giratoire,Normale,Deux véhicules - côté,,,,,,,,,,,1,2,6,1,3
200500017646,0005-03-27 08:30:00,5,3,27,8,30,930,77.0,"124 bis, GRANDE RUE  18",,,Plein jour,En agglomération,Hors intersection,Normale,Autre collision,,,,,,,,,,,1,2,1,1,6
200500017647,0005-03-29 14:40:00,5,3,29,14,40,930,77.0,"01, ROSNY (AVENUE DE)",,,Plein jour,En agglomération,Intersection en T,Normale,Trois véhicules et plus - en chaîne,,,,,,,,,,,1,2,3,1,4
200500017648,0005-03-30 09:20:00,5,3,30,9,20,930,64.0,"94, KENNEDY (AVENUE DU P",,,Plein jour,En agglomération,Hors intersection,Normale,Sans collision,,,,,,,,,,,1,2,1,1,7
200500017649,0005-03-04 11:40:00,5,3,4,11,40,930,66.0,OWENS JESSE,,,Plein jour,En agglomération,Intersection en T,Normale,Deux véhicules - arrière,,,,,,,,,,,1,2,3,1,2
200500017650,0005-03-04 14:20:00,5,3,4,14,20,930,66.0,"36, ""SEMBAT MARCEL (BD),",,,Plein jour,En agglomération,Hors intersection,Normale,Deux véhicules - arrière,,,,,,,,,,,1,2,1,1,2
200500017651,0005-03-04 18:15:00,5,3,4,18,15,930,66.0,"103, ""PERI GABRIEL, NR 2",,,Crépuscule ou aube,En agglomération,Hors intersection,Neige / grêle,Autre collision,,,,,,,,,,,2,2,1,4,6
200500017652,0005-03-09 12:10:00,5,3,9,12,10,930,66.0,LIBERATION RD14 (BOULEVA,,,Plein jour,En agglomération,Intersection en X,Normale,Deux véhicules - côté,,,,,,,,,,,1,2,2,1,3
200500017653,0005-03-11 11:35:00,5,3,11,11,35,930,66.0,"34, ""STRASBOURG, NR 1 A",,,Plein jour,En agglomération,Intersection en T,Normale,Autre collision,,,,,,,,,,,1,2,3,1,6
200500017654,0005-03-11 19:25:00,5,3,11,19,25,930,66.0,"1, CACHIN MARCEL",,,Nuit avec éclairage allumé,En agglomération,Intersection à plus de 4 branches,Normale,Deux véhicules - côté,,,,,,,,,,,5,2,5,1,3
200500017655,0005-03-15 16:05:00,5,3,15,16,5,930,66.0,JAURES JEAN,,,Plein jour,En agglomération,Hors intersection,Normale,Autre collision,,,,,,,,,,,1,2,1,1,6
200500017656,0005-03-15 18:00:00,5,3,15,18,0,930,66.0,WILSON (AVENUE DU PRESID,,,Plein jour,En agglomération,Hors intersection,Normale,Autre collision,,,,,,,,,,,1,2,1,1,6
200500017657,0005-03-16 12:00:00,5,3,16,12,0,930,66.0,"30, ""SEMBAT MARCEL (BD),",,,Plein jour,En agglomération,Passage à niveau,Normale,Autre collision,,,,,,,,,,,1,2,8,1,6
200500017658,0005-03-16 19:30:00,5,3,16,19,30,930,66.0,"10, SECTEUR ALLENDE",,,Crépuscule ou aube,En agglomération,Hors intersection,Normale,Autre collision,,,,,,,,,,,2,2,1,1,6
200500017659,0005-03-18 12:10:00,5,3,18,12,10,930,66.0,"PAS DE N°, ""STALINGRAD (",,,Plein jour,En agglomération,Hors intersection,Normale,Autre collision,,,,,,,,,,,1,2,1,1,6
200500017660,0005-03-18 20:09:00,5,3,18,20,9,930,66.0,"86, CROIZAT AMBROISE RD",,,Nuit sans éclairage public,En agglomération,Hors intersection,Normale,Autre collision,,,,,,,,,,,3,2,1,1,6
200500017661,0005-03-19 19:20:00,5,3,19,19,20,930,66.0,"""STRASBOURG, NR 1 A 71 E",,,Nuit avec éclairage allumé,En agglomération,Hors intersection,Normale,Deux véhicules - arrière,,,,,,,,,,,5,2,1,1,2
200500017662,0005-03-20 16:40:00,5,3,20,16,40,930,66.0,"110, CROIZAT AMBROISE RD",,,Plein jour,En agglomération,Hors intersection,Normale,Trois véhicules et plus - en chaîne,,,,,,,,,,,1,2,1,1,4
200500017663,0005-03-21 17:25:00,5,3,21,17,25,930,66.0,"34, ""STRASBOURG, NR 1 A",,,Plein jour,En agglomération,Hors intersection,Normale,Autre collision,,,,,,,,,,,1,2,1,1,6
200500017664,0005-03-22 15:45:00,5,3,22,15,45,930,66.0,"01, ""PERI GABRIEL, NR 11",,,Plein jour,En agglomération,Place,Normale,Autre collision,,,,,,,,,,,1,2,7,1,6
200500017665,0005-03-24 22:50:00,5,3,24,22,50,930,66.0,"44, SEMAT ROGER",,,Nuit avec éclairage allumé,En agglomération,Hors intersection,Temps couvert,Autre collision,,,,,,,,,,,5,2,1,8,6
200500017666,0005-03-25 17:10:00,5,3,25,17,10,930,66.0,"""BARBUSSE HENRI, NR 2 A",,,Plein jour,En agglomération,Intersection en X,Normale,Deux véhicules - côté,,,,,,,,,,,1,2,2,1,3
200500017667,0005-03-27 19:15:00,5,3,27,19,15,930,66.0,"2, SAINT OUEN (QUAI DE )",,,Nuit avec éclairage allumé,En agglomération,Hors intersection,Pluie légère,Autre collision,,,,,,,,,,,5,2,1,2,6
200500017668,0005-03-30 08:00:00,5,3,30,8,0,930,66.0,"274, WILSON (AVENUE DU P",,,Plein jour,En agglomération,Hors intersection,Pluie légère,Deux véhicules - arrière,,,,,,,,,,,1,2,1,2,2
200500017669,0005-03-31 08:50:00,5,3,31,8,50,930,39.0,LANDY NR IMPAIRS 27 A 85,,,Plein jour,En agglomération,Hors intersection,Normale,Autre collision,,,,,,,,,,,1,2,1,1,6
200500017670,0005-03-03 19:33:00,5,3,3,19,33,930,66.0,"54, ""STALINGRAND (AV), N",,,Plein jour,En agglomération,Hors intersection,Neige / grêle,Autre collision,,,,,,,,,,,1,2,1,4,6
200500017671,0005-03-19 21:30:00,5,3,19,21,30,930,66.0,"""STRASBOURG, NR 1 A 71 E",,,Nuit avec éclairage allumé,En agglomération,Hors intersection,Normale,Autre collision,,,,,,,,,,,5,2,1,1,6
200500017672,0005-03-02 17:03:00,5,3,2,17,3,930,70.0,"9, MICHELET (AVE) : DU 1",,,Plein jour,En agglomération,Hors intersection,Neige / grêle,Deux véhicules - côté,,,,,,,,,,,1,2,1,4,3
200500017673,0005-03-13 12:15:00,5,3,13,12,15,930,70.0,"100, GABRIEL-PERI (AV)",,,Plein jour,En agglomération,Hors intersection,Normale,Autre collision,,,,,,,,,,,1,2,1,1,6
200500017674,0005-03-18 16:45:00,5,3,18,16,45,930,70.0,GABRIEL-PERI (AV),,,Plein jour,En agglomération,Hors intersection,Normale,Deux véhicules - côté,,,,,,,,,,,1,2,1,1,3
200500017675,0005-03-17 19:30:00,5,3,17,19,30,930,71.0,MARYSE BASTIE (ALLEE),,,Nuit sans éclairage public,En agglomération,Autre intersection,Normale,Autre collision,,,,,,,,,,,3,2,9,1,6
200500017676,0005-03-22 16:40:00,5,3,22,16,40,930,71.0,JOHN F. KENNEDY (AVENUE),,,Plein jour,En agglomération,Hors intersection,Normale,Autre collision,,,,,,,,,,,1,2,1,1,6
200500017677,0005-03-23 16:15:00,5,3,23,16,15,930,71.0,SALVADOR ALLENDE (AVENUE,,,Plein jour,En agglomération,Intersection en T,Normale,Deux véhicules - côté,,,,,,,,,,,1,2,3,1,3
200500017678,0005-03-30 18:55:00,5,3,30,18,55,930,71.0,"néant, CONCORDE (AVENUE",,,Plein jour,En agglomération,Hors intersection,Temps couvert,Autre collision,,,,,,,,,,,1,2,1,8,6
200500017679,0005-03-05 19:30:00,5,3,5,19,30,930,72.0,"31, PIERRE DE GEYTER (RU",,,Crépuscule ou aube,En agglomération,Intersection en X,Neige / grêle,Deux véhicules - côté,,,,,,,,,,,2,2,2,4,3
200500017680,0005-03-14 15:15:00,5,3,14,15,15,930,72.0,FRANCIS CARCO (ALLEE),,,Plein jour,En agglomération,Intersection en T,Normale,Autre collision,,,,,,,,,,,1,2,3,1,6
200500017681,0005-03-16 08:05:00,5,3,16,8,5,930,59.0,"50, LENINE (AVENUE) N°36",,,Plein jour,En agglomération,Hors intersection,Normale,Autre collision,,,,,,,,,,,1,2,1,1,6
200500017682,0005-03-18 17:20:00,5,3,18,17,20,930,72.0,"50, JEAN JAURES (IMPASSE",,,Plein jour,En agglomération,Intersection en X,Normale,Autre collision,,,,,,,,,,,1,2,2,1,6
200500017683,0005-03-31 07:15:00,5,3,31,7,15,930,59.0,"89, NUNGESSER ET COLI (A",,,Plein jour,En agglomération,Intersection en T,Normale,Sans collision,,,,,,,,,,,1,2,3,1,7
200500017684,0005-03-03 17:00:00,5,3,3,17,0,930,78.0,COTTON (RUE EUGENIE),,,Plein jour,En agglomération,Intersection en X,Neige / grêle,Deux véhicules - côté,,,,,,,,,,,1,2,2,4,3
200500017685,0005-03-03 16:20:00,5,3,3,16,20,930,73.0,"sans objet, BOURGOGNE (R",,,Plein jour,En agglomération,Hors intersection,Neige / grêle,Autre collision,,,,,,,,,,,1,2,1,4,6
200500017686,0005-03-19 10:35:00,5,3,19,10,35,930,78.0,JUSSIEU ( AVENUE DE),,,Plein jour,En agglomération,Intersection en X,Normale,Deux véhicules - côté,,,,,,,,,,,1,2,2,1,3
200500017687,0005-03-20 20:00:00,5,3,20,20,0,930,73.0,RESISTANCE (RUE DE LA),,,Nuit avec éclairage allumé,En agglomération,Giratoire,Normale,Autre collision,,,,,,,,,,,5,2,6,1,6
200500017688,0005-03-23 18:00:00,5,3,23,18,0,930,78.0,REVE (AVENUE DU),,,Plein jour,En agglomération,Intersection en X,Normale,Trois véhicules et plus - collisions multiples,,,,,,,,,,,1,2,2,1,5
200500017689,0005-03-25 17:45:00,5,3,25,17,45,930,73.0,SALENGRO (AVENUE ROGER),,,Plein jour,En agglomération,Intersection en X,Normale,Sans collision,,,,,,,,,,,1,2,2,1,7
200500017690,0005-03-25 17:40:00,5,3,25,17,40,930,78.0,"136, BALLANGER (BD ROBER",,,Plein jour,En agglomération,Hors intersection,Normale,Autre collision,,,,,,,,,,,1,2,1,1,6
200500017691,0005-03-01 01:30:00,5,3,1,1,30,940,44.0,"0, PEUPLERAIE (PL DE LA)",,,Nuit avec éclairage allumé,En agglomération,Hors intersection,Normale,Sans collision,,,,,,,,,,,5,2,1,1,7
200500017692,0005-03-04 23:45:00,5,3,4,23,45,940,70.0,PARIS (RTE DE),,,Nuit sans éclairage public,En agglomération,Hors intersection,Neige / grêle,Sans collision,,,,,,,,,,,3,2,1,4,7
200500017693,0005-03-07 15:00:00,5,3,7,15,0,940,70.0,LIBERATION (R DE LA),,,Plein jour,En agglomération,Intersection en X,Pluie légère,Deux véhicules - côté,,,,,,,,,,,1,2,2,2,3
200500017694,0005-03-26 14:45:00,5,3,26,14,45,940,47.0,"20, GENERAL LECLERC (R)",,,Plein jour,En agglomération,Hors intersection,Pluie légère,Autre collision,,,,,,,,,,,1,2,1,2,6
200500017695,0005-03-30 10:55:00,5,3,30,10,55,940,71.0,"21, PIERRE SEMARD (R)",,,Plein jour,En agglomération,Hors intersection,Normale,Deux véhicules - arrière,,,,,,,,,,,1,2,1,1,2
200500017696,0005-03-06 05:30:00,5,3,6,5,30,940,48.0,"00, route nationale 19",,,Nuit sans éclairage public,En agglomération,Hors intersection,Temps couvert,Deux véhicules - frontale,,,,,,,,,,,3,2,1,8,1
200500017697,0005-03-08 21:15:00,5,3,8,21,15,940,56.0,"0, BRIE (R DE)",,,Nuit avec éclairage allumé,En agglomération,Intersection en X,Normale,Deux véhicules - côté,,,,,,,,,,,5,2,2,1,3
200500017698,0005-03-11 12:55:00,5,3,11,12,55,940,44.0,MARECHAL DE LATTRE DE TA,,,Plein jour,En agglomération,Intersection en X,Normale,Deux véhicules - arrière,,,,,,,,,,,1,2,2,1,2
200500017699,0005-03-16 18:45:00,5,3,16,18,45,940,44.0,", GENERAL LECLERC (AV DU",,,Plein jour,En agglomération,Intersection en T,Normale,Deux véhicules - frontale,,,,,,,,,,,1,2,3,1,1
200500017700,0005-03-23 14:25:00,5,3,23,14,25,940,75.0,"0, LATTRE DE TASSIGNY (A",,,Plein jour,En agglomération,Intersection en Y,Normale,Deux véhicules - arrière,,,,,,,,,,,1,2,4,1,2
200500017701,0005-03-25 18:50:00,5,3,25,18,50,940,56.0,"0, BRIE COMTE ROBERT (RT",,,Plein jour,En agglomération,Hors intersection,Normale,Deux véhicules - arrière,,,,,,,,,,,1,2,1,1,2
200500017702,0005-03-22 20:20:00,5,3,22,20,20,940,17.0,"53 bis, JEAN JAURES (R)",,,Nuit avec éclairage allumé,En agglomération,Hors intersection,Normale,Autre collision,,,,,,,,,,,5,2,1,1,6
200500017703,0005-03-26 15:55:00,5,3,26,15,55,940,17.0,"00, JEAN JAURES (R)",,,Plein jour,En agglomération,Intersection en X,Pluie légère,Deux véhicules - arrière,,,,,,,,,,,1,2,2,2,2
200500017704,0005-03-28 17:10:00,5,3,28,17,10,940,17.0,STALINGRAD (BD DE),,,Plein jour,En agglomération,Intersection en X,Pluie forte,Sans collision,,,,,,,,,,,1,2,2,3,7
200500017705,0005-03-30 05:50:00,5,3,30,5,50,940,17.0,"34, STALINGRAD (BD DE)",,,Nuit avec éclairage allumé,En agglomération,Hors intersection,Temps couvert,Deux véhicules - arrière,,,,,,,,,,,5,2,1,8,2
200500017706,0005-03-31 11:20:00,5,3,31,11,20,940,17.0,"117, ROGER SALENGRO (AV)",,,Plein jour,En agglomération,Hors intersection,Normale,Deux véhicules - côté,,,,,,,,,,,1,2,1,1,3
200500017707,0005-03-25 10:00:00,5,3,25,10,0,940,69.0,"101, GRAVELLE (AV DE)",,,Plein jour,En agglomération,Hors intersection,Normale,Deux véhicules - côté,,,,,,,,,,,1,2,1,1,3
200500017708,0005-03-24 16:43:00,5,3,24,16,43,940,18.0,"90, PARIS (R DE)",,,Plein jour,En agglomération,Hors intersection,Normale,Deux véhicules - côté,,,,,,,,,,,1,2,1,1,3
200500017709,0005-03-31 19:45:00,5,3,31,19,45,940,18.0,"75, L'EGLISE (PL DE)",,,Crépuscule ou aube,En agglomération,Hors intersection,Normale,Deux véhicules - côté,,,,,,,,,,,2,2,1,1,3
200500017710,0005-03-01 14:55:00,5,3,1,14,55,940,79.0,"23, BISHOP'S STORDFORD (",,,Plein jour,En agglomération,Hors intersection,Normale,Autre collision,,,,,,,,,,,1,2,1,1,6
200500017711,0005-03-09 05:40:00,5,3,9,5,40,940,79.0,"5, AUGUSTE RODIN (AV)",,,Nuit avec éclairage allumé,En agglomération,Hors intersection,Normale,Autre collision,,,,,,,,,,,5,2,1,1,6
200500017712,0005-03-09 18:15:00,5,3,9,18,15,940,79.0,"60, PERROQUETS (COTT DES",,,Plein jour,En agglomération,Intersection en T,Normale,Autre collision,,,,,,,,,,,1,2,3,1,6
200500017713,0005-03-16 23:25:00,5,3,16,23,25,940,79.0,"03, GENERAL JOUBERT (AV",,,Nuit avec éclairage allumé,En agglomération,Hors intersection,Normale,Sans collision,,,,,,,,,,,5,2,1,1,7
200500017714,0005-03-15 23:00:00,5,3,15,23,0,940,79.0,AUGUSTE RODIN (AV),,,Nuit avec éclairage allumé,En agglomération,Intersection en X,Normale,Deux véhicules - côté,,,,,,,,,,,5,2,2,1,3
200500017715,0005-03-22 17:30:00,5,3,22,17,30,940,59.0,GEORGES FOUREAU (AV),,,Plein jour,En agglomération,Hors intersection,Normale,Deux véhicules - arrière,,,,,,,,,,,1,2,1,1,2
200500017716,0005-03-24 17:40:00,5,3,24,17,40,940,79.0,AUGUSTE RODIN (AV),,,Plein jour,En agglomération,Hors intersection,Normale,Deux véhicules - arrière,,,,,,,,,,,1,2,1,1,2
200500017717,0005-03-30 10:33:00,5,3,30,10,33,940,79.0,"147, GENERAL DE GAULLE (",,,Plein jour,En agglomération,Giratoire,Normale,Deux véhicules - arrière,,,,,,,,,,,1,2,6,1,2
200500017718,0005-03-31 14:50:00,5,3,31,14,50,940,59.0,CLARA (AV),,,Plein jour,En agglomération,Giratoire,Normale,Deux véhicules - côté,,,,,,,,,,,1,2,6,1,3
200500017719,0005-03-02 21:20:00,5,3,2,21,20,940,22.0,ALLIES (GAL DES),,,Nuit avec éclairage allumé,En agglomération,Intersection en X,Neige / grêle,Deux véhicules - côté,,,,,,,,,,,5,2,2,4,3
200500017720,0005-03-15 12:20:00,5,3,15,12,20,940,54.0,"0, VICTOIRE (AV DE LA)",,,Plein jour,En agglomération,Intersection en X,Normale,Deux véhicules - arrière,,,,,,,,,,,1,2,2,1,2
200500017721,0005-03-11 07:20:00,5,3,11,7,20,940,22.0,"0, LEON GOURDAULT (AV)",,,Crépuscule ou aube,En agglomération,Hors intersection,Normale,Autre collision,,,,,,,,,,,2,2,1,1,6
200500017722,0005-03-12 19:00:00,5,3,12,19,0,940,22.0,ALFORTVILLE (AV D),,,Nuit avec éclairage allumé,En agglomération,Hors intersection,Normale,Deux véhicules - côté,,,,,,,,,,,5,2,1,1,3
200500017723,0005-03-14 18:40:00,5,3,14,18,40,940,22.0,"0, ANATOLE FRANCE (AV)",,,Plein jour,En agglomération,Hors intersection,Normale,Autre collision,,,,,,,,,,,1,2,1,1,6
200500017724,0005-03-28 12:20:00,5,3,28,12,20,940,22.0,"0, ALLIES (BD DES)",,,Plein jour,En agglomération,Hors intersection,Normale,Autre collision,,,,,,,,,,,1,2,1,1,6
200500017725,0005-03-03 13:50:00,5,3,3,13,50,940,28.0,"0, BELLE-VUE.(RUE DE)",,,Plein jour,En agglomération,Hors intersection,Neige / grêle,Autre collision,,,,,,,,,,,1,2,1,4,6
200500017726,0005-03-03 19:20:00,5,3,3,19,20,940,28.0,"0, FOCH(AVENUE DU MARECH",,,Nuit avec éclairage allumé,En agglomération,Hors intersection,Neige / grêle,Trois véhicules et plus - en chaîne,,,,,,,,,,,5,2,1,4,4
200500017727,0005-03-08 08:50:00,5,3,8,8,50,940,28.0,"0, CHOISY(ROUTE DE)",,,Plein jour,En agglomération,Hors intersection,Normale,Autre collision,,,,,,,,,,,1,2,1,1,6
200500017728,0005-03-14 17:15:00,5,3,14,17,15,940,28.0,"208, LECLERC.(RUE DU GEN",,,Plein jour,En agglomération,Hors intersection,Normale,Autre collision,,,,,,,,,,,1,2,1,1,6
200500017729,0005-03-14 17:30:00,5,3,14,17,30,940,28.0,"138, LECLERC.(RUE DU GEN",,,Plein jour,En agglomération,Hors intersection,Normale,Deux véhicules - côté,,,,,,,,,,,1,2,1,1,3
200500017730,0005-03-14 08:30:00,5,3,14,8,30,940,28.0,"28, SAVAR.(RUE JULIETTE)",,,Plein jour,En agglomération,Hors intersection,Normale,Autre collision,,,,,,,,,,,1,2,1,1,6
200500017731,0005-03-11 17:55:00,5,3,11,17,55,940,28.0,"35, VALENTON(RUE DE)",,,Plein jour,En agglomération,Hors intersection,Normale,Autre collision,,,,,,,,,,,1,2,1,1,6
200500017732,0005-03-16 19:00:00,5,3,16,19,0,940,28.0,"0, CHOISY(ROUTE DE)",,,Plein jour,En agglomération,Hors intersection,Normale,Deux véhicules - arrière,,,,,,,,,,,1,2,1,1,2
200500017733,0005-03-16 17:00:00,5,3,16,17,0,940,28.0,"0, CHOISY(ROUTE DE)",,,Plein jour,En agglomération,Hors intersection,Normale,Sans collision,,,,,,,,,,,1,2,1,1,7
200500017734,0005-03-16 22:30:00,5,3,16,22,30,940,28.0,"0, CHOISY(ROUTE DE)",,,Nuit avec éclairage allumé,En agglomération,Hors intersection,Normale,Autre collision,,,,,,,,,,,5,2,1,1,6
200500017735,0005-03-17 09:10:00,5,3,17,9,10,940,28.0,"0, BELLE-VUE.(RUE DE)",,,Plein jour,En agglomération,Hors intersection,Normale,Autre collision,,,,,,,,,,,1,2,1,1,6
200500017736,0005-03-18 13:40:00,5,3,18,13,40,940,11.0,"56, CHOISY.(AVENUE DE)",,,Plein jour,En agglomération,Hors intersection,Normale,Autre collision,,,,,,,,,,,1,2,1,1,6
200500017737,0005-03-23 14:30:00,5,3,23,14,30,940,28.0,"0, EIFFEL.(RUE GUSTAVE)",,,Plein jour,En agglomération,Hors intersection,Normale,Deux véhicules - côté,,,,,,,,,,,1,2,1,1,3
200500017738,0005-03-25 17:20:00,5,3,25,17,20,940,28.0,TASSIGNY(AVE DU MARECHAL,,,Plein jour,En agglomération,Hors intersection,Pluie légère,Autre collision,,,,,,,,,,,1,2,1,2,6
200500017739,0005-03-29 09:25:00,5,3,29,9,25,940,28.0,"0, POMPADOUR(ROUTE DE LA",,,Plein jour,En agglomération,Hors intersection,Normale,Autre collision,,,,,,,,,,,1,2,1,1,6
200500017740,0005-03-07 05:20:00,5,3,7,5,20,940,76.0,"0, VERDUN (R DE)",,,Nuit avec éclairage allumé,En agglomération,Intersection en T,Normale,Deux véhicules - côté,,,,,,,,,,,5,2,3,1,3
200500017741,0005-03-19 17:15:00,5,3,19,17,15,940,16.0,"0, MARECHAL DE LATTRE DE",,,Plein jour,En agglomération,Hors intersection,Normale,Autre collision,,,,,,,,,,,1,2,1,1,6
200500017742,0005-03-18 19:25:00,5,3,18,19,25,940,37.0,"25, JEAN JAURES (AV)",,,Crépuscule ou aube,En agglomération,Hors intersection,Normale,Autre collision,,,,,,,,,,,2,2,1,1,6
200500017743,0005-03-22 12:30:00,5,3,22,12,30,940,37.0,"12, PAUL VAILLANT COUTUR",,,Plein jour,En agglomération,Hors intersection,Normale,Autre collision,,,,,,,,,,,1,2,1,1,6
200500017744,0005-03-25 10:30:00,5,3,25,10,30,940,76.0,"84, JEAN JAURES (R)",,,Plein jour,En agglomération,Hors intersection,Normale,Autre collision,,,,,,,,,,,1,2,1,1,6
200500017745,0005-03-29 20:55:00,5,3,29,20,55,940,3.0,"61, STALINGRAD (R DE)",,,Nuit avec éclairage allumé,En agglomération,Hors intersection,Normale,Autre collision,,,,,,,,,,,5,2,1,1,6
200500017746,0005-03-04 09:30:00,5,3,4,9,30,940,65.0,EUROPE (AV DE L),,,Crépuscule ou aube,En agglomération,Hors intersection,Temps couvert,Autre collision,,,,,,,,,,,2,2,1,8,6
200500017747,0005-03-07 13:30:00,5,3,7,13,30,940,73.0,AUX CERFS (PAS),,,Plein jour,En agglomération,Hors intersection,Normale,Autre collision,,,,,,,,,,,1,2,1,1,6
200500017748,0005-03-10 10:20:00,5,3,10,10,20,940,38.0,", PAUL HOCHART (R)",,,Plein jour,En agglomération,Hors intersection,Normale,Autre collision,,,,,,,,,,,1,2,1,1,6
200500017749,0005-03-14 18:00:00,5,3,14,18,0,940,38.0,"69, PAUL HOCHART (R)",,,Crépuscule ou aube,En agglomération,Hors intersection,Normale,Autre collision,,,,,,,,,,,2,2,1,1,6
200500017750,0005-03-14 22:45:00,5,3,14,22,45,940,34.0,DIVISION LECLERC (AV DE,,,Nuit avec éclairage allumé,En agglomération,Giratoire,Normale,Autre collision,,,,,,,,,,,5,2,6,1,6
200500017751,0005-03-23 18:00:00,5,3,23,18,0,940,73.0,RENE PANHARD (AV),,,Plein jour,En agglomération,Intersection en X,Normale,Deux véhicules - côté,,,,,,,,,,,1,2,2,1,3
200500017752,0005-03-24 12:30:00,5,3,24,12,30,940,38.0,"20, GENERAL LECLERC (AV",,,Plein jour,En agglomération,Hors intersection,Pluie légère,Autre collision,,,,,,,,,,,1,2,1,2,6
200500017753,0005-03-25 08:00:00,5,3,25,8,0,940,73.0,REGNAULT LEROY (R),,,Crépuscule ou aube,En agglomération,Intersection en T,Normale,Deux véhicules - côté,,,,,,,,,,,2,2,3,1,3
200500017754,0005-03-28 17:30:00,5,3,28,17,30,940,34.0,"03, PARC MEDICIS (AV DU)",,,Plein jour,En agglomération,Hors intersection,Pluie légère,Deux véhicules - côté,,,,,,,,,,,1,2,1,2,3
200500017755,0005-03-29 10:50:00,5,3,29,10,50,940,73.0,"17, STALINGRAD (BD DE)",,,Plein jour,En agglomération,Hors intersection,Normale,Deux véhicules - arrière,,,,,,,,,,,1,2,1,1,2
200500017756,0005-03-30 14:20:00,5,3,30,14,20,940,65.0,RELAIS (PL DU),,,Plein jour,En agglomération,Hors intersection,Normale,Deux véhicules - frontale,,,,,,,,,,,1,2,1,1,1
200500017757,0005-03-25 22:00:00,5,3,25,22,0,940,73.0,VERSAILLES (AV DE),,,Nuit avec éclairage allumé,En agglomération,Intersection en Y,Normale,Deux véhicules - frontale,,,,,,,,,,,5,2,4,1,1