accident_id,datetime,annee,mois,jour,heure,minute,departement,commune_insee,adresse,latitude,longitude,luminosite,agglomeration,intersection,meteo,collision,nb_vehicules,nb_usagers,nb_indemnes,nb_tues,nb_blesses_hosp,nb_blesses_legers,age_cond_1,age_cond_2,veh_type_cond_1,veh_type_cond_2,lum_code,agg_code,int_code,atm_code,col_code
200500017889,0005-03-08 20:40:00,5,3,8,20,40,940,17.0,A4,,,Nuit avec éclairage allumé,Hors agglomération,Hors intersection,Pluie légère,Deux véhicules - arrière,,,,,,,,,,,5,1,1,2,2
200500017890,0005-03-07 00:30:00,5,3,7,0,30,770,450.0,RN406.Y,,,Nuit sans éclairage public,Hors agglomération,Hors intersection,Normale,Sans collision,,,,,,,,,,,3,1,1,1,7
200500017891,0005-03-05 20:45:00,5,3,5,20,45,940,17.0,A4,,,Nuit avec éclairage allumé,Hors agglomération,Hors intersection,Pluie légère,Deux véhicules - arrière,,,,,,,,,,,5,1,1,2,2
200500017892,0005-03-09 18:10:00,5,3,9,18,10,770,373.0,RN406.Y,,,Crépuscule ou aube,Hors agglomération,Hors intersection,Normale,Deux véhicules - côté,,,,,,,,,,,2,1,1,1,3
200500017893,0005-03-09 20:30:00,5,3,9,20,30,940,46.0,A4.Y,,,Nuit avec éclairage allumé,Hors agglomération,Hors intersection,Normale,Deux véhicules - arrière,,,,,,,,,,,5,1,1,1,2
200500017894,0005-03-09 23:00:00,5,3,9,23,0,940,46.0,A4.Y,,,Nuit avec éclairage allumé,Hors agglomération,Hors intersection,Normale,Deux véhicules - arrière,,,,,,,,,,,5,1,1,1,2
200500017895,0005-03-11 18:00:00,5,3,11,18,0,770,53.0,A86,,,Plein jour,Hors agglomération,Hors intersection,Normale,Autre collision,,,,,,,,,,,1,1,1,1,6
200500017896,0005-03-13 02:35:00,5,3,13,2,35,770,53.0,A86,,,Nuit sans éclairage public,Hors agglomération,Hors intersection,Normale,Sans collision,,,,,,,,,,,3,1,1,1,7
200500017897,0005-03-13 17:20:00,5,3,13,17,20,770,372.0,RN104,,,Plein jour,Hors agglomération,Hors intersection,Normale,Deux véhicules - côté,,,,,,,,,,,1,1,1,1,3
200500017898,0005-03-14 22:00:00,5,3,14,22,0,770,169.0,RN104.INT,,,Nuit sans éclairage public,Hors agglomération,Hors intersection,Normale,Sans collision,,,,,,,,,,,3,1,1,1,7
200500017899,0005-03-15 08:15:00,5,3,15,8,15,930,51.0,A4,,,Plein jour,Hors agglomération,Hors intersection,Normale,Trois véhicules et plus - en chaîne,,,,,,,,,,,1,1,1,1,4
200500017900,0005-03-17 08:50:00,5,3,17,8,50,940,22.0,A5.B,,,Plein jour,Hors agglomération,Hors intersection,Normale,Deux véhicules - arrière,,,,,,,,,,,1,1,1,1,2
200500017901,0005-03-17 16:15:00,5,3,17,16,15,940,73.0,RN406.W,,,Plein jour,Hors agglomération,Hors intersection,Normale,Trois véhicules et plus - en chaîne,,,,,,,,,,,1,1,1,1,4
200500017902,0005-03-18 20:30:00,5,3,18,20,30,940,28.0,A86,,,Nuit avec éclairage non allumé,Hors agglomération,Hors intersection,Normale,Deux véhicules - arrière,,,,,,,,,,,4,1,1,1,2
200500017903,0005-03-19 07:40:00,5,3,19,7,40,770,449.0,A4,,,Plein jour,Hors agglomération,Hors intersection,Brouillard / fumée,Trois véhicules et plus - collisions multiples,,,,,,,,,,,1,1,1,5,5
200500017904,0005-03-19 11:10:00,5,3,19,11,10,770,121.0,A4,,,Plein jour,Hors agglomération,Hors intersection,Brouillard / fumée,Deux véhicules - arrière,,,,,,,,,,,1,1,1,5,2
200500017905,0005-03-20 06:50:00,5,3,20,6,50,770,373.0,RN406.Y,,,Plein jour,Hors agglomération,Hors intersection,Normale,Deux véhicules - arrière,,,,,,,,,,,1,1,1,1,2
200500017906,0005-03-24 17:20:00,5,3,24,17,20,940,28.0,A5,,,Plein jour,Hors agglomération,Hors intersection,Temps couvert,Autre collision,,,,,,,,,,,1,1,1,8,6
200500017907,0005-03-27 07:30:00,5,3,27,7,30,940,73.0,RN406.W,,,Plein jour,Hors agglomération,Hors intersection,Normale,Sans collision,,,,,,,,,,,1,1,1,1,7
200500017908,0005-03-27 20:10:00,5,3,27,20,10,940,46.0,A4.Y,,,Crépuscule ou aube,Hors agglomération,Hors intersection,Normale,Autre collision,,,,,,,,,,,2,1,1,1,6
200500017909,0005-03-29 17:10:00,5,3,29,17,10,940,73.0,A86,,,Plein jour,Hors agglomération,Hors intersection,Normale,Deux véhicules - côté,,,,,,,,,,,1,1,1,1,3
200500017910,0005-03-29 23:55:00,5,3,29,23,55,770,450.0,RN406.Y,,,Nuit sans éclairage public,Hors agglomération,Hors intersection,Pluie légère,Sans collision,,,,,,,,,,,3,1,1,2,7
200500017911,0005-03-30 06:45:00,5,3,30,6,45,940,69.0,A4,,,Crépuscule ou aube,Hors agglomération,Hors intersection,Normale,Trois véhicules et plus - collisions multiples,,,,,,,,,,,2,1,1,1,5
200500017912,0005-03-30 08:05:00,5,3,30,8,5,940,18.0,A4,,,Plein jour,Hors agglomération,Hors intersection,Normale,Deux véhicules - côté,,,,,,,,,,,1,1,1,1,3
200500017913,0005-03-30 12:15:00,5,3,30,12,15,940,52.0,A4,,,Plein jour,Hors agglomération,Hors intersection,Normale,Trois véhicules et plus - en chaîne,,,,,,,,,,,1,1,1,1,4
200500017914,0005-03-30 17:00:00,5,3,30,17,0,940,17.0,A4,,,Plein jour,Hors agglomération,Hors intersection,Normale,Deux véhicules - côté,,,,,,,,,,,1,1,1,1,3
200500017915,0005-03-30 17:15:00,5,3,30,17,15,930,51.0,A4,,,Plein jour,Hors agglomération,Hors intersection,Normale,Deux véhicules - arrière,,,,,,,,,,,1,1,1,1,2
200500017916,0005-03-31 07:45:00,5,3,31,7,45,930,51.0,A4,,,Plein jour,Hors agglomération,Hors intersection,Normale,Trois véhicules et plus - collisions multiples,,,,,,,,,,,1,1,1,1,5
200500017917,0005-03-31 17:30:00,5,3,31,17,30,940,28.0,A5,,,Plein jour,Hors agglomération,Hors intersection,Normale,Deux véhicules - arrière,,,,,,,,,,,1,1,1,1,2
200500017918,0005-03-31 19:45:00,5,3,31,19,45,770,121.0,A104.EXT,,,Nuit avec éclairage allumé,Hors agglomération,Hors intersection,Normale,Trois véhicules et plus - collisions multiples,,,,,,,,,,,5,1,1,1,5
200500017919,0005-03-04 07:00:00,5,3,4,7,0,770,337.0,RN104,,,Plein jour,Hors agglomération,Hors intersection,Neige / grêle,Autre collision,,,,,,,,,,,1,1,1,4,6
200500017920,0005-03-10 05:45:00,5,3,10,5,45,770,468.0,A104,,,Nuit sans éclairage public,Hors agglomération,Hors intersection,Normale,Deux véhicules - côté,,,,,,,,,,,3,1,1,1,3
200500017921,0005-03-10 10:40:00,5,3,10,10,40,940,73.0,RN406.W,,,Plein jour,Hors agglomération,Hors intersection,Normale,Autre collision,,,,,,,,,,,1,1,1,1,6
200500017922,0005-03-17 20:00:00,5,3,17,20,0,940,17.0,A4,,,Nuit avec éclairage allumé,Hors agglomération,Hors intersection,Normale,Trois véhicules et plus - collisions multiples,,,,,,,,,,,5,1,1,1,5
200500017923,0005-03-19 02:10:00,5,3,19,2,10,770,450.0,RN406.Y,,,Nuit sans éclairage public,Hors agglomération,Hors intersection,Brouillard / fumée,Deux véhicules - arrière,,,,,,,,,,,3,1,1,5,2
200500017924,0005-03-21 14:00:00,5,3,21,14,0,770,294.0,A86.INT,,,Plein jour,Hors agglomération,Hors intersection,Normale,Sans collision,,,,,,,,,,,1,1,1,1,7
200500017925,0005-03-22 23:45:00,5,3,22,23,45,750,112.0,A86.INT,,,Nuit avec éclairage allumé,Hors agglomération,Hors intersection,Normale,Autre collision,,,,,,,,,,,5,1,1,1,6
200500017926,0005-03-23 08:15:00,5,3,23,8,15,940,42.0,A4,,,Plein jour,Hors agglomération,Hors intersection,Normale,Trois véhicules et plus - en chaîne,,,,,,,,,,,1,1,1,1,4
200500017927,0005-03-24 18:30:00,5,3,24,18,30,940,69.0,A4,,,Plein jour,Hors agglomération,Hors intersection,Normale,Sans collision,,,,,,,,,,,1,1,1,1,7
200500017928,0005-03-25 07:29:00,5,3,25,7,29,930,51.0,A4,,,Plein jour,Hors agglomération,Hors intersection,Normale,Trois véhicules et plus - collisions multiples,,,,,,,,,,,1,1,1,1,5
200500017929,0005-03-27 10:20:00,5,3,27,10,20,770,294.0,A86.INT,,,Plein jour,Hors agglomération,Hors intersection,Normale,Autre collision,,,,,,,,,,,1,1,1,1,6
200500017930,0005-03-28 16:15:00,5,3,28,16,15,770,121.0,A104.EXT,,,Plein jour,Hors agglomération,Hors intersection,Temps couvert,Deux véhicules - côté,,,,,,,,,,,1,1,1,8,3
200500017931,0005-03-29 03:50:00,5,3,29,3,50,930,51.0,A4,,,Nuit avec éclairage non allumé,Hors agglomération,Hors intersection,Normale,Deux véhicules - arrière,,,,,,,,,,,4,1,1,1,2
200500017932,0005-03-30 08:00:00,5,3,30,8,0,940,18.0,A4,,,Plein jour,Hors agglomération,Hors intersection,Normale,Deux véhicules - côté,,,,,,,,,,,1,1,1,1,3
200500017933,0005-03-27 07:20:00,5,3,27,7,20,940,73.0,RN406.W,,,Plein jour,Hors agglomération,Hors intersection,Normale,Autre collision,,,,,,,,,,,1,1,1,1,6
200500017934,0005-03-01 00:50:00,5,3,1,0,50,930,32.0,AUTOROUTE A1,,,Nuit sans éclairage public,Hors agglomération,Hors intersection,Normale,Deux véhicules - arrière,,,,,,,,,,,3,1,1,1,2
200500017935,0005-03-01 02:40:00,5,3,1,2,40,950,28.0,R.D. 104,,,Nuit sans éclairage public,Hors agglomération,Hors intersection,Normale,Autre collision,,,,,,,,,,,3,1,1,1,6
200500017936,0005-03-02 03:50:00,5,3,2,3,50,950,277.0,AUTOROUTE A1,,,Nuit avec éclairage allumé,Hors agglomération,Hors intersection,Neige / grêle,Sans collision,,,,,,,,,,,5,1,1,4,7
200500017937,0005-03-02 06:05:00,5,3,2,6,5,950,527.0,AUTOROUTE A1,,,Nuit avec éclairage allumé,Hors agglomération,Hors intersection,Neige / grêle,Autre collision,,,,,,,,,,,5,1,1,4,6
200500017938,0005-03-02 08:45:00,5,3,2,8,45,930,66.0,AUTOROUTE A1,,,Plein jour,Hors agglomération,Hors intersection,Normale,Trois véhicules et plus - en chaîne,,,,,,,,,,,1,1,1,1,4
200500017939,0005-03-03 15:05:00,5,3,3,15,5,950,277.0,BIP,,,Plein jour,Hors agglomération,Hors intersection,Neige / grêle,Trois véhicules et plus - en chaîne,,,,,,,,,,,1,1,1,4,4
200500017940,0005-03-03 15:30:00,5,3,3,15,30,930,32.0,AUTOROUTE A104,,,Plein jour,Hors agglomération,Autre intersection,Neige / grêle,Deux véhicules - côté,,,,,,,,,,,1,1,9,4,3
200500017941,0005-03-06 02:00:00,5,3,6,2,0,920,36.0,AUTOROUTE A15,,,Nuit avec éclairage allumé,Hors agglomération,Hors intersection,Pluie légère,Trois véhicules et plus - collisions multiples,,,,,,,,,,,5,1,1,2,5
200500017942,0005-03-04 17:05:00,5,3,4,17,5,930,10.0,AUTOROUTE A3,,,Plein jour,Hors agglomération,Hors intersection,Neige / grêle,Trois véhicules et plus - en chaîne,,,,,,,,,,,1,1,1,4,4
200500017943,0005-03-04 21:35:00,5,3,4,21,35,950,500.0,AUTOROUTE A15,,,Nuit avec éclairage allumé,Hors agglomération,Hors intersection,Autre,Autre collision,,,,,,,,,,,5,1,1,9,6
200500017944,0005-03-06 05:25:00,5,3,6,5,25,930,32.0,AUTOROUTE A1,,,Nuit sans éclairage public,Hors agglomération,Hors intersection,Normale,Deux véhicules - côté,,,,,,,,,,,3,1,1,1,3
200500017945,0005-03-07 00:15:00,5,3,7,0,15,950,488.0,AUTOROUTE A15,,,Nuit avec éclairage allumé,Hors agglomération,Hors intersection,Normale,Deux véhicules - arrière,,,,,,,,,,,5,1,1,1,2
200500017946,0005-03-07 01:45:00,5,3,7,1,45,930,6.0,AUTOROUTE A3,,,Nuit avec éclairage allumé,Hors agglomération,Hors intersection,Normale,Deux véhicules - arrière,,,,,,,,,,,5,1,1,1,2
200500017947,0005-03-06 23:50:00,5,3,6,23,50,950,154.0,AUTOROUTE A1,,,Nuit avec éclairage allumé,Hors agglomération,Hors intersection,Normale,Sans collision,,,,,,,,,,,5,1,1,1,7
200500017948,0005-03-04 16:00:00,5,3,4,16,0,950,527.0,AUTOROUTE A1,,,Plein jour,Hors agglomération,Hors intersection,Normale,Sans collision,,,,,,,,,,,1,1,1,1,7
200500017949,0005-03-07 08:45:00,5,3,7,8,45,930,6.0,AUTOROUTE A3,,,Plein jour,Hors agglomération,Hors intersection,Normale,Deux véhicules - côté,,,,,,,,,,,1,1,1,1,3
200500017950,0005-03-08 16:10:00,5,3,8,16,10,950,607.0,AUTOROUTE A115,,,Plein jour,Hors agglomération,Hors intersection,Normale,Autre collision,,,,,,,,,,,1,1,1,1,6
200500017951,0005-03-08 22:45:00,5,3,8,22,45,950,212.0,R.D. 104,,,Nuit sans éclairage public,Hors agglomération,Hors intersection,Pluie légère,Trois véhicules et plus - en chaîne,,,,,,,,,,,3,1,1,2,4
200500017952,0005-03-09 09:50:00,5,3,9,9,50,930,63.0,AUTOROUTE A3,,,Plein jour,Hors agglomération,Hors intersection,Pluie légère,Sans collision,,,,,,,,,,,1,1,1,2,7
200500017953,0005-03-09 10:45:00,5,3,9,10,45,950,252.0,AUTOROUTE A115,,,Plein jour,Hors agglomération,Hors intersection,Normale,Autre collision,,,,,,,,,,,1,1,1,1,6
200500017954,0005-03-10 17:45:00,5,3,10,17,45,950,527.0,AUTOROUTE A3,,,Plein jour,Hors agglomération,Hors intersection,Normale,Sans collision,,,,,,,,,,,1,1,1,1,7
200500017955,0005-03-11 05:30:00,5,3,11,5,30,930,32.0,AUTOROUTE A104,,,Nuit avec éclairage allumé,Hors agglomération,Hors intersection,Normale,Sans collision,,,,,,,,,,,5,1,1,1,7
200500017956,0005-03-11 09:25:00,5,3,11,9,25,950,488.0,AUTOROUTE A15,,,Plein jour,Hors agglomération,Hors intersection,Normale,Deux véhicules - arrière,,,,,,,,,,,1,1,1,1,2
200500017957,0005-03-11 21:05:00,5,3,11,21,5,950,527.0,AUTOROUTE A1,,,Nuit avec éclairage allumé,Hors agglomération,Hors intersection,Normale,Trois véhicules et plus - collisions multiples,,,,,,,,,,,5,1,1,1,5
200500017958,0005-03-12 11:40:00,5,3,12,11,40,930,27.0,AUTOROUTE A1,,,Plein jour,Hors agglomération,Hors intersection,Normale,Sans collision,,,,,,,,,,,1,1,1,1,7
200500017959,0005-03-13 11:10:00,5,3,13,11,10,930,8.0,AUTOROUTE A86,,,Plein jour,Hors agglomération,Hors intersection,Normale,Deux véhicules - côté,,,,,,,,,,,1,1,1,1,3
200500017960,0005-03-13 17:20:00,5,3,13,17,20,930,27.0,AUTOROUTE A1,,,Plein jour,Hors agglomération,Hors intersection,Normale,Sans collision,,,,,,,,,,,1,1,1,1,7
200500017961,0005-03-14 08:00:00,5,3,14,8,0,930,64.0,AUTOROUTE A103,,,Plein jour,Hors agglomération,Hors intersection,Normale,Sans collision,,,,,,,,,,,1,1,1,1,7
200500017962,0005-03-14 14:30:00,5,3,14,14,30,950,394.0,ROUTE NATIONALE 184,,,Plein jour,Hors agglomération,Hors intersection,Normale,Autre collision,,,,,,,,,,,1,1,1,1,6
200500017963,0005-03-14 15:45:00,5,3,14,15,45,930,78.0,AUTOROUTE A104,,,Plein jour,Hors agglomération,Hors intersection,Normale,Deux véhicules - arrière,,,,,,,,,,,1,1,1,1,2
200500017964,0005-03-14 18:40:00,5,3,14,18,40,930,66.0,AUTOROUTE A1,,,Plein jour,Hors agglomération,Hors intersection,Normale,Deux véhicules - côté,,,,,,,,,,,1,1,1,1,3
200500017965,0005-03-14 19:00:00,5,3,14,19,0,930,8.0,AUTOROUTE A86,,,Nuit avec éclairage allumé,Hors agglomération,Hors intersection,Normale,Deux véhicules - côté,,,,,,,,,,,5,1,1,1,3
200500017966,0005-03-14 16:15:00,5,3,14,16,15,950,241.0,R.D. 104,,,Plein jour,Hors agglomération,Hors intersection,Normale,Sans collision,,,,,,,,,,,1,1,1,1,7
200500017967,0005-03-18 15:15:00,5,3,18,15,15,930,53.0,AUTOROUTE A3,,,Plein jour,Hors agglomération,Hors intersection,Normale,Trois véhicules et plus - collisions multiples,,,,,,,,,,,1,1,1,1,5
200500017968,0005-03-19 15:30:00,5,3,19,15,30,950,241.0,R.D. 104,,,Plein jour,Hors agglomération,Hors intersection,Normale,Sans collision,,,,,,,,,,,1,1,1,1,7
200500017969,0005-03-18 08:00:00,5,3,18,8,0,950,607.0,AUTOROUTE A115,,,Plein jour,Hors agglomération,Hors intersection,Pluie légère,Autre collision,,,,,,,,,,,1,1,1,2,6
200500017970,0005-03-19 17:30:00,5,3,19,17,30,950,572.0,ROUTE NATIONALE 184,,,Plein jour,Hors agglomération,Hors intersection,Normale,Deux véhicules - côté,,,,,,,,,,,1,1,1,1,3
200500017971,0005-03-19 01:00:00,5,3,19,1,0,950,277.0,AUTOROUTE A3,,,Nuit sans éclairage public,Hors agglomération,Hors intersection,Brouillard / fumée,Sans collision,,,,,,,,,,,3,1,1,5,7
200500017972,0005-03-19 08:30:00,5,3,19,8,30,950,572.0,ROUTE NATIONALE 184,,,Plein jour,Hors agglomération,Hors intersection,Brouillard / fumée,Deux véhicules - arrière,,,,,,,,,,,1,1,1,5,2
200500017973,0005-03-19 22:00:00,5,3,19,22,0,950,18.0,AUTOROUTE A15,,,Nuit avec éclairage allumé,Hors agglomération,Hors intersection,Normale,Sans collision,,,,,,,,,,,5,1,1,1,7
200500017974,0005-03-18 20:00:00,5,3,18,20,0,950,241.0,R.D. 104,,,Nuit sans éclairage public,Hors agglomération,Hors intersection,Normale,Deux véhicules - côté,,,,,,,,,,,3,1,1,1,3
200500017975,0005-03-19 07:30:00,5,3,19,7,30,950,678.0,ROUTE NATIONALE 184,,,Crépuscule ou aube,Hors agglomération,Hors intersection,Brouillard / fumée,Deux véhicules - arrière,,,,,,,,,,,2,1,1,5,2
200500017976,0005-03-19 16:20:00,5,3,19,16,20,950,641.0,AUTOROUTE A1,,,Plein jour,Hors agglomération,Hors intersection,Normale,Sans collision,,,,,,,,,,,1,1,1,1,7
200500017977,0005-03-20 20:20:00,5,3,20,20,20,930,6.0,AUTOROUTE A3,,,Nuit avec éclairage allumé,Hors agglomération,Hors intersection,Normale,Deux véhicules - côté,,,,,,,,,,,5,1,1,1,3
200500017978,0005-03-22 12:15:00,5,3,22,12,15,950,306.0,AUTOROUTE A15,,,Plein jour,Hors agglomération,Hors intersection,Normale,Sans collision,,,,,,,,,,,1,1,1,1,7
200500017979,0005-03-22 19:35:00,5,3,22,19,35,950,351.0,R.D. 104,,,Crépuscule ou aube,Hors agglomération,Hors intersection,Normale,Sans collision,,,,,,,,,,,2,1,1,1,7
200500017980,0005-03-23 06:45:00,5,3,23,6,45,950,252.0,AUTOROUTE A115,,,Nuit avec éclairage allumé,Hors agglomération,Hors intersection,Normale,Sans collision,,,,,,,,,,,5,1,1,1,7
200500017981,0005-03-23 08:30:00,5,3,23,8,30,950,277.0,AUTOROUTE A1,,,Plein jour,Hors agglomération,Hors intersection,Normale,Autre collision,,,,,,,,,,,1,1,1,1,6
200500017982,0005-03-23 08:35:00,5,3,23,8,35,950,582.0,AUTOROUTE A115,,,Plein jour,Hors agglomération,Hors intersection,Normale,Trois véhicules et plus - collisions multiples,,,,,,,,,,,1,1,1,1,5
200500017983,0005-03-23 16:15:00,5,3,23,16,15,930,48.0,AUTOROUTE A1086,,,Plein jour,Hors agglomération,Hors intersection,Normale,Autre collision,,,,,,,,,,,1,1,1,1,6
200500017984,0005-03-23 19:15:00,5,3,23,19,15,930,32.0,AUTOROUTE A3,,,Nuit sans éclairage public,Hors agglomération,Hors intersection,Normale,Deux véhicules - côté,,,,,,,,,,,3,1,1,1,3
200500017985,0005-03-24 12:50:00,5,3,24,12,50,930,64.0,AUTOROUTE A86,,,Plein jour,Hors agglomération,Hors intersection,Pluie légère,Deux véhicules - côté,,,,,,,,,,,1,1,1,2,3
200500017986,0005-03-24 21:50:00,5,3,24,21,50,930,66.0,AUTOROUTE A1,,,Nuit avec éclairage allumé,Hors agglomération,Hors intersection,Normale,Sans collision,,,,,,,,,,,5,1,1,1,7
200500017987,0005-03-24 18:25:00,5,3,24,18,25,920,36.0,AUTOROUTE A86,,,Plein jour,Hors agglomération,Hors intersection,Pluie forte,Deux véhicules - côté,,,,,,,,,,,1,1,1,3,3
200500017988,0005-03-24 22:50:00,5,3,24,22,50,930,6.0,AUTOROUTE A3,,,Nuit avec éclairage allumé,Hors agglomération,Hors intersection,Normale,Deux véhicules - côté,,,,,,,,,,,5,1,1,1,3
200500017989,0005-03-25 08:40:00,5,3,25,8,40,930,53.0,AUTOROUTE A3,,,Plein jour,Hors agglomération,Hors intersection,Normale,Deux véhicules - côté,,,,,,,,,,,1,1,1,1,3
200500017990,0005-03-25 08:50:00,5,3,25,8,50,930,66.0,AUTOROUTE A1,,,Plein jour,Hors agglomération,Hors intersection,Normale,Deux véhicules - arrière,,,,,,,,,,,1,1,1,1,2
200500017991,0005-03-25 17:30:00,5,3,25,17,30,930,66.0,AUTOROUTE A1,,,Plein jour,Hors agglomération,Hors intersection,Normale,Trois véhicules et plus - collisions multiples,,,,,,,,,,,1,1,1,1,5
200500017992,0005-03-25 21:00:00,5,3,25,21,0,950,572.0,AUTOROUTE A15,,,Nuit avec éclairage allumé,Hors agglomération,Hors intersection,Normale,Deux véhicules - côté,,,,,,,,,,,5,1,1,1,3
200500017993,0005-03-26 14:15:00,5,3,26,14,15,950,563.0,AUTOROUTE A115,,,Plein jour,Hors agglomération,Hors intersection,Normale,Autre collision,,,,,,,,,,,1,1,1,1,6
200500017994,0005-03-26 11:10:00,5,3,26,11,10,930,64.0,AUTOROUTE A86,,,Plein jour,Hors agglomération,Hors intersection,Normale,Deux véhicules - côté,,,,,,,,,,,1,1,1,1,3
200500017995,0005-03-27 07:40:00,5,3,27,7,40,950,306.0,AUTOROUTE A15,,,Crépuscule ou aube,Hors agglomération,Hors intersection,Pluie légère,Autre collision,,,,,,,,,,,2,1,1,2,6
200500017996,0005-03-27 09:30:00,5,3,27,9,30,930,73.0,AUTOROUTE A104,,,Plein jour,Hors agglomération,Hors intersection,Normale,Sans collision,,,,,,,,,,,1,1,1,1,7
200500017997,0005-03-27 14:30:00,5,3,27,14,30,950,277.0,AUTOROUTE A104,,,Plein jour,Hors agglomération,Hors intersection,Normale,Autre collision,,,,,,,,,,,1,1,1,1,6
200500017998,0005-03-27 16:30:00,5,3,27,16,30,930,32.0,AUTOROUTE A1,,,Plein jour,Hors agglomération,Hors intersection,Temps couvert,Deux véhicules - côté,,,,,,,,,,,1,1,1,8,3
200500017999,0005-03-27 19:00:00,5,3,27,19,0,950,277.0,AUTOROUTE A104,,,Plein jour,Hors agglomération,Hors intersection,Normale,Autre collision,,,,,,,,,,,1,1,1,1,6
200500018000,0005-03-29 07:25:00,5,3,29,7,25,930,64.0,AUTOROUTE A86,,,Plein jour,Hors agglomération,Hors intersection,Normale,Autre collision,,,,,,,,,,,1,1,1,1,6
200500018001,0005-03-29 18:35:00,5,3,29,18,35,950,682.0,R.D. 104,,,Plein jour,Hors agglomération,Hors intersection,Pluie légère,Deux véhicules - arrière,,,,,,,,,,,1,1,1,2,2
200500018002,0005-03-30 07:00:00,5,3,30,7,0,950,277.0,AUTOROUTE A3,,,Crépuscule ou aube,Hors agglomération,Hors intersection,Normale,Deux véhicules - côté,,,,,,,,,,,2,1,1,1,3
200500018003,0005-03-30 08:30:00,5,3,30,8,30,930,6.0,AUTOROUTE A3,,,Plein jour,Hors agglomération,Hors intersection,Normale,Trois véhicules et plus - collisions multiples,,,,,,,,,,,1,1,1,1,5
200500018004,0005-03-30 19:30:00,5,3,30,19,30,930,66.0,AUTOROUTE A1,,,Plein jour,Hors agglomération,Hors intersection,Pluie légère,Deux véhicules - arrière,,,,,,,,,,,1,1,1,2,2
200500018005,0005-03-30 19:30:00,5,3,30,19,30,930,32.0,AUTOROUTE A3,,,Plein jour,Hors agglomération,Hors intersection,Pluie légère,Trois véhicules et plus - collisions multiples,,,,,,,,,,,1,1,1,2,5
200500018006,0005-03-12 22:20:00,5,3,12,22,20,920,12.0,A13,,,Nuit sans éclairage public,Hors agglomération,Hors intersection,Normale,Autre collision,,,,,,,,,,,3,1,1,1,6
200500018007,0005-03-09 09:00:00,5,3,9,9,0,780,524.0,A13,,,Plein jour,Hors agglomération,Hors intersection,Pluie légère,Autre collision,,,,,,,,,,,1,1,1,2,6
200500018008,0005-03-12 09:00:00,5,3,12,9,0,780,291.0,A13,,,Plein jour,Hors agglomération,Hors intersection,Normale,Autre collision,,,,,,,,,,,1,1,1,1,6
200500018009,0005-03-18 16:30:00,5,3,18,16,30,920,48.0,N118,,,Plein jour,Hors agglomération,Hors intersection,Normale,Sans collision,,,,,,,,,,,1,1,1,1,7
200500018010,0005-03-19 20:46:00,5,3,19,20,46,780,466.0,A14,,,Nuit sans éclairage public,Hors agglomération,Hors intersection,Normale,Deux véhicules - arrière,,,,,,,,,,,3,1,1,1,2
200500018011,0005-03-10 09:48:00,5,3,10,9,48,780,640.0,A86E,,,Plein jour,Hors agglomération,Hors intersection,Temps couvert,Deux véhicules - côté,,,,,,,,,,,1,1,1,8,3
200500018012,0005-03-22 07:52:00,5,3,22,7,52,780,140.0,A13,,,Plein jour,Hors agglomération,Hors intersection,Normale,Deux véhicules - côté,,,,,,,,,,,1,1,1,1,3
200500018013,0005-03-12 21:30:00,5,3,12,21,30,920,64.0,A13,,,Nuit sans éclairage public,Hors agglomération,Hors intersection,Temps couvert,Trois véhicules et plus - collisions multiples,,,,,,,,,,,3,1,1,8,5
200500018014,0005-03-19 19:40:00,5,3,19,19,40,780,431.0,A13,,,Nuit sans éclairage public,Hors agglomération,Hors intersection,Normale,Trois véhicules et plus - en chaîne,,,,,,,,,,,3,1,1,1,4
200500018015,0005-03-17 16:45:00,5,3,17,16,45,920,50.0,A14,,,Plein jour,Hors agglomération,Hors intersection,Normale,Deux véhicules - arrière,,,,,,,,,,,1,1,1,1,2
200500018016,0005-03-19 08:30:00,5,3,19,8,30,780,431.0,N12W,,,Plein jour,Hors agglomération,Hors intersection,Brouillard / fumée,Deux véhicules - arrière,,,,,,,,,,,1,1,1,5,2
200500018017,0005-03-19 08:15:00,5,3,19,8,15,780,431.0,N12W,,,Plein jour,Hors agglomération,Hors intersection,Brouillard / fumée,Autre collision,,,,,,,,,,,1,1,1,5,6
200500018018,0005-03-23 19:15:00,5,3,23,19,15,780,402.0,A13,,,Nuit sans éclairage public,Hors agglomération,Hors intersection,Normale,Deux véhicules - arrière,,,,,,,,,,,3,1,1,1,2
200500018019,0005-03-27 19:30:00,5,3,27,19,30,920,64.0,A13,,,Plein jour,Hors agglomération,Hors intersection,Pluie forte,Autre collision,,,,,,,,,,,1,1,1,3,6
200500018020,0005-03-01 08:10:00,5,3,1,8,10,910,86.0,RN 104,,,Plein jour,Hors agglomération,Hors intersection,Normale,Sans collision,,,,,,,,,,,1,1,1,1,7
200500018021,0005-03-02 07:33:00,5,3,2,7,33,910,477.0,AUTOROUTE A126,,,Nuit avec éclairage non allumé,Hors agglomération,Hors intersection,Neige / grêle,Trois véhicules et plus - collisions multiples,,,,,,,,,,,4,1,1,4,5
200500018022,0005-03-03 22:30:00,5,3,3,22,30,910,161.0,AUTOROUTE A126,,,Nuit avec éclairage allumé,Hors agglomération,Hors intersection,Neige / grêle,Trois véhicules et plus - collisions multiples,,,,,,,,,,,5,1,1,4,5