accident_id,datetime,annee,mois,jour,heure,minute,departement,commune_insee,adresse,latitude,longitude,luminosite,agglomeration,intersection,meteo,collision,nb_vehicules,nb_usagers,nb_indemnes,nb_tues,nb_blesses_hosp,nb_blesses_legers,age_cond_1,age_cond_2,veh_type_cond_1,veh_type_cond_2,lum_code,agg_code,int_code,atm_code,col_code
200500018023,0005-03-06 14:30:00,5,3,6,14,30,910,345.0,AUTOROUTE A6,,,Plein jour,Hors agglomération,Hors intersection,Normale,Sans collision,,,,,,,,,,,1,1,1,1,7
200500018024,0005-03-08 16:50:00,5,3,8,16,50,940,21.0,AUTOROUTE A6A,,,Plein jour,Hors agglomération,Hors intersection,Normale,Deux véhicules - arrière,,,,,,,,,,,1,1,1,1,2
200500018025,0005-03-09 15:46:00,5,3,9,15,46,910,434.0,AUTOROUTE A6,,,Plein jour,Hors agglomération,Hors intersection,Temps couvert,Deux véhicules - côté,,,,,,,,,,,1,1,1,8,3
200500018026,0005-03-09 21:00:00,5,3,9,21,0,910,521.0,RN 440,,,Nuit avec éclairage allumé,Hors agglomération,Hors intersection,Normale,Deux véhicules - arrière,,,,,,,,,,,5,1,1,1,2
200500018027,0005-03-11 07:37:00,5,3,11,7,37,910,521.0,RN 104,,,Plein jour,Hors agglomération,Hors intersection,Normale,Autre collision,,,,,,,,,,,1,1,1,1,6
200500018028,0005-03-11 08:20:00,5,3,11,8,20,910,161.0,AUTOROUTE A126,,,Plein jour,Hors agglomération,Hors intersection,Normale,Sans collision,,,,,,,,,,,1,1,1,1,7
200500018029,0005-03-12 06:30:00,5,3,12,6,30,940,34.0,AUTOROUTE A6A,,,Crépuscule ou aube,Hors agglomération,Hors intersection,Normale,Autre collision,,,,,,,,,,,2,1,1,1,6
200500018030,0005-03-15 00:01:00,5,3,15,0,1,910,235.0,RN 104,,,Nuit sans éclairage public,Hors agglomération,Hors intersection,Normale,Trois véhicules et plus - collisions multiples,,,,,,,,,,,3,1,1,1,5
200500018031,0005-03-15 08:00:00,5,3,15,8,0,940,21.0,AUTOROUTE A6A,,,Plein jour,Hors agglomération,Hors intersection,Normale,Trois véhicules et plus - en chaîne,,,,,,,,,,,1,1,1,1,4
200500018032,0005-03-15 13:00:00,5,3,15,13,0,910,64.0,RN 118,,,Plein jour,Hors agglomération,Hors intersection,Normale,Trois véhicules et plus - collisions multiples,,,,,,,,,,,1,1,1,1,5
200500018033,0005-03-15 15:53:00,5,3,15,15,53,910,689.0,AUTOROUTE A6B,,,Plein jour,Hors agglomération,Hors intersection,Normale,Autre collision,,,,,,,,,,,1,1,1,1,6
200500018034,0005-03-15 19:25:00,5,3,15,19,25,910,553.0,RN 104,,,Nuit sans éclairage public,Hors agglomération,Hors intersection,Normale,Deux véhicules - côté,,,,,,,,,,,3,1,1,1,3
200500018035,0005-03-16 14:29:00,5,3,16,14,29,910,377.0,RN20,,,Plein jour,Hors agglomération,Intersection à plus de 4 branches,Normale,Deux véhicules - côté,,,,,,,,,,,1,1,5,1,3
200500018036,0005-03-17 07:55:00,5,3,17,7,55,940,34.0,AUTOROUTE A6A,,,Plein jour,Hors agglomération,Hors intersection,Normale,Deux véhicules - côté,,,,,,,,,,,1,1,1,1,3
200500018037,0005-03-18 15:40:00,5,3,18,15,40,910,179.0,AUTOROUTE A6,,,Plein jour,Hors agglomération,Hors intersection,Normale,Trois véhicules et plus - collisions multiples,,,,,,,,,,,1,1,1,1,5
200500018038,0005-03-18 19:30:00,5,3,18,19,30,940,34.0,AUTOROUTE A6A,,,Crépuscule ou aube,Hors agglomération,Hors intersection,Normale,Deux véhicules - côté,,,,,,,,,,,2,1,1,1,3
200500018039,0005-03-19 07:40:00,5,3,19,7,40,910,553.0,RN 104,,,Nuit sans éclairage public,Hors agglomération,Hors intersection,Brouillard / fumée,Trois véhicules et plus - collisions multiples,,,,,,,,,,,3,1,1,5,5
200500018040,0005-03-21 08:50:00,5,3,21,8,50,910,434.0,AUTOROUTE A6,,,Plein jour,Hors agglomération,Hors intersection,Normale,Deux véhicules - arrière,,,,,,,,,,,1,1,1,1,2
200500018041,0005-03-22 16:00:00,5,3,22,16,0,910,689.0,AUTOROUTE A6,,,Plein jour,Hors agglomération,Hors intersection,Normale,Sans collision,,,,,,,,,,,1,1,1,1,7
200500018042,0005-03-23 07:50:00,5,3,23,7,50,910,617.0,RN 104 INT / A5A PROVINC,,,Plein jour,Hors agglomération,Hors intersection,Brouillard / fumée,Deux véhicules - arrière,,,,,,,,,,,1,1,1,5,2
200500018043,0005-03-23 16:45:00,5,3,23,16,45,910,161.0,AUTOROUTE A6,,,Plein jour,Hors agglomération,Hors intersection,Normale,Deux véhicules - côté,,,,,,,,,,,1,1,1,1,3
200500018044,0005-03-23 16:50:00,5,3,23,16,50,910,553.0,RN 104,,,Plein jour,Hors agglomération,Autre intersection,Normale,Trois véhicules et plus - en chaîne,,,,,,,,,,,1,1,9,1,4
200500018045,0005-03-23 17:45:00,5,3,23,17,45,910,179.0,AUTOROUTE A6,,,Plein jour,Hors agglomération,Hors intersection,Normale,Deux véhicules - côté,,,,,,,,,,,1,1,1,1,3
200500018046,0005-03-24 11:00:00,5,3,24,11,0,910,377.0,AUTOROUTE A10,,,Plein jour,Hors agglomération,Hors intersection,Pluie légère,Deux véhicules - côté,,,,,,,,,,,1,1,1,2,3
200500018047,0005-03-25 07:30:00,5,3,25,7,30,910,617.0,RN 104,,,Crépuscule ou aube,Hors agglomération,Hors intersection,Brouillard / fumée,Autre collision,,,,,,,,,,,2,1,1,5,6
200500018048,0005-03-25 13:05:00,5,3,25,13,5,910,589.0,AUTOROUTE A6,,,Plein jour,Hors agglomération,Hors intersection,Normale,Autre collision,,,,,,,,,,,1,1,1,1,6
200500018049,0005-03-26 19:20:00,5,3,26,19,20,910,182.0,AUTOROUTE A6,,,Plein jour,Hors agglomération,Hors intersection,Normale,Deux véhicules - arrière,,,,,,,,,,,1,1,1,1,2
200500018050,0005-03-26 23:15:00,5,3,26,23,15,910,228.0,RN 104,,,Nuit sans éclairage public,Hors agglomération,Hors intersection,Pluie légère,Sans collision,,,,,,,,,,,3,1,1,2,7
200500018051,0005-03-27 19:00:00,5,3,27,19,0,910,434.0,AUTOROUTE A6,,,Plein jour,Hors agglomération,Hors intersection,Normale,Deux véhicules - arrière,,,,,,,,,,,1,1,1,1,2
200500018052,0005-03-27 19:42:00,5,3,27,19,42,910,617.0,RN 104,,,Plein jour,Hors agglomération,Hors intersection,Temps couvert,Autre collision,,,,,,,,,,,1,1,1,8,6
200500018053,0005-03-28 18:10:00,5,3,28,18,10,910,534.0,RN 118,,,Plein jour,Hors agglomération,Hors intersection,Normale,Deux véhicules - arrière,,,,,,,,,,,1,1,1,1,2
200500018054,0005-03-28 21:29:00,5,3,28,21,29,910,589.0,AUTOROUTE A6,,,Nuit sans éclairage public,Hors agglomération,Hors intersection,Normale,Sans collision,,,,,,,,,,,3,1,1,1,7
200500018055,0005-03-29 08:10:00,5,3,29,8,10,940,21.0,AUTOROUTE A6A,,,Crépuscule ou aube,Hors agglomération,Hors intersection,Normale,Sans collision,,,,,,,,,,,2,1,1,1,7
200500018056,0005-03-30 09:00:00,5,3,30,9,0,910,692.0,RN 118,,,Plein jour,Hors agglomération,Hors intersection,Normale,Deux véhicules - côté,,,,,,,,,,,1,1,1,1,3
200500018057,0005-03-01 07:20:00,5,3,1,7,20,202,33.0,"SANS, TOUTES RUES",,,Plein jour,En agglomération,Hors intersection,Normale,Deux véhicules - frontale,,,,,,,,,,,1,2,1,1,1
200500018058,0005-03-02 14:03:00,5,3,2,14,3,202,120.0,"SANS, TOUTES RUES",,,Plein jour,En agglomération,Hors intersection,Normale,Trois véhicules et plus - en chaîne,,,,,,,,,,,1,2,1,1,4
200500018059,0005-03-02 17:10:00,5,3,2,17,10,202,120.0,"SANS, TOUTES RUES",,,Plein jour,En agglomération,Hors intersection,Normale,Trois véhicules et plus - en chaîne,,,,,,,,,,,1,2,1,1,4
200500018060,0005-03-07 08:54:00,5,3,7,8,54,202,33.0,"SANS, CARDO - RT INFERIE",,,Plein jour,En agglomération,Intersection en T,Normale,Deux véhicules - côté,,,,,,,,,,,1,2,3,1,3
200500018061,0005-03-08 07:33:00,5,3,8,7,33,202,37.0,"6, TOUTES RUES",,,Plein jour,En agglomération,Intersection en T,Normale,Deux véhicules - côté,,,,,,,,,,,1,2,3,1,3
200500018062,0005-03-08 19:10:00,5,3,8,19,10,202,33.0,"SANS, CHANOINE LESCHI -",,,Nuit avec éclairage non allumé,En agglomération,Hors intersection,Normale,Autre collision,,,,,,,,,,,4,2,1,1,6
200500018063,0005-03-11 19:21:00,5,3,11,19,21,202,33.0,"SANS, TUNNEL",,,Nuit avec éclairage allumé,En agglomération,Hors intersection,Normale,Trois véhicules et plus - en chaîne,,,,,,,,,,,5,2,1,1,4
200500018064,0005-03-16 16:15:00,5,3,16,16,15,202,33.0,"sans, AV DE LA LIBERATIO",,,Plein jour,En agglomération,Intersection en T,Normale,Deux véhicules - frontale,,,,,,,,,,,1,2,3,1,1
200500018065,0005-03-21 12:13:00,5,3,21,12,13,202,33.0,"SANS, CHANOINE LESCHI -",,,Plein jour,En agglomération,Hors intersection,Normale,Deux véhicules - arrière,,,,,,,,,,,1,2,1,1,2
200500018066,0005-03-21 20:56:00,5,3,21,20,56,202,33.0,TOUTES RUES,,,Nuit avec éclairage allumé,En agglomération,Hors intersection,Normale,Deux véhicules - côté,,,,,,,,,,,5,2,1,1,3
200500018067,0005-03-22 12:20:00,5,3,22,12,20,202,33.0,"8, LUCE DE CASABIANCA -R",,,Plein jour,En agglomération,Hors intersection,Normale,Autre collision,,,,,,,,,,,1,2,1,1,6
200500018068,0005-03-23 07:50:00,5,3,23,7,50,202,33.0,"SANS, TOUTES RUES",,,Plein jour,En agglomération,Hors intersection,Normale,Deux véhicules - frontale,,,,,,,,,,,1,2,1,1,1
200500018069,0005-03-23 15:00:00,5,3,23,15,0,202,120.0,TOUTES RUES,,,Plein jour,En agglomération,Hors intersection,Normale,Deux véhicules - côté,,,,,,,,,,,1,2,1,1,3
200500018070,0005-03-23 17:52:00,5,3,23,17,52,202,33.0,"SANS, VOIE RAPIDE",,,Plein jour,En agglomération,Hors intersection,Normale,Trois véhicules et plus - en chaîne,,,,,,,,,,,1,2,1,1,4
200500018071,0005-03-24 01:47:00,5,3,24,1,47,202,33.0,"SANS, TOUTES RUES",,,Nuit avec éclairage allumé,En agglomération,Hors intersection,Normale,Autre collision,,,,,,,,,,,5,2,1,1,6
200500018072,0005-03-04 03:40:00,5,3,4,3,40,690,123.0,"1, DOCTEUR GAILLETON (DU",,,Nuit avec éclairage allumé,En agglomération,Hors intersection,Normale,Deux véhicules - arrière,,,,,,,,,,,5,2,1,1,2
200500018073,0005-03-06 06:05:00,5,3,6,6,5,690,123.0,JEAN MOULIN,,,Nuit avec éclairage allumé,En agglomération,Intersection en X,Pluie légère,Deux véhicules - côté,,,,,,,,,,,5,2,2,2,3
200500018074,0005-03-19 09:05:00,5,3,19,9,5,690,123.0,GALLIENI,,,Plein jour,En agglomération,Hors intersection,Normale,Deux véhicules - arrière,,,,,,,,,,,1,2,1,1,2
200500018075,0005-03-19 10:15:00,5,3,19,10,15,690,123.0,JARENTE,,,Plein jour,En agglomération,Intersection en X,Normale,Sans collision,,,,,,,,,,,1,2,2,1,7
200500018076,0005-03-25 15:45:00,5,3,25,15,45,690,123.0,"27, BELLECOUR",,,Plein jour,En agglomération,Hors intersection,Normale,Deux véhicules - côté,,,,,,,,,,,1,2,1,1,3
200500018077,0005-03-27 05:00:00,5,3,27,5,0,690,123.0,PRESIDENT EDOUARD HERRIO,,,Nuit avec éclairage allumé,En agglomération,Intersection en X,Temps couvert,Autre collision,,,,,,,,,,,5,2,2,8,6
200500018078,0005-03-02 09:00:00,5,3,2,9,0,590,256.0,AUTOROUTE A23,,,Plein jour,Hors agglomération,Hors intersection,Neige / grêle,Autre collision,,,,,,,,,,,1,1,1,4,6
200500018079,0005-03-04 15:55:00,5,3,4,15,55,590,459.0,AUTOROUTE A23,,,Plein jour,Hors agglomération,Hors intersection,Neige / grêle,Trois véhicules et plus - collisions multiples,,,,,,,,,,,1,1,1,4,5
200500018080,0005-03-04 17:00:00,5,3,4,17,0,620,498.0,AUTOROUTE A211,,,Plein jour,Hors agglomération,Hors intersection,Neige / grêle,Trois véhicules et plus - en chaîne,,,,,,,,,,,1,1,1,4,4
200500018081,0005-03-04 17:00:00,5,3,4,17,0,590,44.0,AUTOROUTE A27,,,Plein jour,Hors agglomération,Hors intersection,Neige / grêle,Autre collision,,,,,,,,,,,1,1,1,4,6
200500018082,0005-03-05 00:05:00,5,3,5,0,5,590,350.0,AUTOROUTE A25,,,Nuit avec éclairage allumé,Hors agglomération,Hors intersection,Neige / grêle,Autre collision,,,,,,,,,,,5,1,1,4,6
200500018083,0005-03-05 05:00:00,5,3,5,5,0,590,80.0,AUTOROUTE A23,,,Crépuscule ou aube,Hors agglomération,Hors intersection,Neige / grêle,Autre collision,,,,,,,,,,,2,1,1,4,6
200500018084,0005-03-07 05:45:00,5,3,7,5,45,620,548.0,AUTOROUTE A16,,,Nuit avec éclairage allumé,Hors agglomération,Hors intersection,Normale,Autre collision,,,,,,,,,,,5,1,1,1,6
200500018085,0005-03-12 01:55:00,5,3,12,1,55,620,587.0,AUTOROUTE A21,,,Nuit avec éclairage allumé,Hors agglomération,Hors intersection,Normale,Autre collision,,,,,,,,,,,5,1,1,1,6
200500018086,0005-03-13 14:45:00,5,3,13,14,45,590,459.0,AUTOROUTE A23,,,Plein jour,Hors agglomération,Hors intersection,Normale,Sans collision,,,,,,,,,,,1,1,1,1,7
200500018087,0005-03-15 00:01:00,5,3,15,0,1,590,262.0,AUTOROUTE A25,,,Nuit sans éclairage public,Hors agglomération,Hors intersection,Normale,Autre collision,,,,,,,,,,,3,1,1,1,6
200500018088,0005-03-15 12:00:00,5,3,15,12,0,590,123.0,AUTOROUTE A1,,,Plein jour,Hors agglomération,Hors intersection,Normale,Deux véhicules - côté,,,,,,,,,,,1,1,1,1,3
200500018089,0005-03-16 12:15:00,5,3,16,12,15,590,350.0,AUTOROUTE A25,,,Plein jour,Hors agglomération,Hors intersection,Normale,Trois véhicules et plus - en chaîne,,,,,,,,,,,1,1,1,1,4
200500018090,0005-03-17 14:45:00,5,3,17,14,45,590,195.0,ROUTE NATIONALE 352,,,Plein jour,Hors agglomération,Hors intersection,Normale,Deux véhicules - arrière,,,,,,,,,,,1,1,1,1,2
200500018091,0005-03-20 12:25:00,5,3,20,12,25,620,193.0,AUTOROUTE A16,,,Plein jour,Hors agglomération,Hors intersection,Normale,Autre collision,,,,,,,,,,,1,1,1,1,6
200500018092,0005-03-20 13:05:00,5,3,20,13,5,590,343.0,AUTOROUTE A22,,,Plein jour,Hors agglomération,Hors intersection,Normale,Trois véhicules et plus - en chaîne,,,,,,,,,,,1,1,1,1,4
200500018093,0005-03-20 18:50:00,5,3,20,18,50,620,528.0,AUTOROUTE A21,,,Plein jour,Hors agglomération,Hors intersection,Normale,Autre collision,,,,,,,,,,,1,1,1,1,6
200500018094,0005-03-21 12:35:00,5,3,21,12,35,590,9.0,ROUTE NATIONALE 227,,,Plein jour,Hors agglomération,Hors intersection,Normale,Trois véhicules et plus - collisions multiples,,,,,,,,,,,1,1,1,1,5
200500018095,0005-03-22 17:35:00,5,3,22,17,35,590,128.0,ROUTE NATIONALE 352,,,Plein jour,Hors agglomération,Hors intersection,Normale,Deux véhicules - côté,,,,,,,,,,,1,1,1,1,3
200500018096,0005-03-24 21:15:00,5,3,24,21,15,590,491.0,AUTOROUTE A23,,,Nuit sans éclairage public,Hors agglomération,Hors intersection,Brouillard / fumée,Sans collision,,,,,,,,,,,3,1,1,5,7
200500018097,0005-03-25 10:25:00,5,3,25,10,25,620,907.0,AUTOROUTE A1,,,Plein jour,Hors agglomération,Hors intersection,Normale,Deux véhicules - arrière,,,,,,,,,,,1,1,1,1,2
200500018098,0005-03-26 06:45:00,5,3,26,6,45,590,355.0,ROUTE NATIONALE 352,,,Crépuscule ou aube,Hors agglomération,Hors intersection,Brouillard / fumée,Autre collision,,,,,,,,,,,2,1,1,5,6
200500018099,0005-03-26 07:20:00,5,3,26,7,20,590,350.0,ROUTE NATIONALE 351,,,Plein jour,Hors agglomération,Hors intersection,Brouillard / fumée,Autre collision,,,,,,,,,,,1,1,1,5,6
200500018100,0005-03-26 18:00:00,5,3,26,18,0,590,556.0,AUTOROUTE A25,,,Plein jour,Hors agglomération,Hors intersection,Normale,Sans collision,,,,,,,,,,,1,1,1,1,7
200500018101,0005-03-30 08:25:00,5,3,30,8,25,590,585.0,AUTOROUTE A1,,,Plein jour,Hors agglomération,Hors intersection,Pluie forte,Autre collision,,,,,,,,,,,1,1,1,3,6
200500018102,0005-03-02 07:35:00,5,3,2,7,35,690,383.0,"4, LAFAYETTE",,,Plein jour,En agglomération,Hors intersection,Normale,Autre collision,,,,,,,,,,,1,2,1,1,6
200500018103,0005-03-05 19:45:00,5,3,5,19,45,690,386.0,LAFAYETTE,,,Nuit avec éclairage allumé,En agglomération,Hors intersection,Normale,Deux véhicules - côté,,,,,,,,,,,5,2,1,1,3
200500018104,0005-03-04 08:40:00,5,3,4,8,40,690,383.0,"236, FELIX FAURE",,,Plein jour,En agglomération,Hors intersection,Normale,Deux véhicules - frontale,,,,,,,,,,,1,2,1,1,1
200500018105,0005-03-08 09:30:00,5,3,8,9,30,690,383.0,MARECHAL DE SAXE,,,Plein jour,En agglomération,Hors intersection,Pluie légère,Autre collision,,,,,,,,,,,1,2,1,2,6
200500018106,0005-03-09 21:15:00,5,3,9,21,15,690,383.0,LACASSAGNE,,,Nuit avec éclairage allumé,En agglomération,Hors intersection,Normale,Deux véhicules - frontale,,,,,,,,,,,5,2,1,1,1
200500018107,0005-03-08 10:10:00,5,3,8,10,10,690,383.0,CHAPONNAY,,,Plein jour,En agglomération,Hors intersection,Pluie légère,Autre collision,,,,,,,,,,,1,2,1,2,6
200500018108,0005-03-10 16:15:00,5,3,10,16,15,690,383.0,FELIX FAURE,,,Plein jour,En agglomération,Intersection en X,Normale,Autre collision,,,,,,,,,,,1,2,2,1,6
200500018109,0005-03-11 02:45:00,5,3,11,2,45,690,383.0,AIME COLLOMB,,,Nuit avec éclairage allumé,En agglomération,Intersection en X,Normale,Deux véhicules - côté,,,,,,,,,,,5,2,2,1,3
200500018110,0005-03-10 20:37:00,5,3,10,20,37,690,383.0,ALBERT THOMAS,,,Nuit avec éclairage allumé,En agglomération,Intersection en X,Normale,Deux véhicules - côté,,,,,,,,,,,5,2,2,1,3
200500018111,0005-03-13 11:50:00,5,3,13,11,50,690,386.0,CHARLES DE GAULLE,,,Plein jour,En agglomération,Hors intersection,Normale,Deux véhicules - frontale,,,,,,,,,,,1,2,1,1,1
200500018112,0005-03-14 13:50:00,5,3,14,13,50,690,383.0,"5, LAFAYETTE",,,Plein jour,En agglomération,Hors intersection,Normale,Autre collision,,,,,,,,,,,1,2,1,1,6
200500018113,0005-03-14 11:40:00,5,3,14,11,40,690,386.0,GENERAL BROSSET (DU),,,Plein jour,En agglomération,Intersection en X,Normale,Deux véhicules - côté,,,,,,,,,,,1,2,2,1,3
200500018114,0005-03-14 07:55:00,5,3,14,7,55,690,386.0,MICHEL RAMBAUD,,,Plein jour,En agglomération,Hors intersection,Normale,Autre collision,,,,,,,,,,,1,2,1,1,6
200500018115,0005-03-15 15:30:00,5,3,15,15,30,690,386.0,"87, GARIBALDI",,,Plein jour,En agglomération,Hors intersection,Normale,Autre collision,,,,,,,,,,,1,2,1,1,6
200500018116,0005-03-19 15:20:00,5,3,19,15,20,690,383.0,LACASSAGNE,,,Plein jour,En agglomération,Intersection en X,Normale,Deux véhicules - frontale,,,,,,,,,,,1,2,2,1,1
200500018117,0005-03-21 16:15:00,5,3,21,16,15,690,383.0,"17, DOCTEUR REBATEL (DU)",,,Plein jour,En agglomération,Hors intersection,Normale,Autre collision,,,,,,,,,,,1,2,1,1,6
200500018118,0005-03-16 07:10:00,5,3,16,7,10,690,383.0,VIALA,,,Crépuscule ou aube,En agglomération,Intersection en X,Normale,Deux véhicules - côté,,,,,,,,,,,2,2,2,1,3
200500018119,0005-03-25 16:00:00,5,3,25,16,0,690,383.0,ST MAXIMIN,,,Plein jour,En agglomération,Intersection en X,Normale,Autre collision,,,,,,,,,,,1,2,2,1,6
200500018120,0005-03-25 16:25:00,5,3,25,16,25,690,386.0,LAFAYETTE,,,Plein jour,En agglomération,Intersection en X,Normale,Autre collision,,,,,,,,,,,1,2,2,1,6
200500018121,0005-03-26 10:40:00,5,3,26,10,40,690,386.0,SULLY,,,Plein jour,En agglomération,Hors intersection,Normale,Autre collision,,,,,,,,,,,1,2,1,1,6
200500018122,0005-03-30 19:30:00,5,3,30,19,30,690,383.0,CHAPONNAY,,,Crépuscule ou aube,En agglomération,Intersection en X,Normale,Deux véhicules - côté,,,,,,,,,,,2,2,2,1,3
200500018123,0005-03-07 07:30:00,5,3,7,7,30,690,384.0,"1, ESSES (DES)",,,Plein jour,En agglomération,Hors intersection,Normale,Autre collision,,,,,,,,,,,1,2,1,1,6
200500018124,0005-03-23 21:15:00,5,3,23,21,15,690,384.0,"61, HENON",,,Nuit avec éclairage allumé,En agglomération,Hors intersection,Normale,Deux véhicules - côté,,,,,,,,,,,5,2,1,1,3
200500018125,0005-03-26 11:15:00,5,3,26,11,15,690,384.0,"35, CUIRE (DE)",,,Plein jour,En agglomération,Hors intersection,Normale,Autre collision,,,,,,,,,,,1,2,1,1,6
200500018126,0005-03-27 19:00:00,5,3,27,19,0,690,381.0,"126, CROIX ROUSSE (DE LA",,,Plein jour,En agglomération,Hors intersection,Normale,Autre collision,,,,,,,,,,,1,2,1,1,6
200500018127,0005-03-29 14:00:00,5,3,29,14,0,690,384.0,"50, PHILIPPE DE LASSALLE",,,Plein jour,En agglomération,Hors intersection,Normale,Deux véhicules - arrière,,,,,,,,,,,1,2,1,1,2
200500018128,0005-03-29 13:10:00,5,3,29,13,10,690,381.0,"126, CROIX ROUSSE (DE LA",,,Plein jour,En agglomération,Hors intersection,Normale,Deux véhicules - arrière,,,,,,,,,,,1,2,1,1,2
200500018129,0005-03-03 05:13:00,5,3,3,5,13,330,318.0,ROCADE,,,Nuit avec éclairage allumé,Hors agglomération,Hors intersection,Temps couvert,Sans collision,,,,,,,,,,,5,1,1,8,7
200500018130,0005-03-07 11:15:00,5,3,7,11,15,330,39.0,ROCADE,,,Plein jour,Hors agglomération,Hors intersection,Normale,Autre collision,,,,,,,,,,,1,1,1,1,6
200500018131,0005-03-08 08:40:00,5,3,8,8,40,330,65.0,ROUTE NATIONALE,,,Plein jour,Hors agglomération,Hors intersection,Normale,Deux véhicules - arrière,,,,,,,,,,,1,1,1,1,2
200500018132,0005-03-08 19:20:00,5,3,8,19,20,330,80.0,AUTOROUTE,,,Plein jour,Hors agglomération,Hors intersection,Normale,Autre collision,,,,,,,,,,,1,1,1,1,6
200500018133,0005-03-11 09:55:00,5,3,11,9,55,330,550.0,ROCADE,,,Plein jour,Hors agglomération,Hors intersection,Normale,Deux véhicules - côté,,,,,,,,,,,1,1,1,1,3
200500018134,0005-03-12 17:40:00,5,3,12,17,40,330,90.0,AUTOROUTE,,,Plein jour,Hors agglomération,Hors intersection,Normale,Trois véhicules et plus - en chaîne,,,,,,,,,,,1,1,1,1,4
200500018135,0005-03-16 03:00:00,5,3,16,3,0,330,397.0,AUTOROUTE,,,Nuit avec éclairage allumé,Hors agglomération,Hors intersection,Normale,Deux véhicules - arrière,,,,,,,,,,,5,1,1,1,2
200500018136,0005-03-16 11:32:00,5,3,16,11,32,330,249.0,ROUTE NATIONALE,,,Plein jour,Hors agglomération,Hors intersection,Normale,Autre collision,,,,,,,,,,,1,1,1,1,6
200500018137,0005-03-17 07:55:00,5,3,17,7,55,330,63.0,ROCADE,,,Plein jour,Hors agglomération,Hors intersection,Normale,Autre collision,,,,,,,,,,,1,1,1,1,6
200500018138,0005-03-18 07:15:00,5,3,18,7,15,330,90.0,AUTOROUTE,,,Plein jour,Hors agglomération,Hors intersection,Normale,Autre collision,,,,,,,,,,,1,1,1,1,6
200500018139,0005-03-19 18:45:00,5,3,19,18,45,330,13.0,ROUTE NATIONALE,,,Plein jour,Hors agglomération,Hors intersection,Normale,Sans collision,,,,,,,,,,,1,1,1,1,7
200500018140,0005-03-20 17:55:00,5,3,20,17,55,330,65.0,ROUTE NATIONALE,,,Plein jour,Hors agglomération,Hors intersection,Normale,Deux véhicules - arrière,,,,,,,,,,,1,1,1,1,2
200500018141,0005-03-22 11:35:00,5,3,22,11,35,330,69.0,ROUTE NATIONALE,,,Plein jour,Hors agglomération,Hors intersection,Normale,Sans collision,,,,,,,,,,,1,1,1,1,7
200500018142,0005-03-14 10:09:00,5,3,14,10,9,330,63.0,ROCADE,,,Plein jour,Hors agglomération,Hors intersection,Normale,Trois véhicules et plus - en chaîne,,,,,,,,,,,1,1,1,1,4
200500018143,0005-03-24 21:35:00,5,3,24,21,35,330,249.0,AUTOROUTE,,,Nuit avec éclairage allumé,Hors agglomération,Hors intersection,Normale,Deux véhicules - côté,,,,,,,,,,,5,1,1,1,3
200500018144,0005-03-27 13:00:00,5,3,27,13,0,330,167.0,ROUTE NATIONALE,,,Plein jour,Hors agglomération,Hors intersection,Pluie légère,Deux véhicules - côté,,,,,,,,,,,1,1,1,2,3
200500018145,0005-03-27 18:15:00,5,3,27,18,15,330,550.0,ROCADE,,,Plein jour,Hors agglomération,Hors intersection,Pluie légère,Deux véhicules - côté,,,,,,,,,,,1,1,1,2,3
200500018146,0005-03-27 21:50:00,5,3,27,21,50,330,249.0,ROUTE NATIONALE,,,Nuit avec éclairage allumé,Hors agglomération,Hors intersection,Pluie légère,Autre collision,,,,,,,,,,,5,1,1,2,6
200500018147,0005-03-29 13:35:00,5,3,29,13,35,330,366.0,AUTOROUTE,,,Plein jour,Hors agglomération,Hors intersection,Pluie légère,Autre collision,,,,,,,,,,,1,1,1,2,6
200500018148,0005-03-30 13:30:00,5,3,30,13,30,330,281.0,ROCADE,,,Plein jour,Hors agglomération,Hors intersection,Pluie légère,Sans collision,,,,,,,,,,,1,1,1,2,7
200500018149,0005-03-01 16:20:00,5,3,1,16,20,690,385.0,"37, AQUEDUCS (DES)",,,Plein jour,En agglomération,Hors intersection,Normale,Autre collision,,,,,,,,,,,1,2,1,1,6
200500018150,0005-03-14 19:42:00,5,3,14,19,42,690,385.0,", CHOULANS (DE)",,,Nuit avec éclairage allumé,En agglomération,Intersection en X,Normale,Deux véhicules - côté,,,,,,,,,,,5,2,2,1,3
200500018151,0005-03-12 00:35:00,5,3,12,0,35,670,152.0,Autoroute A.35,,,Nuit sans éclairage public,Hors agglomération,Hors intersection,Vent fort / tempête,Sans collision,,,,,,,,,,,3,1,1,6,7
200500018152,0005-03-16 17:55:00,5,3,16,17,55,540,357.0,Autoroute A 31,,,Plein jour,Hors agglomération,Hors intersection,Normale,Trois véhicules et plus - collisions multiples,,,,,,,,,,,1,1,1,1,5
200500018153,0005-03-19 21:40:00,5,3,19,21,40,540,571.0,Autoroute A 33,,,Nuit sans éclairage public,Hors agglomération,Hors intersection,Normale,Deux véhicules - arrière,,,,,,,,,,,3,1,1,1,2
200500018154,0005-03-18 17:30:00,5,3,18,17,30,540,320.0,Autoroute A 31,,,Plein jour,Hors agglomération,Hors intersection,Normale,Deux véhicules - arrière,,,,,,,,,,,1,1,1,1,2
200500018155,0005-03-14 07:47:00,5,3,14,7,47,540,115.0,Autoroute A31,,,Plein jour,Hors agglomération,Hors intersection,Normale,Autre collision,,,,,,,,,,,1,1,1,1,6