accident_id,datetime,annee,mois,jour,heure,minute,departement,commune_insee,adresse,latitude,longitude,luminosite,agglomeration,intersection,meteo,collision,nb_vehicules,nb_usagers,nb_indemnes,nb_tues,nb_blesses_hosp,nb_blesses_legers,age_cond_1,age_cond_2,veh_type_cond_1,veh_type_cond_2,lum_code,agg_code,int_code,atm_code,col_code
200500018156,0005-03-27 12:10:00,5,3,27,12,10,540,304.0,Autoroute A 33,,,Plein jour,Hors agglomération,Hors intersection,Normale,Trois véhicules et plus - en chaîne,,,,,,,,,,,1,1,1,1,4
200500018157,0005-03-28 12:00:00,5,3,28,12,0,540,459.0,Autoroute A 330,,,Plein jour,Hors agglomération,Hors intersection,Temps couvert,Autre collision,,,,,,,,,,,1,1,1,8,6
200500018158,0005-03-09 13:05:00,5,3,9,13,5,570,352.0,Autoroute A31,,,Plein jour,Hors agglomération,Hors intersection,Pluie légère,Autre collision,,,,,,,,,,,1,1,1,2,6
200500018159,0005-03-12 15:11:00,5,3,12,15,11,570,474.0,Autoroute A31,,,Plein jour,Hors agglomération,Hors intersection,Normale,Deux véhicules - côté,,,,,,,,,,,1,1,1,1,3
200500018160,0005-03-16 17:46:00,5,3,16,17,46,570,751.0,Autoroute A31,,,Plein jour,Hors agglomération,Hors intersection,Normale,Deux véhicules - arrière,,,,,,,,,,,1,1,1,1,2
200500018161,0005-03-22 06:30:00,5,3,22,6,30,570,452.0,Autoroute A31,,,Plein jour,Hors agglomération,Hors intersection,Normale,Trois véhicules et plus - collisions multiples,,,,,,,,,,,1,1,1,1,5
200500018162,0005-03-03 12:40:00,5,3,3,12,40,690,387.0,YVES FARGES,,,Plein jour,En agglomération,Intersection en T,Normale,Deux véhicules - frontale,,,,,,,,,,,1,2,3,1,1
200500018163,0005-03-04 13:35:00,5,3,4,13,35,690,387.0,BERTHELOT,,,Plein jour,En agglomération,Intersection en X,Normale,Deux véhicules - côté,,,,,,,,,,,1,2,2,1,3
200500018164,0005-03-05 14:55:00,5,3,5,14,55,690,387.0,JULES BRUNARD,,,Plein jour,En agglomération,Intersection en X,Normale,Deux véhicules - côté,,,,,,,,,,,1,2,2,1,3
200500018165,0005-03-06 07:15:00,5,3,6,7,15,690,387.0,CHEVREUL,,,Crépuscule ou aube,En agglomération,Intersection en X,Pluie légère,Deux véhicules - côté,,,,,,,,,,,2,2,2,2,3
200500018166,0005-03-05 08:10:00,5,3,5,8,10,690,387.0,JABOULAY,,,Plein jour,En agglomération,Intersection en X,Neige / grêle,Deux véhicules - côté,,,,,,,,,,,1,2,2,4,3
200500018167,0005-03-06 06:05:00,5,3,6,6,5,690,387.0,RAOUL SERVANT,,,Nuit avec éclairage allumé,En agglomération,Intersection en X,Neige / grêle,Deux véhicules - côté,,,,,,,,,,,5,2,2,4,3
200500018168,0005-03-11 09:35:00,5,3,11,9,35,690,387.0,TONY GARNIER,,,Plein jour,En agglomération,Intersection en X,Normale,Deux véhicules - côté,,,,,,,,,,,1,2,2,1,3
200500018169,0005-03-12 16:50:00,5,3,12,16,50,690,387.0,"299, JEAN JAURES",,,Crépuscule ou aube,En agglomération,Hors intersection,Normale,Deux véhicules - côté,,,,,,,,,,,2,2,1,1,3
200500018170,0005-03-16 07:41:00,5,3,16,7,41,690,387.0,"60bis, LECLERC",,,Plein jour,En agglomération,Hors intersection,Normale,Autre collision,,,,,,,,,,,1,2,1,1,6
200500018171,0005-03-03 06:50:00,5,3,3,6,50,690,388.0,"67/69, AUDIBERT ET LAVIR",,,Plein jour,En agglomération,Hors intersection,Normale,Autre collision,,,,,,,,,,,1,2,1,1,6
200500018172,0005-03-15 13:30:00,5,3,15,13,30,690,388.0,"00, PAUL SANTY",,,Plein jour,En agglomération,Intersection en X,Normale,Autre collision,,,,,,,,,,,1,2,2,1,6
200500018173,0005-03-18 07:50:00,5,3,18,7,50,690,388.0,"00, FRERES LUMIERE (DES)",,,Plein jour,En agglomération,Intersection en X,Normale,Autre collision,,,,,,,,,,,1,2,2,1,6
200500018174,0005-03-16 08:20:00,5,3,16,8,20,690,388.0,"2, PIERRE DELORE",,,Plein jour,En agglomération,Hors intersection,Normale,Autre collision,,,,,,,,,,,1,2,1,1,6
200500018175,0005-03-16 10:50:00,5,3,16,10,50,690,388.0,", MARIUS BERLIET",,,Plein jour,En agglomération,Hors intersection,Normale,Autre collision,,,,,,,,,,,1,2,1,1,6
200500018176,0005-03-19 21:05:00,5,3,19,21,5,690,388.0,"00, ETATS UNIS (DES)",,,Nuit avec éclairage allumé,En agglomération,Intersection en X,Normale,Deux véhicules - arrière,,,,,,,,,,,5,2,2,1,2
200500018177,0005-03-23 08:45:00,5,3,23,8,45,690,388.0,"00, JEAN MERMOZ",,,Plein jour,En agglomération,Intersection en X,Normale,Deux véhicules - arrière,,,,,,,,,,,1,2,2,1,2
200500018178,0005-03-21 18:10:00,5,3,21,18,10,690,388.0,"160, VIENNE (DE)",,,Plein jour,En agglomération,Intersection en X,Normale,Autre collision,,,,,,,,,,,1,2,2,1,6
200500018179,0005-03-30 14:05:00,5,3,30,14,5,690,388.0,"0, PAUL SANTY",,,Plein jour,En agglomération,Intersection en T,Normale,Autre collision,,,,,,,,,,,1,2,3,1,6
200500018180,0005-03-30 11:15:00,5,3,30,11,15,690,388.0,"03, MARIUS BERLIET",,,Plein jour,En agglomération,Hors intersection,Normale,Deux véhicules - côté,,,,,,,,,,,1,2,1,1,3
200500018181,0005-03-02 06:50:00,5,3,2,6,50,380,544.0,A7,,,Crépuscule ou aube,Hors agglomération,Hors intersection,Temps couvert,Trois véhicules et plus - en chaîne,,,,,,,,,,,2,1,1,8,4
200500018182,0005-03-02 17:10:00,5,3,2,17,10,690,266.0,A42,,,Plein jour,Hors agglomération,Hors intersection,Normale,Trois véhicules et plus - en chaîne,,,,,,,,,,,1,1,1,1,4
200500018183,0005-03-03 07:00:00,5,3,3,7,0,690,199.0,A7,,,Crépuscule ou aube,Hors agglomération,Hors intersection,Normale,Deux véhicules - arrière,,,,,,,,,,,2,1,1,1,2
200500018184,0005-03-03 20:15:00,5,3,3,20,15,690,199.0,RN383,,,Nuit avec éclairage allumé,Hors agglomération,Hors intersection,Pluie légère,Deux véhicules - arrière,,,,,,,,,,,5,1,1,2,2
200500018185,0005-03-04 13:55:00,5,3,4,13,55,690,385.0,A6,,,Plein jour,Hors agglomération,Hors intersection,Normale,Trois véhicules et plus - en chaîne,,,,,,,,,,,1,1,1,1,4
200500018186,0005-03-04 23:50:00,5,3,4,23,50,690,297.0,A7,,,Nuit sans éclairage public,Hors agglomération,Hors intersection,Normale,Autre collision,,,,,,,,,,,3,1,1,1,6
200500018187,0005-03-05 06:20:00,5,3,5,6,20,690,389.0,A6,,,Nuit sans éclairage public,Hors agglomération,Hors intersection,Neige / grêle,Autre collision,,,,,,,,,,,3,1,1,4,6
200500018188,0005-03-06 09:20:00,5,3,6,9,20,690,290.0,A43,,,Plein jour,Hors agglomération,Hors intersection,Neige / grêle,Autre collision,,,,,,,,,,,1,1,1,4,6
200500018189,0005-03-08 21:00:00,5,3,8,21,0,690,29.0,RN383,,,Nuit avec éclairage allumé,Hors agglomération,Hors intersection,Normale,Autre collision,,,,,,,,,,,5,1,1,1,6
200500018190,0005-03-09 09:15:00,5,3,9,9,15,690,382.0,A7,,,Plein jour,Hors agglomération,Hors intersection,Temps couvert,Deux véhicules - côté,,,,,,,,,,,1,1,1,8,3
200500018191,0005-03-15 09:00:00,5,3,15,9,0,10,275.0,A42,,,Plein jour,Hors agglomération,Hors intersection,Normale,Autre collision,,,,,,,,,,,1,1,1,1,6
200500018192,0005-03-17 00:01:00,5,3,17,0,1,690,273.0,BUS (RD301),,,Nuit sans éclairage public,Hors agglomération,Hors intersection,Normale,Sans collision,,,,,,,,,,,3,1,1,1,7
200500018193,0005-03-17 09:00:00,5,3,17,9,0,690,266.0,RN383,,,Plein jour,Hors agglomération,Hors intersection,Normale,Deux véhicules - arrière,,,,,,,,,,,1,1,1,1,2
200500018194,0005-03-18 17:15:00,5,3,18,17,15,690,297.0,A46S,,,Plein jour,Hors agglomération,Hors intersection,Normale,Autre collision,,,,,,,,,,,1,1,1,1,6
200500018195,0005-03-19 19:30:00,5,3,19,19,30,10,275.0,A42,,,Nuit sans éclairage public,Hors agglomération,Hors intersection,Normale,Trois véhicules et plus - en chaîne,,,,,,,,,,,3,1,1,1,4
200500018196,0005-03-22 20:15:00,5,3,22,20,15,690,271.0,RN346,,,Nuit avec éclairage allumé,Hors agglomération,Hors intersection,Pluie légère,Trois véhicules et plus - en chaîne,,,,,,,,,,,5,1,1,2,4
200500018197,0005-03-23 22:20:00,5,3,23,22,20,380,87.0,A7,,,Nuit sans éclairage public,Hors agglomération,Autre intersection,Normale,Deux véhicules - arrière,,,,,,,,,,,3,1,9,1,2
200500018198,0005-03-25 01:15:00,5,3,25,1,15,380,87.0,A7,,,Nuit avec éclairage allumé,Hors agglomération,Hors intersection,Normale,Deux véhicules - arrière,,,,,,,,,,,5,1,1,1,2
200500018199,0005-03-25 16:10:00,5,3,25,16,10,690,290.0,RN346,,,Plein jour,Hors agglomération,Hors intersection,Normale,Deux véhicules - côté,,,,,,,,,,,1,1,1,1,3
200500018200,0005-03-25 18:45:00,5,3,25,18,45,690,189.0,A7,,,Nuit sans éclairage public,Hors agglomération,Hors intersection,Normale,Deux véhicules - frontale,,,,,,,,,,,3,1,1,1,1
200500018201,0005-03-25 21:15:00,5,3,25,21,15,690,256.0,A42,,,Nuit avec éclairage allumé,Hors agglomération,Autre intersection,Normale,Deux véhicules - arrière,,,,,,,,,,,5,1,9,1,2
200500018202,0005-03-26 11:00:00,5,3,26,11,0,380,449.0,A43,,,Plein jour,Hors agglomération,Hors intersection,Normale,Sans collision,,,,,,,,,,,1,1,1,1,7
200500018203,0005-03-26 22:00:00,5,3,26,22,0,690,29.0,RN383,,,Nuit avec éclairage allumé,Hors agglomération,Hors intersection,Normale,Deux véhicules - côté,,,,,,,,,,,5,1,1,1,3
200500018204,0005-03-26 23:25:00,5,3,26,23,25,690,142.0,A7,,,Nuit avec éclairage allumé,Hors agglomération,Hors intersection,Normale,Autre collision,,,,,,,,,,,5,1,1,1,6
200500018205,0005-03-27 05:40:00,5,3,27,5,40,690,29.0,RN383,,,Nuit avec éclairage non allumé,Hors agglomération,Hors intersection,Temps couvert,Autre collision,,,,,,,,,,,4,1,1,8,6
200500018206,0005-03-27 12:55:00,5,3,27,12,55,380,544.0,N407,,,Plein jour,Hors agglomération,Intersection en X,Normale,Deux véhicules - côté,,,,,,,,,,,1,1,2,1,3
200500018207,0005-03-28 06:37:00,5,3,28,6,37,690,297.0,A47,,,Crépuscule ou aube,Hors agglomération,Hors intersection,Normale,Autre collision,,,,,,,,,,,2,1,1,1,6
200500018208,0005-03-29 07:40:00,5,3,29,7,40,690,29.0,RN383,,,Plein jour,Hors agglomération,Hors intersection,Normale,Deux véhicules - arrière,,,,,,,,,,,1,1,1,1,2
200500018209,0005-03-29 13:05:00,5,3,29,13,5,690,81.0,A6,,,Plein jour,Hors agglomération,Hors intersection,Normale,Trois véhicules et plus - en chaîne,,,,,,,,,,,1,1,1,1,4
200500018210,0005-03-29 20:40:00,5,3,29,20,40,690,256.0,A42,,,Nuit avec éclairage allumé,Hors agglomération,Hors intersection,Pluie légère,Autre collision,,,,,,,,,,,5,1,1,2,6
200500018211,0005-03-30 04:00:00,5,3,30,4,0,690,271.0,RN346,,,Nuit sans éclairage public,Hors agglomération,Hors intersection,Pluie légère,Autre collision,,,,,,,,,,,3,1,1,2,6
200500018212,0005-03-11 10:45:00,5,3,11,10,45,690,297.0,A47,,,Plein jour,Hors agglomération,Hors intersection,Normale,Deux véhicules - côté,,,,,,,,,,,1,1,1,1,3
200500018213,0005-03-02 10:05:00,5,3,2,10,5,690,389.0,"300, ANDREI SAKHAROV",,,Plein jour,En agglomération,Intersection en T,Normale,Autre collision,,,,,,,,,,,1,2,3,1,6
200500018214,0005-03-01 10:25:00,5,3,1,10,25,690,389.0,"436, ROBERT WOLVILLE",,,Plein jour,En agglomération,Hors intersection,Normale,Autre collision,,,,,,,,,,,1,2,1,1,6
200500018215,0005-03-04 19:50:00,5,3,4,19,50,690,389.0,"3, PAUL SEDAILLIAN",,,Nuit avec éclairage allumé,En agglomération,Hors intersection,Normale,Autre collision,,,,,,,,,,,5,2,1,1,6
200500018216,0005-03-12 10:10:00,5,3,12,10,10,690,389.0,"33, RAOUL CARRIE",,,Plein jour,En agglomération,Hors intersection,Normale,Autre collision,,,,,,,,,,,1,2,1,1,6
200500018217,0005-03-16 21:15:00,5,3,16,21,15,690,389.0,"0.00, ST SIMON",,,Nuit avec éclairage allumé,En agglomération,Intersection en X,Normale,Deux véhicules - côté,,,,,,,,,,,5,2,2,1,3
200500018218,0005-03-24 15:10:00,5,3,24,15,10,690,389.0,"0.000, PROFESSEUR GUERIN",,,Plein jour,En agglomération,Hors intersection,Pluie légère,Autre collision,,,,,,,,,,,1,2,1,2,6
200500018219,0005-03-26 20:50:00,5,3,26,20,50,690,389.0,"0.000, RAOUL CARRIE",,,Nuit avec éclairage allumé,En agglomération,Hors intersection,Normale,Deux véhicules - arrière,,,,,,,,,,,5,2,1,1,2
200500018220,0005-03-03 05:30:00,5,3,3,5,30,830,90.0,A50,,,Nuit sans éclairage public,Hors agglomération,Hors intersection,Neige / grêle,Trois véhicules et plus - collisions multiples,,,,,,,,,,,3,1,1,4,5
200500018221,0005-03-04 14:50:00,5,3,4,14,50,830,137.0,A57,,,Plein jour,Hors agglomération,Hors intersection,Normale,Trois véhicules et plus - en chaîne,,,,,,,,,,,1,1,1,1,4
200500018222,0005-03-09 09:43:00,5,3,9,9,43,830,137.0,A57,,,Plein jour,Hors agglomération,Hors intersection,Normale,Trois véhicules et plus - en chaîne,,,,,,,,,,,1,1,1,1,4
200500018223,0005-03-12 15:30:00,5,3,12,15,30,830,69.0,A570,,,Plein jour,Hors agglomération,Hors intersection,Normale,Deux véhicules - côté,,,,,,,,,,,1,1,1,1,3
200500018224,0005-03-13 18:05:00,5,3,13,18,5,830,112.0,A50,,,Plein jour,Hors agglomération,Hors intersection,Normale,Deux véhicules - côté,,,,,,,,,,,1,1,1,1,3
200500018225,0005-03-25 07:34:00,5,3,25,7,34,830,144.0,A57,,,Plein jour,Hors agglomération,Hors intersection,Normale,Deux véhicules - côté,,,,,,,,,,,1,1,1,1,3
200500018226,0005-03-26 01:50:00,5,3,26,1,50,830,137.0,A50,,,Nuit avec éclairage allumé,Hors agglomération,Hors intersection,Normale,Autre collision,,,,,,,,,,,5,1,1,1,6
200500018227,0005-03-03 09:45:00,5,3,3,9,45,130,55.0,A7-Sens Lyon vers Marsei,,,Plein jour,Hors agglomération,Hors intersection,Normale,Sans collision,,,,,,,,,,,1,1,1,1,7
200500018228,0005-03-03 21:35:00,5,3,3,21,35,130,85.0,A50-Sens Toulon vers Aub,,,Nuit sans éclairage public,Hors agglomération,Hors intersection,Normale,Autre collision,,,,,,,,,,,3,1,1,1,6
200500018229,0005-03-04 19:32:00,5,3,4,19,32,130,71.0,A7-Sens Lyon vers Marsei,,,Nuit avec éclairage allumé,Hors agglomération,Hors intersection,Normale,Deux véhicules - arrière,,,,,,,,,,,5,1,1,1,2
200500018230,0005-03-05 04:20:00,5,3,5,4,20,130,26.0,A55-Sens Marseille vers,,,Nuit sans éclairage public,Hors agglomération,Hors intersection,Normale,Sans collision,,,,,,,,,,,3,1,1,1,7
200500018231,0005-03-05 10:15:00,5,3,5,10,15,130,70.0,A50-Sens Marseille vers,,,Plein jour,Hors agglomération,Hors intersection,Normale,Deux véhicules - côté,,,,,,,,,,,1,1,1,1,3
200500018232,0005-03-06 06:20:00,5,3,6,6,20,130,5.0,A502-Sens Aubagne vers T,,,Nuit sans éclairage public,Hors agglomération,Autre intersection,Normale,Autre collision,,,,,,,,,,,3,1,9,1,6
200500018233,0005-03-05 18:40:00,5,3,5,18,40,130,70.0,A50-Sens Marseille vers,,,Nuit sans éclairage public,Hors agglomération,Hors intersection,Normale,Sans collision,,,,,,,,,,,3,1,1,1,7
200500018234,0005-03-07 09:15:00,5,3,7,9,15,130,55.0,A7-Sens Marseille vers L,,,Plein jour,Hors agglomération,Hors intersection,Normale,Deux véhicules - arrière,,,,,,,,,,,1,1,1,1,2
200500018235,0005-03-08 07:35:00,5,3,8,7,35,130,55.0,A50-Sens Aubagne vers Ma,,,Plein jour,Hors agglomération,Hors intersection,Normale,Deux véhicules - arrière,,,,,,,,,,,1,1,1,1,2
200500018236,0005-03-10 03:20:00,5,3,10,3,20,130,55.0,A50-Sens Aubagne vers Ma,,,Nuit avec éclairage allumé,Hors agglomération,Hors intersection,Normale,Autre collision,,,,,,,,,,,5,1,1,1,6
200500018237,0005-03-10 07:00:00,5,3,10,7,0,130,19.0,A51-Sens Aix en Provence,,,Plein jour,Hors agglomération,Hors intersection,Normale,Autre collision,,,,,,,,,,,1,1,1,1,6
200500018238,0005-03-10 09:50:00,5,3,10,9,50,130,55.0,A7-Sens Lyon vers Marsei,,,Plein jour,Hors agglomération,Hors intersection,Normale,Trois véhicules et plus - collisions multiples,,,,,,,,,,,1,1,1,1,5
200500018239,0005-03-10 14:00:00,5,3,10,14,0,130,1.0,A51-Sens Marseille vers,,,Plein jour,Hors agglomération,Hors intersection,Normale,Sans collision,,,,,,,,,,,1,1,1,1,7
200500018240,0005-03-11 14:10:00,5,3,11,14,10,130,55.0,A50-Sens Marseille vers,,,Plein jour,Hors agglomération,Hors intersection,Normale,Autre collision,,,,,,,,,,,1,1,1,1,6
200500018241,0005-03-12 23:00:00,5,3,12,23,0,130,55.0,Tunnel Prado Carénage,,,Nuit avec éclairage allumé,Hors agglomération,Hors intersection,Normale,Deux véhicules - arrière,,,,,,,,,,,5,1,1,1,2
200500018242,0005-03-13 19:20:00,5,3,13,19,20,130,55.0,A7-Sens Marseille vers L,,,Nuit avec éclairage non allumé,Hors agglomération,Hors intersection,Normale,Trois véhicules et plus - en chaîne,,,,,,,,,,,4,1,1,1,4
200500018243,0005-03-17 05:50:00,5,3,17,5,50,130,55.0,"A50, A50-Sens Aubagne ve",,,Nuit avec éclairage allumé,Hors agglomération,Hors intersection,Normale,Sans collision,,,,,,,,,,,5,1,1,1,7
200500018244,0005-03-19 23:25:00,5,3,19,23,25,130,106.0,A7-Sens Lyon vers Marsei,,,Nuit sans éclairage public,Hors agglomération,Hors intersection,Normale,Deux véhicules - arrière,,,,,,,,,,,3,1,1,1,2
200500018245,0005-03-20 11:00:00,5,3,20,11,0,130,71.0,A55 - Sens Marseille ver,,,Plein jour,Hors agglomération,Hors intersection,Normale,Autre collision,,,,,,,,,,,1,1,1,1,6
200500018246,0005-03-20 12:10:00,5,3,20,12,10,130,106.0,A51-Sens Aix en Provence,,,Plein jour,Hors agglomération,Hors intersection,Normale,Sans collision,,,,,,,,,,,1,1,1,1,7
200500018247,0005-03-20 21:40:00,5,3,20,21,40,130,56.0,A55-Sens Martigues vers,,,Nuit sans éclairage public,Hors agglomération,Hors intersection,Normale,Sans collision,,,,,,,,,,,3,1,1,1,7
200500018248,0005-03-23 10:00:00,5,3,23,10,0,130,85.0,A50-Sens Aubagne vers To,,,Plein jour,Hors agglomération,Hors intersection,Normale,Sans collision,,,,,,,,,,,1,1,1,1,7
200500018249,0005-03-23 15:35:00,5,3,23,15,35,130,117.0,A7-Sens Lyon vers Marsei,,,Plein jour,Hors agglomération,Hors intersection,Normale,Sans collision,,,,,,,,,,,1,1,1,1,7
200500018250,0005-03-24 12:40:00,5,3,24,12,40,130,55.0,A557-Liaison A7 Marseill,,,Plein jour,Hors agglomération,Hors intersection,Pluie légère,Autre collision,,,,,,,,,,,1,1,1,2,6
200500018251,0005-03-24 18:00:00,5,3,24,18,0,130,55.0,A55-Sens Martigues vers,,,Plein jour,Hors agglomération,Hors intersection,Normale,Deux véhicules - arrière,,,,,,,,,,,1,1,1,1,2
200500018252,0005-03-25 08:45:00,5,3,25,8,45,130,55.0,A50-Sens Aubagne vers Ma,,,Plein jour,Hors agglomération,Hors intersection,Normale,Deux véhicules - arrière,,,,,,,,,,,1,1,1,1,2
200500018253,0005-03-25 10:29:00,5,3,25,10,29,130,55.0,TVPCD-Sens Les Ports ver,,,Plein jour,Hors agglomération,Hors intersection,Normale,Sans collision,,,,,,,,,,,1,1,1,1,7
200500018254,0005-03-26 21:55:00,5,3,26,21,55,130,88.0,A55-Sens Martigues vers,,,Nuit sans éclairage public,Hors agglomération,Autre intersection,Pluie légère,Sans collision,,,,,,,,,,,3,1,9,2,7
200500018255,0005-03-27 05:20:00,5,3,27,5,20,130,1.0,A51-Sens Marseille vers,,,Nuit sans éclairage public,Hors agglomération,Hors intersection,Pluie légère,Autre collision,,,,,,,,,,,3,1,1,2,6
200500018256,0005-03-27 06:45:00,5,3,27,6,45,130,55.0,A55-Sens Marseille vers,,,Crépuscule ou aube,Hors agglomération,Hors intersection,Pluie légère,Autre collision,,,,,,,,,,,2,1,1,2,6
200500018257,0005-03-27 22:35:00,5,3,27,22,35,130,22.0,A50-Sens Aubagne vers To,,,Nuit sans éclairage public,Hors agglomération,Hors intersection,Normale,Deux véhicules - arrière,,,,,,,,,,,3,1,1,1,2
200500018258,0005-03-28 00:30:00,5,3,28,0,30,130,88.0,A55-Sens Marseille vers,,,Nuit sans éclairage public,Hors agglomération,Hors intersection,Normale,Autre collision,,,,,,,,,,,3,1,1,1,6
200500018259,0005-03-29 17:40:00,5,3,29,17,40,130,55.0,A7-Sens Lyon vers Marsei,,,Plein jour,Hors agglomération,Hors intersection,Normale,Trois véhicules et plus - en chaîne,,,,,,,,,,,1,1,1,1,4
200500018260,0005-03-29 18:50:00,5,3,29,18,50,130,55.0,A50-Sens Aubagne vers Ma,,,Plein jour,Hors agglomération,Hors intersection,Normale,Deux véhicules - côté,,,,,,,,,,,1,1,1,1,3
200500018261,0005-03-29 19:00:00,5,3,29,19,0,130,19.0,A51-Sens Aix en Provence,,,Plein jour,Hors agglomération,Hors intersection,Normale,Trois véhicules et plus - collisions multiples,,,,,,,,,,,1,1,1,1,5
200500018262,0005-03-30 12:40:00,5,3,30,12,40,130,1.0,A51-Sens Aix en Provence,,,Plein jour,Hors agglomération,Hors intersection,Normale,Sans collision,,,,,,,,,,,1,1,1,1,7
200500018263,0005-03-31 16:50:00,5,3,31,16,50,130,26.0,A55-Sens Marseille vers,,,Plein jour,Hors agglomération,Hors intersection,Normale,Autre collision,,,,,,,,,,,1,1,1,1,6
200500018264,0005-03-31 17:45:00,5,3,31,17,45,130,55.0,A50-Sens Marseille vers,,,Plein jour,Hors agglomération,Hors intersection,Normale,Trois véhicules et plus - en chaîne,,,,,,,,,,,1,1,1,1,4
200500018265,0005-03-17 17:00:00,5,3,17,17,0,60,75.0,Av du Général De Gaulle,43.861,7.232,Plein jour,En agglomération,Hors intersection,Normale,Trois véhicules et plus - collisions multiples,,,,,,,,,,,1,2,1,1,5
200500018266,0005-01-28 14:05:00,5,1,28,14,5,950,527.0,,,,Plein jour,Hors agglomération,Intersection en Y,Normale,Deux véhicules - frontale,,,,,,,,,,,1,1,4,1,1
200500018267,0005-02-22 21:00:00,5,2,22,21,0,770,294.0,,,,Nuit sans éclairage public,Hors agglomération,Hors intersection,Normale,Trois véhicules et plus - collisions multiples,,,,,,,,,,,3,1,1,1,5
200500018268,0005-03-24 14:00:00,5,3,24,14,0,30,321.0,,,,Plein jour,Hors agglomération,Hors intersection,Pluie légère,Autre collision,,,,,,,,,,,1,1,1,2,6
200500018269,0005-01-04 12:40:00,5,1,4,12,40,70,102.0,"340, PASCAL (RUE BLAISE)",,,Plein jour,En agglomération,Intersection en X,Normale,Deux véhicules - côté,,,,,,,,,,,1,2,2,1,3
200500018270,0005-03-03 01:55:00,5,3,3,1,55,130,55.0,GINESTE (COL DE LA),,,Nuit sans éclairage public,Hors agglomération,Hors intersection,Neige / grêle,Autre collision,,,,,,,,,,,3,1,1,4,6
200500018271,0005-03-05 21:10:00,5,3,5,21,10,130,55.0,"2, HAITI (AVENUE D')",,,Nuit avec éclairage allumé,En agglomération,Hors intersection,Normale,Deux véhicules - frontale,,,,,,,,,,,5,2,1,1,1
200500018272,0005-03-08 05:45:00,5,3,8,5,45,130,55.0,PLOMBIERES (BD DES),,,Nuit avec éclairage allumé,En agglomération,Intersection en T,Normale,Deux véhicules - côté,,,,,,,,,,,5,2,3,1,3
200500018273,0005-03-02 21:00:00,5,3,2,21,0,130,55.0,"110, VALENTINE (ROUTE DE",,,Nuit avec éclairage allumé,En agglomération,Hors intersection,Pluie légère,Autre collision,,,,,,,,,,,5,2,1,2,6
200500018274,0005-03-04 07:55:00,5,3,4,7,55,130,55.0,ST ANTOINE A ST JO (CHEM,,,Plein jour,En agglomération,Intersection en Y,Normale,Autre collision,,,,,,,,,,,1,2,4,1,6
200500018275,0005-03-07 15:10:00,5,3,7,15,10,130,55.0,"347, SAINT ANTOI (AVENUE",,,Plein jour,En agglomération,Hors intersection,Normale,Sans collision,,,,,,,,,,,1,2,1,1,7
200500018276,0005-03-19 13:30:00,5,3,19,13,30,130,55.0,AMEDEE PALMIERI (RUE),,,Plein jour,En agglomération,Hors intersection,Normale,Deux véhicules - côté,,,,,,,,,,,1,2,1,1,3
200500018277,0005-03-24 12:02:00,5,3,24,12,2,130,55.0,"9, RAMON (BD GASTON)",,,Plein jour,En agglomération,Hors intersection,Normale,Deux véhicules - côté,,,,,,,,,,,1,2,1,1,3
200500018278,0005-03-19 20:11:00,5,3,19,20,11,130,55.0,MIGRANIER (PLACE DU),,,Nuit avec éclairage allumé,En agglomération,Hors intersection,Normale,Deux véhicules - côté,,,,,,,,,,,5,2,1,1,3
200500018279,0005-03-31 03:55:00,5,3,31,3,55,130,55.0,MARX DORMOY (RUE),,,Nuit avec éclairage allumé,En agglomération,Intersection en X,Normale,Deux véhicules - côté,,,,,,,,,,,5,2,2,1,3
200500018280,0005-03-23 10:20:00,5,3,23,10,20,130,55.0,"2, CIGALES (AVENUE DES)",,,Plein jour,En agglomération,Hors intersection,Normale,Autre collision,,,,,,,,,,,1,2,1,1,6
200500018281,0005-03-25 15:20:00,5,3,25,15,20,130,55.0,"258, ROMAIN ROLLAND (BD)",,,Plein jour,En agglomération,Hors intersection,Normale,Trois véhicules et plus - en chaîne,,,,,,,,,,,1,2,1,1,4
200500018282,0005-03-31 19:40:00,5,3,31,19,40,130,55.0,GARE (BD DE LA),,,Crépuscule ou aube,En agglomération,Hors intersection,Normale,Deux véhicules - côté,,,,,,,,,,,2,2,1,1,3
200500018283,0005-03-30 16:10:00,5,3,30,16,10,130,55.0,"87, MIREILLE LAUZE (BD)",,,Plein jour,En agglomération,Hors intersection,Normale,Sans collision,,,,,,,,,,,1,2,1,1,7
200500018284,0005-03-11 21:40:00,5,3,11,21,40,130,55.0,"148, SAINT MARCEL (AV DE",,,Nuit avec éclairage allumé,En agglomération,Hors intersection,Normale,Deux véhicules - côté,,,,,,,,,,,5,2,1,1,3
200500018285,0005-03-27 05:30:00,5,3,27,5,30,130,55.0,BAILLE (BD),,,Nuit avec éclairage allumé,En agglomération,Intersection en X,Normale,Deux véhicules - côté,,,,,,,,,,,5,2,2,1,3
200500018286,0005-03-30 15:30:00,5,3,30,15,30,130,55.0,"25, LYON (RUE DE)",,,Plein jour,En agglomération,Hors intersection,Normale,Deux véhicules - arrière,,,,,,,,,,,1,2,1,1,2