accident_id,datetime,annee,mois,jour,heure,minute,departement,commune_insee,adresse,latitude,longitude,luminosite,agglomeration,intersection,meteo,collision,nb_vehicules,nb_usagers,nb_indemnes,nb_tues,nb_blesses_hosp,nb_blesses_legers,age_cond_1,age_cond_2,veh_type_cond_1,veh_type_cond_2,lum_code,agg_code,int_code,atm_code,col_code
200500018418,0005-04-21 17:10:00,5,4,21,17,10,40,70.0,12 (CH. DEPARTEMENTAL),,,Plein jour,Hors agglomération,Hors intersection,Normale,Deux véhicules - frontale,,,,,,,,,,,1,1,1,1,1
200500018419,0005-04-01 17:00:00,5,4,1,17,0,40,112.0,ROBERT (CH.DE),,,Plein jour,En agglomération,Intersection en T,Normale,Deux véhicules - côté,,,,,,,,,,,1,2,3,1,3
200500018420,0005-04-15 16:00:00,5,4,15,16,0,40,112.0,SAINT JOSEPH(BOULEVARD),,,Plein jour,En agglomération,Hors intersection,Pluie légère,Deux véhicules - côté,,,,,,,,,,,1,2,1,2,3
200500018421,0005-04-24 04:32:00,5,4,24,4,32,40,112.0,ROUTE NATIONALE 96,,,Nuit sans éclairage public,En agglomération,Hors intersection,Temps couvert,Deux véhicules - frontale,,,,,,,,,,,3,2,1,8,1
200500018422,0005-04-22 10:45:00,5,4,22,10,45,40,112.0,"16, GIONO (AV. J.)",,,Plein jour,En agglomération,Hors intersection,Normale,Autre collision,,,,,,,,,,,1,2,1,1,6
200500018423,0005-04-27 13:20:00,5,4,27,13,20,40,112.0,VOLX (AV.DE),,,Plein jour,En agglomération,Hors intersection,Normale,Deux véhicules - arrière,,,,,,,,,,,1,2,1,1,2
200500018424,0005-04-01 13:33:00,5,4,1,13,33,50,61.0,"1, SAGNIERES ( RUE DES )",,,Plein jour,En agglomération,Hors intersection,Normale,Autre collision,,,,,,,,,,,1,2,1,1,6
200500018425,0005-04-03 09:30:00,5,4,3,9,30,50,61.0,"75, JEAN JAURES ( AVENUE",,,Plein jour,En agglomération,Hors intersection,Normale,Autre collision,,,,,,,,,,,1,2,1,1,6
200500018426,0005-04-12 14:55:00,5,4,12,14,55,50,61.0,"000, STE MARGUERITE ( RO",,,Plein jour,En agglomération,Intersection en Y,Normale,Deux véhicules - frontale,,,,,,,,,,,1,2,4,1,1
200500018427,0005-04-14 11:35:00,5,4,14,11,35,50,61.0,"10, GEORGES POMPIDOU ( B",,,Plein jour,En agglomération,Intersection en X,Normale,Autre collision,,,,,,,,,,,1,2,2,1,6
200500018428,0005-04-29 15:45:00,5,4,29,15,45,50,61.0,"84, EMBRUN ( AVENUE D')",,,Plein jour,En agglomération,Hors intersection,Normale,Deux véhicules - arrière,,,,,,,,,,,1,2,1,1,2
200500018429,0005-04-05 00:15:00,5,4,5,0,15,60,4.0,"0, POINCARE BD RAYMOND",,,Nuit avec éclairage allumé,En agglomération,Intersection en X,Normale,Deux véhicules - côté,,,,,,,,,,,5,2,2,1,3
200500018430,0005-04-06 17:40:00,5,4,6,17,40,60,4.0,"1826, SAINT CLAUDE CH.DE",,,Plein jour,En agglomération,Hors intersection,Normale,Deux véhicules - côté,,,,,,,,,,,1,2,1,1,3
200500018431,0005-04-10 14:45:00,5,4,10,14,45,60,4.0,"33, BAUDOIN BD EDOUARD",,,Plein jour,En agglomération,Hors intersection,Temps couvert,Trois véhicules et plus - collisions multiples,,,,,,,,,,,1,2,1,8,5
200500018432,0005-04-15 14:10:00,5,4,15,14,10,60,155.0,RN.7,,,Plein jour,En agglomération,Hors intersection,Normale,Deux véhicules - côté,,,,,,,,,,,1,2,1,1,3
200500018433,0005-04-16 15:37:00,5,4,16,15,37,60,4.0,"72, NICE(RN.7) AV.ET RTE",,,Plein jour,En agglomération,Autre intersection,Normale,Deux véhicules - côté,,,,,,,,,,,1,2,9,1,3
200500018434,0005-04-16 16:00:00,5,4,16,16,0,60,4.0,"13, CARRIAT AV.BENOIT",,,Plein jour,En agglomération,Hors intersection,Normale,Deux véhicules - côté,,,,,,,,,,,1,2,1,1,3
200500018435,0005-04-19 17:50:00,5,4,19,17,50,60,4.0,"410, BREGUIERES CH.DES M",,,Plein jour,En agglomération,Hors intersection,Normale,Deux véhicules - côté,,,,,,,,,,,1,2,1,1,3
200500018436,0005-04-21 17:00:00,5,4,21,17,0,60,4.0,"29, NICE(RN.7) AV.ET RTE",,,Plein jour,En agglomération,Intersection en T,Normale,Deux véhicules - côté,,,,,,,,,,,1,2,3,1,3
200500018437,0005-04-28 17:40:00,5,4,28,17,40,60,4.0,POINCARE BD RAYMOND.,,,Plein jour,En agglomération,Intersection en X,Normale,Deux véhicules - côté,,,,,,,,,,,1,2,2,1,3
200500018438,0005-04-29 11:40:00,5,4,29,11,40,60,4.0,"29, WILSON BD",,,Plein jour,En agglomération,Hors intersection,Normale,Deux véhicules - arrière,,,,,,,,,,,1,2,1,1,2
200500018439,0005-04-29 22:25:00,5,4,29,22,25,60,4.0,CLAUDE CH.DE ST,,,Nuit avec éclairage allumé,En agglomération,Intersection en T,Normale,Autre collision,,,,,,,,,,,5,2,3,1,6
200500018440,0005-04-30 22:20:00,5,4,30,22,20,60,4.0,JUIN AV.MARECHAL,,,Nuit avec éclairage allumé,En agglomération,Hors intersection,Normale,Sans collision,,,,,,,,,,,5,2,1,1,7
200500018441,0005-04-04 17:00:00,5,4,4,17,0,60,123.0,PUGETS ROUTE DES,,,Plein jour,En agglomération,Hors intersection,Normale,Autre collision,,,,,,,,,,,1,2,1,1,6
200500018442,0005-04-07 20:35:00,5,4,7,20,35,60,27.0,"66, GAUDE AVENUE DE LA",,,Nuit avec éclairage allumé,En agglomération,Hors intersection,Normale,Deux véhicules - côté,,,,,,,,,,,5,2,1,1,3
200500018443,0005-04-08 15:35:00,5,4,8,15,35,60,123.0,R.N. 98,,,Plein jour,En agglomération,Hors intersection,Normale,Sans collision,,,,,,,,,,,1,2,1,1,7
200500018444,0005-04-10 13:30:00,5,4,10,13,30,60,27.0,PLAGE BOULEVARD DE LA,,,Plein jour,En agglomération,Hors intersection,Pluie légère,Deux véhicules - côté,,,,,,,,,,,1,2,1,2,3
200500018445,0005-04-12 09:00:00,5,4,12,9,0,60,27.0,OUVEA ROND POINT DES GEN,,,Plein jour,En agglomération,Giratoire,Pluie légère,Deux véhicules - côté,,,,,,,,,,,1,2,6,2,3
200500018446,0005-04-14 21:25:00,5,4,14,21,25,60,27.0,PLAGE BOULEVARD DE LA,,,Nuit avec éclairage allumé,En agglomération,Hors intersection,Normale,Deux véhicules - côté,,,,,,,,,,,5,2,1,1,3
200500018447,0005-04-14 17:00:00,5,4,14,17,0,60,123.0,R.N. 98,,,Plein jour,En agglomération,Intersection en Y,Normale,Deux véhicules - côté,,,,,,,,,,,1,2,4,1,3
200500018448,0005-04-18 19:30:00,5,4,18,19,30,60,123.0,"436, LIBERATION AVENUE D",,,Plein jour,En agglomération,Hors intersection,Normale,Autre collision,,,,,,,,,,,1,2,1,1,6
200500018449,0005-04-20 20:00:00,5,4,20,20,0,60,123.0,R.N. 98,,,Plein jour,En agglomération,Intersection en X,Normale,Deux véhicules - côté,,,,,,,,,,,1,2,2,1,3
200500018450,0005-04-23 17:45:00,5,4,23,17,45,60,123.0,"220, PAGNOL MARCEL BOULE",,,Plein jour,En agglomération,Hors intersection,Normale,Deux véhicules - frontale,,,,,,,,,,,1,2,1,1,1
200500018451,0005-04-27 05:50:00,5,4,27,5,50,60,27.0,JAURES AVENUE JEAN,,,Nuit avec éclairage allumé,En agglomération,Intersection en X,Normale,Deux véhicules - côté,,,,,,,,,,,5,2,2,1,3
200500018452,0005-04-27 20:50:00,5,4,27,20,50,60,27.0,BOUCHER RUE HELENE,,,Nuit avec éclairage allumé,En agglomération,Intersection en T,Normale,Deux véhicules - côté,,,,,,,,,,,5,2,3,1,3
200500018453,0005-04-27 17:15:00,5,4,27,17,15,60,123.0,CURIE PIERRE ET MARIE AV,,,Plein jour,En agglomération,Intersection en T,Normale,Deux véhicules - côté,,,,,,,,,,,1,2,3,1,3
200500018454,0005-04-28 11:00:00,5,4,28,11,0,60,27.0,DONAT AVENUE DOCTEUR MAU,,,Plein jour,En agglomération,Intersection en T,Normale,Deux véhicules - côté,,,,,,,,,,,1,2,3,1,3
200500018455,0005-04-29 13:30:00,5,4,29,13,30,60,27.0,ALPES AVENUE DES,,,Plein jour,En agglomération,Hors intersection,Normale,Deux véhicules - côté,,,,,,,,,,,1,2,1,1,3
200500018456,0005-04-01 10:09:00,5,4,1,10,9,60,30.0,SIMIANE (RUE),,,Plein jour,En agglomération,Intersection en X,Normale,Deux véhicules - côté,,,,,,,,,,,1,2,2,1,3
200500018457,0005-04-02 16:44:00,5,4,2,16,44,60,29.0,"82, VALLAURIS (AVENUE DE",,,Plein jour,En agglomération,Hors intersection,Normale,Deux véhicules - arrière,,,,,,,,,,,1,2,1,1,2
200500018458,0005-04-02 19:55:00,5,4,2,19,55,60,29.0,NEGRIN (AVENUE PAUL),,,Nuit avec éclairage allumé,En agglomération,Hors intersection,Normale,Deux véhicules - côté,,,,,,,,,,,5,2,1,1,3
200500018459,0005-04-04 12:10:00,5,4,4,12,10,60,29.0,"2, BORDE (AVENUE DE LA)(",,,Plein jour,En agglomération,Hors intersection,Normale,Deux véhicules - côté,,,,,,,,,,,1,2,1,1,3
200500018460,0005-04-04 14:20:00,5,4,4,14,20,60,29.0,"00, MIDI (BOULEVARD DU)",,,Plein jour,En agglomération,Hors intersection,Normale,Sans collision,,,,,,,,,,,1,2,1,1,7
200500018461,0005-04-05 16:20:00,5,4,5,16,20,60,30.0,"00, ECOLES (RUE DES)",,,Plein jour,En agglomération,Hors intersection,Normale,Sans collision,,,,,,,,,,,1,2,1,1,7
200500018462,0005-04-06 07:50:00,5,4,6,7,50,60,29.0,"18, GOURGUETTES (RUE DES",,,Plein jour,En agglomération,Hors intersection,Normale,Sans collision,,,,,,,,,,,1,2,1,1,7
200500018463,0005-04-06 15:15:00,5,4,6,15,15,60,29.0,"00, BACHAGA SAID BOUALAM",,,Plein jour,En agglomération,Hors intersection,Normale,Deux véhicules - arrière,,,,,,,,,,,1,2,1,1,2
200500018464,0005-04-06 17:26:00,5,4,6,17,26,60,30.0,"9bis, CARIMAI (RUE)",,,Plein jour,En agglomération,Hors intersection,Normale,Sans collision,,,,,,,,,,,1,2,1,1,7
200500018465,0005-04-07 12:30:00,5,4,7,12,30,60,29.0,"44, MIDI (BOULEVARD DU)",,,Plein jour,En agglomération,Hors intersection,Normale,Deux véhicules - côté,,,,,,,,,,,1,2,1,1,3
200500018466,0005-04-08 21:25:00,5,4,8,21,25,60,29.0,COUVERTURE VOIE FERREE,,,Nuit sans éclairage public,En agglomération,Hors intersection,Normale,Deux véhicules - côté,,,,,,,,,,,3,2,1,1,3
200500018467,0005-04-10 18:48:00,5,4,10,18,48,60,29.0,"00, BORDE (AVENUE DE LA)",,,Plein jour,En agglomération,Intersection en X,Temps couvert,Deux véhicules - côté,,,,,,,,,,,1,2,2,8,3
200500018468,0005-04-09 20:30:00,5,4,9,20,30,60,29.0,JOURDAN (AVENUE MICHEL),,,Nuit avec éclairage allumé,En agglomération,Hors intersection,Normale,Deux véhicules - arrière,,,,,,,,,,,5,2,1,1,2
200500018469,0005-04-11 09:39:00,5,4,11,9,39,60,29.0,"00, COUVERTURE VOIE FERR",,,Plein jour,En agglomération,Intersection en X,Normale,Autre collision,,,,,,,,,,,1,2,2,1,6
200500018470,0005-04-11 14:00:00,5,4,11,14,0,60,29.0,BASTIDE ROUGE,,,Plein jour,En agglomération,Hors intersection,Pluie légère,Deux véhicules - côté,,,,,,,,,,,1,2,1,2,3
200500018471,0005-04-11 19:35:00,5,4,11,19,35,60,29.0,REPUBLIQUE (BOULEVARD DE,,,Plein jour,En agglomération,Intersection en X,Normale,Deux véhicules - côté,,,,,,,,,,,1,2,2,1,3
200500018472,0005-04-13 15:14:00,5,4,13,15,14,60,29.0,"46, ALEXANDRE III (BOULE",,,Plein jour,En agglomération,Hors intersection,Normale,Deux véhicules - côté,,,,,,,,,,,1,2,1,1,3
200500018473,0005-04-13 19:41:00,5,4,13,19,41,60,29.0,JOURDAN (AVENUE MICHEL),,,Plein jour,En agglomération,Intersection en T,Normale,Deux véhicules - frontale,,,,,,,,,,,1,2,3,1,1
200500018474,0005-04-14 06:05:00,5,4,14,6,5,60,29.0,"83, PICAUD (AVENUE DR) B",,,Crépuscule ou aube,En agglomération,Hors intersection,Normale,Sans collision,,,,,,,,,,,2,2,1,1,7
200500018475,0005-04-14 16:35:00,5,4,14,16,35,60,29.0,"59, TONNER (AVENUE FRANC",,,Plein jour,En agglomération,Hors intersection,Normale,Sans collision,,,,,,,,,,,1,2,1,1,7
200500018476,0005-04-14 15:54:00,5,4,14,15,54,60,29.0,"26, MIDI (BOULEVARD DU)",,,Plein jour,En agglomération,Hors intersection,Normale,Autre collision,,,,,,,,,,,1,2,1,1,6
200500018477,0005-04-15 23:42:00,5,4,15,23,42,60,30.0,CARNOT (BOULEVARD),,,Nuit avec éclairage allumé,En agglomération,Intersection en X,Normale,Deux véhicules - côté,,,,,,,,,,,5,2,2,1,3
200500018478,0005-04-15 17:10:00,5,4,15,17,10,60,29.0,"96, CROISETTE (BOULEVARD",,,Plein jour,En agglomération,Hors intersection,Normale,Autre collision,,,,,,,,,,,1,2,1,1,6
200500018479,0005-04-16 10:56:00,5,4,16,10,56,60,29.0,"00, ANTIBES (RUE D')",,,Plein jour,En agglomération,Hors intersection,Normale,Autre collision,,,,,,,,,,,1,2,1,1,6
200500018480,0005-04-16 17:25:00,5,4,16,17,25,60,29.0,TONNER (AVENUE FRANCIS),,,Plein jour,En agglomération,Intersection en T,Normale,Deux véhicules - arrière,,,,,,,,,,,1,2,3,1,2
200500018481,0005-04-17 16:04:00,5,4,17,16,4,60,29.0,"114, MIDI (BOULEVARD DU)",,,Plein jour,En agglomération,Hors intersection,Normale,Deux véhicules - côté,,,,,,,,,,,1,2,1,1,3
200500018482,0005-04-18 00:15:00,5,4,18,0,15,60,29.0,"41, MONFLEURY (BOULEVARD",,,Nuit avec éclairage allumé,En agglomération,Hors intersection,Normale,Sans collision,,,,,,,,,,,5,2,1,1,7
200500018483,0005-04-18 08:15:00,5,4,18,8,15,60,29.0,"22, TUBY (BOULEVARD VICT",,,Plein jour,En agglomération,Hors intersection,Normale,Sans collision,,,,,,,,,,,1,2,1,1,7
200500018484,0005-04-18 21:56:00,5,4,18,21,56,60,29.0,"74, CROISETTE (BOULEVARD",,,Nuit avec éclairage allumé,En agglomération,Hors intersection,Normale,Sans collision,,,,,,,,,,,5,2,1,1,7
200500018485,0005-04-19 01:00:00,5,4,19,1,0,60,30.0,JOURDAN (AVENUE MICHEL (,,,Nuit avec éclairage allumé,En agglomération,Giratoire,Normale,Sans collision,,,,,,,,,,,5,2,6,1,7
200500018486,0005-04-19 14:50:00,5,4,19,14,50,60,29.0,CARNOT (BOULEVARD),,,Plein jour,En agglomération,Hors intersection,Normale,Deux véhicules - côté,,,,,,,,,,,1,2,1,1,3
200500018487,0005-04-19 17:35:00,5,4,19,17,35,60,29.0,"00, MONTE-CARLO (AVENUE)",,,Plein jour,En agglomération,Intersection en X,Normale,Deux véhicules - côté,,,,,,,,,,,1,2,2,1,3
200500018488,0005-04-20 18:15:00,5,4,20,18,15,60,29.0,PETIT JUAS (AVENUE DU),,,Plein jour,En agglomération,Intersection en T,Normale,Deux véhicules - côté,,,,,,,,,,,1,2,3,1,3
200500018489,0005-04-21 23:32:00,5,4,21,23,32,60,29.0,"00, HADDAD SIMON (RUE)",,,Nuit avec éclairage allumé,En agglomération,Intersection en X,Normale,Deux véhicules - côté,,,,,,,,,,,5,2,2,1,3
200500018490,0005-04-22 08:05:00,5,4,22,8,5,60,29.0,CANNES (RUE DE)(BOCCA),,,Plein jour,En agglomération,Intersection en T,Normale,Deux véhicules - côté,,,,,,,,,,,1,2,3,1,3
200500018491,0005-04-22 10:30:00,5,4,22,10,30,60,30.0,"193, BOROTRA (RUE JEAN)",,,Plein jour,En agglomération,Hors intersection,Normale,Deux véhicules - côté,,,,,,,,,,,1,2,1,1,3
200500018492,0005-04-22 17:25:00,5,4,22,17,25,60,29.0,"100, CLEMENCEAU (RUE GEO",,,Plein jour,En agglomération,Hors intersection,Normale,Autre collision,,,,,,,,,,,1,2,1,1,6
200500018493,0005-04-22 18:27:00,5,4,22,18,27,60,29.0,TONNER (AVENUE FRANCIS),,,Plein jour,En agglomération,Hors intersection,Normale,Deux véhicules - côté,,,,,,,,,,,1,2,1,1,3
200500018494,0005-04-23 16:08:00,5,4,23,16,8,60,29.0,"00, LIBERTE (ALLEE DE LA",,,Plein jour,En agglomération,Hors intersection,Normale,Autre collision,,,,,,,,,,,1,2,1,1,6
200500018495,0005-04-24 12:05:00,5,4,24,12,5,60,29.0,COUVERTURE VOIE FERREE,,,Plein jour,En agglomération,Hors intersection,Normale,Sans collision,,,,,,,,,,,1,2,1,1,7
200500018496,0005-04-25 07:48:00,5,4,25,7,48,60,29.0,"00, POESIE (AVENUE PIERR",,,Plein jour,En agglomération,Giratoire,Normale,Deux véhicules - côté,,,,,,,,,,,1,2,6,1,3
200500018497,0005-04-25 16:55:00,5,4,25,16,55,60,29.0,"00, TONNER (AVENUE FRANC",,,Plein jour,En agglomération,Hors intersection,Normale,Deux véhicules - côté,,,,,,,,,,,1,2,1,1,3
200500018498,0005-04-26 12:44:00,5,4,26,12,44,60,30.0,SADI CARNOT (BOULEVARD),,,Plein jour,En agglomération,Intersection en X,Normale,Deux véhicules - côté,,,,,,,,,,,1,2,2,1,3
200500018499,0005-04-27 17:15:00,5,4,27,17,15,60,29.0,CROISETTE (BOULEVARD DE,,,Plein jour,En agglomération,Hors intersection,Normale,Deux véhicules - côté,,,,,,,,,,,1,2,1,1,3
200500018500,0005-04-28 13:18:00,5,4,28,13,18,60,29.0,PICAUD (AVENUE DU DOCTEU,,,Plein jour,En agglomération,Intersection en X,Normale,Deux véhicules - côté,,,,,,,,,,,1,2,2,1,3
200500018501,0005-04-28 18:20:00,5,4,28,18,20,60,29.0,"13, PICAUD (AVENUE DU DO",,,Plein jour,En agglomération,Hors intersection,Normale,Deux véhicules - côté,,,,,,,,,,,1,2,1,1,3
200500018502,0005-04-29 07:55:00,5,4,29,7,55,60,30.0,"11, DOUMER (BOULEVARD PA",,,Plein jour,En agglomération,Hors intersection,Normale,Deux véhicules - côté,,,,,,,,,,,1,2,1,1,3
200500018503,0005-04-30 17:20:00,5,4,30,17,20,60,29.0,VAUTRIN (BOULEVARD DU GE,,,Plein jour,En agglomération,Intersection en T,Normale,Autre collision,,,,,,,,,,,1,2,3,1,6
200500018504,0005-04-30 19:00:00,5,4,30,19,0,60,29.0,"00, REPUBLIQUE (BOULEVAR",,,Plein jour,En agglomération,Hors intersection,Normale,Sans collision,,,,,,,,,,,1,2,1,1,7
200500018505,0005-04-01 08:45:00,5,4,1,8,45,60,69.0,"216, PEGOMAS (ROUTE DE)",,,Plein jour,En agglomération,Hors intersection,Normale,Deux véhicules - arrière,,,,,,,,,,,1,2,1,1,2
200500018506,0005-04-01 10:45:00,5,4,1,10,45,60,69.0,CANNES (ROUTE DE)  -RN85,,,Plein jour,En agglomération,Intersection en T,Normale,Deux véhicules - côté,,,,,,,,,,,1,2,3,1,3
200500018507,0005-04-05 11:15:00,5,4,5,11,15,60,69.0,"31, MISTRAL (AVENUE ET P",,,Plein jour,En agglomération,Hors intersection,Normale,Deux véhicules - arrière,,,,,,,,,,,1,2,1,1,2
200500018508,0005-04-11 15:20:00,5,4,11,15,20,60,69.0,JEAN XXIII (AVENUE),,,Plein jour,En agglomération,Hors intersection,Pluie légère,Deux véhicules - frontale,,,,,,,,,,,1,2,1,2,1
200500018509,0005-04-12 15:25:00,5,4,12,15,25,60,69.0,"126, LIBERATION (AVENUE",,,Plein jour,En agglomération,Hors intersection,Normale,Deux véhicules - côté,,,,,,,,,,,1,2,1,1,3
200500018510,0005-04-12 18:00:00,5,4,12,18,0,60,69.0,ANCIENS COMBATTANTS D'A.,,,Plein jour,En agglomération,Hors intersection,Normale,Autre collision,,,,,,,,,,,1,2,1,1,6
200500018511,0005-04-18 17:10:00,5,4,18,17,10,60,69.0,"306, CANNES (ROUTE DE)",,,Plein jour,En agglomération,Hors intersection,Normale,Deux véhicules - côté,,,,,,,,,,,1,2,1,1,3
200500018512,0005-04-20 18:00:00,5,4,20,18,0,60,69.0,PAOUTE (ROUTE ET TRAVERS,,,Plein jour,En agglomération,Hors intersection,Normale,Deux véhicules - côté,,,,,,,,,,,1,2,1,1,3
200500018513,0005-04-21 16:10:00,5,4,21,16,10,60,69.0,"135, DRAGUIGNAN (ROUTE D",,,Plein jour,En agglomération,Hors intersection,Normale,Deux véhicules - côté,,,,,,,,,,,1,2,1,1,3
200500018514,0005-04-28 13:30:00,5,4,28,13,30,60,69.0,"65, SIDI BRAHIM (AVENUE)",,,Plein jour,En agglomération,Hors intersection,Normale,Deux véhicules - arrière,,,,,,,,,,,1,2,1,1,2
200500018515,0005-04-29 19:15:00,5,4,29,19,15,60,69.0,"288, CANNES (ROUTE DE)",,,Plein jour,En agglomération,Hors intersection,Normale,Deux véhicules - côté,,,,,,,,,,,1,2,1,1,3
200500018516,0005-04-30 10:05:00,5,4,30,10,5,60,69.0,"63, CAMPANETTES (CHEMIN",,,Plein jour,En agglomération,Hors intersection,Normale,Deux véhicules - frontale,,,,,,,,,,,1,2,1,1,1
200500018517,0005-04-09 18:35:00,5,4,9,18,35,60,12.0,"1901, AFN (BOULEVARD DES",,,Plein jour,En agglomération,Hors intersection,Normale,Deux véhicules - frontale,,,,,,,,,,,1,2,1,1,1
200500018518,0005-04-19 19:20:00,5,4,19,19,20,60,83.0,"49, GORBIO (ROUTE DE)",,,Crépuscule ou aube,En agglomération,Hors intersection,Normale,Deux véhicules - arrière,,,,,,,,,,,2,2,1,1,2
200500018519,0005-04-25 17:50:00,5,4,25,17,50,60,83.0,"1, COTY (COURS RENE, SEN",,,Plein jour,En agglomération,Intersection en T,Normale,Deux véhicules - côté,,,,,,,,,,,1,2,3,1,3
200500018520,0005-04-25 15:25:00,5,4,25,15,25,60,83.0,"SOLEIL (PROMENADE DU,N°9",,,Plein jour,En agglomération,Intersection en T,Normale,Deux véhicules - côté,,,,,,,,,,,1,2,3,1,3
200500018521,0005-04-02 19:55:00,5,4,2,19,55,60,104.0,"190, VERDUN (AVENUE DE,",,,Crépuscule ou aube,En agglomération,Hors intersection,Normale,Deux véhicules - arrière,,,,,,,,,,,2,2,1,1,2
200500018522,0005-04-14 07:15:00,5,4,14,7,15,60,12.0,"3110, CORNICHE (MOYENNE,",,,Plein jour,En agglomération,Hors intersection,Normale,Deux véhicules - côté,,,,,,,,,,,1,2,1,1,3
200500018523,0005-04-28 15:50:00,5,4,28,15,50,60,104.0,"179, BRIAND (AVENUE ARIS",,,Plein jour,En agglomération,Hors intersection,Normale,Autre collision,,,,,,,,,,,1,2,1,1,6
200500018524,0005-04-01 08:45:00,5,4,1,8,45,60,88.0,"0, BASTIDE (CH. DE LA)",,,Plein jour,En agglomération,Hors intersection,Normale,Deux véhicules - arrière,,,,,,,,,,,1,2,1,1,2
200500018525,0005-04-01 18:40:00,5,4,1,18,40,60,88.0,"0, VERANY (BD J.B.)",,,Plein jour,En agglomération,Hors intersection,Normale,Deux véhicules - côté,,,,,,,,,,,1,2,1,1,3
200500018526,0005-04-01 21:45:00,5,4,1,21,45,60,88.0,CANTA GALET (RTE DE),,,Nuit avec éclairage allumé,En agglomération,Giratoire,Normale,Deux véhicules - côté,,,,,,,,,,,5,2,6,1,3
200500018527,0005-04-02 11:00:00,5,4,2,11,0,60,88.0,"4, PESSICART (A PARTIR D",,,Plein jour,En agglomération,Hors intersection,Normale,Autre collision,,,,,,,,,,,1,2,1,1,6
200500018528,0005-04-02 11:50:00,5,4,2,11,50,60,88.0,"232, GRENOBLE (ROUTE DE)",,,Plein jour,En agglomération,Hors intersection,Normale,Deux véhicules - arrière,,,,,,,,,,,1,2,1,1,2
200500018529,0005-04-02 17:35:00,5,4,2,17,35,60,88.0,HUGO (BD VICTOR),,,Plein jour,En agglomération,Hors intersection,Normale,Autre collision,,,,,,,,,,,1,2,1,1,6
200500018530,0005-04-02 17:50:00,5,4,2,17,50,60,88.0,"291, FABRON (AV. DE) (A",,,Plein jour,En agglomération,Hors intersection,Pluie légère,Deux véhicules - arrière,,,,,,,,,,,1,2,1,2,2
200500018531,0005-04-02 22:13:00,5,4,2,22,13,60,88.0,DEMONTZEY (RTE),,,Nuit avec éclairage allumé,En agglomération,Intersection en T,Normale,Deux véhicules - côté,,,,,,,,,,,5,2,3,1,3
200500018532,0005-04-02 23:10:00,5,4,2,23,10,60,88.0,"0, HUGO (BD VICTOR)",,,Nuit avec éclairage allumé,En agglomération,Intersection en X,Normale,Deux véhicules - côté,,,,,,,,,,,5,2,2,1,3
200500018533,0005-04-03 07:15:00,5,4,3,7,15,60,88.0,"0, CLEMENCEAU (AV. GEORG",,,Plein jour,En agglomération,Intersection en X,Normale,Autre collision,,,,,,,,,,,1,2,2,1,6
200500018534,0005-04-04 12:40:00,5,4,4,12,40,60,88.0,"14, CARABACEL (BD)",,,Plein jour,En agglomération,Intersection en T,Normale,Deux véhicules - côté,,,,,,,,,,,1,2,3,1,3
200500018535,0005-04-04 14:20:00,5,4,4,14,20,60,88.0,"0, FIGHIERA (R. DU DOCTE",,,Plein jour,En agglomération,Intersection en X,Normale,Deux véhicules - côté,,,,,,,,,,,1,2,2,1,3
200500018536,0005-04-04 14:37:00,5,4,4,14,37,60,88.0,"0, TZAREWITCH (BD DU)",,,Plein jour,En agglomération,Hors intersection,Normale,Autre collision,,,,,,,,,,,1,2,1,1,6
200500018537,0005-04-04 16:30:00,5,4,4,16,30,60,88.0,"0, BUFFA (RUE DE LA)",,,Plein jour,En agglomération,Intersection en X,Normale,Autre collision,,,,,,,,,,,1,2,2,1,6
200500018538,0005-04-04 18:50:00,5,4,4,18,50,60,88.0,"0, GAMBETTA (A PARTIR DU",,,Crépuscule ou aube,En agglomération,Intersection en T,Normale,Sans collision,,,,,,,,,,,2,2,3,1,7
200500018539,0005-04-04 20:30:00,5,4,4,20,30,60,88.0,"10, IMPERATRICE EUGENIE",,,Nuit avec éclairage allumé,En agglomération,Hors intersection,Normale,Autre collision,,,,,,,,,,,5,2,1,1,6
200500018540,0005-04-05 10:50:00,5,4,5,10,50,60,88.0,"0, NAPOLEON III (BD)",,,Plein jour,En agglomération,Intersection en X,Normale,Deux véhicules - côté,,,,,,,,,,,1,2,2,1,3
200500018541,0005-04-05 13:00:00,5,4,5,13,0,60,88.0,"0, SUISSE (R. DE)",,,Plein jour,En agglomération,Hors intersection,Normale,Autre collision,,,,,,,,,,,1,2,1,1,6
200500018542,0005-04-05 13:25:00,5,4,5,13,25,60,88.0,"0, GAMBETTA (JUSQU'AU N°",,,Plein jour,En agglomération,Intersection en T,Normale,Autre collision,,,,,,,,,,,1,2,3,1,6
200500018543,0005-04-05 17:00:00,5,4,5,17,0,60,88.0,GRENOBLE (ROUTE DE),,,Plein jour,En agglomération,Hors intersection,Normale,Autre collision,,,,,,,,,,,1,2,1,1,6
200500018544,0005-04-05 17:45:00,5,4,5,17,45,60,88.0,"102, CALIFORNIE (AV.) (D",,,Plein jour,En agglomération,Hors intersection,Normale,Deux véhicules - arrière,,,,,,,,,,,1,2,1,1,2
200500018545,0005-04-06 10:15:00,5,4,6,10,15,60,88.0,"0, GRENOBLE (ROUTE DE)",,,Plein jour,En agglomération,Hors intersection,Normale,Deux véhicules - arrière,,,,,,,,,,,1,2,1,1,2
200500018546,0005-04-06 11:15:00,5,4,6,11,15,60,88.0,"0, CASSIN (BD RENE)",,,Plein jour,En agglomération,Intersection en X,Normale,Trois véhicules et plus - collisions multiples,,,,,,,,,,,1,2,2,1,5
200500018547,0005-04-06 14:30:00,5,4,6,14,30,60,88.0,"0, ETATS UNIS (QUAI DES)",,,Plein jour,En agglomération,Hors intersection,Normale,Trois véhicules et plus - en chaîne,,,,,,,,,,,1,2,1,1,4
200500018548,0005-04-07 16:00:00,5,4,7,16,0,60,88.0,"0, RAY (AV. DU)",,,Plein jour,En agglomération,Place,Normale,Autre collision,,,,,,,,,,,1,2,7,1,6
200500018549,0005-04-06 21:30:00,5,4,6,21,30,60,88.0,"60, GROSSO (A PARTIR DU",,,Nuit avec éclairage allumé,En agglomération,Hors intersection,Normale,Autre collision,,,,,,,,,,,5,2,1,1,6