accident_id,datetime,annee,mois,jour,heure,minute,departement,commune_insee,adresse,latitude,longitude,luminosite,agglomeration,intersection,meteo,collision,nb_vehicules,nb_usagers,nb_indemnes,nb_tues,nb_blesses_hosp,nb_blesses_legers,age_cond_1,age_cond_2,veh_type_cond_1,veh_type_cond_2,lum_code,agg_code,int_code,atm_code,col_code
200500018550,0005-04-07 08:40:00,5,4,7,8,40,60,159.0,"0, ALBERT 1ER (AVENUE)",,,Plein jour,En agglomération,Hors intersection,Normale,Deux véhicules - côté,,,,,,,,,,,1,2,1,1,3
200500018551,0005-04-07 12:15:00,5,4,7,12,15,60,88.0,FOCH (AV. MARECHAL),,,Plein jour,En agglomération,Intersection en X,Normale,Autre collision,,,,,,,,,,,1,2,2,1,6
200500018552,0005-04-07 13:40:00,5,4,7,13,40,60,88.0,"164, ARIANE (BD DE L')",,,Plein jour,En agglomération,Hors intersection,Normale,Autre collision,,,,,,,,,,,1,2,1,1,6
200500018553,0005-04-07 14:10:00,5,4,7,14,10,60,88.0,"0, CONGRES (RUE DU)",,,Plein jour,En agglomération,Intersection en X,Normale,Autre collision,,,,,,,,,,,1,2,2,1,6
200500018554,0005-04-07 16:40:00,5,4,7,16,40,60,88.0,"206, TURIN (RTE DE)",,,Plein jour,En agglomération,Hors intersection,Normale,Autre collision,,,,,,,,,,,1,2,1,1,6
200500018555,0005-04-07 20:15:00,5,4,7,20,15,60,88.0,"0, GRENOBLE (ROUTE DE)",,,Plein jour,En agglomération,Hors intersection,Normale,Deux véhicules - côté,,,,,,,,,,,1,2,1,1,3
200500018556,0005-04-08 13:15:00,5,4,8,13,15,60,88.0,"0, MATISSE (AV. HENRI)",,,Plein jour,En agglomération,Intersection en T,Normale,Deux véhicules - côté,,,,,,,,,,,1,2,3,1,3
200500018557,0005-04-09 16:30:00,5,4,9,16,30,60,88.0,"0, REINE-VICTORIA (AV.)",,,Plein jour,En agglomération,Autre intersection,Normale,Autre collision,,,,,,,,,,,1,2,9,1,6
200500018558,0005-04-10 02:30:00,5,4,10,2,30,60,88.0,"0, BARLA (RUE)",,,Nuit avec éclairage allumé,En agglomération,Intersection en X,Vent fort / tempête,Deux véhicules - côté,,,,,,,,,,,5,2,2,6,3
200500018559,0005-04-10 04:50:00,5,4,10,4,50,60,88.0,"0, JOLY (CORNICHE ANDRE",,,Nuit avec éclairage allumé,En agglomération,Intersection en T,Normale,Deux véhicules - côté,,,,,,,,,,,5,2,3,1,3
200500018560,0005-04-10 14:10:00,5,4,10,14,10,60,88.0,"23, MADELEINE (BD DE LA)",,,Plein jour,En agglomération,Hors intersection,Normale,Autre collision,,,,,,,,,,,1,2,1,1,6
200500018561,0005-04-10 11:40:00,5,4,10,11,40,60,159.0,"98, PRINCESSE GRACE DE M",,,Plein jour,En agglomération,Hors intersection,Pluie légère,Autre collision,,,,,,,,,,,1,2,1,2,6
200500018562,0005-04-10 13:30:00,5,4,10,13,30,60,88.0,"0, GINESTIERE (CH. DE LA",,,Plein jour,En agglomération,Hors intersection,Pluie légère,Deux véhicules - côté,,,,,,,,,,,1,2,1,2,3
200500018563,0005-04-10 14:35:00,5,4,10,14,35,60,88.0,"0, LEPANTE (R. DE)",,,Plein jour,En agglomération,Intersection en X,Normale,Deux véhicules - côté,,,,,,,,,,,1,2,2,1,3
200500018564,0005-04-10 14:40:00,5,4,10,14,40,60,88.0,"44, RIQUIER (BD DE)",,,Plein jour,En agglomération,Intersection en X,Normale,Autre collision,,,,,,,,,,,1,2,2,1,6
200500018565,0005-04-11 07:45:00,5,4,11,7,45,60,159.0,"0, FRANCOIS FERRY (CHEMI",,,Plein jour,En agglomération,Intersection en T,Normale,Deux véhicules - côté,,,,,,,,,,,1,2,3,1,3
200500018566,0005-04-11 10:00:00,5,4,11,10,0,60,88.0,"256, GINESTIERE (CH. DE",,,Plein jour,En agglomération,Hors intersection,Temps couvert,Deux véhicules - frontale,,,,,,,,,,,1,2,1,8,1
200500018567,0005-04-11 17:15:00,5,4,11,17,15,60,88.0,"0, GAIRAUT (AV. DE)",,,Plein jour,En agglomération,Intersection en X,Pluie légère,Deux véhicules - côté,,,,,,,,,,,1,2,2,2,3
200500018568,0005-04-11 20:30:00,5,4,11,20,30,60,88.0,TURIN (RTE DE),,,Nuit avec éclairage allumé,En agglomération,Hors intersection,Pluie légère,Deux véhicules - côté,,,,,,,,,,,5,2,1,2,3
200500018569,0005-04-11 21:50:00,5,4,11,21,50,60,88.0,"9, JOLY (CORNICHE ANDRE",,,Nuit avec éclairage allumé,En agglomération,Hors intersection,Normale,Autre collision,,,,,,,,,,,5,2,1,1,6
200500018570,0005-04-12 00:10:00,5,4,12,0,10,60,88.0,VOIE RAPIDE,,,Nuit avec éclairage allumé,En agglomération,Hors intersection,Pluie légère,Autre collision,,,,,,,,,,,5,2,1,2,6
200500018571,0005-04-12 09:45:00,5,4,12,9,45,60,88.0,"0, SASSERNO (PL.)",,,Plein jour,En agglomération,Hors intersection,Normale,Deux véhicules - arrière,,,,,,,,,,,1,2,1,1,2
200500018572,0005-04-12 11:30:00,5,4,12,11,30,60,88.0,DEFLY (RUE),,,Plein jour,En agglomération,Intersection en X,Normale,Deux véhicules - côté,,,,,,,,,,,1,2,2,1,3
200500018573,0005-04-13 07:30:00,5,4,13,7,30,60,88.0,"24, SAINT-JEAN BAPTISTE",,,Plein jour,En agglomération,Intersection en T,Normale,Autre collision,,,,,,,,,,,1,2,3,1,6
200500018574,0005-04-13 07:55:00,5,4,13,7,55,60,88.0,"273, ANGLAIS (DU N° 265",,,Plein jour,En agglomération,Intersection en T,Normale,Deux véhicules - côté,,,,,,,,,,,1,2,3,1,3
200500018575,0005-04-13 09:00:00,5,4,13,9,0,60,88.0,"87, RAYBAUD JOSEPH",,,Plein jour,En agglomération,Hors intersection,Normale,Deux véhicules - côté,,,,,,,,,,,1,2,1,1,3
200500018576,0005-04-13 10:20:00,5,4,13,10,20,60,88.0,"56, MONTEL (BD PAUL)",,,Plein jour,En agglomération,Hors intersection,Normale,Autre collision,,,,,,,,,,,1,2,1,1,6
200500018577,0005-04-13 10:35:00,5,4,13,10,35,60,88.0,"0, FAURE (R. GABRIEL)",,,Plein jour,En agglomération,Intersection en T,Normale,Deux véhicules - arrière,,,,,,,,,,,1,2,3,1,2
200500018578,0005-04-13 14:00:00,5,4,13,14,0,60,88.0,"0, POMPIDOU (BD GEORGES)",,,Plein jour,En agglomération,Hors intersection,Normale,Deux véhicules - arrière,,,,,,,,,,,1,2,1,1,2
200500018579,0005-04-13 16:30:00,5,4,13,16,30,60,88.0,"0, RAY (AV. DU)",,,Plein jour,En agglomération,Intersection en X,Normale,Deux véhicules - côté,,,,,,,,,,,1,2,2,1,3
200500018580,0005-04-13 17:15:00,5,4,13,17,15,60,88.0,CASSINI (RUE),,,Plein jour,En agglomération,Intersection en Y,Normale,Deux véhicules - côté,,,,,,,,,,,1,2,4,1,3
200500018581,0005-04-13 17:35:00,5,4,13,17,35,60,88.0,"0, VOIE RAPIDE",,,Plein jour,En agglomération,Hors intersection,Normale,Trois véhicules et plus - en chaîne,,,,,,,,,,,1,2,1,1,4
200500018582,0005-04-13 19:50:00,5,4,13,19,50,60,88.0,"102, CASSIN (BD RENE)",,,Plein jour,En agglomération,Hors intersection,Normale,Deux véhicules - arrière,,,,,,,,,,,1,2,1,1,2
200500018583,0005-04-13 20:50:00,5,4,13,20,50,60,88.0,"0, ANGLAIS (DU N° 114 AU",,,Nuit avec éclairage allumé,En agglomération,Hors intersection,Normale,Autre collision,,,,,,,,,,,5,2,1,1,6
200500018584,0005-04-14 10:25:00,5,4,14,10,25,60,88.0,"8 BIS, CORNICHE FLEURIE",,,Plein jour,En agglomération,Autre intersection,Normale,Deux véhicules - côté,,,,,,,,,,,1,2,9,1,3
200500018585,0005-04-14 13:00:00,5,4,14,13,0,60,88.0,", GARNIER (BD JOSEPH)",,,Plein jour,En agglomération,Hors intersection,Normale,Deux véhicules - côté,,,,,,,,,,,1,2,1,1,3
200500018586,0005-04-15 18:30:00,5,4,15,18,30,60,88.0,"0, NATHANYA (R.)",,,Plein jour,En agglomération,Intersection en X,Normale,Deux véhicules - côté,,,,,,,,,,,1,2,2,1,3
200500018587,0005-04-16 21:00:00,5,4,16,21,0,60,88.0,"135, MADELEINE (BD DE LA",,,Nuit avec éclairage allumé,En agglomération,Hors intersection,Normale,Deux véhicules - arrière,,,,,,,,,,,5,2,1,1,2
200500018588,0005-04-17 18:55:00,5,4,17,18,55,60,88.0,"0, DIGUE DES FRANCAIS (T",,,Crépuscule ou aube,En agglomération,Intersection en Y,Normale,Deux véhicules - côté,,,,,,,,,,,2,2,4,1,3
200500018589,0005-04-18 07:30:00,5,4,18,7,30,60,88.0,"61, MATISSE (AV. HENRI)",,,Plein jour,En agglomération,Hors intersection,Normale,Autre collision,,,,,,,,,,,1,2,1,1,6
200500018590,0005-04-18 09:30:00,5,4,18,9,30,60,88.0,"07, GAUTHIER (R. ANTOINE",,,Plein jour,En agglomération,Hors intersection,Normale,Deux véhicules - côté,,,,,,,,,,,1,2,1,1,3
200500018591,0005-04-18 13:20:00,5,4,18,13,20,60,88.0,"0, MEDECIN (AV. JEAN)",,,Plein jour,En agglomération,Hors intersection,Normale,Autre collision,,,,,,,,,,,1,2,1,1,6
200500018592,0005-04-18 15:00:00,5,4,18,15,0,60,88.0,"0, CHAUVE (RUE CHARLES)",,,Plein jour,En agglomération,Intersection en T,Normale,Deux véhicules - côté,,,,,,,,,,,1,2,3,1,3
200500018593,0005-04-18 16:05:00,5,4,18,16,5,60,88.0,"53, RAY (AV. DU)",,,Plein jour,En agglomération,Hors intersection,Normale,Deux véhicules - côté,,,,,,,,,,,1,2,1,1,3
200500018594,0005-04-18 16:55:00,5,4,18,16,55,60,88.0,BINET (RUE ALFRED),,,Plein jour,En agglomération,Hors intersection,Normale,Autre collision,,,,,,,,,,,1,2,1,1,6
200500018595,0005-04-18 19:10:00,5,4,18,19,10,60,88.0,"0, DEFLY (RUE)",,,Crépuscule ou aube,En agglomération,Intersection en X,Normale,Autre collision,,,,,,,,,,,2,2,2,1,6
200500018596,0005-04-18 20:10:00,5,4,18,20,10,60,88.0,"99, ANGLAIS (DU N° 45 AU",,,Crépuscule ou aube,En agglomération,Hors intersection,Normale,Trois véhicules et plus - en chaîne,,,,,,,,,,,2,2,1,1,4
200500018597,0005-04-18 18:00:00,5,4,18,18,0,60,159.0,"10, MARECHAL FOCH (AVENU",,,Plein jour,En agglomération,Hors intersection,Normale,Deux véhicules - côté,,,,,,,,,,,1,2,1,1,3
200500018598,0005-04-19 08:40:00,5,4,19,8,40,60,88.0,"0, GARIGLIANO (PONTS)",,,Plein jour,En agglomération,Hors intersection,Normale,Deux véhicules - côté,,,,,,,,,,,1,2,1,1,3
200500018599,0005-04-19 16:45:00,5,4,19,16,45,60,88.0,"0, RAUBA-CAPEU (QUAI)",,,Plein jour,En agglomération,Hors intersection,Vent fort / tempête,Deux véhicules - frontale,,,,,,,,,,,1,2,1,6,1
200500018600,0005-04-19 23:45:00,5,4,19,23,45,60,88.0,"0, FRANCE (R. DE) DU N°",,,Nuit avec éclairage allumé,En agglomération,Intersection en X,Normale,Deux véhicules - côté,,,,,,,,,,,5,2,2,1,3
200500018601,0005-04-20 11:00:00,5,4,20,11,0,60,88.0,"0, CIMIEZ (BD) A PARTIR",,,Plein jour,En agglomération,Intersection en X,Normale,Autre collision,,,,,,,,,,,1,2,2,1,6
200500018602,0005-04-21 11:30:00,5,4,21,11,30,60,88.0,TZAREWITCH (BD DU),,,Plein jour,En agglomération,Intersection en T,Normale,Autre collision,,,,,,,,,,,1,2,3,1,6
200500018603,0005-04-20 14:35:00,5,4,20,14,35,60,88.0,"0, VOIE RAPIDE",,,Plein jour,En agglomération,Hors intersection,Normale,Trois véhicules et plus - collisions multiples,,,,,,,,,,,1,2,1,1,5
200500018604,0005-04-21 02:00:00,5,4,21,2,0,60,88.0,"0, ANGLAIS (DU N° 265 AU",,,Nuit avec éclairage allumé,En agglomération,Intersection en T,Normale,Deux véhicules - côté,,,,,,,,,,,5,2,3,1,3
200500018605,0005-04-21 04:55:00,5,4,21,4,55,60,88.0,"0, THIERS (AV.)",,,Nuit avec éclairage allumé,En agglomération,Hors intersection,Normale,Deux véhicules - côté,,,,,,,,,,,5,2,1,1,3
200500018606,0005-04-21 08:45:00,5,4,21,8,45,60,88.0,"140, LANTERNE (AV. DE LA",,,Plein jour,En agglomération,Hors intersection,Normale,Autre collision,,,,,,,,,,,1,2,1,1,6
200500018607,0005-04-21 09:35:00,5,4,21,9,35,60,88.0,"14, PASTORELLE (AV. DE L",,,Plein jour,En agglomération,Hors intersection,Normale,Deux véhicules - côté,,,,,,,,,,,1,2,1,1,3
200500018608,0005-04-21 10:30:00,5,4,21,10,30,60,88.0,"75, CARNOT (BD)",,,Plein jour,En agglomération,Hors intersection,Normale,Deux véhicules - frontale,,,,,,,,,,,1,2,1,1,1
200500018609,0005-04-21 21:15:00,5,4,21,21,15,60,88.0,"0, VERANY (BD J.B.)",,,Nuit avec éclairage allumé,En agglomération,Hors intersection,Normale,Autre collision,,,,,,,,,,,5,2,1,1,6
200500018610,0005-04-22 13:45:00,5,4,22,13,45,60,88.0,"0, SEMARD (BD PIERRE)",,,Plein jour,En agglomération,Hors intersection,Normale,Deux véhicules - côté,,,,,,,,,,,1,2,1,1,3
200500018611,0005-04-22 14:20:00,5,4,22,14,20,60,88.0,"0, GORBELLA (BD DE)",,,Plein jour,En agglomération,Hors intersection,Normale,Sans collision,,,,,,,,,,,1,2,1,1,7
200500018612,0005-04-22 14:45:00,5,4,22,14,45,60,88.0,"0, JOLY (CORNICHE ANDRE",,,Plein jour,En agglomération,Intersection en X,Normale,Deux véhicules - côté,,,,,,,,,,,1,2,2,1,3
200500018613,0005-04-22 16:45:00,5,4,22,16,45,60,88.0,"0, JOLY (CORNICHE ANDRE",,,Plein jour,En agglomération,Intersection en T,Normale,Deux véhicules - côté,,,,,,,,,,,1,2,3,1,3
200500018614,0005-04-23 04:43:00,5,4,23,4,43,60,88.0,"134, FRANCE (R. DE) A PA",,,Nuit avec éclairage allumé,En agglomération,Hors intersection,Normale,Autre collision,,,,,,,,,,,5,2,1,1,6
200500018615,0005-04-23 08:00:00,5,4,23,8,0,60,88.0,"11, CALIFORNIE (AV.) (JU",,,Plein jour,En agglomération,Hors intersection,Pluie légère,Deux véhicules - arrière,,,,,,,,,,,1,2,1,2,2
200500018616,0005-04-23 18:45:00,5,4,23,18,45,60,88.0,"142, CESSOLE (BD DE) (A",,,Plein jour,En agglomération,Hors intersection,Normale,Deux véhicules - arrière,,,,,,,,,,,1,2,1,1,2
200500018617,0005-04-24 01:30:00,5,4,24,1,30,60,88.0,"0, GRACE DE MONACO (BD P",,,Nuit avec éclairage allumé,En agglomération,Hors intersection,Pluie légère,Autre collision,,,,,,,,,,,5,2,1,2,6
200500018618,0005-04-24 10:50:00,5,4,24,10,50,60,88.0,"0, VOIE RAPIDE",,,Plein jour,En agglomération,Hors intersection,Normale,Autre collision,,,,,,,,,,,1,2,1,1,6
200500018619,0005-04-24 13:25:00,5,4,24,13,25,60,88.0,"60, RISSO (BD)",,,Plein jour,En agglomération,Hors intersection,Normale,Trois véhicules et plus - collisions multiples,,,,,,,,,,,1,2,1,1,5
200500018620,0005-04-24 19:40:00,5,4,24,19,40,60,88.0,"0, BARLA (TRAV.)",,,Crépuscule ou aube,En agglomération,Hors intersection,Normale,Autre collision,,,,,,,,,,,2,2,1,1,6
200500018621,0005-04-25 08:35:00,5,4,25,8,35,60,88.0,"0, BARLA (TRAV.)",,,Plein jour,En agglomération,Hors intersection,Normale,Deux véhicules - arrière,,,,,,,,,,,1,2,1,1,2
200500018622,0005-04-25 08:45:00,5,4,25,8,45,60,88.0,"0, LYAUTEY (AV. DU MAL)",,,Plein jour,En agglomération,Intersection en T,Normale,Deux véhicules - frontale,,,,,,,,,,,1,2,3,1,1
200500018623,0005-04-25 16:00:00,5,4,25,16,0,60,88.0,"0, CASSIN (BD RENE)",,,Plein jour,En agglomération,Intersection en X,Normale,Autre collision,,,,,,,,,,,1,2,2,1,6
200500018624,0005-04-25 17:10:00,5,4,25,17,10,60,88.0,"05, VEROLA (AV. AUGUSTE)",,,Plein jour,En agglomération,Hors intersection,Normale,Deux véhicules - côté,,,,,,,,,,,1,2,1,1,3
200500018625,0005-04-25 19:00:00,5,4,25,19,0,60,88.0,"0, ILE-DE-BEAUTE (PL. DE",,,Plein jour,En agglomération,Hors intersection,Normale,Autre collision,,,,,,,,,,,1,2,1,1,6
200500018626,0005-04-25 19:10:00,5,4,25,19,10,60,88.0,"6, DUNANT (AV. HENRI)",,,Plein jour,En agglomération,Hors intersection,Normale,Autre collision,,,,,,,,,,,1,2,1,1,6
200500018627,0005-04-25 20:15:00,5,4,25,20,15,60,88.0,"0, BISCARRA (RUE)",,,Nuit avec éclairage allumé,En agglomération,Intersection en X,Normale,Autre collision,,,,,,,,,,,5,2,2,1,6
200500018628,0005-04-26 12:00:00,5,4,26,12,0,60,88.0,"O, ETATS UNIS (QUAI DES)",,,Plein jour,En agglomération,Hors intersection,Normale,Autre collision,,,,,,,,,,,1,2,1,1,6
200500018629,0005-04-26 14:20:00,5,4,26,14,20,60,88.0,"40, SAINT-SYLVESTRE (AV.",,,Plein jour,En agglomération,Hors intersection,Normale,Deux véhicules - côté,,,,,,,,,,,1,2,1,1,3
200500018630,0005-04-26 18:45:00,5,4,26,18,45,60,159.0,"0, GENERAL LECLER (AVENU",,,Plein jour,En agglomération,Intersection en X,Normale,Autre collision,,,,,,,,,,,1,2,2,1,6
200500018631,0005-04-27 09:15:00,5,4,27,9,15,60,88.0,"87, RAYBAUD JOSEPH",,,Plein jour,En agglomération,Hors intersection,Normale,Deux véhicules - arrière,,,,,,,,,,,1,2,1,1,2
200500018632,0005-04-27 14:30:00,5,4,27,14,30,60,88.0,"32, BRAILLE (BD LOUIS)",,,Plein jour,En agglomération,Hors intersection,Normale,Deux véhicules - côté,,,,,,,,,,,1,2,1,1,3
200500018633,0005-04-27 17:00:00,5,4,27,17,0,60,88.0,"26, GAMBETTA (JUSQU'AU N",,,Plein jour,En agglomération,Hors intersection,Normale,Autre collision,,,,,,,,,,,1,2,1,1,6
200500018634,0005-04-28 01:00:00,5,4,28,1,0,60,88.0,"80, LANTERNE (AV. DE LA)",,,Nuit avec éclairage allumé,En agglomération,Hors intersection,Normale,Autre collision,,,,,,,,,,,5,2,1,1,6
200500018635,0005-04-28 10:45:00,5,4,28,10,45,60,88.0,"0, CIMIEZ (MONTEE)",,,Plein jour,En agglomération,Hors intersection,Normale,Deux véhicules - côté,,,,,,,,,,,1,2,1,1,3
200500018636,0005-04-28 15:30:00,5,4,28,15,30,60,88.0,"115, CALIFORNIE (AV.) (D",,,Plein jour,En agglomération,Hors intersection,Normale,Deux véhicules - arrière,,,,,,,,,,,1,2,1,1,2
200500018637,0005-04-28 16:10:00,5,4,28,16,10,60,88.0,"04, CALIFORNIE (AV.) (JU",,,Plein jour,En agglomération,Hors intersection,Normale,Autre collision,,,,,,,,,,,1,2,1,1,6
200500018638,0005-04-28 16:11:00,5,4,28,16,11,60,88.0,"65, BUFFA (RUE DE LA)",,,Plein jour,En agglomération,Hors intersection,Normale,Autre collision,,,,,,,,,,,1,2,1,1,6
200500018639,0005-04-28 19:25:00,5,4,28,19,25,60,88.0,"57, ARIANE (BD DE L')",,,Crépuscule ou aube,En agglomération,Hors intersection,Normale,Autre collision,,,,,,,,,,,2,2,1,1,6
200500018640,0005-04-28 21:25:00,5,4,28,21,25,60,88.0,"0, DE GAULLE (PLACE GENE",,,Nuit avec éclairage allumé,En agglomération,Hors intersection,Normale,Sans collision,,,,,,,,,,,5,2,1,1,7
200500018641,0005-04-29 00:10:00,5,4,29,0,10,60,88.0,"0, ANGLAIS (A PARTIR DU",,,Nuit avec éclairage allumé,En agglomération,Hors intersection,Normale,Trois véhicules et plus - en chaîne,,,,,,,,,,,5,2,1,1,4
200500018642,0005-04-29 10:15:00,5,4,29,10,15,60,88.0,"98, JOFFRE (R. MARECHAL)",,,Plein jour,En agglomération,Hors intersection,Normale,Autre collision,,,,,,,,,,,1,2,1,1,6
200500018643,0005-04-29 13:20:00,5,4,29,13,20,60,88.0,"32, CHATEAUNEUF (RUE)",,,Plein jour,En agglomération,Hors intersection,Normale,Autre collision,,,,,,,,,,,1,2,1,1,6
200500018644,0005-04-29 19:15:00,5,4,29,19,15,60,88.0,"254, TURIN (RTE DE)",,,Plein jour,En agglomération,Hors intersection,Normale,Deux véhicules - côté,,,,,,,,,,,1,2,1,1,3
200500018645,0005-04-29 20:30:00,5,4,29,20,30,60,88.0,"169, ANGLAIS (DU N° 114",,,Crépuscule ou aube,En agglomération,Hors intersection,Normale,Trois véhicules et plus - en chaîne,,,,,,,,,,,2,2,1,1,4
200500018646,0005-04-29 20:50:00,5,4,29,20,50,60,88.0,"0, RAYNAUD (BD AUGUSTE)",,,Nuit avec éclairage allumé,En agglomération,Intersection en X,Normale,Deux véhicules - côté,,,,,,,,,,,5,2,2,1,3
200500018647,0005-04-30 04:20:00,5,4,30,4,20,60,88.0,"0, DIGUE DES FRANCAIS (T",,,Nuit avec éclairage allumé,En agglomération,Intersection en X,Normale,Deux véhicules - côté,,,,,,,,,,,5,2,2,1,3
200500018648,0005-04-30 09:00:00,5,4,30,9,0,60,88.0,"165, SAINT-SYLVESTRE (AV",,,Plein jour,En agglomération,Hors intersection,Normale,Deux véhicules - frontale,,,,,,,,,,,1,2,1,1,1
200500018649,0005-04-30 13:45:00,5,4,30,13,45,60,88.0,"1, RAUBA-CAPEU (QUAI)",,,Plein jour,En agglomération,Hors intersection,Pluie légère,Autre collision,,,,,,,,,,,1,2,1,2,6
200500018650,0005-04-30 16:15:00,5,4,30,16,15,60,88.0,"0, HUGO (BD VICTOR)",,,Plein jour,En agglomération,Intersection en T,Normale,Deux véhicules - côté,,,,,,,,,,,1,2,3,1,3
200500018651,0005-04-29 19:40:00,5,4,29,19,40,70,19.0,JEAN MATHON(FAUBOURG),,,Plein jour,En agglomération,Intersection en T,Normale,Deux véhicules - côté,,,,,,,,,,,1,2,3,1,3
200500018652,0005-04-02 21:25:00,5,4,2,21,25,70,102.0,"932, REPUBLIQUE (AV.DE L",,,Nuit avec éclairage allumé,En agglomération,Hors intersection,Normale,Deux véhicules - arrière,,,,,,,,,,,5,2,1,1,2
200500018653,0005-04-01 14:50:00,5,4,1,14,50,70,102.0,LANGUEDOC (Rue du),,,Plein jour,En agglomération,Intersection en T,Normale,Deux véhicules - côté,,,,,,,,,,,1,2,3,1,3
200500018654,0005-04-29 16:00:00,5,4,29,16,0,70,102.0,Rond Point des FREYDIERE,,,Plein jour,Hors agglomération,Giratoire,Normale,Deux véhicules - côté,,,,,,,,,,,1,1,6,1,3
200500018655,0005-04-05 18:05:00,5,4,5,18,5,80,105.0,"29, PIVOINES",,,Plein jour,En agglomération,Hors intersection,Normale,Autre collision,,,,,,,,,,,1,2,1,1,6
200500018656,0005-04-06 08:20:00,5,4,6,8,20,80,105.0,DE GAULLE AVENUE,,,Plein jour,En agglomération,Intersection en T,Normale,Autre collision,,,,,,,,,,,1,2,3,1,6
200500018657,0005-04-26 07:55:00,5,4,26,7,55,80,105.0,PRIX,,,Plein jour,En agglomération,Intersection en X,Pluie légère,Deux véhicules - côté,,,,,,,,,,,1,2,2,2,3
200500018658,0005-04-12 21:45:00,5,4,12,21,45,80,494.0,"1, PLACE STEVENIN",,,Nuit avec éclairage allumé,En agglomération,Hors intersection,Normale,Sans collision,,,,,,,,,,,5,2,1,1,7
200500018659,0005-04-20 04:28:00,5,4,20,4,28,90,122.0,LE CELLIER,,,Crépuscule ou aube,En agglomération,Hors intersection,Normale,Sans collision,,,,,,,,,,,2,2,1,1,7
200500018660,0005-04-21 15:50:00,5,4,21,15,50,90,122.0,PLANISSOLE (FAUBOURG),,,Plein jour,En agglomération,Giratoire,Normale,Deux véhicules - côté,,,,,,,,,,,1,2,6,1,3
200500018661,0005-04-02 19:20:00,5,4,2,19,20,90,225.0,ROUTE NATIONALE 20 (VOIE,,,Plein jour,En agglomération,Hors intersection,Normale,Autre collision,,,,,,,,,,,1,2,1,1,6
200500018662,0005-04-02 11:30:00,5,4,2,11,30,100,357.0,GENERAL DE GAULLE (RUE D,,,Plein jour,En agglomération,Giratoire,Normale,Deux véhicules - côté,,,,,,,,,,,1,2,6,1,3
200500018663,0005-04-03 16:20:00,5,4,3,16,20,100,333.0,ALBERT DE MUN (RUE),,,Plein jour,En agglomération,Intersection en T,Normale,Deux véhicules - côté,,,,,,,,,,,1,2,3,1,3
200500018664,0005-04-05 11:45:00,5,4,5,11,45,100,387.0,PAUL DUBOIS (RUE),,,Plein jour,En agglomération,Intersection en X,Normale,Deux véhicules - côté,,,,,,,,,,,1,2,2,1,3
200500018665,0005-04-09 20:55:00,5,4,9,20,55,100,387.0,VICTOR HUGO (RUE),,,Nuit avec éclairage allumé,En agglomération,Intersection en T,Normale,Deux véhicules - côté,,,,,,,,,,,5,2,3,1,3
200500018666,0005-04-18 14:55:00,5,4,18,14,55,100,297.0,JULES GUESDE (BDL),,,Plein jour,En agglomération,Intersection en T,Normale,Deux véhicules - côté,,,,,,,,,,,1,2,3,1,3
200500018667,0005-04-20 20:25:00,5,4,20,20,25,100,333.0,ROCADE OUEST (CD),,,Nuit avec éclairage allumé,En agglomération,Hors intersection,Normale,Deux véhicules - frontale,,,,,,,,,,,5,2,1,1,1
200500018668,0005-04-21 16:40:00,5,4,21,16,40,100,333.0,CHARLES BALTET (RUE),,,Plein jour,En agglomération,Intersection en T,Normale,Deux véhicules - côté,,,,,,,,,,,1,2,3,1,3
200500018669,0005-04-26 07:35:00,5,4,26,7,35,100,387.0,"109, PREMIER MAI (RUE DU",,,Plein jour,En agglomération,Hors intersection,Normale,Autre collision,,,,,,,,,,,1,2,1,1,6
200500018670,0005-04-26 12:05:00,5,4,26,12,5,100,333.0,VOLTAIRE (RUE),,,Plein jour,En agglomération,Intersection en T,Normale,Deux véhicules - côté,,,,,,,,,,,1,2,3,1,3
200500018671,0005-04-30 17:35:00,5,4,30,17,35,100,387.0,GEORGES POMPIDOU (RUE),,,Plein jour,En agglomération,Intersection en X,Normale,Deux véhicules - côté,,,,,,,,,,,1,2,2,1,3
200500018672,0005-04-29 19:20:00,5,4,29,19,20,100,81.0,"100, GENERAL SARRAIL (AV",,,Crépuscule ou aube,En agglomération,Hors intersection,Normale,Autre collision,,,,,,,,,,,2,2,1,1,6
200500018673,0005-04-05 16:05:00,5,4,5,16,5,110,69.0,CHEMIN DE ROULLENS,,,Plein jour,En agglomération,Hors intersection,Normale,Deux véhicules - côté,,,,,,,,,,,1,2,1,1,3
200500018674,0005-04-15 21:15:00,5,4,15,21,15,110,69.0,"23, GAMBETTA SQUARE -IMP",,,Nuit avec éclairage allumé,En agglomération,Hors intersection,Vent fort / tempête,Autre collision,,,,,,,,,,,5,2,1,6,6
200500018675,0005-04-24 12:50:00,5,4,24,12,50,110,69.0,CHEMIN DEPARTEMENTAL 48,,,Plein jour,En agglomération,Hors intersection,Pluie légère,Deux véhicules - frontale,,,,,,,,,,,1,2,1,2,1
200500018676,0005-04-16 08:55:00,5,4,16,8,55,110,262.0,"1, MILLE HUIT CENT QUAR.",,,Plein jour,En agglomération,Hors intersection,Normale,Sans collision,,,,,,,,,,,1,2,1,1,7
200500018677,0005-04-29 17:35:00,5,4,29,17,35,120,305.0,"02, BOUDIE (ROUTE DE LA)",,,Plein jour,En agglomération,Hors intersection,Normale,Deux véhicules - frontale,,,,,,,,,,,1,2,1,1,1
200500018678,0005-04-29 21:00:00,5,4,29,21,0,120,145.0,D911,,,Crépuscule ou aube,En agglomération,Hors intersection,Normale,Sans collision,,,,,,,,,,,2,2,1,1,7
200500018679,0005-04-09 22:00:00,5,4,9,22,0,120,202.0,DENYS PUECH (BOULEVARD),,,Nuit avec éclairage allumé,En agglomération,Intersection en T,Normale,Deux véhicules - côté,,,,,,,,,,,5,2,3,1,3