accident_id,datetime,annee,mois,jour,heure,minute,departement,commune_insee,adresse,latitude,longitude,luminosite,agglomeration,intersection,meteo,collision,nb_vehicules,nb_usagers,nb_indemnes,nb_tues,nb_blesses_hosp,nb_blesses_legers,age_cond_1,age_cond_2,veh_type_cond_1,veh_type_cond_2,lum_code,agg_code,int_code,atm_code,col_code
200500018943,0005-04-30 17:30:00,5,4,30,17,30,130,55.0,MONNIER (THY DE ),,,Plein jour,En agglomération,Hors intersection,Normale,Autre collision,,,,,,,,,,,1,2,1,1,6
200500018944,0005-04-04 12:35:00,5,4,4,12,35,130,55.0,"248, PRADO (AVENUE)",,,Plein jour,En agglomération,Hors intersection,Normale,Trois véhicules et plus - collisions multiples,,,,,,,,,,,1,2,1,1,5
200500018945,0005-04-07 09:00:00,5,4,7,9,0,130,55.0,", CHARTREUX (AVENUE DES)",,,Plein jour,En agglomération,Hors intersection,Temps couvert,Autre collision,,,,,,,,,,,1,2,1,8,6
200500018946,0005-04-24 15:00:00,5,4,24,15,0,130,55.0,"25, LUMINY (AVENUE DE)",,,Plein jour,En agglomération,Hors intersection,Normale,Autre collision,,,,,,,,,,,1,2,1,1,6
200500018947,0005-04-11 19:30:00,5,4,11,19,30,130,55.0,SAINT JEROM (AVENUE DE),,,Crépuscule ou aube,En agglomération,Intersection en T,Normale,Deux véhicules - côté,,,,,,,,,,,2,2,3,1,3
200500018948,0005-04-13 19:00:00,5,4,13,19,0,130,55.0,CHARLES LIVON (BD),,,Crépuscule ou aube,En agglomération,Hors intersection,Normale,Deux véhicules - côté,,,,,,,,,,,2,2,1,1,3
200500018949,0005-04-29 10:00:00,5,4,29,10,0,130,55.0,"540, SAINT PIERRE (RUE)",,,Plein jour,En agglomération,Hors intersection,Normale,Deux véhicules - côté,,,,,,,,,,,1,2,1,1,3
200500018950,0005-04-30 10:30:00,5,4,30,10,30,130,55.0,HECKEL (DOCTEUR AVE),,,Plein jour,En agglomération,Hors intersection,Normale,Deux véhicules - arrière,,,,,,,,,,,1,2,1,1,2
200500018951,0005-04-27 20:30:00,5,4,27,20,30,130,55.0,POINTE ROUGE (AVE DE LA),,,Plein jour,En agglomération,Hors intersection,Normale,Sans collision,,,,,,,,,,,1,2,1,1,7
200500018952,0005-04-29 03:31:00,5,4,29,3,31,130,55.0,CADENELLE (BD),,,Nuit avec éclairage allumé,En agglomération,Hors intersection,Normale,Autre collision,,,,,,,,,,,5,2,1,1,6
200500018953,0005-04-29 09:02:00,5,4,29,9,2,130,55.0,GUERRE (ROND POINT PIERR,,,Plein jour,Hors agglomération,Hors intersection,Normale,Autre collision,,,,,,,,,,,1,1,1,1,6
200500018954,0005-04-27 14:37:00,5,4,27,14,37,130,55.0,"251, LAUZE  (BD MIREILLE",,,Plein jour,En agglomération,Hors intersection,Normale,Deux véhicules - côté,,,,,,,,,,,1,2,1,1,3
200500018955,0005-04-29 15:45:00,5,4,29,15,45,130,55.0,"109, CAPELETTE (AVENUE D",,,Plein jour,En agglomération,Hors intersection,Normale,Deux véhicules - côté,,,,,,,,,,,1,2,1,1,3
200500018956,0005-04-25 14:45:00,5,4,25,14,45,130,55.0,MARECHAL JUIN (BD),,,Plein jour,En agglomération,Intersection en X,Normale,Deux véhicules - côté,,,,,,,,,,,1,2,2,1,3
200500018957,0005-04-07 14:35:00,5,4,7,14,35,130,55.0,JEANNE D'AR (BD),,,Plein jour,En agglomération,Intersection en X,Normale,Deux véhicules - côté,,,,,,,,,,,1,2,2,1,3
200500018958,0005-04-18 10:15:00,5,4,18,10,15,130,55.0,"68, VISTE (AVENUE DE LA)",,,Plein jour,En agglomération,Hors intersection,Normale,Deux véhicules - côté,,,,,,,,,,,1,2,1,1,3
200500018959,0005-04-19 12:10:00,5,4,19,12,10,130,55.0,"80, AYGALADES (AVENUE DE",,,Plein jour,En agglomération,Hors intersection,Normale,Deux véhicules - arrière,,,,,,,,,,,1,2,1,1,2
200500018960,0005-04-22 13:50:00,5,4,22,13,50,130,55.0,"164, PLOMBIERES (BD DE)",,,Plein jour,En agglomération,Hors intersection,Normale,Deux véhicules - arrière,,,,,,,,,,,1,2,1,1,2
200500018961,0005-04-11 18:45:00,5,4,11,18,45,130,55.0,SALVADOR ALLENDE (RUE),,,Plein jour,En agglomération,Hors intersection,Normale,Deux véhicules - arrière,,,,,,,,,,,1,2,1,1,2
200500018962,0005-04-25 08:30:00,5,4,25,8,30,130,55.0,"652, LITTORAL (CHEMIN DU",,,Plein jour,En agglomération,Hors intersection,Normale,Deux véhicules - côté,,,,,,,,,,,1,2,1,1,3
200500018963,0005-04-06 10:30:00,5,4,6,10,30,130,55.0,"00, LOUIS BONNEFON (PLAC",,,Plein jour,En agglomération,Hors intersection,Normale,Deux véhicules - arrière,,,,,,,,,,,1,2,1,1,2
200500018964,0005-04-19 19:40:00,5,4,19,19,40,130,55.0,"1, FORT NOTRE DAME (RUE)",,,Plein jour,En agglomération,Hors intersection,Normale,Deux véhicules - côté,,,,,,,,,,,1,2,1,1,3
200500018965,0005-04-30 14:01:00,5,4,30,14,1,130,55.0,"433, ROMAIN ROLLAND (BD)",,,Plein jour,En agglomération,Hors intersection,Normale,Deux véhicules - côté,,,,,,,,,,,1,2,1,1,3
200500018966,0005-04-21 18:35:00,5,4,21,18,35,130,55.0,"281, KE (CORNICHE)",,,Plein jour,En agglomération,Hors intersection,Normale,Deux véhicules - arrière,,,,,,,,,,,1,2,1,1,2
200500018967,0005-04-04 18:00:00,5,4,4,18,0,130,55.0,"75, BAILLE (BD)",,,Plein jour,En agglomération,Hors intersection,Normale,Deux véhicules - côté,,,,,,,,,,,1,2,1,1,3
200500018968,0005-04-25 19:30:00,5,4,25,19,30,130,55.0,JEAN LOMBARD (AVENUE),,,Crépuscule ou aube,En agglomération,Hors intersection,Autre,Deux véhicules - arrière,,,,,,,,,,,2,2,1,9,2
200500018969,0005-04-27 14:30:00,5,4,27,14,30,130,55.0,"91, REPUBLIQUE (RUE DE L",,,Plein jour,En agglomération,Hors intersection,Normale,Deux véhicules - côté,,,,,,,,,,,1,2,1,1,3
200500018970,0005-04-08 13:30:00,5,4,8,13,30,130,55.0,ALBERT MARQUET (RUE),,,Plein jour,En agglomération,Hors intersection,Normale,Deux véhicules - côté,,,,,,,,,,,1,2,1,1,3
200500018971,0005-04-27 15:00:00,5,4,27,15,0,130,55.0,KE (CORNICHE),,,Plein jour,En agglomération,Hors intersection,Normale,Deux véhicules - arrière,,,,,,,,,,,1,2,1,1,2
200500018972,0005-04-27 12:31:00,5,4,27,12,31,130,55.0,EINSTEIN ALBERT (BD),,,Plein jour,En agglomération,Hors intersection,Normale,Autre collision,,,,,,,,,,,1,2,1,1,6
200500018973,0005-04-30 17:23:00,5,4,30,17,23,130,55.0,DRAMARD (BD PIERRE),,,Plein jour,En agglomération,Hors intersection,Normale,Autre collision,,,,,,,,,,,1,2,1,1,6
200500018974,0005-04-22 17:15:00,5,4,22,17,15,130,55.0,"38, VISTE (AV DE LA)",,,Plein jour,En agglomération,Intersection en T,Normale,Deux véhicules - côté,,,,,,,,,,,1,2,3,1,3
200500018975,0005-04-25 20:30:00,5,4,25,20,30,130,55.0,"46, ROSE (AVENUE DE LA)",,,Nuit avec éclairage allumé,En agglomération,Intersection en T,Normale,Deux véhicules - côté,,,,,,,,,,,5,2,3,1,3
200500018976,0005-04-25 17:20:00,5,4,25,17,20,130,55.0,"259, HAMBOURG (AV DE)",,,Plein jour,En agglomération,Hors intersection,Normale,Deux véhicules - arrière,,,,,,,,,,,1,2,1,1,2
200500018977,0005-04-20 18:10:00,5,4,20,18,10,130,55.0,"131, CAMOINS (AVENUE DES",,,Plein jour,Hors agglomération,Hors intersection,Normale,Deux véhicules - côté,,,,,,,,,,,1,1,1,1,3
200500018978,0005-04-21 07:15:00,5,4,21,7,15,130,55.0,"93, PRADO  N°77 A FIN (A",,,Plein jour,En agglomération,Hors intersection,Normale,Autre collision,,,,,,,,,,,1,2,1,1,6
200500018979,0005-04-20 14:45:00,5,4,20,14,45,130,55.0,POMME (BD DE LA),,,Plein jour,En agglomération,Hors intersection,Normale,Deux véhicules - arrière,,,,,,,,,,,1,2,1,1,2
200500018980,0005-04-26 13:46:00,5,4,26,13,46,130,55.0,"45, SAKAKINI (BD)",,,Plein jour,En agglomération,Hors intersection,Normale,Deux véhicules - arrière,,,,,,,,,,,1,2,1,1,2
200500018981,0005-04-25 11:30:00,5,4,25,11,30,130,55.0,ST MARTHE (CHEMIN DE),,,Plein jour,En agglomération,Intersection en X,Normale,Deux véhicules - côté,,,,,,,,,,,1,2,2,1,3
200500018982,0005-04-06 12:30:00,5,4,6,12,30,130,55.0,MARCHE (RUE DU),,,Plein jour,En agglomération,Hors intersection,Normale,Deux véhicules - côté,,,,,,,,,,,1,2,1,1,3
200500018983,0005-04-28 12:05:00,5,4,28,12,5,130,55.0,CENTRAL (BD),,,Plein jour,En agglomération,Intersection en T,Normale,Deux véhicules - côté,,,,,,,,,,,1,2,3,1,3
200500018984,0005-04-13 15:00:00,5,4,13,15,0,130,55.0,"27, PRADO N°1A75 ET2A88",,,Plein jour,En agglomération,Hors intersection,Normale,Autre collision,,,,,,,,,,,1,2,1,1,6
200500018985,0005-04-23 18:30:00,5,4,23,18,30,130,55.0,", PARANGON (TRAVERSE)",,,Plein jour,En agglomération,Hors intersection,Normale,Deux véhicules - côté,,,,,,,,,,,1,2,1,1,3
200500018986,0005-04-18 14:45:00,5,4,18,14,45,130,55.0,"343, CHATEAU GOM (AVENUE",,,Plein jour,En agglomération,Hors intersection,Normale,Deux véhicules - côté,,,,,,,,,,,1,2,1,1,3
200500018987,0005-04-20 11:50:00,5,4,20,11,50,130,55.0,LIEUTAUD (COURS),,,Plein jour,En agglomération,Hors intersection,Normale,Deux véhicules - côté,,,,,,,,,,,1,2,1,1,3
200500018988,0005-04-30 00:05:00,5,4,30,0,5,130,55.0,"186, MADRAGUE  MONTREDON",,,Nuit avec éclairage allumé,En agglomération,Hors intersection,Normale,Autre collision,,,,,,,,,,,5,2,1,1,6
200500018989,0005-04-22 22:15:00,5,4,22,22,15,130,55.0,"56, CLOT BEY (AVENUE)",,,Nuit avec éclairage allumé,En agglomération,Hors intersection,Normale,Deux véhicules - arrière,,,,,,,,,,,5,2,1,1,2
200500018990,0005-04-17 03:50:00,5,4,17,3,50,130,55.0,"53, POINTE ROUGE (AVE DE",,,Nuit avec éclairage allumé,En agglomération,Hors intersection,Pluie légère,Trois véhicules et plus - en chaîne,,,,,,,,,,,5,2,1,2,4
200500018991,0005-04-29 19:31:00,5,4,29,19,31,130,55.0,SAINT ANTOI (AVENUE DE),,,Crépuscule ou aube,En agglomération,Intersection en T,Normale,Deux véhicules - côté,,,,,,,,,,,2,2,3,1,3
200500018992,0005-04-12 07:40:00,5,4,12,7,40,130,55.0,ROME (RUE DE),,,Crépuscule ou aube,En agglomération,Hors intersection,Normale,Deux véhicules - côté,,,,,,,,,,,2,2,1,1,3
200500018993,0005-04-14 16:54:00,5,4,14,16,54,130,55.0,"2, DAUMIER (RUE)",,,Plein jour,En agglomération,Intersection en T,Normale,Autre collision,,,,,,,,,,,1,2,3,1,6
200500018994,0005-04-08 06:00:00,5,4,8,6,0,130,55.0,ED AUDRAN (PLACE),,,Crépuscule ou aube,En agglomération,Intersection en X,Normale,Deux véhicules - côté,,,,,,,,,,,2,2,2,1,3
200500018995,0005-04-29 19:30:00,5,4,29,19,30,130,55.0,GARIBALDI (BD),,,Plein jour,En agglomération,Hors intersection,Normale,Deux véhicules - côté,,,,,,,,,,,1,2,1,1,3
200500018996,0005-04-01 18:00:00,5,4,1,18,0,130,55.0,PIERRE MENARD (BD),,,Plein jour,En agglomération,Hors intersection,Normale,Deux véhicules - côté,,,,,,,,,,,1,2,1,1,3
200500018997,0005-04-26 13:45:00,5,4,26,13,45,130,55.0,"126, KE (CORNICHE)",,,Plein jour,En agglomération,Hors intersection,Normale,Deux véhicules - côté,,,,,,,,,,,1,2,1,1,3
200500018998,0005-04-06 09:00:00,5,4,6,9,0,130,55.0,"163, PARADIS (RUE)",,,Plein jour,En agglomération,Hors intersection,Normale,Deux véhicules - arrière,,,,,,,,,,,1,2,1,1,2
200500018999,0005-04-05 19:30:00,5,4,5,19,30,130,55.0,"6, GAMBETTA (ALLEE LEON)",,,Plein jour,En agglomération,Hors intersection,Normale,Deux véhicules - côté,,,,,,,,,,,1,2,1,1,3
200500019000,0005-04-04 15:15:00,5,4,4,15,15,130,55.0,GAMBETTA (ALLEE LEON),,,Plein jour,En agglomération,Intersection en X,Normale,Deux véhicules - côté,,,,,,,,,,,1,2,2,1,3
200500019001,0005-04-01 13:20:00,5,4,1,13,20,130,77.0,TURENNE (rue),,,Plein jour,En agglomération,Hors intersection,Normale,Deux véhicules - côté,,,,,,,,,,,1,2,1,1,3
200500019002,0005-04-16 22:10:00,5,4,16,22,10,130,39.0,"0, MAZET",,,Nuit avec éclairage allumé,En agglomération,Intersection en T,Pluie légère,Deux véhicules - côté,,,,,,,,,,,5,2,3,2,3
200500019003,0005-04-19 17:55:00,5,4,19,17,55,130,56.0,PARADIS SAINT-ROCH AVENU,,,Plein jour,En agglomération,Hors intersection,Normale,Autre collision,,,,,,,,,,,1,2,1,1,6
200500019004,0005-04-16 09:40:00,5,4,16,9,40,130,56.0,"0, PORT DE BOUC ROUTE DE",,,Plein jour,En agglomération,Hors intersection,Normale,Autre collision,,,,,,,,,,,1,2,1,1,6
200500019005,0005-04-21 23:00:00,5,4,21,23,0,130,56.0,PORT DE LAVERA ROUTE DU,,,Nuit avec éclairage allumé,En agglomération,Intersection en T,Normale,Deux véhicules - côté,,,,,,,,,,,5,2,3,1,3
200500019006,0005-04-16 08:15:00,5,4,16,8,15,130,39.0,PINS (Allée des),,,Plein jour,En agglomération,Intersection en T,Normale,Deux véhicules - côté,,,,,,,,,,,1,2,3,1,3
200500019007,0005-04-20 14:20:00,5,4,20,14,20,130,77.0,PROVENCE (avenue de la),,,Plein jour,En agglomération,Hors intersection,Normale,Deux véhicules - arrière,,,,,,,,,,,1,2,1,1,2
200500019008,0005-04-29 13:45:00,5,4,29,13,45,130,56.0,OLIVE AVENUE JULIEN,,,Plein jour,En agglomération,Hors intersection,Normale,Deux véhicules - arrière,,,,,,,,,,,1,2,1,1,2
200500019009,0005-04-27 08:10:00,5,4,27,8,10,130,77.0,RN 568,,,Plein jour,En agglomération,Hors intersection,Normale,Autre collision,,,,,,,,,,,1,2,1,1,6
200500019010,0005-04-01 18:36:00,5,4,1,18,36,130,103.0,RTE DU VAL DE CUECH-RD 1,,,Plein jour,En agglomération,Hors intersection,Normale,Autre collision,,,,,,,,,,,1,2,1,1,6
200500019011,0005-04-01 18:35:00,5,4,1,18,35,130,103.0,RTE DU VAL DE CUECH-RD 1,,,Plein jour,En agglomération,Hors intersection,Normale,Sans collision,,,,,,,,,,,1,2,1,1,7
200500019012,0005-04-14 07:50:00,5,4,14,7,50,130,103.0,RN 113,,,Plein jour,En agglomération,Hors intersection,Normale,Deux véhicules - côté,,,,,,,,,,,1,2,1,1,3
200500019013,0005-04-25 15:50:00,5,4,25,15,50,130,103.0,AVENUE BOUCHAGA BOUALEM-,,,Plein jour,En agglomération,Hors intersection,Normale,Deux véhicules - côté,,,,,,,,,,,1,2,1,1,3
200500019014,0005-04-28 20:45:00,5,4,28,20,45,130,103.0,AVENUE MOULIN -JEAN- RN,,,Nuit sans éclairage public,En agglomération,Hors intersection,Normale,Trois véhicules et plus - collisions multiples,,,,,,,,,,,3,2,1,1,5
200500019015,0005-04-01 17:40:00,5,4,1,17,40,130,71.0,ROUTE NATIONALE 368 (VIL,,,Plein jour,En agglomération,Hors intersection,Normale,Deux véhicules - côté,,,,,,,,,,,1,2,1,1,3
200500019016,0005-04-03 19:55:00,5,4,3,19,55,130,71.0,"368, ROUTE NATIONALE 368",,,Crépuscule ou aube,En agglomération,Hors intersection,Normale,Deux véhicules - arrière,,,,,,,,,,,2,2,1,1,2
200500019017,0005-04-03 23:00:00,5,4,3,23,0,130,71.0,ROUTE NATIONALE 113 - AG,,,Nuit avec éclairage allumé,En agglomération,Intersection en X,Normale,Deux véhicules - côté,,,,,,,,,,,5,2,2,1,3
200500019018,0005-04-07 18:35:00,5,4,7,18,35,130,71.0,PLAN DE CAMPAGNE,,,Plein jour,En agglomération,Intersection en X,Normale,Deux véhicules - côté,,,,,,,,,,,1,2,2,1,3
200500019019,0005-04-12 16:10:00,5,4,12,16,10,130,71.0,VERSAILLES (ROND POINT D,,,Plein jour,En agglomération,Hors intersection,Normale,Deux véhicules - côté,,,,,,,,,,,1,2,1,1,3
200500019020,0005-04-18 16:05:00,5,4,18,16,5,130,117.0,ROUARD ( AVENUE VITAL ),,,Plein jour,En agglomération,Hors intersection,Normale,Autre collision,,,,,,,,,,,1,2,1,1,6
200500019021,0005-04-27 17:56:00,5,4,27,17,56,130,71.0,"368, ROUTE NATIONALE 368",,,Plein jour,En agglomération,Intersection en T,Normale,Trois véhicules et plus - collisions multiples,,,,,,,,,,,1,2,3,1,5
200500019022,0005-04-27 17:55:00,5,4,27,17,55,130,117.0,ROUTE NATIONALE 368 (PLA,,,Plein jour,En agglomération,Intersection en T,Normale,Deux véhicules - côté,,,,,,,,,,,1,2,3,1,3
200500019023,0005-04-29 18:11:00,5,4,29,18,11,130,117.0,BERLIN (RUE DE),,,Plein jour,En agglomération,Hors intersection,Normale,Autre collision,,,,,,,,,,,1,2,1,1,6
200500019024,0005-04-05 14:05:00,5,4,5,14,5,140,341.0,PARC SAINT ANDRE (AVENUE,,,Plein jour,En agglomération,Hors intersection,Normale,Deux véhicules - arrière,,,,,,,,,,,1,2,1,1,2
200500019025,0005-04-06 12:10:00,5,4,6,12,10,140,118.0,"19, SANSON ( RUE DU PERE",,,Plein jour,En agglomération,Hors intersection,Normale,Autre collision,,,,,,,,,,,1,2,1,1,6
200500019026,0005-04-13 22:35:00,5,4,13,22,35,140,118.0,"125, FALAISE (RUE DE >=9",,,Nuit avec éclairage allumé,En agglomération,Hors intersection,Pluie légère,Deux véhicules - côté,,,,,,,,,,,5,2,1,2,3
200500019027,0005-04-15 00:08:00,5,4,15,0,8,140,118.0,"62, COURSEULLES (AVENUE",,,Nuit avec éclairage allumé,En agglomération,Hors intersection,Pluie légère,Autre collision,,,,,,,,,,,5,2,1,2,6
200500019028,0005-04-27 11:00:00,5,4,27,11,0,140,271.0,CARRELETTES (RUE DES),,,Plein jour,En agglomération,Intersection en T,Normale,Deux véhicules - côté,,,,,,,,,,,1,2,3,1,3
200500019029,0005-04-15 17:40:00,5,4,15,17,40,140,118.0,RN814,,,Plein jour,En agglomération,Hors intersection,Normale,Trois véhicules et plus - en chaîne,,,,,,,,,,,1,2,1,1,4
200500019030,0005-04-21 17:25:00,5,4,21,17,25,140,118.0,"10, THIBOUT DE LA FRESNA",,,Plein jour,En agglomération,Hors intersection,Temps éblouissant,Deux véhicules - côté,,,,,,,,,,,1,2,1,7,3
200500019031,0005-04-24 18:10:00,5,4,24,18,10,140,118.0,"0, LYAUTEY (BOULEVARD MA",,,Plein jour,En agglomération,Hors intersection,Normale,Deux véhicules - côté,,,,,,,,,,,1,2,1,1,3
200500019032,0005-04-27 12:50:00,5,4,27,12,50,140,341.0,"1, CAEN (RUE DE)",,,Plein jour,En agglomération,Hors intersection,Normale,Deux véhicules - côté,,,,,,,,,,,1,2,1,1,3
200500019033,0005-04-27 16:34:00,5,4,27,16,34,140,118.0,"1, CAVEE (VIADUC DE LA)",,,Plein jour,En agglomération,Hors intersection,Normale,Deux véhicules - côté,,,,,,,,,,,1,2,1,1,3
200500019034,0005-04-28 16:20:00,5,4,28,16,20,140,118.0,"38, BRUXELLES (AVENUE DE",,,Plein jour,En agglomération,Hors intersection,Pluie légère,Sans collision,,,,,,,,,,,1,2,1,2,7
200500019035,0005-04-29 15:16:00,5,4,29,15,16,140,118.0,"59, FALAISE (RUE DE  <=9",,,Plein jour,En agglomération,Hors intersection,Normale,Sans collision,,,,,,,,,,,1,2,1,1,7
200500019036,0005-04-02 14:00:00,5,4,2,14,0,140,366.0,"98, PAUL CORNU ( RD48 RU",,,Plein jour,En agglomération,Hors intersection,Normale,Deux véhicules - côté,,,,,,,,,,,1,2,1,1,3
200500019037,0005-04-17 16:50:00,5,4,17,16,50,140,366.0,"0, ROSIERE ( CHEMIN DE L",,,Plein jour,En agglomération,Autre intersection,Normale,Deux véhicules - côté,,,,,,,,,,,1,2,9,1,3
200500019038,0005-04-06 08:45:00,5,4,6,8,45,160,15.0,"0, PARIS (RUE DE)",,,Plein jour,En agglomération,Intersection en X,Normale,Deux véhicules - côté,,,,,,,,,,,1,2,2,1,3
200500019039,0005-04-06 16:50:00,5,4,6,16,50,160,15.0,LATTRE DE TASSIGNY (AVEN,,,Plein jour,En agglomération,Hors intersection,Normale,Autre collision,,,,,,,,,,,1,2,1,1,6
200500019040,0005-04-08 19:15:00,5,4,8,19,15,160,15.0,"0, LATTRE DE TASSIGNY (A",,,Crépuscule ou aube,En agglomération,Hors intersection,Pluie légère,Autre collision,,,,,,,,,,,2,2,1,2,6
200500019041,0005-04-15 01:05:00,5,4,15,1,5,160,15.0,"195, MONTMOREAU (RUE DE",,,Nuit avec éclairage allumé,En agglomération,Hors intersection,Temps couvert,Autre collision,,,,,,,,,,,5,2,1,8,6
200500019042,0005-04-23 02:05:00,5,4,23,2,5,160,15.0,"286, ROYAN N141 (RUE DE)",,,Nuit avec éclairage allumé,En agglomération,Hors intersection,Pluie légère,Deux véhicules - frontale,,,,,,,,,,,5,2,1,2,1
200500019043,0005-04-23 19:20:00,5,4,23,19,20,160,15.0,"24, MOULIN (BOULEVARD JE",,,Plein jour,En agglomération,Hors intersection,Normale,Deux véhicules - côté,,,,,,,,,,,1,2,1,1,3
200500019044,0005-04-25 09:45:00,5,4,25,9,45,160,15.0,"77, SAINTES (RUE DE)",,,Plein jour,En agglomération,Hors intersection,Pluie forte,Autre collision,,,,,,,,,,,1,2,1,3,6
200500019045,0005-04-30 20:40:00,5,4,30,20,40,160,15.0,CLEMENCEAU (AVENUE GEORG,,,Plein jour,En agglomération,Hors intersection,Normale,Sans collision,,,,,,,,,,,1,2,1,1,7
200500019046,0005-04-16 15:12:00,5,4,16,15,12,160,102.0,"12, PLANAT (BOULEVARD OS",,,Plein jour,En agglomération,Intersection en X,Normale,Deux véhicules - côté,,,,,,,,,,,1,2,2,1,3
200500019047,0005-04-07 15:00:00,5,4,7,15,0,170,299.0,"1729919, JAURES RUE JEAN",,,Plein jour,En agglomération,Hors intersection,Normale,Deux véhicules - frontale,,,,,,,,,,,1,2,1,1,1
200500019048,0005-04-02 11:50:00,5,4,2,11,50,170,299.0,"17299020, AUNIS AVENUE D",,,Plein jour,En agglomération,Intersection en X,Normale,Deux véhicules - côté,,,,,,,,,,,1,2,2,1,3
200500019049,0005-04-02 10:55:00,5,4,2,10,55,170,299.0,"17299281, PELLETAN AVENU",,,Plein jour,En agglomération,Intersection en T,Normale,Deux véhicules - côté,,,,,,,,,,,1,2,3,1,3
200500019050,0005-04-09 09:45:00,5,4,9,9,45,170,299.0,"1729935, TOUFAIRE RUE",,,Plein jour,En agglomération,Intersection en T,Normale,Autre collision,,,,,,,,,,,1,2,3,1,6
200500019051,0005-04-21 22:58:00,5,4,21,22,58,170,449.0,"1745000, QUAI DES CAPUCI",,,Nuit sans éclairage public,En agglomération,Intersection en Y,Normale,Deux véhicules - frontale,,,,,,,,,,,3,2,4,1,1
200500019052,0005-04-02 18:00:00,5,4,2,18,0,170,300.0,DENFERT-ROCHEREAU   AVEN,,,Plein jour,En agglomération,Hors intersection,Normale,Deux véhicules - côté,,,,,,,,,,,1,2,1,1,3
200500019053,0005-04-06 18:07:00,5,4,6,18,7,170,200.0,"3, GAILLARD   RUE GASTON",,,Plein jour,En agglomération,Hors intersection,Normale,Deux véhicules - arrière,,,,,,,,,,,1,2,1,1,2
200500019054,0005-04-07 12:00:00,5,4,7,12,0,170,291.0,"1, EUROPE  AVENUE",,,Plein jour,En agglomération,Hors intersection,Normale,Deux véhicules - frontale,,,,,,,,,,,1,2,1,1,1
200500019055,0005-04-07 12:40:00,5,4,7,12,40,170,300.0,"82, SAUTEL  BOULEVARD AN",,,Plein jour,En agglomération,Hors intersection,Normale,Autre collision,,,,,,,,,,,1,2,1,1,6
200500019056,0005-04-08 07:55:00,5,4,8,7,55,170,300.0,537 RN ECHANGEUR LA PALL,,,Plein jour,En agglomération,Hors intersection,Normale,Trois véhicules et plus - en chaîne,,,,,,,,,,,1,2,1,1,4
200500019057,0005-04-08 16:35:00,5,4,8,16,35,170,291.0,QUATORZE JUILLET   RUE D,,,Plein jour,En agglomération,Autre intersection,Normale,Deux véhicules - côté,,,,,,,,,,,1,2,9,1,3
200500019058,0005-04-10 17:25:00,5,4,10,17,25,170,300.0,115 PK RN137 ROCHEFORT J,,,Plein jour,En agglomération,Hors intersection,Normale,Sans collision,,,,,,,,,,,1,2,1,1,7
200500019059,0005-04-14 14:30:00,5,4,14,14,30,170,274.0,"9, D108",,,Plein jour,En agglomération,Hors intersection,Pluie légère,Autre collision,,,,,,,,,,,1,2,1,2,6
200500019060,0005-04-16 12:15:00,5,4,16,12,15,170,291.0,"1, REPUBLIQUE   RUE DE L",,,Plein jour,En agglomération,Hors intersection,Normale,Deux véhicules - arrière,,,,,,,,,,,1,2,1,1,2
200500019061,0005-04-17 17:20:00,5,4,17,17,20,170,200.0,ROSE   AVENUE DU FIEF,,,Plein jour,En agglomération,Hors intersection,Pluie légère,Deux véhicules - côté,,,,,,,,,,,1,2,1,2,3
200500019062,0005-04-18 12:30:00,5,4,18,12,30,170,300.0,"77, MISSY   RUE DE",,,Plein jour,En agglomération,Hors intersection,Normale,Autre collision,,,,,,,,,,,1,2,1,1,6
200500019063,0005-04-18 14:00:00,5,4,18,14,0,170,200.0,"05, BOIS D'HURE   RUE DU",,,Plein jour,En agglomération,Hors intersection,Normale,Deux véhicules - côté,,,,,,,,,,,1,2,1,1,3
200500019064,0005-04-20 18:30:00,5,4,20,18,30,170,291.0,"47, REPUBLIQUE   RUE DE",,,Plein jour,En agglomération,Intersection en T,Normale,Deux véhicules - côté,,,,,,,,,,,1,2,3,1,3
200500019065,0005-04-21 18:30:00,5,4,21,18,30,170,200.0,"20, GREFFIERES   RUE DES",,,Plein jour,En agglomération,Hors intersection,Normale,Autre collision,,,,,,,,,,,1,2,1,1,6
200500019066,0005-04-26 10:52:00,5,4,26,10,52,170,300.0,"12, CIMETIERE   AVENUE D",,,Plein jour,En agglomération,Intersection en X,Pluie légère,Deux véhicules - côté,,,,,,,,,,,1,2,2,2,3
200500019067,0005-04-27 08:23:00,5,4,27,8,23,170,300.0,"20, DAMES   COURS DES",,,Plein jour,En agglomération,Hors intersection,Normale,Autre collision,,,,,,,,,,,1,2,1,1,6
200500019068,0005-04-29 17:30:00,5,4,29,17,30,170,274.0,REPUBLIQUE   ROND-POINT,,,Plein jour,En agglomération,Hors intersection,Normale,Deux véhicules - arrière,,,,,,,,,,,1,2,1,1,2
200500019069,0005-04-29 23:45:00,5,4,29,23,45,170,300.0,"71, BEL-AIR   RUE DE",,,Nuit avec éclairage allumé,En agglomération,Hors intersection,Normale,Autre collision,,,,,,,,,,,5,2,1,1,6
200500019070,0005-04-30 18:30:00,5,4,30,18,30,170,300.0,REPUBLIQUE   BOULEVARD D,,,Plein jour,En agglomération,Hors intersection,Normale,Deux véhicules - arrière,,,,,,,,,,,1,2,1,1,2
200500019071,0005-04-27 15:40:00,5,4,27,15,40,170,300.0,"2, DAUPHINE   AVENUE DE",,,Plein jour,En agglomération,Hors intersection,Normale,Deux véhicules - côté,,,,,,,,,,,1,2,1,1,3
200500019072,0005-04-09 12:05:00,5,4,9,12,5,170,306.0,"67, FRONT DE MER (PROMEN",,,Plein jour,En agglomération,Hors intersection,Normale,Autre collision,,,,,,,,,,,1,2,1,1,6