accident_id,datetime,annee,mois,jour,heure,minute,departement,commune_insee,adresse,latitude,longitude,luminosite,agglomeration,intersection,meteo,collision,nb_vehicules,nb_usagers,nb_indemnes,nb_tues,nb_blesses_hosp,nb_blesses_legers,age_cond_1,age_cond_2,veh_type_cond_1,veh_type_cond_2,lum_code,agg_code,int_code,atm_code,col_code
200500019073,0005-04-15 16:45:00,5,4,15,16,45,170,306.0,"60, LOTI PIERRE",,,Plein jour,En agglomération,Hors intersection,Normale,Autre collision,,,,,,,,,,,1,2,1,1,6
200500019074,0005-04-15 17:25:00,5,4,15,17,25,170,306.0,"95, EUROPE (COURS DE L')",,,Plein jour,En agglomération,Hors intersection,Normale,Autre collision,,,,,,,,,,,1,2,1,1,6
200500019075,0005-04-22 18:12:00,5,4,22,18,12,170,306.0,"100, DE LATTRE DE TASSIG",,,Plein jour,En agglomération,Autre intersection,Normale,Autre collision,,,,,,,,,,,1,2,9,1,6
200500019076,0005-04-28 17:00:00,5,4,28,17,0,170,306.0,"40, BOUCHET LOUIS (AVENU",,,Plein jour,En agglomération,Hors intersection,Normale,Trois véhicules et plus - en chaîne,,,,,,,,,,,1,2,1,1,4
200500019077,0005-04-28 20:15:00,5,4,28,20,15,170,306.0,"0, AQUITAINE (ALIENOR D'",,,Plein jour,En agglomération,Hors intersection,Normale,Deux véhicules - côté,,,,,,,,,,,1,2,1,1,3
200500019078,0005-04-29 15:00:00,5,4,29,15,0,170,306.0,"134, GAMBETTA",,,Plein jour,En agglomération,Hors intersection,Normale,Autre collision,,,,,,,,,,,1,2,1,1,6
200500019079,0005-04-01 18:40:00,5,4,1,18,40,170,415.0,PORT D'ENVAUX RUE DE,,,Plein jour,En agglomération,Hors intersection,Normale,Autre collision,,,,,,,,,,,1,2,1,1,6
200500019080,0005-04-01 18:30:00,5,4,1,18,30,170,415.0,LEMERCIER COURS,,,Plein jour,En agglomération,Hors intersection,Normale,Deux véhicules - arrière,,,,,,,,,,,1,2,1,1,2
200500019081,0005-04-07 08:00:00,5,4,7,8,0,170,415.0,141,,,Plein jour,En agglomération,Hors intersection,Normale,Deux véhicules - arrière,,,,,,,,,,,1,2,1,1,2
200500019082,0005-04-07 20:00:00,5,4,7,20,0,170,415.0,GATERAT LIEU DIT,,,Crépuscule ou aube,En agglomération,Hors intersection,Pluie légère,Deux véhicules - arrière,,,,,,,,,,,2,2,1,2,2
200500019083,0005-04-10 00:50:00,5,4,10,0,50,170,415.0,ROCHES QUAI DES,,,Nuit avec éclairage allumé,En agglomération,Hors intersection,Normale,Autre collision,,,,,,,,,,,5,2,1,1,6
200500019084,0005-04-23 05:30:00,5,4,23,5,30,170,415.0,ALLENDE AVENUE DU PRESID,,,Nuit sans éclairage public,En agglomération,Hors intersection,Pluie légère,Autre collision,,,,,,,,,,,3,2,1,2,6
200500019085,0005-04-25 07:55:00,5,4,25,7,55,170,415.0,ALLENDE AVENUE DU PRESID,,,Plein jour,En agglomération,Intersection en T,Normale,Deux véhicules - côté,,,,,,,,,,,1,2,3,1,3
200500019086,0005-04-01 18:45:00,5,4,1,18,45,180,33.0,HERVET (RUE ALBERT),,,Plein jour,En agglomération,Hors intersection,Normale,Autre collision,,,,,,,,,,,1,2,1,1,6
200500019087,0005-04-05 10:32:00,5,4,5,10,32,180,255.0,RIVAGEON (CHEMIN DU),,,Plein jour,Hors agglomération,Autre intersection,Pluie légère,Deux véhicules - côté,,,,,,,,,,,1,1,9,2,3
200500019088,0005-04-05 17:25:00,5,4,5,17,25,180,33.0,ISSOUDUN (ROUTE D'),,,Plein jour,En agglomération,Hors intersection,Normale,Trois véhicules et plus - en chaîne,,,,,,,,,,,1,2,1,1,4
200500019089,0005-04-07 17:20:00,5,4,7,17,20,180,33.0,"38, TURLY (RUE DE)",,,Plein jour,En agglomération,Hors intersection,Normale,Autre collision,,,,,,,,,,,1,2,1,1,6
200500019090,0005-04-10 23:31:00,5,4,10,23,31,180,33.0,BOISDE (RUE RAYMOND),,,Nuit avec éclairage allumé,En agglomération,Hors intersection,Pluie légère,Deux véhicules - côté,,,,,,,,,,,5,2,1,2,3
200500019091,0005-04-10 17:40:00,5,4,10,17,40,180,205.0,", MONET (RUE JEAN)",,,Plein jour,Hors agglomération,Hors intersection,Normale,Sans collision,,,,,,,,,,,1,1,1,1,7
200500019092,0005-04-15 14:30:00,5,4,15,14,30,180,205.0,VIGNES DE CHAPPE (CHEMIN,,,Plein jour,En agglomération,Hors intersection,Normale,Deux véhicules - côté,,,,,,,,,,,1,2,1,1,3
200500019093,0005-04-18 11:50:00,5,4,18,11,50,180,205.0,CHARITE (ROUTE DE LA),,,Plein jour,En agglomération,Hors intersection,Normale,Deux véhicules - côté,,,,,,,,,,,1,2,1,1,3
200500019094,0005-04-20 13:35:00,5,4,20,13,35,180,255.0,ORLEANS (ROUTE D'),,,Plein jour,En agglomération,Hors intersection,Normale,Deux véhicules - arrière,,,,,,,,,,,1,2,1,1,2
200500019095,0005-04-22 17:12:00,5,4,22,17,12,180,33.0,GARE DE MARCHANDISES (RU,,,Plein jour,En agglomération,Autre intersection,Normale,Deux véhicules - arrière,,,,,,,,,,,1,2,9,1,2
200500019096,0005-04-19 11:00:00,5,4,19,11,0,180,33.0,"22, VASSELAY (ROUTE DE)",,,Plein jour,En agglomération,Hors intersection,Pluie légère,Autre collision,,,,,,,,,,,1,2,1,2,6
200500019097,0005-04-25 13:40:00,5,4,25,13,40,180,33.0,JOFFRE (BOULEVARD DU MAR,,,Plein jour,En agglomération,Hors intersection,Pluie légère,Deux véhicules - arrière,,,,,,,,,,,1,2,1,2,2
200500019098,0005-04-25 14:55:00,5,4,25,14,55,180,33.0,MALLET (RUE LOUIS),,,Plein jour,En agglomération,Intersection en X,Pluie légère,Deux véhicules - côté,,,,,,,,,,,1,2,2,2,3
200500019099,0005-04-22 16:30:00,5,4,22,16,30,180,279.0,"41, PERRIN ( RUE MARCEL",,,Plein jour,En agglomération,Hors intersection,Normale,Autre collision,,,,,,,,,,,1,2,1,1,6
200500019100,0005-04-02 20:45:00,5,4,2,20,45,190,31.0,SEMARD (AVENUE PIERRE) A,,,Nuit avec éclairage allumé,En agglomération,Intersection en T,Normale,Deux véhicules - côté,,,,,,,,,,,5,2,3,1,3
200500019101,0005-04-03 08:35:00,5,4,3,8,35,190,31.0,RIBOT (AVENUE),,,Plein jour,En agglomération,Intersection en X,Normale,Autre collision,,,,,,,,,,,1,2,2,1,6
200500019102,0005-04-05 20:35:00,5,4,5,20,35,190,31.0,MIE (RUE LOUIS),,,Nuit avec éclairage allumé,En agglomération,Intersection en X,Normale,Deux véhicules - côté,,,,,,,,,,,5,2,2,1,3
200500019103,0005-04-06 14:30:00,5,4,6,14,30,190,31.0,CLEMENCEAU (BOULEVARD),,,Plein jour,En agglomération,Intersection en X,Normale,Trois véhicules et plus - collisions multiples,,,,,,,,,,,1,2,2,1,5
200500019104,0005-04-07 12:10:00,5,4,7,12,10,190,31.0,BRUNE (BOULEVARD),,,Plein jour,En agglomération,Intersection en T,Pluie légère,Autre collision,,,,,,,,,,,1,2,3,2,6
200500019105,0005-04-07 13:10:00,5,4,7,13,10,190,31.0,RONCIER (AVENUE ROGER),,,Plein jour,En agglomération,Intersection en T,Pluie légère,Deux véhicules - frontale,,,,,,,,,,,1,2,3,2,1
200500019106,0005-04-09 12:05:00,5,4,9,12,5,190,31.0,CHASTEAUX (ROUTE DE),,,Plein jour,En agglomération,Hors intersection,Normale,Deux véhicules - frontale,,,,,,,,,,,1,2,1,1,1
200500019107,0005-04-11 11:15:00,5,4,11,11,15,190,31.0,ALSACE LORRAINE (AVENUE),,,Plein jour,En agglomération,Hors intersection,Normale,Deux véhicules - arrière,,,,,,,,,,,1,2,1,1,2
200500019108,0005-04-18 12:05:00,5,4,18,12,5,190,31.0,COURTELINE (RUE),,,Plein jour,En agglomération,Hors intersection,Pluie légère,Deux véhicules - arrière,,,,,,,,,,,1,2,1,2,2
200500019109,0005-04-22 11:40:00,5,4,22,11,40,190,31.0,"37, COSNAC (RUE DANIEL D",,,Plein jour,En agglomération,Hors intersection,Pluie légère,Deux véhicules - arrière,,,,,,,,,,,1,2,1,2,2
200500019110,0005-04-22 14:40:00,5,4,22,14,40,190,31.0,RENARD (RUE JULES),,,Plein jour,En agglomération,Hors intersection,Normale,Deux véhicules - côté,,,,,,,,,,,1,2,1,1,3
200500019111,0005-04-29 12:05:00,5,4,29,12,5,190,31.0,ROUSSEAU (AVENUE JEAN JA,,,Plein jour,En agglomération,Hors intersection,Normale,Deux véhicules - frontale,,,,,,,,,,,1,2,1,1,1
200500019112,0005-04-29 15:10:00,5,4,29,15,10,190,31.0,ROOSEVELT (AVENUE DU PRE,,,Plein jour,En agglomération,Hors intersection,Normale,Deux véhicules - côté,,,,,,,,,,,1,2,1,1,3
200500019113,0005-04-02 16:45:00,5,4,2,16,45,210,54.0,GAULLE (AVENUE DU GENERA,,,Plein jour,En agglomération,Hors intersection,Normale,Autre collision,,,,,,,,,,,1,2,1,1,6
200500019114,0005-04-06 19:40:00,5,4,6,19,40,210,54.0,CHOREY (ROUTE DE),,,Plein jour,En agglomération,Hors intersection,Normale,Autre collision,,,,,,,,,,,1,2,1,1,6
200500019115,0005-04-05 12:00:00,5,4,5,12,0,210,54.0,"81, SAINT-NICOLAS (RUE D",,,Plein jour,En agglomération,Hors intersection,Pluie légère,Deux véhicules - arrière,,,,,,,,,,,1,2,1,2,2
200500019116,0005-04-21 17:25:00,5,4,21,17,25,210,54.0,CHEVROLET (RUE GASTON),,,Plein jour,En agglomération,Intersection en T,Normale,Deux véhicules - côté,,,,,,,,,,,1,2,3,1,3
200500019117,0005-04-15 21:00:00,5,4,15,21,0,210,54.0,SEURRE (ROUTE DE),,,Nuit sans éclairage public,En agglomération,Intersection en T,Pluie légère,Autre collision,,,,,,,,,,,3,2,3,2,6
200500019118,0005-04-29 14:45:00,5,4,29,14,45,210,54.0,BOISSEAUX (AVENUE ANDRE),,,Plein jour,En agglomération,Hors intersection,Normale,Deux véhicules - frontale,,,,,,,,,,,1,2,1,1,1
200500019119,0005-04-01 16:15:00,5,4,1,16,15,210,231.0,"2, DANTON (RUE)",,,Plein jour,En agglomération,Hors intersection,Normale,Autre collision,,,,,,,,,,,1,2,1,1,6
200500019120,0005-04-01 19:33:00,5,4,1,19,33,210,166.0,SOLIDARITE (DE LA) (ROND,,,Plein jour,En agglomération,Giratoire,Normale,Deux véhicules - côté,,,,,,,,,,,1,2,6,1,3
200500019121,0005-04-04 17:45:00,5,4,4,17,45,210,231.0,ATELIERS (DES) (RUE),,,Plein jour,En agglomération,Intersection en X,Normale,Deux véhicules - côté,,,,,,,,,,,1,2,2,1,3
200500019122,0005-04-05 07:50:00,5,4,5,7,50,210,231.0,"6, AUDRA (RUE)",,,Crépuscule ou aube,En agglomération,Hors intersection,Pluie légère,Trois véhicules et plus - collisions multiples,,,,,,,,,,,2,2,1,2,5
200500019123,0005-04-06 12:50:00,5,4,6,12,50,210,231.0,PREMIER CONSUL (DU) (AVE,,,Plein jour,En agglomération,Intersection en X,Normale,Deux véhicules - arrière,,,,,,,,,,,1,2,2,1,2
200500019124,0005-04-06 13:55:00,5,4,6,13,55,210,231.0,LANGRES (DE) (AVENUE),,,Plein jour,En agglomération,Hors intersection,Normale,Trois véhicules et plus - en chaîne,,,,,,,,,,,1,2,1,1,4
200500019125,0005-04-07 16:10:00,5,4,7,16,10,210,355.0,GEORGES POMPIDOU (VOIE),,,Plein jour,En agglomération,Hors intersection,Pluie légère,Trois véhicules et plus - en chaîne,,,,,,,,,,,1,2,1,2,4
200500019126,0005-04-08 07:50:00,5,4,8,7,50,210,231.0,"158, AUXONNE (D') (RUE)",,,Plein jour,En agglomération,Hors intersection,Pluie légère,Deux véhicules - côté,,,,,,,,,,,1,2,1,2,3
200500019127,0005-04-09 11:50:00,5,4,9,11,50,210,355.0,122 A (CD),,,Plein jour,En agglomération,Hors intersection,Normale,Deux véhicules - frontale,,,,,,,,,,,1,2,1,1,1
200500019128,0005-04-12 14:17:00,5,4,12,14,17,210,231.0,JOUVENCE (DE) (RUE),,,Plein jour,En agglomération,Intersection en T,Normale,Deux véhicules - arrière,,,,,,,,,,,1,2,3,1,2
200500019129,0005-04-12 21:00:00,5,4,12,21,0,210,231.0,"47, VICTOR HUGO (AVENUE)",,,Nuit avec éclairage allumé,En agglomération,Intersection en T,Normale,Deux véhicules - côté,,,,,,,,,,,5,2,3,1,3
200500019130,0005-04-16 08:21:00,5,4,16,8,21,210,231.0,"51, LIBERTE (DE LA) (RUE",,,Plein jour,En agglomération,Hors intersection,Normale,Autre collision,,,,,,,,,,,1,2,1,1,6
200500019131,0005-04-16 12:50:00,5,4,16,12,50,210,278.0,AIGUILLOTTES (DES) (BD),,,Plein jour,En agglomération,Hors intersection,Normale,Deux véhicules - arrière,,,,,,,,,,,1,2,1,1,2
200500019132,0005-04-18 17:03:00,5,4,18,17,3,210,231.0,"23, OUEST (DE L') (BOULE",,,Plein jour,En agglomération,Hors intersection,Pluie forte,Deux véhicules - arrière,,,,,,,,,,,1,2,1,3,2
200500019133,0005-04-19 17:00:00,5,4,19,17,0,210,231.0,MARECHAL JOFFRE (BOULEVA,,,Plein jour,En agglomération,Intersection à plus de 4 branches,Normale,Deux véhicules - côté,,,,,,,,,,,1,2,5,1,3
200500019134,0005-04-19 22:30:00,5,4,19,22,30,210,231.0,"8, FRANCOIS MAURIAC (RUE",,,Nuit avec éclairage allumé,En agglomération,Intersection en T,Normale,Autre collision,,,,,,,,,,,5,2,3,1,6
200500019135,0005-04-20 10:05:00,5,4,20,10,5,210,231.0,MIRANDE (DE) (RUE),,,Plein jour,En agglomération,Intersection en X,Normale,Deux véhicules - côté,,,,,,,,,,,1,2,2,1,3
200500019136,0005-04-22 18:14:00,5,4,22,18,14,210,231.0,PREMIER CONSUL (DU) (AVE,,,Plein jour,En agglomération,Hors intersection,Normale,Autre collision,,,,,,,,,,,1,2,1,1,6
200500019137,0005-04-25 20:50:00,5,4,25,20,50,210,231.0,"39, YORK (D') (RUE)",,,Plein jour,En agglomération,Hors intersection,Normale,Autre collision,,,,,,,,,,,1,2,1,1,6
200500019138,0005-04-25 22:10:00,5,4,25,22,10,210,166.0,"22, ANTOINE BECQUEREL (R",,,Nuit avec éclairage allumé,En agglomération,Hors intersection,Normale,Deux véhicules - côté,,,,,,,,,,,5,2,1,1,3
200500019139,0005-04-26 15:39:00,5,4,26,15,39,210,231.0,CHARLES DUMONT (RUE),,,Plein jour,En agglomération,Intersection en X,Normale,Deux véhicules - côté,,,,,,,,,,,1,2,2,1,3
200500019140,0005-04-26 18:05:00,5,4,26,18,5,210,355.0,"3, EIFFEL (BOULEVARD)",,,Plein jour,En agglomération,Hors intersection,Normale,Trois véhicules et plus - en chaîne,,,,,,,,,,,1,2,1,1,4
200500019141,0005-04-26 20:23:00,5,4,26,20,23,210,278.0,STADE (DU) (RUE),,,Crépuscule ou aube,En agglomération,Hors intersection,Normale,Autre collision,,,,,,,,,,,2,2,1,1,6
200500019142,0005-04-26 18:00:00,5,4,26,18,0,210,231.0,"40, FORGES (DES) (RUE)",,,Plein jour,En agglomération,Hors intersection,Normale,Autre collision,,,,,,,,,,,1,2,1,1,6
200500019143,0005-04-28 18:00:00,5,4,28,18,0,210,231.0,"55, BEAUMARCHAIS (RUE)",,,Plein jour,En agglomération,Hors intersection,Normale,Autre collision,,,,,,,,,,,1,2,1,1,6
200500019144,0005-04-29 09:50:00,5,4,29,9,50,210,231.0,"9, VOLTAIRE (BOULEVARD)",,,Plein jour,En agglomération,Hors intersection,Normale,Autre collision,,,,,,,,,,,1,2,1,1,6
200500019145,0005-04-29 14:23:00,5,4,29,14,23,210,231.0,"2, HOPITAL (DE L') (RUE)",,,Plein jour,En agglomération,Hors intersection,Normale,Deux véhicules - arrière,,,,,,,,,,,1,2,1,1,2
200500019146,0005-04-30 12:29:00,5,4,30,12,29,210,278.0,FAUBOURG ST NICOLAS (DU),,,Plein jour,En agglomération,Giratoire,Normale,Deux véhicules - côté,,,,,,,,,,,1,2,6,1,3
200500019147,0005-04-30 17:50:00,5,4,30,17,50,210,231.0,"23, LAC (DU) (AVENUE)",,,Plein jour,En agglomération,Hors intersection,Normale,Autre collision,,,,,,,,,,,1,2,1,1,6
200500019148,0005-04-06 09:10:00,5,4,6,9,10,220,278.0,"000, POMPIDOU (AVE GEORG",,,Plein jour,En agglomération,Hors intersection,Normale,Trois véhicules et plus - en chaîne,,,,,,,,,,,1,2,1,1,4
200500019149,0005-04-13 17:05:00,5,4,13,17,5,220,278.0,"90, RIBOT (THEODULE)",,,Plein jour,En agglomération,Intersection en X,Normale,Deux véhicules - côté,,,,,,,,,,,1,2,2,1,3
200500019150,0005-04-15 13:00:00,5,4,15,13,0,220,278.0,"44, CHARNER (BD)",,,Plein jour,En agglomération,Hors intersection,Normale,Autre collision,,,,,,,,,,,1,2,1,1,6
200500019151,0005-04-16 09:00:00,5,4,16,9,0,220,278.0,", 71° RI (DU)",,,Plein jour,En agglomération,Giratoire,Normale,Autre collision,,,,,,,,,,,1,2,6,1,6
200500019152,0005-04-25 09:10:00,5,4,25,9,10,230,96.0,"43, MENDES FRANCE (AVENU",,,Plein jour,En agglomération,Hors intersection,Normale,Autre collision,,,,,,,,,,,1,2,1,1,6
200500019153,0005-04-01 19:30:00,5,4,1,19,30,240,37.0,"21, GUILBEAUD (RUE)",,,Plein jour,En agglomération,Hors intersection,Normale,Deux véhicules - côté,,,,,,,,,,,1,2,1,1,3
200500019154,0005-04-02 15:25:00,5,4,2,15,25,240,37.0,DE GAULLE (AVENUE DU GEN,,,Plein jour,En agglomération,Hors intersection,Normale,Autre collision,,,,,,,,,,,1,2,1,1,6
200500019155,0005-04-05 17:39:00,5,4,5,17,39,240,145.0,ROQUE (AVENUE  DE LA),,,Plein jour,En agglomération,Hors intersection,Normale,Deux véhicules - frontale,,,,,,,,,,,1,2,1,1,1
200500019156,0005-04-14 15:00:00,5,4,14,15,0,240,37.0,"59, ROUX (RUE DOCTEUR)",,,Plein jour,En agglomération,Hors intersection,Normale,Deux véhicules - côté,,,,,,,,,,,1,2,1,1,3
200500019157,0005-04-15 16:30:00,5,4,15,16,30,240,37.0,"155, VALETTE (RUE)",,,Plein jour,En agglomération,Hors intersection,Normale,Autre collision,,,,,,,,,,,1,2,1,1,6
200500019158,0005-04-02 11:39:00,5,4,2,11,39,240,322.0,"47, WILSON (RUE DU PRESI",,,Plein jour,En agglomération,Hors intersection,Normale,Autre collision,,,,,,,,,,,1,2,1,1,6
200500019159,0005-04-02 12:10:00,5,4,2,12,10,240,322.0,ATUR  (ROUTE D'),,,Plein jour,En agglomération,Hors intersection,Normale,Deux véhicules - côté,,,,,,,,,,,1,2,1,1,3
200500019160,0005-04-05 15:59:00,5,4,5,15,59,240,557.0,"202, GRANDOU (AVENUE MIC",,,Plein jour,En agglomération,Hors intersection,Normale,Deux véhicules - côté,,,,,,,,,,,1,2,1,1,3
200500019161,0005-04-06 16:41:00,5,4,6,16,41,240,138.0,LATTRE DE TASSIGNY (AVEN,,,Plein jour,En agglomération,Intersection en X,Pluie légère,Deux véhicules - côté,,,,,,,,,,,1,2,2,2,3
200500019162,0005-04-06 17:45:00,5,4,6,17,45,240,557.0,"00, GRANDOU (AVENUE MICH",,,Plein jour,En agglomération,Giratoire,Normale,Autre collision,,,,,,,,,,,1,2,6,1,6
200500019163,0005-04-06 18:33:00,5,4,6,18,33,240,557.0,"00, GRANDOU (AVENUE MICH",,,Plein jour,En agglomération,Intersection en T,Normale,Autre collision,,,,,,,,,,,1,2,3,1,6
200500019164,0005-04-08 21:18:00,5,4,8,21,18,240,557.0,"87, GRANDOU (AVENUE MICH",,,Nuit avec éclairage allumé,En agglomération,Hors intersection,Normale,Deux véhicules - frontale,,,,,,,,,,,5,2,1,1,1
200500019165,0005-04-09 14:53:00,5,4,9,14,53,240,322.0,"00, CHANZY (RUE DE)",,,Crépuscule ou aube,En agglomération,Giratoire,Normale,Autre collision,,,,,,,,,,,2,2,6,1,6
200500019166,0005-04-13 08:25:00,5,4,13,8,25,240,322.0,"03, LAFON ( RUE EMILE)",,,Plein jour,En agglomération,Hors intersection,Normale,Autre collision,,,,,,,,,,,1,2,1,1,6
200500019167,0005-04-19 20:04:00,5,4,19,20,4,240,322.0,"00, LA TREMOUILLE (LIEU",,,Plein jour,En agglomération,Hors intersection,Pluie légère,Autre collision,,,,,,,,,,,1,2,1,2,6
200500019168,0005-04-20 07:49:00,5,4,20,7,49,240,322.0,"00, TRARIEUX (RUE LUDOVI",,,Crépuscule ou aube,En agglomération,Intersection en X,Normale,Autre collision,,,,,,,,,,,2,2,2,1,6
200500019169,0005-04-22 08:30:00,5,4,22,8,30,240,322.0,PETIT CHANGE (BOULEVARD,,,Plein jour,En agglomération,Intersection en T,Normale,Deux véhicules - frontale,,,,,,,,,,,1,2,3,1,1
200500019170,0005-04-22 10:00:00,5,4,22,10,0,240,138.0,PASTEUR (PLACE),,,Plein jour,En agglomération,Intersection en Y,Normale,Deux véhicules - côté,,,,,,,,,,,1,2,4,1,3
200500019171,0005-04-28 13:37:00,5,4,28,13,37,240,322.0,KLEBER (RUE),,,Plein jour,En agglomération,Intersection en X,Normale,Deux véhicules - côté,,,,,,,,,,,1,2,2,1,3
200500019172,0005-04-29 16:07:00,5,4,29,16,7,240,557.0,CHARRIERAS (LIEU DIT),,,Plein jour,En agglomération,Intersection en T,Normale,Autre collision,,,,,,,,,,,1,2,3,1,6
200500019173,0005-04-30 18:36:00,5,4,30,18,36,240,322.0,"00, STALINGRAD (BOULEVAR",,,Plein jour,En agglomération,Intersection en T,Normale,Autre collision,,,,,,,,,,,1,2,3,1,6
200500019174,0005-04-01 16:50:00,5,4,1,16,50,250,56.0,"21, ORATOIRE RUE DE L'",,,Plein jour,En agglomération,Intersection en T,Normale,Deux véhicules - côté,,,,,,,,,,,1,2,3,1,3
200500019175,0005-04-04 04:25:00,5,4,4,4,25,250,56.0,RN 1057 (CH. EPITAPHE-CH,,,Nuit avec éclairage allumé,En agglomération,Hors intersection,Normale,Autre collision,,,,,,,,,,,5,2,1,1,6
200500019176,0005-04-07 20:16:00,5,4,7,20,16,250,56.0,VESOUL RUE DE < 52,,,Nuit avec éclairage allumé,En agglomération,Hors intersection,Pluie légère,Autre collision,,,,,,,,,,,5,2,1,2,6
200500019177,0005-04-10 02:25:00,5,4,10,2,25,250,56.0,PAIX  AVENUE DE LA,,,Nuit avec éclairage allumé,En agglomération,Intersection en X,Normale,Deux véhicules - côté,,,,,,,,,,,5,2,2,1,3
200500019178,0005-04-12 15:20:00,5,4,12,15,20,250,56.0,"25, MONTJOUX  AVENUE DE",,,Plein jour,En agglomération,Hors intersection,Normale,Sans collision,,,,,,,,,,,1,2,1,1,7
200500019179,0005-04-13 17:30:00,5,4,13,17,30,250,56.0,EPITAPHE CHEMIN DE L',,,Plein jour,En agglomération,Intersection en T,Normale,Autre collision,,,,,,,,,,,1,2,3,1,6
200500019180,0005-04-17 09:23:00,5,4,17,9,23,250,56.0,"18, FORT DE BREGILLE CH.",,,Plein jour,En agglomération,Hors intersection,Pluie forte,Autre collision,,,,,,,,,,,1,2,1,3,6
200500019181,0005-04-18 17:45:00,5,4,18,17,45,250,56.0,"44, BELFORT RUE DE <144",,,Plein jour,En agglomération,Hors intersection,Normale,Autre collision,,,,,,,,,,,1,2,1,1,6
200500019182,0005-04-14 12:00:00,5,4,14,12,0,250,56.0,"27, FONTAINE-ARGENT AVEN",,,Plein jour,En agglomération,Hors intersection,Normale,Autre collision,,,,,,,,,,,1,2,1,1,6
200500019183,0005-04-23 15:25:00,5,4,23,15,25,250,56.0,CHURCHILL BD WINSTON,,,Plein jour,En agglomération,Hors intersection,Temps couvert,Trois véhicules et plus - collisions multiples,,,,,,,,,,,1,2,1,8,5
200500019184,0005-04-24 21:37:00,5,4,24,21,37,250,56.0,GAULARD AVENUE < 14,,,Nuit avec éclairage allumé,En agglomération,Hors intersection,Pluie légère,Autre collision,,,,,,,,,,,5,2,1,2,6
200500019185,0005-04-29 21:10:00,5,4,29,21,10,250,56.0,CHURCHILL BD WINSTON >19,,,Nuit avec éclairage allumé,En agglomération,Hors intersection,Normale,Autre collision,,,,,,,,,,,5,2,1,1,6
200500019186,0005-04-08 13:20:00,5,4,8,13,20,250,230.0,RUE DES BOUQUIERES,,,Plein jour,En agglomération,Intersection en X,Normale,Deux véhicules - côté,,,,,,,,,,,1,2,2,1,3
200500019187,0005-04-14 19:55:00,5,4,14,19,55,250,31.0,"84, GRANDE RUE",,,Crépuscule ou aube,En agglomération,Hors intersection,Normale,Deux véhicules - côté,,,,,,,,,,,2,2,1,1,3
200500019188,0005-04-16 18:45:00,5,4,16,18,45,250,388.0,AUDINCOURT (ROUTE D'),,,Plein jour,En agglomération,Intersection en T,Pluie forte,Deux véhicules - côté,,,,,,,,,,,1,2,3,3,3
200500019189,0005-04-16 03:05:00,5,4,16,3,5,260,198.0,"SANS NR, POMPIDOU (BOULE",,,Nuit avec éclairage allumé,En agglomération,Hors intersection,Pluie forte,Autre collision,,,,,,,,,,,5,2,1,3,6
200500019190,0005-04-29 12:10:00,5,4,29,12,10,260,198.0,"SANS NR, MARSEILLE (ROUT",,,Plein jour,En agglomération,Giratoire,Normale,Deux véhicules - arrière,,,,,,,,,,,1,2,6,1,2
200500019191,0005-04-02 14:08:00,5,4,2,14,8,260,281.0,"NEANT, MOUTET MARIUS (AV",,,Plein jour,En agglomération,Intersection en T,Normale,Autre collision,,,,,,,,,,,1,2,3,1,6
200500019192,0005-04-04 15:30:00,5,4,4,15,30,260,57.0,POMPIDOU GEORGES (AVENUE,,,Plein jour,En agglomération,Hors intersection,Normale,Deux véhicules - frontale,,,,,,,,,,,1,2,1,1,1
200500019193,0005-04-06 12:05:00,5,4,6,12,5,260,57.0,RD 538,,,Plein jour,En agglomération,Giratoire,Normale,Autre collision,,,,,,,,,,,1,2,6,1,6
200500019194,0005-04-08 13:25:00,5,4,8,13,25,260,281.0,"neant, MONTMARTEL (BD)",,,Plein jour,En agglomération,Hors intersection,Temps couvert,Autre collision,,,,,,,,,,,1,2,1,8,6
200500019195,0005-04-11 21:00:00,5,4,11,21,0,260,57.0,GRAND'RUE JEAN JAURES,,,Nuit avec éclairage allumé,En agglomération,Intersection en X,Normale,Autre collision,,,,,,,,,,,5,2,2,1,6
200500019196,0005-04-12 08:05:00,5,4,12,8,5,260,281.0,"Ignoré, 8 MAI (AVENUE DU",,,Plein jour,En agglomération,Intersection en X,Normale,Deux véhicules - côté,,,,,,,,,,,1,2,2,1,3
200500019197,0005-04-16 16:15:00,5,4,16,16,15,260,57.0,2532 (route nationale ),,,Plein jour,En agglomération,Intersection en T,Pluie légère,Autre collision,,,,,,,,,,,1,2,3,2,6
200500019198,0005-04-20 07:25:00,5,4,20,7,25,260,57.0,2532  (NATIONALE),,,Plein jour,En agglomération,Intersection en T,Temps couvert,Autre collision,,,,,,,,,,,1,2,3,8,6
200500019199,0005-04-26 13:00:00,5,4,26,13,0,260,281.0,"IGNORE, CHAVANT EUGENE (",,,Plein jour,En agglomération,Hors intersection,Normale,Autre collision,,,,,,,,,,,1,2,1,1,6
200500019200,0005-04-30 18:20:00,5,4,30,18,20,260,281.0,"NEANT, JAURES JEAN (PLAC",,,Plein jour,En agglomération,Giratoire,Normale,Autre collision,,,,,,,,,,,1,2,6,1,6
200500019201,0005-04-29 16:55:00,5,4,29,16,55,260,281.0,LIBERATION (BOULEVARD DE,,,Plein jour,En agglomération,Intersection en T,Normale,Autre collision,,,,,,,,,,,1,2,3,1,6
200500019202,0005-04-08 18:10:00,5,4,8,18,10,260,58.0,"31, ILE ADAM RUE DE L'",,,Plein jour,En agglomération,Hors intersection,Normale,Deux véhicules - côté,,,,,,,,,,,1,2,1,1,3
200500019203,0005-04-08 18:45:00,5,4,8,18,45,260,362.0,"sans n°, BERT RUE PAUL",,,Plein jour,En agglomération,Intersection en X,Pluie légère,Autre collision,,,,,,,,,,,1,2,2,2,6