accident_id,datetime,annee,mois,jour,heure,minute,departement,commune_insee,adresse,latitude,longitude,luminosite,agglomeration,intersection,meteo,collision,nb_vehicules,nb_usagers,nb_indemnes,nb_tues,nb_blesses_hosp,nb_blesses_legers,age_cond_1,age_cond_2,veh_type_cond_1,veh_type_cond_2,lum_code,agg_code,int_code,atm_code,col_code
200500019334,0005-04-02 15:10:00,5,4,2,15,10,310,555.0,14 CROIX DAURADE (PERIPH,,,Plein jour,En agglomération,Hors intersection,Normale,Trois véhicules et plus - en chaîne,,,,,,,,,,,1,2,1,1,4
200500019335,0005-04-03 00:25:00,5,4,3,0,25,310,555.0,"71, REVEL (RTE DE) DU 1A",,,Nuit avec éclairage allumé,En agglomération,Hors intersection,Normale,Deux véhicules - arrière,,,,,,,,,,,5,2,1,1,2
200500019336,0005-04-03 02:00:00,5,4,3,2,0,310,555.0,NETWILLER (BOULEVARD AND,,,Nuit avec éclairage allumé,En agglomération,Giratoire,Normale,Autre collision,,,,,,,,,,,5,2,6,1,6
200500019337,0005-04-03 12:20:00,5,4,3,12,20,310,555.0,"36, VALADE (RUE) DU 1AU",,,Plein jour,En agglomération,Hors intersection,Normale,Deux véhicules - côté,,,,,,,,,,,1,2,1,1,3
200500019338,0005-04-03 20:50:00,5,4,3,20,50,310,555.0,"26, SEJOURNE (AV PAUL) D",,,Nuit avec éclairage allumé,En agglomération,Hors intersection,Vent fort / tempête,Deux véhicules - côté,,,,,,,,,,,5,2,1,6,3
200500019339,0005-04-03 23:20:00,5,4,3,23,20,310,555.0,31 A LES MINIMES  (PERIP,,,Nuit avec éclairage allumé,Hors agglomération,Hors intersection,Vent fort / tempête,Autre collision,,,,,,,,,,,5,1,1,6,6
200500019340,0005-04-04 11:05:00,5,4,4,11,5,310,555.0,RENAN (RUE ERNEST) DU 19,,,Plein jour,En agglomération,Hors intersection,Normale,Deux véhicules - côté,,,,,,,,,,,1,2,1,1,3
200500019341,0005-04-04 13:45:00,5,4,4,13,45,310,555.0,33 A LALANDE (PEAGE NORD,,,Plein jour,Hors agglomération,Hors intersection,Normale,Deux véhicules - côté,,,,,,,,,,,1,1,1,1,3
200500019342,0005-04-04 14:40:00,5,4,4,14,40,310,555.0,"15, REMPART ST ETIENNE (",,,Plein jour,En agglomération,Hors intersection,Normale,Deux véhicules - côté,,,,,,,,,,,1,2,1,1,3
200500019343,0005-04-04 21:30:00,5,4,4,21,30,310,555.0,"66, RANGUEIL (AV DE) DU",,,Nuit avec éclairage allumé,En agglomération,Hors intersection,Normale,Autre collision,,,,,,,,,,,5,2,1,1,6
200500019344,0005-04-05 07:50:00,5,4,5,7,50,310,555.0,"103, ALBI (RTE D) DU 1AU",,,Crépuscule ou aube,En agglomération,Hors intersection,Normale,Autre collision,,,,,,,,,,,2,2,1,1,6
200500019345,0005-04-05 07:51:00,5,4,5,7,51,310,555.0,30 PONTS JUMEAUX  (PERIP,,,Crépuscule ou aube,Hors agglomération,Hors intersection,Normale,Deux véhicules - côté,,,,,,,,,,,2,1,1,1,3
200500019346,0005-04-05 08:00:00,5,4,5,8,0,310,555.0,"12, CHATEAU D EAU (AV DU",,,Plein jour,En agglomération,Hors intersection,Normale,Deux véhicules - côté,,,,,,,,,,,1,2,1,1,3
200500019347,0005-04-05 16:15:00,5,4,5,16,15,310,555.0,"399, SAINT SIMON (RTE DE",,,Plein jour,En agglomération,Hors intersection,Normale,Trois véhicules et plus - en chaîne,,,,,,,,,,,1,2,1,1,4
200500019348,0005-04-05 20:50:00,5,4,5,20,50,310,555.0,"300, GRANDE BRETAGNE (AV",,,Nuit avec éclairage allumé,En agglomération,Hors intersection,Normale,Deux véhicules - côté,,,,,,,,,,,5,2,1,1,3
200500019349,0005-04-06 10:35:00,5,4,6,10,35,310,555.0,", BLAGNAC (ROUTE DE)",,,Plein jour,En agglomération,Hors intersection,Normale,Deux véhicules - côté,,,,,,,,,,,1,2,1,1,3
200500019350,0005-04-06 13:40:00,5,4,6,13,40,310,555.0,"23, FAUBOURG BONNEFOY (R",,,Plein jour,En agglomération,Hors intersection,Normale,Deux véhicules - côté,,,,,,,,,,,1,2,1,1,3
200500019351,0005-04-06 14:00:00,5,4,6,14,0,310,555.0,"12, SAINTE FAMILLE (RUE",,,Plein jour,En agglomération,Intersection en X,Normale,Deux véhicules - côté,,,,,,,,,,,1,2,2,1,3
200500019352,0005-04-06 16:54:00,5,4,6,16,54,310,555.0,"40, COIN DE LA MOURE (CH",,,Plein jour,En agglomération,Hors intersection,Normale,Deux véhicules - côté,,,,,,,,,,,1,2,1,1,3
200500019353,0005-04-06 11:35:00,5,4,6,11,35,310,555.0,"19, AUSTERLITZ (RUE D) D",,,Plein jour,En agglomération,Intersection en X,Normale,Deux véhicules - côté,,,,,,,,,,,1,2,2,1,3
200500019354,0005-04-07 08:55:00,5,4,7,8,55,310,555.0,"48, NIMES (RUE DE) DU 2A",,,Plein jour,En agglomération,Hors intersection,Normale,Autre collision,,,,,,,,,,,1,2,1,1,6
200500019355,0005-04-07 11:45:00,5,4,7,11,45,310,555.0,"2, BASSO CAMBO (ROND POI",,,Plein jour,En agglomération,Giratoire,Normale,Deux véhicules - côté,,,,,,,,,,,1,2,6,1,3
200500019356,0005-04-07 22:25:00,5,4,7,22,25,310,555.0,"37, BILLIERES (AV ETIENN",,,Nuit avec éclairage allumé,En agglomération,Hors intersection,Pluie légère,Autre collision,,,,,,,,,,,5,2,1,2,6
200500019357,0005-04-08 07:00:00,5,4,8,7,0,310,555.0,"22, ETROITS (CHE DES) DU",,,Nuit avec éclairage allumé,En agglomération,Hors intersection,Pluie légère,Deux véhicules - côté,,,,,,,,,,,5,2,1,2,3
200500019358,0005-04-08 07:50:00,5,4,8,7,50,310,555.0,"12, ALBI (RTE D) DU 1AU",,,Plein jour,En agglomération,Hors intersection,Pluie légère,Deux véhicules - côté,,,,,,,,,,,1,2,1,2,3
200500019359,0005-04-11 07:35:00,5,4,11,7,35,310,555.0,"109, FRONTON (AV DE) DU",,,Plein jour,En agglomération,Hors intersection,Normale,Deux véhicules - côté,,,,,,,,,,,1,2,1,1,3
200500019360,0005-04-08 12:35:00,5,4,8,12,35,310,555.0,"305, SEYSSES (RTE DE) DU",,,Plein jour,En agglomération,Hors intersection,Normale,Deux véhicules - côté,,,,,,,,,,,1,2,1,1,3
200500019361,0005-04-09 01:50:00,5,4,9,1,50,310,555.0,19 LE PALAYS (PEAGE SUD),,,Nuit avec éclairage allumé,Hors agglomération,Hors intersection,Normale,Autre collision,,,,,,,,,,,5,1,1,1,6
200500019362,0005-04-11 17:25:00,5,4,11,17,25,310,555.0,"13, FITTE (ALL CHARLES D",,,Plein jour,En agglomération,Hors intersection,Normale,Sans collision,,,,,,,,,,,1,2,1,1,7
200500019363,0005-04-10 04:05:00,5,4,10,4,5,310,555.0,"64, STRASBOURG (BD DE) D",,,Nuit avec éclairage allumé,En agglomération,Hors intersection,Normale,Autre collision,,,,,,,,,,,5,2,1,1,6
200500019364,0005-04-10 14:25:00,5,4,10,14,25,310,555.0,"28, REMPART ST ETIENNE (",,,Plein jour,En agglomération,Intersection en T,Normale,Deux véhicules - côté,,,,,,,,,,,1,2,3,1,3
200500019365,0005-04-12 17:35:00,5,4,12,17,35,310,555.0,"97, DELTOUR (BD) DU 1AU",,,Plein jour,En agglomération,Hors intersection,Normale,Deux véhicules - côté,,,,,,,,,,,1,2,1,1,3
200500019366,0005-04-13 06:00:00,5,4,13,6,0,310,555.0,"19, DAURAT (AV DIDIER) D",,,Nuit avec éclairage allumé,En agglomération,Hors intersection,Normale,Deux véhicules - côté,,,,,,,,,,,5,2,1,1,3
200500019367,0005-04-13 07:30:00,5,4,13,7,30,310,555.0,"64, RAMELET MOUNDI (CHE",,,Plein jour,En agglomération,Hors intersection,Normale,Autre collision,,,,,,,,,,,1,2,1,1,6
200500019368,0005-04-13 17:20:00,5,4,13,17,20,310,555.0,"19, PONT DE RUPE (CHE DU",,,Plein jour,En agglomération,Hors intersection,Normale,Deux véhicules - côté,,,,,,,,,,,1,2,1,1,3
200500019369,0005-04-15 02:10:00,5,4,15,2,10,310,555.0,"81, CARNOT (BD LAZARE) D",,,Nuit avec éclairage allumé,En agglomération,Hors intersection,Normale,Autre collision,,,,,,,,,,,5,2,1,1,6
200500019370,0005-04-14 09:00:00,5,4,14,9,0,310,555.0,1 BAYLAC (FIL D'ARIANE),,,Plein jour,Hors agglomération,Hors intersection,Normale,Trois véhicules et plus - collisions multiples,,,,,,,,,,,1,1,1,1,5
200500019371,0005-04-14 09:25:00,5,4,14,9,25,310,555.0,"12, LARTET (RUE EDOUARD)",,,Plein jour,En agglomération,Intersection en T,Normale,Deux véhicules - côté,,,,,,,,,,,1,2,3,1,3
200500019372,0005-04-15 02:00:00,5,4,15,2,0,310,555.0,"16, GRIFFOUL DORVAL (BD)",,,Nuit avec éclairage allumé,En agglomération,Hors intersection,Pluie forte,Deux véhicules - arrière,,,,,,,,,,,5,2,1,3,2
200500019373,0005-04-15 14:15:00,5,4,15,14,15,310,555.0,"12, FAUBOURG BONNEFOY (R",,,Plein jour,En agglomération,Hors intersection,Normale,Deux véhicules - côté,,,,,,,,,,,1,2,1,1,3
200500019374,0005-04-15 15:40:00,5,4,15,15,40,310,555.0,26 LA FAOURETTE  (PERIPH,,,Plein jour,Hors agglomération,Hors intersection,Normale,Deux véhicules - arrière,,,,,,,,,,,1,1,1,1,2
200500019375,0005-04-16 15:15:00,5,4,16,15,15,310,555.0,"99, ITALIE (AV D) DU 1AU",,,Plein jour,En agglomération,Intersection en X,Normale,Deux véhicules - côté,,,,,,,,,,,1,2,2,1,3
200500019376,0005-04-16 18:50:00,5,4,16,18,50,310,555.0,26 LA FAOURETTE  (PERIPH,,,Plein jour,Hors agglomération,Hors intersection,Normale,Autre collision,,,,,,,,,,,1,1,1,1,6
200500019377,0005-04-17 01:18:00,5,4,17,1,18,310,555.0,"30, GARONNETTE (AV DE LA",,,Nuit avec éclairage allumé,En agglomération,Giratoire,Normale,Deux véhicules - côté,,,,,,,,,,,5,2,6,1,3
200500019378,0005-04-17 01:40:00,5,4,17,1,40,310,555.0,"153, MINIMES (AV DES) DU",,,Plein jour,En agglomération,Hors intersection,Normale,Deux véhicules - frontale,,,,,,,,,,,1,2,1,1,1
200500019379,0005-04-17 22:15:00,5,4,17,22,15,310,555.0,"10, RN 124",,,Nuit avec éclairage allumé,En agglomération,Hors intersection,Pluie légère,Autre collision,,,,,,,,,,,5,2,1,2,6
200500019380,0005-04-18 15:00:00,5,4,18,15,0,310,555.0,38 LE CHAPITRE (A64),,,Plein jour,Hors agglomération,Hors intersection,Temps couvert,Trois véhicules et plus - en chaîne,,,,,,,,,,,1,1,1,8,4
200500019381,0005-04-18 16:55:00,5,4,18,16,55,310,555.0,"12, SANG DE SERP (CHE DU",,,Plein jour,En agglomération,Intersection en T,Pluie légère,Deux véhicules - arrière,,,,,,,,,,,1,2,3,2,2
200500019382,0005-04-18 18:00:00,5,4,18,18,0,310,555.0,"12, EISENHOWER (AVENUE D",,,Plein jour,En agglomération,Hors intersection,Pluie forte,Deux véhicules - côté,,,,,,,,,,,1,2,1,3,3
200500019383,0005-04-17 16:30:00,5,4,17,16,30,310,555.0,"12, BELLOC CITE (PL) DU",,,Plein jour,En agglomération,Hors intersection,Normale,Deux véhicules - frontale,,,,,,,,,,,1,2,1,1,1
200500019384,0005-04-19 12:18:00,5,4,19,12,18,310,555.0,"85, REVEL (RTE DE) DU 2A",,,Plein jour,En agglomération,Hors intersection,Normale,Trois véhicules et plus - en chaîne,,,,,,,,,,,1,2,1,1,4
200500019385,0005-04-19 15:00:00,5,4,19,15,0,310,555.0,"32, MATABIAU (RUE) DU 1A",,,Plein jour,Hors agglomération,Hors intersection,Temps couvert,Autre collision,,,,,,,,,,,1,1,1,8,6
200500019386,0005-04-19 19:50:00,5,4,19,19,50,310,555.0,21 DEMOISELLES  (PERIPH,,,Plein jour,Hors agglomération,Hors intersection,Temps couvert,Autre collision,,,,,,,,,,,1,1,1,8,6
200500019387,0005-04-20 15:45:00,5,4,20,15,45,310,555.0,"257, LAPUJADE (CHE DE) D",,,Plein jour,En agglomération,Hors intersection,Normale,Deux véhicules - côté,,,,,,,,,,,1,2,1,1,3
200500019388,0005-04-20 16:30:00,5,4,20,16,30,310,555.0,"23, MOULIS (CHE DE) DU 2",,,Plein jour,En agglomération,Hors intersection,Temps couvert,Deux véhicules - côté,,,,,,,,,,,1,2,1,8,3
200500019389,0005-04-20 17:30:00,5,4,20,17,30,310,555.0,"12, PONT DE RUPE (CHE DU",,,Plein jour,En agglomération,Hors intersection,Normale,Deux véhicules - arrière,,,,,,,,,,,1,2,1,1,2
200500019390,0005-04-20 18:15:00,5,4,20,18,15,310,555.0,"7, LAFAYETTE (RUE) DU 1A",,,Plein jour,En agglomération,Hors intersection,Normale,Autre collision,,,,,,,,,,,1,2,1,1,6
200500019391,0005-04-20 21:45:00,5,4,20,21,45,310,555.0,"174, ALBI (RTE D) DU 1AU",,,Nuit avec éclairage allumé,En agglomération,Hors intersection,Normale,Deux véhicules - côté,,,,,,,,,,,5,2,1,1,3
200500019392,0005-04-21 16:56:00,5,4,21,16,56,310,555.0,"135, ARENES ROMAINES (AV",,,Plein jour,En agglomération,Hors intersection,Normale,Deux véhicules - côté,,,,,,,,,,,1,2,1,1,3
200500019393,0005-04-21 17:00:00,5,4,21,17,0,310,555.0,"53, ALSACE LORRAINE (RUE",,,Plein jour,En agglomération,Hors intersection,Temps couvert,Autre collision,,,,,,,,,,,1,2,1,8,6
200500019394,0005-04-21 18:35:00,5,4,21,18,35,310,555.0,"48, VERDIER (ALL FORAIN",,,Plein jour,En agglomération,Hors intersection,Normale,Deux véhicules - côté,,,,,,,,,,,1,2,1,1,3
200500019395,0005-04-22 17:05:00,5,4,22,17,5,310,555.0,"41, BARBOT (AV DU GENERA",,,Plein jour,En agglomération,Intersection en X,Normale,Autre collision,,,,,,,,,,,1,2,2,1,6
200500019396,0005-04-22 21:55:00,5,4,22,21,55,310,555.0,"64, SAINT MICHEL (GRANDE",,,Nuit avec éclairage allumé,En agglomération,Hors intersection,Normale,Deux véhicules - côté,,,,,,,,,,,5,2,1,1,3
200500019397,0005-04-23 11:50:00,5,4,23,11,50,310,555.0,"23, FAUBOURG BONNEFOY (R",,,Plein jour,En agglomération,Hors intersection,Normale,Autre collision,,,,,,,,,,,1,2,1,1,6
200500019398,0005-04-23 16:15:00,5,4,23,16,15,310,555.0,VAUQUELIN (RUE NICOLAS L,,,Plein jour,En agglomération,Hors intersection,Normale,Deux véhicules - côté,,,,,,,,,,,1,2,1,1,3
200500019399,0005-04-23 19:45:00,5,4,23,19,45,310,555.0,"7, LOT (RUE DU) DU 1AU 6",,,Plein jour,En agglomération,Hors intersection,Normale,Autre collision,,,,,,,,,,,1,2,1,1,6
200500019400,0005-04-24 04:00:00,5,4,24,4,0,310,555.0,"38, GRIFFOUL DORVAL (BD)",,,Nuit avec éclairage allumé,En agglomération,Hors intersection,Normale,Deux véhicules - arrière,,,,,,,,,,,5,2,1,1,2
200500019401,0005-04-26 10:55:00,5,4,26,10,55,310,555.0,"87, FITTE (ALL CHARLES D",,,Plein jour,En agglomération,Hors intersection,Normale,Autre collision,,,,,,,,,,,1,2,1,1,6
200500019402,0005-04-26 19:05:00,5,4,26,19,5,310,555.0,"170, PLANA (RUE LOUIS) D",,,Plein jour,En agglomération,Giratoire,Normale,Deux véhicules - côté,,,,,,,,,,,1,2,6,1,3
200500019403,0005-04-26 22:45:00,5,4,26,22,45,310,555.0,STRASBOURG (BD DE) DU 2A,,,Nuit avec éclairage allumé,En agglomération,Hors intersection,Normale,Deux véhicules - côté,,,,,,,,,,,5,2,1,1,3
200500019404,0005-04-26 22:50:00,5,4,26,22,50,310,555.0,"197, ETATS UNIS (AV DES)",,,Nuit avec éclairage allumé,En agglomération,Hors intersection,Normale,Deux véhicules - côté,,,,,,,,,,,5,2,1,1,3
200500019405,0005-04-27 20:05:00,5,4,27,20,5,310,555.0,27 LA CEPIERE  (PERIPH O,,,Crépuscule ou aube,Hors agglomération,Hors intersection,Normale,Trois véhicules et plus - collisions multiples,,,,,,,,,,,2,1,1,1,5
200500019406,0005-04-27 07:50:00,5,4,27,7,50,310,555.0,"308, SAINT SIMON (RTE DE",,,Plein jour,En agglomération,Hors intersection,Normale,Trois véhicules et plus - collisions multiples,,,,,,,,,,,1,2,1,1,5
200500019407,0005-04-28 11:55:00,5,4,28,11,55,310,555.0,"73, SEVERAC (BD DEODAT D",,,Plein jour,En agglomération,Intersection en T,Normale,Deux véhicules - côté,,,,,,,,,,,1,2,3,1,3
200500019408,0005-04-27 16:35:00,5,4,27,16,35,310,555.0,"1, METZ (RUE DE) DU 1AU",,,Plein jour,En agglomération,Hors intersection,Normale,Autre collision,,,,,,,,,,,1,2,1,1,6
200500019409,0005-04-28 01:30:00,5,4,28,1,30,310,555.0,4 ZONE AEROPORTUAIRE (FI,,,Nuit avec éclairage allumé,Hors agglomération,Hors intersection,Normale,Autre collision,,,,,,,,,,,5,1,1,1,6
200500019410,0005-04-28 19:40:00,5,4,28,19,40,310,555.0,17 LASBORDES (PERIPH EST,,,Plein jour,Hors agglomération,Hors intersection,Normale,Autre collision,,,,,,,,,,,1,1,1,1,6
200500019411,0005-04-29 17:32:00,5,4,29,17,32,310,555.0,2 LA CRABE (A 624),,,Plein jour,Hors agglomération,Hors intersection,Normale,Trois véhicules et plus - en chaîne,,,,,,,,,,,1,1,1,1,4
200500019412,0005-04-30 12:00:00,5,4,30,12,0,310,555.0,"26, COIN DE LA MOURE (CH",,,Plein jour,En agglomération,Hors intersection,Normale,Deux véhicules - côté,,,,,,,,,,,1,2,1,1,3
200500019413,0005-04-30 17:00:00,5,4,30,17,0,310,555.0,"14, EISENHOWER (AVENUE D",,,Plein jour,En agglomération,Hors intersection,Normale,Deux véhicules - arrière,,,,,,,,,,,1,2,1,1,2
200500019414,0005-04-30 21:30:00,5,4,30,21,30,310,555.0,"100, RIQUET (RUE PIERRE",,,Nuit avec éclairage allumé,En agglomération,Intersection en X,Normale,Deux véhicules - frontale,,,,,,,,,,,5,2,2,1,1
200500019415,0005-04-07 08:05:00,5,4,7,8,5,310,557.0,"15, DOUMERGUE (RUE GASTO",,,Plein jour,En agglomération,Hors intersection,Normale,Trois véhicules et plus - en chaîne,,,,,,,,,,,1,2,1,1,4
200500019416,0005-04-12 12:20:00,5,4,12,12,20,310,557.0,"21, CHANDELIER (CH DU)",,,Plein jour,En agglomération,Autre intersection,Normale,Deux véhicules - côté,,,,,,,,,,,1,2,9,1,3
200500019417,0005-04-20 07:35:00,5,4,20,7,35,320,13.0,"1, DOCTEUR SAMALENS",,,Plein jour,En agglomération,Hors intersection,Temps couvert,Autre collision,,,,,,,,,,,1,2,1,8,6
200500019418,0005-04-30 07:04:00,5,4,30,7,4,330,529.0,RN 250 (OUSTALET - BONNE,,,Crépuscule ou aube,En agglomération,Giratoire,Normale,Deux véhicules - côté,,,,,,,,,,,2,2,6,1,3
200500019419,0005-04-01 08:05:00,5,4,1,8,5,330,63.0,"37, CAPE CAUD (RUE DE LA",,,Plein jour,En agglomération,Hors intersection,Normale,Deux véhicules - côté,,,,,,,,,,,1,2,1,1,3
200500019420,0005-04-01 11:00:00,5,4,1,11,0,330,63.0,"37, HUGO (CRS VICTOR)",,,Plein jour,En agglomération,Intersection en T,Normale,Deux véhicules - côté,,,,,,,,,,,1,2,3,1,3
200500019421,0005-04-01 13:50:00,5,4,1,13,50,330,63.0,"40, BOSC (BD JEAN-JACQUE",,,Plein jour,En agglomération,Hors intersection,Normale,Trois véhicules et plus - en chaîne,,,,,,,,,,,1,2,1,1,4
200500019422,0005-04-01 18:25:00,5,4,1,18,25,330,63.0,"0000000000, TURENNE (RUE",,,Plein jour,En agglomération,Intersection en X,Normale,Deux véhicules - arrière,,,,,,,,,,,1,2,2,1,2
200500019423,0005-04-01 22:20:00,5,4,1,22,20,330,63.0,"134, MEDOC (CRS DU)",,,Nuit avec éclairage allumé,En agglomération,Hors intersection,Normale,Autre collision,,,,,,,,,,,5,2,1,1,6
200500019424,0005-04-02 20:50:00,5,4,2,20,50,330,63.0,"49, RICHELIEU (QUAI )",,,Nuit avec éclairage allumé,En agglomération,Hors intersection,Normale,Autre collision,,,,,,,,,,,5,2,1,1,6
200500019425,0005-04-03 21:25:00,5,4,3,21,25,330,63.0,"41, HUGO (CRS VICTOR)",,,Nuit avec éclairage allumé,En agglomération,Intersection en T,Normale,Deux véhicules - côté,,,,,,,,,,,5,2,3,1,3
200500019426,0005-04-01 18:50:00,5,4,1,18,50,330,318.0,"97, CHAUMET (AVE ROGER)",,,Plein jour,En agglomération,Hors intersection,Normale,Deux véhicules - frontale,,,,,,,,,,,1,2,1,1,1
200500019427,0005-04-01 21:00:00,5,4,1,21,0,330,318.0,TUILERANNE (AVE DE LA),,,Nuit avec éclairage allumé,En agglomération,Hors intersection,Normale,Autre collision,,,,,,,,,,,5,2,1,1,6
200500019428,0005-04-03 13:35:00,5,4,3,13,35,330,318.0,"78, COHE (AVE ROGER)",,,Plein jour,En agglomération,Hors intersection,Normale,Deux véhicules - côté,,,,,,,,,,,1,2,1,1,3
200500019429,0005-04-05 22:00:00,5,4,5,22,0,330,63.0,SOMME (CRS DE LA),,,Nuit avec éclairage allumé,En agglomération,Intersection en T,Normale,Deux véhicules - côté,,,,,,,,,,,5,2,3,1,3
200500019430,0005-04-03 14:30:00,5,4,3,14,30,330,119.0,LAUTREC (RUE HENRI DE TO,,,Plein jour,En agglomération,Intersection en Y,Normale,Deux véhicules - côté,,,,,,,,,,,1,2,4,1,3
200500019431,0005-04-06 08:50:00,5,4,6,8,50,330,63.0,"165, LABARDE (AVE DE)",,,Crépuscule ou aube,En agglomération,Hors intersection,Normale,Deux véhicules - côté,,,,,,,,,,,2,2,1,1,3
200500019432,0005-04-07 22:33:00,5,4,7,22,33,330,63.0,DAME (RUE NOTRE),,,Nuit avec éclairage allumé,En agglomération,Intersection en X,Pluie légère,Deux véhicules - côté,,,,,,,,,,,5,2,2,2,3
200500019433,0005-04-08 01:05:00,5,4,8,1,5,330,63.0,MARNE (CRS DE LA),,,Nuit sans éclairage public,En agglomération,Hors intersection,Pluie légère,Autre collision,,,,,,,,,,,3,2,1,2,6
200500019434,0005-04-05 16:10:00,5,4,5,16,10,330,39.0,BLERIOT (RUE LOUIS),,,Plein jour,En agglomération,Intersection en X,Normale,Deux véhicules - côté,,,,,,,,,,,1,2,2,1,3
200500019435,0005-04-05 16:25:00,5,4,5,16,25,330,63.0,"84, CHARTRONS (QUAI DES)",,,Plein jour,En agglomération,Hors intersection,Normale,Deux véhicules - côté,,,,,,,,,,,1,2,1,1,3
200500019436,0005-04-09 04:25:00,5,4,9,4,25,330,63.0,"23, RICHELIEU (QUAI )",,,Nuit avec éclairage allumé,En agglomération,Hors intersection,Normale,Deux véhicules - côté,,,,,,,,,,,5,2,1,1,3
200500019437,0005-04-10 02:40:00,5,4,10,2,40,330,63.0,RICHELIEU (QUAI ),,,Nuit avec éclairage allumé,En agglomération,Intersection en X,Normale,Deux véhicules - côté,,,,,,,,,,,5,2,2,1,3
200500019438,0005-04-04 23:10:00,5,4,4,23,10,330,75.0,PONTS (AVE DES 4),,,Nuit sans éclairage public,En agglomération,Hors intersection,Pluie légère,Deux véhicules - frontale,,,,,,,,,,,3,2,1,2,1
200500019439,0005-04-07 19:00:00,5,4,7,19,0,330,69.0,GAUTIER (RUE THEOPHILE),,,Plein jour,En agglomération,Intersection en X,Pluie légère,Deux véhicules - côté,,,,,,,,,,,1,2,2,2,3
200500019440,0005-04-08 08:55:00,5,4,8,8,55,330,63.0,HUGO (CRS VICTOR),,,Plein jour,En agglomération,Intersection en X,Normale,Deux véhicules - côté,,,,,,,,,,,1,2,2,1,3
200500019441,0005-04-08 17:09:00,5,4,8,17,9,330,63.0,"01, SCHUMAN (RUE ROBERT)",,,Plein jour,En agglomération,Hors intersection,Pluie légère,Autre collision,,,,,,,,,,,1,2,1,2,6
200500019442,0005-04-09 11:25:00,5,4,9,11,25,330,63.0,"18, JUIN (CRS MARECHAL)",,,Plein jour,En agglomération,Hors intersection,Normale,Deux véhicules - arrière,,,,,,,,,,,1,2,1,1,2
200500019443,0005-04-09 19:28:00,5,4,9,19,28,330,63.0,"138, ARGONNE (CRS DE L)",,,Plein jour,En agglomération,Hors intersection,Normale,Deux véhicules - arrière,,,,,,,,,,,1,2,1,1,2
200500019444,0005-04-06 09:00:00,5,4,6,9,0,330,39.0,BOSC (BD JEAN-JACQUES),,,Plein jour,En agglomération,Intersection en X,Normale,Deux véhicules - côté,,,,,,,,,,,1,2,2,1,3
200500019445,0005-04-12 08:20:00,5,4,12,8,20,330,63.0,CROIX (QUAI SAINTE-),,,Plein jour,En agglomération,Hors intersection,Normale,Trois véhicules et plus - collisions multiples,,,,,,,,,,,1,2,1,1,5
200500019446,0005-04-12 08:05:00,5,4,12,8,5,330,63.0,"112, GODARD (RUE CAMILLE",,,Plein jour,En agglomération,Hors intersection,Normale,Autre collision,,,,,,,,,,,1,2,1,1,6
200500019447,0005-04-12 08:25:00,5,4,12,8,25,330,63.0,"246, GODARD (BD )",,,Plein jour,En agglomération,Hors intersection,Normale,Trois véhicules et plus - en chaîne,,,,,,,,,,,1,2,1,1,4
200500019448,0005-04-07 17:05:00,5,4,7,17,5,330,249.0,VINCENT (AVE DU PROFESSE,,,Plein jour,En agglomération,Intersection en T,Pluie légère,Autre collision,,,,,,,,,,,1,2,3,2,6
200500019449,0005-04-11 10:10:00,5,4,11,10,10,330,119.0,KENNEDY (AVE DU PRESIDEN,,,Plein jour,En agglomération,Hors intersection,Normale,Trois véhicules et plus - en chaîne,,,,,,,,,,,1,2,1,1,4
200500019450,0005-04-11 14:05:00,5,4,11,14,5,330,63.0,CURIE (BD JOLIOT),,,Plein jour,En agglomération,Hors intersection,Normale,Deux véhicules - arrière,,,,,,,,,,,1,2,1,1,2
200500019451,0005-04-12 20:00:00,5,4,12,20,0,330,550.0,TOULOUSE (RTE DE),,,Crépuscule ou aube,En agglomération,Intersection en X,Normale,Deux véhicules - côté,,,,,,,,,,,2,2,2,1,3
200500019452,0005-04-07 07:55:00,5,4,7,7,55,330,522.0,ANDRE (RUE DU GENERAL),,,Plein jour,En agglomération,Intersection en X,Pluie forte,Autre collision,,,,,,,,,,,1,2,2,3,6
200500019453,0005-04-15 11:05:00,5,4,15,11,5,330,281.0,ARES (AVE D),,,Plein jour,En agglomération,Intersection en T,Normale,Deux véhicules - côté,,,,,,,,,,,1,2,3,1,3
200500019454,0005-04-12 09:20:00,5,4,12,9,20,330,550.0,TOULOUSE (RTE DE),,,Plein jour,En agglomération,Intersection en X,Normale,Deux véhicules - côté,,,,,,,,,,,1,2,2,1,3
200500019455,0005-04-15 07:50:00,5,4,15,7,50,330,63.0,PASTEUR CAUD (RUE ),,,Plein jour,En agglomération,Intersection en X,Normale,Deux véhicules - côté,,,,,,,,,,,1,2,2,1,3
200500019456,0005-04-15 11:15:00,5,4,15,11,15,330,63.0,"100, GEORGE V (BD )",,,Plein jour,En agglomération,Hors intersection,Normale,Trois véhicules et plus - en chaîne,,,,,,,,,,,1,2,1,1,4
200500019457,0005-04-15 12:15:00,5,4,15,12,15,330,63.0,"137, CHARTRONS (QUAI DES",,,Plein jour,En agglomération,Hors intersection,Normale,Deux véhicules - frontale,,,,,,,,,,,1,2,1,1,1
200500019458,0005-04-16 13:50:00,5,4,16,13,50,330,63.0,DONISSAN (RUE ),,,Plein jour,En agglomération,Intersection en X,Normale,Deux véhicules - côté,,,,,,,,,,,1,2,2,1,3
200500019459,0005-04-16 15:45:00,5,4,16,15,45,330,63.0,YSER (CRS DE L),,,Plein jour,En agglomération,Intersection en X,Pluie légère,Autre collision,,,,,,,,,,,1,2,2,2,6