accident_id,datetime,annee,mois,jour,heure,minute,departement,commune_insee,adresse,latitude,longitude,luminosite,agglomeration,intersection,meteo,collision,nb_vehicules,nb_usagers,nb_indemnes,nb_tues,nb_blesses_hosp,nb_blesses_legers,age_cond_1,age_cond_2,veh_type_cond_1,veh_type_cond_2,lum_code,agg_code,int_code,atm_code,col_code
200500019460,0005-04-16 14:28:00,5,4,16,14,28,330,63.0,"57, MEDOC (CRS DU)",,,Plein jour,En agglomération,Hors intersection,Normale,Deux véhicules - côté,,,,,,,,,,,1,2,1,1,3
200500019461,0005-04-15 14:10:00,5,4,15,14,10,330,318.0,"7, TRENDEL (RUE GEORGES)",,,Plein jour,En agglomération,Hors intersection,Pluie légère,Autre collision,,,,,,,,,,,1,2,1,2,6
200500019462,0005-04-15 14:50:00,5,4,15,14,50,330,318.0,GENEVE (AVE DE),,,Plein jour,En agglomération,Intersection en T,Pluie légère,Deux véhicules - côté,,,,,,,,,,,1,2,3,2,3
200500019463,0005-04-19 23:30:00,5,4,19,23,30,330,63.0,MARNE (CRS DE LA),,,Nuit avec éclairage allumé,En agglomération,Intersection en X,Pluie légère,Deux véhicules - côté,,,,,,,,,,,5,2,2,2,3
200500019464,0005-04-13 09:15:00,5,4,13,9,15,330,550.0,BRIAND (PCE ARISTIDE),,,Plein jour,En agglomération,Intersection en X,Normale,Deux véhicules - côté,,,,,,,,,,,1,2,2,1,3
200500019465,0005-04-20 14:35:00,5,4,20,14,35,330,63.0,PEYRONNET (RUE ),,,Plein jour,En agglomération,Intersection en X,Normale,Autre collision,,,,,,,,,,,1,2,2,1,6
200500019466,0005-04-20 18:20:00,5,4,20,18,20,330,63.0,"120, ADOUR CAUD (RUE BER",,,Plein jour,En agglomération,Hors intersection,Normale,Deux véhicules - côté,,,,,,,,,,,1,2,1,1,3
200500019467,0005-04-20 08:40:00,5,4,20,8,40,330,63.0,SCHRADER (RUE FRANTZ),,,Plein jour,En agglomération,Intersection en T,Pluie légère,Deux véhicules - côté,,,,,,,,,,,1,2,3,2,3
200500019468,0005-04-19 15:25:00,5,4,19,15,25,330,63.0,JUDAIQUE (RUE ),,,Plein jour,En agglomération,Intersection en X,Normale,Deux véhicules - côté,,,,,,,,,,,1,2,2,1,3
200500019469,0005-04-13 18:15:00,5,4,13,18,15,330,192.0,"25, GAULLE (CRS DU GENER",,,Plein jour,En agglomération,Hors intersection,Normale,Deux véhicules - frontale,,,,,,,,,,,1,2,1,1,1
200500019470,0005-04-21 20:10:00,5,4,21,20,10,330,63.0,BEGLES (RUE DE),,,Plein jour,En agglomération,Intersection en X,Normale,Deux véhicules - frontale,,,,,,,,,,,1,2,2,1,1
200500019471,0005-04-23 04:00:00,5,4,23,4,0,330,63.0,GAUTIER (BD ANTOINE),,,Nuit avec éclairage allumé,En agglomération,Intersection en T,Normale,Deux véhicules - côté,,,,,,,,,,,5,2,3,1,3
200500019472,0005-04-22 22:40:00,5,4,22,22,40,330,63.0,RICHELIEU (QUAI ),,,Nuit avec éclairage allumé,En agglomération,Hors intersection,Pluie légère,Autre collision,,,,,,,,,,,5,2,1,2,6
200500019473,0005-04-20 18:05:00,5,4,20,18,5,330,192.0,GAULLE (CRS DU GENERAL D,,,Plein jour,En agglomération,Intersection en T,Normale,Deux véhicules - arrière,,,,,,,,,,,1,2,3,1,2
200500019474,0005-04-20 19:50:00,5,4,20,19,50,330,522.0,LIBERATION (CRS DE LA),,,Plein jour,En agglomération,Intersection en X,Normale,Deux véhicules - côté,,,,,,,,,,,1,2,2,1,3
200500019475,0005-04-25 16:47:00,5,4,25,16,47,330,167.0,"9, GUYON (RUE JEAN RAYMO",,,Plein jour,En agglomération,Hors intersection,Normale,Autre collision,,,,,,,,,,,1,2,1,1,6
200500019476,0005-04-26 07:50:00,5,4,26,7,50,330,63.0,"23, GOUBEAU (RUE )",,,Plein jour,En agglomération,Hors intersection,Normale,Autre collision,,,,,,,,,,,1,2,1,1,6
200500019477,0005-04-26 09:50:00,5,4,26,9,50,330,63.0,HUGO (CRS VICTOR),,,Plein jour,En agglomération,Intersection en X,Normale,Deux véhicules - côté,,,,,,,,,,,1,2,2,1,3
200500019478,0005-04-12 18:05:00,5,4,12,18,5,330,249.0,"12, COCTEAU (AVE JEAN)",,,Plein jour,En agglomération,Hors intersection,Normale,Autre collision,,,,,,,,,,,1,2,1,1,6
200500019479,0005-04-15 07:40:00,5,4,15,7,40,330,167.0,MASSENET (RUE ),,,Plein jour,En agglomération,Intersection en X,Normale,Deux véhicules - côté,,,,,,,,,,,1,2,2,1,3
200500019480,0005-04-15 21:40:00,5,4,15,21,40,330,249.0,TABERNOTTES (RUE DES),,,Nuit avec éclairage allumé,En agglomération,Intersection en X,Normale,Deux véhicules - frontale,,,,,,,,,,,5,2,2,1,1
200500019481,0005-04-19 06:30:00,5,4,19,6,30,330,249.0,CHAMPS (AVE DES),,,Crépuscule ou aube,En agglomération,Hors intersection,Pluie forte,Deux véhicules - côté,,,,,,,,,,,2,2,1,3,3
200500019482,0005-04-19 11:35:00,5,4,19,11,35,330,281.0,PYTHAGORE (AVE ),,,Plein jour,En agglomération,Intersection en X,Normale,Deux véhicules - côté,,,,,,,,,,,1,2,2,1,3
200500019483,0005-04-20 11:15:00,5,4,20,11,15,330,39.0,SALENGRO (AVE ROGER),,,Plein jour,En agglomération,Intersection en X,Normale,Autre collision,,,,,,,,,,,1,2,2,1,6
200500019484,0005-04-22 16:05:00,5,4,22,16,5,330,281.0,DASSAULT (AVE MARCEL),,,Plein jour,En agglomération,Hors intersection,Normale,Deux véhicules - arrière,,,,,,,,,,,1,2,1,1,2
200500019485,0005-04-22 21:10:00,5,4,22,21,10,330,32.0,"8, SOMME (AVE DE LA)",,,Nuit avec éclairage allumé,En agglomération,Hors intersection,Normale,Autre collision,,,,,,,,,,,5,2,1,1,6
200500019486,0005-04-23 15:08:00,5,4,23,15,8,330,119.0,JAURES (AVE JEAN),,,Plein jour,En agglomération,Hors intersection,Normale,Deux véhicules - côté,,,,,,,,,,,1,2,1,1,3
200500019487,0005-04-26 15:40:00,5,4,26,15,40,330,318.0,CHATAIGNERAIE (AVE DE LA,,,Plein jour,En agglomération,Hors intersection,Normale,Autre collision,,,,,,,,,,,1,2,1,1,6
200500019488,0005-04-28 10:50:00,5,4,28,10,50,330,63.0,FRAGONARD CAUD (RUE ),,,Plein jour,En agglomération,Intersection en T,Normale,Deux véhicules - côté,,,,,,,,,,,1,2,3,1,3
200500019489,0005-04-28 13:15:00,5,4,28,13,15,330,63.0,BOUDET (RUE ),,,Plein jour,En agglomération,Intersection en X,Normale,Deux véhicules - côté,,,,,,,,,,,1,2,2,1,3
200500019490,0005-04-28 17:30:00,5,4,28,17,30,330,63.0,"174, PASTEUR CAUD (RUE )",,,Plein jour,En agglomération,Hors intersection,Normale,Deux véhicules - côté,,,,,,,,,,,1,2,1,1,3
200500019491,0005-04-27 08:15:00,5,4,27,8,15,330,69.0,COMBES (RUE EMILE),,,Plein jour,En agglomération,Intersection en T,Normale,Deux véhicules - côté,,,,,,,,,,,1,2,3,1,3
200500019492,0005-04-26 18:25:00,5,4,26,18,25,330,119.0,SCHWOB (AVE ROGER),,,Plein jour,En agglomération,Hors intersection,Normale,Autre collision,,,,,,,,,,,1,2,1,1,6
200500019493,0005-04-28 14:00:00,5,4,28,14,0,330,119.0,"52, BARBUSSE (RUE HENRI)",,,Plein jour,En agglomération,Hors intersection,Normale,Autre collision,,,,,,,,,,,1,2,1,1,6
200500019494,0005-04-28 17:30:00,5,4,28,17,30,330,249.0,MENDES-FRANCE (RUE PIERR,,,Plein jour,En agglomération,Intersection en T,Normale,Deux véhicules - côté,,,,,,,,,,,1,2,3,1,3
200500019495,0005-04-04 13:10:00,5,4,4,13,10,330,63.0,GAMBETTA (PCE ),,,Plein jour,En agglomération,Giratoire,Normale,Autre collision,,,,,,,,,,,1,2,6,1,6
200500019496,0005-04-30 00:05:00,5,4,30,0,5,330,63.0,KLEBER (RUE ),,,Nuit avec éclairage non allumé,En agglomération,Intersection en X,Normale,Deux véhicules - côté,,,,,,,,,,,4,2,2,1,3
200500019497,0005-04-30 14:20:00,5,4,30,14,20,330,63.0,DOMERCQ (RUE CHARLES),,,Plein jour,En agglomération,Intersection en Y,Normale,Deux véhicules - côté,,,,,,,,,,,1,2,4,1,3
200500019498,0005-04-30 17:00:00,5,4,30,17,0,330,69.0,ARNOZAN (RUE DU PROFESSE,,,Plein jour,En agglomération,Intersection en X,Normale,Deux véhicules - frontale,,,,,,,,,,,1,2,2,1,1
200500019499,0005-04-29 07:55:00,5,4,29,7,55,330,69.0,BERT (RUE PAUL),,,Plein jour,En agglomération,Intersection en Y,Temps éblouissant,Autre collision,,,,,,,,,,,1,2,4,7,6
200500019500,0005-04-29 17:30:00,5,4,29,17,30,330,281.0,LECLERC (AVE DU MARECHAL,,,Plein jour,En agglomération,Intersection en T,Normale,Deux véhicules - côté,,,,,,,,,,,1,2,3,1,3
200500019501,0005-04-18 17:45:00,5,4,18,17,45,340,3.0,"SANSN°, SAINT CHRIST (M7",,,Plein jour,En agglomération,Hors intersection,Temps couvert,Deux véhicules - arrière,,,,,,,,,,,1,2,1,8,2
200500019502,0005-04-03 18:05:00,5,4,3,18,5,340,32.0,BEDARIEUX (ROUTE DE),,,Plein jour,Hors agglomération,Hors intersection,Normale,Deux véhicules - arrière,,,,,,,,,,,1,1,1,1,2
200500019503,0005-04-05 18:30:00,5,4,5,18,30,340,32.0,"02, LIBERTE (BD DE LA)",,,Crépuscule ou aube,En agglomération,Intersection en X,Normale,Sans collision,,,,,,,,,,,2,2,2,1,7
200500019504,0005-04-07 22:15:00,5,4,7,22,15,340,32.0,LECLERC MARECHAL (BD),,,Nuit avec éclairage allumé,En agglomération,Hors intersection,Normale,Deux véhicules - frontale,,,,,,,,,,,5,2,1,1,1
200500019505,0005-04-16 23:30:00,5,4,16,23,30,340,336.0,MEDITERRANEE (AVENUE DE,,,Nuit sans éclairage public,Hors agglomération,Intersection en X,Normale,Deux véhicules - côté,,,,,,,,,,,3,1,2,1,3
200500019506,0005-04-23 04:20:00,5,4,23,4,20,340,32.0,ROUTE NATIONALE 112,,,Nuit sans éclairage public,Hors agglomération,Hors intersection,Normale,Sans collision,,,,,,,,,,,3,1,1,1,7
200500019507,0005-04-30 16:58:00,5,4,30,16,58,340,336.0,TOUR DU CHATEAU (BD.DE L,,,Plein jour,En agglomération,Intersection en T,Normale,Deux véhicules - frontale,,,,,,,,,,,1,2,3,1,1
200500019508,0005-04-01 08:45:00,5,4,1,8,45,340,172.0,"SANS, ROQUETURIERE (RUE",,,Plein jour,En agglomération,Intersection en T,Normale,Deux véhicules - côté,,,,,,,,,,,1,2,3,1,3
200500019509,0005-04-03 00:30:00,5,4,3,0,30,340,129.0,"SANS N°, PALAVAS D986 (R",,,Nuit sans éclairage public,En agglomération,Hors intersection,Normale,Autre collision,,,,,,,,,,,3,2,1,1,6
200500019510,0005-04-02 20:15:00,5,4,2,20,15,340,172.0,EUROPE (AVENUE DE L'),,,Nuit avec éclairage allumé,En agglomération,Hors intersection,Normale,Autre collision,,,,,,,,,,,5,2,1,1,6
200500019511,0005-04-06 12:50:00,5,4,6,12,50,340,172.0,"1441, POMPIGNANE (AVENUE",,,Plein jour,En agglomération,Hors intersection,Normale,Deux véhicules - côté,,,,,,,,,,,1,2,1,1,3
200500019512,0005-04-11 09:15:00,5,4,11,9,15,340,172.0,"49, ""BOIRARGUES (AVENUE",,,Plein jour,En agglomération,Hors intersection,Normale,Deux véhicules - arrière,,,,,,,,,,,1,2,1,1,2
200500019513,0005-04-12 08:00:00,5,4,12,8,0,340,172.0,"sans, ""LIBERTE (AVENUE D",,,Plein jour,En agglomération,Hors intersection,Normale,Deux véhicules - arrière,,,,,,,,,,,1,2,1,1,2
200500019514,0005-04-14 08:40:00,5,4,14,8,40,340,172.0,"sans n°, EUROPE (AVENUE",,,Plein jour,En agglomération,Hors intersection,Normale,Deux véhicules - côté,,,,,,,,,,,1,2,1,1,3
200500019515,0005-04-14 12:00:00,5,4,14,12,0,340,172.0,PAVELET (AVENUE DU COLON,,,Plein jour,En agglomération,Intersection en X,Normale,Deux véhicules - frontale,,,,,,,,,,,1,2,2,1,1
200500019516,0005-04-07 14:20:00,5,4,7,14,20,340,172.0,ALCO (ROND POINT D'),,,Plein jour,En agglomération,Hors intersection,Normale,Trois véhicules et plus - en chaîne,,,,,,,,,,,1,2,1,1,4
200500019517,0005-04-08 12:45:00,5,4,8,12,45,340,172.0,BOLOGNE (RUE DE),,,Plein jour,En agglomération,Intersection en X,Normale,Deux véhicules - arrière,,,,,,,,,,,1,2,2,1,2
200500019518,0005-04-09 05:10:00,5,4,9,5,10,340,172.0,"1114, ""MAURIN (AVENUE DE",,,Nuit avec éclairage allumé,En agglomération,Hors intersection,Normale,Autre collision,,,,,,,,,,,5,2,1,1,6
200500019519,0005-04-09 20:15:00,5,4,9,20,15,340,172.0,"21, ASSAS (AVENUE D')",,,Plein jour,En agglomération,Hors intersection,Normale,Deux véhicules - côté,,,,,,,,,,,1,2,1,1,3
200500019520,0005-04-10 14:25:00,5,4,10,14,25,340,172.0,APOTHICAIRES (AVENUE DES,,,Plein jour,En agglomération,Hors intersection,Normale,Sans collision,,,,,,,,,,,1,2,1,1,7
200500019521,0005-04-10 20:10:00,5,4,10,20,10,340,172.0,EUROPE (AVENUE DE L'),,,Nuit avec éclairage allumé,En agglomération,Intersection en X,Normale,Deux véhicules - côté,,,,,,,,,,,5,2,2,1,3
200500019522,0005-04-13 12:40:00,5,4,13,12,40,340,172.0,"1450, RIMBAUD (RUE PAUL)",,,Plein jour,En agglomération,Hors intersection,Normale,Autre collision,,,,,,,,,,,1,2,1,1,6
200500019523,0005-04-13 14:00:00,5,4,13,14,0,340,172.0,"33, SPORTS (BOULEVARD DE",,,Plein jour,En agglomération,Hors intersection,Normale,Deux véhicules - côté,,,,,,,,,,,1,2,1,1,3
200500019524,0005-04-18 21:25:00,5,4,18,21,25,340,172.0,"sans, RIMBAUD (RUE PAUL)",,,Nuit avec éclairage allumé,En agglomération,Intersection en Y,Temps couvert,Deux véhicules - côté,,,,,,,,,,,5,2,4,8,3
200500019525,0005-04-22 12:45:00,5,4,22,12,45,340,172.0,"12, LEDRU-ROLLIN (BOULEV",,,Plein jour,En agglomération,Hors intersection,Normale,Autre collision,,,,,,,,,,,1,2,1,1,6
200500019526,0005-04-22 18:10:00,5,4,22,18,10,340,172.0,PIREE (AVENUE DU),,,Plein jour,En agglomération,Hors intersection,Normale,Deux véhicules - côté,,,,,,,,,,,1,2,1,1,3
200500019527,0005-04-23 01:00:00,5,4,23,1,0,340,172.0,"3, POESIE (RUE DE LA)",,,Nuit avec éclairage allumé,En agglomération,Hors intersection,Normale,Deux véhicules - côté,,,,,,,,,,,5,2,1,1,3
200500019528,0005-04-22 19:10:00,5,4,22,19,10,340,172.0,GRASSET (AVENUE DU PROFE,,,Plein jour,En agglomération,Intersection en X,Normale,Deux véhicules - côté,,,,,,,,,,,1,2,2,1,3
200500019529,0005-04-23 11:45:00,5,4,23,11,45,340,172.0,"sans, RIEUCOULON (ROND-P",,,Plein jour,Hors agglomération,Hors intersection,Pluie légère,Sans collision,,,,,,,,,,,1,1,1,2,7
200500019530,0005-04-23 18:10:00,5,4,23,18,10,340,172.0,"110, RIMBAUD (RUE PAUL)",,,Plein jour,En agglomération,Hors intersection,Temps couvert,Trois véhicules et plus - en chaîne,,,,,,,,,,,1,2,1,8,4
200500019531,0005-04-25 13:35:00,5,4,25,13,35,340,172.0,CHATEAU D'O (ROND-POINT,,,Plein jour,En agglomération,Giratoire,Normale,Autre collision,,,,,,,,,,,1,2,6,1,6
200500019532,0005-04-26 17:30:00,5,4,26,17,30,340,172.0,PAPIN (RUE DENIS),,,Plein jour,Hors agglomération,Intersection en X,Normale,Deux véhicules - côté,,,,,,,,,,,1,1,2,1,3
200500019533,0005-04-27 15:57:00,5,4,27,15,57,340,129.0,"sans, PALAVAS D986 (ROUT",,,Plein jour,Hors agglomération,Hors intersection,Normale,Sans collision,,,,,,,,,,,1,1,1,1,7
200500019534,0005-04-27 17:21:00,5,4,27,17,21,340,172.0,"2061, TOULOUSE (AVENUE D",,,Plein jour,En agglomération,Hors intersection,Normale,Sans collision,,,,,,,,,,,1,2,1,1,7
200500019535,0005-04-28 20:00:00,5,4,28,20,0,340,172.0,"SANS, HENRI (RUE)",,,Plein jour,En agglomération,Intersection en X,Normale,Deux véhicules - côté,,,,,,,,,,,1,2,2,1,3
200500019536,0005-04-29 19:00:00,5,4,29,19,0,340,172.0,"SANS N°, MOQUIN-TANDON (",,,Plein jour,Hors agglomération,Hors intersection,Normale,Autre collision,,,,,,,,,,,1,1,1,1,6
200500019537,0005-04-30 14:20:00,5,4,30,14,20,340,172.0,"30, ASSAS (AVENUE D')",,,Plein jour,Hors agglomération,Hors intersection,Normale,Deux véhicules - côté,,,,,,,,,,,1,1,1,1,3
200500019538,0005-04-30 18:20:00,5,4,30,18,20,340,198.0,"sans n°, RD N21",,,Plein jour,Hors agglomération,Hors intersection,Normale,Deux véhicules - côté,,,,,,,,,,,1,1,1,1,3
200500019539,0005-04-30 20:25:00,5,4,30,20,25,340,172.0,"4, TOULOUSE (AVENUE DE",,,Crépuscule ou aube,En agglomération,Hors intersection,Normale,Trois véhicules et plus - collisions multiples,,,,,,,,,,,2,2,1,1,5
200500019540,0005-04-30 18:30:00,5,4,30,18,30,340,172.0,PRES D'ARENES (AVENUE DE,,,Plein jour,En agglomération,Hors intersection,Normale,Sans collision,,,,,,,,,,,1,2,1,1,7
200500019541,0005-04-02 20:35:00,5,4,2,20,35,340,108.0,"sans objet, AVENUE DES E",,,Crépuscule ou aube,En agglomération,Hors intersection,Normale,Deux véhicules - côté,,,,,,,,,,,2,2,1,1,3
200500019542,0005-04-07 15:35:00,5,4,7,15,35,340,301.0,"AUCUN, PAVOIS D'OR (QUAI",,,Plein jour,En agglomération,Hors intersection,Normale,Autre collision,,,,,,,,,,,1,2,1,1,6
200500019543,0005-04-22 14:34:00,5,4,22,14,34,340,301.0,"AUCUN, HUGO VICTOR (AVEN",,,Plein jour,En agglomération,Hors intersection,Normale,Deux véhicules - côté,,,,,,,,,,,1,2,1,1,3
200500019544,0005-04-27 16:45:00,5,4,27,16,45,340,108.0,"AUCUN, BALARUC (ROUTE DE",,,Plein jour,En agglomération,Hors intersection,Normale,Autre collision,,,,,,,,,,,1,2,1,1,6
200500019545,0005-04-30 00:10:00,5,4,30,0,10,340,301.0,"AUCUN, MENDES FRANCE PIE",,,Nuit avec éclairage allumé,En agglomération,Hors intersection,Normale,Autre collision,,,,,,,,,,,5,2,1,1,6
200500019546,0005-04-30 17:40:00,5,4,30,17,40,340,108.0,"AUCUN, 81ème R.I. (RUE D",,,Plein jour,En agglomération,Hors intersection,Normale,Deux véhicules - côté,,,,,,,,,,,1,2,1,1,3
200500019547,0005-04-01 12:05:00,5,4,1,12,5,350,238.0,"00, PREVALAYE (CHEMIN DE",,,Plein jour,En agglomération,Hors intersection,Normale,Autre collision,,,,,,,,,,,1,2,1,1,6
200500019548,0005-04-01 20:20:00,5,4,1,20,20,350,238.0,"00, YSER (BD DE L')",,,Plein jour,En agglomération,Hors intersection,Normale,Deux véhicules - arrière,,,,,,,,,,,1,2,1,1,2
200500019549,0005-04-01 13:15:00,5,4,1,13,15,350,238.0,"00, BERNARD (CLAUDE)",,,Plein jour,En agglomération,Hors intersection,Normale,Trois véhicules et plus - en chaîne,,,,,,,,,,,1,2,1,1,4
200500019550,0005-04-05 09:35:00,5,4,5,9,35,350,238.0,"00, BERNARD (CLAUDE)",,,Plein jour,En agglomération,Passage à niveau,Normale,Sans collision,,,,,,,,,,,1,2,8,1,7
200500019551,0005-04-06 04:25:00,5,4,6,4,25,350,281.0,"00, CD 634",,,Nuit avec éclairage allumé,En agglomération,Intersection en T,Normale,Deux véhicules - côté,,,,,,,,,,,5,2,3,1,3
200500019552,0005-04-06 08:00:00,5,4,6,8,0,350,238.0,"00, DE LESSEPS (FERDINAN",,,Crépuscule ou aube,En agglomération,Giratoire,Normale,Deux véhicules - côté,,,,,,,,,,,2,2,6,1,3
200500019553,0005-04-06 14:25:00,5,4,6,14,25,350,238.0,"00, BERGER (AVENUE GASTO",,,Plein jour,En agglomération,Hors intersection,Normale,Autre collision,,,,,,,,,,,1,2,1,1,6
200500019554,0005-04-07 03:00:00,5,4,7,3,0,350,238.0,"00, MARTENOT",,,Nuit avec éclairage allumé,En agglomération,Hors intersection,Pluie légère,Autre collision,,,,,,,,,,,5,2,1,2,6
200500019555,0005-04-07 08:45:00,5,4,7,8,45,350,238.0,ROCADE 9-10,,,Plein jour,En agglomération,Hors intersection,Normale,Deux véhicules - arrière,,,,,,,,,,,1,2,1,1,2
200500019556,0005-04-07 12:05:00,5,4,7,12,5,350,238.0,"85, GERARD (MICHEL)",,,Plein jour,En agglomération,Hors intersection,Normale,Autre collision,,,,,,,,,,,1,2,1,1,6
200500019557,0005-04-07 17:26:00,5,4,7,17,26,350,238.0,"00, VALLES (JULES)",,,Plein jour,En agglomération,Giratoire,Pluie forte,Deux véhicules - côté,,,,,,,,,,,1,2,6,3,3
200500019558,0005-04-08 06:15:00,5,4,8,6,15,350,238.0,"00, ANJOU (D')",,,Nuit avec éclairage allumé,En agglomération,Giratoire,Pluie légère,Autre collision,,,,,,,,,,,5,2,6,2,6
200500019559,0005-04-09 12:45:00,5,4,9,12,45,350,238.0,"00, ROCADE 11-12",,,Plein jour,En agglomération,Hors intersection,Temps couvert,Trois véhicules et plus - en chaîne,,,,,,,,,,,1,2,1,8,4
200500019560,0005-04-09 21:56:00,5,4,9,21,56,350,238.0,"00, NEMOURS ( DE)",,,Nuit avec éclairage allumé,En agglomération,Hors intersection,Normale,Autre collision,,,,,,,,,,,5,2,1,1,6
200500019561,0005-04-10 15:55:00,5,4,10,15,55,350,238.0,"00, TILLON (AVENUE CHARL",,,Plein jour,En agglomération,Hors intersection,Normale,Deux véhicules - arrière,,,,,,,,,,,1,2,1,1,2
200500019562,0005-04-11 16:00:00,5,4,11,16,0,350,238.0,"00, ROCADE 13-14",,,Plein jour,En agglomération,Hors intersection,Normale,Sans collision,,,,,,,,,,,1,2,1,1,7
200500019563,0005-04-13 07:20:00,5,4,13,7,20,350,238.0,"00, ROPARTZ (GUY)",,,Plein jour,En agglomération,Intersection en T,Normale,Autre collision,,,,,,,,,,,1,2,3,1,6
200500019564,0005-04-13 18:20:00,5,4,13,18,20,350,238.0,"03, PRE BOTTE (DU)",,,Plein jour,En agglomération,Hors intersection,Pluie légère,Deux véhicules - arrière,,,,,,,,,,,1,2,1,2,2
200500019565,0005-04-13 18:30:00,5,4,13,18,30,350,238.0,"00, LORIENT (DE)",,,Plein jour,En agglomération,Intersection en T,Pluie légère,Autre collision,,,,,,,,,,,1,2,3,2,6
200500019566,0005-04-14 06:00:00,5,4,14,6,0,350,238.0,"00, SAINT-LOUIS",,,Nuit avec éclairage allumé,En agglomération,Hors intersection,Normale,Autre collision,,,,,,,,,,,5,2,1,1,6
200500019567,0005-04-18 10:50:00,5,4,18,10,50,350,238.0,"00, VALLES (JULES)",,,Plein jour,En agglomération,Hors intersection,Temps couvert,Autre collision,,,,,,,,,,,1,2,1,8,6
200500019568,0005-04-18 17:25:00,5,4,18,17,25,350,238.0,"00, PILATE (RUE DE LA)",,,Plein jour,En agglomération,Giratoire,Normale,Deux véhicules - arrière,,,,,,,,,,,1,2,6,1,2
200500019569,0005-04-22 14:50:00,5,4,22,14,50,350,238.0,"00, CUCILLE (AVENUE DE)",,,Plein jour,En agglomération,Intersection en X,Pluie forte,Deux véhicules - arrière,,,,,,,,,,,1,2,2,3,2
200500019570,0005-04-26 00:15:00,5,4,26,0,15,350,238.0,"00, PREVALAYE (QUAI DE L",,,Nuit avec éclairage allumé,En agglomération,Place,Normale,Autre collision,,,,,,,,,,,5,2,7,1,6
200500019571,0005-04-26 14:10:00,5,4,26,14,10,350,238.0,"00, BARTHOU (AVENUE LOUI",,,Plein jour,En agglomération,Intersection en T,Normale,Deux véhicules - côté,,,,,,,,,,,1,2,3,1,3
200500019572,0005-04-26 16:00:00,5,4,26,16,0,350,278.0,"00, RD 29",,,Plein jour,En agglomération,Hors intersection,Normale,Deux véhicules - frontale,,,,,,,,,,,1,2,1,1,1
200500019573,0005-04-26 17:15:00,5,4,26,17,15,350,238.0,"00, SAINT-HELIER",,,Plein jour,En agglomération,Hors intersection,Pluie légère,Deux véhicules - côté,,,,,,,,,,,1,2,1,2,3
200500019574,0005-04-27 14:00:00,5,4,27,14,0,350,238.0,"00, CHATEAU (AVENUE FRAN",,,Plein jour,En agglomération,Hors intersection,Normale,Deux véhicules - arrière,,,,,,,,,,,1,2,1,1,2
200500019575,0005-04-27 14:25:00,5,4,27,14,25,350,238.0,ROCADE 5-6,,,Plein jour,En agglomération,Hors intersection,Normale,Autre collision,,,,,,,,,,,1,2,1,1,6
200500019576,0005-04-28 16:00:00,5,4,28,16,0,350,238.0,"00, LEFAS (ALEXANDRE)",,,Plein jour,En agglomération,Intersection en X,Normale,Deux véhicules - côté,,,,,,,,,,,1,2,2,1,3
200500019577,0005-04-29 09:15:00,5,4,29,9,15,350,238.0,"82, VILLEBOIS MAREUIL (B",,,Plein jour,En agglomération,Giratoire,Normale,Deux véhicules - côté,,,,,,,,,,,1,2,6,1,3
200500019578,0005-04-29 12:30:00,5,4,29,12,30,350,238.0,"00, SAINT-HELIER",,,Plein jour,En agglomération,Intersection en X,Normale,Deux véhicules - côté,,,,,,,,,,,1,2,2,1,3
200500019579,0005-04-08 11:40:00,5,4,8,11,40,350,288.0,POINCARE (PLACE),,,Plein jour,En agglomération,Hors intersection,Normale,Deux véhicules - arrière,,,,,,,,,,,1,2,1,1,2
200500019580,0005-04-06 17:00:00,5,4,6,17,0,350,288.0,TALARDS (BOULEVARD DES),,,Plein jour,En agglomération,Hors intersection,Normale,Deux véhicules - arrière,,,,,,,,,,,1,2,1,1,2
200500019581,0005-04-07 21:10:00,5,4,7,21,10,350,288.0,COUBERTIN PIERRE (RUE ),,,Crépuscule ou aube,En agglomération,Giratoire,Normale,Deux véhicules - côté,,,,,,,,,,,2,2,6,1,3
200500019582,0005-04-08 09:00:00,5,4,8,9,0,350,288.0,CD168,,,Plein jour,En agglomération,Intersection en X,Pluie légère,Trois véhicules et plus - collisions multiples,,,,,,,,,,,1,2,2,2,5
200500019583,0005-04-13 12:20:00,5,4,13,12,20,350,288.0,"26, GOUYON MATIGNON (RUE",,,Plein jour,En agglomération,Intersection en X,Normale,Deux véhicules - côté,,,,,,,,,,,1,2,2,1,3
200500019584,0005-04-09 18:00:00,5,4,9,18,0,350,288.0,MARE LA (ZONE D'ACTIVITE,,,Plein jour,En agglomération,Hors intersection,Normale,Deux véhicules - côté,,,,,,,,,,,1,2,1,1,3
200500019585,0005-04-15 10:25:00,5,4,15,10,25,350,288.0,"37, JAURES JEAN (AVENUE)",,,Plein jour,En agglomération,Hors intersection,Normale,Sans collision,,,,,,,,,,,1,2,1,1,7
200500019586,0005-04-15 23:55:00,5,4,15,23,55,350,288.0,CHATEAUBRIAND (BOULEVARD,,,Nuit avec éclairage non allumé,En agglomération,Intersection en X,Normale,Deux véhicules - côté,,,,,,,,,,,4,2,2,1,3
200500019587,0005-04-15 19:50:00,5,4,15,19,50,350,288.0,"000, BALUE (RUE DE LA)",,,Plein jour,En agglomération,Hors intersection,Normale,Deux véhicules - côté,,,,,,,,,,,1,2,1,1,3
200500019588,0005-04-14 16:40:00,5,4,14,16,40,350,288.0,FLAUDAIS (AVENUE DE LA),,,Plein jour,En agglomération,Hors intersection,Normale,Sans collision,,,,,,,,,,,1,2,1,1,7
200500019589,0005-04-19 11:55:00,5,4,19,11,55,350,288.0,TALARDS (BOULEVARD DES),,,Plein jour,En agglomération,Hors intersection,Normale,Deux véhicules - arrière,,,,,,,,,,,1,2,1,1,2