accident_id,datetime,annee,mois,jour,heure,minute,departement,commune_insee,adresse,latitude,longitude,luminosite,agglomeration,intersection,meteo,collision,nb_vehicules,nb_usagers,nb_indemnes,nb_tues,nb_blesses_hosp,nb_blesses_legers,age_cond_1,age_cond_2,veh_type_cond_1,veh_type_cond_2,lum_code,agg_code,int_code,atm_code,col_code
200500019982,0005-04-09 15:25:00,5,4,9,15,25,540,578.0,"1, LIBERATION (RUE DE LA",,,Plein jour,En agglomération,Intersection en T,Normale,Autre collision,,,,,,,,,,,1,2,3,1,6
200500019983,0005-04-09 16:20:00,5,4,9,16,20,540,395.0,"1, CARNOT (PLACE)",,,Plein jour,En agglomération,Intersection en X,Normale,Autre collision,,,,,,,,,,,1,2,2,1,6
200500019984,0005-04-10 05:45:00,5,4,10,5,45,540,547.0,BOURGOGNE (AVENUE DE),,,Nuit avec éclairage allumé,En agglomération,Hors intersection,Normale,Trois véhicules et plus - en chaîne,,,,,,,,,,,5,2,1,1,4
200500019985,0005-04-10 12:30:00,5,4,10,12,30,540,395.0,"1, LIBERATION (AVENUE DE",,,Plein jour,En agglomération,Intersection en T,Pluie légère,Autre collision,,,,,,,,,,,1,2,3,2,6
200500019986,0005-04-10 22:39:00,5,4,10,22,39,540,395.0,"1, METZ (RUE DE)",,,Nuit avec éclairage allumé,En agglomération,Intersection en X,Normale,Deux véhicules - côté,,,,,,,,,,,5,2,2,1,3
200500019987,0005-04-13 09:00:00,5,4,13,9,0,540,395.0,ARMEE PATTON (RUE DE L'),,,Plein jour,En agglomération,Hors intersection,Normale,Autre collision,,,,,,,,,,,1,2,1,1,6
200500019988,0005-04-13 10:35:00,5,4,13,10,35,540,395.0,"13, SAINT LEON (RUE ET E",,,Plein jour,En agglomération,Intersection en X,Normale,Autre collision,,,,,,,,,,,1,2,2,1,6
200500019989,0005-04-14 08:45:00,5,4,14,8,45,540,547.0,PARISOT (RUE DU DOYEN JA,,,Plein jour,En agglomération,Hors intersection,Normale,Autre collision,,,,,,,,,,,1,2,1,1,6
200500019990,0005-04-15 09:20:00,5,4,15,9,20,540,357.0,"1, RD 30",,,Plein jour,En agglomération,Hors intersection,Pluie légère,Autre collision,,,,,,,,,,,1,2,1,2,6
200500019991,0005-04-15 18:20:00,5,4,15,18,20,540,395.0,FAUBOURG DES TROIS MAISO,,,Plein jour,En agglomération,Hors intersection,Pluie forte,Autre collision,,,,,,,,,,,1,2,1,3,6
200500019992,0005-04-16 08:10:00,5,4,16,8,10,540,395.0,ISABEY (RUE),,,Plein jour,En agglomération,Intersection en X,Normale,Autre collision,,,,,,,,,,,1,2,2,1,6
200500019993,0005-04-17 01:00:00,5,4,17,1,0,540,184.0,FOCH (AVENUE),,,Nuit avec éclairage allumé,En agglomération,Intersection en X,Pluie forte,Deux véhicules - côté,,,,,,,,,,,5,2,2,3,3
200500019994,0005-04-19 16:25:00,5,4,19,16,25,540,395.0,"61, FOCH (AVENUE 18 ET 9",,,Plein jour,En agglomération,Intersection en T,Normale,Autre collision,,,,,,,,,,,1,2,3,1,6
200500019995,0005-04-20 05:30:00,5,4,20,5,30,540,300.0,BIZE (RUE GILBERT),,,Nuit avec éclairage allumé,En agglomération,Hors intersection,Normale,Autre collision,,,,,,,,,,,5,2,1,1,6
200500019996,0005-04-22 15:55:00,5,4,22,15,55,540,395.0,FAUBOURG DES TROIS MAISO,,,Plein jour,En agglomération,Hors intersection,Normale,Autre collision,,,,,,,,,,,1,2,1,1,6
200500019997,0005-04-22 16:50:00,5,4,22,16,50,540,184.0,FOCH (AVENUE),,,Plein jour,En agglomération,Hors intersection,Normale,Autre collision,,,,,,,,,,,1,2,1,1,6
200500019998,0005-04-23 16:50:00,5,4,23,16,50,540,547.0,LECLERC (AVENUE DU GENER,,,Plein jour,En agglomération,Intersection en X,Normale,Sans collision,,,,,,,,,,,1,2,2,1,7
200500019999,0005-04-26 21:50:00,5,4,26,21,50,540,304.0,RESISTANCE (AV. DE LA -I,,,Nuit avec éclairage allumé,En agglomération,Hors intersection,Normale,Deux véhicules - côté,,,,,,,,,,,5,2,1,1,3
200500020000,0005-04-27 07:50:00,5,4,27,7,50,540,357.0,"62, METZ (ROUTE DE)",,,Plein jour,En agglomération,Hors intersection,Normale,Autre collision,,,,,,,,,,,1,2,1,1,6
200500020001,0005-04-27 03:00:00,5,4,27,3,0,540,395.0,"120, MARECHAUX (RUE DES)",,,Nuit avec éclairage allumé,En agglomération,Hors intersection,Normale,Autre collision,,,,,,,,,,,5,2,1,1,6
200500020002,0005-04-25 19:30:00,5,4,25,19,30,540,395.0,MANGIN (AVENUE DU GENERA,,,Plein jour,En agglomération,Hors intersection,Normale,Autre collision,,,,,,,,,,,1,2,1,1,6
200500020003,0005-04-28 18:45:00,5,4,28,18,45,540,395.0,"05, SERRE (RUE DE)",,,Plein jour,En agglomération,Hors intersection,Normale,Autre collision,,,,,,,,,,,1,2,1,1,6
200500020004,0005-04-29 15:20:00,5,4,29,15,20,540,578.0,"31, AIGUILLETTES  (BD 1",,,Plein jour,En agglomération,Hors intersection,Normale,Sans collision,,,,,,,,,,,1,2,1,1,7
200500020005,0005-04-29 15:35:00,5,4,29,15,35,540,547.0,BARTHOU (BD LOUIS),,,Plein jour,En agglomération,Hors intersection,Normale,Sans collision,,,,,,,,,,,1,2,1,1,7
200500020006,0005-04-29 18:50:00,5,4,29,18,50,540,300.0,"1, BIZE (RUE GILBERT)",,,Plein jour,En agglomération,Hors intersection,Normale,Autre collision,,,,,,,,,,,1,2,1,1,6
200500020007,0005-04-30 04:55:00,5,4,30,4,55,540,257.0,"1, ERABLES (AVENUE DES)",,,Nuit avec éclairage allumé,En agglomération,Intersection en X,Normale,Autre collision,,,,,,,,,,,5,2,2,1,6
200500020008,0005-04-30 11:35:00,5,4,30,11,35,540,304.0,BOIS GRONEE (AVENUE DU),,,Plein jour,En agglomération,Hors intersection,Normale,Autre collision,,,,,,,,,,,1,2,1,1,6
200500020009,0005-04-30 19:00:00,5,4,30,19,0,540,547.0,LECLERC (AV. DU GENERAL,,,Plein jour,En agglomération,Hors intersection,Normale,Autre collision,,,,,,,,,,,1,2,1,1,6
200500020010,0005-04-14 14:25:00,5,4,14,14,25,540,79.0,ROMAINS (RUE DU FORT DES,,,Plein jour,En agglomération,Hors intersection,Normale,Deux véhicules - frontale,,,,,,,,,,,1,2,1,1,1
200500020011,0005-04-04 14:50:00,5,4,4,14,50,540,528.0,GENERAL BIGEARD (AVENUE),,,Plein jour,En agglomération,Intersection en Y,Normale,Autre collision,,,,,,,,,,,1,2,4,1,6
200500020012,0005-04-20 19:00:00,5,4,20,19,0,540,528.0,VERDUN,,,Plein jour,En agglomération,Hors intersection,Pluie légère,Deux véhicules - côté,,,,,,,,,,,1,2,1,2,3
200500020013,0005-04-12 17:30:00,5,4,12,17,30,540,528.0,MICHATEL,,,Plein jour,En agglomération,Hors intersection,Normale,Autre collision,,,,,,,,,,,1,2,1,1,6
200500020014,0005-04-28 12:25:00,5,4,28,12,25,540,528.0,VILLEY SAINT ETIENNE (RO,,,Plein jour,En agglomération,Hors intersection,Normale,Deux véhicules - arrière,,,,,,,,,,,1,2,1,1,2
200500020015,0005-04-28 14:15:00,5,4,28,14,15,540,167.0,FOCH (AVENUE),,,Plein jour,En agglomération,Hors intersection,Normale,Deux véhicules - arrière,,,,,,,,,,,1,2,1,1,2
200500020016,0005-04-24 19:55:00,5,4,24,19,55,540,96.0,DEPARTEMENTAL 27 (CHEMIN,,,Plein jour,En agglomération,Hors intersection,Normale,Sans collision,,,,,,,,,,,1,2,1,1,7
200500020017,0005-04-30 00:10:00,5,4,30,0,10,540,580.0,LIBERATION (AVENUE DE LA,,,Nuit avec éclairage allumé,En agglomération,Intersection en T,Normale,Deux véhicules - côté,,,,,,,,,,,5,2,3,1,3
200500020018,0005-04-27 20:10:00,5,4,27,20,10,550,29.0,"73, POINCARE ( BOULEVARD",,,Nuit avec éclairage allumé,En agglomération,Hors intersection,Normale,Autre collision,,,,,,,,,,,5,2,1,1,6
200500020019,0005-04-30 14:40:00,5,4,30,14,40,550,29.0,SCHUMAN ( RUE ROBERT ),,,Plein jour,En agglomération,Hors intersection,Normale,Deux véhicules - frontale,,,,,,,,,,,1,2,1,1,1
200500020020,0005-04-30 16:40:00,5,4,30,16,40,550,476.0,"1, PONT DAMMARIE (ROUTE",,,Plein jour,En agglomération,Hors intersection,Normale,Deux véhicules - frontale,,,,,,,,,,,1,2,1,1,1
200500020021,0005-04-30 21:45:00,5,4,30,21,45,550,29.0,"28, POINCARE ( BOULEVARD",,,Nuit avec éclairage allumé,En agglomération,Hors intersection,Normale,Deux véhicules - arrière,,,,,,,,,,,5,2,1,1,2
200500020022,0005-04-01 16:10:00,5,4,1,16,10,550,545.0,ECLUSE ( DE L' ),,,Plein jour,En agglomération,Hors intersection,Normale,Deux véhicules - côté,,,,,,,,,,,1,2,1,1,3
200500020023,0005-04-08 16:40:00,5,4,8,16,40,550,545.0,EPARGES ( AVENUE DES ),,,Plein jour,En agglomération,Intersection en T,Temps couvert,Deux véhicules - côté,,,,,,,,,,,1,2,3,8,3
200500020024,0005-04-10 21:40:00,5,4,10,21,40,550,545.0,SAINT PAUL,,,Crépuscule ou aube,En agglomération,Hors intersection,Normale,Sans collision,,,,,,,,,,,2,2,1,1,7
200500020025,0005-04-12 09:50:00,5,4,12,9,50,550,545.0,QUARANTE DEUXIEME DIVISI,,,Plein jour,En agglomération,Intersection en X,Normale,Deux véhicules - côté,,,,,,,,,,,1,2,2,1,3
200500020026,0005-04-12 17:10:00,5,4,12,17,10,550,545.0,JULES FERRY ( AVENUE ),,,Plein jour,En agglomération,Intersection en T,Normale,Deux véhicules - côté,,,,,,,,,,,1,2,3,1,3
200500020027,0005-04-18 04:39:00,5,4,18,4,39,550,545.0,PIERRE GOUBET ET JEAN VA,,,Nuit avec éclairage non allumé,En agglomération,Hors intersection,Normale,Sans collision,,,,,,,,,,,4,2,1,1,7
200500020028,0005-04-25 08:20:00,5,4,25,8,20,550,545.0,COLONEL DRIANT ( RUE ),,,Plein jour,En agglomération,Hors intersection,Normale,Deux véhicules - frontale,,,,,,,,,,,1,2,1,1,1
200500020029,0005-04-01 19:20:00,5,4,1,19,20,560,121.0,"07, VILLENEUVE (RUE  DE",,,Plein jour,En agglomération,Hors intersection,Normale,Autre collision,,,,,,,,,,,1,2,1,1,6
200500020030,0005-04-02 14:25:00,5,4,2,14,25,560,121.0,"00, VAUBAN (RUE  DE )",,,Plein jour,En agglomération,Intersection en X,Normale,Autre collision,,,,,,,,,,,1,2,2,1,6
200500020031,0005-04-03 15:20:00,5,4,3,15,20,560,98.0,"00, PEN MANE (RUE DE)",,,Plein jour,En agglomération,Hors intersection,Pluie légère,Sans collision,,,,,,,,,,,1,2,1,2,7
200500020032,0005-04-04 18:10:00,5,4,4,18,10,560,98.0,"00, MITTERAND ( AV. FRAN",,,Plein jour,En agglomération,Hors intersection,Pluie forte,Deux véhicules - côté,,,,,,,,,,,1,2,1,3,3
200500020033,0005-04-06 12:25:00,5,4,6,12,25,560,121.0,K2,,,Plein jour,En agglomération,Autre intersection,Temps couvert,Deux véhicules - côté,,,,,,,,,,,1,2,9,8,3
200500020034,0005-04-07 12:21:00,5,4,7,12,21,560,162.0,"00, DOLMEN (RUE DU)",,,Plein jour,En agglomération,Intersection en X,Normale,Deux véhicules - côté,,,,,,,,,,,1,2,2,1,3
200500020035,0005-04-07 12:34:00,5,4,7,12,34,560,83.0,"140, FOCH ( PL. MARECHAL",,,Plein jour,En agglomération,Hors intersection,Normale,Deux véhicules - arrière,,,,,,,,,,,1,2,1,1,2
200500020036,0005-04-09 16:30:00,5,4,9,16,30,560,121.0,"00, TOULLEC (RUE  FRANCO",,,Plein jour,En agglomération,Hors intersection,Normale,Deux véhicules - arrière,,,,,,,,,,,1,2,1,1,2
200500020037,0005-04-10 05:25:00,5,4,10,5,25,560,121.0,"00, KERVENANEC (RUE  DE",,,Nuit avec éclairage allumé,En agglomération,Hors intersection,Normale,Sans collision,,,,,,,,,,,5,2,1,1,7
200500020038,0005-04-11 12:56:00,5,4,11,12,56,560,98.0,"27, JAURES (RUE  JEAN )",,,Plein jour,En agglomération,Intersection en T,Normale,Deux véhicules - côté,,,,,,,,,,,1,2,3,1,3
200500020039,0005-04-11 18:15:00,5,4,11,18,15,560,121.0,"00, KERFORN (RUE ET PLAC",,,Plein jour,En agglomération,Intersection en T,Normale,Deux véhicules - côté,,,,,,,,,,,1,2,3,1,3
200500020040,0005-04-12 08:09:00,5,4,12,8,9,560,83.0,"00, REPUBLIQUE ( AV. DE",,,Plein jour,En agglomération,Intersection en X,Normale,Sans collision,,,,,,,,,,,1,2,2,1,7
200500020041,0005-04-09 09:52:00,5,4,9,9,52,560,121.0,"03, LECLERC ( BD GENERAL",,,Plein jour,En agglomération,Hors intersection,Temps couvert,Sans collision,,,,,,,,,,,1,2,1,8,7
200500020042,0005-04-13 12:57:00,5,4,13,12,57,560,121.0,"00, PERRIERE ( AV DE LA",,,Plein jour,En agglomération,Intersection en X,Pluie légère,Deux véhicules - côté,,,,,,,,,,,1,2,2,2,3
200500020043,0005-04-14 08:49:00,5,4,14,8,49,560,162.0,"00, QUEVEN (ROUTE DE)",,,Plein jour,En agglomération,Hors intersection,Normale,Sans collision,,,,,,,,,,,1,2,1,1,7
200500020044,0005-04-14 14:28:00,5,4,14,14,28,560,121.0,"00, SCORFF ( BD DU )",,,Plein jour,En agglomération,Intersection en X,Normale,Deux véhicules - côté,,,,,,,,,,,1,2,2,1,3
200500020045,0005-04-14 16:43:00,5,4,14,16,43,560,121.0,"00, INDES ( IMP. DES )",,,Plein jour,En agglomération,Intersection en T,Normale,Deux véhicules - côté,,,,,,,,,,,1,2,3,1,3
200500020046,0005-04-17 20:00:00,5,4,17,20,0,560,107.0,"00, ROUTE DEPARTEMENTALE",,,Plein jour,En agglomération,Giratoire,Pluie légère,Sans collision,,,,,,,,,,,1,2,6,2,7
200500020047,0005-04-18 21:40:00,5,4,18,21,40,560,121.0,"28, JAURES ( AVE JEAN )",,,Nuit avec éclairage allumé,En agglomération,Hors intersection,Normale,Sans collision,,,,,,,,,,,5,2,1,1,7
200500020048,0005-04-17 05:10:00,5,4,17,5,10,560,121.0,"00, FAVEREAU (RUE DE L'",,,Nuit avec éclairage allumé,En agglomération,Hors intersection,Normale,Autre collision,,,,,,,,,,,5,2,1,1,6
200500020049,0005-04-19 15:02:00,5,4,19,15,2,560,121.0,"00, FRANCE ( AVE ANATOLE",,,Plein jour,En agglomération,Intersection en X,Normale,Deux véhicules - côté,,,,,,,,,,,1,2,2,1,3
200500020050,0005-04-19 16:57:00,5,4,19,16,57,560,121.0,"00, INDES ( QUAI DES )",,,Plein jour,En agglomération,Intersection en T,Pluie légère,Sans collision,,,,,,,,,,,1,2,3,2,7
200500020051,0005-04-20 19:20:00,5,4,20,19,20,560,121.0,"24, MONISTROL (RUE)",,,Plein jour,En agglomération,Hors intersection,Normale,Autre collision,,,,,,,,,,,1,2,1,1,6
200500020052,0005-04-21 14:44:00,5,4,21,14,44,560,121.0,"00, LECLERC ( BD GENERAL",,,Plein jour,En agglomération,Intersection en T,Normale,Deux véhicules - côté,,,,,,,,,,,1,2,3,1,3
200500020053,0005-04-21 15:40:00,5,4,21,15,40,560,121.0,"00, ROHAN ( Q DE )",,,Plein jour,En agglomération,Hors intersection,Normale,Trois véhicules et plus - collisions multiples,,,,,,,,,,,1,2,1,1,5
200500020054,0005-04-23 16:40:00,5,4,23,16,40,560,162.0,"00, KERGOHEL",,,Plein jour,En agglomération,Hors intersection,Normale,Sans collision,,,,,,,,,,,1,2,1,1,7
200500020055,0005-04-23 21:30:00,5,4,23,21,30,560,121.0,"00, TOULLEC (RUE  FRANCO",,,Nuit avec éclairage allumé,En agglomération,Intersection en X,Normale,Deux véhicules - côté,,,,,,,,,,,5,2,2,1,3
200500020056,0005-04-23 19:35:00,5,4,23,19,35,560,83.0,"57, REPUBLIQUE ( AV. DE",,,Plein jour,En agglomération,Intersection en T,Normale,Autre collision,,,,,,,,,,,1,2,3,1,6
200500020057,0005-04-23 22:25:00,5,4,23,22,25,560,121.0,"36, BLUM ( BD LEON )",,,Nuit avec éclairage allumé,En agglomération,Hors intersection,Normale,Deux véhicules - côté,,,,,,,,,,,5,2,1,1,3
200500020058,0005-04-24 19:25:00,5,4,24,19,25,560,98.0,"00, GAGARINE (RUE  YOURI",,,Plein jour,En agglomération,Giratoire,Normale,Deux véhicules - côté,,,,,,,,,,,1,2,6,1,3
200500020059,0005-04-26 16:23:00,5,4,26,16,23,560,83.0,"47, ALLENDE ( AV. PRES.",,,Plein jour,En agglomération,Hors intersection,Normale,Deux véhicules - côté,,,,,,,,,,,1,2,1,1,3
200500020060,0005-04-27 00:25:00,5,4,27,0,25,560,121.0,"00, MONISTROL (RUE)",,,Nuit avec éclairage allumé,En agglomération,Intersection en X,Normale,Deux véhicules - arrière,,,,,,,,,,,5,2,2,1,2
200500020061,0005-04-28 17:45:00,5,4,28,17,45,560,121.0,"06, NORMANDIE ( BD ET IM",,,Plein jour,En agglomération,Hors intersection,Normale,Autre collision,,,,,,,,,,,1,2,1,1,6
200500020062,0005-04-29 12:30:00,5,4,29,12,30,560,98.0,"27, JAURES (RUE  JEAN )",,,Plein jour,En agglomération,Hors intersection,Normale,Deux véhicules - côté,,,,,,,,,,,1,2,1,1,3
200500020063,0005-04-29 16:16:00,5,4,29,16,16,560,121.0,"00, DUNANT (RUE  HENRI )",,,Plein jour,En agglomération,Intersection en X,Normale,Deux véhicules - côté,,,,,,,,,,,1,2,2,1,3
200500020064,0005-04-06 12:10:00,5,4,6,12,10,560,260.0,"0, FROMENTIN(RUE DU LIEU",,,Plein jour,En agglomération,Intersection en T,Normale,Deux véhicules - arrière,,,,,,,,,,,1,2,3,1,2
200500020065,0005-04-12 15:00:00,5,4,12,15,0,560,260.0,RN 166 -SENS VANNES / RE,,,Plein jour,En agglomération,Hors intersection,Normale,Autre collision,,,,,,,,,,,1,2,1,1,6
200500020066,0005-04-13 12:10:00,5,4,13,12,10,560,260.0,PAIX(BLD DE LA) 1 A 39,,,Plein jour,En agglomération,Hors intersection,Normale,Trois véhicules et plus - collisions multiples,,,,,,,,,,,1,2,1,1,5
200500020067,0005-04-29 18:45:00,5,4,29,18,45,560,260.0,WILSON(AVENUE),,,Plein jour,En agglomération,Intersection en T,Normale,Deux véhicules - côté,,,,,,,,,,,1,2,3,1,3
200500020068,0005-04-29 15:33:00,5,4,29,15,33,560,260.0,PONTIVY(BOULEVARD DE),,,Plein jour,En agglomération,Hors intersection,Normale,Trois véhicules et plus - en chaîne,,,,,,,,,,,1,2,1,1,4
200500020069,0005-04-04 12:10:00,5,4,4,12,10,560,260.0,"16, DECKER(PLACE THEODOR",,,Plein jour,En agglomération,Intersection en X,Normale,Deux véhicules - côté,,,,,,,,,,,1,2,2,1,3
200500020070,0005-04-16 12:15:00,5,4,16,12,15,560,260.0,LUSCANEN(GIRATOIRE DE),,,Plein jour,En agglomération,Giratoire,Normale,Deux véhicules - côté,,,,,,,,,,,1,2,6,1,3
200500020071,0005-04-16 14:10:00,5,4,16,14,10,560,260.0,MONNET(AVENUE JEAN),,,Plein jour,En agglomération,Intersection en X,Normale,Deux véhicules - côté,,,,,,,,,,,1,2,2,1,3
200500020072,0005-04-23 18:45:00,5,4,23,18,45,560,260.0,"22, MAURY(RUE DU LIEUTEN",,,Plein jour,En agglomération,Hors intersection,Normale,Deux véhicules - arrière,,,,,,,,,,,1,2,1,1,2
200500020073,0005-04-26 15:55:00,5,4,26,15,55,560,260.0,RACKER(GIRATOIRE DU),,,Plein jour,En agglomération,Autre intersection,Normale,Autre collision,,,,,,,,,,,1,2,9,1,6
200500020074,0005-04-27 19:05:00,5,4,27,19,5,560,260.0,"., MARNE(AVENUE DE LA) M",,,Plein jour,En agglomération,Hors intersection,Normale,Autre collision,,,,,,,,,,,1,2,1,1,6
200500020075,0005-04-12 16:45:00,5,4,12,16,45,560,260.0,"0, PONTIVY(BOULEVARD DE)",,,Plein jour,En agglomération,Hors intersection,Normale,Autre collision,,,,,,,,,,,1,2,1,1,6
200500020076,0005-04-19 14:20:00,5,4,19,14,20,560,260.0,"0, POMPIDOU(GIRATOIRE)",,,Plein jour,En agglomération,Autre intersection,Normale,Deux véhicules - arrière,,,,,,,,,,,1,2,9,1,2
200500020077,0005-04-01 16:15:00,5,4,1,16,15,570,227.0,FORET(RUE DE LA)RUE ST C,,,Plein jour,En agglomération,Intersection en T,Normale,Autre collision,,,,,,,,,,,1,2,3,1,6
200500020078,0005-04-10 10:30:00,5,4,10,10,30,570,227.0,NATIONALE(RUE)GIRAT.MERL,,,Plein jour,En agglomération,Hors intersection,Pluie légère,Deux véhicules - côté,,,,,,,,,,,1,2,1,2,3
200500020079,0005-04-16 09:10:00,5,4,16,9,10,570,537.0,POINCARE(AVENUE),,,Plein jour,En agglomération,Intersection en X,Normale,Deux véhicules - côté,,,,,,,,,,,1,2,2,1,3
200500020080,0005-04-18 19:15:00,5,4,18,19,15,570,227.0,SCHOENECK(RUE DE ),,,Plein jour,En agglomération,Intersection en Y,Temps couvert,Deux véhicules - côté,,,,,,,,,,,1,2,4,8,3
200500020081,0005-04-22 07:50:00,5,4,22,7,50,570,227.0,MOULINS(RUE DES),,,Plein jour,En agglomération,Hors intersection,Normale,Deux véhicules - arrière,,,,,,,,,,,1,2,1,1,2
200500020082,0005-04-25 10:30:00,5,4,25,10,30,570,660.0,NATONALE(RUE)DE LA R.ST,,,Plein jour,En agglomération,Intersection en X,Normale,Deux véhicules - côté,,,,,,,,,,,1,2,2,1,3
200500020083,0005-04-27 16:25:00,5,4,27,16,25,570,227.0,NATIONALE(RUE)GIRAT.MERL,,,Plein jour,En agglomération,Hors intersection,Temps éblouissant,Deux véhicules - côté,,,,,,,,,,,1,2,1,7,3
200500020084,0005-04-28 14:25:00,5,4,28,14,25,570,660.0,VERDUN (RUE DE ),,,Plein jour,En agglomération,Intersection en X,Normale,Deux véhicules - côté,,,,,,,,,,,1,2,2,1,3
200500020085,0005-04-30 12:00:00,5,4,30,12,0,570,660.0,NATIONALE(RUE)LIMITE FOR,,,Plein jour,En agglomération,Hors intersection,Normale,Autre collision,,,,,,,,,,,1,2,1,1,6
200500020086,0005-04-22 07:10:00,5,4,22,7,10,570,19.0,CD 47,,,Crépuscule ou aube,En agglomération,Intersection en T,Normale,Deux véhicules - côté,,,,,,,,,,,2,2,3,1,3
200500020087,0005-04-25 20:00:00,5,4,25,20,0,570,19.0,"10, HAUTS FOURNEAUX (RUE",,,Plein jour,En agglomération,Intersection en X,Pluie légère,Deux véhicules - côté,,,,,,,,,,,1,2,2,2,3
200500020088,0005-04-02 22:05:00,5,4,2,22,5,570,463.0,"00, VERDUN (RUE DE )",,,Nuit avec éclairage allumé,En agglomération,Intersection en X,Normale,Deux véhicules - côté,,,,,,,,,,,5,2,2,1,3
200500020089,0005-04-03 14:00:00,5,4,3,14,0,570,480.0,", SAINT EXUPERY (RUE )",,,Plein jour,En agglomération,Intersection en T,Normale,Deux véhicules - côté,,,,,,,,,,,1,2,3,1,3
200500020090,0005-04-04 16:30:00,5,4,4,16,30,570,463.0,"34, ALSACE (BOULEVARD D'",,,Plein jour,En agglomération,Hors intersection,Normale,Autre collision,,,,,,,,,,,1,2,1,1,6
200500020091,0005-04-07 07:50:00,5,4,7,7,50,570,463.0,STRASBOURG (AVENUE DE ),,,Crépuscule ou aube,En agglomération,Autre intersection,Pluie légère,Autre collision,,,,,,,,,,,2,2,9,2,6
200500020092,0005-04-10 22:15:00,5,4,10,22,15,570,463.0,"2, ALCAN (RUE)",,,Nuit avec éclairage allumé,En agglomération,Hors intersection,Normale,Autre collision,,,,,,,,,,,5,2,1,1,6
200500020093,0005-04-11 11:55:00,5,4,11,11,55,570,463.0,"4, BEROUARD (RUE )",,,Plein jour,En agglomération,Hors intersection,Normale,Autre collision,,,,,,,,,,,1,2,1,1,6
200500020094,0005-04-11 18:00:00,5,4,11,18,0,570,463.0,"33, STRASBOURG (AVENUE D",,,Plein jour,En agglomération,Hors intersection,Normale,Deux véhicules - côté,,,,,,,,,,,1,2,1,1,3
200500020095,0005-04-15 09:55:00,5,4,15,9,55,570,463.0,"2, ROYALE (RUE )",,,Plein jour,En agglomération,Hors intersection,Pluie légère,Autre collision,,,,,,,,,,,1,2,1,2,6
200500020096,0005-04-15 17:45:00,5,4,15,17,45,570,463.0,"00, SAINTE BARBE (RUE )",,,Plein jour,En agglomération,Hors intersection,Normale,Autre collision,,,,,,,,,,,1,2,1,1,6
200500020097,0005-04-16 21:10:00,5,4,16,21,10,570,447.0,"00, SAINT SYMPHORIEN (BO",,,Nuit sans éclairage public,En agglomération,Intersection en T,Autre,Deux véhicules - côté,,,,,,,,,,,3,2,3,9,3
200500020098,0005-04-20 12:50:00,5,4,20,12,50,570,463.0,"00, VERDUN (RUE DE )",,,Plein jour,En agglomération,Intersection en X,Temps couvert,Deux véhicules - côté,,,,,,,,,,,1,2,2,8,3
200500020099,0005-04-20 13:55:00,5,4,20,13,55,570,463.0,"00, DEUX FONTAINES (AVEN",,,Plein jour,En agglomération,Hors intersection,Pluie légère,Autre collision,,,,,,,,,,,1,2,1,2,6
200500020100,0005-04-22 23:40:00,5,4,22,23,40,570,463.0,"00, EDGAR REYLE (RUE )",,,Nuit avec éclairage allumé,En agglomération,Intersection en T,Normale,Deux véhicules - côté,,,,,,,,,,,5,2,3,1,3
200500020101,0005-04-25 19:55:00,5,4,25,19,55,570,480.0,"00, LITALDUS (RUE )",,,Crépuscule ou aube,En agglomération,Intersection en T,Pluie légère,Deux véhicules - côté,,,,,,,,,,,2,2,3,2,3
200500020102,0005-04-26 20:10:00,5,4,26,20,10,570,463.0,"00, GEORGES DUCROCQ (RUE",,,Crépuscule ou aube,En agglomération,Intersection en X,Normale,Deux véhicules - côté,,,,,,,,,,,2,2,2,1,3
200500020103,0005-04-27 15:40:00,5,4,27,15,40,570,463.0,"00, WINSTON CHURCHILL (R",,,Plein jour,En agglomération,Hors intersection,Normale,Autre collision,,,,,,,,,,,1,2,1,1,6
200500020104,0005-04-28 16:00:00,5,4,28,16,0,570,463.0,"00, FELIX MARECHAL (QUAI",,,Plein jour,En agglomération,Hors intersection,Normale,Autre collision,,,,,,,,,,,1,2,1,1,6
200500020105,0005-04-30 03:40:00,5,4,30,3,40,570,463.0,"00, LORRY (ROUTE DE )",,,Nuit avec éclairage allumé,En agglomération,Hors intersection,Normale,Autre collision,,,,,,,,,,,5,2,1,1,6
200500020106,0005-04-30 02:25:00,5,4,30,2,25,570,463.0,"13, SOUS LES VIGNES (CHE",,,Nuit avec éclairage allumé,En agglomération,Hors intersection,Normale,Autre collision,,,,,,,,,,,5,2,1,1,6
200500020107,0005-04-19 13:50:00,5,4,19,13,50,570,606.0,RN 33,,,Plein jour,En agglomération,Intersection en T,Normale,Deux véhicules - arrière,,,,,,,,,,,1,2,3,1,2
200500020108,0005-04-27 19:30:00,5,4,27,19,30,570,630.0,"38, M0LIERE",,,Plein jour,En agglomération,Hors intersection,Temps éblouissant,Autre collision,,,,,,,,,,,1,2,1,7,6
200500020109,0005-04-02 21:05:00,5,4,2,21,5,570,508.0,KOENIG (RUE),,,Nuit avec éclairage allumé,En agglomération,Intersection en X,Normale,Deux véhicules - côté,,,,,,,,,,,5,2,2,1,3
200500020110,0005-04-05 22:25:00,5,4,5,22,25,570,672.0,"16, VIEUX COLLEGE (RUE D",,,Nuit avec éclairage allumé,En agglomération,Hors intersection,Normale,Sans collision,,,,,,,,,,,5,2,1,1,7
200500020111,0005-04-06 22:35:00,5,4,6,22,35,570,757.0,ROOSEVELT (RUE DU PRESID,,,Nuit sans éclairage public,En agglomération,Hors intersection,Pluie légère,Sans collision,,,,,,,,,,,3,2,1,2,7