accident_id,datetime,annee,mois,jour,heure,minute,departement,commune_insee,adresse,latitude,longitude,luminosite,agglomeration,intersection,meteo,collision,nb_vehicules,nb_usagers,nb_indemnes,nb_tues,nb_blesses_hosp,nb_blesses_legers,age_cond_1,age_cond_2,veh_type_cond_1,veh_type_cond_2,lum_code,agg_code,int_code,atm_code,col_code
200500020505,0005-04-28 17:45:00,5,4,28,17,45,670,482.0,"000, COMMANDANT FRANCOIS",,,Plein jour,En agglomération,Intersection en T,Normale,Autre collision,,,,,,,,,,,1,2,3,1,6
200500020506,0005-04-28 17:55:00,5,4,28,17,55,670,482.0,"78, ROBERTSAU (ALLEE DE",,,Plein jour,En agglomération,Hors intersection,Normale,Deux véhicules - côté,,,,,,,,,,,1,2,1,1,3
200500020507,0005-04-29 11:35:00,5,4,29,11,35,670,482.0,"00, DROITS DE L HOMME (A",,,Plein jour,En agglomération,Hors intersection,Normale,Deux véhicules - côté,,,,,,,,,,,1,2,1,1,3
200500020508,0005-04-29 13:15:00,5,4,29,13,15,670,482.0,RHIN (ROUTE DU),,,Plein jour,En agglomération,Intersection en T,Normale,Autre collision,,,,,,,,,,,1,2,3,1,6
200500020509,0005-04-29 16:30:00,5,4,29,16,30,670,482.0,"00, FINKWILLER (RUE)",,,Plein jour,En agglomération,Intersection en T,Normale,Deux véhicules - arrière,,,,,,,,,,,1,2,3,1,2
200500020510,0005-04-29 18:05:00,5,4,29,18,5,670,43.0,"00, POMPIERS (RUE DES)",,,Plein jour,En agglomération,Hors intersection,Normale,Deux véhicules - côté,,,,,,,,,,,1,2,1,1,3
200500020511,0005-04-30 15:55:00,5,4,30,15,55,670,482.0,"182, SCHIRMECK (ROUTE DE",,,Plein jour,En agglomération,Intersection en T,Normale,Autre collision,,,,,,,,,,,1,2,3,1,6
200500020512,0005-04-02 19:20:00,5,4,2,19,20,680,66.0,LAUCH (RUE DE LA),,,Plein jour,En agglomération,Intersection en X,Normale,Sans collision,,,,,,,,,,,1,2,2,1,7
200500020513,0005-04-08 11:15:00,5,4,8,11,15,680,66.0,GARE (RUE DE LA),,,Plein jour,En agglomération,Hors intersection,Normale,Deux véhicules - côté,,,,,,,,,,,1,2,1,1,3
200500020514,0005-04-09 13:25:00,5,4,9,13,25,680,66.0,"25, TROIS CHATEAUX (RUE",,,Plein jour,En agglomération,Intersection en T,Normale,Deux véhicules - côté,,,,,,,,,,,1,2,3,1,3
200500020515,0005-04-15 13:53:00,5,4,15,13,53,680,66.0,"26, NORD (RUE DU)",,,Plein jour,En agglomération,Hors intersection,Normale,Trois véhicules et plus - en chaîne,,,,,,,,,,,1,2,1,1,4
200500020516,0005-04-20 08:30:00,5,4,20,8,30,680,66.0,LADHOF (RUE DU),,,Plein jour,En agglomération,Intersection en T,Normale,Autre collision,,,,,,,,,,,1,2,3,1,6
200500020517,0005-04-25 16:00:00,5,4,25,16,0,680,66.0,EUROPE (AVENUE DE L'),,,Plein jour,En agglomération,Intersection en X,Normale,Deux véhicules - côté,,,,,,,,,,,1,2,2,1,3
200500020518,0005-04-27 14:13:00,5,4,27,14,13,680,66.0,INGERSHEIM (ROUTE D'),,,Plein jour,En agglomération,Intersection en X,Normale,Autre collision,,,,,,,,,,,1,2,2,1,6
200500020519,0005-04-30 19:08:00,5,4,30,19,8,680,66.0,STRASBOURG (ROUTE DE),,,Plein jour,En agglomération,Intersection en X,Normale,Deux véhicules - côté,,,,,,,,,,,1,2,2,1,3
200500020520,0005-04-07 13:54:00,5,4,7,13,54,680,224.0,MITTERRAND (AVENUE FRANC,,,Plein jour,En agglomération,Hors intersection,Temps couvert,Autre collision,,,,,,,,,,,1,2,1,8,6
200500020521,0005-04-05 16:00:00,5,4,5,16,0,680,224.0,", DMC",,,Plein jour,En agglomération,Intersection en T,Normale,Deux véhicules - frontale,,,,,,,,,,,1,2,3,1,1
200500020522,0005-04-12 22:10:00,5,4,12,22,10,680,224.0,KINGERSHEIM (RUE DE),,,Nuit avec éclairage allumé,En agglomération,Intersection en T,Normale,Deux véhicules - frontale,,,,,,,,,,,5,2,3,1,1
200500020523,0005-04-07 13:55:00,5,4,7,13,55,680,224.0,LEFEBVRE (RUE),,,Plein jour,En agglomération,Intersection en T,Normale,Deux véhicules - côté,,,,,,,,,,,1,2,3,1,3
200500020524,0005-04-12 21:45:00,5,4,12,21,45,680,224.0,"89, BALE (RUE DE)",,,Nuit avec éclairage allumé,En agglomération,Intersection en T,Normale,Deux véhicules - côté,,,,,,,,,,,5,2,3,1,3
200500020525,0005-04-16 16:20:00,5,4,16,16,20,680,224.0,"10, CIGOGNES (QUAI DES)",,,Plein jour,En agglomération,Hors intersection,Normale,Autre collision,,,,,,,,,,,1,2,1,1,6
200500020526,0005-04-11 12:00:00,5,4,11,12,0,680,224.0,"36, ILL (RUE DE L')",,,Plein jour,En agglomération,Hors intersection,Normale,Deux véhicules - côté,,,,,,,,,,,1,2,1,1,3
200500020527,0005-04-08 17:30:00,5,4,8,17,30,680,224.0,"117, ZU-RHEIN (RUE DU CH",,,Plein jour,En agglomération,Intersection en X,Normale,Sans collision,,,,,,,,,,,1,2,2,1,7
200500020528,0005-04-12 16:15:00,5,4,12,16,15,680,271.0,MODENHEIM (RUE DE),,,Crépuscule ou aube,En agglomération,Intersection en T,Normale,Autre collision,,,,,,,,,,,2,2,3,1,6
200500020529,0005-04-26 12:00:00,5,4,26,12,0,680,224.0,"58, BALE (RUE DE)",,,Plein jour,En agglomération,Hors intersection,Normale,Deux véhicules - côté,,,,,,,,,,,1,2,1,1,3
200500020530,0005-04-27 14:50:00,5,4,27,14,50,680,224.0,"FACE AU 6, GRUNEWALD (RU",,,Plein jour,En agglomération,Hors intersection,Normale,Autre collision,,,,,,,,,,,1,2,1,1,6
200500020531,0005-04-27 19:10:00,5,4,27,19,10,680,224.0,"face au 44, ALTKIRCH (AV",,,Plein jour,En agglomération,Intersection en T,Normale,Autre collision,,,,,,,,,,,1,2,3,1,6
200500020532,0005-04-28 16:35:00,5,4,28,16,35,680,224.0,"04, MEYER (RUE ROBERT)",,,Plein jour,En agglomération,Hors intersection,Normale,Autre collision,,,,,,,,,,,1,2,1,1,6
200500020533,0005-04-25 18:00:00,5,4,25,18,0,680,224.0,", SCHUMAN (AVENUE ROBERT",,,Plein jour,En agglomération,Hors intersection,Normale,Deux véhicules - arrière,,,,,,,,,,,1,2,1,1,2
200500020534,0005-04-14 08:25:00,5,4,14,8,25,680,224.0,"21, MARNE (BOULEVARD DE",,,Plein jour,En agglomération,Intersection en T,Normale,Deux véhicules - côté,,,,,,,,,,,1,2,3,1,3
200500020535,0005-04-29 10:05:00,5,4,29,10,5,680,256.0,"205, REPUBLIQUE (RUE DE",,,Plein jour,En agglomération,Hors intersection,Normale,Deux véhicules - côté,,,,,,,,,,,1,2,1,1,3
200500020536,0005-04-26 16:22:00,5,4,26,16,22,680,297.0,"95, DE GAULLE ( AVE DU G",,,Plein jour,En agglomération,Hors intersection,Normale,Trois véhicules et plus - collisions multiples,,,,,,,,,,,1,2,1,1,5
200500020537,0005-04-11 12:10:00,5,4,11,12,10,680,166.0,"6, BURLAT (RUE DU)",,,Plein jour,En agglomération,Hors intersection,Normale,Deux véhicules - côté,,,,,,,,,,,1,2,1,1,3
200500020538,0005-04-09 09:20:00,5,4,9,9,20,690,29.0,ANDRE BOULLOCHE,,,Plein jour,En agglomération,Hors intersection,Normale,Deux véhicules - côté,,,,,,,,,,,1,2,1,1,3
200500020539,0005-04-25 09:20:00,5,4,25,9,20,690,29.0,ANDRE BOULLOCHE,,,Plein jour,En agglomération,Hors intersection,Normale,Deux véhicules - côté,,,,,,,,,,,1,2,1,1,3
200500020540,0005-04-10 05:10:00,5,4,10,5,10,690,34.0,"42, GEORGES CLEMENCEAU",,,Nuit avec éclairage allumé,En agglomération,Hors intersection,Normale,Autre collision,,,,,,,,,,,5,2,1,1,6
200500020541,0005-04-12 16:20:00,5,4,12,16,20,690,34.0,"94, GENERAL DE GAULLE",,,Plein jour,En agglomération,Hors intersection,Normale,Autre collision,,,,,,,,,,,1,2,1,1,6
200500020542,0005-04-19 18:00:00,5,4,19,18,0,690,256.0,"27, GENAS (DE)",,,Plein jour,En agglomération,Hors intersection,Temps couvert,Deux véhicules - côté,,,,,,,,,,,1,2,1,8,3
200500020543,0005-04-26 07:40:00,5,4,26,7,40,690,256.0,LOUIS DUCLOS PROLONGEE,,,Plein jour,En agglomération,Hors intersection,Normale,Autre collision,,,,,,,,,,,1,2,1,1,6
200500020544,0005-04-06 11:00:00,5,4,6,11,0,690,259.0,"0, JEAN JAURES",,,Plein jour,En agglomération,Intersection en X,Normale,Autre collision,,,,,,,,,,,1,2,2,1,6
200500020545,0005-04-07 12:10:00,5,4,7,12,10,690,259.0,"7, OSCHATZ (D')",,,Plein jour,En agglomération,Hors intersection,Temps couvert,Autre collision,,,,,,,,,,,1,2,1,8,6
200500020546,0005-04-08 15:40:00,5,4,8,15,40,690,259.0,"01, AMBROISE CROIZAT",,,Plein jour,En agglomération,Hors intersection,Normale,Deux véhicules - côté,,,,,,,,,,,1,2,1,1,3
200500020547,0005-04-09 17:00:00,5,4,9,17,0,690,259.0,"0, VIVIANI",,,Plein jour,En agglomération,Intersection en X,Vent fort / tempête,Trois véhicules et plus - collisions multiples,,,,,,,,,,,1,2,2,6,5
200500020548,0005-04-13 22:40:00,5,4,13,22,40,690,259.0,"37, YVES FARGE (RN 7)",,,Nuit avec éclairage allumé,En agglomération,Intersection en T,Pluie légère,Deux véhicules - côté,,,,,,,,,,,5,2,3,2,3
200500020549,0005-04-18 12:40:00,5,4,18,12,40,690,259.0,"39, LENINE",,,Plein jour,En agglomération,Hors intersection,Normale,Deux véhicules - côté,,,,,,,,,,,1,2,1,1,3
200500020550,0005-04-22 17:45:00,5,4,22,17,45,690,259.0,"45, JEAN JAURES",,,Plein jour,En agglomération,Hors intersection,Normale,Autre collision,,,,,,,,,,,1,2,1,1,6
200500020551,0005-04-29 19:00:00,5,4,29,19,0,690,259.0,"20, REPUBLIQUE (DE LA)",,,Plein jour,En agglomération,Intersection en Y,Normale,Deux véhicules - côté,,,,,,,,,,,1,2,4,1,3
200500020552,0005-04-30 09:55:00,5,4,30,9,55,690,259.0,"0, JOSEPH MUNTZ",,,Plein jour,En agglomération,Intersection en X,Normale,Deux véhicules - côté,,,,,,,,,,,1,2,2,1,3
200500020553,0005-04-13 13:10:00,5,4,13,13,10,690,199.0,"40, JEAN JAURES",,,Plein jour,En agglomération,Hors intersection,Normale,Autre collision,,,,,,,,,,,1,2,1,1,6
200500020554,0005-04-30 18:30:00,5,4,30,18,30,690,264.0,BURDEAU BD,,,Plein jour,En agglomération,Giratoire,Normale,Deux véhicules - côté,,,,,,,,,,,1,2,6,1,3
200500020555,0005-04-08 06:30:00,5,4,8,6,30,690,266.0,"24, PL J GRANDCLEMENT",,,Nuit avec éclairage non allumé,En agglomération,Hors intersection,Pluie forte,Deux véhicules - arrière,,,,,,,,,,,4,2,1,3,2
200500020556,0005-04-20 10:55:00,5,4,20,10,55,690,266.0,"1, CRS E ZOLA",,,Plein jour,En agglomération,Hors intersection,Pluie légère,Autre collision,,,,,,,,,,,1,2,1,2,6
200500020557,0005-04-27 19:55:00,5,4,27,19,55,690,266.0,"136, RUE DEDIEU",,,Plein jour,En agglomération,Hors intersection,Normale,Autre collision,,,,,,,,,,,1,2,1,1,6
200500020558,0005-04-30 18:20:00,5,4,30,18,20,690,266.0,"203, RUE L BLUM",,,Plein jour,En agglomération,Hors intersection,Normale,Deux véhicules - côté,,,,,,,,,,,1,2,1,1,3
200500020559,0005-04-04 08:05:00,5,4,4,8,5,690,91.0,"12, REPUBLIQUE (DE LA)",,,Plein jour,En agglomération,Hors intersection,Normale,Deux véhicules - arrière,,,,,,,,,,,1,2,1,1,2
200500020560,0005-04-03 11:45:00,5,4,3,11,45,690,282.0,POMMIER (DE),,,Plein jour,En agglomération,Intersection en X,Normale,Deux véhicules - côté,,,,,,,,,,,1,2,2,1,3
200500020561,0005-04-04 18:30:00,5,4,4,18,30,690,282.0,LIBERATION (DE LA),,,Plein jour,En agglomération,Intersection en X,Normale,Deux véhicules - côté,,,,,,,,,,,1,2,2,1,3
200500020562,0005-04-06 21:50:00,5,4,6,21,50,690,282.0,CROTTAY (DU),,,Nuit avec éclairage allumé,En agglomération,Hors intersection,Vent fort / tempête,Deux véhicules - frontale,,,,,,,,,,,5,2,1,6,1
200500020563,0005-04-24 13:45:00,5,4,24,13,45,690,282.0,DAUPHINE (DU),,,Plein jour,En agglomération,Hors intersection,Pluie légère,Autre collision,,,,,,,,,,,1,2,1,2,6
200500020564,0005-04-27 16:30:00,5,4,27,16,30,690,282.0,CARREAU (DU),,,Plein jour,En agglomération,Intersection en X,Normale,Deux véhicules - côté,,,,,,,,,,,1,2,2,1,3
200500020565,0005-04-01 18:30:00,5,4,1,18,30,690,290.0,"0, CENTRE COMMERCIAL",,,Plein jour,En agglomération,Intersection en X,Normale,Deux véhicules - côté,,,,,,,,,,,1,2,2,1,3
200500020566,0005-04-11 18:00:00,5,4,11,18,0,690,290.0,"0, EDMOND ROSTAND",,,Plein jour,En agglomération,Hors intersection,Normale,Trois véhicules et plus - en chaîne,,,,,,,,,,,1,2,1,1,4
200500020567,0005-04-19 04:00:00,5,4,19,4,0,690,290.0,AVIATION (DE L'),,,Nuit avec éclairage allumé,En agglomération,Hors intersection,Pluie légère,Autre collision,,,,,,,,,,,5,2,1,2,6
200500020568,0005-04-28 16:50:00,5,4,28,16,50,690,290.0,"0, DAUPHINE (DU)",,,Plein jour,En agglomération,Intersection en T,Normale,Deux véhicules - côté,,,,,,,,,,,1,2,3,1,3
200500020569,0005-04-25 11:15:00,5,4,25,11,15,700,285.0,"1, ANDRE BOULLOCHE (RUE)",,,Plein jour,En agglomération,Intersection en X,Pluie légère,Deux véhicules - côté,,,,,,,,,,,1,2,2,2,3
200500020570,0005-04-02 12:00:00,5,4,2,12,0,700,550.0,PONTARCHER (RUE DE),,,Plein jour,En agglomération,Intersection en X,Normale,Deux véhicules - côté,,,,,,,,,,,1,2,2,1,3
200500020571,0005-04-06 17:50:00,5,4,6,17,50,710,76.0,"1, LAPIERRE (RUE GEORGES",,,Plein jour,En agglomération,Hors intersection,Normale,Deux véhicules - côté,,,,,,,,,,,1,2,1,1,3
200500020572,0005-04-23 15:00:00,5,4,23,15,0,710,475.0,"8, ROUTE NATIONALE 6",,,Plein jour,En agglomération,Hors intersection,Normale,Deux véhicules - frontale,,,,,,,,,,,1,2,1,1,1
200500020573,0005-04-07 10:25:00,5,4,7,10,25,710,153.0,"26, SCHNEIDER (BOULEVARD",,,Plein jour,En agglomération,Intersection en X,Pluie légère,Deux véhicules - côté,,,,,,,,,,,1,2,2,2,3
200500020574,0005-04-07 14:30:00,5,4,7,14,30,710,153.0,CHAPTAL (RUE),,,Plein jour,En agglomération,Hors intersection,Pluie légère,Sans collision,,,,,,,,,,,1,2,1,2,7
200500020575,0005-04-12 15:45:00,5,4,12,15,45,710,153.0,"28, SCHNEIDER (BOULEVARD",,,Plein jour,En agglomération,Intersection en X,Normale,Deux véhicules - côté,,,,,,,,,,,1,2,2,1,3
200500020576,0005-04-14 13:30:00,5,4,14,13,30,710,59.0,CREUSOT (RUE DU),,,Plein jour,En agglomération,Hors intersection,Normale,Autre collision,,,,,,,,,,,1,2,1,1,6
200500020577,0005-04-29 00:10:00,5,4,29,0,10,710,309.0,"4, COMBE AUX BEAUTES (RO",,,Nuit avec éclairage allumé,En agglomération,Hors intersection,Normale,Sans collision,,,,,,,,,,,5,2,1,1,7
200500020578,0005-04-30 07:30:00,5,4,30,7,30,710,540.0,R.N.80,,,Plein jour,En agglomération,Hors intersection,Normale,Deux véhicules - frontale,,,,,,,,,,,1,2,1,1,1
200500020579,0005-04-29 17:15:00,5,4,29,17,15,710,153.0,SCHNEIDER (BOULEVARD HEN,,,Plein jour,En agglomération,Hors intersection,Normale,Autre collision,,,,,,,,,,,1,2,1,1,6
200500020580,0005-04-01 21:05:00,5,4,1,21,5,710,270.0,"82, HERITAN (RUE DE L')",,,Nuit sans éclairage public,En agglomération,Hors intersection,Normale,Deux véhicules - arrière,,,,,,,,,,,3,2,1,1,2
200500020581,0005-04-05 12:30:00,5,4,5,12,30,710,497.0,"1, GRANDES VARENNES (RUE",,,Plein jour,En agglomération,Hors intersection,Normale,Sans collision,,,,,,,,,,,1,2,1,1,7
200500020582,0005-04-05 20:35:00,5,4,5,20,35,710,270.0,BRETELLE ACCES RN 72 S/N,,,Crépuscule ou aube,En agglomération,Hors intersection,Normale,Sans collision,,,,,,,,,,,2,2,1,1,7
200500020583,0005-04-15 14:10:00,5,4,15,14,10,710,270.0,HERITAN (RUE DE L'),,,Plein jour,En agglomération,Hors intersection,Pluie légère,Autre collision,,,,,,,,,,,1,2,1,2,6
200500020584,0005-04-27 18:30:00,5,4,27,18,30,710,497.0,intersection rue du Bour,,,Plein jour,En agglomération,Intersection en X,Normale,Deux véhicules - côté,,,,,,,,,,,1,2,2,1,3
200500020585,0005-04-29 17:00:00,5,4,29,17,0,710,270.0,"NR11, VINGT-HUIT JUIN 19",,,Plein jour,En agglomération,Intersection en X,Normale,Deux véhicules - côté,,,,,,,,,,,1,2,2,1,3
200500020586,0005-04-30 00:40:00,5,4,30,0,40,710,270.0,PMOPIDOU (Rd Point ),,,Nuit sans éclairage public,En agglomération,Hors intersection,Normale,Sans collision,,,,,,,,,,,3,2,1,1,7
200500020587,0005-04-18 08:42:00,5,4,18,8,42,710,306.0,"14, COUDRAIE (RUE DE LA)",,,Plein jour,En agglomération,Hors intersection,Normale,Sans collision,,,,,,,,,,,1,2,1,1,7
200500020588,0005-04-18 14:45:00,5,4,18,14,45,710,306.0,CARNOT (RUE),,,Plein jour,En agglomération,Intersection en X,Normale,Deux véhicules - côté,,,,,,,,,,,1,2,2,1,3
200500020589,0005-04-19 13:25:00,5,4,19,13,25,710,40.0,"44, MACON (ROUTE DE)",,,Plein jour,En agglomération,Intersection en T,Normale,Sans collision,,,,,,,,,,,1,2,3,1,7
200500020590,0005-04-28 19:30:00,5,4,28,19,30,710,306.0,"41, JEAN LONGUET (RUE)",,,Plein jour,En agglomération,Hors intersection,Normale,Autre collision,,,,,,,,,,,1,2,1,1,6
200500020591,0005-04-01 14:30:00,5,4,1,14,30,720,181.0,"12, PORT A L'ABBESSE (RU",,,Plein jour,En agglomération,Hors intersection,Normale,Autre collision,,,,,,,,,,,1,2,1,1,6
200500020592,0005-04-01 22:50:00,5,4,1,22,50,720,181.0,ROSTOV SUR LE DON (RUE),,,Nuit avec éclairage allumé,En agglomération,Intersection en X,Normale,Deux véhicules - côté,,,,,,,,,,,5,2,2,1,3
200500020593,0005-04-02 10:30:00,5,4,2,10,30,720,181.0,ANGEVINIERE (RUE DE L'),,,Plein jour,En agglomération,Intersection en X,Normale,Deux véhicules - côté,,,,,,,,,,,1,2,2,1,3
200500020594,0005-04-02 19:20:00,5,4,2,19,20,720,181.0,CHURCHILL WINSTON (BD) I,,,Plein jour,En agglomération,Intersection en T,Normale,Deux véhicules - côté,,,,,,,,,,,1,2,3,1,3
200500020595,0005-04-03 14:00:00,5,4,3,14,0,720,181.0,SUD EST DEVIATION RTE AN,,,Plein jour,En agglomération,Hors intersection,Normale,Autre collision,,,,,,,,,,,1,2,1,1,6
200500020596,0005-04-06 18:30:00,5,4,6,18,30,720,181.0,GARE (BD DE LA),,,Plein jour,En agglomération,Hors intersection,Normale,Deux véhicules - arrière,,,,,,,,,,,1,2,1,1,2
200500020597,0005-04-07 08:55:00,5,4,7,8,55,720,181.0,COLLET ROBERT (RUE),,,Plein jour,En agglomération,Intersection en T,Normale,Deux véhicules - côté,,,,,,,,,,,1,2,3,1,3
200500020598,0005-04-07 13:20:00,5,4,7,13,20,720,181.0,"60, GENESLAY FELIX (AV)",,,Plein jour,En agglomération,Hors intersection,Normale,Deux véhicules - côté,,,,,,,,,,,1,2,1,1,3
200500020599,0005-04-08 16:20:00,5,4,8,16,20,720,181.0,"175, LAIGNE RUE DE N° IM",,,Plein jour,En agglomération,Hors intersection,Pluie légère,Deux véhicules - frontale,,,,,,,,,,,1,2,1,2,1
200500020600,0005-04-11 09:40:00,5,4,11,9,40,720,181.0,"34, GENESLAY FELIX (AV)",,,Plein jour,En agglomération,Hors intersection,Normale,Deux véhicules - côté,,,,,,,,,,,1,2,1,1,3
200500020601,0005-04-13 11:55:00,5,4,13,11,55,720,181.0,LOUIS BLANC (QUAI),,,Plein jour,En agglomération,Hors intersection,Normale,Deux véhicules - côté,,,,,,,,,,,1,2,1,1,3
200500020602,0005-04-13 12:15:00,5,4,13,12,15,720,181.0,"48, RUBILLARD AV N° PAIR",,,Plein jour,En agglomération,Hors intersection,Normale,Autre collision,,,,,,,,,,,1,2,1,1,6
200500020603,0005-04-14 14:32:00,5,4,14,14,32,720,181.0,"34, SAINT AUBIN (RUE) N°",,,Plein jour,En agglomération,Hors intersection,Pluie légère,Deux véhicules - côté,,,,,,,,,,,1,2,1,2,3
200500020604,0005-04-16 09:50:00,5,4,16,9,50,720,181.0,ANTARES (AV),,,Plein jour,En agglomération,Hors intersection,Normale,Deux véhicules - côté,,,,,,,,,,,1,2,1,1,3
200500020605,0005-04-16 15:40:00,5,4,16,15,40,720,181.0,BARBIER (RUE),,,Plein jour,En agglomération,Hors intersection,Normale,Deux véhicules - arrière,,,,,,,,,,,1,2,1,1,2
200500020606,0005-04-16 20:20:00,5,4,16,20,20,720,181.0,BOEUFS PETIT FOUILLET (C,,,Nuit avec éclairage allumé,En agglomération,Hors intersection,Normale,Autre collision,,,,,,,,,,,5,2,1,1,6
200500020607,0005-04-18 21:38:00,5,4,18,21,38,720,181.0,DURAND GEORGES (AV) N° P,,,Nuit avec éclairage allumé,En agglomération,Hors intersection,Pluie légère,Deux véhicules - côté,,,,,,,,,,,5,2,1,2,3
200500020608,0005-04-19 12:00:00,5,4,19,12,0,720,181.0,"99, JAURES JEAN (AV) N°",,,Plein jour,En agglomération,Hors intersection,Normale,Autre collision,,,,,,,,,,,1,2,1,1,6
200500020609,0005-04-19 16:40:00,5,4,19,16,40,720,181.0,SCHUMAN (ROND-POINT),,,Plein jour,En agglomération,Hors intersection,Pluie légère,Deux véhicules - côté,,,,,,,,,,,1,2,1,2,3
200500020610,0005-04-20 07:55:00,5,4,20,7,55,720,181.0,YZEUX (AV) N° PAIRS 2 A,,,Plein jour,En agglomération,Hors intersection,Normale,Deux véhicules - côté,,,,,,,,,,,1,2,1,1,3
200500020611,0005-04-20 13:35:00,5,4,20,13,35,720,181.0,MELIES GEORGES (BD),,,Plein jour,En agglomération,Hors intersection,Normale,Deux véhicules - côté,,,,,,,,,,,1,2,1,1,3
200500020612,0005-04-21 11:04:00,5,4,21,11,4,720,181.0,BROSSOLETTE PIERRE (BD),,,Plein jour,En agglomération,Hors intersection,Normale,Deux véhicules - arrière,,,,,,,,,,,1,2,1,1,2
200500020613,0005-04-22 23:10:00,5,4,22,23,10,720,181.0,PRESCHE (RUE DE LA),,,Nuit avec éclairage allumé,En agglomération,Hors intersection,Pluie légère,Autre collision,,,,,,,,,,,5,2,1,2,6
200500020614,0005-04-25 11:40:00,5,4,25,11,40,720,181.0,ARENES (RUE DES),,,Plein jour,En agglomération,Hors intersection,Normale,Deux véhicules - côté,,,,,,,,,,,1,2,1,1,3
200500020615,0005-04-25 14:35:00,5,4,25,14,35,720,181.0,COEFFORT (PONT),,,Plein jour,En agglomération,Hors intersection,Normale,Deux véhicules - côté,,,,,,,,,,,1,2,1,1,3
200500020616,0005-04-27 10:00:00,5,4,27,10,0,720,181.0,BOLLEE (AV) N° IMP 65 A,,,Plein jour,En agglomération,Hors intersection,Normale,Trois véhicules et plus - en chaîne,,,,,,,,,,,1,2,1,1,4
200500020617,0005-04-29 18:05:00,5,4,29,18,5,720,181.0,"13, 33 EME MOBILE (RUE D",,,Plein jour,En agglomération,Hors intersection,Normale,Trois véhicules et plus - collisions multiples,,,,,,,,,,,1,2,1,1,5
200500020618,0005-04-29 21:30:00,5,4,29,21,30,730,8.0,de Russie,,,Nuit avec éclairage allumé,Hors agglomération,Hors intersection,Normale,Deux véhicules - côté,,,,,,,,,,,5,1,1,1,3
200500020619,0005-04-07 19:00:00,5,4,7,19,0,730,8.0,"9, de Russie",,,Plein jour,Hors agglomération,Hors intersection,Normale,Trois véhicules et plus - collisions multiples,,,,,,,,,,,1,1,1,1,5
200500020620,0005-04-30 21:30:00,5,4,30,21,30,730,11.0,"104, REPUBLIQUE (RUE DE",,,Nuit avec éclairage allumé,En agglomération,Intersection en Y,Normale,Deux véhicules - frontale,,,,,,,,,,,5,2,4,1,1
200500020621,0005-04-06 10:30:00,5,4,6,10,30,730,65.0,MACONNAIS (RUE DU),,,Plein jour,En agglomération,Hors intersection,Normale,Sans collision,,,,,,,,,,,1,2,1,1,7
200500020622,0005-04-26 16:10:00,5,4,26,16,10,730,65.0,ROBERTY (CHEMIN DE),,,Plein jour,En agglomération,Hors intersection,Normale,Deux véhicules - côté,,,,,,,,,,,1,2,1,1,3
200500020623,0005-04-18 19:25:00,5,4,18,19,25,730,65.0,"15, DUCS DE SAVOIE (AVEN",,,Crépuscule ou aube,En agglomération,Hors intersection,Normale,Sans collision,,,,,,,,,,,2,2,1,1,7
200500020624,0005-04-29 12:45:00,5,4,29,12,45,730,65.0,COMTE VERT (AVENUE DU),,,Plein jour,En agglomération,Hors intersection,Normale,Deux véhicules - arrière,,,,,,,,,,,1,2,1,1,2
200500020625,0005-04-01 15:50:00,5,4,1,15,50,740,93.0,POISY (V.R.U.),,,Plein jour,En agglomération,Hors intersection,Normale,Deux véhicules - arrière,,,,,,,,,,,1,2,1,1,2
200500020626,0005-04-04 12:15:00,5,4,4,12,15,740,93.0,REPUBLIQUE (AVENUE DE LA,,,Plein jour,En agglomération,Intersection en T,Normale,Deux véhicules - côté,,,,,,,,,,,1,2,3,1,3
200500020627,0005-04-08 23:45:00,5,4,8,23,45,740,10.0,ROCADE (BOULEVARD DE LA),,,Nuit avec éclairage allumé,En agglomération,Intersection en X,Normale,Deux véhicules - arrière,,,,,,,,,,,5,2,2,1,2
200500020628,0005-04-01 15:15:00,5,4,1,15,15,740,93.0,"21, VERNAY (CHEMIN DU)",,,Plein jour,En agglomération,Intersection en T,Normale,Autre collision,,,,,,,,,,,1,2,3,1,6
200500020629,0005-04-08 13:20:00,5,4,8,13,20,740,93.0,POISY (V.R.U.),,,Plein jour,En agglomération,Hors intersection,Pluie légère,Deux véhicules - frontale,,,,,,,,,,,1,2,1,2,1
200500020630,0005-04-17 05:00:00,5,4,17,5,0,740,10.0,PROVIDENCE,,,Nuit avec éclairage allumé,En agglomération,Hors intersection,Neige / grêle,Autre collision,,,,,,,,,,,5,2,1,4,6
200500020631,0005-04-23 15:05:00,5,4,23,15,5,740,10.0,"5/9, MANDALLAZ (PLACE/AV",,,Plein jour,En agglomération,Hors intersection,Normale,Deux véhicules - côté,,,,,,,,,,,1,2,1,1,3
200500020632,0005-04-28 17:45:00,5,4,28,17,45,740,10.0,ALBIGNY (AVE),,,Plein jour,En agglomération,Hors intersection,Normale,Autre collision,,,,,,,,,,,1,2,1,1,6
200500020633,0005-04-23 13:30:00,5,4,23,13,30,740,93.0,"49, VERNAY (DU)",,,Plein jour,En agglomération,Hors intersection,Normale,Deux véhicules - côté,,,,,,,,,,,1,2,1,1,3
200500020634,0005-04-29 18:45:00,5,4,29,18,45,740,10.0,"27, CRAN (AVENUE DE)",,,Plein jour,En agglomération,Hors intersection,Normale,Autre collision,,,,,,,,,,,1,2,1,1,6
200500020635,0005-04-04 23:45:00,5,4,4,23,45,740,12.0,GENEVE (RUE DE),,,Plein jour,En agglomération,Intersection en T,Normale,Deux véhicules - côté,,,,,,,,,,,1,2,3,1,3