accident_id,datetime,annee,mois,jour,heure,minute,departement,commune_insee,adresse,latitude,longitude,luminosite,agglomeration,intersection,meteo,collision,nb_vehicules,nb_usagers,nb_indemnes,nb_tues,nb_blesses_hosp,nb_blesses_legers,age_cond_1,age_cond_2,veh_type_cond_1,veh_type_cond_2,lum_code,agg_code,int_code,atm_code,col_code
200500021166,0005-04-28 12:50:00,5,4,28,12,50,750,3.0,R REAUMUR R DE TURBIGO,,,Plein jour,En agglomération,Intersection en X,Normale,Autre collision,,,,,,,,,,,1,2,2,1,6
200500021167,0005-04-28 08:45:00,5,4,28,8,45,750,5.0,29 Q SAINT MICHEL,,,Plein jour,En agglomération,Hors intersection,Normale,Deux véhicules - arrière,,,,,,,,,,,1,2,1,1,2
200500021168,0005-04-28 11:45:00,5,4,28,11,45,750,7.0,L6035 PRT DES INVALIDES,,,Plein jour,En agglomération,Hors intersection,Normale,Trois véhicules et plus - en chaîne,,,,,,,,,,,1,2,1,1,4
200500021169,0005-04-28 16:55:00,5,4,28,16,55,750,8.0,R GENERAL FOY R DE LISBO,,,Plein jour,En agglomération,Intersection en X,Normale,Deux véhicules - côté,,,,,,,,,,,1,2,2,1,3
200500021170,0005-04-28 02:10:00,5,4,28,2,10,750,8.0,AV CHAMPS ELYSEES AV MON,,,Plein jour,En agglomération,Intersection à plus de 4 branches,Normale,Deux véhicules - côté,,,,,,,,,,,1,2,5,1,3
200500021171,0005-04-28 13:40:00,5,4,28,13,40,750,11.0,142  R DE LA ROQUETTE,,,Plein jour,En agglomération,Hors intersection,Normale,Deux véhicules - côté,,,,,,,,,,,1,2,1,1,3
200500021172,0005-04-28 17:38:00,5,4,28,17,38,750,12.0,PL DE LA NATION AV DU TR,,,Plein jour,En agglomération,Intersection en T,Normale,Deux véhicules - côté,,,,,,,,,,,1,2,3,1,3
200500021173,0005-04-28 19:10:00,5,4,28,19,10,750,12.0,AV DAUMESNIL AV LEDRU RO,,,Plein jour,En agglomération,Intersection en X,Normale,Deux véhicules - côté,,,,,,,,,,,1,2,2,1,3
200500021174,0005-04-28 12:00:00,5,4,28,12,0,750,14.0,AV GENERAL LECLERC R DAG,,,Plein jour,En agglomération,Intersection en T,Temps couvert,Autre collision,,,,,,,,,,,1,2,3,8,6
200500021175,0005-04-28 23:15:00,5,4,28,23,15,750,17.0,AV NIEL R DES RENAUDES,,,Nuit avec éclairage allumé,En agglomération,Intersection en T,Normale,Deux véhicules - côté,,,,,,,,,,,5,2,3,1,3
200500021176,0005-04-28 08:50:00,5,4,28,8,50,750,19.0,R DE BELLEVILLE R DE ROM,,,Plein jour,En agglomération,Intersection en Y,Normale,Sans collision,,,,,,,,,,,1,2,4,1,7
200500021177,0005-04-28 04:35:00,5,4,28,4,35,750,19.0,AV PORTE CHAUMONT R SIGM,,,Nuit avec éclairage allumé,En agglomération,Intersection en X,Normale,Autre collision,,,,,,,,,,,5,2,2,1,6
200500021178,0005-04-28 08:50:00,5,4,28,8,50,750,20.0,AV PORTE BAGNOLET AV IBS,,,Plein jour,En agglomération,Intersection en Y,Normale,Deux véhicules - côté,,,,,,,,,,,1,2,4,1,3
200500021179,0005-04-29 11:25:00,5,4,29,11,25,750,2.0,PL DE LA BOURSE R VIVIEN,,,Plein jour,En agglomération,Intersection en X,Normale,Autre collision,,,,,,,,,,,1,2,2,1,6
200500021180,0005-04-29 09:20:00,5,4,29,9,20,750,4.0,BD DE SEBASTOPOL R PERNE,,,Plein jour,En agglomération,Intersection en T,Normale,Autre collision,,,,,,,,,,,1,2,3,1,6
200500021181,0005-04-29 20:15:00,5,4,29,20,15,750,7.0,PT D IENA Q BRANLY,,,Plein jour,En agglomération,Intersection en X,Normale,Autre collision,,,,,,,,,,,1,2,2,1,6
200500021182,0005-04-29 09:45:00,5,4,29,9,45,750,7.0,AV LA MOTTE PICQUET AV D,,,Plein jour,En agglomération,Intersection en T,Normale,Deux véhicules - côté,,,,,,,,,,,1,2,3,1,3
200500021183,0005-04-29 12:13:00,5,4,29,12,13,750,10.0,BD DE MAGENTA R FG SAINT,,,Plein jour,En agglomération,Intersection en X,Normale,Autre collision,,,,,,,,,,,1,2,2,1,6
200500021184,0005-04-29 09:30:00,5,4,29,9,30,750,12.0,R DE CHARENTON R NICOLAI,,,Plein jour,En agglomération,Intersection en T,Normale,Autre collision,,,,,,,,,,,1,2,3,1,6
200500021185,0005-04-29 16:55:00,5,4,29,16,55,750,14.0,270 BD RASPAIL,,,Plein jour,En agglomération,Hors intersection,Normale,Deux véhicules - côté,,,,,,,,,,,1,2,1,1,3
200500021186,0005-04-29 20:50:00,5,4,29,20,50,750,14.0,AV PORTE D ORLEANS BD RO,,,Plein jour,En agglomération,Intersection en T,Normale,Deux véhicules - côté,,,,,,,,,,,1,2,3,1,3
200500021187,0005-04-29 09:40:00,5,4,29,9,40,750,16.0,L13173 AV DE NEW YORK,,,Plein jour,En agglomération,Hors intersection,Normale,Trois véhicules et plus - en chaîne,,,,,,,,,,,1,2,1,1,4
200500021188,0005-04-29 17:35:00,5,4,29,17,35,750,17.0,R DE PRONY R MEDERIC,,,Plein jour,En agglomération,Intersection en T,Normale,Autre collision,,,,,,,,,,,1,2,3,1,6
200500021189,0005-04-30 23:32:00,5,4,30,23,32,750,7.0,Q BRANLY PT D IENA,,,Nuit avec éclairage allumé,En agglomération,Intersection en T,Normale,Deux véhicules - arrière,,,,,,,,,,,5,2,3,1,2
200500021190,0005-04-30 07:28:00,5,4,30,7,28,750,11.0,BD VOLTAIRE R DU CHEMIN,,,Plein jour,En agglomération,Intersection en X,Normale,Deux véhicules - côté,,,,,,,,,,,1,2,2,1,3
200500021191,0005-04-30 15:45:00,5,4,30,15,45,750,13.0,40 R VERGNIAUD,,,Plein jour,En agglomération,Hors intersection,Normale,Deux véhicules - côté,,,,,,,,,,,1,2,1,1,3
200500021192,0005-04-30 16:30:00,5,4,30,16,30,750,16.0,AV MOZART R DU RANELAGH,,,Plein jour,En agglomération,Intersection en X,Normale,Autre collision,,,,,,,,,,,1,2,2,1,6
200500021193,0005-04-30 12:00:00,5,4,30,12,0,750,18.0,R DUC R DU MONT CENIS,,,Plein jour,En agglomération,Intersection en X,Normale,Deux véhicules - côté,,,,,,,,,,,1,2,2,1,3
200500021194,0005-04-30 16:45:00,5,4,30,16,45,750,19.0,AV PORTE CHAUMONT SQ D A,,,Plein jour,En agglomération,Intersection en T,Temps éblouissant,Autre collision,,,,,,,,,,,1,2,3,7,6
200500021195,0005-04-30 23:40:00,5,4,30,23,40,750,20.0,BD DE MENILMONTANT R DES,,,Nuit avec éclairage allumé,En agglomération,Intersection en T,Normale,Trois véhicules et plus - collisions multiples,,,,,,,,,,,5,2,3,1,5
200500021196,0005-04-27 16:40:00,5,4,27,16,40,750,20.0,AV LEON GAUMONT,,,Plein jour,En agglomération,Hors intersection,Normale,Deux véhicules - côté,,,,,,,,,,,1,2,1,1,3
200500021197,0005-04-27 18:00:00,5,4,27,18,0,750,20.0,34 R AVRON,,,Plein jour,En agglomération,Hors intersection,Normale,Autre collision,,,,,,,,,,,1,2,1,1,6
200500021198,0005-04-28 08:45:00,5,4,28,8,45,750,16.0,BD LANNES PL DE COLOMBIE,,,Plein jour,En agglomération,Intersection en X,Normale,Deux véhicules - côté,,,,,,,,,,,1,2,2,1,3
200500021199,0005-04-28 13:40:00,5,4,28,13,40,750,7.0,AV DU MAL GALLIENI R P B,,,Plein jour,En agglomération,Intersection en T,Normale,Deux véhicules - arrière,,,,,,,,,,,1,2,3,1,2
200500021200,0005-04-29 18:30:00,5,4,29,18,30,750,9.0,BD DE ROCHECHOUART R VIO,,,Plein jour,En agglomération,Intersection en T,Normale,Autre collision,,,,,,,,,,,1,2,3,1,6
200500021201,0005-04-29 19:28:00,5,4,29,19,28,750,1.0,PL DE LA CONCORDE R DE,,,Plein jour,En agglomération,Intersection en T,Normale,Deux véhicules - côté,,,,,,,,,,,1,2,3,1,3
200500021202,0005-04-30 12:00:00,5,4,30,12,0,750,12.0,AV LEDRU ROLLIN R FG SAI,,,Plein jour,En agglomération,Intersection en X,Temps éblouissant,Autre collision,,,,,,,,,,,1,2,2,7,6
200500021203,0005-04-30 14:45:00,5,4,30,14,45,750,12.0,160 BD DIDEROT,,,Plein jour,En agglomération,Hors intersection,Normale,Autre collision,,,,,,,,,,,1,2,1,1,6
200500021204,0005-04-30 19:20:00,5,4,30,19,20,750,17.0,BD MALESHERBES R CERNUSC,,,Plein jour,En agglomération,Intersection en T,Normale,Autre collision,,,,,,,,,,,1,2,3,1,6
200500021205,0005-04-29 22:45:00,5,4,29,22,45,750,12.0,118 R DE LYON,,,Nuit avec éclairage allumé,En agglomération,Hors intersection,Normale,Deux véhicules - arrière,,,,,,,,,,,5,2,1,1,2
200500021206,0005-04-01 09:30:00,5,4,1,9,30,750,19.0,BPE PANTIN VILLETTE,,,Plein jour,En agglomération,Hors intersection,Normale,Deux véhicules - côté,,,,,,,,,,,1,2,1,1,3
200500021207,0005-04-07 14:25:00,5,4,7,14,25,750,16.0,BPI ST CLOUD MOLITOR,,,Plein jour,En agglomération,Hors intersection,Normale,Trois véhicules et plus - en chaîne,,,,,,,,,,,1,2,1,1,4
200500021208,0005-04-12 00:01:00,5,4,12,0,1,750,19.0,BPE PANTIN VILLETTE,,,Nuit avec éclairage allumé,En agglomération,Hors intersection,Normale,Autre collision,,,,,,,,,,,5,2,1,1,6
200500021209,0005-04-12 15:50:00,5,4,12,15,50,750,14.0,BPE VANVES CHATILLON,,,Plein jour,En agglomération,Hors intersection,Normale,Trois véhicules et plus - en chaîne,,,,,,,,,,,1,2,1,1,4
200500021210,0005-04-12 10:45:00,5,4,12,10,45,750,16.0,ECH AUTEUIL,,,Plein jour,En agglomération,Hors intersection,Normale,Deux véhicules - arrière,,,,,,,,,,,1,2,1,1,2
200500021211,0005-04-12 09:45:00,5,4,12,9,45,750,17.0,BPE ST OUEN CLICHY,,,Plein jour,En agglomération,Hors intersection,Normale,Sans collision,,,,,,,,,,,1,2,1,1,7
200500021212,0005-04-12 08:15:00,5,4,12,8,15,750,18.0,BPE CHAPELLE CLIGNANCOUR,,,Plein jour,En agglomération,Hors intersection,Normale,Autre collision,,,,,,,,,,,1,2,1,1,6
200500021213,0005-04-13 08:15:00,5,4,13,8,15,750,20.0,BPI BAGNOLET MONTREUIL,,,Plein jour,En agglomération,Hors intersection,Normale,Deux véhicules - côté,,,,,,,,,,,1,2,1,1,3
200500021214,0005-04-13 07:00:00,5,4,13,7,0,750,17.0,BPE TERNES MAILLOT ECH M,,,Plein jour,En agglomération,Intersection en Y,Normale,Autre collision,,,,,,,,,,,1,2,4,1,6
200500021215,0005-04-13 09:55:00,5,4,13,9,55,750,13.0,BPI IVRY ITALIE ECH IVRY,,,Plein jour,En agglomération,Intersection en Y,Normale,Deux véhicules - côté,,,,,,,,,,,1,2,4,1,3
200500021216,0005-04-14 09:25:00,5,4,14,9,25,750,16.0,BPE MUETTE PASSY,,,Plein jour,En agglomération,Hors intersection,Pluie légère,Deux véhicules - côté,,,,,,,,,,,1,2,1,2,3
200500021217,0005-04-14 18:20:00,5,4,14,18,20,750,12.0,BPE CHARENTON DOREE,,,Plein jour,En agglomération,Hors intersection,Pluie légère,Autre collision,,,,,,,,,,,1,2,1,2,6
200500021218,0005-04-15 16:40:00,5,4,15,16,40,750,17.0,BPI CHAMPERRET ASNIERES,,,Plein jour,En agglomération,Hors intersection,Pluie légère,Deux véhicules - côté,,,,,,,,,,,1,2,1,2,3
200500021219,0005-04-15 14:00:00,5,4,15,14,0,750,18.0,BPE CHAPELLE CLIGNANCOUR,,,Plein jour,En agglomération,Hors intersection,Normale,Deux véhicules - arrière,,,,,,,,,,,1,2,1,1,2
200500021220,0005-04-16 11:25:00,5,4,16,11,25,750,14.0,BPE VANVES CHATILLON,,,Plein jour,En agglomération,Hors intersection,Normale,Autre collision,,,,,,,,,,,1,2,1,1,6
200500021221,0005-04-20 17:50:00,5,4,20,17,50,750,13.0,BPI ITALIE GENTILLY,,,Plein jour,En agglomération,Hors intersection,Normale,Autre collision,,,,,,,,,,,1,2,1,1,6
200500021222,0005-04-21 09:00:00,5,4,21,9,0,750,18.0,BPE CLIGNANCOURT SAINT O,,,Plein jour,En agglomération,Hors intersection,Normale,Deux véhicules - côté,,,,,,,,,,,1,2,1,1,3
200500021223,0005-04-22 14:35:00,5,4,22,14,35,750,12.0,ECH BERCY,,,Plein jour,En agglomération,Hors intersection,Normale,Trois véhicules et plus - en chaîne,,,,,,,,,,,1,2,1,1,4
200500021224,0005-04-23 15:00:00,5,4,23,15,0,750,14.0,BPE ORLEANS GENTILLY,,,Plein jour,En agglomération,Hors intersection,Normale,Deux véhicules - côté,,,,,,,,,,,1,2,1,1,3
200500021225,0005-04-25 20:30:00,5,4,25,20,30,750,16.0,BPI DAUPHINE MAILLOT,,,Nuit avec éclairage allumé,En agglomération,Hors intersection,Normale,Trois véhicules et plus - en chaîne,,,,,,,,,,,5,2,1,1,4
200500021226,0005-04-07 01:15:00,5,4,7,1,15,750,14.0,BPI GENTILLY ORLEANS,,,Nuit avec éclairage allumé,En agglomération,Hors intersection,Normale,Autre collision,,,,,,,,,,,5,2,1,1,6
200500021227,0005-04-11 06:45:00,5,4,11,6,45,750,15.0,BPE BRANCION VANVES,,,Plein jour,En agglomération,Hors intersection,Normale,Autre collision,,,,,,,,,,,1,2,1,1,6
200500021228,0005-04-11 23:05:00,5,4,11,23,5,750,16.0,BPE MUETTE PASSY,,,Nuit avec éclairage allumé,En agglomération,Hors intersection,Normale,Deux véhicules - côté,,,,,,,,,,,5,2,1,1,3
200500021229,0005-04-22 18:35:00,5,4,22,18,35,750,16.0,BPI ST CLOUD MOLITOR,,,Plein jour,En agglomération,Hors intersection,Normale,Deux véhicules - côté,,,,,,,,,,,1,2,1,1,3
200500021230,0005-04-23 19:50:00,5,4,23,19,50,750,13.0,ECH ITALIE,,,Crépuscule ou aube,En agglomération,Hors intersection,Temps couvert,Sans collision,,,,,,,,,,,2,2,1,8,7
200500021231,0005-04-25 08:50:00,5,4,25,8,50,750,15.0,BPE ISSY LES MLX SEVRES,,,Plein jour,En agglomération,Hors intersection,Normale,Deux véhicules - côté,,,,,,,,,,,1,2,1,1,3
200500021232,0005-04-25 12:00:00,5,4,25,12,0,750,20.0,BPI LILAS BAGNOLET,,,Plein jour,En agglomération,Hors intersection,Normale,Trois véhicules et plus - en chaîne,,,,,,,,,,,1,2,1,1,4
200500021233,0005-04-26 07:45:00,5,4,26,7,45,750,18.0,BPI CLIGNANCOURT CHAPELL,,,Plein jour,En agglomération,Hors intersection,Temps couvert,Trois véhicules et plus - en chaîne,,,,,,,,,,,1,2,1,8,4
200500021234,0005-04-27 14:35:00,5,4,27,14,35,750,16.0,BPE MAILLOT DAUPHINE,,,Plein jour,En agglomération,Hors intersection,Normale,Deux véhicules - côté,,,,,,,,,,,1,2,1,1,3
200500021235,0005-04-29 16:40:00,5,4,29,16,40,750,17.0,1  BD BERTHIER,,,Plein jour,En agglomération,Hors intersection,Normale,Autre collision,,,,,,,,,,,1,2,1,1,6
200500021236,0005-04-30 20:20:00,5,4,30,20,20,750,17.0,BD BESSIERES R DES EPINE,,,Plein jour,En agglomération,Intersection en Y,Normale,Deux véhicules - côté,,,,,,,,,,,1,2,4,1,3
200500021237,0005-04-30 12:20:00,5,4,30,12,20,750,12.0,BD PONIATOWSKI R DE PICP,,,Plein jour,En agglomération,Intersection en T,Normale,Deux véhicules - côté,,,,,,,,,,,1,2,3,1,3
200500021238,0005-04-10 06:48:00,5,4,10,6,48,750,16.0,BPI PASSY MUETTE,,,Crépuscule ou aube,En agglomération,Hors intersection,Normale,Autre collision,,,,,,,,,,,2,2,1,1,6
200500021239,0005-04-13 08:48:00,5,4,13,8,48,750,12.0,BPE DOREE ST MANDE,,,Plein jour,En agglomération,Hors intersection,Normale,Trois véhicules et plus - en chaîne,,,,,,,,,,,1,2,1,1,4
200500021240,0005-04-28 09:10:00,5,4,28,9,10,750,16.0,ECH MAILLOT,,,Plein jour,En agglomération,Hors intersection,Normale,Autre collision,,,,,,,,,,,1,2,1,1,6
200500021241,0005-04-28 16:45:00,5,4,28,16,45,750,16.0,BPE DAUPHINE MUETTE,,,Plein jour,En agglomération,Hors intersection,Normale,Trois véhicules et plus - en chaîne,,,,,,,,,,,1,2,1,1,4
200500021242,0005-04-29 18:50:00,5,4,29,18,50,750,14.0,BPE ORLEANS GENTILLY,,,Plein jour,En agglomération,Hors intersection,Normale,Autre collision,,,,,,,,,,,1,2,1,1,6
200500021243,0005-04-29 18:50:00,5,4,29,18,50,750,16.0,BPI MUETTE DAUPHINE,,,Plein jour,En agglomération,Hors intersection,Normale,Deux véhicules - arrière,,,,,,,,,,,1,2,1,1,2
200500021244,0005-04-29 17:20:00,5,4,29,17,20,750,20.0,BPI LILLAS BAGNOLET,,,Plein jour,En agglomération,Hors intersection,Normale,Deux véhicules - arrière,,,,,,,,,,,1,2,1,1,2
200500021245,0005-04-29 18:15:00,5,4,29,18,15,750,14.0,BPE VANVES CHATILLON,,,Plein jour,En agglomération,Hors intersection,Normale,Deux véhicules - arrière,,,,,,,,,,,1,2,1,1,2
200500021246,0005-04-29 16:30:00,5,4,29,16,30,750,20.0,BPE BAGNOLET LILAS,,,Plein jour,En agglomération,Hors intersection,Normale,Deux véhicules - arrière,,,,,,,,,,,1,2,1,1,2
200500021247,0005-04-29 12:08:00,5,4,29,12,8,750,20.0,BPI LILAS BAGNOLET,,,Plein jour,En agglomération,Hors intersection,Normale,Deux véhicules - arrière,,,,,,,,,,,1,2,1,1,2
200500021248,0005-04-30 14:40:00,5,4,30,14,40,750,13.0,BPE IVRY GARE,,,Plein jour,En agglomération,Hors intersection,Normale,Deux véhicules - côté,,,,,,,,,,,1,2,1,1,3
200500021249,0005-04-30 08:15:00,5,4,30,8,15,750,16.0,BPE AUTEUIL MOLITOR,,,Plein jour,En agglomération,Hors intersection,Normale,Deux véhicules - côté,,,,,,,,,,,1,2,1,1,3
200500021250,0005-04-03 16:50:00,5,4,3,16,50,760,217.0,CANADIENS (AVENUE DES),,,Plein jour,En agglomération,Hors intersection,Normale,Deux véhicules - arrière,,,,,,,,,,,1,2,1,1,2
200500021251,0005-04-08 13:40:00,5,4,8,13,40,760,217.0,"1, GENERAL DE GAULLE (BL",,,Plein jour,En agglomération,Hors intersection,Pluie légère,Autre collision,,,,,,,,,,,1,2,1,2,6
200500021252,0005-04-18 00:05:00,5,4,18,0,5,760,217.0,"1, VERDUN (BOULEVARD DE)",,,Nuit avec éclairage allumé,En agglomération,Intersection en T,Pluie légère,Deux véhicules - côté,,,,,,,,,,,5,2,3,2,3
200500021253,0005-04-21 16:17:00,5,4,21,16,17,760,217.0,"1, MONTREAL (RUE DE)",,,Plein jour,En agglomération,Hors intersection,Normale,Deux véhicules - frontale,,,,,,,,,,,1,2,1,1,1
200500021254,0005-04-23 11:55:00,5,4,23,11,55,760,217.0,"1, MARECHAL JOFFRE (BD)",,,Plein jour,En agglomération,Hors intersection,Pluie légère,Deux véhicules - arrière,,,,,,,,,,,1,2,1,2,2
200500021255,0005-04-24 05:42:00,5,4,24,5,42,760,217.0,"1, GUY DE MAUPASSANT",,,Crépuscule ou aube,En agglomération,Autre intersection,Normale,Sans collision,,,,,,,,,,,2,2,9,1,7
200500021256,0005-04-12 04:10:00,5,4,12,4,10,760,705.0,SEMARD. RUE PIERRE,,,Nuit avec éclairage allumé,En agglomération,Hors intersection,Normale,Sans collision,,,,,,,,,,,5,2,1,1,7
200500021257,0005-04-16 10:20:00,5,4,16,10,20,760,231.0,MARTYRS. RUE DES,,,Plein jour,En agglomération,Hors intersection,Normale,Autre collision,,,,,,,,,,,1,2,1,1,6
200500021258,0005-04-29 19:50:00,5,4,29,19,50,760,259.0,"27, CANY ( ROUTE DE -CD",,,Plein jour,En agglomération,Hors intersection,Normale,Autre collision,,,,,,,,,,,1,2,1,1,6
200500021259,0005-04-01 21:10:00,5,4,1,21,10,760,351.0,"NC, LUDOVIC HALEVY",,,Nuit avec éclairage allumé,En agglomération,Intersection en X,Normale,Deux véhicules - côté,,,,,,,,,,,5,2,2,1,3
200500021260,0005-04-09 17:30:00,5,4,9,17,30,760,351.0,"12, ANDRE SAKHRAROU",,,Plein jour,En agglomération,Intersection en T,Normale,Deux véhicules - arrière,,,,,,,,,,,1,2,3,1,2
200500021261,0005-04-11 16:30:00,5,4,11,16,30,760,351.0,"0, VALLEE (DE LA)",,,Plein jour,En agglomération,Intersection en T,Normale,Trois véhicules et plus - collisions multiples,,,,,,,,,,,1,2,3,1,5
200500021262,0005-04-19 17:20:00,5,4,19,17,20,760,351.0,"32, CAMILLE PELLETAN",,,Plein jour,En agglomération,Hors intersection,Normale,Deux véhicules - frontale,,,,,,,,,,,1,2,1,1,1
200500021263,0005-04-21 20:20:00,5,4,21,20,20,760,351.0,"126, DEMIDOFF <106 ET <1",,,Plein jour,En agglomération,Hors intersection,Normale,Autre collision,,,,,,,,,,,1,2,1,1,6
200500021264,0005-04-25 09:45:00,5,4,25,9,45,760,351.0,APLEMONT (D'),,,Plein jour,En agglomération,Autre intersection,Normale,Deux véhicules - arrière,,,,,,,,,,,1,2,9,1,2
200500021265,0005-04-25 17:00:00,5,4,25,17,0,760,351.0,"INCONNU, HUIT MAI 1945 (",,,Plein jour,En agglomération,Hors intersection,Normale,Autre collision,,,,,,,,,,,1,2,1,1,6
200500021266,0005-04-26 02:45:00,5,4,26,2,45,760,341.0,"0, ROUTE NATIONALE 382",,,Nuit avec éclairage allumé,En agglomération,Hors intersection,Normale,Sans collision,,,,,,,,,,,5,2,1,1,7
200500021267,0005-04-26 18:35:00,5,4,26,18,35,760,351.0,"12 bis, BERANGER",,,Plein jour,En agglomération,Hors intersection,Pluie légère,Autre collision,,,,,,,,,,,1,2,1,2,6
200500021268,0005-04-01 08:45:00,5,4,1,8,45,760,540.0,"1, EUROPE. BOULEVARD DE",,,Plein jour,En agglomération,Hors intersection,Normale,Trois véhicules et plus - collisions multiples,,,,,,,,,,,1,2,1,1,5
200500021269,0005-04-12 11:15:00,5,4,12,11,15,760,681.0,"1, HOTEL DE VILLE. PLACE",,,Plein jour,En agglomération,Hors intersection,Normale,Autre collision,,,,,,,,,,,1,2,1,1,6
200500021270,0005-04-02 18:35:00,5,4,2,18,35,760,540.0,"1, DUNANT. RUE HENRI",,,Plein jour,En agglomération,Hors intersection,Normale,Autre collision,,,,,,,,,,,1,2,1,1,6
200500021271,0005-04-04 23:00:00,5,4,4,23,0,760,681.0,"0, INDUSTRIEL. BOULEVARD",,,Nuit avec éclairage allumé,En agglomération,Hors intersection,Pluie légère,Sans collision,,,,,,,,,,,5,2,1,2,7
200500021272,0005-04-05 22:35:00,5,4,5,22,35,760,540.0,"45, VERDUN. BOULEVARD DE",,,Nuit avec éclairage allumé,En agglomération,Hors intersection,Normale,Sans collision,,,,,,,,,,,5,2,1,1,7
200500021273,0005-04-08 23:35:00,5,4,8,23,35,760,540.0,"1, VERDUN. BOULEVARD DE",,,Nuit avec éclairage allumé,En agglomération,Hors intersection,Normale,Autre collision,,,,,,,,,,,5,2,1,1,6
200500021274,0005-04-09 09:50:00,5,4,9,9,50,760,319.0,"1, RN 138",,,Plein jour,En agglomération,Hors intersection,Normale,Deux véhicules - côté,,,,,,,,,,,1,2,1,1,3
200500021275,0005-04-10 13:20:00,5,4,10,13,20,760,474.0,"1, DIEPPE. ROUTE DE (RN",,,Plein jour,En agglomération,Hors intersection,Normale,Autre collision,,,,,,,,,,,1,2,1,1,6
200500021276,0005-04-10 02:35:00,5,4,10,2,35,760,575.0,"1, LENINE. BOULEVARD",,,Nuit avec éclairage allumé,En agglomération,Hors intersection,Normale,Trois véhicules et plus - en chaîne,,,,,,,,,,,5,2,1,1,4
200500021277,0005-04-11 12:15:00,5,4,11,12,15,760,429.0,"49, DARNETAL. CHEMIN DE",,,Plein jour,En agglomération,Hors intersection,Normale,Deux véhicules - côté,,,,,,,,,,,1,2,1,1,3
200500021278,0005-04-12 05:30:00,5,4,12,5,30,760,157.0,"1, MAUPASSANT. COTE GUY",,,Nuit avec éclairage allumé,En agglomération,Hors intersection,Normale,Autre collision,,,,,,,,,,,5,2,1,1,6
200500021279,0005-04-12 21:15:00,5,4,12,21,15,760,402.0,"1, LESOUEF. RUE LOUIS",,,Crépuscule ou aube,En agglomération,Hors intersection,Normale,Deux véhicules - côté,,,,,,,,,,,2,2,1,1,3
200500021280,0005-04-12 18:00:00,5,4,12,18,0,760,95.0,"1, RN 28 (ROUTE DE NEUFC",,,Plein jour,En agglomération,Hors intersection,Normale,Autre collision,,,,,,,,,,,1,2,1,1,6
200500021281,0005-04-12 12:50:00,5,4,12,12,50,760,429.0,"1, ANJOU. RUE D'",,,Plein jour,En agglomération,Hors intersection,Normale,Deux véhicules - côté,,,,,,,,,,,1,2,1,1,3
200500021282,0005-04-17 12:15:00,5,4,17,12,15,760,681.0,"1, BRUYERES. ROND POINT",,,Plein jour,En agglomération,Hors intersection,Normale,Autre collision,,,,,,,,,,,1,2,1,1,6
200500021283,0005-04-20 15:00:00,5,4,20,15,0,760,575.0,"1, CROIZAT. AVENUE AMBRO",,,Plein jour,En agglomération,Intersection en T,Normale,Deux véhicules - côté,,,,,,,,,,,1,2,3,1,3
200500021284,0005-04-19 13:10:00,5,4,19,13,10,760,322.0,"77A, CARNOT. RUE SADI",,,Plein jour,En agglomération,Hors intersection,Normale,Autre collision,,,,,,,,,,,1,2,1,1,6
200500021285,0005-04-19 23:00:00,5,4,19,23,0,760,157.0,"1, CDE",,,Nuit avec éclairage allumé,En agglomération,Hors intersection,Normale,Deux véhicules - frontale,,,,,,,,,,,5,2,1,1,1
200500021286,0005-04-21 17:35:00,5,4,21,17,35,760,540.0,"1, EUROPE. BOULEVARD DE",,,Plein jour,En agglomération,Hors intersection,Normale,Deux véhicules - côté,,,,,,,,,,,1,2,1,1,3
200500021287,0005-04-21 18:15:00,5,4,21,18,15,760,157.0,"1, CANTELEU. COTE DE (CD",,,Plein jour,En agglomération,Hors intersection,Normale,Sans collision,,,,,,,,,,,1,2,1,1,7
200500021288,0005-04-21 17:50:00,5,4,21,17,50,760,540.0,"1, RONDEAUX. AVENUE JEAN",,,Plein jour,En agglomération,Hors intersection,Normale,Deux véhicules - côté,,,,,,,,,,,1,2,1,1,3
200500021289,0005-04-21 13:50:00,5,4,21,13,50,760,540.0,"1, CARNOT. PLACE",,,Plein jour,En agglomération,Hors intersection,Normale,Deux véhicules - arrière,,,,,,,,,,,1,2,1,1,2
200500021290,0005-04-23 10:30:00,5,4,23,10,30,760,410.0,"17, PAUL PAINLEVE - QUAR",,,Plein jour,En agglomération,Hors intersection,Pluie légère,Autre collision,,,,,,,,,,,1,2,1,2,6
200500021291,0005-04-23 00:35:00,5,4,23,0,35,760,540.0,MATHILDE. PONT,,,Nuit avec éclairage allumé,En agglomération,Hors intersection,Pluie légère,Sans collision,,,,,,,,,,,5,2,1,2,7
200500021292,0005-04-23 22:30:00,5,4,23,22,30,760,540.0,"127, JAURES. BOULEVARD J",,,Nuit avec éclairage allumé,En agglomération,Hors intersection,Normale,Sans collision,,,,,,,,,,,5,2,1,1,7
200500021293,0005-04-24 16:00:00,5,4,24,16,0,760,5.0,"167-169, PARIS. ROUTE DE",,,Plein jour,En agglomération,Hors intersection,Normale,Sans collision,,,,,,,,,,,1,2,1,1,7
200500021294,0005-04-26 11:45:00,5,4,26,11,45,760,410.0,"48, REPUBLIQUE. RUE DE L",,,Plein jour,En agglomération,Hors intersection,Normale,Autre collision,,,,,,,,,,,1,2,1,1,6
200500021295,0005-04-26 07:40:00,5,4,26,7,40,760,540.0,"1, MONT RIBOUDET - QUART",,,Plein jour,En agglomération,Hors intersection,Normale,Autre collision,,,,,,,,,,,1,2,1,1,6
200500021296,0005-04-28 17:00:00,5,4,28,17,0,760,540.0,"32/34, EUROPE. BOULEVARD",,,Plein jour,En agglomération,Hors intersection,Normale,Autre collision,,,,,,,,,,,1,2,1,1,6