accident_id,datetime,annee,mois,jour,heure,minute,departement,commune_insee,adresse,latitude,longitude,luminosite,agglomeration,intersection,meteo,collision,nb_vehicules,nb_usagers,nb_indemnes,nb_tues,nb_blesses_hosp,nb_blesses_legers,age_cond_1,age_cond_2,veh_type_cond_1,veh_type_cond_2,lum_code,agg_code,int_code,atm_code,col_code
200500021428,0005-04-11 07:35:00,5,4,11,7,35,780,481.0,RD 157,,,Plein jour,En agglomération,Hors intersection,Normale,Deux véhicules - côté,,,,,,,,,,,1,2,1,1,3
200500021429,0005-04-12 16:55:00,5,4,12,16,55,780,481.0,JEAN JAURES (AVENUE),,,Plein jour,En agglomération,Intersection en T,Normale,Deux véhicules - arrière,,,,,,,,,,,1,2,3,1,2
200500021430,0005-04-16 22:35:00,5,4,16,22,35,780,551.0,PRIOLET (ALBERT),,,Nuit avec éclairage allumé,En agglomération,Intersection en T,Normale,Deux véhicules - côté,,,,,,,,,,,5,2,3,1,3
200500021431,0005-04-15 13:50:00,5,4,15,13,50,780,481.0,MARECHAL DE LATTRE DE TA,,,Plein jour,En agglomération,Intersection en T,Normale,Deux véhicules - arrière,,,,,,,,,,,1,2,3,1,2
200500021432,0005-04-18 20:05:00,5,4,18,20,5,780,551.0,"INCONNU, MAISON VERTE (D",,,Plein jour,En agglomération,Hors intersection,Normale,Trois véhicules et plus - collisions multiples,,,,,,,,,,,1,2,1,1,5
200500021433,0005-04-25 01:00:00,5,4,25,1,0,780,551.0,RD 308,,,Nuit sans éclairage public,En agglomération,Hors intersection,Normale,Deux véhicules - frontale,,,,,,,,,,,3,2,1,1,1
200500021434,0005-04-25 15:35:00,5,4,25,15,35,780,551.0,"INCONNU, FERME DES NOYER",,,Plein jour,En agglomération,Hors intersection,Normale,Sans collision,,,,,,,,,,,1,2,1,1,7
200500021435,0005-04-04 05:25:00,5,4,4,5,25,780,586.0,REPUBLIQUE (AVENUE) N° P,,,Nuit avec éclairage allumé,En agglomération,Hors intersection,Normale,Sans collision,,,,,,,,,,,5,2,1,1,7
200500021436,0005-04-08 14:30:00,5,4,8,14,30,780,586.0,"6, EUROPE",,,Plein jour,En agglomération,Hors intersection,Pluie légère,Sans collision,,,,,,,,,,,1,2,1,2,7
200500021437,0005-04-14 08:40:00,5,4,14,8,40,780,586.0,"58, STALINGRAD",,,Plein jour,En agglomération,Hors intersection,Pluie légère,Sans collision,,,,,,,,,,,1,2,1,2,7
200500021438,0005-04-15 20:35:00,5,4,15,20,35,780,586.0,BATTERIE,,,Nuit avec éclairage allumé,En agglomération,Intersection en X,Pluie légère,Deux véhicules - côté,,,,,,,,,,,5,2,2,2,3
200500021439,0005-04-24 10:00:00,5,4,24,10,0,780,586.0,RUINE (PONT DIT DE LA),,,Plein jour,En agglomération,Giratoire,Pluie légère,Deux véhicules - côté,,,,,,,,,,,1,2,6,2,3
200500021440,0005-04-08 22:35:00,5,4,8,22,35,780,621.0,PORT ROYAL (RUE),,,Nuit avec éclairage allumé,En agglomération,Autre intersection,Pluie légère,Deux véhicules - côté,,,,,,,,,,,5,2,9,2,3
200500021441,0005-04-02 05:05:00,5,4,2,5,5,780,621.0,HENNEQUIN (AVENUE ROGER),,,Nuit avec éclairage allumé,En agglomération,Hors intersection,Normale,Autre collision,,,,,,,,,,,5,2,1,1,6
200500021442,0005-04-10 03:30:00,5,4,10,3,30,780,621.0,DEPARTEMENTALE 912 (ROUT,,,Nuit avec éclairage allumé,En agglomération,Hors intersection,Normale,Autre collision,,,,,,,,,,,5,2,1,1,6
200500021443,0005-04-12 08:55:00,5,4,12,8,55,780,621.0,NATIONALE 10   (ROUTE),,,Plein jour,En agglomération,Intersection à plus de 4 branches,Normale,Trois véhicules et plus - en chaîne,,,,,,,,,,,1,2,5,1,4
200500021444,0005-04-21 14:00:00,5,4,21,14,0,780,621.0,HENNEQUIN (AVENUE ROGER),,,Plein jour,En agglomération,Intersection en X,Normale,Deux véhicules - côté,,,,,,,,,,,1,2,2,1,3
200500021445,0005-04-22 16:50:00,5,4,22,16,50,780,621.0,ALLENDE (AVE. SALV.)(NOR,,,Plein jour,En agglomération,Intersection en T,Normale,Sans collision,,,,,,,,,,,1,2,3,1,7
200500021446,0005-04-15 17:00:00,5,4,15,17,0,780,686.0,ANJOU (RUE D'),,,Plein jour,En agglomération,Intersection en T,Normale,Autre collision,,,,,,,,,,,1,2,3,1,6
200500021447,0005-04-17 14:10:00,5,4,17,14,10,780,686.0,"23, LOUIS BREGUET (AVENU",,,Plein jour,En agglomération,Hors intersection,Normale,Deux véhicules - arrière,,,,,,,,,,,1,2,1,1,2
200500021448,0005-04-17 18:15:00,5,4,17,18,15,780,686.0,"2, EUROPE (AVENUE DE L')",,,Plein jour,En agglomération,Hors intersection,Normale,Deux véhicules - frontale,,,,,,,,,,,1,2,1,1,1
200500021449,0005-04-23 11:40:00,5,4,23,11,40,780,686.0,LE MAIL (CENTRE COMMERCI,,,Plein jour,En agglomération,Hors intersection,Normale,Autre collision,,,,,,,,,,,1,2,1,1,6
200500021450,0005-04-02 18:15:00,5,4,2,18,15,780,646.0,"29 bis, NOAILLES (RUE DE",,,Plein jour,En agglomération,Hors intersection,Normale,Deux véhicules - côté,,,,,,,,,,,1,2,1,1,3
200500021451,0005-04-02 14:05:00,5,4,2,14,5,780,646.0,"12, ORANGERIE (RUE DE L'",,,Plein jour,En agglomération,Hors intersection,Normale,Deux véhicules - côté,,,,,,,,,,,1,2,1,1,3
200500021452,0005-04-05 15:15:00,5,4,5,15,15,780,646.0,"36, CHANTIERS (RUE DES)",,,Plein jour,En agglomération,Hors intersection,Normale,Autre collision,,,,,,,,,,,1,2,1,1,6
200500021453,0005-04-08 20:45:00,5,4,8,20,45,780,646.0,"33, SATORY (RUE DE)",,,Nuit avec éclairage allumé,En agglomération,Hors intersection,Pluie légère,Autre collision,,,,,,,,,,,5,2,1,2,6
200500021454,0005-04-14 19:40:00,5,4,14,19,40,780,343.0,SAINT GERMAIN (ROUTE DE),,,Crépuscule ou aube,Hors agglomération,Hors intersection,Pluie forte,Deux véhicules - arrière,,,,,,,,,,,2,1,1,3,2
200500021455,0005-04-15 21:50:00,5,4,15,21,50,780,646.0,SAINT CLOUD (AVENUE DE),,,Nuit avec éclairage allumé,En agglomération,Hors intersection,Normale,Deux véhicules - côté,,,,,,,,,,,5,2,1,1,3
200500021456,0005-04-15 13:10:00,5,4,15,13,10,780,646.0,"49, PARC DE CLAGNY (RUE",,,Plein jour,En agglomération,Hors intersection,Normale,Autre collision,,,,,,,,,,,1,2,1,1,6
200500021457,0005-04-18 07:55:00,5,4,18,7,55,780,646.0,ROYALE (RUE),,,Plein jour,En agglomération,Intersection en X,Pluie légère,Autre collision,,,,,,,,,,,1,2,2,2,6
200500021458,0005-04-18 09:00:00,5,4,18,9,0,780,646.0,"0, MISSIONNAIRES (RUE DE",,,Plein jour,En agglomération,Intersection en T,Pluie légère,Deux véhicules - côté,,,,,,,,,,,1,2,3,2,3
200500021459,0005-04-18 19:00:00,5,4,18,19,0,780,646.0,SAINT CYR (ROUTE DE),,,Crépuscule ou aube,En agglomération,Intersection en X,Temps éblouissant,Deux véhicules - côté,,,,,,,,,,,2,2,2,7,3
200500021460,0005-04-22 18:50:00,5,4,22,18,50,780,646.0,"110, REINE (BOULEVARD DE",,,Plein jour,En agglomération,Hors intersection,Normale,Deux véhicules - côté,,,,,,,,,,,1,2,1,1,3
200500021461,0005-04-28 09:45:00,5,4,28,9,45,780,646.0,RESERVOIRS (RUE DES),,,Plein jour,En agglomération,Hors intersection,Normale,Deux véhicules - côté,,,,,,,,,,,1,2,1,1,3
200500021462,0005-04-11 10:50:00,5,4,11,10,50,780,650.0,"0, COURSES (AVENUE DES)",,,Plein jour,En agglomération,Hors intersection,Normale,Deux véhicules - côté,,,,,,,,,,,1,2,1,1,3
200500021463,0005-04-12 12:40:00,5,4,12,12,40,780,418.0,"0, ONZE NOVEMBRE 1918 (R",,,Plein jour,En agglomération,Intersection en T,Normale,Deux véhicules - côté,,,,,,,,,,,1,2,3,1,3
200500021464,0005-04-13 08:35:00,5,4,13,8,35,780,146.0,"41, REPUBLIQUE (BOULEVAR",,,Plein jour,En agglomération,Hors intersection,Normale,Deux véhicules - côté,,,,,,,,,,,1,2,1,1,3
200500021465,0005-04-16 22:00:00,5,4,16,22,0,780,418.0,"36, GENERAL DE GAULLE (A",,,Nuit avec éclairage allumé,En agglomération,Hors intersection,Normale,Autre collision,,,,,,,,,,,5,2,1,1,6
200500021466,0005-04-18 09:20:00,5,4,18,9,20,780,418.0,GABRIEL PERI (AVENUE),,,Plein jour,En agglomération,Intersection en T,Normale,Deux véhicules - côté,,,,,,,,,,,1,2,3,1,3
200500021467,0005-04-18 12:05:00,5,4,18,12,5,780,418.0,"0, PRESIDENT RENE COTY (",,,Plein jour,En agglomération,Intersection en T,Normale,Deux véhicules - côté,,,,,,,,,,,1,2,3,1,3
200500021468,0005-04-22 19:20:00,5,4,22,19,20,780,650.0,MONTESSON (ROUTE DE),,,Plein jour,En agglomération,Intersection en T,Normale,Deux véhicules - côté,,,,,,,,,,,1,2,3,1,3
200500021469,0005-04-28 08:45:00,5,4,28,8,45,780,418.0,PAUL DOUMER (AVENUE),,,Plein jour,En agglomération,Intersection en T,Normale,Deux véhicules - côté,,,,,,,,,,,1,2,3,1,3
200500021470,0005-04-08 17:00:00,5,4,8,17,0,790,191.0,"01, TARDY (BOULEVARD LOU",,,Plein jour,En agglomération,Intersection en X,Normale,Deux véhicules - côté,,,,,,,,,,,1,2,2,1,3
200500021471,0005-04-23 01:20:00,5,4,23,1,20,790,191.0,"291, PARIS (AV)  176 A 2",,,Nuit avec éclairage allumé,En agglomération,Hors intersection,Pluie légère,Autre collision,,,,,,,,,,,5,2,1,2,6
200500021472,0005-04-14 16:40:00,5,4,14,16,40,800,1.0,LIMACON (du),,,Plein jour,En agglomération,Intersection en T,Pluie légère,Deux véhicules - frontale,,,,,,,,,,,1,2,3,2,1
200500021473,0005-04-01 21:25:00,5,4,1,21,25,800,725.0,"0, GOLF (AVENUE DU)",,,Nuit avec éclairage allumé,En agglomération,Hors intersection,Normale,Sans collision,,,,,,,,,,,5,2,1,1,7
200500021474,0005-04-02 05:25:00,5,4,2,5,25,800,21.0,"0, MAIGNAN LARIVIERE (BO",,,Nuit avec éclairage allumé,En agglomération,Hors intersection,Normale,Autre collision,,,,,,,,,,,5,2,1,1,6
200500021475,0005-04-01 14:10:00,5,4,1,14,10,800,21.0,"0, BAILLON (RUE)",,,Plein jour,En agglomération,Intersection en X,Normale,Deux véhicules - côté,,,,,,,,,,,1,2,2,1,3
200500021476,0005-04-04 19:48:00,5,4,4,19,48,800,21.0,"0, MORGAN (RUE)",,,Plein jour,En agglomération,Intersection en X,Pluie légère,Deux véhicules - côté,,,,,,,,,,,1,2,2,2,3
200500021477,0005-04-04 12:00:00,5,4,4,12,0,800,21.0,LAENNEC (RUE),,,Plein jour,En agglomération,Hors intersection,Pluie légère,Deux véhicules - frontale,,,,,,,,,,,1,2,1,2,1
200500021478,0005-04-05 19:10:00,5,4,5,19,10,800,489.0,"0, MARIUS PETIT (RUE)",,,Plein jour,En agglomération,Hors intersection,Normale,Autre collision,,,,,,,,,,,1,2,1,1,6
200500021479,0005-04-06 18:55:00,5,4,6,18,55,800,21.0,"0, SAINT QUENTIN (BOULEV",,,Plein jour,En agglomération,Intersection en X,Pluie légère,Deux véhicules - côté,,,,,,,,,,,1,2,2,2,3
200500021480,0005-04-07 15:55:00,5,4,7,15,55,800,21.0,FRANKLIN ROOSEVELT (RUE),,,Plein jour,En agglomération,Hors intersection,Normale,Trois véhicules et plus - en chaîne,,,,,,,,,,,1,2,1,1,4
200500021481,0005-04-08 10:30:00,5,4,8,10,30,800,21.0,QUATORZE JUILLET 1789 (A,,,Plein jour,En agglomération,Hors intersection,Pluie légère,Autre collision,,,,,,,,,,,1,2,1,2,6
200500021482,0005-04-09 13:10:00,5,4,9,13,10,800,21.0,ABBEVILLE (RUE D'),,,Plein jour,En agglomération,Hors intersection,Normale,Autre collision,,,,,,,,,,,1,2,1,1,6
200500021483,0005-04-09 17:00:00,5,4,9,17,0,800,21.0,"0, SAINT FUSCIEN (RUE)",,,Plein jour,En agglomération,Intersection en X,Normale,Deux véhicules - côté,,,,,,,,,,,1,2,2,1,3
200500021484,0005-04-06 11:30:00,5,4,6,11,30,800,21.0,"0, SAINT QUENTIN (BOULEV",,,Plein jour,En agglomération,Hors intersection,Normale,Autre collision,,,,,,,,,,,1,2,1,1,6
200500021485,0005-04-12 13:15:00,5,4,12,13,15,800,21.0,"0, AIX (RUE DE )",,,Plein jour,En agglomération,Intersection en T,Normale,Deux véhicules - côté,,,,,,,,,,,1,2,3,1,3
200500021486,0005-04-15 09:50:00,5,4,15,9,50,800,21.0,"0, FOY (AVENUE)",,,Plein jour,En agglomération,Hors intersection,Pluie légère,Deux véhicules - arrière,,,,,,,,,,,1,2,1,2,2
200500021487,0005-04-15 11:15:00,5,4,15,11,15,800,21.0,JEAN MOULIN (RUE),,,Plein jour,En agglomération,Hors intersection,Pluie légère,Deux véhicules - côté,,,,,,,,,,,1,2,1,2,3
200500021488,0005-04-16 16:40:00,5,4,16,16,40,800,379.0,"0, PHILEAS FOGG (AVENUE)",,,Plein jour,En agglomération,Hors intersection,Normale,Deux véhicules - côté,,,,,,,,,,,1,2,1,1,3
200500021489,0005-04-17 13:00:00,5,4,17,13,0,800,21.0,"0, AMONT (PORT D')",,,Plein jour,En agglomération,Intersection en X,Normale,Deux véhicules - côté,,,,,,,,,,,1,2,2,1,3
200500021490,0005-04-20 07:45:00,5,4,20,7,45,800,131.0,RD 934,,,Crépuscule ou aube,En agglomération,Hors intersection,Brouillard / fumée,Sans collision,,,,,,,,,,,2,2,1,5,7
200500021491,0005-04-19 17:30:00,5,4,19,17,30,800,160.0,LATAPIE (RUE),,,Plein jour,En agglomération,Intersection en T,Normale,Deux véhicules - côté,,,,,,,,,,,1,2,3,1,3
200500021492,0005-04-22 19:05:00,5,4,22,19,5,800,21.0,"0, VOYELLE (RUE)",,,Plein jour,En agglomération,Hors intersection,Normale,Sans collision,,,,,,,,,,,1,2,1,1,7
200500021493,0005-04-23 13:55:00,5,4,23,13,55,800,489.0,"0, PHARE DU BOUT DU MOND",,,Plein jour,En agglomération,Hors intersection,Normale,Deux véhicules - arrière,,,,,,,,,,,1,2,1,1,2
200500021494,0005-04-21 22:05:00,5,4,21,22,5,800,21.0,"0, CARNOT (BOULEVARD)",,,Nuit avec éclairage allumé,En agglomération,Hors intersection,Normale,Deux véhicules - arrière,,,,,,,,,,,5,2,1,1,2
200500021495,0005-04-22 16:20:00,5,4,22,16,20,800,21.0,"0, ALEXANDRE DUMAS (RUE)",,,Plein jour,En agglomération,Hors intersection,Normale,Sans collision,,,,,,,,,,,1,2,1,1,7
200500021496,0005-04-22 16:40:00,5,4,22,16,40,800,21.0,"113, CAGNY (RUE DE)",,,Plein jour,En agglomération,Hors intersection,Normale,Autre collision,,,,,,,,,,,1,2,1,1,6
200500021497,0005-04-22 18:35:00,5,4,22,18,35,800,21.0,ROCADE NORD,,,Plein jour,En agglomération,Hors intersection,Normale,Deux véhicules - côté,,,,,,,,,,,1,2,1,1,3
200500021498,0005-04-25 17:50:00,5,4,25,17,50,800,21.0,"0, SAINT QUENTIN (BOULEV",,,Plein jour,En agglomération,Hors intersection,Normale,Trois véhicules et plus - collisions multiples,,,,,,,,,,,1,2,1,1,5
200500021499,0005-04-30 21:00:00,5,4,30,21,0,800,21.0,"0, ROLAND GARROS (RUE)",,,Nuit avec éclairage allumé,En agglomération,Hors intersection,Normale,Autre collision,,,,,,,,,,,5,2,1,1,6
200500021500,0005-04-02 05:35:00,5,4,2,5,35,810,144.0,ALBI A CARMAUX  ( D.90 D,,,Nuit sans éclairage public,En agglomération,Hors intersection,Normale,Autre collision,,,,,,,,,,,3,2,1,1,6
200500021501,0005-04-15 19:15:00,5,4,15,19,15,810,144.0,DRECHES ( D.90 A  DIT DE,,,Plein jour,En agglomération,Hors intersection,Normale,Trois véhicules et plus - collisions multiples,,,,,,,,,,,1,2,1,1,5
200500021502,0005-04-20 14:15:00,5,4,20,14,15,810,60.0,"01, THOMAS (AVENUE ALBER",,,Plein jour,En agglomération,Hors intersection,Normale,Autre collision,,,,,,,,,,,1,2,1,1,6
200500021503,0005-04-01 18:15:00,5,4,1,18,15,810,65.0,TOULOUSE (RTE DE),,,Plein jour,En agglomération,Hors intersection,Normale,Deux véhicules - côté,,,,,,,,,,,1,2,1,1,3
200500021504,0005-04-04 07:50:00,5,4,4,7,50,810,65.0,ALSACE LORRAINE (PLACE),,,Plein jour,En agglomération,Intersection en X,Normale,Deux véhicules - côté,,,,,,,,,,,1,2,2,1,3
200500021505,0005-04-06 10:15:00,5,4,6,10,15,810,65.0,NAVES RD 85 (RTE),,,Plein jour,En agglomération,Hors intersection,Normale,Deux véhicules - arrière,,,,,,,,,,,1,2,1,1,2
200500021506,0005-04-10 19:45:00,5,4,10,19,45,810,65.0,LAVAUR (AVENUE DE),,,Crépuscule ou aube,En agglomération,Hors intersection,Normale,Deux véhicules - arrière,,,,,,,,,,,2,2,1,1,2
200500021507,0005-04-12 12:10:00,5,4,12,12,10,810,65.0,"145, SIDOBRE (AV. DU)",,,Plein jour,En agglomération,Hors intersection,Normale,Deux véhicules - arrière,,,,,,,,,,,1,2,1,1,2
200500021508,0005-04-13 15:30:00,5,4,13,15,30,810,65.0,"92, TOULOUSE RN 126 (RTE",,,Plein jour,En agglomération,Hors intersection,Normale,Deux véhicules - côté,,,,,,,,,,,1,2,1,1,3
200500021509,0005-04-15 13:25:00,5,4,15,13,25,810,65.0,LAUTREC RD 83 (RTE DE),,,Plein jour,En agglomération,Hors intersection,Temps couvert,Deux véhicules - côté,,,,,,,,,,,1,2,1,8,3
200500021510,0005-04-25 20:00:00,5,4,25,20,0,810,65.0,"2, MITTERRAND (AV. FRANC",,,Plein jour,En agglomération,Hors intersection,Normale,Sans collision,,,,,,,,,,,1,2,1,1,7
200500021511,0005-04-26 16:45:00,5,4,26,16,45,810,65.0,GAULLE (AV. CHARLES DE),,,Plein jour,En agglomération,Hors intersection,Normale,Autre collision,,,,,,,,,,,1,2,1,1,6
200500021512,0005-04-30 02:00:00,5,4,30,2,0,810,65.0,"20, FOCH (BD.MARECHAL)",,,Plein jour,En agglomération,Intersection en X,Normale,Deux véhicules - côté,,,,,,,,,,,1,2,2,1,3
200500021513,0005-04-30 02:20:00,5,4,30,2,20,810,65.0,"1, MITTERRAND (AV. FRANC",,,Nuit avec éclairage allumé,En agglomération,Intersection en T,Normale,Deux véhicules - côté,,,,,,,,,,,5,2,3,1,3
200500021514,0005-04-18 07:45:00,5,4,18,7,45,820,33.0,"1, RD 12",,,Plein jour,En agglomération,Hors intersection,Temps couvert,Deux véhicules - côté,,,,,,,,,,,1,2,1,8,3
200500021515,0005-04-04 21:45:00,5,4,4,21,45,820,33.0,RN 113,,,Nuit sans éclairage public,En agglomération,Intersection en T,Normale,Deux véhicules - côté,,,,,,,,,,,3,2,3,1,3
200500021516,0005-04-28 03:45:00,5,4,28,3,45,820,33.0,CD 958,,,Nuit sans éclairage public,En agglomération,Hors intersection,Normale,Autre collision,,,,,,,,,,,3,2,1,1,6
200500021517,0005-04-03 00:57:00,5,4,3,0,57,820,121.0,"66, 11EME REGIMENT D'INF",,,Nuit avec éclairage allumé,En agglomération,Intersection en X,Normale,Deux véhicules - côté,,,,,,,,,,,5,2,2,1,3
200500021518,0005-04-01 12:43:00,5,4,1,12,43,820,121.0,"0, EUROPE (AVENUE DE L')",,,Plein jour,En agglomération,Intersection en T,Normale,Deux véhicules - côté,,,,,,,,,,,1,2,3,1,3
200500021519,0005-04-07 20:07:00,5,4,7,20,7,820,121.0,"0, DOUMERC (BOULEVARD BL",,,Crépuscule ou aube,En agglomération,Intersection en X,Pluie légère,Deux véhicules - côté,,,,,,,,,,,2,2,2,2,3
200500021520,0005-04-07 07:20:00,5,4,7,7,20,820,121.0,"0, LIBERATION (PLACE DE",,,Plein jour,En agglomération,Giratoire,Normale,Deux véhicules - côté,,,,,,,,,,,1,2,6,1,3
200500021521,0005-04-06 08:00:00,5,4,6,8,0,820,121.0,"0, MANDOUNE (RUE DE LA)",,,Plein jour,En agglomération,Hors intersection,Normale,Deux véhicules - arrière,,,,,,,,,,,1,2,1,1,2
200500021522,0005-04-07 21:25:00,5,4,7,21,25,820,121.0,"0, BRIAND (RUE ARISTIDE)",,,Nuit avec éclairage allumé,En agglomération,Giratoire,Pluie légère,Deux véhicules - frontale,,,,,,,,,,,5,2,6,2,1
200500021523,0005-04-08 16:31:00,5,4,8,16,31,820,121.0,"0, UNAL (AVENUE MARCEL)",,,Plein jour,En agglomération,Intersection en T,Normale,Deux véhicules - côté,,,,,,,,,,,1,2,3,1,3
200500021524,0005-04-11 20:00:00,5,4,11,20,0,820,121.0,"0, SAINT-ETIENNE DE TULM",,,Crépuscule ou aube,Hors agglomération,Intersection en X,Normale,Deux véhicules - côté,,,,,,,,,,,2,1,2,1,3
200500021525,0005-04-13 07:50:00,5,4,13,7,50,820,121.0,"0, ALBEFEUILLE D 72 ( RO",,,Crépuscule ou aube,En agglomération,Hors intersection,Normale,Autre collision,,,,,,,,,,,2,2,1,1,6
200500021526,0005-04-15 14:00:00,5,4,15,14,0,820,121.0,"86, DOUMERC (BOULEVARD B",,,Plein jour,En agglomération,Hors intersection,Normale,Deux véhicules - côté,,,,,,,,,,,1,2,1,1,3
200500021527,0005-04-18 08:00:00,5,4,18,8,0,820,121.0,"1452, CORBARIEU D 21 (RO",,,Plein jour,En agglomération,Hors intersection,Pluie légère,Autre collision,,,,,,,,,,,1,2,1,2,6
200500021528,0005-04-27 14:19:00,5,4,27,14,19,820,121.0,"342, PERRUQUIERE (chemin",,,Plein jour,En agglomération,Hors intersection,Normale,Autre collision,,,,,,,,,,,1,2,1,1,6
200500021529,0005-04-21 18:31:00,5,4,21,18,31,820,121.0,"27, ARTS (RUE DES)",,,Plein jour,En agglomération,Intersection en X,Normale,Deux véhicules - côté,,,,,,,,,,,1,2,2,1,3
200500021530,0005-04-22 11:44:00,5,4,22,11,44,820,121.0,"0, ALBI D 999 (AVENUE D'",,,Plein jour,En agglomération,Intersection en T,Normale,Deux véhicules - côté,,,,,,,,,,,1,2,3,1,3
200500021531,0005-04-23 16:36:00,5,4,23,16,36,820,121.0,"0, LEOJAC D 70 (ROUTE DE",,,Plein jour,En agglomération,Intersection en T,Normale,Deux véhicules - côté,,,,,,,,,,,1,2,3,1,3
200500021532,0005-04-29 14:00:00,5,4,29,14,0,820,121.0,"0, JOURDAIN (RUE ALPHONS",,,Plein jour,En agglomération,Hors intersection,Normale,Autre collision,,,,,,,,,,,1,2,1,1,6
200500021533,0005-04-25 08:20:00,5,4,25,8,20,820,121.0,"0, VOLTAIRE (RUE)",,,Plein jour,En agglomération,Intersection en X,Normale,Trois véhicules et plus - collisions multiples,,,,,,,,,,,1,2,2,1,5
200500021534,0005-04-06 20:45:00,5,4,6,20,45,820,121.0,"40, ARDUS (AVENUE D')",,,Crépuscule ou aube,En agglomération,Hors intersection,Normale,Autre collision,,,,,,,,,,,2,2,1,1,6
200500021535,0005-04-30 11:25:00,5,4,30,11,25,830,50.0,SCAMARONI(AVENUE FRED),,,Plein jour,Hors agglomération,Intersection en X,Normale,Trois véhicules et plus - en chaîne,,,,,,,,,,,1,1,2,1,4
200500021536,0005-04-23 18:40:00,5,4,23,18,40,830,61.0,"291, RN7",,,Plein jour,En agglomération,Hors intersection,Normale,Deux véhicules - côté,,,,,,,,,,,1,2,1,1,3
200500021537,0005-04-25 12:00:00,5,4,25,12,0,830,61.0,"0, BOULEVARD PEIRE SARAD",,,Plein jour,En agglomération,Hors intersection,Normale,Autre collision,,,,,,,,,,,1,2,1,1,6
200500021538,0005-04-22 18:00:00,5,4,22,18,0,830,61.0,"40, RÉSIDENCE LE COUNILL",,,Plein jour,En agglomération,Hors intersection,Normale,Autre collision,,,,,,,,,,,1,2,1,1,6
200500021539,0005-04-04 17:25:00,5,4,4,17,25,830,129.0,"215, JUIN MARECHAL (AV D",,,Plein jour,En agglomération,Intersection en T,Normale,Deux véhicules - côté,,,,,,,,,,,1,2,3,1,3
200500021540,0005-04-05 16:10:00,5,4,5,16,10,830,129.0,"491, DE LATTRE DE TASSIG",,,Plein jour,En agglomération,Hors intersection,Normale,Autre collision,,,,,,,,,,,1,2,1,1,6
200500021541,0005-04-04 22:45:00,5,4,4,22,45,830,129.0,JUIN MARECHAL (AV DU),,,Nuit sans éclairage public,En agglomération,Hors intersection,Normale,Deux véhicules - frontale,,,,,,,,,,,3,2,1,1,1
200500021542,0005-04-25 16:15:00,5,4,25,16,15,830,123.0,TOULON (ANCIEN CHEMIN DE,,,Plein jour,En agglomération,Hors intersection,Normale,Deux véhicules - frontale,,,,,,,,,,,1,2,1,1,1
200500021543,0005-04-08 08:05:00,5,4,8,8,5,830,126.0,", GAGARINE (AV YOURI)",,,Plein jour,En agglomération,Hors intersection,Normale,Deux véhicules - arrière,,,,,,,,,,,1,2,1,1,2
200500021544,0005-04-10 13:30:00,5,4,10,13,30,830,126.0,", PYROTECHNIE (RD POINT",,,Plein jour,En agglomération,Hors intersection,Pluie légère,Deux véhicules - côté,,,,,,,,,,,1,2,1,2,3
200500021545,0005-04-18 17:45:00,5,4,18,17,45,830,126.0,"0, GUILLAUME (AV HENRI)",,,Plein jour,En agglomération,Intersection en X,Normale,Deux véhicules - côté,,,,,,,,,,,1,2,2,1,3
200500021546,0005-04-25 18:00:00,5,4,25,18,0,830,126.0,", GAGARINE (AV YOURI)",,,Plein jour,En agglomération,Hors intersection,Normale,Deux véhicules - côté,,,,,,,,,,,1,2,1,1,3
200500021547,0005-04-26 07:40:00,5,4,26,7,40,830,126.0,"667, EVESCAT (CHEMIN DE",,,Plein jour,En agglomération,Hors intersection,Normale,Deux véhicules - arrière,,,,,,,,,,,1,2,1,1,2
200500021548,0005-04-26 07:35:00,5,4,26,7,35,830,126.0,", DE GAULLE (AV CHARLES)",,,Plein jour,En agglomération,Hors intersection,Normale,Autre collision,,,,,,,,,,,1,2,1,1,6
200500021549,0005-04-29 18:10:00,5,4,29,18,10,830,126.0,", ARMEE FRANCAISE (AV DE",,,Plein jour,En agglomération,Hors intersection,Normale,Autre collision,,,,,,,,,,,1,2,1,1,6
200500021550,0005-04-30 15:15:00,5,4,30,15,15,830,126.0,", DE GAULLE (AV CHARLES)",,,Plein jour,En agglomération,Hors intersection,Normale,Autre collision,,,,,,,,,,,1,2,1,1,6
200500021551,0005-04-02 12:20:00,5,4,2,12,20,830,90.0,RESISTANCE (AVE DE LA),,,Plein jour,En agglomération,Hors intersection,Normale,Deux véhicules - frontale,,,,,,,,,,,1,2,1,1,1
200500021552,0005-04-04 13:15:00,5,4,4,13,15,830,137.0,"533, 15EME CORPS (AVE DU",,,Plein jour,En agglomération,Hors intersection,Normale,Autre collision,,,,,,,,,,,1,2,1,1,6
200500021553,0005-04-06 12:15:00,5,4,6,12,15,830,137.0,BRIAND (AVE ARISTIDE DE,,,Plein jour,En agglomération,Intersection à plus de 4 branches,Normale,Deux véhicules - côté,,,,,,,,,,,1,2,5,1,3
200500021554,0005-04-06 20:40:00,5,4,6,20,40,830,137.0,"671, 15EME CORPS (AVE DU",,,Nuit avec éclairage allumé,En agglomération,Hors intersection,Normale,Autre collision,,,,,,,,,,,5,2,1,1,6
200500021555,0005-04-01 07:42:00,5,4,1,7,42,830,137.0,BROSSET (BD GENERAL),,,Plein jour,En agglomération,Hors intersection,Normale,Autre collision,,,,,,,,,,,1,2,1,1,6
200500021556,0005-04-05 16:20:00,5,4,5,16,20,830,137.0,"54, STRASBOURG (BD DE )",,,Plein jour,En agglomération,Hors intersection,Normale,Autre collision,,,,,,,,,,,1,2,1,1,6