accident_id,datetime,annee,mois,jour,heure,minute,departement,commune_insee,adresse,latitude,longitude,luminosite,agglomeration,intersection,meteo,collision,nb_vehicules,nb_usagers,nb_indemnes,nb_tues,nb_blesses_hosp,nb_blesses_legers,age_cond_1,age_cond_2,veh_type_cond_1,veh_type_cond_2,lum_code,agg_code,int_code,atm_code,col_code
200500021820,0005-04-09 09:10:00,5,4,9,9,10,920,4.0,"01, REDOUTE ( AVENUE DE",,,Plein jour,En agglomération,Autre intersection,Normale,Autre collision,,,,,,,,,,,1,2,9,1,6
200500021821,0005-04-11 19:15:00,5,4,11,19,15,920,4.0,"69, VOLTAIRE  ( BD 01 A",,,Plein jour,En agglomération,Hors intersection,Normale,Autre collision,,,,,,,,,,,1,2,1,1,6
200500021822,0005-04-12 08:15:00,5,4,12,8,15,920,4.0,"4, AULAGNIER ( QUAI )",,,Plein jour,En agglomération,Hors intersection,Normale,Deux véhicules - arrière,,,,,,,,,,,1,2,1,1,2
200500021823,0005-04-12 14:05:00,5,4,12,14,5,920,4.0,"17, GABRIEL PERI (AVE )",,,Plein jour,En agglomération,Hors intersection,Normale,Autre collision,,,,,,,,,,,1,2,1,1,6
200500021824,0005-04-14 06:06:00,5,4,14,6,6,920,4.0,"25, BRETAGNE ( RUE DE )",,,Crépuscule ou aube,En agglomération,Intersection en T,Pluie légère,Autre collision,,,,,,,,,,,2,2,3,2,6
200500021825,0005-04-15 20:25:00,5,4,15,20,25,920,4.0,VOLTAIRE ( BD ),,,Nuit avec éclairage allumé,En agglomération,Intersection en X,Normale,Sans collision,,,,,,,,,,,5,2,2,1,7
200500021826,0005-04-16 20:10:00,5,4,16,20,10,920,4.0,BAPST ( RUE ),,,Crépuscule ou aube,En agglomération,Intersection en T,Normale,Autre collision,,,,,,,,,,,2,2,3,1,6
200500021827,0005-04-24 11:05:00,5,4,24,11,5,920,4.0,"3, REDOUTE ( AVENUE DE L",,,Plein jour,En agglomération,Autre intersection,Normale,Autre collision,,,,,,,,,,,1,2,9,1,6
200500021828,0005-04-29 18:40:00,5,4,29,18,40,920,4.0,PONT DE CLICHY,,,Plein jour,En agglomération,Intersection en X,Normale,Deux véhicules - arrière,,,,,,,,,,,1,2,2,1,2
200500021829,0005-04-30 20:00:00,5,4,30,20,0,920,4.0,"30, GUILLEMIN  ( AVE )",,,Crépuscule ou aube,En agglomération,Hors intersection,Normale,Autre collision,,,,,,,,,,,2,2,1,1,6
200500021830,0005-04-27 15:30:00,5,4,27,15,30,920,7.0,"278, BRIAND (AVENUE ARIS",,,Plein jour,Hors agglomération,Hors intersection,Normale,Trois véhicules et plus - collisions multiples,,,,,,,,,,,1,1,1,1,5
200500021831,0005-04-02 15:35:00,5,4,2,15,35,920,12.0,"1, PONT DE SEVRES (METRO",,,Plein jour,En agglomération,Hors intersection,Normale,Deux véhicules - côté,,,,,,,,,,,1,2,1,1,3
200500021832,0005-04-03 10:55:00,5,4,3,10,55,920,12.0,"1, QUATRE SEPTEMBRE (QUA",,,Plein jour,En agglomération,Intersection en T,Normale,Deux véhicules - arrière,,,,,,,,,,,1,2,3,1,2
200500021833,0005-04-05 13:20:00,5,4,5,13,20,920,12.0,"1, EDOUARD VAILLANT (AVE",,,Plein jour,En agglomération,Autre intersection,Normale,Deux véhicules - frontale,,,,,,,,,,,1,2,9,1,1
200500021834,0005-04-05 21:40:00,5,4,5,21,40,920,12.0,"14, SILLY (RUE DE) 1/87",,,Nuit avec éclairage allumé,En agglomération,Hors intersection,Normale,Deux véhicules - côté,,,,,,,,,,,5,2,1,1,3
200500021835,0005-04-07 10:32:00,5,4,7,10,32,920,12.0,"13, STALINGRAD (QUAI DE)",,,Plein jour,En agglomération,Hors intersection,Normale,Autre collision,,,,,,,,,,,1,2,1,1,6
200500021836,0005-04-07 21:30:00,5,4,7,21,30,920,12.0,"100, ANDRE MORIZET (AVEN",,,Plein jour,En agglomération,Hors intersection,Normale,Autre collision,,,,,,,,,,,1,2,1,1,6
200500021837,0005-04-07 21:31:00,5,4,7,21,31,920,12.0,"198, JEAN JAURES (BOULEV",,,Nuit avec éclairage allumé,En agglomération,Place,Pluie légère,Autre collision,,,,,,,,,,,5,2,7,2,6
200500021838,0005-04-08 09:15:00,5,4,8,9,15,920,12.0,"65, CHATEAU (RUE DU) 1/1",,,Plein jour,En agglomération,Hors intersection,Pluie légère,Autre collision,,,,,,,,,,,1,2,1,2,6
200500021839,0005-04-08 10:15:00,5,4,8,10,15,920,12.0,"1, ROBERT SCHUMAN (AVENU",,,Plein jour,En agglomération,Intersection en X,Pluie légère,Autre collision,,,,,,,,,,,1,2,2,2,6
200500021840,0005-04-08 14:55:00,5,4,8,14,55,920,12.0,"68, EDOUARD VAILLANT (AV",,,Plein jour,En agglomération,Hors intersection,Normale,Autre collision,,,,,,,,,,,1,2,1,1,6
200500021841,0005-04-08 13:50:00,5,4,8,13,50,920,12.0,"94, EDOUARD VAILLANT (AV",,,Plein jour,En agglomération,Passage à niveau,Pluie légère,Trois véhicules et plus - en chaîne,,,,,,,,,,,1,2,8,2,4
200500021842,0005-04-13 13:50:00,5,4,13,13,50,920,12.0,"143, JEAN BAPTISTE CLEME",,,Plein jour,En agglomération,Hors intersection,Normale,Autre collision,,,,,,,,,,,1,2,1,1,6
200500021843,0005-04-14 11:45:00,5,4,14,11,45,920,12.0,"1, GALLIENI (RUE) 55/157",,,Plein jour,En agglomération,Intersection en X,Pluie légère,Deux véhicules - côté,,,,,,,,,,,1,2,2,2,3
200500021844,0005-04-14 11:00:00,5,4,14,11,0,920,12.0,"14, CLAMART (RUE DE)",,,Plein jour,En agglomération,Hors intersection,Normale,Autre collision,,,,,,,,,,,1,2,1,1,6
200500021845,0005-04-15 12:30:00,5,4,15,12,30,920,12.0,"1, SAUSSIERE (RUE DE LA)",,,Plein jour,En agglomération,Hors intersection,Normale,Deux véhicules - côté,,,,,,,,,,,1,2,1,1,3
200500021846,0005-04-15 08:45:00,5,4,15,8,45,920,12.0,"29 BIS, JEAN JAURES (BOU",,,Plein jour,En agglomération,Hors intersection,Normale,Autre collision,,,,,,,,,,,1,2,1,1,6
200500021847,0005-04-19 21:52:00,5,4,19,21,52,920,12.0,"111 bis, REINE (ROUTE DE",,,Plein jour,En agglomération,Hors intersection,Pluie légère,Autre collision,,,,,,,,,,,1,2,1,2,6
200500021848,0005-04-19 18:15:00,5,4,19,18,15,920,12.0,"09/17, QUATRE SEPTEMBRE",,,Plein jour,En agglomération,Hors intersection,Normale,Deux véhicules - arrière,,,,,,,,,,,1,2,1,1,2
200500021849,0005-04-20 16:55:00,5,4,20,16,55,920,12.0,"14, REPUBLIQUE (BOULEVAR",,,Plein jour,En agglomération,Hors intersection,Normale,Deux véhicules - côté,,,,,,,,,,,1,2,1,1,3
200500021850,0005-04-21 00:50:00,5,4,21,0,50,920,12.0,"1, PONT DE SEVRES (METRO",,,Nuit avec éclairage allumé,Hors agglomération,Autre intersection,Normale,Autre collision,,,,,,,,,,,5,1,9,1,6
200500021851,0005-04-21 08:35:00,5,4,21,8,35,920,12.0,PYRAMIDE (RUE DE LA),,,Plein jour,En agglomération,Intersection en X,Normale,Autre collision,,,,,,,,,,,1,2,2,1,6
200500021852,0005-04-22 17:20:00,5,4,22,17,20,920,12.0,"1, REINE (ROUTE DE LA) 8",,,Plein jour,En agglomération,Intersection en X,Normale,Deux véhicules - côté,,,,,,,,,,,1,2,2,1,3
200500021853,0005-04-26 18:30:00,5,4,26,18,30,920,12.0,"25, JEAN JAURES (BOULEVA",,,Plein jour,En agglomération,Hors intersection,Pluie forte,Deux véhicules - côté,,,,,,,,,,,1,2,1,3,3
200500021854,0005-04-27 21:40:00,5,4,27,21,40,920,12.0,ANDRE MORIZET (AVENUE) 1,,,Nuit avec éclairage allumé,En agglomération,Autre intersection,Normale,Deux véhicules - côté,,,,,,,,,,,5,2,9,1,3
200500021855,0005-04-28 12:50:00,5,4,28,12,50,920,12.0,STALINGRAD (QUAI DE) 1/1,,,Plein jour,En agglomération,Hors intersection,Normale,Deux véhicules - arrière,,,,,,,,,,,1,2,1,1,2
200500021856,0005-04-29 15:25:00,5,4,29,15,25,920,12.0,"54, REINE (ROUTE DE LA)",,,Plein jour,En agglomération,Hors intersection,Normale,Autre collision,,,,,,,,,,,1,2,1,1,6
200500021857,0005-04-29 19:50:00,5,4,29,19,50,920,12.0,"96, EDOUARD VAILLANT (AV",,,Plein jour,En agglomération,Hors intersection,Normale,Autre collision,,,,,,,,,,,1,2,1,1,6
200500021858,0005-04-30 11:00:00,5,4,30,11,0,920,12.0,"114/118, ANDRE MORIZET (",,,Plein jour,En agglomération,Hors intersection,Normale,Autre collision,,,,,,,,,,,1,2,1,1,6
200500021859,0005-04-30 18:20:00,5,4,30,18,20,920,12.0,"1, PONT DE SAINT CLOUD (",,,Plein jour,En agglomération,Hors intersection,Normale,Deux véhicules - arrière,,,,,,,,,,,1,2,1,1,2
200500021860,0005-04-02 12:30:00,5,4,2,12,30,920,32.0,"271, LECLERC DIVISION (A",,,Plein jour,En agglomération,Hors intersection,Normale,Autre collision,,,,,,,,,,,1,2,1,1,6
200500021861,0005-04-09 08:30:00,5,4,9,8,30,920,71.0,"01, GENERAL DE GAULLE (P",,,Plein jour,En agglomération,Place,Normale,Autre collision,,,,,,,,,,,1,2,7,1,6
200500021862,0005-04-21 16:05:00,5,4,21,16,5,920,32.0,"299 BIS, DIVISION LECLER",,,Plein jour,En agglomération,Hors intersection,Normale,Trois véhicules et plus - collisions multiples,,,,,,,,,,,1,2,1,1,5
200500021863,0005-04-24 16:30:00,5,4,24,16,30,920,32.0,"227, DIVISION LECLERC (A",,,Plein jour,En agglomération,Hors intersection,Pluie légère,Autre collision,,,,,,,,,,,1,2,1,2,6
200500021864,0005-04-25 20:45:00,5,4,25,20,45,920,32.0,"06, LEDRU ROLLIN (RUE)",,,Crépuscule ou aube,En agglomération,Hors intersection,Normale,Deux véhicules - arrière,,,,,,,,,,,2,2,1,1,2
200500021865,0005-04-26 09:20:00,5,4,26,9,20,920,71.0,"09, QUATRES CHEMINS (AVE",,,Plein jour,En agglomération,Hors intersection,Pluie légère,Deux véhicules - arrière,,,,,,,,,,,1,2,1,2,2
200500021866,0005-04-04 17:50:00,5,4,4,17,50,920,23.0,VILLACOUBLAY (AVENUE DE),,,Plein jour,En agglomération,Hors intersection,Normale,Autre collision,,,,,,,,,,,1,2,1,1,6
200500021867,0005-04-05 07:00:00,5,4,5,7,0,920,60.0,PAUL LANGEVIN (AVENUE) (,,,Plein jour,En agglomération,Intersection en X,Normale,Deux véhicules - côté,,,,,,,,,,,1,2,2,1,3
200500021868,0005-04-14 08:20:00,5,4,14,8,20,920,23.0,VILLACOUBLAY (AVENUE DE),,,Plein jour,En agglomération,Intersection en X,Pluie légère,Deux véhicules - côté,,,,,,,,,,,1,2,2,2,3
200500021869,0005-04-22 19:40:00,5,4,22,19,40,920,23.0,GENERAL DE GAULLE (AV DU,,,Plein jour,En agglomération,Intersection en Y,Normale,Autre collision,,,,,,,,,,,1,2,4,1,6
200500021870,0005-04-24 09:30:00,5,4,24,9,30,920,23.0,"176, JEAN JAURES (AVENUE",,,Plein jour,En agglomération,Hors intersection,Pluie légère,Deux véhicules - arrière,,,,,,,,,,,1,2,1,2,2
200500021871,0005-04-26 20:20:00,5,4,26,20,20,920,23.0,HENRI BARBUSSE (AVENUE),,,Plein jour,En agglomération,Hors intersection,Pluie légère,Deux véhicules - côté,,,,,,,,,,,1,2,1,2,3
200500021872,0005-04-30 09:30:00,5,4,30,9,30,920,23.0,GENERAL EISENHOWER (AVEN,,,Plein jour,En agglomération,Intersection en Y,Normale,Autre collision,,,,,,,,,,,1,2,4,1,6
200500021873,0005-04-12 18:55:00,5,4,12,18,55,920,23.0,PORTE DE TRIVAUX (RUE DE,,,Plein jour,En agglomération,Hors intersection,Normale,Trois véhicules et plus - collisions multiples,,,,,,,,,,,1,2,1,1,5
200500021874,0005-04-01 09:00:00,5,4,1,9,0,920,24.0,"1, JULES VERNE (PLACE)",,,Plein jour,En agglomération,Place,Normale,Deux véhicules - frontale,,,,,,,,,,,1,2,7,1,1
200500021875,0005-04-28 17:05:00,5,4,28,17,5,920,24.0,"24, JEAN JAURES (BD) DE",,,Plein jour,En agglomération,Hors intersection,Temps couvert,Autre collision,,,,,,,,,,,1,2,1,8,6
200500021876,0005-04-03 13:45:00,5,4,3,13,45,920,25.0,EUROPE (AV DE L'),,,Plein jour,En agglomération,Intersection en X,Normale,Deux véhicules - frontale,,,,,,,,,,,1,2,2,1,1
200500021877,0005-04-06 00:25:00,5,4,6,0,25,920,25.0,C.DE G.<> 2 A 62 & 1 A 3,,,Nuit avec éclairage allumé,En agglomération,Intersection en X,Pluie légère,Deux véhicules - arrière,,,,,,,,,,,5,2,2,2,2
200500021878,0005-04-07 17:55:00,5,4,7,17,55,920,25.0,G.PERI > 418 & 437 (RUE),,,Plein jour,En agglomération,Hors intersection,Normale,Autre collision,,,,,,,,,,,1,2,1,1,6
200500021879,0005-04-13 13:55:00,5,4,13,13,55,920,25.0,GAMBETTA (BD),,,Plein jour,En agglomération,Intersection en T,Normale,Deux véhicules - côté,,,,,,,,,,,1,2,3,1,3
200500021880,0005-04-14 08:00:00,5,4,14,8,0,920,25.0,GABRIEL PERI (RUE),,,Plein jour,En agglomération,Intersection en T,Pluie légère,Deux véhicules - côté,,,,,,,,,,,1,2,3,2,3
200500021881,0005-04-12 12:20:00,5,4,12,12,20,920,25.0,EGALITE (RUE DE L'),,,Plein jour,En agglomération,Hors intersection,Normale,Autre collision,,,,,,,,,,,1,2,1,1,6
200500021882,0005-04-19 15:55:00,5,4,19,15,55,920,25.0,C.DE G.<> 64 A 128 & 41,,,Plein jour,En agglomération,Intersection en X,Pluie légère,Autre collision,,,,,,,,,,,1,2,2,2,6
200500021883,0005-04-21 17:10:00,5,4,21,17,10,920,25.0,EUROPE (AV DE L'),,,Plein jour,En agglomération,Intersection en X,Normale,Deux véhicules - côté,,,,,,,,,,,1,2,2,1,3
200500021884,0005-04-21 19:37:00,5,4,21,19,37,920,25.0,E.D'ORVES > 330 & 281 (R,,,Plein jour,En agglomération,Hors intersection,Normale,Autre collision,,,,,,,,,,,1,2,1,1,6
200500021885,0005-04-21 08:04:00,5,4,21,8,4,920,25.0,HENRI BARBUSSE (AV),,,Plein jour,En agglomération,Hors intersection,Normale,Autre collision,,,,,,,,,,,1,2,1,1,6
200500021886,0005-04-23 02:40:00,5,4,23,2,40,920,25.0,ILE MARANTE(PARC LAGRAVE,,,Nuit avec éclairage allumé,En agglomération,Hors intersection,Normale,Autre collision,,,,,,,,,,,5,2,1,1,6
200500021887,0005-04-28 08:20:00,5,4,28,8,20,920,25.0,CHARLES DE GAULLE (BD),,,Plein jour,En agglomération,Hors intersection,Normale,Autre collision,,,,,,,,,,,1,2,1,1,6
200500021888,0005-04-06 13:20:00,5,4,6,13,20,920,26.0,22 SEPTEMBRE ( RUE DU ),,,Plein jour,En agglomération,Intersection en X,Normale,Autre collision,,,,,,,,,,,1,2,2,1,6
200500021889,0005-04-07 09:55:00,5,4,7,9,55,920,26.0,VERDUN (DE 01 A 61),,,Plein jour,En agglomération,Intersection en T,Normale,Deux véhicules - côté,,,,,,,,,,,1,2,3,1,3
200500021890,0005-04-12 08:20:00,5,4,12,8,20,920,26.0,DUBONNET,,,Plein jour,En agglomération,Intersection en T,Normale,Autre collision,,,,,,,,,,,1,2,3,1,6
200500021891,0005-04-21 18:20:00,5,4,21,18,20,920,26.0,"133, VERDUN (DE 62 A FIN",,,Plein jour,En agglomération,Hors intersection,Normale,Deux véhicules - côté,,,,,,,,,,,1,2,1,1,3
200500021892,0005-04-14 20:16:00,5,4,14,20,16,920,26.0,"9999999999, VERDUN (DE 0",,,Plein jour,En agglomération,Intersection en T,Pluie légère,Deux véhicules - côté,,,,,,,,,,,1,2,3,2,3
200500021893,0005-04-23 16:15:00,5,4,23,16,15,920,26.0,"43, GAMBETTA",,,Plein jour,En agglomération,Hors intersection,Normale,Trois véhicules et plus - collisions multiples,,,,,,,,,,,1,2,1,1,5
200500021894,0005-04-01 04:30:00,5,4,1,4,30,920,36.0,"13/21, GRESILLONS (QUAI",,,Nuit avec éclairage allumé,En agglomération,Hors intersection,Normale,Autre collision,,,,,,,,,,,5,2,1,1,6
200500021895,0005-04-01 12:05:00,5,4,1,12,5,920,36.0,"0, LUCIEN LANTERNIER (AV",,,Plein jour,En agglomération,Intersection en X,Normale,Deux véhicules - côté,,,,,,,,,,,1,2,2,1,3
200500021896,0005-04-02 17:00:00,5,4,2,17,0,920,36.0,"43, LOUIS ROCHE (AVENUE)",,,Plein jour,En agglomération,Hors intersection,Normale,Autre collision,,,,,,,,,,,1,2,1,1,6
200500021897,0005-04-11 13:20:00,5,4,11,13,20,920,36.0,PIERRE DE COUBERTIN PROL,,,Plein jour,En agglomération,Intersection en T,Normale,Deux véhicules - arrière,,,,,,,,,,,1,2,3,1,2
200500021898,0005-04-16 20:00:00,5,4,16,20,0,920,36.0,"0, GENEAL DE GAULLE (AVE",,,Crépuscule ou aube,En agglomération,Intersection en T,Normale,Deux véhicules - côté,,,,,,,,,,,2,2,3,1,3
200500021899,0005-04-18 08:10:00,5,4,18,8,10,920,36.0,ARGENTEUIL (AVENUE D'),,,Plein jour,En agglomération,Intersection en X,Pluie légère,Autre collision,,,,,,,,,,,1,2,2,2,6
200500021900,0005-04-26 10:45:00,5,4,26,10,45,920,36.0,"0, CAMELINAT (BOULEVARD)",,,Plein jour,En agglomération,Intersection à plus de 4 branches,Normale,Autre collision,,,,,,,,,,,1,2,5,1,6
200500021901,0005-04-11 12:30:00,5,4,11,12,30,920,40.0,"20, HOCHE",,,Plein jour,En agglomération,Hors intersection,Normale,Deux véhicules - côté,,,,,,,,,,,1,2,1,1,3
200500021902,0005-04-25 19:50:00,5,4,25,19,50,920,40.0,"165, STALINGRAD (QUAI DE",,,Plein jour,En agglomération,Hors intersection,Normale,Autre collision,,,,,,,,,,,1,2,1,1,6
200500021903,0005-04-29 09:35:00,5,4,29,9,35,920,40.0,VOLTAIRE (BOULEVARD),,,Plein jour,En agglomération,Intersection en X,Normale,Deux véhicules - côté,,,,,,,,,,,1,2,2,1,3
200500021904,0005-04-06 17:45:00,5,4,6,17,45,920,44.0,"1, MARIUS AUFAN(RUE) 1A6",,,Plein jour,En agglomération,Intersection en X,Normale,Deux véhicules - côté,,,,,,,,,,,1,2,2,1,3
200500021905,0005-04-06 18:30:00,5,4,6,18,30,920,44.0,"1, VIC. HUGO(RUE)001A067",,,Plein jour,En agglomération,Hors intersection,Normale,Deux véhicules - côté,,,,,,,,,,,1,2,1,1,3
200500021906,0005-04-18 17:25:00,5,4,18,17,25,920,44.0,"1, ARISTIDE BRIAND(RUE)1",,,Plein jour,En agglomération,Intersection en X,Normale,Deux véhicules - arrière,,,,,,,,,,,1,2,2,1,2
200500021907,0005-04-19 11:30:00,5,4,19,11,30,920,44.0,"90, MICHELET (QUAI) 58 A",,,Plein jour,En agglomération,Hors intersection,Normale,Deux véhicules - frontale,,,,,,,,,,,1,2,1,1,1
200500021908,0005-04-25 16:00:00,5,4,25,16,0,920,44.0,"57, BAUDIN (RUE) 27A83 E",,,Plein jour,En agglomération,Intersection en X,Normale,Deux véhicules - côté,,,,,,,,,,,1,2,2,1,3
200500021909,0005-04-27 17:50:00,5,4,27,17,50,920,44.0,", DANTON(RUE) 1A73 ET 2A",,,Plein jour,En agglomération,Intersection en X,Normale,Autre collision,,,,,,,,,,,1,2,2,1,6
200500021910,0005-04-28 14:30:00,5,4,28,14,30,920,44.0,"117, LOUIS ROUQUIER (RUE",,,Plein jour,En agglomération,Hors intersection,Normale,Autre collision,,,,,,,,,,,1,2,1,1,6
200500021911,0005-04-22 17:00:00,5,4,22,17,0,920,48.0,PARIS (RUE DE) N° 1 A 15,,,Plein jour,En agglomération,Intersection en T,Normale,Deux véhicules - arrière,,,,,,,,,,,1,2,3,1,2
200500021912,0005-04-29 22:30:00,5,4,29,22,30,920,48.0,"31, VAUGIRARD (ROUTE DE)",,,Nuit avec éclairage allumé,En agglomération,Intersection en T,Normale,Deux véhicules - côté,,,,,,,,,,,5,2,3,1,3
200500021913,0005-04-07 19:30:00,5,4,7,19,30,920,48.0,BELGIQUE (RUE DE LA),,,Crépuscule ou aube,En agglomération,Intersection en X,Pluie légère,Autre collision,,,,,,,,,,,2,2,2,2,6
200500021914,0005-04-01 15:40:00,5,4,1,15,40,920,49.0,"70, BRIAND AVENUE ARISTI",,,Plein jour,En agglomération,Hors intersection,Normale,Sans collision,,,,,,,,,,,1,2,1,1,7
200500021915,0005-04-06 14:00:00,5,4,6,14,0,920,49.0,LIBERATION PLACE DE LA,,,Plein jour,En agglomération,Hors intersection,Normale,Deux véhicules - côté,,,,,,,,,,,1,2,1,1,3
200500021916,0005-04-07 17:25:00,5,4,7,17,25,920,20.0,"1, DIVISION LECLERC AVEN",,,Plein jour,En agglomération,Intersection en X,Normale,Deux véhicules - côté,,,,,,,,,,,1,2,2,1,3
200500021917,0005-04-08 13:50:00,5,4,8,13,50,920,20.0,"19, BERTHELOT AVENUE MAR",,,Plein jour,En agglomération,Hors intersection,Pluie forte,Autre collision,,,,,,,,,,,1,2,1,3,6
200500021918,0005-04-10 19:00:00,5,4,10,19,0,920,20.0,"6 BIS, MALAKOFF RUE DE",,,Plein jour,En agglomération,Hors intersection,Normale,Deux véhicules - côté,,,,,,,,,,,1,2,1,1,3
200500021919,0005-04-11 13:45:00,5,4,11,13,45,920,49.0,"123, BROSSOLETTE AVENUE",,,Plein jour,En agglomération,Hors intersection,Normale,Autre collision,,,,,,,,,,,1,2,1,1,6
200500021920,0005-04-11 15:33:00,5,4,11,15,33,920,20.0,"114, REPUBLIQUE AV. AUTR",,,Plein jour,En agglomération,Hors intersection,Normale,Deux véhicules - côté,,,,,,,,,,,1,2,1,1,3
200500021921,0005-04-12 15:00:00,5,4,12,15,0,920,49.0,"223, BROSSOLETTE AVENUE",,,Plein jour,En agglomération,Intersection en T,Normale,Deux véhicules - côté,,,,,,,,,,,1,2,3,1,3
200500021922,0005-04-17 10:50:00,5,4,17,10,50,920,49.0,"19, BASCH RUE VICTOR",,,Plein jour,En agglomération,Hors intersection,Normale,Autre collision,,,,,,,,,,,1,2,1,1,6
200500021923,0005-04-17 17:00:00,5,4,17,17,0,920,49.0,"109, BRIAND AVENUE ARIST",,,Plein jour,En agglomération,Hors intersection,Normale,Autre collision,,,,,,,,,,,1,2,1,1,6
200500021924,0005-04-22 16:25:00,5,4,22,16,25,920,20.0,"1, GAY-LUSSAC RUE N° IMP",,,Plein jour,En agglomération,Intersection en X,Normale,Deux véhicules - côté,,,,,,,,,,,1,2,2,1,3
200500021925,0005-04-29 13:50:00,5,4,29,13,50,920,20.0,"166, REPUBLIQUE AV. N°27",,,Plein jour,En agglomération,Hors intersection,Normale,Deux véhicules - côté,,,,,,,,,,,1,2,1,1,3
200500021926,0005-04-03 14:00:00,5,4,3,14,0,920,50.0,"118, ALLENDE SALVADOR RU",,,Plein jour,En agglomération,Hors intersection,Normale,Sans collision,,,,,,,,,,,1,2,1,1,7
200500021927,0005-04-14 08:50:00,5,4,14,8,50,920,50.0,HAVRE BOULEVARD DU,,,Plein jour,En agglomération,Hors intersection,Normale,Sans collision,,,,,,,,,,,1,2,1,1,7
200500021928,0005-04-13 12:20:00,5,4,13,12,20,920,50.0,LECLERC GENERAL AVENUE D,,,Plein jour,En agglomération,Hors intersection,Normale,Sans collision,,,,,,,,,,,1,2,1,1,7
200500021929,0005-04-21 18:50:00,5,4,21,18,50,920,50.0,"177, VAILLANT COUTURIER",,,Plein jour,En agglomération,Hors intersection,Normale,Deux véhicules - côté,,,,,,,,,,,1,2,1,1,3
200500021930,0005-04-28 19:55:00,5,4,28,19,55,920,50.0,"99999, JOLIOT CURIE F. E",,,Plein jour,En agglomération,Intersection en T,Normale,Deux véhicules - côté,,,,,,,,,,,1,2,3,1,3
200500021931,0005-04-06 09:30:00,5,4,6,9,30,920,50.0,"129 bis, SAINT CLOUD RUE",,,Plein jour,En agglomération,Hors intersection,Normale,Sans collision,,,,,,,,,,,1,2,1,1,7
200500021932,0005-04-11 20:10:00,5,4,11,20,10,920,50.0,"109, GARCHES RUE DE",,,Plein jour,En agglomération,Hors intersection,Normale,Deux véhicules - côté,,,,,,,,,,,1,2,1,1,3
200500021933,0005-04-04 14:40:00,5,4,4,14,40,920,50.0,"1, SOURCE RUE DE LA",,,Plein jour,En agglomération,Hors intersection,Normale,Autre collision,,,,,,,,,,,1,2,1,1,6
200500021934,0005-04-28 10:45:00,5,4,28,10,45,920,50.0,"999999, LENINE VLADIMIR",,,Plein jour,En agglomération,Hors intersection,Normale,Autre collision,,,,,,,,,,,1,2,1,1,6
200500021935,0005-04-03 12:50:00,5,4,3,12,50,920,51.0,"90, MAURICE BARRES (BOUL",,,Plein jour,En agglomération,Intersection en T,Normale,Autre collision,,,,,,,,,,,1,2,3,1,6
200500021936,0005-04-05 16:15:00,5,4,5,16,15,920,51.0,"78, BINEAU (BOULEVARD, N",,,Plein jour,En agglomération,Hors intersection,Normale,Deux véhicules - arrière,,,,,,,,,,,1,2,1,1,2
200500021937,0005-04-08 17:05:00,5,4,8,17,5,920,51.0,"18, INKERMANN (BOULEVARD",,,Plein jour,En agglomération,Intersection en X,Pluie légère,Autre collision,,,,,,,,,,,1,2,2,2,6
200500021938,0005-04-12 17:38:00,5,4,12,17,38,920,51.0,"60, MAURICE BARRES (BOUL",,,Plein jour,En agglomération,Intersection en X,Normale,Deux véhicules - côté,,,,,,,,,,,1,2,2,1,3
200500021939,0005-04-14 00:30:00,5,4,14,0,30,920,51.0,"125, GENERAL KOENIG (BOU",,,Nuit avec éclairage allumé,En agglomération,Hors intersection,Normale,Autre collision,,,,,,,,,,,5,2,1,1,6
200500021940,0005-04-14 10:25:00,5,4,14,10,25,920,51.0,"70-72, BINEAU (BOULEVARD",,,Plein jour,En agglomération,Hors intersection,Normale,Sans collision,,,,,,,,,,,1,2,1,1,7
200500021941,0005-04-14 23:10:00,5,4,14,23,10,920,51.0,"113, CHARLES DE GAULLE (",,,Nuit avec éclairage allumé,En agglomération,Hors intersection,Pluie légère,Trois véhicules et plus - collisions multiples,,,,,,,,,,,5,2,1,2,5
200500021942,0005-04-15 10:15:00,5,4,15,10,15,920,51.0,"91, ROULE (AVENUE DU, N°",,,Plein jour,En agglomération,Intersection en X,Normale,Autre collision,,,,,,,,,,,1,2,2,1,6
200500021943,0005-04-16 11:15:00,5,4,16,11,15,920,51.0,"116, CHARLES DE GAULLE (",,,Plein jour,En agglomération,Intersection en X,Normale,Deux véhicules - arrière,,,,,,,,,,,1,2,2,1,2
200500021944,0005-04-20 09:45:00,5,4,20,9,45,920,51.0,"47, ROULE (AVENUE DU, N°",,,Plein jour,En agglomération,Hors intersection,Normale,Deux véhicules - côté,,,,,,,,,,,1,2,1,1,3
200500021945,0005-04-22 09:20:00,5,4,22,9,20,920,51.0,"135, ACHILLE PERETTI (AV",,,Plein jour,En agglomération,Intersection en X,Normale,Deux véhicules - arrière,,,,,,,,,,,1,2,2,1,2
200500021946,0005-04-22 20:15:00,5,4,22,20,15,920,51.0,"1, PAULINE BORGHESE (RUE",,,Plein jour,En agglomération,Intersection en X,Normale,Deux véhicules - côté,,,,,,,,,,,1,2,2,1,3
200500021947,0005-04-26 21:42:00,5,4,26,21,42,920,51.0,"18, GENERAL LECLERC (BOU",,,Nuit avec éclairage non allumé,En agglomération,Hors intersection,Normale,Deux véhicules - côté,,,,,,,,,,,4,2,1,1,3
200500021948,0005-04-05 16:55:00,5,4,5,16,55,920,62.0,"117, GENERAL DE GAULLE (",,,Plein jour,En agglomération,Hors intersection,Normale,Trois véhicules et plus - en chaîne,,,,,,,,,,,1,2,1,1,4
200500021949,0005-04-06 13:10:00,5,4,6,13,10,920,62.0,"157, REPUBLIQUE (RUE DE",,,Plein jour,En agglomération,Intersection en X,Pluie légère,Autre collision,,,,,,,,,,,1,2,2,2,6
200500021950,0005-04-12 13:40:00,5,4,12,13,40,920,62.0,"0, MONGE (RUE)",,,Plein jour,En agglomération,Intersection en T,Normale,Autre collision,,,,,,,,,,,1,2,3,1,6