accident_id,datetime,annee,mois,jour,heure,minute,departement,commune_insee,adresse,latitude,longitude,luminosite,agglomeration,intersection,meteo,collision,nb_vehicules,nb_usagers,nb_indemnes,nb_tues,nb_blesses_hosp,nb_blesses_legers,age_cond_1,age_cond_2,veh_type_cond_1,veh_type_cond_2,lum_code,agg_code,int_code,atm_code,col_code
200500021951,0005-04-15 16:10:00,5,4,15,16,10,920,63.0,DOUMER (AVENUE PAUL) EST,,,Plein jour,En agglomération,Intersection en T,Pluie légère,Autre collision,,,,,,,,,,,1,2,3,2,6
200500021952,0005-04-16 16:40:00,5,4,16,16,40,920,63.0,"neant, MASSENA (RUE)",,,Plein jour,En agglomération,Hors intersection,Normale,Deux véhicules - côté,,,,,,,,,,,1,2,1,1,3
200500021953,0005-04-19 12:40:00,5,4,19,12,40,920,63.0,"neant, RICHELIEU (PLACE)",,,Plein jour,En agglomération,Giratoire,Normale,Deux véhicules - côté,,,,,,,,,,,1,2,6,1,3
200500021954,0005-04-26 08:40:00,5,4,26,8,40,920,63.0,"24, TARATRES (RESIDENCE",,,Plein jour,En agglomération,Hors intersection,Normale,Deux véhicules - côté,,,,,,,,,,,1,2,1,1,3
200500021955,0005-04-29 13:45:00,5,4,29,13,45,920,63.0,"neant, CHATEAUBRIAND (RU",,,Plein jour,En agglomération,Intersection en X,Normale,Deux véhicules - côté,,,,,,,,,,,1,2,2,1,3
200500021956,0005-04-29 19:35:00,5,4,29,19,35,920,63.0,"NEANT, CHAPELLE (RUE DE",,,Plein jour,En agglomération,Intersection en X,Normale,Deux véhicules - côté,,,,,,,,,,,1,2,2,1,3
200500021957,0005-04-30 17:00:00,5,4,30,17,0,920,63.0,GUILLAUMOT (RUE CHARLES,,,Plein jour,En agglomération,Hors intersection,Normale,Autre collision,,,,,,,,,,,1,2,1,1,6
200500021958,0005-04-03 15:00:00,5,4,3,15,0,920,47.0,"0, JARDY",,,Plein jour,En agglomération,Hors intersection,Normale,Deux véhicules - arrière,,,,,,,,,,,1,2,1,1,2
200500021959,0005-04-04 19:55:00,5,4,4,19,55,920,76.0,"103, REPUBLIQUE",,,Crépuscule ou aube,En agglomération,Hors intersection,Pluie légère,Deux véhicules - côté,,,,,,,,,,,2,2,1,2,3
200500021960,0005-04-05 09:30:00,5,4,5,9,30,920,76.0,"0, MAGENTA",,,Plein jour,En agglomération,Giratoire,Normale,Deux véhicules - côté,,,,,,,,,,,1,2,6,1,3
200500021961,0005-04-05 09:35:00,5,4,5,9,35,920,76.0,CAZES,,,Plein jour,En agglomération,Intersection en T,Normale,Autre collision,,,,,,,,,,,1,2,3,1,6
200500021962,0005-04-05 19:40:00,5,4,5,19,40,920,33.0,"0, PORTE JAUNE",,,Plein jour,En agglomération,Intersection en T,Normale,Deux véhicules - côté,,,,,,,,,,,1,2,3,1,3
200500021963,0005-04-14 10:43:00,5,4,14,10,43,920,76.0,"2, DOCTEUR DESFOSSEZ",,,Plein jour,En agglomération,Hors intersection,Normale,Autre collision,,,,,,,,,,,1,2,1,1,6
200500021964,0005-04-15 04:30:00,5,4,15,4,30,920,33.0,"253, GRANDE RUE",,,Nuit avec éclairage allumé,En agglomération,Hors intersection,Normale,Autre collision,,,,,,,,,,,5,2,1,1,6
200500021965,0005-04-19 16:00:00,5,4,19,16,0,920,33.0,"129, BUZENVAL",,,Plein jour,En agglomération,Hors intersection,Pluie légère,Deux véhicules - arrière,,,,,,,,,,,1,2,1,2,2
200500021966,0005-04-21 13:35:00,5,4,21,13,35,920,76.0,MONOPRIX,,,Plein jour,En agglomération,Autre intersection,Normale,Deux véhicules - côté,,,,,,,,,,,1,2,9,1,3
200500021967,0005-04-26 17:30:00,5,4,26,17,30,920,76.0,"0, CARNOT",,,Plein jour,En agglomération,Intersection en X,Pluie forte,Deux véhicules - côté,,,,,,,,,,,1,2,2,3,3
200500021968,0005-04-27 09:50:00,5,4,27,9,50,920,76.0,"0, PUITS",,,Plein jour,En agglomération,Intersection en Y,Normale,Deux véhicules - côté,,,,,,,,,,,1,2,4,1,3
200500021969,0005-04-05 15:15:00,5,4,5,15,15,920,72.0,MANUFACTURE NATIONALE (P,,,Plein jour,En agglomération,Hors intersection,Normale,Deux véhicules - côté,,,,,,,,,,,1,2,1,1,3
200500021970,0005-04-07 22:45:00,5,4,7,22,45,920,72.0,PAVE DES GARDES (ROUTE D,,,Nuit avec éclairage allumé,En agglomération,Intersection en X,Pluie légère,Deux véhicules - côté,,,,,,,,,,,5,2,2,2,3
200500021971,0005-04-21 16:20:00,5,4,21,16,20,920,22.0,"0, GUILLEMINOT (RUE)",,,Plein jour,En agglomération,Intersection en T,Normale,Autre collision,,,,,,,,,,,1,2,3,1,6
200500021972,0005-04-21 11:50:00,5,4,21,11,50,920,72.0,GRANDE RUE,,,Plein jour,En agglomération,Intersection en X,Normale,Deux véhicules - côté,,,,,,,,,,,1,2,2,1,3
200500021973,0005-04-27 18:00:00,5,4,27,18,0,920,72.0,"0, FRANCE (RUE ANATOLE)",,,Plein jour,En agglomération,Hors intersection,Pluie forte,Sans collision,,,,,,,,,,,1,2,1,3,7
200500021974,0005-04-27 19:45:00,5,4,27,19,45,920,77.0,"0, SEVRES (RUE DE)",,,Plein jour,En agglomération,Intersection en X,Normale,Deux véhicules - frontale,,,,,,,,,,,1,2,2,1,1
200500021975,0005-04-28 12:00:00,5,4,28,12,0,920,22.0,"902, SALENGRO (AVENUE RO",,,Plein jour,En agglomération,Hors intersection,Normale,Deux véhicules - arrière,,,,,,,,,,,1,2,1,1,2
200500021976,0005-04-01 09:45:00,5,4,1,9,45,920,73.0,"31, SELLIER (BOULEVARD H",,,Plein jour,En agglomération,Hors intersection,Normale,Trois véhicules et plus - collisions multiples,,,,,,,,,,,1,2,1,1,5
200500021977,0005-04-09 18:15:00,5,4,9,18,15,920,73.0,"66, VOLTAIRE (RUE)",,,Plein jour,En agglomération,Hors intersection,Normale,Deux véhicules - côté,,,,,,,,,,,1,2,1,1,3
200500021978,0005-04-11 09:55:00,5,4,11,9,55,920,73.0,"24-26, ROTHSCHILD (RUE S",,,Plein jour,En agglomération,Hors intersection,Normale,Autre collision,,,,,,,,,,,1,2,1,1,6
200500021979,0005-04-14 14:50:00,5,4,14,14,50,920,73.0,"46, ROOSVELT (AVENUE FRA",,,Plein jour,En agglomération,Hors intersection,Pluie légère,Sans collision,,,,,,,,,,,1,2,1,2,7
200500021980,0005-04-21 09:15:00,5,4,21,9,15,920,73.0,"5, DASSAULT (QUAI MARCEL",,,Plein jour,En agglomération,Hors intersection,Normale,Autre collision,,,,,,,,,,,1,2,1,1,6
200500021981,0005-04-30 13:05:00,5,4,30,13,5,920,73.0,"16, DASSAULT (QUAI MARCE",,,Plein jour,En agglomération,Hors intersection,Normale,Deux véhicules - arrière,,,,,,,,,,,1,2,1,1,2
200500021982,0005-04-23 18:30:00,5,4,23,18,30,920,46.0,", Charles de gaulle",,,Plein jour,En agglomération,Hors intersection,Normale,Autre collision,,,,,,,,,,,1,2,1,1,6
200500021983,0005-04-26 20:25:00,5,4,26,20,25,920,46.0,Paul vaillant couturier,,,Crépuscule ou aube,En agglomération,Hors intersection,Pluie légère,Deux véhicules - côté,,,,,,,,,,,2,2,1,2,3
200500021984,0005-04-29 17:05:00,5,4,29,17,5,920,46.0,Paul vaillant couturier,,,Plein jour,En agglomération,Intersection en X,Normale,Deux véhicules - côté,,,,,,,,,,,1,2,2,1,3
200500021985,0005-04-09 11:40:00,5,4,9,11,40,920,78.0,"31, GALLIENI (BD) (1 A 7",,,Plein jour,En agglomération,Hors intersection,Normale,Autre collision,,,,,,,,,,,1,2,1,1,6
200500021986,0005-04-15 01:05:00,5,4,15,1,5,920,26.0,DIVISION LECLERC (AVENUE,,,Nuit avec éclairage non allumé,En agglomération,Hors intersection,Pluie légère,Deux véhicules - arrière,,,,,,,,,,,4,2,1,2,2
200500021987,0005-04-23 16:30:00,5,4,23,16,30,920,62.0,BLD KUPKA,,,Plein jour,En agglomération,Hors intersection,Normale,Deux véhicules - arrière,,,,,,,,,,,1,2,1,1,2
200500021988,0005-04-03 20:15:00,5,4,3,20,15,930,1.0,"154, LEOPOLD RECHOSSIERE",,,Plein jour,En agglomération,Hors intersection,Normale,Autre collision,,,,,,,,,,,1,2,1,1,6
200500021989,0005-04-05 13:30:00,5,4,5,13,30,930,1.0,"36, FILLETTES (RUE DES)",,,Plein jour,En agglomération,Hors intersection,Normale,Deux véhicules - arrière,,,,,,,,,,,1,2,1,1,2
200500021990,0005-04-06 14:40:00,5,4,6,14,40,930,1.0,"84, FELIX FAURE (BLD) =>",,,Plein jour,En agglomération,Hors intersection,Normale,Autre collision,,,,,,,,,,,1,2,1,1,6
200500021991,0005-04-06 21:50:00,5,4,6,21,50,930,1.0,HELENE COCHENNEC (RUE),,,Nuit avec éclairage allumé,En agglomération,Hors intersection,Pluie légère,Deux véhicules - frontale,,,,,,,,,,,5,2,1,2,1
200500021992,0005-04-11 15:10:00,5,4,11,15,10,930,1.0,CITES (RUE DES)  => 91,,,Plein jour,En agglomération,Hors intersection,Normale,Deux véhicules - arrière,,,,,,,,,,,1,2,1,1,2
200500021993,0005-04-13 22:45:00,5,4,13,22,45,930,1.0,GARDINOUX (RUE DES),,,Nuit avec éclairage allumé,En agglomération,Hors intersection,Normale,Sans collision,,,,,,,,,,,5,2,1,1,7
200500021994,0005-04-14 11:20:00,5,4,14,11,20,930,1.0,"31, PRESIDENT ROOSEVELT",,,Plein jour,En agglomération,Hors intersection,Pluie légère,Trois véhicules et plus - collisions multiples,,,,,,,,,,,1,2,1,2,5
200500021995,0005-04-16 18:35:00,5,4,16,18,35,930,1.0,"20-22, PRESIDENT ROOSEVE",,,Plein jour,En agglomération,Hors intersection,Normale,Autre collision,,,,,,,,,,,1,2,1,1,6
200500021996,0005-04-17 15:45:00,5,4,17,15,45,930,1.0,"175, JEAN JAURES (AVE)",,,Plein jour,En agglomération,Hors intersection,Normale,Trois véhicules et plus - collisions multiples,,,,,,,,,,,1,2,1,1,5
200500021997,0005-04-18 12:45:00,5,4,18,12,45,930,1.0,"1, NOUVELLE-FRANCE (RUE",,,Plein jour,En agglomération,Intersection en X,Normale,Autre collision,,,,,,,,,,,1,2,2,1,6
200500021998,0005-04-19 14:35:00,5,4,19,14,35,930,1.0,ARTHUR RIMBAUD (RUE),,,Plein jour,En agglomération,Intersection en T,Normale,Deux véhicules - côté,,,,,,,,,,,1,2,3,1,3
200500021999,0005-04-25 20:00:00,5,4,25,20,0,930,1.0,"3, ERNEST PREVOST (RUE)",,,Plein jour,En agglomération,Hors intersection,Normale,Autre collision,,,,,,,,,,,1,2,1,1,6
200500022000,0005-04-29 06:05:00,5,4,29,6,5,930,1.0,"115, LEOPOLD RECHOSSIERE",,,Crépuscule ou aube,En agglomération,Hors intersection,Normale,Autre collision,,,,,,,,,,,2,2,1,1,6
200500022001,0005-04-28 20:10:00,5,4,28,20,10,930,1.0,"12, GRANDES-MURAILLES (R",,,Plein jour,En agglomération,Hors intersection,Normale,Deux véhicules - frontale,,,,,,,,,,,1,2,1,1,1
200500022002,0005-04-03 13:35:00,5,4,3,13,35,930,5.0,"NEANT, CHARLES DE GAULLE",,,Plein jour,En agglomération,Giratoire,Normale,Deux véhicules - côté,,,,,,,,,,,1,2,6,1,3
200500022003,0005-04-03 16:15:00,5,4,3,16,15,930,5.0,"néant, ATHENES (ALLEE D'",,,Plein jour,En agglomération,Hors intersection,Normale,Autre collision,,,,,,,,,,,1,2,1,1,6
200500022004,0005-04-05 17:25:00,5,4,5,17,25,930,5.0,"NEANT, CHARLES DE GAULLE",,,Plein jour,En agglomération,Hors intersection,Normale,Deux véhicules - côté,,,,,,,,,,,1,2,1,1,3
200500022005,0005-04-13 18:05:00,5,4,13,18,5,930,5.0,MITRY [CD115] (ROUTE DE),,,Plein jour,En agglomération,Intersection en T,Normale,Autre collision,,,,,,,,,,,1,2,3,1,6
200500022006,0005-04-15 19:43:00,5,4,15,19,43,930,5.0,"121, NONNEVILLE (AVENUE",,,Plein jour,En agglomération,Hors intersection,Normale,Autre collision,,,,,,,,,,,1,2,1,1,6
200500022007,0005-04-24 23:00:00,5,4,24,23,0,930,5.0,", ARTHUR CHEVALIER (RUE)",,,Nuit avec éclairage allumé,En agglomération,Intersection en X,Temps couvert,Deux véhicules - côté,,,,,,,,,,,5,2,2,8,3
200500022008,0005-04-25 16:42:00,5,4,25,16,42,930,5.0,"17, JEAN BART (ALLEE)",,,Plein jour,En agglomération,Hors intersection,Normale,Autre collision,,,,,,,,,,,1,2,1,1,6
200500022009,0005-04-19 08:55:00,5,4,19,8,55,930,7.0,"75, DIVISION LECLERC (AV",,,Plein jour,En agglomération,Hors intersection,Normale,Deux véhicules - arrière,,,,,,,,,,,1,2,1,1,2
200500022010,0005-04-19 17:20:00,5,4,19,17,20,930,7.0,"13, DIVISION LECLERC (AV",,,Plein jour,En agglomération,Hors intersection,Normale,Autre collision,,,,,,,,,,,1,2,1,1,6
200500022011,0005-04-29 16:00:00,5,4,29,16,0,930,7.0,"0,  DESCARTES (AVENUE",,,Plein jour,En agglomération,Intersection en T,Normale,Autre collision,,,,,,,,,,,1,2,3,1,6
200500022012,0005-04-04 14:00:00,5,4,4,14,0,930,8.0,PARIS (RUE DE),,,Plein jour,En agglomération,Hors intersection,Pluie légère,Deux véhicules - côté,,,,,,,,,,,1,2,1,2,3
200500022013,0005-04-05 10:45:00,5,4,5,10,45,930,8.0,SEMARD (RUE PIERRE),,,Plein jour,En agglomération,Giratoire,Temps couvert,Deux véhicules - côté,,,,,,,,,,,1,2,6,8,3
200500022014,0005-04-10 17:55:00,5,4,10,17,55,930,8.0,"65, JAURES (AVENUE JEAN)",,,Plein jour,En agglomération,Hors intersection,Normale,Autre collision,,,,,,,,,,,1,2,1,1,6
200500022015,0005-04-15 17:05:00,5,4,15,17,5,930,57.0,"57, ESTIENNE (AL. ROBERT",,,Plein jour,En agglomération,Hors intersection,Normale,Deux véhicules - côté,,,,,,,,,,,1,2,1,1,3
200500022016,0005-04-02 15:50:00,5,4,2,15,50,930,13.0,"45, LECLERC (AVENU DE LA",,,Plein jour,En agglomération,Hors intersection,Normale,Autre collision,,,,,,,,,,,1,2,1,1,6
200500022017,0005-04-03 14:25:00,5,4,3,14,25,930,30.0,"12, LARIVIERE (RUE LOUIS",,,Plein jour,En agglomération,Intersection en X,Normale,Autre collision,,,,,,,,,,,1,2,2,1,6
200500022018,0005-04-14 14:35:00,5,4,14,14,35,930,27.0,"132, VAILLANT-COUTURIER",,,Plein jour,En agglomération,Intersection en X,Pluie légère,Deux véhicules - côté,,,,,,,,,,,1,2,2,2,3
200500022019,0005-04-14 16:35:00,5,4,14,16,35,930,27.0,"4, PRESOV (AVENUE DE)",,,Plein jour,En agglomération,Hors intersection,Pluie légère,Deux véhicules - frontale,,,,,,,,,,,1,2,1,2,1
200500022020,0005-04-03 23:30:00,5,4,3,23,30,930,29.0,JEAN JAURES (AVENUE),,,Nuit avec éclairage allumé,En agglomération,Intersection en X,Normale,Deux véhicules - frontale,,,,,,,,,,,5,2,2,1,1
200500022021,0005-04-12 08:30:00,5,4,12,8,30,930,29.0,"150, STALINGRAD (DE)",,,Plein jour,En agglomération,Hors intersection,Normale,Sans collision,,,,,,,,,,,1,2,1,1,7
200500022022,0005-04-14 18:00:00,5,4,14,18,0,930,29.0,DIDEROT (ROND-POINT),,,Plein jour,En agglomération,Place,Pluie légère,Deux véhicules - arrière,,,,,,,,,,,1,2,7,2,2
200500022023,0005-04-21 00:45:00,5,4,21,0,45,930,29.0,MARCEAU (AVENUE) N° 29-F,,,Nuit avec éclairage allumé,En agglomération,Intersection en T,Normale,Deux véhicules - arrière,,,,,,,,,,,5,2,3,1,2
200500022024,0005-04-25 20:00:00,5,4,25,20,0,930,29.0,PAUL VAILLANT COUTURIER,,,Plein jour,En agglomération,Intersection en Y,Normale,Autre collision,,,,,,,,,,,1,2,4,1,6
200500022025,0005-04-07 15:05:00,5,4,7,15,5,930,79.0,"101, MARNE (AV DE LA)",,,Plein jour,En agglomération,Autre intersection,Normale,Autre collision,,,,,,,,,,,1,2,9,1,6
200500022026,0005-04-09 12:15:00,5,4,9,12,15,930,31.0,DE LATTRE DE TASSIGNY (1,,,Plein jour,En agglomération,Passage à niveau,Normale,Autre collision,,,,,,,,,,,1,2,8,1,6
200500022027,0005-04-11 15:30:00,5,4,11,15,30,930,79.0,"24, REPUBLIQUE (AV) 1 A",,,Plein jour,En agglomération,Hors intersection,Normale,Autre collision,,,,,,,,,,,1,2,1,1,6
200500022028,0005-04-17 16:15:00,5,4,17,16,15,930,79.0,"48/50, FOCH (BOULEVARD)",,,Plein jour,En agglomération,Hors intersection,Normale,Autre collision,,,,,,,,,,,1,2,1,1,6
200500022029,0005-04-18 17:40:00,5,4,18,17,40,930,31.0,"5, PARIS (1 A 81)",,,Plein jour,En agglomération,Hors intersection,Normale,Autre collision,,,,,,,,,,,1,2,1,1,6
200500022030,0005-04-19 13:50:00,5,4,19,13,50,930,79.0,"150, REPUBLIQUE (AV) 1 A",,,Plein jour,En agglomération,Hors intersection,Normale,Autre collision,,,,,,,,,,,1,2,1,1,6
200500022031,0005-04-20 10:50:00,5,4,20,10,50,930,79.0,"25, GALLIENI (AV)",,,Plein jour,En agglomération,Hors intersection,Temps éblouissant,Autre collision,,,,,,,,,,,1,2,1,7,6
200500022032,0005-04-24 16:50:00,5,4,24,16,50,930,31.0,"08, DE LATTRE DE TASSIGN",,,Plein jour,En agglomération,Hors intersection,Temps couvert,Autre collision,,,,,,,,,,,1,2,1,8,6
200500022033,0005-04-30 10:05:00,5,4,30,10,5,930,31.0,"40/44, SAINT LEU (ROUTE)",,,Plein jour,En agglomération,Hors intersection,Normale,Deux véhicules - côté,,,,,,,,,,,1,2,1,1,3
200500022034,0005-04-05 00:40:00,5,4,5,0,40,930,47.0,"18, ROSIERS  (AVENUE DES",,,Nuit avec éclairage allumé,En agglomération,Hors intersection,Pluie forte,Autre collision,,,,,,,,,,,5,2,1,3,6
200500022035,0005-04-13 06:50:00,5,4,13,6,50,930,32.0,"JULES GUESDES  (RUE,A PA",,,Plein jour,En agglomération,Hors intersection,Normale,Deux véhicules - côté,,,,,,,,,,,1,2,1,1,3
200500022036,0005-04-14 09:45:00,5,4,14,9,45,930,47.0,GABRIEL PERI  (AVENUE),,,Plein jour,En agglomération,Intersection en X,Pluie légère,Deux véhicules - côté,,,,,,,,,,,1,2,2,2,3
200500022037,0005-04-19 16:10:00,5,4,19,16,10,930,32.0,GAITE   (AVENUE DE LA),,,Plein jour,En agglomération,Hors intersection,Normale,Deux véhicules - frontale,,,,,,,,,,,1,2,1,1,1
200500022038,0005-04-21 18:15:00,5,4,21,18,15,930,32.0,AVENIR  (RUE DE L'),,,Plein jour,En agglomération,Hors intersection,Normale,Autre collision,,,,,,,,,,,1,2,1,1,6
200500022039,0005-04-22 17:30:00,5,4,22,17,30,930,47.0,JEAN JAURES (AVENUE),,,Plein jour,En agglomération,Intersection en X,Normale,Deux véhicules - côté,,,,,,,,,,,1,2,2,1,3
200500022040,0005-04-28 17:45:00,5,4,28,17,45,930,47.0,TUILERIE  (RUE ET RUELLE,,,Plein jour,En agglomération,Hors intersection,Normale,Autre collision,,,,,,,,,,,1,2,1,1,6
200500022041,0005-04-05 01:30:00,5,4,5,1,30,930,6.0,"25, GAL DE GAULLE AV. DU",,,Nuit avec éclairage allumé,En agglomération,Autre intersection,Pluie légère,Sans collision,,,,,,,,,,,5,2,9,2,7
200500022042,0005-04-09 23:50:00,5,4,9,23,50,930,6.0,JAURES JEAN RUE,,,Nuit avec éclairage allumé,En agglomération,Hors intersection,Normale,Autre collision,,,,,,,,,,,5,2,1,1,6
200500022043,0005-04-11 11:25:00,5,4,11,11,25,930,6.0,"100, GALLIENI  AV.",,,Plein jour,En agglomération,Autre intersection,Normale,Autre collision,,,,,,,,,,,1,2,9,1,6
200500022044,0005-04-14 18:15:00,5,4,14,18,15,930,6.0,"50, MICHEL LOUISE RUE",,,Plein jour,En agglomération,Intersection en X,Pluie légère,Deux véhicules - frontale,,,,,,,,,,,1,2,2,2,1
200500022045,0005-04-17 15:30:00,5,4,17,15,30,930,63.0,BRANLY BD EDOUARD,,,Plein jour,En agglomération,Intersection en X,Normale,Deux véhicules - arrière,,,,,,,,,,,1,2,2,1,2
200500022046,0005-04-23 15:30:00,5,4,23,15,30,930,6.0,"26, GAL DE GAULLE AV. DU",,,Plein jour,En agglomération,Hors intersection,Normale,Autre collision,,,,,,,,,,,1,2,1,1,6
200500022047,0005-04-26 10:20:00,5,4,26,10,20,930,61.0,"6, VAILLANT AVENUE EDOUA",,,Plein jour,En agglomération,Hors intersection,Temps couvert,Autre collision,,,,,,,,,,,1,2,1,8,6
200500022048,0005-04-27 17:30:00,5,4,27,17,30,930,6.0,"19, LOLIVE JEAN RUE",,,Plein jour,En agglomération,Hors intersection,Normale,Autre collision,,,,,,,,,,,1,2,1,1,6
200500022049,0005-04-01 12:00:00,5,4,1,12,0,930,46.0,"Sans Objet, MARX DORMOY",,,Plein jour,En agglomération,Intersection en X,Normale,Deux véhicules - côté,,,,,,,,,,,1,2,2,1,3
200500022050,0005-04-02 18:30:00,5,4,2,18,30,930,15.0,"NR, DHUYS RUE DE LA",,,Plein jour,En agglomération,Hors intersection,Normale,Deux véhicules - frontale,,,,,,,,,,,1,2,1,1,1
200500022051,0005-04-06 08:00:00,5,4,6,8,0,930,46.0,"45, CONSUL GENERAL NORDL",,,Plein jour,En agglomération,Hors intersection,Normale,Autre collision,,,,,,,,,,,1,2,1,1,6
200500022052,0005-04-06 15:35:00,5,4,6,15,35,930,46.0,"NR, ARISTIDE BRIAND AVEN",,,Plein jour,En agglomération,Intersection en T,Pluie légère,Sans collision,,,,,,,,,,,1,2,3,2,7
200500022053,0005-04-07 17:10:00,5,4,7,17,10,930,15.0,STRATEGIQUE ROUTE,,,Plein jour,En agglomération,Hors intersection,Normale,Sans collision,,,,,,,,,,,1,2,1,1,7
200500022054,0005-04-09 14:45:00,5,4,9,14,45,930,74.0,"Sans Objet, DE GAULLE AV",,,Plein jour,En agglomération,Intersection en X,Normale,Trois véhicules et plus - en chaîne,,,,,,,,,,,1,2,2,1,4
200500022055,0005-04-13 12:45:00,5,4,13,12,45,930,15.0,"SANS OBJET, STRATEGIQUE",,,Plein jour,En agglomération,Autre intersection,Normale,Deux véhicules - frontale,,,,,,,,,,,1,2,9,1,1
200500022056,0005-04-18 23:45:00,5,4,18,23,45,930,46.0,"06, MARECHAL LECLERC AVE",,,Nuit avec éclairage allumé,En agglomération,Hors intersection,Temps couvert,Deux véhicules - côté,,,,,,,,,,,5,2,1,8,3
200500022057,0005-04-23 15:14:00,5,4,23,15,14,930,74.0,"07, SEVRAN RUE DE",,,Plein jour,En agglomération,Hors intersection,Normale,Autre collision,,,,,,,,,,,1,2,1,1,6
200500022058,0005-04-14 09:15:00,5,4,14,9,15,930,46.0,"19, MARX DORMOY BOULEVAR",,,Plein jour,En agglomération,Hors intersection,Normale,Autre collision,,,,,,,,,,,1,2,1,1,6
200500022059,0005-04-25 12:30:00,5,4,25,12,30,930,46.0,"1, MARX DORMOY BOULEVARD",,,Plein jour,En agglomération,Intersection en T,Normale,Deux véhicules - frontale,,,,,,,,,,,1,2,3,1,1
200500022060,0005-04-24 20:45:00,5,4,24,20,45,930,46.0,HUIT MAI 1945 RUE DU,,,Crépuscule ou aube,En agglomération,Intersection en T,Pluie légère,Deux véhicules - arrière,,,,,,,,,,,2,2,3,2,2
200500022061,0005-04-28 17:35:00,5,4,28,17,35,930,46.0,"21, EUGENE MASSE RUE",,,Plein jour,En agglomération,Hors intersection,Normale,Autre collision,,,,,,,,,,,1,2,1,1,6
200500022062,0005-04-01 18:15:00,5,4,1,18,15,930,48.0,PARIS (RUE DE),,,Plein jour,En agglomération,Intersection en T,Normale,Deux véhicules - arrière,,,,,,,,,,,1,2,3,1,2
200500022063,0005-04-07 18:45:00,5,4,7,18,45,930,48.0,"123, BOISSIERE (BOULEVAR",,,Plein jour,En agglomération,Hors intersection,Normale,Autre collision,,,,,,,,,,,1,2,1,1,6
200500022064,0005-04-08 15:35:00,5,4,8,15,35,930,48.0,STALINGRAD (RUE DE),,,Plein jour,En agglomération,Intersection en X,Pluie légère,Deux véhicules - côté,,,,,,,,,,,1,2,2,2,3
200500022065,0005-04-09 14:30:00,5,4,9,14,30,930,48.0,"81, BOISSIERE (BOULEVARD",,,Plein jour,En agglomération,Intersection à plus de 4 branches,Normale,Autre collision,,,,,,,,,,,1,2,5,1,6
200500022066,0005-04-15 15:45:00,5,4,15,15,45,930,48.0,"39, PAUL VAILLANT COUTUR",,,Plein jour,En agglomération,Hors intersection,Normale,Autre collision,,,,,,,,,,,1,2,1,1,6
200500022067,0005-04-15 16:20:00,5,4,15,16,20,930,48.0,"1, PAUL LANGEVIN (AVENUE",,,Plein jour,En agglomération,Place,Normale,Autre collision,,,,,,,,,,,1,2,7,1,6
200500022068,0005-04-20 12:00:00,5,4,20,12,0,930,48.0,"137 BIS, PARIS (RUE DE)",,,Plein jour,En agglomération,Hors intersection,Normale,Autre collision,,,,,,,,,,,1,2,1,1,6
200500022069,0005-04-22 18:10:00,5,4,22,18,10,930,48.0,", PRESIDENT WILSON (AVEN",,,Plein jour,En agglomération,Hors intersection,Normale,Autre collision,,,,,,,,,,,1,2,1,1,6
200500022070,0005-04-22 20:15:00,5,4,22,20,15,930,48.0,NOUVELLE FRANCE (RUE DE,,,Crépuscule ou aube,En agglomération,Hors intersection,Normale,Deux véhicules - frontale,,,,,,,,,,,2,2,1,1,1
200500022071,0005-04-23 22:50:00,5,4,23,22,50,930,48.0,"97, PARIS (RUE DE)",,,Nuit avec éclairage allumé,En agglomération,Hors intersection,Normale,Autre collision,,,,,,,,,,,5,2,1,1,6
200500022072,0005-04-26 12:50:00,5,4,26,12,50,930,48.0,"174, THEOPHILE SUEUR (BO",,,Plein jour,En agglomération,Hors intersection,Normale,Autre collision,,,,,,,,,,,1,2,1,1,6
200500022073,0005-04-02 17:00:00,5,4,2,17,0,930,50.0,"0, LEON BLUM (AVENUE)",,,Plein jour,En agglomération,Intersection en X,Normale,Deux véhicules - côté,,,,,,,,,,,1,2,2,1,3
200500022074,0005-04-03 13:52:00,5,4,3,13,52,930,50.0,"167, PAUL VAILLANT COUTU",,,Plein jour,En agglomération,Hors intersection,Normale,Autre collision,,,,,,,,,,,1,2,1,1,6
200500022075,0005-04-03 19:30:00,5,4,3,19,30,930,49.0,"40, EDGAR QUINET (RUE) F",,,Plein jour,En agglomération,Hors intersection,Normale,Deux véhicules - côté,,,,,,,,,,,1,2,1,1,3
200500022076,0005-04-19 19:00:00,5,4,19,19,0,930,50.0,GENERAL DE GAULLE (AVENU,,,Plein jour,En agglomération,Hors intersection,Normale,Deux véhicules - arrière,,,,,,,,,,,1,2,1,1,2
200500022077,0005-04-22 12:40:00,5,4,22,12,40,930,50.0,"35, MARECHAL FOCH (AVENU",,,Plein jour,En agglomération,Hors intersection,Normale,Deux véhicules - arrière,,,,,,,,,,,1,2,1,1,2
200500022078,0005-04-26 14:20:00,5,4,26,14,20,930,50.0,"125, PAUL ET CAMILLE THO",,,Plein jour,En agglomération,Intersection en X,Normale,Deux véhicules - côté,,,,,,,,,,,1,2,2,1,3
200500022079,0005-04-27 14:35:00,5,4,27,14,35,930,49.0,"16, FAUVETTES (AVENUE) B",,,Plein jour,En agglomération,Hors intersection,Normale,Deux véhicules - côté,,,,,,,,,,,1,2,1,1,3
200500022080,0005-04-01 18:30:00,5,4,1,18,30,930,51.0,"29, MONTAIGNE (AVE)",,,Plein jour,En agglomération,Intersection en X,Normale,Autre collision,,,,,,,,,,,1,2,2,1,6
200500022081,0005-04-16 19:55:00,5,4,16,19,55,930,33.0,"22 bis, GEORGES CLEMENCE",,,Plein jour,En agglomération,Intersection en X,Normale,Deux véhicules - côté,,,,,,,,,,,1,2,2,1,3