accident_id,datetime,annee,mois,jour,heure,minute,departement,commune_insee,adresse,latitude,longitude,luminosite,agglomeration,intersection,meteo,collision,nb_vehicules,nb_usagers,nb_indemnes,nb_tues,nb_blesses_hosp,nb_blesses_legers,age_cond_1,age_cond_2,veh_type_cond_1,veh_type_cond_2,lum_code,agg_code,int_code,atm_code,col_code
200500022212,0005-04-02 00:20:00,5,4,2,0,20,940,65.0,VICTOIRE (AV DE LA),,,Nuit avec éclairage allumé,En agglomération,Intersection en X,Normale,Deux véhicules - côté,,,,,,,,,,,5,2,2,1,3
200500022213,0005-04-01 10:00:00,5,4,1,10,0,940,38.0,GENERAL DE GAULLE (AV DU,,,Plein jour,En agglomération,Intersection en X,Normale,Deux véhicules - côté,,,,,,,,,,,1,2,2,1,3
200500022214,0005-04-05 12:55:00,5,4,5,12,55,940,65.0,Route nationale 186,,,Plein jour,En agglomération,Hors intersection,Normale,Deux véhicules - côté,,,,,,,,,,,1,2,1,1,3
200500022215,0005-04-08 11:00:00,5,4,8,11,0,940,73.0,FONTAINEBLEAU (AV DE),,,Plein jour,En agglomération,Intersection en X,Pluie légère,Deux véhicules - côté,,,,,,,,,,,1,2,2,2,3
200500022216,0005-04-13 16:20:00,5,4,13,16,20,940,34.0,CERISAIE (AV DE LA),,,Plein jour,En agglomération,Intersection en T,Normale,Deux véhicules - côté,,,,,,,,,,,1,2,3,1,3
200500022217,0005-04-18 04:45:00,5,4,18,4,45,940,65.0,FONTAINEBLEAU (AV DE),,,Nuit avec éclairage allumé,En agglomération,Hors intersection,Pluie légère,Sans collision,,,,,,,,,,,5,2,1,2,7
200500022218,0005-04-22 15:10:00,5,4,22,15,10,940,65.0,TROIS MARCHES (AV) / MIN,,,Plein jour,En agglomération,Intersection en X,Normale,Deux véhicules - côté,,,,,,,,,,,1,2,2,1,3
200500022219,0005-04-22 19:20:00,5,4,22,19,20,940,73.0,VERSAILLES (AV DE),,,Plein jour,En agglomération,Intersection en T,Normale,Autre collision,,,,,,,,,,,1,2,3,1,6
200500022220,0005-04-29 20:15:00,5,4,29,20,15,940,73.0,VERSAILLES (AV DE),,,Plein jour,En agglomération,Hors intersection,Normale,Sans collision,,,,,,,,,,,1,2,1,1,7
200500022221,0005-04-05 12:05:00,5,4,5,12,5,940,41.0,"97, PAUL VAILLANT COUTUR",,,Plein jour,En agglomération,Hors intersection,Normale,Autre collision,,,,,,,,,,,1,2,1,1,6
200500022222,0005-04-06 12:20:00,5,4,6,12,20,940,41.0,GEORGES GOSNAT (AV),,,Plein jour,En agglomération,Hors intersection,Normale,Sans collision,,,,,,,,,,,1,2,1,1,7
200500022223,0005-04-26 18:30:00,5,4,26,18,30,940,41.0,"67, PAUL VAILLANT COUTUR",,,Plein jour,En agglomération,Hors intersection,Pluie légère,Sans collision,,,,,,,,,,,1,2,1,2,7
200500022224,0005-04-29 16:35:00,5,4,29,16,35,940,41.0,"84, GABRIEL PERI (R)",,,Plein jour,En agglomération,Hors intersection,Normale,Sans collision,,,,,,,,,,,1,2,1,1,7
200500022225,0005-04-29 20:00:00,5,4,29,20,0,940,41.0,"5, PIERRE SEMARD (AV)",,,Nuit avec éclairage allumé,En agglomération,Hors intersection,Normale,Sans collision,,,,,,,,,,,5,2,1,1,7
200500022226,0005-04-11 19:55:00,5,4,11,19,55,940,41.0,NELSON MANDELA,,,Plein jour,En agglomération,Hors intersection,Normale,Trois véhicules et plus - en chaîne,,,,,,,,,,,1,2,1,1,4
200500022227,0005-04-20 15:45:00,5,4,20,15,45,940,41.0,"10, SAINT JUST (R)",,,Plein jour,En agglomération,Hors intersection,Pluie légère,Sans collision,,,,,,,,,,,1,2,1,2,7
200500022228,0005-04-30 15:05:00,5,4,30,15,5,940,41.0,VERDUN (AV DE),,,Plein jour,En agglomération,Intersection à plus de 4 branches,Normale,Deux véhicules - arrière,,,,,,,,,,,1,2,5,1,2
200500022229,0005-04-04 18:20:00,5,4,4,18,20,940,46.0,GAMBETTA (AV),,,Plein jour,En agglomération,Intersection en X,Normale,Deux véhicules - côté,,,,,,,,,,,1,2,2,1,3
200500022230,0005-04-05 17:55:00,5,4,5,17,55,940,46.0,JEAN JAURES (R),,,Plein jour,En agglomération,Hors intersection,Normale,Autre collision,,,,,,,,,,,1,2,1,1,6
200500022231,0005-04-14 18:15:00,5,4,14,18,15,940,46.0,"195, GENERAL LECLERC (AV",,,Plein jour,En agglomération,Intersection en T,Normale,Deux véhicules - côté,,,,,,,,,,,1,2,3,1,3
200500022232,0005-04-06 08:30:00,5,4,6,8,30,940,46.0,"17, GENERAL LECLERC (AV",,,Plein jour,En agglomération,Hors intersection,Normale,Autre collision,,,,,,,,,,,1,2,1,1,6
200500022233,0005-04-21 18:35:00,5,4,21,18,35,940,46.0,"16, METZ (R DE)",,,Plein jour,En agglomération,Intersection en T,Normale,Autre collision,,,,,,,,,,,1,2,3,1,6
200500022234,0005-04-23 16:45:00,5,4,23,16,45,940,46.0,GABRIEL PERI (R),,,Plein jour,En agglomération,Intersection en X,Normale,Deux véhicules - côté,,,,,,,,,,,1,2,2,1,3
200500022235,0005-04-26 18:50:00,5,4,26,18,50,940,46.0,"31, VICTOR HUGO (R)",,,Plein jour,En agglomération,Hors intersection,Pluie légère,Deux véhicules - arrière,,,,,,,,,,,1,2,1,2,2
200500022236,0005-04-30 19:55:00,5,4,30,19,55,940,46.0,"300, JEAN JAURES (R)",,,Plein jour,En agglomération,Hors intersection,Normale,Deux véhicules - arrière,,,,,,,,,,,1,2,1,1,2
200500022237,0005-04-04 13:30:00,5,4,4,13,30,940,52.0,STRASBOURG - PL DU GENER,,,Plein jour,En agglomération,Hors intersection,Normale,Deux véhicules - côté,,,,,,,,,,,1,2,1,1,3
200500022238,0005-04-20 15:00:00,5,4,20,15,0,940,15.0,"101, LOUIS FERBER (QU)",,,Plein jour,En agglomération,Autre intersection,Normale,Deux véhicules - frontale,,,,,,,,,,,1,2,9,1,1
200500022239,0005-04-05 18:50:00,5,4,5,18,50,940,68.0,"54, CENTENAIRE (AV DU)",,,Plein jour,En agglomération,Hors intersection,Normale,Autre collision,,,,,,,,,,,1,2,1,1,6
200500022240,0005-04-06 15:55:00,5,4,6,15,55,940,68.0,EDGAR QUINET (R),,,Plein jour,En agglomération,Hors intersection,Normale,Autre collision,,,,,,,,,,,1,2,1,1,6
200500022241,0005-04-10 11:20:00,5,4,10,11,20,940,68.0,"120, FOCH (AV)",,,Plein jour,En agglomération,Intersection en X,Normale,Deux véhicules - côté,,,,,,,,,,,1,2,2,1,3
200500022242,0005-04-11 14:10:00,5,4,11,14,10,940,68.0,"84, MARNE (BD DE LA)",,,Plein jour,En agglomération,Hors intersection,Normale,Autre collision,,,,,,,,,,,1,2,1,1,6
200500022243,0005-04-19 10:55:00,5,4,19,10,55,940,68.0,"65, RABELAIS (BD)",,,Plein jour,En agglomération,Hors intersection,Normale,Deux véhicules - côté,,,,,,,,,,,1,2,1,1,3
200500022244,0005-04-23 17:20:00,5,4,23,17,20,940,68.0,BONNEUIL (PONT DE),,,Plein jour,En agglomération,Hors intersection,Normale,Trois véhicules et plus - en chaîne,,,,,,,,,,,1,2,1,1,4
200500022245,0005-04-22 16:15:00,5,4,22,16,15,940,68.0,CRETEIL (BD DE),,,Plein jour,En agglomération,Hors intersection,Normale,Sans collision,,,,,,,,,,,1,2,1,1,7
200500022246,0005-04-27 14:15:00,5,4,27,14,15,940,68.0,DOCTEUR ROUX (R DU),,,Plein jour,En agglomération,Intersection en X,Normale,Deux véhicules - côté,,,,,,,,,,,1,2,2,1,3
200500022247,0005-04-29 16:30:00,5,4,29,16,30,940,68.0,PIERRE BROSSOLETTE (AV),,,Plein jour,En agglomération,Hors intersection,Normale,Autre collision,,,,,,,,,,,1,2,1,1,6
200500022248,0005-04-12 23:00:00,5,4,12,23,0,940,77.0,REPUBLIQUE (AV DE LA),,,Nuit avec éclairage allumé,En agglomération,Hors intersection,Normale,Autre collision,,,,,,,,,,,5,2,1,1,6
200500022249,0005-04-01 20:10:00,5,4,1,20,10,940,74.0,"178, DIVISION GENERAL LE",,,Nuit avec éclairage allumé,En agglomération,Hors intersection,Normale,Autre collision,,,,,,,,,,,5,2,1,1,6
200500022250,0005-04-07 16:15:00,5,4,7,16,15,940,74.0,GABRIEL PERI (R),,,Plein jour,En agglomération,Hors intersection,Normale,Autre collision,,,,,,,,,,,1,2,1,1,6
200500022251,0005-04-06 08:50:00,5,4,6,8,50,940,74.0,ERABLES (R DES),,,Plein jour,En agglomération,Hors intersection,Normale,Autre collision,,,,,,,,,,,1,2,1,1,6
200500022252,0005-04-13 08:45:00,5,4,13,8,45,940,77.0,"0, VERDUN (COUR DE)",,,Plein jour,En agglomération,Hors intersection,Normale,Trois véhicules et plus - en chaîne,,,,,,,,,,,1,2,1,1,4
200500022253,0005-04-03 13:00:00,5,4,3,13,0,940,81.0,STALINGRAD (BD DE),,,Plein jour,En agglomération,Hors intersection,Normale,Trois véhicules et plus - en chaîne,,,,,,,,,,,1,2,1,1,4
200500022254,0005-04-08 16:30:00,5,4,8,16,30,940,81.0,PAUL VAILLANT COUTURIER,,,Plein jour,En agglomération,Autre intersection,Pluie légère,Autre collision,,,,,,,,,,,1,2,9,2,6
200500022255,0005-04-09 15:05:00,5,4,9,15,5,940,81.0,"65, CONCORDE (R DE LA)",,,Plein jour,En agglomération,Hors intersection,Normale,Autre collision,,,,,,,,,,,1,2,1,1,6
200500022256,0005-04-10 13:45:00,5,4,10,13,45,940,81.0,"125, MOULIN DE SAQUET (A",,,Plein jour,En agglomération,Hors intersection,Normale,Trois véhicules et plus - en chaîne,,,,,,,,,,,1,2,1,1,4
200500022257,0005-04-14 17:55:00,5,4,14,17,55,940,81.0,ROUGET DE L ISLE (AV),,,Plein jour,En agglomération,Intersection en T,Pluie légère,Deux véhicules - côté,,,,,,,,,,,1,2,3,2,3
200500022258,0005-04-15 20:50:00,5,4,15,20,50,940,81.0,MOULIN DE SAQUET (AV DU),,,Crépuscule ou aube,En agglomération,Intersection en T,Normale,Deux véhicules - côté,,,,,,,,,,,2,2,3,1,3
200500022259,0005-04-21 11:35:00,5,4,21,11,35,940,81.0,ANDRE MAGINOT (AV),,,Plein jour,En agglomération,Intersection en X,Normale,Deux véhicules - côté,,,,,,,,,,,1,2,2,1,3
200500022260,0005-04-23 19:10:00,5,4,23,19,10,940,81.0,"14, ABBE ROGER DERRY (AV",,,Plein jour,En agglomération,Hors intersection,Normale,Autre collision,,,,,,,,,,,1,2,1,1,6
200500022261,0005-04-24 21:40:00,5,4,24,21,40,940,81.0,"04, FONTAINEBLEAU (RTE D",,,Nuit avec éclairage allumé,En agglomération,Hors intersection,Pluie légère,Autre collision,,,,,,,,,,,5,2,1,2,6
200500022262,0005-04-01 09:50:00,5,4,1,9,50,950,18.0,HELOISE (BOULEVARD),,,Plein jour,En agglomération,Intersection en T,Normale,Autre collision,,,,,,,,,,,1,2,3,1,6
200500022263,0005-04-02 11:55:00,5,4,2,11,55,950,18.0,"101, ALLEMANE (BOULEVARD",,,Plein jour,En agglomération,Hors intersection,Normale,Sans collision,,,,,,,,,,,1,2,1,1,7
200500022264,0005-04-08 09:25:00,5,4,8,9,25,950,18.0,VERDUN (AVENUE DE),,,Plein jour,En agglomération,Passage à niveau,Pluie forte,Deux véhicules - arrière,,,,,,,,,,,1,2,8,3,2
200500022265,0005-04-08 17:00:00,5,4,8,17,0,950,18.0,"10, SALONIQUE (RUE DE)",,,Plein jour,En agglomération,Hors intersection,Normale,Deux véhicules - arrière,,,,,,,,,,,1,2,1,1,2
200500022266,0005-04-11 12:45:00,5,4,11,12,45,950,18.0,GALLIENI (BOULEVARD),,,Plein jour,En agglomération,Intersection en X,Normale,Deux véhicules - côté,,,,,,,,,,,1,2,2,1,3
200500022267,0005-04-12 00:30:00,5,4,12,0,30,950,582.0,ERMITAGE (RUE DE L'),,,Nuit avec éclairage allumé,En agglomération,Giratoire,Temps couvert,Autre collision,,,,,,,,,,,5,2,6,8,6
200500022268,0005-04-13 08:23:00,5,4,13,8,23,950,18.0,"56, NORD (RUE DU)",,,Plein jour,En agglomération,Intersection en T,Normale,Sans collision,,,,,,,,,,,1,2,3,1,7
200500022269,0005-04-15 12:45:00,5,4,15,12,45,950,18.0,"38, ERMITAGE (RUE DE L'",,,Plein jour,En agglomération,Hors intersection,Normale,Sans collision,,,,,,,,,,,1,2,1,1,7
200500022270,0005-04-15 18:55:00,5,4,15,18,55,950,18.0,LABRIERE (RUE ALFRED),,,Plein jour,En agglomération,Intersection en X,Normale,Autre collision,,,,,,,,,,,1,2,2,1,6
200500022271,0005-04-17 22:35:00,5,4,17,22,35,950,18.0,"84, HELOISE (BOULEVARD)",,,Nuit avec éclairage allumé,En agglomération,Hors intersection,Normale,Sans collision,,,,,,,,,,,5,2,1,1,7
200500022272,0005-04-18 19:58:00,5,4,18,19,58,950,176.0,"85, CLEMENCEAU (BOULEVAR",,,Plein jour,En agglomération,Hors intersection,Normale,Deux véhicules - côté,,,,,,,,,,,1,2,1,1,3
200500022273,0005-04-20 13:40:00,5,4,20,13,40,950,18.0,FEIX (BOULEVARD LEON),,,Plein jour,En agglomération,Intersection en X,Normale,Autre collision,,,,,,,,,,,1,2,2,1,6
200500022274,0005-04-22 07:50:00,5,4,22,7,50,950,18.0,CAPUCINES (RUE DES),,,Plein jour,En agglomération,Intersection à plus de 4 branches,Normale,Deux véhicules - côté,,,,,,,,,,,1,2,5,1,3
200500022275,0005-04-22 13:00:00,5,4,22,13,0,950,18.0,SEMARD (PLACE PIERRE),,,Plein jour,En agglomération,Hors intersection,Normale,Autre collision,,,,,,,,,,,1,2,1,1,6
200500022276,0005-04-26 15:30:00,5,4,26,15,30,950,18.0,JAURES (AVENUE JEAN),,,Plein jour,En agglomération,Hors intersection,Normale,Deux véhicules - arrière,,,,,,,,,,,1,2,1,1,2
200500022277,0005-04-28 07:40:00,5,4,28,7,40,950,18.0,CORMEILLES (ROUTE DE),,,Plein jour,En agglomération,Intersection en X,Normale,Trois véhicules et plus - collisions multiples,,,,,,,,,,,1,2,2,1,5
200500022278,0005-04-01 17:00:00,5,4,1,17,0,950,63.0,"33, VICTOR HUGO (RUE)",,,Plein jour,En agglomération,Hors intersection,Normale,Autre collision,,,,,,,,,,,1,2,1,1,6
200500022279,0005-04-15 17:20:00,5,4,15,17,20,950,63.0,"66, DROITS DE L'HOMME (P",,,Plein jour,En agglomération,Hors intersection,Normale,Deux véhicules - arrière,,,,,,,,,,,1,2,1,1,2
200500022280,0005-04-18 13:30:00,5,4,18,13,30,950,63.0,"36, EMILE ZOLA (RUE-28 A",,,Plein jour,En agglomération,Hors intersection,Normale,Autre collision,,,,,,,,,,,1,2,1,1,6
200500022281,0005-04-21 13:20:00,5,4,21,13,20,950,63.0,"71, SARTROUVILLE (RUE DE",,,Plein jour,En agglomération,Hors intersection,Normale,Autre collision,,,,,,,,,,,1,2,1,1,6
200500022282,0005-04-21 17:40:00,5,4,21,17,40,950,63.0,"28, GABRIEL PERI (AVENUE",,,Plein jour,En agglomération,Hors intersection,Normale,Deux véhicules - côté,,,,,,,,,,,1,2,1,1,3
200500022283,0005-04-02 22:30:00,5,4,2,22,30,950,488.0,"0, CONFLANS (ROUTE DE)",,,Nuit avec éclairage allumé,En agglomération,Intersection en T,Normale,Deux véhicules - côté,,,,,,,,,,,5,2,3,1,3
200500022284,0005-04-19 09:28:00,5,4,19,9,28,950,127.0,OISE (BOULEVARD DE L'),,,Plein jour,En agglomération,Hors intersection,Normale,Deux véhicules - côté,,,,,,,,,,,1,2,1,1,3
200500022285,0005-04-15 23:50:00,5,4,15,23,50,950,500.0,VIOSNE (BOULEVARD DE LA),,,Nuit avec éclairage allumé,En agglomération,Intersection en X,Normale,Trois véhicules et plus - collisions multiples,,,,,,,,,,,5,2,2,1,5
200500022286,0005-04-21 00:25:00,5,4,21,0,25,950,127.0,SUD (AVENUE DU),,,Nuit avec éclairage allumé,En agglomération,Intersection en X,Normale,Deux véhicules - côté,,,,,,,,,,,5,2,2,1,3
200500022287,0005-04-20 14:30:00,5,4,20,14,30,950,127.0,CHEMIN DES 4 SAISONS,,,Plein jour,En agglomération,Hors intersection,Normale,Sans collision,,,,,,,,,,,1,2,1,1,7
200500022288,0005-04-27 12:30:00,5,4,27,12,30,950,218.0,"0, BELLEVUES (AVENUE DES",,,Plein jour,En agglomération,Hors intersection,Normale,Deux véhicules - arrière,,,,,,,,,,,1,2,1,1,2
200500022289,0005-04-19 19:45:00,5,4,19,19,45,950,218.0,R.N.184,,,Plein jour,En agglomération,Hors intersection,Normale,Deux véhicules - côté,,,,,,,,,,,1,2,1,1,3
200500022290,0005-04-13 15:15:00,5,4,13,15,15,950,427.0,GARE (AVENUE DE LA),,,Plein jour,En agglomération,Intersection en X,Normale,Deux véhicules - côté,,,,,,,,,,,1,2,2,1,3
200500022291,0005-04-21 08:30:00,5,4,21,8,30,950,197.0,"1, PROGRES (RUE DU)",,,Plein jour,En agglomération,Intersection en X,Normale,Autre collision,,,,,,,,,,,1,2,2,1,6
200500022292,0005-04-01 18:30:00,5,4,1,18,30,950,427.0,PAVILLON (RUELLE DU),,,Plein jour,En agglomération,Hors intersection,Normale,Autre collision,,,,,,,,,,,1,2,1,1,6
200500022293,0005-04-27 21:20:00,5,4,27,21,20,950,427.0,CALAIS (ROUTE DE),,,Nuit avec éclairage allumé,En agglomération,Hors intersection,Normale,Trois véhicules et plus - collisions multiples,,,,,,,,,,,5,2,1,1,5
200500022294,0005-04-11 08:40:00,5,4,11,8,40,950,210.0,DE GAULLE (RUE DU GENERA,,,Plein jour,En agglomération,Hors intersection,Normale,Deux véhicules - côté,,,,,,,,,,,1,2,1,1,3
200500022295,0005-04-16 10:00:00,5,4,16,10,0,950,210.0,"SIS 96, CEINTURE (AVENUE",,,Plein jour,En agglomération,Intersection en T,Pluie légère,Autre collision,,,,,,,,,,,1,2,3,2,6
200500022296,0005-04-16 17:20:00,5,4,16,17,20,950,210.0,"39, ARRIVEE (RUE DE L')",,,Plein jour,En agglomération,Hors intersection,Normale,Deux véhicules - frontale,,,,,,,,,,,1,2,1,1,1
200500022297,0005-04-19 08:55:00,5,4,19,8,55,950,210.0,"inconnu, DEPART (RUE DU)",,,Plein jour,En agglomération,Hors intersection,Normale,Autre collision,,,,,,,,,,,1,2,1,1,6
200500022298,0005-04-02 16:30:00,5,4,2,16,30,950,203.0,ENGHIEN (RUE D'),,,Plein jour,En agglomération,Intersection en T,Normale,Deux véhicules - frontale,,,,,,,,,,,1,2,3,1,1
200500022299,0005-04-02 13:20:00,5,4,2,13,20,950,203.0,"9, MONTLIGNON (ROUTE DE)",,,Plein jour,En agglomération,Hors intersection,Normale,Trois véhicules et plus - collisions multiples,,,,,,,,,,,1,2,1,1,5
200500022300,0005-04-05 13:30:00,5,4,5,13,30,950,426.0,"0, ARMAND HAYEM (BD)",,,Plein jour,En agglomération,Intersection en T,Normale,Deux véhicules - côté,,,,,,,,,,,1,2,3,1,3
200500022301,0005-04-06 20:30:00,5,4,6,20,30,950,219.0,STAND (RUE DU),,,Plein jour,En agglomération,Hors intersection,Pluie forte,Deux véhicules - côté,,,,,,,,,,,1,2,1,3,3
200500022302,0005-04-06 20:05:00,5,4,6,20,5,950,252.0,BOULEAUX (RUE DES),,,Plein jour,En agglomération,Hors intersection,Pluie forte,Autre collision,,,,,,,,,,,1,2,1,3,6
200500022303,0005-04-09 17:10:00,5,4,9,17,10,950,219.0,HALTE (RUE DE LA),,,Plein jour,En agglomération,Hors intersection,Normale,Deux véhicules - côté,,,,,,,,,,,1,2,1,1,3
200500022304,0005-04-11 09:00:00,5,4,11,9,0,950,219.0,BOUQUINVILLES (RUE DES),,,Plein jour,En agglomération,Hors intersection,Normale,Autre collision,,,,,,,,,,,1,2,1,1,6
200500022305,0005-04-13 17:41:00,5,4,13,17,41,950,219.0,"21, STALINGRAD (RUE DE)",,,Plein jour,En agglomération,Hors intersection,Pluie légère,Deux véhicules - arrière,,,,,,,,,,,1,2,1,2,2
200500022306,0005-04-13 23:45:00,5,4,13,23,45,950,252.0,BEL-AIR (BOULEVARD DU),,,Nuit avec éclairage allumé,En agglomération,Hors intersection,Normale,Deux véhicules - côté,,,,,,,,,,,5,2,1,1,3
200500022307,0005-04-22 15:28:00,5,4,22,15,28,950,252.0,"0, JULES CESAR (CHAUSSEE",,,Plein jour,En agglomération,Hors intersection,Normale,Deux véhicules - côté,,,,,,,,,,,1,2,1,1,3
200500022308,0005-04-25 08:40:00,5,4,25,8,40,950,219.0,"375, GENERAL LECLERC (RU",,,Plein jour,En agglomération,Hors intersection,Normale,Deux véhicules - arrière,,,,,,,,,,,1,2,1,1,2
200500022309,0005-04-09 16:45:00,5,4,9,16,45,950,268.0,"10, DEGAS (RUE EDGAR)",,,Plein jour,En agglomération,Hors intersection,Normale,Autre collision,,,,,,,,,,,1,2,1,1,6
200500022310,0005-04-13 12:50:00,5,4,13,12,50,950,268.0,"5, CHALGRIN (RUE JEAN-FR",,,Plein jour,En agglomération,Hors intersection,Normale,Autre collision,,,,,,,,,,,1,2,1,1,6
200500022311,0005-04-02 09:00:00,5,4,2,9,0,950,280.0,VAILLANT COUTURIER (BD P,,,Plein jour,En agglomération,Hors intersection,Normale,Autre collision,,,,,,,,,,,1,2,1,1,6
200500022312,0005-04-03 10:30:00,5,4,3,10,30,950,424.0,"0, REPUBLIQUE (RUE DE LA",,,Plein jour,En agglomération,Giratoire,Normale,Deux véhicules - côté,,,,,,,,,,,1,2,6,1,3
200500022313,0005-04-06 17:25:00,5,4,6,17,25,950,424.0,"7, LEO FERRET (RUE)",,,Plein jour,En agglomération,Hors intersection,Normale,Autre collision,,,,,,,,,,,1,2,1,1,6
200500022314,0005-04-11 17:55:00,5,4,11,17,55,950,424.0,"0, VINCENT VAN GOGH (RUE",,,Plein jour,En agglomération,Hors intersection,Normale,Deux véhicules - frontale,,,,,,,,,,,1,2,1,1,1
200500022315,0005-04-15 16:05:00,5,4,15,16,5,950,424.0,"13, VICTOR BORDIER (BOUL",,,Plein jour,En agglomération,Hors intersection,Pluie forte,Autre collision,,,,,,,,,,,1,2,1,3,6
200500022316,0005-04-24 20:20:00,5,4,24,20,20,950,306.0,"0, CONFLANS (RUE DE)",,,Crépuscule ou aube,En agglomération,Hors intersection,Temps couvert,Sans collision,,,,,,,,,,,2,2,1,8,7
200500022317,0005-04-28 18:45:00,5,4,28,18,45,950,306.0,"0, ESCAPADE (ALLEE DE L'",,,Plein jour,En agglomération,Intersection en T,Normale,Deux véhicules - côté,,,,,,,,,,,1,2,3,1,3
200500022318,0005-04-06 12:45:00,5,4,6,12,45,950,313.0,TABLE DE CASSAN,,,Plein jour,Hors agglomération,Hors intersection,Normale,Trois véhicules et plus - en chaîne,,,,,,,,,,,1,1,1,1,4
200500022319,0005-04-13 11:56:00,5,4,13,11,56,950,313.0,BEFFROI (DU),,,Plein jour,En agglomération,Hors intersection,Normale,Autre collision,,,,,,,,,,,1,2,1,1,6
200500022320,0005-04-11 19:05:00,5,4,11,19,5,950,313.0,CHATEAU (PLACE DU),,,Plein jour,En agglomération,Place,Normale,Autre collision,,,,,,,,,,,1,2,7,1,6
200500022321,0005-04-14 20:00:00,5,4,14,20,0,950,60.0,PASTEUR (RUE),,,Crépuscule ou aube,En agglomération,Intersection en X,Normale,Deux véhicules - côté,,,,,,,,,,,2,2,2,1,3
200500022322,0005-04-15 08:40:00,5,4,15,8,40,950,51.0,"155, JULES CESAR (CHAUSS",,,Plein jour,En agglomération,Hors intersection,Normale,Deux véhicules - frontale,,,,,,,,,,,1,2,1,1,1
200500022323,0005-04-17 17:30:00,5,4,17,17,30,950,607.0,"17, FRANCOISE DOLTO (RUE",,,Plein jour,En agglomération,Hors intersection,Normale,Autre collision,,,,,,,,,,,1,2,1,1,6
200500022324,0005-04-22 02:15:00,5,4,22,2,15,950,607.0,"00, HERBLAY (RUE)",,,Nuit avec éclairage allumé,En agglomération,Hors intersection,Normale,Deux véhicules - arrière,,,,,,,,,,,5,2,1,1,2
200500022325,0005-04-22 13:00:00,5,4,22,13,0,950,60.0,PARIS (AVENUE DE),,,Plein jour,En agglomération,Autre intersection,Normale,Deux véhicules - côté,,,,,,,,,,,1,2,9,1,3
200500022326,0005-04-15 17:45:00,5,4,15,17,45,201,4.0,"SANS, STILETTO LOT RTE M",,,Plein jour,En agglomération,Hors intersection,Normale,Deux véhicules - côté,,,,,,,,,,,1,2,1,1,3
200500022327,0005-04-15 13:30:00,5,4,15,13,30,201,4.0,"SANS, ROSSINI PASCAL BD",,,Plein jour,En agglomération,Hors intersection,Normale,Deux véhicules - côté,,,,,,,,,,,1,2,1,1,3
200500022328,0005-04-18 03:02:00,5,4,18,3,2,201,4.0,"SANS, MONT THABOR RUE DU",,,Nuit avec éclairage allumé,En agglomération,Hors intersection,Normale,Autre collision,,,,,,,,,,,5,2,1,1,6
200500022329,0005-04-18 07:55:00,5,4,18,7,55,201,4.0,"00, DEL PELLEGRINO RUE D",,,Plein jour,En agglomération,Intersection en X,Normale,Autre collision,,,,,,,,,,,1,2,2,1,6
200500022330,0005-04-15 17:50:00,5,4,15,17,50,201,4.0,"SANS, ACHILLE PERETTI RU",,,Plein jour,En agglomération,Intersection en T,Normale,Deux véhicules - côté,,,,,,,,,,,1,2,3,1,3
200500022331,0005-04-22 12:06:00,5,4,22,12,6,201,4.0,"SANS, BIANCAMARIA COLONE",,,Plein jour,En agglomération,Hors intersection,Normale,Trois véhicules et plus - collisions multiples,,,,,,,,,,,1,2,1,1,5
200500022332,0005-04-23 18:25:00,5,4,23,18,25,201,4.0,"SANS, ALATA ROUTE",,,Plein jour,En agglomération,Autre intersection,Normale,Autre collision,,,,,,,,,,,1,2,9,1,6
200500022333,0005-04-26 08:22:00,5,4,26,8,22,201,4.0,"SANS, ASPRETTO ROUTE",,,Plein jour,En agglomération,Hors intersection,Normale,Deux véhicules - arrière,,,,,,,,,,,1,2,1,1,2
200500022334,0005-04-25 14:10:00,5,4,25,14,10,201,4.0,"SANS, ACHILLE PERETTI RU",,,Plein jour,En agglomération,Intersection en T,Normale,Deux véhicules - côté,,,,,,,,,,,1,2,3,1,3
200500022335,0005-04-30 09:20:00,5,4,30,9,20,201,4.0,"SANS, PAOLI DOMINIQUE  B",,,Plein jour,En agglomération,Hors intersection,Normale,Deux véhicules - côté,,,,,,,,,,,1,2,1,1,3
200500022336,0005-04-28 10:56:00,5,4,28,10,56,201,4.0,"SANS, ALATA ROUTE",,,Plein jour,En agglomération,Hors intersection,Normale,Autre collision,,,,,,,,,,,1,2,1,1,6
200500022337,0005-04-01 08:45:00,5,4,1,8,45,201,4.0,"SANS, NAPOLEON COURS AVA",,,Plein jour,En agglomération,Hors intersection,Normale,Deux véhicules - arrière,,,,,,,,,,,1,2,1,1,2
200500022338,0005-04-02 07:25:00,5,4,2,7,25,201,4.0,"SANS, LENTISQUES CHEMIN",,,Plein jour,En agglomération,Intersection en T,Normale,Deux véhicules - côté,,,,,,,,,,,1,2,3,1,3
200500022339,0005-04-04 12:19:00,5,4,4,12,19,201,4.0,"SANS, NICOLI JEAN COURS",,,Plein jour,En agglomération,Hors intersection,Normale,Deux véhicules - côté,,,,,,,,,,,1,2,1,1,3
200500022340,0005-04-10 02:20:00,5,4,10,2,20,201,4.0,"SANS, RECCO ABBE BOULEVA",,,Nuit avec éclairage allumé,En agglomération,Giratoire,Normale,Deux véhicules - frontale,,,,,,,,,,,5,2,6,1,1
200500022341,0005-04-13 23:25:00,5,4,13,23,25,201,4.0,"SANS, PIETRI FRANCOIS RU",,,Nuit avec éclairage allumé,En agglomération,Hors intersection,Normale,Deux véhicules - arrière,,,,,,,,,,,5,2,1,1,2
200500022342,0005-04-12 16:16:00,5,4,12,16,16,201,4.0,NATIONALE 193,,,Plein jour,En agglomération,Hors intersection,Normale,Trois véhicules et plus - en chaîne,,,,,,,,,,,1,2,1,1,4