accident_id,datetime,annee,mois,jour,heure,minute,departement,commune_insee,adresse,latitude,longitude,luminosite,agglomeration,intersection,meteo,collision,nb_vehicules,nb_usagers,nb_indemnes,nb_tues,nb_blesses_hosp,nb_blesses_legers,age_cond_1,age_cond_2,veh_type_cond_1,veh_type_cond_2,lum_code,agg_code,int_code,atm_code,col_code
200500022343,0005-04-14 06:23:00,5,4,14,6,23,201,4.0,"SANS, ASPRETTO ROUTE",,,Plein jour,En agglomération,Hors intersection,Normale,Autre collision,,,,,,,,,,,1,2,1,1,6
200500022344,0005-04-06 22:00:00,5,4,6,22,0,690,381.0,"122, CROIX ROUSSE (DE LA",,,Nuit avec éclairage allumé,En agglomération,Autre intersection,Normale,Autre collision,,,,,,,,,,,5,2,9,1,6
200500022345,0005-04-21 22:20:00,5,4,21,22,20,690,381.0,TOLOZAN,,,Nuit avec éclairage allumé,En agglomération,Hors intersection,Normale,Deux véhicules - côté,,,,,,,,,,,5,2,1,1,3
200500022346,0005-04-22 07:50:00,5,4,22,7,50,940,17.0,A4,,,Plein jour,Hors agglomération,Hors intersection,Normale,Deux véhicules - arrière,,,,,,,,,,,1,1,1,1,2
200500022347,0005-04-03 05:05:00,5,4,3,5,5,770,514.0,A104,,,Nuit sans éclairage public,Hors agglomération,Hors intersection,Normale,Deux véhicules - arrière,,,,,,,,,,,3,1,1,1,2
200500022348,0005-04-03 11:45:00,5,4,3,11,45,940,69.0,A4,,,Plein jour,Hors agglomération,Hors intersection,Normale,Deux véhicules - arrière,,,,,,,,,,,1,1,1,1,2
200500022349,0005-04-05 10:45:00,5,4,5,10,45,770,258.0,A104.INT,,,Plein jour,Hors agglomération,Hors intersection,Normale,Trois véhicules et plus - collisions multiples,,,,,,,,,,,1,1,1,1,5
200500022350,0005-04-06 20:30:00,5,4,6,20,30,770,258.0,A4,,,Crépuscule ou aube,Hors agglomération,Hors intersection,Normale,Sans collision,,,,,,,,,,,2,1,1,1,7
200500022351,0005-04-08 00:15:00,5,4,8,0,15,940,18.0,A4,,,Nuit avec éclairage allumé,Hors agglomération,Hors intersection,Normale,Autre collision,,,,,,,,,,,5,1,1,1,6
200500022352,0005-04-08 14:40:00,5,4,8,14,40,770,169.0,A4.Y,,,Plein jour,Hors agglomération,Hors intersection,Pluie forte,Trois véhicules et plus - en chaîne,,,,,,,,,,,1,1,1,3,4
200500022353,0005-04-11 09:00:00,5,4,11,9,0,940,69.0,A4,,,Plein jour,Hors agglomération,Hors intersection,Normale,Deux véhicules - arrière,,,,,,,,,,,1,1,1,1,2
200500022354,0005-04-12 23:15:00,5,4,12,23,15,940,17.0,A4.W,,,Nuit avec éclairage allumé,Hors agglomération,Hors intersection,Normale,Autre collision,,,,,,,,,,,5,1,1,1,6
200500022355,0005-04-13 09:00:00,5,4,13,9,0,770,169.0,RN406.W,,,Plein jour,Hors agglomération,Hors intersection,Normale,Sans collision,,,,,,,,,,,1,1,1,1,7
200500022356,0005-04-14 08:40:00,5,4,14,8,40,770,258.0,A4.W,,,Plein jour,Hors agglomération,Hors intersection,Pluie légère,Deux véhicules - côté,,,,,,,,,,,1,1,1,2,3
200500022357,0005-04-14 15:10:00,5,4,14,15,10,930,51.0,A4,,,Plein jour,Hors agglomération,Hors intersection,Temps couvert,Autre collision,,,,,,,,,,,1,1,1,8,6
200500022358,0005-04-14 16:00:00,5,4,14,16,0,940,69.0,A4,,,Plein jour,Hors agglomération,Hors intersection,Pluie légère,Autre collision,,,,,,,,,,,1,1,1,2,6
200500022359,0005-04-15 16:00:00,5,4,15,16,0,940,22.0,A86,,,Plein jour,Hors agglomération,Hors intersection,Normale,Deux véhicules - côté,,,,,,,,,,,1,1,1,1,3
200500022360,0005-04-22 07:40:00,5,4,22,7,40,770,373.0,RN104,,,Plein jour,Hors agglomération,Hors intersection,Normale,Trois véhicules et plus - collisions multiples,,,,,,,,,,,1,1,1,1,5
200500022361,0005-04-22 16:45:00,5,4,22,16,45,770,384.0,A5.B,,,Plein jour,Hors agglomération,Autre intersection,Normale,Deux véhicules - côté,,,,,,,,,,,1,1,9,1,3
200500022362,0005-04-23 10:45:00,5,4,23,10,45,770,373.0,RN104,,,Plein jour,Hors agglomération,Hors intersection,Pluie légère,Deux véhicules - côté,,,,,,,,,,,1,1,1,2,3
200500022363,0005-04-24 15:00:00,5,4,24,15,0,770,372.0,A104,,,Plein jour,Hors agglomération,Hors intersection,Normale,Sans collision,,,,,,,,,,,1,1,1,1,7
200500022364,0005-04-24 16:45:00,5,4,24,16,45,770,258.0,A4.W,,,Plein jour,Hors agglomération,Hors intersection,Normale,Deux véhicules - côté,,,,,,,,,,,1,1,1,1,3
200500022365,0005-04-25 19:40:00,5,4,25,19,40,940,33.0,A86.EXT,,,Plein jour,Hors agglomération,Hors intersection,Normale,Deux véhicules - arrière,,,,,,,,,,,1,1,1,1,2
200500022366,0005-04-25 23:30:00,5,4,25,23,30,770,249.0,RN104,,,Nuit sans éclairage public,Hors agglomération,Hors intersection,Normale,Sans collision,,,,,,,,,,,3,1,1,1,7
200500022367,0005-04-27 05:20:00,5,4,27,5,20,940,46.0,A86,,,Nuit avec éclairage allumé,Hors agglomération,Hors intersection,Normale,Deux véhicules - côté,,,,,,,,,,,5,1,1,1,3
200500022368,0005-04-29 15:04:00,5,4,29,15,4,930,51.0,A4,,,Plein jour,Hors agglomération,Hors intersection,Normale,Trois véhicules et plus - en chaîne,,,,,,,,,,,1,1,1,1,4
200500022369,0005-04-30 12:20:00,5,4,30,12,20,940,17.0,A86.INT,,,Plein jour,Hors agglomération,Hors intersection,Normale,Autre collision,,,,,,,,,,,1,1,1,1,6
200500022370,0005-04-30 19:15:00,5,4,30,19,15,930,51.0,A4,,,Plein jour,Hors agglomération,Hors intersection,Normale,Deux véhicules - arrière,,,,,,,,,,,1,1,1,1,2
200500022371,0005-04-30 21:15:00,5,4,30,21,15,750,112.0,A4,,,Plein jour,Hors agglomération,Hors intersection,Normale,Deux véhicules - côté,,,,,,,,,,,1,1,1,1,3
200500022372,0005-04-06 08:15:00,5,4,6,8,15,770,337.0,RN406.W,,,Plein jour,Hors agglomération,Hors intersection,Normale,Autre collision,,,,,,,,,,,1,1,1,1,6
200500022373,0005-04-02 00:45:00,5,4,2,0,45,930,63.0,AUTOROUTE A3,,,Nuit avec éclairage allumé,Hors agglomération,Hors intersection,Normale,Deux véhicules - côté,,,,,,,,,,,5,1,1,1,3
200500022374,0005-04-02 01:20:00,5,4,2,1,20,950,572.0,ROUTE NATIONALE 184,,,Nuit avec éclairage allumé,Hors agglomération,Hors intersection,Normale,Sans collision,,,,,,,,,,,5,1,1,1,7
200500022375,0005-04-02 16:45:00,5,4,2,16,45,930,27.0,AUTOROUTE A86,,,Plein jour,Hors agglomération,Hors intersection,Normale,Deux véhicules - arrière,,,,,,,,,,,1,1,1,1,2
200500022376,0005-04-03 22:00:00,5,4,3,22,0,930,48.0,AUTOROUTE A1086,,,Nuit avec éclairage allumé,Hors agglomération,Hors intersection,Normale,Autre collision,,,,,,,,,,,5,1,1,1,6
200500022377,0005-04-04 08:00:00,5,4,4,8,0,920,36.0,AUTOROUTE A15,,,Plein jour,Hors agglomération,Hors intersection,Normale,Deux véhicules - côté,,,,,,,,,,,1,1,1,1,3
200500022378,0005-04-04 21:15:00,5,4,4,21,15,930,10.0,AUTOROUTE A3,,,Nuit sans éclairage public,Hors agglomération,Hors intersection,Pluie forte,Sans collision,,,,,,,,,,,3,1,1,3,7
200500022379,0005-04-05 11:00:00,5,4,5,11,0,950,18.0,AUTOROUTE A15,,,Plein jour,Hors agglomération,Hors intersection,Normale,Autre collision,,,,,,,,,,,1,1,1,1,6
200500022380,0005-04-05 12:30:00,5,4,5,12,30,930,64.0,AUTOROUTE A86,,,Plein jour,Hors agglomération,Hors intersection,Normale,Deux véhicules - côté,,,,,,,,,,,1,1,1,1,3
200500022381,0005-04-05 16:45:00,5,4,5,16,45,930,53.0,AUTOROUTE A3,,,Plein jour,Hors agglomération,Hors intersection,Normale,Deux véhicules - côté,,,,,,,,,,,1,1,1,1,3
200500022382,0005-04-05 18:15:00,5,4,5,18,15,950,572.0,ROUTE NATIONALE 184,,,Plein jour,Hors agglomération,Hors intersection,Normale,Trois véhicules et plus - en chaîne,,,,,,,,,,,1,1,1,1,4
200500022383,0005-04-06 10:30:00,5,4,6,10,30,950,365.0,R.D. 104,,,Plein jour,Hors agglomération,Hors intersection,Normale,Deux véhicules - arrière,,,,,,,,,,,1,1,1,1,2
200500022384,0005-04-06 06:45:00,5,4,6,6,45,950,582.0,AUTOROUTE A15,,,Crépuscule ou aube,Hors agglomération,Hors intersection,Normale,Trois véhicules et plus - en chaîne,,,,,,,,,,,2,1,1,1,4
200500022385,0005-04-06 07:55:00,5,4,6,7,55,950,582.0,AUTOROUTE A115,,,Plein jour,Hors agglomération,Intersection en Y,Normale,Deux véhicules - côté,,,,,,,,,,,1,1,4,1,3
200500022386,0005-04-06 12:30:00,5,4,6,12,30,950,252.0,AUTOROUTE A15,,,Plein jour,Hors agglomération,Hors intersection,Normale,Autre collision,,,,,,,,,,,1,1,1,1,6
200500022387,0005-04-07 08:30:00,5,4,7,8,30,930,66.0,AUTOROUTE A1,,,Plein jour,Hors agglomération,Hors intersection,Normale,Deux véhicules - arrière,,,,,,,,,,,1,1,1,1,2
200500022388,0005-04-07 08:55:00,5,4,7,8,55,950,582.0,AUTOROUTE A15,,,Plein jour,Hors agglomération,Hors intersection,Normale,Trois véhicules et plus - collisions multiples,,,,,,,,,,,1,1,1,1,5
200500022389,0005-04-07 12:18:00,5,4,7,12,18,930,27.0,AUTOROUTE A86,,,Plein jour,Hors agglomération,Hors intersection,Normale,Deux véhicules - arrière,,,,,,,,,,,1,1,1,1,2
200500022390,0005-04-08 16:00:00,5,4,8,16,0,930,27.0,AUTOROUTE A1,,,Plein jour,Hors agglomération,Hors intersection,Normale,Deux véhicules - côté,,,,,,,,,,,1,1,1,1,3
200500022391,0005-04-08 15:50:00,5,4,8,15,50,950,18.0,AUTOROUTE A15,,,Plein jour,Hors agglomération,Hors intersection,Pluie forte,Trois véhicules et plus - collisions multiples,,,,,,,,,,,1,1,1,3,5
200500022392,0005-04-08 20:00:00,5,4,8,20,0,950,18.0,AUTOROUTE A15,,,Plein jour,Hors agglomération,Hors intersection,Pluie légère,Trois véhicules et plus - collisions multiples,,,,,,,,,,,1,1,1,2,5
200500022393,0005-04-09 03:00:00,5,4,9,3,0,930,13.0,AUTOROUTE A1,,,Nuit avec éclairage allumé,Hors agglomération,Hors intersection,Normale,Deux véhicules - arrière,,,,,,,,,,,5,1,1,1,2
200500022394,0005-04-09 04:30:00,5,4,9,4,30,930,64.0,AUTOROUTE A86,,,Nuit avec éclairage allumé,Hors agglomération,Hors intersection,Normale,Sans collision,,,,,,,,,,,5,1,1,1,7
200500022395,0005-04-09 18:30:00,5,4,9,18,30,950,572.0,AUTOROUTE A15,,,Plein jour,Hors agglomération,Hors intersection,Normale,Deux véhicules - arrière,,,,,,,,,,,1,1,1,1,2
200500022396,0005-04-11 13:30:00,5,4,11,13,30,930,63.0,AUTOROUTE A1086,,,Plein jour,Hors agglomération,Hors intersection,Normale,Trois véhicules et plus - collisions multiples,,,,,,,,,,,1,1,1,1,5
200500022397,0005-04-12 21:00:00,5,4,12,21,0,950,500.0,AUTOROUTE A15,,,Nuit avec éclairage allumé,Hors agglomération,Hors intersection,Normale,Sans collision,,,,,,,,,,,5,1,1,1,7
200500022398,0005-04-12 10:45:00,5,4,12,10,45,950,527.0,AUTOROUTE A3,,,Nuit sans éclairage public,Hors agglomération,Hors intersection,Normale,Trois véhicules et plus - en chaîne,,,,,,,,,,,3,1,1,1,4
200500022399,0005-04-13 20:45:00,5,4,13,20,45,930,10.0,AUTOROUTE A3,,,Nuit avec éclairage allumé,Hors agglomération,Hors intersection,Normale,Deux véhicules - côté,,,,,,,,,,,5,1,1,1,3
200500022400,0005-04-14 03:20:00,5,4,14,3,20,930,53.0,AUTOROUTE A3,,,Nuit avec éclairage allumé,Hors agglomération,Hors intersection,Normale,Deux véhicules - côté,,,,,,,,,,,5,1,1,1,3
200500022401,0005-04-14 08:15:00,5,4,14,8,15,950,582.0,AUTOROUTE A15,,,Plein jour,Hors agglomération,Hors intersection,Pluie légère,Trois véhicules et plus - en chaîne,,,,,,,,,,,1,1,1,2,4
200500022402,0005-04-14 22:30:00,5,4,14,22,30,930,63.0,AUTOROUTE A3,,,Nuit sans éclairage public,Hors agglomération,Hors intersection,Pluie forte,Deux véhicules - arrière,,,,,,,,,,,3,1,1,3,2
200500022403,0005-04-15 09:30:00,5,4,15,9,30,950,582.0,AUTOROUTE A115,,,Plein jour,Hors agglomération,Hors intersection,Pluie légère,Deux véhicules - arrière,,,,,,,,,,,1,1,1,2,2
200500022404,0005-04-15 13:45:00,5,4,15,13,45,950,256.0,ROUTE NATIONALE 184,,,Plein jour,Hors agglomération,Hors intersection,Normale,Deux véhicules - côté,,,,,,,,,,,1,1,1,1,3
200500022405,0005-04-15 17:30:00,5,4,15,17,30,950,277.0,AUTOROUTE A1,,,Plein jour,Hors agglomération,Hors intersection,Pluie légère,Deux véhicules - arrière,,,,,,,,,,,1,1,1,2,2
200500022406,0005-04-15 22:40:00,5,4,15,22,40,950,394.0,ROUTE NATIONALE 184,,,Nuit sans éclairage public,Hors agglomération,Hors intersection,Normale,Deux véhicules - arrière,,,,,,,,,,,3,1,1,1,2
200500022407,0005-04-16 02:30:00,5,4,16,2,30,930,32.0,AUTOROUTE A3,,,Nuit avec éclairage allumé,Hors agglomération,Hors intersection,Normale,Deux véhicules - côté,,,,,,,,,,,5,1,1,1,3
200500022408,0005-04-16 14:30:00,5,4,16,14,30,930,27.0,AUTOROUTE A86,,,Plein jour,Hors agglomération,Hors intersection,Normale,Sans collision,,,,,,,,,,,1,1,1,1,7
200500022409,0005-04-16 18:15:00,5,4,16,18,15,920,36.0,AUTOROUTE A86,,,Plein jour,Hors agglomération,Hors intersection,Normale,Autre collision,,,,,,,,,,,1,1,1,1,6
200500022410,0005-04-16 19:00:00,5,4,16,19,0,920,36.0,AUTOROUTE A86,,,Plein jour,Hors agglomération,Hors intersection,Normale,Trois véhicules et plus - collisions multiples,,,,,,,,,,,1,1,1,1,5
200500022411,0005-04-16 21:00:00,5,4,16,21,0,930,78.0,AUTOROUTE A104,,,Nuit avec éclairage allumé,Hors agglomération,Hors intersection,Normale,Deux véhicules - côté,,,,,,,,,,,5,1,1,1,3
200500022412,0005-04-17 00:10:00,5,4,17,0,10,930,32.0,AUTOROUTE A3,,,Nuit sans éclairage public,Hors agglomération,Hors intersection,Normale,Deux véhicules - arrière,,,,,,,,,,,3,1,1,1,2
200500022413,0005-04-17 01:15:00,5,4,17,1,15,930,32.0,AUTOROUTE A1,,,Nuit avec éclairage allumé,Hors agglomération,Hors intersection,Normale,Trois véhicules et plus - collisions multiples,,,,,,,,,,,5,1,1,1,5
200500022414,0005-04-17 15:15:00,5,4,17,15,15,930,64.0,AUTOROUTE A86,,,Plein jour,Hors agglomération,Hors intersection,Normale,Trois véhicules et plus - en chaîne,,,,,,,,,,,1,1,1,1,4
200500022415,0005-04-17 04:10:00,5,4,17,4,10,950,488.0,AUTOROUTE A15,,,Nuit avec éclairage allumé,Hors agglomération,Hors intersection,Pluie légère,Autre collision,,,,,,,,,,,5,1,1,2,6
200500022416,0005-04-18 09:35:00,5,4,18,9,35,930,1.0,AUTOROUTE A86,,,Plein jour,Hors agglomération,Hors intersection,Pluie légère,Sans collision,,,,,,,,,,,1,1,1,2,7
200500022417,0005-04-18 16:40:00,5,4,18,16,40,950,582.0,BIP,,,Plein jour,Hors agglomération,Hors intersection,Normale,Sans collision,,,,,,,,,,,1,1,1,1,7
200500022418,0005-04-18 17:30:00,5,4,18,17,30,930,66.0,AUTOROUTE A3,,,Plein jour,Hors agglomération,Hors intersection,Normale,Deux véhicules - arrière,,,,,,,,,,,1,1,1,1,2
200500022419,0005-04-19 17:10:00,5,4,19,17,10,950,488.0,AUTOROUTE A15,,,Plein jour,Hors agglomération,Hors intersection,Temps couvert,Deux véhicules - côté,,,,,,,,,,,1,1,1,8,3
200500022420,0005-04-19 21:45:00,5,4,19,21,45,950,306.0,AUTOROUTE A15,,,Nuit avec éclairage allumé,Hors agglomération,Hors intersection,Normale,Deux véhicules - arrière,,,,,,,,,,,5,1,1,1,2
200500022421,0005-04-20 17:00:00,5,4,20,17,0,950,394.0,ROUTE NATIONALE 184,,,Plein jour,Hors agglomération,Hors intersection,Normale,Deux véhicules - côté,,,,,,,,,,,1,1,1,1,3
200500022422,0005-04-20 17:45:00,5,4,20,17,45,930,53.0,AUTOROUTE A3,,,Plein jour,Hors agglomération,Hors intersection,Normale,Deux véhicules - côté,,,,,,,,,,,1,1,1,1,3
200500022423,0005-04-21 07:00:00,5,4,21,7,0,930,10.0,AUTOROUTE A3,,,Crépuscule ou aube,Hors agglomération,Hors intersection,Normale,Deux véhicules - côté,,,,,,,,,,,2,1,1,1,3
200500022424,0005-04-22 02:00:00,5,4,22,2,0,930,27.0,AUTOROUTE A86,,,Nuit avec éclairage allumé,Hors agglomération,Hors intersection,Normale,Autre collision,,,,,,,,,,,5,1,1,1,6
200500022425,0005-04-21 18:15:00,5,4,21,18,15,930,32.0,AUTOROUTE A1,,,Plein jour,Hors agglomération,Hors intersection,Normale,Deux véhicules - côté,,,,,,,,,,,1,1,1,1,3
200500022426,0005-04-22 08:15:00,5,4,22,8,15,930,32.0,AUTOROUTE A3,,,Plein jour,Hors agglomération,Hors intersection,Normale,Deux véhicules - côté,,,,,,,,,,,1,1,1,1,3
200500022427,0005-04-22 15:05:00,5,4,22,15,5,950,678.0,R.D. 104,,,Plein jour,Hors agglomération,Hors intersection,Normale,Deux véhicules - arrière,,,,,,,,,,,1,1,1,1,2
200500022428,0005-04-24 13:00:00,5,4,24,13,0,930,66.0,AUTOROUTE A1,,,Plein jour,Hors agglomération,Hors intersection,Pluie légère,Autre collision,,,,,,,,,,,1,1,1,2,6
200500022429,0005-04-24 13:15:00,5,4,24,13,15,950,277.0,AUTOROUTE A1,,,Plein jour,Hors agglomération,Hors intersection,Pluie forte,Autre collision,,,,,,,,,,,1,1,1,3,6
200500022430,0005-04-24 15:35:00,5,4,24,15,35,950,277.0,AUTOROUTE A104,,,Plein jour,Hors agglomération,Hors intersection,Pluie légère,Sans collision,,,,,,,,,,,1,1,1,2,7
200500022431,0005-04-24 16:30:00,5,4,24,16,30,920,36.0,AUTOROUTE A15,,,Plein jour,Hors agglomération,Hors intersection,Normale,Deux véhicules - arrière,,,,,,,,,,,1,1,1,1,2
200500022432,0005-04-24 16:15:00,5,4,24,16,15,930,32.0,AUTOROUTE A3,,,Plein jour,Hors agglomération,Hors intersection,Pluie légère,Sans collision,,,,,,,,,,,1,1,1,2,7
200500022433,0005-04-24 18:45:00,5,4,24,18,45,950,582.0,AUTOROUTE A15,,,Plein jour,Hors agglomération,Hors intersection,Pluie forte,Sans collision,,,,,,,,,,,1,1,1,3,7
200500022434,0005-04-25 07:50:00,5,4,25,7,50,930,78.0,AUTOROUTE A104,,,Plein jour,Hors agglomération,Hors intersection,Pluie légère,Trois véhicules et plus - collisions multiples,,,,,,,,,,,1,1,1,2,5
200500022435,0005-04-25 08:00:00,5,4,25,8,0,930,32.0,AUTOROUTE A3,,,Plein jour,Hors agglomération,Hors intersection,Normale,Sans collision,,,,,,,,,,,1,1,1,1,7
200500022436,0005-04-26 11:30:00,5,4,26,11,30,930,29.0,AUTOROUTE A86,,,Plein jour,Hors agglomération,Hors intersection,Normale,Deux véhicules - frontale,,,,,,,,,,,1,1,1,1,1
200500022437,0005-04-26 15:45:00,5,4,26,15,45,950,582.0,AUTOROUTE A15,,,Plein jour,Hors agglomération,Hors intersection,Normale,Sans collision,,,,,,,,,,,1,1,1,1,7
200500022438,0005-04-26 19:15:00,5,4,26,19,15,930,66.0,AUTOROUTE A1,,,Plein jour,Hors agglomération,Hors intersection,Pluie forte,Deux véhicules - arrière,,,,,,,,,,,1,1,1,3,2
200500022439,0005-04-27 08:00:00,5,4,27,8,0,950,527.0,AUTOROUTE A3,,,Plein jour,Hors agglomération,Hors intersection,Normale,Deux véhicules - côté,,,,,,,,,,,1,1,1,1,3
200500022440,0005-04-27 08:30:00,5,4,27,8,30,950,18.0,AUTOROUTE A15,,,Plein jour,Hors agglomération,Hors intersection,Normale,Trois véhicules et plus - en chaîne,,,,,,,,,,,1,1,1,1,4
200500022441,0005-04-27 17:30:00,5,4,27,17,30,950,488.0,AUTOROUTE A15,,,Plein jour,Hors agglomération,Hors intersection,Normale,Deux véhicules - arrière,,,,,,,,,,,1,1,1,1,2
200500022442,0005-04-27 18:30:00,5,4,27,18,30,950,527.0,AUTOROUTE A1,,,Plein jour,Hors agglomération,Hors intersection,Normale,Trois véhicules et plus - en chaîne,,,,,,,,,,,1,1,1,1,4
200500022443,0005-04-28 13:30:00,5,4,28,13,30,920,36.0,AUTOROUTE A15,,,Plein jour,Hors agglomération,Hors intersection,Normale,Trois véhicules et plus - collisions multiples,,,,,,,,,,,1,1,1,1,5
200500022444,0005-04-28 17:50:00,5,4,28,17,50,930,64.0,AUTOROUTE A86,,,Plein jour,Hors agglomération,Hors intersection,Normale,Deux véhicules - côté,,,,,,,,,,,1,1,1,1,3
200500022445,0005-04-29 02:20:00,5,4,29,2,20,930,66.0,AUTOROUTE A1,,,Nuit avec éclairage allumé,Hors agglomération,Hors intersection,Normale,Autre collision,,,,,,,,,,,5,1,1,1,6
200500022446,0005-04-29 12:30:00,5,4,29,12,30,930,32.0,AUTOROUTE A104,,,Plein jour,Hors agglomération,Hors intersection,Normale,Deux véhicules - arrière,,,,,,,,,,,1,1,1,1,2
200500022447,0005-04-29 13:30:00,5,4,29,13,30,930,48.0,AUTOROUTE A86,,,Plein jour,Hors agglomération,Hors intersection,Normale,Deux véhicules - côté,,,,,,,,,,,1,1,1,1,3
200500022448,0005-04-29 15:00:00,5,4,29,15,0,920,36.0,AUTOROUTE A15,,,Plein jour,Hors agglomération,Hors intersection,Normale,Deux véhicules - arrière,,,,,,,,,,,1,1,1,1,2
200500022449,0005-04-29 19:10:00,5,4,29,19,10,930,66.0,AUTOROUTE A1,,,Plein jour,Hors agglomération,Hors intersection,Normale,Deux véhicules - côté,,,,,,,,,,,1,1,1,1,3
200500022450,0005-04-29 16:45:00,5,4,29,16,45,920,36.0,AUTOROUTE A15,,,Plein jour,Hors agglomération,Hors intersection,Normale,Deux véhicules - côté,,,,,,,,,,,1,1,1,1,3
200500022451,0005-04-30 10:10:00,5,4,30,10,10,950,527.0,AUTOROUTE A3,,,Plein jour,Hors agglomération,Hors intersection,Normale,Sans collision,,,,,,,,,,,1,1,1,1,7
200500022452,0005-04-01 20:30:00,5,4,1,20,30,920,50.0,A14,,,Nuit sans éclairage public,Hors agglomération,Hors intersection,Normale,Sans collision,,,,,,,,,,,3,1,1,1,7
200500022453,0005-04-05 09:30:00,5,4,5,9,30,780,124.0,A14,,,Plein jour,Hors agglomération,Hors intersection,Normale,Deux véhicules - arrière,,,,,,,,,,,1,1,1,1,2
200500022454,0005-04-11 15:05:00,5,4,11,15,5,920,25.0,A86,,,Plein jour,Hors agglomération,Hors intersection,Normale,Deux véhicules - arrière,,,,,,,,,,,1,1,1,1,2
200500022455,0005-04-01 15:50:00,5,4,1,15,50,780,43.0,A13,,,Plein jour,Hors agglomération,Hors intersection,Normale,Trois véhicules et plus - en chaîne,,,,,,,,,,,1,1,1,1,4
200500022456,0005-04-10 05:40:00,5,4,10,5,40,780,43.0,A13,,,Nuit sans éclairage public,Hors agglomération,Hors intersection,Normale,Deux véhicules - arrière,,,,,,,,,,,3,1,1,1,2
200500022457,0005-04-19 14:45:00,5,4,19,14,45,920,25.0,A86,,,Plein jour,Hors agglomération,Hors intersection,Temps couvert,Deux véhicules - côté,,,,,,,,,,,1,1,1,8,3
200500022458,0005-04-15 07:39:00,5,4,15,7,39,920,36.0,A86,,,Crépuscule ou aube,Hors agglomération,Hors intersection,Pluie légère,Autre collision,,,,,,,,,,,2,1,1,2,6
200500022459,0005-04-25 13:46:00,5,4,25,13,46,780,90.0,A13,,,Plein jour,Hors agglomération,Hors intersection,Normale,Autre collision,,,,,,,,,,,1,1,1,1,6
200500022460,0005-04-29 22:29:00,5,4,29,22,29,780,524.0,A13,,,Nuit sans éclairage public,Hors agglomération,Hors intersection,Normale,Deux véhicules - arrière,,,,,,,,,,,3,1,1,1,2
200500022461,0005-04-23 21:20:00,5,4,23,21,20,920,23.0,N186,,,Nuit sans éclairage public,Hors agglomération,Hors intersection,Normale,Autre collision,,,,,,,,,,,3,1,1,1,6
200500022462,0005-04-01 13:00:00,5,4,1,13,0,910,534.0,RN 118,,,Plein jour,Hors agglomération,Hors intersection,Normale,Deux véhicules - arrière,,,,,,,,,,,1,1,1,1,2
200500022463,0005-04-02 12:30:00,5,4,2,12,30,910,589.0,AUTOROUTE A6,,,Plein jour,Hors agglomération,Hors intersection,Normale,Deux véhicules - arrière,,,,,,,,,,,1,1,1,1,2
200500022464,0005-04-02 22:20:00,5,4,2,22,20,910,659.0,AUTOROUTE A6,,,Nuit avec éclairage allumé,Hors agglomération,Hors intersection,Normale,Deux véhicules - côté,,,,,,,,,,,5,1,1,1,3
200500022465,0005-04-03 19:00:00,5,4,3,19,0,940,21.0,AUTOROUTE A6A,,,Plein jour,Hors agglomération,Hors intersection,Normale,Autre collision,,,,,,,,,,,1,1,1,1,6
200500022466,0005-04-04 18:30:00,5,4,4,18,30,910,377.0,AUTOROUTE A10,,,Plein jour,Hors agglomération,Hors intersection,Normale,Trois véhicules et plus - en chaîne,,,,,,,,,,,1,1,1,1,4
200500022467,0005-04-05 07:50:00,5,4,5,7,50,910,689.0,AUTOROUTE A6,,,Plein jour,Hors agglomération,Hors intersection,Normale,Trois véhicules et plus - collisions multiples,,,,,,,,,,,1,1,1,1,5
200500022468,0005-04-04 10:45:00,5,4,4,10,45,910,182.0,RN 104,,,Plein jour,Hors agglomération,Hors intersection,Normale,Sans collision,,,,,,,,,,,1,1,1,1,7
200500022469,0005-04-06 10:45:00,5,4,6,10,45,910,363.0,RN 104,,,Plein jour,Hors agglomération,Hors intersection,Normale,Deux véhicules - arrière,,,,,,,,,,,1,1,1,1,2
200500022470,0005-04-06 13:45:00,5,4,6,13,45,940,37.0,AUTOROUTE A6A,,,Plein jour,Hors agglomération,Hors intersection,Normale,Sans collision,,,,,,,,,,,1,1,1,1,7
200500022471,0005-04-07 10:30:00,5,4,7,10,30,910,570.0,RN 104,,,Plein jour,Hors agglomération,Hors intersection,Pluie légère,Deux véhicules - arrière,,,,,,,,,,,1,1,1,2,2
200500022472,0005-04-08 13:00:00,5,4,8,13,0,910,471.0,RN 188 CHEVREUSE,,,Plein jour,Hors agglomération,Hors intersection,Temps couvert,Trois véhicules et plus - collisions multiples,,,,,,,,,,,1,1,1,8,5
200500022473,0005-04-08 19:30:00,5,4,8,19,30,910,377.0,AUTOROUTE A10,,,Plein jour,Hors agglomération,Hors intersection,Pluie forte,Deux véhicules - arrière,,,,,,,,,,,1,1,1,3,2
200500022474,0005-04-09 11:00:00,5,4,9,11,0,910,661.0,AUTOROUTE A10,,,Plein jour,Hors agglomération,Hors intersection,Normale,Deux véhicules - côté,,,,,,,,,,,1,1,1,1,3
200500022475,0005-04-10 03:10:00,5,4,10,3,10,910,228.0,RN 104,,,Nuit sans éclairage public,Hors agglomération,Hors intersection,Normale,Deux véhicules - arrière,,,,,,,,,,,3,1,1,1,2
200500022476,0005-04-10 10:03:00,5,4,10,10,3,910,363.0,AUTOROUTE A10,,,Plein jour,Hors agglomération,Hors intersection,Normale,Deux véhicules - arrière,,,,,,,,,,,1,1,1,1,2
200500022477,0005-04-11 08:00:00,5,4,11,8,0,910,471.0,RN 118,,,Plein jour,Hors agglomération,Hors intersection,Normale,Deux véhicules - arrière,,,,,,,,,,,1,1,1,1,2