accident_id,datetime,annee,mois,jour,heure,minute,departement,commune_insee,adresse,latitude,longitude,luminosite,agglomeration,intersection,meteo,collision,nb_vehicules,nb_usagers,nb_indemnes,nb_tues,nb_blesses_hosp,nb_blesses_legers,age_cond_1,age_cond_2,veh_type_cond_1,veh_type_cond_2,lum_code,agg_code,int_code,atm_code,col_code
200500022610,0005-04-25 07:48:00,5,4,25,7,48,330,249.0,ROCADE,,,Plein jour,Hors agglomération,Hors intersection,Pluie légère,Trois véhicules et plus - collisions multiples,,,,,,,,,,,1,1,1,2,5
200500022611,0005-04-25 09:50:00,5,4,25,9,50,330,249.0,ROUTE NATIONALE,,,Plein jour,Hors agglomération,Hors intersection,Pluie légère,Autre collision,,,,,,,,,,,1,1,1,2,6
200500022612,0005-04-26 08:05:00,5,4,26,8,5,330,39.0,ROCADE,,,Plein jour,Hors agglomération,Hors intersection,Normale,Sans collision,,,,,,,,,,,1,1,1,1,7
200500022613,0005-04-26 14:30:00,5,4,26,14,30,330,63.0,ROCADE,,,Plein jour,Hors agglomération,Hors intersection,Normale,Trois véhicules et plus - en chaîne,,,,,,,,,,,1,1,1,1,4
200500022614,0005-04-29 10:00:00,5,4,29,10,0,330,63.0,ROCADE,,,Plein jour,Hors agglomération,Hors intersection,Normale,Trois véhicules et plus - en chaîne,,,,,,,,,,,1,1,1,1,4
200500022615,0005-04-07 18:10:00,5,4,7,18,10,690,385.0,"50, JOLIOT CURIE",,,Plein jour,En agglomération,Hors intersection,Normale,Autre collision,,,,,,,,,,,1,2,1,1,6
200500022616,0005-04-04 12:25:00,5,4,4,12,25,690,385.0,"24, FULCHIRON",,,Plein jour,En agglomération,Hors intersection,Normale,Deux véhicules - arrière,,,,,,,,,,,1,2,1,1,2
200500022617,0005-04-15 05:50:00,5,4,15,5,50,690,385.0,CHOULANS (DE),,,Nuit avec éclairage non allumé,En agglomération,Intersection en X,Normale,Deux véhicules - frontale,,,,,,,,,,,4,2,2,1,1
200500022618,0005-04-29 15:15:00,5,4,29,15,15,690,385.0,"135, GENERAL EISENHOWER",,,Plein jour,En agglomération,Hors intersection,Normale,Autre collision,,,,,,,,,,,1,2,1,1,6
200500022619,0005-04-14 03:50:00,5,4,14,3,50,690,385.0,"20, BONDY (DE)",,,Nuit avec éclairage allumé,En agglomération,Hors intersection,Normale,Deux véhicules - arrière,,,,,,,,,,,5,2,1,1,2
200500022620,0005-04-17 04:15:00,5,4,17,4,15,670,309.0,Autoroute A.4,,,Nuit sans éclairage public,Hors agglomération,Hors intersection,Pluie légère,Autre collision,,,,,,,,,,,3,1,1,2,6
200500022621,0005-04-02 19:00:00,5,4,2,19,0,540,431.0,Autoroute  A 313,,,Plein jour,Hors agglomération,Hors intersection,Normale,Deux véhicules - côté,,,,,,,,,,,1,1,1,1,3
200500022622,0005-04-03 21:25:00,5,4,3,21,25,540,357.0,Autoroute A 31,,,Nuit sans éclairage public,Hors agglomération,Hors intersection,Normale,Trois véhicules et plus - collisions multiples,,,,,,,,,,,3,1,1,1,5
200500022623,0005-04-18 21:05:00,5,4,18,21,5,540,27.0,Autoroute A 31,,,Nuit sans éclairage public,Hors agglomération,Hors intersection,Pluie forte,Autre collision,,,,,,,,,,,3,1,1,3,6
200500022624,0005-04-28 01:40:00,5,4,28,1,40,540,122.0,Autoroute A 31,,,Nuit sans éclairage public,Hors agglomération,Hors intersection,Normale,Trois véhicules et plus - collisions multiples,,,,,,,,,,,3,1,1,1,5
200500022625,0005-04-16 12:17:00,5,4,16,12,17,570,303.0,Autoroute A31,,,Plein jour,Hors agglomération,Hors intersection,Temps couvert,Sans collision,,,,,,,,,,,1,1,1,8,7
200500022626,0005-04-05 17:00:00,5,4,5,17,0,690,387.0,"69, BERTHELOT",,,Plein jour,En agglomération,Hors intersection,Normale,Autre collision,,,,,,,,,,,1,2,1,1,6
200500022627,0005-04-06 08:20:00,5,4,6,8,20,690,387.0,BRIGADIER VOITURET (DU),,,Plein jour,En agglomération,Intersection en X,Normale,Deux véhicules - côté,,,,,,,,,,,1,2,2,1,3
200500022628,0005-04-06 05:30:00,5,4,6,5,30,690,387.0,UNIVERSITE (DE L'),,,Nuit avec éclairage allumé,En agglomération,Intersection en X,Normale,Autre collision,,,,,,,,,,,5,2,2,1,6
200500022629,0005-04-07 22:20:00,5,4,7,22,20,690,387.0,MARC BLOCH,,,Nuit avec éclairage allumé,En agglomération,Intersection en T,Normale,Deux véhicules - côté,,,,,,,,,,,5,2,3,1,3
200500022630,0005-04-20 09:10:00,5,4,20,9,10,690,387.0,"108, JEAN JAURES",,,Plein jour,En agglomération,Hors intersection,Temps couvert,Autre collision,,,,,,,,,,,1,2,1,8,6
200500022631,0005-04-26 06:10:00,5,4,26,6,10,690,387.0,"49, LECLERC",,,Crépuscule ou aube,En agglomération,Hors intersection,Normale,Deux véhicules - côté,,,,,,,,,,,2,2,1,1,3
200500022632,0005-04-27 10:05:00,5,4,27,10,5,690,387.0,"232, MARCEL MERIEUX",,,Plein jour,En agglomération,Hors intersection,Normale,Autre collision,,,,,,,,,,,1,2,1,1,6
200500022633,0005-04-27 09:05:00,5,4,27,9,5,690,387.0,"305, GARIBALDI",,,Plein jour,En agglomération,Hors intersection,Normale,Trois véhicules et plus - en chaîne,,,,,,,,,,,1,2,1,1,4
200500022634,0005-04-29 15:30:00,5,4,29,15,30,690,387.0,"233, JEAN JAURES",,,Plein jour,En agglomération,Hors intersection,Normale,Deux véhicules - côté,,,,,,,,,,,1,2,1,1,3
200500022635,0005-04-04 16:50:00,5,4,4,16,50,690,388.0,"168, ETATS UNIS (DES)",,,Plein jour,En agglomération,Hors intersection,Normale,Autre collision,,,,,,,,,,,1,2,1,1,6
200500022636,0005-04-04 20:05:00,5,4,4,20,5,690,388.0,"00, JOSEPH CHAPELLE",,,Nuit avec éclairage allumé,En agglomération,Intersection en X,Normale,Deux véhicules - arrière,,,,,,,,,,,5,2,2,1,2
200500022637,0005-04-06 11:30:00,5,4,6,11,30,690,388.0,"46, PAUL SANTY",,,Plein jour,En agglomération,Hors intersection,Normale,Deux véhicules - côté,,,,,,,,,,,1,2,1,1,3
200500022638,0005-04-07 19:30:00,5,4,7,19,30,690,388.0,"00, PAUL CAZENEUVE",,,Plein jour,En agglomération,Intersection en T,Pluie légère,Deux véhicules - côté,,,,,,,,,,,1,2,3,2,3
200500022639,0005-04-08 08:40:00,5,4,8,8,40,690,388.0,"5, JEAN MERMOZ",,,Plein jour,En agglomération,Hors intersection,Pluie légère,Autre collision,,,,,,,,,,,1,2,1,2,6
200500022640,0005-04-10 07:50:00,5,4,10,7,50,690,388.0,"171, VIENNE (DE)",,,Plein jour,En agglomération,Hors intersection,Normale,Autre collision,,,,,,,,,,,1,2,1,1,6
200500022641,0005-04-14 16:05:00,5,4,14,16,5,690,388.0,"00, VILLON (DE)",,,Plein jour,En agglomération,Intersection en X,Normale,Deux véhicules - côté,,,,,,,,,,,1,2,2,1,3
200500022642,0005-04-19 09:05:00,5,4,19,9,5,690,388.0,"110, PROFESSEUR BEAUVISA",,,Plein jour,En agglomération,Hors intersection,Normale,Autre collision,,,,,,,,,,,1,2,1,1,6
200500022643,0005-04-14 13:20:00,5,4,14,13,20,690,388.0,"68, ETATS UNIS (DES)",,,Plein jour,En agglomération,Intersection en X,Normale,Autre collision,,,,,,,,,,,1,2,2,1,6
200500022644,0005-04-02 16:40:00,5,4,2,16,40,420,207.0,RN88,,,Plein jour,Hors agglomération,Hors intersection,Normale,Sans collision,,,,,,,,,,,1,1,1,1,7
200500022645,0005-04-05 08:25:00,5,4,5,8,25,420,95.0,RN88,,,Plein jour,Hors agglomération,Hors intersection,Normale,Autre collision,,,,,,,,,,,1,1,1,1,6
200500022646,0005-04-11 20:50:00,5,4,11,20,50,420,330.0,A72,,,Nuit avec éclairage allumé,Hors agglomération,Hors intersection,Normale,Autre collision,,,,,,,,,,,5,1,1,1,6
200500022647,0005-04-23 00:20:00,5,4,23,0,20,420,207.0,RN88,,,Nuit avec éclairage allumé,Hors agglomération,Hors intersection,Normale,Trois véhicules et plus - collisions multiples,,,,,,,,,,,5,1,1,1,5
200500022648,0005-04-28 16:00:00,5,4,28,16,0,420,207.0,,,,Plein jour,Hors agglomération,Hors intersection,Normale,Autre collision,,,,,,,,,,,1,1,1,1,6
200500022649,0005-04-02 00:30:00,5,4,2,0,30,690,290.0,A43,,,Nuit avec éclairage allumé,Hors agglomération,Hors intersection,Normale,Deux véhicules - arrière,,,,,,,,,,,5,1,1,1,2
200500022650,0005-04-02 06:20:00,5,4,2,6,20,690,256.0,A42,,,Nuit sans éclairage public,Hors agglomération,Hors intersection,Normale,Deux véhicules - arrière,,,,,,,,,,,3,1,1,1,2
200500022651,0005-04-07 01:15:00,5,4,7,1,15,690,385.0,A6,,,Nuit avec éclairage allumé,Hors agglomération,Hors intersection,Normale,Deux véhicules - côté,,,,,,,,,,,5,1,1,1,3
200500022652,0005-04-07 12:50:00,5,4,7,12,50,690,152.0,A450,,,Plein jour,Hors agglomération,Hors intersection,Pluie légère,Deux véhicules - arrière,,,,,,,,,,,1,1,1,2,2
200500022653,0005-04-08 13:00:00,5,4,8,13,0,690,297.0,A7,,,Plein jour,Hors agglomération,Hors intersection,Pluie légère,Autre collision,,,,,,,,,,,1,1,1,2,6
200500022654,0005-04-09 02:34:00,5,4,9,2,34,690,34.0,BPNL,,,Nuit avec éclairage allumé,Hors agglomération,Hors intersection,Pluie légère,Autre collision,,,,,,,,,,,5,1,1,2,6
200500022655,0005-04-09 08:15:00,5,4,9,8,15,690,91.0,A47,,,Plein jour,Hors agglomération,Autre intersection,Pluie légère,Deux véhicules - côté,,,,,,,,,,,1,1,9,2,3
200500022656,0005-04-10 10:45:00,5,4,10,10,45,690,294.0,A7,,,Plein jour,Hors agglomération,Hors intersection,Normale,Autre collision,,,,,,,,,,,1,1,1,1,6
200500022657,0005-04-11 11:00:00,5,4,11,11,0,10,275.0,A42,,,Plein jour,Hors agglomération,Hors intersection,Normale,Deux véhicules - côté,,,,,,,,,,,1,1,1,1,3
200500022658,0005-04-12 10:30:00,5,4,12,10,30,690,29.0,RN383,,,Plein jour,Hors agglomération,Hors intersection,Normale,Deux véhicules - frontale,,,,,,,,,,,1,1,1,1,1
200500022659,0005-04-13 16:40:00,5,4,13,16,40,690,266.0,RN383,,,Plein jour,Hors agglomération,Hors intersection,Normale,Deux véhicules - arrière,,,,,,,,,,,1,1,1,1,2
200500022660,0005-04-13 18:20:00,5,4,13,18,20,690,34.0,BPNL,,,Plein jour,Hors agglomération,Hors intersection,Normale,Sans collision,,,,,,,,,,,1,1,1,1,7
200500022661,0005-04-13 20:20:00,5,4,13,20,20,380,544.0,RN7,,,Crépuscule ou aube,Hors agglomération,Hors intersection,Normale,Deux véhicules - arrière,,,,,,,,,,,2,1,1,1,2
200500022662,0005-04-14 18:50:00,5,4,14,18,50,690,256.0,RN346,,,Plein jour,Hors agglomération,Hors intersection,Normale,Deux véhicules - arrière,,,,,,,,,,,1,1,1,1,2
200500022663,0005-04-16 15:33:00,5,4,16,15,33,10,275.0,A46N,,,Plein jour,Hors agglomération,Hors intersection,Pluie forte,Autre collision,,,,,,,,,,,1,1,1,3,6
200500022664,0005-04-16 21:00:00,5,4,16,21,0,690,271.0,RD302,,,Nuit sans éclairage public,Hors agglomération,Hors intersection,Pluie forte,Autre collision,,,,,,,,,,,3,1,1,3,6
200500022665,0005-04-17 20:25:00,5,4,17,20,25,690,271.0,RN346,,,Nuit avec éclairage allumé,Hors agglomération,Hors intersection,Pluie légère,Autre collision,,,,,,,,,,,5,1,1,2,6
200500022666,0005-04-17 22:40:00,5,4,17,22,40,690,91.0,A47,,,Nuit avec éclairage allumé,Hors agglomération,Hors intersection,Pluie légère,Autre collision,,,,,,,,,,,5,1,1,2,6
200500022667,0005-04-08 23:20:00,5,4,8,23,20,690,288.0,A43,,,Nuit sans éclairage public,Hors agglomération,Hors intersection,Pluie légère,Trois véhicules et plus - collisions multiples,,,,,,,,,,,3,1,1,2,5
200500022668,0005-04-19 16:45:00,5,4,19,16,45,690,266.0,A46N,,,Plein jour,Hors agglomération,Hors intersection,Normale,Autre collision,,,,,,,,,,,1,1,1,1,6
200500022669,0005-04-22 10:25:00,5,4,22,10,25,690,199.0,RN383,,,Plein jour,Hors agglomération,Hors intersection,Normale,Deux véhicules - arrière,,,,,,,,,,,1,1,1,1,2
200500022670,0005-04-22 11:50:00,5,4,22,11,50,690,199.0,RN383,,,Plein jour,Hors agglomération,Hors intersection,Normale,Deux véhicules - arrière,,,,,,,,,,,1,1,1,1,2
200500022671,0005-04-23 13:20:00,5,4,23,13,20,690,9.0,A6,,,Plein jour,Hors agglomération,Hors intersection,Normale,Trois véhicules et plus - collisions multiples,,,,,,,,,,,1,1,1,1,5
200500022672,0005-04-24 16:20:00,5,4,24,16,20,690,290.0,A43,,,Plein jour,Hors agglomération,Hors intersection,Normale,Sans collision,,,,,,,,,,,1,1,1,1,7
200500022673,0005-04-24 16:55:00,5,4,24,16,55,380,449.0,A43,,,Plein jour,Hors agglomération,Hors intersection,Temps couvert,Deux véhicules - côté,,,,,,,,,,,1,1,1,8,3
200500022674,0005-04-25 20:15:00,5,4,25,20,15,690,272.0,A46S,,,Plein jour,Hors agglomération,Hors intersection,Normale,Deux véhicules - côté,,,,,,,,,,,1,1,1,1,3
200500022675,0005-04-26 07:00:00,5,4,26,7,0,690,81.0,BPNL,,,Nuit avec éclairage allumé,Hors agglomération,Hors intersection,Normale,Autre collision,,,,,,,,,,,5,1,1,1,6
200500022676,0005-04-26 20:10:00,5,4,26,20,10,10,275.0,A42,,,Plein jour,Hors agglomération,Hors intersection,Normale,Deux véhicules - côté,,,,,,,,,,,1,1,1,1,3
200500022677,0005-04-30 08:15:00,5,4,30,8,15,380,487.0,A7,,,Plein jour,Hors agglomération,Hors intersection,Normale,Deux véhicules - côté,,,,,,,,,,,1,1,1,1,3
200500022678,0005-04-02 16:58:00,5,4,2,16,58,690,389.0,"166, 25EME REGIMENT DE T",,,Plein jour,En agglomération,Hors intersection,Normale,Autre collision,,,,,,,,,,,1,2,1,1,6
200500022679,0005-04-05 08:40:00,5,4,5,8,40,690,389.0,"23, TISSOT",,,Plein jour,En agglomération,Hors intersection,Normale,Autre collision,,,,,,,,,,,1,2,1,1,6
200500022680,0005-04-08 01:00:00,5,4,8,1,0,690,389.0,"64, BOURBONNAIS (DU)",,,Nuit avec éclairage allumé,En agglomération,Hors intersection,Pluie légère,Autre collision,,,,,,,,,,,5,2,1,2,6
200500022681,0005-04-17 19:25:00,5,4,17,19,25,690,389.0,COMMERCE (DU),,,Nuit avec éclairage allumé,En agglomération,Intersection en T,Pluie légère,Trois véhicules et plus - collisions multiples,,,,,,,,,,,5,2,3,2,5
200500022682,0005-04-23 20:45:00,5,4,23,20,45,690,389.0,"27, MARIETTON",,,Nuit avec éclairage allumé,En agglomération,Hors intersection,Normale,Autre collision,,,,,,,,,,,5,2,1,1,6
200500022683,0005-04-20 15:30:00,5,4,20,15,30,690,389.0,"0.000, ST CYR (DE)",,,Plein jour,En agglomération,Intersection en X,Temps couvert,Deux véhicules - côté,,,,,,,,,,,1,2,2,8,3
200500022684,0005-04-29 14:00:00,5,4,29,14,0,690,389.0,"0.00, SERGENT MICHEL BER",,,Plein jour,En agglomération,Hors intersection,Normale,Deux véhicules - arrière,,,,,,,,,,,1,2,1,1,2
200500022685,0005-04-06 17:35:00,5,4,6,17,35,830,137.0,A50,,,Plein jour,Hors agglomération,Autre intersection,Normale,Deux véhicules - côté,,,,,,,,,,,1,1,9,1,3
200500022686,0005-04-09 19:40:00,5,4,9,19,40,830,144.0,A57,,,Plein jour,Hors agglomération,Hors intersection,Normale,Trois véhicules et plus - en chaîne,,,,,,,,,,,1,1,1,1,4
200500022687,0005-04-11 15:45:00,5,4,11,15,45,830,137.0,A57,,,Plein jour,Hors agglomération,Hors intersection,Normale,Trois véhicules et plus - en chaîne,,,,,,,,,,,1,1,1,1,4
200500022688,0005-04-15 11:10:00,5,4,15,11,10,830,126.0,A50,,,Plein jour,Hors agglomération,Hors intersection,Pluie légère,Sans collision,,,,,,,,,,,1,1,1,2,7
200500022689,0005-04-20 15:23:00,5,4,20,15,23,830,137.0,A57,,,Plein jour,Hors agglomération,Hors intersection,Normale,Trois véhicules et plus - en chaîne,,,,,,,,,,,1,1,1,1,4
200500022690,0005-04-22 17:10:00,5,4,22,17,10,830,137.0,A57,,,Plein jour,Hors agglomération,Hors intersection,Normale,Trois véhicules et plus - en chaîne,,,,,,,,,,,1,1,1,1,4
200500022691,0005-04-22 18:20:00,5,4,22,18,20,830,137.0,A57,,,Plein jour,Hors agglomération,Hors intersection,Normale,Deux véhicules - côté,,,,,,,,,,,1,1,1,1,3
200500022692,0005-04-26 17:48:00,5,4,26,17,48,830,137.0,A57,,,Plein jour,Hors agglomération,Hors intersection,Normale,Deux véhicules - arrière,,,,,,,,,,,1,1,1,1,2
200500022693,0005-04-28 14:05:00,5,4,28,14,5,830,144.0,A57,,,Plein jour,Hors agglomération,Hors intersection,Normale,Autre collision,,,,,,,,,,,1,1,1,1,6
200500022694,0005-04-01 18:40:00,5,4,1,18,40,130,88.0,A55-Sens Martigues vers,,,Plein jour,Hors agglomération,Hors intersection,Temps éblouissant,Autre collision,,,,,,,,,,,1,1,1,7,6
200500022695,0005-04-01 15:15:00,5,4,1,15,15,130,117.0,A7-Sens Lyon vers Marsei,,,Plein jour,Hors agglomération,Hors intersection,Normale,Deux véhicules - côté,,,,,,,,,,,1,1,1,1,3
200500022696,0005-04-01 16:00:00,5,4,1,16,0,130,56.0,A55-Sens Marseille vers,,,Plein jour,Hors agglomération,Hors intersection,Normale,Sans collision,,,,,,,,,,,1,1,1,1,7
200500022697,0005-04-03 04:40:00,5,4,3,4,40,130,71.0,A7-Sens Marseille vers L,,,Nuit sans éclairage public,Hors agglomération,Hors intersection,Normale,Autre collision,,,,,,,,,,,3,1,1,1,6
200500022698,0005-04-03 05:45:00,5,4,3,5,45,130,1.0,A51-Sens Aix en Provence,,,Nuit sans éclairage public,Hors agglomération,Hors intersection,Normale,Sans collision,,,,,,,,,,,3,1,1,1,7
200500022699,0005-04-03 19:00:00,5,4,3,19,0,130,19.0,A51-Sens Aix en Provence,,,Plein jour,Hors agglomération,Hors intersection,Normale,Deux véhicules - côté,,,,,,,,,,,1,1,1,1,3
200500022700,0005-04-03 21:20:00,5,4,3,21,20,130,55.0,A55-Sens Martigues vers,,,Nuit avec éclairage allumé,Hors agglomération,Hors intersection,Normale,Deux véhicules - côté,,,,,,,,,,,5,1,1,1,3
200500022701,0005-04-05 09:30:00,5,4,5,9,30,130,19.0,A51-Sens Aix en Provence,,,Plein jour,Hors agglomération,Hors intersection,Normale,Deux véhicules - arrière,,,,,,,,,,,1,1,1,1,2
200500022702,0005-04-05 21:45:00,5,4,5,21,45,130,15.0,A51-Sens Aix en Provence,,,Nuit sans éclairage public,Hors agglomération,Hors intersection,Normale,Trois véhicules et plus - collisions multiples,,,,,,,,,,,3,1,1,1,5
200500022703,0005-04-06 03:10:00,5,4,6,3,10,130,15.0,A51-Sens Aix en Provence,,,Nuit sans éclairage public,Hors agglomération,Hors intersection,Normale,Autre collision,,,,,,,,,,,3,1,1,1,6
200500022704,0005-04-06 15:50:00,5,4,6,15,50,130,15.0,A51-Sens Aix en Provence,,,Plein jour,Hors agglomération,Hors intersection,Normale,Sans collision,,,,,,,,,,,1,1,1,1,7
200500022705,0005-04-06 17:00:00,5,4,6,17,0,130,55.0,A7-Sens Lyon vers Marsei,,,Plein jour,Hors agglomération,Hors intersection,Normale,Trois véhicules et plus - collisions multiples,,,,,,,,,,,1,1,1,1,5
200500022706,0005-04-07 08:40:00,5,4,7,8,40,130,71.0,A51-Sens Aix en Provence,,,Plein jour,Hors agglomération,Hors intersection,Normale,Trois véhicules et plus - en chaîne,,,,,,,,,,,1,1,1,1,4
200500022707,0005-04-07 11:10:00,5,4,7,11,10,130,56.0,A55-Sens Martigues vers,,,Plein jour,Hors agglomération,Hors intersection,Normale,Deux véhicules - côté,,,,,,,,,,,1,1,1,1,3
200500022708,0005-04-07 11:30:00,5,4,7,11,30,130,1.0,A51-Sens Aix en Provence,,,Plein jour,Hors agglomération,Hors intersection,Normale,Autre collision,,,,,,,,,,,1,1,1,1,6
200500022709,0005-04-07 13:00:00,5,4,7,13,0,130,71.0,A5501DSens Lyon vers A55,,,Plein jour,Hors agglomération,Hors intersection,Normale,Deux véhicules - arrière,,,,,,,,,,,1,1,1,1,2
200500022710,0005-04-07 18:25:00,5,4,7,18,25,130,5.0,A50-Sens Aubagne vers Ma,,,Plein jour,Hors agglomération,Hors intersection,Normale,Trois véhicules et plus - en chaîne,,,,,,,,,,,1,1,1,1,4
200500022711,0005-04-07 21:40:00,5,4,7,21,40,130,1.0,A51-Sens Aix en Provence,,,Nuit sans éclairage public,Hors agglomération,Hors intersection,Normale,Autre collision,,,,,,,,,,,3,1,1,1,6
200500022712,0005-04-07 22:12:00,5,4,7,22,12,130,55.0,A7-Sens Lyon vers Marsei,,,Nuit sans éclairage public,Hors agglomération,Hors intersection,Normale,Autre collision,,,,,,,,,,,3,1,1,1,6
200500022713,0005-04-10 06:13:00,5,4,10,6,13,130,71.0,A7-Sens Lyon vers Marsei,,,Nuit avec éclairage allumé,Hors agglomération,Autre intersection,Normale,Trois véhicules et plus - en chaîne,,,,,,,,,,,5,1,9,1,4
200500022714,0005-04-14 13:30:00,5,4,14,13,30,130,55.0,S10CM-Sens Marseille ver,,,Plein jour,Hors agglomération,Hors intersection,Normale,Deux véhicules - côté,,,,,,,,,,,1,1,1,1,3
200500022715,0005-04-15 17:33:00,5,4,15,17,33,130,71.0,A7-Sens Marseille vers L,,,Plein jour,Hors agglomération,Autre intersection,Pluie légère,Trois véhicules et plus - en chaîne,,,,,,,,,,,1,1,9,2,4
200500022716,0005-04-17 05:50:00,5,4,17,5,50,130,55.0,A55-Sens Marseille vers,,,Nuit avec éclairage allumé,Hors agglomération,Hors intersection,Pluie légère,Sans collision,,,,,,,,,,,5,1,1,2,7
200500022717,0005-04-17 08:00:00,5,4,17,8,0,130,55.0,A55-Sens Martigues vers,,,Plein jour,Hors agglomération,Hors intersection,Normale,Autre collision,,,,,,,,,,,1,1,1,1,6
200500022718,0005-04-18 14:45:00,5,4,18,14,45,130,55.0,A50-Sens Aubagne vers Ma,,,Plein jour,Hors agglomération,Hors intersection,Normale,Sans collision,,,,,,,,,,,1,1,1,1,7
200500022719,0005-04-21 20:45:00,5,4,21,20,45,130,71.0,A7-Sens Marseille vers L,,,Nuit sans éclairage public,Hors agglomération,Hors intersection,Normale,Sans collision,,,,,,,,,,,3,1,1,1,7
200500022720,0005-04-25 17:00:00,5,4,25,17,0,130,5.0,A50-Sens Aubagne vers Ma,,,Plein jour,Hors agglomération,Hors intersection,Normale,Deux véhicules - côté,,,,,,,,,,,1,1,1,1,3
200500022721,0005-04-26 08:00:00,5,4,26,8,0,130,55.0,A55-Sens Martigues vers,,,Plein jour,Hors agglomération,Hors intersection,Normale,Deux véhicules - arrière,,,,,,,,,,,1,1,1,1,2
200500022722,0005-04-26 11:00:00,5,4,26,11,0,130,71.0,A7-Sens Lyon vers Marsei,,,Plein jour,Hors agglomération,Hors intersection,Normale,Trois véhicules et plus - en chaîne,,,,,,,,,,,1,1,1,1,4
200500022723,0005-04-27 02:25:00,5,4,27,2,25,130,26.0,A55-Sens Marseille vers,,,Nuit sans éclairage public,Hors agglomération,Hors intersection,Normale,Deux véhicules - arrière,,,,,,,,,,,3,1,1,1,2
200500022724,0005-04-27 06:10:00,5,4,27,6,10,130,55.0,A7-Sens Lyon vers Marsei,,,Crépuscule ou aube,Hors agglomération,Hors intersection,Autre,Sans collision,,,,,,,,,,,2,1,1,9,7
200500022725,0005-04-28 08:25:00,5,4,28,8,25,130,55.0,A55-Sens Martigues vers,,,Plein jour,Hors agglomération,Hors intersection,Normale,Trois véhicules et plus - en chaîne,,,,,,,,,,,1,1,1,1,4
200500022726,0005-04-28 11:15:00,5,4,28,11,15,130,1.0,A51-Sens Marseille vers,,,Plein jour,Hors agglomération,Autre intersection,Normale,Deux véhicules - côté,,,,,,,,,,,1,1,9,1,3
200500022727,0005-04-28 13:30:00,5,4,28,13,30,130,1.0,A51-Sens Marseille vers,,,Plein jour,Hors agglomération,Hors intersection,Normale,Sans collision,,,,,,,,,,,1,1,1,1,7
200500022728,0005-04-28 22:00:00,5,4,28,22,0,130,1.0,A51-Sens Aix en Provence,,,Nuit sans éclairage public,Hors agglomération,Hors intersection,Normale,Trois véhicules et plus - en chaîne,,,,,,,,,,,3,1,1,1,4
200500022729,0005-04-30 00:55:00,5,4,30,0,55,130,22.0,A50-Sens Aubagne vers To,,,Nuit sans éclairage public,Hors agglomération,Hors intersection,Normale,Trois véhicules et plus - collisions multiples,,,,,,,,,,,3,1,1,1,5
200500022730,0005-04-01 16:30:00,5,4,1,16,30,590,52.0,Rue Etienne Dollet,50.522,2.9,Plein jour,En agglomération,Hors intersection,Normale,Deux véhicules - frontale,,,,,,,,,,,1,2,1,1,1
200500022731,0005-04-02 22:30:00,5,4,2,22,30,590,477.0,34 rue léon blum,50.518,2.915,Nuit avec éclairage allumé,En agglomération,Hors intersection,Normale,Deux véhicules - côté,,,,,,,,,,,5,2,1,1,3
200500022732,0005-04-14 12:45:00,5,4,14,12,45,590,71.0,,50.47,3.14,Plein jour,Hors agglomération,Hors intersection,Temps couvert,Autre collision,,,,,,,,,,,1,1,1,8,6
200500022733,0005-04-19 18:30:00,5,4,19,18,30,590,427.0,RUE DU GENERAL DE GAULLE,50.498,3.047,Plein jour,En agglomération,Hors intersection,Normale,Deux véhicules - frontale,,,,,,,,,,,1,2,1,1,1
200500022734,0005-04-03 17:15:00,5,4,3,17,15,590,579.0,,50.947,2.381,Plein jour,Hors agglomération,Hors intersection,Normale,Deux véhicules - arrière,,,,,,,,,,,1,1,1,1,2
200500022735,0005-04-21 07:15:00,5,4,21,7,15,590,260.0,,,,Plein jour,Hors agglomération,Hors intersection,Normale,Trois véhicules et plus - collisions multiples,,,,,,,,,,,1,1,1,1,5
200500022736,0005-04-01 07:00:00,5,4,1,7,0,590,305.0,,50.879,2.533,Crépuscule ou aube,Hors agglomération,Hors intersection,Brouillard / fumée,Autre collision,,,,,,,,,,,2,1,1,5,6
200500022737,0005-04-15 17:45:00,5,4,15,17,45,590,497.0,,,,Plein jour,Hors agglomération,Hors intersection,Normale,Deux véhicules - côté,,,,,,,,,,,1,1,1,1,3
200500022738,0005-04-22 13:30:00,5,4,22,13,30,590,120.0,,,,Plein jour,Hors agglomération,Hors intersection,Normale,Deux véhicules - arrière,,,,,,,,,,,1,1,1,1,2
200500022739,0005-04-09 23:45:00,5,4,9,23,45,590,212.0,Rue du Pont de la Lys,50.646,2.723,Nuit avec éclairage allumé,En agglomération,Hors intersection,Normale,Sans collision,,,,,,,,,,,5,2,1,1,7
200500022740,0005-04-02 18:00:00,5,4,2,18,0,590,516.0,,50.833,2.359,Plein jour,Hors agglomération,Hors intersection,Normale,Autre collision,,,,,,,,,,,1,1,1,1,6
200500022741,0005-04-13 13:45:00,5,4,13,13,45,590,282.0,,50.824,2.473,Plein jour,Hors agglomération,Hors intersection,Pluie légère,Autre collision,,,,,,,,,,,1,1,1,2,6