accident_id,datetime,annee,mois,jour,heure,minute,departement,commune_insee,adresse,latitude,longitude,luminosite,agglomeration,intersection,meteo,collision,nb_vehicules,nb_usagers,nb_indemnes,nb_tues,nb_blesses_hosp,nb_blesses_legers,age_cond_1,age_cond_2,veh_type_cond_1,veh_type_cond_2,lum_code,agg_code,int_code,atm_code,col_code
200500022742,0005-04-14 13:15:00,5,4,14,13,15,590,580.0,,50.795,2.502,Plein jour,Hors agglomération,Hors intersection,Normale,Autre collision,,,,,,,,,,,1,1,1,1,6
200500022743,0005-04-05 12:45:00,5,4,5,12,45,590,523.0,,50.589,3.141,Plein jour,Hors agglomération,Hors intersection,Normale,Trois véhicules et plus - collisions multiples,,,,,,,,,,,1,1,1,1,5
200500022744,0005-04-06 18:30:00,5,4,6,18,30,590,258.0,RUE DE LA LIBERATION,50.535,3.219,Plein jour,En agglomération,Hors intersection,Pluie légère,Deux véhicules - frontale,,,,,,,,,,,1,2,1,2,1
200500022745,0005-04-07 08:45:00,5,4,7,8,45,590,35.0,rue du Cimetière,50.116,3.958,Plein jour,En agglomération,Hors intersection,Normale,Deux véhicules - frontale,,,,,,,,,,,1,2,1,1,1
200500022746,0005-04-21 19:30:00,5,4,21,19,30,590,176.0,,,,Plein jour,Hors agglomération,Hors intersection,Normale,Deux véhicules - côté,,,,,,,,,,,1,1,1,1,3
200500022747,0005-04-09 17:00:00,5,4,9,17,0,590,415.0,,,,Plein jour,Hors agglomération,Hors intersection,Normale,Deux véhicules - frontale,,,,,,,,,,,1,1,1,1,1
200500022748,0005-04-15 18:15:00,5,4,15,18,15,590,409.0,GRAND RUE,,,Plein jour,En agglomération,Hors intersection,Normale,Deux véhicules - côté,,,,,,,,,,,1,2,1,1,3
200500022749,0005-04-21 12:45:00,5,4,21,12,45,590,228.0,rue de goeulzin,,,Plein jour,En agglomération,Hors intersection,Normale,Deux véhicules - côté,,,,,,,,,,,1,2,1,1,3
200500022750,0005-04-27 19:15:00,5,4,27,19,15,590,175.0,,50.192,4.016,Plein jour,Hors agglomération,Hors intersection,Temps éblouissant,Deux véhicules - frontale,,,,,,,,,,,1,1,1,7,1
200500022751,0005-04-15 17:30:00,5,4,15,17,30,620,41.0,Bld du Général de Gaulle,50.295,2.756,Plein jour,En agglomération,Hors intersection,Normale,Deux véhicules - frontale,,,,,,,,,,,1,2,1,1,1
200500022752,0005-04-01 05:45:00,5,4,1,5,45,620,122.0,RUE DE BAPAUME,50.12,2.93,Nuit sans éclairage public,En agglomération,Hors intersection,Brouillard / fumée,Autre collision,,,,,,,,,,,3,2,1,5,6
200500022753,0005-04-18 18:00:00,5,4,18,18,0,620,801.0,rue du 8 Mai 1945,50.394,2.745,Plein jour,En agglomération,Hors intersection,Normale,Sans collision,,,,,,,,,,,1,2,1,1,7
200500022754,0005-04-28 13:45:00,5,4,28,13,45,620,589.0,,,,Plein jour,Hors agglomération,Hors intersection,Normale,Deux véhicules - côté,,,,,,,,,,,1,1,1,1,3
200500022755,0005-04-11 19:45:00,5,4,11,19,45,620,491.0,01 rue du fort d'esquin,50.624,2.775,Plein jour,En agglomération,Hors intersection,Normale,Deux véhicules - côté,,,,,,,,,,,1,2,1,1,3
200500022756,0005-04-17 14:45:00,5,4,17,14,45,620,529.0,36. rue du bas chemin,50.571,2.785,Plein jour,En agglomération,Hors intersection,Normale,Autre collision,,,,,,,,,,,1,2,1,1,6
200500022757,0005-04-08 21:30:00,5,4,8,21,30,620,448.0,,,,Nuit avec éclairage allumé,Hors agglomération,Hors intersection,Normale,Autre collision,,,,,,,,,,,5,1,1,1,6
200500022758,0005-04-14 18:15:00,5,4,14,18,15,620,251.0,,,,Plein jour,Hors agglomération,Hors intersection,Pluie légère,Deux véhicules - arrière,,,,,,,,,,,1,1,1,2,2
200500022759,0005-04-05 23:00:00,5,4,5,23,0,620,505.0,CD 238,50.844,1.685,Nuit sans éclairage public,En agglomération,Hors intersection,Temps couvert,Deux véhicules - frontale,,,,,,,,,,,3,2,1,8,1
200500022760,0005-04-25 13:15:00,5,4,25,13,15,620,746.0,,50.671,1.601,Plein jour,En agglomération,Hors intersection,Normale,Deux véhicules - frontale,,,,,,,,,,,1,2,1,1,1
200500022761,0005-04-10 09:45:00,5,4,10,9,45,620,43.0,RN 43,50.912,1.937,Plein jour,En agglomération,Hors intersection,Normale,Deux véhicules - frontale,,,,,,,,,,,1,2,1,1,1
200500022762,0005-04-23 08:45:00,5,4,23,8,45,620,506.0,,50.792,1.946,Plein jour,Hors agglomération,Hors intersection,Normale,Deux véhicules - frontale,,,,,,,,,,,1,1,1,1,1
200500022763,0005-04-20 11:15:00,5,4,20,11,15,620,108.0,ROUTE DE NEMPONT,,,Plein jour,En agglomération,Hors intersection,Normale,Deux véhicules - arrière,,,,,,,,,,,1,2,1,1,2
200500022764,0005-04-02 11:45:00,5,4,2,11,45,620,543.0,CD157,,,Plein jour,En agglomération,Hors intersection,Normale,Autre collision,,,,,,,,,,,1,2,1,1,6
200500022765,0005-04-03 14:00:00,5,4,3,14,0,620,721.0,rue de LIGNE,50.666,2.328,Plein jour,En agglomération,Hors intersection,Normale,Deux véhicules - frontale,,,,,,,,,,,1,2,1,1,1
200500022766,0005-04-30 03:30:00,5,4,30,3,30,620,14.0,hameau de la lacque,50.646,2.416,Nuit sans éclairage public,En agglomération,Hors intersection,Normale,Autre collision,,,,,,,,,,,3,2,1,1,6
200500022767,0005-04-17 11:00:00,5,4,17,11,0,620,38.0,Carrefour des Tilleuls,50.858,1.986,Plein jour,En agglomération,Hors intersection,Normale,Deux véhicules - côté,,,,,,,,,,,1,2,1,1,3
200500022768,0005-04-18 12:15:00,5,4,18,12,15,620,38.0,,50.809,2.106,Plein jour,Hors agglomération,Hors intersection,Normale,Trois véhicules et plus - collisions multiples,,,,,,,,,,,1,1,1,1,5
200500022769,0005-04-30 21:00:00,5,4,30,21,0,620,308.0,rue de la place,,,Plein jour,En agglomération,Hors intersection,Normale,Deux véhicules - côté,,,,,,,,,,,1,2,1,1,3
200500022770,0005-04-01 08:45:00,5,4,1,8,45,620,767.0,,50.39,2.253,Plein jour,Hors agglomération,Intersection en X,Brouillard / fumée,Trois véhicules et plus - en chaîne,,,,,,,,,,,1,1,2,5,4
200500022771,0005-04-02 17:45:00,5,4,2,17,45,620,180.0,,50.422,2.369,Plein jour,Hors agglomération,Intersection en X,Normale,Deux véhicules - côté,,,,,,,,,,,1,1,2,1,3
200500022772,0005-04-09 12:15:00,5,4,9,12,15,620,580.0,,50.412,2.437,Plein jour,Hors agglomération,Hors intersection,Normale,Deux véhicules - frontale,,,,,,,,,,,1,1,1,1,1
200500022773,0005-04-12 17:00:00,5,4,12,17,0,620,809.0,CD 83,,,Plein jour,En agglomération,Hors intersection,Normale,Deux véhicules - côté,,,,,,,,,,,1,2,1,1,3
200500022774,0005-04-22 08:30:00,5,4,22,8,30,620,180.0,CD916 hameau de Grossart,50.423,2.369,Plein jour,En agglomération,Hors intersection,Normale,Deux véhicules - frontale,,,,,,,,,,,1,2,1,1,1
200500022775,0005-04-10 15:45:00,5,4,10,15,45,620,199.0,,,,Plein jour,Hors agglomération,Hors intersection,Pluie légère,Sans collision,,,,,,,,,,,1,1,1,2,7
200500022776,0005-04-14 00:45:00,5,4,14,0,45,620,60.0,rue du Cheval,,,Nuit sans éclairage public,En agglomération,Hors intersection,Pluie légère,Autre collision,,,,,,,,,,,3,2,1,2,6
200500022777,0005-04-30 19:45:00,5,4,30,19,45,620,361.0,rue du Mle LECLERC,50.282,2.293,Plein jour,En agglomération,Hors intersection,Normale,Sans collision,,,,,,,,,,,1,2,1,1,7
200500022778,0005-04-03 20:30:00,5,4,3,20,30,620,333.0,rue de saint,50.5,2.33,Nuit avec éclairage allumé,En agglomération,Hors intersection,Normale,Autre collision,,,,,,,,,,,5,2,1,1,6
200500022779,0005-04-24 16:30:00,5,4,24,16,30,620,805.0,,,,Plein jour,Hors agglomération,Hors intersection,Pluie forte,Sans collision,,,,,,,,,,,1,1,1,3,7
200500022780,0005-04-11 18:30:00,5,4,11,18,30,800,20.0,,,,Plein jour,Hors agglomération,Hors intersection,Normale,Deux véhicules - frontale,,,,,,,,,,,1,1,1,1,1
200500022781,0005-04-02 17:45:00,5,4,2,17,45,800,546.0,"1, rue CAHON GOUY",,,Plein jour,En agglomération,Place,Normale,Autre collision,,,,,,,,,,,1,2,7,1,6
200500022782,0005-04-30 10:45:00,5,4,30,10,45,800,512.0,136 Grande rue,,,Plein jour,En agglomération,Hors intersection,Normale,Deux véhicules - côté,,,,,,,,,,,1,2,1,1,3
200500022783,0005-04-30 19:15:00,5,4,30,19,15,800,716.0,,,,Plein jour,Hors agglomération,Hors intersection,Normale,Sans collision,,,,,,,,,,,1,1,1,1,7
200500022784,0005-04-02 16:45:00,5,4,2,16,45,800,714.0,322 RUE DU BAS,50.077,1.447,Plein jour,En agglomération,Hors intersection,Normale,Autre collision,,,,,,,,,,,1,2,1,1,6
200500022785,0005-04-10 21:15:00,5,4,10,21,15,800,368.0,,50.078,1.528,Nuit sans éclairage public,Hors agglomération,Hors intersection,Normale,Deux véhicules - côté,,,,,,,,,,,3,1,1,1,3
200500022786,0005-04-19 17:15:00,5,4,19,17,15,800,343.0,,,,Plein jour,Hors agglomération,Hors intersection,Normale,Deux véhicules - côté,,,,,,,,,,,1,1,1,1,3
200500022787,0005-04-20 11:30:00,5,4,20,11,30,800,360.0,D 1925,50.097,1.558,Plein jour,En agglomération,Autre intersection,Temps couvert,Deux véhicules - frontale,,,,,,,,,,,1,2,9,8,1
200500022788,0005-04-23 16:00:00,5,4,23,16,0,800,597.0,,50.079,1.6,Plein jour,Hors agglomération,Hors intersection,Normale,Deux véhicules - frontale,,,,,,,,,,,1,1,1,1,1
200500022789,0005-04-09 21:15:00,5,4,9,21,15,800,633.0,HAMEAU DE ROMAINE,,,Nuit sans éclairage public,En agglomération,Hors intersection,Normale,Autre collision,,,,,,,,,,,3,2,1,1,6
200500022790,0005-04-13 12:15:00,5,4,13,12,15,800,590.0,rue de CANCHY,50.176,1.877,Plein jour,En agglomération,Hors intersection,Pluie légère,Deux véhicules - côté,,,,,,,,,,,1,2,1,2,3
200500022791,0005-04-17 18:30:00,5,4,17,18,30,800,688.0,rue du moulin,50.276,1.667,Plein jour,En agglomération,Hors intersection,Normale,Autre collision,,,,,,,,,,,1,2,1,1,6
200500022792,0005-04-22 12:00:00,5,4,22,12,0,800,250.0,,50.201,1.922,Plein jour,Hors agglomération,Hors intersection,Normale,Sans collision,,,,,,,,,,,1,1,1,1,7
200500022793,0005-04-22 10:45:00,5,4,22,10,45,800,440.0,,,,Plein jour,Hors agglomération,Hors intersection,Normale,Deux véhicules - frontale,,,,,,,,,,,1,1,1,1,1
200500022794,0005-04-01 17:00:00,5,4,1,17,0,800,792.0,,,,Plein jour,Hors agglomération,Hors intersection,Normale,Deux véhicules - frontale,,,,,,,,,,,1,1,1,1,1
200500022795,0005-04-24 16:15:00,5,4,24,16,15,800,237.0,,49.808,2.524,Plein jour,Hors agglomération,Hors intersection,Pluie forte,Autre collision,,,,,,,,,,,1,1,1,3,6
200500022796,0005-04-08 11:30:00,5,4,8,11,30,800,620.0,Rue Clémenceau,,,Plein jour,En agglomération,Hors intersection,Normale,Deux véhicules - côté,,,,,,,,,,,1,2,1,1,3
200500022797,0005-04-16 12:45:00,5,4,16,12,45,800,812.0,,,,Plein jour,Hors agglomération,Hors intersection,Pluie légère,Deux véhicules - frontale,,,,,,,,,,,1,1,1,2,1
200500022798,0005-04-19 14:45:00,5,4,19,14,45,800,177.0,,,,Plein jour,Hors agglomération,Hors intersection,Normale,Deux véhicules - côté,,,,,,,,,,,1,1,1,1,3
200500022799,0005-04-23 21:45:00,5,4,23,21,45,800,677.0,RUE PASTEUR,,,Nuit avec éclairage allumé,En agglomération,Hors intersection,Normale,Autre collision,,,,,,,,,,,5,2,1,1,6
200500022800,0005-04-06 19:30:00,5,4,6,19,30,800,16.0,RUE DES ILLIEUX à ALBERT,50.007,2.649,Plein jour,En agglomération,Hors intersection,Normale,Autre collision,,,,,,,,,,,1,2,1,1,6
200500022801,0005-04-11 10:00:00,5,4,11,10,0,800,523.0,,49.989,2.673,Plein jour,Hors agglomération,Hors intersection,Normale,Deux véhicules - côté,,,,,,,,,,,1,1,1,1,3
200500022802,0005-04-15 17:45:00,5,4,15,17,45,800,69.0,,,,Plein jour,Hors agglomération,Hors intersection,Pluie légère,Deux véhicules - côté,,,,,,,,,,,1,1,1,2,3
200500022803,0005-04-05 17:30:00,5,4,5,17,30,800,116.0,,,,Plein jour,Hors agglomération,Hors intersection,Normale,Deux véhicules - côté,,,,,,,,,,,1,1,1,1,3
200500022804,0005-04-11 20:30:00,5,4,11,20,30,800,186.0,RUE ARISTIDE BIRAND,,,Plein jour,En agglomération,Hors intersection,Normale,Sans collision,,,,,,,,,,,1,2,1,1,7
200500022805,0005-04-17 03:45:00,5,4,17,3,45,800,814.0,rue Détaille,,,Nuit sans éclairage public,En agglomération,Hors intersection,Normale,Autre collision,,,,,,,,,,,3,2,1,1,6
200500022806,0005-04-05 10:00:00,5,4,5,10,0,20,338.0,,49.697,3.712,Plein jour,Hors agglomération,Hors intersection,Normale,Deux véhicules - arrière,,,,,,,,,,,1,1,1,1,2
200500022807,0005-04-05 08:30:00,5,4,5,8,30,20,128.0,Place des Leups,,,Plein jour,En agglomération,Hors intersection,Normale,Autre collision,,,,,,,,,,,1,2,1,1,6
200500022808,0005-04-14 04:00:00,5,4,14,4,0,20,4.0,,,,Nuit sans éclairage public,Hors agglomération,Hors intersection,Normale,Sans collision,,,,,,,,,,,3,1,1,1,7
200500022809,0005-04-23 15:30:00,5,4,23,15,30,20,237.0,,,,Plein jour,Hors agglomération,Hors intersection,Normale,Autre collision,,,,,,,,,,,1,1,1,1,6
200500022810,0005-04-03 06:15:00,5,4,3,6,15,20,262.0,,,,Crépuscule ou aube,Hors agglomération,Hors intersection,Normale,Sans collision,,,,,,,,,,,2,1,1,1,7
200500022811,0005-04-07 22:00:00,5,4,7,22,0,20,431.0,,,,Nuit sans éclairage public,Hors agglomération,Hors intersection,Pluie forte,Autre collision,,,,,,,,,,,3,1,1,3,6
200500022812,0005-04-26 14:30:00,5,4,26,14,30,20,599.0,,,,Plein jour,Hors agglomération,Hors intersection,Normale,Trois véhicules et plus - collisions multiples,,,,,,,,,,,1,1,1,1,5
200500022813,0005-04-26 15:30:00,5,4,26,15,30,20,680.0,,,,Plein jour,Hors agglomération,Hors intersection,Temps couvert,Autre collision,,,,,,,,,,,1,1,1,8,6
200500022814,0005-04-30 03:00:00,5,4,30,3,0,20,262.0,RUE D'ANDELAIN,,,Nuit sans éclairage public,En agglomération,Hors intersection,Normale,Autre collision,,,,,,,,,,,3,2,1,1,6
200500022815,0005-04-13 15:45:00,5,4,13,15,45,20,434.0,,,,Plein jour,Hors agglomération,Autre intersection,Pluie légère,Deux véhicules - côté,,,,,,,,,,,1,1,9,2,3
200500022816,0005-04-23 12:45:00,5,4,23,12,45,20,778.0,,49.44,3.675,Plein jour,Hors agglomération,Hors intersection,Pluie légère,Deux véhicules - frontale,,,,,,,,,,,1,1,1,2,1
200500022817,0005-04-05 17:30:00,5,4,5,17,30,20,303.0,,49.867,3.253,Plein jour,Hors agglomération,Hors intersection,Normale,Deux véhicules - frontale,,,,,,,,,,,1,1,1,1,1
200500022818,0005-04-24 03:45:00,5,4,24,3,45,20,303.0,,49.87,3.26,Nuit sans éclairage public,Hors agglomération,Hors intersection,Normale,Deux véhicules - côté,,,,,,,,,,,3,1,1,1,3
200500022819,0005-04-12 15:00:00,5,4,12,15,0,20,95.0,RUE DU CHATEAU,49.99,3.456,Plein jour,En agglomération,Hors intersection,Normale,Autre collision,,,,,,,,,,,1,2,1,1,6
200500022820,0005-04-13 21:15:00,5,4,13,21,15,20,95.0,,50.0,3.475,Nuit sans éclairage public,Hors agglomération,Hors intersection,Pluie légère,Deux véhicules - frontale,,,,,,,,,,,3,1,1,2,1
200500022821,0005-04-20 17:30:00,5,4,20,17,30,20,95.0,,,,Plein jour,Hors agglomération,Hors intersection,Normale,Deux véhicules - frontale,,,,,,,,,,,1,1,1,1,1
200500022822,0005-04-28 17:00:00,5,4,28,17,0,20,293.0,,49.952,3.446,Plein jour,Hors agglomération,Hors intersection,Normale,Autre collision,,,,,,,,,,,1,1,1,1,6
200500022823,0005-04-25 08:30:00,5,4,25,8,30,20,580.0,,,,Plein jour,Hors agglomération,Hors intersection,Pluie légère,Deux véhicules - frontale,,,,,,,,,,,1,1,1,2,1
200500022824,0005-04-04 17:30:00,5,4,4,17,30,20,259.0,,,,Plein jour,Hors agglomération,Hors intersection,Normale,Deux véhicules - arrière,,,,,,,,,,,1,1,1,1,2
200500022825,0005-04-23 12:15:00,5,4,23,12,15,20,810.0,,49.26,3.09,Plein jour,Hors agglomération,Hors intersection,Temps couvert,Autre collision,,,,,,,,,,,1,1,1,8,6
200500022826,0005-04-24 16:00:00,5,4,24,16,0,20,232.0,RUE DU PAVEE,,,Plein jour,En agglomération,Hors intersection,Pluie forte,Sans collision,,,,,,,,,,,1,2,1,3,7
200500022827,0005-04-28 12:00:00,5,4,28,12,0,20,810.0,RUE PELET OTTO,49.257,3.091,Plein jour,En agglomération,Hors intersection,Normale,Deux véhicules - côté,,,,,,,,,,,1,2,1,1,3
200500022828,0005-04-29 13:00:00,5,4,29,13,0,20,810.0,rue paul doumer,49.258,3.103,Plein jour,En agglomération,Hors intersection,Normale,Autre collision,,,,,,,,,,,1,2,1,1,6
200500022829,0005-04-05 17:45:00,5,4,5,17,45,20,668.0,RUE JEAN SUSINI,,,Plein jour,En agglomération,Hors intersection,Normale,Sans collision,,,,,,,,,,,1,2,1,1,7
200500022830,0005-04-13 18:15:00,5,4,13,18,15,20,141.0,82 RUE GENERAL DE GAULLE,49.981,3.917,Plein jour,En agglomération,Hors intersection,Normale,Deux véhicules - arrière,,,,,,,,,,,1,2,1,1,2
200500022831,0005-04-18 16:30:00,5,4,18,16,30,20,337.0,32 ROUTE DE VERVINS,,,Plein jour,En agglomération,Autre intersection,Normale,Deux véhicules - frontale,,,,,,,,,,,1,2,9,1,1
200500022832,0005-04-16 22:15:00,5,4,16,22,15,20,476.0,PLACE DU GENERAL HOULLIE,,,Nuit avec éclairage allumé,En agglomération,Hors intersection,Normale,Deux véhicules - arrière,,,,,,,,,,,5,2,1,1,2
200500022833,0005-04-07 19:15:00,5,4,7,19,15,20,495.0,,,,Plein jour,Hors agglomération,Hors intersection,Temps couvert,Deux véhicules - frontale,,,,,,,,,,,1,1,1,8,1
200500022834,0005-04-10 22:45:00,5,4,10,22,45,20,134.0,ROUTE D HIRSON,49.908,4.053,Nuit avec éclairage allumé,En agglomération,Hors intersection,Normale,Deux véhicules - frontale,,,,,,,,,,,5,2,1,1,1
200500022835,0005-04-11 11:00:00,5,4,11,11,0,20,574.0,,49.891,4.024,Plein jour,Hors agglomération,Hors intersection,Normale,Trois véhicules et plus - collisions multiples,,,,,,,,,,,1,1,1,1,5
200500022836,0005-04-19 13:45:00,5,4,19,13,45,20,833.0,,,,Plein jour,Hors agglomération,Hors intersection,Normale,Deux véhicules - côté,,,,,,,,,,,1,1,1,1,3
200500022837,0005-04-10 21:15:00,5,4,10,21,15,600,577.0,HAMEAU DE GUILLENFOSSE,,,Nuit avec éclairage allumé,En agglomération,Hors intersection,Normale,Trois véhicules et plus - collisions multiples,,,,,,,,,,,5,2,1,1,5
200500022838,0005-04-19 17:15:00,5,4,19,17,15,600,616.0,rue Pierre  Eugène Boyer,49.354,1.775,Plein jour,En agglomération,Hors intersection,Normale,Deux véhicules - arrière,,,,,,,,,,,1,2,1,1,2
200500022839,0005-04-11 18:30:00,5,4,11,18,30,600,256.0,,,,Plein jour,Hors agglomération,Intersection en X,Normale,Deux véhicules - frontale,,,,,,,,,,,1,1,2,1,1
200500022840,0005-04-13 00:45:00,5,4,13,0,45,600,239.0,,49.238,1.966,Nuit sans éclairage public,Hors agglomération,Hors intersection,Normale,Autre collision,,,,,,,,,,,3,1,1,1,6
200500022841,0005-04-14 11:15:00,5,4,14,11,15,600,97.0,intersection CD166 et C1,49.324,1.859,Plein jour,En agglomération,Hors intersection,Normale,Deux véhicules - côté,,,,,,,,,,,1,2,1,1,3
200500022842,0005-04-01 09:30:00,5,4,1,9,30,600,4.0,,49.556,1.941,Plein jour,Hors agglomération,Hors intersection,Brouillard / fumée,Sans collision,,,,,,,,,,,1,1,1,5,7
200500022843,0005-04-02 10:15:00,5,4,2,10,15,600,219.0,,49.752,1.815,Plein jour,Hors agglomération,Hors intersection,Normale,Deux véhicules - arrière,,,,,,,,,,,1,1,1,1,2
200500022844,0005-04-22 18:45:00,5,4,22,18,45,600,599.0,HAMEAU D HALEINE,49.69,1.854,Plein jour,En agglomération,Hors intersection,Normale,Autre collision,,,,,,,,,,,1,2,1,1,6
200500022845,0005-04-07 15:30:00,5,4,7,15,30,600,395.0,Rue Aristide Briand,,,Plein jour,En agglomération,Hors intersection,Normale,Trois véhicules et plus - en chaîne,,,,,,,,,,,1,2,1,1,4
200500022846,0005-04-26 08:45:00,5,4,26,8,45,600,395.0,RUE CAMILLE CLAUDEL,,,Plein jour,En agglomération,Hors intersection,Normale,Autre collision,,,,,,,,,,,1,2,1,1,6
200500022847,0005-04-28 13:30:00,5,4,28,13,30,600,12.0,rue de noailles,49.266,2.16,Plein jour,En agglomération,Hors intersection,Normale,Deux véhicules - frontale,,,,,,,,,,,1,2,1,1,1
200500022848,0005-04-21 17:30:00,5,4,21,17,30,600,313.0,CD 12 - rue de BEAUVAIS,,,Plein jour,En agglomération,Hors intersection,Normale,Trois véhicules et plus - collisions multiples,,,,,,,,,,,1,2,1,1,5
200500022849,0005-04-02 01:45:00,5,4,2,1,45,600,107.0,,,,Nuit sans éclairage public,Hors agglomération,Hors intersection,Normale,Autre collision,,,,,,,,,,,3,1,1,1,6
200500022850,0005-04-25 09:00:00,5,4,25,9,0,600,215.0,rue de Villers,,,Plein jour,En agglomération,Hors intersection,Pluie légère,Autre collision,,,,,,,,,,,1,2,1,2,6
200500022851,0005-04-10 12:00:00,5,4,10,12,0,600,115.0,,,,Plein jour,Hors agglomération,Hors intersection,Normale,Deux véhicules - arrière,,,,,,,,,,,1,1,1,1,2
200500022852,0005-04-11 11:45:00,5,4,11,11,45,600,157.0,,,,Plein jour,Hors agglomération,Hors intersection,Normale,Autre collision,,,,,,,,,,,1,1,1,1,6
200500022853,0005-04-09 19:00:00,5,4,9,19,0,600,299.0,,49.621,2.227,Plein jour,Hors agglomération,Intersection en T,Normale,Deux véhicules - côté,,,,,,,,,,,1,1,3,1,3
200500022854,0005-04-17 12:00:00,5,4,17,12,0,600,82.0,,49.684,2.25,Plein jour,Hors agglomération,Hors intersection,Normale,Autre collision,,,,,,,,,,,1,1,1,1,6
200500022855,0005-04-17 15:00:00,5,4,17,15,0,600,102.0,,,,Plein jour,Hors agglomération,Hors intersection,Normale,Deux véhicules - côté,,,,,,,,,,,1,1,1,1,3
200500022856,0005-04-17 02:00:00,5,4,17,2,0,600,409.0,Rue de Caucriaumont,,,Nuit avec éclairage allumé,En agglomération,Hors intersection,Pluie légère,Autre collision,,,,,,,,,,,5,2,1,2,6
200500022857,0005-04-21 18:30:00,5,4,21,18,30,600,154.0,rue Jean BEAU,,,Plein jour,En agglomération,Hors intersection,Normale,Autre collision,,,,,,,,,,,1,2,1,1,6
200500022858,0005-04-27 17:15:00,5,4,27,17,15,600,102.0,20 rue de la libération,,,Plein jour,En agglomération,Hors intersection,Normale,Deux véhicules - côté,,,,,,,,,,,1,2,1,1,3
200500022859,0005-04-01 12:15:00,5,4,1,12,15,600,439.0,rue du général leclerc,49.321,2.323,Plein jour,En agglomération,Hors intersection,Normale,Autre collision,,,,,,,,,,,1,2,1,1,6
200500022860,0005-04-07 16:00:00,5,4,7,16,0,600,439.0,,49.316,2.33,Plein jour,En agglomération,Hors intersection,Normale,Deux véhicules - frontale,,,,,,,,,,,1,2,1,1,1
200500022861,0005-04-01 08:00:00,5,4,1,8,0,600,468.0,,49.507,2.369,Plein jour,Hors agglomération,Hors intersection,Brouillard / fumée,Deux véhicules - côté,,,,,,,,,,,1,1,1,5,3
200500022862,0005-04-17 14:00:00,5,4,17,14,0,600,643.0,RUE LUCIEN MOREL,49.563,2.588,Plein jour,En agglomération,Hors intersection,Normale,Deux véhicules - frontale,,,,,,,,,,,1,2,1,1,1
200500022863,0005-04-28 10:30:00,5,4,28,10,30,600,374.0,RUE DE ST JUST,49.557,2.516,Plein jour,En agglomération,Hors intersection,Normale,Deux véhicules - côté,,,,,,,,,,,1,2,1,1,3
200500022864,0005-04-29 00:30:00,5,4,29,0,30,600,177.0,,49.463,2.566,Nuit sans éclairage public,Hors agglomération,Hors intersection,Normale,Sans collision,,,,,,,,,,,3,1,1,1,7
200500022865,0005-04-03 10:00:00,5,4,3,10,0,600,674.0,,,,Plein jour,Hors agglomération,Hors intersection,Normale,Autre collision,,,,,,,,,,,1,1,1,1,6
200500022866,0005-04-27 09:45:00,5,4,27,9,45,600,64.0,RUE MARCEL RINN,,,Crépuscule ou aube,En agglomération,Hors intersection,Temps couvert,Autre collision,,,,,,,,,,,2,2,1,8,6
200500022867,0005-04-09 14:30:00,5,4,9,14,30,600,423.0,,,,Plein jour,Hors agglomération,Hors intersection,Normale,Autre collision,,,,,,,,,,,1,1,1,1,6
200500022868,0005-04-10 10:00:00,5,4,10,10,0,600,150.0,,,,Plein jour,Hors agglomération,Hors intersection,Normale,Deux véhicules - frontale,,,,,,,,,,,1,1,1,1,1
200500022869,0005-04-30 23:30:00,5,4,30,23,30,600,119.0,RUE DE LA MAIRIE,49.509,2.905,Nuit avec éclairage allumé,En agglomération,Hors intersection,Normale,Autre collision,,,,,,,,,,,5,2,1,1,6
200500022870,0005-04-04 12:30:00,5,4,4,12,30,600,318.0,,,,Plein jour,Hors agglomération,Hors intersection,Normale,Trois véhicules et plus - collisions multiples,,,,,,,,,,,1,1,1,1,5
200500022871,0005-04-24 05:45:00,5,4,24,5,45,600,531.0,,49.441,2.713,Nuit avec éclairage allumé,En agglomération,Hors intersection,Temps couvert,Deux véhicules - frontale,,,,,,,,,,,5,2,1,8,1
200500022872,0005-04-24 13:45:00,5,4,24,13,45,600,59.0,,,,Plein jour,Hors agglomération,Hors intersection,Pluie légère,Trois véhicules et plus - collisions multiples,,,,,,,,,,,1,1,1,2,5
200500022873,0005-04-02 10:45:00,5,4,2,10,45,570,323.0,,49.416,6.145,Plein jour,En agglomération,Hors intersection,Normale,Deux véhicules - côté,,,,,,,,,,,1,2,1,1,3
200500022874,0005-04-23 18:00:00,5,4,23,18,0,570,600.0,,,,Plein jour,Hors agglomération,Hors intersection,Normale,Deux véhicules - frontale,,,,,,,,,,,1,1,1,1,1
200500022875,0005-04-30 18:45:00,5,4,30,18,45,570,323.0,RD 14A,,,Plein jour,En agglomération,Hors intersection,Normale,Deux véhicules - frontale,,,,,,,,,,,1,2,1,1,1
200500022876,0005-04-24 00:30:00,5,4,24,0,30,600,612.0,AVENUE FELIX VERNOIS,,,Nuit avec éclairage allumé,En agglomération,Intersection en T,Normale,Deux véhicules - frontale,,,,,,,,,,,5,2,3,1,1