accident_id,datetime,annee,mois,jour,heure,minute,departement,commune_insee,adresse,latitude,longitude,luminosite,agglomeration,intersection,meteo,collision,nb_vehicules,nb_usagers,nb_indemnes,nb_tues,nb_blesses_hosp,nb_blesses_legers,age_cond_1,age_cond_2,veh_type_cond_1,veh_type_cond_2,lum_code,agg_code,int_code,atm_code,col_code
200500023151,0005-04-25 15:30:00,5,4,25,15,30,490,271.0,,47.536,-0.743,Plein jour,Hors agglomération,Hors intersection,Normale,Deux véhicules - côté,,,,,,,,,,,1,1,1,1,3
200500023152,0005-04-30 22:30:00,5,4,30,22,30,490,367.0,,47.606,-0.826,Nuit sans éclairage public,Hors agglomération,Hors intersection,Normale,Autre collision,,,,,,,,,,,3,1,1,1,6
200500023153,0005-04-02 07:00:00,5,4,2,7,0,490,80.0,,47.67,-0.48,Crépuscule ou aube,Hors agglomération,Intersection en T,Normale,Deux véhicules - côté,,,,,,,,,,,2,1,3,1,3
200500023154,0005-04-09 17:00:00,5,4,9,17,0,490,48.0,,47.57,-0.5,Plein jour,Hors agglomération,Hors intersection,Normale,Deux véhicules - frontale,,,,,,,,,,,1,1,1,1,1
200500023155,0005-04-29 18:30:00,5,4,29,18,30,490,48.0,route de la Héripière,,,Plein jour,En agglomération,Hors intersection,Normale,Deux véhicules - frontale,,,,,,,,,,,1,2,1,1,1
200500023156,0005-04-01 08:30:00,5,4,1,8,30,530,151.0,,,,Plein jour,Hors agglomération,Hors intersection,Normale,Deux véhicules - frontale,,,,,,,,,,,1,1,1,1,1
200500023157,0005-04-09 16:00:00,5,4,9,16,0,530,84.0,3 route de NANTES,,,Plein jour,En agglomération,Hors intersection,Normale,Deux véhicules - frontale,,,,,,,,,,,1,2,1,1,1
200500023158,0005-04-08 14:00:00,5,4,8,14,0,530,147.0,,48.316,-0.603,Plein jour,Hors agglomération,Hors intersection,Temps couvert,Autre collision,,,,,,,,,,,1,1,1,8,6
200500023159,0005-04-11 16:45:00,5,4,11,16,45,530,146.0,,,,Plein jour,Hors agglomération,Hors intersection,Normale,Autre collision,,,,,,,,,,,1,1,1,1,6
200500023160,0005-04-20 21:00:00,5,4,20,21,0,530,72.0,inters. cd 24 et cd 253,48.246,-0.62,Crépuscule ou aube,En agglomération,Intersection en T,Normale,Deux véhicules - côté,,,,,,,,,,,2,2,3,1,3
200500023161,0005-04-11 08:00:00,5,4,11,8,0,530,238.0,,,,Plein jour,Hors agglomération,Hors intersection,Normale,Sans collision,,,,,,,,,,,1,1,1,1,7
200500023162,0005-04-30 00:01:00,5,4,30,0,1,530,121.0,,48.426,-0.32,Nuit sans éclairage public,Hors agglomération,Hors intersection,Normale,Autre collision,,,,,,,,,,,3,1,1,1,6
200500023163,0005-04-02 21:00:00,5,4,2,21,0,720,58.0,,47.99,0.28,Nuit avec éclairage allumé,En agglomération,Intersection en X,Normale,Deux véhicules - côté,,,,,,,,,,,5,2,2,1,3
200500023164,0005-04-17 17:15:00,5,4,17,17,15,720,124.0,,,,Plein jour,Hors agglomération,Hors intersection,Normale,Sans collision,,,,,,,,,,,1,1,1,1,7
200500023165,0005-04-24 07:00:00,5,4,24,7,0,720,260.0,CD140,47.943,0.259,Crépuscule ou aube,En agglomération,Intersection en X,Pluie forte,Deux véhicules - côté,,,,,,,,,,,2,2,2,3,3
200500023166,0005-04-12 19:30:00,5,4,12,19,30,720,35.0,RUE DU DOCTEUR FERRIEN,,,Plein jour,En agglomération,Hors intersection,Normale,Autre collision,,,,,,,,,,,1,2,1,1,6
200500023167,0005-04-21 21:00:00,5,4,21,21,0,720,303.0,,48.023,0.569,Plein jour,Hors agglomération,Hors intersection,Normale,Sans collision,,,,,,,,,,,1,1,1,1,7
200500023168,0005-04-22 11:30:00,5,4,22,11,30,720,125.0,,47.949,0.661,Plein jour,Hors agglomération,Hors intersection,Normale,Trois véhicules et plus - collisions multiples,,,,,,,,,,,1,1,1,1,5
200500023169,0005-04-19 16:30:00,5,4,19,16,30,720,54.0,,48.013,0.312,Plein jour,Hors agglomération,Hors intersection,Normale,Trois véhicules et plus - collisions multiples,,,,,,,,,,,1,1,1,1,5
200500023170,0005-04-28 01:15:00,5,4,28,1,15,720,289.0,3 rue Charles PALIER,48.146,0.17,Nuit avec éclairage allumé,En agglomération,Hors intersection,Normale,Deux véhicules - arrière,,,,,,,,,,,5,2,1,1,2
200500023171,0005-04-14 10:30:00,5,4,14,10,30,720,249.0,,,,Plein jour,Hors agglomération,Hors intersection,Pluie légère,Autre collision,,,,,,,,,,,1,1,1,2,6
200500023172,0005-04-29 04:15:00,5,4,29,4,15,720,346.0,Route de Voivres,47.899,0.036,Nuit avec éclairage allumé,En agglomération,Hors intersection,Normale,Autre collision,,,,,,,,,,,5,2,1,1,6
200500023173,0005-04-16 17:00:00,5,4,16,17,0,720,143.0,,,,Plein jour,Hors agglomération,Hors intersection,Normale,Sans collision,,,,,,,,,,,1,1,1,1,7
200500023174,0005-04-17 13:30:00,5,4,17,13,30,720,50.0,,,,Plein jour,Hors agglomération,Hors intersection,Normale,Deux véhicules - frontale,,,,,,,,,,,1,1,1,1,1
200500023175,0005-04-30 11:00:00,5,4,30,11,0,720,22.0,,47.77,-0.186,Plein jour,Hors agglomération,Hors intersection,Normale,Deux véhicules - frontale,,,,,,,,,,,1,1,1,1,1
200500023176,0005-04-02 09:00:00,5,4,2,9,0,720,117.0,,,,Plein jour,Hors agglomération,Hors intersection,Normale,Deux véhicules - frontale,,,,,,,,,,,1,1,1,1,1
200500023177,0005-04-08 09:15:00,5,4,8,9,15,720,16.0,,,,Plein jour,Hors agglomération,Hors intersection,Pluie légère,Autre collision,,,,,,,,,,,1,1,1,2,6
200500023178,0005-04-23 15:30:00,5,4,23,15,30,720,21.0,,,,Plein jour,Hors agglomération,Hors intersection,Normale,Sans collision,,,,,,,,,,,1,1,1,1,7
200500023179,0005-04-12 08:00:00,5,4,12,8,0,720,375.0,,,,Plein jour,Hors agglomération,Hors intersection,Normale,Autre collision,,,,,,,,,,,1,1,1,1,6
200500023180,0005-04-12 10:30:00,5,4,12,10,30,720,40.0,,48.171,0.516,Plein jour,Hors agglomération,Hors intersection,Normale,Deux véhicules - frontale,,,,,,,,,,,1,1,1,1,1
200500023181,0005-04-03 01:00:00,5,4,3,1,0,850,73.0,,46.491,-1.182,Nuit sans éclairage public,Hors agglomération,Hors intersection,Normale,Sans collision,,,,,,,,,,,3,1,1,1,7
200500023182,0005-04-19 14:30:00,5,4,19,14,30,850,73.0,,46.519,-1.159,Plein jour,Hors agglomération,Intersection en X,Temps couvert,Deux véhicules - côté,,,,,,,,,,,1,1,2,8,3
200500023183,0005-04-09 06:30:00,5,4,9,6,30,850,65.0,270 rue Delatre,,,Crépuscule ou aube,En agglomération,Hors intersection,Normale,Autre collision,,,,,,,,,,,2,2,1,1,6
200500023184,0005-04-14 10:00:00,5,4,14,10,0,850,82.0,RD 11       LA CHOUNIERE,46.879,-0.938,Plein jour,En agglomération,Hors intersection,Pluie forte,Trois véhicules et plus - collisions multiples,,,,,,,,,,,1,2,1,3,5
200500023185,0005-04-17 11:45:00,5,4,17,11,45,850,242.0,rue des jarries,,,Plein jour,En agglomération,Autre intersection,Normale,Deux véhicules - côté,,,,,,,,,,,1,2,9,1,3
200500023186,0005-04-08 07:45:00,5,4,8,7,45,850,224.0,,,,Crépuscule ou aube,Hors agglomération,Hors intersection,Normale,Autre collision,,,,,,,,,,,2,1,1,1,6
200500023187,0005-04-09 22:00:00,5,4,9,22,0,850,107.0,,,,Nuit sans éclairage public,Hors agglomération,Hors intersection,Normale,Deux véhicules - frontale,,,,,,,,,,,3,1,1,1,1
200500023188,0005-04-26 14:45:00,5,4,26,14,45,850,76.0,,,,Plein jour,Hors agglomération,Hors intersection,Pluie légère,Autre collision,,,,,,,,,,,1,1,1,2,6
200500023189,0005-04-02 18:15:00,5,4,2,18,15,850,155.0,rond point rue ste lea,46.722,-1.447,Plein jour,En agglomération,Giratoire,Normale,Deux véhicules - côté,,,,,,,,,,,1,2,6,1,3
200500023190,0005-04-05 09:00:00,5,4,5,9,0,850,300.0,,46.648,-1.539,Plein jour,Hors agglomération,Hors intersection,Normale,Deux véhicules - côté,,,,,,,,,,,1,1,1,1,3
200500023191,0005-04-19 14:30:00,5,4,19,14,30,850,3.0,,46.72,-1.538,Plein jour,Hors agglomération,Hors intersection,Normale,Autre collision,,,,,,,,,,,1,1,1,1,6
200500023192,0005-04-24 06:00:00,5,4,24,6,0,850,178.0,,46.766,-1.49,Crépuscule ou aube,Hors agglomération,Hors intersection,Pluie légère,Autre collision,,,,,,,,,,,2,1,1,2,6
200500023193,0005-04-30 17:15:00,5,4,30,17,15,850,223.0,,46.567,-1.076,Plein jour,Hors agglomération,Hors intersection,Normale,Deux véhicules - côté,,,,,,,,,,,1,1,1,1,3
200500023194,0005-04-11 05:15:00,5,4,11,5,15,850,264.0,,46.721,-0.682,Nuit sans éclairage public,Hors agglomération,Hors intersection,Normale,Deux véhicules - frontale,,,,,,,,,,,3,1,1,1,1
200500023195,0005-04-21 04:45:00,5,4,21,4,45,850,37.0,,46.656,-0.67,Nuit sans éclairage public,Hors agglomération,Hors intersection,Brouillard / fumée,Autre collision,,,,,,,,,,,3,1,1,5,6
200500023196,0005-04-22 08:00:00,5,4,22,8,0,850,41.0,,46.598,-0.811,Plein jour,Hors agglomération,Intersection en X,Normale,Deux véhicules - côté,,,,,,,,,,,1,1,2,1,3
200500023197,0005-04-12 09:00:00,5,4,12,9,0,850,226.0,,,,Plein jour,Hors agglomération,Hors intersection,Normale,Deux véhicules - frontale,,,,,,,,,,,1,1,1,1,1
200500023198,0005-04-01 02:00:00,5,4,1,2,0,850,214.0,,,,Nuit sans éclairage public,Hors agglomération,Hors intersection,Normale,Autre collision,,,,,,,,,,,3,1,1,1,6
200500023199,0005-04-01 10:00:00,5,4,1,10,0,850,288.0,,46.482,-1.677,Plein jour,Hors agglomération,Hors intersection,Normale,Deux véhicules - côté,,,,,,,,,,,1,1,1,1,3
200500023200,0005-04-26 18:15:00,5,4,26,18,15,330,19.0,ROUTE DE BORDEAUX,44.695,-0.995,Plein jour,En agglomération,Hors intersection,Normale,Deux véhicules - côté,,,,,,,,,,,1,2,1,1,3
200500023201,0005-04-29 16:00:00,5,4,29,16,0,330,284.0,,44.625,-0.952,Plein jour,Hors agglomération,Hors intersection,Normale,Deux véhicules - côté,,,,,,,,,,,1,1,1,1,3
200500023202,0005-04-08 16:45:00,5,4,8,16,45,330,519.0,,,,Plein jour,Hors agglomération,Hors intersection,Normale,Sans collision,,,,,,,,,,,1,1,1,1,7
200500023203,0005-04-09 17:30:00,5,4,9,17,30,330,56.0,boulevard Victor Hugo,,,Crépuscule ou aube,En agglomération,Hors intersection,Normale,Deux véhicules - frontale,,,,,,,,,,,2,2,1,1,1
200500023204,0005-04-30 21:15:00,5,4,30,21,15,330,236.0,ROUTE DU MOULIN,44.799,-1.137,Nuit avec éclairage allumé,En agglomération,Hors intersection,Normale,Autre collision,,,,,,,,,,,5,2,1,1,6
200500023205,0005-04-25 17:00:00,5,4,25,17,0,330,422.0,,44.818,-0.734,Plein jour,Hors agglomération,Hors intersection,Normale,Deux véhicules - arrière,,,,,,,,,,,1,1,1,1,2
200500023206,0005-04-27 17:00:00,5,4,27,17,0,330,200.0,243 AVENUE PASTEUR,,,Plein jour,En agglomération,Hors intersection,Normale,Autre collision,,,,,,,,,,,1,2,1,1,6
200500023207,0005-04-29 17:15:00,5,4,29,17,15,330,200.0,,,,Plein jour,Hors agglomération,Autre intersection,Normale,Deux véhicules - arrière,,,,,,,,,,,1,1,9,1,2
200500023208,0005-04-02 05:15:00,5,4,2,5,15,330,47.0,,,,Nuit sans éclairage public,Hors agglomération,Hors intersection,Normale,Autre collision,,,,,,,,,,,3,1,1,1,6
200500023209,0005-04-30 11:00:00,5,4,30,11,0,330,551.0,,45.094,-0.638,Plein jour,Hors agglomération,Hors intersection,Normale,Deux véhicules - côté,,,,,,,,,,,1,1,1,1,3
200500023210,0005-04-17 17:30:00,5,4,17,17,30,330,433.0,45 AVENUE PASTEUR,,,Plein jour,En agglomération,Hors intersection,Normale,Deux véhicules - arrière,,,,,,,,,,,1,2,1,1,2
200500023211,0005-04-29 08:45:00,5,4,29,8,45,330,463.0,RN113,,,Plein jour,En agglomération,Hors intersection,Normale,Autre collision,,,,,,,,,,,1,2,1,1,6
200500023212,0005-04-07 15:45:00,5,4,7,15,45,330,109.0,,44.699,-0.491,Plein jour,Hors agglomération,Hors intersection,Pluie légère,Autre collision,,,,,,,,,,,1,1,1,2,6
200500023213,0005-04-27 17:30:00,5,4,27,17,30,330,23.0,avenue général de gaulle,44.715,-0.478,Plein jour,En agglomération,Hors intersection,Normale,Deux véhicules - côté,,,,,,,,,,,1,2,1,1,3
200500023214,0005-04-19 16:15:00,5,4,19,16,15,330,311.0,Avenue du Chêne vert,,,Plein jour,En agglomération,Hors intersection,Normale,Autre collision,,,,,,,,,,,1,2,1,1,6
200500023215,0005-04-17 12:00:00,5,4,17,12,0,330,80.0,RN113,,,Plein jour,En agglomération,Hors intersection,Normale,Deux véhicules - côté,,,,,,,,,,,1,2,1,1,3
200500023216,0005-04-13 14:00:00,5,4,13,14,0,330,334.0,,,,Plein jour,Hors agglomération,Hors intersection,Normale,Deux véhicules - frontale,,,,,,,,,,,1,1,1,1,1
200500023217,0005-04-30 02:45:00,5,4,30,2,45,330,366.0,avenue de l'Europe,,,Nuit avec éclairage allumé,En agglomération,Hors intersection,Normale,Deux véhicules - côté,,,,,,,,,,,5,2,1,1,3
200500023218,0005-04-30 15:30:00,5,4,30,15,30,330,195.0,,44.402,-0.027,Plein jour,Hors agglomération,Hors intersection,Normale,Deux véhicules - frontale,,,,,,,,,,,1,1,1,1,1
200500023219,0005-04-29 10:30:00,5,4,29,10,30,330,484.0,,44.449,-0.527,Plein jour,Hors agglomération,Hors intersection,Normale,Sans collision,,,,,,,,,,,1,1,1,1,7
200500023220,0005-04-29 17:30:00,5,4,29,17,30,330,177.0,1 rue de l'église,45.331,-0.963,Plein jour,En agglomération,Hors intersection,Normale,Autre collision,,,,,,,,,,,1,2,1,1,6
200500023221,0005-04-01 16:30:00,5,4,1,16,30,330,256.0,,,,Plein jour,Hors agglomération,Hors intersection,Normale,Autre collision,,,,,,,,,,,1,1,1,1,6
200500023222,0005-04-14 14:15:00,5,4,14,14,15,330,12.0,,44.969,-0.717,Plein jour,Hors agglomération,Autre intersection,Pluie légère,Deux véhicules - côté,,,,,,,,,,,1,1,9,2,3
200500023223,0005-04-29 23:45:00,5,4,29,23,45,330,256.0,40 avenue du XI novembre,,,Nuit avec éclairage allumé,En agglomération,Hors intersection,Normale,Autre collision,,,,,,,,,,,5,2,1,1,6
200500023224,0005-04-18 07:30:00,5,4,18,7,30,330,52.0,,,,Crépuscule ou aube,Hors agglomération,Hors intersection,Pluie légère,Autre collision,,,,,,,,,,,2,1,1,2,6
200500023225,0005-04-21 12:15:00,5,4,21,12,15,330,488.0,,44.794,-0.118,Plein jour,Hors agglomération,Hors intersection,Normale,Deux véhicules - frontale,,,,,,,,,,,1,1,1,1,1
200500023226,0005-04-01 13:30:00,5,4,1,13,30,330,108.0,RUE DU COLLEGE,44.859,-0.046,Plein jour,En agglomération,Hors intersection,Normale,Autre collision,,,,,,,,,,,1,2,1,1,6
200500023227,0005-04-20 14:00:00,5,4,20,14,0,330,396.0,,44.892,-0.096,Plein jour,Hors agglomération,Hors intersection,Normale,Autre collision,,,,,,,,,,,1,1,1,1,6
200500023228,0005-04-22 19:15:00,5,4,22,19,15,330,459.0,,,,Plein jour,Hors agglomération,Hors intersection,Temps couvert,Deux véhicules - frontale,,,,,,,,,,,1,1,1,8,1
200500023229,0005-04-22 18:45:00,5,4,22,18,45,330,138.0,,45.065,-0.101,Plein jour,Hors agglomération,Hors intersection,Pluie légère,Deux véhicules - frontale,,,,,,,,,,,1,1,1,2,1
200500023230,0005-04-01 20:15:00,5,4,1,20,15,330,242.0,départementale 672,44.803,0.177,Plein jour,En agglomération,Hors intersection,Normale,Autre collision,,,,,,,,,,,1,2,1,1,6
200500023231,0005-04-26 11:00:00,5,4,26,11,0,330,242.0,,,,Plein jour,Hors agglomération,Hors intersection,Normale,Deux véhicules - frontale,,,,,,,,,,,1,1,1,1,1
200500023232,0005-04-30 17:45:00,5,4,30,17,45,240,571.0,PLACE ST JEAN,,,Plein jour,En agglomération,Place,Normale,Autre collision,,,,,,,,,,,1,2,7,1,6
200500023233,0005-04-08 18:15:00,5,4,8,18,15,240,156.0,,45.072,0.871,Plein jour,Hors agglomération,Hors intersection,Pluie légère,Deux véhicules - côté,,,,,,,,,,,1,1,1,2,3
200500023234,0005-04-21 08:00:00,5,4,21,8,0,240,156.0,,45.07,0.86,Plein jour,Hors agglomération,Hors intersection,Normale,Autre collision,,,,,,,,,,,1,1,1,1,6
200500023235,0005-04-11 13:45:00,5,4,11,13,45,240,188.0,LE BOURG,45.132,0.988,Plein jour,En agglomération,Hors intersection,Normale,Autre collision,,,,,,,,,,,1,2,1,1,6
200500023236,0005-04-23 11:00:00,5,4,23,11,0,240,550.0,Parking SHOPI,45.14,1.07,Plein jour,En agglomération,Hors intersection,Temps couvert,Sans collision,,,,,,,,,,,1,2,1,8,7
200500023237,0005-04-01 18:45:00,5,4,1,18,45,240,338.0,,44.895,0.751,Plein jour,Hors agglomération,Intersection en T,Normale,Deux véhicules - côté,,,,,,,,,,,1,1,3,1,3
200500023238,0005-04-08 09:15:00,5,4,8,9,15,240,335.0,avenue de Bordeaux,44.848,0.205,Plein jour,En agglomération,Hors intersection,Normale,Autre collision,,,,,,,,,,,1,2,1,1,6
200500023239,0005-04-22 08:45:00,5,4,22,8,45,240,568.0,,44.859,0.105,Plein jour,Hors agglomération,Hors intersection,Normale,Deux véhicules - côté,,,,,,,,,,,1,1,1,1,3
200500023240,0005-04-28 16:30:00,5,4,28,16,30,240,370.0,,44.847,0.173,Plein jour,Hors agglomération,Autre intersection,Normale,Trois véhicules et plus - collisions multiples,,,,,,,,,,,1,1,9,1,5
200500023241,0005-04-09 08:00:00,5,4,9,8,0,240,460.0,BOURG,45.252,0.42,Plein jour,En agglomération,Hors intersection,Normale,Autre collision,,,,,,,,,,,1,2,1,1,6
200500023242,0005-04-12 16:30:00,5,4,12,16,30,240,586.0,,45.256,0.38,Plein jour,Hors agglomération,Intersection en T,Normale,Deux véhicules - côté,,,,,,,,,,,1,1,3,1,3
200500023243,0005-04-11 18:45:00,5,4,11,18,45,240,7.0,,45.285,0.303,Plein jour,Hors agglomération,Hors intersection,Normale,Autre collision,,,,,,,,,,,1,1,1,1,6
200500023244,0005-04-27 15:45:00,5,4,27,15,45,240,564.0,,45.235,0.264,Plein jour,Hors agglomération,Intersection en X,Temps couvert,Deux véhicules - côté,,,,,,,,,,,1,1,2,8,3
200500023245,0005-04-01 14:15:00,5,4,1,14,15,240,511.0,Le Bourg,45.206,0.192,Plein jour,En agglomération,Hors intersection,Normale,Deux véhicules - frontale,,,,,,,,,,,1,2,1,1,1
200500023246,0005-04-04 14:15:00,5,4,4,14,15,240,50.0,,,,Plein jour,Hors agglomération,Hors intersection,Normale,Deux véhicules - frontale,,,,,,,,,,,1,1,1,1,1
200500023247,0005-04-19 17:30:00,5,4,19,17,30,240,356.0,,,,Plein jour,Hors agglomération,Hors intersection,Pluie forte,Autre collision,,,,,,,,,,,1,1,1,3,6
200500023248,0005-04-30 04:45:00,5,4,30,4,45,240,67.0,,44.926,0.932,Nuit sans éclairage public,Hors agglomération,Hors intersection,Normale,Autre collision,,,,,,,,,,,3,1,1,1,6
200500023249,0005-04-18 08:45:00,5,4,18,8,45,240,547.0,,,,Plein jour,Hors agglomération,Hors intersection,Pluie légère,Deux véhicules - frontale,,,,,,,,,,,1,1,1,2,1
200500023250,0005-04-07 03:30:00,5,4,7,3,30,400,12.0,,,,Nuit sans éclairage public,Hors agglomération,Hors intersection,Normale,Autre collision,,,,,,,,,,,3,1,1,1,6
200500023251,0005-04-08 10:30:00,5,4,8,10,30,400,145.0,,,,Plein jour,Hors agglomération,Intersection en X,Normale,Deux véhicules - côté,,,,,,,,,,,1,1,2,1,3
200500023252,0005-04-16 20:15:00,5,4,16,20,15,400,250.0,,,,Nuit sans éclairage public,Hors agglomération,Hors intersection,Normale,Autre collision,,,,,,,,,,,3,1,1,1,6
200500023253,0005-04-17 18:15:00,5,4,17,18,15,400,167.0,,,,Plein jour,Hors agglomération,Hors intersection,Pluie forte,Autre collision,,,,,,,,,,,1,1,1,3,6
200500023254,0005-04-25 21:30:00,5,4,25,21,30,400,307.0,,,,Nuit sans éclairage public,Hors agglomération,Hors intersection,Normale,Deux véhicules - frontale,,,,,,,,,,,3,1,1,1,1
200500023255,0005-04-24 06:15:00,5,4,24,6,15,400,35.0,RD 22,43.649,-1.038,Crépuscule ou aube,En agglomération,Hors intersection,Pluie légère,Autre collision,,,,,,,,,,,2,2,1,2,6
200500023256,0005-04-30 19:00:00,5,4,30,19,0,400,334.0,CD 32 Rte de Montfort,43.711,-1.014,Plein jour,En agglomération,Hors intersection,Normale,Deux véhicules - frontale,,,,,,,,,,,1,2,1,1,1
200500023257,0005-04-06 12:15:00,5,4,6,12,15,400,155.0,,,,Plein jour,Hors agglomération,Hors intersection,Normale,Autre collision,,,,,,,,,,,1,1,1,1,6
200500023258,0005-04-24 23:00:00,5,4,24,23,0,400,75.0,rue du marensin,,,Nuit avec éclairage allumé,En agglomération,Hors intersection,Normale,Deux véhicules - arrière,,,,,,,,,,,5,2,1,1,2
200500023259,0005-04-17 07:15:00,5,4,17,7,15,400,233.0,,43.585,-1.039,Plein jour,Hors agglomération,Hors intersection,Normale,Autre collision,,,,,,,,,,,1,1,1,1,6
200500023260,0005-04-18 00:30:00,5,4,18,0,30,400,95.0,,43.594,-0.919,Nuit sans éclairage public,Hors agglomération,Hors intersection,Temps couvert,Deux véhicules - frontale,,,,,,,,,,,3,1,1,8,1
200500023261,0005-04-30 20:45:00,5,4,30,20,45,400,118.0,,,,Crépuscule ou aube,Hors agglomération,Hors intersection,Normale,Autre collision,,,,,,,,,,,2,1,1,1,6
200500023262,0005-04-17 17:15:00,5,4,17,17,15,400,65.0,,,,Plein jour,Hors agglomération,Hors intersection,Pluie légère,Deux véhicules - frontale,,,,,,,,,,,1,1,1,2,1
200500023263,0005-04-23 16:30:00,5,4,23,16,30,400,65.0,AVE VICTOR HUGO,,,Plein jour,En agglomération,Intersection en T,Normale,Deux véhicules - côté,,,,,,,,,,,1,2,3,1,3
200500023264,0005-04-10 21:30:00,5,4,10,21,30,400,310.0,,,,Nuit sans éclairage public,Hors agglomération,Hors intersection,Normale,Autre collision,,,,,,,,,,,3,1,1,1,6
200500023265,0005-04-16 14:45:00,5,4,16,14,45,400,227.0,,,,Plein jour,Hors agglomération,Hors intersection,Pluie légère,Sans collision,,,,,,,,,,,1,1,1,2,7
200500023266,0005-04-22 21:15:00,5,4,22,21,15,400,217.0,,,,Nuit sans éclairage public,Hors agglomération,Hors intersection,Pluie légère,Deux véhicules - frontale,,,,,,,,,,,3,1,1,2,1
200500023267,0005-04-23 12:15:00,5,4,23,12,15,400,295.0,,,,Plein jour,Hors agglomération,Hors intersection,Normale,Autre collision,,,,,,,,,,,1,1,1,1,6
200500023268,0005-04-02 16:45:00,5,4,2,16,45,400,246.0,,,,Plein jour,Hors agglomération,Hors intersection,Normale,Deux véhicules - côté,,,,,,,,,,,1,1,1,1,3
200500023269,0005-04-14 11:00:00,5,4,14,11,0,400,257.0,,44.247,-1.199,Plein jour,Hors agglomération,Hors intersection,Normale,Autre collision,,,,,,,,,,,1,1,1,1,6
200500023270,0005-04-04 08:15:00,5,4,4,8,15,400,259.0,,,,Plein jour,En agglomération,Hors intersection,Normale,Deux véhicules - frontale,,,,,,,,,,,1,2,1,1,1
200500023271,0005-04-08 17:00:00,5,4,8,17,0,400,137.0,,,,Plein jour,Hors agglomération,Hors intersection,Temps couvert,Deux véhicules - côté,,,,,,,,,,,1,1,1,8,3
200500023272,0005-04-20 08:15:00,5,4,20,8,15,400,131.0,,,,Plein jour,Hors agglomération,Hors intersection,Normale,Sans collision,,,,,,,,,,,1,1,1,1,7
200500023273,0005-04-22 14:15:00,5,4,22,14,15,400,259.0,,,,Plein jour,Hors agglomération,Hors intersection,Normale,Trois véhicules et plus - collisions multiples,,,,,,,,,,,1,1,1,1,5
200500023274,0005-04-30 12:30:00,5,4,30,12,30,400,127.0,,,,Plein jour,Hors agglomération,Hors intersection,Normale,Deux véhicules - côté,,,,,,,,,,,1,1,1,1,3
200500023275,0005-04-08 16:45:00,5,4,8,16,45,470,19.0,,,,Plein jour,Hors agglomération,Hors intersection,Temps couvert,Autre collision,,,,,,,,,,,1,1,1,8,6
200500023276,0005-04-11 17:15:00,5,4,11,17,15,470,31.0,RUE DE LA RESISTANCE,,,Plein jour,En agglomération,Hors intersection,Normale,Autre collision,,,,,,,,,,,1,2,1,1,6
200500023277,0005-04-18 16:45:00,5,4,18,16,45,470,4.0,,,,Plein jour,Hors agglomération,Hors intersection,Pluie légère,Deux véhicules - frontale,,,,,,,,,,,1,1,1,2,1
200500023278,0005-04-30 12:30:00,5,4,30,12,30,470,38.0,,44.353,0.387,Plein jour,Hors agglomération,Hors intersection,Normale,Autre collision,,,,,,,,,,,1,1,1,1,6
200500023279,0005-04-03 15:30:00,5,4,3,15,30,470,131.0,,44.554,0.098,Plein jour,Hors agglomération,Hors intersection,Normale,Deux véhicules - frontale,,,,,,,,,,,1,1,1,1,1
200500023280,0005-04-03 00:45:00,5,4,3,0,45,470,326.0,,44.525,0.225,Nuit sans éclairage public,Hors agglomération,Hors intersection,Normale,Autre collision,,,,,,,,,,,3,1,1,1,6
200500023281,0005-04-07 15:00:00,5,4,7,15,0,470,233.0,,44.527,0.091,Plein jour,Hors agglomération,Hors intersection,Pluie légère,Autre collision,,,,,,,,,,,1,1,1,2,6
200500023282,0005-04-05 09:00:00,5,4,5,9,0,470,168.0,,44.623,0.336,Plein jour,Hors agglomération,Hors intersection,Pluie légère,Deux véhicules - frontale,,,,,,,,,,,1,1,1,2,1
200500023283,0005-04-17 04:45:00,5,4,17,4,45,470,294.0,,,,Nuit sans éclairage public,Hors agglomération,Hors intersection,Normale,Autre collision,,,,,,,,,,,3,1,1,1,6
200500023284,0005-04-02 14:00:00,5,4,2,14,0,470,253.0,,,,Plein jour,Hors agglomération,Intersection en X,Normale,Deux véhicules - côté,,,,,,,,,,,1,1,2,1,3
200500023285,0005-04-20 09:00:00,5,4,20,9,0,470,310.0,,,,Nuit sans éclairage public,Hors agglomération,Hors intersection,Normale,Autre collision,,,,,,,,,,,3,1,1,1,6
200500023286,0005-04-22 16:45:00,5,4,22,16,45,470,317.0,,,,Plein jour,Hors agglomération,Hors intersection,Pluie légère,Autre collision,,,,,,,,,,,1,1,1,2,6
200500023287,0005-04-08 11:45:00,5,4,8,11,45,470,175.0,route de Villréal,,,Plein jour,En agglomération,Hors intersection,Normale,Deux véhicules - frontale,,,,,,,,,,,1,2,1,1,1
200500023288,0005-04-18 18:15:00,5,4,18,18,15,470,228.0,,,,Plein jour,Hors agglomération,Intersection en T,Normale,Deux véhicules - côté,,,,,,,,,,,1,1,3,1,3