accident_id,datetime,annee,mois,jour,heure,minute,departement,commune_insee,adresse,latitude,longitude,luminosite,agglomeration,intersection,meteo,collision,nb_vehicules,nb_usagers,nb_indemnes,nb_tues,nb_blesses_hosp,nb_blesses_legers,age_cond_1,age_cond_2,veh_type_cond_1,veh_type_cond_2,lum_code,agg_code,int_code,atm_code,col_code
200500023289,0005-04-20 19:45:00,5,4,20,19,45,470,237.0,,44.37,0.638,Plein jour,Hors agglomération,Hors intersection,Normale,Autre collision,,,,,,,,,,,1,1,1,1,6
200500023290,0005-04-24 09:00:00,5,4,24,9,0,470,146.0,,,,Plein jour,Hors agglomération,Hors intersection,Temps couvert,Sans collision,,,,,,,,,,,1,1,1,8,7
200500023291,0005-04-11 19:00:00,5,4,11,19,0,470,179.0,"1, place de la Lémance",,,Plein jour,En agglomération,Hors intersection,Normale,Sans collision,,,,,,,,,,,1,2,1,1,7
200500023292,0005-04-29 13:15:00,5,4,29,13,15,470,106.0,CD911 -19 rue Emile Zola,,,Plein jour,En agglomération,Autre intersection,Normale,Autre collision,,,,,,,,,,,1,2,9,1,6
200500023293,0005-04-12 18:00:00,5,4,12,18,0,470,309.0,,,,Plein jour,Hors agglomération,Hors intersection,Normale,Deux véhicules - côté,,,,,,,,,,,1,1,1,1,3
200500023294,0005-04-23 20:30:00,5,4,23,20,30,640,67.0,,43.26,-0.3,Plein jour,Hors agglomération,Hors intersection,Normale,Deux véhicules - côté,,,,,,,,,,,1,1,1,1,3
200500023295,0005-04-17 05:30:00,5,4,17,5,30,640,511.0,,,,Nuit sans éclairage public,Hors agglomération,Hors intersection,Normale,Autre collision,,,,,,,,,,,3,1,1,1,6
200500023296,0005-04-06 14:15:00,5,4,6,14,15,640,558.0,,,,Plein jour,Hors agglomération,Hors intersection,Normale,Sans collision,,,,,,,,,,,1,1,1,1,7
200500023297,0005-04-20 17:00:00,5,4,20,17,0,640,124.0,,43.267,-1.323,Plein jour,Hors agglomération,Hors intersection,Pluie forte,Autre collision,,,,,,,,,,,1,1,1,3,6
200500023298,0005-04-28 02:45:00,5,4,28,2,45,640,124.0,,43.295,-1.351,Plein jour,Hors agglomération,Hors intersection,Normale,Deux véhicules - frontale,,,,,,,,,,,1,1,1,1,1
200500023299,0005-04-08 15:30:00,5,4,8,15,30,640,490.0,,,,Plein jour,Hors agglomération,Hors intersection,Pluie forte,Deux véhicules - frontale,,,,,,,,,,,1,1,1,3,1
200500023300,0005-04-22 09:30:00,5,4,22,9,30,640,436.0,,43.232,-1.301,Plein jour,Hors agglomération,Hors intersection,Pluie légère,Sans collision,,,,,,,,,,,1,1,1,2,7
200500023301,0005-04-03 04:00:00,5,4,3,4,0,640,252.0,,,,Nuit sans éclairage public,Hors agglomération,Hors intersection,Normale,Autre collision,,,,,,,,,,,3,1,1,1,6
200500023302,0005-04-05 07:30:00,5,4,5,7,30,640,62.0,Rue du Touya,,,Crépuscule ou aube,En agglomération,Hors intersection,Temps couvert,Autre collision,,,,,,,,,,,2,2,1,8,6
200500023303,0005-04-19 22:00:00,5,4,19,22,0,640,99.0,,43.345,-0.766,Nuit sans éclairage public,Hors agglomération,Hors intersection,Normale,Deux véhicules - frontale,,,,,,,,,,,3,1,1,1,1
200500023304,0005-04-22 10:45:00,5,4,22,10,45,640,359.0,,,,Plein jour,Hors agglomération,Hors intersection,Temps couvert,Deux véhicules - frontale,,,,,,,,,,,1,1,1,8,1
200500023305,0005-04-02 00:45:00,5,4,2,0,45,640,430.0,rue de l'Horloge,43.492,-0.774,Nuit avec éclairage allumé,En agglomération,Hors intersection,Normale,Autre collision,,,,,,,,,,,5,2,1,1,6
200500023306,0005-04-11 16:45:00,5,4,11,16,45,640,430.0,Avenue Georges Moutet,43.494,-0.769,Plein jour,En agglomération,Autre intersection,Normale,Deux véhicules - frontale,,,,,,,,,,,1,2,9,1,1
200500023307,0005-04-21 18:30:00,5,4,21,18,30,640,430.0,,43.491,-0.808,Plein jour,Hors agglomération,Hors intersection,Pluie légère,Deux véhicules - frontale,,,,,,,,,,,1,1,1,2,1
200500023308,0005-04-22 18:00:00,5,4,22,18,0,640,510.0,Avenue de Chalosse,43.551,-0.68,Plein jour,En agglomération,Hors intersection,Normale,Autre collision,,,,,,,,,,,1,2,1,1,6
200500023309,0005-04-08 15:15:00,5,4,8,15,15,640,541.0,l'église,43.44,-0.58,Plein jour,En agglomération,Hors intersection,Pluie forte,Autre collision,,,,,,,,,,,1,2,1,3,6
200500023310,0005-04-20 17:00:00,5,4,20,17,0,640,349.0,,,,Plein jour,Hors agglomération,Hors intersection,Pluie légère,Sans collision,,,,,,,,,,,1,1,1,2,7
200500023311,0005-04-24 15:30:00,5,4,24,15,30,640,461.0,RN117,43.53,-0.91,Plein jour,En agglomération,Autre intersection,Normale,Deux véhicules - côté,,,,,,,,,,,1,2,9,1,3
200500023312,0005-04-06 19:00:00,5,4,6,19,0,860,24.0,,46.57,0.16,Plein jour,Hors agglomération,Hors intersection,Normale,Sans collision,,,,,,,,,,,1,1,1,1,7
200500023313,0005-04-23 01:30:00,5,4,23,1,30,860,300.0,LE PETIT YVERSAY,,,Nuit sans éclairage public,En agglomération,Hors intersection,Temps couvert,Autre collision,,,,,,,,,,,3,2,1,8,6
200500023314,0005-04-30 17:30:00,5,4,30,17,30,860,48.0,16 rue du Prias,,,Plein jour,En agglomération,Hors intersection,Normale,Autre collision,,,,,,,,,,,1,2,1,1,6
200500023315,0005-04-28 18:45:00,5,4,28,18,45,860,209.0,,46.487,0.335,Plein jour,Hors agglomération,Hors intersection,Normale,Deux véhicules - frontale,,,,,,,,,,,1,1,1,1,1
200500023316,0005-04-20 11:00:00,5,4,20,11,0,860,92.0,,46.958,0.605,Plein jour,Hors agglomération,Autre intersection,Normale,Deux véhicules - frontale,,,,,,,,,,,1,1,9,1,1
200500023317,0005-04-16 05:00:00,5,4,16,5,0,860,224.0,,,,Nuit sans éclairage public,Hors agglomération,Hors intersection,Pluie légère,Deux véhicules - côté,,,,,,,,,,,3,1,1,2,3
200500023318,0005-04-24 14:15:00,5,4,24,14,15,860,18.0,,47.039,0.123,Plein jour,Hors agglomération,Intersection en X,Normale,Deux véhicules - côté,,,,,,,,,,,1,1,2,1,3
200500023319,0005-04-22 15:45:00,5,4,22,15,45,860,193.0,,,,Plein jour,Hors agglomération,Hors intersection,Normale,Autre collision,,,,,,,,,,,1,1,1,1,6
200500023320,0005-04-30 18:00:00,5,4,30,18,0,860,87.0,,,,Plein jour,Hors agglomération,Intersection en X,Normale,Deux véhicules - côté,,,,,,,,,,,1,1,2,1,3
200500023321,0005-04-03 20:15:00,5,4,3,20,15,160,4.0,,45.439,0.142,Nuit sans éclairage public,Hors agglomération,Hors intersection,Normale,Sans collision,,,,,,,,,,,3,1,1,1,7
200500023322,0005-04-03 10:45:00,5,4,3,10,45,160,276.0,,,,Plein jour,Hors agglomération,Hors intersection,Normale,Deux véhicules - frontale,,,,,,,,,,,1,1,1,1,1
200500023323,0005-04-10 05:30:00,5,4,10,5,30,160,105.0,,,,Nuit sans éclairage public,Hors agglomération,Hors intersection,Normale,Autre collision,,,,,,,,,,,3,1,1,1,6
200500023324,0005-04-15 14:15:00,5,4,15,14,15,160,380.0,,45.39,-0.2,Plein jour,Hors agglomération,Hors intersection,Normale,Autre collision,,,,,,,,,,,1,1,1,1,6
200500023325,0005-04-16 10:45:00,5,4,16,10,45,160,28.0,,45.47,-0.06,Nuit sans éclairage public,Hors agglomération,Hors intersection,Pluie légère,Sans collision,,,,,,,,,,,3,1,1,2,7
200500023326,0005-04-29 19:30:00,5,4,29,19,30,160,160.0,,45.46,-0.23,Plein jour,Hors agglomération,Hors intersection,Normale,Deux véhicules - arrière,,,,,,,,,,,1,1,1,1,2
200500023327,0005-04-03 14:45:00,5,4,3,14,45,160,322.0,RUE PRINCIPALE,46.053,0.686,Plein jour,En agglomération,Hors intersection,Normale,Deux véhicules - frontale,,,,,,,,,,,1,2,1,1,1
200500023328,0005-04-09 10:30:00,5,4,9,10,30,160,106.0,12 rue Emile Roux,,,Plein jour,En agglomération,Hors intersection,Normale,Autre collision,,,,,,,,,,,1,2,1,1,6
200500023329,0005-04-23 11:00:00,5,4,23,11,0,160,78.0,CD 12 route d'Agris,45.693,0.19,Plein jour,En agglomération,Hors intersection,Temps couvert,Deux véhicules - arrière,,,,,,,,,,,1,2,1,8,2
200500023330,0005-04-06 20:15:00,5,4,6,20,15,160,282.0,,,,Crépuscule ou aube,Hors agglomération,Hors intersection,Normale,Sans collision,,,,,,,,,,,2,1,1,1,7
200500023331,0005-04-29 16:15:00,5,4,29,16,15,160,383.0,,,,Plein jour,Hors agglomération,Hors intersection,Normale,Deux véhicules - côté,,,,,,,,,,,1,1,1,1,3
200500023332,0005-04-05 16:00:00,5,4,5,16,0,160,368.0,,45.605,0.312,Plein jour,Hors agglomération,Hors intersection,Normale,Autre collision,,,,,,,,,,,1,1,1,1,6
200500023333,0005-04-22 18:15:00,5,4,22,18,15,170,194.0,Route de Croix Chapeau,,,Plein jour,En agglomération,Hors intersection,Pluie forte,Autre collision,,,,,,,,,,,1,2,1,3,6
200500023334,0005-04-27 18:00:00,5,4,27,18,0,170,161.0,,,,Plein jour,Hors agglomération,Giratoire,Normale,Autre collision,,,,,,,,,,,1,1,6,1,6
200500023335,0005-04-18 15:30:00,5,4,18,15,30,170,240.0,Avenue de la République,45.289,-0.404,Plein jour,En agglomération,Hors intersection,Normale,Deux véhicules - frontale,,,,,,,,,,,1,2,1,1,1
200500023336,0005-04-22 09:45:00,5,4,22,9,45,170,241.0,,45.213,-0.185,Plein jour,Hors agglomération,Hors intersection,Pluie légère,Sans collision,,,,,,,,,,,1,1,1,2,7
200500023337,0005-04-13 16:45:00,5,4,13,16,45,170,93.0,,45.874,-1.213,Plein jour,Hors agglomération,Hors intersection,Normale,Deux véhicules - arrière,,,,,,,,,,,1,1,1,1,2
200500023338,0005-04-27 08:30:00,5,4,27,8,30,170,337.0,Avenue du Trait d'Union,,,Plein jour,En agglomération,Hors intersection,Normale,Deux véhicules - frontale,,,,,,,,,,,1,2,1,1,1
200500023339,0005-04-29 09:00:00,5,4,29,9,0,170,385.0,,45.921,-1.329,Plein jour,En agglomération,Intersection en X,Normale,Deux véhicules - frontale,,,,,,,,,,,1,2,2,1,1
200500023340,0005-04-16 19:15:00,5,4,16,19,15,170,452.0,"14, av côte de Beauté",,,Plein jour,En agglomération,Hors intersection,Normale,Deux véhicules - arrière,,,,,,,,,,,1,2,1,1,2
200500023341,0005-04-30 02:45:00,5,4,30,2,45,170,21.0,RUE BERNARD DE COU,,,Nuit sans éclairage public,En agglomération,Hors intersection,Normale,Autre collision,,,,,,,,,,,3,2,1,1,6
200500023342,0005-04-30 21:45:00,5,4,30,21,45,170,452.0,,45.79,-1.157,Nuit avec éclairage allumé,Hors agglomération,Giratoire,Normale,Autre collision,,,,,,,,,,,5,1,6,1,6
200500023343,0005-04-03 11:45:00,5,4,3,11,45,170,63.0,"Lieu dit ""DISSE""",,,Plein jour,En agglomération,Intersection en T,Normale,Deux véhicules - côté,,,,,,,,,,,1,2,3,1,3
200500023344,0005-04-10 06:00:00,5,4,10,6,0,170,434.0,,,,Crépuscule ou aube,Hors agglomération,Hors intersection,Normale,Autre collision,,,,,,,,,,,2,1,1,1,6
200500023345,0005-04-18 21:15:00,5,4,18,21,15,170,293.0,,,,Nuit sans éclairage public,Hors agglomération,Hors intersection,Pluie légère,Autre collision,,,,,,,,,,,3,1,1,2,6
200500023346,0005-04-23 09:15:00,5,4,23,9,15,170,203.0,,,,Plein jour,Hors agglomération,Hors intersection,Pluie légère,Deux véhicules - frontale,,,,,,,,,,,1,1,1,2,1
200500023347,0005-04-07 17:45:00,5,4,7,17,45,170,275.0,,,,Plein jour,Hors agglomération,Hors intersection,Pluie forte,Autre collision,,,,,,,,,,,1,1,1,3,6
200500023348,0005-04-11 14:45:00,5,4,11,14,45,170,141.0,,45.711,-0.48,Plein jour,Hors agglomération,Hors intersection,Pluie légère,Autre collision,,,,,,,,,,,1,1,1,2,6
200500023349,0005-04-09 05:30:00,5,4,9,5,30,170,262.0,,45.75,-0.709,Nuit sans éclairage public,Hors agglomération,Hors intersection,Normale,Autre collision,,,,,,,,,,,3,1,1,1,6
200500023350,0005-04-11 10:15:00,5,4,11,10,15,170,86.0,,45.734,-0.529,Plein jour,Hors agglomération,Hors intersection,Normale,Deux véhicules - frontale,,,,,,,,,,,1,1,1,1,1
200500023351,0005-04-12 17:15:00,5,4,12,17,15,170,387.0,rue nationale,45.825,-0.783,Plein jour,En agglomération,Hors intersection,Normale,Trois véhicules et plus - collisions multiples,,,,,,,,,,,1,2,1,1,5
200500023352,0005-04-21 18:45:00,5,4,21,18,45,170,444.0,,45.66,-0.66,Plein jour,Hors agglomération,Hors intersection,Normale,Deux véhicules - côté,,,,,,,,,,,1,1,1,1,3
200500023353,0005-04-22 18:15:00,5,4,22,18,15,170,73.0,,,,Plein jour,Hors agglomération,Hors intersection,Normale,Trois véhicules et plus - en chaîne,,,,,,,,,,,1,1,1,1,4
200500023354,0005-04-28 08:00:00,5,4,28,8,0,170,171.0,,45.861,-0.759,Plein jour,Hors agglomération,Hors intersection,Normale,Autre collision,,,,,,,,,,,1,1,1,1,6
200500023355,0005-04-04 17:30:00,5,4,4,17,30,170,39.0,,45.545,-0.558,Plein jour,Hors agglomération,Hors intersection,Normale,Trois véhicules et plus - collisions multiples,,,,,,,,,,,1,1,1,1,5
200500023356,0005-04-30 04:00:00,5,4,30,4,0,170,39.0,,45.54,-0.55,Nuit sans éclairage public,Hors agglomération,Hors intersection,Normale,Sans collision,,,,,,,,,,,3,1,1,1,7
200500023357,0005-04-06 15:45:00,5,4,6,15,45,170,421.0,rue Carnot,,,Plein jour,En agglomération,Hors intersection,Normale,Autre collision,,,,,,,,,,,1,2,1,1,6
200500023358,0005-04-10 23:15:00,5,4,10,23,15,170,307.0,Rue de Toulon,,,Nuit sans éclairage public,En agglomération,Hors intersection,Normale,Sans collision,,,,,,,,,,,3,2,1,1,7
200500023359,0005-04-06 00:15:00,5,4,6,0,15,170,436.0,,,,Nuit sans éclairage public,Hors agglomération,Hors intersection,Normale,Autre collision,,,,,,,,,,,3,1,1,1,6
200500023360,0005-04-27 06:00:00,5,4,27,6,0,170,350.0,,,,Crépuscule ou aube,Hors agglomération,Hors intersection,Normale,Sans collision,,,,,,,,,,,2,1,1,1,7
200500023361,0005-04-21 00:15:00,5,4,21,0,15,170,48.0,,45.879,-0.377,Nuit sans éclairage public,Hors agglomération,Hors intersection,Normale,Autre collision,,,,,,,,,,,3,1,1,1,6
200500023362,0005-04-27 16:30:00,5,4,27,16,30,170,224.0,Bld ST HERIE,45.867,-0.328,Plein jour,En agglomération,Hors intersection,Normale,Autre collision,,,,,,,,,,,1,2,1,1,6
200500023363,0005-04-15 04:45:00,5,4,15,4,45,790,216.0,,46.244,-0.311,Nuit sans éclairage public,Hors agglomération,Hors intersection,Temps couvert,Autre collision,,,,,,,,,,,3,1,1,8,6
200500023364,0005-04-18 11:45:00,5,4,18,11,45,790,216.0,rue de Brioux,46.263,-0.342,Plein jour,En agglomération,Hors intersection,Pluie forte,Deux véhicules - côté,,,,,,,,,,,1,2,1,3,3
200500023365,0005-04-19 12:00:00,5,4,19,12,0,790,137.0,,46.223,-0.467,Plein jour,Hors agglomération,Hors intersection,Pluie légère,Deux véhicules - côté,,,,,,,,,,,1,1,1,2,3
200500023366,0005-04-19 19:00:00,5,4,19,19,0,790,276.0,,,,Plein jour,Hors agglomération,Hors intersection,Normale,Autre collision,,,,,,,,,,,1,1,1,1,6
200500023367,0005-04-30 01:15:00,5,4,30,1,15,790,184.0,,,,Nuit sans éclairage public,Hors agglomération,Hors intersection,Normale,Autre collision,,,,,,,,,,,3,1,1,1,6
200500023368,0005-04-23 19:45:00,5,4,23,19,45,790,296.0,ALLEE DE LA COLLINE,,,Plein jour,En agglomération,Hors intersection,Normale,Deux véhicules - frontale,,,,,,,,,,,1,2,1,1,1
200500023369,0005-04-04 23:30:00,5,4,4,23,30,790,174.0,Route de beausoleil,,,Nuit avec éclairage allumé,En agglomération,Hors intersection,Normale,Autre collision,,,,,,,,,,,5,2,1,1,6
200500023370,0005-04-20 16:45:00,5,4,20,16,45,790,352.0,,,,Plein jour,Hors agglomération,Hors intersection,Normale,Autre collision,,,,,,,,,,,1,1,1,1,6
200500023371,0005-04-08 19:45:00,5,4,8,19,45,790,16.0,,,,Plein jour,Hors agglomération,Hors intersection,Neige / grêle,Sans collision,,,,,,,,,,,1,1,1,4,7
200500023372,0005-04-21 12:30:00,5,4,21,12,30,790,325.0,,,,Plein jour,Hors agglomération,Hors intersection,Normale,Deux véhicules - côté,,,,,,,,,,,1,1,1,1,3
200500023373,0005-04-16 06:00:00,5,4,16,6,0,870,1.0,,45.801,1.148,Nuit avec éclairage allumé,Hors agglomération,Hors intersection,Temps couvert,Autre collision,,,,,,,,,,,5,1,1,8,6
200500023374,0005-04-16 02:45:00,5,4,16,2,45,870,21.0,route de Beynac,45.785,1.192,Nuit avec éclairage allumé,En agglomération,Hors intersection,Pluie légère,Autre collision,,,,,,,,,,,5,2,1,2,6
200500023375,0005-04-02 19:00:00,5,4,2,19,0,870,2.0,Pierre et Marie Curie,45.96,1.39,Plein jour,En agglomération,Hors intersection,Normale,Deux véhicules - côté,,,,,,,,,,,1,2,1,1,3
200500023376,0005-04-01 18:30:00,5,4,1,18,30,870,187.0,,45.51,1.17,Plein jour,Hors agglomération,Hors intersection,Normale,Deux véhicules - frontale,,,,,,,,,,,1,1,1,1,1
200500023377,0005-04-21 16:30:00,5,4,21,16,30,870,49.0,,,,Plein jour,Hors agglomération,Hors intersection,Normale,Deux véhicules - frontale,,,,,,,,,,,1,1,1,1,1
200500023378,0005-04-06 18:45:00,5,4,6,18,45,870,59.0,François de la Josnières,,,Plein jour,En agglomération,Autre intersection,Normale,Autre collision,,,,,,,,,,,1,2,9,1,6
200500023379,0005-04-08 19:00:00,5,4,8,19,0,870,12.0,,,,Crépuscule ou aube,Hors agglomération,Hors intersection,Pluie légère,Deux véhicules - côté,,,,,,,,,,,2,1,1,2,3
200500023380,0005-04-15 11:15:00,5,4,15,11,15,870,12.0,,,,Plein jour,Hors agglomération,Hors intersection,Pluie légère,Deux véhicules - frontale,,,,,,,,,,,1,1,1,2,1
200500023381,0005-04-25 17:15:00,5,4,25,17,15,870,139.0,,46.18,0.946,Plein jour,Hors agglomération,Hors intersection,Temps couvert,Trois véhicules et plus - collisions multiples,,,,,,,,,,,1,1,1,8,5
200500023382,0005-04-09 08:15:00,5,4,9,8,15,870,180.0,,46.207,1.346,Plein jour,Hors agglomération,Hors intersection,Neige / grêle,Deux véhicules - côté,,,,,,,,,,,1,1,1,4,3
200500023383,0005-04-27 22:15:00,5,4,27,22,15,870,89.0,,46.197,1.122,Nuit sans éclairage public,Hors agglomération,Hors intersection,Normale,Sans collision,,,,,,,,,,,3,1,1,1,7
200500023384,0005-04-06 20:45:00,5,4,6,20,45,870,131.0,,,,Nuit sans éclairage public,Hors agglomération,Hors intersection,Normale,Sans collision,,,,,,,,,,,3,1,1,1,7
200500023385,0005-04-13 21:45:00,5,4,13,21,45,190,85.0,,45.31,1.85,Nuit sans éclairage public,Hors agglomération,Hors intersection,Normale,Autre collision,,,,,,,,,,,3,1,1,1,6
200500023386,0005-04-18 22:00:00,5,4,18,22,0,190,73.0,,,,Nuit sans éclairage public,Hors agglomération,Hors intersection,Normale,Sans collision,,,,,,,,,,,3,1,1,1,7
200500023387,0005-04-12 17:45:00,5,4,12,17,45,190,276.0,,45.401,1.574,Plein jour,Hors agglomération,Hors intersection,Normale,Deux véhicules - côté,,,,,,,,,,,1,1,1,1,3
200500023388,0005-04-01 22:00:00,5,4,1,22,0,190,124.0,La RIVIERE DE MANSAC,,,Nuit avec éclairage allumé,En agglomération,Hors intersection,Normale,Deux véhicules - côté,,,,,,,,,,,5,2,1,1,3
200500023389,0005-04-08 10:15:00,5,4,8,10,15,190,66.0,,,,Plein jour,Hors agglomération,Hors intersection,Pluie légère,Autre collision,,,,,,,,,,,1,1,1,2,6
200500023390,0005-04-28 17:00:00,5,4,28,17,0,190,123.0,ZONE DU MOULIN,,,Plein jour,En agglomération,Giratoire,Normale,Autre collision,,,,,,,,,,,1,2,6,1,6
200500023391,0005-04-01 18:45:00,5,4,1,18,45,230,149.0,,46.205,2.117,Plein jour,Hors agglomération,Hors intersection,Normale,Autre collision,,,,,,,,,,,1,1,1,1,6
200500023392,0005-04-30 22:15:00,5,4,30,22,15,230,143.0,,46.227,1.716,Nuit sans éclairage public,Hors agglomération,Hors intersection,Normale,Autre collision,,,,,,,,,,,3,1,1,1,6
200500023393,0005-04-28 14:00:00,5,4,28,14,0,230,116.0,,46.052,2.392,Plein jour,Hors agglomération,Hors intersection,Normale,Autre collision,,,,,,,,,,,1,1,1,1,6
200500023394,0005-04-02 09:45:00,5,4,2,9,45,230,67.0,,45.697,2.258,Plein jour,Hors agglomération,Hors intersection,Normale,Deux véhicules - frontale,,,,,,,,,,,1,1,1,1,1
200500023395,0005-04-14 19:15:00,5,4,14,19,15,230,76.0,,46.186,2.506,Plein jour,Hors agglomération,Hors intersection,Normale,Sans collision,,,,,,,,,,,1,1,1,1,7
200500023396,0005-04-05 07:45:00,5,4,5,7,45,310,118.0,,43.797,1.353,Plein jour,Hors agglomération,Hors intersection,Normale,Autre collision,,,,,,,,,,,1,1,1,1,6
200500023397,0005-04-16 11:45:00,5,4,16,11,45,310,579.0,,43.76,1.509,Plein jour,Hors agglomération,Hors intersection,Normale,Sans collision,,,,,,,,,,,1,1,1,1,7
200500023398,0005-04-30 18:00:00,5,4,30,18,0,310,459.0,,43.741,1.635,Plein jour,Hors agglomération,Hors intersection,Normale,Sans collision,,,,,,,,,,,1,1,1,1,7
200500023399,0005-04-27 11:30:00,5,4,27,11,30,310,341.0,,43.732,1.302,Plein jour,Hors agglomération,Hors intersection,Normale,Deux véhicules - frontale,,,,,,,,,,,1,1,1,1,1
200500023400,0005-04-01 07:15:00,5,4,1,7,15,310,424.0,rue des Ecoles,43.571,1.298,Nuit avec éclairage allumé,En agglomération,Hors intersection,Normale,Deux véhicules - côté,,,,,,,,,,,5,2,1,1,3
200500023401,0005-04-03 19:00:00,5,4,3,19,0,310,424.0,Avenue des pyrénnées,,,Plein jour,En agglomération,Hors intersection,Normale,Deux véhicules - côté,,,,,,,,,,,1,2,1,1,3
200500023402,0005-04-07 22:15:00,5,4,7,22,15,310,417.0,,43.641,1.229,Nuit sans éclairage public,Hors agglomération,Hors intersection,Pluie légère,Sans collision,,,,,,,,,,,3,1,1,2,7
200500023403,0005-04-08 20:15:00,5,4,8,20,15,310,433.0,CARREFOUR CD 20 ET CD 24,43.53,1.403,Nuit avec éclairage allumé,En agglomération,Intersection en X,Pluie légère,Deux véhicules - côté,,,,,,,,,,,5,2,2,2,3
200500023404,0005-04-30 19:15:00,5,4,30,19,15,310,420.0,avenue des Pyrénées,43.499,1.397,Plein jour,En agglomération,Hors intersection,Normale,Autre collision,,,,,,,,,,,1,2,1,1,6
200500023405,0005-04-02 01:00:00,5,4,2,1,0,310,117.0,,,,Nuit sans éclairage public,Hors agglomération,Hors intersection,Autre,Sans collision,,,,,,,,,,,3,1,1,9,7
200500023406,0005-04-07 12:45:00,5,4,7,12,45,310,395.0,,43.466,1.268,Plein jour,Hors agglomération,Hors intersection,Normale,Autre collision,,,,,,,,,,,1,1,1,1,6
200500023407,0005-04-24 19:00:00,5,4,24,19,0,310,248.0,,43.478,1.398,Plein jour,Hors agglomération,Hors intersection,Pluie légère,Trois véhicules et plus - en chaîne,,,,,,,,,,,1,1,1,2,4
200500023408,0005-04-02 18:15:00,5,4,2,18,15,310,517.0,,,,Plein jour,Hors agglomération,Hors intersection,Vent fort / tempête,Sans collision,,,,,,,,,,,1,1,1,6,7
200500023409,0005-04-10 11:45:00,5,4,10,11,45,310,365.0,,,,Plein jour,Hors agglomération,Hors intersection,Pluie légère,Autre collision,,,,,,,,,,,1,1,1,2,6
200500023410,0005-04-01 16:30:00,5,4,1,16,30,310,585.0,,43.123,0.661,Plein jour,En agglomération,Hors intersection,Normale,Deux véhicules - arrière,,,,,,,,,,,1,2,1,1,2
200500023411,0005-04-09 15:00:00,5,4,9,15,0,310,251.0,,43.335,0.948,Plein jour,Hors agglomération,Hors intersection,Vent fort / tempête,Sans collision,,,,,,,,,,,1,1,1,6,7
200500023412,0005-04-19 17:15:00,5,4,19,17,15,310,477.0,PK 24+600,,,Plein jour,En agglomération,Hors intersection,Temps couvert,Autre collision,,,,,,,,,,,1,2,1,8,6
200500023413,0005-04-11 12:15:00,5,4,11,12,15,310,210.0,,43.39,1.68,Plein jour,En agglomération,Hors intersection,Normale,Deux véhicules - frontale,,,,,,,,,,,1,2,1,1,1
200500023414,0005-04-17 11:30:00,5,4,17,11,30,310,332.0,,43.36,1.54,Plein jour,Hors agglomération,Hors intersection,Normale,Autre collision,,,,,,,,,,,1,1,1,1,6
200500023415,0005-04-26 08:30:00,5,4,26,8,30,310,54.0,,43.356,1.742,Plein jour,Hors agglomération,Hors intersection,Normale,Autre collision,,,,,,,,,,,1,1,1,1,6
200500023416,0005-04-28 16:45:00,5,4,28,16,45,310,100.0,,43.274,1.637,Plein jour,Hors agglomération,Hors intersection,Normale,Sans collision,,,,,,,,,,,1,1,1,1,7
200500023417,0005-04-30 06:45:00,5,4,30,6,45,310,179.0,,43.576,1.812,Crépuscule ou aube,Hors agglomération,Hors intersection,Normale,Autre collision,,,,,,,,,,,2,1,1,1,6
200500023418,0005-04-05 17:45:00,5,4,5,17,45,310,57.0,,43.513,1.558,Plein jour,Hors agglomération,Hors intersection,Normale,Deux véhicules - arrière,,,,,,,,,,,1,1,1,1,2
200500023419,0005-04-16 17:15:00,5,4,16,17,15,310,478.0,Le Bourg,43.452,1.885,Plein jour,En agglomération,Hors intersection,Pluie légère,Deux véhicules - frontale,,,,,,,,,,,1,2,1,2,1
200500023420,0005-04-17 06:30:00,5,4,17,6,30,310,451.0,,,,Nuit sans éclairage public,Hors agglomération,Hors intersection,Normale,Autre collision,,,,,,,,,,,3,1,1,1,6
200500023421,0005-04-18 16:15:00,5,4,18,16,15,310,451.0,Beauséjour - CD 622,43.459,1.996,Plein jour,En agglomération,Hors intersection,Normale,Autre collision,,,,,,,,,,,1,2,1,1,6
200500023422,0005-04-25 21:30:00,5,4,25,21,30,310,451.0,Route de Castres,43.467,2.007,Nuit avec éclairage allumé,En agglomération,Hors intersection,Normale,Deux véhicules - côté,,,,,,,,,,,5,2,1,1,3
200500023423,0005-04-16 14:45:00,5,4,16,14,45,90,327.0,,42.996,1.743,Plein jour,Hors agglomération,Hors intersection,Normale,Sans collision,,,,,,,,,,,1,1,1,1,7
200500023424,0005-04-30 17:30:00,5,4,30,17,30,90,282.0,,,,Plein jour,Hors agglomération,Hors intersection,Normale,Deux véhicules - côté,,,,,,,,,,,1,1,1,1,3
200500023425,0005-04-15 15:15:00,5,4,15,15,15,90,109.0,,,,Plein jour,Hors agglomération,Hors intersection,Pluie légère,Sans collision,,,,,,,,,,,1,1,1,2,7