accident_id,datetime,annee,mois,jour,heure,minute,departement,commune_insee,adresse,latitude,longitude,luminosite,agglomeration,intersection,meteo,collision,nb_vehicules,nb_usagers,nb_indemnes,nb_tues,nb_blesses_hosp,nb_blesses_legers,age_cond_1,age_cond_2,veh_type_cond_1,veh_type_cond_2,lum_code,agg_code,int_code,atm_code,col_code
200500023564,0005-04-15 17:45:00,5,4,15,17,45,70,280.0,,44.332,4.155,Plein jour,Hors agglomération,Hors intersection,Pluie forte,Deux véhicules - frontale,,,,,,,,,,,1,1,1,3,1
200500023565,0005-04-05 14:30:00,5,4,5,14,30,70,169.0,,,,Plein jour,Hors agglomération,Hors intersection,Normale,Deux véhicules - côté,,,,,,,,,,,1,1,1,1,3
200500023566,0005-04-27 13:15:00,5,4,27,13,15,70,217.0,,,,Plein jour,Hors agglomération,Hors intersection,Normale,Trois véhicules et plus - collisions multiples,,,,,,,,,,,1,1,1,1,5
200500023567,0005-04-04 19:45:00,5,4,4,19,45,70,129.0,,,,Plein jour,En agglomération,Hors intersection,Normale,Sans collision,,,,,,,,,,,1,2,1,1,7
200500023568,0005-04-25 20:15:00,5,4,25,20,15,70,338.0,,44.896,4.631,Crépuscule ou aube,Hors agglomération,Hors intersection,Normale,Autre collision,,,,,,,,,,,2,1,1,1,6
200500023569,0005-04-03 05:30:00,5,4,3,5,30,260,197.0,,44.93,5.05,Nuit sans éclairage public,Hors agglomération,Hors intersection,Normale,Autre collision,,,,,,,,,,,3,1,1,1,6
200500023570,0005-04-05 15:00:00,5,4,5,15,0,260,64.0,,44.918,5.02,Plein jour,Hors agglomération,Giratoire,Normale,Deux véhicules - côté,,,,,,,,,,,1,1,6,1,3
200500023571,0005-04-01 20:15:00,5,4,1,20,15,260,108.0,quai Maurice FAURE,,,Crépuscule ou aube,En agglomération,Hors intersection,Normale,Autre collision,,,,,,,,,,,2,2,1,1,6
200500023572,0005-04-07 20:15:00,5,4,7,20,15,260,108.0,,44.743,5.004,Plein jour,Hors agglomération,Giratoire,Normale,Autre collision,,,,,,,,,,,1,1,6,1,6
200500023573,0005-04-07 18:00:00,5,4,7,18,0,260,165.0,AVENUE LEON AUBIN,,,Plein jour,En agglomération,Hors intersection,Normale,Deux véhicules - côté,,,,,,,,,,,1,2,1,1,3
200500023574,0005-04-21 22:45:00,5,4,21,22,45,260,208.0,,44.806,4.951,Nuit sans éclairage public,Hors agglomération,Hors intersection,Normale,Sans collision,,,,,,,,,,,3,1,1,1,7
200500023575,0005-04-12 22:00:00,5,4,12,22,0,260,40.0,,44.567,5.544,Nuit sans éclairage public,Hors agglomération,Autre intersection,Normale,Autre collision,,,,,,,,,,,3,1,9,1,6
200500023576,0005-04-06 08:15:00,5,4,6,8,15,260,116.0,,44.437,4.727,Plein jour,Hors agglomération,Hors intersection,Normale,Trois véhicules et plus - collisions multiples,,,,,,,,,,,1,1,1,1,5
200500023577,0005-04-29 08:30:00,5,4,29,8,30,260,324.0,,,,Plein jour,Hors agglomération,Hors intersection,Normale,Deux véhicules - frontale,,,,,,,,,,,1,1,1,1,1
200500023578,0005-04-13 17:15:00,5,4,13,17,15,260,326.0,,44.333,4.82,Plein jour,Hors agglomération,Hors intersection,Normale,Autre collision,,,,,,,,,,,1,1,1,1,6
200500023579,0005-04-26 13:45:00,5,4,26,13,45,260,345.0,,44.291,4.821,Plein jour,Hors agglomération,Hors intersection,Normale,Deux véhicules - arrière,,,,,,,,,,,1,1,1,1,2
200500023580,0005-04-26 16:45:00,5,4,26,16,45,260,340.0,,,,Plein jour,Hors agglomération,Hors intersection,Normale,Deux véhicules - côté,,,,,,,,,,,1,1,1,1,3
200500023581,0005-04-01 20:15:00,5,4,1,20,15,260,96.0,,,,Plein jour,Hors agglomération,Intersection en X,Normale,Deux véhicules - côté,,,,,,,,,,,1,1,2,1,3
200500023582,0005-04-05 08:00:00,5,4,5,8,0,260,301.0,,,,Plein jour,Hors agglomération,Hors intersection,Normale,Deux véhicules - frontale,,,,,,,,,,,1,1,1,1,1
200500023583,0005-04-26 16:45:00,5,4,26,16,45,260,231.0,,45.102,5.046,Plein jour,Hors agglomération,Hors intersection,Normale,Deux véhicules - frontale,,,,,,,,,,,1,1,1,1,1
200500023584,0005-04-19 12:00:00,5,4,19,12,0,260,155.0,,45.344,4.981,Plein jour,Hors agglomération,Intersection en X,Normale,Deux véhicules - côté,,,,,,,,,,,1,1,2,1,3
200500023585,0005-04-23 05:45:00,5,4,23,5,45,260,172.0,,,,Nuit sans éclairage public,Hors agglomération,Hors intersection,Pluie légère,Sans collision,,,,,,,,,,,3,1,1,2,7
200500023586,0005-04-10 18:30:00,5,4,10,18,30,260,320.0,,45.068,5.244,Plein jour,Hors agglomération,Hors intersection,Normale,Deux véhicules - frontale,,,,,,,,,,,1,1,1,1,1
200500023587,0005-04-02 17:30:00,5,4,2,17,30,260,325.0,rue du Terraly,45.307,4.814,Plein jour,En agglomération,Autre intersection,Normale,Deux véhicules - frontale,,,,,,,,,,,1,2,9,1,1
200500023588,0005-04-03 08:00:00,5,4,3,8,0,260,332.0,rue Poulenard,45.189,4.867,Plein jour,En agglomération,Hors intersection,Normale,Autre collision,,,,,,,,,,,1,2,1,1,6
200500023589,0005-04-22 11:15:00,5,4,22,11,15,260,10.0,,45.27,4.86,Plein jour,Hors agglomération,Intersection en X,Temps éblouissant,Deux véhicules - côté,,,,,,,,,,,1,1,2,7,3
200500023590,0005-04-15 10:15:00,5,4,15,10,15,260,179.0,,45.075,4.87,Plein jour,Hors agglomération,Hors intersection,Pluie légère,Deux véhicules - frontale,,,,,,,,,,,1,1,1,2,1
200500023591,0005-04-22 08:15:00,5,4,22,8,15,260,347.0,,,,Plein jour,Hors agglomération,Hors intersection,Normale,Sans collision,,,,,,,,,,,1,1,1,1,7
200500023592,0005-04-30 19:15:00,5,4,30,19,15,380,350.0,D 290,,,Plein jour,En agglomération,Hors intersection,Normale,Deux véhicules - côté,,,,,,,,,,,1,2,1,1,3
200500023593,0005-04-03 15:15:00,5,4,3,15,15,380,317.0,Cours Saint André,,,Plein jour,En agglomération,Hors intersection,Normale,Deux véhicules - côté,,,,,,,,,,,1,2,1,1,3
200500023594,0005-04-20 03:15:00,5,4,20,3,15,380,412.0,Avenue . Hugo,,,Nuit avec éclairage allumé,En agglomération,Autre intersection,Pluie légère,Autre collision,,,,,,,,,,,5,2,9,2,6
200500023595,0005-04-01 21:30:00,5,4,1,21,30,380,540.0,,,,Nuit sans éclairage public,Hors agglomération,Autre intersection,Normale,Deux véhicules - côté,,,,,,,,,,,3,1,9,1,3
200500023596,0005-04-16 02:15:00,5,4,16,2,15,380,2.0,,45.279,5.988,Nuit sans éclairage public,Hors agglomération,Hors intersection,Neige / grêle,Autre collision,,,,,,,,,,,3,1,1,4,6
200500023597,0005-04-05 22:45:00,5,4,5,22,45,380,548.0,,45.091,5.555,Nuit avec éclairage allumé,Hors agglomération,Hors intersection,Normale,Sans collision,,,,,,,,,,,5,1,1,1,7
200500023598,0005-04-22 19:15:00,5,4,22,19,15,380,254.0,,45.008,5.702,Plein jour,Hors agglomération,Hors intersection,Normale,Deux véhicules - frontale,,,,,,,,,,,1,1,1,1,1
200500023599,0005-04-14 17:30:00,5,4,14,17,30,380,456.0,,,,Plein jour,Hors agglomération,Hors intersection,Normale,Autre collision,,,,,,,,,,,1,1,1,1,6
200500023600,0005-04-30 18:15:00,5,4,30,18,15,380,562.0,,45.087,5.765,Plein jour,Hors agglomération,Intersection en X,Normale,Deux véhicules - côté,,,,,,,,,,,1,1,2,1,3
200500023601,0005-04-04 21:15:00,5,4,4,21,15,380,310.0,,45.277,5.48,Nuit sans éclairage public,Hors agglomération,Hors intersection,Normale,Sans collision,,,,,,,,,,,3,1,1,1,7
200500023602,0005-04-07 06:30:00,5,4,7,6,30,380,53.0,,45.589,5.309,Nuit sans éclairage public,Hors agglomération,Hors intersection,Temps couvert,Autre collision,,,,,,,,,,,3,1,1,8,6
200500023603,0005-04-30 13:00:00,5,4,30,13,0,380,455.0,,45.625,5.353,Plein jour,Hors agglomération,Hors intersection,Normale,Deux véhicules - côté,,,,,,,,,,,1,1,1,1,3
200500023604,0005-04-03 19:45:00,5,4,3,19,45,380,535.0,,45.78,5.272,Crépuscule ou aube,Hors agglomération,Hors intersection,Normale,Deux véhicules - frontale,,,,,,,,,,,2,1,1,1,1
200500023605,0005-04-15 23:15:00,5,4,15,23,15,380,451.0,,45.757,5.216,Nuit avec éclairage allumé,En agglomération,Intersection en X,Pluie forte,Deux véhicules - côté,,,,,,,,,,,5,2,2,3,3
200500023606,0005-04-02 15:30:00,5,4,2,15,30,380,380.0,,45.457,5.34,Plein jour,Hors agglomération,Hors intersection,Normale,Autre collision,,,,,,,,,,,1,1,1,1,6
200500023607,0005-04-21 15:15:00,5,4,21,15,15,380,182.0,Rue pasteur,45.402,5.425,Plein jour,En agglomération,Hors intersection,Normale,Deux véhicules - frontale,,,,,,,,,,,1,2,1,1,1
200500023608,0005-04-15 05:00:00,5,4,15,5,0,380,82.0,,45.412,5.534,Nuit sans éclairage public,Hors agglomération,Hors intersection,Normale,Autre collision,,,,,,,,,,,3,1,1,1,6
200500023609,0005-04-07 20:30:00,5,4,7,20,30,380,135.0,,45.768,5.404,Nuit sans éclairage public,Hors agglomération,Hors intersection,Pluie légère,Deux véhicules - côté,,,,,,,,,,,3,1,1,2,3
200500023610,0005-04-12 13:30:00,5,4,12,13,30,380,320.0,,45.825,5.389,Plein jour,Hors agglomération,Hors intersection,Normale,Deux véhicules - frontale,,,,,,,,,,,1,1,1,1,1
200500023611,0005-04-01 08:45:00,5,4,1,8,45,380,261.0,rue de la manine,,,Plein jour,En agglomération,Hors intersection,Normale,Deux véhicules - côté,,,,,,,,,,,1,2,1,1,3
200500023612,0005-04-07 11:00:00,5,4,7,11,0,380,124.0,,45.604,5.534,Plein jour,Hors agglomération,Hors intersection,Pluie légère,Deux véhicules - côté,,,,,,,,,,,1,1,1,2,3
200500023613,0005-04-11 07:15:00,5,4,11,7,15,380,261.0,,45.665,5.46,Plein jour,Hors agglomération,Hors intersection,Normale,Deux véhicules - frontale,,,,,,,,,,,1,1,1,1,1
200500023614,0005-04-15 14:15:00,5,4,15,14,15,380,543.0,,45.661,5.482,Plein jour,Hors agglomération,Hors intersection,Pluie forte,Deux véhicules - frontale,,,,,,,,,,,1,1,1,3,1
200500023615,0005-04-03 19:30:00,5,4,3,19,30,380,1.0,RUE DE LA REPUBLIQUE,45.541,5.579,Crépuscule ou aube,En agglomération,Hors intersection,Temps éblouissant,Deux véhicules - côté,,,,,,,,,,,2,2,1,7,3
200500023616,0005-04-07 09:30:00,5,4,7,9,30,380,357.0,,,,Plein jour,Hors agglomération,Hors intersection,Normale,Deux véhicules - frontale,,,,,,,,,,,1,1,1,1,1
200500023617,0005-04-15 21:45:00,5,4,15,21,45,380,508.0,,,,Nuit sans éclairage public,Hors agglomération,Hors intersection,Pluie légère,Autre collision,,,,,,,,,,,3,1,1,2,6
200500023618,0005-04-20 12:00:00,5,4,20,12,0,380,509.0,rue victor hugo,45.572,5.449,Plein jour,En agglomération,Hors intersection,Normale,Deux véhicules - côté,,,,,,,,,,,1,2,1,1,3
200500023619,0005-04-23 16:15:00,5,4,23,16,15,380,76.0,,,,Plein jour,Hors agglomération,Hors intersection,Normale,Trois véhicules et plus - collisions multiples,,,,,,,,,,,1,1,1,1,5
200500023620,0005-04-20 21:00:00,5,4,20,21,0,380,157.0,,,,Nuit avec éclairage allumé,Hors agglomération,Hors intersection,Normale,Sans collision,,,,,,,,,,,5,1,1,1,7
200500023621,0005-04-02 23:30:00,5,4,2,23,30,380,34.0,Chemin du FAYARET,45.339,5.046,Nuit avec éclairage allumé,En agglomération,Hors intersection,Normale,Deux véhicules - frontale,,,,,,,,,,,5,2,1,1,1
200500023622,0005-04-10 05:15:00,5,4,10,5,15,380,130.0,,,,Nuit sans éclairage public,Hors agglomération,Hors intersection,Vent fort / tempête,Autre collision,,,,,,,,,,,3,1,1,6,6
200500023623,0005-04-27 14:45:00,5,4,27,14,45,380,219.0,,45.329,5.085,Plein jour,Hors agglomération,Hors intersection,Normale,Deux véhicules - côté,,,,,,,,,,,1,1,1,1,3
200500023624,0005-04-06 01:45:00,5,4,6,1,45,380,480.0,,45.541,5.009,Nuit sans éclairage public,Hors agglomération,Hors intersection,Normale,Sans collision,,,,,,,,,,,3,1,1,1,7
200500023625,0005-04-21 08:45:00,5,4,21,8,45,380,184.0,,45.685,5.07,Plein jour,Hors agglomération,Hors intersection,Normale,Deux véhicules - frontale,,,,,,,,,,,1,1,1,1,1
200500023626,0005-04-22 23:00:00,5,4,22,23,0,380,389.0,,,,Nuit sans éclairage public,Hors agglomération,Hors intersection,Normale,Deux véhicules - frontale,,,,,,,,,,,3,1,1,1,1
200500023627,0005-04-26 21:45:00,5,4,26,21,45,380,184.0,,,,Nuit sans éclairage public,Hors agglomération,Hors intersection,Normale,Sans collision,,,,,,,,,,,3,1,1,1,7
200500023628,0005-04-09 16:00:00,5,4,9,16,0,380,468.0,CD51,45.342,4.816,Plein jour,En agglomération,Hors intersection,Vent fort / tempête,Deux véhicules - frontale,,,,,,,,,,,1,2,1,6,1
200500023629,0005-04-24 00:45:00,5,4,24,0,45,380,344.0,,45.403,4.809,Nuit avec éclairage non allumé,Hors agglomération,Hors intersection,Normale,Deux véhicules - côté,,,,,,,,,,,4,1,1,1,3
200500023630,0005-04-03 03:30:00,5,4,3,3,30,420,286.0,,,,Nuit sans éclairage public,Hors agglomération,Hors intersection,Normale,Autre collision,,,,,,,,,,,3,1,1,1,6
200500023631,0005-04-01 11:45:00,5,4,1,11,45,420,5.0,rue alexander fleming,,,Plein jour,En agglomération,Hors intersection,Normale,Autre collision,,,,,,,,,,,1,2,1,1,6
200500023632,0005-04-24 05:15:00,5,4,24,5,15,420,313.0,,45.735,4.019,Nuit sans éclairage public,Hors agglomération,Hors intersection,Normale,Sans collision,,,,,,,,,,,3,1,1,1,7
200500023633,0005-04-22 13:30:00,5,4,22,13,30,420,165.0,,,,Plein jour,Hors agglomération,Hors intersection,Normale,Deux véhicules - côté,,,,,,,,,,,1,1,1,1,3
200500023634,0005-04-30 16:30:00,5,4,30,16,30,420,155.0,,,,Plein jour,Hors agglomération,Hors intersection,Normale,Deux véhicules - frontale,,,,,,,,,,,1,1,1,1,1
200500023635,0005-04-09 11:30:00,5,4,9,11,30,420,91.0,,45.42,4.03,Plein jour,Hors agglomération,Hors intersection,Neige / grêle,Deux véhicules - frontale,,,,,,,,,,,1,1,1,4,1
200500023636,0005-04-02 14:00:00,5,4,2,14,0,420,206.0,,,,Plein jour,Hors agglomération,Hors intersection,Normale,Deux véhicules - frontale,,,,,,,,,,,1,1,1,1,1
200500023637,0005-04-06 17:45:00,5,4,6,17,45,420,222.0,,,,Plein jour,En agglomération,Place,Normale,Autre collision,,,,,,,,,,,1,2,7,1,6
200500023638,0005-04-11 10:30:00,5,4,11,10,30,420,38.0,,45.638,4.192,Plein jour,Hors agglomération,Hors intersection,Normale,Deux véhicules - arrière,,,,,,,,,,,1,1,1,1,2
200500023639,0005-04-18 19:15:00,5,4,18,19,15,420,214.0,,,,Plein jour,Hors agglomération,Hors intersection,Pluie légère,Deux véhicules - frontale,,,,,,,,,,,1,1,1,2,1
200500023640,0005-04-22 17:00:00,5,4,22,17,0,420,20.0,LIEU DIT LE BOURG,,,Plein jour,En agglomération,Hors intersection,Normale,Deux véhicules - côté,,,,,,,,,,,1,2,1,1,3
200500023641,0005-04-25 18:00:00,5,4,25,18,0,420,149.0,10 AVENUE DU PONT,45.64,4.22,Plein jour,En agglomération,Hors intersection,Normale,Autre collision,,,,,,,,,,,1,2,1,1,6
200500023642,0005-04-16 12:15:00,5,4,16,12,15,420,325.0,,,,Plein jour,Hors agglomération,Hors intersection,Pluie forte,Trois véhicules et plus - collisions multiples,,,,,,,,,,,1,1,1,3,5
200500023643,0005-04-02 14:45:00,5,4,2,14,45,420,3.0,L-D LE BOUTHELIER,46.108,3.9,Plein jour,En agglomération,Hors intersection,Normale,Deux véhicules - frontale,,,,,,,,,,,1,2,1,1,1
200500023644,0005-04-04 18:15:00,5,4,4,18,15,420,182.0,,,,Plein jour,Hors agglomération,Hors intersection,Normale,Trois véhicules et plus - collisions multiples,,,,,,,,,,,1,1,1,1,5
200500023645,0005-04-26 08:30:00,5,4,26,8,30,730,300.0,rue Lamartine,45.668,5.904,Plein jour,En agglomération,Hors intersection,Normale,Deux véhicules - frontale,,,,,,,,,,,1,2,1,1,1
200500023646,0005-04-30 16:00:00,5,4,30,16,0,730,128.0,LES MELLETS,,,Plein jour,En agglomération,Hors intersection,Temps éblouissant,Deux véhicules - frontale,,,,,,,,,,,1,2,1,7,1
200500023647,0005-04-26 15:15:00,5,4,26,15,15,730,316.0,,45.494,6.15,Plein jour,Hors agglomération,Hors intersection,Normale,Deux véhicules - arrière,,,,,,,,,,,1,1,1,1,2
200500023648,0005-04-29 23:45:00,5,4,29,23,45,730,100.0,,,,Nuit sans éclairage public,Hors agglomération,Hors intersection,Normale,Deux véhicules - frontale,,,,,,,,,,,3,1,1,1,1
200500023649,0005-04-05 17:00:00,5,4,5,17,0,730,179.0,,45.613,5.86,Plein jour,Hors agglomération,Hors intersection,Normale,Deux véhicules - frontale,,,,,,,,,,,1,1,1,1,1
200500023650,0005-04-29 13:15:00,5,4,29,13,15,730,303.0,RN508,,,Plein jour,En agglomération,Hors intersection,Normale,Autre collision,,,,,,,,,,,1,2,1,1,6
200500023651,0005-04-01 01:15:00,5,4,1,1,15,730,176.0,lieu-dit le Gollet,,,Nuit sans éclairage public,En agglomération,Hors intersection,Normale,Sans collision,,,,,,,,,,,3,2,1,1,7
200500023652,0005-04-12 08:30:00,5,4,12,8,30,730,55.0,,,,Plein jour,Hors agglomération,Hors intersection,Normale,Autre collision,,,,,,,,,,,1,1,1,1,6
200500023653,0005-04-26 11:45:00,5,4,26,11,45,730,227.0,Devant la mairie,,,Plein jour,En agglomération,Hors intersection,Normale,Autre collision,,,,,,,,,,,1,2,1,1,6
200500023654,0005-04-28 17:00:00,5,4,28,17,0,730,15.0,MUSSILLON,,,Plein jour,En agglomération,Hors intersection,Normale,Deux véhicules - arrière,,,,,,,,,,,1,2,1,1,2
200500023655,0005-04-07 16:15:00,5,4,7,16,15,730,2.0,,,,Plein jour,En agglomération,Intersection en X,Normale,Deux véhicules - arrière,,,,,,,,,,,1,2,2,1,2
200500023656,0005-04-27 17:30:00,5,4,27,17,30,730,255.0,,,,Plein jour,Hors agglomération,Hors intersection,Normale,Deux véhicules - frontale,,,,,,,,,,,1,1,1,1,1
200500023657,0005-04-10 02:00:00,5,4,10,2,0,730,157.0,avenue jean jaurès,,,Crépuscule ou aube,En agglomération,Hors intersection,Neige / grêle,Autre collision,,,,,,,,,,,2,2,1,4,6
200500023658,0005-04-10 02:45:00,5,4,10,2,45,740,123.0,,,,Nuit sans éclairage public,Hors agglomération,Hors intersection,Normale,Autre collision,,,,,,,,,,,3,1,1,1,6
200500023659,0005-04-01 20:45:00,5,4,1,20,45,740,3.0,,,,Nuit sans éclairage public,Hors agglomération,Hors intersection,Normale,Deux véhicules - arrière,,,,,,,,,,,3,1,1,1,2
200500023660,0005-04-14 18:45:00,5,4,14,18,45,740,280.0,Rue st blaise,45.889,6.319,Plein jour,En agglomération,Hors intersection,Normale,Deux véhicules - frontale,,,,,,,,,,,1,2,1,1,1
200500023661,0005-04-29 15:15:00,5,4,29,15,15,740,45.0,CD 162  PK 3+286,,,Plein jour,En agglomération,Hors intersection,Normale,Autre collision,,,,,,,,,,,1,2,1,1,6
200500023662,0005-04-08 21:45:00,5,4,8,21,45,740,42.0,,,,Nuit sans éclairage public,Hors agglomération,Hors intersection,Pluie légère,Deux véhicules - frontale,,,,,,,,,,,3,1,1,2,1
200500023663,0005-04-03 11:15:00,5,4,3,11,15,740,81.0,Route de chatillon,46.073,6.587,Plein jour,En agglomération,Hors intersection,Normale,Deux véhicules - frontale,,,,,,,,,,,1,2,1,1,1
200500023664,0005-04-16 12:45:00,5,4,16,12,45,740,81.0,,46.055,6.591,Plein jour,Hors agglomération,Hors intersection,Pluie forte,Deux véhicules - arrière,,,,,,,,,,,1,1,1,3,2
200500023665,0005-04-30 22:45:00,5,4,30,22,45,740,81.0,1avenue charles poncet,46.06,6.58,Nuit avec éclairage allumé,En agglomération,Autre intersection,Normale,Deux véhicules - frontale,,,,,,,,,,,5,2,9,1,1
200500023666,0005-04-20 18:30:00,5,4,20,18,30,740,116.0,,46.044,6.246,Crépuscule ou aube,Hors agglomération,Hors intersection,Temps couvert,Deux véhicules - frontale,,,,,,,,,,,2,1,1,8,1
200500023667,0005-04-25 13:30:00,5,4,25,13,30,740,31.0,,46.11,6.1,Plein jour,Hors agglomération,Intersection en X,Pluie forte,Deux véhicules - côté,,,,,,,,,,,1,1,2,3,3
200500023668,0005-04-01 18:00:00,5,4,1,18,0,740,220.0,,,,Plein jour,Hors agglomération,Hors intersection,Normale,Deux véhicules - frontale,,,,,,,,,,,1,1,1,1,1
200500023669,0005-04-02 19:30:00,5,4,2,19,30,740,229.0,rue des Allobroges,,,Plein jour,En agglomération,Hors intersection,Normale,Deux véhicules - frontale,,,,,,,,,,,1,2,1,1,1
200500023670,0005-04-12 18:00:00,5,4,12,18,0,740,220.0,,,,Plein jour,Hors agglomération,Intersection en T,Normale,Deux véhicules - côté,,,,,,,,,,,1,1,3,1,3
200500023671,0005-04-29 21:15:00,5,4,29,21,15,740,158.0,,,,Nuit sans éclairage public,Hors agglomération,Hors intersection,Normale,Autre collision,,,,,,,,,,,3,1,1,1,6
200500023672,0005-04-07 15:15:00,5,4,7,15,15,740,74.0,,46.11,5.92,Plein jour,Hors agglomération,Hors intersection,Pluie légère,Deux véhicules - frontale,,,,,,,,,,,1,1,1,2,1
200500023673,0005-04-12 19:30:00,5,4,12,19,30,740,309.0,,46.11,6.04,Plein jour,Hors agglomération,Hors intersection,Normale,Deux véhicules - frontale,,,,,,,,,,,1,1,1,1,1
200500023674,0005-04-22 10:30:00,5,4,22,10,30,740,6.0,,,,Plein jour,Hors agglomération,Hors intersection,Normale,Deux véhicules - côté,,,,,,,,,,,1,1,1,1,3
200500023675,0005-04-30 14:15:00,5,4,30,14,15,740,309.0,,,,Plein jour,Hors agglomération,Hors intersection,Normale,Sans collision,,,,,,,,,,,1,1,1,1,7
200500023676,0005-04-07 17:00:00,5,4,7,17,0,740,269.0,,,,Plein jour,Hors agglomération,Hors intersection,Pluie légère,Trois véhicules et plus - collisions multiples,,,,,,,,,,,1,1,1,2,5
200500023677,0005-04-19 08:15:00,5,4,19,8,15,740,105.0,,46.316,6.319,Plein jour,Hors agglomération,Hors intersection,Temps couvert,Deux véhicules - frontale,,,,,,,,,,,1,1,1,8,1
200500023678,0005-04-24 20:30:00,5,4,24,20,30,740,48.0,,,,Nuit avec éclairage allumé,Hors agglomération,Autre intersection,Brouillard / fumée,Autre collision,,,,,,,,,,,5,1,9,5,6
200500023679,0005-04-14 14:45:00,5,4,14,14,45,740,1.0,CHEF-LIEU,46.299,6.786,Plein jour,En agglomération,Hors intersection,Normale,Deux véhicules - frontale,,,,,,,,,,,1,2,1,1,1
200500023680,0005-04-19 10:30:00,5,4,19,10,30,740,139.0,,46.238,6.449,Plein jour,Hors agglomération,Intersection en X,Temps couvert,Deux véhicules - frontale,,,,,,,,,,,1,1,2,8,1
200500023681,0005-04-08 18:00:00,5,4,8,18,0,740,166.0,CHEMIN DE CORNELLAZ,46.372,6.533,Plein jour,En agglomération,Hors intersection,Pluie légère,Sans collision,,,,,,,,,,,1,2,1,2,7
200500023682,0005-04-30 15:15:00,5,4,30,15,15,740,154.0,ROUTE DE PRES PARRAU,46.402,6.661,Plein jour,En agglomération,Hors intersection,Normale,Deux véhicules - frontale,,,,,,,,,,,1,2,1,1,1
200500023683,0005-04-15 04:30:00,5,4,15,4,30,740,238.0,,,,Nuit sans éclairage public,Hors agglomération,Hors intersection,Pluie légère,Sans collision,,,,,,,,,,,3,1,1,2,7
200500023684,0005-04-14 22:30:00,5,4,14,22,30,630,345.0,,45.746,2.96,Nuit sans éclairage public,Hors agglomération,Hors intersection,Normale,Autre collision,,,,,,,,,,,3,1,1,1,6
200500023685,0005-04-28 17:30:00,5,4,28,17,30,630,307.0,3 Avenue Jean JAURES,45.735,3.101,Plein jour,En agglomération,Autre intersection,Normale,Autre collision,,,,,,,,,,,1,2,9,1,6
200500023686,0005-04-29 14:45:00,5,4,29,14,45,630,40.0,,,,Plein jour,Hors agglomération,Hors intersection,Normale,Deux véhicules - côté,,,,,,,,,,,1,1,1,1,3
200500023687,0005-04-29 19:45:00,5,4,29,19,45,630,45.0,,,,Crépuscule ou aube,Hors agglomération,Intersection en X,Normale,Deux véhicules - côté,,,,,,,,,,,2,1,2,1,3
200500023688,0005-04-30 14:15:00,5,4,30,14,15,630,40.0,R.N.89 AV. J. DUCLOS,,,Plein jour,En agglomération,Hors intersection,Normale,Deux véhicules - côté,,,,,,,,,,,1,2,1,1,3
200500023689,0005-04-12 17:45:00,5,4,12,17,45,630,284.0,CD.1,45.79,3.26,Plein jour,En agglomération,Hors intersection,Normale,Deux véhicules - arrière,,,,,,,,,,,1,2,1,1,2
200500023690,0005-04-20 23:30:00,5,4,20,23,30,630,284.0,Rue du docteur ROYER,,,Nuit avec éclairage allumé,En agglomération,Hors intersection,Normale,Deux véhicules - côté,,,,,,,,,,,5,2,1,1,3
200500023691,0005-04-11 07:15:00,5,4,11,7,15,630,214.0,CD 225,45.684,3.193,Crépuscule ou aube,En agglomération,Hors intersection,Normale,Deux véhicules - côté,,,,,,,,,,,2,2,1,1,3
200500023692,0005-04-11 19:00:00,5,4,11,19,0,630,26.0,,45.699,2.997,Plein jour,Hors agglomération,Hors intersection,Normale,Deux véhicules - côté,,,,,,,,,,,1,1,1,1,3
200500023693,0005-04-22 16:45:00,5,4,22,16,45,630,26.0,CD213,45.674,3.006,Plein jour,En agglomération,Hors intersection,Normale,Deux véhicules - frontale,,,,,,,,,,,1,2,1,1,1
200500023694,0005-04-16 03:15:00,5,4,16,3,15,630,23.0,,,,Nuit sans éclairage public,Hors agglomération,Hors intersection,Pluie légère,Sans collision,,,,,,,,,,,3,1,1,2,7
200500023695,0005-04-30 15:15:00,5,4,30,15,15,630,319.0,,45.559,3.888,Plein jour,Hors agglomération,Hors intersection,Normale,Sans collision,,,,,,,,,,,1,1,1,1,7
200500023696,0005-04-13 21:15:00,5,4,13,21,15,630,178.0,rue jean jaures,45.544,3.248,Nuit avec éclairage allumé,En agglomération,Hors intersection,Normale,Deux véhicules - frontale,,,,,,,,,,,5,2,1,1,1
200500023697,0005-04-29 10:30:00,5,4,29,10,30,630,178.0,Boulevard Triozon BAYLES,45.549,3.253,Plein jour,En agglomération,Hors intersection,Normale,Autre collision,,,,,,,,,,,1,2,1,1,6
200500023698,0005-04-30 19:00:00,5,4,30,19,0,630,335.0,,45.559,3.036,Plein jour,Hors agglomération,Hors intersection,Normale,Trois véhicules et plus - collisions multiples,,,,,,,,,,,1,1,1,1,5