accident_id,datetime,annee,mois,jour,heure,minute,departement,commune_insee,adresse,latitude,longitude,luminosite,agglomeration,intersection,meteo,collision,nb_vehicules,nb_usagers,nb_indemnes,nb_tues,nb_blesses_hosp,nb_blesses_legers,age_cond_1,age_cond_2,veh_type_cond_1,veh_type_cond_2,lum_code,agg_code,int_code,atm_code,col_code
200500023699,0005-04-22 15:45:00,5,4,22,15,45,630,116.0,,45.999,3.092,Plein jour,Hors agglomération,Hors intersection,Normale,Deux véhicules - frontale,,,,,,,,,,,1,1,1,1,1
200500023700,0005-04-29 18:45:00,5,4,29,18,45,630,116.0,Rue Belle Allée,45.98,3.1,Plein jour,En agglomération,Hors intersection,Normale,Deux véhicules - côté,,,,,,,,,,,1,2,1,1,3
200500023701,0005-04-22 20:00:00,5,4,22,20,0,630,143.0,,,,Crépuscule ou aube,Hors agglomération,Hors intersection,Normale,Sans collision,,,,,,,,,,,2,1,1,1,7
200500023702,0005-04-30 16:30:00,5,4,30,16,30,630,12.0,RUE DES MORIADES,,,Plein jour,En agglomération,Hors intersection,Normale,Autre collision,,,,,,,,,,,1,2,1,1,6
200500023703,0005-04-08 14:00:00,5,4,8,14,0,630,283.0,,45.855,2.699,Plein jour,Hors agglomération,Hors intersection,Normale,Deux véhicules - côté,,,,,,,,,,,1,1,1,1,3
200500023704,0005-04-09 13:45:00,5,4,9,13,45,630,55.0,,,,Plein jour,Hors agglomération,Hors intersection,Temps couvert,Deux véhicules - frontale,,,,,,,,,,,1,1,1,8,1
200500023705,0005-04-11 14:15:00,5,4,11,14,15,630,381.0,,,,Plein jour,Hors agglomération,Hors intersection,Normale,Autre collision,,,,,,,,,,,1,1,1,1,6
200500023706,0005-04-29 19:00:00,5,4,29,19,0,630,283.0,,45.856,2.697,Plein jour,Hors agglomération,Hors intersection,Normale,Trois véhicules et plus - collisions multiples,,,,,,,,,,,1,1,1,1,5
200500023707,0005-04-06 01:15:00,5,4,6,1,15,630,67.0,,,,Nuit sans éclairage public,Hors agglomération,Hors intersection,Normale,Autre collision,,,,,,,,,,,3,1,1,1,6
200500023708,0005-04-20 17:30:00,5,4,20,17,30,630,265.0,Pont astier,45.872,3.474,Plein jour,En agglomération,Hors intersection,Normale,Deux véhicules - côté,,,,,,,,,,,1,2,1,1,3
200500023709,0005-04-26 04:45:00,5,4,26,4,45,630,195.0,,45.833,3.432,Nuit sans éclairage public,Hors agglomération,Hors intersection,Normale,Autre collision,,,,,,,,,,,3,1,1,1,6
200500023710,0005-04-30 14:15:00,5,4,30,14,15,630,265.0,pont astier,,,Plein jour,En agglomération,Hors intersection,Normale,Deux véhicules - arrière,,,,,,,,,,,1,2,1,1,2
200500023711,0005-04-12 15:00:00,5,4,12,15,0,630,196.0,RUE DE LA JONCHERE,,,Plein jour,En agglomération,Hors intersection,Normale,Deux véhicules - frontale,,,,,,,,,,,1,2,1,1,1
200500023712,0005-04-14 10:30:00,5,4,14,10,30,630,253.0,,45.928,3.464,Plein jour,Hors agglomération,Hors intersection,Normale,Autre collision,,,,,,,,,,,1,1,1,1,6
200500023713,0005-04-20 17:30:00,5,4,20,17,30,30,286.0,,,,Plein jour,Hors agglomération,Intersection en X,Normale,Deux véhicules - côté,,,,,,,,,,,1,1,2,1,3
200500023714,0005-04-06 08:15:00,5,4,6,8,15,30,102.0,Grande rue,46.527,3.681,Plein jour,En agglomération,Hors intersection,Normale,Sans collision,,,,,,,,,,,1,2,1,1,7
200500023715,0005-04-19 17:30:00,5,4,19,17,30,30,180.0,,,,Plein jour,Hors agglomération,Hors intersection,Pluie légère,Deux véhicules - frontale,,,,,,,,,,,1,1,1,2,1
200500023716,0005-04-27 18:30:00,5,4,27,18,30,30,203.0,,,,Plein jour,Hors agglomération,Hors intersection,Normale,Deux véhicules - frontale,,,,,,,,,,,1,1,1,1,1
200500023717,0005-04-26 09:30:00,5,4,26,9,30,30,267.0,,46.338,3.282,Plein jour,Hors agglomération,Hors intersection,Normale,Deux véhicules - frontale,,,,,,,,,,,1,1,1,1,1
200500023718,0005-04-04 22:00:00,5,4,4,22,0,30,195.0,avenue du Gal DE GAULLE,46.296,2.665,Nuit avec éclairage allumé,En agglomération,Hors intersection,Normale,Deux véhicules - côté,,,,,,,,,,,5,2,1,1,3
200500023719,0005-04-17 15:30:00,5,4,17,15,30,30,82.0,face 9 rue de la ganne,,,Plein jour,En agglomération,Hors intersection,Normale,Sans collision,,,,,,,,,,,1,2,1,1,7
200500023720,0005-04-02 15:45:00,5,4,2,15,45,30,315.0,,46.397,2.82,Plein jour,Hors agglomération,Hors intersection,Normale,Autre collision,,,,,,,,,,,1,1,1,1,6
200500023721,0005-04-10 15:30:00,5,4,10,15,30,30,43.0,,,,Plein jour,Hors agglomération,Hors intersection,Normale,Autre collision,,,,,,,,,,,1,1,1,1,6
200500023722,0005-04-11 17:15:00,5,4,11,17,15,30,268.0,,46.14,3.212,Plein jour,Hors agglomération,Hors intersection,Normale,Autre collision,,,,,,,,,,,1,1,1,1,6
200500023723,0005-04-30 11:00:00,5,4,30,11,0,30,268.0,PR 50+842,,,Plein jour,En agglomération,Intersection en X,Normale,Deux véhicules - côté,,,,,,,,,,,1,2,2,1,3
200500023724,0005-04-08 23:45:00,5,4,8,23,45,30,91.0,,46.275,3.431,Nuit sans éclairage public,Hors agglomération,Hors intersection,Normale,Autre collision,,,,,,,,,,,3,1,1,1,6
200500023725,0005-04-28 17:00:00,5,4,28,17,0,30,298.0,,,,Plein jour,Hors agglomération,Hors intersection,Normale,Deux véhicules - frontale,,,,,,,,,,,1,1,1,1,1
200500023726,0005-04-30 20:15:00,5,4,30,20,15,150,267.0,Espinat   RN 120,44.938,2.382,Plein jour,En agglomération,Hors intersection,Normale,Deux véhicules - côté,,,,,,,,,,,1,2,1,1,3
200500023727,0005-04-30 17:00:00,5,4,30,17,0,150,36.0,,45.252,2.266,Plein jour,Hors agglomération,Intersection en X,Normale,Deux véhicules - frontale,,,,,,,,,,,1,1,2,1,1
200500023728,0005-04-02 10:45:00,5,4,2,10,45,150,187.0,Rond-point Pompidou,45.038,3.089,Plein jour,En agglomération,Intersection à plus de 4 branches,Normale,Deux véhicules - côté,,,,,,,,,,,1,2,5,1,3
200500023729,0005-04-01 18:15:00,5,4,1,18,15,150,187.0,,45.04,3.07,Plein jour,En agglomération,Hors intersection,Normale,Deux véhicules - arrière,,,,,,,,,,,1,2,1,1,2
200500023730,0005-04-14 18:30:00,5,4,14,18,30,150,187.0,Avenue de la République,45.04,3.101,Plein jour,En agglomération,Hors intersection,Normale,Deux véhicules - arrière,,,,,,,,,,,1,2,1,1,2
200500023731,0005-04-03 16:15:00,5,4,3,16,15,150,248.0,carrefour D.134 -,45.057,2.931,Plein jour,En agglomération,Hors intersection,Normale,Deux véhicules - côté,,,,,,,,,,,1,2,1,1,3
200500023732,0005-04-18 14:15:00,5,4,18,14,15,430,18.0,,45.03,3.77,Plein jour,Hors agglomération,Hors intersection,Pluie légère,Deux véhicules - frontale,,,,,,,,,,,1,1,1,2,1
200500023733,0005-04-09 10:30:00,5,4,9,10,30,430,111.0,,44.834,3.864,Plein jour,Hors agglomération,Hors intersection,Vent fort / tempête,Deux véhicules - frontale,,,,,,,,,,,1,1,1,6,1
200500023734,0005-04-15 20:00:00,5,4,15,20,0,430,217.0,,45.254,3.893,Nuit sans éclairage public,Hors agglomération,Hors intersection,Neige / grêle,Autre collision,,,,,,,,,,,3,1,1,4,6
200500023735,0005-04-17 10:15:00,5,4,17,10,15,430,43.0,,,,Plein jour,Hors agglomération,Hors intersection,Vent fort / tempête,Deux véhicules - côté,,,,,,,,,,,1,1,1,6,3
200500023736,0005-04-27 17:30:00,5,4,27,17,30,430,26.0,,45.213,3.818,Plein jour,Hors agglomération,Hors intersection,Normale,Sans collision,,,,,,,,,,,1,1,1,1,7
200500023737,0005-04-15 09:15:00,5,4,15,9,15,430,74.0,,45.32,3.37,Plein jour,Hors agglomération,Giratoire,Pluie légère,Deux véhicules - arrière,,,,,,,,,,,1,1,6,2,2
200500023738,0005-04-03 02:30:00,5,4,3,2,30,430,268.0,Rue Jean de bourbon,45.147,4.118,Nuit avec éclairage allumé,En agglomération,Hors intersection,Normale,Autre collision,,,,,,,,,,,5,2,1,1,6
200500023739,0005-04-08 16:30:00,5,4,8,16,30,430,268.0,RUE MARECHAL DE VAUX.,,,Plein jour,En agglomération,Hors intersection,Normale,Deux véhicules - frontale,,,,,,,,,,,1,2,1,1,1
200500023740,0005-04-05 16:45:00,5,4,5,16,45,430,20.0,ROUTE DE LA GARENNE,45.311,4.116,Plein jour,En agglomération,Hors intersection,Normale,Deux véhicules - frontale,,,,,,,,,,,1,2,1,1,1
200500023741,0005-04-15 18:15:00,5,4,15,18,15,430,163.0,,,,Plein jour,Hors agglomération,Hors intersection,Neige / grêle,Deux véhicules - frontale,,,,,,,,,,,1,1,1,4,1
200500023742,0005-04-07 11:45:00,5,4,7,11,45,570,415.0,,,,Plein jour,Hors agglomération,Hors intersection,Normale,Deux véhicules - côté,,,,,,,,,,,1,1,1,1,3
200500023743,0005-04-13 17:45:00,5,4,13,17,45,570,620.0,1 annexe Grimonnaux,,,Nuit sans éclairage public,En agglomération,Hors intersection,Normale,Deux véhicules - côté,,,,,,,,,,,3,2,1,1,3
200500023744,0005-04-14 10:45:00,5,4,14,10,45,570,622.0,,,,Plein jour,Hors agglomération,Hors intersection,Normale,Deux véhicules - côté,,,,,,,,,,,1,1,1,1,3
200500023745,0005-04-01 18:00:00,5,4,1,18,0,570,153.0,RN57,,,Plein jour,En agglomération,Hors intersection,Normale,Deux véhicules - arrière,,,,,,,,,,,1,2,1,1,2
200500023746,0005-04-09 14:00:00,5,4,9,14,0,570,256.0,1 rue de metz,,,Plein jour,En agglomération,Hors intersection,Normale,Deux véhicules - côté,,,,,,,,,,,1,2,1,1,3
200500023747,0005-04-26 20:00:00,5,4,26,20,0,570,645.0,Rue de Verdun,,,Plein jour,En agglomération,Hors intersection,Normale,Deux véhicules - côté,,,,,,,,,,,1,2,1,1,3
200500023748,0005-04-20 20:15:00,5,4,20,20,15,570,43.0,,,,Nuit avec éclairage allumé,Hors agglomération,Hors intersection,Pluie légère,Deux véhicules - côté,,,,,,,,,,,5,1,1,2,3
200500023749,0005-04-29 15:15:00,5,4,29,15,15,570,482.0,,,,Plein jour,Hors agglomération,Hors intersection,Normale,Deux véhicules - frontale,,,,,,,,,,,1,1,1,1,1
200500023750,0005-04-04 12:45:00,5,4,4,12,45,570,106.0,29 RUE DE SARRELOUIS,,,Plein jour,En agglomération,Hors intersection,Normale,Deux véhicules - côté,,,,,,,,,,,1,2,1,1,3
200500023751,0005-04-22 14:45:00,5,4,22,14,45,570,97.0,,49.165,6.484,Plein jour,Hors agglomération,Hors intersection,Normale,Trois véhicules et plus - collisions multiples,,,,,,,,,,,1,1,1,1,5
200500023752,0005-04-04 14:30:00,5,4,4,14,30,570,413.0,rue de Saint Avold,,,Plein jour,En agglomération,Hors intersection,Normale,Deux véhicules - frontale,,,,,,,,,,,1,2,1,1,1
200500023753,0005-04-01 19:15:00,5,4,1,19,15,570,625.0,,,,Plein jour,Hors agglomération,Hors intersection,Normale,Deux véhicules - côté,,,,,,,,,,,1,1,1,1,3
200500023754,0005-04-04 11:00:00,5,4,4,11,0,570,257.0,,48.812,6.403,Plein jour,Hors agglomération,Hors intersection,Normale,Sans collision,,,,,,,,,,,1,1,1,1,7
200500023755,0005-04-30 16:30:00,5,4,30,16,30,570,381.0,,48.854,6.453,Plein jour,Hors agglomération,Hors intersection,Temps éblouissant,Autre collision,,,,,,,,,,,1,1,1,7,6
200500023756,0005-04-30 14:00:00,5,4,30,14,0,570,550.0,intersection,,,Plein jour,En agglomération,Hors intersection,Normale,Deux véhicules - frontale,,,,,,,,,,,1,2,1,1,1
200500023757,0005-04-30 20:30:00,5,4,30,20,30,570,483.0,39 AVENUE POINCARE,48.929,6.642,Plein jour,En agglomération,Hors intersection,Normale,Deux véhicules - frontale,,,,,,,,,,,1,2,1,1,1
200500023758,0005-04-08 06:30:00,5,4,8,6,30,570,462.0,,,,Crépuscule ou aube,Hors agglomération,Hors intersection,Normale,Sans collision,,,,,,,,,,,2,1,1,1,7
200500023759,0005-04-15 10:00:00,5,4,15,10,0,570,114.0,,48.779,7.153,Plein jour,Hors agglomération,Hors intersection,Normale,Sans collision,,,,,,,,,,,1,1,1,1,7
200500023760,0005-04-20 19:15:00,5,4,20,19,15,570,210.0,,,,Crépuscule ou aube,Hors agglomération,Hors intersection,Pluie légère,Autre collision,,,,,,,,,,,2,1,1,2,6
200500023761,0005-04-27 16:45:00,5,4,27,16,45,570,750.0,,,,Plein jour,Hors agglomération,Giratoire,Normale,Sans collision,,,,,,,,,,,1,1,6,1,7
200500023762,0005-04-03 16:45:00,5,4,3,16,45,570,294.0,,49.092,7.447,Plein jour,Hors agglomération,Hors intersection,Normale,Sans collision,,,,,,,,,,,1,1,1,1,7
200500023763,0005-04-22 13:45:00,5,4,22,13,45,570,641.0,,49.154,7.402,Plein jour,Hors agglomération,Hors intersection,Normale,Deux véhicules - arrière,,,,,,,,,,,1,1,1,1,2
200500023764,0005-04-30 18:45:00,5,4,30,18,45,570,489.0,,,,Plein jour,Hors agglomération,Hors intersection,Normale,Sans collision,,,,,,,,,,,1,1,1,1,7
200500023765,0005-04-12 16:45:00,5,4,12,16,45,570,589.0,37 rue des alliés,,,Plein jour,En agglomération,Hors intersection,Normale,Deux véhicules - côté,,,,,,,,,,,1,2,1,1,3
200500023766,0005-04-02 13:00:00,5,4,2,13,0,570,602.0,Rue Jean Burger,,,Plein jour,En agglomération,Hors intersection,Normale,Autre collision,,,,,,,,,,,1,2,1,1,6
200500023767,0005-04-12 15:30:00,5,4,12,15,30,570,372.0,69B GRAND RUE,,,Plein jour,En agglomération,Autre intersection,Normale,Sans collision,,,,,,,,,,,1,2,9,1,7
200500023768,0005-04-18 20:00:00,5,4,18,20,0,570,102.0,,,,Crépuscule ou aube,Hors agglomération,Autre intersection,Pluie légère,Deux véhicules - arrière,,,,,,,,,,,2,1,9,2,2
200500023769,0005-04-30 04:15:00,5,4,30,4,15,570,26.0,Route de Belmach,49.466,6.375,Nuit avec éclairage allumé,En agglomération,Hors intersection,Normale,Autre collision,,,,,,,,,,,5,2,1,1,6
200500023770,0005-04-01 06:30:00,5,4,1,6,30,540,6.0,,,,Crépuscule ou aube,Hors agglomération,Hors intersection,Normale,Autre collision,,,,,,,,,,,2,1,1,1,6
200500023771,0005-04-05 15:45:00,5,4,5,15,45,540,351.0,RN57,,,Plein jour,En agglomération,Hors intersection,Normale,Deux véhicules - arrière,,,,,,,,,,,1,2,1,1,2
200500023772,0005-04-10 15:30:00,5,4,10,15,30,540,150.0,rue du val des faulx,,,Plein jour,En agglomération,Hors intersection,Normale,Deux véhicules - côté,,,,,,,,,,,1,2,1,1,3
200500023773,0005-04-11 21:30:00,5,4,11,21,30,540,186.0,CD32,,,Nuit avec éclairage allumé,En agglomération,Hors intersection,Normale,Autre collision,,,,,,,,,,,5,2,1,1,6
200500023774,0005-04-11 18:30:00,5,4,11,18,30,540,22.0,138 GRANDE RUE,,,Plein jour,En agglomération,Hors intersection,Normale,Trois véhicules et plus - collisions multiples,,,,,,,,,,,1,2,1,1,5
200500023775,0005-04-16 06:15:00,5,4,16,6,15,540,119.0,GRANDE RUE,,,Crépuscule ou aube,En agglomération,Hors intersection,Pluie légère,Autre collision,,,,,,,,,,,2,2,1,2,6
200500023776,0005-04-17 02:45:00,5,4,17,2,45,540,518.0,,,,Nuit sans éclairage public,Hors agglomération,Hors intersection,Normale,Autre collision,,,,,,,,,,,3,1,1,1,6
200500023777,0005-04-20 12:00:00,5,4,20,12,0,540,415.0,RUE ANATOLE FRANCE,,,Plein jour,En agglomération,Hors intersection,Normale,Trois véhicules et plus - collisions multiples,,,,,,,,,,,1,2,1,1,5
200500023778,0005-04-03 09:30:00,5,4,3,9,30,540,62.0,,,,Plein jour,Hors agglomération,Hors intersection,Normale,Autre collision,,,,,,,,,,,1,1,1,1,6
200500023779,0005-04-07 16:45:00,5,4,7,16,45,540,156.0,,,,Plein jour,Hors agglomération,Hors intersection,Pluie légère,Deux véhicules - côté,,,,,,,,,,,1,1,1,2,3
200500023780,0005-04-07 22:00:00,5,4,7,22,0,540,563.0,RUE DE NANCY,,,Plein jour,En agglomération,Hors intersection,Normale,Deux véhicules - frontale,,,,,,,,,,,1,2,1,1,1
200500023781,0005-04-25 10:00:00,5,4,25,10,0,540,224.0,,,,Plein jour,Hors agglomération,Hors intersection,Pluie forte,Sans collision,,,,,,,,,,,1,1,1,3,7
200500023782,0005-04-06 06:30:00,5,4,6,6,30,540,82.0,,,,Nuit sans éclairage public,Hors agglomération,Autre intersection,Brouillard / fumée,Autre collision,,,,,,,,,,,3,1,9,5,6
200500023783,0005-04-03 05:00:00,5,4,3,5,0,540,590.0,,,,Nuit sans éclairage public,Hors agglomération,Hors intersection,Normale,Sans collision,,,,,,,,,,,3,1,1,1,7
200500023784,0005-04-16 12:00:00,5,4,16,12,0,540,67.0,,,,Plein jour,Hors agglomération,Hors intersection,Normale,Deux véhicules - côté,,,,,,,,,,,1,1,1,1,3
200500023785,0005-04-26 07:30:00,5,4,26,7,30,540,69.0,Rue principale RD 906,,,Plein jour,En agglomération,Hors intersection,Temps couvert,Trois véhicules et plus - collisions multiples,,,,,,,,,,,1,2,1,8,5
200500023786,0005-04-19 21:00:00,5,4,19,21,0,540,102.0,,,,Nuit sans éclairage public,Hors agglomération,Hors intersection,Normale,Autre collision,,,,,,,,,,,3,1,1,1,6
200500023787,0005-04-19 17:15:00,5,4,19,17,15,540,557.0,16 grande rue,,,Plein jour,En agglomération,Hors intersection,Normale,Deux véhicules - frontale,,,,,,,,,,,1,2,1,1,1
200500023788,0005-04-25 16:45:00,5,4,25,16,45,540,463.0,,,,Plein jour,Hors agglomération,Hors intersection,Temps couvert,Deux véhicules - frontale,,,,,,,,,,,1,1,1,8,1
200500023789,0005-04-23 13:30:00,5,4,23,13,30,550,79.0,FACE AU N°27 RUE DE BAR,48.718,5.097,Plein jour,En agglomération,Hors intersection,Normale,Sans collision,,,,,,,,,,,1,2,1,1,7
200500023790,0005-04-26 16:00:00,5,4,26,16,0,550,96.0,CD 901 PK 32,48.94,5.61,Plein jour,En agglomération,Hors intersection,Normale,Deux véhicules - côté,,,,,,,,,,,1,2,1,1,3
200500023791,0005-04-15 02:45:00,5,4,15,2,45,550,520.0,,,,Nuit sans éclairage public,Hors agglomération,Hors intersection,Normale,Autre collision,,,,,,,,,,,3,1,1,1,6
200500023792,0005-04-18 14:15:00,5,4,18,14,15,550,496.0,,,,Plein jour,Hors agglomération,Hors intersection,Temps couvert,Autre collision,,,,,,,,,,,1,1,1,8,6
200500023793,0005-04-24 16:45:00,5,4,24,16,45,550,472.0,,,,Plein jour,Hors agglomération,Hors intersection,Pluie légère,Autre collision,,,,,,,,,,,1,1,1,2,6
200500023794,0005-04-08 20:45:00,5,4,8,20,45,550,492.0,RUE DE NEUVEVILLE,49.08,5.46,Nuit avec éclairage allumé,En agglomération,Hors intersection,Pluie forte,Deux véhicules - côté,,,,,,,,,,,5,2,1,3,3
200500023795,0005-04-17 15:15:00,5,4,17,15,15,550,7.0,RUE NEUVE,49.024,5.44,Plein jour,En agglomération,Hors intersection,Temps couvert,Deux véhicules - frontale,,,,,,,,,,,1,2,1,8,1
200500023796,0005-04-08 13:45:00,5,4,8,13,45,550,181.0,,,,Plein jour,En agglomération,Hors intersection,Pluie légère,Autre collision,,,,,,,,,,,1,2,1,2,6
200500023797,0005-04-30 17:15:00,5,4,30,17,15,550,495.0,,,,Plein jour,Hors agglomération,Hors intersection,Normale,Deux véhicules - frontale,,,,,,,,,,,1,1,1,1,1
200500023798,0005-04-07 16:45:00,5,4,7,16,45,880,237.0,,,,Plein jour,Hors agglomération,Hors intersection,Pluie forte,Deux véhicules - frontale,,,,,,,,,,,1,1,1,3,1
200500023799,0005-04-05 20:45:00,5,4,5,20,45,880,233.0,,,,Nuit sans éclairage public,Hors agglomération,Hors intersection,Temps couvert,Autre collision,,,,,,,,,,,3,1,1,8,6
200500023800,0005-04-02 18:45:00,5,4,2,18,45,880,297.0,,48.222,6.619,Plein jour,Hors agglomération,Hors intersection,Normale,Sans collision,,,,,,,,,,,1,1,1,1,7
200500023801,0005-04-14 23:00:00,5,4,14,23,0,880,90.0,RUE MARCEL GOULETTE,48.376,6.294,Nuit avec éclairage allumé,En agglomération,Hors intersection,Normale,Deux véhicules - côté,,,,,,,,,,,5,2,1,1,3
200500023802,0005-04-27 01:30:00,5,4,27,1,30,880,450.0,,47.971,5.81,Nuit sans éclairage public,Hors agglomération,Hors intersection,Pluie légère,Deux véhicules - arrière,,,,,,,,,,,3,1,1,2,2
200500023803,0005-04-06 13:30:00,5,4,6,13,30,880,40.0,,,,Plein jour,Hors agglomération,Hors intersection,Normale,Deux véhicules - frontale,,,,,,,,,,,1,1,1,1,1
200500023804,0005-04-10 04:00:00,5,4,10,4,0,880,29.0,,,,Nuit sans éclairage public,Hors agglomération,Hors intersection,Normale,Sans collision,,,,,,,,,,,3,1,1,1,7
200500023805,0005-04-16 11:15:00,5,4,16,11,15,880,19.0,CD 3d,,,Plein jour,En agglomération,Hors intersection,Temps couvert,Deux véhicules - côté,,,,,,,,,,,1,2,1,8,3
200500023806,0005-04-15 15:30:00,5,4,15,15,30,880,488.0,,48.198,6.097,Plein jour,Hors agglomération,Hors intersection,Temps couvert,Autre collision,,,,,,,,,,,1,1,1,8,6
200500023807,0005-04-25 16:00:00,5,4,25,16,0,880,158.0,,48.09,6.61,Plein jour,En agglomération,Hors intersection,Pluie légère,Autre collision,,,,,,,,,,,1,2,1,2,6
200500023808,0005-04-28 18:15:00,5,4,28,18,15,880,383.0,ROUTE DES CUCHERONS,47.98,6.64,Plein jour,En agglomération,Hors intersection,Normale,Sans collision,,,,,,,,,,,1,2,1,1,7
200500023809,0005-04-07 06:45:00,5,4,7,6,45,880,170.0,,47.904,6.728,Crépuscule ou aube,Hors agglomération,Hors intersection,Pluie légère,Deux véhicules - frontale,,,,,,,,,,,2,1,1,2,1
200500023810,0005-04-01 14:15:00,5,4,1,14,15,880,319.0,,48.389,6.946,Plein jour,Hors agglomération,Hors intersection,Normale,Trois véhicules et plus - collisions multiples,,,,,,,,,,,1,1,1,1,5
200500023811,0005-04-21 23:00:00,5,4,21,23,0,880,328.0,,,,Nuit sans éclairage public,Hors agglomération,Hors intersection,Normale,Autre collision,,,,,,,,,,,3,1,1,1,6
200500023812,0005-04-29 17:15:00,5,4,29,17,15,670,246.0,,,,Plein jour,Hors agglomération,Hors intersection,Normale,Deux véhicules - arrière,,,,,,,,,,,1,1,1,1,2
200500023813,0005-04-06 22:15:00,5,4,6,22,15,670,130.0,rue du général Leclerc,,,Nuit avec éclairage allumé,En agglomération,Hors intersection,Normale,Deux véhicules - côté,,,,,,,,,,,5,2,1,1,3
200500023814,0005-04-05 20:15:00,5,4,5,20,15,670,230.0,RUE PRINCIPALE,,,Nuit avec éclairage allumé,En agglomération,Hors intersection,Normale,Deux véhicules - côté,,,,,,,,,,,5,2,1,1,3
200500023815,0005-04-27 04:00:00,5,4,27,4,0,670,180.0,,,,Nuit sans éclairage public,Hors agglomération,Hors intersection,Pluie légère,Autre collision,,,,,,,,,,,3,1,1,2,6
200500023816,0005-04-01 06:30:00,5,4,1,6,30,670,46.0,CD329,,,Nuit avec éclairage allumé,En agglomération,Hors intersection,Normale,Deux véhicules - frontale,,,,,,,,,,,5,2,1,1,1
200500023817,0005-04-27 12:00:00,5,4,27,12,0,670,46.0,rue de l'obermatt,48.782,7.847,Plein jour,En agglomération,Hors intersection,Normale,Deux véhicules - frontale,,,,,,,,,,,1,2,1,1,1
200500023818,0005-04-30 12:15:00,5,4,30,12,15,670,46.0,RUE DE L EGLISE,48.773,7.861,Plein jour,En agglomération,Intersection en T,Normale,Deux véhicules - côté,,,,,,,,,,,1,2,3,1,3
200500023819,0005-04-05 07:15:00,5,4,5,7,15,670,112.0,,,,Plein jour,Hors agglomération,Hors intersection,Normale,Autre collision,,,,,,,,,,,1,1,1,1,6
200500023820,0005-04-07 04:00:00,5,4,7,4,0,670,420.0,,,,Nuit sans éclairage public,Hors agglomération,Hors intersection,Pluie forte,Autre collision,,,,,,,,,,,3,1,1,3,6
200500023821,0005-04-15 12:00:00,5,4,15,12,0,670,122.0,,48.635,7.336,Plein jour,Hors agglomération,Hors intersection,Normale,Autre collision,,,,,,,,,,,1,1,1,1,6
200500023822,0005-04-18 16:45:00,5,4,18,16,45,670,520.0,RUE DE COSSWILLER,48.639,7.43,Plein jour,En agglomération,Hors intersection,Normale,Deux véhicules - arrière,,,,,,,,,,,1,2,1,1,2
200500023823,0005-04-19 18:30:00,5,4,19,18,30,670,322.0,,48.845,7.412,Plein jour,Hors agglomération,Autre intersection,Normale,Autre collision,,,,,,,,,,,1,1,9,1,6
200500023824,0005-04-01 07:45:00,5,4,1,7,45,670,437.0,ROUTE DE PARIS,48.74,7.36,Plein jour,En agglomération,Hors intersection,Normale,Autre collision,,,,,,,,,,,1,2,1,1,6
200500023825,0005-04-01 18:45:00,5,4,1,18,45,670,129.0,16 rue principale,48.79,7.39,Plein jour,En agglomération,Hors intersection,Normale,Deux véhicules - frontale,,,,,,,,,,,1,2,1,1,1
200500023826,0005-04-11 14:30:00,5,4,11,14,30,670,434.0,,48.949,7.081,Plein jour,Hors agglomération,Hors intersection,Normale,Deux véhicules - frontale,,,,,,,,,,,1,1,1,1,1
200500023827,0005-04-12 17:45:00,5,4,12,17,45,670,506.0,,48.664,7.74,Plein jour,Hors agglomération,Hors intersection,Normale,Deux véhicules - arrière,,,,,,,,,,,1,1,1,1,2
200500023828,0005-04-06 17:00:00,5,4,6,17,0,670,202.0,,,,Plein jour,Hors agglomération,Hors intersection,Normale,Autre collision,,,,,,,,,,,1,1,1,1,6
200500023829,0005-04-01 19:30:00,5,4,1,19,30,670,253.0,,48.65,7.521,Crépuscule ou aube,Hors agglomération,Hors intersection,Normale,Deux véhicules - frontale,,,,,,,,,,,2,1,1,1,1
200500023830,0005-04-10 21:00:00,5,4,10,21,0,670,548.0,rue de Behlenheim,48.646,7.61,Nuit avec éclairage allumé,En agglomération,Hors intersection,Normale,Deux véhicules - arrière,,,,,,,,,,,5,2,1,1,2
200500023831,0005-04-12 21:00:00,5,4,12,21,0,670,97.0,,,,Nuit sans éclairage public,Hors agglomération,Hors intersection,Normale,Deux véhicules - côté,,,,,,,,,,,3,1,1,1,3
200500023832,0005-04-21 10:30:00,5,4,21,10,30,670,548.0,,48.639,7.594,Plein jour,Hors agglomération,Hors intersection,Normale,Autre collision,,,,,,,,,,,1,1,1,1,6
200500023833,0005-04-04 11:15:00,5,4,4,11,15,670,151.0,,48.697,7.892,Plein jour,Hors agglomération,Hors intersection,Normale,Deux véhicules - arrière,,,,,,,,,,,1,1,1,1,2
200500023834,0005-04-26 21:15:00,5,4,26,21,15,670,151.0,,48.711,7.893,Nuit sans éclairage public,Hors agglomération,Passage à niveau,Normale,Autre collision,,,,,,,,,,,3,1,8,1,6