accident_id,datetime,annee,mois,jour,heure,minute,departement,commune_insee,adresse,latitude,longitude,luminosite,agglomeration,intersection,meteo,collision,nb_vehicules,nb_usagers,nb_indemnes,nb_tues,nb_blesses_hosp,nb_blesses_legers,age_cond_1,age_cond_2,veh_type_cond_1,veh_type_cond_2,lum_code,agg_code,int_code,atm_code,col_code
200500023970,0005-04-02 15:15:00,5,4,2,15,15,890,383.0,,47.638,3.328,Plein jour,Hors agglomération,Hors intersection,Normale,Deux véhicules - côté,,,,,,,,,,,1,1,1,1,3
200500023971,0005-04-03 09:00:00,5,4,3,9,0,890,424.0,,47.631,3.665,Plein jour,Hors agglomération,Hors intersection,Normale,Autre collision,,,,,,,,,,,1,1,1,1,6
200500023972,0005-04-11 22:15:00,5,4,11,22,15,890,186.0,,47.994,3.793,Nuit sans éclairage public,Hors agglomération,Hors intersection,Normale,Autre collision,,,,,,,,,,,3,1,1,1,6
200500023973,0005-04-20 19:15:00,5,4,20,19,15,890,186.0,CD 905,,,Plein jour,En agglomération,Hors intersection,Normale,Autre collision,,,,,,,,,,,1,2,1,1,6
200500023974,0005-04-22 18:45:00,5,4,22,18,45,890,345.0,,48.01,3.741,Plein jour,Hors agglomération,Hors intersection,Normale,Deux véhicules - arrière,,,,,,,,,,,1,1,1,1,2
200500023975,0005-04-02 13:45:00,5,4,2,13,45,890,24.0,,,,Plein jour,Hors agglomération,Hors intersection,Normale,Deux véhicules - côté,,,,,,,,,,,1,1,1,1,3
200500023976,0005-04-15 11:45:00,5,4,15,11,45,890,227.0,,47.898,3.747,Plein jour,Hors agglomération,Intersection en X,Normale,Deux véhicules - côté,,,,,,,,,,,1,1,2,1,3
200500023977,0005-04-29 22:15:00,5,4,29,22,15,890,31.0,,,,Nuit sans éclairage public,Hors agglomération,Hors intersection,Normale,Deux véhicules - côté,,,,,,,,,,,3,1,1,1,3
200500023978,0005-04-24 15:15:00,5,4,24,15,15,890,368.0,CARREFOUR DE LA GERBAUDE,47.624,3.194,Plein jour,En agglomération,Intersection en X,Normale,Deux véhicules - côté,,,,,,,,,,,1,2,2,1,3
200500023979,0005-04-24 11:00:00,5,4,24,11,0,890,25.0,ROUTE DE CHASSIGNY,47.496,3.945,Plein jour,En agglomération,Hors intersection,Normale,Deux véhicules - côté,,,,,,,,,,,1,2,1,1,3
200500023980,0005-04-09 21:00:00,5,4,9,21,0,890,79.0,,,,Nuit sans éclairage public,Hors agglomération,Hors intersection,Normale,Autre collision,,,,,,,,,,,3,1,1,1,6
200500023981,0005-04-30 20:45:00,5,4,30,20,45,890,218.0,CD181,,,Plein jour,En agglomération,Hors intersection,Normale,Deux véhicules - côté,,,,,,,,,,,1,2,1,1,3
200500023982,0005-04-14 14:15:00,5,4,14,14,15,890,74.0,Rue des caves,,,Plein jour,En agglomération,Hors intersection,Normale,Deux véhicules - côté,,,,,,,,,,,1,2,1,1,3
200500023983,0005-04-20 22:00:00,5,4,20,22,0,890,74.0,,,,Nuit sans éclairage public,Hors agglomération,Hors intersection,Normale,Autre collision,,,,,,,,,,,3,1,1,1,6
200500023984,0005-04-28 19:45:00,5,4,28,19,45,890,309.0,QUAI DE LA REPUBLIQUE,48.288,3.208,Plein jour,En agglomération,Hors intersection,Normale,Trois véhicules et plus - collisions multiples,,,,,,,,,,,1,2,1,1,5
200500023985,0005-04-25 23:45:00,5,4,25,23,45,890,63.0,,,,Nuit sans éclairage public,Hors agglomération,Hors intersection,Normale,Autre collision,,,,,,,,,,,3,1,1,1,6
200500023986,0005-04-26 14:30:00,5,4,26,14,30,250,58.0,,47.206,5.996,Plein jour,Hors agglomération,Hors intersection,Normale,Deux véhicules - frontale,,,,,,,,,,,1,1,1,1,1
200500023987,0005-04-02 14:15:00,5,4,2,14,15,250,360.0,,47.136,6.117,Plein jour,Hors agglomération,Hors intersection,Normale,Sans collision,,,,,,,,,,,1,1,1,1,7
200500023988,0005-04-30 15:15:00,5,4,30,15,15,250,400.0,23 route de besançon,,,Plein jour,En agglomération,Hors intersection,Normale,Sans collision,,,,,,,,,,,1,2,1,1,7
200500023989,0005-04-07 05:00:00,5,4,7,5,0,250,450.0,,,,Nuit sans éclairage public,Hors agglomération,Hors intersection,Normale,Sans collision,,,,,,,,,,,3,1,1,1,7
200500023990,0005-04-26 04:45:00,5,4,26,4,45,250,59.0,ROUTE DE BELFORT,,,Nuit sans éclairage public,En agglomération,Hors intersection,Pluie légère,Deux véhicules - frontale,,,,,,,,,,,3,2,1,2,1
200500023991,0005-04-18 07:45:00,5,4,18,7,45,250,40.0,,47.505,6.935,Plein jour,Hors agglomération,Hors intersection,Normale,Deux véhicules - frontale,,,,,,,,,,,1,1,1,1,1
200500023992,0005-04-30 16:30:00,5,4,30,16,30,250,504.0,,47.221,6.679,Plein jour,Hors agglomération,Hors intersection,Normale,Sans collision,,,,,,,,,,,1,1,1,1,7
200500023993,0005-04-11 09:15:00,5,4,11,9,15,250,335.0,,,,Plein jour,Hors agglomération,Hors intersection,Temps couvert,Trois véhicules et plus - collisions multiples,,,,,,,,,,,1,1,1,8,5
200500023994,0005-04-22 13:30:00,5,4,22,13,30,250,47.0,RUE DU TENNIS,47.352,6.358,Plein jour,En agglomération,Hors intersection,Normale,Deux véhicules - côté,,,,,,,,,,,1,2,1,1,3
200500023995,0005-04-01 16:45:00,5,4,1,16,45,250,315.0,,,,Plein jour,Hors agglomération,Hors intersection,Temps éblouissant,Autre collision,,,,,,,,,,,1,1,1,7,6
200500023996,0005-04-08 06:45:00,5,4,8,6,45,250,315.0,,,,Plein jour,Hors agglomération,Hors intersection,Pluie légère,Deux véhicules - côté,,,,,,,,,,,1,1,1,2,3
200500023997,0005-04-30 11:00:00,5,4,30,11,0,250,372.0,,47.462,6.595,Plein jour,Hors agglomération,Hors intersection,Normale,Deux véhicules - côté,,,,,,,,,,,1,1,1,1,3
200500023998,0005-04-09 17:00:00,5,4,9,17,0,250,262.0,,47.146,6.551,Plein jour,Hors agglomération,Hors intersection,Neige / grêle,Sans collision,,,,,,,,,,,1,1,1,4,7
200500023999,0005-04-30 18:45:00,5,4,30,18,45,250,578.0,,47.158,6.354,Plein jour,Hors agglomération,Hors intersection,Normale,Deux véhicules - côté,,,,,,,,,,,1,1,1,1,3
200500024000,0005-04-25 15:30:00,5,4,25,15,30,390,348.0,,,,Plein jour,Hors agglomération,Hors intersection,Pluie forte,Deux véhicules - côté,,,,,,,,,,,1,1,1,3,3
200500024001,0005-04-03 10:45:00,5,4,3,10,45,390,281.0,,,,Plein jour,Hors agglomération,Intersection en Y,Normale,Deux véhicules - frontale,,,,,,,,,,,1,1,4,1,1
200500024002,0005-04-08 11:15:00,5,4,8,11,15,390,208.0,,46.647,5.941,Plein jour,Hors agglomération,Autre intersection,Pluie légère,Deux véhicules - frontale,,,,,,,,,,,1,1,9,2,1
200500024003,0005-04-12 20:30:00,5,4,12,20,30,390,391.0,,46.764,6.025,Crépuscule ou aube,Hors agglomération,Autre intersection,Normale,Sans collision,,,,,,,,,,,2,1,9,1,7
200500024004,0005-04-04 10:45:00,5,4,4,10,45,390,439.0,,46.987,5.816,Plein jour,Hors agglomération,Hors intersection,Normale,Deux véhicules - frontale,,,,,,,,,,,1,1,1,1,1
200500024005,0005-04-16 11:45:00,5,4,16,11,45,390,500.0,,46.96,5.85,Plein jour,Hors agglomération,Hors intersection,Pluie légère,Deux véhicules - frontale,,,,,,,,,,,1,1,1,2,1
200500024006,0005-04-19 06:30:00,5,4,19,6,30,390,525.0,,,,Crépuscule ou aube,Hors agglomération,Hors intersection,Normale,Deux véhicules - côté,,,,,,,,,,,2,1,1,1,3
200500024007,0005-04-22 14:00:00,5,4,22,14,0,390,190.0,"RN73, route de Besancon",47.159,5.744,Plein jour,En agglomération,Hors intersection,Normale,Deux véhicules - côté,,,,,,,,,,,1,2,1,1,3
200500024008,0005-04-01 16:30:00,5,4,1,16,30,390,126.0,,46.604,5.962,Plein jour,Hors agglomération,Hors intersection,Normale,Deux véhicules - côté,,,,,,,,,,,1,1,1,1,3
200500024009,0005-04-29 16:00:00,5,4,29,16,0,390,297.0,,46.464,5.93,Plein jour,Hors agglomération,Hors intersection,Normale,Autre collision,,,,,,,,,,,1,1,1,1,6
200500024010,0005-04-29 12:00:00,5,4,29,12,0,700,165.0,SENTIER DES MOINES,47.71,5.89,Plein jour,En agglomération,Hors intersection,Normale,Sans collision,,,,,,,,,,,1,2,1,1,7
200500024011,0005-04-29 20:45:00,5,4,29,20,45,700,267.0,,,,Crépuscule ou aube,Hors agglomération,Hors intersection,Normale,Sans collision,,,,,,,,,,,2,1,1,1,7
200500024012,0005-04-15 09:15:00,5,4,15,9,15,700,65.0,,47.447,6.265,Plein jour,Hors agglomération,Hors intersection,Temps couvert,Autre collision,,,,,,,,,,,1,1,1,8,6
200500024013,0005-04-19 11:45:00,5,4,19,11,45,700,137.0,,47.514,6.351,Plein jour,Hors agglomération,Hors intersection,Normale,Sans collision,,,,,,,,,,,1,1,1,1,7
200500024014,0005-04-11 16:00:00,5,4,11,16,0,700,250.0,,,,Plein jour,Hors agglomération,Hors intersection,Normale,Autre collision,,,,,,,,,,,1,1,1,1,6
200500024015,0005-04-03 16:00:00,5,4,3,16,0,700,64.0,,47.627,6.666,Plein jour,Hors agglomération,Hors intersection,Normale,Sans collision,,,,,,,,,,,1,1,1,1,7
200500024016,0005-04-03 15:00:00,5,4,3,15,0,700,461.0,,47.482,5.683,Plein jour,Hors agglomération,Hors intersection,Normale,Sans collision,,,,,,,,,,,1,1,1,1,7
200500024017,0005-04-07 19:00:00,5,4,7,19,0,700,211.0,,,,Plein jour,Hors agglomération,Hors intersection,Pluie forte,Deux véhicules - frontale,,,,,,,,,,,1,1,1,3,1
200500024018,0005-04-22 19:30:00,5,4,22,19,30,700,461.0,,47.459,5.663,Plein jour,Hors agglomération,Hors intersection,Normale,Deux véhicules - frontale,,,,,,,,,,,1,1,1,1,1
200500024019,0005-04-26 13:30:00,5,4,26,13,30,700,220.0,,47.408,5.473,Plein jour,Hors agglomération,Hors intersection,Normale,Deux véhicules - côté,,,,,,,,,,,1,1,1,1,3
200500024020,0005-04-30 01:00:00,5,4,30,1,0,700,546.0,,47.517,5.641,Nuit sans éclairage public,Hors agglomération,Hors intersection,Normale,Deux véhicules - frontale,,,,,,,,,,,3,1,1,1,1
200500024021,0005-04-27 14:00:00,5,4,27,14,0,700,282.0,,47.41,5.82,Plein jour,Hors agglomération,Hors intersection,Normale,Deux véhicules - frontale,,,,,,,,,,,1,1,1,1,1
200500024022,0005-04-08 15:00:00,5,4,8,15,0,900,23.0,RUE DE LA VAIVRE,47.719,6.844,Plein jour,En agglomération,Hors intersection,Normale,Deux véhicules - frontale,,,,,,,,,,,1,2,1,1,1
200500024023,0005-04-02 18:00:00,5,4,2,18,0,900,65.0,Route de Belfort,47.761,6.818,Plein jour,En agglomération,Hors intersection,Normale,Deux véhicules - frontale,,,,,,,,,,,1,2,1,1,1
200500024024,0005-04-25 01:30:00,5,4,25,1,30,900,58.0,,47.718,7.021,Nuit sans éclairage public,Hors agglomération,Hors intersection,Pluie forte,Autre collision,,,,,,,,,,,3,1,1,3,6
200500024025,0005-04-22 11:45:00,5,4,22,11,45,900,69.0,,47.531,6.913,Plein jour,En agglomération,Hors intersection,Normale,Deux véhicules - frontale,,,,,,,,,,,1,2,1,1,1
200500024026,0005-04-06 23:15:00,5,4,6,23,15,260,325.0,,,,Nuit avec éclairage allumé,Hors agglomération,Autre intersection,Normale,Deux véhicules - frontale,,,,,,,,,,,5,1,9,1,1
200500024027,0005-04-02 09:45:00,5,4,2,9,45,260,165.0,,,,Plein jour,Hors agglomération,Hors intersection,Normale,Autre collision,,,,,,,,,,,1,1,1,1,6
200500024028,0005-04-11 21:30:00,5,4,11,21,30,260,169.0,,,,Nuit sans éclairage public,Hors agglomération,Hors intersection,Normale,Sans collision,,,,,,,,,,,3,1,1,1,7
200500024029,0005-04-14 15:00:00,5,4,14,15,0,260,121.0,,,,Plein jour,Hors agglomération,Hors intersection,Normale,Autre collision,,,,,,,,,,,1,1,1,1,6
200500024030,0005-04-01 10:30:00,5,4,1,10,30,130,41.0,CD 58A Biver,,,Plein jour,En agglomération,Hors intersection,Normale,Deux véhicules - côté,,,,,,,,,,,1,2,1,1,3
200500024031,0005-04-30 18:30:00,5,4,30,18,30,130,107.0,route de siège,43.433,5.428,Plein jour,En agglomération,Hors intersection,Normale,Deux véhicules - côté,,,,,,,,,,,1,2,1,1,3
200500024032,0005-04-15 16:00:00,5,4,15,16,0,130,19.0,Carrefour rte de césarde,43.449,5.377,Plein jour,En agglomération,Hors intersection,Normale,Deux véhicules - côté,,,,,,,,,,,1,2,1,1,3
200500024033,0005-04-30 18:45:00,5,4,30,18,45,130,19.0,,43.42,5.36,Plein jour,Hors agglomération,Hors intersection,Normale,Autre collision,,,,,,,,,,,1,1,1,1,6
200500024034,0005-04-28 20:00:00,5,4,28,20,0,130,15.0,CHEMIN ROUMANILLE,,,Crépuscule ou aube,En agglomération,Hors intersection,Normale,Sans collision,,,,,,,,,,,2,2,1,1,7
200500024035,0005-04-05 15:00:00,5,4,5,15,0,130,72.0,,43.46,5.62,Plein jour,Hors agglomération,Hors intersection,Normale,Deux véhicules - frontale,,,,,,,,,,,1,1,1,1,1
200500024036,0005-04-26 16:15:00,5,4,26,16,15,130,110.0,,43.49,5.65,Plein jour,Hors agglomération,Hors intersection,Normale,Autre collision,,,,,,,,,,,1,1,1,1,6
200500024037,0005-04-05 19:45:00,5,4,5,19,45,130,27.0,route d'Avignon,,,Plein jour,En agglomération,Hors intersection,Normale,Sans collision,,,,,,,,,,,1,2,1,1,7
200500024038,0005-04-20 17:00:00,5,4,20,17,0,130,66.0,140 avenue du 19 mars,,,Plein jour,En agglomération,Hors intersection,Normale,Deux véhicules - côté,,,,,,,,,,,1,2,1,1,3
200500024039,0005-04-16 23:45:00,5,4,16,23,45,130,96.0,,,,Nuit sans éclairage public,Hors agglomération,Hors intersection,Normale,Sans collision,,,,,,,,,,,3,1,1,1,7
200500024040,0005-04-22 09:30:00,5,4,22,9,30,130,96.0,,43.508,4.401,Plein jour,Hors agglomération,Hors intersection,Normale,Deux véhicules - frontale,,,,,,,,,,,1,1,1,1,1
200500024041,0005-04-07 14:45:00,5,4,7,14,45,130,97.0,,43.634,4.813,Plein jour,Hors agglomération,Hors intersection,Normale,Sans collision,,,,,,,,,,,1,1,1,1,7
200500024042,0005-04-17 00:45:00,5,4,17,0,45,130,100.0,,,,Nuit sans éclairage public,Hors agglomération,Hors intersection,Pluie légère,Autre collision,,,,,,,,,,,3,1,1,2,6
200500024043,0005-04-19 19:30:00,5,4,19,19,30,130,4.0,RUE D'ARLES,43.41,4.72,Plein jour,En agglomération,Hors intersection,Normale,Autre collision,,,,,,,,,,,1,2,1,1,6
200500024044,0005-04-21 09:15:00,5,4,21,9,15,130,30.0,,,,Plein jour,Hors agglomération,Hors intersection,Normale,Trois véhicules et plus - collisions multiples,,,,,,,,,,,1,1,1,1,5
200500024045,0005-04-25 19:30:00,5,4,25,19,30,130,22.0,,,,Plein jour,Hors agglomération,Hors intersection,Normale,Deux véhicules - côté,,,,,,,,,,,1,1,1,1,3
200500024046,0005-04-02 22:45:00,5,4,2,22,45,130,85.0,,43.25,5.663,Nuit sans éclairage public,Hors agglomération,Hors intersection,Normale,Deux véhicules - frontale,,,,,,,,,,,3,1,1,1,1
200500024047,0005-04-09 04:00:00,5,4,9,4,0,130,119.0,RUE RENE CASSIN,43.264,5.573,Nuit avec éclairage allumé,En agglomération,Hors intersection,Normale,Autre collision,,,,,,,,,,,5,2,1,1,6
200500024048,0005-04-21 08:15:00,5,4,21,8,15,130,86.0,,,,Plein jour,Hors agglomération,Hors intersection,Normale,Deux véhicules - côté,,,,,,,,,,,1,1,1,1,3
200500024049,0005-04-22 07:30:00,5,4,22,7,30,40,1.0,,44.051,6.139,Plein jour,Hors agglomération,Hors intersection,Normale,Deux véhicules - frontale,,,,,,,,,,,1,1,1,1,1
200500024050,0005-04-08 19:45:00,5,4,8,19,45,40,35.0,route de l'église,43.895,6.031,Nuit avec éclairage allumé,En agglomération,Hors intersection,Normale,Deux véhicules - côté,,,,,,,,,,,5,2,1,1,3
200500024051,0005-04-27 09:15:00,5,4,27,9,15,40,108.0,Chemin des Convertis et,44.053,6.028,Plein jour,En agglomération,Hors intersection,Normale,Deux véhicules - frontale,,,,,,,,,,,1,2,1,1,1
200500024052,0005-04-22 11:30:00,5,4,22,11,30,40,237.0,,,,Plein jour,Hors agglomération,Hors intersection,Normale,Deux véhicules - frontale,,,,,,,,,,,1,1,1,1,1
200500024053,0005-04-08 10:15:00,5,4,8,10,15,40,133.0,,,,Plein jour,Hors agglomération,Hors intersection,Pluie forte,Deux véhicules - arrière,,,,,,,,,,,1,1,1,3,2
200500024054,0005-04-16 16:15:00,5,4,16,16,15,40,157.0,,,,Plein jour,Hors agglomération,Hors intersection,Pluie forte,Deux véhicules - frontale,,,,,,,,,,,1,1,1,3,1
200500024055,0005-04-01 11:45:00,5,4,1,11,45,40,242.0,,,,Plein jour,Hors agglomération,Hors intersection,Normale,Deux véhicules - côté,,,,,,,,,,,1,1,1,1,3
200500024056,0005-04-17 14:30:00,5,4,17,14,30,40,160.0,,43.869,5.681,Plein jour,Hors agglomération,Hors intersection,Normale,Deux véhicules - côté,,,,,,,,,,,1,1,1,1,3
200500024057,0005-04-02 14:30:00,5,4,2,14,30,40,141.0,,,,Plein jour,Hors agglomération,Hors intersection,Normale,Deux véhicules - frontale,,,,,,,,,,,1,1,1,1,1
200500024058,0005-04-04 07:00:00,5,4,4,7,0,40,209.0,,,,Plein jour,Hors agglomération,Hors intersection,Normale,Autre collision,,,,,,,,,,,1,1,1,1,6
200500024059,0005-04-09 22:00:00,5,4,9,22,0,40,209.0,rue des combes,,,Nuit avec éclairage allumé,En agglomération,Hors intersection,Vent fort / tempête,Autre collision,,,,,,,,,,,5,2,1,6,6
200500024060,0005-04-01 23:00:00,5,4,1,23,0,50,172.0,,44.36,5.725,Nuit avec éclairage allumé,Hors agglomération,Hors intersection,Temps couvert,Sans collision,,,,,,,,,,,5,1,1,8,7
200500024061,0005-04-09 02:45:00,5,4,9,2,45,50,162.0,,44.44,6.03,Nuit sans éclairage public,Hors agglomération,Giratoire,Normale,Autre collision,,,,,,,,,,,3,1,6,1,6
200500024062,0005-04-14 16:15:00,5,4,14,16,15,50,68.0,,44.483,6.096,Plein jour,Hors agglomération,Hors intersection,Normale,Deux véhicules - arrière,,,,,,,,,,,1,1,1,1,2
200500024063,0005-04-26 13:45:00,5,4,26,13,45,50,68.0,,44.484,6.086,Plein jour,Hors agglomération,Hors intersection,Normale,Deux véhicules - frontale,,,,,,,,,,,1,1,1,1,1
200500024064,0005-04-08 17:45:00,5,4,8,17,45,50,40.0,,,,Plein jour,Hors agglomération,Hors intersection,Pluie légère,Deux véhicules - côté,,,,,,,,,,,1,1,1,2,3
200500024065,0005-04-02 08:15:00,5,4,2,8,15,50,65.0,,,,Plein jour,Hors agglomération,Hors intersection,Normale,Deux véhicules - côté,,,,,,,,,,,1,1,1,1,3
200500024066,0005-04-05 10:30:00,5,4,5,10,30,50,65.0,,,,Plein jour,Hors agglomération,Hors intersection,Normale,Sans collision,,,,,,,,,,,1,1,1,1,7
200500024067,0005-04-06 19:30:00,5,4,6,19,30,60,77.0,,,,Plein jour,Hors agglomération,Hors intersection,Normale,Deux véhicules - frontale,,,,,,,,,,,1,1,1,1,1
200500024068,0005-04-25 11:00:00,5,4,25,11,0,60,19.0,,,,Plein jour,Hors agglomération,Hors intersection,Normale,Deux véhicules - frontale,,,,,,,,,,,1,1,1,1,1
200500024069,0005-04-17 10:15:00,5,4,17,10,15,60,75.0,CD19,43.859,7.235,Plein jour,En agglomération,Hors intersection,Normale,Deux véhicules - côté,,,,,,,,,,,1,2,1,1,3
200500024070,0005-04-15 11:15:00,5,4,15,11,15,60,34.0,,,,Plein jour,Hors agglomération,Hors intersection,Normale,Sans collision,,,,,,,,,,,1,1,1,1,7
200500024071,0005-04-12 12:00:00,5,4,12,12,0,60,151.0,,43.919,7.249,Plein jour,Hors agglomération,Hors intersection,Normale,Sans collision,,,,,,,,,,,1,1,1,1,7
200500024072,0005-04-25 06:30:00,5,4,25,6,30,60,151.0,,43.907,7.254,Crépuscule ou aube,Hors agglomération,Hors intersection,Pluie légère,Autre collision,,,,,,,,,,,2,1,1,2,6
200500024073,0005-04-08 16:30:00,5,4,8,16,30,60,161.0,RN7,,,Plein jour,En agglomération,Hors intersection,Normale,Deux véhicules - côté,,,,,,,,,,,1,2,1,1,3
200500024074,0005-04-27 16:45:00,5,4,27,16,45,60,140.0,,,,Plein jour,Hors agglomération,Hors intersection,Normale,Deux véhicules - arrière,,,,,,,,,,,1,1,1,1,2
200500024075,0005-04-05 17:45:00,5,4,5,17,45,60,157.0,,,,Plein jour,En agglomération,Hors intersection,Normale,Autre collision,,,,,,,,,,,1,2,1,1,6
200500024076,0005-04-08 14:45:00,5,4,8,14,45,60,25.0,,,,Plein jour,Hors agglomération,Hors intersection,Pluie légère,Autre collision,,,,,,,,,,,1,1,1,2,6
200500024077,0005-04-09 07:45:00,5,4,9,7,45,60,59.0,,,,Plein jour,Hors agglomération,Hors intersection,Normale,Deux véhicules - frontale,,,,,,,,,,,1,1,1,1,1
200500024078,0005-04-22 14:15:00,5,4,22,14,15,60,59.0,,,,Plein jour,Hors agglomération,Hors intersection,Normale,Deux véhicules - frontale,,,,,,,,,,,1,1,1,1,1
200500024079,0005-04-08 18:00:00,5,4,8,18,0,60,99.0,,43.961,7.159,Plein jour,Hors agglomération,Autre intersection,Pluie légère,Sans collision,,,,,,,,,,,1,1,9,2,7
200500024080,0005-04-10 16:00:00,5,4,10,16,0,60,144.0,RD2205,43.96,7.15,Plein jour,En agglomération,Hors intersection,Normale,Deux véhicules - côté,,,,,,,,,,,1,2,1,1,3
200500024081,0005-04-23 14:00:00,5,4,23,14,0,60,78.0,,43.92,7.15,Plein jour,Hors agglomération,Hors intersection,Temps couvert,Deux véhicules - côté,,,,,,,,,,,1,1,1,8,3
200500024082,0005-04-08 20:00:00,5,4,8,20,0,830,134.0,,,,Nuit sans éclairage public,Hors agglomération,Hors intersection,Normale,Deux véhicules - côté,,,,,,,,,,,3,1,1,1,3
200500024083,0005-04-27 08:45:00,5,4,27,8,45,830,41.0,,,,Nuit sans éclairage public,Hors agglomération,Hors intersection,Normale,Autre collision,,,,,,,,,,,3,1,1,1,6
200500024084,0005-04-06 07:00:00,5,4,6,7,0,830,72.0,QUARTIER LES PLANS,43.49,6.368,Plein jour,En agglomération,Hors intersection,Normale,Autre collision,,,,,,,,,,,1,2,1,1,6
200500024085,0005-04-24 03:00:00,5,4,24,3,0,830,72.0,,,,Nuit sans éclairage public,Hors agglomération,Hors intersection,Normale,Sans collision,,,,,,,,,,,3,1,1,1,7
200500024086,0005-04-08 18:00:00,5,4,8,18,0,830,31.0,,,,Plein jour,Hors agglomération,Hors intersection,Pluie légère,Deux véhicules - frontale,,,,,,,,,,,1,1,1,2,1
200500024087,0005-04-05 10:00:00,5,4,5,10,0,830,23.0,,,,Plein jour,Hors agglomération,Hors intersection,Normale,Trois véhicules et plus - collisions multiples,,,,,,,,,,,1,1,1,1,5
200500024088,0005-04-05 13:45:00,5,4,5,13,45,830,23.0,ancienne rte de marseill,,,Plein jour,En agglomération,Hors intersection,Normale,Deux véhicules - frontale,,,,,,,,,,,1,2,1,1,1
200500024089,0005-04-21 09:00:00,5,4,21,9,0,830,143.0,,,,Plein jour,Hors agglomération,Hors intersection,Normale,Deux véhicules - côté,,,,,,,,,,,1,1,1,1,3
200500024090,0005-04-17 11:45:00,5,4,17,11,45,830,95.0,,43.572,6.072,Plein jour,Hors agglomération,Hors intersection,Normale,Autre collision,,,,,,,,,,,1,1,1,1,6
200500024091,0005-04-21 18:45:00,5,4,21,18,45,830,100.0,,43.265,6.108,Plein jour,Hors agglomération,Hors intersection,Normale,Deux véhicules - frontale,,,,,,,,,,,1,1,1,1,1
200500024092,0005-04-26 19:00:00,5,4,26,19,0,830,57.0,1 Rue des Boyers,,,Plein jour,En agglomération,Hors intersection,Normale,Autre collision,,,,,,,,,,,1,2,1,1,6
200500024093,0005-04-10 01:15:00,5,4,10,1,15,830,113.0,,,,Nuit sans éclairage public,Hors agglomération,Hors intersection,Normale,Autre collision,,,,,,,,,,,3,1,1,1,6
200500024094,0005-04-23 01:15:00,5,4,23,1,15,830,150.0,,,,Nuit sans éclairage public,Hors agglomération,Hors intersection,Normale,Deux véhicules - frontale,,,,,,,,,,,3,1,1,1,1
200500024095,0005-04-24 14:00:00,5,4,24,14,0,830,66.0,,,,Plein jour,Hors agglomération,Hors intersection,Normale,Sans collision,,,,,,,,,,,1,1,1,1,7
200500024096,0005-04-01 18:30:00,5,4,1,18,30,830,77.0,,,,Plein jour,Hors agglomération,Hors intersection,Normale,Deux véhicules - frontale,,,,,,,,,,,1,1,1,1,1
200500024097,0005-04-14 14:00:00,5,4,14,14,0,830,108.0,,43.33,5.99,Plein jour,Hors agglomération,Hors intersection,Normale,Deux véhicules - frontale,,,,,,,,,,,1,1,1,1,1
200500024098,0005-04-06 07:00:00,5,4,6,7,0,830,140.0,,,,Crépuscule ou aube,Hors agglomération,Hors intersection,Normale,Deux véhicules - côté,,,,,,,,,,,2,1,1,1,3
200500024099,0005-04-19 07:15:00,5,4,19,7,15,830,120.0,,,,Crépuscule ou aube,Hors agglomération,Hors intersection,Normale,Deux véhicules - frontale,,,,,,,,,,,2,1,1,1,1
200500024100,0005-04-23 19:00:00,5,4,23,19,0,830,87.0,,,,Plein jour,Hors agglomération,Hors intersection,Normale,Autre collision,,,,,,,,,,,1,1,1,1,6
200500024101,0005-04-08 22:30:00,5,4,8,22,30,830,107.0,,,,Nuit sans éclairage public,Hors agglomération,Hors intersection,Normale,Deux véhicules - côté,,,,,,,,,,,3,1,1,1,3
200500024102,0005-04-22 18:45:00,5,4,22,18,45,830,107.0,,,,Plein jour,Hors agglomération,Hors intersection,Normale,Autre collision,,,,,,,,,,,1,1,1,1,6
200500024103,0005-04-22 11:30:00,5,4,22,11,30,830,48.0,CD 559 DEVANT PIZZA DAVI,,,Plein jour,En agglomération,Hors intersection,Normale,Autre collision,,,,,,,,,,,1,2,1,1,6
200500024104,0005-04-15 19:30:00,5,4,15,19,30,830,42.0,rue de l audiguier,,,Crépuscule ou aube,En agglomération,Hors intersection,Pluie légère,Deux véhicules - côté,,,,,,,,,,,2,2,1,2,3
200500024105,0005-04-26 20:00:00,5,4,26,20,0,830,63.0,,43.311,6.469,Crépuscule ou aube,Hors agglomération,Hors intersection,Normale,Autre collision,,,,,,,,,,,2,1,1,1,6
200500024106,0005-04-15 15:30:00,5,4,15,15,30,830,1.0,,,,Plein jour,Hors agglomération,Hors intersection,Normale,Deux véhicules - frontale,,,,,,,,,,,1,1,1,1,1
200500024107,0005-04-26 21:45:00,5,4,26,21,45,830,119.0,le pilon RN 98 A,,,Nuit avec éclairage allumé,En agglomération,Hors intersection,Normale,Sans collision,,,,,,,,,,,5,2,1,1,7
200500024108,0005-04-06 16:30:00,5,4,6,16,30,830,16.0,Bd du 11 Novembre,,,Plein jour,En agglomération,Intersection en X,Normale,Trois véhicules et plus - collisions multiples,,,,,,,,,,,1,2,2,1,5