accident_id,datetime,annee,mois,jour,heure,minute,departement,commune_insee,adresse,latitude,longitude,luminosite,agglomeration,intersection,meteo,collision,nb_vehicules,nb_usagers,nb_indemnes,nb_tues,nb_blesses_hosp,nb_blesses_legers,age_cond_1,age_cond_2,veh_type_cond_1,veh_type_cond_2,lum_code,agg_code,int_code,atm_code,col_code
200500024109,0005-04-02 18:15:00,5,4,2,18,15,830,91.0,,43.23,6.11,Plein jour,Hors agglomération,Hors intersection,Normale,Sans collision,,,,,,,,,,,1,1,1,1,7
200500024110,0005-04-08 10:45:00,5,4,8,10,45,830,49.0,avenue léon AMIC,43.24,6.07,Plein jour,En agglomération,Hors intersection,Normale,Deux véhicules - frontale,,,,,,,,,,,1,2,1,1,1
200500024111,0005-04-11 16:15:00,5,4,11,16,15,830,43.0,,43.29,6.21,Plein jour,Hors agglomération,Hors intersection,Normale,Deux véhicules - frontale,,,,,,,,,,,1,1,1,1,1
200500024112,0005-04-25 11:00:00,5,4,25,11,0,830,43.0,,43.241,6.287,Plein jour,Hors agglomération,Hors intersection,Normale,Sans collision,,,,,,,,,,,1,1,1,1,7
200500024113,0005-04-13 11:45:00,5,4,13,11,45,830,47.0,,,,Plein jour,Hors agglomération,Hors intersection,Normale,Autre collision,,,,,,,,,,,1,1,1,1,6
200500024114,0005-04-08 10:15:00,5,4,8,10,15,830,19.0,,43.154,6.301,Plein jour,Hors agglomération,Hors intersection,Normale,Autre collision,,,,,,,,,,,1,1,1,1,6
200500024115,0005-04-24 11:15:00,5,4,24,11,15,830,19.0,,43.197,6.336,Plein jour,Hors agglomération,Hors intersection,Normale,Trois véhicules et plus - collisions multiples,,,,,,,,,,,1,1,1,1,5
200500024116,0005-04-09 10:00:00,5,4,9,10,0,830,112.0,Rue du Verdon La banette,43.181,5.696,Plein jour,En agglomération,Hors intersection,Normale,Autre collision,,,,,,,,,,,1,2,1,1,6
200500024117,0005-04-22 11:15:00,5,4,22,11,15,830,27.0,,,,Plein jour,Hors agglomération,Hors intersection,Normale,Trois véhicules et plus - collisions multiples,,,,,,,,,,,1,1,1,1,5
200500024118,0005-04-01 18:30:00,5,4,1,18,30,830,132.0,RN97,43.178,6.048,Plein jour,En agglomération,Hors intersection,Normale,Autre collision,,,,,,,,,,,1,2,1,1,6
200500024119,0005-04-12 20:45:00,5,4,12,20,45,830,54.0,RUE DE LA REPUBLIQUE,43.174,6.046,Nuit avec éclairage allumé,En agglomération,Hors intersection,Normale,Autre collision,,,,,,,,,,,5,2,1,1,6
200500024120,0005-04-28 02:30:00,5,4,28,2,30,830,130.0,,,,Nuit avec éclairage allumé,Hors agglomération,Hors intersection,Normale,Trois véhicules et plus - collisions multiples,,,,,,,,,,,5,1,1,1,5
200500024121,0005-04-24 20:30:00,5,4,24,20,30,840,34.0,,,,Crépuscule ou aube,Hors agglomération,Hors intersection,Normale,Trois véhicules et plus - en chaîne,,,,,,,,,,,2,1,1,1,4
200500024122,0005-04-26 19:45:00,5,4,26,19,45,840,81.0,RN 100,43.942,4.915,Plein jour,En agglomération,Hors intersection,Normale,Deux véhicules - côté,,,,,,,,,,,1,2,1,1,3
200500024123,0005-04-27 08:00:00,5,4,27,8,0,840,36.0,RN 100,43.932,4.952,Plein jour,En agglomération,Hors intersection,Normale,Deux véhicules - côté,,,,,,,,,,,1,2,1,1,3
200500024124,0005-04-15 12:45:00,5,4,15,12,45,840,99.0,Avenue Aristide BRIAND,,,Plein jour,En agglomération,Hors intersection,Pluie légère,Deux véhicules - arrière,,,,,,,,,,,1,2,1,2,2
200500024125,0005-04-27 17:00:00,5,4,27,17,0,840,62.0,,43.901,5.119,Plein jour,Hors agglomération,Hors intersection,Normale,Autre collision,,,,,,,,,,,1,1,1,1,6
200500024126,0005-04-15 16:15:00,5,4,15,16,15,840,3.0,AVENUE DE LANCON,43.881,5.391,Plein jour,En agglomération,Hors intersection,Pluie légère,Deux véhicules - frontale,,,,,,,,,,,1,2,1,2,1
200500024127,0005-04-17 11:00:00,5,4,17,11,0,840,3.0,AVENUE DE VITON,43.885,5.421,Plein jour,En agglomération,Hors intersection,Normale,Deux véhicules - arrière,,,,,,,,,,,1,2,1,1,2
200500024128,0005-04-23 23:15:00,5,4,23,23,15,840,145.0,,,,Nuit sans éclairage public,Hors agglomération,Hors intersection,Normale,Deux véhicules - frontale,,,,,,,,,,,3,1,1,1,1
200500024129,0005-04-12 17:15:00,5,4,12,17,15,840,26.0,,,,Plein jour,Hors agglomération,Hors intersection,Normale,Deux véhicules - arrière,,,,,,,,,,,1,1,1,1,2
200500024130,0005-04-30 19:45:00,5,4,30,19,45,840,26.0,rue de la liberté,,,Plein jour,En agglomération,Hors intersection,Normale,Autre collision,,,,,,,,,,,1,2,1,1,6
200500024131,0005-04-05 22:30:00,5,4,5,22,30,840,66.0,,43.977,5.329,Nuit sans éclairage public,Hors agglomération,Hors intersection,Normale,Sans collision,,,,,,,,,,,3,1,1,1,7
200500024132,0005-04-23 17:00:00,5,4,23,17,0,840,23.0,,43.789,5.347,Plein jour,Hors agglomération,Hors intersection,Normale,Autre collision,,,,,,,,,,,1,1,1,1,6
200500024133,0005-04-03 08:30:00,5,4,3,8,30,840,72.0,,,,Plein jour,Hors agglomération,Hors intersection,Normale,Sans collision,,,,,,,,,,,1,1,1,1,7
200500024134,0005-04-03 11:30:00,5,4,3,11,30,840,43.0,153 chemin des rochières,,,Plein jour,En agglomération,Hors intersection,Normale,Deux véhicules - côté,,,,,,,,,,,1,2,1,1,3
200500024135,0005-04-16 13:15:00,5,4,16,13,15,840,88.0,,,,Plein jour,Hors agglomération,Hors intersection,Pluie légère,Deux véhicules - frontale,,,,,,,,,,,1,1,1,2,1
200500024136,0005-04-22 23:15:00,5,4,22,23,15,840,29.0,CHEMIN DE LA CHAPELLE,44.169,4.873,Nuit avec éclairage allumé,En agglomération,Hors intersection,Normale,Deux véhicules - frontale,,,,,,,,,,,5,2,1,1,1
200500024137,0005-04-02 17:30:00,5,4,2,17,30,840,19.0,avenue Salvadore Allende,,,Plein jour,En agglomération,Hors intersection,Normale,Deux véhicules - arrière,,,,,,,,,,,1,2,1,1,2
200500024138,0005-04-12 08:15:00,5,4,12,8,15,840,19.0,MONTEE RENEE VIETTO,44.282,4.752,Plein jour,En agglomération,Hors intersection,Normale,Autre collision,,,,,,,,,,,1,2,1,1,6
200500024139,0005-04-02 23:15:00,5,4,2,23,15,840,134.0,,,,Nuit sans éclairage public,Hors agglomération,Hors intersection,Normale,Deux véhicules - côté,,,,,,,,,,,3,1,1,1,3
200500024140,0005-04-12 15:30:00,5,4,12,15,30,340,14.0,,,,Plein jour,Hors agglomération,Hors intersection,Normale,Deux véhicules - frontale,,,,,,,,,,,1,1,1,1,1
200500024141,0005-04-23 10:45:00,5,4,23,10,45,340,309.0,"CD21, route de MONTPELLI",,,Plein jour,En agglomération,Hors intersection,Pluie légère,Trois véhicules et plus - collisions multiples,,,,,,,,,,,1,2,1,2,5
200500024142,0005-04-11 08:30:00,5,4,11,8,30,340,57.0,,,,Plein jour,En agglomération,Hors intersection,Normale,Deux véhicules - côté,,,,,,,,,,,1,2,1,1,3
200500024143,0005-04-06 17:45:00,5,4,6,17,45,340,307.0,ROUTE DE MONTPELLIER,43.715,4.006,Plein jour,En agglomération,Hors intersection,Normale,Deux véhicules - arrière,,,,,,,,,,,1,2,1,1,2
200500024144,0005-04-25 14:00:00,5,4,25,14,0,340,327.0,RUE DU STADE,43.665,3.976,Plein jour,En agglomération,Hors intersection,Normale,Deux véhicules - frontale,,,,,,,,,,,1,2,1,1,1
200500024145,0005-04-28 09:15:00,5,4,28,9,15,340,58.0,,43.673,3.975,Plein jour,Hors agglomération,Giratoire,Normale,Deux véhicules - frontale,,,,,,,,,,,1,1,6,1,1
200500024146,0005-04-09 16:00:00,5,4,9,16,0,340,67.0,,,,Crépuscule ou aube,Hors agglomération,Hors intersection,Normale,Autre collision,,,,,,,,,,,2,1,1,1,6
200500024147,0005-04-07 09:30:00,5,4,7,9,30,340,171.0,,,,Plein jour,Hors agglomération,Hors intersection,Pluie légère,Deux véhicules - frontale,,,,,,,,,,,1,1,1,2,1
200500024148,0005-04-07 22:30:00,5,4,7,22,30,340,33.0,,,,Plein jour,Hors agglomération,Hors intersection,Normale,Autre collision,,,,,,,,,,,1,1,1,1,6
200500024149,0005-04-10 18:00:00,5,4,10,18,0,340,246.0,,,,Plein jour,Hors agglomération,Hors intersection,Normale,Autre collision,,,,,,,,,,,1,1,1,1,6
200500024150,0005-04-24 00:45:00,5,4,24,0,45,340,151.0,,,,Nuit sans éclairage public,Hors agglomération,Hors intersection,Normale,Autre collision,,,,,,,,,,,3,1,1,1,6
200500024151,0005-04-27 04:15:00,5,4,27,4,15,340,33.0,,,,Nuit sans éclairage public,Hors agglomération,Hors intersection,Normale,Autre collision,,,,,,,,,,,3,1,1,1,6
200500024152,0005-04-10 16:30:00,5,4,10,16,30,340,154.0,RUE GOSCIGNY,43.61,4.0,Plein jour,En agglomération,Autre intersection,Vent fort / tempête,Autre collision,,,,,,,,,,,1,2,9,6,6
200500024153,0005-04-13 22:00:00,5,4,13,22,0,340,127.0,,,,Nuit sans éclairage public,Hors agglomération,Hors intersection,Normale,Deux véhicules - côté,,,,,,,,,,,3,1,1,1,3
200500024154,0005-04-26 09:00:00,5,4,26,9,0,340,154.0,,,,Plein jour,Hors agglomération,Hors intersection,Normale,Deux véhicules - côté,,,,,,,,,,,1,1,1,1,3
200500024155,0005-04-03 15:45:00,5,4,3,15,45,340,308.0,Les Cambous,43.613,3.078,Plein jour,En agglomération,Hors intersection,Pluie légère,Autre collision,,,,,,,,,,,1,2,1,2,6
200500024156,0005-04-05 04:30:00,5,4,5,4,30,340,55.0,,43.687,2.966,Nuit sans éclairage public,Hors agglomération,Hors intersection,Brouillard / fumée,Deux véhicules - frontale,,,,,,,,,,,3,1,1,5,1
200500024157,0005-04-18 18:45:00,5,4,18,18,45,340,28.0,01 av J.JAURES,,,Plein jour,En agglomération,Hors intersection,Normale,Deux véhicules - frontale,,,,,,,,,,,1,2,1,1,1
200500024158,0005-04-22 15:30:00,5,4,22,15,30,340,211.0,,43.582,3.052,Plein jour,Hors agglomération,Hors intersection,Normale,Deux véhicules - côté,,,,,,,,,,,1,1,1,1,3
200500024159,0005-04-28 18:30:00,5,4,28,18,30,340,28.0,,43.642,3.162,Plein jour,Hors agglomération,Autre intersection,Normale,Deux véhicules - côté,,,,,,,,,,,1,1,9,1,3
200500024160,0005-04-08 06:30:00,5,4,8,6,30,340,81.0,,43.325,3.186,Nuit sans éclairage public,Hors agglomération,Hors intersection,Autre,Sans collision,,,,,,,,,,,3,1,1,9,7
200500024161,0005-04-30 17:15:00,5,4,30,17,15,340,52.0,,43.344,3.018,Plein jour,Hors agglomération,Hors intersection,Normale,Sans collision,,,,,,,,,,,1,1,1,1,7
200500024162,0005-04-24 16:15:00,5,4,24,16,15,340,70.0,RN112,,,Plein jour,En agglomération,Hors intersection,Pluie légère,Deux véhicules - frontale,,,,,,,,,,,1,2,1,2,1
200500024163,0005-04-30 18:30:00,5,4,30,18,30,340,245.0,,,,Plein jour,Hors agglomération,Hors intersection,Normale,Autre collision,,,,,,,,,,,1,1,1,1,6
200500024164,0005-04-07 18:30:00,5,4,7,18,30,340,325.0,,43.42,3.361,Plein jour,Hors agglomération,Hors intersection,Normale,Autre collision,,,,,,,,,,,1,1,1,1,6
200500024165,0005-04-16 06:00:00,5,4,16,6,0,340,289.0,,43.393,3.435,Nuit sans éclairage public,Hors agglomération,Hors intersection,Normale,Sans collision,,,,,,,,,,,3,1,1,1,7
200500024166,0005-04-23 16:15:00,5,4,23,16,15,340,311.0,,43.473,3.379,Plein jour,Hors agglomération,Hors intersection,Pluie légère,Trois véhicules et plus - collisions multiples,,,,,,,,,,,1,1,1,2,5
200500024167,0005-04-03 21:15:00,5,4,3,21,15,340,147.0,,43.46,3.208,Nuit sans éclairage public,Hors agglomération,Hors intersection,Normale,Sans collision,,,,,,,,,,,3,1,1,1,7
200500024168,0005-04-09 03:45:00,5,4,9,3,45,340,139.0,,43.434,3.254,Nuit sans éclairage public,Hors agglomération,Hors intersection,Normale,Autre collision,,,,,,,,,,,3,1,1,1,6
200500024169,0005-04-21 16:00:00,5,4,21,16,0,340,224.0,,43.455,3.21,Plein jour,Hors agglomération,Hors intersection,Normale,Deux véhicules - côté,,,,,,,,,,,1,1,1,1,3
200500024170,0005-04-29 23:15:00,5,4,29,23,15,340,139.0,,43.42,3.22,Nuit sans éclairage public,Hors agglomération,Hors intersection,Normale,Deux véhicules - arrière,,,,,,,,,,,3,1,1,1,2
200500024171,0005-04-06 16:00:00,5,4,6,16,0,340,209.0,Avenue des Mûriers,43.28,3.36,Plein jour,En agglomération,Hors intersection,Normale,Deux véhicules - frontale,,,,,,,,,,,1,2,1,1,1
200500024172,0005-04-04 13:30:00,5,4,4,13,30,340,210.0,,43.597,3.522,Plein jour,Hors agglomération,Autre intersection,Normale,Trois véhicules et plus - collisions multiples,,,,,,,,,,,1,1,9,1,5
200500024173,0005-04-09 18:45:00,5,4,9,18,45,340,76.0,6 avenue de Montpellier,43.65,3.45,Plein jour,En agglomération,Hors intersection,Normale,Deux véhicules - frontale,,,,,,,,,,,1,2,1,1,1
200500024174,0005-04-17 02:00:00,5,4,17,2,0,340,281.0,30 rue de campagnan,43.533,3.515,Nuit sans éclairage public,En agglomération,Hors intersection,Normale,Autre collision,,,,,,,,,,,3,2,1,1,6
200500024175,0005-04-20 17:45:00,5,4,20,17,45,340,239.0,RD908,43.65,3.49,Plein jour,En agglomération,Hors intersection,Normale,Deux véhicules - côté,,,,,,,,,,,1,2,1,1,3
200500024176,0005-04-21 07:15:00,5,4,21,7,15,340,194.0,,43.54,3.44,Plein jour,Hors agglomération,Hors intersection,Normale,Deux véhicules - arrière,,,,,,,,,,,1,1,1,1,2
200500024177,0005-04-29 12:30:00,5,4,29,12,30,340,292.0,,43.61,3.27,Plein jour,Hors agglomération,Hors intersection,Normale,Deux véhicules - arrière,,,,,,,,,,,1,1,1,1,2
200500024178,0005-04-10 17:00:00,5,4,10,17,0,340,35.0,,43.679,3.614,Plein jour,Hors agglomération,Hors intersection,Vent fort / tempête,Sans collision,,,,,,,,,,,1,1,1,6,7
200500024179,0005-04-21 20:45:00,5,4,21,20,45,340,239.0,,,,Plein jour,Hors agglomération,Hors intersection,Normale,Autre collision,,,,,,,,,,,1,1,1,1,6
200500024180,0005-04-24 14:45:00,5,4,24,14,45,340,215.0,,,,Plein jour,Hors agglomération,Hors intersection,Pluie légère,Deux véhicules - frontale,,,,,,,,,,,1,1,1,2,1
200500024181,0005-04-17 06:30:00,5,4,17,6,30,340,332.0,,,,Crépuscule ou aube,Hors agglomération,Hors intersection,Normale,Deux véhicules - arrière,,,,,,,,,,,2,1,1,1,2
200500024182,0005-04-22 19:00:00,5,4,22,19,0,340,150.0,,,,Plein jour,En agglomération,Hors intersection,Normale,Deux véhicules - frontale,,,,,,,,,,,1,2,1,1,1
200500024183,0005-04-29 17:30:00,5,4,29,17,30,340,101.0,AVENUE ALEXANDRE LAVAL,43.39,3.46,Plein jour,En agglomération,Intersection en X,Normale,Deux véhicules - frontale,,,,,,,,,,,1,2,2,1,1
200500024184,0005-04-02 18:15:00,5,4,2,18,15,340,95.0,,,,Crépuscule ou aube,Hors agglomération,Hors intersection,Normale,Deux véhicules - frontale,,,,,,,,,,,2,1,1,1,1
200500024185,0005-04-25 15:15:00,5,4,25,15,15,340,88.0,CD 5,43.564,3.729,Plein jour,En agglomération,Intersection en T,Normale,Deux véhicules - côté,,,,,,,,,,,1,2,3,1,3
200500024186,0005-04-28 04:30:00,5,4,28,4,30,340,24.0,,,,Nuit sans éclairage public,Hors agglomération,Hors intersection,Brouillard / fumée,Sans collision,,,,,,,,,,,3,1,1,5,7
200500024187,0005-04-29 07:45:00,5,4,29,7,45,340,95.0,,43.539,3.756,Plein jour,Hors agglomération,Hors intersection,Normale,Deux véhicules - arrière,,,,,,,,,,,1,1,1,1,2
200500024188,0005-04-03 18:30:00,5,4,3,18,30,340,39.0,,43.45,3.64,Plein jour,Hors agglomération,Hors intersection,Normale,Deux véhicules - côté,,,,,,,,,,,1,1,1,1,3
200500024189,0005-04-08 22:15:00,5,4,8,22,15,340,157.0,,43.486,3.594,Nuit sans éclairage public,Hors agglomération,Hors intersection,Normale,Autre collision,,,,,,,,,,,3,1,1,1,6
200500024190,0005-04-01 16:45:00,5,4,1,16,45,110,288.0,,43.267,2.245,Plein jour,Hors agglomération,Hors intersection,Normale,Autre collision,,,,,,,,,,,1,1,1,1,6
200500024191,0005-04-24 16:00:00,5,4,24,16,0,110,89.0,,43.31,2.13,Plein jour,Hors agglomération,Hors intersection,Temps couvert,Autre collision,,,,,,,,,,,1,1,1,8,6
200500024192,0005-04-28 23:00:00,5,4,28,23,0,110,84.0,,,,Nuit avec éclairage non allumé,Hors agglomération,Hors intersection,Normale,Autre collision,,,,,,,,,,,4,1,1,1,6
200500024193,0005-04-28 14:00:00,5,4,28,14,0,110,115.0,Cazelles,43.366,2.27,Plein jour,En agglomération,Intersection en T,Normale,Deux véhicules - frontale,,,,,,,,,,,1,2,3,1,1
200500024194,0005-04-03 19:15:00,5,4,3,19,15,110,301.0,,43.234,2.642,Plein jour,Hors agglomération,Hors intersection,Temps couvert,Autre collision,,,,,,,,,,,1,1,1,8,6
200500024195,0005-04-03 06:45:00,5,4,3,6,45,110,211.0,,43.043,2.216,Nuit sans éclairage public,Hors agglomération,Hors intersection,Pluie forte,Autre collision,,,,,,,,,,,3,1,1,3,6
200500024196,0005-04-15 13:30:00,5,4,15,13,30,110,8.0,,,,Plein jour,Hors agglomération,Hors intersection,Pluie forte,Autre collision,,,,,,,,,,,1,1,1,3,6
200500024197,0005-04-19 09:45:00,5,4,19,9,45,110,299.0,,,,Plein jour,Hors agglomération,Hors intersection,Normale,Deux véhicules - frontale,,,,,,,,,,,1,1,1,1,1
200500024198,0005-04-22 10:30:00,5,4,22,10,30,110,206.0,,43.044,2.254,Crépuscule ou aube,Hors agglomération,Passage à niveau,Normale,Deux véhicules - côté,,,,,,,,,,,2,1,8,1,3
200500024199,0005-04-23 20:15:00,5,4,23,20,15,110,119.0,,43.053,2.169,Crépuscule ou aube,Hors agglomération,Hors intersection,Normale,Deux véhicules - frontale,,,,,,,,,,,2,1,1,1,1
200500024200,0005-04-16 11:30:00,5,4,16,11,30,110,209.0,,42.972,2.264,Plein jour,Hors agglomération,Hors intersection,Normale,Deux véhicules - frontale,,,,,,,,,,,1,1,1,1,1
200500024201,0005-04-25 15:30:00,5,4,25,15,30,110,129.0,chemin sudre,42.939,2.215,Plein jour,En agglomération,Hors intersection,Normale,Deux véhicules - frontale,,,,,,,,,,,1,2,1,1,1
200500024202,0005-04-23 10:15:00,5,4,23,10,15,110,269.0,,43.32,2.977,Plein jour,Hors agglomération,Hors intersection,Pluie légère,Autre collision,,,,,,,,,,,1,1,1,2,6
200500024203,0005-04-04 07:15:00,5,4,4,7,15,110,379.0,,43.03,2.99,Crépuscule ou aube,Hors agglomération,Giratoire,Temps couvert,Deux véhicules - côté,,,,,,,,,,,2,1,6,8,3
200500024204,0005-04-15 17:15:00,5,4,15,17,15,300,133.0,,,,Plein jour,En agglomération,Giratoire,Pluie légère,Deux véhicules - côté,,,,,,,,,,,1,2,6,2,3
200500024205,0005-04-18 16:00:00,5,4,18,16,0,300,133.0,route des marines,43.52,4.14,Plein jour,En agglomération,Hors intersection,Normale,Deux véhicules - frontale,,,,,,,,,,,1,2,1,1,1
200500024206,0005-04-26 13:15:00,5,4,26,13,15,300,3.0,Porte de la Gardette,43.57,4.19,Plein jour,En agglomération,Hors intersection,Normale,Autre collision,,,,,,,,,,,1,2,1,1,6
200500024207,0005-04-30 18:30:00,5,4,30,18,30,300,3.0,Avenue Frédéric Mistral,,,Plein jour,En agglomération,Hors intersection,Normale,Autre collision,,,,,,,,,,,1,2,1,1,6
200500024208,0005-04-09 16:00:00,5,4,9,16,0,300,62.0,,,,Plein jour,Hors agglomération,Hors intersection,Normale,Deux véhicules - côté,,,,,,,,,,,1,1,1,1,3
200500024209,0005-04-16 19:00:00,5,4,16,19,0,300,114.0,,,,Plein jour,Hors agglomération,Hors intersection,Pluie légère,Deux véhicules - frontale,,,,,,,,,,,1,1,1,2,1
200500024210,0005-04-17 15:00:00,5,4,17,15,0,300,114.0,,43.83,4.095,Plein jour,Hors agglomération,Hors intersection,Normale,Sans collision,,,,,,,,,,,1,1,1,1,7
200500024211,0005-04-27 16:00:00,5,4,27,16,0,300,114.0,,,,Plein jour,Hors agglomération,Autre intersection,Normale,Autre collision,,,,,,,,,,,1,1,9,1,6
200500024212,0005-04-02 18:00:00,5,4,2,18,0,300,258.0,,,,Plein jour,Hors agglomération,Hors intersection,Normale,Autre collision,,,,,,,,,,,1,1,1,1,6
200500024213,0005-04-18 21:30:00,5,4,18,21,30,300,258.0,,,,Nuit sans éclairage public,Hors agglomération,Hors intersection,Pluie forte,Trois véhicules et plus - collisions multiples,,,,,,,,,,,3,1,1,3,5
200500024214,0005-04-01 15:45:00,5,4,1,15,45,300,169.0,,43.786,4.298,Plein jour,Hors agglomération,Hors intersection,Normale,Deux véhicules - côté,,,,,,,,,,,1,1,1,1,3
200500024215,0005-04-04 15:15:00,5,4,4,15,15,300,341.0,,43.789,4.3,Plein jour,Hors agglomération,Hors intersection,Normale,Autre collision,,,,,,,,,,,1,1,1,1,6
200500024216,0005-04-12 20:00:00,5,4,12,20,0,300,934.0,,43.573,4.31,Plein jour,Hors agglomération,Hors intersection,Normale,Trois véhicules et plus - collisions multiples,,,,,,,,,,,1,1,1,1,5
200500024217,0005-04-16 12:30:00,5,4,16,12,30,300,10.0,,44.043,3.992,Plein jour,Hors agglomération,Hors intersection,Normale,Deux véhicules - frontale,,,,,,,,,,,1,1,1,1,1
200500024218,0005-04-20 16:00:00,5,4,20,16,0,300,51.0,Route de la plaine,,,Plein jour,En agglomération,Hors intersection,Normale,Autre collision,,,,,,,,,,,1,2,1,1,6
200500024219,0005-04-03 20:00:00,5,4,3,20,0,300,294.0,,44.161,4.131,Crépuscule ou aube,Hors agglomération,Hors intersection,Normale,Sans collision,,,,,,,,,,,2,1,1,1,7
200500024220,0005-04-02 10:00:00,5,4,2,10,0,300,348.0,,44.038,4.137,Plein jour,Hors agglomération,Hors intersection,Normale,Sans collision,,,,,,,,,,,1,1,1,1,7
200500024221,0005-04-05 16:00:00,5,4,5,16,0,300,100.0,,44.007,4.202,Plein jour,Hors agglomération,Hors intersection,Normale,Sans collision,,,,,,,,,,,1,1,1,1,7
200500024222,0005-04-27 13:45:00,5,4,27,13,45,300,71.0,,44.025,4.135,Plein jour,Hors agglomération,Hors intersection,Normale,Deux véhicules - côté,,,,,,,,,,,1,1,1,1,3
200500024223,0005-04-29 07:00:00,5,4,29,7,0,300,109.0,,44.07,4.243,Plein jour,Hors agglomération,Hors intersection,Normale,Sans collision,,,,,,,,,,,1,1,1,1,7
200500024224,0005-04-06 13:00:00,5,4,6,13,0,300,90.0,,,,Plein jour,Hors agglomération,Hors intersection,Normale,Autre collision,,,,,,,,,,,1,1,1,1,6
200500024225,0005-04-10 06:00:00,5,4,10,6,0,300,37.0,CD 51 - PK 17,,,Nuit sans éclairage public,En agglomération,Hors intersection,Normale,Autre collision,,,,,,,,,,,3,2,1,1,6
200500024226,0005-04-16 23:00:00,5,4,16,23,0,300,237.0,LA CROISEE,,,Nuit avec éclairage allumé,En agglomération,Hors intersection,Normale,Deux véhicules - frontale,,,,,,,,,,,5,2,1,1,1
200500024227,0005-04-19 01:45:00,5,4,19,1,45,300,225.0,,,,Nuit sans éclairage public,Hors agglomération,Hors intersection,Normale,Sans collision,,,,,,,,,,,3,1,1,1,7
200500024228,0005-04-08 15:15:00,5,4,8,15,15,300,151.0,,,,Plein jour,Hors agglomération,Hors intersection,Normale,Autre collision,,,,,,,,,,,1,1,1,1,6
200500024229,0005-04-27 12:45:00,5,4,27,12,45,300,175.0,,,,Plein jour,Hors agglomération,Hors intersection,Normale,Autre collision,,,,,,,,,,,1,1,1,1,6
200500024230,0005-04-05 07:45:00,5,4,5,7,45,300,202.0,,44.261,4.648,Plein jour,En agglomération,Hors intersection,Normale,Deux véhicules - arrière,,,,,,,,,,,1,2,1,1,2
200500024231,0005-04-11 11:30:00,5,4,11,11,30,300,116.0,,43.95,4.61,Plein jour,Hors agglomération,Hors intersection,Normale,Deux véhicules - frontale,,,,,,,,,,,1,1,1,1,1
200500024232,0005-04-15 16:30:00,5,4,15,16,30,300,116.0,,43.948,4.624,Plein jour,Hors agglomération,Hors intersection,Pluie forte,Trois véhicules et plus - collisions multiples,,,,,,,,,,,1,1,1,3,5
200500024233,0005-04-01 14:45:00,5,4,1,14,45,300,141.0,RN580,44.095,4.705,Nuit avec éclairage allumé,En agglomération,Autre intersection,Normale,Trois véhicules et plus - collisions multiples,,,,,,,,,,,5,2,9,1,5
200500024234,0005-04-16 14:00:00,5,4,16,14,0,300,312.0,,,,Plein jour,Hors agglomération,Hors intersection,Pluie forte,Trois véhicules et plus - collisions multiples,,,,,,,,,,,1,1,1,3,5
200500024235,0005-04-08 07:30:00,5,4,8,7,30,300,241.0,,,,Crépuscule ou aube,Hors agglomération,Hors intersection,Pluie légère,Deux véhicules - frontale,,,,,,,,,,,2,1,1,2,1
200500024236,0005-04-28 21:00:00,5,4,28,21,0,300,102.0,,,,Nuit sans éclairage public,Hors agglomération,Hors intersection,Normale,Deux véhicules - côté,,,,,,,,,,,3,1,1,1,3
200500024237,0005-04-30 22:15:00,5,4,30,22,15,300,88.0,,,,Plein jour,Hors agglomération,Hors intersection,Normale,Deux véhicules - arrière,,,,,,,,,,,1,1,1,1,2
200500024238,0005-04-30 04:30:00,5,4,30,4,30,300,217.0,,,,Nuit sans éclairage public,Hors agglomération,Hors intersection,Normale,Deux véhicules - frontale,,,,,,,,,,,3,1,1,1,1
200500024239,0005-04-03 15:45:00,5,4,3,15,45,300,15.0,,44.04,3.583,Plein jour,Hors agglomération,Hors intersection,Normale,Autre collision,,,,,,,,,,,1,1,1,1,6
200500024240,0005-04-28 12:00:00,5,4,28,12,0,300,190.0,,44.049,3.683,Plein jour,Hors agglomération,Hors intersection,Normale,Sans collision,,,,,,,,,,,1,1,1,1,7
200500024241,0005-04-30 10:45:00,5,4,30,10,45,300,108.0,,,,Plein jour,Hors agglomération,Hors intersection,Normale,Deux véhicules - frontale,,,,,,,,,,,1,1,1,1,1
200500024242,0005-04-02 21:15:00,5,4,2,21,15,300,192.0,,,,Nuit sans éclairage public,Hors agglomération,Hors intersection,Normale,Autre collision,,,,,,,,,,,3,1,1,1,6
200500024243,0005-04-08 22:45:00,5,4,8,22,45,300,69.0,,,,Nuit sans éclairage public,Hors agglomération,Hors intersection,Normale,Sans collision,,,,,,,,,,,3,1,1,1,7
200500024244,0005-04-17 07:30:00,5,4,17,7,30,300,93.0,route de st hippolyte,43.95,3.913,Plein jour,En agglomération,Hors intersection,Normale,Deux véhicules - frontale,,,,,,,,,,,1,2,1,1,1