accident_id,datetime,annee,mois,jour,heure,minute,departement,commune_insee,adresse,latitude,longitude,luminosite,agglomeration,intersection,meteo,collision,nb_vehicules,nb_usagers,nb_indemnes,nb_tues,nb_blesses_hosp,nb_blesses_legers,age_cond_1,age_cond_2,veh_type_cond_1,veh_type_cond_2,lum_code,agg_code,int_code,atm_code,col_code
200500024382,0005-04-24 16:30:00,5,4,24,16,30,280,171.0,,48.702,1.343,Plein jour,Hors agglomération,Hors intersection,Normale,Sans collision,,,,,,,,,,,1,1,1,1,7
200500024383,0005-04-25 10:45:00,5,4,25,10,45,280,359.0,Rue de Vaudry,48.747,1.227,Plein jour,En agglomération,Hors intersection,Normale,Autre collision,,,,,,,,,,,1,2,1,1,6
200500024384,0005-04-15 08:15:00,5,4,15,8,15,280,293.0,,48.85,1.51,Plein jour,Hors agglomération,Hors intersection,Normale,Deux véhicules - côté,,,,,,,,,,,1,1,1,1,3
200500024385,0005-04-22 18:30:00,5,4,22,18,30,280,59.0,,48.704,1.174,Plein jour,Hors agglomération,Hors intersection,Normale,Deux véhicules - côté,,,,,,,,,,,1,1,1,1,3
200500024386,0005-04-11 07:30:00,5,4,11,7,30,280,374.0,,48.578,1.435,Plein jour,Hors agglomération,Hors intersection,Brouillard / fumée,Autre collision,,,,,,,,,,,1,1,1,5,6
200500024387,0005-04-01 23:15:00,5,4,1,23,15,280,280.0,,48.309,0.807,Nuit sans éclairage public,Hors agglomération,Hors intersection,Normale,Sans collision,,,,,,,,,,,3,1,1,1,7
200500024388,0005-04-06 05:00:00,5,4,6,5,0,280,280.0,,48.306,0.802,Nuit sans éclairage public,Hors agglomération,Hors intersection,Normale,Deux véhicules - frontale,,,,,,,,,,,3,1,1,1,1
200500024389,0005-04-14 19:00:00,5,4,14,19,0,280,252.0,,48.25,0.995,Plein jour,Hors agglomération,Hors intersection,Pluie légère,Deux véhicules - frontale,,,,,,,,,,,1,1,1,2,1
200500024390,0005-04-05 20:00:00,5,4,5,20,0,280,214.0,,48.476,0.97,Crépuscule ou aube,Hors agglomération,Hors intersection,Normale,Autre collision,,,,,,,,,,,2,1,1,1,6
200500024391,0005-04-10 05:00:00,5,4,10,5,0,360,128.0,,46.868,1.771,Nuit sans éclairage public,Hors agglomération,Hors intersection,Normale,Autre collision,,,,,,,,,,,3,1,1,1,6
200500024392,0005-04-10 19:00:00,5,4,10,19,0,360,128.0,,,,Plein jour,Hors agglomération,Hors intersection,Normale,Sans collision,,,,,,,,,,,1,1,1,1,7
200500024393,0005-04-29 11:45:00,5,4,29,11,45,360,93.0,,46.977,1.615,Plein jour,Hors agglomération,Hors intersection,Normale,Deux véhicules - arrière,,,,,,,,,,,1,1,1,1,2
200500024394,0005-04-04 11:30:00,5,4,4,11,30,360,55.0,RUE NATIONALE,,,Plein jour,En agglomération,Hors intersection,Normale,Trois véhicules et plus - en chaîne,,,,,,,,,,,1,2,1,1,4
200500024395,0005-04-20 10:30:00,5,4,20,10,30,360,90.0,,,,Plein jour,Hors agglomération,Hors intersection,Normale,Deux véhicules - côté,,,,,,,,,,,1,1,1,1,3
200500024396,0005-04-18 18:00:00,5,4,18,18,0,360,72.0,,47.185,1.398,Plein jour,Hors agglomération,Intersection en X,Neige / grêle,Deux véhicules - côté,,,,,,,,,,,1,1,2,4,3
200500024397,0005-04-05 18:00:00,5,4,5,18,0,360,18.0,,46.635,1.058,Plein jour,En agglomération,Hors intersection,Normale,Sans collision,,,,,,,,,,,1,2,1,1,7
200500024398,0005-04-22 17:30:00,5,4,22,17,30,360,43.0,,46.534,1.92,Plein jour,Hors agglomération,Hors intersection,Normale,Sans collision,,,,,,,,,,,1,1,1,1,7
200500024399,0005-04-03 16:00:00,5,4,3,16,0,360,32.0,,,,Plein jour,Hors agglomération,Hors intersection,Normale,Deux véhicules - frontale,,,,,,,,,,,1,1,1,1,1
200500024400,0005-04-12 19:00:00,5,4,12,19,0,360,52.0,,46.906,2.06,Plein jour,Hors agglomération,Hors intersection,Normale,Deux véhicules - côté,,,,,,,,,,,1,1,1,1,3
200500024401,0005-04-14 14:30:00,5,4,14,14,30,360,181.0,,,,Plein jour,Hors agglomération,Hors intersection,Normale,Autre collision,,,,,,,,,,,1,1,1,1,6
200500024402,0005-04-12 09:00:00,5,4,12,9,0,370,163.0,chemin des poulains,,,Plein jour,En agglomération,Giratoire,Normale,Deux véhicules - côté,,,,,,,,,,,1,2,6,1,3
200500024403,0005-04-17 12:45:00,5,4,17,12,45,370,279.0,,,,Plein jour,Hors agglomération,Hors intersection,Normale,Autre collision,,,,,,,,,,,1,1,1,1,6
200500024404,0005-04-25 19:00:00,5,4,25,19,0,370,117.0,,,,Plein jour,Hors agglomération,Hors intersection,Normale,Deux véhicules - frontale,,,,,,,,,,,1,1,1,1,1
200500024405,0005-04-04 13:30:00,5,4,4,13,30,370,231.0,LA ROCHE RACAN,47.596,0.501,Plein jour,En agglomération,Hors intersection,Normale,Deux véhicules - arrière,,,,,,,,,,,1,2,1,1,2
200500024406,0005-04-29 17:00:00,5,4,29,17,0,370,21.0,,47.555,0.689,Plein jour,Hors agglomération,Hors intersection,Normale,Deux véhicules - côté,,,,,,,,,,,1,1,1,1,3
200500024407,0005-04-30 18:15:00,5,4,30,18,15,370,21.0,,,,Plein jour,Hors agglomération,Hors intersection,Normale,Sans collision,,,,,,,,,,,1,1,1,1,7
200500024408,0005-04-26 15:30:00,5,4,26,15,30,370,30.0,,,,Plein jour,Hors agglomération,Intersection en X,Normale,Deux véhicules - côté,,,,,,,,,,,1,1,2,1,3
200500024409,0005-04-26 20:15:00,5,4,26,20,15,370,120.0,,,,Plein jour,Hors agglomération,Hors intersection,Normale,Trois véhicules et plus - collisions multiples,,,,,,,,,,,1,1,1,1,5
200500024410,0005-04-30 18:15:00,5,4,30,18,15,370,14.0,rue pineau et du stade,47.266,0.467,Plein jour,En agglomération,Giratoire,Normale,Deux véhicules - côté,,,,,,,,,,,1,2,6,1,3
200500024411,0005-04-25 05:00:00,5,4,25,5,0,370,93.0,,,,Nuit sans éclairage public,Hors agglomération,Hors intersection,Normale,Autre collision,,,,,,,,,,,3,1,1,1,6
200500024412,0005-04-29 09:15:00,5,4,29,9,15,370,187.0,la jacquerie,47.02,0.554,Plein jour,En agglomération,Hors intersection,Normale,Deux véhicules - arrière,,,,,,,,,,,1,2,1,1,2
200500024413,0005-04-16 18:00:00,5,4,16,18,0,370,104.0,,47.318,0.781,Plein jour,Hors agglomération,Hors intersection,Normale,Sans collision,,,,,,,,,,,1,1,1,1,7
200500024414,0005-04-01 22:45:00,5,4,1,22,45,410,55.0,,,,Nuit sans éclairage public,Hors agglomération,Hors intersection,Normale,Sans collision,,,,,,,,,,,3,1,1,1,7
200500024415,0005-04-14 17:45:00,5,4,14,17,45,410,155.0,le du bout d'en haut,,,Plein jour,En agglomération,Intersection en X,Pluie légère,Trois véhicules et plus - collisions multiples,,,,,,,,,,,1,2,2,2,5
200500024416,0005-04-26 18:15:00,5,4,26,18,15,410,39.0,,,,Plein jour,Hors agglomération,Intersection en X,Pluie forte,Deux véhicules - côté,,,,,,,,,,,1,1,2,3,3
200500024417,0005-04-03 17:15:00,5,4,3,17,15,410,43.0,,,,Plein jour,Hors agglomération,Hors intersection,Normale,Trois véhicules et plus - collisions multiples,,,,,,,,,,,1,1,1,1,5
200500024418,0005-04-14 07:00:00,5,4,14,7,0,410,282.0,,47.365,1.782,Nuit sans éclairage public,Hors agglomération,Hors intersection,Normale,Sans collision,,,,,,,,,,,3,1,1,1,7
200500024419,0005-04-26 21:00:00,5,4,26,21,0,410,192.0,4 COTE DE RIS,47.779,0.89,Nuit sans éclairage public,En agglomération,Hors intersection,Pluie légère,Sans collision,,,,,,,,,,,3,2,1,2,7
200500024420,0005-04-01 19:30:00,5,4,1,19,30,290,233.0,,,,Plein jour,Hors agglomération,Hors intersection,Normale,Autre collision,,,,,,,,,,,1,1,1,1,6
200500024421,0005-04-08 15:15:00,5,4,8,15,15,290,150.0,,47.831,-3.603,Plein jour,Hors agglomération,Hors intersection,Neige / grêle,Autre collision,,,,,,,,,,,1,1,1,4,6
200500024422,0005-04-03 00:15:00,5,4,3,0,15,950,365.0,,49.1,2.419,Nuit sans éclairage public,Hors agglomération,Hors intersection,Normale,Deux véhicules - frontale,,,,,,,,,,,3,1,1,1,1
200500024423,0005-04-04 15:30:00,5,4,4,15,30,950,352.0,PLACE DE L'EUROPE,49.115,2.423,Plein jour,En agglomération,Place,Normale,Sans collision,,,,,,,,,,,1,2,7,1,7
200500024424,0005-04-12 14:00:00,5,4,12,14,0,950,26.0,,49.139,2.351,Plein jour,Hors agglomération,Autre intersection,Normale,Deux véhicules - frontale,,,,,,,,,,,1,1,9,1,1
200500024425,0005-04-14 14:30:00,5,4,14,14,30,950,652.0,,49.141,2.375,Plein jour,Hors agglomération,Hors intersection,Normale,Trois véhicules et plus - en chaîne,,,,,,,,,,,1,1,1,1,4
200500024426,0005-04-08 09:45:00,5,4,8,9,45,440,20.0,rue de la paix,,,Plein jour,En agglomération,Hors intersection,Normale,Autre collision,,,,,,,,,,,1,2,1,1,6
200500024427,0005-04-13 15:45:00,5,4,13,15,45,330,199.0,allée chante cigale,,,Plein jour,En agglomération,Hors intersection,Normale,Deux véhicules - côté,,,,,,,,,,,1,2,1,1,3
200500024428,0005-04-18 16:15:00,5,4,18,16,15,330,234.0,,,,Plein jour,Hors agglomération,Giratoire,Normale,Deux véhicules - frontale,,,,,,,,,,,1,1,6,1,1
200500024429,0005-04-08 19:15:00,5,4,8,19,15,580,207.0,,47.104,3.119,Plein jour,Hors agglomération,Hors intersection,Normale,Deux véhicules - côté,,,,,,,,,,,1,1,1,1,3
200500024430,0005-04-08 17:45:00,5,4,8,17,45,150,45.0,,44.83,3.028,Plein jour,Hors agglomération,Hors intersection,Normale,Autre collision,,,,,,,,,,,1,1,1,1,6
200500024431,0005-04-30 10:30:00,5,4,30,10,30,150,45.0,,44.847,2.999,Plein jour,Hors agglomération,Hors intersection,Temps éblouissant,Autre collision,,,,,,,,,,,1,1,1,7,6
200500024432,0005-04-01 17:45:00,5,4,1,17,45,130,40.0,,,,Plein jour,Hors agglomération,Hors intersection,Normale,Deux véhicules - frontale,,,,,,,,,,,1,1,1,1,1
200500024433,0005-04-23 10:45:00,5,4,23,10,45,130,87.0,,43.49,5.63,Plein jour,Hors agglomération,Hors intersection,Pluie légère,Deux véhicules - frontale,,,,,,,,,,,1,1,1,2,1
200500024434,0005-04-05 17:45:00,5,4,5,17,45,470,195.0,,44.13,0.35,Plein jour,Hors agglomération,Hors intersection,Normale,Autre collision,,,,,,,,,,,1,1,1,1,6
200500024435,0005-04-09 11:00:00,5,4,9,11,0,470,195.0,,44.17,0.31,Plein jour,Hors agglomération,Hors intersection,Normale,Deux véhicules - côté,,,,,,,,,,,1,1,1,1,3
200500024436,0005-04-29 16:30:00,5,4,29,16,30,470,167.0,ZI LA RIVIERE,44.06,0.249,Plein jour,En agglomération,Intersection en T,Normale,Deux véhicules - arrière,,,,,,,,,,,1,2,3,1,2
200500024437,0005-04-03 11:45:00,5,4,3,11,45,110,144.0,,,,Plein jour,Hors agglomération,Hors intersection,Pluie forte,Autre collision,,,,,,,,,,,1,1,1,3,6
200500024438,0005-04-19 13:15:00,5,4,19,13,15,340,270.0,,,,Plein jour,En agglomération,Hors intersection,Normale,Deux véhicules - frontale,,,,,,,,,,,1,2,1,1,1
200500024439,0005-04-21 17:00:00,5,4,21,17,0,340,163.0,CD 111,,,Plein jour,En agglomération,Hors intersection,Normale,Deux véhicules - frontale,,,,,,,,,,,1,2,1,1,1
200500024440,0005-04-25 08:30:00,5,4,25,8,30,340,270.0,RUE DE Tourterel,,,Plein jour,En agglomération,Hors intersection,Normale,Deux véhicules - frontale,,,,,,,,,,,1,2,1,1,1
200500024441,0005-04-24 21:45:00,5,4,24,21,45,910,634.0,,48.608,2.111,Nuit sans éclairage public,Hors agglomération,Hors intersection,Normale,Deux véhicules - frontale,,,,,,,,,,,3,1,1,1,1
200500024442,0005-04-28 16:00:00,5,4,28,16,0,280,276.0,,48.274,1.853,Plein jour,Hors agglomération,Hors intersection,Normale,Deux véhicules - frontale,,,,,,,,,,,1,1,1,1,1
200500024443,0005-04-15 13:00:00,5,4,15,13,0,370,50.0,PARKING AUCHAN,,,Plein jour,En agglomération,Hors intersection,Normale,Autre collision,,,,,,,,,,,1,2,1,1,6
200500024444,0005-04-11 19:00:00,5,4,11,19,0,770,407.0,,48.53,2.5,Plein jour,Hors agglomération,Hors intersection,Normale,Autre collision,,,,,,,,,,,1,1,1,1,6
200500024445,0005-04-17 02:00:00,5,4,17,2,0,890,208.0,,,,Nuit sans éclairage public,Hors agglomération,Hors intersection,Temps couvert,Sans collision,,,,,,,,,,,3,1,1,8,7
200500024446,0005-04-28 11:15:00,5,4,28,11,15,890,381.0,,,,Plein jour,Hors agglomération,Hors intersection,Normale,Sans collision,,,,,,,,,,,1,1,1,1,7
200500024447,0005-04-07 01:30:00,5,4,7,1,30,800,685.0,,,,Nuit sans éclairage public,Hors agglomération,Hors intersection,Normale,Deux véhicules - arrière,,,,,,,,,,,3,1,1,1,2
200500024448,0005-04-07 17:45:00,5,4,7,17,45,800,204.0,,,,Plein jour,Hors agglomération,Hors intersection,Pluie légère,Trois véhicules et plus - collisions multiples,,,,,,,,,,,1,1,1,2,5
200500024449,0005-04-28 17:00:00,5,4,28,17,0,800,353.0,,,,Plein jour,Hors agglomération,Hors intersection,Normale,Deux véhicules - arrière,,,,,,,,,,,1,1,1,1,2
200500024450,0005-04-08 02:00:00,5,4,8,2,0,710,118.0,,,,Nuit sans éclairage public,Hors agglomération,Hors intersection,Pluie légère,Trois véhicules et plus - collisions multiples,,,,,,,,,,,3,1,1,2,5
200500024451,0005-04-25 17:00:00,5,4,25,17,0,710,170.0,,,,Plein jour,Hors agglomération,Hors intersection,Normale,Deux véhicules - arrière,,,,,,,,,,,1,1,1,1,2
200500024452,0005-04-29 04:00:00,5,4,29,4,0,710,170.0,,,,Nuit sans éclairage public,Hors agglomération,Hors intersection,Normale,Deux véhicules - côté,,,,,,,,,,,3,1,1,1,3
200500024453,0005-04-06 13:45:00,5,4,6,13,45,710,583.0,,,,Plein jour,Hors agglomération,Hors intersection,Normale,Deux véhicules - arrière,,,,,,,,,,,1,1,1,1,2
200500024454,0005-04-09 05:45:00,5,4,9,5,45,890,53.0,,,,Nuit sans éclairage public,Hors agglomération,Hors intersection,Temps couvert,Autre collision,,,,,,,,,,,3,1,1,8,6
200500024455,0005-04-10 14:15:00,5,4,10,14,15,890,341.0,,,,Plein jour,Hors agglomération,Hors intersection,Normale,Deux véhicules - arrière,,,,,,,,,,,1,1,1,1,2
200500024456,0005-04-12 05:45:00,5,4,12,5,45,130,76.0,,,,Nuit sans éclairage public,Hors agglomération,Hors intersection,Normale,Trois véhicules et plus - collisions multiples,,,,,,,,,,,3,1,1,1,5
200500024457,0005-04-23 19:15:00,5,4,23,19,15,130,76.0,,,,Plein jour,Hors agglomération,Hors intersection,Normale,Autre collision,,,,,,,,,,,1,1,1,1,6
200500024458,0005-04-01 22:45:00,5,4,1,22,45,840,83.0,,,,Nuit sans éclairage public,Hors agglomération,Hors intersection,Normale,Trois véhicules et plus - collisions multiples,,,,,,,,,,,3,1,1,1,5
200500024459,0005-04-04 12:30:00,5,4,4,12,30,840,87.0,,,,Plein jour,Hors agglomération,Autre intersection,Normale,Autre collision,,,,,,,,,,,1,1,9,1,6
200500024460,0005-04-19 16:00:00,5,4,19,16,0,300,116.0,,,,Plein jour,Hors agglomération,Hors intersection,Normale,Deux véhicules - arrière,,,,,,,,,,,1,1,1,1,2
200500024461,0005-04-21 04:30:00,5,4,21,4,30,840,83.0,,,,Nuit sans éclairage public,Hors agglomération,Hors intersection,Normale,Deux véhicules - arrière,,,,,,,,,,,3,1,1,1,2
200500024462,0005-04-14 14:00:00,5,4,14,14,0,600,155.0,,49.278,2.357,Plein jour,Hors agglomération,Intersection en X,Normale,Deux véhicules - frontale,,,,,,,,,,,1,1,2,1,1
200500024463,0005-04-10 10:45:00,5,4,10,10,45,760,484.0,,49.343,1.069,Plein jour,Hors agglomération,Hors intersection,Temps couvert,Deux véhicules - frontale,,,,,,,,,,,1,1,1,8,1
200500024464,0005-04-04 11:45:00,5,4,4,11,45,270,5.0,,,,Plein jour,Hors agglomération,Hors intersection,Normale,Deux véhicules - arrière,,,,,,,,,,,1,1,1,1,2
200500024465,0005-04-06 14:30:00,5,4,6,14,30,270,332.0,,,,Plein jour,Hors agglomération,Hors intersection,Normale,Sans collision,,,,,,,,,,,1,1,1,1,7
200500024466,0005-04-04 01:00:00,5,4,4,1,0,270,399.0,,,,Nuit sans éclairage public,Hors agglomération,Hors intersection,Normale,Autre collision,,,,,,,,,,,3,1,1,1,6
200500024467,0005-04-25 10:45:00,5,4,25,10,45,270,517.0,,,,Plein jour,Hors agglomération,Autre intersection,Normale,Sans collision,,,,,,,,,,,1,1,9,1,7
200500024468,0005-04-30 07:00:00,5,4,30,7,0,270,150.0,,,,Crépuscule ou aube,Hors agglomération,Hors intersection,Normale,Deux véhicules - côté,,,,,,,,,,,2,1,1,1,3
200500024469,0005-04-02 12:30:00,5,4,2,12,30,600,160.0,,,,Plein jour,Hors agglomération,Hors intersection,Normale,Autre collision,,,,,,,,,,,1,1,1,1,6
200500024470,0005-04-07 20:00:00,5,4,7,20,0,600,138.0,,,,Plein jour,Hors agglomération,Hors intersection,Normale,Deux véhicules - frontale,,,,,,,,,,,1,1,1,1,1
200500024471,0005-04-30 15:15:00,5,4,30,15,15,600,531.0,,,,Plein jour,Hors agglomération,Hors intersection,Normale,Deux véhicules - arrière,,,,,,,,,,,1,1,1,1,2
200500024472,0005-04-29 22:00:00,5,4,29,22,0,690,206.0,,,,Nuit sans éclairage public,Hors agglomération,Hors intersection,Normale,Deux véhicules - arrière,,,,,,,,,,,3,1,1,1,2
200500024473,0005-04-18 11:45:00,5,4,18,11,45,680,278.0,rue des Alpes,,,Plein jour,En agglomération,Hors intersection,Normale,Deux véhicules - arrière,,,,,,,,,,,1,2,1,1,2
200500024474,0005-04-14 18:30:00,5,4,14,18,30,530,229.0,,48.133,-0.734,Plein jour,Hors agglomération,Hors intersection,Normale,Deux véhicules - côté,,,,,,,,,,,1,1,1,1,3
200500024475,0005-04-17 12:15:00,5,4,17,12,15,530,129.0,,48.135,-1.007,Plein jour,Hors agglomération,Autre intersection,Normale,Deux véhicules - frontale,,,,,,,,,,,1,1,9,1,1
200500024476,0005-04-08 18:00:00,5,4,8,18,0,950,371.0,03 avenue henri BARBUSSE,49.099,2.508,Plein jour,En agglomération,Hors intersection,Normale,Autre collision,,,,,,,,,,,1,2,1,1,6
200500024477,0005-04-10 16:15:00,5,4,10,16,15,950,371.0,108 allée des chenes,49.098,2.507,Plein jour,En agglomération,Hors intersection,Normale,Autre collision,,,,,,,,,,,1,2,1,1,6
200500024478,0005-04-29 22:45:00,5,4,29,22,45,760,517.0,,,,Nuit sans éclairage public,Hors agglomération,Hors intersection,Normale,Sans collision,,,,,,,,,,,3,1,1,1,7
200500024479,0005-04-08 08:00:00,5,4,8,8,0,310,364.0,,43.72,1.49,Plein jour,Hors agglomération,Hors intersection,Normale,Autre collision,,,,,,,,,,,1,1,1,1,6
200500024480,0005-04-30 19:30:00,5,4,30,19,30,830,140.0,,,,Plein jour,Hors agglomération,Hors intersection,Normale,Autre collision,,,,,,,,,,,1,1,1,1,6
200500024481,0005-04-20 16:00:00,5,4,20,16,0,410,252.0,,,,Plein jour,Hors agglomération,Hors intersection,Normale,Autre collision,,,,,,,,,,,1,1,1,1,6
200500024482,0005-04-15 22:15:00,5,4,15,22,15,340,240.0,,,,Nuit sans éclairage public,Hors agglomération,Hors intersection,Normale,Autre collision,,,,,,,,,,,3,1,1,1,6
200500024483,0005-04-02 02:15:00,5,4,2,2,15,340,340.0,,,,Nuit sans éclairage public,Hors agglomération,Hors intersection,Normale,Deux véhicules - arrière,,,,,,,,,,,3,1,1,1,2
200500024484,0005-04-03 14:15:00,5,4,3,14,15,300,189.0,,,,Plein jour,Hors agglomération,Hors intersection,Normale,Sans collision,,,,,,,,,,,1,1,1,1,7
200500024485,0005-04-05 08:15:00,5,4,5,8,15,300,333.0,,,,Plein jour,Hors agglomération,Hors intersection,Normale,Deux véhicules - côté,,,,,,,,,,,1,1,1,1,3
200500024486,0005-04-06 20:45:00,5,4,6,20,45,340,146.0,,43.681,4.083,Nuit sans éclairage public,Hors agglomération,Hors intersection,Normale,Trois véhicules et plus - collisions multiples,,,,,,,,,,,3,1,1,1,5
200500024487,0005-04-14 15:30:00,5,4,14,15,30,300,189.0,,,,Plein jour,Hors agglomération,Hors intersection,Normale,Autre collision,,,,,,,,,,,1,1,1,1,6
200500024488,0005-04-19 11:45:00,5,4,19,11,45,300,189.0,,,,Plein jour,Hors agglomération,Hors intersection,Normale,Trois véhicules et plus - collisions multiples,,,,,,,,,,,1,1,1,1,5
200500024489,0005-04-19 12:30:00,5,4,19,12,30,300,36.0,,,,Plein jour,Hors agglomération,Hors intersection,Normale,Autre collision,,,,,,,,,,,1,1,1,1,6
200500024490,0005-04-23 21:30:00,5,4,23,21,30,300,117.0,,,,Nuit sans éclairage public,Hors agglomération,Hors intersection,Normale,Deux véhicules - frontale,,,,,,,,,,,3,1,1,1,1
200500024491,0005-04-26 21:30:00,5,4,26,21,30,300,34.0,,,,Nuit sans éclairage public,Hors agglomération,Hors intersection,Normale,Autre collision,,,,,,,,,,,3,1,1,1,6
200500024492,0005-04-05 16:15:00,5,4,5,16,15,370,267.0,CD 85 Cote du Grand Peu,,,Plein jour,En agglomération,Giratoire,Normale,Sans collision,,,,,,,,,,,1,2,6,1,7
200500024493,0005-04-22 15:00:00,5,4,22,15,0,370,8.0,,47.342,0.888,Plein jour,Hors agglomération,Hors intersection,Normale,Deux véhicules - frontale,,,,,,,,,,,1,1,1,1,1
200500024494,0005-04-29 20:30:00,5,4,29,20,30,370,225.0,,,,Plein jour,Hors agglomération,Hors intersection,Normale,Autre collision,,,,,,,,,,,1,1,1,1,6
200500024495,0005-04-07 16:00:00,5,4,7,16,0,280,276.0,,,,Plein jour,Hors agglomération,Hors intersection,Normale,Deux véhicules - côté,,,,,,,,,,,1,1,1,1,3
200500024496,0005-04-07 22:30:00,5,4,7,22,30,450,344.0,,,,Nuit sans éclairage public,Hors agglomération,Hors intersection,Temps couvert,Autre collision,,,,,,,,,,,3,1,1,8,6
200500024497,0005-04-21 04:15:00,5,4,21,4,15,450,6.0,,47.815,1.854,Nuit sans éclairage public,Hors agglomération,Hors intersection,Normale,Autre collision,,,,,,,,,,,3,1,1,1,6
200500024498,0005-04-27 06:45:00,5,4,27,6,45,280,303.0,,48.095,1.852,Plein jour,Hors agglomération,Hors intersection,Normale,Autre collision,,,,,,,,,,,1,1,1,1,6
200500024499,0005-04-01 20:30:00,5,4,1,20,30,130,112.0,lot. les restoubles,43.529,5.26,Nuit avec éclairage allumé,En agglomération,Intersection en X,Normale,Deux véhicules - côté,,,,,,,,,,,5,2,2,1,3
200500024500,0005-04-03 07:30:00,5,4,3,7,30,130,32.0,,43.582,5.334,Plein jour,Hors agglomération,Hors intersection,Normale,Autre collision,,,,,,,,,,,1,1,1,1,6
200500024501,0005-04-21 22:00:00,5,4,21,22,0,130,112.0,,43.512,5.241,Nuit sans éclairage public,Hors agglomération,Hors intersection,Normale,Deux véhicules - frontale,,,,,,,,,,,3,1,1,1,1
200500024502,0005-04-01 17:00:00,5,4,1,17,0,670,106.0,rue du Général DE GAULLE,48.764,7.952,Plein jour,En agglomération,Hors intersection,Normale,Deux véhicules - arrière,,,,,,,,,,,1,2,1,1,2
200500024503,0005-04-08 13:45:00,5,4,8,13,45,670,106.0,RUE DES PEUPLIERS,,,Plein jour,En agglomération,Hors intersection,Normale,Deux véhicules - côté,,,,,,,,,,,1,2,1,1,3
200500024504,0005-04-11 20:30:00,5,4,11,20,30,300,117.0,,,,Nuit sans éclairage public,Hors agglomération,Hors intersection,Normale,Deux véhicules - côté,,,,,,,,,,,3,1,1,1,3
200500024505,0005-04-14 16:30:00,5,4,14,16,30,300,34.0,,,,Plein jour,Hors agglomération,Hors intersection,Normale,Autre collision,,,,,,,,,,,1,1,1,1,6
200500024506,0005-04-24 03:30:00,5,4,24,3,30,300,47.0,,,,Nuit sans éclairage public,Hors agglomération,Hors intersection,Pluie forte,Deux véhicules - côté,,,,,,,,,,,3,1,1,3,3
200500024507,0005-04-27 13:00:00,5,4,27,13,0,380,565.0,,45.29,5.622,Plein jour,Hors agglomération,Hors intersection,Normale,Deux véhicules - arrière,,,,,,,,,,,1,1,1,1,2
200500024508,0005-04-05 09:30:00,5,4,5,9,30,280,196.0,,,,Plein jour,Hors agglomération,Hors intersection,Normale,Sans collision,,,,,,,,,,,1,1,1,1,7
200500024509,0005-04-15 02:00:00,5,4,15,2,0,280,409.0,,,,Nuit sans éclairage public,Hors agglomération,Hors intersection,Normale,Deux véhicules - frontale,,,,,,,,,,,3,1,1,1,1
200500024510,0005-04-16 12:00:00,5,4,16,12,0,280,403.0,,,,Plein jour,Hors agglomération,Hors intersection,Normale,Sans collision,,,,,,,,,,,1,1,1,1,7
200500024511,0005-04-09 02:15:00,5,4,9,2,15,410,295.0,156 chemin des roches,,,Nuit avec éclairage non allumé,En agglomération,Hors intersection,Normale,Autre collision,,,,,,,,,,,4,2,1,1,6
200500024512,0005-04-30 22:30:00,5,4,30,22,30,410,233.0,,,,Nuit avec éclairage allumé,Hors agglomération,Hors intersection,Normale,Autre collision,,,,,,,,,,,5,1,1,1,6
200500024513,0005-04-14 18:45:00,5,4,14,18,45,690,27.0,Chemin du Barray,45.693,4.743,Plein jour,En agglomération,Hors intersection,Normale,Deux véhicules - frontale,,,,,,,,,,,1,2,1,1,1
200500024514,0005-04-10 11:45:00,5,4,10,11,45,310,445.0,,,,Plein jour,Hors agglomération,Hors intersection,Normale,Deux véhicules - frontale,,,,,,,,,,,1,1,1,1,1
200500024515,0005-04-12 00:01:00,5,4,12,0,1,630,272.0,,,,Nuit sans éclairage public,Hors agglomération,Autre intersection,Normale,Autre collision,,,,,,,,,,,3,1,9,1,6
200500024516,0005-04-28 12:15:00,5,4,28,12,15,630,193.0,,,,Plein jour,Hors agglomération,Hors intersection,Normale,Autre collision,,,,,,,,,,,1,1,1,1,6
200500024517,0005-04-09 18:00:00,5,4,9,18,0,630,404.0,,45.579,3.241,Plein jour,Hors agglomération,Hors intersection,Temps couvert,Autre collision,,,,,,,,,,,1,1,1,8,6
200500024518,0005-04-16 11:30:00,5,4,16,11,30,630,54.0,,45.504,3.259,Crépuscule ou aube,Hors agglomération,Hors intersection,Pluie forte,Deux véhicules - côté,,,,,,,,,,,2,1,1,3,3
200500024519,0005-04-02 17:15:00,5,4,2,17,15,510,278.0,,49.065,4.279,Plein jour,Hors agglomération,Hors intersection,Normale,Deux véhicules - arrière,,,,,,,,,,,1,1,1,1,2
200500024520,0005-04-03 12:00:00,5,4,3,12,0,910,105.0,route de saint chéron,48.575,2.166,Plein jour,En agglomération,Hors intersection,Normale,Deux véhicules - frontale,,,,,,,,,,,1,2,1,1,1