accident_id,datetime,annee,mois,jour,heure,minute,departement,commune_insee,adresse,latitude,longitude,luminosite,agglomeration,intersection,meteo,collision,nb_vehicules,nb_usagers,nb_indemnes,nb_tues,nb_blesses_hosp,nb_blesses_legers,age_cond_1,age_cond_2,veh_type_cond_1,veh_type_cond_2,lum_code,agg_code,int_code,atm_code,col_code
200500024795,0005-05-01 20:30:00,5,5,1,20,30,600,565.0,,49.585,2.337,Plein jour,Hors agglomération,Hors intersection,Normale,Autre collision,,,,,,,,,,,1,1,1,1,6
200500024796,0005-05-19 11:15:00,5,5,19,11,15,600,573.0,,49.584,2.245,Crépuscule ou aube,Hors agglomération,Hors intersection,Pluie légère,Deux véhicules - frontale,,,,,,,,,,,2,1,1,2,1
200500024797,0005-05-21 18:00:00,5,5,21,18,0,600,82.0,,49.678,2.241,Plein jour,Hors agglomération,Hors intersection,Normale,Deux véhicules - frontale,,,,,,,,,,,1,1,1,1,1
200500024798,0005-05-20 13:15:00,5,5,20,13,15,600,372.0,,49.562,2.103,Plein jour,Hors agglomération,Hors intersection,Normale,Autre collision,,,,,,,,,,,1,1,1,1,6
200500024799,0005-05-29 17:00:00,5,5,29,17,0,600,563.0,,49.356,2.635,Plein jour,Hors agglomération,Hors intersection,Normale,Deux véhicules - frontale,,,,,,,,,,,1,1,1,1,1
200500024800,0005-05-30 11:00:00,5,5,30,11,0,600,324.0,lieu dit maison blanche,,,Plein jour,En agglomération,Hors intersection,Normale,Autre collision,,,,,,,,,,,1,2,1,1,6
200500024801,0005-05-26 09:00:00,5,5,26,9,0,600,582.0,,49.49,2.959,Plein jour,Hors agglomération,Hors intersection,Normale,Trois véhicules et plus - collisions multiples,,,,,,,,,,,1,1,1,1,5
200500024802,0005-05-31 22:30:00,5,5,31,22,30,600,119.0,80 RUE DE LA MAIRIE,49.509,2.898,Nuit avec éclairage allumé,En agglomération,Hors intersection,Normale,Autre collision,,,,,,,,,,,5,2,1,1,6
200500024803,0005-05-06 11:15:00,5,5,6,11,15,600,689.0,rue de la gare,,,Plein jour,En agglomération,Hors intersection,Normale,Deux véhicules - frontale,,,,,,,,,,,1,2,1,1,1
200500024804,0005-05-15 14:00:00,5,5,15,14,0,600,318.0,49 rue des Bois,49.348,2.642,Plein jour,En agglomération,Hors intersection,Normale,Autre collision,,,,,,,,,,,1,2,1,1,6
200500024805,0005-05-06 15:45:00,5,5,6,15,45,600,21.0,rue de l'Eglise,49.58,3.11,Plein jour,En agglomération,Hors intersection,Normale,Sans collision,,,,,,,,,,,1,2,1,1,7
200500024806,0005-05-18 20:45:00,5,5,18,20,45,600,632.0,ROUTE DE Lassigny,,,Plein jour,En agglomération,Hors intersection,Normale,Autre collision,,,,,,,,,,,1,2,1,1,6
200500024807,0005-05-28 06:00:00,5,5,28,6,0,600,471.0,boulevard Mony,,,Plein jour,En agglomération,Hors intersection,Normale,Deux véhicules - côté,,,,,,,,,,,1,2,1,1,3
200500024808,0005-05-11 00:30:00,5,5,11,0,30,600,28.0,,,,Nuit sans éclairage public,Hors agglomération,Hors intersection,Normale,Deux véhicules - frontale,,,,,,,,,,,3,1,1,1,1
200500024809,0005-05-12 17:00:00,5,5,12,17,0,600,139.0,RUE THOMAS EDISON,,,Plein jour,En agglomération,Autre intersection,Normale,Deux véhicules - côté,,,,,,,,,,,1,2,9,1,3
200500024810,0005-05-23 18:00:00,5,5,23,18,0,600,139.0,carrefour Vauquelin,,,Plein jour,En agglomération,Hors intersection,Normale,Deux véhicules - côté,,,,,,,,,,,1,2,1,1,3
200500024811,0005-05-02 13:00:00,5,5,2,13,0,600,141.0,route des aigles,49.198,2.471,Plein jour,En agglomération,Hors intersection,Normale,Deux véhicules - frontale,,,,,,,,,,,1,2,1,1,1
200500024812,0005-05-09 12:30:00,5,5,9,12,30,600,282.0,,49.21,2.44,Plein jour,Hors agglomération,Hors intersection,Normale,Deux véhicules - frontale,,,,,,,,,,,1,1,1,1,1
200500024813,0005-05-20 15:45:00,5,5,20,15,45,600,346.0,RUE DE LA SEIGNEURIE,49.152,2.433,Plein jour,En agglomération,Hors intersection,Normale,Sans collision,,,,,,,,,,,1,2,1,1,7
200500024814,0005-05-27 08:30:00,5,5,27,8,30,600,141.0,1 RUE DU CONNETABLE,49.198,2.478,Plein jour,En agglomération,Hors intersection,Normale,Autre collision,,,,,,,,,,,1,2,1,1,6
200500024815,0005-05-31 08:30:00,5,5,31,8,30,600,282.0,,49.214,2.444,Plein jour,Hors agglomération,Hors intersection,Normale,Deux véhicules - côté,,,,,,,,,,,1,1,1,1,3
200500024816,0005-05-21 06:15:00,5,5,21,6,15,600,22.0,,,,Crépuscule ou aube,Hors agglomération,Hors intersection,Normale,Autre collision,,,,,,,,,,,2,1,1,1,6
200500024817,0005-05-08 17:30:00,5,5,8,17,30,600,79.0,,,,Plein jour,Hors agglomération,Hors intersection,Normale,Sans collision,,,,,,,,,,,1,1,1,1,7
200500024818,0005-05-28 18:30:00,5,5,28,18,30,600,489.0,,,,Plein jour,Hors agglomération,Hors intersection,Normale,Deux véhicules - arrière,,,,,,,,,,,1,1,1,1,2
200500024819,0005-05-06 13:00:00,5,5,6,13,0,600,509.0,Rue du 8 mai 1945,,,Plein jour,En agglomération,Hors intersection,Normale,Deux véhicules - arrière,,,,,,,,,,,1,2,1,1,2
200500024820,0005-05-17 20:00:00,5,5,17,20,0,600,560.0,,49.225,2.712,Plein jour,Hors agglomération,Hors intersection,Normale,Deux véhicules - frontale,,,,,,,,,,,1,1,1,1,1
200500024821,0005-05-25 08:30:00,5,5,25,8,30,600,560.0,,49.226,2.723,Plein jour,Hors agglomération,Hors intersection,Normale,Deux véhicules - côté,,,,,,,,,,,1,1,1,1,3
200500024822,0005-05-31 16:15:00,5,5,31,16,15,760,377.0,,,,Plein jour,Hors agglomération,Hors intersection,Normale,Deux véhicules - côté,,,,,,,,,,,1,1,1,1,3
200500024823,0005-05-31 14:45:00,5,5,31,14,45,760,30.0,,,,Plein jour,Hors agglomération,Hors intersection,Normale,Autre collision,,,,,,,,,,,1,1,1,1,6
200500024824,0005-05-01 00:30:00,5,5,1,0,30,760,482.0,,49.874,1.018,Nuit sans éclairage public,Hors agglomération,Hors intersection,Normale,Sans collision,,,,,,,,,,,3,1,1,1,7
200500024825,0005-05-25 19:45:00,5,5,25,19,45,760,395.0,,49.876,0.925,Plein jour,Hors agglomération,Intersection en X,Normale,Deux véhicules - côté,,,,,,,,,,,1,1,2,1,3
200500024826,0005-05-01 03:30:00,5,5,1,3,30,760,69.0,,49.365,1.131,Nuit sans éclairage public,Hors agglomération,Hors intersection,Normale,Autre collision,,,,,,,,,,,3,1,1,1,6
200500024827,0005-05-18 11:45:00,5,5,18,11,45,760,116.0,,49.391,1.231,Plein jour,Hors agglomération,Hors intersection,Normale,Trois véhicules et plus - collisions multiples,,,,,,,,,,,1,1,1,1,5
200500024828,0005-05-27 14:45:00,5,5,27,14,45,760,475.0,,49.403,1.173,Plein jour,Hors agglomération,Hors intersection,Temps éblouissant,Deux véhicules - frontale,,,,,,,,,,,1,1,1,7,1
200500024829,0005-05-02 21:15:00,5,5,2,21,15,760,22.0,,,,Crépuscule ou aube,Hors agglomération,Hors intersection,Normale,Autre collision,,,,,,,,,,,2,1,1,1,6
200500024830,0005-05-12 07:45:00,5,5,12,7,45,760,164.0,,49.528,0.75,Plein jour,Hors agglomération,Hors intersection,Normale,Deux véhicules - côté,,,,,,,,,,,1,1,1,1,3
200500024831,0005-05-23 17:30:00,5,5,23,17,30,760,164.0,place De Gaulle,,,Plein jour,En agglomération,Hors intersection,Normale,Deux véhicules - côté,,,,,,,,,,,1,2,1,1,3
200500024832,0005-05-26 09:45:00,5,5,26,9,45,760,659.0,,,,Plein jour,Hors agglomération,Hors intersection,Normale,Autre collision,,,,,,,,,,,1,1,1,1,6
200500024833,0005-05-15 15:45:00,5,5,15,15,45,760,222.0,rue de Verdun,,,Plein jour,En agglomération,Hors intersection,Normale,Deux véhicules - côté,,,,,,,,,,,1,2,1,1,3
200500024834,0005-05-09 10:00:00,5,5,9,10,0,760,224.0,Route principale,,,Plein jour,En agglomération,Intersection en X,Normale,Deux véhicules - côté,,,,,,,,,,,1,2,2,1,3
200500024835,0005-05-29 00:45:00,5,5,29,0,45,760,404.0,,,,Nuit sans éclairage public,Hors agglomération,Intersection en X,Normale,Deux véhicules - côté,,,,,,,,,,,3,1,2,1,3
200500024836,0005-05-02 07:45:00,5,5,2,7,45,760,518.0,RUE DE LA MAIRIE,49.603,0.515,Plein jour,En agglomération,Intersection en T,Pluie légère,Deux véhicules - frontale,,,,,,,,,,,1,2,3,2,1
200500024837,0005-05-12 13:30:00,5,5,12,13,30,760,639.0,,,,Plein jour,Hors agglomération,Hors intersection,Normale,Deux véhicules - côté,,,,,,,,,,,1,1,1,1,3
200500024838,0005-05-30 18:15:00,5,5,30,18,15,760,639.0,,,,Plein jour,Hors agglomération,Intersection en X,Normale,Deux véhicules - côté,,,,,,,,,,,1,1,2,1,3
200500024839,0005-05-04 16:00:00,5,5,4,16,0,760,596.0,COTE DES CHATAIGNES,49.526,0.263,Plein jour,En agglomération,Hors intersection,Pluie légère,Deux véhicules - côté,,,,,,,,,,,1,2,1,2,3
200500024840,0005-05-09 14:15:00,5,5,9,14,15,760,303.0,,49.556,0.351,Plein jour,Hors agglomération,Hors intersection,Normale,Deux véhicules - frontale,,,,,,,,,,,1,1,1,1,1
200500024841,0005-05-10 08:15:00,5,5,10,8,15,760,169.0,,,,Plein jour,Hors agglomération,Intersection en Y,Normale,Deux véhicules - côté,,,,,,,,,,,1,1,4,1,3
200500024842,0005-05-13 12:00:00,5,5,13,12,0,760,42.0,,49.764,1.577,Plein jour,En agglomération,Intersection en X,Pluie légère,Deux véhicules - côté,,,,,,,,,,,1,2,2,2,3
200500024843,0005-05-12 16:45:00,5,5,12,16,45,760,500.0,,,,Plein jour,Hors agglomération,Hors intersection,Normale,Sans collision,,,,,,,,,,,1,1,1,1,7
200500024844,0005-05-16 12:30:00,5,5,16,12,30,760,35.0,,49.76,1.74,Plein jour,Hors agglomération,Hors intersection,Normale,Deux véhicules - côté,,,,,,,,,,,1,1,1,1,3
200500024845,0005-05-27 09:00:00,5,5,27,9,0,760,257.0,,,,Plein jour,Hors agglomération,Intersection en T,Normale,Deux véhicules - côté,,,,,,,,,,,1,1,3,1,3
200500024846,0005-05-05 20:30:00,5,5,5,20,30,760,60.0,chemin communal 3,,,Crépuscule ou aube,En agglomération,Hors intersection,Normale,Deux véhicules - frontale,,,,,,,,,,,2,2,1,1,1
200500024847,0005-05-04 10:15:00,5,5,4,10,15,760,260.0,ROUTE NEUVE,49.484,1.733,Plein jour,En agglomération,Hors intersection,Normale,Autre collision,,,,,,,,,,,1,2,1,1,6
200500024848,0005-05-20 15:30:00,5,5,20,15,30,760,124.0,,,,Plein jour,Hors agglomération,Intersection en X,Normale,Deux véhicules - côté,,,,,,,,,,,1,1,2,1,3
200500024849,0005-05-30 09:15:00,5,5,30,9,15,760,758.0,,49.618,0.762,Plein jour,En agglomération,Intersection en X,Normale,Deux véhicules - frontale,,,,,,,,,,,1,2,2,1,1
200500024850,0005-05-07 14:00:00,5,5,7,14,0,760,743.0,CD143 route de DUCLAIR,49.543,0.928,Plein jour,En agglomération,Hors intersection,Normale,Deux véhicules - frontale,,,,,,,,,,,1,2,1,1,1
200500024851,0005-05-26 03:30:00,5,5,26,3,30,760,655.0,,49.848,0.728,Nuit sans éclairage public,Hors agglomération,Hors intersection,Normale,Sans collision,,,,,,,,,,,3,1,1,1,7
200500024852,0005-05-29 06:00:00,5,5,29,6,0,760,298.0,,,,Crépuscule ou aube,Hors agglomération,Hors intersection,Normale,Autre collision,,,,,,,,,,,2,1,1,1,6
200500024853,0005-05-04 19:00:00,5,5,4,19,0,760,228.0,,49.64,0.816,Plein jour,Hors agglomération,Hors intersection,Normale,Deux véhicules - arrière,,,,,,,,,,,1,1,1,1,2
200500024854,0005-05-21 18:00:00,5,5,21,18,0,760,456.0,,49.619,0.851,Plein jour,Hors agglomération,Hors intersection,Normale,Deux véhicules - frontale,,,,,,,,,,,1,1,1,1,1
200500024855,0005-05-09 08:15:00,5,5,9,8,15,270,684.0,,,,Plein jour,Hors agglomération,Hors intersection,Normale,Deux véhicules - côté,,,,,,,,,,,1,1,1,1,3
200500024856,0005-05-09 20:00:00,5,5,9,20,0,270,23.0,,,,Plein jour,Hors agglomération,Hors intersection,Normale,Autre collision,,,,,,,,,,,1,1,1,1,6
200500024857,0005-05-10 19:45:00,5,5,10,19,45,270,229.0,,,,Plein jour,Hors agglomération,Hors intersection,Temps éblouissant,Autre collision,,,,,,,,,,,1,1,1,7,6
200500024858,0005-05-30 19:00:00,5,5,30,19,0,270,684.0,,,,Plein jour,Hors agglomération,Hors intersection,Normale,Sans collision,,,,,,,,,,,1,1,1,1,7
200500024859,0005-05-09 12:45:00,5,5,9,12,45,270,507.0,,48.914,1.282,Plein jour,Hors agglomération,Hors intersection,Normale,Deux véhicules - frontale,,,,,,,,,,,1,1,1,1,1
200500024860,0005-05-04 18:30:00,5,5,4,18,30,270,400.0,,48.963,1.409,Plein jour,Hors agglomération,Hors intersection,Normale,Trois véhicules et plus - collisions multiples,,,,,,,,,,,1,1,1,1,5
200500024861,0005-05-22 05:00:00,5,5,22,5,0,270,391.0,,,,Crépuscule ou aube,Hors agglomération,Hors intersection,Normale,Autre collision,,,,,,,,,,,2,1,1,1,6
200500024862,0005-05-22 23:30:00,5,5,22,23,30,270,193.0,,48.844,1.366,Nuit sans éclairage public,Hors agglomération,Hors intersection,Normale,Autre collision,,,,,,,,,,,3,1,1,1,6
200500024863,0005-05-16 13:30:00,5,5,16,13,30,270,157.0,,,,Plein jour,Hors agglomération,Intersection en T,Normale,Deux véhicules - côté,,,,,,,,,,,1,1,3,1,3
200500024864,0005-05-23 18:00:00,5,5,23,18,0,270,112.0,,48.86,0.92,Plein jour,Hors agglomération,Hors intersection,Normale,Deux véhicules - côté,,,,,,,,,,,1,1,1,1,3
200500024865,0005-05-19 17:00:00,5,5,19,17,0,270,205.0,4 rue du C. Amette,49.341,1.301,Plein jour,En agglomération,Hors intersection,Pluie légère,Deux véhicules - côté,,,,,,,,,,,1,2,1,2,3
200500024866,0005-05-21 20:30:00,5,5,21,20,30,270,284.0,Rue de la Révolution 178,,,Plein jour,En agglomération,Hors intersection,Normale,Deux véhicules - côté,,,,,,,,,,,1,2,1,1,3
200500024867,0005-05-22 12:00:00,5,5,22,12,0,270,398.0,,49.1,0.62,Plein jour,Hors agglomération,Hors intersection,Normale,Deux véhicules - côté,,,,,,,,,,,1,1,1,1,3
200500024868,0005-05-16 07:30:00,5,5,16,7,30,270,37.0,,,,Plein jour,Hors agglomération,Intersection en X,Pluie légère,Deux véhicules - côté,,,,,,,,,,,1,1,2,2,3
200500024869,0005-05-31 00:30:00,5,5,31,0,30,270,624.0,,49.201,1.13,Nuit sans éclairage public,Hors agglomération,Hors intersection,Normale,Sans collision,,,,,,,,,,,3,1,1,1,7
200500024870,0005-05-31 18:30:00,5,5,31,18,30,270,403.0,,49.185,1.121,Plein jour,Hors agglomération,Hors intersection,Normale,Autre collision,,,,,,,,,,,1,1,1,1,6
200500024871,0005-05-13 17:15:00,5,5,13,17,15,270,275.0,Intersection RN 15/CD836,,,Plein jour,En agglomération,Giratoire,Temps couvert,Autre collision,,,,,,,,,,,1,2,6,8,6
200500024872,0005-05-23 08:15:00,5,5,23,8,15,270,275.0,,,,Plein jour,Hors agglomération,Hors intersection,Normale,Sans collision,,,,,,,,,,,1,1,1,1,7
200500024873,0005-05-20 08:00:00,5,5,20,8,0,270,187.0,,,,Plein jour,Hors agglomération,Hors intersection,Normale,Deux véhicules - frontale,,,,,,,,,,,1,1,1,1,1
200500024874,0005-05-22 13:30:00,5,5,22,13,30,270,192.0,,,,Plein jour,Hors agglomération,Intersection en X,Temps couvert,Deux véhicules - côté,,,,,,,,,,,1,1,2,8,3
200500024875,0005-05-17 19:00:00,5,5,17,19,0,270,597.0,,,,Plein jour,Hors agglomération,Hors intersection,Normale,Deux véhicules - côté,,,,,,,,,,,1,1,1,1,3
200500024876,0005-05-19 17:15:00,5,5,19,17,15,270,467.0,,,,Plein jour,Hors agglomération,Hors intersection,Normale,Deux véhicules - frontale,,,,,,,,,,,1,1,1,1,1
200500024877,0005-05-29 14:00:00,5,5,29,14,0,270,656.0,rn 175,,,Plein jour,En agglomération,Hors intersection,Pluie légère,Deux véhicules - frontale,,,,,,,,,,,1,2,1,2,1
200500024878,0005-05-07 11:30:00,5,5,7,11,30,270,587.0,,,,Plein jour,Hors agglomération,Intersection en X,Normale,Deux véhicules - côté,,,,,,,,,,,1,1,2,1,3
200500024879,0005-05-28 13:00:00,5,5,28,13,0,270,367.0,rue des primevères,,,Plein jour,En agglomération,Hors intersection,Normale,Deux véhicules - côté,,,,,,,,,,,1,2,1,1,3
200500024880,0005-05-27 16:15:00,5,5,27,16,15,350,130.0,,48.286,-1.799,Plein jour,Hors agglomération,Hors intersection,Normale,Deux véhicules - côté,,,,,,,,,,,1,1,1,1,3
200500024881,0005-05-22 13:00:00,5,5,22,13,0,350,128.0,,48.275,-1.691,Plein jour,Hors agglomération,Hors intersection,Pluie légère,Autre collision,,,,,,,,,,,1,1,1,2,6
200500024882,0005-05-12 19:30:00,5,5,12,19,30,350,173.0,,48.22,-1.701,Plein jour,Hors agglomération,Intersection en X,Pluie légère,Deux véhicules - côté,,,,,,,,,,,1,1,2,2,3
200500024883,0005-05-20 15:30:00,5,5,20,15,30,350,184.0,,,,Plein jour,Hors agglomération,Hors intersection,Normale,Deux véhicules - arrière,,,,,,,,,,,1,1,1,1,2
200500024884,0005-05-24 18:45:00,5,5,24,18,45,350,184.0,RUE DE BREST,,,Plein jour,En agglomération,Giratoire,Normale,Autre collision,,,,,,,,,,,1,2,6,1,6
200500024885,0005-05-26 09:00:00,5,5,26,9,0,350,144.0,,,,Plein jour,Hors agglomération,Hors intersection,Normale,Sans collision,,,,,,,,,,,1,1,1,1,7
200500024886,0005-05-27 19:00:00,5,5,27,19,0,350,297.0,,48.161,-2.213,Plein jour,Hors agglomération,Hors intersection,Normale,Deux véhicules - frontale,,,,,,,,,,,1,1,1,1,1
200500024887,0005-05-26 07:45:00,5,5,26,7,45,350,188.0,,,,Plein jour,Hors agglomération,Hors intersection,Normale,Deux véhicules - frontale,,,,,,,,,,,1,1,1,1,1
200500024888,0005-05-26 08:15:00,5,5,26,8,15,350,223.0,rue Nationale,,,Plein jour,En agglomération,Hors intersection,Temps éblouissant,Autre collision,,,,,,,,,,,1,2,1,7,6
200500024889,0005-05-20 19:00:00,5,5,20,19,0,350,196.0,la croix ignon,,,Plein jour,En agglomération,Hors intersection,Normale,Deux véhicules - côté,,,,,,,,,,,1,2,1,1,3
200500024890,0005-05-29 12:30:00,5,5,29,12,30,350,37.0,,48.054,-1.921,Plein jour,Hors agglomération,Hors intersection,Pluie légère,Sans collision,,,,,,,,,,,1,1,1,2,7
200500024891,0005-05-06 15:30:00,5,5,6,15,30,350,18.0,,,,Plein jour,Hors agglomération,Hors intersection,Normale,Trois véhicules et plus - collisions multiples,,,,,,,,,,,1,1,1,1,5
200500024892,0005-05-11 20:30:00,5,5,11,20,30,350,112.0,,,,Crépuscule ou aube,Hors agglomération,Hors intersection,Normale,Deux véhicules - côté,,,,,,,,,,,2,1,1,1,3
200500024893,0005-05-27 07:15:00,5,5,27,7,15,350,162.0,CD 109,,,Plein jour,En agglomération,Hors intersection,Normale,Autre collision,,,,,,,,,,,1,2,1,1,6
200500024894,0005-05-31 22:30:00,5,5,31,22,30,350,100.0,,,,Nuit sans éclairage public,Hors agglomération,Hors intersection,Normale,Autre collision,,,,,,,,,,,3,1,1,1,6
200500024895,0005-05-19 16:30:00,5,5,19,16,30,350,267.0,rue du stade,48.407,-1.329,Plein jour,En agglomération,Hors intersection,Normale,Deux véhicules - frontale,,,,,,,,,,,1,2,1,1,1
200500024896,0005-05-29 03:45:00,5,5,29,3,45,350,257.0,RUE DE FOUGERES,,,Nuit avec éclairage allumé,En agglomération,Hors intersection,Normale,Autre collision,,,,,,,,,,,5,2,1,1,6
200500024897,0005-05-31 18:00:00,5,5,31,18,0,350,19.0,CD 90 / BD CASTEL MARIE,,,Plein jour,En agglomération,Hors intersection,Normale,Deux véhicules - côté,,,,,,,,,,,1,2,1,1,3
200500024898,0005-05-02 17:00:00,5,5,2,17,0,350,236.0,Rue du capitaine MARTIN,,,Plein jour,En agglomération,Hors intersection,Normale,Deux véhicules - côté,,,,,,,,,,,1,2,1,1,3
200500024899,0005-05-08 15:15:00,5,5,8,15,15,350,106.0,,47.809,-1.591,Plein jour,Hors agglomération,Hors intersection,Normale,Deux véhicules - arrière,,,,,,,,,,,1,1,1,1,2
200500024900,0005-05-11 18:00:00,5,5,11,18,0,350,231.0,,47.88,-1.68,Plein jour,Hors agglomération,Hors intersection,Normale,Sans collision,,,,,,,,,,,1,1,1,1,7
200500024901,0005-05-19 12:00:00,5,5,19,12,0,350,221.0,,47.868,-1.748,Plein jour,Hors agglomération,Hors intersection,Pluie légère,Deux véhicules - frontale,,,,,,,,,,,1,1,1,2,1
200500024902,0005-05-21 02:00:00,5,5,21,2,0,350,90.0,route du Val,,,Nuit avec éclairage non allumé,En agglomération,Hors intersection,Normale,Autre collision,,,,,,,,,,,4,2,1,1,6
200500024903,0005-05-02 08:00:00,5,5,2,8,0,350,35.0,"le bourg, CD 44",47.954,-1.977,Plein jour,En agglomération,Hors intersection,Normale,Autre collision,,,,,,,,,,,1,2,1,1,6
200500024904,0005-05-06 14:30:00,5,5,6,14,30,350,129.0,,47.857,-1.847,Plein jour,Hors agglomération,Hors intersection,Normale,Deux véhicules - côté,,,,,,,,,,,1,1,1,1,3
200500024905,0005-05-29 01:30:00,5,5,29,1,30,350,151.0,,,,Nuit sans éclairage public,Hors agglomération,Hors intersection,Normale,Autre collision,,,,,,,,,,,3,1,1,1,6
200500024906,0005-05-31 13:45:00,5,5,31,13,45,350,123.0,,48.023,-1.791,Plein jour,Hors agglomération,Hors intersection,Normale,Deux véhicules - frontale,,,,,,,,,,,1,1,1,1,1
200500024907,0005-05-03 14:45:00,5,5,3,14,45,350,226.0,,,,Plein jour,Hors agglomération,Hors intersection,Pluie légère,Autre collision,,,,,,,,,,,1,1,1,2,6
200500024908,0005-05-04 16:00:00,5,5,4,16,0,350,299.0,,,,Plein jour,Hors agglomération,Hors intersection,Normale,Deux véhicules - côté,,,,,,,,,,,1,1,1,1,3
200500024909,0005-05-11 16:45:00,5,5,11,16,45,350,306.0,,,,Plein jour,Hors agglomération,Hors intersection,Normale,Deux véhicules - frontale,,,,,,,,,,,1,1,1,1,1
200500024910,0005-05-31 13:15:00,5,5,31,13,15,350,306.0,,,,Plein jour,Hors agglomération,Hors intersection,Normale,Deux véhicules - côté,,,,,,,,,,,1,1,1,1,3
200500024911,0005-05-16 23:00:00,5,5,16,23,0,350,85.0,117 RUE DE LA LIBERATION,48.412,-1.72,Nuit sans éclairage public,En agglomération,Hors intersection,Normale,Deux véhicules - côté,,,,,,,,,,,3,2,1,1,3
200500024912,0005-05-27 19:45:00,5,5,27,19,45,350,172.0,,48.41,-1.772,Plein jour,Hors agglomération,Hors intersection,Normale,Sans collision,,,,,,,,,,,1,1,1,1,7
200500024913,0005-05-06 17:45:00,5,5,6,17,45,350,256.0,BOULEVARD  DE LA HOULE,48.629,-2.143,Plein jour,En agglomération,Hors intersection,Normale,Autre collision,,,,,,,,,,,1,2,1,1,6
200500024914,0005-05-15 10:00:00,5,5,15,10,0,350,228.0,place du centre,48.624,-2.138,Plein jour,En agglomération,Place,Normale,Autre collision,,,,,,,,,,,1,2,7,1,6
200500024915,0005-05-17 17:45:00,5,5,17,17,45,350,360.0,rue du sergent HARRIS,,,Plein jour,En agglomération,Hors intersection,Normale,Deux véhicules - côté,,,,,,,,,,,1,2,1,1,3
200500024916,0005-05-21 16:00:00,5,5,21,16,0,350,360.0,,,,Plein jour,En agglomération,Intersection en T,Normale,Deux véhicules - côté,,,,,,,,,,,1,2,3,1,3
200500024917,0005-05-24 21:15:00,5,5,24,21,15,350,105.0,,,,Crépuscule ou aube,Hors agglomération,Hors intersection,Normale,Deux véhicules - côté,,,,,,,,,,,2,1,1,1,3
200500024918,0005-05-02 19:30:00,5,5,2,19,30,350,327.0,,,,Plein jour,Hors agglomération,Hors intersection,Normale,Sans collision,,,,,,,,,,,1,1,1,1,7
200500024919,0005-05-11 14:00:00,5,5,11,14,0,350,209.0,,,,Plein jour,Hors agglomération,Hors intersection,Normale,Deux véhicules - frontale,,,,,,,,,,,1,1,1,1,1
200500024920,0005-05-20 15:30:00,5,5,20,15,30,350,68.0,,,,Plein jour,Hors agglomération,Hors intersection,Normale,Trois véhicules et plus - collisions multiples,,,,,,,,,,,1,1,1,1,5
200500024921,0005-05-15 10:30:00,5,5,15,10,30,350,41.0,,,,Plein jour,Hors agglomération,Hors intersection,Normale,Autre collision,,,,,,,,,,,1,1,1,1,6
200500024922,0005-05-14 16:00:00,5,5,14,16,0,220,55.0,,,,Plein jour,Hors agglomération,Hors intersection,Normale,Deux véhicules - côté,,,,,,,,,,,1,1,1,1,3
200500024923,0005-05-28 06:15:00,5,5,28,6,15,220,177.0,,,,Plein jour,Hors agglomération,Hors intersection,Normale,Sans collision,,,,,,,,,,,1,1,1,1,7
200500024924,0005-05-12 13:15:00,5,5,12,13,15,220,93.0,,,,Plein jour,Hors agglomération,Hors intersection,Normale,Deux véhicules - frontale,,,,,,,,,,,1,1,1,1,1
200500024925,0005-05-12 17:15:00,5,5,12,17,15,220,326.0,,,,Plein jour,Hors agglomération,Hors intersection,Normale,Deux véhicules - côté,,,,,,,,,,,1,1,1,1,3
200500024926,0005-05-10 18:00:00,5,5,10,18,0,220,136.0,rue de pontivy,48.181,-2.756,Plein jour,En agglomération,Giratoire,Normale,Deux véhicules - côté,,,,,,,,,,,1,2,6,1,3
200500024927,0005-05-28 22:15:00,5,5,28,22,15,220,259.0,,,,Nuit sans éclairage public,Hors agglomération,,Normale,Trois véhicules et plus - collisions multiples,,,,,,,,,,,3,1,0,1,5
200500024928,0005-05-19 11:00:00,5,5,19,11,0,220,391.0,,,,Plein jour,Hors agglomération,Hors intersection,Temps couvert,Deux véhicules - côté,,,,,,,,,,,1,1,1,8,3
200500024929,0005-05-07 12:30:00,5,5,7,12,30,220,282.0,RUE DUGUESCLIN / LESROT,48.636,-2.258,Plein jour,En agglomération,Hors intersection,Normale,Deux véhicules - côté,,,,,,,,,,,1,2,1,1,3
200500024930,0005-05-19 14:30:00,5,5,19,14,30,220,172.0,Rue de la Corderie,48.526,-2.231,Plein jour,En agglomération,Hors intersection,Normale,Autre collision,,,,,,,,,,,1,2,1,1,6
200500024931,0005-05-29 12:00:00,5,5,29,12,0,220,368.0,,48.567,-2.061,Plein jour,Hors agglomération,Hors intersection,Pluie légère,Autre collision,,,,,,,,,,,1,1,1,2,6
200500024932,0005-05-25 15:30:00,5,5,25,15,30,220,204.0,,48.724,-3.211,Plein jour,Hors agglomération,Hors intersection,Normale,Deux véhicules - arrière,,,,,,,,,,,1,1,1,1,2
200500024933,0005-05-18 19:30:00,5,5,18,19,30,220,229.0,rue Kreisker,,,Plein jour,En agglomération,Hors intersection,Normale,Autre collision,,,,,,,,,,,1,2,1,1,6