accident_id,datetime,annee,mois,jour,heure,minute,departement,commune_insee,adresse,latitude,longitude,luminosite,agglomeration,intersection,meteo,collision,nb_vehicules,nb_usagers,nb_indemnes,nb_tues,nb_blesses_hosp,nb_blesses_legers,age_cond_1,age_cond_2,veh_type_cond_1,veh_type_cond_2,lum_code,agg_code,int_code,atm_code,col_code
200500024934,0005-05-07 14:45:00,5,5,7,14,45,220,387.0,Goas ar Stang,,,Plein jour,En agglomération,Hors intersection,Normale,Deux véhicules - côté,,,,,,,,,,,1,2,1,1,3
200500024935,0005-05-15 17:00:00,5,5,15,17,0,220,152.0,,48.771,-3.277,Plein jour,Hors agglomération,Hors intersection,Normale,Deux véhicules - côté,,,,,,,,,,,1,1,1,1,3
200500024936,0005-05-03 18:45:00,5,5,3,18,45,290,87.0,,48.039,-4.245,Plein jour,Hors agglomération,Autre intersection,Normale,Deux véhicules - frontale,,,,,,,,,,,1,1,9,1,1
200500024937,0005-05-16 12:00:00,5,5,16,12,0,290,216.0,,,,Plein jour,Hors agglomération,Hors intersection,Temps éblouissant,Deux véhicules - côté,,,,,,,,,,,1,1,1,7,3
200500024938,0005-05-27 09:30:00,5,5,27,9,30,290,173.0,,48.029,-4.226,Plein jour,Hors agglomération,Hors intersection,Normale,Deux véhicules - côté,,,,,,,,,,,1,1,1,1,3
200500024939,0005-05-30 14:15:00,5,5,30,14,15,290,3.0,rue du Môle,48.019,-4.538,Plein jour,En agglomération,Hors intersection,Normale,Autre collision,,,,,,,,,,,1,2,1,1,6
200500024940,0005-05-06 19:15:00,5,5,6,19,15,290,169.0,,,,Plein jour,Hors agglomération,Hors intersection,Temps couvert,Sans collision,,,,,,,,,,,1,1,1,8,7
200500024941,0005-05-13 13:45:00,5,5,13,13,45,290,46.0,46 RUE LAENNEC,48.096,-4.327,Plein jour,En agglomération,Hors intersection,Normale,Autre collision,,,,,,,,,,,1,2,1,1,6
200500024942,0005-05-24 12:30:00,5,5,24,12,30,290,87.0,,48.045,-4.255,Plein jour,Hors agglomération,Hors intersection,Normale,Deux véhicules - côté,,,,,,,,,,,1,1,1,1,3
200500024943,0005-05-30 03:30:00,5,5,30,3,30,290,57.0,,,,Nuit avec éclairage allumé,Hors agglomération,Hors intersection,Normale,Autre collision,,,,,,,,,,,5,1,1,1,6
200500024944,0005-05-20 23:30:00,5,5,20,23,30,290,75.0,,48.453,-4.389,Nuit sans éclairage public,Hors agglomération,Hors intersection,Normale,Deux véhicules - arrière,,,,,,,,,,,3,1,1,1,2
200500024945,0005-05-19 08:45:00,5,5,19,8,45,290,101.0,,,,Plein jour,Hors agglomération,Hors intersection,Pluie légère,Deux véhicules - frontale,,,,,,,,,,,1,1,1,2,1
200500024946,0005-05-20 04:30:00,5,5,20,4,30,290,208.0,,48.504,-4.647,Nuit sans éclairage public,Hors agglomération,Hors intersection,Pluie forte,Deux véhicules - frontale,,,,,,,,,,,3,1,1,3,1
200500024947,0005-05-26 13:00:00,5,5,26,13,0,290,119.0,,48.46,-4.625,Plein jour,Hors agglomération,Hors intersection,Normale,Deux véhicules - frontale,,,,,,,,,,,1,1,1,1,1
200500024948,0005-05-17 19:15:00,5,5,17,19,15,290,249.0,,48.17,-4.012,Plein jour,Hors agglomération,Hors intersection,Normale,Sans collision,,,,,,,,,,,1,1,1,1,7
200500024949,0005-05-24 14:00:00,5,5,24,14,0,290,20.0,Rue des glycines,48.106,-4.003,Plein jour,En agglomération,Giratoire,Normale,Deux véhicules - frontale,,,,,,,,,,,1,2,6,1,1
200500024950,0005-05-15 13:45:00,5,5,15,13,45,290,59.0,,,,Plein jour,Hors agglomération,Hors intersection,Normale,Autre collision,,,,,,,,,,,1,1,1,1,6
200500024951,0005-05-14 17:15:00,5,5,14,17,15,290,199.0,LA CROIX ROUGE,,,Plein jour,En agglomération,Hors intersection,Normale,Deux véhicules - côté,,,,,,,,,,,1,2,1,1,3
200500024952,0005-05-10 16:15:00,5,5,10,16,15,290,264.0,,,,Plein jour,Hors agglomération,Hors intersection,Normale,Deux véhicules - côté,,,,,,,,,,,1,1,1,1,3
200500024953,0005-05-05 17:00:00,5,5,5,17,0,290,239.0,,,,Plein jour,Hors agglomération,Hors intersection,Normale,Deux véhicules - frontale,,,,,,,,,,,1,1,1,1,1
200500024954,0005-05-08 15:45:00,5,5,8,15,45,290,192.0,,,,Plein jour,Hors agglomération,Intersection en T,Normale,Deux véhicules - frontale,,,,,,,,,,,1,1,3,1,1
200500024955,0005-05-16 09:30:00,5,5,16,9,30,290,192.0,,,,Plein jour,Hors agglomération,Hors intersection,Normale,Deux véhicules - frontale,,,,,,,,,,,1,1,1,1,1
200500024956,0005-05-20 18:45:00,5,5,20,18,45,290,259.0,Place du petit Cloître,48.689,-3.984,Plein jour,En agglomération,Hors intersection,Normale,Deux véhicules - côté,,,,,,,,,,,1,2,1,1,3
200500024957,0005-05-29 22:45:00,5,5,29,22,45,290,185.0,Carrefour d'Odet Galet,48.657,-4.172,Nuit avec éclairage allumé,En agglomération,Intersection en X,Normale,Deux véhicules - côté,,,,,,,,,,,5,2,2,1,3
200500024958,0005-05-26 18:00:00,5,5,26,18,0,290,68.0,,,,Plein jour,Hors agglomération,Intersection en X,Normale,Deux véhicules - arrière,,,,,,,,,,,1,1,2,1,2
200500024959,0005-05-09 16:00:00,5,5,9,16,0,560,8.0,,47.618,-2.916,Plein jour,Hors agglomération,Hors intersection,Normale,Deux véhicules - frontale,,,,,,,,,,,1,1,1,1,1
200500024960,0005-05-06 20:45:00,5,5,6,20,45,560,239.0,,,,Plein jour,Hors agglomération,Hors intersection,Normale,Deux véhicules - côté,,,,,,,,,,,1,1,1,1,3
200500024961,0005-05-19 10:15:00,5,5,19,10,15,560,185.0,,47.777,-3.371,Plein jour,Hors agglomération,Hors intersection,Pluie légère,Deux véhicules - côté,,,,,,,,,,,1,1,1,2,3
200500024962,0005-05-10 09:30:00,5,5,10,9,30,560,7.0,RUE DU LEURCH,,,Plein jour,En agglomération,Hors intersection,Normale,Deux véhicules - frontale,,,,,,,,,,,1,2,1,1,1
200500024963,0005-05-19 17:30:00,5,5,19,17,30,560,185.0,,47.782,-3.455,Plein jour,Hors agglomération,Hors intersection,Pluie légère,Trois véhicules et plus - collisions multiples,,,,,,,,,,,1,1,1,2,5
200500024964,0005-05-20 04:45:00,5,5,20,4,45,560,185.0,,,,Nuit sans éclairage public,Hors agglomération,Hors intersection,Normale,Autre collision,,,,,,,,,,,3,1,1,1,6
200500024965,0005-05-21 17:45:00,5,5,21,17,45,560,166.0,,,,Plein jour,Hors agglomération,Hors intersection,Normale,Deux véhicules - frontale,,,,,,,,,,,1,1,1,1,1
200500024966,0005-05-07 21:45:00,5,5,7,21,45,560,193.0,,47.737,-3.315,Nuit avec éclairage allumé,Hors agglomération,Hors intersection,Normale,Deux véhicules - frontale,,,,,,,,,,,5,1,1,1,1
200500024967,0005-05-28 18:30:00,5,5,28,18,30,560,130.0,,47.741,-3.227,Plein jour,Hors agglomération,Hors intersection,Normale,Deux véhicules - côté,,,,,,,,,,,1,1,1,1,3
200500024968,0005-05-29 19:30:00,5,5,29,19,30,560,169.0,,47.688,-3.231,Plein jour,Hors agglomération,Intersection en X,Normale,Deux véhicules - côté,,,,,,,,,,,1,1,2,1,3
200500024969,0005-05-22 07:45:00,5,5,22,7,45,560,197.0,,,,Plein jour,Hors agglomération,Hors intersection,Pluie légère,Sans collision,,,,,,,,,,,1,1,1,2,7
200500024970,0005-05-19 16:00:00,5,5,19,16,0,560,222.0,,,,Plein jour,Hors agglomération,Hors intersection,Pluie forte,Autre collision,,,,,,,,,,,1,1,1,3,6
200500024971,0005-05-18 22:30:00,5,5,18,22,30,560,48.0,RUE DE L AER,48.073,-3.359,Nuit avec éclairage allumé,En agglomération,Hors intersection,Normale,Trois véhicules et plus - collisions multiples,,,,,,,,,,,5,2,1,1,5
200500024972,0005-05-20 17:00:00,5,5,20,17,0,560,73.0,PARKING INTERMARCHE,48.067,-3.207,Plein jour,En agglomération,Hors intersection,Normale,Autre collision,,,,,,,,,,,1,2,1,1,6
200500024973,0005-05-22 16:30:00,5,5,22,16,30,560,113.0,,48.074,-3.196,Plein jour,Hors agglomération,Hors intersection,Normale,Deux véhicules - côté,,,,,,,,,,,1,1,1,1,3
200500024974,0005-05-25 18:45:00,5,5,25,18,45,560,10.0,RUE DES BRUYERES,47.881,-3.006,Plein jour,En agglomération,Intersection en T,Normale,Deux véhicules - côté,,,,,,,,,,,1,2,3,1,3
200500024975,0005-05-07 16:00:00,5,5,7,16,0,140,562.0,ROUTE DE LANGRUNE,,,Plein jour,En agglomération,Giratoire,Normale,Deux véhicules - côté,,,,,,,,,,,1,2,6,1,3
200500024976,0005-05-26 10:15:00,5,5,26,10,15,140,228.0,ROUTE DE BRETTEVILLE,49.302,-0.379,Plein jour,En agglomération,Hors intersection,Normale,Autre collision,,,,,,,,,,,1,2,1,1,6
200500024977,0005-05-13 22:15:00,5,5,13,22,15,140,123.0,Carrefour CD22 et CD170,49.242,-0.45,Nuit avec éclairage allumé,En agglomération,Hors intersection,Normale,Deux véhicules - côté,,,,,,,,,,,5,2,1,1,3
200500024978,0005-05-19 18:00:00,5,5,19,18,0,140,311.0,,49.138,-0.533,Plein jour,Hors agglomération,Hors intersection,Normale,Deux véhicules - frontale,,,,,,,,,,,1,1,1,1,1
200500024979,0005-05-02 19:00:00,5,5,2,19,0,140,57.0,,49.127,-0.212,Plein jour,Hors agglomération,Hors intersection,Normale,Deux véhicules - côté,,,,,,,,,,,1,1,1,1,3
200500024980,0005-05-25 10:15:00,5,5,25,10,15,140,589.0,,,,Plein jour,Hors agglomération,Hors intersection,Normale,Deux véhicules - frontale,,,,,,,,,,,1,1,1,1,1
200500024981,0005-05-27 18:45:00,5,5,27,18,45,140,100.0,ROUTE DE GOUVIX,,,Plein jour,En agglomération,Hors intersection,Normale,Deux véhicules - côté,,,,,,,,,,,1,2,1,1,3
200500024982,0005-05-21 13:45:00,5,5,21,13,45,140,407.0,rue des 12 apotres,49.258,-0.374,Plein jour,En agglomération,Hors intersection,Normale,Deux véhicules - arrière,,,,,,,,,,,1,2,1,1,2
200500024983,0005-05-25 17:30:00,5,5,25,17,30,140,407.0,,49.23,-0.37,Plein jour,Hors agglomération,Giratoire,Normale,Deux véhicules - arrière,,,,,,,,,,,1,1,6,1,2
200500024984,0005-05-02 06:15:00,5,5,2,6,15,140,328.0,STE HONORINE LA CHARDRON,49.212,-0.276,Crépuscule ou aube,En agglomération,Hors intersection,Temps couvert,Deux véhicules - frontale,,,,,,,,,,,2,2,1,8,1
200500024985,0005-05-03 11:00:00,5,5,3,11,0,140,724.0,,49.29,-0.141,Plein jour,En agglomération,Hors intersection,Normale,Sans collision,,,,,,,,,,,1,2,1,1,7
200500024986,0005-05-28 11:45:00,5,5,28,11,45,140,712.0,RUE DE ROUEN,49.183,-0.189,Plein jour,En agglomération,Autre intersection,Normale,Deux véhicules - arrière,,,,,,,,,,,1,2,9,1,2
200500024987,0005-05-08 09:45:00,5,5,8,9,45,140,140.0,,49.208,-0.793,Plein jour,Hors agglomération,Hors intersection,Normale,Autre collision,,,,,,,,,,,1,1,1,1,6
200500024988,0005-05-14 00:30:00,5,5,14,0,30,140,714.0,,49.234,-0.831,Nuit sans éclairage public,Hors agglomération,Hors intersection,Normale,Autre collision,,,,,,,,,,,3,1,1,1,6
200500024989,0005-05-29 00:15:00,5,5,29,0,15,140,468.0,Route de St Lo,49.231,-0.773,Nuit avec éclairage allumé,En agglomération,Hors intersection,Normale,Sans collision,,,,,,,,,,,5,2,1,1,7
200500024990,0005-05-13 16:00:00,5,5,13,16,0,140,627.0,,,,Plein jour,Hors agglomération,Hors intersection,Normale,Deux véhicules - frontale,,,,,,,,,,,1,1,1,1,1
200500024991,0005-05-01 12:00:00,5,5,1,12,0,140,628.0,,48.988,-0.556,Plein jour,Hors agglomération,Hors intersection,Normale,Deux véhicules - frontale,,,,,,,,,,,1,1,1,1,1
200500024992,0005-05-05 14:15:00,5,5,5,14,15,140,750.0,,,,Plein jour,Hors agglomération,Hors intersection,Normale,Deux véhicules - côté,,,,,,,,,,,1,1,1,1,3
200500024993,0005-05-07 09:45:00,5,5,7,9,45,140,422.0,,49.086,0.017,Plein jour,En agglomération,Hors intersection,Normale,Deux véhicules - frontale,,,,,,,,,,,1,2,1,1,1
200500024994,0005-05-03 20:15:00,5,5,3,20,15,140,431.0,route d'Ouville,,,Plein jour,En agglomération,Hors intersection,Normale,Sans collision,,,,,,,,,,,1,2,1,1,7
200500024995,0005-05-25 22:15:00,5,5,25,22,15,140,654.0,,49.026,-0.047,Nuit avec éclairage non allumé,Hors agglomération,Hors intersection,Normale,Deux véhicules - côté,,,,,,,,,,,4,1,1,1,3
200500024996,0005-05-20 17:30:00,5,5,20,17,30,140,303.0,,,,Plein jour,Hors agglomération,Hors intersection,Normale,Autre collision,,,,,,,,,,,1,1,1,1,6
200500024997,0005-05-21 16:00:00,5,5,21,16,0,140,403.0,,49.148,0.373,Plein jour,Hors agglomération,Intersection en X,Normale,Deux véhicules - côté,,,,,,,,,,,1,1,2,1,3
200500024998,0005-05-27 18:30:00,5,5,27,18,30,140,326.0,,,,Plein jour,Hors agglomération,Hors intersection,Normale,Deux véhicules - côté,,,,,,,,,,,1,1,1,1,3
200500024999,0005-05-22 16:00:00,5,5,22,16,0,140,305.0,,,,Plein jour,Hors agglomération,Hors intersection,Pluie forte,Deux véhicules - frontale,,,,,,,,,,,1,1,1,3,1
200500025000,0005-05-01 14:45:00,5,5,1,14,45,140,658.0,Route de Granville,,,Plein jour,En agglomération,Hors intersection,Normale,Autre collision,,,,,,,,,,,1,2,1,1,6
200500025001,0005-05-06 16:45:00,5,5,6,16,45,140,618.0,,,,Plein jour,Hors agglomération,Hors intersection,Normale,Deux véhicules - frontale,,,,,,,,,,,1,1,1,1,1
200500025002,0005-05-16 16:30:00,5,5,16,16,30,140,718.0,,,,Plein jour,Hors agglomération,Hors intersection,Normale,Deux véhicules - frontale,,,,,,,,,,,1,1,1,1,1
200500025003,0005-05-26 18:45:00,5,5,26,18,45,140,762.0,,,,Plein jour,Hors agglomération,Hors intersection,Normale,Sans collision,,,,,,,,,,,1,1,1,1,7
200500025004,0005-05-02 19:15:00,5,5,2,19,15,140,174.0,ROND POINT LA VICTOIRE,,,Plein jour,En agglomération,Giratoire,Normale,Deux véhicules - arrière,,,,,,,,,,,1,2,6,1,2
200500025005,0005-05-05 17:00:00,5,5,5,17,0,140,27.0,CARREFOUR CD 6 ET CD 54,,,Plein jour,En agglomération,Hors intersection,Normale,Deux véhicules - frontale,,,,,,,,,,,1,2,1,1,1
200500025006,0005-05-02 18:45:00,5,5,2,18,45,500,25.0,RD 973,48.695,-1.364,Plein jour,En agglomération,Hors intersection,Normale,Deux véhicules - côté,,,,,,,,,,,1,2,1,1,3
200500025007,0005-05-06 11:15:00,5,5,6,11,15,500,288.0,Pont Gilbert,48.698,-1.374,Plein jour,En agglomération,Hors intersection,Normale,Autre collision,,,,,,,,,,,1,2,1,1,6
200500025008,0005-05-31 13:00:00,5,5,31,13,0,500,554.0,,48.684,-1.303,Plein jour,Hors agglomération,Hors intersection,Normale,Autre collision,,,,,,,,,,,1,1,1,1,6
200500025009,0005-05-08 01:45:00,5,5,8,1,45,500,237.0,RUE DE LA LIBERATION,48.807,-1.395,Nuit avec éclairage non allumé,En agglomération,Hors intersection,Normale,Deux véhicules - côté,,,,,,,,,,,4,2,1,1,3
200500025010,0005-05-26 03:15:00,5,5,26,3,15,500,541.0,,48.841,-1.497,Nuit sans éclairage public,Hors agglomération,Hors intersection,Normale,Autre collision,,,,,,,,,,,3,1,1,1,6
200500025011,0005-05-16 09:30:00,5,5,16,9,30,500,168.0,Rue du Maréchal LECLERC,,,Plein jour,En agglomération,Hors intersection,Normale,Deux véhicules - frontale,,,,,,,,,,,1,2,1,1,1
200500025012,0005-05-26 15:15:00,5,5,26,15,15,500,77.0,,,,Plein jour,Hors agglomération,Hors intersection,Normale,Deux véhicules - frontale,,,,,,,,,,,1,1,1,1,1
200500025013,0005-05-05 15:00:00,5,5,5,15,0,500,402.0,,49.522,-1.817,Plein jour,Hors agglomération,Hors intersection,Normale,Deux véhicules - côté,,,,,,,,,,,1,1,1,1,3
200500025014,0005-05-06 12:30:00,5,5,6,12,30,500,412.0,,,,Plein jour,Hors agglomération,Intersection en X,Normale,Deux véhicules - côté,,,,,,,,,,,1,1,2,1,3
200500025015,0005-05-17 18:00:00,5,5,17,18,0,500,401.0,,,,Plein jour,Hors agglomération,Intersection en X,Normale,Deux véhicules - côté,,,,,,,,,,,1,1,2,1,3
200500025016,0005-05-22 18:45:00,5,5,22,18,45,500,412.0,,,,Plein jour,Hors agglomération,Giratoire,Normale,Deux véhicules - arrière,,,,,,,,,,,1,1,6,1,2
200500025017,0005-05-07 17:15:00,5,5,7,17,15,500,400.0,rue de la libération,,,Plein jour,En agglomération,Hors intersection,Normale,Autre collision,,,,,,,,,,,1,2,1,1,6
200500025018,0005-05-20 16:45:00,5,5,20,16,45,500,400.0,route de Periers,,,Plein jour,En agglomération,Hors intersection,Normale,Autre collision,,,,,,,,,,,1,2,1,1,6
200500025019,0005-05-26 17:45:00,5,5,26,17,45,500,523.0,,,,Plein jour,Hors agglomération,Hors intersection,Normale,Deux véhicules - côté,,,,,,,,,,,1,1,1,1,3
200500025020,0005-05-02 19:30:00,5,5,2,19,30,500,539.0,,,,Plein jour,Hors agglomération,Hors intersection,Normale,Deux véhicules - frontale,,,,,,,,,,,1,1,1,1,1
200500025021,0005-05-28 14:15:00,5,5,28,14,15,500,111.0,,49.04,-1.298,Plein jour,Hors agglomération,Intersection en X,Normale,Deux véhicules - côté,,,,,,,,,,,1,1,2,1,3
200500025022,0005-05-01 18:30:00,5,5,1,18,30,500,85.0,,48.924,-1.52,Plein jour,Hors agglomération,Intersection en X,Normale,Deux véhicules - côté,,,,,,,,,,,1,1,2,1,3
200500025023,0005-05-02 09:15:00,5,5,2,9,15,500,231.0,RUE DE LA MER,,,Plein jour,En agglomération,Intersection en T,Normale,Deux véhicules - côté,,,,,,,,,,,1,2,3,1,3
200500025024,0005-05-05 20:30:00,5,5,5,20,30,500,140.0,,48.998,-1.418,Plein jour,Hors agglomération,Hors intersection,Temps éblouissant,Deux véhicules - frontale,,,,,,,,,,,1,1,1,7,1
200500025025,0005-05-30 19:45:00,5,5,30,19,45,500,151.0,,,,Plein jour,Hors agglomération,Hors intersection,Normale,Deux véhicules - frontale,,,,,,,,,,,1,1,1,1,1
200500025026,0005-05-08 11:45:00,5,5,8,11,45,500,474.0,,48.585,-0.779,Plein jour,Hors agglomération,Intersection en X,Normale,Deux véhicules - côté,,,,,,,,,,,1,1,2,1,3
200500025027,0005-05-08 15:00:00,5,5,8,15,0,500,644.0,,48.59,-1.129,Plein jour,Hors agglomération,Hors intersection,Normale,Deux véhicules - arrière,,,,,,,,,,,1,1,1,1,2
200500025028,0005-05-14 12:45:00,5,5,14,12,45,500,367.0,,48.618,-1.13,Plein jour,Hors agglomération,Intersection en X,Normale,Deux véhicules - côté,,,,,,,,,,,1,1,2,1,3
200500025029,0005-05-20 17:15:00,5,5,20,17,15,500,591.0,rue des écoles,,,Plein jour,En agglomération,Hors intersection,Normale,Autre collision,,,,,,,,,,,1,2,1,1,6
200500025030,0005-05-30 11:30:00,5,5,30,11,30,500,53.0,,,,Plein jour,Hors agglomération,Hors intersection,Normale,Deux véhicules - frontale,,,,,,,,,,,1,1,1,1,1
200500025031,0005-05-03 17:15:00,5,5,3,17,15,610,464.0,RUE DU 8 MAI,,,Plein jour,En agglomération,Hors intersection,Pluie légère,Deux véhicules - arrière,,,,,,,,,,,1,2,1,2,2
200500025032,0005-05-11 16:15:00,5,5,11,16,15,610,412.0,LA CHALOTIERE,,,Plein jour,En agglomération,Intersection en T,Normale,Deux véhicules - côté,,,,,,,,,,,1,2,3,1,3
200500025033,0005-05-22 05:00:00,5,5,22,5,0,610,365.0,,48.547,0.365,Nuit sans éclairage public,Hors agglomération,Hors intersection,Normale,Deux véhicules - arrière,,,,,,,,,,,3,1,1,1,2
200500025034,0005-05-01 16:15:00,5,5,1,16,15,610,320.0,,,,Plein jour,Hors agglomération,Hors intersection,Normale,Deux véhicules - frontale,,,,,,,,,,,1,1,1,1,1
200500025035,0005-05-13 10:30:00,5,5,13,10,30,610,152.0,,,,Plein jour,Hors agglomération,Intersection en X,Normale,Deux véhicules - côté,,,,,,,,,,,1,1,2,1,3
200500025036,0005-05-29 14:00:00,5,5,29,14,0,610,23.0,,48.801,0.008,Plein jour,Hors agglomération,Hors intersection,Pluie forte,Deux véhicules - côté,,,,,,,,,,,1,1,1,3,3
200500025037,0005-05-14 03:30:00,5,5,14,3,30,610,473.0,,48.715,-0.15,Nuit sans éclairage public,Hors agglomération,Hors intersection,Pluie légère,Sans collision,,,,,,,,,,,3,1,1,2,7
200500025038,0005-05-20 11:00:00,5,5,20,11,0,610,506.0,rue de la ferte,48.864,0.457,Plein jour,En agglomération,Hors intersection,Normale,Deux véhicules - frontale,,,,,,,,,,,1,2,1,1,1
200500025039,0005-05-06 20:15:00,5,5,6,20,15,610,145.0,,48.59,-0.628,Plein jour,Hors agglomération,Hors intersection,Normale,Deux véhicules - frontale,,,,,,,,,,,1,1,1,1,1
200500025040,0005-05-15 01:45:00,5,5,15,1,45,610,75.0,RUE DE DOMFRONT,48.5,-0.625,Nuit avec éclairage allumé,En agglomération,Hors intersection,Normale,Autre collision,,,,,,,,,,,5,2,1,1,6
200500025041,0005-05-06 15:30:00,5,5,6,15,30,610,112.0,D920 centre bourg,48.413,0.657,Plein jour,En agglomération,Hors intersection,Normale,Deux véhicules - frontale,,,,,,,,,,,1,2,1,1,1
200500025042,0005-05-26 23:00:00,5,5,26,23,0,610,457.0,,48.788,0.544,Nuit sans éclairage public,Hors agglomération,Hors intersection,Normale,Trois véhicules et plus - en chaîne,,,,,,,,,,,3,1,1,1,4
200500025043,0005-05-24 19:15:00,5,5,24,19,15,440,172.0,,,,Plein jour,Hors agglomération,Hors intersection,Normale,Sans collision,,,,,,,,,,,1,1,1,1,7
200500025044,0005-05-25 07:30:00,5,5,25,7,30,440,188.0,,,,Plein jour,Hors agglomération,Hors intersection,Normale,Deux véhicules - arrière,,,,,,,,,,,1,1,1,1,2
200500025045,0005-05-30 16:15:00,5,5,30,16,15,440,83.0,,,,Plein jour,Hors agglomération,Hors intersection,Temps éblouissant,Autre collision,,,,,,,,,,,1,1,1,7,6
200500025046,0005-05-12 17:30:00,5,5,12,17,30,440,215.0,route de la gare,,,Plein jour,En agglomération,Hors intersection,Normale,Deux véhicules - frontale,,,,,,,,,,,1,2,1,1,1
200500025047,0005-05-20 02:30:00,5,5,20,2,30,440,215.0,,,,Nuit avec éclairage non allumé,Hors agglomération,Intersection en X,Normale,Deux véhicules - côté,,,,,,,,,,,4,1,2,1,3
200500025048,0005-05-27 21:45:00,5,5,27,21,45,440,215.0,les brosses,,,Plein jour,En agglomération,Hors intersection,Normale,Deux véhicules - côté,,,,,,,,,,,1,2,1,1,3
200500025049,0005-05-15 10:45:00,5,5,15,10,45,440,104.0,,,,Plein jour,Hors agglomération,Hors intersection,Normale,Deux véhicules - frontale,,,,,,,,,,,1,1,1,1,1
200500025050,0005-05-22 00:45:00,5,5,22,0,45,440,134.0,rue du vieux chateau,,,Nuit avec éclairage allumé,En agglomération,Hors intersection,Normale,Deux véhicules - frontale,,,,,,,,,,,5,2,1,1,1
200500025051,0005-05-29 12:45:00,5,5,29,12,45,440,77.0,,47.524,-1.461,Plein jour,Hors agglomération,Intersection en T,Temps couvert,Deux véhicules - côté,,,,,,,,,,,1,1,3,8,3
200500025052,0005-05-02 19:00:00,5,5,2,19,0,440,36.0,RUE D ANGERS,47.715,-1.372,Crépuscule ou aube,En agglomération,Giratoire,Temps éblouissant,Autre collision,,,,,,,,,,,2,2,6,7,6
200500025053,0005-05-09 17:45:00,5,5,9,17,45,440,218.0,,,,Plein jour,Hors agglomération,Hors intersection,Normale,Autre collision,,,,,,,,,,,1,1,1,1,6
200500025054,0005-05-11 11:15:00,5,5,11,11,15,440,36.0,rue de la libération,47.718,-1.378,Plein jour,En agglomération,Hors intersection,Normale,Autre collision,,,,,,,,,,,1,2,1,1,6
200500025055,0005-05-05 09:45:00,5,5,5,9,45,440,7.0,,,,Plein jour,Hors agglomération,Hors intersection,Temps éblouissant,Sans collision,,,,,,,,,,,1,1,1,7,7
200500025056,0005-05-23 18:30:00,5,5,23,18,30,440,67.0,,47.604,-1.761,Plein jour,Hors agglomération,Hors intersection,Normale,Deux véhicules - frontale,,,,,,,,,,,1,1,1,1,1
200500025057,0005-05-28 21:45:00,5,5,28,21,45,440,15.0,LA PERRIERE DE LA MAZONN,47.474,-1.746,Plein jour,En agglomération,Hors intersection,Normale,Autre collision,,,,,,,,,,,1,2,1,1,6
200500025058,0005-05-08 11:30:00,5,5,8,11,30,440,149.0,rue du parc des sports,47.454,-1.643,Plein jour,En agglomération,Autre intersection,Normale,Deux véhicules - côté,,,,,,,,,,,1,2,9,1,3
200500025059,0005-05-23 14:45:00,5,5,23,14,45,440,110.0,,47.597,-1.589,Plein jour,Hors agglomération,Intersection en X,Normale,Deux véhicules - côté,,,,,,,,,,,1,1,2,1,3
200500025060,0005-05-18 04:30:00,5,5,18,4,30,440,110.0,,47.462,-1.514,Nuit sans éclairage public,Hors agglomération,Hors intersection,Normale,Autre collision,,,,,,,,,,,3,1,1,1,6
200500025061,0005-05-07 07:30:00,5,5,7,7,30,440,18.0,village de la roderie,47.148,-1.669,Plein jour,En agglomération,Hors intersection,Temps couvert,Autre collision,,,,,,,,,,,1,2,1,8,6
200500025062,0005-05-21 19:30:00,5,5,21,19,30,440,166.0,,47.193,-1.712,Plein jour,Hors agglomération,Intersection en X,Normale,Deux véhicules - côté,,,,,,,,,,,1,1,2,1,3
200500025063,0005-05-24 15:00:00,5,5,24,15,0,440,130.0,,47.128,-1.599,Plein jour,Hors agglomération,Hors intersection,Normale,Deux véhicules - frontale,,,,,,,,,,,1,1,1,1,1
200500025064,0005-05-28 15:15:00,5,5,28,15,15,440,18.0,,47.17,-1.672,Plein jour,Hors agglomération,Intersection en X,Normale,Deux véhicules - côté,,,,,,,,,,,1,1,2,1,3
200500025065,0005-05-05 19:15:00,5,5,5,19,15,440,21.0,Rue de la Gare,47.05,-1.954,Plein jour,En agglomération,Intersection en Y,Normale,Deux véhicules - côté,,,,,,,,,,,1,2,4,1,3
200500025066,0005-05-20 09:45:00,5,5,20,9,45,440,164.0,,,,Plein jour,Hors agglomération,Hors intersection,Normale,Deux véhicules - côté,,,,,,,,,,,1,1,1,1,3
200500025067,0005-05-23 10:30:00,5,5,23,10,30,440,21.0,,47.062,-1.937,Plein jour,Hors agglomération,Hors intersection,Normale,Deux véhicules - frontale,,,,,,,,,,,1,1,1,1,1
200500025068,0005-05-25 17:45:00,5,5,25,17,45,440,131.0,,,,Plein jour,Hors agglomération,Hors intersection,Normale,Deux véhicules - frontale,,,,,,,,,,,1,1,1,1,1
200500025069,0005-05-28 14:45:00,5,5,28,14,45,440,59.0,RUE DE PORNIC,,,Plein jour,En agglomération,Hors intersection,Normale,Deux véhicules - arrière,,,,,,,,,,,1,2,1,1,2