accident_id,datetime,annee,mois,jour,heure,minute,departement,commune_insee,adresse,latitude,longitude,luminosite,agglomeration,intersection,meteo,collision,nb_vehicules,nb_usagers,nb_indemnes,nb_tues,nb_blesses_hosp,nb_blesses_legers,age_cond_1,age_cond_2,veh_type_cond_1,veh_type_cond_2,lum_code,agg_code,int_code,atm_code,col_code
200500025070,0005-05-28 15:45:00,5,5,28,15,45,440,131.0,RUE DU TRAITE DE ROME,,,Plein jour,En agglomération,Giratoire,Normale,Deux véhicules - côté,,,,,,,,,,,1,2,6,1,3
200500025071,0005-05-24 12:30:00,5,5,24,12,30,440,131.0,,,,Plein jour,Hors agglomération,Intersection en X,Normale,Deux véhicules - côté,,,,,,,,,,,1,1,2,1,3
200500025072,0005-05-31 17:45:00,5,5,31,17,45,440,5.0,,,,Plein jour,Hors agglomération,Hors intersection,Normale,Deux véhicules - frontale,,,,,,,,,,,1,1,1,1,1
200500025073,0005-05-29 09:45:00,5,5,29,9,45,440,186.0,,47.083,-1.799,Plein jour,Hors agglomération,Hors intersection,Normale,Trois véhicules et plus - collisions multiples,,,,,,,,,,,1,1,1,1,5
200500025074,0005-05-31 19:30:00,5,5,31,19,30,440,181.0,,47.056,-1.767,Plein jour,Hors agglomération,Hors intersection,Normale,Deux véhicules - frontale,,,,,,,,,,,1,1,1,1,1
200500025075,0005-05-24 18:00:00,5,5,24,18,0,440,47.0,,,,Plein jour,Hors agglomération,Hors intersection,Normale,Deux véhicules - frontale,,,,,,,,,,,1,1,1,1,1
200500025076,0005-05-27 12:30:00,5,5,27,12,30,440,47.0,,,,Plein jour,Hors agglomération,Hors intersection,Normale,Deux véhicules - arrière,,,,,,,,,,,1,1,1,1,2
200500025077,0005-05-31 06:00:00,5,5,31,6,0,440,47.0,,,,Crépuscule ou aube,Hors agglomération,Hors intersection,Normale,Deux véhicules - côté,,,,,,,,,,,2,1,1,1,3
200500025078,0005-05-25 10:00:00,5,5,25,10,0,440,69.0,rue anne de Bretagne,,,Plein jour,En agglomération,Hors intersection,Normale,Deux véhicules - côté,,,,,,,,,,,1,2,1,1,3
200500025079,0005-05-28 09:30:00,5,5,28,9,30,440,183.0,,,,Plein jour,Hors agglomération,Hors intersection,Normale,Autre collision,,,,,,,,,,,1,1,1,1,6
200500025080,0005-05-14 21:30:00,5,5,14,21,30,440,176.0,rue des droits de l'homm,47.357,-2.18,Nuit avec éclairage allumé,En agglomération,Autre intersection,Normale,Sans collision,,,,,,,,,,,5,2,9,1,7
200500025081,0005-05-12 17:15:00,5,5,12,17,15,440,129.0,"Lieudit:"" Versailles"".",47.446,-2.108,Plein jour,En agglomération,Hors intersection,Pluie forte,Deux véhicules - côté,,,,,,,,,,,1,2,1,3,3
200500025082,0005-05-14 23:30:00,5,5,14,23,30,440,50.0,,,,Nuit sans éclairage public,Hors agglomération,Hors intersection,Normale,Autre collision,,,,,,,,,,,3,1,1,1,6
200500025083,0005-05-26 22:00:00,5,5,26,22,0,440,152.0,,,,Crépuscule ou aube,Hors agglomération,Hors intersection,Normale,Autre collision,,,,,,,,,,,2,1,1,1,6
200500025084,0005-05-27 17:45:00,5,5,27,17,45,440,13.0,,,,Plein jour,Hors agglomération,Intersection en X,Normale,Deux véhicules - côté,,,,,,,,,,,1,1,2,1,3
200500025085,0005-05-01 01:30:00,5,5,1,1,30,440,158.0,,47.288,-1.805,Nuit sans éclairage public,Hors agglomération,Hors intersection,Normale,Autre collision,,,,,,,,,,,3,1,1,1,6
200500025086,0005-05-21 21:15:00,5,5,21,21,15,440,158.0,,47.284,-1.724,Plein jour,Hors agglomération,Hors intersection,Normale,Deux véhicules - arrière,,,,,,,,,,,1,1,1,1,2
200500025087,0005-05-27 17:30:00,5,5,27,17,30,440,158.0,,,,Plein jour,Hors agglomération,Hors intersection,Normale,Autre collision,,,,,,,,,,,1,1,1,1,6
200500025088,0005-05-08 13:30:00,5,5,8,13,30,440,195.0,,,,Plein jour,Hors agglomération,Intersection en T,Normale,Deux véhicules - frontale,,,,,,,,,,,1,1,3,1,1
200500025089,0005-05-12 08:30:00,5,5,12,8,30,440,195.0,,,,Plein jour,Hors agglomération,Hors intersection,Normale,Deux véhicules - arrière,,,,,,,,,,,1,1,1,1,2
200500025090,0005-05-26 08:30:00,5,5,26,8,30,490,214.0,rue Jean Jaurès,47.534,-0.604,Plein jour,En agglomération,Hors intersection,Normale,Autre collision,,,,,,,,,,,1,2,1,1,6
200500025091,0005-05-04 19:00:00,5,5,4,19,0,490,194.0,,47.475,-0.306,Plein jour,Hors agglomération,Hors intersection,Normale,Trois véhicules et plus - en chaîne,,,,,,,,,,,1,1,1,1,4
200500025092,0005-05-16 15:15:00,5,5,16,15,15,490,318.0,,47.382,-0.441,Plein jour,Hors agglomération,Hors intersection,Normale,Deux véhicules - frontale,,,,,,,,,,,1,1,1,1,1
200500025093,0005-05-29 15:45:00,5,5,29,15,45,490,50.0,131 rue Louis Moron,47.349,-0.438,Plein jour,En agglomération,Hors intersection,Pluie forte,Autre collision,,,,,,,,,,,1,2,1,3,6
200500025094,0005-05-27 23:30:00,5,5,27,23,30,490,129.0,,,,Nuit sans éclairage public,Hors agglomération,Hors intersection,Normale,Deux véhicules - frontale,,,,,,,,,,,3,1,1,1,1
200500025095,0005-05-20 09:15:00,5,5,20,9,15,490,160.0,,47.418,-0.915,Plein jour,Hors agglomération,Hors intersection,Normale,Trois véhicules et plus - collisions multiples,,,,,,,,,,,1,1,1,1,5
200500025096,0005-05-20 19:00:00,5,5,20,19,0,490,247.0,,,,Plein jour,Hors agglomération,Hors intersection,Normale,Sans collision,,,,,,,,,,,1,1,1,1,7
200500025097,0005-05-24 18:30:00,5,5,24,18,30,490,306.0,RUE DU PETIT ANJOU,47.428,-0.698,Plein jour,En agglomération,Hors intersection,Normale,Deux véhicules - côté,,,,,,,,,,,1,2,1,1,3
200500025098,0005-05-29 12:45:00,5,5,29,12,45,490,283.0,,47.428,-0.763,Plein jour,Hors agglomération,Intersection en T,Normale,Deux véhicules - frontale,,,,,,,,,,,1,1,3,1,1
200500025099,0005-05-02 17:30:00,5,5,2,17,30,490,188.0,,47.583,-0.344,Plein jour,Hors agglomération,Hors intersection,Normale,Autre collision,,,,,,,,,,,1,1,1,1,6
200500025100,0005-05-14 12:00:00,5,5,14,12,0,490,127.0,Rue camille Claudel,47.675,-0.244,Plein jour,En agglomération,Hors intersection,Normale,Sans collision,,,,,,,,,,,1,2,1,1,7
200500025101,0005-05-20 14:30:00,5,5,20,14,30,490,110.0,,,,Plein jour,Hors agglomération,Hors intersection,Normale,Trois véhicules et plus - collisions multiples,,,,,,,,,,,1,1,1,1,5
200500025102,0005-05-28 19:15:00,5,5,28,19,15,490,334.0,,47.537,-0.219,Plein jour,Hors agglomération,Hors intersection,Normale,Sans collision,,,,,,,,,,,1,1,1,1,7
200500025103,0005-05-24 19:15:00,5,5,24,19,15,490,23.0,,47.21,-0.95,Plein jour,Hors agglomération,Hors intersection,Normale,Deux véhicules - arrière,,,,,,,,,,,1,1,1,1,2
200500025104,0005-05-24 19:45:00,5,5,24,19,45,490,72.0,,47.18,-1.0,Plein jour,Hors agglomération,Hors intersection,Normale,Deux véhicules - frontale,,,,,,,,,,,1,1,1,1,1
200500025105,0005-05-14 17:45:00,5,5,14,17,45,490,269.0,,,,Plein jour,Hors agglomération,Hors intersection,Normale,Deux véhicules - frontale,,,,,,,,,,,1,1,1,1,1
200500025106,0005-05-13 16:45:00,5,5,13,16,45,490,192.0,,,,Plein jour,En agglomération,Hors intersection,Normale,Autre collision,,,,,,,,,,,1,2,1,1,6
200500025107,0005-05-22 17:30:00,5,5,22,17,30,490,27.0,,47.142,-0.917,Plein jour,Hors agglomération,Hors intersection,Normale,Deux véhicules - arrière,,,,,,,,,,,1,1,1,1,2
200500025108,0005-05-19 18:30:00,5,5,19,18,30,490,218.0,rue du château,47.265,-1.045,Plein jour,En agglomération,Hors intersection,Normale,Autre collision,,,,,,,,,,,1,2,1,1,6
200500025109,0005-05-07 20:30:00,5,5,7,20,30,490,18.0,Route d'ANGERS,,,Plein jour,En agglomération,Giratoire,Normale,Sans collision,,,,,,,,,,,1,2,6,1,7
200500025110,0005-05-17 17:45:00,5,5,17,17,45,490,221.0,,47.469,0.041,Plein jour,Hors agglomération,Hors intersection,Normale,Deux véhicules - arrière,,,,,,,,,,,1,1,1,1,2
200500025111,0005-05-22 11:30:00,5,5,22,11,30,490,221.0,Rue des Moulins,47.472,0.016,Plein jour,En agglomération,Hors intersection,Normale,Deux véhicules - frontale,,,,,,,,,,,1,2,1,1,1
200500025112,0005-05-24 18:00:00,5,5,24,18,0,490,97.0,,47.575,-0.144,Plein jour,Hors agglomération,Hors intersection,Normale,Trois véhicules et plus - collisions multiples,,,,,,,,,,,1,1,1,1,5
200500025113,0005-05-22 18:00:00,5,5,22,18,0,490,125.0,,47.223,-0.277,Plein jour,Hors agglomération,Hors intersection,Normale,Autre collision,,,,,,,,,,,1,1,1,1,6
200500025114,0005-05-23 11:00:00,5,5,23,11,0,490,373.0,,47.156,-0.526,Plein jour,Hors agglomération,Hors intersection,Normale,Deux véhicules - côté,,,,,,,,,,,1,1,1,1,3
200500025115,0005-05-01 20:15:00,5,5,1,20,15,490,30.0,,47.37,-0.02,Plein jour,Hors agglomération,Hors intersection,Normale,Sans collision,,,,,,,,,,,1,1,1,1,7
200500025116,0005-05-03 18:45:00,5,5,3,18,45,490,224.0,,47.325,-0.015,Plein jour,Hors agglomération,Hors intersection,Normale,Deux véhicules - frontale,,,,,,,,,,,1,1,1,1,1
200500025117,0005-05-06 20:45:00,5,5,6,20,45,490,215.0,,47.152,-0.151,Plein jour,Hors agglomération,Hors intersection,Normale,Deux véhicules - arrière,,,,,,,,,,,1,1,1,1,2
200500025118,0005-05-25 16:00:00,5,5,25,16,0,490,215.0,avenue DURET,47.134,-0.156,Plein jour,En agglomération,Autre intersection,Normale,Trois véhicules et plus - collisions multiples,,,,,,,,,,,1,2,9,1,5
200500025119,0005-05-27 17:00:00,5,5,27,17,0,490,103.0,rue de Bretagne,47.71,-0.99,Plein jour,En agglomération,Hors intersection,Normale,Deux véhicules - frontale,,,,,,,,,,,1,2,1,1,1
200500025120,0005-05-28 22:45:00,5,5,28,22,45,490,233.0,,47.699,-0.906,Nuit sans éclairage public,Hors agglomération,Hors intersection,Normale,Autre collision,,,,,,,,,,,3,1,1,1,6
200500025121,0005-05-03 08:15:00,5,5,3,8,15,490,183.0,,47.516,-0.944,Plein jour,Hors agglomération,Hors intersection,Normale,Deux véhicules - frontale,,,,,,,,,,,1,1,1,1,1
200500025122,0005-05-09 20:00:00,5,5,9,20,0,490,376.0,,47.47,-0.89,Plein jour,Hors agglomération,Hors intersection,Temps éblouissant,Sans collision,,,,,,,,,,,1,1,1,7,7
200500025123,0005-05-11 18:45:00,5,5,11,18,45,490,65.0,route de feneu,,,Plein jour,En agglomération,Hors intersection,Normale,Deux véhicules - frontale,,,,,,,,,,,1,2,1,1,1
200500025124,0005-05-16 12:15:00,5,5,16,12,15,490,347.0,,47.643,-0.416,Plein jour,Hors agglomération,Hors intersection,Normale,Sans collision,,,,,,,,,,,1,1,1,1,7
200500025125,0005-05-19 18:00:00,5,5,19,18,0,490,130.0,,47.637,-0.58,Plein jour,Hors agglomération,Hors intersection,Normale,Deux véhicules - côté,,,,,,,,,,,1,1,1,1,3
200500025126,0005-05-05 21:30:00,5,5,5,21,30,530,119.0,rue du bois,,,Nuit avec éclairage allumé,En agglomération,Giratoire,Normale,Sans collision,,,,,,,,,,,5,2,6,1,7
200500025127,0005-05-30 04:45:00,5,5,30,4,45,530,1.0,,,,Nuit sans éclairage public,Hors agglomération,Intersection en X,Normale,Trois véhicules et plus - collisions multiples,,,,,,,,,,,3,1,2,1,5
200500025128,0005-05-07 18:00:00,5,5,7,18,0,530,97.0,,48.155,-0.375,Plein jour,Hors agglomération,Hors intersection,Normale,Deux véhicules - frontale,,,,,,,,,,,1,1,1,1,1
200500025129,0005-05-28 10:30:00,5,5,28,10,30,530,97.0,rue des moines,48.163,-0.399,Plein jour,En agglomération,Hors intersection,Normale,Deux véhicules - côté,,,,,,,,,,,1,2,1,1,3
200500025130,0005-05-17 10:15:00,5,5,17,10,15,530,18.0,,47.914,-1.066,Plein jour,Hors agglomération,Hors intersection,Normale,Sans collision,,,,,,,,,,,1,1,1,1,7
200500025131,0005-05-06 17:15:00,5,5,6,17,15,530,246.0,,48.409,-0.08,Plein jour,Hors agglomération,Hors intersection,Normale,Deux véhicules - côté,,,,,,,,,,,1,1,1,1,3
200500025132,0005-05-04 08:30:00,5,5,4,8,30,720,299.0,,,,Plein jour,Hors agglomération,Hors intersection,Normale,Deux véhicules - frontale,,,,,,,,,,,1,1,1,1,1
200500025133,0005-05-15 23:45:00,5,5,15,23,45,720,124.0,RUE DELORME,,,Plein jour,En agglomération,Hors intersection,Normale,Deux véhicules - frontale,,,,,,,,,,,1,2,1,1,1
200500025134,0005-05-23 20:30:00,5,5,23,20,30,720,213.0,,,,Plein jour,Hors agglomération,Hors intersection,Temps éblouissant,Deux véhicules - côté,,,,,,,,,,,1,1,1,7,3
200500025135,0005-05-25 12:00:00,5,5,25,12,0,720,200.0,,47.921,0.211,Plein jour,Hors agglomération,Hors intersection,Normale,Deux véhicules - frontale,,,,,,,,,,,1,1,1,1,1
200500025136,0005-05-15 09:15:00,5,5,15,9,15,720,361.0,,,,Plein jour,Hors agglomération,Hors intersection,Normale,Sans collision,,,,,,,,,,,1,1,1,1,7
200500025137,0005-05-29 08:15:00,5,5,29,8,15,720,158.0,Rue Montlevroux,,,Plein jour,En agglomération,Hors intersection,Pluie légère,Autre collision,,,,,,,,,,,1,2,1,2,6
200500025138,0005-05-06 18:00:00,5,5,6,18,0,720,54.0,,,,Plein jour,Hors agglomération,Hors intersection,Normale,Deux véhicules - frontale,,,,,,,,,,,1,1,1,1,1
200500025139,0005-05-13 18:15:00,5,5,13,18,15,720,54.0,,,,Plein jour,Hors agglomération,Hors intersection,Pluie forte,Trois véhicules et plus - collisions multiples,,,,,,,,,,,1,1,1,3,5
200500025140,0005-05-29 08:45:00,5,5,29,8,45,720,46.0,,,,Plein jour,Hors agglomération,Hors intersection,Normale,Sans collision,,,,,,,,,,,1,1,1,1,7
200500025141,0005-05-26 07:45:00,5,5,26,7,45,720,26.0,,48.154,0.388,Plein jour,Hors agglomération,Intersection en X,Normale,Deux véhicules - côté,,,,,,,,,,,1,1,2,1,3
200500025142,0005-05-24 13:30:00,5,5,24,13,30,720,253.0,,,,Plein jour,Hors agglomération,Hors intersection,Normale,Autre collision,,,,,,,,,,,1,1,1,1,6
200500025143,0005-05-01 10:30:00,5,5,1,10,30,720,154.0,5 rue Carnot,47.69,-0.07,Plein jour,En agglomération,Hors intersection,Normale,Deux véhicules - frontale,,,,,,,,,,,1,2,1,1,1
200500025144,0005-05-25 17:30:00,5,5,25,17,30,720,154.0,,,,Plein jour,Hors agglomération,Hors intersection,Normale,Deux véhicules - côté,,,,,,,,,,,1,1,1,1,3
200500025145,0005-05-03 17:15:00,5,5,3,17,15,720,143.0,,,,Plein jour,Hors agglomération,Hors intersection,Pluie forte,Deux véhicules - frontale,,,,,,,,,,,1,1,1,3,1
200500025146,0005-05-20 21:00:00,5,5,20,21,0,720,191.0,ROUTE DE SARCE,,,Crépuscule ou aube,En agglomération,Hors intersection,Normale,Autre collision,,,,,,,,,,,2,2,1,1,6
200500025147,0005-05-27 08:00:00,5,5,27,8,0,720,369.0,,47.723,0.283,Crépuscule ou aube,Hors agglomération,Hors intersection,Normale,Deux véhicules - frontale,,,,,,,,,,,2,1,1,1,1
200500025148,0005-05-28 17:30:00,5,5,28,17,30,720,77.0,,,,Plein jour,Hors agglomération,Hors intersection,Normale,Autre collision,,,,,,,,,,,1,1,1,1,6
200500025149,0005-05-28 19:15:00,5,5,28,19,15,720,385.0,,,,Plein jour,Hors agglomération,Hors intersection,Normale,Deux véhicules - frontale,,,,,,,,,,,1,1,1,1,1
200500025150,0005-05-20 18:30:00,5,5,20,18,30,720,13.0,,,,Plein jour,Hors agglomération,Hors intersection,Normale,Deux véhicules - arrière,,,,,,,,,,,1,1,1,1,2
200500025151,0005-05-03 15:30:00,5,5,3,15,30,720,244.0,,,,Plein jour,Hors agglomération,Hors intersection,Temps couvert,Deux véhicules - côté,,,,,,,,,,,1,1,1,8,3
200500025152,0005-05-12 22:00:00,5,5,12,22,0,720,264.0,rond point BEL,,,Nuit avec éclairage allumé,En agglomération,Giratoire,Pluie légère,Deux véhicules - côté,,,,,,,,,,,5,2,6,2,3
200500025153,0005-05-29 18:00:00,5,5,29,18,0,720,378.0,,,,Plein jour,Hors agglomération,Hors intersection,Pluie forte,Deux véhicules - côté,,,,,,,,,,,1,1,1,3,3
200500025154,0005-05-10 16:15:00,5,5,10,16,15,720,156.0,,48.122,0.707,Plein jour,Hors agglomération,Intersection en X,Normale,Deux véhicules - frontale,,,,,,,,,,,1,1,2,1,1
200500025155,0005-05-17 18:30:00,5,5,17,18,30,720,80.0,,,,Plein jour,Hors agglomération,Hors intersection,Normale,Deux véhicules - côté,,,,,,,,,,,1,1,1,1,3
200500025156,0005-05-18 09:30:00,5,5,18,9,30,720,122.0,RUE DU LUART,,,Plein jour,En agglomération,Hors intersection,Normale,Deux véhicules - frontale,,,,,,,,,,,1,2,1,1,1
200500025157,0005-05-21 18:15:00,5,5,21,18,15,720,81.0,LA BRETONNIERE,48.202,0.67,Plein jour,En agglomération,Place,Normale,Autre collision,,,,,,,,,,,1,2,7,1,6
200500025158,0005-05-08 18:00:00,5,5,8,18,0,850,69.0,,,,Plein jour,Hors agglomération,Hors intersection,Normale,Trois véhicules et plus - en chaîne,,,,,,,,,,,1,1,1,1,4
200500025159,0005-05-12 09:15:00,5,5,12,9,15,850,160.0,,46.605,-1.403,Plein jour,Hors agglomération,Hors intersection,Normale,Deux véhicules - frontale,,,,,,,,,,,1,1,1,1,1
200500025160,0005-05-16 23:00:00,5,5,16,23,0,850,160.0,,,,Nuit sans éclairage public,Hors agglomération,Hors intersection,Normale,Autre collision,,,,,,,,,,,3,1,1,1,6
200500025161,0005-05-01 17:30:00,5,5,1,17,30,850,51.0,,,,Plein jour,Hors agglomération,Hors intersection,Normale,Sans collision,,,,,,,,,,,1,1,1,1,7
200500025162,0005-05-03 08:00:00,5,5,3,8,0,850,89.0,,,,Plein jour,Hors agglomération,Hors intersection,Normale,Deux véhicules - côté,,,,,,,,,,,1,1,1,1,3
200500025163,0005-05-14 13:00:00,5,5,14,13,0,850,65.0,,46.917,-1.242,Plein jour,Hors agglomération,Hors intersection,Normale,Deux véhicules - côté,,,,,,,,,,,1,1,1,1,3
200500025164,0005-05-16 18:30:00,5,5,16,18,30,850,84.0,,,,Plein jour,Hors agglomération,Hors intersection,Normale,Deux véhicules - frontale,,,,,,,,,,,1,1,1,1,1
200500025165,0005-05-27 15:00:00,5,5,27,15,0,850,282.0,,,,Plein jour,Hors agglomération,Hors intersection,Normale,Autre collision,,,,,,,,,,,1,1,1,1,6
200500025166,0005-05-31 15:45:00,5,5,31,15,45,850,224.0,,47.011,-1.282,Plein jour,Hors agglomération,Hors intersection,Normale,Deux véhicules - frontale,,,,,,,,,,,1,1,1,1,1
200500025167,0005-05-23 12:00:00,5,5,23,12,0,850,155.0,,46.727,-1.431,Plein jour,Hors agglomération,Hors intersection,Normale,Deux véhicules - côté,,,,,,,,,,,1,1,1,1,3
200500025168,0005-05-16 01:30:00,5,5,16,1,30,850,304.0,,46.39,-0.949,Nuit sans éclairage public,Hors agglomération,Hors intersection,Normale,Deux véhicules - frontale,,,,,,,,,,,3,1,1,1,1
200500025169,0005-05-08 01:15:00,5,5,8,1,15,850,159.0,,46.491,-1.045,Nuit sans éclairage public,Hors agglomération,Hors intersection,Normale,Deux véhicules - frontale,,,,,,,,,,,3,1,1,1,1
200500025170,0005-05-17 14:45:00,5,5,17,14,45,850,33.0,,,,Plein jour,Hors agglomération,Hors intersection,Normale,Deux véhicules - côté,,,,,,,,,,,1,1,1,1,3
200500025171,0005-05-14 19:15:00,5,5,14,19,15,850,264.0,,,,Plein jour,Hors agglomération,Hors intersection,Normale,Autre collision,,,,,,,,,,,1,1,1,1,6
200500025172,0005-05-29 18:45:00,5,5,29,18,45,850,24.0,,,,Plein jour,Hors agglomération,Hors intersection,Pluie légère,Deux véhicules - frontale,,,,,,,,,,,1,1,1,2,1
200500025173,0005-05-23 07:45:00,5,5,23,7,45,850,161.0,,46.599,-1.505,Crépuscule ou aube,Hors agglomération,Hors intersection,Normale,Autre collision,,,,,,,,,,,2,1,1,1,6
200500025174,0005-05-27 18:00:00,5,5,27,18,0,850,211.0,,,,Plein jour,Hors agglomération,Hors intersection,Normale,Deux véhicules - arrière,,,,,,,,,,,1,1,1,1,2
200500025175,0005-05-04 21:30:00,5,5,4,21,30,850,106.0,avenue de l'ocean,,,Crépuscule ou aube,En agglomération,Autre intersection,Normale,Sans collision,,,,,,,,,,,2,2,9,1,7
200500025176,0005-05-29 15:30:00,5,5,29,15,30,850,11.0,,,,Plein jour,Hors agglomération,Autre intersection,Pluie forte,Deux véhicules - arrière,,,,,,,,,,,1,1,9,3,2
200500025177,0005-05-07 05:00:00,5,5,7,5,0,850,226.0,,,,Nuit sans éclairage public,Hors agglomération,Hors intersection,Normale,Autre collision,,,,,,,,,,,3,1,1,1,6
200500025178,0005-05-14 21:30:00,5,5,14,21,30,850,100.0,RUE DANILO/RUE METAIRIES,,,Plein jour,En agglomération,Hors intersection,Normale,Deux véhicules - frontale,,,,,,,,,,,1,2,1,1,1
200500025179,0005-05-25 15:15:00,5,5,25,15,15,850,222.0,devant le 31 Quai Gorin,,,Plein jour,En agglomération,Hors intersection,Normale,Deux véhicules - frontale,,,,,,,,,,,1,2,1,1,1
200500025180,0005-05-01 05:30:00,5,5,1,5,30,850,12.0,,46.89,-2.1,Nuit sans éclairage public,Hors agglomération,Hors intersection,Brouillard / fumée,Autre collision,,,,,,,,,,,3,1,1,5,6
200500025181,0005-05-02 08:00:00,5,5,2,8,0,850,29.0,,,,Plein jour,Hors agglomération,Hors intersection,Normale,Autre collision,,,,,,,,,,,1,1,1,1,6
200500025182,0005-05-21 10:30:00,5,5,21,10,30,850,284.0,15 RUE DE L AVENIR,,,Plein jour,En agglomération,Hors intersection,Normale,Deux véhicules - frontale,,,,,,,,,,,1,2,1,1,1
200500025183,0005-05-27 20:30:00,5,5,27,20,30,850,234.0,,,,Plein jour,Hors agglomération,Hors intersection,Normale,Autre collision,,,,,,,,,,,1,1,1,1,6
200500025184,0005-05-08 01:00:00,5,5,8,1,0,850,103.0,,,,Nuit sans éclairage public,Hors agglomération,Hors intersection,Normale,Deux véhicules - côté,,,,,,,,,,,3,1,1,1,3
200500025185,0005-05-12 19:15:00,5,5,12,19,15,850,288.0,RUE DU CENTRE,46.47,-1.61,Plein jour,En agglomération,Hors intersection,Normale,Deux véhicules - côté,,,,,,,,,,,1,2,1,1,3
200500025186,0005-05-19 23:15:00,5,5,19,23,15,850,288.0,Rue du Port de Guittière,46.44,-1.62,Nuit avec éclairage non allumé,En agglomération,Hors intersection,Normale,Autre collision,,,,,,,,,,,4,2,1,1,6
200500025187,0005-05-29 18:30:00,5,5,29,18,30,850,26.0,,46.54,-1.4,Plein jour,Hors agglomération,Intersection en X,Pluie légère,Deux véhicules - côté,,,,,,,,,,,1,1,2,2,3
200500025188,0005-05-28 17:15:00,5,5,28,17,15,330,498.0,,44.585,-0.884,Plein jour,Hors agglomération,Hors intersection,Normale,Deux véhicules - frontale,,,,,,,,,,,1,1,1,1,1
200500025189,0005-05-02 14:30:00,5,5,2,14,30,330,312.0,Rte de Macau,,,Plein jour,En agglomération,Hors intersection,Normale,Deux véhicules - côté,,,,,,,,,,,1,2,1,1,3
200500025190,0005-05-09 04:15:00,5,5,9,4,15,330,236.0,Le Canon,44.703,-1.229,Nuit avec éclairage allumé,En agglomération,Hors intersection,Normale,Autre collision,,,,,,,,,,,5,2,1,1,6
200500025191,0005-05-20 12:00:00,5,5,20,12,0,330,273.0,13 ALLEE DES GRIVES,44.843,-0.782,Plein jour,En agglomération,Hors intersection,Normale,Sans collision,,,,,,,,,,,1,2,1,1,7
200500025192,0005-05-03 10:30:00,5,5,3,10,30,330,449.0,Avenue Gay Lussac,,,Plein jour,En agglomération,Giratoire,Normale,Deux véhicules - frontale,,,,,,,,,,,1,2,6,1,1
200500025193,0005-05-02 00:15:00,5,5,2,0,15,330,47.0,,45.117,-0.558,Nuit sans éclairage public,Hors agglomération,Hors intersection,Normale,Deux véhicules - frontale,,,,,,,,,,,3,1,1,1,1
200500025194,0005-05-06 18:15:00,5,5,6,18,15,330,456.0,,45.319,-0.582,Plein jour,Hors agglomération,Hors intersection,Normale,Sans collision,,,,,,,,,,,1,1,1,1,7
200500025195,0005-05-22 15:30:00,5,5,22,15,30,330,380.0,,45.299,-0.57,Plein jour,Hors agglomération,Hors intersection,Normale,Trois véhicules et plus - collisions multiples,,,,,,,,,,,1,1,1,1,5
200500025196,0005-05-22 04:30:00,5,5,22,4,30,330,487.0,,44.964,-0.463,Nuit sans éclairage public,Hors agglomération,Hors intersection,Normale,Sans collision,,,,,,,,,,,3,1,1,1,7
200500025197,0005-05-02 22:15:00,5,5,2,22,15,330,435.0,39 Cours de la Républiqu,,,Nuit avec éclairage allumé,En agglomération,Hors intersection,Normale,Deux véhicules - arrière,,,,,,,,,,,5,2,1,1,2
200500025198,0005-05-17 18:00:00,5,5,17,18,0,330,355.0,CD10 - Place de la Gare,,,Plein jour,En agglomération,Hors intersection,Normale,Deux véhicules - frontale,,,,,,,,,,,1,2,1,1,1
200500025199,0005-05-19 18:00:00,5,5,19,18,0,330,463.0,12 parc du Daurat,,,Plein jour,En agglomération,Autre intersection,Normale,Deux véhicules - frontale,,,,,,,,,,,1,2,9,1,1
200500025200,0005-05-17 11:30:00,5,5,17,11,30,330,554.0,avenue des Tabernottes,44.875,-0.468,Plein jour,En agglomération,Hors intersection,Normale,Deux véhicules - côté,,,,,,,,,,,1,2,1,1,3
200500025201,0005-05-19 05:00:00,5,5,19,5,0,330,49.0,,,,Nuit sans éclairage public,Hors agglomération,Hors intersection,Normale,Deux véhicules - arrière,,,,,,,,,,,3,1,1,1,2
200500025202,0005-05-01 16:45:00,5,5,1,16,45,330,37.0,RUE DE L ARUAN,44.711,-0.457,Plein jour,En agglomération,Hors intersection,Normale,Deux véhicules - frontale,,,,,,,,,,,1,2,1,1,1
200500025203,0005-05-20 20:15:00,5,5,20,20,15,330,330.0,,44.855,-0.435,Plein jour,Hors agglomération,Hors intersection,Temps éblouissant,Deux véhicules - frontale,,,,,,,,,,,1,1,1,7,1
200500025204,0005-05-23 13:30:00,5,5,23,13,30,330,334.0,69 route des Graves,44.692,-0.416,Plein jour,En agglomération,Hors intersection,Normale,Autre collision,,,,,,,,,,,1,2,1,1,6
200500025205,0005-05-31 11:15:00,5,5,31,11,15,330,366.0,avenue Montaigne,,,Plein jour,En agglomération,Hors intersection,Normale,Autre collision,,,,,,,,,,,1,2,1,1,6
200500025206,0005-05-31 14:30:00,5,5,31,14,30,330,366.0,,,,Plein jour,Hors agglomération,Hors intersection,Normale,Trois véhicules et plus - collisions multiples,,,,,,,,,,,1,1,1,1,5