accident_id,datetime,annee,mois,jour,heure,minute,departement,commune_insee,adresse,latitude,longitude,luminosite,agglomeration,intersection,meteo,collision,nb_vehicules,nb_usagers,nb_indemnes,nb_tues,nb_blesses_hosp,nb_blesses_legers,age_cond_1,age_cond_2,veh_type_cond_1,veh_type_cond_2,lum_code,agg_code,int_code,atm_code,col_code
200500025346,0005-05-05 18:30:00,5,5,5,18,30,160,187.0,rue des Brandes,45.661,0.083,Plein jour,En agglomération,Hors intersection,Normale,Deux véhicules - côté,,,,,,,,,,,1,2,1,1,3
200500025347,0005-05-07 21:45:00,5,5,7,21,45,160,348.0,rue du petit ROUILLAC,45.666,0.049,Nuit sans éclairage public,En agglomération,Hors intersection,Normale,Autre collision,,,,,,,,,,,3,2,1,1,6
200500025348,0005-05-26 08:45:00,5,5,26,8,45,160,78.0,CV1,,,Plein jour,En agglomération,Hors intersection,Normale,Autre collision,,,,,,,,,,,1,2,1,1,6
200500025349,0005-05-25 09:15:00,5,5,25,9,15,160,140.0,,,,Plein jour,Hors agglomération,Hors intersection,Normale,Sans collision,,,,,,,,,,,1,1,1,1,7
200500025350,0005-05-27 20:45:00,5,5,27,20,45,160,69.0,,,,Plein jour,Hors agglomération,Hors intersection,Normale,Autre collision,,,,,,,,,,,1,1,1,1,6
200500025351,0005-05-11 15:45:00,5,5,11,15,45,160,223.0,,45.684,0.505,Plein jour,Hors agglomération,Hors intersection,Normale,Deux véhicules - frontale,,,,,,,,,,,1,1,1,1,1
200500025352,0005-05-27 07:45:00,5,5,27,7,45,160,280.0,,,,Plein jour,Hors agglomération,Hors intersection,Normale,Deux véhicules - frontale,,,,,,,,,,,1,1,1,1,1
200500025353,0005-05-31 17:00:00,5,5,31,17,0,160,223.0,ROUTE DE LAROCHEFOUCAULD,,,Plein jour,En agglomération,Hors intersection,Normale,Deux véhicules - frontale,,,,,,,,,,,1,2,1,1,1
200500025354,0005-05-12 07:45:00,5,5,12,7,45,170,264.0,ave grand large,46.2,-1.166,Plein jour,En agglomération,Hors intersection,Pluie légère,Deux véhicules - côté,,,,,,,,,,,1,2,1,2,3
200500025355,0005-05-20 18:15:00,5,5,20,18,15,170,420.0,CD 109,,,Plein jour,En agglomération,Autre intersection,Normale,Deux véhicules - côté,,,,,,,,,,,1,2,9,1,3
200500025356,0005-05-31 17:30:00,5,5,31,17,30,170,376.0,,46.233,-1.019,Plein jour,Hors agglomération,Intersection en X,Normale,Deux véhicules - côté,,,,,,,,,,,1,1,2,1,3
200500025357,0005-05-29 03:00:00,5,5,29,3,0,170,51.0,,,,Nuit sans éclairage public,Hors agglomération,Hors intersection,Normale,Autre collision,,,,,,,,,,,3,1,1,1,6
200500025358,0005-05-10 07:45:00,5,5,10,7,45,170,403.0,,45.433,-0.467,Plein jour,Hors agglomération,Hors intersection,Normale,Deux véhicules - arrière,,,,,,,,,,,1,1,1,1,2
200500025359,0005-05-12 12:30:00,5,5,12,12,30,170,476.0,chez mocat,,,Plein jour,En agglomération,Hors intersection,Normale,Deux véhicules - frontale,,,,,,,,,,,1,2,1,1,1
200500025360,0005-05-12 16:00:00,5,5,12,16,0,170,104.0,,,,Plein jour,Hors agglomération,Hors intersection,Normale,Autre collision,,,,,,,,,,,1,1,1,1,6
200500025361,0005-05-18 14:30:00,5,5,18,14,30,170,118.0,,45.25,-0.4,Plein jour,Hors agglomération,Intersection en X,Normale,Deux véhicules - côté,,,,,,,,,,,1,1,2,1,3
200500025362,0005-05-25 21:00:00,5,5,25,21,0,170,81.0,,45.323,-0.473,Crépuscule ou aube,Hors agglomération,Hors intersection,Normale,Deux véhicules - côté,,,,,,,,,,,2,1,1,1,3
200500025363,0005-05-09 12:45:00,5,5,9,12,45,170,113.0,,45.1,-0.15,Plein jour,Hors agglomération,Hors intersection,Normale,Sans collision,,,,,,,,,,,1,1,1,1,7
200500025364,0005-05-30 09:30:00,5,5,30,9,30,170,241.0,,45.211,-0.158,Plein jour,Hors agglomération,Hors intersection,Normale,Autre collision,,,,,,,,,,,1,1,1,1,6
200500025365,0005-05-15 21:30:00,5,5,15,21,30,170,185.0,,,,Nuit sans éclairage public,Hors agglomération,Hors intersection,Normale,Autre collision,,,,,,,,,,,3,1,1,1,6
200500025366,0005-05-31 12:30:00,5,5,31,12,30,170,219.0,,,,Plein jour,Hors agglomération,Hors intersection,Normale,Deux véhicules - côté,,,,,,,,,,,1,1,1,1,3
200500025367,0005-05-05 05:45:00,5,5,5,5,45,170,385.0,BOYARDVILLE,45.967,-1.242,Nuit avec éclairage non allumé,En agglomération,Hors intersection,Normale,Deux véhicules - côté,,,,,,,,,,,4,2,1,1,3
200500025368,0005-05-08 06:00:00,5,5,8,6,0,170,385.0,18 RUE CLOTAIRE PERDRIAU,45.947,-1.315,Crépuscule ou aube,En agglomération,Hors intersection,Normale,Autre collision,,,,,,,,,,,2,2,1,1,6
200500025369,0005-05-21 21:00:00,5,5,21,21,0,170,93.0,,,,Plein jour,Hors agglomération,Hors intersection,Normale,Sans collision,,,,,,,,,,,1,1,1,1,7
200500025370,0005-05-09 15:00:00,5,5,9,15,0,170,168.0,route de Soumard,45.983,-1.082,Plein jour,En agglomération,Hors intersection,Normale,Sans collision,,,,,,,,,,,1,2,1,1,7
200500025371,0005-05-20 09:15:00,5,5,20,9,15,170,75.0,,45.939,-0.866,Plein jour,Hors agglomération,Hors intersection,Normale,Deux véhicules - frontale,,,,,,,,,,,1,1,1,1,1
200500025372,0005-05-14 13:00:00,5,5,14,13,0,170,434.0,,,,Plein jour,Hors agglomération,Hors intersection,Normale,Autre collision,,,,,,,,,,,1,1,1,1,6
200500025373,0005-05-21 18:15:00,5,5,21,18,15,170,434.0,rue du Beurre,,,Plein jour,En agglomération,Hors intersection,Temps couvert,Deux véhicules - frontale,,,,,,,,,,,1,2,1,8,1
200500025374,0005-05-03 21:15:00,5,5,3,21,15,170,336.0,,45.77,-0.68,Nuit sans éclairage public,Hors agglomération,Hors intersection,Normale,Autre collision,,,,,,,,,,,3,1,1,1,6
200500025375,0005-05-04 09:30:00,5,5,4,9,30,170,313.0,,45.772,-0.481,Plein jour,Hors agglomération,Hors intersection,Pluie légère,Autre collision,,,,,,,,,,,1,1,1,2,6
200500025376,0005-05-12 08:30:00,5,5,12,8,30,170,313.0,,45.772,-0.473,Plein jour,Hors agglomération,Hors intersection,Pluie forte,Sans collision,,,,,,,,,,,1,1,1,3,7
200500025377,0005-05-15 17:45:00,5,5,15,17,45,170,285.0,rue de la mairie,45.839,-0.693,Plein jour,En agglomération,Hors intersection,Normale,Deux véhicules - côté,,,,,,,,,,,1,2,1,1,3
200500025378,0005-05-20 23:45:00,5,5,20,23,45,170,275.0,,45.735,-0.717,Nuit sans éclairage public,Hors agglomération,Intersection en X,Normale,Deux véhicules - côté,,,,,,,,,,,3,1,2,1,3
200500025379,0005-05-21 11:00:00,5,5,21,11,0,170,336.0,,45.772,-0.716,Plein jour,En agglomération,Hors intersection,Normale,Sans collision,,,,,,,,,,,1,2,1,1,7
200500025380,0005-05-03 02:00:00,5,5,3,2,0,170,56.0,,45.61,-0.49,Plein jour,Hors agglomération,Hors intersection,Normale,Deux véhicules - frontale,,,,,,,,,,,1,1,1,1,1
200500025381,0005-05-14 18:00:00,5,5,14,18,0,170,196.0,,45.575,-0.647,Plein jour,Hors agglomération,Hors intersection,Normale,Deux véhicules - côté,,,,,,,,,,,1,1,1,1,3
200500025382,0005-05-21 23:15:00,5,5,21,23,15,170,56.0,,,,Nuit avec éclairage non allumé,En agglomération,Hors intersection,Normale,Autre collision,,,,,,,,,,,4,2,1,1,6
200500025383,0005-05-17 11:30:00,5,5,17,11,30,170,425.0,,,,Plein jour,Hors agglomération,Hors intersection,Normale,Deux véhicules - arrière,,,,,,,,,,,1,1,1,1,2
200500025384,0005-05-24 18:15:00,5,5,24,18,15,170,445.0,rue Jacques de Thézac,,,Plein jour,En agglomération,Hors intersection,Normale,Deux véhicules - frontale,,,,,,,,,,,1,2,1,1,1
200500025385,0005-05-20 16:30:00,5,5,20,16,30,170,266.0,,,,Plein jour,Hors agglomération,Hors intersection,Normale,Deux véhicules - frontale,,,,,,,,,,,1,1,1,1,1
200500025386,0005-05-30 15:30:00,5,5,30,15,30,170,436.0,RUE DE LA GARE,44.124,5.041,Plein jour,En agglomération,Hors intersection,Normale,Autre collision,,,,,,,,,,,1,2,1,1,6
200500025387,0005-05-02 01:00:00,5,5,2,1,0,790,170.0,,46.192,-0.677,Nuit sans éclairage public,Hors agglomération,Hors intersection,Normale,Deux véhicules - frontale,,,,,,,,,,,3,1,1,1,1
200500025388,0005-05-10 17:00:00,5,5,10,17,0,790,130.0,,,,Plein jour,Hors agglomération,Hors intersection,Normale,Sans collision,,,,,,,,,,,1,1,1,1,7
200500025389,0005-05-16 13:30:00,5,5,16,13,30,790,34.0,,46.292,-0.51,Plein jour,Hors agglomération,Hors intersection,Normale,Deux véhicules - côté,,,,,,,,,,,1,1,1,1,3
200500025390,0005-05-28 03:15:00,5,5,28,3,15,790,3.0,,46.28,-0.451,Nuit sans éclairage public,Hors agglomération,Hors intersection,Normale,Deux véhicules - arrière,,,,,,,,,,,3,1,1,1,2
200500025391,0005-05-29 06:00:00,5,5,29,6,0,790,88.0,,46.775,-0.373,Crépuscule ou aube,Hors agglomération,Hors intersection,Normale,Sans collision,,,,,,,,,,,2,1,1,1,7
200500025392,0005-05-30 15:15:00,5,5,30,15,15,790,88.0,,46.796,-0.344,Plein jour,Hors agglomération,Hors intersection,Normale,Deux véhicules - arrière,,,,,,,,,,,1,1,1,1,2
200500025393,0005-05-11 10:15:00,5,5,11,10,15,790,56.0,,47.049,-0.2,Plein jour,En agglomération,Hors intersection,Normale,Deux véhicules - frontale,,,,,,,,,,,1,2,1,1,1
200500025394,0005-05-27 18:30:00,5,5,27,18,30,790,157.0,,,,Plein jour,Hors agglomération,Hors intersection,Normale,Deux véhicules - arrière,,,,,,,,,,,1,1,1,1,2
200500025395,0005-05-31 13:30:00,5,5,31,13,30,790,171.0,,,,Plein jour,Hors agglomération,Hors intersection,Normale,Trois véhicules et plus - en chaîne,,,,,,,,,,,1,1,1,1,4
200500025396,0005-05-02 09:15:00,5,5,2,9,15,790,61.0,30 route des vallées,46.248,-0.237,Plein jour,En agglomération,Hors intersection,Normale,Deux véhicules - côté,,,,,,,,,,,1,2,1,1,3
200500025397,0005-05-11 12:45:00,5,5,11,12,45,790,29.0,,46.587,-0.239,Plein jour,Hors agglomération,Hors intersection,Normale,Deux véhicules - côté,,,,,,,,,,,1,1,1,1,3
200500025398,0005-05-19 17:45:00,5,5,19,17,45,790,5.0,rue de l église,,,Plein jour,En agglomération,Hors intersection,Normale,Deux véhicules - côté,,,,,,,,,,,1,2,1,1,3
200500025399,0005-05-22 11:30:00,5,5,22,11,30,790,332.0,CD140,46.69,-0.476,Plein jour,En agglomération,Hors intersection,Normale,Deux véhicules - côté,,,,,,,,,,,1,2,1,1,3
200500025400,0005-05-10 11:00:00,5,5,10,11,0,870,201.0,,45.867,1.126,Plein jour,Hors agglomération,Hors intersection,Normale,Deux véhicules - frontale,,,,,,,,,,,1,1,1,1,1
200500025401,0005-05-14 18:15:00,5,5,14,18,15,870,177.0,,45.812,1.095,Plein jour,Hors agglomération,Intersection en X,Normale,Deux véhicules - côté,,,,,,,,,,,1,1,2,1,3
200500025402,0005-05-13 17:15:00,5,5,13,17,15,870,118.0,,,,Plein jour,Hors agglomération,Hors intersection,Pluie légère,Deux véhicules - arrière,,,,,,,,,,,1,1,1,2,2
200500025403,0005-05-30 10:30:00,5,5,30,10,30,870,202.0,,45.869,1.124,Plein jour,Hors agglomération,Hors intersection,Normale,Autre collision,,,,,,,,,,,1,1,1,1,6
200500025404,0005-05-16 19:30:00,5,5,16,19,30,870,161.0,,45.852,1.448,Plein jour,Hors agglomération,Intersection en X,Normale,Deux véhicules - frontale,,,,,,,,,,,1,1,2,1,1
200500025405,0005-05-08 15:30:00,5,5,8,15,30,870,32.0,RN 21,45.66,0.983,Plein jour,En agglomération,Hors intersection,Normale,Deux véhicules - côté,,,,,,,,,,,1,2,1,1,3
200500025406,0005-05-15 06:00:00,5,5,15,6,0,870,28.0,,,,Crépuscule ou aube,Hors agglomération,Hors intersection,Brouillard / fumée,Deux véhicules - frontale,,,,,,,,,,,2,1,1,5,1
200500025407,0005-05-09 21:30:00,5,5,9,21,30,870,14.0,,46.129,1.372,Nuit sans éclairage public,Hors agglomération,Hors intersection,Normale,Autre collision,,,,,,,,,,,3,1,1,1,6
200500025408,0005-05-03 18:15:00,5,5,3,18,15,870,154.0,,,,Plein jour,En agglomération,Intersection en X,Normale,Deux véhicules - côté,,,,,,,,,,,1,2,2,1,3
200500025409,0005-05-10 16:30:00,5,5,10,16,30,870,73.0,,45.748,1.014,Plein jour,Hors agglomération,Autre intersection,Normale,Deux véhicules - frontale,,,,,,,,,,,1,1,9,1,1
200500025410,0005-05-27 20:15:00,5,5,27,20,15,190,101.0,,45.256,1.786,Crépuscule ou aube,Hors agglomération,Hors intersection,Normale,Autre collision,,,,,,,,,,,2,1,1,1,6
200500025411,0005-05-20 00:30:00,5,5,20,0,30,190,10.0,,45.063,1.99,Nuit sans éclairage public,Hors agglomération,Hors intersection,Normale,Autre collision,,,,,,,,,,,3,1,1,1,6
200500025412,0005-05-28 05:15:00,5,5,28,5,15,190,43.0,,45.158,1.615,Nuit sans éclairage public,Hors agglomération,Hors intersection,Normale,Autre collision,,,,,,,,,,,3,1,1,1,6
200500025413,0005-05-20 17:45:00,5,5,20,17,45,190,5.0,,45.248,1.465,Plein jour,Hors agglomération,Hors intersection,Normale,Deux véhicules - arrière,,,,,,,,,,,1,1,1,1,2
200500025414,0005-05-18 13:45:00,5,5,18,13,45,190,148.0,Rue des Ganottes,,,Plein jour,En agglomération,Hors intersection,Normale,Deux véhicules - côté,,,,,,,,,,,1,2,1,1,3
200500025415,0005-05-08 12:00:00,5,5,8,12,0,190,160.0,,45.594,1.986,Plein jour,Hors agglomération,Hors intersection,Normale,Deux véhicules - côté,,,,,,,,,,,1,1,1,1,3
200500025416,0005-05-14 16:15:00,5,5,14,16,15,230,92.0,,46.238,1.911,Crépuscule ou aube,Hors agglomération,Hors intersection,Normale,Autre collision,,,,,,,,,,,2,1,1,1,6
200500025417,0005-05-07 21:30:00,5,5,7,21,30,230,62.0,,46.363,1.835,Nuit sans éclairage public,Hors agglomération,Hors intersection,Normale,Autre collision,,,,,,,,,,,3,1,1,1,6
200500025418,0005-05-20 13:15:00,5,5,20,13,15,230,38.0,,46.407,2.154,Plein jour,Hors agglomération,Hors intersection,Normale,Autre collision,,,,,,,,,,,1,1,1,1,6
200500025419,0005-05-24 18:30:00,5,5,24,18,30,230,93.0,,,,Plein jour,Hors agglomération,Hors intersection,Normale,Deux véhicules - frontale,,,,,,,,,,,1,1,1,1,1
200500025420,0005-05-28 17:00:00,5,5,28,17,0,230,73.0,,45.974,2.593,Plein jour,Hors agglomération,Hors intersection,Normale,Autre collision,,,,,,,,,,,1,1,1,1,6
200500025421,0005-05-11 19:15:00,5,5,11,19,15,230,5.0,,,,Plein jour,Hors agglomération,Hors intersection,Normale,Deux véhicules - frontale,,,,,,,,,,,1,1,1,1,1
200500025422,0005-05-06 21:00:00,5,5,6,21,0,230,95.0,,46.166,1.607,Crépuscule ou aube,Hors agglomération,Hors intersection,Normale,Autre collision,,,,,,,,,,,2,1,1,1,6
200500025423,0005-05-22 00:45:00,5,5,22,0,45,310,409.0,CD95B,43.505,1.509,Nuit avec éclairage allumé,En agglomération,Hors intersection,Normale,Deux véhicules - frontale,,,,,,,,,,,5,2,1,1,1
200500025424,0005-05-03 20:00:00,5,5,3,20,0,310,94.0,,43.749,1.606,Plein jour,Hors agglomération,Hors intersection,Normale,Deux véhicules - frontale,,,,,,,,,,,1,1,1,1,1
200500025425,0005-05-29 07:00:00,5,5,29,7,0,310,587.0,,43.772,1.407,Plein jour,Hors agglomération,Hors intersection,Normale,Deux véhicules - frontale,,,,,,,,,,,1,1,1,1,1
200500025426,0005-05-10 12:15:00,5,5,10,12,15,310,526.0,36 AVENUE DE GASCOGNE,,,Plein jour,En agglomération,Hors intersection,Normale,Deux véhicules - frontale,,,,,,,,,,,1,2,1,1,1
200500025427,0005-05-15 08:15:00,5,5,15,8,15,310,424.0,36 RUE DES ROITELETS,,,Plein jour,En agglomération,Hors intersection,Normale,Autre collision,,,,,,,,,,,1,2,1,1,6
200500025428,0005-05-22 19:30:00,5,5,22,19,30,310,424.0,,,,Crépuscule ou aube,Hors agglomération,Hors intersection,Pluie forte,Deux véhicules - côté,,,,,,,,,,,2,1,1,3,3
200500025429,0005-05-27 03:00:00,5,5,27,3,0,310,149.0,CD 82,,,Nuit sans éclairage public,En agglomération,Hors intersection,Normale,Deux véhicules - frontale,,,,,,,,,,,3,2,1,1,1
200500025430,0005-05-10 18:15:00,5,5,10,18,15,310,433.0,CARRF CROUZET-ST CHRIST,43.525,1.407,Plein jour,En agglomération,Intersection en X,Normale,Deux véhicules - frontale,,,,,,,,,,,1,2,2,1,1
200500025431,0005-05-19 17:45:00,5,5,19,17,45,310,458.0,"CD 68, rte de Villeneuve",43.519,1.367,Plein jour,En agglomération,Hors intersection,Normale,Trois véhicules et plus - en chaîne,,,,,,,,,,,1,2,1,1,4
200500025432,0005-05-28 18:15:00,5,5,28,18,15,310,433.0,Boulevard de L'europe,43.536,1.404,Plein jour,En agglomération,Hors intersection,Normale,Deux véhicules - côté,,,,,,,,,,,1,2,1,1,3
200500025433,0005-05-21 12:30:00,5,5,21,12,30,310,91.0,19 Avenue de MONTAUBAN,,,Plein jour,En agglomération,Hors intersection,Normale,Deux véhicules - côté,,,,,,,,,,,1,2,1,1,3
200500025434,0005-05-04 23:30:00,5,5,4,23,30,310,273.0,5 lotissement castelviel,,,Nuit avec éclairage allumé,En agglomération,Hors intersection,Normale,Autre collision,,,,,,,,,,,5,2,1,1,6
200500025435,0005-05-12 20:30:00,5,5,12,20,30,310,421.0,Chemin de la Croisette,,,Plein jour,En agglomération,Hors intersection,Temps couvert,Sans collision,,,,,,,,,,,1,2,1,8,7
200500025436,0005-05-03 11:00:00,5,5,3,11,0,310,361.0,,,,Plein jour,Hors agglomération,Hors intersection,Normale,Deux véhicules - frontale,,,,,,,,,,,1,1,1,1,1
200500025437,0005-05-10 17:00:00,5,5,10,17,0,310,361.0,,,,Plein jour,Hors agglomération,Hors intersection,Normale,Deux véhicules - côté,,,,,,,,,,,1,1,1,1,3
200500025438,0005-05-30 07:45:00,5,5,30,7,45,310,517.0,,,,Plein jour,Hors agglomération,Hors intersection,Pluie légère,Sans collision,,,,,,,,,,,1,1,1,2,7
200500025439,0005-05-10 13:45:00,5,5,10,13,45,310,474.0,,,,Plein jour,Hors agglomération,Hors intersection,Normale,Deux véhicules - arrière,,,,,,,,,,,1,1,1,1,2
200500025440,0005-05-13 08:00:00,5,5,13,8,0,310,399.0,,,,Plein jour,Hors agglomération,Hors intersection,Normale,Deux véhicules - frontale,,,,,,,,,,,1,1,1,1,1
200500025441,0005-05-13 17:00:00,5,5,13,17,0,310,75.0,,43.54,1.12,Plein jour,Hors agglomération,Hors intersection,Normale,Sans collision,,,,,,,,,,,1,1,1,1,7
200500025442,0005-05-24 12:00:00,5,5,24,12,0,310,535.0,,,,Plein jour,Hors agglomération,Hors intersection,Normale,Sans collision,,,,,,,,,,,1,1,1,1,7
200500025443,0005-05-29 17:30:00,5,5,29,17,30,310,302.0,,43.172,0.681,Plein jour,Hors agglomération,Hors intersection,Normale,Deux véhicules - côté,,,,,,,,,,,1,1,1,1,3
200500025444,0005-05-20 12:30:00,5,5,20,12,30,310,199.0,,,,Plein jour,Hors agglomération,Autre intersection,Normale,Deux véhicules - côté,,,,,,,,,,,1,1,9,1,3
200500025445,0005-05-29 05:00:00,5,5,29,5,0,310,42.0,,42.807,0.597,Nuit avec éclairage allumé,En agglomération,Hors intersection,Normale,Autre collision,,,,,,,,,,,5,2,1,1,6
200500025446,0005-05-18 08:30:00,5,5,18,8,30,310,80.0,BOULEVARD CHARLES SURAN,43.291,0.649,Plein jour,En agglomération,Hors intersection,Normale,Deux véhicules - côté,,,,,,,,,,,1,2,1,1,3
200500025447,0005-05-22 07:30:00,5,5,22,7,30,310,398.0,,43.233,0.59,Plein jour,Hors agglomération,Hors intersection,Normale,Autre collision,,,,,,,,,,,1,1,1,1,6
200500025448,0005-05-15 14:45:00,5,5,15,14,45,310,582.0,,43.401,1.705,Plein jour,Hors agglomération,Hors intersection,Normale,Deux véhicules - frontale,,,,,,,,,,,1,1,1,1,1
200500025449,0005-05-17 15:00:00,5,5,17,15,0,310,284.0,,43.559,1.569,Plein jour,Hors agglomération,Hors intersection,Normale,Sans collision,,,,,,,,,,,1,1,1,1,7
200500025450,0005-05-23 07:00:00,5,5,23,7,0,310,558.0,,,,Plein jour,Hors agglomération,Intersection en X,Normale,Deux véhicules - côté,,,,,,,,,,,1,1,2,1,3
200500025451,0005-05-28 18:15:00,5,5,28,18,15,310,106.0,rue pasteur,43.534,1.76,Plein jour,En agglomération,Autre intersection,Normale,Autre collision,,,,,,,,,,,1,2,9,1,6
200500025452,0005-05-13 20:45:00,5,5,13,20,45,310,192.0,,,,Crépuscule ou aube,Hors agglomération,Hors intersection,Temps couvert,Sans collision,,,,,,,,,,,2,1,1,8,7
200500025453,0005-05-12 18:15:00,5,5,12,18,15,310,463.0,,,,Plein jour,Hors agglomération,Hors intersection,Normale,Autre collision,,,,,,,,,,,1,1,1,1,6
200500025454,0005-05-27 09:15:00,5,5,27,9,15,310,451.0,route de Castres,,,Plein jour,En agglomération,Hors intersection,Normale,Autre collision,,,,,,,,,,,1,2,1,1,6
200500025455,0005-05-21 20:45:00,5,5,21,20,45,90,210.0,,,,Plein jour,Hors agglomération,Hors intersection,Normale,Autre collision,,,,,,,,,,,1,1,1,1,6
200500025456,0005-05-10 09:30:00,5,5,10,9,30,90,324.0,avenue jacques carrié,43.051,1.632,Plein jour,En agglomération,Hors intersection,Normale,Autre collision,,,,,,,,,,,1,2,1,1,6
200500025457,0005-05-12 18:15:00,5,5,12,18,15,90,275.0,,,,Plein jour,Hors agglomération,Hors intersection,Normale,Autre collision,,,,,,,,,,,1,1,1,1,6
200500025458,0005-05-14 03:15:00,5,5,14,3,15,90,185.0,55 RUE DES TIERCAIRES,43.25,1.67,Nuit avec éclairage allumé,En agglomération,Hors intersection,Pluie forte,Autre collision,,,,,,,,,,,5,2,1,3,6
200500025459,0005-05-19 23:00:00,5,5,19,23,0,90,225.0,,,,Nuit avec éclairage allumé,Hors agglomération,Hors intersection,Normale,Sans collision,,,,,,,,,,,5,1,1,1,7
200500025460,0005-05-22 22:30:00,5,5,22,22,30,90,238.0,,43.09,1.72,Nuit sans éclairage public,Hors agglomération,Hors intersection,Normale,Autre collision,,,,,,,,,,,3,1,1,1,6
200500025461,0005-05-29 07:15:00,5,5,29,7,15,90,185.0,,,,Plein jour,Hors agglomération,Hors intersection,Normale,Autre collision,,,,,,,,,,,1,1,1,1,6
200500025462,0005-05-19 12:15:00,5,5,19,12,15,90,39.0,GRAND RUE,43.056,1.888,Plein jour,En agglomération,Hors intersection,Normale,Deux véhicules - frontale,,,,,,,,,,,1,2,1,1,1
200500025463,0005-05-24 14:45:00,5,5,24,14,45,90,261.0,rond point balagué,42.991,1.144,Plein jour,En agglomération,Giratoire,Normale,Autre collision,,,,,,,,,,,1,2,6,1,6
200500025464,0005-05-01 17:30:00,5,5,1,17,30,90,257.0,"lieu dit ""LA BARTHE""",43.131,1.174,Plein jour,En agglomération,Autre intersection,Normale,Deux véhicules - côté,,,,,,,,,,,1,2,9,1,3
200500025465,0005-05-06 10:30:00,5,5,6,10,30,120,84.0,,,,Plein jour,Hors agglomération,Hors intersection,Normale,Deux véhicules - côté,,,,,,,,,,,1,1,1,1,3
200500025466,0005-05-29 10:15:00,5,5,29,10,15,120,102.0,,,,Plein jour,Hors agglomération,Hors intersection,Normale,Deux véhicules - arrière,,,,,,,,,,,1,1,1,1,2
200500025467,0005-05-10 17:45:00,5,5,10,17,45,120,218.0,,44.555,2.467,Plein jour,Hors agglomération,Hors intersection,Normale,Sans collision,,,,,,,,,,,1,1,1,1,7
200500025468,0005-05-01 15:00:00,5,5,1,15,0,120,79.0,,44.552,2.707,Plein jour,Hors agglomération,Hors intersection,Normale,Sans collision,,,,,,,,,,,1,1,1,1,7
200500025469,0005-05-01 15:45:00,5,5,1,15,45,120,172.0,,44.594,2.628,Plein jour,Hors agglomération,Hors intersection,Normale,Sans collision,,,,,,,,,,,1,1,1,1,7
200500025470,0005-05-07 16:30:00,5,5,7,16,30,120,98.0,,44.553,2.671,Plein jour,Hors agglomération,Hors intersection,Normale,Autre collision,,,,,,,,,,,1,1,1,1,6
200500025471,0005-05-18 15:30:00,5,5,18,15,30,120,238.0,,44.207,3.017,Plein jour,Hors agglomération,Hors intersection,Normale,Deux véhicules - côté,,,,,,,,,,,1,1,1,1,3
200500025472,0005-05-09 02:15:00,5,5,9,2,15,120,195.0,,43.881,2.782,Nuit sans éclairage public,Hors agglomération,Hors intersection,Normale,Sans collision,,,,,,,,,,,3,1,1,1,7
200500025473,0005-05-15 14:15:00,5,5,15,14,15,120,77.0,,43.899,3.19,Plein jour,Hors agglomération,Hors intersection,Normale,Deux véhicules - arrière,,,,,,,,,,,1,1,1,1,2
200500025474,0005-05-13 10:30:00,5,5,13,10,30,120,300.0,avenue de caylet,,,Plein jour,En agglomération,Hors intersection,Normale,Deux véhicules - côté,,,,,,,,,,,1,2,1,1,3
200500025475,0005-05-01 20:15:00,5,5,1,20,15,120,12.0,,,,Crépuscule ou aube,Hors agglomération,Hors intersection,Normale,Deux véhicules - frontale,,,,,,,,,,,2,1,1,1,1
200500025476,0005-05-13 19:30:00,5,5,13,19,30,120,259.0,,44.274,2.053,Plein jour,Hors agglomération,Hors intersection,Normale,Deux véhicules - frontale,,,,,,,,,,,1,1,1,1,1
200500025477,0005-05-15 17:00:00,5,5,15,17,0,320,147.0,,,,Plein jour,Hors agglomération,Hors intersection,Normale,Deux véhicules - côté,,,,,,,,,,,1,1,1,1,3
200500025478,0005-05-27 17:00:00,5,5,27,17,0,320,123.0,,43.654,0.885,Plein jour,Hors agglomération,Hors intersection,Normale,Sans collision,,,,,,,,,,,1,1,1,1,7
200500025479,0005-05-28 13:15:00,5,5,28,13,15,320,335.0,,43.782,0.723,Plein jour,Hors agglomération,Hors intersection,Normale,Sans collision,,,,,,,,,,,1,1,1,1,7
200500025480,0005-05-01 19:15:00,5,5,1,19,15,320,418.0,,,,Plein jour,Hors agglomération,Hors intersection,Normale,Trois véhicules et plus - collisions multiples,,,,,,,,,,,1,1,1,1,5
200500025481,0005-05-02 18:15:00,5,5,2,18,15,320,76.0,,,,Plein jour,Hors agglomération,Hors intersection,Normale,Autre collision,,,,,,,,,,,1,1,1,1,6
200500025482,0005-05-09 11:45:00,5,5,9,11,45,320,410.0,,,,Plein jour,Hors agglomération,Hors intersection,Normale,Autre collision,,,,,,,,,,,1,1,1,1,6
200500025483,0005-05-11 14:30:00,5,5,11,14,30,320,309.0,,,,Plein jour,Hors agglomération,Hors intersection,Normale,Autre collision,,,,,,,,,,,1,1,1,1,6