accident_id,datetime,annee,mois,jour,heure,minute,departement,commune_insee,adresse,latitude,longitude,luminosite,agglomeration,intersection,meteo,collision,nb_vehicules,nb_usagers,nb_indemnes,nb_tues,nb_blesses_hosp,nb_blesses_legers,age_cond_1,age_cond_2,veh_type_cond_1,veh_type_cond_2,lum_code,agg_code,int_code,atm_code,col_code
200500025484,0005-05-08 19:30:00,5,5,8,19,30,320,212.0,,,,Plein jour,Hors agglomération,Hors intersection,Normale,Sans collision,,,,,,,,,,,1,1,1,1,7
200500025485,0005-05-11 14:00:00,5,5,11,14,0,320,459.0,DEVIATION NORD,,,Plein jour,En agglomération,Hors intersection,Normale,Sans collision,,,,,,,,,,,1,2,1,1,7
200500025486,0005-05-16 07:15:00,5,5,16,7,15,320,107.0,,43.997,0.428,Plein jour,Hors agglomération,Hors intersection,Normale,Autre collision,,,,,,,,,,,1,1,1,1,6
200500025487,0005-05-04 13:15:00,5,5,4,13,15,320,296.0,Rue D'amiante,43.769,-0.031,Plein jour,En agglomération,Hors intersection,Normale,Sans collision,,,,,,,,,,,1,2,1,1,7
200500025488,0005-05-07 14:45:00,5,5,7,14,45,320,220.0,,43.738,-0.158,Plein jour,Hors agglomération,Intersection en X,Normale,Trois véhicules et plus - collisions multiples,,,,,,,,,,,1,1,2,1,5
200500025489,0005-05-21 00:15:00,5,5,21,0,15,320,100.0,,,,Nuit sans éclairage public,Hors agglomération,Hors intersection,Normale,Deux véhicules - côté,,,,,,,,,,,3,1,1,1,3
200500025490,0005-05-24 14:15:00,5,5,24,14,15,320,202.0,,,,Plein jour,Hors agglomération,Hors intersection,Normale,Autre collision,,,,,,,,,,,1,1,1,1,6
200500025491,0005-05-24 20:00:00,5,5,24,20,0,320,190.0,,43.794,0.257,Plein jour,Hors agglomération,Hors intersection,Normale,Deux véhicules - arrière,,,,,,,,,,,1,1,1,1,2
200500025492,0005-05-24 18:15:00,5,5,24,18,15,320,380.0,ENTREE  VILLAGE SUD,,,Plein jour,En agglomération,Hors intersection,Normale,Autre collision,,,,,,,,,,,1,2,1,1,6
200500025493,0005-05-16 12:45:00,5,5,16,12,45,320,132.0,allée aristide BRIAND,,,Plein jour,En agglomération,Hors intersection,Normale,Autre collision,,,,,,,,,,,1,2,1,1,6
200500025494,0005-05-27 13:15:00,5,5,27,13,15,320,248.0,,,,Plein jour,Hors agglomération,Hors intersection,Normale,Deux véhicules - côté,,,,,,,,,,,1,1,1,1,3
200500025495,0005-05-01 17:00:00,5,5,1,17,0,320,324.0,,43.343,0.467,Plein jour,Hors agglomération,Hors intersection,Normale,Autre collision,,,,,,,,,,,1,1,1,1,6
200500025496,0005-05-07 04:15:00,5,5,7,4,15,320,256.0,Av.anciens combattants A,43.517,0.407,Nuit avec éclairage allumé,En agglomération,Hors intersection,Normale,Autre collision,,,,,,,,,,,5,2,1,1,6
200500025497,0005-05-05 12:30:00,5,5,5,12,30,320,273.0,,43.513,0.204,Plein jour,Hors agglomération,Hors intersection,Temps couvert,Sans collision,,,,,,,,,,,1,1,1,8,7
200500025498,0005-05-28 22:00:00,5,5,28,22,0,320,464.0,RN 21,43.403,0.19,Nuit avec éclairage allumé,En agglomération,Hors intersection,Normale,Deux véhicules - arrière,,,,,,,,,,,5,2,1,1,2
200500025499,0005-05-06 02:30:00,5,5,6,2,30,320,344.0,rue du carrerot,43.662,-0.085,Nuit avec éclairage allumé,En agglomération,Hors intersection,Normale,Autre collision,,,,,,,,,,,5,2,1,1,6
200500025500,0005-05-07 10:30:00,5,5,7,10,30,320,344.0,,43.643,-0.107,Plein jour,Hors agglomération,Hors intersection,Normale,Sans collision,,,,,,,,,,,1,1,1,1,7
200500025501,0005-05-11 08:45:00,5,5,11,8,45,320,344.0,rue de Peyris,43.66,-0.092,Plein jour,En agglomération,Hors intersection,Normale,Deux véhicules - côté,,,,,,,,,,,1,2,1,1,3
200500025502,0005-05-23 18:45:00,5,5,23,18,45,320,27.0,5 place de la garlande,43.707,-0.236,Plein jour,En agglomération,Hors intersection,Normale,Deux véhicules - frontale,,,,,,,,,,,1,2,1,1,1
200500025503,0005-05-30 18:30:00,5,5,30,18,30,320,36.0,,43.595,0.079,Plein jour,Hors agglomération,Hors intersection,Normale,Autre collision,,,,,,,,,,,1,1,1,1,6
200500025504,0005-05-31 14:00:00,5,5,31,14,0,320,81.0,,43.653,0.132,Plein jour,Hors agglomération,Hors intersection,Normale,Deux véhicules - frontale,,,,,,,,,,,1,1,1,1,1
200500025505,0005-05-08 16:00:00,5,5,8,16,0,460,197.0,,,,Plein jour,Hors agglomération,Hors intersection,Normale,Deux véhicules - côté,,,,,,,,,,,1,1,1,1,3
200500025506,0005-05-02 16:15:00,5,5,2,16,15,460,61.0,,,,Plein jour,Hors agglomération,Hors intersection,Normale,Trois véhicules et plus - collisions multiples,,,,,,,,,,,1,1,1,1,5
200500025507,0005-05-27 07:45:00,5,5,27,7,45,460,114.0,,44.599,1.112,Plein jour,Hors agglomération,Hors intersection,Normale,Autre collision,,,,,,,,,,,1,1,1,1,6
200500025508,0005-05-27 17:00:00,5,5,27,17,0,460,231.0,RUE ERNEST MARCOULY,44.509,1.139,Plein jour,En agglomération,Hors intersection,Normale,Autre collision,,,,,,,,,,,1,2,1,1,6
200500025509,0005-05-09 09:00:00,5,5,9,9,0,460,169.0,,,,Plein jour,Hors agglomération,Hors intersection,Normale,Autre collision,,,,,,,,,,,1,1,1,1,6
200500025510,0005-05-15 06:15:00,5,5,15,6,15,650,284.0,,,,Plein jour,Hors agglomération,Hors intersection,Normale,Deux véhicules - frontale,,,,,,,,,,,1,1,1,1,1
200500025511,0005-05-20 13:00:00,5,5,20,13,0,650,146.0,,43.297,0.116,Plein jour,Hors agglomération,Hors intersection,Normale,Deux véhicules - arrière,,,,,,,,,,,1,1,1,1,2
200500025512,0005-05-28 20:00:00,5,5,28,20,0,650,146.0,,,,Plein jour,Hors agglomération,Hors intersection,Normale,Sans collision,,,,,,,,,,,1,1,1,1,7
200500025513,0005-05-10 07:30:00,5,5,10,7,30,650,304.0,RD 935,,,Crépuscule ou aube,En agglomération,Hors intersection,Pluie forte,Deux véhicules - frontale,,,,,,,,,,,2,2,1,3,1
200500025514,0005-05-20 13:30:00,5,5,20,13,30,650,371.0,,42.97,-0.082,Plein jour,Hors agglomération,Hors intersection,Normale,Deux véhicules - arrière,,,,,,,,,,,1,1,1,1,2
200500025515,0005-05-28 21:00:00,5,5,28,21,0,650,32.0,,,,Crépuscule ou aube,Hors agglomération,Hors intersection,Normale,Deux véhicules - frontale,,,,,,,,,,,2,1,1,1,1
200500025516,0005-05-01 11:30:00,5,5,1,11,30,650,59.0,Avenue Général LECLERC,,,Plein jour,En agglomération,Hors intersection,Normale,Autre collision,,,,,,,,,,,1,2,1,1,6
200500025517,0005-05-03 10:30:00,5,5,3,10,30,650,123.0,,,,Plein jour,Hors agglomération,Hors intersection,Normale,Autre collision,,,,,,,,,,,1,1,1,1,6
200500025518,0005-05-12 15:00:00,5,5,12,15,0,810,155.0,,,,Plein jour,Hors agglomération,Hors intersection,Normale,Autre collision,,,,,,,,,,,1,1,1,1,6
200500025519,0005-05-08 16:00:00,5,5,8,16,0,810,249.0,,44.117,2.168,Plein jour,Hors agglomération,Hors intersection,Normale,Trois véhicules et plus - collisions multiples,,,,,,,,,,,1,1,1,1,5
200500025520,0005-05-21 14:30:00,5,5,21,14,30,810,277.0,,,,Plein jour,Hors agglomération,Hors intersection,Normale,Deux véhicules - frontale,,,,,,,,,,,1,1,1,1,1
200500025521,0005-05-28 22:15:00,5,5,28,22,15,810,249.0,,,,Nuit avec éclairage allumé,Hors agglomération,Hors intersection,Normale,Deux véhicules - frontale,,,,,,,,,,,5,1,1,1,1
200500025522,0005-05-25 22:15:00,5,5,25,22,15,810,311.0,,43.744,2.166,Nuit sans éclairage public,Hors agglomération,Hors intersection,Normale,Deux véhicules - frontale,,,,,,,,,,,3,1,1,1,1
200500025523,0005-05-29 05:30:00,5,5,29,5,30,810,174.0,,43.779,2.077,Nuit avec éclairage non allumé,Hors agglomération,Hors intersection,Normale,Deux véhicules - arrière,,,,,,,,,,,4,1,1,1,2
200500025524,0005-05-26 08:45:00,5,5,26,8,45,810,124.0,Av lattre de tassigny,43.714,2.7,Plein jour,En agglomération,Hors intersection,Normale,Deux véhicules - frontale,,,,,,,,,,,1,2,1,1,1
200500025525,0005-05-15 08:45:00,5,5,15,8,45,810,140.0,allées Jean JAURES,43.704,1.817,Plein jour,En agglomération,Hors intersection,Normale,Autre collision,,,,,,,,,,,1,2,1,1,6
200500025526,0005-05-27 16:45:00,5,5,27,16,45,810,271.0,,43.765,1.707,Plein jour,Hors agglomération,Hors intersection,Normale,Autre collision,,,,,,,,,,,1,1,1,1,6
200500025527,0005-05-07 15:15:00,5,5,7,15,15,810,182.0,,43.711,2.255,Plein jour,Hors agglomération,Hors intersection,Normale,Deux véhicules - frontale,,,,,,,,,,,1,1,1,1,1
200500025528,0005-05-29 18:00:00,5,5,29,18,0,810,294.0,,,,Plein jour,Hors agglomération,Hors intersection,Normale,Autre collision,,,,,,,,,,,1,1,1,1,6
200500025529,0005-05-02 16:45:00,5,5,2,16,45,810,146.0,,44.056,2.018,Plein jour,Hors agglomération,Hors intersection,Normale,Deux véhicules - frontale,,,,,,,,,,,1,1,1,1,1
200500025530,0005-05-08 17:45:00,5,5,8,17,45,810,136.0,,44.003,1.697,Plein jour,Hors agglomération,Hors intersection,Normale,Deux véhicules - frontale,,,,,,,,,,,1,1,1,1,1
200500025531,0005-05-02 10:00:00,5,5,2,10,0,810,145.0,,43.876,1.793,Plein jour,Hors agglomération,Hors intersection,Normale,Autre collision,,,,,,,,,,,1,1,1,1,6
200500025532,0005-05-05 09:15:00,5,5,5,9,15,810,239.0,,43.493,2.459,Plein jour,Hors agglomération,Hors intersection,Pluie légère,Deux véhicules - frontale,,,,,,,,,,,1,1,1,2,1
200500025533,0005-05-09 10:00:00,5,5,9,10,0,810,115.0,,,,Plein jour,Hors agglomération,Hors intersection,Normale,Autre collision,,,,,,,,,,,1,1,1,1,6
200500025534,0005-05-28 03:15:00,5,5,28,3,15,820,87.0,,44.115,1.252,Nuit sans éclairage public,Hors agglomération,Hors intersection,Normale,Autre collision,,,,,,,,,,,3,1,1,1,6
200500025535,0005-05-01 06:45:00,5,5,1,6,45,820,161.0,,,,Crépuscule ou aube,Hors agglomération,Hors intersection,Normale,Autre collision,,,,,,,,,,,2,1,1,1,6
200500025536,0005-05-06 17:15:00,5,5,6,17,15,820,26.0,,,,Plein jour,Hors agglomération,Hors intersection,Normale,Sans collision,,,,,,,,,,,1,1,1,1,7
200500025537,0005-05-14 08:00:00,5,5,14,8,0,820,38.0,,44.244,1.784,Plein jour,Hors agglomération,Hors intersection,Temps couvert,Deux véhicules - côté,,,,,,,,,,,1,1,1,8,3
200500025538,0005-05-22 12:00:00,5,5,22,12,0,820,59.0,,43.853,0.956,Plein jour,Hors agglomération,Intersection en X,Pluie légère,Deux véhicules - côté,,,,,,,,,,,1,1,2,2,3
200500025539,0005-05-09 18:30:00,5,5,9,18,30,820,75.0,,43.842,1.292,Plein jour,Hors agglomération,Intersection en T,Normale,Deux véhicules - côté,,,,,,,,,,,1,1,3,1,3
200500025540,0005-05-27 17:15:00,5,5,27,17,15,820,167.0,,,,Plein jour,Hors agglomération,Hors intersection,Normale,Autre collision,,,,,,,,,,,1,1,1,1,6
200500025541,0005-05-06 18:45:00,5,5,6,18,45,820,51.0,,,,Plein jour,Hors agglomération,Hors intersection,Normale,Deux véhicules - côté,,,,,,,,,,,1,1,1,1,3
200500025542,0005-05-24 08:15:00,5,5,24,8,15,820,117.0,,,,Plein jour,Hors agglomération,Hors intersection,Normale,Autre collision,,,,,,,,,,,1,1,1,1,6
200500025543,0005-05-24 12:45:00,5,5,24,12,45,820,168.0,,,,Plein jour,Hors agglomération,Hors intersection,Normale,Autre collision,,,,,,,,,,,1,1,1,1,6
200500025544,0005-05-13 13:00:00,5,5,13,13,0,820,127.0,,,,Plein jour,Hors agglomération,Hors intersection,Normale,Autre collision,,,,,,,,,,,1,1,1,1,6
200500025545,0005-05-29 22:45:00,5,5,29,22,45,820,1.0,,,,Nuit sans éclairage public,Hors agglomération,Hors intersection,Normale,Deux véhicules - côté,,,,,,,,,,,3,1,1,1,3
200500025546,0005-05-30 07:00:00,5,5,30,7,0,820,96.0,CHEMIN PEREY,,,Plein jour,En agglomération,Hors intersection,Pluie légère,Autre collision,,,,,,,,,,,1,2,1,2,6
200500025547,0005-05-23 23:30:00,5,5,23,23,30,820,125.0,,43.944,1.24,Nuit sans éclairage public,Hors agglomération,Hors intersection,Normale,Autre collision,,,,,,,,,,,3,1,1,1,6
200500025548,0005-05-29 17:45:00,5,5,29,17,45,820,32.0,,44.194,0.97,Plein jour,Hors agglomération,Hors intersection,Normale,Sans collision,,,,,,,,,,,1,1,1,1,7
200500025549,0005-05-10 10:30:00,5,5,10,10,30,690,116.0,route de lyon,,,Plein jour,En agglomération,Hors intersection,Normale,Deux véhicules - arrière,,,,,,,,,,,1,2,1,1,2
200500025550,0005-05-20 21:00:00,5,5,20,21,0,690,68.0,RUE DE LA REPUBLIQUE,45.849,4.828,Nuit avec éclairage allumé,En agglomération,Hors intersection,Normale,Deux véhicules - frontale,,,,,,,,,,,5,2,1,1,1
200500025551,0005-05-15 09:15:00,5,5,15,9,15,690,100.0,56 RUE DU 08 MAI 1945,,,Plein jour,En agglomération,Hors intersection,Normale,Sans collision,,,,,,,,,,,1,2,1,1,7
200500025552,0005-05-18 14:15:00,5,5,18,14,15,690,286.0,chemin des loisirs,,,Plein jour,En agglomération,Hors intersection,Normale,Autre collision,,,,,,,,,,,1,2,1,1,6
200500025553,0005-05-01 17:15:00,5,5,1,17,15,690,289.0,,,,Plein jour,Hors agglomération,Hors intersection,Normale,Autre collision,,,,,,,,,,,1,1,1,1,6
200500025554,0005-05-15 14:45:00,5,5,15,14,45,690,298.0,cd 149,45.654,4.985,Plein jour,En agglomération,Hors intersection,Normale,Deux véhicules - frontale,,,,,,,,,,,1,2,1,1,1
200500025555,0005-05-25 09:30:00,5,5,25,9,30,690,287.0,Route Nationale 6,,,Plein jour,En agglomération,Hors intersection,Normale,Trois véhicules et plus - en chaîne,,,,,,,,,,,1,2,1,1,4
200500025556,0005-05-17 09:30:00,5,5,17,9,30,690,283.0,Rue Joseph Poulet,,,Plein jour,En agglomération,Hors intersection,Normale,Autre collision,,,,,,,,,,,1,2,1,1,6
200500025557,0005-05-18 16:15:00,5,5,18,16,15,690,236.0,,,,Plein jour,Hors agglomération,Intersection en T,Normale,Deux véhicules - côté,,,,,,,,,,,1,1,3,1,3
200500025558,0005-05-25 16:00:00,5,5,25,16,0,690,171.0,,,,Plein jour,En agglomération,Hors intersection,Normale,Deux véhicules - côté,,,,,,,,,,,1,2,1,1,3
200500025559,0005-05-15 23:15:00,5,5,15,23,15,690,67.0,,45.752,4.567,Nuit sans éclairage public,Hors agglomération,Hors intersection,Normale,Deux véhicules - frontale,,,,,,,,,,,3,1,1,1,1
200500025560,0005-05-08 10:15:00,5,5,8,10,15,690,227.0,LOT. LES CHARMATTE,,,Plein jour,En agglomération,Hors intersection,Normale,Deux véhicules - frontale,,,,,,,,,,,1,2,1,1,1
200500025561,0005-05-14 16:00:00,5,5,14,16,0,690,227.0,,,,Plein jour,Hors agglomération,Hors intersection,Normale,Deux véhicules - frontale,,,,,,,,,,,1,1,1,1,1
200500025562,0005-05-19 07:45:00,5,5,19,7,45,690,155.0,,,,Plein jour,Hors agglomération,Hors intersection,Normale,Autre collision,,,,,,,,,,,1,1,1,1,6
200500025563,0005-05-28 12:45:00,5,5,28,12,45,690,227.0,,45.657,4.542,Plein jour,Hors agglomération,Hors intersection,Normale,Deux véhicules - frontale,,,,,,,,,,,1,1,1,1,1
200500025564,0005-05-28 12:45:00,5,5,28,12,45,690,227.0,,,,Plein jour,Hors agglomération,Hors intersection,Normale,Deux véhicules - frontale,,,,,,,,,,,1,1,1,1,1
200500025565,0005-05-12 16:30:00,5,5,12,16,30,690,241.0,,,,Plein jour,Hors agglomération,Hors intersection,Pluie forte,Deux véhicules - côté,,,,,,,,,,,1,1,1,3,3
200500025566,0005-05-07 20:00:00,5,5,7,20,0,690,215.0,,46.027,4.669,Crépuscule ou aube,Hors agglomération,Hors intersection,Pluie légère,Autre collision,,,,,,,,,,,2,1,1,2,6
200500025567,0005-05-20 16:30:00,5,5,20,16,30,690,47.0,,,,Plein jour,Hors agglomération,Hors intersection,Normale,Autre collision,,,,,,,,,,,1,1,1,1,6
200500025568,0005-05-24 15:00:00,5,5,24,15,0,690,121.0,,,,Plein jour,En agglomération,Hors intersection,Normale,Deux véhicules - arrière,,,,,,,,,,,1,2,1,1,2
200500025569,0005-05-28 14:00:00,5,5,28,14,0,690,122.0,LES ESSERTAUX,,,Plein jour,En agglomération,Hors intersection,Normale,Deux véhicules - frontale,,,,,,,,,,,1,2,1,1,1
200500025570,0005-05-30 09:30:00,5,5,30,9,30,690,20.0,,,,Plein jour,En agglomération,Hors intersection,Normale,Deux véhicules - côté,,,,,,,,,,,1,2,1,1,3
200500025571,0005-05-11 13:00:00,5,5,11,13,0,690,12.0,,46.201,4.546,Plein jour,Hors agglomération,Hors intersection,Normale,Deux véhicules - côté,,,,,,,,,,,1,1,1,1,3
200500025572,0005-05-13 09:45:00,5,5,13,9,45,690,209.0,,46.228,4.427,Plein jour,Hors agglomération,Hors intersection,Normale,Sans collision,,,,,,,,,,,1,1,1,1,7
200500025573,0005-05-20 18:15:00,5,5,20,18,15,690,104.0,Le Bourg,46.247,4.678,Plein jour,En agglomération,Hors intersection,Normale,Deux véhicules - frontale,,,,,,,,,,,1,2,1,1,1
200500025574,0005-05-30 15:45:00,5,5,30,15,45,690,185.0,,46.268,4.553,Plein jour,Hors agglomération,Hors intersection,Normale,Deux véhicules - frontale,,,,,,,,,,,1,1,1,1,1
200500025575,0005-05-11 08:30:00,5,5,11,8,30,690,206.0,,46.051,4.722,Plein jour,Hors agglomération,Hors intersection,Normale,Deux véhicules - frontale,,,,,,,,,,,1,1,1,1,1
200500025576,0005-05-16 08:00:00,5,5,16,8,0,690,19.0,avenue de Verdun,,,Plein jour,En agglomération,Hors intersection,Temps couvert,Deux véhicules - frontale,,,,,,,,,,,1,2,1,8,1
200500025577,0005-05-18 14:15:00,5,5,18,14,15,690,198.0,,,,Plein jour,Hors agglomération,Hors intersection,Normale,Trois véhicules et plus - collisions multiples,,,,,,,,,,,1,1,1,1,5
200500025578,0005-05-22 09:00:00,5,5,22,9,0,690,211.0,,,,Plein jour,Hors agglomération,Hors intersection,Temps couvert,Deux véhicules - côté,,,,,,,,,,,1,1,1,8,3
200500025579,0005-05-24 16:45:00,5,5,24,16,45,690,36.0,,46.123,4.679,Plein jour,Hors agglomération,Hors intersection,Normale,Deux véhicules - côté,,,,,,,,,,,1,1,1,1,3
200500025580,0005-05-30 13:15:00,5,5,30,13,15,690,206.0,,,,Plein jour,Hors agglomération,Hors intersection,Temps couvert,Deux véhicules - côté,,,,,,,,,,,1,1,1,8,3
200500025581,0005-05-11 08:30:00,5,5,11,8,30,690,222.0,,,,Plein jour,Hors agglomération,Hors intersection,Normale,Autre collision,,,,,,,,,,,1,1,1,1,6
200500025582,0005-05-26 10:15:00,5,5,26,10,15,690,24.0,Ang rue 11.11 et P.Dames,,,Plein jour,En agglomération,Hors intersection,Normale,Autre collision,,,,,,,,,,,1,2,1,1,6
200500025583,0005-05-05 15:30:00,5,5,5,15,30,690,188.0,,45.92,4.491,Plein jour,Hors agglomération,Hors intersection,Temps couvert,Autre collision,,,,,,,,,,,1,1,1,8,6
200500025584,0005-05-29 20:45:00,5,5,29,20,45,690,70.0,,,,Crépuscule ou aube,Hors agglomération,Hors intersection,Normale,Deux véhicules - frontale,,,,,,,,,,,2,1,1,1,1
200500025585,0005-05-31 12:45:00,5,5,31,12,45,10,385.0,,46.2,5.17,Plein jour,Hors agglomération,Autre intersection,Normale,Deux véhicules - frontale,,,,,,,,,,,1,1,9,1,1
200500025586,0005-05-17 03:00:00,5,5,17,3,0,10,125.0,,,,Nuit sans éclairage public,Hors agglomération,Hors intersection,Normale,Autre collision,,,,,,,,,,,3,1,1,1,6
200500025587,0005-05-05 10:30:00,5,5,5,10,30,10,24.0,,,,Plein jour,Hors agglomération,Hors intersection,Normale,Autre collision,,,,,,,,,,,1,1,1,1,6
200500025588,0005-05-08 22:45:00,5,5,8,22,45,10,24.0,Grande Rue,46.291,5.161,Nuit avec éclairage allumé,En agglomération,Hors intersection,Normale,Autre collision,,,,,,,,,,,5,2,1,1,6
200500025589,0005-05-14 03:45:00,5,5,14,3,45,10,236.0,,46.34,5.07,Nuit sans éclairage public,Hors agglomération,Hors intersection,Pluie forte,Sans collision,,,,,,,,,,,3,1,1,3,7
200500025590,0005-05-13 11:00:00,5,5,13,11,0,10,128.0,,46.46,5.1,Plein jour,Hors agglomération,Hors intersection,Normale,Sans collision,,,,,,,,,,,1,1,1,1,7
200500025591,0005-05-18 19:00:00,5,5,18,19,0,10,163.0,,46.381,5.18,Plein jour,En agglomération,Hors intersection,Normale,Deux véhicules - côté,,,,,,,,,,,1,2,1,1,3
200500025592,0005-05-21 13:00:00,5,5,21,13,0,10,163.0,,,,Plein jour,Hors agglomération,Hors intersection,Normale,Deux véhicules - frontale,,,,,,,,,,,1,1,1,1,1
200500025593,0005-05-20 09:00:00,5,5,20,9,0,10,232.0,,46.312,5.238,Plein jour,Hors agglomération,Hors intersection,Normale,Deux véhicules - arrière,,,,,,,,,,,1,1,1,1,2
200500025594,0005-05-23 06:15:00,5,5,23,6,15,10,374.0,,,,Plein jour,Hors agglomération,Hors intersection,Pluie forte,Trois véhicules et plus - collisions multiples,,,,,,,,,,,1,1,1,3,5
200500025595,0005-05-26 03:00:00,5,5,26,3,0,10,199.0,,46.056,5.384,Nuit sans éclairage public,Hors agglomération,Hors intersection,Normale,Deux véhicules - frontale,,,,,,,,,,,3,1,1,1,1
200500025596,0005-05-01 17:45:00,5,5,1,17,45,10,144.0,,,,Plein jour,Hors agglomération,Hors intersection,Normale,Sans collision,,,,,,,,,,,1,1,1,1,7
200500025597,0005-05-27 18:15:00,5,5,27,18,15,10,231.0,RUE DE LA FRERIE,,,Plein jour,En agglomération,Intersection en T,Normale,Deux véhicules - côté,,,,,,,,,,,1,2,3,1,3
200500025598,0005-05-15 12:00:00,5,5,15,12,0,10,98.0,,,,Plein jour,Hors agglomération,Hors intersection,Normale,Trois véhicules et plus - collisions multiples,,,,,,,,,,,1,1,1,1,5
200500025599,0005-05-11 17:30:00,5,5,11,17,30,10,330.0,,,,Plein jour,Hors agglomération,Hors intersection,Normale,Sans collision,,,,,,,,,,,1,1,1,1,7
200500025600,0005-05-02 17:30:00,5,5,2,17,30,10,4.0,RUE ARISTIDE BRIAND,,,Plein jour,En agglomération,Hors intersection,Normale,Deux véhicules - frontale,,,,,,,,,,,1,2,1,1,1
200500025601,0005-05-08 17:45:00,5,5,8,17,45,10,213.0,,45.93,5.279,Plein jour,Hors agglomération,Hors intersection,Normale,Autre collision,,,,,,,,,,,1,1,1,1,6
200500025602,0005-05-13 22:00:00,5,5,13,22,0,10,224.0,Rue du BUGEY,45.78,5.207,Nuit avec éclairage allumé,En agglomération,Hors intersection,Normale,Deux véhicules - frontale,,,,,,,,,,,5,2,1,1,1
200500025603,0005-05-17 16:45:00,5,5,17,16,45,10,47.0,,45.855,5.254,Plein jour,Hors agglomération,Giratoire,Normale,Autre collision,,,,,,,,,,,1,1,6,1,6
200500025604,0005-05-18 20:00:00,5,5,18,20,0,10,366.0,,45.894,5.267,Crépuscule ou aube,Hors agglomération,Hors intersection,Temps éblouissant,Deux véhicules - frontale,,,,,,,,,,,2,1,1,7,1
200500025605,0005-05-05 15:15:00,5,5,5,15,15,10,300.0,,46.159,5.657,Plein jour,Hors agglomération,Hors intersection,Pluie légère,Deux véhicules - frontale,,,,,,,,,,,1,1,1,2,1
200500025606,0005-05-08 16:00:00,5,5,8,16,0,10,269.0,rue du docteur mercier,46.157,5.606,Plein jour,En agglomération,Hors intersection,Normale,Autre collision,,,,,,,,,,,1,2,1,1,6
200500025607,0005-05-10 17:15:00,5,5,10,17,15,10,265.0,14 rue du lyonnais,46.172,5.575,Plein jour,En agglomération,Hors intersection,Normale,Autre collision,,,,,,,,,,,1,2,1,1,6
200500025608,0005-05-29 19:00:00,5,5,29,19,0,10,148.0,,,,Plein jour,Hors agglomération,Hors intersection,Temps éblouissant,Trois véhicules et plus - collisions multiples,,,,,,,,,,,1,1,1,7,5
200500025609,0005-05-29 17:30:00,5,5,29,17,30,10,269.0,,,,Plein jour,Hors agglomération,Hors intersection,Normale,Deux véhicules - arrière,,,,,,,,,,,1,1,1,1,2
200500025610,0005-05-31 15:30:00,5,5,31,15,30,10,181.0,,,,Plein jour,Hors agglomération,Hors intersection,Normale,Deux véhicules - frontale,,,,,,,,,,,1,1,1,1,1
200500025611,0005-05-12 09:15:00,5,5,12,9,15,10,33.0,,,,Plein jour,Hors agglomération,Autre intersection,Normale,Trois véhicules et plus - collisions multiples,,,,,,,,,,,1,1,9,1,5
200500025612,0005-05-20 17:45:00,5,5,20,17,45,10,33.0,RUE LOUIS DUMONT,,,Nuit sans éclairage public,En agglomération,Hors intersection,Normale,Autre collision,,,,,,,,,,,3,2,1,1,6
200500025613,0005-05-10 10:15:00,5,5,10,10,15,10,281.0,RUE DE DIVONNE ET RN5,46.29,6.086,Plein jour,En agglomération,Hors intersection,Normale,Deux véhicules - côté,,,,,,,,,,,1,2,1,1,3
200500025614,0005-05-27 19:00:00,5,5,27,19,0,10,281.0,Route Nationale 5,,,Plein jour,En agglomération,Hors intersection,Normale,Deux véhicules - frontale,,,,,,,,,,,1,2,1,1,1
200500025615,0005-05-12 13:15:00,5,5,12,13,15,10,419.0,Rue de Fenières,,,Plein jour,En agglomération,Hors intersection,Normale,Deux véhicules - frontale,,,,,,,,,,,1,2,1,1,1
200500025616,0005-05-31 12:00:00,5,5,31,12,0,10,429.0,,,,Plein jour,Hors agglomération,Hors intersection,Normale,Deux véhicules - frontale,,,,,,,,,,,1,1,1,1,1
200500025617,0005-05-18 13:00:00,5,5,18,13,0,10,43.0,,45.833,5.004,Plein jour,Hors agglomération,Hors intersection,Normale,Deux véhicules - arrière,,,,,,,,,,,1,1,1,1,2
200500025618,0005-05-01 05:00:00,5,5,1,5,0,10,333.0,,,,Nuit sans éclairage public,Hors agglomération,Hors intersection,Normale,Deux véhicules - frontale,,,,,,,,,,,3,1,1,1,1
200500025619,0005-05-14 23:00:00,5,5,14,23,0,10,443.0,,,,Nuit sans éclairage public,Hors agglomération,Hors intersection,Normale,Sans collision,,,,,,,,,,,3,1,1,1,7
200500025620,0005-05-07 08:45:00,5,5,7,8,45,10,252.0,,46.14,4.8,Plein jour,En agglomération,Hors intersection,Normale,Sans collision,,,,,,,,,,,1,2,1,1,7
200500025621,0005-05-25 15:15:00,5,5,25,15,15,10,252.0,Lieu dit FLURIEUX,46.15,4.82,Plein jour,En agglomération,Hors intersection,Normale,Deux véhicules - côté,,,,,,,,,,,1,2,1,1,3
200500025622,0005-05-27 17:30:00,5,5,27,17,30,10,28.0,,46.114,4.903,Plein jour,En agglomération,Hors intersection,Normale,Deux véhicules - côté,,,,,,,,,,,1,2,1,1,3