accident_id,datetime,annee,mois,jour,heure,minute,departement,commune_insee,adresse,latitude,longitude,luminosite,agglomeration,intersection,meteo,collision,nb_vehicules,nb_usagers,nb_indemnes,nb_tues,nb_blesses_hosp,nb_blesses_legers,age_cond_1,age_cond_2,veh_type_cond_1,veh_type_cond_2,lum_code,agg_code,int_code,atm_code,col_code
200500025761,0005-05-28 10:15:00,5,5,28,10,15,740,275.0,,,,Plein jour,Hors agglomération,Hors intersection,Normale,Trois véhicules et plus - collisions multiples,,,,,,,,,,,1,1,1,1,5
200500025762,0005-05-31 16:00:00,5,5,31,16,0,740,167.0,,,,Plein jour,Hors agglomération,Hors intersection,Temps éblouissant,Deux véhicules - côté,,,,,,,,,,,1,1,1,7,3
200500025763,0005-05-26 11:15:00,5,5,26,11,15,740,254.0,,,,Plein jour,Hors agglomération,Hors intersection,Normale,Sans collision,,,,,,,,,,,1,1,1,1,7
200500025764,0005-05-11 10:00:00,5,5,11,10,0,740,280.0,,,,Plein jour,Hors agglomération,Hors intersection,Normale,Autre collision,,,,,,,,,,,1,1,1,1,6
200500025765,0005-05-26 07:30:00,5,5,26,7,30,740,239.0,,,,Plein jour,Hors agglomération,Hors intersection,Normale,Deux véhicules - frontale,,,,,,,,,,,1,1,1,1,1
200500025766,0005-05-28 11:15:00,5,5,28,11,15,740,136.0,,,,Plein jour,Hors agglomération,Hors intersection,Normale,Deux véhicules - arrière,,,,,,,,,,,1,1,1,1,2
200500025767,0005-05-26 20:15:00,5,5,26,20,15,740,81.0,,,,Plein jour,Hors agglomération,Hors intersection,Normale,Deux véhicules - côté,,,,,,,,,,,1,1,1,1,3
200500025768,0005-05-03 17:15:00,5,5,3,17,15,740,173.0,806 route nationale,45.863,6.619,Plein jour,En agglomération,Hors intersection,Pluie forte,Deux véhicules - côté,,,,,,,,,,,1,2,1,3,3
200500025769,0005-05-09 15:00:00,5,5,9,15,0,740,173.0,route nationale,45.864,6.621,Plein jour,En agglomération,Giratoire,Normale,Trois véhicules et plus - collisions multiples,,,,,,,,,,,1,2,6,1,5
200500025770,0005-05-31 17:45:00,5,5,31,17,45,740,215.0,route des varins,,,Plein jour,En agglomération,Hors intersection,Normale,Deux véhicules - frontale,,,,,,,,,,,1,2,1,1,1
200500025771,0005-05-01 13:00:00,5,5,1,13,0,740,18.0,,46.112,6.331,Plein jour,Hors agglomération,Intersection en T,Normale,Deux véhicules - côté,,,,,,,,,,,1,1,3,1,3
200500025772,0005-05-24 20:15:00,5,5,24,20,15,740,256.0,AVENUE DE GENEVE,,,Crépuscule ou aube,En agglomération,Hors intersection,Normale,Sans collision,,,,,,,,,,,2,2,1,1,7
200500025773,0005-05-01 13:45:00,5,5,1,13,45,740,134.0,,,,Plein jour,Hors agglomération,Hors intersection,Normale,Deux véhicules - frontale,,,,,,,,,,,1,1,1,1,1
200500025774,0005-05-01 16:45:00,5,5,1,16,45,740,134.0,,,,Plein jour,Hors agglomération,Hors intersection,Normale,Sans collision,,,,,,,,,,,1,1,1,1,7
200500025775,0005-05-01 08:30:00,5,5,1,8,30,740,243.0,,46.13,6.05,Plein jour,Hors agglomération,Hors intersection,Normale,Deux véhicules - arrière,,,,,,,,,,,1,1,1,1,2
200500025776,0005-05-02 15:45:00,5,5,2,15,45,740,243.0,,46.11,6.1,Plein jour,Hors agglomération,Hors intersection,Normale,Sans collision,,,,,,,,,,,1,1,1,1,7
200500025777,0005-05-20 15:30:00,5,5,20,15,30,740,44.0,,46.16,6.167,Plein jour,Hors agglomération,Hors intersection,Normale,Deux véhicules - arrière,,,,,,,,,,,1,1,1,1,2
200500025778,0005-05-27 07:15:00,5,5,27,7,15,740,220.0,Route de l'Eculaz,,,Plein jour,En agglomération,Hors intersection,Normale,Sans collision,,,,,,,,,,,1,2,1,1,7
200500025779,0005-05-02 15:15:00,5,5,2,15,15,740,96.0,Grand Rue,,,Plein jour,En agglomération,Hors intersection,Normale,Deux véhicules - côté,,,,,,,,,,,1,2,1,1,3
200500025780,0005-05-08 15:00:00,5,5,8,15,0,740,96.0,,,,Plein jour,Hors agglomération,Hors intersection,Normale,Sans collision,,,,,,,,,,,1,1,1,1,7
200500025781,0005-05-15 12:15:00,5,5,15,12,15,740,109.0,,,,Plein jour,Hors agglomération,Hors intersection,Normale,Deux véhicules - côté,,,,,,,,,,,1,1,1,1,3
200500025782,0005-05-29 17:45:00,5,5,29,17,45,740,65.0,,,,Plein jour,Hors agglomération,Hors intersection,Normale,Autre collision,,,,,,,,,,,1,1,1,1,6
200500025783,0005-05-08 16:45:00,5,5,8,16,45,740,315.0,rue les bouchets,46.373,6.33,Plein jour,En agglomération,Hors intersection,Normale,Deux véhicules - côté,,,,,,,,,,,1,2,1,1,3
200500025784,0005-05-09 09:00:00,5,5,9,9,0,740,105.0,rue du centre,46.31,6.305,Plein jour,En agglomération,Hors intersection,Normale,Autre collision,,,,,,,,,,,1,2,1,1,6
200500025785,0005-05-13 16:15:00,5,5,13,16,15,740,43.0,,46.262,6.342,Plein jour,Hors agglomération,Hors intersection,Normale,Deux véhicules - côté,,,,,,,,,,,1,1,1,1,3
200500025786,0005-05-14 18:00:00,5,5,14,18,0,740,121.0,,46.354,6.345,Plein jour,Hors agglomération,Hors intersection,Normale,Autre collision,,,,,,,,,,,1,1,1,1,6
200500025787,0005-05-25 14:00:00,5,5,25,14,0,740,5.0,,46.344,6.46,Plein jour,Hors agglomération,Hors intersection,Normale,Deux véhicules - côté,,,,,,,,,,,1,1,1,1,3
200500025788,0005-05-01 21:15:00,5,5,1,21,15,740,286.0,,46.335,6.661,Nuit avec éclairage allumé,Hors agglomération,Hors intersection,Normale,Autre collision,,,,,,,,,,,5,1,1,1,6
200500025789,0005-05-15 20:00:00,5,5,15,20,0,740,1.0,,46.298,6.761,Plein jour,Hors agglomération,Hors intersection,Normale,Autre collision,,,,,,,,,,,1,1,1,1,6
200500025790,0005-05-15 15:00:00,5,5,15,15,0,740,73.0,LE PLAN,46.345,6.615,Plein jour,En agglomération,Hors intersection,Normale,Autre collision,,,,,,,,,,,1,2,1,1,6
200500025791,0005-05-03 19:15:00,5,5,3,19,15,740,166.0,,46.385,6.514,Plein jour,Hors agglomération,Hors intersection,Normale,Deux véhicules - frontale,,,,,,,,,,,1,1,1,1,1
200500025792,0005-05-24 20:15:00,5,5,24,20,15,740,249.0,,46.385,6.617,Crépuscule ou aube,Hors agglomération,Hors intersection,Normale,Deux véhicules - frontale,,,,,,,,,,,2,1,1,1,1
200500025793,0005-05-05 10:00:00,5,5,5,10,0,740,295.0,,,,Plein jour,Hors agglomération,Hors intersection,Pluie légère,Deux véhicules - frontale,,,,,,,,,,,1,1,1,2,1
200500025794,0005-05-15 20:30:00,5,5,15,20,30,740,34.0,,,,Crépuscule ou aube,Hors agglomération,Hors intersection,Normale,Autre collision,,,,,,,,,,,2,1,1,1,6
200500025795,0005-05-08 18:45:00,5,5,8,18,45,630,42.0,RUE DES JONQUILLES,45.833,3.082,Plein jour,En agglomération,Hors intersection,Normale,Deux véhicules - côté,,,,,,,,,,,1,2,1,1,3
200500025796,0005-05-10 18:15:00,5,5,10,18,15,630,229.0,,,,Plein jour,Hors agglomération,Hors intersection,Normale,Autre collision,,,,,,,,,,,1,1,1,1,6
200500025797,0005-05-13 15:30:00,5,5,13,15,30,630,45.0,,,,Plein jour,Hors agglomération,Hors intersection,Normale,Deux véhicules - côté,,,,,,,,,,,1,1,1,1,3
200500025798,0005-05-01 17:15:00,5,5,1,17,15,630,307.0,,45.716,3.075,Plein jour,Hors agglomération,Hors intersection,Normale,Deux véhicules - arrière,,,,,,,,,,,1,1,1,1,2
200500025799,0005-05-01 13:30:00,5,5,1,13,30,630,284.0,,,,Plein jour,Hors agglomération,Hors intersection,Normale,Deux véhicules - frontale,,,,,,,,,,,1,1,1,1,1
200500025800,0005-05-11 11:30:00,5,5,11,11,30,630,284.0,,,,Plein jour,Hors agglomération,Giratoire,Normale,Deux véhicules - arrière,,,,,,,,,,,1,1,6,1,2
200500025801,0005-05-22 18:30:00,5,5,22,18,30,630,284.0,,,,Plein jour,Hors agglomération,Hors intersection,Pluie légère,Deux véhicules - frontale,,,,,,,,,,,1,1,1,2,1
200500025802,0005-05-11 13:45:00,5,5,11,13,45,630,305.0,,45.689,2.807,Plein jour,Hors agglomération,Hors intersection,Normale,Deux véhicules - frontale,,,,,,,,,,,1,1,1,1,1
200500025803,0005-05-27 17:45:00,5,5,27,17,45,630,305.0,,45.682,2.798,Plein jour,Hors agglomération,Hors intersection,Normale,Deux véhicules - frontale,,,,,,,,,,,1,1,1,1,1
200500025804,0005-05-08 04:15:00,5,5,8,4,15,630,262.0,,45.706,3.162,Nuit avec éclairage allumé,Hors agglomération,Autre intersection,Normale,Deux véhicules - côté,,,,,,,,,,,5,1,9,1,3
200500025805,0005-05-25 11:45:00,5,5,25,11,45,630,3.0,,,,Plein jour,Hors agglomération,Hors intersection,Normale,Deux véhicules - côté,,,,,,,,,,,1,1,1,1,3
200500025806,0005-05-27 17:45:00,5,5,27,17,45,630,3.0,avenue Emmanuel Chabrier,45.553,3.741,Plein jour,En agglomération,Hors intersection,Normale,Autre collision,,,,,,,,,,,1,2,1,1,6
200500025807,0005-05-15 16:30:00,5,5,15,16,30,630,258.0,,45.684,3.622,Plein jour,Hors agglomération,Hors intersection,Normale,Deux véhicules - frontale,,,,,,,,,,,1,1,1,1,1
200500025808,0005-05-27 07:45:00,5,5,27,7,45,630,23.0,,45.602,3.56,Plein jour,Hors agglomération,Hors intersection,Normale,Deux véhicules - frontale,,,,,,,,,,,1,1,1,1,1
200500025809,0005-05-04 14:15:00,5,5,4,14,15,630,178.0,Route de Solignat CD 32,45.544,3.25,Plein jour,En agglomération,Hors intersection,Normale,Deux véhicules - côté,,,,,,,,,,,1,2,1,1,3
200500025810,0005-05-09 19:00:00,5,5,9,19,0,630,178.0,22 RUE DE BIZALEIX,45.55,3.239,Plein jour,En agglomération,Hors intersection,Normale,Sans collision,,,,,,,,,,,1,2,1,1,7
200500025811,0005-05-27 19:15:00,5,5,27,19,15,630,77.0,,45.562,2.849,Plein jour,Hors agglomération,Hors intersection,Normale,Sans collision,,,,,,,,,,,1,1,1,1,7
200500025812,0005-05-15 19:45:00,5,5,15,19,45,630,340.0,,,,Plein jour,Hors agglomération,Hors intersection,Normale,Deux véhicules - frontale,,,,,,,,,,,1,1,1,1,1
200500025813,0005-05-01 12:00:00,5,5,1,12,0,630,313.0,LE BOURG,45.393,2.992,Plein jour,En agglomération,Hors intersection,Normale,Deux véhicules - frontale,,,,,,,,,,,1,2,1,1,1
200500025814,0005-05-31 13:45:00,5,5,31,13,45,630,397.0,,45.6,2.682,Plein jour,Hors agglomération,Hors intersection,Normale,Deux véhicules - frontale,,,,,,,,,,,1,1,1,1,1
200500025815,0005-05-26 14:15:00,5,5,26,14,15,630,470.0,,45.874,2.996,Plein jour,Hors agglomération,Hors intersection,Normale,Deux véhicules - frontale,,,,,,,,,,,1,1,1,1,1
200500025816,0005-05-05 04:45:00,5,5,5,4,45,630,379.0,,45.98,3.13,Nuit sans éclairage public,Hors agglomération,Hors intersection,Normale,Autre collision,,,,,,,,,,,3,1,1,1,6
200500025817,0005-05-31 19:00:00,5,5,31,19,0,630,92.0,D16,45.891,2.985,Plein jour,En agglomération,Autre intersection,Normale,Sans collision,,,,,,,,,,,1,2,9,1,7
200500025818,0005-05-28 19:00:00,5,5,28,19,0,630,295.0,,46.003,3.359,Plein jour,Hors agglomération,Hors intersection,Normale,Sans collision,,,,,,,,,,,1,1,1,1,7
200500025819,0005-05-30 12:00:00,5,5,30,12,0,630,148.0,,45.901,3.213,Plein jour,Hors agglomération,Hors intersection,Normale,Sans collision,,,,,,,,,,,1,1,1,1,7
200500025820,0005-05-25 13:30:00,5,5,25,13,30,630,349.0,,45.958,2.895,Plein jour,Hors agglomération,Hors intersection,Normale,Autre collision,,,,,,,,,,,1,1,1,1,6
200500025821,0005-05-22 16:30:00,5,5,22,16,30,630,285.0,,45.832,2.844,Plein jour,Hors agglomération,Hors intersection,Pluie légère,Autre collision,,,,,,,,,,,1,1,1,2,6
200500025822,0005-05-22 01:00:00,5,5,22,1,0,630,140.0,,46.185,2.883,Nuit sans éclairage public,Hors agglomération,Hors intersection,Normale,Autre collision,,,,,,,,,,,3,1,1,1,6
200500025823,0005-05-26 08:00:00,5,5,26,8,0,630,430.0,AVENUE LEO LAGRANGE,45.846,3.513,Plein jour,En agglomération,Hors intersection,Normale,Trois véhicules et plus - en chaîne,,,,,,,,,,,1,2,1,1,4
200500025824,0005-05-05 06:00:00,5,5,5,6,0,630,125.0,,45.765,3.542,Nuit sans éclairage public,Hors agglomération,Hors intersection,Normale,Sans collision,,,,,,,,,,,3,1,1,1,7
200500025825,0005-05-17 19:30:00,5,5,17,19,30,630,131.0,RUE DE LA POSTE,45.866,3.336,Plein jour,En agglomération,Hors intersection,Normale,Deux véhicules - côté,,,,,,,,,,,1,2,1,1,3
200500025826,0005-05-28 19:00:00,5,5,28,19,0,630,271.0,,45.905,3.536,Plein jour,Hors agglomération,Hors intersection,Normale,Deux véhicules - frontale,,,,,,,,,,,1,1,1,1,1
200500025827,0005-05-29 03:15:00,5,5,29,3,15,30,286.0,PR 22+500,46.514,3.361,Nuit avec éclairage allumé,En agglomération,Hors intersection,Normale,Autre collision,,,,,,,,,,,5,2,1,1,6
200500025828,0005-05-22 11:15:00,5,5,22,11,15,30,203.0,,,,Plein jour,Hors agglomération,Hors intersection,Pluie légère,Deux véhicules - frontale,,,,,,,,,,,1,1,1,2,1
200500025829,0005-05-30 00:15:00,5,5,30,0,15,30,76.0,,,,Nuit sans éclairage public,Hors agglomération,Hors intersection,Normale,Autre collision,,,,,,,,,,,3,1,1,1,6
200500025830,0005-05-01 18:45:00,5,5,1,18,45,30,176.0,,46.37,3.29,Plein jour,Hors agglomération,Hors intersection,Normale,Trois véhicules et plus - collisions multiples,,,,,,,,,,,1,1,1,1,5
200500025831,0005-05-09 23:15:00,5,5,9,23,15,30,145.0,,46.299,2.562,Nuit sans éclairage public,Hors agglomération,Hors intersection,Normale,Sans collision,,,,,,,,,,,3,1,1,1,7
200500025832,0005-05-19 08:00:00,5,5,19,8,0,30,217.0,,,,Crépuscule ou aube,Hors agglomération,Hors intersection,Normale,Autre collision,,,,,,,,,,,2,1,1,1,6
200500025833,0005-05-11 21:30:00,5,5,11,21,30,30,313.0,,,,Nuit sans éclairage public,Hors agglomération,Hors intersection,Normale,Autre collision,,,,,,,,,,,3,1,1,1,6
200500025834,0005-05-24 18:30:00,5,5,24,18,30,30,297.0,RD11,46.541,2.612,Plein jour,En agglomération,Hors intersection,Normale,Deux véhicules - côté,,,,,,,,,,,1,2,1,1,3
200500025835,0005-05-27 18:00:00,5,5,27,18,0,30,153.0,Sur la R.D. 39,46.465,2.715,Plein jour,En agglomération,Hors intersection,Normale,Deux véhicules - côté,,,,,,,,,,,1,2,1,1,3
200500025836,0005-05-03 10:30:00,5,5,3,10,30,30,43.0,,46.212,3.281,Plein jour,Hors agglomération,Hors intersection,Normale,Deux véhicules - frontale,,,,,,,,,,,1,1,1,1,1
200500025837,0005-05-11 18:45:00,5,5,11,18,45,30,118.0,,,,Plein jour,Hors agglomération,Hors intersection,Normale,Deux véhicules - arrière,,,,,,,,,,,1,1,1,1,2
200500025838,0005-05-12 09:30:00,5,5,12,9,30,30,138.0,Rue du commerce,46.251,3.636,Plein jour,En agglomération,Hors intersection,Normale,Autre collision,,,,,,,,,,,1,2,1,1,6
200500025839,0005-05-16 19:00:00,5,5,16,19,0,30,6.0,,,,Plein jour,Hors agglomération,Hors intersection,Normale,Deux véhicules - frontale,,,,,,,,,,,1,1,1,1,1
200500025840,0005-05-17 11:30:00,5,5,17,11,30,30,250.0,,,,Plein jour,Hors agglomération,Hors intersection,Normale,Sans collision,,,,,,,,,,,1,1,1,1,7
200500025841,0005-05-09 14:30:00,5,5,9,14,30,30,298.0,,46.336,3.377,Plein jour,Hors agglomération,Hors intersection,Normale,Autre collision,,,,,,,,,,,1,1,1,1,6
200500025842,0005-05-24 17:30:00,5,5,24,17,30,30,29.0,,46.233,3.434,Plein jour,Hors agglomération,Hors intersection,Normale,Sans collision,,,,,,,,,,,1,1,1,1,7
200500025843,0005-05-30 10:30:00,5,5,30,10,30,150,221.0,,44.887,2.338,Plein jour,Hors agglomération,Hors intersection,Pluie légère,Deux véhicules - frontale,,,,,,,,,,,1,1,1,2,1
200500025844,0005-05-10 19:00:00,5,5,10,19,0,150,224.0,Le Bourg,,,Plein jour,En agglomération,Hors intersection,Normale,Deux véhicules - frontale,,,,,,,,,,,1,2,1,1,1
200500025845,0005-05-07 23:45:00,5,5,7,23,45,150,258.0,,,,Nuit sans éclairage public,Hors agglomération,Hors intersection,Normale,Autre collision,,,,,,,,,,,3,1,1,1,6
200500025846,0005-05-14 05:15:00,5,5,14,5,15,150,261.0,,45.242,2.388,Nuit sans éclairage public,Hors agglomération,Hors intersection,Pluie légère,Autre collision,,,,,,,,,,,3,1,1,2,6
200500025847,0005-05-22 18:15:00,5,5,22,18,15,150,19.0,,45.31,2.41,Plein jour,Hors agglomération,Hors intersection,Pluie légère,Deux véhicules - côté,,,,,,,,,,,1,1,1,2,3
200500025848,0005-05-04 16:15:00,5,5,4,16,15,150,187.0,,45.043,3.088,Plein jour,En agglomération,Hors intersection,Normale,Deux véhicules - côté,,,,,,,,,,,1,2,1,1,3
200500025849,0005-05-12 14:00:00,5,5,12,14,0,150,187.0,,45.025,3.057,Plein jour,Hors agglomération,Hors intersection,Normale,Deux véhicules - frontale,,,,,,,,,,,1,1,1,1,1
200500025850,0005-05-13 15:30:00,5,5,13,15,30,150,187.0,Allée Pompidou,45.038,3.088,Plein jour,En agglomération,Hors intersection,Normale,Autre collision,,,,,,,,,,,1,2,1,1,6
200500025851,0005-05-10 16:00:00,5,5,10,16,0,430,197.0,,45.07,3.717,Plein jour,Hors agglomération,Hors intersection,Normale,Deux véhicules - frontale,,,,,,,,,,,1,1,1,1,1
200500025852,0005-05-28 16:00:00,5,5,28,16,0,430,18.0,,45.025,3.788,Plein jour,Hors agglomération,Hors intersection,Normale,Sans collision,,,,,,,,,,,1,1,1,1,7
200500025853,0005-05-05 15:00:00,5,5,5,15,0,430,111.0,,44.832,3.871,Plein jour,Hors agglomération,Hors intersection,Normale,Autre collision,,,,,,,,,,,1,1,1,1,6
200500025854,0005-05-15 15:45:00,5,5,15,15,45,430,39.0,,,,Plein jour,Hors agglomération,Hors intersection,Normale,Deux véhicules - frontale,,,,,,,,,,,1,1,1,1,1
200500025855,0005-05-21 12:00:00,5,5,21,12,0,430,135.0,,44.937,4.018,Plein jour,Hors agglomération,Hors intersection,Normale,Sans collision,,,,,,,,,,,1,1,1,1,7
200500025856,0005-05-02 08:30:00,5,5,2,8,30,430,113.0,,45.012,3.996,Plein jour,Hors agglomération,Intersection en T,Normale,Deux véhicules - côté,,,,,,,,,,,1,1,3,1,3
200500025857,0005-05-15 19:00:00,5,5,15,19,0,430,113.0,,,,Plein jour,Hors agglomération,Hors intersection,Normale,Autre collision,,,,,,,,,,,1,1,1,1,6
200500025858,0005-05-14 14:15:00,5,5,14,14,15,430,239.0,,45.082,3.671,Plein jour,Hors agglomération,Hors intersection,Normale,Sans collision,,,,,,,,,,,1,1,1,1,7
200500025859,0005-05-29 18:15:00,5,5,29,18,15,430,72.0,,45.234,3.476,Plein jour,Hors agglomération,Intersection en T,Normale,Deux véhicules - frontale,,,,,,,,,,,1,1,3,1,1
200500025860,0005-05-05 12:15:00,5,5,5,12,15,430,123.0,Le Bourg,45.34,3.267,Plein jour,En agglomération,Intersection en T,Temps couvert,Deux véhicules - côté,,,,,,,,,,,1,2,3,8,3
200500025861,0005-05-11 13:15:00,5,5,11,13,15,430,25.0,,45.23,4.055,Plein jour,Hors agglomération,Hors intersection,Normale,Sans collision,,,,,,,,,,,1,1,1,1,7
200500025862,0005-05-30 07:00:00,5,5,30,7,0,430,268.0,,,,Plein jour,Hors agglomération,Hors intersection,Pluie légère,Autre collision,,,,,,,,,,,1,1,1,2,6
200500025863,0005-05-01 13:45:00,5,5,1,13,45,430,20.0,,45.339,4.144,Plein jour,Hors agglomération,Hors intersection,Normale,Sans collision,,,,,,,,,,,1,1,1,1,7
200500025864,0005-05-24 13:15:00,5,5,24,13,15,430,224.0,,45.257,4.229,Plein jour,Hors agglomération,Hors intersection,Normale,Deux véhicules - frontale,,,,,,,,,,,1,1,1,1,1
200500025865,0005-05-23 12:15:00,5,5,23,12,15,430,130.0,,45.03,4.24,Plein jour,Hors agglomération,Hors intersection,Normale,Deux véhicules - frontale,,,,,,,,,,,1,1,1,1,1
200500025866,0005-05-28 09:45:00,5,5,28,9,45,430,87.0,,45.232,4.34,Plein jour,Hors agglomération,Hors intersection,Normale,Deux véhicules - côté,,,,,,,,,,,1,1,1,1,3
200500025867,0005-05-08 02:45:00,5,5,8,2,45,570,415.0,,,,Nuit sans éclairage public,Hors agglomération,Hors intersection,Pluie légère,Sans collision,,,,,,,,,,,3,1,1,2,7
200500025868,0005-05-24 20:45:00,5,5,24,20,45,570,634.0,,,,Nuit sans éclairage public,Hors agglomération,Hors intersection,Normale,Sans collision,,,,,,,,,,,3,1,1,1,7
200500025869,0005-05-14 19:00:00,5,5,14,19,0,570,601.0,Rue Jean Burger,,,Plein jour,En agglomération,Hors intersection,Normale,Deux véhicules - côté,,,,,,,,,,,1,2,1,1,3
200500025870,0005-05-05 19:45:00,5,5,5,19,45,570,663.0,277 rue de Metz,,,Plein jour,En agglomération,Hors intersection,Autre,Deux véhicules - côté,,,,,,,,,,,1,2,1,9,3
200500025871,0005-05-06 05:30:00,5,5,6,5,30,570,454.0,,,,Nuit sans éclairage public,Hors agglomération,Hors intersection,Normale,Deux véhicules - frontale,,,,,,,,,,,3,1,1,1,1
200500025872,0005-05-16 19:15:00,5,5,16,19,15,570,482.0,,49.119,6.289,Plein jour,Hors agglomération,Intersection en X,Normale,Trois véhicules et plus - collisions multiples,,,,,,,,,,,1,1,2,1,5
200500025873,0005-05-30 07:30:00,5,5,30,7,30,570,296.0,Rue de la gare,49.23,6.603,Plein jour,En agglomération,Hors intersection,Temps couvert,Deux véhicules - frontale,,,,,,,,,,,1,2,1,8,1
200500025874,0005-05-04 17:30:00,5,5,4,17,30,570,413.0,,49.12,6.614,Plein jour,Hors agglomération,Hors intersection,Normale,Sans collision,,,,,,,,,,,1,1,1,1,7
200500025875,0005-05-07 09:00:00,5,5,7,9,0,570,209.0,"route de Nancy, CD20",49.042,6.601,Plein jour,En agglomération,Hors intersection,Temps couvert,Autre collision,,,,,,,,,,,1,2,1,8,6
200500025876,0005-05-29 19:30:00,5,5,29,19,30,570,381.0,,48.876,6.448,Plein jour,Hors agglomération,Hors intersection,Normale,Sans collision,,,,,,,,,,,1,1,1,1,7
200500025877,0005-05-16 16:15:00,5,5,16,16,15,570,58.0,rue d'Etzling,49.162,6.964,Plein jour,En agglomération,Hors intersection,Normale,Autre collision,,,,,,,,,,,1,2,1,1,6
200500025878,0005-05-22 17:30:00,5,5,22,17,30,570,61.0,rue de la gare,49.143,6.841,Plein jour,En agglomération,Hors intersection,Pluie légère,Deux véhicules - frontale,,,,,,,,,,,1,2,1,2,1
200500025879,0005-05-28 19:00:00,5,5,28,19,0,570,122.0,,49.069,6.848,Plein jour,Hors agglomération,Hors intersection,Normale,Autre collision,,,,,,,,,,,1,1,1,1,6
200500025880,0005-05-03 08:00:00,5,5,3,8,0,570,550.0,rue de carling,,,Plein jour,En agglomération,Hors intersection,Temps couvert,Deux véhicules - arrière,,,,,,,,,,,1,2,1,8,2
200500025881,0005-05-04 17:00:00,5,5,4,17,0,570,14.0,72 rue Principale,49.034,6.822,Plein jour,En agglomération,Hors intersection,Normale,Deux véhicules - côté,,,,,,,,,,,1,2,1,1,3
200500025882,0005-05-22 17:30:00,5,5,22,17,30,570,325.0,3 rue principale,49.018,6.918,Plein jour,En agglomération,Hors intersection,Normale,Trois véhicules et plus - collisions multiples,,,,,,,,,,,1,2,1,1,5
200500025883,0005-05-27 20:45:00,5,5,27,20,45,570,330.0,,,,Crépuscule ou aube,Hors agglomération,Hors intersection,Normale,Autre collision,,,,,,,,,,,2,1,1,1,6
200500025884,0005-05-04 19:30:00,5,5,4,19,30,570,564.0,grand rue,48.669,6.838,Crépuscule ou aube,En agglomération,Hors intersection,Pluie légère,Autre collision,,,,,,,,,,,2,2,1,2,6
200500025885,0005-05-29 10:30:00,5,5,29,10,30,570,461.0,,,,Plein jour,Hors agglomération,Hors intersection,Normale,Deux véhicules - côté,,,,,,,,,,,1,1,1,1,3
200500025886,0005-05-17 20:30:00,5,5,17,20,30,570,210.0,31 Rue Maréchal Leclerc,,,Crépuscule ou aube,En agglomération,Hors intersection,Normale,Autre collision,,,,,,,,,,,2,2,1,1,6
200500025887,0005-05-14 13:45:00,5,5,14,13,45,570,750.0,,49.099,7.188,Plein jour,Hors agglomération,Hors intersection,Pluie forte,Trois véhicules et plus - collisions multiples,,,,,,,,,,,1,1,1,3,5
200500025888,0005-05-18 17:15:00,5,5,18,17,15,570,651.0,,49.058,7.338,Plein jour,Hors agglomération,Hors intersection,Normale,Deux véhicules - frontale,,,,,,,,,,,1,1,1,1,1
200500025889,0005-05-17 12:30:00,5,5,17,12,30,570,619.0,,48.989,7.368,Plein jour,Hors agglomération,Hors intersection,Normale,Sans collision,,,,,,,,,,,1,1,1,1,7
200500025890,0005-05-09 19:00:00,5,5,9,19,0,570,724.0,rue du Dr Pierre MAURIN,,,Plein jour,En agglomération,Hors intersection,Normale,Autre collision,,,,,,,,,,,1,2,1,1,6
200500025891,0005-05-19 14:00:00,5,5,19,14,0,570,206.0,,,,Plein jour,Hors agglomération,Hors intersection,Normale,Deux véhicules - côté,,,,,,,,,,,1,1,1,1,3
200500025892,0005-05-30 18:15:00,5,5,30,18,15,570,102.0,,,,Plein jour,Hors agglomération,Hors intersection,Normale,Trois véhicules et plus - collisions multiples,,,,,,,,,,,1,1,1,1,5
200500025893,0005-05-18 22:00:00,5,5,18,22,0,570,474.0,RUE D AMNEVILLE,49.268,6.157,Plein jour,En agglomération,Hors intersection,Normale,Deux véhicules - frontale,,,,,,,,,,,1,2,1,1,1
200500025894,0005-05-04 16:00:00,5,5,4,16,0,540,374.0,,,,Plein jour,Hors agglomération,Hors intersection,Normale,Deux véhicules - arrière,,,,,,,,,,,1,1,1,1,2
200500025895,0005-05-13 16:30:00,5,5,13,16,30,540,320.0,,,,Plein jour,Hors agglomération,Hors intersection,Normale,Deux véhicules - côté,,,,,,,,,,,1,1,1,1,3
200500025896,0005-05-22 06:45:00,5,5,22,6,45,540,72.0,,,,Plein jour,Hors agglomération,Hors intersection,Normale,Autre collision,,,,,,,,,,,1,1,1,1,6
200500025897,0005-05-30 17:15:00,5,5,30,17,15,540,91.0,,,,Plein jour,Hors agglomération,Hors intersection,Normale,Deux véhicules - côté,,,,,,,,,,,1,1,1,1,3
200500025898,0005-05-21 18:15:00,5,5,21,18,15,540,338.0,26 rue de NANCY,,,Plein jour,En agglomération,Hors intersection,Temps couvert,Autre collision,,,,,,,,,,,1,2,1,8,6
200500025899,0005-05-28 06:30:00,5,5,28,6,30,540,215.0,PLace Nationale,,,Plein jour,En agglomération,Hors intersection,Temps éblouissant,Autre collision,,,,,,,,,,,1,2,1,7,6