accident_id,datetime,annee,mois,jour,heure,minute,departement,commune_insee,adresse,latitude,longitude,luminosite,agglomeration,intersection,meteo,collision,nb_vehicules,nb_usagers,nb_indemnes,nb_tues,nb_blesses_hosp,nb_blesses_legers,age_cond_1,age_cond_2,veh_type_cond_1,veh_type_cond_2,lum_code,agg_code,int_code,atm_code,col_code
200500026037,0005-05-01 07:00:00,5,5,1,7,0,510,250.0,rue Jeanne DEZOTHEZ,49.317,3.675,Plein jour,En agglomération,Hors intersection,Normale,Autre collision,,,,,,,,,,,1,2,1,1,6
200500026038,0005-05-11 19:30:00,5,5,11,19,30,510,569.0,,49.262,3.96,Plein jour,Hors agglomération,Giratoire,Normale,Autre collision,,,,,,,,,,,1,1,6,1,6
200500026039,0005-05-29 10:15:00,5,5,29,10,15,510,391.0,,49.272,3.92,Plein jour,Hors agglomération,Hors intersection,Normale,Deux véhicules - frontale,,,,,,,,,,,1,1,1,1,1
200500026040,0005-05-31 08:15:00,5,5,31,8,15,510,365.0,Chemin des Lorraines,49.226,3.973,Plein jour,En agglomération,Hors intersection,Normale,Deux véhicules - frontale,,,,,,,,,,,1,2,1,1,1
200500026041,0005-05-06 21:00:00,5,5,6,21,0,510,347.0,,49.054,4.037,Crépuscule ou aube,Hors agglomération,Hors intersection,Normale,Deux véhicules - frontale,,,,,,,,,,,2,1,1,1,1
200500026042,0005-05-15 13:00:00,5,5,15,13,0,510,531.0,RUE DE VITRY,,,Plein jour,En agglomération,Hors intersection,Normale,Deux véhicules - côté,,,,,,,,,,,1,2,1,1,3
200500026043,0005-05-28 16:30:00,5,5,28,16,30,510,423.0,,48.78,4.879,Plein jour,Hors agglomération,Hors intersection,Normale,Deux véhicules - arrière,,,,,,,,,,,1,1,1,1,2
200500026044,0005-05-30 16:00:00,5,5,30,16,0,510,53.0,,49.171,4.794,Plein jour,Hors agglomération,Hors intersection,Normale,Deux véhicules - frontale,,,,,,,,,,,1,1,1,1,1
200500026045,0005-05-15 14:15:00,5,5,15,14,15,80,448.0,,,,Plein jour,Hors agglomération,Hors intersection,Normale,Deux véhicules - frontale,,,,,,,,,,,1,1,1,1,1
200500026046,0005-05-27 17:15:00,5,5,27,17,15,80,81.0,rue J-B CLEMENT,49.854,4.767,Plein jour,En agglomération,Hors intersection,Normale,Autre collision,,,,,,,,,,,1,2,1,1,6
200500026047,0005-05-18 09:00:00,5,5,18,9,0,80,363.0,rue gambetta,49.944,4.637,Plein jour,En agglomération,Hors intersection,Normale,Autre collision,,,,,,,,,,,1,2,1,1,6
200500026048,0005-05-28 17:45:00,5,5,28,17,45,80,182.0,,,,Plein jour,Hors agglomération,Intersection en X,Normale,Deux véhicules - côté,,,,,,,,,,,1,1,2,1,3
200500026049,0005-05-22 18:30:00,5,5,22,18,30,80,136.0,AVENUE DE LA GARE,,,Plein jour,En agglomération,Hors intersection,Normale,Autre collision,,,,,,,,,,,1,2,1,1,6
200500026050,0005-05-29 10:30:00,5,5,29,10,30,80,90.0,CARREFOUR R.N 43/R.D 17,,,Plein jour,En agglomération,Hors intersection,Normale,Deux véhicules - côté,,,,,,,,,,,1,2,1,1,3
200500026051,0005-05-05 20:30:00,5,5,5,20,30,80,300.0,,49.568,4.868,Plein jour,Hors agglomération,Hors intersection,Normale,Sans collision,,,,,,,,,,,1,1,1,1,7
200500026052,0005-05-02 17:30:00,5,5,2,17,30,80,404.0,RUE DES TISSERANDS,49.431,4.163,Plein jour,En agglomération,Hors intersection,Normale,Autre collision,,,,,,,,,,,1,2,1,1,6
200500026053,0005-05-01 18:45:00,5,5,1,18,45,80,449.0,,49.721,4.494,Plein jour,Hors agglomération,Hors intersection,Normale,Sans collision,,,,,,,,,,,1,1,1,1,7
200500026054,0005-05-21 23:15:00,5,5,21,23,15,80,419.0,,49.69,4.39,Nuit sans éclairage public,Hors agglomération,Hors intersection,Normale,Sans collision,,,,,,,,,,,3,1,1,1,7
200500026055,0005-05-26 22:30:00,5,5,26,22,30,100,314.0,ROMAINES,,,Crépuscule ou aube,En agglomération,Hors intersection,Normale,Autre collision,,,,,,,,,,,2,2,1,1,6
200500026056,0005-05-28 22:45:00,5,5,28,22,45,100,361.0,,,,Nuit sans éclairage public,Hors agglomération,Hors intersection,Normale,Deux véhicules - frontale,,,,,,,,,,,3,1,1,1,1
200500026057,0005-05-20 13:15:00,5,5,20,13,15,100,74.0,Rue du Bourget,,,Plein jour,En agglomération,Hors intersection,Temps éblouissant,Autre collision,,,,,,,,,,,1,2,1,7,6
200500026058,0005-05-23 12:15:00,5,5,23,12,15,100,80.0,,48.05,4.13,Plein jour,En agglomération,Intersection en X,Normale,Deux véhicules - côté,,,,,,,,,,,1,2,2,1,3
200500026059,0005-05-29 15:00:00,5,5,29,15,0,100,373.0,,,,Plein jour,Hors agglomération,Hors intersection,Normale,Trois véhicules et plus - collisions multiples,,,,,,,,,,,1,1,1,1,5
200500026060,0005-05-12 17:15:00,5,5,12,17,15,100,287.0,,48.342,4.354,Plein jour,Hors agglomération,Autre intersection,Normale,Sans collision,,,,,,,,,,,1,1,9,1,7
200500026061,0005-05-17 16:00:00,5,5,17,16,0,100,239.0,,48.34,4.19,Plein jour,Hors agglomération,Hors intersection,Normale,Deux véhicules - côté,,,,,,,,,,,1,1,1,1,3
200500026062,0005-05-08 19:15:00,5,5,8,19,15,100,187.0,GRANDE RUE,48.076,4.472,Plein jour,En agglomération,Hors intersection,Normale,Sans collision,,,,,,,,,,,1,2,1,1,7
200500026063,0005-05-26 08:30:00,5,5,26,8,30,100,41.0,,,,Plein jour,Hors agglomération,Intersection en X,Normale,Deux véhicules - côté,,,,,,,,,,,1,1,2,1,3
200500026064,0005-05-27 17:00:00,5,5,27,17,0,100,141.0,19 RUE GAMBETTA,,,Plein jour,En agglomération,Hors intersection,Normale,Deux véhicules - arrière,,,,,,,,,,,1,2,1,1,2
200500026065,0005-05-11 13:15:00,5,5,11,13,15,100,268.0,1 rue casimir perrier,,,Plein jour,En agglomération,Hors intersection,Normale,Deux véhicules - frontale,,,,,,,,,,,1,2,1,1,1
200500026066,0005-05-30 14:30:00,5,5,30,14,30,100,268.0,,,,Plein jour,Hors agglomération,Hors intersection,Normale,Autre collision,,,,,,,,,,,1,1,1,1,6
200500026067,0005-05-19 03:30:00,5,5,19,3,30,100,323.0,,48.512,3.691,Nuit sans éclairage public,Hors agglomération,Hors intersection,Normale,Sans collision,,,,,,,,,,,3,1,1,1,7
200500026068,0005-05-19 18:00:00,5,5,19,18,0,100,323.0,rue du stade,48.491,3.674,Plein jour,En agglomération,Hors intersection,Normale,Deux véhicules - côté,,,,,,,,,,,1,2,1,1,3
200500026069,0005-05-16 10:30:00,5,5,16,10,30,520,274.0,,,,Plein jour,Hors agglomération,Hors intersection,Normale,Sans collision,,,,,,,,,,,1,1,1,1,7
200500026070,0005-05-23 13:30:00,5,5,23,13,30,520,258.0,rue charles de gaulle,48.098,4.786,Plein jour,En agglomération,Hors intersection,Normale,Sans collision,,,,,,,,,,,1,2,1,1,7
200500026071,0005-05-26 08:45:00,5,5,26,8,45,520,274.0,,47.977,4.888,Plein jour,Hors agglomération,Hors intersection,Normale,Sans collision,,,,,,,,,,,1,1,1,1,7
200500026072,0005-05-29 13:45:00,5,5,29,13,45,520,76.0,rue charles de gaulle,48.083,4.983,Plein jour,En agglomération,Intersection en X,Normale,Deux véhicules - côté,,,,,,,,,,,1,2,2,1,3
200500026073,0005-05-11 15:30:00,5,5,11,15,30,520,64.0,,,,Plein jour,Hors agglomération,Hors intersection,Normale,Sans collision,,,,,,,,,,,1,1,1,1,7
200500026074,0005-05-16 16:30:00,5,5,16,16,30,520,8.0,51 RUE DIVISION LECLERC,48.248,5.302,Plein jour,En agglomération,Hors intersection,Normale,Autre collision,,,,,,,,,,,1,2,1,1,6
200500026075,0005-05-16 17:30:00,5,5,16,17,30,520,369.0,,48.309,5.395,Plein jour,Hors agglomération,Hors intersection,Pluie forte,Autre collision,,,,,,,,,,,1,1,1,3,6
200500026076,0005-05-27 21:45:00,5,5,27,21,45,520,401.0,Chemin la Croix des vign,48.048,5.255,Plein jour,En agglomération,Hors intersection,Normale,Sans collision,,,,,,,,,,,1,2,1,1,7
200500026077,0005-05-15 18:00:00,5,5,15,18,0,520,524.0,39 Rue Général LECLERC,48.28,5.1,Plein jour,En agglomération,Hors intersection,Normale,Autre collision,,,,,,,,,,,1,2,1,1,6
200500026078,0005-05-04 07:45:00,5,5,4,7,45,520,355.0,,47.834,5.289,Plein jour,Hors agglomération,Hors intersection,Pluie légère,Deux véhicules - frontale,,,,,,,,,,,1,1,1,2,1
200500026079,0005-05-29 18:45:00,5,5,29,18,45,520,269.0,227 fbg des franchises,,,Plein jour,En agglomération,Hors intersection,Temps éblouissant,Deux véhicules - côté,,,,,,,,,,,1,2,1,7,3
200500026080,0005-05-14 19:00:00,5,5,14,19,0,520,318.0,,,,Plein jour,Hors agglomération,Hors intersection,Normale,Sans collision,,,,,,,,,,,1,1,1,1,7
200500026081,0005-05-01 15:30:00,5,5,1,15,30,520,544.0,,47.859,5.742,Plein jour,En agglomération,Hors intersection,Normale,Sans collision,,,,,,,,,,,1,2,1,1,7
200500026082,0005-05-22 15:30:00,5,5,22,15,30,520,93.0,22 Rue Marie GASCARD,47.803,5.429,Plein jour,En agglomération,Hors intersection,Pluie forte,Deux véhicules - frontale,,,,,,,,,,,1,2,1,3,1
200500026083,0005-05-30 07:00:00,5,5,30,7,0,520,303.0,,47.834,5.631,Plein jour,Hors agglomération,Intersection en X,Normale,Deux véhicules - côté,,,,,,,,,,,1,1,2,1,3
200500026084,0005-05-01 06:30:00,5,5,1,6,30,520,170.0,,,,Plein jour,Hors agglomération,Hors intersection,Normale,Autre collision,,,,,,,,,,,1,1,1,1,6
200500026085,0005-05-18 05:45:00,5,5,18,5,45,520,331.0,,,,Plein jour,Hors agglomération,Hors intersection,Normale,Sans collision,,,,,,,,,,,1,1,1,1,7
200500026086,0005-05-04 18:15:00,5,5,4,18,15,450,94.0,,,,Plein jour,Hors agglomération,Hors intersection,Pluie forte,Sans collision,,,,,,,,,,,1,1,1,3,7
200500026087,0005-05-11 08:45:00,5,5,11,8,45,210,633.0,,,,Plein jour,Hors agglomération,Hors intersection,Normale,Sans collision,,,,,,,,,,,1,1,1,1,7
200500026088,0005-05-29 10:30:00,5,5,29,10,30,210,501.0,,,,Plein jour,Hors agglomération,Hors intersection,Normale,Deux véhicules - côté,,,,,,,,,,,1,1,1,1,3
200500026089,0005-05-01 15:00:00,5,5,1,15,0,210,521.0,RUE DE BRESSEY,,,Plein jour,En agglomération,Hors intersection,Normale,Deux véhicules - côté,,,,,,,,,,,1,2,1,1,3
200500026090,0005-05-20 08:00:00,5,5,20,8,0,210,21.0,,47.349,5.215,Plein jour,Hors agglomération,Hors intersection,Normale,Deux véhicules - arrière,,,,,,,,,,,1,1,1,1,2
200500026091,0005-05-25 19:15:00,5,5,25,19,15,210,107.0,RUE D'AVAU,,,Plein jour,En agglomération,Hors intersection,Normale,Autre collision,,,,,,,,,,,1,2,1,1,6
200500026092,0005-05-20 19:30:00,5,5,20,19,30,210,292.0,rue BRIAND / rue  JAURES,47.245,5.219,Plein jour,En agglomération,Intersection en X,Normale,Deux véhicules - frontale,,,,,,,,,,,1,2,2,1,1
200500026093,0005-05-24 10:15:00,5,5,24,10,15,210,482.0,,,,Plein jour,Hors agglomération,Hors intersection,Normale,Deux véhicules - frontale,,,,,,,,,,,1,1,1,1,1
200500026094,0005-05-28 14:00:00,5,5,28,14,0,210,482.0,,,,Plein jour,Hors agglomération,Hors intersection,Normale,Deux véhicules - côté,,,,,,,,,,,1,1,1,1,3
200500026095,0005-05-07 22:15:00,5,5,7,22,15,210,127.0,,47.481,5.099,Nuit sans éclairage public,Hors agglomération,Hors intersection,Normale,Autre collision,,,,,,,,,,,3,1,1,1,6
200500026096,0005-05-22 13:45:00,5,5,22,13,45,210,439.0,,47.277,4.665,Plein jour,Hors agglomération,Hors intersection,Pluie légère,Sans collision,,,,,,,,,,,1,1,1,2,7
200500026097,0005-05-12 10:30:00,5,5,12,10,30,210,527.0,RD973 - route de BEAUNE,46.964,4.689,Plein jour,En agglomération,Hors intersection,Normale,Deux véhicules - côté,,,,,,,,,,,1,2,1,1,3
200500026098,0005-05-15 19:30:00,5,5,15,19,30,210,441.0,,47.292,4.391,Plein jour,Hors agglomération,Hors intersection,Normale,Sans collision,,,,,,,,,,,1,1,1,1,7
200500026099,0005-05-22 06:00:00,5,5,22,6,0,210,464.0,,47.137,4.948,Crépuscule ou aube,Hors agglomération,Hors intersection,Normale,Autre collision,,,,,,,,,,,2,1,1,1,6
200500026100,0005-05-08 10:30:00,5,5,8,10,30,210,545.0,,47.868,4.556,Plein jour,Hors agglomération,Giratoire,Normale,Autre collision,,,,,,,,,,,1,1,6,1,6
200500026101,0005-05-24 07:15:00,5,5,24,7,15,210,154.0,,47.861,4.597,Crépuscule ou aube,Hors agglomération,Intersection en Y,Temps éblouissant,Deux véhicules - côté,,,,,,,,,,,2,1,4,7,3
200500026102,0005-05-27 15:00:00,5,5,27,15,0,210,154.0,15 route de TROYES,47.875,4.571,Plein jour,En agglomération,Autre intersection,Temps éblouissant,Sans collision,,,,,,,,,,,1,2,9,7,7
200500026103,0005-05-12 23:15:00,5,5,12,23,15,210,425.0,39 ROUTE DE DIJON,47.63,4.349,Nuit sans éclairage public,En agglomération,Hors intersection,Pluie légère,Autre collision,,,,,,,,,,,3,2,1,2,6
200500026104,0005-05-31 18:00:00,5,5,31,18,0,210,212.0,D 4E,47.626,4.324,Plein jour,En agglomération,Hors intersection,Normale,Deux véhicules - frontale,,,,,,,,,,,1,2,1,1,1
200500026105,0005-05-04 08:00:00,5,5,4,8,0,210,710.0,,47.386,4.56,Plein jour,Hors agglomération,Hors intersection,Temps couvert,Sans collision,,,,,,,,,,,1,1,1,8,7
200500026106,0005-05-20 12:30:00,5,5,20,12,30,210,108.0,CD10H,,,Plein jour,En agglomération,Hors intersection,Normale,Deux véhicules - frontale,,,,,,,,,,,1,2,1,1,1
200500026107,0005-05-06 18:00:00,5,5,6,18,0,580,115.0,,,,Plein jour,Hors agglomération,Autre intersection,Normale,Deux véhicules - côté,,,,,,,,,,,1,1,9,1,3
200500026108,0005-05-30 14:15:00,5,5,30,14,15,580,95.0,,,,Plein jour,Hors agglomération,Hors intersection,Normale,Autre collision,,,,,,,,,,,1,1,1,1,6
200500026109,0005-05-02 16:15:00,5,5,2,16,15,580,160.0,,46.998,3.091,Plein jour,Hors agglomération,Hors intersection,Normale,Autre collision,,,,,,,,,,,1,1,1,1,6
200500026110,0005-05-14 12:00:00,5,5,14,12,0,580,273.0,,47.002,3.278,Plein jour,Hors agglomération,Hors intersection,Pluie légère,Autre collision,,,,,,,,,,,1,1,1,2,6
200500026111,0005-05-05 18:30:00,5,5,5,18,30,580,152.0,,46.907,3.203,Plein jour,Hors agglomération,Hors intersection,Normale,Autre collision,,,,,,,,,,,1,1,1,1,6
200500026112,0005-05-07 19:45:00,5,5,7,19,45,580,65.0,FRASNAY CD 978,47.062,3.677,Plein jour,En agglomération,Hors intersection,Normale,Deux véhicules - frontale,,,,,,,,,,,1,2,1,1,1
200500026113,0005-05-25 18:30:00,5,5,25,18,30,580,223.0,,47.021,3.514,Plein jour,Hors agglomération,Hors intersection,Normale,Autre collision,,,,,,,,,,,1,1,1,1,6
200500026114,0005-05-27 21:30:00,5,5,27,21,30,580,26.0,Le Bourg,47.26,3.527,Crépuscule ou aube,En agglomération,Autre intersection,Normale,Deux véhicules - frontale,,,,,,,,,,,2,2,9,1,1
200500026115,0005-05-11 09:45:00,5,5,11,9,45,580,222.0,,47.43,3.473,Plein jour,Hors agglomération,Hors intersection,Normale,Autre collision,,,,,,,,,,,1,1,1,1,6
200500026116,0005-05-06 09:15:00,5,5,6,9,15,580,86.0,,,,Plein jour,Hors agglomération,Intersection en X,Normale,Trois véhicules et plus - collisions multiples,,,,,,,,,,,1,1,2,1,5
200500026117,0005-05-19 11:45:00,5,5,19,11,45,710,371.0,,46.336,4.732,Plein jour,Hors agglomération,Hors intersection,Normale,Trois véhicules et plus - collisions multiples,,,,,,,,,,,1,1,1,1,5
200500026118,0005-05-20 08:15:00,5,5,20,8,15,710,513.0,,46.402,4.875,Plein jour,Hors agglomération,Hors intersection,Normale,Deux véhicules - côté,,,,,,,,,,,1,1,1,1,3
200500026119,0005-05-21 10:45:00,5,5,21,10,45,710,150.0,RN6-CD31,46.248,4.787,Plein jour,En agglomération,Hors intersection,Normale,Autre collision,,,,,,,,,,,1,2,1,1,6
200500026120,0005-05-21 06:45:00,5,5,21,6,45,710,287.0,,,,Plein jour,Hors agglomération,Hors intersection,Pluie légère,Sans collision,,,,,,,,,,,1,1,1,2,7
200500026121,0005-05-17 08:00:00,5,5,17,8,0,710,543.0,avenue pasteur,46.569,4.908,Plein jour,En agglomération,Hors intersection,Normale,Deux véhicules - arrière,,,,,,,,,,,1,2,1,1,2
200500026122,0005-05-30 11:30:00,5,5,30,11,30,710,543.0,,,,Plein jour,Hors agglomération,Hors intersection,Pluie forte,Deux véhicules - côté,,,,,,,,,,,1,1,1,3,3
200500026123,0005-05-26 11:45:00,5,5,26,11,45,710,266.0,,,,Plein jour,Hors agglomération,Hors intersection,Normale,Sans collision,,,,,,,,,,,1,1,1,1,7
200500026124,0005-05-14 12:00:00,5,5,14,12,0,710,376.0,,47.025,4.143,Plein jour,Hors agglomération,Hors intersection,Pluie légère,Deux véhicules - frontale,,,,,,,,,,,1,1,1,2,1
200500026125,0005-05-08 17:45:00,5,5,8,17,45,710,391.0,,,,Plein jour,Hors agglomération,Hors intersection,Normale,Autre collision,,,,,,,,,,,1,1,1,1,6
200500026126,0005-05-21 15:15:00,5,5,21,15,15,710,404.0,,,,Plein jour,Hors agglomération,Hors intersection,Normale,Trois véhicules et plus - collisions multiples,,,,,,,,,,,1,1,1,1,5
200500026127,0005-05-26 14:30:00,5,5,26,14,30,710,277.0,,,,Plein jour,Hors agglomération,Hors intersection,Normale,Sans collision,,,,,,,,,,,1,1,1,1,7
200500026128,0005-05-27 11:15:00,5,5,27,11,15,710,221.0,RUE COTE CHALONNAISE,,,Plein jour,En agglomération,Hors intersection,Normale,Deux véhicules - côté,,,,,,,,,,,1,2,1,1,3
200500026129,0005-05-27 08:30:00,5,5,27,8,30,710,336.0,ROUTE DE LOUHANS,,,Plein jour,En agglomération,Hors intersection,Normale,Deux véhicules - côté,,,,,,,,,,,1,2,1,1,3
200500026130,0005-05-15 21:45:00,5,5,15,21,45,710,512.0,,46.65,4.872,Nuit avec éclairage allumé,En agglomération,Intersection en Y,Pluie légère,Deux véhicules - côté,,,,,,,,,,,5,2,4,2,3
200500026131,0005-05-15 08:30:00,5,5,15,8,30,710,215.0,,46.847,4.941,Plein jour,Hors agglomération,Hors intersection,Normale,Sans collision,,,,,,,,,,,1,1,1,1,7
200500026132,0005-05-13 21:15:00,5,5,13,21,15,710,82.0,,,,Nuit sans éclairage public,Hors agglomération,Hors intersection,Normale,Autre collision,,,,,,,,,,,3,1,1,1,6
200500026133,0005-05-11 18:30:00,5,5,11,18,30,710,428.0,,46.198,4.307,Plein jour,Hors agglomération,Hors intersection,Normale,Autre collision,,,,,,,,,,,1,1,1,1,6
200500026134,0005-05-13 15:15:00,5,5,13,15,15,710,120.0,RUE PIERRE DE COUBERTIN,,,Plein jour,En agglomération,Hors intersection,Normale,Deux véhicules - côté,,,,,,,,,,,1,2,1,1,3
200500026135,0005-05-22 19:45:00,5,5,22,19,45,710,176.0,,46.49,4.064,Plein jour,Hors agglomération,Hors intersection,Pluie forte,Autre collision,,,,,,,,,,,1,1,1,3,6
200500026136,0005-05-24 10:00:00,5,5,24,10,0,710,176.0,Route de Gueugnon DIGOIN,46.503,4.014,Plein jour,En agglomération,Hors intersection,Normale,Sans collision,,,,,,,,,,,1,2,1,1,7
200500026137,0005-05-15 17:45:00,5,5,15,17,45,710,500.0,,46.314,4.085,Plein jour,Hors agglomération,Hors intersection,Normale,Deux véhicules - frontale,,,,,,,,,,,1,1,1,1,1
200500026138,0005-05-26 21:15:00,5,5,26,21,15,710,238.0,,46.232,4.056,Crépuscule ou aube,Hors agglomération,Intersection en X,Normale,Deux véhicules - côté,,,,,,,,,,,2,1,2,1,3
200500026139,0005-05-30 11:30:00,5,5,30,11,30,710,123.0,,,,Plein jour,Hors agglomération,Hors intersection,Pluie légère,Deux véhicules - frontale,,,,,,,,,,,1,1,1,2,1
200500026140,0005-05-07 07:00:00,5,5,7,7,0,710,590.0,,,,Plein jour,Hors agglomération,Hors intersection,Normale,Deux véhicules - côté,,,,,,,,,,,1,1,1,1,3
200500026141,0005-05-18 06:15:00,5,5,18,6,15,710,282.0,,,,Plein jour,Hors agglomération,Hors intersection,Normale,Deux véhicules - frontale,,,,,,,,,,,1,1,1,1,1
200500026142,0005-05-30 06:30:00,5,5,30,6,30,710,75.0,,,,Crépuscule ou aube,Hors agglomération,Hors intersection,Normale,Sans collision,,,,,,,,,,,2,1,1,1,7
200500026143,0005-05-01 21:30:00,5,5,1,21,30,710,334.0,,,,Nuit sans éclairage public,Hors agglomération,Hors intersection,Normale,Deux véhicules - frontale,,,,,,,,,,,3,1,1,1,1
200500026144,0005-05-08 14:00:00,5,5,8,14,0,710,212.0,,,,Plein jour,Hors agglomération,Hors intersection,Normale,Deux véhicules - frontale,,,,,,,,,,,1,1,1,1,1
200500026145,0005-05-08 14:00:00,5,5,8,14,0,710,212.0,,,,Plein jour,Hors agglomération,Hors intersection,Normale,Deux véhicules - frontale,,,,,,,,,,,1,1,1,1,1
200500026146,0005-05-20 16:45:00,5,5,20,16,45,710,64.0,,46.596,5.247,Plein jour,Hors agglomération,Hors intersection,Normale,Deux véhicules - côté,,,,,,,,,,,1,1,1,1,3
200500026147,0005-05-02 21:15:00,5,5,2,21,15,710,1.0,,,,Nuit sans éclairage public,Hors agglomération,Hors intersection,Normale,Autre collision,,,,,,,,,,,3,1,1,1,6
200500026148,0005-05-07 09:00:00,5,5,7,9,0,710,1.0,,46.563,4.983,Plein jour,Hors agglomération,Hors intersection,Normale,Autre collision,,,,,,,,,,,1,1,1,1,6
200500026149,0005-05-24 11:30:00,5,5,24,11,30,710,522.0,ROUTE DE TREZOIRE,,,Plein jour,En agglomération,Hors intersection,Normale,Deux véhicules - côté,,,,,,,,,,,1,2,1,1,3
200500026150,0005-05-31 14:45:00,5,5,31,14,45,710,61.0,,46.568,5.028,Plein jour,Hors agglomération,Hors intersection,Normale,Deux véhicules - côté,,,,,,,,,,,1,1,1,1,3
200500026151,0005-05-01 16:30:00,5,5,1,16,30,710,560.0,,,,Plein jour,Hors agglomération,Hors intersection,Normale,Sans collision,,,,,,,,,,,1,1,1,1,7
200500026152,0005-05-31 09:45:00,5,5,31,9,45,890,337.0,,,,Plein jour,Hors agglomération,Intersection en X,Normale,Deux véhicules - côté,,,,,,,,,,,1,1,2,1,3
200500026153,0005-05-05 00:01:00,5,5,5,0,1,890,437.0,Route de Rouvray,,,Nuit sans éclairage public,En agglomération,Hors intersection,Normale,Sans collision,,,,,,,,,,,3,2,1,1,7
200500026154,0005-05-22 20:45:00,5,5,22,20,45,890,68.0,boulevard des ferrières,,,Plein jour,En agglomération,Hors intersection,Normale,Deux véhicules - côté,,,,,,,,,,,1,2,1,1,3
200500026155,0005-05-19 11:30:00,5,5,19,11,30,890,263.0,RUE DE LA LIBERTE,,,Plein jour,En agglomération,Hors intersection,Normale,Deux véhicules - côté,,,,,,,,,,,1,2,1,1,3
200500026156,0005-05-13 18:15:00,5,5,13,18,15,890,154.0,,47.74,3.464,Plein jour,Hors agglomération,Hors intersection,Normale,Sans collision,,,,,,,,,,,1,1,1,1,7
200500026157,0005-05-05 09:45:00,5,5,5,9,45,890,485.0,,47.557,3.798,Plein jour,Hors agglomération,Hors intersection,Pluie légère,Deux véhicules - côté,,,,,,,,,,,1,1,1,2,3
200500026158,0005-05-20 17:45:00,5,5,20,17,45,890,152.0,,47.958,3.456,Plein jour,Hors agglomération,Hors intersection,Normale,Sans collision,,,,,,,,,,,1,1,1,1,7
200500026159,0005-05-22 14:15:00,5,5,22,14,15,890,55.0,,47.985,3.629,Plein jour,Hors agglomération,Hors intersection,Normale,Autre collision,,,,,,,,,,,1,1,1,1,6
200500026160,0005-05-05 21:00:00,5,5,5,21,0,890,127.0,,,,Crépuscule ou aube,Hors agglomération,Hors intersection,Normale,Sans collision,,,,,,,,,,,2,1,1,1,7
200500026161,0005-05-20 16:15:00,5,5,20,16,15,890,354.0,Route de Courtois,48.218,3.264,Plein jour,En agglomération,Hors intersection,Normale,Deux véhicules - frontale,,,,,,,,,,,1,2,1,1,1
200500026162,0005-05-13 07:45:00,5,5,13,7,45,890,450.0,,48.19,3.176,Plein jour,Hors agglomération,Hors intersection,Normale,Sans collision,,,,,,,,,,,1,1,1,1,7
200500026163,0005-05-27 18:15:00,5,5,27,18,15,890,450.0,,,,Plein jour,Hors agglomération,Hors intersection,Normale,Deux véhicules - côté,,,,,,,,,,,1,1,1,1,3
200500026164,0005-05-29 04:00:00,5,5,29,4,0,890,144.0,Les Girards,48.129,3.053,Nuit sans éclairage public,En agglomération,Hors intersection,Normale,Autre collision,,,,,,,,,,,3,2,1,1,6
200500026165,0005-05-13 16:00:00,5,5,13,16,0,890,60.0,,48.061,3.238,Plein jour,Hors agglomération,Hors intersection,Normale,Deux véhicules - frontale,,,,,,,,,,,1,1,1,1,1
200500026166,0005-05-19 15:30:00,5,5,19,15,30,890,66.0,,48.124,3.531,Plein jour,Hors agglomération,Hors intersection,Normale,Deux véhicules - frontale,,,,,,,,,,,1,1,1,1,1
200500026167,0005-05-22 16:30:00,5,5,22,16,30,890,348.0,,,,Plein jour,Hors agglomération,Hors intersection,Normale,Trois véhicules et plus - en chaîne,,,,,,,,,,,1,1,1,1,4
200500026168,0005-05-05 01:30:00,5,5,5,1,30,890,5.0,01 rue d'Argenteuil,,,Nuit avec éclairage non allumé,En agglomération,Hors intersection,Temps couvert,Deux véhicules - frontale,,,,,,,,,,,4,2,1,8,1
200500026169,0005-05-24 14:15:00,5,5,24,14,15,250,473.0,,47.183,5.996,Plein jour,Hors agglomération,Hors intersection,Normale,Deux véhicules - côté,,,,,,,,,,,1,1,1,1,3
200500026170,0005-05-08 18:30:00,5,5,8,18,30,250,360.0,,47.141,6.114,Plein jour,Hors agglomération,Hors intersection,Normale,Sans collision,,,,,,,,,,,1,1,1,1,7
200500026171,0005-05-16 18:15:00,5,5,16,18,15,250,630.0,CENTRE DU VILLAGES,47.1,6.247,Plein jour,En agglomération,Hors intersection,Normale,Trois véhicules et plus - collisions multiples,,,,,,,,,,,1,2,1,1,5
200500026172,0005-05-21 22:15:00,5,5,21,22,15,250,406.0,,,,Nuit sans éclairage public,Hors agglomération,Hors intersection,Pluie forte,Deux véhicules - frontale,,,,,,,,,,,3,1,1,3,1
200500026173,0005-05-15 19:15:00,5,5,15,19,15,250,350.0,49 RUE DE SAINTE MARIE,,,Plein jour,En agglomération,Hors intersection,Normale,Deux véhicules - frontale,,,,,,,,,,,1,2,1,1,1
200500026174,0005-05-24 13:00:00,5,5,24,13,0,250,367.0,RUE DE BEAULIEU,47.449,6.823,Plein jour,En agglomération,Hors intersection,Normale,Autre collision,,,,,,,,,,,1,2,1,1,6