accident_id,datetime,annee,mois,jour,heure,minute,departement,commune_insee,adresse,latitude,longitude,luminosite,agglomeration,intersection,meteo,collision,nb_vehicules,nb_usagers,nb_indemnes,nb_tues,nb_blesses_hosp,nb_blesses_legers,age_cond_1,age_cond_2,veh_type_cond_1,veh_type_cond_2,lum_code,agg_code,int_code,atm_code,col_code
200500026175,0005-05-15 18:15:00,5,5,15,18,15,250,193.0,,,,Plein jour,Hors agglomération,Hors intersection,Normale,Deux véhicules - frontale,,,,,,,,,,,1,1,1,1,1
200500026176,0005-05-28 05:00:00,5,5,28,5,0,250,512.0,,47.144,6.715,Crépuscule ou aube,Hors agglomération,Hors intersection,Normale,Sans collision,,,,,,,,,,,2,1,1,1,7
200500026177,0005-05-27 23:45:00,5,5,27,23,45,250,370.0,Grande Rue,47.441,6.787,Nuit avec éclairage allumé,En agglomération,Hors intersection,Normale,Autre collision,,,,,,,,,,,5,2,1,1,6
200500026178,0005-05-28 22:00:00,5,5,28,22,0,250,370.0,,,,Nuit sans éclairage public,Hors agglomération,Hors intersection,Normale,Autre collision,,,,,,,,,,,3,1,1,1,6
200500026179,0005-05-02 17:30:00,5,5,2,17,30,250,315.0,,47.414,6.588,Plein jour,Hors agglomération,Hors intersection,Normale,Sans collision,,,,,,,,,,,1,1,1,1,7
200500026180,0005-05-12 20:30:00,5,5,12,20,30,250,345.0,rue des ecoles,47.458,6.649,Crépuscule ou aube,En agglomération,Hors intersection,Normale,Deux véhicules - frontale,,,,,,,,,,,2,2,1,1,1
200500026181,0005-05-02 07:30:00,5,5,2,7,30,250,435.0,,47.254,6.391,Plein jour,Hors agglomération,Hors intersection,Normale,Autre collision,,,,,,,,,,,1,1,1,1,6
200500026182,0005-05-13 20:30:00,5,5,13,20,30,250,453.0,,,,Plein jour,Hors agglomération,Hors intersection,Pluie légère,Sans collision,,,,,,,,,,,1,1,1,2,7
200500026183,0005-05-26 20:00:00,5,5,26,20,0,250,262.0,,47.127,6.593,Plein jour,Hors agglomération,Hors intersection,Normale,Autre collision,,,,,,,,,,,1,1,1,1,6
200500026184,0005-05-27 21:45:00,5,5,27,21,45,250,28.0,,,,Crépuscule ou aube,Hors agglomération,Hors intersection,Normale,Sans collision,,,,,,,,,,,2,1,1,1,7
200500026185,0005-05-28 23:15:00,5,5,28,23,15,250,219.0,,47.143,6.402,Nuit sans éclairage public,Hors agglomération,Hors intersection,Normale,Sans collision,,,,,,,,,,,3,1,1,1,7
200500026186,0005-05-04 15:30:00,5,5,4,15,30,250,29.0,,,,Plein jour,Hors agglomération,Hors intersection,Pluie légère,Deux véhicules - côté,,,,,,,,,,,1,1,1,2,3
200500026187,0005-05-28 11:30:00,5,5,28,11,30,250,157.0,,,,Plein jour,Hors agglomération,Hors intersection,Normale,Deux véhicules - frontale,,,,,,,,,,,1,1,1,1,1
200500026188,0005-05-20 15:30:00,5,5,20,15,30,250,405.0,,,,Plein jour,Hors agglomération,Hors intersection,Normale,Sans collision,,,,,,,,,,,1,1,1,1,7
200500026189,0005-05-27 18:30:00,5,5,27,18,30,250,405.0,RUE DU CENTRE,46.84,6.346,Plein jour,En agglomération,Hors intersection,Normale,Deux véhicules - arrière,,,,,,,,,,,1,2,1,1,2
200500026190,0005-05-18 15:30:00,5,5,18,15,30,250,240.0,,47.07,6.645,Plein jour,Hors agglomération,Hors intersection,Pluie légère,Autre collision,,,,,,,,,,,1,1,1,2,6
200500026191,0005-05-05 12:15:00,5,5,5,12,15,390,348.0,,,,Plein jour,Hors agglomération,Hors intersection,Normale,Autre collision,,,,,,,,,,,1,1,1,1,6
200500026192,0005-05-17 08:45:00,5,5,17,8,45,390,397.0,,,,Plein jour,Hors agglomération,Hors intersection,Normale,Trois véhicules et plus - collisions multiples,,,,,,,,,,,1,1,1,1,5
200500026193,0005-05-31 17:45:00,5,5,31,17,45,390,437.0,RD471,,,Plein jour,En agglomération,Hors intersection,Temps éblouissant,Autre collision,,,,,,,,,,,1,2,1,7,6
200500026194,0005-05-15 15:00:00,5,5,15,15,0,390,370.0,Rue BEL AIR,46.983,5.806,Plein jour,En agglomération,Hors intersection,Normale,Deux véhicules - frontale,,,,,,,,,,,1,2,1,1,1
200500026195,0005-05-13 18:30:00,5,5,13,18,30,390,370.0,Rue de Strasbourg,46.976,5.797,Plein jour,En agglomération,Hors intersection,Normale,Deux véhicules - frontale,,,,,,,,,,,1,2,1,1,1
200500026196,0005-05-24 10:15:00,5,5,24,10,15,390,500.0,54 rue de la république,46.944,5.878,Plein jour,En agglomération,Hors intersection,Normale,Autre collision,,,,,,,,,,,1,2,1,1,6
200500026197,0005-05-30 06:30:00,5,5,30,6,30,390,500.0,,46.954,5.868,Crépuscule ou aube,Hors agglomération,Hors intersection,Normale,Sans collision,,,,,,,,,,,2,1,1,1,7
200500026198,0005-05-20 15:30:00,5,5,20,15,30,390,101.0,rue de DOLE,,,Plein jour,En agglomération,Hors intersection,Normale,Deux véhicules - côté,,,,,,,,,,,1,2,1,1,3
200500026199,0005-05-17 14:15:00,5,5,17,14,15,390,190.0,"RN73, route de Besancon",47.159,5.744,Plein jour,En agglomération,Hors intersection,Normale,Deux véhicules - côté,,,,,,,,,,,1,2,1,1,3
200500026200,0005-05-13 21:30:00,5,5,13,21,30,390,396.0,,47.152,5.658,Nuit avec éclairage allumé,En agglomération,Hors intersection,Temps couvert,Autre collision,,,,,,,,,,,5,2,1,8,6
200500026201,0005-05-30 18:15:00,5,5,30,18,15,390,302.0,"CD 237, rue des vergers",47.2,5.719,Plein jour,En agglomération,Hors intersection,Normale,Deux véhicules - côté,,,,,,,,,,,1,2,1,1,3
200500026202,0005-05-01 02:15:00,5,5,1,2,15,390,184.0,1 petit chemin,,,Nuit avec éclairage allumé,En agglomération,Hors intersection,Normale,Autre collision,,,,,,,,,,,5,2,1,1,6
200500026203,0005-05-15 14:45:00,5,5,15,14,45,390,283.0,,,,Plein jour,Hors agglomération,Hors intersection,Normale,Deux véhicules - côté,,,,,,,,,,,1,1,1,1,3
200500026204,0005-05-07 17:30:00,5,5,7,17,30,390,470.0,,,,Plein jour,Hors agglomération,Hors intersection,Pluie légère,Deux véhicules - côté,,,,,,,,,,,1,1,1,2,3
200500026205,0005-05-20 20:15:00,5,5,20,20,15,390,470.0,,46.492,6.046,Plein jour,Hors agglomération,Hors intersection,Normale,Sans collision,,,,,,,,,,,1,1,1,1,7
200500026206,0005-05-26 14:15:00,5,5,26,14,15,700,162.0,,,,Plein jour,Hors agglomération,Hors intersection,Normale,Trois véhicules et plus - collisions multiples,,,,,,,,,,,1,1,1,1,5
200500026207,0005-05-02 13:45:00,5,5,2,13,45,700,292.0,,47.81,5.855,Plein jour,Hors agglomération,Hors intersection,Normale,Sans collision,,,,,,,,,,,1,1,1,1,7
200500026208,0005-05-22 19:30:00,5,5,22,19,30,700,405.0,,47.492,6.105,Plein jour,Hors agglomération,Intersection en T,Normale,Deux véhicules - côté,,,,,,,,,,,1,1,3,1,3
200500026209,0005-05-11 14:15:00,5,5,11,14,15,700,385.0,carrefour Mairie,47.722,6.556,Plein jour,En agglomération,Hors intersection,Normale,Deux véhicules - côté,,,,,,,,,,,1,2,1,1,3
200500026210,0005-05-24 07:15:00,5,5,24,7,15,700,455.0,rue d'HERICOURT,47.675,6.542,Plein jour,En agglomération,Hors intersection,Normale,Deux véhicules - côté,,,,,,,,,,,1,2,1,1,3
200500026211,0005-05-08 14:45:00,5,5,8,14,45,700,117.0,,47.62,6.78,Plein jour,Hors agglomération,Hors intersection,Normale,Trois véhicules et plus - collisions multiples,,,,,,,,,,,1,1,1,1,5
200500026212,0005-05-14 20:00:00,5,5,14,20,0,700,116.0,1 RUE DE CHALONVILLARS,47.61,6.73,Crépuscule ou aube,En agglomération,Hors intersection,Normale,Autre collision,,,,,,,,,,,2,2,1,1,6
200500026213,0005-05-26 14:45:00,5,5,26,14,45,700,497.0,,,,Plein jour,Hors agglomération,Hors intersection,Normale,Autre collision,,,,,,,,,,,1,1,1,1,6
200500026214,0005-05-14 16:30:00,5,5,14,16,30,700,216.0,,,,Plein jour,Hors agglomération,Hors intersection,Pluie légère,Sans collision,,,,,,,,,,,1,1,1,2,7
200500026215,0005-05-19 10:45:00,5,5,19,10,45,700,475.0,,47.86,6.38,Nuit sans éclairage public,Hors agglomération,Hors intersection,Normale,Sans collision,,,,,,,,,,,3,1,1,1,7
200500026216,0005-05-20 20:00:00,5,5,20,20,0,700,311.0,,47.843,6.444,Plein jour,Hors agglomération,Hors intersection,Normale,Autre collision,,,,,,,,,,,1,1,1,1,6
200500026217,0005-05-22 16:30:00,5,5,22,16,30,700,125.0,RD.475,47.398,5.577,Plein jour,En agglomération,Hors intersection,Pluie légère,Autre collision,,,,,,,,,,,1,2,1,2,6
200500026218,0005-05-14 14:45:00,5,5,14,14,45,700,169.0,,47.684,5.857,Plein jour,Hors agglomération,Hors intersection,Pluie légère,Deux véhicules - frontale,,,,,,,,,,,1,1,1,2,1
200500026219,0005-05-18 18:15:00,5,5,18,18,15,700,353.0,rue des Louvières,47.29,5.66,Plein jour,En agglomération,Hors intersection,Normale,Deux véhicules - côté,,,,,,,,,,,1,2,1,1,3
200500026220,0005-05-04 21:15:00,5,5,4,21,15,900,104.0,,47.607,6.929,Nuit avec éclairage allumé,En agglomération,Hors intersection,Pluie légère,Autre collision,,,,,,,,,,,5,2,1,2,6
200500026221,0005-05-10 16:15:00,5,5,10,16,15,900,94.0,,47.589,6.86,Plein jour,En agglomération,Hors intersection,Normale,Deux véhicules - frontale,,,,,,,,,,,1,2,1,1,1
200500026222,0005-05-25 02:15:00,5,5,25,2,15,900,93.0,Rue d'EVETTE,47.688,6.818,Nuit avec éclairage allumé,En agglomération,Hors intersection,Normale,Autre collision,,,,,,,,,,,5,2,1,1,6
200500026223,0005-05-17 16:30:00,5,5,17,16,30,840,83.0,,,,Plein jour,Hors agglomération,Autre intersection,Pluie légère,Autre collision,,,,,,,,,,,1,1,9,2,6
200500026224,0005-05-13 20:00:00,5,5,13,20,0,380,344.0,,,,Plein jour,Hors agglomération,Hors intersection,Normale,Deux véhicules - frontale,,,,,,,,,,,1,1,1,1,1
200500026225,0005-05-24 07:45:00,5,5,24,7,45,260,165.0,,,,Plein jour,Hors agglomération,Hors intersection,Normale,Autre collision,,,,,,,,,,,1,1,1,1,6
200500026226,0005-05-23 21:00:00,5,5,23,21,0,130,62.0,,43.427,5.48,Plein jour,Hors agglomération,Giratoire,Normale,Sans collision,,,,,,,,,,,1,1,6,1,7
200500026227,0005-05-25 18:15:00,5,5,25,18,15,130,62.0,,43.42,5.49,Plein jour,Hors agglomération,Hors intersection,Normale,Trois véhicules et plus - collisions multiples,,,,,,,,,,,1,1,1,1,5
200500026228,0005-05-02 16:30:00,5,5,2,16,30,130,107.0,,43.429,5.443,Plein jour,Hors agglomération,Hors intersection,Normale,Trois véhicules et plus - collisions multiples,,,,,,,,,,,1,1,1,1,5
200500026229,0005-05-11 13:45:00,5,5,11,13,45,130,19.0,CD6 plan de campagne,43.435,5.405,Plein jour,En agglomération,Hors intersection,Normale,Autre collision,,,,,,,,,,,1,2,1,1,6
200500026230,0005-05-14 08:30:00,5,5,14,8,30,130,19.0,Carrefour De Lattre,,,Plein jour,En agglomération,Giratoire,Pluie forte,Deux véhicules - frontale,,,,,,,,,,,1,2,6,3,1
200500026231,0005-05-15 13:30:00,5,5,15,13,30,130,19.0,avenue André Roussin,43.45,5.378,Plein jour,En agglomération,Hors intersection,Normale,Deux véhicules - arrière,,,,,,,,,,,1,2,1,1,2
200500026232,0005-05-17 13:30:00,5,5,17,13,30,130,19.0,,43.462,5.321,Plein jour,Hors agglomération,Hors intersection,Pluie légère,Sans collision,,,,,,,,,,,1,1,1,2,7
200500026233,0005-05-25 07:45:00,5,5,25,7,45,130,15.0,,,,Plein jour,Hors agglomération,Hors intersection,Normale,Deux véhicules - arrière,,,,,,,,,,,1,1,1,1,2
200500026234,0005-05-05 14:15:00,5,5,5,14,15,130,110.0,CHEMIN DE LA PORTE ROUGE,43.449,5.689,Plein jour,En agglomération,Intersection en T,Normale,Deux véhicules - côté,,,,,,,,,,,1,2,3,1,3
200500026235,0005-05-09 10:00:00,5,5,9,10,0,130,72.0,,43.422,5.611,Plein jour,Hors agglomération,Hors intersection,Normale,Deux véhicules - côté,,,,,,,,,,,1,1,1,1,3
200500026236,0005-05-12 10:45:00,5,5,12,10,45,130,66.0,,43.891,4.907,Plein jour,Hors agglomération,Hors intersection,Normale,Deux véhicules - côté,,,,,,,,,,,1,1,1,1,3
200500026237,0005-05-15 10:30:00,5,5,15,10,30,130,96.0,,,,Plein jour,Hors agglomération,Hors intersection,Normale,Sans collision,,,,,,,,,,,1,1,1,1,7
200500026238,0005-05-22 20:30:00,5,5,22,20,30,130,96.0,avenue Riquette Aubanel,43.454,4.424,Crépuscule ou aube,En agglomération,Hors intersection,Normale,Autre collision,,,,,,,,,,,2,2,1,1,6
200500026239,0005-05-25 12:30:00,5,5,25,12,30,130,96.0,,43.494,4.404,Plein jour,Hors agglomération,Hors intersection,Normale,Deux véhicules - frontale,,,,,,,,,,,1,1,1,1,1
200500026240,0005-05-23 22:30:00,5,5,23,22,30,130,96.0,,,,Nuit sans éclairage public,Hors agglomération,Hors intersection,Normale,Deux véhicules - frontale,,,,,,,,,,,3,1,1,1,1
200500026241,0005-05-22 04:00:00,5,5,22,4,0,130,100.0,,,,Nuit sans éclairage public,En agglomération,Hors intersection,Normale,Autre collision,,,,,,,,,,,3,2,1,1,6
200500026242,0005-05-02 16:00:00,5,5,2,16,0,130,4.0,,43.47,4.7,Plein jour,Hors agglomération,Hors intersection,Normale,Autre collision,,,,,,,,,,,1,1,1,1,6
200500026243,0005-05-22 15:00:00,5,5,22,15,0,130,4.0,,43.574,4.559,Plein jour,Hors agglomération,Hors intersection,Normale,Sans collision,,,,,,,,,,,1,1,1,1,7
200500026244,0005-05-23 15:00:00,5,5,23,15,0,130,4.0,,43.458,4.725,Plein jour,Hors agglomération,Hors intersection,Normale,Autre collision,,,,,,,,,,,1,1,1,1,6
200500026245,0005-05-06 22:00:00,5,5,6,22,0,130,42.0,,43.3,5.634,Nuit sans éclairage public,Hors agglomération,Hors intersection,Normale,Autre collision,,,,,,,,,,,3,1,1,1,6
200500026246,0005-05-14 16:30:00,5,5,14,16,30,130,42.0,,43.273,5.648,Plein jour,Hors agglomération,Hors intersection,Normale,Deux véhicules - frontale,,,,,,,,,,,1,1,1,1,1
200500026247,0005-05-04 17:30:00,5,5,4,17,30,130,22.0,,,,Plein jour,Hors agglomération,Hors intersection,Normale,Sans collision,,,,,,,,,,,1,1,1,1,7
200500026248,0005-05-07 14:30:00,5,5,7,14,30,130,22.0,,,,Plein jour,Hors agglomération,Hors intersection,Normale,Deux véhicules - frontale,,,,,,,,,,,1,1,1,1,1
200500026249,0005-05-08 18:00:00,5,5,8,18,0,130,22.0,,43.23,5.59,Plein jour,Hors agglomération,Hors intersection,Normale,Sans collision,,,,,,,,,,,1,1,1,1,7
200500026250,0005-05-09 18:30:00,5,5,9,18,30,130,22.0,,,,Plein jour,Hors agglomération,Hors intersection,Normale,Sans collision,,,,,,,,,,,1,1,1,1,7
200500026251,0005-05-06 17:30:00,5,5,6,17,30,130,119.0,AVENUE LE MAIL,43.25,5.56,Plein jour,En agglomération,Hors intersection,Normale,Deux véhicules - côté,,,,,,,,,,,1,2,1,1,3
200500026252,0005-05-18 18:30:00,5,5,18,18,30,130,85.0,route de Cassis,43.251,5.58,Plein jour,En agglomération,Hors intersection,Normale,Sans collision,,,,,,,,,,,1,2,1,1,7
200500026253,0005-05-08 18:45:00,5,5,8,18,45,130,7.0,,43.373,5.632,Plein jour,En agglomération,Hors intersection,Normale,Deux véhicules - frontale,,,,,,,,,,,1,2,1,1,1
200500026254,0005-05-20 21:45:00,5,5,20,21,45,130,16.0,RN 96 - place mairie,,,Crépuscule ou aube,En agglomération,Hors intersection,Normale,Trois véhicules et plus - collisions multiples,,,,,,,,,,,2,2,1,1,5
200500026255,0005-05-24 07:00:00,5,5,24,7,0,130,86.0,,,,Plein jour,Hors agglomération,Hors intersection,Normale,Deux véhicules - frontale,,,,,,,,,,,1,1,1,1,1
200500026256,0005-05-24 10:30:00,5,5,24,10,30,40,21.0,,,,Nuit sans éclairage public,Hors agglomération,Hors intersection,Normale,Sans collision,,,,,,,,,,,3,1,1,1,7
200500026257,0005-05-25 14:00:00,5,5,25,14,0,40,1.0,,44.069,6.17,Plein jour,Hors agglomération,Hors intersection,Normale,Trois véhicules et plus - collisions multiples,,,,,,,,,,,1,1,1,1,5
200500026258,0005-05-29 17:00:00,5,5,29,17,0,40,230.0,,43.839,5.956,Plein jour,Hors agglomération,Hors intersection,Normale,Sans collision,,,,,,,,,,,1,1,1,1,7
200500026259,0005-05-08 19:15:00,5,5,8,19,15,40,19.0,avenue antoine signoret,,,Plein jour,En agglomération,Hors intersection,Normale,Autre collision,,,,,,,,,,,1,2,1,1,6
200500026260,0005-05-07 16:00:00,5,5,7,16,0,40,102.0,,,,Plein jour,Hors agglomération,Hors intersection,Normale,Sans collision,,,,,,,,,,,1,1,1,1,7
200500026261,0005-05-13 15:00:00,5,5,13,15,0,40,174.0,,,,Plein jour,Hors agglomération,Hors intersection,Normale,Deux véhicules - frontale,,,,,,,,,,,1,1,1,1,1
200500026262,0005-05-18 18:30:00,5,5,18,18,30,40,158.0,,,,Plein jour,Hors agglomération,Hors intersection,Normale,Sans collision,,,,,,,,,,,1,1,1,1,7
200500026263,0005-05-16 13:00:00,5,5,16,13,0,40,242.0,,43.891,5.868,Plein jour,Hors agglomération,Hors intersection,Normale,Deux véhicules - frontale,,,,,,,,,,,1,1,1,1,1
200500026264,0005-05-19 07:30:00,5,5,19,7,30,40,188.0,,43.89,5.779,Plein jour,Hors agglomération,Hors intersection,Normale,Deux véhicules - frontale,,,,,,,,,,,1,1,1,1,1
200500026265,0005-05-17 18:00:00,5,5,17,18,0,40,49.0,,44.09,6.01,Plein jour,Hors agglomération,Hors intersection,Pluie légère,Deux véhicules - frontale,,,,,,,,,,,1,1,1,2,1
200500026266,0005-05-21 01:00:00,5,5,21,1,0,40,49.0,RN96 - PK 46+700,,,Nuit sans éclairage public,En agglomération,Hors intersection,Normale,Autre collision,,,,,,,,,,,3,2,1,1,6
200500026267,0005-05-01 21:30:00,5,5,1,21,30,50,34.0,,44.29,5.82,Nuit sans éclairage public,Hors agglomération,Hors intersection,Normale,Autre collision,,,,,,,,,,,3,1,1,1,6
200500026268,0005-05-01 15:30:00,5,5,1,15,30,50,96.0,,44.683,6.335,Plein jour,Hors agglomération,Hors intersection,Normale,Autre collision,,,,,,,,,,,1,1,1,1,6
200500026269,0005-05-20 17:45:00,5,5,20,17,45,50,166.0,,44.414,5.726,Plein jour,Hors agglomération,Hors intersection,Normale,Deux véhicules - frontale,,,,,,,,,,,1,1,1,1,1
200500026270,0005-05-14 18:30:00,5,5,14,18,30,50,6.0,,44.8,6.563,Plein jour,Hors agglomération,Hors intersection,Normale,Deux véhicules - côté,,,,,,,,,,,1,1,1,1,3
200500026271,0005-05-18 07:00:00,5,5,18,7,0,50,122.0,,44.761,6.576,Plein jour,Hors agglomération,Hors intersection,Normale,Deux véhicules - côté,,,,,,,,,,,1,1,1,1,3
200500026272,0005-05-27 10:00:00,5,5,27,10,0,50,151.0,,44.868,6.597,Plein jour,Hors agglomération,Hors intersection,Normale,Deux véhicules - frontale,,,,,,,,,,,1,1,1,1,1
200500026273,0005-05-28 01:30:00,5,5,28,1,30,50,79.0,,,,Nuit sans éclairage public,Hors agglomération,Hors intersection,Normale,Autre collision,,,,,,,,,,,3,1,1,1,6
200500026274,0005-05-29 16:30:00,5,5,29,16,30,50,63.0,,45.044,6.254,Plein jour,Hors agglomération,Hors intersection,Normale,Sans collision,,,,,,,,,,,1,1,1,1,7
200500026275,0005-05-29 09:45:00,5,5,29,9,45,50,157.0,,44.703,6.864,Plein jour,Hors agglomération,Hors intersection,Normale,Sans collision,,,,,,,,,,,1,1,1,1,7
200500026276,0005-05-23 07:00:00,5,5,23,7,0,50,17.0,,44.566,6.198,Plein jour,Hors agglomération,Intersection en X,Normale,Deux véhicules - côté,,,,,,,,,,,1,1,2,1,3
200500026277,0005-05-29 09:15:00,5,5,29,9,15,50,40.0,RN94 AVENUE D'EMBRUN,44.549,6.28,Plein jour,En agglomération,Hors intersection,Normale,Deux véhicules - frontale,,,,,,,,,,,1,2,1,1,1
200500026278,0005-05-17 11:00:00,5,5,17,11,0,50,65.0,,,,Plein jour,Hors agglomération,Hors intersection,Temps couvert,Trois véhicules et plus - collisions multiples,,,,,,,,,,,1,1,1,8,5
200500026279,0005-05-24 08:30:00,5,5,24,8,30,60,77.0,route de l'authion,,,Plein jour,En agglomération,Hors intersection,Normale,Deux véhicules - côté,,,,,,,,,,,1,2,1,1,3
200500026280,0005-05-03 17:00:00,5,5,3,17,0,60,147.0,,43.788,7.273,Plein jour,Hors agglomération,Hors intersection,Pluie légère,Deux véhicules - frontale,,,,,,,,,,,1,1,1,2,1
200500026281,0005-05-23 17:00:00,5,5,23,17,0,60,34.0,,,,Plein jour,Hors agglomération,Hors intersection,Normale,Deux véhicules - frontale,,,,,,,,,,,1,1,1,1,1
200500026282,0005-05-25 07:45:00,5,5,25,7,45,60,66.0,,,,Plein jour,Hors agglomération,Hors intersection,Normale,Deux véhicules - frontale,,,,,,,,,,,1,1,1,1,1
200500026283,0005-05-25 14:00:00,5,5,25,14,0,60,74.0,,43.963,7.303,Plein jour,Hors agglomération,Hors intersection,Normale,Deux véhicules - frontale,,,,,,,,,,,1,1,1,1,1
200500026284,0005-05-09 18:00:00,5,5,9,18,0,60,149.0,BOULEVARD GENERAL DE GAU,,,Plein jour,En agglomération,Hors intersection,Normale,Sans collision,,,,,,,,,,,1,2,1,1,7
200500026285,0005-05-14 11:30:00,5,5,14,11,30,60,149.0,Bd du général de gaulle,,,Plein jour,En agglomération,Hors intersection,Normale,Autre collision,,,,,,,,,,,1,2,1,1,6
200500026286,0005-05-07 15:45:00,5,5,7,15,45,60,161.0,,,,Plein jour,En agglomération,Hors intersection,Normale,Deux véhicules - frontale,,,,,,,,,,,1,2,1,1,1
200500026287,0005-05-14 15:30:00,5,5,14,15,30,60,161.0,,,,Plein jour,Hors agglomération,Hors intersection,Pluie légère,Deux véhicules - côté,,,,,,,,,,,1,1,1,2,3
200500026288,0005-05-02 19:45:00,5,5,2,19,45,60,79.0,,,,Plein jour,Hors agglomération,Hors intersection,Normale,Deux véhicules - frontale,,,,,,,,,,,1,1,1,1,1
200500026289,0005-05-19 05:15:00,5,5,19,5,15,60,140.0,460 AVENUE BELLETRUD,43.643,6.857,Crépuscule ou aube,En agglomération,Hors intersection,Normale,Sans collision,,,,,,,,,,,2,2,1,1,7
200500026290,0005-05-27 18:45:00,5,5,27,18,45,60,118.0,,,,Plein jour,Hors agglomération,Hors intersection,Normale,Sans collision,,,,,,,,,,,1,1,1,1,7
200500026291,0005-05-20 22:00:00,5,5,20,22,0,60,128.0,,,,Nuit sans éclairage public,Hors agglomération,Hors intersection,Normale,Deux véhicules - frontale,,,,,,,,,,,3,1,1,1,1
200500026292,0005-05-15 11:30:00,5,5,15,11,30,60,122.0,,,,Plein jour,Hors agglomération,Hors intersection,Normale,Deux véhicules - frontale,,,,,,,,,,,1,1,1,1,1
200500026293,0005-05-21 12:15:00,5,5,21,12,15,60,157.0,,,,Plein jour,Hors agglomération,Hors intersection,Normale,Deux véhicules - frontale,,,,,,,,,,,1,1,1,1,1
200500026294,0005-05-29 08:15:00,5,5,29,8,15,60,157.0,,,,Plein jour,Hors agglomération,Hors intersection,Normale,Deux véhicules - côté,,,,,,,,,,,1,1,1,1,3
200500026295,0005-05-29 12:00:00,5,5,29,12,0,60,65.0,,43.743,7.179,Plein jour,Hors agglomération,Hors intersection,Normale,Deux véhicules - frontale,,,,,,,,,,,1,1,1,1,1
200500026296,0005-05-16 12:00:00,5,5,16,12,0,60,33.0,CD1,,,Plein jour,En agglomération,Hors intersection,Normale,Trois véhicules et plus - collisions multiples,,,,,,,,,,,1,2,1,1,5
200500026297,0005-05-24 17:45:00,5,5,24,17,45,60,33.0,CD 1,,,Plein jour,En agglomération,Hors intersection,Normale,Deux véhicules - arrière,,,,,,,,,,,1,2,1,1,2
200500026298,0005-05-28 17:00:00,5,5,28,17,0,60,33.0,route de la Manda,,,Plein jour,En agglomération,Hors intersection,Normale,Deux véhicules - frontale,,,,,,,,,,,1,2,1,1,1
200500026299,0005-05-28 23:30:00,5,5,28,23,30,60,33.0,avenue des cigales,,,Nuit avec éclairage allumé,En agglomération,Autre intersection,Normale,Deux véhicules - côté,,,,,,,,,,,5,2,9,1,3
200500026300,0005-05-29 11:15:00,5,5,29,11,15,60,36.0,,43.837,7.47,Plein jour,Hors agglomération,Hors intersection,Normale,Sans collision,,,,,,,,,,,1,1,1,1,7
200500026301,0005-05-15 14:30:00,5,5,15,14,30,60,106.0,,43.881,6.995,Plein jour,Hors agglomération,Hors intersection,Normale,Autre collision,,,,,,,,,,,1,1,1,1,6
200500026302,0005-05-22 12:45:00,5,5,22,12,45,60,102.0,,44.041,7.129,Plein jour,Hors agglomération,Hors intersection,Normale,Autre collision,,,,,,,,,,,1,1,1,1,6
200500026303,0005-05-02 20:00:00,5,5,2,20,0,830,11.0,,,,Crépuscule ou aube,Hors agglomération,Hors intersection,Normale,Deux véhicules - frontale,,,,,,,,,,,2,1,1,1,1
200500026304,0005-05-08 16:15:00,5,5,8,16,15,830,44.0,,,,Plein jour,Hors agglomération,Hors intersection,Normale,Sans collision,,,,,,,,,,,1,1,1,1,7
200500026305,0005-05-01 01:30:00,5,5,1,1,30,830,138.0,,,,Nuit sans éclairage public,Hors agglomération,Hors intersection,Normale,Autre collision,,,,,,,,,,,3,1,1,1,6
200500026306,0005-05-10 16:15:00,5,5,10,16,15,830,124.0,ch des bas plans,,,Plein jour,En agglomération,Hors intersection,Normale,Deux véhicules - frontale,,,,,,,,,,,1,2,1,1,1
200500026307,0005-05-18 16:45:00,5,5,18,16,45,830,72.0,Av Mistral,,,Plein jour,En agglomération,Intersection en X,Temps éblouissant,Deux véhicules - côté,,,,,,,,,,,1,2,2,7,3
200500026308,0005-05-26 08:00:00,5,5,26,8,0,830,58.0,AVENUE FRANCOIS DOL,,,Plein jour,En agglomération,Hors intersection,Normale,Autre collision,,,,,,,,,,,1,2,1,1,6
200500026309,0005-05-05 16:45:00,5,5,5,16,45,830,15.0,,,,Plein jour,Hors agglomération,Hors intersection,Pluie légère,Trois véhicules et plus - collisions multiples,,,,,,,,,,,1,1,1,2,5
200500026310,0005-05-20 12:15:00,5,5,20,12,15,830,121.0,,,,Plein jour,Hors agglomération,Hors intersection,Normale,Autre collision,,,,,,,,,,,1,1,1,1,6
200500026311,0005-05-24 13:00:00,5,5,24,13,0,830,128.0,,,,Plein jour,Hors agglomération,Hors intersection,Normale,Deux véhicules - côté,,,,,,,,,,,1,1,1,1,3
200500026312,0005-05-29 23:00:00,5,5,29,23,0,830,121.0,,,,Nuit sans éclairage public,Hors agglomération,Hors intersection,Normale,Deux véhicules - frontale,,,,,,,,,,,3,1,1,1,1