accident_id,datetime,annee,mois,jour,heure,minute,departement,commune_insee,adresse,latitude,longitude,luminosite,agglomeration,intersection,meteo,collision,nb_vehicules,nb_usagers,nb_indemnes,nb_tues,nb_blesses_hosp,nb_blesses_legers,age_cond_1,age_cond_2,veh_type_cond_1,veh_type_cond_2,lum_code,agg_code,int_code,atm_code,col_code
200500026313,0005-05-20 14:00:00,5,5,20,14,0,830,23.0,,43.425,6.1,Plein jour,Hors agglomération,Hors intersection,Normale,Deux véhicules - frontale,,,,,,,,,,,1,1,1,1,1
200500026314,0005-05-23 15:00:00,5,5,23,15,0,830,23.0,,,,Plein jour,Hors agglomération,Hors intersection,Normale,Trois véhicules et plus - collisions multiples,,,,,,,,,,,1,1,1,1,5
200500026315,0005-05-23 05:45:00,5,5,23,5,45,830,100.0,,43.285,6.128,Plein jour,Hors agglomération,Hors intersection,Normale,Deux véhicules - côté,,,,,,,,,,,1,1,1,1,3
200500026316,0005-05-25 06:30:00,5,5,25,6,30,830,92.0,Carrefour Notre Dame des,,,Crépuscule ou aube,En agglomération,Hors intersection,Temps éblouissant,Deux véhicules - côté,,,,,,,,,,,2,2,1,7,3
200500026317,0005-05-20 18:15:00,5,5,20,18,15,830,76.0,,,,Nuit sans éclairage public,Hors agglomération,Hors intersection,Normale,Autre collision,,,,,,,,,,,3,1,1,1,6
200500026318,0005-05-06 19:00:00,5,5,6,19,0,830,140.0,,43.411,5.901,Plein jour,Hors agglomération,Hors intersection,Normale,Trois véhicules et plus - collisions multiples,,,,,,,,,,,1,1,1,1,5
200500026319,0005-05-14 05:30:00,5,5,14,5,30,830,116.0,,,,Nuit sans éclairage public,Hors agglomération,Hors intersection,Normale,Autre collision,,,,,,,,,,,3,1,1,1,6
200500026320,0005-05-14 17:15:00,5,5,14,17,15,830,116.0,PLACE MALHERBE,,,Plein jour,En agglomération,Hors intersection,Normale,Autre collision,,,,,,,,,,,1,2,1,1,6
200500026321,0005-05-15 18:00:00,5,5,15,18,0,830,97.0,,43.48,5.762,Plein jour,Hors agglomération,Hors intersection,Normale,Deux véhicules - côté,,,,,,,,,,,1,1,1,1,3
200500026322,0005-05-01 16:00:00,5,5,1,16,0,830,120.0,,,,Plein jour,Hors agglomération,Hors intersection,Normale,Deux véhicules - frontale,,,,,,,,,,,1,1,1,1,1
200500026323,0005-05-06 00:15:00,5,5,6,0,15,830,87.0,route du cauron,,,Nuit sans éclairage public,En agglomération,Hors intersection,Normale,Autre collision,,,,,,,,,,,3,2,1,1,6
200500026324,0005-05-31 19:00:00,5,5,31,19,0,830,120.0,,,,Plein jour,Hors agglomération,Hors intersection,Normale,Deux véhicules - frontale,,,,,,,,,,,1,1,1,1,1
200500026325,0005-05-02 17:00:00,5,5,2,17,0,830,107.0,RN 98 LES ISSAMBRES,,,Plein jour,En agglomération,Hors intersection,Normale,Deux véhicules - frontale,,,,,,,,,,,1,2,1,1,1
200500026326,0005-05-18 14:00:00,5,5,18,14,0,830,107.0,,,,Plein jour,Hors agglomération,Hors intersection,Normale,Deux véhicules - arrière,,,,,,,,,,,1,1,1,1,2
200500026327,0005-05-18 18:15:00,5,5,18,18,15,830,99.0,Quartier LACOSTE,,,Plein jour,En agglomération,Hors intersection,Normale,Deux véhicules - côté,,,,,,,,,,,1,2,1,1,3
200500026328,0005-05-28 14:30:00,5,5,28,14,30,830,36.0,rue Jean Jaurès,,,Plein jour,En agglomération,Hors intersection,Normale,Autre collision,,,,,,,,,,,1,2,1,1,6
200500026329,0005-05-03 16:00:00,5,5,3,16,0,830,68.0,,43.279,6.576,Plein jour,Hors agglomération,Hors intersection,Normale,Deux véhicules - côté,,,,,,,,,,,1,1,1,1,3
200500026330,0005-05-07 17:00:00,5,5,7,17,0,830,68.0,,,,Plein jour,Hors agglomération,Giratoire,Normale,Deux véhicules - côté,,,,,,,,,,,1,1,6,1,3
200500026331,0005-05-13 17:15:00,5,5,13,17,15,830,68.0,,43.289,6.599,Plein jour,Hors agglomération,Hors intersection,Normale,Autre collision,,,,,,,,,,,1,1,1,1,6
200500026332,0005-05-14 13:45:00,5,5,14,13,45,830,68.0,,,,Plein jour,Hors agglomération,Hors intersection,Normale,Deux véhicules - côté,,,,,,,,,,,1,1,1,1,3
200500026333,0005-05-15 16:15:00,5,5,15,16,15,830,42.0,,43.234,6.516,Plein jour,Hors agglomération,Hors intersection,Normale,Trois véhicules et plus - collisions multiples,,,,,,,,,,,1,1,1,1,5
200500026334,0005-05-16 12:30:00,5,5,16,12,30,830,68.0,,43.28,6.515,Plein jour,Hors agglomération,Hors intersection,Normale,Deux véhicules - frontale,,,,,,,,,,,1,1,1,1,1
200500026335,0005-05-21 02:45:00,5,5,21,2,45,830,68.0,,43.27,6.53,Nuit avec éclairage allumé,Hors agglomération,Hors intersection,Brouillard / fumée,Autre collision,,,,,,,,,,,5,1,1,5,6
200500026336,0005-05-26 20:00:00,5,5,26,20,0,830,68.0,,43.279,6.575,Plein jour,Hors agglomération,Hors intersection,Normale,Deux véhicules - arrière,,,,,,,,,,,1,1,1,1,2
200500026337,0005-05-15 10:30:00,5,5,15,10,30,830,115.0,AVENUE CHARLES DE GAULLE,,,Plein jour,En agglomération,Hors intersection,Normale,Deux véhicules - côté,,,,,,,,,,,1,2,1,1,3
200500026338,0005-05-19 15:15:00,5,5,19,15,15,830,119.0,route francois pelletier,,,Plein jour,En agglomération,Hors intersection,Normale,Deux véhicules - frontale,,,,,,,,,,,1,2,1,1,1
200500026339,0005-05-11 19:30:00,5,5,11,19,30,830,127.0,,,,Plein jour,Hors agglomération,Hors intersection,Normale,Deux véhicules - frontale,,,,,,,,,,,1,1,1,1,1
200500026340,0005-05-26 19:30:00,5,5,26,19,30,830,35.0,,43.19,5.78,Plein jour,Hors agglomération,Hors intersection,Normale,Deux véhicules - côté,,,,,,,,,,,1,1,1,1,3
200500026341,0005-05-27 18:00:00,5,5,27,18,0,830,16.0,,43.206,5.822,Plein jour,Hors agglomération,Hors intersection,Normale,Autre collision,,,,,,,,,,,1,1,1,1,6
200500026342,0005-05-28 15:15:00,5,5,28,15,15,830,16.0,,43.2,5.79,Plein jour,Hors agglomération,Hors intersection,Normale,Autre collision,,,,,,,,,,,1,1,1,1,6
200500026343,0005-05-30 09:00:00,5,5,30,9,0,830,53.0,,,,Plein jour,En agglomération,Hors intersection,Normale,Autre collision,,,,,,,,,,,1,2,1,1,6
200500026344,0005-05-30 09:30:00,5,5,30,9,30,830,35.0,chemin royal,43.214,5.772,Plein jour,En agglomération,Hors intersection,Normale,Deux véhicules - frontale,,,,,,,,,,,1,2,1,1,1
200500026345,0005-05-01 22:30:00,5,5,1,22,30,830,49.0,,,,Nuit sans éclairage public,Hors agglomération,Hors intersection,Normale,Deux véhicules - arrière,,,,,,,,,,,3,1,1,1,2
200500026346,0005-05-31 16:00:00,5,5,31,16,0,830,49.0,,43.24,6.27,Plein jour,Hors agglomération,Hors intersection,Normale,Sans collision,,,,,,,,,,,1,1,1,1,7
200500026347,0005-05-20 09:30:00,5,5,20,9,30,830,19.0,,,,Plein jour,Hors agglomération,Hors intersection,Normale,Deux véhicules - frontale,,,,,,,,,,,1,1,1,1,1
200500026348,0005-05-26 07:30:00,5,5,26,7,30,830,70.0,,43.146,6.333,Plein jour,Hors agglomération,Hors intersection,Normale,Deux véhicules - frontale,,,,,,,,,,,1,1,1,1,1
200500026349,0005-05-16 13:15:00,5,5,16,13,15,830,54.0,ZONE INDUSTRIELLE,,,Plein jour,En agglomération,Hors intersection,Pluie légère,Deux véhicules - côté,,,,,,,,,,,1,2,1,2,3
200500026350,0005-05-17 12:15:00,5,5,17,12,15,840,81.0,rn 100,,,Plein jour,En agglomération,Giratoire,Pluie légère,Autre collision,,,,,,,,,,,1,2,6,2,6
200500026351,0005-05-21 18:15:00,5,5,21,18,15,840,34.0,,43.898,4.949,Plein jour,Hors agglomération,Intersection en T,Normale,Deux véhicules - côté,,,,,,,,,,,1,1,3,1,3
200500026352,0005-05-10 11:45:00,5,5,10,11,45,840,71.0,,,,Plein jour,Hors agglomération,Intersection en X,Normale,Deux véhicules - côté,,,,,,,,,,,1,1,2,1,3
200500026353,0005-05-20 16:45:00,5,5,20,16,45,840,71.0,,,,Plein jour,Hors agglomération,Hors intersection,Normale,Deux véhicules - côté,,,,,,,,,,,1,1,1,1,3
200500026354,0005-05-22 18:30:00,5,5,22,18,30,840,35.0,,,,Plein jour,Hors agglomération,Hors intersection,Normale,Deux véhicules - arrière,,,,,,,,,,,1,1,1,1,2
200500026355,0005-05-25 10:15:00,5,5,25,10,15,840,99.0,avenue Aristide BRIAND,,,Plein jour,En agglomération,Hors intersection,Normale,Trois véhicules et plus - en chaîne,,,,,,,,,,,1,2,1,1,4
200500026356,0005-05-27 17:30:00,5,5,27,17,30,840,71.0,hameau de coustellet,,,Plein jour,En agglomération,Hors intersection,Normale,Deux véhicules - frontale,,,,,,,,,,,1,2,1,1,1
200500026357,0005-05-31 14:00:00,5,5,31,14,0,840,38.0,GRAND Rue,,,Plein jour,En agglomération,Hors intersection,Normale,Autre collision,,,,,,,,,,,1,2,1,1,6
200500026358,0005-05-04 10:00:00,5,5,4,10,0,840,54.0,,,,Plein jour,Hors agglomération,Hors intersection,Normale,Deux véhicules - côté,,,,,,,,,,,1,1,1,1,3
200500026359,0005-05-04 17:00:00,5,5,4,17,0,840,92.0,Avenue Th. Delorme,,,Plein jour,En agglomération,Hors intersection,Normale,Autre collision,,,,,,,,,,,1,2,1,1,6
200500026360,0005-05-14 19:45:00,5,5,14,19,45,840,3.0,avenue de lançon,43.887,5.38,Plein jour,En agglomération,Hors intersection,Normale,Deux véhicules - arrière,,,,,,,,,,,1,2,1,1,2
200500026361,0005-05-19 16:15:00,5,5,19,16,15,840,3.0,AVENUE DE LA GARE,43.884,5.385,Plein jour,En agglomération,Hors intersection,Normale,Autre collision,,,,,,,,,,,1,2,1,1,6
200500026362,0005-05-29 17:45:00,5,5,29,17,45,840,3.0,,43.871,5.37,Plein jour,Hors agglomération,Hors intersection,Normale,Deux véhicules - côté,,,,,,,,,,,1,1,1,1,3
200500026363,0005-05-30 19:45:00,5,5,30,19,45,840,3.0,,43.884,5.342,Plein jour,Hors agglomération,Hors intersection,Normale,Deux véhicules - côté,,,,,,,,,,,1,1,1,1,3
200500026364,0005-05-12 15:30:00,5,5,12,15,30,840,133.0,,43.739,5.554,Plein jour,Hors agglomération,Intersection en T,Normale,Deux véhicules - côté,,,,,,,,,,,1,1,3,1,3
200500026365,0005-05-08 11:15:00,5,5,8,11,15,840,110.0,,,,Plein jour,Hors agglomération,Hors intersection,Normale,Autre collision,,,,,,,,,,,1,1,1,1,6
200500026366,0005-05-08 17:00:00,5,5,8,17,0,840,142.0,,43.937,5.065,Plein jour,Hors agglomération,Hors intersection,Normale,Trois véhicules et plus - collisions multiples,,,,,,,,,,,1,1,1,1,5
200500026367,0005-05-08 14:30:00,5,5,8,14,30,840,19.0,avenue Salvador Alliende,,,Plein jour,En agglomération,Hors intersection,Normale,Deux véhicules - côté,,,,,,,,,,,1,2,1,1,3
200500026368,0005-05-20 17:00:00,5,5,20,17,0,840,19.0,,,,Plein jour,Hors agglomération,Hors intersection,Temps éblouissant,Deux véhicules - frontale,,,,,,,,,,,1,1,1,7,1
200500026369,0005-05-29 00:01:00,5,5,29,0,1,840,104.0,,,,Nuit sans éclairage public,Hors agglomération,Hors intersection,Normale,Sans collision,,,,,,,,,,,3,1,1,1,7
200500026370,0005-05-21 16:15:00,5,5,21,16,15,840,138.0,chemin des estimeurs,44.388,5.003,Plein jour,En agglomération,Intersection en X,Normale,Deux véhicules - côté,,,,,,,,,,,1,2,2,1,3
200500026371,0005-05-11 11:00:00,5,5,11,11,0,340,57.0,parking SUPER U,43.628,3.901,Plein jour,En agglomération,Hors intersection,Normale,Autre collision,,,,,,,,,,,1,2,1,1,6
200500026372,0005-05-28 11:45:00,5,5,28,11,45,340,57.0,,43.653,3.9,Plein jour,Hors agglomération,Hors intersection,Normale,Deux véhicules - côté,,,,,,,,,,,1,1,1,1,3
200500026373,0005-05-05 18:45:00,5,5,5,18,45,340,244.0,Rue du vieux poont,,,Plein jour,En agglomération,Hors intersection,Normale,Deux véhicules - côté,,,,,,,,,,,1,2,1,1,3
200500026374,0005-05-14 18:30:00,5,5,14,18,30,340,256.0,,43.709,4.026,Plein jour,Hors agglomération,Hors intersection,Normale,Deux véhicules - côté,,,,,,,,,,,1,1,1,1,3
200500026375,0005-05-21 23:15:00,5,5,21,23,15,340,244.0,,43.68,4.024,Nuit sans éclairage public,Hors agglomération,Hors intersection,Normale,Deux véhicules - arrière,,,,,,,,,,,3,1,1,1,2
200500026376,0005-05-22 14:45:00,5,5,22,14,45,340,344.0,,,,Plein jour,Hors agglomération,Hors intersection,Normale,Autre collision,,,,,,,,,,,1,1,1,1,6
200500026377,0005-05-11 16:45:00,5,5,11,16,45,340,145.0,avenue du vidourle,,,Plein jour,En agglomération,Hors intersection,Normale,Deux véhicules - côté,,,,,,,,,,,1,2,1,1,3
200500026378,0005-05-15 08:45:00,5,5,15,8,45,340,33.0,,,,Plein jour,Hors agglomération,Hors intersection,Normale,Sans collision,,,,,,,,,,,1,1,1,1,7
200500026379,0005-05-27 11:45:00,5,5,27,11,45,340,151.0,,,,Plein jour,Hors agglomération,Hors intersection,Normale,Autre collision,,,,,,,,,,,1,1,1,1,6
200500026380,0005-05-08 11:00:00,5,5,8,11,0,340,154.0,,,,Plein jour,En agglomération,Hors intersection,Normale,Sans collision,,,,,,,,,,,1,2,1,1,7
200500026381,0005-05-24 10:45:00,5,5,24,10,45,340,154.0,,43.633,4.014,Plein jour,Hors agglomération,Hors intersection,Normale,Deux véhicules - frontale,,,,,,,,,,,1,1,1,1,1
200500026382,0005-05-07 20:00:00,5,5,7,20,0,340,274.0,route du mas de buis,43.785,3.726,Plein jour,En agglomération,Hors intersection,Normale,Autre collision,,,,,,,,,,,1,2,1,1,6
200500026383,0005-05-20 15:00:00,5,5,20,15,0,340,102.0,,,,Plein jour,En agglomération,Hors intersection,Normale,Deux véhicules - frontale,,,,,,,,,,,1,2,1,1,1
200500026384,0005-05-15 04:30:00,5,5,15,4,30,340,119.0,Rond point,43.593,3.087,Nuit avec éclairage allumé,En agglomération,Giratoire,Normale,Autre collision,,,,,,,,,,,5,2,6,1,6
200500026385,0005-05-19 15:45:00,5,5,19,15,45,340,52.0,,,,Plein jour,Hors agglomération,Hors intersection,Normale,Deux véhicules - côté,,,,,,,,,,,1,1,1,1,3
200500026386,0005-05-26 17:45:00,5,5,26,17,45,340,52.0,,,,Plein jour,En agglomération,Hors intersection,Normale,Deux véhicules - arrière,,,,,,,,,,,1,2,1,1,2
200500026387,0005-05-26 23:00:00,5,5,26,23,0,340,148.0,,43.386,3.158,Nuit sans éclairage public,Hors agglomération,Hors intersection,Normale,Autre collision,,,,,,,,,,,3,1,1,1,6
200500026388,0005-05-01 12:30:00,5,5,1,12,30,340,189.0,,43.27,2.75,Plein jour,Hors agglomération,Hors intersection,Normale,Deux véhicules - côté,,,,,,,,,,,1,1,1,1,3
200500026389,0005-05-15 16:00:00,5,5,15,16,0,340,63.0,,43.496,3.345,Plein jour,Hors agglomération,Hors intersection,Normale,Sans collision,,,,,,,,,,,1,1,1,1,7
200500026390,0005-05-18 20:00:00,5,5,18,20,0,340,289.0,,43.383,3.399,Plein jour,Hors agglomération,Hors intersection,Normale,Deux véhicules - côté,,,,,,,,,,,1,1,1,1,3
200500026391,0005-05-09 17:30:00,5,5,9,17,30,340,232.0,Carrefour de Cessenon,43.5,3.02,Plein jour,En agglomération,Hors intersection,Temps éblouissant,Autre collision,,,,,,,,,,,1,2,1,7,6
200500026392,0005-05-06 19:30:00,5,5,6,19,30,340,224.0,,43.456,3.21,Plein jour,Hors agglomération,Hors intersection,Normale,Deux véhicules - frontale,,,,,,,,,,,1,1,1,1,1
200500026393,0005-05-14 12:00:00,5,5,14,12,0,340,298.0,rue du Cabernet,43.297,3.263,Plein jour,En agglomération,Hors intersection,Normale,Deux véhicules - côté,,,,,,,,,,,1,2,1,1,3
200500026394,0005-05-26 21:30:00,5,5,26,21,30,340,298.0,bvd paul vidal,43.298,3.263,Nuit avec éclairage allumé,En agglomération,Intersection en X,Normale,Deux véhicules - côté,,,,,,,,,,,5,2,2,1,3
200500026395,0005-05-03 11:30:00,5,5,3,11,30,340,142.0,PK +2.5 CD 35,,,Plein jour,En agglomération,Hors intersection,Normale,Sans collision,,,,,,,,,,,1,2,1,1,7
200500026396,0005-05-06 18:15:00,5,5,6,18,15,340,36.0,,,,Plein jour,Hors agglomération,Hors intersection,Normale,Sans collision,,,,,,,,,,,1,1,1,1,7
200500026397,0005-05-01 16:45:00,5,5,1,16,45,340,51.0,,43.59,3.475,Plein jour,Hors agglomération,Hors intersection,Normale,Deux véhicules - frontale,,,,,,,,,,,1,1,1,1,1
200500026398,0005-05-11 14:30:00,5,5,11,14,30,340,13.0,,43.56,3.46,Plein jour,Hors agglomération,Hors intersection,Normale,Deux véhicules - arrière,,,,,,,,,,,1,1,1,1,2
200500026399,0005-05-14 09:30:00,5,5,14,9,30,340,323.0,,43.61,3.3,Plein jour,Hors agglomération,Hors intersection,Pluie légère,Autre collision,,,,,,,,,,,1,1,1,2,6
200500026400,0005-05-25 17:45:00,5,5,25,17,45,340,51.0,,43.607,3.488,Plein jour,Hors agglomération,Hors intersection,Normale,Deux véhicules - frontale,,,,,,,,,,,1,1,1,1,1
200500026401,0005-05-21 16:45:00,5,5,21,16,45,340,79.0,,43.64,3.39,Plein jour,Hors agglomération,Hors intersection,Normale,Autre collision,,,,,,,,,,,1,1,1,1,6
200500026402,0005-05-23 18:45:00,5,5,23,18,45,340,45.0,ROUTE DES CROZES,43.58,3.36,Plein jour,En agglomération,Hors intersection,Normale,Autre collision,,,,,,,,,,,1,2,1,1,6
200500026403,0005-05-27 07:00:00,5,5,27,7,0,340,79.0,,43.619,3.437,Plein jour,Hors agglomération,Hors intersection,Normale,Autre collision,,,,,,,,,,,1,1,1,1,6
200500026404,0005-05-28 11:45:00,5,5,28,11,45,340,194.0,,,,Plein jour,Hors agglomération,Hors intersection,Normale,Trois véhicules et plus - collisions multiples,,,,,,,,,,,1,1,1,1,5
200500026405,0005-05-03 19:45:00,5,5,3,19,45,340,10.0,,,,Crépuscule ou aube,Hors agglomération,Hors intersection,Normale,Sans collision,,,,,,,,,,,2,1,1,1,7
200500026406,0005-05-04 08:45:00,5,5,4,8,45,340,239.0,,,,Plein jour,Hors agglomération,Hors intersection,Normale,Trois véhicules et plus - collisions multiples,,,,,,,,,,,1,1,1,1,5
200500026407,0005-05-06 16:00:00,5,5,6,16,0,340,173.0,CD9,,,Plein jour,En agglomération,Hors intersection,Normale,Deux véhicules - côté,,,,,,,,,,,1,2,1,1,3
200500026408,0005-05-16 17:00:00,5,5,16,17,0,340,16.0,,,,Plein jour,Hors agglomération,Hors intersection,Normale,Deux véhicules - côté,,,,,,,,,,,1,1,1,1,3
200500026409,0005-05-11 09:30:00,5,5,11,9,30,340,101.0,RUE DE LA Lavande,,,Plein jour,En agglomération,Hors intersection,Normale,Autre collision,,,,,,,,,,,1,2,1,1,6
200500026410,0005-05-21 18:00:00,5,5,21,18,0,340,101.0,,,,Plein jour,Hors agglomération,Hors intersection,Normale,Autre collision,,,,,,,,,,,1,1,1,1,6
200500026411,0005-05-05 11:30:00,5,5,5,11,30,340,295.0,,,,Plein jour,Hors agglomération,Hors intersection,Normale,Autre collision,,,,,,,,,,,1,1,1,1,6
200500026412,0005-05-31 18:15:00,5,5,31,18,15,340,95.0,,,,Plein jour,Hors agglomération,Hors intersection,Normale,Trois véhicules et plus - collisions multiples,,,,,,,,,,,1,1,1,1,5
200500026413,0005-05-30 12:30:00,5,5,30,12,30,340,39.0,,43.45,3.64,Plein jour,Hors agglomération,Hors intersection,Normale,Trois véhicules et plus - collisions multiples,,,,,,,,,,,1,1,1,1,5
200500026414,0005-05-19 17:00:00,5,5,19,17,0,110,9.0,,43.265,2.138,Plein jour,Hors agglomération,Intersection en T,Normale,Deux véhicules - côté,,,,,,,,,,,1,1,3,1,3
200500026415,0005-05-27 16:30:00,5,5,27,16,30,110,410.0,,43.258,2.41,Plein jour,Hors agglomération,Hors intersection,Normale,Deux véhicules - arrière,,,,,,,,,,,1,1,1,1,2
200500026416,0005-05-05 16:15:00,5,5,5,16,15,110,191.0,,42.974,2.583,Plein jour,Hors agglomération,Hors intersection,Normale,Autre collision,,,,,,,,,,,1,1,1,1,6
200500026417,0005-05-08 18:30:00,5,5,8,18,30,110,81.0,,43.321,2.508,Plein jour,Hors agglomération,Hors intersection,Normale,Deux véhicules - arrière,,,,,,,,,,,1,1,1,1,2
200500026418,0005-05-01 21:45:00,5,5,1,21,45,110,356.0,,43.3,1.98,Nuit sans éclairage public,Hors agglomération,Hors intersection,Normale,Autre collision,,,,,,,,,,,3,1,1,1,6
200500026419,0005-05-14 00:30:00,5,5,14,0,30,110,178.0,,,,Nuit sans éclairage public,Hors agglomération,Hors intersection,Pluie légère,Deux véhicules - frontale,,,,,,,,,,,3,1,1,2,1
200500026420,0005-05-15 17:30:00,5,5,15,17,30,110,281.0,CD33,,,Plein jour,En agglomération,Hors intersection,Normale,Deux véhicules - frontale,,,,,,,,,,,1,2,1,1,1
200500026421,0005-05-18 14:45:00,5,5,18,14,45,110,418.0,,,,Plein jour,Hors agglomération,Intersection en X,Normale,Deux véhicules - côté,,,,,,,,,,,1,1,2,1,3
200500026422,0005-05-17 17:30:00,5,5,17,17,30,110,290.0,,43.181,1.821,Plein jour,Hors agglomération,Hors intersection,Normale,Deux véhicules - frontale,,,,,,,,,,,1,1,1,1,1
200500026423,0005-05-16 14:15:00,5,5,16,14,15,110,3.0,,43.051,2.135,Plein jour,Hors agglomération,Hors intersection,Normale,Deux véhicules - frontale,,,,,,,,,,,1,1,1,1,1
200500026424,0005-05-02 10:45:00,5,5,2,10,45,110,130.0,,42.84,2.03,Plein jour,Hors agglomération,Hors intersection,Normale,Autre collision,,,,,,,,,,,1,1,1,1,6
200500026425,0005-05-04 13:30:00,5,5,4,13,30,110,262.0,,,,Plein jour,Hors agglomération,Hors intersection,Normale,Autre collision,,,,,,,,,,,1,1,1,1,6
200500026426,0005-05-20 04:00:00,5,5,20,4,0,110,296.0,,,,Nuit sans éclairage public,Hors agglomération,Hors intersection,Normale,Deux véhicules - frontale,,,,,,,,,,,3,1,1,1,1
200500026427,0005-05-08 15:00:00,5,5,8,15,0,110,910.0,,,,Plein jour,Hors agglomération,Hors intersection,Normale,Autre collision,,,,,,,,,,,1,1,1,1,6
200500026428,0005-05-25 10:30:00,5,5,25,10,30,110,111.0,,,,Plein jour,Hors agglomération,Hors intersection,Normale,Deux véhicules - côté,,,,,,,,,,,1,1,1,1,3
200500026429,0005-05-01 01:00:00,5,5,1,1,0,110,431.0,,42.963,2.798,Nuit sans éclairage public,Hors agglomération,Hors intersection,Normale,Sans collision,,,,,,,,,,,3,1,1,1,7
200500026430,0005-05-11 16:00:00,5,5,11,16,0,300,133.0,rue des moussaillons,,,Plein jour,En agglomération,Intersection en X,Normale,Deux véhicules - côté,,,,,,,,,,,1,2,2,1,3
200500026431,0005-05-15 21:45:00,5,5,15,21,45,300,75.0,,43.824,4.255,Nuit sans éclairage public,Hors agglomération,Hors intersection,Normale,Autre collision,,,,,,,,,,,3,1,1,1,6
200500026432,0005-05-24 17:45:00,5,5,24,17,45,300,138.0,,,,Plein jour,En agglomération,Hors intersection,Normale,Autre collision,,,,,,,,,,,1,2,1,1,6
200500026433,0005-05-12 15:30:00,5,5,12,15,30,300,156.0,,43.84,4.449,Plein jour,Hors agglomération,Intersection en T,Temps couvert,Deux véhicules - côté,,,,,,,,,,,1,1,3,8,3
200500026434,0005-05-15 15:15:00,5,5,15,15,15,300,39.0,,,,Plein jour,Hors agglomération,Hors intersection,Normale,Autre collision,,,,,,,,,,,1,1,1,1,6
200500026435,0005-05-31 18:15:00,5,5,31,18,15,300,39.0,,,,Plein jour,Hors agglomération,Hors intersection,Normale,Deux véhicules - arrière,,,,,,,,,,,1,1,1,1,2
200500026436,0005-05-09 00:15:00,5,5,9,0,15,300,169.0,,43.79,4.31,Nuit sans éclairage public,Hors agglomération,Hors intersection,Normale,Deux véhicules - frontale,,,,,,,,,,,3,1,1,1,1
200500026437,0005-05-22 02:15:00,5,5,22,2,15,300,6.0,,43.66,4.2,Nuit sans éclairage public,Hors agglomération,Hors intersection,Normale,Deux véhicules - côté,,,,,,,,,,,3,1,1,1,3
200500026438,0005-05-01 18:00:00,5,5,1,18,0,300,162.0,CD 907 - PK 33+020,,,Plein jour,En agglomération,Hors intersection,Normale,Sans collision,,,,,,,,,,,1,2,1,1,7
200500026439,0005-05-06 12:15:00,5,5,6,12,15,300,269.0,AVENUE ABRAHAM MAZEL,,,Plein jour,En agglomération,Hors intersection,Normale,Sans collision,,,,,,,,,,,1,2,1,1,7
200500026440,0005-05-07 16:00:00,5,5,7,16,0,300,10.0,chemin de l'olivier,,,Nuit sans éclairage public,En agglomération,Hors intersection,Normale,Autre collision,,,,,,,,,,,3,2,1,1,6
200500026441,0005-05-21 01:30:00,5,5,21,1,30,300,269.0,Route de Caderle,44.108,3.881,Nuit avec éclairage allumé,En agglomération,Hors intersection,Normale,Sans collision,,,,,,,,,,,5,2,1,1,7
200500026442,0005-05-14 15:45:00,5,5,14,15,45,300,51.0,CD361 rue du Haut Planas,44.233,4.007,Plein jour,En agglomération,Hors intersection,Normale,Sans collision,,,,,,,,,,,1,2,1,1,7
200500026443,0005-05-09 19:30:00,5,5,9,19,30,300,348.0,,44.06,4.133,Plein jour,Hors agglomération,Giratoire,Normale,Deux véhicules - arrière,,,,,,,,,,,1,1,6,1,2
200500026444,0005-05-20 14:15:00,5,5,20,14,15,300,259.0,,,,Plein jour,Hors agglomération,Hors intersection,Normale,Autre collision,,,,,,,,,,,1,1,1,1,6
200500026445,0005-05-08 16:45:00,5,5,8,16,45,300,153.0,,44.414,4.016,Plein jour,Hors agglomération,Hors intersection,Normale,Deux véhicules - côté,,,,,,,,,,,1,1,1,1,3
200500026446,0005-05-18 21:45:00,5,5,18,21,45,300,152.0,,,,Nuit sans éclairage public,Hors agglomération,Hors intersection,Normale,Autre collision,,,,,,,,,,,3,1,1,1,6
200500026447,0005-05-21 08:30:00,5,5,21,8,30,300,227.0,,,,Plein jour,Hors agglomération,Hors intersection,Normale,Deux véhicules - frontale,,,,,,,,,,,1,1,1,1,1
200500026448,0005-05-28 08:00:00,5,5,28,8,0,300,295.0,,,,Plein jour,Hors agglomération,Hors intersection,Normale,Deux véhicules - frontale,,,,,,,,,,,1,1,1,1,1
200500026449,0005-05-06 17:30:00,5,5,6,17,30,300,331.0,,44.128,4.6,Plein jour,Hors agglomération,Hors intersection,Normale,Autre collision,,,,,,,,,,,1,1,1,1,6
200500026450,0005-05-14 09:45:00,5,5,14,9,45,300,288.0,RN 86,44.201,4.625,Plein jour,En agglomération,Hors intersection,Normale,Deux véhicules - arrière,,,,,,,,,,,1,2,1,1,2
200500026451,0005-05-19 19:45:00,5,5,19,19,45,300,331.0,,44.132,4.615,Plein jour,Hors agglomération,Hors intersection,Normale,Autre collision,,,,,,,,,,,1,1,1,1,6