accident_id,datetime,annee,mois,jour,heure,minute,departement,commune_insee,adresse,latitude,longitude,luminosite,agglomeration,intersection,meteo,collision,nb_vehicules,nb_usagers,nb_indemnes,nb_tues,nb_blesses_hosp,nb_blesses_legers,age_cond_1,age_cond_2,veh_type_cond_1,veh_type_cond_2,lum_code,agg_code,int_code,atm_code,col_code
200500026865,0005-05-11 18:00:00,5,5,11,18,0,60,88.0,,,,Plein jour,Hors agglomération,Hors intersection,Normale,Deux véhicules - frontale,,,,,,,,,,,1,1,1,1,1
200500026866,0005-05-20 19:45:00,5,5,20,19,45,60,88.0,,,,Plein jour,Hors agglomération,Hors intersection,Normale,Deux véhicules - côté,,,,,,,,,,,1,1,1,1,3
200500026867,0005-05-17 20:30:00,5,5,17,20,30,60,150.0,,,,Nuit sans éclairage public,Hors agglomération,Hors intersection,Pluie forte,Deux véhicules - frontale,,,,,,,,,,,3,1,1,3,1
200500026868,0005-05-29 03:30:00,5,5,29,3,30,60,88.0,,,,Nuit avec éclairage allumé,Hors agglomération,Autre intersection,Normale,Sans collision,,,,,,,,,,,5,1,9,1,7
200500026869,0005-05-14 05:45:00,5,5,14,5,45,900,1.0,,,,Crépuscule ou aube,Hors agglomération,Hors intersection,Pluie forte,Autre collision,,,,,,,,,,,2,1,1,3,6
200500026870,0005-05-01 17:30:00,5,5,1,17,30,620,810.0,,,,Plein jour,Hors agglomération,Hors intersection,Normale,Autre collision,,,,,,,,,,,1,1,1,1,6
200500026871,0005-05-08 16:00:00,5,5,8,16,0,860,115.0,,,,Plein jour,Hors agglomération,Hors intersection,Normale,Trois véhicules et plus - en chaîne,,,,,,,,,,,1,1,1,1,4
200500026872,0005-05-15 16:45:00,5,5,15,16,45,860,115.0,,,,Plein jour,Hors agglomération,Hors intersection,Pluie légère,Deux véhicules - arrière,,,,,,,,,,,1,1,1,2,2
200500026873,0005-05-21 14:00:00,5,5,21,14,0,130,7.0,,,,Plein jour,Hors agglomération,Hors intersection,Normale,Deux véhicules - arrière,,,,,,,,,,,1,1,1,1,2
200500026874,0005-05-22 02:00:00,5,5,22,2,0,830,1.0,,,,Nuit sans éclairage public,Hors agglomération,Hors intersection,Normale,Autre collision,,,,,,,,,,,3,1,1,1,6
200500026875,0005-05-22 06:30:00,5,5,22,6,30,60,79.0,,,,Plein jour,Hors agglomération,Hors intersection,Normale,Autre collision,,,,,,,,,,,1,1,1,1,6
200500026876,0005-05-01 07:15:00,5,5,1,7,15,770,415.0,,,,Plein jour,Hors agglomération,Hors intersection,Normale,Sans collision,,,,,,,,,,,1,1,1,1,7
200500026877,0005-05-04 00:30:00,5,5,4,0,30,640,343.0,,43.286,-0.204,Nuit sans éclairage public,Hors agglomération,Hors intersection,Normale,Autre collision,,,,,,,,,,,3,1,1,1,6
200500026878,0005-05-18 10:45:00,5,5,18,10,45,660,172.0,RUE LOUIS PIQUEMAL,,,Plein jour,En agglomération,Hors intersection,Normale,Deux véhicules - côté,,,,,,,,,,,1,2,1,1,3
200500026879,0005-05-18 01:30:00,5,5,18,1,30,110,148.0,,,,Nuit sans éclairage public,Hors agglomération,Hors intersection,Normale,Deux véhicules - frontale,,,,,,,,,,,3,1,1,1,1
200500026880,0005-05-27 09:45:00,5,5,27,9,45,590,502.0,,,,Plein jour,Hors agglomération,Hors intersection,Normale,Trois véhicules et plus - collisions multiples,,,,,,,,,,,1,1,1,1,5
200500026881,0005-05-27 16:45:00,5,5,27,16,45,590,37.0,rue Henri Barbusse,,,Plein jour,En agglomération,Hors intersection,Normale,Deux véhicules - frontale,,,,,,,,,,,1,2,1,1,1
200500026882,0005-05-24 08:30:00,5,5,24,8,30,280,18.0,,,,Plein jour,Hors agglomération,Hors intersection,Normale,Sans collision,,,,,,,,,,,1,1,1,1,7
200500026883,0005-05-13 11:45:00,5,5,13,11,45,250,47.0,,,,Plein jour,Hors agglomération,Hors intersection,Normale,Deux véhicules - frontale,,,,,,,,,,,1,1,1,1,1
200500026884,0005-05-17 17:00:00,5,5,17,17,0,250,527.0,,,,Plein jour,Hors agglomération,Hors intersection,Normale,Deux véhicules - côté,,,,,,,,,,,1,1,1,1,3
200500026885,0005-05-20 21:30:00,5,5,20,21,30,910,617.0,,,,Crépuscule ou aube,Hors agglomération,Hors intersection,Normale,Deux véhicules - côté,,,,,,,,,,,2,1,1,1,3
200500026886,0005-05-24 17:30:00,5,5,24,17,30,910,553.0,av. du Général LECLERC,,,Plein jour,En agglomération,Autre intersection,Normale,Deux véhicules - côté,,,,,,,,,,,1,2,9,1,3
200500026887,0005-05-06 11:45:00,5,5,6,11,45,330,527.0,,44.617,-1.027,Plein jour,Hors agglomération,Hors intersection,Normale,Trois véhicules et plus - collisions multiples,,,,,,,,,,,1,1,1,1,5
200500026888,0005-05-23 13:15:00,5,5,23,13,15,740,143.0,,45.93,6.75,Plein jour,Hors agglomération,Hors intersection,Normale,Sans collision,,,,,,,,,,,1,1,1,1,7
200500026889,0005-05-30 01:30:00,5,5,30,1,30,740,208.0,,45.925,6.731,Nuit sans éclairage public,Hors agglomération,Hors intersection,Normale,Autre collision,,,,,,,,,,,3,1,1,1,6
200500026890,0005-05-07 09:30:00,5,5,7,9,30,460,268.0,,,,Plein jour,Hors agglomération,Hors intersection,Normale,Autre collision,,,,,,,,,,,1,1,1,1,6
200500026891,0005-05-09 00:30:00,5,5,9,0,30,720,217.0,,,,Nuit sans éclairage public,Hors agglomération,Hors intersection,Normale,Deux véhicules - côté,,,,,,,,,,,3,1,1,1,3
200500026892,0005-05-12 12:15:00,5,5,12,12,15,720,278.0,,,,Plein jour,Hors agglomération,Hors intersection,Normale,Sans collision,,,,,,,,,,,1,1,1,1,7
200500026893,0005-05-01 03:45:00,5,5,1,3,45,680,266.0,,,,Nuit sans éclairage public,Hors agglomération,Hors intersection,Normale,Autre collision,,,,,,,,,,,3,1,1,1,6
200500026894,0005-05-02 04:45:00,5,5,2,4,45,680,278.0,,,,Nuit sans éclairage public,Hors agglomération,Hors intersection,Normale,Autre collision,,,,,,,,,,,3,1,1,1,6
200500026895,0005-05-03 17:45:00,5,5,3,17,45,680,228.0,,,,Plein jour,Hors agglomération,Hors intersection,Normale,Autre collision,,,,,,,,,,,1,1,1,1,6
200500026896,0005-05-05 04:00:00,5,5,5,4,0,680,309.0,,,,Nuit sans éclairage public,Hors agglomération,Hors intersection,Normale,Deux véhicules - arrière,,,,,,,,,,,3,1,1,1,2
200500026897,0005-05-12 17:30:00,5,5,12,17,30,680,82.0,,,,Plein jour,Hors agglomération,Hors intersection,Normale,Autre collision,,,,,,,,,,,1,1,1,1,6
200500026898,0005-05-14 19:30:00,5,5,14,19,30,680,72.0,,,,Plein jour,Hors agglomération,Hors intersection,Temps couvert,Deux véhicules - arrière,,,,,,,,,,,1,1,1,8,2
200500026899,0005-05-15 17:00:00,5,5,15,17,0,680,113.0,,,,Plein jour,Hors agglomération,Hors intersection,Normale,Deux véhicules - côté,,,,,,,,,,,1,1,1,1,3
200500026900,0005-05-20 11:45:00,5,5,20,11,45,680,241.0,,,,Plein jour,Hors agglomération,Hors intersection,Normale,Trois véhicules et plus - collisions multiples,,,,,,,,,,,1,1,1,1,5
200500026901,0005-05-25 14:30:00,5,5,25,14,30,680,113.0,,,,Plein jour,Hors agglomération,Hors intersection,Normale,Deux véhicules - arrière,,,,,,,,,,,1,1,1,1,2
200500026902,0005-05-28 11:30:00,5,5,28,11,30,680,21.0,,,,Plein jour,Hors agglomération,Hors intersection,Normale,Deux véhicules - frontale,,,,,,,,,,,1,1,1,1,1
200500026903,0005-05-29 19:30:00,5,5,29,19,30,680,252.0,,,,Plein jour,Hors agglomération,Hors intersection,Autre,Sans collision,,,,,,,,,,,1,1,1,9,7
200500026904,0005-05-17 12:30:00,5,5,17,12,30,820,28.0,,43.857,1.32,Plein jour,Hors agglomération,Hors intersection,Pluie légère,Deux véhicules - frontale,,,,,,,,,,,1,1,1,2,1
200500026905,0005-05-07 07:00:00,5,5,7,7,0,201,90.0,,,,Plein jour,Hors agglomération,Hors intersection,Normale,Sans collision,,,,,,,,,,,1,1,1,1,7
200500026906,0005-05-06 05:30:00,5,5,6,5,30,390,101.0,,,,Crépuscule ou aube,Hors agglomération,Hors intersection,Normale,Deux véhicules - arrière,,,,,,,,,,,2,1,1,1,2
200500026907,0005-05-09 19:15:00,5,5,9,19,15,380,39.0,RN90,,,Plein jour,En agglomération,Hors intersection,Normale,Deux véhicules - côté,,,,,,,,,,,1,2,1,1,3
200500026908,0005-05-12 17:45:00,5,5,12,17,45,380,397.0,,,,Plein jour,En agglomération,Hors intersection,Normale,Deux véhicules - frontale,,,,,,,,,,,1,2,1,1,1
200500026909,0005-05-11 17:30:00,5,5,11,17,30,380,229.0,Avenue du Vercors.,45.213,5.776,Plein jour,En agglomération,Hors intersection,Normale,Deux véhicules - frontale,,,,,,,,,,,1,2,1,1,1
200500026910,0005-05-14 12:15:00,5,5,14,12,15,60,85.0,chemin de carimai,,,Plein jour,En agglomération,Intersection en X,Pluie forte,Trois véhicules et plus - collisions multiples,,,,,,,,,,,1,2,2,3,5
200500026911,0005-05-23 16:15:00,5,5,23,16,15,660,195.0,AVENUE JEAN JAURES,,,Plein jour,En agglomération,Hors intersection,Normale,Deux véhicules - côté,,,,,,,,,,,1,2,1,1,3
200500026912,0005-05-02 15:30:00,5,5,2,15,30,670,8.0,,,,Plein jour,Hors agglomération,Hors intersection,Normale,Deux véhicules - arrière,,,,,,,,,,,1,1,1,1,2
200500026913,0005-05-15 00:30:00,5,5,15,0,30,670,481.0,,,,Nuit sans éclairage public,Hors agglomération,Hors intersection,Normale,Autre collision,,,,,,,,,,,3,1,1,1,6
200500026914,0005-05-17 08:45:00,5,5,17,8,45,670,411.0,,,,Plein jour,Hors agglomération,Hors intersection,Normale,Autre collision,,,,,,,,,,,1,1,1,1,6
200500026915,0005-05-29 15:00:00,5,5,29,15,0,670,108.0,,,,Plein jour,Hors agglomération,Hors intersection,Normale,Trois véhicules et plus - en chaîne,,,,,,,,,,,1,1,1,1,4
200500026916,0005-05-25 07:45:00,5,5,25,7,45,170,196.0,,,,Plein jour,Hors agglomération,Hors intersection,Normale,Deux véhicules - arrière,,,,,,,,,,,1,1,1,1,2
200500026917,0005-05-14 03:00:00,5,5,14,3,0,330,126.0,,45.123,-0.485,Plein jour,Hors agglomération,Hors intersection,Normale,Deux véhicules - arrière,,,,,,,,,,,1,1,1,1,2
200500026918,0005-05-23 16:45:00,5,5,23,16,45,740,16.0,,,,Plein jour,Hors agglomération,Hors intersection,Normale,Deux véhicules - arrière,,,,,,,,,,,1,1,1,1,2
200500026919,0005-05-14 01:00:00,5,5,14,1,0,220,206.0,,48.545,-2.982,Nuit sans éclairage public,Hors agglomération,Hors intersection,Normale,Deux véhicules - frontale,,,,,,,,,,,3,1,1,1,1
200500026920,0005-05-11 16:15:00,5,5,11,16,15,740,268.0,Face au 140 avenue d'AIX,,,Plein jour,En agglomération,Hors intersection,Normale,Deux véhicules - arrière,,,,,,,,,,,1,2,1,1,2
200500026921,0005-05-27 16:15:00,5,5,27,16,15,740,272.0,,,,Plein jour,Hors agglomération,Hors intersection,Normale,Deux véhicules - frontale,,,,,,,,,,,1,1,1,1,1
200500026922,0005-05-05 01:00:00,5,5,5,1,0,10,49.0,,45.84,5.035,Nuit sans éclairage public,Hors agglomération,Hors intersection,Normale,Deux véhicules - côté,,,,,,,,,,,3,1,1,1,3
200500026923,0005-05-22 00:30:00,5,5,22,0,30,10,7.0,,,,Nuit sans éclairage public,Hors agglomération,Hors intersection,Pluie légère,Deux véhicules - frontale,,,,,,,,,,,3,1,1,2,1
200500026924,0005-05-31 06:00:00,5,5,31,6,0,10,99.0,,45.907,5.23,Plein jour,Hors agglomération,Hors intersection,Normale,Autre collision,,,,,,,,,,,1,1,1,1,6
200500026925,0005-05-03 11:00:00,5,5,3,11,0,510,115.0,,49.196,4.014,Plein jour,Hors agglomération,Hors intersection,Normale,Autre collision,,,,,,,,,,,1,1,1,1,6
200500026926,0005-05-10 08:45:00,5,5,10,8,45,510,449.0,,49.214,4.146,Plein jour,Hors agglomération,Giratoire,Normale,Deux véhicules - arrière,,,,,,,,,,,1,1,6,1,2
200500026927,0005-05-24 17:45:00,5,5,24,17,45,510,614.0,,49.159,4.155,Plein jour,Hors agglomération,Hors intersection,Normale,Sans collision,,,,,,,,,,,1,1,1,1,7
200500026928,0005-05-27 19:30:00,5,5,27,19,30,510,493.0,,49.232,4.101,Plein jour,Hors agglomération,Hors intersection,Normale,Deux véhicules - côté,,,,,,,,,,,1,1,1,1,3
200500026929,0005-05-20 10:30:00,5,5,20,10,30,520,282.0,,47.978,5.14,Plein jour,Hors agglomération,Hors intersection,Normale,Autre collision,,,,,,,,,,,1,1,1,1,6
200500026930,0005-05-31 16:00:00,5,5,31,16,0,520,307.0,,47.944,5.198,Plein jour,Hors agglomération,Hors intersection,Normale,Sans collision,,,,,,,,,,,1,1,1,1,7
200500026931,0005-05-03 17:45:00,5,5,3,17,45,220,144.0,,48.504,-2.851,Plein jour,Hors agglomération,Hors intersection,Normale,Deux véhicules - côté,,,,,,,,,,,1,1,1,1,3
200500026932,0005-05-28 14:00:00,5,5,28,14,0,620,226.0,,50.646,2.272,Plein jour,Hors agglomération,Hors intersection,Normale,Deux véhicules - côté,,,,,,,,,,,1,1,1,1,3
200500026933,0005-05-20 07:30:00,5,5,20,7,30,310,157.0,route de Tournefeuille,43.558,1.335,Plein jour,En agglomération,Autre intersection,Normale,Deux véhicules - frontale,,,,,,,,,,,1,2,9,1,1
200500026934,0005-05-25 08:00:00,5,5,25,8,0,690,33.0,,,,Plein jour,Hors agglomération,Hors intersection,Normale,Deux véhicules - côté,,,,,,,,,,,1,1,1,1,3
200500026935,0005-05-18 08:15:00,5,5,18,8,15,690,244.0,42 avenue Brosset,,,Plein jour,En agglomération,Hors intersection,Normale,Trois véhicules et plus - collisions multiples,,,,,,,,,,,1,2,1,1,5
200500026936,0005-05-22 16:00:00,5,5,22,16,0,380,340.0,CD 4,45.455,4.773,Plein jour,En agglomération,Hors intersection,Normale,Deux véhicules - côté,,,,,,,,,,,1,2,1,1,3
200500026937,0005-05-15 04:45:00,5,5,15,4,45,740,11.0,,,,Nuit sans éclairage public,Hors agglomération,Hors intersection,Normale,Deux véhicules - frontale,,,,,,,,,,,3,1,1,1,1
200500026938,0005-05-27 06:15:00,5,5,27,6,15,740,120.0,,46.046,6.249,Crépuscule ou aube,Hors agglomération,Hors intersection,Normale,Deux véhicules - arrière,,,,,,,,,,,2,1,1,1,2
200500026939,0005-05-04 16:45:00,5,5,4,16,45,340,255.0,,,,Plein jour,Hors agglomération,Hors intersection,Normale,Deux véhicules - côté,,,,,,,,,,,1,1,1,1,3
200500026940,0005-05-29 12:00:00,5,5,29,12,0,10,151.0,,,,Plein jour,Hors agglomération,Hors intersection,Normale,Autre collision,,,,,,,,,,,1,1,1,1,6
200500026941,0005-05-14 09:30:00,5,5,14,9,30,130,118.0,,43.556,5.244,Plein jour,Hors agglomération,Hors intersection,Pluie forte,Autre collision,,,,,,,,,,,1,1,1,3,6
200500026942,0005-05-14 09:00:00,5,5,14,9,0,130,37.0,av des gramenieres,,,Plein jour,En agglomération,Hors intersection,Pluie légère,Deux véhicules - frontale,,,,,,,,,,,1,2,1,2,1
200500026943,0005-05-20 19:45:00,5,5,20,19,45,130,32.0,Rue d' AIX,,,Plein jour,En agglomération,Hors intersection,Normale,Deux véhicules - frontale,,,,,,,,,,,1,2,1,1,1
200500026944,0005-05-30 13:45:00,5,5,30,13,45,130,118.0,,,,Plein jour,Hors agglomération,Hors intersection,Normale,Deux véhicules - côté,,,,,,,,,,,1,1,1,1,3
200500026945,0005-05-13 14:30:00,5,5,13,14,30,950,353.0,,49.086,2.314,Nuit avec éclairage allumé,Hors agglomération,Hors intersection,Pluie légère,Autre collision,,,,,,,,,,,5,1,1,2,6
200500026946,0005-05-16 10:30:00,5,5,16,10,30,760,645.0,,49.88,1.566,Plein jour,Hors agglomération,Hors intersection,Normale,Autre collision,,,,,,,,,,,1,1,1,1,6
200500026947,0005-05-01 18:30:00,5,5,1,18,30,560,251.0,,47.64,-2.683,Plein jour,Hors agglomération,Hors intersection,Normale,Deux véhicules - côté,,,,,,,,,,,1,1,1,1,3
200500026948,0005-05-16 14:00:00,5,5,16,14,0,560,243.0,Route de Nantes,47.654,-2.716,Plein jour,En agglomération,Hors intersection,Normale,Deux véhicules - arrière,,,,,,,,,,,1,2,1,1,2
200500026949,0005-05-28 20:30:00,5,5,28,20,30,560,240.0,kerhouet st colombier,47.548,-2.725,Plein jour,En agglomération,Hors intersection,Normale,Sans collision,,,,,,,,,,,1,2,1,1,7
200500026950,0005-05-28 15:00:00,5,5,28,15,0,560,240.0,,47.543,-2.738,Plein jour,Hors agglomération,Hors intersection,Normale,Deux véhicules - côté,,,,,,,,,,,1,1,1,1,3
200500026951,0005-05-04 17:30:00,5,5,4,17,30,380,48.0,,,,Plein jour,Hors agglomération,Hors intersection,Normale,Deux véhicules - frontale,,,,,,,,,,,1,1,1,1,1
200500026952,0005-05-10 18:30:00,5,5,10,18,30,410,231.0,,,,Plein jour,Hors agglomération,Hors intersection,Normale,Sans collision,,,,,,,,,,,1,1,1,1,7
200500026953,0005-05-16 11:15:00,5,5,16,11,15,180,50.0,,,,Plein jour,Hors agglomération,Hors intersection,Normale,Sans collision,,,,,,,,,,,1,1,1,1,7
200500026954,0005-05-22 12:30:00,5,5,22,12,30,410,46.0,,,,Plein jour,Hors agglomération,Hors intersection,Normale,Autre collision,,,,,,,,,,,1,1,1,1,6
200500026955,0005-05-29 16:15:00,5,5,29,16,15,410,231.0,,,,Plein jour,Hors agglomération,Hors intersection,Normale,Sans collision,,,,,,,,,,,1,1,1,1,7
200500026956,0005-05-30 12:00:00,5,5,30,12,0,180,96.0,,,,Plein jour,Hors agglomération,Hors intersection,Normale,Sans collision,,,,,,,,,,,1,1,1,1,7
200500026957,0005-05-18 18:00:00,5,5,18,18,0,220,360.0,rue de l'Urne,48.485,-2.749,Plein jour,En agglomération,Intersection en X,Normale,Deux véhicules - frontale,,,,,,,,,,,1,2,2,1,1
200500026958,0005-05-03 08:00:00,5,5,3,8,0,140,739.0,,49.346,-0.527,Plein jour,Hors agglomération,Hors intersection,Normale,Deux véhicules - arrière,,,,,,,,,,,1,1,1,1,2
200500026959,0005-05-12 20:15:00,5,5,12,20,15,130,44.0,,43.62,5.027,Crépuscule ou aube,Hors agglomération,Hors intersection,Normale,Sans collision,,,,,,,,,,,2,1,1,1,7
200500026960,0005-05-14 15:00:00,5,5,14,15,0,60,90.0,,,,Plein jour,Hors agglomération,Hors intersection,Normale,Deux véhicules - côté,,,,,,,,,,,1,1,1,1,3
200500026961,0005-05-16 12:15:00,5,5,16,12,15,720,339.0,,47.954,-0.011,Plein jour,Hors agglomération,Hors intersection,Normale,Autre collision,,,,,,,,,,,1,1,1,1,6
200500026962,0005-05-28 17:00:00,5,5,28,17,0,670,108.0,ROUTE DE STRASBOURG,48.53,7.597,Plein jour,En agglomération,Autre intersection,Normale,Deux véhicules - arrière,,,,,,,,,,,1,2,9,1,2
200500026963,0005-05-30 08:30:00,5,5,30,8,30,670,152.0,rue du Nouveau Passage,48.526,7.686,Plein jour,En agglomération,Autre intersection,Pluie légère,Autre collision,,,,,,,,,,,1,2,9,2,6
200500026964,0005-05-18 08:30:00,5,5,18,8,30,670,471.0,,48.638,7.754,Plein jour,En agglomération,Hors intersection,Temps couvert,Autre collision,,,,,,,,,,,1,2,1,8,6
200500026965,0005-05-09 06:15:00,5,5,9,6,15,650,226.0,,43.236,-0.019,Plein jour,Hors agglomération,Hors intersection,Normale,Autre collision,,,,,,,,,,,1,1,1,1,6
200500026966,0005-05-04 11:45:00,5,5,4,11,45,380,193.0,,,,Plein jour,Hors agglomération,Hors intersection,Normale,Deux véhicules - frontale,,,,,,,,,,,1,1,1,1,1
200500026967,0005-05-10 08:45:00,5,5,10,8,45,380,172.0,,,,Plein jour,Hors agglomération,Hors intersection,Normale,Deux véhicules - côté,,,,,,,,,,,1,1,1,1,3
200500026968,0005-05-19 16:45:00,5,5,19,16,45,380,193.0,,45.636,5.291,Plein jour,Hors agglomération,Hors intersection,Normale,Autre collision,,,,,,,,,,,1,1,1,1,6
200500026969,0005-05-15 03:00:00,5,5,15,3,0,210,183.0,,47.236,5.275,Nuit sans éclairage public,Hors agglomération,Hors intersection,Normale,Sans collision,,,,,,,,,,,3,1,1,1,7
200500026970,0005-05-26 02:15:00,5,5,26,2,15,100,426.0,,,,Nuit sans éclairage public,Hors agglomération,Hors intersection,Normale,Deux véhicules - frontale,,,,,,,,,,,3,1,1,1,1
200500026971,0005-05-04 09:15:00,5,5,4,9,15,130,80.0,,43.66,5.44,Plein jour,Hors agglomération,Intersection en X,Normale,Deux véhicules - côté,,,,,,,,,,,1,1,2,1,3
200500026972,0005-05-12 12:15:00,5,5,12,12,15,130,113.0,Av Maurice Plantier,43.6,5.48,Plein jour,En agglomération,Hors intersection,Temps couvert,Deux véhicules - frontale,,,,,,,,,,,1,2,1,8,1
200500026973,0005-05-26 19:30:00,5,5,26,19,30,130,113.0,72 AVENUE LES LOGISSONS,,,Plein jour,En agglomération,Hors intersection,Normale,Deux véhicules - côté,,,,,,,,,,,1,2,1,1,3
200500026974,0005-05-08 12:45:00,5,5,8,12,45,640,112.0,,,,Plein jour,Hors agglomération,Hors intersection,Normale,Sans collision,,,,,,,,,,,1,1,1,1,7
200500026975,0005-05-21 08:00:00,5,5,21,8,0,670,194.0,,48.725,7.881,Plein jour,Hors agglomération,Hors intersection,Pluie forte,Sans collision,,,,,,,,,,,1,1,1,3,7
200500026976,0005-05-21 07:00:00,5,5,21,7,0,510,99.0,,48.804,4.279,Crépuscule ou aube,Hors agglomération,Hors intersection,Temps couvert,Sans collision,,,,,,,,,,,2,1,1,8,7
200500026977,0005-05-06 18:00:00,5,5,6,18,0,620,307.0,,50.921,1.719,Plein jour,En agglomération,Hors intersection,Normale,Autre collision,,,,,,,,,,,1,2,1,1,6
200500026978,0005-05-10 11:30:00,5,5,10,11,30,310,118.0,,,,Plein jour,Hors agglomération,Hors intersection,Normale,Deux véhicules - arrière,,,,,,,,,,,1,1,1,1,2
200500026979,0005-05-29 12:45:00,5,5,29,12,45,310,117.0,,,,Plein jour,Hors agglomération,Hors intersection,Normale,Trois véhicules et plus - collisions multiples,,,,,,,,,,,1,1,1,1,5
200500026980,0005-05-22 18:30:00,5,5,22,18,30,770,453.0,,,,Plein jour,Hors agglomération,Hors intersection,Normale,Autre collision,,,,,,,,,,,1,1,1,1,6
200500026981,0005-05-01 12:15:00,5,5,1,12,15,600,299.0,,,,Plein jour,Hors agglomération,Hors intersection,Normale,Autre collision,,,,,,,,,,,1,1,1,1,6
200500026982,0005-05-29 15:30:00,5,5,29,15,30,950,504.0,,,,Plein jour,Hors agglomération,Hors intersection,Normale,Autre collision,,,,,,,,,,,1,1,1,1,6
200500026983,0005-05-01 16:15:00,5,5,1,16,15,890,172.0,,48.239,3.385,Plein jour,Hors agglomération,Hors intersection,Normale,Autre collision,,,,,,,,,,,1,1,1,1,6
200500026984,0005-05-01 21:00:00,5,5,1,21,0,890,483.0,,48.242,3.375,Nuit sans éclairage public,Hors agglomération,Hors intersection,Normale,Sans collision,,,,,,,,,,,3,1,1,1,7
200500026985,0005-05-05 10:30:00,5,5,5,10,30,890,261.0,,48.252,3.524,Plein jour,Hors agglomération,Hors intersection,Normale,Sans collision,,,,,,,,,,,1,1,1,1,7
200500026986,0005-05-06 15:00:00,5,5,6,15,0,130,50.0,,,,Plein jour,Hors agglomération,Hors intersection,Normale,Deux véhicules - côté,,,,,,,,,,,1,1,1,1,3
200500026987,0005-05-09 09:00:00,5,5,9,9,0,130,50.0,,,,Plein jour,Hors agglomération,Hors intersection,Normale,Trois véhicules et plus - collisions multiples,,,,,,,,,,,1,1,1,1,5
200500026988,0005-05-05 14:15:00,5,5,5,14,15,310,399.0,,43.376,1.276,Plein jour,Hors agglomération,Hors intersection,Pluie légère,Sans collision,,,,,,,,,,,1,1,1,2,7
200500026989,0005-05-23 11:15:00,5,5,23,11,15,310,458.0,,43.52,1.37,Plein jour,Hors agglomération,Hors intersection,Normale,Trois véhicules et plus - collisions multiples,,,,,,,,,,,1,1,1,1,5
200500026990,0005-05-24 07:15:00,5,5,24,7,15,310,458.0,,43.5,1.34,Plein jour,Hors agglomération,Hors intersection,Normale,Autre collision,,,,,,,,,,,1,1,1,1,6
200500026991,0005-05-16 14:45:00,5,5,16,14,45,760,533.0,,49.482,0.267,Plein jour,Hors agglomération,Hors intersection,Normale,Autre collision,,,,,,,,,,,1,1,1,1,6
200500026992,0005-05-13 16:30:00,5,5,13,16,30,490,185.0,,,,Plein jour,Hors agglomération,Hors intersection,Pluie forte,Sans collision,,,,,,,,,,,1,1,1,3,7
200500026993,0005-05-28 13:30:00,5,5,28,13,30,740,164.0,,46.075,6.497,Plein jour,Hors agglomération,Hors intersection,Normale,Sans collision,,,,,,,,,,,1,1,1,1,7
200500026994,0005-05-12 08:45:00,5,5,12,8,45,800,21.0,,,,Plein jour,Hors agglomération,Hors intersection,Normale,Autre collision,,,,,,,,,,,1,1,1,1,6
200500026995,0005-05-15 15:45:00,5,5,15,15,45,800,117.0,,50.04,2.027,Plein jour,Hors agglomération,Hors intersection,Normale,Sans collision,,,,,,,,,,,1,1,1,1,7
200500026996,0005-05-25 12:45:00,5,5,25,12,45,800,318.0,,,,Plein jour,Hors agglomération,Hors intersection,Normale,Autre collision,,,,,,,,,,,1,1,1,1,6
200500026997,0005-05-05 12:45:00,5,5,5,12,45,800,580.0,,,,Plein jour,Hors agglomération,Hors intersection,Normale,Autre collision,,,,,,,,,,,1,1,1,1,6
200500026998,0005-05-07 19:30:00,5,5,7,19,30,800,76.0,,,,Plein jour,Hors agglomération,Hors intersection,Normale,Autre collision,,,,,,,,,,,1,1,1,1,6
200500026999,0005-05-27 16:15:00,5,5,27,16,15,800,344.0,,,,Plein jour,Hors agglomération,Hors intersection,Normale,Deux véhicules - frontale,,,,,,,,,,,1,1,1,1,1
200500027000,0005-05-01 04:45:00,5,5,1,4,45,620,233.0,,,,Nuit sans éclairage public,Hors agglomération,Hors intersection,Normale,Trois véhicules et plus - collisions multiples,,,,,,,,,,,3,1,1,1,5
200500027001,0005-05-06 12:15:00,5,5,6,12,15,460,215.0,,44.81,1.5,Plein jour,Hors agglomération,Hors intersection,Normale,Autre collision,,,,,,,,,,,1,1,1,1,6
200500027002,0005-05-15 14:00:00,5,5,15,14,0,450,104.0,,,,Plein jour,Hors agglomération,Hors intersection,Normale,Autre collision,,,,,,,,,,,1,1,1,1,6
200500027003,0005-05-30 22:45:00,5,5,30,22,45,340,16.0,,43.627,3.631,Nuit sans éclairage public,Hors agglomération,Hors intersection,Normale,Sans collision,,,,,,,,,,,3,1,1,1,7
200500027004,0005-05-09 11:00:00,5,5,9,11,0,780,356.0,ROUTE DE VERSAILLES,48.72,2.09,Plein jour,En agglomération,Hors intersection,Normale,Deux véhicules - frontale,,,,,,,,,,,1,2,1,1,1
200500027005,0005-05-29 09:45:00,5,5,29,9,45,780,356.0,,48.744,2.043,Plein jour,Hors agglomération,Hors intersection,Normale,Sans collision,,,,,,,,,,,1,1,1,1,7