accident_id,datetime,annee,mois,jour,heure,minute,departement,commune_insee,adresse,latitude,longitude,luminosite,agglomeration,intersection,meteo,collision,nb_vehicules,nb_usagers,nb_indemnes,nb_tues,nb_blesses_hosp,nb_blesses_legers,age_cond_1,age_cond_2,veh_type_cond_1,veh_type_cond_2,lum_code,agg_code,int_code,atm_code,col_code
200500027400,0005-05-30 11:45:00,5,5,30,11,45,60,88.0,"66, CIMIEZ (BD) JUSQU'AU",,,Plein jour,En agglomération,Hors intersection,Normale,Deux véhicules - frontale,,,,,,,,,,,1,2,1,1,1
200500027401,0005-05-30 17:00:00,5,5,30,17,0,60,88.0,"8, MASSE (RUE NATHALIE)",,,Plein jour,En agglomération,Hors intersection,Normale,Autre collision,,,,,,,,,,,1,2,1,1,6
200500027402,0005-05-31 00:05:00,5,5,31,0,5,60,88.0,"0, LOGE (R. DE LA)",,,Nuit avec éclairage allumé,Hors agglomération,Intersection en X,Normale,Deux véhicules - côté,,,,,,,,,,,5,1,2,1,3
200500027403,0005-05-31 08:40:00,5,5,31,8,40,60,88.0,"124, CALIFORNIE (AV.) (J",,,Plein jour,En agglomération,Hors intersection,Normale,Autre collision,,,,,,,,,,,1,2,1,1,6
200500027404,0005-05-31 09:00:00,5,5,31,9,0,60,88.0,"56, SAINT-PIERRE DE FERI",,,Plein jour,En agglomération,Hors intersection,Normale,Autre collision,,,,,,,,,,,1,2,1,1,6
200500027405,0005-05-31 10:35:00,5,5,31,10,35,60,88.0,"106, SAPPIA (AV. HENRI)",,,Plein jour,En agglomération,Hors intersection,Normale,Sans collision,,,,,,,,,,,1,2,1,1,7
200500027406,0005-05-31 11:10:00,5,5,31,11,10,60,88.0,"0, GRIMALDI (R.)",,,Plein jour,En agglomération,Intersection en X,Normale,Autre collision,,,,,,,,,,,1,2,2,1,6
200500027407,0005-05-31 14:10:00,5,5,31,14,10,60,88.0,"151, MADELEINE (BD DE LA",,,Plein jour,En agglomération,Hors intersection,Normale,Autre collision,,,,,,,,,,,1,2,1,1,6
200500027408,0005-05-31 16:09:00,5,5,31,16,9,60,88.0,"0, LYAUTEY (AV. DU MAL)",,,Plein jour,En agglomération,Intersection en T,Normale,Deux véhicules - frontale,,,,,,,,,,,1,2,3,1,1
200500027409,0005-05-31 15:40:00,5,5,31,15,40,60,88.0,"0, ASSALIT (RUE)",,,Plein jour,En agglomération,Intersection en X,Normale,Deux véhicules - côté,,,,,,,,,,,1,2,2,1,3
200500027410,0005-05-31 22:15:00,5,5,31,22,15,60,88.0,"85, GAIRAUT (AV. DE)",,,Nuit avec éclairage allumé,En agglomération,Hors intersection,Normale,Autre collision,,,,,,,,,,,5,2,1,1,6
200500027411,0005-05-04 08:45:00,5,5,4,8,45,70,10.0,"36, BOISSY D'ANGLAS (RUE",,,Plein jour,En agglomération,Hors intersection,Normale,Autre collision,,,,,,,,,,,1,2,1,1,6
200500027412,0005-05-09 15:20:00,5,5,9,15,20,70,10.0,"31, QUEBEC (RUE DU - RD",,,Plein jour,Hors agglomération,Hors intersection,Normale,Deux véhicules - côté,,,,,,,,,,,1,1,1,1,3
200500027413,0005-05-22 16:20:00,5,5,22,16,20,70,78.0,OLYMPE DE GOUGE,,,Plein jour,En agglomération,Intersection en X,Normale,Deux véhicules - côté,,,,,,,,,,,1,2,2,1,3
200500027414,0005-05-28 09:00:00,5,5,28,9,0,70,10.0,"4, 4EME SPAHIS ( ROUTE D",,,Plein jour,En agglomération,Hors intersection,Normale,Deux véhicules - côté,,,,,,,,,,,1,2,1,1,3
200500027415,0005-05-29 14:15:00,5,5,29,14,15,70,116.0,LE MALPAS (QUARTIER),,,Plein jour,Hors agglomération,Hors intersection,Normale,Deux véhicules - côté,,,,,,,,,,,1,1,1,1,3
200500027416,0005-05-03 15:35:00,5,5,3,15,35,70,102.0,REPUBLIQUE (AV. DE LA) [,,,Plein jour,En agglomération,Intersection en T,Normale,Deux véhicules - côté,,,,,,,,,,,1,2,3,1,3
200500027417,0005-05-09 07:30:00,5,5,9,7,30,70,102.0,SADI-CARNOT (AV.) [DU N°,,,Plein jour,Hors agglomération,Hors intersection,Normale,Sans collision,,,,,,,,,,,1,1,1,1,7
200500027418,0005-05-04 14:05:00,5,5,4,14,5,70,281.0,ROUTE NATIONALE 86,,,Plein jour,En agglomération,Intersection en Y,Normale,Deux véhicules - côté,,,,,,,,,,,1,2,4,1,3
200500027419,0005-05-25 13:20:00,5,5,25,13,20,70,186.0,"9, BACCONNIER (RUE LUDOV",,,Plein jour,En agglomération,Hors intersection,Normale,Deux véhicules - arrière,,,,,,,,,,,1,2,1,1,2
200500027420,0005-05-02 18:20:00,5,5,2,18,20,80,105.0,"1, SARTRE J.P.",,,Plein jour,Hors agglomération,Autre intersection,Normale,Deux véhicules - côté,,,,,,,,,,,1,1,9,1,3
200500027421,0005-05-06 15:26:00,5,5,6,15,26,80,105.0,CARNOT AVENUE,,,Plein jour,En agglomération,Hors intersection,Normale,Autre collision,,,,,,,,,,,1,2,1,1,6
200500027422,0005-05-07 15:35:00,5,5,7,15,35,80,105.0,"27, ZOLA E.",,,Plein jour,En agglomération,Hors intersection,Normale,Autre collision,,,,,,,,,,,1,2,1,1,6
200500027423,0005-05-11 08:50:00,5,5,11,8,50,80,105.0,PREFECTURE PLACE,,,Plein jour,En agglomération,Hors intersection,Normale,Autre collision,,,,,,,,,,,1,2,1,1,6
200500027424,0005-05-18 20:15:00,5,5,18,20,15,80,105.0,NOUZONVILLE,,,Plein jour,En agglomération,Hors intersection,Normale,Deux véhicules - frontale,,,,,,,,,,,1,2,1,1,1
200500027425,0005-05-24 19:40:00,5,5,24,19,40,80,105.0,CARNOT AVENUE,,,Plein jour,En agglomération,Hors intersection,Normale,Autre collision,,,,,,,,,,,1,2,1,1,6
200500027426,0005-05-07 21:30:00,5,5,7,21,30,80,409.0,"27, PASTEUR (AVENUE)",,,Nuit avec éclairage allumé,En agglomération,Hors intersection,Pluie forte,Deux véhicules - frontale,,,,,,,,,,,5,2,1,3,1
200500027427,0005-05-17 17:25:00,5,5,17,17,25,90,122.0,ESPAGNE (ROUTE D'),,,Plein jour,Hors agglomération,Hors intersection,Temps couvert,Deux véhicules - côté,,,,,,,,,,,1,1,1,8,3
200500027428,0005-05-24 13:55:00,5,5,24,13,55,90,122.0,LERIDA (AVENUE DE),,,Plein jour,En agglomération,Hors intersection,Normale,Deux véhicules - côté,,,,,,,,,,,1,2,1,1,3
200500027429,0005-05-28 10:50:00,5,5,28,10,50,90,122.0,ESPAGNE (ROUTE D'),,,Plein jour,En agglomération,Hors intersection,Temps éblouissant,Trois véhicules et plus - en chaîne,,,,,,,,,,,1,2,1,7,4
200500027430,0005-05-28 11:20:00,5,5,28,11,20,90,122.0,LABARRE,,,Plein jour,En agglomération,Hors intersection,Normale,Deux véhicules - côté,,,,,,,,,,,1,2,1,1,3
200500027431,0005-05-02 16:45:00,5,5,2,16,45,90,225.0,", ALBERT TOURNIER PLACE",,,Plein jour,En agglomération,Hors intersection,Normale,Autre collision,,,,,,,,,,,1,2,1,1,6
200500027432,0005-05-11 12:30:00,5,5,11,12,30,90,225.0,"06, IRENEE CROS AVENUE",,,Plein jour,En agglomération,Hors intersection,Normale,Autre collision,,,,,,,,,,,1,2,1,1,6
200500027433,0005-05-17 09:55:00,5,5,17,9,55,90,225.0,"00, TOULOUSE ROUTE DE",,,Plein jour,Hors agglomération,Intersection en T,Pluie légère,Deux véhicules - côté,,,,,,,,,,,1,1,3,2,3
200500027434,0005-05-26 21:30:00,5,5,26,21,30,90,225.0,VICARIA ROUTE DE,,,Plein jour,En agglomération,Hors intersection,Normale,Autre collision,,,,,,,,,,,1,2,1,1,6
200500027435,0005-05-26 19:50:00,5,5,26,19,50,90,225.0,"00, 9° R.C.P. AVENUE DU",,,Plein jour,En agglomération,Intersection en T,Normale,Sans collision,,,,,,,,,,,1,2,3,1,7
200500027436,0005-05-01 05:35:00,5,5,1,5,35,100,387.0,"32, MARIE DE CHAMPAGNE (",,,Crépuscule ou aube,En agglomération,Hors intersection,Normale,Deux véhicules - frontale,,,,,,,,,,,2,2,1,1,1
200500027437,0005-05-03 23:40:00,5,5,3,23,40,100,297.0,"51, JEAN JAURES (RUE)",,,Nuit avec éclairage allumé,En agglomération,Hors intersection,Pluie légère,Autre collision,,,,,,,,,,,5,2,1,2,6
200500027438,0005-05-04 17:20:00,5,5,4,17,20,100,357.0,JULES GUESDE (RUE),,,Plein jour,En agglomération,Intersection en X,Pluie légère,Deux véhicules - côté,,,,,,,,,,,1,2,2,2,3
200500027439,0005-05-11 18:15:00,5,5,11,18,15,100,333.0,ANTES (RUE),,,Plein jour,En agglomération,Hors intersection,Normale,Autre collision,,,,,,,,,,,1,2,1,1,6
200500027440,0005-05-14 11:05:00,5,5,14,11,5,100,81.0,"000, JEAN MOULIN (RUE)",,,Plein jour,En agglomération,Intersection en T,Normale,Deux véhicules - côté,,,,,,,,,,,1,2,3,1,3
200500027441,0005-05-20 18:20:00,5,5,20,18,20,100,325.0,"5, PASTEUR (RUE)",,,Plein jour,En agglomération,Hors intersection,Normale,Trois véhicules et plus - collisions multiples,,,,,,,,,,,1,2,1,1,5
200500027442,0005-05-31 17:20:00,5,5,31,17,20,100,81.0,"00, FRERES MICHELIN (RUE",,,Plein jour,En agglomération,Intersection en X,Normale,Deux véhicules - côté,,,,,,,,,,,1,2,2,1,3
200500027443,0005-05-01 17:40:00,5,5,1,17,40,110,69.0,SAINT MARTIN -AVENUE-,,,Plein jour,En agglomération,Intersection en T,Vent fort / tempête,Deux véhicules - côté,,,,,,,,,,,1,2,3,6,3
200500027444,0005-05-25 12:15:00,5,5,25,12,15,110,69.0,RD33,,,Plein jour,Hors agglomération,Hors intersection,Normale,Deux véhicules - côté,,,,,,,,,,,1,1,1,1,3
200500027445,0005-05-20 16:35:00,5,5,20,16,35,110,262.0,TOURNAL (AVENUE PAUL),,,Plein jour,En agglomération,Intersection en X,Normale,Deux véhicules - côté,,,,,,,,,,,1,2,2,1,3
200500027446,0005-05-26 07:15:00,5,5,26,7,15,110,262.0,RN 009 NARBONNE /  PERPI,,,Plein jour,En agglomération,Hors intersection,Normale,Deux véhicules - arrière,,,,,,,,,,,1,2,1,1,2
200500027447,0005-05-04 16:55:00,5,5,4,16,55,120,89.0,"37-39, MIRAMONT",,,Plein jour,En agglomération,Hors intersection,Normale,Trois véhicules et plus - collisions multiples,,,,,,,,,,,1,2,1,1,5
200500027448,0005-05-15 19:20:00,5,5,15,19,20,120,146.0,FLAVIN (ROUTE DE),,,Plein jour,En agglomération,Hors intersection,Normale,Trois véhicules et plus - collisions multiples,,,,,,,,,,,1,2,1,1,5
200500027449,0005-05-23 18:40:00,5,5,23,18,40,120,146.0,FLAVIN (ROUTE DE),,,Plein jour,Hors agglomération,Hors intersection,Normale,Deux véhicules - frontale,,,,,,,,,,,1,1,1,1,1
200500027450,0005-05-02 12:40:00,5,5,2,12,40,130,1.0,GIONO JEAN (AV),,,Plein jour,En agglomération,Hors intersection,Normale,Deux véhicules - côté,,,,,,,,,,,1,2,1,1,3
200500027451,0005-05-03 16:50:00,5,5,3,16,50,130,1.0,"10, REPUBLIQUE (BD DE LA",,,Plein jour,En agglomération,Hors intersection,Normale,Deux véhicules - côté,,,,,,,,,,,1,2,1,1,3
200500027452,0005-05-04 14:50:00,5,5,4,14,50,130,1.0,"7, GALICE (RTE DE)",,,Plein jour,En agglomération,Hors intersection,Normale,Deux véhicules - côté,,,,,,,,,,,1,2,1,1,3
200500027453,0005-05-07 21:20:00,5,5,7,21,20,130,1.0,JAURES JEAN (BD),,,Nuit avec éclairage allumé,En agglomération,Hors intersection,Normale,Deux véhicules - arrière,,,,,,,,,,,5,2,1,1,2
200500027454,0005-05-07 15:35:00,5,5,7,15,35,130,1.0,GARDANNE (ROUTE DE ),,,Plein jour,En agglomération,Hors intersection,Normale,Deux véhicules - frontale,,,,,,,,,,,1,2,1,1,1
200500027455,0005-05-09 18:05:00,5,5,9,18,5,130,1.0,"8, RD9",,,Plein jour,En agglomération,Hors intersection,Normale,Deux véhicules - arrière,,,,,,,,,,,1,2,1,1,2
200500027456,0005-05-10 18:00:00,5,5,10,18,0,130,1.0,"8, FOLLEREAU RAOUL (RUE)",,,Plein jour,En agglomération,Hors intersection,Normale,Deux véhicules - côté,,,,,,,,,,,1,2,1,1,3
200500027457,0005-05-12 12:15:00,5,5,12,12,15,130,1.0,"125, PIOLINE (CH DE LA)",,,Plein jour,En agglomération,Hors intersection,Normale,Autre collision,,,,,,,,,,,1,2,1,1,6
200500027458,0005-05-11 14:50:00,5,5,11,14,50,130,1.0,"150, BERGER GASTON (AV)",,,Plein jour,En agglomération,Hors intersection,Normale,Deux véhicules - côté,,,,,,,,,,,1,2,1,1,3
200500027459,0005-05-13 08:40:00,5,5,13,8,40,130,1.0,RN 296,,,Plein jour,En agglomération,Hors intersection,Normale,Trois véhicules et plus - en chaîne,,,,,,,,,,,1,2,1,1,4
200500027460,0005-05-13 15:30:00,5,5,13,15,30,130,1.0,"N°389, CLUB HIPPIQUE (AV",,,Plein jour,En agglomération,Hors intersection,Normale,Trois véhicules et plus - collisions multiples,,,,,,,,,,,1,2,1,1,5
200500027461,0005-05-14 18:05:00,5,5,14,18,5,130,1.0,RD 7,,,Plein jour,En agglomération,Hors intersection,Normale,Autre collision,,,,,,,,,,,1,2,1,1,6
200500027462,0005-05-15 12:10:00,5,5,15,12,10,130,1.0,RD9,,,Plein jour,En agglomération,Hors intersection,Normale,Deux véhicules - arrière,,,,,,,,,,,1,2,1,1,2
200500027463,0005-05-11 19:00:00,5,5,11,19,0,130,1.0,CAIRE JOSEPHINE (AV),,,Plein jour,En agglomération,Intersection en X,Normale,Deux véhicules - côté,,,,,,,,,,,1,2,2,1,3
200500027464,0005-05-17 14:50:00,5,5,17,14,50,130,1.0,RN 296,,,Plein jour,En agglomération,Hors intersection,Normale,Deux véhicules - côté,,,,,,,,,,,1,2,1,1,3
200500027465,0005-05-11 15:30:00,5,5,11,15,30,130,1.0,"22, REPUBLIQUE (BD DE LA",,,Plein jour,En agglomération,Hors intersection,Normale,Autre collision,,,,,,,,,,,1,2,1,1,6
200500027466,0005-05-19 17:45:00,5,5,19,17,45,130,1.0,MIREILLE (RUE),,,Plein jour,En agglomération,Intersection en X,Normale,Autre collision,,,,,,,,,,,1,2,2,1,6
200500027467,0005-05-18 09:15:00,5,5,18,9,15,130,1.0,EUROPE (AV ),,,Plein jour,En agglomération,Place,Normale,Autre collision,,,,,,,,,,,1,2,7,1,6
200500027468,0005-05-20 09:24:00,5,5,20,9,24,130,1.0,"30-32, ROI RENE (BD DU)",,,Plein jour,En agglomération,Hors intersection,Normale,Autre collision,,,,,,,,,,,1,2,1,1,6
200500027469,0005-05-21 20:00:00,5,5,21,20,0,130,1.0,BEAUREGARD (AV DE),,,Plein jour,En agglomération,Hors intersection,Normale,Autre collision,,,,,,,,,,,1,2,1,1,6
200500027470,0005-05-22 02:34:00,5,5,22,2,34,130,1.0,RN 296,,,Nuit sans éclairage public,En agglomération,Hors intersection,Normale,Deux véhicules - arrière,,,,,,,,,,,3,2,1,1,2
200500027471,0005-05-26 07:40:00,5,5,26,7,40,130,1.0,"148, GALICE (RTE)",,,Plein jour,En agglomération,Hors intersection,Normale,Deux véhicules - arrière,,,,,,,,,,,1,2,1,1,2
200500027472,0005-05-19 15:50:00,5,5,19,15,50,130,1.0,"71, GALICE (RTE DE)",,,Plein jour,En agglomération,Hors intersection,Normale,Deux véhicules - côté,,,,,,,,,,,1,2,1,1,3
200500027473,0005-05-25 17:10:00,5,5,25,17,10,130,1.0,"20, GALICE (RTE DE)",,,Plein jour,En agglomération,Hors intersection,Normale,Deux véhicules - côté,,,,,,,,,,,1,2,1,1,3
200500027474,0005-05-29 19:00:00,5,5,29,19,0,130,1.0,"1, PASTEUR (AV)",,,Plein jour,En agglomération,Hors intersection,Normale,Autre collision,,,,,,,,,,,1,2,1,1,6
200500027475,0005-05-30 11:45:00,5,5,30,11,45,130,1.0,REPENTANCE (CH DE),,,Plein jour,En agglomération,Hors intersection,Normale,Deux véhicules - arrière,,,,,,,,,,,1,2,1,1,2
200500027476,0005-05-05 12:15:00,5,5,5,12,15,130,4.0,RN 113,,,Plein jour,En agglomération,Hors intersection,Normale,Trois véhicules et plus - en chaîne,,,,,,,,,,,1,2,1,1,4
200500027477,0005-05-14 08:05:00,5,5,14,8,5,130,4.0,"1, VAUBAN MONTEE",,,Plein jour,En agglomération,Hors intersection,Pluie forte,Autre collision,,,,,,,,,,,1,2,1,3,6
200500027478,0005-05-15 03:15:00,5,5,15,3,15,130,4.0,RN 453,,,Nuit avec éclairage allumé,En agglomération,Hors intersection,Normale,Deux véhicules - côté,,,,,,,,,,,5,2,1,1,3
200500027479,0005-05-18 12:00:00,5,5,18,12,0,130,4.0,R.N N570,,,Plein jour,En agglomération,Hors intersection,Normale,Trois véhicules et plus - collisions multiples,,,,,,,,,,,1,2,1,1,5
200500027480,0005-05-19 13:10:00,5,5,19,13,10,130,4.0,MARIUS ALLARD RUE,,,Plein jour,En agglomération,Intersection en T,Normale,Deux véhicules - arrière,,,,,,,,,,,1,2,3,1,2
200500027481,0005-05-20 17:45:00,5,5,20,17,45,130,4.0,LOUIS VISSAC AVENUE,,,Plein jour,En agglomération,Giratoire,Normale,Autre collision,,,,,,,,,,,1,2,6,1,6
200500027482,0005-05-14 19:10:00,5,5,14,19,10,130,5.0,21 AOUT 1944 (AVENUE DU),,,Plein jour,En agglomération,Hors intersection,Normale,Autre collision,,,,,,,,,,,1,2,1,1,6
200500027483,0005-05-25 10:10:00,5,5,25,10,10,130,5.0,VERDUN (AVENUE DE),,,Plein jour,En agglomération,Hors intersection,Normale,Deux véhicules - côté,,,,,,,,,,,1,2,1,1,3
200500027484,0005-05-29 00:15:00,5,5,29,0,15,130,70.0,"265, VOLTAIRE (BOULEVARD",,,Nuit avec éclairage allumé,En agglomération,Hors intersection,Normale,Deux véhicules - frontale,,,,,,,,,,,5,2,1,1,1
200500027485,0005-05-08 20:08:00,5,5,8,20,8,130,28.0,CD 559 (CHEMIN DEPARTEME,,,Crépuscule ou aube,En agglomération,Hors intersection,Normale,Autre collision,,,,,,,,,,,2,2,1,1,6
200500027486,0005-05-13 07:40:00,5,5,13,7,40,130,28.0,ROVARCH (AVENUE PIERRE),,,Plein jour,En agglomération,Hors intersection,Normale,Deux véhicules - côté,,,,,,,,,,,1,2,1,1,3
200500027487,0005-05-13 13:45:00,5,5,13,13,45,130,28.0,Angle C.MAURIN / M.SAGNI,,,Plein jour,En agglomération,Intersection en T,Normale,Deux véhicules - frontale,,,,,,,,,,,1,2,3,1,1
200500027488,0005-05-14 18:09:00,5,5,14,18,9,130,28.0,ERNEST SUBILIA,,,Plein jour,En agglomération,Hors intersection,Normale,Autre collision,,,,,,,,,,,1,2,1,1,6
200500027489,0005-05-24 11:34:00,5,5,24,11,34,130,28.0,"32-34, CLEMENCEAU (BOULE",,,Plein jour,En agglomération,Hors intersection,Normale,Autre collision,,,,,,,,,,,1,2,1,1,6
200500027490,0005-05-26 17:44:00,5,5,26,17,44,130,28.0,ROUMANILLE (AVENUE JOSEP,,,Plein jour,En agglomération,Hors intersection,Normale,Deux véhicules - côté,,,,,,,,,,,1,2,1,1,3
200500027491,0005-05-29 11:54:00,5,5,29,11,54,130,28.0,BODIN (AVENUE EMILE),,,Plein jour,En agglomération,Intersection en T,Normale,Deux véhicules - côté,,,,,,,,,,,1,2,3,1,3
200500027492,0005-05-06 23:20:00,5,5,6,23,20,130,47.0,CD16 (LE DELA),,,Nuit sans éclairage public,En agglomération,Hors intersection,Normale,Deux véhicules - frontale,,,,,,,,,,,3,2,1,1,1
200500027493,0005-05-01 12:05:00,5,5,1,12,5,130,47.0,RN 1589 LA TRANSHUMANCE,,,Plein jour,En agglomération,Hors intersection,Normale,Deux véhicules - arrière,,,,,,,,,,,1,2,1,1,2
200500027494,0005-05-13 21:10:00,5,5,13,21,10,130,47.0,CASCAVEAU CHEMIN DU,,,Nuit avec éclairage allumé,En agglomération,Hors intersection,Normale,Deux véhicules - côté,,,,,,,,,,,5,2,1,1,3
200500027495,0005-05-19 17:10:00,5,5,19,17,10,130,47.0,RN 569,,,Plein jour,En agglomération,Hors intersection,Normale,Trois véhicules et plus - en chaîne,,,,,,,,,,,1,2,1,1,4
200500027496,0005-05-31 13:20:00,5,5,31,13,20,130,47.0,D.16,,,Plein jour,En agglomération,Hors intersection,Normale,Autre collision,,,,,,,,,,,1,2,1,1,6
200500027497,0005-05-23 12:00:00,5,5,23,12,0,130,47.0,RASSUEN ROUTE DE,,,Plein jour,En agglomération,Hors intersection,Normale,Deux véhicules - arrière,,,,,,,,,,,1,2,1,1,2
200500027498,0005-05-06 11:35:00,5,5,6,11,35,130,43.0,RN 368,,,Plein jour,En agglomération,Intersection en T,Normale,Deux véhicules - côté,,,,,,,,,,,1,2,3,1,3
200500027499,0005-05-15 08:20:00,5,5,15,8,20,130,43.0,RN 368,,,Plein jour,En agglomération,Intersection en X,Normale,Deux véhicules - côté,,,,,,,,,,,1,2,2,1,3
200500027500,0005-05-17 13:55:00,5,5,17,13,55,130,43.0,ROUTE NATIONALE 568,,,Plein jour,En agglomération,Hors intersection,Pluie forte,Trois véhicules et plus - en chaîne,,,,,,,,,,,1,2,1,3,4
200500027501,0005-05-18 14:59:00,5,5,18,14,59,130,43.0,RICAUD  AVENUE JULES,,,Plein jour,En agglomération,Autre intersection,Normale,Autre collision,,,,,,,,,,,1,2,9,1,6
200500027502,0005-05-20 08:50:00,5,5,20,8,50,130,102.0,ABBADIE  BLD,,,Plein jour,En agglomération,Giratoire,Normale,Deux véhicules - arrière,,,,,,,,,,,1,2,6,1,2
200500027503,0005-05-28 04:50:00,5,5,28,4,50,130,43.0,"1491, MITTERAND  AV. FRA",,,Crépuscule ou aube,En agglomération,Hors intersection,Normale,Autre collision,,,,,,,,,,,2,2,1,1,6
200500027504,0005-05-31 19:15:00,5,5,31,19,15,130,102.0,ABBADIE  BLD,,,Plein jour,En agglomération,Intersection en T,Normale,Deux véhicules - côté,,,,,,,,,,,1,2,3,1,3
200500027505,0005-05-01 15:30:00,5,5,1,15,30,130,55.0,LYON (RUE DE),,,Plein jour,En agglomération,Hors intersection,Normale,Deux véhicules - côté,,,,,,,,,,,1,2,1,1,3
200500027506,0005-05-04 12:00:00,5,5,4,12,0,130,55.0,CHAVE (AVENUE),,,Plein jour,En agglomération,Intersection en T,Normale,Deux véhicules - côté,,,,,,,,,,,1,2,3,1,3
200500027507,0005-05-04 15:00:00,5,5,4,15,0,130,55.0,PLOMBIERES (BD DE),,,Plein jour,En agglomération,Hors intersection,Normale,Deux véhicules - côté,,,,,,,,,,,1,2,1,1,3
200500027508,0005-05-03 21:15:00,5,5,3,21,15,130,55.0,"29, MONTAIGNE (RUE)",,,Nuit avec éclairage allumé,En agglomération,Hors intersection,Normale,Deux véhicules - arrière,,,,,,,,,,,5,2,1,1,2
200500027509,0005-05-02 08:45:00,5,5,2,8,45,130,55.0,"97, CAILLOLS (AVENUE DES",,,Plein jour,En agglomération,Hors intersection,Normale,Deux véhicules - arrière,,,,,,,,,,,1,2,1,1,2
200500027510,0005-05-07 16:40:00,5,5,7,16,40,130,55.0,LITTORAL (CHEMIN DU),,,Plein jour,Hors agglomération,Hors intersection,Normale,Autre collision,,,,,,,,,,,1,1,1,1,6
200500027511,0005-05-06 17:15:00,5,5,6,17,15,130,55.0,MARCHE D'IN (AVENUE),,,Plein jour,En agglomération,Hors intersection,Normale,Deux véhicules - arrière,,,,,,,,,,,1,2,1,1,2
200500027512,0005-05-02 10:45:00,5,5,2,10,45,130,55.0,"60, BELLE DE MA (RUE)",,,Plein jour,En agglomération,Intersection en X,Normale,Sans collision,,,,,,,,,,,1,2,2,1,7
200500027513,0005-05-02 11:35:00,5,5,2,11,35,130,55.0,MILLIE MATHYS (AVENUE),,,Plein jour,En agglomération,Hors intersection,Normale,Deux véhicules - arrière,,,,,,,,,,,1,2,1,1,2
200500027514,0005-05-02 18:15:00,5,5,2,18,15,130,55.0,CAP PINEDE (BD DU),,,Plein jour,En agglomération,Hors intersection,Normale,Autre collision,,,,,,,,,,,1,2,1,1,6
200500027515,0005-05-08 15:00:00,5,5,8,15,0,130,55.0,"40, PARETTE (CHEMIN DE L",,,Plein jour,En agglomération,Hors intersection,Normale,Sans collision,,,,,,,,,,,1,2,1,1,7
200500027516,0005-05-03 08:15:00,5,5,3,8,15,130,55.0,LIBERATEURS (BD DES),,,Plein jour,En agglomération,Intersection en T,Normale,Deux véhicules - arrière,,,,,,,,,,,1,2,3,1,2
200500027517,0005-05-05 19:45:00,5,5,5,19,45,130,55.0,CAPELETTE (AV DE LA ),,,Plein jour,En agglomération,Intersection en T,Normale,Deux véhicules - côté,,,,,,,,,,,1,2,3,1,3
200500027518,0005-05-04 16:20:00,5,5,4,16,20,130,55.0,FRANCOIS MIGNET (AVENUE),,,Plein jour,En agglomération,Hors intersection,Normale,Autre collision,,,,,,,,,,,1,2,1,1,6
200500027519,0005-05-04 18:20:00,5,5,4,18,20,130,55.0,"44, LIBERATION (BD)",,,Plein jour,En agglomération,Hors intersection,Normale,Deux véhicules - côté,,,,,,,,,,,1,2,1,1,3
200500027520,0005-05-06 13:00:00,5,5,6,13,0,130,55.0,"25, BARBUSSE (RUE HENRI)",,,Plein jour,En agglomération,Hors intersection,Normale,Autre collision,,,,,,,,,,,1,2,1,1,6
200500027521,0005-05-03 17:40:00,5,5,3,17,40,130,55.0,LOUIS BONNEFON (PLACE),,,Plein jour,En agglomération,Giratoire,Normale,Deux véhicules - arrière,,,,,,,,,,,1,2,6,1,2
200500027522,0005-05-10 18:00:00,5,5,10,18,0,130,55.0,"5, LYON (RUE DE)",,,Plein jour,En agglomération,Hors intersection,Normale,Deux véhicules - côté,,,,,,,,,,,1,2,1,1,3
200500027523,0005-05-01 12:05:00,5,5,1,12,5,130,55.0,FRANCOISE DUPARC (BD),,,Plein jour,En agglomération,Hors intersection,Normale,Autre collision,,,,,,,,,,,1,2,1,1,6
200500027524,0005-05-06 08:45:00,5,5,6,8,45,130,55.0,"182, CHAVE (AVENUE)",,,Plein jour,En agglomération,Hors intersection,Normale,Autre collision,,,,,,,,,,,1,2,1,1,6
200500027525,0005-05-11 08:00:00,5,5,11,8,0,130,55.0,"65, VALBARELLE (TRAVERSE",,,Plein jour,En agglomération,Hors intersection,Normale,Sans collision,,,,,,,,,,,1,2,1,1,7
200500027526,0005-05-04 17:35:00,5,5,4,17,35,130,55.0,"82, MONTAIGNE (RUE)",,,Plein jour,En agglomération,Hors intersection,Normale,Autre collision,,,,,,,,,,,1,2,1,1,6
200500027527,0005-05-03 19:15:00,5,5,3,19,15,130,55.0,"05, MONTREDON (AVENUE DE",,,Plein jour,En agglomération,Hors intersection,Temps éblouissant,Autre collision,,,,,,,,,,,1,2,1,7,6
200500027528,0005-05-06 14:50:00,5,5,6,14,50,130,55.0,"57, ROMAIN ROLLAND (BD)",,,Plein jour,En agglomération,Intersection en T,Vent fort / tempête,Deux véhicules - côté,,,,,,,,,,,1,2,3,6,3
200500027529,0005-05-02 18:30:00,5,5,2,18,30,130,55.0,VALLON DE L (CHEMIN),,,Plein jour,En agglomération,Hors intersection,Normale,Sans collision,,,,,,,,,,,1,2,1,1,7
200500027530,0005-05-05 02:00:00,5,5,5,2,0,130,55.0,"0, MICHELET",,,Nuit avec éclairage allumé,En agglomération,Hors intersection,Normale,Deux véhicules - arrière,,,,,,,,,,,5,2,1,1,2
200500027531,0005-05-08 13:25:00,5,5,8,13,25,130,55.0,BARASSE (BD DE LA),,,Plein jour,En agglomération,Hors intersection,Normale,Autre collision,,,,,,,,,,,1,2,1,1,6
200500027532,0005-05-06 13:15:00,5,5,6,13,15,130,55.0,CAPITAINE GEZE (BD),,,Plein jour,En agglomération,Hors intersection,Normale,Deux véhicules - côté,,,,,,,,,,,1,2,1,1,3
200500027533,0005-05-08 18:00:00,5,5,8,18,0,130,55.0,LECHATELIER (RUE),,,Plein jour,En agglomération,Intersection en X,Normale,Deux véhicules - côté,,,,,,,,,,,1,2,2,1,3