accident_id,datetime,annee,mois,jour,heure,minute,departement,commune_insee,adresse,latitude,longitude,luminosite,agglomeration,intersection,meteo,collision,nb_vehicules,nb_usagers,nb_indemnes,nb_tues,nb_blesses_hosp,nb_blesses_legers,age_cond_1,age_cond_2,veh_type_cond_1,veh_type_cond_2,lum_code,agg_code,int_code,atm_code,col_code
200500027928,0005-05-03 11:30:00,5,5,3,11,30,190,31.0,FERRY (BOULEVARD JULES),,,Plein jour,En agglomération,Intersection en X,Normale,Deux véhicules - côté,,,,,,,,,,,1,2,2,1,3
200500027929,0005-05-02 13:46:00,5,5,2,13,46,190,31.0,PAINLEVE (BOULEVARD PAUL,,,Plein jour,En agglomération,Hors intersection,Normale,Deux véhicules - côté,,,,,,,,,,,1,2,1,1,3
200500027930,0005-05-04 17:05:00,5,5,4,17,5,190,31.0,"58, BRIGOULEIX (RUE MART",,,Plein jour,En agglomération,Hors intersection,Pluie forte,Deux véhicules - côté,,,,,,,,,,,1,2,1,3,3
200500027931,0005-05-04 18:10:00,5,5,4,18,10,190,31.0,RIBOT (AVENUE),,,Plein jour,En agglomération,Hors intersection,Pluie forte,Trois véhicules et plus - en chaîne,,,,,,,,,,,1,2,1,3,4
200500027932,0005-05-05 19:15:00,5,5,5,19,15,190,31.0,MARSALES (RUE JEAN),,,Plein jour,En agglomération,Hors intersection,Normale,Deux véhicules - frontale,,,,,,,,,,,1,2,1,1,1
200500027933,0005-05-06 10:20:00,5,5,6,10,20,190,31.0,MARBEAU (BOULEVARD DU DO,,,Plein jour,En agglomération,Hors intersection,Normale,Trois véhicules et plus - collisions multiples,,,,,,,,,,,1,2,1,1,5
200500027934,0005-05-09 19:25:00,5,5,9,19,25,190,31.0,"20, RIVET (AVENUE JEAN C",,,Plein jour,En agglomération,Hors intersection,Pluie légère,Deux véhicules - arrière,,,,,,,,,,,1,2,1,2,2
200500027935,0005-05-10 17:05:00,5,5,10,17,5,190,31.0,MOULIN (BOULEVARD JEAN),,,Plein jour,En agglomération,Hors intersection,Normale,Deux véhicules - côté,,,,,,,,,,,1,2,1,1,3
200500027936,0005-05-12 08:45:00,5,5,12,8,45,190,31.0,"1, SEMARD (AVENUE PIERRE",,,Plein jour,En agglomération,Hors intersection,Normale,Trois véhicules et plus - collisions multiples,,,,,,,,,,,1,2,1,1,5
200500027937,0005-05-20 16:25:00,5,5,20,16,25,190,31.0,"130, SEMARD (AVENUE PIER",,,Plein jour,En agglomération,Intersection en T,Normale,Deux véhicules - côté,,,,,,,,,,,1,2,3,1,3
200500027938,0005-05-24 08:05:00,5,5,24,8,5,190,31.0,"15, POULBRIERE (RUE CHAN",,,Plein jour,En agglomération,Hors intersection,Normale,Autre collision,,,,,,,,,,,1,2,1,1,6
200500027939,0005-05-27 17:35:00,5,5,27,17,35,190,31.0,"20bis, GRIVEL (BOULEVARD",,,Plein jour,En agglomération,Intersection en T,Normale,Deux véhicules - côté,,,,,,,,,,,1,2,3,1,3
200500027940,0005-05-28 21:20:00,5,5,28,21,20,190,31.0,ESTIENNE D'ORVES (BOULEV,,,Crépuscule ou aube,En agglomération,Intersection en X,Normale,Deux véhicules - côté,,,,,,,,,,,2,2,2,1,3
200500027941,0005-05-29 15:15:00,5,5,29,15,15,190,31.0,"116, KENNEDY (AVENUE JOH",,,Plein jour,En agglomération,Hors intersection,Normale,Deux véhicules - arrière,,,,,,,,,,,1,2,1,1,2
200500027942,0005-05-31 21:00:00,5,5,31,21,0,190,31.0,MARBEAU (BOULEVARD DU DO,,,Plein jour,En agglomération,Hors intersection,Normale,Autre collision,,,,,,,,,,,1,2,1,1,6
200500027943,0005-05-21 01:30:00,5,5,21,1,30,190,272.0,"26, RIGNY (QUAI)",,,Nuit avec éclairage allumé,En agglomération,Hors intersection,Normale,Autre collision,,,,,,,,,,,5,2,1,1,6
200500027944,0005-05-05 13:35:00,5,5,5,13,35,210,54.0,SAINT-NICOLAS (RUE DU FA,,,Plein jour,En agglomération,Intersection en X,Normale,Deux véhicules - côté,,,,,,,,,,,1,2,2,1,3
200500027945,0005-05-05 13:10:00,5,5,5,13,10,210,54.0,CHOREY (ROUTE DE),,,Plein jour,En agglomération,Hors intersection,Normale,Deux véhicules - arrière,,,,,,,,,,,1,2,1,1,2
200500027946,0005-05-10 17:35:00,5,5,10,17,35,210,54.0,SABLIERE (RUE DE LA),,,Plein jour,En agglomération,Intersection en X,Normale,Deux véhicules - côté,,,,,,,,,,,1,2,2,1,3
200500027947,0005-05-12 12:10:00,5,5,12,12,10,210,54.0,SAINT-JEAN (RUE DU FAUBO,,,Plein jour,En agglomération,Intersection en X,Normale,Sans collision,,,,,,,,,,,1,2,2,1,7
200500027948,0005-05-21 12:40:00,5,5,21,12,40,210,54.0,SEURRE (ROUTE DE),,,Plein jour,En agglomération,Giratoire,Normale,Autre collision,,,,,,,,,,,1,2,6,1,6
200500027949,0005-05-24 08:30:00,5,5,24,8,30,210,54.0,"46, CHALLANGES (ROUTE DE",,,Plein jour,En agglomération,Intersection en X,Normale,Deux véhicules - côté,,,,,,,,,,,1,2,2,1,3
200500027950,0005-05-02 17:41:00,5,5,2,17,41,210,231.0,"29, CHEVREUL (RUE)",,,Plein jour,En agglomération,Hors intersection,Normale,Autre collision,,,,,,,,,,,1,2,1,1,6
200500027951,0005-05-02 19:21:00,5,5,2,19,21,210,231.0,"25, LANGRES (DE) (AVENUE",,,Plein jour,En agglomération,Intersection en T,Normale,Deux véhicules - côté,,,,,,,,,,,1,2,3,1,3
200500027952,0005-05-05 20:57:00,5,5,5,20,57,210,231.0,"22, STRASBOURG (DE) (BOU",,,Crépuscule ou aube,En agglomération,Intersection en T,Temps couvert,Trois véhicules et plus - collisions multiples,,,,,,,,,,,2,2,3,8,5
200500027953,0005-05-07 16:10:00,5,5,7,16,10,210,231.0,"12, CHAPEAU ROUGE (DU) (",,,Plein jour,En agglomération,Hors intersection,Temps couvert,Autre collision,,,,,,,,,,,1,2,1,8,6
200500027954,0005-05-09 17:00:00,5,5,9,17,0,210,231.0,STRASBOURG (DE) (BOULEVA,,,Plein jour,En agglomération,Hors intersection,Normale,Deux véhicules - arrière,,,,,,,,,,,1,2,1,1,2
200500027955,0005-05-11 13:49:00,5,5,11,13,49,210,231.0,"26, LEON MAURIS (RUE)",,,Plein jour,En agglomération,Intersection en T,Normale,Trois véhicules et plus - en chaîne,,,,,,,,,,,1,2,3,1,4
200500027956,0005-05-11 17:32:00,5,5,11,17,32,210,231.0,"31, ARQUEBUSE (DE L') (R",,,Plein jour,En agglomération,Hors intersection,Normale,Autre collision,,,,,,,,,,,1,2,1,1,6
200500027957,0005-05-11 17:51:00,5,5,11,17,51,210,231.0,"11, DEFENSE (DE LA) (BOU",,,Plein jour,En agglomération,Intersection en X,Normale,Deux véhicules - arrière,,,,,,,,,,,1,2,2,1,2
200500027958,0005-05-13 08:05:00,5,5,13,8,5,210,231.0,"7, REPUBLIQUE (DE LA) (P",,,Plein jour,En agglomération,Place,Pluie légère,Autre collision,,,,,,,,,,,1,2,7,2,6
200500027959,0005-05-14 18:20:00,5,5,14,18,20,210,166.0,"1, GEORGE SAND (RUE)",,,Plein jour,En agglomération,Intersection en X,Normale,Autre collision,,,,,,,,,,,1,2,2,1,6
200500027960,0005-05-16 09:20:00,5,5,16,9,20,210,231.0,"3, MICHELET (RUE)",,,Plein jour,En agglomération,Hors intersection,Temps couvert,Autre collision,,,,,,,,,,,1,2,1,8,6
200500027961,0005-05-16 16:25:00,5,5,16,16,25,210,231.0,"2, BARBE (PLACE)",,,Plein jour,En agglomération,Place,Normale,Deux véhicules - arrière,,,,,,,,,,,1,2,7,1,2
200500027962,0005-05-17 08:30:00,5,5,17,8,30,210,231.0,"68, LONGVIC (DE) (RUE)",,,Plein jour,En agglomération,Giratoire,Normale,Deux véhicules - arrière,,,,,,,,,,,1,2,6,1,2
200500027963,0005-05-18 16:20:00,5,5,18,16,20,210,231.0,"20, CORVEE (DE LA) (RUE)",,,Plein jour,En agglomération,Hors intersection,Normale,Deux véhicules - frontale,,,,,,,,,,,1,2,1,1,1
200500027964,0005-05-19 08:30:00,5,5,19,8,30,210,231.0,"15, UNIVERSITE (DE L') (",,,Plein jour,En agglomération,Intersection en T,Normale,Autre collision,,,,,,,,,,,1,2,3,1,6
200500027965,0005-05-19 23:05:00,5,5,19,23,5,210,231.0,MARTYRS DE LA RESISTANCE,,,Nuit avec éclairage allumé,En agglomération,Hors intersection,Normale,Autre collision,,,,,,,,,,,5,2,1,1,6
200500027966,0005-05-19 19:17:00,5,5,19,19,17,210,231.0,GASTON BACHELARD (BOULEV,,,Plein jour,En agglomération,Intersection en T,Normale,Deux véhicules - arrière,,,,,,,,,,,1,2,3,1,2
200500027967,0005-05-20 18:55:00,5,5,20,18,55,210,278.0,GRANDE FIN (DE LA) (RUE),,,Plein jour,En agglomération,Intersection en Y,Normale,Deux véhicules - arrière,,,,,,,,,,,1,2,4,1,2
200500027968,0005-05-22 21:45:00,5,5,22,21,45,210,231.0,SULLY (DE) (RUE),,,Nuit avec éclairage allumé,En agglomération,Intersection en X,Pluie forte,Deux véhicules - côté,,,,,,,,,,,5,2,2,3,3
200500027969,0005-05-25 16:08:00,5,5,25,16,8,210,231.0,"41, DRAPEAU (DU) (AVENUE",,,Plein jour,En agglomération,Hors intersection,Normale,Deux véhicules - côté,,,,,,,,,,,1,2,1,1,3
200500027970,0005-05-27 12:55:00,5,5,27,12,55,210,355.0,CHEMIN N°9 DIT DE LA PLA,,,Plein jour,En agglomération,Hors intersection,Normale,Autre collision,,,,,,,,,,,1,2,1,1,6
200500027971,0005-05-27 09:10:00,5,5,27,9,10,210,231.0,MANSART (BOULEVARD),,,Plein jour,En agglomération,Intersection en X,Normale,Autre collision,,,,,,,,,,,1,2,2,1,6
200500027972,0005-05-27 15:00:00,5,5,27,15,0,210,355.0,DIJON (DE) (ROUTE),,,Plein jour,En agglomération,Intersection en X,Normale,Deux véhicules - côté,,,,,,,,,,,1,2,2,1,3
200500027973,0005-05-27 16:10:00,5,5,27,16,10,210,166.0,MARECHAL DE LATTRE DE TA,,,Plein jour,En agglomération,Intersection en Y,Normale,Sans collision,,,,,,,,,,,1,2,4,1,7
200500027974,0005-05-28 18:20:00,5,5,28,18,20,210,355.0,COLOMBIERE (DE LA) (CHEM,,,Plein jour,En agglomération,Hors intersection,Temps éblouissant,Deux véhicules - arrière,,,,,,,,,,,1,2,1,7,2
200500027975,0005-05-28 18:30:00,5,5,28,18,30,210,355.0,122 A (CD),,,Plein jour,En agglomération,Intersection en X,Normale,Deux véhicules - côté,,,,,,,,,,,1,2,2,1,3
200500027976,0005-05-28 23:20:00,5,5,28,23,20,210,617.0,"34, TROYES (DE) (BOULEVA",,,Nuit avec éclairage allumé,En agglomération,Hors intersection,Normale,Deux véhicules - côté,,,,,,,,,,,5,2,1,1,3
200500027977,0005-05-29 13:55:00,5,5,29,13,55,210,231.0,"88, DRAPEAU (DU) (AVENUE",,,Plein jour,En agglomération,Hors intersection,Normale,Deux véhicules - côté,,,,,,,,,,,1,2,1,1,3
200500027978,0005-05-28 18:00:00,5,5,28,18,0,210,278.0,PRES POTETS (RUE) (DES),,,Plein jour,En agglomération,Hors intersection,Normale,Autre collision,,,,,,,,,,,1,2,1,1,6
200500027979,0005-05-30 16:29:00,5,5,30,16,29,210,231.0,MULHOUSE (DE) (RUE),,,Plein jour,En agglomération,Intersection en X,Normale,Autre collision,,,,,,,,,,,1,2,2,1,6
200500027980,0005-05-31 08:49:00,5,5,31,8,49,210,231.0,POINT DU JOUR (RUE),,,Plein jour,En agglomération,Intersection en X,Normale,Deux véhicules - côté,,,,,,,,,,,1,2,2,1,3
200500027981,0005-05-31 19:12:00,5,5,31,19,12,210,231.0,ARMAND THIBAUT (RUE),,,Plein jour,En agglomération,Hors intersection,Normale,Autre collision,,,,,,,,,,,1,2,1,1,6
200500027982,0005-05-07 19:55:00,5,5,7,19,55,220,278.0,"1, GENEVE (DE)",,,Plein jour,En agglomération,Intersection en T,Normale,Deux véhicules - frontale,,,,,,,,,,,1,2,3,1,1
200500027983,0005-05-14 12:00:00,5,5,14,12,0,220,278.0,"0, BALZAC",,,Plein jour,En agglomération,Intersection en T,Normale,Deux véhicules - côté,,,,,,,,,,,1,2,3,1,3
200500027984,0005-05-19 04:50:00,5,5,19,4,50,220,278.0,"7, FREYSSINET (EUGENE)",,,Nuit avec éclairage allumé,En agglomération,Intersection en T,Normale,Deux véhicules - côté,,,,,,,,,,,5,2,3,1,3
200500027985,0005-05-22 17:38:00,5,5,22,17,38,220,278.0,"63, JERSEY (DE)",,,Plein jour,En agglomération,Hors intersection,Normale,Deux véhicules - côté,,,,,,,,,,,1,2,1,1,3
200500027986,0005-05-13 13:40:00,5,5,13,13,40,230,96.0,"00, CROS (RUE DU )",,,Plein jour,Hors agglomération,Hors intersection,Normale,Deux véhicules - côté,,,,,,,,,,,1,1,1,1,3
200500027987,0005-05-25 23:15:00,5,5,25,23,15,230,96.0,"62, POITOU (AVENUE DU)",,,Nuit avec éclairage allumé,En agglomération,Intersection en T,Normale,Deux véhicules - côté,,,,,,,,,,,5,2,3,1,3
200500027988,0005-05-06 20:30:00,5,5,6,20,30,240,37.0,"0, PIMONT (BOULEVAR LOUI",,,Plein jour,En agglomération,Hors intersection,Normale,Deux véhicules - frontale,,,,,,,,,,,1,2,1,1,1
200500027989,0005-05-09 18:05:00,5,5,9,18,5,240,37.0,"face 121, VALETTE (RUE)",,,Plein jour,En agglomération,Hors intersection,Normale,Deux véhicules - arrière,,,,,,,,,,,1,2,1,1,2
200500027990,0005-05-10 18:40:00,5,5,10,18,40,240,37.0,LA FORCE ( ROUTE DE),,,Plein jour,En agglomération,Hors intersection,Normale,Deux véhicules - frontale,,,,,,,,,,,1,2,1,1,1
200500027991,0005-05-15 15:58:00,5,5,15,15,58,240,37.0,MARCHE (LIEUDIT LA),,,Plein jour,En agglomération,Hors intersection,Normale,Autre collision,,,,,,,,,,,1,2,1,1,6
200500027992,0005-05-22 11:45:00,5,5,22,11,45,240,37.0,"34, SIMOUNET (RUE DOCTEU",,,Plein jour,En agglomération,Hors intersection,Normale,Autre collision,,,,,,,,,,,1,2,1,1,6
200500027993,0005-05-02 14:01:00,5,5,2,14,1,240,557.0,GRANDOU (AVENUE MICHEL),,,Plein jour,En agglomération,Hors intersection,Normale,Deux véhicules - côté,,,,,,,,,,,1,2,1,1,3
200500027994,0005-05-04 10:10:00,5,5,4,10,10,240,322.0,"41, STALINGRAD (BOULEVAR",,,Plein jour,En agglomération,Hors intersection,Normale,Autre collision,,,,,,,,,,,1,2,1,1,6
200500027995,0005-05-04 14:24:00,5,5,4,14,24,240,322.0,"34, FENELON (COURS)",,,Plein jour,En agglomération,Intersection en T,Pluie légère,Autre collision,,,,,,,,,,,1,2,3,2,6
200500027996,0005-05-08 19:36:00,5,5,8,19,36,240,322.0,SAUMANDE (BOULEVARD GEOR,,,Plein jour,En agglomération,Intersection en X,Normale,Deux véhicules - côté,,,,,,,,,,,1,2,2,1,3
200500027997,0005-05-22 02:52:00,5,5,22,2,52,240,322.0,SAINT GEORGES (COURS),,,Nuit avec éclairage allumé,En agglomération,Intersection en T,Pluie légère,Deux véhicules - arrière,,,,,,,,,,,5,2,3,2,2
200500027998,0005-05-25 09:00:00,5,5,25,9,0,240,322.0,"00, TOURNY (ALLEE DE)",,,Plein jour,En agglomération,Hors intersection,Normale,Deux véhicules - côté,,,,,,,,,,,1,2,1,1,3
200500027999,0005-05-25 11:11:00,5,5,25,11,11,240,322.0,BERGERAC (ROUTE DE),,,Plein jour,En agglomération,Intersection en X,Normale,Autre collision,,,,,,,,,,,1,2,2,1,6
200500028000,0005-05-25 17:51:00,5,5,25,17,51,240,53.0,MITTERAND (AVENUE FRANCO,,,Plein jour,En agglomération,Hors intersection,Normale,Trois véhicules et plus - en chaîne,,,,,,,,,,,1,2,1,1,4
200500028001,0005-05-26 17:17:00,5,5,26,17,17,240,53.0,"00, BRANLY (RUE)",,,Plein jour,En agglomération,Intersection en X,Normale,Deux véhicules - côté,,,,,,,,,,,1,2,2,1,3
200500028002,0005-05-28 15:25:00,5,5,28,15,25,240,53.0,BOUCHER (AVENUE HELENE),,,Plein jour,En agglomération,Hors intersection,Normale,Deux véhicules - frontale,,,,,,,,,,,1,2,1,1,1
200500028003,0005-05-29 22:15:00,5,5,29,22,15,240,322.0,"4, DAUMESNIL (AVENUE)",,,Nuit avec éclairage allumé,En agglomération,Hors intersection,Pluie légère,Deux véhicules - frontale,,,,,,,,,,,5,2,1,2,1
200500028004,0005-05-29 19:10:00,5,5,29,19,10,240,322.0,"188, ANGOULEME (ROUTE D'",,,Plein jour,En agglomération,Hors intersection,Normale,Deux véhicules - côté,,,,,,,,,,,1,2,1,1,3
200500028005,0005-05-02 12:45:00,5,5,2,12,45,250,56.0,"4, BRES  RUE MADELEINE",,,Plein jour,En agglomération,Hors intersection,Normale,Deux véhicules - côté,,,,,,,,,,,1,2,1,1,3
200500028006,0005-05-02 16:20:00,5,5,2,16,20,250,56.0,"64, CHALEZEULE RUE DE <",,,Plein jour,En agglomération,Hors intersection,Normale,Autre collision,,,,,,,,,,,1,2,1,1,6
200500028007,0005-05-02 17:28:00,5,5,2,17,28,250,56.0,"1, GRAY ROUTE DE",,,Plein jour,En agglomération,Intersection en X,Normale,Deux véhicules - côté,,,,,,,,,,,1,2,2,1,3
200500028008,0005-05-02 18:55:00,5,5,2,18,55,250,56.0,OBSERVATOIRE AVENUE DE L,,,Plein jour,En agglomération,Hors intersection,Normale,Deux véhicules - côté,,,,,,,,,,,1,2,1,1,3
200500028009,0005-05-02 19:37:00,5,5,2,19,37,250,56.0,PLANCON RUE GABRIEL,,,Plein jour,En agglomération,Intersection en X,Normale,Deux véhicules - côté,,,,,,,,,,,1,2,2,1,3
200500028010,0005-05-03 20:15:00,5,5,3,20,15,250,56.0,"28, MONTRAPON AVENUE DE",,,Crépuscule ou aube,En agglomération,Hors intersection,Pluie forte,Deux véhicules - côté,,,,,,,,,,,2,2,1,3,3
200500028011,0005-05-04 04:54:00,5,5,4,4,54,250,56.0,"1, KENNEDY  BOULEVARD J.",,,Nuit avec éclairage allumé,En agglomération,Intersection en X,Normale,Deux véhicules - côté,,,,,,,,,,,5,2,2,1,3
200500028012,0005-05-04 10:38:00,5,5,4,10,38,250,56.0,LECLERC   PLACE MARECHAL,,,Plein jour,En agglomération,Intersection en X,Normale,Deux véhicules - côté,,,,,,,,,,,1,2,2,1,3
200500028013,0005-05-06 23:03:00,5,5,6,23,3,250,56.0,"3, MICHEL  AVENUE LOUISE",,,Nuit avec éclairage allumé,En agglomération,Intersection à plus de 4 branches,Normale,Trois véhicules et plus - en chaîne,,,,,,,,,,,5,2,5,1,4
200500028014,0005-05-08 14:50:00,5,5,8,14,50,250,56.0,"4, FLEMING BOULEVARD",,,Plein jour,En agglomération,Hors intersection,Normale,Deux véhicules - arrière,,,,,,,,,,,1,2,1,1,2
200500028015,0005-05-09 16:25:00,5,5,9,16,25,250,56.0,"187, BELFORT RUE DE BELF",,,Plein jour,En agglomération,Hors intersection,Temps éblouissant,Deux véhicules - côté,,,,,,,,,,,1,2,1,7,3
200500028016,0005-05-09 17:26:00,5,5,9,17,26,250,56.0,"sans, BERNARD RUE TRISTA",,,Plein jour,En agglomération,Intersection en T,Normale,Deux véhicules - frontale,,,,,,,,,,,1,2,3,1,1
200500028017,0005-05-10 15:01:00,5,5,10,15,1,250,56.0,"8 BIS, NODIER  RUE CHARL",,,Plein jour,En agglomération,Hors intersection,Normale,Autre collision,,,,,,,,,,,1,2,1,1,6
200500028018,0005-05-11 08:00:00,5,5,11,8,0,250,56.0,"sans, GLACIS RUE DES",,,Plein jour,En agglomération,Hors intersection,Normale,Deux véhicules - côté,,,,,,,,,,,1,2,1,1,3
200500028019,0005-05-11 10:54:00,5,5,11,10,54,250,56.0,"56, VESOUL RUE DE > 52",,,Plein jour,En agglomération,Hors intersection,Normale,Autre collision,,,,,,,,,,,1,2,1,1,6
200500028020,0005-05-14 21:15:00,5,5,14,21,15,250,56.0,"95, DOLE RUE DE >82 & <1",,,Nuit avec éclairage allumé,En agglomération,Intersection en T,Normale,Deux véhicules - côté,,,,,,,,,,,5,2,3,1,3
200500028021,0005-05-14 22:15:00,5,5,14,22,15,250,56.0,"20, TILLEROYES CHEMIN DE",,,Nuit avec éclairage allumé,En agglomération,Hors intersection,Normale,Deux véhicules - arrière,,,,,,,,,,,5,2,1,1,2
200500028022,0005-05-15 20:20:00,5,5,15,20,20,250,56.0,"40, RIVOTTE  FAUBOURG",,,Crépuscule ou aube,En agglomération,Hors intersection,Normale,Trois véhicules et plus - collisions multiples,,,,,,,,,,,2,2,1,1,5
200500028023,0005-05-17 17:10:00,5,5,17,17,10,250,56.0,"SANS, FOCH AVENUE MARECH",,,Plein jour,En agglomération,Intersection en Y,Normale,Deux véhicules - frontale,,,,,,,,,,,1,2,4,1,1
200500028024,0005-05-18 15:15:00,5,5,18,15,15,250,56.0,"7, LAPLACE   RUE PIERRE",,,Plein jour,En agglomération,Hors intersection,Normale,Deux véhicules - côté,,,,,,,,,,,1,2,1,1,3
200500028025,0005-05-18 18:30:00,5,5,18,18,30,250,56.0,"SANS, CHALEZEULE RUE DE",,,Plein jour,En agglomération,Hors intersection,Normale,Autre collision,,,,,,,,,,,1,2,1,1,6
200500028026,0005-05-19 17:33:00,5,5,19,17,33,250,56.0,", GAULARD AVENUE < 14",,,Plein jour,En agglomération,Hors intersection,Normale,Sans collision,,,,,,,,,,,1,2,1,1,7
200500028027,0005-05-21 03:10:00,5,5,21,3,10,250,56.0,"128, BELFORT RUE DE <144",,,Nuit avec éclairage allumé,En agglomération,Hors intersection,Pluie légère,Autre collision,,,,,,,,,,,5,2,1,2,6
200500028028,0005-05-22 17:45:00,5,5,22,17,45,250,56.0,"sans, PAIX  AVENUE DE LA",,,Plein jour,En agglomération,Intersection en X,Pluie légère,Deux véhicules - côté,,,,,,,,,,,1,2,2,2,3
200500028029,0005-05-25 09:50:00,5,5,25,9,50,250,56.0,"SANS, FLEMING BOULEVARD",,,Plein jour,En agglomération,Hors intersection,Normale,Deux véhicules - arrière,,,,,,,,,,,1,2,1,1,2
200500028030,0005-05-25 17:45:00,5,5,25,17,45,250,56.0,"1, MEGEVAND RUE",,,Plein jour,En agglomération,Hors intersection,Normale,Autre collision,,,,,,,,,,,1,2,1,1,6
200500028031,0005-05-28 20:30:00,5,5,28,20,30,250,56.0,"7, DEBUSSY RUE CLAUDE",,,Plein jour,En agglomération,Hors intersection,Normale,Deux véhicules - côté,,,,,,,,,,,1,2,1,1,3
200500028032,0005-05-28 22:00:00,5,5,28,22,0,250,56.0,DENFERT ROCHEREAU AVENUE,,,Nuit avec éclairage allumé,En agglomération,Hors intersection,Normale,Sans collision,,,,,,,,,,,5,2,1,1,7
200500028033,0005-05-30 08:44:00,5,5,30,8,44,250,56.0,"44, VESOUL RUE DE < 52",,,Plein jour,En agglomération,Hors intersection,Pluie légère,Deux véhicules - frontale,,,,,,,,,,,1,2,1,2,1
200500028034,0005-05-30 15:30:00,5,5,30,15,30,250,56.0,"SANS, RUSSEL RUE BERTRAN",,,Plein jour,En agglomération,Hors intersection,Normale,Deux véhicules - arrière,,,,,,,,,,,1,2,1,1,2
200500028035,0005-05-10 19:20:00,5,5,10,19,20,250,388.0,FOILLET (RUE JACQUES),,,Plein jour,En agglomération,Hors intersection,Normale,Deux véhicules - frontale,,,,,,,,,,,1,2,1,1,1
200500028036,0005-05-12 14:35:00,5,5,12,14,35,250,580.0,"1, GIGOUX (RUE JEAN-FRAN",,,Plein jour,En agglomération,Hors intersection,Normale,Autre collision,,,,,,,,,,,1,2,1,1,6
200500028037,0005-05-17 13:15:00,5,5,17,13,15,250,31.0,"05, GIRARDOT (RUE RENE)",,,Plein jour,En agglomération,Hors intersection,Normale,Autre collision,,,,,,,,,,,1,2,1,1,6
200500028038,0005-05-19 00:50:00,5,5,19,0,50,250,31.0,"26, SELONCOURT (RUE DE)",,,Nuit sans éclairage public,En agglomération,Hors intersection,Normale,Autre collision,,,,,,,,,,,3,2,1,1,6
200500028039,0005-05-09 10:50:00,5,5,9,10,50,250,462.0,"15, Faubourg Saint Pierr",,,Plein jour,En agglomération,Hors intersection,Normale,Autre collision,,,,,,,,,,,1,2,1,1,6
200500028040,0005-05-03 15:05:00,5,5,3,15,5,260,198.0,"SANS NR, DESMARAIS (BOUL",,,Plein jour,En agglomération,Hors intersection,Normale,Sans collision,,,,,,,,,,,1,2,1,1,7
200500028041,0005-05-04 17:25:00,5,5,4,17,25,260,198.0,"SANS NR, BRES (RUE MARCE",,,Plein jour,En agglomération,Hors intersection,Normale,Deux véhicules - frontale,,,,,,,,,,,1,2,1,1,1
200500028042,0005-05-13 08:25:00,5,5,13,8,25,260,198.0,"SANS NR, ALLAN (ROUTE D'",,,Plein jour,En agglomération,Autre intersection,Normale,Deux véhicules - arrière,,,,,,,,,,,1,2,9,1,2
200500028043,0005-05-17 15:20:00,5,5,17,15,20,260,198.0,"SANS NR, COTY (BOULEVARD",,,Plein jour,Hors agglomération,Hors intersection,Normale,Deux véhicules - côté,,,,,,,,,,,1,1,1,1,3
200500028044,0005-05-02 10:15:00,5,5,2,10,15,260,281.0,VOLTAIRE (BOULVEVARD),,,Plein jour,En agglomération,Giratoire,Normale,Autre collision,,,,,,,,,,,1,2,6,1,6
200500028045,0005-05-03 13:45:00,5,5,3,13,45,260,281.0,GALLOIS (PASSAGE SUPERIE,,,Plein jour,En agglomération,Giratoire,Temps couvert,Autre collision,,,,,,,,,,,1,2,6,8,6
200500028046,0005-05-03 17:50:00,5,5,3,17,50,260,281.0,JACQUEMART (COTE),,,Plein jour,En agglomération,Intersection en T,Temps couvert,Autre collision,,,,,,,,,,,1,2,3,8,6
200500028047,0005-05-19 20:25:00,5,5,19,20,25,260,281.0,"NEANT, JAURES JEAN (PLAC",,,Plein jour,En agglomération,Intersection en T,Normale,Autre collision,,,,,,,,,,,1,2,3,1,6
200500028048,0005-05-25 12:38:00,5,5,25,12,38,260,57.0,POMPIDOU GEORGES (AVENUE,,,Plein jour,Hors agglomération,Intersection en T,Normale,Deux véhicules - arrière,,,,,,,,,,,1,1,3,1,2
200500028049,0005-05-30 20:20:00,5,5,30,20,20,260,281.0,"neant, PARE AMBROISE (RU",,,Plein jour,En agglomération,Intersection en T,Temps couvert,Autre collision,,,,,,,,,,,1,2,3,8,6
200500028050,0005-05-02 15:25:00,5,5,2,15,25,260,362.0,L.A.C.R.A  RN 7 (101),,,Plein jour,En agglomération,Hors intersection,Normale,Deux véhicules - frontale,,,,,,,,,,,1,2,1,1,1
200500028051,0005-05-03 13:40:00,5,5,3,13,40,260,362.0,"2, CHANTECOURIOL RUE DE",,,Plein jour,En agglomération,Hors intersection,Normale,Deux véhicules - côté,,,,,,,,,,,1,2,1,1,3
200500028052,0005-05-09 14:10:00,5,5,9,14,10,260,362.0,"02, CLOS GAILLARD RUE DU",,,Plein jour,En agglomération,Hors intersection,Normale,Deux véhicules - arrière,,,,,,,,,,,1,2,1,1,2
200500028053,0005-05-09 00:45:00,5,5,9,0,45,260,4.0,RN 532,,,Nuit sans éclairage public,En agglomération,Hors intersection,Normale,Sans collision,,,,,,,,,,,3,2,1,1,7
200500028054,0005-05-11 15:58:00,5,5,11,15,58,260,252.0,"sans n°, PORT AVENUE DU",,,Plein jour,En agglomération,Intersection en X,Normale,Deux véhicules - côté,,,,,,,,,,,1,2,2,1,3
200500028055,0005-05-17 08:30:00,5,5,17,8,30,260,362.0,"sans n°, CHOPIN RUE FRED",,,Plein jour,En agglomération,Hors intersection,Normale,Autre collision,,,,,,,,,,,1,2,1,1,6
200500028056,0005-05-19 18:05:00,5,5,19,18,5,260,362.0,"sans n°, MISTRAL PONT",,,Plein jour,En agglomération,Hors intersection,Normale,Deux véhicules - arrière,,,,,,,,,,,1,2,1,1,2