accident_id,datetime,annee,mois,jour,heure,minute,departement,commune_insee,adresse,latitude,longitude,luminosite,agglomeration,intersection,meteo,collision,nb_vehicules,nb_usagers,nb_indemnes,nb_tues,nb_blesses_hosp,nb_blesses_legers,age_cond_1,age_cond_2,veh_type_cond_1,veh_type_cond_2,lum_code,agg_code,int_code,atm_code,col_code
200500028057,0005-05-19 15:15:00,5,5,19,15,15,260,362.0,"sans n°, CORNEILLE RUE P",,,Plein jour,En agglomération,Intersection en X,Normale,Deux véhicules - côté,,,,,,,,,,,1,2,2,1,3
200500028058,0005-05-27 13:45:00,5,5,27,13,45,260,362.0,"sans n°, FAUCONNIERES RO",,,Plein jour,Hors agglomération,Hors intersection,Normale,Deux véhicules - frontale,,,,,,,,,,,1,1,1,1,1
200500028059,0005-05-27 18:35:00,5,5,27,18,35,260,362.0,"12, SERBIE  RUE DE",,,Plein jour,En agglomération,Hors intersection,Normale,Deux véhicules - côté,,,,,,,,,,,1,2,1,1,3
200500028060,0005-05-28 22:25:00,5,5,28,22,25,260,362.0,"RD538, BEAUMONT CHEMIN D",,,Nuit sans éclairage public,Hors agglomération,Hors intersection,Normale,Autre collision,,,,,,,,,,,3,1,1,1,6
200500028061,0005-05-03 08:00:00,5,5,3,8,0,270,299.0,"33, BRIAND (AVENUE ARIST",,,Plein jour,En agglomération,Hors intersection,Pluie légère,Deux véhicules - frontale,,,,,,,,,,,1,2,1,2,1
200500028062,0005-05-11 12:10:00,5,5,11,12,10,270,229.0,"1, LEGRAS (RUE OSCAR)",,,Plein jour,En agglomération,Intersection en X,Normale,Deux véhicules - côté,,,,,,,,,,,1,2,2,1,3
200500028063,0005-05-15 00:05:00,5,5,15,0,5,270,229.0,"1, BAUDOUX (Rue Docteur",,,Nuit avec éclairage allumé,En agglomération,Intersection en T,Normale,Deux véhicules - côté,,,,,,,,,,,5,2,3,1,3
200500028064,0005-05-19 12:00:00,5,5,19,12,0,270,229.0,"1, RUGBY (RUE DE)",,,Plein jour,En agglomération,Hors intersection,Normale,Deux véhicules - arrière,,,,,,,,,,,1,2,1,1,2
200500028065,0005-05-21 14:20:00,5,5,21,14,20,270,229.0,"22, SAINT LEGER (RUE DU",,,Plein jour,En agglomération,Hors intersection,Normale,Autre collision,,,,,,,,,,,1,2,1,1,6
200500028066,0005-05-22 15:35:00,5,5,22,15,35,270,229.0,"50, FOCH (AVENUE DU MARE",,,Plein jour,En agglomération,Hors intersection,Temps couvert,Autre collision,,,,,,,,,,,1,2,1,8,6
200500028067,0005-05-22 20:10:00,5,5,22,20,10,270,229.0,"49, BRIAND (AVENUE ARIST",,,Plein jour,En agglomération,Hors intersection,Normale,Autre collision,,,,,,,,,,,1,2,1,1,6
200500028068,0005-05-29 04:20:00,5,5,29,4,20,270,229.0,"1, MONOD (RUE JACQUES)",,,Nuit avec éclairage allumé,En agglomération,Hors intersection,Normale,Sans collision,,,,,,,,,,,5,2,1,1,7
200500028069,0005-05-06 13:40:00,5,5,6,13,40,270,375.0,"01, CHURCHILL (AVENUE WI",,,Plein jour,En agglomération,Hors intersection,Normale,Sans collision,,,,,,,,,,,1,2,1,1,7
200500028070,0005-05-19 16:40:00,5,5,19,16,40,270,375.0,"6, REMPART (RUE DU)",,,Plein jour,En agglomération,Hors intersection,Pluie légère,Deux véhicules - frontale,,,,,,,,,,,1,2,1,2,1
200500028071,0005-05-22 15:25:00,5,5,22,15,25,270,701.0,RN15,,,Plein jour,Hors agglomération,Hors intersection,Pluie forte,Sans collision,,,,,,,,,,,1,1,1,3,7
200500028072,0005-05-31 16:55:00,5,5,31,16,55,270,375.0,ONZE NOVEMBRE 1918 (RUE,,,Plein jour,En agglomération,Hors intersection,Normale,Sans collision,,,,,,,,,,,1,2,1,1,7
200500028073,0005-05-08 12:50:00,5,5,8,12,50,270,681.0,EVREUX (ROUTE D'),,,Plein jour,En agglomération,Hors intersection,Normale,Sans collision,,,,,,,,,,,1,2,1,1,7
200500028074,0005-05-08 18:20:00,5,5,8,18,20,270,681.0,JAURES (BOULEVARD JAURES,,,Plein jour,En agglomération,Hors intersection,Normale,Autre collision,,,,,,,,,,,1,2,1,1,6
200500028075,0005-05-05 21:25:00,5,5,5,21,25,270,681.0,ROUTE DEPARTEMENTALE 313,,,Nuit sans éclairage public,Hors agglomération,Hors intersection,Normale,Autre collision,,,,,,,,,,,3,1,1,1,6
200500028076,0005-05-02 04:00:00,5,5,2,4,0,280,229.0,"SANS, REPUBLIQUE (rue de",,,Nuit avec éclairage allumé,En agglomération,Intersection en X,Normale,Deux véhicules - côté,,,,,,,,,,,5,2,2,1,3
200500028077,0005-05-05 16:08:00,5,5,5,16,8,280,220.0,"SANS, LECLERC (RUE DU MA",,,Plein jour,En agglomération,Hors intersection,Normale,Deux véhicules - côté,,,,,,,,,,,1,2,1,1,3
200500028078,0005-05-08 13:40:00,5,5,8,13,40,280,85.0,"SANS, MERMOZ (RUE JEAN)",,,Plein jour,En agglomération,Hors intersection,Normale,Deux véhicules - arrière,,,,,,,,,,,1,2,1,1,2
200500028079,0005-05-10 12:05:00,5,5,10,12,5,280,209.0,"37, PAIX (AVENUE DE LA )",,,Plein jour,En agglomération,Hors intersection,Normale,Deux véhicules - côté,,,,,,,,,,,1,2,1,1,3
200500028080,0005-05-13 14:15:00,5,5,13,14,15,280,70.0,"SANS, SAINT PREST (RUE D",,,Plein jour,En agglomération,Intersection en X,Normale,Deux véhicules - côté,,,,,,,,,,,1,2,2,1,3
200500028081,0005-05-14 00:15:00,5,5,14,0,15,280,209.0,"sans, PAIX (AVENUE DE LA",,,Nuit avec éclairage allumé,En agglomération,Hors intersection,Normale,Deux véhicules - côté,,,,,,,,,,,5,2,1,1,3
200500028082,0005-05-16 15:30:00,5,5,16,15,30,280,85.0,"SANS, VIEUX CAPUCINS (ru",,,Plein jour,En agglomération,Intersection en X,Normale,Deux véhicules - côté,,,,,,,,,,,1,2,2,1,3
200500028083,0005-05-16 18:05:00,5,5,16,18,5,280,70.0,D823,,,Plein jour,En agglomération,Hors intersection,Normale,Deux véhicules - côté,,,,,,,,,,,1,2,1,1,3
200500028084,0005-05-28 19:35:00,5,5,28,19,35,280,229.0,"SANS, PHILIPPE (AVENUE G",,,Plein jour,En agglomération,Intersection en X,Normale,Deux véhicules - côté,,,,,,,,,,,1,2,2,1,3
200500028085,0005-05-28 23:30:00,5,5,28,23,30,280,85.0,"SANS, SAINT CHERON (RUE)",,,Nuit avec éclairage allumé,En agglomération,Hors intersection,Normale,Deux véhicules - côté,,,,,,,,,,,5,2,1,1,3
200500028086,0005-05-30 10:05:00,5,5,30,10,5,280,85.0,"14, MARAIS (RUE DES)",,,Plein jour,En agglomération,Hors intersection,Normale,Deux véhicules - arrière,,,,,,,,,,,1,2,1,1,2
200500028087,0005-05-30 16:00:00,5,5,30,16,0,280,229.0,"SANS, CHASLES (RUE PHILA",,,Plein jour,En agglomération,Hors intersection,Normale,Deux véhicules - frontale,,,,,,,,,,,1,2,1,1,1
200500028088,0005-05-02 13:30:00,5,5,2,13,30,280,404.0,"0, ROCADE OUEST",,,Plein jour,En agglomération,Giratoire,Normale,Autre collision,,,,,,,,,,,1,2,6,1,6
200500028089,0005-05-02 14:00:00,5,5,2,14,0,280,134.0,"0, HENRI IV (BD)",,,Plein jour,En agglomération,Hors intersection,Normale,Trois véhicules et plus - en chaîne,,,,,,,,,,,1,2,1,1,4
200500028090,0005-05-02 18:00:00,5,5,2,18,0,280,134.0,"0, RN 12 (CARREFOUR DELI",,,Plein jour,En agglomération,Hors intersection,Normale,Deux véhicules - côté,,,,,,,,,,,1,2,1,1,3
200500028091,0005-05-03 13:00:00,5,5,3,13,0,280,134.0,"2, ALLENDE (RUE SALVADOR",,,Plein jour,En agglomération,Hors intersection,Normale,Autre collision,,,,,,,,,,,1,2,1,1,6
200500028092,0005-05-03 20:30:00,5,5,3,20,30,280,134.0,"0, KENNEDY (AVENUE DU PR",,,Plein jour,En agglomération,Intersection en Y,Pluie légère,Deux véhicules - arrière,,,,,,,,,,,1,2,4,2,2
200500028093,0005-05-04 07:45:00,5,5,4,7,45,280,223.0,MONTDROUARD (COTE),,,Crépuscule ou aube,En agglomération,Hors intersection,Normale,Sans collision,,,,,,,,,,,2,2,1,1,7
200500028094,0005-05-05 15:30:00,5,5,5,15,30,280,134.0,"0, SARRAIL (AVENUE DU GE",,,Plein jour,En agglomération,Intersection en T,Normale,Deux véhicules - côté,,,,,,,,,,,1,2,3,1,3
200500028095,0005-05-10 16:55:00,5,5,10,16,55,280,134.0,FONTAINES (RUE DES),,,Plein jour,En agglomération,Hors intersection,Normale,Deux véhicules - côté,,,,,,,,,,,1,2,1,1,3
200500028096,0005-05-12 13:35:00,5,5,12,13,35,280,404.0,CRECY (ROUTE DE),,,Plein jour,En agglomération,Intersection en T,Normale,Deux véhicules - frontale,,,,,,,,,,,1,2,3,1,1
200500028097,0005-05-15 18:40:00,5,5,15,18,40,280,223.0,RUE (GRANDE),,,Plein jour,En agglomération,Hors intersection,Normale,Deux véhicules - frontale,,,,,,,,,,,1,2,1,1,1
200500028098,0005-05-18 10:30:00,5,5,18,10,30,280,134.0,LECLERC (AVENUE DU GENER,,,Plein jour,En agglomération,Hors intersection,Normale,Sans collision,,,,,,,,,,,1,2,1,1,7
200500028099,0005-05-18 12:30:00,5,5,18,12,30,280,134.0,PRETRES (RUE DES),,,Plein jour,En agglomération,Intersection en X,Normale,Deux véhicules - côté,,,,,,,,,,,1,2,2,1,3
200500028100,0005-05-18 17:59:00,5,5,18,17,59,280,134.0,VIEUX PRE (RUE DU),,,Plein jour,En agglomération,Hors intersection,Normale,Autre collision,,,,,,,,,,,1,2,1,1,6
200500028101,0005-05-24 16:50:00,5,5,24,16,50,280,134.0,LIEVRE D'OR (RUE DU),,,Plein jour,En agglomération,Hors intersection,Normale,Sans collision,,,,,,,,,,,1,2,1,1,7
200500028102,0005-05-27 09:20:00,5,5,27,9,20,280,134.0,FENOTS (AVENUE DES),,,Plein jour,En agglomération,Hors intersection,Normale,Autre collision,,,,,,,,,,,1,2,1,1,6
200500028103,0005-05-28 12:18:00,5,5,28,12,18,280,134.0,FERMIERS (RUE DES),,,Plein jour,En agglomération,Hors intersection,Normale,Sans collision,,,,,,,,,,,1,2,1,1,7
200500028104,0005-05-29 05:20:00,5,5,29,5,20,280,134.0,ROCADE EST,,,Nuit sans éclairage public,En agglomération,Hors intersection,Normale,Autre collision,,,,,,,,,,,3,2,1,1,6
200500028105,0005-05-31 14:55:00,5,5,31,14,55,280,404.0,ROCADE OUEST,,,Plein jour,En agglomération,Hors intersection,Normale,Deux véhicules - arrière,,,,,,,,,,,1,2,1,1,2
200500028106,0005-05-02 19:25:00,5,5,2,19,25,290,19.0,"., LIBERATION",,,Plein jour,En agglomération,Hors intersection,Normale,Deux véhicules - arrière,,,,,,,,,,,1,2,1,1,2
200500028107,0005-05-03 12:15:00,5,5,3,12,15,290,19.0,"., DESFOSSES ROMAIN (AMI",,,Plein jour,En agglomération,Hors intersection,Normale,Deux véhicules - côté,,,,,,,,,,,1,2,1,1,3
200500028108,0005-05-03 18:00:00,5,5,3,18,0,290,19.0,"26, TARENTE",,,Plein jour,En agglomération,Hors intersection,Normale,Autre collision,,,,,,,,,,,1,2,1,1,6
200500028109,0005-05-08 16:20:00,5,5,8,16,20,290,19.0,"., LESVEN JULES (DE 18 A",,,Plein jour,En agglomération,Intersection en X,Normale,Autre collision,,,,,,,,,,,1,2,2,1,6
200500028110,0005-05-12 14:50:00,5,5,12,14,50,290,19.0,"., DOUMIER PAUL",,,Plein jour,En agglomération,Intersection en X,Normale,Trois véhicules et plus - collisions multiples,,,,,,,,,,,1,2,2,1,5
200500028111,0005-05-13 18:00:00,5,5,13,18,0,290,19.0,", DONNART MATHIEU (DE 1",,,Plein jour,En agglomération,Hors intersection,Normale,Sans collision,,,,,,,,,,,1,2,1,1,7
200500028112,0005-05-14 16:30:00,5,5,14,16,30,290,19.0,"., LINOIS (AMIRAL)",,,Plein jour,En agglomération,Intersection en X,Normale,Deux véhicules - côté,,,,,,,,,,,1,2,2,1,3
200500028113,0005-05-16 14:00:00,5,5,16,14,0,290,19.0,"., MOULIN A POUDRE (DE 1",,,Plein jour,En agglomération,Intersection en T,Normale,Deux véhicules - côté,,,,,,,,,,,1,2,3,1,3
200500028114,0005-05-16 15:15:00,5,5,16,15,15,290,19.0,"118, MONTAIGNE (DE 98 ET",,,Plein jour,En agglomération,Hors intersection,Normale,Autre collision,,,,,,,,,,,1,2,1,1,6
200500028115,0005-05-18 19:10:00,5,5,18,19,10,290,19.0,"74, EUROPE (DE 58 A 166",,,Plein jour,En agglomération,Hors intersection,Normale,Deux véhicules - arrière,,,,,,,,,,,1,2,1,1,2
200500028116,0005-05-19 13:10:00,5,5,19,13,10,290,19.0,"., SAINT MARTIN (5 ET 6",,,Plein jour,En agglomération,Intersection en X,Vent fort / tempête,Deux véhicules - côté,,,,,,,,,,,1,2,2,6,3
200500028117,0005-05-20 08:50:00,5,5,20,8,50,290,19.0,"57, MOULIN JEAN (DE 11 A",,,Plein jour,En agglomération,Intersection en T,Normale,Trois véhicules et plus - collisions multiples,,,,,,,,,,,1,2,3,1,5
200500028118,0005-05-21 01:03:00,5,5,21,1,3,290,19.0,"., SAINT MARTIN (5 ET 6",,,Nuit avec éclairage allumé,En agglomération,Intersection en X,Normale,Deux véhicules - côté,,,,,,,,,,,5,2,2,1,3
200500028119,0005-05-23 09:50:00,5,5,23,9,50,290,19.0,"7, ROUSSE EMILE",,,Plein jour,En agglomération,Hors intersection,Normale,Autre collision,,,,,,,,,,,1,2,1,1,6
200500028120,0005-05-23 19:10:00,5,5,23,19,10,290,19.0,"78, GUILERS (DE 39 A 137",,,Plein jour,En agglomération,Intersection en X,Normale,Deux véhicules - côté,,,,,,,,,,,1,2,2,1,3
200500028121,0005-05-25 10:30:00,5,5,25,10,30,290,19.0,CORNICHE (DE 1 A 39 ET 2,,,Plein jour,En agglomération,Hors intersection,Normale,Sans collision,,,,,,,,,,,1,2,1,1,7
200500028122,0005-05-25 16:15:00,5,5,25,16,15,290,19.0,"., KERLEO",,,Plein jour,En agglomération,Intersection en T,Normale,Autre collision,,,,,,,,,,,1,2,3,1,6
200500028123,0005-05-26 10:15:00,5,5,26,10,15,290,19.0,"40, COLLET YVES (DE 27 E",,,Plein jour,En agglomération,Intersection en T,Normale,Deux véhicules - frontale,,,,,,,,,,,1,2,3,1,1
200500028124,0005-05-27 07:00:00,5,5,27,7,0,290,19.0,"., CLEMENCEAU GEORGES (D",,,Plein jour,En agglomération,Intersection en X,Normale,Deux véhicules - côté,,,,,,,,,,,1,2,2,1,3
200500028125,0005-05-27 15:55:00,5,5,27,15,55,290,19.0,"., PROVENCE (AVENUE ET R",,,Plein jour,En agglomération,Hors intersection,Normale,Autre collision,,,,,,,,,,,1,2,1,1,6
200500028126,0005-05-28 00:19:00,5,5,28,0,19,290,19.0,"., CLEMENCEAU GEORGES (D",,,Nuit avec éclairage allumé,En agglomération,Intersection en X,Normale,Autre collision,,,,,,,,,,,5,2,2,1,6
200500028127,0005-05-27 15:45:00,5,5,27,15,45,290,19.0,COAT TAN (ROND POINT ET,,,Plein jour,En agglomération,Giratoire,Normale,Deux véhicules - arrière,,,,,,,,,,,1,2,6,1,2
200500028128,0005-05-31 17:45:00,5,5,31,17,45,290,19.0,"., KANT",,,Plein jour,En agglomération,Intersection en T,Normale,Deux véhicules - arrière,,,,,,,,,,,1,2,3,1,2
200500028129,0005-05-03 07:20:00,5,5,3,7,20,290,39.0,GENERAL DE GAULLE (PLACE,,,Plein jour,En agglomération,Place,Normale,Autre collision,,,,,,,,,,,1,2,7,1,6
200500028130,0005-05-07 07:55:00,5,5,7,7,55,290,39.0,ROUZ ( RUE DU ),,,Plein jour,En agglomération,Intersection en X,Normale,Deux véhicules - côté,,,,,,,,,,,1,2,2,1,3
200500028131,0005-05-21 23:55:00,5,5,21,23,55,290,39.0,"02, CARNOT ( QUAI)",,,Nuit avec éclairage allumé,En agglomération,Intersection en T,Normale,Deux véhicules - côté,,,,,,,,,,,5,2,3,1,3
200500028132,0005-05-24 17:45:00,5,5,24,17,45,290,39.0,"15, RD 783",,,Plein jour,Hors agglomération,Intersection en T,Normale,Deux véhicules - côté,,,,,,,,,,,1,1,3,1,3
200500028133,0005-05-26 04:30:00,5,5,26,4,30,290,39.0,", RD 783",,,Nuit sans éclairage public,Hors agglomération,Hors intersection,Normale,Autre collision,,,,,,,,,,,3,1,1,1,6
200500028134,0005-05-25 17:40:00,5,5,25,17,40,290,151.0,"., OREE DU BOIS (RUE DE",,,Plein jour,En agglomération,Giratoire,Normale,Deux véhicules - côté,,,,,,,,,,,1,2,6,1,3
200500028135,0005-05-04 17:20:00,5,5,4,17,20,290,232.0,"29 TER, GARE AVENUE DE L",,,Plein jour,En agglomération,Hors intersection,Normale,Autre collision,,,,,,,,,,,1,2,1,1,6
200500028136,0005-05-04 19:05:00,5,5,4,19,5,290,232.0,"136, LIBERATION AVENUE D",,,Plein jour,En agglomération,Hors intersection,Normale,Autre collision,,,,,,,,,,,1,2,1,1,6
200500028137,0005-05-02 15:30:00,5,5,2,15,30,300,7.0,"., MOULIN (GRAND' RUE JE",,,Plein jour,En agglomération,Hors intersection,Normale,Deux véhicules - côté,,,,,,,,,,,1,2,1,1,3
200500028138,0005-05-03 14:00:00,5,5,3,14,0,300,7.0,"., ROYALE (ROUTE DE LA )",,,Plein jour,En agglomération,Hors intersection,Normale,Autre collision,,,,,,,,,,,1,2,1,1,6
200500028139,0005-05-07 18:05:00,5,5,7,18,5,300,7.0,"., MEJANNES (ANCIEN CHEM",,,Plein jour,En agglomération,Intersection en X,Normale,Deux véhicules - côté,,,,,,,,,,,1,2,2,1,3
200500028140,0005-05-10 15:30:00,5,5,10,15,30,300,243.0,"., MONTEZE (ROUTE DE)",,,Plein jour,En agglomération,Hors intersection,Normale,Autre collision,,,,,,,,,,,1,2,1,1,6
200500028141,0005-05-25 17:00:00,5,5,25,17,0,300,7.0,"14, CARNOT (AVE)",,,Plein jour,En agglomération,Hors intersection,Normale,Sans collision,,,,,,,,,,,1,2,1,1,7
200500028142,0005-05-31 19:26:00,5,5,31,19,26,300,7.0,LAFAYETTE (RUE),,,Plein jour,En agglomération,Hors intersection,Normale,Deux véhicules - côté,,,,,,,,,,,1,2,1,1,3
200500028143,0005-05-13 17:35:00,5,5,13,17,35,300,7.0,"., JUIN (AVE DU MARECHAL",,,Plein jour,En agglomération,Hors intersection,Normale,Deux véhicules - arrière,,,,,,,,,,,1,2,1,1,2
200500028144,0005-05-03 12:10:00,5,5,3,12,10,300,28.0,"13, MAYRE (AVENUE DE LA)",,,Plein jour,En agglomération,Intersection en T,Normale,Trois véhicules et plus - collisions multiples,,,,,,,,,,,1,2,3,1,5
200500028145,0005-05-09 18:15:00,5,5,9,18,15,300,28.0,"4 et 6, LACOMBE (BOULEVA",,,Plein jour,En agglomération,Hors intersection,Normale,Autre collision,,,,,,,,,,,1,2,1,1,6
200500028146,0005-05-17 16:15:00,5,5,17,16,15,300,28.0,ALES (ROUTE D'),,,Plein jour,Hors agglomération,Hors intersection,Pluie légère,Deux véhicules - arrière,,,,,,,,,,,1,1,1,2,2
200500028147,0005-05-18 17:50:00,5,5,18,17,50,300,28.0,ALPHONSE DAUDET (AVENUE),,,Plein jour,En agglomération,Hors intersection,Vent fort / tempête,Autre collision,,,,,,,,,,,1,2,1,6,6
200500028148,0005-05-22 16:20:00,5,5,22,16,20,300,28.0,"14, VIGAN BRAQUET (AVENU",,,Plein jour,En agglomération,Intersection en X,Normale,Deux véhicules - côté,,,,,,,,,,,1,2,2,1,3
200500028149,0005-05-27 13:04:00,5,5,27,13,4,300,28.0,ROUTE DE PONT SAINT ESPR,,,Plein jour,En agglomération,Hors intersection,Normale,Deux véhicules - côté,,,,,,,,,,,1,2,1,1,3
200500028150,0005-05-03 13:39:00,5,5,3,13,39,300,32.0,CIMETIERE N°1 ET 2,,,Plein jour,Hors agglomération,Intersection en T,Normale,Deux véhicules - côté,,,,,,,,,,,1,1,3,1,3
200500028151,0005-05-07 11:00:00,5,5,7,11,0,300,32.0,"11, ZAC DE GENESTET",,,Plein jour,En agglomération,Hors intersection,Normale,Deux véhicules - frontale,,,,,,,,,,,1,2,1,1,1
200500028152,0005-05-16 11:50:00,5,5,16,11,50,300,32.0,"1, FARCIENNES (AV. DE)",,,Plein jour,En agglomération,Giratoire,Normale,Deux véhicules - arrière,,,,,,,,,,,1,2,6,1,2
200500028153,0005-05-11 20:16:00,5,5,11,20,16,300,32.0,"1, DIDEROT",,,Plein jour,En agglomération,Place,Normale,Deux véhicules - côté,,,,,,,,,,,1,2,7,1,3
200500028154,0005-05-17 12:28:00,5,5,17,12,28,300,32.0,MARGUILLIERS (CHEMIN DES,,,Plein jour,En agglomération,Intersection en T,Pluie forte,Deux véhicules - frontale,,,,,,,,,,,1,2,3,3,1
200500028155,0005-05-03 15:50:00,5,5,3,15,50,300,189.0,"1997, MARECHAL JUIN (BOU",,,Plein jour,En agglomération,Hors intersection,Normale,Deux véhicules - côté,,,,,,,,,,,1,2,1,1,3
200500028156,0005-05-06 10:40:00,5,5,6,10,40,300,189.0,MONTPELLIER (ROUTE DE),,,Plein jour,En agglomération,Intersection en T,Normale,Deux véhicules - côté,,,,,,,,,,,1,2,3,1,3
200500028157,0005-05-06 18:07:00,5,5,6,18,7,300,189.0,"., ALES (ROUTE)",,,Plein jour,Hors agglomération,Hors intersection,Normale,Autre collision,,,,,,,,,,,1,1,1,1,6
200500028158,0005-05-07 15:27:00,5,5,7,15,27,300,189.0,"., TRIAIRE SERGENT (BOUL",,,Plein jour,En agglomération,Intersection en X,Normale,Deux véhicules - côté,,,,,,,,,,,1,2,2,1,3
200500028159,0005-05-09 16:58:00,5,5,9,16,58,300,189.0,"., MONNET JEAN (COURS)",,,Plein jour,En agglomération,Giratoire,Normale,Deux véhicules - côté,,,,,,,,,,,1,2,6,1,3
200500028160,0005-05-10 18:21:00,5,5,10,18,21,300,189.0,"., COURBET AMIRAL (BOULE",,,Plein jour,En agglomération,Hors intersection,Normale,Autre collision,,,,,,,,,,,1,2,1,1,6
200500028161,0005-05-11 14:44:00,5,5,11,14,44,300,189.0,"74, REPUBLIQUE (RUE)",,,Plein jour,En agglomération,Hors intersection,Normale,Autre collision,,,,,,,,,,,1,2,1,1,6
200500028162,0005-05-13 02:50:00,5,5,13,2,50,300,189.0,"., MENARD (RUE)",,,Nuit avec éclairage allumé,En agglomération,Intersection en X,Normale,Deux véhicules - côté,,,,,,,,,,,5,2,2,1,3
200500028163,0005-05-12 18:55:00,5,5,12,18,55,300,189.0,ANCIENS COMBATTANTS D IN,,,Plein jour,En agglomération,Hors intersection,Normale,Deux véhicules - côté,,,,,,,,,,,1,2,1,1,3
200500028164,0005-05-14 03:25:00,5,5,14,3,25,300,189.0,"64, ALES (ROUTE)",,,Nuit avec éclairage allumé,En agglomération,Hors intersection,Pluie forte,Autre collision,,,,,,,,,,,5,2,1,3,6
200500028165,0005-05-15 07:55:00,5,5,15,7,55,300,189.0,MONTPELLIER (ROUTE DE),,,Plein jour,En agglomération,Intersection en X,Normale,Deux véhicules - côté,,,,,,,,,,,1,2,2,1,3
200500028166,0005-05-15 17:10:00,5,5,15,17,10,300,189.0,"999, SAUVE (ROUTE)",,,Plein jour,Hors agglomération,Hors intersection,Normale,Trois véhicules et plus - collisions multiples,,,,,,,,,,,1,1,1,1,5
200500028167,0005-05-15 22:19:00,5,5,15,22,19,300,189.0,TURENNE (RUE),,,Nuit avec éclairage allumé,En agglomération,Intersection en X,Normale,Deux véhicules - côté,,,,,,,,,,,5,2,2,1,3
200500028168,0005-05-13 11:00:00,5,5,13,11,0,300,189.0,"10, COLISEE (RUE)",,,Plein jour,En agglomération,Hors intersection,Normale,Deux véhicules - côté,,,,,,,,,,,1,2,1,1,3
200500028169,0005-05-17 17:10:00,5,5,17,17,10,300,189.0,"., AVIGNON (ROUTE)",,,Plein jour,En agglomération,Intersection en T,Pluie légère,Deux véhicules - arrière,,,,,,,,,,,1,2,3,2,2
200500028170,0005-05-17 17:56:00,5,5,17,17,56,300,189.0,"209, RUSSAN (CHEMIN OU R",,,Plein jour,En agglomération,Hors intersection,Pluie forte,Deux véhicules - frontale,,,,,,,,,,,1,2,1,3,1
200500028171,0005-05-17 18:40:00,5,5,17,18,40,300,189.0,ALLENDE SALVADOR (RUE),,,Plein jour,Hors agglomération,Giratoire,Pluie légère,Autre collision,,,,,,,,,,,1,1,6,2,6
200500028172,0005-05-18 12:20:00,5,5,18,12,20,300,189.0,"., WEBER (RUE)",,,Plein jour,En agglomération,Hors intersection,Normale,Autre collision,,,,,,,,,,,1,2,1,1,6
200500028173,0005-05-18 17:05:00,5,5,18,17,5,300,189.0,ALLENDE SALVADOR (RUE),,,Plein jour,En agglomération,Autre intersection,Normale,Autre collision,,,,,,,,,,,1,2,9,1,6
200500028174,0005-05-19 08:08:00,5,5,19,8,8,300,189.0,"03, FOLCO DE BARONCELLI",,,Plein jour,En agglomération,Hors intersection,Normale,Autre collision,,,,,,,,,,,1,2,1,1,6
200500028175,0005-05-20 10:53:00,5,5,20,10,53,300,189.0,ANCIENS COMBATTANTS D IN,,,Plein jour,Hors agglomération,Intersection en X,Normale,Deux véhicules - côté,,,,,,,,,,,1,1,2,1,3
200500028176,0005-05-20 12:25:00,5,5,20,12,25,300,189.0,"10, CIRQUE ROMAIN (RUE)",,,Plein jour,En agglomération,Hors intersection,Normale,Autre collision,,,,,,,,,,,1,2,1,1,6
200500028177,0005-05-22 03:58:00,5,5,22,3,58,300,189.0,MOLIERE (RUE),,,Nuit avec éclairage allumé,En agglomération,Intersection en X,Normale,Deux véhicules - côté,,,,,,,,,,,5,2,2,1,3
200500028178,0005-05-24 08:52:00,5,5,24,8,52,300,189.0,"., MICHEL DEBRE (RUE)",,,Plein jour,En agglomération,Intersection en X,Normale,Autre collision,,,,,,,,,,,1,2,2,1,6
200500028179,0005-05-24 22:10:00,5,5,24,22,10,300,189.0,"64, ALES (ROUTE)",,,Nuit avec éclairage allumé,En agglomération,Intersection en T,Normale,Deux véhicules - côté,,,,,,,,,,,5,2,3,1,3
200500028180,0005-05-25 05:32:00,5,5,25,5,32,300,189.0,"., LAURIERS  (RUE)",,,Nuit avec éclairage allumé,En agglomération,Intersection en X,Normale,Deux véhicules - côté,,,,,,,,,,,5,2,2,1,3
200500028181,0005-05-25 21:08:00,5,5,25,21,8,300,189.0,ALLENDE SALVADOR (RUE),,,Plein jour,En agglomération,Giratoire,Normale,Sans collision,,,,,,,,,,,1,2,6,1,7
200500028182,0005-05-26 08:15:00,5,5,26,8,15,300,189.0,"., SOBOUL ALBERT (RUE OU",,,Plein jour,En agglomération,Intersection en X,Normale,Deux véhicules - côté,,,,,,,,,,,1,2,2,1,3
200500028183,0005-05-26 19:13:00,5,5,26,19,13,300,189.0,"., ARTS (AVENUE)",,,Plein jour,En agglomération,Hors intersection,Normale,Autre collision,,,,,,,,,,,1,2,1,1,6
200500028184,0005-05-27 17:53:00,5,5,27,17,53,300,189.0,"., NATOIRE (BOULEVARD)",,,Plein jour,En agglomération,Intersection en T,Normale,Deux véhicules - côté,,,,,,,,,,,1,2,3,1,3
200500028185,0005-05-28 08:20:00,5,5,28,8,20,300,189.0,"., VILLON (RUE)",,,Plein jour,En agglomération,Hors intersection,Normale,Autre collision,,,,,,,,,,,1,2,1,1,6
200500028186,0005-05-28 11:08:00,5,5,28,11,8,300,189.0,MENDES FRANCE PIERRE (AV,,,Plein jour,En agglomération,Hors intersection,Normale,Trois véhicules et plus - collisions multiples,,,,,,,,,,,1,2,1,1,5
200500028187,0005-05-28 20:58:00,5,5,28,20,58,300,189.0,"., TOUR DE L'EVEQUE (RUE",,,Plein jour,En agglomération,Intersection en X,Normale,Deux véhicules - côté,,,,,,,,,,,1,2,2,1,3
200500028188,0005-05-30 12:23:00,5,5,30,12,23,300,189.0,"., CART (RUE)",,,Plein jour,En agglomération,Intersection en X,Normale,Deux véhicules - côté,,,,,,,,,,,1,2,2,1,3