accident_id,datetime,annee,mois,jour,heure,minute,departement,commune_insee,adresse,latitude,longitude,luminosite,agglomeration,intersection,meteo,collision,nb_vehicules,nb_usagers,nb_indemnes,nb_tues,nb_blesses_hosp,nb_blesses_legers,age_cond_1,age_cond_2,veh_type_cond_1,veh_type_cond_2,lum_code,agg_code,int_code,atm_code,col_code
200500028189,0005-05-31 15:30:00,5,5,31,15,30,300,189.0,KENNEDY (AVENUE),,,Plein jour,En agglomération,Hors intersection,Normale,Deux véhicules - côté,,,,,,,,,,,1,2,1,1,3
200500028190,0005-05-31 16:00:00,5,5,31,16,0,300,189.0,"., SULLY (RUE)",,,Plein jour,En agglomération,Intersection en T,Normale,Autre collision,,,,,,,,,,,1,2,3,1,6
200500028191,0005-05-01 00:40:00,5,5,1,0,40,300,351.0,"33, CEVENNES AVENUE DES",,,Nuit avec éclairage allumé,En agglomération,Intersection en T,Normale,Deux véhicules - frontale,,,,,,,,,,,5,2,3,1,1
200500028192,0005-05-06 18:55:00,5,5,6,18,55,300,351.0,"17, MONTEAU CHEMIN DE",,,Plein jour,En agglomération,Intersection en X,Normale,Autre collision,,,,,,,,,,,1,2,2,1,6
200500028193,0005-05-17 18:10:00,5,5,17,18,10,300,11.0,", DE GAULLE AVENUE CHARL",,,Plein jour,En agglomération,Hors intersection,Pluie forte,Deux véhicules - côté,,,,,,,,,,,1,2,1,3,3
200500028194,0005-05-02 04:50:00,5,5,2,4,50,300,11.0,GRAND ANGLES AVENUE DE,,,Nuit sans éclairage public,En agglomération,Giratoire,Normale,Deux véhicules - côté,,,,,,,,,,,3,2,6,1,3
200500028195,0005-05-21 10:20:00,5,5,21,10,20,300,351.0,GENERAL LECLERC AVENUE D,,,Plein jour,En agglomération,Autre intersection,Normale,Sans collision,,,,,,,,,,,1,2,9,1,7
200500028196,0005-05-03 20:00:00,5,5,3,20,0,310,69.0,"1, GUYENNE (RUE DE)",,,Plein jour,En agglomération,Intersection en X,Normale,Deux véhicules - côté,,,,,,,,,,,1,2,2,1,3
200500028197,0005-05-09 08:10:00,5,5,9,8,10,310,69.0,"1, GUIMBAUD (RUE DU DOCT",,,Plein jour,En agglomération,Intersection en Y,Normale,Deux véhicules - côté,,,,,,,,,,,1,2,4,1,3
200500028198,0005-05-27 18:15:00,5,5,27,18,15,310,69.0,"45, CORNEBARRIEU (ROUTE",,,Plein jour,En agglomération,Hors intersection,Normale,Deux véhicules - frontale,,,,,,,,,,,1,2,1,1,1
200500028199,0005-05-10 09:50:00,5,5,10,9,50,310,149.0,ROUERGUE (ALLEE DU),,,Plein jour,En agglomération,Hors intersection,Normale,Autre collision,,,,,,,,,,,1,2,1,1,6
200500028200,0005-05-10 16:30:00,5,5,10,16,30,310,149.0,3 COLOMIERS EST (A624),,,Plein jour,En agglomération,Hors intersection,Normale,Deux véhicules - côté,,,,,,,,,,,1,2,1,1,3
200500028201,0005-05-08 17:50:00,5,5,8,17,50,310,565.0,CAGIRE A BOULOGNE (CHEMI,,,Plein jour,En agglomération,Intersection en X,Normale,Deux véhicules - côté,,,,,,,,,,,1,2,2,1,3
200500028202,0005-05-12 12:30:00,5,5,12,12,30,310,565.0,CAUSSADES (RUE DES ),,,Plein jour,En agglomération,Intersection à plus de 4 branches,Normale,Deux véhicules - côté,,,,,,,,,,,1,2,5,1,3
200500028203,0005-05-01 14:00:00,5,5,1,14,0,310,555.0,"171, ESPAGNE (RTE D) DU",,,Plein jour,En agglomération,Hors intersection,Normale,Autre collision,,,,,,,,,,,1,2,1,1,6
200500028204,0005-05-02 07:26:00,5,5,2,7,26,310,555.0,"1, BONNAT (RUE) DU 1AU 1",,,Crépuscule ou aube,En agglomération,Intersection en T,Normale,Deux véhicules - frontale,,,,,,,,,,,2,2,3,1,1
200500028205,0005-05-02 22:00:00,5,5,2,22,0,310,555.0,"17, FITTE (ALL CHARLES D",,,Nuit avec éclairage allumé,En agglomération,Hors intersection,Normale,Deux véhicules - côté,,,,,,,,,,,5,2,1,1,3
200500028206,0005-05-03 09:49:00,5,5,3,9,49,310,555.0,"3, SAINT MICHEL (IMPASSE",,,Plein jour,En agglomération,Hors intersection,Temps couvert,Deux véhicules - côté,,,,,,,,,,,1,2,1,8,3
200500028207,0005-05-03 14:15:00,5,5,3,14,15,310,555.0,ARCOLE (BD D) DU 2AU 76,,,Plein jour,En agglomération,Hors intersection,Normale,Autre collision,,,,,,,,,,,1,2,1,1,6
200500028208,0005-05-04 14:08:00,5,5,4,14,8,310,555.0,"265, ETATS UNIS (AV DES)",,,Plein jour,En agglomération,Hors intersection,Normale,Autre collision,,,,,,,,,,,1,2,1,1,6
200500028209,0005-05-05 02:35:00,5,5,5,2,35,310,555.0,"3, HOCHE (RUE DU GENERAL",,,Nuit avec éclairage allumé,En agglomération,Hors intersection,Normale,Autre collision,,,,,,,,,,,5,2,1,1,6
200500028210,0005-05-05 19:18:00,5,5,5,19,18,310,555.0,"2, ESTEBE (AV FREDERIC)",,,Plein jour,En agglomération,Hors intersection,Normale,Autre collision,,,,,,,,,,,1,2,1,1,6
200500028211,0005-05-06 06:00:00,5,5,6,6,0,310,555.0,RIQUET (PONT),,,Nuit avec éclairage allumé,En agglomération,Intersection en X,Normale,Deux véhicules - côté,,,,,,,,,,,5,2,2,1,3
200500028212,0005-05-06 17:20:00,5,5,6,17,20,310,555.0,"1 Bis, VERDIER (ALL FORA",,,Plein jour,En agglomération,Hors intersection,Normale,Deux véhicules - arrière,,,,,,,,,,,1,2,1,1,2
200500028213,0005-05-06 22:38:00,5,5,6,22,38,310,555.0,17 LASBORDES (PERIPH EST,,,Nuit avec éclairage allumé,Hors agglomération,Hors intersection,Normale,Autre collision,,,,,,,,,,,5,1,1,1,6
200500028214,0005-05-07 12:50:00,5,5,7,12,50,310,555.0,27 LA CEPIERE  (PERIPH O,,,Plein jour,Hors agglomération,Hors intersection,Normale,Autre collision,,,,,,,,,,,1,1,1,1,6
200500028215,0005-05-07 10:30:00,5,5,7,10,30,310,555.0,"318, ESPAGNE (RTE D) DU",,,Plein jour,En agglomération,Hors intersection,Normale,Deux véhicules - arrière,,,,,,,,,,,1,2,1,1,2
200500028216,0005-05-07 14:50:00,5,5,7,14,50,310,555.0,"1, CAPITOLE (PL DU) DU 1",,,Plein jour,En agglomération,Hors intersection,Normale,Autre collision,,,,,,,,,,,1,2,1,1,6
200500028217,0005-05-07 21:00:00,5,5,7,21,0,310,555.0,"76, LISIEUX (RUE DE)",,,Nuit avec éclairage allumé,En agglomération,Hors intersection,Normale,Autre collision,,,,,,,,,,,5,2,1,1,6
200500028218,0005-05-08 04:10:00,5,5,8,4,10,310,555.0,"19, GRAND RAMIER (AVENUE",,,Nuit avec éclairage allumé,En agglomération,Hors intersection,Normale,Deux véhicules - frontale,,,,,,,,,,,5,2,1,1,1
200500028219,0005-05-03 18:50:00,5,5,3,18,50,310,555.0,"63, THIBAUD (BD DE) DU 4",,,Plein jour,En agglomération,Hors intersection,Normale,Autre collision,,,,,,,,,,,1,2,1,1,6
200500028220,0005-05-10 16:10:00,5,5,10,16,10,310,555.0,"29, SAINT SAUVEUR (PORT)",,,Plein jour,En agglomération,Hors intersection,Temps couvert,Autre collision,,,,,,,,,,,1,2,1,8,6
200500028221,0005-05-10 18:00:00,5,5,10,18,0,310,555.0,2 LA CRABE (A 624),,,Plein jour,Hors agglomération,Hors intersection,Pluie légère,Trois véhicules et plus - en chaîne,,,,,,,,,,,1,1,1,2,4
200500028222,0005-05-11 19:30:00,5,5,11,19,30,310,555.0,"160, LAVAUR (AV DE) DU 2",,,Plein jour,En agglomération,Hors intersection,Normale,Trois véhicules et plus - en chaîne,,,,,,,,,,,1,2,1,1,4
200500028223,0005-05-12 08:20:00,5,5,12,8,20,310,555.0,"30, NARBONNE (ROUTE DE)",,,Plein jour,En agglomération,Hors intersection,Normale,Deux véhicules - côté,,,,,,,,,,,1,2,1,1,3
200500028224,0005-05-12 11:10:00,5,5,12,11,10,310,555.0,"46, MEDITERRANEE (BD DE",,,Plein jour,En agglomération,Hors intersection,Normale,Autre collision,,,,,,,,,,,1,2,1,1,6
200500028225,0005-05-12 15:40:00,5,5,12,15,40,310,555.0,"14, CANON D ARCOLE (RUE",,,Plein jour,En agglomération,Hors intersection,Normale,Deux véhicules - côté,,,,,,,,,,,1,2,1,1,3
200500028226,0005-05-12 17:56:00,5,5,12,17,56,310,555.0,"66, BILLIERES (AV ETIENN",,,Plein jour,En agglomération,Hors intersection,Pluie légère,Deux véhicules - côté,,,,,,,,,,,1,2,1,2,3
200500028227,0005-05-13 20:30:00,5,5,13,20,30,310,555.0,"351, ETATS UNIS (AV DES)",,,Crépuscule ou aube,En agglomération,Hors intersection,Pluie forte,Deux véhicules - arrière,,,,,,,,,,,2,2,1,3,2
200500028228,0005-05-14 13:30:00,5,5,14,13,30,310,555.0,29 PURPAN  (PERIPH OUEST,,,Plein jour,Hors agglomération,Hors intersection,Normale,Trois véhicules et plus - en chaîne,,,,,,,,,,,1,1,1,1,4
200500028229,0005-05-15 00:10:00,5,5,15,0,10,310,555.0,"56, TUCAUT (CHE DE) DU 8",,,Nuit avec éclairage allumé,En agglomération,Hors intersection,Normale,Autre collision,,,,,,,,,,,5,2,1,1,6
200500028230,0005-05-13 16:00:00,5,5,13,16,0,310,555.0,"58, LOMBEZ (AV DE) DU 48",,,Plein jour,En agglomération,Hors intersection,Normale,Deux véhicules - côté,,,,,,,,,,,1,2,1,1,3
200500028231,0005-05-13 16:25:00,5,5,13,16,25,310,555.0,"127, NARBONNE (ROUTE DE)",,,Plein jour,En agglomération,Hors intersection,Normale,Deux véhicules - côté,,,,,,,,,,,1,2,1,1,3
200500028232,0005-05-14 03:15:00,5,5,14,3,15,310,555.0,"12, FOULQUES (ALLEE DES)",,,Nuit avec éclairage allumé,En agglomération,Hors intersection,Pluie légère,Autre collision,,,,,,,,,,,5,2,1,2,6
200500028233,0005-05-14 12:50:00,5,5,14,12,50,310,555.0,CEPIERE (ROND POINT DE L,,,Plein jour,En agglomération,Giratoire,Normale,Trois véhicules et plus - en chaîne,,,,,,,,,,,1,2,6,1,4
200500028234,0005-05-14 14:35:00,5,5,14,14,35,310,555.0,"13, STRASBOURG (BD DE) D",,,Plein jour,En agglomération,Hors intersection,Normale,Deux véhicules - côté,,,,,,,,,,,1,2,1,1,3
200500028235,0005-05-15 08:52:00,5,5,15,8,52,310,555.0,"1, VERDIER (ALL FORAIN F",,,Plein jour,En agglomération,Hors intersection,Normale,Autre collision,,,,,,,,,,,1,2,1,1,6
200500028236,0005-05-15 12:55:00,5,5,15,12,55,310,555.0,"71, REVEL (RTE DE) DU 1A",,,Plein jour,En agglomération,Hors intersection,Normale,Deux véhicules - côté,,,,,,,,,,,1,2,1,1,3
200500028237,0005-05-15 20:00:00,5,5,15,20,0,310,555.0,33 B SESQUIERES  (PERIPH,,,Plein jour,Hors agglomération,Intersection en X,Pluie légère,Deux véhicules - côté,,,,,,,,,,,1,1,2,2,3
200500028238,0005-05-16 01:10:00,5,5,16,1,10,310,555.0,"14, PATTE D OIE (PL DE L",,,Nuit avec éclairage allumé,En agglomération,Hors intersection,Normale,Autre collision,,,,,,,,,,,5,2,1,1,6
200500028239,0005-05-16 16:15:00,5,5,16,16,15,310,555.0,"3, EUROPE (AV DE L) DU 1",,,Plein jour,En agglomération,Hors intersection,Pluie légère,Deux véhicules - frontale,,,,,,,,,,,1,2,1,2,1
200500028240,0005-05-16 19:20:00,5,5,16,19,20,310,555.0,"1, DERAT (RUE) DU 1AU 35",,,Plein jour,En agglomération,Intersection en T,Temps couvert,Deux véhicules - côté,,,,,,,,,,,1,2,3,8,3
200500028241,0005-05-17 13:10:00,5,5,17,13,10,310,555.0,"126, NAVES (AV RAYMOND)",,,Plein jour,En agglomération,Hors intersection,Pluie légère,Deux véhicules - côté,,,,,,,,,,,1,2,1,2,3
200500028242,0005-05-17 13:20:00,5,5,17,13,20,310,555.0,29 PURPAN  (PERIPH OUEST,,,Plein jour,Hors agglomération,Hors intersection,Pluie légère,Deux véhicules - arrière,,,,,,,,,,,1,1,1,2,2
200500028243,0005-05-17 16:00:00,5,5,17,16,0,310,555.0,12 LES IZARDS (PERIPH ES,,,Plein jour,Hors agglomération,Hors intersection,Normale,Autre collision,,,,,,,,,,,1,1,1,1,6
200500028244,0005-05-17 16:01:00,5,5,17,16,1,310,555.0,"30, GUESDE (ALL JULES) D",,,Plein jour,En agglomération,Hors intersection,Temps couvert,Autre collision,,,,,,,,,,,1,2,1,8,6
200500028245,0005-05-17 18:35:00,5,5,17,18,35,310,555.0,ECH LES ARMURIERS,,,Plein jour,Hors agglomération,Hors intersection,Pluie légère,Deux véhicules - arrière,,,,,,,,,,,1,1,1,2,2
200500028246,0005-05-18 09:50:00,5,5,18,9,50,310,555.0,"17, ESQUIROL (PL ETIENNE",,,Plein jour,En agglomération,Hors intersection,Temps couvert,Deux véhicules - côté,,,,,,,,,,,1,2,1,8,3
200500028247,0005-05-18 13:50:00,5,5,18,13,50,310,555.0,"7, PONT NEUF (PL DU) DU",,,Plein jour,En agglomération,Hors intersection,Normale,Autre collision,,,,,,,,,,,1,2,1,1,6
200500028248,0005-05-19 00:25:00,5,5,19,0,25,310,555.0,"16, LOGE (CHE DE LA) DU",,,Nuit avec éclairage allumé,En agglomération,Hors intersection,Normale,Autre collision,,,,,,,,,,,5,2,1,1,6
200500028249,0005-05-19 17:30:00,5,5,19,17,30,310,555.0,"119, PUJOL (AV CAMILLE)",,,Plein jour,En agglomération,Intersection en X,Normale,Deux véhicules - côté,,,,,,,,,,,1,2,2,1,3
200500028250,0005-05-19 18:10:00,5,5,19,18,10,310,555.0,2 LA CRABE (A 624),,,Plein jour,Hors agglomération,Hors intersection,Normale,Trois véhicules et plus - en chaîne,,,,,,,,,,,1,1,1,1,4
200500028251,0005-05-21 01:40:00,5,5,21,1,40,310,555.0,26 LA FAOURETTE  (PERIPH,,,Nuit avec éclairage allumé,Hors agglomération,Hors intersection,Normale,Autre collision,,,,,,,,,,,5,1,1,1,6
200500028252,0005-05-20 07:20:00,5,5,20,7,20,310,555.0,"26, RIQUET (BD PIERRE PA",,,Plein jour,En agglomération,Hors intersection,Normale,Deux véhicules - côté,,,,,,,,,,,1,2,1,1,3
200500028253,0005-05-20 08:20:00,5,5,20,8,20,310,555.0,"12, WAGNER (BD RICHARD)",,,Plein jour,En agglomération,Hors intersection,Normale,Deux véhicules - arrière,,,,,,,,,,,1,2,1,1,2
200500028254,0005-05-20 20:14:00,5,5,20,20,14,310,555.0,"43, SEVERAC (BD DEODAT D",,,Crépuscule ou aube,En agglomération,Hors intersection,Normale,Deux véhicules - côté,,,,,,,,,,,2,2,1,1,3
200500028255,0005-05-22 07:30:00,5,5,22,7,30,310,555.0,"10, LISIEUX (RUE DE)",,,Crépuscule ou aube,En agglomération,Hors intersection,Normale,Deux véhicules - côté,,,,,,,,,,,2,2,1,1,3
200500028256,0005-05-22 12:45:00,5,5,22,12,45,310,555.0,"97, JULIEN (AV JULES) DU",,,Plein jour,En agglomération,Hors intersection,Temps couvert,Deux véhicules - côté,,,,,,,,,,,1,2,1,8,3
200500028257,0005-05-23 08:30:00,5,5,23,8,30,310,555.0,14 CROIX DAURADE (PERIPH,,,Plein jour,Hors agglomération,Hors intersection,Normale,Trois véhicules et plus - en chaîne,,,,,,,,,,,1,1,1,1,4
200500028258,0005-05-23 17:45:00,5,5,23,17,45,310,555.0,"5, EISENHOWER (AVENUE DU",,,Plein jour,En agglomération,Hors intersection,Normale,Deux véhicules - côté,,,,,,,,,,,1,2,1,1,3
200500028259,0005-05-22 08:45:00,5,5,22,8,45,310,555.0,"34, FAUBOURG BONNEFOY (R",,,Plein jour,En agglomération,Hors intersection,Pluie légère,Autre collision,,,,,,,,,,,1,2,1,2,6
200500028260,0005-05-24 22:15:00,5,5,24,22,15,310,555.0,"46, LASCROSSES (BD) DU 1",,,Nuit avec éclairage allumé,En agglomération,Hors intersection,Normale,Autre collision,,,,,,,,,,,5,2,1,1,6
200500028261,0005-05-25 14:45:00,5,5,25,14,45,310,555.0,"58, CASTRES (AV DE) DU 5",,,Plein jour,En agglomération,Hors intersection,Normale,Deux véhicules - côté,,,,,,,,,,,1,2,1,1,3
200500028262,0005-05-25 17:05:00,5,5,25,17,5,310,555.0,"43, BILLIERES (AV ETIENN",,,Plein jour,En agglomération,Hors intersection,Normale,Autre collision,,,,,,,,,,,1,2,1,1,6
200500028263,0005-05-25 17:06:00,5,5,25,17,6,310,555.0,"17, NARBONNE (ROUTE DE)",,,Plein jour,En agglomération,Hors intersection,Normale,Deux véhicules - côté,,,,,,,,,,,1,2,1,1,3
200500028264,0005-05-25 17:20:00,5,5,25,17,20,310,555.0,"442, FRONTON (AV DE) DU",,,Plein jour,En agglomération,Hors intersection,Normale,Deux véhicules - côté,,,,,,,,,,,1,2,1,1,3
200500028265,0005-05-25 19:00:00,5,5,25,19,0,310,555.0,"13, BRUNHES (BD JEAN) DU",,,Plein jour,En agglomération,Giratoire,Normale,Deux véhicules - côté,,,,,,,,,,,1,2,6,1,3
200500028266,0005-05-26 22:35:00,5,5,26,22,35,310,555.0,"8, JULIEN (AV JULES) DU",,,Nuit avec éclairage allumé,En agglomération,Intersection en X,Normale,Deux véhicules - côté,,,,,,,,,,,5,2,2,1,3
200500028267,0005-05-26 18:50:00,5,5,26,18,50,310,555.0,"1, PELICANS (RUE DES) DU",,,Plein jour,En agglomération,Hors intersection,Normale,Autre collision,,,,,,,,,,,1,2,1,1,6
200500028268,0005-05-29 04:00:00,5,5,29,4,0,310,555.0,14 CROIX DAURADE (PERIPH,,,Nuit avec éclairage allumé,Hors agglomération,Hors intersection,Normale,Trois véhicules et plus - en chaîne,,,,,,,,,,,5,1,1,1,4
200500028269,0005-05-29 04:30:00,5,5,29,4,30,310,555.0,14 CROIX DAURADE (PERIPH,,,Nuit avec éclairage allumé,Hors agglomération,Hors intersection,Normale,Deux véhicules - arrière,,,,,,,,,,,5,1,1,1,2
200500028270,0005-05-26 20:30:00,5,5,26,20,30,310,555.0,"13, SAUGES (CHE DES) DU",,,Plein jour,En agglomération,Hors intersection,Normale,Deux véhicules - côté,,,,,,,,,,,1,2,1,1,3
200500028271,0005-05-27 07:55:00,5,5,27,7,55,310,555.0,"54, CHAUSSAS (RUE DE) DU",,,Plein jour,En agglomération,Hors intersection,Normale,Autre collision,,,,,,,,,,,1,2,1,1,6
200500028272,0005-05-27 12:45:00,5,5,27,12,45,310,555.0,"70, BAYARD (RUE DE) DU 1",,,Plein jour,En agglomération,Hors intersection,Normale,Autre collision,,,,,,,,,,,1,2,1,1,6
200500028273,0005-05-27 13:20:00,5,5,27,13,20,310,555.0,"38, MONTESQUIEU (RUE) DU",,,Plein jour,En agglomération,Intersection en T,Normale,Deux véhicules - côté,,,,,,,,,,,1,2,3,1,3
200500028274,0005-05-31 18:44:00,5,5,31,18,44,310,555.0,SEJOURNE (AV PAUL) DU 18,,,Plein jour,En agglomération,Hors intersection,Normale,Deux véhicules - côté,,,,,,,,,,,1,2,1,1,3
200500028275,0005-05-27 17:30:00,5,5,27,17,30,310,555.0,"10, BLAGNAC (ROUTE DE)",,,Plein jour,En agglomération,Intersection en T,Temps éblouissant,Deux véhicules - côté,,,,,,,,,,,1,2,3,7,3
200500028276,0005-05-28 12:45:00,5,5,28,12,45,310,555.0,"65, ETROITS (CHE DES) DU",,,Plein jour,En agglomération,Hors intersection,Normale,Trois véhicules et plus - en chaîne,,,,,,,,,,,1,2,1,1,4
200500028277,0005-05-28 17:50:00,5,5,28,17,50,310,555.0,33 A LALANDE (PEAGE NORD,,,Plein jour,Hors agglomération,Hors intersection,Normale,Deux véhicules - arrière,,,,,,,,,,,1,1,1,1,2
200500028278,0005-05-29 06:15:00,5,5,29,6,15,310,555.0,"70, CARROSSE (CHE) DU 1A",,,Crépuscule ou aube,En agglomération,Hors intersection,Normale,Deux véhicules - frontale,,,,,,,,,,,2,2,1,1,1
200500028279,0005-05-29 15:00:00,5,5,29,15,0,310,555.0,"17, DELIEUX (RUE ANDRE)",,,Plein jour,En agglomération,Intersection en T,Normale,Deux véhicules - côté,,,,,,,,,,,1,2,3,1,3
200500028280,0005-05-29 03:15:00,5,5,29,3,15,310,555.0,"15, BIALAR (RUE) DU 1AU",,,Nuit avec éclairage allumé,En agglomération,Hors intersection,Normale,Sans collision,,,,,,,,,,,5,2,1,1,7
200500028281,0005-05-30 12:50:00,5,5,30,12,50,310,555.0,"81, PERIOLE (RUE DE) DU",,,Plein jour,En agglomération,Hors intersection,Pluie légère,Deux véhicules - côté,,,,,,,,,,,1,2,1,2,3
200500028282,0005-05-30 14:25:00,5,5,30,14,25,310,555.0,"12 BIS, MARTYRS LIBERATI",,,Plein jour,En agglomération,Hors intersection,Normale,Deux véhicules - côté,,,,,,,,,,,1,2,1,1,3
200500028283,0005-05-30 14:30:00,5,5,30,14,30,310,555.0,TOEC (VOIE DU) DU 58 AU,,,Plein jour,En agglomération,Intersection en T,Normale,Deux véhicules - côté,,,,,,,,,,,1,2,3,1,3
200500028284,0005-05-30 15:05:00,5,5,30,15,5,310,555.0,"1, SAINT PIERRE (PL) DU",,,Plein jour,En agglomération,Intersection en X,Normale,Deux véhicules - frontale,,,,,,,,,,,1,2,2,1,1
200500028285,0005-05-30 16:15:00,5,5,30,16,15,310,555.0,26 LA FAOURETTE  (PERIPH,,,Plein jour,Hors agglomération,Hors intersection,Normale,Deux véhicules - côté,,,,,,,,,,,1,1,1,1,3
200500028286,0005-05-29 15:50:00,5,5,29,15,50,310,555.0,"20, VILLENOUVELLE (CHE D",,,Plein jour,En agglomération,Hors intersection,Normale,Deux véhicules - côté,,,,,,,,,,,1,2,1,1,3
200500028287,0005-05-31 14:20:00,5,5,31,14,20,310,555.0,"170, PLANA (RUE LOUIS) D",,,Plein jour,En agglomération,Hors intersection,Normale,Deux véhicules - côté,,,,,,,,,,,1,2,1,1,3
200500028288,0005-05-31 18:35:00,5,5,31,18,35,310,555.0,31 A LES MINIMES  (PERIP,,,Plein jour,Hors agglomération,Hors intersection,Normale,Deux véhicules - arrière,,,,,,,,,,,1,1,1,1,2
200500028289,0005-05-02 08:35:00,5,5,2,8,35,310,557.0,"0, ST EXUPERY (CH DE)",,,Plein jour,En agglomération,Intersection en T,Pluie légère,Autre collision,,,,,,,,,,,1,2,3,2,6
200500028290,0005-05-13 18:35:00,5,5,13,18,35,310,557.0,"58, PEYRETTE (CH DE LA)",,,Plein jour,En agglomération,Hors intersection,Normale,Autre collision,,,,,,,,,,,1,2,1,1,6
200500028291,0005-05-24 08:00:00,5,5,24,8,0,310,557.0,AURIOL (BD VINCENT),,,Plein jour,En agglomération,Intersection en T,Normale,Deux véhicules - frontale,,,,,,,,,,,1,2,3,1,1
200500028292,0005-05-02 13:54:00,5,5,2,13,54,320,13.0,YSER (AVENUE DE L'),,,Plein jour,En agglomération,Hors intersection,Normale,Autre collision,,,,,,,,,,,1,2,1,1,6
200500028293,0005-05-06 08:35:00,5,5,6,8,35,320,13.0,AGEN (ROUTE D'),,,Plein jour,Hors agglomération,Intersection en T,Normale,Trois véhicules et plus - en chaîne,,,,,,,,,,,1,1,3,1,4
200500028294,0005-05-15 14:05:00,5,5,15,14,5,320,13.0,RIBERE (PONT DE LA),,,Plein jour,En agglomération,Hors intersection,Normale,Deux véhicules - frontale,,,,,,,,,,,1,2,1,1,1
200500028295,0005-05-17 17:10:00,5,5,17,17,10,320,13.0,HOCHE (AVENUE),,,Plein jour,En agglomération,Hors intersection,Normale,Deux véhicules - arrière,,,,,,,,,,,1,2,1,1,2
200500028296,0005-05-18 20:45:00,5,5,18,20,45,320,13.0,", PELLETIER D'OISY",,,Crépuscule ou aube,En agglomération,Intersection en T,Normale,Deux véhicules - frontale,,,,,,,,,,,2,2,3,1,1
200500028297,0005-05-19 18:55:00,5,5,19,18,55,320,13.0,", BATAILLON DE L'ARMAGNA",,,Plein jour,En agglomération,Intersection en T,Normale,Deux véhicules - côté,,,,,,,,,,,1,2,3,1,3
200500028298,0005-05-19 21:25:00,5,5,19,21,25,320,13.0,ETIGNY (RUE D'),,,Nuit avec éclairage allumé,En agglomération,Intersection en T,Normale,Deux véhicules - arrière,,,,,,,,,,,5,2,3,1,2
200500028299,0005-05-20 10:00:00,5,5,20,10,0,320,13.0,VIC (ROUTE DE),,,Plein jour,Hors agglomération,Hors intersection,Normale,Deux véhicules - arrière,,,,,,,,,,,1,1,1,1,2
200500028300,0005-05-21 15:30:00,5,5,21,15,30,320,13.0,AGEN (ROUTE D'),,,Plein jour,En agglomération,Intersection en T,Normale,Deux véhicules - côté,,,,,,,,,,,1,2,3,1,3
200500028301,0005-05-27 15:15:00,5,5,27,15,15,320,13.0,VIC (ROUTE DE),,,Plein jour,Hors agglomération,Hors intersection,Normale,Deux véhicules - frontale,,,,,,,,,,,1,1,1,1,1
200500028302,0005-05-02 17:45:00,5,5,2,17,45,330,529.0,"1, JUILLET (RUE DU 14)",,,Plein jour,En agglomération,Hors intersection,Normale,Autre collision,,,,,,,,,,,1,2,1,1,6
200500028303,0005-05-06 18:00:00,5,5,6,18,0,330,9.0,"1, DEGANNE (BD) DU 01 AU",,,Plein jour,En agglomération,Giratoire,Normale,Deux véhicules - côté,,,,,,,,,,,1,2,6,1,3
200500028304,0005-05-29 21:02:00,5,5,29,21,2,330,529.0,"24, SURCOUF (RUE ROBERT)",,,Crépuscule ou aube,En agglomération,Hors intersection,Pluie légère,Deux véhicules - frontale,,,,,,,,,,,2,2,1,2,1
200500028305,0005-05-30 19:25:00,5,5,30,19,25,330,529.0,"79, DESBIEY (RUE)",,,Plein jour,En agglomération,Hors intersection,Normale,Deux véhicules - côté,,,,,,,,,,,1,2,1,1,3
200500028306,0005-05-01 07:20:00,5,5,1,7,20,330,63.0,BEGLES (RUE DE),,,Plein jour,En agglomération,Intersection en X,Normale,Autre collision,,,,,,,,,,,1,2,2,1,6
200500028307,0005-05-02 09:25:00,5,5,2,9,25,330,63.0,DAME (RUE NOTRE),,,Plein jour,En agglomération,Intersection en X,Normale,Deux véhicules - côté,,,,,,,,,,,1,2,2,1,3
200500028308,0005-05-02 22:20:00,5,5,2,22,20,330,63.0,PORTAL (CRS ),,,Nuit avec éclairage allumé,En agglomération,Intersection en X,Pluie légère,Deux véhicules - côté,,,,,,,,,,,5,2,2,2,3
200500028309,0005-05-03 16:35:00,5,5,3,16,35,330,63.0,"141, GAULLE CAUD (AVE CH",,,Plein jour,En agglomération,Hors intersection,Normale,Autre collision,,,,,,,,,,,1,2,1,1,6
200500028310,0005-05-03 18:10:00,5,5,3,18,10,330,63.0,BONNAC (RUE GEORGES),,,Plein jour,En agglomération,Intersection en X,Normale,Deux véhicules - côté,,,,,,,,,,,1,2,2,1,3
200500028311,0005-05-05 19:22:00,5,5,5,19,22,330,75.0,DELATTRE (RUE HENRI),,,Plein jour,Hors agglomération,Hors intersection,Normale,Autre collision,,,,,,,,,,,1,1,1,1,6
200500028312,0005-05-02 20:35:00,5,5,2,20,35,330,281.0,BALLION (RES ROBERT),,,Crépuscule ou aube,En agglomération,Intersection en X,Normale,Deux véhicules - frontale,,,,,,,,,,,2,2,2,1,1
200500028313,0005-05-02 13:30:00,5,5,2,13,30,330,281.0,BARBUSSE (AVE HENRI),,,Plein jour,En agglomération,Intersection en X,Normale,Deux véhicules - côté,,,,,,,,,,,1,2,2,1,3
200500028314,0005-05-01 05:00:00,5,5,1,5,0,330,550.0,"192, PYRENEES (AVE DES)",,,Nuit avec éclairage allumé,En agglomération,Hors intersection,Normale,Autre collision,,,,,,,,,,,5,2,1,1,6
200500028315,0005-05-01 19:00:00,5,5,1,19,0,330,39.0,CURIE (RUE IRENE ET FRED,,,Plein jour,En agglomération,Intersection en X,Normale,Deux véhicules - côté,,,,,,,,,,,1,2,2,1,3
200500028316,0005-05-04 18:10:00,5,5,4,18,10,330,63.0,"234, LABARDE (AVE DE)",,,Plein jour,En agglomération,Hors intersection,Normale,Deux véhicules - arrière,,,,,,,,,,,1,2,1,1,2