accident_id,datetime,annee,mois,jour,heure,minute,departement,commune_insee,adresse,latitude,longitude,luminosite,agglomeration,intersection,meteo,collision,nb_vehicules,nb_usagers,nb_indemnes,nb_tues,nb_blesses_hosp,nb_blesses_legers,age_cond_1,age_cond_2,veh_type_cond_1,veh_type_cond_2,lum_code,agg_code,int_code,atm_code,col_code
200500028840,0005-05-10 11:37:00,5,5,10,11,37,490,7.0,"00, FOUASSIERES CHEMIN",,,Plein jour,En agglomération,Hors intersection,Normale,Sans collision,,,,,,,,,,,1,2,1,1,7
200500028841,0005-05-10 13:15:00,5,5,10,13,15,490,7.0,"00, ALLONNEAU(AUGUSTE) B",,,Plein jour,En agglomération,Intersection en X,Normale,Deux véhicules - côté,,,,,,,,,,,1,2,2,1,3
200500028842,0005-05-10 15:00:00,5,5,10,15,0,490,7.0,"00, FOCH BOULEVARD",,,Plein jour,En agglomération,Hors intersection,Normale,Autre collision,,,,,,,,,,,1,2,1,1,6
200500028843,0005-05-11 07:57:00,5,5,11,7,57,490,7.0,"00, ESTIENNE D'ORVES BOU",,,Plein jour,En agglomération,Intersection en X,Normale,Deux véhicules - côté,,,,,,,,,,,1,2,2,1,3
200500028844,0005-05-12 09:56:00,5,5,12,9,56,490,7.0,"00, LYCEE PLACE",,,Plein jour,En agglomération,Intersection à plus de 4 branches,Normale,Autre collision,,,,,,,,,,,1,2,5,1,6
200500028845,0005-05-12 11:05:00,5,5,12,11,5,490,7.0,"00, LA ROCHEFOUCAULT PLA",,,Plein jour,En agglomération,Intersection en X,Normale,Deux véhicules - côté,,,,,,,,,,,1,2,2,1,3
200500028846,0005-05-12 16:49:00,5,5,12,16,49,490,7.0,"00, GAULLE BOULEVARD CHA",,,Plein jour,En agglomération,Hors intersection,Normale,Deux véhicules - côté,,,,,,,,,,,1,2,1,1,3
200500028847,0005-05-12 17:29:00,5,5,12,17,29,490,353.0,"00, MOLIERE AVENUE",,,Plein jour,En agglomération,Hors intersection,Normale,Deux véhicules - côté,,,,,,,,,,,1,2,1,1,3
200500028848,0005-05-13 22:44:00,5,5,13,22,44,490,353.0,"00, VEST",,,Nuit avec éclairage allumé,En agglomération,Intersection en T,Normale,Sans collision,,,,,,,,,,,5,2,3,1,7
200500028849,0005-05-14 16:13:00,5,5,14,16,13,490,15.0,"00, RD 107",,,Plein jour,En agglomération,Intersection en T,Normale,Deux véhicules - arrière,,,,,,,,,,,1,2,3,1,2
200500028850,0005-05-14 19:17:00,5,5,14,19,17,490,7.0,RD 107,,,Plein jour,Hors agglomération,Hors intersection,Autre,Autre collision,,,,,,,,,,,1,1,1,9,6
200500028851,0005-05-15 12:50:00,5,5,15,12,50,490,7.0,"IGNORE, VIGNE PLACE ET R",,,Plein jour,En agglomération,Hors intersection,Normale,Sans collision,,,,,,,,,,,1,2,1,1,7
200500028852,0005-05-17 11:17:00,5,5,17,11,17,490,7.0,"00, ATLANTIQUE  AVENUE D",,,Plein jour,En agglomération,Hors intersection,Normale,Deux véhicules - côté,,,,,,,,,,,1,2,1,1,3
200500028853,0005-05-17 18:55:00,5,5,17,18,55,490,7.0,"00, CHATENAY AVENUE VICT",,,Plein jour,En agglomération,Intersection en T,Normale,Deux véhicules - côté,,,,,,,,,,,1,2,3,1,3
200500028854,0005-05-18 07:54:00,5,5,18,7,54,490,7.0,"00, BARANGE BOULEVARD",,,Plein jour,En agglomération,Hors intersection,Normale,Trois véhicules et plus - collisions multiples,,,,,,,,,,,1,2,1,1,5
200500028855,0005-05-19 07:47:00,5,5,19,7,47,490,7.0,"00, PASTEUR",,,Plein jour,En agglomération,Hors intersection,Normale,Deux véhicules - côté,,,,,,,,,,,1,2,1,1,3
200500028856,0005-05-19 18:51:00,5,5,19,18,51,490,7.0,"00, POISSONNERIE",,,Plein jour,En agglomération,Hors intersection,Normale,Autre collision,,,,,,,,,,,1,2,1,1,6
200500028857,0005-05-20 13:18:00,5,5,20,13,18,490,353.0,"00, PONTS DE CE",,,Plein jour,En agglomération,Hors intersection,Normale,Sans collision,,,,,,,,,,,1,2,1,1,7
200500028858,0005-05-20 14:45:00,5,5,20,14,45,490,7.0,RN 260,,,Plein jour,En agglomération,Hors intersection,Normale,Deux véhicules - côté,,,,,,,,,,,1,2,1,1,3
200500028859,0005-05-20 18:08:00,5,5,20,18,8,490,7.0,"96 bis, PASTEUR",,,Plein jour,En agglomération,Hors intersection,Normale,Deux véhicules - côté,,,,,,,,,,,1,2,1,1,3
200500028860,0005-05-20 19:01:00,5,5,20,19,1,490,7.0,ATLANTIQUE  AVENUE DE L',,,Plein jour,En agglomération,Hors intersection,Normale,Deux véhicules - arrière,,,,,,,,,,,1,2,1,1,2
200500028861,0005-05-22 15:29:00,5,5,22,15,29,490,7.0,"00, BARANGE BOULEVARD",,,Plein jour,En agglomération,Hors intersection,Normale,Sans collision,,,,,,,,,,,1,2,1,1,7
200500028862,0005-05-22 22:59:00,5,5,22,22,59,490,7.0,"00, BARANGE BOULEVARD",,,Nuit avec éclairage allumé,En agglomération,Intersection en X,Normale,Deux véhicules - côté,,,,,,,,,,,5,2,2,1,3
200500028863,0005-05-23 07:54:00,5,5,23,7,54,490,7.0,"00, PAUL BERT",,,Plein jour,En agglomération,Hors intersection,Normale,Deux véhicules - arrière,,,,,,,,,,,1,2,1,1,2
200500028864,0005-05-24 07:43:00,5,5,24,7,43,490,7.0,"00, DESJARDIN",,,Plein jour,En agglomération,Hors intersection,Normale,Deux véhicules - arrière,,,,,,,,,,,1,2,1,1,2
200500028865,0005-05-24 14:57:00,5,5,24,14,57,490,7.0,"00, VILLESICARD RUE ET S",,,Plein jour,En agglomération,Hors intersection,Normale,Deux véhicules - frontale,,,,,,,,,,,1,2,1,1,1
200500028866,0005-05-24 16:23:00,5,5,24,16,23,490,15.0,"00, RD 107",,,Plein jour,Hors agglomération,Hors intersection,Normale,Trois véhicules et plus - en chaîne,,,,,,,,,,,1,1,1,1,4
200500028867,0005-05-25 14:45:00,5,5,25,14,45,490,353.0,"17, GIBAUDIERE",,,Plein jour,En agglomération,Hors intersection,Normale,Sans collision,,,,,,,,,,,1,2,1,1,7
200500028868,0005-05-25 16:00:00,5,5,25,16,0,490,7.0,"143, VOLNEY",,,Plein jour,En agglomération,Hors intersection,Normale,Sans collision,,,,,,,,,,,1,2,1,1,7
200500028869,0005-05-25 19:09:00,5,5,25,19,9,490,7.0,"00, PATTON AVENUE",,,Plein jour,En agglomération,Hors intersection,Normale,Deux véhicules - côté,,,,,,,,,,,1,2,1,1,3
200500028870,0005-05-25 19:41:00,5,5,25,19,41,490,7.0,"8, DUMONT D'URVILE",,,Plein jour,En agglomération,Hors intersection,Normale,Sans collision,,,,,,,,,,,1,2,1,1,7
200500028871,0005-05-26 05:44:00,5,5,26,5,44,490,7.0,"00, DOYENNE BOULEVARD ET",,,Crépuscule ou aube,En agglomération,Intersection en X,Normale,Deux véhicules - côté,,,,,,,,,,,2,2,2,1,3
200500028872,0005-05-26 16:49:00,5,5,26,16,49,490,7.0,"56, VOLNEY",,,Plein jour,En agglomération,Hors intersection,Normale,Deux véhicules - arrière,,,,,,,,,,,1,2,1,1,2
200500028873,0005-05-28 17:54:00,5,5,28,17,54,490,7.0,"87, MADELEINE",,,Plein jour,En agglomération,Intersection en T,Normale,Deux véhicules - côté,,,,,,,,,,,1,2,3,1,3
200500028874,0005-05-28 20:57:00,5,5,28,20,57,490,7.0,"00, GRAND MONTREJEAU",,,Nuit avec éclairage allumé,En agglomération,Hors intersection,Normale,Sans collision,,,,,,,,,,,5,2,1,1,7
200500028875,0005-05-29 15:34:00,5,5,29,15,34,490,7.0,"00, VOIE DES BERGES",,,Plein jour,En agglomération,Hors intersection,Normale,Deux véhicules - arrière,,,,,,,,,,,1,2,1,1,2
200500028876,0005-05-30 11:10:00,5,5,30,11,10,490,15.0,"00, MENDES FRANCE AVENUE",,,Plein jour,En agglomération,Autre intersection,Normale,Autre collision,,,,,,,,,,,1,2,9,1,6
200500028877,0005-05-30 13:28:00,5,5,30,13,28,490,353.0,"00, REPUBLIQUE AVENUE",,,Plein jour,En agglomération,Intersection en T,Normale,Deux véhicules - côté,,,,,,,,,,,1,2,3,1,3
200500028878,0005-05-27 23:30:00,5,5,27,23,30,490,7.0,"00, LETANDUERE",,,Nuit avec éclairage allumé,En agglomération,Intersection en X,Normale,Deux véhicules - côté,,,,,,,,,,,5,2,2,1,3
200500028879,0005-05-25 18:48:00,5,5,25,18,48,490,7.0,"30, MONTAIGNE AVENUE",,,Plein jour,En agglomération,Hors intersection,Normale,Trois véhicules et plus - collisions multiples,,,,,,,,,,,1,2,1,1,5
200500028880,0005-05-31 12:27:00,5,5,31,12,27,490,15.0,"00, ADEZIERE ROUTE",,,Plein jour,En agglomération,Hors intersection,Normale,Deux véhicules - frontale,,,,,,,,,,,1,2,1,1,1
200500028881,0005-05-31 14:23:00,5,5,31,14,23,490,353.0,"211-213, ANDARD ROUTE",,,Plein jour,En agglomération,Hors intersection,Normale,Trois véhicules et plus - en chaîne,,,,,,,,,,,1,2,1,1,4
200500028882,0005-05-09 19:20:00,5,5,9,19,20,490,99.0,"0, LORRAINE (RUE DE)",,,Plein jour,En agglomération,Autre intersection,Normale,Deux véhicules - arrière,,,,,,,,,,,1,2,9,1,2
200500028883,0005-05-10 18:45:00,5,5,10,18,45,490,99.0,SABLES (AVENUE DES ),,,Plein jour,En agglomération,Hors intersection,Normale,Deux véhicules - arrière,,,,,,,,,,,1,2,1,1,2
200500028884,0005-05-15 19:40:00,5,5,15,19,40,490,99.0,"10, VC 4",,,Plein jour,En agglomération,Autre intersection,Normale,Deux véhicules - frontale,,,,,,,,,,,1,2,9,1,1
200500028885,0005-05-16 20:15:00,5,5,16,20,15,490,99.0,"0, BONNAUDERIE (RUE DE L",,,Plein jour,En agglomération,Hors intersection,Normale,Autre collision,,,,,,,,,,,1,2,1,1,6
200500028886,0005-05-19 18:50:00,5,5,19,18,50,490,99.0,"04, MARNE (AVENUE DE LA)",,,Plein jour,En agglomération,Hors intersection,Normale,Deux véhicules - côté,,,,,,,,,,,1,2,1,1,3
200500028887,0005-05-28 14:30:00,5,5,28,14,30,490,99.0,"59, OISILLONNETTE (RUE D",,,Plein jour,En agglomération,Hors intersection,Normale,Deux véhicules - frontale,,,,,,,,,,,1,2,1,1,1
200500028888,0005-05-29 18:30:00,5,5,29,18,30,490,99.0,"28, SAINT SERVAN (RUE)",,,Plein jour,En agglomération,Hors intersection,Pluie légère,Deux véhicules - côté,,,,,,,,,,,1,2,1,2,3
200500028889,0005-05-30 14:00:00,5,5,30,14,0,490,99.0,RN 249,,,Plein jour,En agglomération,Hors intersection,Normale,Autre collision,,,,,,,,,,,1,2,1,1,6
200500028890,0005-05-31 00:40:00,5,5,31,0,40,490,99.0,ATLANTIQUE (AVENUE DE L',,,Nuit sans éclairage public,En agglomération,Autre intersection,Normale,Deux véhicules - arrière,,,,,,,,,,,3,2,9,1,2
200500028891,0005-05-05 23:30:00,5,5,5,23,30,490,328.0,"SANS, MUSEE DU MOTEUR (R",,,Nuit avec éclairage allumé,En agglomération,Giratoire,Normale,Deux véhicules - côté,,,,,,,,,,,5,2,6,1,3
200500028892,0005-05-10 19:00:00,5,5,10,19,0,490,328.0,"sans, DOUE (RUE DE)",,,Plein jour,En agglomération,Intersection en X,Normale,Deux véhicules - côté,,,,,,,,,,,1,2,2,1,3
200500028893,0005-05-18 11:00:00,5,5,18,11,0,490,328.0,"394, MARCEAU (RUE)",,,Plein jour,En agglomération,Hors intersection,Normale,Autre collision,,,,,,,,,,,1,2,1,1,6
200500028894,0005-05-20 09:45:00,5,5,20,9,45,490,328.0,"sans, DELATTRE DE TASSIG",,,Plein jour,En agglomération,Hors intersection,Normale,Autre collision,,,,,,,,,,,1,2,1,1,6
200500028895,0005-05-26 16:15:00,5,5,26,16,15,490,328.0,"94, DE GAULLE (AVENUE DU",,,Plein jour,En agglomération,Hors intersection,Normale,Autre collision,,,,,,,,,,,1,2,1,1,6
200500028896,0005-05-27 22:30:00,5,5,27,22,30,490,328.0,"156, PONT FOUCHARD (RUE",,,Nuit avec éclairage allumé,En agglomération,Hors intersection,Normale,Autre collision,,,,,,,,,,,5,2,1,1,6
200500028897,0005-05-31 15:50:00,5,5,31,15,50,490,328.0,"sans, DELATTRE DE TASSIG",,,Plein jour,En agglomération,Autre intersection,Normale,Autre collision,,,,,,,,,,,1,2,9,1,6
200500028898,0005-05-03 07:40:00,5,5,3,7,40,500,129.0,LEMONNIER (AVENUE AMIRAL,,,Plein jour,En agglomération,Hors intersection,Normale,Autre collision,,,,,,,,,,,1,2,1,1,6
200500028899,0005-05-03 15:40:00,5,5,3,15,40,500,129.0,"00, ATLANTIQUE (BOULEVAR",,,Plein jour,En agglomération,Intersection en T,Normale,Deux véhicules - côté,,,,,,,,,,,1,2,3,1,3
200500028900,0005-05-04 13:25:00,5,5,4,13,25,500,602.0,LECLERC (RUE DU GENERAL),,,Plein jour,En agglomération,Hors intersection,Normale,Deux véhicules - côté,,,,,,,,,,,1,2,1,1,3
200500028901,0005-05-06 09:40:00,5,5,6,9,40,500,203.0,PAIX (RUE DE LA),,,Plein jour,En agglomération,Intersection en X,Normale,Deux véhicules - côté,,,,,,,,,,,1,2,2,1,3
200500028902,0005-05-09 16:40:00,5,5,9,16,40,500,602.0,"00, PYROTECHNIE (rue de",,,Plein jour,En agglomération,Hors intersection,Normale,Sans collision,,,,,,,,,,,1,2,1,1,7
200500028903,0005-05-12 11:50:00,5,5,12,11,50,500,129.0,LEMONNIER (AVENUE AMIRAL,,,Plein jour,En agglomération,Intersection en X,Normale,Deux véhicules - côté,,,,,,,,,,,1,2,2,1,3
200500028904,0005-05-12 18:30:00,5,5,12,18,30,500,203.0,SEMBAT (RUE MARCEL),,,Plein jour,En agglomération,Intersection en X,Normale,Deux véhicules - côté,,,,,,,,,,,1,2,2,1,3
200500028905,0005-05-13 19:20:00,5,5,13,19,20,500,203.0,"0, HAIZES (RUE DES)",,,Plein jour,En agglomération,Intersection en X,Normale,Deux véhicules - côté,,,,,,,,,,,1,2,2,1,3
200500028906,0005-05-14 21:50:00,5,5,14,21,50,500,129.0,"00, ATLANTIQUE (BOULEVAR",,,Nuit avec éclairage allumé,En agglomération,Hors intersection,Normale,Sans collision,,,,,,,,,,,5,2,1,1,7
200500028907,0005-05-17 08:00:00,5,5,17,8,0,500,129.0,NAPOLEON (PLACE),,,Plein jour,En agglomération,Intersection en X,Temps couvert,Deux véhicules - côté,,,,,,,,,,,1,2,2,8,3
200500028908,0005-05-17 19:30:00,5,5,17,19,30,500,129.0,"00, TANNERIES (RUE DES)",,,Plein jour,En agglomération,Hors intersection,Normale,Sans collision,,,,,,,,,,,1,2,1,1,7
200500028909,0005-05-19 09:50:00,5,5,19,9,50,500,173.0,"0, VAUBAN (RUE)",,,Plein jour,En agglomération,Intersection en T,Pluie légère,Deux véhicules - côté,,,,,,,,,,,1,2,3,2,3
200500028910,0005-05-20 15:00:00,5,5,20,15,0,500,602.0,"00, CARNOT (RUE)",,,Plein jour,En agglomération,Intersection en X,Normale,Deux véhicules - côté,,,,,,,,,,,1,2,2,1,3
200500028911,0005-05-21 18:50:00,5,5,21,18,50,500,129.0,"0, MENUT (RUE HENRI)",,,Plein jour,En agglomération,Hors intersection,Normale,Deux véhicules - côté,,,,,,,,,,,1,2,1,1,3
200500028912,0005-05-23 18:00:00,5,5,23,18,0,500,416.0,"00, FOUQUET (RUE RENE)",,,Plein jour,En agglomération,Giratoire,Normale,Deux véhicules - arrière,,,,,,,,,,,1,2,6,1,2
200500028913,0005-05-28 02:30:00,5,5,28,2,30,500,416.0,"14, LANSONNEUR (RUE LOUI",,,Nuit avec éclairage allumé,En agglomération,Hors intersection,Normale,Autre collision,,,,,,,,,,,5,2,1,1,6
200500028914,0005-05-30 09:15:00,5,5,30,9,15,500,416.0,ROUGES TERRES (LES),,,Plein jour,En agglomération,Hors intersection,Normale,Deux véhicules - côté,,,,,,,,,,,1,2,1,1,3
200500028915,0005-05-31 12:28:00,5,5,31,12,28,500,129.0,"39, SALENGRO (RUE ROGER)",,,Plein jour,En agglomération,Hors intersection,Normale,Deux véhicules - côté,,,,,,,,,,,1,2,1,1,3
200500028916,0005-05-31 20:50:00,5,5,31,20,50,500,129.0,"55, SCHUMAN (BOULEVARD R",,,Plein jour,En agglomération,Hors intersection,Normale,Autre collision,,,,,,,,,,,1,2,1,1,6
200500028917,0005-05-30 17:10:00,5,5,30,17,10,500,129.0,"0, BREMERHAVEN (AVENUE D",,,Plein jour,En agglomération,Hors intersection,Normale,Sans collision,,,,,,,,,,,1,2,1,1,7
200500028918,0005-05-14 13:30:00,5,5,14,13,30,500,147.0,ROCADE NORD,,,Plein jour,En agglomération,Hors intersection,Pluie légère,Autre collision,,,,,,,,,,,1,2,1,2,6
200500028919,0005-05-16 14:35:00,5,5,16,14,35,500,147.0,"14, PONT DE SOULLES",,,Plein jour,En agglomération,Hors intersection,Normale,Deux véhicules - frontale,,,,,,,,,,,1,2,1,1,1
200500028920,0005-05-27 17:00:00,5,5,27,17,0,500,147.0,"21, DIVISION LECLERC",,,Plein jour,En agglomération,Hors intersection,Normale,Deux véhicules - côté,,,,,,,,,,,1,2,1,1,3
200500028921,0005-05-06 16:20:00,5,5,6,16,20,500,218.0,"460, MATIGNON (AV DES)",,,Plein jour,En agglomération,Intersection en T,Normale,Deux véhicules - côté,,,,,,,,,,,1,2,3,1,3
200500028922,0005-05-13 09:50:00,5,5,13,9,50,500,218.0,MARECHAL LECLERC (AV DU),,,Plein jour,En agglomération,Hors intersection,Temps couvert,Autre collision,,,,,,,,,,,1,2,1,8,6
200500028923,0005-05-20 19:35:00,5,5,20,19,35,500,647.0,RABASSERIES (VOIE),,,Plein jour,En agglomération,Hors intersection,Normale,Deux véhicules - frontale,,,,,,,,,,,1,2,1,1,1
200500028924,0005-05-28 01:45:00,5,5,28,1,45,500,647.0,SAINTE ANNE (PLACE DE LA,,,Nuit avec éclairage allumé,En agglomération,Hors intersection,Normale,Autre collision,,,,,,,,,,,5,2,1,1,6
200500028925,0005-05-31 10:50:00,5,5,31,10,50,500,165.0,"178, COUTANCES (ROUTE DE",,,Plein jour,En agglomération,Hors intersection,Normale,Deux véhicules - côté,,,,,,,,,,,1,2,1,1,3
200500028926,0005-05-26 18:00:00,5,5,26,18,0,510,108.0,"1, ROUSSEAU (RUE JEAN J.",,,Plein jour,En agglomération,Intersection en X,Normale,Deux véhicules - côté,,,,,,,,,,,1,2,2,1,3
200500028927,0005-05-19 07:30:00,5,5,19,7,30,510,431.0,CAZOTTE,,,Plein jour,En agglomération,Intersection en X,Normale,Deux véhicules - côté,,,,,,,,,,,1,2,2,1,3
200500028928,0005-05-03 22:30:00,5,5,3,22,30,510,454.0,MARCHANDEAU (AVENUE PAUL,,,Nuit avec éclairage allumé,En agglomération,Autre intersection,Normale,Deux véhicules - frontale,,,,,,,,,,,5,2,9,1,1
200500028929,0005-05-07 03:05:00,5,5,7,3,5,510,454.0,LUNDY (BOULEVARD),,,Nuit avec éclairage allumé,En agglomération,Intersection en T,Normale,Sans collision,,,,,,,,,,,5,2,3,1,7
200500028930,0005-05-07 16:30:00,5,5,7,16,30,510,454.0,"76, VESLE (RUE)",,,Plein jour,En agglomération,Hors intersection,Normale,Autre collision,,,,,,,,,,,1,2,1,1,6
200500028931,0005-05-06 18:45:00,5,5,6,18,45,510,454.0,"90, EPERNAY (AVENUE D')",,,Plein jour,En agglomération,Hors intersection,Normale,Autre collision,,,,,,,,,,,1,2,1,1,6
200500028932,0005-05-11 14:05:00,5,5,11,14,5,510,454.0,ROUX (BOULEVARD DU DOCTE,,,Plein jour,En agglomération,Hors intersection,Normale,Autre collision,,,,,,,,,,,1,2,1,1,6
200500028933,0005-05-12 12:30:00,5,5,12,12,30,510,454.0,GOSSET (RUE) DU N° 2 AU,,,Plein jour,En agglomération,Hors intersection,Normale,Deux véhicules - côté,,,,,,,,,,,1,2,1,1,3
200500028934,0005-05-17 08:30:00,5,5,17,8,30,510,454.0,LOUVOIS (RUE DE) DU N°14,,,Plein jour,En agglomération,Hors intersection,Normale,Autre collision,,,,,,,,,,,1,2,1,1,6
200500028935,0005-05-18 08:45:00,5,5,18,8,45,510,454.0,VICTOIRE (RUE),,,Plein jour,En agglomération,Intersection en T,Normale,Deux véhicules - côté,,,,,,,,,,,1,2,3,1,3
200500028936,0005-05-18 12:25:00,5,5,18,12,25,510,454.0,"32, CHEZEL (RUE CLOVIS)",,,Plein jour,En agglomération,Autre intersection,Normale,Autre collision,,,,,,,,,,,1,2,9,1,6
200500028937,0005-05-18 17:30:00,5,5,18,17,30,510,454.0,PARIS (AVENUE) DU N°9 A,,,Plein jour,En agglomération,Autre intersection,Normale,Autre collision,,,,,,,,,,,1,2,9,1,6
200500028938,0005-05-19 19:50:00,5,5,19,19,50,510,454.0,BACQUENOIS (RUE),,,Plein jour,En agglomération,Intersection en T,Normale,Deux véhicules - côté,,,,,,,,,,,1,2,3,1,3
200500028939,0005-05-21 02:00:00,5,5,21,2,0,510,454.0,"2, ROUEN (RUE DE)",,,Nuit avec éclairage allumé,En agglomération,Hors intersection,Normale,Autre collision,,,,,,,,,,,5,2,1,1,6
200500028940,0005-05-20 17:00:00,5,5,20,17,0,510,454.0,"159, JAURES 'AVENUE JEAN",,,Plein jour,En agglomération,Hors intersection,Normale,Autre collision,,,,,,,,,,,1,2,1,1,6
200500028941,0005-05-21 18:50:00,5,5,21,18,50,510,454.0,MOUETTES (PLACE DES),,,Plein jour,En agglomération,Hors intersection,Normale,Autre collision,,,,,,,,,,,1,2,1,1,6
200500028942,0005-05-22 13:15:00,5,5,22,13,15,510,454.0,DIANCOURT (BOULEVARD) CO,,,Plein jour,En agglomération,Hors intersection,Normale,Deux véhicules - frontale,,,,,,,,,,,1,2,1,1,1
200500028943,0005-05-23 02:15:00,5,5,23,2,15,510,454.0,TONDEURS (BOULEVARD),,,Nuit avec éclairage allumé,En agglomération,Hors intersection,Normale,Autre collision,,,,,,,,,,,5,2,1,1,6
200500028944,0005-05-21 19:10:00,5,5,21,19,10,510,454.0,"1, LELIEVRE (RUE IRENEE)",,,Plein jour,En agglomération,Intersection en Y,Normale,Deux véhicules - côté,,,,,,,,,,,1,2,4,1,3
200500028945,0005-05-24 17:00:00,5,5,24,17,0,510,454.0,VOLTAIRE (RUE),,,Plein jour,En agglomération,Hors intersection,Normale,Autre collision,,,,,,,,,,,1,2,1,1,6
200500028946,0005-05-25 11:35:00,5,5,25,11,35,510,454.0,"00, CHAMPAGNE   (  AVENU",,,Plein jour,En agglomération,Hors intersection,Normale,Deux véhicules - arrière,,,,,,,,,,,1,2,1,1,2
200500028947,0005-05-19 17:00:00,5,5,19,17,0,510,454.0,"98, LAON (AVENUE) DU N°",,,Plein jour,En agglomération,Hors intersection,Normale,Trois véhicules et plus - en chaîne,,,,,,,,,,,1,2,1,1,4
200500028948,0005-05-27 19:10:00,5,5,27,19,10,510,454.0,"40, ROEDERER (BOULEVARD",,,Plein jour,En agglomération,Intersection en T,Normale,Deux véhicules - arrière,,,,,,,,,,,1,2,3,1,2
200500028949,0005-05-30 15:00:00,5,5,30,15,0,510,454.0,NIEPCE (AVENUE NICEPHORE,,,Plein jour,En agglomération,Intersection en Y,Normale,Trois véhicules et plus - en chaîne,,,,,,,,,,,1,2,4,1,4
200500028950,0005-05-25 18:00:00,5,5,25,18,0,510,454.0,"1, WITRY (ROUTE DE)",,,Plein jour,En agglomération,Hors intersection,Normale,Trois véhicules et plus - en chaîne,,,,,,,,,,,1,2,1,1,4
200500028951,0005-05-31 15:20:00,5,5,31,15,20,510,454.0,MYRON HERRICK (PLACE),,,Plein jour,En agglomération,Hors intersection,Normale,Autre collision,,,,,,,,,,,1,2,1,1,6
200500028952,0005-05-31 16:40:00,5,5,31,16,40,510,454.0,"18, EUROPE (AVENUE DE L'",,,Plein jour,En agglomération,Hors intersection,Normale,Autre collision,,,,,,,,,,,1,2,1,1,6
200500028953,0005-05-10 16:35:00,5,5,10,16,35,520,121.0,"45, CURIE (RUE PIERRE)",,,Plein jour,En agglomération,Intersection en T,Normale,Deux véhicules - côté,,,,,,,,,,,1,2,3,1,3
200500028954,0005-05-21 18:25:00,5,5,21,18,25,520,121.0,"27, THIERS (BLD)",,,Plein jour,En agglomération,Intersection en T,Normale,Deux véhicules - arrière,,,,,,,,,,,1,2,3,1,2
200500028955,0005-05-26 19:23:00,5,5,26,19,23,520,121.0,R.N.19 NORD,,,Plein jour,Hors agglomération,Hors intersection,Normale,Sans collision,,,,,,,,,,,1,1,1,1,7
200500028956,0005-05-29 13:10:00,5,5,29,13,10,520,121.0,"5, CARCASSONNE (RUE DE)",,,Plein jour,En agglomération,Hors intersection,Normale,Autre collision,,,,,,,,,,,1,2,1,1,6
200500028957,0005-05-30 18:05:00,5,5,30,18,5,520,121.0,"1, COTE CRILLEE (RUE DE",,,Plein jour,En agglomération,Hors intersection,Normale,Autre collision,,,,,,,,,,,1,2,1,1,6
200500028958,0005-05-14 04:38:00,5,5,14,4,38,520,121.0,R.D. 162,,,Nuit avec éclairage allumé,En agglomération,Intersection en T,Pluie légère,Autre collision,,,,,,,,,,,5,2,3,2,6
200500028959,0005-05-13 14:15:00,5,5,13,14,15,520,121.0,RN67,,,Plein jour,Hors agglomération,Hors intersection,Normale,Trois véhicules et plus - en chaîne,,,,,,,,,,,1,1,1,1,4
200500028960,0005-05-29 19:00:00,5,5,29,19,0,520,121.0,RD 65 C,,,Plein jour,Hors agglomération,Intersection en T,Normale,Deux véhicules - côté,,,,,,,,,,,1,1,3,1,3
200500028961,0005-05-04 18:10:00,5,5,4,18,10,520,534.0,"3, PARCHIM (AVENUE DE)",,,Plein jour,En agglomération,Hors intersection,Pluie légère,Sans collision,,,,,,,,,,,1,2,1,2,7
200500028962,0005-05-06 12:10:00,5,5,6,12,10,520,534.0,ETATS UNIS (AVENUE DES),,,Plein jour,En agglomération,Intersection en T,Normale,Deux véhicules - côté,,,,,,,,,,,1,2,3,1,3
200500028963,0005-05-07 11:00:00,5,5,7,11,0,520,534.0,"1, HUGO (AVENUE VICTOR)",,,Plein jour,En agglomération,Hors intersection,Pluie légère,Autre collision,,,,,,,,,,,1,2,1,2,6
200500028964,0005-05-07 05:45:00,5,5,7,5,45,520,534.0,"25, BEREGOVOY (AVENUE PI",,,Crépuscule ou aube,En agglomération,Hors intersection,Normale,Autre collision,,,,,,,,,,,2,2,1,1,6
200500028965,0005-05-11 20:05:00,5,5,11,20,5,520,534.0,ALSACE LORRAINE (AVENUE,,,Plein jour,En agglomération,Hors intersection,Normale,Deux véhicules - arrière,,,,,,,,,,,1,2,1,1,2
200500028966,0005-05-17 16:55:00,5,5,17,16,55,520,534.0,"7, FISBACQ (RUE HUBERT)",,,Plein jour,En agglomération,Hors intersection,Normale,Autre collision,,,,,,,,,,,1,2,1,1,6
200500028967,0005-05-18 17:50:00,5,5,18,17,50,520,534.0,"4, HUGO (AVENUE VICTOR)",,,Plein jour,En agglomération,Hors intersection,Normale,Autre collision,,,,,,,,,,,1,2,1,1,6
200500028968,0005-05-29 12:50:00,5,5,29,12,50,520,534.0,"10, KENNEDY (AVE DU PRES",,,Plein jour,En agglomération,Intersection en X,Temps éblouissant,Deux véhicules - côté,,,,,,,,,,,1,2,2,7,3
200500028969,0005-05-03 07:50:00,5,5,3,7,50,530,130.0,ATLANTIQUE ( AVENUE DE L,,,Plein jour,En agglomération,Giratoire,Normale,Autre collision,,,,,,,,,,,1,2,6,1,6
200500028970,0005-05-05 19:20:00,5,5,5,19,20,530,130.0,"27, CERDAN ( RUE MARCEL",,,Plein jour,En agglomération,Hors intersection,Normale,Deux véhicules - arrière,,,,,,,,,,,1,2,1,1,2
200500028971,0005-05-06 21:00:00,5,5,6,21,0,530,130.0,GOUPIL ( QUAI ALBERT ),,,Nuit avec éclairage allumé,En agglomération,Intersection en T,Normale,Deux véhicules - côté,,,,,,,,,,,5,2,3,1,3