accident_id,datetime,annee,mois,jour,heure,minute,departement,commune_insee,adresse,latitude,longitude,luminosite,agglomeration,intersection,meteo,collision,nb_vehicules,nb_usagers,nb_indemnes,nb_tues,nb_blesses_hosp,nb_blesses_legers,age_cond_1,age_cond_2,veh_type_cond_1,veh_type_cond_2,lum_code,agg_code,int_code,atm_code,col_code
200500028972,0005-05-10 19:25:00,5,5,10,19,25,530,130.0,"110, BRETAGNE ( RUE DE )",,,Plein jour,En agglomération,Hors intersection,Normale,Autre collision,,,,,,,,,,,1,2,1,1,6
200500028973,0005-05-09 13:30:00,5,5,9,13,30,540,280.0,"86, FRANCHEPRE (RUE DE)",,,Plein jour,En agglomération,Hors intersection,Normale,Sans collision,,,,,,,,,,,1,2,1,1,7
200500028974,0005-05-10 15:15:00,5,5,10,15,15,540,99.0,906 (RD),,,Plein jour,Hors agglomération,Hors intersection,Normale,Deux véhicules - frontale,,,,,,,,,,,1,1,1,1,1
200500028975,0005-05-12 08:45:00,5,5,12,8,45,540,253.0,"8, LORRAINE (RUE DE)",,,Plein jour,En agglomération,Hors intersection,Normale,Autre collision,,,,,,,,,,,1,2,1,1,6
200500028976,0005-05-01 17:45:00,5,5,1,17,45,540,323.0,"75, BOISMONT (RUE DE)",,,Plein jour,En agglomération,Hors intersection,Normale,Deux véhicules - frontale,,,,,,,,,,,1,2,1,1,1
200500028977,0005-05-04 15:25:00,5,5,4,15,25,540,493.0,26 (ROUTE DEPARTEMENTALE,,,Plein jour,En agglomération,Hors intersection,Normale,Autre collision,,,,,,,,,,,1,2,1,1,6
200500028978,0005-05-04 16:25:00,5,5,4,16,25,540,321.0,MARCELIN BERTHELOT (RUE),,,Plein jour,En agglomération,Hors intersection,Normale,Trois véhicules et plus - collisions multiples,,,,,,,,,,,1,2,1,1,5
200500028979,0005-05-02 15:20:00,5,5,2,15,20,540,323.0,"45, ALBERT THOMAS (RUE)",,,Plein jour,En agglomération,Hors intersection,Normale,Deux véhicules - frontale,,,,,,,,,,,1,2,1,1,1
200500028980,0005-05-14 18:35:00,5,5,14,18,35,540,382.0,MATHIEU DE DOMBASLE (RUE,,,Plein jour,En agglomération,Hors intersection,Pluie forte,Trois véhicules et plus - collisions multiples,,,,,,,,,,,1,2,1,3,5
200500028981,0005-05-18 12:20:00,5,5,18,12,20,540,323.0,"1, ANDRE MALRAUX (AVENUE",,,Plein jour,Hors agglomération,Hors intersection,Normale,Sans collision,,,,,,,,,,,1,1,1,1,7
200500028982,0005-05-01 04:55:00,5,5,1,4,55,540,395.0,"1, JOFFRE (BOULEVARD)",,,Nuit avec éclairage non allumé,En agglomération,Hors intersection,Normale,Autre collision,,,,,,,,,,,4,2,1,1,6
200500028983,0005-05-01 09:05:00,5,5,1,9,5,540,274.0,MALGRANGE (AVENUE DE LA),,,Plein jour,En agglomération,Intersection en X,Normale,Autre collision,,,,,,,,,,,1,2,2,1,6
200500028984,0005-05-01 12:05:00,5,5,1,12,5,540,395.0,VINGTIEME CORPS (AVENUE,,,Plein jour,En agglomération,Intersection en X,Normale,Autre collision,,,,,,,,,,,1,2,2,1,6
200500028985,0005-05-02 11:55:00,5,5,2,11,55,540,184.0,AGINCOURT  (ANCIENNE ROU,,,Plein jour,En agglomération,Intersection en Y,Normale,Trois véhicules et plus - en chaîne,,,,,,,,,,,1,2,4,1,4
200500028986,0005-05-02 14:05:00,5,5,2,14,5,540,395.0,CUGNOT (QUAI/RUE JOSEPH),,,Plein jour,En agglomération,Hors intersection,Normale,Sans collision,,,,,,,,,,,1,2,1,1,7
200500028987,0005-05-03 14:00:00,5,5,3,14,0,540,547.0,HOUDEMONT (ROUTE D'),,,Plein jour,En agglomération,Hors intersection,Normale,Deux véhicules - arrière,,,,,,,,,,,1,2,1,1,2
200500028988,0005-05-03 17:25:00,5,5,3,17,25,540,547.0,LECLERC (AV. DU GENERAL,,,Plein jour,En agglomération,Intersection en X,Normale,Deux véhicules - côté,,,,,,,,,,,1,2,2,1,3
200500028989,0005-05-03 20:15:00,5,5,3,20,15,540,395.0,NABECOR (RUE DE),,,Nuit avec éclairage allumé,En agglomération,Intersection en X,Normale,Deux véhicules - côté,,,,,,,,,,,5,2,2,1,3
200500028990,0005-05-04 17:55:00,5,5,4,17,55,540,526.0,ALEXANDRE 1ER (RUE),,,Plein jour,En agglomération,Intersection en X,Normale,Autre collision,,,,,,,,,,,1,2,2,1,6
200500028991,0005-05-06 13:15:00,5,5,6,13,15,540,547.0,"5, PALISSY (RUE BERNARD)",,,Plein jour,En agglomération,Hors intersection,Normale,Autre collision,,,,,,,,,,,1,2,1,1,6
200500028992,0005-05-07 10:50:00,5,5,7,10,50,540,304.0,SAPINIERE (RUE DE LA),,,Plein jour,En agglomération,Hors intersection,Normale,Deux véhicules - côté,,,,,,,,,,,1,2,1,1,3
200500028993,0005-05-08 20:00:00,5,5,8,20,0,540,578.0,LECLERC (AVENUE DU GENER,,,Crépuscule ou aube,En agglomération,Intersection en X,Normale,Deux véhicules - côté,,,,,,,,,,,2,2,2,1,3
200500028994,0005-05-09 21:00:00,5,5,9,21,0,540,395.0,"1, PINCHARD (AVENUE - TA",,,Plein jour,En agglomération,Hors intersection,Normale,Autre collision,,,,,,,,,,,1,2,1,1,6
200500028995,0005-05-09 07:40:00,5,5,9,7,40,540,395.0,"29, PIXERECOURT (RUE GUI",,,Plein jour,En agglomération,Hors intersection,Normale,Autre collision,,,,,,,,,,,1,2,1,1,6
200500028996,0005-05-10 07:00:00,5,5,10,7,0,540,184.0,PATTON (RUE DU GENERAL),,,Plein jour,En agglomération,Hors intersection,Normale,Autre collision,,,,,,,,,,,1,2,1,1,6
200500028997,0005-05-10 09:00:00,5,5,10,9,0,540,395.0,SERRE (RUE DE),,,Plein jour,En agglomération,Hors intersection,Normale,Autre collision,,,,,,,,,,,1,2,1,1,6
200500028998,0005-05-11 18:00:00,5,5,11,18,0,540,395.0,SAINT GEORGES (RUE),,,Plein jour,En agglomération,Hors intersection,Normale,Autre collision,,,,,,,,,,,1,2,1,1,6
200500028999,0005-05-12 14:45:00,5,5,12,14,45,540,526.0,"4, MOULIN (RUE JEAN)",,,Plein jour,En agglomération,Hors intersection,Normale,Autre collision,,,,,,,,,,,1,2,1,1,6
200500029000,0005-05-12 23:10:00,5,5,12,23,10,540,526.0,"1, MILLENAIRE (BOULEVARD",,,Nuit avec éclairage allumé,En agglomération,Intersection en X,Normale,Autre collision,,,,,,,,,,,5,2,2,1,6
200500029001,0005-05-13 18:00:00,5,5,13,18,0,540,339.0,"59 Bis, REPUBLIQUE (RUE",,,Plein jour,En agglomération,Hors intersection,Normale,Deux véhicules - côté,,,,,,,,,,,1,2,1,1,3
200500029002,0005-05-13 22:10:00,5,5,13,22,10,540,395.0,PFISTER (RUE CHRISTIAN),,,Nuit avec éclairage allumé,En agglomération,Intersection en X,Pluie légère,Deux véhicules - côté,,,,,,,,,,,5,2,2,2,3
200500029003,0005-05-14 14:05:00,5,5,14,14,5,540,184.0,AGINCOURT  (ROUTE RD 913,,,Plein jour,En agglomération,Intersection en T,Pluie légère,Deux véhicules - arrière,,,,,,,,,,,1,2,3,2,2
200500029004,0005-05-14 20:09:00,5,5,14,20,9,540,395.0,LEPAGE (RUE BASTIEN),,,Plein jour,En agglomération,Intersection en X,Normale,Deux véhicules - arrière,,,,,,,,,,,1,2,2,1,2
200500029005,0005-05-15 18:15:00,5,5,15,18,15,540,526.0,MAQUIS DE RANZEY (RUE DU,,,Plein jour,En agglomération,Intersection en T,Normale,Autre collision,,,,,,,,,,,1,2,3,1,6
200500029006,0005-05-13 15:00:00,5,5,13,15,0,540,274.0,MALGRANGE (AVENUE DE LA),,,Plein jour,En agglomération,Hors intersection,Normale,Autre collision,,,,,,,,,,,1,2,1,1,6
200500029007,0005-05-16 13:40:00,5,5,16,13,40,540,547.0,EUROPE (BOULEVARD DE L'),,,Plein jour,En agglomération,Hors intersection,Normale,Trois véhicules et plus - en chaîne,,,,,,,,,,,1,2,1,1,4
200500029008,0005-05-17 22:20:00,5,5,17,22,20,540,300.0,"34, CEZARD (RUE RAOUL)",,,Nuit avec éclairage allumé,En agglomération,Hors intersection,Normale,Autre collision,,,,,,,,,,,5,2,1,1,6
200500029009,0005-05-18 18:40:00,5,5,18,18,40,540,395.0,BROT (RUE MARCEL),,,Plein jour,En agglomération,Hors intersection,Normale,Deux véhicules - arrière,,,,,,,,,,,1,2,1,1,2
200500029010,0005-05-19 04:45:00,5,5,19,4,45,540,395.0,"1, COLLIGNON (Avenue et",,,Nuit avec éclairage allumé,En agglomération,Intersection en X,Normale,Autre collision,,,,,,,,,,,5,2,2,1,6
200500029011,0005-05-19 12:20:00,5,5,19,12,20,540,395.0,SAINT JEAN (RUE),,,Plein jour,En agglomération,Intersection en X,Normale,Sans collision,,,,,,,,,,,1,2,2,1,7
200500029012,0005-05-19 16:25:00,5,5,19,16,25,540,526.0,CAMELINAT (RUE),,,Plein jour,En agglomération,Hors intersection,Normale,Autre collision,,,,,,,,,,,1,2,1,1,6
200500029013,0005-05-20 15:25:00,5,5,20,15,25,540,482.0,"84, GAMBETTA (RUE)",,,Plein jour,En agglomération,Hors intersection,Normale,Autre collision,,,,,,,,,,,1,2,1,1,6
200500029014,0005-05-20 19:30:00,5,5,20,19,30,540,395.0,"1, DERUET (RUE CLAUDE)",,,Plein jour,En agglomération,Intersection en T,Pluie légère,Autre collision,,,,,,,,,,,1,2,3,2,6
200500029015,0005-05-21 14:55:00,5,5,21,14,55,540,395.0,FAUBOURG DES TROIS MAISO,,,Plein jour,En agglomération,Hors intersection,Normale,Deux véhicules - frontale,,,,,,,,,,,1,2,1,1,1
200500029016,0005-05-21 15:10:00,5,5,21,15,10,540,184.0,SAULXURES (AVENUE DE),,,Plein jour,En agglomération,Intersection en X,Normale,Deux véhicules - côté,,,,,,,,,,,1,2,2,1,3
200500029017,0005-05-22 13:55:00,5,5,22,13,55,540,300.0,"10, VOSGES (RUE DES)",,,Plein jour,En agglomération,Hors intersection,Normale,Autre collision,,,,,,,,,,,1,2,1,1,6
200500029018,0005-05-22 16:30:00,5,5,22,16,30,540,395.0,CHARLES III (RUE),,,Plein jour,En agglomération,Intersection en X,Pluie légère,Autre collision,,,,,,,,,,,1,2,2,2,6
200500029019,0005-05-23 09:20:00,5,5,23,9,20,540,395.0,BROT (RUE MARCEL),,,Plein jour,En agglomération,Hors intersection,Normale,Deux véhicules - arrière,,,,,,,,,,,1,2,1,1,2
200500029020,0005-05-23 15:10:00,5,5,23,15,10,540,395.0,CARNOT (PLACE),,,Plein jour,En agglomération,Intersection en X,Normale,Sans collision,,,,,,,,,,,1,2,2,1,7
200500029021,0005-05-23 16:45:00,5,5,23,16,45,540,395.0,VISITATION (RUE DE LA),,,Plein jour,En agglomération,Intersection en X,Normale,Autre collision,,,,,,,,,,,1,2,2,1,6
200500029022,0005-05-25 08:50:00,5,5,25,8,50,540,395.0,MIRECOURT (ROUTE DE),,,Plein jour,En agglomération,Hors intersection,Normale,Trois véhicules et plus - en chaîne,,,,,,,,,,,1,2,1,1,4
200500029023,0005-05-26 17:30:00,5,5,26,17,30,540,395.0,JARDINIERS (RUE DES N°16,,,Plein jour,En agglomération,Intersection en X,Normale,Deux véhicules - côté,,,,,,,,,,,1,2,2,1,3
200500029024,0005-05-27 08:40:00,5,5,27,8,40,540,395.0,SELLIER (RUE),,,Plein jour,En agglomération,Intersection en T,Normale,Autre collision,,,,,,,,,,,1,2,3,1,6
200500029025,0005-05-27 11:40:00,5,5,27,11,40,540,578.0,"34, LYAUTEY (BOULEVARD D",,,Plein jour,En agglomération,Hors intersection,Normale,Autre collision,,,,,,,,,,,1,2,1,1,6
200500029026,0005-05-27 18:05:00,5,5,27,18,5,540,395.0,STANISLAS (RUE),,,Plein jour,En agglomération,Intersection en T,Normale,Autre collision,,,,,,,,,,,1,2,3,1,6
200500029027,0005-05-30 12:40:00,5,5,30,12,40,540,395.0,"1, JAURES (BOULEVARD JEA",,,Plein jour,En agglomération,Intersection en X,Normale,Autre collision,,,,,,,,,,,1,2,2,1,6
200500029028,0005-05-30 17:00:00,5,5,30,17,0,540,304.0,RESISTANCE (AV. DE LA -I,,,Plein jour,En agglomération,Hors intersection,Normale,Trois véhicules et plus - en chaîne,,,,,,,,,,,1,2,1,1,4
200500029029,0005-05-31 13:28:00,5,5,31,13,28,540,395.0,"58 Bis, QUATRE EGLISES (",,,Plein jour,En agglomération,Hors intersection,Normale,Autre collision,,,,,,,,,,,1,2,1,1,6
200500029030,0005-05-31 18:45:00,5,5,31,18,45,540,498.0,ENSANGES (CHEMIN DES),,,Plein jour,En agglomération,Hors intersection,Normale,Deux véhicules - frontale,,,,,,,,,,,1,2,1,1,1
200500029031,0005-05-24 13:40:00,5,5,24,13,40,540,431.0,"58 ter, FABVIER (RUE)",,,Plein jour,En agglomération,Intersection en T,Normale,Deux véhicules - côté,,,,,,,,,,,1,2,3,1,3
200500029032,0005-05-21 20:39:00,5,5,21,20,39,540,431.0,"13, CAVALIER (AVENUE DE)",,,Crépuscule ou aube,En agglomération,Hors intersection,Normale,Autre collision,,,,,,,,,,,2,2,1,1,6
200500029033,0005-05-13 18:05:00,5,5,13,18,5,540,167.0,ARISTIDE BRIAND,,,Plein jour,En agglomération,Intersection en X,Normale,Autre collision,,,,,,,,,,,1,2,2,1,6
200500029034,0005-05-21 09:25:00,5,5,21,9,25,540,528.0,LIBERTE,,,Plein jour,En agglomération,Intersection en Y,Normale,Deux véhicules - côté,,,,,,,,,,,1,2,4,1,3
200500029035,0005-05-27 08:45:00,5,5,27,8,45,540,528.0,GAMBETTA,,,Plein jour,En agglomération,Intersection en T,Normale,Autre collision,,,,,,,,,,,1,2,3,1,6
200500029036,0005-05-01 19:15:00,5,5,1,19,15,550,29.0,"199, VEEL ( RUE DE )",,,Plein jour,En agglomération,Hors intersection,Normale,Autre collision,,,,,,,,,,,1,2,1,1,6
200500029037,0005-05-03 14:05:00,5,5,3,14,5,550,29.0,JOBLOT ( RUE LOUIS ),,,Plein jour,En agglomération,Hors intersection,Normale,Autre collision,,,,,,,,,,,1,2,1,1,6
200500029038,0005-05-05 14:00:00,5,5,5,14,0,550,29.0,"31, PILVITEUIL ( RUE DE",,,Plein jour,En agglomération,Hors intersection,Normale,Autre collision,,,,,,,,,,,1,2,1,1,6
200500029039,0005-05-24 15:20:00,5,5,24,15,20,550,29.0,ROCHELLE ( BOULEVARD DE,,,Plein jour,En agglomération,Hors intersection,Normale,Deux véhicules - côté,,,,,,,,,,,1,2,1,1,3
200500029040,0005-05-28 11:45:00,5,5,28,11,45,550,29.0,"20, AVENUE DE LA GRANDE",,,Plein jour,En agglomération,Hors intersection,Normale,Deux véhicules - côté,,,,,,,,,,,1,2,1,1,3
200500029041,0005-05-04 20:15:00,5,5,4,20,15,550,43.0,DOUAUMONT ( DE ),,,Plein jour,En agglomération,Hors intersection,Temps couvert,Sans collision,,,,,,,,,,,1,2,1,8,7
200500029042,0005-05-27 12:05:00,5,5,27,12,5,550,545.0,METZ ( AVENUE DE ),,,Plein jour,En agglomération,Hors intersection,Normale,Trois véhicules et plus - en chaîne,,,,,,,,,,,1,2,1,1,4
200500029043,0005-05-15 13:00:00,5,5,15,13,0,550,545.0,COMMANDANT RAYNAL ( AVEN,,,Plein jour,En agglomération,Intersection en T,Normale,Sans collision,,,,,,,,,,,1,2,3,1,7
200500029044,0005-05-02 19:38:00,5,5,2,19,38,560,121.0,"00, FICHOUX (R  SOUS-LT",,,Plein jour,En agglomération,Intersection en X,Normale,Deux véhicules - côté,,,,,,,,,,,1,2,2,1,3
200500029045,0005-05-06 16:45:00,5,5,6,16,45,560,121.0,"12, KERGROISE ( AVE )",,,Plein jour,En agglomération,Hors intersection,Normale,Sans collision,,,,,,,,,,,1,2,1,1,7
200500029046,0005-05-06 18:05:00,5,5,6,18,5,560,83.0,"102, LOCHRIST ( ROUTE DE",,,Plein jour,En agglomération,Hors intersection,Normale,Sans collision,,,,,,,,,,,1,2,1,1,7
200500029047,0005-05-07 16:21:00,5,5,7,16,21,560,121.0,"00, MULLER ( DU COLONEL",,,Plein jour,En agglomération,Hors intersection,Normale,Deux véhicules - côté,,,,,,,,,,,1,2,1,1,3
200500029048,0005-05-07 18:05:00,5,5,7,18,5,560,98.0,"43, JAURES (RUE  JEAN )",,,Plein jour,En agglomération,Hors intersection,Normale,Deux véhicules - arrière,,,,,,,,,,,1,2,1,1,2
200500029049,0005-05-08 16:27:00,5,5,8,16,27,560,121.0,"00, LE BARILLEC (RUE  DU",,,Plein jour,En agglomération,Hors intersection,Normale,Deux véhicules - frontale,,,,,,,,,,,1,2,1,1,1
200500029050,0005-05-09 17:55:00,5,5,9,17,55,560,98.0,"00, JAURES (RUE  JEAN )",,,Plein jour,En agglomération,Intersection en T,Normale,Deux véhicules - côté,,,,,,,,,,,1,2,3,1,3
200500029051,0005-05-13 08:28:00,5,5,13,8,28,560,83.0,"00, TOUR SAINT-NICOLAS (",,,Plein jour,En agglomération,Hors intersection,Normale,Autre collision,,,,,,,,,,,1,2,1,1,6
200500029052,0005-05-14 02:20:00,5,5,14,2,20,560,83.0,"00, TOUL DOUAR (RD PT)",,,Nuit avec éclairage allumé,Hors agglomération,Giratoire,Normale,Sans collision,,,,,,,,,,,5,1,6,1,7
200500029053,0005-05-15 08:55:00,5,5,15,8,55,560,121.0,KERVARIC (ROND POINT DE,,,Plein jour,En agglomération,Giratoire,Normale,Autre collision,,,,,,,,,,,1,2,6,1,6
200500029054,0005-05-15 16:20:00,5,5,15,16,20,560,121.0,"00, CHAZELLES ( COURS LO",,,Plein jour,En agglomération,Hors intersection,Normale,Trois véhicules et plus - collisions multiples,,,,,,,,,,,1,2,1,1,5
200500029055,0005-05-16 15:25:00,5,5,16,15,25,560,162.0,DEPARTEMENTALE 152 ( ROU,,,Plein jour,Hors agglomération,Intersection en X,Normale,Deux véhicules - côté,,,,,,,,,,,1,1,2,1,3
200500029056,0005-05-17 17:47:00,5,5,17,17,47,560,121.0,"00, BERLIOZ (RUE  HECTOR",,,Plein jour,En agglomération,Hors intersection,Normale,Deux véhicules - arrière,,,,,,,,,,,1,2,1,1,2
200500029057,0005-05-18 18:06:00,5,5,18,18,6,560,121.0,"40, CHAZELLES ( COURS LO",,,Plein jour,En agglomération,Hors intersection,Normale,Autre collision,,,,,,,,,,,1,2,1,1,6
200500029058,0005-05-20 01:40:00,5,5,20,1,40,560,121.0,"17, CHAZELLES ( COURS LO",,,Nuit avec éclairage allumé,En agglomération,Hors intersection,Pluie légère,Deux véhicules - arrière,,,,,,,,,,,5,2,1,2,2
200500029059,0005-05-20 07:47:00,5,5,20,7,47,560,83.0,"00, PASTEUR ( AVENUE )",,,Plein jour,En agglomération,Intersection en T,Normale,Sans collision,,,,,,,,,,,1,2,3,1,7
200500029060,0005-05-20 12:18:00,5,5,20,12,18,560,121.0,"00, CHAIGNEAU (RUE)",,,Plein jour,En agglomération,Intersection en T,Normale,Autre collision,,,,,,,,,,,1,2,3,1,6
200500029061,0005-05-20 15:49:00,5,5,20,15,49,560,98.0,"00, LANN-SEVELIN (ROND P",,,Plein jour,En agglomération,Giratoire,Normale,Deux véhicules - côté,,,,,,,,,,,1,2,6,1,3
200500029062,0005-05-21 03:15:00,5,5,21,3,15,560,162.0,"00, MOULIN DU TER",,,Nuit avec éclairage non allumé,Hors agglomération,Hors intersection,Normale,Sans collision,,,,,,,,,,,4,1,1,1,7
200500029063,0005-05-23 07:52:00,5,5,23,7,52,560,121.0,"00, KERVENANEC (RUE  DE",,,Crépuscule ou aube,En agglomération,Intersection en X,Normale,Deux véhicules - côté,,,,,,,,,,,2,2,2,1,3
200500029064,0005-05-24 21:30:00,5,5,24,21,30,560,121.0,"82, COSMAO-DUMANOIR ( BD",,,Nuit avec éclairage allumé,En agglomération,Hors intersection,Normale,Autre collision,,,,,,,,,,,5,2,1,1,6
200500029065,0005-05-25 15:56:00,5,5,25,15,56,560,121.0,"82, CHAZELLES ( COURS LO",,,Plein jour,En agglomération,Hors intersection,Normale,Deux véhicules - arrière,,,,,,,,,,,1,2,1,1,2
200500029066,0005-05-26 16:50:00,5,5,26,16,50,560,98.0,"00, ROHU (ZONE INDUSTRIE",,,Plein jour,En agglomération,Hors intersection,Normale,Sans collision,,,,,,,,,,,1,2,1,1,7
200500029067,0005-05-28 08:55:00,5,5,28,8,55,560,83.0,"00, LIBERATION ( AV. DE",,,Plein jour,En agglomération,Intersection en X,Normale,Deux véhicules - côté,,,,,,,,,,,1,2,2,1,3
200500029068,0005-05-28 19:30:00,5,5,28,19,30,560,121.0,"00, MARIENNE ( AV CAPITA",,,Plein jour,En agglomération,Hors intersection,Normale,Deux véhicules - côté,,,,,,,,,,,1,2,1,1,3
200500029069,0005-05-31 09:18:00,5,5,31,9,18,560,121.0,"00, DUNANT (RUE  HENRI )",,,Plein jour,En agglomération,Hors intersection,Normale,Trois véhicules et plus - collisions multiples,,,,,,,,,,,1,2,1,1,5
200500029070,0005-05-23 12:30:00,5,5,23,12,30,560,260.0,"., HERRIOT(AVENUE EDOUAR",,,Plein jour,En agglomération,Intersection en T,Normale,Deux véhicules - côté,,,,,,,,,,,1,2,3,1,3
200500029071,0005-05-13 13:50:00,5,5,13,13,50,560,260.0,"31, THIERS(RUE)",,,Plein jour,En agglomération,Hors intersection,Normale,Deux véhicules - côté,,,,,,,,,,,1,2,1,1,3
200500029072,0005-05-19 13:35:00,5,5,19,13,35,560,260.0,"., CEZANNE(AVENUE PAUL)",,,Plein jour,En agglomération,Intersection en T,Normale,Deux véhicules - côté,,,,,,,,,,,1,2,3,1,3
200500029073,0005-05-24 13:25:00,5,5,24,13,25,560,260.0,"., BORGNIS DESBORDES(AVE",,,Plein jour,En agglomération,Autre intersection,Normale,Deux véhicules - côté,,,,,,,,,,,1,2,9,1,3
200500029074,0005-05-24 19:50:00,5,5,24,19,50,560,260.0,"3, SAINTE-ANNE(RUE)",,,Plein jour,En agglomération,Hors intersection,Normale,Deux véhicules - côté,,,,,,,,,,,1,2,1,1,3
200500029075,0005-05-29 06:20:00,5,5,29,6,20,560,260.0,RN 166 -SENS RENNES / VA,,,Nuit sans éclairage public,En agglomération,Hors intersection,Normale,Autre collision,,,,,,,,,,,3,2,1,1,6
200500029076,0005-05-28 16:30:00,5,5,28,16,30,560,260.0,MARNE(AVENUE DE LA) MAC,,,Plein jour,En agglomération,Autre intersection,Normale,Deux véhicules - côté,,,,,,,,,,,1,2,9,1,3
200500029077,0005-05-10 09:00:00,5,5,10,9,0,560,260.0,"., TOHANNIC(AVENUE DE)",,,Plein jour,En agglomération,Hors intersection,Normale,Sans collision,,,,,,,,,,,1,2,1,1,7
200500029078,0005-05-10 07:49:00,5,5,10,7,49,560,260.0,"., LE HELLEC(RUE)",,,Plein jour,En agglomération,Hors intersection,Normale,Autre collision,,,,,,,,,,,1,2,1,1,6
200500029079,0005-05-11 17:50:00,5,5,11,17,50,560,260.0,"., POMPIDOU(AVENUE GEORG",,,Plein jour,En agglomération,Hors intersection,Normale,Deux véhicules - arrière,,,,,,,,,,,1,2,1,1,2
200500029080,0005-05-13 19:09:00,5,5,13,19,9,560,260.0,MARNE(AVENUE DE LA) MAC,,,Plein jour,En agglomération,Place,Normale,Deux véhicules - côté,,,,,,,,,,,1,2,7,1,3
200500029081,0005-05-16 00:30:00,5,5,16,0,30,560,260.0,"., JAURES(RUE JEAN)",,,Nuit avec éclairage allumé,En agglomération,Hors intersection,Normale,Autre collision,,,,,,,,,,,5,2,1,1,6
200500029082,0005-05-16 14:28:00,5,5,16,14,28,560,260.0,"2, SAINTE-CATHERINE(PLAC",,,Plein jour,En agglomération,Hors intersection,Normale,Sans collision,,,,,,,,,,,1,2,1,1,7
200500029083,0005-05-19 13:40:00,5,5,19,13,40,560,260.0,"., HERRIOT(AVENUE EDOUAR",,,Plein jour,En agglomération,Giratoire,Normale,Deux véhicules - arrière,,,,,,,,,,,1,2,6,1,2
200500029084,0005-05-19 15:30:00,5,5,19,15,30,560,260.0,"181, AOUT 1944(RUE DU 4)",,,Plein jour,En agglomération,Hors intersection,Normale,Deux véhicules - arrière,,,,,,,,,,,1,2,1,1,2
200500029085,0005-05-15 22:30:00,5,5,15,22,30,570,660.0,NATONALE(RUE)DE LA R.ST,,,Nuit avec éclairage allumé,En agglomération,Hors intersection,Normale,Trois véhicules et plus - en chaîne,,,,,,,,,,,5,2,1,1,4
200500029086,0005-05-18 19:08:00,5,5,18,19,8,570,227.0,ARMEE  US (AV DE LA 7EME,,,Plein jour,En agglomération,Hors intersection,Normale,Deux véhicules - arrière,,,,,,,,,,,1,2,1,1,2
200500029087,0005-05-04 15:40:00,5,5,4,15,40,570,227.0,CD31E,,,Plein jour,En agglomération,Hors intersection,Normale,Autre collision,,,,,,,,,,,1,2,1,1,6
200500029088,0005-05-24 15:20:00,5,5,24,15,20,570,227.0,CHATEAU(RUE DU),,,Plein jour,En agglomération,Intersection en X,Normale,Autre collision,,,,,,,,,,,1,2,2,1,6
200500029089,0005-05-17 16:10:00,5,5,17,16,10,570,660.0,NATONALE(RUE)DE LA R.ST,,,Plein jour,En agglomération,Hors intersection,Normale,Autre collision,,,,,,,,,,,1,2,1,1,6
200500029090,0005-05-13 15:50:00,5,5,13,15,50,570,638.0,CD32,,,Plein jour,Hors agglomération,Hors intersection,Normale,Autre collision,,,,,,,,,,,1,1,1,1,6
200500029091,0005-05-18 10:55:00,5,5,18,10,55,570,240.0,"00, ROSSELLE (RUE DE LA)",,,Plein jour,En agglomération,Intersection en X,Normale,Deux véhicules - frontale,,,,,,,,,,,1,2,2,1,1
200500029092,0005-05-31 10:40:00,5,5,31,10,40,570,591.0,", VILLERS (RUE DE)",,,Plein jour,En agglomération,Hors intersection,Normale,Autre collision,,,,,,,,,,,1,2,1,1,6
200500029093,0005-05-01 17:00:00,5,5,1,17,0,570,463.0,"00, VOIE RAPIDE EST",,,Plein jour,Hors agglomération,Giratoire,Normale,Deux véhicules - côté,,,,,,,,,,,1,1,6,1,3
200500029094,0005-05-01 05:10:00,5,5,1,5,10,570,463.0,"00, PONT DES MORTS (RUE",,,Nuit avec éclairage allumé,En agglomération,Intersection à plus de 4 branches,Normale,Deux véhicules - côté,,,,,,,,,,,5,2,5,1,3
200500029095,0005-05-02 12:55:00,5,5,2,12,55,570,463.0,"00, MIXTE (PONT )",,,Plein jour,En agglomération,Intersection en T,Normale,Deux véhicules - côté,,,,,,,,,,,1,2,3,1,3
200500029096,0005-05-11 12:20:00,5,5,11,12,20,570,487.0,"00, JOUY (ROUTE DE )",,,Plein jour,Hors agglomération,Intersection en T,Normale,Deux véhicules - côté,,,,,,,,,,,1,1,3,1,3
200500029097,0005-05-11 17:00:00,5,5,11,17,0,570,487.0,"00, FRESCATY (RUE DE )",,,Plein jour,En agglomération,Hors intersection,Normale,Autre collision,,,,,,,,,,,1,2,1,1,6
200500029098,0005-05-11 21:10:00,5,5,11,21,10,570,463.0,"00, PETITES SOEURS (RUE",,,Crépuscule ou aube,En agglomération,Intersection en X,Normale,Deux véhicules - côté,,,,,,,,,,,2,2,2,1,3
200500029099,0005-05-14 10:45:00,5,5,14,10,45,570,463.0,"00, STOXEY (RUE DU )",,,Plein jour,En agglomération,Intersection en T,Pluie forte,Deux véhicules - côté,,,,,,,,,,,1,2,3,3,3
200500029100,0005-05-14 15:00:00,5,5,14,15,0,570,463.0,"00, COMMANDANT BRASSEUR",,,Plein jour,En agglomération,Giratoire,Pluie légère,Deux véhicules - côté,,,,,,,,,,,1,2,6,2,3
200500029101,0005-05-14 16:20:00,5,5,14,16,20,570,463.0,"00, SAULNOIS (RUE DU )",,,Plein jour,En agglomération,Hors intersection,Normale,Deux véhicules - arrière,,,,,,,,,,,1,2,1,1,2
200500029102,0005-05-19 20:10:00,5,5,19,20,10,570,463.0,"27, CHARLES PETRE (RUE )",,,Plein jour,En agglomération,Hors intersection,Normale,Autre collision,,,,,,,,,,,1,2,1,1,6