accident_id,datetime,annee,mois,jour,heure,minute,departement,commune_insee,adresse,latitude,longitude,luminosite,agglomeration,intersection,meteo,collision,nb_vehicules,nb_usagers,nb_indemnes,nb_tues,nb_blesses_hosp,nb_blesses_legers,age_cond_1,age_cond_2,veh_type_cond_1,veh_type_cond_2,lum_code,agg_code,int_code,atm_code,col_code
200500029103,0005-05-20 07:55:00,5,5,20,7,55,570,463.0,GUYENNE (BOULEVARD DE ),,,Plein jour,En agglomération,Intersection en T,Normale,Autre collision,,,,,,,,,,,1,2,3,1,6
200500029104,0005-05-20 13:45:00,5,5,20,13,45,570,463.0,"00, DINANDIERS (RUE DES",,,Plein jour,En agglomération,Intersection en X,Normale,Deux véhicules - côté,,,,,,,,,,,1,2,2,1,3
200500029105,0005-05-21 22:20:00,5,5,21,22,20,570,463.0,"92, LORRY (ROUTE DE )",,,Nuit avec éclairage allumé,En agglomération,Hors intersection,Pluie légère,Autre collision,,,,,,,,,,,5,2,1,2,6
200500029106,0005-05-22 06:12:00,5,5,22,6,12,570,487.0,"2, VERDUN (RUE DE )",,,Crépuscule ou aube,En agglomération,Intersection en T,Normale,Deux véhicules - côté,,,,,,,,,,,2,2,3,1,3
200500029107,0005-05-22 16:45:00,5,5,22,16,45,570,487.0,"00, JOUY (ROUTE DE )",,,Plein jour,Hors agglomération,Intersection en X,Normale,Deux véhicules - côté,,,,,,,,,,,1,1,2,1,3
200500029108,0005-05-22 17:20:00,5,5,22,17,20,570,480.0,"00, SAINT LADRE (RUE )",,,Plein jour,En agglomération,Hors intersection,Normale,Deux véhicules - frontale,,,,,,,,,,,1,2,1,1,1
200500029109,0005-05-23 17:35:00,5,5,23,17,35,570,480.0,"00, 11 NOVEMBRE (RUE DU)",,,Plein jour,En agglomération,Intersection en T,Normale,Deux véhicules - côté,,,,,,,,,,,1,2,3,1,3
200500029110,0005-05-25 11:00:00,5,5,25,11,0,570,463.0,TREVES (BOULEVARD DE ),,,Plein jour,En agglomération,Hors intersection,Normale,Deux véhicules - arrière,,,,,,,,,,,1,2,1,1,2
200500029111,0005-05-26 13:49:00,5,5,26,13,49,570,463.0,"00, LAURENT CHARLES MARE",,,Plein jour,En agglomération,Intersection en X,Normale,Deux véhicules - arrière,,,,,,,,,,,1,2,2,1,2
200500029112,0005-05-21 11:55:00,5,5,21,11,55,570,447.0,"41, GENERAL DE GAULLE (R",,,Plein jour,En agglomération,Hors intersection,Normale,Trois véhicules et plus - en chaîne,,,,,,,,,,,1,2,1,1,4
200500029113,0005-05-27 09:00:00,5,5,27,9,0,570,463.0,"00, SAULCY (CHEMIN DU )",,,Plein jour,En agglomération,Hors intersection,Normale,Deux véhicules - arrière,,,,,,,,,,,1,2,1,1,2
200500029114,0005-05-28 09:05:00,5,5,28,9,5,570,463.0,"2, AMBROISE THOMAS (RUE)",,,Plein jour,En agglomération,Hors intersection,Normale,Autre collision,,,,,,,,,,,1,2,1,1,6
200500029115,0005-05-29 18:35:00,5,5,29,18,35,570,463.0,"12, GUYENNE (BOULEVARD D",,,Plein jour,En agglomération,Hors intersection,Normale,Autre collision,,,,,,,,,,,1,2,1,1,6
200500029116,0005-05-30 17:35:00,5,5,30,17,35,570,463.0,"00, PETITES SOEURS (RUE",,,Plein jour,En agglomération,Intersection en T,Normale,Deux véhicules - côté,,,,,,,,,,,1,2,3,1,3
200500029117,0005-05-31 23:25:00,5,5,31,23,25,570,463.0,"00, SAULCY (PLACE DU )",,,Nuit sans éclairage public,En agglomération,Place,Normale,Deux véhicules - côté,,,,,,,,,,,3,2,7,1,3
200500029118,0005-05-26 18:30:00,5,5,26,18,30,570,606.0,ALTMAYER (RUE DES GENERA,,,Plein jour,En agglomération,Hors intersection,Normale,Sans collision,,,,,,,,,,,1,2,1,1,7
200500029119,0005-05-03 14:05:00,5,5,3,14,5,570,630.0,"14, GAULLE (AV GAL DE)",,,Plein jour,En agglomération,Hors intersection,Normale,Sans collision,,,,,,,,,,,1,2,1,1,7
200500029120,0005-05-25 15:00:00,5,5,25,15,0,570,630.0,NIDERVILLER,,,Plein jour,Hors agglomération,Autre intersection,Normale,Trois véhicules et plus - collisions multiples,,,,,,,,,,,1,1,9,1,5
200500029121,0005-05-30 23:25:00,5,5,30,23,25,570,630.0,RD 955,,,Nuit sans éclairage public,Hors agglomération,Hors intersection,Normale,Sans collision,,,,,,,,,,,3,1,1,1,7
200500029122,0005-05-26 07:25:00,5,5,26,7,25,570,631.0,"2/4, PETIT-PARIS (RUE DU",,,Plein jour,En agglomération,Intersection en X,Normale,Autre collision,,,,,,,,,,,1,2,2,1,6
200500029123,0005-05-02 06:50:00,5,5,2,6,50,570,672.0,VOLKRANGE (ROUTE DE),,,Plein jour,Hors agglomération,Hors intersection,Normale,Autre collision,,,,,,,,,,,1,1,1,1,6
200500029124,0005-05-01 15:35:00,5,5,1,15,35,570,306.0,"90, VOSGES (RUE DES)",,,Plein jour,En agglomération,Hors intersection,Normale,Deux véhicules - arrière,,,,,,,,,,,1,2,1,1,2
200500029125,0005-05-02 11:10:00,5,5,2,11,10,570,672.0,"17, COMTE DE BERTIER (AV",,,Plein jour,En agglomération,Autre intersection,Normale,Autre collision,,,,,,,,,,,1,2,9,1,6
200500029126,0005-05-03 09:15:00,5,5,3,9,15,570,672.0,ARLON (ROUTE D'),,,Plein jour,En agglomération,Hors intersection,Normale,Sans collision,,,,,,,,,,,1,2,1,1,7
200500029127,0005-05-03 11:55:00,5,5,3,11,55,570,666.0,"64A, VERDUN (ROUTE DE)",,,Plein jour,En agglomération,Autre intersection,Normale,Autre collision,,,,,,,,,,,1,2,9,1,6
200500029128,0005-05-10 08:35:00,5,5,10,8,35,570,666.0,"173, VERDUN (ROUTE DE)",,,Plein jour,En agglomération,Autre intersection,Normale,Autre collision,,,,,,,,,,,1,2,9,1,6
200500029129,0005-05-18 14:40:00,5,5,18,14,40,570,672.0,PERCEE SUD CD 1,,,Plein jour,En agglomération,Hors intersection,Normale,Deux véhicules - côté,,,,,,,,,,,1,2,1,1,3
200500029130,0005-05-17 11:15:00,5,5,17,11,15,570,672.0,CLEMENCEAU (AVENUE) 1 A,,,Plein jour,En agglomération,Hors intersection,Normale,Autre collision,,,,,,,,,,,1,2,1,1,6
200500029131,0005-05-12 17:35:00,5,5,12,17,35,570,508.0,FOCH (RUE),,,Plein jour,En agglomération,Intersection en X,Normale,Deux véhicules - côté,,,,,,,,,,,1,2,2,1,3
200500029132,0005-05-13 19:00:00,5,5,13,19,0,570,306.0,CD 17,,,Plein jour,En agglomération,Hors intersection,Normale,Trois véhicules et plus - collisions multiples,,,,,,,,,,,1,2,1,1,5
200500029133,0005-05-18 15:15:00,5,5,18,15,15,570,221.0,LONGWY (RUE DE),,,Plein jour,En agglomération,Hors intersection,Normale,Deux véhicules - arrière,,,,,,,,,,,1,2,1,1,2
200500029134,0005-05-19 10:45:00,5,5,19,10,45,570,508.0,"14, KOENIG (RUE)",,,Plein jour,En agglomération,Hors intersection,Normale,Sans collision,,,,,,,,,,,1,2,1,1,7
200500029135,0005-05-19 13:20:00,5,5,19,13,20,570,508.0,NOIROT (RUE LUCIEN),,,Plein jour,En agglomération,Hors intersection,Normale,Sans collision,,,,,,,,,,,1,2,1,1,7
200500029136,0005-05-21 14:27:00,5,5,21,14,27,570,306.0,"46, BASLIE (RUE MARYSE)",,,Plein jour,En agglomération,Hors intersection,Normale,Deux véhicules - frontale,,,,,,,,,,,1,2,1,1,1
200500029137,0005-05-25 16:15:00,5,5,25,16,15,570,672.0,ARLON (ROUTE D'),,,Plein jour,En agglomération,Giratoire,Normale,Autre collision,,,,,,,,,,,1,2,6,1,6
200500029138,0005-05-25 19:25:00,5,5,25,19,25,570,672.0,SAINT-MICHEL (MONTEE DU),,,Plein jour,Hors agglomération,Hors intersection,Normale,Deux véhicules - arrière,,,,,,,,,,,1,1,1,1,2
200500029139,0005-05-26 07:00:00,5,5,26,7,0,570,757.0,SCHUMANN (RUE ROBERT),,,Plein jour,En agglomération,Hors intersection,Normale,Deux véhicules - côté,,,,,,,,,,,1,2,1,1,3
200500029140,0005-05-28 23:55:00,5,5,28,23,55,570,672.0,"72, LONGWY (ROUTE DE)",,,Nuit avec éclairage allumé,En agglomération,Hors intersection,Normale,Autre collision,,,,,,,,,,,5,2,1,1,6
200500029141,0005-05-28 15:10:00,5,5,28,15,10,570,672.0,SAINT-HUBERT (RUE),,,Plein jour,En agglomération,Hors intersection,Normale,Autre collision,,,,,,,,,,,1,2,1,1,6
200500029142,0005-05-25 13:45:00,5,5,25,13,45,570,672.0,BECASSE (IMPASSE DE LA),,,Plein jour,En agglomération,Hors intersection,Normale,Autre collision,,,,,,,,,,,1,2,1,1,6
200500029143,0005-05-30 07:55:00,5,5,30,7,55,570,672.0,VERDUN (RUE DE),,,Plein jour,En agglomération,Intersection en T,Normale,Trois véhicules et plus - en chaîne,,,,,,,,,,,1,2,3,1,4
200500029144,0005-05-28 14:00:00,5,5,28,14,0,570,221.0,CD 152 A,,,Plein jour,En agglomération,Intersection en Y,Normale,Deux véhicules - côté,,,,,,,,,,,1,2,4,1,3
200500029145,0005-05-27 06:30:00,5,5,27,6,30,570,306.0,"57, WENDEL (RUE DE)",,,Plein jour,En agglomération,Hors intersection,Normale,Deux véhicules - côté,,,,,,,,,,,1,2,1,1,3
200500029146,0005-05-26 14:00:00,5,5,26,14,0,570,221.0,"78, GRAND'RUE",,,Plein jour,En agglomération,Hors intersection,Normale,Deux véhicules - côté,,,,,,,,,,,1,2,1,1,3
200500029147,0005-05-23 18:15:00,5,5,23,18,15,570,221.0,"152, GRAND'RUE",,,Plein jour,En agglomération,Hors intersection,Normale,Sans collision,,,,,,,,,,,1,2,1,1,7
200500029148,0005-05-02 12:55:00,5,5,2,12,55,580,194.0,"68, MONTAPINS",,,Plein jour,En agglomération,Hors intersection,Normale,Autre collision,,,,,,,,,,,1,2,1,1,6
200500029149,0005-05-09 19:15:00,5,5,9,19,15,580,194.0,GABRIEL VALETTE,,,Plein jour,En agglomération,Hors intersection,Normale,Sans collision,,,,,,,,,,,1,2,1,1,7
200500029150,0005-05-03 10:55:00,5,5,3,10,55,580,194.0,"26, RAIE",,,Plein jour,En agglomération,Hors intersection,Normale,Deux véhicules - arrière,,,,,,,,,,,1,2,1,1,2
200500029151,0005-05-10 10:25:00,5,5,10,10,25,580,194.0,"29 Bis, GENERAL DE GAULL",,,Plein jour,En agglomération,Hors intersection,Normale,Deux véhicules - côté,,,,,,,,,,,1,2,1,1,3
200500029152,0005-05-04 17:40:00,5,5,4,17,40,580,194.0,HENRI BOUQUILLARD,,,Plein jour,En agglomération,Hors intersection,Normale,Autre collision,,,,,,,,,,,1,2,1,1,6
200500029153,0005-05-17 01:55:00,5,5,17,1,55,580,194.0,AMIRAL JACQUINOT,,,Nuit avec éclairage allumé,En agglomération,Hors intersection,Normale,Autre collision,,,,,,,,,,,5,2,1,1,6
200500029154,0005-05-20 14:30:00,5,5,20,14,30,580,194.0,NIEVRE,,,Plein jour,En agglomération,Hors intersection,Normale,Deux véhicules - côté,,,,,,,,,,,1,2,1,1,3
200500029155,0005-05-25 16:15:00,5,5,25,16,15,580,194.0,GAUTRON DU COUDRAY,,,Plein jour,En agglomération,Hors intersection,Normale,Deux véhicules - frontale,,,,,,,,,,,1,2,1,1,1
200500029156,0005-05-28 09:30:00,5,5,28,9,30,580,194.0,"19BIS, COLBERT",,,Plein jour,En agglomération,Hors intersection,Normale,Autre collision,,,,,,,,,,,1,2,1,1,6
200500029157,0005-05-04 22:05:00,5,5,4,22,5,590,431.0,"01, ARMENTIERES  (RUE D'",,,Nuit sans éclairage public,En agglomération,Hors intersection,Pluie forte,Sans collision,,,,,,,,,,,3,2,1,3,7
200500029158,0005-05-04 16:15:00,5,5,4,16,15,590,317.0,"87, BRUNE  (RUE)",,,Plein jour,Hors agglomération,Hors intersection,Pluie légère,Deux véhicules - frontale,,,,,,,,,,,1,1,1,2,1
200500029159,0005-05-12 17:50:00,5,5,12,17,50,590,431.0,HOUCKE (AVENUE JULES),,,Plein jour,En agglomération,Hors intersection,Normale,Deux véhicules - côté,,,,,,,,,,,1,2,1,1,3
200500029160,0005-05-13 20:05:00,5,5,13,20,5,590,317.0,AVENTURE (HAMEAU DE L' ),,,Plein jour,Hors agglomération,Hors intersection,Normale,Autre collision,,,,,,,,,,,1,1,1,1,6
200500029161,0005-05-26 21:00:00,5,5,26,21,0,590,17.0,"49, COLBERT (RUE)",,,Plein jour,En agglomération,Hors intersection,Normale,Autre collision,,,,,,,,,,,1,2,1,1,6
200500029162,0005-05-31 19:55:00,5,5,31,19,55,590,17.0,"34, LEBAS (RUE JEAN BAPT",,,Plein jour,En agglomération,Hors intersection,Normale,Deux véhicules - frontale,,,,,,,,,,,1,2,1,1,1
200500029163,0005-05-31 09:40:00,5,5,31,9,40,590,431.0,KENNEDY (RUE DU PRESIDEN,,,Plein jour,Hors agglomération,Intersection en T,Normale,Deux véhicules - côté,,,,,,,,,,,1,1,3,1,3
200500029164,0005-05-25 18:00:00,5,5,25,18,0,590,17.0,FAIDHERBE (BD ),,,Plein jour,En agglomération,Intersection en T,Normale,Deux véhicules - arrière,,,,,,,,,,,1,2,3,1,2
200500029165,0005-05-07 00:01:00,5,5,7,0,1,590,33.0,PONT SUR SAMBRE (RUE DE),,,Nuit avec éclairage allumé,En agglomération,Hors intersection,Normale,Autre collision,,,,,,,,,,,5,2,1,1,6
200500029166,0005-05-18 19:30:00,5,5,18,19,30,590,33.0,"19, FLEURS (RUE DES)",,,Plein jour,En agglomération,Hors intersection,Normale,Autre collision,,,,,,,,,,,1,2,1,1,6
200500029167,0005-05-20 13:52:00,5,5,20,13,52,590,122.0,"63, SAINT ROCH (ALLEE)",,,Plein jour,En agglomération,Hors intersection,Normale,Sans collision,,,,,,,,,,,1,2,1,1,7
200500029168,0005-05-21 13:50:00,5,5,21,13,50,590,122.0,NAVES (RUE DE),,,Plein jour,En agglomération,Intersection en T,Normale,Deux véhicules - côté,,,,,,,,,,,1,2,3,1,3
200500029169,0005-05-04 23:15:00,5,5,4,23,15,590,153.0,BONSECOURS (ROUTE DE ),,,Nuit avec éclairage allumé,En agglomération,Intersection en X,Pluie légère,Deux véhicules - côté,,,,,,,,,,,5,2,2,2,3
200500029170,0005-05-23 17:05:00,5,5,23,17,5,590,616.0,"140, VERMEERSCH (RUE )",,,Plein jour,En agglomération,Intersection en T,Normale,Deux véhicules - frontale,,,,,,,,,,,1,2,3,1,1
200500029171,0005-05-24 22:50:00,5,5,24,22,50,590,253.0,"00, C.D. 935 (NOUVEAU )",,,Nuit sans éclairage public,Hors agglomération,Intersection en T,Normale,Deux véhicules - arrière,,,,,,,,,,,3,1,3,1,2
200500029172,0005-05-29 22:50:00,5,5,29,22,50,590,172.0,"0, VILLARS (R.)",,,Nuit avec éclairage allumé,En agglomération,Autre intersection,Normale,Deux véhicules - côté,,,,,,,,,,,5,2,9,1,3
200500029173,0005-05-07 23:40:00,5,5,7,23,40,590,172.0,"1, GAULLE (BD CHARLES DE",,,Nuit avec éclairage allumé,En agglomération,Intersection en X,Normale,Deux véhicules - côté,,,,,,,,,,,5,2,2,1,3
200500029174,0005-05-07 20:05:00,5,5,7,20,5,590,172.0,"64, NEVE (R. PIERRE)",,,Plein jour,En agglomération,Hors intersection,Normale,Autre collision,,,,,,,,,,,1,2,1,1,6
200500029175,0005-05-27 17:20:00,5,5,27,17,20,590,172.0,OISY (RTE),,,Plein jour,Hors agglomération,Hors intersection,Normale,Deux véhicules - frontale,,,,,,,,,,,1,1,1,1,1
200500029176,0005-05-06 18:49:00,5,5,6,18,49,590,302.0,ZOLA (IMP. EMILE),,,Plein jour,En agglomération,Intersection en X,Normale,Deux véhicules - côté,,,,,,,,,,,1,2,2,1,3
200500029177,0005-05-10 20:55:00,5,5,10,20,55,590,234.0,"28, MARAIS DAUPHIN (RUE",,,Crépuscule ou aube,En agglomération,Hors intersection,Normale,Autre collision,,,,,,,,,,,2,2,1,1,6
200500029178,0005-05-22 12:40:00,5,5,22,12,40,590,327.0,"07, PARC (RESIDENCE)",,,Plein jour,En agglomération,Hors intersection,Normale,Autre collision,,,,,,,,,,,1,2,1,1,6
200500029179,0005-05-23 10:56:00,5,5,23,10,56,590,28.0,"30, BLUM (RUE LEON)",,,Plein jour,En agglomération,Intersection en T,Normale,Deux véhicules - arrière,,,,,,,,,,,1,2,3,1,2
200500029180,0005-05-12 07:26:00,5,5,12,7,26,590,486.0,NATIONALE (RUE),,,Plein jour,En agglomération,Intersection en T,Normale,Deux véhicules - côté,,,,,,,,,,,1,2,3,1,3
200500029181,0005-05-24 18:00:00,5,5,24,18,0,590,28.0,"29, BLUM (RUE LEON)",,,Plein jour,En agglomération,Hors intersection,Normale,Autre collision,,,,,,,,,,,1,2,1,1,6
200500029182,0005-05-01 14:00:00,5,5,1,14,0,590,183.0,"1, GARE - PLACE",,,Plein jour,En agglomération,Hors intersection,Normale,Deux véhicules - arrière,,,,,,,,,,,1,2,1,1,2
200500029183,0005-05-03 18:45:00,5,5,3,18,45,590,588.0,HUGO VICTOR,,,Plein jour,En agglomération,Intersection en X,Normale,Deux véhicules - côté,,,,,,,,,,,1,2,2,1,3
200500029184,0005-05-08 09:55:00,5,5,8,9,55,590,588.0,"277, REPUBLIQUE",,,Plein jour,En agglomération,Hors intersection,Normale,Autre collision,,,,,,,,,,,1,2,1,1,6
200500029185,0005-05-11 04:20:00,5,5,11,4,20,590,155.0,ARMAND LOUIS,,,Nuit sans éclairage public,En agglomération,Hors intersection,Normale,Deux véhicules - côté,,,,,,,,,,,3,2,1,1,3
200500029186,0005-05-15 17:15:00,5,5,15,17,15,590,183.0,ROSENDAEL - AVENUE,,,Plein jour,En agglomération,Hors intersection,Normale,Autre collision,,,,,,,,,,,1,2,1,1,6
200500029187,0005-05-17 08:20:00,5,5,17,8,20,590,183.0,"00000, ROSENDAEL - AVENU",,,Plein jour,En agglomération,Hors intersection,Normale,Autre collision,,,,,,,,,,,1,2,1,1,6
200500029188,0005-05-17 12:45:00,5,5,17,12,45,590,183.0,"1, REPUBLIQUE - F MITTER",,,Plein jour,En agglomération,Intersection en X,Normale,Deux véhicules - côté,,,,,,,,,,,1,2,2,1,3
200500029189,0005-05-06 17:50:00,5,5,6,17,50,590,271.0,"01, COMMUNE DE PARIS - A",,,Plein jour,En agglomération,Hors intersection,Normale,Deux véhicules - frontale,,,,,,,,,,,1,2,1,1,1
200500029190,0005-05-26 23:45:00,5,5,26,23,45,590,155.0,BERGUES CD 916 - ROUTE,,,Nuit avec éclairage non allumé,En agglomération,Hors intersection,Normale,Deux véhicules - frontale,,,,,,,,,,,4,2,1,1,1
200500029191,0005-05-31 13:20:00,5,5,31,13,20,590,183.0,"0000, REPUBLIQUE - PLACE",,,Plein jour,En agglomération,Hors intersection,Normale,Autre collision,,,,,,,,,,,1,2,1,1,6
200500029192,0005-05-18 14:15:00,5,5,18,14,15,590,359.0,COURCOT (RUE SIMEON),,,Plein jour,En agglomération,Hors intersection,Normale,Autre collision,,,,,,,,,,,1,2,1,1,6
200500029193,0005-05-28 23:30:00,5,5,28,23,30,590,272.0,GRAVELINES (RUE DE),,,Nuit avec éclairage allumé,En agglomération,Intersection en T,Normale,Deux véhicules - côté,,,,,,,,,,,5,2,3,1,3
200500029194,0005-05-03 15:55:00,5,5,3,15,55,590,324.0,"371, HECTOR DESPRET (RUE",,,Plein jour,En agglomération,Hors intersection,Normale,Autre collision,,,,,,,,,,,1,2,1,1,6
200500029195,0005-05-08 01:50:00,5,5,8,1,50,590,385.0,"17, CARION JEAN MARIE (R",,,Nuit avec éclairage allumé,En agglomération,Hors intersection,Normale,Sans collision,,,,,,,,,,,5,2,1,1,7
200500029196,0005-05-11 09:50:00,5,5,11,9,50,590,385.0,LEON JOUHAUX (RUE),,,Plein jour,En agglomération,Intersection en X,Normale,Deux véhicules - côté,,,,,,,,,,,1,2,2,1,3
200500029197,0005-05-01 11:10:00,5,5,1,11,10,590,355.0,"794, DUNKERQUE AVENUE DE",,,Plein jour,En agglomération,Intersection en Y,Normale,Autre collision,,,,,,,,,,,1,2,4,1,6
200500029198,0005-05-01 12:45:00,5,5,1,12,45,590,368.0,"80, MAILLOTTE JEANNE RUE",,,Plein jour,En agglomération,Hors intersection,Normale,Autre collision,,,,,,,,,,,1,2,1,1,6
200500029199,0005-05-01 14:20:00,5,5,1,14,20,590,350.0,"001, BELFORT BOULEVARD D",,,Plein jour,En agglomération,Hors intersection,Normale,Autre collision,,,,,,,,,,,1,2,1,1,6
200500029200,0005-05-01 14:30:00,5,5,1,14,30,590,350.0,"001, LIBERTE BOULEVARD N",,,Plein jour,En agglomération,Intersection en X,Normale,Deux véhicules - côté,,,,,,,,,,,1,2,2,1,3
200500029201,0005-05-01 14:45:00,5,5,1,14,45,590,566.0,"01, EUROPE RUE DE L",,,Plein jour,En agglomération,Hors intersection,Normale,Deux véhicules - frontale,,,,,,,,,,,1,2,1,1,1
200500029202,0005-05-01 18:00:00,5,5,1,18,0,590,350.0,"00, GARE LILLE FLANDRES",,,Plein jour,En agglomération,Intersection en Y,Normale,Autre collision,,,,,,,,,,,1,2,4,1,6
200500029203,0005-05-01 18:30:00,5,5,1,18,30,590,350.0,"211, ARRAS RUE D",,,Plein jour,En agglomération,Place,Normale,Autre collision,,,,,,,,,,,1,2,7,1,6
200500029204,0005-05-03 18:20:00,5,5,3,18,20,590,360.0,FOCH RUE DU MARECHAL,,,Plein jour,En agglomération,Hors intersection,Temps couvert,Autre collision,,,,,,,,,,,1,2,1,8,6
200500029205,0005-05-05 11:00:00,5,5,5,11,0,590,350.0,"130, ISLY RUE",,,Plein jour,En agglomération,Intersection en X,Normale,Deux véhicules - côté,,,,,,,,,,,1,2,2,1,3
200500029206,0005-05-01 19:50:00,5,5,1,19,50,590,648.0,"58, CLEMENCEAU RUE",,,Plein jour,En agglomération,Intersection en X,Normale,Trois véhicules et plus - collisions multiples,,,,,,,,,,,1,2,2,1,5
200500029207,0005-05-06 19:35:00,5,5,6,19,35,590,350.0,"208, JAURES JEAN RUE",,,Plein jour,En agglomération,Hors intersection,Normale,Autre collision,,,,,,,,,,,1,2,1,1,6
200500029208,0005-05-07 12:35:00,5,5,7,12,35,590,350.0,"001, COURBET GUSTAVE  RU",,,Plein jour,En agglomération,Intersection en T,Normale,Deux véhicules - côté,,,,,,,,,,,1,2,3,1,3
200500029209,0005-05-07 15:10:00,5,5,7,15,10,590,350.0,"001, BRANDT WILLY AVENUE",,,Plein jour,En agglomération,Hors intersection,Normale,Deux véhicules - arrière,,,,,,,,,,,1,2,1,1,2
200500029210,0005-05-08 10:30:00,5,5,8,10,30,590,360.0,"Sans objet, GHESQUIERE H",,,Plein jour,En agglomération,Intersection en X,Normale,Autre collision,,,,,,,,,,,1,2,2,1,6
200500029211,0005-05-10 07:20:00,5,5,10,7,20,590,350.0,"01, LIBERTE BOULEVARD N°",,,Plein jour,En agglomération,Hors intersection,Normale,Autre collision,,,,,,,,,,,1,2,1,1,6
200500029212,0005-05-10 17:10:00,5,5,10,17,10,590,350.0,"14, MACE JEAN RUE",,,Plein jour,En agglomération,Hors intersection,Normale,Autre collision,,,,,,,,,,,1,2,1,1,6
200500029213,0005-05-10 15:10:00,5,5,10,15,10,590,350.0,DE COUBERTIN PIERRE BOUL,,,Plein jour,En agglomération,Hors intersection,Normale,Autre collision,,,,,,,,,,,1,2,1,1,6
200500029214,0005-05-10 10:10:00,5,5,10,10,10,590,350.0,"131, MOLINEL RUE N°IMPAI",,,Plein jour,En agglomération,Hors intersection,Normale,Autre collision,,,,,,,,,,,1,2,1,1,6
200500029215,0005-05-11 16:15:00,5,5,11,16,15,590,585.0,KENNEDY RUE DU PRESIDENT,,,Plein jour,En agglomération,Intersection en T,Temps éblouissant,Deux véhicules - arrière,,,,,,,,,,,1,2,3,7,2
200500029216,0005-05-11 22:15:00,5,5,11,22,15,590,328.0,BERKEM RUE DE,,,Nuit avec éclairage allumé,En agglomération,Intersection en X,Normale,Deux véhicules - côté,,,,,,,,,,,5,2,2,1,3
200500029217,0005-05-12 17:00:00,5,5,12,17,0,590,350.0,"82, CAMBRAI RUE DE N°PAI",,,Plein jour,En agglomération,Hors intersection,Normale,Deux véhicules - arrière,,,,,,,,,,,1,2,1,1,2
200500029218,0005-05-12 18:50:00,5,5,12,18,50,590,350.0,WAGNER RICHARD RUE,,,Plein jour,En agglomération,Intersection en X,Normale,Autre collision,,,,,,,,,,,1,2,2,1,6
200500029219,0005-05-13 09:10:00,5,5,13,9,10,590,507.0,"396, JAURES JEAN AVENUE",,,Plein jour,En agglomération,Hors intersection,Normale,Autre collision,,,,,,,,,,,1,2,1,1,6
200500029220,0005-05-14 15:10:00,5,5,14,15,10,590,350.0,"Sans Objet, DOUAI RUE",,,Plein jour,En agglomération,Intersection en X,Normale,Autre collision,,,,,,,,,,,1,2,2,1,6
200500029221,0005-05-14 18:20:00,5,5,14,18,20,590,560.0,MARTYRS RUE,,,Plein jour,En agglomération,Intersection en X,Normale,Autre collision,,,,,,,,,,,1,2,2,1,6
200500029222,0005-05-13 15:45:00,5,5,13,15,45,590,350.0,"58, NATIONALE RUE N°2 A",,,Plein jour,En agglomération,Hors intersection,Pluie légère,Autre collision,,,,,,,,,,,1,2,1,2,6
200500029223,0005-05-15 18:40:00,5,5,15,18,40,590,328.0,"165, HIPPODROME AV DE L",,,Plein jour,En agglomération,Hors intersection,Normale,Autre collision,,,,,,,,,,,1,2,1,1,6
200500029224,0005-05-15 19:00:00,5,5,15,19,0,590,356.0,"525, DUNKERQUE AVENUE DE",,,Plein jour,En agglomération,Hors intersection,Normale,Deux véhicules - arrière,,,,,,,,,,,1,2,1,1,2
200500029225,0005-05-13 18:50:00,5,5,13,18,50,590,360.0,"32, FOCH RUE DU MARECHAL",,,Plein jour,En agglomération,Hors intersection,Normale,Autre collision,,,,,,,,,,,1,2,1,1,6
200500029226,0005-05-16 08:30:00,5,5,16,8,30,590,350.0,"Sans objet, JOUHAUX LEON",,,Plein jour,En agglomération,Intersection en X,Normale,Autre collision,,,,,,,,,,,1,2,2,1,6
200500029227,0005-05-16 20:50:00,5,5,16,20,50,590,386.0,YPRES RUE D,,,Crépuscule ou aube,En agglomération,Intersection en X,Pluie légère,Deux véhicules - côté,,,,,,,,,,,2,2,2,2,3
200500029228,0005-05-16 11:55:00,5,5,16,11,55,590,350.0,DOREZ BARTHELEMY PLACE,,,Plein jour,En agglomération,Place,Normale,Deux véhicules - côté,,,,,,,,,,,1,2,7,1,3
200500029229,0005-05-16 15:15:00,5,5,16,15,15,590,350.0,LECLERC PLACE DU MAL. N°,,,Plein jour,En agglomération,Hors intersection,Normale,Autre collision,,,,,,,,,,,1,2,1,1,6
200500029230,0005-05-17 13:50:00,5,5,17,13,50,590,350.0,GUTENBERG RUE,,,Plein jour,En agglomération,Intersection en X,Normale,Autre collision,,,,,,,,,,,1,2,2,1,6
200500029231,0005-05-17 16:35:00,5,5,17,16,35,590,648.0,"40, YSER RUE DE L",,,Plein jour,En agglomération,Hors intersection,Normale,Autre collision,,,,,,,,,,,1,2,1,1,6
200500029232,0005-05-17 16:00:00,5,5,17,16,0,590,350.0,"2, HALLOTERIE RUE",,,Plein jour,En agglomération,Autre intersection,Normale,Autre collision,,,,,,,,,,,1,2,9,1,6
200500029233,0005-05-18 12:15:00,5,5,18,12,15,590,378.0,BAILLY ALBERT RUE,,,Plein jour,En agglomération,Intersection en T,Normale,Deux véhicules - côté,,,,,,,,,,,1,2,3,1,3
200500029234,0005-05-19 19:00:00,5,5,19,19,0,590,350.0,"18, CARREL ARMAND RUE",,,Plein jour,En agglomération,Hors intersection,Normale,Autre collision,,,,,,,,,,,1,2,1,1,6
200500029235,0005-05-19 22:40:00,5,5,19,22,40,590,560.0,LILLE ROUTE DE,,,Nuit avec éclairage allumé,Hors agglomération,Hors intersection,Normale,Deux véhicules - frontale,,,,,,,,,,,5,1,1,1,1