accident_id,datetime,annee,mois,jour,heure,minute,departement,commune_insee,adresse,latitude,longitude,luminosite,agglomeration,intersection,meteo,collision,nb_vehicules,nb_usagers,nb_indemnes,nb_tues,nb_blesses_hosp,nb_blesses_legers,age_cond_1,age_cond_2,veh_type_cond_1,veh_type_cond_2,lum_code,agg_code,int_code,atm_code,col_code
200500029236,0005-05-19 15:00:00,5,5,19,15,0,590,350.0,"33, MILITAIRE HOPITAL",,,Plein jour,En agglomération,Hors intersection,Normale,Deux véhicules - arrière,,,,,,,,,,,1,2,1,1,2
200500029237,0005-05-19 19:05:00,5,5,19,19,5,590,368.0,"99, PASTEUR RUE",,,Plein jour,En agglomération,Intersection en T,Pluie légère,Autre collision,,,,,,,,,,,1,2,3,2,6
200500029238,0005-05-20 20:10:00,5,5,20,20,10,590,350.0,VAUBAN BOULEVARD N° REST,,,Plein jour,En agglomération,Autre intersection,Normale,Trois véhicules et plus - collisions multiples,,,,,,,,,,,1,2,9,1,5
200500029239,0005-05-20 21:40:00,5,5,20,21,40,590,328.0,FOCH AVENUE DU MARECHAL,,,Nuit avec éclairage allumé,En agglomération,Intersection en X,Normale,Deux véhicules - côté,,,,,,,,,,,5,2,2,1,3
200500029240,0005-05-21 14:00:00,5,5,21,14,0,590,350.0,"08, MASSENET RUE",,,Plein jour,En agglomération,Hors intersection,Normale,Autre collision,,,,,,,,,,,1,2,1,1,6
200500029241,0005-05-21 16:00:00,5,5,21,16,0,590,350.0,"39, NATIONALE RUE N°2 A",,,Plein jour,En agglomération,Hors intersection,Normale,Deux véhicules - côté,,,,,,,,,,,1,2,1,1,3
200500029242,0005-05-22 16:45:00,5,5,22,16,45,590,193.0,"HAUBOURDIN, RUE D'",,,Plein jour,En agglomération,Hors intersection,Normale,Autre collision,,,,,,,,,,,1,2,1,1,6
200500029243,0005-05-22 17:00:00,5,5,22,17,0,590,386.0,"00, HONDSCHOOTE RUE",,,Plein jour,En agglomération,Intersection en T,Pluie légère,Autre collision,,,,,,,,,,,1,2,3,2,6
200500029244,0005-05-23 14:10:00,5,5,23,14,10,590,9.0,TREMIERE RUE,,,Plein jour,En agglomération,Hors intersection,Normale,Autre collision,,,,,,,,,,,1,2,1,1,6
200500029245,0005-05-23 18:00:00,5,5,23,18,0,590,350.0,LEBAS JEAN BAPTISTE BOUL,,,Plein jour,En agglomération,Hors intersection,Normale,Autre collision,,,,,,,,,,,1,2,1,1,6
200500029246,0005-05-23 19:45:00,5,5,23,19,45,590,9.0,"Sans objet, CHAMPOLLION",,,Plein jour,En agglomération,Intersection en X,Normale,Autre collision,,,,,,,,,,,1,2,2,1,6
200500029247,0005-05-18 12:40:00,5,5,18,12,40,590,350.0,"102, CAMBRAI RUE DE N°PA",,,Plein jour,En agglomération,Hors intersection,Normale,Autre collision,,,,,,,,,,,1,2,1,1,6
200500029248,0005-05-21 15:50:00,5,5,21,15,50,590,378.0,"69, BAILLY ALBERT RUE",,,Plein jour,En agglomération,Hors intersection,Normale,Deux véhicules - côté,,,,,,,,,,,1,2,1,1,3
200500029249,0005-05-24 17:30:00,5,5,24,17,30,590,360.0,SEQUEDIN ROUTE DE,,,Plein jour,En agglomération,Intersection en T,Normale,Deux véhicules - arrière,,,,,,,,,,,1,2,3,1,2
200500029250,0005-05-25 10:15:00,5,5,25,10,15,590,386.0,LALAU RUE,,,Plein jour,En agglomération,Autre intersection,Normale,Deux véhicules - arrière,,,,,,,,,,,1,2,9,1,2
200500029251,0005-05-25 16:45:00,5,5,25,16,45,590,368.0,"126, POMPIDOU G. RUE DU",,,Plein jour,Hors agglomération,Hors intersection,Normale,Deux véhicules - arrière,,,,,,,,,,,1,1,1,1,2
200500029252,0005-05-25 18:50:00,5,5,25,18,50,590,350.0,VIALA RUE,,,Plein jour,Hors agglomération,Hors intersection,Normale,Autre collision,,,,,,,,,,,1,1,1,1,6
200500029253,0005-05-25 18:50:00,5,5,25,18,50,590,343.0,"55, DOUAI RUE DE       N",,,Plein jour,En agglomération,Hors intersection,Normale,Autre collision,,,,,,,,,,,1,2,1,1,6
200500029254,0005-05-25 17:10:00,5,5,25,17,10,590,9.0,"82, FUSILLES RUE DES DU",,,Plein jour,En agglomération,Hors intersection,Normale,Deux véhicules - côté,,,,,,,,,,,1,2,1,1,3
200500029255,0005-05-25 18:10:00,5,5,25,18,10,590,328.0,HIPPODROME AV DE L N°134,,,Plein jour,En agglomération,Hors intersection,Normale,Deux véhicules - arrière,,,,,,,,,,,1,2,1,1,2
200500029256,0005-05-23 12:30:00,5,5,23,12,30,590,9.0,"58, PASTEUR RUE",,,Plein jour,En agglomération,Hors intersection,Normale,Deux véhicules - côté,,,,,,,,,,,1,2,1,1,3
200500029257,0005-05-26 13:45:00,5,5,26,13,45,590,328.0,DUNKERQUE AVENUE DE,,,Plein jour,En agglomération,Intersection en X,Normale,Deux véhicules - côté,,,,,,,,,,,1,2,2,1,3
200500029258,0005-05-26 17:50:00,5,5,26,17,50,590,350.0,"64, FAIDHERBE RUE",,,Plein jour,En agglomération,Hors intersection,Normale,Autre collision,,,,,,,,,,,1,2,1,1,6
200500029259,0005-05-27 09:35:00,5,5,27,9,35,590,378.0,"001, MENIN RUE DE",,,Plein jour,En agglomération,Intersection en Y,Normale,Deux véhicules - arrière,,,,,,,,,,,1,2,4,1,2
200500029260,0005-05-27 17:45:00,5,5,27,17,45,590,9.0,CIMAISE RUE DE LA,,,Plein jour,En agglomération,Intersection en T,Temps éblouissant,Deux véhicules - côté,,,,,,,,,,,1,2,3,7,3
200500029261,0005-05-27 18:00:00,5,5,27,18,0,590,560.0,"46, LILLE ROUTE DE",,,Plein jour,Hors agglomération,Hors intersection,Normale,Deux véhicules - côté,,,,,,,,,,,1,1,1,1,3
200500029262,0005-05-28 12:25:00,5,5,28,12,25,590,350.0,"Sans objet, FONTENOY RUE",,,Plein jour,En agglomération,Hors intersection,Normale,Autre collision,,,,,,,,,,,1,2,1,1,6
200500029263,0005-05-28 17:25:00,5,5,28,17,25,590,350.0,SCHUMAN ROBERT BOULEVARD,,,Plein jour,Hors agglomération,Hors intersection,Normale,Autre collision,,,,,,,,,,,1,1,1,1,6
200500029264,0005-05-29 20:10:00,5,5,29,20,10,590,378.0,"Sans Objet, REPUBLIQUE A",,,Plein jour,En agglomération,Intersection en X,Pluie légère,Autre collision,,,,,,,,,,,1,2,2,2,6
200500029265,0005-05-29 20:20:00,5,5,29,20,20,590,350.0,"02, BASSEE RUE DE LA",,,Crépuscule ou aube,En agglomération,Hors intersection,Pluie légère,Autre collision,,,,,,,,,,,2,2,1,2,6
200500029266,0005-05-30 14:45:00,5,5,30,14,45,590,378.0,"92, HAUTE LOGE RUE DE LA",,,Plein jour,En agglomération,Hors intersection,Normale,Autre collision,,,,,,,,,,,1,2,1,1,6
200500029267,0005-05-31 08:45:00,5,5,31,8,45,590,328.0,"142, BECQUART AVENUE",,,Plein jour,En agglomération,Hors intersection,Normale,Autre collision,,,,,,,,,,,1,2,1,1,6
200500029268,0005-05-31 14:05:00,5,5,31,14,5,590,356.0,"560, DUNKERQUE AVENUE DE",,,Plein jour,En agglomération,Intersection en X,Normale,Autre collision,,,,,,,,,,,1,2,2,1,6
200500029269,0005-05-31 20:50:00,5,5,31,20,50,590,350.0,"102, FLANDRE RUE DE",,,Nuit avec éclairage allumé,En agglomération,Hors intersection,Normale,Autre collision,,,,,,,,,,,5,2,1,1,6
200500029270,0005-05-31 22:20:00,5,5,31,22,20,590,350.0,NATIONALE RUE N°RESTE IM,,,Nuit avec éclairage allumé,En agglomération,Intersection en X,Normale,Autre collision,,,,,,,,,,,5,2,2,1,6
200500029271,0005-05-23 08:00:00,5,5,23,8,0,590,378.0,"00, GUESDE JULES RUE",,,Plein jour,En agglomération,Intersection en T,Normale,Autre collision,,,,,,,,,,,1,2,3,1,6
200500029272,0005-05-17 20:50:00,5,5,17,20,50,590,378.0,"42, FLANDRE AVENUE DE",,,Nuit avec éclairage non allumé,En agglomération,Hors intersection,Normale,Autre collision,,,,,,,,,,,4,2,1,1,6
200500029273,0005-05-21 00:15:00,5,5,21,0,15,590,560.0,RESISTANCE RUE DES MARTY,,,Nuit avec éclairage allumé,En agglomération,Hors intersection,Pluie légère,Autre collision,,,,,,,,,,,5,2,1,2,6
200500029274,0005-05-03 17:05:00,5,5,3,17,5,590,365.0,AVESNES (ROUTE D'),,,Plein jour,En agglomération,Hors intersection,Normale,Sans collision,,,,,,,,,,,1,2,1,1,7
200500029275,0005-05-06 15:55:00,5,5,6,15,55,590,392.0,JEAN JAURES (AVENUE),,,Plein jour,En agglomération,Hors intersection,Normale,Autre collision,,,,,,,,,,,1,2,1,1,6
200500029276,0005-05-13 13:00:00,5,5,13,13,0,590,365.0,DIX-NEUF MARS 1962 (AVEN,,,Plein jour,En agglomération,Hors intersection,Normale,Autre collision,,,,,,,,,,,1,2,1,1,6
200500029277,0005-05-17 15:20:00,5,5,17,15,20,590,392.0,ROYAL (RUE),,,Plein jour,En agglomération,Intersection en T,Normale,Deux véhicules - côté,,,,,,,,,,,1,2,3,1,3
200500029278,0005-05-17 14:20:00,5,5,17,14,20,590,365.0,JULES GALLOIS (RUE),,,Plein jour,En agglomération,Intersection en T,Normale,Deux véhicules - côté,,,,,,,,,,,1,2,3,1,3
200500029279,0005-05-22 16:20:00,5,5,22,16,20,590,392.0,SCIERIE (RUE DE LA),,,Plein jour,En agglomération,Intersection en T,Normale,Deux véhicules - côté,,,,,,,,,,,1,2,3,1,3
200500029280,0005-05-27 13:50:00,5,5,27,13,50,590,392.0,HAUTMONT (RUE D'),,,Plein jour,En agglomération,Hors intersection,Normale,Autre collision,,,,,,,,,,,1,2,1,1,6
200500029281,0005-05-28 09:50:00,5,5,28,9,50,590,225.0,NEUF MESNIL (RUE DE),,,Plein jour,En agglomération,Intersection en X,Normale,Deux véhicules - côté,,,,,,,,,,,1,2,2,1,3
200500029282,0005-05-01 22:55:00,5,5,1,22,55,590,512.0,MOTTE (AVENUE ALFRED),,,Nuit avec éclairage allumé,En agglomération,Hors intersection,Normale,Deux véhicules - frontale,,,,,,,,,,,5,2,1,1,1
200500029283,0005-05-02 12:55:00,5,5,2,12,55,590,299.0,CD 700,,,Plein jour,En agglomération,Hors intersection,Normale,Trois véhicules et plus - collisions multiples,,,,,,,,,,,1,2,1,1,5
200500029284,0005-05-02 21:10:00,5,5,2,21,10,590,512.0,LANNOY (RUE DE),,,Nuit avec éclairage allumé,En agglomération,Hors intersection,Normale,Deux véhicules - côté,,,,,,,,,,,5,2,1,1,3
200500029285,0005-05-07 05:25:00,5,5,7,5,25,590,650.0,"0, STALINGRAD (RUE DE)",,,Nuit avec éclairage allumé,En agglomération,Hors intersection,Normale,Deux véhicules - côté,,,,,,,,,,,5,2,1,1,3
200500029286,0005-05-04 14:50:00,5,5,4,14,50,590,163.0,JAURES (RUE JEAN),,,Plein jour,En agglomération,Hors intersection,Pluie légère,Autre collision,,,,,,,,,,,1,2,1,2,6
200500029287,0005-05-04 17:20:00,5,5,4,17,20,590,650.0,ANTENNE SUD DE ROUBAIX,,,Plein jour,En agglomération,Hors intersection,Normale,Deux véhicules - frontale,,,,,,,,,,,1,2,1,1,1
200500029288,0005-05-30 14:15:00,5,5,30,14,15,590,299.0,TROIS BAUDETS (LIEUDIT L,,,Plein jour,En agglomération,Hors intersection,Pluie légère,Sans collision,,,,,,,,,,,1,2,1,2,7
200500029289,0005-05-30 19:25:00,5,5,30,19,25,590,299.0,CD 700,,,Crépuscule ou aube,En agglomération,Hors intersection,Normale,Deux véhicules - côté,,,,,,,,,,,2,2,1,1,3
200500029290,0005-05-28 17:15:00,5,5,28,17,15,590,339.0,EUROPE (AVENUE DE L'),,,Plein jour,En agglomération,Hors intersection,Normale,Trois véhicules et plus - collisions multiples,,,,,,,,,,,1,2,1,1,5
200500029291,0005-05-28 16:20:00,5,5,28,16,20,590,512.0,MONNET (RUE JEAN),,,Plein jour,En agglomération,Hors intersection,Normale,Autre collision,,,,,,,,,,,1,2,1,1,6
200500029292,0005-05-25 17:35:00,5,5,25,17,35,590,163.0,ACACIAS (HAMEAU LES),,,Plein jour,En agglomération,Hors intersection,Normale,Deux véhicules - arrière,,,,,,,,,,,1,2,1,1,2
200500029293,0005-05-26 15:00:00,5,5,26,15,0,590,299.0,CD 700,,,Plein jour,En agglomération,Hors intersection,Normale,Deux véhicules - côté,,,,,,,,,,,1,2,1,1,3
200500029294,0005-05-08 19:00:00,5,5,8,19,0,590,650.0,"36, CASTERMANT (RUE CHAR",,,Plein jour,En agglomération,Hors intersection,Pluie légère,Autre collision,,,,,,,,,,,1,2,1,2,6
200500029295,0005-05-19 19:50:00,5,5,19,19,50,590,512.0,"1, BEAUREWAERT (RUE DE)",,,Plein jour,Hors agglomération,Intersection en T,Normale,Autre collision,,,,,,,,,,,1,1,3,1,6
200500029296,0005-05-03 20:05:00,5,5,3,20,5,590,526.0,"315, AV E.COUTEAUX(COTE",,,Plein jour,En agglomération,Hors intersection,Normale,Deux véhicules - côté,,,,,,,,,,,1,2,1,1,3
200500029297,0005-05-13 00:25:00,5,5,13,0,25,590,284.0,"11, MARCEL SEMBAT",,,Nuit avec éclairage allumé,En agglomération,Intersection en T,Normale,Autre collision,,,,,,,,,,,5,2,3,1,6
200500029298,0005-05-27 21:40:00,5,5,27,21,40,590,113.0,ANICHE (RUE),,,Plein jour,En agglomération,Autre intersection,Normale,Deux véhicules - côté,,,,,,,,,,,1,2,9,1,3
200500029299,0005-05-30 17:25:00,5,5,30,17,25,590,574.0,PAIX(RUE),,,Plein jour,En agglomération,Hors intersection,Normale,Autre collision,,,,,,,,,,,1,2,1,1,6
200500029300,0005-05-02 08:25:00,5,5,2,8,25,590,599.0,YSER (RUE DE L'),,,Plein jour,En agglomération,Intersection en X,Pluie forte,Deux véhicules - côté,,,,,,,,,,,1,2,2,3,3
200500029301,0005-05-02 13:25:00,5,5,2,13,25,590,508.0,"38BIS, PASTEUR (RUE)",,,Plein jour,En agglomération,Hors intersection,Normale,Deux véhicules - côté,,,,,,,,,,,1,2,1,1,3
200500029302,0005-05-07 17:10:00,5,5,7,17,10,590,508.0,LILLE (RUE DE)LATERALE A,,,Plein jour,En agglomération,Hors intersection,Normale,Deux véhicules - côté,,,,,,,,,,,1,2,1,1,3
200500029303,0005-05-12 12:10:00,5,5,12,12,10,590,599.0,"126, SOUHAM (RUE DU GENE",,,Plein jour,En agglomération,Hors intersection,Normale,Autre collision,,,,,,,,,,,1,2,1,1,6
200500029304,0005-05-12 18:30:00,5,5,12,18,30,590,279.0,FLEURS (RUE DES),,,Plein jour,En agglomération,Intersection en Y,Normale,Sans collision,,,,,,,,,,,1,2,4,1,7
200500029305,0005-05-21 03:45:00,5,5,21,3,45,590,599.0,TURENNE (RUE DE),,,Nuit avec éclairage allumé,En agglomération,Intersection en X,Normale,Deux véhicules - côté,,,,,,,,,,,5,2,2,1,3
200500029306,0005-05-21 22:00:00,5,5,21,22,0,590,279.0,LEMIRE (RUE DE L'ABBE),,,Nuit avec éclairage allumé,En agglomération,Hors intersection,Normale,Sans collision,,,,,,,,,,,5,2,1,1,7
200500029307,0005-05-30 09:00:00,5,5,30,9,0,590,508.0,ARTS (RUE DES),,,Plein jour,En agglomération,Intersection en T,Pluie légère,Autre collision,,,,,,,,,,,1,2,3,2,6
200500029308,0005-05-03 13:40:00,5,5,3,13,40,590,606.0,LOMPREZ (RUE),,,Plein jour,En agglomération,Hors intersection,Normale,Autre collision,,,,,,,,,,,1,2,1,1,6
200500029309,0005-05-05 00:10:00,5,5,5,0,10,590,112.0,"629, JAURES (RUE JEAN)",,,Nuit avec éclairage allumé,En agglomération,Intersection en T,Pluie forte,Autre collision,,,,,,,,,,,5,2,3,3,6
200500029310,0005-05-07 10:30:00,5,5,7,10,30,590,79.0,"36, DELORY (RUE GUSTAVE)",,,Plein jour,En agglomération,Hors intersection,Pluie légère,Autre collision,,,,,,,,,,,1,2,1,2,6
200500029311,0005-05-01 12:45:00,5,5,1,12,45,590,14.0,"105, FRANCE (AVENUE ANAT",,,Plein jour,En agglomération,Hors intersection,Normale,Autre collision,,,,,,,,,,,1,2,1,1,6
200500029312,0005-05-13 22:55:00,5,5,13,22,55,590,479.0,"146, JAURES (AVENUE JEAN",,,Nuit avec éclairage allumé,En agglomération,Hors intersection,Normale,Autre collision,,,,,,,,,,,5,2,1,1,6
200500029313,0005-05-05 11:05:00,5,5,5,11,5,590,606.0,MACAREZ (RUE ERNEST),,,Plein jour,En agglomération,Giratoire,Normale,Autre collision,,,,,,,,,,,1,2,6,1,6
200500029314,0005-05-22 22:45:00,5,5,22,22,45,590,613.0,RD 50,,,Nuit avec éclairage allumé,Hors agglomération,Intersection en X,Normale,Deux véhicules - côté,,,,,,,,,,,5,1,2,1,3
200500029315,0005-05-25 19:30:00,5,5,25,19,30,590,557.0,RN 49,,,Plein jour,Hors agglomération,Hors intersection,Normale,Autre collision,,,,,,,,,,,1,1,1,1,6
200500029316,0005-05-12 18:30:00,5,5,12,18,30,590,564.0,"97, BASQUIN (RUE CHARLES",,,Plein jour,En agglomération,Hors intersection,Normale,Autre collision,,,,,,,,,,,1,2,1,1,6
200500029317,0005-05-26 13:45:00,5,5,26,13,45,590,32.0,"51, SALENGRO (PLACE ROGE",,,Plein jour,En agglomération,Intersection en T,Normale,Autre collision,,,,,,,,,,,1,2,3,1,6
200500029318,0005-05-31 16:25:00,5,5,31,16,25,590,491.0,"59, SALENGRO (RUE ROGER)",,,Plein jour,En agglomération,Hors intersection,Normale,Trois véhicules et plus - collisions multiples,,,,,,,,,,,1,2,1,1,5
200500029319,0005-05-07 10:25:00,5,5,7,10,25,590,606.0,DE GAULLE (PLACE CHARLES,,,Plein jour,En agglomération,Intersection à plus de 4 branches,Normale,Autre collision,,,,,,,,,,,1,2,5,1,6
200500029320,0005-05-26 07:45:00,5,5,26,7,45,590,606.0,FAIDHERBE (AVENUE),,,Plein jour,Hors agglomération,Intersection en X,Normale,Autre collision,,,,,,,,,,,1,1,2,1,6
200500029321,0005-05-22 12:25:00,5,5,22,12,25,590,475.0,"29, GARE (RUE DE LA)",,,Plein jour,En agglomération,Hors intersection,Normale,Autre collision,,,,,,,,,,,1,2,1,1,6
200500029322,0005-05-28 21:15:00,5,5,28,21,15,600,159.0,SAINT-LAZARE,,,Crépuscule ou aube,En agglomération,Intersection en T,Normale,Deux véhicules - côté,,,,,,,,,,,2,2,3,1,3
200500029323,0005-05-05 12:45:00,5,5,5,12,45,600,601.0,"10, LA FONTAINE (RUE)",,,Plein jour,En agglomération,Hors intersection,Normale,Autre collision,,,,,,,,,,,1,2,1,1,6
200500029324,0005-05-12 08:00:00,5,5,12,8,0,600,601.0,"000, BRANLY (RUE EDOUARD",,,Plein jour,En agglomération,Intersection en T,Normale,Deux véhicules - côté,,,,,,,,,,,1,2,3,1,3
200500029325,0005-05-10 18:05:00,5,5,10,18,5,600,414.0,"63, JAURES (RUE JEAN)",,,Plein jour,En agglomération,Hors intersection,Normale,Sans collision,,,,,,,,,,,1,2,1,1,7
200500029326,0005-05-07 11:05:00,5,5,7,11,5,600,463.0,", EUROPE (AVENUE DE L')",,,Plein jour,En agglomération,Autre intersection,Normale,Deux véhicules - côté,,,,,,,,,,,1,2,9,1,3
200500029327,0005-05-17 19:10:00,5,5,17,19,10,600,414.0,"8, LESIOUR (RUE)",,,Plein jour,En agglomération,Hors intersection,Normale,Deux véhicules - côté,,,,,,,,,,,1,2,1,1,3
200500029328,0005-05-16 17:40:00,5,5,16,17,40,600,601.0,"21, PLESSIS POMMERAYE (R",,,Plein jour,En agglomération,Hors intersection,Normale,Autre collision,,,,,,,,,,,1,2,1,1,6
200500029329,0005-05-09 08:45:00,5,5,9,8,45,600,463.0,"106, FAIDHERBES (RUE)",,,Plein jour,En agglomération,Hors intersection,Normale,Deux véhicules - côté,,,,,,,,,,,1,2,1,1,3
200500029330,0005-05-28 15:20:00,5,5,28,15,20,600,601.0,"27, REPUBLIQUE (RUE DE L",,,Plein jour,En agglomération,Hors intersection,Normale,Autre collision,,,,,,,,,,,1,2,1,1,6
200500029331,0005-05-27 10:30:00,5,5,27,10,30,600,601.0,RD 201_SORTIE 201_ACCES,,,Plein jour,En agglomération,Hors intersection,Normale,Deux véhicules - côté,,,,,,,,,,,1,2,1,1,3
200500029332,0005-05-30 20:10:00,5,5,30,20,10,600,601.0,REPUBLIQUE (RUE DE LA),,,Plein jour,En agglomération,Intersection en X,Normale,Deux véhicules - côté,,,,,,,,,,,1,2,2,1,3
200500029333,0005-05-31 21:50:00,5,5,31,21,50,600,463.0,SAINT-EXUPERY (RUE DE)_S,,,Crépuscule ou aube,En agglomération,Hors intersection,Normale,Deux véhicules - côté,,,,,,,,,,,2,2,1,1,3
200500029334,0005-05-11 21:15:00,5,5,11,21,15,610,1.0,"38, GENERAL DE GAULLE (P",,,Nuit avec éclairage allumé,En agglomération,Hors intersection,Normale,Deux véhicules - arrière,,,,,,,,,,,5,2,1,1,2
200500029335,0005-05-31 22:00:00,5,5,31,22,0,610,1.0,"193, TISONS (RUE DES)",,,Nuit avec éclairage allumé,En agglomération,Hors intersection,Normale,Autre collision,,,,,,,,,,,5,2,1,1,6
200500029336,0005-05-01 14:30:00,5,5,1,14,30,610,169.0,FOUQUERIE SUD (LA),,,Plein jour,Hors agglomération,Hors intersection,Normale,Sans collision,,,,,,,,,,,1,1,1,1,7
200500029337,0005-05-01 18:20:00,5,5,1,18,20,610,218.0,REBION (LIEU-DIT),,,Plein jour,En agglomération,Hors intersection,Normale,Sans collision,,,,,,,,,,,1,2,1,1,7
200500029338,0005-05-03 19:20:00,5,5,3,19,20,610,169.0,"55, DOMFRONT (ROUTE DE)",,,Plein jour,En agglomération,Hors intersection,Normale,Sans collision,,,,,,,,,,,1,2,1,1,7
200500029339,0005-05-10 16:15:00,5,5,10,16,15,610,169.0,", SCHNETZ (RUE)",,,Plein jour,En agglomération,Hors intersection,Normale,Deux véhicules - côté,,,,,,,,,,,1,2,1,1,3
200500029340,0005-05-13 08:30:00,5,5,13,8,30,610,169.0,", CALIGNY (RUE DE)",,,Plein jour,En agglomération,Hors intersection,Normale,Autre collision,,,,,,,,,,,1,2,1,1,6
200500029341,0005-05-28 10:00:00,5,5,28,10,0,610,169.0,"24, SIX JUIN (RUE DU)",,,Plein jour,En agglomération,Hors intersection,Normale,Sans collision,,,,,,,,,,,1,2,1,1,7
200500029342,0005-05-01 11:00:00,5,5,1,11,0,620,41.0,CRINCHON (DU),,,Plein jour,En agglomération,Intersection en Y,Normale,Autre collision,,,,,,,,,,,1,2,4,1,6
200500029343,0005-05-01 17:35:00,5,5,1,17,35,620,41.0,CITE DU POLYGONE,,,Plein jour,En agglomération,Hors intersection,Normale,Autre collision,,,,,,,,,,,1,2,1,1,6
200500029344,0005-05-03 15:25:00,5,5,3,15,25,620,41.0,"51, LIBERTE ( BD DE LA )",,,Plein jour,En agglomération,Hors intersection,Normale,Autre collision,,,,,,,,,,,1,2,1,1,6
200500029345,0005-05-26 11:40:00,5,5,26,11,40,620,753.0,R D 260,,,Plein jour,En agglomération,Hors intersection,Normale,Deux véhicules - côté,,,,,,,,,,,1,2,1,1,3
200500029346,0005-05-05 21:05:00,5,5,5,21,5,620,48.0,"36, RAOUL BRIQUET (RUE)",,,Crépuscule ou aube,En agglomération,Hors intersection,Normale,Autre collision,,,,,,,,,,,2,2,1,1,6
200500029347,0005-05-11 21:30:00,5,5,11,21,30,620,48.0,BEUGNET (CASIMIR),,,Crépuscule ou aube,En agglomération,Hors intersection,Normale,Autre collision,,,,,,,,,,,2,2,1,1,6
200500029348,0005-05-16 15:30:00,5,5,16,15,30,620,48.0,"21, MALRAUX ANDRE (RUE)",,,Plein jour,En agglomération,Intersection en T,Normale,Deux véhicules - côté,,,,,,,,,,,1,2,3,1,3
200500029349,0005-05-02 14:00:00,5,5,2,14,0,620,570.0,"60, SIMON (PIERRE)",,,Plein jour,En agglomération,Hors intersection,Normale,Deux véhicules - arrière,,,,,,,,,,,1,2,1,1,2
200500029350,0005-05-08 20:56:00,5,5,8,20,56,620,65.0,THOREZ  (BD MAURICE),,,Crépuscule ou aube,En agglomération,Hors intersection,Pluie légère,Autre collision,,,,,,,,,,,2,2,1,2,6
200500029351,0005-05-26 07:50:00,5,5,26,7,50,620,724.0,"71, DE GAULLE (DU GENERA",,,Plein jour,En agglomération,Intersection en T,Normale,Deux véhicules - côté,,,,,,,,,,,1,2,3,1,3
200500029352,0005-05-29 14:20:00,5,5,29,14,20,620,570.0,"22, DIX MARS (AVENUE DU)",,,Plein jour,En agglomération,Hors intersection,Normale,Deux véhicules - arrière,,,,,,,,,,,1,2,1,1,2
200500029353,0005-05-01 20:19:00,5,5,1,20,19,620,846.0,NATIONALE ( ROUTE ),,,Nuit sans éclairage public,Hors agglomération,Hors intersection,Normale,Deux véhicules - côté,,,,,,,,,,,3,1,1,1,3
200500029354,0005-05-15 20:25:00,5,5,15,20,25,620,35.0,CAMUS ( RUE ALBERT ),,,Plein jour,En agglomération,Intersection en Y,Normale,Deux véhicules - côté,,,,,,,,,,,1,2,4,1,3
200500029355,0005-05-13 14:20:00,5,5,13,14,20,620,119.0,MOULIN ( BOULEVARD JEAN,,,Plein jour,En agglomération,Intersection en X,Normale,Autre collision,,,,,,,,,,,1,2,2,1,6
200500029356,0005-05-17 16:30:00,5,5,17,16,30,620,119.0,"604, LILLE ( RUE DE )",,,Plein jour,En agglomération,Intersection en X,Normale,Autre collision,,,,,,,,,,,1,2,2,1,6
200500029357,0005-05-22 20:35:00,5,5,22,20,35,620,34.0,RN 41,,,Plein jour,En agglomération,Intersection en X,Normale,Deux véhicules - côté,,,,,,,,,,,1,2,2,1,3
200500029358,0005-05-23 14:15:00,5,5,23,14,15,620,126.0,YOURCENAR ( RUE MARGUERI,,,Plein jour,En agglomération,Hors intersection,Normale,Deux véhicules - arrière,,,,,,,,,,,1,2,1,1,2
200500029359,0005-05-15 17:45:00,5,5,15,17,45,620,160.0,"20, GAMBETTA (Quai Léon)",,,Plein jour,En agglomération,Hors intersection,Normale,Sans collision,,,,,,,,,,,1,2,1,1,7
200500029360,0005-05-13 15:40:00,5,5,13,15,40,620,160.0,"0, DIDEROT (Bld)",,,Plein jour,En agglomération,Hors intersection,Pluie légère,Sans collision,,,,,,,,,,,1,2,1,2,7
200500029361,0005-05-14 05:20:00,5,5,14,5,20,620,160.0,"196, SAINTE BEUVE (Bld)",,,Crépuscule ou aube,En agglomération,Hors intersection,Normale,Autre collision,,,,,,,,,,,2,2,1,1,6
200500029362,0005-05-18 12:20:00,5,5,18,12,20,620,160.0,"0, ENTENTE CORDIALE (Pon",,,Plein jour,En agglomération,Hors intersection,Normale,Sans collision,,,,,,,,,,,1,2,1,1,7
200500029363,0005-05-09 11:40:00,5,5,9,11,40,620,178.0,"761, A. FRANCE",,,Plein jour,En agglomération,Hors intersection,Normale,Autre collision,,,,,,,,,,,1,2,1,1,6
200500029364,0005-05-01 19:05:00,5,5,1,19,5,620,193.0,LOIRE (QUAI DE LA),,,Plein jour,En agglomération,Hors intersection,Normale,Deux véhicules - arrière,,,,,,,,,,,1,2,1,1,2
200500029365,0005-05-25 05:40:00,5,5,25,5,40,620,193.0,"2850, RN 43",,,Crépuscule ou aube,En agglomération,Hors intersection,Normale,Autre collision,,,,,,,,,,,2,2,1,1,6
200500029366,0005-05-29 19:10:00,5,5,29,19,10,620,193.0,"253, ROGER SALENGRO (AVE",,,Plein jour,En agglomération,Hors intersection,Pluie légère,Deux véhicules - côté,,,,,,,,,,,1,2,1,2,3
200500029367,0005-05-03 20:25:00,5,5,3,20,25,620,907.0,"114, SCHUMANN (BD )",,,Plein jour,En agglomération,Hors intersection,Normale,Deux véhicules - frontale,,,,,,,,,,,1,2,1,1,1