accident_id,datetime,annee,mois,jour,heure,minute,departement,commune_insee,adresse,latitude,longitude,luminosite,agglomeration,intersection,meteo,collision,nb_vehicules,nb_usagers,nb_indemnes,nb_tues,nb_blesses_hosp,nb_blesses_legers,age_cond_1,age_cond_2,veh_type_cond_1,veh_type_cond_2,lum_code,agg_code,int_code,atm_code,col_code
200500029368,0005-05-09 23:09:00,5,5,9,23,9,620,250.0,"67, LAMENDIN (R ARTHUR)",,,Nuit avec éclairage allumé,En agglomération,Hors intersection,Normale,Autre collision,,,,,,,,,,,5,2,1,1,6
200500029369,0005-05-01 14:35:00,5,5,1,14,35,620,250.0,"sans, OIGNIES (RTE D')",,,Plein jour,En agglomération,Hors intersection,Normale,Autre collision,,,,,,,,,,,1,2,1,1,6
200500029370,0005-05-15 17:55:00,5,5,15,17,55,620,637.0,"01, DUPARCQ (R MARIE-JEA",,,Plein jour,En agglomération,Hors intersection,Normale,Autre collision,,,,,,,,,,,1,2,1,1,6
200500029371,0005-05-25 16:45:00,5,5,25,16,45,620,413.0,"29, LENS (RTE DE)",,,Plein jour,En agglomération,Hors intersection,Normale,Autre collision,,,,,,,,,,,1,2,1,1,6
200500029372,0005-05-26 16:40:00,5,5,26,16,40,620,215.0,"13, MOULIN (R  JEAN)",,,Plein jour,En agglomération,Intersection en T,Normale,Autre collision,,,,,,,,,,,1,2,3,1,6
200500029373,0005-05-31 21:50:00,5,5,31,21,50,620,413.0,"sans, BELGRADE (R DE)",,,Nuit avec éclairage allumé,En agglomération,Intersection en X,Normale,Deux véhicules - côté,,,,,,,,,,,5,2,2,1,3
200500029374,0005-05-05 13:10:00,5,5,5,13,10,620,270.0,"45, BASLY (RUE EMILE)",,,Plein jour,En agglomération,Hors intersection,Normale,Deux véhicules - côté,,,,,,,,,,,1,2,1,1,3
200500029375,0005-05-07 18:05:00,5,5,7,18,5,620,427.0,"99, ABBAYE (R DE L' )",,,Plein jour,En agglomération,Intersection en T,Normale,Deux véhicules - côté,,,,,,,,,,,1,2,3,1,3
200500029376,0005-05-08 16:10:00,5,5,8,16,10,620,587.0,"0, MANTES (R DE)",,,Plein jour,En agglomération,Intersection en T,Normale,Deux véhicules - côté,,,,,,,,,,,1,2,3,1,3
200500029377,0005-05-08 08:05:00,5,5,8,8,5,620,427.0,"0, PASTEUR (R )",,,Plein jour,En agglomération,Intersection en X,Normale,Deux véhicules - côté,,,,,,,,,,,1,2,2,1,3
200500029378,0005-05-11 10:20:00,5,5,11,10,20,620,133.0,"0, REPUBLIQUE (AV. DE LA",,,Plein jour,En agglomération,Intersection en T,Normale,Deux véhicules - côté,,,,,,,,,,,1,2,3,1,3
200500029379,0005-05-24 16:10:00,5,5,24,16,10,620,249.0,"0, RD 160",,,Plein jour,En agglomération,Intersection en X,Normale,Deux véhicules - côté,,,,,,,,,,,1,2,2,1,3
200500029380,0005-05-31 13:30:00,5,5,31,13,30,620,427.0,BORD DES EAUX (CHE. DU),,,Plein jour,En agglomération,Hors intersection,Normale,Autre collision,,,,,,,,,,,1,2,1,1,6
200500029381,0005-05-05 19:35:00,5,5,5,19,35,620,587.0,"147, HARNES (RTE D')",,,Plein jour,En agglomération,Intersection en T,Normale,Deux véhicules - côté,,,,,,,,,,,1,2,3,1,3
200500029382,0005-05-12 16:30:00,5,5,12,16,30,620,587.0,"0, CHEMIN DEPARTEMENTAL",,,Plein jour,En agglomération,Hors intersection,Normale,Trois véhicules et plus - collisions multiples,,,,,,,,,,,1,2,1,1,5
200500029383,0005-05-19 10:50:00,5,5,19,10,50,620,351.0,"0, RN43",,,Plein jour,En agglomération,Hors intersection,Normale,Autre collision,,,,,,,,,,,1,2,1,1,6
200500029384,0005-05-25 11:40:00,5,5,25,11,40,620,249.0,"61, BRIQUET (R RAOUL)",,,Plein jour,En agglomération,Hors intersection,Normale,Autre collision,,,,,,,,,,,1,2,1,1,6
200500029385,0005-05-04 13:04:00,5,5,4,13,4,620,464.0,"XXXXXXXX, SALENGRO (R RO",,,Plein jour,En agglomération,Hors intersection,Normale,Autre collision,,,,,,,,,,,1,2,1,1,6
200500029386,0005-05-05 19:00:00,5,5,5,19,0,620,498.0,"XXXXXXXX, COLOMB (R CHRI",,,Plein jour,En agglomération,Hors intersection,Normale,Autre collision,,,,,,,,,,,1,2,1,1,6
200500029387,0005-05-09 09:05:00,5,5,9,9,5,620,842.0,"XXXXXXXX, WINGLES (RTE D",,,Plein jour,En agglomération,Hors intersection,Normale,Autre collision,,,,,,,,,,,1,2,1,1,6
200500029388,0005-05-07 23:12:00,5,5,7,23,12,620,771.0,"XXXXXXXX, VAILLANT (R ED",,,Nuit avec éclairage allumé,En agglomération,Hors intersection,Temps couvert,Autre collision,,,,,,,,,,,5,2,1,8,6
200500029389,0005-05-12 13:56:00,5,5,12,13,56,620,498.0,"XXXXXXXX, BASSEE (RTE DE",,,Plein jour,En agglomération,Hors intersection,Normale,Autre collision,,,,,,,,,,,1,2,1,1,6
200500029390,0005-05-08 11:32:00,5,5,8,11,32,620,842.0,"XXXXXXXXX, RN 47",,,Plein jour,En agglomération,Hors intersection,Normale,Autre collision,,,,,,,,,,,1,2,1,1,6
200500029391,0005-05-13 23:17:00,5,5,13,23,17,620,498.0,"XXXXXXXX, GARE (R DE LA)",,,Nuit avec éclairage allumé,En agglomération,Intersection en T,Normale,Autre collision,,,,,,,,,,,5,2,3,1,6
200500029392,0005-05-20 22:17:00,5,5,20,22,17,620,842.0,"81, DOLET (R ETIENNE)",,,Crépuscule ou aube,En agglomération,Hors intersection,Normale,Autre collision,,,,,,,,,,,2,2,1,1,6
200500029393,0005-05-13 11:51:00,5,5,13,11,51,620,498.0,"99, BASLY (BD EMILE)",,,Plein jour,En agglomération,Hors intersection,Normale,Autre collision,,,,,,,,,,,1,2,1,1,6
200500029394,0005-05-20 15:12:00,5,5,20,15,12,620,498.0,"8, BETHUNE (RTE DE)",,,Plein jour,En agglomération,Hors intersection,Normale,Autre collision,,,,,,,,,,,1,2,1,1,6
200500029395,0005-05-28 19:36:00,5,5,28,19,36,620,498.0,"XXXXXXXX, GRAND CONDE (A",,,Plein jour,En agglomération,Intersection en X,Normale,Autre collision,,,,,,,,,,,1,2,2,1,6
200500029396,0005-05-27 14:15:00,5,5,27,14,15,620,771.0,"XXXXXXXX, MADELEINE (R D",,,Plein jour,En agglomération,Intersection en T,Temps éblouissant,Autre collision,,,,,,,,,,,1,2,3,7,6
200500029397,0005-05-27 17:32:00,5,5,27,17,32,620,523.0,"XXXXXXXX, LILLE (RTE DE)",,,Plein jour,En agglomération,Hors intersection,Normale,Autre collision,,,,,,,,,,,1,2,1,1,6
200500029398,0005-05-01 12:05:00,5,5,1,12,5,620,186.0,"., DESFOSSE (R ROBERT)",,,Plein jour,En agglomération,Hors intersection,Normale,Deux véhicules - arrière,,,,,,,,,,,1,2,1,1,2
200500029399,0005-05-06 07:35:00,5,5,6,7,35,620,386.0,"., BEUGNET (R CASIMIR)",,,Crépuscule ou aube,En agglomération,Giratoire,Normale,Deux véhicules - arrière,,,,,,,,,,,2,2,6,1,2
200500029400,0005-05-13 12:25:00,5,5,13,12,25,620,386.0,"., MARTINIQUE (R DE LA)",,,Plein jour,En agglomération,Hors intersection,Normale,Autre collision,,,,,,,,,,,1,2,1,1,6
200500029401,0005-05-14 22:45:00,5,5,14,22,45,620,510.0,"., CHANZY (R)",,,Nuit avec éclairage allumé,En agglomération,Intersection en X,Normale,Deux véhicules - côté,,,,,,,,,,,5,2,2,1,3
200500029402,0005-05-18 12:10:00,5,5,18,12,10,620,563.0,"., DECATOIRE (R  ALPHONS",,,Plein jour,En agglomération,Hors intersection,Normale,Autre collision,,,,,,,,,,,1,2,1,1,6
200500029403,0005-05-21 18:30:00,5,5,21,18,30,620,386.0,"., PLAINE (BD DE LA)",,,Plein jour,En agglomération,Hors intersection,Normale,Autre collision,,,,,,,,,,,1,2,1,1,6
200500029404,0005-05-29 16:40:00,5,5,29,16,40,620,510.0,"., BALMAT (R JACQUES)",,,Plein jour,En agglomération,Autre intersection,Normale,Deux véhicules - côté,,,,,,,,,,,1,2,9,1,3
200500029405,0005-05-20 13:55:00,5,5,20,13,55,620,32.0,"., SALENGRO (R ROGER)",,,Plein jour,En agglomération,Hors intersection,Normale,Autre collision,,,,,,,,,,,1,2,1,1,6
200500029406,0005-05-26 16:40:00,5,5,26,16,40,620,516.0,"17, AIRE",,,Plein jour,En agglomération,Hors intersection,Normale,Deux véhicules - arrière,,,,,,,,,,,1,2,1,1,2
200500029407,0005-05-01 00:20:00,5,5,1,0,20,620,555.0,JAURES (RUE JEAN ),,,Nuit sans éclairage public,En agglomération,Hors intersection,Normale,Sans collision,,,,,,,,,,,3,2,1,1,7
200500029408,0005-05-21 10:45:00,5,5,21,10,45,620,555.0,CORPS DE BOIS (HAMEAU DU,,,Plein jour,En agglomération,Intersection en X,Normale,Deux véhicules - côté,,,,,,,,,,,1,2,2,1,3
200500029409,0005-05-05 19:20:00,5,5,5,19,20,620,617.0,"19, BOULOGNE (RUE DE)",,,Plein jour,En agglomération,Hors intersection,Normale,Autre collision,,,,,,,,,,,1,2,1,1,6
200500029410,0005-05-01 20:20:00,5,5,1,20,20,630,113.0,"1, VIVIANI (RUE)",,,Plein jour,En agglomération,Intersection en X,Normale,Deux véhicules - côté,,,,,,,,,,,1,2,2,1,3
200500029411,0005-05-02 17:45:00,5,5,2,17,45,630,113.0,"1, DUMAS (BD J.BAPTISTE)",,,Plein jour,Hors agglomération,Hors intersection,Normale,Deux véhicules - frontale,,,,,,,,,,,1,1,1,1,1
200500029412,0005-05-03 09:25:00,5,5,3,9,25,630,14.0,"2, CHAUTARD (RUE)",,,Plein jour,En agglomération,Intersection en T,Pluie légère,Deux véhicules - côté,,,,,,,,,,,1,2,3,2,3
200500029413,0005-05-03 18:00:00,5,5,3,18,0,630,113.0,"83, SENEZE (RUE J.AUGUST",,,Plein jour,Hors agglomération,Hors intersection,Normale,Autre collision,,,,,,,,,,,1,1,1,1,6
200500029414,0005-05-04 09:30:00,5,5,4,9,30,630,113.0,"122, BLUM (AVENUE LEON)",,,Plein jour,En agglomération,Hors intersection,Normale,Deux véhicules - arrière,,,,,,,,,,,1,2,1,1,2
200500029415,0005-05-04 10:30:00,5,5,4,10,30,630,113.0,"1, MEUNIERS (RUE DES)",,,Plein jour,En agglomération,Hors intersection,Normale,Deux véhicules - côté,,,,,,,,,,,1,2,1,1,3
200500029416,0005-05-04 12:20:00,5,5,4,12,20,630,113.0,"2, MAILHOT (RUE JACQUES)",,,Plein jour,En agglomération,Intersection en T,Normale,Deux véhicules - frontale,,,,,,,,,,,1,2,3,1,1
200500029417,0005-05-04 15:00:00,5,5,4,15,0,630,113.0,"1, VERLAINE (IMPASSE)",,,Plein jour,En agglomération,Intersection en X,Normale,Deux véhicules - côté,,,,,,,,,,,1,2,2,1,3
200500029418,0005-05-05 13:30:00,5,5,5,13,30,630,113.0,"2, MOULIN (BD JEAN)",,,Plein jour,En agglomération,Hors intersection,Normale,Trois véhicules et plus - collisions multiples,,,,,,,,,,,1,2,1,1,5
200500029419,0005-05-05 13:55:00,5,5,5,13,55,630,113.0,"41, SABLON (COURS)",,,Plein jour,En agglomération,Autre intersection,Normale,Autre collision,,,,,,,,,,,1,2,9,1,6
200500029420,0005-05-05 16:05:00,5,5,5,16,5,630,113.0,"1, CHAMPRATEL (RUE DE)",,,Plein jour,En agglomération,Intersection en X,Normale,Deux véhicules - côté,,,,,,,,,,,1,2,2,1,3
200500029421,0005-05-06 14:20:00,5,5,6,14,20,630,113.0,"51, PASTEUR (BD)",,,Plein jour,En agglomération,Hors intersection,Normale,Autre collision,,,,,,,,,,,1,2,1,1,6
200500029422,0005-05-06 19:10:00,5,5,6,19,10,630,113.0,JOUHAUX (BD LEON),,,Plein jour,En agglomération,Hors intersection,Normale,Deux véhicules - côté,,,,,,,,,,,1,2,1,1,3
200500029423,0005-05-06 19:40:00,5,5,6,19,40,630,113.0,ETOILE (RUE DE L'),,,Plein jour,En agglomération,Intersection en T,Normale,Deux véhicules - côté,,,,,,,,,,,1,2,3,1,3
200500029424,0005-05-07 13:40:00,5,5,7,13,40,630,113.0,"1, RIBOT (RUE ALEXANDRE)",,,Plein jour,En agglomération,Hors intersection,Normale,Sans collision,,,,,,,,,,,1,2,1,1,7
200500029425,0005-05-07 17:45:00,5,5,7,17,45,630,32.0,"699, EUROPE (AVENUE DE L",,,Plein jour,En agglomération,Hors intersection,Normale,Autre collision,,,,,,,,,,,1,2,1,1,6
200500029426,0005-05-09 13:10:00,5,5,9,13,10,630,113.0,CHANTERANNE (RUE DE),,,Plein jour,En agglomération,Autre intersection,Normale,Deux véhicules - côté,,,,,,,,,,,1,2,9,1,3
200500029427,0005-05-09 18:00:00,5,5,9,18,0,630,75.0,CLAUSSAT (AVENUE JOSEPH),,,Plein jour,En agglomération,Hors intersection,Normale,Autre collision,,,,,,,,,,,1,2,1,1,6
200500029428,0005-05-10 16:10:00,5,5,10,16,10,630,113.0,"1, RECLUS (AVENUE ELISEE",,,Plein jour,Hors agglomération,Hors intersection,Normale,Deux véhicules - côté,,,,,,,,,,,1,1,1,1,3
200500029429,0005-05-10 18:50:00,5,5,10,18,50,630,113.0,"38, BERTEAUX (RUE)",,,Plein jour,En agglomération,Intersection en X,Normale,Deux véhicules - côté,,,,,,,,,,,1,2,2,1,3
200500029430,0005-05-11 16:10:00,5,5,11,16,10,630,14.0,"60, COURNON (AVENUE DE)",,,Plein jour,En agglomération,Hors intersection,Normale,Autre collision,,,,,,,,,,,1,2,1,1,6
200500029431,0005-05-12 01:40:00,5,5,12,1,40,630,113.0,"1, LAFAYETTE (BD)",,,Nuit avec éclairage allumé,En agglomération,Intersection en X,Normale,Deux véhicules - côté,,,,,,,,,,,5,2,2,1,3
200500029432,0005-05-12 11:20:00,5,5,12,11,20,630,113.0,"20, CROUEL (RUE DE)",,,Plein jour,En agglomération,Hors intersection,Normale,Deux véhicules - arrière,,,,,,,,,,,1,2,1,1,2
200500029433,0005-05-12 21:30:00,5,5,12,21,30,630,113.0,RECLUS (AVENUE ELISEE),,,Nuit sans éclairage public,Hors agglomération,Autre intersection,Normale,Deux véhicules - côté,,,,,,,,,,,3,1,9,1,3
200500029434,0005-05-14 01:35:00,5,5,14,1,35,630,113.0,"0, POMPIDOU (BD GEORGES)",,,Nuit sans éclairage public,En agglomération,Hors intersection,Normale,Sans collision,,,,,,,,,,,3,2,1,1,7
200500029435,0005-05-14 14:40:00,5,5,14,14,40,630,113.0,"169, CHAMPFLEURI (RUE DE",,,Plein jour,En agglomération,Hors intersection,Normale,Deux véhicules - frontale,,,,,,,,,,,1,2,1,1,1
200500029436,0005-05-17 10:35:00,5,5,17,10,35,630,14.0,GANNE (CHEMIN DE LA),,,Plein jour,En agglomération,Hors intersection,Normale,Autre collision,,,,,,,,,,,1,2,1,1,6
200500029437,0005-05-17 10:45:00,5,5,17,10,45,630,113.0,"58, MONTALEMBERT (RUE)",,,Plein jour,En agglomération,Hors intersection,Normale,Deux véhicules - arrière,,,,,,,,,,,1,2,1,1,2
200500029438,0005-05-17 17:55:00,5,5,17,17,55,630,113.0,CORDELIERS (PLACE DES),,,Plein jour,En agglomération,Hors intersection,Normale,Autre collision,,,,,,,,,,,1,2,1,1,6
200500029439,0005-05-18 09:45:00,5,5,18,9,45,630,75.0,"118, CLAUSSAT (AVENUE JO",,,Plein jour,En agglomération,Hors intersection,Normale,Trois véhicules et plus - collisions multiples,,,,,,,,,,,1,2,1,1,5
200500029440,0005-05-18 11:20:00,5,5,18,11,20,630,113.0,"40, GRANDE BRETAGNE (AVE",,,Plein jour,En agglomération,Hors intersection,Normale,Deux véhicules - côté,,,,,,,,,,,1,2,1,1,3
200500029441,0005-05-18 15:35:00,5,5,18,15,35,630,113.0,"18, LECLERC (AVENUE DU M",,,Plein jour,En agglomération,Hors intersection,Normale,Deux véhicules - arrière,,,,,,,,,,,1,2,1,1,2
200500029442,0005-05-19 18:20:00,5,5,19,18,20,630,113.0,CHARME (RUE DE LA),,,Plein jour,Hors agglomération,Hors intersection,Normale,Autre collision,,,,,,,,,,,1,1,1,1,6
200500029443,0005-05-20 07:50:00,5,5,20,7,50,630,113.0,"0, BARBUSSE (RUE HENRI)",,,Plein jour,En agglomération,Hors intersection,Normale,Autre collision,,,,,,,,,,,1,2,1,1,6
200500029444,0005-05-20 08:10:00,5,5,20,8,10,630,113.0,"40, MERMOZ (AVENUE JEAN)",,,Plein jour,En agglomération,Hors intersection,Normale,Sans collision,,,,,,,,,,,1,2,1,1,7
200500029445,0005-05-22 05:35:00,5,5,22,5,35,630,113.0,"174, LAFAYETTE (BD)",,,Nuit avec éclairage allumé,En agglomération,Autre intersection,Normale,Deux véhicules - arrière,,,,,,,,,,,5,2,9,1,2
200500029446,0005-05-23 17:55:00,5,5,23,17,55,630,113.0,"0, BELLEVUE (RUE DE)",,,Plein jour,En agglomération,Hors intersection,Normale,Autre collision,,,,,,,,,,,1,2,1,1,6
200500029447,0005-05-26 16:40:00,5,5,26,16,40,630,113.0,"4, BLANZAT (RUE DE)",,,Plein jour,En agglomération,Hors intersection,Normale,Deux véhicules - côté,,,,,,,,,,,1,2,1,1,3
200500029448,0005-05-26 18:50:00,5,5,26,18,50,630,14.0,"20, ROUSSILLON (AVENUE D",,,Plein jour,En agglomération,Intersection en X,Normale,Autre collision,,,,,,,,,,,1,2,2,1,6
200500029449,0005-05-27 09:10:00,5,5,27,9,10,630,113.0,"13, JAURES (BD JEAN)",,,Plein jour,En agglomération,Hors intersection,Normale,Autre collision,,,,,,,,,,,1,2,1,1,6
200500029450,0005-05-27 12:00:00,5,5,27,12,0,630,113.0,"1, BLERIOT (AVENUE LOUIS",,,Plein jour,Hors agglomération,Hors intersection,Normale,Trois véhicules et plus - en chaîne,,,,,,,,,,,1,1,1,1,4
200500029451,0005-05-27 16:15:00,5,5,27,16,15,630,113.0,QUINET (BD EDGAR),,,Plein jour,En agglomération,Hors intersection,Normale,Deux véhicules - côté,,,,,,,,,,,1,2,1,1,3
200500029452,0005-05-27 22:50:00,5,5,27,22,50,630,75.0,"1, BERTHELOT (BOULEVARD)",,,Nuit avec éclairage allumé,En agglomération,Autre intersection,Normale,Autre collision,,,,,,,,,,,5,2,9,1,6
200500029453,0005-05-27 19:20:00,5,5,27,19,20,630,113.0,"67, DOLET (RUE ETIENNE)",,,Crépuscule ou aube,En agglomération,Hors intersection,Normale,Autre collision,,,,,,,,,,,2,2,1,1,6
200500029454,0005-05-28 19:30:00,5,5,28,19,30,630,113.0,SERBIE (RUE DE),,,Plein jour,En agglomération,Intersection en X,Normale,Autre collision,,,,,,,,,,,1,2,2,1,6
200500029455,0005-05-29 13:30:00,5,5,29,13,30,630,32.0,"15, ALSACE (RUE D')",,,Plein jour,En agglomération,Hors intersection,Normale,Autre collision,,,,,,,,,,,1,2,1,1,6
200500029456,0005-05-30 12:45:00,5,5,30,12,45,630,113.0,"53, SABLON (COURS)",,,Plein jour,En agglomération,Hors intersection,Normale,Autre collision,,,,,,,,,,,1,2,1,1,6
200500029457,0005-05-31 19:10:00,5,5,31,19,10,630,113.0,"34, CHATEAU DES VERGNES",,,Plein jour,En agglomération,Hors intersection,Normale,Sans collision,,,,,,,,,,,1,2,1,1,7
200500029458,0005-05-31 19:50:00,5,5,31,19,50,630,113.0,"1, ORADOU (RUE DE L')",,,Plein jour,En agglomération,Autre intersection,Normale,Autre collision,,,,,,,,,,,1,2,9,1,6
200500029459,0005-05-31 20:10:00,5,5,31,20,10,630,32.0,"0, POURLIAT (ROND-POINT",,,Plein jour,Hors agglomération,Hors intersection,Normale,Autre collision,,,,,,,,,,,1,1,1,1,6
200500029460,0005-05-12 10:15:00,5,5,12,10,15,630,124.0,LIVRADOIS (AVENUE DU),,,Plein jour,En agglomération,Intersection en X,Normale,Deux véhicules - côté,,,,,,,,,,,1,2,2,1,3
200500029461,0005-05-25 08:40:00,5,5,25,8,40,630,193.0,ROCHELLE (RUE DE LA),,,Plein jour,En agglomération,Hors intersection,Normale,Sans collision,,,,,,,,,,,1,2,1,1,7
200500029462,0005-05-04 21:00:00,5,5,4,21,0,630,19.0,CURIE (RUE),,,Nuit avec éclairage allumé,En agglomération,Intersection en X,Normale,Deux véhicules - côté,,,,,,,,,,,5,2,2,1,3
200500029463,0005-05-09 17:20:00,5,5,9,17,20,630,164.0,RD 2,,,Plein jour,En agglomération,Intersection en X,Normale,Deux véhicules - arrière,,,,,,,,,,,1,2,2,1,2
200500029464,0005-05-29 18:10:00,5,5,29,18,10,630,164.0,CEBAZAT ANCIENNE (ROUTE,,,Plein jour,En agglomération,Hors intersection,Normale,Deux véhicules - côté,,,,,,,,,,,1,2,1,1,3
200500029465,0005-05-30 10:10:00,5,5,30,10,10,630,103.0,ETATS-UNIES (RUE DES),,,Plein jour,En agglomération,Giratoire,Temps couvert,Deux véhicules - côté,,,,,,,,,,,1,2,6,8,3
200500029466,0005-05-28 10:55:00,5,5,28,10,55,630,300.0,RN 9,,,Plein jour,En agglomération,Intersection en X,Temps éblouissant,Deux véhicules - côté,,,,,,,,,,,1,2,2,7,3
200500029467,0005-05-03 08:41:00,5,5,3,8,41,640,102.0,SOULT (AVENUE MARECHAL),,,Plein jour,En agglomération,Hors intersection,Normale,Deux véhicules - côté,,,,,,,,,,,1,2,1,1,3
200500029468,0005-05-04 01:25:00,5,5,4,1,25,640,24.0,BAB (BOULEVARD DU),,,Nuit avec éclairage allumé,En agglomération,Hors intersection,Normale,Autre collision,,,,,,,,,,,5,2,1,1,6
200500029469,0005-05-05 21:15:00,5,5,5,21,15,640,102.0,"72, DUVERGIER DE HAURANN",,,Nuit sans éclairage public,En agglomération,Hors intersection,Normale,Autre collision,,,,,,,,,,,3,2,1,1,6
200500029470,0005-05-06 15:32:00,5,5,6,15,32,640,24.0,LAPORTE (AVENUE JEAN LEO,,,Plein jour,En agglomération,Hors intersection,Normale,Sans collision,,,,,,,,,,,1,2,1,1,7
200500029471,0005-05-09 13:40:00,5,5,9,13,40,640,24.0,ESPAGNE (AVENUE D'),,,Plein jour,En agglomération,Intersection en T,Normale,Deux véhicules - côté,,,,,,,,,,,1,2,3,1,3
200500029472,0005-05-10 11:04:00,5,5,10,11,4,640,24.0,"03, ETCHECOPAR (ALLEE)",,,Plein jour,En agglomération,Hors intersection,Temps couvert,Deux véhicules - côté,,,,,,,,,,,1,2,1,8,3
200500029473,0005-05-13 22:40:00,5,5,13,22,40,640,24.0,"50, BARTHES (RUE DES)",,,Nuit avec éclairage allumé,En agglomération,Giratoire,Pluie forte,Deux véhicules - côté,,,,,,,,,,,5,2,6,3,3
200500029474,0005-05-18 13:52:00,5,5,18,13,52,640,24.0,"., QUINTAOUR (ALLEE)",,,Plein jour,En agglomération,Hors intersection,Normale,Deux véhicules - côté,,,,,,,,,,,1,2,1,1,3
200500029475,0005-05-20 13:05:00,5,5,20,13,5,640,102.0,"95, SOULT (AVENUE MARECH",,,Plein jour,En agglomération,Intersection en X,Normale,Deux véhicules - côté,,,,,,,,,,,1,2,2,1,3
200500029476,0005-05-20 20:00:00,5,5,20,20,0,640,24.0,BAYONNE (AVENUE DE),,,Plein jour,En agglomération,Intersection en T,Normale,Deux véhicules - arrière,,,,,,,,,,,1,2,3,1,2
200500029477,0005-05-22 14:15:00,5,5,22,14,15,640,102.0,MAUBEC (RUE),,,Plein jour,En agglomération,Intersection en T,Normale,Deux véhicules - côté,,,,,,,,,,,1,2,3,1,3
200500029478,0005-05-22 19:30:00,5,5,22,19,30,640,24.0,"1, CHAMBRE D'AMOUR (AVEN",,,Plein jour,En agglomération,Intersection en T,Normale,Deux véhicules - côté,,,,,,,,,,,1,2,3,1,3
200500029479,0005-05-25 08:05:00,5,5,25,8,5,640,24.0,"22, BITACHON (RUE DE)",,,Plein jour,En agglomération,Intersection en Y,Normale,Deux véhicules - côté,,,,,,,,,,,1,2,4,1,3
200500029480,0005-05-25 19:19:00,5,5,25,19,19,640,102.0,"2, PAULMY (AVENUE DES AL",,,Plein jour,En agglomération,Intersection en T,Normale,Deux véhicules - côté,,,,,,,,,,,1,2,3,1,3
200500029481,0005-05-26 17:22:00,5,5,26,17,22,640,102.0,SOULT (AVENUE MARECHAL),,,Plein jour,En agglomération,Hors intersection,Temps éblouissant,Trois véhicules et plus - en chaîne,,,,,,,,,,,1,2,1,7,4
200500029482,0005-05-27 20:10:00,5,5,27,20,10,640,102.0,TOUR DE SAULT (RUE),,,Plein jour,En agglomération,Intersection en T,Normale,Deux véhicules - frontale,,,,,,,,,,,1,2,3,1,1
200500029483,0005-05-28 18:15:00,5,5,28,18,15,640,102.0,RESPLANDY (AVENUE DU CAP,,,Plein jour,En agglomération,Hors intersection,Normale,Deux véhicules - arrière,,,,,,,,,,,1,2,1,1,2
200500029484,0005-05-28 22:05:00,5,5,28,22,5,640,24.0,"17, CHAMBRE D'AMOUR (AVE",,,Nuit avec éclairage allumé,En agglomération,Intersection en T,Normale,Trois véhicules et plus - collisions multiples,,,,,,,,,,,5,2,3,1,5
200500029485,0005-05-29 02:40:00,5,5,29,2,40,640,24.0,"2, CORSAIRES (PLAGE DES)",,,Nuit avec éclairage allumé,En agglomération,Hors intersection,Normale,Autre collision,,,,,,,,,,,5,2,1,1,6
200500029486,0005-05-29 11:00:00,5,5,29,11,0,640,102.0,ALSACE LORRAINE (BOULEVA,,,Plein jour,En agglomération,Intersection en T,Temps couvert,Deux véhicules - côté,,,,,,,,,,,1,2,3,8,3
200500029487,0005-05-30 08:20:00,5,5,30,8,20,640,102.0,MAURICE DELAY (AVENUE DU,,,Plein jour,En agglomération,Giratoire,Autre,Deux véhicules - côté,,,,,,,,,,,1,2,6,9,3
200500029488,0005-05-30 09:00:00,5,5,30,9,0,640,102.0,PRISSE (Avenue du ),,,Plein jour,En agglomération,Hors intersection,Temps couvert,Deux véhicules - côté,,,,,,,,,,,1,2,1,8,3
200500029489,0005-05-31 22:00:00,5,5,31,22,0,640,102.0,BEYRIS (GIRATOIRE),,,Nuit avec éclairage allumé,En agglomération,Giratoire,Normale,Sans collision,,,,,,,,,,,5,2,6,1,7
200500029490,0005-05-31 23:05:00,5,5,31,23,5,640,102.0,ESPAGNE (RUE D'),,,Nuit avec éclairage allumé,En agglomération,Intersection en T,Normale,Deux véhicules - côté,,,,,,,,,,,5,2,3,1,3
200500029491,0005-05-02 19:00:00,5,5,2,19,0,640,122.0,"3, ""FOCH (AV, DU MARECHA",,,Plein jour,En agglomération,Intersection en X,Normale,Autre collision,,,,,,,,,,,1,2,2,1,6
200500029492,0005-05-06 01:20:00,5,5,6,1,20,640,125.0,ATHERBEA (AVENUE),,,Nuit avec éclairage allumé,En agglomération,Hors intersection,Normale,Autre collision,,,,,,,,,,,5,2,1,1,6
200500029493,0005-05-06 09:55:00,5,5,6,9,55,640,122.0,MADRID (RUE DE),,,Plein jour,En agglomération,Hors intersection,Normale,Deux véhicules - côté,,,,,,,,,,,1,2,1,1,3
200500029494,0005-05-11 19:15:00,5,5,11,19,15,640,122.0,"36, CARNOT (AV)",,,Plein jour,En agglomération,Hors intersection,Pluie légère,Deux véhicules - côté,,,,,,,,,,,1,2,1,2,3
200500029495,0005-05-25 12:09:00,5,5,25,12,9,640,122.0,"8, FRANCIS JAMMES (RUE)",,,Plein jour,En agglomération,Hors intersection,Normale,Sans collision,,,,,,,,,,,1,2,1,1,7
200500029496,0005-05-27 10:30:00,5,5,27,10,30,640,122.0,"21, CHAPELET (RUE)",,,Plein jour,En agglomération,Hors intersection,Normale,Deux véhicules - côté,,,,,,,,,,,1,2,1,1,3
200500029497,0005-05-28 07:20:00,5,5,28,7,20,640,122.0,"., NEGRESSE (CARREFOUR -",,,Plein jour,En agglomération,Hors intersection,Normale,Autre collision,,,,,,,,,,,1,2,1,1,6
200500029498,0005-05-02 14:50:00,5,5,2,14,50,640,445.0,"1, UNIVERSITE DE L'",,,Plein jour,En agglomération,Intersection en X,Normale,Deux véhicules - côté,,,,,,,,,,,1,2,2,1,3