accident_id,datetime,annee,mois,jour,heure,minute,departement,commune_insee,adresse,latitude,longitude,luminosite,agglomeration,intersection,meteo,collision,nb_vehicules,nb_usagers,nb_indemnes,nb_tues,nb_blesses_hosp,nb_blesses_legers,age_cond_1,age_cond_2,veh_type_cond_1,veh_type_cond_2,lum_code,agg_code,int_code,atm_code,col_code
200500029499,0005-05-03 18:10:00,5,5,3,18,10,640,445.0,COMBATTANTS D' INDOCHINE,,,Plein jour,En agglomération,Giratoire,Normale,Deux véhicules - côté,,,,,,,,,,,1,2,6,1,3
200500029500,0005-05-03 19:10:00,5,5,3,19,10,640,445.0,RESISTANCE,,,Plein jour,En agglomération,Intersection en X,Normale,Deux véhicules - côté,,,,,,,,,,,1,2,2,1,3
200500029501,0005-05-03 20:25:00,5,5,3,20,25,640,445.0,"34, LYAUTEY",,,Plein jour,En agglomération,Intersection en X,Normale,Deux véhicules - côté,,,,,,,,,,,1,2,2,1,3
200500029502,0005-05-04 03:50:00,5,5,4,3,50,640,129.0,"11, SAINT EXUPERY",,,Nuit avec éclairage allumé,En agglomération,Hors intersection,Normale,Autre collision,,,,,,,,,,,5,2,1,1,6
200500029503,0005-05-05 08:25:00,5,5,5,8,25,640,445.0,"39, ANGLAIS DES",,,Plein jour,En agglomération,Intersection en X,Normale,Deux véhicules - côté,,,,,,,,,,,1,2,2,1,3
200500029504,0005-05-04 19:25:00,5,5,4,19,25,640,445.0,"1, DOYEN ROBERT POPLAWSK",,,Plein jour,En agglomération,Intersection en X,Pluie légère,Deux véhicules - côté,,,,,,,,,,,1,2,2,2,3
200500029505,0005-05-08 00:45:00,5,5,8,0,45,640,445.0,"13, ALSACE LORRAINE D'",,,Nuit avec éclairage allumé,En agglomération,Hors intersection,Normale,Autre collision,,,,,,,,,,,5,2,1,1,6
200500029506,0005-05-06 16:30:00,5,5,6,16,30,640,348.0,CHARLES DE GAULLE,,,Plein jour,En agglomération,Hors intersection,Normale,Trois véhicules et plus - collisions multiples,,,,,,,,,,,1,2,1,1,5
200500029507,0005-05-07 14:30:00,5,5,7,14,30,640,445.0,JEAN MERMOZ,,,Plein jour,En agglomération,Hors intersection,Normale,Deux véhicules - arrière,,,,,,,,,,,1,2,1,1,2
200500029508,0005-05-08 18:30:00,5,5,8,18,30,640,348.0,"91, TONKIN DU",,,Plein jour,En agglomération,Hors intersection,Normale,Deux véhicules - arrière,,,,,,,,,,,1,2,1,1,2
200500029509,0005-05-09 07:45:00,5,5,9,7,45,640,284.0,"71, MASSENET",,,Plein jour,En agglomération,Intersection en T,Normale,Deux véhicules - côté,,,,,,,,,,,1,2,3,1,3
200500029510,0005-05-09 12:10:00,5,5,9,12,10,640,445.0,"24, GASTON LACOSTE",,,Plein jour,En agglomération,Hors intersection,Normale,Deux véhicules - côté,,,,,,,,,,,1,2,1,1,3
200500029511,0005-05-09 13:55:00,5,5,9,13,55,640,445.0,"02, UNIVERSITE DE L'",,,Plein jour,En agglomération,Hors intersection,Normale,Deux véhicules - côté,,,,,,,,,,,1,2,1,1,3
200500029512,0005-05-11 07:50:00,5,5,11,7,50,640,445.0,JEAN MERMOZ,,,Plein jour,En agglomération,Intersection en X,Normale,Deux véhicules - côté,,,,,,,,,,,1,2,2,1,3
200500029513,0005-05-12 12:05:00,5,5,12,12,5,640,445.0,"6, LESPY",,,Plein jour,En agglomération,Hors intersection,Normale,Autre collision,,,,,,,,,,,1,2,1,1,6
200500029514,0005-05-12 16:45:00,5,5,12,16,45,640,41.0,"45, VILLAGE DU",,,Plein jour,En agglomération,Hors intersection,Normale,Deux véhicules - frontale,,,,,,,,,,,1,2,1,1,1
200500029515,0005-05-13 12:35:00,5,5,13,12,35,640,445.0,"58, 14 JUILLET DU",,,Plein jour,En agglomération,Intersection en T,Normale,Autre collision,,,,,,,,,,,1,2,3,1,6
200500029516,0005-05-13 21:40:00,5,5,13,21,40,640,445.0,"64, TRESPOEY",,,Nuit avec éclairage allumé,En agglomération,Intersection en T,Pluie légère,Sans collision,,,,,,,,,,,5,2,3,2,7
200500029517,0005-05-14 23:10:00,5,5,14,23,10,640,445.0,"1.62, CATHERINE DE BOURB",,,Nuit avec éclairage allumé,En agglomération,Intersection en X,Normale,Autre collision,,,,,,,,,,,5,2,2,1,6
200500029518,0005-05-17 12:15:00,5,5,17,12,15,640,445.0,"20, FEDERICO GARCIA LORC",,,Plein jour,En agglomération,Intersection en T,Normale,Deux véhicules - côté,,,,,,,,,,,1,2,3,1,3
200500029519,0005-05-20 08:00:00,5,5,20,8,0,640,445.0,"103, TRESPOEY",,,Plein jour,En agglomération,Hors intersection,Normale,Autre collision,,,,,,,,,,,1,2,1,1,6
200500029520,0005-05-20 21:40:00,5,5,20,21,40,640,348.0,"2, NOUSTE HENRIC",,,Nuit avec éclairage allumé,En agglomération,Hors intersection,Pluie légère,Autre collision,,,,,,,,,,,5,2,1,2,6
200500029521,0005-05-21 16:55:00,5,5,21,16,55,640,445.0,"1, SEPT CANTONS DES",,,Plein jour,En agglomération,Place,Normale,Autre collision,,,,,,,,,,,1,2,7,1,6
200500029522,0005-05-23 15:50:00,5,5,23,15,50,640,445.0,GENERAL DE GAULLE DU,,,Plein jour,En agglomération,Hors intersection,Normale,Autre collision,,,,,,,,,,,1,2,1,1,6
200500029523,0005-05-25 12:05:00,5,5,25,12,5,640,445.0,"327, PAIX",,,Plein jour,En agglomération,Hors intersection,Normale,Deux véhicules - frontale,,,,,,,,,,,1,2,1,1,1
200500029524,0005-05-26 16:55:00,5,5,26,16,55,640,445.0,DIDIER DAURAT,,,Plein jour,En agglomération,Intersection en X,Normale,Deux véhicules - côté,,,,,,,,,,,1,2,2,1,3
200500029525,0005-05-26 19:45:00,5,5,26,19,45,640,445.0,"239, PAIX",,,Plein jour,En agglomération,Hors intersection,Normale,Trois véhicules et plus - en chaîne,,,,,,,,,,,1,2,1,1,4
200500029526,0005-05-25 21:05:00,5,5,25,21,5,640,445.0,"04, PYRENEES DES",,,Plein jour,Hors agglomération,Hors intersection,Normale,Deux véhicules - frontale,,,,,,,,,,,1,1,1,1,1
200500029527,0005-05-27 20:30:00,5,5,27,20,30,640,132.0,"11, PASTEUR",,,Plein jour,En agglomération,Hors intersection,Normale,Deux véhicules - frontale,,,,,,,,,,,1,2,1,1,1
200500029528,0005-05-04 14:10:00,5,5,4,14,10,640,260.0,"61, MIMOSAS (AVENUE DES)",,,Plein jour,En agglomération,Intersection en T,Normale,Deux véhicules - côté,,,,,,,,,,,1,2,3,1,3
200500029529,0005-05-13 12:05:00,5,5,13,12,5,640,483.0,"1, VIEUX FORT (RUE DU)",,,Plein jour,En agglomération,Hors intersection,Normale,Deux véhicules - arrière,,,,,,,,,,,1,2,1,1,2
200500029530,0005-05-13 14:50:00,5,5,13,14,50,640,483.0,"83, GAULLE CHARLES (RUE",,,Plein jour,En agglomération,Hors intersection,Normale,Deux véhicules - arrière,,,,,,,,,,,1,2,1,1,2
200500029531,0005-05-01 16:24:00,5,5,1,16,24,640,483.0,CHANTACO (AVENUE DE ),,,Plein jour,En agglomération,Hors intersection,Normale,Deux véhicules - frontale,,,,,,,,,,,1,2,1,1,1
200500029532,0005-05-06 21:30:00,5,5,6,21,30,640,483.0,"12, THIERS ADOLPHE (BOUL",,,Nuit avec éclairage allumé,En agglomération,Intersection en T,Normale,Deux véhicules - côté,,,,,,,,,,,5,2,3,1,3
200500029533,0005-05-23 17:35:00,5,5,23,17,35,640,545.0,"43, ITHURRALDE ANDRE (AV",,,Plein jour,En agglomération,Hors intersection,Normale,Deux véhicules - côté,,,,,,,,,,,1,2,1,1,3
200500029534,0005-05-07 22:40:00,5,5,7,22,40,640,483.0,CORNICHE (ROUTE DE LA),,,Nuit sans éclairage public,En agglomération,Giratoire,Normale,Deux véhicules - côté,,,,,,,,,,,3,2,6,1,3
200500029535,0005-05-02 20:40:00,5,5,2,20,40,640,483.0,"14, LIBERATION (RUE DE L",,,Nuit avec éclairage allumé,En agglomération,Intersection en X,Normale,Deux véhicules - côté,,,,,,,,,,,5,2,2,1,3
200500029536,0005-05-15 02:15:00,5,5,15,2,15,640,483.0,RN10,,,Nuit sans éclairage public,En agglomération,Hors intersection,Normale,Deux véhicules - arrière,,,,,,,,,,,3,2,1,1,2
200500029537,0005-05-14 11:45:00,5,5,14,11,45,640,483.0,"49, GAULLE CHARLES (RUE",,,Plein jour,En agglomération,Hors intersection,Normale,Deux véhicules - côté,,,,,,,,,,,1,2,1,1,3
200500029538,0005-05-24 07:50:00,5,5,24,7,50,640,260.0,"70, BIGARENA (RUE)",,,Plein jour,En agglomération,Intersection en T,Normale,Deux véhicules - côté,,,,,,,,,,,1,2,3,1,3
200500029539,0005-05-23 13:25:00,5,5,23,13,25,640,545.0,"72, JAURES JEAN  (AVENUE",,,Plein jour,En agglomération,Hors intersection,Normale,Autre collision,,,,,,,,,,,1,2,1,1,6
200500029540,0005-05-25 12:10:00,5,5,25,12,10,640,545.0,"1, XORI KANTA (RUE)",,,Plein jour,En agglomération,Giratoire,Normale,Deux véhicules - côté,,,,,,,,,,,1,2,6,1,3
200500029541,0005-05-31 19:55:00,5,5,31,19,55,640,260.0,"1, ACACIAS (RUE DES)",,,Plein jour,En agglomération,Hors intersection,Normale,Autre collision,,,,,,,,,,,1,2,1,1,6
200500029542,0005-05-13 22:30:00,5,5,13,22,30,650,286.0,"13, PARADIS (AVENUE DU)",,,Nuit sans éclairage public,En agglomération,Intersection en T,Normale,Deux véhicules - frontale,,,,,,,,,,,3,2,3,1,1
200500029543,0005-05-15 15:00:00,5,5,15,15,0,650,286.0,BOURIOT (RUE DU DOCTEUR),,,Plein jour,En agglomération,Hors intersection,Normale,Autre collision,,,,,,,,,,,1,2,1,1,6
200500029544,0005-05-01 15:20:00,5,5,1,15,20,650,440.0,"., KLEBER (RUE)",,,Plein jour,En agglomération,Intersection en X,Normale,Deux véhicules - côté,,,,,,,,,,,1,2,2,1,3
200500029545,0005-05-02 13:25:00,5,5,2,13,25,650,417.0,"47, SPORTS (AVENUE DES)",,,Plein jour,En agglomération,Hors intersection,Normale,Deux véhicules - arrière,,,,,,,,,,,1,2,1,1,2
200500029546,0005-05-03 08:55:00,5,5,3,8,55,650,440.0,"., LECLERC (ALLEES GENER",,,Plein jour,En agglomération,Hors intersection,Temps couvert,Deux véhicules - arrière,,,,,,,,,,,1,2,1,8,2
200500029547,0005-05-04 16:50:00,5,5,4,16,50,650,440.0,"., ALTENKIRCHEN (AVENUE",,,Plein jour,En agglomération,Intersection en T,Pluie légère,Trois véhicules et plus - en chaîne,,,,,,,,,,,1,2,3,2,4
200500029548,0005-05-09 13:30:00,5,5,9,13,30,650,47.0,JAURES (AVE JEAN),,,Plein jour,En agglomération,Intersection en X,Normale,Deux véhicules - côté,,,,,,,,,,,1,2,2,1,3
200500029549,0005-05-09 15:45:00,5,5,9,15,45,650,440.0,"., DUPONT (RUE)",,,Plein jour,En agglomération,Hors intersection,Normale,Autre collision,,,,,,,,,,,1,2,1,1,6
200500029550,0005-05-15 15:10:00,5,5,15,15,10,650,440.0,ROCADE SUD-OUEST,,,Plein jour,En agglomération,Hors intersection,Normale,Autre collision,,,,,,,,,,,1,2,1,1,6
200500029551,0005-05-16 18:18:00,5,5,16,18,18,650,440.0,"80, BRIAND (AVENUE ARIST",,,Plein jour,En agglomération,Hors intersection,Normale,Trois véhicules et plus - en chaîne,,,,,,,,,,,1,2,1,1,4
200500029552,0005-05-12 17:53:00,5,5,12,17,53,650,440.0,ESTEVENET (QUAI),,,Plein jour,En agglomération,Intersection en X,Normale,Deux véhicules - côté,,,,,,,,,,,1,2,2,1,3
200500029553,0005-05-20 16:00:00,5,5,20,16,0,650,440.0,KENNEDY (AVENUE DU PRESI,,,Plein jour,En agglomération,Hors intersection,Normale,Deux véhicules - côté,,,,,,,,,,,1,2,1,1,3
200500029554,0005-05-20 23:35:00,5,5,20,23,35,650,433.0,BREYER (RUE ANDRE),,,Nuit avec éclairage allumé,En agglomération,Hors intersection,Normale,Sans collision,,,,,,,,,,,5,2,1,1,7
200500029555,0005-05-23 15:45:00,5,5,23,15,45,650,440.0,MAQUIS DE SOMBRUN (RUE D,,,Plein jour,En agglomération,Intersection en X,Normale,Deux véhicules - côté,,,,,,,,,,,1,2,2,1,3
200500029556,0005-05-23 17:00:00,5,5,23,17,0,650,440.0,"., PAU (ROUTE DE)",,,Plein jour,En agglomération,Hors intersection,Normale,Deux véhicules - arrière,,,,,,,,,,,1,2,1,1,2
200500029557,0005-05-24 17:20:00,5,5,24,17,20,650,440.0,MARQUES (RUE FRANCOIS),,,Plein jour,En agglomération,Giratoire,Normale,Deux véhicules - côté,,,,,,,,,,,1,2,6,1,3
200500029558,0005-05-24 18:20:00,5,5,24,18,20,650,440.0,FOULD (AVENUE),,,Plein jour,En agglomération,Hors intersection,Normale,Deux véhicules - côté,,,,,,,,,,,1,2,1,1,3
200500029559,0005-05-24 20:30:00,5,5,24,20,30,650,47.0,JAURES (AVE JEAN),,,Plein jour,En agglomération,Intersection en T,Normale,Deux véhicules - côté,,,,,,,,,,,1,2,3,1,3
200500029560,0005-05-26 19:00:00,5,5,26,19,0,650,440.0,"., DALLOZ (RUE LEON)",,,Plein jour,En agglomération,Intersection en X,Temps éblouissant,Autre collision,,,,,,,,,,,1,2,2,7,6
200500029561,0005-05-26 19:35:00,5,5,26,19,35,650,440.0,"34, VIGNEMALE (RUE DU)",,,Plein jour,En agglomération,Hors intersection,Normale,Autre collision,,,,,,,,,,,1,2,1,1,6
200500029562,0005-05-28 22:15:00,5,5,28,22,15,650,440.0,PAUL (BOULEVARD JEAN RAO,,,Nuit avec éclairage allumé,En agglomération,Hors intersection,Normale,Deux véhicules - côté,,,,,,,,,,,5,2,1,1,3
200500029563,0005-05-29 18:35:00,5,5,29,18,35,650,440.0,KENNEDY (AVENUE DU PRESI,,,Plein jour,En agglomération,Hors intersection,Normale,Deux véhicules - arrière,,,,,,,,,,,1,2,1,1,2
200500029564,0005-05-30 13:50:00,5,5,30,13,50,650,440.0,SAINT FRAI (ROND POINT),,,Plein jour,En agglomération,Giratoire,Pluie légère,Deux véhicules - côté,,,,,,,,,,,1,2,6,2,3
200500029565,0005-05-31 11:05:00,5,5,31,11,5,650,440.0,MAQUIS DE PAYOLLE (RUE D,,,Plein jour,En agglomération,Intersection en T,Normale,Trois véhicules et plus - en chaîne,,,,,,,,,,,1,2,3,1,4
200500029566,0005-05-31 15:20:00,5,5,31,15,20,650,440.0,FOULD (AVENUE),,,Plein jour,En agglomération,Intersection en T,Normale,Deux véhicules - côté,,,,,,,,,,,1,2,3,1,3
200500029567,0005-05-31 21:05:00,5,5,31,21,5,650,440.0,DEBUSSY (BOULEVARD CLAUD,,,Plein jour,En agglomération,Intersection en X,Normale,Deux véhicules - côté,,,,,,,,,,,1,2,2,1,3
200500029568,0005-05-01 21:30:00,5,5,1,21,30,660,136.0,ARGELES SUR MER AVENUE D,,,Nuit sans éclairage public,En agglomération,Hors intersection,Normale,Autre collision,,,,,,,,,,,3,2,1,1,6
200500029569,0005-05-11 12:49:00,5,5,11,12,49,660,136.0,", JULIEN PANCHOT (AVENUE",,,Plein jour,En agglomération,Intersection en T,Normale,Deux véhicules - côté,,,,,,,,,,,1,2,3,1,3
200500029570,0005-05-17 21:45:00,5,5,17,21,45,660,136.0,ATHENES AVENUE D',,,Nuit avec éclairage allumé,En agglomération,Hors intersection,Normale,Deux véhicules - frontale,,,,,,,,,,,5,2,1,1,1
200500029571,0005-05-26 07:45:00,5,5,26,7,45,660,136.0,"37 BIS, LECLERC (AVENUE",,,Plein jour,En agglomération,Hors intersection,Normale,Autre collision,,,,,,,,,,,1,2,1,1,6
200500029572,0005-05-27 15:15:00,5,5,27,15,15,660,136.0,"07, JOFFRE (AVENUE DU MA",,,Plein jour,En agglomération,Hors intersection,Normale,Deux véhicules - frontale,,,,,,,,,,,1,2,1,1,1
200500029573,0005-05-27 15:30:00,5,5,27,15,30,660,136.0,"01, MISTRAL (BOULEVARD F",,,Plein jour,En agglomération,Hors intersection,Normale,Autre collision,,,,,,,,,,,1,2,1,1,6
200500029574,0005-05-31 16:24:00,5,5,31,16,24,660,136.0,"60, MERCADER (BOULEVARD",,,Plein jour,En agglomération,Hors intersection,Normale,Autre collision,,,,,,,,,,,1,2,1,1,6
200500029575,0005-05-04 11:10:00,5,5,4,11,10,670,180.0,"48, SCHIRRHEIN (ROUTE DE",,,Plein jour,Hors agglomération,Hors intersection,Normale,Deux véhicules - frontale,,,,,,,,,,,1,1,1,1,1
200500029576,0005-05-27 11:30:00,5,5,27,11,30,670,180.0,RHIN (ROUTE DU),,,Plein jour,Hors agglomération,Hors intersection,Normale,Deux véhicules - côté,,,,,,,,,,,1,1,1,1,3
200500029577,0005-05-04 17:07:00,5,5,4,17,7,670,462.0,STRASBOURG (ROUTE DE),,,Plein jour,En agglomération,Hors intersection,Normale,Deux véhicules - arrière,,,,,,,,,,,1,2,1,1,2
200500029578,0005-05-11 20:20:00,5,5,11,20,20,670,462.0,"14, COLMAR (ROUTE DE)",,,Plein jour,En agglomération,Hors intersection,Normale,Deux véhicules - côté,,,,,,,,,,,1,2,1,1,3
200500029579,0005-05-30 08:17:00,5,5,30,8,17,670,462.0,"02, WESTRICH (RUE)",,,Plein jour,Hors agglomération,Intersection en T,Normale,Deux véhicules - côté,,,,,,,,,,,1,1,3,1,3
200500029580,0005-05-02 08:50:00,5,5,2,8,50,670,482.0,WIMPHELING (RUE),,,Plein jour,En agglomération,Intersection en X,Normale,Deux véhicules - côté,,,,,,,,,,,1,2,2,1,3
200500029581,0005-05-02 18:20:00,5,5,2,18,20,670,482.0,"000, FABRIQUE (RUE DE LA",,,Plein jour,En agglomération,Intersection en T,Normale,Deux véhicules - côté,,,,,,,,,,,1,2,3,1,3
200500029582,0005-05-03 12:00:00,5,5,3,12,0,670,482.0,"160, SCHIRMECK (ROUTE DE",,,Plein jour,En agglomération,Hors intersection,Normale,Autre collision,,,,,,,,,,,1,2,1,1,6
200500029583,0005-05-04 17:10:00,5,5,4,17,10,670,482.0,"00, MAIRE DIETRICH (QUAI",,,Plein jour,En agglomération,Intersection en T,Pluie légère,Deux véhicules - arrière,,,,,,,,,,,1,2,3,2,2
200500029584,0005-05-04 09:50:00,5,5,4,9,50,670,482.0,"0000, MOLL (RUE)",,,Plein jour,En agglomération,Intersection en X,Normale,Deux véhicules - côté,,,,,,,,,,,1,2,2,1,3
200500029585,0005-05-04 18:55:00,5,5,4,18,55,670,482.0,"00, POLYGONE (ROUTE DU)",,,Plein jour,En agglomération,Intersection en T,Pluie légère,Deux véhicules - arrière,,,,,,,,,,,1,2,3,2,2
200500029586,0005-05-06 19:03:00,5,5,6,19,3,670,482.0,"0000, WATTWILLER (RUE DE",,,Plein jour,En agglomération,Hors intersection,Pluie légère,Autre collision,,,,,,,,,,,1,2,1,2,6
200500029587,0005-05-06 14:05:00,5,5,6,14,5,670,43.0,", GEORGES BURGER (RUE)",,,Plein jour,En agglomération,Hors intersection,Normale,Deux véhicules - côté,,,,,,,,,,,1,2,1,1,3
200500029588,0005-05-06 15:40:00,5,5,6,15,40,670,218.0,"0000, STRASBOURG (ROUTE",,,Plein jour,En agglomération,Intersection en X,Normale,Deux véhicules - côté,,,,,,,,,,,1,2,2,1,3
200500029589,0005-05-07 22:30:00,5,5,7,22,30,670,482.0,"132, SCHIRMECK (ROUTE DE",,,Nuit sans éclairage public,En agglomération,Hors intersection,Normale,Deux véhicules - frontale,,,,,,,,,,,3,2,1,1,1
200500029590,0005-05-09 12:15:00,5,5,9,12,15,670,218.0,"79, RHIN (ROUTE DU)",,,Plein jour,En agglomération,Hors intersection,Normale,Trois véhicules et plus - collisions multiples,,,,,,,,,,,1,2,1,1,5
200500029591,0005-05-09 17:10:00,5,5,9,17,10,670,482.0,"00, CHATELET DE LA FORET",,,Plein jour,En agglomération,Intersection en T,Normale,Deux véhicules - côté,,,,,,,,,,,1,2,3,1,3
200500029592,0005-05-09 20:35:00,5,5,9,20,35,670,218.0,RHIN (ROUTE DU),,,Nuit avec éclairage non allumé,En agglomération,Hors intersection,Normale,Deux véhicules - côté,,,,,,,,,,,4,2,1,1,3
200500029593,0005-05-10 11:20:00,5,5,10,11,20,670,482.0,"14, HALLES (PLACE DES)",,,Plein jour,En agglomération,Hors intersection,Normale,Autre collision,,,,,,,,,,,1,2,1,1,6
200500029594,0005-05-10 16:14:00,5,5,10,16,14,670,482.0,"000, RHIN TORTU (RUE DU)",,,Plein jour,En agglomération,Hors intersection,Normale,Autre collision,,,,,,,,,,,1,2,1,1,6
200500029595,0005-05-11 07:30:00,5,5,11,7,30,670,482.0,"00, WANTZENAU (RTE DE LA",,,Plein jour,En agglomération,Hors intersection,Normale,Trois véhicules et plus - en chaîne,,,,,,,,,,,1,2,1,1,4
200500029596,0005-05-11 08:03:00,5,5,11,8,3,670,482.0,"7, LIBERTE (AVENUE DE LA",,,Plein jour,En agglomération,Hors intersection,Normale,Deux véhicules - côté,,,,,,,,,,,1,2,1,1,3
200500029597,0005-05-11 16:15:00,5,5,11,16,15,670,482.0,"00, ALPES (QUAI DES)",,,Plein jour,En agglomération,Intersection en T,Normale,Deux véhicules - arrière,,,,,,,,,,,1,2,3,1,2
200500029598,0005-05-11 17:50:00,5,5,11,17,50,670,482.0,"00, JEAN JAURES (AVENUE)",,,Plein jour,En agglomération,Intersection en X,Normale,Deux véhicules - côté,,,,,,,,,,,1,2,2,1,3
200500029599,0005-05-11 18:25:00,5,5,11,18,25,670,482.0,"00, JACQUES PREISS (BOUL",,,Plein jour,En agglomération,Intersection en T,Normale,Autre collision,,,,,,,,,,,1,2,3,1,6
200500029600,0005-05-12 17:15:00,5,5,12,17,15,670,482.0,"28, FINKWILLER (RUE)",,,Plein jour,En agglomération,Intersection en X,Normale,Deux véhicules - côté,,,,,,,,,,,1,2,2,1,3
200500029601,0005-05-12 17:45:00,5,5,12,17,45,670,365.0,"000, RENE CASSIN (ALLEE)",,,Plein jour,En agglomération,Hors intersection,Normale,Autre collision,,,,,,,,,,,1,2,1,1,6
200500029602,0005-05-13 11:20:00,5,5,13,11,20,670,482.0,"205, OBERHAUSBERGEN (ROU",,,Plein jour,En agglomération,Hors intersection,Normale,Deux véhicules - arrière,,,,,,,,,,,1,2,1,1,2
200500029603,0005-05-13 13:10:00,5,5,13,13,10,670,482.0,"23, KLEBSAU (RUE DE LA)",,,Plein jour,En agglomération,Hors intersection,Normale,Autre collision,,,,,,,,,,,1,2,1,1,6
200500029604,0005-05-14 07:40:00,5,5,14,7,40,670,267.0,"64, MARECHAL FOCH (RUE D",,,Plein jour,En agglomération,Hors intersection,Pluie légère,Deux véhicules - côté,,,,,,,,,,,1,2,1,2,3
200500029605,0005-05-15 20:00:00,5,5,15,20,0,670,43.0,"000, ROBERTSAU (RUE DE L",,,Plein jour,En agglomération,Intersection en T,Normale,Deux véhicules - côté,,,,,,,,,,,1,2,3,1,3
200500029606,0005-05-16 17:30:00,5,5,16,17,30,670,482.0,"12, BATELIERS (QUAI DES)",,,Plein jour,En agglomération,Hors intersection,Pluie légère,Deux véhicules - côté,,,,,,,,,,,1,2,1,2,3
200500029607,0005-05-17 14:47:00,5,5,17,14,47,670,482.0,MARAIS VERT (RUE DU),,,Plein jour,En agglomération,Intersection en T,Normale,Autre collision,,,,,,,,,,,1,2,3,1,6
200500029608,0005-05-18 16:40:00,5,5,18,16,40,670,447.0,"0, ERSTEIN (RUE D )",,,Plein jour,En agglomération,Hors intersection,Normale,Autre collision,,,,,,,,,,,1,2,1,1,6
200500029609,0005-05-18 18:55:00,5,5,18,18,55,670,204.0,SOLEIL (RUE DU),,,Plein jour,En agglomération,Intersection en T,Normale,Deux véhicules - côté,,,,,,,,,,,1,2,3,1,3
200500029610,0005-05-19 09:15:00,5,5,19,9,15,670,365.0,"00, 23 NOVEMBRE (RUE DU)",,,Plein jour,En agglomération,Intersection en X,Normale,Deux véhicules - côté,,,,,,,,,,,1,2,2,1,3
200500029611,0005-05-19 11:45:00,5,5,19,11,45,670,482.0,RENE CASSIN (ALLEE),,,Plein jour,En agglomération,Intersection en X,Normale,Deux véhicules - arrière,,,,,,,,,,,1,2,2,1,2
200500029612,0005-05-19 13:25:00,5,5,19,13,25,670,482.0,GEORGES WODLI (RUE),,,Plein jour,En agglomération,Hors intersection,Normale,Deux véhicules - frontale,,,,,,,,,,,1,2,1,1,1
200500029613,0005-05-19 15:50:00,5,5,19,15,50,670,482.0,"00, SARREBOURG (RUE DE)",,,Plein jour,En agglomération,Intersection en X,Normale,Deux véhicules - arrière,,,,,,,,,,,1,2,2,1,2
200500029614,0005-05-20 09:35:00,5,5,20,9,35,670,482.0,"0, COMTES (RUE DES)",,,Plein jour,En agglomération,Intersection en X,Normale,Deux véhicules - arrière,,,,,,,,,,,1,2,2,1,2
200500029615,0005-05-20 16:18:00,5,5,20,16,18,670,482.0,"34, PREMIERE ARMEE (RUE",,,Plein jour,En agglomération,Hors intersection,Normale,Deux véhicules - côté,,,,,,,,,,,1,2,1,1,3
200500029616,0005-05-20 21:00:00,5,5,20,21,0,670,218.0,"0, STRASBOURG (ROUTE DE)",,,Crépuscule ou aube,En agglomération,Hors intersection,Normale,Deux véhicules - côté,,,,,,,,,,,2,2,1,1,3
200500029617,0005-05-22 00:40:00,5,5,22,0,40,670,482.0,"0, MOLSHEIM (RUE DE)",,,Nuit avec éclairage allumé,Hors agglomération,Hors intersection,Pluie légère,Autre collision,,,,,,,,,,,5,1,1,2,6
200500029618,0005-05-22 12:12:00,5,5,22,12,12,670,218.0,"19, GENERAL LIBERMANN (R",,,Plein jour,En agglomération,Hors intersection,Normale,Deux véhicules - côté,,,,,,,,,,,1,2,1,1,3
200500029619,0005-05-22 20:00:00,5,5,22,20,0,670,482.0,HOCHFELDEN (RUE DE),,,Plein jour,En agglomération,Hors intersection,Normale,Autre collision,,,,,,,,,,,1,2,1,1,6
200500029620,0005-05-23 15:45:00,5,5,23,15,45,670,482.0,"00, ROMAINS (ROUTE DES)",,,Plein jour,En agglomération,Intersection en X,Normale,Deux véhicules - côté,,,,,,,,,,,1,2,2,1,3
200500029621,0005-05-23 18:40:00,5,5,23,18,40,670,482.0,", DUCS (RUE DES)",,,Plein jour,En agglomération,Intersection en X,Normale,Deux véhicules - côté,,,,,,,,,,,1,2,2,1,3
200500029622,0005-05-24 14:10:00,5,5,24,14,10,670,218.0,"0000, ALFRED KASTLER (RO",,,Plein jour,Hors agglomération,Intersection en T,Normale,Deux véhicules - arrière,,,,,,,,,,,1,1,3,1,2
200500029623,0005-05-24 16:30:00,5,5,24,16,30,670,482.0,"76, VOSGES (AVENUE DES)",,,Plein jour,En agglomération,Intersection en X,Normale,Deux véhicules - arrière,,,,,,,,,,,1,2,2,1,2
200500029624,0005-05-25 14:10:00,5,5,25,14,10,670,482.0,"1 - 3, BOSTON (RUE DE)",,,Plein jour,En agglomération,Hors intersection,Normale,Deux véhicules - côté,,,,,,,,,,,1,2,1,1,3
200500029625,0005-05-26 16:25:00,5,5,26,16,25,670,482.0,HERRENSCHMIDT (AVENUE),,,Plein jour,En agglomération,Hors intersection,Normale,Deux véhicules - côté,,,,,,,,,,,1,2,1,1,3
200500029626,0005-05-26 17:50:00,5,5,26,17,50,670,482.0,"000, HERRENSCHMIDT (AVEN",,,Plein jour,En agglomération,Intersection en T,Normale,Deux véhicules - arrière,,,,,,,,,,,1,2,3,1,2
200500029627,0005-05-26 18:40:00,5,5,26,18,40,670,482.0,FAUBOURG DE SAVERNE (RUE,,,Plein jour,En agglomération,Hors intersection,Normale,Autre collision,,,,,,,,,,,1,2,1,1,6
200500029628,0005-05-27 10:50:00,5,5,27,10,50,670,204.0,"00, GENERAL DE GAULLE (A",,,Plein jour,En agglomération,Hors intersection,Normale,Deux véhicules - côté,,,,,,,,,,,1,2,1,1,3