accident_id,datetime,annee,mois,jour,heure,minute,departement,commune_insee,adresse,latitude,longitude,luminosite,agglomeration,intersection,meteo,collision,nb_vehicules,nb_usagers,nb_indemnes,nb_tues,nb_blesses_hosp,nb_blesses_legers,age_cond_1,age_cond_2,veh_type_cond_1,veh_type_cond_2,lum_code,agg_code,int_code,atm_code,col_code
200500029629,0005-05-27 11:05:00,5,5,27,11,5,670,482.0,"47, BATELIERS (QUAI DES)",,,Plein jour,En agglomération,Hors intersection,Normale,Autre collision,,,,,,,,,,,1,2,1,1,6
200500029630,0005-05-27 11:45:00,5,5,27,11,45,670,482.0,RHIN TORTU (RUE DU),,,Plein jour,En agglomération,Hors intersection,Normale,Autre collision,,,,,,,,,,,1,2,1,1,6
200500029631,0005-05-27 12:00:00,5,5,27,12,0,670,482.0,"19, PETITES FERMES (RUE",,,Plein jour,En agglomération,Hors intersection,Normale,Deux véhicules - côté,,,,,,,,,,,1,2,1,1,3
200500029632,0005-05-28 11:45:00,5,5,28,11,45,670,204.0,"000000355, WANTZENAU (RO",,,Plein jour,En agglomération,Hors intersection,Normale,Autre collision,,,,,,,,,,,1,2,1,1,6
200500029633,0005-05-28 19:45:00,5,5,28,19,45,670,447.0,"0, MALTERIES (RUE DES)",,,Plein jour,En agglomération,Hors intersection,Normale,Autre collision,,,,,,,,,,,1,2,1,1,6
200500029634,0005-05-29 16:10:00,5,5,29,16,10,670,447.0,"5, ABATTOIR (RUE DE L )",,,Plein jour,En agglomération,Hors intersection,Normale,Deux véhicules - frontale,,,,,,,,,,,1,2,1,1,1
200500029635,0005-05-30 14:30:00,5,5,30,14,30,670,482.0,"0, COMTES (RUE DES)",,,Plein jour,En agglomération,Hors intersection,Pluie légère,Deux véhicules - arrière,,,,,,,,,,,1,2,1,2,2
200500029636,0005-05-31 10:45:00,5,5,31,10,45,670,482.0,"3, SEBASTIEN BRANT (PLAC",,,Plein jour,En agglomération,Intersection en X,Normale,Autre collision,,,,,,,,,,,1,2,2,1,6
200500029637,0005-05-31 18:05:00,5,5,31,18,5,670,482.0,"00, JEAN JAURES (AVENUE)",,,Plein jour,En agglomération,Intersection en X,Normale,Deux véhicules - arrière,,,,,,,,,,,1,2,2,1,2
200500029638,0005-05-03 08:50:00,5,5,3,8,50,680,66.0,NEUF BRISACH (ROUTE DE),,,Plein jour,En agglomération,Intersection en T,Normale,Autre collision,,,,,,,,,,,1,2,3,1,6
200500029639,0005-05-04 06:53:00,5,5,4,6,53,680,66.0,ALSACE (RUE D'),,,Plein jour,En agglomération,Intersection à plus de 4 branches,Pluie légère,Deux véhicules - côté,,,,,,,,,,,1,2,5,2,3
200500029640,0005-05-06 13:30:00,5,5,6,13,30,680,66.0,"7, ANCETRE ( RUE DES)",,,Plein jour,En agglomération,Hors intersection,Normale,Autre collision,,,,,,,,,,,1,2,1,1,6
200500029641,0005-05-09 12:05:00,5,5,9,12,5,680,66.0,INGERSHEIM (ROUTE D'),,,Plein jour,En agglomération,Intersection en T,Normale,Deux véhicules - côté,,,,,,,,,,,1,2,3,1,3
200500029642,0005-05-21 16:43:00,5,5,21,16,43,680,66.0,SELESTAT (ROUTE DE),,,Plein jour,En agglomération,Intersection à plus de 4 branches,Normale,Deux véhicules - côté,,,,,,,,,,,1,2,5,1,3
200500029643,0005-05-23 17:55:00,5,5,23,17,55,680,66.0,"24, REPUBLIQUE (AVENUE D",,,Plein jour,En agglomération,Hors intersection,Normale,Autre collision,,,,,,,,,,,1,2,1,1,6
200500029644,0005-05-24 18:15:00,5,5,24,18,15,680,66.0,"1, BAGATELLE ( RUE DE LA",,,Plein jour,En agglomération,Intersection en Y,Normale,Deux véhicules - arrière,,,,,,,,,,,1,2,4,1,2
200500029645,0005-05-25 17:50:00,5,5,25,17,50,680,66.0,LORRAINE (AVENUE DE),,,Plein jour,En agglomération,Intersection en X,Normale,Deux véhicules - côté,,,,,,,,,,,1,2,2,1,3
200500029646,0005-05-28 19:30:00,5,5,28,19,30,680,66.0,INGERSHEIM (ROUTE D'),,,Plein jour,En agglomération,Intersection en X,Normale,Deux véhicules - côté,,,,,,,,,,,1,2,2,1,3
200500029647,0005-05-26 16:10:00,5,5,26,16,10,680,66.0,", RIQUEWIHR (RUE DE)",,,Plein jour,En agglomération,Hors intersection,Normale,Autre collision,,,,,,,,,,,1,2,1,1,6
200500029648,0005-05-30 19:13:00,5,5,30,19,13,680,66.0,LORRAINE (AVENUE DE),,,Plein jour,En agglomération,Giratoire,Normale,Deux véhicules - arrière,,,,,,,,,,,1,2,6,1,2
200500029649,0005-05-27 10:45:00,5,5,27,10,45,680,112.0,"108, REPUBLIQUE (RUE DE",,,Plein jour,En agglomération,Intersection en T,Normale,Autre collision,,,,,,,,,,,1,2,3,1,6
200500029650,0005-05-03 16:30:00,5,5,3,16,30,680,224.0,"17, TUILERIE (RUE DE LA)",,,Plein jour,En agglomération,Intersection en T,Pluie légère,Deux véhicules - côté,,,,,,,,,,,1,2,3,2,3
200500029651,0005-05-04 12:00:00,5,5,4,12,0,680,224.0,STOESSEL (BOULEVARD CHAR,,,Plein jour,En agglomération,Hors intersection,Normale,Trois véhicules et plus - collisions multiples,,,,,,,,,,,1,2,1,1,5
200500029652,0005-05-04 14:35:00,5,5,4,14,35,680,224.0,AUTOROUTE A 36,,,Plein jour,Hors agglomération,Hors intersection,Pluie légère,Deux véhicules - arrière,,,,,,,,,,,1,1,1,2,2
200500029653,0005-05-13 17:05:00,5,5,13,17,5,680,224.0,SCHUMAN (AVENUE ROBERT),,,Plein jour,En agglomération,Intersection en X,Normale,Deux véhicules - côté,,,,,,,,,,,1,2,2,1,3
200500029654,0005-05-18 22:15:00,5,5,18,22,15,680,224.0,VOIE RAPIDE NORD SUD,,,Nuit avec éclairage allumé,En agglomération,Hors intersection,Normale,Deux véhicules - arrière,,,,,,,,,,,5,2,1,1,2
200500029655,0005-05-17 11:05:00,5,5,17,11,5,680,224.0,"47, FRANKLIN (RUE)",,,Plein jour,En agglomération,Intersection en X,Normale,Trois véhicules et plus - collisions multiples,,,,,,,,,,,1,2,2,1,5
200500029656,0005-05-10 15:20:00,5,5,10,15,20,680,224.0,STALINGRAD (RUE DE),,,Plein jour,En agglomération,Hors intersection,Normale,Autre collision,,,,,,,,,,,1,2,1,1,6
200500029657,0005-05-11 15:28:00,5,5,11,15,28,680,224.0,JOUHAUX (RUE LEON),,,Plein jour,En agglomération,Hors intersection,Normale,Deux véhicules - côté,,,,,,,,,,,1,2,1,1,3
200500029658,0005-05-11 17:25:00,5,5,11,17,25,680,224.0,", LEFEBVRE (RUE)",,,Plein jour,En agglomération,Intersection en X,Normale,Autre collision,,,,,,,,,,,1,2,2,1,6
200500029659,0005-05-11 18:25:00,5,5,11,18,25,680,56.0,"5, MANGENEY (RUE DU DOCT",,,Plein jour,En agglomération,Hors intersection,Normale,Deux véhicules - arrière,,,,,,,,,,,1,2,1,1,2
200500029660,0005-05-24 07:40:00,5,5,24,7,40,680,224.0,"114, BRIAND (AVENUE ARIS",,,Plein jour,En agglomération,Hors intersection,Normale,Autre collision,,,,,,,,,,,1,2,1,1,6
200500029661,0005-05-27 18:40:00,5,5,27,18,40,680,224.0,"34, RIBEAUVILLE (RUE DE)",,,Plein jour,En agglomération,Hors intersection,Normale,Deux véhicules - côté,,,,,,,,,,,1,2,1,1,3
200500029662,0005-05-11 12:15:00,5,5,11,12,15,680,297.0,CD 105,,,Plein jour,En agglomération,Intersection en Y,Normale,Deux véhicules - côté,,,,,,,,,,,1,2,4,1,3
200500029663,0005-05-24 17:10:00,5,5,24,17,10,680,166.0,"36B, MULHOUSE (FAUBOURG",,,Plein jour,En agglomération,Hors intersection,Normale,Deux véhicules - côté,,,,,,,,,,,1,2,1,1,3
200500029664,0005-05-16 17:45:00,5,5,16,17,45,690,29.0,PIERRE ALLARD,,,Plein jour,En agglomération,Intersection en X,Normale,Deux véhicules - côté,,,,,,,,,,,1,2,2,1,3
200500029665,0005-05-27 22:45:00,5,5,27,22,45,690,29.0,DROITS DE L'HOMME (DES),,,Nuit avec éclairage allumé,En agglomération,Hors intersection,Normale,Autre collision,,,,,,,,,,,5,2,1,1,6
200500029666,0005-05-01 22:20:00,5,5,1,22,20,690,34.0,GEORGES CLEMENCEAU,,,Nuit avec éclairage allumé,En agglomération,Autre intersection,Normale,Sans collision,,,,,,,,,,,5,2,9,1,7
200500029667,0005-05-13 12:55:00,5,5,13,12,55,690,34.0,RAYMOND POINCARE,,,Plein jour,En agglomération,Hors intersection,Normale,Autre collision,,,,,,,,,,,1,2,1,1,6
200500029668,0005-05-13 10:35:00,5,5,13,10,35,690,34.0,"104, GEORGES CLEMENCEAU",,,Plein jour,En agglomération,Hors intersection,Normale,Autre collision,,,,,,,,,,,1,2,1,1,6
200500029669,0005-05-21 08:40:00,5,5,21,8,40,690,34.0,VASSIEUX (DE),,,Plein jour,En agglomération,Intersection en X,Pluie légère,Deux véhicules - côté,,,,,,,,,,,1,2,2,2,3
200500029670,0005-05-23 10:50:00,5,5,23,10,50,690,34.0,"155, PASTEUR",,,Plein jour,En agglomération,Hors intersection,Normale,Autre collision,,,,,,,,,,,1,2,1,1,6
200500029671,0005-05-29 18:00:00,5,5,29,18,0,690,34.0,COMBATTANTS D'A.F.N. 195,,,Plein jour,En agglomération,Hors intersection,Normale,Autre collision,,,,,,,,,,,1,2,1,1,6
200500029672,0005-05-31 12:25:00,5,5,31,12,25,690,34.0,PIED CHARDON (DE),,,Plein jour,En agglomération,Intersection en Y,Normale,Deux véhicules - côté,,,,,,,,,,,1,2,4,1,3
200500029673,0005-05-02 13:40:00,5,5,2,13,40,690,142.0,GENERAL DE GAULLE,,,Plein jour,En agglomération,Intersection en X,Normale,Deux véhicules - côté,,,,,,,,,,,1,2,2,1,3
200500029674,0005-05-04 16:15:00,5,5,4,16,15,690,256.0,"1, PAUL TESTE",,,Plein jour,En agglomération,Hors intersection,Normale,Deux véhicules - côté,,,,,,,,,,,1,2,1,1,3
200500029675,0005-05-01 17:50:00,5,5,1,17,50,690,256.0,FONTANIL (DE),,,Plein jour,En agglomération,Hors intersection,Normale,Autre collision,,,,,,,,,,,1,2,1,1,6
200500029676,0005-05-27 17:20:00,5,5,27,17,20,690,256.0,FRANKLIN ROOSEVELT,,,Plein jour,En agglomération,Intersection en X,Normale,Autre collision,,,,,,,,,,,1,2,2,1,6
200500029677,0005-05-01 19:30:00,5,5,1,19,30,690,259.0,"28, AUGUSTE BLANQUI",,,Plein jour,En agglomération,Hors intersection,Normale,Deux véhicules - côté,,,,,,,,,,,1,2,1,1,3
200500029678,0005-05-03 06:15:00,5,5,3,6,15,690,199.0,"0, YVES FARGE",,,Crépuscule ou aube,En agglomération,Intersection en X,Normale,Deux véhicules - côté,,,,,,,,,,,2,2,2,1,3
200500029679,0005-05-10 23:15:00,5,5,10,23,15,690,259.0,"0, PINEL",,,Nuit avec éclairage allumé,En agglomération,Intersection en T,Normale,Deux véhicules - côté,,,,,,,,,,,5,2,3,1,3
200500029680,0005-05-14 16:00:00,5,5,14,16,0,690,199.0,"45, FRERES PERRET",,,Plein jour,En agglomération,Intersection en X,Pluie légère,Deux véhicules - côté,,,,,,,,,,,1,2,2,2,3
200500029681,0005-05-14 17:05:00,5,5,14,17,5,690,259.0,"0, MARCEL HOUEL",,,Plein jour,En agglomération,Hors intersection,Pluie légère,Trois véhicules et plus - collisions multiples,,,,,,,,,,,1,2,1,2,5
200500029682,0005-05-19 06:45:00,5,5,19,6,45,690,259.0,"0, NORBERT KUGLER",,,Plein jour,En agglomération,Intersection en X,Normale,Deux véhicules - côté,,,,,,,,,,,1,2,2,1,3
200500029683,0005-05-20 22:30:00,5,5,20,22,30,690,259.0,"10, DIVISION LECLERC (DE",,,Nuit sans éclairage public,En agglomération,Hors intersection,Normale,Deux véhicules - côté,,,,,,,,,,,3,2,1,1,3
200500029684,0005-05-25 06:45:00,5,5,25,6,45,690,259.0,"0, MARCEL SEMBAT",,,Plein jour,En agglomération,Intersection en X,Normale,Deux véhicules - côté,,,,,,,,,,,1,2,2,1,3
200500029685,0005-05-26 16:50:00,5,5,26,16,50,690,259.0,"0, OSCHATZ (D')",,,Plein jour,En agglomération,Intersection en X,Normale,Autre collision,,,,,,,,,,,1,2,2,1,6
200500029686,0005-05-30 19:30:00,5,5,30,19,30,690,199.0,"86, JEAN JAURES",,,Plein jour,En agglomération,Hors intersection,Normale,Autre collision,,,,,,,,,,,1,2,1,1,6
200500029687,0005-05-29 16:30:00,5,5,29,16,30,690,259.0,"69, JULES GUESDE",,,Plein jour,En agglomération,Hors intersection,Normale,Sans collision,,,,,,,,,,,1,2,1,1,7
200500029688,0005-05-29 17:45:00,5,5,29,17,45,690,259.0,"122, IRENE JOLIOT CURIE",,,Plein jour,En agglomération,Hors intersection,Normale,Deux véhicules - arrière,,,,,,,,,,,1,2,1,1,2
200500029689,0005-05-29 11:20:00,5,5,29,11,20,690,259.0,"0, VIENNE (DE)",,,Plein jour,En agglomération,Autre intersection,Normale,Deux véhicules - côté,,,,,,,,,,,1,2,9,1,3
200500029690,0005-05-23 23:10:00,5,5,23,23,10,690,264.0,GERMAIN CHARLES  R,,,Nuit avec éclairage allumé,En agglomération,Hors intersection,Normale,Deux véhicules - frontale,,,,,,,,,,,5,2,1,1,1
200500029691,0005-05-05 19:00:00,5,5,5,19,0,690,266.0,"145, RUE A FRANCE",,,Plein jour,En agglomération,Hors intersection,Normale,Autre collision,,,,,,,,,,,1,2,1,1,6
200500029692,0005-05-07 23:15:00,5,5,7,23,15,690,266.0,"., RUE L BLUM",,,Nuit avec éclairage allumé,En agglomération,Hors intersection,Normale,Autre collision,,,,,,,,,,,5,2,1,1,6
200500029693,0005-05-10 17:10:00,5,5,10,17,10,690,266.0,"257, CRS E ZOLA",,,Plein jour,En agglomération,Hors intersection,Normale,Deux véhicules - arrière,,,,,,,,,,,1,2,1,1,2
200500029694,0005-05-11 12:00:00,5,5,11,12,0,690,266.0,"159, RUE DU 4 AOUT 1789",,,Plein jour,En agglomération,Hors intersection,Normale,Autre collision,,,,,,,,,,,1,2,1,1,6
200500029695,0005-05-11 13:30:00,5,5,11,13,30,690,266.0,RUE DE LA SOIE,,,Plein jour,En agglomération,Hors intersection,Normale,Deux véhicules - côté,,,,,,,,,,,1,2,1,1,3
200500029696,0005-05-11 08:20:00,5,5,11,8,20,690,266.0,RUE CHAMBFORT,,,Plein jour,En agglomération,Intersection en X,Normale,Deux véhicules - côté,,,,,,,,,,,1,2,2,1,3
200500029697,0005-05-16 21:40:00,5,5,16,21,40,690,266.0,RUE A PERRONCEL,,,Crépuscule ou aube,En agglomération,Intersection en X,Normale,Deux véhicules - côté,,,,,,,,,,,2,2,2,1,3
200500029698,0005-05-19 20:05:00,5,5,19,20,5,690,266.0,"132, RUE DU 4 AOUT 1789",,,Plein jour,En agglomération,Hors intersection,Normale,Deux véhicules - côté,,,,,,,,,,,1,2,1,1,3
200500029699,0005-05-19 17:10:00,5,5,19,17,10,690,266.0,"., PL WILSON",,,Plein jour,En agglomération,Intersection en T,Normale,Deux véhicules - côté,,,,,,,,,,,1,2,3,1,3
200500029700,0005-05-20 12:30:00,5,5,20,12,30,690,266.0,"82, RUE DE CYPRIAN",,,Plein jour,En agglomération,Intersection en T,Normale,Deux véhicules - côté,,,,,,,,,,,1,2,3,1,3
200500029701,0005-05-26 21:50:00,5,5,26,21,50,690,266.0,"67, RUE DU 4 AOUT 1789",,,Nuit avec éclairage non allumé,En agglomération,Intersection en T,Normale,Deux véhicules - côté,,,,,,,,,,,4,2,3,1,3
200500029702,0005-05-20 10:30:00,5,5,20,10,30,690,266.0,"1, RUE RICHELIEU",,,Plein jour,En agglomération,Giratoire,Normale,Deux véhicules - arrière,,,,,,,,,,,1,2,6,1,2
200500029703,0005-05-23 18:05:00,5,5,23,18,5,690,266.0,"120, RUE L BLUM",,,Plein jour,En agglomération,Hors intersection,Normale,Deux véhicules - arrière,,,,,,,,,,,1,2,1,1,2
200500029704,0005-05-25 07:45:00,5,5,25,7,45,690,266.0,"1, RUE MIMI PINSON",,,Plein jour,En agglomération,Intersection en T,Normale,Autre collision,,,,,,,,,,,1,2,3,1,6
200500029705,0005-05-25 13:30:00,5,5,25,13,30,690,266.0,RUE DE LA SOIE,,,Plein jour,En agglomération,Intersection en X,Normale,Autre collision,,,,,,,,,,,1,2,2,1,6
200500029706,0005-05-25 18:20:00,5,5,25,18,20,690,266.0,RUE D'HANOI,,,Plein jour,En agglomération,Intersection en X,Normale,Autre collision,,,,,,,,,,,1,2,2,1,6
200500029707,0005-05-28 18:40:00,5,5,28,18,40,690,266.0,BD L BONNEVAY INT,,,Plein jour,En agglomération,Hors intersection,Normale,Autre collision,,,,,,,,,,,1,2,1,1,6
200500029708,0005-05-28 19:00:00,5,5,28,19,0,690,266.0,"44, RUE FLORIAN",,,Plein jour,En agglomération,Hors intersection,Normale,Autre collision,,,,,,,,,,,1,2,1,1,6
200500029709,0005-05-30 09:15:00,5,5,30,9,15,690,266.0,"112, AV R SALENGRO",,,Plein jour,En agglomération,Hors intersection,Pluie forte,Deux véhicules - arrière,,,,,,,,,,,1,2,1,3,2
200500029710,0005-05-30 10:45:00,5,5,30,10,45,690,266.0,"254, RUE DU 4 AOUT 1789",,,Plein jour,En agglomération,Hors intersection,Pluie forte,Autre collision,,,,,,,,,,,1,2,1,3,6
200500029711,0005-05-14 18:00:00,5,5,14,18,0,690,266.0,AV R SALENGRO,,,Plein jour,En agglomération,Intersection en X,Pluie légère,Deux véhicules - côté,,,,,,,,,,,1,2,2,2,3
200500029712,0005-05-21 08:40:00,5,5,21,8,40,690,275.0,"403, JEAN JAURES",,,Plein jour,En agglomération,Autre intersection,Normale,Autre collision,,,,,,,,,,,1,2,9,1,6
200500029713,0005-05-11 17:25:00,5,5,11,17,25,690,282.0,"17, TRILLET (DU)",,,Plein jour,En agglomération,Intersection en X,Normale,Deux véhicules - côté,,,,,,,,,,,1,2,2,1,3
200500029714,0005-05-16 10:30:00,5,5,16,10,30,690,282.0,"5, MARECHAL JOFFRE (DU)",,,Plein jour,En agglomération,Hors intersection,Normale,Autre collision,,,,,,,,,,,1,2,1,1,6
200500029715,0005-05-20 16:20:00,5,5,20,16,20,690,282.0,"., AQUITAINE (D')",,,Plein jour,En agglomération,Autre intersection,Normale,Deux véhicules - côté,,,,,,,,,,,1,2,9,1,3
200500029716,0005-05-03 21:35:00,5,5,3,21,35,690,290.0,DAUPHINE (DU),,,Nuit sans éclairage public,En agglomération,Hors intersection,Pluie légère,Deux véhicules - arrière,,,,,,,,,,,3,2,1,2,2
200500029717,0005-05-08 04:00:00,5,5,8,4,0,690,290.0,AVIATION (DE L'),,,Nuit avec éclairage allumé,En agglomération,Hors intersection,Normale,Autre collision,,,,,,,,,,,5,2,1,1,6
200500029718,0005-05-07 13:50:00,5,5,7,13,50,690,290.0,"0, ANDRE BOULLOCHE",,,Plein jour,En agglomération,Hors intersection,Normale,Trois véhicules et plus - collisions multiples,,,,,,,,,,,1,2,1,1,5
200500029719,0005-05-19 18:15:00,5,5,19,18,15,690,256.0,"0, CROIX ROUSSE (DE LA)",,,Plein jour,En agglomération,Intersection en X,Normale,Trois véhicules et plus - collisions multiples,,,,,,,,,,,1,2,2,1,5
200500029720,0005-05-17 13:40:00,5,5,17,13,40,690,256.0,EGALITE (DE L'),,,Plein jour,En agglomération,Intersection en X,Normale,Deux véhicules - côté,,,,,,,,,,,1,2,2,1,3
200500029721,0005-05-17 19:10:00,5,5,17,19,10,690,256.0,"0, FOUILLOUSE (DE LA)",,,Plein jour,En agglomération,Intersection en X,Normale,Autre collision,,,,,,,,,,,1,2,2,1,6
200500029722,0005-05-25 17:20:00,5,5,25,17,20,690,256.0,"0, PIERRE COT",,,Plein jour,En agglomération,Intersection en T,Normale,Deux véhicules - côté,,,,,,,,,,,1,2,3,1,3
200500029723,0005-05-28 11:15:00,5,5,28,11,15,690,290.0,"203, GRENOBLE (DE)  -  R",,,Plein jour,En agglomération,Hors intersection,Normale,Deux véhicules - côté,,,,,,,,,,,1,2,1,1,3
200500029724,0005-05-30 09:15:00,5,5,30,9,15,700,285.0,"24, LEON JOUHAUX (AVENUE",,,Plein jour,En agglomération,Hors intersection,Pluie légère,Deux véhicules - côté,,,,,,,,,,,1,2,1,2,3
200500029725,0005-05-06 11:00:00,5,5,6,11,0,700,261.0,RN19,,,Plein jour,Hors agglomération,Hors intersection,Normale,Deux véhicules - frontale,,,,,,,,,,,1,1,1,1,1
200500029726,0005-05-28 12:00:00,5,5,28,12,0,700,207.0,RN57,,,Plein jour,Hors agglomération,Hors intersection,Normale,Trois véhicules et plus - collisions multiples,,,,,,,,,,,1,1,1,1,5
200500029727,0005-05-03 09:05:00,5,5,3,9,5,710,445.0,DEMIGNY (ROUTE),,,Plein jour,En agglomération,Hors intersection,Pluie légère,Deux véhicules - côté,,,,,,,,,,,1,2,1,2,3
200500029728,0005-05-05 23:15:00,5,5,5,23,15,710,475.0,DEPARTEMENTALE 977,,,Nuit avec éclairage non allumé,Hors agglomération,Hors intersection,Normale,Deux véhicules - côté,,,,,,,,,,,4,1,1,1,3
200500029729,0005-05-18 09:40:00,5,5,18,9,40,710,76.0,"12, GAMBETTA (QUAI)",,,Plein jour,En agglomération,Hors intersection,Normale,Deux véhicules - côté,,,,,,,,,,,1,2,1,1,3
200500029730,0005-05-25 08:30:00,5,5,25,8,30,710,76.0,"11, LOUIS ALPHONSE POITE",,,Plein jour,En agglomération,Hors intersection,Normale,Autre collision,,,,,,,,,,,1,2,1,1,6
200500029731,0005-05-31 10:15:00,5,5,31,10,15,710,76.0,"50, MONNOT (AVENUE)",,,Plein jour,En agglomération,Hors intersection,Normale,Autre collision,,,,,,,,,,,1,2,1,1,6
200500029732,0005-05-06 17:20:00,5,5,6,17,20,710,153.0,STRASBOURG (RUE DE),,,Plein jour,En agglomération,Intersection en X,Normale,Deux véhicules - côté,,,,,,,,,,,1,2,2,1,3
200500029733,0005-05-08 00:10:00,5,5,8,0,10,710,153.0,CHANZY (RUE DE),,,Nuit avec éclairage allumé,En agglomération,Hors intersection,Pluie légère,Trois véhicules et plus - collisions multiples,,,,,,,,,,,5,2,1,2,5
200500029734,0005-05-13 13:20:00,5,5,13,13,20,710,59.0,lieu dit LA VESVRE,,,Plein jour,Hors agglomération,Hors intersection,Normale,Autre collision,,,,,,,,,,,1,1,1,1,6
200500029735,0005-05-19 19:00:00,5,5,19,19,0,710,153.0,"35, LORRAINE (RUE DE)",,,Plein jour,En agglomération,Hors intersection,Normale,Autre collision,,,,,,,,,,,1,2,1,1,6
200500029736,0005-05-25 13:30:00,5,5,25,13,30,710,153.0,"88, PYRENEES (RUE DES)",,,Plein jour,En agglomération,Intersection en X,Normale,Sans collision,,,,,,,,,,,1,2,2,1,7
200500029737,0005-05-27 16:40:00,5,5,27,16,40,710,153.0,"., PUEBLA (RUE)",,,Plein jour,En agglomération,Intersection en X,Normale,Deux véhicules - côté,,,,,,,,,,,1,2,2,1,3
200500029738,0005-05-28 17:30:00,5,5,28,17,30,710,59.0,"., CHEMIN RURAL DIT DES",,,Plein jour,Hors agglomération,Hors intersection,Normale,Deux véhicules - frontale,,,,,,,,,,,1,1,1,1,1
200500029739,0005-05-28 23:50:00,5,5,28,23,50,710,153.0,STRASBOURG (RUE DE),,,Nuit avec éclairage allumé,En agglomération,Intersection en X,Normale,Deux véhicules - côté,,,,,,,,,,,5,2,2,1,3
200500029740,0005-05-28 20:35:00,5,5,28,20,35,710,540.0,ROUTE EXPRESS N° 80,,,Plein jour,Hors agglomération,Hors intersection,Normale,Sans collision,,,,,,,,,,,1,1,1,1,7
200500029741,0005-05-29 22:30:00,5,5,29,22,30,710,309.0,ROUTE EXPRESS N° 80,,,Nuit sans éclairage public,Hors agglomération,Intersection en T,Normale,Deux véhicules - côté,,,,,,,,,,,3,1,3,1,3
200500029742,0005-05-31 08:35:00,5,5,31,8,35,710,153.0,MARECHAL FOCH (RUE),,,Plein jour,En agglomération,Intersection en X,Normale,Deux véhicules - côté,,,,,,,,,,,1,2,2,1,3
200500029743,0005-05-04 14:25:00,5,5,4,14,25,710,270.0,"1, NEUSTADT (ROND-POINT",,,Plein jour,En agglomération,Giratoire,Normale,Deux véhicules - côté,,,,,,,,,,,1,2,6,1,3
200500029744,0005-05-07 19:00:00,5,5,7,19,0,710,270.0,"1, MATHIEU (RUE)",,,Plein jour,En agglomération,Intersection en X,Normale,Deux véhicules - côté,,,,,,,,,,,1,2,2,1,3
200500029745,0005-05-10 18:50:00,5,5,10,18,50,710,270.0,CHAILLY GUERET (RUE),,,Plein jour,En agglomération,Intersection en X,Normale,Deux véhicules - côté,,,,,,,,,,,1,2,2,1,3
200500029746,0005-05-13 18:10:00,5,5,13,18,10,710,270.0,MOLARDS (LIEU DIT LES),,,Plein jour,En agglomération,Hors intersection,Normale,Autre collision,,,,,,,,,,,1,2,1,1,6
200500029747,0005-05-17 18:40:00,5,5,17,18,40,710,270.0,"1, JUIN (RUE DU MARECHAL",,,Plein jour,En agglomération,Autre intersection,Normale,Sans collision,,,,,,,,,,,1,2,9,1,7
200500029748,0005-05-18 10:05:00,5,5,18,10,5,710,270.0,"1, LIBERTE (BOULEVARD DE",,,Crépuscule ou aube,En agglomération,Intersection en X,Normale,Deux véhicules - côté,,,,,,,,,,,2,2,2,1,3
200500029749,0005-05-31 11:20:00,5,5,31,11,20,710,270.0,"15, HERRIOT (AVENUE EDOU",,,Plein jour,En agglomération,Hors intersection,Normale,Autre collision,,,,,,,,,,,1,2,1,1,6
200500029750,0005-05-14 23:10:00,5,5,14,23,10,710,40.0,"04, MACON (ROUTE DE)",,,Nuit avec éclairage allumé,En agglomération,Intersection en X,Normale,Autre collision,,,,,,,,,,,5,2,2,1,6
200500029751,0005-05-15 02:30:00,5,5,15,2,30,710,499.0,"87, CARNOT (RUE)",,,Nuit avec éclairage allumé,En agglomération,Intersection en T,Normale,Sans collision,,,,,,,,,,,5,2,3,1,7
200500029752,0005-05-20 04:45:00,5,5,20,4,45,710,40.0,"1, FELIX CLERC (RUE)",,,Nuit avec éclairage allumé,En agglomération,Intersection en X,Normale,Deux véhicules - côté,,,,,,,,,,,5,2,2,1,3
200500029753,0005-05-20 10:55:00,5,5,20,10,55,710,306.0,"3, ROANNE (RUE DE)",,,Plein jour,En agglomération,Hors intersection,Normale,Autre collision,,,,,,,,,,,1,2,1,1,6
200500029754,0005-05-26 21:10:00,5,5,26,21,10,710,486.0,"3, JEAN JAURES (AVENUE)",,,Nuit avec éclairage allumé,En agglomération,Hors intersection,Normale,Autre collision,,,,,,,,,,,5,2,1,1,6
200500029755,0005-05-31 18:25:00,5,5,31,18,25,710,40.0,"2, JEAN MARIE TREMEAU (R",,,Plein jour,En agglomération,Intersection en Y,Normale,Sans collision,,,,,,,,,,,1,2,4,1,7
200500029756,0005-05-01 23:30:00,5,5,1,23,30,720,181.0,"5, PORT (RUE DU)",,,Nuit avec éclairage allumé,En agglomération,Hors intersection,Normale,Autre collision,,,,,,,,,,,5,2,1,1,6
200500029757,0005-05-02 17:36:00,5,5,2,17,36,720,181.0,"276, BOLLEE (AV) N° IMP",,,Plein jour,En agglomération,Hors intersection,Normale,Autre collision,,,,,,,,,,,1,2,1,1,6
200500029758,0005-05-03 09:00:00,5,5,3,9,0,720,181.0,"14, EDISON THOMAS (RUE)",,,Plein jour,En agglomération,Hors intersection,Normale,Autre collision,,,,,,,,,,,1,2,1,1,6
200500029759,0005-05-03 12:30:00,5,5,3,12,30,720,181.0,"259, MAC JEAN (AV) N° IM",,,Plein jour,En agglomération,Intersection en X,Pluie légère,Deux véhicules - côté,,,,,,,,,,,1,2,2,2,3
200500029760,0005-05-03 13:30:00,5,5,3,13,30,720,181.0,DEGRE (RUE DE) N° IMP DE,,,Plein jour,En agglomération,Hors intersection,Normale,Deux véhicules - frontale,,,,,,,,,,,1,2,1,1,1