accident_id,datetime,annee,mois,jour,heure,minute,departement,commune_insee,adresse,latitude,longitude,luminosite,agglomeration,intersection,meteo,collision,nb_vehicules,nb_usagers,nb_indemnes,nb_tues,nb_blesses_hosp,nb_blesses_legers,age_cond_1,age_cond_2,veh_type_cond_1,veh_type_cond_2,lum_code,agg_code,int_code,atm_code,col_code
200500029761,0005-05-04 22:25:00,5,5,4,22,25,720,181.0,LOUIS BLANC (QUAI),,,Nuit avec éclairage allumé,En agglomération,Hors intersection,Normale,Deux véhicules - côté,,,,,,,,,,,5,2,1,1,3
200500029762,0005-05-07 11:52:00,5,5,7,11,52,720,181.0,"64/66, FALCONET ETIENNE",,,Plein jour,En agglomération,Hors intersection,Normale,Deux véhicules - côté,,,,,,,,,,,1,2,1,1,3
200500029763,0005-05-07 17:20:00,5,5,7,17,20,720,181.0,LAVAL (RTE DE) PAIRS,,,Plein jour,En agglomération,Hors intersection,Normale,Deux véhicules - arrière,,,,,,,,,,,1,2,1,1,2
200500029764,0005-05-09 14:00:00,5,5,9,14,0,720,181.0,ALLONNES PONT ROUGE (RTE,,,Plein jour,En agglomération,Hors intersection,Normale,Deux véhicules - arrière,,,,,,,,,,,1,2,1,1,2
200500029765,0005-05-11 11:50:00,5,5,11,11,50,720,181.0,DEGRE (RUE DE) N° PAIRS,,,Plein jour,En agglomération,Hors intersection,Normale,Deux véhicules - frontale,,,,,,,,,,,1,2,1,1,1
200500029766,0005-05-12 11:00:00,5,5,12,11,0,720,181.0,DURAND GEORGES (AV) N° P,,,Plein jour,En agglomération,Hors intersection,Normale,Autre collision,,,,,,,,,,,1,2,1,1,6
200500029767,0005-05-12 14:00:00,5,5,12,14,0,720,181.0,CUGNOT NICOLAS (BD),,,Plein jour,En agglomération,Hors intersection,Normale,Trois véhicules et plus - collisions multiples,,,,,,,,,,,1,2,1,1,5
200500029768,0005-05-13 19:10:00,5,5,13,19,10,720,181.0,TOURS (RTE) LIGNE DROITE,,,Plein jour,En agglomération,Hors intersection,Pluie légère,Deux véhicules - côté,,,,,,,,,,,1,2,1,2,3
200500029769,0005-05-13 18:05:00,5,5,13,18,5,720,3.0,SUZE (RTE DE LA),,,Plein jour,En agglomération,Hors intersection,Pluie légère,Deux véhicules - frontale,,,,,,,,,,,1,2,1,2,1
200500029770,0005-05-14 02:15:00,5,5,14,2,15,720,181.0,JACOBINS (PL DES),,,Nuit avec éclairage allumé,En agglomération,Hors intersection,Pluie légère,Autre collision,,,,,,,,,,,5,2,1,2,6
200500029771,0005-05-14 13:50:00,5,5,14,13,50,720,181.0,"84, JACQUES PAUL-LOUIS (",,,Plein jour,En agglomération,Hors intersection,Normale,Autre collision,,,,,,,,,,,1,2,1,1,6
200500029772,0005-05-15 11:20:00,5,5,15,11,20,720,181.0,PREMARTINE (RUE) N° IMP,,,Plein jour,En agglomération,Hors intersection,Normale,Deux véhicules - côté,,,,,,,,,,,1,2,1,1,3
200500029773,0005-05-15 12:20:00,5,5,15,12,20,720,181.0,ANGERS (RTE D'),,,Plein jour,En agglomération,Hors intersection,Normale,Deux véhicules - arrière,,,,,,,,,,,1,2,1,1,2
200500029774,0005-05-15 17:15:00,5,5,15,17,15,720,181.0,LAIGNE RUE DE N° IMP 229,,,Plein jour,En agglomération,Hors intersection,Normale,Autre collision,,,,,,,,,,,1,2,1,1,6
200500029775,0005-05-11 12:25:00,5,5,11,12,25,720,3.0,FONDUS (RTE DES),,,Plein jour,En agglomération,Hors intersection,Pluie légère,Deux véhicules - côté,,,,,,,,,,,1,2,1,2,3
200500029776,0005-05-17 17:45:00,5,5,17,17,45,720,181.0,CHAMPION HENRI (RUE) N°,,,Plein jour,En agglomération,Hors intersection,Normale,Deux véhicules - frontale,,,,,,,,,,,1,2,1,1,1
200500029777,0005-05-18 08:30:00,5,5,18,8,30,720,181.0,"98, JAURES JEAN (AV) N°",,,Plein jour,En agglomération,Hors intersection,Normale,Deux véhicules - arrière,,,,,,,,,,,1,2,1,1,2
200500029778,0005-05-18 16:10:00,5,5,18,16,10,720,181.0,"2, MAILLETS (RUE DES) N°",,,Plein jour,En agglomération,Hors intersection,Normale,Trois véhicules et plus - en chaîne,,,,,,,,,,,1,2,1,1,4
200500029779,0005-05-18 16:30:00,5,5,18,16,30,720,181.0,MENDES FRANCE PIERRE (AV,,,Plein jour,En agglomération,Hors intersection,Normale,Autre collision,,,,,,,,,,,1,2,1,1,6
200500029780,0005-05-18 17:30:00,5,5,18,17,30,720,181.0,CUGNOT NICOLAS (BD),,,Plein jour,En agglomération,Hors intersection,Normale,Deux véhicules - côté,,,,,,,,,,,1,2,1,1,3
200500029781,0005-05-18 20:45:00,5,5,18,20,45,720,181.0,BEAUGE (RUE DE),,,Plein jour,En agglomération,Intersection en T,Normale,Deux véhicules - frontale,,,,,,,,,,,1,2,3,1,1
200500029782,0005-05-19 08:50:00,5,5,19,8,50,720,181.0,"227, BOLLEE (AV) N° IMP",,,Plein jour,En agglomération,Hors intersection,Normale,Deux véhicules - côté,,,,,,,,,,,1,2,1,1,3
200500029783,0005-05-19 08:00:00,5,5,19,8,0,720,3.0,GAULLE CHARLES DE (AV),,,Plein jour,En agglomération,Hors intersection,Normale,Trois véhicules et plus - en chaîne,,,,,,,,,,,1,2,1,1,4
200500029784,0005-05-19 10:00:00,5,5,19,10,0,720,181.0,PATTON GENERAL RTE BAUGE,,,Plein jour,En agglomération,Hors intersection,Normale,Deux véhicules - arrière,,,,,,,,,,,1,2,1,1,2
200500029785,0005-05-19 15:40:00,5,5,19,15,40,720,181.0,LEFAUCHEUX PIERRE (BD),,,Plein jour,En agglomération,Intersection en X,Normale,Deux véhicules - côté,,,,,,,,,,,1,2,2,1,3
200500029786,0005-05-19 20:30:00,5,5,19,20,30,720,181.0,CHAMPION HENRI (RUE) N°,,,Plein jour,En agglomération,Hors intersection,Normale,Deux véhicules - côté,,,,,,,,,,,1,2,1,1,3
200500029787,0005-05-20 12:20:00,5,5,20,12,20,720,181.0,CHAMPION HENRI (RUE) N°,,,Plein jour,En agglomération,Hors intersection,Normale,Deux véhicules - arrière,,,,,,,,,,,1,2,1,1,2
200500029788,0005-05-20 18:10:00,5,5,20,18,10,720,181.0,JAURES JEAN (AV) N° PAIR,,,Plein jour,En agglomération,Intersection en T,Normale,Deux véhicules - frontale,,,,,,,,,,,1,2,3,1,1
200500029789,0005-05-20 19:35:00,5,5,20,19,35,720,181.0,LALANDE AMIRAL (QUAI) N°,,,Plein jour,En agglomération,Intersection en T,Normale,Deux véhicules - frontale,,,,,,,,,,,1,2,3,1,1
200500029790,0005-05-21 09:00:00,5,5,21,9,0,720,181.0,COURBOULAY PAUL (RUE),,,Plein jour,En agglomération,Hors intersection,Normale,Deux véhicules - frontale,,,,,,,,,,,1,2,1,1,1
200500029791,0005-05-21 20:15:00,5,5,21,20,15,720,181.0,DUCRE (RUE),,,Plein jour,En agglomération,Hors intersection,Normale,Deux véhicules - côté,,,,,,,,,,,1,2,1,1,3
200500029792,0005-05-22 09:30:00,5,5,22,9,30,720,181.0,JACOBINS (PL DES),,,Plein jour,En agglomération,Hors intersection,Normale,Autre collision,,,,,,,,,,,1,2,1,1,6
200500029793,0005-05-22 11:15:00,5,5,22,11,15,720,3.0,"28, PROVENCE (HAM DE)",,,Plein jour,En agglomération,Hors intersection,Normale,Autre collision,,,,,,,,,,,1,2,1,1,6
200500029794,0005-05-23 09:40:00,5,5,23,9,40,720,181.0,"202, LAIGNE RUE DE N° PA",,,Plein jour,En agglomération,Hors intersection,Normale,Autre collision,,,,,,,,,,,1,2,1,1,6
200500029795,0005-05-23 10:30:00,5,5,23,10,30,720,181.0,RUBILLARD AV N° PAIRS 11,,,Plein jour,En agglomération,Hors intersection,Normale,Deux véhicules - frontale,,,,,,,,,,,1,2,1,1,1
200500029796,0005-05-24 15:00:00,5,5,24,15,0,720,181.0,"23, GENESLAY FELIX (AV)",,,Plein jour,En agglomération,Hors intersection,Normale,Deux véhicules - côté,,,,,,,,,,,1,2,1,1,3
200500029797,0005-05-25 17:50:00,5,5,25,17,50,720,181.0,"141, RUAUDIN (RUE) N° IM",,,Plein jour,En agglomération,Intersection en X,Normale,Deux véhicules - arrière,,,,,,,,,,,1,2,2,1,2
200500029798,0005-05-25 20:00:00,5,5,25,20,0,720,181.0,LEFAUCHEUX PIERRE (BD),,,Plein jour,En agglomération,Hors intersection,Normale,Autre collision,,,,,,,,,,,1,2,1,1,6
200500029799,0005-05-26 15:00:00,5,5,26,15,0,720,181.0,BOLLEE (AV) N° IMP 1 A 6,,,Plein jour,En agglomération,Hors intersection,Normale,Deux véhicules - frontale,,,,,,,,,,,1,2,1,1,1
200500029800,0005-05-27 10:30:00,5,5,27,10,30,720,181.0,ALENCON (RTE D'),,,Plein jour,En agglomération,Hors intersection,Normale,Trois véhicules et plus - collisions multiples,,,,,,,,,,,1,2,1,1,5
200500029801,0005-05-27 13:35:00,5,5,27,13,35,720,181.0,"169, RUBILLARD AV N° IMP",,,Plein jour,En agglomération,Hors intersection,Normale,Deux véhicules - frontale,,,,,,,,,,,1,2,1,1,1
200500029802,0005-05-27 16:05:00,5,5,27,16,5,720,181.0,"29, GARE (BD DE LA)",,,Plein jour,En agglomération,Hors intersection,Normale,Autre collision,,,,,,,,,,,1,2,1,1,6
200500029803,0005-05-27 23:30:00,5,5,27,23,30,720,181.0,ANTARES (AV),,,Nuit avec éclairage allumé,En agglomération,Hors intersection,Normale,Deux véhicules - frontale,,,,,,,,,,,5,2,1,1,1
200500029804,0005-05-28 17:00:00,5,5,28,17,0,720,181.0,REPUBLIQUE (PL) N° 1 A 2,,,Plein jour,En agglomération,Hors intersection,Normale,Autre collision,,,,,,,,,,,1,2,1,1,6
200500029805,0005-05-28 19:30:00,5,5,28,19,30,720,181.0,PLATANES (AV DES),,,Plein jour,En agglomération,Hors intersection,Normale,Deux véhicules - côté,,,,,,,,,,,1,2,1,1,3
200500029806,0005-05-29 02:22:00,5,5,29,2,22,720,181.0,DURAND GEORGES (AV) N° I,,,Nuit avec éclairage allumé,En agglomération,Hors intersection,Normale,Deux véhicules - côté,,,,,,,,,,,5,2,1,1,3
200500029807,0005-05-30 10:30:00,5,5,30,10,30,720,181.0,"58, MIROIR (RUE DU)",,,Plein jour,En agglomération,Hors intersection,Normale,Deux véhicules - côté,,,,,,,,,,,1,2,1,1,3
200500029808,0005-05-28 20:40:00,5,5,28,20,40,720,181.0,"49, RIVIERE (RUE DE LA)",,,Nuit avec éclairage allumé,En agglomération,Hors intersection,Normale,Deux véhicules - frontale,,,,,,,,,,,5,2,1,1,1
200500029809,0005-05-31 09:15:00,5,5,31,9,15,720,181.0,"363, BOLLEE (AV) N° IMP",,,Plein jour,En agglomération,Hors intersection,Normale,Deux véhicules - côté,,,,,,,,,,,1,2,1,1,3
200500029810,0005-05-29 20:15:00,5,5,29,20,15,730,8.0,"41, Wilson",,,Plein jour,En agglomération,Hors intersection,Normale,Autre collision,,,,,,,,,,,1,2,1,1,6
200500029811,0005-05-23 10:23:00,5,5,23,10,23,730,8.0,Lord Revelstock,,,Plein jour,En agglomération,Hors intersection,Normale,Autre collision,,,,,,,,,,,1,2,1,1,6
200500029812,0005-05-30 08:10:00,5,5,30,8,10,730,8.0,Charles de Gaulle,,,Plein jour,En agglomération,Intersection en T,Normale,Deux véhicules - côté,,,,,,,,,,,1,2,3,1,3
200500029813,0005-05-27 15:15:00,5,5,27,15,15,730,8.0,des Mollerons,,,Plein jour,Hors agglomération,Intersection en T,Normale,Deux véhicules - côté,,,,,,,,,,,1,1,3,1,3
200500029814,0005-05-02 20:20:00,5,5,2,20,20,730,11.0,"148, MATHIAS (RUE JEAN-B",,,Crépuscule ou aube,En agglomération,Hors intersection,Normale,Autre collision,,,,,,,,,,,2,2,1,1,6
200500029815,0005-05-02 10:05:00,5,5,2,10,5,730,11.0,FONTANET (AV.) RUISSEAU,,,Plein jour,En agglomération,Intersection en T,Normale,Deux véhicules - côté,,,,,,,,,,,1,2,3,1,3
200500029816,0005-05-20 12:50:00,5,5,20,12,50,730,11.0,DUBOIS (RUE DU CDT) J.MO,,,Plein jour,En agglomération,Giratoire,Normale,Deux véhicules - côté,,,,,,,,,,,1,2,6,1,3
200500029817,0005-05-24 14:00:00,5,5,24,14,0,730,11.0,R.N. 90 DE GILLY/ ISERE,,,Plein jour,En agglomération,Hors intersection,Normale,Deux véhicules - côté,,,,,,,,,,,1,2,1,1,3
200500029818,0005-05-26 19:50:00,5,5,26,19,50,730,11.0,"411, CASSINE (CH. DE LA)",,,Plein jour,En agglomération,Hors intersection,Normale,Autre collision,,,,,,,,,,,1,2,1,1,6
200500029819,0005-05-06 18:20:00,5,5,6,18,20,730,65.0,PARENT NICOLAS (RUE),,,Plein jour,En agglomération,Hors intersection,Normale,Autre collision,,,,,,,,,,,1,2,1,1,6
200500029820,0005-05-14 10:50:00,5,5,14,10,50,730,31.0,MERANDE (ECHANGEUR DE),,,Plein jour,Hors agglomération,Giratoire,Pluie forte,Deux véhicules - côté,,,,,,,,,,,1,1,6,3,3
200500029821,0005-05-11 15:15:00,5,5,11,15,15,730,65.0,ALSACE LORRAINE (AVENUE),,,Plein jour,En agglomération,Hors intersection,Normale,Deux véhicules - arrière,,,,,,,,,,,1,2,1,1,2
200500029822,0005-05-05 11:30:00,5,5,5,11,30,740,10.0,FIER (BOULEVARD DU)),,,Plein jour,En agglomération,Hors intersection,Pluie légère,Autre collision,,,,,,,,,,,1,2,1,2,6
200500029823,0005-05-09 10:14:00,5,5,9,10,14,740,10.0,VIGNIERES (PASSAGE DES/R,,,Plein jour,En agglomération,Hors intersection,Normale,Autre collision,,,,,,,,,,,1,2,1,1,6
200500029824,0005-05-12 11:35:00,5,5,12,11,35,740,10.0,TRESUM (AVENUE DE),,,Plein jour,En agglomération,Giratoire,Normale,Autre collision,,,,,,,,,,,1,2,6,1,6
200500029825,0005-05-13 08:45:00,5,5,13,8,45,740,10.0,"58, GENEVE (AVENUE DE)(S",,,Plein jour,En agglomération,Hors intersection,Normale,Autre collision,,,,,,,,,,,1,2,1,1,6
200500029826,0005-05-19 08:14:00,5,5,19,8,14,740,93.0,", VERT BOIS (AVENUE DE)",,,Plein jour,En agglomération,Intersection en T,Normale,Deux véhicules - côté,,,,,,,,,,,1,2,3,1,3
200500029827,0005-05-21 17:35:00,5,5,21,17,35,740,10.0,ROCADE (BOULEVARD DE LA),,,Plein jour,En agglomération,Intersection en X,Normale,Deux véhicules - arrière,,,,,,,,,,,1,2,2,1,2
200500029828,0005-05-19 01:00:00,5,5,19,1,0,740,10.0,"64, FIER (BOULEVARD DU))",,,Nuit avec éclairage allumé,En agglomération,Hors intersection,Normale,Autre collision,,,,,,,,,,,5,2,1,1,6
200500029829,0005-05-25 07:55:00,5,5,25,7,55,740,10.0,BROGNY (AVENUE DE) (SECT,,,Plein jour,En agglomération,Hors intersection,Normale,Autre collision,,,,,,,,,,,1,2,1,1,6
200500029830,0005-05-26 11:25:00,5,5,26,11,25,740,93.0,GEVRIER (DE),,,Plein jour,En agglomération,Hors intersection,Normale,Autre collision,,,,,,,,,,,1,2,1,1,6
200500029831,0005-05-28 14:55:00,5,5,28,14,55,740,10.0,"9, BERTHOLLET",,,Plein jour,En agglomération,Hors intersection,Normale,Deux véhicules - côté,,,,,,,,,,,1,2,1,1,3
200500029832,0005-05-29 19:25:00,5,5,29,19,25,740,10.0,BURGAT CHARVILLON,,,Plein jour,En agglomération,Intersection en T,Normale,Deux véhicules - côté,,,,,,,,,,,1,2,3,1,3
200500029833,0005-05-07 18:40:00,5,5,7,18,40,740,12.0,"6, NAUDIN (RUE RENE)",,,Plein jour,En agglomération,Hors intersection,Pluie légère,Deux véhicules - côté,,,,,,,,,,,1,2,1,2,3
200500029834,0005-05-11 17:19:00,5,5,11,17,19,740,12.0,THONON (ROUTE DE),,,Plein jour,En agglomération,Intersection en T,Normale,Deux véhicules - côté,,,,,,,,,,,1,2,3,1,3
200500029835,0005-05-24 10:00:00,5,5,24,10,0,740,12.0,FAVRE (RUE DU DR CHARLES,,,Plein jour,En agglomération,Hors intersection,Normale,Autre collision,,,,,,,,,,,1,2,1,1,6
200500029836,0005-05-03 18:30:00,5,5,3,18,30,740,218.0,NOAILLES (AVENUE ANNA DE,,,Plein jour,En agglomération,Hors intersection,Pluie légère,Deux véhicules - frontale,,,,,,,,,,,1,2,1,2,1
200500029837,0005-05-02 23:55:00,5,5,2,23,55,740,218.0,RIVE (AVENUE DE LA)  RN5,,,Nuit avec éclairage allumé,En agglomération,Intersection en X,Pluie légère,Deux véhicules - arrière,,,,,,,,,,,5,2,2,2,2
200500029838,0005-05-16 17:40:00,5,5,16,17,40,740,281.0,DE GAULLE (AV DU GAL) AP,,,Plein jour,En agglomération,Intersection en T,Normale,Autre collision,,,,,,,,,,,1,2,3,1,6
200500029839,0005-05-21 08:45:00,5,5,21,8,45,740,13.0,"0, FONTAINES (RUE DES)",,,Plein jour,En agglomération,Hors intersection,Normale,Autre collision,,,,,,,,,,,1,2,1,1,6
200500029840,0005-05-30 15:25:00,5,5,30,15,25,740,281.0,GENEVE (AVE DE) JUSQUE C,,,Plein jour,En agglomération,Giratoire,Normale,Deux véhicules - côté,,,,,,,,,,,1,2,6,1,3
200500029841,0005-05-27 09:10:00,5,5,27,9,10,740,281.0,GENEVE (AVE DE) JUSQUE C,,,Plein jour,En agglomération,Giratoire,Normale,Deux véhicules - côté,,,,,,,,,,,1,2,6,1,3
200500029842,0005-05-19 13:20:00,5,5,19,13,20,740,281.0,DE GAULLE (AV DU GAL) AP,,,Plein jour,En agglomération,Intersection en T,Normale,Deux véhicules - côté,,,,,,,,,,,1,2,3,1,3
200500029843,0005-05-31 09:50:00,5,5,31,9,50,740,281.0,FERRY (AV JULES) JUSQU'A,,,Plein jour,En agglomération,Intersection en X,Normale,Autre collision,,,,,,,,,,,1,2,2,1,6
200500029844,0005-05-10 15:25:00,5,5,10,15,25,750,1.0,R DE RIVOLI R DE L ARBRE,,,Plein jour,En agglomération,Intersection en X,Normale,Deux véhicules - côté,,,,,,,,,,,1,2,2,1,3
200500029845,0005-05-01 00:10:00,5,5,1,0,10,750,10.0,93 Q DE VALMY,,,Nuit avec éclairage allumé,En agglomération,Hors intersection,Normale,Autre collision,,,,,,,,,,,5,2,1,1,6
200500029846,0005-05-01 02:10:00,5,5,1,2,10,750,7.0,PT ALEXANDRE III Q D ORS,,,Nuit avec éclairage allumé,En agglomération,Intersection en X,Normale,Deux véhicules - côté,,,,,,,,,,,5,2,2,1,3
200500029847,0005-05-03 18:05:00,5,5,3,18,5,750,15.0,BD VICTOR R DESNOUETTES,,,Plein jour,En agglomération,Intersection en X,Normale,Deux véhicules - côté,,,,,,,,,,,1,2,2,1,3
200500029848,0005-05-03 19:30:00,5,5,3,19,30,750,11.0,166 R DE LA ROQUETTE,,,Plein jour,En agglomération,Hors intersection,Temps couvert,Autre collision,,,,,,,,,,,1,2,1,8,6
200500029849,0005-05-04 08:00:00,5,5,4,8,0,750,16.0,CHE CEINTURE LAC INF AV,,,Plein jour,En agglomération,Intersection en X,Normale,Autre collision,,,,,,,,,,,1,2,2,1,6
200500029850,0005-05-05 16:55:00,5,5,5,16,55,750,15.0,R DE LA CONVENTION R DE,,,Plein jour,En agglomération,Intersection en X,Normale,Deux véhicules - côté,,,,,,,,,,,1,2,2,1,3
200500029851,0005-05-06 17:45:00,5,5,6,17,45,750,15.0,BPE BRANCION VANVES,,,Plein jour,En agglomération,Hors intersection,Normale,Deux véhicules - arrière,,,,,,,,,,,1,2,1,1,2
200500029852,0005-05-08 23:55:00,5,5,8,23,55,750,12.0,BPI DOREE CHARENTON,,,Nuit avec éclairage allumé,En agglomération,Hors intersection,Normale,Autre collision,,,,,,,,,,,5,2,1,1,6
200500029853,0005-05-09 13:45:00,5,5,9,13,45,750,18.0,BPE AUBERVILLIERS CHAPEL,,,Plein jour,En agglomération,Hors intersection,Normale,Autre collision,,,,,,,,,,,1,2,1,1,6
200500029854,0005-05-09 16:15:00,5,5,9,16,15,750,14.0,128 AV GENERAL LECLERC,,,Plein jour,En agglomération,Hors intersection,Normale,Deux véhicules - côté,,,,,,,,,,,1,2,1,1,3
200500029855,0005-05-01 17:45:00,5,5,1,17,45,750,1.0,R DE RIVOLI R CAMBON,,,Plein jour,En agglomération,Intersection en T,Normale,Autre collision,,,,,,,,,,,1,2,3,1,6
200500029856,0005-05-01 13:31:00,5,5,1,13,31,750,3.0,R DE TURBIGO R SAINT MAR,,,Plein jour,En agglomération,Intersection en X,Normale,Autre collision,,,,,,,,,,,1,2,2,1,6
200500029857,0005-05-01 18:40:00,5,5,1,18,40,750,6.0,BD SAINT GERMAIN PL JACQ,,,Plein jour,En agglomération,Intersection en T,Normale,Deux véhicules - côté,,,,,,,,,,,1,2,3,1,3
200500029858,0005-05-01 13:25:00,5,5,1,13,25,750,10.0,171 BD DE LA VILLETTE,,,Plein jour,En agglomération,Hors intersection,Normale,Deux véhicules - côté,,,,,,,,,,,1,2,1,1,3
200500029859,0005-05-01 17:10:00,5,5,1,17,10,750,13.0,AV PORTE DE CHOISY,,,Plein jour,En agglomération,Hors intersection,Normale,Deux véhicules - arrière,,,,,,,,,,,1,2,1,1,2
200500029860,0005-05-01 16:15:00,5,5,1,16,15,750,16.0,78 AV GRANDE ARMEE,,,Plein jour,En agglomération,Hors intersection,Normale,Deux véhicules - côté,,,,,,,,,,,1,2,1,1,3
200500029861,0005-05-01 07:04:00,5,5,1,7,4,750,16.0,118 AV DE VERSAILLES,,,Plein jour,En agglomération,Hors intersection,Normale,Deux véhicules - arrière,,,,,,,,,,,1,2,1,1,2
200500029862,0005-05-01 06:20:00,5,5,1,6,20,750,17.0,82 AV DE VILLIERS,,,Plein jour,En agglomération,Hors intersection,Normale,Autre collision,,,,,,,,,,,1,2,1,1,6
200500029863,0005-05-01 23:10:00,5,5,1,23,10,750,18.0,AV DE SAINT OUEN PAS DAU,,,Nuit avec éclairage allumé,En agglomération,Intersection en T,Normale,Deux véhicules - côté,,,,,,,,,,,5,2,3,1,3
200500029864,0005-05-01 14:45:00,5,5,1,14,45,750,19.0,AV DE FLANDRE R DE L ARG,,,Plein jour,En agglomération,Intersection en T,Normale,Autre collision,,,,,,,,,,,1,2,3,1,6
200500029865,0005-05-01 07:00:00,5,5,1,7,0,750,19.0,31 Q DE L OISE,,,Plein jour,En agglomération,Hors intersection,Normale,Autre collision,,,,,,,,,,,1,2,1,1,6
200500029866,0005-05-02 16:55:00,5,5,2,16,55,750,2.0,40 R VIVIENNE,,,Plein jour,En agglomération,Hors intersection,Normale,Deux véhicules - côté,,,,,,,,,,,1,2,1,1,3
200500029867,0005-05-02 12:25:00,5,5,2,12,25,750,8.0,AV CHAMPS ELYSEES PL CLE,,,Plein jour,En agglomération,Intersection en X,Normale,Deux véhicules - côté,,,,,,,,,,,1,2,2,1,3
200500029868,0005-05-02 16:26:00,5,5,2,16,26,750,10.0,R FG SAINT MARTIN R LOUI,,,Plein jour,En agglomération,Intersection en X,Normale,Autre collision,,,,,,,,,,,1,2,2,1,6
200500029869,0005-05-02 00:22:00,5,5,2,0,22,750,11.0,260 BD VOLTAIRE,,,Nuit avec éclairage allumé,En agglomération,Hors intersection,Normale,Autre collision,,,,,,,,,,,5,2,1,1,6
200500029870,0005-05-02 14:10:00,5,5,2,14,10,750,11.0,AV LEDRU ROLLIN PASS CHA,,,Plein jour,En agglomération,Intersection en X,Normale,Autre collision,,,,,,,,,,,1,2,2,1,6
200500029871,0005-05-02 19:55:00,5,5,2,19,55,750,16.0,BD EXELMANS AV DE VERSAI,,,Plein jour,En agglomération,Intersection en X,Normale,Autre collision,,,,,,,,,,,1,2,2,1,6
200500029872,0005-05-02 08:55:00,5,5,2,8,55,750,17.0,R RENNEQUIN AV NIEL,,,Plein jour,En agglomération,Intersection en X,Temps couvert,Autre collision,,,,,,,,,,,1,2,2,8,6
200500029873,0005-05-10 22:10:00,5,5,10,22,10,750,7.0,R D ESTREES AV DE SEGUR,,,Nuit avec éclairage allumé,En agglomération,Intersection en T,Normale,Deux véhicules - frontale,,,,,,,,,,,5,2,3,1,1
200500029874,0005-05-01 12:05:00,5,5,1,12,5,750,15.0,BD LEFEBVRE R BRANCION,,,Plein jour,En agglomération,Intersection en X,Normale,Deux véhicules - côté,,,,,,,,,,,1,2,2,1,3
200500029875,0005-05-01 01:10:00,5,5,1,1,10,750,9.0,4 PL DE CLICHY,,,Nuit avec éclairage allumé,En agglomération,Hors intersection,Normale,Autre collision,,,,,,,,,,,5,2,1,1,6
200500029876,0005-05-02 15:45:00,5,5,2,15,45,750,18.0,24 R ORDENER,,,Plein jour,En agglomération,Hors intersection,Normale,Deux véhicules - côté,,,,,,,,,,,1,2,1,1,3
200500029877,0005-05-02 09:15:00,5,5,2,9,15,750,18.0,R CHAMPIONNET R MARCADET,,,Plein jour,En agglomération,Intersection en Y,Temps couvert,Autre collision,,,,,,,,,,,1,2,4,8,6
200500029878,0005-05-02 09:45:00,5,5,2,9,45,750,9.0,PL JACQUES ROUCHER MEYER,,,Plein jour,En agglomération,Intersection en X,Normale,Deux véhicules - côté,,,,,,,,,,,1,2,2,1,3
200500029879,0005-05-02 13:30:00,5,5,2,13,30,750,6.0,23 Q MALAQUAIS,,,Plein jour,En agglomération,Hors intersection,Normale,Deux véhicules - côté,,,,,,,,,,,1,2,1,1,3
200500029880,0005-05-02 20:00:00,5,5,2,20,0,750,6.0,BD SAINT MICHEL BD SAINT,,,Plein jour,En agglomération,Intersection en X,Normale,Autre collision,,,,,,,,,,,1,2,2,1,6
200500029881,0005-05-11 14:15:00,5,5,11,14,15,750,15.0,BD GL MARTIAL VALIN R ER,,,Plein jour,En agglomération,Intersection en T,Normale,Deux véhicules - côté,,,,,,,,,,,1,2,3,1,3
200500029882,0005-05-03 22:15:00,5,5,3,22,15,750,17.0,AV GRANDE ARMEE R DE TIL,,,Nuit avec éclairage allumé,En agglomération,Intersection en X,Normale,Deux véhicules - côté,,,,,,,,,,,5,2,2,1,3
200500029883,0005-05-03 08:40:00,5,5,3,8,40,750,17.0,AV DE CLICHY R JACQUEMON,,,Plein jour,En agglomération,Intersection en T,Normale,Autre collision,,,,,,,,,,,1,2,3,1,6
200500029884,0005-05-03 14:05:00,5,5,3,14,5,750,16.0,AV DE MALAKOFF PL PORTE,,,Plein jour,En agglomération,Intersection en T,Normale,Autre collision,,,,,,,,,,,1,2,3,1,6
200500029885,0005-05-03 17:35:00,5,5,3,17,35,750,4.0,40 Q DES CELESTINS,,,Plein jour,En agglomération,Hors intersection,Normale,Deux véhicules - côté,,,,,,,,,,,1,2,1,1,3
200500029886,0005-05-03 17:05:00,5,5,3,17,5,750,4.0,BD HENRI IV Q DES CELEST,,,Plein jour,En agglomération,Intersection en X,Pluie légère,Deux véhicules - côté,,,,,,,,,,,1,2,2,2,3
200500029887,0005-05-03 13:07:00,5,5,3,13,7,750,6.0,34 R GUYNEMER,,,Plein jour,En agglomération,Hors intersection,Normale,Autre collision,,,,,,,,,,,1,2,1,1,6
200500029888,0005-05-03 16:05:00,5,5,3,16,5,750,7.0,18 R DES SAINTS PERES,,,Plein jour,En agglomération,Hors intersection,Pluie forte,Deux véhicules - côté,,,,,,,,,,,1,2,1,3,3
200500029889,0005-05-03 14:35:00,5,5,3,14,35,750,8.0,R ROYALE PL DE LA CONCOR,,,Plein jour,En agglomération,Intersection en T,Normale,Deux véhicules - côté,,,,,,,,,,,1,2,3,1,3
200500029890,0005-05-03 18:35:00,5,5,3,18,35,750,12.0,R FG SAINT ANTOINE R ANT,,,Plein jour,En agglomération,Intersection en T,Normale,Sans collision,,,,,,,,,,,1,2,3,1,7
200500029891,0005-05-03 12:45:00,5,5,3,12,45,750,16.0,2 AV DE VERSAILLES,,,Plein jour,En agglomération,Hors intersection,Normale,Autre collision,,,,,,,,,,,1,2,1,1,6
200500029892,0005-05-04 18:15:00,5,5,4,18,15,750,18.0,24 BD DE LA CHAPELLE,,,Plein jour,En agglomération,Hors intersection,Pluie légère,Deux véhicules - arrière,,,,,,,,,,,1,2,1,2,2