accident_id,datetime,annee,mois,jour,heure,minute,departement,commune_insee,adresse,latitude,longitude,luminosite,agglomeration,intersection,meteo,collision,nb_vehicules,nb_usagers,nb_indemnes,nb_tues,nb_blesses_hosp,nb_blesses_legers,age_cond_1,age_cond_2,veh_type_cond_1,veh_type_cond_2,lum_code,agg_code,int_code,atm_code,col_code
200500030027,0005-05-11 17:00:00,5,5,11,17,0,750,16.0,BD SUCHET SQ ALFRED CAPU,,,Plein jour,En agglomération,Intersection en T,Normale,Autre collision,,,,,,,,,,,1,2,3,1,6
200500030028,0005-05-11 11:00:00,5,5,11,11,0,750,20.0,BD DE BELLEVILLE R RAMPO,,,Plein jour,En agglomération,Intersection en T,Normale,Autre collision,,,,,,,,,,,1,2,3,1,6
200500030029,0005-05-11 10:30:00,5,5,11,10,30,750,20.0,AV DU DOCTEUR GLEY R PAU,,,Plein jour,En agglomération,Intersection en Y,Normale,Deux véhicules - côté,,,,,,,,,,,1,2,4,1,3
200500030030,0005-05-23 14:50:00,5,5,23,14,50,750,14.0,70 AV GENERAL LECLERC,,,Plein jour,En agglomération,Hors intersection,Normale,Autre collision,,,,,,,,,,,1,2,1,1,6
200500030031,0005-05-23 17:10:00,5,5,23,17,10,750,16.0,AV DE VERSAILLES R NARCI,,,Plein jour,En agglomération,Intersection en T,Normale,Autre collision,,,,,,,,,,,1,2,3,1,6
200500030032,0005-05-11 15:00:00,5,5,11,15,0,750,16.0,RTE DES LACS A PASSY CHE,,,Plein jour,En agglomération,Intersection en X,Normale,Deux véhicules - côté,,,,,,,,,,,1,2,2,1,3
200500030033,0005-05-11 11:25:00,5,5,11,11,25,750,16.0,R G DE MAUPASSANT BD EMI,,,Plein jour,En agglomération,Intersection en X,Normale,Deux véhicules - côté,,,,,,,,,,,1,2,2,1,3
200500030034,0005-05-11 17:55:00,5,5,11,17,55,750,12.0,L9988 AV DE SAINT MAURIC,,,Plein jour,En agglomération,Hors intersection,Normale,Autre collision,,,,,,,,,,,1,2,1,1,6
200500030035,0005-05-11 12:50:00,5,5,11,12,50,750,12.0,AV DAUMESNIL ECH DOREE,,,Plein jour,En agglomération,Intersection en T,Normale,Trois véhicules et plus - collisions multiples,,,,,,,,,,,1,2,3,1,5
200500030036,0005-05-11 12:25:00,5,5,11,12,25,750,12.0,72 AV DE SAINT MANDE,,,Plein jour,En agglomération,Hors intersection,Normale,Deux véhicules - côté,,,,,,,,,,,1,2,1,1,3
200500030037,0005-05-11 14:55:00,5,5,11,14,55,750,8.0,BD HAUSSMANN R DE COURCE,,,Plein jour,En agglomération,Intersection en X,Normale,Deux véhicules - côté,,,,,,,,,,,1,2,2,1,3
200500030038,0005-05-11 12:30:00,5,5,11,12,30,750,1.0,R COQUILLIERE R HEROLD,,,Plein jour,En agglomération,Intersection en Y,Normale,Autre collision,,,,,,,,,,,1,2,4,1,6
200500030039,0005-05-11 10:40:00,5,5,11,10,40,750,8.0,AV MARCEAU,,,Plein jour,En agglomération,Hors intersection,Normale,Deux véhicules - arrière,,,,,,,,,,,1,2,1,1,2
200500030040,0005-05-11 11:40:00,5,5,11,11,40,750,10.0,R FG SAINT MARTIN PL BT,,,Plein jour,En agglomération,Intersection en T,Normale,Deux véhicules - côté,,,,,,,,,,,1,2,3,1,3
200500030041,0005-05-12 20:05:00,5,5,12,20,5,750,9.0,BD HAUSSMANN R CHAUCHAT,,,Plein jour,En agglomération,Intersection en T,Normale,Deux véhicules - arrière,,,,,,,,,,,1,2,3,1,2
200500030042,0005-05-12 02:40:00,5,5,12,2,40,750,18.0,BD BARBES BD DE ROCHECHO,,,Nuit avec éclairage allumé,En agglomération,Intersection en X,Normale,Autre collision,,,,,,,,,,,5,2,2,1,6
200500030043,0005-05-12 13:10:00,5,5,12,13,10,750,12.0,Q DE BERCY R JOSEPH KESS,,,Plein jour,En agglomération,Intersection en T,Normale,Deux véhicules - arrière,,,,,,,,,,,1,2,3,1,2
200500030044,0005-05-12 09:33:00,5,5,12,9,33,750,17.0,AV DE SAINT OUEN R GUY M,,,Plein jour,En agglomération,Intersection en Y,Normale,Autre collision,,,,,,,,,,,1,2,4,1,6
200500030045,0005-05-12 09:10:00,5,5,12,9,10,750,15.0,20 AV DU MAINE,,,Plein jour,En agglomération,Hors intersection,Normale,Autre collision,,,,,,,,,,,1,2,1,1,6
200500030046,0005-05-12 15:45:00,5,5,12,15,45,750,10.0,R FG SAINT MARTIN R GUST,,,Plein jour,En agglomération,Intersection en T,Normale,Autre collision,,,,,,,,,,,1,2,3,1,6
200500030047,0005-05-12 16:20:00,5,5,12,16,20,750,10.0,BD DE STRASBOURG R GUSTA,,,Plein jour,En agglomération,Intersection en T,Normale,Autre collision,,,,,,,,,,,1,2,3,1,6
200500030048,0005-05-12 22:45:00,5,5,12,22,45,750,1.0,SOU TRANSIT HALLES R DES,,,Nuit avec éclairage allumé,En agglomération,Autre intersection,Normale,Autre collision,,,,,,,,,,,5,2,9,1,6
200500030049,0005-05-13 03:00:00,5,5,13,3,0,750,9.0,15 R DE MOGADOR,,,Nuit avec éclairage allumé,En agglomération,Hors intersection,Pluie légère,Autre collision,,,,,,,,,,,5,2,1,2,6
200500030050,0005-05-13 22:00:00,5,5,13,22,0,750,2.0,R DES JEUNEURS R DU SENT,,,Nuit avec éclairage allumé,En agglomération,Intersection en X,Pluie légère,Deux véhicules - côté,,,,,,,,,,,5,2,2,2,3
200500030051,0005-05-13 16:07:00,5,5,13,16,7,750,9.0,BD HAUSSMANN R HALEVY,,,Plein jour,En agglomération,Intersection en T,Normale,Autre collision,,,,,,,,,,,1,2,3,1,6
200500030052,0005-05-13 04:20:00,5,5,13,4,20,750,8.0,5 PL FRANCOIS 1ER,,,Nuit avec éclairage allumé,En agglomération,Hors intersection,Pluie légère,Autre collision,,,,,,,,,,,5,2,1,2,6
200500030053,0005-05-13 08:35:00,5,5,13,8,35,750,12.0,293 AV DAUMESNIL,,,Plein jour,En agglomération,Hors intersection,Pluie légère,Autre collision,,,,,,,,,,,1,2,1,2,6
200500030054,0005-05-13 18:25:00,5,5,13,18,25,750,18.0,18 R DE LA CHAPELLE,,,Plein jour,En agglomération,Hors intersection,Temps couvert,Sans collision,,,,,,,,,,,1,2,1,8,7
200500030055,0005-05-13 19:10:00,5,5,13,19,10,750,18.0,38 BD BARBES,,,Crépuscule ou aube,En agglomération,Hors intersection,Normale,Autre collision,,,,,,,,,,,2,2,1,1,6
200500030056,0005-05-13 10:10:00,5,5,13,10,10,750,18.0,158 R DAMREMONT,,,Plein jour,En agglomération,Hors intersection,Normale,Autre collision,,,,,,,,,,,1,2,1,1,6
200500030057,0005-05-13 07:40:00,5,5,13,7,40,750,18.0,R STEPHENSON R SAINT BRU,,,Plein jour,En agglomération,Intersection en X,Pluie légère,Autre collision,,,,,,,,,,,1,2,2,2,6
200500030058,0005-05-14 02:15:00,5,5,14,2,15,750,8.0,VERD PT ALMA PT INVALIDE,,,Nuit avec éclairage allumé,En agglomération,Hors intersection,Pluie légère,Autre collision,,,,,,,,,,,5,2,1,2,6
200500030059,0005-05-14 10:40:00,5,5,14,10,40,750,7.0,67 BD DES INVALIDES,,,Plein jour,En agglomération,Hors intersection,Pluie forte,Deux véhicules - arrière,,,,,,,,,,,1,2,1,3,2
200500030060,0005-05-14 02:30:00,5,5,14,2,30,750,7.0,6 R DES SAINTS-PERES,,,Nuit avec éclairage allumé,En agglomération,Hors intersection,Pluie légère,Sans collision,,,,,,,,,,,5,2,1,2,7
200500030061,0005-05-14 10:30:00,5,5,14,10,30,750,18.0,R POLONCEAU R DES GARDES,,,Plein jour,En agglomération,Intersection en X,Pluie légère,Autre collision,,,,,,,,,,,1,2,2,2,6
200500030062,0005-05-15 02:25:00,5,5,15,2,25,750,9.0,R BLEUE R DE TREVISE,,,Nuit avec éclairage allumé,En agglomération,Intersection en X,Normale,Autre collision,,,,,,,,,,,5,2,2,1,6
200500030063,0005-05-15 06:05:00,5,5,15,6,5,750,9.0,BD DE ROCHECHOUART BD DE,,,Plein jour,En agglomération,Intersection en T,Normale,Deux véhicules - arrière,,,,,,,,,,,1,2,3,1,2
200500030064,0005-05-15 23:00:00,5,5,15,23,0,750,8.0,R DE BASSANO R MAGELLAN,,,Nuit avec éclairage allumé,En agglomération,Intersection en Y,Normale,Autre collision,,,,,,,,,,,5,2,4,1,6
200500030065,0005-05-15 15:00:00,5,5,15,15,0,750,8.0,PL DE LA CONCORDE CRS LA,,,Plein jour,En agglomération,Intersection en T,Normale,Deux véhicules - côté,,,,,,,,,,,1,2,3,1,3
200500030066,0005-05-15 12:51:00,5,5,15,12,51,750,18.0,R CHAMPIONNET R J DE MAI,,,Plein jour,En agglomération,Intersection en T,Normale,Autre collision,,,,,,,,,,,1,2,3,1,6
200500030067,0005-05-15 15:10:00,5,5,15,15,10,750,18.0,44  R DE LA CHAPELLE,,,Plein jour,En agglomération,Hors intersection,Normale,Autre collision,,,,,,,,,,,1,2,1,1,6
200500030068,0005-05-15 19:25:00,5,5,15,19,25,750,18.0,R MYRHA R LEON,,,Plein jour,En agglomération,Intersection en X,Normale,Autre collision,,,,,,,,,,,1,2,2,1,6
200500030069,0005-05-15 06:45:00,5,5,15,6,45,750,18.0,70 BD NEY,,,Plein jour,En agglomération,Hors intersection,Normale,Autre collision,,,,,,,,,,,1,2,1,1,6
200500030070,0005-05-24 21:03:00,5,5,24,21,3,750,13.0,R BOUSSINGAULT R VERGNIA,,,Plein jour,En agglomération,Intersection en X,Normale,Autre collision,,,,,,,,,,,1,2,2,1,6
200500030071,0005-05-25 01:50:00,5,5,25,1,50,750,19.0,ECH VILLETTE,,,Nuit avec éclairage allumé,En agglomération,Hors intersection,Normale,Autre collision,,,,,,,,,,,5,2,1,1,6
200500030072,0005-05-13 15:05:00,5,5,13,15,5,750,14.0,15 BD ROMAIN ROLLAND,,,Plein jour,En agglomération,Hors intersection,Temps couvert,Autre collision,,,,,,,,,,,1,2,1,8,6
200500030073,0005-05-22 23:30:00,5,5,22,23,30,750,7.0,PL VAUBAN AV DE VILLARS,,,Nuit avec éclairage allumé,En agglomération,Intersection en T,Normale,Deux véhicules - côté,,,,,,,,,,,5,2,3,1,3
200500030074,0005-05-22 10:10:00,5,5,22,10,10,750,12.0,AV DE SAINT MANDE BD SOU,,,Plein jour,En agglomération,Intersection en X,Normale,Deux véhicules - côté,,,,,,,,,,,1,2,2,1,3
200500030075,0005-05-22 15:00:00,5,5,22,15,0,750,18.0,38 R POLONCEAU,,,Plein jour,En agglomération,Hors intersection,Normale,Autre collision,,,,,,,,,,,1,2,1,1,6
200500030076,0005-05-22 09:30:00,5,5,22,9,30,750,18.0,BD DE LA CHAPELLE R PH D,,,Plein jour,En agglomération,Intersection en X,Normale,Deux véhicules - arrière,,,,,,,,,,,1,2,2,1,2
200500030077,0005-05-21 20:30:00,5,5,21,20,30,750,7.0,Q BRANLY PRT LA BOURDONN,,,Plein jour,En agglomération,Intersection en X,Normale,Deux véhicules - côté,,,,,,,,,,,1,2,2,1,3
200500030078,0005-05-20 18:15:00,5,5,20,18,15,750,7.0,BD DES INVALIDES PL DU P,,,Plein jour,En agglomération,Intersection en T,Normale,Deux véhicules - côté,,,,,,,,,,,1,2,3,1,3
200500030079,0005-05-20 08:55:00,5,5,20,8,55,750,16.0,L8939 VERD PT BIR HAKEIM,,,Plein jour,En agglomération,Hors intersection,Normale,Trois véhicules et plus - en chaîne,,,,,,,,,,,1,2,1,1,4
200500030080,0005-05-20 12:15:00,5,5,20,12,15,750,16.0,3 PL VICTOR HUGO,,,Plein jour,En agglomération,Hors intersection,Temps couvert,Sans collision,,,,,,,,,,,1,2,1,8,7
200500030081,0005-05-19 10:50:00,5,5,19,10,50,750,3.0,R DE TURBIGO R SAINTE EL,,,Plein jour,En agglomération,Intersection en Y,Normale,Deux véhicules - côté,,,,,,,,,,,1,2,4,1,3
200500030082,0005-05-19 15:18:00,5,5,19,15,18,750,8.0,PL DE LA MADELEINE R ROY,,,Plein jour,En agglomération,Intersection en T,Normale,Autre collision,,,,,,,,,,,1,2,3,1,6
200500030083,0005-05-19 07:55:00,5,5,19,7,55,750,8.0,R D ARTOIS R DE BERRI,,,Plein jour,En agglomération,Intersection en X,Normale,Autre collision,,,,,,,,,,,1,2,2,1,6
200500030084,0005-05-19 19:40:00,5,5,19,19,40,750,8.0,R DE ROME BD DES BATIGNO,,,Plein jour,En agglomération,Intersection en X,Pluie légère,Autre collision,,,,,,,,,,,1,2,2,2,6
200500030085,0005-05-19 13:35:00,5,5,19,13,35,750,8.0,L3636 PL DE LA CONCORDE,,,Plein jour,En agglomération,Hors intersection,Normale,Sans collision,,,,,,,,,,,1,2,1,1,7
200500030086,0005-05-19 18:40:00,5,5,19,18,40,750,12.0,SOU BERCY,,,Plein jour,En agglomération,Hors intersection,Normale,Trois véhicules et plus - en chaîne,,,,,,,,,,,1,2,1,1,4
200500030087,0005-05-19 07:55:00,5,5,19,7,55,750,13.0,AV D ITALIE R TAGORE,,,Plein jour,Hors agglomération,Intersection en T,Normale,Deux véhicules - côté,,,,,,,,,,,1,1,3,1,3
200500030088,0005-05-19 22:30:00,5,5,19,22,30,750,13.0,18 R DE TOLBIAC,,,Nuit avec éclairage allumé,En agglomération,Hors intersection,Normale,Autre collision,,,,,,,,,,,5,2,1,1,6
200500030089,0005-05-19 07:40:00,5,5,19,7,40,750,18.0,BD NEY AV PTE CLIGNANCOU,,,Plein jour,En agglomération,Intersection en X,Normale,Deux véhicules - arrière,,,,,,,,,,,1,2,2,1,2
200500030090,0005-05-19 00:20:00,5,5,19,0,20,750,19.0,78 R D AUBERVILLIERS,,,Nuit avec éclairage allumé,En agglomération,Hors intersection,Normale,Deux véhicules - côté,,,,,,,,,,,5,2,1,1,3
200500030091,0005-05-19 18:15:00,5,5,19,18,15,750,19.0,53 AV CORENTIN CARIOU,,,Plein jour,En agglomération,Hors intersection,Normale,Deux véhicules - arrière,,,,,,,,,,,1,2,1,1,2
200500030092,0005-05-18 11:30:00,5,5,18,11,30,750,1.0,20 R D ARGENTEUIL,,,Plein jour,En agglomération,Hors intersection,Normale,Autre collision,,,,,,,,,,,1,2,1,1,6
200500030093,0005-05-18 16:00:00,5,5,18,16,0,750,7.0,62 R DU BAC,,,Plein jour,En agglomération,Hors intersection,Normale,Autre collision,,,,,,,,,,,1,2,1,1,6
200500030094,0005-05-18 15:10:00,5,5,18,15,10,750,8.0,8 R DU HAVRE,,,Plein jour,En agglomération,Hors intersection,Temps éblouissant,Deux véhicules - arrière,,,,,,,,,,,1,2,1,7,2
200500030095,0005-05-18 14:25:00,5,5,18,14,25,750,8.0,R D ANJOU R DES MATHURIN,,,Plein jour,En agglomération,Intersection en X,Normale,Autre collision,,,,,,,,,,,1,2,2,1,6
200500030096,0005-05-18 15:35:00,5,5,18,15,35,750,14.0,64 R D ALESIA,,,Plein jour,En agglomération,Hors intersection,Normale,Autre collision,,,,,,,,,,,1,2,1,1,6
200500030097,0005-05-18 18:50:00,5,5,18,18,50,750,14.0,L5334 R LEGION ETRANGERE,,,Plein jour,En agglomération,Hors intersection,Normale,Deux véhicules - arrière,,,,,,,,,,,1,2,1,1,2
200500030098,0005-05-18 13:35:00,5,5,18,13,35,750,15.0,BD PASTEUR R FALGUIERE,,,Plein jour,En agglomération,Intersection en X,Normale,Deux véhicules - arrière,,,,,,,,,,,1,2,2,1,2
200500030099,0005-05-18 23:30:00,5,5,18,23,30,750,18.0,R DES ABBESSES R BURQ,,,Nuit avec éclairage allumé,En agglomération,Intersection en T,Normale,Sans collision,,,,,,,,,,,5,2,3,1,7
200500030100,0005-05-18 12:25:00,5,5,18,12,25,750,18.0,4 VIL CHAMPIONNET,,,Plein jour,En agglomération,Hors intersection,Normale,Autre collision,,,,,,,,,,,1,2,1,1,6
200500030101,0005-05-18 17:03:00,5,5,18,17,3,750,19.0,PL DES FETES,,,Plein jour,En agglomération,Hors intersection,Normale,Autre collision,,,,,,,,,,,1,2,1,1,6
200500030102,0005-05-18 15:22:00,5,5,18,15,22,750,19.0,AV SIMON BOLIVAR R DE L,,,Plein jour,En agglomération,Intersection en T,Normale,Deux véhicules - côté,,,,,,,,,,,1,2,3,1,3
200500030103,0005-05-17 13:05:00,5,5,17,13,5,750,3.0,R DE REAUMUR R DES VERTU,,,Plein jour,En agglomération,Intersection en T,Normale,Autre collision,,,,,,,,,,,1,2,3,1,6
200500030104,0005-05-17 15:10:00,5,5,17,15,10,750,4.0,10 R DES ARCHIVES,,,Plein jour,En agglomération,Hors intersection,Normale,Deux véhicules - côté,,,,,,,,,,,1,2,1,1,3
200500030105,0005-05-17 12:15:00,5,5,17,12,15,750,4.0,16 R DES DEUX PONTS,,,Plein jour,En agglomération,Hors intersection,Normale,Autre collision,,,,,,,,,,,1,2,1,1,6
200500030106,0005-05-17 11:10:00,5,5,17,11,10,750,6.0,R RACINE BD SAINT MICHEL,,,Plein jour,En agglomération,Intersection en Y,Normale,Deux véhicules - côté,,,,,,,,,,,1,2,4,1,3
200500030107,0005-05-17 11:45:00,5,5,17,11,45,750,7.0,L6035 VERG PT ALEXANDRE,,,Plein jour,En agglomération,Hors intersection,Normale,Trois véhicules et plus - en chaîne,,,,,,,,,,,1,2,1,1,4
200500030108,0005-05-17 16:00:00,5,5,17,16,0,750,8.0,AV MONTAIGNE R BAYARD,,,Plein jour,En agglomération,Intersection en Y,Temps couvert,Deux véhicules - côté,,,,,,,,,,,1,2,4,8,3
200500030109,0005-05-17 11:15:00,5,5,17,11,15,750,10.0,BD DE MAGENTA R DE COMPI,,,Plein jour,En agglomération,Intersection en T,Normale,Deux véhicules - côté,,,,,,,,,,,1,2,3,1,3
200500030110,0005-05-17 17:15:00,5,5,17,17,15,750,11.0,64 BD BELLEVILLE,,,Plein jour,En agglomération,Hors intersection,Normale,Sans collision,,,,,,,,,,,1,2,1,1,7
200500030111,0005-05-17 09:18:00,5,5,17,9,18,750,11.0,84 BD BEAUMARCHAIS,,,Plein jour,En agglomération,Hors intersection,Temps couvert,Deux véhicules - côté,,,,,,,,,,,1,2,1,8,3
200500030112,0005-05-17 17:15:00,5,5,17,17,15,750,12.0,29 BD PONIATOWSKI,,,Plein jour,En agglomération,Hors intersection,Normale,Deux véhicules - côté,,,,,,,,,,,1,2,1,1,3
200500030113,0005-05-17 12:50:00,5,5,17,12,50,750,12.0,PT D AUSTERLITZ,,,Plein jour,En agglomération,Hors intersection,Normale,Deux véhicules - côté,,,,,,,,,,,1,2,1,1,3
200500030114,0005-05-17 09:57:00,5,5,17,9,57,750,17.0,3 BD PEREIRE,,,Plein jour,En agglomération,Hors intersection,Normale,Deux véhicules - côté,,,,,,,,,,,1,2,1,1,3
200500030115,0005-05-17 17:35:00,5,5,17,17,35,750,17.0,12 AV DE CLICHY,,,Plein jour,En agglomération,Hors intersection,Normale,Autre collision,,,,,,,,,,,1,2,1,1,6
200500030116,0005-05-17 18:30:00,5,5,17,18,30,750,18.0,R DAMREMONT R TOURLAQUE,,,Plein jour,En agglomération,Intersection en X,Normale,Autre collision,,,,,,,,,,,1,2,2,1,6
200500030117,0005-05-17 18:10:00,5,5,17,18,10,750,19.0,10 R DE L ARGONNE,,,Plein jour,En agglomération,Hors intersection,Normale,Autre collision,,,,,,,,,,,1,2,1,1,6
200500030118,0005-05-17 17:40:00,5,5,17,17,40,750,20.0,R PELLEPORT R DE BELLEVI,,,Plein jour,En agglomération,Intersection en X,Normale,Autre collision,,,,,,,,,,,1,2,2,1,6
200500030119,0005-05-16 13:15:00,5,5,16,13,15,750,1.0,150 R DE RIVOLI,,,Plein jour,En agglomération,Hors intersection,Normale,Autre collision,,,,,,,,,,,1,2,1,1,6
200500030120,0005-05-16 12:20:00,5,5,16,12,20,750,6.0,R DE VAUGIRARD R D ASSAS,,,Plein jour,En agglomération,Intersection en X,Normale,Autre collision,,,,,,,,,,,1,2,2,1,6
200500030121,0005-05-16 02:15:00,5,5,16,2,15,750,6.0,168 BD SAINT GERMAIN,,,Nuit avec éclairage allumé,En agglomération,Hors intersection,Normale,Autre collision,,,,,,,,,,,5,2,1,1,6
200500030122,0005-05-16 12:10:00,5,5,16,12,10,750,8.0,AV MARCEAU AV PIERRE 1 S,,,Plein jour,En agglomération,Intersection en X,Normale,Autre collision,,,,,,,,,,,1,2,2,1,6
200500030123,0005-05-16 17:55:00,5,5,16,17,55,750,7.0,R D ESTREES AV DE BRETEU,,,Plein jour,En agglomération,Intersection en X,Pluie légère,Deux véhicules - côté,,,,,,,,,,,1,2,2,2,3
200500030124,0005-05-16 09:40:00,5,5,16,9,40,750,9.0,BD DE LA MADELEINE R DE,,,Plein jour,En agglomération,Intersection à plus de 4 branches,Normale,Sans collision,,,,,,,,,,,1,2,5,1,7
200500030125,0005-05-16 09:40:00,5,5,16,9,40,750,10.0,18 AV CLAUDE VELLEFAUX,,,Plein jour,En agglomération,Hors intersection,Normale,Deux véhicules - arrière,,,,,,,,,,,1,2,1,1,2
200500030126,0005-05-26 15:11:00,5,5,26,15,11,750,4.0,R DE RIVOLI R DU RENARD,,,Plein jour,En agglomération,Intersection en T,Normale,Autre collision,,,,,,,,,,,1,2,3,1,6
200500030127,0005-05-26 16:53:00,5,5,26,16,53,750,19.0,L3812 R MARSEILLAISE,,,Plein jour,En agglomération,Hors intersection,Normale,Autre collision,,,,,,,,,,,1,2,1,1,6
200500030128,0005-05-16 14:45:00,5,5,16,14,45,750,10.0,8 R CHATEAU LANDON,,,Plein jour,En agglomération,Hors intersection,Normale,Deux véhicules - côté,,,,,,,,,,,1,2,1,1,3
200500030129,0005-05-15 13:30:00,5,5,15,13,30,750,12.0,R DE PICPUS BD DIDEROT,,,Plein jour,En agglomération,Intersection en X,Normale,Deux véhicules - côté,,,,,,,,,,,1,2,2,1,3
200500030130,0005-05-16 18:05:00,5,5,16,18,5,750,12.0,BD DIDEROT R DE PICPUS,,,Plein jour,En agglomération,Intersection en X,Temps couvert,Autre collision,,,,,,,,,,,1,2,2,8,6
200500030131,0005-05-16 05:50:00,5,5,16,5,50,750,13.0,R DE TOLBIAC R VERGNIAUD,,,Crépuscule ou aube,En agglomération,Intersection en X,Normale,Deux véhicules - côté,,,,,,,,,,,2,2,2,1,3
200500030132,0005-05-16 08:45:00,5,5,16,8,45,750,13.0,88 R JEANNE D ARC,,,Plein jour,En agglomération,Hors intersection,Normale,Sans collision,,,,,,,,,,,1,2,1,1,7
200500030133,0005-05-16 09:10:00,5,5,16,9,10,750,13.0,L3536 BD MASSENA,,,Plein jour,En agglomération,Hors intersection,Normale,Deux véhicules - côté,,,,,,,,,,,1,2,1,1,3
200500030134,0005-05-16 18:05:00,5,5,16,18,5,750,13.0,AV DES GOBELINS R LE BRU,,,Plein jour,En agglomération,Intersection en Y,Pluie légère,Deux véhicules - côté,,,,,,,,,,,1,2,4,2,3
200500030135,0005-05-16 12:15:00,5,5,16,12,15,750,14.0,BD EDGAR QUINET R DE LA,,,Plein jour,En agglomération,Intersection en T,Normale,Autre collision,,,,,,,,,,,1,2,3,1,6
200500030136,0005-05-27 10:38:00,5,5,27,10,38,750,5.0,26 R DU SOMMERARD,,,Plein jour,En agglomération,Hors intersection,Normale,Autre collision,,,,,,,,,,,1,2,1,1,6
200500030137,0005-05-16 08:50:00,5,5,16,8,50,750,14.0,AV DU MAINE R DU CDT R M,,,Plein jour,En agglomération,Intersection en Y,Normale,Deux véhicules - côté,,,,,,,,,,,1,2,4,1,3
200500030138,0005-05-16 08:40:00,5,5,16,8,40,750,14.0,AV GENERAL LECLERC R POI,,,Plein jour,En agglomération,Intersection en T,Normale,Autre collision,,,,,,,,,,,1,2,3,1,6
200500030139,0005-05-16 15:20:00,5,5,16,15,20,750,15.0,282 R LECOURBE,,,Plein jour,En agglomération,Hors intersection,Pluie légère,Autre collision,,,,,,,,,,,1,2,1,2,6
200500030140,0005-05-16 16:30:00,5,5,16,16,30,750,15.0,R DE VAUGIRARD R VICTOR,,,Plein jour,En agglomération,Intersection en T,Pluie légère,Deux véhicules - arrière,,,,,,,,,,,1,2,3,2,2
200500030141,0005-05-16 14:45:00,5,5,16,14,45,750,15.0,74 R CROIX NIVERT,,,Plein jour,En agglomération,Hors intersection,Pluie légère,Deux véhicules - côté,,,,,,,,,,,1,2,1,2,3
200500030142,0005-05-16 18:50:00,5,5,16,18,50,750,18.0,R RIQUET R PAJOL,,,Plein jour,En agglomération,Intersection en X,Temps couvert,Deux véhicules - côté,,,,,,,,,,,1,2,2,8,3
200500030143,0005-05-16 09:31:00,5,5,16,9,31,750,19.0,16 R DE TANGER,,,Plein jour,En agglomération,Hors intersection,Normale,Deux véhicules - côté,,,,,,,,,,,1,2,1,1,3
200500030144,0005-05-15 17:50:00,5,5,15,17,50,750,20.0,PL GAMBETTA AV GAMBETTA,,,Plein jour,En agglomération,Intersection en T,Normale,Deux véhicules - côté,,,,,,,,,,,1,2,3,1,3
200500030145,0005-05-15 22:15:00,5,5,15,22,15,750,20.0,R DES ENVIERGES VLA FAUC,,,Nuit avec éclairage allumé,En agglomération,Intersection en T,Normale,Deux véhicules - côté,,,,,,,,,,,5,2,3,1,3
200500030146,0005-05-15 07:25:00,5,5,15,7,25,750,20.0,RUE MENILMONTANT R DE LA,,,Plein jour,En agglomération,Intersection en X,Normale,Deux véhicules - arrière,,,,,,,,,,,1,2,2,1,2
200500030147,0005-05-27 22:50:00,5,5,27,22,50,750,12.0,L13562 Q DE BERCY,,,Nuit avec éclairage allumé,En agglomération,Hors intersection,Normale,Deux véhicules - arrière,,,,,,,,,,,5,2,1,1,2
200500030148,0005-05-28 00:45:00,5,5,28,0,45,750,10.0,R LA FAYETTE PL FRANZ LI,,,Nuit avec éclairage allumé,En agglomération,Intersection en X,Normale,Deux véhicules - côté,,,,,,,,,,,5,2,2,1,3
200500030149,0005-05-28 11:20:00,5,5,28,11,20,750,12.0,L13550 VERD PT BERCY PT,,,Plein jour,En agglomération,Hors intersection,Normale,Trois véhicules et plus - en chaîne,,,,,,,,,,,1,2,1,1,4
200500030150,0005-05-28 14:34:00,5,5,28,14,34,750,12.0,108 CRS VINCENNES,,,Plein jour,En agglomération,Hors intersection,Normale,Autre collision,,,,,,,,,,,1,2,1,1,6
200500030151,0005-05-28 17:25:00,5,5,28,17,25,750,9.0,R LENTONNET R CONDORCET,,,Plein jour,En agglomération,Intersection en T,Normale,Autre collision,,,,,,,,,,,1,2,3,1,6
200500030152,0005-05-22 03:25:00,5,5,22,3,25,750,6.0,R DE RENNES R D ASSAS,,,Nuit avec éclairage allumé,En agglomération,Intersection en X,Normale,Deux véhicules - côté,,,,,,,,,,,5,2,2,1,3
200500030153,0005-05-15 01:40:00,5,5,15,1,40,750,4.0,R DU ROI DE SICILE R FER,,,Nuit avec éclairage allumé,En agglomération,Intersection en X,Normale,Autre collision,,,,,,,,,,,5,2,2,1,6
200500030154,0005-05-15 05:40:00,5,5,15,5,40,750,5.0,R SOUFFLOT R SAINT JACQU,,,Nuit avec éclairage allumé,En agglomération,Intersection en X,Normale,Deux véhicules - arrière,,,,,,,,,,,5,2,2,1,2
200500030155,0005-05-15 21:10:00,5,5,15,21,10,750,10.0,12 BD DE MAGENTA,,,Nuit avec éclairage allumé,En agglomération,Hors intersection,Normale,Deux véhicules - côté,,,,,,,,,,,5,2,1,1,3
200500030156,0005-05-15 05:45:00,5,5,15,5,45,750,10.0,3 BD DE LA VILLETTE,,,Nuit avec éclairage allumé,En agglomération,Hors intersection,Normale,Autre collision,,,,,,,,,,,5,2,1,1,6
200500030157,0005-05-15 21:15:00,5,5,15,21,15,750,10.0,212 Q DE JEMMAPES,,,Nuit avec éclairage allumé,En agglomération,Hors intersection,Normale,Autre collision,,,,,,,,,,,5,2,1,1,6
200500030158,0005-05-15 11:55:00,5,5,15,11,55,750,10.0,38 AV CLAUDE VELLEFAUX,,,Plein jour,En agglomération,Hors intersection,Normale,Sans collision,,,,,,,,,,,1,2,1,1,7
200500030159,0005-05-15 10:35:00,5,5,15,10,35,750,11.0,AV PARMENTIER AV DE LA R,,,Plein jour,En agglomération,Intersection en X,Normale,Deux véhicules - côté,,,,,,,,,,,1,2,2,1,3