accident_id,datetime,annee,mois,jour,heure,minute,departement,commune_insee,adresse,latitude,longitude,luminosite,agglomeration,intersection,meteo,collision,nb_vehicules,nb_usagers,nb_indemnes,nb_tues,nb_blesses_hosp,nb_blesses_legers,age_cond_1,age_cond_2,veh_type_cond_1,veh_type_cond_2,lum_code,agg_code,int_code,atm_code,col_code
200500030689,0005-05-03 11:45:00,5,5,3,11,45,780,498.0,PONTOISE AV DE,,,Plein jour,En agglomération,Hors intersection,Normale,Autre collision,,,,,,,,,,,1,2,1,1,6
200500030690,0005-05-06 09:15:00,5,5,6,9,15,780,498.0,"43, CASTILLE AV BLANCHE",,,Plein jour,En agglomération,Hors intersection,Normale,Autre collision,,,,,,,,,,,1,2,1,1,6
200500030691,0005-05-18 18:05:00,5,5,18,18,5,780,498.0,", URSULINES AV DES",,,Plein jour,En agglomération,Intersection à plus de 4 branches,Normale,Sans collision,,,,,,,,,,,1,2,5,1,7
200500030692,0005-05-18 08:15:00,5,5,18,8,15,780,498.0,"14, ROBESPIERRE BD",,,Plein jour,En agglomération,Hors intersection,Normale,Autre collision,,,,,,,,,,,1,2,1,1,6
200500030693,0005-05-23 17:35:00,5,5,23,17,35,780,123.0,BERTAUX RUE MAURICE,,,Plein jour,En agglomération,Intersection en X,Pluie légère,Deux véhicules - arrière,,,,,,,,,,,1,2,2,2,2
200500030694,0005-05-27 15:45:00,5,5,27,15,45,780,498.0,PONTOISE AV DE,,,Plein jour,Hors agglomération,Hors intersection,Normale,Deux véhicules - côté,,,,,,,,,,,1,1,1,1,3
200500030695,0005-05-28 11:15:00,5,5,28,11,15,780,498.0,TOURNELLE RUE DE LA,,,Plein jour,En agglomération,Intersection en X,Normale,Autre collision,,,,,,,,,,,1,2,2,1,6
200500030696,0005-05-28 11:16:00,5,5,28,11,16,780,642.0,MALRAUX BD ANDRE,,,Plein jour,En agglomération,Hors intersection,Normale,Deux véhicules - côté,,,,,,,,,,,1,2,1,1,3
200500030697,0005-05-31 08:00:00,5,5,31,8,0,780,624.0,"58, FRERES LEIRIS RUE DE",,,Plein jour,En agglomération,Hors intersection,Normale,Autre collision,,,,,,,,,,,1,2,1,1,6
200500030698,0005-05-07 15:30:00,5,5,7,15,30,780,624.0,POISSY AVENUE DE,,,Plein jour,En agglomération,Hors intersection,Normale,Sans collision,,,,,,,,,,,1,2,1,1,7
200500030699,0005-05-13 23:00:00,5,5,13,23,0,780,643.0,EUROPE BD DE L',,,Nuit avec éclairage allumé,En agglomération,Hors intersection,Normale,Trois véhicules et plus - en chaîne,,,,,,,,,,,5,2,1,1,4
200500030700,0005-05-29 20:00:00,5,5,29,20,0,780,498.0,PONTOISE AV DE,,,Plein jour,Hors agglomération,Hors intersection,Pluie forte,Deux véhicules - frontale,,,,,,,,,,,1,1,1,3,1
200500030701,0005-05-12 17:10:00,5,5,12,17,10,780,517.0,"81, MOUTIE (RUE AUGUSTE)",,,Plein jour,En agglomération,Intersection en T,Normale,Deux véhicules - côté,,,,,,,,,,,1,2,3,1,3
200500030702,0005-05-28 15:00:00,5,5,28,15,0,780,220.0,RN 10,,,Plein jour,En agglomération,Intersection en X,Normale,Trois véhicules et plus - en chaîne,,,,,,,,,,,1,2,2,1,4
200500030703,0005-05-28 18:20:00,5,5,28,18,20,780,517.0,"1, DREYFUS (RUE FERDINAN",,,Plein jour,En agglomération,Intersection en X,Normale,Deux véhicules - côté,,,,,,,,,,,1,2,2,1,3
200500030704,0005-05-12 15:10:00,5,5,12,15,10,780,165.0,BARBUSSE (AVENUE HENRY),,,Plein jour,En agglomération,Hors intersection,Temps éblouissant,Autre collision,,,,,,,,,,,1,2,1,7,6
200500030705,0005-05-21 15:00:00,5,5,21,15,0,780,242.0,REPUBLIQUE (AVENUE DE LA,,,Plein jour,En agglomération,Hors intersection,Normale,Deux véhicules - arrière,,,,,,,,,,,1,2,1,1,2
200500030706,0005-05-01 22:00:00,5,5,1,22,0,780,481.0,GENERAL LECLERC (AVENUE,,,Nuit avec éclairage allumé,En agglomération,Hors intersection,Normale,Sans collision,,,,,,,,,,,5,2,1,1,7
200500030707,0005-05-09 19:55:00,5,5,9,19,55,780,551.0,RN 184,,,Plein jour,En agglomération,Hors intersection,Normale,Sans collision,,,,,,,,,,,1,2,1,1,7
200500030708,0005-05-27 15:40:00,5,5,27,15,40,780,133.0,"INCONNU, MUR DU PARC (DU",,,Plein jour,En agglomération,Intersection en T,Normale,Deux véhicules - côté,,,,,,,,,,,1,2,3,1,3
200500030709,0005-05-30 21:10:00,5,5,30,21,10,780,133.0,"36/38, REPUBLIQUE (DE LA",,,Nuit avec éclairage allumé,En agglomération,Hors intersection,Normale,Sans collision,,,,,,,,,,,5,2,1,1,7
200500030710,0005-05-04 01:00:00,5,5,4,1,0,780,586.0,"10, FRIAND",,,Nuit avec éclairage allumé,En agglomération,Hors intersection,Pluie légère,Autre collision,,,,,,,,,,,5,2,1,2,6
200500030711,0005-05-08 21:25:00,5,5,8,21,25,780,586.0,MASSENET,,,Crépuscule ou aube,En agglomération,Intersection en X,Normale,Deux véhicules - côté,,,,,,,,,,,2,2,2,1,3
200500030712,0005-05-09 10:15:00,5,5,9,10,15,780,586.0,STRASBOURG,,,Plein jour,En agglomération,Intersection en X,Normale,Deux véhicules - côté,,,,,,,,,,,1,2,2,1,3
200500030713,0005-05-12 18:30:00,5,5,12,18,30,780,586.0,"13, VOLTAIRE",,,Plein jour,En agglomération,Hors intersection,Normale,Deux véhicules - arrière,,,,,,,,,,,1,2,1,1,2
200500030714,0005-05-22 00:15:00,5,5,22,0,15,780,586.0,VOLTAIRE,,,Nuit avec éclairage allumé,En agglomération,Hors intersection,Normale,Deux véhicules - arrière,,,,,,,,,,,5,2,1,1,2
200500030715,0005-05-20 17:20:00,5,5,20,17,20,780,586.0,BRIAND (ARISTIDE),,,Plein jour,En agglomération,Intersection en X,Normale,Deux véhicules - côté,,,,,,,,,,,1,2,2,1,3
200500030716,0005-05-25 10:35:00,5,5,25,10,35,780,586.0,BERTEAUX (MAURICE) N°137,,,Plein jour,En agglomération,Hors intersection,Normale,Trois véhicules et plus - en chaîne,,,,,,,,,,,1,2,1,1,4
200500030717,0005-05-25 17:00:00,5,5,25,17,0,780,586.0,DE GAULLE (GENERAL) N°41,,,Plein jour,En agglomération,Hors intersection,Normale,Autre collision,,,,,,,,,,,1,2,1,1,6
200500030718,0005-05-27 19:25:00,5,5,27,19,25,780,586.0,PONTOISE,,,Plein jour,En agglomération,Hors intersection,Normale,Deux véhicules - côté,,,,,,,,,,,1,2,1,1,3
200500030719,0005-05-01 20:05:00,5,5,1,20,5,780,621.0,BASE DE LOISIRS,,,Plein jour,En agglomération,Hors intersection,Normale,Sans collision,,,,,,,,,,,1,2,1,1,7
200500030720,0005-05-03 10:00:00,5,5,3,10,0,780,621.0,NATIONALE 10   (ROUTE),,,Plein jour,En agglomération,Intersection à plus de 4 branches,Pluie forte,Trois véhicules et plus - collisions multiples,,,,,,,,,,,1,2,5,3,5
200500030721,0005-05-10 15:05:00,5,5,10,15,5,780,621.0,VAILLANT COUTURIER (AVEN,,,Plein jour,En agglomération,Autre intersection,Normale,Deux véhicules - côté,,,,,,,,,,,1,2,9,1,3
200500030722,0005-05-14 20:35:00,5,5,14,20,35,780,621.0,ARMSTRONG (RUE LOUIS),,,Plein jour,En agglomération,Hors intersection,Normale,Autre collision,,,,,,,,,,,1,2,1,1,6
200500030723,0005-05-21 19:45:00,5,5,21,19,45,780,621.0,ALLENDE (AVE. SALV.)(SUD,,,Plein jour,En agglomération,Intersection en X,Normale,Autre collision,,,,,,,,,,,1,2,2,1,6
200500030724,0005-05-25 19:50:00,5,5,25,19,50,780,621.0,NATIONALE 10   (ROUTE),,,Plein jour,En agglomération,Intersection à plus de 4 branches,Normale,Deux véhicules - côté,,,,,,,,,,,1,2,5,1,3
200500030725,0005-05-25 12:35:00,5,5,25,12,35,780,621.0,HENNEQUIN (AVENUE ROGER),,,Plein jour,En agglomération,Intersection en X,Normale,Deux véhicules - côté,,,,,,,,,,,1,2,2,1,3
200500030726,0005-05-29 21:00:00,5,5,29,21,0,780,621.0,TIMBAUD (AVENUE JEAN-PIE,,,Plein jour,En agglomération,Hors intersection,Pluie légère,Sans collision,,,,,,,,,,,1,2,1,2,7
200500030727,0005-05-28 17:10:00,5,5,28,17,10,780,621.0,NATIONALE 10   (ROUTE),,,Plein jour,En agglomération,Hors intersection,Normale,Trois véhicules et plus - en chaîne,,,,,,,,,,,1,2,1,1,4
200500030728,0005-05-29 19:55:00,5,5,29,19,55,780,621.0,DEPARTEMENTALE 912 (ROUT,,,Plein jour,En agglomération,Hors intersection,Normale,Deux véhicules - côté,,,,,,,,,,,1,2,1,1,3
200500030729,0005-05-27 17:35:00,5,5,27,17,35,780,621.0,ALLENDE (AVE. SALV.)(SUD,,,Plein jour,En agglomération,Intersection en T,Normale,Deux véhicules - frontale,,,,,,,,,,,1,2,3,1,1
200500030730,0005-05-07 17:25:00,5,5,7,17,25,780,322.0,LIBERATION (RUE DE LA),,,Plein jour,En agglomération,Hors intersection,Normale,Autre collision,,,,,,,,,,,1,2,1,1,6
200500030731,0005-05-12 08:07:00,5,5,12,8,7,780,640.0,GENERAL DE GAULLE (AVENU,,,Plein jour,En agglomération,Intersection en T,Normale,Deux véhicules - frontale,,,,,,,,,,,1,2,3,1,1
200500030732,0005-05-17 17:30:00,5,5,17,17,30,780,640.0,"02, EUROPE (AVENUE DE L'",,,Plein jour,En agglomération,Passage à niveau,Normale,Autre collision,,,,,,,,,,,1,2,8,1,6
200500030733,0005-05-18 17:35:00,5,5,18,17,35,780,640.0,"22, ROBERT WAGNER (AVENU",,,Plein jour,En agglomération,Hors intersection,Normale,Autre collision,,,,,,,,,,,1,2,1,1,6
200500030734,0005-05-31 12:45:00,5,5,31,12,45,780,640.0,HARLOW (AVENUE DE),,,Plein jour,En agglomération,Hors intersection,Normale,Autre collision,,,,,,,,,,,1,2,1,1,6
200500030735,0005-05-29 15:55:00,5,5,29,15,55,780,686.0,JOUY (RUE DE),,,Plein jour,En agglomération,Intersection en T,Temps couvert,Deux véhicules - arrière,,,,,,,,,,,1,2,3,8,2
200500030736,0005-05-01 11:15:00,5,5,1,11,15,780,646.0,SAINT CYR (ROUTE DE),,,Plein jour,En agglomération,Hors intersection,Normale,Deux véhicules - côté,,,,,,,,,,,1,2,1,1,3
200500030737,0005-05-08 10:15:00,5,5,8,10,15,780,646.0,PARIS (AVENUE DE),,,Plein jour,En agglomération,Hors intersection,Normale,Autre collision,,,,,,,,,,,1,2,1,1,6
200500030738,0005-05-11 11:05:00,5,5,11,11,5,780,646.0,CLEMENT ADER (AVENUE),,,Plein jour,En agglomération,Intersection en T,Normale,Deux véhicules - arrière,,,,,,,,,,,1,2,3,1,2
200500030739,0005-05-13 13:30:00,5,5,13,13,30,780,343.0,"néant, VERSAILLES (RUE D",,,Plein jour,En agglomération,Intersection en T,Normale,Deux véhicules - arrière,,,,,,,,,,,1,2,3,1,2
200500030740,0005-05-13 18:20:00,5,5,13,18,20,780,117.0,"0, SOURCES (RUE DES)",,,Plein jour,En agglomération,Intersection en T,Normale,Deux véhicules - côté,,,,,,,,,,,1,2,3,1,3
200500030741,0005-05-16 17:30:00,5,5,16,17,30,780,343.0,MANTES (ROUTE DE),,,Plein jour,En agglomération,Hors intersection,Normale,Autre collision,,,,,,,,,,,1,2,1,1,6
200500030742,0005-05-17 09:00:00,5,5,17,9,0,780,646.0,"0, BONNE AVENTURE (RUE D",,,Plein jour,En agglomération,Intersection en X,Normale,Autre collision,,,,,,,,,,,1,2,2,1,6
200500030743,0005-05-17 14:40:00,5,5,17,14,40,780,646.0,GENERAL DE GAULLE (AVENU,,,Plein jour,En agglomération,Hors intersection,Normale,Deux véhicules - côté,,,,,,,,,,,1,2,1,1,3
200500030744,0005-05-17 14:00:00,5,5,17,14,0,780,646.0,"42, MARECHAL FOCH (RUE D",,,Plein jour,En agglomération,Hors intersection,Normale,Deux véhicules - frontale,,,,,,,,,,,1,2,1,1,1
200500030745,0005-05-19 08:00:00,5,5,19,8,0,780,117.0,JEAN CASALE (AVENUE),,,Plein jour,En agglomération,Hors intersection,Normale,Deux véhicules - arrière,,,,,,,,,,,1,2,1,1,2
200500030746,0005-05-22 07:15:00,5,5,22,7,15,780,117.0,LOUIS MASSOTTE (RUE),,,Plein jour,En agglomération,Hors intersection,Normale,Autre collision,,,,,,,,,,,1,2,1,1,6
200500030747,0005-05-21 08:00:00,5,5,21,8,0,780,646.0,"0, SAINT CHARLES (RUE)",,,Plein jour,En agglomération,Intersection en X,Temps éblouissant,Autre collision,,,,,,,,,,,1,2,2,7,6
200500030748,0005-05-24 16:20:00,5,5,24,16,20,780,646.0,"0, SAINT LOUIS (RUE)",,,Plein jour,En agglomération,Intersection en X,Normale,Deux véhicules - côté,,,,,,,,,,,1,2,2,1,3
200500030749,0005-05-25 13:30:00,5,5,25,13,30,780,646.0,M. DE LATTRE DE TASSIGNY,,,Plein jour,En agglomération,Intersection en T,Normale,Deux véhicules - côté,,,,,,,,,,,1,2,3,1,3
200500030750,0005-05-25 17:45:00,5,5,25,17,45,780,646.0,GENERAL PERSHING (RUE DU,,,Plein jour,En agglomération,Hors intersection,Normale,Trois véhicules et plus - en chaîne,,,,,,,,,,,1,2,1,1,4
200500030751,0005-05-27 07:25:00,5,5,27,7,25,780,646.0,ROCKFELLER (AVENUE),,,Plein jour,En agglomération,Hors intersection,Normale,Trois véhicules et plus - collisions multiples,,,,,,,,,,,1,2,1,1,5
200500030752,0005-05-27 19:05:00,5,5,27,19,5,780,343.0,MANTES (ROUTE DE),,,Plein jour,Hors agglomération,Hors intersection,Temps éblouissant,Deux véhicules - arrière,,,,,,,,,,,1,1,1,7,2
200500030753,0005-05-28 18:15:00,5,5,28,18,15,780,646.0,"4, SAINT HONORE (RUE)",,,Plein jour,En agglomération,Hors intersection,Normale,Deux véhicules - frontale,,,,,,,,,,,1,2,1,1,1
200500030754,0005-05-31 14:30:00,5,5,31,14,30,780,646.0,"71, PAROISSE (RUE DE LA)",,,Plein jour,En agglomération,Hors intersection,Normale,Autre collision,,,,,,,,,,,1,2,1,1,6
200500030755,0005-05-31 15:50:00,5,5,31,15,50,780,646.0,CHANTIERS (RUE DES),,,Plein jour,En agglomération,Intersection en T,Normale,Autre collision,,,,,,,,,,,1,2,3,1,6
200500030756,0005-05-10 16:30:00,5,5,10,16,30,780,650.0,CARNOT (BOULEVARD),,,Plein jour,En agglomération,Hors intersection,Normale,Deux véhicules - arrière,,,,,,,,,,,1,2,1,1,2
200500030757,0005-05-11 18:00:00,5,5,11,18,0,780,146.0,"19, GENERAL COLIN (RUE D",,,Plein jour,En agglomération,Hors intersection,Normale,Autre collision,,,,,,,,,,,1,2,1,1,6
200500030758,0005-05-12 21:20:00,5,5,12,21,20,780,418.0,"3, GABRIEL PERI (AVENUE)",,,Plein jour,En agglomération,Hors intersection,Normale,Trois véhicules et plus - collisions multiples,,,,,,,,,,,1,2,1,1,5
200500030759,0005-05-14 12:15:00,5,5,14,12,15,780,650.0,"80, CARNOT (BOULEVARD)",,,Plein jour,En agglomération,Hors intersection,Pluie légère,Autre collision,,,,,,,,,,,1,2,1,2,6
200500030760,0005-05-18 19:15:00,5,5,18,19,15,780,650.0,"0, ECLUSE (DE L')",,,Plein jour,En agglomération,Intersection en T,Normale,Deux véhicules - côté,,,,,,,,,,,1,2,3,1,3
200500030761,0005-05-28 14:45:00,5,5,28,14,45,780,190.0,PONTS (RUE DES),,,Plein jour,En agglomération,Hors intersection,Normale,Trois véhicules et plus - en chaîne,,,,,,,,,,,1,2,1,1,4
200500030762,0005-05-28 17:45:00,5,5,28,17,45,780,146.0,"31, JULES FERRY (RUE)",,,Plein jour,En agglomération,Hors intersection,Normale,Autre collision,,,,,,,,,,,1,2,1,1,6
200500030763,0005-05-31 23:15:00,5,5,31,23,15,780,650.0,", GENERAL CLAVERY (RUE)",,,Nuit avec éclairage allumé,En agglomération,Hors intersection,Normale,Autre collision,,,,,,,,,,,5,2,1,1,6
200500030764,0005-05-02 16:40:00,5,5,2,16,40,790,191.0,"01, JULES FERRY",,,Plein jour,En agglomération,Hors intersection,Normale,Autre collision,,,,,,,,,,,1,2,1,1,6
200500030765,0005-05-05 14:20:00,5,5,5,14,20,790,191.0,"1, PREFECTURE (QUAI DE L",,,Plein jour,En agglomération,Hors intersection,Normale,Deux véhicules - côté,,,,,,,,,,,1,2,1,1,3
200500030766,0005-05-22 17:25:00,5,5,22,17,25,790,191.0,LORRAINE (ALSACE),,,Plein jour,En agglomération,Intersection en X,Normale,Deux véhicules - côté,,,,,,,,,,,1,2,2,1,3
200500030767,0005-05-06 20:00:00,5,5,6,20,0,800,21.0,"0, PAIX (AVENUE DE LA)",,,Plein jour,En agglomération,Hors intersection,Normale,Autre collision,,,,,,,,,,,1,2,1,1,6
200500030768,0005-05-08 14:20:00,5,5,8,14,20,800,131.0,RD 934,,,Plein jour,En agglomération,Hors intersection,Vent fort / tempête,Sans collision,,,,,,,,,,,1,2,1,6,7
200500030769,0005-05-09 16:25:00,5,5,9,16,25,800,21.0,"2, AMONT (PORT D')",,,Plein jour,En agglomération,Intersection en X,Normale,Autre collision,,,,,,,,,,,1,2,2,1,6
200500030770,0005-05-12 12:25:00,5,5,12,12,25,800,164.0,CROISETTES (RUE DES ),,,Plein jour,Hors agglomération,Intersection en T,Normale,Deux véhicules - côté,,,,,,,,,,,1,1,3,1,3
200500030771,0005-05-13 08:25:00,5,5,13,8,25,800,21.0,"0, WINSTON CHURCHILL (RU",,,Plein jour,En agglomération,Hors intersection,Pluie légère,Autre collision,,,,,,,,,,,1,2,1,2,6
200500030772,0005-05-13 09:00:00,5,5,13,9,0,800,21.0,"0, ALLART (RUE)",,,Plein jour,En agglomération,Hors intersection,Pluie forte,Deux véhicules - côté,,,,,,,,,,,1,2,1,3,3
200500030773,0005-05-13 14:15:00,5,5,13,14,15,800,21.0,"153, LEON DUPONTREUE (RU",,,Plein jour,En agglomération,Intersection en T,Normale,Deux véhicules - côté,,,,,,,,,,,1,2,3,1,3
200500030774,0005-05-19 17:44:00,5,5,19,17,44,800,21.0,"0, ALLONVILLE (ROUTE D')",,,Plein jour,En agglomération,Intersection en X,Normale,Deux véhicules - côté,,,,,,,,,,,1,2,2,1,3
200500030775,0005-05-21 08:50:00,5,5,21,8,50,800,632.0,ROUEN (ROUTE DE),,,Plein jour,Hors agglomération,Hors intersection,Normale,Trois véhicules et plus - collisions multiples,,,,,,,,,,,1,1,1,1,5
200500030776,0005-05-20 07:05:00,5,5,20,7,5,800,21.0,"2, CAGNARD (RUE)",,,Plein jour,En agglomération,Intersection en X,Normale,Deux véhicules - côté,,,,,,,,,,,1,2,2,1,3
200500030777,0005-05-22 18:42:00,5,5,22,18,42,800,21.0,"0, DELPECH (RUE)",,,Plein jour,En agglomération,Intersection en X,Normale,Deux véhicules - côté,,,,,,,,,,,1,2,2,1,3
200500030778,0005-05-23 19:55:00,5,5,23,19,55,800,724.0,"23, LUCIEN BARBIER (RUE)",,,Plein jour,En agglomération,Hors intersection,Normale,Deux véhicules - côté,,,,,,,,,,,1,2,1,1,3
200500030779,0005-05-25 13:35:00,5,5,25,13,35,800,21.0,"0, EDMOND LEBEL (RUE)",,,Plein jour,En agglomération,Intersection en T,Normale,Deux véhicules - côté,,,,,,,,,,,1,2,3,1,3
200500030780,0005-05-29 19:30:00,5,5,29,19,30,800,21.0,"0, LANGUEDOC (AVENUE DU)",,,Plein jour,En agglomération,Hors intersection,Pluie forte,Autre collision,,,,,,,,,,,1,2,1,3,6
200500030781,0005-05-28 16:03:00,5,5,28,16,3,800,21.0,QUATORZE JUILLET 1789 (A,,,Plein jour,En agglomération,Giratoire,Normale,Deux véhicules - côté,,,,,,,,,,,1,2,6,1,3
200500030782,0005-05-28 18:20:00,5,5,28,18,20,800,21.0,"0, ALBERT 1ER (MAIL)",,,Plein jour,En agglomération,Hors intersection,Normale,Deux véhicules - côté,,,,,,,,,,,1,2,1,1,3
200500030783,0005-05-28 19:20:00,5,5,28,19,20,800,21.0,"0, DURY (BOULEVARD DE)",,,Plein jour,En agglomération,Intersection en X,Normale,Deux véhicules - côté,,,,,,,,,,,1,2,2,1,3
200500030784,0005-05-29 22:10:00,5,5,29,22,10,800,21.0,CHATEAUDUN (BOULEVARD DE,,,Nuit avec éclairage allumé,En agglomération,Hors intersection,Pluie légère,Sans collision,,,,,,,,,,,5,2,1,2,7
200500030785,0005-05-31 18:55:00,5,5,31,18,55,800,21.0,"0, HAUTE DES CHAMPS (RUE",,,Plein jour,En agglomération,Intersection en T,Normale,Deux véhicules - côté,,,,,,,,,,,1,2,3,1,3
200500030786,0005-05-30 20:05:00,5,5,30,20,5,800,21.0,"0, NOYON (RUE DE)",,,Plein jour,En agglomération,Intersection en X,Normale,Deux véhicules - côté,,,,,,,,,,,1,2,2,1,3
200500030787,0005-05-31 09:40:00,5,5,31,9,40,800,21.0,"0, SAINT LEU (RUE)",,,Plein jour,En agglomération,Intersection en X,Normale,Deux véhicules - côté,,,,,,,,,,,1,2,2,1,3
200500030788,0005-05-31 13:25:00,5,5,31,13,25,800,21.0,"4, ALLART (RUE)",,,Plein jour,En agglomération,Hors intersection,Normale,Autre collision,,,,,,,,,,,1,2,1,1,6
200500030789,0005-05-30 09:00:00,5,5,30,9,0,800,632.0,RD 408,,,Plein jour,En agglomération,Hors intersection,Normale,Deux véhicules - frontale,,,,,,,,,,,1,2,1,1,1
200500030790,0005-05-30 11:50:00,5,5,30,11,50,800,21.0,"218, JULES BARNI (RUE)",,,Plein jour,En agglomération,Hors intersection,Pluie légère,Trois véhicules et plus - collisions multiples,,,,,,,,,,,1,2,1,2,5
200500030791,0005-05-09 05:30:00,5,5,9,5,30,810,4.0,ROCADE RN88 EST,,,Nuit sans éclairage public,Hors agglomération,Hors intersection,Normale,Deux véhicules - côté,,,,,,,,,,,3,1,1,1,3
200500030792,0005-05-15 00:20:00,5,5,15,0,20,810,144.0,RN 88,,,Nuit sans éclairage public,Hors agglomération,Hors intersection,Normale,Deux véhicules - côté,,,,,,,,,,,3,1,1,1,3
200500030793,0005-05-22 14:16:00,5,5,22,14,16,810,18.0,RIOLS ( CH DE ),,,Plein jour,En agglomération,Intersection en X,Normale,Deux véhicules - côté,,,,,,,,,,,1,2,2,1,3
200500030794,0005-05-20 10:15:00,5,5,20,10,15,810,60.0,"20, DOUBLETTES ( RUE DES",,,Plein jour,En agglomération,Hors intersection,Normale,Trois véhicules et plus - collisions multiples,,,,,,,,,,,1,2,1,1,5
200500030795,0005-05-02 13:20:00,5,5,2,13,20,810,65.0,ALBI (RTE D'),,,Plein jour,Hors agglomération,Hors intersection,Normale,Deux véhicules - arrière,,,,,,,,,,,1,1,1,1,2
200500030796,0005-05-03 18:45:00,5,5,3,18,45,810,65.0,PIOCH MELOU (CH.DU),,,Plein jour,Hors agglomération,Hors intersection,Normale,Deux véhicules - frontale,,,,,,,,,,,1,1,1,1,1
200500030797,0005-05-06 17:10:00,5,5,6,17,10,810,65.0,GOUTY (CH. DE),,,Plein jour,Hors agglomération,Hors intersection,Normale,Sans collision,,,,,,,,,,,1,1,1,1,7
200500030798,0005-05-08 20:25:00,5,5,8,20,25,810,65.0,METZ (RUE DE),,,Crépuscule ou aube,En agglomération,Intersection en T,Normale,Deux véhicules - côté,,,,,,,,,,,2,2,3,1,3
200500030799,0005-05-09 14:00:00,5,5,9,14,0,810,65.0,TOULOUSE (RTE DE),,,Plein jour,En agglomération,Hors intersection,Normale,Deux véhicules - côté,,,,,,,,,,,1,2,1,1,3
200500030800,0005-05-09 17:05:00,5,5,9,17,5,810,65.0,LACAZE BASSE (AV.DE),,,Plein jour,En agglomération,Hors intersection,Normale,Deux véhicules - arrière,,,,,,,,,,,1,2,1,1,2
200500030801,0005-05-10 08:00:00,5,5,10,8,0,810,65.0,PERIE (RUE THERON),,,Plein jour,En agglomération,Intersection en T,Normale,Deux véhicules - côté,,,,,,,,,,,1,2,3,1,3
200500030802,0005-05-13 09:56:00,5,5,13,9,56,810,65.0,ARIBAT  (BD. DOCTEUR),,,Plein jour,En agglomération,Hors intersection,Normale,Autre collision,,,,,,,,,,,1,2,1,1,6
200500030803,0005-05-17 18:15:00,5,5,17,18,15,810,65.0,FARGUEVIEILLE (LDT),,,Plein jour,Hors agglomération,Hors intersection,Pluie légère,Deux véhicules - côté,,,,,,,,,,,1,1,1,2,3
200500030804,0005-05-22 10:10:00,5,5,22,10,10,810,65.0,"139, TOULOUSE RN 126 (RT",,,Plein jour,En agglomération,Hors intersection,Normale,Autre collision,,,,,,,,,,,1,2,1,1,6
200500030805,0005-05-03 18:45:00,5,5,3,18,45,810,105.0,VOUTES (CHEMIN ET PONT D,,,Plein jour,En agglomération,Autre intersection,Normale,Deux véhicules - côté,,,,,,,,,,,1,2,9,1,3
200500030806,0005-05-18 21:20:00,5,5,18,21,20,810,105.0,"01, GENEVE (BOULEVARD DE",,,Nuit avec éclairage allumé,En agglomération,Autre intersection,Normale,Deux véhicules - frontale,,,,,,,,,,,5,2,9,1,1
200500030807,0005-05-18 18:10:00,5,5,18,18,10,810,21.0,", BRADFORD",,,Plein jour,En agglomération,Intersection en X,Normale,Deux véhicules - frontale,,,,,,,,,,,1,2,2,1,1
200500030808,0005-05-18 08:10:00,5,5,18,8,10,820,33.0,LAFRANCAISE (de),,,Plein jour,En agglomération,Hors intersection,Normale,Trois véhicules et plus - collisions multiples,,,,,,,,,,,1,2,1,1,5
200500030809,0005-05-06 14:55:00,5,5,6,14,55,820,33.0,"36, LECLERC (du Maréchal",,,Plein jour,En agglomération,Intersection en T,Normale,Deux véhicules - côté,,,,,,,,,,,1,2,3,1,3
200500030810,0005-05-26 18:40:00,5,5,26,18,40,820,33.0,VC 22,,,Plein jour,Hors agglomération,Hors intersection,Normale,Sans collision,,,,,,,,,,,1,1,1,1,7
200500030811,0005-05-02 08:50:00,5,5,2,8,50,820,121.0,"0, PARIS N 20 (AVENUE DE",,,Plein jour,En agglomération,Intersection en X,Normale,Deux véhicules - côté,,,,,,,,,,,1,2,2,1,3
200500030812,0005-05-02 23:00:00,5,5,2,23,0,820,121.0,"0, DELCASSE (RUE)",,,Nuit avec éclairage allumé,En agglomération,Intersection en X,Normale,Deux véhicules - côté,,,,,,,,,,,5,2,2,1,3
200500030813,0005-05-22 10:32:00,5,5,22,10,32,820,121.0,LACRA,,,Plein jour,Hors agglomération,Hors intersection,Pluie légère,Deux véhicules - côté,,,,,,,,,,,1,1,1,2,3
200500030814,0005-05-04 20:45:00,5,5,4,20,45,820,121.0,"0, INGRES (RUE)",,,Crépuscule ou aube,En agglomération,Intersection en X,Normale,Deux véhicules - côté,,,,,,,,,,,2,2,2,1,3
200500030815,0005-05-15 19:25:00,5,5,15,19,25,820,121.0,"1, COMEDIE (RUE DE LA)",,,Plein jour,En agglomération,Hors intersection,Normale,Autre collision,,,,,,,,,,,1,2,1,1,6
200500030816,0005-05-09 13:00:00,5,5,9,13,0,820,121.0,"33, BRIAND (RUE ARISTIDE",,,Plein jour,En agglomération,Hors intersection,Normale,Deux véhicules - côté,,,,,,,,,,,1,2,1,1,3
200500030817,0005-05-19 18:45:00,5,5,19,18,45,820,121.0,"21, BRIQUETTERIE (RUE DE",,,Plein jour,En agglomération,Intersection en X,Normale,Autre collision,,,,,,,,,,,1,2,2,1,6
200500030818,0005-05-20 20:10:00,5,5,20,20,10,820,121.0,"0, VOLTAIRE (RUE)",,,Plein jour,En agglomération,Intersection en X,Normale,Deux véhicules - côté,,,,,,,,,,,1,2,2,1,3
200500030819,0005-05-23 12:39:00,5,5,23,12,39,820,121.0,"0, HERRIOT (BOULEVARD ED",,,Plein jour,En agglomération,Hors intersection,Normale,Deux véhicules - arrière,,,,,,,,,,,1,2,1,1,2