accident_id,datetime,annee,mois,jour,heure,minute,departement,commune_insee,adresse,latitude,longitude,luminosite,agglomeration,intersection,meteo,collision,nb_vehicules,nb_usagers,nb_indemnes,nb_tues,nb_blesses_hosp,nb_blesses_legers,age_cond_1,age_cond_2,veh_type_cond_1,veh_type_cond_2,lum_code,agg_code,int_code,atm_code,col_code
200500030820,0005-05-23 18:40:00,5,5,23,18,40,820,121.0,"0, SAINT-ANTONIN D 958 (",,,Plein jour,Hors agglomération,Intersection en X,Normale,Deux véhicules - côté,,,,,,,,,,,1,1,2,1,3
200500030821,0005-05-24 08:30:00,5,5,24,8,30,820,121.0,"0, CLADEL (RUE LEON)",,,Crépuscule ou aube,En agglomération,Intersection en X,Normale,Deux véhicules - côté,,,,,,,,,,,2,2,2,1,3
200500030822,0005-05-30 09:10:00,5,5,30,9,10,820,121.0,"1210, VIGNARNAUD (ROUTE",,,Plein jour,Hors agglomération,Hors intersection,Normale,Autre collision,,,,,,,,,,,1,1,1,1,6
200500030823,0005-05-31 11:10:00,5,5,31,11,10,820,121.0,"0, GAMBETTA (AVENUE)",,,Plein jour,En agglomération,Hors intersection,Normale,Deux véhicules - côté,,,,,,,,,,,1,2,1,1,3
200500030824,0005-05-27 21:50:00,5,5,27,21,50,830,50.0,"46, CARNOT(AVENUE LAZARE",,,Nuit avec éclairage allumé,En agglomération,Hors intersection,Normale,Deux véhicules - arrière,,,,,,,,,,,5,2,1,1,2
200500030825,0005-05-12 12:38:00,5,5,12,12,38,830,118.0,"195, RUE FRANÇOIS MAURIA",,,Plein jour,Hors agglomération,Hors intersection,Normale,Deux véhicules - frontale,,,,,,,,,,,1,1,1,1,1
200500030826,0005-05-04 16:50:00,5,5,4,16,50,830,118.0,"68, BOULEVARD AMPERE",,,Plein jour,En agglomération,Hors intersection,Normale,Deux véhicules - côté,,,,,,,,,,,1,2,1,1,3
200500030827,0005-05-15 21:45:00,5,5,15,21,45,830,61.0,"0, AVENUE DE LATTRE DE T",,,Nuit avec éclairage allumé,En agglomération,Hors intersection,Normale,Deux véhicules - côté,,,,,,,,,,,5,2,1,1,3
200500030828,0005-05-25 11:45:00,5,5,25,11,45,830,61.0,"53, AVENUE GENERAL LECLE",,,Plein jour,En agglomération,Hors intersection,Normale,Autre collision,,,,,,,,,,,1,2,1,1,6
200500030829,0005-05-25 12:20:00,5,5,25,12,20,830,61.0,"109, RUE MARCEL PAGNOL",,,Plein jour,En agglomération,Hors intersection,Normale,Autre collision,,,,,,,,,,,1,2,1,1,6
200500030830,0005-05-08 17:00:00,5,5,8,17,0,830,118.0,PROMENADE RENÉ COTY,,,Plein jour,En agglomération,Hors intersection,Normale,Autre collision,,,,,,,,,,,1,2,1,1,6
200500030831,0005-05-25 07:50:00,5,5,25,7,50,830,118.0,"0, AVENUE DU GRATADIS",,,Plein jour,En agglomération,Intersection en T,Normale,Deux véhicules - frontale,,,,,,,,,,,1,2,3,1,1
200500030832,0005-05-25 16:40:00,5,5,25,16,40,830,118.0,"123, RUE DE LA LIBERTÉ",,,Plein jour,En agglomération,Hors intersection,Normale,Autre collision,,,,,,,,,,,1,2,1,1,6
200500030833,0005-05-07 22:00:00,5,5,7,22,0,830,69.0,CRAU (ROUTE DE LA ),,,Nuit sans éclairage public,Hors agglomération,Hors intersection,Normale,Deux véhicules - côté,,,,,,,,,,,3,1,1,1,3
200500030834,0005-05-02 18:05:00,5,5,2,18,5,830,129.0,REPUBLIQUE (AVENUE DE LA,,,Plein jour,En agglomération,Hors intersection,Normale,Autre collision,,,,,,,,,,,1,2,1,1,6
200500030835,0005-05-06 09:00:00,5,5,6,9,0,830,129.0,KENNEDY(AVENUE J.)N° PAI,,,Plein jour,En agglomération,Hors intersection,Normale,Deux véhicules - arrière,,,,,,,,,,,1,2,1,1,2
200500030836,0005-05-15 14:25:00,5,5,15,14,25,830,129.0,"41, RAYOLET (CORNICHE DU",,,Plein jour,En agglomération,Hors intersection,Normale,Deux véhicules - arrière,,,,,,,,,,,1,2,1,1,2
200500030837,0005-05-19 08:45:00,5,5,19,8,45,830,129.0,"777, DE LATTRE DE TASSIG",,,Plein jour,En agglomération,Hors intersection,Normale,Autre collision,,,,,,,,,,,1,2,1,1,6
200500030838,0005-05-19 12:30:00,5,5,19,12,30,830,123.0,"4319, TOULON (ANCIEN CHE",,,Plein jour,En agglomération,Hors intersection,Normale,Deux véhicules - arrière,,,,,,,,,,,1,2,1,1,2
200500030839,0005-05-19 02:35:00,5,5,19,2,35,830,9.0,DE GAULLE (QUAI CHARLES),,,Plein jour,En agglomération,Hors intersection,Normale,Deux véhicules - côté,,,,,,,,,,,1,2,1,1,3
200500030840,0005-05-28 18:25:00,5,5,28,18,25,830,9.0,ARMEE D'AFRIQUE (ROND PO,,,Plein jour,En agglomération,Autre intersection,Normale,Autre collision,,,,,,,,,,,1,2,9,1,6
200500030841,0005-05-27 12:35:00,5,5,27,12,35,830,129.0,"696, DE LATTRE DE TASSIG",,,Plein jour,En agglomération,Intersection en X,Normale,Autre collision,,,,,,,,,,,1,2,2,1,6
200500030842,0005-05-28 14:40:00,5,5,28,14,40,830,9.0,JEAN COSTE (AVENUE),,,Plein jour,En agglomération,Hors intersection,Normale,Sans collision,,,,,,,,,,,1,2,1,1,7
200500030843,0005-05-31 17:10:00,5,5,31,17,10,830,123.0,EUROPE UNIE (AVENUE),,,Plein jour,En agglomération,Hors intersection,Normale,Autre collision,,,,,,,,,,,1,2,1,1,6
200500030844,0005-05-30 17:30:00,5,5,30,17,30,830,129.0,"231, MER (AVENUE DE LA)",,,Plein jour,En agglomération,Hors intersection,Normale,Autre collision,,,,,,,,,,,1,2,1,1,6
200500030845,0005-05-11 07:35:00,5,5,11,7,35,830,126.0,", IVALDI (AV JEAN BAPTIS",,,Plein jour,En agglomération,Hors intersection,Normale,Deux véhicules - côté,,,,,,,,,,,1,2,1,1,3
200500030846,0005-05-11 18:35:00,5,5,11,18,35,830,126.0,", LAMARQUE (AV JEAN ALBE",,,Plein jour,En agglomération,Hors intersection,Normale,Deux véhicules - arrière,,,,,,,,,,,1,2,1,1,2
200500030847,0005-05-13 13:00:00,5,5,13,13,0,830,126.0,", LONDRES (AV DE)",,,Plein jour,En agglomération,Hors intersection,Normale,Deux véhicules - côté,,,,,,,,,,,1,2,1,1,3
200500030848,0005-05-17 18:50:00,5,5,17,18,50,830,153.0,", LONDRES (AV DE)",,,Plein jour,En agglomération,Hors intersection,Normale,Autre collision,,,,,,,,,,,1,2,1,1,6
200500030849,0005-05-17 20:15:00,5,5,17,20,15,830,153.0,", RENOIR (AV AUGUSTE)",,,Plein jour,En agglomération,Hors intersection,Pluie légère,Deux véhicules - arrière,,,,,,,,,,,1,2,1,2,2
200500030850,0005-05-18 18:10:00,5,5,18,18,10,830,153.0,", BREMOND (CHEMIN DE)",,,Plein jour,En agglomération,Hors intersection,Normale,Trois véhicules et plus - en chaîne,,,,,,,,,,,1,2,1,1,4
200500030851,0005-05-26 15:25:00,5,5,26,15,25,830,153.0,", JUIN (AV MARECHAL)",,,Plein jour,En agglomération,Hors intersection,Normale,Trois véhicules et plus - collisions multiples,,,,,,,,,,,1,2,1,1,5
200500030852,0005-05-27 11:10:00,5,5,27,11,10,830,153.0,", QUATRE SEPTEMBRE (BD D",,,Plein jour,En agglomération,Intersection en X,Normale,Deux véhicules - côté,,,,,,,,,,,1,2,2,1,3
200500030853,0005-05-27 12:35:00,5,5,27,12,35,830,153.0,", BREMOND (CHEMIN DE)",,,Plein jour,En agglomération,Hors intersection,Normale,Deux véhicules - frontale,,,,,,,,,,,1,2,1,1,1
200500030854,0005-05-27 23:15:00,5,5,27,23,15,830,153.0,", LAGOUBRAN AUX PLAYES (",,,Nuit sans éclairage public,En agglomération,Hors intersection,Normale,Autre collision,,,,,,,,,,,3,2,1,1,6
200500030855,0005-05-02 05:30:00,5,5,2,5,30,830,137.0,"Ignoré, BON RENCONTRE (R",,,Crépuscule ou aube,En agglomération,Hors intersection,Normale,Deux véhicules - côté,,,,,,,,,,,2,2,1,1,3
200500030856,0005-05-02 20:45:00,5,5,2,20,45,830,137.0,JOFFRE (BD MARECHAL),,,Nuit avec éclairage allumé,En agglomération,Hors intersection,Normale,Deux véhicules - côté,,,,,,,,,,,5,2,1,1,3
200500030857,0005-05-02 11:15:00,5,5,2,11,15,830,137.0,"349, MONEREIT (CHEMIN DE",,,Plein jour,En agglomération,Hors intersection,Normale,Deux véhicules - côté,,,,,,,,,,,1,2,1,1,3
200500030858,0005-05-02 17:00:00,5,5,2,17,0,830,137.0,"IGNORE, CUZIN (AVE FRANC",,,Plein jour,En agglomération,Hors intersection,Normale,Autre collision,,,,,,,,,,,1,2,1,1,6
200500030859,0005-05-04 07:45:00,5,5,4,7,45,830,90.0,CANNIERS (CHEMIN DES),,,Plein jour,Hors agglomération,Hors intersection,Temps éblouissant,Deux véhicules - arrière,,,,,,,,,,,1,1,1,7,2
200500030860,0005-05-06 15:25:00,5,5,6,15,25,830,137.0,"202, 15EME CORPS (AVE DU",,,Plein jour,En agglomération,Intersection en T,Normale,Deux véhicules - côté,,,,,,,,,,,1,2,3,1,3
200500030861,0005-05-08 17:00:00,5,5,8,17,0,830,137.0,ESTIENNE D'ORVES (AVE),,,Plein jour,En agglomération,Hors intersection,Normale,Deux véhicules - arrière,,,,,,,,,,,1,2,1,1,2
200500030862,0005-05-08 18:10:00,5,5,8,18,10,830,90.0,NATIONALE 8 (ROUTE),,,Plein jour,Hors agglomération,Hors intersection,Normale,Autre collision,,,,,,,,,,,1,1,1,1,6
200500030863,0005-05-03 18:50:00,5,5,3,18,50,830,137.0,FOURS A CHAUX (CHEMIN /,,,Plein jour,En agglomération,Intersection en T,Normale,Deux véhicules - arrière,,,,,,,,,,,1,2,3,1,2
200500030864,0005-05-07 21:39:00,5,5,7,21,39,830,137.0,"neant, FRANCE (RUE ANATO",,,Nuit avec éclairage allumé,En agglomération,Intersection en X,Normale,Deux véhicules - côté,,,,,,,,,,,5,2,2,1,3
200500030865,0005-05-08 00:25:00,5,5,8,0,25,830,137.0,"NEANT, BRIAND (AVE ARIST",,,Nuit avec éclairage allumé,En agglomération,Intersection en X,Normale,Deux véhicules - côté,,,,,,,,,,,5,2,2,1,3
200500030866,0005-05-10 08:00:00,5,5,10,8,0,830,137.0,CAILLET (RUE DU GENERAL),,,Plein jour,En agglomération,Hors intersection,Normale,Deux véhicules - côté,,,,,,,,,,,1,2,1,1,3
200500030867,0005-05-10 23:20:00,5,5,10,23,20,830,137.0,LAMALGUE (RUE),,,Nuit avec éclairage allumé,En agglomération,Hors intersection,Pluie légère,Sans collision,,,,,,,,,,,5,2,1,2,7
200500030868,0005-05-04 15:15:00,5,5,4,15,15,830,137.0,REPUBLIQUE (AVE DE LA),,,Plein jour,En agglomération,Hors intersection,Normale,Autre collision,,,,,,,,,,,1,2,1,1,6
200500030869,0005-05-10 16:45:00,5,5,10,16,45,830,137.0,CLEMENCEAU (BD GEORGES),,,Plein jour,En agglomération,Hors intersection,Normale,Autre collision,,,,,,,,,,,1,2,1,1,6
200500030870,0005-05-14 19:30:00,5,5,14,19,30,830,137.0,"155, ROOSEVELT (AVE FRAN",,,Plein jour,En agglomération,Hors intersection,Normale,Deux véhicules - côté,,,,,,,,,,,1,2,1,1,3
200500030871,0005-05-14 11:15:00,5,5,14,11,15,830,90.0,GORGES (ROUTE DES),,,Plein jour,Hors agglomération,Hors intersection,Pluie légère,Deux véhicules - frontale,,,,,,,,,,,1,1,1,2,1
200500030872,0005-05-17 08:30:00,5,5,17,8,30,830,137.0,TIRAILLEURS ALGERIENS (A,,,Plein jour,En agglomération,Intersection en Y,Normale,Deux véhicules - arrière,,,,,,,,,,,1,2,4,1,2
200500030873,0005-05-04 14:00:00,5,5,4,14,0,830,90.0,BERTHELOT (RUE),,,Plein jour,En agglomération,Hors intersection,Normale,Deux véhicules - côté,,,,,,,,,,,1,2,1,1,3
200500030874,0005-05-17 09:20:00,5,5,17,9,20,830,137.0,"633, LE CHATELIER (AVE A",,,Plein jour,En agglomération,Hors intersection,Normale,Deux véhicules - côté,,,,,,,,,,,1,2,1,1,3
200500030875,0005-05-14 10:40:00,5,5,14,10,40,830,137.0,STRASBOURG (BD DE ),,,Plein jour,En agglomération,Hors intersection,Normale,Autre collision,,,,,,,,,,,1,2,1,1,6
200500030876,0005-05-23 21:30:00,5,5,23,21,30,830,137.0,"IGNORE, JUIN (AVE ALPHON",,,Nuit avec éclairage allumé,En agglomération,Hors intersection,Normale,Deux véhicules - arrière,,,,,,,,,,,5,2,1,1,2
200500030877,0005-05-23 07:25:00,5,5,23,7,25,830,137.0,"372, GOURAUD (AVE GENERA",,,Plein jour,En agglomération,Hors intersection,Normale,Deux véhicules - côté,,,,,,,,,,,1,2,1,1,3
200500030878,0005-05-23 07:40:00,5,5,23,7,40,830,137.0,DEVOUCOUX (AVE ROGER),,,Plein jour,En agglomération,Intersection en X,Normale,Deux véhicules - côté,,,,,,,,,,,1,2,2,1,3
200500030879,0005-05-06 10:50:00,5,5,6,10,50,830,90.0,CARREFOUR  (GRANDE SURFA,,,Plein jour,En agglomération,Hors intersection,Normale,Autre collision,,,,,,,,,,,1,2,1,1,6
200500030880,0005-05-26 23:30:00,5,5,26,23,30,830,90.0,"IGNORE, LAGOUBRAN (CHEMI",,,Nuit avec éclairage allumé,En agglomération,Hors intersection,Normale,Deux véhicules - côté,,,,,,,,,,,5,2,1,1,3
200500030881,0005-05-26 15:40:00,5,5,26,15,40,830,137.0,LE BELLEGOU (AVE EDOUARD,,,Plein jour,En agglomération,Hors intersection,Normale,Deux véhicules - côté,,,,,,,,,,,1,2,1,1,3
200500030882,0005-05-27 16:15:00,5,5,27,16,15,830,137.0,"IGNORE, LECLERC (AVE GEN",,,Plein jour,En agglomération,Hors intersection,Normale,Autre collision,,,,,,,,,,,1,2,1,1,6
200500030883,0005-05-29 16:55:00,5,5,29,16,55,830,137.0,"IGNORE, FABRE (BD HENRI)",,,Plein jour,En agglomération,Hors intersection,Normale,Trois véhicules et plus - en chaîne,,,,,,,,,,,1,2,1,1,4
200500030884,0005-05-19 10:35:00,5,5,19,10,35,830,137.0,"IGNORE, MARCHAND (AVE CO",,,Plein jour,En agglomération,Hors intersection,Normale,Deux véhicules - arrière,,,,,,,,,,,1,2,1,1,2
200500030885,0005-05-31 15:55:00,5,5,31,15,55,830,137.0,"IGNORE, GABRIEL (RUE)",,,Plein jour,En agglomération,Hors intersection,Normale,Deux véhicules - côté,,,,,,,,,,,1,2,1,1,3
200500030886,0005-05-26 21:00:00,5,5,26,21,0,830,62.0,"IGNORE, DE LATTRE DE TAS",,,Plein jour,En agglomération,Hors intersection,Normale,Deux véhicules - arrière,,,,,,,,,,,1,2,1,1,2
200500030887,0005-05-24 05:30:00,5,5,24,5,30,830,98.0,"IGNORE, GANZIN (AVENUE D",,,Nuit avec éclairage allumé,En agglomération,Hors intersection,Normale,Autre collision,,,,,,,,,,,5,2,1,1,6
200500030888,0005-05-31 16:45:00,5,5,31,16,45,830,90.0,JOUVET (RUE LOUIS),,,Plein jour,En agglomération,Hors intersection,Normale,Autre collision,,,,,,,,,,,1,2,1,1,6
200500030889,0005-05-23 13:30:00,5,5,23,13,30,830,137.0,"IGNORE, PAGNOL (QUAI MAR",,,Plein jour,En agglomération,Intersection en X,Normale,Deux véhicules - côté,,,,,,,,,,,1,2,2,1,3
200500030890,0005-05-27 09:20:00,5,5,27,9,20,830,90.0,"846, DRAGUIGNAN (AVENUE",,,Plein jour,Hors agglomération,Hors intersection,Normale,Deux véhicules - frontale,,,,,,,,,,,1,1,1,1,1
200500030891,0005-05-26 21:00:00,5,5,26,21,0,830,90.0,DE LATTRE DE TASSIGNY (A,,,Plein jour,En agglomération,Hors intersection,Normale,Deux véhicules - arrière,,,,,,,,,,,1,2,1,1,2
200500030892,0005-05-03 17:40:00,5,5,3,17,40,830,90.0,NATIONALE 8 (ROUTE),,,Plein jour,En agglomération,Hors intersection,Normale,Trois véhicules et plus - en chaîne,,,,,,,,,,,1,2,1,1,4
200500030893,0005-05-06 18:40:00,5,5,6,18,40,830,90.0,"22, REPUBLIQUE (RUE DE L",,,Plein jour,En agglomération,Hors intersection,Normale,Deux véhicules - côté,,,,,,,,,,,1,2,1,1,3
200500030894,0005-05-03 17:45:00,5,5,3,17,45,840,7.0,AMANDIER (Avenue de l'),,,Plein jour,En agglomération,Intersection en X,Normale,Deux véhicules - côté,,,,,,,,,,,1,2,2,1,3
200500030895,0005-05-04 20:25:00,5,5,4,20,25,840,7.0,PIERRE SEMARD (avenue),,,Crépuscule ou aube,En agglomération,Hors intersection,Normale,Trois véhicules et plus - en chaîne,,,,,,,,,,,2,2,1,1,4
200500030896,0005-05-05 09:45:00,5,5,5,9,45,840,7.0,LIGNE (Boulevard de la ),,,Plein jour,En agglomération,Intersection en T,Normale,Deux véhicules - côté,,,,,,,,,,,1,2,3,1,3
200500030897,0005-05-05 12:20:00,5,5,5,12,20,840,7.0,SAINT RUF (Avenue),,,Plein jour,En agglomération,Intersection en X,Normale,Deux véhicules - côté,,,,,,,,,,,1,2,2,1,3
200500030898,0005-05-05 12:50:00,5,5,5,12,50,840,7.0,CARDINAL BERTRAND (Cours,,,Plein jour,En agglomération,Intersection en T,Normale,Deux véhicules - arrière,,,,,,,,,,,1,2,3,1,2
200500030899,0005-05-05 17:25:00,5,5,5,17,25,840,7.0,BARTHELASSE(Chemin de la,,,Plein jour,En agglomération,Intersection en T,Normale,Deux véhicules - côté,,,,,,,,,,,1,2,3,1,3
200500030900,0005-05-06 14:25:00,5,5,6,14,25,840,7.0,dépose minute GARE TVG C,,,Plein jour,En agglomération,Hors intersection,Normale,Autre collision,,,,,,,,,,,1,2,1,1,6
200500030901,0005-05-09 08:20:00,5,5,9,8,20,840,7.0,TARASCON,,,Plein jour,En agglomération,Hors intersection,Normale,Deux véhicules - arrière,,,,,,,,,,,1,2,1,1,2
200500030902,0005-05-09 13:50:00,5,5,9,13,50,840,7.0,SAINT RUF (Avenue),,,Plein jour,En agglomération,Intersection en Y,Normale,Deux véhicules - côté,,,,,,,,,,,1,2,4,1,3
200500030903,0005-05-11 16:00:00,5,5,11,16,0,840,7.0,LYON (route de ),,,Plein jour,En agglomération,Hors intersection,Normale,Deux véhicules - côté,,,,,,,,,,,1,2,1,1,3
200500030904,0005-05-13 00:40:00,5,5,13,0,40,840,7.0,C.De GAULLE (Rocade),,,Nuit sans éclairage public,En agglomération,Hors intersection,Normale,Autre collision,,,,,,,,,,,3,2,1,1,6
200500030905,0005-05-13 12:35:00,5,5,13,12,35,840,7.0,CORELLI (Rue),,,Plein jour,En agglomération,Intersection en Y,Normale,Deux véhicules - côté,,,,,,,,,,,1,2,4,1,3
200500030906,0005-05-14 10:45:00,5,5,14,10,45,840,7.0,THIERS (Rue),,,Plein jour,En agglomération,Hors intersection,Normale,Autre collision,,,,,,,,,,,1,2,1,1,6
200500030907,0005-05-15 04:25:00,5,5,15,4,25,840,7.0,LIGNE (Boulevard de la ),,,Nuit avec éclairage non allumé,En agglomération,Hors intersection,Normale,Autre collision,,,,,,,,,,,4,2,1,1,6
200500030908,0005-05-16 13:40:00,5,5,16,13,40,840,7.0,PAMARD (Rue Paul),,,Plein jour,En agglomération,Intersection en T,Normale,Deux véhicules - côté,,,,,,,,,,,1,2,3,1,3
200500030909,0005-05-18 14:45:00,5,5,18,14,45,840,7.0,GENET.E (rue),,,Plein jour,En agglomération,Intersection en T,Normale,Deux véhicules - côté,,,,,,,,,,,1,2,3,1,3
200500030910,0005-05-18 16:45:00,5,5,18,16,45,840,7.0,MORIERES (Route de ),,,Plein jour,En agglomération,Intersection en X,Normale,Deux véhicules - côté,,,,,,,,,,,1,2,2,1,3
200500030911,0005-05-19 08:00:00,5,5,19,8,0,840,7.0,SAINT MICHEL (Boulevard),,,Plein jour,En agglomération,Hors intersection,Normale,Deux véhicules - arrière,,,,,,,,,,,1,2,1,1,2
200500030912,0005-05-20 12:15:00,5,5,20,12,15,840,7.0,C.De GAULLE (Rocade),,,Plein jour,En agglomération,Hors intersection,Normale,Deux véhicules - côté,,,,,,,,,,,1,2,1,1,3
200500030913,0005-05-21 00:25:00,5,5,21,0,25,840,7.0,REALPANIER (Rond point d,,,Nuit sans éclairage public,En agglomération,Giratoire,Normale,Autre collision,,,,,,,,,,,3,2,6,1,6
200500030914,0005-05-21 11:30:00,5,5,21,11,30,840,7.0,EISENHOWER (Avenue),,,Plein jour,En agglomération,Giratoire,Normale,Deux véhicules - côté,,,,,,,,,,,1,2,6,1,3
200500030915,0005-05-22 20:10:00,5,5,22,20,10,840,7.0,PIERRE SEMARD (avenue),,,Plein jour,En agglomération,Intersection en X,Normale,Deux véhicules - arrière,,,,,,,,,,,1,2,2,1,2
200500030916,0005-05-24 18:05:00,5,5,24,18,5,840,7.0,MONCLAR (Avenue),,,Plein jour,En agglomération,Intersection en T,Normale,Deux véhicules - côté,,,,,,,,,,,1,2,3,1,3
200500030917,0005-05-26 09:30:00,5,5,26,9,30,840,7.0,PIERRE SEMARD (avenue),,,Plein jour,En agglomération,Hors intersection,Normale,Deux véhicules - côté,,,,,,,,,,,1,2,1,1,3
200500030918,0005-05-27 16:55:00,5,5,27,16,55,840,7.0,MISTRAL7  (Parking C.Com,,,Plein jour,En agglomération,Autre intersection,Normale,Deux véhicules - côté,,,,,,,,,,,1,2,9,1,3
200500030919,0005-05-30 21:00:00,5,5,30,21,0,840,7.0,ROTONDES (Les),,,Crépuscule ou aube,En agglomération,Intersection en X,Normale,Deux véhicules - côté,,,,,,,,,,,2,2,2,1,3
200500030920,0005-05-30 21:25:00,5,5,30,21,25,840,7.0,ROYAUME et DALADIER (Pon,,,Nuit avec éclairage allumé,En agglomération,Intersection en X,Normale,Deux véhicules - côté,,,,,,,,,,,5,2,2,1,3
200500030921,0005-05-31 15:10:00,5,5,31,15,10,840,7.0,PIERRE SEMARD (avenue),,,Plein jour,En agglomération,Intersection en X,Normale,Deux véhicules - arrière,,,,,,,,,,,1,2,2,1,2
200500030922,0005-05-05 10:05:00,5,5,5,10,5,840,35.0,"27, RENAN (COURS ERNEST)",,,Plein jour,En agglomération,Hors intersection,Normale,Deux véhicules - arrière,,,,,,,,,,,1,2,1,1,2
200500030923,0005-05-13 15:25:00,5,5,13,15,25,840,35.0,"77, COTY (AVENUE RENE)",,,Plein jour,En agglomération,Hors intersection,Normale,Deux véhicules - frontale,,,,,,,,,,,1,2,1,1,1
200500030924,0005-05-14 23:18:00,5,5,14,23,18,840,35.0,"172, VAUDOIS (ROUTE DES)",,,Nuit sans éclairage public,En agglomération,Hors intersection,Normale,Deux véhicules - côté,,,,,,,,,,,3,2,1,1,3
200500030925,0005-05-17 09:50:00,5,5,17,9,50,840,35.0,"250, CHATEAUX-CR80 (CHEM",,,Plein jour,Hors agglomération,Hors intersection,Normale,Deux véhicules - frontale,,,,,,,,,,,1,1,1,1,1
200500030926,0005-05-17 16:45:00,5,5,17,16,45,840,35.0,"111, ISLE/SORGUE-RD 938",,,Plein jour,En agglomération,Hors intersection,Normale,Autre collision,,,,,,,,,,,1,2,1,1,6
200500030927,0005-05-25 12:23:00,5,5,25,12,23,840,35.0,"512, LAGNES-RD24 (ROUTE",,,Plein jour,Hors agglomération,Hors intersection,Normale,Deux véhicules - frontale,,,,,,,,,,,1,1,1,1,1
200500030928,0005-05-26 11:10:00,5,5,26,11,10,840,35.0,"25, CABASSOLE (PLACE  PH",,,Plein jour,En agglomération,Hors intersection,Normale,Deux véhicules - frontale,,,,,,,,,,,1,2,1,1,1
200500030929,0005-05-30 16:00:00,5,5,30,16,0,840,35.0,"00, VERGERS (AVENUE DES)",,,Plein jour,En agglomération,Hors intersection,Normale,Deux véhicules - frontale,,,,,,,,,,,1,2,1,1,1
200500030930,0005-05-06 19:00:00,5,5,6,19,0,840,87.0,"., NOGARET (CHEMIN DE)",,,Plein jour,En agglomération,Hors intersection,Normale,Deux véhicules - frontale,,,,,,,,,,,1,2,1,1,1
200500030931,0005-05-24 18:25:00,5,5,24,18,25,840,89.0,", VERDUN (AVENUE DE)",,,Plein jour,En agglomération,Giratoire,Normale,Deux véhicules - côté,,,,,,,,,,,1,2,6,1,3
200500030932,0005-05-03 17:40:00,5,5,3,17,40,850,191.0,BOILEAU RUE,,,Plein jour,En agglomération,Intersection en X,Normale,Deux véhicules - côté,,,,,,,,,,,1,2,2,1,3
200500030933,0005-05-11 08:25:00,5,5,11,8,25,850,191.0,"0, FRATERNITE AVENUE DE",,,Plein jour,En agglomération,Giratoire,Normale,Deux véhicules - côté,,,,,,,,,,,1,2,6,1,3
200500030934,0005-05-15 09:45:00,5,5,15,9,45,850,191.0,ROCADE NORD RN 160,,,Plein jour,En agglomération,Hors intersection,Normale,Sans collision,,,,,,,,,,,1,2,1,1,7
200500030935,0005-05-17 14:20:00,5,5,17,14,20,850,191.0,"105, SALENGRO RUE ROGER",,,Plein jour,En agglomération,Hors intersection,Normale,Deux véhicules - côté,,,,,,,,,,,1,2,1,1,3
200500030936,0005-05-18 14:30:00,5,5,18,14,30,850,191.0,"0, DELILLE RUE",,,Plein jour,En agglomération,Intersection en T,Normale,Deux véhicules - côté,,,,,,,,,,,1,2,3,1,3
200500030937,0005-05-10 11:50:00,5,5,10,11,50,850,191.0,"7, BROSSARDIERE RUE DE L",,,Plein jour,En agglomération,Hors intersection,Normale,Sans collision,,,,,,,,,,,1,2,1,1,7
200500030938,0005-05-28 18:55:00,5,5,28,18,55,850,191.0,"0, BELGES BOULEVARD DES",,,Plein jour,En agglomération,Intersection en X,Normale,Deux véhicules - côté,,,,,,,,,,,1,2,2,1,3
200500030939,0005-05-01 12:00:00,5,5,1,12,0,850,194.0,PAS DU BOIS 'AVENUE DU),,,Plein jour,En agglomération,Hors intersection,Normale,Deux véhicules - arrière,,,,,,,,,,,1,2,1,1,2
200500030940,0005-05-01 16:10:00,5,5,1,16,10,850,194.0,"125, JAURES (AVENUE JEAN",,,Plein jour,En agglomération,Hors intersection,Normale,Sans collision,,,,,,,,,,,1,2,1,1,7
200500030941,0005-05-08 17:00:00,5,5,8,17,0,850,194.0,ANC COMBATTANTS D'INDOCH,,,Plein jour,En agglomération,Hors intersection,Normale,Deux véhicules - arrière,,,,,,,,,,,1,2,1,1,2
200500030942,0005-05-06 15:05:00,5,5,6,15,5,850,194.0,"18, ROUSSEAU-MECHIN (QUA",,,Plein jour,En agglomération,Hors intersection,Normale,Autre collision,,,,,,,,,,,1,2,1,1,6
200500030943,0005-05-14 17:00:00,5,5,14,17,0,850,194.0,CLEMENCEAU (RUE GEORGES),,,Plein jour,En agglomération,Intersection en X,Normale,Autre collision,,,,,,,,,,,1,2,2,1,6
200500030944,0005-05-14 04:35:00,5,5,14,4,35,850,194.0,"., KENNEDY (PR DU PRESID",,,Nuit avec éclairage allumé,En agglomération,Hors intersection,Normale,Sans collision,,,,,,,,,,,5,2,1,1,7
200500030945,0005-05-28 21:30:00,5,5,28,21,30,850,194.0,KENNEDY (PR DU PRESIDENT,,,Nuit avec éclairage allumé,En agglomération,Hors intersection,Normale,Deux véhicules - arrière,,,,,,,,,,,5,2,1,1,2
200500030946,0005-05-02 20:10:00,5,5,2,20,10,860,66.0,ARGENSON (AVENUE D'),,,Plein jour,En agglomération,Hors intersection,Normale,Sans collision,,,,,,,,,,,1,2,1,1,7
200500030947,0005-05-08 14:25:00,5,5,8,14,25,860,66.0,RICHELIEU (ROUTE DE),,,Plein jour,Hors agglomération,Hors intersection,Normale,Autre collision,,,,,,,,,,,1,1,1,1,6
200500030948,0005-05-30 16:10:00,5,5,30,16,10,860,66.0,PLEUMARTIN (ROUTE DE),,,Plein jour,Hors agglomération,Hors intersection,Normale,Deux véhicules - arrière,,,,,,,,,,,1,1,1,1,2
200500030949,0005-05-31 11:50:00,5,5,31,11,50,860,66.0,SUTTER (RUE AUGUSTE),,,Plein jour,En agglomération,Intersection en T,Normale,Autre collision,,,,,,,,,,,1,2,3,1,6