accident_id,datetime,annee,mois,jour,heure,minute,departement,commune_insee,adresse,latitude,longitude,luminosite,agglomeration,intersection,meteo,collision,nb_vehicules,nb_usagers,nb_indemnes,nb_tues,nb_blesses_hosp,nb_blesses_legers,age_cond_1,age_cond_2,veh_type_cond_1,veh_type_cond_2,lum_code,agg_code,int_code,atm_code,col_code
200500030950,0005-05-02 08:35:00,5,5,2,8,35,860,194.0,"128, GIBAUDERIE (RUE DE",,,Plein jour,En agglomération,Hors intersection,Normale,Deux véhicules - arrière,,,,,,,,,,,1,2,1,1,2
200500030951,0005-05-02 17:25:00,5,5,2,17,25,860,194.0,PASSERELLE DES ROCS,,,Plein jour,En agglomération,Intersection en T,Normale,Deux véhicules - côté,,,,,,,,,,,1,2,3,1,3
200500030952,0005-05-04 17:30:00,5,5,4,17,30,860,194.0,"93, GENCAY (ROUTE DE)",,,Plein jour,Hors agglomération,Hors intersection,Normale,Autre collision,,,,,,,,,,,1,1,1,1,6
200500030953,0005-05-07 14:30:00,5,5,7,14,30,860,194.0,11 NOVEMBRE (AVENUE DU),,,Plein jour,En agglomération,Intersection en X,Normale,Deux véhicules - côté,,,,,,,,,,,1,2,2,1,3
200500030954,0005-05-10 18:05:00,5,5,10,18,5,860,194.0,"77, PONT ACHARD (BOULEVA",,,Plein jour,En agglomération,Hors intersection,Normale,Deux véhicules - arrière,,,,,,,,,,,1,2,1,1,2
200500030955,0005-05-11 14:00:00,5,5,11,14,0,860,194.0,EUROPE (AVENUE DE L'),,,Plein jour,En agglomération,Hors intersection,Normale,Trois véhicules et plus - en chaîne,,,,,,,,,,,1,2,1,1,4
200500030956,0005-05-12 08:45:00,5,5,12,8,45,860,194.0,"1, A REGULARISER",,,Plein jour,En agglomération,Hors intersection,Normale,Deux véhicules - côté,,,,,,,,,,,1,2,1,1,3
200500030957,0005-05-12 18:05:00,5,5,12,18,5,860,157.0,NOUAILLE (ROUTE DE),,,Plein jour,Hors agglomération,Intersection en T,Pluie légère,Trois véhicules et plus - collisions multiples,,,,,,,,,,,1,1,3,2,5
200500030958,0005-05-13 11:55:00,5,5,13,11,55,860,194.0,NOUAILLE (ROUTE DE),,,Plein jour,En agglomération,Giratoire,Pluie légère,Deux véhicules - côté,,,,,,,,,,,1,2,6,2,3
200500030959,0005-05-14 19:52:00,5,5,14,19,52,860,194.0,"262, GENCAY (ROUTE DE)",,,Plein jour,En agglomération,Hors intersection,Normale,Deux véhicules - frontale,,,,,,,,,,,1,2,1,1,1
200500030960,0005-05-20 15:35:00,5,5,20,15,35,860,41.0,"1, ROMAINE (VOIE)",,,Plein jour,En agglomération,Giratoire,Normale,Deux véhicules - arrière,,,,,,,,,,,1,2,6,1,2
200500030961,0005-05-21 13:20:00,5,5,21,13,20,860,157.0,RN.147,,,Plein jour,Hors agglomération,Giratoire,Normale,Autre collision,,,,,,,,,,,1,1,6,1,6
200500030962,0005-05-22 03:15:00,5,5,22,3,15,860,194.0,8 MAI 1945 (AVENUE DU),,,Nuit avec éclairage allumé,En agglomération,Intersection en X,Normale,Deux véhicules - arrière,,,,,,,,,,,5,2,2,1,2
200500030963,0005-05-23 10:20:00,5,5,23,10,20,860,194.0,"23, SOLFERINO (BOULEVARD",,,Crépuscule ou aube,En agglomération,Hors intersection,Normale,Autre collision,,,,,,,,,,,2,2,1,1,6
200500030964,0005-05-24 17:50:00,5,5,24,17,50,860,194.0,"85, MONTBERNAGE (COTE DE",,,Plein jour,En agglomération,Intersection en X,Normale,Deux véhicules - côté,,,,,,,,,,,1,2,2,1,3
200500030965,0005-05-27 14:20:00,5,5,27,14,20,860,194.0,"1, MARAT (BOULEVARD)",,,Plein jour,En agglomération,Intersection en T,Normale,Deux véhicules - frontale,,,,,,,,,,,1,2,3,1,1
200500030966,0005-05-28 14:50:00,5,5,28,14,50,860,194.0,"107, GRAND CERF (BOULEVA",,,Plein jour,En agglomération,Hors intersection,Normale,Autre collision,,,,,,,,,,,1,2,1,1,6
200500030967,0005-05-28 21:15:00,5,5,28,21,15,860,194.0,JEAN DE BERRY (PLACE),,,Plein jour,En agglomération,Giratoire,Normale,Deux véhicules - côté,,,,,,,,,,,1,2,6,1,3
200500030968,0005-05-30 02:45:00,5,5,30,2,45,860,194.0,"63, PARIS (AVENUE DE)",,,Nuit avec éclairage allumé,En agglomération,Hors intersection,Pluie légère,Autre collision,,,,,,,,,,,5,2,1,2,6
200500030969,0005-05-30 17:55:00,5,5,30,17,55,860,158.0,"1, LOGE (AVENUE DE LA)",,,Plein jour,En agglomération,Hors intersection,Normale,Deux véhicules - arrière,,,,,,,,,,,1,2,1,1,2
200500030970,0005-05-30 18:10:00,5,5,30,18,10,860,194.0,"75, PONT ACHARD (BOULEVA",,,Plein jour,En agglomération,Intersection en T,Normale,Deux véhicules - côté,,,,,,,,,,,1,2,3,1,3
200500030971,0005-05-30 18:30:00,5,5,30,18,30,860,158.0,RN.147,,,Plein jour,Hors agglomération,Hors intersection,Normale,Trois véhicules et plus - en chaîne,,,,,,,,,,,1,1,1,1,4
200500030972,0005-05-01 18:30:00,5,5,1,18,30,870,85.0,"02, DUTREIX (RUE ARMAND)",,,Plein jour,En agglomération,Hors intersection,Normale,Autre collision,,,,,,,,,,,1,2,1,1,6
200500030973,0005-05-03 12:50:00,5,5,3,12,50,870,65.0,"47, CHURCHILL (AVENUE WI",,,Plein jour,En agglomération,Hors intersection,Normale,Deux véhicules - arrière,,,,,,,,,,,1,2,1,1,2
200500030974,0005-05-04 03:05:00,5,5,4,3,5,870,85.0,AUTOROUTE A20,,,Plein jour,Hors agglomération,Hors intersection,Normale,Deux véhicules - arrière,,,,,,,,,,,1,1,1,1,2
200500030975,0005-05-06 12:07:00,5,5,6,12,7,870,85.0,"48, DUMAS (AVENUE GEORGE",,,Plein jour,En agglomération,Hors intersection,Normale,Trois véhicules et plus - en chaîne,,,,,,,,,,,1,2,1,1,4
200500030976,0005-05-06 15:08:00,5,5,6,15,8,870,85.0,"2, STALINGRAD (PLACE)",,,Plein jour,En agglomération,Hors intersection,Normale,Deux véhicules - côté,,,,,,,,,,,1,2,1,1,3
200500030977,0005-05-07 17:46:00,5,5,7,17,46,870,85.0,"35, ROCHILLOUX (RUE DES)",,,Plein jour,En agglomération,Hors intersection,Normale,Deux véhicules - côté,,,,,,,,,,,1,2,1,1,3
200500030978,0005-05-07 22:40:00,5,5,7,22,40,870,85.0,"54, LECLERC (AVENUE DU G",,,Nuit avec éclairage allumé,En agglomération,Hors intersection,Normale,Deux véhicules - côté,,,,,,,,,,,5,2,1,1,3
200500030979,0005-05-08 05:43:00,5,5,8,5,43,870,50.0,RD218,,,Nuit sans éclairage public,En agglomération,Hors intersection,Normale,Autre collision,,,,,,,,,,,3,2,1,1,6
200500030980,0005-05-09 17:10:00,5,5,9,17,10,870,85.0,"71, GARIBALDI (AVENUE)",,,Plein jour,En agglomération,Hors intersection,Normale,Autre collision,,,,,,,,,,,1,2,1,1,6
200500030981,0005-05-10 09:15:00,5,5,10,9,15,870,85.0,"12, BEAUBLANC (BOULEVARD",,,Plein jour,En agglomération,Hors intersection,Normale,Deux véhicules - côté,,,,,,,,,,,1,2,1,1,3
200500030982,0005-05-11 13:40:00,5,5,11,13,40,870,75.0,CD 74,,,Plein jour,En agglomération,Hors intersection,Normale,Autre collision,,,,,,,,,,,1,2,1,1,6
200500030983,0005-05-12 20:25:00,5,5,12,20,25,870,65.0,RD 704A,,,Crépuscule ou aube,En agglomération,Hors intersection,Normale,Deux véhicules - frontale,,,,,,,,,,,2,2,1,1,1
200500030984,0005-05-13 11:27:00,5,5,13,11,27,870,85.0,"0, PALAIS (ROUTE DU)",,,Plein jour,En agglomération,Intersection en X,Normale,Deux véhicules - côté,,,,,,,,,,,1,2,2,1,3
200500030985,0005-05-13 13:28:00,5,5,13,13,28,870,85.0,GIFFARD (RUE HENRI),,,Plein jour,En agglomération,Intersection en T,Normale,Deux véhicules - côté,,,,,,,,,,,1,2,3,1,3
200500030986,0005-05-14 03:05:00,5,5,14,3,5,870,85.0,"150/152, NEXON (RUE DE)",,,Nuit avec éclairage allumé,En agglomération,Hors intersection,Pluie légère,Autre collision,,,,,,,,,,,5,2,1,2,6
200500030987,0005-05-19 15:25:00,5,5,19,15,25,870,85.0,BEAUBLANC (BOULEVARD DE),,,Plein jour,En agglomération,Intersection en X,Normale,Deux véhicules - côté,,,,,,,,,,,1,2,2,1,3
200500030988,0005-05-19 19:00:00,5,5,19,19,0,870,85.0,"8, CHURCHILL WINSTON (PL",,,Plein jour,En agglomération,Hors intersection,Normale,Autre collision,,,,,,,,,,,1,2,1,1,6
200500030989,0005-05-20 10:20:00,5,5,20,10,20,870,85.0,"251, PERRIN (RUE FRANCOI",,,Plein jour,En agglomération,Hors intersection,Normale,Deux véhicules - arrière,,,,,,,,,,,1,2,1,1,2
200500030990,0005-05-23 19:20:00,5,5,23,19,20,870,85.0,RD2000 - LIMOGES,,,Plein jour,En agglomération,Giratoire,Normale,Autre collision,,,,,,,,,,,1,2,6,1,6
200500030991,0005-05-25 14:38:00,5,5,25,14,38,870,114.0,CROIX DE LA LIEUE (LA) -,,,Plein jour,En agglomération,Hors intersection,Normale,Autre collision,,,,,,,,,,,1,2,1,1,6
200500030992,0005-05-25 18:25:00,5,5,25,18,25,870,65.0,MERMOZ (RUE JEAN-),,,Plein jour,En agglomération,Hors intersection,Normale,Trois véhicules et plus - en chaîne,,,,,,,,,,,1,2,1,1,4
200500030993,0005-05-25 20:25:00,5,5,25,20,25,870,75.0,"23, BOSGILLIERS (CHEMIN",,,Crépuscule ou aube,En agglomération,Hors intersection,Normale,Autre collision,,,,,,,,,,,2,2,1,1,6
200500030994,0005-05-26 19:30:00,5,5,26,19,30,870,85.0,"12, JOLIOT CURIE (RUE IR",,,Plein jour,En agglomération,Hors intersection,Normale,Autre collision,,,,,,,,,,,1,2,1,1,6
200500030995,0005-05-27 14:30:00,5,5,27,14,30,870,50.0,"56, TEXONNIERAS (RUE DE)",,,Plein jour,En agglomération,Hors intersection,Normale,Autre collision,,,,,,,,,,,1,2,1,1,6
200500030996,0005-05-27 16:55:00,5,5,27,16,55,870,85.0,"35, MARCLAND (RUE DU DOC",,,Plein jour,En agglomération,Hors intersection,Normale,Autre collision,,,,,,,,,,,1,2,1,1,6
200500030997,0005-05-28 04:30:00,5,5,28,4,30,870,85.0,PORT DU NAVEIX (RUE DU),,,Nuit avec éclairage allumé,En agglomération,Hors intersection,Normale,Deux véhicules - arrière,,,,,,,,,,,5,2,1,1,2
200500030998,0005-05-28 10:40:00,5,5,28,10,40,870,65.0,"9, EYMOUTIERS (RUE D')",,,Plein jour,En agglomération,Hors intersection,Normale,Sans collision,,,,,,,,,,,1,2,1,1,7
200500030999,0005-05-28 17:05:00,5,5,28,17,5,870,85.0,"0, ROUSSILLON (AVENUE DU",,,Plein jour,En agglomération,Hors intersection,Normale,Deux véhicules - arrière,,,,,,,,,,,1,2,1,1,2
200500031000,0005-05-28 22:40:00,5,5,28,22,40,870,85.0,"38, SAINT ELOI (AVENUE)",,,Nuit avec éclairage allumé,En agglomération,Hors intersection,Normale,Autre collision,,,,,,,,,,,5,2,1,1,6
200500031001,0005-05-30 20:00:00,5,5,30,20,0,870,85.0,"0, SARDOU (RUE VICTORIEN",,,Crépuscule ou aube,En agglomération,Intersection en X,Normale,Deux véhicules - côté,,,,,,,,,,,2,2,2,1,3
200500031002,0005-05-31 08:40:00,5,5,31,8,40,870,85.0,"90, MEISSONIER (RUE)",,,Plein jour,En agglomération,Hors intersection,Normale,Deux véhicules - arrière,,,,,,,,,,,1,2,1,1,2
200500031003,0005-05-01 10:45:00,5,5,1,10,45,880,160.0,"1, CHAT-BOTTE (RUE DU)",,,Plein jour,En agglomération,Intersection en X,Normale,Deux véhicules - côté,,,,,,,,,,,1,2,2,1,3
200500031004,0005-05-13 09:30:00,5,5,13,9,30,880,160.0,"1, COUR-BILLOT (RUE DE L",,,Plein jour,En agglomération,Intersection en X,Pluie légère,Deux véhicules - côté,,,,,,,,,,,1,2,2,2,3
200500031005,0005-05-23 14:30:00,5,5,23,14,30,880,160.0,"1, VERDUN (RUE DE)",,,Plein jour,En agglomération,Intersection en X,Normale,Deux véhicules - côté,,,,,,,,,,,1,2,2,1,3
200500031006,0005-05-25 09:45:00,5,5,25,9,45,880,160.0,"4, GEORGES DE LA TOUR (R",,,Plein jour,En agglomération,Hors intersection,Normale,Autre collision,,,,,,,,,,,1,2,1,1,6
200500031007,0005-05-29 10:55:00,5,5,29,10,55,880,160.0,"2, PERRAUL (RUE CHARLES-",,,Plein jour,En agglomération,Hors intersection,Normale,Autre collision,,,,,,,,,,,1,2,1,1,6
200500031008,0005-05-24 22:50:00,5,5,24,22,50,880,160.0,"13, STEIN (PL. EMILE-)",,,Nuit avec éclairage allumé,En agglomération,Hors intersection,Normale,Deux véhicules - côté,,,,,,,,,,,5,2,1,1,3
200500031009,0005-05-25 15:10:00,5,5,25,15,10,880,160.0,"24, SCHUMAN (AV. ROBERT-",,,Plein jour,En agglomération,Hors intersection,Normale,Autre collision,,,,,,,,,,,1,2,1,1,6
200500031010,0005-05-28 22:25:00,5,5,28,22,25,880,160.0,"19, REMIREMONT (RUE DE)",,,Nuit avec éclairage allumé,En agglomération,Hors intersection,Normale,Deux véhicules - côté,,,,,,,,,,,5,2,1,1,3
200500031011,0005-05-04 15:50:00,5,5,4,15,50,880,409.0,", Grande Rue",,,Plein jour,En agglomération,Hors intersection,Normale,Sans collision,,,,,,,,,,,1,2,1,1,7
200500031012,0005-05-04 19:10:00,5,5,4,19,10,880,409.0,CD 417,,,Plein jour,En agglomération,Hors intersection,Temps couvert,Deux véhicules - frontale,,,,,,,,,,,1,2,1,8,1
200500031013,0005-05-23 09:20:00,5,5,23,9,20,880,413.0,"31, Raon ( Route de )",,,Plein jour,En agglomération,Hors intersection,Pluie légère,Sans collision,,,,,,,,,,,1,2,1,2,7
200500031014,0005-05-29 16:30:00,5,5,29,16,30,880,413.0,"30, Saulcy ( Route de )",,,Plein jour,En agglomération,Hors intersection,Normale,Autre collision,,,,,,,,,,,1,2,1,1,6
200500031015,0005-05-30 06:55:00,5,5,30,6,55,880,424.0,"126, Colmar  ( Route de",,,Plein jour,En agglomération,Hors intersection,Normale,Deux véhicules - côté,,,,,,,,,,,1,2,1,1,3
200500031016,0005-05-12 15:30:00,5,5,12,15,30,890,24.0,"26, SOUS-MURS (RUE)",,,Plein jour,En agglomération,Hors intersection,Normale,Autre collision,,,,,,,,,,,1,2,1,1,6
200500031017,0005-05-16 07:45:00,5,5,16,7,45,890,24.0,R.N 77,,,Plein jour,Hors agglomération,Hors intersection,Normale,Deux véhicules - frontale,,,,,,,,,,,1,1,1,1,1
200500031018,0005-05-14 15:35:00,5,5,14,15,35,890,24.0,CHABLIS (ROUTE DE),,,Plein jour,Hors agglomération,Hors intersection,Normale,Deux véhicules - arrière,,,,,,,,,,,1,1,1,1,2
200500031019,0005-05-18 05:40:00,5,5,18,5,40,890,24.0,VALLAN (ROUTE DE) N° IMP,,,Crépuscule ou aube,En agglomération,Intersection en X,Normale,Autre collision,,,,,,,,,,,2,2,2,1,6
200500031020,0005-05-12 08:40:00,5,5,12,8,40,890,387.0,"75, RENE BINET (RUE)",,,Plein jour,En agglomération,Hors intersection,Normale,Autre collision,,,,,,,,,,,1,2,1,1,6
200500031021,0005-05-13 11:23:00,5,5,13,11,23,890,338.0,"1, PARIS (RUE DE)",,,Plein jour,En agglomération,Hors intersection,Normale,Autre collision,,,,,,,,,,,1,2,1,1,6
200500031022,0005-05-16 17:30:00,5,5,16,17,30,890,387.0,ROUTE NATIONALE 6,,,Plein jour,Hors agglomération,Hors intersection,Normale,Deux véhicules - côté,,,,,,,,,,,1,1,1,1,3
200500031023,0005-05-20 13:35:00,5,5,20,13,35,890,387.0,"0, CHAUDIERES (CHEMIN)",,,Plein jour,En agglomération,Intersection en X,Normale,Deux véhicules - côté,,,,,,,,,,,1,2,2,1,3
200500031024,0005-05-01 18:18:00,5,5,1,18,18,900,10.0,LONDRES (RUE DE),,,Plein jour,En agglomération,Hors intersection,Normale,Deux véhicules - frontale,,,,,,,,,,,1,2,1,1,1
200500031025,0005-05-01 19:15:00,5,5,1,19,15,900,10.0,"24, DEFERRE (RUE GASTON)",,,Plein jour,En agglomération,Hors intersection,Normale,Deux véhicules - frontale,,,,,,,,,,,1,2,1,1,1
200500031026,0005-05-02 07:50:00,5,5,2,7,50,900,10.0,"68, LECLERC (AVENUE)",,,Plein jour,En agglomération,Hors intersection,Normale,Deux véhicules - côté,,,,,,,,,,,1,2,1,1,3
200500031027,0005-05-02 16:15:00,5,5,2,16,15,900,10.0,"14, GARIGLIANO PONT",,,Plein jour,En agglomération,Hors intersection,Normale,Deux véhicules - frontale,,,,,,,,,,,1,2,1,1,1
200500031028,0005-05-03 16:00:00,5,5,3,16,0,900,32.0,"21, BAVILLIERS",,,Plein jour,En agglomération,Hors intersection,Pluie légère,Deux véhicules - arrière,,,,,,,,,,,1,2,1,2,2
200500031029,0005-05-05 18:40:00,5,5,5,18,40,900,39.0,DE GAULLE (RUE DU GENERA,,,Plein jour,En agglomération,Intersection en T,Temps couvert,Deux véhicules - côté,,,,,,,,,,,1,2,3,8,3
200500031030,0005-05-06 12:00:00,5,5,6,12,0,900,99.0,TURENNE (RUE DE),,,Plein jour,En agglomération,Hors intersection,Temps couvert,Autre collision,,,,,,,,,,,1,2,1,8,6
200500031031,0005-05-08 17:35:00,5,5,8,17,35,900,10.0,"102, JAURES (AVENUE JEAN",,,Plein jour,En agglomération,Intersection en T,Normale,Deux véhicules - côté,,,,,,,,,,,1,2,3,1,3
200500031032,0005-05-11 13:57:00,5,5,11,13,57,900,1.0,"35, MONTBELIARD (ROUTE D",,,Plein jour,En agglomération,Intersection en T,Normale,Deux véhicules - côté,,,,,,,,,,,1,2,3,1,3
200500031033,0005-05-12 13:25:00,5,5,12,13,25,900,10.0,"1, FONTAINE (RUE JEAN DE",,,Plein jour,En agglomération,Intersection en X,Normale,Deux véhicules - frontale,,,,,,,,,,,1,2,2,1,1
200500031034,0005-05-14 14:30:00,5,5,14,14,30,900,10.0,"11, LAURENCIE (AVENUE CA",,,Plein jour,En agglomération,Intersection en T,Pluie légère,Deux véhicules - frontale,,,,,,,,,,,1,2,3,2,1
200500031035,0005-05-14 18:29:00,5,5,14,18,29,900,8.0,"1, CHARMEUSE (RUE DE LA)",,,Plein jour,En agglomération,Hors intersection,Pluie légère,Deux véhicules - arrière,,,,,,,,,,,1,2,1,2,2
200500031036,0005-05-17 17:55:00,5,5,17,17,55,900,10.0,"3, LILLE (RUE DE)",,,Plein jour,En agglomération,Hors intersection,Normale,Deux véhicules - arrière,,,,,,,,,,,1,2,1,1,2
200500031037,0005-05-20 12:55:00,5,5,20,12,55,900,32.0,"12, CHARMEUSE (RUE DE LA",,,Plein jour,En agglomération,Hors intersection,Pluie légère,Trois véhicules et plus - collisions multiples,,,,,,,,,,,1,2,1,2,5
200500031038,0005-05-20 12:55:00,5,5,20,12,55,900,10.0,"1, LAURENCIE (AVENUE CAP",,,Plein jour,En agglomération,Hors intersection,Normale,Deux véhicules - côté,,,,,,,,,,,1,2,1,1,3
200500031039,0005-05-24 19:20:00,5,5,24,19,20,900,8.0,FROIDEVAL (RUE DE),,,Plein jour,En agglomération,Autre intersection,Normale,Autre collision,,,,,,,,,,,1,2,9,1,6
200500031040,0005-05-25 09:29:00,5,5,25,9,29,900,10.0,"208, JAURES (AVENUE JEAN",,,Plein jour,En agglomération,Hors intersection,Normale,Trois véhicules et plus - collisions multiples,,,,,,,,,,,1,2,1,1,5
200500031041,0005-05-26 08:30:00,5,5,26,8,30,900,10.0,"42, MOULIN (AVENUE JEAN)",,,Plein jour,En agglomération,Intersection en T,Normale,Deux véhicules - arrière,,,,,,,,,,,1,2,3,1,2
200500031042,0005-05-26 12:30:00,5,5,26,12,30,900,99.0,"11, ZOLA (RUE EMILE)",,,Plein jour,En agglomération,Intersection en X,Normale,Deux véhicules - côté,,,,,,,,,,,1,2,2,1,3
200500031043,0005-05-30 15:00:00,5,5,30,15,0,900,8.0,BELFORT (RUE DE),,,Plein jour,En agglomération,Hors intersection,Pluie forte,Deux véhicules - côté,,,,,,,,,,,1,2,1,3,3
200500031044,0005-05-30 17:45:00,5,5,30,17,45,900,10.0,EUROPE (PLACE DE L'),,,Plein jour,En agglomération,Place,Normale,Deux véhicules - côté,,,,,,,,,,,1,2,7,1,3
200500031045,0005-05-03 09:00:00,5,5,3,9,0,910,339.0,RN 20,,,Plein jour,En agglomération,Hors intersection,Normale,Deux véhicules - arrière,,,,,,,,,,,1,2,1,1,2
200500031046,0005-05-03 21:00:00,5,5,3,21,0,910,457.0,"86, BABIN (RUE DU DOCTEU",,,Plein jour,En agglomération,Hors intersection,Normale,Deux véhicules - arrière,,,,,,,,,,,1,2,1,1,2
200500031047,0005-05-08 09:00:00,5,5,8,9,0,910,457.0,"16, PAIX (RUE DE LA)",,,Plein jour,En agglomération,Hors intersection,Normale,Deux véhicules - côté,,,,,,,,,,,1,2,1,1,3
200500031048,0005-05-09 17:00:00,5,5,9,17,0,910,333.0,"24, ALLENDE SALVADOR (AV",,,Plein jour,En agglomération,Hors intersection,Normale,Autre collision,,,,,,,,,,,1,2,1,1,6
200500031049,0005-05-09 17:50:00,5,5,9,17,50,910,552.0,TEMPLIERS (ROUTE DES),,,Plein jour,En agglomération,Intersection en X,Normale,Deux véhicules - côté,,,,,,,,,,,1,2,2,1,3
200500031050,0005-05-12 18:00:00,5,5,12,18,0,910,21.0,"67, VERDUN (AVENUE DE)",,,Plein jour,En agglomération,Hors intersection,Normale,Autre collision,,,,,,,,,,,1,2,1,1,6
200500031051,0005-05-15 19:45:00,5,5,15,19,45,910,21.0,RN 20,,,Plein jour,Hors agglomération,Hors intersection,Normale,Trois véhicules et plus - collisions multiples,,,,,,,,,,,1,1,1,1,5
200500031052,0005-05-17 11:00:00,5,5,17,11,0,910,552.0,NATIONALE 20 (ROUTE),,,Plein jour,Hors agglomération,Hors intersection,Normale,Deux véhicules - arrière,,,,,,,,,,,1,1,1,1,2
200500031053,0005-05-18 04:45:00,5,5,18,4,45,910,103.0,CD 19,,,Nuit sans éclairage public,Hors agglomération,Hors intersection,Normale,Deux véhicules - frontale,,,,,,,,,,,3,1,1,1,1
200500031054,0005-05-20 15:20:00,5,5,20,15,20,910,103.0,"39, DE GAULLE   (AVENUE",,,Plein jour,Hors agglomération,Hors intersection,Normale,Autre collision,,,,,,,,,,,1,1,1,1,6
200500031055,0005-05-27 13:00:00,5,5,27,13,0,910,103.0,"01, VALORGE (RUE DE)",,,Plein jour,En agglomération,Hors intersection,Normale,Autre collision,,,,,,,,,,,1,2,1,1,6
200500031056,0005-05-27 15:00:00,5,5,27,15,0,910,103.0,"01, REPUBLIQUE (BOULEVAR",,,Plein jour,En agglomération,Hors intersection,Normale,Autre collision,,,,,,,,,,,1,2,1,1,6
200500031057,0005-05-30 20:20:00,5,5,30,20,20,910,103.0,"13 ter, PRES D'AULNAY (R",,,Plein jour,Hors agglomération,Hors intersection,Normale,Deux véhicules - frontale,,,,,,,,,,,1,1,1,1,1
200500031058,0005-05-10 10:15:00,5,5,10,10,15,910,27.0,CROIZAT (RUE AMBROISE),,,Plein jour,En agglomération,Intersection en X,Normale,Autre collision,,,,,,,,,,,1,2,2,1,6
200500031059,0005-05-27 18:45:00,5,5,27,18,45,910,27.0,"0, MITTERAND (AVENUE FRA",,,Plein jour,En agglomération,Hors intersection,Normale,Autre collision,,,,,,,,,,,1,2,1,1,6
200500031060,0005-05-05 16:40:00,5,5,5,16,40,910,114.0,"34, COMBS LA VILLE (RUE",,,Plein jour,En agglomération,Intersection en T,Normale,Deux véhicules - côté,,,,,,,,,,,1,2,3,1,3
200500031061,0005-05-12 20:25:00,5,5,12,20,25,910,114.0,"1, ESPERANCE (RUE DE L')",,,Crépuscule ou aube,En agglomération,Hors intersection,Normale,Deux véhicules - frontale,,,,,,,,,,,2,2,1,1,1
200500031062,0005-05-16 10:40:00,5,5,16,10,40,910,114.0,ROUTE NATIONALE 6,,,Plein jour,En agglomération,Intersection en T,Normale,Deux véhicules - côté,,,,,,,,,,,1,2,3,1,3
200500031063,0005-05-10 19:00:00,5,5,10,19,0,910,174.0,"1, FERAY ( rue )",,,Plein jour,En agglomération,Hors intersection,Normale,Autre collision,,,,,,,,,,,1,2,1,1,6
200500031064,0005-05-13 12:20:00,5,5,13,12,20,910,174.0,"66, GOURNAY(rue)",,,Plein jour,En agglomération,Intersection en Y,Normale,Deux véhicules - frontale,,,,,,,,,,,1,2,4,1,1
200500031065,0005-05-20 11:55:00,5,5,20,11,55,910,174.0,"49, JEAN JAURES (BOULEVA",,,Plein jour,En agglomération,Hors intersection,Normale,Deux véhicules - côté,,,,,,,,,,,1,2,1,1,3
200500031066,0005-05-23 18:30:00,5,5,23,18,30,910,174.0,"7, BARILLET ( RUE DU )",,,Plein jour,En agglomération,Hors intersection,Normale,Autre collision,,,,,,,,,,,1,2,1,1,6
200500031067,0005-05-04 15:55:00,5,5,4,15,55,910,657.0,HENRI CHARON (AVENUE),,,Plein jour,En agglomération,Intersection en X,Pluie légère,Deux véhicules - côté,,,,,,,,,,,1,2,2,2,3
200500031068,0005-05-05 21:10:00,5,5,5,21,10,910,657.0,CROIX BLANCHE,,,Crépuscule ou aube,En agglomération,Hors intersection,Normale,Sans collision,,,,,,,,,,,2,2,1,1,7
200500031069,0005-05-10 14:20:00,5,5,10,14,20,910,657.0,PAUL VAILLANT COUTURIER,,,Plein jour,En agglomération,Intersection en X,Normale,Deux véhicules - frontale,,,,,,,,,,,1,2,2,1,1
200500031070,0005-05-18 08:15:00,5,5,18,8,15,910,201.0,GENERAL DE GAULLE(BOULEV,,,Plein jour,En agglomération,Hors intersection,Normale,Deux véhicules - côté,,,,,,,,,,,1,2,1,1,3
200500031071,0005-05-18 11:25:00,5,5,18,11,25,910,201.0,HENRI BARBUSSE(BOULEVARD,,,Plein jour,En agglomération,Hors intersection,Normale,Deux véhicules - côté,,,,,,,,,,,1,2,1,1,3
200500031072,0005-05-18 08:00:00,5,5,18,8,0,910,201.0,FERDINAND BUISSON(RUE),,,Plein jour,En agglomération,Hors intersection,Normale,Autre collision,,,,,,,,,,,1,2,1,1,6
200500031073,0005-05-19 19:15:00,5,5,19,19,15,910,201.0,HENRI BARBUSSE(BOULEVARD,,,Plein jour,En agglomération,Hors intersection,Normale,Deux véhicules - côté,,,,,,,,,,,1,2,1,1,3
200500031074,0005-05-24 15:30:00,5,5,24,15,30,910,201.0,BELLEVUE,,,Plein jour,En agglomération,Hors intersection,Normale,Autre collision,,,,,,,,,,,1,2,1,1,6
200500031075,0005-05-26 07:50:00,5,5,26,7,50,910,201.0,GENERAL DE GAULLE(BOULEV,,,Plein jour,En agglomération,Hors intersection,Normale,Deux véhicules - arrière,,,,,,,,,,,1,2,1,1,2
200500031076,0005-05-26 19:45:00,5,5,26,19,45,910,201.0,GENERAL DE GAULLE(BOULEV,,,Plein jour,En agglomération,Hors intersection,Normale,Deux véhicules - côté,,,,,,,,,,,1,2,1,1,3
200500031077,0005-05-30 15:40:00,5,5,30,15,40,910,657.0,HENRI BARBUSSE (AVENUE),,,Plein jour,En agglomération,Hors intersection,Normale,Sans collision,,,,,,,,,,,1,2,1,1,7
200500031078,0005-05-12 12:50:00,5,5,12,12,50,910,433.0,"35, CD 17",,,Plein jour,Hors agglomération,Hors intersection,Normale,Deux véhicules - arrière,,,,,,,,,,,1,1,1,1,2
200500031079,0005-05-06 19:35:00,5,5,6,19,35,910,223.0,"12, PONT SAINT JEAN (RUE",,,Plein jour,En agglomération,Hors intersection,Normale,Deux véhicules - arrière,,,,,,,,,,,1,2,1,1,2
200500031080,0005-05-27 07:00:00,5,5,27,7,0,910,223.0,RN 191,,,Plein jour,En agglomération,Hors intersection,Normale,Deux véhicules - côté,,,,,,,,,,,1,2,1,1,3