accident_id,datetime,annee,mois,jour,heure,minute,departement,commune_insee,adresse,latitude,longitude,luminosite,agglomeration,intersection,meteo,collision,nb_vehicules,nb_usagers,nb_indemnes,nb_tues,nb_blesses_hosp,nb_blesses_legers,age_cond_1,age_cond_2,veh_type_cond_1,veh_type_cond_2,lum_code,agg_code,int_code,atm_code,col_code
200500031081,0005-05-27 20:10:00,5,5,27,20,10,910,433.0,SAINT GERMAIN (RUE),,,Plein jour,En agglomération,Intersection en T,Normale,Deux véhicules - côté,,,,,,,,,,,1,2,3,1,3
200500031082,0005-05-01 17:35:00,5,5,1,17,35,910,228.0,"., VOIE TU",,,Plein jour,En agglomération,Hors intersection,Normale,Sans collision,,,,,,,,,,,1,2,1,1,7
200500031083,0005-05-02 22:00:00,5,5,2,22,0,910,521.0,"., REMY (RUE ALBERT)",,,Nuit avec éclairage allumé,En agglomération,Hors intersection,Normale,Deux véhicules - côté,,,,,,,,,,,5,2,1,1,3
200500031084,0005-05-04 12:35:00,5,5,4,12,35,910,521.0,"., LIBERATION (AVENUE DE",,,Plein jour,En agglomération,Hors intersection,Pluie forte,Sans collision,,,,,,,,,,,1,2,1,3,7
200500031085,0005-05-05 15:00:00,5,5,5,15,0,910,521.0,"., BONTE (RUE)",,,Plein jour,En agglomération,Hors intersection,Normale,Autre collision,,,,,,,,,,,1,2,1,1,6
200500031086,0005-05-11 13:00:00,5,5,11,13,0,910,228.0,"., FRANCE (BD) N° IMPAIR",,,Plein jour,En agglomération,Hors intersection,Normale,Deux véhicules - côté,,,,,,,,,,,1,2,1,1,3
200500031087,0005-05-11 13:45:00,5,5,11,13,45,910,228.0,"., HALAGE (CHEMIN DU)",,,Plein jour,En agglomération,Hors intersection,Normale,Deux véhicules - côté,,,,,,,,,,,1,2,1,1,3
200500031088,0005-05-11 15:10:00,5,5,11,15,10,910,228.0,"., BOISSY D'ANGLAS (ALLE",,,Plein jour,En agglomération,Hors intersection,Normale,Autre collision,,,,,,,,,,,1,2,1,1,6
200500031089,0005-05-11 17:44:00,5,5,11,17,44,910,228.0,"., MARECHAL DE LATTRE DE",,,Plein jour,En agglomération,Intersection en X,Normale,Deux véhicules - côté,,,,,,,,,,,1,2,2,1,3
200500031090,0005-05-13 18:45:00,5,5,13,18,45,910,228.0,"., YERRES (BD)",,,Plein jour,En agglomération,Hors intersection,Pluie légère,Deux véhicules - frontale,,,,,,,,,,,1,2,1,2,1
200500031091,0005-05-16 00:25:00,5,5,16,0,25,910,521.0,"., BROSSOLETTE (RUE PIER",,,Nuit avec éclairage allumé,En agglomération,Hors intersection,Normale,Sans collision,,,,,,,,,,,5,2,1,1,7
200500031092,0005-05-15 19:10:00,5,5,15,19,10,910,521.0,"32, GRIGNY (ROUTE DE)",,,Plein jour,En agglomération,Hors intersection,Normale,Deux véhicules - côté,,,,,,,,,,,1,2,1,1,3
200500031093,0005-05-16 15:20:00,5,5,16,15,20,910,228.0,"., YERRES (BD)",,,Plein jour,En agglomération,Intersection en X,Normale,Deux véhicules - côté,,,,,,,,,,,1,2,2,1,3
200500031094,0005-05-18 15:33:00,5,5,18,15,33,910,228.0,"., RN7",,,Plein jour,En agglomération,Hors intersection,Normale,Deux véhicules - côté,,,,,,,,,,,1,2,1,1,3
200500031095,0005-05-19 09:00:00,5,5,19,9,0,910,228.0,"., CHAMPS ELYSEES(BD) N°",,,Plein jour,En agglomération,Hors intersection,Normale,Trois véhicules et plus - collisions multiples,,,,,,,,,,,1,2,1,1,5
200500031096,0005-05-26 08:25:00,5,5,26,8,25,910,228.0,"., COQUIBUS(BD)",,,Plein jour,En agglomération,Hors intersection,Normale,Trois véhicules et plus - collisions multiples,,,,,,,,,,,1,2,1,1,5
200500031097,0005-05-27 08:30:00,5,5,27,8,30,910,182.0,"., PARLEMENT EUROPEEN (R",,,Plein jour,En agglomération,Hors intersection,Normale,Deux véhicules - côté,,,,,,,,,,,1,2,1,1,3
200500031098,0005-05-26 21:00:00,5,5,26,21,0,910,521.0,CD153,,,Plein jour,En agglomération,Hors intersection,Normale,Deux véhicules - frontale,,,,,,,,,,,1,2,1,1,1
200500031099,0005-05-31 19:55:00,5,5,31,19,55,910,228.0,"., VOIE TU",,,Plein jour,En agglomération,Hors intersection,Normale,Deux véhicules - côté,,,,,,,,,,,1,2,1,1,3
200500031100,0005-05-09 08:00:00,5,5,9,8,0,910,687.0,"0, VICTOR SCHOELCHER (AV",,,Plein jour,En agglomération,Autre intersection,Normale,Deux véhicules - arrière,,,,,,,,,,,1,2,9,1,2
200500031101,0005-05-12 01:55:00,5,5,12,1,55,910,434.0,"0, CORBEIL (ROUTE DE)",,,Nuit avec éclairage allumé,Hors agglomération,Intersection en Y,Normale,Deux véhicules - côté,,,,,,,,,,,5,1,4,1,3
200500031102,0005-05-10 16:50:00,5,5,10,16,50,910,421.0,"59, REPUBLIQUE (AVENUE D",,,Plein jour,En agglomération,Hors intersection,Normale,Sans collision,,,,,,,,,,,1,2,1,1,7
200500031103,0005-05-15 18:35:00,5,5,15,18,35,910,421.0,"3, REPUBLIQUE (AVENUE DE",,,Plein jour,En agglomération,Hors intersection,Normale,Autre collision,,,,,,,,,,,1,2,1,1,6
200500031104,0005-05-16 05:20:00,5,5,16,5,20,910,421.0,"1, BERANGER (RUE)",,,Nuit avec éclairage allumé,En agglomération,Hors intersection,Normale,Sans collision,,,,,,,,,,,5,2,1,1,7
200500031105,0005-05-16 23:20:00,5,5,16,23,20,910,421.0,"62, REPUBLIQUE (AVENUE D",,,Nuit avec éclairage allumé,En agglomération,Hors intersection,Normale,Deux véhicules - arrière,,,,,,,,,,,5,2,1,1,2
200500031106,0005-05-17 16:25:00,5,5,17,16,25,910,421.0,"0, GLACIERE (RUE DE LA)",,,Plein jour,En agglomération,Hors intersection,Normale,Sans collision,,,,,,,,,,,1,2,1,1,7
200500031107,0005-05-14 18:15:00,5,5,14,18,15,910,421.0,"130, REPUBLIQUE (AVENUE",,,Plein jour,En agglomération,Hors intersection,Normale,Sans collision,,,,,,,,,,,1,2,1,1,7
200500031108,0005-05-18 19:20:00,5,5,18,19,20,910,421.0,"56, MAINVILLE (RUE DE)",,,Plein jour,En agglomération,Hors intersection,Normale,Sans collision,,,,,,,,,,,1,2,1,1,7
200500031109,0005-05-22 17:30:00,5,5,22,17,30,910,191.0,"4, HECTOR BERLIOZ (RUE)",,,Plein jour,En agglomération,Hors intersection,Normale,Deux véhicules - côté,,,,,,,,,,,1,2,1,1,3
200500031110,0005-05-26 16:40:00,5,5,26,16,40,910,691.0,"26, BOIS D'ENFER(RUE)",,,Plein jour,En agglomération,Hors intersection,Normale,Deux véhicules - côté,,,,,,,,,,,1,2,1,1,3
200500031111,0005-05-28 13:40:00,5,5,28,13,40,910,691.0,"86, CHARLE DE GAULLE(RUE",,,Plein jour,En agglomération,Intersection en T,Normale,Deux véhicules - côté,,,,,,,,,,,1,2,3,1,3
200500031112,0005-05-31 16:05:00,5,5,31,16,5,910,421.0,"7, MARECHAL FOCH (AVENUE",,,Plein jour,En agglomération,Hors intersection,Normale,Deux véhicules - côté,,,,,,,,,,,1,2,1,1,3
200500031113,0005-05-01 20:20:00,5,5,1,20,20,910,477.0,HUIT MAI 1945 (AVENUE DU,,,Crépuscule ou aube,En agglomération,Hors intersection,Normale,Deux véhicules - côté,,,,,,,,,,,2,2,1,1,3
200500031114,0005-05-10 16:20:00,5,5,10,16,20,910,645.0,POMPIDOU (AVENUE GEORGES,,,Plein jour,En agglomération,Hors intersection,Normale,Deux véhicules - arrière,,,,,,,,,,,1,2,1,1,2
200500031115,0005-05-12 12:25:00,5,5,12,12,25,910,312.0,"0, SABLIERE (RUE DE LA)",,,Plein jour,En agglomération,Hors intersection,Normale,Autre collision,,,,,,,,,,,1,2,1,1,6
200500031116,0005-05-15 16:45:00,5,5,15,16,45,910,645.0,CAMBACERES (AVENUE),,,Plein jour,En agglomération,Giratoire,Normale,Trois véhicules et plus - en chaîne,,,,,,,,,,,1,2,6,1,4
200500031117,0005-05-25 11:25:00,5,5,25,11,25,910,645.0,"35, FOCH (BOULEVARD DU M",,,Plein jour,En agglomération,Hors intersection,Normale,Deux véhicules - côté,,,,,,,,,,,1,2,1,1,3
200500031118,0005-05-03 11:25:00,5,5,3,11,25,910,645.0,"54, FOCH (BOULEVARD DU M",,,Plein jour,En agglomération,Autre intersection,Normale,Autre collision,,,,,,,,,,,1,2,9,1,6
200500031119,0005-05-10 14:15:00,5,5,10,14,15,910,64.0,"26, GISY (ROUTE, JUSQU'A",,,Plein jour,En agglomération,Hors intersection,Normale,Deux véhicules - arrière,,,,,,,,,,,1,2,1,1,2
200500031120,0005-05-11 13:30:00,5,5,11,13,30,910,692.0,QUERCY (Place du),,,Plein jour,En agglomération,Giratoire,Normale,Autre collision,,,,,,,,,,,1,2,6,1,6
200500031121,0005-05-22 18:00:00,5,5,22,18,0,910,312.0,VAUHALLAN (ROUTE),,,Plein jour,En agglomération,Intersection en X,Pluie légère,Deux véhicules - frontale,,,,,,,,,,,1,2,2,2,1
200500031122,0005-05-31 19:25:00,5,5,31,19,25,910,477.0,ALLIES (AVENUE DES),,,Plein jour,En agglomération,Intersection en X,Normale,Deux véhicules - arrière,,,,,,,,,,,1,2,2,1,2
200500031123,0005-05-04 13:55:00,5,5,4,13,55,910,549.0,RD 117,,,Plein jour,En agglomération,Hors intersection,Normale,Deux véhicules - côté,,,,,,,,,,,1,2,1,1,3
200500031124,0005-05-10 16:05:00,5,5,10,16,5,910,216.0,CD 257,,,Plein jour,En agglomération,Hors intersection,Normale,Trois véhicules et plus - collisions multiples,,,,,,,,,,,1,2,1,1,5
200500031125,0005-05-13 08:04:00,5,5,13,8,4,910,549.0,"23, MARC SANGNIER (RUE)",,,Plein jour,En agglomération,Intersection en X,Pluie légère,Deux véhicules - frontale,,,,,,,,,,,1,2,2,2,1
200500031126,0005-05-20 13:00:00,5,5,20,13,0,910,549.0,"1, JACQUES DUCLOS (AVENU",,,Plein jour,En agglomération,Hors intersection,Normale,Deux véhicules - frontale,,,,,,,,,,,1,2,1,1,1
200500031127,0005-05-02 20:01:00,5,5,2,20,1,910,589.0,PASCAL (AVENUE BLAISE),,,Plein jour,En agglomération,Hors intersection,Normale,Deux véhicules - arrière,,,,,,,,,,,1,2,1,1,2
200500031128,0005-05-02 20:10:00,5,5,2,20,10,920,2.0,"., GENERAL DE GAULLE (AV",,,Plein jour,En agglomération,Hors intersection,Normale,Deux véhicules - arrière,,,,,,,,,,,1,2,1,1,2
200500031129,0005-05-07 17:30:00,5,5,7,17,30,920,14.0,"13, MARECHAL JOFFRE (BD",,,Plein jour,En agglomération,Hors intersection,Normale,Deux véhicules - côté,,,,,,,,,,,1,2,1,1,3
200500031130,0005-05-17 21:10:00,5,5,17,21,10,920,2.0,LEON HARMEL (AVENUE),,,Crépuscule ou aube,En agglomération,Intersection en Y,Temps couvert,Sans collision,,,,,,,,,,,2,2,4,8,7
200500031131,0005-05-22 18:30:00,5,5,22,18,30,920,2.0,CANARIS (RUE DES),,,Plein jour,En agglomération,Hors intersection,Pluie légère,Autre collision,,,,,,,,,,,1,2,1,2,6
200500031132,0005-05-04 15:00:00,5,5,4,15,0,920,4.0,CHATEAU ( RUE DU ),,,Plein jour,En agglomération,Intersection en X,Pluie légère,Autre collision,,,,,,,,,,,1,2,2,2,6
200500031133,0005-05-06 13:20:00,5,5,6,13,20,920,4.0,ARGENTEUIL N° 176 A 388,,,Plein jour,En agglomération,Hors intersection,Normale,Deux véhicules - côté,,,,,,,,,,,1,2,1,1,3
200500031134,0005-05-09 01:40:00,5,5,9,1,40,920,4.0,PONT DE LORRAINE,,,Nuit avec éclairage allumé,En agglomération,Hors intersection,Normale,Autre collision,,,,,,,,,,,5,2,1,1,6
200500031135,0005-05-11 16:55:00,5,5,11,16,55,920,4.0,AULAGNIER ( QUAI ),,,Plein jour,En agglomération,Hors intersection,Normale,Deux véhicules - côté,,,,,,,,,,,1,2,1,1,3
200500031136,0005-05-14 11:30:00,5,5,14,11,30,920,4.0,PONT DE CLICHY,,,Plein jour,En agglomération,Hors intersection,Pluie légère,Autre collision,,,,,,,,,,,1,2,1,2,6
200500031137,0005-05-14 17:00:00,5,5,14,17,0,920,4.0,PONT DE CLICHY,,,Plein jour,En agglomération,Intersection en T,Normale,Autre collision,,,,,,,,,,,1,2,3,1,6
200500031138,0005-05-16 21:30:00,5,5,16,21,30,920,9.0,"1, GUILLEMIN  ( AVE )",,,Plein jour,En agglomération,Intersection en T,Normale,Autre collision,,,,,,,,,,,1,2,3,1,6
200500031139,0005-05-20 15:20:00,5,5,20,15,20,920,9.0,ARGENTEUIL AV D',,,Crépuscule ou aube,En agglomération,Autre intersection,Normale,Autre collision,,,,,,,,,,,2,2,9,1,6
200500031140,0005-05-21 19:15:00,5,5,21,19,15,920,9.0,HOCHE ( RUE ),,,Crépuscule ou aube,En agglomération,Intersection en T,Normale,Autre collision,,,,,,,,,,,2,2,3,1,6
200500031141,0005-05-23 07:00:00,5,5,23,7,0,920,4.0,ROBERT DUPONT,,,Plein jour,En agglomération,Intersection en X,Normale,Deux véhicules - côté,,,,,,,,,,,1,2,2,1,3
200500031142,0005-05-26 08:50:00,5,5,26,8,50,920,4.0,DOCTEUR DERVAUX  ( QUAI,,,Plein jour,En agglomération,Hors intersection,Normale,Autre collision,,,,,,,,,,,1,2,1,1,6
200500031143,0005-05-26 13:50:00,5,5,26,13,50,920,4.0,"364, ARGENTEUIL AV D'",,,Plein jour,En agglomération,Hors intersection,Normale,Autre collision,,,,,,,,,,,1,2,1,1,6
200500031144,0005-05-23 15:25:00,5,5,23,15,25,920,4.0,DOCTEUR DERVAUX  ( QUAI,,,Plein jour,En agglomération,Hors intersection,Normale,Deux véhicules - côté,,,,,,,,,,,1,2,1,1,3
200500031145,0005-05-28 11:55:00,5,5,28,11,55,920,4.0,DUCHESNAY ( RUE DU ),,,Plein jour,En agglomération,Autre intersection,Normale,Autre collision,,,,,,,,,,,1,2,9,1,6
200500031146,0005-05-29 15:15:00,5,5,29,15,15,920,4.0,"28, REDOUTE ( AVENUE DE",,,Plein jour,En agglomération,Autre intersection,Normale,Autre collision,,,,,,,,,,,1,2,9,1,6
200500031147,0005-05-29 17:45:00,5,5,29,17,45,920,4.0,REDOUTE ( AVENUE DE LA,,,Plein jour,En agglomération,Hors intersection,Normale,Deux véhicules - frontale,,,,,,,,,,,1,2,1,1,1
200500031148,0005-05-29 23:25:00,5,5,29,23,25,920,4.0,"01, MALAKOFF",,,Nuit avec éclairage allumé,En agglomération,Autre intersection,Pluie légère,Autre collision,,,,,,,,,,,5,2,9,2,6
200500031149,0005-05-30 17:15:00,5,5,30,17,15,920,4.0,"107, DOCTEUR DERVAUX  (",,,Plein jour,En agglomération,Autre intersection,Normale,Autre collision,,,,,,,,,,,1,2,9,1,6
200500031150,0005-05-30 16:50:00,5,5,30,16,50,920,4.0,MARNE   ( AVENUE DE LA ),,,Plein jour,En agglomération,Intersection en T,Normale,Autre collision,,,,,,,,,,,1,2,3,1,6
200500031151,0005-05-02 17:35:00,5,5,2,17,35,920,7.0,"5, FOCH (AVENUE DU MAREC",,,Plein jour,En agglomération,Intersection en X,Normale,Deux véhicules - côté,,,,,,,,,,,1,2,2,1,3
200500031152,0005-05-28 14:30:00,5,5,28,14,30,920,7.0,"28, PETIT (AVENUE ALBERT",,,Plein jour,En agglomération,Intersection en T,Normale,Deux véhicules - côté,,,,,,,,,,,1,2,3,1,3
200500031153,0005-05-04 16:00:00,5,5,4,16,0,920,12.0,"15, PIERRE GRENIER (AVEN",,,Plein jour,En agglomération,Hors intersection,Normale,Autre collision,,,,,,,,,,,1,2,1,1,6
200500031154,0005-05-06 00:50:00,5,5,6,0,50,920,12.0,ROBERT SCHUMAN (AVENUE),,,Nuit avec éclairage allumé,En agglomération,Autre intersection,Normale,Autre collision,,,,,,,,,,,5,2,9,1,6
200500031155,0005-05-11 09:10:00,5,5,11,9,10,920,12.0,"26, STALINGRAD (QUAI DE)",,,Plein jour,En agglomération,Intersection en Y,Normale,Deux véhicules - côté,,,,,,,,,,,1,2,4,1,3
200500031156,0005-05-11 12:55:00,5,5,11,12,55,920,12.0,ANDRE MORIZET (AVENUE) -,,,Plein jour,En agglomération,Hors intersection,Normale,Autre collision,,,,,,,,,,,1,2,1,1,6
200500031157,0005-05-27 05:25:00,5,5,27,5,25,920,12.0,QUATRE SEPTEMBRE (QUAI D,,,Crépuscule ou aube,En agglomération,Hors intersection,Normale,Autre collision,,,,,,,,,,,2,2,1,1,6
200500031158,0005-05-25 18:05:00,5,5,25,18,5,920,12.0,"138, CHATEAU (RUE DU) 12",,,Plein jour,En agglomération,Intersection en T,Normale,Autre collision,,,,,,,,,,,1,2,3,1,6
200500031159,0005-05-27 12:40:00,5,5,27,12,40,920,12.0,"58, PIERRE GRENIER (AVEN",,,Plein jour,En agglomération,Hors intersection,Normale,Autre collision,,,,,,,,,,,1,2,1,1,6
200500031160,0005-05-28 16:20:00,5,5,28,16,20,920,12.0,"131, JEAN JAURES (BOULEV",,,Plein jour,En agglomération,Hors intersection,Normale,Autre collision,,,,,,,,,,,1,2,1,1,6
200500031161,0005-05-28 18:15:00,5,5,28,18,15,920,12.0,"7, REINE (ROUTE DE LA) 1",,,Plein jour,En agglomération,Hors intersection,Normale,Autre collision,,,,,,,,,,,1,2,1,1,6
200500031162,0005-05-30 14:20:00,5,5,30,14,20,920,12.0,"95, REINE (ROUTE DE LA)",,,Plein jour,En agglomération,Hors intersection,Normale,Deux véhicules - côté,,,,,,,,,,,1,2,1,1,3
200500031163,0005-05-31 16:15:00,5,5,31,16,15,920,12.0,"28, ANDRE MORIZET (AVENU",,,Plein jour,En agglomération,Hors intersection,Normale,Autre collision,,,,,,,,,,,1,2,1,1,6
200500031164,0005-05-31 18:30:00,5,5,31,18,30,920,12.0,POINT DU JOUR (QUAI DU),,,Plein jour,En agglomération,Intersection en X,Normale,Autre collision,,,,,,,,,,,1,2,2,1,6
200500031165,0005-05-31 19:40:00,5,5,31,19,40,920,12.0,ANATOLE FRANCE (BOULEVAR,,,Plein jour,En agglomération,Hors intersection,Normale,Autre collision,,,,,,,,,,,1,2,1,1,6
200500031166,0005-05-29 19:10:00,5,5,29,19,10,920,12.0,"26, ANDRE MORIZET (AVENU",,,Plein jour,En agglomération,Hors intersection,Pluie légère,Deux véhicules - arrière,,,,,,,,,,,1,2,1,2,2
200500031167,0005-05-05 13:20:00,5,5,5,13,20,920,19.0,", DIVISION LECLERC (AVEN",,,Plein jour,En agglomération,Intersection en X,Normale,Deux véhicules - côté,,,,,,,,,,,1,2,2,1,3
200500031168,0005-05-18 23:30:00,5,5,18,23,30,920,71.0,"01, CAMBERWELL (AVENUE D",,,Nuit avec éclairage allumé,En agglomération,Hors intersection,Normale,Autre collision,,,,,,,,,,,5,2,1,1,6
200500031169,0005-05-18 14:40:00,5,5,18,14,40,920,32.0,"01, DOLIVET J ET M (AVEN",,,Plein jour,En agglomération,Hors intersection,Normale,Deux véhicules - arrière,,,,,,,,,,,1,2,1,1,2
200500031170,0005-05-21 21:55:00,5,5,21,21,55,920,19.0,DIVISION LECLERC (AVENUE,,,Nuit avec éclairage allumé,En agglomération,Autre intersection,Normale,Deux véhicules - côté,,,,,,,,,,,5,2,9,1,3
200500031171,0005-05-24 12:35:00,5,5,24,12,35,920,32.0,"122, BOUCICAUT (RUE)",,,Plein jour,En agglomération,Hors intersection,Normale,Autre collision,,,,,,,,,,,1,2,1,1,6
200500031172,0005-05-30 20:15:00,5,5,30,20,15,920,19.0,11 NOVEMBRE 1918 (CARREF,,,Plein jour,En agglomération,Intersection en T,Normale,Deux véhicules - arrière,,,,,,,,,,,1,2,3,1,2
200500031173,0005-05-02 12:55:00,5,5,2,12,55,920,23.0,COMMANDANT DUVAL (RUE DU,,,Plein jour,En agglomération,Intersection en X,Normale,Autre collision,,,,,,,,,,,1,2,2,1,6
200500031174,0005-05-02 23:10:00,5,5,2,23,10,920,60.0,ARISTIDE BRIAND (AVENUE),,,Nuit sans éclairage public,En agglomération,Intersection en T,Normale,Autre collision,,,,,,,,,,,3,2,3,1,6
200500031175,0005-05-04 16:20:00,5,5,4,16,20,920,60.0,LIBERATION (AVENUE DE LA,,,Plein jour,En agglomération,Intersection en X,Pluie légère,Deux véhicules - côté,,,,,,,,,,,1,2,2,2,3
200500031176,0005-05-11 08:15:00,5,5,11,8,15,920,23.0,GENERAL DE GAULLE (AV DU,,,Plein jour,En agglomération,Hors intersection,Normale,Deux véhicules - arrière,,,,,,,,,,,1,2,1,1,2
200500031177,0005-05-11 09:10:00,5,5,11,9,10,920,23.0,MEUDON (RUE DE),,,Plein jour,En agglomération,Hors intersection,Normale,Deux véhicules - arrière,,,,,,,,,,,1,2,1,1,2
200500031178,0005-05-14 17:45:00,5,5,14,17,45,920,23.0,"26, VICTOR HUGO (AVENUE)",,,Plein jour,En agglomération,Hors intersection,Pluie légère,Deux véhicules - arrière,,,,,,,,,,,1,2,1,2,2
200500031179,0005-05-10 19:40:00,5,5,10,19,40,920,23.0,"123, FLEURY (RUE DE)",,,Plein jour,En agglomération,Hors intersection,Normale,Autre collision,,,,,,,,,,,1,2,1,1,6
200500031180,0005-05-18 10:40:00,5,5,18,10,40,920,23.0,NORMANDIE (RUE DE),,,Plein jour,En agglomération,Intersection en X,Normale,Deux véhicules - côté,,,,,,,,,,,1,2,2,1,3
200500031181,0005-05-25 06:45:00,5,5,25,6,45,920,23.0,EMMANUEL SARTY  (RUE),,,Plein jour,En agglomération,Intersection en X,Normale,Deux véhicules - côté,,,,,,,,,,,1,2,2,1,3
200500031182,0005-05-25 14:15:00,5,5,25,14,15,920,23.0,"27, PIERRE ET MARIE CURI",,,Plein jour,En agglomération,Hors intersection,Normale,Autre collision,,,,,,,,,,,1,2,1,1,6
200500031183,0005-05-31 08:15:00,5,5,31,8,15,920,23.0,MOULIN DE LA TOUR (BOULE,,,Plein jour,En agglomération,Intersection à plus de 4 branches,Normale,Autre collision,,,,,,,,,,,1,2,5,1,6
200500031184,0005-05-31 18:50:00,5,5,31,18,50,920,23.0,TROSY (RUE DU),,,Plein jour,En agglomération,Intersection en X,Normale,Deux véhicules - côté,,,,,,,,,,,1,2,2,1,3
200500031185,0005-05-22 22:35:00,5,5,22,22,35,920,24.0,MARTRE (RUE) DE (111 A 1,,,Nuit avec éclairage allumé,En agglomération,Intersection à plus de 4 branches,Pluie légère,Deux véhicules - côté,,,,,,,,,,,5,2,5,2,3
200500031186,0005-05-26 17:30:00,5,5,26,17,30,920,24.0,"57, JEAN JAURES (BD) DE",,,Plein jour,En agglomération,Hors intersection,Normale,Deux véhicules - côté,,,,,,,,,,,1,2,1,1,3
200500031187,0005-05-28 09:50:00,5,5,28,9,50,920,24.0,", JEAN JAURES (BD) DE (1",,,Plein jour,En agglomération,Intersection en X,Normale,Autre collision,,,,,,,,,,,1,2,2,1,6
200500031188,0005-05-01 11:35:00,5,5,1,11,35,920,25.0,"139, CHARLES DE GAULLE (",,,Plein jour,En agglomération,Intersection en X,Normale,Autre collision,,,,,,,,,,,1,2,2,1,6
200500031189,0005-05-02 10:55:00,5,5,2,10,55,920,25.0,HENRI BARBUSSE (AV),,,Plein jour,En agglomération,Intersection en T,Normale,Deux véhicules - côté,,,,,,,,,,,1,2,3,1,3
200500031190,0005-05-02 15:10:00,5,5,2,15,10,920,25.0,"44, BOURNARD (RUE DU)",,,Plein jour,En agglomération,Hors intersection,Normale,Deux véhicules - côté,,,,,,,,,,,1,2,1,1,3
200500031191,0005-05-06 15:35:00,5,5,6,15,35,920,25.0,"476, GABRIEL PERI (RUE)",,,Plein jour,En agglomération,Hors intersection,Normale,Autre collision,,,,,,,,,,,1,2,1,1,6
200500031192,0005-05-07 16:30:00,5,5,7,16,30,920,25.0,SAINT DENIS (RUE),,,Plein jour,En agglomération,Hors intersection,Normale,Autre collision,,,,,,,,,,,1,2,1,1,6
200500031193,0005-05-10 11:30:00,5,5,10,11,30,920,25.0,C.DE G.> 130 & 1103,,,Plein jour,En agglomération,Hors intersection,Normale,Autre collision,,,,,,,,,,,1,2,1,1,6
200500031194,0005-05-11 18:45:00,5,5,11,18,45,920,25.0,GAMBETTA (BD),,,Plein jour,En agglomération,Hors intersection,Normale,Sans collision,,,,,,,,,,,1,2,1,1,7
200500031195,0005-05-12 22:00:00,5,5,12,22,0,920,25.0,C.DE G.> 130 & 1103,,,Nuit avec éclairage allumé,En agglomération,Intersection en X,Normale,Deux véhicules - côté,,,,,,,,,,,5,2,2,1,3
200500031196,0005-05-18 19:00:00,5,5,18,19,0,920,25.0,CHARLES DE GAULLE (BD),,,Plein jour,En agglomération,Intersection en X,Normale,Deux véhicules - côté,,,,,,,,,,,1,2,2,1,3
200500031197,0005-05-19 18:53:00,5,5,19,18,53,920,25.0,C.DE G.> 130 & 1103,,,Plein jour,En agglomération,Intersection en T,Pluie légère,Deux véhicules - côté,,,,,,,,,,,1,2,3,2,3
200500031198,0005-05-21 13:16:00,5,5,21,13,16,920,25.0,"37, EUROPE (AV DE L')",,,Plein jour,En agglomération,Hors intersection,Normale,Autre collision,,,,,,,,,,,1,2,1,1,6
200500031199,0005-05-24 17:30:00,5,5,24,17,30,920,25.0,"16, TOUR D'AUVERGNE (AV",,,Plein jour,En agglomération,Hors intersection,Normale,Autre collision,,,,,,,,,,,1,2,1,1,6
200500031200,0005-05-25 11:00:00,5,5,25,11,0,920,25.0,PAUL BERT (RUE),,,Plein jour,En agglomération,Intersection en X,Normale,Deux véhicules - côté,,,,,,,,,,,1,2,2,1,3
200500031201,0005-05-19 13:20:00,5,5,19,13,20,920,25.0,GABRIEL (AV),,,Plein jour,En agglomération,Intersection en T,Normale,Deux véhicules - côté,,,,,,,,,,,1,2,3,1,3
200500031202,0005-05-17 13:25:00,5,5,17,13,25,920,26.0,"3, JEAN-PIERRE TIMBAUD",,,Plein jour,En agglomération,Hors intersection,Normale,Autre collision,,,,,,,,,,,1,2,1,1,6
200500031203,0005-05-18 08:20:00,5,5,18,8,20,920,26.0,ABREUVOIR,,,Plein jour,En agglomération,Intersection en X,Normale,Autre collision,,,,,,,,,,,1,2,2,1,6
200500031204,0005-05-20 18:59:00,5,5,20,18,59,920,26.0,GAMBETTA,,,Plein jour,En agglomération,Intersection en X,Normale,Autre collision,,,,,,,,,,,1,2,2,1,6
200500031205,0005-05-13 08:50:00,5,5,13,8,50,920,26.0,"51, MARECHAL JOFFRE (QUA",,,Plein jour,En agglomération,Hors intersection,Normale,Deux véhicules - côté,,,,,,,,,,,1,2,1,1,3
200500031206,0005-05-03 17:30:00,5,5,3,17,30,920,36.0,"11, PRINCIPALE DU PORT (",,,Plein jour,En agglomération,Hors intersection,Pluie légère,Autre collision,,,,,,,,,,,1,2,1,2,6
200500031207,0005-05-10 08:30:00,5,5,10,8,30,920,36.0,"0, JULIEN MOCQUARD (RUE)",,,Plein jour,En agglomération,Intersection en T,Normale,Autre collision,,,,,,,,,,,1,2,3,1,6
200500031208,0005-05-11 13:25:00,5,5,11,13,25,920,36.0,FOSSE BLANC (RUE DU) (1/,,,Plein jour,En agglomération,Intersection en X,Normale,Deux véhicules - côté,,,,,,,,,,,1,2,2,1,3
200500031209,0005-05-20 18:20:00,5,5,20,18,20,920,36.0,"0, LAURENT CELY (AVENUE)",,,Plein jour,En agglomération,Intersection en X,Normale,Deux véhicules - côté,,,,,,,,,,,1,2,2,1,3
200500031210,0005-05-21 06:15:00,5,5,21,6,15,920,36.0,LOTS COMMUNAUX (AVENUE D,,,Crépuscule ou aube,En agglomération,Hors intersection,Normale,Autre collision,,,,,,,,,,,2,2,1,1,6
200500031211,0005-05-23 16:20:00,5,5,23,16,20,920,36.0,HENRI BARBUSSE (RUE) (1/,,,Plein jour,En agglomération,Giratoire,Normale,Sans collision,,,,,,,,,,,1,2,6,1,7
200500031212,0005-05-26 17:39:00,5,5,26,17,39,920,36.0,PRINCIPALE DU PORT (ROUT,,,Plein jour,En agglomération,Giratoire,Normale,Deux véhicules - arrière,,,,,,,,,,,1,2,6,1,2