accident_id,datetime,annee,mois,jour,heure,minute,departement,commune_insee,adresse,latitude,longitude,luminosite,agglomeration,intersection,meteo,collision,nb_vehicules,nb_usagers,nb_indemnes,nb_tues,nb_blesses_hosp,nb_blesses_legers,age_cond_1,age_cond_2,veh_type_cond_1,veh_type_cond_2,lum_code,agg_code,int_code,atm_code,col_code
200500031213,0005-05-27 09:10:00,5,5,27,9,10,920,36.0,"19, JEAN JAURES (RUE) (1",,,Plein jour,En agglomération,Intersection en T,Normale,Autre collision,,,,,,,,,,,1,2,3,1,6
200500031214,0005-05-27 17:50:00,5,5,27,17,50,920,36.0,"30, GENEAL DE GAULLE (AV",,,Plein jour,En agglomération,Intersection en T,Normale,Deux véhicules - côté,,,,,,,,,,,1,2,3,1,3
200500031215,0005-05-03 13:35:00,5,5,3,13,35,920,40.0,"77, VICTOR CRESSON (AVEN",,,Plein jour,En agglomération,Intersection en X,Normale,Deux véhicules - côté,,,,,,,,,,,1,2,2,1,3
200500031216,0005-05-04 09:00:00,5,5,4,9,0,920,40.0,"04, DOCTEUR LOMBARD (DU)",,,Plein jour,En agglomération,Hors intersection,Normale,Autre collision,,,,,,,,,,,1,2,1,1,6
200500031217,0005-05-10 12:30:00,5,5,10,12,30,920,40.0,ERNEST RENAN,,,Plein jour,En agglomération,Intersection en X,Normale,Autre collision,,,,,,,,,,,1,2,2,1,6
200500031218,0005-05-24 09:35:00,5,5,24,9,35,920,40.0,J.F KENNEDY (PLACE),,,Plein jour,En agglomération,Place,Normale,Deux véhicules - côté,,,,,,,,,,,1,2,7,1,3
200500031219,0005-05-26 21:10:00,5,5,26,21,10,920,40.0,"147, STALINGRAD (QUAI DE",,,Plein jour,En agglomération,Hors intersection,Normale,Deux véhicules - frontale,,,,,,,,,,,1,2,1,1,1
200500031220,0005-05-28 12:05:00,5,5,28,12,5,920,40.0,PASTEUR (AVENUE),,,Plein jour,En agglomération,Hors intersection,Normale,Autre collision,,,,,,,,,,,1,2,1,1,6
200500031221,0005-05-31 17:20:00,5,5,31,17,20,920,40.0,"70, RODIN (BOULEVARD)",,,Plein jour,En agglomération,Hors intersection,Normale,Deux véhicules - côté,,,,,,,,,,,1,2,1,1,3
200500031222,0005-05-02 14:45:00,5,5,2,14,45,920,44.0,"1, VIC. HUGO(RUE)001A067",,,Plein jour,En agglomération,Intersection en X,Normale,Deux véhicules - côté,,,,,,,,,,,1,2,2,1,3
200500031223,0005-05-04 11:55:00,5,5,4,11,55,920,44.0,"1, WILSON(SQUARE)2 IBERT",,,Plein jour,En agglomération,Intersection en X,Pluie légère,Deux véhicules - côté,,,,,,,,,,,1,2,2,2,3
200500031224,0005-05-09 14:15:00,5,5,9,14,15,920,44.0,LOUIS ROUQUIER(RUE)47A11,,,Plein jour,En agglomération,Intersection en X,Normale,Deux véhicules - arrière,,,,,,,,,,,1,2,2,1,2
200500031225,0005-05-10 19:50:00,5,5,10,19,50,920,44.0,"114, VI. HUGO (SQUARE)40",,,Plein jour,En agglomération,Intersection en T,Normale,Deux véhicules - côté,,,,,,,,,,,1,2,3,1,3
200500031226,0005-05-11 10:50:00,5,5,11,10,50,920,44.0,"1, RIVAY(RUE)1A23 ET 2A2",,,Plein jour,En agglomération,Hors intersection,Normale,Autre collision,,,,,,,,,,,1,2,1,1,6
200500031227,0005-05-11 09:12:00,5,5,11,9,12,920,44.0,"1, ERNEST COGNACQ(RUE)",,,Plein jour,En agglomération,Intersection en X,Normale,Deux véhicules - côté,,,,,,,,,,,1,2,2,1,3
200500031228,0005-05-14 14:30:00,5,5,14,14,30,920,44.0,"121, VI. HUGO (SQUARE)40",,,Plein jour,En agglomération,Hors intersection,Temps couvert,Autre collision,,,,,,,,,,,1,2,1,8,6
200500031229,0005-05-24 11:25:00,5,5,24,11,25,920,44.0,"1, VERGNIAUD(RUE)",,,Plein jour,En agglomération,Intersection en T,Normale,Autre collision,,,,,,,,,,,1,2,3,1,6
200500031230,0005-05-25 12:45:00,5,5,25,12,45,920,44.0,"120, PDT WILSON(RUE)107A",,,Plein jour,En agglomération,Hors intersection,Normale,Deux véhicules - côté,,,,,,,,,,,1,2,1,1,3
200500031231,0005-05-28 23:05:00,5,5,28,23,5,920,44.0,", VI. HUGO (SQUARE)40V.H",,,Nuit avec éclairage allumé,En agglomération,Intersection en T,Normale,Trois véhicules et plus - en chaîne,,,,,,,,,,,5,2,3,1,4
200500031232,0005-05-01 16:20:00,5,5,1,16,20,920,48.0,TRIVAUX (AVENUE DE) N° 9,,,Plein jour,En agglomération,Hors intersection,Normale,Sans collision,,,,,,,,,,,1,2,1,1,7
200500031233,0005-05-13 14:30:00,5,5,13,14,30,920,48.0,SIX FRERES (CARREFOUR DE,,,Plein jour,Hors agglomération,Intersection en T,Normale,Deux véhicules - côté,,,,,,,,,,,1,1,3,1,3
200500031234,0005-05-28 22:15:00,5,5,28,22,15,920,48.0,REPUBLIQUE (RUE DE LA) N,,,Nuit avec éclairage allumé,En agglomération,Intersection en X,Normale,Deux véhicules - frontale,,,,,,,,,,,5,2,2,1,1
200500031235,0005-05-02 12:35:00,5,5,2,12,35,920,20.0,"1, DE GAULLE CARREFOUR C",,,Plein jour,En agglomération,Giratoire,Normale,Deux véhicules - côté,,,,,,,,,,,1,2,6,1,3
200500031236,0005-05-03 05:50:00,5,5,3,5,50,920,49.0,"117, BRIAND AVENUE ARIST",,,Nuit avec éclairage allumé,En agglomération,Intersection en T,Autre,Deux véhicules - arrière,,,,,,,,,,,5,2,3,9,2
200500031237,0005-05-03 08:50:00,5,5,3,8,50,920,49.0,"209, BROSSOLETTE AVENUE",,,Plein jour,En agglomération,Hors intersection,Autre,Autre collision,,,,,,,,,,,1,2,1,9,6
200500031238,0005-05-06 10:20:00,5,5,6,10,20,920,49.0,"79, BROSSOLETTE AVENUE P",,,Plein jour,En agglomération,Hors intersection,Autre,Sans collision,,,,,,,,,,,1,2,1,9,7
200500031239,0005-05-06 14:30:00,5,5,6,14,30,920,49.0,"91, BROSSOLETTE AVENUE P",,,Plein jour,En agglomération,Hors intersection,Autre,Deux véhicules - côté,,,,,,,,,,,1,2,1,9,3
200500031240,0005-05-10 19:25:00,5,5,10,19,25,920,20.0,"1, VERDUN AVENUE DE N°1",,,Crépuscule ou aube,En agglomération,Giratoire,Normale,Deux véhicules - arrière,,,,,,,,,,,2,2,6,1,2
200500031241,0005-05-10 23:15:00,5,5,10,23,15,920,20.0,"9, VANVES BOULEVARD N° I",,,Nuit avec éclairage allumé,En agglomération,Hors intersection,Normale,Deux véhicules - côté,,,,,,,,,,,5,2,1,1,3
200500031242,0005-05-12 18:00:00,5,5,12,18,0,920,49.0,"142, BRIAND AVENUE ARIST",,,Plein jour,En agglomération,Intersection en T,Normale,Deux véhicules - arrière,,,,,,,,,,,1,2,3,1,2
200500031243,0005-05-14 08:00:00,5,5,14,8,0,920,20.0,"171, PARIS AVENUE DE N°",,,Plein jour,En agglomération,Intersection en X,Autre,Autre collision,,,,,,,,,,,1,2,2,9,6
200500031244,0005-05-19 10:10:00,5,5,19,10,10,920,20.0,"80, VERDUN AVENUE DE AUT",,,Plein jour,En agglomération,Hors intersection,Normale,Autre collision,,,,,,,,,,,1,2,1,1,6
200500031245,0005-05-19 19:30:00,5,5,19,19,30,920,20.0,"30, BROSSOLETTE RUE PIER",,,Plein jour,En agglomération,Intersection en T,Normale,Deux véhicules - côté,,,,,,,,,,,1,2,3,1,3
200500031246,0005-05-23 15:50:00,5,5,23,15,50,920,49.0,", JAURES PLACE JEAN",,,Plein jour,En agglomération,Hors intersection,Normale,Sans collision,,,,,,,,,,,1,2,1,1,7
200500031247,0005-05-24 12:15:00,5,5,24,12,15,920,49.0,"50, FORT AVENUE DU",,,Plein jour,En agglomération,Intersection en X,Normale,Deux véhicules - côté,,,,,,,,,,,1,2,2,1,3
200500031248,0005-05-26 11:30:00,5,5,26,11,30,920,49.0,"75, REPUBLIQUE AVENUE DE",,,Plein jour,En agglomération,Intersection en X,Normale,Autre collision,,,,,,,,,,,1,2,2,1,6
200500031249,0005-05-27 18:15:00,5,5,27,18,15,920,20.0,"78, PARIS AVENUE DE N°2",,,Plein jour,En agglomération,Hors intersection,Normale,Trois véhicules et plus - en chaîne,,,,,,,,,,,1,2,1,1,4
200500031250,0005-05-28 22:40:00,5,5,28,22,40,920,49.0,"20, PERI RUE GABRIEL N°2",,,Nuit avec éclairage allumé,En agglomération,Intersection en X,Normale,Deux véhicules - côté,,,,,,,,,,,5,2,2,1,3
200500031251,0005-05-30 18:00:00,5,5,30,18,0,920,49.0,"168, REPUBLIQUE AVENUE D",,,Plein jour,En agglomération,Intersection en X,Normale,Autre collision,,,,,,,,,,,1,2,2,1,6
200500031252,0005-05-31 21:15:00,5,5,31,21,15,920,20.0,"61, LIBERTE BOULEVARD DE",,,Crépuscule ou aube,En agglomération,Hors intersection,Normale,Autre collision,,,,,,,,,,,2,2,1,1,6
200500031253,0005-05-02 13:50:00,5,5,2,13,50,920,50.0,"9999999999, UNION RUE DE",,,Plein jour,En agglomération,Intersection en T,Normale,Deux véhicules - côté,,,,,,,,,,,1,2,3,1,3
200500031254,0005-05-06 14:15:00,5,5,6,14,15,920,50.0,"271, VAILLANT COUTURIER",,,Plein jour,En agglomération,Intersection en X,Normale,Deux véhicules - côté,,,,,,,,,,,1,2,2,1,3
200500031255,0005-05-07 21:00:00,5,5,7,21,0,920,50.0,"25, HUGO VICTOR RUE",,,Plein jour,En agglomération,Hors intersection,Normale,Sans collision,,,,,,,,,,,1,2,1,1,7
200500031256,0005-05-04 18:35:00,5,5,4,18,35,920,50.0,ECOLES RUE DES,,,Plein jour,En agglomération,Hors intersection,Pluie légère,Sans collision,,,,,,,,,,,1,2,1,2,7
200500031257,0005-05-11 14:45:00,5,5,11,14,45,920,50.0,MARCHE RUE DU,,,Plein jour,En agglomération,Intersection en T,Normale,Sans collision,,,,,,,,,,,1,2,3,1,7
200500031258,0005-05-08 09:00:00,5,5,8,9,0,920,50.0,HAUTES PATURES RUE DES,,,Plein jour,En agglomération,Hors intersection,Normale,Autre collision,,,,,,,,,,,1,2,1,1,6
200500031259,0005-05-09 18:40:00,5,5,9,18,40,920,50.0,"17, ARLEQUIN ALLEE DE L'",,,Plein jour,En agglomération,Hors intersection,Normale,Sans collision,,,,,,,,,,,1,2,1,1,7
200500031260,0005-05-12 09:30:00,5,5,12,9,30,920,50.0,PREMIER MAI RUE DU,,,Plein jour,En agglomération,Intersection en X,Normale,Deux véhicules - côté,,,,,,,,,,,1,2,2,1,3
200500031261,0005-05-11 10:45:00,5,5,11,10,45,920,50.0,MORIN PAUL RUE,,,Plein jour,En agglomération,Intersection en X,Normale,Deux véhicules - côté,,,,,,,,,,,1,2,2,1,3
200500031262,0005-05-17 20:00:00,5,5,17,20,0,920,50.0,VAILLANT COUTURIER PAUL,,,Plein jour,En agglomération,Hors intersection,Normale,Autre collision,,,,,,,,,,,1,2,1,1,6
200500031263,0005-05-18 13:40:00,5,5,18,13,40,920,50.0,SADI CARNOT RUE,,,Plein jour,En agglomération,Intersection en X,Normale,Deux véhicules - côté,,,,,,,,,,,1,2,2,1,3
200500031264,0005-05-18 19:25:00,5,5,18,19,25,920,50.0,PONS NOEL RUE,,,Plein jour,En agglomération,Intersection en X,Normale,Deux véhicules - côté,,,,,,,,,,,1,2,2,1,3
200500031265,0005-05-13 21:40:00,5,5,13,21,40,920,50.0,"9999999, CLEMENCEAU GEOR",,,Crépuscule ou aube,En agglomération,Intersection en T,Normale,Deux véhicules - arrière,,,,,,,,,,,2,2,3,1,2
200500031266,0005-05-21 13:10:00,5,5,21,13,10,920,50.0,"5/9, AGRICULTURE RUE DE",,,Plein jour,En agglomération,Hors intersection,Normale,Autre collision,,,,,,,,,,,1,2,1,1,6
200500031267,0005-05-25 08:35:00,5,5,25,8,35,920,50.0,"85, ARAGO FRANCOIS AVENU",,,Plein jour,En agglomération,Hors intersection,Normale,Deux véhicules - arrière,,,,,,,,,,,1,2,1,1,2
200500031268,0005-05-30 11:20:00,5,5,30,11,20,920,50.0,"88888888, PRES RUE DES",,,Plein jour,En agglomération,Hors intersection,Normale,Autre collision,,,,,,,,,,,1,2,1,1,6
200500031269,0005-05-31 07:50:00,5,5,31,7,50,920,50.0,"9999999999, VENETS RUE D",,,Plein jour,En agglomération,Intersection en X,Normale,Deux véhicules - côté,,,,,,,,,,,1,2,2,1,3
200500031270,0005-05-01 12:15:00,5,5,1,12,15,920,51.0,"199, CHARLES DE GAULLE (",,,Plein jour,En agglomération,Hors intersection,Normale,Autre collision,,,,,,,,,,,1,2,1,1,6
200500031271,0005-05-04 16:12:00,5,5,4,16,12,920,51.0,"194-196, BINEAU (BOULEVA",,,Plein jour,En agglomération,Hors intersection,Pluie forte,Autre collision,,,,,,,,,,,1,2,1,3,6
200500031272,0005-05-06 15:10:00,5,5,6,15,10,920,51.0,"62, CHARLES DE GAULLE (A",,,Plein jour,En agglomération,Hors intersection,Normale,Deux véhicules - côté,,,,,,,,,,,1,2,1,1,3
200500031273,0005-05-06 19:40:00,5,5,6,19,40,920,51.0,"92, MAURICE BARRES (BOUL",,,Crépuscule ou aube,En agglomération,Intersection en X,Normale,Deux véhicules - côté,,,,,,,,,,,2,2,2,1,3
200500031274,0005-05-17 09:20:00,5,5,17,9,20,920,51.0,"97, ROULE (AVENUE DU, N°",,,Plein jour,En agglomération,Intersection en X,Normale,Deux véhicules - côté,,,,,,,,,,,1,2,2,1,3
200500031275,0005-05-18 11:25:00,5,5,18,11,25,920,51.0,"23, CHARLES DE GAULLE (A",,,Plein jour,En agglomération,Hors intersection,Normale,Deux véhicules - côté,,,,,,,,,,,1,2,1,1,3
200500031276,0005-05-18 15:15:00,5,5,18,15,15,920,51.0,"29, CHARLES DE GAULLE (A",,,Plein jour,En agglomération,Hors intersection,Normale,Deux véhicules - côté,,,,,,,,,,,1,2,1,1,3
200500031277,0005-05-19 11:40:00,5,5,19,11,40,920,51.0,"157, CHARLES DE GAULLE (",,,Plein jour,En agglomération,Hors intersection,Normale,Deux véhicules - côté,,,,,,,,,,,1,2,1,1,3
200500031278,0005-05-19 15:00:00,5,5,19,15,0,920,51.0,"130, BINEAU (BOULEVARD,",,,Plein jour,En agglomération,Intersection en X,Normale,Deux véhicules - côté,,,,,,,,,,,1,2,2,1,3
200500031279,0005-05-20 11:55:00,5,5,20,11,55,920,51.0,"27, LOUIS-PHILIPPE (RUE",,,Plein jour,En agglomération,Hors intersection,Normale,Autre collision,,,,,,,,,,,1,2,1,1,6
200500031280,0005-05-20 18:25:00,5,5,20,18,25,920,51.0,"27, CHARTRES (RUE DE )",,,Plein jour,En agglomération,Hors intersection,Normale,Autre collision,,,,,,,,,,,1,2,1,1,6
200500031281,0005-05-23 08:30:00,5,5,23,8,30,920,51.0,"43, COMMANDANT CHARCOT (",,,Plein jour,En agglomération,Giratoire,Normale,Deux véhicules - arrière,,,,,,,,,,,1,2,6,1,2
200500031282,0005-05-23 17:35:00,5,5,23,17,35,920,51.0,"189, BINEAU (BOULEVARD,",,,Plein jour,En agglomération,Hors intersection,Normale,Autre collision,,,,,,,,,,,1,2,1,1,6
200500031283,0005-05-24 08:00:00,5,5,24,8,0,920,51.0,"112, CHARLES DE GAULLE (",,,Plein jour,En agglomération,Hors intersection,Normale,Deux véhicules - côté,,,,,,,,,,,1,2,1,1,3
200500031284,0005-05-27 18:10:00,5,5,27,18,10,920,51.0,"58, VICTOR HUGO (BOULEVA",,,Plein jour,En agglomération,Hors intersection,Normale,Deux véhicules - côté,,,,,,,,,,,1,2,1,1,3
200500031285,0005-05-31 09:30:00,5,5,31,9,30,920,51.0,"1 bis, RICHARD WALLACE (",,,Plein jour,En agglomération,Hors intersection,Normale,Deux véhicules - côté,,,,,,,,,,,1,2,1,1,3
200500031286,0005-05-09 20:00:00,5,5,9,20,0,920,62.0,"98, REPUBLIQUE (RUE DE L",,,Plein jour,En agglomération,Intersection en X,Normale,Deux véhicules - arrière,,,,,,,,,,,1,2,2,1,2
200500031287,0005-05-14 07:50:00,5,5,14,7,50,920,62.0,"132, GENERAL DE GAULLE (",,,Crépuscule ou aube,En agglomération,Hors intersection,Pluie légère,Autre collision,,,,,,,,,,,2,2,1,2,6
200500031288,0005-05-20 20:40:00,5,5,20,20,40,920,62.0,"0, BERTHELOT (RUE MARCEL",,,Plein jour,En agglomération,Intersection en X,Normale,Deux véhicules - côté,,,,,,,,,,,1,2,2,1,3
200500031289,0005-05-22 10:30:00,5,5,22,10,30,920,62.0,"62, WALLACE (BD RICHARD)",,,Plein jour,En agglomération,Intersection en X,Normale,Autre collision,,,,,,,,,,,1,2,2,1,6
200500031290,0005-05-25 22:30:00,5,5,25,22,30,920,62.0,"0, DE DION BOUTON (QUAI)",,,Nuit avec éclairage allumé,En agglomération,Intersection en X,Normale,Trois véhicules et plus - collisions multiples,,,,,,,,,,,5,2,2,1,5
200500031291,0005-05-17 12:50:00,5,5,17,12,50,920,63.0,"111, ALBERT 1ER (AVENUE)",,,Plein jour,En agglomération,Hors intersection,Normale,Autre collision,,,,,,,,,,,1,2,1,1,6
200500031292,0005-05-20 18:30:00,5,5,20,18,30,920,63.0,"112, DIX-HUIT JUIN 1940",,,Plein jour,En agglomération,Hors intersection,Normale,Deux véhicules - arrière,,,,,,,,,,,1,2,1,1,2
200500031293,0005-05-09 18:50:00,5,5,9,18,50,920,76.0,"27, CARNOT",,,Plein jour,En agglomération,Hors intersection,Normale,Trois véhicules et plus - collisions multiples,,,,,,,,,,,1,2,1,1,5
200500031294,0005-05-10 15:00:00,5,5,10,15,0,920,33.0,JOFFRE,,,Plein jour,En agglomération,Hors intersection,Normale,Sans collision,,,,,,,,,,,1,2,1,1,7
200500031295,0005-05-12 12:10:00,5,5,12,12,10,920,76.0,"21, PASTEUR",,,Plein jour,En agglomération,Hors intersection,Normale,Deux véhicules - arrière,,,,,,,,,,,1,2,1,1,2
200500031296,0005-05-12 19:30:00,5,5,12,19,30,920,76.0,"12 bis, DAILLY",,,Plein jour,En agglomération,Hors intersection,Normale,Deux véhicules - côté,,,,,,,,,,,1,2,1,1,3
200500031297,0005-05-30 11:20:00,5,5,30,11,20,920,47.0,MARCHE,,,Plein jour,En agglomération,Hors intersection,Normale,Trois véhicules et plus - en chaîne,,,,,,,,,,,1,2,1,1,4
200500031298,0005-05-05 01:00:00,5,5,5,1,0,920,72.0,"03, GRANDE RUE",,,Nuit avec éclairage allumé,En agglomération,Hors intersection,Normale,Autre collision,,,,,,,,,,,5,2,1,1,6
200500031299,0005-05-10 10:40:00,5,5,10,10,40,920,22.0,"1050, SALENGRO (AVENUE R",,,Plein jour,En agglomération,Hors intersection,Normale,Deux véhicules - arrière,,,,,,,,,,,1,2,1,1,2
200500031300,0005-05-11 13:00:00,5,5,11,13,0,920,72.0,PONT DE SEVRES,,,Plein jour,Hors agglomération,Hors intersection,Normale,Trois véhicules et plus - en chaîne,,,,,,,,,,,1,1,1,1,4
200500031301,0005-05-15 21:35:00,5,5,15,21,35,920,72.0,"0, PERI (PLACE GABRIEL)",,,Nuit avec éclairage allumé,En agglomération,Place,Normale,Deux véhicules - côté,,,,,,,,,,,5,2,7,1,3
200500031302,0005-05-18 14:15:00,5,5,18,14,15,920,77.0,"03, SEVRES (RUE DE)",,,Plein jour,En agglomération,Hors intersection,Normale,Autre collision,,,,,,,,,,,1,2,1,1,6
200500031303,0005-05-19 18:25:00,5,5,19,18,25,920,77.0,"32, Rue de Saint Cloud",,,Plein jour,En agglomération,Hors intersection,Normale,Autre collision,,,,,,,,,,,1,2,1,1,6
200500031304,0005-05-27 17:05:00,5,5,27,17,5,920,72.0,"54, GRANDE RUE",,,Plein jour,En agglomération,Hors intersection,Normale,Autre collision,,,,,,,,,,,1,2,1,1,6
200500031305,0005-05-27 15:30:00,5,5,27,15,30,920,72.0,"0, DAMMOUSE (RUE ALBERT)",,,Plein jour,Hors agglomération,Hors intersection,Normale,Autre collision,,,,,,,,,,,1,1,1,1,6
200500031306,0005-05-28 04:40:00,5,5,28,4,40,920,72.0,"0, Rond Point des Bruyèr",,,Nuit avec éclairage allumé,En agglomération,Intersection à plus de 4 branches,Normale,Sans collision,,,,,,,,,,,5,2,5,1,7
200500031307,0005-05-31 09:00:00,5,5,31,9,0,920,72.0,"155, GRANDE RUE",,,Plein jour,En agglomération,Hors intersection,Normale,Deux véhicules - côté,,,,,,,,,,,1,2,1,1,3
200500031308,0005-05-01 21:40:00,5,5,1,21,40,920,73.0,"41, CARNOT (RUE)",,,Nuit avec éclairage allumé,En agglomération,Intersection en X,Normale,Sans collision,,,,,,,,,,,5,2,2,1,7
200500031309,0005-05-10 09:45:00,5,5,10,9,45,920,73.0,"6 BIS, VERDUN (RUE DE)",,,Plein jour,En agglomération,Hors intersection,Normale,Autre collision,,,,,,,,,,,1,2,1,1,6
200500031310,0005-05-19 08:45:00,5,5,19,8,45,920,73.0,"56, DE LATTRE DE TASSIGN",,,Plein jour,En agglomération,Intersection en T,Normale,Deux véhicules - côté,,,,,,,,,,,1,2,3,1,3
200500031311,0005-05-22 19:15:00,5,5,22,19,15,920,73.0,DE LATTRE DE TASSIGNY (B,,,Plein jour,En agglomération,Intersection en X,Normale,Autre collision,,,,,,,,,,,1,2,2,1,6
200500031312,0005-05-30 08:20:00,5,5,30,8,20,920,73.0,"54, DE LATTRE DE TASSIGN",,,Plein jour,En agglomération,Hors intersection,Normale,Deux véhicules - arrière,,,,,,,,,,,1,2,1,1,2
200500031313,0005-05-02 11:05:00,5,5,2,11,5,920,75.0,"05, CLOS MONTHOLON (IMPA",,,Plein jour,En agglomération,Hors intersection,Normale,Autre collision,,,,,,,,,,,1,2,1,1,6
200500031314,0005-05-13 16:25:00,5,5,13,16,25,920,75.0,"8, JULLIEN (RUE)",,,Plein jour,En agglomération,Hors intersection,Temps couvert,Autre collision,,,,,,,,,,,1,2,1,8,6
200500031315,0005-05-31 08:40:00,5,5,31,8,40,920,75.0,AVENIR (RUE DE L'),,,Plein jour,En agglomération,Hors intersection,Normale,Deux véhicules - côté,,,,,,,,,,,1,2,1,1,3
200500031316,0005-05-31 19:25:00,5,5,31,19,25,920,75.0,"32, JEAN BLEUZEN",,,Plein jour,En agglomération,Hors intersection,Normale,Deux véhicules - arrière,,,,,,,,,,,1,2,1,1,2
200500031317,0005-05-20 19:50:00,5,5,20,19,50,920,78.0,MARECHAL LECLERC (AVENUE,,,Plein jour,En agglomération,Hors intersection,Normale,Deux véhicules - arrière,,,,,,,,,,,1,2,1,1,2
200500031318,0005-05-29 20:25:00,5,5,29,20,25,920,78.0,VERDUN (AVENUE) (PAIRS 9,,,Crépuscule ou aube,En agglomération,Intersection en X,Pluie forte,Deux véhicules - côté,,,,,,,,,,,2,2,2,3,3
200500031319,0005-05-25 12:05:00,5,5,25,12,5,920,78.0,CHARLES DE GAULLE (BD) (,,,Plein jour,En agglomération,Intersection en T,Normale,Autre collision,,,,,,,,,,,1,2,3,1,6
200500031320,0005-05-27 07:10:00,5,5,27,7,10,920,62.0,CNIT,,,Plein jour,En agglomération,Hors intersection,Normale,Sans collision,,,,,,,,,,,1,2,1,1,7
200500031321,0005-05-03 17:00:00,5,5,3,17,0,930,1.0,ADRIEN AGNES (QUAI),,,Plein jour,En agglomération,Intersection en T,Normale,Deux véhicules - côté,,,,,,,,,,,1,2,3,1,3
200500031322,0005-05-05 17:20:00,5,5,5,17,20,930,1.0,"8, GARDINOUX (RUE DES)",,,Plein jour,En agglomération,Hors intersection,Normale,Autre collision,,,,,,,,,,,1,2,1,1,6
200500031323,0005-05-09 12:55:00,5,5,9,12,55,930,1.0,"95, JEAN JAURES (AVE) 55",,,Plein jour,En agglomération,Hors intersection,Normale,Deux véhicules - frontale,,,,,,,,,,,1,2,1,1,1
200500031324,0005-05-12 12:10:00,5,5,12,12,10,930,1.0,"SANS, DANIELLE CASANOVA",,,Plein jour,En agglomération,Intersection en X,Normale,Autre collision,,,,,,,,,,,1,2,2,1,6
200500031325,0005-05-13 16:55:00,5,5,13,16,55,930,1.0,"99, REPUBLIQUE (AVE DE L",,,Plein jour,En agglomération,Hors intersection,Normale,Autre collision,,,,,,,,,,,1,2,1,1,6
200500031326,0005-05-16 16:10:00,5,5,16,16,10,930,1.0,"27, HAUT DE SAINT DENIS",,,Plein jour,En agglomération,Hors intersection,Normale,Autre collision,,,,,,,,,,,1,2,1,1,6
200500031327,0005-05-16 18:25:00,5,5,16,18,25,930,1.0,"21, CHAPON (RUE)",,,Plein jour,En agglomération,Hors intersection,Normale,Autre collision,,,,,,,,,,,1,2,1,1,6
200500031328,0005-05-19 08:20:00,5,5,19,8,20,930,1.0,"55, FELIX FAURE (BLD) =>",,,Plein jour,En agglomération,Intersection en Y,Normale,Deux véhicules - côté,,,,,,,,,,,1,2,4,1,3
200500031329,0005-05-19 13:15:00,5,5,19,13,15,930,1.0,"14, LANDY (RUE DU) => 16",,,Plein jour,En agglomération,Hors intersection,Normale,Autre collision,,,,,,,,,,,1,2,1,1,6
200500031330,0005-05-19 15:25:00,5,5,19,15,25,930,1.0,"45, REPUBLIQUE (AVE DE L",,,Plein jour,En agglomération,Hors intersection,Normale,Autre collision,,,,,,,,,,,1,2,1,1,6
200500031331,0005-05-20 16:00:00,5,5,20,16,0,930,1.0,"128, REPUBLIQUE (AVE DE",,,Plein jour,En agglomération,Hors intersection,Normale,Autre collision,,,,,,,,,,,1,2,1,1,6
200500031332,0005-05-23 12:40:00,5,5,23,12,40,930,1.0,"90, REPUBLIQUE (AVE DE L",,,Plein jour,En agglomération,Intersection en X,Normale,Deux véhicules - côté,,,,,,,,,,,1,2,2,1,3
200500031333,0005-05-24 09:15:00,5,5,24,9,15,930,1.0,"23, PRESIDENT ROOSEVELT",,,Plein jour,En agglomération,Hors intersection,Normale,Deux véhicules - côté,,,,,,,,,,,1,2,1,1,3
200500031334,0005-05-24 21:30:00,5,5,24,21,30,930,1.0,DAVID (RUE),,,Plein jour,Hors agglomération,Intersection en T,Normale,Autre collision,,,,,,,,,,,1,1,3,1,6
200500031335,0005-05-24 21:45:00,5,5,24,21,45,930,1.0,"215, JEAN JAURES (AVE)",,,Nuit avec éclairage allumé,En agglomération,Hors intersection,Normale,Trois véhicules et plus - en chaîne,,,,,,,,,,,5,2,1,1,4
200500031336,0005-05-28 17:00:00,5,5,28,17,0,930,1.0,"48, VICTOR HUGO (AVE)  =",,,Plein jour,En agglomération,Hors intersection,Normale,Deux véhicules - côté,,,,,,,,,,,1,2,1,1,3
200500031337,0005-05-30 23:40:00,5,5,30,23,40,930,1.0,REPUBLIQUE (AVE DE LA ),,,Nuit avec éclairage allumé,En agglomération,Intersection en T,Normale,Autre collision,,,,,,,,,,,5,2,3,1,6
200500031338,0005-05-01 17:30:00,5,5,1,17,30,930,5.0,"3, BOURDONNAIS (ALLEE DE",,,Plein jour,En agglomération,Hors intersection,Normale,Autre collision,,,,,,,,,,,1,2,1,1,6
200500031339,0005-05-08 00:35:00,5,5,8,0,35,930,5.0,"22, ROSIERS (AVENUE DES)",,,Nuit avec éclairage allumé,En agglomération,Hors intersection,Normale,Deux véhicules - arrière,,,,,,,,,,,5,2,1,1,2
200500031340,0005-05-10 17:10:00,5,5,10,17,10,930,5.0,GILBERTE DESNOYERS (RUE),,,Plein jour,En agglomération,Intersection en X,Normale,Deux véhicules - côté,,,,,,,,,,,1,2,2,1,3
200500031341,0005-05-15 11:50:00,5,5,15,11,50,930,5.0,"néant, HENRI MATISSE (RU",,,Plein jour,En agglomération,Intersection en X,Normale,Deux véhicules - côté,,,,,,,,,,,1,2,2,1,3
200500031342,0005-05-16 18:20:00,5,5,16,18,20,930,5.0,"néant, ANDRE CITROEN (BO",,,Plein jour,En agglomération,Hors intersection,Pluie légère,Deux véhicules - côté,,,,,,,,,,,1,2,1,2,3
200500031343,0005-05-19 08:30:00,5,5,19,8,30,930,5.0,"néant, PIERRE BROSSOLETT",,,Plein jour,En agglomération,Hors intersection,Normale,Deux véhicules - arrière,,,,,,,,,,,1,2,1,1,2
200500031344,0005-05-20 08:25:00,5,5,20,8,25,930,5.0,"188, LEFEVRE (BOULEVARD)",,,Plein jour,En agglomération,Intersection en T,Normale,Deux véhicules - côté,,,,,,,,,,,1,2,3,1,3