accident_id,datetime,annee,mois,jour,heure,minute,departement,commune_insee,adresse,latitude,longitude,luminosite,agglomeration,intersection,meteo,collision,nb_vehicules,nb_usagers,nb_indemnes,nb_tues,nb_blesses_hosp,nb_blesses_legers,age_cond_1,age_cond_2,veh_type_cond_1,veh_type_cond_2,lum_code,agg_code,int_code,atm_code,col_code
200500031477,0005-05-27 12:30:00,5,5,27,12,30,930,70.0,"32, MICHELET (AVE) : DU",,,Plein jour,En agglomération,Hors intersection,Normale,Deux véhicules - côté,,,,,,,,,,,1,2,1,1,3
200500031478,0005-05-28 13:21:00,5,5,28,13,21,930,70.0,"87, ROSIERS(DES) : APRES",,,Plein jour,En agglomération,Hors intersection,Normale,Autre collision,,,,,,,,,,,1,2,1,1,6
200500031479,0005-05-31 08:30:00,5,5,31,8,30,930,70.0,"99, MICHELET (AVE) : DU",,,Plein jour,En agglomération,Intersection en T,Normale,Autre collision,,,,,,,,,,,1,2,3,1,6
200500031480,0005-05-09 15:50:00,5,5,9,15,50,930,71.0,WESTINGHOUSE (BOULEVARD),,,Plein jour,En agglomération,Passage à niveau,Normale,Deux véhicules - côté,,,,,,,,,,,1,2,8,1,3
200500031481,0005-05-17 12:45:00,5,5,17,12,45,930,71.0,JOHN F. KENNEDY (AVENUE),,,Plein jour,En agglomération,Hors intersection,Normale,Autre collision,,,,,,,,,,,1,2,1,1,6
200500031482,0005-05-22 19:00:00,5,5,22,19,0,930,71.0,"70, STALINGRAD (BOULEVAR",,,Plein jour,En agglomération,Hors intersection,Normale,Deux véhicules - frontale,,,,,,,,,,,1,2,1,1,1
200500031483,0005-05-24 18:20:00,5,5,24,18,20,930,71.0,"59, AULNAY (RUE D')",,,Plein jour,En agglomération,Intersection en X,Normale,Deux véhicules - côté,,,,,,,,,,,1,2,2,1,3
200500031484,0005-05-24 17:50:00,5,5,24,17,50,930,71.0,RONSARD (AVENUE),,,Plein jour,En agglomération,Autre intersection,Normale,Deux véhicules - côté,,,,,,,,,,,1,2,9,1,3
200500031485,0005-05-05 12:20:00,5,5,5,12,20,930,72.0,"81, JEAN JAURES (IMPASSE",,,Plein jour,En agglomération,Intersection en X,Normale,Sans collision,,,,,,,,,,,1,2,2,1,7
200500031486,0005-05-08 18:52:00,5,5,8,18,52,930,72.0,", MARCEL CACHIN (AVENUE)",,,Plein jour,En agglomération,Hors intersection,Normale,Autre collision,,,,,,,,,,,1,2,1,1,6
200500031487,0005-05-12 12:00:00,5,5,12,12,0,930,72.0,MAXIME GORKI (BOULEVARD),,,Plein jour,En agglomération,Place,Temps éblouissant,Autre collision,,,,,,,,,,,1,2,7,7,6
200500031488,0005-05-15 22:40:00,5,5,15,22,40,930,72.0,"80, MAXIME GORKI (BOULEV",,,Nuit avec éclairage allumé,En agglomération,Hors intersection,Normale,Deux véhicules - arrière,,,,,,,,,,,5,2,1,1,2
200500031489,0005-05-18 19:20:00,5,5,18,19,20,930,72.0,"12, MOULIN NEUF (PARC DU",,,Plein jour,En agglomération,Hors intersection,Normale,Autre collision,,,,,,,,,,,1,2,1,1,6
200500031490,0005-05-27 12:10:00,5,5,27,12,10,930,72.0,", ROGER SALENGRO (RUE)",,,Plein jour,En agglomération,Hors intersection,Normale,Autre collision,,,,,,,,,,,1,2,1,1,6
200500031491,0005-05-28 05:50:00,5,5,28,5,50,930,72.0,LOUIS BORDES (RUE),,,Crépuscule ou aube,En agglomération,Intersection en X,Normale,Deux véhicules - côté,,,,,,,,,,,2,2,2,1,3
200500031492,0005-05-28 13:05:00,5,5,28,13,5,930,72.0,"62, JULES GUESDE (AVENUE",,,Plein jour,En agglomération,Intersection en T,Normale,Deux véhicules - côté,,,,,,,,,,,1,2,3,1,3
200500031493,0005-05-30 19:45:00,5,5,30,19,45,930,72.0,"80, MAXIME GORKI (BOULEV",,,Plein jour,En agglomération,Hors intersection,Normale,Autre collision,,,,,,,,,,,1,2,1,1,6
200500031494,0005-05-31 10:00:00,5,5,31,10,0,930,72.0,"FACE 05, MOULIN NEUF (RU",,,Plein jour,En agglomération,Intersection en T,Normale,Deux véhicules - côté,,,,,,,,,,,1,2,3,1,3
200500031495,0005-05-01 01:00:00,5,5,1,1,0,930,73.0,"124, SALENGRO (AVENUE RO",,,Nuit avec éclairage allumé,En agglomération,Hors intersection,Normale,Sans collision,,,,,,,,,,,5,2,1,1,7
200500031496,0005-05-18 19:45:00,5,5,18,19,45,930,78.0,VAUBAN (AVENUE),,,Plein jour,En agglomération,Hors intersection,Normale,Autre collision,,,,,,,,,,,1,2,1,1,6
200500031497,0005-05-24 15:25:00,5,5,24,15,25,930,73.0,RESISTANCE (RUE DE LA),,,Plein jour,En agglomération,Giratoire,Normale,Deux véhicules - côté,,,,,,,,,,,1,2,6,1,3
200500031498,0005-05-26 09:25:00,5,5,26,9,25,930,78.0,VAUBAN (AVENUE),,,Plein jour,En agglomération,Giratoire,Normale,Deux véhicules - arrière,,,,,,,,,,,1,2,6,1,2
200500031499,0005-05-28 18:35:00,5,5,28,18,35,930,78.0,CLEMENCEAU (AVENUE GEORG,,,Plein jour,En agglomération,Hors intersection,Normale,Sans collision,,,,,,,,,,,1,2,1,1,7
200500031500,0005-05-30 09:15:00,5,5,30,9,15,930,73.0,SAVOIE (RUE DE),,,Plein jour,En agglomération,Intersection en X,Pluie légère,Deux véhicules - côté,,,,,,,,,,,1,2,2,2,3
200500031501,0005-05-31 11:25:00,5,5,31,11,25,930,73.0,SALENGRO (AVENUE ROGER),,,Plein jour,En agglomération,Intersection en X,Normale,Deux véhicules - côté,,,,,,,,,,,1,2,2,1,3
200500031502,0005-05-06 15:30:00,5,5,6,15,30,940,2.0,"0, CAMELIAS (R DES)",,,Plein jour,En agglomération,Intersection en T,Normale,Deux véhicules - côté,,,,,,,,,,,1,2,3,1,3
200500031503,0005-05-11 17:35:00,5,5,11,17,35,940,2.0,"0, GOUJONS (PL DES)",,,Plein jour,En agglomération,Hors intersection,Normale,Autre collision,,,,,,,,,,,1,2,1,1,6
200500031504,0005-05-13 10:30:00,5,5,13,10,30,940,2.0,"0, FLORE (R DE)",,,Plein jour,En agglomération,Intersection en T,Normale,Deux véhicules - côté,,,,,,,,,,,1,2,3,1,3
200500031505,0005-05-25 20:55:00,5,5,25,20,55,940,2.0,"0, MARECHAL DE LATTRE DE",,,Plein jour,En agglomération,Intersection en X,Normale,Deux véhicules - côté,,,,,,,,,,,1,2,2,1,3
200500031506,0005-05-28 13:15:00,5,5,28,13,15,940,2.0,"29, EMILE ZOLA (R)",,,Plein jour,En agglomération,Hors intersection,Normale,Deux véhicules - arrière,,,,,,,,,,,1,2,1,1,2
200500031507,0005-05-02 20:20:00,5,5,2,20,20,940,44.0,GENERAL LECLERC (AV DU),,,Plein jour,En agglomération,Hors intersection,Normale,Deux véhicules - arrière,,,,,,,,,,,1,2,1,1,2
200500031508,0005-05-06 16:15:00,5,5,6,16,15,940,44.0,GARE (BD DE LA),,,Plein jour,En agglomération,Hors intersection,Normale,Sans collision,,,,,,,,,,,1,2,1,1,7
200500031509,0005-05-09 13:50:00,5,5,9,13,50,940,71.0,BLANCS (ALL DES),,,Plein jour,En agglomération,Hors intersection,Normale,Sans collision,,,,,,,,,,,1,2,1,1,7
200500031510,0005-05-10 22:20:00,5,5,10,22,20,940,47.0,FRANCOIS COPPEE (R),,,Nuit avec éclairage non allumé,En agglomération,Hors intersection,Normale,Sans collision,,,,,,,,,,,4,2,1,1,7
200500031511,0005-05-13 08:50:00,5,5,13,8,50,940,44.0,"7bis, VERDUN (AV DE)",,,Plein jour,En agglomération,Intersection en T,Pluie légère,Trois véhicules et plus - collisions multiples,,,,,,,,,,,1,2,3,2,5
200500031512,0005-05-12 15:00:00,5,5,12,15,0,940,44.0,"15, LEON REVILLON (BD)",,,Plein jour,En agglomération,Hors intersection,Normale,Deux véhicules - arrière,,,,,,,,,,,1,2,1,1,2
200500031513,0005-05-15 08:35:00,5,5,15,8,35,940,44.0,"11, CHARLES DE GAULLE (A",,,Plein jour,En agglomération,Hors intersection,Normale,Sans collision,,,,,,,,,,,1,2,1,1,7
200500031514,0005-05-13 19:25:00,5,5,13,19,25,940,44.0,"26, GENERAL LECLERC (AV",,,Crépuscule ou aube,En agglomération,Hors intersection,Normale,Deux véhicules - côté,,,,,,,,,,,2,2,1,1,3
200500031515,0005-05-13 18:55:00,5,5,13,18,55,940,44.0,"0, GENERAL LECLERC (AV)",,,Plein jour,En agglomération,Hors intersection,Normale,Deux véhicules - arrière,,,,,,,,,,,1,2,1,1,2
200500031516,0005-05-17 12:00:00,5,5,17,12,0,940,70.0,"9, LESIGNY (R DE)",,,Plein jour,En agglomération,Hors intersection,Normale,Sans collision,,,,,,,,,,,1,2,1,1,7
200500031517,0005-05-18 10:10:00,5,5,18,10,10,940,44.0,"0, JEAN MONNET (R)",,,Plein jour,En agglomération,Hors intersection,Normale,Deux véhicules - arrière,,,,,,,,,,,1,2,1,1,2
200500031518,0005-05-24 09:30:00,5,5,24,9,30,940,44.0,"0, LOUIS SALLE (R)",,,Plein jour,En agglomération,Hors intersection,Normale,Deux véhicules - arrière,,,,,,,,,,,1,2,1,1,2
200500031519,0005-05-30 08:30:00,5,5,30,8,30,940,44.0,"Face au 05, GENERAL LECL",,,Plein jour,En agglomération,Hors intersection,Temps couvert,Autre collision,,,,,,,,,,,1,2,1,8,6
200500031520,0005-05-21 15:15:00,5,5,21,15,15,940,48.0,", MOISSONS (AV DES)",,,Plein jour,En agglomération,Hors intersection,Normale,Deux véhicules - arrière,,,,,,,,,,,1,2,1,1,2
200500031521,0005-05-30 18:25:00,5,5,30,18,25,940,56.0,"13, MANDRES (R DE)",,,Plein jour,En agglomération,Hors intersection,Normale,Autre collision,,,,,,,,,,,1,2,1,1,6
200500031522,0005-05-10 07:40:00,5,5,10,7,40,940,17.0,"0, ROGER SALENGRO (AV)",,,Plein jour,En agglomération,Intersection en T,Normale,Deux véhicules - côté,,,,,,,,,,,1,2,3,1,3
200500031523,0005-05-13 10:28:00,5,5,13,10,28,940,17.0,MUSSELBURGH (R DE),,,Plein jour,En agglomération,Hors intersection,Temps couvert,Deux véhicules - côté,,,,,,,,,,,1,2,1,8,3
200500031524,0005-05-14 17:15:00,5,5,14,17,15,940,17.0,"44, JULIAN GRIMAU (R)",,,Plein jour,En agglomération,Hors intersection,Normale,Autre collision,,,,,,,,,,,1,2,1,1,6
200500031525,0005-05-15 06:30:00,5,5,15,6,30,940,17.0,"242, STALINGRAD (BD DE)",,,Plein jour,En agglomération,Hors intersection,Normale,Autre collision,,,,,,,,,,,1,2,1,1,6
200500031526,0005-05-16 16:00:00,5,5,16,16,0,940,17.0,"0, SALVADOR ALLENDE (AV)",,,Plein jour,En agglomération,Hors intersection,Normale,Deux véhicules - arrière,,,,,,,,,,,1,2,1,1,2
200500031527,0005-05-18 16:00:00,5,5,18,16,0,940,17.0,"92, ALEXANDRE FOURNY (R)",,,Plein jour,En agglomération,Intersection en T,Normale,Deux véhicules - côté,,,,,,,,,,,1,2,3,1,3
200500031528,0005-05-18 20:15:00,5,5,18,20,15,940,17.0,BOILEAU (AV),,,Plein jour,En agglomération,Hors intersection,Normale,Autre collision,,,,,,,,,,,1,2,1,1,6
200500031529,0005-05-18 20:55:00,5,5,18,20,55,940,17.0,"242, GENERAL DE GAULLE (",,,Plein jour,En agglomération,Intersection en T,Normale,Autre collision,,,,,,,,,,,1,2,3,1,6
200500031530,0005-05-22 10:45:00,5,5,22,10,45,940,17.0,"77, GALLIENI (QU)",,,Plein jour,En agglomération,Hors intersection,Normale,Autre collision,,,,,,,,,,,1,2,1,1,6
200500031531,0005-05-27 17:20:00,5,5,27,17,20,940,17.0,"148, GENERAL DE GAULLE (",,,Plein jour,En agglomération,Hors intersection,Normale,Deux véhicules - côté,,,,,,,,,,,1,2,1,1,3
200500031532,0005-05-27 21:20:00,5,5,27,21,20,940,17.0,"0, JEAN JAURES (R)",,,Plein jour,En agglomération,Intersection en X,Normale,Deux véhicules - côté,,,,,,,,,,,1,2,2,1,3
200500031533,0005-05-11 16:40:00,5,5,11,16,40,940,18.0,"191, PARIS (R DE)",,,Plein jour,En agglomération,Hors intersection,Normale,Autre collision,,,,,,,,,,,1,2,1,1,6
200500031534,0005-05-26 10:50:00,5,5,26,10,50,940,18.0,PONT DE CHARENTON,,,Plein jour,En agglomération,Intersection en T,Normale,Deux véhicules - côté,,,,,,,,,,,1,2,3,1,3
200500031535,0005-05-26 19:15:00,5,5,26,19,15,940,18.0,NECKER (RUE),,,Plein jour,En agglomération,Intersection en T,Normale,Autre collision,,,,,,,,,,,1,2,3,1,6
200500031536,0005-05-28 19:45:00,5,5,28,19,45,940,69.0,"7, MARECHAL LECLERC (R D",,,Plein jour,En agglomération,Hors intersection,Normale,Autre collision,,,,,,,,,,,1,2,1,1,6
200500031537,0005-05-04 15:25:00,5,5,4,15,25,940,19.0,"01, MARECHAL LECLERC (PL",,,Plein jour,En agglomération,Intersection en T,Pluie forte,Sans collision,,,,,,,,,,,1,2,3,3,7
200500031538,0005-05-07 16:25:00,5,5,7,16,25,940,55.0,"85, PROVINS (RTE DE)",,,Plein jour,En agglomération,Hors intersection,Normale,Deux véhicules - côté,,,,,,,,,,,1,2,1,1,3
200500031539,0005-05-08 02:05:00,5,5,8,2,5,940,79.0,GENERAL LECLERC (R DU),,,Nuit avec éclairage allumé,En agglomération,Intersection en T,Normale,Deux véhicules - côté,,,,,,,,,,,5,2,3,1,3
200500031540,0005-05-08 18:25:00,5,5,8,18,25,940,79.0,NAIADES (ALL DES),,,Plein jour,En agglomération,Intersection en T,Normale,Deux véhicules - côté,,,,,,,,,,,1,2,3,1,3
200500031541,0005-05-09 13:25:00,5,5,9,13,25,940,19.0,BOILEAU (AV),,,Plein jour,En agglomération,Hors intersection,Normale,Sans collision,,,,,,,,,,,1,2,1,1,7
200500031542,0005-05-15 18:45:00,5,5,15,18,45,940,55.0,OLIVIER D ORMESSON (AV),,,Plein jour,En agglomération,Intersection en X,Normale,Deux véhicules - côté,,,,,,,,,,,1,2,2,1,3
200500031543,0005-05-17 19:20:00,5,5,17,19,20,940,19.0,"40, SUCY (R DE)",,,Plein jour,En agglomération,Intersection en T,Normale,Deux véhicules - côté,,,,,,,,,,,1,2,3,1,3
200500031544,0005-05-21 16:25:00,5,5,21,16,25,940,60.0,CHAMPLAIN (CUVETTE DE),,,Plein jour,En agglomération,Hors intersection,Normale,Trois véhicules et plus - collisions multiples,,,,,,,,,,,1,2,1,1,5
200500031545,0005-05-21 17:25:00,5,5,21,17,25,940,79.0,GAUMONT (AV DE),,,Plein jour,En agglomération,Giratoire,Normale,Sans collision,,,,,,,,,,,1,2,6,1,7
200500031546,0005-05-24 11:35:00,5,5,24,11,35,940,79.0,"25, FRIEDBERG (BD DE)",,,Plein jour,En agglomération,Hors intersection,Normale,Sans collision,,,,,,,,,,,1,2,1,1,7
200500031547,0005-05-24 19:05:00,5,5,24,19,5,940,19.0,", PLESSIS (RTE DU)",,,Plein jour,En agglomération,Hors intersection,Normale,Sans collision,,,,,,,,,,,1,2,1,1,7
200500031548,0005-05-28 15:30:00,5,5,28,15,30,940,60.0,"37, GENERAL DE GAULLE (R",,,Plein jour,En agglomération,Hors intersection,Normale,Deux véhicules - arrière,,,,,,,,,,,1,2,1,1,2
200500031549,0005-05-27 20:10:00,5,5,27,20,10,940,79.0,LECOMTE (AV),,,Crépuscule ou aube,En agglomération,Intersection en X,Pluie légère,Deux véhicules - côté,,,,,,,,,,,2,2,2,2,3
200500031550,0005-05-03 22:00:00,5,5,3,22,0,940,22.0,JEAN JAURES (R),,,Nuit avec éclairage allumé,En agglomération,Intersection en X,Pluie légère,Deux véhicules - arrière,,,,,,,,,,,5,2,2,2,2
200500031551,0005-05-20 18:10:00,5,5,20,18,10,940,54.0,VERGER (RLE DU),,,Plein jour,En agglomération,Intersection en T,Normale,Autre collision,,,,,,,,,,,1,2,3,1,6
200500031552,0005-05-01 19:00:00,5,5,1,19,0,940,54.0,"38, MARTYRS DE CHATEAUBR",,,Plein jour,En agglomération,Hors intersection,Normale,Autre collision,,,,,,,,,,,1,2,1,1,6
200500031553,0005-05-10 17:15:00,5,5,10,17,15,940,54.0,"1, MARCEL CACHIN (AV)",,,Plein jour,En agglomération,Intersection en T,Normale,Autre collision,,,,,,,,,,,1,2,3,1,6
200500031554,0005-05-15 16:05:00,5,5,15,16,5,940,54.0,STALINGRAD (BD DE),,,Plein jour,En agglomération,Hors intersection,Normale,Deux véhicules - côté,,,,,,,,,,,1,2,1,1,3
200500031555,0005-05-20 11:05:00,5,5,20,11,5,940,54.0,"10, JEAN JAURES (R)",,,Plein jour,En agglomération,Hors intersection,Normale,Autre collision,,,,,,,,,,,1,2,1,1,6
200500031556,0005-05-22 13:25:00,5,5,22,13,25,940,22.0,DOCTEUR ROUX (R DU),,,Plein jour,En agglomération,Hors intersection,Normale,Autre collision,,,,,,,,,,,1,2,1,1,6
200500031557,0005-05-05 17:30:00,5,5,5,17,30,940,28.0,"0, FOCH(AVENUE DU MARECH",,,Plein jour,En agglomération,Hors intersection,Normale,Deux véhicules - côté,,,,,,,,,,,1,2,1,1,3
200500031558,0005-05-05 11:50:00,5,5,5,11,50,940,28.0,"0, CHOISY(ROUTE DE)",,,Plein jour,En agglomération,Hors intersection,Normale,Deux véhicules - côté,,,,,,,,,,,1,2,1,1,3
200500031559,0005-05-06 10:30:00,5,5,6,10,30,940,28.0,BROSSOLETTE(AVENUE PIERR,,,Plein jour,En agglomération,Hors intersection,Normale,Autre collision,,,,,,,,,,,1,2,1,1,6
200500031560,0005-05-10 20:15:00,5,5,10,20,15,940,28.0,"0, EGLISE.(PLACE DE L')",,,Nuit avec éclairage allumé,En agglomération,Hors intersection,Normale,Autre collision,,,,,,,,,,,5,2,1,1,6
200500031561,0005-05-09 14:50:00,5,5,9,14,50,940,28.0,"0, POMPADOUR(CARREFOUR)",,,Plein jour,En agglomération,Hors intersection,Normale,Deux véhicules - côté,,,,,,,,,,,1,2,1,1,3
200500031562,0005-05-09 20:00:00,5,5,9,20,0,940,11.0,"0, LECLERC.(AVENUE DU MA",,,Plein jour,En agglomération,Hors intersection,Normale,Autre collision,,,,,,,,,,,1,2,1,1,6
200500031563,0005-05-12 17:55:00,5,5,12,17,55,940,28.0,"1, COTONOU.(RUE DE)",,,Plein jour,En agglomération,Intersection en Y,Normale,Deux véhicules - frontale,,,,,,,,,,,1,2,4,1,1
200500031564,0005-05-15 06:30:00,5,5,15,6,30,940,28.0,PARIS.(RUE DE),,,Plein jour,En agglomération,Hors intersection,Normale,Deux véhicules - côté,,,,,,,,,,,1,2,1,1,3
200500031565,0005-05-16 20:45:00,5,5,16,20,45,940,28.0,"20, GAULLE(AVENUE DU GEN",,,Crépuscule ou aube,En agglomération,Autre intersection,Normale,Deux véhicules - arrière,,,,,,,,,,,2,2,9,1,2
200500031566,0005-05-18 15:30:00,5,5,18,15,30,940,28.0,"1, BELLE-VUE.(RUE DE)",,,Plein jour,En agglomération,Intersection en T,Normale,Deux véhicules - arrière,,,,,,,,,,,1,2,3,1,2
200500031567,0005-05-18 12:55:00,5,5,18,12,55,940,28.0,"1, BELLE-VUE.(RUE DE)",,,Plein jour,En agglomération,Intersection en T,Normale,Trois véhicules et plus - en chaîne,,,,,,,,,,,1,2,3,1,4
200500031568,0005-05-21 13:30:00,5,5,21,13,30,940,28.0,"0, SAVAR.(RUE JULIETTE)",,,Plein jour,En agglomération,Autre intersection,Normale,Autre collision,,,,,,,,,,,1,2,9,1,6
200500031569,0005-05-23 18:40:00,5,5,23,18,40,940,28.0,PASTEUR VALERY RADOT(IMP,,,Plein jour,En agglomération,Hors intersection,Normale,Deux véhicules - arrière,,,,,,,,,,,1,2,1,1,2
200500031570,0005-05-25 08:20:00,5,5,25,8,20,940,28.0,VERDUN.(AVENUE DE),,,Plein jour,En agglomération,Hors intersection,Normale,Deux véhicules - côté,,,,,,,,,,,1,2,1,1,3
200500031571,0005-05-27 07:30:00,5,5,27,7,30,940,28.0,VERDUN.(AVENUE DE),,,Crépuscule ou aube,En agglomération,Hors intersection,Normale,Deux véhicules - arrière,,,,,,,,,,,2,2,1,1,2
200500031572,0005-05-27 15:25:00,5,5,27,15,25,940,11.0,"1, PARIS(AVENUE DE)",,,Plein jour,En agglomération,Intersection en X,Normale,Deux véhicules - côté,,,,,,,,,,,1,2,2,1,3
200500031573,0005-05-28 08:00:00,5,5,28,8,0,940,28.0,"80, BROSSOLETTE(AVENUE P",,,Plein jour,En agglomération,Autre intersection,Normale,Deux véhicules - côté,,,,,,,,,,,1,2,9,1,3
200500031574,0005-05-29 23:50:00,5,5,29,23,50,940,11.0,"0, LECLERC.(AVENUE DU MA",,,Nuit avec éclairage allumé,En agglomération,Hors intersection,Pluie légère,Autre collision,,,,,,,,,,,5,2,1,2,6
200500031575,0005-05-31 08:25:00,5,5,31,8,25,940,28.0,HALPERN.(AVENUE BERNARD),,,Plein jour,En agglomération,Hors intersection,Normale,Deux véhicules - arrière,,,,,,,,,,,1,2,1,1,2
200500031576,0005-05-31 17:50:00,5,5,31,17,50,940,28.0,LAFERRIERE(AVENUE),,,Plein jour,En agglomération,Hors intersection,Normale,Autre collision,,,,,,,,,,,1,2,1,1,6
200500031577,0005-05-17 22:10:00,5,5,17,22,10,940,33.0,VERDUN (BD DE),,,Nuit avec éclairage allumé,En agglomération,Autre intersection,Normale,Deux véhicules - frontale,,,,,,,,,,,5,2,9,1,1
200500031578,0005-05-16 10:45:00,5,5,16,10,45,940,41.0,ROBERT WITCHITZ (R),,,Plein jour,En agglomération,Hors intersection,Normale,Sans collision,,,,,,,,,,,1,2,1,1,7
200500031579,0005-05-13 12:00:00,5,5,13,12,0,940,41.0,SAINT JUST (R),,,Plein jour,En agglomération,Hors intersection,Normale,Deux véhicules - côté,,,,,,,,,,,1,2,1,1,3
200500031580,0005-05-16 10:20:00,5,5,16,10,20,940,41.0,"1, PIERRE SEMARD (AV)",,,Plein jour,En agglomération,Hors intersection,Pluie légère,Deux véhicules - côté,,,,,,,,,,,1,2,1,2,3
200500031581,0005-05-18 19:00:00,5,5,18,19,0,940,41.0,GAGNEE (R),,,Plein jour,En agglomération,Hors intersection,Normale,Sans collision,,,,,,,,,,,1,2,1,1,7
200500031582,0005-05-19 14:25:00,5,5,19,14,25,940,41.0,"23, BARBES (R)",,,Plein jour,En agglomération,Hors intersection,Normale,Sans collision,,,,,,,,,,,1,2,1,1,7
200500031583,0005-05-25 14:45:00,5,5,25,14,45,940,41.0,"117a, PAUL VAILLANT COUT",,,Plein jour,En agglomération,Hors intersection,Normale,Deux véhicules - côté,,,,,,,,,,,1,2,1,1,3
200500031584,0005-05-01 23:30:00,5,5,1,23,30,940,41.0,VERDUN (AV DE),,,Nuit avec éclairage allumé,En agglomération,Hors intersection,Normale,Deux véhicules - arrière,,,,,,,,,,,5,2,1,1,2
200500031585,0005-05-20 17:15:00,5,5,20,17,15,940,41.0,"14-16, BRANDEBOURG (BD D",,,Plein jour,En agglomération,Hors intersection,Normale,Autre collision,,,,,,,,,,,1,2,1,1,6
200500031586,0005-05-18 17:05:00,5,5,18,17,5,940,41.0,"88, JEAN JAURES (AV)",,,Plein jour,En agglomération,Hors intersection,Normale,Sans collision,,,,,,,,,,,1,2,1,1,7
200500031587,0005-05-27 09:25:00,5,5,27,9,25,940,41.0,"91 bis, GEORGES GOSNAT (",,,Plein jour,En agglomération,Hors intersection,Normale,Autre collision,,,,,,,,,,,1,2,1,1,6
200500031588,0005-05-26 22:25:00,5,5,26,22,25,940,41.0,MARCEL BOYER (QU),,,Nuit avec éclairage allumé,En agglomération,Hors intersection,Normale,Deux véhicules - arrière,,,,,,,,,,,5,2,1,1,2
200500031589,0005-05-03 11:30:00,5,5,3,11,30,940,46.0,"08, REPUBLIQUE (AV DE LA",,,Plein jour,En agglomération,Hors intersection,Normale,Deux véhicules - frontale,,,,,,,,,,,1,2,1,1,1
200500031590,0005-05-10 20:20:00,5,5,10,20,20,940,46.0,"77, FOCH (AV)",,,Plein jour,En agglomération,Hors intersection,Normale,Deux véhicules - côté,,,,,,,,,,,1,2,1,1,3
200500031591,0005-05-12 17:50:00,5,5,12,17,50,940,46.0,"01, GENERAL DE GAULLE (A",,,Plein jour,En agglomération,Hors intersection,Normale,Autre collision,,,,,,,,,,,1,2,1,1,6
200500031592,0005-05-14 15:35:00,5,5,14,15,35,940,46.0,"118, GENERAL DE GAULLE (",,,Plein jour,En agglomération,Hors intersection,Normale,Autre collision,,,,,,,,,,,1,2,1,1,6
200500031593,0005-05-18 13:30:00,5,5,18,13,30,940,46.0,"170, JEAN JAURES (R)",,,Plein jour,En agglomération,Hors intersection,Normale,Deux véhicules - côté,,,,,,,,,,,1,2,1,1,3
200500031594,0005-05-23 12:45:00,5,5,23,12,45,940,46.0,"53, GENERAL LECLERC - CA",,,Plein jour,En agglomération,Hors intersection,Normale,Deux véhicules - arrière,,,,,,,,,,,1,2,1,1,2
200500031595,0005-05-23 17:45:00,5,5,23,17,45,940,46.0,"00, PROFESSEUR CADIOT (A",,,Plein jour,En agglomération,Hors intersection,Normale,Autre collision,,,,,,,,,,,1,2,1,1,6
200500031596,0005-05-31 20:25:00,5,5,31,20,25,940,46.0,"211, GENERAL LECLERC (AV",,,Plein jour,En agglomération,Hors intersection,Normale,Deux véhicules - arrière,,,,,,,,,,,1,2,1,1,2
200500031597,0005-05-02 07:00:00,5,5,2,7,0,940,68.0,"92, CHAMPIGNY (BD DE)",,,Plein jour,En agglomération,Hors intersection,Normale,Autre collision,,,,,,,,,,,1,2,1,1,6
200500031598,0005-05-06 19:55:00,5,5,6,19,55,940,68.0,"1, VARENNE (R DE LA)",,,Plein jour,En agglomération,Hors intersection,Normale,Trois véhicules et plus - en chaîne,,,,,,,,,,,1,2,1,1,4
200500031599,0005-05-06 20:45:00,5,5,6,20,45,940,68.0,"17, VARENNE (R DE LA)",,,Plein jour,En agglomération,Hors intersection,Normale,Trois véhicules et plus - en chaîne,,,,,,,,,,,1,2,1,1,4
200500031600,0005-05-07 22:50:00,5,5,7,22,50,940,68.0,CRETEIL (BD DE),,,Nuit avec éclairage allumé,En agglomération,Hors intersection,Normale,Deux véhicules - frontale,,,,,,,,,,,5,2,1,1,1
200500031601,0005-05-09 19:30:00,5,5,9,19,30,940,68.0,"23, VARENNE (R DE LA)",,,Plein jour,En agglomération,Hors intersection,Normale,Deux véhicules - côté,,,,,,,,,,,1,2,1,1,3
200500031602,0005-05-16 18:00:00,5,5,16,18,0,940,68.0,ANGLAIS (PROM DES),,,Plein jour,En agglomération,Intersection en T,Normale,Deux véhicules - côté,,,,,,,,,,,1,2,3,1,3
200500031603,0005-05-21 12:55:00,5,5,21,12,55,940,68.0,BOURDIGNON (R),,,Plein jour,En agglomération,Autre intersection,Normale,Deux véhicules - côté,,,,,,,,,,,1,2,9,1,3
200500031604,0005-05-28 12:00:00,5,5,28,12,0,940,68.0,CHAMPIGNY (BD DE),,,Plein jour,En agglomération,Autre intersection,Normale,Deux véhicules - côté,,,,,,,,,,,1,2,9,1,3
200500031605,0005-05-28 18:30:00,5,5,28,18,30,940,68.0,CRETEIL (BD DE),,,Plein jour,En agglomération,Hors intersection,Normale,Sans collision,,,,,,,,,,,1,2,1,1,7
200500031606,0005-05-01 07:00:00,5,5,1,7,0,940,77.0,PIERRE SEMARD (PL),,,Plein jour,En agglomération,Hors intersection,Normale,Autre collision,,,,,,,,,,,1,2,1,1,6
200500031607,0005-05-02 12:10:00,5,5,2,12,10,940,77.0,"0, HAUTE SEINE (R DE LA)",,,Plein jour,En agglomération,Hors intersection,Normale,Autre collision,,,,,,,,,,,1,2,1,1,6
200500031608,0005-05-19 08:40:00,5,5,19,8,40,940,74.0,"0, VILLENEUVE LE ROI (PO",,,Plein jour,En agglomération,Hors intersection,Normale,Sans collision,,,,,,,,,,,1,2,1,1,7