accident_id,datetime,annee,mois,jour,heure,minute,departement,commune_insee,adresse,latitude,longitude,luminosite,agglomeration,intersection,meteo,collision,nb_vehicules,nb_usagers,nb_indemnes,nb_tues,nb_blesses_hosp,nb_blesses_legers,age_cond_1,age_cond_2,veh_type_cond_1,veh_type_cond_2,lum_code,agg_code,int_code,atm_code,col_code
200500032013,0005-05-19 04:15:00,5,5,19,4,15,330,39.0,ROUTE NATIONALE,,,Nuit avec éclairage allumé,Hors agglomération,Hors intersection,Normale,Autre collision,,,,,,,,,,,5,1,1,1,6
200500032014,0005-05-29 21:00:00,5,5,29,21,0,330,550.0,ROCADE,,,Crépuscule ou aube,Hors agglomération,Hors intersection,Pluie légère,Autre collision,,,,,,,,,,,2,1,1,2,6
200500032015,0005-05-06 18:35:00,5,5,6,18,35,690,385.0,CHOULANS (DE),,,Plein jour,En agglomération,Intersection en X,Normale,Deux véhicules - côté,,,,,,,,,,,1,2,2,1,3
200500032016,0005-05-09 20:40:00,5,5,9,20,40,690,385.0,"15, FULCHIRON",,,Plein jour,En agglomération,Hors intersection,Normale,Sans collision,,,,,,,,,,,1,2,1,1,7
200500032017,0005-05-23 17:15:00,5,5,23,17,15,690,385.0,"145, BARTHELEMY BUYER",,,Plein jour,En agglomération,Hors intersection,Normale,Deux véhicules - côté,,,,,,,,,,,1,2,1,1,3
200500032018,0005-05-25 21:20:00,5,5,25,21,20,690,385.0,"41, FULCHIRON",,,Nuit avec éclairage allumé,En agglomération,Hors intersection,Normale,Deux véhicules - arrière,,,,,,,,,,,5,2,1,1,2
200500032019,0005-05-27 17:20:00,5,5,27,17,20,670,482.0,Autoroute A.35,,,Plein jour,Hors agglomération,Hors intersection,Normale,Sans collision,,,,,,,,,,,1,1,1,1,7
200500032020,0005-05-07 02:15:00,5,5,7,2,15,540,312.0,Autoroute A31,,,Nuit sans éclairage public,Hors agglomération,Hors intersection,Normale,Deux véhicules - arrière,,,,,,,,,,,3,1,1,1,2
200500032021,0005-05-26 19:00:00,5,5,26,19,0,540,328.0,Autoroute A 330,,,Plein jour,Hors agglomération,Hors intersection,Normale,Deux véhicules - arrière,,,,,,,,,,,1,1,1,1,2
200500032022,0005-05-03 13:50:00,5,5,3,13,50,570,445.0,Autoroute A31,,,Plein jour,Hors agglomération,Hors intersection,Normale,Sans collision,,,,,,,,,,,1,1,1,1,7
200500032023,0005-05-23 16:05:00,5,5,23,16,5,570,41.0,Route Nationale 431,,,Plein jour,Hors agglomération,Hors intersection,Normale,Trois véhicules et plus - en chaîne,,,,,,,,,,,1,1,1,1,4
200500032024,0005-05-24 18:55:00,5,5,24,18,55,570,212.0,Route départementale 66,,,Plein jour,Hors agglomération,Giratoire,Normale,Sans collision,,,,,,,,,,,1,1,6,1,7
200500032025,0005-05-29 17:46:00,5,5,29,17,46,570,356.0,Autoroute A31,,,Plein jour,Hors agglomération,Hors intersection,Normale,Trois véhicules et plus - collisions multiples,,,,,,,,,,,1,1,1,1,5
200500032026,0005-05-02 15:50:00,5,5,2,15,50,690,387.0,PROFESSEUR GRIGNARD (DU),,,Plein jour,En agglomération,Intersection en X,Normale,Deux véhicules - côté,,,,,,,,,,,1,2,2,1,3
200500032027,0005-05-03 08:10:00,5,5,3,8,10,690,387.0,DEBOURG,,,Plein jour,En agglomération,Intersection en T,Normale,Deux véhicules - côté,,,,,,,,,,,1,2,3,1,3
200500032028,0005-05-05 23:10:00,5,5,5,23,10,690,387.0,"25, JEAN JAURES",,,Nuit avec éclairage allumé,En agglomération,Intersection en X,Normale,Autre collision,,,,,,,,,,,5,2,2,1,6
200500032029,0005-05-06 10:40:00,5,5,6,10,40,690,382.0,MONTESQUIEU,,,Plein jour,En agglomération,Intersection en X,Normale,Deux véhicules - côté,,,,,,,,,,,1,2,2,1,3
200500032030,0005-05-08 09:55:00,5,5,8,9,55,690,387.0,"46, VIENNE (DE)",,,Plein jour,En agglomération,Hors intersection,Normale,Autre collision,,,,,,,,,,,1,2,1,1,6
200500032031,0005-05-02 16:25:00,5,5,2,16,25,690,387.0,"47, ANVERS (D')",,,Plein jour,En agglomération,Hors intersection,Normale,Autre collision,,,,,,,,,,,1,2,1,1,6
200500032032,0005-05-11 22:50:00,5,5,11,22,50,690,387.0,CLAUDE BERNARD,,,Nuit avec éclairage allumé,En agglomération,Intersection en X,Normale,Deux véhicules - côté,,,,,,,,,,,5,2,2,1,3
200500032033,0005-05-12 11:05:00,5,5,12,11,5,690,387.0,ST MICHEL,,,Plein jour,En agglomération,Intersection en X,Normale,Deux véhicules - côté,,,,,,,,,,,1,2,2,1,3
200500032034,0005-05-14 21:00:00,5,5,14,21,0,690,387.0,"386, GARIBALDI",,,Nuit avec éclairage allumé,En agglomération,Hors intersection,Normale,Deux véhicules - côté,,,,,,,,,,,5,2,1,1,3
200500032035,0005-05-18 14:45:00,5,5,18,14,45,690,387.0,"385, JEAN JAURES",,,Plein jour,En agglomération,Intersection en X,Normale,Autre collision,,,,,,,,,,,1,2,2,1,6
200500032036,0005-05-21 10:55:00,5,5,21,10,55,690,387.0,CHAMBAUD DE LA BRUYERE,,,Plein jour,En agglomération,Hors intersection,Normale,Deux véhicules - arrière,,,,,,,,,,,1,2,1,1,2
200500032037,0005-05-25 15:45:00,5,5,25,15,45,690,387.0,SALOMON REINACH,,,Plein jour,En agglomération,Intersection en X,Normale,Deux véhicules - côté,,,,,,,,,,,1,2,2,1,3
200500032038,0005-05-29 15:23:00,5,5,29,15,23,690,387.0,TONY GARNIER,,,Plein jour,En agglomération,Intersection en X,Normale,Deux véhicules - côté,,,,,,,,,,,1,2,2,1,3
200500032039,0005-05-26 17:20:00,5,5,26,17,20,690,387.0,"330, GARIBALDI",,,Plein jour,En agglomération,Hors intersection,Normale,Trois véhicules et plus - en chaîne,,,,,,,,,,,1,2,1,1,4
200500032040,0005-05-31 18:20:00,5,5,31,18,20,690,387.0,SEBASTIEN GRYPHE,,,Plein jour,En agglomération,Intersection en X,Normale,Autre collision,,,,,,,,,,,1,2,2,1,6
200500032041,0005-05-02 09:30:00,5,5,2,9,30,690,388.0,"7, GUILLAUME PARADIN",,,Plein jour,En agglomération,Hors intersection,Normale,Deux véhicules - côté,,,,,,,,,,,1,2,1,1,3
200500032042,0005-05-11 19:00:00,5,5,11,19,0,690,388.0,"19, JEAN MERMOZ",,,Plein jour,En agglomération,Hors intersection,Normale,Deux véhicules - côté,,,,,,,,,,,1,2,1,1,3
200500032043,0005-05-14 22:00:00,5,5,14,22,0,690,388.0,ANTOINE LUMIERE,,,Nuit avec éclairage allumé,En agglomération,Intersection en X,Normale,Deux véhicules - frontale,,,,,,,,,,,5,2,2,1,1
200500032044,0005-05-25 18:00:00,5,5,25,18,0,690,388.0,"00, JEAN SARRAZIN",,,Plein jour,En agglomération,Intersection en X,Normale,Autre collision,,,,,,,,,,,1,2,2,1,6
200500032045,0005-05-31 14:33:00,5,5,31,14,33,690,383.0,"101, VILLON",,,Plein jour,En agglomération,Hors intersection,Normale,Deux véhicules - côté,,,,,,,,,,,1,2,1,1,3
200500032046,0005-05-17 10:50:00,5,5,17,10,50,420,207.0,A47,,,Plein jour,Hors agglomération,Hors intersection,Normale,Deux véhicules - arrière,,,,,,,,,,,1,1,1,1,2
200500032047,0005-05-18 12:18:00,5,5,18,12,18,420,95.0,RN88,,,Plein jour,Hors agglomération,Hors intersection,Normale,Deux véhicules - arrière,,,,,,,,,,,1,1,1,1,2
200500032048,0005-05-20 06:05:00,5,5,20,6,5,420,218.0,RN88,,,Crépuscule ou aube,Hors agglomération,Hors intersection,Normale,Autre collision,,,,,,,,,,,2,1,1,1,6
200500032049,0005-05-25 19:15:00,5,5,25,19,15,420,218.0,RN88,,,Plein jour,Hors agglomération,Hors intersection,Normale,Autre collision,,,,,,,,,,,1,1,1,1,6
200500032050,0005-05-27 12:50:00,5,5,27,12,50,420,183.0,RN88,,,Plein jour,Hors agglomération,Hors intersection,Normale,Deux véhicules - arrière,,,,,,,,,,,1,1,1,1,2
200500032051,0005-05-03 17:55:00,5,5,3,17,55,690,81.0,BPNL,,,Plein jour,Hors agglomération,Hors intersection,Normale,Deux véhicules - arrière,,,,,,,,,,,1,1,1,1,2
200500032052,0005-05-13 11:45:00,5,5,13,11,45,690,259.0,BUS (RD301),,,Plein jour,Hors agglomération,Hors intersection,Normale,Sans collision,,,,,,,,,,,1,1,1,1,7
200500032053,0005-05-01 05:10:00,5,5,1,5,10,380,487.0,A7,,,Nuit sans éclairage public,Hors agglomération,Hors intersection,Normale,Autre collision,,,,,,,,,,,3,1,1,1,6
200500032054,0005-05-04 11:20:00,5,5,4,11,20,380,449.0,A43,,,Plein jour,Hors agglomération,Hors intersection,Vent fort / tempête,Autre collision,,,,,,,,,,,1,1,1,6,6
200500032055,0005-05-01 12:55:00,5,5,1,12,55,690,295.0,A46S,,,Plein jour,Hors agglomération,Hors intersection,Normale,Autre collision,,,,,,,,,,,1,1,1,1,6
200500032056,0005-05-01 13:20:00,5,5,1,13,20,690,81.0,A6,,,Plein jour,Hors agglomération,Hors intersection,Normale,Sans collision,,,,,,,,,,,1,1,1,1,7
200500032057,0005-05-01 15:05:00,5,5,1,15,5,690,287.0,A43,,,Plein jour,Hors agglomération,Hors intersection,Normale,Autre collision,,,,,,,,,,,1,1,1,1,6
200500032058,0005-05-02 07:15:00,5,5,2,7,15,690,29.0,RN383,,,Plein jour,Hors agglomération,Hors intersection,Normale,Deux véhicules - arrière,,,,,,,,,,,1,1,1,1,2
200500032059,0005-05-02 13:30:00,5,5,2,13,30,690,266.0,A46N,,,Plein jour,Hors agglomération,Hors intersection,Normale,Autre collision,,,,,,,,,,,1,1,1,1,6
200500032060,0005-05-02 14:36:00,5,5,2,14,36,380,487.0,A7,,,Plein jour,Hors agglomération,Hors intersection,Normale,Deux véhicules - arrière,,,,,,,,,,,1,1,1,1,2
200500032061,0005-05-04 08:10:00,5,5,4,8,10,690,199.0,RN383,,,Plein jour,Hors agglomération,Hors intersection,Normale,Sans collision,,,,,,,,,,,1,1,1,1,7
200500032062,0005-05-04 14:20:00,5,5,4,14,20,380,449.0,A43,,,Plein jour,Hors agglomération,Hors intersection,Normale,Autre collision,,,,,,,,,,,1,1,1,1,6
200500032063,0005-05-07 03:40:00,5,5,7,3,40,690,256.0,A42,,,Nuit avec éclairage allumé,Hors agglomération,Autre intersection,Temps couvert,Autre collision,,,,,,,,,,,5,1,9,8,6
200500032064,0005-05-08 09:10:00,5,5,8,9,10,380,87.0,A7,,,Plein jour,Hors agglomération,Hors intersection,Normale,Deux véhicules - arrière,,,,,,,,,,,1,1,1,1,2
200500032065,0005-05-09 15:40:00,5,5,9,15,40,380,544.0,RN7,,,Plein jour,Hors agglomération,Hors intersection,Normale,Autre collision,,,,,,,,,,,1,1,1,1,6
200500032066,0005-05-13 22:50:00,5,5,13,22,50,690,199.0,A7,,,Nuit avec éclairage allumé,Hors agglomération,Hors intersection,Normale,Autre collision,,,,,,,,,,,5,1,1,1,6
200500032067,0005-05-14 01:30:00,5,5,14,1,30,690,199.0,A7,,,Nuit avec éclairage allumé,Hors agglomération,Hors intersection,Normale,Deux véhicules - arrière,,,,,,,,,,,5,1,1,1,2
200500032068,0005-05-14 14:10:00,5,5,14,14,10,690,91.0,A47,,,Plein jour,Hors agglomération,Hors intersection,Normale,Sans collision,,,,,,,,,,,1,1,1,1,7
200500032069,0005-05-10 16:15:00,5,5,10,16,15,690,297.0,A47,,,Plein jour,Hors agglomération,Hors intersection,Normale,Deux véhicules - côté,,,,,,,,,,,1,1,1,1,3
200500032070,0005-05-11 11:47:00,5,5,11,11,47,690,389.0,BPNL,,,Plein jour,Hors agglomération,Hors intersection,Normale,Autre collision,,,,,,,,,,,1,1,1,1,6
200500032071,0005-05-15 11:30:00,5,5,15,11,30,690,199.0,A7,,,Plein jour,Hors agglomération,Hors intersection,Normale,Sans collision,,,,,,,,,,,1,1,1,1,7
200500032072,0005-05-15 15:35:00,5,5,15,15,35,690,266.0,A42,,,Plein jour,Hors agglomération,Autre intersection,Normale,Sans collision,,,,,,,,,,,1,1,9,1,7
200500032073,0005-05-17 08:40:00,5,5,17,8,40,690,259.0,RN383,,,Plein jour,Hors agglomération,Hors intersection,Normale,Trois véhicules et plus - en chaîne,,,,,,,,,,,1,1,1,1,4
200500032074,0005-05-17 17:30:00,5,5,17,17,30,690,199.0,RN383,,,Plein jour,Hors agglomération,Hors intersection,Normale,Deux véhicules - côté,,,,,,,,,,,1,1,1,1,3
200500032075,0005-05-17 21:30:00,5,5,17,21,30,690,256.0,A42,,,Crépuscule ou aube,Hors agglomération,Hors intersection,Normale,Sans collision,,,,,,,,,,,2,1,1,1,7
200500032076,0005-05-18 11:50:00,5,5,18,11,50,690,275.0,RN346,,,Plein jour,Hors agglomération,Hors intersection,Normale,Deux véhicules - côté,,,,,,,,,,,1,1,1,1,3
200500032077,0005-05-19 07:05:00,5,5,19,7,5,690,266.0,RN383,,,Crépuscule ou aube,Hors agglomération,Hors intersection,Normale,Trois véhicules et plus - collisions multiples,,,,,,,,,,,2,1,1,1,5
200500032078,0005-05-19 08:00:00,5,5,19,8,0,690,199.0,RN383,,,Plein jour,Hors agglomération,Hors intersection,Normale,Deux véhicules - arrière,,,,,,,,,,,1,1,1,1,2
200500032079,0005-05-19 11:10:00,5,5,19,11,10,690,266.0,RN383,,,Plein jour,Hors agglomération,Hors intersection,Normale,Autre collision,,,,,,,,,,,1,1,1,1,6
200500032080,0005-05-19 18:00:00,5,5,19,18,0,690,81.0,BPNL,,,Plein jour,Hors agglomération,Hors intersection,Normale,Deux véhicules - arrière,,,,,,,,,,,1,1,1,1,2
200500032081,0005-05-21 13:25:00,5,5,21,13,25,690,266.0,RN383,,,Plein jour,Hors agglomération,Hors intersection,Normale,Deux véhicules - arrière,,,,,,,,,,,1,1,1,1,2
200500032082,0005-05-22 01:10:00,5,5,22,1,10,380,449.0,A43,,,Nuit sans éclairage public,Hors agglomération,Hors intersection,Pluie légère,Sans collision,,,,,,,,,,,3,1,1,2,7
200500032083,0005-05-25 07:45:00,5,5,25,7,45,690,297.0,A7,,,Plein jour,Hors agglomération,Hors intersection,Normale,Autre collision,,,,,,,,,,,1,1,1,1,6
200500032084,0005-05-13 16:55:00,5,5,13,16,55,690,29.0,RN383,,,Plein jour,Hors agglomération,Hors intersection,Normale,Trois véhicules et plus - en chaîne,,,,,,,,,,,1,1,1,1,4
200500032085,0005-05-27 17:00:00,5,5,27,17,0,690,382.0,A7,,,Plein jour,Hors agglomération,Hors intersection,Normale,Trois véhicules et plus - en chaîne,,,,,,,,,,,1,1,1,1,4
200500032086,0005-05-27 17:20:00,5,5,27,17,20,690,29.0,A43,,,Plein jour,Hors agglomération,Hors intersection,Normale,Deux véhicules - arrière,,,,,,,,,,,1,1,1,1,2
200500032087,0005-05-28 05:15:00,5,5,28,5,15,690,295.0,A46S,,,Nuit sans éclairage public,Hors agglomération,Hors intersection,Normale,Autre collision,,,,,,,,,,,3,1,1,1,6
200500032088,0005-05-28 17:50:00,5,5,28,17,50,690,29.0,RN383,,,Plein jour,Hors agglomération,Hors intersection,Normale,Sans collision,,,,,,,,,,,1,1,1,1,7
200500032089,0005-05-29 19:00:00,5,5,29,19,0,690,256.0,A42,,,Plein jour,Hors agglomération,Hors intersection,Normale,Deux véhicules - arrière,,,,,,,,,,,1,1,1,1,2
200500032090,0005-05-30 12:45:00,5,5,30,12,45,690,266.0,A46N,,,Plein jour,Hors agglomération,Hors intersection,Pluie légère,Autre collision,,,,,,,,,,,1,1,1,2,6
200500032091,0005-05-30 15:20:00,5,5,30,15,20,690,125.0,A6,,,Plein jour,Hors agglomération,Hors intersection,Temps couvert,Deux véhicules - arrière,,,,,,,,,,,1,1,1,8,2
200500032092,0005-05-30 16:25:00,5,5,30,16,25,690,288.0,A43,,,Plein jour,Hors agglomération,Hors intersection,Pluie légère,Deux véhicules - côté,,,,,,,,,,,1,1,1,2,3
200500032093,0005-05-30 17:50:00,5,5,30,17,50,690,290.0,A46S,,,Plein jour,Hors agglomération,Intersection à plus de 4 branches,Normale,Trois véhicules et plus - collisions multiples,,,,,,,,,,,1,1,5,1,5
200500032094,0005-05-06 12:50:00,5,5,6,12,50,690,389.0,"0.000, DUCHERE (DE LA)",,,Plein jour,En agglomération,Intersection en X,Normale,Deux véhicules - côté,,,,,,,,,,,1,2,2,1,3
200500032095,0005-05-12 19:35:00,5,5,12,19,35,690,389.0,"29, ARLOING",,,Plein jour,En agglomération,Hors intersection,Pluie légère,Deux véhicules - côté,,,,,,,,,,,1,2,1,2,3
200500032096,0005-05-13 11:30:00,5,5,13,11,30,690,389.0,"0.000, PAUL SEDAILLIAN",,,Plein jour,En agglomération,Intersection en T,Normale,Deux véhicules - côté,,,,,,,,,,,1,2,3,1,3
200500032097,0005-05-13 22:25:00,5,5,13,22,25,690,389.0,"0.000, JOANNES MASSET",,,Nuit avec éclairage allumé,En agglomération,Intersection en X,Normale,Deux véhicules - côté,,,,,,,,,,,5,2,2,1,3
200500032098,0005-05-16 15:08:00,5,5,16,15,8,690,389.0,"50, ST CYR (DE)",,,Plein jour,En agglomération,Hors intersection,Normale,Autre collision,,,,,,,,,,,1,2,1,1,6
200500032099,0005-05-01 22:30:00,5,5,1,22,30,830,62.0,A57,,,Nuit sans éclairage public,Hors agglomération,Hors intersection,Normale,Sans collision,,,,,,,,,,,3,1,1,1,7
200500032100,0005-05-05 12:00:00,5,5,5,12,0,830,123.0,A50,,,Plein jour,Hors agglomération,Hors intersection,Normale,Autre collision,,,,,,,,,,,1,1,1,1,6
200500032101,0005-05-06 17:46:00,5,5,6,17,46,830,123.0,A50,,,Plein jour,Hors agglomération,Hors intersection,Vent fort / tempête,Autre collision,,,,,,,,,,,1,1,1,6,6
200500032102,0005-05-01 15:30:00,5,5,1,15,30,130,55.0,S10CD-Sens Aubagne vers,,,Plein jour,Hors agglomération,Autre intersection,Normale,Deux véhicules - arrière,,,,,,,,,,,1,1,9,1,2
200500032103,0005-05-01 19:45:00,5,5,1,19,45,130,106.0,A7-Sens Lyon vers Marsei,,,Plein jour,Hors agglomération,Hors intersection,Normale,Trois véhicules et plus - en chaîne,,,,,,,,,,,1,1,1,1,4
200500032104,0005-05-05 22:30:00,5,5,5,22,30,130,55.0,A55-Sens Marseille vers,,,Plein jour,Hors agglomération,Autre intersection,Normale,Sans collision,,,,,,,,,,,1,1,9,1,7
200500032105,0005-05-05 21:40:00,5,5,5,21,40,130,55.0,A7-Sens Lyon vers Marsei,,,Nuit sans éclairage public,Hors agglomération,Hors intersection,Normale,Trois véhicules et plus - en chaîne,,,,,,,,,,,3,1,1,1,4
200500032106,0005-05-08 19:45:00,5,5,8,19,45,130,15.0,A515CD-Gardanne vers A51,,,Plein jour,Hors agglomération,Hors intersection,Normale,Sans collision,,,,,,,,,,,1,1,1,1,7
200500032107,0005-05-07 06:10:00,5,5,7,6,10,130,70.0,A50-Sens Aubagne vers Ma,,,Crépuscule ou aube,Hors agglomération,Hors intersection,Normale,Deux véhicules - arrière,,,,,,,,,,,2,1,1,1,2
200500032108,0005-05-12 23:15:00,5,5,12,23,15,130,55.0,A7-Sens Marseille vers L,,,Nuit sans éclairage public,Hors agglomération,Hors intersection,Normale,Deux véhicules - frontale,,,,,,,,,,,3,1,1,1,1
200500032109,0005-05-14 00:40:00,5,5,14,0,40,130,106.0,A51-Sens Aix en Provence,,,Nuit sans éclairage public,Hors agglomération,Hors intersection,Normale,Autre collision,,,,,,,,,,,3,1,1,1,6
200500032110,0005-05-13 18:00:00,5,5,13,18,0,130,55.0,A7-Sens Marseille vers L,,,Plein jour,Hors agglomération,Hors intersection,Normale,Deux véhicules - côté,,,,,,,,,,,1,1,1,1,3
200500032111,0005-05-04 14:30:00,5,5,4,14,30,130,55.0,A7-Sens Lyon vers Marsei,,,Plein jour,Hors agglomération,Hors intersection,Normale,Deux véhicules - arrière,,,,,,,,,,,1,1,1,1,2
200500032112,0005-05-15 05:55:00,5,5,15,5,55,130,71.0,A7-Sens Lyon vers Marsei,,,Crépuscule ou aube,Hors agglomération,Hors intersection,Normale,Sans collision,,,,,,,,,,,2,1,1,1,7
200500032113,0005-05-15 21:45:00,5,5,15,21,45,130,33.0,A55-Sens Martigues vers,,,Nuit sans éclairage public,Hors agglomération,Hors intersection,Normale,Autre collision,,,,,,,,,,,3,1,1,1,6
200500032114,0005-05-15 23:48:00,5,5,15,23,48,130,71.0,A7-Sens Lyon vers Marsei,,,Nuit sans éclairage public,Hors agglomération,Autre intersection,Normale,Sans collision,,,,,,,,,,,3,1,9,1,7
200500032115,0005-05-16 11:55:00,5,5,16,11,55,130,55.0,A557-Liaison A7 Marseill,,,Plein jour,Hors agglomération,Hors intersection,Normale,Autre collision,,,,,,,,,,,1,1,1,1,6
200500032116,0005-05-16 13:00:00,5,5,16,13,0,130,117.0,A7-Sens Marseille vers L,,,Plein jour,Hors agglomération,Autre intersection,Normale,Sans collision,,,,,,,,,,,1,1,9,1,7
200500032117,0005-05-16 20:05:00,5,5,16,20,5,130,85.0,A50-Sens Toulon vers Aub,,,Crépuscule ou aube,Hors agglomération,Hors intersection,Normale,Autre collision,,,,,,,,,,,2,1,1,1,6
200500032118,0005-05-16 23:30:00,5,5,16,23,30,130,1.0,A51-Sens Aix en Provence,,,Nuit avec éclairage allumé,Hors agglomération,Hors intersection,Normale,Sans collision,,,,,,,,,,,5,1,1,1,7
200500032119,0005-05-17 17:40:00,5,5,17,17,40,130,56.0,A55-Sens Marseille vers,,,Plein jour,Hors agglomération,Hors intersection,Pluie forte,Deux véhicules - côté,,,,,,,,,,,1,1,1,3,3
200500032120,0005-05-17 20:06:00,5,5,17,20,6,130,5.0,A50-Sens Marseille vers,,,Crépuscule ou aube,Hors agglomération,Hors intersection,Pluie légère,Autre collision,,,,,,,,,,,2,1,1,2,6
200500032121,0005-05-17 12:58:00,5,5,17,12,58,130,55.0,A55-Sens Marseille vers,,,Plein jour,Hors agglomération,Hors intersection,Pluie forte,Autre collision,,,,,,,,,,,1,1,1,3,6
200500032122,0005-05-17 15:30:00,5,5,17,15,30,130,56.0,A55-Sens Marseille vers,,,Plein jour,Hors agglomération,Hors intersection,Pluie forte,Deux véhicules - côté,,,,,,,,,,,1,1,1,3,3
200500032123,0005-05-17 17:36:00,5,5,17,17,36,130,71.0,A7-Sens Lyon vers Marsei,,,Plein jour,Hors agglomération,Hors intersection,Pluie forte,Autre collision,,,,,,,,,,,1,1,1,3,6
200500032124,0005-05-20 14:21:00,5,5,20,14,21,130,56.0,A55-Sens Martigues vers,,,Plein jour,Hors agglomération,Hors intersection,Normale,Deux véhicules - côté,,,,,,,,,,,1,1,1,1,3
200500032125,0005-05-21 02:15:00,5,5,21,2,15,130,70.0,A50-Sens Aubagne vers Ma,,,Nuit sans éclairage public,Hors agglomération,Hors intersection,Normale,Sans collision,,,,,,,,,,,3,1,1,1,7
200500032126,0005-05-21 05:10:00,5,5,21,5,10,130,71.0,A7-Sens Lyon vers Marsei,,,Nuit avec éclairage allumé,Hors agglomération,Hors intersection,Normale,Deux véhicules - arrière,,,,,,,,,,,5,1,1,1,2
200500032127,0005-05-22 03:33:00,5,5,22,3,33,130,55.0,A7-Sens Lyon vers Marsei,,,Nuit avec éclairage allumé,Hors agglomération,Hors intersection,Normale,Autre collision,,,,,,,,,,,5,1,1,1,6
200500032128,0005-05-23 07:20:00,5,5,23,7,20,130,55.0,A50-Sens Marseille vers,,,Crépuscule ou aube,Hors agglomération,Hors intersection,Normale,Deux véhicules - arrière,,,,,,,,,,,2,1,1,1,2
200500032129,0005-05-24 18:10:00,5,5,24,18,10,130,56.0,A55-Sens Marseille vers,,,Plein jour,Hors agglomération,Hors intersection,Normale,Deux véhicules - arrière,,,,,,,,,,,1,1,1,1,2
200500032130,0005-05-25 18:15:00,5,5,25,18,15,130,55.0,A55-Sens Marseille vers,,,Plein jour,Hors agglomération,Autre intersection,Normale,Sans collision,,,,,,,,,,,1,1,9,1,7
200500032131,0005-05-25 19:45:00,5,5,25,19,45,130,81.0,A7-Sens Marseille vers L,,,Plein jour,Hors agglomération,Hors intersection,Normale,Autre collision,,,,,,,,,,,1,1,1,1,6
200500032132,0005-05-25 18:25:00,5,5,25,18,25,130,28.0,A50-Sens Aubagne vers To,,,Plein jour,Hors agglomération,Hors intersection,Normale,Deux véhicules - côté,,,,,,,,,,,1,1,1,1,3
200500032133,0005-05-26 21:20:00,5,5,26,21,20,130,1.0,A51-Sens Marseille vers,,,Nuit sans éclairage public,Hors agglomération,Hors intersection,Normale,Autre collision,,,,,,,,,,,3,1,1,1,6
200500032134,0005-05-28 00:16:00,5,5,28,0,16,130,71.0,A55-Sens Martigues vers,,,Nuit sans éclairage public,Hors agglomération,Hors intersection,Normale,Deux véhicules - arrière,,,,,,,,,,,3,1,1,1,2
200500032135,0005-05-28 11:20:00,5,5,28,11,20,130,55.0,A7-Sens Lyon vers Marsei,,,Plein jour,Hors agglomération,Hors intersection,Normale,Deux véhicules - arrière,,,,,,,,,,,1,1,1,1,2
200500032136,0005-05-28 15:40:00,5,5,28,15,40,130,55.0,A7-Sens Lyon vers Marsei,,,Plein jour,Hors agglomération,Hors intersection,Normale,Deux véhicules - arrière,,,,,,,,,,,1,1,1,1,2
200500032137,0005-05-30 00:01:00,5,5,30,0,1,130,71.0,A55-Sens Martigues vers,,,Nuit sans éclairage public,Hors agglomération,Hors intersection,Normale,Deux véhicules - arrière,,,,,,,,,,,3,1,1,1,2
200500032138,0005-05-30 08:35:00,5,5,30,8,35,130,26.0,A55-Sens Marseille vers,,,Plein jour,Hors agglomération,Hors intersection,Normale,Autre collision,,,,,,,,,,,1,1,1,1,6
200500032139,0005-05-30 08:38:00,5,5,30,8,38,130,55.0,A55-Sens Martigues vers,,,Plein jour,Hors agglomération,Hors intersection,Normale,Trois véhicules et plus - en chaîne,,,,,,,,,,,1,1,1,1,4
200500032140,0005-05-31 17:30:00,5,5,31,17,30,130,56.0,A55-Sens Marseille vers,,,Plein jour,Hors agglomération,Hors intersection,Normale,Deux véhicules - arrière,,,,,,,,,,,1,1,1,1,2
200500032141,0005-04-04 18:00:00,5,4,4,18,0,690,299.0,,,,Plein jour,Hors agglomération,Hors intersection,Normale,Deux véhicules - frontale,,,,,,,,,,,1,1,1,1,1
200500032142,0005-05-05 19:35:00,5,5,5,19,35,170,415.0,NATIONAL 69 A FIN ET 46,,,Plein jour,En agglomération,Intersection en T,Normale,Deux véhicules - frontale,,,,,,,,,,,1,2,3,1,1
200500032143,0005-05-07 19:30:00,5,5,7,19,30,170,415.0,SAINTONGE A10 A ROCADE O,,,Plein jour,En agglomération,Hors intersection,Normale,Deux véhicules - côté,,,,,,,,,,,1,2,1,1,3
200500032144,0005-05-10 17:10:00,5,5,10,17,10,170,415.0,DICONCHE,,,Plein jour,Hors agglomération,Giratoire,Normale,Deux véhicules - côté,,,,,,,,,,,1,1,6,1,3
200500032145,0005-05-27 09:45:00,5,5,27,9,45,170,415.0,", LEMERCIER COURS",,,Plein jour,En agglomération,Hors intersection,Normale,Deux véhicules - côté,,,,,,,,,,,1,2,1,1,3
200500032146,0005-05-29 11:20:00,5,5,29,11,20,170,415.0,REVERSEAUX 2 A 46 ET 1 E,,,Plein jour,En agglomération,,Normale,Trois véhicules et plus - collisions multiples,,,,,,,,,,,1,2,0,1,5
200500032147,0005-05-29 18:30:00,5,5,29,18,30,170,415.0,ARCIVAUX PLACE DES,,,Plein jour,En agglomération,Hors intersection,Normale,Deux véhicules - côté,,,,,,,,,,,1,2,1,1,3