accident_id,datetime,annee,mois,jour,heure,minute,departement,commune_insee,adresse,latitude,longitude,luminosite,agglomeration,intersection,meteo,collision,nb_vehicules,nb_usagers,nb_indemnes,nb_tues,nb_blesses_hosp,nb_blesses_legers,age_cond_1,age_cond_2,veh_type_cond_1,veh_type_cond_2,lum_code,agg_code,int_code,atm_code,col_code
200500032148,0005-03-25 07:45:00,5,3,25,7,45,420,299.0,D496,,,Plein jour,Hors agglomération,Hors intersection,Brouillard / fumée,Deux véhicules - côté,,,,,,,,,,,1,1,1,5,3
200500032149,0005-05-04 08:28:00,5,5,4,8,28,420,147.0,"18, CHAVASSIEU (BOULEVAR",,,Plein jour,En agglomération,Hors intersection,Normale,Deux véhicules - arrière,,,,,,,,,,,1,2,1,1,2
200500032150,0005-05-09 17:05:00,5,5,9,17,5,420,147.0,BRAILLE (RUE LOUIS),,,Plein jour,En agglomération,,Normale,Autre collision,,,,,,,,,,,1,2,0,1,6
200500032151,0005-05-21 17:05:00,5,5,21,17,5,590,327.0,"25, SADI CARNOT (RUE)",,,Plein jour,En agglomération,Intersection en Y,Normale,Autre collision,,,,,,,,,,,1,2,4,1,6
200500032152,0005-05-14 12:10:00,5,5,14,12,10,770,284.0,"1, GALLIENI (AVENUE)",,,Plein jour,En agglomération,Hors intersection,Pluie légère,Sans collision,,,,,,,,,,,1,2,1,2,7
200500032153,0005-04-05 14:22:00,5,4,5,14,22,790,329.0,"35, PIERRE CURIE (BOULEV",,,Plein jour,En agglomération,Hors intersection,Normale,Autre collision,,,,,,,,,,,1,2,1,1,6
200500032154,0005-04-19 15:30:00,5,4,19,15,30,790,329.0,JEU DE PAUME (RUE DU),,,Plein jour,En agglomération,Place,Temps couvert,Sans collision,,,,,,,,,,,1,2,7,8,7
200500032155,0005-05-03 19:29:00,5,5,3,19,29,790,329.0,SAINT VARENT (ROUTE DE),,,Plein jour,En agglomération,Intersection en X,Temps couvert,Deux véhicules - côté,,,,,,,,,,,1,2,2,8,3
200500032156,0005-05-24 01:00:00,5,5,24,1,0,830,69.0,"45, CAWELL (AVENUE EDITH",,,Nuit avec éclairage allumé,En agglomération,Intersection en X,Normale,Autre collision,,,,,,,,,,,5,2,2,1,6
200500032157,0005-05-19 19:00:00,5,5,19,19,0,830,69.0,ALMANARRE (ROUTE DE L'),,,Plein jour,Hors agglomération,Hors intersection,Normale,Deux véhicules - côté,,,,,,,,,,,1,1,1,1,3
200500032158,0005-05-06 11:30:00,5,5,6,11,30,830,69.0,LOUBES (ROUTE DES),,,Plein jour,Hors agglomération,Hors intersection,Normale,Deux véhicules - frontale,,,,,,,,,,,1,1,1,1,1
200500032159,0005-05-30 19:30:00,5,5,30,19,30,830,69.0,"995, ABLETTES ( ALLEE DE",,,Plein jour,En agglomération,Hors intersection,Normale,Autre collision,,,,,,,,,,,1,2,1,1,6
200500032160,0005-02-20 03:05:00,5,2,20,3,5,910,377.0,"fin de rue, DIVISION LEC",,,Nuit avec éclairage allumé,En agglomération,Hors intersection,Pluie légère,Autre collision,,,,,,,,,,,5,2,1,2,6
200500032161,0005-03-18 13:20:00,5,3,18,13,20,940,65.0,FRESNES (AV DE),,,Plein jour,En agglomération,Hors intersection,Normale,Deux véhicules - frontale,,,,,,,,,,,1,2,1,1,1
200500032162,0005-03-12 17:45:00,5,3,12,17,45,940,34.0,"38, EMILE ZOLA (R)",,,Plein jour,En agglomération,Hors intersection,Normale,Trois véhicules et plus - en chaîne,,,,,,,,,,,1,2,1,1,4
200500032163,0005-05-07 15:20:00,5,5,7,15,20,940,65.0,FONTAINEBLEAU - CAR BELL,,,Plein jour,En agglomération,Hors intersection,Normale,Autre collision,,,,,,,,,,,1,2,1,1,6
200500032164,0005-05-27 18:00:00,5,5,27,18,0,940,21.0,porte de Thiais,,,Plein jour,En agglomération,,Autre,Trois véhicules et plus - collisions multiples,,,,,,,,,,,1,2,0,9,5
200500032165,0005-04-29 08:00:00,5,4,29,8,0,940,52.0,PIERRE BROSSOLETTE (AV),,,Plein jour,En agglomération,,Normale,Deux véhicules - côté,,,,,,,,,,,1,2,0,1,3
200500032166,0005-05-01 23:30:00,5,5,1,23,30,940,52.0,LAMARTINE (AV),,,Nuit avec éclairage allumé,En agglomération,Intersection en X,Normale,Deux véhicules - côté,,,,,,,,,,,5,2,2,1,3
200500032167,0005-05-04 17:50:00,5,5,4,17,50,940,42.0,"89, GABRIEL PERI (QU)",,,Plein jour,En agglomération,,Pluie légère,Autre collision,,,,,,,,,,,1,2,0,2,6
200500032168,0005-05-07 17:30:00,5,5,7,17,30,940,42.0,GENERAL GALLIENI - PONT,,,Plein jour,En agglomération,Intersection à plus de 4 branches,Normale,Deux véhicules - côté,,,,,,,,,,,1,2,5,1,3
200500032169,0005-05-08 20:30:00,5,5,8,20,30,940,52.0,CHARLES DE GAULLE (GRAND,,,Crépuscule ou aube,En agglomération,Intersection en T,Autre,Deux véhicules - côté,,,,,,,,,,,2,2,3,9,3
200500032170,0005-05-10 15:15:00,5,5,10,15,15,940,42.0,BARRAGE (QU DU),,,Plein jour,En agglomération,Intersection en X,Normale,Deux véhicules - côté,,,,,,,,,,,1,2,2,1,3
200500032171,0005-05-16 13:00:00,5,5,16,13,0,940,52.0,STRASBOURG (BD DE),,,Plein jour,En agglomération,Autre intersection,Normale,Autre collision,,,,,,,,,,,1,2,9,1,6
200500032172,0005-05-17 22:15:00,5,5,17,22,15,940,42.0,"54, GENERAL GALLIENI (AV",,,Nuit avec éclairage allumé,En agglomération,Hors intersection,Normale,Autre collision,,,,,,,,,,,5,2,1,1,6
200500032173,0005-05-25 18:00:00,5,5,25,18,0,940,52.0,ALBERT 1ER (BD),,,Plein jour,En agglomération,Hors intersection,Pluie légère,Autre collision,,,,,,,,,,,1,2,1,2,6
200500032174,0005-05-24 08:00:00,5,5,24,8,0,940,42.0,BOIS DES JONCS MARINS (R,,,Plein jour,En agglomération,Hors intersection,Normale,Deux véhicules - frontale,,,,,,,,,,,1,2,1,1,1
200500032175,0005-05-27 19:50:00,5,5,27,19,50,940,52.0,"8, ARTOIS (QU D)",,,Plein jour,En agglomération,Hors intersection,Normale,Autre collision,,,,,,,,,,,1,2,1,1,6
200500032176,0005-02-12 17:35:00,5,2,12,17,35,940,67.0,"52, GENERAL DE GAULLE (A",,,Plein jour,En agglomération,Hors intersection,Normale,Autre collision,,,,,,,,,,,1,2,1,1,6
200500032177,0005-02-16 17:35:00,5,2,16,17,35,940,67.0,"64, MINIMES (AV DES)",,,Plein jour,En agglomération,Hors intersection,Normale,Autre collision,,,,,,,,,,,1,2,1,1,6
200500032178,0005-02-16 21:00:00,5,2,16,21,0,940,67.0,FOCH (AV),,,Nuit avec éclairage allumé,En agglomération,Intersection en X,Normale,Deux véhicules - frontale,,,,,,,,,,,5,2,2,1,1
200500032179,0005-02-21 21:30:00,5,2,21,21,30,940,80.0,CHATEAU (AV DU),,,Nuit avec éclairage non allumé,En agglomération,Hors intersection,Normale,Autre collision,,,,,,,,,,,4,2,1,1,6
200500032180,0005-02-23 08:00:00,5,2,23,8,0,940,67.0,"01, PASTEUR (AV)",,,Plein jour,En agglomération,Hors intersection,Neige / grêle,Deux véhicules - côté,,,,,,,,,,,1,2,1,4,3
200500032181,0005-03-07 14:50:00,5,3,7,14,50,940,80.0,"57, PARIS (AV DE)",,,Plein jour,En agglomération,Intersection en T,Pluie légère,Deux véhicules - frontale,,,,,,,,,,,1,2,3,2,1
200500032182,0005-03-10 20:30:00,5,3,10,20,30,940,67.0,"41, JOFFRE (AV)",,,Crépuscule ou aube,En agglomération,Intersection en X,Normale,Autre collision,,,,,,,,,,,2,2,2,1,6
200500032183,0005-03-11 08:00:00,5,3,11,8,0,940,80.0,"170, FONTENAY (R DE)",,,Plein jour,En agglomération,Hors intersection,Normale,Autre collision,,,,,,,,,,,1,2,1,1,6
200500032184,0005-03-18 14:25:00,5,3,18,14,25,690,387.0,JEAN JAURES,,,Plein jour,En agglomération,Intersection en X,Normale,Deux véhicules - côté,,,,,,,,,,,1,2,2,1,3
200500032185,0005-03-19 12:00:00,5,3,19,12,0,690,387.0,TONY GARNIER,,,Plein jour,En agglomération,Intersection en X,Normale,Deux véhicules - côté,,,,,,,,,,,1,2,2,1,3
200500032186,0005-03-20 19:50:00,5,3,20,19,50,690,387.0,"81, TONY GARNIER",,,Nuit avec éclairage allumé,En agglomération,Hors intersection,Normale,Sans collision,,,,,,,,,,,5,2,1,1,7
200500032187,0005-03-29 12:20:00,5,3,29,12,20,690,387.0,"82, DEBOURG",,,Plein jour,En agglomération,Hors intersection,Normale,Autre collision,,,,,,,,,,,1,2,1,1,6
200500032188,0005-02-24 02:48:00,5,2,24,2,48,690,387.0,BEGUIN (DU),,,Nuit avec éclairage allumé,En agglomération,Intersection en X,Pluie légère,Autre collision,,,,,,,,,,,5,2,2,2,6
200500032189,0005-02-19 20:40:00,5,2,19,20,40,690,389.0,".000, SAUVEGARDE (DE LA)",,,Nuit avec éclairage allumé,En agglomération,Hors intersection,Neige / grêle,Autre collision,,,,,,,,,,,5,2,1,4,6
200500032190,0005-02-26 00:20:00,5,2,26,0,20,690,389.0,"17, COMMERCE (DU)",,,Nuit avec éclairage allumé,En agglomération,,Normale,Trois véhicules et plus - collisions multiples,,,,,,,,,,,5,2,0,1,5
200500032191,0005-06-26 14:15:00,5,6,26,14,15,10,53.0,PLAN ( CHEMIN DU ),,,Plein jour,Hors agglomération,Hors intersection,Normale,Autre collision,,,,,,,,,,,1,1,1,1,6
200500032192,0005-06-02 23:10:00,5,6,2,23,10,10,53.0,KENNEDY BVD J  - PAIR ),,,Nuit avec éclairage allumé,En agglomération,Intersection en X,Normale,Deux véhicules - arrière,,,,,,,,,,,5,2,2,1,2
200500032193,0005-06-02 14:20:00,5,6,2,14,20,10,53.0,"SANS, EST ( ALLEE)",,,Plein jour,En agglomération,Intersection en X,Normale,Deux véhicules - côté,,,,,,,,,,,1,2,2,1,3
200500032194,0005-06-09 08:55:00,5,6,9,8,55,10,53.0,"158B, BROU ( BD N°192 A",,,Plein jour,En agglomération,Hors intersection,Normale,Autre collision,,,,,,,,,,,1,2,1,1,6
200500032195,0005-06-15 15:55:00,5,6,15,15,55,10,53.0,HERRIOT ( BOULEVARD EDOU,,,Plein jour,En agglomération,Intersection en T,Normale,Deux véhicules - côté,,,,,,,,,,,1,2,3,1,3
200500032196,0005-06-25 15:17:00,5,6,25,15,17,10,289.0,"sans n, CHARTREUSE (RUE",,,Plein jour,Hors agglomération,Intersection en T,Normale,Deux véhicules - côté,,,,,,,,,,,1,1,3,1,3
200500032197,0005-06-03 14:10:00,5,6,3,14,10,940,54.0,RTE HANGAR N°6,,,Plein jour,Hors agglomération,Autre intersection,Pluie légère,Sans collision,,,,,,,,,,,1,1,9,2,7
200500032198,0005-06-30 13:40:00,5,6,30,13,40,940,54.0,AEROGARE OUEST VERS PARI,,,Plein jour,Hors agglomération,Hors intersection,Normale,Autre collision,,,,,,,,,,,1,1,1,1,6
200500032199,0005-06-08 10:55:00,5,6,8,10,55,10,283.0,MICHELET ( RUE DU 0 AU 3,,,Plein jour,En agglomération,Intersection en T,Normale,Deux véhicules - côté,,,,,,,,,,,1,2,3,1,3
200500032200,0005-06-08 13:20:00,5,6,8,13,20,10,283.0,"2, CONDAMINES (RUE DES)",,,Plein jour,En agglomération,Hors intersection,Normale,Autre collision,,,,,,,,,,,1,2,1,1,6
200500032201,0005-06-10 23:45:00,5,6,10,23,45,20,691.0,"0, ARC (RUE JEANNE D')",,,Nuit avec éclairage allumé,En agglomération,Intersection en T,Normale,Autre collision,,,,,,,,,,,5,2,3,1,6
200500032202,0005-06-14 14:10:00,5,6,14,14,10,20,691.0,"24, BELLEVUE (RUE DE)",,,Plein jour,En agglomération,Hors intersection,Normale,Autre collision,,,,,,,,,,,1,2,1,1,6
200500032203,0005-06-04 10:35:00,5,6,4,10,35,20,691.0,"47, PERI (RUE GABRIEL)",,,Plein jour,En agglomération,Hors intersection,Normale,Autre collision,,,,,,,,,,,1,2,1,1,6
200500032204,0005-06-17 11:30:00,5,6,17,11,30,20,691.0,"19, GOUVERNEMENT (RUE DU",,,Plein jour,En agglomération,Hors intersection,Normale,Autre collision,,,,,,,,,,,1,2,1,1,6
200500032205,0005-06-19 02:20:00,5,6,19,2,20,20,722.0,DOCTEUR ROY ( RUE ),,,Nuit avec éclairage allumé,En agglomération,Intersection en X,Normale,Deux véhicules - frontale,,,,,,,,,,,5,2,2,1,1
200500032206,0005-06-13 08:45:00,5,6,13,8,45,30,185.0,"169, KENNEDY ( AVENUE JO",,,Plein jour,En agglomération,Hors intersection,Normale,Deux véhicules - côté,,,,,,,,,,,1,2,1,1,3
200500032207,0005-06-27 19:30:00,5,6,27,19,30,30,185.0,GUESDE ( AVENUE JULES ),,,Plein jour,En agglomération,Intersection en X,Normale,Deux véhicules - côté,,,,,,,,,,,1,2,2,1,3
200500032208,0005-06-02 08:50:00,5,6,2,8,50,30,13.0,"35, PARIS (ROUTE DE)",,,Plein jour,En agglomération,Intersection en T,Normale,Deux véhicules - arrière,,,,,,,,,,,1,2,3,1,2
200500032209,0005-06-07 17:30:00,5,6,7,17,30,30,13.0,RN 7,,,Plein jour,En agglomération,Hors intersection,Normale,Deux véhicules - arrière,,,,,,,,,,,1,2,1,1,2
200500032210,0005-06-14 16:00:00,5,6,14,16,0,30,190.0,"2, JAURES (COURS JEAN)",,,Plein jour,En agglomération,Hors intersection,Normale,Autre collision,,,,,,,,,,,1,2,1,1,6
200500032211,0005-06-18 05:00:00,5,6,18,5,0,30,190.0,"37, LECLERC (SQUARE ET A",,,Nuit avec éclairage allumé,En agglomération,Autre intersection,Normale,Deux véhicules - côté,,,,,,,,,,,5,2,9,1,3
200500032212,0005-06-08 07:40:00,5,6,8,7,40,30,95.0,"0, DRAPEAU (AVENUE DU)",,,Plein jour,En agglomération,Intersection en X,Normale,Autre collision,,,,,,,,,,,1,2,2,1,6
200500032213,0005-06-08 22:05:00,5,6,8,22,5,30,310.0,"0, PORTE SAINT JULIEN (R",,,Nuit avec éclairage allumé,En agglomération,Intersection en X,Normale,Deux véhicules - côté,,,,,,,,,,,5,2,2,1,3
200500032214,0005-06-09 12:45:00,5,6,9,12,45,30,23.0,"0, FERLOT (RUE JEAN)",,,Plein jour,En agglomération,Intersection en T,Normale,Deux véhicules - côté,,,,,,,,,,,1,2,3,1,3
200500032215,0005-06-09 17:50:00,5,6,9,17,50,30,1.0,"138, VICHY (AVENUE DE)",,,Plein jour,En agglomération,Hors intersection,Normale,Trois véhicules et plus - collisions multiples,,,,,,,,,,,1,2,1,1,5
200500032216,0005-06-12 16:15:00,5,6,12,16,15,30,310.0,"0, CELESTINS (AVENUE DES",,,Plein jour,En agglomération,Hors intersection,Normale,Trois véhicules et plus - en chaîne,,,,,,,,,,,1,2,1,1,4
200500032217,0005-06-16 11:20:00,5,6,16,11,20,30,310.0,"0, HOPITAL (BOULEVARD DE",,,Plein jour,En agglomération,Hors intersection,Normale,Deux véhicules - arrière,,,,,,,,,,,1,2,1,1,2
200500032218,0005-06-17 05:50:00,5,6,17,5,50,30,95.0,RD 906B,,,Crépuscule ou aube,Hors agglomération,Hors intersection,Normale,Deux véhicules - frontale,,,,,,,,,,,2,1,1,1,1
200500032219,0005-06-18 09:55:00,5,6,18,9,55,30,310.0,CARNOT (BOULEVARD),,,Plein jour,En agglomération,Intersection en X,Normale,Deux véhicules - côté,,,,,,,,,,,1,2,2,1,3
200500032220,0005-06-22 13:50:00,5,6,22,13,50,30,95.0,VICHY (AVENUE DE),,,Plein jour,En agglomération,Hors intersection,Normale,Deux véhicules - arrière,,,,,,,,,,,1,2,1,1,2
200500032221,0005-06-22 19:05:00,5,6,22,19,5,30,310.0,"48, DENIERE (BOULEVARD)",,,Plein jour,En agglomération,Hors intersection,Normale,Deux véhicules - arrière,,,,,,,,,,,1,2,1,1,2
200500032222,0005-06-24 15:50:00,5,6,24,15,50,30,23.0,NAVARRE (ZONE D'ACTIVITE,,,Plein jour,En agglomération,Hors intersection,Normale,Deux véhicules - côté,,,,,,,,,,,1,2,1,1,3
200500032223,0005-06-27 13:50:00,5,6,27,13,50,30,23.0,PONT DE BELLERIVE,,,Plein jour,En agglomération,Hors intersection,Normale,Deux véhicules - arrière,,,,,,,,,,,1,2,1,1,2
200500032224,0005-06-16 19:00:00,5,6,16,19,0,40,70.0,NICE (RTE),,,Plein jour,Hors agglomération,Hors intersection,Normale,Sans collision,,,,,,,,,,,1,1,1,1,7
200500032225,0005-06-09 12:25:00,5,6,9,12,25,40,112.0,"277, MOULIN (AV. J.)",,,Plein jour,En agglomération,Hors intersection,Normale,Deux véhicules - côté,,,,,,,,,,,1,2,1,1,3
200500032226,0005-06-21 08:00:00,5,6,21,8,0,40,112.0,LYENNE (CH. DE LA),,,Plein jour,En agglomération,Autre intersection,Normale,Deux véhicules - frontale,,,,,,,,,,,1,2,9,1,1
200500032227,0005-06-29 12:30:00,5,6,29,12,30,40,112.0,"0, DAUDET (ALL. A.)",,,Plein jour,En agglomération,Hors intersection,Normale,Deux véhicules - côté,,,,,,,,,,,1,2,1,1,3
200500032228,0005-06-13 06:25:00,5,6,13,6,25,50,23.0,RN 91,,,Plein jour,En agglomération,Hors intersection,Normale,Autre collision,,,,,,,,,,,1,2,1,1,6
200500032229,0005-06-17 09:00:00,5,6,17,9,0,50,23.0,"32, REPUBLIQUE (AVENUE D",,,Plein jour,En agglomération,Intersection en X,Normale,Sans collision,,,,,,,,,,,1,2,2,1,7
200500032230,0005-06-11 11:30:00,5,6,11,11,30,50,23.0,RN 94,,,Plein jour,Hors agglomération,Autre intersection,Normale,Deux véhicules - côté,,,,,,,,,,,1,1,9,1,3
200500032231,0005-06-22 16:05:00,5,6,22,16,5,50,23.0,", GRENOBLE (ROUTE DE)",,,Plein jour,En agglomération,Hors intersection,Normale,Autre collision,,,,,,,,,,,1,2,1,1,6
200500032232,0005-06-18 15:55:00,5,6,18,15,55,50,23.0,"7, CHAMP DE MARS",,,Plein jour,En agglomération,Hors intersection,Normale,Autre collision,,,,,,,,,,,1,2,1,1,6
200500032233,0005-06-03 16:00:00,5,6,3,16,0,50,61.0,"8BIS, DOCTEUR AYASSE ( R",,,Plein jour,En agglomération,Hors intersection,Normale,Deux véhicules - frontale,,,,,,,,,,,1,2,1,1,1
200500032234,0005-06-11 14:13:00,5,6,11,14,13,50,61.0,"000, BELLEVUE (BOULEVARD",,,Plein jour,En agglomération,Intersection en T,Normale,Deux véhicules - côté,,,,,,,,,,,1,2,3,1,3
200500032235,0005-06-13 13:50:00,5,6,13,13,50,50,61.0,"13, ST JEAN ( ROUTE DE )",,,Plein jour,En agglomération,Intersection en T,Normale,Deux véhicules - côté,,,,,,,,,,,1,2,3,1,3
200500032236,0005-06-14 06:35:00,5,6,14,6,35,50,61.0,"24, SAGNIERES ( RUE DES",,,Plein jour,En agglomération,Intersection en T,Normale,Deux véhicules - côté,,,,,,,,,,,1,2,3,1,3
200500032237,0005-06-24 17:35:00,5,6,24,17,35,50,61.0,"000, STE MARGUERITE ( RO",,,Plein jour,En agglomération,Intersection en Y,Normale,Deux véhicules - côté,,,,,,,,,,,1,2,4,1,3
200500032238,0005-06-01 12:50:00,5,6,1,12,50,60,4.0,"5, CHAUDON RUE DU DIRECT",,,Plein jour,En agglomération,Hors intersection,Normale,Deux véhicules - arrière,,,,,,,,,,,1,2,1,1,2
200500032239,0005-06-03 17:20:00,5,6,3,17,20,60,4.0,"0, NATIONALE RN 98",,,Plein jour,En agglomération,Hors intersection,Normale,Deux véhicules - frontale,,,,,,,,,,,1,2,1,1,1
200500032240,0005-06-05 14:00:00,5,6,5,14,0,60,4.0,POINCARE BD RAYMOND,,,Plein jour,En agglomération,Autre intersection,Normale,Deux véhicules - côté,,,,,,,,,,,1,2,9,1,3
200500032241,0005-06-07 16:50:00,5,6,7,16,50,60,4.0,VERDUN AV.DE,,,Plein jour,En agglomération,Hors intersection,Normale,Autre collision,,,,,,,,,,,1,2,1,1,6
200500032242,0005-06-10 10:00:00,5,6,10,10,0,60,4.0,LITTORAL(BDM APRES BIJOU,,,Plein jour,En agglomération,Hors intersection,Normale,Deux véhicules - arrière,,,,,,,,,,,1,2,1,1,2
200500032243,0005-06-11 18:55:00,5,6,11,18,55,60,4.0,POINCARE BD RAYMOND,,,Plein jour,En agglomération,Intersection en X,Normale,Deux véhicules - côté,,,,,,,,,,,1,2,2,1,3
200500032244,0005-06-11 14:30:00,5,6,11,14,30,60,4.0,GALLICE AV.ET PASSAGE,,,Plein jour,En agglomération,Hors intersection,Normale,Autre collision,,,,,,,,,,,1,2,1,1,6
200500032245,0005-06-14 14:50:00,5,6,14,14,50,60,4.0,NATIONALE RN 98,,,Plein jour,En agglomération,Hors intersection,Normale,Deux véhicules - arrière,,,,,,,,,,,1,2,1,1,2
200500032246,0005-06-14 15:20:00,5,6,14,15,20,60,4.0,"22, LECLERC BD MARECHAL",,,Plein jour,En agglomération,Hors intersection,Normale,Deux véhicules - arrière,,,,,,,,,,,1,2,1,1,2
200500032247,0005-06-14 19:00:00,5,6,14,19,0,60,4.0,VAUTRIN BD DU GENERAL,,,Plein jour,En agglomération,Hors intersection,Normale,Autre collision,,,,,,,,,,,1,2,1,1,6
200500032248,0005-06-15 09:10:00,5,6,15,9,10,60,4.0,NICE(RN.7) AV.ET RTE DE,,,Plein jour,En agglomération,Hors intersection,Normale,Deux véhicules - côté,,,,,,,,,,,1,2,1,1,3
200500032249,0005-06-16 18:45:00,5,6,16,18,45,60,4.0,REPUBLIQUE RUE DE LA,,,Plein jour,En agglomération,Hors intersection,Normale,Autre collision,,,,,,,,,,,1,2,1,1,6
200500032250,0005-06-16 19:15:00,5,6,16,19,15,60,4.0,BRETON BD ANDRE,,,Plein jour,En agglomération,Hors intersection,Normale,Deux véhicules - côté,,,,,,,,,,,1,2,1,1,3
200500032251,0005-06-20 13:55:00,5,6,20,13,55,60,4.0,VAUTRIN BD DU GENERAL,,,Plein jour,En agglomération,Hors intersection,Normale,Deux véhicules - côté,,,,,,,,,,,1,2,1,1,3
200500032252,0005-06-22 03:10:00,5,6,22,3,10,60,155.0,C.D.135,,,Nuit sans éclairage public,Hors agglomération,Hors intersection,Normale,Autre collision,,,,,,,,,,,3,1,1,1,6
200500032253,0005-06-26 20:12:00,5,6,26,20,12,60,4.0,"2587, MICHARD PELISSIER",,,Plein jour,En agglomération,Hors intersection,Normale,Sans collision,,,,,,,,,,,1,2,1,1,7
200500032254,0005-06-29 17:00:00,5,6,29,17,0,60,4.0,"1080, VALLAURIS CH.DE",,,Plein jour,En agglomération,Hors intersection,Normale,Deux véhicules - frontale,,,,,,,,,,,1,2,1,1,1
200500032255,0005-06-29 08:30:00,5,6,29,8,30,60,4.0,"0, MAIZIERES AV.GENERAL",,,Plein jour,En agglomération,Intersection en X,Normale,Autre collision,,,,,,,,,,,1,2,2,1,6
200500032256,0005-06-02 14:30:00,5,6,2,14,30,60,27.0,"66, NICE AVENUE DE (RN7)",,,Plein jour,En agglomération,Hors intersection,Normale,Deux véhicules - côté,,,,,,,,,,,1,2,1,1,3
200500032257,0005-06-04 16:05:00,5,6,4,16,5,60,27.0,"6, RENOIR AVENUE AUGUSTE",,,Plein jour,En agglomération,Autre intersection,Normale,Sans collision,,,,,,,,,,,1,2,9,1,7
200500032258,0005-06-04 04:30:00,5,6,4,4,30,60,123.0,", PAGNOL MARCEL BOULEVAR",,,Nuit avec éclairage allumé,En agglomération,Hors intersection,Normale,Autre collision,,,,,,,,,,,5,2,1,1,6
200500032259,0005-06-06 13:30:00,5,6,6,13,30,60,27.0,GRASSE AVENUE DE,,,Plein jour,En agglomération,Hors intersection,Normale,Deux véhicules - côté,,,,,,,,,,,1,2,1,1,3
200500032260,0005-06-03 17:45:00,5,6,3,17,45,60,123.0,PLATEAUX FLEURIS CHEMIN,,,Plein jour,En agglomération,Intersection en T,Normale,Deux véhicules - côté,,,,,,,,,,,1,2,3,1,3
200500032261,0005-06-08 08:25:00,5,6,8,8,25,60,27.0,CANNES AVENUE DE (RN7),,,Plein jour,En agglomération,Hors intersection,Normale,Deux véhicules - côté,,,,,,,,,,,1,2,1,1,3
200500032262,0005-06-09 14:00:00,5,6,9,14,0,60,27.0,BUGADIERES ALLEE DES,,,Plein jour,En agglomération,Hors intersection,Normale,Deux véhicules - côté,,,,,,,,,,,1,2,1,1,3
200500032263,0005-06-10 18:25:00,5,6,10,18,25,60,27.0,CHENES AVENUE DES,,,Plein jour,En agglomération,Intersection en X,Normale,Deux véhicules - côté,,,,,,,,,,,1,2,2,1,3
200500032264,0005-06-11 12:40:00,5,6,11,12,40,60,123.0,BORD DE MER RN 98,,,Plein jour,En agglomération,Intersection en X,Normale,Deux véhicules - côté,,,,,,,,,,,1,2,2,1,3
200500032265,0005-06-21 17:15:00,5,6,21,17,15,60,27.0,"26, STE COLOMBE CHEMIN D",,,Plein jour,En agglomération,Hors intersection,Normale,Deux véhicules - arrière,,,,,,,,,,,1,2,1,1,2
200500032266,0005-06-13 14:50:00,5,6,13,14,50,60,27.0,NICE AVENUE DE (RN7),,,Plein jour,En agglomération,Intersection en X,Normale,Deux véhicules - côté,,,,,,,,,,,1,2,2,1,3
200500032267,0005-06-13 15:45:00,5,6,13,15,45,60,27.0,"44, ALPES AVENUE DES",,,Plein jour,En agglomération,Hors intersection,Normale,Deux véhicules - côté,,,,,,,,,,,1,2,1,1,3
200500032268,0005-06-13 18:00:00,5,6,13,18,0,60,27.0,PLAGE BOULEVARD DE LA,,,Plein jour,En agglomération,Hors intersection,Normale,Deux véhicules - arrière,,,,,,,,,,,1,2,1,1,2
200500032269,0005-06-15 22:30:00,5,6,15,22,30,60,27.0,CHENES AVENUE DES,,,Nuit avec éclairage allumé,En agglomération,Intersection en X,Normale,Deux véhicules - côté,,,,,,,,,,,5,2,2,1,3
200500032270,0005-06-15 14:15:00,5,6,15,14,15,60,123.0,"947, ISCLES CHEMIN DES",,,Plein jour,En agglomération,Hors intersection,Normale,Deux véhicules - côté,,,,,,,,,,,1,2,1,1,3
200500032271,0005-06-18 20:30:00,5,6,18,20,30,60,27.0,"91, NICE AVENUE DE (RN7)",,,Plein jour,En agglomération,Hors intersection,Normale,Trois véhicules et plus - en chaîne,,,,,,,,,,,1,2,1,1,4
200500032272,0005-06-16 16:20:00,5,6,16,16,20,60,123.0,DONADEI EUGENE AVENUE,,,Plein jour,En agglomération,Hors intersection,Normale,Sans collision,,,,,,,,,,,1,2,1,1,7
200500032273,0005-06-21 18:00:00,5,6,21,18,0,60,27.0,"89, NICE AVENUE DE (RN7)",,,Plein jour,En agglomération,Hors intersection,Normale,Deux véhicules - côté,,,,,,,,,,,1,2,1,1,3
200500032274,0005-06-22 10:40:00,5,6,22,10,40,60,27.0,GARE AVENUE DE LA,,,Plein jour,En agglomération,Intersection en T,Normale,Deux véhicules - côté,,,,,,,,,,,1,2,3,1,3
200500032275,0005-06-22 11:30:00,5,6,22,11,30,60,27.0,VIAL RUE DU CAPITAINE DE,,,Plein jour,En agglomération,Intersection en Y,Normale,Deux véhicules - arrière,,,,,,,,,,,1,2,4,1,2
200500032276,0005-06-24 00:15:00,5,6,24,0,15,60,27.0,PLAGE BOULEVARD DE LA,,,Nuit avec éclairage allumé,En agglomération,Hors intersection,Normale,Autre collision,,,,,,,,,,,5,2,1,1,6
200500032277,0005-06-24 15:15:00,5,6,24,15,15,60,27.0,"70, SALLES CHEMIN DES",,,Plein jour,En agglomération,Hors intersection,Normale,Deux véhicules - frontale,,,,,,,,,,,1,2,1,1,1
200500032278,0005-06-26 16:50:00,5,6,26,16,50,60,27.0,"148, COLLE AVENUE DE LA",,,Plein jour,En agglomération,Hors intersection,Normale,Deux véhicules - côté,,,,,,,,,,,1,2,1,1,3
200500032279,0005-06-27 16:00:00,5,6,27,16,0,60,27.0,"55, GARE AVENUE DE LA",,,Plein jour,En agglomération,Hors intersection,Normale,Deux véhicules - arrière,,,,,,,,,,,1,2,1,1,2