accident_id,datetime,annee,mois,jour,heure,minute,departement,commune_insee,adresse,latitude,longitude,luminosite,agglomeration,intersection,meteo,collision,nb_vehicules,nb_usagers,nb_indemnes,nb_tues,nb_blesses_hosp,nb_blesses_legers,age_cond_1,age_cond_2,veh_type_cond_1,veh_type_cond_2,lum_code,agg_code,int_code,atm_code,col_code
200500032280,0005-06-29 12:10:00,5,6,29,12,10,60,27.0,CLAVERIE RUE DU BRIGADIE,,,Plein jour,En agglomération,Giratoire,Normale,Deux véhicules - côté,,,,,,,,,,,1,2,6,1,3
200500032281,0005-06-30 19:50:00,5,6,30,19,50,60,27.0,BLERIOT AVENUE LOUIS,,,Plein jour,En agglomération,Intersection en Y,Normale,Deux véhicules - côté,,,,,,,,,,,1,2,4,1,3
200500032282,0005-06-01 13:26:00,5,6,1,13,26,60,29.0,"20, GRASSE (AVENUE DE)",,,Plein jour,En agglomération,Hors intersection,Normale,Autre collision,,,,,,,,,,,1,2,1,1,6
200500032283,0005-06-02 08:55:00,5,6,2,8,55,60,29.0,SEMARD (PLACE PIERRE),,,Plein jour,En agglomération,Hors intersection,Normale,Deux véhicules - côté,,,,,,,,,,,1,2,1,1,3
200500032284,0005-06-02 19:24:00,5,6,2,19,24,60,29.0,"00, PANTIERO (PROMENADE",,,Plein jour,En agglomération,Hors intersection,Normale,Autre collision,,,,,,,,,,,1,2,1,1,6
200500032285,0005-06-02 23:29:00,5,6,2,23,29,60,29.0,VAUTRIN (BOULEVARD DU GE,,,Nuit avec éclairage allumé,En agglomération,Hors intersection,Normale,Sans collision,,,,,,,,,,,5,2,1,1,7
200500032286,0005-06-03 11:35:00,5,6,3,11,35,60,30.0,"16, ECOLES (RUE DES)",,,Plein jour,En agglomération,Hors intersection,Normale,Autre collision,,,,,,,,,,,1,2,1,1,6
200500032287,0005-06-03 18:00:00,5,6,3,18,0,60,30.0,"83, ROOSEVELT (AVENUE FR",,,Plein jour,En agglomération,Hors intersection,Normale,Deux véhicules - côté,,,,,,,,,,,1,2,1,1,3
200500032288,0005-06-03 18:40:00,5,6,3,18,40,60,30.0,"116, SADI CARNOT (BOULEV",,,Plein jour,En agglomération,Hors intersection,Normale,Sans collision,,,,,,,,,,,1,2,1,1,7
200500032289,0005-06-04 11:40:00,5,6,4,11,40,60,29.0,"4, SIGNORET (RUE EUGENE)",,,Plein jour,En agglomération,Hors intersection,Normale,Deux véhicules - côté,,,,,,,,,,,1,2,1,1,3
200500032290,0005-06-04 16:53:00,5,6,4,16,53,60,30.0,"115, CARNOT (BOULEVARD)",,,Plein jour,En agglomération,Intersection en X,Normale,Deux véhicules - arrière,,,,,,,,,,,1,2,2,1,2
200500032291,0005-06-05 13:40:00,5,6,5,13,40,60,29.0,"03, VALLOMBROSA (BOULEBA",,,Plein jour,En agglomération,Hors intersection,Normale,Deux véhicules - côté,,,,,,,,,,,1,2,1,1,3
200500032292,0005-06-05 17:39:00,5,6,5,17,39,60,30.0,AUBAREDE (CHEMIN DE L'),,,Plein jour,En agglomération,Hors intersection,Normale,Deux véhicules - côté,,,,,,,,,,,1,2,1,1,3
200500032293,0005-06-07 09:00:00,5,6,7,9,0,60,29.0,ANNAM (AVENUE D'),,,Plein jour,En agglomération,Hors intersection,Normale,Deux véhicules - arrière,,,,,,,,,,,1,2,1,1,2
200500032294,0005-06-07 12:00:00,5,6,7,12,0,60,29.0,"2, STALINGRAD (RUE)",,,Plein jour,En agglomération,Intersection en X,Normale,Deux véhicules - côté,,,,,,,,,,,1,2,2,1,3
200500032295,0005-06-07 12:20:00,5,6,7,12,20,60,29.0,"73, LERINS (AVENUE DE)",,,Plein jour,En agglomération,Hors intersection,Normale,Sans collision,,,,,,,,,,,1,2,1,1,7
200500032296,0005-06-07 17:38:00,5,6,7,17,38,60,29.0,"27, BACHAGA SAID BOUALAM",,,Plein jour,En agglomération,Hors intersection,Normale,Trois véhicules et plus - collisions multiples,,,,,,,,,,,1,2,1,1,5
200500032297,0005-06-08 12:10:00,5,6,8,12,10,60,29.0,"106, TONNER (AVENUE FRAN",,,Plein jour,En agglomération,Hors intersection,Normale,Sans collision,,,,,,,,,,,1,2,1,1,7
200500032298,0005-06-09 15:40:00,5,6,9,15,40,60,30.0,"00, CARIMAI (RUE)",,,Plein jour,En agglomération,Intersection en Y,Normale,Deux véhicules - côté,,,,,,,,,,,1,2,4,1,3
200500032299,0005-06-09 18:10:00,5,6,9,18,10,60,29.0,COUBERTIN (AVENUE PIERRE,,,Plein jour,En agglomération,Giratoire,Pluie légère,Deux véhicules - côté,,,,,,,,,,,1,2,6,2,3
200500032300,0005-06-10 15:40:00,5,6,10,15,40,60,29.0,"00, CHATEAUDUN (RUE DE)",,,Plein jour,En agglomération,Intersection en T,Normale,Deux véhicules - arrière,,,,,,,,,,,1,2,3,1,2
200500032301,0005-06-10 16:15:00,5,6,10,16,15,60,29.0,"06, CLEMENCEAU (RUE GEOR",,,Plein jour,En agglomération,Hors intersection,Normale,Autre collision,,,,,,,,,,,1,2,1,1,6
200500032302,0005-06-10 20:40:00,5,6,10,20,40,60,29.0,"10, CROISETTE (BOULEVARD",,,Crépuscule ou aube,En agglomération,Hors intersection,Normale,Autre collision,,,,,,,,,,,2,2,1,1,6
200500032303,0005-06-11 12:31:00,5,6,11,12,31,60,30.0,"25, AUBAREDE (CHEMIN DE",,,Plein jour,En agglomération,Hors intersection,Normale,Deux véhicules - côté,,,,,,,,,,,1,2,1,1,3
200500032304,0005-06-12 12:10:00,5,6,12,12,10,60,29.0,"9, AURELIENNE (RUE)",,,Plein jour,En agglomération,Hors intersection,Normale,Sans collision,,,,,,,,,,,1,2,1,1,7
200500032305,0005-06-14 12:20:00,5,6,14,12,20,60,30.0,"97, SADI CARNOT (BOULEVA",,,Plein jour,En agglomération,Hors intersection,Normale,Deux véhicules - côté,,,,,,,,,,,1,2,1,1,3
200500032306,0005-06-14 13:10:00,5,6,14,13,10,60,29.0,EXUPERY  (AVENUE SAINT),,,Plein jour,En agglomération,Hors intersection,Normale,Deux véhicules - frontale,,,,,,,,,,,1,2,1,1,1
200500032307,0005-06-14 16:20:00,5,6,14,16,20,60,29.0,"2, AUBANEL (RUE THEODORE",,,Plein jour,En agglomération,Hors intersection,Normale,Sans collision,,,,,,,,,,,1,2,1,1,7
200500032308,0005-06-15 11:59:00,5,6,15,11,59,60,29.0,"00, REPUBLIQUE (BOULEVAR",,,Plein jour,En agglomération,Intersection en X,Normale,Deux véhicules - arrière,,,,,,,,,,,1,2,2,1,2
200500032309,0005-06-15 17:20:00,5,6,15,17,20,60,29.0,"104, JOURDAN (AVENUE MIC",,,Plein jour,En agglomération,Hors intersection,Normale,Sans collision,,,,,,,,,,,1,2,1,1,7
200500032310,0005-06-15 20:23:00,5,6,15,20,23,60,30.0,"00, LAURIERS (CHEMIN DES",,,Plein jour,En agglomération,Hors intersection,Normale,Deux véhicules - côté,,,,,,,,,,,1,2,1,1,3
200500032311,0005-06-16 15:35:00,5,6,16,15,35,60,29.0,"56, GRAND JAS (CHEMIN)",,,Plein jour,En agglomération,Hors intersection,Normale,Deux véhicules - frontale,,,,,,,,,,,1,2,1,1,1
200500032312,0005-06-17 12:10:00,5,6,17,12,10,60,29.0,MIDI (BOULEVARD DU),,,Plein jour,En agglomération,Hors intersection,Normale,Sans collision,,,,,,,,,,,1,2,1,1,7
200500032313,0005-06-17 16:16:00,5,6,17,16,16,60,29.0,"36, MIDI (BOULEVARD DU)",,,Plein jour,En agglomération,Hors intersection,Normale,Sans collision,,,,,,,,,,,1,2,1,1,7
200500032314,0005-06-18 01:00:00,5,6,18,1,0,60,29.0,"3, CROISETTE (BOULEVARD",,,Nuit sans éclairage public,En agglomération,Hors intersection,Normale,Deux véhicules - côté,,,,,,,,,,,3,2,1,1,3
200500032315,0005-06-19 01:15:00,5,6,19,1,15,60,29.0,"2, CROISETTE (BOULEVARD",,,Nuit avec éclairage allumé,En agglomération,Intersection en T,Normale,Deux véhicules - côté,,,,,,,,,,,5,2,3,1,3
200500032316,0005-06-19 18:16:00,5,6,19,18,16,60,29.0,"24, PERIER (BOULEVARD DU",,,Plein jour,En agglomération,Hors intersection,Normale,Deux véhicules - côté,,,,,,,,,,,1,2,1,1,3
200500032317,0005-06-19 19:28:00,5,6,19,19,28,60,29.0,"62, CROISETTE (BOULEVARD",,,Plein jour,En agglomération,Hors intersection,Normale,Deux véhicules - arrière,,,,,,,,,,,1,2,1,1,2
200500032318,0005-06-21 14:05:00,5,6,21,14,5,60,29.0,"00, POESIE (AVENUE PIERR",,,Plein jour,En agglomération,Intersection en X,Normale,Trois véhicules et plus - collisions multiples,,,,,,,,,,,1,2,2,1,5
200500032319,0005-06-21 17:10:00,5,6,21,17,10,60,29.0,"26, PICAUD (AVENUE DU DO",,,Plein jour,Hors agglomération,Hors intersection,Normale,Sans collision,,,,,,,,,,,1,1,1,1,7
200500032320,0005-06-21 22:04:00,5,6,21,22,4,60,29.0,CARNOT (BOULEVARD),,,Nuit avec éclairage allumé,En agglomération,Intersection en X,Normale,Deux véhicules - côté,,,,,,,,,,,5,2,2,1,3
200500032321,0005-06-22 08:30:00,5,6,22,8,30,60,30.0,"551, ST JOSEPH (CHEMIN)",,,Plein jour,En agglomération,Hors intersection,Normale,Deux véhicules - frontale,,,,,,,,,,,1,2,1,1,1
200500032322,0005-06-24 09:53:00,5,6,24,9,53,60,29.0,"24, MIDI (BOULEVARD DU)",,,Plein jour,En agglomération,Hors intersection,Normale,Deux véhicules - côté,,,,,,,,,,,1,2,1,1,3
200500032323,0005-06-24 18:25:00,5,6,24,18,25,60,29.0,"25, PICAUD (AVENUE DU DO",,,Plein jour,Hors agglomération,Hors intersection,Normale,Deux véhicules - arrière,,,,,,,,,,,1,1,1,1,2
200500032324,0005-06-24 20:10:00,5,6,24,20,10,60,30.0,"62, CAMPELIERES (CHEMIN",,,Plein jour,En agglomération,Hors intersection,Normale,Deux véhicules - côté,,,,,,,,,,,1,2,1,1,3
200500032325,0005-06-25 18:00:00,5,6,25,18,0,60,29.0,"63, PICAUD (AVENUE DR) B",,,Plein jour,Hors agglomération,Hors intersection,Normale,Autre collision,,,,,,,,,,,1,1,1,1,6
200500032326,0005-06-25 18:25:00,5,6,25,18,25,60,29.0,"6, MACE (RUE)",,,Plein jour,En agglomération,Hors intersection,Normale,Autre collision,,,,,,,,,,,1,2,1,1,6
200500032327,0005-06-26 13:18:00,5,6,26,13,18,60,29.0,POESIE (AVENUE PIERRE),,,Plein jour,En agglomération,Intersection en X,Normale,Deux véhicules - arrière,,,,,,,,,,,1,2,2,1,2
200500032328,0005-06-26 14:27:00,5,6,26,14,27,60,30.0,"00, SADI CARNOT (BOULEVA",,,Plein jour,En agglomération,Intersection en T,Normale,Deux véhicules - côté,,,,,,,,,,,1,2,3,1,3
200500032329,0005-06-26 17:43:00,5,6,26,17,43,60,29.0,"00, CROISETTE (BOULEVARD",,,Plein jour,En agglomération,Hors intersection,Normale,Autre collision,,,,,,,,,,,1,2,1,1,6
200500032330,0005-06-22 10:00:00,5,6,22,10,0,60,30.0,"2, AUBAREDE (CHEMIN DE L",,,Plein jour,En agglomération,Hors intersection,Normale,Deux véhicules - côté,,,,,,,,,,,1,2,1,1,3
200500032331,0005-06-27 11:13:00,5,6,27,11,13,60,29.0,"00, MIDI (BOULEVARD DU)",,,Plein jour,En agglomération,Hors intersection,Normale,Deux véhicules - côté,,,,,,,,,,,1,2,1,1,3
200500032332,0005-06-27 09:20:00,5,6,27,9,20,60,29.0,"10, MIDI (BOULEVARD DU)",,,Plein jour,Hors agglomération,Hors intersection,Normale,Deux véhicules - arrière,,,,,,,,,,,1,1,1,1,2
200500032333,0005-06-28 07:53:00,5,6,28,7,53,60,29.0,PICAUD (AVENUE DR) BOCCA,,,Plein jour,En agglomération,Hors intersection,Normale,Autre collision,,,,,,,,,,,1,2,1,1,6
200500032334,0005-06-29 13:10:00,5,6,29,13,10,60,29.0,"12, ST PIERRE (QUAI)",,,Plein jour,En agglomération,Hors intersection,Normale,Deux véhicules - côté,,,,,,,,,,,1,2,1,1,3
200500032335,0005-06-29 12:00:00,5,6,29,12,0,60,29.0,"00, VALLAURIS (AVENUE DE",,,Plein jour,En agglomération,Intersection en X,Normale,Sans collision,,,,,,,,,,,1,2,2,1,7
200500032336,0005-06-30 19:10:00,5,6,30,19,10,60,29.0,"93, CARNOT (BOULEVARD)",,,Plein jour,En agglomération,Hors intersection,Normale,Deux véhicules - côté,,,,,,,,,,,1,2,1,1,3
200500032337,0005-06-18 10:07:00,5,6,18,10,7,60,29.0,"00, MISERICORDE (RUE DE",,,Plein jour,En agglomération,Hors intersection,Normale,Autre collision,,,,,,,,,,,1,2,1,1,6
200500032338,0005-06-13 11:00:00,5,6,13,11,0,60,29.0,HOCHE (RUE),,,Plein jour,En agglomération,Hors intersection,Normale,Autre collision,,,,,,,,,,,1,2,1,1,6
200500032339,0005-06-03 15:40:00,5,6,3,15,40,60,69.0,"148, PLAN (ROUTE DU) -D3",,,Plein jour,En agglomération,Hors intersection,Normale,Deux véhicules - arrière,,,,,,,,,,,1,2,1,1,2
200500032340,0005-06-07 20:00:00,5,6,7,20,0,60,69.0,"34, LAC (CHEMIN DU) LE P",,,Plein jour,En agglomération,Hors intersection,Normale,Deux véhicules - côté,,,,,,,,,,,1,2,1,1,3
200500032341,0005-06-08 11:13:00,5,6,8,11,13,60,69.0,"31, MISTRAL (AVENUE ET P",,,Plein jour,En agglomération,Hors intersection,Normale,Deux véhicules - arrière,,,,,,,,,,,1,2,1,1,2
200500032342,0005-06-13 08:00:00,5,6,13,8,0,60,69.0,"71, CROIX (CHEMIN DE LA)",,,Plein jour,En agglomération,Intersection en Y,Normale,Deux véhicules - côté,,,,,,,,,,,1,2,4,1,3
200500032343,0005-06-13 15:20:00,5,6,13,15,20,60,69.0,"26, DUVAL (AVENUE MATHIA",,,Plein jour,En agglomération,Hors intersection,Normale,Deux véhicules - côté,,,,,,,,,,,1,2,1,1,3
200500032344,0005-06-15 13:25:00,5,6,15,13,25,60,69.0,"10, PROVENCE (AVENUE DE)",,,Plein jour,En agglomération,Intersection en Y,Normale,Deux véhicules - côté,,,,,,,,,,,1,2,4,1,3
200500032345,0005-06-16 08:50:00,5,6,16,8,50,60,69.0,"5, AUTRANT (BOULEVARD DU",,,Plein jour,En agglomération,Hors intersection,Normale,Deux véhicules - côté,,,,,,,,,,,1,2,1,1,3
200500032346,0005-06-16 21:10:00,5,6,16,21,10,60,69.0,"122, CHEVREFEUILLES (CHE",,,Nuit sans éclairage public,En agglomération,Hors intersection,Normale,Deux véhicules - côté,,,,,,,,,,,3,2,1,1,3
200500032347,0005-06-18 22:25:00,5,6,18,22,25,60,69.0,NAPOLEON (ROUTE),,,Nuit sans éclairage public,Hors agglomération,Hors intersection,Normale,Deux véhicules - frontale,,,,,,,,,,,3,1,1,1,1
200500032348,0005-06-22 09:20:00,5,6,22,9,20,60,69.0,"10, PAOUTE (ROUTE ET TRA",,,Plein jour,En agglomération,Intersection en T,Normale,Deux véhicules - côté,,,,,,,,,,,1,2,3,1,3
200500032349,0005-06-22 17:15:00,5,6,22,17,15,60,69.0,"7, RAYBAUD (AVENUE FELIX",,,Plein jour,En agglomération,Hors intersection,Normale,Autre collision,,,,,,,,,,,1,2,1,1,6
200500032350,0005-06-23 15:25:00,5,6,23,15,25,60,69.0,"45, ROUQUIER (BOULEVARD",,,Plein jour,En agglomération,Hors intersection,Normale,Deux véhicules - arrière,,,,,,,,,,,1,2,1,1,2
200500032351,0005-06-26 14:10:00,5,6,26,14,10,60,69.0,"138, DRAGUIGNAN (ROUTE D",,,Plein jour,En agglomération,Hors intersection,Normale,Trois véhicules et plus - collisions multiples,,,,,,,,,,,1,2,1,1,5
200500032352,0005-06-09 12:30:00,5,6,9,12,30,60,12.0,"1196, CORNICHE (MOYENNE,",,,Plein jour,En agglomération,Hors intersection,Normale,Deux véhicules - frontale,,,,,,,,,,,1,2,1,1,1
200500032353,0005-06-04 20:20:00,5,6,4,20,20,60,12.0,"2037, CORNICHE (MOYENNE,",,,Plein jour,En agglomération,Hors intersection,Normale,Autre collision,,,,,,,,,,,1,2,1,1,6
200500032354,0005-06-10 14:40:00,5,6,10,14,40,60,83.0,"2, DE GAULLE (AVENUE GEN",,,Plein jour,En agglomération,Hors intersection,Normale,Autre collision,,,,,,,,,,,1,2,1,1,6
200500032355,0005-06-14 22:45:00,5,6,14,22,45,60,104.0,KENNEDY (AVENUE PRESIDEN,,,Nuit avec éclairage allumé,En agglomération,Hors intersection,Normale,Autre collision,,,,,,,,,,,5,2,1,1,6
200500032356,0005-06-07 08:17:00,5,6,7,8,17,60,83.0,"13, ALBERT 1ER (RUE, N°",,,Plein jour,En agglomération,Intersection en T,Normale,Deux véhicules - côté,,,,,,,,,,,1,2,3,1,3
200500032357,0005-06-11 22:50:00,5,6,11,22,50,60,83.0,"1, ASTRID (PROMENADE REI",,,Nuit avec éclairage allumé,En agglomération,Intersection en T,Normale,Deux véhicules - côté,,,,,,,,,,,5,2,3,1,3
200500032358,0005-06-21 13:25:00,5,6,21,13,25,60,83.0,"2, DE GAULLE (AVENUE GEN",,,Plein jour,En agglomération,Hors intersection,Normale,Autre collision,,,,,,,,,,,1,2,1,1,6
200500032359,0005-06-15 18:40:00,5,6,15,18,40,60,83.0,SOSPEL (ROUTE DE ),,,Plein jour,Hors agglomération,Hors intersection,Normale,Deux véhicules - frontale,,,,,,,,,,,1,1,1,1,1
200500032360,0005-06-18 20:00:00,5,6,18,20,0,60,83.0,"10, LECLERC (PROMENADE M",,,Plein jour,En agglomération,Intersection en T,Normale,Autre collision,,,,,,,,,,,1,2,3,1,6
200500032361,0005-06-25 23:35:00,5,6,25,23,35,60,83.0,FAURE (AVENUE FELIX),,,Nuit avec éclairage allumé,En agglomération,Intersection en T,Normale,Deux véhicules - côté,,,,,,,,,,,5,2,3,1,3
200500032362,0005-06-24 15:05:00,5,6,24,15,5,60,83.0,"1, COTY (COURS RENE, SEN",,,Plein jour,En agglomération,Intersection en T,Normale,Deux véhicules - côté,,,,,,,,,,,1,2,3,1,3
200500032363,0005-06-24 16:15:00,5,6,24,16,15,60,83.0,"25, MADONE (AVENUE DE LA",,,Plein jour,En agglomération,Intersection en T,Normale,Deux véhicules - côté,,,,,,,,,,,1,2,3,1,3
200500032364,0005-06-30 11:25:00,5,6,30,11,25,60,83.0,"SOSPEL (AVENUE DE, N° 57",,,Plein jour,En agglomération,Giratoire,Normale,Deux véhicules - côté,,,,,,,,,,,1,2,6,1,3
200500032365,0005-06-20 15:10:00,5,6,20,15,10,60,83.0,"93, SOSPEL (ROUTE DE )",,,Plein jour,En agglomération,Hors intersection,Normale,Deux véhicules - arrière,,,,,,,,,,,1,2,1,1,2
200500032366,0005-06-21 17:30:00,5,6,21,17,30,60,104.0,"90, GRACE (AVENUE PRINCE",,,Plein jour,En agglomération,Hors intersection,Normale,Deux véhicules - côté,,,,,,,,,,,1,2,1,1,3
200500032367,0005-06-01 07:30:00,5,6,1,7,30,60,88.0,"9, BARLA (RUE)",,,Plein jour,En agglomération,Hors intersection,Normale,Autre collision,,,,,,,,,,,1,2,1,1,6
200500032368,0005-06-01 14:20:00,5,6,1,14,20,60,88.0,"73, GROSSO (A PARTIR DU",,,Plein jour,En agglomération,Hors intersection,Normale,Deux véhicules - arrière,,,,,,,,,,,1,2,1,1,2
200500032369,0005-06-01 17:30:00,5,6,1,17,30,60,88.0,"14, GROSSO (A PARTIR DU",,,Plein jour,En agglomération,Hors intersection,Normale,Deux véhicules - arrière,,,,,,,,,,,1,2,1,1,2
200500032370,0005-06-02 11:45:00,5,6,2,11,45,60,88.0,"0, DABRAY (RUE ET IMP.)",,,Plein jour,En agglomération,Intersection en X,Normale,Autre collision,,,,,,,,,,,1,2,2,1,6
200500032371,0005-06-02 12:00:00,5,6,2,12,0,60,88.0,"0, RISSO (BD)",,,Plein jour,En agglomération,Intersection en X,Normale,Autre collision,,,,,,,,,,,1,2,2,1,6
200500032372,0005-06-02 15:50:00,5,6,2,15,50,60,88.0,"8, RANCHER (R.)",,,Plein jour,En agglomération,Hors intersection,Normale,Trois véhicules et plus - en chaîne,,,,,,,,,,,1,2,1,1,4
200500032373,0005-06-02 18:10:00,5,6,2,18,10,60,88.0,"0, PELLOS (R. FRANCOIS)",,,Plein jour,En agglomération,Hors intersection,Normale,Autre collision,,,,,,,,,,,1,2,1,1,6
200500032374,0005-06-03 10:15:00,5,6,3,10,15,60,88.0,"0, GAMBETTA (A PARTIR DU",,,Plein jour,En agglomération,Intersection en T,Normale,Deux véhicules - côté,,,,,,,,,,,1,2,3,1,3
200500032375,0005-06-03 07:55:00,5,6,3,7,55,60,88.0,"0, VOIE RAPIDE",,,Plein jour,En agglomération,Hors intersection,Normale,Trois véhicules et plus - en chaîne,,,,,,,,,,,1,2,1,1,4
200500032376,0005-06-03 14:10:00,5,6,3,14,10,60,88.0,"38, GAL (R. AUGUSTE)",,,Plein jour,En agglomération,Hors intersection,Normale,Autre collision,,,,,,,,,,,1,2,1,1,6
200500032377,0005-06-03 16:40:00,5,6,3,16,40,60,88.0,"160, FRANCE (R. DE) A PA",,,Plein jour,En agglomération,Hors intersection,Normale,Autre collision,,,,,,,,,,,1,2,1,1,6
200500032378,0005-06-03 23:10:00,5,6,3,23,10,60,88.0,"0, GRENOBLE (ROUTE DE)",,,Nuit avec éclairage allumé,En agglomération,Intersection en T,Normale,Deux véhicules - côté,,,,,,,,,,,5,2,3,1,3
200500032379,0005-06-04 00:10:00,5,6,4,0,10,60,88.0,"0, DIGUE DES FRANCAIS (T",,,Nuit avec éclairage allumé,En agglomération,Hors intersection,Normale,Deux véhicules - côté,,,,,,,,,,,5,2,1,1,3
200500032380,0005-06-04 01:45:00,5,6,4,1,45,60,88.0,"73, CARNOT (BD)",,,Nuit avec éclairage allumé,En agglomération,Hors intersection,Normale,Sans collision,,,,,,,,,,,5,2,1,1,7
200500032381,0005-06-04 03:50:00,5,6,4,3,50,60,88.0,"19, ANGLAIS (DU N° 1 AU",,,Nuit avec éclairage allumé,En agglomération,Hors intersection,Normale,Deux véhicules - arrière,,,,,,,,,,,5,2,1,1,2
200500032382,0005-06-04 12:30:00,5,6,4,12,30,60,88.0,"63, ANGLAIS (DU N° 45 AU",,,Plein jour,En agglomération,Hors intersection,Normale,Trois véhicules et plus - collisions multiples,,,,,,,,,,,1,2,1,1,5
200500032383,0005-06-04 18:45:00,5,6,4,18,45,60,88.0,"6, PAPON (R.)",,,Plein jour,En agglomération,Hors intersection,Normale,Deux véhicules - côté,,,,,,,,,,,1,2,1,1,3
200500032384,0005-06-05 02:40:00,5,6,5,2,40,60,88.0,"135, ANGLAIS (A PARTIR D",,,Nuit avec éclairage allumé,En agglomération,Hors intersection,Normale,Autre collision,,,,,,,,,,,5,2,1,1,6
200500032385,0005-06-05 03:30:00,5,6,5,3,30,60,88.0,"0, TUNNEL DU PAILLON",,,Nuit avec éclairage non allumé,En agglomération,Hors intersection,Normale,Autre collision,,,,,,,,,,,4,2,1,1,6
200500032386,0005-06-05 10:30:00,5,6,5,10,30,60,88.0,"0, GORBELLA (BD DE)",,,Plein jour,En agglomération,Hors intersection,Normale,Autre collision,,,,,,,,,,,1,2,1,1,6
200500032387,0005-06-05 12:43:00,5,6,5,12,43,60,88.0,"0, GRENOBLE (ROUTE DE)",,,Plein jour,En agglomération,Hors intersection,Normale,Trois véhicules et plus - collisions multiples,,,,,,,,,,,1,2,1,1,5
200500032388,0005-06-05 19:30:00,5,6,5,19,30,60,88.0,"31, JOLY (CORNICHE ANDRE",,,Plein jour,En agglomération,Hors intersection,Normale,Trois véhicules et plus - en chaîne,,,,,,,,,,,1,2,1,1,4
200500032389,0005-06-05 20:00:00,5,6,5,20,0,60,88.0,"0, DANTE (RUE)",,,Plein jour,En agglomération,Intersection en X,Normale,Deux véhicules - frontale,,,,,,,,,,,1,2,2,1,1
200500032390,0005-06-06 08:15:00,5,6,6,8,15,60,88.0,"21, AUBER (AV.)",,,Plein jour,En agglomération,Hors intersection,Normale,Autre collision,,,,,,,,,,,1,2,1,1,6
200500032391,0005-06-06 10:40:00,5,6,6,10,40,60,88.0,"0, VALLON-DE-BARLA (AV.)",,,Plein jour,En agglomération,Intersection en T,Normale,Deux véhicules - côté,,,,,,,,,,,1,2,3,1,3
200500032392,0005-06-06 11:25:00,5,6,6,11,25,60,88.0,"08, MACCARANI (R.)",,,Plein jour,En agglomération,Hors intersection,Normale,Deux véhicules - côté,,,,,,,,,,,1,2,1,1,3
200500032393,0005-06-06 12:10:00,5,6,6,12,10,60,88.0,"105, CESSOLE (BD DE) (A",,,Plein jour,En agglomération,Hors intersection,Normale,Autre collision,,,,,,,,,,,1,2,1,1,6
200500032394,0005-06-06 16:10:00,5,6,6,16,10,60,88.0,"24, SAINT-SYLVESTRE (AV.",,,Plein jour,En agglomération,Intersection en X,Normale,Deux véhicules - côté,,,,,,,,,,,1,2,2,1,3
200500032395,0005-06-07 07:45:00,5,6,7,7,45,60,88.0,"36, GAIRAUT (VIEUX CH.)",,,Plein jour,En agglomération,Hors intersection,Normale,Autre collision,,,,,,,,,,,1,2,1,1,6
200500032396,0005-06-07 08:15:00,5,6,7,8,15,60,88.0,"0, VOIE RAPIDE",,,Plein jour,En agglomération,Hors intersection,Normale,Deux véhicules - côté,,,,,,,,,,,1,2,1,1,3
200500032397,0005-06-07 15:50:00,5,6,7,15,50,60,88.0,"189, FRANCE (R. DE) A PA",,,Plein jour,En agglomération,Hors intersection,Normale,Sans collision,,,,,,,,,,,1,2,1,1,7
200500032398,0005-06-07 17:00:00,5,6,7,17,0,60,88.0,"0, ANGLAIS (DU N° 265 AU",,,Plein jour,En agglomération,Hors intersection,Normale,Deux véhicules - côté,,,,,,,,,,,1,2,1,1,3
200500032399,0005-06-08 00:30:00,5,6,8,0,30,60,88.0,"45, CESSOLE (BD DE) (JUS",,,Nuit avec éclairage allumé,En agglomération,Hors intersection,Normale,Deux véhicules - arrière,,,,,,,,,,,5,2,1,1,2
200500032400,0005-06-08 05:00:00,5,6,8,5,0,60,88.0,"0, VERDUN (AV. DE)",,,Nuit avec éclairage allumé,En agglomération,Hors intersection,Normale,Deux véhicules - arrière,,,,,,,,,,,5,2,1,1,2
200500032401,0005-06-08 02:00:00,5,6,8,2,0,60,159.0,"0, ALBERT 1ER (AVENUE)",,,Nuit avec éclairage allumé,En agglomération,Hors intersection,Normale,Deux véhicules - côté,,,,,,,,,,,5,2,1,1,3
200500032402,0005-06-08 11:15:00,5,6,8,11,15,60,88.0,"0, TUNNEL DU PAILLON",,,Plein jour,En agglomération,Hors intersection,Normale,Trois véhicules et plus - en chaîne,,,,,,,,,,,1,2,1,1,4
200500032403,0005-06-08 17:00:00,5,6,8,17,0,60,88.0,"101, ANGLAIS (DU N° 45 A",,,Plein jour,En agglomération,Hors intersection,Normale,Autre collision,,,,,,,,,,,1,2,1,1,6
200500032404,0005-06-09 09:25:00,5,6,9,9,25,60,88.0,"5-7, SAINT-SYLVESTRE (AV",,,Plein jour,En agglomération,Intersection en X,Normale,Deux véhicules - côté,,,,,,,,,,,1,2,2,1,3
200500032405,0005-06-09 15:50:00,5,6,9,15,50,60,88.0,"163, ANGLAIS (DU N° 114",,,Plein jour,En agglomération,Hors intersection,Normale,Deux véhicules - côté,,,,,,,,,,,1,2,1,1,3
200500032406,0005-06-09 16:15:00,5,6,9,16,15,60,88.0,", MADELEINE (BD DE LA)",,,Plein jour,En agglomération,Hors intersection,Normale,Deux véhicules - côté,,,,,,,,,,,1,2,1,1,3
200500032407,0005-06-09 17:16:00,5,6,9,17,16,60,88.0,"45, GRENOBLE (ROUTE DE)",,,Plein jour,En agglomération,Hors intersection,Pluie forte,Deux véhicules - côté,,,,,,,,,,,1,2,1,3,3
200500032408,0005-06-09 18:10:00,5,6,9,18,10,60,88.0,"0, TRACHEL (RUE)",,,Plein jour,En agglomération,Intersection en X,Pluie légère,Deux véhicules - côté,,,,,,,,,,,1,2,2,2,3
200500032409,0005-06-09 20:10:00,5,6,9,20,10,60,88.0,"23, CESSOLE (BD DE) (JUS",,,Crépuscule ou aube,En agglomération,Hors intersection,Normale,Deux véhicules - côté,,,,,,,,,,,2,2,1,1,3
200500032410,0005-06-09 19:55:00,5,6,9,19,55,60,88.0,"0, ROQUEBILLIERE (R. DE)",,,Plein jour,En agglomération,Intersection en T,Pluie légère,Autre collision,,,,,,,,,,,1,2,3,2,6