accident_id,datetime,annee,mois,jour,heure,minute,departement,commune_insee,adresse,latitude,longitude,luminosite,agglomeration,intersection,meteo,collision,nb_vehicules,nb_usagers,nb_indemnes,nb_tues,nb_blesses_hosp,nb_blesses_legers,age_cond_1,age_cond_2,veh_type_cond_1,veh_type_cond_2,lum_code,agg_code,int_code,atm_code,col_code
200500032411,0005-06-10 13:20:00,5,6,10,13,20,60,88.0,"11, JOFFRE (R. MARECHAL)",,,Plein jour,En agglomération,Hors intersection,Normale,Deux véhicules - côté,,,,,,,,,,,1,2,1,1,3
200500032412,0005-06-10 15:15:00,5,6,10,15,15,60,88.0,"25, GRENOBLE (ROUTE DE)",,,Plein jour,En agglomération,Hors intersection,Normale,Trois véhicules et plus - collisions multiples,,,,,,,,,,,1,2,1,1,5
200500032413,0005-06-10 18:30:00,5,6,10,18,30,60,88.0,"0, CORNIGLION MOLINIER (",,,Plein jour,En agglomération,Hors intersection,Normale,Deux véhicules - arrière,,,,,,,,,,,1,2,1,1,2
200500032414,0005-06-10 19:30:00,5,6,10,19,30,60,88.0,"9, BARLA (RUE)",,,Plein jour,En agglomération,Hors intersection,Normale,Autre collision,,,,,,,,,,,1,2,1,1,6
200500032415,0005-06-11 01:25:00,5,6,11,1,25,60,88.0,"0, SMOLLET (R.)",,,Nuit avec éclairage allumé,En agglomération,Intersection en X,Normale,Autre collision,,,,,,,,,,,5,2,2,1,6
200500032416,0005-06-11 04:40:00,5,6,11,4,40,60,88.0,"0, ANGLAIS (DU N° 265 AU",,,Nuit avec éclairage allumé,En agglomération,Hors intersection,Normale,Deux véhicules - arrière,,,,,,,,,,,5,2,1,1,2
200500032417,0005-06-11 05:10:00,5,6,11,5,10,60,88.0,"O, GRENOBLE (ROUTE DE)",,,Nuit avec éclairage allumé,En agglomération,Hors intersection,Normale,Autre collision,,,,,,,,,,,5,2,1,1,6
200500032418,0005-06-11 13:20:00,5,6,11,13,20,60,88.0,"0, POMPIDOU (BD GEORGES)",,,Plein jour,En agglomération,Hors intersection,Normale,Trois véhicules et plus - collisions multiples,,,,,,,,,,,1,2,1,1,5
200500032419,0005-06-11 14:40:00,5,6,11,14,40,60,88.0,"0, GARIGLIANO (PONTS)",,,Plein jour,En agglomération,Intersection en X,Normale,Deux véhicules - côté,,,,,,,,,,,1,2,2,1,3
200500032420,0005-06-11 14:45:00,5,6,11,14,45,60,88.0,"0, DIGUE DES FRANCAIS (T",,,Plein jour,En agglomération,Hors intersection,Normale,Deux véhicules - côté,,,,,,,,,,,1,2,1,1,3
200500032421,0005-06-11 15:40:00,5,6,11,15,40,60,159.0,"0, NAPOLEON III (BOULEVA",,,Plein jour,Hors agglomération,Autre intersection,Normale,Deux véhicules - côté,,,,,,,,,,,1,1,9,1,3
200500032422,0005-06-11 16:00:00,5,6,11,16,0,60,88.0,"0, ANGLAIS (DU N° 265 AU",,,Plein jour,En agglomération,Intersection en T,Normale,Deux véhicules - côté,,,,,,,,,,,1,2,3,1,3
200500032423,0005-06-12 01:40:00,5,6,12,1,40,60,88.0,"5, SAINT-SYLVESTRE (AV.",,,Nuit avec éclairage allumé,En agglomération,Hors intersection,Normale,Autre collision,,,,,,,,,,,5,2,1,1,6
200500032424,0005-06-12 06:10:00,5,6,12,6,10,60,88.0,VOIE RAPIDE,,,Plein jour,Hors agglomération,Hors intersection,Normale,Deux véhicules - arrière,,,,,,,,,,,1,1,1,1,2
200500032425,0005-06-12 16:30:00,5,6,12,16,30,60,88.0,"36, CARNOT (BD)",,,Plein jour,En agglomération,Hors intersection,Normale,Sans collision,,,,,,,,,,,1,2,1,1,7
200500032426,0005-06-12 18:30:00,5,6,12,18,30,60,88.0,"4, GRAMMONT (R. DE)",,,Plein jour,En agglomération,Hors intersection,Normale,Deux véhicules - côté,,,,,,,,,,,1,2,1,1,3
200500032427,0005-06-13 00:25:00,5,6,13,0,25,60,88.0,"0, RISSO (BD)",,,Nuit avec éclairage allumé,En agglomération,Intersection en X,Normale,Deux véhicules - côté,,,,,,,,,,,5,2,2,1,3
200500032428,0005-06-13 09:30:00,5,6,13,9,30,60,88.0,"0, MONTEL (BD PAUL)",,,Plein jour,En agglomération,Hors intersection,Normale,Deux véhicules - côté,,,,,,,,,,,1,2,1,1,3
200500032429,0005-06-13 16:45:00,5,6,13,16,45,60,88.0,"0, FIGHIERA (R. DU DOCTE",,,Plein jour,En agglomération,Intersection en X,Normale,Deux véhicules - côté,,,,,,,,,,,1,2,2,1,3
200500032430,0005-06-14 01:15:00,5,6,14,1,15,60,88.0,"0, DUFOURMANTEL (AV.)",,,Nuit avec éclairage allumé,En agglomération,Hors intersection,Normale,Deux véhicules - frontale,,,,,,,,,,,5,2,1,1,1
200500032431,0005-06-14 09:15:00,5,6,14,9,15,60,88.0,"0, GRENOBLE (ROUTE DE)",,,Plein jour,En agglomération,Hors intersection,Pluie légère,Deux véhicules - côté,,,,,,,,,,,1,2,1,2,3
200500032432,0005-06-14 20:30:00,5,6,14,20,30,60,88.0,"65, ANGLAIS (DU N° 45 AU",,,Plein jour,En agglomération,Hors intersection,Pluie légère,Deux véhicules - arrière,,,,,,,,,,,1,2,1,2,2
200500032433,0005-06-15 09:45:00,5,6,15,9,45,60,88.0,"7, LIBERTE (R. DE LA)",,,Plein jour,En agglomération,Hors intersection,Normale,Autre collision,,,,,,,,,,,1,2,1,1,6
200500032434,0005-06-15 11:50:00,5,6,15,11,50,60,88.0,"65, SAPPIA (AV. HENRI)",,,Plein jour,En agglomération,Hors intersection,Normale,Autre collision,,,,,,,,,,,1,2,1,1,6
200500032435,0005-06-15 17:25:00,5,6,15,17,25,60,88.0,"0, BOTTERO (RUE)",,,Plein jour,En agglomération,Intersection en X,Normale,Deux véhicules - côté,,,,,,,,,,,1,2,2,1,3
200500032436,0005-06-15 20:00:00,5,6,15,20,0,60,88.0,"42, MADELEINE (BD DE LA)",,,Plein jour,En agglomération,Hors intersection,Normale,Deux véhicules - côté,,,,,,,,,,,1,2,1,1,3
200500032437,0005-06-16 02:30:00,5,6,16,2,30,60,88.0,"0, SALEYA (COURS)",,,Nuit avec éclairage allumé,En agglomération,Hors intersection,Normale,Autre collision,,,,,,,,,,,5,2,1,1,6
200500032438,0005-06-16 17:20:00,5,6,16,17,20,60,88.0,"0, MATISSE (AV. HENRI)",,,Plein jour,En agglomération,Hors intersection,Normale,Deux véhicules - côté,,,,,,,,,,,1,2,1,1,3
200500032439,0005-06-16 17:50:00,5,6,16,17,50,60,88.0,"75, JOLY (CORNICHE ANDRE",,,Plein jour,En agglomération,Hors intersection,Normale,Deux véhicules - côté,,,,,,,,,,,1,2,1,1,3
200500032440,0005-06-16 18:25:00,5,6,16,18,25,60,88.0,"0, ARBRE INFERIEUR (CH.",,,Plein jour,En agglomération,Intersection en X,Normale,Deux véhicules - côté,,,,,,,,,,,1,2,2,1,3
200500032441,0005-06-16 23:10:00,5,6,16,23,10,60,88.0,"0, ARIANE (BD DE L')",,,Nuit avec éclairage allumé,En agglomération,Intersection en T,Normale,Deux véhicules - côté,,,,,,,,,,,5,2,3,1,3
200500032442,0005-06-17 08:50:00,5,6,17,8,50,60,88.0,"0, GUSTAVIN (AV.)",,,Plein jour,En agglomération,Hors intersection,Normale,Deux véhicules - arrière,,,,,,,,,,,1,2,1,1,2
200500032443,0005-06-17 08:51:00,5,6,17,8,51,60,88.0,VOIE RAPIDE,,,Plein jour,Hors agglomération,Hors intersection,Normale,Deux véhicules - arrière,,,,,,,,,,,1,1,1,1,2
200500032444,0005-06-17 09:10:00,5,6,17,9,10,60,88.0,"2, FAURE (AV. FELIX)",,,Plein jour,En agglomération,Hors intersection,Normale,Autre collision,,,,,,,,,,,1,2,1,1,6
200500032445,0005-06-17 14:00:00,5,6,17,14,0,60,88.0,"04, VERDUN (AV. DE)",,,Plein jour,En agglomération,Hors intersection,Normale,Autre collision,,,,,,,,,,,1,2,1,1,6
200500032446,0005-06-17 14:45:00,5,6,17,14,45,60,88.0,"18, GEORGES V (AV.)",,,Plein jour,En agglomération,Intersection en T,Normale,Deux véhicules - frontale,,,,,,,,,,,1,2,3,1,1
200500032447,0005-06-17 16:35:00,5,6,17,16,35,60,88.0,"60, GRENOBLE (ROUTE DE)",,,Plein jour,En agglomération,Hors intersection,Normale,Autre collision,,,,,,,,,,,1,2,1,1,6
200500032448,0005-06-17 20:05:00,5,6,17,20,5,60,88.0,"0, GOIRAN (PL. GAL)",,,Plein jour,En agglomération,Hors intersection,Normale,Deux véhicules - côté,,,,,,,,,,,1,2,1,1,3
200500032449,0005-06-17 23:40:00,5,6,17,23,40,60,88.0,"0, FAURE (AV. FELIX)",,,Nuit avec éclairage allumé,En agglomération,Hors intersection,Normale,Autre collision,,,,,,,,,,,5,2,1,1,6
200500032450,0005-06-18 09:00:00,5,6,18,9,0,60,88.0,"0, ARIANE (BD DE L')",,,Plein jour,En agglomération,Intersection en T,Normale,Trois véhicules et plus - en chaîne,,,,,,,,,,,1,2,3,1,4
200500032451,0005-06-18 11:45:00,5,6,18,11,45,60,88.0,"272, CALIFORNIE (AV.) (A",,,Plein jour,En agglomération,Hors intersection,Normale,Autre collision,,,,,,,,,,,1,2,1,1,6
200500032452,0005-06-18 13:45:00,5,6,18,13,45,60,88.0,"0, DELFINO (BD GENERAL)",,,Plein jour,En agglomération,Hors intersection,Normale,Deux véhicules - côté,,,,,,,,,,,1,2,1,1,3
200500032453,0005-06-18 13:46:00,5,6,18,13,46,60,88.0,"0, VOIE RAPIDE",,,Plein jour,Hors agglomération,Hors intersection,Normale,Autre collision,,,,,,,,,,,1,1,1,1,6
200500032454,0005-06-18 13:15:00,5,6,18,13,15,60,88.0,"0, GUIGLIA (R.)",,,Plein jour,En agglomération,Intersection en X,Normale,Deux véhicules - côté,,,,,,,,,,,1,2,2,1,3
200500032455,0005-06-18 18:05:00,5,6,18,18,5,60,88.0,"71/73, CARNOT (BD)",,,Plein jour,En agglomération,Hors intersection,Normale,Deux véhicules - côté,,,,,,,,,,,1,2,1,1,3
200500032456,0005-06-18 20:00:00,5,6,18,20,0,60,88.0,"0, FONTAINE DU TEMPLE (P",,,Plein jour,En agglomération,Hors intersection,Normale,Deux véhicules - arrière,,,,,,,,,,,1,2,1,1,2
200500032457,0005-06-19 04:30:00,5,6,19,4,30,60,88.0,"0, GRENOBLE (ROUTE DE)",,,Nuit avec éclairage allumé,En agglomération,Hors intersection,Normale,Autre collision,,,,,,,,,,,5,2,1,1,6
200500032458,0005-06-20 05:10:00,5,6,20,5,10,60,88.0,ANGLAIS (DU N° 114 AU N°,,,Crépuscule ou aube,En agglomération,Hors intersection,Pluie légère,Deux véhicules - arrière,,,,,,,,,,,2,2,1,2,2
200500032459,0005-06-20 08:50:00,5,6,20,8,50,60,88.0,"22, JARDINIERS (BD DES)",,,Plein jour,En agglomération,Hors intersection,Normale,Deux véhicules - côté,,,,,,,,,,,1,2,1,1,3
200500032460,0005-06-20 09:00:00,5,6,20,9,0,60,88.0,"0, BISCHOFFSHEIM (BD)",,,Plein jour,En agglomération,Intersection en X,Normale,Deux véhicules - côté,,,,,,,,,,,1,2,2,1,3
200500032461,0005-06-20 21:00:00,5,6,20,21,0,60,88.0,BRAILLE (BD LOUIS),,,Crépuscule ou aube,En agglomération,Hors intersection,Normale,Deux véhicules - arrière,,,,,,,,,,,2,2,1,1,2
200500032462,0005-06-20 21:45:00,5,6,20,21,45,60,88.0,"0, CIMIEZ (BD) A PARTIR",,,Nuit avec éclairage allumé,En agglomération,Intersection en X,Normale,Deux véhicules - côté,,,,,,,,,,,5,2,2,1,3
200500032463,0005-06-21 08:30:00,5,6,21,8,30,60,88.0,"0, PRAT (R. DU DR LOUIS)",,,Plein jour,En agglomération,Intersection en T,Normale,Sans collision,,,,,,,,,,,1,2,3,1,7
200500032464,0005-06-21 08:00:00,5,6,21,8,0,60,88.0,"58, PASTEUR (BD)",,,Plein jour,En agglomération,Hors intersection,Normale,Sans collision,,,,,,,,,,,1,2,1,1,7
200500032465,0005-06-21 11:00:00,5,6,21,11,0,60,88.0,"à, TURIN (RTE DE)",,,Plein jour,En agglomération,Intersection en X,Normale,Deux véhicules - côté,,,,,,,,,,,1,2,2,1,3
200500032466,0005-06-21 13:20:00,5,6,21,13,20,60,88.0,"0, CASSIN (BD RENE)",,,Plein jour,En agglomération,Intersection en T,Normale,Deux véhicules - côté,,,,,,,,,,,1,2,3,1,3
200500032467,0005-06-21 14:00:00,5,6,21,14,0,60,88.0,"272, CALIFORNIE (AV.) (A",,,Plein jour,En agglomération,Hors intersection,Normale,Deux véhicules - arrière,,,,,,,,,,,1,2,1,1,2
200500032468,0005-06-21 15:30:00,5,6,21,15,30,60,88.0,"0, HUGO (BD VICTOR)",,,Plein jour,En agglomération,Intersection en X,Normale,Deux véhicules - côté,,,,,,,,,,,1,2,2,1,3
200500032469,0005-06-21 15:31:00,5,6,21,15,31,60,88.0,"0, CALIFORNIE (AV.) (DU",,,Plein jour,En agglomération,Intersection en X,Normale,Deux véhicules - côté,,,,,,,,,,,1,2,2,1,3
200500032470,0005-06-21 18:20:00,5,6,21,18,20,60,88.0,"0, HUGO (BD VICTOR)",,,Plein jour,En agglomération,Intersection en T,Normale,Deux véhicules - côté,,,,,,,,,,,1,2,3,1,3
200500032471,0005-06-21 20:35:00,5,6,21,20,35,60,88.0,"311, ANGLAIS PLAGE (DU 2",,,Crépuscule ou aube,En agglomération,Hors intersection,Normale,Autre collision,,,,,,,,,,,2,2,1,1,6
200500032472,0005-06-21 21:40:00,5,6,21,21,40,60,88.0,"21, LYAUTEY (AV. DU MAL)",,,Nuit avec éclairage allumé,En agglomération,Hors intersection,Normale,Sans collision,,,,,,,,,,,5,2,1,1,7
200500032473,0005-06-22 00:25:00,5,6,22,0,25,60,88.0,"0, GUIGLIA (R.)",,,Nuit avec éclairage allumé,En agglomération,Intersection en X,Normale,Deux véhicules - côté,,,,,,,,,,,5,2,2,1,3
200500032474,0005-06-22 03:40:00,5,6,22,3,40,60,88.0,"0, GUBERNATIS (R.)",,,Nuit avec éclairage allumé,En agglomération,Intersection en X,Normale,Deux véhicules - côté,,,,,,,,,,,5,2,2,1,3
200500032475,0005-06-22 13:25:00,5,6,22,13,25,60,88.0,"0, RAY (AV. DU)",,,Plein jour,En agglomération,Hors intersection,Normale,Deux véhicules - côté,,,,,,,,,,,1,2,1,1,3
200500032476,0005-06-22 14:00:00,5,6,22,14,0,60,88.0,"9 Bis, MONTREAL (BD DE)",,,Plein jour,En agglomération,Hors intersection,Normale,Autre collision,,,,,,,,,,,1,2,1,1,6
200500032477,0005-06-22 14:50:00,5,6,22,14,50,60,88.0,"6, SEGURANE (R.)",,,Plein jour,En agglomération,Hors intersection,Normale,Deux véhicules - côté,,,,,,,,,,,1,2,1,1,3
200500032478,0005-06-22 15:43:00,5,6,22,15,43,60,88.0,"86, ETATS UNIS (QUAI DES",,,Plein jour,En agglomération,Hors intersection,Normale,Autre collision,,,,,,,,,,,1,2,1,1,6
200500032479,0005-06-22 17:25:00,5,6,22,17,25,60,88.0,"27, HUGO (BD VICTOR)",,,Plein jour,En agglomération,Hors intersection,Normale,Autre collision,,,,,,,,,,,1,2,1,1,6
200500032480,0005-06-22 21:10:00,5,6,22,21,10,60,88.0,"0, BERLIOZ (RUE)",,,Plein jour,En agglomération,Intersection en X,Normale,Autre collision,,,,,,,,,,,1,2,2,1,6
200500032481,0005-06-23 08:30:00,5,6,23,8,30,60,88.0,"0, TURIN (RTE DE)",,,Plein jour,En agglomération,Hors intersection,Normale,Sans collision,,,,,,,,,,,1,2,1,1,7
200500032482,0005-06-23 08:50:00,5,6,23,8,50,60,88.0,"25, MONTEL (BD PAUL)",,,Plein jour,En agglomération,Hors intersection,Normale,Deux véhicules - côté,,,,,,,,,,,1,2,1,1,3
200500032483,0005-06-23 10:00:00,5,6,23,10,0,60,88.0,"03, GAL (R. AUGUSTE)",,,Plein jour,En agglomération,Hors intersection,Normale,Autre collision,,,,,,,,,,,1,2,1,1,6
200500032484,0005-06-23 11:20:00,5,6,23,11,20,60,88.0,"17, ASSALIT (RUE)",,,Plein jour,En agglomération,Hors intersection,Normale,Autre collision,,,,,,,,,,,1,2,1,1,6
200500032485,0005-06-23 14:00:00,5,6,23,14,0,60,88.0,"35, ANGLAIS (DU N° 1 AU",,,Plein jour,En agglomération,Hors intersection,Normale,Autre collision,,,,,,,,,,,1,2,1,1,6
200500032486,0005-06-23 15:15:00,5,6,23,15,15,60,88.0,"0, ROQUEBILLIERE (R. DE)",,,Plein jour,En agglomération,Intersection en X,Normale,Deux véhicules - côté,,,,,,,,,,,1,2,2,1,3
200500032487,0005-06-23 18:20:00,5,6,23,18,20,60,88.0,"90, JOLY (CORNICHE ANDRE",,,Plein jour,En agglomération,Intersection en X,Normale,Deux véhicules - côté,,,,,,,,,,,1,2,2,1,3
200500032488,0005-06-24 10:40:00,5,6,24,10,40,60,88.0,"0, SAINT-JEAN BAPTISTE (",,,Plein jour,En agglomération,Intersection en T,Normale,Deux véhicules - côté,,,,,,,,,,,1,2,3,1,3
200500032489,0005-06-24 13:50:00,5,6,24,13,50,60,88.0,"0, VALPERGA (R.)",,,Plein jour,En agglomération,Hors intersection,Normale,Deux véhicules - frontale,,,,,,,,,,,1,2,1,1,1
200500032490,0005-06-24 18:15:00,5,6,24,18,15,60,88.0,"45, CASSIN (BD RENE)",,,Plein jour,En agglomération,Hors intersection,Normale,Deux véhicules - arrière,,,,,,,,,,,1,2,1,1,2
200500032491,0005-06-24 22:50:00,5,6,24,22,50,60,88.0,ANGLAIS (DU N° 265 AU N°,,,Nuit avec éclairage allumé,En agglomération,Hors intersection,Normale,Deux véhicules - côté,,,,,,,,,,,5,2,1,1,3
200500032492,0005-06-25 08:20:00,5,6,25,8,20,60,88.0,"87, ETATS UNIS (QUAI DES",,,Plein jour,En agglomération,Hors intersection,Normale,Deux véhicules - arrière,,,,,,,,,,,1,2,1,1,2
200500032493,0005-06-25 14:30:00,5,6,25,14,30,60,88.0,"95, TURIN (RTE DE)",,,Plein jour,En agglomération,Hors intersection,Normale,Trois véhicules et plus - collisions multiples,,,,,,,,,,,1,2,1,1,5
200500032494,0005-06-25 21:30:00,5,6,25,21,30,60,88.0,"0, ROSSINI (R.)",,,Nuit avec éclairage allumé,En agglomération,Intersection en X,Normale,Deux véhicules - côté,,,,,,,,,,,5,2,2,1,3
200500032495,0005-06-25 22:30:00,5,6,25,22,30,60,88.0,"0, NOUVELLES (AV.)",,,Nuit avec éclairage allumé,En agglomération,Hors intersection,Normale,Autre collision,,,,,,,,,,,5,2,1,1,6
200500032496,0005-06-26 10:30:00,5,6,26,10,30,60,88.0,"0, ARIANE (BD DE L')",,,Plein jour,En agglomération,Hors intersection,Normale,Deux véhicules - côté,,,,,,,,,,,1,2,1,1,3
200500032497,0005-06-27 03:20:00,5,6,27,3,20,60,88.0,"53, ANGLAIS (DU N° 45 AU",,,Nuit avec éclairage allumé,En agglomération,Hors intersection,Normale,Trois véhicules et plus - collisions multiples,,,,,,,,,,,5,2,1,1,5
200500032498,0005-06-27 13:00:00,5,6,27,13,0,60,88.0,"0, GASSIN (R. COLONEL)",,,Plein jour,En agglomération,Hors intersection,Normale,Autre collision,,,,,,,,,,,1,2,1,1,6
200500032499,0005-06-27 13:10:00,5,6,27,13,10,60,88.0,"72, GAMBETTA (A PARTIR D",,,Plein jour,En agglomération,Hors intersection,Normale,Autre collision,,,,,,,,,,,1,2,1,1,6
200500032500,0005-06-27 14:00:00,5,6,27,14,0,60,88.0,"0, LASCARIS (R.)",,,Plein jour,En agglomération,Intersection en X,Normale,Deux véhicules - côté,,,,,,,,,,,1,2,2,1,3
200500032501,0005-06-27 14:55:00,5,6,27,14,55,60,88.0,"58, PASTEUR (BD)",,,Plein jour,En agglomération,Hors intersection,Normale,Autre collision,,,,,,,,,,,1,2,1,1,6
200500032502,0005-06-28 00:40:00,5,6,28,0,40,60,88.0,"0, HANCY (R.)",,,Nuit avec éclairage allumé,En agglomération,Intersection en X,Normale,Deux véhicules - côté,,,,,,,,,,,5,2,2,1,3
200500032503,0005-06-28 06:45:00,5,6,28,6,45,60,88.0,"0, ANGLAIS (DU N° 265 AU",,,Crépuscule ou aube,En agglomération,Intersection en X,Normale,Deux véhicules - côté,,,,,,,,,,,2,2,2,1,3
200500032504,0005-06-28 11:00:00,5,6,28,11,0,60,88.0,"8, CLUVIER (RUE)",,,Plein jour,En agglomération,Hors intersection,Normale,Autre collision,,,,,,,,,,,1,2,1,1,6
200500032505,0005-06-28 15:00:00,5,6,28,15,0,60,88.0,"30, MAETERLINCK (BD M.)",,,Plein jour,En agglomération,Hors intersection,Normale,Deux véhicules - côté,,,,,,,,,,,1,2,1,1,3
200500032506,0005-06-28 18:50:00,5,6,28,18,50,60,88.0,"95, ANGLAIS (DU N° 45 AU",,,Plein jour,En agglomération,Hors intersection,Normale,Deux véhicules - côté,,,,,,,,,,,1,2,1,1,3
200500032507,0005-06-28 19:00:00,5,6,28,19,0,60,88.0,DIGUE DES FRANCAIS (TRAV,,,Plein jour,En agglomération,Intersection en T,Normale,Deux véhicules - côté,,,,,,,,,,,1,2,3,1,3
200500032508,0005-06-28 19:45:00,5,6,28,19,45,60,88.0,"51, CESSOLE (BD DE) (A P",,,Plein jour,En agglomération,Hors intersection,Normale,Autre collision,,,,,,,,,,,1,2,1,1,6
200500032509,0005-06-28 20:00:00,5,6,28,20,0,60,88.0,"27, MONTEL (BD PAUL)",,,Plein jour,En agglomération,Hors intersection,Normale,Deux véhicules - côté,,,,,,,,,,,1,2,1,1,3
200500032510,0005-06-29 13:20:00,5,6,29,13,20,60,88.0,"0, FABRON (AV. DE) (A PA",,,Plein jour,En agglomération,Hors intersection,Normale,Deux véhicules - côté,,,,,,,,,,,1,2,1,1,3
200500032511,0005-06-29 16:00:00,5,6,29,16,0,60,88.0,"0, ARENES DE CIMIEZ (AV.",,,Plein jour,En agglomération,Intersection en T,Normale,Deux véhicules - côté,,,,,,,,,,,1,2,3,1,3
200500032512,0005-06-29 18:05:00,5,6,29,18,5,60,88.0,"0, SULZER (R.)",,,Plein jour,En agglomération,Hors intersection,Normale,Autre collision,,,,,,,,,,,1,2,1,1,6
200500032513,0005-06-29 17:15:00,5,6,29,17,15,60,88.0,"09, MONTEL (BD PAUL)",,,Plein jour,En agglomération,Hors intersection,Normale,Autre collision,,,,,,,,,,,1,2,1,1,6
200500032514,0005-06-29 19:46:00,5,6,29,19,46,60,88.0,"0, GRENOBLE (ROUTE DE)",,,Plein jour,En agglomération,Intersection en T,Normale,Deux véhicules - côté,,,,,,,,,,,1,2,3,1,3
200500032515,0005-06-29 20:14:00,5,6,29,20,14,60,88.0,", ROSSETTI (R.)",,,Plein jour,En agglomération,Hors intersection,Normale,Autre collision,,,,,,,,,,,1,2,1,1,6
200500032516,0005-06-29 20:25:00,5,6,29,20,25,60,88.0,"0, CANTA GALET (RTE DE)",,,Plein jour,En agglomération,Hors intersection,Normale,Deux véhicules - frontale,,,,,,,,,,,1,2,1,1,1
200500032517,0005-06-29 21:10:00,5,6,29,21,10,60,88.0,"0, FODERE (R. ET IMP.)",,,Nuit avec éclairage allumé,En agglomération,Hors intersection,Normale,Deux véhicules - côté,,,,,,,,,,,5,2,1,1,3
200500032518,0005-06-29 22:50:00,5,6,29,22,50,60,88.0,"55, BRAILLE (BD LOUIS)",,,Nuit avec éclairage allumé,En agglomération,Hors intersection,Normale,Autre collision,,,,,,,,,,,5,2,1,1,6
200500032519,0005-06-29 23:30:00,5,6,29,23,30,60,88.0,"168, CALIFORNIE (AV.) (D",,,Nuit avec éclairage allumé,En agglomération,Hors intersection,Normale,Deux véhicules - arrière,,,,,,,,,,,5,2,1,1,2
200500032520,0005-06-30 09:45:00,5,6,30,9,45,60,88.0,"0, ALBERTI (RUE)",,,Plein jour,En agglomération,Intersection en X,Normale,Autre collision,,,,,,,,,,,1,2,2,1,6
200500032521,0005-06-30 11:00:00,5,6,30,11,0,60,88.0,"0, HUGO (BD VICTOR)",,,Plein jour,En agglomération,Intersection en X,Normale,Deux véhicules - côté,,,,,,,,,,,1,2,2,1,3
200500032522,0005-06-30 13:22:00,5,6,30,13,22,60,88.0,"0, MICHEL ANGE (AV.) (A",,,Plein jour,En agglomération,Intersection en X,Normale,Deux véhicules - côté,,,,,,,,,,,1,2,2,1,3
200500032523,0005-06-30 19:30:00,5,6,30,19,30,60,88.0,"0, GAMBETTA (A PARTIR DU",,,Plein jour,En agglomération,Hors intersection,Normale,Autre collision,,,,,,,,,,,1,2,1,1,6
200500032524,0005-06-30 19:40:00,5,6,30,19,40,60,88.0,"0, MIRABEAU (AV.)",,,Plein jour,En agglomération,Intersection en X,Normale,Deux véhicules - côté,,,,,,,,,,,1,2,2,1,3
200500032525,0005-06-30 19:31:00,5,6,30,19,31,60,88.0,"10, FAURE (AV. FELIX)",,,Plein jour,En agglomération,Hors intersection,Normale,Autre collision,,,,,,,,,,,1,2,1,1,6
200500032526,0005-06-04 11:00:00,5,6,4,11,0,70,10.0,121 RD N°,,,Plein jour,Hors agglomération,Hors intersection,Normale,Deux véhicules - frontale,,,,,,,,,,,1,1,1,1,1
200500032527,0005-06-14 17:30:00,5,6,14,17,30,70,10.0,VOGUE (RUE MELCHIOR DE),,,Plein jour,En agglomération,Intersection en X,Pluie forte,Deux véhicules - côté,,,,,,,,,,,1,2,2,3,3
200500032528,0005-06-25 18:35:00,5,6,25,18,35,70,10.0,JANVIER (RUE FERDINAND),,,Plein jour,En agglomération,Hors intersection,Normale,Trois véhicules et plus - collisions multiples,,,,,,,,,,,1,2,1,1,5
200500032529,0005-06-22 13:50:00,5,6,22,13,50,70,10.0,"08, REPUBLIQUE (BOULEVAR",,,Plein jour,En agglomération,Hors intersection,Normale,Deux véhicules - arrière,,,,,,,,,,,1,2,1,1,2
200500032530,0005-06-25 15:05:00,5,6,25,15,5,70,10.0,"G2, ZODIAQUE (CITE DU)",,,Plein jour,En agglomération,Hors intersection,Normale,Sans collision,,,,,,,,,,,1,2,1,1,7
200500032531,0005-06-10 12:20:00,5,6,10,12,20,70,19.0,MONTELIMAR ( ROUTE DE ),,,Plein jour,En agglomération,Intersection en T,Normale,Deux véhicules - arrière,,,,,,,,,,,1,2,3,1,2
200500032532,0005-06-03 17:30:00,5,6,3,17,30,70,281.0,"4, VIEUX PONT (RUE DU)",,,Plein jour,En agglomération,Intersection en T,Normale,Deux véhicules - côté,,,,,,,,,,,1,2,3,1,3
200500032533,0005-06-21 10:15:00,5,6,21,10,15,70,102.0,LANGUEDOC (Rue du),,,Plein jour,En agglomération,Giratoire,Normale,Deux véhicules - côté,,,,,,,,,,,1,2,6,1,3
200500032534,0005-06-26 20:00:00,5,6,26,20,0,70,281.0,C.D.533,,,Plein jour,Hors agglomération,Hors intersection,Normale,Sans collision,,,,,,,,,,,1,1,1,1,7
200500032535,0005-06-29 14:35:00,5,6,29,14,35,70,281.0,LIBERATION (CARREFOUR DE,,,Plein jour,Hors agglomération,Giratoire,Normale,Sans collision,,,,,,,,,,,1,1,6,1,7
200500032536,0005-06-01 19:45:00,5,6,1,19,45,80,105.0,"38, FERROUL",,,Plein jour,En agglomération,Hors intersection,Normale,Deux véhicules - côté,,,,,,,,,,,1,2,1,1,3
200500032537,0005-06-08 10:35:00,5,6,8,10,35,80,105.0,"4, MANTOUE",,,Plein jour,En agglomération,Hors intersection,Normale,Autre collision,,,,,,,,,,,1,2,1,1,6
200500032538,0005-06-05 03:20:00,5,6,5,3,20,80,409.0,"13, ROVIGO 5RUE)",,,Nuit avec éclairage allumé,En agglomération,Hors intersection,Normale,Autre collision,,,,,,,,,,,5,2,1,1,6
200500032539,0005-06-22 09:50:00,5,6,22,9,50,80,409.0,"67, FOND DE GIVONNE (FAU",,,Plein jour,En agglomération,Hors intersection,Normale,Deux véhicules - côté,,,,,,,,,,,1,2,1,1,3
200500032540,0005-06-06 10:22:00,5,6,6,10,22,90,122.0,"10, BOUYCHERES (COURS)",,,Plein jour,En agglomération,Hors intersection,Normale,Deux véhicules - arrière,,,,,,,,,,,1,2,1,1,2
200500032541,0005-06-09 12:45:00,5,6,9,12,45,90,122.0,"25, IRENE CROS (COURS)",,,Plein jour,En agglomération,Hors intersection,Normale,Autre collision,,,,,,,,,,,1,2,1,1,6