accident_id,datetime,annee,mois,jour,heure,minute,departement,commune_insee,adresse,latitude,longitude,luminosite,agglomeration,intersection,meteo,collision,nb_vehicules,nb_usagers,nb_indemnes,nb_tues,nb_blesses_hosp,nb_blesses_legers,age_cond_1,age_cond_2,veh_type_cond_1,veh_type_cond_2,lum_code,agg_code,int_code,atm_code,col_code
200500032542,0005-06-08 14:50:00,5,6,8,14,50,90,122.0,LABARRE,,,Plein jour,Hors agglomération,Hors intersection,Normale,Autre collision,,,,,,,,,,,1,1,1,1,6
200500032543,0005-06-21 06:35:00,5,6,21,6,35,90,122.0,20 (R.N.) COTE SUD DU TU,,,Crépuscule ou aube,Hors agglomération,Hors intersection,Normale,Sans collision,,,,,,,,,,,2,1,1,1,7
200500032544,0005-06-19 11:15:00,5,6,19,11,15,90,122.0,", LABARRE",,,Plein jour,En agglomération,Hors intersection,Normale,Deux véhicules - arrière,,,,,,,,,,,1,2,1,1,2
200500032545,0005-06-25 10:30:00,5,6,25,10,30,90,122.0,LECLERC (AVENUE DU GENER,,,Plein jour,En agglomération,Hors intersection,Normale,Deux véhicules - côté,,,,,,,,,,,1,2,1,1,3
200500032546,0005-06-04 09:10:00,5,6,4,9,10,90,225.0,"00, MIREPOIX ROUTE DE",,,Plein jour,Hors agglomération,Hors intersection,Autre,Trois véhicules et plus - en chaîne,,,,,,,,,,,1,1,1,9,4
200500032547,0005-06-05 13:23:00,5,6,5,13,23,90,225.0,"17, MAQUISARDS PROMENADE",,,Plein jour,En agglomération,Hors intersection,Normale,Autre collision,,,,,,,,,,,1,2,1,1,6
200500032548,0005-06-15 20:00:00,5,6,15,20,0,90,225.0,ESCOSSE CHEMIN D',,,Plein jour,Hors agglomération,Hors intersection,Normale,Sans collision,,,,,,,,,,,1,1,1,1,7
200500032549,0005-06-07 05:40:00,5,6,7,5,40,100,387.0,VICTOR HUGO (RUE),,,Plein jour,En agglomération,Intersection en X,Normale,Autre collision,,,,,,,,,,,1,2,2,1,6
200500032550,0005-06-07 17:15:00,5,6,7,17,15,100,343.0,"10, DANTON (RUE)",,,Plein jour,En agglomération,Hors intersection,Normale,Autre collision,,,,,,,,,,,1,2,1,1,6
200500032551,0005-06-04 21:35:00,5,6,4,21,35,100,387.0,MARTYRS DE LA RESISTANCE,,,Nuit avec éclairage allumé,En agglomération,Intersection en T,Normale,Deux véhicules - côté,,,,,,,,,,,5,2,3,1,3
200500032552,0005-06-09 14:05:00,5,6,9,14,5,100,387.0,"1, PAUL DUBOIS (RUE)",,,Plein jour,En agglomération,Hors intersection,Normale,Autre collision,,,,,,,,,,,1,2,1,1,6
200500032553,0005-06-12 18:30:00,5,6,12,18,30,100,387.0,"000, SOEST (RUE)",,,Plein jour,En agglomération,Intersection en T,Normale,Deux véhicules - côté,,,,,,,,,,,1,2,3,1,3
200500032554,0005-06-11 18:50:00,5,6,11,18,50,100,387.0,"000, CLAUDE HUEZ (RUE)",,,Plein jour,En agglomération,Hors intersection,Normale,Deux véhicules - côté,,,,,,,,,,,1,2,1,1,3
200500032555,0005-06-14 08:00:00,5,6,14,8,0,100,387.0,"000, CARNOT (RUE)",,,Plein jour,En agglomération,Hors intersection,Pluie forte,Autre collision,,,,,,,,,,,1,2,1,3,6
200500032556,0005-06-13 23:30:00,5,6,13,23,30,100,81.0,"000, GENERAL SARRAIL (AV",,,Nuit avec éclairage allumé,En agglomération,Intersection en X,Normale,Deux véhicules - frontale,,,,,,,,,,,5,2,2,1,1
200500032557,0005-06-14 14:35:00,5,6,14,14,35,100,343.0,"65, DIJON (RUE DE)",,,Plein jour,En agglomération,Hors intersection,Normale,Autre collision,,,,,,,,,,,1,2,1,1,6
200500032558,0005-06-22 01:00:00,5,6,22,1,0,100,387.0,"000, SOMME (RUE DE LA)",,,Nuit avec éclairage allumé,En agglomération,Intersection en X,Normale,Deux véhicules - côté,,,,,,,,,,,5,2,2,1,3
200500032559,0005-06-16 10:05:00,5,6,16,10,5,100,387.0,"10, GODARD PILLAVEINE (R",,,Plein jour,En agglomération,Hors intersection,Normale,Autre collision,,,,,,,,,,,1,2,1,1,6
200500032560,0005-06-26 20:05:00,5,6,26,20,5,100,387.0,"000, FRANCOIS SERQUEIL (",,,Plein jour,En agglomération,Intersection en X,Normale,Deux véhicules - côté,,,,,,,,,,,1,2,2,1,3
200500032561,0005-06-27 17:15:00,5,6,27,17,15,100,81.0,"00, FRERES MICHELIN (RUE",,,Plein jour,En agglomération,Intersection en X,Normale,Deux véhicules - côté,,,,,,,,,,,1,2,2,1,3
200500032562,0005-06-11 02:20:00,5,6,11,2,20,110,69.0,"15, JOLIOT CURIE -CITE-",,,Nuit avec éclairage allumé,En agglomération,Intersection en X,Normale,Deux véhicules - frontale,,,,,,,,,,,5,2,2,1,1
200500032563,0005-06-17 23:10:00,5,6,17,23,10,110,262.0,"1, RN 009 NARBONNE /  PE",,,Nuit avec éclairage non allumé,En agglomération,Hors intersection,Normale,Deux véhicules - côté,,,,,,,,,,,4,2,1,1,3
200500032564,0005-06-16 07:50:00,5,6,16,7,50,110,262.0,CARNOT (AVENUE),,,Crépuscule ou aube,En agglomération,Intersection en T,Normale,Deux véhicules - côté,,,,,,,,,,,2,2,3,1,3
200500032565,0005-06-20 08:50:00,5,6,20,8,50,120,89.0,LE COMBAL RN 140,,,Plein jour,Hors agglomération,Intersection en X,Normale,Deux véhicules - côté,,,,,,,,,,,1,1,2,1,3
200500032566,0005-06-09 12:30:00,5,6,9,12,30,120,202.0,"3, MADELEINE (PLACE DE L",,,Plein jour,En agglomération,Intersection en X,Normale,Deux véhicules - arrière,,,,,,,,,,,1,2,2,1,2
200500032567,0005-06-14 11:28:00,5,6,14,11,28,120,202.0,122IEME R.I. (BOULEVARD,,,Plein jour,En agglomération,Intersection en T,Normale,Deux véhicules - côté,,,,,,,,,,,1,2,3,1,3
200500032568,0005-06-29 07:55:00,5,6,29,7,55,120,202.0,FRANCOIS FABIE (BOULEVAR,,,Plein jour,En agglomération,Intersection en Y,Normale,Autre collision,,,,,,,,,,,1,2,4,1,6
200500032569,0005-06-08 12:30:00,5,6,8,12,30,130,1.0,BERRE (ROUTE DE),,,Plein jour,En agglomération,Hors intersection,Normale,Deux véhicules - côté,,,,,,,,,,,1,2,1,1,3
200500032570,0005-06-08 08:55:00,5,6,8,8,55,130,1.0,"29, SCHUMAN ROBERT (AV)",,,Plein jour,En agglomération,Autre intersection,Normale,Deux véhicules - côté,,,,,,,,,,,1,2,9,1,3
200500032571,0005-06-09 14:30:00,5,6,9,14,30,130,1.0,"43, BROSSOLETTE PIERRE (",,,Plein jour,En agglomération,Intersection en X,Normale,Deux véhicules - frontale,,,,,,,,,,,1,2,2,1,1
200500032572,0005-06-10 16:00:00,5,6,10,16,0,130,1.0,"15, GALICE (RTE)",,,Plein jour,En agglomération,Hors intersection,Normale,Deux véhicules - arrière,,,,,,,,,,,1,2,1,1,2
200500032573,0005-06-14 07:30:00,5,6,14,7,30,130,1.0,"465, RD 14",,,Plein jour,En agglomération,Hors intersection,Normale,Deux véhicules - arrière,,,,,,,,,,,1,2,1,1,2
200500032574,0005-06-15 08:30:00,5,6,15,8,30,130,1.0,GALICE (RTE DE),,,Plein jour,En agglomération,Hors intersection,Normale,Deux véhicules - arrière,,,,,,,,,,,1,2,1,1,2
200500032575,0005-06-10 07:30:00,5,6,10,7,30,130,1.0,EGUILLES (CH D'),,,Plein jour,En agglomération,Hors intersection,Normale,Deux véhicules - arrière,,,,,,,,,,,1,2,1,1,2
200500032576,0005-06-17 05:20:00,5,6,17,5,20,130,1.0,ENFANT (RTE DE L'),,,Crépuscule ou aube,En agglomération,Intersection en X,Normale,Deux véhicules - côté,,,,,,,,,,,2,2,2,1,3
200500032577,0005-06-21 13:50:00,5,6,21,13,50,130,1.0,"1420, R.N 8",,,Plein jour,En agglomération,Intersection en Y,Normale,Deux véhicules - côté,,,,,,,,,,,1,2,4,1,3
200500032578,0005-06-21 21:45:00,5,6,21,21,45,130,1.0,GALICE (RTE),,,Nuit avec éclairage allumé,En agglomération,Hors intersection,Normale,Deux véhicules - côté,,,,,,,,,,,5,2,1,1,3
200500032579,0005-06-27 05:15:00,5,6,27,5,15,130,1.0,"1510, R.N 296",,,Crépuscule ou aube,En agglomération,Hors intersection,Normale,Sans collision,,,,,,,,,,,2,2,1,1,7
200500032580,0005-06-05 01:10:00,5,6,5,1,10,130,4.0,GALILEE RUE,,,Nuit avec éclairage allumé,En agglomération,Hors intersection,Normale,Sans collision,,,,,,,,,,,5,2,1,1,7
200500032581,0005-06-08 12:20:00,5,6,8,12,20,130,4.0,R.N N570,,,Plein jour,En agglomération,Hors intersection,Normale,Trois véhicules et plus - collisions multiples,,,,,,,,,,,1,2,1,1,5
200500032582,0005-06-08 19:53:00,5,6,8,19,53,130,4.0,STALINGRAD AVENUE DE,,,Plein jour,En agglomération,Hors intersection,Normale,Deux véhicules - arrière,,,,,,,,,,,1,2,1,1,2
200500032583,0005-06-20 16:10:00,5,6,20,16,10,130,4.0,RN 453,,,Plein jour,En agglomération,Hors intersection,Normale,Deux véhicules - frontale,,,,,,,,,,,1,2,1,1,1
200500032584,0005-06-30 14:25:00,5,6,30,14,25,130,4.0,LICES BOULEVARD DES,,,Plein jour,En agglomération,Hors intersection,Normale,Deux véhicules - arrière,,,,,,,,,,,1,2,1,1,2
200500032585,0005-06-14 15:10:00,5,6,14,15,10,130,5.0,CD 2 (CAMP MAJOR),,,Plein jour,En agglomération,Hors intersection,Normale,Autre collision,,,,,,,,,,,1,2,1,1,6
200500032586,0005-06-16 18:45:00,5,6,16,18,45,130,5.0,BEAUDINARD (CHEMIN DE ),,,Plein jour,En agglomération,Intersection en T,Normale,Deux véhicules - frontale,,,,,,,,,,,1,2,3,1,1
200500032587,0005-06-29 11:20:00,5,6,29,11,20,130,5.0,DIX NEUF MARS 1962 (AVEN,,,Plein jour,En agglomération,Hors intersection,Normale,Trois véhicules et plus - collisions multiples,,,,,,,,,,,1,2,1,1,5
200500032588,0005-06-05 15:10:00,5,6,5,15,10,130,28.0,CD 559 (CHEMIN DEPARTEME,,,Plein jour,En agglomération,Hors intersection,Normale,Deux véhicules - côté,,,,,,,,,,,1,2,1,1,3
200500032589,0005-06-07 12:42:00,5,6,7,12,42,130,28.0,"55-57, GASSION (AVENUE F",,,Plein jour,En agglomération,Hors intersection,Normale,Deux véhicules - côté,,,,,,,,,,,1,2,1,1,3
200500032590,0005-06-11 16:04:00,5,6,11,16,4,130,28.0,"7, FONTSAINTE (AVENUE DE",,,Plein jour,En agglomération,Hors intersection,Normale,Deux véhicules - arrière,,,,,,,,,,,1,2,1,1,2
200500032591,0005-06-17 19:50:00,5,6,17,19,50,130,28.0,DULAC (AVENUE GUILLAUME),,,Plein jour,En agglomération,Hors intersection,Normale,Deux véhicules - côté,,,,,,,,,,,1,2,1,1,3
200500032592,0005-06-23 17:00:00,5,6,23,17,0,130,28.0,CIGALES (BOULEVARD DES),,,Plein jour,En agglomération,Hors intersection,Normale,Deux véhicules - côté,,,,,,,,,,,1,2,1,1,3
200500032593,0005-06-25 16:35:00,5,6,25,16,35,130,28.0,BODIN (AVENUE EMILE),,,Plein jour,En agglomération,Hors intersection,Temps éblouissant,Deux véhicules - côté,,,,,,,,,,,1,2,1,7,3
200500032594,0005-06-25 15:50:00,5,6,25,15,50,130,28.0,SUBILIA (AVENUE ERNEST ),,,Plein jour,En agglomération,Intersection en Y,Normale,Deux véhicules - côté,,,,,,,,,,,1,2,4,1,3
200500032595,0005-06-02 17:20:00,5,6,2,17,20,130,47.0,LOUIS ARAGON BOULEVARD D,,,Plein jour,En agglomération,Hors intersection,Normale,Deux véhicules - arrière,,,,,,,,,,,1,2,1,1,2
200500032596,0005-06-10 23:00:00,5,6,10,23,0,130,47.0,MARCEL ROUSTAN AVENUE,,,Nuit avec éclairage non allumé,En agglomération,Hors intersection,Normale,Deux véhicules - côté,,,,,,,,,,,4,2,1,1,3
200500032597,0005-06-02 08:00:00,5,6,2,8,0,130,47.0,,,,Plein jour,En agglomération,Giratoire,Normale,Deux véhicules - côté,,,,,,,,,,,1,2,6,1,3
200500032598,0005-06-17 23:30:00,5,6,17,23,30,130,47.0,ALDERIC CHAVE AVENUE,,,Nuit avec éclairage allumé,En agglomération,Hors intersection,Normale,Deux véhicules - frontale,,,,,,,,,,,5,2,1,1,1
200500032599,0005-06-27 13:55:00,5,6,27,13,55,130,47.0,VARAGE AVENUE DES,,,Plein jour,Hors agglomération,Hors intersection,Normale,Deux véhicules - frontale,,,,,,,,,,,1,1,1,1,1
200500032600,0005-06-02 11:50:00,5,6,2,11,50,130,102.0,ABBADIE  BLD,,,Plein jour,En agglomération,Hors intersection,Normale,Deux véhicules - arrière,,,,,,,,,,,1,2,1,1,2
200500032601,0005-06-02 15:30:00,5,6,2,15,30,130,102.0,JUIN  AVENUE MARECHAL,,,Plein jour,En agglomération,Intersection en Y,Normale,Deux véhicules - côté,,,,,,,,,,,1,2,4,1,3
200500032602,0005-06-03 19:20:00,5,6,3,19,20,130,43.0,POUSARAQUE  AVENUE DE LA,,,Plein jour,En agglomération,Intersection en T,Normale,Deux véhicules - côté,,,,,,,,,,,1,2,3,1,3
200500032603,0005-06-05 20:45:00,5,6,5,20,45,130,54.0,CD9,,,Plein jour,En agglomération,Hors intersection,Normale,Autre collision,,,,,,,,,,,1,2,1,1,6
200500032604,0005-06-06 19:20:00,5,6,6,19,20,130,54.0,"7, PONSARDE  CHEMIN DE L",,,Plein jour,En agglomération,Hors intersection,Normale,Autre collision,,,,,,,,,,,1,2,1,1,6
200500032605,0005-06-07 21:20:00,5,6,7,21,20,130,54.0,MAI-45 AV DU 8,,,Plein jour,En agglomération,Hors intersection,Normale,Deux véhicules - côté,,,,,,,,,,,1,2,1,1,3
200500032606,0005-06-17 19:15:00,5,6,17,19,15,130,54.0,"33, MERMOZ  RUE JEAN",,,Plein jour,En agglomération,Intersection en X,Normale,Deux véhicules - côté,,,,,,,,,,,1,2,2,1,3
200500032607,0005-06-18 15:15:00,5,6,18,15,15,130,54.0,CD9,,,Plein jour,En agglomération,Hors intersection,Normale,Autre collision,,,,,,,,,,,1,2,1,1,6
200500032608,0005-06-19 11:55:00,5,6,19,11,55,130,43.0,MEDITERRANEE  AVENUE DE,,,Plein jour,En agglomération,Hors intersection,Normale,Autre collision,,,,,,,,,,,1,2,1,1,6
200500032609,0005-06-20 12:35:00,5,6,20,12,35,130,54.0,CD 9,,,Plein jour,En agglomération,Hors intersection,Normale,Deux véhicules - arrière,,,,,,,,,,,1,2,1,1,2
200500032610,0005-06-20 18:00:00,5,6,20,18,0,130,54.0,HUIT MAI 1945  AVE DU,,,Plein jour,En agglomération,Hors intersection,Normale,Deux véhicules - arrière,,,,,,,,,,,1,2,1,1,2
200500032611,0005-06-22 00:10:00,5,6,22,0,10,130,43.0,MEDITERRANEE  AVENUE DE,,,Nuit sans éclairage public,En agglomération,Intersection en T,Normale,Deux véhicules - côté,,,,,,,,,,,3,2,3,1,3
200500032612,0005-06-20 20:20:00,5,6,20,20,20,130,54.0,BROSSOLETTE  RUE PIERRE,,,Plein jour,En agglomération,Hors intersection,Normale,Autre collision,,,,,,,,,,,1,2,1,1,6
200500032613,0005-06-25 14:30:00,5,6,25,14,30,130,43.0,REPUBLIQUE  AVENUE DE LA,,,Plein jour,En agglomération,Hors intersection,Normale,Autre collision,,,,,,,,,,,1,2,1,1,6
200500032614,0005-06-26 22:15:00,5,6,26,22,15,130,54.0,MAI-45 AV DU 8,,,Nuit avec éclairage allumé,En agglomération,Autre intersection,Normale,Deux véhicules - côté,,,,,,,,,,,5,2,9,1,3
200500032615,0005-06-26 19:30:00,5,6,26,19,30,130,54.0,"72, LACANAU  AVENUE DE",,,Plein jour,En agglomération,Hors intersection,Normale,Deux véhicules - côté,,,,,,,,,,,1,2,1,1,3
200500032616,0005-06-30 18:50:00,5,6,30,18,50,130,43.0,POUSARAQUE  AVENUE DE LA,,,Plein jour,En agglomération,Hors intersection,Normale,Deux véhicules - côté,,,,,,,,,,,1,2,1,1,3
200500032617,0005-06-03 15:00:00,5,6,3,15,0,130,55.0,FRANKLIN-ROOSEVELT N°1 A,,,Plein jour,En agglomération,Autre intersection,Normale,Deux véhicules - arrière,,,,,,,,,,,1,2,9,1,2
200500032618,0005-06-03 23:00:00,5,6,3,23,0,130,55.0,"202, FLEMING (BD ALEXAND",,,Nuit avec éclairage allumé,En agglomération,Hors intersection,Normale,Autre collision,,,,,,,,,,,5,2,1,1,6
200500032619,0005-06-05 07:40:00,5,6,5,7,40,130,55.0,BOURDET (BD MAURICE),,,Plein jour,En agglomération,Intersection en X,Normale,Deux véhicules - côté,,,,,,,,,,,1,2,2,1,3
200500032620,0005-06-06 21:03:00,5,6,6,21,3,130,55.0,"256, VILLECROZE LOUIS (B",,,Nuit avec éclairage allumé,En agglomération,Hors intersection,Normale,Autre collision,,,,,,,,,,,5,2,1,1,6
200500032621,0005-06-06 15:00:00,5,6,6,15,0,130,55.0,LYON (RUE DE),,,Plein jour,En agglomération,Hors intersection,Normale,Deux véhicules - côté,,,,,,,,,,,1,2,1,1,3
200500032622,0005-06-03 17:30:00,5,6,3,17,30,130,55.0,MONTOLIVET (AVENUE DE),,,Plein jour,En agglomération,Intersection en T,Temps éblouissant,Deux véhicules - côté,,,,,,,,,,,1,2,3,7,3
200500032623,0005-06-02 17:20:00,5,6,2,17,20,130,55.0,"166, MAZARGUES (AV DE)",,,Plein jour,En agglomération,Hors intersection,Normale,Deux véhicules - arrière,,,,,,,,,,,1,2,1,1,2
200500032624,0005-06-08 04:15:00,5,6,8,4,15,130,55.0,"265, CAMILLE PELLETAN (A",,,Nuit avec éclairage allumé,En agglomération,Hors intersection,Normale,Autre collision,,,,,,,,,,,5,2,1,1,6
200500032625,0005-06-06 19:45:00,5,6,6,19,45,130,2.0,"1006, SEPTIEME-TIRAILLEU",,,Crépuscule ou aube,En agglomération,Hors intersection,Normale,Deux véhicules - arrière,,,,,,,,,,,2,2,1,1,2
200500032626,0005-06-03 16:00:00,5,6,3,16,0,130,55.0,"165, KE (CORNICHE)",,,Plein jour,En agglomération,Hors intersection,Normale,Deux véhicules - arrière,,,,,,,,,,,1,2,1,1,2
200500032627,0005-06-04 10:30:00,5,6,4,10,30,130,55.0,"300, SAINT MARCEL (AV DE",,,Plein jour,En agglomération,Hors intersection,Normale,Autre collision,,,,,,,,,,,1,2,1,1,6
200500032628,0005-06-04 20:15:00,5,6,4,20,15,130,55.0,"13, CAPITAINE DESSEMOND",,,Plein jour,En agglomération,Hors intersection,Normale,Autre collision,,,,,,,,,,,1,2,1,1,6
200500032629,0005-06-03 17:50:00,5,6,3,17,50,130,55.0,"1, POINTE A PI (RUE)",,,Plein jour,En agglomération,Autre intersection,Normale,Deux véhicules - arrière,,,,,,,,,,,1,2,9,1,2
200500032630,0005-06-01 16:20:00,5,6,1,16,20,130,55.0,"240, OLIVES (AV DES)",,,Plein jour,En agglomération,Hors intersection,Normale,Sans collision,,,,,,,,,,,1,2,1,1,7
200500032631,0005-06-02 18:00:00,5,6,2,18,0,130,55.0,SAINT LOUIS AU ROVE (CHE,,,Plein jour,En agglomération,Hors intersection,Normale,Deux véhicules - arrière,,,,,,,,,,,1,2,1,1,2
200500032632,0005-06-08 19:30:00,5,6,8,19,30,130,55.0,PAUL CODACCIONI (RUE),,,Plein jour,En agglomération,Hors intersection,Normale,Autre collision,,,,,,,,,,,1,2,1,1,6
200500032633,0005-06-03 15:01:00,5,6,3,15,1,130,55.0,"430, TASSIGNY (AV M. DE",,,Plein jour,En agglomération,Hors intersection,Normale,Deux véhicules - côté,,,,,,,,,,,1,2,1,1,3
200500032634,0005-06-08 15:00:00,5,6,8,15,0,130,55.0,PAUL CLAUDEL (BD),,,Plein jour,En agglomération,Hors intersection,Normale,Deux véhicules - côté,,,,,,,,,,,1,2,1,1,3
200500032635,0005-06-07 17:00:00,5,6,7,17,0,130,55.0,BOUYALA D'A (BD),,,Plein jour,En agglomération,Hors intersection,Normale,Trois véhicules et plus - en chaîne,,,,,,,,,,,1,2,1,1,4
200500032636,0005-06-10 08:15:00,5,6,10,8,15,130,55.0,"123, PRADO  N°77 A FIN (",,,Plein jour,En agglomération,Hors intersection,Normale,Deux véhicules - côté,,,,,,,,,,,1,2,1,1,3
200500032637,0005-06-13 01:30:00,5,6,13,1,30,130,55.0,POILUS (AVENUE DES),,,Nuit avec éclairage allumé,En agglomération,Hors intersection,Normale,Deux véhicules - côté,,,,,,,,,,,5,2,1,1,3
200500032638,0005-06-10 22:30:00,5,6,10,22,30,130,55.0,"79, SAINT LOUP (BD)",,,Nuit avec éclairage allumé,En agglomération,Hors intersection,Normale,Deux véhicules - frontale,,,,,,,,,,,5,2,1,1,1
200500032639,0005-06-12 01:00:00,5,6,12,1,0,130,55.0,FRANCOISE DUPARC (BD),,,Nuit avec éclairage allumé,En agglomération,Intersection en T,Normale,Trois véhicules et plus - collisions multiples,,,,,,,,,,,5,2,3,1,5
200500032640,0005-06-11 21:50:00,5,6,11,21,50,130,55.0,ROMAIN ROLLAND (BD),,,Nuit avec éclairage allumé,En agglomération,Intersection en X,Normale,Deux véhicules - frontale,,,,,,,,,,,5,2,2,1,1
200500032641,0005-06-02 14:00:00,5,6,2,14,0,130,55.0,"265, HAMBOURG (AV DE)",,,Plein jour,En agglomération,Hors intersection,Normale,Autre collision,,,,,,,,,,,1,2,1,1,6
200500032642,0005-06-06 20:30:00,5,6,6,20,30,130,55.0,BELGES (QUAI DES),,,Plein jour,En agglomération,Hors intersection,Normale,Autre collision,,,,,,,,,,,1,2,1,1,6
200500032643,0005-06-07 18:00:00,5,6,7,18,0,130,55.0,MIMET (CHEMIN DE),,,Plein jour,En agglomération,Hors intersection,Normale,Deux véhicules - arrière,,,,,,,,,,,1,2,1,1,2
200500032644,0005-06-04 12:45:00,5,6,4,12,45,130,55.0,"9, VERSAILLES (RUE DE)",,,Plein jour,En agglomération,Hors intersection,Normale,Deux véhicules - frontale,,,,,,,,,,,1,2,1,1,1
200500032645,0005-06-09 22:40:00,5,6,9,22,40,130,55.0,"347, PARADIS (RUE)",,,Nuit avec éclairage allumé,En agglomération,Hors intersection,Normale,Sans collision,,,,,,,,,,,5,2,1,1,7
200500032646,0005-06-01 16:00:00,5,6,1,16,0,130,55.0,MENDES-FRANCE (AVE PIERR,,,Plein jour,En agglomération,Hors intersection,Normale,Deux véhicules - arrière,,,,,,,,,,,1,2,1,1,2
200500032647,0005-06-07 15:00:00,5,6,7,15,0,130,55.0,GINESTE (COL DE LA),,,Plein jour,Hors agglomération,Hors intersection,Normale,Autre collision,,,,,,,,,,,1,1,1,1,6
200500032648,0005-06-07 17:30:00,5,6,7,17,30,130,55.0,AVIATEUR LEBRIX (RUE),,,Plein jour,En agglomération,Intersection en T,Normale,Deux véhicules - côté,,,,,,,,,,,1,2,3,1,3
200500032649,0005-06-13 18:00:00,5,6,13,18,0,130,55.0,CANEBIERE (LA)     30 A,,,Plein jour,En agglomération,Intersection en X,Normale,Deux véhicules - côté,,,,,,,,,,,1,2,2,1,3
200500032650,0005-06-07 22:45:00,5,6,7,22,45,130,55.0,DE LA JAVIE (AVENUE),,,Nuit sans éclairage public,En agglomération,Autre intersection,Normale,Sans collision,,,,,,,,,,,3,2,9,1,7
200500032651,0005-06-11 20:00:00,5,6,11,20,0,130,55.0,RABATAU (BD),,,Plein jour,En agglomération,Intersection en X,Normale,Deux véhicules - côté,,,,,,,,,,,1,2,2,1,3
200500032652,0005-06-10 16:00:00,5,6,10,16,0,130,2.0,GIONO (AVE JEAN),,,Plein jour,En agglomération,Hors intersection,Normale,Deux véhicules - arrière,,,,,,,,,,,1,2,1,1,2
200500032653,0005-06-10 16:15:00,5,6,10,16,15,130,55.0,EMMANUEL ALLARD (RUE),,,Plein jour,En agglomération,Giratoire,Normale,Deux véhicules - côté,,,,,,,,,,,1,2,6,1,3
200500032654,0005-06-06 09:00:00,5,6,6,9,0,130,55.0,TASSIGNY (AV M. DE LATTR,,,Plein jour,En agglomération,Hors intersection,Normale,Deux véhicules - arrière,,,,,,,,,,,1,2,1,1,2
200500032655,0005-06-07 11:10:00,5,6,7,11,10,130,55.0,"40, ADOUL (TRAVERSE)",,,Plein jour,En agglomération,Hors intersection,Normale,Deux véhicules - arrière,,,,,,,,,,,1,2,1,1,2
200500032656,0005-06-05 02:50:00,5,6,5,2,50,130,55.0,SALVADOR ALLENDE (RUE),,,Nuit avec éclairage allumé,En agglomération,Hors intersection,Normale,Sans collision,,,,,,,,,,,5,2,1,1,7
200500032657,0005-06-08 18:30:00,5,6,8,18,30,130,55.0,KE (CORNICHE),,,Plein jour,En agglomération,Hors intersection,Normale,Deux véhicules - arrière,,,,,,,,,,,1,2,1,1,2
200500032658,0005-06-14 14:00:00,5,6,14,14,0,130,55.0,MENDES-FRANCE (AVE PIERR,,,Plein jour,En agglomération,Hors intersection,Normale,Deux véhicules - côté,,,,,,,,,,,1,2,1,1,3
200500032659,0005-06-12 23:45:00,5,6,12,23,45,130,55.0,PRADO (AVENUE),,,Nuit avec éclairage allumé,En agglomération,Intersection en X,Normale,Deux véhicules - côté,,,,,,,,,,,5,2,2,1,3
200500032660,0005-06-10 21:45:00,5,6,10,21,45,130,55.0,"43/45, LIEUTAUD  (COURS",,,Nuit avec éclairage allumé,En agglomération,Hors intersection,Normale,Deux véhicules - côté,,,,,,,,,,,5,2,1,1,3
200500032661,0005-06-02 08:30:00,5,6,2,8,30,130,55.0,"24, FRIEDLAND (RUE)",,,Plein jour,En agglomération,Hors intersection,Normale,Autre collision,,,,,,,,,,,1,2,1,1,6
200500032662,0005-06-10 18:30:00,5,6,10,18,30,130,55.0,"341, MICHELET",,,Plein jour,En agglomération,Hors intersection,Normale,Autre collision,,,,,,,,,,,1,2,1,1,6
200500032663,0005-06-11 13:30:00,5,6,11,13,30,130,55.0,HENRI MARTINET (ROND POI,,,Plein jour,En agglomération,Giratoire,Normale,Trois véhicules et plus - en chaîne,,,,,,,,,,,1,2,6,1,4
200500032664,0005-06-06 23:30:00,5,6,6,23,30,130,55.0,PRADO (AVENUE),,,Nuit avec éclairage allumé,En agglomération,Hors intersection,Normale,Autre collision,,,,,,,,,,,5,2,1,1,6
200500032665,0005-06-07 17:15:00,5,6,7,17,15,130,55.0,LOUBON (RUE),,,Plein jour,En agglomération,Hors intersection,Normale,Autre collision,,,,,,,,,,,1,2,1,1,6
200500032666,0005-06-07 20:15:00,5,6,7,20,15,130,55.0,MIRABEAU (BOULEVARD),,,Plein jour,En agglomération,Hors intersection,Normale,Autre collision,,,,,,,,,,,1,2,1,1,6
200500032667,0005-06-01 09:00:00,5,6,1,9,0,130,55.0,"126, MILLIERE (BD DE LA)",,,Plein jour,En agglomération,Hors intersection,Normale,Autre collision,,,,,,,,,,,1,2,1,1,6
200500032668,0005-06-12 05:50:00,5,6,12,5,50,130,55.0,"183, ROME (RUE DE)",,,Crépuscule ou aube,En agglomération,Hors intersection,Normale,Autre collision,,,,,,,,,,,2,2,1,1,6
200500032669,0005-06-09 23:40:00,5,6,9,23,40,130,55.0,"280, MICHELET (BD)",,,Nuit avec éclairage allumé,En agglomération,Hors intersection,Normale,Deux véhicules - arrière,,,,,,,,,,,5,2,1,1,2
200500032670,0005-06-06 10:45:00,5,6,6,10,45,130,55.0,STRASBOURG (BD),,,Plein jour,En agglomération,Hors intersection,Normale,Deux véhicules - arrière,,,,,,,,,,,1,2,1,1,2
200500032671,0005-06-12 19:15:00,5,6,12,19,15,130,55.0,MIREILLE LAUZE (BD),,,Plein jour,En agglomération,Intersection en T,Normale,Deux véhicules - côté,,,,,,,,,,,1,2,3,1,3
200500032672,0005-06-08 23:35:00,5,6,8,23,35,130,55.0,", OLIVES (AV DES)",,,Nuit avec éclairage allumé,En agglomération,Hors intersection,Normale,Autre collision,,,,,,,,,,,5,2,1,1,6
200500032673,0005-06-09 12:00:00,5,6,9,12,0,130,55.0,PRADO (AVENUE),,,Plein jour,En agglomération,Giratoire,Normale,Autre collision,,,,,,,,,,,1,2,6,1,6