accident_id,datetime,annee,mois,jour,heure,minute,departement,commune_insee,adresse,latitude,longitude,luminosite,agglomeration,intersection,meteo,collision,nb_vehicules,nb_usagers,nb_indemnes,nb_tues,nb_blesses_hosp,nb_blesses_legers,age_cond_1,age_cond_2,veh_type_cond_1,veh_type_cond_2,lum_code,agg_code,int_code,atm_code,col_code
200500033198,0005-06-05 15:25:00,5,6,5,15,25,280,404.0,VERNE (RUE JULES),,,Plein jour,En agglomération,Intersection en T,Normale,Sans collision,,,,,,,,,,,1,2,3,1,7
200500033199,0005-06-07 13:15:00,5,6,7,13,15,280,134.0,RIOTTES (RUE DES),,,Plein jour,En agglomération,Intersection en T,Normale,Deux véhicules - côté,,,,,,,,,,,1,2,3,1,3
200500033200,0005-06-09 18:20:00,5,6,9,18,20,280,134.0,LIEVRE D'OR (RUE DU),,,Plein jour,En agglomération,Intersection en T,Normale,Deux véhicules - arrière,,,,,,,,,,,1,2,3,1,2
200500033201,0005-06-18 18:30:00,5,6,18,18,30,280,134.0,NOTRE DAME DE LA RONDE (,,,Plein jour,En agglomération,Hors intersection,Normale,Deux véhicules - côté,,,,,,,,,,,1,2,1,1,3
200500033202,0005-06-24 06:48:00,5,6,24,6,48,280,404.0,GARNAY (ROND POINT DE),,,Crépuscule ou aube,Hors agglomération,Giratoire,Normale,Deux véhicules - frontale,,,,,,,,,,,2,1,6,1,1
200500033203,0005-06-24 14:00:00,5,6,24,14,0,280,134.0,DUNANT (RUE HENRI),,,Plein jour,En agglomération,Hors intersection,Normale,Autre collision,,,,,,,,,,,1,2,1,1,6
200500033204,0005-06-24 18:20:00,5,6,24,18,20,280,134.0,RN 12 (ZONE COMMERCIALE),,,Plein jour,Hors agglomération,Intersection en X,Normale,Deux véhicules - côté,,,,,,,,,,,1,1,2,1,3
200500033205,0005-06-24 18:25:00,5,6,24,18,25,280,134.0,WILSON (AVENUE DU PRESID,,,Plein jour,En agglomération,Intersection en T,Normale,Deux véhicules - côté,,,,,,,,,,,1,2,3,1,3
200500033206,0005-06-28 20:10:00,5,6,28,20,10,280,134.0,"29, ETHE VIRTON (RUE D)",,,Plein jour,En agglomération,Hors intersection,Normale,Autre collision,,,,,,,,,,,1,2,1,1,6
200500033207,0005-06-29 12:50:00,5,6,29,12,50,280,134.0,OSMEAUX (RUE DES),,,Plein jour,En agglomération,Hors intersection,Normale,Sans collision,,,,,,,,,,,1,2,1,1,7
200500033208,0005-06-30 10:40:00,5,6,30,10,40,280,404.0,ROCADE OUEST,,,Plein jour,Hors agglomération,Giratoire,Normale,Autre collision,,,,,,,,,,,1,1,6,1,6
200500033209,0005-06-22 13:20:00,5,6,22,13,20,280,134.0,"""RN 12 (""""S"""" PHILIPS)""",,,Plein jour,Hors agglomération,Hors intersection,Normale,Deux véhicules - côté,,,,,,,,,,,1,1,1,1,3
200500033210,0005-06-01 09:50:00,5,6,1,9,50,290,19.0,"., BUGEAUD",,,Plein jour,En agglomération,Intersection en X,Normale,Autre collision,,,,,,,,,,,1,2,2,1,6
200500033211,0005-06-01 14:25:00,5,6,1,14,25,290,19.0,"., PAULET GENERAL (173 E",,,Plein jour,En agglomération,Intersection en X,Normale,Deux véhicules - côté,,,,,,,,,,,1,2,2,1,3
200500033212,0005-06-03 11:15:00,5,6,3,11,15,290,19.0,"., DANTON",,,Plein jour,En agglomération,Intersection en X,Normale,Deux véhicules - côté,,,,,,,,,,,1,2,2,1,3
200500033213,0005-06-04 15:20:00,5,6,4,15,20,290,19.0,"239, JAURES JEAN (DE 239",,,Plein jour,En agglomération,Hors intersection,Normale,Autre collision,,,,,,,,,,,1,2,1,1,6
200500033214,0005-06-05 21:05:00,5,6,5,21,5,290,19.0,"., MONTAIGNE (DE 1 A 37",,,Plein jour,En agglomération,Hors intersection,Pluie légère,Deux véhicules - arrière,,,,,,,,,,,1,2,1,2,2
200500033215,0005-06-06 04:15:00,5,6,6,4,15,290,19.0,"27, TOURVILLE",,,Nuit avec éclairage allumé,En agglomération,Intersection en T,Normale,Deux véhicules - arrière,,,,,,,,,,,5,2,3,1,2
200500033216,0005-06-06 17:40:00,5,6,6,17,40,290,19.0,"., LIBERTE PLACE DE LA",,,Plein jour,En agglomération,Intersection en T,Normale,Autre collision,,,,,,,,,,,1,2,3,1,6
200500033217,0005-06-08 23:00:00,5,6,8,23,0,290,19.0,"., JAURES JEAN (DE 105 A",,,Nuit avec éclairage allumé,En agglomération,Intersection en T,Normale,Deux véhicules - côté,,,,,,,,,,,5,2,3,1,3
200500033218,0005-06-09 08:55:00,5,6,9,8,55,290,19.0,"14, GAMBETTA (DE 2 A 64",,,Plein jour,En agglomération,Hors intersection,Normale,Deux véhicules - arrière,,,,,,,,,,,1,2,1,1,2
200500033219,0005-06-09 17:00:00,5,6,9,17,0,290,19.0,"., HERMITAGE (ROND POINT",,,Plein jour,En agglomération,Giratoire,Normale,Deux véhicules - arrière,,,,,,,,,,,1,2,6,1,2
200500033220,0005-06-09 19:00:00,5,6,9,19,0,290,19.0,"., EUROPE (DE 161 A 199)",,,Plein jour,En agglomération,Intersection en T,Normale,Deux véhicules - côté,,,,,,,,,,,1,2,3,1,3
200500033221,0005-06-09 21:56:00,5,6,9,21,56,290,19.0,"02, SOMME",,,Plein jour,En agglomération,Intersection en T,Normale,Autre collision,,,,,,,,,,,1,2,3,1,6
200500033222,0005-06-10 18:07:00,5,6,10,18,7,290,19.0,"2, TOURAINE",,,Plein jour,En agglomération,Hors intersection,Normale,Autre collision,,,,,,,,,,,1,2,1,1,6
200500033223,0005-06-11 15:40:00,5,6,11,15,40,290,19.0,"., SIAM (DE 1 A 47 ET 2",,,Plein jour,En agglomération,Intersection en X,Normale,Autre collision,,,,,,,,,,,1,2,2,1,6
200500033224,0005-06-12 20:30:00,5,6,12,20,30,290,19.0,"41, LA BRUYERE",,,Plein jour,En agglomération,Intersection en X,Normale,Deux véhicules - côté,,,,,,,,,,,1,2,2,1,3
200500033225,0005-06-13 17:00:00,5,6,13,17,0,290,19.0,"6, QUIMPER (DE 1 A 103 E",,,Plein jour,En agglomération,Hors intersection,Normale,Deux véhicules - côté,,,,,,,,,,,1,2,1,1,3
200500033226,0005-06-14 15:45:00,5,6,14,15,45,290,19.0,"., JAURES JEAN (DE 1 A 4",,,Plein jour,En agglomération,Intersection en T,Normale,Deux véhicules - arrière,,,,,,,,,,,1,2,3,1,2
200500033227,0005-06-14 17:40:00,5,6,14,17,40,290,19.0,"130, GOUESNOU (DE 43 A 2",,,Plein jour,En agglomération,Hors intersection,Normale,Autre collision,,,,,,,,,,,1,2,1,1,6
200500033228,0005-06-14 23:20:00,5,6,14,23,20,290,19.0,"., DUQUESNE (DE 8 ET 13",,,Nuit avec éclairage allumé,En agglomération,Intersection en X,Normale,Deux véhicules - côté,,,,,,,,,,,5,2,2,1,3
200500033229,0005-06-13 20:00:00,5,6,13,20,0,290,19.0,PREMIERE DFL (AVENUE),,,Plein jour,En agglomération,Hors intersection,Normale,Sans collision,,,,,,,,,,,1,2,1,1,7
200500033230,0005-06-19 07:10:00,5,6,19,7,10,290,19.0,"., MONTAIGNE (DE 39 A 11",,,Plein jour,En agglomération,Intersection à plus de 4 branches,Normale,Autre collision,,,,,,,,,,,1,2,5,1,6
200500033231,0005-06-20 15:10:00,5,6,20,15,10,290,19.0,"., LE GORGEU (N°29 (TOTA",,,Plein jour,En agglomération,Giratoire,Normale,Deux véhicules - côté,,,,,,,,,,,1,2,6,1,3
200500033232,0005-06-21 11:40:00,5,6,21,11,40,290,19.0,"., LE GORGEU (N°ENTRE TA",,,Plein jour,En agglomération,Intersection en T,Normale,Deux véhicules - arrière,,,,,,,,,,,1,2,3,1,2
200500033233,0005-06-23 16:30:00,5,6,23,16,30,290,19.0,"., QUIMPER (DE 1 A 103 E",,,Plein jour,En agglomération,Intersection en X,Normale,Deux véhicules - côté,,,,,,,,,,,1,2,2,1,3
200500033234,0005-06-23 21:20:00,5,6,23,21,20,290,19.0,"., ALBERT 1ER",,,Plein jour,En agglomération,Giratoire,Normale,Deux véhicules - côté,,,,,,,,,,,1,2,6,1,3
200500033235,0005-06-24 11:16:00,5,6,24,11,16,290,19.0,"., GOUESNOU (DE 43 A 219",,,Plein jour,En agglomération,Intersection en X,Normale,Trois véhicules et plus - collisions multiples,,,,,,,,,,,1,2,2,1,5
200500033236,0005-06-27 12:00:00,5,6,27,12,0,290,19.0,"., TALLINN (SANS N° DE D",,,Plein jour,En agglomération,Giratoire,Normale,Deux véhicules - arrière,,,,,,,,,,,1,2,6,1,2
200500033237,0005-06-23 21:00:00,5,6,23,21,0,290,19.0,"., MAISSIN",,,Plein jour,En agglomération,Intersection en X,Normale,Sans collision,,,,,,,,,,,1,2,2,1,7
200500033238,0005-06-09 18:25:00,5,6,9,18,25,290,19.0,"., POMPIDOU GEORGES (AVE",,,Plein jour,En agglomération,Giratoire,Normale,Deux véhicules - arrière,,,,,,,,,,,1,2,6,1,2
200500033239,0005-06-14 13:40:00,5,6,14,13,40,290,39.0,"FACE 18, GUEGUIN (AVENUE",,,Plein jour,En agglomération,Intersection en Y,Normale,Deux véhicules - côté,,,,,,,,,,,1,2,4,1,3
200500033240,0005-06-10 07:45:00,5,6,10,7,45,290,151.0,LANNION (ROUTE DE),,,Plein jour,Hors agglomération,Intersection en T,Normale,Deux véhicules - côté,,,,,,,,,,,1,1,3,1,3
200500033241,0005-06-17 22:30:00,5,6,17,22,30,290,151.0,CASSE COU (VENELLE DU),,,Crépuscule ou aube,En agglomération,Hors intersection,Normale,Deux véhicules - frontale,,,,,,,,,,,2,2,1,1,1
200500033242,0005-06-13 15:10:00,5,6,13,15,10,290,232.0,BENODET ROUTE DE,,,Plein jour,Hors agglomération,Hors intersection,Normale,Autre collision,,,,,,,,,,,1,1,1,1,6
200500033243,0005-06-16 20:25:00,5,6,16,20,25,290,232.0,"50, TERRE NOIRE RUE DE L",,,Plein jour,En agglomération,Hors intersection,Normale,Autre collision,,,,,,,,,,,1,2,1,1,6
200500033244,0005-06-18 09:50:00,5,6,18,9,50,290,232.0,"55, DOUVES RUE DES",,,Plein jour,En agglomération,Hors intersection,Normale,Deux véhicules - côté,,,,,,,,,,,1,2,1,1,3
200500033245,0005-06-02 09:15:00,5,6,2,9,15,300,7.0,CARNOT (AVE),,,Plein jour,En agglomération,Hors intersection,Normale,Autre collision,,,,,,,,,,,1,2,1,1,6
200500033246,0005-06-02 15:15:00,5,6,2,15,15,300,7.0,"., TAISSON (RUE)",,,Plein jour,En agglomération,Hors intersection,Normale,Autre collision,,,,,,,,,,,1,2,1,1,6
200500033247,0005-06-09 19:05:00,5,6,9,19,5,300,7.0,"., CYPRES (MONTEE DES)",,,Plein jour,En agglomération,Hors intersection,Normale,Trois véhicules et plus - en chaîne,,,,,,,,,,,1,2,1,1,4
200500033248,0005-06-10 07:40:00,5,6,10,7,40,300,7.0,"., RIBOT (AVE GASTON)",,,Plein jour,En agglomération,Hors intersection,Normale,Autre collision,,,,,,,,,,,1,2,1,1,6
200500033249,0005-06-10 17:35:00,5,6,10,17,35,300,7.0,MAS D'HOURS (QUAI DU),,,Plein jour,En agglomération,Hors intersection,Normale,Deux véhicules - côté,,,,,,,,,,,1,2,1,1,3
200500033250,0005-06-28 22:40:00,5,6,28,22,40,300,7.0,"., ANDUZE (AVE)",,,Nuit avec éclairage allumé,En agglomération,Hors intersection,Normale,Trois véhicules et plus - collisions multiples,,,,,,,,,,,5,2,1,1,5
200500033251,0005-06-30 19:25:00,5,6,30,19,25,300,7.0,"25, RIBOT (AVE GASTON)",,,Plein jour,En agglomération,Hors intersection,Normale,Autre collision,,,,,,,,,,,1,2,1,1,6
200500033252,0005-06-02 18:10:00,5,6,2,18,10,300,28.0,"24, EUROPE (AVENUE DE L'",,,Plein jour,En agglomération,Hors intersection,Normale,Deux véhicules - côté,,,,,,,,,,,1,2,1,1,3
200500033253,0005-06-03 08:15:00,5,6,3,8,15,300,28.0,", ALPHONSE DAUDET (AVENU",,,Plein jour,En agglomération,Hors intersection,Normale,Autre collision,,,,,,,,,,,1,2,1,1,6
200500033254,0005-06-04 18:00:00,5,6,4,18,0,300,28.0,ROUTE DE PONT SAINT ESPR,,,Plein jour,En agglomération,Hors intersection,Normale,Deux véhicules - arrière,,,,,,,,,,,1,2,1,1,2
200500033255,0005-06-04 13:00:00,5,6,4,13,0,300,28.0,ORSAN (ROUTE D'),,,Plein jour,Hors agglomération,Hors intersection,Normale,Autre collision,,,,,,,,,,,1,1,1,1,6
200500033256,0005-06-04 21:00:00,5,6,4,21,0,300,28.0,FONTRESQUIERES (AVENUE),,,Crépuscule ou aube,En agglomération,Intersection en X,Normale,Deux véhicules - côté,,,,,,,,,,,2,2,2,1,3
200500033257,0005-06-06 16:00:00,5,6,6,16,0,300,28.0,"10, CAPORAL PIERRE GAYTE",,,Plein jour,En agglomération,Intersection en X,Normale,Autre collision,,,,,,,,,,,1,2,2,1,6
200500033258,0005-06-08 07:50:00,5,6,8,7,50,300,28.0,ROUTE DE PONT SAINT ESPR,,,Plein jour,Hors agglomération,Hors intersection,Vent fort / tempête,Trois véhicules et plus - en chaîne,,,,,,,,,,,1,1,1,6,4
200500033259,0005-06-08 12:00:00,5,6,8,12,0,300,28.0,MAYRE (AVENUE DE LA),,,Plein jour,En agglomération,Hors intersection,Normale,Autre collision,,,,,,,,,,,1,2,1,1,6
200500033260,0005-06-18 19:35:00,5,6,18,19,35,300,28.0,CARMIGNAN (ROUTE DE RD36,,,Plein jour,Hors agglomération,Hors intersection,Normale,Autre collision,,,,,,,,,,,1,1,1,1,6
200500033261,0005-06-19 01:00:00,5,6,19,1,0,300,28.0,BOURDILHAN (CHEMIN DE),,,Nuit avec éclairage allumé,En agglomération,Hors intersection,Normale,Sans collision,,,,,,,,,,,5,2,1,1,7
200500033262,0005-06-18 08:35:00,5,6,18,8,35,300,28.0,"35, LACOMBE (BOULEVARD T",,,Plein jour,En agglomération,Hors intersection,Normale,Autre collision,,,,,,,,,,,1,2,1,1,6
200500033263,0005-06-01 07:25:00,5,6,1,7,25,300,32.0,"1, GENERAL DE GAULLE (QU",,,Plein jour,En agglomération,Hors intersection,Temps éblouissant,Autre collision,,,,,,,,,,,1,2,1,7,6
200500033264,0005-06-16 19:00:00,5,6,16,19,0,300,32.0,"D986L, ROUTE DE COMPS",,,Plein jour,Hors agglomération,Hors intersection,Normale,Deux véhicules - côté,,,,,,,,,,,1,1,1,1,3
200500033265,0005-06-20 10:50:00,5,6,20,10,50,300,32.0,ROUTE DE BELLEGARDE (C.D,,,Plein jour,Hors agglomération,Hors intersection,Normale,Deux véhicules - frontale,,,,,,,,,,,1,1,1,1,1
200500033266,0005-06-01 12:15:00,5,6,1,12,15,300,189.0,"997, MARECHAL JUIN (BOUL",,,Plein jour,En agglomération,Hors intersection,Normale,Autre collision,,,,,,,,,,,1,2,1,1,6
200500033267,0005-06-02 12:20:00,5,6,2,12,20,300,189.0,"., JOLIOT CURIE (AVENUE)",,,Plein jour,En agglomération,Hors intersection,Normale,Deux véhicules - côté,,,,,,,,,,,1,2,1,1,3
200500033268,0005-06-15 12:42:00,5,6,15,12,42,300,189.0,"9020, GENERAC (ROUTE)",,,Plein jour,Hors agglomération,Hors intersection,Normale,Deux véhicules - côté,,,,,,,,,,,1,1,1,1,3
200500033269,0005-06-03 06:05:00,5,6,3,6,5,300,189.0,"., ROOSEVELT FRANKLIN (A",,,Plein jour,En agglomération,Hors intersection,Normale,Deux véhicules - côté,,,,,,,,,,,1,2,1,1,3
200500033270,0005-06-05 10:00:00,5,6,5,10,0,300,189.0,"208, AVIGNON (ROUTE)",,,Plein jour,En agglomération,Hors intersection,Normale,Autre collision,,,,,,,,,,,1,2,1,1,6
200500033271,0005-06-05 01:05:00,5,6,5,1,5,300,189.0,"1, ARENES",,,Nuit avec éclairage allumé,En agglomération,Hors intersection,Normale,Autre collision,,,,,,,,,,,5,2,1,1,6
200500033272,0005-06-06 10:30:00,5,6,6,10,30,300,189.0,"., MONTPELLIER (ROUTE DE",,,Plein jour,Hors agglomération,Hors intersection,Normale,Trois véhicules et plus - collisions multiples,,,,,,,,,,,1,1,1,1,5
200500033273,0005-06-06 16:15:00,5,6,6,16,15,300,189.0,"., COURBET AMIRAL (BOULE",,,Plein jour,En agglomération,Hors intersection,Normale,Deux véhicules - arrière,,,,,,,,,,,1,2,1,1,2
200500033274,0005-06-08 20:00:00,5,6,8,20,0,300,189.0,"., MARECHAL JUIN (BOULEV",,,Plein jour,En agglomération,Hors intersection,Normale,Deux véhicules - arrière,,,,,,,,,,,1,2,1,1,2
200500033275,0005-06-10 11:10:00,5,6,10,11,10,300,189.0,MAIL (RUE),,,Plein jour,En agglomération,Hors intersection,Normale,Autre collision,,,,,,,,,,,1,2,1,1,6
200500033276,0005-06-10 09:59:00,5,6,10,9,59,300,189.0,"35, POMPIDOU GEORGES (AV",,,Plein jour,En agglomération,Hors intersection,Normale,Autre collision,,,,,,,,,,,1,2,1,1,6
200500033277,0005-06-10 20:50:00,5,6,10,20,50,300,189.0,"., PUECH DU TEIL (RUE OU",,,Plein jour,En agglomération,Hors intersection,Normale,Deux véhicules - côté,,,,,,,,,,,1,2,1,1,3
200500033278,0005-06-12 03:52:00,5,6,12,3,52,300,189.0,"., FRANCAIS LIBRES (BD)",,,Nuit avec éclairage allumé,Hors agglomération,Hors intersection,Normale,Autre collision,,,,,,,,,,,5,1,1,1,6
200500033279,0005-06-12 09:38:00,5,6,12,9,38,300,189.0,"., CANAUX (CHEMIN)",,,Plein jour,Hors agglomération,Intersection en T,Normale,Deux véhicules - côté,,,,,,,,,,,1,1,3,1,3
200500033280,0005-06-21 18:17:00,5,6,21,18,17,300,189.0,ALLENDE SALVADOR (RUE),,,Plein jour,Hors agglomération,Hors intersection,Normale,Autre collision,,,,,,,,,,,1,1,1,1,6
200500033281,0005-06-13 12:00:00,5,6,13,12,0,300,189.0,"., FRANCAIS LIBRES (BD)",,,Plein jour,En agglomération,Intersection en X,Normale,Deux véhicules - côté,,,,,,,,,,,1,2,2,1,3
200500033282,0005-06-14 11:13:00,5,6,14,11,13,300,189.0,"., NOTRE DAME (RUE)",,,Plein jour,En agglomération,Intersection en T,Normale,Autre collision,,,,,,,,,,,1,2,3,1,6
200500033283,0005-06-14 23:09:00,5,6,14,23,9,300,189.0,"83, LECLERC GENERAL (AVE",,,Nuit avec éclairage allumé,En agglomération,Hors intersection,Normale,Deux véhicules - arrière,,,,,,,,,,,5,2,1,1,2
200500033284,0005-06-15 17:48:00,5,6,15,17,48,300,189.0,"., MONT DU PLAN (CHEMIN",,,Plein jour,En agglomération,Hors intersection,Normale,Autre collision,,,,,,,,,,,1,2,1,1,6
200500033285,0005-06-16 08:43:00,5,6,16,8,43,300,189.0,"169, BEAUCAIRE (ROUTE)",,,Plein jour,En agglomération,Hors intersection,Normale,Autre collision,,,,,,,,,,,1,2,1,1,6
200500033286,0005-06-17 11:00:00,5,6,17,11,0,300,189.0,"41, JAURES JEAN (BOULEVA",,,Plein jour,En agglomération,Hors intersection,Normale,Deux véhicules - côté,,,,,,,,,,,1,2,1,1,3
200500033287,0005-06-17 12:33:00,5,6,17,12,33,300,189.0,", SAUVE (ROUTE)",,,Plein jour,Hors agglomération,Intersection en T,Normale,Deux véhicules - côté,,,,,,,,,,,1,1,3,1,3
200500033288,0005-06-18 03:17:00,5,6,18,3,17,300,189.0,"., MONTPELLIER (ROUTE DE",,,Nuit avec éclairage allumé,Hors agglomération,Hors intersection,Normale,Autre collision,,,,,,,,,,,5,1,1,1,6
200500033289,0005-06-18 10:20:00,5,6,18,10,20,300,189.0,", FAITA VINCENT (RUE)",,,Plein jour,En agglomération,Intersection en T,Normale,Autre collision,,,,,,,,,,,1,2,3,1,6
200500033290,0005-06-18 20:15:00,5,6,18,20,15,300,189.0,"798, ANTIQUAILLES (CHEMI",,,Plein jour,Hors agglomération,Hors intersection,Normale,Deux véhicules - frontale,,,,,,,,,,,1,1,1,1,1
200500033291,0005-06-19 10:00:00,5,6,19,10,0,300,189.0,"., ALLENDE SALVADOR (RUE",,,Plein jour,En agglomération,Giratoire,Normale,Deux véhicules - côté,,,,,,,,,,,1,2,6,1,3
200500033292,0005-06-18 19:28:00,5,6,18,19,28,300,189.0,MONTPELLIER (ROUTE DE),,,Plein jour,En agglomération,Intersection en X,Normale,Deux véhicules - côté,,,,,,,,,,,1,2,2,1,3
200500033293,0005-06-19 01:13:00,5,6,19,1,13,300,189.0,SAINT GILLES (ROUTE),,,Nuit avec éclairage allumé,Hors agglomération,Intersection en X,Normale,Deux véhicules - côté,,,,,,,,,,,5,1,2,1,3
200500033294,0005-06-21 17:32:00,5,6,21,17,32,300,189.0,"., VARANDA (IMPASSE)",,,Plein jour,En agglomération,Intersection en X,Normale,Autre collision,,,,,,,,,,,1,2,2,1,6
200500033295,0005-06-22 16:15:00,5,6,22,16,15,300,189.0,COURBET AMIRAL (BOULEVAR,,,Plein jour,En agglomération,Intersection en T,Normale,Deux véhicules - côté,,,,,,,,,,,1,2,3,1,3
200500033296,0005-06-22 20:00:00,5,6,22,20,0,300,189.0,"., FRANCAIS LIBRES (BD)",,,Plein jour,En agglomération,Hors intersection,Normale,Sans collision,,,,,,,,,,,1,2,1,1,7
200500033297,0005-06-24 23:25:00,5,6,24,23,25,300,189.0,"., TALABOT (BOULEVARD)",,,Nuit avec éclairage allumé,Hors agglomération,Intersection en X,Normale,Deux véhicules - côté,,,,,,,,,,,5,1,2,1,3
200500033298,0005-06-25 02:01:00,5,6,25,2,1,300,189.0,"168, BEAUCAIRE (ROUTE)",,,Nuit avec éclairage allumé,Hors agglomération,Hors intersection,Normale,Autre collision,,,,,,,,,,,5,1,1,1,6
200500033299,0005-06-25 02:42:00,5,6,25,2,42,300,189.0,"141, BEAUCAIRE (ROUTE)",,,Nuit avec éclairage allumé,En agglomération,Hors intersection,Normale,Deux véhicules - arrière,,,,,,,,,,,5,2,1,1,2
200500033300,0005-06-25 23:30:00,5,6,25,23,30,300,189.0,GENERAC (ROUTE),,,Nuit sans éclairage public,En agglomération,Hors intersection,Normale,Sans collision,,,,,,,,,,,3,2,1,1,7
200500033301,0005-06-27 17:18:00,5,6,27,17,18,300,189.0,"., ANDUZE (ROUTE OU ANCI",,,Plein jour,En agglomération,Hors intersection,Normale,Autre collision,,,,,,,,,,,1,2,1,1,6
200500033302,0005-06-27 18:14:00,5,6,27,18,14,300,189.0,"502, PROUVE JEAN (AVENUE",,,Plein jour,En agglomération,Hors intersection,Normale,Deux véhicules - côté,,,,,,,,,,,1,2,1,1,3
200500033303,0005-06-27 19:24:00,5,6,27,19,24,300,189.0,"., POULX (ROUTE DE)",,,Plein jour,Hors agglomération,Hors intersection,Normale,Autre collision,,,,,,,,,,,1,1,1,1,6
200500033304,0005-06-27 14:50:00,5,6,27,14,50,300,189.0,ALLENDE SALVADOR (RUE),,,Plein jour,Hors agglomération,Hors intersection,Normale,Deux véhicules - arrière,,,,,,,,,,,1,1,1,1,2
200500033305,0005-06-29 23:27:00,5,6,29,23,27,300,189.0,ARNAVIEILLE (RUE),,,Nuit avec éclairage allumé,En agglomération,Intersection en T,Normale,Deux véhicules - frontale,,,,,,,,,,,5,2,3,1,1
200500033306,0005-06-30 16:23:00,5,6,30,16,23,300,189.0,"., BOISSY D ANGLAS (ALLE",,,Plein jour,En agglomération,Hors intersection,Normale,Autre collision,,,,,,,,,,,1,2,1,1,6
200500033307,0005-06-30 20:55:00,5,6,30,20,55,300,189.0,"., GENERAC (ROUTE)",,,Plein jour,Hors agglomération,Hors intersection,Normale,Autre collision,,,,,,,,,,,1,1,1,1,6
200500033308,0005-06-03 16:55:00,5,6,3,16,55,300,11.0,HUIT MAI 1945 AVENUE DU,,,Plein jour,En agglomération,Hors intersection,Normale,Autre collision,,,,,,,,,,,1,2,1,1,6
200500033309,0005-06-17 14:35:00,5,6,17,14,35,300,351.0,"0000000000, FALAISES CHE",,,Plein jour,En agglomération,Hors intersection,Normale,Deux véhicules - frontale,,,,,,,,,,,1,2,1,1,1
200500033310,0005-06-16 10:45:00,5,6,16,10,45,300,351.0,MENDES FRANCE AVENUE PIE,,,Plein jour,En agglomération,Hors intersection,Normale,Sans collision,,,,,,,,,,,1,2,1,1,7
200500033311,0005-06-22 17:00:00,5,6,22,17,0,300,351.0,"39, GENERAL LECLERC AVEN",,,Plein jour,En agglomération,Intersection en T,Temps éblouissant,Deux véhicules - arrière,,,,,,,,,,,1,2,3,7,2
200500033312,0005-06-23 09:50:00,5,6,23,9,50,300,11.0,"01, VERDUN AVENUE DE",,,Plein jour,En agglomération,Intersection en X,Normale,Autre collision,,,,,,,,,,,1,2,2,1,6
200500033313,0005-06-24 22:35:00,5,6,24,22,35,300,11.0,RN100,,,Nuit sans éclairage public,En agglomération,Hors intersection,Normale,Autre collision,,,,,,,,,,,3,2,1,1,6
200500033314,0005-06-01 12:35:00,5,6,1,12,35,310,69.0,"1, GONIN (AV CLAUDE)",,,Plein jour,En agglomération,Hors intersection,Normale,Deux véhicules - côté,,,,,,,,,,,1,2,1,1,3
200500033315,0005-06-05 01:25:00,5,6,5,1,25,310,69.0,route departementale 902,,,Nuit avec éclairage allumé,Hors agglomération,Hors intersection,Normale,Deux véhicules - côté,,,,,,,,,,,5,1,1,1,3
200500033316,0005-06-05 08:20:00,5,6,5,8,20,310,69.0,"19, CARRIERE (RUE)",,,Plein jour,En agglomération,Hors intersection,Normale,Deux véhicules - côté,,,,,,,,,,,1,2,1,1,3
200500033317,0005-06-17 11:55:00,5,6,17,11,55,310,69.0,"112, VIEUX CHEMIN DE GRE",,,Plein jour,En agglomération,Hors intersection,Normale,Deux véhicules - côté,,,,,,,,,,,1,2,1,1,3
200500033318,0005-06-24 17:35:00,5,6,24,17,35,310,69.0,"8, MYOSOTIS (RUE DES)",,,Plein jour,En agglomération,Intersection en T,Normale,Deux véhicules - côté,,,,,,,,,,,1,2,3,1,3
200500033319,0005-06-29 17:15:00,5,6,29,17,15,310,69.0,route departementale 902,,,Plein jour,Hors agglomération,Hors intersection,Normale,Deux véhicules - arrière,,,,,,,,,,,1,1,1,1,2
200500033320,0005-06-03 12:11:00,5,6,3,12,11,310,149.0,3 COLOMIERS EST (A624),,,Plein jour,Hors agglomération,Hors intersection,Normale,Trois véhicules et plus - en chaîne,,,,,,,,,,,1,1,1,1,4
200500033321,0005-06-03 15:50:00,5,6,3,15,50,310,149.0,CAULET (RUE DE),,,Plein jour,Hors agglomération,Hors intersection,Normale,Deux véhicules - frontale,,,,,,,,,,,1,1,1,1,1
200500033322,0005-06-07 11:30:00,5,6,7,11,30,310,565.0,MONTAGUT HENRI (AVENUE),,,Plein jour,En agglomération,Hors intersection,Normale,Deux véhicules - arrière,,,,,,,,,,,1,2,1,1,2
200500033323,0005-06-12 16:30:00,5,6,12,16,30,310,565.0,BOUERY ANDRE (AVENUE),,,Plein jour,En agglomération,Hors intersection,Normale,Deux véhicules - côté,,,,,,,,,,,1,2,1,1,3
200500033324,0005-06-15 07:55:00,5,6,15,7,55,310,565.0,GASCOGNE (ALLEE DE ),,,Plein jour,En agglomération,Hors intersection,Normale,Deux véhicules - côté,,,,,,,,,,,1,2,1,1,3
200500033325,0005-06-26 04:50:00,5,6,26,4,50,310,483.0,GRAVIERE (CHEMIN DE LA ),,,Nuit sans éclairage public,Hors agglomération,Hors intersection,Normale,Autre collision,,,,,,,,,,,3,1,1,1,6
200500033326,0005-06-01 09:30:00,5,6,1,9,30,310,555.0,"79, ARCOLE (BD D) DU 1AU",,,Plein jour,En agglomération,Hors intersection,Normale,Autre collision,,,,,,,,,,,1,2,1,1,6
200500033327,0005-06-01 13:55:00,5,6,1,13,55,310,555.0,"83, GLOIRE (AV DE LA) DU",,,Plein jour,En agglomération,Hors intersection,Normale,Deux véhicules - arrière,,,,,,,,,,,1,2,1,1,2
200500033328,0005-06-01 16:45:00,5,6,1,16,45,310,555.0,"17, REBOUL (CHEMIN)",,,Plein jour,En agglomération,Hors intersection,Normale,Autre collision,,,,,,,,,,,1,2,1,1,6