accident_id,datetime,annee,mois,jour,heure,minute,departement,commune_insee,adresse,latitude,longitude,luminosite,agglomeration,intersection,meteo,collision,nb_vehicules,nb_usagers,nb_indemnes,nb_tues,nb_blesses_hosp,nb_blesses_legers,age_cond_1,age_cond_2,veh_type_cond_1,veh_type_cond_2,lum_code,agg_code,int_code,atm_code,col_code
200500033851,0005-06-24 12:39:00,5,6,24,12,39,420,218.0,"21, TALAUDIERE (DE LA) J",,,Plein jour,En agglomération,Hors intersection,Normale,Trois véhicules et plus - collisions multiples,,,,,,,,,,,1,2,1,1,5
200500033852,0005-06-24 21:10:00,5,6,24,21,10,420,218.0,MUSSET ALFRED DE (BD) JU,,,Plein jour,En agglomération,Intersection en X,Normale,Deux véhicules - côté,,,,,,,,,,,1,2,2,1,3
200500033853,0005-06-26 14:30:00,5,6,26,14,30,420,218.0,"7, MONTAT (DE LA) JUSQU'",,,Plein jour,En agglomération,Hors intersection,Normale,Autre collision,,,,,,,,,,,1,2,1,1,6
200500033854,0005-06-26 18:15:00,5,6,26,18,15,420,218.0,"51, SOLEIL (DU) JUSQU'AU",,,Plein jour,En agglomération,Hors intersection,Normale,Deux véhicules - côté,,,,,,,,,,,1,2,1,1,3
200500033855,0005-06-26 18:00:00,5,6,26,18,0,420,218.0,"10, THIERRY AUGUSTIN (BD",,,Plein jour,En agglomération,Intersection en X,Normale,Deux véhicules - frontale,,,,,,,,,,,1,2,2,1,1
200500033856,0005-06-27 15:30:00,5,6,27,15,30,420,218.0,"99, BERGSON A PARTIR N°",,,Plein jour,En agglomération,Hors intersection,Normale,Autre collision,,,,,,,,,,,1,2,1,1,6
200500033857,0005-06-27 16:15:00,5,6,27,16,15,420,218.0,"1, JANIN JULES (BD) JUSQ",,,Plein jour,En agglomération,Intersection en X,Normale,Autre collision,,,,,,,,,,,1,2,2,1,6
200500033858,0005-06-28 11:15:00,5,6,28,11,15,420,305.0,"19, CHAZOTTE",,,Plein jour,En agglomération,Hors intersection,Normale,Trois véhicules et plus - en chaîne,,,,,,,,,,,1,2,1,1,4
200500033859,0005-06-29 13:53:00,5,6,29,13,53,420,218.0,"24, MONTAUD",,,Plein jour,En agglomération,Hors intersection,Pluie forte,Autre collision,,,,,,,,,,,1,2,1,3,6
200500033860,0005-06-30 17:20:00,5,6,30,17,20,420,218.0,"122 BIS, BERGSON A PARTI",,,Plein jour,En agglomération,Hors intersection,Normale,Autre collision,,,,,,,,,,,1,2,1,1,6
200500033861,0005-06-15 16:59:00,5,6,15,16,59,420,218.0,"3, ODDE CLAUDE",,,Plein jour,En agglomération,Hors intersection,Normale,Autre collision,,,,,,,,,,,1,2,1,1,6
200500033862,0005-06-01 22:40:00,5,6,1,22,40,430,157.0,BREUIL (BD DU),,,Nuit avec éclairage allumé,En agglomération,Intersection en T,Normale,Deux véhicules - côté,,,,,,,,,,,5,2,3,1,3
200500033863,0005-06-02 08:45:00,5,6,2,8,45,430,157.0,AIGUILHE (AVENUE D'),,,Plein jour,En agglomération,Hors intersection,Normale,Autre collision,,,,,,,,,,,1,2,1,1,6
200500033864,0005-06-02 18:50:00,5,6,2,18,50,430,157.0,"06, PIERRET (RUE)",,,Plein jour,En agglomération,Hors intersection,Normale,Autre collision,,,,,,,,,,,1,2,1,1,6
200500033865,0005-06-04 10:20:00,5,6,4,10,20,430,46.0,CHAMPS-ELYSEES (AVENUE D,,,Plein jour,En agglomération,Hors intersection,Normale,Trois véhicules et plus - collisions multiples,,,,,,,,,,,1,2,1,1,5
200500033866,0005-06-17 08:25:00,5,6,17,8,25,430,157.0,AIGUILHE (AVENUE D'),,,Plein jour,En agglomération,Hors intersection,Normale,Autre collision,,,,,,,,,,,1,2,1,1,6
200500033867,0005-06-17 16:55:00,5,6,17,16,55,430,41.0,SPORTS (AVENUE DES),,,Plein jour,En agglomération,Intersection en T,Normale,Deux véhicules - côté,,,,,,,,,,,1,2,3,1,3
200500033868,0005-06-21 14:10:00,5,6,21,14,10,430,41.0,"03, GARE (AVENUE DE LA)",,,Plein jour,En agglomération,Hors intersection,Normale,Deux véhicules - côté,,,,,,,,,,,1,2,1,1,3
200500033869,0005-06-25 11:50:00,5,6,25,11,50,430,157.0,"17, REPUBLIQUE (BD DE LA",,,Plein jour,En agglomération,Hors intersection,Normale,Trois véhicules et plus - en chaîne,,,,,,,,,,,1,2,1,1,4
200500033870,0005-06-30 16:42:00,5,6,30,16,42,430,41.0,TIREBOEUF (COTE DE),,,Plein jour,En agglomération,Hors intersection,Normale,Trois véhicules et plus - en chaîne,,,,,,,,,,,1,2,1,1,4
200500033871,0005-06-01 07:38:00,5,6,1,7,38,440,132.0,OCEANIDES (BOULEVARD DES,,,Plein jour,En agglomération,Intersection en T,Normale,Deux véhicules - côté,,,,,,,,,,,1,2,3,1,3
200500033872,0005-06-05 14:46:00,5,6,5,14,46,440,135.0,"36, DUBOIS ( BOULEVARD D",,,Plein jour,En agglomération,Hors intersection,Normale,Autre collision,,,,,,,,,,,1,2,1,1,6
200500033873,0005-06-25 03:40:00,5,6,25,3,40,440,135.0,SAINT CLAIR ( AVENUE ),,,Nuit avec éclairage allumé,En agglomération,Hors intersection,Normale,Deux véhicules - frontale,,,,,,,,,,,5,2,1,1,1
200500033874,0005-06-29 14:30:00,5,6,29,14,30,440,135.0,"1, HALLALI ( AVENUE DE L",,,Plein jour,En agglomération,Intersection en X,Normale,Deux véhicules - côté,,,,,,,,,,,1,2,2,1,3
200500033875,0005-06-01 14:30:00,5,6,1,14,30,440,109.0,"sans, SAGET ( RUE )",,,Plein jour,En agglomération,Intersection en X,Normale,Deux véhicules - côté,,,,,,,,,,,1,2,2,1,3
200500033876,0005-06-02 13:50:00,5,6,2,13,50,440,109.0,"44, SCHUMAN ( BD ROBERT",,,Plein jour,En agglomération,Intersection en T,Normale,Deux véhicules - côté,,,,,,,,,,,1,2,3,1,3
200500033877,0005-06-02 09:00:00,5,6,2,9,0,440,215.0,"1, MESNIL ( RUE DU )",,,Plein jour,En agglomération,Intersection en X,Normale,Deux véhicules - côté,,,,,,,,,,,1,2,2,1,3
200500033878,0005-06-01 21:15:00,5,6,1,21,15,440,109.0,MANGIN ( PLACE VICTOR ),,,Plein jour,En agglomération,Giratoire,Normale,Deux véhicules - côté,,,,,,,,,,,1,2,6,1,3
200500033879,0005-06-05 06:30:00,5,6,5,6,30,440,109.0,"119, VERNE ( BD JULES )",,,Plein jour,En agglomération,Intersection en X,Normale,Deux véhicules - frontale,,,,,,,,,,,1,2,2,1,1
200500033880,0005-06-05 19:30:00,5,6,5,19,30,440,109.0,"00, BELLAMY ( RUE PAUL )",,,Plein jour,En agglomération,Hors intersection,Pluie légère,Sans collision,,,,,,,,,,,1,2,1,2,7
200500033881,0005-06-03 15:30:00,5,6,3,15,30,440,109.0,OTAGES ( COURS DES 50 ),,,Plein jour,En agglomération,Intersection en X,Normale,Autre collision,,,,,,,,,,,1,2,2,1,6
200500033882,0005-06-02 09:23:00,5,6,2,9,23,440,109.0,FOSSE ( QUAI DE LA ),,,Plein jour,En agglomération,Intersection en X,Normale,Autre collision,,,,,,,,,,,1,2,2,1,6
200500033883,0005-06-03 20:15:00,5,6,3,20,15,440,114.0,"1, BOTTE D'ASPERGES (RUE",,,Plein jour,En agglomération,Hors intersection,Normale,Sans collision,,,,,,,,,,,1,2,1,1,7
200500033884,0005-06-03 19:55:00,5,6,3,19,55,440,204.0,"0, DE GAULLE (BD CHARLES",,,Plein jour,En agglomération,Hors intersection,Normale,Deux véhicules - côté,,,,,,,,,,,1,2,1,1,3
200500033885,0005-06-07 06:11:00,5,6,7,6,11,440,204.0,PERIPHERIQUE,,,Crépuscule ou aube,Hors agglomération,Hors intersection,Normale,Autre collision,,,,,,,,,,,2,1,1,1,6
200500033886,0005-06-07 10:15:00,5,6,7,10,15,440,204.0,MOULIN DE LA ROUSSELIERE,,,Plein jour,Hors agglomération,Hors intersection,Normale,Deux véhicules - arrière,,,,,,,,,,,1,1,1,1,2
200500033887,0005-06-08 15:20:00,5,6,8,15,20,440,114.0,VOIE LACTEE (AV DE LA),,,Plein jour,En agglomération,Intersection en X,Normale,Deux véhicules - côté,,,,,,,,,,,1,2,2,1,3
200500033888,0005-06-08 17:30:00,5,6,8,17,30,440,109.0,BOURGEONNIERE( RUE DE LA,,,Plein jour,En agglomération,Hors intersection,Normale,Autre collision,,,,,,,,,,,1,2,1,1,6
200500033889,0005-06-09 23:30:00,5,6,9,23,30,440,109.0,PHILIPPOT ( BD JEAN ),,,Nuit avec éclairage allumé,En agglomération,Hors intersection,Normale,Deux véhicules - arrière,,,,,,,,,,,5,2,1,1,2
200500033890,0005-06-05 03:00:00,5,6,5,3,0,440,109.0,DESMOULINS ( RUE CAMILLE,,,Nuit avec éclairage allumé,En agglomération,Intersection en X,Normale,Autre collision,,,,,,,,,,,5,2,2,1,6
200500033891,0005-06-12 15:25:00,5,6,12,15,25,440,109.0,"., PORTERIE (ST JOPEPH)",,,Plein jour,En agglomération,Hors intersection,Normale,Deux véhicules - arrière,,,,,,,,,,,1,2,1,1,2
200500033892,0005-06-12 00:10:00,5,6,12,0,10,440,109.0,"56, BERLIOZ ( RUE HECTOR",,,Nuit avec éclairage allumé,En agglomération,Hors intersection,Normale,Autre collision,,,,,,,,,,,5,2,1,1,6
200500033893,0005-06-10 19:00:00,5,6,10,19,0,440,109.0,CLISSON ( ROUTE DE ),,,Plein jour,En agglomération,Hors intersection,Normale,Autre collision,,,,,,,,,,,1,2,1,1,6
200500033894,0005-06-07 12:19:00,5,6,7,12,19,440,204.0,"0, PAUL (BD MARCEL)",,,Plein jour,En agglomération,Intersection en T,Normale,Deux véhicules - côté,,,,,,,,,,,1,2,3,1,3
200500033895,0005-06-13 21:55:00,5,6,13,21,55,440,109.0,"., PAINLEVE ( RUE PAUL )",,,Plein jour,En agglomération,Giratoire,Normale,Deux véhicules - côté,,,,,,,,,,,1,2,6,1,3
200500033896,0005-06-12 16:50:00,5,6,12,16,50,440,114.0,"0, MENDES FRANCE (BD)",,,Plein jour,En agglomération,Hors intersection,Normale,Sans collision,,,,,,,,,,,1,2,1,1,7
200500033897,0005-06-14 20:10:00,5,6,14,20,10,440,204.0,THEBAUDIERES (AV DES),,,Plein jour,En agglomération,Hors intersection,Normale,Autre collision,,,,,,,,,,,1,2,1,1,6
200500033898,0005-06-10 04:15:00,5,6,10,4,15,440,143.0,"1, BOUGUENAIS (PTE PERIP",,,Nuit avec éclairage allumé,Hors agglomération,Hors intersection,Normale,Sans collision,,,,,,,,,,,5,1,1,1,7
200500033899,0005-06-16 12:55:00,5,6,16,12,55,440,109.0,"77, BELLAMY ( RUE PAUL )",,,Plein jour,En agglomération,Hors intersection,Normale,Deux véhicules - arrière,,,,,,,,,,,1,2,1,1,2
200500033900,0005-06-15 16:20:00,5,6,15,16,20,440,109.0,NIEPCE ( BD NICEPHORE ),,,Plein jour,En agglomération,Autre intersection,Pluie forte,Autre collision,,,,,,,,,,,1,2,9,3,6
200500033901,0005-06-17 14:35:00,5,6,17,14,35,440,109.0,BELLAMY ( RUE PAUL ),,,Plein jour,En agglomération,Hors intersection,Normale,Autre collision,,,,,,,,,,,1,2,1,1,6
200500033902,0005-06-18 03:24:00,5,6,18,3,24,440,109.0,GABORY  ( BD EMILE ),,,Nuit avec éclairage allumé,En agglomération,Hors intersection,Normale,Deux véhicules - frontale,,,,,,,,,,,5,2,1,1,1
200500033903,0005-06-19 03:00:00,5,6,19,3,0,440,109.0,PICHERIT ( RUE HENRI ),,,Nuit avec éclairage non allumé,En agglomération,Hors intersection,Normale,Autre collision,,,,,,,,,,,4,2,1,1,6
200500033904,0005-06-16 20:05:00,5,6,16,20,5,440,109.0,MONNET ( BD JEAN ),,,Plein jour,En agglomération,Hors intersection,Normale,Autre collision,,,,,,,,,,,1,2,1,1,6
200500033905,0005-06-17 16:55:00,5,6,17,16,55,440,204.0,"45, AQUITAINE (RUE DE L'",,,Plein jour,En agglomération,Hors intersection,Normale,Deux véhicules - arrière,,,,,,,,,,,1,2,1,1,2
200500033906,0005-06-18 04:30:00,5,6,18,4,30,440,204.0,"237, VANNES (ROUTE DE)",,,Nuit avec éclairage allumé,En agglomération,Hors intersection,Normale,Autre collision,,,,,,,,,,,5,2,1,1,6
200500033907,0005-06-19 01:45:00,5,6,19,1,45,440,143.0,MEDARD (RUE CROIX),,,Nuit avec éclairage allumé,En agglomération,Giratoire,Normale,Sans collision,,,,,,,,,,,5,2,6,1,7
200500033908,0005-06-19 07:45:00,5,6,19,7,45,440,215.0,"140, LIBERATION / CD751",,,Plein jour,En agglomération,Hors intersection,Normale,Autre collision,,,,,,,,,,,1,2,1,1,6
200500033909,0005-06-18 20:35:00,5,6,18,20,35,440,204.0,"0, BAULE (BD DE LA)",,,Plein jour,En agglomération,Hors intersection,Normale,Autre collision,,,,,,,,,,,1,2,1,1,6
200500033910,0005-06-20 21:45:00,5,6,20,21,45,440,109.0,"., MAUVES ( BD DE LA PRA",,,Crépuscule ou aube,En agglomération,Giratoire,Normale,Deux véhicules - côté,,,,,,,,,,,2,2,6,1,3
200500033911,0005-06-21 14:55:00,5,6,21,14,55,440,109.0,COTY   ( BD PRESIDENT RE,,,Plein jour,En agglomération,Hors intersection,Normale,Deux véhicules - arrière,,,,,,,,,,,1,2,1,1,2
200500033912,0005-06-21 18:00:00,5,6,21,18,0,440,109.0,"., CHALATRES ( AVENUE DE",,,Plein jour,En agglomération,Intersection en T,Normale,Autre collision,,,,,,,,,,,1,2,3,1,6
200500033913,0005-06-21 17:25:00,5,6,21,17,25,440,204.0,GAULLE ( BD DE),,,Plein jour,En agglomération,Hors intersection,Normale,Autre collision,,,,,,,,,,,1,2,1,1,6
200500033914,0005-06-15 17:00:00,5,6,15,17,0,440,109.0,"5, TOURVILLE  ( QUAI DE",,,Plein jour,En agglomération,Hors intersection,Normale,Deux véhicules - arrière,,,,,,,,,,,1,2,1,1,2
200500033915,0005-06-22 08:44:00,5,6,22,8,44,440,143.0,SORINIERES (RUE DES),,,Plein jour,En agglomération,Hors intersection,Normale,Deux véhicules - côté,,,,,,,,,,,1,2,1,1,3
200500033916,0005-06-22 07:30:00,5,6,22,7,30,440,204.0,"0, MASSACRE (BD DU)",,,Plein jour,En agglomération,Hors intersection,Normale,Deux véhicules - arrière,,,,,,,,,,,1,2,1,1,2
200500033917,0005-06-21 19:05:00,5,6,21,19,5,440,109.0,"52, RENNES ( ROUTE DE )",,,Plein jour,En agglomération,Hors intersection,Normale,Autre collision,,,,,,,,,,,1,2,1,1,6
200500033918,0005-06-23 08:05:00,5,6,23,8,5,440,109.0,ROUSSEAU ( PL WALDECK ),,,Plein jour,En agglomération,Intersection en T,Normale,Autre collision,,,,,,,,,,,1,2,3,1,6
200500033919,0005-06-22 09:05:00,5,6,22,9,5,440,114.0,"1, RN 137",,,Plein jour,En agglomération,Hors intersection,Normale,Deux véhicules - côté,,,,,,,,,,,1,2,1,1,3
200500033920,0005-06-23 16:30:00,5,6,23,16,30,440,114.0,PERIPHERIQUE,,,Plein jour,Hors agglomération,Hors intersection,Normale,Deux véhicules - arrière,,,,,,,,,,,1,1,1,1,2
200500033921,0005-06-24 08:45:00,5,6,24,8,45,440,109.0,DIEU ( AV DE L'HOTEL ),,,Plein jour,En agglomération,Hors intersection,Normale,Autre collision,,,,,,,,,,,1,2,1,1,6
200500033922,0005-06-24 15:15:00,5,6,24,15,15,440,109.0,"., VEIL ( RUE GASTON )",,,Plein jour,En agglomération,Intersection en T,Normale,Deux véhicules - côté,,,,,,,,,,,1,2,3,1,3
200500033923,0005-06-25 09:20:00,5,6,25,9,20,440,109.0,LAURIOL ( BD GABRIEL ),,,Plein jour,En agglomération,Hors intersection,Normale,Autre collision,,,,,,,,,,,1,2,1,1,6
200500033924,0005-06-26 23:00:00,5,6,26,23,0,440,109.0,OTAGES ( COURS DES 50 ),,,Nuit avec éclairage allumé,En agglomération,Hors intersection,Normale,Autre collision,,,,,,,,,,,5,2,1,1,6
200500033925,0005-06-27 12:10:00,5,6,27,12,10,440,109.0,FOSSE ( QUAI DE LA ),,,Plein jour,En agglomération,Hors intersection,Normale,Deux véhicules - côté,,,,,,,,,,,1,2,1,1,3
200500033926,0005-06-27 16:50:00,5,6,27,16,50,440,109.0,"., MICHEL ( RUE GASTON )",,,Plein jour,En agglomération,Passage à niveau,Normale,Deux véhicules - côté,,,,,,,,,,,1,2,8,1,3
200500033927,0005-06-24 20:10:00,5,6,24,20,10,440,114.0,RN 137,,,Plein jour,Hors agglomération,Hors intersection,Normale,Autre collision,,,,,,,,,,,1,1,1,1,6
200500033928,0005-06-28 10:47:00,5,6,28,10,47,440,109.0,EBOUE ( RUE FELIX ),,,Plein jour,En agglomération,Hors intersection,Normale,Autre collision,,,,,,,,,,,1,2,1,1,6
200500033929,0005-06-28 13:05:00,5,6,28,13,5,440,109.0,MARSEILLAISE ( RUE DE LA,,,Plein jour,En agglomération,Hors intersection,Normale,Deux véhicules - côté,,,,,,,,,,,1,2,1,1,3
200500033930,0005-06-24 16:55:00,5,6,24,16,55,440,109.0,MONOD ( BD PROFESSEUR JA,,,Plein jour,En agglomération,Hors intersection,Normale,Autre collision,,,,,,,,,,,1,2,1,1,6
200500033931,0005-06-28 18:15:00,5,6,28,18,15,440,109.0,PERIPHERIQUE,,,Plein jour,En agglomération,Hors intersection,Normale,Deux véhicules - arrière,,,,,,,,,,,1,2,1,1,2
200500033932,0005-06-29 03:10:00,5,6,29,3,10,440,109.0,TBILISSI  ( PONT DE ),,,Nuit avec éclairage allumé,En agglomération,Hors intersection,Normale,Autre collision,,,,,,,,,,,5,2,1,1,6
200500033933,0005-06-29 11:25:00,5,6,29,11,25,440,109.0,CLISSON ( COURS OLIVIER,,,Plein jour,En agglomération,Hors intersection,Pluie légère,Autre collision,,,,,,,,,,,1,2,1,2,6
200500033934,0005-06-29 11:45:00,5,6,29,11,45,440,109.0,"41, JOST ( RUE LEON )",,,Plein jour,En agglomération,Hors intersection,Normale,Autre collision,,,,,,,,,,,1,2,1,1,6
200500033935,0005-06-29 19:10:00,5,6,29,19,10,440,109.0,EUROPE ( BD DE L' ),,,Plein jour,En agglomération,Hors intersection,Normale,Autre collision,,,,,,,,,,,1,2,1,1,6
200500033936,0005-06-29 18:30:00,5,6,29,18,30,440,109.0,"39, DERVALLIERES ( RUE D",,,Plein jour,En agglomération,Hors intersection,Normale,Autre collision,,,,,,,,,,,1,2,1,1,6
200500033937,0005-06-29 12:15:00,5,6,29,12,15,440,109.0,PERIPHERIQUE,,,Plein jour,En agglomération,Hors intersection,Pluie forte,Deux véhicules - arrière,,,,,,,,,,,1,2,1,3,2
200500033938,0005-06-27 17:50:00,5,6,27,17,50,440,114.0,"95, PATOUILLERIE (AV DE",,,Plein jour,En agglomération,Hors intersection,Normale,Deux véhicules - côté,,,,,,,,,,,1,2,1,1,3
200500033939,0005-06-30 11:35:00,5,6,30,11,35,440,109.0,"79, SCHUMAN ( BD ROBERT",,,Plein jour,En agglomération,Hors intersection,Pluie légère,Deux véhicules - côté,,,,,,,,,,,1,2,1,2,3
200500033940,0005-06-29 14:15:00,5,6,29,14,15,440,204.0,BOUBEE (RUE DU DOCTEUR),,,Plein jour,En agglomération,Hors intersection,Normale,Autre collision,,,,,,,,,,,1,2,1,1,6
200500033941,0005-06-29 09:45:00,5,6,29,9,45,440,109.0,"., TRIBUNES ( BD DES )",,,Plein jour,En agglomération,Hors intersection,Normale,Deux véhicules - arrière,,,,,,,,,,,1,2,1,1,2
200500033942,0005-06-07 19:50:00,5,6,7,19,50,440,184.0,"16, GAUTIER (RUE HENRI)",,,Plein jour,En agglomération,Intersection en T,Normale,Deux véhicules - frontale,,,,,,,,,,,1,2,3,1,1
200500033943,0005-06-15 20:50:00,5,6,15,20,50,440,184.0,"1, GUYANE (RUE DE LA)",,,Plein jour,En agglomération,Intersection en X,Normale,Deux véhicules - côté,,,,,,,,,,,1,2,2,1,3
200500033944,0005-06-17 17:30:00,5,6,17,17,30,440,184.0,EINSTEIN (RUE ALBERT),,,Plein jour,En agglomération,Hors intersection,Normale,Sans collision,,,,,,,,,,,1,2,1,1,7
200500033945,0005-06-19 17:22:00,5,6,19,17,22,440,184.0,GAUTIER (RUE HENRI) DU 1,,,Plein jour,En agglomération,Intersection en T,Normale,Deux véhicules - côté,,,,,,,,,,,1,2,3,1,3
200500033946,0005-06-20 08:30:00,5,6,20,8,30,440,184.0,PORNICHET (RUE DE) DU 10,,,Plein jour,En agglomération,Intersection en X,Normale,Deux véhicules - côté,,,,,,,,,,,1,2,2,1,3
200500033947,0005-06-21 19:45:00,5,6,21,19,45,440,184.0,LESSEPS (AVENUE DE) DU 0,,,Plein jour,En agglomération,Hors intersection,Normale,Deux véhicules - arrière,,,,,,,,,,,1,2,1,1,2
200500033948,0005-06-22 00:10:00,5,6,22,0,10,440,184.0,HAUT ROCHER (ROUTE DU),,,Nuit sans éclairage public,En agglomération,Hors intersection,Normale,Sans collision,,,,,,,,,,,3,2,1,1,7
200500033949,0005-06-22 17:30:00,5,6,22,17,30,440,184.0,TRÉBALE (ROUTE DE),,,Plein jour,En agglomération,Hors intersection,Normale,Deux véhicules - côté,,,,,,,,,,,1,2,1,1,3
200500033950,0005-06-17 16:30:00,5,6,17,16,30,450,4.0,ANTIBES (AVENUE D'),,,Plein jour,En agglomération,Hors intersection,Normale,Deux véhicules - côté,,,,,,,,,,,1,2,1,1,3
200500033951,0005-06-01 22:20:00,5,6,1,22,20,450,285.0,BEAUHAIRE (RUE CHARLES),,,Nuit avec éclairage allumé,En agglomération,Intersection en X,Normale,Deux véhicules - côté,,,,,,,,,,,5,2,2,1,3
200500033952,0005-06-01 21:10:00,5,6,1,21,10,450,302.0,VALLEE (ROND POINT DE LA,,,Crépuscule ou aube,En agglomération,Giratoire,Normale,Deux véhicules - côté,,,,,,,,,,,2,2,6,1,3
200500033953,0005-06-01 19:52:00,5,6,1,19,52,450,302.0,ROUTE NATIONALE 20,,,Plein jour,En agglomération,Hors intersection,Normale,Deux véhicules - côté,,,,,,,,,,,1,2,1,1,3
200500033954,0005-06-02 19:45:00,5,6,2,19,45,450,234.0,"7, ROSERAIES (ALLEE DES)",,,Plein jour,En agglomération,Hors intersection,Normale,Autre collision,,,,,,,,,,,1,2,1,1,6
200500033955,0005-06-03 15:00:00,5,6,3,15,0,450,234.0,"4, HUGO (BOULEVARD VICTO",,,Plein jour,En agglomération,Intersection en T,Normale,Deux véhicules - côté,,,,,,,,,,,1,2,3,1,3
200500033956,0005-06-06 19:40:00,5,6,6,19,40,450,234.0,"03, SAINTE CROIX (PLACE",,,Plein jour,En agglomération,Hors intersection,Normale,Autre collision,,,,,,,,,,,1,2,1,1,6
200500033957,0005-06-06 14:15:00,5,6,6,14,15,450,234.0,"6, VIGNAT (RUE EUGENE)",,,Plein jour,En agglomération,Hors intersection,Normale,Deux véhicules - arrière,,,,,,,,,,,1,2,1,1,2
200500033958,0005-06-08 19:10:00,5,6,8,19,10,450,147.0,COLETTE (RUE ),,,Plein jour,En agglomération,Intersection en X,Normale,Deux véhicules - côté,,,,,,,,,,,1,2,2,1,3
200500033959,0005-06-08 16:50:00,5,6,8,16,50,450,234.0,"8, ZAY (AVENUE JEAN ZAY)",,,Plein jour,En agglomération,Intersection en T,Normale,Deux véhicules - côté,,,,,,,,,,,1,2,3,1,3
200500033960,0005-06-09 12:15:00,5,6,9,12,15,450,75.0,"47 Bis, BLOIS (ROUTE DE",,,Plein jour,En agglomération,Hors intersection,Normale,Autre collision,,,,,,,,,,,1,2,1,1,6
200500033961,0005-06-10 07:35:00,5,6,10,7,35,450,235.0,NATIONALE  (RUE),,,Plein jour,En agglomération,Intersection en T,Normale,Deux véhicules - côté,,,,,,,,,,,1,2,3,1,3
200500033962,0005-06-11 00:35:00,5,6,11,0,35,450,75.0,BLOIS (ROUTE DE BLOIS),,,Nuit avec éclairage allumé,En agglomération,Giratoire,Normale,Deux véhicules - côté,,,,,,,,,,,5,2,6,1,3
200500033963,0005-06-13 08:55:00,5,6,13,8,55,450,234.0,"36, PRESIDENT KENNEDY (A",,,Plein jour,En agglomération,Hors intersection,Normale,Deux véhicules - arrière,,,,,,,,,,,1,2,1,1,2
200500033964,0005-06-16 13:00:00,5,6,16,13,0,450,234.0,"23, SAINT MARC (RUE )",,,Plein jour,En agglomération,Autre intersection,Normale,Autre collision,,,,,,,,,,,1,2,9,1,6
200500033965,0005-06-13 21:20:00,5,6,13,21,20,450,302.0,"21, ROUTE NATIONALE 20",,,Plein jour,En agglomération,Hors intersection,Normale,Deux véhicules - arrière,,,,,,,,,,,1,2,1,1,2
200500033966,0005-06-16 17:35:00,5,6,16,17,35,450,234.0,ZAY (AVENUE JEAN ZAY),,,Plein jour,En agglomération,Hors intersection,Normale,Autre collision,,,,,,,,,,,1,2,1,1,6
200500033967,0005-06-21 14:35:00,5,6,21,14,35,450,302.0,"397, CHARTRES (ANCIENNE",,,Plein jour,En agglomération,Hors intersection,Normale,Trois véhicules et plus - collisions multiples,,,,,,,,,,,1,2,1,1,5
200500033968,0005-06-26 06:38:00,5,6,26,6,38,450,285.0,PAVARD (RUE HENRI),,,Plein jour,En agglomération,Intersection en T,Normale,Autre collision,,,,,,,,,,,1,2,3,1,6
200500033969,0005-06-16 15:50:00,5,6,16,15,50,450,234.0,"24, ARC (RUE JEANNE D')",,,Plein jour,En agglomération,Hors intersection,Normale,Deux véhicules - arrière,,,,,,,,,,,1,2,1,1,2
200500033970,0005-06-17 17:00:00,5,6,17,17,0,450,234.0,"16, MONTEES (RUE DES)",,,Plein jour,En agglomération,Hors intersection,Normale,Deux véhicules - côté,,,,,,,,,,,1,2,1,1,3
200500033971,0005-06-19 23:10:00,5,6,19,23,10,450,302.0,ROUTE NATIONALE 20,,,Nuit avec éclairage allumé,En agglomération,Intersection en T,Normale,Autre collision,,,,,,,,,,,5,2,3,1,6
200500033972,0005-06-21 21:25:00,5,6,21,21,25,450,234.0,"68, MOUILLERE (RUE DE LA",,,Plein jour,En agglomération,Hors intersection,Normale,Autre collision,,,,,,,,,,,1,2,1,1,6
200500033973,0005-06-22 18:50:00,5,6,22,18,50,450,232.0,ARDON (ROUTE D'),,,Plein jour,En agglomération,Intersection en Y,Normale,Deux véhicules - frontale,,,,,,,,,,,1,2,4,1,1
200500033974,0005-06-22 20:15:00,5,6,22,20,15,450,234.0,FINETTES (VENELLE DES FI,,,Plein jour,En agglomération,Hors intersection,Normale,Autre collision,,,,,,,,,,,1,2,1,1,6
200500033975,0005-06-22 16:00:00,5,6,22,16,0,450,234.0,"17, LIBERATION (AVENUE D",,,Plein jour,En agglomération,Hors intersection,Normale,Autre collision,,,,,,,,,,,1,2,1,1,6
200500033976,0005-06-22 18:25:00,5,6,22,18,25,450,169.0,VAL D'ORLEANS (RUE DU),,,Plein jour,En agglomération,Giratoire,Normale,Deux véhicules - côté,,,,,,,,,,,1,2,6,1,3
200500033977,0005-06-23 23:00:00,5,6,23,23,0,450,285.0,VIEUX BOURG (RUE DU VIEU,,,Nuit avec éclairage allumé,Hors agglomération,Hors intersection,Normale,Autre collision,,,,,,,,,,,5,1,1,1,6
200500033978,0005-06-24 17:30:00,5,6,24,17,30,450,234.0,"06, BARBOTTE (RUE DE)",,,Plein jour,En agglomération,Hors intersection,Normale,Deux véhicules - arrière,,,,,,,,,,,1,2,1,1,2
200500033979,0005-06-24 22:35:00,5,6,24,22,35,450,75.0,ORLEANS (ROUTE D'ORLEANS,,,Nuit avec éclairage allumé,En agglomération,Hors intersection,Normale,Deux véhicules - côté,,,,,,,,,,,5,2,1,1,3
200500033980,0005-06-25 15:00:00,5,6,25,15,0,450,302.0,", CHEVALLIER (RUE LOUIS)",,,Plein jour,En agglomération,Hors intersection,Normale,Autre collision,,,,,,,,,,,1,2,1,1,6
200500033981,0005-06-25 15:30:00,5,6,25,15,30,450,234.0,", CAMUS (PLACE ALBERT)",,,Plein jour,Hors agglomération,Hors intersection,Normale,Autre collision,,,,,,,,,,,1,1,1,1,6