accident_id,datetime,annee,mois,jour,heure,minute,departement,commune_insee,adresse,latitude,longitude,luminosite,agglomeration,intersection,meteo,collision,nb_vehicules,nb_usagers,nb_indemnes,nb_tues,nb_blesses_hosp,nb_blesses_legers,age_cond_1,age_cond_2,veh_type_cond_1,veh_type_cond_2,lum_code,agg_code,int_code,atm_code,col_code
200500034378,0005-06-14 22:00:00,5,6,14,22,0,590,350.0,LIBERTE BVD N°2 A 90-51,,,Plein jour,Hors agglomération,Autre intersection,Normale,Deux véhicules - côté,,,,,,,,,,,1,1,9,1,3
200500034379,0005-06-14 19:20:00,5,6,14,19,20,590,350.0,"134, MONTEBELLO BD PAIRS",,,Plein jour,En agglomération,Hors intersection,Normale,Deux véhicules - côté,,,,,,,,,,,1,2,1,1,3
200500034380,0005-06-15 17:00:00,5,6,15,17,0,590,350.0,"1000, MOSELLE BOULEVARD",,,Plein jour,En agglomération,Hors intersection,Pluie légère,Deux véhicules - arrière,,,,,,,,,,,1,2,1,2,2
200500034381,0005-06-15 16:50:00,5,6,15,16,50,590,378.0,"457, MARNE AVENUE DE LA",,,Plein jour,En agglomération,Autre intersection,Pluie légère,Autre collision,,,,,,,,,,,1,2,9,2,6
200500034382,0005-06-17 12:30:00,5,6,17,12,30,590,350.0,BELFORT BOULEVARD DE,,,Plein jour,En agglomération,Intersection en X,Normale,Deux véhicules - côté,,,,,,,,,,,1,2,2,1,3
200500034383,0005-06-19 16:40:00,5,6,19,16,40,590,350.0,"371Bis, ARBRISSEAU RUE D",,,Plein jour,En agglomération,Hors intersection,Normale,Autre collision,,,,,,,,,,,1,2,1,1,6
200500034384,0005-06-18 17:45:00,5,6,18,17,45,590,286.0,DAME RUE DU GENERAL,,,Plein jour,En agglomération,Hors intersection,Normale,Autre collision,,,,,,,,,,,1,2,1,1,6
200500034385,0005-06-18 03:30:00,5,6,18,3,30,590,350.0,"Sans objet, PARIS RUE N°",,,Nuit avec éclairage non allumé,En agglomération,Hors intersection,Normale,Autre collision,,,,,,,,,,,4,2,1,1,6
200500034386,0005-06-18 00:10:00,5,6,18,0,10,590,350.0,"Sans objet, BATELIERS RU",,,Nuit avec éclairage allumé,En agglomération,Hors intersection,Normale,Autre collision,,,,,,,,,,,5,2,1,1,6
200500034387,0005-06-20 04:40:00,5,6,20,4,40,590,350.0,"09, BLEUETS PLACE AUX",,,Nuit avec éclairage allumé,En agglomération,Place,Normale,Autre collision,,,,,,,,,,,5,2,7,1,6
200500034388,0005-06-19 19:40:00,5,6,19,19,40,590,378.0,PLACE LISFRANC,,,Plein jour,En agglomération,Place,Normale,Autre collision,,,,,,,,,,,1,2,7,1,6
200500034389,0005-06-20 13:50:00,5,6,20,13,50,590,527.0,"93, CARNOT SADI RUE",,,Plein jour,En agglomération,Hors intersection,Normale,Autre collision,,,,,,,,,,,1,2,1,1,6
200500034390,0005-06-21 11:30:00,5,6,21,11,30,590,507.0,"08, LAVOISIER RUE",,,Plein jour,En agglomération,Hors intersection,Normale,Autre collision,,,,,,,,,,,1,2,1,1,6
200500034391,0005-06-21 16:50:00,5,6,21,16,50,590,410.0,"15, COTY RENE AVENUE",,,Plein jour,En agglomération,Hors intersection,Normale,Sans collision,,,,,,,,,,,1,2,1,1,7
200500034392,0005-06-21 18:45:00,5,6,21,18,45,590,9.0,"127, CHARDIN ALLEE",,,Plein jour,En agglomération,Hors intersection,Normale,Autre collision,,,,,,,,,,,1,2,1,1,6
200500034393,0005-06-22 01:00:00,5,6,22,1,0,590,378.0,"74, MENIN RUE DE",,,Nuit avec éclairage allumé,Hors agglomération,Hors intersection,Normale,Deux véhicules - arrière,,,,,,,,,,,5,1,1,1,2
200500034394,0005-06-22 17:00:00,5,6,22,17,0,590,9.0,VERMEER RUE,,,Plein jour,En agglomération,Hors intersection,Normale,Autre collision,,,,,,,,,,,1,2,1,1,6
200500034395,0005-06-22 17:40:00,5,6,22,17,40,590,368.0,"001, REPUBLIQUE AVENUE D",,,Plein jour,En agglomération,Hors intersection,Normale,Deux véhicules - arrière,,,,,,,,,,,1,2,1,1,2
200500034396,0005-06-23 16:20:00,5,6,23,16,20,590,350.0,MOLINEL RUE DU,,,Plein jour,En agglomération,Intersection en X,Temps éblouissant,Deux véhicules - côté,,,,,,,,,,,1,2,2,7,3
200500034397,0005-06-24 04:34:00,5,6,24,4,34,590,350.0,"1, LEBAS JEAN BAPTISTE B",,,Crépuscule ou aube,En agglomération,Hors intersection,Normale,Autre collision,,,,,,,,,,,2,2,1,1,6
200500034398,0005-06-24 11:30:00,5,6,24,11,30,590,527.0,"238, DE LATTRE TASSIGNY.",,,Plein jour,En agglomération,Hors intersection,Normale,Deux véhicules - arrière,,,,,,,,,,,1,2,1,1,2
200500034399,0005-06-23 19:00:00,5,6,23,19,0,590,378.0,"2, ROUX RUE DU DOCTEUR",,,Plein jour,En agglomération,Hors intersection,Normale,Sans collision,,,,,,,,,,,1,2,1,1,7
200500034400,0005-06-24 18:40:00,5,6,24,18,40,590,350.0,"00, BERGOT LOUIS RUE",,,Plein jour,En agglomération,Intersection en T,Normale,Autre collision,,,,,,,,,,,1,2,3,1,6
200500034401,0005-06-24 18:10:00,5,6,24,18,10,590,636.0,"001, COMINES CHEMIN DE",,,Plein jour,En agglomération,Intersection en Y,Normale,Deux véhicules - côté,,,,,,,,,,,1,2,4,1,3
200500034402,0005-06-24 20:35:00,5,6,24,20,35,590,350.0,"5, MOSELLE BOULEVARD N°I",,,Plein jour,En agglomération,Hors intersection,Normale,Autre collision,,,,,,,,,,,1,2,1,1,6
200500034403,0005-06-24 21:00:00,5,6,24,21,0,590,350.0,"80, CONDE RUE DE",,,Plein jour,En agglomération,Hors intersection,Normale,Autre collision,,,,,,,,,,,1,2,1,1,6
200500034404,0005-06-25 16:25:00,5,6,25,16,25,590,350.0,"Sans Objet, ESPLANADE FA",,,Plein jour,En agglomération,Hors intersection,Normale,Autre collision,,,,,,,,,,,1,2,1,1,6
200500034405,0005-06-25 13:00:00,5,6,25,13,0,590,9.0,"00, DE VALMY BOULEVARD",,,Plein jour,En agglomération,Hors intersection,Normale,Autre collision,,,,,,,,,,,1,2,1,1,6
200500034406,0005-06-26 12:30:00,5,6,26,12,30,590,350.0,"00, ARBRISSEAU RUE DE L",,,Plein jour,En agglomération,Intersection en X,Normale,Autre collision,,,,,,,,,,,1,2,2,1,6
200500034407,0005-06-26 17:10:00,5,6,26,17,10,590,378.0,"1013, REPUBLIQUE AV DE L",,,Plein jour,En agglomération,Hors intersection,Normale,Autre collision,,,,,,,,,,,1,2,1,1,6
200500034408,0005-06-27 14:00:00,5,6,27,14,0,590,328.0,HIPPODROME AV DE L N°134,,,Plein jour,En agglomération,Hors intersection,Normale,Autre collision,,,,,,,,,,,1,2,1,1,6
200500034409,0005-06-27 20:00:00,5,6,27,20,0,590,368.0,"220, REPUBLIQUE AVENUE D",,,Plein jour,En agglomération,Hors intersection,Normale,Autre collision,,,,,,,,,,,1,2,1,1,6
200500034410,0005-06-28 16:20:00,5,6,28,16,20,590,350.0,POSTES RUE N°1 A 63,,,Plein jour,En agglomération,Hors intersection,Normale,Autre collision,,,,,,,,,,,1,2,1,1,6
200500034411,0005-06-28 15:45:00,5,6,28,15,45,590,609.0,SECLIN RUE DE,,,Plein jour,En agglomération,Intersection en X,Normale,Deux véhicules - côté,,,,,,,,,,,1,2,2,1,3
200500034412,0005-06-27 17:30:00,5,6,27,17,30,590,196.0,"2171, GARE RUE DE LA",,,Plein jour,En agglomération,Hors intersection,Normale,Trois véhicules et plus - en chaîne,,,,,,,,,,,1,2,1,1,4
200500034413,0005-06-29 09:20:00,5,6,29,9,20,590,9.0,"00, CANTELEU AVENUE DE",,,Plein jour,En agglomération,Intersection en T,Normale,Autre collision,,,,,,,,,,,1,2,3,1,6
200500034414,0005-06-30 07:35:00,5,6,30,7,35,590,360.0,"27, REPUBLIQUE BOULEVARD",,,Plein jour,En agglomération,Hors intersection,Normale,Deux véhicules - arrière,,,,,,,,,,,1,2,1,1,2
200500034415,0005-06-29 19:00:00,5,6,29,19,0,590,350.0,"15, ALCAZAR RUE DE L",,,Plein jour,En agglomération,Hors intersection,Normale,Autre collision,,,,,,,,,,,1,2,1,1,6
200500034416,0005-06-30 07:40:00,5,6,30,7,40,590,9.0,MONS BOULEVARD DE,,,Plein jour,En agglomération,Intersection en T,Normale,Deux véhicules - côté,,,,,,,,,,,1,2,3,1,3
200500034417,0005-06-30 10:25:00,5,6,30,10,25,590,9.0,"00, CHAMPOLLION AVENUE",,,Plein jour,En agglomération,Hors intersection,Normale,Autre collision,,,,,,,,,,,1,2,1,1,6
200500034418,0005-06-29 15:00:00,5,6,29,15,0,590,560.0,HENTGES JOSEPH BOULEVARD,,,Plein jour,En agglomération,Intersection en X,Normale,Deux véhicules - côté,,,,,,,,,,,1,2,2,1,3
200500034419,0005-06-27 17:10:00,5,6,27,17,10,590,193.0,D. 341,,,Plein jour,En agglomération,Hors intersection,Normale,Autre collision,,,,,,,,,,,1,2,1,1,6
200500034420,0005-06-24 15:40:00,5,6,24,15,40,590,350.0,VAUBAN BOULEVARD N° REST,,,Plein jour,En agglomération,Autre intersection,Normale,Deux véhicules - côté,,,,,,,,,,,1,2,9,1,3
200500034421,0005-06-17 13:45:00,5,6,17,13,45,590,350.0,"35, ISLY RUE",,,Plein jour,En agglomération,Hors intersection,Normale,Autre collision,,,,,,,,,,,1,2,1,1,6
200500034422,0005-06-08 09:56:00,5,6,8,9,56,590,392.0,JEUMONT (BOULEVARD DE),,,Plein jour,En agglomération,Intersection en X,Normale,Deux véhicules - côté,,,,,,,,,,,1,2,2,1,3
200500034423,0005-06-11 15:20:00,5,6,11,15,20,590,225.0,JEAN JAURES (RUE),,,Plein jour,En agglomération,Intersection en X,Normale,Deux véhicules - côté,,,,,,,,,,,1,2,2,1,3
200500034424,0005-06-11 20:55:00,5,6,11,20,55,590,225.0,R.N. 49 VALENCIENNES,,,Plein jour,En agglomération,Intersection en X,Normale,Deux véhicules - côté,,,,,,,,,,,1,2,2,1,3
200500034425,0005-06-13 11:10:00,5,6,13,11,10,590,225.0,REPUBLIQUE (RUE DE LA),,,Plein jour,En agglomération,Hors intersection,Normale,Autre collision,,,,,,,,,,,1,2,1,1,6
200500034426,0005-06-16 14:50:00,5,6,16,14,50,590,392.0,FEIGNIES (ROUTE DE),,,Plein jour,En agglomération,Intersection en T,Normale,Trois véhicules et plus - en chaîne,,,,,,,,,,,1,2,3,1,4
200500034427,0005-06-16 14:05:00,5,6,16,14,5,590,291.0,JULES CAMPAGNE (RUE),,,Plein jour,En agglomération,Hors intersection,Normale,Deux véhicules - côté,,,,,,,,,,,1,2,1,1,3
200500034428,0005-06-21 16:10:00,5,6,21,16,10,590,365.0,DIX-NEUF MARS 1962 (AVEN,,,Plein jour,En agglomération,Intersection en X,Normale,Deux véhicules - côté,,,,,,,,,,,1,2,2,1,3
200500034429,0005-06-17 23:50:00,5,6,17,23,50,590,365.0,"68, JULES GALLOIS (RUE)",,,Nuit avec éclairage allumé,En agglomération,Hors intersection,Normale,Deux véhicules - arrière,,,,,,,,,,,5,2,1,1,2
200500034430,0005-06-22 23:16:00,5,6,22,23,16,590,291.0,PROVIDENCE (RUE DE LA),,,Nuit avec éclairage allumé,En agglomération,Intersection en Y,Normale,Deux véhicules - côté,,,,,,,,,,,5,2,4,1,3
200500034431,0005-06-22 11:38:00,5,6,22,11,38,590,230.0,"846, CLEMENCEAU (AVENUE)",,,Plein jour,En agglomération,Hors intersection,Normale,Deux véhicules - côté,,,,,,,,,,,1,2,1,1,3
200500034432,0005-06-26 18:50:00,5,6,26,18,50,590,392.0,JEAN DE LA FONTAINE (BOU,,,Plein jour,En agglomération,Hors intersection,Normale,Autre collision,,,,,,,,,,,1,2,1,1,6
200500034433,0005-06-25 20:40:00,5,6,25,20,40,590,230.0,CLEMENCEAU (AVENUE),,,Plein jour,En agglomération,Intersection en T,Temps couvert,Deux véhicules - côté,,,,,,,,,,,1,2,3,8,3
200500034434,0005-06-27 07:55:00,5,6,27,7,55,590,291.0,"84, ABATTOIR (RUE DE L')",,,Plein jour,En agglomération,Hors intersection,Normale,Autre collision,,,,,,,,,,,1,2,1,1,6
200500034435,0005-06-27 17:05:00,5,6,27,17,5,590,21.0,BOUSSOIS (ROUTE DE),,,Plein jour,En agglomération,Intersection en X,Normale,Deux véhicules - côté,,,,,,,,,,,1,2,2,1,3
200500034436,0005-06-04 21:00:00,5,6,4,21,0,590,392.0,GRATTIERE (RUE DE),,,Plein jour,En agglomération,Hors intersection,Normale,Deux véhicules - arrière,,,,,,,,,,,1,2,1,1,2
200500034437,0005-06-15 13:02:00,5,6,15,13,2,590,299.0,CD 700,,,Plein jour,En agglomération,Hors intersection,Normale,Autre collision,,,,,,,,,,,1,2,1,1,6
200500034438,0005-06-03 19:00:00,5,6,3,19,0,590,512.0,SOLFERINO (RUE DE),,,Crépuscule ou aube,En agglomération,Hors intersection,Normale,Autre collision,,,,,,,,,,,2,2,1,1,6
200500034439,0005-06-04 22:13:00,5,6,4,22,13,590,512.0,DUPIRE (RUE LOUIS),,,Plein jour,En agglomération,Hors intersection,Normale,Autre collision,,,,,,,,,,,1,2,1,1,6
200500034440,0005-06-05 12:30:00,5,6,5,12,30,590,512.0,SOULT (RUE),,,Plein jour,En agglomération,Hors intersection,Normale,Autre collision,,,,,,,,,,,1,2,1,1,6
200500034441,0005-06-08 08:55:00,5,6,8,8,55,590,650.0,"1, BASANOS (RUE DES)",,,Plein jour,En agglomération,Hors intersection,Normale,Autre collision,,,,,,,,,,,1,2,1,1,6
200500034442,0005-06-11 17:55:00,5,6,11,17,55,590,512.0,"1, STRASBOURG (BOULEVARD",,,Plein jour,En agglomération,Hors intersection,Normale,Autre collision,,,,,,,,,,,1,2,1,1,6
200500034443,0005-06-10 15:50:00,5,6,10,15,50,590,299.0,LECLERC (RUE DU GENERAL),,,Plein jour,En agglomération,Hors intersection,Normale,Autre collision,,,,,,,,,,,1,2,1,1,6
200500034444,0005-06-11 10:15:00,5,6,11,10,15,590,512.0,LECLERC (BOULEVARD DU GE,,,Plein jour,En agglomération,Intersection à plus de 4 branches,Normale,Deux véhicules - côté,,,,,,,,,,,1,2,5,1,3
200500034445,0005-06-23 19:25:00,5,6,23,19,25,590,339.0,TRIEU DE QUESNOY (RUE DU,,,Plein jour,En agglomération,Hors intersection,Normale,Deux véhicules - côté,,,,,,,,,,,1,2,1,1,3
200500034446,0005-06-11 12:45:00,5,6,11,12,45,590,650.0,"1, FAURE (RUE GABRIEL)",,,Plein jour,En agglomération,Hors intersection,Normale,Deux véhicules - frontale,,,,,,,,,,,1,2,1,1,1
200500034447,0005-06-11 12:15:00,5,6,11,12,15,590,512.0,"1, NATIONS UNIES (AVENUE",,,Plein jour,Hors agglomération,Hors intersection,Normale,Deux véhicules - arrière,,,,,,,,,,,1,1,1,1,2
200500034448,0005-06-14 17:20:00,5,6,14,17,20,590,646.0,"1, CAUS (AVENUE DESIRE)",,,Plein jour,En agglomération,Intersection en X,Normale,Deux véhicules - côté,,,,,,,,,,,1,2,2,1,3
200500034449,0005-06-14 17:55:00,5,6,14,17,55,590,512.0,GUESDE (RUE JULES),,,Plein jour,En agglomération,Intersection en X,Normale,Deux véhicules - côté,,,,,,,,,,,1,2,2,1,3
200500034450,0005-06-15 17:30:00,5,6,15,17,30,590,512.0,"1, GUESDE (RUE JULES)",,,Plein jour,En agglomération,Hors intersection,Normale,Autre collision,,,,,,,,,,,1,2,1,1,6
200500034451,0005-06-15 19:00:00,5,6,15,19,0,590,650.0,ALBERT TER (RUE),,,Plein jour,En agglomération,Giratoire,Normale,Autre collision,,,,,,,,,,,1,2,6,1,6
200500034452,0005-06-16 15:25:00,5,6,16,15,25,590,512.0,GAMBETTA ( BOULEVARD),,,Plein jour,En agglomération,Hors intersection,Normale,Autre collision,,,,,,,,,,,1,2,1,1,6
200500034453,0005-06-16 17:40:00,5,6,16,17,40,590,512.0,POTENNERIE (RUE DE LA),,,Plein jour,En agglomération,Hors intersection,Normale,Deux véhicules - côté,,,,,,,,,,,1,2,1,1,3
200500034454,0005-06-21 13:35:00,5,6,21,13,35,590,512.0,ESPIERRE (RUE DE L'),,,Plein jour,En agglomération,Hors intersection,Normale,Deux véhicules - arrière,,,,,,,,,,,1,2,1,1,2
200500034455,0005-06-27 15:55:00,5,6,27,15,55,590,650.0,MERIAUX (RUE FRANCOIS),,,Plein jour,En agglomération,Intersection en X,Normale,Autre collision,,,,,,,,,,,1,2,2,1,6
200500034456,0005-06-27 18:35:00,5,6,27,18,35,590,650.0,LONDRES (RUE DE),,,Plein jour,En agglomération,Intersection en X,Normale,Autre collision,,,,,,,,,,,1,2,2,1,6
200500034457,0005-06-26 12:15:00,5,6,26,12,15,590,512.0,EPEULE  (RUE DE L'),,,Plein jour,En agglomération,Hors intersection,Normale,Autre collision,,,,,,,,,,,1,2,1,1,6
200500034458,0005-06-07 18:10:00,5,6,7,18,10,590,512.0,BLANCHEMAILLE (RUE DE),,,Plein jour,En agglomération,Intersection en X,Normale,Autre collision,,,,,,,,,,,1,2,2,1,6
200500034459,0005-06-13 17:53:00,5,6,13,17,53,590,512.0,TOURCOING (RUE DE),,,Plein jour,En agglomération,Hors intersection,Normale,Autre collision,,,,,,,,,,,1,2,1,1,6
200500034460,0005-06-21 11:50:00,5,6,21,11,50,590,163.0,"1, REPUBLIQUE (PLACE DE",,,Plein jour,En agglomération,Hors intersection,Normale,Autre collision,,,,,,,,,,,1,2,1,1,6
200500034461,0005-06-21 11:25:00,5,6,21,11,25,590,163.0,GARE (RUE DE LA),,,Plein jour,En agglomération,Intersection en X,Normale,Deux véhicules - côté,,,,,,,,,,,1,2,2,1,3
200500034462,0005-06-24 20:00:00,5,6,24,20,0,590,163.0,HOLDEN CROTHERS(RUE),,,Plein jour,En agglomération,Intersection en X,Normale,Deux véhicules - côté,,,,,,,,,,,1,2,2,1,3
200500034463,0005-06-13 19:45:00,5,6,13,19,45,590,512.0,ALMA  (RUE DE L)',,,Plein jour,En agglomération,Intersection en X,Normale,Deux véhicules - côté,,,,,,,,,,,1,2,2,1,3
200500034464,0005-06-21 18:30:00,5,6,21,18,30,590,512.0,DE GAULLE  (BOULEVARD DU,,,Plein jour,En agglomération,Intersection en T,Normale,Deux véhicules - côté,,,,,,,,,,,1,2,3,1,3
200500034465,0005-06-18 16:25:00,5,6,18,16,25,590,512.0,CASSEL (RUE DE),,,Plein jour,En agglomération,Hors intersection,Normale,Autre collision,,,,,,,,,,,1,2,1,1,6
200500034466,0005-06-14 07:45:00,5,6,14,7,45,590,512.0,MOUVAUX (RUE DE),,,Plein jour,En agglomération,Hors intersection,Normale,Autre collision,,,,,,,,,,,1,2,1,1,6
200500034467,0005-06-19 19:00:00,5,6,19,19,0,590,339.0,CD 700,,,Plein jour,En agglomération,Autre intersection,Normale,Deux véhicules - côté,,,,,,,,,,,1,2,9,1,3
200500034468,0005-06-13 17:10:00,5,6,13,17,10,590,526.0,"323, RTE DE ROUBAIX",,,Plein jour,En agglomération,Hors intersection,Normale,Deux véhicules - côté,,,,,,,,,,,1,2,1,1,3
200500034469,0005-06-16 13:45:00,5,6,16,13,45,590,375.0,"AUCUN, SOMAIN(ROUTE) CD9",,,Plein jour,En agglomération,Hors intersection,Normale,Deux véhicules - frontale,,,,,,,,,,,1,2,1,1,1
200500034470,0005-06-03 19:50:00,5,6,3,19,50,590,152.0,"2200, HALOT (CHEMIN DU)",,,Plein jour,Hors agglomération,Hors intersection,Normale,Deux véhicules - frontale,,,,,,,,,,,1,1,1,1,1
200500034471,0005-06-09 11:50:00,5,6,9,11,50,590,599.0,"248, PIATS (RUE DES)",,,Plein jour,En agglomération,Hors intersection,Normale,Autre collision,,,,,,,,,,,1,2,1,1,6
200500034472,0005-06-11 23:40:00,5,6,11,23,40,590,426.0,"01, SCHUMAN (RUE ROBERT)",,,Nuit avec éclairage allumé,En agglomération,Intersection en X,Normale,Deux véhicules - côté,,,,,,,,,,,5,2,2,1,3
200500034473,0005-06-12 23:30:00,5,6,12,23,30,590,508.0,"100, DRONCKAERT (RUE DU)",,,Nuit avec éclairage allumé,En agglomération,Hors intersection,Normale,Autre collision,,,,,,,,,,,5,2,1,1,6
200500034474,0005-06-14 18:45:00,5,6,14,18,45,590,599.0,MARNE (AVENUE DE LA),,,Plein jour,En agglomération,Intersection en X,Normale,Deux véhicules - côté,,,,,,,,,,,1,2,2,1,3
200500034475,0005-06-16 19:00:00,5,6,16,19,0,590,599.0,"135, ROUGE (RUE DE LA CR",,,Plein jour,En agglomération,Hors intersection,Normale,Autre collision,,,,,,,,,,,1,2,1,1,6
200500034476,0005-06-16 19:50:00,5,6,16,19,50,590,599.0,PERI (RUE GABRIEL),,,Plein jour,En agglomération,Intersection en T,Normale,Deux véhicules - côté,,,,,,,,,,,1,2,3,1,3
200500034477,0005-06-18 10:00:00,5,6,18,10,0,590,599.0,NOTRE DAME (PLACE),,,Plein jour,En agglomération,Hors intersection,Normale,Autre collision,,,,,,,,,,,1,2,1,1,6
200500034478,0005-06-21 19:35:00,5,6,21,19,35,590,599.0,ORIONS (RUE DES),,,Plein jour,En agglomération,Intersection en X,Normale,Autre collision,,,,,,,,,,,1,2,2,1,6
200500034479,0005-06-22 14:50:00,5,6,22,14,50,590,90.0,LORIDAN (RUE CESAR),,,Plein jour,En agglomération,Intersection en X,Normale,Deux véhicules - côté,,,,,,,,,,,1,2,2,1,3
200500034480,0005-06-26 13:30:00,5,6,26,13,30,590,426.0,RACCORDEMENT (VOIE DE),,,Plein jour,Hors agglomération,Intersection en X,Normale,Deux véhicules - côté,,,,,,,,,,,1,1,2,1,3
200500034481,0005-06-28 12:30:00,5,6,28,12,30,590,279.0,LYS (RUE DE LA),,,Plein jour,En agglomération,Hors intersection,Normale,Autre collision,,,,,,,,,,,1,2,1,1,6
200500034482,0005-06-30 09:10:00,5,6,30,9,10,590,352.0,"96, QUESNOY (RUE)",,,Plein jour,Hors agglomération,Intersection en X,Normale,Deux véhicules - côté,,,,,,,,,,,1,1,2,1,3
200500034483,0005-06-01 22:30:00,5,6,1,22,30,590,491.0,PINSON (AVENUE DU),,,Nuit avec éclairage non allumé,En agglomération,Giratoire,Normale,Autre collision,,,,,,,,,,,4,2,6,1,6
200500034484,0005-06-01 18:45:00,5,6,1,18,45,590,207.0,"13, BRUNEHAUT (CHAUSSEE)",,,Plein jour,En agglomération,Hors intersection,Normale,Autre collision,,,,,,,,,,,1,2,1,1,6
200500034485,0005-06-01 16:10:00,5,6,1,16,10,590,14.0,MATHIEU (RUE PIERRE),,,Plein jour,En agglomération,Intersection en X,Normale,Deux véhicules - côté,,,,,,,,,,,1,2,2,1,3
200500034486,0005-06-07 17:30:00,5,6,7,17,30,590,459.0,FRANCE (RUE ANATOLE),,,Plein jour,En agglomération,Intersection en T,Normale,Autre collision,,,,,,,,,,,1,2,3,1,6
200500034487,0005-06-15 14:10:00,5,6,15,14,10,590,14.0,JAURES (RUE JEAN),,,Plein jour,En agglomération,Hors intersection,Normale,Autre collision,,,,,,,,,,,1,2,1,1,6
200500034488,0005-06-13 20:00:00,5,6,13,20,0,590,479.0,JAURES (AVENUE JEAN),,,Plein jour,En agglomération,Intersection en X,Normale,Autre collision,,,,,,,,,,,1,2,2,1,6
200500034489,0005-06-23 21:15:00,5,6,23,21,15,590,447.0,"4, CAMBRAI (RUE DE)",,,Plein jour,En agglomération,Hors intersection,Normale,Autre collision,,,,,,,,,,,1,2,1,1,6
200500034490,0005-06-23 09:15:00,5,6,23,9,15,590,484.0,JAURES (AVENUE JEAN),,,Plein jour,En agglomération,Intersection en X,Normale,Autre collision,,,,,,,,,,,1,2,2,1,6
200500034491,0005-06-18 19:50:00,5,6,18,19,50,590,564.0,"27, BASQUIN (RUE CHARLES",,,Plein jour,En agglomération,Hors intersection,Normale,Autre collision,,,,,,,,,,,1,2,1,1,6
200500034492,0005-06-30 07:15:00,5,6,30,7,15,590,544.0,RD 935 N,,,Plein jour,Hors agglomération,Hors intersection,Normale,Autre collision,,,,,,,,,,,1,1,1,1,6
200500034493,0005-06-10 17:20:00,5,6,10,17,20,590,544.0,JAURES (RUE JEAN),,,Plein jour,En agglomération,Hors intersection,Normale,Deux véhicules - arrière,,,,,,,,,,,1,2,1,1,2
200500034494,0005-06-18 20:30:00,5,6,18,20,30,590,603.0,DELORY (RUE GUSTAVE),,,Plein jour,En agglomération,Intersection en T,Normale,Autre collision,,,,,,,,,,,1,2,3,1,6
200500034495,0005-06-24 16:00:00,5,6,24,16,0,590,14.0,DURRE (RUE HENRI),,,Plein jour,En agglomération,Intersection en X,Normale,Deux véhicules - côté,,,,,,,,,,,1,2,2,1,3
200500034496,0005-06-21 17:39:00,5,6,21,17,39,590,491.0,SALENGRO (RUE ROGER),,,Plein jour,En agglomération,Hors intersection,Normale,Deux véhicules - arrière,,,,,,,,,,,1,2,1,1,2
200500034497,0005-06-29 15:10:00,5,6,29,15,10,600,57.0,"50, VILLERS SAINT LUCIEN",,,Plein jour,En agglomération,Hors intersection,Normale,Deux véhicules - frontale,,,,,,,,,,,1,2,1,1,1
200500034498,0005-06-02 18:40:00,5,6,2,18,40,600,601.0,"98, BERLIOZ (RUE HECTOR)",,,Plein jour,En agglomération,Hors intersection,Normale,Autre collision,,,,,,,,,,,1,2,1,1,6
200500034499,0005-06-14 17:05:00,5,6,14,17,5,600,601.0,"12, BERGSON (RUE HENRI)",,,Plein jour,En agglomération,Hors intersection,Normale,Autre collision,,,,,,,,,,,1,2,1,1,6
200500034500,0005-06-08 17:55:00,5,6,8,17,55,610,1.0,"242, GENERAL LECLERC (AV",,,Plein jour,En agglomération,Hors intersection,Normale,Deux véhicules - côté,,,,,,,,,,,1,2,1,1,3
200500034501,0005-06-08 08:45:00,5,6,8,8,45,610,1.0,SAINFOINS (RUE DES),,,Plein jour,En agglomération,Giratoire,Normale,Deux véhicules - côté,,,,,,,,,,,1,2,6,1,3
200500034502,0005-06-24 11:40:00,5,6,24,11,40,610,1.0,"17, GENERAL LECLERC (AVE",,,Plein jour,En agglomération,Giratoire,Normale,Deux véhicules - côté,,,,,,,,,,,1,2,6,1,3
200500034503,0005-06-26 16:25:00,5,6,26,16,25,610,1.0,LA BELLE CHARPENTE (RUE,,,Plein jour,En agglomération,Giratoire,Normale,Deux véhicules - côté,,,,,,,,,,,1,2,6,1,3
200500034504,0005-06-24 06:25:00,5,6,24,6,25,610,6.0,", 3 CROIX (PLACE DES) N°",,,Crépuscule ou aube,En agglomération,Giratoire,Normale,Deux véhicules - côté,,,,,,,,,,,2,2,6,1,3
200500034505,0005-06-28 16:20:00,5,6,28,16,20,610,391.0,"4, CHARLES DE GAULLE (AV",,,Plein jour,En agglomération,Hors intersection,Normale,Autre collision,,,,,,,,,,,1,2,1,1,6
200500034506,0005-06-21 08:20:00,5,6,21,8,20,610,169.0,AMEDEE BOLLEE (RUE),,,Plein jour,En agglomération,Intersection en T,Normale,Deux véhicules - côté,,,,,,,,,,,1,2,3,1,3
200500034507,0005-06-28 14:15:00,5,6,28,14,15,610,169.0,"315, PARIS (RUE DE)",,,Plein jour,En agglomération,Hors intersection,Normale,Deux véhicules - arrière,,,,,,,,,,,1,2,1,1,2
200500034508,0005-06-10 17:20:00,5,6,10,17,20,620,753.0,"2, BARBUSSE (HENRI )",,,Plein jour,En agglomération,Hors intersection,Normale,Autre collision,,,,,,,,,,,1,2,1,1,6
200500034509,0005-06-10 21:20:00,5,6,10,21,20,620,753.0,R D 260,,,Plein jour,En agglomération,Giratoire,Normale,Deux véhicules - côté,,,,,,,,,,,1,2,6,1,3
200500034510,0005-06-24 15:15:00,5,6,24,15,15,620,41.0,"38, LA FONTAINE ( JEAN D",,,Plein jour,En agglomération,Hors intersection,Normale,Sans collision,,,,,,,,,,,1,2,1,1,7
200500034511,0005-06-28 06:50:00,5,6,28,6,50,620,37.0,RN 25,,,Plein jour,En agglomération,Autre intersection,Normale,Deux véhicules - côté,,,,,,,,,,,1,2,9,1,3