accident_id,datetime,annee,mois,jour,heure,minute,departement,commune_insee,adresse,latitude,longitude,luminosite,agglomeration,intersection,meteo,collision,nb_vehicules,nb_usagers,nb_indemnes,nb_tues,nb_blesses_hosp,nb_blesses_legers,age_cond_1,age_cond_2,veh_type_cond_1,veh_type_cond_2,lum_code,agg_code,int_code,atm_code,col_code
200500034644,0005-06-02 07:55:00,5,6,2,7,55,640,24.0,MOULIN BARBOT (RUE DU),,,Plein jour,En agglomération,Intersection en T,Normale,Deux véhicules - côté,,,,,,,,,,,1,2,3,1,3
200500034645,0005-06-03 17:10:00,5,6,3,17,10,640,102.0,RAVIGNAN (RUE DE),,,Plein jour,En agglomération,Intersection en T,Normale,Deux véhicules - côté,,,,,,,,,,,1,2,3,1,3
200500034646,0005-06-03 20:15:00,5,6,3,20,15,640,102.0,PAULMY (AVENUE DES ALLEE,,,Plein jour,En agglomération,Intersection en X,Normale,Deux véhicules - arrière,,,,,,,,,,,1,2,2,1,2
200500034647,0005-06-03 20:50:00,5,6,3,20,50,640,24.0,"59, RENERIC (RUE HENRI)",,,Crépuscule ou aube,En agglomération,Hors intersection,Normale,Deux véhicules - côté,,,,,,,,,,,2,2,1,1,3
200500034648,0005-06-08 12:05:00,5,6,8,12,5,640,102.0,BOUFFLERS (ALLEES),,,Plein jour,En agglomération,Intersection en T,Normale,Deux véhicules - côté,,,,,,,,,,,1,2,3,1,3
200500034649,0005-06-10 20:02:00,5,6,10,20,2,640,24.0,BAHINOS (ROUTE DE),,,Plein jour,En agglomération,Intersection en Y,Temps éblouissant,Deux véhicules - côté,,,,,,,,,,,1,2,4,7,3
200500034650,0005-06-11 15:52:00,5,6,11,15,52,640,102.0,HENRI DE NAVARRE (AVENUE,,,Plein jour,En agglomération,Hors intersection,Normale,Trois véhicules et plus - en chaîne,,,,,,,,,,,1,2,1,1,4
200500034651,0005-06-13 14:34:00,5,6,13,14,34,640,24.0,"2, GOELANDS (AVENUE DES)",,,Plein jour,En agglomération,Hors intersection,Normale,Deux véhicules - côté,,,,,,,,,,,1,2,1,1,3
200500034652,0005-06-14 08:00:00,5,6,14,8,0,640,102.0,ALSACE LORRAINE (BOULEVA,,,Plein jour,En agglomération,Hors intersection,Normale,Deux véhicules - arrière,,,,,,,,,,,1,2,1,1,2
200500034653,0005-06-15 17:05:00,5,6,15,17,5,640,24.0,"56, HAUSQUETTE (RUE DE)",,,Plein jour,En agglomération,Intersection en X,Normale,Deux véhicules - frontale,,,,,,,,,,,1,2,2,1,1
200500034654,0005-06-20 02:15:00,5,6,20,2,15,640,24.0,BAB (BOULEVARD DU),,,Nuit avec éclairage non allumé,En agglomération,Hors intersection,Normale,Autre collision,,,,,,,,,,,4,2,1,1,6
200500034655,0005-06-20 19:50:00,5,6,20,19,50,640,24.0,"02, HOURTICQ (RUE DE)",,,Plein jour,En agglomération,Intersection en T,Normale,Deux véhicules - côté,,,,,,,,,,,1,2,3,1,3
200500034656,0005-06-21 16:45:00,5,6,21,16,45,640,24.0,BERNAIN (ROND POINT),,,Plein jour,En agglomération,Autre intersection,Normale,Deux véhicules - côté,,,,,,,,,,,1,2,9,1,3
200500034657,0005-06-24 12:24:00,5,6,24,12,24,640,102.0,"09, GOUVERNEURS (RUE DES",,,Plein jour,En agglomération,Hors intersection,Normale,Autre collision,,,,,,,,,,,1,2,1,1,6
200500034658,0005-06-25 11:10:00,5,6,25,11,10,640,102.0,"52, ALSACE LORRAINE (BOU",,,Plein jour,En agglomération,Hors intersection,Normale,Deux véhicules - côté,,,,,,,,,,,1,2,1,1,3
200500034659,0005-06-26 20:00:00,5,6,26,20,0,640,102.0,"0, CASTERA (RUE DU MOULI",,,Plein jour,En agglomération,Intersection en T,Normale,Deux véhicules - arrière,,,,,,,,,,,1,2,3,1,2
200500034660,0005-06-27 10:36:00,5,6,27,10,36,640,102.0,"48, DUVERGIER DE HAURANN",,,Plein jour,En agglomération,Hors intersection,Normale,Deux véhicules - arrière,,,,,,,,,,,1,2,1,1,2
200500034661,0005-06-28 18:02:00,5,6,28,18,2,640,102.0,", LEGION TCHEQUE (AVENUE",,,Plein jour,En agglomération,Giratoire,Normale,Deux véhicules - côté,,,,,,,,,,,1,2,6,1,3
200500034662,0005-06-28 19:21:00,5,6,28,19,21,640,102.0,"10, PAMPELUNE (AVENUE DE",,,Plein jour,En agglomération,Giratoire,Normale,Deux véhicules - arrière,,,,,,,,,,,1,2,6,1,2
200500034663,0005-06-29 00:45:00,5,6,29,0,45,640,102.0,PONT SAINT ESPRIT,,,Nuit avec éclairage non allumé,En agglomération,Hors intersection,Normale,Autre collision,,,,,,,,,,,4,2,1,1,6
200500034664,0005-06-30 14:16:00,5,6,30,14,16,640,140.0,"136, LASSALLE (RUE GEORG",,,Plein jour,En agglomération,Intersection en T,Normale,Deux véhicules - côté,,,,,,,,,,,1,2,3,1,3
200500034665,0005-06-14 13:10:00,5,6,14,13,10,640,122.0,"., GUY PETIT (RUE)",,,Plein jour,En agglomération,Autre intersection,Pluie légère,Sans collision,,,,,,,,,,,1,2,9,2,7
200500034666,0005-06-13 18:55:00,5,6,13,18,55,640,125.0,"47, BERRUA",,,Plein jour,En agglomération,Hors intersection,Pluie forte,Deux véhicules - frontale,,,,,,,,,,,1,2,1,3,1
200500034667,0005-06-17 10:10:00,5,6,17,10,10,640,122.0,"., ""FOCH (AV, DU MARECHA",,,Plein jour,En agglomération,Hors intersection,Normale,Autre collision,,,,,,,,,,,1,2,1,1,6
200500034668,0005-06-17 19:50:00,5,6,17,19,50,640,122.0,"., IMPERATRICE (AVENUE D",,,Plein jour,En agglomération,Intersection en T,Normale,Deux véhicules - côté,,,,,,,,,,,1,2,3,1,3
200500034669,0005-06-19 06:10:00,5,6,19,6,10,640,122.0,MILADY (AVENUE DE LA),,,Crépuscule ou aube,En agglomération,Hors intersection,Normale,Autre collision,,,,,,,,,,,2,2,1,1,6
200500034670,0005-06-20 09:10:00,5,6,20,9,10,640,125.0,"., OYHARA (RUE)",,,Plein jour,En agglomération,Hors intersection,Normale,Sans collision,,,,,,,,,,,1,2,1,1,7
200500034671,0005-06-21 13:08:00,5,6,21,13,8,640,122.0,"., MILADY (AVENUE DE LA)",,,Plein jour,En agglomération,Intersection en X,Normale,Deux véhicules - côté,,,,,,,,,,,1,2,2,1,3
200500034672,0005-06-23 23:45:00,5,6,23,23,45,640,122.0,"., BEAURIVAGE (AVENUE- P",,,Nuit avec éclairage allumé,En agglomération,Autre intersection,Normale,Deux véhicules - arrière,,,,,,,,,,,5,2,9,1,2
200500034673,0005-06-26 14:30:00,5,6,26,14,30,640,122.0,"., LAHOUZE (AVENUE)",,,Plein jour,En agglomération,Hors intersection,Normale,Autre collision,,,,,,,,,,,1,2,1,1,6
200500034674,0005-06-29 09:00:00,5,6,29,9,0,640,122.0,"., GENERAL DE GAULLE (BD",,,Plein jour,En agglomération,Hors intersection,Normale,Autre collision,,,,,,,,,,,1,2,1,1,6
200500034675,0005-06-30 16:10:00,5,6,30,16,10,640,125.0,"., ESPAGNE (AVENUE D')",,,Plein jour,En agglomération,Hors intersection,Normale,Deux véhicules - arrière,,,,,,,,,,,1,2,1,1,2
200500034676,0005-06-01 16:10:00,5,6,1,16,10,640,445.0,"19, CORDELIERS DES",,,Plein jour,En agglomération,Hors intersection,Normale,Autre collision,,,,,,,,,,,1,2,1,1,6
200500034677,0005-06-02 10:28:00,5,6,2,10,28,640,445.0,"39, ALSACE LORRAINE D'",,,Plein jour,En agglomération,Intersection en T,Normale,Deux véhicules - côté,,,,,,,,,,,1,2,3,1,3
200500034678,0005-06-02 08:09:00,5,6,2,8,9,640,445.0,"1, DROITS DE L' HOMME DE",,,Plein jour,En agglomération,Giratoire,Normale,Deux véhicules - côté,,,,,,,,,,,1,2,6,1,3
200500034679,0005-06-03 19:15:00,5,6,3,19,15,640,445.0,"25, BAYARD",,,Crépuscule ou aube,En agglomération,Hors intersection,Pluie légère,Deux véhicules - frontale,,,,,,,,,,,2,2,1,2,1
200500034680,0005-06-02 12:00:00,5,6,2,12,0,640,445.0,"1, COMMUNE DE LA",,,Plein jour,En agglomération,Giratoire,Normale,Sans collision,,,,,,,,,,,1,2,6,1,7
200500034681,0005-06-06 16:15:00,5,6,6,16,15,640,445.0,"16, PALASSOU",,,Plein jour,En agglomération,Hors intersection,Normale,Deux véhicules - côté,,,,,,,,,,,1,2,1,1,3
200500034682,0005-06-06 19:50:00,5,6,6,19,50,640,445.0,"1, LEON SAY",,,Plein jour,En agglomération,Intersection en T,Normale,Deux véhicules - côté,,,,,,,,,,,1,2,3,1,3
200500034683,0005-06-06 10:25:00,5,6,6,10,25,640,335.0,"96, THIMONIER",,,Plein jour,Hors agglomération,Hors intersection,Normale,Deux véhicules - côté,,,,,,,,,,,1,1,1,1,3
200500034684,0005-06-06 10:15:00,5,6,6,10,15,640,335.0,"96, THIMONIER",,,Plein jour,En agglomération,Hors intersection,Normale,Deux véhicules - côté,,,,,,,,,,,1,2,1,1,3
200500034685,0005-06-08 16:00:00,5,6,8,16,0,640,284.0,"1, PEYREBLANQUE DE",,,Plein jour,En agglomération,Intersection en T,Normale,Deux véhicules - côté,,,,,,,,,,,1,2,3,1,3
200500034686,0005-06-08 12:10:00,5,6,8,12,10,640,335.0,NOVELLA,,,Plein jour,En agglomération,Hors intersection,Normale,Deux véhicules - arrière,,,,,,,,,,,1,2,1,1,2
200500034687,0005-06-09 18:10:00,5,6,9,18,10,640,348.0,CHARLES DE GAULLE,,,Plein jour,En agglomération,Hors intersection,Normale,Deux véhicules - arrière,,,,,,,,,,,1,2,1,1,2
200500034688,0005-06-09 16:20:00,5,6,9,16,20,640,445.0,"1, GACHET",,,Plein jour,En agglomération,Hors intersection,Normale,Deux véhicules - côté,,,,,,,,,,,1,2,1,1,3
200500034689,0005-06-10 12:05:00,5,6,10,12,5,640,445.0,"155, PAIX",,,Plein jour,En agglomération,Intersection en X,Normale,Deux véhicules - côté,,,,,,,,,,,1,2,2,1,3
200500034690,0005-06-10 18:35:00,5,6,10,18,35,640,284.0,RAUSKI,,,Plein jour,En agglomération,Intersection en T,Normale,Autre collision,,,,,,,,,,,1,2,3,1,6
200500034691,0005-06-12 18:55:00,5,6,12,18,55,640,445.0,"81, LOUP DU",,,Plein jour,En agglomération,Intersection en T,Normale,Autre collision,,,,,,,,,,,1,2,3,1,6
200500034692,0005-06-12 17:30:00,5,6,12,17,30,640,445.0,OLOF PALME,,,Plein jour,En agglomération,Hors intersection,Normale,Deux véhicules - côté,,,,,,,,,,,1,2,1,1,3
200500034693,0005-06-14 17:25:00,5,6,14,17,25,640,348.0,MARTYRS DU PONT LONG DES,,,Plein jour,Hors agglomération,Intersection en T,Normale,Deux véhicules - côté,,,,,,,,,,,1,1,3,1,3
200500034694,0005-06-14 08:50:00,5,6,14,8,50,640,445.0,"2, GASTON LACOSTE",,,Plein jour,En agglomération,Intersection en T,Normale,Deux véhicules - arrière,,,,,,,,,,,1,2,3,1,2
200500034695,0005-06-21 11:00:00,5,6,21,11,0,640,445.0,"14, BARBANEGRE",,,Plein jour,En agglomération,Hors intersection,Normale,Deux véhicules - côté,,,,,,,,,,,1,2,1,1,3
200500034696,0005-06-17 12:30:00,5,6,17,12,30,640,348.0,CHARLES DE GAULLE,,,Plein jour,En agglomération,Hors intersection,Normale,Deux véhicules - côté,,,,,,,,,,,1,2,1,1,3
200500034697,0005-06-17 16:00:00,5,6,17,16,0,640,348.0,MARTYRS DU PONT LONG DES,,,Plein jour,Hors agglomération,Intersection en T,Normale,Deux véhicules - côté,,,,,,,,,,,1,1,3,1,3
200500034698,0005-06-18 18:30:00,5,6,18,18,30,640,335.0,EUROPE DE L',,,Plein jour,En agglomération,Hors intersection,Normale,Deux véhicules - côté,,,,,,,,,,,1,2,1,1,3
200500034699,0005-06-20 20:40:00,5,6,20,20,40,640,348.0,JEAN MERMOZ,,,Plein jour,En agglomération,Hors intersection,Normale,Deux véhicules - côté,,,,,,,,,,,1,2,1,1,3
200500034700,0005-06-21 12:25:00,5,6,21,12,25,640,445.0,"10, LEONARD CONSTANT",,,Plein jour,En agglomération,Hors intersection,Normale,Autre collision,,,,,,,,,,,1,2,1,1,6
200500034701,0005-06-24 15:30:00,5,6,24,15,30,640,269.0,D938,,,Plein jour,Hors agglomération,Hors intersection,Normale,Trois véhicules et plus - collisions multiples,,,,,,,,,,,1,1,1,1,5
200500034702,0005-06-25 21:45:00,5,6,25,21,45,640,445.0,LIEGE DE,,,Nuit avec éclairage allumé,En agglomération,Intersection en X,Normale,Autre collision,,,,,,,,,,,5,2,2,1,6
200500034703,0005-06-23 18:25:00,5,6,23,18,25,640,445.0,"141, PHILIPPON",,,Plein jour,En agglomération,Intersection en T,Normale,Deux véhicules - côté,,,,,,,,,,,1,2,3,1,3
200500034704,0005-06-18 14:10:00,5,6,18,14,10,640,260.0,"5, GAULLE CHARLES (RUE D",,,Plein jour,En agglomération,Hors intersection,Normale,Deux véhicules - côté,,,,,,,,,,,1,2,1,1,3
200500034705,0005-06-21 08:05:00,5,6,21,8,5,640,260.0,"23, RESERVOIRS (RUE DES)",,,Plein jour,En agglomération,Hors intersection,Normale,Deux véhicules - côté,,,,,,,,,,,1,2,1,1,3
200500034706,0005-06-24 15:45:00,5,6,24,15,45,640,260.0,"30, EMPEREUR (BOULEVARD",,,Plein jour,En agglomération,Hors intersection,Normale,Deux véhicules - côté,,,,,,,,,,,1,2,1,1,3
200500034707,0005-06-15 07:35:00,5,6,15,7,35,640,483.0,"49, JAURES JEAN  (AVENUE",,,Plein jour,En agglomération,Hors intersection,Normale,Autre collision,,,,,,,,,,,1,2,1,1,6
200500034708,0005-06-18 05:30:00,5,6,18,5,30,640,483.0,"100, GAULLE (PONT CHARLE",,,Nuit avec éclairage allumé,En agglomération,Hors intersection,Normale,Autre collision,,,,,,,,,,,5,2,1,1,6
200500034709,0005-06-23 14:50:00,5,6,23,14,50,640,483.0,"85, ITHURRALDE ANDRE (AV",,,Plein jour,En agglomération,Hors intersection,Normale,Trois véhicules et plus - en chaîne,,,,,,,,,,,1,2,1,1,4
200500034710,0005-06-26 02:10:00,5,6,26,2,10,640,483.0,NATIONALE 10,,,Nuit avec éclairage allumé,Hors agglomération,Intersection en X,Normale,Deux véhicules - côté,,,,,,,,,,,5,1,2,1,3
200500034711,0005-06-30 09:25:00,5,6,30,9,25,640,483.0,"34, THIERS ADOLPHE (BOUL",,,Plein jour,Hors agglomération,Hors intersection,Normale,Autre collision,,,,,,,,,,,1,1,1,1,6
200500034712,0005-06-17 16:05:00,5,6,17,16,5,640,483.0,CHANTACO (AVENUE DE ),,,Plein jour,Hors agglomération,Hors intersection,Normale,Sans collision,,,,,,,,,,,1,1,1,1,7
200500034713,0005-06-10 08:45:00,5,6,10,8,45,640,260.0,GLACIERE (ROUTE DE LA),,,Plein jour,Hors agglomération,Hors intersection,Normale,Deux véhicules - frontale,,,,,,,,,,,1,1,1,1,1
200500034714,0005-06-28 00:45:00,5,6,28,0,45,640,260.0,"1, EMPEREUR (BOULEVARD D",,,Nuit avec éclairage allumé,En agglomération,Intersection en T,Normale,Deux véhicules - côté,,,,,,,,,,,5,2,3,1,3
200500034715,0005-06-28 10:45:00,5,6,28,10,45,640,483.0,NATIONALE 10,,,Plein jour,Hors agglomération,Hors intersection,Normale,Deux véhicules - arrière,,,,,,,,,,,1,1,1,1,2
200500034716,0005-06-30 07:02:00,5,6,30,7,2,640,545.0,NATIONALE 10,,,Plein jour,En agglomération,Intersection en T,Normale,Deux véhicules - côté,,,,,,,,,,,1,2,3,1,3
200500034717,0005-06-16 17:20:00,5,6,16,17,20,650,286.0,CAPDEVIELLE (PLACE),,,Plein jour,En agglomération,Hors intersection,Normale,Deux véhicules - frontale,,,,,,,,,,,1,2,1,1,1
200500034718,0005-06-04 11:31:00,5,6,4,11,31,650,286.0,MONGE (AVENUE DU),,,Plein jour,Hors agglomération,Intersection en X,Normale,Deux véhicules - côté,,,,,,,,,,,1,1,2,1,3
200500034719,0005-06-19 00:15:00,5,6,19,0,15,650,286.0,MARANSIN (CHAUSSEE),,,Nuit avec éclairage allumé,En agglomération,Intersection en X,Normale,Deux véhicules - côté,,,,,,,,,,,5,2,2,1,3
200500034720,0005-06-23 17:40:00,5,6,23,17,40,650,286.0,", MARQUI (AVENUE ALEXAND",,,Plein jour,En agglomération,Intersection en T,Normale,Deux véhicules - côté,,,,,,,,,,,1,2,3,1,3
200500034721,0005-06-01 20:50:00,5,6,1,20,50,650,433.0,CURIE (BOULEVARD JOLIOT),,,Plein jour,En agglomération,Giratoire,Normale,Sans collision,,,,,,,,,,,1,2,6,1,7
200500034722,0005-06-02 15:30:00,5,6,2,15,30,650,433.0,"., PYRENEES (AVENUE DES",,,Plein jour,En agglomération,Intersection en T,Normale,Deux véhicules - côté,,,,,,,,,,,1,2,3,1,3
200500034723,0005-06-02 16:20:00,5,6,2,16,20,650,100.0,"30, SEMARD (RUE PIERRE)",,,Plein jour,En agglomération,Hors intersection,Normale,Sans collision,,,,,,,,,,,1,2,1,1,7
200500034724,0005-06-04 15:30:00,5,6,4,15,30,650,440.0,"., PRADEAU (PROMENADE DU",,,Plein jour,En agglomération,Intersection en X,Normale,Deux véhicules - côté,,,,,,,,,,,1,2,2,1,3
200500034725,0005-06-05 22:20:00,5,6,5,22,20,650,440.0,"20 Bis, TENOT (RUE EUGEN",,,Crépuscule ou aube,En agglomération,Hors intersection,Normale,Autre collision,,,,,,,,,,,2,2,1,1,6
200500034726,0005-06-06 12:25:00,5,6,6,12,25,650,440.0,MERMOZ (AVENUE JEAN),,,Plein jour,En agglomération,Hors intersection,Normale,Trois véhicules et plus - en chaîne,,,,,,,,,,,1,2,1,1,4
200500034727,0005-06-07 09:15:00,5,6,7,9,15,650,440.0,PAUL (BOULEVARD JEAN RAO,,,Plein jour,En agglomération,Hors intersection,Normale,Deux véhicules - arrière,,,,,,,,,,,1,2,1,1,2
200500034728,0005-06-07 16:05:00,5,6,7,16,5,650,440.0,"104, CORPS FRANC POMMIES",,,Plein jour,En agglomération,Hors intersection,Normale,Autre collision,,,,,,,,,,,1,2,1,1,6
200500034729,0005-06-07 20:05:00,5,6,7,20,5,650,440.0,"1TER, DREYT (RUE GASTON)",,,Plein jour,En agglomération,Intersection en X,Normale,Autre collision,,,,,,,,,,,1,2,2,1,6
200500034730,0005-06-08 12:15:00,5,6,8,12,15,650,440.0,"., HENRI IV (BOULEVARD)",,,Plein jour,En agglomération,Intersection en X,Normale,Deux véhicules - côté,,,,,,,,,,,1,2,2,1,3
200500034731,0005-06-09 17:20:00,5,6,9,17,20,650,47.0,"., NOVEMBRE (RUE DU XI)",,,Plein jour,En agglomération,Intersection en T,Normale,Deux véhicules - côté,,,,,,,,,,,1,2,3,1,3
200500034732,0005-06-10 19:05:00,5,6,10,19,5,650,100.0,"15, CASSIN (RUE RENE)",,,Plein jour,En agglomération,Hors intersection,Normale,Deux véhicules - côté,,,,,,,,,,,1,2,1,1,3
200500034733,0005-06-10 21:00:00,5,6,10,21,0,650,440.0,"., VOIE SUR BERGE",,,Crépuscule ou aube,En agglomération,Hors intersection,Normale,Sans collision,,,,,,,,,,,2,2,1,1,7
200500034734,0005-06-12 10:40:00,5,6,12,10,40,650,440.0,MARQUES (RUE FRANCOIS),,,Plein jour,En agglomération,Intersection en T,Normale,Deux véhicules - côté,,,,,,,,,,,1,2,3,1,3
200500034735,0005-06-12 11:30:00,5,6,12,11,30,650,440.0,"17, MOUSIS (RUE FRANCOIS",,,Plein jour,En agglomération,Hors intersection,Normale,Autre collision,,,,,,,,,,,1,2,1,1,6
200500034736,0005-06-15 17:30:00,5,6,15,17,30,650,440.0,"., COUBERTIN (AVENUE PIE",,,Plein jour,En agglomération,Hors intersection,Normale,Deux véhicules - arrière,,,,,,,,,,,1,2,1,1,2
200500034737,0005-06-15 18:35:00,5,6,15,18,35,650,440.0,", SAINT-EXUPERY (AVENUE",,,Plein jour,En agglomération,Intersection en T,Normale,Deux véhicules - arrière,,,,,,,,,,,1,2,3,1,2
200500034738,0005-06-17 09:40:00,5,6,17,9,40,650,433.0,R.D. 92,,,Plein jour,Hors agglomération,Intersection en X,Normale,Deux véhicules - côté,,,,,,,,,,,1,1,2,1,3
200500034739,0005-06-16 12:00:00,5,6,16,12,0,650,440.0,"7, JOLIOT CURIE (RUE)",,,Plein jour,En agglomération,Hors intersection,Normale,Deux véhicules - côté,,,,,,,,,,,1,2,1,1,3
200500034740,0005-06-18 00:15:00,5,6,18,0,15,650,440.0,URAC (RUE PROLONGEE),,,Nuit avec éclairage allumé,En agglomération,Intersection en T,Normale,Autre collision,,,,,,,,,,,5,2,3,1,6
200500034741,0005-06-19 06:15:00,5,6,19,6,15,650,331.0,"., JUILLAN (ROUTE DE)",,,Nuit sans éclairage public,En agglomération,Intersection en T,Normale,Sans collision,,,,,,,,,,,3,2,3,1,7
200500034742,0005-06-20 08:25:00,5,6,20,8,25,650,331.0,"87, LOURDES (AVENUE DE)",,,Plein jour,En agglomération,Hors intersection,Normale,Deux véhicules - côté,,,,,,,,,,,1,2,1,1,3
200500034743,0005-06-21 00:35:00,5,6,21,0,35,650,440.0,"1, GAMBETTA (COURS)",,,Nuit avec éclairage allumé,En agglomération,Intersection en T,Normale,Sans collision,,,,,,,,,,,5,2,3,1,7
200500034744,0005-06-21 20:30:00,5,6,21,20,30,650,440.0,"18, URAC (RUE D')",,,Plein jour,En agglomération,Hors intersection,Temps couvert,Autre collision,,,,,,,,,,,1,2,1,8,6
200500034745,0005-06-22 12:10:00,5,6,22,12,10,650,440.0,"28, FOURCADE (RUE ANDRE)",,,Plein jour,En agglomération,Intersection en X,Normale,Deux véhicules - côté,,,,,,,,,,,1,2,2,1,3
200500034746,0005-06-22 19:40:00,5,6,22,19,40,650,440.0,"15, SENDERE (CHEMIN DE L",,,Plein jour,En agglomération,Hors intersection,Normale,Autre collision,,,,,,,,,,,1,2,1,1,6
200500034747,0005-06-27 13:05:00,5,6,27,13,5,650,440.0,"., URAC (RUE PROLONGEE)",,,Plein jour,En agglomération,Hors intersection,Normale,Deux véhicules - côté,,,,,,,,,,,1,2,1,1,3
200500034748,0005-06-28 08:55:00,5,6,28,8,55,650,440.0,"., DIDEROT (RUE)",,,Plein jour,En agglomération,Intersection en X,Normale,Deux véhicules - côté,,,,,,,,,,,1,2,2,1,3
200500034749,0005-06-28 23:30:00,5,6,28,23,30,650,440.0,"42, MARTINET (BOULEVARD",,,Nuit avec éclairage allumé,En agglomération,Intersection en T,Normale,Deux véhicules - côté,,,,,,,,,,,5,2,3,1,3
200500034750,0005-06-03 18:30:00,5,6,3,18,30,660,136.0,PENETRANTE NORD,,,Plein jour,Hors agglomération,Hors intersection,Temps couvert,Deux véhicules - arrière,,,,,,,,,,,1,1,1,8,2
200500034751,0005-06-05 15:15:00,5,6,5,15,15,660,136.0,PENETRANTE NORD,,,Plein jour,Hors agglomération,Hors intersection,Normale,Deux véhicules - frontale,,,,,,,,,,,1,1,1,1,1
200500034752,0005-06-15 07:40:00,5,6,15,7,40,660,136.0,PENETRANTE NORD,,,Plein jour,En agglomération,Hors intersection,Normale,Trois véhicules et plus - collisions multiples,,,,,,,,,,,1,2,1,1,5
200500034753,0005-06-21 14:00:00,5,6,21,14,0,660,136.0,"194, PRADES (AVENUE DE )",,,Plein jour,Hors agglomération,Hors intersection,Normale,Deux véhicules - côté,,,,,,,,,,,1,1,1,1,3
200500034754,0005-06-23 13:50:00,5,6,23,13,50,660,136.0,"52, LANGUEDOC (AVENUE DU",,,Plein jour,En agglomération,Hors intersection,Normale,Deux véhicules - arrière,,,,,,,,,,,1,2,1,1,2
200500034755,0005-06-25 14:55:00,5,6,25,14,55,660,136.0,ROUTE NATIONALE 9,,,Plein jour,Hors agglomération,Hors intersection,Normale,Trois véhicules et plus - collisions multiples,,,,,,,,,,,1,1,1,1,5
200500034756,0005-06-08 15:10:00,5,6,8,15,10,660,136.0,"01, JOFFRE (AVENUE DU MA",,,Plein jour,En agglomération,Hors intersection,Normale,Deux véhicules - arrière,,,,,,,,,,,1,2,1,1,2
200500034757,0005-06-28 18:10:00,5,6,28,18,10,660,136.0,"32, KOENING Bd",,,Plein jour,En agglomération,Hors intersection,Temps couvert,Deux véhicules - côté,,,,,,,,,,,1,2,1,8,3
200500034758,0005-06-28 22:40:00,5,6,28,22,40,670,180.0,"28, HANAUER (BOULEVARD)",,,Nuit avec éclairage allumé,En agglomération,Hors intersection,Normale,Deux véhicules - côté,,,,,,,,,,,5,2,1,1,3
200500034759,0005-06-07 16:45:00,5,6,7,16,45,670,462.0,"33, SAINTE MARIE-AUX-MIN",,,Plein jour,En agglomération,Hors intersection,Normale,Autre collision,,,,,,,,,,,1,2,1,1,6
200500034760,0005-06-14 13:28:00,5,6,14,13,28,670,462.0,RD 424,,,Plein jour,Hors agglomération,Intersection en Y,Pluie légère,Deux véhicules - côté,,,,,,,,,,,1,1,4,2,3
200500034761,0005-06-27 14:50:00,5,6,27,14,50,670,462.0,"29, SAINTE ODILE (RUE)",,,Plein jour,En agglomération,Intersection en X,Normale,Deux véhicules - côté,,,,,,,,,,,1,2,2,1,3
200500034762,0005-06-01 08:50:00,5,6,1,8,50,670,482.0,"303, OBERHAUSBERGEN (ROU",,,Plein jour,En agglomération,Intersection en X,Normale,Autre collision,,,,,,,,,,,1,2,2,1,6
200500034763,0005-06-01 12:00:00,5,6,1,12,0,670,482.0,"000, LYON (BOULEVARD DE)",,,Plein jour,En agglomération,Intersection en T,Normale,Autre collision,,,,,,,,,,,1,2,3,1,6
200500034764,0005-06-01 12:00:00,5,6,1,12,0,670,447.0,"000, SELESTAT (RUE DE)",,,Plein jour,En agglomération,Intersection en T,Normale,Deux véhicules - côté,,,,,,,,,,,1,2,3,1,3
200500034765,0005-06-01 16:15:00,5,6,1,16,15,670,482.0,"0000, VOSGES (AVENUE DES",,,Plein jour,En agglomération,Intersection en T,Normale,Deux véhicules - arrière,,,,,,,,,,,1,2,3,1,2
200500034766,0005-06-02 11:20:00,5,6,2,11,20,670,482.0,"273, COLMAR (AVENUE DE)",,,Plein jour,En agglomération,Hors intersection,Normale,Autre collision,,,,,,,,,,,1,2,1,1,6
200500034767,0005-06-02 15:35:00,5,6,2,15,35,670,482.0,"00, PRESIDENT WILSON (BO",,,Plein jour,En agglomération,Intersection en X,Normale,Deux véhicules - côté,,,,,,,,,,,1,2,2,1,3
200500034768,0005-06-02 15:25:00,5,6,2,15,25,670,482.0,"00, SCHIRMECK (ROUTE DE)",,,Plein jour,En agglomération,Intersection en T,Temps éblouissant,Deux véhicules - côté,,,,,,,,,,,1,2,3,7,3
200500034769,0005-06-03 02:35:00,5,6,3,2,35,670,482.0,"00, PLAINE DES BOUCHERS",,,Nuit avec éclairage allumé,En agglomération,Hors intersection,Normale,Autre collision,,,,,,,,,,,5,2,1,1,6
200500034770,0005-06-03 06:10:00,5,6,3,6,10,670,482.0,"56, SCHIRMECK (ROUTE DE)",,,Plein jour,En agglomération,Hors intersection,Normale,Deux véhicules - côté,,,,,,,,,,,1,2,1,1,3
200500034771,0005-06-03 12:15:00,5,6,3,12,15,670,482.0,HOCHFELDEN (RUE DE),,,Plein jour,En agglomération,Intersection en T,Normale,Deux véhicules - côté,,,,,,,,,,,1,2,3,1,3
200500034772,0005-06-03 13:22:00,5,6,3,13,22,670,482.0,MOLIERE (AVENUE),,,Plein jour,En agglomération,Intersection en T,Normale,Autre collision,,,,,,,,,,,1,2,3,1,6
200500034773,0005-06-03 16:05:00,5,6,3,16,5,670,482.0,LYON (BOULEVARD DE),,,Plein jour,En agglomération,Hors intersection,Normale,Deux véhicules - frontale,,,,,,,,,,,1,2,1,1,1
200500034774,0005-06-03 20:00:00,5,6,3,20,0,670,43.0,"17, RONSARD (RUE)",,,Crépuscule ou aube,En agglomération,Hors intersection,Normale,Autre collision,,,,,,,,,,,2,2,1,1,6