accident_id,datetime,annee,mois,jour,heure,minute,departement,commune_insee,adresse,latitude,longitude,luminosite,agglomeration,intersection,meteo,collision,nb_vehicules,nb_usagers,nb_indemnes,nb_tues,nb_blesses_hosp,nb_blesses_legers,age_cond_1,age_cond_2,veh_type_cond_1,veh_type_cond_2,lum_code,agg_code,int_code,atm_code,col_code
200500034775,0005-06-04 00:56:00,5,6,4,0,56,670,482.0,DAHLENHEIM (RUE DE),,,Nuit avec éclairage allumé,En agglomération,Intersection en T,Normale,Autre collision,,,,,,,,,,,5,2,3,1,6
200500034776,0005-06-04 11:31:00,5,6,4,11,31,670,482.0,BELFORT (RUE DE),,,Plein jour,En agglomération,Intersection en T,Normale,Autre collision,,,,,,,,,,,1,2,3,1,6
200500034777,0005-06-05 11:04:00,5,6,5,11,4,670,482.0,"320, WANTZENAU (RTE DE L",,,Plein jour,En agglomération,Hors intersection,Normale,Deux véhicules - frontale,,,,,,,,,,,1,2,1,1,1
200500034778,0005-06-06 13:18:00,5,6,6,13,18,670,482.0,"00, FRITZ KIEFFER (RUE)",,,Plein jour,En agglomération,Hors intersection,Pluie légère,Deux véhicules - côté,,,,,,,,,,,1,2,1,2,3
200500034779,0005-06-07 12:00:00,5,6,7,12,0,670,482.0,"000, PIERRE MENDES FRANC",,,Plein jour,En agglomération,Intersection en T,Normale,Deux véhicules - côté,,,,,,,,,,,1,2,3,1,3
200500034780,0005-06-07 12:01:00,5,6,7,12,1,670,482.0,"40, ROBERTSAU (ALLEE DE",,,Plein jour,En agglomération,Intersection en T,Normale,Autre collision,,,,,,,,,,,1,2,3,1,6
200500034781,0005-06-07 14:20:00,5,6,7,14,20,670,482.0,"0000, SCHIRMECK (ROUTE D",,,Plein jour,En agglomération,Intersection en X,Normale,Deux véhicules - côté,,,,,,,,,,,1,2,2,1,3
200500034782,0005-06-08 08:30:00,5,6,8,8,30,670,482.0,"00, GEORGES WODLI (RUE)",,,Plein jour,En agglomération,Hors intersection,Normale,Deux véhicules - côté,,,,,,,,,,,1,2,1,1,3
200500034783,0005-06-09 14:00:00,5,6,9,14,0,670,482.0,SAINT PIERRE LE JEUNE (R,,,Plein jour,En agglomération,Intersection en T,Normale,Deux véhicules - côté,,,,,,,,,,,1,2,3,1,3
200500034784,0005-06-09 14:45:00,5,6,9,14,45,670,482.0,"38, TIVOLI (RUE DU)",,,Plein jour,En agglomération,Hors intersection,Normale,Deux véhicules - côté,,,,,,,,,,,1,2,1,1,3
200500034785,0005-06-10 12:43:00,5,6,10,12,43,670,204.0,"00, REPUBLIQUE (RUE DE L",,,Plein jour,En agglomération,Intersection en T,Normale,Deux véhicules - côté,,,,,,,,,,,1,2,3,1,3
200500034786,0005-06-10 15:00:00,5,6,10,15,0,670,482.0,"00, CLEMENCEAU (BOULEVAR",,,Plein jour,En agglomération,Intersection en X,Normale,Autre collision,,,,,,,,,,,1,2,2,1,6
200500034787,0005-06-10 16:35:00,5,6,10,16,35,670,43.0,"03, EMILE HAAG (RUE)",,,Plein jour,En agglomération,Hors intersection,Normale,Autre collision,,,,,,,,,,,1,2,1,1,6
200500034788,0005-06-10 18:00:00,5,6,10,18,0,670,482.0,"1, RIETH (RUE DU)",,,Plein jour,En agglomération,Hors intersection,Normale,Autre collision,,,,,,,,,,,1,2,1,1,6
200500034789,0005-06-10 18:25:00,5,6,10,18,25,670,482.0,"0, SAINT ETIENNE (PLACE)",,,Plein jour,En agglomération,Place,Normale,Deux véhicules - frontale,,,,,,,,,,,1,2,7,1,1
200500034790,0005-06-10 19:10:00,5,6,10,19,10,670,482.0,"10-12, COPENHAGUE (RUE D",,,Plein jour,En agglomération,Hors intersection,Normale,Autre collision,,,,,,,,,,,1,2,1,1,6
200500034791,0005-06-11 16:15:00,5,6,11,16,15,670,482.0,"46, LA FONTAINE (BOULEVA",,,Plein jour,En agglomération,Hors intersection,Normale,Deux véhicules - côté,,,,,,,,,,,1,2,1,1,3
200500034792,0005-06-13 14:59:00,5,6,13,14,59,670,482.0,"000, MARECHAL FOCH (RUE",,,Plein jour,En agglomération,Intersection en X,Normale,Deux véhicules - côté,,,,,,,,,,,1,2,2,1,3
200500034793,0005-06-14 17:00:00,5,6,14,17,0,670,482.0,"00, RHIN (ROUTE DU)",,,Plein jour,En agglomération,Intersection en T,Pluie légère,Deux véhicules - arrière,,,,,,,,,,,1,2,3,2,2
200500034794,0005-06-14 18:55:00,5,6,14,18,55,670,482.0,"00, COLMAR (AVENUE DE)",,,Plein jour,En agglomération,Intersection en X,Pluie légère,Deux véhicules - arrière,,,,,,,,,,,1,2,2,2,2
200500034795,0005-06-15 23:45:00,5,6,15,23,45,670,218.0,"7, INDUSTRIE (RUE DE L )",,,Nuit avec éclairage allumé,En agglomération,Hors intersection,Temps couvert,Autre collision,,,,,,,,,,,5,2,1,8,6
200500034796,0005-06-16 14:10:00,5,6,16,14,10,670,218.0,"000, STRASBOURG (ROUTE D",,,Plein jour,En agglomération,Hors intersection,Normale,Deux véhicules - arrière,,,,,,,,,,,1,2,1,1,2
200500034797,0005-06-15 14:20:00,5,6,15,14,20,670,482.0,"000, PREMIERE ARMEE (RUE",,,Plein jour,En agglomération,Intersection en X,Normale,Deux véhicules - côté,,,,,,,,,,,1,2,2,1,3
200500034798,0005-06-16 06:20:00,5,6,16,6,20,670,482.0,"00, LA ROCHELLE (RUE DE)",,,Plein jour,En agglomération,Hors intersection,Normale,Deux véhicules - côté,,,,,,,,,,,1,2,1,1,3
200500034799,0005-06-16 07:20:00,5,6,16,7,20,670,482.0,"00, RHIN TORTU (RUE DU)",,,Plein jour,En agglomération,Intersection en T,Normale,Deux véhicules - côté,,,,,,,,,,,1,2,3,1,3
200500034800,0005-06-16 11:25:00,5,6,16,11,25,670,482.0,"00, MARC BLOCH (QUAI)",,,Plein jour,En agglomération,Hors intersection,Normale,Autre collision,,,,,,,,,,,1,2,1,1,6
200500034801,0005-06-17 07:26:00,5,6,17,7,26,670,365.0,"000, ILLKIRCH (RUE D)",,,Plein jour,En agglomération,Intersection en X,Normale,Deux véhicules - côté,,,,,,,,,,,1,2,2,1,3
200500034802,0005-06-17 15:55:00,5,6,17,15,55,670,482.0,"000, WANTZENAU (RTE DE L",,,Plein jour,Hors agglomération,Hors intersection,Normale,Deux véhicules - arrière,,,,,,,,,,,1,1,1,1,2
200500034803,0005-06-17 13:45:00,5,6,17,13,45,670,218.0,ESCHAU (ROUTE D ),,,Plein jour,En agglomération,Intersection à plus de 4 branches,Normale,Deux véhicules - côté,,,,,,,,,,,1,2,5,1,3
200500034804,0005-06-17 19:30:00,5,6,17,19,30,670,482.0,"000, NORMANDIE (AVENUE D",,,Plein jour,En agglomération,Intersection en T,Normale,Sans collision,,,,,,,,,,,1,2,3,1,7
200500034805,0005-06-18 23:15:00,5,6,18,23,15,670,482.0,"00, GENERAL KOENIG (QUAI",,,Nuit avec éclairage allumé,En agglomération,Hors intersection,Normale,Deux véhicules - arrière,,,,,,,,,,,5,2,1,1,2
200500034806,0005-06-20 06:20:00,5,6,20,6,20,670,43.0,"00, GENERAL LECLERC (RUE",,,Plein jour,En agglomération,Intersection en X,Normale,Deux véhicules - côté,,,,,,,,,,,1,2,2,1,3
200500034807,0005-06-19 11:45:00,5,6,19,11,45,670,482.0,"00, TRAENHEIM (PISTE DE)",,,Plein jour,Hors agglomération,Hors intersection,Normale,Trois véhicules et plus - collisions multiples,,,,,,,,,,,1,1,1,1,5
200500034808,0005-06-20 16:00:00,5,6,20,16,0,670,482.0,CANAL DE LA BRUCHE (QUAI,,,Plein jour,En agglomération,Hors intersection,Normale,Deux véhicules - côté,,,,,,,,,,,1,2,1,1,3
200500034809,0005-06-20 17:05:00,5,6,20,17,5,670,482.0,"7, PREMIERE ARMEE (RUE D",,,Plein jour,En agglomération,Intersection en X,Normale,Autre collision,,,,,,,,,,,1,2,2,1,6
200500034810,0005-06-21 13:30:00,5,6,21,13,30,670,482.0,"0, PAIX (AVENUE DE LA)",,,Plein jour,En agglomération,Intersection en X,Normale,Deux véhicules - côté,,,,,,,,,,,1,2,2,1,3
200500034811,0005-06-21 18:10:00,5,6,21,18,10,670,482.0,"0, SCHIRMECK (ROUTE DE)",,,Plein jour,En agglomération,Intersection en X,Normale,Deux véhicules - côté,,,,,,,,,,,1,2,2,1,3
200500034812,0005-06-22 11:51:00,5,6,22,11,51,670,482.0,"71, BOECKLIN (RUE)",,,Plein jour,En agglomération,Intersection en X,Normale,Autre collision,,,,,,,,,,,1,2,2,1,6
200500034813,0005-06-22 18:35:00,5,6,22,18,35,670,482.0,"00, HECHNER (RUE)",,,Plein jour,En agglomération,Hors intersection,Normale,Autre collision,,,,,,,,,,,1,2,1,1,6
200500034814,0005-06-23 11:45:00,5,6,23,11,45,670,218.0,"000, STRASBOURG (ROUTE D",,,Plein jour,En agglomération,Intersection en X,Normale,Deux véhicules - côté,,,,,,,,,,,1,2,2,1,3
200500034815,0005-06-23 13:45:00,5,6,23,13,45,670,218.0,"30, GENERAL LIBERMANN (R",,,Plein jour,Hors agglomération,Hors intersection,Normale,Autre collision,,,,,,,,,,,1,1,1,1,6
200500034816,0005-06-25 18:15:00,5,6,25,18,15,670,482.0,CANONNIERS (RUE DES),,,Plein jour,En agglomération,Hors intersection,Normale,Autre collision,,,,,,,,,,,1,2,1,1,6
200500034817,0005-06-25 02:00:00,5,6,25,2,0,670,482.0,"59, JACOUTOT (QUAI)",,,Nuit avec éclairage allumé,En agglomération,Hors intersection,Pluie légère,Autre collision,,,,,,,,,,,5,2,1,2,6
200500034818,0005-06-26 03:30:00,5,6,26,3,30,670,218.0,"97, ALSACE (RUE D )",,,Nuit avec éclairage non allumé,En agglomération,Hors intersection,Normale,Autre collision,,,,,,,,,,,4,2,1,1,6
200500034819,0005-06-26 18:00:00,5,6,26,18,0,670,365.0,"0, ILLKIRCH (RUE D)",,,Plein jour,En agglomération,Hors intersection,Normale,Autre collision,,,,,,,,,,,1,2,1,1,6
200500034820,0005-06-26 18:45:00,5,6,26,18,45,670,43.0,"0, MARAIS (RUE DU)",,,Plein jour,En agglomération,Intersection en T,Normale,Deux véhicules - côté,,,,,,,,,,,1,2,3,1,3
200500034821,0005-06-27 09:30:00,5,6,27,9,30,670,482.0,"0, LANGUEDOC (RUE DU)",,,Plein jour,En agglomération,Intersection en X,Normale,Autre collision,,,,,,,,,,,1,2,2,1,6
200500034822,0005-06-27 11:53:00,5,6,27,11,53,670,482.0,"11, HUNINGUE (RUE DE)",,,Plein jour,En agglomération,Hors intersection,Normale,Autre collision,,,,,,,,,,,1,2,1,1,6
200500034823,0005-06-28 07:50:00,5,6,28,7,50,670,482.0,"00, JEAN JAURES (AVENUE)",,,Plein jour,En agglomération,Intersection en X,Normale,Deux véhicules - côté,,,,,,,,,,,1,2,2,1,3
200500034824,0005-06-28 09:05:00,5,6,28,9,5,670,482.0,"00, EUROPE (AVENUE DE L",,,Plein jour,En agglomération,Hors intersection,Normale,Autre collision,,,,,,,,,,,1,2,1,1,6
200500034825,0005-06-28 12:05:00,5,6,28,12,5,670,482.0,"00, RIBEAUVILLE (RUE DE)",,,Plein jour,En agglomération,Intersection en X,Normale,Autre collision,,,,,,,,,,,1,2,2,1,6
200500034826,0005-06-28 18:10:00,5,6,28,18,10,670,482.0,"3, DOUBS (RUE DU)",,,Plein jour,En agglomération,Hors intersection,Normale,Deux véhicules - frontale,,,,,,,,,,,1,2,1,1,1
200500034827,0005-06-28 20:00:00,5,6,28,20,0,670,482.0,"4, FINKWILLER (QUAI)",,,Plein jour,En agglomération,Hors intersection,Normale,Deux véhicules - côté,,,,,,,,,,,1,2,1,1,3
200500034828,0005-06-29 11:25:00,5,6,29,11,25,670,482.0,"00, POLYGONE (ROUTE DU)",,,Plein jour,En agglomération,Intersection en T,Normale,Deux véhicules - côté,,,,,,,,,,,1,2,3,1,3
200500034829,0005-06-29 18:45:00,5,6,29,18,45,670,482.0,"000, VICTOIRE (BOULEVARD",,,Plein jour,En agglomération,Intersection en X,Pluie forte,Autre collision,,,,,,,,,,,1,2,2,3,6
200500034830,0005-06-30 08:55:00,5,6,30,8,55,670,482.0,"00, SCHIRMECK (ROUTE DE)",,,Plein jour,En agglomération,Intersection en T,Normale,Deux véhicules - côté,,,,,,,,,,,1,2,3,1,3
200500034831,0005-06-30 11:45:00,5,6,30,11,45,670,43.0,"00, NIEDERHAUSBERGEN (RU",,,Plein jour,En agglomération,Hors intersection,Normale,Deux véhicules - côté,,,,,,,,,,,1,2,1,1,3
200500034832,0005-06-30 17:50:00,5,6,30,17,50,670,447.0,"00, BARRAGE (RUE DU)",,,Plein jour,En agglomération,Intersection en X,Normale,Deux véhicules - côté,,,,,,,,,,,1,2,2,1,3
200500034833,0005-06-02 21:43:00,5,6,2,21,43,680,66.0,INGERSHEIM (ROUTE D'),,,Nuit avec éclairage allumé,En agglomération,Intersection en X,Normale,Trois véhicules et plus - en chaîne,,,,,,,,,,,5,2,2,1,4
200500034834,0005-06-08 18:00:00,5,6,8,18,0,680,66.0,LORRAINE (AVENUE DE),,,Plein jour,En agglomération,Intersection en X,Normale,Deux véhicules - arrière,,,,,,,,,,,1,2,2,1,2
200500034835,0005-06-09 17:05:00,5,6,9,17,5,680,66.0,"05, FRERES LUMIERE (RUE",,,Plein jour,En agglomération,Hors intersection,Normale,Deux véhicules - côté,,,,,,,,,,,1,2,1,1,3
200500034836,0005-06-10 12:00:00,5,6,10,12,0,680,66.0,LORRAINE (AVENUE DE),,,Plein jour,Hors agglomération,Intersection en X,Normale,Deux véhicules - côté,,,,,,,,,,,1,1,2,1,3
200500034837,0005-06-10 14:00:00,5,6,10,14,0,680,66.0,"21, ROME (AVENUE DE)",,,Plein jour,En agglomération,Hors intersection,Normale,Deux véhicules - côté,,,,,,,,,,,1,2,1,1,3
200500034838,0005-06-17 16:10:00,5,6,17,16,10,680,66.0,"1, SCHUMANN (RUE)",,,Plein jour,En agglomération,Hors intersection,Normale,Autre collision,,,,,,,,,,,1,2,1,1,6
200500034839,0005-06-20 13:12:00,5,6,20,13,12,680,66.0,LADHOF (RUE DU),,,Plein jour,En agglomération,Giratoire,Normale,Deux véhicules - côté,,,,,,,,,,,1,2,6,1,3
200500034840,0005-06-22 16:00:00,5,6,22,16,0,680,66.0,ABBE LEMIRE (RUE DE L'),,,Plein jour,En agglomération,Intersection en T,Normale,Deux véhicules - côté,,,,,,,,,,,1,2,3,1,3
200500034841,0005-06-22 07:35:00,5,6,22,7,35,680,66.0,LADHOF (RUE DU),,,Plein jour,En agglomération,Intersection en X,Normale,Deux véhicules - côté,,,,,,,,,,,1,2,2,1,3
200500034842,0005-06-24 22:25:00,5,6,24,22,25,680,66.0,"7, SCHUMANN (RUE)",,,Nuit avec éclairage allumé,En agglomération,Hors intersection,Normale,Deux véhicules - côté,,,,,,,,,,,5,2,1,1,3
200500034843,0005-06-26 18:03:00,5,6,26,18,3,680,66.0,LORRAINE (AVENUE DE),,,Plein jour,Hors agglomération,Intersection en T,Pluie légère,Deux véhicules - arrière,,,,,,,,,,,1,1,3,2,2
200500034844,0005-06-27 19:45:00,5,6,27,19,45,680,66.0,"29, TROIS CHATEAUX (RUE",,,Plein jour,En agglomération,Intersection en T,Normale,Autre collision,,,,,,,,,,,1,2,3,1,6
200500034845,0005-06-02 23:25:00,5,6,2,23,25,680,112.0,NOIR (CHEMIN),,,Nuit avec éclairage allumé,En agglomération,Hors intersection,Normale,Autre collision,,,,,,,,,,,5,2,1,1,6
200500034846,0005-06-03 15:40:00,5,6,3,15,40,680,224.0,MITTERRAND (AVENUE FRANC,,,Plein jour,En agglomération,Intersection en Y,Normale,Deux véhicules - frontale,,,,,,,,,,,1,2,4,1,1
200500034847,0005-06-03 11:58:00,5,6,3,11,58,680,224.0,"face 126, ROMAINS (RUE D",,,Plein jour,En agglomération,Hors intersection,Normale,Deux véhicules - arrière,,,,,,,,,,,1,2,1,1,2
200500034848,0005-06-06 12:05:00,5,6,6,12,5,680,224.0,"3, PASTEUR (RUE LOUIS)",,,Plein jour,En agglomération,Hors intersection,Normale,Autre collision,,,,,,,,,,,1,2,1,1,6
200500034849,0005-06-03 13:40:00,5,6,3,13,40,680,224.0,"50 C, LUTTERBACH (AVENUE",,,Plein jour,En agglomération,Hors intersection,Normale,Autre collision,,,,,,,,,,,1,2,1,1,6
200500034850,0005-06-06 16:30:00,5,6,6,16,30,680,224.0,WALLACH (BOULEVARD ALFRE,,,Plein jour,En agglomération,Hors intersection,Pluie légère,Autre collision,,,,,,,,,,,1,2,1,2,6
200500034851,0005-06-06 18:55:00,5,6,6,18,55,680,224.0,STOESSEL (BOULEVARD CHAR,,,Plein jour,En agglomération,Intersection en T,Normale,Deux véhicules - côté,,,,,,,,,,,1,2,3,1,3
200500034852,0005-06-08 07:55:00,5,6,8,7,55,680,224.0,"124, BRIAND (AVENUE ARIS",,,Plein jour,En agglomération,Hors intersection,Normale,Autre collision,,,,,,,,,,,1,2,1,1,6
200500034853,0005-06-15 08:14:00,5,6,15,8,14,680,224.0,REGIMENT DE TRANSMISSION,,,Plein jour,En agglomération,Intersection en T,Normale,Deux véhicules - frontale,,,,,,,,,,,1,2,3,1,1
200500034854,0005-06-04 18:15:00,5,6,4,18,15,680,224.0,"11, PIGEON (RUE DU)",,,Plein jour,En agglomération,Hors intersection,Normale,Autre collision,,,,,,,,,,,1,2,1,1,6
200500034855,0005-06-21 20:10:00,5,6,21,20,10,680,56.0,"13, LAENNEC (RUE DU DOCT",,,Plein jour,En agglomération,Intersection en T,Normale,Deux véhicules - côté,,,,,,,,,,,1,2,3,1,3
200500034856,0005-06-22 16:10:00,5,6,22,16,10,680,224.0,", GRUNEWALD (RUE MATHIAS",,,Plein jour,En agglomération,Hors intersection,Normale,Autre collision,,,,,,,,,,,1,2,1,1,6
200500034857,0005-06-22 18:10:00,5,6,22,18,10,680,224.0,"16, TUILERIE (RUE DE LA)",,,Plein jour,En agglomération,Intersection en T,Normale,Deux véhicules - côté,,,,,,,,,,,1,2,3,1,3
200500034858,0005-06-17 11:10:00,5,6,17,11,10,680,256.0,RICHWILLER (RUE DE),,,Plein jour,En agglomération,Hors intersection,Normale,Sans collision,,,,,,,,,,,1,2,1,1,7
200500034859,0005-06-28 12:38:00,5,6,28,12,38,680,224.0,"09, NATIONS (BOULEVARD D",,,Plein jour,En agglomération,Autre intersection,Normale,Deux véhicules - côté,,,,,,,,,,,1,2,9,1,3
200500034860,0005-06-21 09:45:00,5,6,21,9,45,680,224.0,AUTOROUTE A 36,,,Plein jour,Hors agglomération,Hors intersection,Normale,Trois véhicules et plus - collisions multiples,,,,,,,,,,,1,1,1,1,5
200500034861,0005-06-23 11:40:00,5,6,23,11,40,680,224.0,"22, WOLF (RUE DU)",,,Plein jour,En agglomération,Hors intersection,Normale,Deux véhicules - côté,,,,,,,,,,,1,2,1,1,3
200500034862,0005-06-07 08:50:00,5,6,7,8,50,680,224.0,"3, JUIN (AVENUE ALPHONSE",,,Plein jour,En agglomération,Hors intersection,Normale,Deux véhicules - arrière,,,,,,,,,,,1,2,1,1,2
200500034863,0005-06-25 10:00:00,5,6,25,10,0,680,224.0,"31, CLOCHE (QUAI DE LA)",,,Plein jour,En agglomération,Hors intersection,Normale,Autre collision,,,,,,,,,,,1,2,1,1,6
200500034864,0005-06-08 15:20:00,5,6,8,15,20,680,297.0,"60, DE GAULLE ( AVE DU G",,,Plein jour,En agglomération,Intersection en T,Normale,Deux véhicules - côté,,,,,,,,,,,1,2,3,1,3
200500034865,0005-06-05 11:10:00,5,6,5,11,10,680,166.0,RICHWILLER (RUE DE),,,Plein jour,En agglomération,Giratoire,Normale,Deux véhicules - côté,,,,,,,,,,,1,2,6,1,3
200500034866,0005-06-27 19:25:00,5,6,27,19,25,680,376.0,"16, MULHOUSE (RUE DE)",,,Plein jour,En agglomération,Autre intersection,Normale,Deux véhicules - côté,,,,,,,,,,,1,2,9,1,3
200500034867,0005-06-09 13:45:00,5,6,9,13,45,690,29.0,GENAS (DE),,,Plein jour,En agglomération,Hors intersection,Normale,Autre collision,,,,,,,,,,,1,2,1,1,6
200500034868,0005-06-11 13:20:00,5,6,11,13,20,690,29.0,GENERAL DE GAULLE,,,Plein jour,En agglomération,Intersection en X,Normale,Deux véhicules - côté,,,,,,,,,,,1,2,2,1,3
200500034869,0005-06-14 20:50:00,5,6,14,20,50,690,29.0,GENAS (DE),,,Crépuscule ou aube,En agglomération,Intersection en X,Temps couvert,Deux véhicules - arrière,,,,,,,,,,,2,2,2,8,2
200500034870,0005-06-16 13:10:00,5,6,16,13,10,690,381.0,"95, STEPHANE DECHANT",,,Plein jour,En agglomération,Hors intersection,Normale,Autre collision,,,,,,,,,,,1,2,1,1,6
200500034871,0005-06-06 20:50:00,5,6,6,20,50,690,256.0,LOUIS DUCLOS PROLONGEE,,,Plein jour,En agglomération,Hors intersection,Normale,Autre collision,,,,,,,,,,,1,2,1,1,6
200500034872,0005-06-14 19:30:00,5,6,14,19,30,690,256.0,"1, MAURICE AUDIN",,,Plein jour,En agglomération,Hors intersection,Pluie légère,Autre collision,,,,,,,,,,,1,2,1,2,6
200500034873,0005-06-15 15:30:00,5,6,15,15,30,690,256.0,"61, GENAS (DE)",,,Plein jour,En agglomération,Hors intersection,Normale,Autre collision,,,,,,,,,,,1,2,1,1,6
200500034874,0005-06-02 13:30:00,5,6,2,13,30,690,259.0,"0, MARTYRS DE LA RESISTA",,,Plein jour,En agglomération,Intersection en X,Normale,Deux véhicules - côté,,,,,,,,,,,1,2,2,1,3
200500034875,0005-06-04 23:50:00,5,6,4,23,50,690,259.0,"0, IRENE JOLIOT CURIE",,,Nuit avec éclairage allumé,En agglomération,Hors intersection,Normale,Autre collision,,,,,,,,,,,5,2,1,1,6
200500034876,0005-06-07 20:20:00,5,6,7,20,20,690,259.0,"0, GAMBETTA",,,Crépuscule ou aube,En agglomération,Intersection en X,Normale,Deux véhicules - côté,,,,,,,,,,,2,2,2,1,3
200500034877,0005-06-13 18:00:00,5,6,13,18,0,690,259.0,"0, REPUBLIQUE (DE LA)",,,Plein jour,En agglomération,Intersection en X,Temps couvert,Deux véhicules - côté,,,,,,,,,,,1,2,2,8,3
200500034878,0005-06-15 20:15:00,5,6,15,20,15,690,259.0,"0, MARCEL HOUEL",,,Plein jour,En agglomération,Intersection en X,Normale,Deux véhicules - côté,,,,,,,,,,,1,2,2,1,3
200500034879,0005-06-16 20:15:00,5,6,16,20,15,690,259.0,"0, CLUZEL",,,Plein jour,En agglomération,Intersection en X,Normale,Deux véhicules - côté,,,,,,,,,,,1,2,2,1,3
200500034880,0005-06-16 23:50:00,5,6,16,23,50,690,259.0,"0, EMILE ZOLA",,,Nuit avec éclairage allumé,En agglomération,Intersection en X,Normale,Deux véhicules - côté,,,,,,,,,,,5,2,2,1,3
200500034881,0005-06-22 21:00:00,5,6,22,21,0,690,259.0,"0, GEORGES LYVET",,,Crépuscule ou aube,En agglomération,Hors intersection,Normale,Autre collision,,,,,,,,,,,2,2,1,1,6
200500034882,0005-06-11 10:50:00,5,6,11,10,50,690,92.0,TARARE (ROUTE DE),,,Plein jour,En agglomération,Intersection en T,Normale,Deux véhicules - côté,,,,,,,,,,,1,2,3,1,3
200500034883,0005-06-26 09:40:00,5,6,26,9,40,690,264.0,RENAN ERNEST  R,,,Plein jour,En agglomération,Giratoire,Normale,Autre collision,,,,,,,,,,,1,2,6,1,6
200500034884,0005-06-07 18:15:00,5,6,7,18,15,690,266.0,"11, CRS DE LA REPUBLIQUE",,,Plein jour,En agglomération,Hors intersection,Normale,Deux véhicules - arrière,,,,,,,,,,,1,2,1,1,2
200500034885,0005-06-07 08:05:00,5,6,7,8,5,690,266.0,"103, RUE P VOYANT",,,Plein jour,En agglomération,Hors intersection,Normale,Autre collision,,,,,,,,,,,1,2,1,1,6
200500034886,0005-06-01 14:40:00,5,6,1,14,40,690,266.0,CRS E ZOLA,,,Plein jour,En agglomération,Intersection en X,Normale,Autre collision,,,,,,,,,,,1,2,2,1,6
200500034887,0005-06-09 13:47:00,5,6,9,13,47,690,266.0,"379, CRS E ZOLA",,,Plein jour,En agglomération,Hors intersection,Normale,Autre collision,,,,,,,,,,,1,2,1,1,6
200500034888,0005-06-24 17:15:00,5,6,24,17,15,690,266.0,"12, RUE BRANLY",,,Plein jour,En agglomération,Hors intersection,Normale,Autre collision,,,,,,,,,,,1,2,1,1,6
200500034889,0005-06-04 10:30:00,5,6,4,10,30,690,266.0,"1, BD L BONNEVAY INT",,,Plein jour,En agglomération,Hors intersection,Normale,Trois véhicules et plus - en chaîne,,,,,,,,,,,1,2,1,1,4
200500034890,0005-06-01 15:10:00,5,6,1,15,10,690,275.0,"266, JEAN JAURES",,,Plein jour,En agglomération,Intersection en T,Normale,Deux véhicules - côté,,,,,,,,,,,1,2,3,1,3
200500034891,0005-06-09 18:50:00,5,6,9,18,50,690,275.0,"3, MICHEL SERVET",,,Plein jour,En agglomération,Hors intersection,Normale,Autre collision,,,,,,,,,,,1,2,1,1,6
200500034892,0005-06-19 03:20:00,5,6,19,3,20,690,275.0,ELISEE RECLUS,,,Nuit sans éclairage public,En agglomération,Hors intersection,Normale,Sans collision,,,,,,,,,,,3,2,1,1,7
200500034893,0005-06-01 18:30:00,5,6,1,18,30,690,282.0,"76, VERDUN (DE)",,,Plein jour,En agglomération,Hors intersection,Normale,Trois véhicules et plus - collisions multiples,,,,,,,,,,,1,2,1,1,5
200500034894,0005-06-08 18:30:00,5,6,8,18,30,690,282.0,MARCEL GIRARDIN,,,Plein jour,En agglomération,Intersection en X,Normale,Deux véhicules - côté,,,,,,,,,,,1,2,2,1,3
200500034895,0005-06-28 18:00:00,5,6,28,18,0,690,282.0,POMMIER (DE),,,Plein jour,En agglomération,Intersection en X,Pluie forte,Deux véhicules - côté,,,,,,,,,,,1,2,2,3,3
200500034896,0005-06-08 19:40:00,5,6,8,19,40,690,256.0,ARISTIDE BRIAND (D 518),,,Plein jour,En agglomération,Hors intersection,Normale,Deux véhicules - arrière,,,,,,,,,,,1,2,1,1,2
200500034897,0005-06-07 18:30:00,5,6,7,18,30,690,290.0,"138, HEYRIEUX (D')",,,Plein jour,En agglomération,Hors intersection,Normale,Deux véhicules - côté,,,,,,,,,,,1,2,1,1,3
200500034898,0005-06-09 11:10:00,5,6,9,11,10,690,256.0,GRENOBLE (DE)  -  RN 6,,,Plein jour,En agglomération,Hors intersection,Normale,Deux véhicules - arrière,,,,,,,,,,,1,2,1,1,2
200500034899,0005-06-15 12:30:00,5,6,15,12,30,690,256.0,"0, GARIBALDI",,,Plein jour,En agglomération,Hors intersection,Normale,Autre collision,,,,,,,,,,,1,2,1,1,6
200500034900,0005-06-15 15:50:00,5,6,15,15,50,690,290.0,PROGRES (DU),,,Plein jour,Hors agglomération,Hors intersection,Normale,Autre collision,,,,,,,,,,,1,1,1,1,6
200500034901,0005-06-17 16:25:00,5,6,17,16,25,690,290.0,JULES VERNE,,,Plein jour,Hors agglomération,Hors intersection,Normale,Sans collision,,,,,,,,,,,1,1,1,1,7
200500034902,0005-06-19 19:30:00,5,6,19,19,30,690,290.0,"0, EDOUARD HERRIOT",,,Plein jour,En agglomération,Intersection en X,Normale,Deux véhicules - côté,,,,,,,,,,,1,2,2,1,3
200500034903,0005-06-16 17:30:00,5,6,16,17,30,690,290.0,"0, AVIATION (DE L')",,,Plein jour,En agglomération,Intersection en T,Normale,Deux véhicules - côté,,,,,,,,,,,1,2,3,1,3
200500034904,0005-06-29 14:10:00,5,6,29,14,10,690,290.0,"35, CROIX ROUSSE (DE LA)",,,Plein jour,En agglomération,Intersection en T,Temps couvert,Deux véhicules - côté,,,,,,,,,,,1,2,3,8,3
200500034905,0005-06-01 21:35:00,5,6,1,21,35,700,550.0,COUBERTIN (RUE PIERRE DE,,,Crépuscule ou aube,En agglomération,Intersection en X,Normale,Deux véhicules - côté,,,,,,,,,,,2,2,2,1,3
200500034906,0005-06-20 20:15:00,5,6,20,20,15,700,513.0,RIVES DEU LAC (AVENUE DE,,,Crépuscule ou aube,Hors agglomération,Intersection en X,Normale,Trois véhicules et plus - collisions multiples,,,,,,,,,,,2,1,2,1,5