accident_id,datetime,annee,mois,jour,heure,minute,departement,commune_insee,adresse,latitude,longitude,luminosite,agglomeration,intersection,meteo,collision,nb_vehicules,nb_usagers,nb_indemnes,nb_tues,nb_blesses_hosp,nb_blesses_legers,age_cond_1,age_cond_2,veh_type_cond_1,veh_type_cond_2,lum_code,agg_code,int_code,atm_code,col_code
200500035172,0005-06-06 16:10:00,5,6,6,16,10,750,17.0,160 R CARDINET,,,Plein jour,En agglomération,Hors intersection,Pluie légère,Sans collision,,,,,,,,,,,1,2,1,2,7
200500035173,0005-06-06 14:00:00,5,6,6,14,0,750,17.0,64 AV DES TERNES,,,Plein jour,En agglomération,Hors intersection,Normale,Autre collision,,,,,,,,,,,1,2,1,1,6
200500035174,0005-06-06 00:35:00,5,6,6,0,35,750,17.0,AV DES TERNES BD GOUVION,,,Nuit avec éclairage allumé,En agglomération,Intersection en X,Pluie légère,Autre collision,,,,,,,,,,,5,2,2,2,6
200500035175,0005-06-06 21:20:00,5,6,6,21,20,750,18.0,R MARX DORMOY BD DE LA C,,,Nuit avec éclairage allumé,En agglomération,Intersection en X,Normale,Deux véhicules - côté,,,,,,,,,,,5,2,2,1,3
200500035176,0005-06-06 15:50:00,5,6,6,15,50,750,19.0,AV PORTE CHAUMONT BD D I,,,Plein jour,En agglomération,Intersection en X,Normale,Deux véhicules - côté,,,,,,,,,,,1,2,2,1,3
200500035177,0005-06-06 18:30:00,5,6,6,18,30,750,19.0,30 R D HAUTPOUL,,,Plein jour,En agglomération,Hors intersection,Normale,Autre collision,,,,,,,,,,,1,2,1,1,6
200500035178,0005-06-06 13:00:00,5,6,6,13,0,750,20.0,2  R DE GUEBRIANT,,,Plein jour,En agglomération,Hors intersection,Pluie légère,Autre collision,,,,,,,,,,,1,2,1,2,6
200500035179,0005-06-07 08:35:00,5,6,7,8,35,750,13.0,108 AV D ITALIE,,,Plein jour,En agglomération,Hors intersection,Normale,Deux véhicules - côté,,,,,,,,,,,1,2,1,1,3
200500035180,0005-06-07 09:00:00,5,6,7,9,0,750,16.0,94 AV MOZART,,,Plein jour,En agglomération,Hors intersection,Normale,Deux véhicules - arrière,,,,,,,,,,,1,2,1,1,2
200500035181,0005-06-07 10:55:00,5,6,7,10,55,750,16.0,28 AV MOZART,,,Plein jour,En agglomération,Hors intersection,Normale,Autre collision,,,,,,,,,,,1,2,1,1,6
200500035182,0005-06-07 16:20:00,5,6,7,16,20,750,3.0,R DE TURBIGO R CUNIN GRI,,,Plein jour,En agglomération,Intersection en Y,Normale,Autre collision,,,,,,,,,,,1,2,4,1,6
200500035183,0005-06-07 10:38:00,5,6,7,10,38,750,3.0,R REAUMUR R SAINT MARTIN,,,Plein jour,En agglomération,Intersection en X,Normale,Deux véhicules - arrière,,,,,,,,,,,1,2,2,1,2
200500035184,0005-06-07 12:00:00,5,6,7,12,0,750,4.0,22 R DE RIVOLI,,,Plein jour,En agglomération,Hors intersection,Normale,Autre collision,,,,,,,,,,,1,2,1,1,6
200500035185,0005-06-07 02:20:00,5,6,7,2,20,750,8.0,AV DE FRIEDLAND R LAMENN,,,Nuit avec éclairage allumé,En agglomération,Intersection en Y,Normale,Deux véhicules - côté,,,,,,,,,,,5,2,4,1,3
200500035186,0005-06-07 12:25:00,5,6,7,12,25,750,8.0,128 R FG SAINT HONORE,,,Plein jour,En agglomération,Hors intersection,Normale,Deux véhicules - côté,,,,,,,,,,,1,2,1,1,3
200500035187,0005-06-07 02:05:00,5,6,7,2,5,750,10.0,R LA FAYETTE BD DE MAGEN,,,Nuit avec éclairage allumé,En agglomération,Intersection en X,Normale,Autre collision,,,,,,,,,,,5,2,2,1,6
200500035188,0005-06-07 14:46:00,5,6,7,14,46,750,11.0,08 PL LEON BLUM,,,Plein jour,En agglomération,Hors intersection,Normale,Autre collision,,,,,,,,,,,1,2,1,1,6
200500035189,0005-06-07 16:15:00,5,6,7,16,15,750,20.0,BD DE MENILMONTANT PL AU,,,Plein jour,En agglomération,Intersection en X,Normale,Autre collision,,,,,,,,,,,1,2,2,1,6
200500035190,0005-06-07 15:30:00,5,6,7,15,30,750,12.0,174 R DE BERCY,,,Plein jour,En agglomération,Hors intersection,Normale,Sans collision,,,,,,,,,,,1,2,1,1,7
200500035191,0005-06-07 17:00:00,5,6,7,17,0,750,12.0,54 AV DR ARNOLD NETTER,,,Plein jour,En agglomération,Hors intersection,Normale,Autre collision,,,,,,,,,,,1,2,1,1,6
200500035192,0005-06-07 13:45:00,5,6,7,13,45,750,12.0,30 BD CARNOT,,,Plein jour,En agglomération,Hors intersection,Normale,Sans collision,,,,,,,,,,,1,2,1,1,7
200500035193,0005-06-07 12:40:00,5,6,7,12,40,750,14.0,BD JOURDAN R E D LA MEUR,,,Plein jour,En agglomération,Intersection en T,Normale,Deux véhicules - côté,,,,,,,,,,,1,2,3,1,3
200500035194,0005-06-07 14:34:00,5,6,7,14,34,750,15.0,R LECOURBE R PETEL,,,Plein jour,En agglomération,Intersection en X,Normale,Deux véhicules - côté,,,,,,,,,,,1,2,2,1,3
200500035195,0005-06-07 17:45:00,5,6,7,17,45,750,16.0,R MAURICE BOURDET PL CLE,,,Plein jour,En agglomération,Intersection en T,Normale,Deux véhicules - côté,,,,,,,,,,,1,2,3,1,3
200500035196,0005-06-07 17:25:00,5,6,7,17,25,750,16.0,70 AV MARCEAU,,,Plein jour,En agglomération,Hors intersection,Normale,Deux véhicules - côté,,,,,,,,,,,1,2,1,1,3
200500035197,0005-06-07 13:45:00,5,6,7,13,45,750,16.0,54 AV KLEBER,,,Plein jour,En agglomération,Hors intersection,Normale,Autre collision,,,,,,,,,,,1,2,1,1,6
200500035198,0005-06-07 13:35:00,5,6,7,13,35,750,16.0,PL PORTE MOLITOR AV GENE,,,Plein jour,En agglomération,Intersection en X,Normale,Sans collision,,,,,,,,,,,1,2,2,1,7
200500035199,0005-06-07 10:49:00,5,6,7,10,49,750,17.0,R DES ACACIAS AV CARNOT,,,Plein jour,En agglomération,Intersection en T,Normale,Autre collision,,,,,,,,,,,1,2,3,1,6
200500035200,0005-06-07 14:00:00,5,6,7,14,0,750,16.0,24 R POUSSIN,,,Plein jour,En agglomération,Hors intersection,Normale,Deux véhicules - côté,,,,,,,,,,,1,2,1,1,3
200500035201,0005-06-07 17:55:00,5,6,7,17,55,750,17.0,AV GRANDE ARMEE PL YVON,,,Plein jour,En agglomération,Intersection en X,Normale,Deux véhicules - côté,,,,,,,,,,,1,2,2,1,3
200500035202,0005-06-07 20:45:00,5,6,7,20,45,750,17.0,AV DE CLICHY R BOULAY,,,Crépuscule ou aube,En agglomération,Intersection en X,Normale,Deux véhicules - côté,,,,,,,,,,,2,2,2,1,3
200500035203,0005-06-08 16:30:00,5,6,8,16,30,750,7.0,5 PL H MONTHERLANT,,,Plein jour,En agglomération,Hors intersection,Normale,Autre collision,,,,,,,,,,,1,2,1,1,6
200500035204,0005-06-07 16:50:00,5,6,7,16,50,750,20.0,ECH BAGNOLET,,,Plein jour,En agglomération,Hors intersection,Normale,Deux véhicules - arrière,,,,,,,,,,,1,2,1,1,2
200500035205,0005-06-08 20:10:00,5,6,8,20,10,750,10.0,40 BD BONNE NOUVELLE,,,Plein jour,En agglomération,Hors intersection,Normale,Autre collision,,,,,,,,,,,1,2,1,1,6
200500035206,0005-06-07 00:20:00,5,6,7,0,20,750,19.0,BD SERURIER R DE BELLEVI,,,Nuit avec éclairage allumé,En agglomération,Intersection à plus de 4 branches,Normale,Deux véhicules - côté,,,,,,,,,,,5,2,5,1,3
200500035207,0005-06-08 15:26:00,5,6,8,15,26,750,11.0,133 R FG SAINT ANTOINE,,,Plein jour,En agglomération,Hors intersection,Normale,Sans collision,,,,,,,,,,,1,2,1,1,7
200500035208,0005-06-08 12:20:00,5,6,8,12,20,750,11.0,2 R FAIDHERBE,,,Plein jour,En agglomération,Hors intersection,Normale,Deux véhicules - côté,,,,,,,,,,,1,2,1,1,3
200500035209,0005-06-08 00:40:00,5,6,8,0,40,750,12.0,BD PONIATOWSKI R ROBERT,,,Nuit avec éclairage allumé,En agglomération,Intersection en T,Normale,Deux véhicules - côté,,,,,,,,,,,5,2,3,1,3
200500035210,0005-06-08 19:25:00,5,6,8,19,25,750,13.0,BD MASSENA R BRUNESEAU,,,Plein jour,En agglomération,Intersection en T,Normale,Deux véhicules - côté,,,,,,,,,,,1,2,3,1,3
200500035211,0005-06-08 16:30:00,5,6,8,16,30,750,13.0,Q DE LA GARE  BD VINCENT,,,Plein jour,En agglomération,Intersection en X,Normale,Autre collision,,,,,,,,,,,1,2,2,1,6
200500035212,0005-06-08 17:00:00,5,6,8,17,0,750,14.0,R D ALESIA R MARGUERIN,,,Plein jour,En agglomération,Intersection en T,Normale,Autre collision,,,,,,,,,,,1,2,3,1,6
200500035213,0005-06-08 21:35:00,5,6,8,21,35,750,15.0,22 R VASCO DE GAMA,,,Nuit avec éclairage allumé,En agglomération,Hors intersection,Normale,Deux véhicules - côté,,,,,,,,,,,5,2,1,1,3
200500035214,0005-06-08 11:15:00,5,6,8,11,15,750,15.0,42 R ORADOUR S/ GLANE,,,Plein jour,En agglomération,Hors intersection,Normale,Deux véhicules - côté,,,,,,,,,,,1,2,1,1,3
200500035215,0005-06-08 17:46:00,5,6,8,17,46,750,16.0,81 BD EXELMANS,,,Plein jour,En agglomération,Hors intersection,Normale,Deux véhicules - côté,,,,,,,,,,,1,2,1,1,3
200500035216,0005-06-08 10:20:00,5,6,8,10,20,750,16.0,6 R DOCTEUR BLANCHE,,,Plein jour,En agglomération,Hors intersection,Normale,Autre collision,,,,,,,,,,,1,2,1,1,6
200500035217,0005-06-08 19:15:00,5,6,8,19,15,750,17.0,168 R CARDINET,,,Plein jour,En agglomération,Hors intersection,Normale,Autre collision,,,,,,,,,,,1,2,1,1,6
200500035218,0005-06-08 12:10:00,5,6,8,12,10,750,18.0,R D AUBERVILLIERS R DE L,,,Plein jour,En agglomération,Intersection en Y,Normale,Autre collision,,,,,,,,,,,1,2,4,1,6
200500035219,0005-06-08 14:00:00,5,6,8,14,0,750,18.0,106 R DU POTEAU,,,Plein jour,En agglomération,Hors intersection,Normale,Autre collision,,,,,,,,,,,1,2,1,1,6
200500035220,0005-06-08 18:00:00,5,6,8,18,0,750,18.0,168 BD NEY,,,Plein jour,En agglomération,Hors intersection,Normale,Autre collision,,,,,,,,,,,1,2,1,1,6
200500035221,0005-06-08 16:45:00,5,6,8,16,45,750,18.0,82 BD ORNANO,,,Plein jour,En agglomération,Hors intersection,Normale,Autre collision,,,,,,,,,,,1,2,1,1,6
200500035222,0005-06-08 16:15:00,5,6,8,16,15,750,20.0,R DE LAGNY BD DAVOUT,,,Plein jour,En agglomération,Intersection en X,Normale,Autre collision,,,,,,,,,,,1,2,2,1,6
200500035223,0005-06-08 15:00:00,5,6,8,15,0,750,20.0,3 PL HENRI MATISSE,,,Plein jour,En agglomération,Hors intersection,Normale,Autre collision,,,,,,,,,,,1,2,1,1,6
200500035224,0005-06-08 16:10:00,5,6,8,16,10,750,20.0,BD DAVOUT AV PTE DE MONT,,,Plein jour,En agglomération,Intersection en X,Normale,Deux véhicules - côté,,,,,,,,,,,1,2,2,1,3
200500035225,0005-06-09 07:15:00,5,6,9,7,15,750,3.0,R REAUMUR BD DE SEBASTOP,,,Plein jour,En agglomération,Intersection en X,Normale,Deux véhicules - côté,,,,,,,,,,,1,2,2,1,3
200500035226,0005-06-09 08:15:00,5,6,9,8,15,750,6.0,9 Q MALAQUAIS,,,Plein jour,En agglomération,Hors intersection,Normale,Autre collision,,,,,,,,,,,1,2,1,1,6
200500035227,0005-06-09 16:40:00,5,6,9,16,40,750,8.0,AV DE MARIGNY AV GABRIEL,,,Plein jour,En agglomération,Intersection en X,Normale,Autre collision,,,,,,,,,,,1,2,2,1,6
200500035228,0005-06-09 22:05:00,5,6,9,22,5,750,9.0,22 R DU FG MONTMARTRE,,,Nuit avec éclairage allumé,En agglomération,Hors intersection,Normale,Autre collision,,,,,,,,,,,5,2,1,1,6
200500035229,0005-06-09 07:20:00,5,6,9,7,20,750,9.0,PL PIGALLE BD DE CLICHY,,,Plein jour,En agglomération,Intersection en X,Normale,Autre collision,,,,,,,,,,,1,2,2,1,6
200500035230,0005-06-09 18:00:00,5,6,9,18,0,750,9.0,2 R PETRELLE,,,Plein jour,En agglomération,Hors intersection,Normale,Sans collision,,,,,,,,,,,1,2,1,1,7
200500035231,0005-06-09 13:35:00,5,6,9,13,35,750,9.0,18 R DES MATHURINS,,,Plein jour,En agglomération,Hors intersection,Normale,Autre collision,,,,,,,,,,,1,2,1,1,6
200500035232,0005-06-09 21:09:00,5,6,9,21,9,750,10.0,R LA FAYETTE PL FRANZ LI,,,Plein jour,En agglomération,Intersection en X,Normale,Deux véhicules - côté,,,,,,,,,,,1,2,2,1,3
200500035233,0005-06-09 16:10:00,5,6,9,16,10,750,11.0,108 AV LEDRU ROLLIN,,,Plein jour,En agglomération,Hors intersection,Normale,Autre collision,,,,,,,,,,,1,2,1,1,6
200500035234,0005-06-09 09:54:00,5,6,9,9,54,750,11.0,R SEDAINE R FROMENT,,,Plein jour,En agglomération,Intersection en X,Normale,Autre collision,,,,,,,,,,,1,2,2,1,6
200500035235,0005-06-13 17:50:00,5,6,13,17,50,750,9.0,08 PL DE L OPERA,,,Plein jour,En agglomération,Hors intersection,Normale,Deux véhicules - côté,,,,,,,,,,,1,2,1,1,3
200500035236,0005-06-09 02:50:00,5,6,9,2,50,750,11.0,44 R DE MONTREUIL,,,Nuit avec éclairage allumé,En agglomération,Hors intersection,Normale,Autre collision,,,,,,,,,,,5,2,1,1,6
200500035237,0005-06-09 14:00:00,5,6,9,14,0,750,12.0,86 R DE REUILLY,,,Plein jour,En agglomération,Hors intersection,Normale,Autre collision,,,,,,,,,,,1,2,1,1,6
200500035238,0005-06-10 08:50:00,5,6,10,8,50,750,1.0,168 R DE RIVOLI,,,Plein jour,En agglomération,Hors intersection,Normale,Deux véhicules - côté,,,,,,,,,,,1,2,1,1,3
200500035239,0005-06-09 17:15:00,5,6,9,17,15,750,13.0,R DE TOLBIAC AV D ITALIE,,,Plein jour,En agglomération,Intersection en X,Normale,Deux véhicules - côté,,,,,,,,,,,1,2,2,1,3
200500035240,0005-06-09 08:45:00,5,6,9,8,45,750,14.0,AV PTE DE MONTROUGE AV E,,,Plein jour,En agglomération,Intersection en X,Normale,Deux véhicules - côté,,,,,,,,,,,1,2,2,1,3
200500035241,0005-06-10 17:45:00,5,6,10,17,45,750,5.0,R DU FOUARRE R LAGRANGE,,,Plein jour,En agglomération,Intersection en Y,Normale,Autre collision,,,,,,,,,,,1,2,4,1,6
200500035242,0005-06-09 02:40:00,5,6,9,2,40,750,15.0,Q ISSY MOULINEAUX BD GL,,,Nuit avec éclairage allumé,En agglomération,Intersection en X,Normale,Autre collision,,,,,,,,,,,5,2,2,1,6
200500035243,0005-06-09 11:55:00,5,6,9,11,55,750,15.0,ECH BRANCION AV PORTE BR,,,Plein jour,En agglomération,Intersection en T,Normale,Deux véhicules - côté,,,,,,,,,,,1,2,3,1,3
200500035244,0005-06-10 12:30:00,5,6,10,12,30,750,7.0,Q BRANLY,,,Plein jour,En agglomération,Hors intersection,Normale,Deux véhicules - arrière,,,,,,,,,,,1,2,1,1,2
200500035245,0005-06-09 09:20:00,5,6,9,9,20,750,16.0,20 AV VICTOR HUGO,,,Plein jour,En agglomération,Hors intersection,Normale,Deux véhicules - côté,,,,,,,,,,,1,2,1,1,3
200500035246,0005-06-09 19:20:00,5,6,9,19,20,750,16.0,8 R JEAN RICHEPIN,,,Plein jour,En agglomération,Hors intersection,Normale,Autre collision,,,,,,,,,,,1,2,1,1,6
200500035247,0005-06-10 13:00:00,5,6,10,13,0,750,8.0,PL DE LA CONCORDE R ROYA,,,Plein jour,En agglomération,Intersection en T,Normale,Deux véhicules - côté,,,,,,,,,,,1,2,3,1,3
200500035248,0005-06-09 20:10:00,5,6,9,20,10,750,17.0,4 R ANDRE BRECHET,,,Plein jour,En agglomération,Hors intersection,Normale,Deux véhicules - côté,,,,,,,,,,,1,2,1,1,3
200500035249,0005-06-10 00:53:00,5,6,10,0,53,750,8.0,AV GEORGE V R VERNET,,,Nuit avec éclairage allumé,En agglomération,Intersection en X,Normale,Autre collision,,,,,,,,,,,5,2,2,1,6
200500035250,0005-06-09 20:45:00,5,6,9,20,45,750,17.0,18 AV LA GRANDE ARMEE,,,Crépuscule ou aube,En agglomération,Hors intersection,Normale,Sans collision,,,,,,,,,,,2,2,1,1,7
200500035251,0005-06-09 08:15:00,5,6,9,8,15,750,17.0,L3044 AV PORTE DES TERNE,,,Plein jour,En agglomération,Hors intersection,Normale,Deux véhicules - côté,,,,,,,,,,,1,2,1,1,3
200500035252,0005-06-09 15:30:00,5,6,9,15,30,750,17.0,AV PORTE DE CLICHY AV CI,,,Plein jour,En agglomération,Intersection en T,Normale,Deux véhicules - côté,,,,,,,,,,,1,2,3,1,3
200500035253,0005-06-09 09:05:00,5,6,9,9,5,750,18.0,52 R MARX DORMOY,,,Plein jour,En agglomération,Hors intersection,Normale,Deux véhicules - côté,,,,,,,,,,,1,2,1,1,3
200500035254,0005-06-09 14:05:00,5,6,9,14,5,750,20.0,14 R DENOYEZ,,,Plein jour,En agglomération,Hors intersection,Normale,Autre collision,,,,,,,,,,,1,2,1,1,6
200500035255,0005-06-10 11:10:00,5,6,10,11,10,750,9.0,R VICTOR MASSE AV FROCHO,,,Plein jour,En agglomération,Intersection en Y,Normale,Deux véhicules - côté,,,,,,,,,,,1,2,4,1,3
200500035256,0005-06-10 01:30:00,5,6,10,1,30,750,10.0,R FG SAINT MARTIN R LA F,,,Nuit avec éclairage allumé,En agglomération,Intersection en X,Normale,Deux véhicules - arrière,,,,,,,,,,,5,2,2,1,2
200500035257,0005-06-10 09:20:00,5,6,10,9,20,750,14.0,BD RASPAIL R LEOPOLD ROB,,,Plein jour,En agglomération,Intersection en T,Normale,Deux véhicules - côté,,,,,,,,,,,1,2,3,1,3
200500035258,0005-06-10 10:00:00,5,6,10,10,0,750,15.0,R DE LA CONVENTION PL CH,,,Plein jour,En agglomération,Intersection en X,Normale,Deux véhicules - côté,,,,,,,,,,,1,2,2,1,3
200500035259,0005-06-10 09:50:00,5,6,10,9,50,750,15.0,R MADEMOISELLE R CROIX N,,,Plein jour,En agglomération,Intersection en X,Normale,Sans collision,,,,,,,,,,,1,2,2,1,7
200500035260,0005-06-10 11:35:00,5,6,10,11,35,750,15.0,BD DU MONTPARNASSE R DE,,,Plein jour,En agglomération,Intersection en T,Normale,Deux véhicules - côté,,,,,,,,,,,1,2,3,1,3
200500035261,0005-06-10 18:30:00,5,6,10,18,30,750,16.0,ALL DU BORD DE L EAU CAR,,,Plein jour,En agglomération,Intersection en X,Normale,Deux véhicules - arrière,,,,,,,,,,,1,2,2,1,2
200500035262,0005-06-10 16:45:00,5,6,10,16,45,750,18.0,BD NEY R HENRI BRISSON,,,Plein jour,En agglomération,Intersection en T,Normale,Trois véhicules et plus - en chaîne,,,,,,,,,,,1,2,3,1,4
200500035263,0005-06-10 17:20:00,5,6,10,17,20,750,18.0,BD DE LA CHAPELLE R CHAR,,,Plein jour,En agglomération,Intersection en Y,Normale,Autre collision,,,,,,,,,,,1,2,4,1,6
200500035264,0005-06-10 08:55:00,5,6,10,8,55,750,20.0,138 AV GAMBETTA,,,Plein jour,En agglomération,Hors intersection,Normale,Trois véhicules et plus - en chaîne,,,,,,,,,,,1,2,1,1,4
200500035265,0005-06-29 20:30:00,5,6,29,20,30,750,11.0,BD BEAUMARCHAIS R PASTEU,,,Plein jour,En agglomération,Intersection en X,Normale,Deux véhicules - côté,,,,,,,,,,,1,2,2,1,3
200500035266,0005-06-11 16:55:00,5,6,11,16,55,750,1.0,R DES PYRAMIDES AV DE L,,,Plein jour,En agglomération,Intersection en Y,Normale,Trois véhicules et plus - en chaîne,,,,,,,,,,,1,2,4,1,4
200500035267,0005-06-11 17:00:00,5,6,11,17,0,750,1.0,14 Q DE LA MEGISSERIE,,,Plein jour,En agglomération,Hors intersection,Normale,Deux véhicules - côté,,,,,,,,,,,1,2,1,1,3
200500035268,0005-06-11 19:00:00,5,6,11,19,0,750,2.0,AV DE L OPERA R GAILLON,,,Plein jour,En agglomération,Intersection en Y,Normale,Deux véhicules - côté,,,,,,,,,,,1,2,4,1,3
200500035269,0005-06-11 12:05:00,5,6,11,12,5,750,4.0,BD HENRI IV PL DE LA BAS,,,Plein jour,En agglomération,Intersection en T,Normale,Autre collision,,,,,,,,,,,1,2,3,1,6
200500035270,0005-06-11 12:15:00,5,6,11,12,15,750,8.0,R P CHAMPS ELYSEES AV MA,,,Plein jour,En agglomération,Place,Normale,Trois véhicules et plus - en chaîne,,,,,,,,,,,1,2,7,1,4
200500035271,0005-06-11 16:10:00,5,6,11,16,10,750,9.0,R LA FAYETTE  SQ DE MONT,,,Plein jour,En agglomération,Intersection en X,Normale,Deux véhicules - côté,,,,,,,,,,,1,2,2,1,3
200500035272,0005-06-11 20:48:00,5,6,11,20,48,750,10.0,BD DE MAGENTA R DE DUNKE,,,Plein jour,En agglomération,Intersection en X,Normale,Deux véhicules - frontale,,,,,,,,,,,1,2,2,1,1
200500035273,0005-06-11 12:55:00,5,6,11,12,55,750,11.0,BD VOLTAIRE R AMELOT,,,Plein jour,En agglomération,Intersection en Y,Normale,Deux véhicules - côté,,,,,,,,,,,1,2,4,1,3
200500035274,0005-06-11 00:35:00,5,6,11,0,35,750,12.0,AV DE SAINT MANDE BD SOU,,,Nuit avec éclairage allumé,En agglomération,Intersection en X,Normale,Deux véhicules - côté,,,,,,,,,,,5,2,2,1,3
200500035275,0005-06-11 22:55:00,5,6,11,22,55,750,12.0,5 BD DE REUILLY,,,Nuit avec éclairage allumé,En agglomération,Hors intersection,Normale,Autre collision,,,,,,,,,,,5,2,1,1,6
200500035276,0005-06-11 19:25:00,5,6,11,19,25,750,13.0,20 BD MASSENA,,,Plein jour,En agglomération,Hors intersection,Normale,Trois véhicules et plus - en chaîne,,,,,,,,,,,1,2,1,1,4
200500035277,0005-06-11 11:45:00,5,6,11,11,45,750,15.0,314 R LECOURBE,,,Plein jour,En agglomération,Hors intersection,Normale,Deux véhicules - côté,,,,,,,,,,,1,2,1,1,3
200500035278,0005-06-11 20:45:00,5,6,11,20,45,750,15.0,252 R DE VAUGIRARD,,,Nuit avec éclairage allumé,En agglomération,Hors intersection,Normale,Autre collision,,,,,,,,,,,5,2,1,1,6
200500035279,0005-06-11 03:57:00,5,6,11,3,57,750,17.0,148 R DE TOCQUEVILLE,,,Nuit avec éclairage allumé,En agglomération,Hors intersection,Normale,Sans collision,,,,,,,,,,,5,2,1,1,7
200500035280,0005-06-11 11:15:00,5,6,11,11,15,750,18.0,R MARX DORMOY CI DE LA C,,,Plein jour,En agglomération,Intersection en T,Normale,Deux véhicules - côté,,,,,,,,,,,1,2,3,1,3
200500035281,0005-06-12 18:45:00,5,6,12,18,45,750,7.0,VERG PT ALEXANDRE III PT,,,Plein jour,En agglomération,Hors intersection,Normale,Autre collision,,,,,,,,,,,1,2,1,1,6
200500035282,0005-06-12 12:35:00,5,6,12,12,35,750,8.0,R DE NAPLES R DE MIROMES,,,Plein jour,En agglomération,Intersection en X,Normale,Deux véhicules - côté,,,,,,,,,,,1,2,2,1,3
200500035283,0005-06-12 12:20:00,5,6,12,12,20,750,10.0,BD DE STRASBOURG BD DE M,,,Plein jour,En agglomération,Intersection en X,Normale,Autre collision,,,,,,,,,,,1,2,2,1,6
200500035284,0005-06-12 01:20:00,5,6,12,1,20,750,10.0,132 BD DE MAGENTA,,,Nuit avec éclairage allumé,En agglomération,Hors intersection,Normale,Deux véhicules - côté,,,,,,,,,,,5,2,1,1,3
200500035285,0005-06-30 13:20:00,5,6,30,13,20,750,17.0,22 AV DE ST OUEN,,,Plein jour,En agglomération,Hors intersection,Pluie légère,Autre collision,,,,,,,,,,,1,2,1,2,6
200500035286,0005-06-13 09:30:00,5,6,13,9,30,750,1.0,AV DE L OPERA R DE L ECH,,,Plein jour,En agglomération,Intersection en Y,Normale,Deux véhicules - côté,,,,,,,,,,,1,2,4,1,3
200500035287,0005-06-13 13:20:00,5,6,13,13,20,750,7.0,Q BRANLY AV DE SUFFREN,,,Plein jour,En agglomération,Intersection en T,Normale,Deux véhicules - côté,,,,,,,,,,,1,2,3,1,3
200500035288,0005-06-13 00:20:00,5,6,13,0,20,750,8.0,BD MALESHERBES R DE MONC,,,Nuit avec éclairage allumé,En agglomération,Intersection en X,Normale,Deux véhicules - côté,,,,,,,,,,,5,2,2,1,3
200500035289,0005-06-13 18:35:00,5,6,13,18,35,750,8.0,PL DE LA CONCORDE R ROYA,,,Plein jour,En agglomération,Intersection en T,Normale,Deux véhicules - côté,,,,,,,,,,,1,2,3,1,3
200500035290,0005-06-12 05:35:00,5,6,12,5,35,750,12.0,R CHALIGNY BD DIDEROT,,,Crépuscule ou aube,En agglomération,Intersection en X,Normale,Deux véhicules - côté,,,,,,,,,,,2,2,2,1,3
200500035291,0005-06-13 09:45:00,5,6,13,9,45,750,10.0,R DE COMPIEGNE R DE DUNK,,,Plein jour,En agglomération,Intersection en T,Normale,Autre collision,,,,,,,,,,,1,2,3,1,6
200500035292,0005-06-12 06:50:00,5,6,12,6,50,750,17.0,2 PL PORTE MAILLOT,,,Plein jour,En agglomération,Hors intersection,Normale,Autre collision,,,,,,,,,,,1,2,1,1,6
200500035293,0005-06-13 20:10:00,5,6,13,20,10,750,11.0,124 AV DE LA REPUBLIQUE,,,Plein jour,En agglomération,Hors intersection,Normale,Deux véhicules - côté,,,,,,,,,,,1,2,1,1,3
200500035294,0005-06-13 09:40:00,5,6,13,9,40,750,12.0,62 BD DIDEROT,,,Plein jour,En agglomération,Hors intersection,Normale,Deux véhicules - côté,,,,,,,,,,,1,2,1,1,3
200500035295,0005-06-13 11:15:00,5,6,13,11,15,750,12.0,106 R FG SAINT ANTOINE,,,Plein jour,En agglomération,Hors intersection,Normale,Autre collision,,,,,,,,,,,1,2,1,1,6
200500035296,0005-06-30 22:40:00,5,6,30,22,40,750,16.0,L7137 ALL REINE MARGUERI,,,Nuit avec éclairage allumé,En agglomération,Hors intersection,Normale,Deux véhicules - côté,,,,,,,,,,,5,2,1,1,3
200500035297,0005-06-12 06:50:00,5,6,12,6,50,750,18.0,BD DE CLICHY PL BLANCHE,,,Plein jour,En agglomération,Intersection en X,Normale,Deux véhicules - côté,,,,,,,,,,,1,2,2,1,3
200500035298,0005-06-13 07:10:00,5,6,13,7,10,750,13.0,32 Q D AUSTERLITZ,,,Plein jour,En agglomération,Hors intersection,Normale,Autre collision,,,,,,,,,,,1,2,1,1,6
200500035299,0005-06-13 23:35:00,5,6,13,23,35,750,14.0,150 R R LOSSERAND,,,Nuit avec éclairage allumé,En agglomération,Hors intersection,Normale,Trois véhicules et plus - en chaîne,,,,,,,,,,,5,2,1,1,4
200500035300,0005-06-13 13:08:00,5,6,13,13,8,750,15.0,R LINOIS PL CHARLES MICH,,,Plein jour,En agglomération,Intersection en X,Normale,Deux véhicules - côté,,,,,,,,,,,1,2,2,1,3
200500035301,0005-06-13 08:45:00,5,6,13,8,45,750,16.0,BD SUCHET SQ HENRY BATAI,,,Plein jour,En agglomération,Intersection en T,Normale,Deux véhicules - côté,,,,,,,,,,,1,2,3,1,3
200500035302,0005-06-13 19:15:00,5,6,13,19,15,750,16.0,L11744 RTE DE SURESNES,,,Plein jour,En agglomération,Hors intersection,Normale,Deux véhicules - côté,,,,,,,,,,,1,2,1,1,3
200500035303,0005-06-13 19:10:00,5,6,13,19,10,750,17.0,BD BESSIERES R JACQUES K,,,Plein jour,En agglomération,Intersection en Y,Normale,Deux véhicules - côté,,,,,,,,,,,1,2,4,1,3
200500035304,0005-06-13 10:10:00,5,6,13,10,10,750,17.0,SOU CHAMPERRET,,,Plein jour,En agglomération,Hors intersection,Normale,Deux véhicules - arrière,,,,,,,,,,,1,2,1,1,2
200500035305,0005-06-13 09:20:00,5,6,13,9,20,750,18.0,50 R PAJOL,,,Plein jour,En agglomération,Hors intersection,Normale,Deux véhicules - côté,,,,,,,,,,,1,2,1,1,3