accident_id,datetime,annee,mois,jour,heure,minute,departement,commune_insee,adresse,latitude,longitude,luminosite,agglomeration,intersection,meteo,collision,nb_vehicules,nb_usagers,nb_indemnes,nb_tues,nb_blesses_hosp,nb_blesses_legers,age_cond_1,age_cond_2,veh_type_cond_1,veh_type_cond_2,lum_code,agg_code,int_code,atm_code,col_code
200500035306,0005-06-13 13:25:00,5,6,13,13,25,750,18.0,R MONTCALM R ORDENER,,,Plein jour,En agglomération,Intersection en X,Normale,Autre collision,,,,,,,,,,,1,2,2,1,6
200500035307,0005-06-14 11:11:00,5,6,14,11,11,750,4.0,Q HENRI IV R AGRIPPA AUB,,,Plein jour,En agglomération,Intersection en T,Normale,Deux véhicules - côté,,,,,,,,,,,1,2,3,1,3
200500035308,0005-06-14 19:10:00,5,6,14,19,10,750,7.0,Q BRANLY AV LA BOURDONNA,,,Plein jour,En agglomération,Intersection en T,Normale,Sans collision,,,,,,,,,,,1,2,3,1,7
200500035309,0005-06-14 01:08:00,5,6,14,1,8,750,8.0,PL DE LA CONCORDE CRS LA,,,Nuit avec éclairage allumé,En agglomération,Intersection en X,Normale,Deux véhicules - côté,,,,,,,,,,,5,2,2,1,3
200500035310,0005-06-14 12:00:00,5,6,14,12,0,750,8.0,24 CRS ALBERT 1ER,,,Plein jour,En agglomération,Hors intersection,Normale,Autre collision,,,,,,,,,,,1,2,1,1,6
200500035311,0005-06-14 08:43:00,5,6,14,8,43,750,11.0,138 R DE LA ROQUETTE,,,Plein jour,En agglomération,Hors intersection,Normale,Autre collision,,,,,,,,,,,1,2,1,1,6
200500035312,0005-06-14 16:00:00,5,6,14,16,0,750,14.0,100 AV GENERAL LECLERC,,,Plein jour,En agglomération,Hors intersection,Normale,Autre collision,,,,,,,,,,,1,2,1,1,6
200500035313,0005-06-14 17:55:00,5,6,14,17,55,750,15.0,BD VICTOR R LECOURBE,,,Plein jour,En agglomération,Intersection en T,Normale,Deux véhicules - côté,,,,,,,,,,,1,2,3,1,3
200500035314,0005-06-14 15:10:00,5,6,14,15,10,750,16.0,26 AV DE NEW YORK,,,Plein jour,En agglomération,Hors intersection,Normale,Autre collision,,,,,,,,,,,1,2,1,1,6
200500035315,0005-06-14 19:25:00,5,6,14,19,25,750,16.0,L14589 RTE SEVRES A NEUI,,,Plein jour,En agglomération,Hors intersection,Normale,Sans collision,,,,,,,,,,,1,2,1,1,7
200500035316,0005-06-14 13:00:00,5,6,14,13,0,750,16.0,80 R DE LA POMPE,,,Plein jour,En agglomération,Hors intersection,Normale,Deux véhicules - côté,,,,,,,,,,,1,2,1,1,3
200500035317,0005-06-20 23:00:00,5,6,20,23,0,750,9.0,77 BD DE CLICHY,,,Nuit avec éclairage allumé,En agglomération,Hors intersection,Normale,Autre collision,,,,,,,,,,,5,2,1,1,6
200500035318,0005-06-14 16:35:00,5,6,14,16,35,750,16.0,AV DE NEW YORK PL DE L A,,,Plein jour,En agglomération,Intersection en X,Normale,Sans collision,,,,,,,,,,,1,2,2,1,7
200500035319,0005-06-14 20:20:00,5,6,14,20,20,750,17.0,2 PL PORTE MAILLOT,,,Plein jour,En agglomération,Hors intersection,Normale,Deux véhicules - côté,,,,,,,,,,,1,2,1,1,3
200500035320,0005-06-15 09:47:00,5,6,15,9,47,750,1.0,AV GEN LEMONNIER R DE RI,,,Plein jour,En agglomération,Intersection en X,Normale,Autre collision,,,,,,,,,,,1,2,2,1,6
200500035321,0005-06-15 13:40:00,5,6,15,13,40,750,4.0,28 R DE RIVOLI,,,Plein jour,En agglomération,Hors intersection,Normale,Sans collision,,,,,,,,,,,1,2,1,1,7
200500035322,0005-06-15 20:25:00,5,6,15,20,25,750,8.0,60 R FRANCOIS IER,,,Plein jour,En agglomération,Hors intersection,Normale,Deux véhicules - arrière,,,,,,,,,,,1,2,1,1,2
200500035323,0005-06-15 16:20:00,5,6,15,16,20,750,11.0,62 BD RICHARD LENOIR,,,Plein jour,En agglomération,Hors intersection,Pluie légère,Sans collision,,,,,,,,,,,1,2,1,2,7
200500035324,0005-06-15 14:55:00,5,6,15,14,55,750,13.0,BD KELLERMANN R GOUTHIER,,,Plein jour,En agglomération,Intersection en Y,Pluie légère,Autre collision,,,,,,,,,,,1,2,4,2,6
200500035325,0005-06-15 10:40:00,5,6,15,10,40,750,13.0,122 AV D ITALIE,,,Plein jour,En agglomération,Hors intersection,Normale,Autre collision,,,,,,,,,,,1,2,1,1,6
200500035326,0005-06-15 14:20:00,5,6,15,14,20,750,14.0,65 BD ROMAIN ROLLAND,,,Plein jour,En agglomération,Hors intersection,Pluie légère,Autre collision,,,,,,,,,,,1,2,1,2,6
200500035327,0005-06-15 15:05:00,5,6,15,15,5,750,16.0,AV MARCEL DORET ECH ST C,,,Plein jour,En agglomération,Intersection en T,Pluie légère,Sans collision,,,,,,,,,,,1,2,3,2,7
200500035328,0005-06-15 16:03:00,5,6,15,16,3,750,17.0,AV PORTE D ASNIERES BD D,,,Plein jour,En agglomération,Intersection en X,Pluie légère,Deux véhicules - côté,,,,,,,,,,,1,2,2,2,3
200500035329,0005-06-15 16:08:00,5,6,15,16,8,750,17.0,118 BD PEREIRE,,,Plein jour,En agglomération,Hors intersection,Pluie légère,Sans collision,,,,,,,,,,,1,2,1,2,7
200500035330,0005-06-15 07:45:00,5,6,15,7,45,750,17.0,36 BD GOUVION ST CYR,,,Plein jour,En agglomération,Hors intersection,Normale,Deux véhicules - côté,,,,,,,,,,,1,2,1,1,3
200500035331,0005-06-15 00:20:00,5,6,15,0,20,750,18.0,R ORDENER R MONTCALM,,,Nuit avec éclairage allumé,En agglomération,Intersection en X,Normale,Deux véhicules - côté,,,,,,,,,,,5,2,2,1,3
200500035332,0005-06-16 20:20:00,5,6,16,20,20,750,4.0,BD MORLAND R CRILLON,,,Plein jour,En agglomération,Intersection en Y,Normale,Deux véhicules - côté,,,,,,,,,,,1,2,4,1,3
200500035333,0005-06-16 09:55:00,5,6,16,9,55,750,4.0,38 BD HENRI IV,,,Plein jour,En agglomération,Hors intersection,Normale,Sans collision,,,,,,,,,,,1,2,1,1,7
200500035334,0005-06-16 16:26:00,5,6,16,16,26,750,6.0,48  R DE VAUGIRARD,,,Plein jour,En agglomération,Hors intersection,Normale,Autre collision,,,,,,,,,,,1,2,1,1,6
200500035335,0005-06-16 17:38:00,5,6,16,17,38,750,7.0,AV BOSQUET R EDMOND VALE,,,Plein jour,En agglomération,Intersection en T,Normale,Trois véhicules et plus - collisions multiples,,,,,,,,,,,1,2,3,1,5
200500035336,0005-06-16 13:45:00,5,6,16,13,45,750,8.0,24 R ROYALE,,,Plein jour,En agglomération,Hors intersection,Normale,Autre collision,,,,,,,,,,,1,2,1,1,6
200500035337,0005-06-16 11:00:00,5,6,16,11,0,750,8.0,R ROYALE R SAINT HONORE,,,Plein jour,En agglomération,Intersection en X,Normale,Deux véhicules - côté,,,,,,,,,,,1,2,2,1,3
200500035338,0005-06-16 00:15:00,5,6,16,0,15,750,9.0,R DES MARTYRS BD DE ROCH,,,Nuit avec éclairage allumé,En agglomération,Intersection en X,Normale,Autre collision,,,,,,,,,,,5,2,2,1,6
200500035339,0005-06-16 11:00:00,5,6,16,11,0,750,14.0,94 R TOMBE ISSOIRE,,,Plein jour,En agglomération,Hors intersection,Normale,Autre collision,,,,,,,,,,,1,2,1,1,6
200500035340,0005-06-16 18:00:00,5,6,16,18,0,750,16.0,26 AV GEORGES MANDEL,,,Plein jour,En agglomération,Hors intersection,Normale,Autre collision,,,,,,,,,,,1,2,1,1,6
200500035341,0005-06-16 22:55:00,5,6,16,22,55,750,16.0,36 AV GRANDE ARMEE,,,Nuit avec éclairage allumé,En agglomération,Hors intersection,Normale,Deux véhicules - arrière,,,,,,,,,,,5,2,1,1,2
200500035342,0005-06-16 07:55:00,5,6,16,7,55,750,16.0,L14626 ALL DE LONGCHAMP,,,Plein jour,En agglomération,Hors intersection,Normale,Autre collision,,,,,,,,,,,1,2,1,1,6
200500035343,0005-06-16 18:45:00,5,6,16,18,45,750,18.0,R ORDENER R DES POISSONN,,,Plein jour,En agglomération,Intersection en X,Normale,Autre collision,,,,,,,,,,,1,2,2,1,6
200500035344,0005-06-16 18:05:00,5,6,16,18,5,750,18.0,BD NEY R C FLAMMARION,,,Plein jour,En agglomération,Intersection en T,Normale,Deux véhicules - côté,,,,,,,,,,,1,2,3,1,3
200500035345,0005-06-16 11:05:00,5,6,16,11,5,750,18.0,48 R ORDENER,,,Plein jour,En agglomération,Hors intersection,Normale,Autre collision,,,,,,,,,,,1,2,1,1,6
200500035346,0005-06-17 10:05:00,5,6,17,10,5,750,3.0,78 BD DE SEBASTOPOL,,,Plein jour,En agglomération,Hors intersection,Normale,Autre collision,,,,,,,,,,,1,2,1,1,6
200500035347,0005-06-17 17:50:00,5,6,17,17,50,750,3.0,160 R DU TEMPLE,,,Plein jour,En agglomération,Hors intersection,Normale,Trois véhicules et plus - en chaîne,,,,,,,,,,,1,2,1,1,4
200500035348,0005-06-17 16:00:00,5,6,17,16,0,750,11.0,13 PL NATION,,,Plein jour,En agglomération,Hors intersection,Normale,Autre collision,,,,,,,,,,,1,2,1,1,6
200500035349,0005-06-17 18:30:00,5,6,17,18,30,750,11.0,74 R JEAN PIERRE TIMBAUD,,,Plein jour,En agglomération,Hors intersection,Normale,Deux véhicules - côté,,,,,,,,,,,1,2,1,1,3
200500035350,0005-06-17 13:10:00,5,6,17,13,10,750,13.0,BD MASSENA AV PTE DE VIT,,,Plein jour,En agglomération,Intersection en X,Normale,Autre collision,,,,,,,,,,,1,2,2,1,6
200500035351,0005-06-17 19:35:00,5,6,17,19,35,750,14.0,100 AV GENERAL LECLERC,,,Plein jour,En agglomération,Hors intersection,Normale,Autre collision,,,,,,,,,,,1,2,1,1,6
200500035352,0005-06-17 17:20:00,5,6,17,17,20,750,15.0,BD MONTPARNASSE R DE L A,,,Plein jour,En agglomération,Intersection en X,Normale,Deux véhicules - côté,,,,,,,,,,,1,2,2,1,3
200500035353,0005-06-17 03:10:00,5,6,17,3,10,750,16.0,QU LOUIS BLERIOT R DE L,,,Nuit avec éclairage allumé,En agglomération,Intersection en X,Normale,Deux véhicules - côté,,,,,,,,,,,5,2,2,1,3
200500035354,0005-06-17 18:25:00,5,6,17,18,25,750,16.0,19 R LE MAROIS,,,Plein jour,En agglomération,Hors intersection,Normale,Autre collision,,,,,,,,,,,1,2,1,1,6
200500035355,0005-06-17 12:25:00,5,6,17,12,25,750,18.0,BD BARBES R DOUDEAUVILLE,,,Plein jour,En agglomération,Intersection en X,Normale,Deux véhicules - arrière,,,,,,,,,,,1,2,2,1,2
200500035356,0005-06-18 06:10:00,5,6,18,6,10,750,9.0,6 R DE CHATEAUDUN,,,Plein jour,En agglomération,Hors intersection,Normale,Autre collision,,,,,,,,,,,1,2,1,1,6
200500035357,0005-06-18 19:10:00,5,6,18,19,10,750,13.0,50 BD DE L HOPITAL,,,Plein jour,En agglomération,Hors intersection,Normale,Deux véhicules - côté,,,,,,,,,,,1,2,1,1,3
200500035358,0005-06-18 15:15:00,5,6,18,15,15,750,13.0,126 R DU CHEVALERET,,,Plein jour,En agglomération,Hors intersection,Normale,Autre collision,,,,,,,,,,,1,2,1,1,6
200500035359,0005-06-18 14:35:00,5,6,18,14,35,750,16.0,24 AV GRANDE ARMEE,,,Plein jour,En agglomération,Hors intersection,Normale,Deux véhicules - côté,,,,,,,,,,,1,2,1,1,3
200500035360,0005-06-19 20:15:00,5,6,19,20,15,750,11.0,R DU FG DU TEMPLE R PRES,,,Plein jour,En agglomération,Intersection en T,Normale,Autre collision,,,,,,,,,,,1,2,3,1,6
200500035361,0005-06-19 18:40:00,5,6,19,18,40,750,13.0,64 R DE TOLBIAC R CH DES,,,Plein jour,En agglomération,Intersection en X,Normale,Autre collision,,,,,,,,,,,1,2,2,1,6
200500035362,0005-06-19 15:10:00,5,6,19,15,10,750,16.0,R DU RANELAGH R DAVIOUD,,,Plein jour,En agglomération,Intersection en X,Normale,Autre collision,,,,,,,,,,,1,2,2,1,6
200500035363,0005-06-19 16:10:00,5,6,19,16,10,750,18.0,32 AV PTE MONTMARTRE,,,Plein jour,En agglomération,Hors intersection,Normale,Autre collision,,,,,,,,,,,1,2,1,1,6
200500035364,0005-06-20 09:00:00,5,6,20,9,0,750,16.0,58 R D AUTEUIL,,,Plein jour,En agglomération,Hors intersection,Normale,Autre collision,,,,,,,,,,,1,2,1,1,6
200500035365,0005-06-23 15:30:00,5,6,23,15,30,750,4.0,18 R RAMBUTEAU,,,Plein jour,En agglomération,Hors intersection,Normale,Autre collision,,,,,,,,,,,1,2,1,1,6
200500035366,0005-06-23 14:15:00,5,6,23,14,15,750,4.0,20 QU DES CELESTINS,,,Plein jour,En agglomération,Hors intersection,Normale,Deux véhicules - côté,,,,,,,,,,,1,2,1,1,3
200500035367,0005-06-23 06:57:00,5,6,23,6,57,750,10.0,R LA FAYETTE R CHATEAU L,,,Plein jour,En agglomération,Intersection en X,Normale,Autre collision,,,,,,,,,,,1,2,2,1,6
200500035368,0005-06-22 17:05:00,5,6,22,17,5,750,10.0,6 BD DE STRASBOURG,,,Plein jour,En agglomération,Hors intersection,Normale,Deux véhicules - arrière,,,,,,,,,,,1,2,1,1,2
200500035369,0005-06-23 19:00:00,5,6,23,19,0,750,15.0,R DU THEATRE R ROBERT DE,,,Plein jour,En agglomération,Intersection en X,Temps couvert,Deux véhicules - côté,,,,,,,,,,,1,2,2,8,3
200500035370,0005-06-23 17:15:00,5,6,23,17,15,750,15.0,R DUPLEIX AV DE SUFFREN,,,Plein jour,En agglomération,Intersection en X,Pluie forte,Autre collision,,,,,,,,,,,1,2,2,3,6
200500035371,0005-06-23 16:10:00,5,6,23,16,10,750,16.0,AV DODE DE LA BRUNERIE A,,,Plein jour,En agglomération,Intersection en X,Normale,Deux véhicules - côté,,,,,,,,,,,1,2,2,1,3
200500035372,0005-06-23 13:45:00,5,6,23,13,45,750,17.0,BD BATIGNOLLES R BOURSAU,,,Plein jour,En agglomération,Intersection en X,Normale,Deux véhicules - côté,,,,,,,,,,,1,2,2,1,3
200500035373,0005-06-23 13:20:00,5,6,23,13,20,750,17.0,48 AV DE LA GRANDE ARMEE,,,Plein jour,En agglomération,Hors intersection,Normale,Trois véhicules et plus - en chaîne,,,,,,,,,,,1,2,1,1,4
200500035374,0005-06-23 09:10:00,5,6,23,9,10,750,19.0,AV S FREUD R JEAN BAPTIS,,,Plein jour,En agglomération,Intersection en X,Normale,Deux véhicules - côté,,,,,,,,,,,1,2,2,1,3
200500035375,0005-06-23 19:17:00,5,6,23,19,17,750,20.0,R LOUIS LUMIERE R LOUIS,,,Plein jour,En agglomération,Intersection en X,Pluie légère,Trois véhicules et plus - en chaîne,,,,,,,,,,,1,2,2,2,4
200500035376,0005-06-23 19:00:00,5,6,23,19,0,750,20.0,50 AV DU PROF ANDRE LEMI,,,Plein jour,En agglomération,Hors intersection,Pluie légère,Deux véhicules - côté,,,,,,,,,,,1,2,1,2,3
200500035377,0005-06-24 09:10:00,5,6,24,9,10,750,13.0,46 BD ARAGO,,,Plein jour,En agglomération,Hors intersection,Normale,Autre collision,,,,,,,,,,,1,2,1,1,6
200500035378,0005-06-24 03:19:00,5,6,24,3,19,750,13.0,PL VALHUBERT BD HOPITAL,,,Nuit avec éclairage allumé,En agglomération,Intersection en X,Normale,Deux véhicules - côté,,,,,,,,,,,5,2,2,1,3
200500035379,0005-06-24 17:00:00,5,6,24,17,0,750,14.0,96 AV GENERAL LECLERC,,,Plein jour,En agglomération,Hors intersection,Normale,Deux véhicules - arrière,,,,,,,,,,,1,2,1,1,2
200500035380,0005-06-24 23:40:00,5,6,24,23,40,750,14.0,BD JOURDAN R EMILE FAGUE,,,Nuit avec éclairage allumé,En agglomération,Intersection en X,Pluie légère,Deux véhicules - côté,,,,,,,,,,,5,2,2,2,3
200500035381,0005-06-24 19:55:00,5,6,24,19,55,750,14.0,18 BD EDGARD QUINET,,,Plein jour,En agglomération,Hors intersection,Normale,Autre collision,,,,,,,,,,,1,2,1,1,6
200500035382,0005-06-25 18:58:00,5,6,25,18,58,750,1.0,R DES HALLES R DES DECHA,,,Plein jour,En agglomération,Intersection en X,Normale,Deux véhicules - côté,,,,,,,,,,,1,2,2,1,3
200500035383,0005-06-24 22:30:00,5,6,24,22,30,750,14.0,L7255 AV LUCIEN DESCAVES,,,Nuit avec éclairage allumé,En agglomération,Hors intersection,Normale,Sans collision,,,,,,,,,,,5,2,1,1,7
200500035384,0005-06-24 20:40:00,5,6,24,20,40,750,16.0,16 R BASSANO,,,Plein jour,En agglomération,Hors intersection,Normale,Deux véhicules - côté,,,,,,,,,,,1,2,1,1,3
200500035385,0005-06-24 09:05:00,5,6,24,9,5,750,16.0,36 AV IENA,,,Plein jour,En agglomération,Hors intersection,Normale,Deux véhicules - côté,,,,,,,,,,,1,2,1,1,3
200500035386,0005-06-24 19:15:00,5,6,24,19,15,750,1.0,224 R DE RIVOLI,,,Plein jour,En agglomération,Hors intersection,Normale,Autre collision,,,,,,,,,,,1,2,1,1,6
200500035387,0005-06-24 13:50:00,5,6,24,13,50,750,16.0,L7844 RTE DES LACS A PAS,,,Plein jour,En agglomération,Hors intersection,Normale,Autre collision,,,,,,,,,,,1,2,1,1,6
200500035388,0005-06-24 13:40:00,5,6,24,13,40,750,16.0,PL CHARLES DE GAULLE AV,,,Plein jour,En agglomération,Intersection en X,Normale,Deux véhicules - côté,,,,,,,,,,,1,2,2,1,3
200500035389,0005-06-24 18:00:00,5,6,24,18,0,750,16.0,SOUT VARSOVIE,,,Plein jour,En agglomération,Hors intersection,Normale,Deux véhicules - arrière,,,,,,,,,,,1,2,1,1,2
200500035390,0005-06-24 21:40:00,5,6,24,21,40,750,17.0,22 R BIOT,,,Nuit avec éclairage allumé,En agglomération,Hors intersection,Normale,Autre collision,,,,,,,,,,,5,2,1,1,6
200500035391,0005-06-24 20:58:00,5,6,24,20,58,750,19.0,R DE L OURCQ R ARCHEREAU,,,Crépuscule ou aube,En agglomération,Intersection en X,Normale,Deux véhicules - côté,,,,,,,,,,,2,2,2,1,3
200500035392,0005-06-24 08:40:00,5,6,24,8,40,750,19.0,17 QU DE LA GIRONDE,,,Plein jour,En agglomération,Hors intersection,Normale,Deux véhicules - côté,,,,,,,,,,,1,2,1,1,3
200500035393,0005-06-24 00:11:00,5,6,24,0,11,750,19.0,AV JEAN JAURES R DU HERA,,,Nuit avec éclairage allumé,En agglomération,Intersection en X,Normale,Deux véhicules - frontale,,,,,,,,,,,5,2,2,1,1
200500035394,0005-06-24 13:05:00,5,6,24,13,5,750,15.0,2 R DE LA CONVENTION,,,Plein jour,En agglomération,Hors intersection,Normale,Autre collision,,,,,,,,,,,1,2,1,1,6
200500035395,0005-06-24 12:15:00,5,6,24,12,15,750,15.0,86 R LECOURBE,,,Plein jour,En agglomération,Hors intersection,Normale,Autre collision,,,,,,,,,,,1,2,1,1,6
200500035396,0005-06-24 11:15:00,5,6,24,11,15,750,7.0,BD DES INVALIDES R DUROC,,,Plein jour,En agglomération,Intersection en X,Normale,Deux véhicules - côté,,,,,,,,,,,1,2,2,1,3
200500035397,0005-06-24 19:10:00,5,6,24,19,10,750,7.0,QU BRANLY PRT BOURDONNAI,,,Plein jour,En agglomération,Intersection en X,Normale,Deux véhicules - côté,,,,,,,,,,,1,2,2,1,3
200500035398,0005-06-24 09:13:00,5,6,24,9,13,750,8.0,68 R LA BOETIE,,,Plein jour,En agglomération,Hors intersection,Normale,Autre collision,,,,,,,,,,,1,2,1,1,6
200500035399,0005-06-24 15:35:00,5,6,24,15,35,750,8.0,L3884 VERD ALEXANDRE III,,,Plein jour,En agglomération,Hors intersection,Normale,Deux véhicules - côté,,,,,,,,,,,1,2,1,1,3
200500035400,0005-06-24 19:10:00,5,6,24,19,10,750,12.0,92 R DE PICPUS,,,Plein jour,En agglomération,Hors intersection,Normale,Autre collision,,,,,,,,,,,1,2,1,1,6
200500035401,0005-06-24 17:25:00,5,6,24,17,25,750,2.0,R DU LOUVRE R D ABOUKIR,,,Plein jour,En agglomération,Intersection en X,Normale,Deux véhicules - côté,,,,,,,,,,,1,2,2,1,3
200500035402,0005-06-29 10:20:00,5,6,29,10,20,750,2.0,BD DES CAPUCINES R DES C,,,Plein jour,En agglomération,Intersection à plus de 4 branches,Normale,Deux véhicules - côté,,,,,,,,,,,1,2,5,1,3
200500035403,0005-06-12 19:10:00,5,6,12,19,10,750,12.0,321 R DE CHARENTON,,,Plein jour,En agglomération,Hors intersection,Normale,Sans collision,,,,,,,,,,,1,2,1,1,7
200500035404,0005-06-12 13:45:00,5,6,12,13,45,750,19.0,6 R PAUL LAURENT,,,Plein jour,En agglomération,Hors intersection,Normale,Autre collision,,,,,,,,,,,1,2,1,1,6
200500035405,0005-06-08 16:15:00,5,6,8,16,15,750,19.0,PL PORTE DE PANTIN ECH P,,,Plein jour,En agglomération,Intersection en T,Normale,Trois véhicules et plus - en chaîne,,,,,,,,,,,1,2,3,1,4
200500035406,0005-06-08 17:45:00,5,6,8,17,45,750,20.0,BPI LILAS BAGNOLET,,,Plein jour,En agglomération,Hors intersection,Normale,Autre collision,,,,,,,,,,,1,2,1,1,6
200500035407,0005-06-09 13:50:00,5,6,9,13,50,750,17.0,AV PORTE D ASNIERES BD,,,Plein jour,En agglomération,Intersection en X,Normale,Deux véhicules - côté,,,,,,,,,,,1,2,2,1,3
200500035408,0005-06-11 20:40:00,5,6,11,20,40,750,20.0,BPE VINCENNES MONTREUIL,,,Plein jour,En agglomération,Hors intersection,Normale,Autre collision,,,,,,,,,,,1,2,1,1,6
200500035409,0005-06-11 13:53:00,5,6,11,13,53,750,15.0,R DE L EGLISE  R DE LOUR,,,Plein jour,En agglomération,Intersection en X,Normale,Autre collision,,,,,,,,,,,1,2,2,1,6
200500035410,0005-06-12 15:30:00,5,6,12,15,30,750,20.0,110 BD DE MENILMONTANT,,,Plein jour,En agglomération,Hors intersection,Normale,Deux véhicules - côté,,,,,,,,,,,1,2,1,1,3
200500035411,0005-06-11 20:30:00,5,6,11,20,30,750,20.0,AV PORTE BAGNOLET AV CAR,,,Nuit avec éclairage allumé,En agglomération,Intersection en Y,Normale,Deux véhicules - arrière,,,,,,,,,,,5,2,4,1,2
200500035412,0005-06-11 20:20:00,5,6,11,20,20,750,20.0,54 R PELLEPORT,,,Crépuscule ou aube,En agglomération,Hors intersection,Normale,Autre collision,,,,,,,,,,,2,2,1,1,6
200500035413,0005-06-11 12:05:00,5,6,11,12,5,750,20.0,R DES PYRENEES R D AVRON,,,Plein jour,En agglomération,Intersection en X,Normale,Autre collision,,,,,,,,,,,1,2,2,1,6
200500035414,0005-06-13 18:25:00,5,6,13,18,25,750,5.0,R DES ECOLES R DES CARME,,,Plein jour,En agglomération,Intersection en X,Normale,Autre collision,,,,,,,,,,,1,2,2,1,6
200500035415,0005-06-14 17:20:00,5,6,14,17,20,750,12.0,BPI ST MANDE DOREE,,,Plein jour,En agglomération,Hors intersection,Normale,Deux véhicules - côté,,,,,,,,,,,1,2,1,1,3
200500035416,0005-06-14 20:00:00,5,6,14,20,0,750,12.0,30 BD DE LA BASTILLE,,,Plein jour,En agglomération,Hors intersection,Normale,Deux véhicules - côté,,,,,,,,,,,1,2,1,1,3
200500035417,0005-06-14 18:40:00,5,6,14,18,40,750,20.0,PL MAQUIS VERCORS AV POR,,,Plein jour,En agglomération,Intersection en T,Normale,Trois véhicules et plus - en chaîne,,,,,,,,,,,1,2,3,1,4
200500035418,0005-06-14 14:55:00,5,6,14,14,55,750,20.0,AV PORTE BAGNOLET,,,Plein jour,En agglomération,Hors intersection,Normale,Deux véhicules - côté,,,,,,,,,,,1,2,1,1,3
200500035419,0005-06-15 15:00:00,5,6,15,15,0,750,15.0,18 R LEBLANC,,,Plein jour,En agglomération,Hors intersection,Pluie légère,Deux véhicules - côté,,,,,,,,,,,1,2,1,2,3
200500035420,0005-06-15 20:25:00,5,6,15,20,25,750,20.0,290 R DES PYRENEES,,,Plein jour,En agglomération,Hors intersection,Normale,Autre collision,,,,,,,,,,,1,2,1,1,6
200500035421,0005-06-16 06:03:00,5,6,16,6,3,750,17.0,BPI TERNES CHAMPERRET,,,Plein jour,En agglomération,Hors intersection,Normale,Autre collision,,,,,,,,,,,1,2,1,1,6
200500035422,0005-06-16 08:30:00,5,6,16,8,30,750,10.0,BD DE MAGENTA R FG SAINT,,,Plein jour,En agglomération,Intersection en X,Temps couvert,Autre collision,,,,,,,,,,,1,2,2,8,6
200500035423,0005-06-14 11:45:00,5,6,14,11,45,750,10.0,16 R ALEXANDRE PARODI,,,Plein jour,En agglomération,Hors intersection,Normale,Deux véhicules - côté,,,,,,,,,,,1,2,1,1,3
200500035424,0005-06-16 15:35:00,5,6,16,15,35,750,15.0,65 BD DE VAUGIRARD,,,Plein jour,En agglomération,Hors intersection,Normale,Autre collision,,,,,,,,,,,1,2,1,1,6
200500035425,0005-06-16 12:15:00,5,6,16,12,15,750,15.0,BD PASTEUR BD DE VAUGIRA,,,Plein jour,En agglomération,Intersection en T,Normale,Deux véhicules - côté,,,,,,,,,,,1,2,3,1,3
200500035426,0005-06-16 22:35:00,5,6,16,22,35,750,19.0,L5903 R BOTZARIS,,,Nuit avec éclairage allumé,En agglomération,Hors intersection,Normale,Autre collision,,,,,,,,,,,5,2,1,1,6
200500035427,0005-06-16 12:30:00,5,6,16,12,30,750,19.0,24 AV JEAN JAURES,,,Plein jour,En agglomération,Hors intersection,Normale,Deux véhicules - côté,,,,,,,,,,,1,2,1,1,3
200500035428,0005-06-16 22:46:00,5,6,16,22,46,750,20.0,R DE LA PLAINE R DE BUZE,,,Nuit avec éclairage allumé,En agglomération,Intersection en X,Normale,Deux véhicules - côté,,,,,,,,,,,5,2,2,1,3
200500035429,0005-06-16 16:00:00,5,6,16,16,0,750,17.0,2 PL PORTE MAILLOT,,,Plein jour,En agglomération,Hors intersection,Normale,Deux véhicules - côté,,,,,,,,,,,1,2,1,1,3
200500035430,0005-06-17 16:10:00,5,6,17,16,10,750,13.0,64 AV DES GOBELINS,,,Plein jour,En agglomération,Hors intersection,Normale,Trois véhicules et plus - en chaîne,,,,,,,,,,,1,2,1,1,4
200500035431,0005-06-17 14:30:00,5,6,17,14,30,750,1.0,L673  Q DES TUILERIES,,,Plein jour,En agglomération,Hors intersection,Normale,Sans collision,,,,,,,,,,,1,2,1,1,7
200500035432,0005-06-17 15:01:00,5,6,17,15,1,750,8.0,168 BD HAUSSMANN,,,Plein jour,En agglomération,Hors intersection,Normale,Deux véhicules - côté,,,,,,,,,,,1,2,1,1,3
200500035433,0005-06-17 19:00:00,5,6,17,19,0,750,8.0,46 R D AMSTERDAM,,,Plein jour,En agglomération,Hors intersection,Normale,Autre collision,,,,,,,,,,,1,2,1,1,6
200500035434,0005-06-17 17:00:00,5,6,17,17,0,750,6.0,98 R N D DES CHAMPS,,,Plein jour,En agglomération,Hors intersection,Normale,Autre collision,,,,,,,,,,,1,2,1,1,6
200500035435,0005-06-17 08:20:00,5,6,17,8,20,750,10.0,194 R FG ST DENIS,,,Plein jour,En agglomération,Hors intersection,Normale,Autre collision,,,,,,,,,,,1,2,1,1,6
200500035436,0005-06-17 10:50:00,5,6,17,10,50,750,15.0,R LA CONVENTION R EUGENE,,,Plein jour,En agglomération,Intersection en X,Normale,Autre collision,,,,,,,,,,,1,2,2,1,6
200500035437,0005-06-17 10:10:00,5,6,17,10,10,750,17.0,AV LA GRANDE ARMEE PL PT,,,Plein jour,En agglomération,Intersection en X,Normale,Deux véhicules - côté,,,,,,,,,,,1,2,2,1,3
200500035438,0005-06-17 00:05:00,5,6,17,0,5,750,19.0,R SIGMOND FREUND AV PTE,,,Nuit avec éclairage allumé,En agglomération,Intersection en X,Normale,Deux véhicules - côté,,,,,,,,,,,5,2,2,1,3
200500035439,0005-06-18 20:30:00,5,6,18,20,30,750,1.0,R DE RIVOLI R DU LOUVRE,,,Plein jour,En agglomération,Intersection en T,Normale,Deux véhicules - côté,,,,,,,,,,,1,2,3,1,3