accident_id,datetime,annee,mois,jour,heure,minute,departement,commune_insee,adresse,latitude,longitude,luminosite,agglomeration,intersection,meteo,collision,nb_vehicules,nb_usagers,nb_indemnes,nb_tues,nb_blesses_hosp,nb_blesses_legers,age_cond_1,age_cond_2,veh_type_cond_1,veh_type_cond_2,lum_code,agg_code,int_code,atm_code,col_code
200500035440,0005-06-18 19:50:00,5,6,18,19,50,750,4.0,PL DE LA BASTILLE BD BOU,,,Plein jour,En agglomération,Intersection en T,Normale,Deux véhicules - côté,,,,,,,,,,,1,2,3,1,3
200500035441,0005-06-18 20:41:00,5,6,18,20,41,750,6.0,6 PL SAINT SULPICE,,,Plein jour,En agglomération,Hors intersection,Normale,Autre collision,,,,,,,,,,,1,2,1,1,6
200500035442,0005-06-18 14:30:00,5,6,18,14,30,750,8.0,R RIGNY PL SAINT AUGUSTI,,,Plein jour,En agglomération,Intersection en T,Normale,Autre collision,,,,,,,,,,,1,2,3,1,6
200500035443,0005-06-18 02:20:00,5,6,18,2,20,750,10.0,12 PL DE LA REPUBLIQUE,,,Nuit avec éclairage allumé,En agglomération,Hors intersection,Normale,Autre collision,,,,,,,,,,,5,2,1,1,6
200500035444,0005-06-18 13:00:00,5,6,18,13,0,750,17.0,AV DE CLICHY R CLAIRAUT,,,Plein jour,En agglomération,Intersection en T,Normale,Deux véhicules - côté,,,,,,,,,,,1,2,3,1,3
200500035445,0005-06-18 11:10:00,5,6,18,11,10,750,17.0,BD MALESHERBES R NICOLAS,,,Plein jour,En agglomération,Intersection en T,Normale,Deux véhicules - côté,,,,,,,,,,,1,2,3,1,3
200500035446,0005-06-18 21:25:00,5,6,18,21,25,750,17.0,10 AV DES TERNES,,,Crépuscule ou aube,En agglomération,Hors intersection,Normale,Deux véhicules - côté,,,,,,,,,,,2,2,1,1,3
200500035447,0005-06-18 11:15:00,5,6,18,11,15,750,19.0,BD MACDONALD AV P AUBERV,,,Plein jour,En agglomération,Intersection en X,Normale,Autre collision,,,,,,,,,,,1,2,2,1,6
200500035448,0005-06-19 18:45:00,5,6,19,18,45,750,7.0,AV DE LOWENDAL BD LA TOU,,,Plein jour,En agglomération,Intersection en X,Normale,Deux véhicules - côté,,,,,,,,,,,1,2,2,1,3
200500035449,0005-06-19 15:30:00,5,6,19,15,30,750,8.0,12 AV HOCHE,,,Plein jour,En agglomération,Hors intersection,Normale,Autre collision,,,,,,,,,,,1,2,1,1,6
200500035450,0005-06-19 12:00:00,5,6,19,12,0,750,11.0,BD VOLTAIRE R GOBERT,,,Plein jour,En agglomération,Intersection en T,Normale,Deux véhicules - côté,,,,,,,,,,,1,2,3,1,3
200500035451,0005-06-19 23:00:00,5,6,19,23,0,750,15.0,Q ISSY MOULINEAUX R PEGO,,,Nuit avec éclairage allumé,En agglomération,Intersection en Y,Normale,Trois véhicules et plus - en chaîne,,,,,,,,,,,5,2,4,1,4
200500035452,0005-06-19 10:15:00,5,6,19,10,15,750,15.0,R MADEMOISELLE R JOSEPH,,,Plein jour,En agglomération,Intersection en X,Normale,Deux véhicules - côté,,,,,,,,,,,1,2,2,1,3
200500035453,0005-06-19 22:35:00,5,6,19,22,35,750,17.0,16 AV MAC MAHON,,,Nuit avec éclairage allumé,En agglomération,Hors intersection,Normale,Autre collision,,,,,,,,,,,5,2,1,1,6
200500035454,0005-06-19 15:32:00,5,6,19,15,32,750,6.0,R DU FOUR R DE RENNES,,,Plein jour,En agglomération,Intersection en X,Normale,Autre collision,,,,,,,,,,,1,2,2,1,6
200500035455,0005-06-19 17:00:00,5,6,19,17,0,750,19.0,AV CORENTIN CARIOU BD MA,,,Plein jour,En agglomération,Intersection en X,Normale,Deux véhicules - côté,,,,,,,,,,,1,2,2,1,3
200500035456,0005-06-19 21:58:00,5,6,19,21,58,750,20.0,R DE TOURTILLE R DE BELL,,,Nuit avec éclairage allumé,En agglomération,Intersection en T,Normale,Autre collision,,,,,,,,,,,5,2,3,1,6
200500035457,0005-06-19 09:00:00,5,6,19,9,0,750,20.0,26 R DU VOLGA,,,Plein jour,En agglomération,Hors intersection,Normale,Autre collision,,,,,,,,,,,1,2,1,1,6
200500035458,0005-06-19 08:35:00,5,6,19,8,35,750,20.0,R DE BELLEVILLE R F LEMA,,,Plein jour,En agglomération,Intersection en T,Normale,Deux véhicules - côté,,,,,,,,,,,1,2,3,1,3
200500035459,0005-06-20 14:45:00,5,6,20,14,45,750,3.0,R DE TURBIGO R BORDA,,,Plein jour,En agglomération,Intersection en X,Normale,Deux véhicules - côté,,,,,,,,,,,1,2,2,1,3
200500035460,0005-06-20 10:50:00,5,6,20,10,50,750,7.0,AV DE SEGUR R BIXIO,,,Plein jour,En agglomération,Intersection en Y,Normale,Deux véhicules - côté,,,,,,,,,,,1,2,4,1,3
200500035461,0005-06-20 09:15:00,5,6,20,9,15,750,10.0,268 R FG SAINT MARTIN,,,Plein jour,En agglomération,Hors intersection,Normale,Deux véhicules - côté,,,,,,,,,,,1,2,1,1,3
200500035462,0005-06-20 17:15:00,5,6,20,17,15,750,10.0,BD SAINT MARTIN PL DE LA,,,Plein jour,En agglomération,Intersection en T,Normale,Autre collision,,,,,,,,,,,1,2,3,1,6
200500035463,0005-06-20 17:20:00,5,6,20,17,20,750,12.0,AV DAUSMESNIL RTE  DE LA,,,Plein jour,En agglomération,Intersection en X,Normale,Autre collision,,,,,,,,,,,1,2,2,1,6
200500035464,0005-06-20 16:30:00,5,6,20,16,30,750,14.0,L2867 BD ROMAIN ROLLAND,,,Plein jour,En agglomération,Hors intersection,Normale,Deux véhicules - arrière,,,,,,,,,,,1,2,1,1,2
200500035465,0005-06-20 21:25:00,5,6,20,21,25,750,15.0,R ORADOUR S/ GLANE AV ER,,,Nuit avec éclairage allumé,En agglomération,Intersection en X,Normale,Deux véhicules - côté,,,,,,,,,,,5,2,2,1,3
200500035466,0005-06-20 15:55:00,5,6,20,15,55,750,16.0,96 AV PAUL DOUMER,,,Plein jour,En agglomération,Hors intersection,Normale,Autre collision,,,,,,,,,,,1,2,1,1,6
200500035467,0005-06-20 07:40:00,5,6,20,7,40,750,17.0,BD GOUVION ST CYR R BELI,,,Plein jour,En agglomération,Intersection en Y,Normale,Deux véhicules - côté,,,,,,,,,,,1,2,4,1,3
200500035468,0005-06-20 10:23:00,5,6,20,10,23,750,19.0,AV SIMON BOLIVAR AV MATH,,,Plein jour,En agglomération,Intersection en X,Normale,Deux véhicules - côté,,,,,,,,,,,1,2,2,1,3
200500035469,0005-06-20 18:30:00,5,6,20,18,30,750,19.0,L8190 PL PORTE DE PANTIN,,,Plein jour,En agglomération,Hors intersection,Normale,Deux véhicules - côté,,,,,,,,,,,1,2,1,1,3
200500035470,0005-06-20 09:10:00,5,6,20,9,10,750,20.0,BD MORTIER R DULAURE,,,Plein jour,En agglomération,Intersection en T,Normale,Deux véhicules - côté,,,,,,,,,,,1,2,3,1,3
200500035471,0005-06-03 11:15:00,5,6,3,11,15,750,17.0,AV PORTE DE CLICHY ECH C,,,Plein jour,En agglomération,Intersection en T,Normale,Autre collision,,,,,,,,,,,1,2,3,1,6
200500035472,0005-06-21 16:25:00,5,6,21,16,25,750,4.0,R MORNAY R CRILLON,,,Plein jour,En agglomération,Intersection en X,Normale,Deux véhicules - côté,,,,,,,,,,,1,2,2,1,3
200500035473,0005-06-21 17:38:00,5,6,21,17,38,750,8.0,46 AV  CHAMPS ELYSEES,,,Plein jour,En agglomération,Hors intersection,Normale,Deux véhicules - arrière,,,,,,,,,,,1,2,1,1,2
200500035474,0005-06-21 09:07:00,5,6,21,9,7,750,8.0,L3110 AV DES CHAMPS ELYS,,,Plein jour,En agglomération,Hors intersection,Normale,Deux véhicules - arrière,,,,,,,,,,,1,2,1,1,2
200500035475,0005-06-21 12:40:00,5,6,21,12,40,750,10.0,52 R FBG SAINT MARTIN,,,Plein jour,En agglomération,Hors intersection,Normale,Autre collision,,,,,,,,,,,1,2,1,1,6
200500035476,0005-06-21 18:15:00,5,6,21,18,15,750,10.0,6 R BOY ZELENSKI,,,Plein jour,En agglomération,Hors intersection,Normale,Autre collision,,,,,,,,,,,1,2,1,1,6
200500035477,0005-06-21 22:05:00,5,6,21,22,5,750,10.0,R FBG ST MARTIN R DU CHA,,,Nuit avec éclairage allumé,En agglomération,Intersection en X,Normale,Deux véhicules - côté,,,,,,,,,,,5,2,2,1,3
200500035478,0005-06-21 14:50:00,5,6,21,14,50,750,12.0,76 R DE PICPUS,,,Plein jour,En agglomération,Hors intersection,Normale,Autre collision,,,,,,,,,,,1,2,1,1,6
200500035479,0005-06-21 18:25:00,5,6,21,18,25,750,13.0,140 BD DE L HOPITAL,,,Plein jour,En agglomération,Hors intersection,Normale,Deux véhicules - côté,,,,,,,,,,,1,2,1,1,3
200500035480,0005-06-21 07:50:00,5,6,21,7,50,750,14.0,AV GENERAL LECLERC R MOU,,,Plein jour,En agglomération,Intersection en X,Normale,Deux véhicules - arrière,,,,,,,,,,,1,2,2,1,2
200500035481,0005-06-21 23:00:00,5,6,21,23,0,750,14.0,82 AV MAINE,,,Nuit avec éclairage allumé,En agglomération,Hors intersection,Normale,Deux véhicules - côté,,,,,,,,,,,5,2,1,1,3
200500035482,0005-06-21 15:30:00,5,6,21,15,30,750,13.0,166 BD MASSENA,,,Plein jour,En agglomération,Hors intersection,Normale,Autre collision,,,,,,,,,,,1,2,1,1,6
200500035483,0005-06-21 10:30:00,5,6,21,10,30,750,15.0,BD GRENELLE R VIOLET,,,Plein jour,En agglomération,Intersection en X,Normale,Autre collision,,,,,,,,,,,1,2,2,1,6
200500035484,0005-06-21 19:50:00,5,6,21,19,50,750,15.0,R G BOISSIER BD LEFEBVRE,,,Plein jour,En agglomération,Intersection en X,Normale,Deux véhicules - côté,,,,,,,,,,,1,2,2,1,3
200500035485,0005-06-21 18:50:00,5,6,21,18,50,750,16.0,126 AV MOZART,,,Plein jour,En agglomération,Hors intersection,Normale,Deux véhicules - côté,,,,,,,,,,,1,2,1,1,3
200500035486,0005-06-21 19:45:00,5,6,21,19,45,750,16.0,L12911 RTE DES TRIBUNES,,,Plein jour,En agglomération,Hors intersection,Normale,Sans collision,,,,,,,,,,,1,2,1,1,7
200500035487,0005-06-21 13:10:00,5,6,21,13,10,750,16.0,R NUNGESSER ET COLI AV P,,,Plein jour,En agglomération,Intersection en X,Normale,Deux véhicules - côté,,,,,,,,,,,1,2,2,1,3
200500035488,0005-06-21 09:45:00,5,6,21,9,45,750,17.0,AV CLICHY R LA CONDAMINE,,,Plein jour,En agglomération,Intersection en X,Normale,Deux véhicules - côté,,,,,,,,,,,1,2,2,1,3
200500035489,0005-06-21 07:52:00,5,6,21,7,52,750,17.0,174 BD MALESHERBES,,,Plein jour,En agglomération,Hors intersection,Normale,Deux véhicules - arrière,,,,,,,,,,,1,2,1,1,2
200500035490,0005-06-21 09:10:00,5,6,21,9,10,750,17.0,86 BD PEREIRE,,,Plein jour,En agglomération,Hors intersection,Normale,Deux véhicules - arrière,,,,,,,,,,,1,2,1,1,2
200500035491,0005-06-21 19:55:00,5,6,21,19,55,750,18.0,R ORDENER R DU RUISSEAU,,,Plein jour,En agglomération,Intersection en X,Normale,Deux véhicules - côté,,,,,,,,,,,1,2,2,1,3
200500035492,0005-06-21 12:20:00,5,6,21,12,20,750,18.0,1 BD ORNANO,,,Plein jour,En agglomération,Hors intersection,Normale,Autre collision,,,,,,,,,,,1,2,1,1,6
200500035493,0005-06-21 23:05:00,5,6,21,23,5,750,19.0,75 AV DE FLANDRE,,,Nuit avec éclairage allumé,En agglomération,Hors intersection,Normale,Deux véhicules - côté,,,,,,,,,,,5,2,1,1,3
200500035494,0005-06-21 14:20:00,5,6,21,14,20,750,19.0,R DE L OURCQ R DE LA MAR,,,Plein jour,En agglomération,Intersection en X,Normale,Deux véhicules - côté,,,,,,,,,,,1,2,2,1,3
200500035495,0005-06-21 11:30:00,5,6,21,11,30,750,19.0,R PETIT R DANJON,,,Plein jour,En agglomération,Intersection en X,Normale,Autre collision,,,,,,,,,,,1,2,2,1,6
200500035496,0005-06-21 09:10:00,5,6,21,9,10,750,19.0,98 AV SIMON BOLIVAR,,,Plein jour,En agglomération,Hors intersection,Normale,Autre collision,,,,,,,,,,,1,2,1,1,6
200500035497,0005-06-21 15:19:00,5,6,21,15,19,750,20.0,R DE LAGNY BD DAVOUT,,,Plein jour,En agglomération,Intersection en X,Normale,Deux véhicules - côté,,,,,,,,,,,1,2,2,1,3
200500035498,0005-06-21 17:20:00,5,6,21,17,20,750,20.0,112 BD DAVOUT,,,Plein jour,En agglomération,Hors intersection,Normale,Autre collision,,,,,,,,,,,1,2,1,1,6
200500035499,0005-06-21 19:15:00,5,6,21,19,15,750,20.0,60 R JULIEN LACROIX,,,Plein jour,En agglomération,Hors intersection,Normale,Autre collision,,,,,,,,,,,1,2,1,1,6
200500035500,0005-06-21 08:45:00,5,6,21,8,45,750,20.0,108 R DES PYRENEES,,,Plein jour,En agglomération,Hors intersection,Normale,Deux véhicules - côté,,,,,,,,,,,1,2,1,1,3
200500035501,0005-06-21 15:30:00,5,6,21,15,30,750,18.0,BPE CLIGNANCOURT ST OUEN,,,Plein jour,En agglomération,Hors intersection,Normale,Trois véhicules et plus - en chaîne,,,,,,,,,,,1,2,1,1,4
200500035502,0005-06-22 01:40:00,5,6,22,1,40,750,1.0,179 R DE RIVOLI,,,Nuit avec éclairage allumé,En agglomération,Hors intersection,Normale,Autre collision,,,,,,,,,,,5,2,1,1,6
200500035503,0005-06-21 23:50:00,5,6,21,23,50,750,1.0,154 R DE RIVOLI,,,Plein jour,En agglomération,Hors intersection,Normale,Autre collision,,,,,,,,,,,1,2,1,1,6
200500035504,0005-06-22 11:30:00,5,6,22,11,30,750,2.0,R DE TURBIGO R ETIENNE M,,,Plein jour,En agglomération,Intersection en X,Normale,Deux véhicules - arrière,,,,,,,,,,,1,2,2,1,2
200500035505,0005-06-22 02:55:00,5,6,22,2,55,750,8.0,AV CHAMPS ELYSEES AV GEO,,,Nuit avec éclairage allumé,En agglomération,Intersection en Y,Normale,Deux véhicules - côté,,,,,,,,,,,5,2,4,1,3
200500035506,0005-06-22 01:10:00,5,6,22,1,10,750,3.0,R DU TEMPLE PL DE LA REP,,,Plein jour,En agglomération,Intersection en T,Normale,Deux véhicules - côté,,,,,,,,,,,1,2,3,1,3
200500035507,0005-06-22 08:00:00,5,6,22,8,0,750,6.0,Q GRANDS AUGUSTINS PT NE,,,Plein jour,En agglomération,Intersection en X,Normale,Deux véhicules - côté,,,,,,,,,,,1,2,2,1,3
200500035508,0005-06-24 08:40:00,5,6,24,8,40,750,16.0,BPI MUETTE DAUPHINE,,,Plein jour,En agglomération,Hors intersection,Normale,Deux véhicules - arrière,,,,,,,,,,,1,2,1,1,2
200500035509,0005-06-24 19:08:00,5,6,24,19,8,750,12.0,BPI CHARENTON BERCY,,,Plein jour,En agglomération,Hors intersection,Normale,Deux véhicules - arrière,,,,,,,,,,,1,2,1,1,2
200500035510,0005-06-22 16:45:00,5,6,22,16,45,750,7.0,L3246 Q D ORSAY,,,Plein jour,En agglomération,Hors intersection,Normale,Deux véhicules - arrière,,,,,,,,,,,1,2,1,1,2
200500035511,0005-06-22 14:55:00,5,6,22,14,55,750,8.0,50 R DE ROME,,,Plein jour,En agglomération,Hors intersection,Normale,Deux véhicules - côté,,,,,,,,,,,1,2,1,1,3
200500035512,0005-06-22 04:33:00,5,6,22,4,33,750,8.0,56 AV DES CHAMPS ELYSEES,,,Nuit avec éclairage allumé,En agglomération,Hors intersection,Normale,Autre collision,,,,,,,,,,,5,2,1,1,6
200500035513,0005-06-22 19:55:00,5,6,22,19,55,750,8.0,4 AV GEORGE V,,,Plein jour,En agglomération,Hors intersection,Normale,Deux véhicules - côté,,,,,,,,,,,1,2,1,1,3
200500035514,0005-06-22 00:50:00,5,6,22,0,50,750,10.0,216 R FG SAINT DENIS,,,Nuit avec éclairage allumé,En agglomération,Hors intersection,Normale,Sans collision,,,,,,,,,,,5,2,1,1,7
200500035515,0005-06-22 09:30:00,5,6,22,9,30,750,13.0,ECH GENTILLY AV PIERRE C,,,Plein jour,En agglomération,Intersection en T,Normale,Deux véhicules - côté,,,,,,,,,,,1,2,3,1,3
200500035516,0005-06-22 04:10:00,5,6,22,4,10,750,13.0,AV D ITALIE R TAGORE,,,Nuit avec éclairage allumé,En agglomération,Intersection en T,Normale,Deux véhicules - arrière,,,,,,,,,,,5,2,3,1,2
200500035517,0005-06-22 08:45:00,5,6,22,8,45,750,15.0,AV PTE DE LA PLAINE BD L,,,Plein jour,En agglomération,Intersection en X,Normale,Deux véhicules - côté,,,,,,,,,,,1,2,2,1,3
200500035518,0005-06-22 20:30:00,5,6,22,20,30,750,15.0,Q BRANLY R JEAN REY,,,Plein jour,En agglomération,Intersection en Y,Normale,Deux véhicules - côté,,,,,,,,,,,1,2,4,1,3
200500035519,0005-06-22 10:28:00,5,6,22,10,28,750,16.0,BD LANNES AV CHANTEMESSE,,,Plein jour,En agglomération,Intersection en T,Normale,Autre collision,,,,,,,,,,,1,2,3,1,6
200500035520,0005-06-22 17:00:00,5,6,22,17,0,750,16.0,6 AV INGRES,,,Plein jour,En agglomération,Hors intersection,Normale,Sans collision,,,,,,,,,,,1,2,1,1,7
200500035521,0005-06-22 03:40:00,5,6,22,3,40,750,16.0,ECH MAILLOT PL PORTE MAI,,,Plein jour,En agglomération,Intersection en X,Normale,Deux véhicules - côté,,,,,,,,,,,1,2,2,1,3
200500035522,0005-06-22 20:30:00,5,6,22,20,30,750,19.0,BD SERURIER PAS DES MAUX,,,Crépuscule ou aube,En agglomération,Intersection en T,Normale,Autre collision,,,,,,,,,,,2,2,3,1,6
200500035523,0005-06-22 02:00:00,5,6,22,2,0,750,19.0,218 R D AUBERVILLIERS,,,Nuit avec éclairage allumé,En agglomération,Hors intersection,Normale,Autre collision,,,,,,,,,,,5,2,1,1,6
200500035524,0005-06-22 18:40:00,5,6,22,18,40,750,20.0,R BELGRAND R DU CHER,,,Plein jour,En agglomération,Intersection en Y,Normale,Deux véhicules - côté,,,,,,,,,,,1,2,4,1,3
200500035525,0005-06-23 10:14:00,5,6,23,10,14,750,6.0,22 R DAUPHINE,,,Plein jour,En agglomération,Hors intersection,Normale,Autre collision,,,,,,,,,,,1,2,1,1,6
200500035526,0005-06-02 09:30:00,5,6,2,9,30,750,19.0,BPE PANTIN VILLETTE,,,Plein jour,En agglomération,Hors intersection,Normale,Sans collision,,,,,,,,,,,1,2,1,1,7
200500035527,0005-06-03 09:10:00,5,6,3,9,10,750,12.0,BPI CHARENTON BERCY,,,Plein jour,En agglomération,Hors intersection,Normale,Deux véhicules - côté,,,,,,,,,,,1,2,1,1,3
200500035528,0005-06-03 20:05:00,5,6,3,20,5,750,15.0,BPE ISSY LES MLX SEVRES,,,Plein jour,En agglomération,Hors intersection,Normale,Trois véhicules et plus - en chaîne,,,,,,,,,,,1,2,1,1,4
200500035529,0005-06-04 23:45:00,5,6,4,23,45,750,16.0,BPI AUTEUIL PASSY,,,Nuit avec éclairage allumé,En agglomération,Hors intersection,Normale,Sans collision,,,,,,,,,,,5,2,1,1,7
200500035530,0005-06-12 10:48:00,5,6,12,10,48,750,12.0,AV DAUMESNIL ESP ST LOUI,,,Plein jour,En agglomération,Intersection en T,Normale,Deux véhicules - côté,,,,,,,,,,,1,2,3,1,3
200500035531,0005-06-16 17:35:00,5,6,16,17,35,750,12.0,L12077 Q DE LA RAPEE,,,Plein jour,En agglomération,Hors intersection,Normale,Sans collision,,,,,,,,,,,1,2,1,1,7
200500035532,0005-06-14 17:45:00,5,6,14,17,45,750,16.0,BPE MOLITOR SAINT CLOUD,,,Plein jour,En agglomération,Hors intersection,Normale,Trois véhicules et plus - en chaîne,,,,,,,,,,,1,2,1,1,4
200500035533,0005-06-17 19:15:00,5,6,17,19,15,750,12.0,46 R FBG SAINT ANTOINE,,,Plein jour,En agglomération,Hors intersection,Normale,Deux véhicules - arrière,,,,,,,,,,,1,2,1,1,2
200500035534,0005-06-17 12:53:00,5,6,17,12,53,750,16.0,BPI DAUPHINE MAILLOT,,,Plein jour,En agglomération,Hors intersection,Normale,Trois véhicules et plus - en chaîne,,,,,,,,,,,1,2,1,1,4
200500035535,0005-06-18 15:10:00,5,6,18,15,10,750,12.0,R DE CHALON R HECTOR MAL,,,Plein jour,En agglomération,Intersection en T,Normale,Autre collision,,,,,,,,,,,1,2,3,1,6
200500035536,0005-06-23 08:55:00,5,6,23,8,55,750,14.0,BPI VANVES BRANCION,,,Plein jour,En agglomération,Hors intersection,Normale,Deux véhicules - côté,,,,,,,,,,,1,2,1,1,3
200500035537,0005-06-23 20:45:00,5,6,23,20,45,750,7.0,R DU  BAC R DE L UNIVERS,,,Plein jour,En agglomération,Intersection en X,Normale,Autre collision,,,,,,,,,,,1,2,2,1,6
200500035538,0005-06-23 13:15:00,5,6,23,13,15,750,8.0,68 BD DE COURCELLES,,,Plein jour,En agglomération,Hors intersection,Normale,Autre collision,,,,,,,,,,,1,2,1,1,6
200500035539,0005-06-23 08:20:00,5,6,23,8,20,750,8.0,AV FRIEDLAND R LAMENNAIS,,,Plein jour,En agglomération,Intersection en X,Normale,Sans collision,,,,,,,,,,,1,2,2,1,7
200500035540,0005-06-23 18:10:00,5,6,23,18,10,750,11.0,194 R DE LA ROQUETTE,,,Plein jour,En agglomération,Hors intersection,Pluie légère,Deux véhicules - arrière,,,,,,,,,,,1,2,1,2,2
200500035541,0005-06-23 18:25:00,5,6,23,18,25,750,12.0,AV DU TRONE BD DE PICPUS,,,Plein jour,En agglomération,Intersection en X,Pluie légère,Deux véhicules - arrière,,,,,,,,,,,1,2,2,2,2
200500035542,0005-06-23 15:41:00,5,6,23,15,41,750,13.0,112 BD DE L HOPITAL,,,Plein jour,En agglomération,Hors intersection,Normale,Deux véhicules - côté,,,,,,,,,,,1,2,1,1,3
200500035543,0005-06-23 13:30:00,5,6,23,13,30,750,13.0,104 R DE TOLBIAC,,,Plein jour,En agglomération,Hors intersection,Normale,Deux véhicules - côté,,,,,,,,,,,1,2,1,1,3
200500035544,0005-06-23 13:45:00,5,6,23,13,45,750,13.0,R BOBILLOT R DE TOLBIAC,,,Plein jour,En agglomération,Intersection en X,Normale,Deux véhicules - côté,,,,,,,,,,,1,2,2,1,3
200500035545,0005-06-23 10:50:00,5,6,23,10,50,750,16.0,52 R RAYNOUARD,,,Plein jour,En agglomération,Hors intersection,Normale,Deux véhicules - côté,,,,,,,,,,,1,2,1,1,3
200500035546,0005-06-23 18:57:00,5,6,23,18,57,750,16.0,PO MIRABEAU QU LOUIS BLE,,,Plein jour,En agglomération,Intersection en X,Pluie forte,Deux véhicules - côté,,,,,,,,,,,1,2,2,3,3
200500035547,0005-06-23 18:00:00,5,6,23,18,0,750,18.0,48 R STEPHENSON,,,Plein jour,En agglomération,Hors intersection,Pluie légère,Autre collision,,,,,,,,,,,1,2,1,2,6
200500035548,0005-06-23 17:30:00,5,6,23,17,30,750,18.0,R ORDENER R HERMEL,,,Plein jour,En agglomération,Intersection en X,Pluie forte,Autre collision,,,,,,,,,,,1,2,2,3,6
200500035549,0005-06-24 16:45:00,5,6,24,16,45,750,2.0,54 R D ABOUKIR,,,Plein jour,En agglomération,Hors intersection,Normale,Autre collision,,,,,,,,,,,1,2,1,1,6
200500035550,0005-06-24 11:20:00,5,6,24,11,20,750,9.0,24 R FBG POISSONNIERE,,,Plein jour,En agglomération,Hors intersection,Normale,Deux véhicules - côté,,,,,,,,,,,1,2,1,1,3
200500035551,0005-06-24 19:15:00,5,6,24,19,15,750,9.0,R HALEVY R GLUCK,,,Plein jour,En agglomération,Intersection en X,Normale,Trois véhicules et plus - en chaîne,,,,,,,,,,,1,2,2,1,4
200500035552,0005-06-24 16:40:00,5,6,24,16,40,750,12.0,256 AV DAUMESNIL,,,Plein jour,En agglomération,Hors intersection,Normale,Autre collision,,,,,,,,,,,1,2,1,1,6
200500035553,0005-06-24 20:50:00,5,6,24,20,50,750,12.0,AV EMILE LAURENT AV MAUR,,,Plein jour,En agglomération,Intersection en X,Normale,Deux véhicules - côté,,,,,,,,,,,1,2,2,1,3
200500035554,0005-06-24 23:55:00,5,6,24,23,55,750,14.0,BPI ORLEANS CHATILLON,,,Nuit avec éclairage allumé,En agglomération,Hors intersection,Pluie légère,Deux véhicules - côté,,,,,,,,,,,5,2,1,2,3
200500035555,0005-06-24 07:50:00,5,6,24,7,50,750,20.0,BPI LILAS BAGNOLET,,,Plein jour,En agglomération,Hors intersection,Normale,Deux véhicules - côté,,,,,,,,,,,1,2,1,1,3
200500035556,0005-06-24 08:45:00,5,6,24,8,45,750,20.0,38 AV GAMBETTA,,,Plein jour,En agglomération,Hors intersection,Normale,Deux véhicules - côté,,,,,,,,,,,1,2,1,1,3
200500035557,0005-06-24 19:27:00,5,6,24,19,27,750,20.0,2 BD DAVOUT,,,Plein jour,En agglomération,Hors intersection,Normale,Autre collision,,,,,,,,,,,1,2,1,1,6
200500035558,0005-06-24 18:00:00,5,6,24,18,0,750,20.0,54 R BELGRAND,,,Plein jour,En agglomération,Hors intersection,Normale,Sans collision,,,,,,,,,,,1,2,1,1,7
200500035559,0005-06-25 23:35:00,5,6,25,23,35,750,2.0,R FAVART BD DES ITALIENS,,,Nuit avec éclairage allumé,En agglomération,Intersection en X,Pluie légère,Deux véhicules - côté,,,,,,,,,,,5,2,2,2,3
200500035560,0005-06-25 17:00:00,5,6,25,17,0,750,6.0,R DU FOUR R BONAPARTE,,,Plein jour,En agglomération,Intersection en X,Normale,Autre collision,,,,,,,,,,,1,2,2,1,6
200500035561,0005-06-25 11:20:00,5,6,25,11,20,750,6.0,R SAINT SULPICE R DE TOU,,,Plein jour,En agglomération,Intersection en X,Normale,Deux véhicules - côté,,,,,,,,,,,1,2,2,1,3
200500035562,0005-06-25 16:10:00,5,6,25,16,10,750,8.0,R BALZAC R BEAUJON,,,Plein jour,En agglomération,Intersection en X,Normale,Deux véhicules - côté,,,,,,,,,,,1,2,2,1,3
200500035563,0005-06-25 09:40:00,5,6,25,9,40,750,8.0,23 AV FRANKLIN ROOSEVELT,,,Plein jour,En agglomération,Hors intersection,Normale,Autre collision,,,,,,,,,,,1,2,1,1,6
200500035564,0005-06-25 02:05:00,5,6,25,2,5,750,10.0,121 QU DE VALMY,,,Nuit avec éclairage allumé,En agglomération,Hors intersection,Pluie légère,Autre collision,,,,,,,,,,,5,2,1,2,6
200500035565,0005-06-25 16:15:00,5,6,25,16,15,750,12.0,11 AV DU GENERAL LAPERRI,,,Plein jour,En agglomération,Hors intersection,Normale,Autre collision,,,,,,,,,,,1,2,1,1,6
200500035566,0005-06-25 20:45:00,5,6,25,20,45,750,12.0,48 R DU FAUBOURG SAINT A,,,Plein jour,En agglomération,Hors intersection,Normale,Deux véhicules - arrière,,,,,,,,,,,1,2,1,1,2
200500035567,0005-06-25 13:20:00,5,6,25,13,20,750,15.0,38 BD DU MONTPARNASSE,,,Plein jour,En agglomération,Hors intersection,Normale,Autre collision,,,,,,,,,,,1,2,1,1,6
200500035568,0005-06-25 18:40:00,5,6,25,18,40,750,16.0,AV DE VERSAILLES R BOILE,,,Plein jour,En agglomération,Intersection en T,Normale,Deux véhicules - côté,,,,,,,,,,,1,2,3,1,3
200500035569,0005-06-25 09:35:00,5,6,25,9,35,750,16.0,VERD GARIGLIANO MIRABEAU,,,Plein jour,En agglomération,Hors intersection,Normale,Sans collision,,,,,,,,,,,1,2,1,1,7
200500035570,0005-06-25 09:25:00,5,6,25,9,25,750,16.0,30 AV FOCH,,,Plein jour,En agglomération,Hors intersection,Normale,Deux véhicules - frontale,,,,,,,,,,,1,2,1,1,1
200500035571,0005-06-25 20:35:00,5,6,25,20,35,750,16.0,PL DU COSTA RICA BD DELE,,,Plein jour,En agglomération,Intersection en T,Normale,Sans collision,,,,,,,,,,,1,2,3,1,7
200500035572,0005-06-25 15:22:00,5,6,25,15,22,750,17.0,11 BD PERSHING,,,Plein jour,En agglomération,Hors intersection,Normale,Deux véhicules - arrière,,,,,,,,,,,1,2,1,1,2