accident_id,datetime,annee,mois,jour,heure,minute,departement,commune_insee,adresse,latitude,longitude,luminosite,agglomeration,intersection,meteo,collision,nb_vehicules,nb_usagers,nb_indemnes,nb_tues,nb_blesses_hosp,nb_blesses_legers,age_cond_1,age_cond_2,veh_type_cond_1,veh_type_cond_2,lum_code,agg_code,int_code,atm_code,col_code
200500035835,0005-06-05 17:55:00,5,6,5,17,55,770,475.0,"32, FUBLAINES (RUE DE)",,,Plein jour,En agglomération,Hors intersection,Normale,Sans collision,,,,,,,,,,,1,2,1,1,7
200500035836,0005-06-06 12:30:00,5,6,6,12,30,770,284.0,ROSE (BD.JEAN),,,Plein jour,En agglomération,Intersection en T,Pluie forte,Deux véhicules - côté,,,,,,,,,,,1,2,3,3,3
200500035837,0005-06-07 12:30:00,5,6,7,12,30,770,475.0,"12, JOFFRE (RUE DU MAL.)",,,Plein jour,En agglomération,Hors intersection,Normale,Autre collision,,,,,,,,,,,1,2,1,1,6
200500035838,0005-06-09 18:40:00,5,6,9,18,40,770,284.0,"1, BEAUVAL (PLACE DE)",,,Plein jour,En agglomération,Place,Normale,Deux véhicules - côté,,,,,,,,,,,1,2,7,1,3
200500035839,0005-06-09 18:50:00,5,6,9,18,50,770,276.0,CD N°436,,,Plein jour,En agglomération,Hors intersection,Normale,Autre collision,,,,,,,,,,,1,2,1,1,6
200500035840,0005-06-12 19:40:00,5,6,12,19,40,770,330.0,"1, PASTEUR (RUE)",,,Plein jour,En agglomération,Intersection en X,Normale,Autre collision,,,,,,,,,,,1,2,2,1,6
200500035841,0005-06-13 12:05:00,5,6,13,12,5,770,284.0,"25, BRAILLE (RUE LOUIS)",,,Plein jour,En agglomération,Hors intersection,Normale,Sans collision,,,,,,,,,,,1,2,1,1,7
200500035842,0005-06-16 08:00:00,5,6,16,8,0,770,335.0,RD129 (ROUTE DEPARTEMENT,,,Plein jour,En agglomération,Intersection en T,Normale,Deux véhicules - côté,,,,,,,,,,,1,2,3,1,3
200500035843,0005-06-16 20:10:00,5,6,16,20,10,770,284.0,POINCY (ROUTE DE),,,Plein jour,En agglomération,Intersection en T,Normale,Deux véhicules - côté,,,,,,,,,,,1,2,3,1,3
200500035844,0005-06-17 13:50:00,5,6,17,13,50,770,284.0,"4, APPEL DU 18 JUIN 1940",,,Plein jour,En agglomération,Hors intersection,Normale,Deux véhicules - arrière,,,,,,,,,,,1,2,1,1,2
200500035845,0005-06-17 20:10:00,5,6,17,20,10,770,284.0,"16, BAZIN (RUE RENE)",,,Plein jour,En agglomération,Hors intersection,Normale,Sans collision,,,,,,,,,,,1,2,1,1,7
200500035846,0005-06-18 08:15:00,5,6,18,8,15,770,335.0,RN3 (ROUTE NATIONALE),,,Plein jour,En agglomération,Hors intersection,Normale,Trois véhicules et plus - collisions multiples,,,,,,,,,,,1,2,1,1,5
200500035847,0005-06-18 15:28:00,5,6,18,15,28,770,475.0,"50, VERDUN (AVENUE DE)",,,Plein jour,En agglomération,Hors intersection,Normale,Trois véhicules et plus - collisions multiples,,,,,,,,,,,1,2,1,1,5
200500035848,0005-06-18 23:15:00,5,6,18,23,15,770,284.0,"1, ALLENDE (AV.SALVADOR)",,,Nuit avec éclairage allumé,En agglomération,Hors intersection,Normale,Deux véhicules - arrière,,,,,,,,,,,5,2,1,1,2
200500035849,0005-06-22 18:05:00,5,6,22,18,5,770,284.0,POINCY (ROUTE DE),,,Plein jour,En agglomération,Intersection en T,Normale,Deux véhicules - côté,,,,,,,,,,,1,2,3,1,3
200500035850,0005-06-23 17:45:00,5,6,23,17,45,770,284.0,"6, HUGO (QUAI VICTOR)",,,Plein jour,En agglomération,Hors intersection,Pluie légère,Sans collision,,,,,,,,,,,1,2,1,2,7
200500035851,0005-06-23 20:45:00,5,6,23,20,45,770,475.0,LIZY (RUE DE),,,Plein jour,En agglomération,Hors intersection,Pluie légère,Sans collision,,,,,,,,,,,1,2,1,2,7
200500035852,0005-06-24 19:30:00,5,6,24,19,30,770,475.0,VERDUN (AVENUE DE),,,Plein jour,En agglomération,Hors intersection,Normale,Autre collision,,,,,,,,,,,1,2,1,1,6
200500035853,0005-06-28 15:10:00,5,6,28,15,10,770,284.0,"1, SADI-CARNOT (QUAI)",,,Plein jour,En agglomération,Hors intersection,Normale,Deux véhicules - arrière,,,,,,,,,,,1,2,1,1,2
200500035854,0005-06-29 07:10:00,5,6,29,7,10,770,199.0,CD 228A,,,Plein jour,En agglomération,Hors intersection,Normale,Trois véhicules et plus - collisions multiples,,,,,,,,,,,1,2,1,1,5
200500035855,0005-06-29 18:15:00,5,6,29,18,15,770,284.0,VARREDES (ROUTE DE),,,Plein jour,En agglomération,Hors intersection,Pluie légère,Trois véhicules et plus - en chaîne,,,,,,,,,,,1,2,1,2,4
200500035856,0005-06-30 14:10:00,5,6,30,14,10,770,335.0,RN3 (ROUTE NATIONALE),,,Plein jour,En agglomération,Hors intersection,Normale,Sans collision,,,,,,,,,,,1,2,1,1,7
200500035857,0005-06-30 18:50:00,5,6,30,18,50,770,513.0,"1, PARMENTIER (RUE)",,,Plein jour,En agglomération,Hors intersection,Normale,Sans collision,,,,,,,,,,,1,2,1,1,7
200500035858,0005-06-09 12:30:00,5,6,9,12,30,770,487.0,"435, MARECHAL JUIN  (DU)",,,Plein jour,En agglomération,Intersection en T,Normale,Deux véhicules - côté,,,,,,,,,,,1,2,3,1,3
200500035859,0005-06-18 02:30:00,5,6,18,2,30,770,447.0,C.D 50,,,Nuit sans éclairage public,Hors agglomération,Hors intersection,Normale,Autre collision,,,,,,,,,,,3,1,1,1,6
200500035860,0005-06-27 18:20:00,5,6,27,18,20,770,445.0,", ESPAGNE (AVENUE D')",,,Plein jour,En agglomération,Hors intersection,Normale,Deux véhicules - côté,,,,,,,,,,,1,2,1,1,3
200500035861,0005-06-28 14:00:00,5,6,28,14,0,770,445.0,"10, PARIS (RUE DE)",,,Plein jour,En agglomération,Hors intersection,Normale,Autre collision,,,,,,,,,,,1,2,1,1,6
200500035862,0005-06-05 18:45:00,5,6,5,18,45,770,294.0,ROGER SALLENGRO (RUE),,,Plein jour,En agglomération,Intersection en X,Normale,Autre collision,,,,,,,,,,,1,2,2,1,6
200500035863,0005-06-02 10:00:00,5,6,2,10,0,770,294.0,JEAN BAPTISTE CLEMENT (A,,,Plein jour,En agglomération,Hors intersection,Normale,Deux véhicules - côté,,,,,,,,,,,1,2,1,1,3
200500035864,0005-06-09 14:10:00,5,6,9,14,10,770,294.0,JEAN BAPTISTE CLEMENT (A,,,Plein jour,Hors agglomération,Intersection en X,Normale,Deux véhicules - côté,,,,,,,,,,,1,1,2,1,3
200500035865,0005-06-10 08:20:00,5,6,10,8,20,770,123.0,CD 212,,,Plein jour,Hors agglomération,Hors intersection,Normale,Trois véhicules et plus - en chaîne,,,,,,,,,,,1,1,1,1,4
200500035866,0005-06-13 21:15:00,5,6,13,21,15,770,294.0,C.D. 9,,,Plein jour,En agglomération,Hors intersection,Normale,Deux véhicules - côté,,,,,,,,,,,1,2,1,1,3
200500035867,0005-06-11 12:00:00,5,6,11,12,0,770,294.0,"62, PAUL VAILLANT COUTUR",,,Plein jour,En agglomération,Hors intersection,Normale,Deux véhicules - côté,,,,,,,,,,,1,2,1,1,3
200500035868,0005-06-15 00:18:00,5,6,15,0,18,770,292.0,D. 139 (ROUTE),,,Nuit sans éclairage public,Hors agglomération,Hors intersection,Normale,Autre collision,,,,,,,,,,,3,1,1,1,6
200500035869,0005-06-27 19:45:00,5,6,27,19,45,770,294.0,ROGER SALLENGRO (RUE),,,Plein jour,En agglomération,Intersection en X,Normale,Deux véhicules - côté,,,,,,,,,,,1,2,2,1,3
200500035870,0005-06-30 01:10:00,5,6,30,1,10,770,294.0,RN2,,,Nuit sans éclairage public,Hors agglomération,Hors intersection,Normale,Trois véhicules et plus - collisions multiples,,,,,,,,,,,3,1,1,1,5
200500035871,0005-06-30 13:35:00,5,6,30,13,35,770,294.0,PAUL VAILLANT COUTURIER,,,Plein jour,En agglomération,Hors intersection,Normale,Deux véhicules - arrière,,,,,,,,,,,1,2,1,1,2
200500035872,0005-06-06 13:45:00,5,6,6,13,45,770,296.0,CD 57,,,Plein jour,Hors agglomération,Hors intersection,Pluie légère,Deux véhicules - arrière,,,,,,,,,,,1,1,1,2,2
200500035873,0005-06-05 05:05:00,5,6,5,5,5,770,53.0,GUSTAVE EIFFEL (RUE),,,Nuit avec éclairage allumé,En agglomération,Hors intersection,Normale,Autre collision,,,,,,,,,,,5,2,1,1,6
200500035874,0005-06-23 21:50:00,5,6,23,21,50,770,305.0,"10, 8 MAI 1945 (AVENUE D",,,Plein jour,En agglomération,Intersection en X,Normale,Deux véhicules - côté,,,,,,,,,,,1,2,2,1,3
200500035875,0005-06-24 11:00:00,5,6,24,11,0,770,305.0,8 MAI 1945 (AVENUE DU),,,Plein jour,Hors agglomération,Autre intersection,Normale,Deux véhicules - frontale,,,,,,,,,,,1,1,9,1,1
200500035876,0005-06-21 17:05:00,5,6,21,17,5,770,156.0,MAIRIE ( RUE ),,,Plein jour,En agglomération,Hors intersection,Normale,Autre collision,,,,,,,,,,,1,2,1,1,6
200500035877,0005-06-29 17:05:00,5,6,29,17,5,770,333.0,"75, PARIS (RUE DE)",,,Plein jour,En agglomération,Hors intersection,Pluie forte,Autre collision,,,,,,,,,,,1,2,1,3,6
200500035878,0005-06-28 19:55:00,5,6,28,19,55,770,216.0,DEPARTEMENTALE 40D,,,Plein jour,Hors agglomération,Hors intersection,Pluie légère,Autre collision,,,,,,,,,,,1,1,1,2,6
200500035879,0005-06-03 15:40:00,5,6,3,15,40,770,83.0,GALILEE (RUE),,,Plein jour,En agglomération,Hors intersection,Normale,Autre collision,,,,,,,,,,,1,2,1,1,6
200500035880,0005-06-10 12:40:00,5,6,10,12,40,770,146.0,"28, BEAUBOURG (BOULEVARD",,,Plein jour,En agglomération,Hors intersection,Normale,Sans collision,,,,,,,,,,,1,2,1,1,7
200500035881,0005-06-15 09:37:00,5,6,15,9,37,770,121.0,NATIONALE 471 (ROUTE),,,Plein jour,En agglomération,Autre intersection,Normale,Autre collision,,,,,,,,,,,1,2,9,1,6
200500035882,0005-06-16 21:00:00,5,6,16,21,0,770,337.0,"16, PIERRE MENDES FRANCE",,,Plein jour,En agglomération,Intersection en T,Normale,Autre collision,,,,,,,,,,,1,2,3,1,6
200500035883,0005-06-20 12:40:00,5,6,20,12,40,770,121.0,"2, CENTRE COMMERCIAL REG",,,Plein jour,En agglomération,Intersection en X,Normale,Sans collision,,,,,,,,,,,1,2,2,1,7
200500035884,0005-06-24 15:30:00,5,6,24,15,30,770,337.0,ARCHE GUEDON (COURS DE L,,,Plein jour,En agglomération,Hors intersection,Normale,Autre collision,,,,,,,,,,,1,2,1,1,6
200500035885,0005-06-27 18:00:00,5,6,27,18,0,770,258.0,"06, CHATEAU D'EAU (ALLEE",,,Plein jour,En agglomération,Hors intersection,Normale,Autre collision,,,,,,,,,,,1,2,1,1,6
200500035886,0005-06-28 11:25:00,5,6,28,11,25,770,337.0,"06, ARCHE GUEDON (COURS",,,Plein jour,En agglomération,Hors intersection,Normale,Autre collision,,,,,,,,,,,1,2,1,1,6
200500035887,0005-06-30 13:40:00,5,6,30,13,40,770,146.0,"16, GEORGES BIDAULT (BOU",,,Plein jour,En agglomération,Hors intersection,Pluie légère,Autre collision,,,,,,,,,,,1,2,1,2,6
200500035888,0005-06-04 18:10:00,5,6,4,18,10,770,373.0,"15, BEL AIR (AVENUE DU)",,,Plein jour,En agglomération,Hors intersection,Normale,Deux véhicules - côté,,,,,,,,,,,1,2,1,1,3
200500035889,0005-06-01 18:15:00,5,6,1,18,15,770,459.0,NATIONALE 19 (ROUTE),,,Plein jour,Hors agglomération,Hors intersection,Normale,Deux véhicules - arrière,,,,,,,,,,,1,1,1,1,2
200500035890,0005-06-26 15:00:00,5,6,26,15,0,770,379.0,"27, MAXIMILIEN MICHELIN",,,Plein jour,En agglomération,Hors intersection,Normale,Deux véhicules - côté,,,,,,,,,,,1,2,1,1,3
200500035891,0005-06-27 10:15:00,5,6,27,10,15,770,118.0,"32BIS, FLEURY (RUE)",,,Plein jour,En agglomération,Hors intersection,Normale,Autre collision,,,,,,,,,,,1,2,1,1,6
200500035892,0005-06-26 12:15:00,5,6,26,12,15,770,514.0,GENERAL DE GAULLE (AVENU,,,Plein jour,En agglomération,Intersection en T,Normale,Deux véhicules - côté,,,,,,,,,,,1,2,3,1,3
200500035893,0005-06-03 15:30:00,5,6,3,15,30,780,92.0,"5, LECLERC (RUE DU GENER",,,Plein jour,En agglomération,Hors intersection,Normale,Autre collision,,,,,,,,,,,1,2,1,1,6
200500035894,0005-06-05 04:30:00,5,6,5,4,30,780,172.0,RN 184,,,Crépuscule ou aube,En agglomération,Hors intersection,Normale,Deux véhicules - arrière,,,,,,,,,,,2,2,1,1,2
200500035895,0005-06-01 20:15:00,5,6,1,20,15,780,138.0,"12, BEGUINAGE (PLACE DU)",,,Plein jour,En agglomération,Hors intersection,Normale,Deux véhicules - côté,,,,,,,,,,,1,2,1,1,3
200500035896,0005-06-02 22:05:00,5,6,2,22,5,780,5.0,"0,00, CHENIER (ALLEE AND",,,Crépuscule ou aube,En agglomération,Intersection en X,Normale,Deux véhicules - côté,,,,,,,,,,,2,2,2,1,3
200500035897,0005-06-04 20:55:00,5,6,4,20,55,780,172.0,"41, MINETTE (RUE DE LA)",,,Plein jour,En agglomération,Hors intersection,Normale,Deux véhicules - côté,,,,,,,,,,,1,2,1,1,3
200500035898,0005-06-08 17:50:00,5,6,8,17,50,780,172.0,RD 48,,,Plein jour,En agglomération,Intersection en X,Normale,Sans collision,,,,,,,,,,,1,2,2,1,7
200500035899,0005-06-08 12:50:00,5,6,8,12,50,780,172.0,"0,00, PONT (AVENUE DU)",,,Plein jour,En agglomération,Hors intersection,Normale,Sans collision,,,,,,,,,,,1,2,1,1,7
200500035900,0005-06-10 18:05:00,5,6,10,18,5,780,15.0,RD 48,,,Plein jour,En agglomération,Hors intersection,Normale,Deux véhicules - arrière,,,,,,,,,,,1,2,1,1,2
200500035901,0005-06-11 14:20:00,5,6,11,14,20,780,382.0,"0,00, SAULES BRULES (RUE",,,Plein jour,En agglomération,Hors intersection,Normale,Sans collision,,,,,,,,,,,1,2,1,1,7
200500035902,0005-06-12 11:25:00,5,6,12,11,25,780,382.0,RD 55,,,Plein jour,En agglomération,Hors intersection,Normale,Sans collision,,,,,,,,,,,1,2,1,1,7
200500035903,0005-06-15 20:55:00,5,6,15,20,55,780,138.0,"0,00, RUDES PLANTES (RUE",,,Plein jour,En agglomération,Intersection en X,Normale,Deux véhicules - côté,,,,,,,,,,,1,2,2,1,3
200500035904,0005-06-18 14:50:00,5,6,18,14,50,780,172.0,"0.00, DE GAULLE (BD DU G",,,Plein jour,En agglomération,Hors intersection,Normale,Sans collision,,,,,,,,,,,1,2,1,1,7
200500035905,0005-06-20 16:40:00,5,6,20,16,40,780,15.0,"16, PASTEUR (RUE)",,,Plein jour,En agglomération,Hors intersection,Normale,Sans collision,,,,,,,,,,,1,2,1,1,7
200500035906,0005-06-20 11:30:00,5,6,20,11,30,780,172.0,"0,00, MITTERRAND (PROMEN",,,Plein jour,En agglomération,Hors intersection,Normale,Sans collision,,,,,,,,,,,1,2,1,1,7
200500035907,0005-06-23 09:00:00,5,6,23,9,0,780,15.0,RD 48,,,Plein jour,En agglomération,Giratoire,Normale,Deux véhicules - côté,,,,,,,,,,,1,2,6,1,3
200500035908,0005-06-26 10:05:00,5,6,26,10,5,780,172.0,"0,00, ALBERT (RUE RENE)",,,Plein jour,En agglomération,Hors intersection,Normale,Sans collision,,,,,,,,,,,1,2,1,1,7
200500035909,0005-06-29 05:45:00,5,6,29,5,45,780,172.0,BRETELLE ACCES  RN 184/,,,Crépuscule ou aube,En agglomération,Hors intersection,Normale,Deux véhicules - côté,,,,,,,,,,,2,2,1,1,3
200500035910,0005-06-30 16:05:00,5,6,30,16,5,780,172.0,"0.00, CONFLUENT (QUAI DU",,,Plein jour,En agglomération,Hors intersection,Normale,Sans collision,,,,,,,,,,,1,2,1,1,7
200500035911,0005-06-30 19:30:00,5,6,30,19,30,780,138.0,RD 22,,,Plein jour,En agglomération,Hors intersection,Pluie légère,Deux véhicules - frontale,,,,,,,,,,,1,2,1,2,1
200500035912,0005-06-01 02:55:00,5,6,1,2,55,780,168.0,NATIONALE 10 (ROUTE),,,Nuit avec éclairage allumé,En agglomération,Hors intersection,Normale,Deux véhicules - côté,,,,,,,,,,,5,2,1,1,3
200500035913,0005-06-08 13:45:00,5,6,8,13,45,780,490.0,"Indét, DROITS DE L'HOMME",,,Plein jour,En agglomération,Intersection en X,Normale,Deux véhicules - côté,,,,,,,,,,,1,2,2,1,3
200500035914,0005-06-08 16:55:00,5,6,8,16,55,780,208.0,DEPARTEMENTALE 912 (ROUT,,,Plein jour,En agglomération,Giratoire,Normale,Trois véhicules et plus - en chaîne,,,,,,,,,,,1,2,6,1,4
200500035915,0005-06-09 12:30:00,5,6,9,12,30,780,208.0,"11, PRAGUE (RUE DE)",,,Plein jour,En agglomération,Hors intersection,Normale,Deux véhicules - côté,,,,,,,,,,,1,2,1,1,3
200500035916,0005-06-11 15:40:00,5,6,11,15,40,780,490.0,"Indét, BLUM (BOULEVARD L",,,Plein jour,En agglomération,Giratoire,Normale,Deux véhicules - côté,,,,,,,,,,,1,2,6,1,3
200500035917,0005-06-25 12:10:00,5,6,25,12,10,780,168.0,NATIONALE 10 (ROUTE),,,Plein jour,Hors agglomération,Hors intersection,Normale,Deux véhicules - arrière,,,,,,,,,,,1,1,1,1,2
200500035918,0005-06-26 02:50:00,5,6,26,2,50,780,208.0,DEPARTEMENTALE 58 (ROUTE,,,Nuit sans éclairage public,Hors agglomération,Hors intersection,Normale,Autre collision,,,,,,,,,,,3,1,1,1,6
200500035919,0005-06-25 17:05:00,5,6,25,17,5,780,168.0,"Indét, LEVIS ST NOM (ROU",,,Plein jour,Hors agglomération,Hors intersection,Normale,Sans collision,,,,,,,,,,,1,1,1,1,7
200500035920,0005-06-23 13:05:00,5,6,23,13,5,780,490.0,DEPARTEMENTALE 30 (ROUTE,,,Plein jour,En agglomération,Giratoire,Normale,Trois véhicules et plus - en chaîne,,,,,,,,,,,1,2,6,1,4
200500035921,0005-06-28 19:25:00,5,6,28,19,25,780,644.0,DEPARTEMENTALE 13 (ROUTE,,,Plein jour,En agglomération,Hors intersection,Normale,Sans collision,,,,,,,,,,,1,2,1,1,7
200500035922,0005-06-30 19:10:00,5,6,30,19,10,780,490.0,DEPARTEMENTALE 11 (ROUTE,,,Plein jour,En agglomération,Hors intersection,Normale,Deux véhicules - arrière,,,,,,,,,,,1,2,1,1,2
200500035923,0005-06-29 08:55:00,5,6,29,8,55,780,168.0,"Indét, MAUREPAS (AVENUE",,,Plein jour,En agglomération,Intersection en T,Normale,Deux véhicules - côté,,,,,,,,,,,1,2,3,1,3
200500035924,0005-06-13 11:20:00,5,6,13,11,20,780,423.0,"00000, FRERES LUMIERES (",,,Plein jour,En agglomération,Intersection en X,Autre,Deux véhicules - côté,,,,,,,,,,,1,2,2,9,3
200500035925,0005-06-19 02:15:00,5,6,19,2,15,780,423.0,BLES D'OR (RUE DES),,,Nuit avec éclairage allumé,En agglomération,Hors intersection,Normale,Deux véhicules - arrière,,,,,,,,,,,5,2,1,1,2
200500035926,0005-06-22 11:30:00,5,6,22,11,30,780,297.0,"12, GRAVIERS (RUE DES)",,,Plein jour,En agglomération,Hors intersection,Normale,Autre collision,,,,,,,,,,,1,2,1,1,6
200500035927,0005-06-23 09:50:00,5,6,23,9,50,780,297.0,CD 91,,,Plein jour,Hors agglomération,Hors intersection,Normale,Autre collision,,,,,,,,,,,1,1,1,1,6
200500035928,0005-06-28 07:45:00,5,6,28,7,45,780,423.0,RD 10,,,Plein jour,Hors agglomération,Hors intersection,Normale,Trois véhicules et plus - en chaîne,,,,,,,,,,,1,1,1,1,4
200500035929,0005-06-20 11:50:00,5,6,20,11,50,780,423.0,"inconnu, POMPIDOU (PLACE",,,Plein jour,En agglomération,Hors intersection,Normale,Autre collision,,,,,,,,,,,1,2,1,1,6
200500035930,0005-06-26 08:17:00,5,6,26,8,17,780,688.0,"00000, PORT ROYAL (RUE D",,,Plein jour,En agglomération,Hors intersection,Normale,Autre collision,,,,,,,,,,,1,2,1,1,6
200500035931,0005-06-24 18:30:00,5,6,24,18,30,780,423.0,EUROPE (AVENUE DE L'),,,Plein jour,En agglomération,Hors intersection,Normale,Autre collision,,,,,,,,,,,1,2,1,1,6
200500035932,0005-06-03 07:00:00,5,6,3,7,0,780,311.0,"10, MARECHAL GALLIENI (R",,,Plein jour,En agglomération,Intersection en T,Normale,Deux véhicules - côté,,,,,,,,,,,1,2,3,1,3
200500035933,0005-06-05 14:45:00,5,6,5,14,45,780,311.0,"36, JEAN JAURES (BOULEVA",,,Plein jour,En agglomération,Intersection en T,Normale,Deux véhicules - côté,,,,,,,,,,,1,2,3,1,3
200500035934,0005-06-24 08:45:00,5,6,24,8,45,780,311.0,"53, JEAN JAURES (BOULEVA",,,Plein jour,En agglomération,Hors intersection,Normale,Autre collision,,,,,,,,,,,1,2,1,1,6
200500035935,0005-06-04 05:50:00,5,6,4,5,50,780,362.0,R.D 983,,,Crépuscule ou aube,En agglomération,Hors intersection,Normale,Autre collision,,,,,,,,,,,2,2,1,1,6
200500035936,0005-06-10 15:40:00,5,6,10,15,40,780,335.0,"169, AVENUE WILSON",,,Plein jour,En agglomération,Intersection en T,Normale,Deux véhicules - frontale,,,,,,,,,,,1,2,3,1,1
200500035937,0005-06-19 15:20:00,5,6,19,15,20,780,335.0,"1, AVENUE DU STADE",,,Plein jour,En agglomération,Intersection en X,Normale,Deux véhicules - frontale,,,,,,,,,,,1,2,2,1,1
200500035938,0005-06-24 22:20:00,5,6,24,22,20,780,361.0,"7, RUE JEAN HOUDON",,,Crépuscule ou aube,En agglomération,Hors intersection,Normale,Autre collision,,,,,,,,,,,2,2,1,1,6
200500035939,0005-06-30 04:55:00,5,6,30,4,55,780,362.0,R.D 983,,,Crépuscule ou aube,Hors agglomération,Hors intersection,Normale,Deux véhicules - frontale,,,,,,,,,,,2,1,1,1,1
200500035940,0005-06-30 20:19:00,5,6,30,20,19,780,674.0,CD 161,,,Plein jour,Hors agglomération,Hors intersection,Pluie légère,Sans collision,,,,,,,,,,,1,1,1,2,7
200500035941,0005-06-10 09:20:00,5,6,10,9,20,780,372.0,VERSAILLES (ROUTE DE),,,Plein jour,Hors agglomération,Hors intersection,Normale,Sans collision,,,,,,,,,,,1,1,1,1,7
200500035942,0005-06-26 21:15:00,5,6,26,21,15,780,674.0,CD 161,,,Crépuscule ou aube,Hors agglomération,Hors intersection,Normale,Sans collision,,,,,,,,,,,2,1,1,1,7
200500035943,0005-06-27 18:22:00,5,6,27,18,22,780,372.0,VERSAILLES (ROUTE DE),,,Plein jour,En agglomération,Intersection en X,Normale,Sans collision,,,,,,,,,,,1,2,2,1,7
200500035944,0005-06-14 19:05:00,5,6,14,19,5,780,440.0,LOUIS BLERIOT (RUE),,,Plein jour,En agglomération,Intersection en Y,Normale,Autre collision,,,,,,,,,,,1,2,4,1,6
200500035945,0005-06-19 15:00:00,5,6,19,15,0,780,440.0,JEAN DE LA FONTAINE (RUE,,,Plein jour,En agglomération,Place,Normale,Autre collision,,,,,,,,,,,1,2,7,1,6
200500035946,0005-06-18 13:00:00,5,6,18,13,0,780,299.0,FOURS A CHAUX (CHEMIN DE,,,Plein jour,Hors agglomération,Hors intersection,Normale,Sans collision,,,,,,,,,,,1,1,1,1,7
200500035947,0005-06-27 08:30:00,5,6,27,8,30,780,299.0,CHANTEREINE (RUE),,,Plein jour,En agglomération,Hors intersection,Normale,Autre collision,,,,,,,,,,,1,2,1,1,6
200500035948,0005-06-29 15:50:00,5,6,29,15,50,780,440.0,LEON FOURCIL (RUE),,,Plein jour,En agglomération,Intersection en X,Normale,Deux véhicules - frontale,,,,,,,,,,,1,2,2,1,1
200500035949,0005-06-30 20:28:00,5,6,30,20,28,780,401.0,BEAUVAIS (RUE DE),,,Plein jour,En agglomération,Intersection en X,Normale,Deux véhicules - frontale,,,,,,,,,,,1,2,2,1,1
200500035950,0005-06-01 10:50:00,5,6,1,10,50,780,624.0,"10, POISSY AVENUE DE",,,Plein jour,En agglomération,Intersection en T,Normale,Sans collision,,,,,,,,,,,1,2,3,1,7
200500035951,0005-06-04 15:30:00,5,6,4,15,30,780,123.0,BERTAUX RUE MAURICE,,,Plein jour,En agglomération,Intersection en X,Normale,Trois véhicules et plus - collisions multiples,,,,,,,,,,,1,2,2,1,5
200500035952,0005-06-13 19:10:00,5,6,13,19,10,780,624.0,DOUMER RUE PAUL,,,Plein jour,En agglomération,Hors intersection,Normale,Sans collision,,,,,,,,,,,1,2,1,1,7
200500035953,0005-06-14 20:00:00,5,6,14,20,0,780,498.0,MEISSONIER AV,,,Plein jour,En agglomération,Intersection en X,Normale,Autre collision,,,,,,,,,,,1,2,2,1,6
200500035954,0005-06-14 20:15:00,5,6,14,20,15,780,642.0,ROSIERS RUE DES,,,Plein jour,En agglomération,Giratoire,Normale,Deux véhicules - côté,,,,,,,,,,,1,2,6,1,3
200500035955,0005-06-16 16:40:00,5,6,16,16,40,780,642.0,CHEMIN VERT RUE DU,,,Plein jour,En agglomération,Giratoire,Normale,Sans collision,,,,,,,,,,,1,2,6,1,7
200500035956,0005-06-22 10:15:00,5,6,22,10,15,780,642.0,ROUILLARD CHEMIN DU,,,Plein jour,En agglomération,Autre intersection,Normale,Deux véhicules - côté,,,,,,,,,,,1,2,9,1,3
200500035957,0005-06-19 16:17:00,5,6,19,16,17,780,643.0,PERVENCHES ALLEE DES,,,Plein jour,En agglomération,Hors intersection,Normale,Autre collision,,,,,,,,,,,1,2,1,1,6
200500035958,0005-06-26 14:10:00,5,6,26,14,10,780,498.0,QUARANTE SOUS ROUTE DE,,,Plein jour,En agglomération,Hors intersection,Pluie légère,Sans collision,,,,,,,,,,,1,2,1,2,7
200500035959,0005-06-28 17:00:00,5,6,28,17,0,780,624.0,PIERRES TORSES SENTE DES,,,Plein jour,En agglomération,Intersection en X,Normale,Deux véhicules - côté,,,,,,,,,,,1,2,2,1,3
200500035960,0005-06-30 10:50:00,5,6,30,10,50,780,672.0,DE VOISINS AVENUE DU PRE,,,Plein jour,En agglomération,Hors intersection,Pluie légère,Autre collision,,,,,,,,,,,1,2,1,2,6
200500035961,0005-06-30 17:40:00,5,6,30,17,40,780,643.0,DOUMER RUE PAUL,,,Plein jour,En agglomération,Hors intersection,Normale,Autre collision,,,,,,,,,,,1,2,1,1,6
200500035962,0005-06-29 19:10:00,5,6,29,19,10,780,517.0,KERBRAT (PONT HERVE),,,Plein jour,En agglomération,Hors intersection,Normale,Deux véhicules - côté,,,,,,,,,,,1,2,1,1,3
200500035963,0005-06-12 09:20:00,5,6,12,9,20,780,545.0,"3, JAURES (AVENUE JEAN )",,,Plein jour,En agglomération,Hors intersection,Normale,Autre collision,,,,,,,,,,,1,2,1,1,6
200500035964,0005-06-19 21:20:00,5,6,19,21,20,780,545.0,JAURES (AVENUE JEAN ),,,Plein jour,En agglomération,Hors intersection,Temps éblouissant,Autre collision,,,,,,,,,,,1,2,1,7,6
200500035965,0005-06-29 18:55:00,5,6,29,18,55,780,545.0,CURIE (AVENUE PIERRE),,,Plein jour,En agglomération,Intersection en T,Normale,Autre collision,,,,,,,,,,,1,2,3,1,6
200500035966,0005-06-06 11:12:00,5,6,6,11,12,780,545.0,CD 7,,,Plein jour,Hors agglomération,Hors intersection,Pluie forte,Autre collision,,,,,,,,,,,1,1,1,3,6
200500035967,0005-06-01 03:50:00,5,6,1,3,50,780,551.0,RN 190,,,Nuit avec éclairage allumé,Hors agglomération,Intersection à plus de 4 branches,Normale,Sans collision,,,,,,,,,,,5,1,5,1,7