accident_id,datetime,annee,mois,jour,heure,minute,departement,commune_insee,adresse,latitude,longitude,luminosite,agglomeration,intersection,meteo,collision,nb_vehicules,nb_usagers,nb_indemnes,nb_tues,nb_blesses_hosp,nb_blesses_legers,age_cond_1,age_cond_2,veh_type_cond_1,veh_type_cond_2,lum_code,agg_code,int_code,atm_code,col_code
200500036099,0005-06-17 22:40:00,5,6,17,22,40,830,129.0,"743, FONT DE FILLOL (RC",,,Nuit avec éclairage allumé,En agglomération,Hors intersection,Normale,Sans collision,,,,,,,,,,,5,2,1,1,7
200500036100,0005-06-20 17:10:00,5,6,20,17,10,830,123.0,", GALLIENI (AVENUE)",,,Plein jour,En agglomération,Intersection en T,Normale,Deux véhicules - côté,,,,,,,,,,,1,2,3,1,3
200500036101,0005-06-21 19:30:00,5,6,21,19,30,830,9.0,BUFFON (RUE DE),,,Plein jour,En agglomération,Hors intersection,Normale,Deux véhicules - frontale,,,,,,,,,,,1,2,1,1,1
200500036102,0005-06-25 18:55:00,5,6,25,18,55,830,129.0,"543, JUIN MARECHAL (AV D",,,Plein jour,En agglomération,Hors intersection,Normale,Deux véhicules - côté,,,,,,,,,,,1,2,1,1,3
200500036103,0005-06-26 23:00:00,5,6,26,23,0,830,129.0,KENNEDY (AVENUE J.)N°1A,,,Nuit avec éclairage allumé,En agglomération,Hors intersection,Normale,Autre collision,,,,,,,,,,,5,2,1,1,6
200500036104,0005-06-28 11:40:00,5,6,28,11,40,830,9.0,ROUTE NATIONALE 559,,,Plein jour,En agglomération,Hors intersection,Normale,Deux véhicules - côté,,,,,,,,,,,1,2,1,1,3
200500036105,0005-06-30 16:45:00,5,6,30,16,45,830,9.0,"000, BEAUSSET (ROUTE DU)",,,Plein jour,En agglomération,Hors intersection,Normale,Trois véhicules et plus - collisions multiples,,,,,,,,,,,1,2,1,1,5
200500036106,0005-06-02 02:50:00,5,6,2,2,50,830,153.0,", LAGOUBRAN (CHEMIN DE)",,,Nuit avec éclairage allumé,En agglomération,Hors intersection,Normale,Autre collision,,,,,,,,,,,5,2,1,1,6
200500036107,0005-06-02 07:00:00,5,6,2,7,0,830,153.0,", ARMEE FRANCAISE (AV DE",,,Plein jour,En agglomération,Hors intersection,Normale,Trois véhicules et plus - collisions multiples,,,,,,,,,,,1,2,1,1,5
200500036108,0005-06-04 20:50:00,5,6,4,20,50,830,153.0,"147, ROME (ALLEE DE)",,,Plein jour,En agglomération,Intersection en T,Normale,Deux véhicules - côté,,,,,,,,,,,1,2,3,1,3
200500036109,0005-06-06 20:50:00,5,6,6,20,50,830,153.0,"23, CARMILLE ( AV DU GEN",,,Crépuscule ou aube,En agglomération,Hors intersection,Normale,Deux véhicules - arrière,,,,,,,,,,,2,2,1,1,2
200500036110,0005-06-11 10:45:00,5,6,11,10,45,830,153.0,", CLERY (AV HUGUES)",,,Plein jour,En agglomération,Intersection en T,Normale,Deux véhicules - côté,,,,,,,,,,,1,2,3,1,3
200500036111,0005-06-15 15:45:00,5,6,15,15,45,830,153.0,", CURIE (AV PIERRE)",,,Plein jour,En agglomération,Intersection en X,Normale,Deux véhicules - côté,,,,,,,,,,,1,2,2,1,3
200500036112,0005-06-01 07:35:00,5,6,1,7,35,830,137.0,"133, BROSSET (BD GENERAL",,,Plein jour,En agglomération,Hors intersection,Normale,Deux véhicules - côté,,,,,,,,,,,1,2,1,1,3
200500036113,0005-06-01 17:15:00,5,6,1,17,15,830,137.0,"IGNORE, LECLERC (AVE GEN",,,Plein jour,En agglomération,Hors intersection,Normale,Deux véhicules - côté,,,,,,,,,,,1,2,1,1,3
200500036114,0005-06-01 16:43:00,5,6,1,16,43,830,137.0,"IGNORE, PERI  (PLACE GAB",,,Plein jour,En agglomération,Place,Normale,Deux véhicules - côté,,,,,,,,,,,1,2,7,1,3
200500036115,0005-06-02 17:45:00,5,6,2,17,45,830,90.0,"1743, NATIONALE 8 (ROUTE",,,Plein jour,Hors agglomération,Intersection en T,Normale,Deux véhicules - côté,,,,,,,,,,,1,1,3,1,3
200500036116,0005-06-05 12:00:00,5,6,5,12,0,830,137.0,"IGNORE, POMETS (ROUTE DE",,,Plein jour,Hors agglomération,Hors intersection,Normale,Deux véhicules - côté,,,,,,,,,,,1,1,1,1,3
200500036117,0005-06-03 16:55:00,5,6,3,16,55,830,137.0,"IGNORE, STRASBOURG (BD D",,,Plein jour,En agglomération,Hors intersection,Normale,Autre collision,,,,,,,,,,,1,2,1,1,6
200500036118,0005-06-04 13:55:00,5,6,4,13,55,830,137.0,"IGNORE, DESCARTES (RUE /",,,Plein jour,Hors agglomération,Hors intersection,Normale,Deux véhicules - arrière,,,,,,,,,,,1,1,1,1,2
200500036119,0005-06-04 02:00:00,5,6,4,2,0,830,137.0,"IGNORE, REPUBLIQUE (AVE",,,Nuit avec éclairage allumé,En agglomération,Hors intersection,Normale,Deux véhicules - côté,,,,,,,,,,,5,2,1,1,3
200500036120,0005-06-01 12:05:00,5,6,1,12,5,830,90.0,"1290, DRAGUIGNAN (AVENUE",,,Plein jour,En agglomération,Hors intersection,Normale,Deux véhicules - arrière,,,,,,,,,,,1,2,1,1,2
200500036121,0005-06-06 17:00:00,5,6,6,17,0,830,137.0,"0, BRIAND (AVE ARISTIDE",,,Plein jour,En agglomération,Hors intersection,Normale,Deux véhicules - côté,,,,,,,,,,,1,2,1,1,3
200500036122,0005-06-07 10:15:00,5,6,7,10,15,830,137.0,"IGNORE, GARNIER (AVE FRA",,,Plein jour,En agglomération,Intersection en T,Normale,Deux véhicules - frontale,,,,,,,,,,,1,2,3,1,1
200500036123,0005-06-08 23:10:00,5,6,8,23,10,830,137.0,"IGNORE, BAZEILLES (BD /",,,Nuit avec éclairage allumé,En agglomération,Hors intersection,Normale,Deux véhicules - côté,,,,,,,,,,,5,2,1,1,3
200500036124,0005-06-06 10:35:00,5,6,6,10,35,830,137.0,"IGNORE, CLAPIER (RUE VIC",,,Plein jour,En agglomération,Hors intersection,Temps éblouissant,Autre collision,,,,,,,,,,,1,2,1,7,6
200500036125,0005-06-11 00:04:00,5,6,11,0,4,830,137.0,"IGNORE, CHABRIEL (AVE /",,,Nuit avec éclairage allumé,En agglomération,Hors intersection,Normale,Autre collision,,,,,,,,,,,5,2,1,1,6
200500036126,0005-06-10 20:30:00,5,6,10,20,30,830,137.0,"IGNORE, BONAPARTE (ROND",,,Plein jour,En agglomération,Hors intersection,Normale,Autre collision,,,,,,,,,,,1,2,1,1,6
200500036127,0005-06-03 16:25:00,5,6,3,16,25,830,137.0,"IGNORE, MAYOL (RUE FELIX",,,Plein jour,En agglomération,Hors intersection,Normale,Deux véhicules - côté,,,,,,,,,,,1,2,1,1,3
200500036128,0005-06-14 06:45:00,5,6,14,6,45,830,137.0,"156, LECLERC (AVE GENERA",,,Crépuscule ou aube,En agglomération,Hors intersection,Pluie légère,Deux véhicules - arrière,,,,,,,,,,,2,2,1,2,2
200500036129,0005-06-17 22:00:00,5,6,17,22,0,830,137.0,HERRIOT (AVE EDOUARD),,,Nuit avec éclairage allumé,En agglomération,Hors intersection,Normale,Deux véhicules - frontale,,,,,,,,,,,5,2,1,1,1
200500036130,0005-06-22 07:00:00,5,6,22,7,0,830,137.0,"522, REPUBLIQUE (AVE DE",,,Plein jour,En agglomération,Hors intersection,Normale,Deux véhicules - arrière,,,,,,,,,,,1,2,1,1,2
200500036131,0005-06-07 18:45:00,5,6,7,18,45,830,90.0,"299, GANCE (AVENUE ABEL)",,,Plein jour,En agglomération,Intersection en T,Normale,Deux véhicules - côté,,,,,,,,,,,1,2,3,1,3
200500036132,0005-06-11 12:00:00,5,6,11,12,0,830,90.0,NATIONALE 8 (ROUTE),,,Plein jour,En agglomération,Hors intersection,Normale,Trois véhicules et plus - collisions multiples,,,,,,,,,,,1,2,1,1,5
200500036133,0005-06-17 13:55:00,5,6,17,13,55,830,62.0,QUATRE (CHEMIN),,,Plein jour,Hors agglomération,Intersection en X,Temps éblouissant,Deux véhicules - côté,,,,,,,,,,,1,1,2,7,3
200500036134,0005-06-27 10:45:00,5,6,27,10,45,830,137.0,"IGNORE, FUSILIERS MARINS",,,Plein jour,En agglomération,Hors intersection,Normale,Autre collision,,,,,,,,,,,1,2,1,1,6
200500036135,0005-06-30 14:20:00,5,6,30,14,20,830,137.0,"440, 15EME CORPS (AVE DU",,,Plein jour,En agglomération,Hors intersection,Normale,Deux véhicules - arrière,,,,,,,,,,,1,2,1,1,2
200500036136,0005-06-24 09:50:00,5,6,24,9,50,830,137.0,LECLERC (AVE GENERAL),,,Plein jour,En agglomération,Hors intersection,Normale,Sans collision,,,,,,,,,,,1,2,1,1,7
200500036137,0005-06-29 10:52:00,5,6,29,10,52,830,62.0,"156, DRAGUIGNAN (AVENUE",,,Plein jour,En agglomération,Hors intersection,Normale,Deux véhicules - arrière,,,,,,,,,,,1,2,1,1,2
200500036138,0005-06-28 20:15:00,5,6,28,20,15,830,137.0,"IGNORE, LOTI (AVE PIERRE",,,Plein jour,En agglomération,Intersection en X,Normale,Deux véhicules - côté,,,,,,,,,,,1,2,2,1,3
200500036139,0005-06-25 16:15:00,5,6,25,16,15,830,62.0,"IGNORE, LURCAT (AVENUE A",,,Plein jour,En agglomération,Hors intersection,Normale,Deux véhicules - arrière,,,,,,,,,,,1,2,1,1,2
200500036140,0005-06-30 18:00:00,5,6,30,18,0,830,137.0,"IGNORE, DUNANT (HENRI)",,,Plein jour,En agglomération,Intersection en T,Normale,Deux véhicules - côté,,,,,,,,,,,1,2,3,1,3
200500036141,0005-06-18 21:00:00,5,6,18,21,0,830,98.0,"IGNORE, EGLISE DES ARTS",,,Plein jour,En agglomération,Hors intersection,Normale,Sans collision,,,,,,,,,,,1,2,1,1,7
200500036142,0005-06-18 09:15:00,5,6,18,9,15,830,137.0,FARON (BD DU),,,Plein jour,Hors agglomération,Hors intersection,Normale,Autre collision,,,,,,,,,,,1,1,1,1,6
200500036143,0005-06-30 18:45:00,5,6,30,18,45,830,62.0,"1258, HOUOT (AVENUE CDT)",,,Plein jour,En agglomération,Autre intersection,Normale,Autre collision,,,,,,,,,,,1,2,9,1,6
200500036144,0005-06-23 19:00:00,5,6,23,19,0,830,137.0,"170, BRIAND (AVE ARISTID",,,Plein jour,En agglomération,Hors intersection,Normale,Deux véhicules - côté,,,,,,,,,,,1,2,1,1,3
200500036145,0005-06-01 21:20:00,5,6,1,21,20,840,7.0,MARSEILLE (Route de ),,,Nuit avec éclairage allumé,En agglomération,Hors intersection,Normale,Autre collision,,,,,,,,,,,5,2,1,1,6
200500036146,0005-06-03 13:40:00,5,6,3,13,40,840,7.0,MORIERES (Route de ),,,Plein jour,En agglomération,Intersection en T,Normale,Deux véhicules - côté,,,,,,,,,,,1,2,3,1,3
200500036147,0005-06-05 11:30:00,5,6,5,11,30,840,7.0,TARASCON,,,Plein jour,En agglomération,Hors intersection,Normale,Trois véhicules et plus - collisions multiples,,,,,,,,,,,1,2,1,1,5
200500036148,0005-06-07 17:55:00,5,6,7,17,55,840,7.0,"330, PIERRE SEMARD (aven",,,Plein jour,En agglomération,Hors intersection,Normale,Trois véhicules et plus - en chaîne,,,,,,,,,,,1,2,1,1,4
200500036149,0005-06-08 10:45:00,5,6,8,10,45,840,7.0,"102, VERNET Joseph (Rue)",,,Plein jour,En agglomération,Hors intersection,Normale,Autre collision,,,,,,,,,,,1,2,1,1,6
200500036150,0005-06-08 12:15:00,5,6,8,12,15,840,7.0,PUY Guillaume ( Rue),,,Plein jour,En agglomération,Intersection en X,Normale,Trois véhicules et plus - collisions multiples,,,,,,,,,,,1,2,2,1,5
200500036151,0005-06-10 07:35:00,5,6,10,7,35,840,7.0,SAINT MICHEL (Boulevard),,,Plein jour,En agglomération,Hors intersection,Normale,Autre collision,,,,,,,,,,,1,2,1,1,6
200500036152,0005-06-10 13:30:00,5,6,10,13,30,840,7.0,PIERRE SEMARD (avenue),,,Plein jour,En agglomération,Intersection en X,Normale,Deux véhicules - côté,,,,,,,,,,,1,2,2,1,3
200500036153,0005-06-11 10:15:00,5,6,11,10,15,840,7.0,ROYAUME et DALADIER (Pon,,,Plein jour,En agglomération,Hors intersection,Normale,Trois véhicules et plus - en chaîne,,,,,,,,,,,1,2,1,1,4
200500036154,0005-06-12 03:10:00,5,6,12,3,10,840,7.0,TARASCON,,,Nuit avec éclairage allumé,En agglomération,Hors intersection,Normale,Autre collision,,,,,,,,,,,5,2,1,1,6
200500036155,0005-06-17 14:00:00,5,6,17,14,0,840,7.0,GARE TGV (Parking),,,Plein jour,En agglomération,Hors intersection,Normale,Autre collision,,,,,,,,,,,1,2,1,1,6
200500036156,0005-06-21 14:00:00,5,6,21,14,0,840,7.0,"10, LYON (route de )",,,Plein jour,Hors agglomération,Hors intersection,Normale,Deux véhicules - arrière,,,,,,,,,,,1,1,1,1,2
200500036157,0005-06-22 10:20:00,5,6,22,10,20,840,7.0,SAINT LAZARE (Boulevard),,,Plein jour,En agglomération,Intersection en Y,Normale,Deux véhicules - côté,,,,,,,,,,,1,2,4,1,3
200500036158,0005-06-22 12:30:00,5,6,22,12,30,840,7.0,OULLE (Allées de l'),,,Plein jour,En agglomération,Hors intersection,Normale,Deux véhicules - côté,,,,,,,,,,,1,2,1,1,3
200500036159,0005-06-22 16:15:00,5,6,22,16,15,840,7.0,PIERRE SEMARD (avenue),,,Plein jour,En agglomération,Intersection en T,Normale,Autre collision,,,,,,,,,,,1,2,3,1,6
200500036160,0005-06-26 00:35:00,5,6,26,0,35,840,7.0,"70, TRILLADE (avenue de",,,Nuit avec éclairage allumé,En agglomération,Hors intersection,Normale,Autre collision,,,,,,,,,,,5,2,1,1,6
200500036161,0005-06-27 08:35:00,5,6,27,8,35,840,7.0,MONTFAVET (Route),,,Plein jour,En agglomération,Intersection en T,Normale,Deux véhicules - côté,,,,,,,,,,,1,2,3,1,3
200500036162,0005-06-27 19:45:00,5,6,27,19,45,840,7.0,"16, SAINT RUF (Avenue)",,,Plein jour,En agglomération,Hors intersection,Normale,Deux véhicules - arrière,,,,,,,,,,,1,2,1,1,2
200500036163,0005-06-29 08:15:00,5,6,29,8,15,840,7.0,SIXTE ISNARD (Boulevard),,,Plein jour,En agglomération,Intersection en T,Normale,Deux véhicules - côté,,,,,,,,,,,1,2,3,1,3
200500036164,0005-06-29 14:20:00,5,6,29,14,20,840,7.0,Louis Pasteur (rue),,,Plein jour,En agglomération,Hors intersection,Normale,Autre collision,,,,,,,,,,,1,2,1,1,6
200500036165,0005-06-01 10:15:00,5,6,1,10,15,840,35.0,"77, FOLLEREAU (AVENUE RA",,,Plein jour,En agglomération,Hors intersection,Normale,Deux véhicules - côté,,,,,,,,,,,1,2,1,1,3
200500036166,0005-06-02 13:32:00,5,6,2,13,32,840,35.0,"25, GUENDE (ALLEE)",,,Plein jour,En agglomération,Hors intersection,Normale,Autre collision,,,,,,,,,,,1,2,1,1,6
200500036167,0005-06-06 07:30:00,5,6,6,7,30,840,35.0,"50, LECLERC (AVENUE DU G",,,Plein jour,En agglomération,Hors intersection,Normale,Autre collision,,,,,,,,,,,1,2,1,1,6
200500036168,0005-06-10 09:21:00,5,6,10,9,21,840,35.0,"160, PONT (AVENUE DU)",,,Plein jour,En agglomération,Hors intersection,Normale,Trois véhicules et plus - en chaîne,,,,,,,,,,,1,2,1,1,4
200500036169,0005-06-15 09:00:00,5,6,15,9,0,840,35.0,"00, BELLEVUE (CARREFOUR)",,,Plein jour,En agglomération,Hors intersection,Normale,Deux véhicules - frontale,,,,,,,,,,,1,2,1,1,1
200500036170,0005-06-17 12:05:00,5,6,17,12,5,840,35.0,"00, MONNET (RUE JEAN)",,,Plein jour,En agglomération,Hors intersection,Normale,Deux véhicules - frontale,,,,,,,,,,,1,2,1,1,1
200500036171,0005-06-17 15:19:00,5,6,17,15,19,840,35.0,"00, HUGO (COURS VICTOR)",,,Plein jour,En agglomération,Hors intersection,Normale,Deux véhicules - arrière,,,,,,,,,,,1,2,1,1,2
200500036172,0005-06-18 17:00:00,5,6,18,17,0,840,35.0,"00, LECLERC",,,Plein jour,En agglomération,Hors intersection,Normale,Autre collision,,,,,,,,,,,1,2,1,1,6
200500036173,0005-06-20 17:05:00,5,6,20,17,5,840,35.0,"00, FOLLEREAU (AVENUE RA",,,Plein jour,En agglomération,Hors intersection,Normale,Deux véhicules - frontale,,,,,,,,,,,1,2,1,1,1
200500036174,0005-06-21 11:53:00,5,6,21,11,53,840,35.0,"00, LIBERATION (AVENUE D",,,Plein jour,En agglomération,Hors intersection,Normale,Deux véhicules - côté,,,,,,,,,,,1,2,1,1,3
200500036175,0005-06-23 16:40:00,5,6,23,16,40,840,35.0,"00, GAMBETTA (COURS LEON",,,Plein jour,En agglomération,Hors intersection,Normale,Deux véhicules - côté,,,,,,,,,,,1,2,1,1,3
200500036176,0005-06-23 17:29:00,5,6,23,17,29,840,35.0,"00, LIBERATION (AVENUE D",,,Plein jour,En agglomération,Hors intersection,Normale,Deux véhicules - frontale,,,,,,,,,,,1,2,1,1,1
200500036177,0005-06-29 12:00:00,5,6,29,12,0,840,35.0,"00, BELLEVUE (CARREFOUR)",,,Plein jour,En agglomération,Hors intersection,Normale,Deux véhicules - frontale,,,,,,,,,,,1,2,1,1,1
200500036178,0005-06-30 13:57:00,5,6,30,13,57,840,35.0,"00, VIGNERES-RD98 (ROUTE",,,Plein jour,Hors agglomération,Hors intersection,Normale,Sans collision,,,,,,,,,,,1,1,1,1,7
200500036179,0005-06-17 07:40:00,5,6,17,7,40,840,87.0,ROUTE D'AVIGNON,,,Plein jour,Hors agglomération,Hors intersection,Normale,Trois véhicules et plus - collisions multiples,,,,,,,,,,,1,1,1,1,5
200500036180,0005-06-22 17:50:00,5,6,22,17,50,840,87.0,LYON (ROUTE DE),,,Plein jour,Hors agglomération,Hors intersection,Normale,Sans collision,,,,,,,,,,,1,1,1,1,7
200500036181,0005-06-24 19:10:00,5,6,24,19,10,840,87.0,JONQUIERES (ROUTE DE),,,Plein jour,En agglomération,Intersection en X,Normale,Deux véhicules - côté,,,,,,,,,,,1,2,2,1,3
200500036182,0005-06-25 18:00:00,5,6,25,18,0,840,87.0,"1, ROUTE ANCIENNE ORANGE",,,Plein jour,Hors agglomération,Hors intersection,Normale,Autre collision,,,,,,,,,,,1,1,1,1,6
200500036183,0005-06-29 12:50:00,5,6,29,12,50,840,89.0,ANSOUIS (ROUTE D'),,,Plein jour,Hors agglomération,Intersection en X,Normale,Deux véhicules - côté,,,,,,,,,,,1,1,2,1,3
200500036184,0005-06-04 15:38:00,5,6,4,15,38,850,191.0,"0, ARTISANS RUE DES",,,Plein jour,En agglomération,Intersection en T,Normale,Deux véhicules - côté,,,,,,,,,,,1,2,3,1,3
200500036185,0005-06-09 07:50:00,5,6,9,7,50,850,191.0,"0, NAPOLEON PLACE",,,Plein jour,En agglomération,Hors intersection,Normale,Deux véhicules - côté,,,,,,,,,,,1,2,1,1,3
200500036186,0005-06-26 03:00:00,5,6,26,3,0,850,191.0,"0, LECLERC BOULEVARD DU",,,Nuit sans éclairage public,En agglomération,Hors intersection,Normale,Sans collision,,,,,,,,,,,3,2,1,1,7
200500036187,0005-06-27 10:25:00,5,6,27,10,25,850,194.0,"., TABARLY (BOULEVARD ER",,,Plein jour,En agglomération,Hors intersection,Normale,Sans collision,,,,,,,,,,,1,2,1,1,7
200500036188,0005-06-07 03:55:00,5,6,7,3,55,850,194.0,"., RHIN ET DANUBE (AVENU",,,Nuit avec éclairage allumé,En agglomération,Hors intersection,Normale,Autre collision,,,,,,,,,,,5,2,1,1,6
200500036189,0005-06-16 17:00:00,5,6,16,17,0,850,194.0,GAULLE (RUE CHARLES DE),,,Plein jour,En agglomération,Hors intersection,Normale,Deux véhicules - arrière,,,,,,,,,,,1,2,1,1,2
200500036190,0005-06-21 23:50:00,5,6,21,23,50,850,194.0,"., CLEMENCEAU (PROMENADE",,,Nuit avec éclairage allumé,En agglomération,Hors intersection,Normale,Sans collision,,,,,,,,,,,5,2,1,1,7
200500036191,0005-06-05 03:22:00,5,6,5,3,22,860,66.0,ROUTE NATIONALE 10,,,Nuit avec éclairage non allumé,En agglomération,Hors intersection,Normale,Sans collision,,,,,,,,,,,4,2,1,1,7
200500036192,0005-06-30 12:10:00,5,6,30,12,10,860,66.0,"1, PEGUY (RUE CHARLES)",,,Plein jour,En agglomération,Hors intersection,Normale,Deux véhicules - frontale,,,,,,,,,,,1,2,1,1,1
200500036193,0005-06-01 00:01:00,5,6,1,0,1,860,194.0,"18, JEANNE D'ARC (BOULEV",,,Nuit avec éclairage allumé,En agglomération,Hors intersection,Normale,Deux véhicules - côté,,,,,,,,,,,5,2,1,1,3
200500036194,0005-06-01 15:40:00,5,6,1,15,40,860,194.0,COURONNERIES (RUE DES),,,Plein jour,En agglomération,Intersection en X,Normale,Deux véhicules - côté,,,,,,,,,,,1,2,2,1,3
200500036195,0005-06-01 16:45:00,5,6,1,16,45,860,194.0,"166, PLATEAU DES GLIERES",,,Plein jour,En agglomération,Hors intersection,Normale,Deux véhicules - arrière,,,,,,,,,,,1,2,1,1,2
200500036196,0005-06-03 16:05:00,5,6,3,16,5,860,41.0,"105 BIS, PLANTY (RUE DU)",,,Plein jour,En agglomération,Hors intersection,Normale,Autre collision,,,,,,,,,,,1,2,1,1,6
200500036197,0005-06-09 18:25:00,5,6,9,18,25,860,194.0,"28, ROCHEREUIL (RUE DE)",,,Plein jour,En agglomération,Hors intersection,Normale,Autre collision,,,,,,,,,,,1,2,1,1,6
200500036198,0005-06-10 16:40:00,5,6,10,16,40,860,194.0,11 NOVEMBRE (AVENUE DU),,,Plein jour,En agglomération,Hors intersection,Normale,Autre collision,,,,,,,,,,,1,2,1,1,6
200500036199,0005-06-11 16:25:00,5,6,11,16,25,860,194.0,"9, CUEILLE MIREBALAISE (",,,Plein jour,En agglomération,Hors intersection,Normale,Sans collision,,,,,,,,,,,1,2,1,1,7
200500036200,0005-06-13 08:20:00,5,6,13,8,20,860,194.0,"., VICTOR GRIGNARD (RUE)",,,Plein jour,En agglomération,Hors intersection,Normale,Autre collision,,,,,,,,,,,1,2,1,1,6
200500036201,0005-06-13 11:25:00,5,6,13,11,25,860,194.0,"., HENRI OUDIN (RUE)",,,Plein jour,En agglomération,Intersection en Y,Normale,Autre collision,,,,,,,,,,,1,2,4,1,6
200500036202,0005-06-15 08:30:00,5,6,15,8,30,860,194.0,IASSY (AVENUE DE),,,Plein jour,En agglomération,Hors intersection,Normale,Autre collision,,,,,,,,,,,1,2,1,1,6
200500036203,0005-06-15 19:00:00,5,6,15,19,0,860,194.0,LATTRE DE TASSIGNY (BD D,,,Plein jour,En agglomération,Hors intersection,Pluie légère,Deux véhicules - arrière,,,,,,,,,,,1,2,1,2,2
200500036204,0005-06-16 18:15:00,5,6,16,18,15,860,194.0,11 NOVEMBRE (AVENUE DU),,,Plein jour,En agglomération,Intersection en X,Normale,Deux véhicules - côté,,,,,,,,,,,1,2,2,1,3
200500036205,0005-06-17 12:10:00,5,6,17,12,10,860,194.0,"., MILETRIE (RUE DE LA)",,,Plein jour,En agglomération,Hors intersection,Normale,Autre collision,,,,,,,,,,,1,2,1,1,6
200500036206,0005-06-18 20:20:00,5,6,18,20,20,860,194.0,"63, JEAN MERMOZ  (RUE)",,,Plein jour,En agglomération,Hors intersection,Normale,Autre collision,,,,,,,,,,,1,2,1,1,6
200500036207,0005-06-18 22:40:00,5,6,18,22,40,860,194.0,"66, TISON (BOULEVARD)",,,Nuit avec éclairage allumé,En agglomération,Hors intersection,Normale,Sans collision,,,,,,,,,,,5,2,1,1,7
200500036208,0005-06-18 22:50:00,5,6,18,22,50,860,133.0,"75, GRANDE RUE",,,Nuit avec éclairage allumé,En agglomération,Hors intersection,Normale,Autre collision,,,,,,,,,,,5,2,1,1,6
200500036209,0005-06-20 20:10:00,5,6,20,20,10,860,194.0,"28, ADRIENNE BOLLAND (RU",,,Plein jour,En agglomération,Hors intersection,Normale,Deux véhicules - côté,,,,,,,,,,,1,2,1,1,3
200500036210,0005-06-22 17:50:00,5,6,22,17,50,860,194.0,"293, NANTES (AVENUE DE)",,,Plein jour,En agglomération,Intersection en T,Normale,Deux véhicules - côté,,,,,,,,,,,1,2,3,1,3
200500036211,0005-06-23 10:05:00,5,6,23,10,5,860,214.0,11 NOVEMBRE (AVENUE DU),,,Plein jour,En agglomération,Hors intersection,Normale,Trois véhicules et plus - en chaîne,,,,,,,,,,,1,2,1,1,4
200500036212,0005-06-25 02:10:00,5,6,25,2,10,860,214.0,11 NOVEMBRE (AVENUE DU),,,Nuit avec éclairage allumé,En agglomération,Hors intersection,Normale,Autre collision,,,,,,,,,,,5,2,1,1,6
200500036213,0005-06-26 05:00:00,5,6,26,5,0,860,133.0,,,,Nuit sans éclairage public,Hors agglomération,Hors intersection,Pluie forte,Deux véhicules - arrière,,,,,,,,,,,3,1,1,3,2
200500036214,0005-06-27 16:35:00,5,6,27,16,35,860,214.0,CHANTEJEAU (RUE DE),,,Plein jour,En agglomération,Hors intersection,Normale,Trois véhicules et plus - collisions multiples,,,,,,,,,,,1,2,1,1,5
200500036215,0005-06-28 18:00:00,5,6,28,18,0,860,194.0,BONNEUIL MATOURS (ROUTE,,,Plein jour,Hors agglomération,Intersection en T,Pluie légère,Autre collision,,,,,,,,,,,1,1,3,2,6
200500036216,0005-06-29 02:15:00,5,6,29,2,15,860,194.0,ROCADE OUEST (RN10),,,Nuit sans éclairage public,Hors agglomération,Hors intersection,Normale,Autre collision,,,,,,,,,,,3,1,1,1,6
200500036217,0005-06-29 13:15:00,5,6,29,13,15,860,194.0,"43, GRAND CERF (BOULEVAR",,,Plein jour,En agglomération,Hors intersection,Normale,Autre collision,,,,,,,,,,,1,2,1,1,6
200500036218,0005-06-30 12:50:00,5,6,30,12,50,860,157.0,NOUAILLE (ROUTE DE),,,Plein jour,Hors agglomération,Hors intersection,Pluie forte,Autre collision,,,,,,,,,,,1,1,1,3,6
200500036219,0005-06-01 08:20:00,5,6,1,8,20,870,75.0,RN 21,,,Plein jour,En agglomération,Hors intersection,Normale,Autre collision,,,,,,,,,,,1,2,1,1,6
200500036220,0005-06-01 12:18:00,5,6,1,12,18,870,85.0,"228, LECLERC (AVENUE DU",,,Plein jour,En agglomération,Hors intersection,Normale,Deux véhicules - frontale,,,,,,,,,,,1,2,1,1,1
200500036221,0005-06-02 14:43:00,5,6,2,14,43,870,85.0,AUTOROUTE A20,,,Plein jour,Hors agglomération,Hors intersection,Normale,Autre collision,,,,,,,,,,,1,1,1,1,6
200500036222,0005-06-02 20:35:00,5,6,2,20,35,870,65.0,"10, VALIN (AVENUE MARTIA",,,Plein jour,En agglomération,Hors intersection,Normale,Deux véhicules - côté,,,,,,,,,,,1,2,1,1,3
200500036223,0005-06-03 15:00:00,5,6,3,15,0,870,75.0,D20,,,Plein jour,En agglomération,Hors intersection,Normale,Autre collision,,,,,,,,,,,1,2,1,1,6
200500036224,0005-06-05 00:25:00,5,6,5,0,25,870,85.0,AUTOROUTE A20,,,Nuit avec éclairage allumé,Hors agglomération,Hors intersection,Normale,Deux véhicules - côté,,,,,,,,,,,5,1,1,1,3
200500036225,0005-06-06 13:35:00,5,6,6,13,35,870,85.0,ROCHE (IMPASSE ET RUE DE,,,Plein jour,En agglomération,Intersection en T,Normale,Deux véhicules - côté,,,,,,,,,,,1,2,3,1,3
200500036226,0005-06-09 08:30:00,5,6,9,8,30,870,85.0,"0, PONT NEUF",,,Plein jour,En agglomération,Intersection en X,Normale,Deux véhicules - côté,,,,,,,,,,,1,2,2,1,3
200500036227,0005-06-09 13:20:00,5,6,9,13,20,870,85.0,"2, LABROUSSE (Rue Pierre",,,Plein jour,En agglomération,Intersection en X,Normale,Deux véhicules - côté,,,,,,,,,,,1,2,2,1,3
200500036228,0005-06-10 09:10:00,5,6,10,9,10,870,85.0,"14, DUMAS (AVENUE GEORGE",,,Plein jour,En agglomération,Hors intersection,Normale,Trois véhicules et plus - en chaîne,,,,,,,,,,,1,2,1,1,4