accident_id,datetime,annee,mois,jour,heure,minute,departement,commune_insee,adresse,latitude,longitude,luminosite,agglomeration,intersection,meteo,collision,nb_vehicules,nb_usagers,nb_indemnes,nb_tues,nb_blesses_hosp,nb_blesses_legers,age_cond_1,age_cond_2,veh_type_cond_1,veh_type_cond_2,lum_code,agg_code,int_code,atm_code,col_code
200500036229,0005-06-12 09:30:00,5,6,12,9,30,870,85.0,"2, BLANCHET (RUE ETIENNE",,,Plein jour,En agglomération,Intersection en X,Normale,Deux véhicules - côté,,,,,,,,,,,1,2,2,1,3
200500036230,0005-06-13 12:46:00,5,6,13,12,46,870,85.0,"280, PERRIN (RUE FRANCOI",,,Plein jour,En agglomération,Hors intersection,Normale,Sans collision,,,,,,,,,,,1,2,1,1,7
200500036231,0005-06-14 16:30:00,5,6,14,16,30,870,85.0,"38, BUISSON (RUE FERDINA",,,Plein jour,En agglomération,Hors intersection,Normale,Deux véhicules - arrière,,,,,,,,,,,1,2,1,1,2
200500036232,0005-06-15 17:33:00,5,6,15,17,33,870,85.0,"23, SAINT GENCE (RUE DE)",,,Plein jour,En agglomération,Hors intersection,Normale,Autre collision,,,,,,,,,,,1,2,1,1,6
200500036233,0005-06-16 07:27:00,5,6,16,7,27,870,85.0,DUMAS (AVENUE GEORGES),,,Plein jour,En agglomération,Intersection en X,Normale,Deux véhicules - côté,,,,,,,,,,,1,2,2,1,3
200500036234,0005-06-16 10:55:00,5,6,16,10,55,870,85.0,"55, CASSEAUX (AVENUE DES",,,Plein jour,En agglomération,Hors intersection,Pluie légère,Autre collision,,,,,,,,,,,1,2,1,2,6
200500036235,0005-06-16 23:24:00,5,6,16,23,24,870,85.0,AUTOROUTE A20,,,Nuit avec éclairage allumé,Hors agglomération,Hors intersection,Normale,Trois véhicules et plus - collisions multiples,,,,,,,,,,,5,1,1,1,5
200500036236,0005-06-17 13:48:00,5,6,17,13,48,870,85.0,"21, COURTHEILLAS (RUE)",,,Plein jour,En agglomération,Hors intersection,Normale,Autre collision,,,,,,,,,,,1,2,1,1,6
200500036237,0005-06-17 19:08:00,5,6,17,19,8,870,85.0,"110, RUBEN (AVENUE ERNES",,,Plein jour,En agglomération,Hors intersection,Normale,Autre collision,,,,,,,,,,,1,2,1,1,6
200500036238,0005-06-17 17:31:00,5,6,17,17,31,870,85.0,"56, LIBERATION (AVENUE D",,,Plein jour,En agglomération,Hors intersection,Normale,Deux véhicules - côté,,,,,,,,,,,1,2,1,1,3
200500036239,0005-06-18 18:30:00,5,6,18,18,30,870,85.0,GOUJAUD (QUAI LOUIS),,,Plein jour,En agglomération,Hors intersection,Normale,Deux véhicules - arrière,,,,,,,,,,,1,2,1,1,2
200500036240,0005-06-19 12:23:00,5,6,19,12,23,870,85.0,"95, BELLAC (RUE DE)",,,Plein jour,En agglomération,Hors intersection,Normale,Deux véhicules - côté,,,,,,,,,,,1,2,1,1,3
200500036241,0005-06-19 22:40:00,5,6,19,22,40,870,85.0,"58, BEL AIR (BOULEVARD D",,,Nuit avec éclairage allumé,En agglomération,Hors intersection,Normale,Autre collision,,,,,,,,,,,5,2,1,1,6
200500036242,0005-06-20 15:00:00,5,6,20,15,0,870,85.0,"2, RESISTANCE LIMOUSINE",,,Plein jour,En agglomération,Hors intersection,Normale,Deux véhicules - arrière,,,,,,,,,,,1,2,1,1,2
200500036243,0005-06-21 11:40:00,5,6,21,11,40,870,85.0,"81, LECLERC (AVENUE DU G",,,Plein jour,En agglomération,Hors intersection,Normale,Trois véhicules et plus - en chaîne,,,,,,,,,,,1,2,1,1,4
200500036244,0005-06-21 15:35:00,5,6,21,15,35,870,85.0,BRIAND (RUE ARISTIDE),,,Plein jour,En agglomération,Autre intersection,Normale,Deux véhicules - côté,,,,,,,,,,,1,2,9,1,3
200500036245,0005-06-23 15:15:00,5,6,23,15,15,870,85.0,D20,,,Plein jour,En agglomération,Hors intersection,Normale,Deux véhicules - arrière,,,,,,,,,,,1,2,1,1,2
200500036246,0005-06-23 18:25:00,5,6,23,18,25,870,85.0,"33, BAUDIN (AVENUE)",,,Plein jour,En agglomération,Hors intersection,Normale,Deux véhicules - frontale,,,,,,,,,,,1,2,1,1,1
200500036247,0005-06-23 18:10:00,5,6,23,18,10,870,85.0,"2, BELLEGARDE(RUE DU PET",,,Plein jour,En agglomération,Hors intersection,Normale,Sans collision,,,,,,,,,,,1,2,1,1,7
200500036248,0005-06-24 18:10:00,5,6,24,18,10,870,85.0,"211, LATTRE-DE-TASSIGNY",,,Plein jour,En agglomération,Hors intersection,Normale,Deux véhicules - côté,,,,,,,,,,,1,2,1,1,3
200500036249,0005-06-25 07:00:00,5,6,25,7,0,870,50.0,RN 147,,,Plein jour,En agglomération,Hors intersection,Normale,Deux véhicules - frontale,,,,,,,,,,,1,2,1,1,1
200500036250,0005-06-25 11:00:00,5,6,25,11,0,870,85.0,EUROPE (CARREFOUR DE L'),,,Plein jour,En agglomération,Hors intersection,Normale,Sans collision,,,,,,,,,,,1,2,1,1,7
200500036251,0005-06-27 18:38:00,5,6,27,18,38,870,85.0,"56, CLAUDEL (RUE PAUL)",,,Plein jour,En agglomération,Hors intersection,Normale,Trois véhicules et plus - collisions multiples,,,,,,,,,,,1,2,1,1,5
200500036252,0005-06-25 14:55:00,5,6,25,14,55,870,85.0,"60, VARLIN (RUE EUGENE)",,,Plein jour,En agglomération,Hors intersection,Normale,Sans collision,,,,,,,,,,,1,2,1,1,7
200500036253,0005-06-25 14:50:00,5,6,25,14,50,870,113.0,LECLERC (RUE DU MARECHAL,,,Plein jour,En agglomération,Hors intersection,Normale,Sans collision,,,,,,,,,,,1,2,1,1,7
200500036254,0005-06-26 13:48:00,5,6,26,13,48,870,85.0,"13, DETAILLE (RUE)",,,Plein jour,En agglomération,Hors intersection,Normale,Deux véhicules - côté,,,,,,,,,,,1,2,1,1,3
200500036255,0005-06-27 14:48:00,5,6,27,14,48,870,85.0,"223, BRIAND (RUE ARISTID",,,Plein jour,En agglomération,Hors intersection,Normale,Deux véhicules - côté,,,,,,,,,,,1,2,1,1,3
200500036256,0005-06-28 11:40:00,5,6,28,11,40,870,85.0,"3, GAY-LUSSAC (COURS)",,,Plein jour,En agglomération,Hors intersection,Normale,Deux véhicules - côté,,,,,,,,,,,1,2,1,1,3
200500036257,0005-06-28 18:30:00,5,6,28,18,30,870,85.0,"58, LIBERATION (AVENUE D",,,Plein jour,En agglomération,Hors intersection,Normale,Autre collision,,,,,,,,,,,1,2,1,1,6
200500036258,0005-06-28 18:20:00,5,6,28,18,20,870,48.0,RD 11A,,,Plein jour,En agglomération,Hors intersection,Normale,Sans collision,,,,,,,,,,,1,2,1,1,7
200500036259,0005-06-29 08:45:00,5,6,29,8,45,870,85.0,BORIE (BOULEVARD DE LA),,,Plein jour,En agglomération,Hors intersection,Normale,Deux véhicules - côté,,,,,,,,,,,1,2,1,1,3
200500036260,0005-06-29 13:02:00,5,6,29,13,2,870,113.0,"57, MITTERRAND (AVENUE F",,,Plein jour,En agglomération,Hors intersection,Normale,Autre collision,,,,,,,,,,,1,2,1,1,6
200500036261,0005-06-30 09:33:00,5,6,30,9,33,870,85.0,AUTOROUTE A20,,,Plein jour,Hors agglomération,Hors intersection,Normale,Autre collision,,,,,,,,,,,1,1,1,1,6
200500036262,0005-06-30 12:00:00,5,6,30,12,0,870,85.0,"22, LATTRE-DE-TASSIGNY (",,,Plein jour,En agglomération,Hors intersection,Normale,Sans collision,,,,,,,,,,,1,2,1,1,7
200500036263,0005-06-30 18:37:00,5,6,30,18,37,870,85.0,"31, GAGNANT (AVENUE JEAN",,,Plein jour,En agglomération,Hors intersection,Pluie légère,Autre collision,,,,,,,,,,,1,2,1,2,6
200500036264,0005-06-30 23:30:00,5,6,30,23,30,870,75.0,RN 21,,,Nuit avec éclairage allumé,En agglomération,Hors intersection,Normale,Autre collision,,,,,,,,,,,5,2,1,1,6
200500036265,0005-06-14 09:25:00,5,6,14,9,25,880,209.0,"29, FORGES (RTE. DES)",,,Plein jour,En agglomération,Hors intersection,Pluie légère,Deux véhicules - frontale,,,,,,,,,,,1,2,1,2,1
200500036266,0005-06-21 13:40:00,5,6,21,13,40,880,160.0,"43, THIERS (RUE)",,,Plein jour,En agglomération,Hors intersection,Normale,Autre collision,,,,,,,,,,,1,2,1,1,6
200500036267,0005-06-04 00:05:00,5,6,4,0,5,880,160.0,"21, GILBERT GRANDVAL (RU",,,Nuit avec éclairage allumé,En agglomération,Hors intersection,Normale,Deux véhicules - frontale,,,,,,,,,,,5,2,1,1,1
200500036268,0005-06-03 09:00:00,5,6,3,9,0,880,160.0,"63, KENNEDY (AV. PRESIDE",,,Plein jour,En agglomération,Hors intersection,Normale,Autre collision,,,,,,,,,,,1,2,1,1,6
200500036269,0005-06-19 15:10:00,5,6,19,15,10,880,209.0,"1, MOSELLE (RUE DE LA)",,,Plein jour,En agglomération,Hors intersection,Normale,Autre collision,,,,,,,,,,,1,2,1,1,6
200500036270,0005-06-24 18:30:00,5,6,24,18,30,880,160.0,"18, Tranchée de Docelles",,,Plein jour,En agglomération,Hors intersection,Normale,Deux véhicules - arrière,,,,,,,,,,,1,2,1,1,2
200500036271,0005-06-24 08:15:00,5,6,24,8,15,880,160.0,"17, VITU (RUE ANDRE-)",,,Plein jour,En agglomération,Hors intersection,Normale,Autre collision,,,,,,,,,,,1,2,1,1,6
200500036272,0005-06-16 14:30:00,5,6,16,14,30,880,413.0,"0, Baligan ( Rue )",,,Plein jour,En agglomération,Hors intersection,Normale,Autre collision,,,,,,,,,,,1,2,1,1,6
200500036273,0005-06-18 19:30:00,5,6,18,19,30,880,424.0,"0,  Déportés  (  Rue des",,,Plein jour,En agglomération,Hors intersection,Normale,Deux véhicules - frontale,,,,,,,,,,,1,2,1,1,1
200500036274,0005-06-20 19:00:00,5,6,20,19,0,880,413.0,"0, Petit- St- Dié  ( Rue",,,Plein jour,En agglomération,Hors intersection,Normale,Autre collision,,,,,,,,,,,1,2,1,1,6
200500036275,0005-06-24 11:55:00,5,6,24,11,55,880,428.0,"614,  St Michel ( Rue de",,,Plein jour,En agglomération,Hors intersection,Normale,Deux véhicules - côté,,,,,,,,,,,1,2,1,1,3
200500036276,0005-06-02 14:40:00,5,6,2,14,40,890,24.0,PAUL BERT (PONT),,,Plein jour,En agglomération,Intersection en X,Normale,Deux véhicules - côté,,,,,,,,,,,1,2,2,1,3
200500036277,0005-06-03 15:25:00,5,6,3,15,25,890,24.0,11 NOVEMBRE (BOULEVARD D,,,Plein jour,En agglomération,Intersection en X,Pluie légère,Autre collision,,,,,,,,,,,1,2,2,2,6
200500036278,0005-06-09 06:00:00,5,6,9,6,0,890,24.0,JEAN JAURES (AVENUE),,,Plein jour,En agglomération,Intersection en X,Normale,Autre collision,,,,,,,,,,,1,2,2,1,6
200500036279,0005-06-17 13:30:00,5,6,17,13,30,890,24.0,VIADUC (RUE DU),,,Plein jour,En agglomération,Intersection en X,Normale,Deux véhicules - côté,,,,,,,,,,,1,2,2,1,3
200500036280,0005-06-25 16:30:00,5,6,25,16,30,890,24.0,VALLAN (ROUTE DE) N° IMP,,,Plein jour,En agglomération,Intersection en X,Normale,Deux véhicules - frontale,,,,,,,,,,,1,2,2,1,1
200500036281,0005-06-17 16:45:00,5,6,17,16,45,890,24.0,"17, HAUSSMANN (AVENUE)",,,Plein jour,En agglomération,Hors intersection,Normale,Deux véhicules - frontale,,,,,,,,,,,1,2,1,1,1
200500036282,0005-06-26 20:10:00,5,6,26,20,10,890,24.0,VALLAN (ROUTE DE) N° IMP,,,Plein jour,Hors agglomération,Hors intersection,Normale,Deux véhicules - frontale,,,,,,,,,,,1,1,1,1,1
200500036283,0005-06-16 07:45:00,5,6,16,7,45,890,387.0,"0, BELLOCIER (RUE)",,,Plein jour,En agglomération,Intersection en X,Normale,Autre collision,,,,,,,,,,,1,2,2,1,6
200500036284,0005-06-22 19:35:00,5,6,22,19,35,890,338.0,"0, REPUBLIQUE (RUE DE LA",,,Plein jour,En agglomération,Intersection en X,Normale,Deux véhicules - côté,,,,,,,,,,,1,2,2,1,3
200500036285,0005-06-23 11:50:00,5,6,23,11,50,890,387.0,"0, RENE BINET (RUE)",,,Plein jour,En agglomération,Intersection en X,Normale,Deux véhicules - côté,,,,,,,,,,,1,2,2,1,3
200500036286,0005-06-29 18:10:00,5,6,29,18,10,890,387.0,"0, ROUTE NATIONALE 6",,,Plein jour,En agglomération,Hors intersection,Pluie légère,Trois véhicules et plus - collisions multiples,,,,,,,,,,,1,2,1,2,5
200500036287,0005-06-28 12:00:00,5,6,28,12,0,890,338.0,CD 23,,,Plein jour,Hors agglomération,Hors intersection,Normale,Deux véhicules - arrière,,,,,,,,,,,1,1,1,1,2
200500036288,0005-06-01 17:00:00,5,6,1,17,0,900,10.0,"11, ANCETRES (FAUBOURG D",,,Plein jour,En agglomération,Hors intersection,Normale,Autre collision,,,,,,,,,,,1,2,1,1,6
200500036289,0005-06-01 20:10:00,5,6,1,20,10,900,10.0,"30-32, BLUM (RUE LEON)",,,Plein jour,En agglomération,Hors intersection,Normale,Autre collision,,,,,,,,,,,1,2,1,1,6
200500036290,0005-06-03 14:00:00,5,6,3,14,0,900,10.0,"89, MOULIN (RUE JEAN)",,,Plein jour,En agglomération,Hors intersection,Normale,Deux véhicules - arrière,,,,,,,,,,,1,2,1,1,2
200500036291,0005-06-08 14:25:00,5,6,8,14,25,900,10.0,"12, ACCACIAS (RUE DES)",,,Plein jour,En agglomération,Hors intersection,Normale,Sans collision,,,,,,,,,,,1,2,1,1,7
200500036292,0005-06-09 14:50:00,5,6,9,14,50,900,10.0,"102, JAURES (AVENUE JEAN",,,Plein jour,En agglomération,Intersection en T,Normale,Deux véhicules - frontale,,,,,,,,,,,1,2,3,1,1
200500036293,0005-06-13 15:30:00,5,6,13,15,30,900,10.0,ALTKIRCH (AVENUE),,,Plein jour,En agglomération,Giratoire,Normale,Deux véhicules - côté,,,,,,,,,,,1,2,6,1,3
200500036294,0005-06-17 18:30:00,5,6,17,18,30,900,10.0,"3, MOULIN (AVENUE JEAN)",,,Plein jour,En agglomération,Hors intersection,Normale,Autre collision,,,,,,,,,,,1,2,1,1,6
200500036295,0005-06-18 18:25:00,5,6,18,18,25,900,10.0,"71, JAURES (AVENUE JEAN)",,,Plein jour,En agglomération,Hors intersection,Normale,Deux véhicules - côté,,,,,,,,,,,1,2,1,1,3
200500036296,0005-06-20 16:30:00,5,6,20,16,30,900,10.0,"27, CHAMP DE MARS (AVENU",,,Plein jour,En agglomération,Intersection en T,Normale,Deux véhicules - côté,,,,,,,,,,,1,2,3,1,3
200500036297,0005-06-20 17:10:00,5,6,20,17,10,900,29.0,"1, SALBERT (RUE DU)",,,Plein jour,En agglomération,Hors intersection,Normale,Deux véhicules - côté,,,,,,,,,,,1,2,1,1,3
200500036298,0005-06-21 18:50:00,5,6,21,18,50,900,10.0,JAURES (AVENUE JEAN) DE,,,Plein jour,En agglomération,Hors intersection,Normale,Deux véhicules - côté,,,,,,,,,,,1,2,1,1,3
200500036299,0005-06-22 17:10:00,5,6,22,17,10,900,8.0,BELFORT (RUE DE),,,Plein jour,En agglomération,Hors intersection,Normale,Deux véhicules - côté,,,,,,,,,,,1,2,1,1,3
200500036300,0005-06-23 07:50:00,5,6,23,7,50,900,10.0,FOCH (AVENUE),,,Plein jour,En agglomération,Hors intersection,Normale,Deux véhicules - arrière,,,,,,,,,,,1,2,1,1,2
200500036301,0005-06-23 23:10:00,5,6,23,23,10,900,10.0,"1, KOECHLIN (AVENUE)",,,Nuit avec éclairage allumé,En agglomération,Hors intersection,Normale,Sans collision,,,,,,,,,,,5,2,1,1,7
200500036302,0005-06-24 11:00:00,5,6,24,11,0,900,99.0,TURENNE (RUE DE),,,Plein jour,En agglomération,Hors intersection,Normale,Deux véhicules - arrière,,,,,,,,,,,1,2,1,1,2
200500036303,0005-06-25 20:00:00,5,6,25,20,0,900,10.0,"face au 11, THIERS (RUE)",,,Plein jour,En agglomération,Hors intersection,Normale,Autre collision,,,,,,,,,,,1,2,1,1,6
200500036304,0005-06-26 20:55:00,5,6,26,20,55,900,10.0,"19, WILSON (AVENUE)",,,Crépuscule ou aube,En agglomération,Hors intersection,Normale,Autre collision,,,,,,,,,,,2,2,1,1,6
200500036305,0005-06-03 17:00:00,5,6,3,17,0,910,103.0,"1, GUYNEMER GEORGES (AVE",,,Plein jour,En agglomération,Hors intersection,Normale,Sans collision,,,,,,,,,,,1,2,1,1,7
200500036306,0005-06-06 14:00:00,5,6,6,14,0,910,103.0,"24, DE GAULLE   (AVENUE",,,Plein jour,En agglomération,Hors intersection,Pluie légère,Deux véhicules - frontale,,,,,,,,,,,1,2,1,2,1
200500036307,0005-06-10 08:40:00,5,6,10,8,40,910,425.0,"60, RN 20",,,Plein jour,En agglomération,Hors intersection,Normale,Deux véhicules - arrière,,,,,,,,,,,1,2,1,1,2
200500036308,0005-06-20 19:20:00,5,6,20,19,20,910,103.0,"01, CD 19",,,Plein jour,Hors agglomération,Hors intersection,Normale,Deux véhicules - arrière,,,,,,,,,,,1,1,1,1,2
200500036309,0005-06-26 19:50:00,5,6,26,19,50,910,103.0,", SAINT VINCENT (RUE)",,,Plein jour,Hors agglomération,Hors intersection,Normale,Deux véhicules - frontale,,,,,,,,,,,1,1,1,1,1
200500036310,0005-06-28 18:30:00,5,6,28,18,30,910,339.0,RN 20,,,Plein jour,Hors agglomération,Hors intersection,Normale,Trois véhicules et plus - en chaîne,,,,,,,,,,,1,1,1,1,4
200500036311,0005-06-29 14:40:00,5,6,29,14,40,910,103.0,"4, CAMUS ALBERT (RUE)",,,Plein jour,En agglomération,Hors intersection,Normale,Autre collision,,,,,,,,,,,1,2,1,1,6
200500036312,0005-06-29 15:30:00,5,6,29,15,30,910,103.0,"20, DIX NEUF MARS 1962 (",,,Plein jour,Hors agglomération,Intersection en X,Normale,Autre collision,,,,,,,,,,,1,1,2,1,6
200500036313,0005-06-30 13:30:00,5,6,30,13,30,910,103.0,", CORBEIL (ROUTE DE)",,,Plein jour,En agglomération,Hors intersection,Normale,Deux véhicules - frontale,,,,,,,,,,,1,2,1,1,1
200500036314,0005-06-01 07:10:00,5,6,1,7,10,910,479.0,"0, FONTAINEBLEAU (BOULEV",,,Plein jour,En agglomération,Hors intersection,Normale,Autre collision,,,,,,,,,,,1,2,1,1,6
200500036315,0005-06-10 11:45:00,5,6,10,11,45,910,479.0,"0, FONTAINEBLEAU (BOULEV",,,Plein jour,En agglomération,Hors intersection,Normale,Autre collision,,,,,,,,,,,1,2,1,1,6
200500036316,0005-06-13 16:30:00,5,6,13,16,30,910,27.0,"37, QUAI DE L'INDUSTRIE",,,Plein jour,En agglomération,Intersection en X,Normale,Autre collision,,,,,,,,,,,1,2,2,1,6
200500036317,0005-06-24 08:15:00,5,6,24,8,15,910,479.0,"0, GAULLE (AVENUE DU GEN",,,Plein jour,En agglomération,Intersection en X,Normale,Autre collision,,,,,,,,,,,1,2,2,1,6
200500036318,0005-06-24 14:45:00,5,6,24,14,45,910,27.0,"0, JAURES (AVENUE JEAN)",,,Plein jour,En agglomération,Intersection en X,Normale,Autre collision,,,,,,,,,,,1,2,2,1,6
200500036319,0005-06-03 22:50:00,5,6,3,22,50,910,215.0,HUIT MAI QUARANTE CINQ (,,,Nuit avec éclairage allumé,En agglomération,Hors intersection,Normale,Autre collision,,,,,,,,,,,5,2,1,1,6
200500036320,0005-06-07 19:50:00,5,6,7,19,50,910,97.0,CHARLES DE GAULLE (BOULE,,,Plein jour,En agglomération,Hors intersection,Normale,Autre collision,,,,,,,,,,,1,2,1,1,6
200500036321,0005-06-11 17:48:00,5,6,11,17,48,910,114.0,CERCAY (RUE DE),,,Plein jour,En agglomération,Hors intersection,Normale,Autre collision,,,,,,,,,,,1,2,1,1,6
200500036322,0005-06-12 01:35:00,5,6,12,1,35,910,114.0,GRES (RUE DES),,,Nuit sans éclairage public,En agglomération,Hors intersection,Normale,Autre collision,,,,,,,,,,,3,2,1,1,6
200500036323,0005-06-18 13:20:00,5,6,18,13,20,910,114.0,GENERAL LECLERC (AVENUE,,,Plein jour,En agglomération,Hors intersection,Normale,Autre collision,,,,,,,,,,,1,2,1,1,6
200500036324,0005-06-22 14:10:00,5,6,22,14,10,910,514.0,"24, BRUNOY (RUE DE)",,,Plein jour,En agglomération,Hors intersection,Normale,Autre collision,,,,,,,,,,,1,2,1,1,6
200500036325,0005-06-13 18:10:00,5,6,13,18,10,910,174.0,"0, MARECHAL DE LATTRE DE",,,Plein jour,En agglomération,Autre intersection,Normale,Deux véhicules - côté,,,,,,,,,,,1,2,9,1,3
200500036326,0005-06-13 09:00:00,5,6,13,9,0,910,174.0,"207, JOHN KENNEDY (BOULE",,,Plein jour,En agglomération,Hors intersection,Normale,Deux véhicules - côté,,,,,,,,,,,1,2,1,1,3
200500036327,0005-06-11 23:45:00,5,6,11,23,45,910,174.0,"18, BERTEAUX (rue Mauric",,,Nuit avec éclairage allumé,En agglomération,Hors intersection,Normale,Deux véhicules - frontale,,,,,,,,,,,5,2,1,1,1
200500036328,0005-06-04 19:15:00,5,6,4,19,15,910,201.0,PARC DES BERGERIES(RUE D,,,Plein jour,En agglomération,Hors intersection,Normale,Autre collision,,,,,,,,,,,1,2,1,1,6
200500036329,0005-06-10 20:45:00,5,6,10,20,45,910,657.0,HENRI CHARON (AVENUE),,,Plein jour,En agglomération,Hors intersection,Normale,Deux véhicules - frontale,,,,,,,,,,,1,2,1,1,1
200500036330,0005-06-11 10:50:00,5,6,11,10,50,910,657.0,HENRI CHARON (AVENUE),,,Plein jour,En agglomération,Hors intersection,Normale,Autre collision,,,,,,,,,,,1,2,1,1,6
200500036331,0005-06-12 14:00:00,5,6,12,14,0,910,657.0,TOURELLE (AVENUE DE LA ),,,Plein jour,En agglomération,Hors intersection,Normale,Deux véhicules - arrière,,,,,,,,,,,1,2,1,1,2
200500036332,0005-06-13 11:25:00,5,6,13,11,25,910,201.0,GENERAL DE GAULLE(BOULEV,,,Plein jour,En agglomération,Hors intersection,Normale,Deux véhicules - côté,,,,,,,,,,,1,2,1,1,3
200500036333,0005-06-13 17:00:00,5,6,13,17,0,910,201.0,RIS (RUE DE),,,Plein jour,En agglomération,Hors intersection,Normale,Deux véhicules - arrière,,,,,,,,,,,1,2,1,1,2
200500036334,0005-06-18 20:10:00,5,6,18,20,10,910,201.0,GENERAL DE GAULLE(BOULEV,,,Plein jour,En agglomération,Hors intersection,Normale,Autre collision,,,,,,,,,,,1,2,1,1,6
200500036335,0005-06-19 14:00:00,5,6,19,14,0,910,657.0,MARECHAL LECLERC (RUE) C,,,Plein jour,En agglomération,Hors intersection,Pluie légère,Autre collision,,,,,,,,,,,1,2,1,2,6
200500036336,0005-06-19 14:30:00,5,6,19,14,30,910,201.0,MARCELIN BERTHELOT(AVENU,,,Plein jour,En agglomération,Intersection en X,Normale,Deux véhicules - côté,,,,,,,,,,,1,2,2,1,3
200500036337,0005-06-22 13:00:00,5,6,22,13,0,910,201.0,HENRI BARBUSSE(BOULEVARD,,,Plein jour,En agglomération,Hors intersection,Normale,Deux véhicules - frontale,,,,,,,,,,,1,2,1,1,1
200500036338,0005-06-30 19:30:00,5,6,30,19,30,910,201.0,EUROPE(AVENUE DE L'),,,Plein jour,En agglomération,Hors intersection,Normale,Deux véhicules - frontale,,,,,,,,,,,1,2,1,1,1
200500036339,0005-06-03 11:00:00,5,6,3,11,0,910,223.0,BAS CANAL (CHEMIN DU),,,Plein jour,En agglomération,Hors intersection,Normale,Deux véhicules - côté,,,,,,,,,,,1,2,1,1,3
200500036340,0005-06-09 17:40:00,5,6,9,17,40,910,223.0,"1, LIBERATION (SQUARE DE",,,Plein jour,En agglomération,Intersection en X,Normale,Deux véhicules - côté,,,,,,,,,,,1,2,2,1,3
200500036341,0005-06-20 17:32:00,5,6,20,17,32,910,223.0,DE GAULLE (AVENUE CHARLE,,,Plein jour,En agglomération,Hors intersection,Normale,Deux véhicules - côté,,,,,,,,,,,1,2,1,1,3
200500036342,0005-06-23 15:05:00,5,6,23,15,5,910,223.0,"69, SAINT JACQUES (RUE)",,,Plein jour,En agglomération,Intersection en X,Normale,Autre collision,,,,,,,,,,,1,2,2,1,6
200500036343,0005-06-26 06:55:00,5,6,26,6,55,910,433.0,CD 63,,,Plein jour,Hors agglomération,Hors intersection,Pluie légère,Autre collision,,,,,,,,,,,1,1,1,2,6
200500036344,0005-06-29 14:55:00,5,6,29,14,55,910,223.0,COQUERIVE (AVENUE DE),,,Plein jour,En agglomération,Hors intersection,Normale,Trois véhicules et plus - en chaîne,,,,,,,,,,,1,2,1,1,4
200500036345,0005-06-03 17:00:00,5,6,3,17,0,910,182.0,"., TRAITE DE ROME (ROND-",,,Plein jour,En agglomération,Giratoire,Pluie légère,Deux véhicules - côté,,,,,,,,,,,1,2,6,2,3
200500036346,0005-06-06 15:10:00,5,6,6,15,10,910,228.0,"., VOIE TU",,,Plein jour,En agglomération,Hors intersection,Normale,Deux véhicules - côté,,,,,,,,,,,1,2,1,1,3
200500036347,0005-06-07 14:10:00,5,6,7,14,10,910,521.0,LIBERATION (AVENUE DE LA,,,Plein jour,En agglomération,Hors intersection,Normale,Deux véhicules - côté,,,,,,,,,,,1,2,1,1,3
200500036348,0005-06-16 19:35:00,5,6,16,19,35,910,521.0,"N°9, ESSONNE (AVENUE DE",,,Plein jour,En agglomération,Hors intersection,Normale,Autre collision,,,,,,,,,,,1,2,1,1,6
200500036349,0005-06-18 17:30:00,5,6,18,17,30,910,182.0,"., TRAITE DE ROME (ROND-",,,Plein jour,En agglomération,Hors intersection,Normale,Deux véhicules - arrière,,,,,,,,,,,1,2,1,1,2
200500036350,0005-06-14 18:30:00,5,6,14,18,30,910,228.0,"., VOIE TU",,,Plein jour,En agglomération,Hors intersection,Normale,Deux véhicules - côté,,,,,,,,,,,1,2,1,1,3
200500036351,0005-06-21 18:30:00,5,6,21,18,30,910,521.0,"9, GRIGNY (ROUTE DE)",,,Plein jour,En agglomération,Hors intersection,Normale,Autre collision,,,,,,,,,,,1,2,1,1,6
200500036352,0005-06-22 14:00:00,5,6,22,14,0,910,521.0,"., GRIGNY (ROUTE DE)",,,Plein jour,En agglomération,Intersection en X,Normale,Deux véhicules - côté,,,,,,,,,,,1,2,2,1,3
200500036353,0005-06-23 20:20:00,5,6,23,20,20,910,228.0,"., RIS A CORBEIL (CHEMIN",,,Plein jour,En agglomération,Hors intersection,Normale,Deux véhicules - frontale,,,,,,,,,,,1,2,1,1,1
200500036354,0005-06-23 22:20:00,5,6,23,22,20,910,228.0,"., CHAMPS ELYSEES (BD) N",,,Nuit avec éclairage allumé,En agglomération,Hors intersection,Normale,Autre collision,,,,,,,,,,,5,2,1,1,6
200500036355,0005-06-26 21:50:00,5,6,26,21,50,910,228.0,"., GENERAL PATTON (AVENU",,,Plein jour,En agglomération,Intersection en X,Normale,Deux véhicules - côté,,,,,,,,,,,1,2,2,1,3
200500036356,0005-06-28 14:00:00,5,6,28,14,0,910,228.0,"168, CHAMPS ELYSEES (BD)",,,Plein jour,En agglomération,Hors intersection,Normale,Deux véhicules - côté,,,,,,,,,,,1,2,1,1,3
200500036357,0005-06-30 15:20:00,5,6,30,15,20,910,228.0,"14, GENERAL PATTON (AVEN",,,Plein jour,En agglomération,Hors intersection,Normale,Autre collision,,,,,,,,,,,1,2,1,1,6
200500036358,0005-06-07 15:45:00,5,6,7,15,45,910,434.0,"37, BOIS POMMIER (AVENUE",,,Plein jour,En agglomération,Hors intersection,Normale,Autre collision,,,,,,,,,,,1,2,1,1,6
200500036359,0005-06-26 11:05:00,5,6,26,11,5,910,326.0,"0, COUR DE FRANCE (AVENU",,,Plein jour,En agglomération,Intersection en X,Normale,Deux véhicules - côté,,,,,,,,,,,1,2,2,1,3
200500036360,0005-06-15 16:30:00,5,6,15,16,30,910,687.0,"0, VICTOR SCHOELCHER (AV",,,Plein jour,En agglomération,Hors intersection,Normale,Autre collision,,,,,,,,,,,1,2,1,1,6