accident_id,datetime,annee,mois,jour,heure,minute,departement,commune_insee,adresse,latitude,longitude,luminosite,agglomeration,intersection,meteo,collision,nb_vehicules,nb_usagers,nb_indemnes,nb_tues,nb_blesses_hosp,nb_blesses_legers,age_cond_1,age_cond_2,veh_type_cond_1,veh_type_cond_2,lum_code,agg_code,int_code,atm_code,col_code
200500037155,0005-06-03 13:00:00,5,6,3,13,0,930,53.0,AUTOROUTE A3,,,Plein jour,Hors agglomération,Hors intersection,Pluie légère,Deux véhicules - côté,,,,,,,,,,,1,1,1,2,3
200500037156,0005-06-03 21:00:00,5,6,3,21,0,950,18.0,AUTOROUTE A15,,,Crépuscule ou aube,Hors agglomération,Hors intersection,Normale,Deux véhicules - arrière,,,,,,,,,,,2,1,1,1,2
200500037157,0005-06-05 02:05:00,5,6,5,2,5,930,66.0,AUTOROUTE A1,,,Nuit sans éclairage public,Hors agglomération,Hors intersection,Normale,Autre collision,,,,,,,,,,,3,1,1,1,6
200500037158,0005-06-05 05:50:00,5,6,5,5,50,930,10.0,AUTOROUTE A3,,,Nuit avec éclairage allumé,Hors agglomération,Hors intersection,Normale,Autre collision,,,,,,,,,,,5,1,1,1,6
200500037159,0005-06-05 07:20:00,5,6,5,7,20,950,212.0,AUTOROUTE A1,,,Nuit avec éclairage non allumé,Hors agglomération,Hors intersection,Normale,Autre collision,,,,,,,,,,,4,1,1,1,6
200500037160,0005-06-05 15:15:00,5,6,5,15,15,950,306.0,AUTOROUTE A15,,,Plein jour,Hors agglomération,Hors intersection,Normale,Sans collision,,,,,,,,,,,1,1,1,1,7
200500037161,0005-06-05 23:20:00,5,6,5,23,20,950,252.0,AUTOROUTE A15,,,Nuit avec éclairage allumé,Hors agglomération,Hors intersection,Pluie légère,Deux véhicules - arrière,,,,,,,,,,,5,1,1,2,2
200500037162,0005-06-06 11:40:00,5,6,6,11,40,930,32.0,AUTOROUTE A104,,,Plein jour,Hors agglomération,Hors intersection,Pluie légère,Trois véhicules et plus - en chaîne,,,,,,,,,,,1,1,1,2,4
200500037163,0005-06-06 09:45:00,5,6,6,9,45,930,66.0,AUTOROUTE A3,,,Plein jour,Hors agglomération,Hors intersection,Pluie légère,Deux véhicules - arrière,,,,,,,,,,,1,1,1,2,2
200500037164,0005-06-06 15:40:00,5,6,6,15,40,950,582.0,BIP,,,Plein jour,Hors agglomération,Hors intersection,Normale,Autre collision,,,,,,,,,,,1,1,1,1,6
200500037165,0005-06-07 08:30:00,5,6,7,8,30,930,64.0,AUTOROUTE A103,,,Plein jour,Hors agglomération,Hors intersection,Normale,Sans collision,,,,,,,,,,,1,1,1,1,7
200500037166,0005-06-07 19:45:00,5,6,7,19,45,950,527.0,AUTOROUTE A3,,,Plein jour,Hors agglomération,Hors intersection,Normale,Deux véhicules - côté,,,,,,,,,,,1,1,1,1,3
200500037167,0005-06-08 07:10:00,5,6,8,7,10,920,36.0,AUTOROUTE A86,,,Plein jour,Hors agglomération,Hors intersection,Normale,Trois véhicules et plus - collisions multiples,,,,,,,,,,,1,1,1,1,5
200500037168,0005-06-08 17:40:00,5,6,8,17,40,950,28.0,R.D. 104,,,Plein jour,Hors agglomération,Hors intersection,Normale,Deux véhicules - côté,,,,,,,,,,,1,1,1,1,3
200500037169,0005-06-08 18:45:00,5,6,8,18,45,930,29.0,AUTOROUTE A86,,,Plein jour,Hors agglomération,Hors intersection,Normale,Sans collision,,,,,,,,,,,1,1,1,1,7
200500037170,0005-06-08 19:50:00,5,6,8,19,50,930,13.0,AUTOROUTE A1,,,Plein jour,Hors agglomération,Hors intersection,Normale,Deux véhicules - côté,,,,,,,,,,,1,1,1,1,3
200500037171,0005-06-09 16:45:00,5,6,9,16,45,950,176.0,AUTOROUTE A15,,,Plein jour,Hors agglomération,Hors intersection,Normale,Deux véhicules - arrière,,,,,,,,,,,1,1,1,1,2
200500037172,0005-06-10 01:19:00,5,6,10,1,19,930,53.0,AUTOROUTE A3,,,Nuit avec éclairage allumé,Hors agglomération,Hors intersection,Normale,Deux véhicules - arrière,,,,,,,,,,,5,1,1,1,2
200500037173,0005-06-10 05:10:00,5,6,10,5,10,600,631.0,AUTOROUTE A1,,,Crépuscule ou aube,Hors agglomération,Hors intersection,Normale,Deux véhicules - arrière,,,,,,,,,,,2,1,1,1,2
200500037174,0005-06-10 09:15:00,5,6,10,9,15,950,572.0,ROUTE NATIONALE 184,,,Plein jour,Hors agglomération,Hors intersection,Normale,Deux véhicules - arrière,,,,,,,,,,,1,1,1,1,2
200500037175,0005-06-10 09:45:00,5,6,10,9,45,930,48.0,AUTOROUTE A86,,,Plein jour,Hors agglomération,Hors intersection,Normale,Deux véhicules - côté,,,,,,,,,,,1,1,1,1,3
200500037176,0005-06-10 19:30:00,5,6,10,19,30,930,27.0,AUTOROUTE A1,,,Plein jour,Hors agglomération,Autre intersection,Normale,Deux véhicules - arrière,,,,,,,,,,,1,1,9,1,2
200500037177,0005-06-11 19:30:00,5,6,11,19,30,950,424.0,AUTOROUTE A15,,,Plein jour,Hors agglomération,Hors intersection,Normale,Deux véhicules - arrière,,,,,,,,,,,1,1,1,1,2
200500037178,0005-06-12 13:45:00,5,6,12,13,45,950,527.0,AUTOROUTE A3,,,Plein jour,Hors agglomération,Hors intersection,Normale,Autre collision,,,,,,,,,,,1,1,1,1,6
200500037179,0005-06-12 15:30:00,5,6,12,15,30,930,66.0,AUTOROUTE A1,,,Plein jour,Hors agglomération,Hors intersection,Normale,Trois véhicules et plus - en chaîne,,,,,,,,,,,1,1,1,1,4
200500037180,0005-06-14 06:20:00,5,6,14,6,20,950,306.0,AUTOROUTE A15,,,Crépuscule ou aube,Hors agglomération,Hors intersection,Normale,Deux véhicules - arrière,,,,,,,,,,,2,1,1,1,2
200500037181,0005-06-14 08:45:00,5,6,14,8,45,950,28.0,R.D. 104,,,Plein jour,Hors agglomération,Hors intersection,Normale,Deux véhicules - côté,,,,,,,,,,,1,1,1,1,3
200500037182,0005-06-14 14:00:00,5,6,14,14,0,930,10.0,AUTOROUTE A86,,,Plein jour,Hors agglomération,Hors intersection,Temps éblouissant,Deux véhicules - arrière,,,,,,,,,,,1,1,1,7,2
200500037183,0005-06-14 15:20:00,5,6,14,15,20,930,66.0,AUTOROUTE A1,,,Plein jour,Hors agglomération,Hors intersection,Normale,Deux véhicules - arrière,,,,,,,,,,,1,1,1,1,2
200500037184,0005-06-14 18:00:00,5,6,14,18,0,950,582.0,AUTOROUTE A15,,,Plein jour,Hors agglomération,Hors intersection,Normale,Trois véhicules et plus - en chaîne,,,,,,,,,,,1,1,1,1,4
200500037185,0005-06-14 18:30:00,5,6,14,18,30,950,218.0,AUTOROUTE A15,,,Plein jour,Hors agglomération,Hors intersection,Normale,Autre collision,,,,,,,,,,,1,1,1,1,6
200500037186,0005-06-15 07:30:00,5,6,15,7,30,930,64.0,AUTOROUTE A3,,,Plein jour,Hors agglomération,Hors intersection,Normale,Deux véhicules - côté,,,,,,,,,,,1,1,1,1,3
200500037187,0005-06-15 07:30:00,5,6,15,7,30,950,527.0,AUTOROUTE A1,,,Crépuscule ou aube,Hors agglomération,Hors intersection,Normale,Sans collision,,,,,,,,,,,2,1,1,1,7
200500037188,0005-06-15 18:10:00,5,6,15,18,10,930,78.0,AUTOROUTE A104,,,Plein jour,Hors agglomération,Hors intersection,Normale,Trois véhicules et plus - collisions multiples,,,,,,,,,,,1,1,1,1,5
200500037189,0005-06-15 19:20:00,5,6,15,19,20,930,78.0,AUTOROUTE A104,,,Plein jour,Hors agglomération,Hors intersection,Normale,Deux véhicules - côté,,,,,,,,,,,1,1,1,1,3
200500037190,0005-06-16 09:45:00,5,6,16,9,45,920,36.0,AUTOROUTE A86,,,Plein jour,Hors agglomération,Hors intersection,Normale,Trois véhicules et plus - collisions multiples,,,,,,,,,,,1,1,1,1,5
200500037191,0005-06-16 09:00:00,5,6,16,9,0,930,66.0,AUTOROUTE A1,,,Plein jour,Hors agglomération,Hors intersection,Normale,Sans collision,,,,,,,,,,,1,1,1,1,7
200500037192,0005-06-16 15:00:00,5,6,16,15,0,930,10.0,AUTOROUTE A3,,,Plein jour,Hors agglomération,Hors intersection,Normale,Deux véhicules - côté,,,,,,,,,,,1,1,1,1,3
200500037193,0005-06-17 18:30:00,5,6,17,18,30,950,527.0,AUTOROUTE A3,,,Plein jour,Hors agglomération,Hors intersection,Normale,Deux véhicules - côté,,,,,,,,,,,1,1,1,1,3
200500037194,0005-06-18 03:00:00,5,6,18,3,0,920,36.0,AUTOROUTE A86,,,Nuit avec éclairage allumé,Hors agglomération,Hors intersection,Normale,Deux véhicules - arrière,,,,,,,,,,,5,1,1,1,2
200500037195,0005-06-18 05:30:00,5,6,18,5,30,930,66.0,AUTOROUTE A1,,,Crépuscule ou aube,Hors agglomération,Hors intersection,Normale,Sans collision,,,,,,,,,,,2,1,1,1,7
200500037196,0005-06-18 13:45:00,5,6,18,13,45,950,527.0,AUTOROUTE A3,,,Plein jour,Hors agglomération,Hors intersection,Temps éblouissant,Trois véhicules et plus - collisions multiples,,,,,,,,,,,1,1,1,7,5
200500037197,0005-06-16 17:45:00,5,6,16,17,45,930,27.0,AUTOROUTE A1,,,Plein jour,Hors agglomération,Hors intersection,Normale,Deux véhicules - côté,,,,,,,,,,,1,1,1,1,3
200500037198,0005-06-19 06:50:00,5,6,19,6,50,600,612.0,AUTOROUTE A1,,,Plein jour,Hors agglomération,Hors intersection,Normale,Autre collision,,,,,,,,,,,1,1,1,1,6
200500037199,0005-06-19 21:50:00,5,6,19,21,50,930,32.0,AUTOROUTE A1,,,Plein jour,Hors agglomération,Hors intersection,Normale,Autre collision,,,,,,,,,,,1,1,1,1,6
200500037200,0005-06-20 01:10:00,5,6,20,1,10,950,18.0,AUTOROUTE A15,,,Nuit avec éclairage allumé,Hors agglomération,Hors intersection,Normale,Trois véhicules et plus - en chaîne,,,,,,,,,,,5,1,1,1,4
200500037201,0005-06-18 16:35:00,5,6,18,16,35,600,612.0,AUTOROUTE A1,,,Plein jour,Hors agglomération,Hors intersection,Normale,Sans collision,,,,,,,,,,,1,1,1,1,7
200500037202,0005-06-19 20:05:00,5,6,19,20,5,950,678.0,ROUTE NATIONALE 184,,,Plein jour,Hors agglomération,Hors intersection,Normale,Deux véhicules - côté,,,,,,,,,,,1,1,1,1,3
200500037203,0005-06-20 07:30:00,5,6,20,7,30,950,277.0,AUTOROUTE A1,,,Plein jour,Hors agglomération,Hors intersection,Normale,Trois véhicules et plus - en chaîne,,,,,,,,,,,1,1,1,1,4
200500037204,0005-06-20 08:40:00,5,6,20,8,40,930,32.0,AUTOROUTE A3,,,Plein jour,Hors agglomération,Hors intersection,Normale,Trois véhicules et plus - collisions multiples,,,,,,,,,,,1,1,1,1,5
200500037205,0005-06-20 08:40:00,5,6,20,8,40,930,64.0,AUTOROUTE A86,,,Plein jour,Hors agglomération,Hors intersection,Normale,Deux véhicules - côté,,,,,,,,,,,1,1,1,1,3
200500037206,0005-06-20 19:50:00,5,6,20,19,50,950,18.0,AUTOROUTE A15,,,Plein jour,Hors agglomération,Hors intersection,Normale,Autre collision,,,,,,,,,,,1,1,1,1,6
200500037207,0005-06-21 07:45:00,5,6,21,7,45,930,32.0,AUTOROUTE A3,,,Plein jour,Hors agglomération,Hors intersection,Normale,Autre collision,,,,,,,,,,,1,1,1,1,6
200500037208,0005-06-21 08:00:00,5,6,21,8,0,600,631.0,AUTOROUTE A1,,,Plein jour,Hors agglomération,Hors intersection,Normale,Autre collision,,,,,,,,,,,1,1,1,1,6
200500037209,0005-06-21 12:15:00,5,6,21,12,15,930,48.0,AUTOROUTE A3,,,Plein jour,Hors agglomération,Hors intersection,Normale,Sans collision,,,,,,,,,,,1,1,1,1,7
200500037210,0005-06-21 23:15:00,5,6,21,23,15,950,18.0,AUTOROUTE A15,,,Nuit avec éclairage allumé,Hors agglomération,Hors intersection,Normale,Trois véhicules et plus - en chaîne,,,,,,,,,,,5,1,1,1,4
200500037211,0005-06-22 09:30:00,5,6,22,9,30,930,53.0,AUTOROUTE A3,,,Crépuscule ou aube,Hors agglomération,Hors intersection,Normale,Sans collision,,,,,,,,,,,2,1,1,1,7
200500037212,0005-06-22 11:30:00,5,6,22,11,30,930,78.0,AUTOROUTE A104,,,Plein jour,Hors agglomération,Hors intersection,Normale,Deux véhicules - arrière,,,,,,,,,,,1,1,1,1,2
200500037213,0005-06-23 07:30:00,5,6,23,7,30,930,27.0,AUTOROUTE A86,,,Plein jour,Hors agglomération,Hors intersection,Normale,Deux véhicules - arrière,,,,,,,,,,,1,1,1,1,2
200500037214,0005-06-23 10:10:00,5,6,23,10,10,920,36.0,AUTOROUTE A86,,,Plein jour,Hors agglomération,Hors intersection,Normale,Deux véhicules - arrière,,,,,,,,,,,1,1,1,1,2
200500037215,0005-06-23 11:15:00,5,6,23,11,15,930,66.0,AUTOROUTE A1,,,Plein jour,Hors agglomération,Hors intersection,Normale,Trois véhicules et plus - collisions multiples,,,,,,,,,,,1,1,1,1,5
200500037216,0005-06-24 03:15:00,5,6,24,3,15,950,18.0,AUTOROUTE A15,,,Nuit sans éclairage public,Hors agglomération,Hors intersection,Normale,Autre collision,,,,,,,,,,,3,1,1,1,6
200500037217,0005-06-24 16:15:00,5,6,24,16,15,930,27.0,AUTOROUTE A1,,,Plein jour,Hors agglomération,Hors intersection,Normale,Deux véhicules - arrière,,,,,,,,,,,1,1,1,1,2
200500037218,0005-06-26 01:15:00,5,6,26,1,15,930,32.0,AUTOROUTE A1,,,Nuit sans éclairage public,Hors agglomération,Hors intersection,Normale,Deux véhicules - arrière,,,,,,,,,,,3,1,1,1,2
200500037219,0005-06-25 04:35:00,5,6,25,4,35,950,527.0,AUTOROUTE A3,,,Nuit avec éclairage non allumé,Hors agglomération,Hors intersection,Temps couvert,Sans collision,,,,,,,,,,,4,1,1,8,7
200500037220,0005-06-25 11:34:00,5,6,25,11,34,930,32.0,AUTOROUTE A104,,,Plein jour,Hors agglomération,Hors intersection,Normale,Deux véhicules - arrière,,,,,,,,,,,1,1,1,1,2
200500037221,0005-06-25 19:05:00,5,6,25,19,5,950,424.0,AUTOROUTE A15,,,Plein jour,Hors agglomération,Hors intersection,Normale,Sans collision,,,,,,,,,,,1,1,1,1,7
200500037222,0005-06-26 13:30:00,5,6,26,13,30,950,572.0,ROUTE NATIONALE 184,,,Plein jour,Hors agglomération,Hors intersection,Pluie forte,Autre collision,,,,,,,,,,,1,1,1,3,6
200500037223,0005-06-26 06:00:00,5,6,26,6,0,600,631.0,AUTOROUTE A1,,,Plein jour,Hors agglomération,Hors intersection,Normale,Sans collision,,,,,,,,,,,1,1,1,1,7
200500037224,0005-06-27 08:45:00,5,6,27,8,45,930,32.0,AUTOROUTE A3,,,Plein jour,Hors agglomération,Hors intersection,Normale,Autre collision,,,,,,,,,,,1,1,1,1,6
200500037225,0005-06-27 07:00:00,5,6,27,7,0,950,151.0,R.D. 104,,,Plein jour,Hors agglomération,Hors intersection,Normale,Autre collision,,,,,,,,,,,1,1,1,1,6
200500037226,0005-06-28 07:10:00,5,6,28,7,10,920,36.0,AUTOROUTE A15,,,Plein jour,Hors agglomération,Hors intersection,Normale,Autre collision,,,,,,,,,,,1,1,1,1,6
200500037227,0005-06-28 08:30:00,5,6,28,8,30,930,64.0,AUTOROUTE A103,,,Plein jour,Hors agglomération,Hors intersection,Normale,Autre collision,,,,,,,,,,,1,1,1,1,6
200500037228,0005-06-28 07:20:00,5,6,28,7,20,950,572.0,ROUTE NATIONALE 184,,,Crépuscule ou aube,Hors agglomération,Hors intersection,Normale,Sans collision,,,,,,,,,,,2,1,1,1,7
200500037229,0005-06-28 08:30:00,5,6,28,8,30,950,351.0,R.D. 104,,,Plein jour,Hors agglomération,Hors intersection,Normale,Trois véhicules et plus - en chaîne,,,,,,,,,,,1,1,1,1,4
200500037230,0005-06-28 11:57:00,5,6,28,11,57,930,6.0,AUTOROUTE A3,,,Plein jour,Hors agglomération,Hors intersection,Normale,Sans collision,,,,,,,,,,,1,1,1,1,7
200500037231,0005-06-28 23:00:00,5,6,28,23,0,930,8.0,AUTOROUTE A86,,,Nuit sans éclairage public,Hors agglomération,Hors intersection,Pluie légère,Deux véhicules - côté,,,,,,,,,,,3,1,1,2,3
200500037232,0005-06-29 08:30:00,5,6,29,8,30,930,66.0,AUTOROUTE A1,,,Plein jour,Hors agglomération,Hors intersection,Normale,Deux véhicules - côté,,,,,,,,,,,1,1,1,1,3
200500037233,0005-06-29 16:10:00,5,6,29,16,10,930,27.0,AUTOROUTE A1,,,Plein jour,Hors agglomération,Hors intersection,Normale,Trois véhicules et plus - en chaîne,,,,,,,,,,,1,1,1,1,4
200500037234,0005-06-29 19:00:00,5,6,29,19,0,930,8.0,AUTOROUTE A86,,,Plein jour,Hors agglomération,Hors intersection,Normale,Deux véhicules - frontale,,,,,,,,,,,1,1,1,1,1
200500037235,0005-06-30 06:45:00,5,6,30,6,45,950,527.0,AUTOROUTE A1,,,Plein jour,Hors agglomération,Hors intersection,Normale,Trois véhicules et plus - en chaîne,,,,,,,,,,,1,1,1,1,4
200500037236,0005-06-30 16:45:00,5,6,30,16,45,930,78.0,AUTOROUTE A104,,,Plein jour,Hors agglomération,Hors intersection,Normale,Deux véhicules - arrière,,,,,,,,,,,1,1,1,1,2
200500037237,0005-06-30 20:15:00,5,6,30,20,15,930,32.0,AUTOROUTE A3,,,Plein jour,Hors agglomération,Hors intersection,Normale,Trois véhicules et plus - en chaîne,,,,,,,,,,,1,1,1,1,4
200500037238,0005-06-30 21:30:00,5,6,30,21,30,950,582.0,AUTOROUTE A15,,,Plein jour,Hors agglomération,Hors intersection,Pluie légère,Deux véhicules - côté,,,,,,,,,,,1,1,1,2,3
200500037239,0005-06-02 02:50:00,5,6,2,2,50,780,640.0,A86E,,,Nuit sans éclairage public,Hors agglomération,Hors intersection,Normale,Autre collision,,,,,,,,,,,3,1,1,1,6
200500037240,0005-06-04 01:13:00,5,6,4,1,13,780,490.0,N12Y,,,Nuit sans éclairage public,Hors agglomération,Hors intersection,Normale,Deux véhicules - arrière,,,,,,,,,,,3,1,1,1,2
200500037241,0005-06-04 23:04:00,5,6,4,23,4,780,431.0,A13,,,Nuit sans éclairage public,Hors agglomération,Hors intersection,Temps couvert,Trois véhicules et plus - collisions multiples,,,,,,,,,,,3,1,1,8,5
200500037242,0005-06-05 17:30:00,5,6,5,17,30,920,64.0,A13,,,Plein jour,Hors agglomération,Hors intersection,Temps couvert,Deux véhicules - arrière,,,,,,,,,,,1,1,1,8,2
200500037243,0005-06-07 19:50:00,5,6,7,19,50,920,12.0,A13,,,Plein jour,Hors agglomération,Hors intersection,Normale,Deux véhicules - côté,,,,,,,,,,,1,1,1,1,3
200500037244,0005-06-03 18:15:00,5,6,3,18,15,920,64.0,A12W,,,Plein jour,Hors agglomération,Hors intersection,Normale,Deux véhicules - côté,,,,,,,,,,,1,1,1,1,3
200500037245,0005-06-04 09:45:00,5,6,4,9,45,780,238.0,", A13",,,Plein jour,Hors agglomération,Hors intersection,Normale,Sans collision,,,,,,,,,,,1,1,1,1,7
200500037246,0005-06-03 07:50:00,5,6,3,7,50,780,362.0,A14,,,Plein jour,Hors agglomération,Hors intersection,Normale,Deux véhicules - arrière,,,,,,,,,,,1,1,1,1,2
200500037247,0005-06-14 02:00:00,5,6,14,2,0,920,64.0,A13,,,Nuit sans éclairage public,Hors agglomération,Hors intersection,Normale,Deux véhicules - arrière,,,,,,,,,,,3,1,1,1,2
200500037248,0005-06-18 01:50:00,5,6,18,1,50,780,291.0,A13,,,Nuit sans éclairage public,Hors agglomération,Hors intersection,Normale,Trois véhicules et plus - collisions multiples,,,,,,,,,,,3,1,1,1,5
200500037249,0005-06-17 13:00:00,5,6,17,13,0,780,238.0,A13,,,Plein jour,Hors agglomération,Hors intersection,Temps couvert,Trois véhicules et plus - collisions multiples,,,,,,,,,,,1,1,1,8,5
200500037250,0005-06-19 04:05:00,5,6,19,4,5,920,50.0,A86,,,Nuit avec éclairage allumé,Hors agglomération,Hors intersection,Normale,Deux véhicules - arrière,,,,,,,,,,,5,1,1,1,2
200500037251,0005-06-13 09:30:00,5,6,13,9,30,920,64.0,A13,,,Plein jour,Hors agglomération,Hors intersection,Normale,Autre collision,,,,,,,,,,,1,1,1,1,6
200500037252,0005-06-14 09:20:00,5,6,14,9,20,920,50.0,A86,,,Nuit avec éclairage allumé,Hors agglomération,Hors intersection,Normale,Sans collision,,,,,,,,,,,5,1,1,1,7
200500037253,0005-06-16 07:30:00,5,6,16,7,30,920,50.0,A14,,,Plein jour,Hors agglomération,Hors intersection,Normale,Deux véhicules - côté,,,,,,,,,,,1,1,1,1,3
200500037254,0005-06-23 22:50:00,5,6,23,22,50,780,418.0,A14,,,Nuit avec éclairage allumé,Hors agglomération,Hors intersection,Temps couvert,Sans collision,,,,,,,,,,,5,1,1,8,7
200500037255,0005-06-13 09:30:00,5,6,13,9,30,920,47.0,A13,,,Plein jour,Hors agglomération,Hors intersection,Normale,Deux véhicules - arrière,,,,,,,,,,,1,1,1,1,2
200500037256,0005-06-28 16:30:00,5,6,28,16,30,780,431.0,A12Y,,,Plein jour,Hors agglomération,Hors intersection,Normale,Deux véhicules - côté,,,,,,,,,,,1,1,1,1,3
200500037257,0005-06-26 08:05:00,5,6,26,8,5,780,362.0,A13,,,Plein jour,Hors agglomération,Hors intersection,Normale,Deux véhicules - arrière,,,,,,,,,,,1,1,1,1,2
200500037258,0005-06-25 19:25:00,5,6,25,19,25,920,36.0,A86,,,Plein jour,Hors agglomération,Hors intersection,Normale,Deux véhicules - côté,,,,,,,,,,,1,1,1,1,3
200500037259,0005-06-30 14:30:00,5,6,30,14,30,920,48.0,N118,,,Plein jour,Hors agglomération,Hors intersection,Temps couvert,Sans collision,,,,,,,,,,,1,1,1,8,7
200500037260,0005-06-02 19:55:00,5,6,2,19,55,780,640.0,A86E,,,Plein jour,Hors agglomération,Hors intersection,Normale,Deux véhicules - côté,,,,,,,,,,,1,1,1,1,3
200500037261,0005-06-01 09:00:00,5,6,1,9,0,920,2.0,AUTOROUTE A10,,,Plein jour,Hors agglomération,Hors intersection,Normale,Sans collision,,,,,,,,,,,1,1,1,1,7
200500037262,0005-06-02 07:23:00,5,6,2,7,23,940,65.0,AUTOROUTE A86,,,Plein jour,Hors agglomération,Hors intersection,Normale,Deux véhicules - côté,,,,,,,,,,,1,1,1,1,3
200500037263,0005-06-02 13:52:00,5,6,2,13,52,910,161.0,AUTOROUTE A6,,,Plein jour,Hors agglomération,Hors intersection,Normale,Deux véhicules - arrière,,,,,,,,,,,1,1,1,1,2
200500037264,0005-06-02 16:35:00,5,6,2,16,35,910,179.0,AUTOROUTE A6,,,Plein jour,Hors agglomération,Hors intersection,Normale,Autre collision,,,,,,,,,,,1,1,1,1,6
200500037265,0005-06-02 18:30:00,5,6,2,18,30,910,689.0,AUTOROUTE A6B,,,Plein jour,Hors agglomération,Hors intersection,Normale,Sans collision,,,,,,,,,,,1,1,1,1,7
200500037266,0005-06-03 08:20:00,5,6,3,8,20,910,377.0,AUTOROUTE A10,,,Plein jour,Hors agglomération,Hors intersection,Normale,Deux véhicules - côté,,,,,,,,,,,1,1,1,1,3
200500037267,0005-06-03 09:15:00,5,6,3,9,15,940,34.0,AUTOROUTE A86,,,Plein jour,Hors agglomération,Hors intersection,Normale,Deux véhicules - arrière,,,,,,,,,,,1,1,1,1,2
200500037268,0005-06-03 20:10:00,5,6,3,20,10,910,689.0,AUTOROUTE A6,,,Plein jour,Hors agglomération,Hors intersection,Normale,Trois véhicules et plus - collisions multiples,,,,,,,,,,,1,1,1,1,5
200500037269,0005-06-03 20:57:00,5,6,3,20,57,910,617.0,RN 104,,,Plein jour,Hors agglomération,Hors intersection,Normale,Deux véhicules - côté,,,,,,,,,,,1,1,1,1,3
200500037270,0005-06-04 14:20:00,5,6,4,14,20,770,495.0,AUTOROUTE A5A,,,Plein jour,Hors agglomération,Hors intersection,Normale,Deux véhicules - arrière,,,,,,,,,,,1,1,1,1,2
200500037271,0005-06-05 07:10:00,5,6,5,7,10,910,534.0,RN 118,,,Plein jour,Hors agglomération,Hors intersection,Normale,Sans collision,,,,,,,,,,,1,1,1,1,7
200500037272,0005-06-06 03:20:00,5,6,6,3,20,940,37.0,AUTOROUTE A6B,,,Nuit avec éclairage allumé,Hors agglomération,Hors intersection,Pluie légère,Autre collision,,,,,,,,,,,5,1,1,2,6
200500037273,0005-06-06 08:25:00,5,6,6,8,25,910,64.0,RN 118,,,Plein jour,Hors agglomération,Hors intersection,Pluie forte,Trois véhicules et plus - collisions multiples,,,,,,,,,,,1,1,1,3,5
200500037274,0005-06-06 12:15:00,5,6,6,12,15,940,3.0,AUTOROUTE A6A,,,Plein jour,Hors agglomération,Hors intersection,Pluie légère,Sans collision,,,,,,,,,,,1,1,1,2,7
200500037275,0005-06-06 14:00:00,5,6,6,14,0,910,471.0,RN 118,,,Plein jour,Hors agglomération,Hors intersection,Pluie légère,Autre collision,,,,,,,,,,,1,1,1,2,6
200500037276,0005-06-07 22:20:00,5,6,7,22,20,910,617.0,RN 104,,,Nuit sans éclairage public,Hors agglomération,Hors intersection,Normale,Deux véhicules - arrière,,,,,,,,,,,3,1,1,1,2
200500037277,0005-06-08 01:45:00,5,6,8,1,45,910,521.0,AUTOROUTE A6,,,Nuit avec éclairage allumé,Hors agglomération,Hors intersection,Normale,Deux véhicules - côté,,,,,,,,,,,5,1,1,1,3
200500037278,0005-06-09 08:15:00,5,6,9,8,15,910,216.0,AUTOROUTE A6,,,Plein jour,Hors agglomération,Hors intersection,Normale,Trois véhicules et plus - collisions multiples,,,,,,,,,,,1,1,1,1,5
200500037279,0005-06-09 12:00:00,5,6,9,12,0,910,377.0,RN 188,,,Plein jour,Hors agglomération,Intersection en X,Normale,Deux véhicules - côté,,,,,,,,,,,1,1,2,1,3
200500037280,0005-06-10 05:40:00,5,6,10,5,40,910,692.0,RN 118,,,Crépuscule ou aube,Hors agglomération,Hors intersection,Normale,Autre collision,,,,,,,,,,,2,1,1,1,6
200500037281,0005-06-10 08:15:00,5,6,10,8,15,910,216.0,AUTOROUTE A6,,,Plein jour,Hors agglomération,Hors intersection,Normale,Deux véhicules - arrière,,,,,,,,,,,1,1,1,1,2
200500037282,0005-06-10 16:40:00,5,6,10,16,40,940,76.0,AUTOROUTE A6B,,,Plein jour,Hors agglomération,Hors intersection,Normale,Deux véhicules - arrière,,,,,,,,,,,1,1,1,1,2
200500037283,0005-06-11 07:00:00,5,6,11,7,0,940,21.0,AUTOROUTE A6A,,,Plein jour,Hors agglomération,Hors intersection,Normale,Deux véhicules - arrière,,,,,,,,,,,1,1,1,1,2
200500037284,0005-06-13 11:00:00,5,6,13,11,0,910,471.0,RN 118,,,Plein jour,Hors agglomération,Autre intersection,Normale,Deux véhicules - côté,,,,,,,,,,,1,1,9,1,3
200500037285,0005-06-13 16:02:00,5,6,13,16,2,940,38.0,AUTOROUTE A6B,,,Plein jour,Hors agglomération,Hors intersection,Normale,Deux véhicules - côté,,,,,,,,,,,1,1,1,1,3
200500037286,0005-06-13 17:59:00,5,6,13,17,59,920,19.0,RN 385 Extèrieure,,,Plein jour,Hors agglomération,Hors intersection,Normale,Deux véhicules - côté,,,,,,,,,,,1,1,1,1,3
200500037287,0005-06-14 14:20:00,5,6,14,14,20,910,471.0,RN 188 CHEVREUSE,,,Plein jour,Hors agglomération,Hors intersection,Normale,Trois véhicules et plus - en chaîne,,,,,,,,,,,1,1,1,1,4
200500037288,0005-06-14 16:41:00,5,6,14,16,41,910,377.0,RN20,,,Plein jour,Hors agglomération,Hors intersection,Normale,Autre collision,,,,,,,,,,,1,1,1,1,6
200500037289,0005-06-16 17:30:00,5,6,16,17,30,910,103.0,RN 104,,,Plein jour,Hors agglomération,Hors intersection,Normale,Deux véhicules - côté,,,,,,,,,,,1,1,1,1,3