accident_id,datetime,annee,mois,jour,heure,minute,departement,commune_insee,adresse,latitude,longitude,luminosite,agglomeration,intersection,meteo,collision,nb_vehicules,nb_usagers,nb_indemnes,nb_tues,nb_blesses_hosp,nb_blesses_legers,age_cond_1,age_cond_2,veh_type_cond_1,veh_type_cond_2,lum_code,agg_code,int_code,atm_code,col_code
200500037560,0005-06-16 15:40:00,5,6,16,15,40,130,55.0,A55-Sens Martigues vers,,,Plein jour,Hors agglomération,Hors intersection,Normale,Deux véhicules - côté,,,,,,,,,,,1,1,1,1,3
200500037561,0005-06-20 04:25:00,5,6,20,4,25,130,1.0,A5116CD-Aix-Centre vers,,,Nuit sans éclairage public,Hors agglomération,Hors intersection,Normale,Autre collision,,,,,,,,,,,3,1,1,1,6
200500037562,0005-06-18 12:35:00,5,6,18,12,35,130,55.0,TVPCM-Sens Saint Victor,,,Plein jour,Hors agglomération,Hors intersection,Normale,Sans collision,,,,,,,,,,,1,1,1,1,7
200500037563,0005-06-18 14:25:00,5,6,18,14,25,130,5.0,A50-Sens Aubagne vers Ma,,,Plein jour,Hors agglomération,Hors intersection,Normale,Deux véhicules - arrière,,,,,,,,,,,1,1,1,1,2
200500037564,0005-06-18 18:00:00,5,6,18,18,0,130,55.0,TVPCM-Sens Saint Victor,,,Plein jour,Hors agglomération,Hors intersection,Normale,Sans collision,,,,,,,,,,,1,1,1,1,7
200500037565,0005-06-19 23:30:00,5,6,19,23,30,130,117.0,A7-Sens Marseille vers L,,,Nuit sans éclairage public,Hors agglomération,Hors intersection,Normale,Sans collision,,,,,,,,,,,3,1,1,1,7
200500037566,0005-06-21 03:15:00,5,6,21,3,15,130,55.0,A7-Sens Lyon vers Marsei,,,Nuit sans éclairage public,Hors agglomération,Hors intersection,Normale,Deux véhicules - arrière,,,,,,,,,,,3,1,1,1,2
200500037567,0005-06-22 00:50:00,5,6,22,0,50,130,55.0,Tunnel Joliette vers A.5,,,Nuit avec éclairage allumé,Hors agglomération,Hors intersection,Normale,Autre collision,,,,,,,,,,,5,1,1,1,6
200500037568,0005-06-22 11:00:00,5,6,22,11,0,130,71.0,A7-Sens Marseille vers L,,,Plein jour,Hors agglomération,Hors intersection,Normale,Trois véhicules et plus - en chaîne,,,,,,,,,,,1,1,1,1,4
200500037569,0005-06-22 18:45:00,5,6,22,18,45,130,70.0,A50-Sens Aubagne vers Ma,,,Plein jour,Hors agglomération,Hors intersection,Normale,Trois véhicules et plus - en chaîne,,,,,,,,,,,1,1,1,1,4
200500037570,0005-06-23 22:35:00,5,6,23,22,35,130,55.0,A50-Sens Aubagne vers Ma,,,Nuit avec éclairage allumé,Hors agglomération,Hors intersection,Normale,Autre collision,,,,,,,,,,,5,1,1,1,6
200500037571,0005-06-25 06:15:00,5,6,25,6,15,130,71.0,A55 - Sens Marseille ver,,,Crépuscule ou aube,Hors agglomération,Hors intersection,Normale,Sans collision,,,,,,,,,,,2,1,1,1,7
200500037572,0005-06-25 12:00:00,5,6,25,12,0,130,26.0,A55-Sens Martigues vers,,,Plein jour,Hors agglomération,Hors intersection,Normale,Trois véhicules et plus - en chaîne,,,,,,,,,,,1,1,1,1,4
200500037573,0005-06-25 16:00:00,5,6,25,16,0,130,56.0,A55-Sens Martigues vers,,,Plein jour,Hors agglomération,Hors intersection,Normale,Sans collision,,,,,,,,,,,1,1,1,1,7
200500037574,0005-06-25 19:40:00,5,6,25,19,40,130,55.0,A55-Sens Marseille vers,,,Plein jour,Hors agglomération,Hors intersection,Normale,Trois véhicules et plus - collisions multiples,,,,,,,,,,,1,1,1,1,5
200500037575,0005-06-26 04:05:00,5,6,26,4,5,130,56.0,A55-Sens Martigues vers,,,Nuit sans éclairage public,Hors agglomération,Hors intersection,Normale,Autre collision,,,,,,,,,,,3,1,1,1,6
200500037576,0005-06-27 03:15:00,5,6,27,3,15,130,71.0,A51-Sens Aix en Provence,,,Nuit sans éclairage public,Hors agglomération,Hors intersection,Normale,Deux véhicules - arrière,,,,,,,,,,,3,1,1,1,2
200500037577,0005-06-28 04:30:00,5,6,28,4,30,130,85.0,A50-Sens Toulon vers Aub,,,Nuit sans éclairage public,Hors agglomération,Autre intersection,Normale,Deux véhicules - côté,,,,,,,,,,,3,1,9,1,3
200500037578,0005-06-28 18:20:00,5,6,28,18,20,130,71.0,A7-Sens Lyon vers Marsei,,,Plein jour,Hors agglomération,Hors intersection,Normale,Deux véhicules - côté,,,,,,,,,,,1,1,1,1,3
200500037579,0005-06-30 07:20:00,5,6,30,7,20,130,1.0,A51-Sens Aix en Provence,,,Plein jour,Hors agglomération,Hors intersection,Normale,Autre collision,,,,,,,,,,,1,1,1,1,6
200500037580,0005-06-30 19:00:00,5,6,30,19,0,130,5.0,A50-Sens Aubagne vers Ma,,,Plein jour,Hors agglomération,Hors intersection,Normale,Autre collision,,,,,,,,,,,1,1,1,1,6
200500037581,0005-06-16 15:15:00,5,6,16,15,15,590,11.0,RUE SALENGRO,50.535,2.939,Plein jour,En agglomération,Hors intersection,Normale,Deux véhicules - côté,,,,,,,,,,,1,2,1,1,3
200500037582,0005-06-04 10:15:00,5,6,4,10,15,590,51.0,rue de lens,50.535,2.803,Plein jour,En agglomération,Hors intersection,Pluie légère,Autre collision,,,,,,,,,,,1,2,1,2,6
200500037583,0005-06-13 13:00:00,5,6,13,13,0,590,388.0,,50.551,2.877,Plein jour,Hors agglomération,Passage à niveau,Normale,Deux véhicules - côté,,,,,,,,,,,1,1,8,1,3
200500037584,0005-06-18 10:30:00,5,6,18,10,30,590,550.0,rue de la republique,50.535,2.819,Plein jour,En agglomération,Hors intersection,Normale,Deux véhicules - frontale,,,,,,,,,,,1,2,1,1,1
200500037585,0005-06-20 19:45:00,5,6,20,19,45,590,250.0,rue Victor Hugo,50.591,2.89,Plein jour,En agglomération,Hors intersection,Normale,Deux véhicules - frontale,,,,,,,,,,,1,2,1,1,1
200500037586,0005-06-21 09:30:00,5,6,21,9,30,590,25.0,,50.605,2.844,Plein jour,Hors agglomération,Hors intersection,Normale,Deux véhicules - arrière,,,,,,,,,,,1,1,1,1,2
200500037587,0005-06-24 20:45:00,5,6,24,20,45,590,524.0,,50.582,2.904,Plein jour,Hors agglomération,Hors intersection,Normale,Sans collision,,,,,,,,,,,1,1,1,1,7
200500037588,0005-06-14 21:15:00,5,6,14,21,15,590,653.0,48 RUE SALGENGRO,,,Plein jour,En agglomération,Hors intersection,Normale,Deux véhicules - côté,,,,,,,,,,,1,2,1,1,3
200500037589,0005-06-18 18:45:00,5,6,18,18,45,590,653.0,RUE VINCENT AURIOL,,,Plein jour,En agglomération,Hors intersection,Normale,Deux véhicules - côté,,,,,,,,,,,1,2,1,1,3
200500037590,0005-06-21 19:00:00,5,6,21,19,0,590,553.0,119 rue Foch,,,Plein jour,En agglomération,Hors intersection,Normale,Deux véhicules - frontale,,,,,,,,,,,1,2,1,1,1
200500037591,0005-06-02 13:00:00,5,6,2,13,0,590,256.0,,50.559,3.14,Plein jour,Hors agglomération,Hors intersection,Normale,Autre collision,,,,,,,,,,,1,1,1,1,6
200500037592,0005-06-09 16:30:00,5,6,9,16,30,590,129.0,,,,Plein jour,Hors agglomération,Hors intersection,Normale,Deux véhicules - côté,,,,,,,,,,,1,1,1,1,3
200500037593,0005-06-06 18:00:00,5,6,6,18,0,590,266.0,RUE LEON GAMBETTA,,,Plein jour,En agglomération,Hors intersection,Normale,Deux véhicules - frontale,,,,,,,,,,,1,2,1,1,1
200500037594,0005-06-10 15:15:00,5,6,10,15,15,590,266.0,rue nationnale,,,Plein jour,En agglomération,Hors intersection,Normale,Deux véhicules - frontale,,,,,,,,,,,1,2,1,1,1
200500037595,0005-06-11 19:15:00,5,6,11,19,15,590,462.0,RUE GENERAL DE GAULLE,,,Plein jour,En agglomération,Hors intersection,Normale,Deux véhicules - frontale,,,,,,,,,,,1,2,1,1,1
200500037596,0005-06-28 17:15:00,5,6,28,17,15,590,592.0,CD 954  A THUMERIES,50.489,3.047,Plein jour,En agglomération,Intersection en T,Normale,Deux véhicules - côté,,,,,,,,,,,1,2,3,1,3
200500037597,0005-06-04 20:45:00,5,6,4,20,45,590,130.0,,50.909,2.221,Plein jour,Hors agglomération,Hors intersection,Normale,Sans collision,,,,,,,,,,,1,1,1,1,7
200500037598,0005-06-14 21:30:00,5,6,14,21,30,590,159.0,,,,Plein jour,Hors agglomération,Hors intersection,Normale,Autre collision,,,,,,,,,,,1,1,1,1,6
200500037599,0005-06-08 19:30:00,5,6,8,19,30,590,663.0,,50.91,2.45,Plein jour,Hors agglomération,Hors intersection,Normale,Deux véhicules - côté,,,,,,,,,,,1,1,1,1,3
200500037600,0005-06-10 13:00:00,5,6,10,13,0,590,663.0,ROUTE DE CASSEL,50.87,2.47,Plein jour,En agglomération,Hors intersection,Normale,Deux véhicules - côté,,,,,,,,,,,1,2,1,1,3
200500037601,0005-06-08 12:00:00,5,6,8,12,0,590,89.0,,50.86,2.35,Plein jour,Hors agglomération,Hors intersection,Normale,Autre collision,,,,,,,,,,,1,1,1,1,6
200500037602,0005-06-17 16:30:00,5,6,17,16,30,590,338.0,,50.87,2.42,Plein jour,Hors agglomération,Hors intersection,Normale,Trois véhicules et plus - collisions multiples,,,,,,,,,,,1,1,1,1,5
200500037603,0005-06-25 15:15:00,5,6,25,15,15,590,184.0,,,,Plein jour,Hors agglomération,Hors intersection,Normale,Deux véhicules - côté,,,,,,,,,,,1,1,1,1,3
200500037604,0005-06-13 20:30:00,5,6,13,20,30,590,86.0,,50.803,2.694,Plein jour,En agglomération,Intersection en T,Normale,Deux véhicules - côté,,,,,,,,,,,1,2,3,1,3
200500037605,0005-06-04 18:45:00,5,6,4,18,45,590,212.0,rue du BOIS,50.65,2.72,Plein jour,Hors agglomération,Hors intersection,Normale,Autre collision,,,,,,,,,,,1,1,1,1,6
200500037606,0005-06-27 14:00:00,5,6,27,14,0,590,180.0,rue Louf,50.694,2.714,Plein jour,Hors agglomération,Hors intersection,Normale,Deux véhicules - côté,,,,,,,,,,,1,1,1,1,3
200500037607,0005-06-18 12:00:00,5,6,18,12,0,590,400.0,11 Boulevard Foch,,,Plein jour,En agglomération,Hors intersection,Normale,Autre collision,,,,,,,,,,,1,2,1,1,6
200500037608,0005-06-25 08:15:00,5,6,25,8,15,590,546.0,,50.789,2.564,Plein jour,Hors agglomération,Hors intersection,Normale,Sans collision,,,,,,,,,,,1,1,1,1,7
200500037609,0005-06-15 17:15:00,5,6,15,17,15,590,44.0,rue du grand BAISIEUX,50.618,3.246,Plein jour,En agglomération,Hors intersection,Normale,Deux véhicules - frontale,,,,,,,,,,,1,2,1,1,1
200500037610,0005-06-20 17:15:00,5,6,20,17,15,590,611.0,RUE DE PERENCHIES,50.682,2.995,Plein jour,En agglomération,Hors intersection,Normale,Deux véhicules - côté,,,,,,,,,,,1,2,1,1,3
200500037611,0005-06-13 23:45:00,5,6,13,23,45,590,505.0,e au  n° 1 Maison Rouge,,,Nuit avec éclairage allumé,En agglomération,Hors intersection,Normale,Sans collision,,,,,,,,,,,5,2,1,1,7
200500037612,0005-06-02 16:30:00,5,6,2,16,30,590,335.0,Route de Tournai,,,Plein jour,En agglomération,Hors intersection,Normale,Sans collision,,,,,,,,,,,1,2,1,1,7
200500037613,0005-06-09 17:45:00,5,6,9,17,45,590,331.0,Avenue Foch,50.13,3.69,Plein jour,En agglomération,Hors intersection,Temps éblouissant,Deux véhicules - frontale,,,,,,,,,,,1,2,1,7,1
200500037614,0005-06-12 23:45:00,5,6,12,23,45,590,601.0,,50.027,4.096,Nuit sans éclairage public,Hors agglomération,Hors intersection,Normale,Sans collision,,,,,,,,,,,3,1,1,1,7
200500037615,0005-06-23 10:40:00,5,6,23,10,40,590,218.0,5 lieu dit Grand Bois,,,Plein jour,Hors agglomération,Hors intersection,Normale,Sans collision,,,,,,,,,,,1,1,1,1,7
200500037616,0005-06-05 22:30:00,5,6,5,22,30,590,63.0,,,,Nuit avec éclairage allumé,Hors agglomération,Hors intersection,Normale,Autre collision,,,,,,,,,,,5,1,1,1,6
200500037617,0005-06-19 17:45:00,5,6,19,17,45,590,139.0,,50.176,3.461,Plein jour,Hors agglomération,Hors intersection,Normale,Autre collision,,,,,,,,,,,1,1,1,1,6
200500037618,0005-06-11 05:00:00,5,6,11,5,0,590,624.0,place De Gaulle,,,Crépuscule ou aube,En agglomération,Hors intersection,Normale,Autre collision,,,,,,,,,,,2,2,1,1,6
200500037619,0005-06-26 09:15:00,5,6,26,9,15,590,222.0,,,,Plein jour,Hors agglomération,Hors intersection,Normale,Deux véhicules - frontale,,,,,,,,,,,1,1,1,1,1
200500037620,0005-06-26 22:30:00,5,6,26,22,30,590,449.0,RUE JULES RIEU CD 938,,,Nuit avec éclairage allumé,En agglomération,Hors intersection,Normale,Deux véhicules - côté,,,,,,,,,,,5,2,1,1,3
200500037621,0005-06-10 18:30:00,5,6,10,18,30,590,310.0,4 rue Gaston GENARTE,,,Plein jour,En agglomération,Hors intersection,Normale,Deux véhicules - frontale,,,,,,,,,,,1,2,1,1,1
200500037622,0005-06-24 13:30:00,5,6,24,13,30,590,232.0,rue de l'Eglise,50.318,3.714,Plein jour,En agglomération,Hors intersection,Normale,Deux véhicules - frontale,,,,,,,,,,,1,2,1,1,1
200500037623,0005-06-12 11:45:00,5,6,12,11,45,590,555.0,RUE DU GENERAL DE GAULLE,50.169,4.028,Plein jour,En agglomération,Hors intersection,Normale,Deux véhicules - côté,,,,,,,,,,,1,2,1,1,3
200500037624,0005-06-18 20:00:00,5,6,18,20,0,620,387.0,,50.114,2.796,Plein jour,Hors agglomération,Hors intersection,Normale,Deux véhicules - frontale,,,,,,,,,,,1,1,1,1,1
200500037625,0005-06-10 10:15:00,5,6,10,10,15,620,147.0,,50.19,2.74,Plein jour,Hors agglomération,Intersection en Y,Normale,Deux véhicules - côté,,,,,,,,,,,1,1,4,1,3
200500037626,0005-06-17 23:30:00,5,6,17,23,30,620,586.0,,50.312,2.637,Nuit sans éclairage public,Hors agglomération,Hors intersection,Normale,Autre collision,,,,,,,,,,,3,1,1,1,6
200500037627,0005-06-04 12:15:00,5,6,4,12,15,620,559.0,,50.213,3.094,Plein jour,Hors agglomération,Hors intersection,Normale,Deux véhicules - côté,,,,,,,,,,,1,1,1,1,3
200500037628,0005-06-07 14:45:00,5,6,7,14,45,620,583.0,,50.185,2.465,Plein jour,Hors agglomération,Hors intersection,Normale,Autre collision,,,,,,,,,,,1,1,1,1,6
200500037629,0005-06-12 22:45:00,5,6,12,22,45,620,697.0,,50.264,3.021,Nuit sans éclairage public,Hors agglomération,Hors intersection,Normale,Deux véhicules - frontale,,,,,,,,,,,3,1,1,1,1
200500037630,0005-06-20 14:00:00,5,6,20,14,0,620,770.0,CD937,,,Plein jour,En agglomération,Hors intersection,Normale,Trois véhicules et plus - collisions multiples,,,,,,,,,,,1,2,1,1,5
200500037631,0005-06-12 14:45:00,5,6,12,14,45,620,491.0,,50.634,2.8,Plein jour,Hors agglomération,Hors intersection,Normale,Deux véhicules - côté,,,,,,,,,,,1,1,1,1,3
200500037632,0005-06-19 09:30:00,5,6,19,9,30,620,195.0,HAUTE RUE,,,Plein jour,En agglomération,Hors intersection,Normale,Deux véhicules - frontale,,,,,,,,,,,1,2,1,1,1
200500037633,0005-06-19 16:30:00,5,6,19,16,30,620,454.0,RUE DES FUSILIES,,,Nuit avec éclairage allumé,En agglomération,Hors intersection,Normale,Autre collision,,,,,,,,,,,5,2,1,1,6
200500037634,0005-06-30 22:30:00,5,6,30,22,30,620,376.0,,,,Nuit sans éclairage public,Hors agglomération,Hors intersection,Temps couvert,Autre collision,,,,,,,,,,,3,1,1,8,6
200500037635,0005-06-12 04:00:00,5,6,12,4,0,620,268.0,Route de MENNEVILLE,50.672,1.848,Nuit avec éclairage allumé,En agglomération,Hors intersection,Normale,Autre collision,,,,,,,,,,,5,2,1,1,6
200500037636,0005-06-20 18:30:00,5,6,20,18,30,620,845.0,,,,Plein jour,Hors agglomération,Hors intersection,Normale,Deux véhicules - frontale,,,,,,,,,,,1,1,1,1,1
200500037637,0005-06-07 17:45:00,5,6,7,17,45,620,705.0,,,,Plein jour,Hors agglomération,Hors intersection,Normale,Deux véhicules - côté,,,,,,,,,,,1,1,1,1,3
200500037638,0005-06-21 19:15:00,5,6,21,19,15,620,52.0,,,,Plein jour,Hors agglomération,Hors intersection,Normale,Trois véhicules et plus - collisions multiples,,,,,,,,,,,1,1,1,1,5
200500037639,0005-06-07 08:45:00,5,6,7,8,45,620,604.0,,50.633,1.623,Plein jour,Hors agglomération,Hors intersection,Normale,Deux véhicules - côté,,,,,,,,,,,1,1,1,1,3
200500037640,0005-06-04 22:00:00,5,6,4,22,0,620,799.0,Grande rue,50.464,1.721,Crépuscule ou aube,En agglomération,Hors intersection,Normale,Deux véhicules - côté,,,,,,,,,,,2,2,1,1,3
200500037641,0005-06-13 09:00:00,5,6,13,9,0,620,176.0,route nationale 39,50.505,1.692,Plein jour,En agglomération,Autre intersection,Normale,Deux véhicules - frontale,,,,,,,,,,,1,2,9,1,1
200500037642,0005-06-11 20:00:00,5,6,11,20,0,620,571.0,chaussée de l'Epy,50.448,1.62,Plein jour,En agglomération,Hors intersection,Normale,Deux véhicules - frontale,,,,,,,,,,,1,2,1,1,1
200500037643,0005-06-02 18:15:00,5,6,2,18,15,620,496.0,,50.547,1.662,Plein jour,Hors agglomération,Hors intersection,Normale,Autre collision,,,,,,,,,,,1,1,1,1,6
200500037644,0005-06-24 11:25:00,5,6,24,11,25,620,550.0,n° 1839 Rte Nationale,50.38,2.007,Plein jour,En agglomération,Hors intersection,Normale,Deux véhicules - arrière,,,,,,,,,,,1,2,1,1,2
200500037645,0005-06-15 08:15:00,5,6,15,8,15,620,811.0,,,,Plein jour,Hors agglomération,Hors intersection,Normale,Deux véhicules - côté,,,,,,,,,,,1,1,1,1,3
200500037646,0005-06-07 23:15:00,5,6,7,23,15,620,55.0,CD191,50.774,1.971,Nuit sans éclairage public,En agglomération,Hors intersection,Normale,Deux véhicules - côté,,,,,,,,,,,3,2,1,1,3
200500037647,0005-06-11 14:15:00,5,6,11,14,15,620,57.0,Rte du Fort Bâtard,50.884,2.087,Plein jour,En agglomération,Hors intersection,Normale,Deux véhicules - côté,,,,,,,,,,,1,2,1,1,3
200500037648,0005-06-19 17:45:00,5,6,19,17,45,620,898.0,,,,Plein jour,Hors agglomération,Hors intersection,Normale,Deux véhicules - côté,,,,,,,,,,,1,1,1,1,3
200500037649,0005-06-24 12:45:00,5,6,24,12,45,620,308.0,,,,Plein jour,Hors agglomération,Hors intersection,Normale,Trois véhicules et plus - collisions multiples,,,,,,,,,,,1,1,1,1,5
200500037650,0005-06-07 17:30:00,5,6,7,17,30,620,45.0,rue julien hermant,50.356,2.603,Plein jour,En agglomération,Hors intersection,Normale,Autre collision,,,,,,,,,,,1,2,1,1,6
200500037651,0005-06-28 14:00:00,5,6,28,14,0,620,36.0,,,,Plein jour,Hors agglomération,Hors intersection,Normale,Autre collision,,,,,,,,,,,1,1,1,1,6
200500037652,0005-06-24 21:45:00,5,6,24,21,45,620,872.0,,50.42,2.052,Nuit sans éclairage public,Hors agglomération,Hors intersection,Normale,Sans collision,,,,,,,,,,,3,1,1,1,7
200500037653,0005-06-02 09:30:00,5,6,2,9,30,800,507.0,,49.86,2.58,Plein jour,Hors agglomération,Hors intersection,Normale,Deux véhicules - côté,,,,,,,,,,,1,1,1,1,3
200500037654,0005-06-06 10:15:00,5,6,6,10,15,800,559.0,,49.906,1.991,Plein jour,Hors agglomération,Hors intersection,Normale,Deux véhicules - frontale,,,,,,,,,,,1,1,1,1,1
200500037655,0005-06-19 17:30:00,5,6,19,17,30,800,587.0,,49.925,1.676,Plein jour,Hors agglomération,Hors intersection,Normale,Autre collision,,,,,,,,,,,1,1,1,1,6
200500037656,0005-06-27 16:00:00,5,6,27,16,0,800,330.0,Rue de Oisemont,,,Plein jour,En agglomération,Hors intersection,Normale,Autre collision,,,,,,,,,,,1,2,1,1,6
200500037657,0005-06-02 19:15:00,5,6,2,19,15,800,24.0,,,,Plein jour,Hors agglomération,Hors intersection,Normale,Deux véhicules - frontale,,,,,,,,,,,1,1,1,1,1
200500037658,0005-06-12 05:45:00,5,6,12,5,45,800,718.0,230 rue Jean Catelas,,,Crépuscule ou aube,En agglomération,Hors intersection,Normale,Autre collision,,,,,,,,,,,2,2,1,1,6
200500037659,0005-06-21 08:30:00,5,6,21,8,30,800,718.0,,,,Plein jour,Hors agglomération,Hors intersection,Normale,Autre collision,,,,,,,,,,,1,1,1,1,6
200500037660,0005-06-24 13:30:00,5,6,24,13,30,800,92.0,,49.964,2.275,Plein jour,Hors agglomération,Intersection en X,Normale,Deux véhicules - côté,,,,,,,,,,,1,1,2,1,3
200500037661,0005-06-07 14:00:00,5,6,7,14,0,800,609.0,,,,Plein jour,Hors agglomération,Hors intersection,Normale,Autre collision,,,,,,,,,,,1,1,1,1,6
200500037662,0005-06-09 17:30:00,5,6,9,17,30,800,736.0,CD21,50.01,1.9,Plein jour,En agglomération,Hors intersection,Normale,Autre collision,,,,,,,,,,,1,2,1,1,6
200500037663,0005-06-11 21:30:00,5,6,11,21,30,800,488.0,RUE DU 11 NOVEMBRE,,,Plein jour,En agglomération,Intersection en X,Normale,Deux véhicules - frontale,,,,,,,,,,,1,2,2,1,1
200500037664,0005-06-12 18:30:00,5,6,12,18,30,800,574.0,,50.05,2.05,Plein jour,Hors agglomération,Hors intersection,Normale,Deux véhicules - côté,,,,,,,,,,,1,1,1,1,3
200500037665,0005-06-15 21:45:00,5,6,15,21,45,800,609.0,,50.14,1.98,Plein jour,Hors agglomération,Hors intersection,Temps couvert,Autre collision,,,,,,,,,,,1,1,1,8,6
200500037666,0005-06-07 01:15:00,5,6,7,1,15,800,714.0,RUE DE ST VALERY,,,Nuit avec éclairage allumé,En agglomération,Hors intersection,Normale,Autre collision,,,,,,,,,,,5,2,1,1,6
200500037667,0005-06-11 11:45:00,5,6,11,11,45,800,368.0,rue du général LECLERC,50.09,1.55,Plein jour,En agglomération,Hors intersection,Normale,Deux véhicules - côté,,,,,,,,,,,1,2,1,1,3
200500037668,0005-06-18 16:45:00,5,6,18,16,45,800,190.0,,50.084,1.658,Plein jour,Hors agglomération,Hors intersection,Normale,Autre collision,,,,,,,,,,,1,1,1,1,6
200500037669,0005-06-19 16:45:00,5,6,19,16,45,800,649.0,,50.325,1.618,Plein jour,Hors agglomération,Hors intersection,Normale,Deux véhicules - arrière,,,,,,,,,,,1,1,1,1,2
200500037670,0005-06-19 17:30:00,5,6,19,17,30,800,333.0,ROUTE DE QUEND,,,Plein jour,En agglomération,Hors intersection,Normale,Deux véhicules - arrière,,,,,,,,,,,1,2,1,1,2
200500037671,0005-06-23 09:45:00,5,6,23,9,45,800,600.0,,50.205,1.755,Plein jour,Hors agglomération,Intersection en T,Normale,Deux véhicules - côté,,,,,,,,,,,1,1,3,1,3
200500037672,0005-06-26 16:30:00,5,6,26,16,30,800,146.0,,50.144,1.52,Plein jour,En agglomération,Intersection en X,Normale,Deux véhicules - frontale,,,,,,,,,,,1,2,2,1,1
200500037673,0005-06-10 16:45:00,5,6,10,16,45,800,70.0,FACE 09 CHAUSSEE D AMIEN,50.088,2.394,Plein jour,En agglomération,Hors intersection,Normale,Deux véhicules - côté,,,,,,,,,,,1,2,1,1,3
200500037674,0005-06-05 21:00:00,5,6,5,21,0,800,170.0,CD26,,,Crépuscule ou aube,En agglomération,Hors intersection,Pluie légère,Autre collision,,,,,,,,,,,2,2,1,2,6
200500037675,0005-06-12 03:15:00,5,6,12,3,15,800,685.0,,,,Nuit sans éclairage public,Hors agglomération,Hors intersection,Normale,Trois véhicules et plus - collisions multiples,,,,,,,,,,,3,1,1,1,5
200500037676,0005-06-24 22:30:00,5,6,24,22,30,800,759.0,,,,Nuit sans éclairage public,Hors agglomération,Hors intersection,Normale,Autre collision,,,,,,,,,,,3,1,1,1,6
200500037677,0005-06-07 23:15:00,5,6,7,23,15,800,628.0,RUE DE L'HERELLE,49.753,2.553,Nuit avec éclairage allumé,En agglomération,Hors intersection,Normale,Autre collision,,,,,,,,,,,5,2,1,1,6
200500037678,0005-06-17 18:30:00,5,6,17,18,30,800,283.0,,49.699,2.373,Plein jour,Hors agglomération,Hors intersection,Normale,Sans collision,,,,,,,,,,,1,1,1,1,7
200500037679,0005-06-19 15:30:00,5,6,19,15,30,800,452.0,CD7,,,Plein jour,Hors agglomération,Hors intersection,Normale,Autre collision,,,,,,,,,,,1,1,1,1,6
200500037680,0005-06-21 18:15:00,5,6,21,18,15,800,405.0,Rue haute,,,Plein jour,En agglomération,Hors intersection,Normale,Deux véhicules - frontale,,,,,,,,,,,1,2,1,1,1
200500037681,0005-06-30 07:45:00,5,6,30,7,45,800,652.0,34 Sens ROYE / AMIENS 80,49.779,2.604,Plein jour,Hors agglomération,Hors intersection,Normale,Deux véhicules - arrière,,,,,,,,,,,1,1,1,1,2
200500037682,0005-06-04 12:45:00,5,6,4,12,45,800,54.0,,,,Plein jour,Hors agglomération,Hors intersection,Temps couvert,Deux véhicules - côté,,,,,,,,,,,1,1,1,8,3
200500037683,0005-06-07 12:30:00,5,6,7,12,30,800,620.0,RONSSOY,,,Plein jour,En agglomération,Hors intersection,Normale,Autre collision,,,,,,,,,,,1,2,1,1,6
200500037684,0005-06-12 10:00:00,5,6,12,10,0,800,664.0,,49.999,2.911,Plein jour,Hors agglomération,Hors intersection,Normale,Deux véhicules - arrière,,,,,,,,,,,1,1,1,1,2
200500037685,0005-06-18 14:45:00,5,6,18,14,45,800,620.0,rue SAINT-SAUVEUR,49.935,2.934,Plein jour,En agglomération,Autre intersection,Normale,Deux véhicules - côté,,,,,,,,,,,1,2,9,1,3
200500037686,0005-06-20 10:15:00,5,6,20,10,15,800,560.0,,,,Plein jour,Hors agglomération,Hors intersection,Normale,Deux véhicules - frontale,,,,,,,,,,,1,1,1,1,1
200500037687,0005-06-28 05:00:00,5,6,28,5,0,800,404.0,,,,Crépuscule ou aube,Hors agglomération,Hors intersection,Normale,Deux véhicules - côté,,,,,,,,,,,2,1,1,1,3
200500037688,0005-06-01 15:30:00,5,6,1,15,30,800,238.0,rue de la libération,49.984,2.623,Plein jour,En agglomération,Hors intersection,Normale,Deux véhicules - frontale,,,,,,,,,,,1,2,1,1,1
200500037689,0005-06-07 13:15:00,5,6,7,13,15,800,129.0,Rue du puit,50.03,2.616,Plein jour,En agglomération,Hors intersection,Normale,Deux véhicules - frontale,,,,,,,,,,,1,2,1,1,1
200500037690,0005-06-26 17:15:00,5,6,26,17,15,800,680.0,RUE PASTEUR,,,Plein jour,En agglomération,Hors intersection,Normale,Deux véhicules - côté,,,,,,,,,,,1,2,1,1,3
200500037691,0005-06-29 20:45:00,5,6,29,20,45,800,530.0,,,,Plein jour,Hors agglomération,Hors intersection,Normale,Deux véhicules - frontale,,,,,,,,,,,1,1,1,1,1
200500037692,0005-06-24 17:45:00,5,6,24,17,45,800,585.0,,49.756,2.893,Plein jour,Hors agglomération,Hors intersection,Normale,Deux véhicules - arrière,,,,,,,,,,,1,1,1,1,2
200500037693,0005-06-18 01:15:00,5,6,18,1,15,20,80.0,,49.588,3.566,Nuit sans éclairage public,Hors agglomération,Hors intersection,Normale,Autre collision,,,,,,,,,,,3,1,1,1,6