accident_id,datetime,annee,mois,jour,heure,minute,departement,commune_insee,adresse,latitude,longitude,luminosite,agglomeration,intersection,meteo,collision,nb_vehicules,nb_usagers,nb_indemnes,nb_tues,nb_blesses_hosp,nb_blesses_legers,age_cond_1,age_cond_2,veh_type_cond_1,veh_type_cond_2,lum_code,agg_code,int_code,atm_code,col_code
200500037832,0005-06-19 04:30:00,5,6,19,4,30,270,644.0,,49.123,1.497,Nuit sans éclairage public,Hors agglomération,Hors intersection,Normale,Autre collision,,,,,,,,,,,3,1,1,1,6
200500037833,0005-06-25 20:45:00,5,6,25,20,45,270,653.0,,49.195,1.546,Plein jour,Hors agglomération,Hors intersection,Normale,Sans collision,,,,,,,,,,,1,1,1,1,7
200500037834,0005-06-05 18:30:00,5,6,5,18,30,270,493.0,,49.351,1.264,Plein jour,Hors agglomération,Hors intersection,Temps couvert,Autre collision,,,,,,,,,,,1,1,1,8,6
200500037835,0005-06-15 12:30:00,5,6,15,12,30,270,104.0,,49.389,1.312,Plein jour,En agglomération,Hors intersection,Pluie légère,Deux véhicules - côté,,,,,,,,,,,1,2,1,2,3
200500037836,0005-06-09 20:00:00,5,6,9,20,0,270,420.0,,49.252,1.559,Plein jour,Hors agglomération,Intersection en X,Normale,Deux véhicules - côté,,,,,,,,,,,1,1,2,1,3
200500037837,0005-06-08 20:00:00,5,6,8,20,0,270,106.0,,,,Plein jour,Hors agglomération,Hors intersection,Normale,Sans collision,,,,,,,,,,,1,1,1,1,7
200500037838,0005-06-03 08:00:00,5,6,3,8,0,270,622.0,CD 31 Village la porte,49.12,0.689,Plein jour,En agglomération,Hors intersection,Normale,Deux véhicules - frontale,,,,,,,,,,,1,2,1,1,1
200500037839,0005-06-17 19:15:00,5,6,17,19,15,270,51.0,53 RUE ST NICOLAS,49.083,0.784,Plein jour,En agglomération,Hors intersection,Normale,Autre collision,,,,,,,,,,,1,2,1,1,6
200500037840,0005-06-18 18:45:00,5,6,18,18,45,270,433.0,,,,Plein jour,Hors agglomération,Hors intersection,Temps éblouissant,Trois véhicules et plus - en chaîne,,,,,,,,,,,1,1,1,7,4
200500037841,0005-06-25 13:45:00,5,6,25,13,45,270,253.0,,,,Plein jour,Hors agglomération,Hors intersection,Temps couvert,Deux véhicules - frontale,,,,,,,,,,,1,1,1,8,1
200500037842,0005-06-18 09:15:00,5,6,18,9,15,270,3.0,,,,Plein jour,Hors agglomération,Hors intersection,Normale,Autre collision,,,,,,,,,,,1,1,1,1,6
200500037843,0005-06-19 18:30:00,5,6,19,18,30,270,3.0,route de Pacy,49.178,1.189,Plein jour,En agglomération,Hors intersection,Normale,Deux véhicules - côté,,,,,,,,,,,1,2,1,1,3
200500037844,0005-06-28 08:00:00,5,6,28,8,0,270,537.0,au 29 route de Louviers,49.248,1.221,Plein jour,En agglomération,Hors intersection,Normale,Deux véhicules - frontale,,,,,,,,,,,1,2,1,1,1
200500037845,0005-06-28 17:15:00,5,6,28,17,15,270,3.0,RD71,49.176,1.176,Plein jour,En agglomération,Hors intersection,Normale,Autre collision,,,,,,,,,,,1,2,1,1,6
200500037846,0005-06-13 17:15:00,5,6,13,17,15,270,22.0,,,,Plein jour,Hors agglomération,Hors intersection,Normale,Deux véhicules - côté,,,,,,,,,,,1,1,1,1,3
200500037847,0005-06-16 23:30:00,5,6,16,23,30,270,191.0,route Evreux,49.112,1.244,Nuit sans éclairage public,En agglomération,Hors intersection,Normale,Deux véhicules - arrière,,,,,,,,,,,3,2,1,1,2
200500037848,0005-06-21 19:15:00,5,6,21,19,15,270,5.0,Route de Gaillon (D82),49.167,1.25,Plein jour,En agglomération,Intersection en X,Normale,Deux véhicules - frontale,,,,,,,,,,,1,2,2,1,1
200500037849,0005-06-30 14:00:00,5,6,30,14,0,270,211.0,,49.09,1.25,Plein jour,Hors agglomération,Hors intersection,Normale,Autre collision,,,,,,,,,,,1,1,1,1,6
200500037850,0005-06-27 09:00:00,5,6,27,9,0,270,8.0,,49.317,1.191,Nuit sans éclairage public,Hors agglomération,Hors intersection,Normale,Autre collision,,,,,,,,,,,3,1,1,1,6
200500037851,0005-06-29 21:15:00,5,6,29,21,15,270,474.0,Route de St PIERRE,49.292,1.261,Plein jour,En agglomération,Hors intersection,Normale,Autre collision,,,,,,,,,,,1,2,1,1,6
200500037852,0005-06-08 16:30:00,5,6,8,16,30,270,261.0,ROUTE DE LA HARENGERE,,,Plein jour,En agglomération,Hors intersection,Normale,Trois véhicules et plus - collisions multiples,,,,,,,,,,,1,2,1,1,5
200500037853,0005-06-05 11:30:00,5,6,5,11,30,270,467.0,PARKING INTERMARCHE,,,Plein jour,En agglomération,Place,Normale,Deux véhicules - côté,,,,,,,,,,,1,2,7,1,3
200500037854,0005-06-08 11:30:00,5,6,8,11,30,270,467.0,quai Félix Faure,49.364,0.515,Plein jour,En agglomération,Hors intersection,Normale,Autre collision,,,,,,,,,,,1,2,1,1,6
200500037855,0005-06-12 05:45:00,5,6,12,5,45,270,656.0,RN 175,,,Crépuscule ou aube,En agglomération,Hors intersection,Normale,Sans collision,,,,,,,,,,,2,2,1,1,7
200500037856,0005-06-24 16:45:00,5,6,24,16,45,270,485.0,CD 87,,,Plein jour,En agglomération,Hors intersection,Pluie légère,Deux véhicules - côté,,,,,,,,,,,1,2,1,2,3
200500037857,0005-06-29 20:30:00,5,6,29,20,30,270,65.0,ru du calvaire,,,Plein jour,En agglomération,Hors intersection,Normale,Deux véhicules - frontale,,,,,,,,,,,1,2,1,1,1
200500037858,0005-06-03 18:00:00,5,6,3,18,0,270,340.0,Rue de la Mairie,,,Plein jour,En agglomération,Hors intersection,Normale,Deux véhicules - frontale,,,,,,,,,,,1,2,1,1,1
200500037859,0005-06-09 17:30:00,5,6,9,17,30,270,227.0,,49.39,0.655,Plein jour,Hors agglomération,Hors intersection,Normale,Deux véhicules - côté,,,,,,,,,,,1,1,1,1,3
200500037860,0005-06-11 20:15:00,5,6,11,20,15,270,103.0,Grande rue,,,Plein jour,En agglomération,Hors intersection,Normale,Deux véhicules - arrière,,,,,,,,,,,1,2,1,1,2
200500037861,0005-06-21 15:30:00,5,6,21,15,30,270,90.0,,49.283,0.946,Plein jour,Hors agglomération,Hors intersection,Normale,Deux véhicules - côté,,,,,,,,,,,1,1,1,1,3
200500037862,0005-06-04 18:15:00,5,6,4,18,15,350,146.0,,,,Plein jour,Hors agglomération,Hors intersection,Normale,Deux véhicules - côté,,,,,,,,,,,1,1,1,1,3
200500037863,0005-06-14 08:45:00,5,6,14,8,45,350,251.0,,48.27,-1.63,Plein jour,Hors agglomération,Hors intersection,Normale,Deux véhicules - frontale,,,,,,,,,,,1,1,1,1,1
200500037864,0005-06-07 17:15:00,5,6,7,17,15,350,31.0,,48.172,-1.476,Plein jour,Hors agglomération,Hors intersection,Normale,Deux véhicules - frontale,,,,,,,,,,,1,1,1,1,1
200500037865,0005-06-15 07:45:00,5,6,15,7,45,350,302.0,,48.194,-2.148,Plein jour,Hors agglomération,Hors intersection,Pluie légère,Deux véhicules - côté,,,,,,,,,,,1,1,1,2,3
200500037866,0005-06-15 18:30:00,5,6,15,18,30,350,171.0,,48.262,-2.101,Plein jour,Hors agglomération,Hors intersection,Normale,Deux véhicules - côté,,,,,,,,,,,1,1,1,1,3
200500037867,0005-06-10 10:00:00,5,6,10,10,0,350,184.0,,48.159,-2.048,Plein jour,Hors agglomération,Hors intersection,Normale,Deux véhicules - côté,,,,,,,,,,,1,1,1,1,3
200500037868,0005-06-05 05:30:00,5,6,5,5,30,350,23.0,"ns Saint Brieuc-Rennes,",,,Crépuscule ou aube,Hors agglomération,Hors intersection,Normale,Sans collision,,,,,,,,,,,2,1,1,1,7
200500037869,0005-06-17 19:30:00,5,6,17,19,30,350,223.0,,,,Plein jour,Hors agglomération,Hors intersection,Normale,Autre collision,,,,,,,,,,,1,1,1,1,6
200500037870,0005-06-24 16:15:00,5,6,24,16,15,350,227.0,,,,Plein jour,Hors agglomération,Hors intersection,Temps éblouissant,Deux véhicules - arrière,,,,,,,,,,,1,1,1,7,2
200500037871,0005-06-06 15:00:00,5,6,6,15,0,350,196.0,,,,Plein jour,Hors agglomération,Intersection en T,Normale,Deux véhicules - côté,,,,,,,,,,,1,1,3,1,3
200500037872,0005-06-08 20:30:00,5,6,8,20,30,350,357.0,,,,Plein jour,Hors agglomération,Hors intersection,Normale,Autre collision,,,,,,,,,,,1,1,1,1,6
200500037873,0005-06-15 11:45:00,5,6,15,11,45,350,273.0,,48.404,-1.285,Plein jour,Hors agglomération,Hors intersection,Pluie forte,Autre collision,,,,,,,,,,,1,1,1,3,6
200500037874,0005-06-25 01:30:00,5,6,25,1,30,350,282.0,,,,Nuit sans éclairage public,Hors agglomération,Hors intersection,Normale,Deux véhicules - frontale,,,,,,,,,,,3,1,1,1,1
200500037875,0005-06-11 18:00:00,5,6,11,18,0,350,64.0,CD56,47.702,-1.889,Plein jour,En agglomération,Hors intersection,Normale,Sans collision,,,,,,,,,,,1,2,1,1,7
200500037876,0005-06-26 09:00:00,5,6,26,9,0,350,155.0,,47.869,-1.878,Plein jour,Hors agglomération,Hors intersection,Normale,Trois véhicules et plus - collisions multiples,,,,,,,,,,,1,1,1,1,5
200500037877,0005-06-07 18:15:00,5,6,7,18,15,350,122.0,,48.613,-1.9,Plein jour,Hors agglomération,Intersection en T,Normale,Deux véhicules - côté,,,,,,,,,,,1,1,3,1,3
200500037878,0005-06-08 16:00:00,5,6,8,16,0,350,116.0,,,,Plein jour,Hors agglomération,Hors intersection,Normale,Autre collision,,,,,,,,,,,1,1,1,1,6
200500037879,0005-06-12 18:00:00,5,6,12,18,0,350,265.0,,,,Plein jour,Hors agglomération,Hors intersection,Normale,Deux véhicules - frontale,,,,,,,,,,,1,1,1,1,1
200500037880,0005-06-29 17:00:00,5,6,29,17,0,350,362.0,,,,Plein jour,Hors agglomération,Hors intersection,Normale,Deux véhicules - frontale,,,,,,,,,,,1,1,1,1,1
200500037881,0005-06-09 18:30:00,5,6,9,18,30,350,246.0,,48.539,-1.787,Plein jour,Hors agglomération,Hors intersection,Normale,Deux véhicules - arrière,,,,,,,,,,,1,1,1,1,2
200500037882,0005-06-14 18:15:00,5,6,14,18,15,350,95.0,BOULEVARD DEMINIAC,48.552,-1.751,Plein jour,En agglomération,Hors intersection,Normale,Autre collision,,,,,,,,,,,1,2,1,1,6
200500037883,0005-06-20 10:15:00,5,6,20,10,15,350,246.0,,48.539,-1.807,Plein jour,Hors agglomération,Hors intersection,Normale,Deux véhicules - frontale,,,,,,,,,,,1,1,1,1,1
200500037884,0005-06-08 12:15:00,5,6,8,12,15,350,360.0,route de la guerche,,,Plein jour,En agglomération,Hors intersection,Normale,Deux véhicules - côté,,,,,,,,,,,1,2,1,1,3
200500037885,0005-06-25 17:30:00,5,6,25,17,30,350,360.0,alle de broceliande,48.129,-1.205,Plein jour,En agglomération,Place,Normale,Deux véhicules - côté,,,,,,,,,,,1,2,7,1,3
200500037886,0005-06-28 17:45:00,5,6,28,17,45,220,121.0,", entrée magasin Super U",,,Plein jour,En agglomération,Hors intersection,Normale,Deux véhicules - frontale,,,,,,,,,,,1,2,1,1,1
200500037887,0005-06-04 11:15:00,5,6,4,11,15,220,326.0,,,,Plein jour,Hors agglomération,Hors intersection,Normale,Deux véhicules - frontale,,,,,,,,,,,1,1,1,1,1
200500037888,0005-06-12 03:30:00,5,6,12,3,30,220,93.0,RUE DU MARTINET,,,Nuit sans éclairage public,En agglomération,Hors intersection,Normale,Deux véhicules - frontale,,,,,,,,,,,3,2,1,1,1
200500037889,0005-06-13 21:00:00,5,6,13,21,0,220,326.0,,48.445,-2.44,Plein jour,Hors agglomération,Intersection en X,Temps éblouissant,Deux véhicules - côté,,,,,,,,,,,1,1,2,7,3
200500037890,0005-06-30 01:15:00,5,6,30,1,15,220,173.0,RUE ST MICHEL,48.537,-2.572,Nuit avec éclairage allumé,En agglomération,Hors intersection,Normale,Autre collision,,,,,,,,,,,5,2,1,1,6
200500037891,0005-06-04 12:30:00,5,6,4,12,30,220,259.0,,48.474,-2.082,Plein jour,Hors agglomération,Hors intersection,Normale,Sans collision,,,,,,,,,,,1,1,1,1,7
200500037892,0005-06-05 20:15:00,5,6,5,20,15,220,26.0,,,,Plein jour,Hors agglomération,Hors intersection,Normale,Autre collision,,,,,,,,,,,1,1,1,1,6
200500037893,0005-06-08 06:30:00,5,6,8,6,30,220,143.0,,48.599,-2.296,Plein jour,Hors agglomération,Hors intersection,Normale,Sans collision,,,,,,,,,,,1,1,1,1,7
200500037894,0005-06-07 20:45:00,5,6,7,20,45,220,48.0,,48.467,-2.119,Plein jour,Hors agglomération,Hors intersection,Normale,Deux véhicules - frontale,,,,,,,,,,,1,1,1,1,1
200500037895,0005-06-13 16:30:00,5,6,13,16,30,220,237.0,Rue Chateaubriant,,,Plein jour,En agglomération,Hors intersection,Normale,Autre collision,,,,,,,,,,,1,2,1,1,6
200500037896,0005-06-18 10:30:00,5,6,18,10,30,220,237.0,,48.53,-2.259,Plein jour,Hors agglomération,Hors intersection,Normale,Deux véhicules - frontale,,,,,,,,,,,1,1,1,1,1
200500037897,0005-06-20 05:00:00,5,6,20,5,0,220,94.0,Rue Nationale,48.613,-2.146,Crépuscule ou aube,En agglomération,Hors intersection,Normale,Deux véhicules - côté,,,,,,,,,,,2,2,1,1,3
200500037898,0005-06-11 18:45:00,5,6,11,18,45,220,147.0,PLACE DU CENTRE,48.195,-2.415,Plein jour,En agglomération,Hors intersection,Normale,Deux véhicules - côté,,,,,,,,,,,1,2,1,1,3
200500037899,0005-06-22 18:30:00,5,6,22,18,30,220,147.0,,48.2,-2.46,Plein jour,Hors agglomération,Hors intersection,Normale,Sans collision,,,,,,,,,,,1,1,1,1,7
200500037900,0005-06-24 17:00:00,5,6,24,17,0,220,25.0,,48.398,-3.432,Plein jour,Hors agglomération,Hors intersection,Normale,Deux véhicules - côté,,,,,,,,,,,1,1,1,1,3
200500037901,0005-06-21 16:20:00,5,6,21,16,20,220,344.0,16 rue de l'école,,,Plein jour,Hors agglomération,Hors intersection,Normale,Autre collision,,,,,,,,,,,1,1,1,1,6
200500037902,0005-06-07 18:15:00,5,6,7,18,15,220,198.0,rue du bourg,48.77,-3.51,Plein jour,En agglomération,Hors intersection,Normale,Deux véhicules - côté,,,,,,,,,,,1,2,1,1,3
200500037903,0005-06-12 19:15:00,5,6,12,19,15,220,152.0,,48.762,-3.274,Plein jour,Hors agglomération,Hors intersection,Normale,Deux véhicules - frontale,,,,,,,,,,,1,1,1,1,1
200500037904,0005-06-18 10:00:00,5,6,18,10,0,220,362.0,rue des quais,48.789,-3.223,Plein jour,En agglomération,Hors intersection,Normale,Deux véhicules - côté,,,,,,,,,,,1,2,1,1,3
200500037905,0005-06-17 14:00:00,5,6,17,14,0,220,166.0,RUE D ARMOR,48.819,-3.296,Plein jour,En agglomération,Hors intersection,Normale,Deux véhicules - côté,,,,,,,,,,,1,2,1,1,3
200500037906,0005-06-29 15:00:00,5,6,29,15,0,220,127.0,,48.809,-3.106,Plein jour,Hors agglomération,Hors intersection,Autre,Autre collision,,,,,,,,,,,1,1,1,9,6
200500037907,0005-06-02 19:00:00,5,6,2,19,0,290,216.0,rue de QUIMPER,47.983,-4.176,Plein jour,En agglomération,Intersection en T,Normale,Deux véhicules - côté,,,,,,,,,,,1,2,3,1,3
200500037908,0005-06-17 09:30:00,5,6,17,9,30,290,75.0,,48.425,-4.426,Plein jour,Hors agglomération,Hors intersection,Normale,Deux véhicules - arrière,,,,,,,,,,,1,1,1,1,2
200500037909,0005-06-15 19:00:00,5,6,15,19,0,290,198.0,,48.578,-4.284,Plein jour,Hors agglomération,Hors intersection,Normale,Deux véhicules - côté,,,,,,,,,,,1,1,1,1,3
200500037910,0005-06-22 17:30:00,5,6,22,17,30,290,177.0,,48.417,-4.793,Plein jour,Hors agglomération,Hors intersection,Normale,Deux véhicules - arrière,,,,,,,,,,,1,1,1,1,2
200500037911,0005-06-11 16:00:00,5,6,11,16,0,290,106.0,,48.048,-4.071,Plein jour,Hors agglomération,Hors intersection,Normale,Deux véhicules - frontale,,,,,,,,,,,1,1,1,1,1
200500037912,0005-06-21 17:00:00,5,6,21,17,0,290,62.0,,48.193,-3.986,Plein jour,Hors agglomération,Hors intersection,Normale,Deux véhicules - arrière,,,,,,,,,,,1,1,1,1,2
200500037913,0005-06-14 07:45:00,5,6,14,7,45,290,42.0,,,,Plein jour,Hors agglomération,Hors intersection,Normale,Trois véhicules et plus - en chaîne,,,,,,,,,,,1,1,1,1,4
200500037914,0005-06-17 16:30:00,5,6,17,16,30,290,182.0,,,,Plein jour,Hors agglomération,Hors intersection,Normale,Deux véhicules - côté,,,,,,,,,,,1,1,1,1,3
200500037915,0005-06-29 01:00:00,5,6,29,1,0,290,67.0,RUE VER,,,Nuit sans éclairage public,En agglomération,Hors intersection,Normale,Deux véhicules - côté,,,,,,,,,,,3,2,1,1,3
200500037916,0005-06-15 17:00:00,5,6,15,17,0,290,202.0,VOIE COMMUNALE N° 1,,,Plein jour,En agglomération,Hors intersection,Normale,Deux véhicules - côté,,,,,,,,,,,1,2,1,1,3
200500037917,0005-06-03 18:45:00,5,6,3,18,45,290,30.0,,48.642,-4.131,Plein jour,Hors agglomération,Hors intersection,Normale,Deux véhicules - frontale,,,,,,,,,,,1,1,1,1,1
200500037918,0005-06-22 12:30:00,5,6,22,12,30,290,271.0,,,,Plein jour,Hors agglomération,Intersection en X,Normale,Deux véhicules - frontale,,,,,,,,,,,1,1,2,1,1
200500037919,0005-06-23 15:15:00,5,6,23,15,15,290,210.0,,,,Plein jour,Hors agglomération,Hors intersection,Normale,Autre collision,,,,,,,,,,,1,1,1,1,6
200500037920,0005-06-27 15:30:00,5,6,27,15,30,290,239.0,ESTACADE,,,Plein jour,En agglomération,Hors intersection,Normale,Autre collision,,,,,,,,,,,1,2,1,1,6
200500037921,0005-06-23 17:45:00,5,6,23,17,45,560,8.0,,,,Plein jour,Hors agglomération,Hors intersection,Normale,Deux véhicules - côté,,,,,,,,,,,1,1,1,1,3
200500037922,0005-06-30 10:15:00,5,6,30,10,15,560,164.0,,,,Plein jour,Hors agglomération,Hors intersection,Normale,Autre collision,,,,,,,,,,,1,1,1,1,6
200500037923,0005-06-12 16:15:00,5,6,12,16,15,560,143.0,,47.547,-2.484,Plein jour,Hors agglomération,Hors intersection,Normale,Autre collision,,,,,,,,,,,1,1,1,1,6
200500037924,0005-06-20 13:15:00,5,6,20,13,15,560,153.0,,,,Plein jour,Hors agglomération,Hors intersection,Normale,Autre collision,,,,,,,,,,,1,1,1,1,6
200500037925,0005-06-19 16:15:00,5,6,19,16,15,560,247.0,RUE RICHEMONT LE GORVELL,,,Plein jour,En agglomération,Hors intersection,Normale,Autre collision,,,,,,,,,,,1,2,1,1,6
200500037926,0005-06-27 17:15:00,5,6,27,17,15,560,28.0,chemin communal 136,,,Plein jour,En agglomération,Hors intersection,Normale,Autre collision,,,,,,,,,,,1,2,1,1,6
200500037927,0005-06-08 17:30:00,5,6,8,17,30,560,36.0,-sens Lorient/Hennebont,,,Plein jour,Hors agglomération,Hors intersection,Temps éblouissant,Deux véhicules - frontale,,,,,,,,,,,1,1,1,7,1
200500037928,0005-06-10 16:00:00,5,6,10,16,0,560,23.0,,,,Plein jour,Hors agglomération,Hors intersection,Normale,Autre collision,,,,,,,,,,,1,1,1,1,6
200500037929,0005-06-16 13:45:00,5,6,16,13,45,560,262.0,,,,Plein jour,Hors agglomération,Hors intersection,Normale,Deux véhicules - côté,,,,,,,,,,,1,1,1,1,3
200500037930,0005-06-02 17:45:00,5,6,2,17,45,560,152.0,route de bangor,47.34,-3.15,Plein jour,En agglomération,Hors intersection,Normale,Deux véhicules - côté,,,,,,,,,,,1,2,1,1,3
200500037931,0005-06-05 05:15:00,5,6,5,5,15,560,152.0,,47.33,-3.17,Crépuscule ou aube,Hors agglomération,Hors intersection,Normale,Autre collision,,,,,,,,,,,2,1,1,1,6
200500037932,0005-06-04 08:30:00,5,6,4,8,30,560,78.0,,47.809,-3.459,Plein jour,Hors agglomération,Autre intersection,Normale,Deux véhicules - côté,,,,,,,,,,,1,1,9,1,3
200500037933,0005-06-10 08:00:00,5,6,10,8,0,560,78.0,,47.788,-3.496,Plein jour,Hors agglomération,Hors intersection,Normale,Deux véhicules - côté,,,,,,,,,,,1,1,1,1,3
200500037934,0005-06-24 16:00:00,5,6,24,16,0,560,78.0,,47.804,-3.477,Plein jour,Hors agglomération,Autre intersection,Normale,Deux véhicules - frontale,,,,,,,,,,,1,1,9,1,1
200500037935,0005-06-25 11:00:00,5,6,25,11,0,560,166.0,,,,Plein jour,Hors agglomération,Hors intersection,Normale,Deux véhicules - frontale,,,,,,,,,,,1,1,1,1,1
200500037936,0005-06-17 16:15:00,5,6,17,16,15,560,165.0,3 RUE GENERAL DU BRETON,47.93,-2.39,Plein jour,En agglomération,Autre intersection,Normale,Deux véhicules - côté,,,,,,,,,,,1,2,9,1,3
200500037937,0005-06-25 08:30:00,5,6,25,8,30,560,165.0,,47.924,-2.404,Plein jour,Hors agglomération,Autre intersection,Pluie légère,Deux véhicules - côté,,,,,,,,,,,1,1,9,2,3
200500037938,0005-06-04 20:00:00,5,6,4,20,0,560,180.0,,47.92,-2.17,Plein jour,Hors agglomération,Hors intersection,Normale,Deux véhicules - frontale,,,,,,,,,,,1,1,1,1,1
200500037939,0005-06-25 06:15:00,5,6,25,6,15,560,133.0,,47.814,-2.336,Crépuscule ou aube,Hors agglomération,Hors intersection,Normale,Deux véhicules - frontale,,,,,,,,,,,2,1,1,1,1
200500037940,0005-06-11 12:04:00,5,6,11,12,4,560,99.0,kenépévan,,,Plein jour,Hors agglomération,Hors intersection,Normale,Deux véhicules - frontale,,,,,,,,,,,1,1,1,1,1
200500037941,0005-06-18 07:15:00,5,6,18,7,15,560,151.0,,48.072,-2.929,Plein jour,Hors agglomération,Hors intersection,Normale,Sans collision,,,,,,,,,,,1,1,1,1,7
200500037942,0005-06-21 12:15:00,5,6,21,12,15,560,41.0,,,,Plein jour,Hors agglomération,Hors intersection,Normale,Autre collision,,,,,,,,,,,1,1,1,1,6
200500037943,0005-06-24 07:00:00,5,6,24,7,0,560,146.0,", lieu-dit Chapeau Rouge",48.119,-2.983,Crépuscule ou aube,Hors agglomération,Hors intersection,Normale,Deux véhicules - côté,,,,,,,,,,,2,1,1,1,3
200500037944,0005-06-30 11:30:00,5,6,30,11,30,560,178.0,rue du Deuxième Chasseur,48.072,-2.965,Plein jour,En agglomération,Hors intersection,Normale,Autre collision,,,,,,,,,,,1,2,1,1,6
200500037945,0005-06-12 02:00:00,5,6,12,2,0,560,57.0,RUE DE KEROZA,48.038,-3.49,Nuit sans éclairage public,En agglomération,Hors intersection,Normale,Autre collision,,,,,,,,,,,3,2,1,1,6
200500037946,0005-06-15 11:00:00,5,6,15,11,0,560,81.0,,48.09,-3.637,Plein jour,Hors agglomération,Hors intersection,Normale,Autre collision,,,,,,,,,,,1,1,1,1,6
200500037947,0005-06-05 00:15:00,5,6,5,0,15,140,228.0,,49.288,-0.406,Nuit sans éclairage public,Hors agglomération,Hors intersection,Normale,Deux véhicules - côté,,,,,,,,,,,3,1,1,1,3
200500037948,0005-06-13 20:15:00,5,6,13,20,15,140,509.0,,,,Plein jour,Hors agglomération,Hors intersection,Normale,Autre collision,,,,,,,,,,,1,1,1,1,6
200500037949,0005-06-05 17:30:00,5,6,5,17,30,140,610.0,,49.181,-0.506,Plein jour,Hors agglomération,Hors intersection,Normale,Trois véhicules et plus - collisions multiples,,,,,,,,,,,1,1,1,1,5
200500037950,0005-06-07 13:30:00,5,6,7,13,30,140,721.0,La crête orange,49.103,-0.539,Plein jour,En agglomération,Hors intersection,Normale,Deux véhicules - frontale,,,,,,,,,,,1,2,1,1,1
200500037951,0005-06-15 17:15:00,5,6,15,17,15,140,119.0,,49.157,-0.27,Plein jour,Hors agglomération,Intersection en T,Normale,Trois véhicules et plus - collisions multiples,,,,,,,,,,,1,1,3,1,5
200500037952,0005-06-18 16:00:00,5,6,18,16,0,140,277.0,cd 41,49.098,-0.349,Plein jour,En agglomération,Hors intersection,Normale,Deux véhicules - frontale,,,,,,,,,,,1,2,1,1,1
200500037953,0005-06-20 13:45:00,5,6,20,13,45,140,92.0,CD 89,49.126,-0.296,Plein jour,En agglomération,Giratoire,Normale,Deux véhicules - côté,,,,,,,,,,,1,2,6,1,3
200500037954,0005-06-28 12:15:00,5,6,28,12,15,140,119.0,Route de Paris,49.152,-0.258,Plein jour,En agglomération,Hors intersection,Temps éblouissant,Deux véhicules - côté,,,,,,,,,,,1,2,1,7,3
200500037955,0005-06-19 23:45:00,5,6,19,23,45,140,76.0,,49.22,-0.28,Nuit avec éclairage allumé,Hors agglomération,Hors intersection,Normale,Sans collision,,,,,,,,,,,5,1,1,1,7
200500037956,0005-06-01 14:00:00,5,6,1,14,0,140,692.0,ROUTE DE BAYEUX,49.18,-0.62,Plein jour,En agglomération,Hors intersection,Normale,Trois véhicules et plus - en chaîne,,,,,,,,,,,1,2,1,1,4
200500037957,0005-06-03 17:00:00,5,6,3,17,0,140,760.0,,49.097,-0.625,Plein jour,Hors agglomération,Hors intersection,Normale,Deux véhicules - frontale,,,,,,,,,,,1,1,1,1,1
200500037958,0005-06-24 07:15:00,5,6,24,7,15,140,752.0,"Route de Caen, RN 675",,,Crépuscule ou aube,En agglomération,Hors intersection,Temps éblouissant,Deux véhicules - arrière,,,,,,,,,,,2,2,1,7,2
200500037959,0005-06-08 12:15:00,5,6,8,12,15,140,724.0,,49.255,-0.164,Plein jour,Hors agglomération,Hors intersection,Normale,Deux véhicules - côté,,,,,,,,,,,1,1,1,1,3
200500037960,0005-06-22 07:45:00,5,6,22,7,45,140,530.0,CD 223,,,Plein jour,Hors agglomération,Hors intersection,Normale,Deux véhicules - frontale,,,,,,,,,,,1,1,1,1,1
200500037961,0005-06-29 15:00:00,5,6,29,15,0,140,640.0,,,,Plein jour,Hors agglomération,Hors intersection,Normale,Deux véhicules - côté,,,,,,,,,,,1,1,1,1,3
200500037962,0005-06-07 15:30:00,5,6,7,15,30,140,47.0,RUE DE LUBBEKE,,,Plein jour,En agglomération,Hors intersection,Normale,Deux véhicules - côté,,,,,,,,,,,1,2,1,1,3
200500037963,0005-06-18 02:30:00,5,6,18,2,30,140,480.0,,49.345,-1.076,Nuit sans éclairage public,Hors agglomération,Hors intersection,Brouillard / fumée,Autre collision,,,,,,,,,,,3,1,1,5,6
200500037964,0005-06-01 12:15:00,5,6,1,12,15,140,735.0,,48.977,-0.057,Plein jour,Hors agglomération,Hors intersection,Normale,Deux véhicules - frontale,,,,,,,,,,,1,1,1,1,1
200500037965,0005-06-12 17:00:00,5,6,12,17,0,140,616.0,,49.017,0.084,Plein jour,Hors agglomération,Hors intersection,Normale,Trois véhicules et plus - collisions multiples,,,,,,,,,,,1,1,1,1,5
200500037966,0005-06-19 15:00:00,5,6,19,15,0,140,387.0,,,,Plein jour,Hors agglomération,Hors intersection,Normale,Sans collision,,,,,,,,,,,1,1,1,1,7
200500037967,0005-06-29 14:15:00,5,6,29,14,15,140,386.0,,,,Plein jour,Hors agglomération,Intersection en X,Normale,Deux véhicules - côté,,,,,,,,,,,1,1,2,1,3