accident_id,datetime,annee,mois,jour,heure,minute,departement,commune_insee,adresse,latitude,longitude,luminosite,agglomeration,intersection,meteo,collision,nb_vehicules,nb_usagers,nb_indemnes,nb_tues,nb_blesses_hosp,nb_blesses_legers,age_cond_1,age_cond_2,veh_type_cond_1,veh_type_cond_2,lum_code,agg_code,int_code,atm_code,col_code
200500037968,0005-06-03 18:30:00,5,6,3,18,30,140,269.0,,,,Plein jour,Hors agglomération,Intersection en X,Normale,Deux véhicules - côté,,,,,,,,,,,1,1,2,1,3
200500037969,0005-06-11 23:45:00,5,6,11,23,45,140,762.0,Rue Deslongraies,48.844,-0.89,Nuit avec éclairage allumé,En agglomération,Giratoire,Normale,Sans collision,,,,,,,,,,,5,2,6,1,7
200500037970,0005-06-15 22:45:00,5,6,15,22,45,140,730.0,Route de TINCHEBRAY,,,Crépuscule ou aube,En agglomération,Hors intersection,Normale,Trois véhicules et plus - collisions multiples,,,,,,,,,,,2,2,1,1,5
200500037971,0005-06-22 16:15:00,5,6,22,16,15,140,762.0,46 RUE ANDRE HALBOULT,,,Plein jour,En agglomération,Hors intersection,Temps éblouissant,Deux véhicules - côté,,,,,,,,,,,1,2,1,7,3
200500037972,0005-06-22 09:30:00,5,6,22,9,30,140,61.0,,,,Plein jour,Hors agglomération,Hors intersection,Normale,Sans collision,,,,,,,,,,,1,1,1,1,7
200500037973,0005-06-06 13:30:00,5,6,6,13,30,140,379.0,,,,Plein jour,Hors agglomération,Hors intersection,Pluie légère,Autre collision,,,,,,,,,,,1,1,1,2,6
200500037974,0005-06-04 13:00:00,5,6,4,13,0,500,99.0,,,,Plein jour,Hors agglomération,Hors intersection,Pluie forte,Autre collision,,,,,,,,,,,1,1,1,3,6
200500037975,0005-06-11 13:30:00,5,6,11,13,30,500,99.0,,,,Plein jour,Hors agglomération,Hors intersection,Normale,Deux véhicules - côté,,,,,,,,,,,1,1,1,1,3
200500037976,0005-06-22 08:15:00,5,6,22,8,15,500,348.0,,,,Plein jour,Hors agglomération,Intersection en T,Normale,Deux véhicules - côté,,,,,,,,,,,1,1,3,1,3
200500037977,0005-06-24 23:00:00,5,6,24,23,0,500,224.0,,,,Nuit sans éclairage public,Hors agglomération,Hors intersection,Normale,Deux véhicules - frontale,,,,,,,,,,,3,1,1,1,1
200500037978,0005-06-23 17:15:00,5,6,23,17,15,500,616.0,,48.673,-1.364,Plein jour,Hors agglomération,Hors intersection,Normale,Trois véhicules et plus - collisions multiples,,,,,,,,,,,1,1,1,1,5
200500037979,0005-06-28 11:30:00,5,6,28,11,30,500,288.0,,48.687,-1.387,Plein jour,Hors agglomération,Hors intersection,Normale,Autre collision,,,,,,,,,,,1,1,1,1,6
200500037980,0005-06-07 11:45:00,5,6,7,11,45,500,361.0,,48.779,-1.367,Plein jour,Hors agglomération,Hors intersection,Normale,Autre collision,,,,,,,,,,,1,1,1,1,6
200500037981,0005-06-15 07:15:00,5,6,15,7,15,500,611.0,,,,Crépuscule ou aube,Hors agglomération,Intersection en X,Pluie forte,Deux véhicules - côté,,,,,,,,,,,2,1,2,3,3
200500037982,0005-06-22 07:30:00,5,6,22,7,30,500,149.0,,,,Crépuscule ou aube,Hors agglomération,Hors intersection,Normale,Trois véhicules et plus - collisions multiples,,,,,,,,,,,2,1,1,1,5
200500037983,0005-06-24 00:30:00,5,6,24,0,30,500,149.0,,,,Nuit sans éclairage public,Hors agglomération,Hors intersection,Normale,Sans collision,,,,,,,,,,,3,1,1,1,7
200500037984,0005-06-03 14:15:00,5,6,3,14,15,500,222.0,,,,Plein jour,Hors agglomération,Hors intersection,Normale,Deux véhicules - frontale,,,,,,,,,,,1,1,1,1,1
200500037985,0005-06-07 15:00:00,5,6,7,15,0,500,31.0,,,,Plein jour,Hors agglomération,Hors intersection,Normale,Deux véhicules - frontale,,,,,,,,,,,1,1,1,1,1
200500037986,0005-06-12 16:50:00,5,6,12,16,50,500,425.0,222 - Route de la poste,,,Plein jour,Hors agglomération,Hors intersection,Normale,Sans collision,,,,,,,,,,,1,1,1,1,7
200500037987,0005-06-13 09:45:00,5,6,13,9,45,500,31.0,,49.385,-1.749,Plein jour,En agglomération,Hors intersection,Normale,Autre collision,,,,,,,,,,,1,2,1,1,6
200500037988,0005-06-19 16:30:00,5,6,19,16,30,500,412.0,,,,Plein jour,Hors agglomération,Hors intersection,Normale,Deux véhicules - côté,,,,,,,,,,,1,1,1,1,3
200500037989,0005-06-17 21:15:00,5,6,17,21,15,500,615.0,ulevard division Leclerc,,,Plein jour,En agglomération,Hors intersection,Normale,Autre collision,,,,,,,,,,,1,2,1,1,6
200500037990,0005-06-12 18:45:00,5,6,12,18,45,500,145.0,,,,Plein jour,Hors agglomération,Hors intersection,Normale,Trois véhicules et plus - collisions multiples,,,,,,,,,,,1,1,1,1,5
200500037991,0005-06-20 23:45:00,5,6,20,23,45,500,550.0,,49.175,-1.41,Nuit sans éclairage public,Hors agglomération,Hors intersection,Normale,Autre collision,,,,,,,,,,,3,1,1,1,6
200500037992,0005-06-04 16:00:00,5,6,4,16,0,500,197.0,,,,Plein jour,Hors agglomération,Hors intersection,Normale,Trois véhicules et plus - collisions multiples,,,,,,,,,,,1,1,1,1,5
200500037993,0005-06-29 00:30:00,5,6,29,0,30,500,76.0,rue des gabions,48.908,-1.562,Nuit avec éclairage allumé,En agglomération,Intersection en X,Normale,Deux véhicules - côté,,,,,,,,,,,5,2,2,1,3
200500037994,0005-06-30 15:45:00,5,6,30,15,45,500,463.0,,,,Plein jour,Hors agglomération,Hors intersection,Normale,Autre collision,,,,,,,,,,,1,1,1,1,6
200500037995,0005-06-21 16:30:00,5,6,21,16,30,500,405.0,,49.282,-1.422,Plein jour,Hors agglomération,Hors intersection,Normale,Autre collision,,,,,,,,,,,1,1,1,1,6
200500037996,0005-06-08 20:15:00,5,6,8,20,15,500,391.0,rue st berthevin,,,Plein jour,En agglomération,Hors intersection,Normale,Deux véhicules - frontale,,,,,,,,,,,1,2,1,1,1
200500037997,0005-06-09 16:30:00,5,6,9,16,30,500,484.0,rue du chateau,48.58,-1.092,Plein jour,En agglomération,Place,Normale,Deux véhicules - côté,,,,,,,,,,,1,2,7,1,3
200500037998,0005-06-09 21:30:00,5,6,9,21,30,500,293.0,,48.613,-1.108,Plein jour,Hors agglomération,Intersection en X,Normale,Deux véhicules - côté,,,,,,,,,,,1,1,2,1,3
200500037999,0005-06-13 17:00:00,5,6,13,17,0,500,644.0,,,,Plein jour,Hors agglomération,Autre intersection,Normale,Deux véhicules - frontale,,,,,,,,,,,1,1,9,1,1
200500038000,0005-06-28 18:00:00,5,6,28,18,0,500,484.0,Rue jean Burgot,,,Plein jour,En agglomération,Hors intersection,Normale,Deux véhicules - côté,,,,,,,,,,,1,2,1,1,3
200500038001,0005-06-04 20:15:00,5,6,4,20,15,610,382.0,,48.45,-0.033,Plein jour,Hors agglomération,Hors intersection,Normale,Deux véhicules - côté,,,,,,,,,,,1,1,1,1,3
200500038002,0005-06-26 18:15:00,5,6,26,18,15,610,228.0,,,,Plein jour,Hors agglomération,Hors intersection,Normale,Autre collision,,,,,,,,,,,1,1,1,1,6
200500038003,0005-06-19 11:15:00,5,6,19,11,15,610,166.0,,,,Plein jour,Hors agglomération,Hors intersection,Normale,Trois véhicules et plus - collisions multiples,,,,,,,,,,,1,1,1,1,5
200500038004,0005-06-27 15:15:00,5,6,27,15,15,610,360.0,,,,Plein jour,Hors agglomération,Hors intersection,Normale,Deux véhicules - frontale,,,,,,,,,,,1,1,1,1,1
200500038005,0005-06-27 16:00:00,5,6,27,16,0,610,266.0,,,,Plein jour,Hors agglomération,Hors intersection,Normale,Trois véhicules et plus - collisions multiples,,,,,,,,,,,1,1,1,1,5
200500038006,0005-06-20 17:00:00,5,6,20,17,0,610,23.0,Le moulin de Bailleul,48.818,-0.025,Plein jour,Hors agglomération,Hors intersection,Normale,Deux véhicules - frontale,,,,,,,,,,,1,1,1,1,1
200500038007,0005-06-21 11:30:00,5,6,21,11,30,610,399.0,,,,Plein jour,Hors agglomération,Hors intersection,Normale,Autre collision,,,,,,,,,,,1,1,1,1,6
200500038008,0005-06-26 17:00:00,5,6,26,17,0,610,508.0,Malvoue,,,Plein jour,Hors agglomération,Hors intersection,Normale,Deux véhicules - frontale,,,,,,,,,,,1,1,1,1,1
200500038009,0005-06-05 15:00:00,5,6,5,15,0,610,503.0,,,,Crépuscule ou aube,Hors agglomération,Hors intersection,Normale,Deux véhicules - frontale,,,,,,,,,,,2,1,1,1,1
200500038010,0005-06-12 18:30:00,5,6,12,18,30,610,310.0,,48.709,0.226,Plein jour,En agglomération,Hors intersection,Normale,Deux véhicules - arrière,,,,,,,,,,,1,2,1,1,2
200500038011,0005-06-01 13:45:00,5,6,1,13,45,610,278.0,,,,Plein jour,Hors agglomération,Hors intersection,Normale,Deux véhicules - côté,,,,,,,,,,,1,1,1,1,3
200500038012,0005-06-11 10:00:00,5,6,11,10,0,610,369.0,,48.638,-0.634,Plein jour,Hors agglomération,Hors intersection,Normale,Deux véhicules - arrière,,,,,,,,,,,1,1,1,1,2
200500038013,0005-06-09 14:40:00,5,6,9,14,40,610,439.0,VC241,,,Plein jour,Hors agglomération,Hors intersection,Normale,Deux véhicules - côté,,,,,,,,,,,1,1,1,1,3
200500038014,0005-06-26 11:30:00,5,6,26,11,30,610,507.0,,,,Plein jour,Hors agglomération,Hors intersection,Pluie forte,Trois véhicules et plus - collisions multiples,,,,,,,,,,,1,1,1,3,5
200500038015,0005-06-08 07:30:00,5,6,8,7,30,610,38.0,,48.383,0.555,Plein jour,Hors agglomération,Hors intersection,Normale,Deux véhicules - côté,,,,,,,,,,,1,1,1,1,3
200500038016,0005-06-26 17:45:00,5,6,26,17,45,610,309.0,la madeleine,,,Plein jour,Hors agglomération,Hors intersection,Normale,Deux véhicules - frontale,,,,,,,,,,,1,1,1,1,1
200500038017,0005-06-05 07:30:00,5,6,5,7,30,610,140.0,,,,Plein jour,Hors agglomération,Hors intersection,Normale,Autre collision,,,,,,,,,,,1,1,1,1,6
200500038018,0005-06-30 19:30:00,5,6,30,19,30,610,92.0,,48.759,0.726,Plein jour,Hors agglomération,Hors intersection,Pluie forte,Sans collision,,,,,,,,,,,1,1,1,3,7
200500038019,0005-06-01 10:15:00,5,6,1,10,15,440,172.0,REU JEAN MOULIN,,,Plein jour,En agglomération,Hors intersection,Normale,Autre collision,,,,,,,,,,,1,2,1,1,6
200500038020,0005-06-15 13:15:00,5,6,15,13,15,440,172.0,rue Louis Gaudin,,,Plein jour,En agglomération,Hors intersection,Pluie légère,Deux véhicules - côté,,,,,,,,,,,1,2,1,2,3
200500038021,0005-06-20 14:30:00,5,6,20,14,30,440,172.0,rue de la loire,,,Nuit avec éclairage allumé,En agglomération,Hors intersection,Normale,Autre collision,,,,,,,,,,,5,2,1,1,6
200500038022,0005-06-06 19:15:00,5,6,6,19,15,440,14.0,,,,Plein jour,Hors agglomération,Hors intersection,Pluie légère,Autre collision,,,,,,,,,,,1,1,1,2,6
200500038023,0005-06-25 21:45:00,5,6,25,21,45,440,43.0,16 RUE DE LA MARE ROUGE,,,Plein jour,En agglomération,Hors intersection,Normale,Autre collision,,,,,,,,,,,1,2,1,1,6
200500038024,0005-06-07 21:45:00,5,6,7,21,45,440,81.0,LA FUIE,,,Plein jour,En agglomération,Hors intersection,Normale,Sans collision,,,,,,,,,,,1,2,1,1,7
200500038025,0005-06-25 05:50:00,5,6,25,5,50,440,81.0,"""La Bironnière""",,,Crépuscule ou aube,Hors agglomération,Hors intersection,Pluie légère,Deux véhicules - arrière,,,,,,,,,,,2,1,1,2,2
200500038026,0005-06-25 14:45:00,5,6,25,14,45,440,81.0,,,,Plein jour,Hors agglomération,Intersection en X,Normale,Deux véhicules - frontale,,,,,,,,,,,1,1,2,1,1
200500038027,0005-06-06 21:00:00,5,6,6,21,0,440,96.0,,,,Plein jour,Hors agglomération,Hors intersection,Normale,Autre collision,,,,,,,,,,,1,1,1,1,6
200500038028,0005-06-23 11:30:00,5,6,23,11,30,440,96.0,,47.425,-1.292,Plein jour,Hors agglomération,Hors intersection,Normale,Deux véhicules - arrière,,,,,,,,,,,1,1,1,1,2
200500038029,0005-06-25 20:00:00,5,6,25,20,0,440,34.0,,,,Plein jour,Hors agglomération,Hors intersection,Normale,Deux véhicules - frontale,,,,,,,,,,,1,1,1,1,1
200500038030,0005-06-03 20:45:00,5,6,3,20,45,440,169.0,,47.254,-1.403,Plein jour,Hors agglomération,Hors intersection,Normale,Sans collision,,,,,,,,,,,1,1,1,1,7
200500038031,0005-06-09 19:15:00,5,6,9,19,15,440,169.0,,47.268,-1.374,Plein jour,Hors agglomération,Hors intersection,Normale,Deux véhicules - arrière,,,,,,,,,,,1,1,1,1,2
200500038032,0005-06-16 12:45:00,5,6,16,12,45,440,117.0,,,,Plein jour,Hors agglomération,Hors intersection,Normale,Deux véhicules - côté,,,,,,,,,,,1,1,1,1,3
200500038033,0005-06-24 17:30:00,5,6,24,17,30,440,212.0,,47.186,-1.229,Plein jour,Hors agglomération,Hors intersection,Normale,Sans collision,,,,,,,,,,,1,1,1,1,7
200500038034,0005-06-18 20:00:00,5,6,18,20,0,440,107.0,,47.443,-1.34,Plein jour,Hors agglomération,Intersection en X,Normale,Deux véhicules - côté,,,,,,,,,,,1,1,2,1,3
200500038035,0005-06-27 13:15:00,5,6,27,13,15,440,118.0,,,,Plein jour,Hors agglomération,Hors intersection,Normale,Trois véhicules et plus - collisions multiples,,,,,,,,,,,1,1,1,1,5
200500038036,0005-06-17 12:15:00,5,6,17,12,15,440,36.0,RUE LINDBERGH,47.706,-1.399,Plein jour,En agglomération,Hors intersection,Normale,Deux véhicules - frontale,,,,,,,,,,,1,2,1,1,1
200500038037,0005-06-06 21:15:00,5,6,6,21,15,440,15.0,,47.451,-1.709,Plein jour,Hors agglomération,Hors intersection,Normale,Deux véhicules - arrière,,,,,,,,,,,1,1,1,1,2
200500038038,0005-06-12 12:00:00,5,6,12,12,0,440,128.0,,47.522,-1.887,Plein jour,Hors agglomération,Hors intersection,Normale,Deux véhicules - côté,,,,,,,,,,,1,1,1,1,3
200500038039,0005-06-01 20:15:00,5,6,1,20,15,440,138.0,,47.533,-1.636,Plein jour,Hors agglomération,Hors intersection,Normale,Deux véhicules - côté,,,,,,,,,,,1,1,1,1,3
200500038040,0005-06-21 11:15:00,5,6,21,11,15,440,1.0,,47.561,-1.463,Plein jour,Hors agglomération,Intersection en X,Temps éblouissant,Deux véhicules - côté,,,,,,,,,,,1,1,2,7,3
200500038041,0005-06-30 17:45:00,5,6,30,17,45,440,138.0,,47.55,-1.617,Plein jour,Hors agglomération,Hors intersection,Normale,Deux véhicules - frontale,,,,,,,,,,,1,1,1,1,1
200500038042,0005-06-04 01:00:00,5,6,4,1,0,440,18.0,,,,Nuit sans éclairage public,Hors agglomération,Hors intersection,Normale,Deux véhicules - frontale,,,,,,,,,,,3,1,1,1,1
200500038043,0005-06-09 08:30:00,5,6,9,8,30,440,18.0,rue de la barre,47.153,-1.692,Plein jour,En agglomération,Hors intersection,Normale,Deux véhicules - arrière,,,,,,,,,,,1,2,1,1,2
200500038044,0005-06-11 20:45:00,5,6,11,20,45,440,131.0,,47.13,-2.15,Crépuscule ou aube,Hors agglomération,Hors intersection,Normale,Deux véhicules - frontale,,,,,,,,,,,2,1,1,1,1
200500038045,0005-06-29 14:30:00,5,6,29,14,30,440,131.0,Le Port,,,Plein jour,Hors agglomération,Hors intersection,Normale,Deux véhicules - frontale,,,,,,,,,,,1,1,1,1,1
200500038046,0005-06-13 19:00:00,5,6,13,19,0,440,5.0,,,,Plein jour,Hors agglomération,Hors intersection,Normale,Deux véhicules - frontale,,,,,,,,,,,1,1,1,1,1
200500038047,0005-06-26 19:30:00,5,6,26,19,30,440,192.0,,,,Plein jour,Hors agglomération,Hors intersection,Temps éblouissant,Autre collision,,,,,,,,,,,1,1,1,7,6
200500038048,0005-06-29 15:30:00,5,6,29,15,30,440,5.0,,,,Nuit sans éclairage public,Hors agglomération,Hors intersection,Normale,Trois véhicules et plus - en chaîne,,,,,,,,,,,3,1,1,1,4
200500038049,0005-06-11 20:00:00,5,6,11,20,0,440,220.0,,47.205,-1.899,Plein jour,Hors agglomération,Hors intersection,Normale,Deux véhicules - arrière,,,,,,,,,,,1,1,1,1,2
200500038050,0005-06-23 16:45:00,5,6,23,16,45,440,87.0,,46.984,-1.803,Plein jour,Hors agglomération,Intersection en T,Normale,Deux véhicules - côté,,,,,,,,,,,1,1,3,1,3
200500038051,0005-06-23 16:45:00,5,6,23,16,45,440,220.0,Route de Paimboeuf,47.203,-1.883,Plein jour,En agglomération,Hors intersection,Normale,Autre collision,,,,,,,,,,,1,2,1,1,6
200500038052,0005-06-16 13:00:00,5,6,16,13,0,440,47.0,,,,Plein jour,Hors agglomération,Hors intersection,Pluie légère,Deux véhicules - côté,,,,,,,,,,,1,1,1,2,3
200500038053,0005-06-13 23:45:00,5,6,13,23,45,440,10.0,,,,Nuit sans éclairage public,Hors agglomération,Hors intersection,Normale,Deux véhicules - frontale,,,,,,,,,,,3,1,1,1,1
200500038054,0005-06-15 13:30:00,5,6,15,13,30,440,49.0,RUE A.BRIAND,,,Plein jour,En agglomération,Hors intersection,Pluie forte,Trois véhicules et plus - collisions multiples,,,,,,,,,,,1,2,1,3,5
200500038055,0005-06-30 10:15:00,5,6,30,10,15,440,72.0,,,,Plein jour,Hors agglomération,Hors intersection,Normale,Deux véhicules - côté,,,,,,,,,,,1,1,1,1,3
200500038056,0005-06-28 19:00:00,5,6,28,19,0,440,69.0,,,,Plein jour,Hors agglomération,Hors intersection,Normale,Deux véhicules - frontale,,,,,,,,,,,1,1,1,1,1
200500038057,0005-06-03 19:00:00,5,6,3,19,0,440,52.0,,,,Plein jour,Hors agglomération,Hors intersection,Normale,Autre collision,,,,,,,,,,,1,1,1,1,6
200500038058,0005-06-17 18:30:00,5,6,17,18,30,440,210.0,Rue Jean Baptiste Marcet,47.314,-2.186,Plein jour,En agglomération,Hors intersection,Normale,Sans collision,,,,,,,,,,,1,2,1,1,7
200500038059,0005-06-18 09:00:00,5,6,18,9,0,440,176.0,Rue René Guy Cadou,47.35,-2.177,Plein jour,En agglomération,Hors intersection,Normale,Deux véhicules - côté,,,,,,,,,,,1,2,1,1,3
200500038060,0005-06-07 08:30:00,5,6,7,8,30,440,217.0,,,,Plein jour,Hors agglomération,Hors intersection,Normale,Deux véhicules - côté,,,,,,,,,,,1,1,1,1,3
200500038061,0005-06-10 11:00:00,5,6,10,11,0,440,194.0,,47.282,-1.721,Plein jour,Hors agglomération,Hors intersection,Normale,Trois véhicules et plus - en chaîne,,,,,,,,,,,1,1,1,1,4
200500038062,0005-06-21 19:00:00,5,6,21,19,0,440,194.0,Rue de Nantes,,,Plein jour,En agglomération,Intersection en T,Normale,Deux véhicules - côté,,,,,,,,,,,1,2,3,1,3
200500038063,0005-06-18 14:30:00,5,6,18,14,30,440,195.0,Rue route du Lac,,,Plein jour,En agglomération,Hors intersection,Normale,Deux véhicules - frontale,,,,,,,,,,,1,2,1,1,1
200500038064,0005-06-13 21:45:00,5,6,13,21,45,490,278.0,,47.445,-0.594,Crépuscule ou aube,Hors agglomération,Hors intersection,Normale,Autre collision,,,,,,,,,,,2,1,1,1,6
200500038065,0005-06-18 16:15:00,5,6,18,16,15,490,20.0,Rue de la fontaine,47.469,-0.627,Plein jour,En agglomération,Hors intersection,Normale,Deux véhicules - côté,,,,,,,,,,,1,2,1,1,3
200500038066,0005-06-13 08:00:00,5,6,13,8,0,490,21.0,,,,Plein jour,Hors agglomération,Hors intersection,Normale,Deux véhicules - côté,,,,,,,,,,,1,1,1,1,3
200500038067,0005-06-14 18:30:00,5,6,14,18,30,490,21.0,,,,Plein jour,Hors agglomération,Hors intersection,Normale,Deux véhicules - côté,,,,,,,,,,,1,1,1,1,3
200500038068,0005-06-21 07:45:00,5,6,21,7,45,490,21.0,,47.448,-0.244,Plein jour,Hors agglomération,Hors intersection,Normale,Deux véhicules - frontale,,,,,,,,,,,1,1,1,1,1
200500038069,0005-06-22 20:00:00,5,6,22,20,0,490,21.0,,47.429,-0.239,Plein jour,Hors agglomération,Hors intersection,Normale,Deux véhicules - côté,,,,,,,,,,,1,1,1,1,3
200500038070,0005-06-05 12:30:00,5,6,5,12,30,490,223.0,,47.395,-0.567,Plein jour,Hors agglomération,Hors intersection,Normale,Deux véhicules - arrière,,,,,,,,,,,1,1,1,1,2
200500038071,0005-06-10 12:45:00,5,6,10,12,45,490,153.0,,47.193,-0.603,Plein jour,Hors agglomération,Intersection en X,Normale,Deux véhicules - côté,,,,,,,,,,,1,1,2,1,3
200500038072,0005-06-17 17:30:00,5,6,17,17,30,490,134.0,,,,Plein jour,Hors agglomération,Hors intersection,Normale,Deux véhicules - arrière,,,,,,,,,,,1,1,1,1,2
200500038073,0005-06-20 19:00:00,5,6,20,19,0,490,134.0,RUE DU LAYON,47.296,-0.523,Plein jour,En agglomération,Hors intersection,Normale,Autre collision,,,,,,,,,,,1,2,1,1,6
200500038074,0005-06-29 17:20:00,5,6,29,17,20,490,71.0,Le Vigneau,,,Plein jour,Hors agglomération,Hors intersection,Normale,Autre collision,,,,,,,,,,,1,1,1,1,6
200500038075,0005-06-01 07:30:00,5,6,1,7,30,490,377.0,,47.532,-0.434,Plein jour,Hors agglomération,Hors intersection,Normale,Sans collision,,,,,,,,,,,1,1,1,1,7
200500038076,0005-06-12 12:45:00,5,6,12,12,45,490,244.0,rue d'Anjou,47.36,-0.857,Plein jour,En agglomération,Hors intersection,Normale,Deux véhicules - frontale,,,,,,,,,,,1,2,1,1,1
200500038077,0005-06-30 10:30:00,5,6,30,10,30,490,63.0,,47.339,-0.79,Plein jour,Hors agglomération,Hors intersection,Normale,Deux véhicules - côté,,,,,,,,,,,1,1,1,1,3
200500038078,0005-06-29 07:40:00,5,6,29,7,40,490,333.0,"t ""La Renardière"" - VC 3",,,Plein jour,Hors agglomération,Hors intersection,Normale,Deux véhicules - frontale,,,,,,,,,,,1,1,1,1,1
200500038079,0005-06-04 19:00:00,5,6,4,19,0,490,92.0,135 rue nationale,47.224,-0.727,Plein jour,En agglomération,Hors intersection,Normale,Deux véhicules - arrière,,,,,,,,,,,1,2,1,1,2
200500038080,0005-06-12 04:45:00,5,6,12,4,45,490,23.0,,47.21,-0.97,Nuit sans éclairage public,Hors agglomération,Hors intersection,Normale,Autre collision,,,,,,,,,,,3,1,1,1,6
200500038081,0005-06-12 02:00:00,5,6,12,2,0,490,281.0,Biscuiterie St Georges,47.151,-0.762,Nuit sans éclairage public,En agglomération,Hors intersection,Normale,Autre collision,,,,,,,,,,,3,2,1,1,6
200500038082,0005-06-03 21:00:00,5,6,3,21,0,490,299.0,rues  Mauges,,,Crépuscule ou aube,En agglomération,Hors intersection,Normale,Deux véhicules - frontale,,,,,,,,,,,2,2,1,1,1
200500038083,0005-06-18 18:30:00,5,6,18,18,30,490,258.0,,,,Plein jour,Hors agglomération,Hors intersection,Normale,Autre collision,,,,,,,,,,,1,1,1,1,6
200500038084,0005-06-19 14:15:00,5,6,19,14,15,490,343.0,,,,Plein jour,Hors agglomération,Hors intersection,Normale,Autre collision,,,,,,,,,,,1,1,1,1,6
200500038085,0005-06-18 14:45:00,5,6,18,14,45,490,355.0,Rue Général De Gaulle,,,Plein jour,En agglomération,Hors intersection,Normale,Autre collision,,,,,,,,,,,1,2,1,1,6
200500038086,0005-06-03 10:00:00,5,6,3,10,0,490,34.0,,,,Plein jour,Hors agglomération,Hors intersection,Normale,Sans collision,,,,,,,,,,,1,1,1,1,7
200500038087,0005-06-08 01:30:00,5,6,8,1,30,490,172.0,,,,Nuit sans éclairage public,Hors agglomération,Hors intersection,Normale,Autre collision,,,,,,,,,,,3,1,1,1,6
200500038088,0005-06-10 13:30:00,5,6,10,13,30,490,313.0,ROUTE DE ST FLORENT,,,Plein jour,En agglomération,Hors intersection,Normale,Deux véhicules - frontale,,,,,,,,,,,1,2,1,1,1
200500038089,0005-06-26 19:30:00,5,6,26,19,30,490,137.0,6 rue des sorbiers,,,Plein jour,En agglomération,Hors intersection,Temps éblouissant,Deux véhicules - côté,,,,,,,,,,,1,2,1,7,3
200500038090,0005-06-25 12:30:00,5,6,25,12,30,490,313.0,Carrefour de La Musse,,,Plein jour,En agglomération,Hors intersection,Normale,Sans collision,,,,,,,,,,,1,2,1,1,7
200500038091,0005-06-29 23:15:00,5,6,29,23,15,490,157.0,,,,Nuit sans éclairage public,Hors agglomération,Hors intersection,Normale,Autre collision,,,,,,,,,,,3,1,1,1,6
200500038092,0005-06-06 20:15:00,5,6,6,20,15,490,348.0,,47.208,-0.447,Plein jour,Hors agglomération,Intersection en X,Normale,Deux véhicules - côté,,,,,,,,,,,1,1,2,1,3
200500038093,0005-06-11 18:30:00,5,6,11,18,30,490,336.0,EPINET,47.038,-0.61,Plein jour,En agglomération,Hors intersection,Normale,Autre collision,,,,,,,,,,,1,2,1,1,6
200500038094,0005-06-04 07:45:00,5,6,4,7,45,490,149.0,PLACE PAROT,47.348,-0.231,Plein jour,En agglomération,Hors intersection,Normale,Deux véhicules - frontale,,,,,,,,,,,1,2,1,1,1
200500038095,0005-06-19 20:30:00,5,6,19,20,30,490,378.0,,47.35,-0.074,Plein jour,Hors agglomération,Hors intersection,Normale,Deux véhicules - frontale,,,,,,,,,,,1,1,1,1,1
200500038096,0005-06-07 13:45:00,5,6,7,13,45,490,103.0,,,,Plein jour,Hors agglomération,Hors intersection,Normale,Deux véhicules - côté,,,,,,,,,,,1,1,1,1,3
200500038097,0005-06-09 07:30:00,5,6,9,7,30,490,277.0,CD 923,,,Plein jour,Hors agglomération,Hors intersection,Normale,Trois véhicules et plus - collisions multiples,,,,,,,,,,,1,1,1,1,5
200500038098,0005-06-10 08:00:00,5,6,10,8,0,490,233.0,,,,Plein jour,Hors agglomération,Hors intersection,Normale,Deux véhicules - côté,,,,,,,,,,,1,1,1,1,3
200500038099,0005-06-18 15:15:00,5,6,18,15,15,490,331.0,,,,Plein jour,Hors agglomération,Hors intersection,Normale,Sans collision,,,,,,,,,,,1,1,1,1,7
200500038100,0005-06-14 22:15:00,5,6,14,22,15,490,251.0,,47.592,-0.663,Crépuscule ou aube,Hors agglomération,Hors intersection,Normale,Sans collision,,,,,,,,,,,2,1,1,1,7
200500038101,0005-06-19 17:45:00,5,6,19,17,45,490,176.0,,47.617,-0.706,Plein jour,Hors agglomération,Intersection en Y,Normale,Deux véhicules - côté,,,,,,,,,,,1,1,4,1,3
200500038102,0005-06-01 08:15:00,5,6,1,8,15,490,205.0,,,,Plein jour,Hors agglomération,Intersection en T,Normale,Deux véhicules - côté,,,,,,,,,,,1,1,3,1,3
200500038103,0005-06-05 09:15:00,5,6,5,9,15,490,96.0,,47.708,-0.546,Nuit sans éclairage public,Hors agglomération,Hors intersection,Normale,Autre collision,,,,,,,,,,,3,1,1,1,6
200500038104,0005-06-14 09:30:00,5,6,14,9,30,490,80.0,,,,Plein jour,Hors agglomération,Hors intersection,Normale,Autre collision,,,,,,,,,,,1,1,1,1,6
200500038105,0005-06-08 11:45:00,5,6,8,11,45,530,65.0,,48.151,-0.415,Plein jour,Hors agglomération,Hors intersection,Normale,Trois véhicules et plus - collisions multiples,,,,,,,,,,,1,1,1,1,5