accident_id,datetime,annee,mois,jour,heure,minute,departement,commune_insee,adresse,latitude,longitude,luminosite,agglomeration,intersection,meteo,collision,nb_vehicules,nb_usagers,nb_indemnes,nb_tues,nb_blesses_hosp,nb_blesses_legers,age_cond_1,age_cond_2,veh_type_cond_1,veh_type_cond_2,lum_code,agg_code,int_code,atm_code,col_code
200500038244,0005-06-03 15:00:00,5,6,3,15,0,240,269.0,rue des trois cerisier,,,Plein jour,En agglomération,Hors intersection,Temps couvert,Deux véhicules - frontale,,,,,,,,,,,1,2,1,8,1
200500038245,0005-06-12 20:15:00,5,6,12,20,15,240,486.0,,,,Plein jour,Hors agglomération,Hors intersection,Normale,Deux véhicules - frontale,,,,,,,,,,,1,1,1,1,1
200500038246,0005-06-21 16:15:00,5,6,21,16,15,240,304.0,,,,Plein jour,Hors agglomération,Autre intersection,Normale,Deux véhicules - côté,,,,,,,,,,,1,1,9,1,3
200500038247,0005-06-22 18:15:00,5,6,22,18,15,240,158.0,,,,Plein jour,Hors agglomération,Hors intersection,Normale,Deux véhicules - frontale,,,,,,,,,,,1,1,1,1,1
200500038248,0005-06-02 07:45:00,5,6,2,7,45,240,243.0,,45.27,0.537,Plein jour,Hors agglomération,Hors intersection,Normale,Sans collision,,,,,,,,,,,1,1,1,1,7
200500038249,0005-06-12 07:30:00,5,6,12,7,30,240,537.0,,45.204,0.368,Plein jour,Hors agglomération,Hors intersection,Normale,Deux véhicules - côté,,,,,,,,,,,1,1,1,1,3
200500038250,0005-06-03 23:00:00,5,6,3,23,0,240,467.0,,,,Nuit sans éclairage public,Hors agglomération,Hors intersection,Normale,Autre collision,,,,,,,,,,,3,1,1,1,6
200500038251,0005-06-30 20:45:00,5,6,30,20,45,240,490.0,,45.213,0.164,Plein jour,Hors agglomération,Hors intersection,Normale,Autre collision,,,,,,,,,,,1,1,1,1,6
200500038252,0005-06-13 14:30:00,5,6,13,14,30,240,395.0,LE COUDERT,44.785,1.173,Plein jour,En agglomération,Hors intersection,Normale,Sans collision,,,,,,,,,,,1,2,1,1,7
200500038253,0005-06-23 18:15:00,5,6,23,18,15,240,416.0,,,,Plein jour,Hors agglomération,Hors intersection,Normale,Deux véhicules - côté,,,,,,,,,,,1,1,1,1,3
200500038254,0005-06-05 16:00:00,5,6,5,16,0,240,510.0,,44.848,1.126,Plein jour,Hors agglomération,Hors intersection,Normale,Deux véhicules - frontale,,,,,,,,,,,1,1,1,1,1
200500038255,0005-06-10 00:30:00,5,6,10,0,30,240,67.0,,44.919,0.914,Nuit sans éclairage public,Hors agglomération,Hors intersection,Normale,Deux véhicules - frontale,,,,,,,,,,,3,1,1,1,1
200500038256,0005-06-20 13:30:00,5,6,20,13,30,240,217.0,,44.967,0.889,Plein jour,Hors agglomération,Hors intersection,Normale,Deux véhicules - côté,,,,,,,,,,,1,1,1,1,3
200500038257,0005-06-20 23:15:00,5,6,20,23,15,400,178.0,,,,Nuit sans éclairage public,Hors agglomération,Hors intersection,Normale,Deux véhicules - côté,,,,,,,,,,,3,1,1,1,3
200500038258,0005-06-12 01:45:00,5,6,12,1,45,400,313.0,,43.841,-0.797,Nuit sans éclairage public,Hors agglomération,Hors intersection,Normale,Sans collision,,,,,,,,,,,3,1,1,1,7
200500038259,0005-06-26 10:50:00,5,6,26,10,50,400,63.0,ROUTE  DE   ST VINCENT,,,Plein jour,En agglomération,Hors intersection,Normale,Sans collision,,,,,,,,,,,1,2,1,1,7
200500038260,0005-06-08 19:30:00,5,6,8,19,30,400,150.0,,,,Plein jour,Hors agglomération,Hors intersection,Temps éblouissant,Deux véhicules - frontale,,,,,,,,,,,1,1,1,7,1
200500038261,0005-06-14 18:00:00,5,6,14,18,0,400,311.0,,,,Plein jour,Hors agglomération,Hors intersection,Normale,Deux véhicules - frontale,,,,,,,,,,,1,1,1,1,1
200500038262,0005-06-05 00:15:00,5,6,5,0,15,400,284.0,CARREFOUR CD 33,,,Nuit avec éclairage allumé,En agglomération,Hors intersection,Normale,Autre collision,,,,,,,,,,,5,2,1,1,6
200500038263,0005-06-27 14:15:00,5,6,27,14,15,400,65.0,Avenue Michel de Montaig,43.657,-1.426,Plein jour,En agglomération,Hors intersection,Normale,Deux véhicules - arrière,,,,,,,,,,,1,2,1,1,2
200500038264,0005-06-12 03:30:00,5,6,12,3,30,400,310.0,,,,Nuit sans éclairage public,Hors agglomération,Hors intersection,Normale,Autre collision,,,,,,,,,,,3,1,1,1,6
200500038265,0005-06-26 06:30:00,5,6,26,6,30,400,310.0,,43.757,-1.399,Nuit sans éclairage public,Hors agglomération,Hors intersection,Normale,Autre collision,,,,,,,,,,,3,1,1,1,6
200500038266,0005-06-16 17:20:00,5,6,16,17,20,400,248.0,Rte du marais d'ORX,,,Plein jour,Hors agglomération,Hors intersection,Normale,Deux véhicules - côté,,,,,,,,,,,1,1,1,1,3
200500038267,0005-06-18 21:00:00,5,6,18,21,0,400,312.0,MAIRIE ONDRES,43.565,-1.446,Nuit avec éclairage allumé,En agglomération,Hors intersection,Normale,Autre collision,,,,,,,,,,,5,2,1,1,6
200500038268,0005-06-10 15:45:00,5,6,10,15,45,400,46.0,,,,Plein jour,Hors agglomération,Hors intersection,Normale,Deux véhicules - frontale,,,,,,,,,,,1,1,1,1,1
200500038269,0005-06-17 20:15:00,5,6,17,20,15,400,217.0,,,,Plein jour,Hors agglomération,Hors intersection,Temps éblouissant,Autre collision,,,,,,,,,,,1,1,1,7,6
200500038270,0005-06-21 19:00:00,5,6,21,19,0,400,217.0,,,,Plein jour,Hors agglomération,Autre intersection,Normale,Autre collision,,,,,,,,,,,1,1,9,1,6
200500038271,0005-06-25 02:30:00,5,6,25,2,30,400,200.0,,,,Nuit sans éclairage public,Hors agglomération,Hors intersection,Normale,Autre collision,,,,,,,,,,,3,1,1,1,6
200500038272,0005-06-27 10:30:00,5,6,27,10,30,400,217.0,,,,Plein jour,Hors agglomération,Hors intersection,Normale,Deux véhicules - côté,,,,,,,,,,,1,1,1,1,3
200500038273,0005-06-04 08:30:00,5,6,4,8,30,400,227.0,,,,Plein jour,Hors agglomération,Intersection en X,Normale,Deux véhicules - côté,,,,,,,,,,,1,1,2,1,3
200500038274,0005-06-15 22:30:00,5,6,15,22,30,400,9.0,Route de Morcenx,44.016,-0.864,Nuit sans éclairage public,En agglomération,Hors intersection,Normale,Autre collision,,,,,,,,,,,3,2,1,1,6
200500038275,0005-06-26 22:30:00,5,6,26,22,30,400,333.0,Place de la gare,,,Nuit avec éclairage allumé,En agglomération,Hors intersection,Normale,Autre collision,,,,,,,,,,,5,2,1,1,6
200500038276,0005-06-01 19:45:00,5,6,1,19,45,400,282.0,Rue Général De GAULLE -,,,Plein jour,En agglomération,Hors intersection,Normale,Deux véhicules - côté,,,,,,,,,,,1,2,1,1,3
200500038277,0005-06-21 21:00:00,5,6,21,21,0,400,119.0,CARREFOUR C etCD 21,,,Plein jour,En agglomération,Intersection en X,Normale,Deux véhicules - frontale,,,,,,,,,,,1,2,2,1,1
200500038278,0005-06-28 06:30:00,5,6,28,6,30,400,259.0,,43.815,-0.292,Crépuscule ou aube,Hors agglomération,Hors intersection,Normale,Autre collision,,,,,,,,,,,2,1,1,1,6
200500038279,0005-06-20 11:15:00,5,6,20,11,15,470,15.0,,,,Plein jour,Hors agglomération,Hors intersection,Normale,Deux véhicules - frontale,,,,,,,,,,,1,1,1,1,1
200500038280,0005-06-23 11:15:00,5,6,23,11,15,470,238.0,,,,Plein jour,Hors agglomération,Hors intersection,Normale,Autre collision,,,,,,,,,,,1,1,1,1,6
200500038281,0005-06-22 09:45:00,5,6,22,9,45,470,19.0,,,,Plein jour,Hors agglomération,Hors intersection,Normale,Autre collision,,,,,,,,,,,1,1,1,1,6
200500038282,0005-06-01 20:45:00,5,6,1,20,45,470,4.0,,44.295,0.357,Plein jour,Hors agglomération,Hors intersection,Temps éblouissant,Deux véhicules - côté,,,,,,,,,,,1,1,1,7,3
200500038283,0005-06-04 20:30:00,5,6,4,20,30,470,4.0,,,,Plein jour,Hors agglomération,Hors intersection,Normale,Autre collision,,,,,,,,,,,1,1,1,1,6
200500038284,0005-06-13 12:45:00,5,6,13,12,45,470,4.0,,44.28,0.334,Plein jour,Hors agglomération,Hors intersection,Normale,Autre collision,,,,,,,,,,,1,1,1,1,6
200500038285,0005-06-28 15:15:00,5,6,28,15,15,470,4.0,,44.28,0.335,Plein jour,Hors agglomération,Hors intersection,Normale,Deux véhicules - frontale,,,,,,,,,,,1,1,1,1,1
200500038286,0005-06-19 06:30:00,5,6,19,6,30,470,269.0,passère,44.18,0.761,Crépuscule ou aube,En agglomération,Hors intersection,Normale,Sans collision,,,,,,,,,,,2,2,1,1,7
200500038287,0005-06-02 23:30:00,5,6,2,23,30,470,199.0,,,,Crépuscule ou aube,Hors agglomération,Hors intersection,Normale,Sans collision,,,,,,,,,,,2,1,1,1,7
200500038288,0005-06-12 16:15:00,5,6,12,16,15,470,199.0,,44.643,0.274,Plein jour,Hors agglomération,Hors intersection,Normale,Autre collision,,,,,,,,,,,1,1,1,1,6
200500038289,0005-06-28 12:00:00,5,6,28,12,0,470,301.0,,,,Plein jour,Hors agglomération,Hors intersection,Normale,Sans collision,,,,,,,,,,,1,1,1,1,7
200500038290,0005-06-05 21:30:00,5,6,5,21,30,470,310.0,,,,Crépuscule ou aube,Hors agglomération,Hors intersection,Normale,Deux véhicules - côté,,,,,,,,,,,2,1,1,1,3
200500038291,0005-06-07 07:45:00,5,6,7,7,45,470,127.0,,44.358,0.42,Plein jour,Hors agglomération,Hors intersection,Normale,Autre collision,,,,,,,,,,,1,1,1,1,6
200500038292,0005-06-10 18:45:00,5,6,10,18,45,470,95.0,,,,Plein jour,Hors agglomération,Hors intersection,Normale,Trois véhicules et plus - collisions multiples,,,,,,,,,,,1,1,1,1,5
200500038293,0005-06-12 06:00:00,5,6,12,6,0,470,95.0,,44.43,0.285,Crépuscule ou aube,Hors agglomération,Hors intersection,Pluie légère,Deux véhicules - frontale,,,,,,,,,,,2,1,1,2,1
200500038294,0005-06-04 17:15:00,5,6,4,17,15,470,49.0,,44.426,0.654,Plein jour,Hors agglomération,Hors intersection,Normale,Sans collision,,,,,,,,,,,1,1,1,1,7
200500038295,0005-06-20 19:00:00,5,6,20,19,0,470,215.0,,,,Plein jour,Hors agglomération,Hors intersection,Normale,Deux véhicules - frontale,,,,,,,,,,,1,1,1,1,1
200500038296,0005-06-24 09:45:00,5,6,24,9,45,470,23.0,,44.518,0.589,Plein jour,Hors agglomération,Hors intersection,Normale,Deux véhicules - frontale,,,,,,,,,,,1,1,1,1,1
200500038297,0005-06-17 16:15:00,5,6,17,16,15,470,106.0,37 AVENUE THIERS,,,Plein jour,En agglomération,Hors intersection,Normale,Deux véhicules - frontale,,,,,,,,,,,1,2,1,1,1
200500038298,0005-06-25 17:00:00,5,6,25,17,0,470,312.0,,,,Plein jour,Hors agglomération,Hors intersection,Normale,Deux véhicules - côté,,,,,,,,,,,1,1,1,1,3
200500038299,0005-06-28 07:15:00,5,6,28,7,15,470,77.0,,,,Plein jour,Hors agglomération,Hors intersection,Normale,Deux véhicules - frontale,,,,,,,,,,,1,1,1,1,1
200500038300,0005-06-02 18:00:00,5,6,2,18,0,470,252.0,,44.395,0.568,Plein jour,Hors agglomération,Hors intersection,Normale,Deux véhicules - côté,,,,,,,,,,,1,1,1,1,3
200500038301,0005-06-08 08:30:00,5,6,8,8,30,470,239.0,,44.428,0.538,Plein jour,Hors agglomération,Hors intersection,Normale,Sans collision,,,,,,,,,,,1,1,1,1,7
200500038302,0005-06-07 15:15:00,5,6,7,15,15,470,252.0,PLACE DU 08 MAI 1945,44.402,0.589,Plein jour,En agglomération,Giratoire,Normale,Deux véhicules - frontale,,,,,,,,,,,1,2,6,1,1
200500038303,0005-06-09 08:45:00,5,6,9,8,45,470,252.0,,44.395,0.586,Plein jour,Hors agglomération,Hors intersection,Normale,Deux véhicules - côté,,,,,,,,,,,1,1,1,1,3
200500038304,0005-06-09 18:15:00,5,6,9,18,15,640,324.0,,43.225,-0.527,Plein jour,Hors agglomération,Hors intersection,Normale,Deux véhicules - frontale,,,,,,,,,,,1,1,1,1,1
200500038305,0005-06-24 17:30:00,5,6,24,17,30,640,67.0,,,,Plein jour,Hors agglomération,Hors intersection,Temps éblouissant,Sans collision,,,,,,,,,,,1,1,1,7,7
200500038306,0005-06-20 23:45:00,5,6,20,23,45,640,511.0,,,,Nuit sans éclairage public,Hors agglomération,Hors intersection,Normale,Autre collision,,,,,,,,,,,3,1,1,1,6
200500038307,0005-06-25 03:00:00,5,6,25,3,0,640,37.0,,43.342,-0.507,Nuit sans éclairage public,Hors agglomération,Hors intersection,Normale,Autre collision,,,,,,,,,,,3,1,1,1,6
200500038308,0005-06-21 18:45:00,5,6,21,18,45,640,142.0,cd945,,,Plein jour,En agglomération,Hors intersection,Normale,Autre collision,,,,,,,,,,,1,2,1,1,6
200500038309,0005-06-10 18:30:00,5,6,10,18,30,640,495.0,Chemin d intz,,,Plein jour,Hors agglomération,Hors intersection,Normale,Deux véhicules - frontale,,,,,,,,,,,1,1,1,1,1
200500038310,0005-06-16 16:30:00,5,6,16,16,30,640,65.0,,,,Plein jour,Hors agglomération,Hors intersection,Normale,Deux véhicules - frontale,,,,,,,,,,,1,1,1,1,1
200500038311,0005-06-17 19:00:00,5,6,17,19,0,640,495.0,,43.36,-1.52,Plein jour,Hors agglomération,Hors intersection,Normale,Autre collision,,,,,,,,,,,1,1,1,1,6
200500038312,0005-06-19 09:00:00,5,6,19,9,0,640,65.0,,,,Plein jour,Hors agglomération,Hors intersection,Normale,Autre collision,,,,,,,,,,,1,1,1,1,6
200500038313,0005-06-29 12:15:00,5,6,29,12,15,640,495.0,,43.37,-1.583,Plein jour,Hors agglomération,Intersection en X,Pluie légère,Deux véhicules - frontale,,,,,,,,,,,1,1,2,2,1
200500038314,0005-06-30 08:15:00,5,6,30,8,15,640,533.0,route de MONTORY,43.113,-0.858,Plein jour,En agglomération,Hors intersection,Normale,Deux véhicules - frontale,,,,,,,,,,,1,2,1,1,1
200500038315,0005-06-04 11:45:00,5,6,4,11,45,640,235.0,CD 14,,,Plein jour,Hors agglomération,Hors intersection,Normale,Sans collision,,,,,,,,,,,1,1,1,1,7
200500038316,0005-06-11 20:45:00,5,6,11,20,45,640,430.0,RN 117,43.49,-0.8,Plein jour,Hors agglomération,Hors intersection,Normale,Autre collision,,,,,,,,,,,1,1,1,1,6
200500038317,0005-06-22 20:45:00,5,6,22,20,45,640,430.0,"20, chemin Eslayas",43.48,-0.74,Plein jour,En agglomération,Hors intersection,Normale,Autre collision,,,,,,,,,,,1,2,1,1,6
200500038318,0005-06-01 17:45:00,5,6,1,17,45,860,297.0,Rue des Tamaris et CD12,,,Plein jour,En agglomération,Intersection en X,Normale,Deux véhicules - côté,,,,,,,,,,,1,2,2,1,3
200500038319,0005-06-28 20:45:00,5,6,28,20,45,860,222.0,"zone boisée  ""Le Clos""",,,Plein jour,En agglomération,Autre intersection,Normale,Deux véhicules - frontale,,,,,,,,,,,1,2,9,1,1
200500038320,0005-06-01 11:15:00,5,6,1,11,15,860,39.0,,46.238,0.228,Plein jour,Hors agglomération,Hors intersection,Normale,Autre collision,,,,,,,,,,,1,1,1,1,6
200500038321,0005-06-19 19:30:00,5,6,19,19,30,860,148.0,,,,Plein jour,Hors agglomération,Hors intersection,Normale,Deux véhicules - côté,,,,,,,,,,,1,1,1,1,3
200500038322,0005-06-09 14:00:00,5,6,9,14,0,860,50.0,,46.664,0.017,Plein jour,Hors agglomération,Hors intersection,Normale,Deux véhicules - frontale,,,,,,,,,,,1,1,1,1,1
200500038323,0005-06-21 06:45:00,5,6,21,6,45,860,180.0,,,,Plein jour,Hors agglomération,Hors intersection,Normale,Autre collision,,,,,,,,,,,1,1,1,1,6
200500038324,0005-06-26 00:15:00,5,6,26,0,15,860,81.0,,,,Nuit sans éclairage public,Hors agglomération,Hors intersection,Normale,Autre collision,,,,,,,,,,,3,1,1,1,6
200500038325,0005-06-28 18:45:00,5,6,28,18,45,860,258.0,3 rue des Sablons,,,Plein jour,En agglomération,Hors intersection,Normale,Deux véhicules - frontale,,,,,,,,,,,1,2,1,1,1
200500038326,0005-06-24 15:00:00,5,6,24,15,0,860,79.0,,46.978,0.17,Plein jour,Hors agglomération,Passage à niveau,Normale,Deux véhicules - frontale,,,,,,,,,,,1,1,8,1,1
200500038327,0005-06-26 17:15:00,5,6,26,17,15,860,5.0,Route de Poitiers -RN147,46.951,0.111,Plein jour,En agglomération,Hors intersection,Normale,Autre collision,,,,,,,,,,,1,2,1,1,6
200500038328,0005-06-06 14:45:00,5,6,6,14,45,860,192.0,,46.301,0.841,Plein jour,Hors agglomération,Hors intersection,Normale,Deux véhicules - frontale,,,,,,,,,,,1,1,1,1,1
200500038329,0005-06-21 00:45:00,5,6,21,0,45,860,255.0,,,,Nuit sans éclairage public,Hors agglomération,Hors intersection,Normale,Autre collision,,,,,,,,,,,3,1,1,1,6
200500038330,0005-06-04 14:00:00,5,6,4,14,0,160,258.0,,45.487,0.074,Plein jour,Hors agglomération,Hors intersection,Normale,Autre collision,,,,,,,,,,,1,1,1,1,6
200500038331,0005-06-06 19:00:00,5,6,6,19,0,160,119.0,,45.562,0.244,Plein jour,Hors agglomération,Hors intersection,Pluie légère,Autre collision,,,,,,,,,,,1,1,1,2,6
200500038332,0005-06-11 01:00:00,5,6,11,1,0,160,287.0,,,,Nuit sans éclairage public,Hors agglomération,Hors intersection,Normale,Deux véhicules - frontale,,,,,,,,,,,3,1,1,1,1
200500038333,0005-06-05 03:00:00,5,6,5,3,0,160,4.0,,45.448,0.14,Nuit sans éclairage public,Hors agglomération,Hors intersection,Normale,Sans collision,,,,,,,,,,,3,1,1,1,7
200500038334,0005-06-08 15:15:00,5,6,8,15,15,160,215.0,,,,Plein jour,Hors agglomération,Hors intersection,Normale,Autre collision,,,,,,,,,,,1,1,1,1,6
200500038335,0005-06-11 10:30:00,5,6,11,10,30,160,97.0,,,,Plein jour,Hors agglomération,Hors intersection,Normale,Autre collision,,,,,,,,,,,1,1,1,1,6
200500038336,0005-06-08 11:30:00,5,6,8,11,30,160,28.0,,,,Plein jour,Hors agglomération,Hors intersection,Normale,Autre collision,,,,,,,,,,,1,1,1,1,6
200500038337,0005-06-11 21:45:00,5,6,11,21,45,160,177.0,,,,Plein jour,Hors agglomération,Hors intersection,Normale,Autre collision,,,,,,,,,,,1,1,1,1,6
200500038338,0005-06-25 10:45:00,5,6,25,10,45,160,380.0,,,,Plein jour,Hors agglomération,Hors intersection,Normale,Deux véhicules - frontale,,,,,,,,,,,1,1,1,1,1
200500038339,0005-06-11 20:30:00,5,6,11,20,30,160,243.0,RD 159 au PK 11,,,Plein jour,Hors agglomération,Hors intersection,Normale,Sans collision,,,,,,,,,,,1,1,1,1,7
200500038340,0005-06-23 15:00:00,5,6,23,15,0,160,164.0,,,,Plein jour,Hors agglomération,Hors intersection,Normale,Sans collision,,,,,,,,,,,1,1,1,1,7
200500038341,0005-06-29 22:30:00,5,6,29,22,30,160,85.0,,,,Nuit sans éclairage public,Hors agglomération,Hors intersection,Normale,Autre collision,,,,,,,,,,,3,1,1,1,6
200500038342,0005-06-19 05:15:00,5,6,19,5,15,160,76.0,Le bourg CD 740,45.997,0.411,Crépuscule ou aube,En agglomération,Hors intersection,Normale,Autre collision,,,,,,,,,,,2,2,1,1,6
200500038343,0005-06-26 15:15:00,5,6,26,15,15,160,87.0,,45.964,0.372,Plein jour,Hors agglomération,Hors intersection,Normale,Deux véhicules - côté,,,,,,,,,,,1,1,1,1,3
200500038344,0005-06-27 17:00:00,5,6,27,17,0,160,78.0,,,,Plein jour,Hors agglomération,Hors intersection,Normale,Autre collision,,,,,,,,,,,1,1,1,1,6
200500038345,0005-06-09 19:15:00,5,6,9,19,15,160,141.0,,45.925,0.197,Plein jour,Hors agglomération,Hors intersection,Normale,Deux véhicules - frontale,,,,,,,,,,,1,1,1,1,1
200500038346,0005-06-27 15:30:00,5,6,27,15,30,160,200.0,,45.825,0.194,Plein jour,Hors agglomération,Autre intersection,Normale,Sans collision,,,,,,,,,,,1,1,9,1,7
200500038347,0005-06-04 10:45:00,5,6,4,10,45,160,368.0,,,,Plein jour,Hors agglomération,Hors intersection,Normale,Deux véhicules - arrière,,,,,,,,,,,1,1,1,1,2
200500038348,0005-06-15 14:00:00,5,6,15,14,0,160,406.0,,,,Plein jour,Hors agglomération,Hors intersection,Normale,Autre collision,,,,,,,,,,,1,1,1,1,6
200500038349,0005-06-04 19:45:00,5,6,4,19,45,170,420.0,,,,Plein jour,Hors agglomération,Hors intersection,Normale,Deux véhicules - frontale,,,,,,,,,,,1,1,1,1,1
200500038350,0005-06-05 11:30:00,5,6,5,11,30,170,396.0,,46.207,-0.872,Plein jour,Hors agglomération,Hors intersection,Normale,Deux véhicules - côté,,,,,,,,,,,1,1,1,1,3
200500038351,0005-06-10 07:30:00,5,6,10,7,30,170,218.0,Route de Nantes,,,Plein jour,Hors agglomération,Hors intersection,Normale,Deux véhicules - frontale,,,,,,,,,,,1,1,1,1,1
200500038352,0005-06-25 17:30:00,5,6,25,17,30,170,376.0,,,,Plein jour,Hors agglomération,Hors intersection,Normale,Deux véhicules - côté,,,,,,,,,,,1,1,1,1,3
200500038353,0005-06-26 12:25:00,5,6,26,12,25,170,322.0,"lieu-dit ""L'Etoile""",,,Plein jour,Hors agglomération,Hors intersection,Normale,Autre collision,,,,,,,,,,,1,1,1,1,6
200500038354,0005-06-28 07:00:00,5,6,28,7,0,170,158.0,,46.228,-0.853,Crépuscule ou aube,Hors agglomération,Hors intersection,Normale,Sans collision,,,,,,,,,,,2,1,1,1,7
200500038355,0005-06-07 18:45:00,5,6,7,18,45,170,286.0,,,,Plein jour,Hors agglomération,Hors intersection,Normale,Autre collision,,,,,,,,,,,1,1,1,1,6
200500038356,0005-06-04 17:00:00,5,6,4,17,0,170,129.0,,45.329,-0.503,Plein jour,Hors agglomération,Hors intersection,Normale,Autre collision,,,,,,,,,,,1,1,1,1,6
200500038357,0005-06-25 10:00:00,5,6,25,10,0,170,417.0,,45.343,-0.498,Plein jour,Hors agglomération,Hors intersection,Normale,Deux véhicules - arrière,,,,,,,,,,,1,1,1,1,2
200500038358,0005-06-19 05:00:00,5,6,19,5,0,170,241.0,,45.181,-0.171,Nuit sans éclairage public,Hors agglomération,Hors intersection,Normale,Sans collision,,,,,,,,,,,3,1,1,1,7
200500038359,0005-06-28 09:45:00,5,6,28,9,45,170,351.0,,,,Plein jour,Hors agglomération,Hors intersection,Normale,Deux véhicules - frontale,,,,,,,,,,,1,1,1,1,1
200500038360,0005-06-18 11:25:00,5,6,18,11,25,170,348.0,dit bourg nouveau CD  18,,,Plein jour,Hors agglomération,Hors intersection,Normale,Deux véhicules - frontale,,,,,,,,,,,1,1,1,1,1
200500038361,0005-06-05 01:15:00,5,6,5,1,15,170,93.0,64 avenue d'Antioche,,,Nuit avec éclairage allumé,En agglomération,Hors intersection,Normale,Autre collision,,,,,,,,,,,5,2,1,1,6
200500038362,0005-06-10 22:30:00,5,6,10,22,30,170,485.0,,45.86,-1.23,Plein jour,Hors agglomération,Hors intersection,Normale,Autre collision,,,,,,,,,,,1,1,1,1,6
200500038363,0005-06-12 19:00:00,5,6,12,19,0,170,93.0,,,,Plein jour,Hors agglomération,Hors intersection,Normale,Deux véhicules - arrière,,,,,,,,,,,1,1,1,1,2
200500038364,0005-06-26 15:45:00,5,6,26,15,45,170,323.0,,46.044,-1.403,Plein jour,Hors agglomération,Autre intersection,Normale,Deux véhicules - frontale,,,,,,,,,,,1,1,9,1,1
200500038365,0005-06-11 23:15:00,5,6,11,23,15,170,353.0,rue Impérial - ST PIERRE,,,Nuit avec éclairage allumé,En agglomération,Hors intersection,Normale,Autre collision,,,,,,,,,,,5,2,1,1,6
200500038366,0005-06-05 05:30:00,5,6,5,5,30,170,359.0,,46.094,-0.706,Nuit sans éclairage public,Hors agglomération,Hors intersection,Pluie légère,Autre collision,,,,,,,,,,,3,1,1,2,6
200500038367,0005-06-09 16:00:00,5,6,9,16,0,170,275.0,,45.73,-0.71,Plein jour,En agglomération,Hors intersection,Normale,Deux véhicules - arrière,,,,,,,,,,,1,2,1,1,2
200500038368,0005-06-20 20:45:00,5,6,20,20,45,170,30.0,,,,Plein jour,Hors agglomération,Hors intersection,Normale,Sans collision,,,,,,,,,,,1,1,1,1,7
200500038369,0005-06-14 16:00:00,5,6,14,16,0,170,354.0,,45.625,-0.566,Plein jour,Hors agglomération,Hors intersection,Normale,Deux véhicules - côté,,,,,,,,,,,1,1,1,1,3
200500038370,0005-06-15 08:15:00,5,6,15,8,15,170,418.0,,45.656,-0.423,Plein jour,Hors agglomération,Hors intersection,Normale,Autre collision,,,,,,,,,,,1,1,1,1,6
200500038371,0005-06-18 23:45:00,5,6,18,23,45,170,425.0,,,,Nuit avec éclairage allumé,Hors agglomération,Hors intersection,Normale,Autre collision,,,,,,,,,,,5,1,1,1,6
200500038372,0005-06-02 00:01:00,5,6,2,0,1,170,46.0,,45.91,-0.6,Nuit sans éclairage public,Hors agglomération,Hors intersection,Normale,Autre collision,,,,,,,,,,,3,1,1,1,6
200500038373,0005-06-07 08:45:00,5,6,7,8,45,170,87.0,,,,Plein jour,Hors agglomération,Hors intersection,Normale,Autre collision,,,,,,,,,,,1,1,1,1,6
200500038374,0005-06-17 11:07:00,5,6,17,11,7,170,464.0,CD 115 et voie ferrée.,,,Plein jour,Hors agglomération,Intersection en X,Normale,Deux véhicules - côté,,,,,,,,,,,1,1,2,1,3
200500038375,0005-06-04 19:15:00,5,6,4,19,15,170,48.0,Route de MATHA,,,Plein jour,En agglomération,Hors intersection,Normale,Deux véhicules - frontale,,,,,,,,,,,1,2,1,1,1
200500038376,0005-06-25 13:30:00,5,6,25,13,30,170,224.0,,,,Plein jour,Hors agglomération,Intersection en X,Normale,Deux véhicules - côté,,,,,,,,,,,1,1,2,1,3
200500038377,0005-06-18 19:15:00,5,6,18,19,15,790,32.0,,46.478,-0.502,Plein jour,Hors agglomération,Intersection en T,Normale,Deux véhicules - côté,,,,,,,,,,,1,1,3,1,3
200500038378,0005-06-21 19:15:00,5,6,21,19,15,790,12.0,grignon cd 745,46.478,-0.56,Plein jour,En agglomération,Hors intersection,Normale,Deux véhicules - frontale,,,,,,,,,,,1,2,1,1,1
200500038379,0005-06-06 08:30:00,5,6,6,8,30,790,3.0,route de Vouillé,46.291,-0.413,Plein jour,En agglomération,Hors intersection,Normale,Deux véhicules - frontale,,,,,,,,,,,1,2,1,1,1
200500038380,0005-06-27 17:30:00,5,6,27,17,30,790,137.0,Rue de la Fougeraye,,,Plein jour,En agglomération,Hors intersection,Normale,Deux véhicules - côté,,,,,,,,,,,1,2,1,1,3
200500038381,0005-06-16 21:00:00,5,6,16,21,0,790,13.0,,46.989,-0.449,Crépuscule ou aube,En agglomération,Hors intersection,Normale,Autre collision,,,,,,,,,,,2,2,1,1,6
200500038382,0005-06-25 14:30:00,5,6,25,14,30,790,49.0,boulevard de l'Europe,46.836,-0.487,Plein jour,En agglomération,Hors intersection,Normale,Autre collision,,,,,,,,,,,1,2,1,1,6
200500038383,0005-06-26 16:45:00,5,6,26,16,45,790,324.0,,46.787,-0.519,Plein jour,Hors agglomération,Hors intersection,Normale,Sans collision,,,,,,,,,,,1,1,1,1,7