accident_id,datetime,annee,mois,jour,heure,minute,departement,commune_insee,adresse,latitude,longitude,luminosite,agglomeration,intersection,meteo,collision,nb_vehicules,nb_usagers,nb_indemnes,nb_tues,nb_blesses_hosp,nb_blesses_legers,age_cond_1,age_cond_2,veh_type_cond_1,veh_type_cond_2,lum_code,agg_code,int_code,atm_code,col_code
200500038384,0005-06-28 18:15:00,5,6,28,18,15,790,49.0,boulevard de Cornet,,,Plein jour,En agglomération,Passage à niveau,Normale,Trois véhicules et plus - collisions multiples,,,,,,,,,,,1,2,8,1,5
200500038385,0005-06-15 19:45:00,5,6,15,19,45,790,62.0,CD  CD 744  PK 11+100,,,Plein jour,Hors agglomération,Hors intersection,Pluie légère,Deux véhicules - frontale,,,,,,,,,,,1,1,1,2,1
200500038386,0005-06-17 16:45:00,5,6,17,16,45,790,79.0,Rue de la Poterie,46.928,-0.74,Plein jour,En agglomération,Hors intersection,Normale,Deux véhicules - côté,,,,,,,,,,,1,2,1,1,3
200500038387,0005-06-21 21:30:00,5,6,21,21,30,790,79.0,Rue de Nantes,46.93,-0.755,Plein jour,En agglomération,Hors intersection,Normale,Deux véhicules - côté,,,,,,,,,,,1,2,1,1,3
200500038388,0005-06-03 13:00:00,5,6,3,13,0,790,131.0,,,,Plein jour,Hors agglomération,Hors intersection,Normale,Autre collision,,,,,,,,,,,1,1,1,1,6
200500038389,0005-06-05 18:45:00,5,6,5,18,45,790,265.0,Orbé,,,Plein jour,Hors agglomération,Hors intersection,Normale,Autre collision,,,,,,,,,,,1,1,1,1,6
200500038390,0005-06-17 15:45:00,5,6,17,15,45,790,312.0,,46.145,-0.275,Plein jour,Hors agglomération,Hors intersection,Normale,Deux véhicules - frontale,,,,,,,,,,,1,1,1,1,1
200500038391,0005-06-08 11:30:00,5,6,8,11,30,790,95.0,,,,Plein jour,Hors agglomération,Hors intersection,Normale,Trois véhicules et plus - collisions multiples,,,,,,,,,,,1,1,1,1,5
200500038392,0005-06-07 14:00:00,5,6,7,14,0,790,135.0,,,,Plein jour,Hors agglomération,Hors intersection,Normale,Trois véhicules et plus - collisions multiples,,,,,,,,,,,1,1,1,1,5
200500038393,0005-06-19 20:00:00,5,6,19,20,0,790,325.0,,46.83,-0.207,Plein jour,Hors agglomération,Hors intersection,Normale,Autre collision,,,,,,,,,,,1,1,1,1,6
200500038394,0005-06-26 16:30:00,5,6,26,16,30,790,326.0,rue des trois croix,,,Plein jour,En agglomération,Hors intersection,Normale,Deux véhicules - frontale,,,,,,,,,,,1,2,1,1,1
200500038395,0005-06-18 19:30:00,5,6,18,19,30,790,179.0,,46.738,-0.523,Plein jour,Hors agglomération,Hors intersection,Normale,Deux véhicules - côté,,,,,,,,,,,1,1,1,1,3
200500038396,0005-06-04 23:45:00,5,6,4,23,45,870,21.0,Rue du boucheron,45.776,1.21,Nuit sans éclairage public,En agglomération,Hors intersection,Normale,Sans collision,,,,,,,,,,,3,2,1,1,7
200500038397,0005-06-10 07:30:00,5,6,10,7,30,870,170.0,,,,Crépuscule ou aube,Hors agglomération,Hors intersection,Normale,Sans collision,,,,,,,,,,,2,1,1,1,7
200500038398,0005-06-26 22:20:00,5,6,26,22,20,870,202.0,,,,Nuit sans éclairage public,Hors agglomération,Intersection en X,Normale,Deux véhicules - frontale,,,,,,,,,,,3,1,2,1,1
200500038399,0005-06-28 16:30:00,5,6,28,16,30,870,11.0,,,,Plein jour,Hors agglomération,Giratoire,Normale,Deux véhicules - côté,,,,,,,,,,,1,1,6,1,3
200500038400,0005-06-01 20:15:00,5,6,1,20,15,870,67.0,,,,Plein jour,Hors agglomération,Hors intersection,Normale,Deux véhicules - côté,,,,,,,,,,,1,1,1,1,3
200500038401,0005-06-11 00:15:00,5,6,11,0,15,870,173.0,,46.072,1.28,Nuit sans éclairage public,Hors agglomération,Hors intersection,Normale,Sans collision,,,,,,,,,,,3,1,1,1,7
200500038402,0005-06-25 18:45:00,5,6,25,18,45,870,14.0,RUE JEAN MOULIN,,,Plein jour,En agglomération,Autre intersection,Normale,Sans collision,,,,,,,,,,,1,2,9,1,7
200500038403,0005-06-22 11:00:00,5,6,22,11,0,190,272.0,,45.25,1.627,Plein jour,Hors agglomération,Intersection en X,Normale,Deux véhicules - côté,,,,,,,,,,,1,1,2,1,3
200500038404,0005-06-01 16:15:00,5,6,1,16,15,190,140.0,,45.083,1.928,Plein jour,Hors agglomération,Hors intersection,Normale,Autre collision,,,,,,,,,,,1,1,1,1,6
200500038405,0005-06-17 17:00:00,5,6,17,17,0,190,73.0,,,,Plein jour,Hors agglomération,Hors intersection,Normale,Deux véhicules - côté,,,,,,,,,,,1,1,1,1,3
200500038406,0005-06-28 08:00:00,5,6,28,8,0,190,276.0,Avenue Gérard Philippe,45.429,1.578,Plein jour,En agglomération,Hors intersection,Normale,Deux véhicules - côté,,,,,,,,,,,1,2,1,1,3
200500038407,0005-06-01 17:15:00,5,6,1,17,15,190,147.0,,45.046,1.515,Plein jour,Hors agglomération,Autre intersection,Normale,Deux véhicules - frontale,,,,,,,,,,,1,1,9,1,1
200500038408,0005-06-14 15:00:00,5,6,14,15,0,190,229.0,,45.146,1.463,Plein jour,Hors agglomération,Hors intersection,Normale,Sans collision,,,,,,,,,,,1,1,1,1,7
200500038409,0005-06-02 16:45:00,5,6,2,16,45,190,202.0,,45.227,1.586,Plein jour,Hors agglomération,Intersection en X,Normale,Deux véhicules - arrière,,,,,,,,,,,1,1,2,1,2
200500038410,0005-06-20 03:45:00,5,6,20,3,45,190,5.0,,45.259,1.449,Nuit sans éclairage public,Hors agglomération,Hors intersection,Normale,Autre collision,,,,,,,,,,,3,1,1,1,6
200500038411,0005-06-01 15:15:00,5,6,1,15,15,190,2.0,,45.63,2.41,Plein jour,Hors agglomération,Hors intersection,Normale,Autre collision,,,,,,,,,,,1,1,1,1,6
200500038412,0005-06-07 18:15:00,5,6,7,18,15,230,89.0,Route de la cour,,,Plein jour,En agglomération,Hors intersection,Normale,Deux véhicules - côté,,,,,,,,,,,1,2,1,1,3
200500038413,0005-06-30 15:45:00,5,6,30,15,45,230,141.0,,46.282,1.67,Plein jour,Hors agglomération,Hors intersection,Pluie légère,Deux véhicules - côté,,,,,,,,,,,1,1,1,2,3
200500038414,0005-06-14 16:00:00,5,6,14,16,0,230,57.0,,46.311,2.032,Plein jour,Hors agglomération,Hors intersection,Temps couvert,Deux véhicules - frontale,,,,,,,,,,,1,1,1,8,1
200500038415,0005-06-20 14:00:00,5,6,20,14,0,230,23.0,,46.228,2.085,Plein jour,Hors agglomération,Hors intersection,Normale,Deux véhicules - frontale,,,,,,,,,,,1,1,1,1,1
200500038416,0005-06-10 09:45:00,5,6,10,9,45,230,247.0,,46.224,1.704,Plein jour,Hors agglomération,Hors intersection,Normale,Sans collision,,,,,,,,,,,1,1,1,1,7
200500038417,0005-06-16 21:30:00,5,6,16,21,30,230,8.0,"35, Rue Jean Jaurès",45.957,2.177,Nuit avec éclairage allumé,En agglomération,Autre intersection,Normale,Autre collision,,,,,,,,,,,5,2,9,1,6
200500038418,0005-06-08 07:15:00,5,6,8,7,15,230,67.0,,45.738,2.261,Plein jour,Hors agglomération,Hors intersection,Normale,Sans collision,,,,,,,,,,,1,1,1,1,7
200500038419,0005-06-25 01:45:00,5,6,25,1,45,230,30.0,,45.96,1.768,Nuit avec éclairage allumé,En agglomération,Hors intersection,Normale,Autre collision,,,,,,,,,,,5,2,1,1,6
200500038420,0005-06-29 09:45:00,5,6,29,9,45,230,212.0,,45.856,2.012,Plein jour,Hors agglomération,Hors intersection,Normale,Deux véhicules - frontale,,,,,,,,,,,1,1,1,1,1
200500038421,0005-06-05 00:01:00,5,6,5,0,1,310,44.0,41 avenue de la plaine,,,Nuit avec éclairage allumé,En agglomération,Hors intersection,Normale,Autre collision,,,,,,,,,,,5,2,1,1,6
200500038422,0005-06-22 18:15:00,5,6,22,18,15,310,44.0,16 Rue St Jean,,,Plein jour,En agglomération,Hors intersection,Normale,Autre collision,,,,,,,,,,,1,2,1,1,6
200500038423,0005-06-28 02:15:00,5,6,28,2,15,310,163.0,Hameau de Lafage,,,Nuit sans éclairage public,En agglomération,Hors intersection,Normale,Sans collision,,,,,,,,,,,3,2,1,1,7
200500038424,0005-06-15 18:45:00,5,6,15,18,45,310,113.0,Route Nationale 113,,,Plein jour,En agglomération,Hors intersection,Normale,Deux véhicules - côté,,,,,,,,,,,1,2,1,1,3
200500038425,0005-06-24 20:00:00,5,6,24,20,0,310,35.0,Route de Narbonne - RN 1,,,Plein jour,En agglomération,Giratoire,Pluie légère,Deux véhicules - arrière,,,,,,,,,,,1,2,6,2,2
200500038426,0005-06-13 22:45:00,5,6,13,22,45,310,79.0,,43.792,1.404,Nuit sans éclairage public,Hors agglomération,Hors intersection,Pluie légère,Deux véhicules - côté,,,,,,,,,,,3,1,1,2,3
200500038427,0005-06-22 10:30:00,5,6,22,10,30,310,584.0,,,,Plein jour,Hors agglomération,Hors intersection,Normale,Deux véhicules - côté,,,,,,,,,,,1,1,1,1,3
200500038428,0005-06-01 17:00:00,5,6,1,17,0,310,120.0,,43.676,1.151,Plein jour,Hors agglomération,Hors intersection,Normale,Deux véhicules - frontale,,,,,,,,,,,1,1,1,1,1
200500038429,0005-06-08 20:30:00,5,6,8,20,30,310,507.0,16 Route de Montaigut,,,Crépuscule ou aube,En agglomération,Hors intersection,Normale,Autre collision,,,,,,,,,,,2,2,1,1,6
200500038430,0005-06-14 08:30:00,5,6,14,8,30,310,160.0,,43.687,1.254,Plein jour,Hors agglomération,Hors intersection,Normale,Deux véhicules - côté,,,,,,,,,,,1,1,1,1,3
200500038431,0005-06-26 00:15:00,5,6,26,0,15,310,120.0,,,,Nuit sans éclairage public,Hors agglomération,Hors intersection,Normale,Autre collision,,,,,,,,,,,3,1,1,1,6
200500038432,0005-06-08 17:45:00,5,6,8,17,45,310,424.0,,,,Plein jour,Hors agglomération,Hors intersection,Normale,Autre collision,,,,,,,,,,,1,1,1,1,6
200500038433,0005-06-17 16:45:00,5,6,17,16,45,310,458.0,,43.515,1.37,Plein jour,Hors agglomération,Giratoire,Normale,Deux véhicules - arrière,,,,,,,,,,,1,1,6,1,2
200500038434,0005-06-29 10:15:00,5,6,29,10,15,310,433.0,avenue des Palanques,43.537,1.402,Plein jour,En agglomération,Hors intersection,Normale,Deux véhicules - côté,,,,,,,,,,,1,2,1,1,3
200500038435,0005-06-15 06:45:00,5,6,15,6,45,310,293.0,RN 20,43.716,1.391,Plein jour,En agglomération,Hors intersection,Normale,Deux véhicules - côté,,,,,,,,,,,1,2,1,1,3
200500038436,0005-06-23 16:45:00,5,6,23,16,45,310,561.0,chemin de la caussade,43.656,1.472,Plein jour,En agglomération,Hors intersection,Normale,Deux véhicules - côté,,,,,,,,,,,1,2,1,1,3
200500038437,0005-06-07 16:00:00,5,6,7,16,0,310,248.0,,,,Plein jour,Hors agglomération,Intersection en X,Normale,Deux véhicules - frontale,,,,,,,,,,,1,1,2,1,1
200500038438,0005-06-17 17:15:00,5,6,17,17,15,310,395.0,CD3,,,Plein jour,En agglomération,Hors intersection,Normale,Deux véhicules - côté,,,,,,,,,,,1,2,1,1,3
200500038439,0005-06-17 18:00:00,5,6,17,18,0,310,395.0,avenue Jacques Douzans,,,Plein jour,En agglomération,Hors intersection,Normale,Deux véhicules - côté,,,,,,,,,,,1,2,1,1,3
200500038440,0005-06-04 20:15:00,5,6,4,20,15,310,375.0,,,,Plein jour,Hors agglomération,Hors intersection,Normale,Sans collision,,,,,,,,,,,1,1,1,1,7
200500038441,0005-06-05 10:00:00,5,6,5,10,0,310,375.0,,,,Plein jour,Hors agglomération,Hors intersection,Normale,Autre collision,,,,,,,,,,,1,1,1,1,6
200500038442,0005-06-12 22:30:00,5,6,12,22,30,310,107.0,9 chemin du laveran,,,Nuit sans éclairage public,En agglomération,Hors intersection,Normale,Autre collision,,,,,,,,,,,3,2,1,1,6
200500038443,0005-06-29 18:45:00,5,6,29,18,45,310,122.0,,43.344,1.003,Plein jour,Hors agglomération,Hors intersection,Normale,Deux véhicules - côté,,,,,,,,,,,1,1,1,1,3
200500038444,0005-06-30 16:45:00,5,6,30,16,45,310,84.0,,43.176,0.966,Plein jour,Hors agglomération,Hors intersection,Normale,Autre collision,,,,,,,,,,,1,1,1,1,6
200500038445,0005-06-19 06:00:00,5,6,19,6,0,310,435.0,,43.397,1.151,Crépuscule ou aube,Hors agglomération,Hors intersection,Normale,Autre collision,,,,,,,,,,,2,1,1,1,6
200500038446,0005-06-23 19:30:00,5,6,23,19,30,310,188.0,,,,Plein jour,Hors agglomération,Hors intersection,Normale,Deux véhicules - frontale,,,,,,,,,,,1,1,1,1,1
200500038447,0005-06-11 19:15:00,5,6,11,19,15,310,224.0,Avenue de la gare,43.079,0.584,Plein jour,En agglomération,Hors intersection,Normale,Deux véhicules - côté,,,,,,,,,,,1,2,1,1,3
200500038448,0005-06-27 08:20:00,5,6,27,8,20,310,64.0,,,,Plein jour,Hors agglomération,Hors intersection,Normale,Autre collision,,,,,,,,,,,1,1,1,1,6
200500038449,0005-06-29 21:15:00,5,6,29,21,15,310,42.0,Avenue clément Ader,,,Nuit avec éclairage allumé,En agglomération,Hors intersection,Pluie légère,Autre collision,,,,,,,,,,,5,2,1,2,6
200500038450,0005-06-26 06:00:00,5,6,26,6,0,310,239.0,,43.405,0.845,Crépuscule ou aube,Hors agglomération,Hors intersection,Normale,Autre collision,,,,,,,,,,,2,1,1,1,6
200500038451,0005-06-04 16:30:00,5,6,4,16,30,310,124.0,,,,Plein jour,Hors agglomération,Hors intersection,Normale,Sans collision,,,,,,,,,,,1,1,1,1,7
200500038452,0005-06-19 08:00:00,5,6,19,8,0,310,523.0,CD117,43.105,0.95,Plein jour,En agglomération,Hors intersection,Normale,Deux véhicules - côté,,,,,,,,,,,1,2,1,1,3
200500038453,0005-06-03 18:45:00,5,6,3,18,45,310,100.0,,43.31,1.626,Plein jour,Hors agglomération,Hors intersection,Normale,Autre collision,,,,,,,,,,,1,1,1,1,6
200500038454,0005-06-05 10:00:00,5,6,5,10,0,310,396.0,rue de la République,43.36,1.624,Plein jour,En agglomération,Hors intersection,Normale,Deux véhicules - arrière,,,,,,,,,,,1,2,1,1,2
200500038455,0005-06-19 10:00:00,5,6,19,10,0,310,374.0,,43.422,1.64,Plein jour,Hors agglomération,Hors intersection,Normale,Autre collision,,,,,,,,,,,1,1,1,1,6
200500038456,0005-06-21 16:00:00,5,6,21,16,0,310,582.0,,43.401,1.706,Plein jour,Hors agglomération,Hors intersection,Normale,Deux véhicules - côté,,,,,,,,,,,1,1,1,1,3
200500038457,0005-06-10 14:30:00,5,6,10,14,30,310,271.0,,43.556,1.648,Plein jour,Hors agglomération,Hors intersection,Normale,Sans collision,,,,,,,,,,,1,1,1,1,7
200500038458,0005-06-16 17:00:00,5,6,16,17,0,310,501.0,,,,Plein jour,Hors agglomération,Hors intersection,Normale,Deux véhicules - côté,,,,,,,,,,,1,1,1,1,3
200500038459,0005-06-17 08:15:00,5,6,17,8,15,310,74.0,,43.676,1.622,Plein jour,En agglomération,Hors intersection,Normale,Deux véhicules - frontale,,,,,,,,,,,1,2,1,1,1
200500038460,0005-06-17 16:30:00,5,6,17,16,30,310,26.0,CD1,,,Plein jour,Hors agglomération,Hors intersection,Normale,Trois véhicules et plus - collisions multiples,,,,,,,,,,,1,1,1,1,5
200500038461,0005-06-02 14:00:00,5,6,2,14,0,310,243.0,,43.452,1.797,Plein jour,Hors agglomération,Hors intersection,Normale,Autre collision,,,,,,,,,,,1,1,1,1,6
200500038462,0005-06-11 15:00:00,5,6,11,15,0,310,451.0,,43.453,2.007,Plein jour,Hors agglomération,Hors intersection,Normale,Deux véhicules - frontale,,,,,,,,,,,1,1,1,1,1
200500038463,0005-06-20 18:30:00,5,6,20,18,30,310,451.0,Boulevard Carnot,,,Plein jour,En agglomération,Hors intersection,Normale,Deux véhicules - frontale,,,,,,,,,,,1,2,1,1,1
200500038464,0005-06-25 23:45:00,5,6,25,23,45,310,478.0,,43.453,1.969,Nuit sans éclairage public,Hors agglomération,Hors intersection,Normale,Deux véhicules - frontale,,,,,,,,,,,3,1,1,1,1
200500038465,0005-06-26 00:30:00,5,6,26,0,30,90,264.0,32+100 SENS PAMIERS/FOIX,,,Nuit sans éclairage public,Hors agglomération,Hors intersection,Normale,Autre collision,,,,,,,,,,,3,1,1,1,6
200500038466,0005-06-03 19:00:00,5,6,3,19,0,90,331.0,,43.19,1.61,Plein jour,Hors agglomération,Hors intersection,Normale,Autre collision,,,,,,,,,,,1,1,1,1,6
200500038467,0005-06-11 08:30:00,5,6,11,8,30,90,282.0,route de Toulouse,,,Plein jour,En agglomération,Hors intersection,Normale,Deux véhicules - frontale,,,,,,,,,,,1,2,1,1,1
200500038468,0005-06-20 17:45:00,5,6,20,17,45,90,245.0,,43.059,1.588,Plein jour,Hors agglomération,Hors intersection,Normale,Deux véhicules - frontale,,,,,,,,,,,1,1,1,1,1
200500038469,0005-06-23 08:30:00,5,6,23,8,30,90,265.0,Route de Benagues,43.085,1.625,Plein jour,En agglomération,Hors intersection,Normale,Deux véhicules - côté,,,,,,,,,,,1,2,1,1,3
200500038470,0005-06-27 08:45:00,5,6,27,8,45,90,282.0,,,,Plein jour,Hors agglomération,Hors intersection,Normale,Trois véhicules et plus - collisions multiples,,,,,,,,,,,1,1,1,1,5
200500038471,0005-06-28 08:00:00,5,6,28,8,0,90,185.0,Avenue de Pamiers,43.251,1.673,Plein jour,En agglomération,Hors intersection,Normale,Deux véhicules - frontale,,,,,,,,,,,1,2,1,1,1
200500038472,0005-06-29 03:30:00,5,6,29,3,30,90,238.0,,43.097,1.707,Nuit sans éclairage public,Hors agglomération,Hors intersection,Normale,Autre collision,,,,,,,,,,,3,1,1,1,6
200500038473,0005-06-29 07:15:00,5,6,29,7,15,90,40.0,ROUTE DE ST AMADOU,,,Plein jour,En agglomération,Hors intersection,Normale,Deux véhicules - frontale,,,,,,,,,,,1,2,1,1,1
200500038474,0005-06-17 07:00:00,5,6,17,7,0,90,195.0,,,,Plein jour,Hors agglomération,Hors intersection,Normale,Sans collision,,,,,,,,,,,1,1,1,1,7
200500038475,0005-06-18 08:15:00,5,6,18,8,15,90,75.0,avenue de la gare,,,Plein jour,En agglomération,Hors intersection,Normale,Deux véhicules - frontale,,,,,,,,,,,1,2,1,1,1
200500038476,0005-06-24 18:30:00,5,6,24,18,30,90,19.0,,43.156,1.429,Plein jour,Hors agglomération,Hors intersection,Normale,Trois véhicules et plus - en chaîne,,,,,,,,,,,1,1,1,1,4
200500038477,0005-06-25 10:45:00,5,6,25,10,45,90,181.0,,,,Plein jour,Hors agglomération,Hors intersection,Normale,Sans collision,,,,,,,,,,,1,1,1,1,7
200500038478,0005-06-10 13:00:00,5,6,10,13,0,90,161.0,,43.004,1.947,Plein jour,Hors agglomération,Hors intersection,Normale,Deux véhicules - frontale,,,,,,,,,,,1,1,1,1,1
200500038479,0005-06-19 15:30:00,5,6,19,15,30,90,157.0,RUE JEAN JAURES,,,Plein jour,En agglomération,Hors intersection,Normale,Deux véhicules - frontale,,,,,,,,,,,1,2,1,1,1
200500038480,0005-06-29 01:45:00,5,6,29,1,45,90,180.0,,43.088,1.819,Nuit sans éclairage public,Hors agglomération,Hors intersection,Normale,Autre collision,,,,,,,,,,,3,1,1,1,6
200500038481,0005-06-18 06:15:00,5,6,18,6,15,90,261.0,CD117,42.995,1.138,Plein jour,En agglomération,Hors intersection,Normale,Deux véhicules - frontale,,,,,,,,,,,1,2,1,1,1
200500038482,0005-06-12 19:15:00,5,6,12,19,15,90,235.0,RD117,,,Plein jour,En agglomération,Hors intersection,Normale,Deux véhicules - côté,,,,,,,,,,,1,2,1,1,3
200500038483,0005-06-27 01:15:00,5,6,27,1,15,120,33.0,,44.466,2.727,Nuit avec éclairage allumé,Hors agglomération,Hors intersection,Normale,Deux véhicules - frontale,,,,,,,,,,,5,1,1,1,1
200500038484,0005-06-18 16:00:00,5,6,18,16,0,120,169.0,,,,Plein jour,Hors agglomération,Hors intersection,Normale,Deux véhicules - arrière,,,,,,,,,,,1,1,1,1,2
200500038485,0005-06-07 14:30:00,5,6,7,14,30,120,8.0,,44.43,2.222,Plein jour,Hors agglomération,Hors intersection,Normale,Trois véhicules et plus - en chaîne,,,,,,,,,,,1,1,1,1,4
200500038486,0005-06-16 15:15:00,5,6,16,15,15,120,254.0,,44.43,2.52,Plein jour,Hors agglomération,Hors intersection,Normale,Deux véhicules - frontale,,,,,,,,,,,1,1,1,1,1
200500038487,0005-06-17 19:30:00,5,6,17,19,30,120,24.0,,44.393,2.335,Plein jour,Hors agglomération,Hors intersection,Normale,Deux véhicules - frontale,,,,,,,,,,,1,1,1,1,1
200500038488,0005-06-18 11:00:00,5,6,18,11,0,120,199.0,,44.425,2.305,Plein jour,Hors agglomération,Hors intersection,Normale,Sans collision,,,,,,,,,,,1,1,1,1,7
200500038489,0005-06-28 17:00:00,5,6,28,17,0,120,112.0,,,,Plein jour,Hors agglomération,Hors intersection,Normale,Sans collision,,,,,,,,,,,1,1,1,1,7
200500038490,0005-06-21 10:45:00,5,6,21,10,45,120,82.0,,,,Plein jour,Hors agglomération,Hors intersection,Normale,Deux véhicules - frontale,,,,,,,,,,,1,1,1,1,1
200500038491,0005-06-19 14:30:00,5,6,19,14,30,120,253.0,,44.197,2.789,Plein jour,Hors agglomération,Hors intersection,Normale,Deux véhicules - frontale,,,,,,,,,,,1,1,1,1,1
200500038492,0005-06-08 14:30:00,5,6,8,14,30,120,123.0,,44.339,3.029,Plein jour,Hors agglomération,Autre intersection,Normale,Autre collision,,,,,,,,,,,1,1,9,1,6
200500038493,0005-06-14 07:45:00,5,6,14,7,45,120,196.0,,44.347,2.977,Plein jour,Hors agglomération,Hors intersection,Normale,Deux véhicules - frontale,,,,,,,,,,,1,1,1,1,1
200500038494,0005-06-05 10:00:00,5,6,5,10,0,120,208.0,Quartier Saint Vincent,43.953,2.902,Plein jour,En agglomération,Hors intersection,Normale,Autre collision,,,,,,,,,,,1,2,1,1,6
200500038495,0005-06-19 13:15:00,5,6,19,13,15,120,208.0,,43.996,2.9,Plein jour,Hors agglomération,Hors intersection,Normale,Autre collision,,,,,,,,,,,1,1,1,1,6
200500038496,0005-06-03 18:30:00,5,6,3,18,30,120,244.0,,44.055,2.9,Plein jour,En agglomération,Hors intersection,Normale,Deux véhicules - frontale,,,,,,,,,,,1,2,1,1,1
200500038497,0005-06-04 19:15:00,5,6,4,19,15,120,287.0,MEMER,44.327,1.9,Plein jour,En agglomération,Hors intersection,Normale,Autre collision,,,,,,,,,,,1,2,1,1,6
200500038498,0005-06-24 18:45:00,5,6,24,18,45,120,300.0,rue causseroux,44.372,2.032,Plein jour,En agglomération,Hors intersection,Normale,Deux véhicules - frontale,,,,,,,,,,,1,2,1,1,1
200500038499,0005-06-22 15:10:00,5,6,22,15,10,120,30.0,RN 140,,,Plein jour,Hors agglomération,Hors intersection,Normale,Deux véhicules - côté,,,,,,,,,,,1,1,1,1,3
200500038500,0005-06-23 09:45:00,5,6,23,9,45,120,21.0,,44.339,2.105,Plein jour,Hors agglomération,Hors intersection,Normale,Deux véhicules - côté,,,,,,,,,,,1,1,1,1,3
200500038501,0005-06-24 21:15:00,5,6,24,21,15,320,334.0,,43.594,1.168,Plein jour,Hors agglomération,Hors intersection,Normale,Sans collision,,,,,,,,,,,1,1,1,1,7
200500038502,0005-06-04 08:30:00,5,6,4,8,30,320,456.0,,43.688,0.283,Plein jour,Hors agglomération,Hors intersection,Normale,Sans collision,,,,,,,,,,,1,1,1,1,7
200500038503,0005-06-01 11:45:00,5,6,1,11,45,320,400.0,,,,Plein jour,Hors agglomération,Hors intersection,Normale,Deux véhicules - côté,,,,,,,,,,,1,1,1,1,3
200500038504,0005-06-02 22:00:00,5,6,2,22,0,320,83.0,AVENUE DE LA TENAREZE,43.811,0.428,Crépuscule ou aube,En agglomération,Hors intersection,Normale,Autre collision,,,,,,,,,,,2,2,1,1,6
200500038505,0005-06-08 11:15:00,5,6,8,11,15,320,107.0,,,,Plein jour,Hors agglomération,Hors intersection,Normale,Trois véhicules et plus - en chaîne,,,,,,,,,,,1,1,1,1,4
200500038506,0005-06-12 10:15:00,5,6,12,10,15,320,107.0,Avenue Acan et Toe,,,Plein jour,En agglomération,Hors intersection,Normale,Autre collision,,,,,,,,,,,1,2,1,1,6
200500038507,0005-06-23 00:01:00,5,6,23,0,1,320,107.0,,,,Nuit sans éclairage public,Hors agglomération,Hors intersection,Normale,Autre collision,,,,,,,,,,,3,1,1,1,6
200500038508,0005-06-24 17:30:00,5,6,24,17,30,320,224.0,,43.905,0.378,Plein jour,Hors agglomération,Autre intersection,Normale,Autre collision,,,,,,,,,,,1,1,9,1,6
200500038509,0005-06-30 11:45:00,5,6,30,11,45,320,143.0,,44.035,0.466,Plein jour,Hors agglomération,Intersection en T,Normale,Deux véhicules - côté,,,,,,,,,,,1,1,3,1,3
200500038510,0005-06-30 18:20:00,5,6,30,18,20,320,224.0,augé,,,Plein jour,Hors agglomération,Hors intersection,Normale,Sans collision,,,,,,,,,,,1,1,1,1,7
200500038511,0005-06-30 18:15:00,5,6,30,18,15,320,95.0,"Lieu dit ""Paradis""",,,Plein jour,Hors agglomération,Hors intersection,Normale,Deux véhicules - frontale,,,,,,,,,,,1,1,1,1,1
200500038512,0005-06-04 08:00:00,5,6,4,8,0,320,296.0,,43.762,-0.032,Plein jour,En agglomération,Hors intersection,Normale,Deux véhicules - frontale,,,,,,,,,,,1,2,1,1,1
200500038513,0005-06-10 20:00:00,5,6,10,20,0,320,369.0,,,,Plein jour,Hors agglomération,Hors intersection,Normale,Deux véhicules - frontale,,,,,,,,,,,1,1,1,1,1
200500038514,0005-06-13 05:45:00,5,6,13,5,45,320,119.0,,43.859,0.164,Crépuscule ou aube,Hors agglomération,Hors intersection,Normale,Autre collision,,,,,,,,,,,2,1,1,1,6
200500038515,0005-06-19 19:15:00,5,6,19,19,15,320,149.0,,,,Plein jour,Hors agglomération,Hors intersection,Normale,Sans collision,,,,,,,,,,,1,1,1,1,7
200500038516,0005-06-24 16:45:00,5,6,24,16,45,320,271.0,,,,Plein jour,Hors agglomération,Hors intersection,Normale,Deux véhicules - frontale,,,,,,,,,,,1,1,1,1,1
200500038517,0005-06-25 21:30:00,5,6,25,21,30,320,5.0,,43.729,-0.046,Plein jour,Hors agglomération,Hors intersection,Normale,Sans collision,,,,,,,,,,,1,1,1,1,7
200500038518,0005-06-27 18:00:00,5,6,27,18,0,320,155.0,route d'aire sur adour,43.777,-0.18,Plein jour,En agglomération,Hors intersection,Normale,Sans collision,,,,,,,,,,,1,2,1,1,7
200500038519,0005-06-30 13:30:00,5,6,30,13,30,320,119.0,Avenue des Fleurs,43.864,0.104,Plein jour,En agglomération,Hors intersection,Normale,Autre collision,,,,,,,,,,,1,2,1,1,6
200500038520,0005-06-03 10:30:00,5,6,3,10,30,320,208.0,,,,Plein jour,Hors agglomération,Hors intersection,Normale,Deux véhicules - côté,,,,,,,,,,,1,1,1,1,3