accident_id,datetime,annee,mois,jour,heure,minute,departement,commune_insee,adresse,latitude,longitude,luminosite,agglomeration,intersection,meteo,collision,nb_vehicules,nb_usagers,nb_indemnes,nb_tues,nb_blesses_hosp,nb_blesses_legers,age_cond_1,age_cond_2,veh_type_cond_1,veh_type_cond_2,lum_code,agg_code,int_code,atm_code,col_code
200500038521,0005-06-02 19:45:00,5,6,2,19,45,320,132.0,26 av du Dct Laurentie,43.85,0.65,Plein jour,En agglomération,Hors intersection,Normale,Deux véhicules - frontale,,,,,,,,,,,1,2,1,1,1
200500038522,0005-06-02 01:00:00,5,6,2,1,0,320,239.0,,,,Nuit sans éclairage public,Hors agglomération,Hors intersection,Normale,Sans collision,,,,,,,,,,,3,1,1,1,7
200500038523,0005-06-11 10:00:00,5,6,11,10,0,320,341.0,,43.82,0.58,Plein jour,Hors agglomération,Hors intersection,Normale,Deux véhicules - côté,,,,,,,,,,,1,1,1,1,3
200500038524,0005-06-14 20:45:00,5,6,14,20,45,320,208.0,,43.93,0.6,Plein jour,Hors agglomération,Hors intersection,Normale,Autre collision,,,,,,,,,,,1,1,1,1,6
200500038525,0005-06-15 18:30:00,5,6,15,18,30,320,208.0,,,,Plein jour,Hors agglomération,Hors intersection,Normale,Sans collision,,,,,,,,,,,1,1,1,1,7
200500038526,0005-06-16 17:45:00,5,6,16,17,45,320,146.0,,44.027,0.707,Plein jour,Hors agglomération,Hors intersection,Normale,Autre collision,,,,,,,,,,,1,1,1,1,6
200500038527,0005-06-07 22:45:00,5,6,7,22,45,320,464.0,RN21 -  Le bourg,,,Nuit avec éclairage allumé,En agglomération,Hors intersection,Normale,Deux véhicules - arrière,,,,,,,,,,,5,2,1,1,2
200500038528,0005-06-18 15:45:00,5,6,18,15,45,320,199.0,,43.637,0.048,Plein jour,Hors agglomération,Hors intersection,Normale,Sans collision,,,,,,,,,,,1,1,1,1,7
200500038529,0005-06-24 10:00:00,5,6,24,10,0,320,199.0,,43.619,0.07,Plein jour,Hors agglomération,Hors intersection,Normale,Deux véhicules - côté,,,,,,,,,,,1,1,1,1,3
200500038530,0005-06-14 17:30:00,5,6,14,17,30,460,199.0,,,,Plein jour,Hors agglomération,Hors intersection,Normale,Deux véhicules - frontale,,,,,,,,,,,1,1,1,1,1
200500038531,0005-06-05 00:01:00,5,6,5,0,1,460,180.0,,44.599,2.093,Nuit sans éclairage public,Hors agglomération,Hors intersection,Normale,Sans collision,,,,,,,,,,,3,1,1,1,7
200500038532,0005-06-13 18:00:00,5,6,13,18,0,460,102.0,,,,Plein jour,Hors agglomération,Hors intersection,Pluie légère,Deux véhicules - côté,,,,,,,,,,,1,1,1,2,3
200500038533,0005-06-25 17:00:00,5,6,25,17,0,460,143.0,,,,Plein jour,Hors agglomération,Hors intersection,Normale,Deux véhicules - côté,,,,,,,,,,,1,1,1,1,3
200500038534,0005-06-04 07:15:00,5,6,4,7,15,460,228.0,,44.904,1.816,Plein jour,En agglomération,Hors intersection,Normale,Sans collision,,,,,,,,,,,1,2,1,1,7
200500038535,0005-06-04 16:15:00,5,6,4,16,15,460,295.0,,44.847,1.907,Plein jour,Hors agglomération,Hors intersection,Normale,Sans collision,,,,,,,,,,,1,1,1,1,7
200500038536,0005-06-12 00:01:00,5,6,12,0,1,460,189.0,,,,Nuit sans éclairage public,Hors agglomération,Hors intersection,Normale,Sans collision,,,,,,,,,,,3,1,1,1,7
200500038537,0005-06-04 21:00:00,5,6,4,21,0,460,297.0,,44.685,1.292,Plein jour,Hors agglomération,Hors intersection,Normale,Sans collision,,,,,,,,,,,1,1,1,1,7
200500038538,0005-06-05 12:15:00,5,6,5,12,15,460,334.0,,44.746,1.438,Plein jour,Hors agglomération,Hors intersection,Normale,Autre collision,,,,,,,,,,,1,1,1,1,6
200500038539,0005-06-28 17:30:00,5,6,28,17,30,460,127.0,route de cahors,44.736,1.377,Plein jour,En agglomération,Hors intersection,Normale,Deux véhicules - frontale,,,,,,,,,,,1,2,1,1,1
200500038540,0005-06-02 23:45:00,5,6,2,23,45,460,208.0,,44.882,1.622,Nuit sans éclairage public,Hors agglomération,Hors intersection,Normale,Sans collision,,,,,,,,,,,3,1,1,1,7
200500038541,0005-06-23 17:15:00,5,6,23,17,15,460,84.0,,,,Plein jour,Hors agglomération,Hors intersection,Normale,Deux véhicules - côté,,,,,,,,,,,1,1,1,1,3
200500038542,0005-06-15 13:45:00,5,6,15,13,45,460,293.0,,,,Plein jour,Hors agglomération,Hors intersection,Normale,Autre collision,,,,,,,,,,,1,1,1,1,6
200500038543,0005-06-25 12:45:00,5,6,25,12,45,460,178.0,,44.812,1.479,Plein jour,Hors agglomération,Hors intersection,Normale,Sans collision,,,,,,,,,,,1,1,1,1,7
200500038544,0005-06-02 11:30:00,5,6,2,11,30,650,57.0,,43.223,0.017,Plein jour,Hors agglomération,Hors intersection,Normale,Deux véhicules - arrière,,,,,,,,,,,1,1,1,1,2
200500038545,0005-06-03 13:15:00,5,6,3,13,15,650,79.0,,,,Plein jour,Hors agglomération,Autre intersection,Temps couvert,Autre collision,,,,,,,,,,,1,1,9,8,6
200500038546,0005-06-16 10:30:00,5,6,16,10,30,650,256.0,,,,Plein jour,Hors agglomération,Hors intersection,Normale,Autre collision,,,,,,,,,,,1,1,1,1,6
200500038547,0005-06-22 08:15:00,5,6,22,8,15,650,447.0,RUE A. PEDEBIDOU,43.197,0.23,Plein jour,En agglomération,Hors intersection,Normale,Autre collision,,,,,,,,,,,1,2,1,1,6
200500038548,0005-06-23 20:30:00,5,6,23,20,30,650,460.0,Rte de Rabastens,,,Plein jour,En agglomération,Hors intersection,Normale,Sans collision,,,,,,,,,,,1,2,1,1,7
200500038549,0005-06-29 21:30:00,5,6,29,21,30,650,164.0,,,,Plein jour,Hors agglomération,Hors intersection,Temps couvert,Trois véhicules et plus - collisions multiples,,,,,,,,,,,1,1,1,8,5
200500038550,0005-06-01 09:15:00,5,6,1,9,15,650,59.0,,,,Plein jour,Hors agglomération,Hors intersection,Normale,Autre collision,,,,,,,,,,,1,1,1,1,6
200500038551,0005-06-08 07:45:00,5,6,8,7,45,650,218.0,Route de ST LARY,43.019,0.373,Plein jour,En agglomération,Hors intersection,Normale,Deux véhicules - frontale,,,,,,,,,,,1,2,1,1,1
200500038552,0005-06-20 10:00:00,5,6,20,10,0,650,408.0,,,,Plein jour,Hors agglomération,Hors intersection,Normale,Deux véhicules - côté,,,,,,,,,,,1,1,1,1,3
200500038553,0005-06-07 07:30:00,5,6,7,7,30,810,113.0,,43.87,2.187,Plein jour,Hors agglomération,Hors intersection,Normale,Trois véhicules et plus - collisions multiples,,,,,,,,,,,1,1,1,1,5
200500038554,0005-06-26 04:30:00,5,6,26,4,30,810,222.0,,,,Nuit sans éclairage public,Hors agglomération,Hors intersection,Normale,Autre collision,,,,,,,,,,,3,1,1,1,6
200500038555,0005-06-30 16:15:00,5,6,30,16,15,810,284.0,Av St Exupéry,43.92,2.124,Plein jour,En agglomération,Hors intersection,Normale,Autre collision,,,,,,,,,,,1,2,1,1,6
200500038556,0005-06-03 20:45:00,5,6,3,20,45,810,139.0,,43.711,2.13,Crépuscule ou aube,Hors agglomération,Hors intersection,Normale,Deux véhicules - côté,,,,,,,,,,,2,1,1,1,3
200500038557,0005-06-01 16:15:00,5,6,1,16,15,810,159.0,,43.667,1.849,Plein jour,Hors agglomération,Hors intersection,Normale,Sans collision,,,,,,,,,,,1,1,1,1,7
200500038558,0005-06-14 20:00:00,5,6,14,20,0,810,266.0,,,,Plein jour,Hors agglomération,Hors intersection,Pluie légère,Deux véhicules - frontale,,,,,,,,,,,1,1,1,2,1
200500038559,0005-06-05 18:15:00,5,6,5,18,15,810,42.0,Avenue du Sidobre,43.636,2.283,Plein jour,En agglomération,Autre intersection,Normale,Trois véhicules et plus - collisions multiples,,,,,,,,,,,1,2,9,1,5
200500038560,0005-06-01 15:30:00,5,6,1,15,30,810,283.0,,43.952,1.947,Plein jour,Hors agglomération,Hors intersection,Normale,Sans collision,,,,,,,,,,,1,1,1,1,7
200500038561,0005-06-24 06:45:00,5,6,24,6,45,810,99.0,4 rue des capucines,43.907,1.897,Crépuscule ou aube,En agglomération,Hors intersection,Normale,Autre collision,,,,,,,,,,,2,2,1,1,6
200500038562,0005-06-28 14:00:00,5,6,28,14,0,690,205.0,19bis rue des Mourrons,,,Plein jour,En agglomération,Hors intersection,Temps éblouissant,Deux véhicules - frontale,,,,,,,,,,,1,2,1,7,1
200500038563,0005-06-29 08:15:00,5,6,29,8,15,690,205.0,RUE Louis Pradel,,,Plein jour,En agglomération,Hors intersection,Temps couvert,Deux véhicules - côté,,,,,,,,,,,1,2,1,8,3
200500038564,0005-06-01 18:15:00,5,6,1,18,15,810,69.0,CHEMIN DES TANNERIES,44.069,1.947,Plein jour,En agglomération,Hors intersection,Normale,Deux véhicules - côté,,,,,,,,,,,1,2,1,1,3
200500038565,0005-06-09 08:00:00,5,6,9,8,0,810,220.0,,43.814,1.711,Plein jour,Hors agglomération,Hors intersection,Normale,Deux véhicules - frontale,,,,,,,,,,,1,1,1,1,1
200500038566,0005-06-12 11:00:00,5,6,12,11,0,810,145.0,,43.938,1.727,Plein jour,Hors agglomération,Hors intersection,Normale,Autre collision,,,,,,,,,,,1,1,1,1,6
200500038567,0005-06-07 08:30:00,5,6,7,8,30,810,289.0,ROUTE DE DOURGNE,43.554,2.119,Plein jour,En agglomération,Hors intersection,Normale,Deux véhicules - côté,,,,,,,,,,,1,2,1,1,3
200500038568,0005-06-25 20:45:00,5,6,25,20,45,810,55.0,,,,Crépuscule ou aube,Hors agglomération,Hors intersection,Temps éblouissant,Deux véhicules - frontale,,,,,,,,,,,2,1,1,7,1
200500038569,0005-06-05 12:00:00,5,6,5,12,0,810,50.0,,43.582,1.843,Plein jour,Hors agglomération,Hors intersection,Normale,Deux véhicules - arrière,,,,,,,,,,,1,1,1,1,2
200500038570,0005-06-29 14:30:00,5,6,29,14,30,810,219.0,,43.594,1.998,Plein jour,Hors agglomération,Hors intersection,Normale,Autre collision,,,,,,,,,,,1,1,1,1,6
200500038571,0005-06-02 08:00:00,5,6,2,8,0,820,119.0,,44.222,1.518,Plein jour,Hors agglomération,Intersection en X,Normale,Deux véhicules - côté,,,,,,,,,,,1,1,2,1,3
200500038572,0005-06-12 18:00:00,5,6,12,18,0,820,37.0,,44.154,1.554,Plein jour,Hors agglomération,Hors intersection,Normale,Deux véhicules - arrière,,,,,,,,,,,1,1,1,1,2
200500038573,0005-06-12 19:30:00,5,6,12,19,30,820,37.0,51 rue jean moulin,44.161,1.54,Plein jour,En agglomération,Hors intersection,Normale,Deux véhicules - frontale,,,,,,,,,,,1,2,1,1,1
200500038574,0005-06-15 18:15:00,5,6,15,18,15,820,37.0,27 BD Edouard Hériot,44.161,1.535,Plein jour,En agglomération,Hors intersection,Normale,Deux véhicules - côté,,,,,,,,,,,1,2,1,1,3
200500038575,0005-06-19 12:00:00,5,6,19,12,0,820,126.0,,,,Plein jour,Hors agglomération,Hors intersection,Normale,Deux véhicules - côté,,,,,,,,,,,1,1,1,1,3
200500038576,0005-06-26 01:30:00,5,6,26,1,30,820,148.0,,44.236,1.599,Nuit sans éclairage public,Hors agglomération,Hors intersection,Normale,Autre collision,,,,,,,,,,,3,1,1,1,6
200500038577,0005-06-26 06:00:00,5,6,26,6,0,820,87.0,rue chemin de ronde,44.132,1.238,Crépuscule ou aube,En agglomération,Hors intersection,Normale,Sans collision,,,,,,,,,,,2,2,1,1,7
200500038578,0005-06-18 05:15:00,5,6,18,5,15,820,161.0,,,,Crépuscule ou aube,Hors agglomération,Hors intersection,Normale,Sans collision,,,,,,,,,,,2,1,1,1,7
200500038579,0005-06-19 19:00:00,5,6,19,19,0,820,161.0,,,,Plein jour,Hors agglomération,Hors intersection,Normale,Deux véhicules - côté,,,,,,,,,,,1,1,1,1,3
200500038580,0005-06-05 07:30:00,5,6,5,7,30,820,191.0,,44.192,1.879,Plein jour,Hors agglomération,Hors intersection,Normale,Autre collision,,,,,,,,,,,1,1,1,1,6
200500038581,0005-06-20 11:15:00,5,6,20,11,15,820,13.0,,43.899,0.968,Plein jour,Hors agglomération,Hors intersection,Normale,Autre collision,,,,,,,,,,,1,1,1,1,6
200500038582,0005-06-04 02:30:00,5,6,4,2,30,820,79.0,,,,Nuit sans éclairage public,Hors agglomération,Hors intersection,Normale,Autre collision,,,,,,,,,,,3,1,1,1,6
200500038583,0005-06-09 02:15:00,5,6,9,2,15,820,142.0,,43.815,1.319,Nuit sans éclairage public,Hors agglomération,Hors intersection,Normale,Autre collision,,,,,,,,,,,3,1,1,1,6
200500038584,0005-06-16 17:15:00,5,6,16,17,15,820,57.0,Grand rue,,,Plein jour,En agglomération,Hors intersection,Temps couvert,Deux véhicules - côté,,,,,,,,,,,1,2,1,8,3
200500038585,0005-06-05 14:45:00,5,6,5,14,45,820,16.0,,44.322,1.07,Plein jour,Hors agglomération,Hors intersection,Normale,Deux véhicules - frontale,,,,,,,,,,,1,1,1,1,1
200500038586,0005-06-09 18:45:00,5,6,9,18,45,820,151.0,,44.331,0.955,Plein jour,Hors agglomération,Hors intersection,Temps éblouissant,Autre collision,,,,,,,,,,,1,1,1,7,6
200500038587,0005-06-11 15:15:00,5,6,11,15,15,820,117.0,,44.347,1.057,Plein jour,Hors agglomération,Hors intersection,Normale,Deux véhicules - frontale,,,,,,,,,,,1,1,1,1,1
200500038588,0005-06-17 20:00:00,5,6,17,20,0,820,117.0,,44.343,1.016,Plein jour,Hors agglomération,Hors intersection,Normale,Autre collision,,,,,,,,,,,1,1,1,1,6
200500038589,0005-06-27 19:30:00,5,6,27,19,30,820,25.0,,43.958,1.293,Plein jour,Hors agglomération,Hors intersection,Normale,Deux véhicules - frontale,,,,,,,,,,,1,1,1,1,1
200500038590,0005-06-04 21:15:00,5,6,4,21,15,820,186.0,,,,Crépuscule ou aube,Hors agglomération,Giratoire,Normale,Autre collision,,,,,,,,,,,2,1,6,1,6
200500038591,0005-06-03 04:00:00,5,6,3,4,0,690,278.0,ROUTE DE TREVOUX,,,Nuit avec éclairage allumé,En agglomération,Hors intersection,Normale,Deux véhicules - frontale,,,,,,,,,,,5,2,1,1,1
200500038592,0005-06-04 14:30:00,5,6,4,14,30,690,163.0,ROUTE DE NEUVILLE,,,Plein jour,En agglomération,Hors intersection,Normale,Deux véhicules - frontale,,,,,,,,,,,1,2,1,1,1
200500038593,0005-06-23 13:00:00,5,6,23,13,0,690,163.0,,,,Plein jour,Hors agglomération,Hors intersection,Normale,Deux véhicules - frontale,,,,,,,,,,,1,1,1,1,1
200500038594,0005-06-25 15:45:00,5,6,25,15,45,690,68.0,,,,Plein jour,En agglomération,Hors intersection,Normale,Deux véhicules - frontale,,,,,,,,,,,1,2,1,1,1
200500038595,0005-06-04 16:45:00,5,6,4,16,45,690,286.0,ROUTE DE GENEVE PK 0.350,,,Plein jour,En agglomération,Hors intersection,Normale,Autre collision,,,,,,,,,,,1,2,1,1,6
200500038596,0005-06-17 16:00:00,5,6,17,16,0,690,100.0,rue de la CELETTE,,,Plein jour,En agglomération,Hors intersection,Normale,Deux véhicules - côté,,,,,,,,,,,1,2,1,1,3
200500038597,0005-06-24 02:45:00,5,6,24,2,45,690,287.0,"route d'Azieu, CD147",,,Nuit avec éclairage allumé,En agglomération,Hors intersection,Normale,Autre collision,,,,,,,,,,,5,2,1,1,6
200500038598,0005-06-02 19:00:00,5,6,2,19,0,690,270.0,,45.63,4.965,Plein jour,Hors agglomération,Hors intersection,Normale,Trois véhicules et plus - collisions multiples,,,,,,,,,,,1,1,1,1,5
200500038599,0005-06-07 17:30:00,5,6,7,17,30,690,177.0,,,,Plein jour,Hors agglomération,Hors intersection,Normale,Deux véhicules - frontale,,,,,,,,,,,1,1,1,1,1
200500038600,0005-06-08 17:30:00,5,6,8,17,30,690,171.0,89 rue du moulin,,,Plein jour,En agglomération,Hors intersection,Normale,Deux véhicules - côté,,,,,,,,,,,1,2,1,1,3
200500038601,0005-06-22 18:20:00,5,6,22,18,20,690,21.0,la brevenne,,,Plein jour,En agglomération,Autre intersection,Normale,Deux véhicules - frontale,,,,,,,,,,,1,2,9,1,1
200500038602,0005-06-26 23:20:00,5,6,26,23,20,690,86.0,RN7 déchetterie,,,Crépuscule ou aube,Hors agglomération,Hors intersection,Normale,Deux véhicules - côté,,,,,,,,,,,2,1,1,1,3
200500038603,0005-06-30 18:35:00,5,6,30,18,35,690,22.0,CD 91,,,Plein jour,En agglomération,Hors intersection,Normale,Deux véhicules - côté,,,,,,,,,,,1,2,1,1,3
200500038604,0005-06-29 17:30:00,5,6,29,17,30,690,238.0,DOMAINE DE LA BARDIERE,,,Plein jour,En agglomération,Hors intersection,Normale,Deux véhicules - frontale,,,,,,,,,,,1,2,1,1,1
200500038605,0005-06-05 22:45:00,5,6,5,22,45,690,131.0,,,,Nuit sans éclairage public,Hors agglomération,Hors intersection,Normale,Deux véhicules - frontale,,,,,,,,,,,3,1,1,1,1
200500038606,0005-06-03 15:45:00,5,6,3,15,45,690,296.0,,,,Plein jour,Hors agglomération,Hors intersection,Normale,Deux véhicules - côté,,,,,,,,,,,1,1,1,1,3
200500038607,0005-06-16 13:00:00,5,6,16,13,0,690,297.0,ROUTE DE GRAVIGNAN,,,Plein jour,En agglomération,Hors intersection,Normale,Deux véhicules - frontale,,,,,,,,,,,1,2,1,1,1
200500038608,0005-06-18 10:15:00,5,6,18,10,15,690,291.0,Place de la bascule,,,Plein jour,En agglomération,Place,Normale,Autre collision,,,,,,,,,,,1,2,7,1,6
200500038609,0005-06-16 07:00:00,5,6,16,7,0,690,241.0,fontaines / blanchardes,,,Plein jour,En agglomération,Hors intersection,Normale,Deux véhicules - côté,,,,,,,,,,,1,2,1,1,3
200500038610,0005-06-29 12:30:00,5,6,29,12,30,690,176.0,,,,Plein jour,Hors agglomération,Hors intersection,Normale,Deux véhicules - frontale,,,,,,,,,,,1,1,1,1,1
200500038611,0005-06-11 08:00:00,5,6,11,8,0,690,74.0,D76 lieu dit le coteau,46.011,4.632,Plein jour,En agglomération,Hors intersection,Normale,Autre collision,,,,,,,,,,,1,2,1,1,6
200500038612,0005-06-07 21:45:00,5,6,7,21,45,690,20.0,,,,Nuit avec éclairage allumé,Hors agglomération,Hors intersection,Normale,Autre collision,,,,,,,,,,,5,1,1,1,6
200500038613,0005-06-18 13:45:00,5,6,18,13,45,690,159.0,pierres folles,,,Nuit avec éclairage allumé,En agglomération,Hors intersection,Normale,Autre collision,,,,,,,,,,,5,2,1,1,6
200500038614,0005-06-02 17:15:00,5,6,2,17,15,690,2.0,,46.28,4.43,Plein jour,Hors agglomération,Hors intersection,Normale,Sans collision,,,,,,,,,,,1,1,1,1,7
200500038615,0005-06-04 04:45:00,5,6,4,4,45,690,36.0,,46.123,4.681,Nuit sans éclairage public,Hors agglomération,Hors intersection,Normale,Autre collision,,,,,,,,,,,3,1,1,1,6
200500038616,0005-06-07 18:30:00,5,6,7,18,30,690,206.0,,46.04,4.72,Plein jour,Hors agglomération,Intersection en X,Normale,Deux véhicules - frontale,,,,,,,,,,,1,1,2,1,1
200500038617,0005-06-17 11:00:00,5,6,17,11,0,690,19.0,,46.11,4.75,Plein jour,Hors agglomération,Hors intersection,Normale,Autre collision,,,,,,,,,,,1,1,1,1,6
200500038618,0005-06-18 14:45:00,5,6,18,14,45,690,19.0,CARREFOUR DE LA RN 6,,,Plein jour,En agglomération,Hors intersection,Normale,Deux véhicules - côté,,,,,,,,,,,1,2,1,1,3
200500038619,0005-06-25 15:00:00,5,6,25,15,0,690,19.0,,,,Plein jour,Hors agglomération,Hors intersection,Normale,Deux véhicules - côté,,,,,,,,,,,1,1,1,1,3
200500038620,0005-06-21 16:00:00,5,6,21,16,0,690,19.0,D.109  AVENUE DE VERDUN,46.1,4.74,Plein jour,En agglomération,Hors intersection,Normale,Deux véhicules - arrière,,,,,,,,,,,1,2,1,1,2
200500038621,0005-06-29 16:00:00,5,6,29,16,0,690,19.0,bd rosselli,,,Plein jour,En agglomération,Hors intersection,Pluie légère,Deux véhicules - frontale,,,,,,,,,,,1,2,1,2,1
200500038622,0005-06-01 05:45:00,5,6,1,5,45,690,50.0,Le Moulin Blanc,,,Crépuscule ou aube,Hors agglomération,Hors intersection,Normale,Sans collision,,,,,,,,,,,2,1,1,1,7
200500038623,0005-06-04 16:15:00,5,6,4,16,15,690,24.0,rue du lombardon,,,Plein jour,En agglomération,Hors intersection,Normale,Sans collision,,,,,,,,,,,1,2,1,1,7
200500038624,0005-06-05 15:45:00,5,6,5,15,45,690,239.0,CD13,,,Plein jour,Hors agglomération,Hors intersection,Normale,Deux véhicules - frontale,,,,,,,,,,,1,1,1,1,1
200500038625,0005-06-27 06:45:00,5,6,27,6,45,690,50.0,,,,Plein jour,Hors agglomération,Hors intersection,Normale,Trois véhicules et plus - en chaîne,,,,,,,,,,,1,1,1,1,4
200500038626,0005-06-01 19:15:00,5,6,1,19,15,690,243.0,ZI DU MORTIER,45.88,4.489,Crépuscule ou aube,En agglomération,Hors intersection,Normale,Autre collision,,,,,,,,,,,2,2,1,1,6
200500038627,0005-06-10 20:45:00,5,6,10,20,45,690,188.0,,45.926,4.475,Plein jour,Hors agglomération,Hors intersection,Normale,Sans collision,,,,,,,,,,,1,1,1,1,7
200500038628,0005-06-13 16:45:00,5,6,13,16,45,690,107.0,,46.041,4.491,Plein jour,Hors agglomération,Hors intersection,Pluie légère,Deux véhicules - côté,,,,,,,,,,,1,1,1,2,3
200500038629,0005-06-22 19:00:00,5,6,22,19,0,690,66.0,,46.097,4.322,Plein jour,En agglomération,Hors intersection,Normale,Deux véhicules - frontale,,,,,,,,,,,1,2,1,1,1
200500038630,0005-06-26 11:45:00,5,6,26,11,45,10,405.0,,,,Plein jour,Hors agglomération,Hors intersection,Normale,Trois véhicules et plus - collisions multiples,,,,,,,,,,,1,1,1,1,5
200500038631,0005-06-30 15:15:00,5,6,30,15,15,10,254.0,,,,Plein jour,Hors agglomération,Hors intersection,Normale,Sans collision,,,,,,,,,,,1,1,1,1,7
200500038632,0005-06-15 22:00:00,5,6,15,22,0,10,241.0,,46.248,5.309,Crépuscule ou aube,Hors agglomération,Hors intersection,Normale,Deux véhicules - frontale,,,,,,,,,,,2,1,1,1,1
200500038633,0005-06-30 23:30:00,5,6,30,23,30,10,241.0,,,,Nuit sans éclairage public,Hors agglomération,Hors intersection,Normale,Deux véhicules - arrière,,,,,,,,,,,3,1,1,1,2
200500038634,0005-06-02 17:30:00,5,6,2,17,30,10,229.0,,,,Plein jour,Hors agglomération,Hors intersection,Normale,Deux véhicules - frontale,,,,,,,,,,,1,1,1,1,1
200500038635,0005-06-16 20:00:00,5,6,16,20,0,10,57.0,,46.412,4.919,Plein jour,En agglomération,Hors intersection,Normale,Deux véhicules - frontale,,,,,,,,,,,1,2,1,1,1
200500038636,0005-06-16 18:30:00,5,6,16,18,30,10,232.0,Avenue de Bourgogne,,,Plein jour,En agglomération,Autre intersection,Normale,Deux véhicules - côté,,,,,,,,,,,1,2,9,1,3
200500038637,0005-06-15 06:45:00,5,6,15,6,45,10,352.0,,46.393,5.019,Crépuscule ou aube,Hors agglomération,Intersection en X,Autre,Deux véhicules - côté,,,,,,,,,,,2,1,2,9,3
200500038638,0005-06-03 15:45:00,5,6,3,15,45,10,304.0,,46.05,5.337,Plein jour,En agglomération,Hors intersection,Normale,Trois véhicules et plus - en chaîne,,,,,,,,,,,1,2,1,1,4
200500038639,0005-06-03 10:00:00,5,6,3,10,0,10,77.0,,46.12,5.452,Plein jour,Hors agglomération,Hors intersection,Normale,Deux véhicules - frontale,,,,,,,,,,,1,1,1,1,1
200500038640,0005-06-20 19:15:00,5,6,20,19,15,10,304.0,RN75,,,Plein jour,En agglomération,Hors intersection,Normale,Deux véhicules - arrière,,,,,,,,,,,1,2,1,1,2
200500038641,0005-06-16 12:30:00,5,6,16,12,30,10,199.0,,,,Plein jour,Hors agglomération,Hors intersection,Normale,Deux véhicules - frontale,,,,,,,,,,,1,1,1,1,1
200500038642,0005-06-28 17:00:00,5,6,28,17,0,10,304.0,RN 75,,,Plein jour,En agglomération,Hors intersection,Normale,Deux véhicules - côté,,,,,,,,,,,1,2,1,1,3
200500038643,0005-06-16 18:00:00,5,6,16,18,0,10,320.0,rue de la Tour,,,Crépuscule ou aube,En agglomération,Place,Temps éblouissant,Deux véhicules - frontale,,,,,,,,,,,2,2,7,7,1
200500038644,0005-06-25 16:30:00,5,6,25,16,30,10,332.0,le Bourg,,,Plein jour,En agglomération,Hors intersection,Normale,Deux véhicules - frontale,,,,,,,,,,,1,2,1,1,1
200500038645,0005-06-27 10:15:00,5,6,27,10,15,10,159.0,CD933,46.337,4.887,Plein jour,En agglomération,Hors intersection,Normale,Trois véhicules et plus - collisions multiples,,,,,,,,,,,1,2,1,1,5
200500038646,0005-06-27 18:30:00,5,6,27,18,30,10,332.0,D28,46.301,4.919,Plein jour,En agglomération,Hors intersection,Normale,Deux véhicules - côté,,,,,,,,,,,1,2,1,1,3
200500038647,0005-06-26 12:15:00,5,6,26,12,15,10,370.0,Rue de la levée,,,Plein jour,En agglomération,Hors intersection,Normale,Deux véhicules - frontale,,,,,,,,,,,1,2,1,1,1
200500038648,0005-06-12 02:15:00,5,6,12,2,15,10,64.0,"lieu dit ""sur plaine""",,,Nuit sans éclairage public,Hors agglomération,Hors intersection,Normale,Autre collision,,,,,,,,,,,3,1,1,1,6
200500038649,0005-06-06 20:00:00,5,6,6,20,0,10,34.0,,,,Plein jour,Hors agglomération,Hors intersection,Normale,Autre collision,,,,,,,,,,,1,1,1,1,6
200500038650,0005-06-10 08:15:00,5,6,10,8,15,10,138.0,,45.865,5.791,Nuit sans éclairage public,Hors agglomération,Hors intersection,Normale,Sans collision,,,,,,,,,,,3,1,1,1,7
200500038651,0005-06-19 17:45:00,5,6,19,17,45,10,316.0,,45.826,5.64,Plein jour,Hors agglomération,Hors intersection,Normale,Deux véhicules - côté,,,,,,,,,,,1,1,1,1,3
200500038652,0005-06-22 19:00:00,5,6,22,19,0,10,138.0,rond point des garçons,,,Plein jour,En agglomération,Giratoire,Normale,Autre collision,,,,,,,,,,,1,2,6,1,6
200500038653,0005-06-10 18:45:00,5,6,10,18,45,10,185.0,RUE DE LA LIBERTE,,,Plein jour,En agglomération,Hors intersection,Normale,Deux véhicules - côté,,,,,,,,,,,1,2,1,1,3
200500038654,0005-06-12 03:00:00,5,6,12,3,0,10,185.0,,,,Nuit sans éclairage public,Hors agglomération,Hors intersection,Normale,Autre collision,,,,,,,,,,,3,1,1,1,6
200500038655,0005-06-18 18:15:00,5,6,18,18,15,10,441.0,,,,Plein jour,Hors agglomération,Hors intersection,Normale,Deux véhicules - côté,,,,,,,,,,,1,1,1,1,3
200500038656,0005-06-03 13:30:00,5,6,3,13,30,10,4.0,,,,Plein jour,En agglomération,Hors intersection,Normale,Deux véhicules - frontale,,,,,,,,,,,1,2,1,1,1
200500038657,0005-06-05 06:30:00,5,6,5,6,30,10,345.0,,,,Plein jour,Hors agglomération,Hors intersection,Normale,Deux véhicules - frontale,,,,,,,,,,,1,1,1,1,1
200500038658,0005-06-06 19:15:00,5,6,6,19,15,10,7.0,,46.02,5.326,Plein jour,Hors agglomération,Hors intersection,Normale,Deux véhicules - frontale,,,,,,,,,,,1,1,1,1,1