accident_id,datetime,annee,mois,jour,heure,minute,departement,commune_insee,adresse,latitude,longitude,luminosite,agglomeration,intersection,meteo,collision,nb_vehicules,nb_usagers,nb_indemnes,nb_tues,nb_blesses_hosp,nb_blesses_legers,age_cond_1,age_cond_2,veh_type_cond_1,veh_type_cond_2,lum_code,agg_code,int_code,atm_code,col_code
200500038659,0005-06-07 07:30:00,5,6,7,7,30,10,202.0,Route de bourg,,,Crépuscule ou aube,En agglomération,Intersection en T,Normale,Deux véhicules - frontale,,,,,,,,,,,2,2,3,1,1
200500038660,0005-06-06 15:00:00,5,6,6,15,0,10,99.0,route de chazey,,,Plein jour,Hors agglomération,Hors intersection,Normale,Autre collision,,,,,,,,,,,1,1,1,1,6
200500038661,0005-06-13 20:45:00,5,6,13,20,45,10,444.0,route de Bouis,45.859,5.434,Plein jour,En agglomération,Hors intersection,Normale,Sans collision,,,,,,,,,,,1,2,1,1,7
200500038662,0005-06-26 01:35:00,5,6,26,1,35,10,345.0,RN 75,,,Nuit sans éclairage public,Hors agglomération,Hors intersection,Normale,Autre collision,,,,,,,,,,,3,1,1,1,6
200500038663,0005-06-26 15:30:00,5,6,26,15,30,10,403.0,route du point vert,,,Plein jour,Hors agglomération,Hors intersection,Normale,Deux véhicules - frontale,,,,,,,,,,,1,1,1,1,1
200500038664,0005-06-27 17:45:00,5,6,27,17,45,10,4.0,Avenue de la Libération,,,Plein jour,En agglomération,Hors intersection,Normale,Trois véhicules et plus - en chaîne,,,,,,,,,,,1,2,1,1,4
200500038665,0005-06-13 17:45:00,5,6,13,17,45,10,390.0,,,,Plein jour,Hors agglomération,Hors intersection,Pluie légère,Deux véhicules - côté,,,,,,,,,,,1,1,1,2,3
200500038666,0005-06-17 23:45:00,5,6,17,23,45,10,274.0,Route de GENEVE,46.145,5.633,Nuit avec éclairage allumé,En agglomération,Hors intersection,Normale,Deux véhicules - frontale,,,,,,,,,,,5,2,1,1,1
200500038667,0005-06-07 08:00:00,5,6,7,8,0,10,33.0,Route de VOUVRAY,,,Plein jour,En agglomération,Hors intersection,Normale,Autre collision,,,,,,,,,,,1,2,1,1,6
200500038668,0005-06-18 16:45:00,5,6,18,16,45,10,91.0,,,,Plein jour,Hors agglomération,Hors intersection,Normale,Deux véhicules - côté,,,,,,,,,,,1,1,1,1,3
200500038669,0005-06-25 00:45:00,5,6,25,0,45,10,247.0,Les Sept Fontaines,46.325,5.956,Nuit sans éclairage public,En agglomération,Hors intersection,Brouillard / fumée,Sans collision,,,,,,,,,,,3,2,1,5,7
200500038670,0005-06-22 13:45:00,5,6,22,13,45,10,419.0,RUE DE LA GARE,,,Plein jour,En agglomération,Hors intersection,Normale,Deux véhicules - frontale,,,,,,,,,,,1,2,1,1,1
200500038671,0005-06-28 10:45:00,5,6,28,10,45,10,354.0,,,,Plein jour,Hors agglomération,Hors intersection,Normale,Deux véhicules - côté,,,,,,,,,,,1,1,1,1,3
200500038672,0005-06-22 10:00:00,5,6,22,10,0,10,285.0,,45.922,4.816,Plein jour,Hors agglomération,Hors intersection,Temps éblouissant,Deux véhicules - côté,,,,,,,,,,,1,1,1,7,3
200500038673,0005-06-27 17:15:00,5,6,27,17,15,10,427.0,RD 933 RUE BOLLET,,,Plein jour,En agglomération,Hors intersection,Normale,Deux véhicules - frontale,,,,,,,,,,,1,2,1,1,1
200500038674,0005-06-12 19:00:00,5,6,12,19,0,10,92.0,,,,Plein jour,Hors agglomération,Hors intersection,Normale,Deux véhicules - côté,,,,,,,,,,,1,1,1,1,3
200500038675,0005-06-19 17:30:00,5,6,19,17,30,10,383.0,,,,Plein jour,Hors agglomération,Hors intersection,Normale,Deux véhicules - arrière,,,,,,,,,,,1,1,1,1,2
200500038676,0005-06-05 06:00:00,5,6,5,6,0,10,93.0,,46.18,5.065,Crépuscule ou aube,Hors agglomération,Hors intersection,Normale,Autre collision,,,,,,,,,,,2,1,1,1,6
200500038677,0005-06-28 14:45:00,5,6,28,14,45,10,457.0,,,,Plein jour,Hors agglomération,Hors intersection,Normale,Autre collision,,,,,,,,,,,1,1,1,1,6
200500038678,0005-06-19 16:45:00,5,6,19,16,45,10,260.0,,45.931,5.042,Plein jour,Hors agglomération,Hors intersection,Normale,Deux véhicules - côté,,,,,,,,,,,1,1,1,1,3
200500038679,0005-06-03 16:45:00,5,6,3,16,45,10,27.0,,,,Plein jour,Hors agglomération,Giratoire,Normale,Deux véhicules - côté,,,,,,,,,,,1,1,6,1,3
200500038680,0005-06-20 12:20:00,5,6,20,12,20,10,333.0,Route de Trévoux,,,Plein jour,En agglomération,Hors intersection,Normale,Deux véhicules - frontale,,,,,,,,,,,1,2,1,1,1
200500038681,0005-06-25 11:30:00,5,6,25,11,30,10,207.0,,,,Plein jour,Hors agglomération,Hors intersection,Normale,Autre collision,,,,,,,,,,,1,1,1,1,6
200500038682,0005-06-01 14:45:00,5,6,1,14,45,10,157.0,,,,Plein jour,Hors agglomération,Hors intersection,Normale,Deux véhicules - frontale,,,,,,,,,,,1,1,1,1,1
200500038683,0005-06-16 20:15:00,5,6,16,20,15,10,351.0,,,,Plein jour,Hors agglomération,Hors intersection,Normale,Sans collision,,,,,,,,,,,1,1,1,1,7
200500038684,0005-06-21 10:00:00,5,6,21,10,0,10,258.0,CD 933,46.092,4.769,Plein jour,Hors agglomération,Intersection en X,Normale,Deux véhicules - côté,,,,,,,,,,,1,1,2,1,3
200500038685,0005-06-25 23:15:00,5,6,25,23,15,10,389.0,,,,Nuit sans éclairage public,Hors agglomération,Hors intersection,Normale,Deux véhicules - frontale,,,,,,,,,,,3,1,1,1,1
200500038686,0005-06-27 23:30:00,5,6,27,23,30,70,295.0,,,,Nuit sans éclairage public,Hors agglomération,Hors intersection,Normale,Autre collision,,,,,,,,,,,3,1,1,1,6
200500038687,0005-06-04 09:15:00,5,6,4,9,15,70,346.0,,,,Plein jour,Hors agglomération,Hors intersection,Normale,Autre collision,,,,,,,,,,,1,1,1,1,6
200500038688,0005-06-04 23:30:00,5,6,4,23,30,70,346.0,,44.477,4.688,Nuit sans éclairage public,Hors agglomération,Hors intersection,Normale,Deux véhicules - frontale,,,,,,,,,,,3,1,1,1,1
200500038689,0005-06-29 23:30:00,5,6,29,23,30,70,191.0,,,,Nuit sans éclairage public,Hors agglomération,Hors intersection,Normale,Deux véhicules - frontale,,,,,,,,,,,3,1,1,1,1
200500038690,0005-06-22 09:45:00,5,6,22,9,45,70,27.0,QUARTIER DE LA RAMPE,44.829,4.798,Plein jour,En agglomération,Hors intersection,Normale,Deux véhicules - frontale,,,,,,,,,,,1,2,1,1,1
200500038691,0005-06-21 14:15:00,5,6,21,14,15,70,134.0,prends toi garde,44.509,4.307,Plein jour,En agglomération,Hors intersection,Normale,Deux véhicules - frontale,,,,,,,,,,,1,2,1,1,1
200500038692,0005-06-24 13:30:00,5,6,24,13,30,70,132.0,,,,Plein jour,Hors agglomération,Hors intersection,Normale,Deux véhicules - côté,,,,,,,,,,,1,1,1,1,3
200500038693,0005-06-28 01:45:00,5,6,28,1,45,70,327.0,,44.525,4.336,Nuit sans éclairage public,Hors agglomération,Hors intersection,Normale,Sans collision,,,,,,,,,,,3,1,1,1,7
200500038694,0005-06-10 16:45:00,5,6,10,16,45,70,153.0,,44.678,4.097,Plein jour,Hors agglomération,Hors intersection,Normale,Deux véhicules - côté,,,,,,,,,,,1,1,1,1,3
200500038695,0005-06-18 13:00:00,5,6,18,13,0,70,235.0,,44.856,4.19,Plein jour,Hors agglomération,Hors intersection,Normale,Sans collision,,,,,,,,,,,1,1,1,1,7
200500038696,0005-06-19 17:30:00,5,6,19,17,30,70,130.0,,44.76,3.973,Plein jour,Hors agglomération,Hors intersection,Normale,Deux véhicules - frontale,,,,,,,,,,,1,1,1,1,1
200500038697,0005-06-12 15:30:00,5,6,12,15,30,70,127.0,,44.66,4.31,Plein jour,En agglomération,Hors intersection,Normale,Autre collision,,,,,,,,,,,1,2,1,1,6
200500038698,0005-06-13 04:15:00,5,6,13,4,15,70,156.0,LE GUA,44.69,4.28,Nuit sans éclairage public,En agglomération,Hors intersection,Pluie légère,Autre collision,,,,,,,,,,,3,2,1,2,6
200500038699,0005-06-17 15:00:00,5,6,17,15,0,70,200.0,PONT DE FONTOLIERE,44.74,4.16,Plein jour,En agglomération,Hors intersection,Normale,Deux véhicules - arrière,,,,,,,,,,,1,2,1,1,2
200500038700,0005-06-19 16:00:00,5,6,19,16,0,70,178.0,,44.65,4.3,Plein jour,Hors agglomération,Hors intersection,Temps éblouissant,Autre collision,,,,,,,,,,,1,1,1,7,6
200500038701,0005-06-22 15:00:00,5,6,22,15,0,70,200.0,,,,Plein jour,Hors agglomération,Hors intersection,Normale,Autre collision,,,,,,,,,,,1,1,1,1,6
200500038702,0005-06-25 18:15:00,5,6,25,18,15,70,322.0,RN 102,44.67,4.21,Plein jour,En agglomération,Hors intersection,Temps éblouissant,Autre collision,,,,,,,,,,,1,2,1,7,6
200500038703,0005-06-10 15:30:00,5,6,10,15,30,70,328.0,,44.366,4.371,Plein jour,Hors agglomération,Hors intersection,Normale,Sans collision,,,,,,,,,,,1,1,1,1,7
200500038704,0005-06-01 17:00:00,5,6,1,17,0,70,86.0,quartier cremollieres,,,Plein jour,En agglomération,Hors intersection,Normale,Deux véhicules - frontale,,,,,,,,,,,1,2,1,1,1
200500038705,0005-06-03 17:00:00,5,6,3,17,0,70,267.0,,44.865,4.274,Plein jour,Hors agglomération,Hors intersection,Normale,Sans collision,,,,,,,,,,,1,1,1,1,7
200500038706,0005-06-19 02:45:00,5,6,19,2,45,70,150.0,Le pont de fromentière,,,Nuit avec éclairage non allumé,En agglomération,Hors intersection,Normale,Autre collision,,,,,,,,,,,4,2,1,1,6
200500038707,0005-06-19 10:45:00,5,6,19,10,45,70,84.0,,45.172,4.764,Plein jour,Hors agglomération,Hors intersection,Normale,Sans collision,,,,,,,,,,,1,1,1,1,7
200500038708,0005-06-19 13:00:00,5,6,19,13,0,70,285.0,,45.113,4.47,Plein jour,Hors agglomération,Hors intersection,Normale,Sans collision,,,,,,,,,,,1,1,1,1,7
200500038709,0005-06-25 13:00:00,5,6,25,13,0,70,205.0,VOIE COMMUNALE 5,45.189,4.656,Plein jour,Hors agglomération,Hors intersection,Normale,Deux véhicules - frontale,,,,,,,,,,,1,1,1,1,1
200500038710,0005-06-11 20:30:00,5,6,11,20,30,260,206.0,Rue Docteur Nivière,,,Plein jour,En agglomération,Intersection en X,Normale,Deux véhicules - côté,,,,,,,,,,,1,2,2,1,3
200500038711,0005-06-26 21:00:00,5,6,26,21,0,260,212.0,centre ville,,,Crépuscule ou aube,En agglomération,Giratoire,Normale,Deux véhicules - frontale,,,,,,,,,,,2,2,6,1,1
200500038712,0005-06-04 05:00:00,5,6,4,5,0,260,115.0,,,,Crépuscule ou aube,Hors agglomération,Hors intersection,Normale,Sans collision,,,,,,,,,,,2,1,1,1,7
200500038713,0005-06-09 22:00:00,5,6,9,22,0,260,108.0,Quai de Verdun,,,Nuit avec éclairage allumé,En agglomération,Hors intersection,Normale,Autre collision,,,,,,,,,,,5,2,1,1,6
200500038714,0005-06-24 18:15:00,5,6,24,18,15,260,115.0,,,,Plein jour,Hors agglomération,Hors intersection,Normale,Deux véhicules - frontale,,,,,,,,,,,1,1,1,1,1
200500038715,0005-06-24 22:40:00,5,6,24,22,40,260,11.0,,,,Nuit sans éclairage public,Hors agglomération,Hors intersection,Normale,Deux véhicules - côté,,,,,,,,,,,3,1,1,1,3
200500038716,0005-06-08 07:45:00,5,6,8,7,45,260,37.0,,44.871,4.957,Crépuscule ou aube,Hors agglomération,Hors intersection,Normale,Deux véhicules - frontale,,,,,,,,,,,2,1,1,1,1
200500038717,0005-06-21 18:00:00,5,6,21,18,0,260,166.0,,,,Plein jour,Hors agglomération,Hors intersection,Normale,Deux véhicules - frontale,,,,,,,,,,,1,1,1,1,1
200500038718,0005-06-14 14:15:00,5,6,14,14,15,260,204.0,,44.64,5.427,Plein jour,Hors agglomération,Hors intersection,Normale,Sans collision,,,,,,,,,,,1,1,1,1,7
200500038719,0005-06-08 16:30:00,5,6,8,16,30,260,339.0,,,,Plein jour,Hors agglomération,Hors intersection,Normale,Trois véhicules et plus - collisions multiples,,,,,,,,,,,1,1,1,1,5
200500038720,0005-06-30 16:45:00,5,6,30,16,45,260,339.0,,44.627,4.763,Plein jour,Hors agglomération,Hors intersection,Normale,Deux véhicules - frontale,,,,,,,,,,,1,1,1,1,1
200500038721,0005-06-01 23:45:00,5,6,1,23,45,260,227.0,,,,Nuit sans éclairage public,Hors agglomération,Hors intersection,Normale,Autre collision,,,,,,,,,,,3,1,1,1,6
200500038722,0005-06-13 13:00:00,5,6,13,13,0,260,264.0,,,,Plein jour,Hors agglomération,Hors intersection,Normale,Sans collision,,,,,,,,,,,1,1,1,1,7
200500038723,0005-06-17 14:15:00,5,6,17,14,15,260,105.0,le village,,,Plein jour,En agglomération,Hors intersection,Normale,Autre collision,,,,,,,,,,,1,2,1,1,6
200500038724,0005-06-01 21:00:00,5,6,1,21,0,260,88.0,"quartier ""les vidaux""",,,Crépuscule ou aube,Hors agglomération,Hors intersection,Normale,Autre collision,,,,,,,,,,,2,1,1,1,6
200500038725,0005-06-03 22:15:00,5,6,3,22,15,260,88.0,2 rue Marcel BATELIER,,,Nuit avec éclairage allumé,En agglomération,Hors intersection,Normale,Deux véhicules - frontale,,,,,,,,,,,5,2,1,1,1
200500038726,0005-06-12 00:30:00,5,6,12,0,30,260,231.0,CD 538,,,Nuit avec éclairage allumé,En agglomération,Hors intersection,Normale,Deux véhicules - côté,,,,,,,,,,,5,2,1,1,3
200500038727,0005-06-26 19:30:00,5,6,26,19,30,260,84.0,,,,Plein jour,Hors agglomération,Hors intersection,Normale,Deux véhicules - côté,,,,,,,,,,,1,1,1,1,3
200500038728,0005-06-30 19:30:00,5,6,30,19,30,260,139.0,Montée St Christophe,,,Plein jour,En agglomération,Hors intersection,Normale,Deux véhicules - frontale,,,,,,,,,,,1,2,1,1,1
200500038729,0005-06-27 22:15:00,5,6,27,22,15,260,330.0,quartier MARGUERIES,,,Nuit sans éclairage public,Hors agglomération,Hors intersection,Normale,Deux véhicules - côté,,,,,,,,,,,3,1,1,1,3
200500038730,0005-06-12 22:15:00,5,6,12,22,15,260,380.0,,,,Nuit sans éclairage public,Hors agglomération,Hors intersection,Normale,Sans collision,,,,,,,,,,,3,1,1,1,7
200500038731,0005-06-22 17:15:00,5,6,22,17,15,260,179.0,rn 95,,,Plein jour,En agglomération,Hors intersection,Normale,Deux véhicules - côté,,,,,,,,,,,1,2,1,1,3
200500038732,0005-06-25 10:00:00,5,6,25,10,0,260,347.0,avenue Président Rooseve,,,Plein jour,En agglomération,Hors intersection,Normale,Deux véhicules - frontale,,,,,,,,,,,1,2,1,1,1
200500038733,0005-06-20 07:45:00,5,6,20,7,45,380,175.0,,45.272,5.911,Plein jour,Hors agglomération,Hors intersection,Normale,Deux véhicules - frontale,,,,,,,,,,,1,1,1,1,1
200500038734,0005-06-27 18:00:00,5,6,27,18,0,380,317.0,Avenue Maquis de l'Oisan,,,Plein jour,En agglomération,Hors intersection,Normale,Deux véhicules - côté,,,,,,,,,,,1,2,1,1,3
200500038735,0005-06-02 17:00:00,5,6,2,17,0,380,75.0,,,,Plein jour,Hors agglomération,Hors intersection,Normale,Deux véhicules - côté,,,,,,,,,,,1,1,1,1,3
200500038736,0005-06-03 10:30:00,5,6,3,10,30,380,314.0,CD523A,45.435,6.004,Plein jour,En agglomération,Hors intersection,Normale,Deux véhicules - côté,,,,,,,,,,,1,2,1,1,3
200500038737,0005-06-08 19:30:00,5,6,8,19,30,380,314.0,CD523A,45.436,6.004,Plein jour,En agglomération,Hors intersection,Normale,Deux véhicules - côté,,,,,,,,,,,1,2,1,1,3
200500038738,0005-06-26 10:00:00,5,6,26,10,0,380,6.0,,,,Plein jour,Hors agglomération,Hors intersection,Normale,Deux véhicules - côté,,,,,,,,,,,1,1,1,1,3
200500038739,0005-06-04 19:30:00,5,6,4,19,30,380,155.0,Rue de la Tournette,,,Crépuscule ou aube,En agglomération,Hors intersection,Normale,Deux véhicules - frontale,,,,,,,,,,,2,2,1,1,1
200500038740,0005-06-16 01:30:00,5,6,16,1,30,380,565.0,avenue Honoré de Balzac,,,Nuit avec éclairage allumé,En agglomération,Hors intersection,Normale,Autre collision,,,,,,,,,,,5,2,1,1,6
200500038741,0005-06-29 07:30:00,5,6,29,7,30,380,565.0,rue des tilleuils,,,Plein jour,En agglomération,Hors intersection,Normale,Autre collision,,,,,,,,,,,1,2,1,1,6
200500038742,0005-06-04 17:30:00,5,6,4,17,30,380,329.0,RN85,44.841,5.879,Plein jour,En agglomération,Hors intersection,Normale,Deux véhicules - côté,,,,,,,,,,,1,2,1,1,3
200500038743,0005-06-13 15:00:00,5,6,13,15,0,380,518.0,LE VILLAGE,44.903,5.903,Plein jour,En agglomération,Hors intersection,Normale,Autre collision,,,,,,,,,,,1,2,1,1,6
200500038744,0005-06-16 05:10:00,5,6,16,5,10,380,242.0,Col du Fau,,,Crépuscule ou aube,Hors agglomération,Hors intersection,Normale,Deux véhicules - côté,,,,,,,,,,,2,1,1,1,3
200500038745,0005-06-21 07:15:00,5,6,21,7,15,380,429.0,,,,Plein jour,Hors agglomération,Hors intersection,Normale,Sans collision,,,,,,,,,,,1,1,1,1,7
200500038746,0005-06-26 10:45:00,5,6,26,10,45,380,424.0,,,,Plein jour,Hors agglomération,Intersection en T,Normale,Deux véhicules - côté,,,,,,,,,,,1,1,3,1,3
200500038747,0005-06-11 17:45:00,5,6,11,17,45,380,388.0,Rue des Isles,45.053,5.707,Plein jour,En agglomération,Autre intersection,Normale,Autre collision,,,,,,,,,,,1,2,9,1,6
200500038748,0005-06-01 20:00:00,5,6,1,20,0,380,394.0,,,,Plein jour,Hors agglomération,Hors intersection,Normale,Autre collision,,,,,,,,,,,1,1,1,1,6
200500038749,0005-06-02 05:45:00,5,6,2,5,45,380,416.0,PLACE LACOMBE MALOC,,,Plein jour,En agglomération,Intersection en T,Normale,Deux véhicules - côté,,,,,,,,,,,1,2,3,1,3
200500038750,0005-06-19 15:00:00,5,6,19,15,0,380,319.0,,,,Plein jour,Hors agglomération,Hors intersection,Normale,Deux véhicules - côté,,,,,,,,,,,1,1,1,1,3
200500038751,0005-06-22 11:15:00,5,6,22,11,15,380,95.0,,45.14,5.294,Plein jour,Hors agglomération,Hors intersection,Normale,Deux véhicules - côté,,,,,,,,,,,1,1,1,1,3
200500038752,0005-06-30 10:00:00,5,6,30,10,0,380,495.0,MONTEE DES MARRONNIERS,45.123,5.285,Plein jour,En agglomération,Hors intersection,Normale,Deux véhicules - côté,,,,,,,,,,,1,2,1,1,3
200500038753,0005-06-30 18:30:00,5,6,30,18,30,380,409.0,,45.081,5.277,Plein jour,Hors agglomération,Hors intersection,Autre,Autre collision,,,,,,,,,,,1,1,1,9,6
200500038754,0005-06-07 07:15:00,5,6,7,7,15,380,239.0,30 route de GRENOBLE,,,Plein jour,En agglomération,Hors intersection,Normale,Deux véhicules - côté,,,,,,,,,,,1,2,1,1,3
200500038755,0005-06-05 18:15:00,5,6,5,18,15,380,218.0,CD 519,45.343,5.183,Plein jour,En agglomération,Intersection en T,Normale,Deux véhicules - frontale,,,,,,,,,,,1,2,3,1,1
200500038756,0005-06-02 19:00:00,5,6,2,19,0,380,523.0,,45.224,5.347,Plein jour,Hors agglomération,Hors intersection,Normale,Deux véhicules - frontale,,,,,,,,,,,1,1,1,1,1
200500038757,0005-06-14 16:30:00,5,6,14,16,30,380,33.0,,45.187,5.408,Plein jour,Hors agglomération,Intersection en X,Pluie légère,Deux véhicules - côté,,,,,,,,,,,1,1,2,2,3
200500038758,0005-06-22 09:30:00,5,6,22,9,30,380,374.0,,45.646,5.386,Plein jour,Hors agglomération,Hors intersection,Normale,Deux véhicules - arrière,,,,,,,,,,,1,1,1,1,2
200500038759,0005-06-08 13:30:00,5,6,8,13,30,380,554.0,,45.723,5.228,Plein jour,Hors agglomération,Intersection en X,Normale,Deux véhicules - côté,,,,,,,,,,,1,1,2,1,3
200500038760,0005-06-01 23:30:00,5,6,1,23,30,380,247.0,Rue du rhone,45.821,5.411,Nuit avec éclairage allumé,En agglomération,Hors intersection,Normale,Autre collision,,,,,,,,,,,5,2,1,1,6
200500038761,0005-06-12 01:15:00,5,6,12,1,15,380,135.0,,45.719,5.4,Nuit sans éclairage public,Hors agglomération,Hors intersection,Normale,Autre collision,,,,,,,,,,,3,1,1,1,6
200500038762,0005-06-23 14:00:00,5,6,23,14,0,380,247.0,,45.82,5.397,Plein jour,Hors agglomération,Hors intersection,Normale,Sans collision,,,,,,,,,,,1,1,1,1,7
200500038763,0005-06-29 18:30:00,5,6,29,18,30,380,135.0,,45.768,5.404,Plein jour,Hors agglomération,Hors intersection,Pluie légère,Autre collision,,,,,,,,,,,1,1,1,2,6
200500038764,0005-06-10 20:00:00,5,6,10,20,0,380,22.0,960 rue du chamolet,45.64,5.561,Plein jour,En agglomération,Hors intersection,Normale,Deux véhicules - frontale,,,,,,,,,,,1,2,1,1,1
200500038765,0005-06-12 19:15:00,5,6,12,19,15,380,12.0,route de BELLEY,45.592,5.611,Plein jour,En agglomération,Hors intersection,Normale,Deux véhicules - frontale,,,,,,,,,,,1,2,1,1,1
200500038766,0005-06-14 08:45:00,5,6,14,8,45,380,14.0,Route de la gare,45.722,5.423,Plein jour,En agglomération,Hors intersection,Pluie légère,Sans collision,,,,,,,,,,,1,2,1,2,7
200500038767,0005-06-11 12:30:00,5,6,11,12,30,380,256.0,,45.504,5.594,Plein jour,Hors agglomération,Hors intersection,Normale,Deux véhicules - côté,,,,,,,,,,,1,1,1,1,3
200500038768,0005-06-28 07:00:00,5,6,28,7,0,380,104.0,cd 592 - cd 82,45.58,5.604,Plein jour,En agglomération,Hors intersection,Normale,Deux véhicules - côté,,,,,,,,,,,1,2,1,1,3
200500038769,0005-06-15 13:45:00,5,6,15,13,45,380,162.0,,,,Plein jour,Hors agglomération,Hors intersection,Normale,Deux véhicules - frontale,,,,,,,,,,,1,1,1,1,1
200500038770,0005-06-16 11:30:00,5,6,16,11,30,440,35.0,,,,Plein jour,Hors agglomération,Hors intersection,Normale,Deux véhicules - côté,,,,,,,,,,,1,1,1,1,3
200500038771,0005-06-02 17:00:00,5,6,2,17,0,380,336.0,,45.497,4.829,Plein jour,Hors agglomération,Hors intersection,Normale,Trois véhicules et plus - collisions multiples,,,,,,,,,,,1,1,1,1,5
200500038772,0005-06-14 19:30:00,5,6,14,19,30,380,215.0,,,,Plein jour,Hors agglomération,Hors intersection,Normale,Sans collision,,,,,,,,,,,1,1,1,1,7
200500038773,0005-06-21 19:30:00,5,6,21,19,30,380,487.0,CD4 E,,,Crépuscule ou aube,Hors agglomération,Hors intersection,Normale,Deux véhicules - frontale,,,,,,,,,,,2,1,1,1,1
200500038774,0005-06-21 20:45:00,5,6,21,20,45,380,87.0,CD4 AVE FREDERIC MISTRAL,,,Crépuscule ou aube,En agglomération,Hors intersection,Normale,Autre collision,,,,,,,,,,,2,2,1,1,6
200500038775,0005-06-13 14:00:00,5,6,13,14,0,380,130.0,Rond point des six route,45.398,5.261,Plein jour,En agglomération,Hors intersection,Normale,Deux véhicules - arrière,,,,,,,,,,,1,2,1,1,2
200500038776,0005-06-17 18:30:00,5,6,17,18,30,380,69.0,,,,Plein jour,Hors agglomération,Intersection en X,Normale,Deux véhicules - côté,,,,,,,,,,,1,1,2,1,3
200500038777,0005-06-18 02:30:00,5,6,18,2,30,380,284.0,,45.404,5.212,Nuit sans éclairage public,Hors agglomération,Intersection en X,Normale,Deux véhicules - côté,,,,,,,,,,,3,1,2,1,3
200500038778,0005-06-18 19:00:00,5,6,18,19,0,380,479.0,,,,Plein jour,Hors agglomération,Intersection en X,Normale,Deux véhicules - côté,,,,,,,,,,,1,1,2,1,3
200500038779,0005-06-12 16:00:00,5,6,12,16,0,380,49.0,CHEMIN DU GRAND BOSSIEU,45.422,5.147,Plein jour,En agglomération,Hors intersection,Normale,Autre collision,,,,,,,,,,,1,2,1,1,6
200500038780,0005-06-27 20:30:00,5,6,27,20,30,380,69.0,,45.457,5.291,Plein jour,Hors agglomération,Hors intersection,Normale,Deux véhicules - côté,,,,,,,,,,,1,1,1,1,3
200500038781,0005-06-15 17:05:00,5,6,15,17,5,380,144.0,lieudit La plaine CD 518,,,Plein jour,Hors agglomération,Hors intersection,Normale,Deux véhicules - arrière,,,,,,,,,,,1,1,1,1,2
200500038782,0005-06-24 12:45:00,5,6,24,12,45,380,519.0,,,,Plein jour,Hors agglomération,Hors intersection,Normale,Deux véhicules - côté,,,,,,,,,,,1,1,1,1,3
200500038783,0005-06-26 20:15:00,5,6,26,20,15,380,152.0,RN 85 ECLOSE,45.504,5.302,Plein jour,En agglomération,Hors intersection,Normale,Deux véhicules - côté,,,,,,,,,,,1,2,1,1,3
200500038784,0005-06-29 20:50:00,5,6,29,20,50,380,288.0,Les Cabannes,,,Plein jour,Hors agglomération,Hors intersection,Normale,Deux véhicules - arrière,,,,,,,,,,,1,1,1,1,2
200500038785,0005-06-05 12:30:00,5,6,5,12,30,380,97.0,,45.77,5.197,Plein jour,Hors agglomération,Giratoire,Normale,Deux véhicules - frontale,,,,,,,,,,,1,1,6,1,1
200500038786,0005-06-17 16:15:00,5,6,17,16,15,380,349.0,,45.34,4.778,Plein jour,Hors agglomération,Hors intersection,Normale,Deux véhicules - frontale,,,,,,,,,,,1,1,1,1,1
200500038787,0005-06-04 02:45:00,5,6,4,2,45,380,449.0,,,,Nuit sans éclairage public,Hors agglomération,Hors intersection,Normale,Sans collision,,,,,,,,,,,3,1,1,1,7
200500038788,0005-06-17 09:30:00,5,6,17,9,30,380,449.0,,,,Plein jour,Hors agglomération,Hors intersection,Normale,Trois véhicules et plus - collisions multiples,,,,,,,,,,,1,1,1,1,5
200500038789,0005-06-04 20:15:00,5,6,4,20,15,420,139.0,,,,Plein jour,Hors agglomération,Hors intersection,Normale,Autre collision,,,,,,,,,,,1,1,1,1,6
200500038790,0005-06-29 18:15:00,5,6,29,18,15,420,28.0,,45.27,4.58,Plein jour,Hors agglomération,Hors intersection,Temps couvert,Sans collision,,,,,,,,,,,1,1,1,8,7
200500038791,0005-06-09 02:00:00,5,6,9,2,0,420,97.0,,45.512,4.297,Nuit sans éclairage public,Hors agglomération,Hors intersection,Normale,Sans collision,,,,,,,,,,,3,1,1,1,7
200500038792,0005-06-20 12:30:00,5,6,20,12,30,420,46.0,,,,Plein jour,Hors agglomération,Intersection en X,Normale,Deux véhicules - côté,,,,,,,,,,,1,1,2,1,3
200500038793,0005-06-22 18:45:00,5,6,22,18,45,420,87.0,,45.607,4.062,Plein jour,Hors agglomération,Hors intersection,Normale,Autre collision,,,,,,,,,,,1,1,1,1,6
200500038794,0005-06-28 09:00:00,5,6,28,9,0,420,290.0,,,,Plein jour,Hors agglomération,Hors intersection,Normale,Deux véhicules - frontale,,,,,,,,,,,1,1,1,1,1
200500038795,0005-06-23 18:15:00,5,6,23,18,15,420,304.0,ROUTE D EPELUY,45.554,4.189,Plein jour,En agglomération,Hors intersection,Normale,Autre collision,,,,,,,,,,,1,2,1,1,6