accident_id,datetime,annee,mois,jour,heure,minute,departement,commune_insee,adresse,latitude,longitude,luminosite,agglomeration,intersection,meteo,collision,nb_vehicules,nb_usagers,nb_indemnes,nb_tues,nb_blesses_hosp,nb_blesses_legers,age_cond_1,age_cond_2,veh_type_cond_1,veh_type_cond_2,lum_code,agg_code,int_code,atm_code,col_code
200500038796,0005-06-13 15:15:00,5,6,13,15,15,420,134.0,,,,Plein jour,Hors agglomération,Hors intersection,Normale,Deux véhicules - frontale,,,,,,,,,,,1,1,1,1,1
200500038797,0005-06-12 17:15:00,5,6,12,17,15,420,291.0,,45.833,3.86,Plein jour,Hors agglomération,Hors intersection,Normale,Autre collision,,,,,,,,,,,1,1,1,1,6
200500038798,0005-06-09 07:15:00,5,6,9,7,15,420,251.0,,,,Plein jour,Hors agglomération,Hors intersection,Normale,Trois véhicules et plus - collisions multiples,,,,,,,,,,,1,1,1,1,5
200500038799,0005-06-04 16:30:00,5,6,4,16,30,420,140.0,,45.488,4.043,Plein jour,Hors agglomération,Hors intersection,Normale,Deux véhicules - frontale,,,,,,,,,,,1,1,1,1,1
200500038800,0005-06-01 17:15:00,5,6,1,17,15,420,43.0,rue charles de gaulle,,,Plein jour,En agglomération,Hors intersection,Normale,Autre collision,,,,,,,,,,,1,2,1,1,6
200500038801,0005-06-12 19:00:00,5,6,12,19,0,420,138.0,,,,Plein jour,Hors agglomération,Hors intersection,Normale,Deux véhicules - frontale,,,,,,,,,,,1,1,1,1,1
200500038802,0005-06-17 17:00:00,5,6,17,17,0,420,222.0,,,,Plein jour,Hors agglomération,Hors intersection,Normale,Deux véhicules - frontale,,,,,,,,,,,1,1,1,1,1
200500038803,0005-06-24 12:10:00,5,6,24,12,10,420,59.0,rue de Chevrières,,,Plein jour,En agglomération,Intersection en X,Normale,Deux véhicules - côté,,,,,,,,,,,1,2,2,1,3
200500038804,0005-06-26 10:00:00,5,6,26,10,0,420,200.0,CD 16,,,Plein jour,Hors agglomération,Hors intersection,Normale,Deux véhicules - frontale,,,,,,,,,,,1,1,1,1,1
200500038805,0005-06-15 08:45:00,5,6,15,8,45,420,64.0,,45.463,4.688,Plein jour,Hors agglomération,Hors intersection,Normale,Deux véhicules - frontale,,,,,,,,,,,1,1,1,1,1
200500038806,0005-06-22 12:45:00,5,6,22,12,45,420,168.0,,45.42,4.686,Plein jour,En agglomération,Hors intersection,Normale,Deux véhicules - frontale,,,,,,,,,,,1,2,1,1,1
200500038807,0005-06-19 09:15:00,5,6,19,9,15,420,331.0,,,,Plein jour,Hors agglomération,Hors intersection,Normale,Deux véhicules - côté,,,,,,,,,,,1,1,1,1,3
200500038808,0005-06-21 11:15:00,5,6,21,11,15,420,331.0,,,,Plein jour,Hors agglomération,Hors intersection,Normale,Sans collision,,,,,,,,,,,1,1,1,1,7
200500038809,0005-06-01 18:00:00,5,6,1,18,0,420,161.0,,45.981,4.15,Plein jour,Hors agglomération,Hors intersection,Normale,Sans collision,,,,,,,,,,,1,1,1,1,7
200500038810,0005-06-17 09:30:00,5,6,17,9,30,420,11.0,RUE CLAUDIUS ROCHE,45.82,4.19,Plein jour,En agglomération,Hors intersection,Normale,Sans collision,,,,,,,,,,,1,2,1,1,7
200500038811,0005-06-24 12:15:00,5,6,24,12,15,420,128.0,,,,Plein jour,Hors agglomération,Hors intersection,Normale,Autre collision,,,,,,,,,,,1,1,1,1,6
200500038812,0005-06-08 18:30:00,5,6,8,18,30,420,182.0,INTER RD 8 GRANGE VIGNAT,46.055,3.944,Plein jour,En agglomération,Hors intersection,Temps éblouissant,Deux véhicules - frontale,,,,,,,,,,,1,2,1,7,1
200500038813,0005-06-24 10:00:00,5,6,24,10,0,420,231.0,Rue D'Enfer,46.107,3.961,Nuit avec éclairage allumé,En agglomération,Hors intersection,Normale,Autre collision,,,,,,,,,,,5,2,1,1,6
200500038814,0005-06-19 18:30:00,5,6,19,18,30,730,301.0,,45.7,5.96,Plein jour,Hors agglomération,Hors intersection,Normale,Sans collision,,,,,,,,,,,1,1,1,1,7
200500038815,0005-06-16 19:00:00,5,6,16,19,0,730,155.0,route des exertiers,,,Plein jour,Hors agglomération,Hors intersection,Normale,Autre collision,,,,,,,,,,,1,1,1,1,6
200500038816,0005-06-28 09:15:00,5,6,28,9,15,730,4.0,,45.597,6.059,Plein jour,Hors agglomération,Hors intersection,Normale,Deux véhicules - arrière,,,,,,,,,,,1,1,1,1,2
200500038817,0005-06-30 09:15:00,5,6,30,9,15,730,178.0,Le Mollard,45.697,6.133,Plein jour,En agglomération,Hors intersection,Normale,Deux véhicules - côté,,,,,,,,,,,1,2,1,1,3
200500038818,0005-06-12 19:30:00,5,6,12,19,30,730,180.0,,45.928,5.836,Plein jour,Hors agglomération,Hors intersection,Normale,Deux véhicules - frontale,,,,,,,,,,,1,1,1,1,1
200500038819,0005-06-18 19:45:00,5,6,18,19,45,730,184.0,,,,Plein jour,Hors agglomération,Hors intersection,Normale,Deux véhicules - côté,,,,,,,,,,,1,1,1,1,3
200500038820,0005-06-01 16:15:00,5,6,1,16,15,730,330.0,,45.713,5.73,Plein jour,Hors agglomération,Hors intersection,Normale,Deux véhicules - frontale,,,,,,,,,,,1,1,1,1,1
200500038821,0005-06-18 12:00:00,5,6,18,12,0,730,330.0,,,,Plein jour,Hors agglomération,Hors intersection,Normale,Sans collision,,,,,,,,,,,1,1,1,1,7
200500038822,0005-06-15 07:00:00,5,6,15,7,0,730,99.0,,,,Plein jour,Hors agglomération,Hors intersection,Normale,Trois véhicules et plus - collisions multiples,,,,,,,,,,,1,1,1,1,5
200500038823,0005-06-28 07:00:00,5,6,28,7,0,730,96.0,,,,Plein jour,Hors agglomération,Hors intersection,Normale,Deux véhicules - frontale,,,,,,,,,,,1,1,1,1,1
200500038824,0005-06-04 17:15:00,5,6,4,17,15,730,51.0,ROUTE DE CHAMBERY,45.653,5.861,Plein jour,En agglomération,Hors intersection,Normale,Deux véhicules - arrière,,,,,,,,,,,1,2,1,1,2
200500038825,0005-06-23 11:30:00,5,6,23,11,30,730,38.0,,45.579,6.729,Plein jour,Hors agglomération,Intersection en T,Normale,Deux véhicules - côté,,,,,,,,,,,1,1,3,1,3
200500038826,0005-06-05 10:15:00,5,6,5,10,15,730,176.0,,,,Plein jour,Hors agglomération,Hors intersection,Normale,Deux véhicules - côté,,,,,,,,,,,1,1,1,1,3
200500038827,0005-06-25 17:25:00,5,6,25,17,25,730,54.0,Lieu-dit Le Châtelard,,,Plein jour,Hors agglomération,Hors intersection,Normale,Autre collision,,,,,,,,,,,1,1,1,1,6
200500038828,0005-06-27 17:45:00,5,6,27,17,45,730,54.0,,,,Plein jour,Hors agglomération,Hors intersection,Normale,Deux véhicules - frontale,,,,,,,,,,,1,1,1,1,1
200500038829,0005-06-03 14:30:00,5,6,3,14,30,730,198.0,,,,Plein jour,Hors agglomération,Hors intersection,Normale,Deux véhicules - frontale,,,,,,,,,,,1,1,1,1,1
200500038830,0005-06-02 17:00:00,5,6,2,17,0,730,181.0,RUE DU 08 MAI 1945,,,Plein jour,En agglomération,Hors intersection,Normale,Sans collision,,,,,,,,,,,1,2,1,1,7
200500038831,0005-06-06 13:30:00,5,6,6,13,30,730,143.0,,,,Plein jour,Hors agglomération,Hors intersection,Normale,Sans collision,,,,,,,,,,,1,1,1,1,7
200500038832,0005-06-02 19:00:00,5,6,2,19,0,730,250.0,,45.27,6.385,Plein jour,Hors agglomération,Hors intersection,Normale,Deux véhicules - frontale,,,,,,,,,,,1,1,1,1,1
200500038833,0005-06-25 01:45:00,5,6,25,1,45,740,217.0,,,,Nuit avec éclairage allumé,Hors agglomération,Hors intersection,Normale,Deux véhicules - frontale,,,,,,,,,,,5,1,1,1,1
200500038834,0005-06-18 02:00:00,5,6,18,2,0,740,104.0,RN 508 BOUT DU LAC,,,Nuit avec éclairage allumé,En agglomération,Hors intersection,Normale,Deux véhicules - côté,,,,,,,,,,,5,2,1,1,3
200500038835,0005-06-21 22:10:00,5,6,21,22,10,740,267.0,,,,Nuit avec éclairage allumé,En agglomération,Hors intersection,Normale,Deux véhicules - côté,,,,,,,,,,,5,2,1,1,3
200500038836,0005-06-27 13:45:00,5,6,27,13,45,740,108.0,,,,Plein jour,Hors agglomération,Hors intersection,Normale,Autre collision,,,,,,,,,,,1,1,1,1,6
200500038837,0005-06-19 07:30:00,5,6,19,7,30,740,97.0,,,,Plein jour,Hors agglomération,Hors intersection,Normale,Autre collision,,,,,,,,,,,1,1,1,1,6
200500038838,0005-06-11 05:30:00,5,6,11,5,30,740,42.0,,46.096,6.379,Crépuscule ou aube,Hors agglomération,Hors intersection,Normale,Sans collision,,,,,,,,,,,2,1,1,1,7
200500038839,0005-06-06 02:00:00,5,6,6,2,0,740,81.0,avenue des glières,,,Nuit avec éclairage allumé,En agglomération,Hors intersection,Normale,Autre collision,,,,,,,,,,,5,2,1,1,6
200500038840,0005-06-23 09:45:00,5,6,23,9,45,740,81.0,PLACE CHARLES DE GAULLE,,,Plein jour,En agglomération,Hors intersection,Normale,Autre collision,,,,,,,,,,,1,2,1,1,6
200500038841,0005-06-20 14:15:00,5,6,20,14,15,740,99.0,,,,Plein jour,Hors agglomération,Hors intersection,Normale,Trois véhicules et plus - collisions multiples,,,,,,,,,,,1,1,1,1,5
200500038842,0005-06-01 16:30:00,5,6,1,16,30,740,250.0,,,,Plein jour,Hors agglomération,Hors intersection,Normale,Deux véhicules - côté,,,,,,,,,,,1,1,1,1,3
200500038843,0005-06-03 06:45:00,5,6,3,6,45,740,208.0,,,,Crépuscule ou aube,Hors agglomération,Hors intersection,Normale,Sans collision,,,,,,,,,,,2,1,1,1,7
200500038844,0005-06-06 16:30:00,5,6,6,16,30,740,256.0,,45.923,6.636,Plein jour,Hors agglomération,Hors intersection,Pluie légère,Deux véhicules - côté,,,,,,,,,,,1,1,1,2,3
200500038845,0005-06-15 07:45:00,5,6,15,7,45,740,103.0,,,,Crépuscule ou aube,Hors agglomération,Hors intersection,Normale,Deux véhicules - frontale,,,,,,,,,,,2,1,1,1,1
200500038846,0005-06-11 19:25:00,5,6,11,19,25,740,208.0,emin de Mont Blanc plage,,,Plein jour,Hors agglomération,Autre intersection,Normale,Sans collision,,,,,,,,,,,1,1,9,1,7
200500038847,0005-06-26 07:15:00,5,6,26,7,15,740,208.0,,,,Plein jour,Hors agglomération,Hors intersection,Normale,Autre collision,,,,,,,,,,,1,1,1,1,6
200500038848,0005-06-29 17:30:00,5,6,29,17,30,740,208.0,avenue de Warens,,,Plein jour,En agglomération,Hors intersection,Normale,Deux véhicules - côté,,,,,,,,,,,1,2,1,1,3
200500038849,0005-06-21 19:00:00,5,6,21,19,0,740,229.0,Rue de Terret,,,Plein jour,En agglomération,Hors intersection,Normale,Deux véhicules - frontale,,,,,,,,,,,1,2,1,1,1
200500038850,0005-06-25 20:15:00,5,6,25,20,15,740,158.0,,,,Plein jour,Hors agglomération,Hors intersection,Normale,Sans collision,,,,,,,,,,,1,1,1,1,7
200500038851,0005-06-30 09:30:00,5,6,30,9,30,740,40.0,,46.176,6.311,Plein jour,Hors agglomération,Hors intersection,Normale,Trois véhicules et plus - collisions multiples,,,,,,,,,,,1,1,1,1,5
200500038852,0005-06-13 14:45:00,5,6,13,14,45,740,228.0,le col du Mont Sion,,,Plein jour,En agglomération,Hors intersection,Normale,Deux véhicules - côté,,,,,,,,,,,1,2,1,1,3
200500038853,0005-06-08 10:30:00,5,6,8,10,30,740,96.0,,46.037,6.102,Plein jour,Hors agglomération,Intersection en X,Normale,Deux véhicules - côté,,,,,,,,,,,1,1,2,1,3
200500038854,0005-06-17 16:00:00,5,6,17,16,0,740,6.0,,46.014,6.115,Plein jour,Hors agglomération,Hors intersection,Normale,Deux véhicules - frontale,,,,,,,,,,,1,1,1,1,1
200500038855,0005-06-18 13:15:00,5,6,18,13,15,740,6.0,,46.009,6.119,Plein jour,Hors agglomération,Hors intersection,Normale,Deux véhicules - arrière,,,,,,,,,,,1,1,1,1,2
200500038856,0005-06-20 18:15:00,5,6,20,18,15,740,96.0,,46.023,6.086,Plein jour,Hors agglomération,Hors intersection,Normale,Deux véhicules - côté,,,,,,,,,,,1,1,1,1,3
200500038857,0005-06-13 19:30:00,5,6,13,19,30,740,168.0,,,,Plein jour,Hors agglomération,Hors intersection,Normale,Deux véhicules - frontale,,,,,,,,,,,1,1,1,1,1
200500038858,0005-06-18 18:15:00,5,6,18,18,15,740,269.0,,45.956,5.839,Plein jour,Hors agglomération,Hors intersection,Normale,Deux véhicules - côté,,,,,,,,,,,1,1,1,1,3
200500038859,0005-06-26 15:30:00,5,6,26,15,30,740,130.0,,46.055,5.817,Plein jour,Hors agglomération,Hors intersection,Normale,Autre collision,,,,,,,,,,,1,1,1,1,6
200500038860,0005-06-26 18:30:00,5,6,26,18,30,740,68.0,,,,Plein jour,Hors agglomération,Hors intersection,Temps éblouissant,Deux véhicules - côté,,,,,,,,,,,1,1,1,7,3
200500038861,0005-06-22 17:45:00,5,6,22,17,45,740,130.0,,,,Plein jour,Hors agglomération,Hors intersection,Normale,Sans collision,,,,,,,,,,,1,1,1,1,7
200500038862,0005-06-10 22:00:00,5,6,10,22,0,740,180.0,,46.348,6.293,Nuit sans éclairage public,Hors agglomération,Hors intersection,Normale,Autre collision,,,,,,,,,,,3,1,1,1,6
200500038863,0005-06-11 20:00:00,5,6,11,20,0,740,25.0,,46.294,6.344,Plein jour,Hors agglomération,Hors intersection,Temps éblouissant,Deux véhicules - frontale,,,,,,,,,,,1,1,1,7,1
200500038864,0005-06-16 17:00:00,5,6,16,17,0,740,105.0,,,,Plein jour,Hors agglomération,Intersection en T,Normale,Deux véhicules - côté,,,,,,,,,,,1,1,3,1,3
200500038865,0005-06-18 14:30:00,5,6,18,14,30,740,263.0,,46.338,6.392,Plein jour,En agglomération,Hors intersection,Normale,Deux véhicules - arrière,,,,,,,,,,,1,2,1,1,2
200500038866,0005-06-22 17:30:00,5,6,22,17,30,740,150.0,,46.3,6.317,Plein jour,Hors agglomération,Hors intersection,Normale,Deux véhicules - frontale,,,,,,,,,,,1,1,1,1,1
200500038867,0005-06-24 08:30:00,5,6,24,8,30,740,293.0,,46.279,6.246,Plein jour,Hors agglomération,Hors intersection,Temps éblouissant,Deux véhicules - côté,,,,,,,,,,,1,1,1,7,3
200500038868,0005-06-25 01:30:00,5,6,25,1,30,740,293.0,,46.285,6.255,Nuit sans éclairage public,Hors agglomération,Hors intersection,Temps couvert,Trois véhicules et plus - collisions multiples,,,,,,,,,,,3,1,1,8,5
200500038869,0005-06-10 17:00:00,5,6,10,17,0,740,286.0,,46.317,6.677,Plein jour,Hors agglomération,Hors intersection,Normale,Deux véhicules - frontale,,,,,,,,,,,1,1,1,1,1
200500038870,0005-06-27 08:00:00,5,6,27,8,0,740,41.0,,46.303,6.674,Plein jour,Hors agglomération,Hors intersection,Normale,Autre collision,,,,,,,,,,,1,1,1,1,6
200500038871,0005-06-08 09:30:00,5,6,8,9,30,740,154.0,,,,Plein jour,Hors agglomération,Hors intersection,Normale,Sans collision,,,,,,,,,,,1,1,1,1,7
200500038872,0005-06-13 18:00:00,5,6,13,18,0,740,127.0,,,,Plein jour,Hors agglomération,Hors intersection,Normale,Deux véhicules - côté,,,,,,,,,,,1,1,1,1,3
200500038873,0005-06-08 07:15:00,5,6,8,7,15,630,263.0,ROUTE DE PONTGIBAUD,45.789,3.021,Plein jour,En agglomération,Hors intersection,Normale,Deux véhicules - frontale,,,,,,,,,,,1,2,1,1,1
200500038874,0005-06-12 15:30:00,5,6,12,15,30,630,307.0,,45.714,3.07,Plein jour,Hors agglomération,Hors intersection,Normale,Deux véhicules - frontale,,,,,,,,,,,1,1,1,1,1
200500038875,0005-06-24 12:00:00,5,6,24,12,0,630,307.0,,45.713,3.058,Plein jour,Hors agglomération,Hors intersection,Normale,Deux véhicules - côté,,,,,,,,,,,1,1,1,1,3
200500038876,0005-06-29 19:45:00,5,6,29,19,45,630,307.0,75 AVENUE JEAN JAURES,45.744,3.1,Plein jour,En agglomération,Hors intersection,Normale,Deux véhicules - côté,,,,,,,,,,,1,2,1,1,3
200500038877,0005-06-01 06:45:00,5,6,1,6,45,630,154.0,,45.753,3.325,Crépuscule ou aube,Hors agglomération,Intersection en X,Normale,Deux véhicules - côté,,,,,,,,,,,2,1,2,1,3
200500038878,0005-06-04 16:00:00,5,6,4,16,0,630,273.0,,,,Plein jour,Hors agglomération,Hors intersection,Normale,Deux véhicules - frontale,,,,,,,,,,,1,1,1,1,1
200500038879,0005-06-09 20:00:00,5,6,9,20,0,630,236.0,route de la bourboule,,,Crépuscule ou aube,En agglomération,Hors intersection,Normale,Deux véhicules - arrière,,,,,,,,,,,2,2,1,1,2
200500038880,0005-06-23 17:00:00,5,6,23,17,0,630,284.0,CD 769,,,Plein jour,Hors agglomération,Hors intersection,Normale,Deux véhicules - côté,,,,,,,,,,,1,1,1,1,3
200500038881,0005-06-25 10:30:00,5,6,25,10,30,630,284.0,21 rue de l'herbeliere,,,Plein jour,En agglomération,Hors intersection,Normale,Autre collision,,,,,,,,,,,1,2,1,1,6
200500038882,0005-06-29 10:45:00,5,6,29,10,45,630,200.0,,,,Plein jour,Hors agglomération,Intersection en X,Pluie légère,Deux véhicules - côté,,,,,,,,,,,1,1,2,2,3
200500038883,0005-06-09 21:30:00,5,6,9,21,30,630,305.0,RN89,45.69,2.8,Plein jour,En agglomération,Hors intersection,Normale,Sans collision,,,,,,,,,,,1,2,1,1,7
200500038884,0005-06-18 18:00:00,5,6,18,18,0,630,163.0,,,,Plein jour,Hors agglomération,Hors intersection,Normale,Deux véhicules - côté,,,,,,,,,,,1,1,1,1,3
200500038885,0005-06-21 11:45:00,5,6,21,11,45,630,305.0,,45.689,2.803,Plein jour,En agglomération,Hors intersection,Normale,Trois véhicules et plus - collisions multiples,,,,,,,,,,,1,2,1,1,5
200500038886,0005-06-11 14:00:00,5,6,11,14,0,630,282.0,,45.628,3.145,Plein jour,Hors agglomération,Hors intersection,Normale,Sans collision,,,,,,,,,,,1,1,1,1,7
200500038887,0005-06-14 22:15:00,5,6,14,22,15,630,26.0,,45.687,2.963,Crépuscule ou aube,Hors agglomération,Hors intersection,Normale,Deux véhicules - frontale,,,,,,,,,,,2,1,1,1,1
200500038888,0005-06-18 12:40:00,5,6,18,12,40,630,350.0,"Lieu-dit ""Ceyssat""",,,Plein jour,Hors agglomération,Intersection en X,Normale,Deux véhicules - côté,,,,,,,,,,,1,1,2,1,3
200500038889,0005-06-29 09:15:00,5,6,29,9,15,630,282.0,,45.636,3.157,Plein jour,Hors agglomération,Hors intersection,Normale,Autre collision,,,,,,,,,,,1,1,1,1,6
200500038890,0005-06-21 12:15:00,5,6,21,12,15,630,207.0,,45.65,3.67,Plein jour,Hors agglomération,Hors intersection,Normale,Deux véhicules - côté,,,,,,,,,,,1,1,1,1,3
200500038891,0005-06-18 10:45:00,5,6,18,10,45,630,268.0,,45.568,3.162,Plein jour,Hors agglomération,Hors intersection,Normale,Deux véhicules - côté,,,,,,,,,,,1,1,1,1,3
200500038892,0005-06-17 00:01:00,5,6,17,0,1,630,397.0,,45.609,2.697,Nuit sans éclairage public,Hors agglomération,Hors intersection,Normale,Autre collision,,,,,,,,,,,3,1,1,1,6
200500038893,0005-06-18 16:45:00,5,6,18,16,45,630,346.0,,45.437,2.725,Plein jour,Hors agglomération,Hors intersection,Autre,Autre collision,,,,,,,,,,,1,1,1,9,6
200500038894,0005-06-06 18:45:00,5,6,6,18,45,630,4.0,,45.93,2.836,Plein jour,Hors agglomération,Hors intersection,Pluie légère,Deux véhicules - frontale,,,,,,,,,,,1,1,1,2,1
200500038895,0005-06-26 06:00:00,5,6,26,6,0,630,198.0,,45.932,3.021,Plein jour,Hors agglomération,Hors intersection,Normale,Sans collision,,,,,,,,,,,1,1,1,1,7
200500038896,0005-06-10 13:45:00,5,6,10,13,45,630,148.0,,,,Plein jour,Hors agglomération,Hors intersection,Normale,Deux véhicules - frontale,,,,,,,,,,,1,1,1,1,1
200500038897,0005-06-12 05:00:00,5,6,12,5,0,630,322.0,,45.858,3.171,Crépuscule ou aube,Hors agglomération,Hors intersection,Normale,Autre collision,,,,,,,,,,,2,1,1,1,6
200500038898,0005-06-28 19:30:00,5,6,28,19,30,630,362.0,,45.923,3.314,Plein jour,Hors agglomération,Hors intersection,Normale,Sans collision,,,,,,,,,,,1,1,1,1,7
200500038899,0005-06-19 16:45:00,5,6,19,16,45,630,349.0,,45.95,2.87,Plein jour,Hors agglomération,Hors intersection,Temps éblouissant,Deux véhicules - frontale,,,,,,,,,,,1,1,1,7,1
200500038900,0005-06-20 04:45:00,5,6,20,4,45,630,349.0,,45.916,2.895,Nuit sans éclairage public,Hors agglomération,Hors intersection,Normale,Autre collision,,,,,,,,,,,3,1,1,1,6
200500038901,0005-06-04 19:45:00,5,6,4,19,45,630,338.0,Rue du puits du manoir,,,Plein jour,En agglomération,Hors intersection,Normale,Deux véhicules - côté,,,,,,,,,,,1,2,1,1,3
200500038902,0005-06-19 22:30:00,5,6,19,22,30,630,233.0,,46.179,2.823,Nuit sans éclairage public,Hors agglomération,Hors intersection,Normale,Autre collision,,,,,,,,,,,3,1,1,1,6
200500038903,0005-06-25 18:00:00,5,6,25,18,0,630,286.0,,46.087,2.974,Plein jour,Hors agglomération,Hors intersection,Normale,Trois véhicules et plus - collisions multiples,,,,,,,,,,,1,1,1,1,5
200500038904,0005-06-22 17:30:00,5,6,22,17,30,630,25.0,,,,Plein jour,Hors agglomération,Hors intersection,Normale,Autre collision,,,,,,,,,,,1,1,1,1,6
200500038905,0005-06-14 11:45:00,5,6,14,11,45,630,231.0,rue de Chantelauze,,,Plein jour,En agglomération,Hors intersection,Normale,Autre collision,,,,,,,,,,,1,2,1,1,6
200500038906,0005-06-28 16:15:00,5,6,28,16,15,630,195.0,,45.859,3.393,Plein jour,Hors agglomération,Intersection en X,Normale,Deux véhicules - frontale,,,,,,,,,,,1,1,2,1,1
200500038907,0005-06-05 21:00:00,5,6,5,21,0,630,271.0,,,,Crépuscule ou aube,Hors agglomération,Hors intersection,Temps couvert,Trois véhicules et plus - collisions multiples,,,,,,,,,,,2,1,1,8,5
200500038908,0005-06-10 12:15:00,5,6,10,12,15,630,210.0,,45.908,3.331,Plein jour,Hors agglomération,Hors intersection,Normale,Deux véhicules - arrière,,,,,,,,,,,1,1,1,1,2
200500038909,0005-06-21 16:45:00,5,6,21,16,45,630,210.0,,45.942,3.343,Plein jour,Hors agglomération,Hors intersection,Normale,Deux véhicules - côté,,,,,,,,,,,1,1,1,1,3
200500038910,0005-06-24 18:30:00,5,6,24,18,30,30,290.0,,46.633,3.285,Plein jour,Hors agglomération,Hors intersection,Normale,Trois véhicules et plus - collisions multiples,,,,,,,,,,,1,1,1,1,5
200500038911,0005-06-18 09:45:00,5,6,18,9,45,30,156.0,,46.603,3.515,Plein jour,Hors agglomération,Hors intersection,Normale,Deux véhicules - frontale,,,,,,,,,,,1,1,1,1,1
200500038912,0005-06-22 18:30:00,5,6,22,18,30,30,57.0,,,,Plein jour,Hors agglomération,Hors intersection,Temps éblouissant,Deux véhicules - côté,,,,,,,,,,,1,1,1,7,3
200500038913,0005-06-26 10:00:00,5,6,26,10,0,30,156.0,,46.593,3.467,Plein jour,Hors agglomération,Intersection en T,Normale,Deux véhicules - côté,,,,,,,,,,,1,1,3,1,3
200500038914,0005-06-03 23:30:00,5,6,3,23,30,30,254.0,,46.29,3.24,Nuit sans éclairage public,Hors agglomération,Hors intersection,Normale,Autre collision,,,,,,,,,,,3,1,1,1,6
200500038915,0005-06-15 12:30:00,5,6,15,12,30,30,18.0,,46.227,3.283,Plein jour,Hors agglomération,Hors intersection,Normale,Deux véhicules - côté,,,,,,,,,,,1,1,1,1,3
200500038916,0005-06-07 23:30:00,5,6,7,23,30,30,92.0,,46.445,3.158,Nuit sans éclairage public,Hors agglomération,Hors intersection,Normale,Deux véhicules - frontale,,,,,,,,,,,3,1,1,1,1
200500038917,0005-06-24 14:15:00,5,6,24,14,15,30,65.0,17 ROUTE DE MOULINS,46.41,3.31,Plein jour,En agglomération,Hors intersection,Normale,Trois véhicules et plus - collisions multiples,,,,,,,,,,,1,2,1,1,5
200500038918,0005-06-01 16:00:00,5,6,1,16,0,30,212.0,,46.323,2.485,Plein jour,Hors agglomération,Hors intersection,Normale,Autre collision,,,,,,,,,,,1,1,1,1,6
200500038919,0005-06-06 17:15:00,5,6,6,17,15,30,212.0,,,,Plein jour,Hors agglomération,Hors intersection,Normale,Deux véhicules - frontale,,,,,,,,,,,1,1,1,1,1
200500038920,0005-06-15 23:30:00,5,6,15,23,30,30,55.0,,46.424,2.504,Nuit avec éclairage allumé,Hors agglomération,Giratoire,Normale,Sans collision,,,,,,,,,,,5,1,6,1,7
200500038921,0005-06-16 18:30:00,5,6,16,18,30,30,249.0,,46.423,2.303,Plein jour,Hors agglomération,Hors intersection,Normale,Deux véhicules - frontale,,,,,,,,,,,1,1,1,1,1
200500038922,0005-06-21 15:00:00,5,6,21,15,0,30,301.0,,46.428,2.605,Plein jour,Hors agglomération,Hors intersection,Normale,Sans collision,,,,,,,,,,,1,1,1,1,7
200500038923,0005-06-24 19:15:00,5,6,24,19,15,30,195.0,,46.294,2.683,Plein jour,Hors agglomération,Hors intersection,Normale,Autre collision,,,,,,,,,,,1,1,1,1,6
200500038924,0005-06-25 01:30:00,5,6,25,1,30,30,195.0,,46.301,2.656,Nuit sans éclairage public,Hors agglomération,Hors intersection,Normale,Sans collision,,,,,,,,,,,3,1,1,1,7
200500038925,0005-06-12 16:00:00,5,6,12,16,0,30,84.0,avenue Gabriel Bonnichon,,,Plein jour,En agglomération,Hors intersection,Normale,Autre collision,,,,,,,,,,,1,2,1,1,6
200500038926,0005-06-16 12:15:00,5,6,16,12,15,30,221.0,,,,Plein jour,Hors agglomération,Hors intersection,Normale,Sans collision,,,,,,,,,,,1,1,1,1,7
200500038927,0005-06-02 12:00:00,5,6,2,12,0,30,82.0,RUE JEAN-JACQUES ROUSSEA,,,Plein jour,En agglomération,Hors intersection,Normale,Deux véhicules - côté,,,,,,,,,,,1,2,1,1,3
200500038928,0005-06-17 12:00:00,5,6,17,12,0,30,82.0,"07, rue Stéphane Létang",,,Plein jour,En agglomération,Hors intersection,Normale,Deux véhicules - frontale,,,,,,,,,,,1,2,1,1,1
200500038929,0005-06-25 14:30:00,5,6,25,14,30,30,82.0,ue Jean Jacques Rousseau,,,Plein jour,En agglomération,Hors intersection,Normale,Trois véhicules et plus - collisions multiples,,,,,,,,,,,1,2,1,1,5
200500038930,0005-06-12 19:15:00,5,6,12,19,15,30,256.0,,46.348,2.928,Plein jour,Hors agglomération,Hors intersection,Normale,Autre collision,,,,,,,,,,,1,1,1,1,6
200500038931,0005-06-14 08:30:00,5,6,14,8,30,30,258.0,18 RUE DE VICHY,46.189,3.393,Plein jour,En agglomération,Hors intersection,Pluie légère,Autre collision,,,,,,,,,,,1,2,1,2,6
200500038932,0005-06-18 04:00:00,5,6,18,4,0,30,258.0,,46.188,3.403,Nuit sans éclairage public,Hors agglomération,Hors intersection,Normale,Sans collision,,,,,,,,,,,3,1,1,1,7
200500038933,0005-06-26 09:45:00,5,6,26,9,45,30,110.0,,46.126,3.323,Plein jour,Hors agglomération,Hors intersection,Normale,Sans collision,,,,,,,,,,,1,1,1,1,7