accident_id,datetime,annee,mois,jour,heure,minute,departement,commune_insee,adresse,latitude,longitude,luminosite,agglomeration,intersection,meteo,collision,nb_vehicules,nb_usagers,nb_indemnes,nb_tues,nb_blesses_hosp,nb_blesses_legers,age_cond_1,age_cond_2,veh_type_cond_1,veh_type_cond_2,lum_code,agg_code,int_code,atm_code,col_code
200500039074,0005-06-26 15:45:00,5,6,26,15,45,880,408.0,85 RUE D 'ALSACE,47.924,6.662,Plein jour,En agglomération,Hors intersection,Normale,Deux véhicules - frontale,,,,,,,,,,,1,2,1,1,1
200500039075,0005-06-12 11:45:00,5,6,12,11,45,880,275.0,,48.327,7.179,Plein jour,Hors agglomération,Hors intersection,Normale,Sans collision,,,,,,,,,,,1,1,1,1,7
200500039076,0005-06-16 16:30:00,5,6,16,16,30,880,112.0,,,,Plein jour,Hors agglomération,Hors intersection,Normale,Sans collision,,,,,,,,,,,1,1,1,1,7
200500039077,0005-06-25 16:30:00,5,6,25,16,30,880,386.0,,48.276,7.004,Plein jour,Hors agglomération,Hors intersection,Normale,Deux véhicules - côté,,,,,,,,,,,1,1,1,1,3
200500039078,0005-06-18 16:30:00,5,6,18,16,30,880,196.0,,,,Plein jour,Hors agglomération,Hors intersection,Normale,Autre collision,,,,,,,,,,,1,1,1,1,6
200500039079,0005-06-22 18:00:00,5,6,22,18,0,880,196.0,Rue du 19 Novembre,,,Plein jour,En agglomération,Hors intersection,Normale,Autre collision,,,,,,,,,,,1,2,1,1,6
200500039080,0005-06-19 10:15:00,5,6,19,10,15,670,412.0,,,,Plein jour,Hors agglomération,Hors intersection,Normale,Autre collision,,,,,,,,,,,1,1,1,1,6
200500039081,0005-06-27 16:00:00,5,6,27,16,0,670,233.0,RUE DE BENFELD,48.384,7.57,Plein jour,En agglomération,Hors intersection,Normale,Deux véhicules - frontale,,,,,,,,,,,1,2,1,1,1
200500039082,0005-06-25 05:45:00,5,6,25,5,45,670,197.0,,48.469,7.629,Crépuscule ou aube,Hors agglomération,Hors intersection,Normale,Autre collision,,,,,,,,,,,2,1,1,1,6
200500039083,0005-06-24 13:15:00,5,6,24,13,15,670,359.0,Rue Principale,48.814,7.697,Plein jour,En agglomération,Hors intersection,Normale,Deux véhicules - frontale,,,,,,,,,,,1,2,1,1,1
200500039084,0005-06-05 15:00:00,5,6,5,15,0,670,169.0,rue des chênes,,,Plein jour,En agglomération,Autre intersection,Normale,Autre collision,,,,,,,,,,,1,2,9,1,6
200500039085,0005-06-26 04:15:00,5,6,26,4,15,670,449.0,,,,Crépuscule ou aube,Hors agglomération,Hors intersection,Normale,Autre collision,,,,,,,,,,,2,1,1,1,6
200500039086,0005-06-06 17:00:00,5,6,6,17,0,670,300.0,rue de la Commanderie,48.541,7.5,Plein jour,En agglomération,Intersection en X,Normale,Deux véhicules - côté,,,,,,,,,,,1,2,2,1,3
200500039087,0005-06-21 08:00:00,5,6,21,8,0,670,300.0,36 rue de la hardt,48.547,7.499,Plein jour,En agglomération,Hors intersection,Normale,Autre collision,,,,,,,,,,,1,2,1,1,6
200500039088,0005-06-27 11:45:00,5,6,27,11,45,670,300.0,rte de Dachstein,48.55,7.511,Plein jour,En agglomération,Intersection en Y,Normale,Deux véhicules - côté,,,,,,,,,,,1,2,4,1,3
200500039089,0005-06-03 17:00:00,5,6,3,17,0,670,500.0,,48.527,7.334,Plein jour,Hors agglomération,Hors intersection,Normale,Deux véhicules - frontale,,,,,,,,,,,1,1,1,1,1
200500039090,0005-06-05 13:45:00,5,6,5,13,45,670,421.0,,,,Plein jour,Hors agglomération,Hors intersection,Normale,Autre collision,,,,,,,,,,,1,1,1,1,6
200500039091,0005-06-10 16:00:00,5,6,10,16,0,670,325.0,,48.53,7.356,Plein jour,Hors agglomération,Hors intersection,Normale,Deux véhicules - arrière,,,,,,,,,,,1,1,1,1,2
200500039092,0005-06-10 23:15:00,5,6,10,23,15,670,144.0,,48.426,7.183,Nuit sans éclairage public,Hors agglomération,Hors intersection,Normale,Autre collision,,,,,,,,,,,3,1,1,1,6
200500039093,0005-06-13 22:15:00,5,6,13,22,15,670,424.0,,,,Crépuscule ou aube,Hors agglomération,Hors intersection,Normale,Autre collision,,,,,,,,,,,2,1,1,1,6
200500039094,0005-06-17 11:00:00,5,6,17,11,0,670,420.0,,48.496,7.253,Plein jour,Hors agglomération,Hors intersection,Normale,Sans collision,,,,,,,,,,,1,1,1,1,7
200500039095,0005-06-19 16:30:00,5,6,19,16,30,670,342.0,,48.571,7.291,Plein jour,Hors agglomération,Hors intersection,Normale,Deux véhicules - frontale,,,,,,,,,,,1,1,1,1,1
200500039096,0005-06-05 17:30:00,5,6,5,17,30,670,520.0,,48.643,7.425,Plein jour,Hors agglomération,Hors intersection,Normale,Deux véhicules - frontale,,,,,,,,,,,1,1,1,1,1
200500039097,0005-06-13 17:45:00,5,6,13,17,45,670,335.0,rue des Nobles,48.638,7.51,Plein jour,En agglomération,Hors intersection,Normale,Deux véhicules - arrière,,,,,,,,,,,1,2,1,1,2
200500039098,0005-06-14 19:15:00,5,6,14,19,15,670,282.0,,,,Plein jour,Hors agglomération,Hors intersection,Pluie légère,Deux véhicules - frontale,,,,,,,,,,,1,1,1,2,1
200500039099,0005-06-18 17:00:00,5,6,18,17,0,670,282.0,Carrefour du Kronthal,48.628,7.474,Plein jour,Hors agglomération,Hors intersection,Normale,Deux véhicules - arrière,,,,,,,,,,,1,1,1,1,2
200500039100,0005-06-22 18:15:00,5,6,22,18,15,670,408.0,rue du Westenberg,48.651,7.406,Plein jour,En agglomération,Hors intersection,Normale,Deux véhicules - côté,,,,,,,,,,,1,2,1,1,3
200500039101,0005-06-04 15:00:00,5,6,4,15,0,670,437.0,,48.802,7.312,Plein jour,Hors agglomération,Hors intersection,Normale,Sans collision,,,,,,,,,,,1,1,1,1,7
200500039102,0005-06-16 10:30:00,5,6,16,10,30,670,302.0,Allée de la Rondelle,48.762,7.395,Plein jour,En agglomération,Hors intersection,Normale,Deux véhicules - côté,,,,,,,,,,,1,2,1,1,3
200500039103,0005-06-12 19:15:00,5,6,12,19,15,670,89.0,,,,Plein jour,Hors agglomération,Hors intersection,Normale,Sans collision,,,,,,,,,,,1,1,1,1,7
200500039104,0005-06-20 07:30:00,5,6,20,7,30,670,437.0,,48.745,7.386,Plein jour,En agglomération,Hors intersection,Normale,Autre collision,,,,,,,,,,,1,2,1,1,6
200500039105,0005-06-28 14:30:00,5,6,28,14,30,670,437.0,ROUTE DE PARIS,,,Plein jour,En agglomération,Hors intersection,Normale,Deux véhicules - côté,,,,,,,,,,,1,2,1,1,3
200500039106,0005-06-07 11:30:00,5,6,7,11,30,670,355.0,,,,Plein jour,Hors agglomération,Hors intersection,Normale,Autre collision,,,,,,,,,,,1,1,1,1,6
200500039107,0005-06-12 14:00:00,5,6,12,14,0,670,524.0,,,,Plein jour,Hors agglomération,Hors intersection,Normale,Deux véhicules - côté,,,,,,,,,,,1,1,1,1,3
200500039108,0005-06-12 15:30:00,5,6,12,15,30,670,371.0,,,,Plein jour,Hors agglomération,Hors intersection,Normale,Deux véhicules - frontale,,,,,,,,,,,1,1,1,1,1
200500039109,0005-06-12 16:30:00,5,6,12,16,30,670,278.0,,,,Plein jour,Hors agglomération,Hors intersection,Normale,Autre collision,,,,,,,,,,,1,1,1,1,6
200500039110,0005-06-14 16:45:00,5,6,14,16,45,670,274.0,,48.965,7.189,Plein jour,Hors agglomération,Hors intersection,Pluie légère,Sans collision,,,,,,,,,,,1,1,1,2,7
200500039111,0005-06-15 13:15:00,5,6,15,13,15,670,95.0,,48.955,7.205,Plein jour,Hors agglomération,Hors intersection,Normale,Sans collision,,,,,,,,,,,1,1,1,1,7
200500039112,0005-06-21 17:00:00,5,6,21,17,0,670,2.0,,48.911,7.189,Plein jour,Hors agglomération,Intersection en T,Temps éblouissant,Deux véhicules - côté,,,,,,,,,,,1,1,3,7,3
200500039113,0005-06-27 17:00:00,5,6,27,17,0,670,467.0,,,,Plein jour,Hors agglomération,Hors intersection,Normale,Trois véhicules et plus - collisions multiples,,,,,,,,,,,1,1,1,1,5
200500039114,0005-06-30 18:30:00,5,6,30,18,30,670,370.0,32 rue principale,,,Plein jour,En agglomération,Hors intersection,Normale,Autre collision,,,,,,,,,,,1,2,1,1,6
200500039115,0005-06-18 16:45:00,5,6,18,16,45,670,506.0,11 AVENUE DE STRASBOURG,48.675,7.719,Plein jour,En agglomération,Hors intersection,Normale,Deux véhicules - côté,,,,,,,,,,,1,2,1,1,3
200500039116,0005-06-22 02:45:00,5,6,22,2,45,670,156.0,,48.727,7.762,Nuit sans éclairage public,Hors agglomération,Hors intersection,Normale,Autre collision,,,,,,,,,,,3,1,1,1,6
200500039117,0005-06-06 12:15:00,5,6,6,12,15,670,107.0,,,,Plein jour,Hors agglomération,Hors intersection,Pluie légère,Sans collision,,,,,,,,,,,1,1,1,2,7
200500039118,0005-06-18 14:00:00,5,6,18,14,0,670,539.0,,,,Plein jour,Hors agglomération,Hors intersection,Normale,Sans collision,,,,,,,,,,,1,1,1,1,7
200500039119,0005-06-30 14:45:00,5,6,30,14,45,670,135.0,35 rue des Seigneurs,,,Plein jour,En agglomération,Hors intersection,Normale,Sans collision,,,,,,,,,,,1,2,1,1,7
200500039120,0005-06-01 18:45:00,5,6,1,18,45,670,150.0,rue do tonnelier,,,Plein jour,En agglomération,Hors intersection,Normale,Deux véhicules - frontale,,,,,,,,,,,1,2,1,1,1
200500039121,0005-06-25 18:15:00,5,6,25,18,15,670,205.0,,48.708,7.794,Plein jour,Hors agglomération,Hors intersection,Normale,Deux véhicules - frontale,,,,,,,,,,,1,1,1,1,1
200500039122,0005-06-08 17:15:00,5,6,8,17,15,670,73.0,rue de provence,48.272,7.406,Plein jour,En agglomération,Intersection en X,Normale,Deux véhicules - côté,,,,,,,,,,,1,2,2,1,3
200500039123,0005-06-14 18:30:00,5,6,14,18,30,670,239.0,,,,Plein jour,Hors agglomération,Hors intersection,Pluie légère,Deux véhicules - côté,,,,,,,,,,,1,1,1,2,3
200500039124,0005-06-06 07:40:00,5,6,6,7,40,670,281.0,CD468,,,Plein jour,Hors agglomération,Hors intersection,Normale,Deux véhicules - côté,,,,,,,,,,,1,1,1,1,3
200500039125,0005-06-07 16:00:00,5,6,7,16,0,670,544.0,,49.04,7.94,Plein jour,En agglomération,Autre intersection,Normale,Autre collision,,,,,,,,,,,1,2,9,1,6
200500039126,0005-06-12 14:30:00,5,6,12,14,30,670,351.0,,,,Plein jour,Hors agglomération,Hors intersection,Normale,Deux véhicules - frontale,,,,,,,,,,,1,1,1,1,1
200500039127,0005-06-01 19:15:00,5,6,1,19,15,670,463.0,ROUTE DE STRASBOURG,48.897,8.107,Plein jour,En agglomération,Giratoire,Normale,Deux véhicules - frontale,,,,,,,,,,,1,2,6,1,1
200500039128,0005-06-10 08:30:00,5,6,10,8,30,670,25.0,RUE PRINCIPALE,48.867,8.084,Plein jour,En agglomération,Hors intersection,Normale,Autre collision,,,,,,,,,,,1,2,1,1,6
200500039129,0005-06-30 11:30:00,5,6,30,11,30,670,463.0,PARKING BATITEK,,,Plein jour,En agglomération,Autre intersection,Normale,Deux véhicules - frontale,,,,,,,,,,,1,2,9,1,1
200500039130,0005-06-06 18:15:00,5,6,6,18,15,670,474.0,,,,Plein jour,Hors agglomération,Hors intersection,Normale,Deux véhicules - frontale,,,,,,,,,,,1,1,1,1,1
200500039131,0005-06-08 13:30:00,5,6,8,13,30,670,353.0,,49.047,7.714,Plein jour,Hors agglomération,Hors intersection,Normale,Deux véhicules - frontale,,,,,,,,,,,1,1,1,1,1
200500039132,0005-06-21 08:30:00,5,6,21,8,30,680,7.0,,48.5,7.433,Plein jour,Hors agglomération,Hors intersection,Normale,Trois véhicules et plus - collisions multiples,,,,,,,,,,,1,1,1,1,5
200500039133,0005-06-25 23:45:00,5,6,25,23,45,680,146.0,,48.136,7.387,Nuit sans éclairage public,Hors agglomération,Hors intersection,Normale,Sans collision,,,,,,,,,,,3,1,1,1,7
200500039134,0005-06-12 13:30:00,5,6,12,13,30,680,317.0,,,,Plein jour,Hors agglomération,Hors intersection,Normale,Deux véhicules - arrière,,,,,,,,,,,1,1,1,1,2
200500039135,0005-06-20 07:45:00,5,6,20,7,45,680,227.0,CARREFOUR CD 4 / CD 9,48.107,7.47,Plein jour,En agglomération,Hors intersection,Temps éblouissant,Deux véhicules - côté,,,,,,,,,,,1,2,1,7,3
200500039136,0005-06-20 08:00:00,5,6,20,8,0,680,172.0,,,,Plein jour,En agglomération,Hors intersection,Normale,Deux véhicules - côté,,,,,,,,,,,1,2,1,1,3
200500039137,0005-06-15 10:45:00,5,6,15,10,45,680,162.0,RN 415 face au MATCH,48.153,7.25,Plein jour,En agglomération,Hors intersection,Normale,Deux véhicules - côté,,,,,,,,,,,1,2,1,1,3
200500039138,0005-06-18 18:00:00,5,6,18,18,0,680,269.0,,48.208,7.268,Plein jour,Hors agglomération,Hors intersection,Normale,Deux véhicules - frontale,,,,,,,,,,,1,1,1,1,1
200500039139,0005-06-19 10:30:00,5,6,19,10,30,680,296.0,,48.23,7.388,Plein jour,Hors agglomération,Intersection en X,Normale,Deux véhicules - frontale,,,,,,,,,,,1,1,2,1,1
200500039140,0005-06-03 17:30:00,5,6,3,17,30,680,155.0,,48.108,7.303,Plein jour,Hors agglomération,Hors intersection,Normale,Deux véhicules - frontale,,,,,,,,,,,1,1,1,1,1
200500039141,0005-06-18 00:15:00,5,6,18,0,15,680,374.0,intersection RN83/CD417,48.072,7.311,Nuit avec éclairage allumé,En agglomération,Hors intersection,Normale,Deux véhicules - frontale,,,,,,,,,,,5,2,1,1,1
200500039142,0005-06-08 14:45:00,5,6,8,14,45,680,315.0,route de Guebwiller,47.902,7.222,Plein jour,En agglomération,Hors intersection,Normale,Deux véhicules - frontale,,,,,,,,,,,1,2,1,1,1
200500039143,0005-06-11 11:15:00,5,6,11,11,15,680,235.0,,47.986,7.437,Plein jour,Hors agglomération,Hors intersection,Normale,Autre collision,,,,,,,,,,,1,1,1,1,6
200500039144,0005-06-04 09:00:00,5,6,4,9,0,680,318.0,,,,Plein jour,Hors agglomération,Hors intersection,Normale,Deux véhicules - frontale,,,,,,,,,,,1,1,1,1,1
200500039145,0005-06-18 16:00:00,5,6,18,16,0,680,154.0,rue de ruelisheim,,,Plein jour,En agglomération,Hors intersection,Normale,Deux véhicules - frontale,,,,,,,,,,,1,2,1,1,1
200500039146,0005-06-23 11:00:00,5,6,23,11,0,680,300.0,avenue général dE GAULLE,47.779,7.383,Plein jour,En agglomération,Hors intersection,Normale,Deux véhicules - arrière,,,,,,,,,,,1,2,1,1,2
200500039147,0005-06-21 07:15:00,5,6,21,7,15,680,270.0,CD19I/CD155,47.78,7.26,Plein jour,En agglomération,Hors intersection,Normale,Deux véhicules - côté,,,,,,,,,,,1,2,1,1,3
200500039148,0005-06-22 16:30:00,5,6,22,16,30,680,254.0,,47.747,7.537,Plein jour,Hors agglomération,Passage à niveau,Normale,Autre collision,,,,,,,,,,,1,1,8,1,6
200500039149,0005-06-02 10:00:00,5,6,2,10,0,680,135.0,64 RUE DE ST LOUIS,47.581,7.529,Plein jour,En agglomération,Autre intersection,Normale,Autre collision,,,,,,,,,,,1,2,9,1,6
200500039150,0005-06-17 13:15:00,5,6,17,13,15,680,135.0,,,,Plein jour,Hors agglomération,Hors intersection,Normale,Deux véhicules - frontale,,,,,,,,,,,1,1,1,1,1
200500039151,0005-06-03 22:30:00,5,6,3,22,30,680,301.0,,47.683,7.433,Nuit sans éclairage public,Hors agglomération,Hors intersection,Pluie forte,Deux véhicules - frontale,,,,,,,,,,,3,1,1,3,1
200500039152,0005-06-26 18:00:00,5,6,26,18,0,680,72.0,,,,Plein jour,Hors agglomération,Hors intersection,Normale,Deux véhicules - côté,,,,,,,,,,,1,1,1,1,3
200500039153,0005-06-17 13:15:00,5,6,17,13,15,680,40.0,RUE RU RHIN - RN 66,,,Plein jour,En agglomération,Autre intersection,Normale,Autre collision,,,,,,,,,,,1,2,9,1,6
200500039154,0005-06-17 19:20:00,5,6,17,19,20,680,322.0,Route de Thann,,,Plein jour,Hors agglomération,Hors intersection,Normale,Sans collision,,,,,,,,,,,1,1,1,1,7
200500039155,0005-06-01 08:45:00,5,6,1,8,45,680,370.0,39 RUE PRINCIPALE,47.981,6.962,Plein jour,En agglomération,Hors intersection,Normale,Deux véhicules - frontale,,,,,,,,,,,1,2,1,1,1
200500039156,0005-06-03 16:45:00,5,6,3,16,45,510,482.0,,48.882,4.439,Plein jour,Hors agglomération,Hors intersection,Pluie forte,Deux véhicules - côté,,,,,,,,,,,1,1,1,3,3
200500039157,0005-06-29 12:30:00,5,6,29,12,30,510,357.0,,48.99,4.24,Plein jour,Hors agglomération,Hors intersection,Normale,Autre collision,,,,,,,,,,,1,1,1,1,6
200500039158,0005-06-29 21:30:00,5,6,29,21,30,510,388.0,110 rue Foch,,,Plein jour,En agglomération,Intersection en X,Normale,Deux véhicules - arrière,,,,,,,,,,,1,2,2,1,2
200500039159,0005-06-23 13:30:00,5,6,23,13,30,510,367.0,RUE D OGER,48.953,4.026,Plein jour,En agglomération,Hors intersection,Normale,Deux véhicules - côté,,,,,,,,,,,1,2,1,1,3
200500039160,0005-06-10 07:00:00,5,6,10,7,0,510,249.0,rue de la République,,,Plein jour,En agglomération,Hors intersection,Normale,Deux véhicules - frontale,,,,,,,,,,,1,2,1,1,1
200500039161,0005-06-04 17:30:00,5,6,4,17,30,510,555.0,,48.74,4.301,Plein jour,Hors agglomération,Hors intersection,Normale,Trois véhicules et plus - collisions multiples,,,,,,,,,,,1,1,1,1,5
200500039162,0005-06-17 17:15:00,5,6,17,17,15,510,545.0,,48.737,4.214,Plein jour,Hors agglomération,Hors intersection,Normale,Autre collision,,,,,,,,,,,1,1,1,1,6
200500039163,0005-06-25 21:00:00,5,6,25,21,0,510,285.0,,48.746,4.123,Plein jour,Hors agglomération,Hors intersection,Normale,Autre collision,,,,,,,,,,,1,1,1,1,6
200500039164,0005-06-02 17:45:00,5,6,2,17,45,510,380.0,,48.869,3.534,Plein jour,Hors agglomération,Hors intersection,Normale,Deux véhicules - frontale,,,,,,,,,,,1,1,1,1,1
200500039165,0005-06-06 19:15:00,5,6,6,19,15,510,279.0,,,,Plein jour,En agglomération,Hors intersection,Normale,Autre collision,,,,,,,,,,,1,2,1,1,6
200500039166,0005-06-25 05:00:00,5,6,25,5,0,510,535.0,RUE NOTRE DAME,48.725,3.724,Crépuscule ou aube,En agglomération,Hors intersection,Normale,Autre collision,,,,,,,,,,,2,2,1,1,6
200500039167,0005-06-04 05:15:00,5,6,4,5,15,510,136.0,PRIEURE DE BINSON,,,Crépuscule ou aube,En agglomération,Hors intersection,Normale,Sans collision,,,,,,,,,,,2,2,1,1,7
200500039168,0005-06-03 16:30:00,5,6,3,16,30,510,139.0,,49.099,4.883,Plein jour,Hors agglomération,Hors intersection,Normale,Autre collision,,,,,,,,,,,1,1,1,1,6
200500039169,0005-06-05 08:15:00,5,6,5,8,15,510,588.0,Rue Procureur,,,Plein jour,En agglomération,Hors intersection,Normale,Autre collision,,,,,,,,,,,1,2,1,1,6
200500039170,0005-06-11 19:30:00,5,6,11,19,30,510,399.0,,49.12,4.858,Plein jour,Hors agglomération,Hors intersection,Normale,Sans collision,,,,,,,,,,,1,1,1,1,7
200500039171,0005-06-12 16:15:00,5,6,12,16,15,510,228.0,,49.043,4.862,Plein jour,Hors agglomération,Hors intersection,Normale,Autre collision,,,,,,,,,,,1,1,1,1,6
200500039172,0005-06-04 15:00:00,5,6,4,15,0,80,139.0,route de sécheval,49.88,4.707,Plein jour,En agglomération,Hors intersection,Normale,Deux véhicules - frontale,,,,,,,,,,,1,2,1,1,1
200500039173,0005-06-24 18:30:00,5,6,24,18,30,80,81.0,rue de l'avenir,49.85,4.77,Plein jour,En agglomération,Hors intersection,Normale,Sans collision,,,,,,,,,,,1,2,1,1,7
200500039174,0005-06-29 11:30:00,5,6,29,11,30,80,284.0,,,,Plein jour,Hors agglomération,Hors intersection,Normale,Deux véhicules - frontale,,,,,,,,,,,1,1,1,1,1
200500039175,0005-06-13 01:30:00,5,6,13,1,30,80,486.0,RD 989,,,Nuit avec éclairage allumé,En agglomération,Hors intersection,Normale,Autre collision,,,,,,,,,,,5,2,1,1,6
200500039176,0005-06-18 05:30:00,5,6,18,5,30,80,190.0,rue Roosevelt,,,Nuit avec éclairage allumé,En agglomération,Hors intersection,Normale,Autre collision,,,,,,,,,,,5,2,1,1,6
200500039177,0005-06-18 17:45:00,5,6,18,17,45,80,172.0,,,,Plein jour,Hors agglomération,Hors intersection,Temps éblouissant,Autre collision,,,,,,,,,,,1,1,1,7,6
200500039178,0005-06-20 19:00:00,5,6,20,19,0,80,375.0,,49.675,5.129,Plein jour,Hors agglomération,Hors intersection,Normale,Deux véhicules - frontale,,,,,,,,,,,1,1,1,1,1
200500039179,0005-06-05 16:45:00,5,6,5,16,45,80,491.0,,49.74,4.872,Plein jour,Hors agglomération,Hors intersection,Normale,Autre collision,,,,,,,,,,,1,1,1,1,6
200500039180,0005-06-14 08:45:00,5,6,14,8,45,80,490.0,,49.47,4.615,Plein jour,Hors agglomération,Hors intersection,Normale,Sans collision,,,,,,,,,,,1,1,1,1,7
200500039181,0005-06-17 14:45:00,5,6,17,14,45,80,490.0,,49.389,4.705,Plein jour,Hors agglomération,Hors intersection,Normale,Autre collision,,,,,,,,,,,1,1,1,1,6
200500039182,0005-06-27 07:30:00,5,6,27,7,30,80,490.0,RD977,49.416,4.724,Plein jour,En agglomération,Hors intersection,Normale,Deux véhicules - arrière,,,,,,,,,,,1,2,1,1,2
200500039183,0005-06-12 14:30:00,5,6,12,14,30,80,49.0,,,,Plein jour,Hors agglomération,Hors intersection,Normale,Deux véhicules - côté,,,,,,,,,,,1,1,1,1,3
200500039184,0005-06-14 18:00:00,5,6,14,18,0,80,75.0,,,,Plein jour,Hors agglomération,Hors intersection,Normale,Deux véhicules - arrière,,,,,,,,,,,1,1,1,1,2
200500039185,0005-06-19 11:00:00,5,6,19,11,0,80,1.0,,,,Plein jour,Hors agglomération,Hors intersection,Normale,Sans collision,,,,,,,,,,,1,1,1,1,7
200500039186,0005-06-22 20:30:00,5,6,22,20,30,100,6.0,RN77,48.534,4.144,Plein jour,En agglomération,Hors intersection,Normale,Deux véhicules - côté,,,,,,,,,,,1,2,1,1,3
200500039187,0005-06-27 01:15:00,5,6,27,1,15,100,51.0,,48.198,4.005,Nuit sans éclairage public,Hors agglomération,Hors intersection,Normale,Autre collision,,,,,,,,,,,3,1,1,1,6
200500039188,0005-06-05 12:00:00,5,6,5,12,0,100,42.0,,,,Plein jour,Hors agglomération,Hors intersection,Normale,Sans collision,,,,,,,,,,,1,1,1,1,7
200500039189,0005-06-08 18:45:00,5,6,8,18,45,100,215.0,,,,Plein jour,Hors agglomération,Hors intersection,Normale,Deux véhicules - frontale,,,,,,,,,,,1,1,1,1,1
200500039190,0005-06-22 18:30:00,5,6,22,18,30,100,427.0,,48.112,4.445,Plein jour,En agglomération,Hors intersection,Normale,Deux véhicules - frontale,,,,,,,,,,,1,2,1,1,1
200500039191,0005-06-06 07:45:00,5,6,6,7,45,100,368.0,,48.417,3.932,Plein jour,Hors agglomération,Hors intersection,Normale,Autre collision,,,,,,,,,,,1,1,1,1,6
200500039192,0005-06-23 11:15:00,5,6,23,11,15,100,323.0,école maternelle gambeta,48.51,3.72,Plein jour,En agglomération,Hors intersection,Normale,Deux véhicules - côté,,,,,,,,,,,1,2,1,1,3
200500039193,0005-06-23 17:30:00,5,6,23,17,30,100,233.0,,48.516,3.903,Plein jour,Hors agglomération,Hors intersection,Normale,Autre collision,,,,,,,,,,,1,1,1,1,6
200500039194,0005-06-03 20:15:00,5,6,3,20,15,520,339.0,,,,Crépuscule ou aube,Hors agglomération,Hors intersection,Normale,Deux véhicules - côté,,,,,,,,,,,2,1,1,1,3
200500039195,0005-06-13 07:45:00,5,6,13,7,45,520,251.0,,,,Plein jour,Hors agglomération,Hors intersection,Normale,Sans collision,,,,,,,,,,,1,1,1,1,7
200500039196,0005-06-22 14:00:00,5,6,22,14,0,520,87.0,,,,Plein jour,Hors agglomération,Hors intersection,Normale,Deux véhicules - frontale,,,,,,,,,,,1,1,1,1,1
200500039197,0005-06-25 04:30:00,5,6,25,4,30,520,313.0,,,,Nuit sans éclairage public,Hors agglomération,Hors intersection,Normale,Autre collision,,,,,,,,,,,3,1,1,1,6
200500039198,0005-06-03 17:45:00,5,6,3,17,45,520,50.0,Route de Chaumont,48.089,5.292,Plein jour,En agglomération,Autre intersection,Pluie forte,Deux véhicules - côté,,,,,,,,,,,1,2,9,3,3
200500039199,0005-06-14 11:00:00,5,6,14,11,0,520,50.0,,48.09,5.297,Plein jour,En agglomération,Hors intersection,Temps éblouissant,Deux véhicules - côté,,,,,,,,,,,1,2,1,7,3
200500039200,0005-06-18 08:45:00,5,6,18,8,45,520,248.0,,,,Nuit sans éclairage public,Hors agglomération,Hors intersection,Normale,Sans collision,,,,,,,,,,,3,1,1,1,7
200500039201,0005-06-02 21:00:00,5,6,2,21,0,520,221.0,,48.164,5.016,Plein jour,Hors agglomération,Hors intersection,Normale,Autre collision,,,,,,,,,,,1,1,1,1,6
200500039202,0005-06-13 08:00:00,5,6,13,8,0,520,524.0,,,,Plein jour,Hors agglomération,Hors intersection,Normale,Deux véhicules - côté,,,,,,,,,,,1,1,1,1,3
200500039203,0005-06-22 23:15:00,5,6,22,23,15,520,547.0,,,,Nuit avec éclairage non allumé,En agglomération,Hors intersection,Normale,Deux véhicules - frontale,,,,,,,,,,,4,2,1,1,1
200500039204,0005-06-12 17:00:00,5,6,12,17,0,520,380.0,+ 300 Coteau des Venées,47.891,5.361,Plein jour,Hors agglomération,Hors intersection,Normale,Trois véhicules et plus - collisions multiples,,,,,,,,,,,1,1,1,1,5
200500039205,0005-06-23 18:15:00,5,6,23,18,15,520,269.0,Avenue du Capitaine BAUD,47.858,5.33,Plein jour,En agglomération,Hors intersection,Temps couvert,Autre collision,,,,,,,,,,,1,2,1,8,6
200500039206,0005-06-05 19:15:00,5,6,5,19,15,520,60.0,34 rue Athanase RENARD,47.95,5.74,Plein jour,En agglomération,Hors intersection,Normale,Autre collision,,,,,,,,,,,1,2,1,1,6
200500039207,0005-06-18 07:00:00,5,6,18,7,0,520,111.0,,,,Plein jour,Hors agglomération,Hors intersection,Normale,Deux véhicules - frontale,,,,,,,,,,,1,1,1,1,1
200500039208,0005-06-24 14:00:00,5,6,24,14,0,520,60.0,rue des capucins,,,Plein jour,En agglomération,Hors intersection,Normale,Autre collision,,,,,,,,,,,1,2,1,1,6
200500039209,0005-06-02 12:15:00,5,6,2,12,15,520,438.0,,47.82,5.592,Plein jour,Hors agglomération,Hors intersection,Normale,Autre collision,,,,,,,,,,,1,1,1,1,6
200500039210,0005-06-26 13:45:00,5,6,26,13,45,520,394.0,,47.763,5.633,Plein jour,Hors agglomération,Hors intersection,Normale,Autre collision,,,,,,,,,,,1,1,1,1,6
200500039211,0005-06-25 16:45:00,5,6,25,16,45,520,360.0,,47.621,5.256,Plein jour,Hors agglomération,Hors intersection,Normale,Autre collision,,,,,,,,,,,1,1,1,1,6