accident_id,datetime,annee,mois,jour,heure,minute,departement,commune_insee,adresse,latitude,longitude,luminosite,agglomeration,intersection,meteo,collision,nb_vehicules,nb_usagers,nb_indemnes,nb_tues,nb_blesses_hosp,nb_blesses_legers,age_cond_1,age_cond_2,veh_type_cond_1,veh_type_cond_2,lum_code,agg_code,int_code,atm_code,col_code
200500039350,0005-06-01 18:45:00,5,6,1,18,45,250,442.0,Centre village,,,Plein jour,En agglomération,Hors intersection,Normale,Autre collision,,,,,,,,,,,1,2,1,1,6
200500039351,0005-06-20 17:15:00,5,6,20,17,15,250,309.0,,,,Plein jour,Hors agglomération,Hors intersection,Normale,Deux véhicules - frontale,,,,,,,,,,,1,1,1,1,1
200500039352,0005-06-11 15:00:00,5,6,11,15,0,250,263.0,12 RUE PRINCIPALE,46.737,6.239,Plein jour,En agglomération,Hors intersection,Normale,Autre collision,,,,,,,,,,,1,2,1,1,6
200500039353,0005-06-07 13:45:00,5,6,7,13,45,250,271.0,,47.056,6.519,Plein jour,Hors agglomération,Hors intersection,Normale,Deux véhicules - frontale,,,,,,,,,,,1,1,1,1,1
200500039354,0005-06-18 16:30:00,5,6,18,16,30,390,320.0,LIEU DIT SELLIERES,46.58,5.385,Plein jour,En agglomération,Hors intersection,Normale,Deux véhicules - côté,,,,,,,,,,,1,2,1,1,3
200500039355,0005-06-11 14:00:00,5,6,11,14,0,390,97.0,Allée de la libération,,,Plein jour,En agglomération,Hors intersection,Normale,Autre collision,,,,,,,,,,,1,2,1,1,6
200500039356,0005-06-01 08:15:00,5,6,1,8,15,390,13.0,,46.916,5.771,Plein jour,Hors agglomération,Intersection en T,Normale,Deux véhicules - côté,,,,,,,,,,,1,1,3,1,3
200500039357,0005-06-05 06:15:00,5,6,5,6,15,390,401.0,,,,Plein jour,Hors agglomération,Hors intersection,Normale,Autre collision,,,,,,,,,,,1,1,1,1,6
200500039358,0005-06-11 18:45:00,5,6,11,18,45,390,13.0,Grande Rue,46.906,5.776,Plein jour,En agglomération,Hors intersection,Normale,Autre collision,,,,,,,,,,,1,2,1,1,6
200500039359,0005-06-17 16:45:00,5,6,17,16,45,390,434.0,ZI,46.852,5.699,Plein jour,En agglomération,Hors intersection,Normale,Deux véhicules - côté,,,,,,,,,,,1,2,1,1,3
200500039360,0005-06-27 08:15:00,5,6,27,8,15,390,49.0,,46.864,5.609,Plein jour,Hors agglomération,Hors intersection,Normale,Deux véhicules - côté,,,,,,,,,,,1,1,1,1,3
200500039361,0005-06-22 20:15:00,5,6,22,20,15,390,13.0,,46.899,5.733,Plein jour,Hors agglomération,Hors intersection,Normale,Deux véhicules - arrière,,,,,,,,,,,1,1,1,1,2
200500039362,0005-06-01 13:30:00,5,6,1,13,30,390,500.0,Place des Alliers,46.943,5.878,Plein jour,En agglomération,Intersection en X,Normale,Deux véhicules - côté,,,,,,,,,,,1,2,2,1,3
200500039363,0005-06-13 16:45:00,5,6,13,16,45,390,72.0,,,,Plein jour,Hors agglomération,Hors intersection,Normale,Sans collision,,,,,,,,,,,1,1,1,1,7
200500039364,0005-06-24 01:30:00,5,6,24,1,30,390,206.0,Grande rue,,,Nuit sans éclairage public,En agglomération,Hors intersection,Normale,Autre collision,,,,,,,,,,,3,2,1,1,6
200500039365,0005-06-19 11:45:00,5,6,19,11,45,390,476.0,56 grande rue,,,Plein jour,En agglomération,Autre intersection,Normale,Deux véhicules - arrière,,,,,,,,,,,1,2,9,1,2
200500039366,0005-06-08 21:00:00,5,6,8,21,0,390,365.0,,46.989,5.617,Crépuscule ou aube,Hors agglomération,Hors intersection,Normale,Autre collision,,,,,,,,,,,2,1,1,1,6
200500039367,0005-06-06 17:30:00,5,6,6,17,30,390,219.0,,47.181,5.789,Plein jour,Hors agglomération,Hors intersection,Temps couvert,Deux véhicules - frontale,,,,,,,,,,,1,1,1,8,1
200500039368,0005-06-19 15:00:00,5,6,19,15,0,390,478.0,,,,Plein jour,Hors agglomération,Hors intersection,Normale,Trois véhicules et plus - collisions multiples,,,,,,,,,,,1,1,1,1,5
200500039369,0005-06-24 23:15:00,5,6,24,23,15,700,433.0,,,,Nuit sans éclairage public,Hors agglomération,Hors intersection,Normale,Deux véhicules - arrière,,,,,,,,,,,3,1,1,1,2
200500039370,0005-06-05 10:45:00,5,6,5,10,45,700,324.0,,47.56,6.074,Plein jour,Hors agglomération,Hors intersection,Normale,Autre collision,,,,,,,,,,,1,1,1,1,6
200500039371,0005-06-25 22:45:00,5,6,25,22,45,700,384.0,Route de Fretigney,,,Nuit sans éclairage public,En agglomération,Hors intersection,Normale,Sans collision,,,,,,,,,,,3,2,1,1,7
200500039372,0005-06-04 16:45:00,5,6,4,16,45,700,575.0,,,,Plein jour,Hors agglomération,Hors intersection,Normale,Deux véhicules - arrière,,,,,,,,,,,1,1,1,1,2
200500039373,0005-06-24 16:55:00,5,6,24,16,55,700,310.0,"RN 19, PR 73,500",,,Plein jour,Hors agglomération,Hors intersection,Normale,Trois véhicules et plus - collisions multiples,,,,,,,,,,,1,1,1,1,5
200500039374,0005-06-04 04:00:00,5,6,4,4,0,700,157.0,,47.67,6.607,Nuit sans éclairage public,Hors agglomération,Hors intersection,Normale,Sans collision,,,,,,,,,,,3,1,1,1,7
200500039375,0005-06-06 17:45:00,5,6,6,17,45,700,317.0,,,,Plein jour,Hors agglomération,Hors intersection,Normale,Deux véhicules - frontale,,,,,,,,,,,1,1,1,1,1
200500039376,0005-06-05 15:30:00,5,6,5,15,30,700,579.0,,,,Plein jour,Hors agglomération,Hors intersection,Normale,Sans collision,,,,,,,,,,,1,1,1,1,7
200500039377,0005-06-18 10:45:00,5,6,18,10,45,700,526.0,RUE DES PETITS CLOUS,47.928,6.098,Plein jour,En agglomération,Hors intersection,Normale,Deux véhicules - frontale,,,,,,,,,,,1,2,1,1,1
200500039378,0005-06-22 16:45:00,5,6,22,16,45,700,97.0,,,,Plein jour,Hors agglomération,Hors intersection,Normale,Autre collision,,,,,,,,,,,1,1,1,1,6
200500039379,0005-06-27 17:45:00,5,6,27,17,45,700,126.0,5 rue de Bonboillon,47.327,5.682,Plein jour,En agglomération,Hors intersection,Normale,Autre collision,,,,,,,,,,,1,2,1,1,6
200500039380,0005-06-03 16:30:00,5,6,3,16,30,900,65.0,,47.805,6.842,Plein jour,Hors agglomération,Hors intersection,Normale,Sans collision,,,,,,,,,,,1,1,1,1,7
200500039381,0005-06-16 18:30:00,5,6,16,18,30,900,65.0,,,,Plein jour,Hors agglomération,Hors intersection,Normale,Deux véhicules - frontale,,,,,,,,,,,1,1,1,1,1
200500039382,0005-06-25 14:15:00,5,6,25,14,15,900,52.0,4 Faubourg de Belfort,,,Plein jour,En agglomération,Hors intersection,Normale,Autre collision,,,,,,,,,,,1,2,1,1,6
200500039383,0005-06-05 20:30:00,5,6,5,20,30,900,51.0,CD 23,47.563,6.941,Plein jour,En agglomération,Intersection en T,Normale,Trois véhicules et plus - collisions multiples,,,,,,,,,,,1,2,3,1,5
200500039384,0005-06-27 19:30:00,5,6,27,19,30,900,51.0,,47.566,6.949,Plein jour,Hors agglomération,Hors intersection,Normale,Deux véhicules - frontale,,,,,,,,,,,1,1,1,1,1
200500039385,0005-06-09 10:00:00,5,6,9,10,0,260,106.0,,,,Plein jour,Hors agglomération,Hors intersection,Normale,Sans collision,,,,,,,,,,,1,1,1,1,7
200500039386,0005-06-01 00:01:00,5,6,1,0,1,130,59.0,,43.648,5.497,Nuit sans éclairage public,Hors agglomération,Hors intersection,Normale,Autre collision,,,,,,,,,,,3,1,1,1,6
200500039387,0005-06-02 18:15:00,5,6,2,18,15,130,99.0,Route de la source,43.686,5.713,Plein jour,En agglomération,Hors intersection,Normale,Deux véhicules - frontale,,,,,,,,,,,1,2,1,1,1
200500039388,0005-06-12 03:00:00,5,6,12,3,0,130,59.0,,43.647,5.548,Nuit sans éclairage public,Hors agglomération,Hors intersection,Normale,Deux véhicules - frontale,,,,,,,,,,,3,1,1,1,1
200500039389,0005-06-13 16:45:00,5,6,13,16,45,130,99.0,CD952,43.689,5.711,Plein jour,En agglomération,Autre intersection,Normale,Deux véhicules - arrière,,,,,,,,,,,1,2,9,1,2
200500039390,0005-06-13 12:30:00,5,6,13,12,30,130,107.0,,43.433,5.445,Plein jour,Hors agglomération,Hors intersection,Normale,Sans collision,,,,,,,,,,,1,1,1,1,7
200500039391,0005-06-01 19:30:00,5,6,1,19,30,130,19.0,,43.445,5.362,Plein jour,Hors agglomération,Hors intersection,Normale,Deux véhicules - frontale,,,,,,,,,,,1,1,1,1,1
200500039392,0005-06-05 19:00:00,5,6,5,19,0,130,19.0,,43.432,5.371,Plein jour,Hors agglomération,Hors intersection,Normale,Deux véhicules - frontale,,,,,,,,,,,1,1,1,1,1
200500039393,0005-06-06 16:15:00,5,6,6,16,15,130,15.0,,43.451,5.398,Plein jour,Hors agglomération,Intersection en X,Normale,Trois véhicules et plus - collisions multiples,,,,,,,,,,,1,1,2,1,5
200500039394,0005-06-17 18:00:00,5,6,17,18,0,130,15.0,Avenue Thiers,43.45,5.403,Plein jour,En agglomération,Autre intersection,Normale,Deux véhicules - côté,,,,,,,,,,,1,2,9,1,3
200500039395,0005-06-26 03:30:00,5,6,26,3,30,130,19.0,Plan de campagne,43.422,5.355,Nuit avec éclairage allumé,En agglomération,Giratoire,Normale,Autre collision,,,,,,,,,,,5,2,6,1,6
200500039396,0005-06-21 15:15:00,5,6,21,15,15,130,15.0,RN8,43.441,5.398,Plein jour,En agglomération,Hors intersection,Normale,Deux véhicules - côté,,,,,,,,,,,1,2,1,1,3
200500039397,0005-06-04 07:30:00,5,6,4,7,30,130,72.0,,,,Plein jour,Hors agglomération,Hors intersection,Normale,Deux véhicules - arrière,,,,,,,,,,,1,1,1,1,2
200500039398,0005-06-18 13:45:00,5,6,18,13,45,130,110.0,,43.454,5.672,Plein jour,En agglomération,Hors intersection,Normale,Deux véhicules - côté,,,,,,,,,,,1,2,1,1,3
200500039399,0005-06-28 23:15:00,5,6,28,23,15,130,110.0,,43.46,5.662,Nuit sans éclairage public,Hors agglomération,Hors intersection,Normale,Sans collision,,,,,,,,,,,3,1,1,1,7
200500039400,0005-06-10 07:00:00,5,6,10,7,0,130,27.0,Chemin St Gabriel,43.874,4.845,Crépuscule ou aube,En agglomération,Hors intersection,Normale,Deux véhicules - côté,,,,,,,,,,,2,2,1,1,3
200500039401,0005-06-10 17:15:00,5,6,10,17,15,130,66.0,,43.887,4.916,Plein jour,Hors agglomération,Hors intersection,Normale,Deux véhicules - arrière,,,,,,,,,,,1,1,1,1,2
200500039402,0005-06-24 16:15:00,5,6,24,16,15,130,27.0,,43.896,4.832,Plein jour,Hors agglomération,Hors intersection,Normale,Deux véhicules - côté,,,,,,,,,,,1,1,1,1,3
200500039403,0005-06-16 05:15:00,5,6,16,5,15,130,96.0,,43.582,4.433,Crépuscule ou aube,Hors agglomération,Hors intersection,Normale,Sans collision,,,,,,,,,,,2,1,1,1,7
200500039404,0005-06-14 07:30:00,5,6,14,7,30,130,100.0,,,,Crépuscule ou aube,Hors agglomération,Hors intersection,Temps couvert,Autre collision,,,,,,,,,,,2,1,1,8,6
200500039405,0005-06-19 00:45:00,5,6,19,0,45,130,100.0,,,,Nuit sans éclairage public,Hors agglomération,Hors intersection,Normale,Deux véhicules - frontale,,,,,,,,,,,3,1,1,1,1
200500039406,0005-06-20 18:00:00,5,6,20,18,0,130,100.0,,,,Plein jour,Hors agglomération,Intersection en T,Normale,Trois véhicules et plus - collisions multiples,,,,,,,,,,,1,1,3,1,5
200500039407,0005-06-05 02:00:00,5,6,5,2,0,130,42.0,Ave du Chemin de Jouques,,,Nuit avec éclairage allumé,En agglomération,Hors intersection,Normale,Autre collision,,,,,,,,,,,5,2,1,1,6
200500039408,0005-06-15 08:45:00,5,6,15,8,45,130,22.0,,43.234,5.527,Plein jour,Hors agglomération,Hors intersection,Normale,Trois véhicules et plus - collisions multiples,,,,,,,,,,,1,1,1,1,5
200500039409,0005-06-17 20:30:00,5,6,17,20,30,130,22.0,,,,Plein jour,Hors agglomération,Hors intersection,Normale,Sans collision,,,,,,,,,,,1,1,1,1,7
200500039410,0005-06-17 07:45:00,5,6,17,7,45,130,119.0,,43.264,5.573,Crépuscule ou aube,En agglomération,Hors intersection,Normale,Deux véhicules - arrière,,,,,,,,,,,2,2,1,1,2
200500039411,0005-06-03 22:00:00,5,6,3,22,0,130,73.0,,,,Nuit avec éclairage allumé,Hors agglomération,Hors intersection,Normale,Deux véhicules - frontale,,,,,,,,,,,5,1,1,1,1
200500039412,0005-06-06 09:15:00,5,6,6,9,15,130,73.0,,43.404,5.563,Plein jour,Hors agglomération,Hors intersection,Normale,Deux véhicules - côté,,,,,,,,,,,1,1,1,1,3
200500039413,0005-06-21 12:00:00,5,6,21,12,0,130,73.0,,,,Plein jour,Hors agglomération,Hors intersection,Normale,Sans collision,,,,,,,,,,,1,1,1,1,7
200500039414,0005-06-04 18:45:00,5,6,4,18,45,130,86.0,,43.368,5.613,Plein jour,Hors agglomération,Hors intersection,Normale,Trois véhicules et plus - collisions multiples,,,,,,,,,,,1,1,1,1,5
200500039415,0005-06-16 08:15:00,5,6,16,8,15,130,7.0,,,,Plein jour,Hors agglomération,Hors intersection,Normale,Deux véhicules - frontale,,,,,,,,,,,1,1,1,1,1
200500039416,0005-06-14 08:30:00,5,6,14,8,30,130,31.0,RN 96,,,Plein jour,En agglomération,Hors intersection,Normale,Deux véhicules - côté,,,,,,,,,,,1,2,1,1,3
200500039417,0005-06-17 18:15:00,5,6,17,18,15,130,86.0,,43.355,5.605,Plein jour,En agglomération,Hors intersection,Normale,Autre collision,,,,,,,,,,,1,2,1,1,6
200500039418,0005-06-24 13:00:00,5,6,24,13,0,130,16.0,rn96,43.396,5.596,Plein jour,En agglomération,Hors intersection,Normale,Trois véhicules et plus - collisions multiples,,,,,,,,,,,1,2,1,1,5
200500039419,0005-06-09 16:45:00,5,6,9,16,45,130,14.0,,,,Plein jour,Hors agglomération,Hors intersection,Normale,Deux véhicules - frontale,,,,,,,,,,,1,1,1,1,1
200500039420,0005-06-24 17:15:00,5,6,24,17,15,130,14.0,,43.542,5.047,Plein jour,Hors agglomération,Hors intersection,Normale,Deux véhicules - frontale,,,,,,,,,,,1,1,1,1,1
200500039421,0005-06-08 16:15:00,5,6,8,16,15,130,53.0,CD23,43.736,5.184,Plein jour,En agglomération,Hors intersection,Normale,Autre collision,,,,,,,,,,,1,2,1,1,6
200500039422,0005-06-07 17:45:00,5,6,7,17,45,130,116.0,,,,Plein jour,Hors agglomération,Intersection en X,Normale,Deux véhicules - côté,,,,,,,,,,,1,1,2,1,3
200500039423,0005-06-17 07:45:00,5,6,17,7,45,130,64.0,,,,Plein jour,Hors agglomération,Hors intersection,Normale,Autre collision,,,,,,,,,,,1,1,1,1,6
200500039424,0005-06-22 17:15:00,5,6,22,17,15,130,84.0,Avenue du Parc,43.725,5.312,Plein jour,En agglomération,Hors intersection,Normale,Deux véhicules - frontale,,,,,,,,,,,1,2,1,1,1
200500039425,0005-06-26 09:00:00,5,6,26,9,0,40,46.0,,,,Plein jour,Hors agglomération,Hors intersection,Normale,Autre collision,,,,,,,,,,,1,1,1,1,6
200500039426,0005-06-08 12:45:00,5,6,8,12,45,40,116.0,,44.021,5.957,Plein jour,Hors agglomération,Hors intersection,Normale,Trois véhicules et plus - collisions multiples,,,,,,,,,,,1,1,1,1,5
200500039427,0005-06-26 09:30:00,5,6,26,9,30,40,143.0,RUE ABDIN MARTIN,,,Plein jour,En agglomération,Hors intersection,Normale,Deux véhicules - côté,,,,,,,,,,,1,2,1,1,3
200500039428,0005-06-18 12:45:00,5,6,18,12,45,40,74.0,,,,Plein jour,Hors agglomération,Hors intersection,Normale,Deux véhicules - arrière,,,,,,,,,,,1,1,1,1,2
200500039429,0005-06-16 23:15:00,5,6,16,23,15,40,201.0,,,,Nuit sans éclairage public,Hors agglomération,Hors intersection,Normale,Sans collision,,,,,,,,,,,3,1,1,1,7
200500039430,0005-06-19 13:30:00,5,6,19,13,30,40,208.0,,43.951,5.529,Plein jour,Hors agglomération,Hors intersection,Normale,Autre collision,,,,,,,,,,,1,1,1,1,6
200500039431,0005-06-23 18:30:00,5,6,23,18,30,40,65.0,,44.066,5.837,Plein jour,En agglomération,Hors intersection,Normale,Trois véhicules et plus - collisions multiples,,,,,,,,,,,1,2,1,1,5
200500039432,0005-06-27 08:30:00,5,6,27,8,30,40,178.0,,44.04,5.77,Plein jour,Hors agglomération,Hors intersection,Normale,Autre collision,,,,,,,,,,,1,1,1,1,6
200500039433,0005-06-10 08:00:00,5,6,10,8,0,40,152.0,traverse des farigoules,,,Plein jour,En agglomération,Hors intersection,Normale,Deux véhicules - côté,,,,,,,,,,,1,2,1,1,3
200500039434,0005-06-16 14:15:00,5,6,16,14,15,40,145.0,rue de la LURE,44.142,5.953,Plein jour,En agglomération,Hors intersection,Normale,Deux véhicules - frontale,,,,,,,,,,,1,2,1,1,1
200500039435,0005-06-04 01:30:00,5,6,4,1,30,50,53.0,rn75,44.35,5.773,Nuit avec éclairage allumé,En agglomération,Hors intersection,Normale,Autre collision,,,,,,,,,,,5,2,1,1,6
200500039436,0005-06-28 14:15:00,5,6,28,14,15,50,14.0,,44.289,5.731,Plein jour,Hors agglomération,Hors intersection,Normale,Autre collision,,,,,,,,,,,1,1,1,1,6
200500039437,0005-06-08 12:45:00,5,6,8,12,45,50,160.0,,44.244,5.722,Plein jour,Hors agglomération,Hors intersection,Normale,Autre collision,,,,,,,,,,,1,1,1,1,6
200500039438,0005-06-13 06:45:00,5,6,13,6,45,50,34.0,,44.267,5.823,Plein jour,Hors agglomération,Hors intersection,Normale,Autre collision,,,,,,,,,,,1,1,1,1,6
200500039439,0005-06-27 10:45:00,5,6,27,10,45,50,178.0,,44.35,5.911,Plein jour,Hors agglomération,Hors intersection,Normale,Sans collision,,,,,,,,,,,1,1,1,1,7
200500039440,0005-06-26 04:30:00,5,6,26,4,30,50,145.0,,,,Nuit sans éclairage public,Hors agglomération,Hors intersection,Normale,Autre collision,,,,,,,,,,,3,1,1,1,6
200500039441,0005-06-05 18:30:00,5,6,5,18,30,50,162.0,RIO VERT,44.43,6.01,Plein jour,En agglomération,Hors intersection,Normale,Autre collision,,,,,,,,,,,1,2,1,1,6
200500039442,0005-06-07 16:45:00,5,6,7,16,45,50,162.0,,44.43,6.02,Plein jour,Hors agglomération,Intersection en T,Normale,Deux véhicules - arrière,,,,,,,,,,,1,1,3,1,2
200500039443,0005-06-23 12:00:00,5,6,23,12,0,50,50.0,,44.46,6.21,Plein jour,Hors agglomération,Hors intersection,Normale,Deux véhicules - arrière,,,,,,,,,,,1,1,1,1,2
200500039444,0005-06-27 17:30:00,5,6,27,17,30,50,162.0,,44.438,6.024,Plein jour,Hors agglomération,Intersection en T,Normale,Deux véhicules - côté,,,,,,,,,,,1,1,3,1,3
200500039445,0005-06-09 11:15:00,5,6,9,11,15,50,35.0,,44.524,5.883,Plein jour,Hors agglomération,Hors intersection,Normale,Deux véhicules - frontale,,,,,,,,,,,1,1,1,1,1
200500039446,0005-06-25 17:45:00,5,6,25,17,45,50,179.0,,,,Plein jour,Hors agglomération,Hors intersection,Normale,Deux véhicules - frontale,,,,,,,,,,,1,1,1,1,1
200500039447,0005-06-07 13:45:00,5,6,7,13,45,50,109.0,,44.896,6.62,Plein jour,Hors agglomération,Hors intersection,Normale,Deux véhicules - frontale,,,,,,,,,,,1,1,1,1,1
200500039448,0005-06-11 18:00:00,5,6,11,18,0,50,38.0,,44.762,6.803,Plein jour,Hors agglomération,Intersection en X,Normale,Deux véhicules - frontale,,,,,,,,,,,1,1,2,1,1
200500039449,0005-06-21 14:00:00,5,6,21,14,0,50,106.0,,44.535,6.342,Plein jour,Hors agglomération,Hors intersection,Normale,Sans collision,,,,,,,,,,,1,1,1,1,7
200500039450,0005-06-21 22:15:00,5,6,21,22,15,50,84.0,,44.563,6.218,Nuit sans éclairage public,Hors agglomération,Hors intersection,Normale,Deux véhicules - côté,,,,,,,,,,,3,1,1,1,3
200500039451,0005-06-01 13:30:00,5,6,1,13,30,50,136.0,,,,Plein jour,Hors agglomération,Hors intersection,Normale,Deux véhicules - frontale,,,,,,,,,,,1,1,1,1,1
200500039452,0005-06-15 16:45:00,5,6,15,16,45,60,48.0,carrefour CD 2204 CD 15,,,Nuit avec éclairage allumé,En agglomération,Hors intersection,Normale,Autre collision,,,,,,,,,,,5,2,1,1,6
200500039453,0005-06-15 13:15:00,5,6,15,13,15,60,48.0,"CD 15, PK 4,175",,,Plein jour,En agglomération,Hors intersection,Normale,Deux véhicules - frontale,,,,,,,,,,,1,2,1,1,1
200500039454,0005-06-24 09:30:00,5,6,24,9,30,60,43.0,,,,Plein jour,Hors agglomération,Hors intersection,Normale,Deux véhicules - frontale,,,,,,,,,,,1,1,1,1,1
200500039455,0005-06-12 08:45:00,5,6,12,8,45,60,6.0,,,,Plein jour,Hors agglomération,Hors intersection,Normale,Autre collision,,,,,,,,,,,1,1,1,1,6
200500039456,0005-06-20 14:00:00,5,6,20,14,0,60,33.0,Zone industrielle,,,Plein jour,En agglomération,Hors intersection,Normale,Deux véhicules - côté,,,,,,,,,,,1,2,1,1,3
200500039457,0005-06-02 07:45:00,5,6,2,7,45,60,74.0,,43.96,7.28,Plein jour,Hors agglomération,Hors intersection,Normale,Deux véhicules - côté,,,,,,,,,,,1,1,1,1,3
200500039458,0005-06-11 15:30:00,5,6,11,15,30,60,151.0,,,,Plein jour,Hors agglomération,Intersection en T,Normale,Deux véhicules - frontale,,,,,,,,,,,1,1,3,1,1
200500039459,0005-06-17 15:00:00,5,6,17,15,0,60,103.0,ROQUEBILLIERE LE VIEUX,44.023,7.312,Plein jour,En agglomération,Hors intersection,Normale,Deux véhicules - côté,,,,,,,,,,,1,2,1,1,3
200500039460,0005-06-12 16:00:00,5,6,12,16,0,60,138.0,,,,Plein jour,Hors agglomération,Hors intersection,Normale,Deux véhicules - frontale,,,,,,,,,,,1,1,1,1,1
200500039461,0005-06-13 16:15:00,5,6,13,16,15,60,79.0,ROND POINT DES TOURRADES,,,Plein jour,En agglomération,Giratoire,Normale,Deux véhicules - frontale,,,,,,,,,,,1,2,6,1,1
200500039462,0005-06-16 02:30:00,5,6,16,2,30,60,79.0,,43.539,6.946,Nuit avec éclairage allumé,En agglomération,Intersection en X,Normale,Deux véhicules - côté,,,,,,,,,,,5,2,2,1,3
200500039463,0005-06-26 19:45:00,5,6,26,19,45,60,79.0,AV DES ANCIENS COMBATTAN,43.545,6.934,Plein jour,En agglomération,Hors intersection,Normale,Deux véhicules - côté,,,,,,,,,,,1,2,1,1,3
200500039464,0005-06-15 16:30:00,5,6,15,16,30,60,140.0,,43.633,6.838,Plein jour,Hors agglomération,Hors intersection,Normale,Deux véhicules - côté,,,,,,,,,,,1,1,1,1,3
200500039465,0005-06-28 12:00:00,5,6,28,12,0,60,134.0,,,,Plein jour,Hors agglomération,Hors intersection,Normale,Autre collision,,,,,,,,,,,1,1,1,1,6
200500039466,0005-06-19 09:50:00,5,6,19,9,50,60,122.0,"CD 2210, PK 9",,,Plein jour,En agglomération,Hors intersection,Normale,Deux véhicules - frontale,,,,,,,,,,,1,2,1,1,1
200500039467,0005-06-14 08:45:00,5,6,14,8,45,60,33.0,,,,Plein jour,Hors agglomération,Hors intersection,Pluie forte,Trois véhicules et plus - en chaîne,,,,,,,,,,,1,1,1,3,4
200500039468,0005-06-16 11:45:00,5,6,16,11,45,60,33.0,,,,Plein jour,Hors agglomération,Hors intersection,Normale,Deux véhicules - côté,,,,,,,,,,,1,1,1,1,3
200500039469,0005-06-17 08:00:00,5,6,17,8,0,60,33.0,,,,Plein jour,Hors agglomération,Hors intersection,Normale,Deux véhicules - frontale,,,,,,,,,,,1,1,1,1,1
200500039470,0005-06-19 16:00:00,5,6,19,16,0,60,36.0,,43.833,7.475,Plein jour,Hors agglomération,Hors intersection,Normale,Autre collision,,,,,,,,,,,1,1,1,1,6
200500039471,0005-06-22 08:30:00,5,6,22,8,30,60,59.0,,43.73,7.35,Plein jour,Hors agglomération,Hors intersection,Normale,Autre collision,,,,,,,,,,,1,1,1,1,6
200500039472,0005-06-28 17:00:00,5,6,28,17,0,60,32.0,PK 01+700,43.73,7.37,Plein jour,En agglomération,Hors intersection,Normale,Deux véhicules - côté,,,,,,,,,,,1,2,1,1,3
200500039473,0005-06-11 17:50:00,5,6,11,17,50,60,78.0,RN 202 PR 83+550,,,Plein jour,Hors agglomération,Hors intersection,Normale,Autre collision,,,,,,,,,,,1,1,1,1,6
200500039474,0005-06-30 09:15:00,5,6,30,9,15,60,153.0,cd 2565,44.07,7.203,Plein jour,En agglomération,Hors intersection,Normale,Sans collision,,,,,,,,,,,1,2,1,1,7
200500039475,0005-06-22 22:45:00,5,6,22,22,45,830,38.0,Les Prannes,,,Nuit sans éclairage public,Hors agglomération,Hors intersection,Normale,Autre collision,,,,,,,,,,,3,1,1,1,6
200500039476,0005-06-04 10:00:00,5,6,4,10,0,830,4.0,,,,Plein jour,Hors agglomération,Hors intersection,Normale,Deux véhicules - côté,,,,,,,,,,,1,1,1,1,3
200500039477,0005-06-05 04:15:00,5,6,5,4,15,830,56.0,,,,Nuit sans éclairage public,Hors agglomération,Hors intersection,Normale,Sans collision,,,,,,,,,,,3,1,1,1,7
200500039478,0005-06-16 19:30:00,5,6,16,19,30,830,11.0,,,,Plein jour,Hors agglomération,Hors intersection,Normale,Deux véhicules - côté,,,,,,,,,,,1,1,1,1,3
200500039479,0005-06-18 04:30:00,5,6,18,4,30,830,82.0,,,,Nuit sans éclairage public,Hors agglomération,Hors intersection,Normale,Deux véhicules - côté,,,,,,,,,,,3,1,1,1,3
200500039480,0005-06-13 17:00:00,5,6,13,17,0,830,81.0,,,,Plein jour,Hors agglomération,Hors intersection,Normale,Deux véhicules - frontale,,,,,,,,,,,1,1,1,1,1
200500039481,0005-06-29 15:30:00,5,6,29,15,30,830,29.0,,,,Plein jour,Hors agglomération,Hors intersection,Normale,Deux véhicules - côté,,,,,,,,,,,1,1,1,1,3
200500039482,0005-06-29 12:15:00,5,6,29,12,15,830,117.0,,,,Plein jour,Hors agglomération,Hors intersection,Normale,Autre collision,,,,,,,,,,,1,1,1,1,6
200500039483,0005-06-25 22:45:00,5,6,25,22,45,830,72.0,200 av de la liberation,,,Nuit avec éclairage allumé,En agglomération,Hors intersection,Normale,Deux véhicules - frontale,,,,,,,,,,,5,2,1,1,1
200500039484,0005-06-01 13:15:00,5,6,1,13,15,830,143.0,,43.457,6.116,Plein jour,Hors agglomération,Hors intersection,Normale,Deux véhicules - frontale,,,,,,,,,,,1,1,1,1,1
200500039485,0005-06-02 12:30:00,5,6,2,12,30,830,23.0,CHEMIN ST JEAN,,,Plein jour,En agglomération,Hors intersection,Normale,Autre collision,,,,,,,,,,,1,2,1,1,6
200500039486,0005-06-05 10:45:00,5,6,5,10,45,830,23.0,,,,Plein jour,Hors agglomération,Hors intersection,Normale,Trois véhicules et plus - en chaîne,,,,,,,,,,,1,1,1,1,4
200500039487,0005-06-12 16:45:00,5,6,12,16,45,830,151.0,,,,Plein jour,Hors agglomération,Hors intersection,Normale,Deux véhicules - frontale,,,,,,,,,,,1,1,1,1,1