accident_id,datetime,annee,mois,jour,heure,minute,departement,commune_insee,adresse,latitude,longitude,luminosite,agglomeration,intersection,meteo,collision,nb_vehicules,nb_usagers,nb_indemnes,nb_tues,nb_blesses_hosp,nb_blesses_legers,age_cond_1,age_cond_2,veh_type_cond_1,veh_type_cond_2,lum_code,agg_code,int_code,atm_code,col_code
200500039488,0005-06-21 07:15:00,5,6,21,7,15,830,23.0,,,,Crépuscule ou aube,Hors agglomération,Hors intersection,Normale,Deux véhicules - arrière,,,,,,,,,,,2,1,1,1,2
200500039489,0005-06-23 20:30:00,5,6,23,20,30,830,23.0,,43.413,6.218,Plein jour,Hors agglomération,Hors intersection,Normale,Autre collision,,,,,,,,,,,1,1,1,1,6
200500039490,0005-06-19 16:00:00,5,6,19,16,0,830,100.0,,43.298,6.117,Plein jour,Hors agglomération,Hors intersection,Normale,Deux véhicules - frontale,,,,,,,,,,,1,1,1,1,1
200500039491,0005-06-19 20:15:00,5,6,19,20,15,830,66.0,,,,Crépuscule ou aube,Hors agglomération,Hors intersection,Temps couvert,Deux véhicules - frontale,,,,,,,,,,,2,1,1,8,1
200500039492,0005-06-28 13:00:00,5,6,28,13,0,830,64.0,,,,Plein jour,Hors agglomération,Hors intersection,Normale,Deux véhicules - côté,,,,,,,,,,,1,1,1,1,3
200500039493,0005-06-29 19:30:00,5,6,29,19,30,830,88.0,,,,Plein jour,Hors agglomération,Hors intersection,Normale,Deux véhicules - côté,,,,,,,,,,,1,1,1,1,3
200500039494,0005-06-12 14:00:00,5,6,12,14,0,830,116.0,,43.434,5.854,Plein jour,Hors agglomération,Hors intersection,Normale,Deux véhicules - côté,,,,,,,,,,,1,1,1,1,3
200500039495,0005-06-15 18:30:00,5,6,15,18,30,830,116.0,quartier bonneval,,,Plein jour,En agglomération,Hors intersection,Normale,Deux véhicules - côté,,,,,,,,,,,1,2,1,1,3
200500039496,0005-06-01 08:00:00,5,6,1,8,0,830,107.0,RN 98 LES ISSAMBRES,,,Plein jour,En agglomération,Hors intersection,Normale,Deux véhicules - frontale,,,,,,,,,,,1,2,1,1,1
200500039497,0005-06-04 07:30:00,5,6,4,7,30,830,107.0,,,,Plein jour,Hors agglomération,Giratoire,Normale,Deux véhicules - côté,,,,,,,,,,,1,1,6,1,3
200500039498,0005-06-04 11:00:00,5,6,4,11,0,830,107.0,,,,Plein jour,Hors agglomération,Hors intersection,Normale,Autre collision,,,,,,,,,,,1,1,1,1,6
200500039499,0005-06-30 15:00:00,5,6,30,15,0,830,107.0,RN98 SANPEIRE,,,Plein jour,En agglomération,Hors intersection,Normale,Deux véhicules - côté,,,,,,,,,,,1,2,1,1,3
200500039500,0005-06-04 19:15:00,5,6,4,19,15,830,152.0,,,,Plein jour,Hors agglomération,Hors intersection,Normale,Deux véhicules - frontale,,,,,,,,,,,1,1,1,1,1
200500039501,0005-06-17 20:00:00,5,6,17,20,0,830,36.0,rond point des collières,,,Plein jour,En agglomération,Giratoire,Normale,Sans collision,,,,,,,,,,,1,2,6,1,7
200500039502,0005-06-21 16:00:00,5,6,21,16,0,830,48.0,Boulevard de TABARIN,,,Plein jour,En agglomération,Hors intersection,Normale,Deux véhicules - frontale,,,,,,,,,,,1,2,1,1,1
200500039503,0005-06-04 16:15:00,5,6,4,16,15,830,79.0,,,,Plein jour,Hors agglomération,Hors intersection,Normale,Deux véhicules - côté,,,,,,,,,,,1,1,1,1,3
200500039504,0005-06-07 15:00:00,5,6,7,15,0,830,42.0,rue des Mines,43.258,6.535,Plein jour,En agglomération,Hors intersection,Normale,Autre collision,,,,,,,,,,,1,2,1,1,6
200500039505,0005-06-11 05:30:00,5,6,11,5,30,830,68.0,,,,Crépuscule ou aube,Hors agglomération,Autre intersection,Normale,Deux véhicules - frontale,,,,,,,,,,,2,1,9,1,1
200500039506,0005-06-14 12:00:00,5,6,14,12,0,830,68.0,,43.295,6.606,Plein jour,Hors agglomération,Hors intersection,Normale,Deux véhicules - côté,,,,,,,,,,,1,1,1,1,3
200500039507,0005-06-30 17:00:00,5,6,30,17,0,830,79.0,,43.209,6.478,Plein jour,Hors agglomération,Hors intersection,Normale,Sans collision,,,,,,,,,,,1,1,1,1,7
200500039508,0005-06-30 16:00:00,5,6,30,16,0,830,68.0,,,,Plein jour,Hors agglomération,Hors intersection,Normale,Deux véhicules - arrière,,,,,,,,,,,1,1,1,1,2
200500039509,0005-06-09 06:00:00,5,6,9,6,0,830,86.0,Bd de la libération,,,Crépuscule ou aube,En agglomération,Hors intersection,Normale,Deux véhicules - côté,,,,,,,,,,,2,2,1,1,3
200500039510,0005-06-26 15:00:00,5,6,26,15,0,830,86.0,,,,Plein jour,Hors agglomération,Hors intersection,Normale,Deux véhicules - frontale,,,,,,,,,,,1,1,1,1,1
200500039511,0005-06-30 12:00:00,5,6,30,12,0,830,115.0,avenue Benjamin Frèze,,,Plein jour,En agglomération,Hors intersection,Normale,Deux véhicules - côté,,,,,,,,,,,1,2,1,1,3
200500039512,0005-06-14 06:45:00,5,6,14,6,45,830,65.0,,,,Crépuscule ou aube,Hors agglomération,Hors intersection,Pluie forte,Deux véhicules - côté,,,,,,,,,,,2,1,1,3,3
200500039513,0005-06-15 23:00:00,5,6,15,23,0,830,119.0,CROISEMENT RD 93,,,Nuit avec éclairage allumé,En agglomération,Hors intersection,Normale,Deux véhicules - côté,,,,,,,,,,,5,2,1,1,3
200500039514,0005-06-04 17:30:00,5,6,4,17,30,830,16.0,,,,Plein jour,Hors agglomération,Hors intersection,Normale,Trois véhicules et plus - collisions multiples,,,,,,,,,,,1,1,1,1,5
200500039515,0005-06-21 13:45:00,5,6,21,13,45,830,16.0,,43.245,5.809,Plein jour,Hors agglomération,Hors intersection,Normale,Deux véhicules - frontale,,,,,,,,,,,1,1,1,1,1
200500039516,0005-06-22 19:00:00,5,6,22,19,0,830,100.0,,43.291,6.135,Plein jour,Hors agglomération,Hors intersection,Normale,Deux véhicules - côté,,,,,,,,,,,1,1,1,1,3
200500039517,0005-06-12 15:15:00,5,6,12,15,15,830,47.0,,,,Plein jour,Hors agglomération,Hors intersection,Normale,Autre collision,,,,,,,,,,,1,1,1,1,6
200500039518,0005-06-24 05:00:00,5,6,24,5,0,830,47.0,,,,Crépuscule ou aube,Hors agglomération,Hors intersection,Normale,Deux véhicules - frontale,,,,,,,,,,,2,1,1,1,1
200500039519,0005-06-27 08:00:00,5,6,27,8,0,830,47.0,,,,Plein jour,Hors agglomération,Intersection en X,Normale,Deux véhicules - côté,,,,,,,,,,,1,1,2,1,3
200500039520,0005-06-28 14:00:00,5,6,28,14,0,830,47.0,,,,Plein jour,Hors agglomération,Hors intersection,Normale,Autre collision,,,,,,,,,,,1,1,1,1,6
200500039521,0005-06-02 16:45:00,5,6,2,16,45,830,70.0,,,,Plein jour,Hors agglomération,Hors intersection,Normale,Deux véhicules - frontale,,,,,,,,,,,1,1,1,1,1
200500039522,0005-06-23 11:00:00,5,6,23,11,0,830,19.0,Montée Bois du Coteau,,,Plein jour,En agglomération,Hors intersection,Normale,Deux véhicules - côté,,,,,,,,,,,1,2,1,1,3
200500039523,0005-06-10 10:15:00,5,6,10,10,15,830,71.0,AV GENERAL DE GAULLE,,,Plein jour,En agglomération,Hors intersection,Normale,Deux véhicules - côté,,,,,,,,,,,1,2,1,1,3
200500039524,0005-06-12 18:30:00,5,6,12,18,30,830,71.0,,43.151,6.255,Plein jour,Hors agglomération,Hors intersection,Normale,Trois véhicules et plus - collisions multiples,,,,,,,,,,,1,1,1,1,5
200500039525,0005-06-27 07:00:00,5,6,27,7,0,840,36.0,,,,Plein jour,Hors agglomération,Hors intersection,Normale,Deux véhicules - côté,,,,,,,,,,,1,1,1,1,3
200500039526,0005-06-14 08:45:00,5,6,14,8,45,840,99.0,cd2 et  ave du stade,,,Plein jour,En agglomération,Hors intersection,Normale,Sans collision,,,,,,,,,,,1,2,1,1,7
200500039527,0005-06-24 15:30:00,5,6,24,15,30,840,99.0,,,,Plein jour,Hors agglomération,Intersection en X,Normale,Deux véhicules - côté,,,,,,,,,,,1,1,2,1,3
200500039528,0005-06-18 00:30:00,5,6,18,0,30,840,54.0,,43.924,5.089,Nuit sans éclairage public,Hors agglomération,Hors intersection,Normale,Autre collision,,,,,,,,,,,3,1,1,1,6
200500039529,0005-06-20 10:30:00,5,6,20,10,30,840,54.0,,43.895,5.043,Plein jour,Hors agglomération,Hors intersection,Normale,Deux véhicules - frontale,,,,,,,,,,,1,1,1,1,1
200500039530,0005-06-21 08:00:00,5,6,21,8,0,840,62.0,,43.876,5.106,Plein jour,Hors agglomération,Hors intersection,Normale,Deux véhicules - frontale,,,,,,,,,,,1,1,1,1,1
200500039531,0005-06-24 19:00:00,5,6,24,19,0,840,62.0,croisement CD 22 CD 186,43.877,5.105,Plein jour,En agglomération,Hors intersection,Normale,Deux véhicules - côté,,,,,,,,,,,1,2,1,1,3
200500039532,0005-06-06 13:30:00,5,6,6,13,30,840,92.0,,43.95,4.88,Plein jour,Hors agglomération,Hors intersection,Normale,Deux véhicules - frontale,,,,,,,,,,,1,1,1,1,1
200500039533,0005-06-07 14:00:00,5,6,7,14,0,840,92.0,AVENUE ALPHONSE DAUDET,,,Plein jour,En agglomération,Hors intersection,Normale,Deux véhicules - frontale,,,,,,,,,,,1,2,1,1,1
200500039534,0005-06-28 17:15:00,5,6,28,17,15,840,141.0,Rue Marius Jouveau,,,Plein jour,En agglomération,Hors intersection,Normale,Autre collision,,,,,,,,,,,1,2,1,1,6
200500039535,0005-06-01 12:30:00,5,6,1,12,30,840,105.0,,43.872,5.423,Plein jour,Hors agglomération,Hors intersection,Normale,Deux véhicules - frontale,,,,,,,,,,,1,1,1,1,1
200500039536,0005-06-07 17:00:00,5,6,7,17,0,840,3.0,,43.913,5.439,Plein jour,Hors agglomération,Hors intersection,Normale,Deux véhicules - frontale,,,,,,,,,,,1,1,1,1,1
200500039537,0005-06-30 22:00:00,5,6,30,22,0,840,3.0,monté de la Cucuronne,43.883,5.397,Crépuscule ou aube,En agglomération,Hors intersection,Normale,Deux véhicules - frontale,,,,,,,,,,,2,2,1,1,1
200500039538,0005-06-01 14:00:00,5,6,1,14,0,840,26.0,COURS VOLTAIRE,,,Plein jour,En agglomération,Hors intersection,Normale,Autre collision,,,,,,,,,,,1,2,1,1,6
200500039539,0005-06-13 12:15:00,5,6,13,12,15,840,140.0,,,,Plein jour,Hors agglomération,Hors intersection,Normale,Deux véhicules - côté,,,,,,,,,,,1,1,1,1,3
200500039540,0005-06-21 08:30:00,5,6,21,8,30,840,74.0,,43.756,5.181,Plein jour,Hors agglomération,Hors intersection,Normale,Deux véhicules - arrière,,,,,,,,,,,1,1,1,1,2
200500039541,0005-06-20 08:00:00,5,6,20,8,0,840,122.0,Carrefour de la Gare,,,Plein jour,En agglomération,Hors intersection,Normale,Deux véhicules - frontale,,,,,,,,,,,1,2,1,1,1
200500039542,0005-06-13 17:00:00,5,6,13,17,0,840,79.0,,,,Plein jour,Hors agglomération,Autre intersection,Normale,Deux véhicules - frontale,,,,,,,,,,,1,1,9,1,1
200500039543,0005-06-27 22:30:00,5,6,27,22,30,840,69.0,,44.185,5.127,Nuit sans éclairage public,Hors agglomération,Hors intersection,Normale,Autre collision,,,,,,,,,,,3,1,1,1,6
200500039544,0005-06-21 12:15:00,5,6,21,12,15,840,88.0,,44.014,5.026,Plein jour,Hors agglomération,Hors intersection,Normale,Deux véhicules - côté,,,,,,,,,,,1,1,1,1,3
200500039545,0005-06-24 08:00:00,5,6,24,8,0,840,142.0,,43.957,5.045,Plein jour,Hors agglomération,Hors intersection,Normale,Deux véhicules - arrière,,,,,,,,,,,1,1,1,1,2
200500039546,0005-06-06 16:15:00,5,6,6,16,15,840,19.0,,44.28,4.7,Plein jour,Hors agglomération,Hors intersection,Normale,Sans collision,,,,,,,,,,,1,1,1,1,7
200500039547,0005-06-24 17:30:00,5,6,24,17,30,840,19.0,avenue salvatore allende,,,Plein jour,En agglomération,Hors intersection,Normale,Deux véhicules - frontale,,,,,,,,,,,1,2,1,1,1
200500039548,0005-06-09 12:00:00,5,6,9,12,0,840,116.0,,44.278,5.106,Plein jour,Hors agglomération,Hors intersection,Normale,Autre collision,,,,,,,,,,,1,1,1,1,6
200500039549,0005-06-15 21:00:00,5,6,15,21,0,840,137.0,avenue jean le poulain,44.256,5.061,Crépuscule ou aube,En agglomération,Hors intersection,Normale,Deux véhicules - frontale,,,,,,,,,,,2,2,1,1,1
200500039550,0005-06-17 16:45:00,5,6,17,16,45,840,149.0,,44.179,4.965,Plein jour,Hors agglomération,Hors intersection,Normale,Deux véhicules - frontale,,,,,,,,,,,1,1,1,1,1
200500039551,0005-06-25 05:15:00,5,6,25,5,15,840,111.0,,,,Nuit sans éclairage public,Hors agglomération,Hors intersection,Normale,Deux véhicules - frontale,,,,,,,,,,,3,1,1,1,1
200500039552,0005-06-06 23:30:00,5,6,6,23,30,340,169.0,,,,Nuit avec éclairage allumé,Hors agglomération,Hors intersection,Normale,Deux véhicules - côté,,,,,,,,,,,5,1,1,1,3
200500039553,0005-06-07 10:45:00,5,6,7,10,45,340,57.0,parking Super-U,43.628,3.901,Plein jour,En agglomération,Hors intersection,Normale,Deux véhicules - arrière,,,,,,,,,,,1,2,1,1,2
200500039554,0005-06-12 08:45:00,5,6,12,8,45,340,22.0,RN 113,,,Plein jour,En agglomération,Hors intersection,Normale,Deux véhicules - frontale,,,,,,,,,,,1,2,1,1,1
200500039555,0005-06-14 14:15:00,5,6,14,14,15,340,307.0,CD 54,,,Plein jour,En agglomération,Hors intersection,Normale,Deux véhicules - frontale,,,,,,,,,,,1,2,1,1,1
200500039556,0005-06-15 18:15:00,5,6,15,18,15,340,58.0,14 rue de la Taillade,43.686,3.978,Plein jour,En agglomération,Hors intersection,Normale,Deux véhicules - frontale,,,,,,,,,,,1,2,1,1,1
200500039557,0005-06-05 05:30:00,5,6,5,5,30,340,174.0,,,,Crépuscule ou aube,Hors agglomération,Autre intersection,Normale,Sans collision,,,,,,,,,,,2,1,9,1,7
200500039558,0005-06-26 21:15:00,5,6,26,21,15,340,174.0,,43.951,3.756,Plein jour,Hors agglomération,Hors intersection,Normale,Autre collision,,,,,,,,,,,1,1,1,1,6
200500039559,0005-06-06 14:15:00,5,6,6,14,15,340,145.0,357 avenue du Vidourle,,,Plein jour,En agglomération,Hors intersection,Normale,Deux véhicules - côté,,,,,,,,,,,1,2,1,1,3
200500039560,0005-06-07 22:30:00,5,6,7,22,30,340,146.0,N113,,,Nuit avec éclairage allumé,En agglomération,Hors intersection,Normale,Deux véhicules - arrière,,,,,,,,,,,5,2,1,1,2
200500039561,0005-06-23 02:00:00,5,6,23,2,0,340,145.0,,43.704,4.196,Nuit avec éclairage allumé,Hors agglomération,Hors intersection,Normale,Autre collision,,,,,,,,,,,5,1,1,1,6
200500039562,0005-06-08 17:15:00,5,6,8,17,15,340,126.0,AVENUE MOURCAYROL,43.606,3.084,Plein jour,En agglomération,Hors intersection,Normale,Trois véhicules et plus - collisions multiples,,,,,,,,,,,1,2,1,1,5
200500039563,0005-06-20 19:45:00,5,6,20,19,45,340,183.0,,,,Plein jour,Hors agglomération,Hors intersection,Normale,Autre collision,,,,,,,,,,,1,1,1,1,6
200500039564,0005-06-12 10:00:00,5,6,12,10,0,340,70.0,,43.415,2.972,Plein jour,Hors agglomération,Hors intersection,Normale,Sans collision,,,,,,,,,,,1,1,1,1,7
200500039565,0005-06-20 19:30:00,5,6,20,19,30,340,44.0,,43.531,3.113,Plein jour,Hors agglomération,Hors intersection,Normale,Deux véhicules - frontale,,,,,,,,,,,1,1,1,1,1
200500039566,0005-06-26 17:15:00,5,6,26,17,15,340,21.0,,43.444,2.918,Plein jour,Hors agglomération,Hors intersection,Normale,Autre collision,,,,,,,,,,,1,1,1,1,6
200500039567,0005-06-05 16:30:00,5,6,5,16,30,340,189.0,,,,Plein jour,Hors agglomération,Hors intersection,Normale,Sans collision,,,,,,,,,,,1,1,1,1,7
200500039568,0005-06-05 17:45:00,5,6,5,17,45,340,311.0,,,,Plein jour,Hors agglomération,Hors intersection,Normale,Deux véhicules - frontale,,,,,,,,,,,1,1,1,1,1
200500039569,0005-06-11 13:30:00,5,6,11,13,30,340,9.0,CD125,43.476,3.34,Plein jour,En agglomération,Hors intersection,Normale,Autre collision,,,,,,,,,,,1,2,1,1,6
200500039570,0005-06-15 08:15:00,5,6,15,8,15,340,289.0,,43.391,3.42,Plein jour,Hors agglomération,Hors intersection,Normale,Deux véhicules - côté,,,,,,,,,,,1,1,1,1,3
200500039571,0005-06-06 14:15:00,5,6,6,14,15,340,271.0,,,,Plein jour,Hors agglomération,Hors intersection,Normale,Trois véhicules et plus - collisions multiples,,,,,,,,,,,1,1,1,1,5
200500039572,0005-06-10 18:15:00,5,6,10,18,15,340,232.0,,,,Plein jour,Hors agglomération,Hors intersection,Normale,Autre collision,,,,,,,,,,,1,1,1,1,6
200500039573,0005-06-03 19:30:00,5,6,3,19,30,340,214.0,,43.479,3.269,Plein jour,Hors agglomération,Hors intersection,Normale,Deux véhicules - côté,,,,,,,,,,,1,1,1,1,3
200500039574,0005-06-10 12:45:00,5,6,10,12,45,340,147.0,,43.467,3.207,Plein jour,Hors agglomération,Hors intersection,Normale,Trois véhicules et plus - collisions multiples,,,,,,,,,,,1,1,1,1,5
200500039575,0005-06-12 19:30:00,5,6,12,19,30,340,214.0,,43.486,3.289,Crépuscule ou aube,Hors agglomération,Hors intersection,Normale,Autre collision,,,,,,,,,,,2,1,1,1,6
200500039576,0005-06-21 17:30:00,5,6,21,17,30,340,300.0,,,,Plein jour,Hors agglomération,Hors intersection,Normale,Trois véhicules et plus - collisions multiples,,,,,,,,,,,1,1,1,1,5
200500039577,0005-06-26 08:30:00,5,6,26,8,30,340,237.0,avenue de pezenas,43.509,3.311,Plein jour,En agglomération,Hors intersection,Normale,Deux véhicules - frontale,,,,,,,,,,,1,2,1,1,1
200500039578,0005-06-11 15:15:00,5,6,11,15,15,340,324.0,27 AV ST SAENS,43.249,3.292,Plein jour,En agglomération,Hors intersection,Normale,Autre collision,,,,,,,,,,,1,2,1,1,6
200500039579,0005-06-20 19:30:00,5,6,20,19,30,340,298.0,RUE JEAN SEBASTIEN BACH,43.298,3.259,Plein jour,En agglomération,Hors intersection,Normale,Autre collision,,,,,,,,,,,1,2,1,1,6
200500039580,0005-06-26 02:00:00,5,6,26,2,0,340,299.0,,43.292,3.291,Nuit sans éclairage public,Hors agglomération,Hors intersection,Normale,Sans collision,,,,,,,,,,,3,1,1,1,7
200500039581,0005-06-04 21:00:00,5,6,4,21,0,340,292.0,,43.643,3.326,Plein jour,Hors agglomération,Hors intersection,Normale,Sans collision,,,,,,,,,,,1,1,1,1,7
200500039582,0005-06-05 19:30:00,5,6,5,19,30,340,76.0,,43.649,3.457,Plein jour,En agglomération,Hors intersection,Normale,Deux véhicules - frontale,,,,,,,,,,,1,2,1,1,1
200500039583,0005-06-07 18:15:00,5,6,7,18,15,340,79.0,Sortie Bd Hôpital,43.632,3.437,Plein jour,En agglomération,Hors intersection,Normale,Deux véhicules - frontale,,,,,,,,,,,1,2,1,1,1
200500039584,0005-06-10 17:30:00,5,6,10,17,30,340,47.0,,43.54,3.48,Plein jour,Hors agglomération,Hors intersection,Normale,Deux véhicules - côté,,,,,,,,,,,1,1,1,1,3
200500039585,0005-06-16 16:45:00,5,6,16,16,45,340,338.0,,43.614,3.385,Plein jour,Hors agglomération,Hors intersection,Normale,Deux véhicules - côté,,,,,,,,,,,1,1,1,1,3
200500039586,0005-06-02 21:45:00,5,6,2,21,45,340,122.0,,43.682,3.482,Nuit sans éclairage public,Hors agglomération,Hors intersection,Normale,Autre collision,,,,,,,,,,,3,1,1,1,6
200500039587,0005-06-08 03:00:00,5,6,8,3,0,340,114.0,AVENUE DE LODEVE,,,Nuit sans éclairage public,En agglomération,Hors intersection,Normale,Autre collision,,,,,,,,,,,3,2,1,1,6
200500039588,0005-06-02 05:00:00,5,6,2,5,0,340,101.0,,,,Nuit sans éclairage public,Hors agglomération,Hors intersection,Normale,Autre collision,,,,,,,,,,,3,1,1,1,6
200500039589,0005-06-12 21:00:00,5,6,12,21,0,340,203.0,,,,Plein jour,Hors agglomération,Hors intersection,Normale,Sans collision,,,,,,,,,,,1,1,1,1,7
200500039590,0005-06-16 17:30:00,5,6,16,17,30,340,101.0,,43.375,3.497,Plein jour,Hors agglomération,Intersection en X,Normale,Deux véhicules - côté,,,,,,,,,,,1,1,2,1,3
200500039591,0005-06-28 19:30:00,5,6,28,19,30,340,341.0,PK 23+800,,,Plein jour,Hors agglomération,Hors intersection,Pluie légère,Autre collision,,,,,,,,,,,1,1,1,2,6
200500039592,0005-06-14 15:30:00,5,6,14,15,30,110,288.0,,43.269,2.242,Plein jour,Hors agglomération,Autre intersection,Normale,Trois véhicules et plus - collisions multiples,,,,,,,,,,,1,1,9,1,5
200500039593,0005-06-16 12:15:00,5,6,16,12,15,110,340.0,,43.242,2.198,Plein jour,Hors agglomération,Hors intersection,Normale,Autre collision,,,,,,,,,,,1,1,1,1,6
200500039594,0005-06-05 05:15:00,5,6,5,5,15,110,429.0,,43.252,2.382,Nuit avec éclairage allumé,Hors agglomération,Hors intersection,Normale,Autre collision,,,,,,,,,,,5,1,1,1,6
200500039595,0005-06-27 11:00:00,5,6,27,11,0,110,396.0,lieu-dit PAULIGNAN,,,Plein jour,Hors agglomération,Hors intersection,Normale,Deux véhicules - côté,,,,,,,,,,,1,1,1,1,3
200500039596,0005-06-01 14:45:00,5,6,1,14,45,110,192.0,,,,Plein jour,Hors agglomération,Hors intersection,Normale,Autre collision,,,,,,,,,,,1,1,1,1,6
200500039597,0005-06-20 02:15:00,5,6,20,2,15,110,356.0,,,,Nuit sans éclairage public,Hors agglomération,Hors intersection,Normale,Autre collision,,,,,,,,,,,3,1,1,1,6
200500039598,0005-06-20 14:00:00,5,6,20,14,0,110,361.0,,43.331,2.035,Plein jour,Hors agglomération,Hors intersection,Normale,Deux véhicules - frontale,,,,,,,,,,,1,1,1,1,1
200500039599,0005-06-19 16:10:00,5,6,19,16,10,110,5.0,route de Cailhau,,,Plein jour,Hors agglomération,Hors intersection,Normale,Deux véhicules - frontale,,,,,,,,,,,1,1,1,1,1
200500039600,0005-06-23 10:00:00,5,6,23,10,0,110,343.0,,,,Plein jour,Hors agglomération,Hors intersection,Normale,Autre collision,,,,,,,,,,,1,1,1,1,6
200500039601,0005-06-27 01:10:00,5,6,27,1,10,110,254.0,ue de la Grande Fontaine,,,Nuit avec éclairage allumé,En agglomération,Hors intersection,Normale,Autre collision,,,,,,,,,,,5,2,1,1,6
200500039602,0005-06-24 17:20:00,5,6,24,17,20,110,371.0,,,,Plein jour,Hors agglomération,Hors intersection,Normale,Autre collision,,,,,,,,,,,1,1,1,1,6
200500039603,0005-06-17 21:30:00,5,6,17,21,30,110,216.0,,,,Plein jour,Hors agglomération,Hors intersection,Normale,Deux véhicules - côté,,,,,,,,,,,1,1,1,1,3
200500039604,0005-06-23 11:30:00,5,6,23,11,30,110,34.0,,,,Plein jour,Hors agglomération,Autre intersection,Normale,Deux véhicules - frontale,,,,,,,,,,,1,1,9,1,1
200500039605,0005-06-03 18:00:00,5,6,3,18,0,110,341.0,,42.898,2.227,Plein jour,Hors agglomération,Hors intersection,Normale,Deux véhicules - frontale,,,,,,,,,,,1,1,1,1,1
200500039606,0005-06-18 09:30:00,5,6,18,9,30,110,262.0,,,,Crépuscule ou aube,Hors agglomération,Hors intersection,Normale,Deux véhicules - arrière,,,,,,,,,,,2,1,1,1,2
200500039607,0005-06-22 18:00:00,5,6,22,18,0,110,116.0,ce au 11 Bd Jean Jaures,,,Plein jour,En agglomération,Hors intersection,Normale,Autre collision,,,,,,,,,,,1,2,1,1,6
200500039608,0005-06-01 14:00:00,5,6,1,14,0,110,164.0,,43.27,2.87,Plein jour,Hors agglomération,Hors intersection,Normale,Deux véhicules - côté,,,,,,,,,,,1,1,1,1,3
200500039609,0005-06-30 12:00:00,5,6,30,12,0,110,332.0,,,,Plein jour,Hors agglomération,Hors intersection,Normale,Deux véhicules - frontale,,,,,,,,,,,1,1,1,1,1
200500039610,0005-06-20 17:30:00,5,6,20,17,30,110,188.0,,42.99,3.034,Plein jour,Hors agglomération,Hors intersection,Normale,Autre collision,,,,,,,,,,,1,1,1,1,6
200500039611,0005-06-20 23:45:00,5,6,20,23,45,110,379.0,,43.019,2.975,Nuit sans éclairage public,Hors agglomération,Hors intersection,Normale,Autre collision,,,,,,,,,,,3,1,1,1,6
200500039612,0005-06-18 11:00:00,5,6,18,11,0,300,133.0,Rond point du fanal,,,Plein jour,En agglomération,Giratoire,Normale,Deux véhicules - côté,,,,,,,,,,,1,2,6,1,3
200500039613,0005-06-19 06:30:00,5,6,19,6,30,300,276.0,,,,Plein jour,Hors agglomération,Hors intersection,Normale,Autre collision,,,,,,,,,,,1,1,1,1,6
200500039614,0005-06-21 23:00:00,5,6,21,23,0,300,341.0,,,,Nuit sans éclairage public,Hors agglomération,Hors intersection,Normale,Autre collision,,,,,,,,,,,3,1,1,1,6
200500039615,0005-06-26 15:30:00,5,6,26,15,30,300,133.0,,,,Plein jour,Hors agglomération,Hors intersection,Normale,Deux véhicules - arrière,,,,,,,,,,,1,1,1,1,2
200500039616,0005-06-04 18:30:00,5,6,4,18,30,300,138.0,,43.816,4.244,Plein jour,Hors agglomération,Hors intersection,Normale,Sans collision,,,,,,,,,,,1,1,1,1,7
200500039617,0005-06-13 16:00:00,5,6,13,16,0,300,82.0,,,,Plein jour,Hors agglomération,Hors intersection,Normale,Trois véhicules et plus - collisions multiples,,,,,,,,,,,1,1,1,1,5
200500039618,0005-06-19 16:15:00,5,6,19,16,15,300,23.0,,,,Plein jour,Hors agglomération,Hors intersection,Normale,Sans collision,,,,,,,,,,,1,1,1,1,7
200500039619,0005-06-16 17:30:00,5,6,16,17,30,300,57.0,,,,Plein jour,En agglomération,Hors intersection,Normale,Autre collision,,,,,,,,,,,1,2,1,1,6
200500039620,0005-06-10 12:00:00,5,6,10,12,0,300,36.0,,43.778,4.284,Plein jour,En agglomération,Hors intersection,Normale,Autre collision,,,,,,,,,,,1,2,1,1,6
200500039621,0005-06-20 07:30:00,5,6,20,7,30,300,344.0,,,,Plein jour,Hors agglomération,Hors intersection,Normale,Sans collision,,,,,,,,,,,1,1,1,1,7
200500039622,0005-06-24 15:45:00,5,6,24,15,45,300,6.0,,43.691,4.198,Plein jour,Hors agglomération,Hors intersection,Temps éblouissant,Deux véhicules - frontale,,,,,,,,,,,1,1,1,7,1
200500039623,0005-06-25 19:30:00,5,6,25,19,30,300,341.0,RUE DE LA GARENNE,,,Plein jour,En agglomération,Hors intersection,Temps éblouissant,Deux véhicules - côté,,,,,,,,,,,1,2,1,7,3
200500039624,0005-06-28 06:30:00,5,6,28,6,30,300,307.0,,,,Plein jour,Hors agglomération,Hors intersection,Normale,Deux véhicules - côté,,,,,,,,,,,1,1,1,1,3
200500039625,0005-06-05 06:30:00,5,6,5,6,30,300,173.0,,44.143,4.206,Crépuscule ou aube,Hors agglomération,Hors intersection,Normale,Sans collision,,,,,,,,,,,2,1,1,1,7