accident_id,datetime,annee,mois,jour,heure,minute,departement,commune_insee,adresse,latitude,longitude,luminosite,agglomeration,intersection,meteo,collision,nb_vehicules,nb_usagers,nb_indemnes,nb_tues,nb_blesses_hosp,nb_blesses_legers,age_cond_1,age_cond_2,veh_type_cond_1,veh_type_cond_2,lum_code,agg_code,int_code,atm_code,col_code
200500040040,0005-06-25 15:00:00,5,6,25,15,0,510,61.0,,49.115,4.256,Plein jour,Hors agglomération,Hors intersection,Normale,Sans collision,,,,,,,,,,,1,1,1,1,7
200500040041,0005-06-28 18:30:00,5,6,28,18,30,690,81.0,chemin du Calabert,,,Plein jour,En agglomération,Hors intersection,Normale,Trois véhicules et plus - collisions multiples,,,,,,,,,,,1,2,1,1,5
200500040042,0005-06-04 17:15:00,5,6,4,17,15,380,485.0,rking stade JOSEPH GUETA,,,Plein jour,En agglomération,Hors intersection,Normale,Autre collision,,,,,,,,,,,1,2,1,1,6
200500040043,0005-06-04 08:15:00,5,6,4,8,15,380,485.0,BLD DES FRERES DESAIRE,,,Plein jour,En agglomération,Hors intersection,Normale,Deux véhicules - frontale,,,,,,,,,,,1,2,1,1,1
200500040044,0005-06-03 17:00:00,5,6,3,17,0,510,27.0,,49.054,4.67,Plein jour,Hors agglomération,Hors intersection,Pluie forte,Deux véhicules - frontale,,,,,,,,,,,1,1,1,3,1
200500040045,0005-06-07 08:30:00,5,6,7,8,30,370,179.0,,,,Plein jour,Hors agglomération,Hors intersection,Normale,Autre collision,,,,,,,,,,,1,1,1,1,6
200500040046,0005-06-10 17:45:00,5,6,10,17,45,370,153.0,,,,Plein jour,Hors agglomération,Hors intersection,Normale,Autre collision,,,,,,,,,,,1,1,1,1,6
200500040047,0005-06-10 18:30:00,5,6,10,18,30,20,443.0,,49.051,3.279,Plein jour,Hors agglomération,Hors intersection,Normale,Deux véhicules - arrière,,,,,,,,,,,1,1,1,1,2
200500040048,0005-06-25 16:30:00,5,6,25,16,30,60,104.0,,43.778,7.45,Plein jour,Hors agglomération,Hors intersection,Normale,Autre collision,,,,,,,,,,,1,1,1,1,6
200500040049,0005-06-30 17:15:00,5,6,30,17,15,60,88.0,,43.734,7.265,Plein jour,Hors agglomération,Hors intersection,Normale,Trois véhicules et plus - en chaîne,,,,,,,,,,,1,1,1,1,4
200500040050,0005-06-28 13:45:00,5,6,28,13,45,570,468.0,,,,Plein jour,Hors agglomération,Hors intersection,Normale,Deux véhicules - arrière,,,,,,,,,,,1,1,1,1,2
200500040051,0005-06-04 11:30:00,5,6,4,11,30,660,24.0,,42.52,2.82,Plein jour,Hors agglomération,Hors intersection,Normale,Trois véhicules et plus - collisions multiples,,,,,,,,,,,1,1,1,1,5
200500040052,0005-06-23 16:30:00,5,6,23,16,30,660,190.0,,,,Plein jour,Hors agglomération,Hors intersection,Normale,Autre collision,,,,,,,,,,,1,1,1,1,6
200500040053,0005-06-02 15:00:00,5,6,2,15,0,860,62.0,,,,Plein jour,Hors agglomération,Hors intersection,Normale,Autre collision,,,,,,,,,,,1,1,1,1,6
200500040054,0005-06-10 21:30:00,5,6,10,21,30,860,66.0,,,,Crépuscule ou aube,Hors agglomération,Hors intersection,Normale,Deux véhicules - arrière,,,,,,,,,,,2,1,1,1,2
200500040055,0005-06-24 19:15:00,5,6,24,19,15,860,297.0,,,,Plein jour,Hors agglomération,Hors intersection,Normale,Autre collision,,,,,,,,,,,1,1,1,1,6
200500040056,0005-06-04 15:15:00,5,6,4,15,15,250,370.0,,,,Plein jour,Hors agglomération,Hors intersection,Normale,Autre collision,,,,,,,,,,,1,1,1,1,6
200500040057,0005-06-05 21:45:00,5,6,5,21,45,60,161.0,,,,Nuit sans éclairage public,Hors agglomération,Hors intersection,Normale,Autre collision,,,,,,,,,,,3,1,1,1,6
200500040058,0005-06-13 14:30:00,5,6,13,14,30,60,27.0,,,,Plein jour,Hors agglomération,Hors intersection,Normale,Deux véhicules - côté,,,,,,,,,,,1,1,1,1,3
200500040059,0005-06-23 12:00:00,5,6,23,12,0,60,4.0,,,,Plein jour,Hors agglomération,Hors intersection,Normale,Trois véhicules et plus - collisions multiples,,,,,,,,,,,1,1,1,1,5
200500040060,0005-06-25 23:30:00,5,6,25,23,30,640,61.0,,43.402,-0.548,Nuit sans éclairage public,Hors agglomération,Autre intersection,Normale,Sans collision,,,,,,,,,,,3,1,9,1,7
200500040061,0005-06-22 07:20:00,5,6,22,7,20,630,195.0,A.72,,,Plein jour,Hors agglomération,Hors intersection,Normale,Deux véhicules - arrière,,,,,,,,,,,1,1,1,1,2
200500040062,0005-06-06 18:30:00,5,6,6,18,30,110,18.0,,43.222,2.22,Plein jour,Hors agglomération,Hors intersection,Normale,Trois véhicules et plus - collisions multiples,,,,,,,,,,,1,1,1,1,5
200500040063,0005-06-22 13:45:00,5,6,22,13,45,110,430.0,1 sens Toulouse/Narbonne,43.303,1.925,Plein jour,Hors agglomération,Hors intersection,Normale,Deux véhicules - arrière,,,,,,,,,,,1,1,1,1,2
200500040064,0005-06-22 20:00:00,5,6,22,20,0,110,151.0,"oute ""A61"" Des deux mers",,,Plein jour,Hors agglomération,Hors intersection,Normale,Deux véhicules - arrière,,,,,,,,,,,1,1,1,1,2
200500040065,0005-06-14 12:00:00,5,6,14,12,0,720,353.0,,,,Plein jour,Hors agglomération,Hors intersection,Normale,Autre collision,,,,,,,,,,,1,1,1,1,6
200500040066,0005-06-27 19:00:00,5,6,27,19,0,280,18.0,,,,Plein jour,Hors agglomération,Hors intersection,Normale,Sans collision,,,,,,,,,,,1,1,1,1,7
200500040067,0005-06-16 06:15:00,5,6,16,6,15,910,573.0,avenue de la Tour Maury,,,Plein jour,En agglomération,Hors intersection,Normale,Sans collision,,,,,,,,,,,1,2,1,1,7
200500040068,0005-06-15 17:00:00,5,6,15,17,0,910,577.0,"Route de MELUN, RN446",48.604,2.498,Plein jour,En agglomération,Hors intersection,Normale,Deux véhicules - côté,,,,,,,,,,,1,2,1,1,3
200500040069,0005-06-25 13:00:00,5,6,25,13,0,910,553.0,rue de MAUPERTHUIS,48.633,2.498,Plein jour,En agglomération,Hors intersection,Normale,Deux véhicules - frontale,,,,,,,,,,,1,2,1,1,1
200500040070,0005-06-15 18:45:00,5,6,15,18,45,330,284.0,,44.645,-0.838,Plein jour,Hors agglomération,Hors intersection,Normale,Sans collision,,,,,,,,,,,1,1,1,1,7
200500040071,0005-06-05 11:30:00,5,6,5,11,30,460,333.0,CENTRE BOURG,,,Plein jour,En agglomération,Hors intersection,Normale,Autre collision,,,,,,,,,,,1,2,1,1,6
200500040072,0005-06-26 07:30:00,5,6,26,7,30,460,77.0,,44.506,1.554,Plein jour,Hors agglomération,Hors intersection,Normale,Autre collision,,,,,,,,,,,1,1,1,1,6
200500040073,0005-06-03 16:00:00,5,6,3,16,0,680,66.0,,,,Plein jour,Hors agglomération,Hors intersection,Normale,Sans collision,,,,,,,,,,,1,1,1,1,7
200500040074,0005-06-06 14:45:00,5,6,6,14,45,680,22.0,,,,Plein jour,Hors agglomération,Hors intersection,Normale,Sans collision,,,,,,,,,,,1,1,1,1,7
200500040075,0005-06-10 16:00:00,5,6,10,16,0,680,118.0,,,,Plein jour,Hors agglomération,Hors intersection,Normale,Deux véhicules - arrière,,,,,,,,,,,1,1,1,1,2
200500040076,0005-06-17 14:15:00,5,6,17,14,15,680,42.0,,,,Plein jour,Hors agglomération,Hors intersection,Normale,Deux véhicules - côté,,,,,,,,,,,1,1,1,1,3
200500040077,0005-06-18 03:45:00,5,6,18,3,45,680,278.0,,,,Nuit sans éclairage public,Hors agglomération,Hors intersection,Normale,Deux véhicules - arrière,,,,,,,,,,,3,1,1,1,2
200500040078,0005-06-25 19:00:00,5,6,25,19,0,680,82.0,,,,Plein jour,Hors agglomération,Hors intersection,Normale,Sans collision,,,,,,,,,,,1,1,1,1,7
200500040079,0005-06-26 10:45:00,5,6,26,10,45,680,113.0,,,,Plein jour,Hors agglomération,Hors intersection,Normale,Deux véhicules - côté,,,,,,,,,,,1,1,1,1,3
200500040080,0005-06-23 10:15:00,5,6,23,10,15,470,91.0,,,,Plein jour,Hors agglomération,Hors intersection,Normale,Deux véhicules - arrière,,,,,,,,,,,1,1,1,1,2
200500040081,0005-06-10 18:15:00,5,6,10,18,15,201,90.0,,,,Plein jour,Hors agglomération,Hors intersection,Normale,Deux véhicules - côté,,,,,,,,,,,1,1,1,1,3
200500040082,0005-06-13 22:45:00,5,6,13,22,45,201,48.0,,42.03,8.75,Nuit sans éclairage public,Hors agglomération,Hors intersection,Normale,Sans collision,,,,,,,,,,,3,1,1,1,7
200500040083,0005-06-17 08:30:00,5,6,17,8,30,380,471.0,PLACE DE L EGLISE,45.264,5.777,Plein jour,En agglomération,Place,Normale,Deux véhicules - côté,,,,,,,,,,,1,2,7,1,3
200500040084,0005-06-30 08:45:00,5,6,30,8,45,60,85.0,N85,,,Plein jour,En agglomération,Passage à niveau,Normale,Deux véhicules - frontale,,,,,,,,,,,1,2,8,1,1
200500040085,0005-06-05 09:00:00,5,6,5,9,0,660,195.0,Avenue Jean jaures,42.687,2.801,Plein jour,En agglomération,Hors intersection,Normale,Deux véhicules - côté,,,,,,,,,,,1,2,1,1,3
200500040086,0005-06-29 21:00:00,5,6,29,21,0,660,38.0,Avenue de la gare,42.657,2.834,Crépuscule ou aube,En agglomération,Giratoire,Normale,Deux véhicules - côté,,,,,,,,,,,2,2,6,1,3
200500040087,0005-06-07 09:45:00,5,6,7,9,45,670,108.0,,,,Plein jour,Hors agglomération,Hors intersection,Normale,Trois véhicules et plus - en chaîne,,,,,,,,,,,1,1,1,1,4
200500040088,0005-06-13 01:15:00,5,6,13,1,15,670,362.0,,,,Nuit sans éclairage public,Hors agglomération,Hors intersection,Normale,Trois véhicules et plus - collisions multiples,,,,,,,,,,,3,1,1,1,5
200500040089,0005-06-18 23:00:00,5,6,18,23,0,670,49.0,,,,Nuit sans éclairage public,Hors agglomération,Hors intersection,Normale,Deux véhicules - frontale,,,,,,,,,,,3,1,1,1,1
200500040090,0005-06-19 01:30:00,5,6,19,1,30,670,112.0,,,,Nuit sans éclairage public,Hors agglomération,Hors intersection,Normale,Autre collision,,,,,,,,,,,3,1,1,1,6
200500040091,0005-06-09 09:30:00,5,6,9,9,30,670,223.0,,,,Plein jour,Hors agglomération,Hors intersection,Normale,Deux véhicules - frontale,,,,,,,,,,,1,1,1,1,1
200500040092,0005-06-20 00:01:00,5,6,20,0,1,670,411.0,,,,Nuit avec éclairage allumé,Hors agglomération,Hors intersection,Normale,Autre collision,,,,,,,,,,,5,1,1,1,6
200500040093,0005-06-29 15:00:00,5,6,29,15,0,670,108.0,RN 422,,,Plein jour,Hors agglomération,Hors intersection,Normale,Deux véhicules - arrière,,,,,,,,,,,1,1,1,1,2
200500040094,0005-06-20 05:00:00,5,6,20,5,0,790,3.0,,,,Nuit sans éclairage public,Hors agglomération,Hors intersection,Normale,Autre collision,,,,,,,,,,,3,1,1,1,6
200500040095,0005-06-10 05:00:00,5,6,10,5,0,790,189.0,,46.417,-0.131,Nuit sans éclairage public,Hors agglomération,Hors intersection,Normale,Deux véhicules - frontale,,,,,,,,,,,3,1,1,1,1
200500040096,0005-06-04 12:45:00,5,6,4,12,45,170,11.0,,,,Plein jour,Hors agglomération,Hors intersection,Normale,Sans collision,,,,,,,,,,,1,1,1,1,7
200500040097,0005-06-12 08:00:00,5,6,12,8,0,170,53.0,,,,Plein jour,Hors agglomération,Hors intersection,Normale,Autre collision,,,,,,,,,,,1,1,1,1,6
200500040098,0005-06-17 08:15:00,5,6,17,8,15,170,227.0,,,,Plein jour,Hors agglomération,Hors intersection,Normale,Deux véhicules - arrière,,,,,,,,,,,1,1,1,1,2
200500040099,0005-06-19 16:30:00,5,6,19,16,30,170,347.0,,,,Plein jour,Hors agglomération,Hors intersection,Normale,Sans collision,,,,,,,,,,,1,1,1,1,7
200500040100,0005-06-12 17:30:00,5,6,12,17,30,330,502.0,,45.193,-0.49,Plein jour,Hors agglomération,Hors intersection,Normale,Autre collision,,,,,,,,,,,1,1,1,1,6
200500040101,0005-06-08 19:45:00,5,6,8,19,45,220,182.0,,48.551,-2.964,Plein jour,Hors agglomération,Hors intersection,Normale,Deux véhicules - côté,,,,,,,,,,,1,1,1,1,3
200500040102,0005-06-24 18:45:00,5,6,24,18,45,220,206.0,,48.526,-2.962,Plein jour,Hors agglomération,Hors intersection,Pluie légère,Deux véhicules - côté,,,,,,,,,,,1,1,1,2,3
200500040103,0005-06-05 16:00:00,5,6,5,16,0,201,269.0,,,,Plein jour,Hors agglomération,Hors intersection,Normale,Sans collision,,,,,,,,,,,1,1,1,1,7
200500040104,0005-06-21 23:00:00,5,6,21,23,0,740,268.0,,,,Nuit avec éclairage allumé,Hors agglomération,Hors intersection,Normale,Deux véhicules - côté,,,,,,,,,,,5,1,1,1,3
200500040105,0005-06-12 23:15:00,5,6,12,23,15,420,279.0,,45.517,4.271,Nuit sans éclairage public,Hors agglomération,Hors intersection,Normale,Autre collision,,,,,,,,,,,3,1,1,1,6
200500040106,0005-06-17 16:00:00,5,6,17,16,0,420,279.0,,,,Plein jour,Hors agglomération,Hors intersection,Normale,Deux véhicules - frontale,,,,,,,,,,,1,1,1,1,1
200500040107,0005-06-25 15:30:00,5,6,25,15,30,420,279.0,Chemin du guéret,45.507,4.255,Plein jour,En agglomération,Hors intersection,Normale,Autre collision,,,,,,,,,,,1,2,1,1,6
200500040108,0005-06-05 08:30:00,5,6,5,8,30,910,45.0,Rue saint Martin,,,Plein jour,En agglomération,Hors intersection,Normale,Autre collision,,,,,,,,,,,1,2,1,1,6
200500040109,0005-06-10 18:00:00,5,6,10,18,0,910,45.0,29 avenue du Général Lec,,,Plein jour,En agglomération,Hors intersection,Normale,Deux véhicules - côté,,,,,,,,,,,1,2,1,1,3
200500040110,0005-06-19 17:00:00,5,6,19,17,0,510,115.0,ROUTE NATIONALE,49.204,4.014,Plein jour,En agglomération,Hors intersection,Normale,Autre collision,,,,,,,,,,,1,2,1,1,6
200500040111,0005-06-25 20:15:00,5,6,25,20,15,510,532.0,,49.159,4.013,Plein jour,Hors agglomération,Hors intersection,Normale,Trois véhicules et plus - collisions multiples,,,,,,,,,,,1,1,1,1,5
200500040112,0005-06-26 19:30:00,5,6,26,19,30,510,333.0,,49.163,4.094,Plein jour,Hors agglomération,Hors intersection,Normale,Autre collision,,,,,,,,,,,1,1,1,1,6
200500040113,0005-06-30 16:30:00,5,6,30,16,30,510,333.0,,49.149,4.099,Plein jour,Hors agglomération,Hors intersection,Normale,Trois véhicules et plus - collisions multiples,,,,,,,,,,,1,1,1,1,5
200500040114,0005-06-20 10:30:00,5,6,20,10,30,520,114.0,,48.051,4.977,Plein jour,Hors agglomération,Hors intersection,Normale,Deux véhicules - côté,,,,,,,,,,,1,1,1,1,3
200500040115,0005-06-01 16:45:00,5,6,1,16,45,220,215.0,,48.499,-2.795,Plein jour,Hors agglomération,Hors intersection,Normale,Deux véhicules - côté,,,,,,,,,,,1,1,1,1,3
200500040116,0005-06-03 16:15:00,5,6,3,16,15,620,794.0,,50.722,2.173,Plein jour,Hors agglomération,Autre intersection,Pluie légère,Trois véhicules et plus - en chaîne,,,,,,,,,,,1,1,9,2,4
200500040117,0005-06-14 13:30:00,5,6,14,13,30,620,309.0,,50.715,2.193,Plein jour,Hors agglomération,Hors intersection,Normale,Autre collision,,,,,,,,,,,1,1,1,1,6
200500040118,0005-06-21 15:00:00,5,6,21,15,0,310,203.0,Avenue du Chêne Vert,43.52,1.318,Plein jour,En agglomération,Hors intersection,Normale,Sans collision,,,,,,,,,,,1,2,1,1,7
200500040119,0005-06-10 18:00:00,5,6,10,18,0,60,152.0,RUE DU COLLET D ARBOUSSO,,,Plein jour,En agglomération,Hors intersection,Normale,Deux véhicules - frontale,,,,,,,,,,,1,2,1,1,1
200500040120,0005-06-26 21:45:00,5,6,26,21,45,690,88.0,RUE CURIE,,,Crépuscule ou aube,En agglomération,Hors intersection,Normale,Autre collision,,,,,,,,,,,2,2,1,1,6
200500040121,0005-06-30 06:00:00,5,6,30,6,0,690,168.0,QUAI PIERRE DUPOND,,,Plein jour,En agglomération,Hors intersection,Normale,Autre collision,,,,,,,,,,,1,2,1,1,6
200500040122,0005-06-03 10:30:00,5,6,3,10,30,690,244.0,135 av Charles de Gaulle,,,Plein jour,En agglomération,Hors intersection,Normale,Autre collision,,,,,,,,,,,1,2,1,1,6
200500040123,0005-06-09 07:15:00,5,6,9,7,15,690,44.0,33 rte de PARIS,,,Plein jour,En agglomération,Hors intersection,Normale,Deux véhicules - côté,,,,,,,,,,,1,2,1,1,3
200500040124,0005-06-03 09:30:00,5,6,3,9,30,740,182.0,"33, Route de Frangy",45.927,6.09,Plein jour,En agglomération,Hors intersection,Normale,Deux véhicules - frontale,,,,,,,,,,,1,2,1,1,1
200500040125,0005-06-01 07:30:00,5,6,1,7,30,290,19.0,BASE NAVALE DE BREST,,,Plein jour,En agglomération,Hors intersection,Temps couvert,Deux véhicules - frontale,,,,,,,,,,,1,2,1,8,1
200500040126,0005-06-27 20:30:00,5,6,27,20,30,780,571.0,,48.867,1.987,Plein jour,Hors agglomération,Hors intersection,Normale,Deux véhicules - frontale,,,,,,,,,,,1,1,1,1,1
200500040127,0005-06-22 16:45:00,5,6,22,16,45,130,37.0,,,,Plein jour,Hors agglomération,Hors intersection,Normale,Deux véhicules - frontale,,,,,,,,,,,1,1,1,1,1
200500040128,0005-06-06 16:00:00,5,6,6,16,0,90,232.0,,42.767,1.853,Plein jour,Hors agglomération,Hors intersection,Normale,Deux véhicules - frontale,,,,,,,,,,,1,1,1,1,1
200500040129,0005-06-15 19:45:00,5,6,15,19,45,760,122.0,,49.813,1.509,Plein jour,Hors agglomération,Hors intersection,Pluie forte,Sans collision,,,,,,,,,,,1,1,1,3,7
200500040130,0005-06-13 09:30:00,5,6,13,9,30,350,189.0,,48.157,-1.696,Plein jour,Hors agglomération,Hors intersection,Normale,Sans collision,,,,,,,,,,,1,1,1,1,7
200500040131,0005-06-13 17:30:00,5,6,13,17,30,350,131.0,,48.134,-1.809,Plein jour,Hors agglomération,Intersection en X,Normale,Deux véhicules - côté,,,,,,,,,,,1,1,2,1,3
200500040132,0005-06-01 15:15:00,5,6,1,15,15,560,251.0,ALLEE DU LANDY,47.636,-2.661,Plein jour,En agglomération,Giratoire,Normale,Deux véhicules - côté,,,,,,,,,,,1,2,6,1,3
200500040133,0005-06-08 15:00:00,5,6,8,15,0,560,240.0,,47.531,-2.795,Plein jour,Hors agglomération,Hors intersection,Normale,Trois véhicules et plus - collisions multiples,,,,,,,,,,,1,1,1,1,5
200500040134,0005-06-16 16:00:00,5,6,16,16,0,560,205.0,,47.56,-2.701,Plein jour,Hors agglomération,Intersection en X,Normale,Deux véhicules - côté,,,,,,,,,,,1,1,2,1,3
200500040135,0005-06-16 18:15:00,5,6,16,18,15,380,553.0,ulevard de Villefontaine,,,Plein jour,En agglomération,Hors intersection,Normale,Deux véhicules - frontale,,,,,,,,,,,1,2,1,1,1
200500040136,0005-06-20 13:30:00,5,6,20,13,30,380,553.0,Bld de VILLEFONTAINE,45.622,5.147,Plein jour,En agglomération,Hors intersection,Temps éblouissant,Deux véhicules - frontale,,,,,,,,,,,1,2,1,7,1
200500040137,0005-06-04 05:15:00,5,6,4,5,15,180,141.0,,47.142,2.187,Crépuscule ou aube,Hors agglomération,Hors intersection,Normale,Sans collision,,,,,,,,,,,2,1,1,1,7
200500040138,0005-06-18 15:15:00,5,6,18,15,15,180,190.0,,,,Plein jour,Hors agglomération,Hors intersection,Normale,Sans collision,,,,,,,,,,,1,1,1,1,7
200500040139,0005-06-22 04:30:00,5,6,22,4,30,410,46.0,,,,Nuit sans éclairage public,Hors agglomération,Hors intersection,Normale,Autre collision,,,,,,,,,,,3,1,1,1,6
200500040140,0005-06-23 10:15:00,5,6,23,10,15,180,138.0,,,,Plein jour,Hors agglomération,Hors intersection,Normale,Sans collision,,,,,,,,,,,1,1,1,1,7
200500040141,0005-06-24 14:30:00,5,6,24,14,30,180,138.0,,47.065,2.3,Plein jour,Hors agglomération,Hors intersection,Normale,Sans collision,,,,,,,,,,,1,1,1,1,7
200500040142,0005-06-04 11:30:00,5,6,4,11,30,220,389.0,,,,Plein jour,Hors agglomération,Hors intersection,Normale,Deux véhicules - arrière,,,,,,,,,,,1,1,1,1,2
200500040143,0005-06-18 04:15:00,5,6,18,4,15,220,81.0,,48.523,-2.639,Nuit sans éclairage public,Hors agglomération,Hors intersection,Normale,Autre collision,,,,,,,,,,,3,1,1,1,6
200500040144,0005-06-20 12:30:00,5,6,20,12,30,340,333.0,,43.505,3.786,Plein jour,Hors agglomération,Hors intersection,Normale,Deux véhicules - côté,,,,,,,,,,,1,1,1,1,3
200500040145,0005-06-10 12:15:00,5,6,10,12,15,140,191.0,,49.319,-0.46,Plein jour,Hors agglomération,Hors intersection,Normale,Deux véhicules - frontale,,,,,,,,,,,1,1,1,1,1
200500040146,0005-06-19 21:45:00,5,6,19,21,45,140,318.0,route de ver,,,Crépuscule ou aube,En agglomération,Intersection en X,Normale,Deux véhicules - côté,,,,,,,,,,,2,2,2,1,3
200500040147,0005-06-27 17:00:00,5,6,27,17,0,140,577.0,,49.278,-0.58,Plein jour,Hors agglomération,Hors intersection,Normale,Sans collision,,,,,,,,,,,1,1,1,1,7
200500040148,0005-06-09 20:00:00,5,6,9,20,0,130,51.0,,43.587,5.125,Plein jour,Hors agglomération,Hors intersection,Normale,Autre collision,,,,,,,,,,,1,1,1,1,6
200500040149,0005-06-26 16:35:00,5,6,26,16,35,400,210.0,RN10,,,Plein jour,Hors agglomération,Hors intersection,Normale,Deux véhicules - côté,,,,,,,,,,,1,1,1,1,3
200500040150,0005-06-03 16:45:00,5,6,3,16,45,670,309.0,RUE DESAIX/RUE FOCH,48.639,7.717,Plein jour,En agglomération,Hors intersection,Normale,Deux véhicules - frontale,,,,,,,,,,,1,2,1,1,1
200500040151,0005-06-24 14:00:00,5,6,24,14,0,670,343.0,cd 41 route de Saverne,48.611,7.685,Plein jour,En agglomération,Hors intersection,Normale,Sans collision,,,,,,,,,,,1,2,1,1,7
200500040152,0005-06-22 07:00:00,5,6,22,7,0,670,389.0,,,,Plein jour,Hors agglomération,Hors intersection,Normale,Deux véhicules - arrière,,,,,,,,,,,1,1,1,1,2
200500040153,0005-06-24 12:15:00,5,6,24,12,15,650,356.0,,43.131,0.316,Plein jour,Hors agglomération,Hors intersection,Normale,Deux véhicules - frontale,,,,,,,,,,,1,1,1,1,1
200500040154,0005-06-20 02:45:00,5,6,20,2,45,20,37.0,,,,Nuit sans éclairage public,Hors agglomération,Hors intersection,Normale,Deux véhicules - frontale,,,,,,,,,,,3,1,1,1,1
200500040155,0005-06-05 08:30:00,5,6,5,8,30,30,297.0,,46.406,2.713,Plein jour,Hors agglomération,Hors intersection,Normale,Autre collision,,,,,,,,,,,1,1,1,1,6
200500040156,0005-06-26 04:45:00,5,6,26,4,45,30,104.0,,46.362,2.799,Nuit sans éclairage public,Hors agglomération,Hors intersection,Normale,Autre collision,,,,,,,,,,,3,1,1,1,6
200500040157,0005-06-20 17:30:00,5,6,20,17,30,210,330.0,,47.255,5.237,Plein jour,Hors agglomération,Hors intersection,Normale,Autre collision,,,,,,,,,,,1,1,1,1,6
200500040158,0005-06-04 15:00:00,5,6,4,15,0,50,162.0,,,,Plein jour,Hors agglomération,Hors intersection,Normale,Sans collision,,,,,,,,,,,1,1,1,1,7
200500040159,0005-06-05 05:00:00,5,6,5,5,0,100,216.0,,,,Crépuscule ou aube,Hors agglomération,Hors intersection,Normale,Sans collision,,,,,,,,,,,2,1,1,1,7
200500040160,0005-06-08 12:00:00,5,6,8,12,0,100,48.0,,,,Plein jour,Hors agglomération,Hors intersection,Normale,Sans collision,,,,,,,,,,,1,1,1,1,7
200500040161,0005-06-10 16:00:00,5,6,10,16,0,100,415.0,,,,Plein jour,Hors agglomération,Hors intersection,Normale,Deux véhicules - arrière,,,,,,,,,,,1,1,1,1,2
200500040162,0005-06-08 13:00:00,5,6,8,13,0,100,95.0,,,,Plein jour,Hors agglomération,Hors intersection,Normale,Autre collision,,,,,,,,,,,1,1,1,1,6
200500040163,0005-06-15 14:15:00,5,6,15,14,15,100,380.0,,,,Plein jour,Hors agglomération,Hors intersection,Normale,Sans collision,,,,,,,,,,,1,1,1,1,7
200500040164,0005-06-19 16:20:00,5,6,19,16,20,400,206.0,A641 - P.K. 2+300,,,Plein jour,Hors agglomération,Hors intersection,Normale,Deux véhicules - frontale,,,,,,,,,,,1,1,1,1,1
200500040165,0005-06-13 08:15:00,5,6,13,8,15,670,519.0,,,,Plein jour,Hors agglomération,Hors intersection,Normale,Sans collision,,,,,,,,,,,1,1,1,1,7
200500040166,0005-06-10 13:30:00,5,6,10,13,30,510,99.0,,,,Plein jour,Hors agglomération,Hors intersection,Normale,Deux véhicules - arrière,,,,,,,,,,,1,1,1,1,2
200500040167,0005-06-20 16:30:00,5,6,20,16,30,510,99.0,,,,Plein jour,Hors agglomération,Hors intersection,Normale,Autre collision,,,,,,,,,,,1,1,1,1,6
200500040168,0005-06-05 14:45:00,5,6,5,14,45,770,195.0,,48.585,2.74,Plein jour,Hors agglomération,Hors intersection,Normale,Sans collision,,,,,,,,,,,1,1,1,1,7
200500040169,0005-06-09 05:45:00,5,6,9,5,45,770,453.0,,48.536,2.808,Plein jour,Hors agglomération,Hors intersection,Normale,Sans collision,,,,,,,,,,,1,1,1,1,7
200500040170,0005-06-14 11:30:00,5,6,14,11,30,770,86.0,,,,Plein jour,Hors agglomération,Hors intersection,Normale,Sans collision,,,,,,,,,,,1,1,1,1,7
200500040171,0005-06-02 00:30:00,5,6,2,0,30,950,436.0,,,,Nuit sans éclairage public,Hors agglomération,Hors intersection,Normale,Sans collision,,,,,,,,,,,3,1,1,1,7
200500040172,0005-06-20 00:15:00,5,6,20,0,15,600,30.0,,,,Nuit sans éclairage public,Hors agglomération,Hors intersection,Normale,Autre collision,,,,,,,,,,,3,1,1,1,6
200500040173,0005-06-10 14:45:00,5,6,10,14,45,890,136.0,,48.254,3.272,Plein jour,Hors agglomération,Hors intersection,Normale,Autre collision,,,,,,,,,,,1,1,1,1,6
200500040174,0005-06-20 17:25:00,5,6,20,17,25,890,399.0,68+480,,,Plein jour,Hors agglomération,Hors intersection,Normale,Sans collision,,,,,,,,,,,1,1,1,1,7
200500040175,0005-06-10 17:30:00,5,6,10,17,30,130,50.0,rte d avignon - pr 0+400,,,Plein jour,En agglomération,Hors intersection,Normale,Deux véhicules - côté,,,,,,,,,,,1,2,1,1,3
200500040176,0005-06-23 16:40:00,5,6,23,16,40,130,50.0,Chemin du Moulard,,,Plein jour,Hors agglomération,Hors intersection,Normale,Deux véhicules - frontale,,,,,,,,,,,1,1,1,1,1
200500040177,0005-06-02 07:45:00,5,6,2,7,45,310,458.0,,,,Plein jour,Hors agglomération,Hors intersection,Normale,Deux véhicules - frontale,,,,,,,,,,,1,1,1,1,1
200500040178,0005-06-21 09:45:00,5,6,21,9,45,760,533.0,,,,Plein jour,Hors agglomération,Hors intersection,Normale,Trois véhicules et plus - en chaîne,,,,,,,,,,,1,1,1,1,4
200500040179,0005-06-24 23:45:00,5,6,24,23,45,760,628.0,,,,Nuit sans éclairage public,Hors agglomération,Hors intersection,Normale,Sans collision,,,,,,,,,,,3,1,1,1,7