accident_id,datetime,annee,mois,jour,heure,minute,departement,commune_insee,adresse,latitude,longitude,luminosite,agglomeration,intersection,meteo,collision,nb_vehicules,nb_usagers,nb_indemnes,nb_tues,nb_blesses_hosp,nb_blesses_legers,age_cond_1,age_cond_2,veh_type_cond_1,veh_type_cond_2,lum_code,agg_code,int_code,atm_code,col_code
200500040315,0005-06-04 15:50:00,5,6,4,15,50,930,30.0,LARIVIERE (RUE LOUIS),,,Plein jour,En agglomération,Intersection en X,Pluie forte,Deux véhicules - arrière,,,,,,,,,,,1,2,2,3,2
200500040316,0005-06-06 18:40:00,5,6,6,18,40,930,27.0,"17, VAILLANT-COUTURIER (",,,Plein jour,En agglomération,Hors intersection,Normale,Autre collision,,,,,,,,,,,1,2,1,1,6
200500040317,0005-06-10 10:34:00,5,6,10,10,34,930,30.0,"212, HUIT-MAI-1945 (AVEN",,,Plein jour,En agglomération,Intersection en T,Normale,Sans collision,,,,,,,,,,,1,2,3,1,7
200500040318,0005-06-12 11:00:00,5,6,12,11,0,930,13.0,"0, LECLERC (AVENU DE LA",,,Plein jour,En agglomération,Intersection en X,Normale,Deux véhicules - arrière,,,,,,,,,,,1,2,2,1,2
200500040319,0005-06-15 11:35:00,5,6,15,11,35,930,30.0,DEUXIEME D.B (AVENUE DE,,,Plein jour,En agglomération,Hors intersection,Normale,Deux véhicules - côté,,,,,,,,,,,1,2,1,1,3
200500040320,0005-06-16 13:15:00,5,6,16,13,15,930,27.0,"64, SAINT-DENIS (RUE DE)",,,Plein jour,En agglomération,Intersection en X,Temps éblouissant,Deux véhicules - côté,,,,,,,,,,,1,2,2,7,3
200500040321,0005-06-23 16:29:00,5,6,23,16,29,930,13.0,"01, KENNEDY (AVENUE JOHN",,,Plein jour,En agglomération,Hors intersection,Normale,Deux véhicules - côté,,,,,,,,,,,1,2,1,1,3
200500040322,0005-06-27 19:15:00,5,6,27,19,15,930,27.0,"51, CONVENTION (RUE DE L",,,Plein jour,En agglomération,Intersection en X,Normale,Deux véhicules - frontale,,,,,,,,,,,1,2,2,1,1
200500040323,0005-06-28 00:30:00,5,6,28,0,30,930,27.0,VAILLANT-COUTURIER (AVEN,,,Nuit avec éclairage allumé,En agglomération,Hors intersection,Normale,Deux véhicules - frontale,,,,,,,,,,,5,2,1,1,1
200500040324,0005-06-04 12:15:00,5,6,4,12,15,930,29.0,SAINT-STENAY,,,Plein jour,En agglomération,Giratoire,Normale,Autre collision,,,,,,,,,,,1,2,6,1,6
200500040325,0005-06-07 17:30:00,5,6,7,17,30,930,29.0,"01, PAUL VAILLANT COUTUR",,,Plein jour,En agglomération,Hors intersection,Normale,Autre collision,,,,,,,,,,,1,2,1,1,6
200500040326,0005-06-19 17:50:00,5,6,19,17,50,930,29.0,REPUBLIQUE (DE LA) N° 1-,,,Plein jour,En agglomération,Intersection en X,Normale,Autre collision,,,,,,,,,,,1,2,2,1,6
200500040327,0005-06-23 16:00:00,5,6,23,16,0,930,29.0,HENRI BARBUSSE (AVE) N°1,,,Plein jour,En agglomération,Intersection en T,Normale,Autre collision,,,,,,,,,,,1,2,3,1,6
200500040328,0005-06-26 19:50:00,5,6,26,19,50,930,29.0,SADI CARNOT,,,Plein jour,En agglomération,Intersection en T,Normale,Sans collision,,,,,,,,,,,1,2,3,1,7
200500040329,0005-04-01 13:00:00,5,4,1,13,0,930,66.0,CHE DU CORNILLON,,,Plein jour,En agglomération,Hors intersection,Normale,Sans collision,,,,,,,,,,,1,2,1,1,7
200500040330,0005-05-17 16:15:00,5,5,17,16,15,930,66.0,"0, CROIZAT AMBROISE RD 2",,,Plein jour,En agglomération,Intersection en X,Normale,Deux véhicules - côté,,,,,,,,,,,1,2,2,1,3
200500040331,0005-05-17 17:00:00,5,5,17,17,0,930,66.0,"100, ""STALINGRAD (AVENUE",,,Plein jour,En agglomération,Intersection en T,Normale,Deux véhicules - côté,,,,,,,,,,,1,2,3,1,3
200500040332,0005-05-26 08:20:00,5,5,26,8,20,930,66.0,PRESSENCE FRANCIS (AVENU,,,Plein jour,En agglomération,Intersection en T,Normale,Autre collision,,,,,,,,,,,1,2,3,1,6
200500040333,0005-05-26 19:30:00,5,5,26,19,30,930,66.0,"10, PORT",,,Plein jour,En agglomération,Hors intersection,Normale,Deux véhicules - côté,,,,,,,,,,,1,2,1,1,3
200500040334,0005-05-27 10:40:00,5,5,27,10,40,930,66.0,"1, MARINE (QUAI DE LA )",,,Plein jour,En agglomération,Hors intersection,Normale,Autre collision,,,,,,,,,,,1,2,1,1,6
200500040335,0005-05-29 00:55:00,5,5,29,0,55,930,66.0,VAILLANT COUTURIER PAUL,,,Nuit avec éclairage allumé,En agglomération,Giratoire,Normale,Autre collision,,,,,,,,,,,5,2,6,1,6
200500040336,0005-05-30 22:50:00,5,5,30,22,50,930,66.0,"156, WILSON (AVENUE DU P",,,Nuit avec éclairage allumé,En agglomération,Intersection en X,Normale,Deux véhicules - côté,,,,,,,,,,,5,2,2,1,3
200500040337,0005-05-31 22:15:00,5,5,31,22,15,930,66.0,"6, LAMAZE DOCTEUR",,,Nuit avec éclairage allumé,En agglomération,Intersection en X,Normale,Deux véhicules - côté,,,,,,,,,,,5,2,2,1,3
200500040338,0005-05-31 08:20:00,5,5,31,8,20,930,66.0,"34, ""STRASBOURG, NR 1 A",,,Plein jour,En agglomération,Intersection en T,Normale,Autre collision,,,,,,,,,,,1,2,3,1,6
200500040339,0005-04-01 07:00:00,5,4,1,7,0,940,76.0,"1, DAUPHIN (R)",,,Nuit avec éclairage allumé,En agglomération,Hors intersection,Normale,Autre collision,,,,,,,,,,,5,2,1,1,6
200500040340,0005-04-06 11:30:00,5,4,6,11,30,940,76.0,"05, RESERVOIRS (PAS DES)",,,Plein jour,En agglomération,Hors intersection,Normale,Autre collision,,,,,,,,,,,1,2,1,1,6
200500040341,0005-04-07 18:17:00,5,4,7,18,17,940,37.0,"1, PAUL VAILLANT COUTURI",,,Nuit avec éclairage allumé,En agglomération,Hors intersection,Normale,Deux véhicules - côté,,,,,,,,,,,5,2,1,1,3
200500040342,0005-04-08 18:30:00,5,4,8,18,30,940,76.0,"1, PASTEUR (R)",,,Plein jour,En agglomération,Hors intersection,Normale,Sans collision,,,,,,,,,,,1,2,1,1,7
200500040343,0005-04-09 10:20:00,5,4,9,10,20,940,76.0,"40, STALINGRAD (AV DE)",,,Plein jour,En agglomération,Autre intersection,Normale,Deux véhicules - arrière,,,,,,,,,,,1,2,9,1,2
200500040344,0005-04-11 15:30:00,5,4,11,15,30,940,76.0,"14, LOUIS ARAGON (AV)",,,Plein jour,En agglomération,Hors intersection,Normale,Deux véhicules - arrière,,,,,,,,,,,1,2,1,1,2
200500040345,0005-04-11 13:00:00,5,4,11,13,0,940,16.0,"1, PROVIGNY (R DE)",,,Plein jour,En agglomération,Hors intersection,Normale,Deux véhicules - frontale,,,,,,,,,,,1,2,1,1,1
200500040346,0005-04-14 11:00:00,5,4,14,11,0,940,43.0,"1, FONTAINEBLEAU (AV DE)",,,Plein jour,En agglomération,Hors intersection,Normale,Deux véhicules - arrière,,,,,,,,,,,1,2,1,1,2
200500040347,0005-04-15 11:30:00,5,4,15,11,30,940,76.0,"58, MAXIME GORKI (BD)",,,Plein jour,En agglomération,Hors intersection,Normale,Autre collision,,,,,,,,,,,1,2,1,1,6
200500040348,0005-04-15 13:50:00,5,4,15,13,50,940,76.0,"1, PARIS (AV DE)",,,Plein jour,En agglomération,Intersection en X,Normale,Deux véhicules - côté,,,,,,,,,,,1,2,2,1,3
200500040349,0005-04-17 15:45:00,5,4,17,15,45,940,43.0,"141, FONTAINEBLEAU (AV D",,,Plein jour,En agglomération,Hors intersection,Normale,Deux véhicules - frontale,,,,,,,,,,,1,2,1,1,1
200500040350,0005-04-16 17:55:00,5,4,16,17,55,940,16.0,"72, DUMOTEL (AV)",,,Plein jour,En agglomération,Hors intersection,Normale,Autre collision,,,,,,,,,,,1,2,1,1,6
200500040351,0005-04-18 12:00:00,5,4,18,12,0,940,16.0,"1, PROVIGNY (R DE)",,,Plein jour,En agglomération,Hors intersection,Normale,Deux véhicules - côté,,,,,,,,,,,1,2,1,1,3
200500040352,0005-04-18 14:15:00,5,4,18,14,15,940,43.0,"49, CHARLES GIDE (AV)",,,Plein jour,En agglomération,Hors intersection,Normale,Sans collision,,,,,,,,,,,1,2,1,1,7
200500040353,0005-04-21 14:30:00,5,4,21,14,30,940,43.0,"1, VERDUN (R DE)",,,Plein jour,En agglomération,Hors intersection,Normale,Deux véhicules - arrière,,,,,,,,,,,1,2,1,1,2
200500040354,0005-04-22 08:25:00,5,4,22,8,25,940,76.0,"56, JEAN LURCAT (R)",,,Plein jour,En agglomération,Hors intersection,Normale,Deux véhicules - arrière,,,,,,,,,,,1,2,1,1,2
200500040355,0005-04-26 18:00:00,5,4,26,18,0,940,16.0,"1, DUMOTEL (AV)",,,Plein jour,En agglomération,Autre intersection,Pluie légère,Deux véhicules - frontale,,,,,,,,,,,1,2,9,2,1
200500040356,0005-04-21 11:00:00,5,4,21,11,0,940,43.0,"45, FONTAINEBLEAU (AV DE",,,Plein jour,En agglomération,Intersection en X,Normale,Autre collision,,,,,,,,,,,1,2,2,1,6
200500040357,0005-05-31 18:30:00,5,5,31,18,30,940,37.0,"05, FERNAND LEGER (ALL)",,,Crépuscule ou aube,En agglomération,Hors intersection,Normale,Autre collision,,,,,,,,,,,2,2,1,1,6
200500040358,0005-05-11 11:20:00,5,5,11,11,20,940,43.0,"40, FONTAINEBLEAU (AV DE",,,Plein jour,En agglomération,Hors intersection,Normale,Autre collision,,,,,,,,,,,1,2,1,1,6
200500040359,0005-05-04 18:00:00,5,5,4,18,0,940,37.0,"21, JEAN JAURES (AV)",,,Plein jour,En agglomération,Hors intersection,Pluie légère,Trois véhicules et plus - en chaîne,,,,,,,,,,,1,2,1,2,4
200500040360,0005-05-07 01:30:00,5,5,7,1,30,940,43.0,"20, FONTAINEBLEAU (AV DE",,,Nuit avec éclairage allumé,En agglomération,Autre intersection,Normale,Autre collision,,,,,,,,,,,5,2,9,1,6
200500040361,0005-05-08 11:20:00,5,5,8,11,20,940,76.0,", PARIS (AV DE)",,,Plein jour,En agglomération,Hors intersection,Normale,Deux véhicules - côté,,,,,,,,,,,1,2,1,1,3
200500040362,0005-05-08 18:50:00,5,5,8,18,50,940,76.0,"1, PAUL VAILLANT COUTURI",,,Plein jour,En agglomération,Hors intersection,Normale,Deux véhicules - côté,,,,,,,,,,,1,2,1,1,3
200500040363,0005-05-09 16:20:00,5,5,9,16,20,940,3.0,"4, PAUL VAILLANT COUTURI",,,Plein jour,En agglomération,Hors intersection,Normale,Autre collision,,,,,,,,,,,1,2,1,1,6
200500040364,0005-05-10 12:45:00,5,5,10,12,45,940,76.0,"15, HENRI BARBUSSE (R)",,,Plein jour,En agglomération,Intersection en T,Normale,Autre collision,,,,,,,,,,,1,2,3,1,6
200500040365,0005-05-12 08:15:00,5,5,12,8,15,940,16.0,"1, ARISTIDE BRIAND (AV)",,,Plein jour,En agglomération,Hors intersection,Normale,Autre collision,,,,,,,,,,,1,2,1,1,6
200500040366,0005-05-16 20:25:00,5,5,16,20,25,940,16.0,"1, EUROPE (AV DE L)",,,Plein jour,En agglomération,Hors intersection,Normale,Sans collision,,,,,,,,,,,1,2,1,1,7
200500040367,0005-05-17 18:15:00,5,5,17,18,15,940,37.0,"141, PAUL VAILLANT COUTU",,,Plein jour,En agglomération,Hors intersection,Normale,Autre collision,,,,,,,,,,,1,2,1,1,6
200500040368,0005-05-18 12:30:00,5,5,18,12,30,940,76.0,EUGENE VARLIN (R),,,Plein jour,En agglomération,Hors intersection,Normale,Autre collision,,,,,,,,,,,1,2,1,1,6
200500040369,0005-05-18 13:35:00,5,5,18,13,35,940,37.0,"162, GABRIEL PERI (R)",,,Plein jour,En agglomération,Hors intersection,Normale,Trois véhicules et plus - en chaîne,,,,,,,,,,,1,2,1,1,4
200500040370,0005-05-20 16:40:00,5,5,20,16,40,940,16.0,"1, MARX DORMOY (R)",,,Plein jour,En agglomération,Intersection en X,Normale,Autre collision,,,,,,,,,,,1,2,2,1,6
200500040371,0005-05-23 09:00:00,5,5,23,9,0,940,3.0,"1, MARIUS SIDOBRE (R)",,,Plein jour,En agglomération,Hors intersection,Normale,Autre collision,,,,,,,,,,,1,2,1,1,6
200500040372,0005-05-24 17:10:00,5,5,24,17,10,940,16.0,"85, ARISTIDE BRIAND (AV)",,,Plein jour,En agglomération,Autre intersection,Normale,Deux véhicules - côté,,,,,,,,,,,1,2,9,1,3
200500040373,0005-05-24 08:35:00,5,5,24,8,35,940,3.0,"69, ARISTIDE BRIAND (AV)",,,Plein jour,En agglomération,Hors intersection,Normale,Deux véhicules - arrière,,,,,,,,,,,1,2,1,1,2
200500040374,0005-05-27 17:00:00,5,5,27,17,0,940,16.0,"71, PRESIDENT WILSON (AV",,,Plein jour,En agglomération,Hors intersection,Normale,Deux véhicules - arrière,,,,,,,,,,,1,2,1,1,2
200500040375,0005-05-29 12:30:00,5,5,29,12,30,940,37.0,"1, LOUIS GAILLET (R)",,,Plein jour,En agglomération,Intersection en X,Normale,Deux véhicules - côté,,,,,,,,,,,1,2,2,1,3
200500040376,0005-05-30 12:35:00,5,5,30,12,35,940,76.0,"25, CHASTENET DE GERY (B",,,Plein jour,En agglomération,Hors intersection,Normale,Autre collision,,,,,,,,,,,1,2,1,1,6
200500040377,0005-05-02 17:30:00,5,5,2,17,30,940,16.0,", ARISTIDE BRIAND (AV)",,,Plein jour,En agglomération,Hors intersection,Normale,Deux véhicules - côté,,,,,,,,,,,1,2,1,1,3
200500040378,0005-06-01 18:35:00,5,6,1,18,35,940,16.0,"00, GABRIEL PERI (R)",,,Plein jour,En agglomération,Intersection en X,Normale,Deux véhicules - frontale,,,,,,,,,,,1,2,2,1,1
200500040379,0005-06-02 22:10:00,5,6,2,22,10,940,76.0,"112, JEAN JAURES (R)",,,Nuit avec éclairage allumé,En agglomération,Hors intersection,Normale,Deux véhicules - côté,,,,,,,,,,,5,2,1,1,3
200500040380,0005-06-03 20:50:00,5,6,3,20,50,940,76.0,"49, MAXIME GORKI (R)",,,Crépuscule ou aube,En agglomération,Intersection en X,Autre,Deux véhicules - côté,,,,,,,,,,,2,2,2,9,3
200500040381,0005-06-06 11:10:00,5,6,6,11,10,940,37.0,"00, PAUL VAILLANT COUTUR",,,Plein jour,En agglomération,Intersection en X,Normale,Trois véhicules et plus - collisions multiples,,,,,,,,,,,1,2,2,1,5
200500040382,0005-06-04 21:10:00,5,6,4,21,10,940,76.0,"00, STALINGRAD (AV DE)",,,Nuit avec éclairage allumé,En agglomération,Intersection en X,Normale,Deux véhicules - frontale,,,,,,,,,,,5,2,2,1,1
200500040383,0005-06-07 20:30:00,5,6,7,20,30,940,37.0,"41, PAUL VAILLANT COUTUR",,,Plein jour,En agglomération,Hors intersection,Normale,Autre collision,,,,,,,,,,,1,2,1,1,6
200500040384,0005-06-08 11:10:00,5,6,8,11,10,940,3.0,"76, ARISTIDE BRIAND (AV)",,,Plein jour,En agglomération,Intersection en X,Normale,Autre collision,,,,,,,,,,,1,2,2,1,6
200500040385,0005-06-08 23:30:00,5,6,8,23,30,940,43.0,FONTAINEBLEAU (AV DE),,,Nuit avec éclairage allumé,En agglomération,Hors intersection,Normale,Deux véhicules - côté,,,,,,,,,,,5,2,1,1,3
200500040386,0005-06-16 11:05:00,5,6,16,11,5,940,37.0,"00, MAZAGRAN (AV)",,,Plein jour,En agglomération,Hors intersection,Normale,Deux véhicules - arrière,,,,,,,,,,,1,2,1,1,2
200500040387,0005-06-14 14:15:00,5,6,14,14,15,940,43.0,EDMONT MICHELET (R),,,Plein jour,En agglomération,Intersection en T,Normale,Deux véhicules - côté,,,,,,,,,,,1,2,3,1,3
200500040388,0005-06-16 01:15:00,5,6,16,1,15,940,76.0,"1, PARIS (AV DE)",,,Nuit avec éclairage allumé,En agglomération,Hors intersection,Normale,Autre collision,,,,,,,,,,,5,2,1,1,6
200500040389,0005-06-22 03:20:00,5,6,22,3,20,940,76.0,STALINGRAD (AV DE),,,Nuit avec éclairage allumé,En agglomération,Intersection en X,Autre,Deux véhicules - côté,,,,,,,,,,,5,2,2,9,3
200500040390,0005-06-24 05:15:00,5,6,24,5,15,940,76.0,"10, MAXIME GORKI (BD)",,,Crépuscule ou aube,En agglomération,Hors intersection,Normale,Sans collision,,,,,,,,,,,2,2,1,1,7
200500040391,0005-06-25 13:30:00,5,6,25,13,30,940,3.0,"48, CONVENTION (AV DE LA",,,Plein jour,En agglomération,Hors intersection,Normale,Deux véhicules - arrière,,,,,,,,,,,1,2,1,1,2
200500040392,0005-06-27 19:20:00,5,6,27,19,20,940,43.0,"00, VERDUN (R DE)",,,Crépuscule ou aube,En agglomération,Intersection en X,Normale,Deux véhicules - côté,,,,,,,,,,,2,2,2,1,3
200500040393,0005-06-28 07:10:00,5,6,28,7,10,940,76.0,PRESIDENT ALLENDE (AV DU,,,Plein jour,En agglomération,Intersection en T,Normale,Autre collision,,,,,,,,,,,1,2,3,1,6
200500040394,0005-03-13 15:25:00,5,3,13,15,25,940,80.0,"02, DONJON (R DU)",,,Plein jour,En agglomération,Intersection en T,Normale,Deux véhicules - frontale,,,,,,,,,,,1,2,3,1,1
200500040395,0005-03-15 14:30:00,5,3,15,14,30,940,80.0,"VISAVIS16, MIDI (R DU)",,,Plein jour,En agglomération,Hors intersection,Normale,Autre collision,,,,,,,,,,,1,2,1,1,6
200500040396,0005-03-21 09:10:00,5,3,21,9,10,940,80.0,PARIS (AV DE),,,Plein jour,En agglomération,Intersection en X,Normale,Deux véhicules - côté,,,,,,,,,,,1,2,2,1,3
200500040397,0005-03-24 23:05:00,5,3,24,23,5,940,67.0,", DAUMESNIL (AV)",,,Nuit avec éclairage allumé,En agglomération,Intersection en X,Normale,Deux véhicules - côté,,,,,,,,,,,5,2,2,1,3
200500040398,0005-03-30 07:10:00,5,3,30,7,10,940,67.0,"37, GENERAL DE GAULLE (A",,,Crépuscule ou aube,En agglomération,Hors intersection,Pluie légère,Deux véhicules - frontale,,,,,,,,,,,2,2,1,2,1
200500040399,0005-04-04 09:55:00,5,4,4,9,55,940,67.0,"23, GENERAL DE GAULLE (A",,,Plein jour,En agglomération,Intersection en X,Normale,Deux véhicules - frontale,,,,,,,,,,,1,2,2,1,1
200500040400,0005-04-04 16:40:00,5,4,4,16,40,940,80.0,REPUBLIQUE (AV DE LA),,,Plein jour,En agglomération,Hors intersection,Normale,Autre collision,,,,,,,,,,,1,2,1,1,6
200500040401,0005-04-06 17:15:00,5,4,6,17,15,940,80.0,"67, MARIGNY (COUR)",,,Plein jour,En agglomération,Hors intersection,Pluie légère,Autre collision,,,,,,,,,,,1,2,1,2,6
200500040402,0005-04-12 22:10:00,5,4,12,22,10,940,80.0,"28, PARIS (AV DE)",,,Nuit avec éclairage non allumé,En agglomération,Intersection en X,Normale,Deux véhicules - frontale,,,,,,,,,,,4,2,2,1,1
200500040403,0005-04-28 15:30:00,5,4,28,15,30,940,80.0,"face au 69, DIDEROT (R)",,,Plein jour,En agglomération,Hors intersection,Normale,Autre collision,,,,,,,,,,,1,2,1,1,6
200500040404,0005-04-14 14:30:00,5,4,14,14,30,940,80.0,"76, PARIS (AV DE)",,,Plein jour,En agglomération,Hors intersection,Normale,Deux véhicules - côté,,,,,,,,,,,1,2,1,1,3
200500040405,0005-04-15 09:15:00,5,4,15,9,15,940,80.0,"9, FAYS LIM COM (R)",,,Plein jour,En agglomération,Hors intersection,Pluie légère,Autre collision,,,,,,,,,,,1,2,1,2,6
200500040406,0005-04-19 20:30:00,5,4,19,20,30,940,80.0,"115, FONTENAY (R DE)",,,Plein jour,En agglomération,Intersection en X,Normale,Deux véhicules - frontale,,,,,,,,,,,1,2,2,1,1
200500040407,0005-04-29 16:20:00,5,4,29,16,20,940,80.0,"196, FONTENAY (R DE)",,,Plein jour,En agglomération,Hors intersection,Normale,Trois véhicules et plus - collisions multiples,,,,,,,,,,,1,2,1,1,5
200500040408,0005-04-30 15:20:00,5,4,30,15,20,940,80.0,"73, PARIS (AV DE)",,,Plein jour,En agglomération,Hors intersection,Normale,Deux véhicules - arrière,,,,,,,,,,,1,2,1,1,2
200500040409,0005-05-10 08:40:00,5,5,10,8,40,940,67.0,"32, GENERAL DE GAULLE (A",,,Plein jour,En agglomération,Intersection en X,Normale,Deux véhicules - côté,,,,,,,,,,,1,2,2,1,3
200500040410,0005-05-18 07:25:00,5,5,18,7,25,940,80.0,"27, PARIS (AV DE)",,,Plein jour,En agglomération,Hors intersection,Normale,Deux véhicules - frontale,,,,,,,,,,,1,2,1,1,1
200500040411,0005-05-25 13:45:00,5,5,25,13,45,940,67.0,"45, GENERAL DE GAULLE (A",,,Plein jour,En agglomération,Hors intersection,Normale,Autre collision,,,,,,,,,,,1,2,1,1,6
200500040412,0005-05-27 17:20:00,5,5,27,17,20,940,80.0,"4, CHARLES PATHE (R)",,,Plein jour,En agglomération,Hors intersection,Normale,Autre collision,,,,,,,,,,,1,2,1,1,6
200500040413,0005-05-29 15:10:00,5,5,29,15,10,940,67.0,"128, GENERAL DE GAULLE (",,,Plein jour,En agglomération,Hors intersection,Normale,Autre collision,,,,,,,,,,,1,2,1,1,6
200500040414,0005-05-30 22:00:00,5,5,30,22,0,940,80.0,"57, DIDEROT (R)",,,Nuit avec éclairage allumé,En agglomération,Hors intersection,Normale,Deux véhicules - arrière,,,,,,,,,,,5,2,1,1,2
200500040415,0005-06-12 18:15:00,5,6,12,18,15,940,80.0,"6, MARECHAL MAUNOURY (R",,,Nuit avec éclairage allumé,En agglomération,Intersection en T,Normale,Autre collision,,,,,,,,,,,5,2,3,1,6
200500040416,0005-06-13 12:00:00,5,6,13,12,0,940,80.0,"135, FRANCE (R DE)",,,Plein jour,En agglomération,Intersection en X,Normale,Deux véhicules - frontale,,,,,,,,,,,1,2,2,1,1
200500040417,0005-06-13 19:00:00,5,6,13,19,0,940,80.0,"7, BERAULT (PL)",,,Plein jour,En agglomération,Intersection en X,Normale,Deux véhicules - frontale,,,,,,,,,,,1,2,2,1,1
200500040418,0005-06-19 18:40:00,5,6,19,18,40,940,80.0,"4, NOGENT (AV DE)",,,Plein jour,En agglomération,Intersection en X,Normale,Deux véhicules - côté,,,,,,,,,,,1,2,2,1,3
200500040419,0005-06-22 09:35:00,5,6,22,9,35,940,80.0,"43, FONTENAY (R DE)",,,Plein jour,En agglomération,Intersection en X,Normale,Autre collision,,,,,,,,,,,1,2,2,1,6
200500040420,0005-06-22 23:05:00,5,6,22,23,5,940,80.0,"95, PARIS (AV DE)",,,Nuit avec éclairage non allumé,En agglomération,Hors intersection,Normale,Deux véhicules - côté,,,,,,,,,,,4,2,1,1,3
200500040421,0005-06-27 12:30:00,5,6,27,12,30,940,80.0,"62 bis, LIBERATION (BD D",,,Plein jour,En agglomération,Hors intersection,Normale,Deux véhicules - côté,,,,,,,,,,,1,2,1,1,3
200500040422,0005-06-27 16:55:00,5,6,27,16,55,940,80.0,"44, FONTENAY (R DE)",,,Plein jour,En agglomération,Hors intersection,Normale,Deux véhicules - côté,,,,,,,,,,,1,2,1,1,3
200500040423,0005-01-12 18:45:00,5,1,12,18,45,780,640.0,N118,,,Nuit avec éclairage allumé,Hors agglomération,Hors intersection,Normale,Trois véhicules et plus - collisions multiples,,,,,,,,,,,5,1,1,1,5
200500040424,0005-02-11 13:00:00,5,2,11,13,0,920,72.0,N118,,,Plein jour,Hors agglomération,Hors intersection,Temps couvert,Sans collision,,,,,,,,,,,1,1,1,8,7
200500040425,0005-05-08 09:52:00,5,5,8,9,52,920,47.0,A13,,,Plein jour,Hors agglomération,Hors intersection,Temps couvert,Deux véhicules - côté,,,,,,,,,,,1,1,1,8,3
200500040426,0005-04-20 08:22:00,5,4,20,8,22,920,64.0,A13,,,Plein jour,Hors agglomération,Hors intersection,Normale,Deux véhicules - arrière,,,,,,,,,,,1,1,1,1,2
200500040427,0005-03-12 11:00:00,5,3,12,11,0,780,362.0,A13,,,Plein jour,Hors agglomération,Hors intersection,Normale,Autre collision,,,,,,,,,,,1,1,1,1,6
200500040428,0005-06-11 19:55:00,5,6,11,19,55,780,524.0,A13,,,Plein jour,Hors agglomération,Hors intersection,Normale,Deux véhicules - arrière,,,,,,,,,,,1,1,1,1,2
200500040429,0005-06-14 19:55:00,5,6,14,19,55,780,640.0,A86E,,,Plein jour,Hors agglomération,Hors intersection,Normale,Trois véhicules et plus - collisions multiples,,,,,,,,,,,1,1,1,1,5
200500040430,0005-06-02 14:20:00,5,6,2,14,20,780,524.0,A13,,,Plein jour,Hors agglomération,Hors intersection,Normale,Deux véhicules - côté,,,,,,,,,,,1,1,1,1,3
200500040431,0005-02-27 12:51:00,5,2,27,12,51,780,90.0,A13,,,Plein jour,Hors agglomération,Hors intersection,Normale,Deux véhicules - arrière,,,,,,,,,,,1,1,1,1,2
200500040432,0005-06-07 12:05:00,5,6,7,12,5,920,47.0,A13,,,Plein jour,Hors agglomération,Hors intersection,Normale,Deux véhicules - côté,,,,,,,,,,,1,1,1,1,3
200500040433,0005-01-02 18:43:00,5,1,2,18,43,920,72.0,N118,,,Nuit avec éclairage non allumé,Hors agglomération,Hors intersection,Normale,Sans collision,,,,,,,,,,,4,1,1,1,7
200500040434,0005-01-18 22:27:00,5,1,18,22,27,780,43.0,A13,,,Nuit sans éclairage public,Hors agglomération,Hors intersection,Normale,Autre collision,,,,,,,,,,,3,1,1,1,6
200500040435,0005-01-26 17:14:00,5,1,26,17,14,780,640.0,N118,,,Plein jour,Hors agglomération,Hors intersection,Normale,Deux véhicules - côté,,,,,,,,,,,1,1,1,1,3
200500040436,0005-01-31 20:29:00,5,1,31,20,29,780,418.0,A14,,,Nuit avec éclairage allumé,Hors agglomération,Hors intersection,Normale,Deux véhicules - arrière,,,,,,,,,,,5,1,1,1,2
200500040437,0005-02-25 13:20:00,5,2,25,13,20,920,72.0,N118,,,Plein jour,Hors agglomération,Hors intersection,Normale,Autre collision,,,,,,,,,,,1,1,1,1,6
200500040438,0005-03-31 20:40:00,5,3,31,20,40,780,140.0,A13,,,Plein jour,Hors agglomération,Hors intersection,Normale,Sans collision,,,,,,,,,,,1,1,1,1,7
200500040439,0005-06-07 18:34:00,5,6,7,18,34,780,646.0,N286,,,Plein jour,Hors agglomération,Hors intersection,Normale,Deux véhicules - côté,,,,,,,,,,,1,1,1,1,3
200500040440,0005-03-16 15:00:00,5,3,16,15,0,780,291.0,A13,,,Plein jour,Hors agglomération,Hors intersection,Normale,Sans collision,,,,,,,,,,,1,1,1,1,7
200500040441,0005-03-22 16:50:00,5,3,22,16,50,780,242.0,A12W,,,Plein jour,Hors agglomération,Hors intersection,Normale,Sans collision,,,,,,,,,,,1,1,1,1,7
200500040442,0005-03-23 07:24:00,5,3,23,7,24,780,646.0,N286,,,Crépuscule ou aube,Hors agglomération,Hors intersection,Normale,Deux véhicules - arrière,,,,,,,,,,,2,1,1,1,2
200500040443,0005-04-04 07:40:00,5,4,4,7,40,780,640.0,N118,,,Plein jour,Hors agglomération,Hors intersection,Normale,Deux véhicules - côté,,,,,,,,,,,1,1,1,1,3
200500040444,0005-04-09 18:00:00,5,4,9,18,0,780,466.0,A13,,,Plein jour,Hors agglomération,Hors intersection,Normale,Sans collision,,,,,,,,,,,1,1,1,1,7
200500040445,0005-04-28 08:40:00,5,4,28,8,40,780,165.0,N12W,,,Plein jour,Hors agglomération,Hors intersection,Normale,Deux véhicules - arrière,,,,,,,,,,,1,1,1,1,2
200500040446,0005-06-25 15:45:00,5,6,25,15,45,780,640.0,A86I,,,Plein jour,Hors agglomération,Hors intersection,Normale,Trois véhicules et plus - collisions multiples,,,,,,,,,,,1,1,1,1,5
200500040447,0005-06-26 10:28:00,5,6,26,10,28,920,64.0,A13,,,Plein jour,Hors agglomération,Hors intersection,Pluie légère,Deux véhicules - arrière,,,,,,,,,,,1,1,1,2,2