accident_id,datetime,annee,mois,jour,heure,minute,departement,commune_insee,adresse,latitude,longitude,luminosite,agglomeration,intersection,meteo,collision,nb_vehicules,nb_usagers,nb_indemnes,nb_tues,nb_blesses_hosp,nb_blesses_legers,age_cond_1,age_cond_2,veh_type_cond_1,veh_type_cond_2,lum_code,agg_code,int_code,atm_code,col_code
200500040448,0005-05-01 21:05:00,5,5,1,21,5,920,64.0,A13,,,Crépuscule ou aube,Hors agglomération,Hors intersection,Normale,Deux véhicules - côté,,,,,,,,,,,2,1,1,1,3
200500040449,0005-05-09 20:00:00,5,5,9,20,0,780,402.0,A13,,,Plein jour,Hors agglomération,Hors intersection,Normale,Deux véhicules - côté,,,,,,,,,,,1,1,1,1,3
200500040450,0005-06-24 20:35:00,5,6,24,20,35,920,50.0,A14,,,Plein jour,Hors agglomération,Hors intersection,Normale,Deux véhicules - arrière,,,,,,,,,,,1,1,1,1,2
200500040451,0005-01-13 06:45:00,5,1,13,6,45,750,56.0,A13,,,Nuit avec éclairage allumé,Hors agglomération,Hors intersection,Temps couvert,Deux véhicules - arrière,,,,,,,,,,,5,1,1,8,2
200500040452,0005-01-19 09:49:00,5,1,19,9,49,920,48.0,N118,,,Plein jour,Hors agglomération,Hors intersection,Normale,Deux véhicules - arrière,,,,,,,,,,,1,1,1,1,2
200500040453,0005-03-08 09:00:00,5,3,8,9,0,920,72.0,N118,,,Plein jour,Hors agglomération,Hors intersection,Temps couvert,Deux véhicules - arrière,,,,,,,,,,,1,1,1,8,2
200500040454,0005-03-23 23:20:00,5,3,23,23,20,920,12.0,A13,,,Nuit avec éclairage allumé,Hors agglomération,Hors intersection,Normale,Deux véhicules - côté,,,,,,,,,,,5,1,1,1,3
200500040455,0005-04-28 20:30:00,5,4,28,20,30,920,76.0,A13,,,Plein jour,Hors agglomération,Hors intersection,Normale,Deux véhicules - arrière,,,,,,,,,,,1,1,1,1,2
200500040456,0005-05-13 09:25:00,5,5,13,9,25,920,12.0,A13,,,Plein jour,Hors agglomération,Hors intersection,Pluie légère,Autre collision,,,,,,,,,,,1,1,1,2,6
200500040457,0005-05-18 18:20:00,5,5,18,18,20,780,640.0,A86E,,,Plein jour,Hors agglomération,Hors intersection,Normale,Deux véhicules - côté,,,,,,,,,,,1,1,1,1,3
200500040458,0005-05-31 07:30:00,5,5,31,7,30,780,490.0,N12Y,,,Plein jour,Hors agglomération,Hors intersection,Normale,Sans collision,,,,,,,,,,,1,1,1,1,7
200500040459,0005-06-06 09:14:00,5,6,6,9,14,780,490.0,N12W,,,Plein jour,Hors agglomération,Hors intersection,Pluie légère,Deux véhicules - côté,,,,,,,,,,,1,1,1,2,3
200500040460,0005-06-17 16:00:00,5,6,17,16,0,920,72.0,N118,,,Plein jour,Hors agglomération,Hors intersection,Temps éblouissant,Deux véhicules - arrière,,,,,,,,,,,1,1,1,7,2
200500040461,0005-06-24 09:50:00,5,6,24,9,50,780,640.0,A86E,,,Plein jour,Hors agglomération,Hors intersection,Temps éblouissant,Deux véhicules - arrière,,,,,,,,,,,1,1,1,7,2
200500040462,0005-06-29 17:40:00,5,6,29,17,40,920,48.0,N118,,,Plein jour,Hors agglomération,Hors intersection,Normale,Deux véhicules - côté,,,,,,,,,,,1,1,1,1,3
200500040463,0005-06-18 11:34:00,5,6,18,11,34,920,51.0,N13,,,Plein jour,Hors agglomération,Hors intersection,Normale,Deux véhicules - côté,,,,,,,,,,,1,1,1,1,3
200500040464,0005-05-10 20:35:00,5,5,10,20,35,780,362.0,A13,,,Crépuscule ou aube,Hors agglomération,Hors intersection,Normale,Trois véhicules et plus - collisions multiples,,,,,,,,,,,2,1,1,1,5
200500040465,0005-05-25 08:42:00,5,5,25,8,42,780,238.0,A13,,,Plein jour,Hors agglomération,Hors intersection,Normale,Autre collision,,,,,,,,,,,1,1,1,1,6
200500040466,0005-01-02 23:45:00,5,1,2,23,45,780,431.0,A12W,,,Nuit sans éclairage public,Hors agglomération,Hors intersection,Normale,Autre collision,,,,,,,,,,,3,1,1,1,6
200500040467,0005-01-05 09:30:00,5,1,5,9,30,920,48.0,N118,,,Plein jour,Hors agglomération,Hors intersection,Pluie légère,Deux véhicules - côté,,,,,,,,,,,1,1,1,2,3
200500040468,0005-01-10 16:20:00,5,1,10,16,20,780,640.0,A86E,,,Plein jour,Hors agglomération,Hors intersection,Temps éblouissant,Autre collision,,,,,,,,,,,1,1,1,7,6
200500040469,0005-03-29 16:40:00,5,3,29,16,40,780,362.0,A13,,,Plein jour,Hors agglomération,Hors intersection,Pluie légère,Autre collision,,,,,,,,,,,1,1,1,2,6
200500040470,0005-02-10 16:10:00,5,2,10,16,10,780,7.0,A13,,,Plein jour,Hors agglomération,Hors intersection,Temps couvert,Deux véhicules - arrière,,,,,,,,,,,1,1,1,8,2
200500040471,0005-02-14 23:40:00,5,2,14,23,40,780,571.0,A13,,,Nuit sans éclairage public,Hors agglomération,Hors intersection,Pluie légère,Autre collision,,,,,,,,,,,3,1,1,2,6
200500040472,0005-04-09 20:27:00,5,4,9,20,27,780,291.0,A13,,,Plein jour,Hors agglomération,Hors intersection,Normale,Autre collision,,,,,,,,,,,1,1,1,1,6
200500040473,0005-04-18 09:00:00,5,4,18,9,0,780,431.0,A13,,,Plein jour,Hors agglomération,Hors intersection,Pluie légère,Deux véhicules - côté,,,,,,,,,,,1,1,1,2,3
200500040474,0005-05-15 22:30:00,5,5,15,22,30,780,206.0,A13,,,Nuit avec éclairage allumé,Hors agglomération,Hors intersection,Normale,Trois véhicules et plus - collisions multiples,,,,,,,,,,,5,1,1,1,5
200500040475,0005-01-23 13:40:00,5,1,23,13,40,920,72.0,N118,,,Plein jour,Hors agglomération,Hors intersection,Normale,Autre collision,,,,,,,,,,,1,1,1,1,6
200500040476,0005-02-10 18:15:00,5,2,10,18,15,780,646.0,N286,,,Plein jour,Hors agglomération,Hors intersection,Normale,Autre collision,,,,,,,,,,,1,1,1,1,6
200500040477,0005-02-11 12:30:00,5,2,11,12,30,780,640.0,N118,,,Plein jour,Hors agglomération,Hors intersection,Autre,Deux véhicules - arrière,,,,,,,,,,,1,1,1,9,2
200500040478,0005-02-20 22:25:00,5,2,20,22,25,920,48.0,N118,,,Nuit avec éclairage allumé,Hors agglomération,Hors intersection,Pluie légère,Autre collision,,,,,,,,,,,5,1,1,2,6
200500040479,0005-03-18 08:15:00,5,3,18,8,15,780,431.0,N12W,,,Plein jour,Hors agglomération,Hors intersection,Brouillard / fumée,Trois véhicules et plus - collisions multiples,,,,,,,,,,,1,1,1,5,5
200500040480,0005-03-24 18:58:00,5,3,24,18,58,920,64.0,A13,,,Nuit avec éclairage allumé,Hors agglomération,Hors intersection,Pluie légère,Deux véhicules - côté,,,,,,,,,,,5,1,1,2,3
200500040481,0005-03-31 06:37:00,5,3,31,6,37,780,7.0,A13,,,Crépuscule ou aube,Hors agglomération,Hors intersection,Normale,Trois véhicules et plus - collisions multiples,,,,,,,,,,,2,1,1,1,5
200500040482,0005-05-21 10:00:00,5,5,21,10,0,780,423.0,G12,,,Nuit sans éclairage public,Hors agglomération,Hors intersection,Normale,Deux véhicules - arrière,,,,,,,,,,,3,1,1,1,2
200500040483,0005-05-29 13:45:00,5,5,29,13,45,920,12.0,A13,,,Plein jour,Hors agglomération,Hors intersection,Normale,Deux véhicules - arrière,,,,,,,,,,,1,1,1,1,2
200500040484,0005-06-10 17:15:00,5,6,10,17,15,780,43.0,A12Y,,,Plein jour,Hors agglomération,Hors intersection,Normale,Autre collision,,,,,,,,,,,1,1,1,1,6
200500040485,0005-06-18 21:25:00,5,6,18,21,25,920,48.0,N118,,,Plein jour,Hors agglomération,Hors intersection,Pluie légère,Autre collision,,,,,,,,,,,1,1,1,2,6
200500040486,0005-04-07 19:30:00,5,4,7,19,30,780,545.0,A12W,,,Plein jour,Hors agglomération,Hors intersection,Pluie légère,Trois véhicules et plus - collisions multiples,,,,,,,,,,,1,1,1,2,5
200500040487,0005-01-23 23:40:00,5,1,23,23,40,920,72.0,N118,,,Nuit avec éclairage allumé,Hors agglomération,Hors intersection,Pluie légère,Sans collision,,,,,,,,,,,5,1,1,2,7
200500040488,0005-01-13 18:45:00,5,1,13,18,45,780,640.0,N118,,,Nuit avec éclairage allumé,Hors agglomération,Hors intersection,Normale,Trois véhicules et plus - en chaîne,,,,,,,,,,,5,1,1,1,4
200500040489,0005-02-19 12:11:00,5,2,19,12,11,920,72.0,N118,,,Plein jour,Hors agglomération,Hors intersection,Normale,Deux véhicules - arrière,,,,,,,,,,,1,1,1,1,2
200500040490,0005-02-25 08:30:00,5,2,25,8,30,780,206.0,A13,,,Plein jour,Hors agglomération,Hors intersection,Normale,Trois véhicules et plus - collisions multiples,,,,,,,,,,,1,1,1,1,5
200500040491,0005-05-01 18:40:00,5,5,1,18,40,780,291.0,A13,,,Plein jour,Hors agglomération,Hors intersection,Normale,Deux véhicules - arrière,,,,,,,,,,,1,1,1,1,2
200500040492,0005-01-13 18:45:00,5,1,13,18,45,920,25.0,A86,,,Nuit avec éclairage allumé,Hors agglomération,Hors intersection,Normale,Deux véhicules - côté,,,,,,,,,,,5,1,1,1,3
200500040493,0005-05-01 18:41:00,5,5,1,18,41,780,291.0,A13,,,Plein jour,Hors agglomération,Hors intersection,Normale,Deux véhicules - arrière,,,,,,,,,,,1,1,1,1,2
200500040494,0005-05-26 07:25:00,5,5,26,7,25,780,7.0,A13,,,Crépuscule ou aube,Hors agglomération,Hors intersection,Normale,Trois véhicules et plus - collisions multiples,,,,,,,,,,,2,1,1,1,5
200500040495,0005-06-12 16:00:00,5,6,12,16,0,780,206.0,A13,,,Plein jour,Hors agglomération,Hors intersection,Autre,Trois véhicules et plus - collisions multiples,,,,,,,,,,,1,1,1,9,5
200500040496,0005-06-26 11:00:00,5,6,26,11,0,780,640.0,A86I,,,Plein jour,Hors agglomération,Hors intersection,Pluie légère,Autre collision,,,,,,,,,,,1,1,1,2,6
200500040497,0005-06-12 18:45:00,5,6,12,18,45,780,206.0,A13,,,Plein jour,Hors agglomération,Hors intersection,Normale,Trois véhicules et plus - collisions multiples,,,,,,,,,,,1,1,1,1,5
200500040498,0005-07-08 08:45:00,5,7,8,8,45,590,524.0,,50.581,2.903,Plein jour,Hors agglomération,Hors intersection,Pluie légère,Deux véhicules - frontale,,,,,,,,,,,1,1,1,2,1
200500040499,0005-07-09 09:15:00,5,7,9,9,15,590,303.0,,50.591,2.85,Plein jour,Hors agglomération,Hors intersection,Normale,Sans collision,,,,,,,,,,,1,1,1,1,7
200500040500,0005-07-25 17:00:00,5,7,25,17,0,590,388.0,,50.552,2.877,Plein jour,Hors agglomération,Passage à niveau,Normale,Deux véhicules - côté,,,,,,,,,,,1,1,8,1,3
200500040501,0005-07-20 07:00:00,5,7,20,7,0,590,278.0,Rue de Général de Gaulle,,,Plein jour,En agglomération,Hors intersection,Normale,Deux véhicules - côté,,,,,,,,,,,1,2,1,1,3
200500040502,0005-07-22 18:45:00,5,7,22,18,45,590,250.0,,,,Plein jour,Hors agglomération,Giratoire,Pluie légère,Sans collision,,,,,,,,,,,1,1,6,2,7
200500040503,0005-07-07 12:30:00,5,7,7,12,30,590,256.0,CD 54,,,Plein jour,Hors agglomération,Hors intersection,Temps couvert,Deux véhicules - frontale,,,,,,,,,,,1,1,1,8,1
200500040504,0005-07-20 20:30:00,5,7,20,20,30,590,129.0,rue du Général de Gaulle,,,Plein jour,En agglomération,Hors intersection,Normale,Autre collision,,,,,,,,,,,1,2,1,1,6
200500040505,0005-07-11 10:00:00,5,7,11,10,0,590,159.0,Intersection CD 17/217,,,Plein jour,En agglomération,Hors intersection,Normale,Deux véhicules - frontale,,,,,,,,,,,1,2,1,1,1
200500040506,0005-07-17 05:00:00,5,7,17,5,0,590,94.0,,50.945,2.152,Crépuscule ou aube,Hors agglomération,Hors intersection,Normale,Sans collision,,,,,,,,,,,2,1,1,1,7
200500040507,0005-07-21 23:45:00,5,7,21,23,45,590,94.0,route du guindal,,,Nuit avec éclairage allumé,En agglomération,Hors intersection,Normale,Autre collision,,,,,,,,,,,5,2,1,1,6
200500040508,0005-07-09 17:15:00,5,7,9,17,15,590,87.0,,,,Plein jour,Hors agglomération,Hors intersection,Normale,Deux véhicules - frontale,,,,,,,,,,,1,1,1,1,1
200500040509,0005-07-29 14:30:00,5,7,29,14,30,590,497.0,,,,Plein jour,Hors agglomération,Hors intersection,Normale,Deux véhicules - côté,,,,,,,,,,,1,1,1,1,3
200500040510,0005-07-30 20:00:00,5,7,30,20,0,590,184.0,,50.734,2.422,Plein jour,Hors agglomération,Hors intersection,Normale,Deux véhicules - côté,,,,,,,,,,,1,1,1,1,3
200500040511,0005-07-29 17:00:00,5,7,29,17,0,590,535.0,te du Mont Noir (CD 223),,,Plein jour,En agglomération,Intersection en X,Normale,Deux véhicules - frontale,,,,,,,,,,,1,2,2,1,1
200500040512,0005-07-18 14:15:00,5,7,18,14,15,590,400.0,,,,Plein jour,Hors agglomération,Hors intersection,Normale,Autre collision,,,,,,,,,,,1,1,1,1,6
200500040513,0005-07-29 12:15:00,5,7,29,12,15,590,202.0,RUE D'ARMENTIERES,50.687,2.863,Plein jour,En agglomération,Passage à niveau,Normale,Deux véhicules - arrière,,,,,,,,,,,1,2,8,1,2
200500040514,0005-07-07 23:15:00,5,7,7,23,15,590,660.0,,,,Nuit avec éclairage allumé,Hors agglomération,Hors intersection,Normale,Autre collision,,,,,,,,,,,5,1,1,1,6
200500040515,0005-07-13 18:45:00,5,7,13,18,45,590,602.0,Rue du Maréchal Leclercq,50.618,3.189,Plein jour,En agglomération,Hors intersection,Normale,Autre collision,,,,,,,,,,,1,2,1,1,6
200500040516,0005-07-08 12:30:00,5,7,8,12,30,590,168.0,Route de Genech,50.565,3.212,Plein jour,Hors agglomération,Hors intersection,Pluie forte,Deux véhicules - frontale,,,,,,,,,,,1,1,1,3,1
200500040517,0005-07-09 21:30:00,5,7,9,21,30,590,301.0,Chemin des rignains,50.473,3.525,Nuit sans éclairage public,En agglomération,Hors intersection,Normale,Autre collision,,,,,,,,,,,3,2,1,1,6
200500040518,0005-07-16 14:00:00,5,7,16,14,0,590,594.0,rue J. Baptiste  Broquet,50.485,3.455,Plein jour,En agglomération,Hors intersection,Normale,Deux véhicules - frontale,,,,,,,,,,,1,2,1,1,1
200500040519,0005-07-20 19:15:00,5,7,20,19,15,590,233.0,,50.141,3.98,Plein jour,Hors agglomération,Hors intersection,Normale,Deux véhicules - frontale,,,,,,,,,,,1,1,1,1,1
200500040520,0005-07-18 08:20:00,5,7,18,8,20,590,12.0,Rue du Revin,,,Plein jour,En agglomération,Hors intersection,Normale,Deux véhicules - frontale,,,,,,,,,,,1,2,1,1,1
200500040521,0005-07-03 22:00:00,5,7,3,22,0,590,218.0,,50.082,3.93,Crépuscule ou aube,Hors agglomération,Hors intersection,Normale,Autre collision,,,,,,,,,,,2,1,1,1,6
200500040522,0005-07-14 15:30:00,5,7,14,15,30,590,661.0,CD 133,,,Plein jour,Hors agglomération,Hors intersection,Normale,Sans collision,,,,,,,,,,,1,1,1,1,7
200500040523,0005-07-01 18:00:00,5,7,1,18,0,590,531.0,rue Gallieni,,,Plein jour,En agglomération,Hors intersection,Pluie légère,Deux véhicules - côté,,,,,,,,,,,1,2,1,2,3
200500040524,0005-07-07 18:30:00,5,7,7,18,30,590,382.0,,,,Plein jour,Hors agglomération,Hors intersection,Temps couvert,Deux véhicules - frontale,,,,,,,,,,,1,1,1,8,1
200500040525,0005-07-28 15:45:00,5,7,28,15,45,590,118.0,,,,Plein jour,Hors agglomération,Hors intersection,Temps éblouissant,Deux véhicules - arrière,,,,,,,,,,,1,1,1,7,2
200500040526,0005-07-12 19:30:00,5,7,12,19,30,590,377.0,Rue de la Gare,,,Plein jour,En agglomération,Hors intersection,Normale,Deux véhicules - frontale,,,,,,,,,,,1,2,1,1,1
200500040527,0005-07-15 16:15:00,5,7,15,16,15,590,176.0,,,,Plein jour,Hors agglomération,Intersection en X,Normale,Deux véhicules - côté,,,,,,,,,,,1,1,2,1,3
200500040528,0005-07-29 01:30:00,5,7,29,1,30,590,608.0,Route de Valenciennes,,,Nuit avec éclairage allumé,En agglomération,Hors intersection,Normale,Sans collision,,,,,,,,,,,5,2,1,1,7
200500040529,0005-07-17 20:00:00,5,7,17,20,0,590,409.0,ROUTE DE FRESSAIN,,,Crépuscule ou aube,En agglomération,Hors intersection,Normale,Autre collision,,,,,,,,,,,2,2,1,1,6
200500040530,0005-07-25 12:30:00,5,7,25,12,30,590,409.0,rue pierre bochu,,,Plein jour,En agglomération,Hors intersection,Normale,Autre collision,,,,,,,,,,,1,2,1,1,6
200500040531,0005-07-14 15:00:00,5,7,14,15,0,590,80.0,rue Jacques Varlet,,,Plein jour,En agglomération,Hors intersection,Normale,Deux véhicules - frontale,,,,,,,,,,,1,2,1,1,1
200500040532,0005-07-23 16:00:00,5,7,23,16,0,590,449.0,RUE JULES FERRY,,,Plein jour,En agglomération,Hors intersection,Normale,Deux véhicules - côté,,,,,,,,,,,1,2,1,1,3
200500040533,0005-07-30 19:00:00,5,7,30,19,0,590,449.0,rue Jean Lagache,50.482,3.255,Plein jour,En agglomération,Hors intersection,Normale,Autre collision,,,,,,,,,,,1,2,1,1,6
200500040534,0005-07-09 17:45:00,5,7,9,17,45,590,481.0,CD942,50.24,3.595,Plein jour,En agglomération,Hors intersection,Normale,Autre collision,,,,,,,,,,,1,2,1,1,6
200500040535,0005-07-01 21:30:00,5,7,1,21,30,590,572.0,,50.257,4.092,Plein jour,Hors agglomération,Hors intersection,Normale,Deux véhicules - frontale,,,,,,,,,,,1,1,1,1,1
200500040536,0005-07-08 18:45:00,5,7,8,18,45,620,5.0,,,,Plein jour,Hors agglomération,Hors intersection,Temps couvert,Deux véhicules - frontale,,,,,,,,,,,1,1,1,8,1
200500040537,0005-07-13 00:45:00,5,7,13,0,45,620,586.0,,,,Nuit sans éclairage public,Hors agglomération,Hors intersection,Brouillard / fumée,Autre collision,,,,,,,,,,,3,1,1,5,6
200500040538,0005-07-26 16:30:00,5,7,26,16,30,620,332.0,Route de BUCQUOY,50.214,2.758,Plein jour,Hors agglomération,Hors intersection,Pluie légère,Deux véhicules - côté,,,,,,,,,,,1,1,1,2,3
200500040539,0005-07-27 21:30:00,5,7,27,21,30,620,279.0,,,,Crépuscule ou aube,Hors agglomération,Hors intersection,Normale,Deux véhicules - côté,,,,,,,,,,,2,1,1,1,3
200500040540,0005-07-29 23:30:00,5,7,29,23,30,620,649.0,,50.162,2.479,Nuit sans éclairage public,Hors agglomération,Hors intersection,Normale,Autre collision,,,,,,,,,,,3,1,1,1,6
200500040541,0005-07-30 19:00:00,5,7,30,19,0,620,434.0,,50.195,2.566,Plein jour,Hors agglomération,Intersection en X,Normale,Deux véhicules - côté,,,,,,,,,,,1,1,2,1,3
200500040542,0005-07-03 15:30:00,5,7,3,15,30,620,864.0,RUE DE Chérisy,50.242,2.916,Plein jour,En agglomération,Autre intersection,Normale,Deux véhicules - côté,,,,,,,,,,,1,2,9,1,3
200500040543,0005-07-01 22:15:00,5,7,1,22,15,620,338.0,,50.646,2.833,Nuit sans éclairage public,Hors agglomération,Hors intersection,Pluie légère,Autre collision,,,,,,,,,,,3,1,1,2,6
200500040544,0005-07-30 19:45:00,5,7,30,19,45,620,706.0,,50.564,2.731,Plein jour,Hors agglomération,Hors intersection,Normale,Autre collision,,,,,,,,,,,1,1,1,1,6
200500040545,0005-07-12 12:45:00,5,7,12,12,45,620,908.0,146 rue Marcel CONDEVILL,,,Plein jour,En agglomération,Hors intersection,Normale,Deux véhicules - côté,,,,,,,,,,,1,2,1,1,3
200500040546,0005-07-18 17:30:00,5,7,18,17,30,620,853.0,CD.202,,,Plein jour,En agglomération,Hors intersection,Normale,Autre collision,,,,,,,,,,,1,2,1,1,6
200500040547,0005-07-19 20:00:00,5,7,19,20,0,620,75.0,QUESTINGHEN,,,Plein jour,En agglomération,Hors intersection,Normale,Autre collision,,,,,,,,,,,1,2,1,1,6
200500040548,0005-07-15 17:15:00,5,7,15,17,15,620,889.0,Rue de Sainte Godeleine,,,Plein jour,En agglomération,Autre intersection,Normale,Deux véhicules - côté,,,,,,,,,,,1,2,9,1,3
200500040549,0005-07-16 15:30:00,5,7,16,15,30,620,25.0,RUE GUSTAVE DAQUIN,50.815,1.609,Plein jour,En agglomération,Hors intersection,Normale,Deux véhicules - frontale,,,,,,,,,,,1,2,1,1,1
200500040550,0005-07-27 10:15:00,5,7,27,10,15,620,711.0,RUE ROGER SALENGRO,50.811,1.734,Plein jour,En agglomération,Hors intersection,Temps couvert,Autre collision,,,,,,,,,,,1,2,1,8,6
200500040551,0005-07-23 23:30:00,5,7,23,23,30,620,585.0,,50.502,1.818,Nuit sans éclairage public,Hors agglomération,Intersection en T,Normale,Deux véhicules - côté,,,,,,,,,,,3,1,3,1,3
200500040552,0005-07-25 01:30:00,5,7,25,1,30,620,571.0,RUE AUGUSTE BIBLOCQ,,,Nuit avec éclairage allumé,En agglomération,Hors intersection,Normale,Autre collision,,,,,,,,,,,5,2,1,1,6
200500040553,0005-07-14 20:45:00,5,7,14,20,45,620,204.0,route de neuvillette,,,Plein jour,En agglomération,Hors intersection,Normale,Autre collision,,,,,,,,,,,1,2,1,1,6
200500040554,0005-07-24 10:00:00,5,7,24,10,0,620,723.0,,,,Plein jour,Hors agglomération,Hors intersection,Pluie légère,Sans collision,,,,,,,,,,,1,1,1,2,7
200500040555,0005-07-19 11:40:00,5,7,19,11,40,620,318.0,Bld Léon BILLIET - RN39,50.515,1.644,Plein jour,En agglomération,Hors intersection,Normale,Autre collision,,,,,,,,,,,1,2,1,1,6
200500040556,0005-07-27 17:30:00,5,7,27,17,30,620,318.0,ROIUTE DE FROMESSENT,50.519,1.651,Plein jour,En agglomération,Hors intersection,Normale,Autre collision,,,,,,,,,,,1,2,1,1,6
200500040557,0005-07-19 15:30:00,5,7,19,15,30,620,843.0,Rue de Lugy,50.501,2.183,Plein jour,En agglomération,Hors intersection,Normale,Deux véhicules - frontale,,,,,,,,,,,1,2,1,1,1
200500040558,0005-07-13 00:15:00,5,7,13,0,15,620,596.0,,50.373,1.955,Nuit sans éclairage public,Hors agglomération,Hors intersection,Normale,Sans collision,,,,,,,,,,,3,1,1,1,7
200500040559,0005-07-22 15:30:00,5,7,22,15,30,620,844.0,"n, lieu dit Fond Magnier",,,Plein jour,Hors agglomération,Hors intersection,Normale,Deux véhicules - frontale,,,,,,,,,,,1,1,1,1,1
200500040560,0005-07-23 20:30:00,5,7,23,20,30,620,21.0,,,,Plein jour,Hors agglomération,Hors intersection,Normale,Deux véhicules - arrière,,,,,,,,,,,1,1,1,1,2
200500040561,0005-07-10 20:30:00,5,7,10,20,30,620,14.0,ire Hameau de la Jumelle,,,Plein jour,En agglomération,Hors intersection,Normale,Sans collision,,,,,,,,,,,1,2,1,1,7
200500040562,0005-07-13 17:30:00,5,7,13,17,30,620,14.0,42 RUE DU BOURG,,,Plein jour,En agglomération,Hors intersection,Normale,Deux véhicules - arrière,,,,,,,,,,,1,2,1,1,2
200500040563,0005-07-24 01:00:00,5,7,24,1,0,620,569.0,Chemin de THIEMBRONNE,,,Nuit sans éclairage public,Hors agglomération,Hors intersection,Normale,Sans collision,,,,,,,,,,,3,1,1,1,7
200500040564,0005-07-25 04:30:00,5,7,25,4,30,620,760.0,,50.621,2.126,Nuit sans éclairage public,Hors agglomération,Hors intersection,Normale,Autre collision,,,,,,,,,,,3,1,1,1,6
200500040565,0005-07-02 16:30:00,5,7,2,16,30,620,403.0,29 RUE BERNARD CHOCHOY,,,Nuit avec éclairage allumé,En agglomération,Hors intersection,Pluie légère,Deux véhicules - côté,,,,,,,,,,,5,2,1,2,3
200500040566,0005-07-03 23:45:00,5,7,3,23,45,620,898.0,,,,Nuit sans éclairage public,Hors agglomération,Hors intersection,Pluie légère,Deux véhicules - frontale,,,,,,,,,,,3,1,1,2,1
200500040567,0005-07-05 17:45:00,5,7,5,17,45,620,794.0,01 rue principale,,,Plein jour,En agglomération,Hors intersection,Normale,Autre collision,,,,,,,,,,,1,2,1,1,6
200500040568,0005-07-04 19:10:00,5,7,4,19,10,620,883.0,rsection CD 343 et CD 99,,,Plein jour,En agglomération,Intersection en X,Normale,Deux véhicules - côté,,,,,,,,,,,1,2,2,1,3
200500040569,0005-07-26 02:30:00,5,7,26,2,30,620,468.0,,50.396,2.215,Nuit sans éclairage public,Hors agglomération,Hors intersection,Normale,Autre collision,,,,,,,,,,,3,1,1,1,6
200500040570,0005-07-01 14:10:00,5,7,1,14,10,620,199.0,CD341,50.368,2.654,Plein jour,Hors agglomération,Hors intersection,Pluie légère,Deux véhicules - côté,,,,,,,,,,,1,1,1,2,3
200500040571,0005-07-19 13:15:00,5,7,19,13,15,620,415.0,,,,Plein jour,Hors agglomération,Hors intersection,Normale,Deux véhicules - frontale,,,,,,,,,,,1,1,1,1,1
200500040572,0005-07-15 19:30:00,5,7,15,19,30,620,60.0,,50.228,2.101,Plein jour,Hors agglomération,Hors intersection,Normale,Deux véhicules - côté,,,,,,,,,,,1,1,1,1,3
200500040573,0005-07-29 19:00:00,5,7,29,19,0,620,84.0,,50.252,2.528,Plein jour,Hors agglomération,Hors intersection,Normale,Deux véhicules - frontale,,,,,,,,,,,1,1,1,1,1
200500040574,0005-07-14 03:30:00,5,7,14,3,30,620,868.0,,50.34,2.13,Nuit sans éclairage public,Hors agglomération,Hors intersection,Brouillard / fumée,Sans collision,,,,,,,,,,,3,1,1,5,7
200500040575,0005-07-18 00:30:00,5,7,18,0,30,620,872.0,,50.425,2.056,Nuit sans éclairage public,Hors agglomération,Hors intersection,Normale,Deux véhicules - frontale,,,,,,,,,,,3,1,1,1,1
200500040576,0005-07-05 07:45:00,5,7,5,7,45,800,36.0,,,,Plein jour,Hors agglomération,Intersection en X,Normale,Deux véhicules - côté,,,,,,,,,,,1,1,2,1,3
200500040577,0005-07-17 05:30:00,5,7,17,5,30,800,13.0,,,,Crépuscule ou aube,Hors agglomération,Hors intersection,Normale,Autre collision,,,,,,,,,,,2,1,1,1,6
200500040578,0005-07-17 19:45:00,5,7,17,19,45,800,62.0,,,,Plein jour,Hors agglomération,Hors intersection,Normale,Deux véhicules - frontale,,,,,,,,,,,1,1,1,1,1
200500040579,0005-07-09 05:00:00,5,7,9,5,0,800,582.0,CD 169 à Rumaisnil,,,Crépuscule ou aube,Hors agglomération,Hors intersection,Brouillard / fumée,Sans collision,,,,,,,,,,,2,1,1,5,7
200500040580,0005-07-10 01:15:00,5,7,10,1,15,800,630.0,route de conty,,,Nuit avec éclairage allumé,En agglomération,Hors intersection,Normale,Deux véhicules - frontale,,,,,,,,,,,5,2,1,1,1
200500040581,0005-07-31 02:30:00,5,7,31,2,30,800,656.0,,,,Nuit sans éclairage public,Hors agglomération,Hors intersection,Temps couvert,Deux véhicules - frontale,,,,,,,,,,,3,1,1,8,1
200500040582,0005-07-22 21:15:00,5,7,22,21,15,800,686.0,harles de Gaule - C.D 11,,,Plein jour,En agglomération,Hors intersection,Normale,Deux véhicules - frontale,,,,,,,,,,,1,2,1,1,1