accident_id,datetime,annee,mois,jour,heure,minute,departement,commune_insee,adresse,latitude,longitude,luminosite,agglomeration,intersection,meteo,collision,nb_vehicules,nb_usagers,nb_indemnes,nb_tues,nb_blesses_hosp,nb_blesses_legers,age_cond_1,age_cond_2,veh_type_cond_1,veh_type_cond_2,lum_code,agg_code,int_code,atm_code,col_code
200500040721,0005-07-05 05:15:00,5,7,5,5,15,270,154.0,,48.889,1.2,Crépuscule ou aube,Hors agglomération,Hors intersection,Normale,Sans collision,,,,,,,,,,,2,1,1,1,7
200500040722,0005-07-07 16:45:00,5,7,7,16,45,270,438.0,GRANDE RUE,,,Plein jour,En agglomération,Giratoire,Pluie légère,Deux véhicules - arrière,,,,,,,,,,,1,2,6,2,2
200500040723,0005-07-25 18:15:00,5,7,25,18,15,270,507.0,Route de DREUX,48.906,1.279,Plein jour,En agglomération,Hors intersection,Pluie légère,Autre collision,,,,,,,,,,,1,2,1,2,6
200500040724,0005-07-05 11:00:00,5,7,5,11,0,270,254.0,CD 63 - PK 5 + 300,,,Plein jour,Hors agglomération,Hors intersection,Normale,Sans collision,,,,,,,,,,,1,1,1,1,7
200500040725,0005-07-06 16:00:00,5,7,6,16,0,270,696.0,,48.943,1.468,Plein jour,Hors agglomération,Hors intersection,Normale,Trois véhicules et plus - collisions multiples,,,,,,,,,,,1,1,1,1,5
200500040726,0005-07-14 06:30:00,5,7,14,6,30,270,397.0,RUE ARISTIDE BRIAND,,,Crépuscule ou aube,En agglomération,Hors intersection,Normale,Autre collision,,,,,,,,,,,2,2,1,1,6
200500040727,0005-07-22 08:30:00,5,7,22,8,30,270,510.0,Le buisson de may,,,Plein jour,Hors agglomération,Hors intersection,Temps couvert,Trois véhicules et plus - collisions multiples,,,,,,,,,,,1,1,1,8,5
200500040728,0005-07-03 13:30:00,5,7,3,13,30,270,679.0,Route de Breteuil,48.75,0.929,Plein jour,En agglomération,Hors intersection,Normale,Autre collision,,,,,,,,,,,1,2,1,1,6
200500040729,0005-07-15 12:00:00,5,7,15,12,0,270,679.0,,48.726,0.927,Plein jour,Hors agglomération,Hors intersection,Normale,Sans collision,,,,,,,,,,,1,1,1,1,7
200500040730,0005-07-31 06:00:00,5,7,31,6,0,270,36.0,RN12,48.747,0.97,Crépuscule ou aube,En agglomération,Hors intersection,Normale,Deux véhicules - frontale,,,,,,,,,,,2,2,1,1,1
200500040731,0005-07-07 08:00:00,5,7,7,8,0,270,16.0,rue dumont,,,Plein jour,En agglomération,Hors intersection,Normale,Deux véhicules - frontale,,,,,,,,,,,1,2,1,1,1
200500040732,0005-07-08 18:00:00,5,7,8,18,0,270,16.0,,,,Plein jour,En agglomération,Hors intersection,Normale,Autre collision,,,,,,,,,,,1,2,1,1,6
200500040733,0005-07-22 18:35:00,5,7,22,18,35,270,16.0,rue du maréchal Foch,,,Plein jour,En agglomération,Hors intersection,Normale,Deux véhicules - arrière,,,,,,,,,,,1,2,1,1,2
200500040734,0005-07-29 20:30:00,5,7,29,20,30,270,16.0,RUE HENRI REMY,,,Plein jour,En agglomération,Hors intersection,Normale,Autre collision,,,,,,,,,,,1,2,1,1,6
200500040735,0005-07-28 15:30:00,5,7,28,15,30,270,540.0,,49.092,1.577,Plein jour,Hors agglomération,Hors intersection,Temps couvert,Deux véhicules - frontale,,,,,,,,,,,1,1,1,8,1
200500040736,0005-07-08 01:45:00,5,7,8,1,45,270,487.0,,49.358,1.339,Nuit sans éclairage public,Hors agglomération,Hors intersection,Pluie légère,Deux véhicules - frontale,,,,,,,,,,,3,1,1,2,1
200500040737,0005-07-09 00:15:00,5,7,9,0,15,270,333.0,Carrefour CD 13 et CD3,,,Nuit sans éclairage public,En agglomération,Hors intersection,Pluie forte,Autre collision,,,,,,,,,,,3,2,1,3,6
200500040738,0005-07-06 21:45:00,5,7,6,21,45,270,590.0,,,,Crépuscule ou aube,En agglomération,Hors intersection,Normale,Autre collision,,,,,,,,,,,2,2,1,1,6
200500040739,0005-07-14 14:00:00,5,7,14,14,0,270,295.0,,49.05,0.566,Plein jour,Hors agglomération,Hors intersection,Normale,Deux véhicules - côté,,,,,,,,,,,1,1,1,1,3
200500040740,0005-07-23 13:30:00,5,7,23,13,30,270,56.0,,49.069,0.576,Plein jour,Hors agglomération,Hors intersection,Normale,Autre collision,,,,,,,,,,,1,1,1,1,6
200500040741,0005-07-25 12:45:00,5,7,25,12,45,270,56.0,,,,Plein jour,Hors agglomération,Giratoire,Pluie légère,Deux véhicules - arrière,,,,,,,,,,,1,1,6,2,2
200500040742,0005-07-26 15:45:00,5,7,26,15,45,270,239.0,,49.04,0.55,Plein jour,Hors agglomération,Hors intersection,Pluie légère,Trois véhicules et plus - en chaîne,,,,,,,,,,,1,1,1,2,4
200500040743,0005-07-29 13:15:00,5,7,29,13,15,270,425.0,RIVIERE THIBOUVILLE,,,Plein jour,En agglomération,Intersection en X,Normale,Deux véhicules - frontale,,,,,,,,,,,1,2,2,1,1
200500040744,0005-07-17 19:30:00,5,7,17,19,30,270,517.0,,,,Plein jour,Hors agglomération,Hors intersection,Normale,Deux véhicules - frontale,,,,,,,,,,,1,1,1,1,1
200500040745,0005-07-27 22:45:00,5,7,27,22,45,270,191.0,,,,Nuit sans éclairage public,Hors agglomération,Hors intersection,Normale,Autre collision,,,,,,,,,,,3,1,1,1,6
200500040746,0005-07-31 08:30:00,5,7,31,8,30,270,519.0,,49.169,1.32,Nuit sans éclairage public,Hors agglomération,Hors intersection,Temps couvert,Deux véhicules - arrière,,,,,,,,,,,3,1,1,8,2
200500040747,0005-07-01 18:00:00,5,7,1,18,0,270,469.0,,49.29,1.157,Plein jour,Hors agglomération,Hors intersection,Normale,Deux véhicules - côté,,,,,,,,,,,1,1,1,1,3
200500040748,0005-07-04 15:30:00,5,7,4,15,30,270,469.0,rue maurice delamarre,49.307,1.158,Plein jour,En agglomération,Hors intersection,Normale,Autre collision,,,,,,,,,,,1,2,1,1,6
200500040749,0005-07-11 18:30:00,5,7,11,18,30,270,648.0,,49.246,1.109,Plein jour,Hors agglomération,Hors intersection,Normale,Deux véhicules - côté,,,,,,,,,,,1,1,1,1,3
200500040750,0005-07-22 12:45:00,5,7,22,12,45,270,348.0,route de Lyons,49.324,1.141,Plein jour,En agglomération,Hors intersection,Normale,Deux véhicules - côté,,,,,,,,,,,1,2,1,1,3
200500040751,0005-07-05 18:45:00,5,7,5,18,45,270,467.0,Place du Pot D'Etain,,,Plein jour,En agglomération,Giratoire,Normale,Autre collision,,,,,,,,,,,1,2,6,1,6
200500040752,0005-07-08 11:15:00,5,7,8,11,15,270,563.0,,,,Plein jour,Hors agglomération,Hors intersection,Normale,Deux véhicules - frontale,,,,,,,,,,,1,1,1,1,1
200500040753,0005-07-11 20:15:00,5,7,11,20,15,270,100.0,,49.373,0.379,Plein jour,Hors agglomération,Hors intersection,Normale,Autre collision,,,,,,,,,,,1,1,1,1,6
200500040754,0005-07-20 14:35:00,5,7,20,14,35,270,467.0,place du pot d'étain,,,Plein jour,En agglomération,Giratoire,Normale,Autre collision,,,,,,,,,,,1,2,6,1,6
200500040755,0005-07-03 01:00:00,5,7,3,1,0,270,582.0,,49.307,0.947,Nuit sans éclairage public,Hors agglomération,Hors intersection,Normale,Autre collision,,,,,,,,,,,3,1,1,1,6
200500040756,0005-07-13 18:45:00,5,7,13,18,45,270,134.0,,49.355,0.639,Plein jour,Hors agglomération,Hors intersection,Normale,Deux véhicules - arrière,,,,,,,,,,,1,1,1,1,2
200500040757,0005-07-20 10:45:00,5,7,20,10,45,270,133.0,,49.353,0.911,Plein jour,Hors agglomération,Hors intersection,Normale,Deux véhicules - côté,,,,,,,,,,,1,1,1,1,3
200500040758,0005-07-27 08:30:00,5,7,27,8,30,270,500.0,,49.384,0.734,Plein jour,En agglomération,Hors intersection,Pluie légère,Autre collision,,,,,,,,,,,1,2,1,2,6
200500040759,0005-07-25 14:00:00,5,7,25,14,0,270,209.0,route de la vallée,,,Plein jour,Hors agglomération,Hors intersection,Normale,Sans collision,,,,,,,,,,,1,1,1,1,7
200500040760,0005-07-25 18:40:00,5,7,25,18,40,270,218.0,,,,Plein jour,Hors agglomération,Hors intersection,Normale,Sans collision,,,,,,,,,,,1,1,1,1,7
200500040761,0005-07-15 17:15:00,5,7,15,17,15,350,363.0,N 137 sens NANTES/RENNES,,,Plein jour,Hors agglomération,Hors intersection,Normale,Autre collision,,,,,,,,,,,1,1,1,1,6
200500040762,0005-07-12 17:00:00,5,7,12,17,0,350,27.0,,48.166,-2.052,Plein jour,Hors agglomération,Hors intersection,Normale,Deux véhicules - côté,,,,,,,,,,,1,1,1,1,3
200500040763,0005-07-15 18:30:00,5,7,15,18,30,350,58.0,7 rue de montmuran,48.275,-1.854,Plein jour,En agglomération,Hors intersection,Normale,Autre collision,,,,,,,,,,,1,2,1,1,6
200500040764,0005-07-24 23:30:00,5,7,24,23,30,350,245.0,,48.201,-1.894,Nuit sans éclairage public,Hors agglomération,Hors intersection,Normale,Sans collision,,,,,,,,,,,3,1,1,1,7
200500040765,0005-07-01 20:15:00,5,7,1,20,15,350,133.0,,,,Plein jour,Hors agglomération,Hors intersection,Normale,Deux véhicules - frontale,,,,,,,,,,,1,1,1,1,1
200500040766,0005-07-12 09:45:00,5,7,12,9,45,350,188.0,,,,Plein jour,Hors agglomération,Hors intersection,Normale,Deux véhicules - frontale,,,,,,,,,,,1,1,1,1,1
200500040767,0005-07-23 21:15:00,5,7,23,21,15,350,23.0,,,,Crépuscule ou aube,Hors agglomération,Hors intersection,Normale,Trois véhicules et plus - collisions multiples,,,,,,,,,,,2,1,1,1,5
200500040768,0005-07-31 12:15:00,5,7,31,12,15,350,223.0,,48.024,-2.057,Plein jour,Hors agglomération,Hors intersection,Normale,Deux véhicules - arrière,,,,,,,,,,,1,1,1,1,2
200500040769,0005-07-09 19:30:00,5,7,9,19,30,350,154.0,,,,Plein jour,Hors agglomération,Hors intersection,Normale,Deux véhicules - frontale,,,,,,,,,,,1,1,1,1,1
200500040770,0005-07-16 09:15:00,5,7,16,9,15,350,178.0,,48.313,-1.468,Plein jour,Hors agglomération,Hors intersection,Normale,Deux véhicules - frontale,,,,,,,,,,,1,1,1,1,1
200500040771,0005-07-17 10:30:00,5,7,17,10,30,350,19.0,,,,Plein jour,Hors agglomération,Hors intersection,Normale,Deux véhicules - arrière,,,,,,,,,,,1,1,1,1,2
200500040772,0005-07-18 16:30:00,5,7,18,16,30,350,236.0,,,,Plein jour,Hors agglomération,Hors intersection,Normale,Deux véhicules - frontale,,,,,,,,,,,1,1,1,1,1
200500040773,0005-07-02 23:30:00,5,7,2,23,30,350,12.0,,47.855,-1.722,Nuit sans éclairage public,Hors agglomération,Hors intersection,Normale,Sans collision,,,,,,,,,,,3,1,1,1,7
200500040774,0005-07-07 18:30:00,5,7,7,18,30,350,12.0,rue J.S. WOOD,47.843,-1.688,Plein jour,En agglomération,Hors intersection,Normale,Deux véhicules - frontale,,,,,,,,,,,1,2,1,1,1
200500040775,0005-07-30 19:00:00,5,7,30,19,0,350,12.0,beauchène,,,Plein jour,Hors agglomération,Hors intersection,Normale,Autre collision,,,,,,,,,,,1,1,1,1,6
200500040776,0005-07-01 20:30:00,5,7,1,20,30,350,126.0,,47.976,-1.809,Plein jour,Hors agglomération,Intersection en T,Normale,Deux véhicules - côté,,,,,,,,,,,1,1,3,1,3
200500040777,0005-07-02 05:00:00,5,7,2,5,0,350,328.0,,47.769,-2.103,Nuit sans éclairage public,Hors agglomération,Hors intersection,Normale,Autre collision,,,,,,,,,,,3,1,1,1,6
200500040778,0005-07-15 09:45:00,5,7,15,9,45,350,126.0,,47.988,-1.828,Plein jour,Hors agglomération,Intersection en X,Normale,Deux véhicules - côté,,,,,,,,,,,1,1,2,1,3
200500040779,0005-07-13 22:45:00,5,7,13,22,45,350,318.0,,,,Crépuscule ou aube,Hors agglomération,Hors intersection,Normale,Deux véhicules - frontale,,,,,,,,,,,2,1,1,1,1
200500040780,0005-07-16 19:30:00,5,7,16,19,30,350,299.0,,48.653,-1.88,Plein jour,Hors agglomération,Hors intersection,Normale,Deux véhicules - côté,,,,,,,,,,,1,1,1,1,3
200500040781,0005-07-28 22:15:00,5,7,28,22,15,350,56.0,,,,Nuit sans éclairage public,Hors agglomération,Hors intersection,Normale,Autre collision,,,,,,,,,,,3,1,1,1,6
200500040782,0005-07-07 09:15:00,5,7,7,9,15,350,85.0,11 AVENUE DE LA LIBERAT,48.416,-1.744,Plein jour,En agglomération,Hors intersection,Normale,Trois véhicules et plus - en chaîne,,,,,,,,,,,1,2,1,1,4
200500040783,0005-07-14 01:15:00,5,7,14,1,15,350,9.0,4 rue du général de gaul,,,Nuit sans éclairage public,En agglomération,Hors intersection,Normale,Autre collision,,,,,,,,,,,3,2,1,1,6
200500040784,0005-07-16 02:15:00,5,7,16,2,15,350,34.0,,48.546,-1.64,Nuit sans éclairage public,Hors agglomération,Hors intersection,Normale,Sans collision,,,,,,,,,,,3,1,1,1,7
200500040785,0005-07-21 13:30:00,5,7,21,13,30,350,109.0,,,,Plein jour,Hors agglomération,Hors intersection,Normale,Deux véhicules - côté,,,,,,,,,,,1,1,1,1,3
200500040786,0005-07-07 18:00:00,5,7,7,18,0,350,207.0,RUE DU CHENE JOLY,48.121,-1.528,Plein jour,En agglomération,Hors intersection,Normale,Deux véhicules - côté,,,,,,,,,,,1,2,1,1,3
200500040787,0005-07-10 04:45:00,5,7,10,4,45,350,8.0,,,,Crépuscule ou aube,Hors agglomération,Hors intersection,Normale,Deux véhicules - frontale,,,,,,,,,,,2,1,1,1,1
200500040788,0005-07-24 01:00:00,5,7,24,1,0,220,290.0,Les Granges - RN 164,,,Nuit sans éclairage public,Hors agglomération,Hors intersection,Pluie légère,Deux véhicules - frontale,,,,,,,,,,,3,1,1,2,1
200500040789,0005-07-14 08:00:00,5,7,14,8,0,220,65.0,,,,Plein jour,Hors agglomération,Hors intersection,Normale,Deux véhicules - côté,,,,,,,,,,,1,1,1,1,3
200500040790,0005-07-21 16:00:00,5,7,21,16,0,220,54.0,,,,Plein jour,Hors agglomération,Hors intersection,Normale,Trois véhicules et plus - collisions multiples,,,,,,,,,,,1,1,1,1,5
200500040791,0005-07-24 12:00:00,5,7,24,12,0,220,242.0,,,,Plein jour,Hors agglomération,Hors intersection,Normale,Deux véhicules - frontale,,,,,,,,,,,1,1,1,1,1
200500040792,0005-07-09 12:20:00,5,7,9,12,20,220,339.0,Dombriand,,,Plein jour,Hors agglomération,Hors intersection,Normale,Trois véhicules et plus - en chaîne,,,,,,,,,,,1,1,1,1,4
200500040793,0005-07-17 21:45:00,5,7,17,21,45,220,21.0,,,,Nuit sans éclairage public,Hors agglomération,Hors intersection,Normale,Autre collision,,,,,,,,,,,3,1,1,1,6
200500040794,0005-07-30 18:00:00,5,7,30,18,0,220,104.0,,48.391,-2.21,Plein jour,Hors agglomération,Hors intersection,Normale,Deux véhicules - côté,,,,,,,,,,,1,1,1,1,3
200500040795,0005-07-02 11:15:00,5,7,2,11,15,220,20.0,,,,Plein jour,Hors agglomération,Hors intersection,Normale,Deux véhicules - frontale,,,,,,,,,,,1,1,1,1,1
200500040796,0005-07-04 07:30:00,5,7,4,7,30,220,348.0,,48.359,-2.239,Plein jour,Hors agglomération,Hors intersection,Normale,Deux véhicules - côté,,,,,,,,,,,1,1,1,1,3
200500040797,0005-07-25 13:00:00,5,7,25,13,0,220,193.0,,,,Plein jour,Hors agglomération,Hors intersection,Normale,Autre collision,,,,,,,,,,,1,1,1,1,6
200500040798,0005-07-05 17:15:00,5,7,5,17,15,220,268.0,,48.554,-2.332,Plein jour,Hors agglomération,Hors intersection,Pluie légère,Trois véhicules et plus - collisions multiples,,,,,,,,,,,1,1,1,2,5
200500040799,0005-07-11 14:45:00,5,7,11,14,45,220,143.0,,,,Plein jour,Hors agglomération,Hors intersection,Normale,Deux véhicules - frontale,,,,,,,,,,,1,1,1,1,1
200500040800,0005-07-07 19:45:00,5,7,7,19,45,220,371.0,,48.222,-2.296,Plein jour,Hors agglomération,Hors intersection,Normale,Autre collision,,,,,,,,,,,1,1,1,1,6
200500040801,0005-07-14 07:30:00,5,7,14,7,30,220,62.0,,48.203,-2.474,Plein jour,Hors agglomération,Hors intersection,Normale,Autre collision,,,,,,,,,,,1,1,1,1,6
200500040802,0005-07-31 07:15:00,5,7,31,7,15,220,102.0,Le bourg,48.29,-2.416,Crépuscule ou aube,En agglomération,Hors intersection,Normale,Sans collision,,,,,,,,,,,2,2,1,1,7
200500040803,0005-07-17 19:30:00,5,7,17,19,30,220,67.0,rue de l'église,48.56,-3.184,Plein jour,En agglomération,Hors intersection,Temps éblouissant,Autre collision,,,,,,,,,,,1,2,1,7,6
200500040804,0005-07-20 17:45:00,5,7,20,17,45,220,204.0,lieu dit briantel,,,Plein jour,Hors agglomération,Hors intersection,Normale,Deux véhicules - côté,,,,,,,,,,,1,1,1,1,3
200500040805,0005-07-23 23:00:00,5,7,23,23,0,220,225.0,,48.539,-3.161,Nuit sans éclairage public,Hors agglomération,Hors intersection,Pluie légère,Deux véhicules - frontale,,,,,,,,,,,3,1,1,2,1
200500040806,0005-07-24 18:30:00,5,7,24,18,30,220,256.0,,48.683,-3.11,Plein jour,Hors agglomération,Intersection en X,Normale,Deux véhicules - côté,,,,,,,,,,,1,1,2,1,3
200500040807,0005-07-26 15:45:00,5,7,26,15,45,220,256.0,,48.683,-3.11,Plein jour,Hors agglomération,Hors intersection,Pluie légère,Deux véhicules - frontale,,,,,,,,,,,1,1,1,2,1
200500040808,0005-07-21 20:00:00,5,7,21,20,0,220,137.0,,,,Plein jour,Hors agglomération,Hors intersection,Normale,Deux véhicules - arrière,,,,,,,,,,,1,1,1,1,2
200500040809,0005-07-08 19:45:00,5,7,8,19,45,220,226.0,19 rue de lieue du grève,48.683,-3.526,Plein jour,En agglomération,Hors intersection,Normale,Deux véhicules - frontale,,,,,,,,,,,1,2,1,1,1
200500040810,0005-07-10 05:45:00,5,7,10,5,45,220,265.0,,,,Crépuscule ou aube,Hors agglomération,Hors intersection,Normale,Deux véhicules - frontale,,,,,,,,,,,2,1,1,1,1
200500040811,0005-07-09 04:30:00,5,7,9,4,30,220,166.0,,,,Crépuscule ou aube,Hors agglomération,Autre intersection,Normale,Autre collision,,,,,,,,,,,2,1,9,1,6
200500040812,0005-07-27 20:00:00,5,7,27,20,0,290,197.0,,48.015,-4.464,Plein jour,Hors agglomération,Hors intersection,Normale,Deux véhicules - frontale,,,,,,,,,,,1,1,1,1,1
200500040813,0005-07-08 16:45:00,5,7,8,16,45,290,46.0,94 R du préfet collignon,,,Plein jour,En agglomération,Hors intersection,Normale,Autre collision,,,,,,,,,,,1,2,1,1,6
200500040814,0005-07-05 08:45:00,5,7,5,8,45,290,161.0,,47.906,-4.026,Plein jour,Hors agglomération,Hors intersection,Pluie légère,Autre collision,,,,,,,,,,,1,1,1,2,6
200500040815,0005-07-04 06:45:00,5,7,4,6,45,290,32.0,,47.907,-4.049,Crépuscule ou aube,Hors agglomération,Hors intersection,Normale,Deux véhicules - frontale,,,,,,,,,,,2,1,1,1,1
200500040816,0005-07-23 20:00:00,5,7,23,20,0,290,32.0,,47.916,-4.063,Plein jour,Hors agglomération,Hors intersection,Pluie forte,Deux véhicules - frontale,,,,,,,,,,,1,1,1,3,1
200500040817,0005-07-28 12:30:00,5,7,28,12,30,290,57.0,,47.923,-3.963,Plein jour,Hors agglomération,Hors intersection,Normale,Deux véhicules - frontale,,,,,,,,,,,1,1,1,1,1
200500040818,0005-07-06 18:30:00,5,7,6,18,30,290,929.0,rue de la joie,,,Plein jour,En agglomération,Hors intersection,Normale,Sans collision,,,,,,,,,,,1,2,1,1,7
200500040819,0005-07-20 15:45:00,5,7,20,15,45,290,171.0,,,,Plein jour,Hors agglomération,Hors intersection,Normale,Autre collision,,,,,,,,,,,1,1,1,1,6
200500040820,0005-07-24 05:00:00,5,7,24,5,0,290,37.0,,47.89,-4.183,Nuit sans éclairage public,Hors agglomération,Hors intersection,Pluie légère,Deux véhicules - frontale,,,,,,,,,,,3,1,1,2,1
200500040821,0005-07-22 17:15:00,5,7,22,17,15,290,75.0,,48.445,-4.411,Plein jour,Hors agglomération,Hors intersection,Normale,Sans collision,,,,,,,,,,,1,1,1,1,7
200500040822,0005-07-03 18:45:00,5,7,3,18,45,290,156.0,,,,Plein jour,Hors agglomération,Hors intersection,Normale,Deux véhicules - côté,,,,,,,,,,,1,1,1,1,3
200500040823,0005-07-09 00:15:00,5,7,9,0,15,290,126.0,LE BOURG,,,Nuit sans éclairage public,En agglomération,Hors intersection,Normale,Deux véhicules - frontale,,,,,,,,,,,3,2,1,1,1
200500040824,0005-07-14 01:30:00,5,7,14,1,30,290,195.0,Kroas Al Land,,,Nuit avec éclairage allumé,En agglomération,Hors intersection,Normale,Autre collision,,,,,,,,,,,5,2,1,1,6
200500040825,0005-07-16 11:00:00,5,7,16,11,0,290,119.0,,,,Plein jour,Hors agglomération,Hors intersection,Normale,Deux véhicules - côté,,,,,,,,,,,1,1,1,1,3
200500040826,0005-07-01 15:00:00,5,7,1,15,0,290,172.0,STE MARIE DU MENEZ HOM,,,Plein jour,En agglomération,Hors intersection,Brouillard / fumée,Deux véhicules - frontale,,,,,,,,,,,1,2,1,5,1
200500040827,0005-07-13 13:00:00,5,7,13,13,0,290,302.0,RUE DE QUIMPER,48.257,-4.085,Plein jour,En agglomération,Hors intersection,Normale,Deux véhicules - côté,,,,,,,,,,,1,2,1,1,3
200500040828,0005-07-27 07:45:00,5,7,27,7,45,290,25.0,24 rue Gradlon,48.162,-4.136,Plein jour,En agglomération,Hors intersection,Pluie légère,Autre collision,,,,,,,,,,,1,2,1,2,6
200500040829,0005-07-06 18:15:00,5,7,6,18,15,290,291.0,Lieu dit Toul Sable,48.079,-3.867,Plein jour,Hors agglomération,Hors intersection,Normale,Autre collision,,,,,,,,,,,1,1,1,1,6
200500040830,0005-07-14 12:00:00,5,7,14,12,0,290,27.0,32 RUE JEAN DORVAL,,,Plein jour,En agglomération,Autre intersection,Normale,Autre collision,,,,,,,,,,,1,2,9,1,6
200500040831,0005-07-17 17:45:00,5,7,17,17,45,290,261.0,,48.35,-3.935,Plein jour,Hors agglomération,Hors intersection,Normale,Autre collision,,,,,,,,,,,1,1,1,1,6
200500040832,0005-07-26 09:35:00,5,7,26,9,35,290,162.0,Keroussic,,,Plein jour,Hors agglomération,Hors intersection,Pluie forte,Trois véhicules et plus - collisions multiples,,,,,,,,,,,1,1,1,3,5
200500040833,0005-07-06 18:40:00,5,7,6,18,40,290,42.0,Bd de Pralognan,48.252,-4.49,Plein jour,En agglomération,Giratoire,Normale,Deux véhicules - côté,,,,,,,,,,,1,2,6,1,3
200500040834,0005-07-06 23:45:00,5,7,6,23,45,290,193.0,,,,Nuit sans éclairage public,Hors agglomération,Hors intersection,Normale,Autre collision,,,,,,,,,,,3,1,1,1,6
200500040835,0005-07-28 10:00:00,5,7,28,10,0,290,10.0,,,,Plein jour,Hors agglomération,Hors intersection,Normale,Deux véhicules - côté,,,,,,,,,,,1,1,1,1,3
200500040836,0005-07-02 22:30:00,5,7,2,22,30,290,192.0,,,,Crépuscule ou aube,Hors agglomération,Hors intersection,Normale,Deux véhicules - frontale,,,,,,,,,,,2,1,1,1,1
200500040837,0005-07-04 22:00:00,5,7,4,22,0,290,276.0,DEPARTEMANTALE 10,,,Crépuscule ou aube,En agglomération,Hors intersection,Normale,Deux véhicules - frontale,,,,,,,,,,,2,2,1,1,1
200500040838,0005-07-31 10:15:00,5,7,31,10,15,290,30.0,Rue d'Armorique,,,Plein jour,En agglomération,Hors intersection,Normale,Autre collision,,,,,,,,,,,1,2,1,1,6
200500040839,0005-07-03 14:15:00,5,7,3,14,15,560,157.0,,47.784,-2.692,Plein jour,Hors agglomération,Intersection en X,Normale,Deux véhicules - côté,,,,,,,,,,,1,1,2,1,3
200500040840,0005-07-05 08:45:00,5,7,5,8,45,560,115.0,,47.761,-2.78,Plein jour,Hors agglomération,Hors intersection,Pluie légère,Autre collision,,,,,,,,,,,1,1,1,2,6
200500040841,0005-07-31 18:00:00,5,7,31,18,0,560,157.0,Bel Air,,,Plein jour,Hors agglomération,Hors intersection,Normale,Autre collision,,,,,,,,,,,1,1,1,1,6
200500040842,0005-07-07 20:00:00,5,7,7,20,0,560,183.0,,47.839,-2.053,Plein jour,Hors agglomération,Hors intersection,Normale,Sans collision,,,,,,,,,,,1,1,1,1,7
200500040843,0005-07-14 02:30:00,5,7,14,2,30,560,155.0,allée des coquelicots,47.481,-2.489,Nuit avec éclairage non allumé,En agglomération,Hors intersection,Normale,Autre collision,,,,,,,,,,,4,2,1,1,6
200500040844,0005-07-29 21:45:00,5,7,29,21,45,560,126.0,,,,Plein jour,Hors agglomération,Hors intersection,Normale,Deux véhicules - côté,,,,,,,,,,,1,1,1,1,3
200500040845,0005-07-05 19:00:00,5,7,5,19,0,560,111.0,,47.631,-2.396,Plein jour,Hors agglomération,Hors intersection,Temps couvert,Deux véhicules - frontale,,,,,,,,,,,1,1,1,8,1
200500040846,0005-07-14 13:30:00,5,7,14,13,30,560,247.0,,,,Nuit sans éclairage public,Hors agglomération,Hors intersection,Normale,Sans collision,,,,,,,,,,,3,1,1,1,7
200500040847,0005-07-16 20:15:00,5,7,16,20,15,560,28.0,,47.626,-2.275,Plein jour,Hors agglomération,Hors intersection,Normale,Deux véhicules - frontale,,,,,,,,,,,1,1,1,1,1
200500040848,0005-07-27 17:30:00,5,7,27,17,30,560,247.0,,,,Plein jour,Hors agglomération,Hors intersection,Normale,Sans collision,,,,,,,,,,,1,1,1,1,7
200500040849,0005-07-20 12:00:00,5,7,20,12,0,560,9.0,Runello,47.335,-3.197,Plein jour,Hors agglomération,Hors intersection,Normale,Deux véhicules - côté,,,,,,,,,,,1,1,1,1,3
200500040850,0005-07-05 10:45:00,5,7,5,10,45,560,234.0,,47.547,-3.134,Plein jour,Hors agglomération,Hors intersection,Normale,Deux véhicules - frontale,,,,,,,,,,,1,1,1,1,1
200500040851,0005-07-17 16:45:00,5,7,17,16,45,560,186.0,,,,Plein jour,Hors agglomération,Hors intersection,Normale,Autre collision,,,,,,,,,,,1,1,1,1,6
200500040852,0005-07-19 23:30:00,5,7,19,23,30,560,34.0,,47.624,-3.054,Nuit sans éclairage public,Hors agglomération,Hors intersection,Normale,Deux véhicules - côté,,,,,,,,,,,3,1,1,1,3
200500040853,0005-07-20 23:00:00,5,7,20,23,0,560,186.0,nue du Général DE GAULLE,,,Nuit avec éclairage allumé,En agglomération,Hors intersection,Normale,Autre collision,,,,,,,,,,,5,2,1,1,6
200500040854,0005-07-27 04:45:00,5,7,27,4,45,560,34.0,avenue de l'Atlantique,47.578,-3.079,Nuit avec éclairage allumé,En agglomération,Hors intersection,Pluie légère,Autre collision,,,,,,,,,,,5,2,1,2,6
200500040855,0005-07-09 16:15:00,5,7,9,16,15,560,185.0,,47.784,-3.381,Plein jour,Hors agglomération,Hors intersection,Normale,Autre collision,,,,,,,,,,,1,1,1,1,6
200500040856,0005-07-04 19:30:00,5,7,4,19,30,560,55.0,22 rue du Gal LECLERC,,,Plein jour,En agglomération,Hors intersection,Normale,Autre collision,,,,,,,,,,,1,2,1,1,6