accident_id,datetime,annee,mois,jour,heure,minute,departement,commune_insee,adresse,latitude,longitude,luminosite,agglomeration,intersection,meteo,collision,nb_vehicules,nb_usagers,nb_indemnes,nb_tues,nb_blesses_hosp,nb_blesses_legers,age_cond_1,age_cond_2,veh_type_cond_1,veh_type_cond_2,lum_code,agg_code,int_code,atm_code,col_code
200500041127,0005-07-11 07:15:00,5,7,11,7,15,330,29.0,,,,Plein jour,Hors agglomération,Autre intersection,Normale,Deux véhicules - frontale,,,,,,,,,,,1,1,9,1,1
200500041128,0005-07-15 17:30:00,5,7,15,17,30,330,236.0,,44.788,-1.153,Plein jour,Hors agglomération,Intersection en T,Normale,Deux véhicules - côté,,,,,,,,,,,1,1,3,1,3
200500041129,0005-07-29 11:00:00,5,7,29,11,0,330,11.0,,44.777,-1.117,Plein jour,Hors agglomération,Autre intersection,Pluie légère,Deux véhicules - côté,,,,,,,,,,,1,1,9,2,3
200500041130,0005-07-10 19:30:00,5,7,10,19,30,330,422.0,e du Cap ferret / CD 106,,,Plein jour,Hors agglomération,Hors intersection,Normale,Deux véhicules - frontale,,,,,,,,,,,1,1,1,1,1
200500041131,0005-07-20 19:15:00,5,7,20,19,15,330,422.0,,44.816,-0.749,Plein jour,Hors agglomération,Hors intersection,Normale,Deux véhicules - frontale,,,,,,,,,,,1,1,1,1,1
200500041132,0005-07-16 19:30:00,5,7,16,19,30,330,449.0,Avenue J-J ROUSSEAU,,,Plein jour,En agglomération,Intersection en X,Normale,Deux véhicules - frontale,,,,,,,,,,,1,2,2,1,1
200500041133,0005-07-30 04:45:00,5,7,30,4,45,330,449.0,Route de Lacanau,,,Nuit sans éclairage public,Hors agglomération,Hors intersection,Normale,Trois véhicules et plus - en chaîne,,,,,,,,,,,3,1,1,1,4
200500041134,0005-07-14 01:45:00,5,7,14,1,45,330,280.0,,45.175,-0.594,Nuit sans éclairage public,Hors agglomération,Hors intersection,Normale,Autre collision,,,,,,,,,,,3,1,1,1,6
200500041135,0005-07-19 10:15:00,5,7,19,10,15,330,101.0,,45.187,-0.59,Plein jour,Hors agglomération,Intersection en X,Normale,Deux véhicules - côté,,,,,,,,,,,1,1,2,1,3
200500041136,0005-07-01 19:00:00,5,7,1,19,0,330,272.0,,,,Plein jour,Hors agglomération,Hors intersection,Normale,Deux véhicules - côté,,,,,,,,,,,1,1,1,1,3
200500041137,0005-07-02 16:00:00,5,7,2,16,0,330,3.0,Rue andré lignac,44.936,-0.509,Plein jour,En agglomération,Hors intersection,Normale,Deux véhicules - côté,,,,,,,,,,,1,2,1,1,3
200500041138,0005-07-19 19:45:00,5,7,19,19,45,330,510.0,,,,Plein jour,Hors agglomération,Hors intersection,Normale,Autre collision,,,,,,,,,,,1,1,1,1,6
200500041139,0005-07-24 21:15:00,5,7,24,21,15,330,448.0,,,,Nuit sans éclairage public,Hors agglomération,Hors intersection,Normale,Sans collision,,,,,,,,,,,3,1,1,1,7
200500041140,0005-07-11 06:45:00,5,7,11,6,45,330,165.0,,,,Plein jour,Hors agglomération,Hors intersection,Normale,Deux véhicules - côté,,,,,,,,,,,1,1,1,1,3
200500041141,0005-07-25 18:00:00,5,7,25,18,0,330,496.0,Avenue Louis Venot,,,Plein jour,Hors agglomération,Hors intersection,Normale,Sans collision,,,,,,,,,,,1,1,1,1,7
200500041142,0005-07-28 19:15:00,5,7,28,19,15,330,496.0,,,,Plein jour,Hors agglomération,Intersection en T,Normale,Deux véhicules - côté,,,,,,,,,,,1,1,3,1,3
200500041143,0005-07-05 13:45:00,5,7,5,13,45,330,80.0,RN 113,,,Plein jour,Hors agglomération,Hors intersection,Normale,Deux véhicules - côté,,,,,,,,,,,1,1,1,1,3
200500041144,0005-07-14 17:45:00,5,7,14,17,45,330,501.0,lieu dit Ramounic,,,Plein jour,Hors agglomération,Hors intersection,Temps éblouissant,Deux véhicules - côté,,,,,,,,,,,1,1,1,7,3
200500041145,0005-07-23 15:15:00,5,7,23,15,15,330,77.0,"Lieu dit ""La maconnerie""",,,Plein jour,Hors agglomération,Hors intersection,Normale,Autre collision,,,,,,,,,,,1,1,1,1,6
200500041146,0005-07-12 07:45:00,5,7,12,7,45,330,120.0,place de la mairie,44.634,-0.338,Crépuscule ou aube,En agglomération,Hors intersection,Temps éblouissant,Autre collision,,,,,,,,,,,2,2,1,7,6
200500041147,0005-07-21 21:15:00,5,7,21,21,15,330,334.0,,44.701,-0.414,Plein jour,Hors agglomération,Hors intersection,Normale,Deux véhicules - frontale,,,,,,,,,,,1,1,1,1,1
200500041148,0005-07-04 18:00:00,5,7,4,18,0,330,415.0,,,,Plein jour,Hors agglomération,Hors intersection,Normale,Deux véhicules - arrière,,,,,,,,,,,1,1,1,1,2
200500041149,0005-07-13 19:30:00,5,7,13,19,30,330,425.0,,,,Plein jour,Hors agglomération,Hors intersection,Normale,Deux véhicules - côté,,,,,,,,,,,1,1,1,1,3
200500041150,0005-07-23 13:10:00,5,7,23,13,10,330,425.0,"Lieu-dit ""Les carrières""",,,Plein jour,En agglomération,Intersection en Y,Normale,Deux véhicules - frontale,,,,,,,,,,,1,2,4,1,1
200500041151,0005-07-23 19:15:00,5,7,23,19,15,330,227.0,,44.52,-0.21,Plein jour,Hors agglomération,Hors intersection,Normale,Deux véhicules - arrière,,,,,,,,,,,1,1,1,1,2
200500041152,0005-07-30 18:45:00,5,7,30,18,45,330,164.0,Route de Touilla,44.55,-0.29,Plein jour,Hors agglomération,Hors intersection,Normale,Deux véhicules - côté,,,,,,,,,,,1,1,1,1,3
200500041153,0005-07-24 18:00:00,5,7,24,18,0,330,144.0,,44.378,-0.18,Plein jour,Hors agglomération,Intersection en X,Normale,Deux véhicules - côté,,,,,,,,,,,1,1,2,1,3
200500041154,0005-07-18 13:30:00,5,7,18,13,30,330,379.0,,44.7,-0.131,Plein jour,Hors agglomération,Hors intersection,Normale,Sans collision,,,,,,,,,,,1,1,1,1,7
200500041155,0005-07-18 20:00:00,5,7,18,20,0,330,163.0,,44.757,-0.215,Plein jour,Hors agglomération,Intersection en Y,Normale,Deux véhicules - côté,,,,,,,,,,,1,1,4,1,3
200500041156,0005-07-24 15:30:00,5,7,24,15,30,330,506.0,Intersection rue des jar,44.695,-0.087,Plein jour,En agglomération,Hors intersection,Normale,Autre collision,,,,,,,,,,,1,2,1,1,6
200500041157,0005-07-03 19:30:00,5,7,3,19,30,330,417.0,,,,Plein jour,Hors agglomération,Hors intersection,Normale,Deux véhicules - côté,,,,,,,,,,,1,1,1,1,3
200500041158,0005-07-04 00:01:00,5,7,4,0,1,330,417.0,,,,Crépuscule ou aube,Hors agglomération,Hors intersection,Normale,Autre collision,,,,,,,,,,,2,1,1,1,6
200500041159,0005-07-26 02:45:00,5,7,26,2,45,330,248.0,,45.047,-0.88,Nuit sans éclairage public,Hors agglomération,Hors intersection,Normale,Sans collision,,,,,,,,,,,3,1,1,1,7
200500041160,0005-07-27 18:15:00,5,7,27,18,15,330,262.0,,45.01,-0.619,Plein jour,En agglomération,Intersection en T,Normale,Deux véhicules - côté,,,,,,,,,,,1,2,3,1,3
200500041161,0005-07-30 08:15:00,5,7,30,8,15,330,517.0,,45.06,-0.698,Plein jour,En agglomération,Autre intersection,Normale,Autre collision,,,,,,,,,,,1,2,9,1,6
200500041162,0005-07-30 02:30:00,5,7,30,2,30,330,314.0,,,,Nuit sans éclairage public,Hors agglomération,Hors intersection,Normale,Sans collision,,,,,,,,,,,3,1,1,1,7
200500041163,0005-07-01 14:15:00,5,7,1,14,15,330,514.0,CD1E4 - PK 09.,,,Plein jour,Hors agglomération,Hors intersection,Normale,Autre collision,,,,,,,,,,,1,1,1,1,6
200500041164,0005-07-14 16:30:00,5,7,14,16,30,330,514.0,"Lieu dit ""Lihan""",45.49,-1.09,Plein jour,Hors agglomération,Hors intersection,Normale,Trois véhicules et plus - collisions multiples,,,,,,,,,,,1,1,1,1,5
200500041165,0005-07-15 17:30:00,5,7,15,17,30,330,490.0,"215 lieu-dit ""Les Piots""",,,Plein jour,Hors agglomération,Hors intersection,Normale,Deux véhicules - côté,,,,,,,,,,,1,1,1,1,3
200500041166,0005-07-22 13:45:00,5,7,22,13,45,330,544.0,,45.57,-1.06,Plein jour,Hors agglomération,Hors intersection,Normale,Autre collision,,,,,,,,,,,1,1,1,1,6
200500041167,0005-07-09 16:45:00,5,7,9,16,45,330,71.0,,44.876,-0.24,Plein jour,Hors agglomération,Hors intersection,Normale,Sans collision,,,,,,,,,,,1,1,1,1,7
200500041168,0005-07-20 19:00:00,5,7,20,19,0,330,185.0,,,,Plein jour,Hors agglomération,Autre intersection,Normale,Deux véhicules - côté,,,,,,,,,,,1,1,9,1,3
200500041169,0005-07-02 04:30:00,5,7,2,4,30,330,108.0,,,,Nuit sans éclairage public,Hors agglomération,Hors intersection,Normale,Autre collision,,,,,,,,,,,3,1,1,1,6
200500041170,0005-07-02 04:30:00,5,7,2,4,30,330,108.0,,,,Nuit sans éclairage public,Hors agglomération,Hors intersection,Normale,Autre collision,,,,,,,,,,,3,1,1,1,6
200500041171,0005-07-29 08:00:00,5,7,29,8,0,330,394.0,,,,Plein jour,Hors agglomération,Hors intersection,Temps couvert,Deux véhicules - frontale,,,,,,,,,,,1,1,1,8,1
200500041172,0005-07-10 18:45:00,5,7,10,18,45,330,360.0,,44.781,0.242,Plein jour,Hors agglomération,Hors intersection,Normale,Trois véhicules et plus - en chaîne,,,,,,,,,,,1,1,1,1,4
200500041173,0005-07-05 13:30:00,5,7,5,13,30,330,290.0,,44.96,-0.183,Plein jour,Hors agglomération,Intersection en X,Normale,Deux véhicules - côté,,,,,,,,,,,1,1,2,1,3
200500041174,0005-07-13 19:00:00,5,7,13,19,0,240,571.0,route de Bergerac,45.026,0.709,Plein jour,En agglomération,Hors intersection,Normale,Trois véhicules et plus - en chaîne,,,,,,,,,,,1,2,1,1,4
200500041175,0005-07-21 20:15:00,5,7,21,20,15,240,166.0,,,,Plein jour,Hors agglomération,Hors intersection,Normale,Sans collision,,,,,,,,,,,1,1,1,1,7
200500041176,0005-07-27 18:00:00,5,7,27,18,0,240,350.0,Le Bourg RN 2089,,,Plein jour,En agglomération,Hors intersection,Normale,Deux véhicules - frontale,,,,,,,,,,,1,2,1,1,1
200500041177,0005-07-29 17:15:00,5,7,29,17,15,240,236.0,,,,Plein jour,Hors agglomération,Hors intersection,Normale,Deux véhicules - arrière,,,,,,,,,,,1,1,1,1,2
200500041178,0005-07-01 20:00:00,5,7,1,20,0,240,210.0,,45.269,1.13,Plein jour,Hors agglomération,Hors intersection,Normale,Trois véhicules et plus - collisions multiples,,,,,,,,,,,1,1,1,1,5
200500041179,0005-07-19 10:00:00,5,7,19,10,0,240,147.0,,45.228,0.948,Plein jour,Hors agglomération,Hors intersection,Normale,Autre collision,,,,,,,,,,,1,1,1,1,6
200500041180,0005-07-24 18:15:00,5,7,24,18,15,240,147.0,""" Bospicat""",45.223,0.919,Plein jour,Hors agglomération,Hors intersection,Normale,Deux véhicules - frontale,,,,,,,,,,,1,1,1,1,1
200500041181,0005-07-25 13:15:00,5,7,25,13,15,240,31.0,,,,Plein jour,Hors agglomération,Hors intersection,Normale,Autre collision,,,,,,,,,,,1,1,1,1,6
200500041182,0005-07-17 19:30:00,5,7,17,19,30,240,143.0,AVENUE DE CAHORS CD 660,,,Plein jour,En agglomération,Hors intersection,Normale,Deux véhicules - arrière,,,,,,,,,,,1,2,1,1,2
200500041183,0005-07-06 12:15:00,5,7,6,12,15,240,534.0,Lot du fon de la May,,,Plein jour,En agglomération,Hors intersection,Normale,Autre collision,,,,,,,,,,,1,2,1,1,6
200500041184,0005-07-30 15:15:00,5,7,30,15,15,240,483.0,,,,Plein jour,Hors agglomération,Intersection en X,Normale,Deux véhicules - côté,,,,,,,,,,,1,1,2,1,3
200500041185,0005-07-03 18:45:00,5,7,3,18,45,240,328.0,82 rue de la Libération,,,Plein jour,En agglomération,Intersection en X,Normale,Deux véhicules - frontale,,,,,,,,,,,1,2,2,1,1
200500041186,0005-07-18 10:15:00,5,7,18,10,15,240,410.0,,45.454,0.72,Plein jour,Hors agglomération,Hors intersection,Normale,Autre collision,,,,,,,,,,,1,1,1,1,6
200500041187,0005-07-02 13:00:00,5,7,2,13,0,240,485.0,,,,Plein jour,Hors agglomération,Hors intersection,Normale,Deux véhicules - côté,,,,,,,,,,,1,1,1,1,3
200500041188,0005-07-16 15:00:00,5,7,16,15,0,240,551.0,RN 21 QUARTIER PLAISANCE,45.407,0.916,Plein jour,En agglomération,Hors intersection,Normale,Deux véhicules - frontale,,,,,,,,,,,1,2,1,1,1
200500041189,0005-07-31 19:30:00,5,7,31,19,30,240,134.0,,45.384,0.947,Plein jour,Hors agglomération,Hors intersection,Normale,Autre collision,,,,,,,,,,,1,1,1,1,6
200500041190,0005-07-08 22:45:00,5,7,8,22,45,240,564.0,,,,Nuit sans éclairage public,Hors agglomération,Hors intersection,Normale,Deux véhicules - frontale,,,,,,,,,,,3,1,1,1,1
200500041191,0005-07-06 09:45:00,5,7,6,9,45,240,29.0,,,,Plein jour,Hors agglomération,Hors intersection,Normale,Sans collision,,,,,,,,,,,1,1,1,1,7
200500041192,0005-07-05 10:30:00,5,7,5,10,30,240,409.0,,,,Plein jour,En agglomération,Hors intersection,Normale,Autre collision,,,,,,,,,,,1,2,1,1,6
200500041193,0005-07-02 01:15:00,5,7,2,1,15,240,520.0,Avenue de la Dordogne,,,Nuit avec éclairage allumé,En agglomération,Hors intersection,Normale,Autre collision,,,,,,,,,,,5,2,1,1,6
200500041194,0005-07-02 19:15:00,5,7,2,19,15,240,392.0,,,,Plein jour,Hors agglomération,Hors intersection,Normale,Deux véhicules - frontale,,,,,,,,,,,1,1,1,1,1
200500041195,0005-07-07 13:45:00,5,7,7,13,45,240,317.0,,,,Plein jour,Hors agglomération,Hors intersection,Normale,Autre collision,,,,,,,,,,,1,1,1,1,6
200500041196,0005-07-06 23:30:00,5,7,6,23,30,240,82.0,Le Viallard,,,Nuit sans éclairage public,Hors agglomération,Hors intersection,Normale,Deux véhicules - frontale,,,,,,,,,,,3,1,1,1,1
200500041197,0005-07-13 16:45:00,5,7,13,16,45,240,366.0,Puymartin,,,Plein jour,Hors agglomération,Hors intersection,Normale,Trois véhicules et plus - collisions multiples,,,,,,,,,,,1,1,1,1,5
200500041198,0005-07-22 09:15:00,5,7,22,9,15,240,577.0,,,,Plein jour,Hors agglomération,Hors intersection,Normale,Deux véhicules - arrière,,,,,,,,,,,1,1,1,1,2
200500041199,0005-07-28 16:30:00,5,7,28,16,30,240,252.0,,,,Plein jour,Hors agglomération,Hors intersection,Normale,Deux véhicules - arrière,,,,,,,,,,,1,1,1,1,2
200500041200,0005-07-29 18:30:00,5,7,29,18,30,240,301.0,,,,Plein jour,Hors agglomération,Hors intersection,Normale,Deux véhicules - côté,,,,,,,,,,,1,1,1,1,3
200500041201,0005-07-01 06:30:00,5,7,1,6,30,240,207.0,,44.816,1.245,Crépuscule ou aube,En agglomération,Hors intersection,Normale,Sans collision,,,,,,,,,,,2,2,1,1,7
200500041202,0005-07-13 21:15:00,5,7,13,21,15,240,585.0,RUE ST GEORGES,44.634,1.077,Plein jour,En agglomération,Autre intersection,Normale,Autre collision,,,,,,,,,,,1,2,9,1,6
200500041203,0005-07-22 10:00:00,5,7,22,10,0,240,293.0,,,,Plein jour,Hors agglomération,Hors intersection,Normale,Deux véhicules - frontale,,,,,,,,,,,1,1,1,1,1
200500041204,0005-07-30 15:45:00,5,7,30,15,45,240,538.0,,,,Plein jour,Hors agglomération,Hors intersection,Normale,Deux véhicules - côté,,,,,,,,,,,1,1,1,1,3
200500041205,0005-07-06 21:30:00,5,7,6,21,30,240,547.0,,,,Plein jour,Hors agglomération,Hors intersection,Normale,Deux véhicules - arrière,,,,,,,,,,,1,1,1,1,2
200500041206,0005-07-29 05:15:00,5,7,29,5,15,240,547.0,114 AVENUE VICTOR HUGO,45.136,1.285,Nuit sans éclairage public,En agglomération,Hors intersection,Normale,Autre collision,,,,,,,,,,,3,2,1,1,6
200500041207,0005-07-05 08:45:00,5,7,5,8,45,400,175.0,,43.84,-0.371,Plein jour,Hors agglomération,Hors intersection,Normale,Sans collision,,,,,,,,,,,1,1,1,1,7
200500041208,0005-07-09 16:15:00,5,7,9,16,15,400,55.0,,,,Plein jour,Hors agglomération,Hors intersection,Normale,Autre collision,,,,,,,,,,,1,1,1,1,6
200500041209,0005-07-18 02:45:00,5,7,18,2,45,400,70.0,,43.829,-0.34,Nuit sans éclairage public,Hors agglomération,Hors intersection,Normale,Autre collision,,,,,,,,,,,3,1,1,1,6
200500041210,0005-07-20 10:45:00,5,7,20,10,45,400,145.0,QUARTIER LABURTHE,43.771,-0.422,Plein jour,En agglomération,Hors intersection,Normale,Autre collision,,,,,,,,,,,1,2,1,1,6
200500041211,0005-07-24 09:15:00,5,7,24,9,15,400,56.0,CD 353  face au 120 rue,44.049,-0.536,Plein jour,En agglomération,Hors intersection,Normale,Autre collision,,,,,,,,,,,1,2,1,1,6
200500041212,0005-07-25 13:45:00,5,7,25,13,45,400,105.0,,,,Plein jour,Hors agglomération,Hors intersection,Normale,Sans collision,,,,,,,,,,,1,1,1,1,7
200500041213,0005-07-06 21:00:00,5,7,6,21,0,400,153.0,,43.836,-0.655,Crépuscule ou aube,Hors agglomération,Hors intersection,Normale,Deux véhicules - frontale,,,,,,,,,,,2,1,1,1,1
200500041214,0005-07-08 17:15:00,5,7,8,17,15,400,141.0,,43.71,-0.788,Plein jour,Hors agglomération,Hors intersection,Normale,Autre collision,,,,,,,,,,,1,1,1,1,6
200500041215,0005-07-09 20:30:00,5,7,9,20,30,400,67.0,,43.851,-0.802,Plein jour,Hors agglomération,Hors intersection,Normale,Deux véhicules - frontale,,,,,,,,,,,1,1,1,1,1
200500041216,0005-07-10 04:00:00,5,7,10,4,0,400,313.0,rue Victor Hugo,,,Nuit avec éclairage allumé,En agglomération,Hors intersection,Normale,Autre collision,,,,,,,,,,,5,2,1,1,6
200500041217,0005-07-08 13:45:00,5,7,8,13,45,400,314.0,,43.663,-1.1,Plein jour,Hors agglomération,Hors intersection,Normale,Autre collision,,,,,,,,,,,1,1,1,1,6
200500041218,0005-07-09 12:00:00,5,7,9,12,0,400,202.0,rue  Alphonse. Daudet,43.707,-1.028,Plein jour,En agglomération,Intersection en X,Normale,Deux véhicules - côté,,,,,,,,,,,1,2,2,1,3
200500041219,0005-07-19 08:50:00,5,7,19,8,50,400,142.0,Lieu dit Mongrit,,,Plein jour,Hors agglomération,Hors intersection,Pluie légère,Sans collision,,,,,,,,,,,1,1,1,2,7
200500041220,0005-07-02 18:00:00,5,7,2,18,0,400,75.0,,,,Plein jour,Hors agglomération,Hors intersection,Normale,Sans collision,,,,,,,,,,,1,1,1,1,7
200500041221,0005-07-05 12:15:00,5,7,5,12,15,400,75.0,ROUTE DE DAX,,,Plein jour,En agglomération,Hors intersection,Normale,Deux véhicules - arrière,,,,,,,,,,,1,2,1,1,2
200500041222,0005-07-14 17:00:00,5,7,14,17,0,400,157.0,,,,Plein jour,Hors agglomération,Hors intersection,Normale,Deux véhicules - frontale,,,,,,,,,,,1,1,1,1,1
200500041223,0005-07-15 18:15:00,5,7,15,18,15,400,155.0,66 Rte de l'océan,,,Plein jour,En agglomération,Hors intersection,Temps couvert,Deux véhicules - arrière,,,,,,,,,,,1,2,1,8,2
200500041224,0005-07-20 11:30:00,5,7,20,11,30,400,150.0,,43.877,-1.287,Plein jour,Hors agglomération,Hors intersection,Normale,Deux véhicules - frontale,,,,,,,,,,,1,1,1,1,1
200500041225,0005-07-24 06:00:00,5,7,24,6,0,400,266.0,,,,Crépuscule ou aube,Hors agglomération,Autre intersection,Normale,Sans collision,,,,,,,,,,,2,1,9,1,7
200500041226,0005-07-30 19:45:00,5,7,30,19,45,400,266.0,,,,Plein jour,Hors agglomération,Hors intersection,Normale,Deux véhicules - côté,,,,,,,,,,,1,1,1,1,3
200500041227,0005-07-16 10:15:00,5,7,16,10,15,400,284.0,,,,Plein jour,Hors agglomération,Intersection en X,Normale,Deux véhicules - frontale,,,,,,,,,,,1,1,2,1,1
200500041228,0005-07-20 19:15:00,5,7,20,19,15,400,65.0,Avenue Montaigne,43.645,-1.427,Plein jour,En agglomération,Hors intersection,Normale,Trois véhicules et plus - collisions multiples,,,,,,,,,,,1,2,1,1,5
200500041229,0005-07-14 23:15:00,5,7,14,23,15,400,181.0,,43.802,-1.388,Nuit sans éclairage public,Hors agglomération,Hors intersection,Normale,Deux véhicules - arrière,,,,,,,,,,,3,1,1,1,2
200500041230,0005-07-16 00:55:00,5,7,16,0,55,400,168.0,,43.81,-1.19,Nuit sans éclairage public,Hors agglomération,Hors intersection,Normale,Trois véhicules et plus - collisions multiples,,,,,,,,,,,3,1,1,1,5
200500041231,0005-07-19 23:00:00,5,7,19,23,0,400,168.0,Avenue de la MAREMNE,43.781,-1.218,Nuit avec éclairage allumé,En agglomération,Hors intersection,Normale,Deux véhicules - côté,,,,,,,,,,,5,2,1,1,3
200500041232,0005-07-27 11:30:00,5,7,27,11,30,400,296.0,,43.69,-1.39,Plein jour,Hors agglomération,Hors intersection,Normale,Deux véhicules - frontale,,,,,,,,,,,1,1,1,1,1
200500041233,0005-07-03 23:45:00,5,7,3,23,45,400,287.0,,,,Nuit sans éclairage public,En agglomération,Hors intersection,Normale,Autre collision,,,,,,,,,,,3,2,1,1,6
200500041234,0005-07-08 18:45:00,5,7,8,18,45,400,46.0,,,,Plein jour,Hors agglomération,Hors intersection,Normale,Deux véhicules - frontale,,,,,,,,,,,1,1,1,1,1
200500041235,0005-07-11 23:15:00,5,7,11,23,15,400,46.0,,,,Nuit sans éclairage public,Hors agglomération,Hors intersection,Normale,Trois véhicules et plus - collisions multiples,,,,,,,,,,,3,1,1,1,5
200500041236,0005-07-14 13:00:00,5,7,14,13,0,400,332.0,,,,Plein jour,Hors agglomération,Hors intersection,Normale,Autre collision,,,,,,,,,,,1,1,1,1,6
200500041237,0005-07-17 06:00:00,5,7,17,6,0,400,46.0,rue des alouettes,,,Nuit avec éclairage allumé,En agglomération,Hors intersection,Normale,Autre collision,,,,,,,,,,,5,2,1,1,6
200500041238,0005-07-31 00:15:00,5,7,31,0,15,400,217.0,Rue Henri Guillaumet,,,Nuit avec éclairage allumé,En agglomération,Hors intersection,Normale,Deux véhicules - côté,,,,,,,,,,,5,2,1,1,3
200500041239,0005-07-08 19:45:00,5,7,8,19,45,400,303.0,lieu dit les Cottages,,,Plein jour,Hors agglomération,Hors intersection,Normale,Autre collision,,,,,,,,,,,1,1,1,1,6
200500041240,0005-07-09 08:50:00,5,7,9,8,50,400,303.0,CD 325,,,Plein jour,Hors agglomération,Autre intersection,Normale,Sans collision,,,,,,,,,,,1,1,9,1,7
200500041241,0005-07-01 11:45:00,5,7,1,11,45,400,182.0,,,,Plein jour,Hors agglomération,Hors intersection,Normale,Sans collision,,,,,,,,,,,1,1,1,1,7
200500041242,0005-07-20 09:30:00,5,7,20,9,30,400,282.0,CARREFOUR PERE,43.776,-0.569,Plein jour,En agglomération,Intersection en X,Normale,Trois véhicules et plus - collisions multiples,,,,,,,,,,,1,2,2,1,5
200500041243,0005-07-23 17:45:00,5,7,23,17,45,400,119.0,,,,Plein jour,Hors agglomération,Hors intersection,Normale,Autre collision,,,,,,,,,,,1,1,1,1,6
200500041244,0005-07-27 17:00:00,5,7,27,17,0,400,267.0,CAVIN,,,Plein jour,Hors agglomération,Hors intersection,Normale,Autre collision,,,,,,,,,,,1,1,1,1,6
200500041245,0005-07-07 16:45:00,5,7,7,16,45,470,31.0,RN113,,,Plein jour,En agglomération,Hors intersection,Normale,Deux véhicules - côté,,,,,,,,,,,1,2,1,1,3
200500041246,0005-07-08 17:30:00,5,7,8,17,30,470,31.0,St Pierre de gaubert,,,Plein jour,En agglomération,Autre intersection,Normale,Deux véhicules - frontale,,,,,,,,,,,1,2,9,1,1
200500041247,0005-07-11 18:45:00,5,7,11,18,45,470,15.0,,,,Plein jour,En agglomération,Hors intersection,Normale,Sans collision,,,,,,,,,,,1,2,1,1,7
200500041248,0005-07-19 12:30:00,5,7,19,12,30,470,32.0,,,,Plein jour,Hors agglomération,Hors intersection,Normale,Sans collision,,,,,,,,,,,1,1,1,1,7
200500041249,0005-07-13 19:00:00,5,7,13,19,0,470,4.0,avenue du 11 novembre,,,Plein jour,En agglomération,Hors intersection,Normale,Autre collision,,,,,,,,,,,1,2,1,1,6
200500041250,0005-07-26 15:15:00,5,7,26,15,15,470,217.0,,44.191,0.785,Plein jour,En agglomération,Hors intersection,Normale,Deux véhicules - frontale,,,,,,,,,,,1,2,1,1,1
200500041251,0005-07-03 15:45:00,5,7,3,15,45,470,165.0,,44.502,0.065,Crépuscule ou aube,Hors agglomération,Hors intersection,Normale,Autre collision,,,,,,,,,,,2,1,1,1,6
200500041252,0005-07-19 15:45:00,5,7,19,15,45,470,150.0,,44.472,0.233,Plein jour,Hors agglomération,Hors intersection,Normale,Autre collision,,,,,,,,,,,1,1,1,1,6
200500041253,0005-07-31 22:15:00,5,7,31,22,15,470,131.0,,44.563,0.118,Nuit sans éclairage public,Hors agglomération,Hors intersection,Normale,Sans collision,,,,,,,,,,,3,1,1,1,7
200500041254,0005-07-27 15:30:00,5,7,27,15,30,470,310.0,,44.409,0.298,Plein jour,Hors agglomération,Hors intersection,Normale,Trois véhicules et plus - collisions multiples,,,,,,,,,,,1,1,1,1,5
200500041255,0005-07-28 14:00:00,5,7,28,14,0,470,110.0,,,,Plein jour,Hors agglomération,Hors intersection,Normale,Trois véhicules et plus - en chaîne,,,,,,,,,,,1,1,1,1,4
200500041256,0005-07-13 14:30:00,5,7,13,14,30,470,52.0,Route de Belloc,44.327,0.082,Plein jour,En agglomération,Hors intersection,Normale,Deux véhicules - côté,,,,,,,,,,,1,2,1,1,3
200500041257,0005-07-22 16:05:00,5,7,22,16,5,470,315.0,Lanave,,,Plein jour,Hors agglomération,Hors intersection,Normale,Trois véhicules et plus - collisions multiples,,,,,,,,,,,1,1,1,1,5
200500041258,0005-07-01 02:00:00,5,7,1,2,0,470,324.0,,,,Nuit sans éclairage public,Hors agglomération,Hors intersection,Normale,Sans collision,,,,,,,,,,,3,1,1,1,7
200500041259,0005-07-04 07:15:00,5,7,4,7,15,470,48.0,PECHARGOUILLET,44.533,0.627,Plein jour,En agglomération,Hors intersection,Pluie légère,Deux véhicules - frontale,,,,,,,,,,,1,2,1,2,1
200500041260,0005-07-09 18:00:00,5,7,9,18,0,470,164.0,,,,Plein jour,Hors agglomération,Hors intersection,Normale,Autre collision,,,,,,,,,,,1,1,1,1,6
200500041261,0005-07-10 06:00:00,5,7,10,6,0,470,37.0,,44.658,0.669,Crépuscule ou aube,Hors agglomération,Hors intersection,Normale,Autre collision,,,,,,,,,,,2,1,1,1,6
200500041262,0005-07-29 20:00:00,5,7,29,20,0,470,57.0,,44.666,0.612,Plein jour,Hors agglomération,Hors intersection,Normale,Deux véhicules - côté,,,,,,,,,,,1,1,1,1,3
200500041263,0005-07-07 12:45:00,5,7,7,12,45,470,77.0,CD 162 - PK 3 + 500,,,Plein jour,Hors agglomération,Hors intersection,Normale,Autre collision,,,,,,,,,,,1,1,1,1,6