accident_id,datetime,annee,mois,jour,heure,minute,departement,commune_insee,adresse,latitude,longitude,luminosite,agglomeration,intersection,meteo,collision,nb_vehicules,nb_usagers,nb_indemnes,nb_tues,nb_blesses_hosp,nb_blesses_legers,age_cond_1,age_cond_2,veh_type_cond_1,veh_type_cond_2,lum_code,agg_code,int_code,atm_code,col_code
200500041264,0005-07-02 10:30:00,5,7,2,10,30,470,71.0,,,,Plein jour,Hors agglomération,Hors intersection,Normale,Sans collision,,,,,,,,,,,1,1,1,1,7
200500041265,0005-07-29 19:00:00,5,7,29,19,0,470,306.0,,44.396,0.483,Plein jour,Hors agglomération,Hors intersection,Normale,Deux véhicules - côté,,,,,,,,,,,1,1,1,1,3
200500041266,0005-07-28 19:30:00,5,7,28,19,30,640,230.0,RN134-Cote de bel air,43.169,-0.443,Plein jour,Hors agglomération,Hors intersection,Pluie forte,Autre collision,,,,,,,,,,,1,1,1,3,6
200500041267,0005-07-30 13:30:00,5,7,30,13,30,640,478.0,,43.302,-0.448,Plein jour,Hors agglomération,Hors intersection,Normale,Sans collision,,,,,,,,,,,1,1,1,1,7
200500041268,0005-07-02 18:30:00,5,7,2,18,30,640,358.0,,43.231,-0.189,Plein jour,Hors agglomération,Hors intersection,Temps éblouissant,Deux véhicules - frontale,,,,,,,,,,,1,1,1,7,1
200500041269,0005-07-20 22:45:00,5,7,20,22,45,640,454.0,,,,Nuit sans éclairage public,Hors agglomération,Hors intersection,Normale,Trois véhicules et plus - collisions multiples,,,,,,,,,,,3,1,1,1,5
200500041270,0005-07-08 08:15:00,5,7,8,8,15,640,560.0,,,,Plein jour,Hors agglomération,Hors intersection,Normale,Autre collision,,,,,,,,,,,1,1,1,1,6
200500041271,0005-07-05 07:45:00,5,7,5,7,45,640,496.0,Chemin Mispiracoïtz,,,Plein jour,En agglomération,Hors intersection,Normale,Trois véhicules et plus - collisions multiples,,,,,,,,,,,1,2,1,1,5
200500041272,0005-07-31 17:45:00,5,7,31,17,45,640,496.0,Avenue du Labourd,,,Plein jour,En agglomération,Hors intersection,Normale,Deux véhicules - côté,,,,,,,,,,,1,2,1,1,3
200500041273,0005-07-24 23:15:00,5,7,24,23,15,640,147.0,maison Elichaldea,43.459,-1.334,Nuit sans éclairage public,En agglomération,Hors intersection,Normale,Autre collision,,,,,,,,,,,3,2,1,1,6
200500041274,0005-07-14 02:45:00,5,7,14,2,45,640,547.0,Rue du bourg,,,Nuit avec éclairage non allumé,En agglomération,Hors intersection,Normale,Deux véhicules - frontale,,,,,,,,,,,4,2,1,1,1
200500041275,0005-07-20 17:00:00,5,7,20,17,0,640,547.0,rue hiribéhère,,,Plein jour,En agglomération,Hors intersection,Normale,Deux véhicules - frontale,,,,,,,,,,,1,2,1,1,1
200500041276,0005-07-21 10:00:00,5,7,21,10,0,640,231.0,,43.202,-0.914,Plein jour,Hors agglomération,Hors intersection,Normale,Autre collision,,,,,,,,,,,1,1,1,1,6
200500041277,0005-07-05 11:30:00,5,7,5,11,30,640,477.0,D 15,43.187,-1.334,Plein jour,En agglomération,Giratoire,Normale,Sans collision,,,,,,,,,,,1,2,6,1,7
200500041278,0005-07-09 12:45:00,5,7,9,12,45,640,484.0,CD 933,,,Plein jour,Hors agglomération,Hors intersection,Normale,Deux véhicules - côté,,,,,,,,,,,1,1,1,1,3
200500041279,0005-07-19 15:30:00,5,7,19,15,30,640,485.0,quartier Eyharaberry,43.164,-1.23,Plein jour,En agglomération,Hors intersection,Normale,Autre collision,,,,,,,,,,,1,2,1,1,6
200500041280,0005-07-07 19:25:00,5,7,7,19,25,640,422.0,Place de Jaca,,,Plein jour,En agglomération,Hors intersection,Normale,Deux véhicules - frontale,,,,,,,,,,,1,2,1,1,1
200500041281,0005-07-26 08:00:00,5,7,26,8,0,640,422.0,rue du coq,43.197,-0.606,Plein jour,En agglomération,Hors intersection,Normale,Deux véhicules - frontale,,,,,,,,,,,1,2,1,1,1
200500041282,0005-07-12 17:50:00,5,7,12,17,50,640,186.0,,,,Plein jour,Hors agglomération,Hors intersection,Normale,Deux véhicules - côté,,,,,,,,,,,1,1,1,1,3
200500041283,0005-07-23 19:00:00,5,7,23,19,0,640,430.0,,43.472,-0.709,Plein jour,Hors agglomération,Hors intersection,Normale,Autre collision,,,,,,,,,,,1,1,1,1,6
200500041284,0005-07-24 05:45:00,5,7,24,5,45,640,430.0,"RN 117, route de Bayonne",43.494,-0.795,Nuit avec éclairage allumé,En agglomération,Hors intersection,Normale,Autre collision,,,,,,,,,,,5,2,1,1,6
200500041285,0005-07-18 03:00:00,5,7,18,3,0,640,301.0,,43.401,-0.658,Nuit sans éclairage public,Hors agglomération,Hors intersection,Normale,Autre collision,,,,,,,,,,,3,1,1,1,6
200500041286,0005-07-19 19:00:00,5,7,19,19,0,640,431.0,,43.39,-0.592,Plein jour,Hors agglomération,Hors intersection,Normale,Deux véhicules - arrière,,,,,,,,,,,1,1,1,1,2
200500041287,0005-07-01 18:45:00,5,7,1,18,45,640,176.0,,,,Plein jour,Hors agglomération,Hors intersection,Normale,Deux véhicules - frontale,,,,,,,,,,,1,1,1,1,1
200500041288,0005-07-09 02:30:00,5,7,9,2,30,640,499.0,route du martinaa,,,Plein jour,En agglomération,Hors intersection,Normale,Autre collision,,,,,,,,,,,1,2,1,1,6
200500041289,0005-07-25 05:45:00,5,7,25,5,45,640,462.0,RN 117,43.519,-0.881,Nuit sans éclairage public,Hors agglomération,Hors intersection,Normale,Deux véhicules - frontale,,,,,,,,,,,3,1,1,1,1
200500041290,0005-07-26 07:00:00,5,7,26,7,0,860,114.0,,,,Plein jour,Hors agglomération,Hors intersection,Normale,Deux véhicules - frontale,,,,,,,,,,,1,1,1,1,1
200500041291,0005-07-24 08:45:00,5,7,24,8,45,860,163.0,,,,Plein jour,Hors agglomération,Autre intersection,Pluie forte,Autre collision,,,,,,,,,,,1,1,9,3,6
200500041292,0005-07-12 12:15:00,5,7,12,12,15,860,139.0,,,,Plein jour,Hors agglomération,Hors intersection,Normale,Sans collision,,,,,,,,,,,1,1,1,1,7
200500041293,0005-07-31 05:45:00,5,7,31,5,45,860,253.0,,,,Crépuscule ou aube,Hors agglomération,Hors intersection,Normale,Sans collision,,,,,,,,,,,2,1,1,1,7
200500041294,0005-07-03 02:45:00,5,7,3,2,45,860,76.0,,,,Nuit sans éclairage public,Hors agglomération,Hors intersection,Normale,Deux véhicules - frontale,,,,,,,,,,,3,1,1,1,1
200500041295,0005-07-16 17:10:00,5,7,16,17,10,860,276.0,RD 727 - PK 55 + 500,,,Plein jour,Hors agglomération,Hors intersection,Normale,Autre collision,,,,,,,,,,,1,1,1,1,6
200500041296,0005-07-22 16:00:00,5,7,22,16,0,860,221.0,,,,Plein jour,Hors agglomération,Hors intersection,Normale,Deux véhicules - frontale,,,,,,,,,,,1,1,1,1,1
200500041297,0005-07-02 06:45:00,5,7,2,6,45,860,193.0,Route du paradis,,,Crépuscule ou aube,En agglomération,Hors intersection,Normale,Autre collision,,,,,,,,,,,2,2,1,1,6
200500041298,0005-07-16 04:30:00,5,7,16,4,30,860,245.0,,,,Nuit sans éclairage public,Hors agglomération,Hors intersection,Normale,Autre collision,,,,,,,,,,,3,1,1,1,6
200500041299,0005-07-17 20:15:00,5,7,17,20,15,860,129.0,grande rue,,,Nuit avec éclairage allumé,En agglomération,Hors intersection,Normale,Autre collision,,,,,,,,,,,5,2,1,1,6
200500041300,0005-07-23 16:00:00,5,7,23,16,0,860,288.0,,46.723,0.822,Plein jour,Hors agglomération,Hors intersection,Normale,Deux véhicules - frontale,,,,,,,,,,,1,1,1,1,1
200500041301,0005-07-08 15:15:00,5,7,8,15,15,860,108.0,,46.796,-0.001,Plein jour,Hors agglomération,Hors intersection,Normale,Deux véhicules - frontale,,,,,,,,,,,1,1,1,1,1
200500041302,0005-07-30 17:45:00,5,7,30,17,45,860,201.0,,,,Plein jour,Hors agglomération,Hors intersection,Normale,Deux véhicules - côté,,,,,,,,,,,1,1,1,1,3
200500041303,0005-07-03 17:15:00,5,7,3,17,15,860,70.0,,46.58,0.65,Plein jour,Hors agglomération,Hors intersection,Normale,Deux véhicules - frontale,,,,,,,,,,,1,1,1,1,1
200500041304,0005-07-21 15:45:00,5,7,21,15,45,860,55.0,,46.198,0.415,Plein jour,Hors agglomération,Hors intersection,Normale,Deux véhicules - frontale,,,,,,,,,,,1,1,1,1,1
200500041305,0005-07-21 16:30:00,5,7,21,16,30,860,29.0,,46.22,0.289,Plein jour,Hors agglomération,Intersection à plus de 4 branches,Normale,Deux véhicules - côté,,,,,,,,,,,1,1,5,1,3
200500041306,0005-07-18 16:15:00,5,7,18,16,15,860,159.0,,46.218,0.7,Plein jour,Hors agglomération,Hors intersection,Normale,Autre collision,,,,,,,,,,,1,1,1,1,6
200500041307,0005-07-30 12:45:00,5,7,30,12,45,860,140.0,Avenue du Recteur PINEAU,,,Plein jour,En agglomération,Hors intersection,Normale,Autre collision,,,,,,,,,,,1,2,1,1,6
200500041308,0005-07-30 11:15:00,5,7,30,11,15,860,131.0,"Bel Air , RN 147",,,Plein jour,Hors agglomération,Hors intersection,Normale,Autre collision,,,,,,,,,,,1,1,1,1,6
200500041309,0005-07-02 18:30:00,5,7,2,18,30,860,236.0,route de la bussière,46.684,0.838,Plein jour,En agglomération,Hors intersection,Normale,Sans collision,,,,,,,,,,,1,2,1,1,7
200500041310,0005-07-13 00:15:00,5,7,13,0,15,860,118.0,,46.451,0.979,Nuit sans éclairage public,Hors agglomération,Hors intersection,Normale,Autre collision,,,,,,,,,,,3,1,1,1,6
200500041311,0005-07-19 21:00:00,5,7,19,21,0,160,201.0,,,,Plein jour,Hors agglomération,Hors intersection,Normale,Deux véhicules - frontale,,,,,,,,,,,1,1,1,1,1
200500041312,0005-07-30 00:15:00,5,7,30,0,15,160,236.0,8 rue de la cote à Bourn,,,Nuit avec éclairage allumé,En agglomération,Hors intersection,Normale,Autre collision,,,,,,,,,,,5,2,1,1,6
200500041313,0005-07-12 18:30:00,5,7,12,18,30,160,254.0,,45.362,0.247,Plein jour,Hors agglomération,Hors intersection,Normale,Autre collision,,,,,,,,,,,1,1,1,1,6
200500041314,0005-07-01 18:30:00,5,7,1,18,30,160,359.0,,45.612,-0.365,Plein jour,Hors agglomération,Hors intersection,Normale,Deux véhicules - côté,,,,,,,,,,,1,1,1,1,3
200500041315,0005-07-05 13:10:00,5,7,5,13,10,160,193.0,Bujard Lorgère,,,Plein jour,Hors agglomération,Hors intersection,Normale,Deux véhicules - frontale,,,,,,,,,,,1,1,1,1,1
200500041316,0005-07-15 15:00:00,5,7,15,15,0,160,342.0,,45.547,-0.27,Plein jour,Hors agglomération,Hors intersection,Normale,Sans collision,,,,,,,,,,,1,1,1,1,7
200500041317,0005-07-08 18:15:00,5,7,8,18,15,160,30.0,,45.499,-0.217,Plein jour,Hors agglomération,Hors intersection,Normale,Deux véhicules - côté,,,,,,,,,,,1,1,1,1,3
200500041318,0005-07-29 10:00:00,5,7,29,10,0,160,28.0,Le bois renard,,,Plein jour,Hors agglomération,Hors intersection,Normale,Autre collision,,,,,,,,,,,1,1,1,1,6
200500041319,0005-07-07 09:00:00,5,7,7,9,0,160,16.0,La tulette,,,Plein jour,En agglomération,Hors intersection,Normale,Deux véhicules - côté,,,,,,,,,,,1,2,1,1,3
200500041320,0005-07-10 08:45:00,5,7,10,8,45,160,128.0,,,,Plein jour,Hors agglomération,Hors intersection,Normale,Sans collision,,,,,,,,,,,1,1,1,1,7
200500041321,0005-07-29 14:45:00,5,7,29,14,45,160,132.0,,,,Plein jour,Hors agglomération,Hors intersection,Temps couvert,Deux véhicules - frontale,,,,,,,,,,,1,1,1,8,1
200500041322,0005-07-29 18:30:00,5,7,29,18,30,160,132.0,Rue principale,,,Plein jour,En agglomération,Hors intersection,Normale,Deux véhicules - côté,,,,,,,,,,,1,2,1,1,3
200500041323,0005-07-17 11:15:00,5,7,17,11,15,160,35.0,LE BOURG,,,Plein jour,En agglomération,Hors intersection,Normale,Deux véhicules - côté,,,,,,,,,,,1,2,1,1,3
200500041324,0005-07-21 13:30:00,5,7,21,13,30,160,308.0,,,,Plein jour,En agglomération,Hors intersection,Normale,Deux véhicules - frontale,,,,,,,,,,,1,2,1,1,1
200500041325,0005-07-02 17:15:00,5,7,2,17,15,160,55.0,,45.629,0.34,Plein jour,Hors agglomération,Hors intersection,Normale,Deux véhicules - frontale,,,,,,,,,,,1,1,1,1,1
200500041326,0005-07-18 15:35:00,5,7,18,15,35,160,425.0,les cossardières,,,Plein jour,Hors agglomération,Hors intersection,Normale,Sans collision,,,,,,,,,,,1,1,1,1,7
200500041327,0005-07-24 16:30:00,5,7,24,16,30,160,425.0,,,,Plein jour,Hors agglomération,Hors intersection,Normale,Sans collision,,,,,,,,,,,1,1,1,1,7
200500041328,0005-07-24 11:00:00,5,7,24,11,0,160,379.0,Chez Patarin,,,Plein jour,Hors agglomération,Intersection en X,Temps couvert,Autre collision,,,,,,,,,,,1,1,2,8,6
200500041329,0005-07-31 22:00:00,5,7,31,22,0,160,156.0,", au lieu dit les groges",,,Nuit sans éclairage public,Hors agglomération,Autre intersection,Normale,Sans collision,,,,,,,,,,,3,1,9,1,7
200500041330,0005-07-26 16:15:00,5,7,26,16,15,170,407.0,RUE DE L AUNIS,,,Plein jour,En agglomération,Hors intersection,Normale,Sans collision,,,,,,,,,,,1,2,1,1,7
200500041331,0005-07-15 19:45:00,5,7,15,19,45,170,94.0,,,,Plein jour,Hors agglomération,Hors intersection,Normale,Deux véhicules - frontale,,,,,,,,,,,1,1,1,1,1
200500041332,0005-07-27 03:45:00,5,7,27,3,45,170,193.0,CD111,,,Nuit avec éclairage allumé,En agglomération,Hors intersection,Normale,Autre collision,,,,,,,,,,,5,2,1,1,6
200500041333,0005-07-18 15:05:00,5,7,18,15,5,170,91.0,les vieilles vrillandes,,,Plein jour,Hors agglomération,Hors intersection,Normale,Trois véhicules et plus - collisions multiples,,,,,,,,,,,1,1,1,1,5
200500041334,0005-07-22 09:30:00,5,7,22,9,30,170,127.0,,46.231,-0.811,Plein jour,Hors agglomération,Hors intersection,Normale,Deux véhicules - arrière,,,,,,,,,,,1,1,1,1,2
200500041335,0005-07-07 11:00:00,5,7,7,11,0,170,51.0,RUE DE LA CROIX BLANCHE,,,Plein jour,En agglomération,Hors intersection,Normale,Autre collision,,,,,,,,,,,1,2,1,1,6
200500041336,0005-07-08 20:45:00,5,7,8,20,45,170,360.0,Cours des JARRIERE,,,Crépuscule ou aube,En agglomération,Hors intersection,Normale,Autre collision,,,,,,,,,,,2,2,1,1,6
200500041337,0005-07-13 16:00:00,5,7,13,16,0,170,19.0,RD 735,,,Plein jour,En agglomération,Hors intersection,Normale,Deux véhicules - frontale,,,,,,,,,,,1,2,1,1,1
200500041338,0005-07-05 19:30:00,5,7,5,19,30,170,372.0,lieu dit Maison Neuve,,,Plein jour,Hors agglomération,Hors intersection,Normale,Deux véhicules - frontale,,,,,,,,,,,1,1,1,1,1
200500041339,0005-07-07 17:45:00,5,7,7,17,45,170,197.0,CARREFOUR HENRI DUNANT,45.449,-0.433,Plein jour,En agglomération,Hors intersection,Normale,Deux véhicules - côté,,,,,,,,,,,1,2,1,1,3
200500041340,0005-07-30 18:15:00,5,7,30,18,15,170,339.0,,45.474,-0.445,Plein jour,Hors agglomération,Hors intersection,Normale,Trois véhicules et plus - collisions multiples,,,,,,,,,,,1,1,1,1,5
200500041341,0005-07-02 14:00:00,5,7,2,14,0,170,331.0,,45.492,-0.566,Plein jour,Hors agglomération,Hors intersection,Normale,Autre collision,,,,,,,,,,,1,1,1,1,6
200500041342,0005-07-05 18:00:00,5,7,5,18,0,170,430.0,18 ave du Périgord,45.357,-0.51,Plein jour,En agglomération,Hors intersection,Normale,Deux véhicules - côté,,,,,,,,,,,1,2,1,1,3
200500041343,0005-07-20 20:15:00,5,7,20,20,15,170,250.0,,,,Crépuscule ou aube,Hors agglomération,Hors intersection,Normale,Deux véhicules - arrière,,,,,,,,,,,2,1,1,1,2
200500041344,0005-07-26 16:00:00,5,7,26,16,0,170,116.0,,45.4,-0.59,Plein jour,Hors agglomération,Hors intersection,Normale,Deux véhicules - côté,,,,,,,,,,,1,1,1,1,3
200500041345,0005-07-27 20:45:00,5,7,27,20,45,170,279.0,,,,Plein jour,Hors agglomération,Hors intersection,Normale,Autre collision,,,,,,,,,,,1,1,1,1,6
200500041346,0005-07-01 12:15:00,5,7,1,12,15,170,38.0,,45.211,-0.292,Plein jour,Hors agglomération,Hors intersection,Normale,Trois véhicules et plus - collisions multiples,,,,,,,,,,,1,1,1,1,5
200500041347,0005-07-09 05:30:00,5,7,9,5,30,170,99.0,,45.27,-0.34,Crépuscule ou aube,Hors agglomération,Hors intersection,Normale,Deux véhicules - frontale,,,,,,,,,,,2,1,1,1,1
200500041348,0005-07-18 18:00:00,5,7,18,18,0,170,219.0,RUE DE LA REPUBLIQUE,,,Plein jour,En agglomération,Hors intersection,Normale,Sans collision,,,,,,,,,,,1,2,1,1,7
200500041349,0005-07-29 20:15:00,5,7,29,20,15,170,351.0,,,,Crépuscule ou aube,Hors agglomération,Hors intersection,Normale,Trois véhicules et plus - collisions multiples,,,,,,,,,,,2,1,1,1,5
200500041350,0005-07-21 14:30:00,5,7,21,14,30,170,308.0,CD 123 Avenue de Gaulle,,,Plein jour,En agglomération,Hors intersection,Normale,Deux véhicules - arrière,,,,,,,,,,,1,2,1,1,2
200500041351,0005-07-12 00:01:00,5,7,12,0,1,170,385.0,,,,Nuit sans éclairage public,Hors agglomération,Hors intersection,Normale,Sans collision,,,,,,,,,,,3,1,1,1,7
200500041352,0005-07-14 15:15:00,5,7,14,15,15,170,323.0,RUE DE LA SICARDE,,,Plein jour,En agglomération,Intersection en X,Normale,Deux véhicules - côté,,,,,,,,,,,1,2,2,1,3
200500041353,0005-07-22 02:15:00,5,7,22,2,15,170,140.0,LA REMIGEASSE,,,Nuit avec éclairage allumé,En agglomération,Hors intersection,Normale,Autre collision,,,,,,,,,,,5,2,1,1,6
200500041354,0005-07-11 16:45:00,5,7,11,16,45,170,225.0,,,,Plein jour,Hors agglomération,Hors intersection,Normale,Deux véhicules - frontale,,,,,,,,,,,1,1,1,1,1
200500041355,0005-07-29 10:00:00,5,7,29,10,0,170,452.0,Rue Benjamin Delessert,45.769,-1.142,Plein jour,En agglomération,Hors intersection,Pluie forte,Deux véhicules - côté,,,,,,,,,,,1,2,1,3,3
200500041356,0005-07-11 19:00:00,5,7,11,19,0,170,346.0,,45.918,-0.903,Plein jour,Hors agglomération,Hors intersection,Normale,Deux véhicules - frontale,,,,,,,,,,,1,1,1,1,1
200500041357,0005-07-21 15:15:00,5,7,21,15,15,170,65.0,CD5,45.986,-0.953,Plein jour,En agglomération,Hors intersection,Normale,Deux véhicules - côté,,,,,,,,,,,1,2,1,1,3
200500041358,0005-07-27 17:45:00,5,7,27,17,45,170,3.0,rue de l'angle,,,Plein jour,En agglomération,Giratoire,Normale,Deux véhicules - frontale,,,,,,,,,,,1,2,6,1,1
200500041359,0005-07-29 22:00:00,5,7,29,22,0,170,166.0,,46.107,-0.911,Nuit sans éclairage public,Hors agglomération,Hors intersection,Normale,Autre collision,,,,,,,,,,,3,1,1,1,6
200500041360,0005-07-15 06:00:00,5,7,15,6,0,170,164.0,,45.777,-0.577,Nuit sans éclairage public,Hors agglomération,Hors intersection,Normale,Autre collision,,,,,,,,,,,3,1,1,1,6
200500041361,0005-07-19 07:15:00,5,7,19,7,15,170,408.0,,,,Crépuscule ou aube,Hors agglomération,Hors intersection,Normale,Sans collision,,,,,,,,,,,2,1,1,1,7
200500041362,0005-07-19 10:30:00,5,7,19,10,30,170,255.0,,,,Plein jour,Hors agglomération,Hors intersection,Normale,Deux véhicules - arrière,,,,,,,,,,,1,1,1,1,2
200500041363,0005-07-01 09:45:00,5,7,1,9,45,170,69.0,CD 135 et 136,,,Plein jour,En agglomération,Hors intersection,Normale,Deux véhicules - côté,,,,,,,,,,,1,2,1,1,3
200500041364,0005-07-03 18:15:00,5,7,3,18,15,170,172.0,,,,Plein jour,Hors agglomération,Hors intersection,Normale,Trois véhicules et plus - collisions multiples,,,,,,,,,,,1,1,1,1,5
200500041365,0005-07-17 03:00:00,5,7,17,3,0,170,273.0,,,,Nuit sans éclairage public,Hors agglomération,Hors intersection,Normale,Sans collision,,,,,,,,,,,3,1,1,1,7
200500041366,0005-07-31 02:00:00,5,7,31,2,0,170,196.0,,45.576,-0.637,Nuit sans éclairage public,Hors agglomération,Hors intersection,Pluie légère,Autre collision,,,,,,,,,,,3,1,1,2,6
200500041367,0005-07-22 18:45:00,5,7,22,18,45,170,232.0,,,,Plein jour,Hors agglomération,Hors intersection,Normale,Deux véhicules - frontale,,,,,,,,,,,1,1,1,1,1
200500041368,0005-07-26 13:30:00,5,7,26,13,30,170,435.0,,,,Plein jour,Hors agglomération,Hors intersection,Normale,Autre collision,,,,,,,,,,,1,1,1,1,6
200500041369,0005-07-03 20:15:00,5,7,3,20,15,170,211.0,,46.066,-0.508,Plein jour,Hors agglomération,Hors intersection,Normale,Sans collision,,,,,,,,,,,1,1,1,1,7
200500041370,0005-07-06 22:30:00,5,7,6,22,30,170,101.0,Route de Matha,45.965,-0.339,Nuit avec éclairage allumé,En agglomération,Hors intersection,Normale,Autre collision,,,,,,,,,,,5,2,1,1,6
200500041371,0005-07-22 14:15:00,5,7,22,14,15,790,86.0,,46.415,-0.352,Plein jour,Hors agglomération,Hors intersection,Normale,Autre collision,,,,,,,,,,,1,1,1,1,6
200500041372,0005-07-29 19:00:00,5,7,29,19,0,790,276.0,,,,Plein jour,Hors agglomération,Hors intersection,Normale,Deux véhicules - côté,,,,,,,,,,,1,1,1,1,3
200500041373,0005-07-18 16:00:00,5,7,18,16,0,790,61.0,"""La Maison Neuve""",46.268,-0.181,Plein jour,En agglomération,Hors intersection,Normale,Autre collision,,,,,,,,,,,1,2,1,1,6
200500041374,0005-07-31 18:45:00,5,7,31,18,45,790,348.0,CD 1,46.125,-0.277,Plein jour,Hors agglomération,Hors intersection,Normale,Deux véhicules - côté,,,,,,,,,,,1,1,1,1,3
200500041375,0005-07-02 11:30:00,5,7,2,11,30,790,150.0,,46.14,0.166,Plein jour,Hors agglomération,Hors intersection,Normale,Deux véhicules - frontale,,,,,,,,,,,1,1,1,1,1
200500041376,0005-07-07 06:45:00,5,7,7,6,45,790,243.0,,,,Plein jour,Hors agglomération,Hors intersection,Normale,Autre collision,,,,,,,,,,,1,1,1,1,6
200500041377,0005-07-19 19:45:00,5,7,19,19,45,790,151.0,,,,Plein jour,Hors agglomération,Hors intersection,Normale,Deux véhicules - frontale,,,,,,,,,,,1,1,1,1,1
200500041378,0005-07-27 20:45:00,5,7,27,20,45,790,83.0,rue de la Laiterie,,,Plein jour,En agglomération,Hors intersection,Temps éblouissant,Autre collision,,,,,,,,,,,1,2,1,7,6
200500041379,0005-07-13 07:45:00,5,7,13,7,45,790,225.0,,46.535,-0.184,Plein jour,Hors agglomération,Hors intersection,Normale,Sans collision,,,,,,,,,,,1,1,1,1,7
200500041380,0005-07-15 02:00:00,5,7,15,2,0,790,5.0,rue du Puit BERTHELOT  -,,,Nuit sans éclairage public,En agglomération,Hors intersection,Normale,Autre collision,,,,,,,,,,,3,2,1,1,6
200500041381,0005-07-07 19:00:00,5,7,7,19,0,870,201.0,,45.865,1.132,Plein jour,Hors agglomération,Hors intersection,Normale,Deux véhicules - côté,,,,,,,,,,,1,1,1,1,3
200500041382,0005-07-14 12:15:00,5,7,14,12,15,870,178.0,Carrefour du Buisson,,,Plein jour,En agglomération,Intersection en X,Normale,Deux véhicules - côté,,,,,,,,,,,1,2,2,1,3
200500041383,0005-07-09 13:30:00,5,7,9,13,30,870,152.0,CD 28,,,Plein jour,Hors agglomération,Hors intersection,Pluie légère,Autre collision,,,,,,,,,,,1,1,1,2,6
200500041384,0005-07-14 11:15:00,5,7,14,11,15,870,202.0,La bouteille,,,Plein jour,Hors agglomération,Hors intersection,Normale,Deux véhicules - frontale,,,,,,,,,,,1,1,1,1,1
200500041385,0005-07-25 10:30:00,5,7,25,10,30,870,202.0,"Lieudit ""Beauvalet""",,,Plein jour,Hors agglomération,Hors intersection,Pluie légère,Trois véhicules et plus - collisions multiples,,,,,,,,,,,1,1,1,2,5
200500041386,0005-07-22 21:45:00,5,7,22,21,45,870,187.0,carrefour rue Victor Hug,,,Nuit avec éclairage allumé,En agglomération,Hors intersection,Normale,Deux véhicules - côté,,,,,,,,,,,5,2,1,1,3
200500041387,0005-07-24 10:45:00,5,7,24,10,45,870,32.0,,,,Plein jour,Hors agglomération,Hors intersection,Normale,Deux véhicules - frontale,,,,,,,,,,,1,1,1,1,1
200500041388,0005-07-26 18:45:00,5,7,26,18,45,870,49.0,,,,Plein jour,Hors agglomération,Hors intersection,Normale,Deux véhicules - frontale,,,,,,,,,,,1,1,1,1,1
200500041389,0005-07-03 05:00:00,5,7,3,5,0,870,109.0,,46.24,1.05,Crépuscule ou aube,Hors agglomération,Hors intersection,Normale,Sans collision,,,,,,,,,,,2,1,1,1,7
200500041390,0005-07-03 12:00:00,5,7,3,12,0,870,100.0,,46.03,0.95,Plein jour,Hors agglomération,Hors intersection,Normale,Trois véhicules et plus - collisions multiples,,,,,,,,,,,1,1,1,1,5
200500041391,0005-07-03 14:15:00,5,7,3,14,15,870,136.0,,,,Plein jour,Hors agglomération,Hors intersection,Normale,Autre collision,,,,,,,,,,,1,1,1,1,6
200500041392,0005-07-22 10:55:00,5,7,22,10,55,870,59.0,la caille,,,Plein jour,Hors agglomération,Hors intersection,Temps éblouissant,Deux véhicules - arrière,,,,,,,,,,,1,1,1,7,2
200500041393,0005-07-31 05:45:00,5,7,31,5,45,870,139.0,Le bourg,,,Crépuscule ou aube,En agglomération,Autre intersection,Normale,Deux véhicules - arrière,,,,,,,,,,,2,2,9,1,2
200500041394,0005-07-14 17:45:00,5,7,14,17,45,870,173.0,,46.07,1.304,Plein jour,Hors agglomération,Hors intersection,Normale,Deux véhicules - frontale,,,,,,,,,,,1,1,1,1,1
200500041395,0005-07-30 19:15:00,5,7,30,19,15,870,197.0,,46.009,1.206,Plein jour,Hors agglomération,Hors intersection,Normale,Autre collision,,,,,,,,,,,1,1,1,1,6
200500041396,0005-07-13 22:30:00,5,7,13,22,30,870,180.0,,46.187,1.292,Nuit avec éclairage allumé,Hors agglomération,Hors intersection,Normale,Deux véhicules - frontale,,,,,,,,,,,5,1,1,1,1
200500041397,0005-07-25 17:00:00,5,7,25,17,0,870,206.0,,46.17,1.215,Nuit sans éclairage public,Hors agglomération,Hors intersection,Normale,Sans collision,,,,,,,,,,,3,1,1,1,7
200500041398,0005-07-28 17:30:00,5,7,28,17,30,870,160.0,,46.309,1.29,Plein jour,Hors agglomération,Hors intersection,Normale,Autre collision,,,,,,,,,,,1,1,1,1,6
200500041399,0005-07-03 05:30:00,5,7,3,5,30,870,185.0,Lieu-dit ''les granges'',,,Crépuscule ou aube,Hors agglomération,Hors intersection,Normale,Autre collision,,,,,,,,,,,2,1,1,1,6