accident_id,datetime,annee,mois,jour,heure,minute,departement,commune_insee,adresse,latitude,longitude,luminosite,agglomeration,intersection,meteo,collision,nb_vehicules,nb_usagers,nb_indemnes,nb_tues,nb_blesses_hosp,nb_blesses_legers,age_cond_1,age_cond_2,veh_type_cond_1,veh_type_cond_2,lum_code,agg_code,int_code,atm_code,col_code
200500041400,0005-07-10 10:00:00,5,7,10,10,0,870,140.0,La Malaise,,,Plein jour,Hors agglomération,Hors intersection,Normale,Trois véhicules et plus - collisions multiples,,,,,,,,,,,1,1,1,1,5
200500041401,0005-07-02 16:15:00,5,7,2,16,15,190,96.0,"Au lieu-dit ""Les Jordes""",45.206,1.831,Plein jour,Hors agglomération,Hors intersection,Normale,Deux véhicules - frontale,,,,,,,,,,,1,1,1,1,1
200500041402,0005-07-22 21:15:00,5,7,22,21,15,190,146.0,,45.318,1.772,Plein jour,En agglomération,Hors intersection,Normale,Deux véhicules - côté,,,,,,,,,,,1,2,1,1,3
200500041403,0005-07-13 22:45:00,5,7,13,22,45,190,10.0,Route du Longour,45.1,1.935,Nuit avec éclairage allumé,En agglomération,Hors intersection,Normale,Autre collision,,,,,,,,,,,5,2,1,1,6
200500041404,0005-07-10 16:00:00,5,7,10,16,0,190,73.0,,,,Plein jour,Hors agglomération,Hors intersection,Normale,Autre collision,,,,,,,,,,,1,1,1,1,6
200500041405,0005-07-17 10:15:00,5,7,17,10,15,190,249.0,,45.456,1.976,Plein jour,Hors agglomération,Intersection en T,Normale,Deux véhicules - côté,,,,,,,,,,,1,1,3,1,3
200500041406,0005-07-03 19:50:00,5,7,3,19,50,190,240.0,"""Sérézat""",,,Plein jour,Hors agglomération,Hors intersection,Normale,Autre collision,,,,,,,,,,,1,1,1,1,6
200500041407,0005-07-11 15:15:00,5,7,11,15,15,190,37.0,,45.46,1.724,Plein jour,Hors agglomération,Hors intersection,Normale,Deux véhicules - frontale,,,,,,,,,,,1,1,1,1,1
200500041408,0005-07-23 13:30:00,5,7,23,13,30,190,276.0,Le bois de Phili,45.445,1.603,Plein jour,Hors agglomération,Hors intersection,Normale,Deux véhicules - frontale,,,,,,,,,,,1,1,1,1,1
200500041409,0005-07-02 20:15:00,5,7,2,20,15,190,31.0,,45.145,1.464,Plein jour,Hors agglomération,Hors intersection,Normale,Autre collision,,,,,,,,,,,1,1,1,1,6
200500041410,0005-07-03 14:45:00,5,7,3,14,45,190,191.0,,,,Crépuscule ou aube,En agglomération,Autre intersection,Normale,Sans collision,,,,,,,,,,,2,2,9,1,7
200500041411,0005-07-03 23:00:00,5,7,3,23,0,190,124.0,CARREFOUR D39 - D147,45.145,1.367,Nuit sans éclairage public,En agglomération,Hors intersection,Normale,Deux véhicules - côté,,,,,,,,,,,3,2,1,1,3
200500041412,0005-07-03 14:30:00,5,7,3,14,30,190,152.0,,45.041,1.798,Nuit sans éclairage public,Hors agglomération,Hors intersection,Normale,Sans collision,,,,,,,,,,,3,1,1,1,7
200500041413,0005-07-02 20:00:00,5,7,2,20,0,190,178.0,,45.273,1.52,Plein jour,Hors agglomération,Hors intersection,Normale,Deux véhicules - frontale,,,,,,,,,,,1,1,1,1,1
200500041414,0005-07-26 21:00:00,5,7,26,21,0,190,246.0,La Feyrie,45.23,1.449,Plein jour,En agglomération,Hors intersection,Normale,Deux véhicules - côté,,,,,,,,,,,1,2,1,1,3
200500041415,0005-07-09 13:35:00,5,7,9,13,35,190,230.0,La Louvie,,,Plein jour,Hors agglomération,Hors intersection,Pluie légère,Autre collision,,,,,,,,,,,1,1,1,2,6
200500041416,0005-07-22 20:30:00,5,7,22,20,30,190,11.0,Place du Château,,,Plein jour,En agglomération,Hors intersection,Normale,Autre collision,,,,,,,,,,,1,2,1,1,6
200500041417,0005-07-24 12:15:00,5,7,24,12,15,190,285.0,,,,Plein jour,Hors agglomération,Hors intersection,Normale,Autre collision,,,,,,,,,,,1,1,1,1,6
200500041418,0005-07-27 10:45:00,5,7,27,10,45,190,15.0,Le Soulet,,,Plein jour,Hors agglomération,Hors intersection,Normale,Autre collision,,,,,,,,,,,1,1,1,1,6
200500041419,0005-07-23 11:55:00,5,7,23,11,55,190,233.0,daubech,,,Plein jour,En agglomération,Hors intersection,Normale,Deux véhicules - arrière,,,,,,,,,,,1,2,1,1,2
200500041420,0005-07-24 18:20:00,5,7,24,18,20,190,180.0,RN 89 - Grande rue,,,Plein jour,En agglomération,Hors intersection,Normale,Deux véhicules - frontale,,,,,,,,,,,1,2,1,1,1
200500041421,0005-07-13 15:30:00,5,7,13,15,30,190,175.0,Le bourg,45.426,2.382,Plein jour,En agglomération,Hors intersection,Normale,Deux véhicules - côté,,,,,,,,,,,1,2,1,1,3
200500041422,0005-07-19 19:45:00,5,7,19,19,45,190,136.0,,45.538,2.154,Plein jour,Hors agglomération,Hors intersection,Normale,Deux véhicules - frontale,,,,,,,,,,,1,1,1,1,1
200500041423,0005-07-20 17:00:00,5,7,20,17,0,230,1.0,CD 942,46.091,2.048,Plein jour,En agglomération,Intersection en T,Normale,Deux véhicules - côté,,,,,,,,,,,1,2,3,1,3
200500041424,0005-07-09 20:30:00,5,7,9,20,30,230,70.0,"t-villeneuve"" sur CD 913",,,Crépuscule ou aube,Hors agglomération,Intersection en X,Normale,Deux véhicules - côté,,,,,,,,,,,2,1,2,1,3
200500041425,0005-07-15 14:15:00,5,7,15,14,15,230,2.0,,,,Plein jour,Hors agglomération,Hors intersection,Normale,Autre collision,,,,,,,,,,,1,1,1,1,6
200500041426,0005-07-25 10:45:00,5,7,25,10,45,230,4.0,,46.254,1.845,Plein jour,Hors agglomération,Intersection en X,Normale,Deux véhicules - côté,,,,,,,,,,,1,1,2,1,3
200500041427,0005-07-11 10:15:00,5,7,11,10,15,230,180.0,,,,Plein jour,Hors agglomération,Hors intersection,Normale,Autre collision,,,,,,,,,,,1,1,1,1,6
200500041428,0005-07-20 19:00:00,5,7,20,19,0,230,137.0,,46.097,1.603,Plein jour,Hors agglomération,Hors intersection,Normale,Deux véhicules - frontale,,,,,,,,,,,1,1,1,1,1
200500041429,0005-07-02 20:45:00,5,7,2,20,45,310,44.0,AVENUE DE LA PLAINE,,,Plein jour,En agglomération,Hors intersection,Normale,Autre collision,,,,,,,,,,,1,2,1,1,6
200500041430,0005-07-16 14:30:00,5,7,16,14,30,310,184.0,,,,Plein jour,Hors agglomération,Hors intersection,Normale,Autre collision,,,,,,,,,,,1,1,1,1,6
200500041431,0005-07-17 19:30:00,5,7,17,19,30,310,44.0,,,,Plein jour,Hors agglomération,Hors intersection,Normale,Deux véhicules - frontale,,,,,,,,,,,1,1,1,1,1
200500041432,0005-07-22 08:30:00,5,7,22,8,30,310,355.0,Avenue du lauragais,,,Plein jour,En agglomération,Hors intersection,Normale,Autre collision,,,,,,,,,,,1,2,1,1,6
200500041433,0005-07-17 01:30:00,5,7,17,1,30,310,113.0,RN 113,43.515,1.503,Nuit avec éclairage allumé,Hors agglomération,Hors intersection,Normale,Autre collision,,,,,,,,,,,5,1,1,1,6
200500041434,0005-07-19 08:00:00,5,7,19,8,0,310,358.0,av. du Chemin de Ronde,43.718,1.595,Plein jour,En agglomération,Hors intersection,Normale,Autre collision,,,,,,,,,,,1,2,1,1,6
200500041435,0005-07-25 21:00:00,5,7,25,21,0,310,118.0,Route de Toulouse,,,Crépuscule ou aube,En agglomération,Hors intersection,Normale,Deux véhicules - frontale,,,,,,,,,,,2,2,1,1,1
200500041436,0005-07-17 01:00:00,5,7,17,1,0,310,341.0,,43.744,1.264,Nuit sans éclairage public,Hors agglomération,Hors intersection,Normale,Autre collision,,,,,,,,,,,3,1,1,1,6
200500041437,0005-07-18 14:30:00,5,7,18,14,30,310,156.0,route de lectoure,,,Plein jour,En agglomération,Hors intersection,Normale,Autre collision,,,,,,,,,,,1,2,1,1,6
200500041438,0005-07-05 11:30:00,5,7,5,11,30,310,424.0,Route des vitarelles,,,Plein jour,En agglomération,Intersection en Y,Normale,Deux véhicules - frontale,,,,,,,,,,,1,2,4,1,1
200500041439,0005-07-26 10:30:00,5,7,26,10,30,310,291.0,,,,Plein jour,Hors agglomération,Hors intersection,Normale,Deux véhicules - côté,,,,,,,,,,,1,1,1,1,3
200500041440,0005-07-29 18:15:00,5,7,29,18,15,310,291.0,Bd du paradis,,,Plein jour,En agglomération,Hors intersection,Normale,Autre collision,,,,,,,,,,,1,2,1,1,6
200500041441,0005-07-10 22:45:00,5,7,10,22,45,310,433.0,CD 120,43.535,1.408,Nuit avec éclairage allumé,En agglomération,Hors intersection,Normale,Trois véhicules et plus - collisions multiples,,,,,,,,,,,5,2,1,1,5
200500041442,0005-07-16 18:00:00,5,7,16,18,0,310,446.0,LOUIS BRAILLE,,,Plein jour,En agglomération,Hors intersection,Normale,Deux véhicules - côté,,,,,,,,,,,1,2,1,1,3
200500041443,0005-07-26 12:00:00,5,7,26,12,0,310,446.0,72 AVENUE TOLOSANE,43.551,1.475,Plein jour,En agglomération,Hors intersection,Normale,Deux véhicules - frontale,,,,,,,,,,,1,2,1,1,1
200500041444,0005-07-30 12:15:00,5,7,30,12,15,310,446.0,AVENUE TOLOSANE,43.556,1.47,Plein jour,En agglomération,Intersection en T,Normale,Deux véhicules - côté,,,,,,,,,,,1,2,3,1,3
200500041445,0005-07-08 17:45:00,5,7,8,17,45,310,293.0,rue des lacs,,,Plein jour,En agglomération,Hors intersection,Normale,Deux véhicules - côté,,,,,,,,,,,1,2,1,1,3
200500041446,0005-07-22 18:00:00,5,7,22,18,0,310,182.0,RN 20 - PR 14+500 CROISS,43.693,1.405,Plein jour,En agglomération,Autre intersection,Temps éblouissant,Deux véhicules - côté,,,,,,,,,,,1,2,9,7,3
200500041447,0005-07-27 18:45:00,5,7,27,18,45,310,91.0,CD 4 - SORTIE PARKING GA,43.742,1.412,Plein jour,En agglomération,Hors intersection,Normale,Deux véhicules - frontale,,,,,,,,,,,1,2,1,1,1
200500041448,0005-07-04 09:00:00,5,7,4,9,0,310,273.0,ROUTE DE SAINT PIERRE,43.696,1.501,Plein jour,En agglomération,Hors intersection,Pluie légère,Autre collision,,,,,,,,,,,1,2,1,2,6
200500041449,0005-07-12 15:15:00,5,7,12,15,15,310,273.0,chemin de bellevue,,,Plein jour,En agglomération,Autre intersection,Normale,Autre collision,,,,,,,,,,,1,2,9,1,6
200500041450,0005-07-20 18:30:00,5,7,20,18,30,310,561.0,RN88,,,Plein jour,En agglomération,Hors intersection,Normale,Deux véhicules - côté,,,,,,,,,,,1,2,1,1,3
200500041451,0005-07-19 15:00:00,5,7,19,15,0,310,561.0,20 route de Bessières,,,Plein jour,En agglomération,Hors intersection,Normale,Deux véhicules - frontale,,,,,,,,,,,1,2,1,1,1
200500041452,0005-07-30 14:00:00,5,7,30,14,0,310,282.0,chemin des chalets,,,Plein jour,En agglomération,Hors intersection,Normale,Deux véhicules - frontale,,,,,,,,,,,1,2,1,1,1
200500041453,0005-07-02 13:45:00,5,7,2,13,45,310,421.0,,43.492,1.395,Plein jour,Hors agglomération,Intersection en X,Normale,Trois véhicules et plus - collisions multiples,,,,,,,,,,,1,1,2,1,5
200500041454,0005-07-08 11:45:00,5,7,8,11,45,310,395.0,,43.461,1.266,Plein jour,Hors agglomération,Hors intersection,Normale,Deux véhicules - frontale,,,,,,,,,,,1,1,1,1,1
200500041455,0005-07-26 09:15:00,5,7,26,9,15,310,287.0,route le mauzac,,,Plein jour,En agglomération,Intersection en X,Normale,Deux véhicules - côté,,,,,,,,,,,1,2,2,1,3
200500041456,0005-07-28 16:30:00,5,7,28,16,30,310,517.0,,,,Plein jour,Hors agglomération,Hors intersection,Normale,Deux véhicules - frontale,,,,,,,,,,,1,1,1,1,1
200500041457,0005-07-24 18:15:00,5,7,24,18,15,310,399.0,,43.364,1.269,Plein jour,Hors agglomération,Intersection en X,Normale,Deux véhicules - côté,,,,,,,,,,,1,1,2,1,3
200500041458,0005-07-09 20:45:00,5,7,9,20,45,310,499.0,CD12,,,Plein jour,En agglomération,Hors intersection,Temps couvert,Deux véhicules - côté,,,,,,,,,,,1,2,1,8,3
200500041459,0005-07-12 19:00:00,5,7,12,19,0,310,247.0,,43.083,0.666,Plein jour,Hors agglomération,Hors intersection,Normale,Deux véhicules - frontale,,,,,,,,,,,1,1,1,1,1
200500041460,0005-07-03 11:45:00,5,7,3,11,45,310,8.0,,43.354,0.828,Plein jour,Hors agglomération,Hors intersection,Normale,Sans collision,,,,,,,,,,,1,1,1,1,7
200500041461,0005-07-30 00:45:00,5,7,30,0,45,310,239.0,,,,Nuit avec éclairage allumé,En agglomération,Hors intersection,Normale,Deux véhicules - frontale,,,,,,,,,,,5,2,1,1,1
200500041462,0005-07-16 14:00:00,5,7,16,14,0,310,154.0,,42.928,0.806,Plein jour,Hors agglomération,Hors intersection,Normale,Sans collision,,,,,,,,,,,1,1,1,1,7
200500041463,0005-07-02 18:00:00,5,7,2,18,0,310,54.0,,43.349,1.748,Plein jour,Hors agglomération,Hors intersection,Normale,Deux véhicules - frontale,,,,,,,,,,,1,1,1,1,1
200500041464,0005-07-03 10:15:00,5,7,3,10,15,310,26.0,,,,Plein jour,Hors agglomération,Hors intersection,Normale,Deux véhicules - frontale,,,,,,,,,,,1,1,1,1,1
200500041465,0005-07-04 09:30:00,5,7,4,9,30,310,558.0,,,,Plein jour,Hors agglomération,Hors intersection,Pluie légère,Sans collision,,,,,,,,,,,1,1,1,2,7
200500041466,0005-07-08 22:30:00,5,7,8,22,30,310,534.0,,43.596,1.72,Nuit sans éclairage public,Hors agglomération,Hors intersection,Normale,Autre collision,,,,,,,,,,,3,1,1,1,6
200500041467,0005-07-31 06:00:00,5,7,31,6,0,310,82.0,Lieu-dit Dagour,,,Crépuscule ou aube,Hors agglomération,Hors intersection,Normale,Sans collision,,,,,,,,,,,2,1,1,1,7
200500041468,0005-07-11 11:45:00,5,7,11,11,45,310,169.0,CD.16,,,Plein jour,En agglomération,Hors intersection,Normale,Autre collision,,,,,,,,,,,1,2,1,1,6
200500041469,0005-07-06 13:30:00,5,7,6,13,30,310,570.0,"lieu dit ""Jean Gris""",,,Plein jour,Hors agglomération,Hors intersection,Temps couvert,Deux véhicules - côté,,,,,,,,,,,1,1,1,8,3
200500041470,0005-07-24 22:45:00,5,7,24,22,45,90,174.0,,,,Nuit sans éclairage public,Hors agglomération,Hors intersection,Normale,Sans collision,,,,,,,,,,,3,1,1,1,7
200500041471,0005-07-20 18:00:00,5,7,20,18,0,90,47.0,,42.91,1.91,Plein jour,Hors agglomération,Hors intersection,Normale,Deux véhicules - côté,,,,,,,,,,,1,1,1,1,3
200500041472,0005-07-15 08:15:00,5,7,15,8,15,90,282.0,Faubourg Ste Colombe,,,Plein jour,En agglomération,Hors intersection,Normale,Autre collision,,,,,,,,,,,1,2,1,1,6
200500041473,0005-07-22 14:45:00,5,7,22,14,45,90,314.0,,43.078,1.786,Plein jour,Hors agglomération,Hors intersection,Normale,Deux véhicules - frontale,,,,,,,,,,,1,1,1,1,1
200500041474,0005-07-18 10:45:00,5,7,18,10,45,120,291.0,,,,Plein jour,Hors agglomération,Hors intersection,Normale,Deux véhicules - arrière,,,,,,,,,,,1,1,1,1,2
200500041475,0005-07-21 17:15:00,5,7,21,17,15,120,270.0,,,,Plein jour,Hors agglomération,Hors intersection,Normale,Deux véhicules - arrière,,,,,,,,,,,1,1,1,1,2
200500041476,0005-07-19 19:30:00,5,7,19,19,30,120,56.0,,44.281,2.43,Plein jour,En agglomération,Hors intersection,Normale,Autre collision,,,,,,,,,,,1,2,1,1,6
200500041477,0005-07-21 17:15:00,5,7,21,17,15,120,157.0,,44.393,2.705,Plein jour,Hors agglomération,Hors intersection,Normale,Deux véhicules - frontale,,,,,,,,,,,1,1,1,1,1
200500041478,0005-07-18 14:15:00,5,7,18,14,15,120,57.0,,44.204,2.527,Plein jour,Hors agglomération,Hors intersection,Normale,Deux véhicules - frontale,,,,,,,,,,,1,1,1,1,1
200500041479,0005-07-27 10:45:00,5,7,27,10,45,120,73.0,,,,Plein jour,Hors agglomération,Hors intersection,Normale,Deux véhicules - frontale,,,,,,,,,,,1,1,1,1,1
200500041480,0005-07-09 19:00:00,5,7,9,19,0,120,199.0,,44.411,2.308,Plein jour,Hors agglomération,Hors intersection,Normale,Deux véhicules - frontale,,,,,,,,,,,1,1,1,1,1
200500041481,0005-07-24 02:00:00,5,7,24,2,0,120,96.0,Le tournié,44.51,2.74,Nuit sans éclairage public,Hors agglomération,Hors intersection,Normale,Autre collision,,,,,,,,,,,3,1,1,1,6
200500041482,0005-07-12 17:00:00,5,7,12,17,0,120,70.0,Mas de Compeyre,,,Plein jour,En agglomération,Hors intersection,Normale,Deux véhicules - frontale,,,,,,,,,,,1,2,1,1,1
200500041483,0005-07-19 11:45:00,5,7,19,11,45,120,82.0,,43.941,3.311,Plein jour,Hors agglomération,Hors intersection,Normale,Deux véhicules - frontale,,,,,,,,,,,1,1,1,1,1
200500041484,0005-07-29 07:30:00,5,7,29,7,30,120,70.0,,44.174,3.122,Plein jour,Hors agglomération,Hors intersection,Normale,Autre collision,,,,,,,,,,,1,1,1,1,6
200500041485,0005-07-17 15:00:00,5,7,17,15,0,120,62.0,dit col de Poulzinieres,44.162,2.897,Plein jour,Hors agglomération,Hors intersection,Normale,Autre collision,,,,,,,,,,,1,1,1,1,6
200500041486,0005-07-03 05:45:00,5,7,3,5,45,120,247.0,CD 45,,,Plein jour,En agglomération,Hors intersection,Normale,Autre collision,,,,,,,,,,,1,2,1,1,6
200500041487,0005-07-22 21:30:00,5,7,22,21,30,120,270.0,,44.332,3.116,Crépuscule ou aube,Hors agglomération,Hors intersection,Normale,Deux véhicules - frontale,,,,,,,,,,,2,1,1,1,1
200500041488,0005-07-23 13:15:00,5,7,23,13,15,120,123.0,,44.337,3.033,Plein jour,Hors agglomération,Intersection en X,Normale,Deux véhicules - côté,,,,,,,,,,,1,1,2,1,3
200500041489,0005-07-27 18:00:00,5,7,27,18,0,120,123.0,,44.328,3.034,Plein jour,Hors agglomération,Hors intersection,Normale,Deux véhicules - frontale,,,,,,,,,,,1,1,1,1,1
200500041490,0005-07-06 07:00:00,5,7,6,7,0,120,208.0,Boulevard de Verdun,43.962,2.884,Plein jour,En agglomération,Hors intersection,Normale,Deux véhicules - côté,,,,,,,,,,,1,2,1,1,3
200500041491,0005-07-26 18:15:00,5,7,26,18,15,120,208.0,BOULEVARD DE VERDUN,43.962,2.881,Plein jour,En agglomération,Hors intersection,Normale,Deux véhicules - frontale,,,,,,,,,,,1,2,1,1,1
200500041492,0005-07-20 20:45:00,5,7,20,20,45,120,154.0,,43.855,2.838,Crépuscule ou aube,Hors agglomération,Hors intersection,Normale,Deux véhicules - frontale,,,,,,,,,,,2,1,1,1,1
200500041493,0005-07-24 06:30:00,5,7,24,6,30,120,69.0,,43.878,2.663,Plein jour,Hors agglomération,Hors intersection,Normale,Sans collision,,,,,,,,,,,1,1,1,1,7
200500041494,0005-07-15 14:00:00,5,7,15,14,0,120,300.0,Avenue de la libération,44.339,2.034,Plein jour,En agglomération,Intersection en T,Normale,Deux véhicules - côté,,,,,,,,,,,1,2,3,1,3
200500041495,0005-07-29 14:15:00,5,7,29,14,15,120,287.0,,,,Plein jour,Hors agglomération,Hors intersection,Normale,Deux véhicules - frontale,,,,,,,,,,,1,1,1,1,1
200500041496,0005-07-13 17:45:00,5,7,13,17,45,120,105.0,La lande,,,Plein jour,En agglomération,Hors intersection,Normale,Deux véhicules - côté,,,,,,,,,,,1,2,1,1,3
200500041497,0005-07-17 02:45:00,5,7,17,2,45,320,12.0,,,,Nuit sans éclairage public,Hors agglomération,Giratoire,Normale,Autre collision,,,,,,,,,,,3,1,6,1,6
200500041498,0005-07-28 14:30:00,5,7,28,14,30,320,249.0,RUE JEAN PHILIPP,,,Plein jour,En agglomération,Hors intersection,Temps éblouissant,Deux véhicules - côté,,,,,,,,,,,1,2,1,7,3
200500041499,0005-07-08 16:15:00,5,7,8,16,15,320,234.0,Le Branas,,,Plein jour,Hors agglomération,Hors intersection,Normale,Deux véhicules - frontale,,,,,,,,,,,1,1,1,1,1
200500041500,0005-07-22 15:45:00,5,7,22,15,45,320,418.0,,43.453,0.872,Plein jour,Hors agglomération,Hors intersection,Temps éblouissant,Autre collision,,,,,,,,,,,1,1,1,7,6
200500041501,0005-07-06 07:45:00,5,7,6,7,45,320,25.0,,43.865,-0.023,Plein jour,Hors agglomération,Hors intersection,Normale,Deux véhicules - côté,,,,,,,,,,,1,1,1,1,3
200500041502,0005-07-08 11:30:00,5,7,8,11,30,320,296.0,AVENUE DU GENERAL LECLER,43.762,-0.033,Plein jour,En agglomération,Hors intersection,Normale,Autre collision,,,,,,,,,,,1,2,1,1,6
200500041503,0005-07-08 13:45:00,5,7,8,13,45,320,296.0,avenue daniate,,,Plein jour,En agglomération,Hors intersection,Normale,Deux véhicules - côté,,,,,,,,,,,1,2,1,1,3
200500041504,0005-07-19 15:00:00,5,7,19,15,0,320,5.0,,,,Plein jour,Hors agglomération,Hors intersection,Normale,Sans collision,,,,,,,,,,,1,1,1,1,7
200500041505,0005-07-19 17:00:00,5,7,19,17,0,320,79.0,,,,Plein jour,Hors agglomération,Hors intersection,Normale,Autre collision,,,,,,,,,,,1,1,1,1,6
200500041506,0005-07-29 17:00:00,5,7,29,17,0,320,119.0,"rond point de ""Méric""",,,Plein jour,En agglomération,Giratoire,Normale,Autre collision,,,,,,,,,,,1,2,6,1,6
200500041507,0005-07-30 16:00:00,5,7,30,16,0,320,191.0,,,,Plein jour,Hors agglomération,Intersection en X,Normale,Deux véhicules - côté,,,,,,,,,,,1,1,2,1,3
200500041508,0005-07-02 19:00:00,5,7,2,19,0,320,208.0,,,,Plein jour,Hors agglomération,Hors intersection,Normale,Sans collision,,,,,,,,,,,1,1,1,1,7
200500041509,0005-07-04 13:00:00,5,7,4,13,0,320,395.0,,44.01,0.66,Plein jour,Hors agglomération,Hors intersection,Normale,Deux véhicules - frontale,,,,,,,,,,,1,1,1,1,1
200500041510,0005-07-09 09:30:00,5,7,9,9,30,320,341.0,,,,Plein jour,Hors agglomération,Hors intersection,Normale,Autre collision,,,,,,,,,,,1,1,1,1,6
200500041511,0005-07-15 23:15:00,5,7,15,23,15,320,208.0,,,,Nuit sans éclairage public,Hors agglomération,Hors intersection,Normale,Sans collision,,,,,,,,,,,3,1,1,1,7
200500041512,0005-07-16 09:00:00,5,7,16,9,0,320,286.0,,,,Plein jour,Hors agglomération,Hors intersection,Normale,Autre collision,,,,,,,,,,,1,1,1,1,6
200500041513,0005-07-10 07:00:00,5,7,10,7,0,320,256.0,Chemin de CAPDECOMME,43.527,0.396,Plein jour,En agglomération,Hors intersection,Normale,Sans collision,,,,,,,,,,,1,2,1,1,7
200500041514,0005-07-20 18:15:00,5,7,20,18,15,320,393.0,,43.495,0.36,Plein jour,Hors agglomération,Hors intersection,Normale,Trois véhicules et plus - collisions multiples,,,,,,,,,,,1,1,1,1,5
200500041515,0005-07-17 14:00:00,5,7,17,14,0,320,252.0,AVENUE DU 11 NOVEMBRE,43.437,0.308,Plein jour,En agglomération,Hors intersection,Normale,Deux véhicules - côté,,,,,,,,,,,1,2,1,1,3
200500041516,0005-07-20 22:30:00,5,7,20,22,30,320,342.0,,43.5,0.165,Nuit sans éclairage public,Hors agglomération,Hors intersection,Normale,Autre collision,,,,,,,,,,,3,1,1,1,6
200500041517,0005-07-12 14:00:00,5,7,12,14,0,320,109.0,,43.65,0.105,Plein jour,Hors agglomération,Intersection en X,Normale,Deux véhicules - côté,,,,,,,,,,,1,1,2,1,3
200500041518,0005-07-16 20:00:00,5,7,16,20,0,320,219.0,,43.699,0.154,Plein jour,Hors agglomération,Hors intersection,Normale,Deux véhicules - frontale,,,,,,,,,,,1,1,1,1,1
200500041519,0005-07-09 18:45:00,5,7,9,18,45,460,102.0,,44.608,2.055,Plein jour,Hors agglomération,Hors intersection,Temps couvert,Trois véhicules et plus - collisions multiples,,,,,,,,,,,1,1,1,8,5
200500041520,0005-07-12 13:30:00,5,7,12,13,30,460,169.0,,,,Plein jour,Hors agglomération,Hors intersection,Normale,Sans collision,,,,,,,,,,,1,1,1,1,7
200500041521,0005-07-31 09:00:00,5,7,31,9,0,460,219.0,,44.635,1.413,Plein jour,Hors agglomération,Hors intersection,Normale,Autre collision,,,,,,,,,,,1,1,1,1,6
200500041522,0005-07-10 01:15:00,5,7,10,1,15,460,238.0,Le Bourg,,,Nuit sans éclairage public,En agglomération,Hors intersection,Brouillard / fumée,Autre collision,,,,,,,,,,,3,2,1,5,6
200500041523,0005-07-26 15:20:00,5,7,26,15,20,460,16.0,les bourrières,44.934,1.582,Plein jour,Hors agglomération,Hors intersection,Normale,Deux véhicules - frontale,,,,,,,,,,,1,1,1,1,1
200500041524,0005-07-16 07:00:00,5,7,16,7,0,650,340.0,,43.283,0.108,Plein jour,Hors agglomération,Hors intersection,Pluie légère,Deux véhicules - frontale,,,,,,,,,,,1,1,1,2,1
200500041525,0005-07-04 16:45:00,5,7,4,16,45,650,128.0,,43.185,0.355,Plein jour,En agglomération,Hors intersection,Normale,Deux véhicules - côté,,,,,,,,,,,1,2,1,1,3
200500041526,0005-07-20 15:30:00,5,7,20,15,30,650,129.0,,,,Plein jour,Hors agglomération,Hors intersection,Normale,Deux véhicules - côté,,,,,,,,,,,1,1,1,1,3
200500041527,0005-07-22 06:30:00,5,7,22,6,30,650,153.0,,43.237,0.188,Nuit sans éclairage public,Hors agglomération,Hors intersection,Normale,Sans collision,,,,,,,,,,,3,1,1,1,7
200500041528,0005-07-17 13:15:00,5,7,17,13,15,650,98.0,,,,Plein jour,Hors agglomération,Autre intersection,Normale,Deux véhicules - frontale,,,,,,,,,,,1,1,9,1,1
200500041529,0005-07-04 13:00:00,5,7,4,13,0,650,192.0,,42.801,0.016,Plein jour,Hors agglomération,Hors intersection,Normale,Sans collision,,,,,,,,,,,1,1,1,1,7
200500041530,0005-07-01 17:45:00,5,7,1,17,45,650,363.0,RD 24,43.126,0.432,Plein jour,Hors agglomération,Hors intersection,Normale,Deux véhicules - côté,,,,,,,,,,,1,1,1,1,3
200500041531,0005-07-04 14:00:00,5,7,4,14,0,650,363.0,RN 117,43.115,0.439,Plein jour,En agglomération,Hors intersection,Pluie légère,Deux véhicules - côté,,,,,,,,,,,1,2,1,2,3
200500041532,0005-07-15 17:45:00,5,7,15,17,45,650,363.0,,43.122,0.428,Plein jour,Hors agglomération,Intersection en T,Normale,Deux véhicules - côté,,,,,,,,,,,1,1,3,1,3
200500041533,0005-07-17 18:30:00,5,7,17,18,30,650,388.0,Route du PLA D'ADET,42.835,0.31,Plein jour,Hors agglomération,Hors intersection,Normale,Deux véhicules - frontale,,,,,,,,,,,1,1,1,1,1
200500041534,0005-07-07 08:00:00,5,7,7,8,0,810,77.0,,,,Plein jour,Hors agglomération,Hors intersection,Normale,Sans collision,,,,,,,,,,,1,1,1,1,7
200500041535,0005-07-29 14:15:00,5,7,29,14,15,810,152.0,,,,Plein jour,Hors agglomération,Hors intersection,Normale,Autre collision,,,,,,,,,,,1,1,1,1,6
200500041536,0005-07-10 17:45:00,5,7,10,17,45,810,140.0,,43.71,1.78,Crépuscule ou aube,Hors agglomération,Hors intersection,Pluie forte,Trois véhicules et plus - collisions multiples,,,,,,,,,,,2,1,1,3,5