accident_id,datetime,annee,mois,jour,heure,minute,departement,commune_insee,adresse,latitude,longitude,luminosite,agglomeration,intersection,meteo,collision,nb_vehicules,nb_usagers,nb_indemnes,nb_tues,nb_blesses_hosp,nb_blesses_legers,age_cond_1,age_cond_2,veh_type_cond_1,veh_type_cond_2,lum_code,agg_code,int_code,atm_code,col_code
200500041537,0005-07-13 11:45:00,5,7,13,11,45,810,299.0,,43.65,1.95,Plein jour,Hors agglomération,Hors intersection,Normale,Deux véhicules - frontale,,,,,,,,,,,1,1,1,1,1
200500041538,0005-07-28 15:30:00,5,7,28,15,30,810,140.0,,43.731,1.762,Plein jour,Hors agglomération,Hors intersection,Normale,Deux véhicules - côté,,,,,,,,,,,1,1,1,1,3
200500041539,0005-07-19 11:45:00,5,7,19,11,45,810,182.0,,43.716,2.357,Plein jour,Hors agglomération,Hors intersection,Normale,Deux véhicules - arrière,,,,,,,,,,,1,1,1,1,2
200500041540,0005-07-15 20:45:00,5,7,15,20,45,810,69.0,9 rue du fourmiguier,,,Plein jour,En agglomération,Hors intersection,Normale,Autre collision,,,,,,,,,,,1,2,1,1,6
200500041541,0005-07-10 13:45:00,5,7,10,13,45,810,106.0,,43.84,1.69,Plein jour,Hors agglomération,Hors intersection,Normale,Deux véhicules - côté,,,,,,,,,,,1,1,1,1,3
200500041542,0005-07-03 16:30:00,5,7,3,16,30,810,321.0,,43.539,2.472,Plein jour,Hors agglomération,Hors intersection,Normale,Deux véhicules - côté,,,,,,,,,,,1,1,1,1,3
200500041543,0005-07-01 23:00:00,5,7,1,23,0,810,2.0,,43.516,2.331,Nuit sans éclairage public,Hors agglomération,Hors intersection,Normale,Deux véhicules - arrière,,,,,,,,,,,3,1,1,1,2
200500041544,0005-07-11 06:30:00,5,7,11,6,30,810,238.0,,43.479,2.506,Crépuscule ou aube,Hors agglomération,Hors intersection,Normale,Sans collision,,,,,,,,,,,2,1,1,1,7
200500041545,0005-07-31 13:30:00,5,7,31,13,30,810,81.0,,43.48,2.12,Plein jour,Hors agglomération,Hors intersection,Normale,Autre collision,,,,,,,,,,,1,1,1,1,6
200500041546,0005-07-02 18:15:00,5,7,2,18,15,810,219.0,,43.581,2.002,Plein jour,Hors agglomération,Hors intersection,Normale,Autre collision,,,,,,,,,,,1,1,1,1,6
200500041547,0005-07-03 15:00:00,5,7,3,15,0,810,76.0,,43.572,1.891,Plein jour,Hors agglomération,Hors intersection,Temps éblouissant,Deux véhicules - côté,,,,,,,,,,,1,1,1,7,3
200500041548,0005-07-07 11:00:00,5,7,7,11,0,810,162.0,,43.59,1.81,Plein jour,Hors agglomération,Hors intersection,Normale,Sans collision,,,,,,,,,,,1,1,1,1,7
200500041549,0005-07-29 14:10:00,5,7,29,14,10,820,87.0,Avenue D' AQUITAINE,,,Plein jour,En agglomération,Autre intersection,Normale,Deux véhicules - frontale,,,,,,,,,,,1,2,9,1,1
200500041550,0005-07-01 14:30:00,5,7,1,14,30,820,26.0,,,,Plein jour,Hors agglomération,Hors intersection,Normale,Sans collision,,,,,,,,,,,1,1,1,1,7
200500041551,0005-07-02 18:15:00,5,7,2,18,15,820,29.0,,44.27,1.945,Plein jour,Hors agglomération,Hors intersection,Normale,Autre collision,,,,,,,,,,,1,1,1,1,6
200500041552,0005-07-17 15:30:00,5,7,17,15,30,820,38.0,,44.238,1.767,Plein jour,En agglomération,Hors intersection,Normale,Autre collision,,,,,,,,,,,1,2,1,1,6
200500041553,0005-07-23 15:15:00,5,7,23,15,15,820,38.0,rue droite,44.238,1.769,Plein jour,En agglomération,Hors intersection,Normale,Autre collision,,,,,,,,,,,1,2,1,1,6
200500041554,0005-07-26 07:45:00,5,7,26,7,45,820,137.0,,44.271,1.858,Crépuscule ou aube,Hors agglomération,Hors intersection,Normale,Autre collision,,,,,,,,,,,2,1,1,1,6
200500041555,0005-07-14 11:00:00,5,7,14,11,0,820,36.0,"q, carrefour C.C.5/C.C.6",43.793,0.957,Plein jour,Hors agglomération,Intersection en X,Normale,Deux véhicules - côté,,,,,,,,,,,1,1,2,1,3
200500041556,0005-07-21 13:50:00,5,7,21,13,50,820,97.0,PK37+100,,,Plein jour,Hors agglomération,Hors intersection,Normale,Autre collision,,,,,,,,,,,1,1,1,1,6
200500041557,0005-07-24 06:30:00,5,7,24,6,30,820,53.0,"lieu dit ""haut bois 1""",,,Crépuscule ou aube,Hors agglomération,Hors intersection,Normale,Autre collision,,,,,,,,,,,2,1,1,1,6
200500041558,0005-07-01 08:15:00,5,7,1,8,15,820,75.0,Esplanade de l'Espilory,,,Plein jour,En agglomération,Intersection en X,Normale,Deux véhicules - côté,,,,,,,,,,,1,2,2,1,3
200500041559,0005-07-16 06:00:00,5,7,16,6,0,820,79.0,,,,Crépuscule ou aube,Hors agglomération,Hors intersection,Normale,Autre collision,,,,,,,,,,,2,1,1,1,6
200500041560,0005-07-15 18:30:00,5,7,15,18,30,820,94.0,,,,Plein jour,Hors agglomération,Hors intersection,Normale,Autre collision,,,,,,,,,,,1,1,1,1,6
200500041561,0005-07-09 07:15:00,5,7,9,7,15,820,99.0,,,,Plein jour,Hors agglomération,Hors intersection,Normale,Autre collision,,,,,,,,,,,1,1,1,1,6
200500041562,0005-07-09 16:00:00,5,7,9,16,0,820,112.0,Route de Laujols,,,Plein jour,Hors agglomération,Hors intersection,Pluie légère,Autre collision,,,,,,,,,,,1,1,1,2,6
200500041563,0005-07-20 14:00:00,5,7,20,14,0,820,19.0,"lieu-dit ""Le Petit Bezy""",,,Plein jour,Hors agglomération,Intersection en Y,Normale,Deux véhicules - frontale,,,,,,,,,,,1,1,4,1,1
200500041564,0005-07-22 15:55:00,5,7,22,15,55,820,19.0,"13, lieu dit ""Les GRETS""",,,Plein jour,Hors agglomération,Hors intersection,Normale,Deux véhicules - arrière,,,,,,,,,,,1,1,1,1,2
200500041565,0005-07-27 07:45:00,5,7,27,7,45,820,101.0,,,,Plein jour,Hors agglomération,Intersection en Y,Normale,Deux véhicules - côté,,,,,,,,,,,1,1,4,1,3
200500041566,0005-07-30 00:45:00,5,7,30,0,45,820,112.0,RN 113   PK 34+300,,,Nuit sans éclairage public,En agglomération,Hors intersection,Normale,Autre collision,,,,,,,,,,,3,2,1,1,6
200500041567,0005-07-04 11:30:00,5,7,4,11,30,820,5.0,RD03,43.807,1.207,Plein jour,Hors agglomération,Hors intersection,Normale,Autre collision,,,,,,,,,,,1,1,1,1,6
200500041568,0005-07-22 17:00:00,5,7,22,17,0,820,62.0,Place dun vivier,43.916,1.217,Plein jour,En agglomération,Hors intersection,Normale,Sans collision,,,,,,,,,,,1,2,1,1,7
200500041569,0005-07-26 13:15:00,5,7,26,13,15,820,52.0,RN  113,,,Plein jour,En agglomération,Hors intersection,Normale,Deux véhicules - arrière,,,,,,,,,,,1,2,1,1,2
200500041570,0005-07-29 23:45:00,5,7,29,23,45,820,105.0,,43.912,1.185,Nuit sans éclairage public,Hors agglomération,Hors intersection,Normale,Autre collision,,,,,,,,,,,3,1,1,1,6
200500041571,0005-07-06 20:00:00,5,7,6,20,0,820,186.0,rue de la République,,,Plein jour,En agglomération,Hors intersection,Normale,Deux véhicules - côté,,,,,,,,,,,1,2,1,1,3
200500041572,0005-07-08 16:00:00,5,7,8,16,0,820,186.0,Boulevard TORSIAC,,,Plein jour,En agglomération,Hors intersection,Normale,Deux véhicules - côté,,,,,,,,,,,1,2,1,1,3
200500041573,0005-07-11 23:00:00,5,7,11,23,0,690,191.0,,,,Nuit avec éclairage allumé,Hors agglomération,Hors intersection,Normale,Autre collision,,,,,,,,,,,5,1,1,1,6
200500041574,0005-07-22 07:45:00,5,7,22,7,45,690,49.0,point du petit montluzin,,,Plein jour,Hors agglomération,Giratoire,Normale,Deux véhicules - arrière,,,,,,,,,,,1,1,6,1,2
200500041575,0005-07-31 04:30:00,5,7,31,4,30,690,191.0,,,,Nuit sans éclairage public,Hors agglomération,Hors intersection,Normale,Sans collision,,,,,,,,,,,3,1,1,1,7
200500041576,0005-07-03 01:30:00,5,7,3,1,30,690,285.0,,,,Nuit sans éclairage public,Hors agglomération,Hors intersection,Normale,Trois véhicules et plus - collisions multiples,,,,,,,,,,,3,1,1,1,5
200500041577,0005-07-20 11:30:00,5,7,20,11,30,690,204.0,rue francisque darcieux,,,Plein jour,Hors agglomération,Hors intersection,Temps éblouissant,Deux véhicules - côté,,,,,,,,,,,1,1,1,7,3
200500041578,0005-07-28 08:45:00,5,7,28,8,45,690,288.0,,,,Plein jour,Hors agglomération,Hors intersection,Normale,Deux véhicules - frontale,,,,,,,,,,,1,1,1,1,1
200500041579,0005-07-20 18:00:00,5,7,20,18,0,690,283.0,montée du penon,,,Plein jour,En agglomération,Hors intersection,Normale,Sans collision,,,,,,,,,,,1,2,1,1,7
200500041580,0005-07-06 14:00:00,5,7,6,14,0,690,112.0,lieu dit le Poirier,,,Plein jour,Hors agglomération,Hors intersection,Normale,Sans collision,,,,,,,,,,,1,1,1,1,7
200500041581,0005-07-07 12:45:00,5,7,7,12,45,690,177.0,,,,Plein jour,Hors agglomération,Hors intersection,Normale,Autre collision,,,,,,,,,,,1,1,1,1,6
200500041582,0005-07-20 15:35:00,5,7,20,15,35,690,10.0,route de PARIS,,,Plein jour,Hors agglomération,Hors intersection,Normale,Deux véhicules - frontale,,,,,,,,,,,1,1,1,1,1
200500041583,0005-07-03 09:15:00,5,7,3,9,15,690,201.0,carrefour de L'Isle,,,Plein jour,En agglomération,Intersection en X,Normale,Deux véhicules - côté,,,,,,,,,,,1,2,2,1,3
200500041584,0005-07-07 14:30:00,5,7,7,14,30,690,78.0,,,,Plein jour,Hors agglomération,Hors intersection,Normale,Autre collision,,,,,,,,,,,1,1,1,1,6
200500041585,0005-07-20 16:45:00,5,7,20,16,45,690,155.0,"CD2 - PK 34,000",,,Plein jour,Hors agglomération,Hors intersection,Normale,Deux véhicules - frontale,,,,,,,,,,,1,1,1,1,1
200500041586,0005-07-17 12:15:00,5,7,17,12,15,690,249.0,Lieu-dit le ROCHER,,,Plein jour,Hors agglomération,Intersection en T,Normale,Deux véhicules - côté,,,,,,,,,,,1,1,3,1,3
200500041587,0005-07-25 09:30:00,5,7,25,9,30,690,94.0,Parking Centre LECLERC,45.745,4.692,Plein jour,En agglomération,Hors intersection,Normale,Sans collision,,,,,,,,,,,1,2,1,1,7
200500041588,0005-07-24 23:45:00,5,7,24,23,45,690,296.0,,,,Nuit sans éclairage public,Hors agglomération,Hors intersection,Normale,Deux véhicules - frontale,,,,,,,,,,,3,1,1,1,1
200500041589,0005-07-24 21:45:00,5,7,24,21,45,690,296.0,,,,Nuit avec éclairage allumé,Hors agglomération,Hors intersection,Normale,Trois véhicules et plus - en chaîne,,,,,,,,,,,5,1,1,1,4
200500041590,0005-07-05 08:07:00,5,7,5,8,7,690,215.0,cd 35,46.029,4.661,Plein jour,Hors agglomération,Hors intersection,Normale,Deux véhicules - frontale,,,,,,,,,,,1,1,1,1,1
200500041591,0005-07-03 07:15:00,5,7,3,7,15,690,9.0,,,,Crépuscule ou aube,Hors agglomération,Hors intersection,Normale,Sans collision,,,,,,,,,,,2,1,1,1,7
200500041592,0005-07-05 18:00:00,5,7,5,18,0,690,5.0,centre ville,,,Plein jour,En agglomération,Intersection en Y,Normale,Deux véhicules - frontale,,,,,,,,,,,1,2,4,1,1
200500041593,0005-07-15 17:30:00,5,7,15,17,30,690,114.0,RTE DE LA MAIRIE,,,Plein jour,En agglomération,Hors intersection,Normale,Autre collision,,,,,,,,,,,1,2,1,1,6
200500041594,0005-07-25 18:00:00,5,7,25,18,0,690,165.0,"Lieu dit ""Le Bourg""",46.139,4.643,Plein jour,En agglomération,Intersection en X,Normale,Deux véhicules - côté,,,,,,,,,,,1,2,2,1,3
200500041595,0005-07-18 10:30:00,5,7,18,10,30,690,197.0,MONTEE DU MANEGE,,,Plein jour,En agglomération,Hors intersection,Normale,Autre collision,,,,,,,,,,,1,2,1,1,6
200500041596,0005-07-19 15:00:00,5,7,19,15,0,690,19.0,,,,Plein jour,Hors agglomération,Intersection en T,Normale,Deux véhicules - côté,,,,,,,,,,,1,1,3,1,3
200500041597,0005-07-28 23:15:00,5,7,28,23,15,690,77.0,,,,Nuit sans éclairage public,Hors agglomération,Hors intersection,Normale,Autre collision,,,,,,,,,,,3,1,1,1,6
200500041598,0005-07-20 14:00:00,5,7,20,14,0,690,77.0,,,,Plein jour,Hors agglomération,Hors intersection,Normale,Deux véhicules - côté,,,,,,,,,,,1,1,1,1,3
200500041599,0005-07-14 21:45:00,5,7,14,21,45,690,26.0,CD 485,,,Nuit sans éclairage public,En agglomération,Hors intersection,Normale,Deux véhicules - frontale,,,,,,,,,,,3,2,1,1,1
200500041600,0005-07-24 16:35:00,5,7,24,16,35,690,39.0,"""La Grenouillère""",,,Plein jour,Hors agglomération,Hors intersection,Normale,Sans collision,,,,,,,,,,,1,1,1,1,7
200500041601,0005-07-09 15:30:00,5,7,9,15,30,690,243.0,,,,Plein jour,Hors agglomération,Hors intersection,Normale,Deux véhicules - frontale,,,,,,,,,,,1,1,1,1,1
200500041602,0005-07-29 10:00:00,5,7,29,10,0,690,243.0,allée de l'hacienda,,,Plein jour,En agglomération,Hors intersection,Normale,Autre collision,,,,,,,,,,,1,2,1,1,6
200500041603,0005-07-02 18:15:00,5,7,2,18,15,690,93.0,,46.053,4.443,Plein jour,Hors agglomération,Hors intersection,Normale,Deux véhicules - frontale,,,,,,,,,,,1,1,1,1,1
200500041604,0005-07-04 15:45:00,5,7,4,15,45,690,107.0,,46.049,4.489,Plein jour,Hors agglomération,Hors intersection,Normale,Autre collision,,,,,,,,,,,1,1,1,1,6
200500041605,0005-07-18 13:00:00,5,7,18,13,0,690,160.0,,,,Plein jour,Hors agglomération,Autre intersection,Normale,Sans collision,,,,,,,,,,,1,1,9,1,7
200500041606,0005-07-28 10:30:00,5,7,28,10,30,690,60.0,,46.099,4.527,Plein jour,Hors agglomération,Hors intersection,Normale,Sans collision,,,,,,,,,,,1,1,1,1,7
200500041607,0005-07-31 09:00:00,5,7,31,9,0,690,160.0,,46.169,4.474,Plein jour,Hors agglomération,Hors intersection,Normale,Trois véhicules et plus - collisions multiples,,,,,,,,,,,1,1,1,1,5
200500041608,0005-07-03 06:15:00,5,7,3,6,15,10,301.0,,46.251,5.143,Plein jour,Hors agglomération,Hors intersection,Normale,Autre collision,,,,,,,,,,,1,1,1,1,6
200500041609,0005-07-11 12:30:00,5,7,11,12,30,10,195.0,Le Village,,,Plein jour,En agglomération,Hors intersection,Normale,Autre collision,,,,,,,,,,,1,2,1,1,6
200500041610,0005-07-12 09:15:00,5,7,12,9,15,10,350.0,,,,Plein jour,Hors agglomération,Hors intersection,Normale,Deux véhicules - côté,,,,,,,,,,,1,1,1,1,3
200500041611,0005-07-23 18:00:00,5,7,23,18,0,10,195.0,CHEMIN DES BENNONIERES,,,Plein jour,En agglomération,Hors intersection,Normale,Deux véhicules - frontale,,,,,,,,,,,1,2,1,1,1
200500041612,0005-07-26 08:00:00,5,7,26,8,0,10,95.0,,,,Plein jour,Hors agglomération,Hors intersection,Normale,Autre collision,,,,,,,,,,,1,1,1,1,6
200500041613,0005-07-01 09:00:00,5,7,1,9,0,10,266.0,,46.32,5.112,Plein jour,Hors agglomération,Hors intersection,Normale,Deux véhicules - frontale,,,,,,,,,,,1,1,1,1,1
200500041614,0005-07-09 10:45:00,5,7,9,10,45,10,38.0,,,,Plein jour,Hors agglomération,Hors intersection,Normale,Deux véhicules - frontale,,,,,,,,,,,1,1,1,1,1
200500041615,0005-07-16 19:45:00,5,7,16,19,45,10,375.0,,46.285,5.124,Plein jour,Hors agglomération,Hors intersection,Normale,Deux véhicules - côté,,,,,,,,,,,1,1,1,1,3
200500041616,0005-07-27 14:45:00,5,7,27,14,45,10,236.0,Lieu-dit La Lechère,,,Plein jour,Hors agglomération,Hors intersection,Normale,Deux véhicules - frontale,,,,,,,,,,,1,1,1,1,1
200500041617,0005-07-05 16:15:00,5,7,5,16,15,10,197.0,,,,Plein jour,Hors agglomération,Hors intersection,Normale,Deux véhicules - côté,,,,,,,,,,,1,1,1,1,3
200500041618,0005-07-22 11:30:00,5,7,22,11,30,10,273.0,rue du docteur hubert,,,Plein jour,En agglomération,Hors intersection,Normale,Deux véhicules - côté,,,,,,,,,,,1,2,1,1,3
200500041619,0005-07-29 22:15:00,5,7,29,22,15,10,159.0,CD933,46.336,4.888,Nuit sans éclairage public,En agglomération,Giratoire,Normale,Autre collision,,,,,,,,,,,3,2,6,1,6
200500041620,0005-07-19 19:15:00,5,7,19,19,15,10,338.0,Hameau d'EVIEU,,,Plein jour,En agglomération,Hors intersection,Normale,Sans collision,,,,,,,,,,,1,2,1,1,7
200500041621,0005-07-23 15:15:00,5,7,23,15,15,10,216.0,route d'Innimont,,,Plein jour,En agglomération,Hors intersection,Normale,Deux véhicules - frontale,,,,,,,,,,,1,2,1,1,1
200500041622,0005-07-29 16:15:00,5,7,29,16,15,10,58.0,,,,Plein jour,Hors agglomération,Hors intersection,Normale,Sans collision,,,,,,,,,,,1,1,1,1,7
200500041623,0005-07-27 19:45:00,5,7,27,19,45,10,22.0,,45.861,5.682,Plein jour,Hors agglomération,Hors intersection,Normale,Deux véhicules - frontale,,,,,,,,,,,1,1,1,1,1
200500041624,0005-07-27 18:45:00,5,7,27,18,45,10,82.0,,,,Plein jour,Hors agglomération,Hors intersection,Normale,Autre collision,,,,,,,,,,,1,1,1,1,6
200500041625,0005-07-15 13:45:00,5,7,15,13,45,10,185.0,Rue Jean Miguet,,,Plein jour,En agglomération,Hors intersection,Normale,Autre collision,,,,,,,,,,,1,2,1,1,6
200500041626,0005-07-02 17:00:00,5,7,2,17,0,10,421.0,,,,Plein jour,Hors agglomération,Hors intersection,Normale,Deux véhicules - côté,,,,,,,,,,,1,1,1,1,3
200500041627,0005-07-04 23:30:00,5,7,4,23,30,10,386.0,Lieu dit LA CRAZ,,,Nuit sans éclairage public,Hors agglomération,Hors intersection,Normale,Autre collision,,,,,,,,,,,3,1,1,1,6
200500041628,0005-07-07 19:45:00,5,7,7,19,45,10,202.0,CD 20,,,Plein jour,Hors agglomération,Hors intersection,Normale,Deux véhicules - frontale,,,,,,,,,,,1,1,1,1,1
200500041629,0005-07-13 18:15:00,5,7,13,18,15,10,224.0,RD62,,,Plein jour,Hors agglomération,Hors intersection,Normale,Autre collision,,,,,,,,,,,1,1,1,1,6
200500041630,0005-07-17 15:50:00,5,7,17,15,50,10,224.0,RUE DU BUGEY,,,Plein jour,En agglomération,Hors intersection,Normale,Deux véhicules - côté,,,,,,,,,,,1,2,1,1,3
200500041631,0005-07-27 16:15:00,5,7,27,16,15,10,4.0,,,,Plein jour,Hors agglomération,Hors intersection,Normale,Deux véhicules - frontale,,,,,,,,,,,1,1,1,1,1
200500041632,0005-07-28 18:45:00,5,7,28,18,45,10,7.0,,46.004,5.343,Plein jour,Hors agglomération,Hors intersection,Normale,Autre collision,,,,,,,,,,,1,1,1,1,6
200500041633,0005-07-31 16:20:00,5,7,31,16,20,10,89.0,a rue du stade et la rue,,,Plein jour,Hors agglomération,Hors intersection,Normale,Deux véhicules - côté,,,,,,,,,,,1,1,1,1,3
200500041634,0005-07-13 15:30:00,5,7,13,15,30,10,181.0,,,,Plein jour,Hors agglomération,Hors intersection,Normale,Deux véhicules - frontale,,,,,,,,,,,1,1,1,1,1
200500041635,0005-07-15 00:01:00,5,7,15,0,1,10,269.0,,46.167,5.595,Nuit sans éclairage public,Hors agglomération,Hors intersection,Normale,Deux véhicules - frontale,,,,,,,,,,,3,1,1,1,1
200500041636,0005-07-17 16:15:00,5,7,17,16,15,10,35.0,CD33,,,Plein jour,En agglomération,Hors intersection,Normale,Deux véhicules - côté,,,,,,,,,,,1,2,1,1,3
200500041637,0005-07-21 18:00:00,5,7,21,18,0,10,313.0,Rte du chateau,46.266,6.097,Plein jour,En agglomération,Hors intersection,Normale,Autre collision,,,,,,,,,,,1,2,1,1,6
200500041638,0005-07-29 04:30:00,5,7,29,4,30,10,109.0,,,,Nuit sans éclairage public,Hors agglomération,Giratoire,Normale,Sans collision,,,,,,,,,,,3,1,6,1,7
200500041639,0005-07-16 16:30:00,5,7,16,16,30,10,347.0,,,,Plein jour,Hors agglomération,Hors intersection,Normale,Autre collision,,,,,,,,,,,1,1,1,1,6
200500041640,0005-07-22 19:00:00,5,7,22,19,0,10,194.0,1000 AVENUE DE LA LIBERT,,,Plein jour,En agglomération,Hors intersection,Normale,Autre collision,,,,,,,,,,,1,2,1,1,6
200500041641,0005-07-02 17:30:00,5,7,2,17,30,10,449.0,lieu dit la botte,,,Plein jour,Hors agglomération,Hors intersection,Normale,Deux véhicules - frontale,,,,,,,,,,,1,1,1,1,1
200500041642,0005-07-23 18:15:00,5,7,23,18,15,10,46.0,,,,Plein jour,Hors agglomération,Hors intersection,Normale,Autre collision,,,,,,,,,,,1,1,1,1,6
200500041643,0005-07-30 23:45:00,5,7,30,23,45,10,93.0,route de Sandrans,,,Nuit avec éclairage allumé,En agglomération,Hors intersection,Normale,Deux véhicules - frontale,,,,,,,,,,,5,2,1,1,1
200500041644,0005-07-25 16:30:00,5,7,25,16,30,10,62.0,,45.888,5.108,Plein jour,Hors agglomération,Hors intersection,Normale,Deux véhicules - frontale,,,,,,,,,,,1,1,1,1,1
200500041645,0005-07-05 18:10:00,5,7,5,18,10,10,75.0,IX CARON (CD 28 / CD 75,,,Plein jour,Hors agglomération,Intersection en X,Temps éblouissant,Deux véhicules - frontale,,,,,,,,,,,1,1,2,7,1
200500041646,0005-07-04 10:30:00,5,7,4,10,30,10,389.0,,46.075,4.897,Plein jour,En agglomération,Hors intersection,Pluie forte,Deux véhicules - côté,,,,,,,,,,,1,2,1,3,3
200500041647,0005-07-12 07:15:00,5,7,12,7,15,10,83.0,,46.103,4.861,Plein jour,Hors agglomération,Hors intersection,Normale,Deux véhicules - arrière,,,,,,,,,,,1,1,1,1,2
200500041648,0005-07-02 03:15:00,5,7,2,3,15,70,139.0,,,,Nuit sans éclairage public,Hors agglomération,Hors intersection,Normale,Autre collision,,,,,,,,,,,3,1,1,1,6
200500041649,0005-07-09 19:00:00,5,7,9,19,0,70,230.0,,,,Plein jour,Hors agglomération,Hors intersection,Normale,Sans collision,,,,,,,,,,,1,1,1,1,7
200500041650,0005-07-21 19:30:00,5,7,21,19,30,70,93.0,,,,Plein jour,Hors agglomération,Hors intersection,Normale,Deux véhicules - frontale,,,,,,,,,,,1,1,1,1,1
200500041651,0005-07-30 19:00:00,5,7,30,19,0,70,339.0,,,,Plein jour,Hors agglomération,Hors intersection,Normale,Sans collision,,,,,,,,,,,1,1,1,1,7
200500041652,0005-07-03 19:30:00,5,7,3,19,30,70,42.0,,,,Plein jour,Hors agglomération,Autre intersection,Normale,Deux véhicules - côté,,,,,,,,,,,1,1,9,1,3
200500041653,0005-07-10 18:30:00,5,7,10,18,30,70,99.0,,,,Plein jour,Hors agglomération,Hors intersection,Normale,Deux véhicules - frontale,,,,,,,,,,,1,1,1,1,1
200500041654,0005-07-04 13:00:00,5,7,4,13,0,70,167.0,Escoulenc,,,Plein jour,Hors agglomération,Hors intersection,Normale,Trois véhicules et plus - collisions multiples,,,,,,,,,,,1,1,1,1,5
200500041655,0005-07-28 14:15:00,5,7,28,14,15,70,167.0,,,,Plein jour,Hors agglomération,Hors intersection,Normale,Autre collision,,,,,,,,,,,1,1,1,1,6
200500041656,0005-07-24 20:15:00,5,7,24,20,15,70,76.0,,,,Plein jour,Hors agglomération,Hors intersection,Normale,Sans collision,,,,,,,,,,,1,1,1,1,7
200500041657,0005-07-12 08:00:00,5,7,12,8,0,70,240.0,86 quartier Chateaurouge,44.846,4.818,Plein jour,Hors agglomération,Hors intersection,Normale,Autre collision,,,,,,,,,,,1,1,1,1,6
200500041658,0005-07-30 10:45:00,5,7,30,10,45,70,198.0,,,,Plein jour,Hors agglomération,Hors intersection,Normale,Deux véhicules - frontale,,,,,,,,,,,1,1,1,1,1
200500041659,0005-07-03 22:00:00,5,7,3,22,0,70,327.0,,44.528,4.339,Nuit sans éclairage public,Hors agglomération,Hors intersection,Normale,Autre collision,,,,,,,,,,,3,1,1,1,6
200500041660,0005-07-08 13:15:00,5,7,8,13,15,70,117.0,,44.451,4.224,Plein jour,Hors agglomération,Hors intersection,Normale,Deux véhicules - frontale,,,,,,,,,,,1,1,1,1,1
200500041661,0005-07-30 20:45:00,5,7,30,20,45,70,132.0,,,,Crépuscule ou aube,Hors agglomération,Hors intersection,Normale,Sans collision,,,,,,,,,,,2,1,1,1,7
200500041662,0005-07-14 14:00:00,5,7,14,14,0,70,224.0,,44.765,4.15,Plein jour,Hors agglomération,Hors intersection,Normale,Deux véhicules - côté,,,,,,,,,,,1,1,1,1,3
200500041663,0005-07-15 09:45:00,5,7,15,9,45,70,130.0,,44.715,4.01,Plein jour,Hors agglomération,Hors intersection,Normale,Sans collision,,,,,,,,,,,1,1,1,1,7
200500041664,0005-07-25 11:30:00,5,7,25,11,30,70,53.0,,44.405,4.252,Plein jour,Hors agglomération,Hors intersection,Normale,Deux véhicules - côté,,,,,,,,,,,1,1,1,1,3
200500041665,0005-07-04 11:15:00,5,7,4,11,15,70,28.0,,,,Plein jour,Hors agglomération,Autre intersection,Normale,Deux véhicules - côté,,,,,,,,,,,1,1,9,1,3
200500041666,0005-07-16 02:00:00,5,7,16,2,0,70,197.0,,,,Nuit sans éclairage public,Hors agglomération,Hors intersection,Normale,Autre collision,,,,,,,,,,,3,1,1,1,6
200500041667,0005-07-15 23:00:00,5,7,15,23,0,70,269.0,,,,Nuit sans éclairage public,Hors agglomération,Hors intersection,Normale,Sans collision,,,,,,,,,,,3,1,1,1,7
200500041668,0005-07-18 14:15:00,5,7,18,14,15,70,267.0,lieu dit le Clapas,,,Plein jour,Hors agglomération,Hors intersection,Normale,Sans collision,,,,,,,,,,,1,1,1,1,7
200500041669,0005-07-28 23:55:00,5,7,28,23,55,70,80.0,le village pr 8+300,,,Nuit avec éclairage allumé,En agglomération,Autre intersection,Normale,Autre collision,,,,,,,,,,,5,2,9,1,6
200500041670,0005-07-29 20:15:00,5,7,29,20,15,70,212.0,,45.105,4.402,Plein jour,Hors agglomération,Hors intersection,Autre,Deux véhicules - frontale,,,,,,,,,,,1,1,1,9,1
200500041671,0005-07-28 10:00:00,5,7,28,10,0,70,244.0,,,,Plein jour,Hors agglomération,Autre intersection,Normale,Deux véhicules - côté,,,,,,,,,,,1,1,9,1,3
200500041672,0005-07-24 20:00:00,5,7,24,20,0,260,313.0,,,,Crépuscule ou aube,Hors agglomération,Hors intersection,Normale,Autre collision,,,,,,,,,,,2,1,1,1,6
200500041673,0005-07-15 11:45:00,5,7,15,11,45,260,183.0,Quartier Boudras,44.703,5.13,Plein jour,Hors agglomération,Hors intersection,Normale,Autre collision,,,,,,,,,,,1,1,1,1,6
200500041674,0005-07-21 12:00:00,5,7,21,12,0,260,108.0,CD 104 -quartier Mazorel,44.729,5.012,Plein jour,En agglomération,Hors intersection,Normale,Deux véhicules - arrière,,,,,,,,,,,1,2,1,1,2
200500041675,0005-07-04 18:45:00,5,7,4,18,45,260,144.0,,44.748,4.891,Plein jour,Hors agglomération,Hors intersection,Pluie légère,Autre collision,,,,,,,,,,,1,1,1,2,6