accident_id,datetime,annee,mois,jour,heure,minute,departement,commune_insee,adresse,latitude,longitude,luminosite,agglomeration,intersection,meteo,collision,nb_vehicules,nb_usagers,nb_indemnes,nb_tues,nb_blesses_hosp,nb_blesses_legers,age_cond_1,age_cond_2,veh_type_cond_1,veh_type_cond_2,lum_code,agg_code,int_code,atm_code,col_code
200500041676,0005-07-30 18:30:00,5,7,30,18,30,260,144.0,,44.742,4.91,Plein jour,Hors agglomération,Hors intersection,Normale,Deux véhicules - frontale,,,,,,,,,,,1,1,1,1,1
200500041677,0005-07-30 21:15:00,5,7,30,21,15,260,208.0,quartier Les Chabertes,,,Plein jour,Hors agglomération,Intersection en X,Normale,Deux véhicules - frontale,,,,,,,,,,,1,1,2,1,1
200500041678,0005-07-08 17:15:00,5,7,8,17,15,260,368.0,,44.701,5.244,Plein jour,Hors agglomération,Hors intersection,Normale,Deux véhicules - frontale,,,,,,,,,,,1,1,1,1,1
200500041679,0005-07-20 15:30:00,5,7,20,15,30,260,113.0,Route d'Ausson,,,Plein jour,En agglomération,Hors intersection,Normale,Deux véhicules - frontale,,,,,,,,,,,1,2,1,1,1
200500041680,0005-07-31 15:50:00,5,7,31,15,50,260,168.0,AGE 0 NIVEAU DE Cassarel,,,Plein jour,Hors agglomération,Hors intersection,Normale,Trois véhicules et plus - collisions multiples,,,,,,,,,,,1,1,1,1,5
200500041681,0005-07-22 11:10:00,5,7,22,11,10,260,106.0,ROUTE NATIONALE 7,,,Plein jour,Hors agglomération,Hors intersection,Normale,Deux véhicules - côté,,,,,,,,,,,1,1,1,1,3
200500041682,0005-07-02 21:15:00,5,7,2,21,15,260,31.0,,,,Crépuscule ou aube,Hors agglomération,Hors intersection,Normale,Sans collision,,,,,,,,,,,2,1,1,1,7
200500041683,0005-07-24 15:30:00,5,7,24,15,30,260,326.0,,44.34,4.791,Plein jour,Hors agglomération,Hors intersection,Normale,Deux véhicules - côté,,,,,,,,,,,1,1,1,1,3
200500041684,0005-07-24 17:00:00,5,7,24,17,0,260,275.0,D8,44.365,4.864,Plein jour,En agglomération,Giratoire,Normale,Deux véhicules - frontale,,,,,,,,,,,1,2,6,1,1
200500041685,0005-07-20 14:45:00,5,7,20,14,45,260,16.0,,,,Plein jour,Hors agglomération,Hors intersection,Normale,Deux véhicules - frontale,,,,,,,,,,,1,1,1,1,1
200500041686,0005-07-22 21:45:00,5,7,22,21,45,260,233.0,,,,Nuit avec éclairage non allumé,Hors agglomération,Hors intersection,Normale,Deux véhicules - frontale,,,,,,,,,,,4,1,1,1,1
200500041687,0005-07-05 11:45:00,5,7,5,11,45,260,304.0,,,,Plein jour,Hors agglomération,Hors intersection,Normale,Sans collision,,,,,,,,,,,1,1,1,1,7
200500041688,0005-07-23 14:00:00,5,7,23,14,0,260,306.0,,,,Plein jour,Hors agglomération,Autre intersection,Normale,Sans collision,,,,,,,,,,,1,1,9,1,7
200500041689,0005-07-07 00:01:00,5,7,7,0,1,260,57.0,,,,Nuit sans éclairage public,Hors agglomération,Hors intersection,Normale,Autre collision,,,,,,,,,,,3,1,1,1,6
200500041690,0005-07-09 11:30:00,5,7,9,11,30,260,218.0,Avenue Dauphiné-Provence,,,Plein jour,En agglomération,Hors intersection,Normale,Trois véhicules et plus - en chaîne,,,,,,,,,,,1,2,1,1,4
200500041691,0005-07-11 18:30:00,5,7,11,18,30,260,84.0,,,,Plein jour,Hors agglomération,Giratoire,Normale,Deux véhicules - côté,,,,,,,,,,,1,1,6,1,3
200500041692,0005-07-15 15:00:00,5,7,15,15,0,260,139.0,CD 112,,,Plein jour,Hors agglomération,Hors intersection,Normale,Deux véhicules - côté,,,,,,,,,,,1,1,1,1,3
200500041693,0005-07-21 16:30:00,5,7,21,16,30,260,14.0,,,,Plein jour,Hors agglomération,Hors intersection,Normale,Deux véhicules - côté,,,,,,,,,,,1,1,1,1,3
200500041694,0005-07-24 19:15:00,5,7,24,19,15,260,88.0,,,,Plein jour,Hors agglomération,Hors intersection,Normale,Deux véhicules - côté,,,,,,,,,,,1,1,1,1,3
200500041695,0005-07-28 11:30:00,5,7,28,11,30,260,23.0,,,,Plein jour,Hors agglomération,Intersection en X,Normale,Deux véhicules - côté,,,,,,,,,,,1,1,2,1,3
200500041696,0005-07-13 17:30:00,5,7,13,17,30,260,83.0,,,,Plein jour,Hors agglomération,Hors intersection,Normale,Sans collision,,,,,,,,,,,1,1,1,1,7
200500041697,0005-07-15 04:30:00,5,7,15,4,30,260,172.0,Le village,,,Nuit avec éclairage allumé,En agglomération,Hors intersection,Normale,Sans collision,,,,,,,,,,,5,2,1,1,7
200500041698,0005-07-16 05:45:00,5,7,16,5,45,260,330.0,CD 1 route d'ANNEYRON,,,Crépuscule ou aube,En agglomération,Hors intersection,Normale,Autre collision,,,,,,,,,,,2,2,1,1,6
200500041699,0005-07-20 08:00:00,5,7,20,8,0,260,210.0,,,,Nuit sans éclairage public,Hors agglomération,Hors intersection,Normale,Autre collision,,,,,,,,,,,3,1,1,1,6
200500041700,0005-07-22 16:30:00,5,7,22,16,30,260,162.0,QUARTIER ST DIDIER,,,Plein jour,Hors agglomération,Hors intersection,Normale,Deux véhicules - côté,,,,,,,,,,,1,1,1,1,3
200500041701,0005-07-24 15:15:00,5,7,24,15,15,260,148.0,,,,Plein jour,Hors agglomération,Hors intersection,Normale,Autre collision,,,,,,,,,,,1,1,1,1,6
200500041702,0005-07-06 11:45:00,5,7,6,11,45,260,320.0,LE VILLAGE,45.064,5.244,Plein jour,En agglomération,Hors intersection,Pluie légère,Autre collision,,,,,,,,,,,1,2,1,2,6
200500041703,0005-07-07 17:45:00,5,7,7,17,45,260,331.0,,45.059,5.281,Plein jour,Hors agglomération,Hors intersection,Normale,Autre collision,,,,,,,,,,,1,1,1,1,6
200500041704,0005-07-04 14:30:00,5,7,4,14,30,260,325.0,Rue Lucien Steinberg,45.297,4.814,Plein jour,En agglomération,Hors intersection,Normale,Autre collision,,,,,,,,,,,1,2,1,1,6
200500041705,0005-07-21 20:00:00,5,7,21,20,0,260,10.0,,,,Crépuscule ou aube,Hors agglomération,Hors intersection,Normale,Deux véhicules - arrière,,,,,,,,,,,2,1,1,1,2
200500041706,0005-07-03 16:00:00,5,7,3,16,0,260,347.0,RN7,,,Plein jour,En agglomération,Hors intersection,Normale,Deux véhicules - frontale,,,,,,,,,,,1,2,1,1,1
200500041707,0005-07-11 22:45:00,5,7,11,22,45,260,72.0,,,,Nuit sans éclairage public,Hors agglomération,Hors intersection,Normale,Deux véhicules - arrière,,,,,,,,,,,3,1,1,1,2
200500041708,0005-07-15 21:30:00,5,7,15,21,30,260,179.0,Quartier les Chassis,,,Crépuscule ou aube,Hors agglomération,Hors intersection,Normale,Deux véhicules - côté,,,,,,,,,,,2,1,1,1,3
200500041709,0005-07-08 16:00:00,5,7,8,16,0,260,179.0,Route de l'église,,,Plein jour,En agglomération,Hors intersection,Normale,Sans collision,,,,,,,,,,,1,2,1,1,7
200500041710,0005-07-01 20:15:00,5,7,1,20,15,380,150.0,,45.206,5.837,Plein jour,Hors agglomération,Hors intersection,Normale,Autre collision,,,,,,,,,,,1,1,1,1,6
200500041711,0005-07-08 15:45:00,5,7,8,15,45,380,175.0,,45.273,5.911,Plein jour,Hors agglomération,Hors intersection,Normale,Trois véhicules et plus - collisions multiples,,,,,,,,,,,1,1,1,1,5
200500041712,0005-07-23 11:37:00,5,7,23,11,37,380,206.0,lieu dit le MOLLARD,,,Plein jour,Hors agglomération,Hors intersection,Normale,Sans collision,,,,,,,,,,,1,1,1,1,7
200500041713,0005-07-23 03:15:00,5,7,23,3,15,380,111.0,avenue de la libération,,,Nuit avec éclairage allumé,En agglomération,Hors intersection,Normale,Autre collision,,,,,,,,,,,5,2,1,1,6
200500041714,0005-07-17 18:30:00,5,7,17,18,30,380,474.0,,45.224,5.65,Plein jour,Hors agglomération,Hors intersection,Normale,Deux véhicules - frontale,,,,,,,,,,,1,1,1,1,1
200500041715,0005-07-23 18:30:00,5,7,23,18,30,380,548.0,,45.078,5.541,Plein jour,Hors agglomération,Hors intersection,Normale,Deux véhicules - frontale,,,,,,,,,,,1,1,1,1,1
200500041716,0005-07-12 15:30:00,5,7,12,15,30,380,565.0,rond point de roize,,,Plein jour,En agglomération,Giratoire,Normale,Trois véhicules et plus - collisions multiples,,,,,,,,,,,1,2,6,1,5
200500041717,0005-07-13 08:45:00,5,7,13,8,45,380,565.0,,45.28,5.627,Plein jour,Hors agglomération,Hors intersection,Normale,Trois véhicules et plus - collisions multiples,,,,,,,,,,,1,1,1,1,5
200500041718,0005-07-28 19:00:00,5,7,28,19,0,380,565.0,,45.301,5.629,Plein jour,Hors agglomération,Hors intersection,Normale,Trois véhicules et plus - en chaîne,,,,,,,,,,,1,1,1,1,4
200500041719,0005-07-16 15:30:00,5,7,16,15,30,380,299.0,,44.801,5.911,Plein jour,Hors agglomération,Hors intersection,Normale,Deux véhicules - côté,,,,,,,,,,,1,1,1,1,3
200500041720,0005-07-10 10:00:00,5,7,10,10,0,380,226.0,,44.817,5.75,Plein jour,Hors agglomération,Hors intersection,Normale,Sans collision,,,,,,,,,,,1,1,1,1,7
200500041721,0005-07-23 17:15:00,5,7,23,17,15,380,321.0,LE BOURG,44.791,5.697,Plein jour,En agglomération,Hors intersection,Normale,Autre collision,,,,,,,,,,,1,2,1,1,6
200500041722,0005-07-04 13:00:00,5,7,4,13,0,380,200.0,arrefour CD 529 et RN 85,,,Plein jour,Hors agglomération,Giratoire,Normale,Deux véhicules - côté,,,,,,,,,,,1,1,6,1,3
200500041723,0005-07-27 17:15:00,5,7,27,17,15,380,71.0,Rue du Boutey,45.079,5.727,Plein jour,En agglomération,Hors intersection,Normale,Deux véhicules - côté,,,,,,,,,,,1,2,1,1,3
200500041724,0005-07-05 22:30:00,5,7,5,22,30,380,559.0,Grande rue,45.214,5.403,Nuit avec éclairage allumé,En agglomération,Intersection en X,Normale,Deux véhicules - côté,,,,,,,,,,,5,2,2,1,3
200500041725,0005-07-09 16:45:00,5,7,9,16,45,380,517.0,,45.308,5.49,Plein jour,En agglomération,Intersection en Y,Normale,Deux véhicules - côté,,,,,,,,,,,1,2,4,1,3
200500041726,0005-07-28 07:30:00,5,7,28,7,30,380,310.0,,45.258,5.473,Plein jour,Hors agglomération,Intersection en T,Normale,Deux véhicules - frontale,,,,,,,,,,,1,1,3,1,1
200500041727,0005-07-29 11:15:00,5,7,29,11,15,380,517.0,avenue du vercors,45.295,5.483,Plein jour,En agglomération,Hors intersection,Normale,Deux véhicules - côté,,,,,,,,,,,1,2,1,1,3
200500041728,0005-07-03 16:45:00,5,7,3,16,45,380,374.0,,45.648,5.393,Plein jour,Hors agglomération,Hors intersection,Normale,Autre collision,,,,,,,,,,,1,1,1,1,6
200500041729,0005-07-14 18:00:00,5,7,14,18,0,380,455.0,CHEMIN DES SABLONS,45.647,5.304,Plein jour,En agglomération,Hors intersection,Normale,Autre collision,,,,,,,,,,,1,2,1,1,6
200500041730,0005-07-05 15:30:00,5,7,5,15,30,380,392.0,,45.682,5.296,Plein jour,Hors agglomération,Hors intersection,Normale,Trois véhicules et plus - collisions multiples,,,,,,,,,,,1,1,1,1,5
200500041731,0005-07-15 02:45:00,5,7,15,2,45,380,392.0,,45.684,5.283,Nuit sans éclairage public,Hors agglomération,Hors intersection,Normale,Autre collision,,,,,,,,,,,3,1,1,1,6
200500041732,0005-07-07 14:15:00,5,7,7,14,15,380,13.0,76 route de Lyon,45.402,5.506,Plein jour,En agglomération,Hors intersection,Normale,Autre collision,,,,,,,,,,,1,2,1,1,6
200500041733,0005-07-09 22:45:00,5,7,9,22,45,380,560.0,,,,Nuit sans éclairage public,Hors agglomération,Hors intersection,Normale,Autre collision,,,,,,,,,,,3,1,1,1,6
200500041734,0005-07-04 23:00:00,5,7,4,23,0,380,247.0,Rue des Carrières,,,Nuit avec éclairage allumé,En agglomération,Hors intersection,Normale,Autre collision,,,,,,,,,,,5,2,1,1,6
200500041735,0005-07-08 16:45:00,5,7,8,16,45,380,26.0,,45.826,5.312,Plein jour,Hors agglomération,Hors intersection,Normale,Deux véhicules - arrière,,,,,,,,,,,1,1,1,1,2
200500041736,0005-07-08 18:35:00,5,7,8,18,35,380,135.0,CD522,45.73,5.407,Plein jour,En agglomération,Hors intersection,Normale,Autre collision,,,,,,,,,,,1,2,1,1,6
200500041737,0005-07-12 23:00:00,5,7,12,23,0,380,22.0,route de JALLERIEU,,,Nuit avec éclairage allumé,En agglomération,Place,Normale,Deux véhicules - côté,,,,,,,,,,,5,2,7,1,3
200500041738,0005-07-11 11:00:00,5,7,11,11,0,380,22.0,Place Baccus,45.641,5.566,Plein jour,En agglomération,Place,Normale,Autre collision,,,,,,,,,,,1,2,7,1,6
200500041739,0005-07-30 13:45:00,5,7,30,13,45,380,261.0,,,,Plein jour,En agglomération,Hors intersection,Normale,Deux véhicules - côté,,,,,,,,,,,1,2,1,1,3
200500041740,0005-07-02 17:15:00,5,7,2,17,15,380,372.0,,45.48,5.677,Plein jour,Hors agglomération,Hors intersection,Normale,Deux véhicules - frontale,,,,,,,,,,,1,1,1,1,1
200500041741,0005-07-22 05:00:00,5,7,22,5,0,380,357.0,2 rue Molière,45.559,5.522,Nuit avec éclairage allumé,En agglomération,Hors intersection,Normale,Autre collision,,,,,,,,,,,5,2,1,1,6
200500041742,0005-07-08 13:45:00,5,7,8,13,45,380,369.0,,,,Plein jour,Hors agglomération,Hors intersection,Pluie légère,Autre collision,,,,,,,,,,,1,1,1,2,6
200500041743,0005-07-15 19:30:00,5,7,15,19,30,380,157.0,,45.516,4.964,Plein jour,Hors agglomération,Hors intersection,Normale,Deux véhicules - frontale,,,,,,,,,,,1,1,1,1,1
200500041744,0005-07-24 10:00:00,5,7,24,10,0,380,87.0,,,,Plein jour,Hors agglomération,Hors intersection,Normale,Deux véhicules - frontale,,,,,,,,,,,1,1,1,1,1
200500041745,0005-07-19 14:45:00,5,7,19,14,45,380,324.0,,45.399,5.024,Plein jour,Hors agglomération,Hors intersection,Normale,Deux véhicules - côté,,,,,,,,,,,1,1,1,1,3
200500041746,0005-07-25 17:45:00,5,7,25,17,45,380,496.0,,45.361,4.926,Plein jour,Hors agglomération,Hors intersection,Normale,Deux véhicules - frontale,,,,,,,,,,,1,1,1,1,1
200500041747,0005-07-30 04:30:00,5,7,30,4,30,380,291.0,Montée de Braille,,,Nuit sans éclairage public,Hors agglomération,Autre intersection,Temps couvert,Sans collision,,,,,,,,,,,3,1,9,8,7
200500041748,0005-07-10 00:01:00,5,7,10,0,1,380,389.0,,45.561,5.047,Nuit sans éclairage public,Hors agglomération,Hors intersection,Normale,Sans collision,,,,,,,,,,,3,1,1,1,7
200500041749,0005-07-14 09:15:00,5,7,14,9,15,380,232.0,"lieu-dit ""Le Village""",,,Plein jour,En agglomération,Hors intersection,Normale,Sans collision,,,,,,,,,,,1,2,1,1,7
200500041750,0005-07-02 15:30:00,5,7,2,15,30,380,197.0,CD517,45.758,5.119,Plein jour,Hors agglomération,Hors intersection,Normale,Deux véhicules - côté,,,,,,,,,,,1,1,1,1,3
200500041751,0005-07-15 17:15:00,5,7,15,17,15,380,97.0,Route de Lyon,45.783,5.175,Plein jour,En agglomération,Hors intersection,Normale,Deux véhicules - côté,,,,,,,,,,,1,2,1,1,3
200500041752,0005-07-01 00:15:00,5,7,1,0,15,380,468.0,RN7,45.356,4.803,Nuit avec éclairage allumé,En agglomération,Hors intersection,Pluie forte,Trois véhicules et plus - en chaîne,,,,,,,,,,,5,2,1,3,4
200500041753,0005-07-04 20:30:00,5,7,4,20,30,380,349.0,,45.323,4.795,Plein jour,Hors agglomération,Hors intersection,Normale,Deux véhicules - frontale,,,,,,,,,,,1,1,1,1,1
200500041754,0005-07-08 19:15:00,5,7,8,19,15,380,468.0,RUE LOUIS SAILLANT,45.355,4.811,Plein jour,En agglomération,Hors intersection,Normale,Deux véhicules - frontale,,,,,,,,,,,1,2,1,1,1
200500041755,0005-07-08 06:00:00,5,7,8,6,0,380,344.0,/ route du chateau d'eau,45.401,4.829,Crépuscule ou aube,Hors agglomération,Hors intersection,Normale,Deux véhicules - frontale,,,,,,,,,,,2,1,1,1,1
200500041756,0005-07-17 13:30:00,5,7,17,13,30,380,556.0,,45.387,4.842,Plein jour,Hors agglomération,Hors intersection,Temps éblouissant,Sans collision,,,,,,,,,,,1,1,1,7,7
200500041757,0005-07-03 21:00:00,5,7,3,21,0,380,449.0,,,,Crépuscule ou aube,Hors agglomération,Giratoire,Normale,Sans collision,,,,,,,,,,,2,1,6,1,7
200500041758,0005-07-17 18:00:00,5,7,17,18,0,380,475.0,,,,Plein jour,Hors agglomération,Hors intersection,Normale,Deux véhicules - côté,,,,,,,,,,,1,1,1,1,3
200500041759,0005-07-21 00:15:00,5,7,21,0,15,380,449.0,,,,Nuit sans éclairage public,Hors agglomération,Hors intersection,Normale,Autre collision,,,,,,,,,,,3,1,1,1,6
200500041760,0005-07-07 08:30:00,5,7,7,8,30,420,329.0,,45.328,4.524,Plein jour,Hors agglomération,Hors intersection,Normale,Deux véhicules - arrière,,,,,,,,,,,1,1,1,1,2
200500041761,0005-07-06 13:30:00,5,7,6,13,30,420,208.0,,45.549,4.497,Plein jour,Hors agglomération,Hors intersection,Pluie légère,Deux véhicules - frontale,,,,,,,,,,,1,1,1,2,1
200500041762,0005-07-08 07:30:00,5,7,8,7,30,420,234.0,,45.517,4.377,Plein jour,Hors agglomération,Hors intersection,Pluie légère,Deux véhicules - frontale,,,,,,,,,,,1,1,1,2,1
200500041763,0005-07-12 09:45:00,5,7,12,9,45,420,234.0,ROUTE DE LYON,45.535,4.376,Plein jour,En agglomération,Intersection en T,Normale,Deux véhicules - côté,,,,,,,,,,,1,2,3,1,3
200500041764,0005-07-13 20:00:00,5,7,13,20,0,420,269.0,"RD5 lieu ""les georges""",,,Plein jour,Hors agglomération,Hors intersection,Normale,Deux véhicules - frontale,,,,,,,,,,,1,1,1,1,1
200500041765,0005-07-01 12:15:00,5,7,1,12,15,420,5.0,RUE BARTHELEMY THIMONIER,45.527,4.271,Plein jour,En agglomération,Hors intersection,Normale,Deux véhicules - frontale,,,,,,,,,,,1,2,1,1,1
200500041766,0005-07-05 17:00:00,5,7,5,17,0,420,304.0,LIEU DIT LES ECHAUDS,45.532,4.184,Plein jour,En agglomération,Hors intersection,Normale,Deux véhicules - frontale,,,,,,,,,,,1,2,1,1,1
200500041767,0005-07-27 07:15:00,5,7,27,7,15,420,143.0,,45.791,4.169,Plein jour,Hors agglomération,Hors intersection,Normale,Deux véhicules - côté,,,,,,,,,,,1,1,1,1,3
200500041768,0005-07-29 20:00:00,5,7,29,20,0,420,202.0,,45.733,4.312,Plein jour,Hors agglomération,Hors intersection,Pluie légère,Deux véhicules - côté,,,,,,,,,,,1,1,1,2,3
200500041769,0005-07-30 14:15:00,5,7,30,14,15,420,262.0,RUE DE LA BARRIERE,45.407,4.189,Plein jour,En agglomération,Hors intersection,Normale,Deux véhicules - frontale,,,,,,,,,,,1,2,1,1,1
200500041770,0005-07-01 09:30:00,5,7,1,9,30,420,59.0,RUE CLAUDE PROTIERE,45.64,4.384,Plein jour,En agglomération,Hors intersection,Normale,Deux véhicules - frontale,,,,,,,,,,,1,2,1,1,1
200500041771,0005-07-08 15:45:00,5,7,8,15,45,420,13.0,"D10, 1090 rte de BELLEGA",,,Plein jour,En agglomération,Hors intersection,Normale,Deux véhicules - arrière,,,,,,,,,,,1,2,1,1,2
200500041772,0005-07-08 17:15:00,5,7,8,17,15,420,59.0,RUE ARMAND BAZIN,,,Plein jour,En agglomération,Hors intersection,Normale,Deux véhicules - côté,,,,,,,,,,,1,2,1,1,3
200500041773,0005-07-16 22:28:00,5,7,16,22,28,420,191.0,"al, la Croix des Rameaux",45.389,4.677,Nuit sans éclairage public,Hors agglomération,Hors intersection,Normale,Sans collision,,,,,,,,,,,3,1,1,1,7
200500041774,0005-07-19 11:00:00,5,7,19,11,0,420,239.0,,,,Plein jour,Hors agglomération,Hors intersection,Normale,Deux véhicules - côté,,,,,,,,,,,1,1,1,1,3
200500041775,0005-07-31 06:30:00,5,7,31,6,30,420,120.0,,,,Crépuscule ou aube,Hors agglomération,Hors intersection,Normale,Autre collision,,,,,,,,,,,2,1,1,1,6
200500041776,0005-07-01 20:30:00,5,7,1,20,30,420,249.0,LA CROIX,,,Plein jour,En agglomération,Hors intersection,Normale,Deux véhicules - frontale,,,,,,,,,,,1,2,1,1,1
200500041777,0005-07-13 04:30:00,5,7,13,4,30,420,128.0,,45.92,4.31,Nuit sans éclairage public,Hors agglomération,Hors intersection,Normale,Deux véhicules - arrière,,,,,,,,,,,3,1,1,1,2
200500041778,0005-07-24 00:15:00,5,7,24,0,15,420,154.0,,,,Nuit sans éclairage public,Hors agglomération,Hors intersection,Normale,Autre collision,,,,,,,,,,,3,1,1,1,6
200500041779,0005-07-06 10:45:00,5,7,6,10,45,420,25.0,,,,Plein jour,Hors agglomération,Hors intersection,Pluie légère,Deux véhicules - côté,,,,,,,,,,,1,1,1,2,3
200500041780,0005-07-08 18:50:00,5,7,8,18,50,420,104.0,LA RAISON    PK 60+100,,,Plein jour,Hors agglomération,Hors intersection,Normale,Deux véhicules - frontale,,,,,,,,,,,1,1,1,1,1
200500041781,0005-07-03 05:30:00,5,7,3,5,30,420,337.0,LIEU DIT CHARDERON,,,Crépuscule ou aube,En agglomération,Hors intersection,Normale,Autre collision,,,,,,,,,,,2,2,1,1,6
200500041782,0005-07-02 01:00:00,5,7,2,1,0,420,157.0,,,,Nuit sans éclairage public,Hors agglomération,Hors intersection,Normale,Sans collision,,,,,,,,,,,3,1,1,1,7
200500041783,0005-07-05 16:00:00,5,7,5,16,0,420,163.0,,,,Nuit sans éclairage public,Hors agglomération,Hors intersection,Pluie légère,Sans collision,,,,,,,,,,,3,1,1,2,7
200500041784,0005-07-22 15:45:00,5,7,22,15,45,420,231.0,,,,Plein jour,Hors agglomération,Hors intersection,Normale,Deux véhicules - frontale,,,,,,,,,,,1,1,1,1,1
200500041785,0005-07-14 13:05:00,5,7,14,13,5,730,128.0,,,,Plein jour,Hors agglomération,Hors intersection,Normale,Trois véhicules et plus - collisions multiples,,,,,,,,,,,1,1,1,1,5
200500041786,0005-07-17 19:15:00,5,7,17,19,15,730,263.0,,,,Plein jour,Hors agglomération,Hors intersection,Normale,Deux véhicules - frontale,,,,,,,,,,,1,1,1,1,1
200500041787,0005-07-01 16:00:00,5,7,1,16,0,730,225.0,,,,Plein jour,Hors agglomération,Hors intersection,Normale,Deux véhicules - côté,,,,,,,,,,,1,1,1,1,3
200500041788,0005-07-06 05:45:00,5,7,6,5,45,730,213.0,,45.575,5.961,Crépuscule ou aube,Hors agglomération,Hors intersection,Normale,Deux véhicules - côté,,,,,,,,,,,2,1,1,1,3
200500041789,0005-07-01 15:00:00,5,7,1,15,0,730,79.0,,,,Plein jour,Hors agglomération,Hors intersection,Normale,Sans collision,,,,,,,,,,,1,1,1,1,7
200500041790,0005-07-03 10:30:00,5,7,3,10,30,730,205.0,,45.511,6.253,Plein jour,Hors agglomération,Hors intersection,Normale,Deux véhicules - frontale,,,,,,,,,,,1,1,1,1,1
200500041791,0005-07-31 11:00:00,5,7,31,11,0,730,207.0,u Les Violettes à PRESLE,,,Plein jour,Hors agglomération,Hors intersection,Normale,Deux véhicules - frontale,,,,,,,,,,,1,1,1,1,1
200500041792,0005-07-03 09:15:00,5,7,3,9,15,730,36.0,,45.751,6.115,Plein jour,Hors agglomération,Hors intersection,Normale,Autre collision,,,,,,,,,,,1,1,1,1,6
200500041793,0005-07-16 15:15:00,5,7,16,15,15,730,204.0,avenue Jean Jaures,,,Plein jour,En agglomération,Hors intersection,Normale,Deux véhicules - côté,,,,,,,,,,,1,2,1,1,3
200500041794,0005-07-23 00:15:00,5,7,23,0,15,730,171.0,,45.506,6.067,Nuit avec éclairage allumé,Hors agglomération,Intersection en T,Normale,Deux véhicules - côté,,,,,,,,,,,5,1,3,1,3
200500041795,0005-07-03 20:30:00,5,7,3,20,30,730,245.0,,,,Plein jour,Hors agglomération,Intersection en T,Normale,Deux véhicules - côté,,,,,,,,,,,1,1,3,1,3
200500041796,0005-07-10 21:45:00,5,7,10,21,45,730,229.0,,45.459,5.786,Nuit sans éclairage public,Hors agglomération,Hors intersection,Normale,Deux véhicules - frontale,,,,,,,,,,,3,1,1,1,1
200500041797,0005-07-19 12:30:00,5,7,19,12,30,730,58.0,Le Bourg CD 921E,45.534,5.743,Plein jour,En agglomération,Hors intersection,Normale,Deux véhicules - côté,,,,,,,,,,,1,2,1,1,3
200500041798,0005-07-25 18:45:00,5,7,25,18,45,730,226.0,,45.482,5.731,Plein jour,Hors agglomération,Hors intersection,Normale,Deux véhicules - frontale,,,,,,,,,,,1,1,1,1,1
200500041799,0005-07-05 15:15:00,5,7,5,15,15,730,39.0,,45.56,5.676,Plein jour,Hors agglomération,Hors intersection,Normale,Deux véhicules - frontale,,,,,,,,,,,1,1,1,1,1
200500041800,0005-07-31 10:00:00,5,7,31,10,0,730,118.0,lieu dit Le Plan,,,Plein jour,Hors agglomération,Intersection en X,Normale,Deux véhicules - côté,,,,,,,,,,,1,1,2,1,3
200500041801,0005-07-09 00:15:00,5,7,9,0,15,730,32.0,,45.627,6.448,Nuit sans éclairage public,Hors agglomération,Hors intersection,Normale,Autre collision,,,,,,,,,,,3,1,1,1,6
200500041802,0005-07-18 12:00:00,5,7,18,12,0,730,124.0,,45.654,6.359,Plein jour,Hors agglomération,Intersection en X,Normale,Deux véhicules - côté,,,,,,,,,,,1,1,2,1,3
200500041803,0005-07-31 22:30:00,5,7,31,22,30,730,202.0,,45.67,6.3,Nuit sans éclairage public,Hors agglomération,Hors intersection,Normale,Autre collision,,,,,,,,,,,3,1,1,1,6
200500041804,0005-07-23 09:00:00,5,7,23,9,0,730,6.0,rue de la hall,,,Plein jour,En agglomération,Hors intersection,Normale,Autre collision,,,,,,,,,,,1,2,1,1,6
200500041805,0005-07-15 17:30:00,5,7,15,17,30,730,285.0,RN90 PK 94+000,,,Plein jour,Hors agglomération,Hors intersection,Normale,Deux véhicules - frontale,,,,,,,,,,,1,1,1,1,1
200500041806,0005-07-16 10:15:00,5,7,16,10,15,730,285.0,"RN 90, PK80+875",,,Plein jour,En agglomération,Hors intersection,Normale,Deux véhicules - arrière,,,,,,,,,,,1,2,1,1,2
200500041807,0005-07-17 10:15:00,5,7,17,10,15,730,54.0,av du maréchal leclerc,,,Plein jour,En agglomération,Hors intersection,Normale,Deux véhicules - côté,,,,,,,,,,,1,2,1,1,3
200500041808,0005-07-24 03:30:00,5,7,24,3,30,730,323.0,Lieu dit RONAZ,,,Nuit sans éclairage public,Hors agglomération,Hors intersection,Normale,Sans collision,,,,,,,,,,,3,1,1,1,7
200500041809,0005-07-12 10:15:00,5,7,12,10,15,730,253.0,,,,Plein jour,Hors agglomération,Hors intersection,Normale,Sans collision,,,,,,,,,,,1,1,1,1,7
200500041810,0005-07-18 19:30:00,5,7,18,19,30,730,3.0,RN 90 - aigueblanche,,,Crépuscule ou aube,Hors agglomération,Hors intersection,Pluie forte,Sans collision,,,,,,,,,,,2,1,1,3,7