accident_id,datetime,annee,mois,jour,heure,minute,departement,commune_insee,adresse,latitude,longitude,luminosite,agglomeration,intersection,meteo,collision,nb_vehicules,nb_usagers,nb_indemnes,nb_tues,nb_blesses_hosp,nb_blesses_legers,age_cond_1,age_cond_2,veh_type_cond_1,veh_type_cond_2,lum_code,agg_code,int_code,atm_code,col_code
200500041811,0005-07-01 23:00:00,5,7,1,23,0,730,320.0,,45.266,6.383,Nuit sans éclairage public,Hors agglomération,Hors intersection,Normale,Autre collision,,,,,,,,,,,3,1,1,1,6
200500041812,0005-07-17 19:45:00,5,7,17,19,45,730,280.0,926 - lieu dit l'église,,,Plein jour,En agglomération,Hors intersection,Normale,Deux véhicules - côté,,,,,,,,,,,1,2,1,1,3
200500041813,0005-07-24 13:45:00,5,7,24,13,45,730,278.0,RN.6,45.39,6.277,Plein jour,Hors agglomération,Hors intersection,Normale,Deux véhicules - côté,,,,,,,,,,,1,1,1,1,3
200500041814,0005-07-03 16:00:00,5,7,3,16,0,730,2.0,rue du mont cenis,,,Plein jour,En agglomération,Hors intersection,Normale,Deux véhicules - côté,,,,,,,,,,,1,2,1,1,3
200500041815,0005-07-03 12:45:00,5,7,3,12,45,730,143.0,,,,Plein jour,Hors agglomération,Autre intersection,Normale,Sans collision,,,,,,,,,,,1,1,9,1,7
200500041816,0005-07-10 14:45:00,5,7,10,14,45,730,40.0,,,,Plein jour,Hors agglomération,Hors intersection,Normale,Deux véhicules - côté,,,,,,,,,,,1,1,1,1,3
200500041817,0005-07-17 18:30:00,5,7,17,18,30,730,143.0,,,,Plein jour,Hors agglomération,Hors intersection,Normale,Autre collision,,,,,,,,,,,1,1,1,1,6
200500041818,0005-07-24 23:45:00,5,7,24,23,45,730,143.0,91 ROUTE DU MONT CENIS,,,Nuit avec éclairage allumé,En agglomération,Giratoire,Normale,Deux véhicules - côté,,,,,,,,,,,5,2,6,1,3
200500041819,0005-07-06 18:30:00,5,7,6,18,30,740,11.0,,,,Plein jour,Hors agglomération,Hors intersection,Normale,Deux véhicules - frontale,,,,,,,,,,,1,1,1,1,1
200500041820,0005-07-01 07:15:00,5,7,1,7,15,740,267.0,Route du Piron,,,Plein jour,En agglomération,Intersection en T,Normale,Deux véhicules - côté,,,,,,,,,,,1,2,3,1,3
200500041821,0005-07-05 10:15:00,5,7,5,10,15,740,242.0,Route de l'Eglise,,,Plein jour,En agglomération,Hors intersection,Normale,Autre collision,,,,,,,,,,,1,2,1,1,6
200500041822,0005-07-22 23:30:00,5,7,22,23,30,740,242.0,ROUTE DU PORT,45.839,6.168,Nuit avec éclairage allumé,En agglomération,Hors intersection,Normale,Deux véhicules - arrière,,,,,,,,,,,5,2,1,1,2
200500041823,0005-07-28 19:45:00,5,7,28,19,45,740,123.0,VERCHERES,,,Plein jour,En agglomération,Hors intersection,Normale,Deux véhicules - côté,,,,,,,,,,,1,2,1,1,3
200500041824,0005-07-06 17:20:00,5,7,6,17,20,740,138.0,"Lieu dit "" Le Buisson """,,,Plein jour,Hors agglomération,Hors intersection,Normale,Deux véhicules - frontale,,,,,,,,,,,1,1,1,1,1
200500041825,0005-07-22 14:40:00,5,7,22,14,40,740,289.0,,,,Plein jour,Hors agglomération,Hors intersection,Normale,Deux véhicules - frontale,,,,,,,,,,,1,1,1,1,1
200500041826,0005-07-27 05:20:00,5,7,27,5,20,740,161.0,Route des Creuses,,,Crépuscule ou aube,Hors agglomération,Hors intersection,Normale,Sans collision,,,,,,,,,,,2,1,1,1,7
200500041827,0005-07-29 21:00:00,5,7,29,21,0,740,2.0,RN.201,,,Nuit sans éclairage public,Hors agglomération,Hors intersection,Pluie légère,Trois véhicules et plus - collisions multiples,,,,,,,,,,,3,1,1,2,5
200500041828,0005-07-02 18:30:00,5,7,2,18,30,740,80.0,CHALET LA PASTORALE,,,Plein jour,Hors agglomération,Hors intersection,Normale,Deux véhicules - côté,,,,,,,,,,,1,1,1,1,3
200500041829,0005-07-22 11:45:00,5,7,22,11,45,740,239.0,ZA  les Mezers,,,Plein jour,Hors agglomération,Hors intersection,Normale,Deux véhicules - frontale,,,,,,,,,,,1,1,1,1,1
200500041830,0005-07-21 08:15:00,5,7,21,8,15,740,56.0,rue helbronner,,,Plein jour,En agglomération,Hors intersection,Normale,Deux véhicules - frontale,,,,,,,,,,,1,2,1,1,1
200500041831,0005-07-14 16:45:00,5,7,14,16,45,740,81.0,avenue de la gare,,,Plein jour,En agglomération,Hors intersection,Normale,Deux véhicules - côté,,,,,,,,,,,1,2,1,1,3
200500041832,0005-07-22 20:45:00,5,7,22,20,45,740,264.0,692 AVENUE DU CROZET,,,Plein jour,En agglomération,Hors intersection,Normale,Autre collision,,,,,,,,,,,1,2,1,1,6
200500041833,0005-07-20 10:45:00,5,7,20,10,45,740,236.0,91 av. du Montt d'Arbois,,,Plein jour,En agglomération,Hors intersection,Normale,Autre collision,,,,,,,,,,,1,2,1,1,6
200500041834,0005-07-26 19:15:00,5,7,26,19,15,740,236.0,,,,Plein jour,Hors agglomération,Hors intersection,Autre,Deux véhicules - frontale,,,,,,,,,,,1,1,1,9,1
200500041835,0005-07-28 21:45:00,5,7,28,21,45,740,173.0,,,,Nuit sans éclairage public,Hors agglomération,Hors intersection,Normale,Deux véhicules - frontale,,,,,,,,,,,3,1,1,1,1
200500041836,0005-07-21 17:45:00,5,7,21,17,45,740,116.0,RN 203 - Col d'Evires,46.049,6.258,Plein jour,Hors agglomération,Hors intersection,Normale,Trois véhicules et plus - collisions multiples,,,,,,,,,,,1,1,1,1,5
200500041837,0005-07-26 18:30:00,5,7,26,18,30,740,116.0,,,,Plein jour,Hors agglomération,Hors intersection,Normale,Trois véhicules et plus - collisions multiples,,,,,,,,,,,1,1,1,1,5
200500041838,0005-07-30 03:15:00,5,7,30,3,15,740,250.0,CD 12 Avenue des digues,46.066,6.384,Nuit sans éclairage public,En agglomération,Hors intersection,Pluie légère,Autre collision,,,,,,,,,,,3,2,1,2,6
200500041839,0005-07-23 15:15:00,5,7,23,15,15,740,256.0,,,,Plein jour,Hors agglomération,Giratoire,Normale,Deux véhicules - frontale,,,,,,,,,,,1,1,6,1,1
200500041840,0005-07-03 01:30:00,5,7,3,1,30,740,190.0,CHEF LIEU,46.088,6.675,Nuit sans éclairage public,En agglomération,Hors intersection,Normale,Sans collision,,,,,,,,,,,3,2,1,1,7
200500041841,0005-07-12 09:15:00,5,7,12,9,15,740,273.0,,,,Plein jour,Hors agglomération,Hors intersection,Normale,Deux véhicules - arrière,,,,,,,,,,,1,1,1,1,2
200500041842,0005-07-20 16:45:00,5,7,20,16,45,740,258.0,avenue  des loisirs,,,Plein jour,En agglomération,Hors intersection,Normale,Autre collision,,,,,,,,,,,1,2,1,1,6
200500041843,0005-07-23 11:15:00,5,7,23,11,15,740,134.0,,,,Plein jour,Hors agglomération,Hors intersection,Normale,Deux véhicules - côté,,,,,,,,,,,1,1,1,1,3
200500041844,0005-07-12 16:45:00,5,7,12,16,45,740,243.0,16 ROUTE DES VIGNES,46.143,6.07,Plein jour,En agglomération,Hors intersection,Normale,Autre collision,,,,,,,,,,,1,2,1,1,6
200500041845,0005-07-09 22:30:00,5,7,9,22,30,740,220.0,,,,Nuit sans éclairage public,Hors agglomération,Hors intersection,Normale,Autre collision,,,,,,,,,,,3,1,1,1,6
200500041846,0005-07-16 16:15:00,5,7,16,16,15,740,94.0,,,,Plein jour,Hors agglomération,Hors intersection,Normale,Deux véhicules - frontale,,,,,,,,,,,1,1,1,1,1
200500041847,0005-07-19 22:00:00,5,7,19,22,0,740,220.0,210 grande rue,,,Nuit avec éclairage allumé,En agglomération,Hors intersection,Normale,Deux véhicules - côté,,,,,,,,,,,5,2,1,1,3
200500041848,0005-07-21 05:45:00,5,7,21,5,45,740,229.0,,,,Plein jour,Hors agglomération,Hors intersection,Normale,Deux véhicules - côté,,,,,,,,,,,1,1,1,1,3
200500041849,0005-07-27 09:15:00,5,7,27,9,15,740,40.0,avenue du leman,46.172,6.321,Plein jour,En agglomération,Hors intersection,Normale,Autre collision,,,,,,,,,,,1,2,1,1,6
200500041850,0005-07-09 12:30:00,5,7,9,12,30,740,51.0,route de Bellecombe,46.031,6.049,Plein jour,En agglomération,Hors intersection,Normale,Deux véhicules - frontale,,,,,,,,,,,1,2,1,1,1
200500041851,0005-07-12 15:00:00,5,7,12,15,0,740,6.0,,46.038,6.109,Plein jour,Hors agglomération,Hors intersection,Normale,Deux véhicules - frontale,,,,,,,,,,,1,1,1,1,1
200500041852,0005-07-18 17:45:00,5,7,18,17,45,740,314.0,,46.106,5.948,Plein jour,Hors agglomération,Hors intersection,Normale,Deux véhicules - côté,,,,,,,,,,,1,1,1,1,3
200500041853,0005-07-02 14:45:00,5,7,2,14,45,740,100.0,,,,Plein jour,Hors agglomération,Intersection en X,Normale,Deux véhicules - côté,,,,,,,,,,,1,1,2,1,3
200500041854,0005-07-06 13:50:00,5,7,6,13,50,740,131.0,Lieu dit la Combe RN508,,,Plein jour,Hors agglomération,Hors intersection,Pluie forte,Deux véhicules - côté,,,,,,,,,,,1,1,1,3,3
200500041855,0005-07-06 09:15:00,5,7,6,9,15,740,43.0,440 avenue  Mt de Boisy,46.28,6.34,Plein jour,En agglomération,Hors intersection,Pluie légère,Autre collision,,,,,,,,,,,1,2,1,2,6
200500041856,0005-07-23 20:15:00,5,7,23,20,15,740,105.0,RN 206  av. des voirons,46.302,6.306,Plein jour,En agglomération,Hors intersection,Normale,Deux véhicules - côté,,,,,,,,,,,1,2,1,1,3
200500041857,0005-07-12 12:15:00,5,7,12,12,15,740,1.0,,46.29,6.69,Plein jour,Hors agglomération,Hors intersection,Normale,Autre collision,,,,,,,,,,,1,1,1,1,6
200500041858,0005-07-12 20:30:00,5,7,12,20,30,740,63.0,,46.26,6.84,Crépuscule ou aube,Hors agglomération,Hors intersection,Normale,Deux véhicules - frontale,,,,,,,,,,,2,1,1,1,1
200500041859,0005-07-15 10:00:00,5,7,15,10,0,740,1.0,,46.29,6.69,Plein jour,Hors agglomération,Hors intersection,Normale,Trois véhicules et plus - collisions multiples,,,,,,,,,,,1,1,1,1,5
200500041860,0005-07-07 17:30:00,5,7,7,17,30,740,154.0,,,,Plein jour,Hors agglomération,Hors intersection,Normale,Deux véhicules - frontale,,,,,,,,,,,1,1,1,1,1
200500041861,0005-07-22 14:45:00,5,7,22,14,45,740,166.0,,,,Plein jour,Hors agglomération,Hors intersection,Normale,Trois véhicules et plus - collisions multiples,,,,,,,,,,,1,1,1,1,5
200500041862,0005-07-31 10:00:00,5,7,31,10,0,740,127.0,,46.358,6.567,Plein jour,Hors agglomération,Hors intersection,Normale,Autre collision,,,,,,,,,,,1,1,1,1,6
200500041863,0005-07-19 04:15:00,5,7,19,4,15,740,191.0,,,,Nuit sans éclairage public,Hors agglomération,Hors intersection,Autre,Deux véhicules - frontale,,,,,,,,,,,3,1,1,9,1
200500041864,0005-07-30 15:15:00,5,7,30,15,15,740,191.0,,,,Plein jour,Hors agglomération,Hors intersection,Normale,Autre collision,,,,,,,,,,,1,1,1,1,6
200500041865,0005-07-11 18:45:00,5,7,11,18,45,630,40.0,Rue Carnot,45.728,3.34,Plein jour,En agglomération,Hors intersection,Normale,Deux véhicules - frontale,,,,,,,,,,,1,2,1,1,1
200500041866,0005-07-22 19:15:00,5,7,22,19,15,630,155.0,,45.702,3.444,Plein jour,Hors agglomération,Hors intersection,Normale,Autre collision,,,,,,,,,,,1,1,1,1,6
200500041867,0005-07-09 06:15:00,5,7,9,6,15,630,305.0,,45.704,2.809,Plein jour,Hors agglomération,Hors intersection,Temps couvert,Deux véhicules - côté,,,,,,,,,,,1,1,1,8,3
200500041868,0005-07-11 21:30:00,5,7,11,21,30,630,248.0,,45.744,2.942,Crépuscule ou aube,Hors agglomération,Hors intersection,Normale,Sans collision,,,,,,,,,,,2,1,1,1,7
200500041869,0005-07-02 18:15:00,5,7,2,18,15,630,472.0,route de Saint Babel,45.617,3.267,Plein jour,Hors agglomération,Hors intersection,Normale,Sans collision,,,,,,,,,,,1,1,1,1,7
200500041870,0005-07-19 15:30:00,5,7,19,15,30,630,302.0,Avenue Général DE GAULLE,45.706,3.138,Plein jour,En agglomération,Hors intersection,Normale,Autre collision,,,,,,,,,,,1,2,1,1,6
200500041871,0005-07-22 05:30:00,5,7,22,5,30,630,282.0,Rue GUYOT DESSAIGNE,45.626,3.149,Crépuscule ou aube,En agglomération,Hors intersection,Normale,Autre collision,,,,,,,,,,,2,2,1,1,6
200500041872,0005-07-24 13:15:00,5,7,24,13,15,630,120.0,,45.669,3.197,Plein jour,Hors agglomération,Hors intersection,Normale,Deux véhicules - frontale,,,,,,,,,,,1,1,1,1,1
200500041873,0005-07-21 18:15:00,5,7,21,18,15,630,3.0,,45.52,3.75,Plein jour,Hors agglomération,Hors intersection,Normale,Deux véhicules - côté,,,,,,,,,,,1,1,1,1,3
200500041874,0005-07-07 19:00:00,5,7,7,19,0,630,207.0,,45.673,3.645,Plein jour,Hors agglomération,Hors intersection,Temps couvert,Sans collision,,,,,,,,,,,1,1,1,8,7
200500041875,0005-07-16 20:00:00,5,7,16,20,0,630,258.0,,45.69,3.6,Plein jour,Hors agglomération,Hors intersection,Normale,Deux véhicules - frontale,,,,,,,,,,,1,1,1,1,1
200500041876,0005-07-24 09:15:00,5,7,24,9,15,630,57.0,le bourg,,,Plein jour,En agglomération,Hors intersection,Normale,Deux véhicules - frontale,,,,,,,,,,,1,2,1,1,1
200500041877,0005-07-16 15:00:00,5,7,16,15,0,630,465.0,,45.418,3.907,Plein jour,Hors agglomération,Hors intersection,Normale,Deux véhicules - côté,,,,,,,,,,,1,1,1,1,3
200500041878,0005-07-21 11:15:00,5,7,21,11,15,630,230.0,,45.56,3.66,Plein jour,Hors agglomération,Hors intersection,Normale,Sans collision,,,,,,,,,,,1,1,1,1,7
200500041879,0005-07-06 14:45:00,5,7,6,14,45,630,109.0,,45.558,3.151,Plein jour,En agglomération,Hors intersection,Normale,Autre collision,,,,,,,,,,,1,2,1,1,6
200500041880,0005-07-14 01:45:00,5,7,14,1,45,630,178.0,ROUTE DE PERRIER CD 996,45.54,3.23,Nuit avec éclairage allumé,En agglomération,Hors intersection,Normale,Sans collision,,,,,,,,,,,5,2,1,1,7
200500041881,0005-07-07 14:30:00,5,7,7,14,30,630,352.0,route de Beaulieu,,,Plein jour,Hors agglomération,Hors intersection,Normale,Deux véhicules - frontale,,,,,,,,,,,1,1,1,1,1
200500041882,0005-07-15 10:30:00,5,7,15,10,30,630,190.0,,45.534,2.557,Plein jour,Hors agglomération,Hors intersection,Normale,Deux véhicules - frontale,,,,,,,,,,,1,1,1,1,1
200500041883,0005-07-29 19:15:00,5,7,29,19,15,630,192.0,lieu-dit ayssard,,,Plein jour,Hors agglomération,Hors intersection,Pluie légère,Autre collision,,,,,,,,,,,1,1,1,2,6
200500041884,0005-07-04 16:45:00,5,7,4,16,45,630,470.0,Rue de la Libération,,,Plein jour,En agglomération,Hors intersection,Normale,Autre collision,,,,,,,,,,,1,2,1,1,6
200500041885,0005-07-07 22:45:00,5,7,7,22,45,630,12.0,,46.006,3.16,Nuit sans éclairage public,Hors agglomération,Hors intersection,Normale,Sans collision,,,,,,,,,,,3,1,1,1,7
200500041886,0005-07-10 12:15:00,5,7,10,12,15,630,93.0,,45.999,3.032,Plein jour,Hors agglomération,Hors intersection,Normale,Deux véhicules - frontale,,,,,,,,,,,1,1,1,1,1
200500041887,0005-07-06 17:45:00,5,7,6,17,45,630,85.0,Mazal,,,Plein jour,Hors agglomération,Hors intersection,Normale,Deux véhicules - frontale,,,,,,,,,,,1,1,1,1,1
200500041888,0005-07-09 15:00:00,5,7,9,15,0,630,55.0,,,,Plein jour,Hors agglomération,Hors intersection,Pluie légère,Sans collision,,,,,,,,,,,1,1,1,2,7
200500041889,0005-07-15 17:45:00,5,7,15,17,45,630,186.0,"""Les bouchons""",,,Plein jour,Hors agglomération,Hors intersection,Normale,Trois véhicules et plus - en chaîne,,,,,,,,,,,1,1,1,1,4
200500041890,0005-07-29 07:15:00,5,7,29,7,15,630,55.0,,45.847,2.799,Plein jour,Hors agglomération,Hors intersection,Temps couvert,Deux véhicules - frontale,,,,,,,,,,,1,1,1,8,1
200500041891,0005-07-30 10:15:00,5,7,30,10,15,630,428.0,,46.115,2.832,Plein jour,Hors agglomération,Hors intersection,Normale,Autre collision,,,,,,,,,,,1,1,1,1,6
200500041892,0005-07-30 20:30:00,5,7,30,20,30,630,125.0,Avenue Lafayette,45.759,3.545,Plein jour,En agglomération,Intersection en X,Normale,Deux véhicules - frontale,,,,,,,,,,,1,2,2,1,1
200500041893,0005-07-02 18:30:00,5,7,2,18,30,630,180.0,,,,Plein jour,Hors agglomération,Hors intersection,Normale,Autre collision,,,,,,,,,,,1,1,1,1,6
200500041894,0005-07-08 08:00:00,5,7,8,8,0,630,180.0,Route de Clermont,45.867,3.303,Plein jour,En agglomération,Intersection en T,Normale,Deux véhicules - frontale,,,,,,,,,,,1,2,3,1,1
200500041895,0005-07-18 10:45:00,5,7,18,10,45,630,271.0,La Croix Saint Bonnet,45.931,3.5,Plein jour,En agglomération,Hors intersection,Normale,Autre collision,,,,,,,,,,,1,2,1,1,6
200500041896,0005-07-21 04:15:00,5,7,21,4,15,30,86.0,,46.483,3.884,Nuit sans éclairage public,Hors agglomération,Hors intersection,Normale,Deux véhicules - arrière,,,,,,,,,,,3,1,1,1,2
200500041897,0005-07-12 08:00:00,5,7,12,8,0,30,283.0,,46.54,3.571,Plein jour,Hors agglomération,Hors intersection,Normale,Deux véhicules - arrière,,,,,,,,,,,1,1,1,1,2
200500041898,0005-07-14 15:00:00,5,7,14,15,0,30,25.0,,,,Plein jour,Hors agglomération,Hors intersection,Temps éblouissant,Deux véhicules - frontale,,,,,,,,,,,1,1,1,7,1
200500041899,0005-07-08 16:45:00,5,7,8,16,45,30,83.0,,46.349,3.299,Plein jour,Hors agglomération,Hors intersection,Normale,Deux véhicules - côté,,,,,,,,,,,1,1,1,1,3
200500041900,0005-07-16 20:30:00,5,7,16,20,30,30,149.0,RUE DU CLOS RENAUD,46.314,3.25,Plein jour,En agglomération,Hors intersection,Normale,Deux véhicules - côté,,,,,,,,,,,1,2,1,1,3
200500041901,0005-07-18 14:15:00,5,7,18,14,15,30,175.0,,,,Plein jour,Hors agglomération,Hors intersection,Normale,Deux véhicules - frontale,,,,,,,,,,,1,1,1,1,1
200500041902,0005-07-08 15:30:00,5,7,8,15,30,30,92.0,,46.44,3.17,Plein jour,Hors agglomération,Hors intersection,Normale,Deux véhicules - frontale,,,,,,,,,,,1,1,1,1,1
200500041903,0005-07-08 04:30:00,5,7,8,4,30,30,136.0,,46.306,2.431,Nuit sans éclairage public,Hors agglomération,Giratoire,Pluie légère,Sans collision,,,,,,,,,,,3,1,6,2,7
200500041904,0005-07-09 00:45:00,5,7,9,0,45,30,301.0,Les Bourses,46.414,2.588,Nuit sans éclairage public,Hors agglomération,Hors intersection,Temps couvert,Sans collision,,,,,,,,,,,3,1,1,8,7
200500041905,0005-07-12 19:30:00,5,7,12,19,30,30,128.0,Rue de la république,46.376,2.48,Plein jour,En agglomération,Hors intersection,Normale,Deux véhicules - arrière,,,,,,,,,,,1,2,1,1,2
200500041906,0005-07-08 15:00:00,5,7,8,15,0,30,127.0,,,,Plein jour,Hors agglomération,Hors intersection,Normale,Deux véhicules - côté,,,,,,,,,,,1,1,1,1,3
200500041907,0005-07-09 09:30:00,5,7,9,9,30,30,60.0,,46.156,3.388,Plein jour,Hors agglomération,Hors intersection,Pluie légère,Autre collision,,,,,,,,,,,1,1,1,2,6
200500041908,0005-07-13 18:45:00,5,7,13,18,45,30,93.0,,,,Plein jour,Hors agglomération,Hors intersection,Normale,Deux véhicules - frontale,,,,,,,,,,,1,1,1,1,1
200500041909,0005-07-08 10:15:00,5,7,8,10,15,30,118.0,Lotissement Le Pastel,,,Plein jour,En agglomération,Hors intersection,Normale,Autre collision,,,,,,,,,,,1,2,1,1,6
200500041910,0005-07-21 03:45:00,5,7,21,3,45,30,164.0,,46.157,3.227,Nuit sans éclairage public,Hors agglomération,Hors intersection,Normale,Sans collision,,,,,,,,,,,3,1,1,1,7
200500041911,0005-07-22 20:15:00,5,7,22,20,15,30,220.0,Route des Tressots,46.15,3.141,Plein jour,En agglomération,Hors intersection,Normale,Deux véhicules - côté,,,,,,,,,,,1,2,1,1,3
200500041912,0005-07-30 20:30:00,5,7,30,20,30,30,152.0,,,,Crépuscule ou aube,Hors agglomération,Hors intersection,Temps couvert,Autre collision,,,,,,,,,,,2,1,1,8,6
200500041913,0005-07-31 03:30:00,5,7,31,3,30,30,164.0,,,,Nuit sans éclairage public,Hors agglomération,Hors intersection,Normale,Deux véhicules - arrière,,,,,,,,,,,3,1,1,1,2
200500041914,0005-07-16 19:15:00,5,7,16,19,15,30,165.0,,46.059,3.687,Plein jour,Hors agglomération,Hors intersection,Normale,Deux véhicules - arrière,,,,,,,,,,,1,1,1,1,2
200500041915,0005-07-05 18:30:00,5,7,5,18,30,30,236.0,,46.197,3.443,Plein jour,Hors agglomération,Hors intersection,Normale,Deux véhicules - côté,,,,,,,,,,,1,1,1,1,3
200500041916,0005-07-21 12:00:00,5,7,21,12,0,150,140.0,rsection CD 253 et CD 52,,,Plein jour,Hors agglomération,Intersection en X,Normale,Deux véhicules - côté,,,,,,,,,,,1,1,2,1,3
200500041917,0005-07-24 15:25:00,5,7,24,15,25,150,83.0,Route de Monplaisir,,,Plein jour,Hors agglomération,Hors intersection,Normale,Trois véhicules et plus - collisions multiples,,,,,,,,,,,1,1,1,1,5
200500041918,0005-07-07 07:45:00,5,7,7,7,45,150,167.0,,44.793,2.206,Plein jour,Hors agglomération,Hors intersection,Normale,Trois véhicules et plus - collisions multiples,,,,,,,,,,,1,1,1,1,5
200500041919,0005-07-24 22:45:00,5,7,24,22,45,150,157.0,,,,Nuit sans éclairage public,Hors agglomération,Hors intersection,Normale,Deux véhicules - frontale,,,,,,,,,,,3,1,1,1,1
200500041920,0005-07-18 20:00:00,5,7,18,20,0,150,258.0,BESSE,,,Plein jour,Hors agglomération,Hors intersection,Normale,Deux véhicules - frontale,,,,,,,,,,,1,1,1,1,1
200500041921,0005-07-25 22:40:00,5,7,25,22,40,150,266.0,RN.122,,,Nuit sans éclairage public,Hors agglomération,Hors intersection,Normale,Deux véhicules - frontale,,,,,,,,,,,3,1,1,1,1
200500041922,0005-07-11 12:15:00,5,7,11,12,15,150,92.0,Rte du château de val,45.446,2.526,Plein jour,En agglomération,Intersection en X,Normale,Deux véhicules - côté,,,,,,,,,,,1,2,2,1,3
200500041923,0005-07-14 18:15:00,5,7,14,18,15,150,5.0,,44.991,3.165,Plein jour,Hors agglomération,Hors intersection,Normale,Deux véhicules - frontale,,,,,,,,,,,1,1,1,1,1
200500041924,0005-07-05 22:15:00,5,7,5,22,15,150,138.0,,,,Nuit sans éclairage public,Hors agglomération,Hors intersection,Normale,Sans collision,,,,,,,,,,,3,1,1,1,7
200500041925,0005-07-27 19:30:00,5,7,27,19,30,150,59.0,CD 57,,,Plein jour,Hors agglomération,Hors intersection,Normale,Deux véhicules - frontale,,,,,,,,,,,1,1,1,1,1
200500041926,0005-07-27 13:45:00,5,7,27,13,45,430,152.0,,45.066,3.815,Plein jour,Hors agglomération,Hors intersection,Normale,Deux véhicules - frontale,,,,,,,,,,,1,1,1,1,1
200500041927,0005-07-29 22:30:00,5,7,29,22,30,430,18.0,,44.996,3.745,Nuit sans éclairage public,Hors agglomération,Hors intersection,Normale,Trois véhicules et plus - collisions multiples,,,,,,,,,,,3,1,1,1,5
200500041928,0005-07-29 18:15:00,5,7,29,18,15,430,174.0,,45.0,3.845,Plein jour,Hors agglomération,Hors intersection,Normale,Sans collision,,,,,,,,,,,1,1,1,1,7
200500041929,0005-07-30 12:45:00,5,7,30,12,45,430,18.0,,45.014,3.804,Plein jour,Hors agglomération,Giratoire,Normale,Deux véhicules - frontale,,,,,,,,,,,1,1,6,1,1
200500041930,0005-07-29 10:05:00,5,7,29,10,5,430,241.0,Montagnac,,,Plein jour,Hors agglomération,Hors intersection,Normale,Deux véhicules - côté,,,,,,,,,,,1,1,1,1,3
200500041931,0005-07-02 21:15:00,5,7,2,21,15,430,92.0,,,,Plein jour,Hors agglomération,Hors intersection,Normale,Deux véhicules - frontale,,,,,,,,,,,1,1,1,1,1
200500041932,0005-07-28 14:00:00,5,7,28,14,0,430,135.0,1 rue Langlade,,,Plein jour,En agglomération,Hors intersection,Normale,Deux véhicules - côté,,,,,,,,,,,1,2,1,1,3
200500041933,0005-07-31 16:15:00,5,7,31,16,15,430,230.0,la ribeyre,45.174,3.926,Plein jour,Hors agglomération,Hors intersection,Normale,Deux véhicules - arrière,,,,,,,,,,,1,1,1,1,2
200500041934,0005-07-05 16:15:00,5,7,5,16,15,430,234.0,AVENUE DU G2VAUDAN,44.964,3.543,Plein jour,En agglomération,Hors intersection,Normale,Deux véhicules - côté,,,,,,,,,,,1,2,1,1,3
200500041935,0005-07-19 19:45:00,5,7,19,19,45,430,234.0,,44.956,3.555,Plein jour,Hors agglomération,Hors intersection,Normale,Deux véhicules - côté,,,,,,,,,,,1,1,1,1,3
200500041936,0005-07-13 14:30:00,5,7,13,14,30,430,216.0,,45.147,3.789,Plein jour,Hors agglomération,Hors intersection,Normale,Deux véhicules - côté,,,,,,,,,,,1,1,1,1,3
200500041937,0005-07-29 15:30:00,5,7,29,15,30,430,152.0,,45.096,3.807,Plein jour,Hors agglomération,Hors intersection,Normale,Sans collision,,,,,,,,,,,1,1,1,1,7
200500041938,0005-07-31 14:30:00,5,7,31,14,30,430,80.0,Chemin departemental 1,,,Plein jour,Hors agglomération,Hors intersection,Normale,Deux véhicules - côté,,,,,,,,,,,1,1,1,1,3
200500041939,0005-07-01 10:30:00,5,7,1,10,30,430,262.0,Place de l'église,45.269,3.405,Plein jour,En agglomération,Hors intersection,Normale,Autre collision,,,,,,,,,,,1,2,1,1,6
200500041940,0005-07-12 16:15:00,5,7,12,16,15,430,96.0,,45.294,3.413,Plein jour,Hors agglomération,Hors intersection,Normale,Sans collision,,,,,,,,,,,1,1,1,1,7
200500041941,0005-07-22 12:00:00,5,7,22,12,0,430,178.0,,45.32,3.551,Plein jour,Hors agglomération,Hors intersection,Normale,Autre collision,,,,,,,,,,,1,1,1,1,6
200500041942,0005-07-08 21:00:00,5,7,8,21,0,430,16.0,,45.396,3.378,Plein jour,Hors agglomération,Hors intersection,Normale,Sans collision,,,,,,,,,,,1,1,1,1,7
200500041943,0005-07-16 15:15:00,5,7,16,15,15,430,24.0,,,,Plein jour,Hors agglomération,Hors intersection,Normale,Autre collision,,,,,,,,,,,1,1,1,1,6
200500041944,0005-07-23 10:30:00,5,7,23,10,30,430,268.0,,45.162,4.133,Plein jour,Hors agglomération,Intersection en T,Normale,Deux véhicules - côté,,,,,,,,,,,1,1,3,1,3
200500041945,0005-07-06 10:45:00,5,7,6,10,45,430,20.0,,,,Plein jour,Hors agglomération,Hors intersection,Normale,Deux véhicules - côté,,,,,,,,,,,1,1,1,1,3
200500041946,0005-07-14 17:30:00,5,7,14,17,30,430,137.0,,,,Plein jour,Hors agglomération,Hors intersection,Normale,Deux véhicules - frontale,,,,,,,,,,,1,1,1,1,1