accident_id,datetime,annee,mois,jour,heure,minute,departement,commune_insee,adresse,latitude,longitude,luminosite,agglomeration,intersection,meteo,collision,nb_vehicules,nb_usagers,nb_indemnes,nb_tues,nb_blesses_hosp,nb_blesses_legers,age_cond_1,age_cond_2,veh_type_cond_1,veh_type_cond_2,lum_code,agg_code,int_code,atm_code,col_code
200500041947,0005-07-14 22:30:00,5,7,14,22,30,430,12.0,,,,Nuit sans éclairage public,Hors agglomération,Hors intersection,Normale,Sans collision,,,,,,,,,,,3,1,1,1,7
200500041948,0005-07-23 15:45:00,5,7,23,15,45,430,127.0,,,,Plein jour,Hors agglomération,Hors intersection,Normale,Sans collision,,,,,,,,,,,1,1,1,1,7
200500041949,0005-07-31 16:15:00,5,7,31,16,15,430,227.0,,45.306,4.317,Nuit sans éclairage public,Hors agglomération,Hors intersection,Normale,Deux véhicules - arrière,,,,,,,,,,,3,1,1,1,2
200500041950,0005-07-30 10:00:00,5,7,30,10,0,430,177.0,BLD PELISSAC,45.311,4.279,Plein jour,En agglomération,Hors intersection,Normale,Autre collision,,,,,,,,,,,1,2,1,1,6
200500041951,0005-07-22 18:00:00,5,7,22,18,0,430,199.0,,,,Plein jour,Hors agglomération,Hors intersection,Normale,Sans collision,,,,,,,,,,,1,1,1,1,7
200500041952,0005-07-27 11:45:00,5,7,27,11,45,430,159.0,,,,Plein jour,Hors agglomération,Hors intersection,Normale,Sans collision,,,,,,,,,,,1,1,1,1,7
200500041953,0005-07-29 00:01:00,5,7,29,0,1,430,130.0,Madelonnet,,,Nuit sans éclairage public,Hors agglomération,Hors intersection,Normale,Sans collision,,,,,,,,,,,3,1,1,1,7
200500041954,0005-07-30 21:15:00,5,7,30,21,15,570,634.0,22 rue de Metz,,,Crépuscule ou aube,En agglomération,Hors intersection,Normale,Deux véhicules - arrière,,,,,,,,,,,2,2,1,1,2
200500041955,0005-07-13 16:30:00,5,7,13,16,30,570,32.0,Rue Milaville,49.081,6.075,Plein jour,En agglomération,Hors intersection,Normale,Autre collision,,,,,,,,,,,1,2,1,1,6
200500041956,0005-07-16 16:45:00,5,7,16,16,45,570,443.0,rue auguste migette,49.216,6.108,Plein jour,En agglomération,Hors intersection,Normale,Sans collision,,,,,,,,,,,1,2,1,1,7
200500041957,0005-07-24 12:00:00,5,7,24,12,0,570,55.0,,,,Nuit sans éclairage public,Hors agglomération,Hors intersection,Normale,Autre collision,,,,,,,,,,,3,1,1,1,6
200500041958,0005-07-02 04:00:00,5,7,2,4,0,570,482.0,,,,Nuit avec éclairage allumé,Hors agglomération,Hors intersection,Pluie légère,Deux véhicules - frontale,,,,,,,,,,,5,1,1,2,1
200500041959,0005-07-10 15:45:00,5,7,10,15,45,570,654.0,,,,Plein jour,Hors agglomération,Hors intersection,Normale,Deux véhicules - arrière,,,,,,,,,,,1,1,1,1,2
200500041960,0005-07-13 09:15:00,5,7,13,9,15,570,43.0,RD.55 - PK 1+750,,,Plein jour,Hors agglomération,Hors intersection,Normale,Deux véhicules - arrière,,,,,,,,,,,1,1,1,1,2
200500041961,0005-07-14 18:30:00,5,7,14,18,30,570,716.0,rue du stade,,,Plein jour,En agglomération,Hors intersection,Normale,Autre collision,,,,,,,,,,,1,2,1,1,6
200500041962,0005-07-15 17:30:00,5,7,15,17,30,570,193.0,,,,Plein jour,Hors agglomération,Hors intersection,Normale,Deux véhicules - côté,,,,,,,,,,,1,1,1,1,3
200500041963,0005-07-29 20:30:00,5,7,29,20,30,570,136.0,rue principale,49.305,6.442,Nuit avec éclairage allumé,En agglomération,Hors intersection,Temps couvert,Deux véhicules - côté,,,,,,,,,,,5,2,1,8,3
200500041964,0005-07-16 15:00:00,5,7,16,15,0,570,762.0,,,,Plein jour,Hors agglomération,Hors intersection,Normale,Deux véhicules - côté,,,,,,,,,,,1,1,1,1,3
200500041965,0005-07-17 01:15:00,5,7,17,1,15,570,413.0,39 rue du Moulin,,,Nuit avec éclairage allumé,En agglomération,Hors intersection,Normale,Autre collision,,,,,,,,,,,5,2,1,1,6
200500041966,0005-07-14 09:45:00,5,7,14,9,45,570,397.0,,48.752,6.64,Plein jour,Hors agglomération,Hors intersection,Normale,Trois véhicules et plus - collisions multiples,,,,,,,,,,,1,1,1,1,5
200500041967,0005-07-18 19:30:00,5,7,18,19,30,570,61.0,rue de la gare,49.142,6.834,Plein jour,En agglomération,Hors intersection,Normale,Autre collision,,,,,,,,,,,1,2,1,1,6
200500041968,0005-07-07 13:50:00,5,7,7,13,50,570,224.0,Rue Principale,,,Plein jour,En agglomération,Intersection en X,Temps couvert,Deux véhicules - côté,,,,,,,,,,,1,2,2,8,3
200500041969,0005-07-31 11:00:00,5,7,31,11,0,570,461.0,07 HALMOZE,,,Plein jour,En agglomération,Hors intersection,Normale,Deux véhicules - côté,,,,,,,,,,,1,2,1,1,3
200500041970,0005-07-01 07:45:00,5,7,1,7,45,570,210.0,,,,Plein jour,Hors agglomération,Hors intersection,Pluie légère,Autre collision,,,,,,,,,,,1,1,1,2,6
200500041971,0005-07-10 18:30:00,5,7,10,18,30,570,33.0,,,,Plein jour,Hors agglomération,Hors intersection,Normale,Deux véhicules - côté,,,,,,,,,,,1,1,1,1,3
200500041972,0005-07-27 07:30:00,5,7,27,7,30,570,244.0,rue du stade,48.71,7.24,Plein jour,En agglomération,Autre intersection,Normale,Deux véhicules - côté,,,,,,,,,,,1,2,9,1,3
200500041973,0005-07-10 18:45:00,5,7,10,18,45,570,589.0,rue des alliès,49.052,7.265,Plein jour,En agglomération,Hors intersection,Normale,Deux véhicules - frontale,,,,,,,,,,,1,2,1,1,1
200500041974,0005-07-13 18:15:00,5,7,13,18,15,570,724.0,rue de Thionville,,,Plein jour,En agglomération,Hors intersection,Normale,Autre collision,,,,,,,,,,,1,2,1,1,6
200500041975,0005-07-09 05:00:00,5,7,9,5,0,570,767.0,,,,Plein jour,Hors agglomération,Hors intersection,Temps couvert,Autre collision,,,,,,,,,,,1,1,1,8,6
200500041976,0005-07-16 19:45:00,5,7,16,19,45,570,576.0,,,,Plein jour,Hors agglomération,Hors intersection,Normale,Deux véhicules - frontale,,,,,,,,,,,1,1,1,1,1
200500041977,0005-07-21 17:30:00,5,7,21,17,30,570,683.0,13 rue d'Hayange,,,Plein jour,En agglomération,Hors intersection,Normale,Sans collision,,,,,,,,,,,1,2,1,1,7
200500041978,0005-07-09 20:15:00,5,7,9,20,15,540,168.0,Rue Louis Pasteur,,,Plein jour,En agglomération,Hors intersection,Normale,Sans collision,,,,,,,,,,,1,2,1,1,7
200500041979,0005-07-31 00:10:00,5,7,31,0,10,540,157.0,7 - Supermarche CHAMPION,,,Nuit avec éclairage allumé,En agglomération,Autre intersection,Normale,Deux véhicules - côté,,,,,,,,,,,5,2,9,1,3
200500041980,0005-07-01 18:15:00,5,7,1,18,15,540,115.0,RN.57 / RUE DE LA ROCHEL,,,Plein jour,En agglomération,Hors intersection,Normale,Deux véhicules - frontale,,,,,,,,,,,1,2,1,1,1
200500041981,0005-07-25 16:00:00,5,7,25,16,0,540,215.0,rue de metz,,,Plein jour,En agglomération,Hors intersection,Normale,Deux véhicules - arrière,,,,,,,,,,,1,2,1,1,2
200500041982,0005-07-31 18:30:00,5,7,31,18,30,540,215.0,RUE DE NANCY,,,Plein jour,En agglomération,Hors intersection,Normale,Trois véhicules et plus - collisions multiples,,,,,,,,,,,1,2,1,1,5
200500041983,0005-07-14 07:30:00,5,7,14,7,30,540,196.0,,,,Plein jour,Hors agglomération,Hors intersection,Normale,Autre collision,,,,,,,,,,,1,1,1,1,6
200500041984,0005-07-16 18:00:00,5,7,16,18,0,540,111.0,RUE EDMOND PINTIER,,,Plein jour,En agglomération,Hors intersection,Normale,Autre collision,,,,,,,,,,,1,2,1,1,6
200500041985,0005-07-23 18:00:00,5,7,23,18,0,540,518.0,,,,Plein jour,Hors agglomération,Autre intersection,Normale,Autre collision,,,,,,,,,,,1,1,9,1,6
200500041986,0005-07-07 20:30:00,5,7,7,20,30,540,462.0,,48.592,6.345,Crépuscule ou aube,Hors agglomération,Hors intersection,Pluie forte,Autre collision,,,,,,,,,,,2,1,1,3,6
200500041987,0005-07-04 04:24:00,5,7,4,4,24,540,132.0,"R 2+94, sens décroissant",,,Crépuscule ou aube,Hors agglomération,Hors intersection,Brouillard / fumée,Autre collision,,,,,,,,,,,2,1,1,5,6
200500041988,0005-07-30 06:15:00,5,7,30,6,15,540,62.0,,,,Crépuscule ou aube,Hors agglomération,Hors intersection,Normale,Sans collision,,,,,,,,,,,2,1,1,1,7
200500041989,0005-07-05 14:30:00,5,7,5,14,30,540,295.0,,,,Plein jour,Hors agglomération,Hors intersection,Normale,Deux véhicules - frontale,,,,,,,,,,,1,1,1,1,1
200500041990,0005-07-12 14:30:00,5,7,12,14,30,540,18.0,12 rue pasteur,,,Plein jour,En agglomération,Hors intersection,Temps couvert,Sans collision,,,,,,,,,,,1,2,1,8,7
200500041991,0005-07-14 10:30:00,5,7,14,10,30,540,84.0,Rue Jeanne d'Arc,,,Plein jour,En agglomération,Intersection en T,Normale,Deux véhicules - côté,,,,,,,,,,,1,2,3,1,3
200500041992,0005-07-25 19:25:00,5,7,25,19,25,540,18.0,RN 43 PK 14+500.,,,Plein jour,Hors agglomération,Hors intersection,Pluie légère,Sans collision,,,,,,,,,,,1,1,1,2,7
200500041993,0005-07-01 16:30:00,5,7,1,16,30,540,260.0,CHEMIN DE LA GOULOTTE,,,Plein jour,Hors agglomération,Hors intersection,Normale,Deux véhicules - frontale,,,,,,,,,,,1,1,1,1,1
200500041994,0005-07-03 19:30:00,5,7,3,19,30,540,216.0,,,,Crépuscule ou aube,Hors agglomération,Hors intersection,Temps éblouissant,Autre collision,,,,,,,,,,,2,1,1,7,6
200500041995,0005-07-15 21:00:00,5,7,15,21,0,540,216.0,,,,Crépuscule ou aube,Hors agglomération,Hors intersection,Normale,Sans collision,,,,,,,,,,,2,1,1,1,7
200500041996,0005-07-17 10:15:00,5,7,17,10,15,540,77.0,,48.488,6.938,Plein jour,Hors agglomération,Hors intersection,Temps éblouissant,Deux véhicules - frontale,,,,,,,,,,,1,1,1,7,1
200500041997,0005-07-17 21:45:00,5,7,17,21,45,540,288.0,rue des moncelles,48.735,5.843,Nuit avec éclairage allumé,En agglomération,Hors intersection,Normale,Autre collision,,,,,,,,,,,5,2,1,1,6
200500041998,0005-07-23 01:00:00,5,7,23,1,0,540,496.0,Rue du 31 août,48.533,5.81,Nuit avec éclairage allumé,En agglomération,Hors intersection,Normale,Autre collision,,,,,,,,,,,5,2,1,1,6
200500041999,0005-07-17 19:15:00,5,7,17,19,15,540,318.0,route de Lorraine,,,Plein jour,En agglomération,Intersection en X,Normale,Autre collision,,,,,,,,,,,1,2,2,1,6
200500042000,0005-07-01 21:15:00,5,7,1,21,15,550,366.0,rue HAUTE,48.819,5.084,Crépuscule ou aube,En agglomération,Hors intersection,Normale,Deux véhicules - arrière,,,,,,,,,,,2,2,1,1,2
200500042001,0005-07-10 15:45:00,5,7,10,15,45,550,369.0,16 voie sacrée,,,Plein jour,En agglomération,Hors intersection,Normale,Deux véhicules - côté,,,,,,,,,,,1,2,1,1,3
200500042002,0005-07-15 19:00:00,5,7,15,19,0,550,369.0,PLACE DE LA MAIRIE,48.801,5.218,Plein jour,En agglomération,Intersection en X,Normale,Deux véhicules - côté,,,,,,,,,,,1,2,2,1,3
200500042003,0005-07-18 20:00:00,5,7,18,20,0,550,291.0,,,,Plein jour,Hors agglomération,Hors intersection,Normale,Autre collision,,,,,,,,,,,1,1,1,1,6
200500042004,0005-07-19 15:30:00,5,7,19,15,30,550,10.0,,48.642,5.007,Plein jour,Hors agglomération,Autre intersection,Normale,Trois véhicules et plus - en chaîne,,,,,,,,,,,1,1,9,1,4
200500042005,0005-07-04 14:30:00,5,7,4,14,30,550,44.0,,48.871,5.307,Plein jour,Hors agglomération,Hors intersection,Pluie légère,Autre collision,,,,,,,,,,,1,1,1,2,6
200500042006,0005-07-10 04:00:00,5,7,10,4,0,550,463.0,10 place des alliés,48.895,5.543,Nuit avec éclairage allumé,En agglomération,Place,Normale,Autre collision,,,,,,,,,,,5,2,7,1,6
200500042007,0005-07-04 06:00:00,5,7,4,6,0,550,566.0,,,,Crépuscule ou aube,Hors agglomération,Hors intersection,Normale,Sans collision,,,,,,,,,,,2,1,1,1,7
200500042008,0005-07-31 13:45:00,5,7,31,13,45,550,204.0,,,,Plein jour,Hors agglomération,Hors intersection,Normale,Sans collision,,,,,,,,,,,1,1,1,1,7
200500042009,0005-07-05 16:45:00,5,7,5,16,45,550,60.0,,49.1,5.587,Plein jour,Hors agglomération,Hors intersection,Normale,Sans collision,,,,,,,,,,,1,1,1,1,7
200500042010,0005-07-23 09:45:00,5,7,23,9,45,880,508.0,,,,Plein jour,Hors agglomération,Hors intersection,Normale,Trois véhicules et plus - collisions multiples,,,,,,,,,,,1,1,1,1,5
200500042011,0005-07-18 07:00:00,5,7,18,7,0,880,388.0,,48.173,6.416,Crépuscule ou aube,Hors agglomération,Hors intersection,Normale,Deux véhicules - côté,,,,,,,,,,,2,1,1,1,3
200500042012,0005-07-04 18:00:00,5,7,4,18,0,880,261.0,,48.198,6.695,Plein jour,Hors agglomération,Hors intersection,Normale,Deux véhicules - côté,,,,,,,,,,,1,1,1,1,3
200500042013,0005-07-06 03:45:00,5,7,6,3,45,880,262.0,,48.172,6.777,Nuit sans éclairage public,Hors agglomération,Autre intersection,Normale,Autre collision,,,,,,,,,,,3,1,9,1,6
200500042014,0005-07-06 18:15:00,5,7,6,18,15,880,90.0,RUE MARCEL GOULETTE,48.377,6.295,Plein jour,En agglomération,Hors intersection,Normale,Autre collision,,,,,,,,,,,1,2,1,1,6
200500042015,0005-07-28 12:30:00,5,7,28,12,30,880,124.0,04 rue de la République,48.091,6.046,Plein jour,En agglomération,Place,Normale,Deux véhicules - arrière,,,,,,,,,,,1,2,7,1,2
200500042016,0005-07-31 15:15:00,5,7,31,15,15,880,310.0,,48.022,5.932,Plein jour,Hors agglomération,Hors intersection,Normale,Autre collision,,,,,,,,,,,1,1,1,1,6
200500042017,0005-07-10 08:45:00,5,7,10,8,45,880,367.0,RUE DU PARMOULIN,,,Plein jour,En agglomération,Hors intersection,Normale,Deux véhicules - frontale,,,,,,,,,,,1,2,1,1,1
200500042018,0005-07-24 18:00:00,5,7,24,18,0,880,243.0,,,,Plein jour,En agglomération,Hors intersection,Normale,Deux véhicules - frontale,,,,,,,,,,,1,2,1,1,1
200500042019,0005-07-02 05:00:00,5,7,2,5,0,880,465.0,,48.245,6.412,Crépuscule ou aube,Hors agglomération,Hors intersection,Normale,Deux véhicules - côté,,,,,,,,,,,2,1,1,1,3
200500042020,0005-07-07 22:30:00,5,7,7,22,30,880,204.0,,,,Nuit sans éclairage public,Hors agglomération,Hors intersection,Pluie légère,Deux véhicules - frontale,,,,,,,,,,,3,1,1,2,1
200500042021,0005-07-26 10:30:00,5,7,26,10,30,880,224.0,,,,Plein jour,Hors agglomération,Hors intersection,Normale,Sans collision,,,,,,,,,,,1,1,1,1,7
200500042022,0005-07-03 20:15:00,5,7,3,20,15,880,481.0,CD 44 PK 15+500,48.106,6.4,Plein jour,En agglomération,Place,Normale,Deux véhicules - côté,,,,,,,,,,,1,2,7,1,3
200500042023,0005-07-17 15:45:00,5,7,17,15,45,880,484.0,rue du Porin,48.111,6.354,Plein jour,En agglomération,Hors intersection,Normale,Deux véhicules - frontale,,,,,,,,,,,1,2,1,1,1
200500042024,0005-07-02 09:00:00,5,7,2,9,0,880,118.0,,,,Plein jour,Hors agglomération,Hors intersection,Normale,Deux véhicules - frontale,,,,,,,,,,,1,1,1,1,1
200500042025,0005-07-05 08:45:00,5,7,5,8,45,880,118.0,,,,Plein jour,Hors agglomération,Hors intersection,Normale,Autre collision,,,,,,,,,,,1,1,1,1,6
200500042026,0005-07-08 11:45:00,5,7,8,11,45,880,443.0,,,,Plein jour,Hors agglomération,Hors intersection,Normale,Autre collision,,,,,,,,,,,1,1,1,1,6
200500042027,0005-07-14 19:00:00,5,7,14,19,0,880,270.0,"CD 71, PK 15+100",,,Plein jour,Hors agglomération,Hors intersection,Normale,Sans collision,,,,,,,,,,,1,1,1,1,7
200500042028,0005-07-16 19:15:00,5,7,16,19,15,880,321.0,Rue de la grande Fontain,,,Plein jour,En agglomération,Hors intersection,Normale,Autre collision,,,,,,,,,,,1,2,1,1,6
200500042029,0005-07-27 14:30:00,5,7,27,14,30,880,321.0,RUE HERRINGEN,48.361,5.693,Plein jour,En agglomération,Hors intersection,Normale,Deux véhicules - arrière,,,,,,,,,,,1,2,1,1,2
200500042030,0005-07-23 22:00:00,5,7,23,22,0,880,496.0,,48.225,5.803,Nuit sans éclairage public,Hors agglomération,Intersection en X,Normale,Deux véhicules - frontale,,,,,,,,,,,3,1,2,1,1
200500042031,0005-07-11 10:00:00,5,7,11,10,0,880,75.0,,,,Plein jour,Hors agglomération,Autre intersection,Normale,Deux véhicules - frontale,,,,,,,,,,,1,1,9,1,1
200500042032,0005-07-14 03:45:00,5,7,14,3,45,880,75.0,Rue de la Clairie,,,Nuit avec éclairage allumé,En agglomération,Hors intersection,Normale,Sans collision,,,,,,,,,,,5,2,1,1,7
200500042033,0005-07-03 08:45:00,5,7,3,8,45,880,487.0,,47.952,6.46,Plein jour,Hors agglomération,Hors intersection,Normale,Sans collision,,,,,,,,,,,1,1,1,1,7
200500042034,0005-07-06 21:45:00,5,7,6,21,45,880,9.0,,,,Nuit sans éclairage public,Hors agglomération,Hors intersection,Pluie légère,Deux véhicules - frontale,,,,,,,,,,,3,1,1,2,1
200500042035,0005-07-24 09:15:00,5,7,24,9,15,880,115.0,Place des Parrainages,48.176,6.866,Plein jour,En agglomération,Hors intersection,Temps couvert,Deux véhicules - frontale,,,,,,,,,,,1,2,1,8,1
200500042036,0005-07-01 21:30:00,5,7,1,21,30,880,196.0,,,,Nuit avec éclairage allumé,Hors agglomération,Hors intersection,Pluie légère,Deux véhicules - frontale,,,,,,,,,,,5,1,1,2,1
200500042037,0005-07-16 11:00:00,5,7,16,11,0,880,196.0,,,,Plein jour,Hors agglomération,Hors intersection,Pluie légère,Deux véhicules - frontale,,,,,,,,,,,1,1,1,2,1
200500042038,0005-07-27 20:30:00,5,7,27,20,30,880,196.0,,,,Crépuscule ou aube,Hors agglomération,Hors intersection,Normale,Sans collision,,,,,,,,,,,2,1,1,1,7
200500042039,0005-07-29 15:45:00,5,7,29,15,45,880,372.0,Rue Jacques MELLEZ,,,Plein jour,En agglomération,Hors intersection,Temps couvert,Autre collision,,,,,,,,,,,1,2,1,8,6
200500042040,0005-07-02 03:30:00,5,7,2,3,30,670,216.0,Rue du génral de Gaulle,48.363,7.58,Nuit avec éclairage allumé,En agglomération,Hors intersection,Normale,Autre collision,,,,,,,,,,,5,2,1,1,6
200500042041,0005-07-20 09:30:00,5,7,20,9,30,670,28.0,CD 206 -CD 5,48.38,7.594,Plein jour,Hors agglomération,Giratoire,Normale,Deux véhicules - frontale,,,,,,,,,,,1,1,6,1,1
200500042042,0005-07-26 06:45:00,5,7,26,6,45,670,246.0,CD 203 RUE 1° DECEMBRE,48.341,7.546,Plein jour,En agglomération,Place,Normale,Deux véhicules - frontale,,,,,,,,,,,1,2,7,1,1
200500042043,0005-07-13 17:00:00,5,7,13,17,0,670,137.0,,,,Plein jour,En agglomération,Hors intersection,Normale,Deux véhicules - frontale,,,,,,,,,,,1,2,1,1,1
200500042044,0005-07-19 07:30:00,5,7,19,7,30,670,137.0,,,,Plein jour,En agglomération,Hors intersection,Normale,Deux véhicules - côté,,,,,,,,,,,1,2,1,1,3
200500042045,0005-07-27 14:00:00,5,7,27,14,0,670,286.0,Rue Principale/rue haute,48.452,7.546,Plein jour,En agglomération,Hors intersection,Normale,Deux véhicules - côté,,,,,,,,,,,1,2,1,1,3
200500042046,0005-07-08 08:30:00,5,7,8,8,30,670,112.0,,48.548,7.576,Plein jour,Hors agglomération,Hors intersection,Pluie légère,Deux véhicules - frontale,,,,,,,,,,,1,1,1,2,1
200500042047,0005-07-19 20:45:00,5,7,19,20,45,670,101.0,,48.531,7.474,Crépuscule ou aube,Hors agglomération,Hors intersection,Normale,Deux véhicules - côté,,,,,,,,,,,2,1,1,1,3
200500042048,0005-07-06 17:45:00,5,7,6,17,45,670,420.0,,,,Plein jour,Hors agglomération,Hors intersection,Normale,Deux véhicules - côté,,,,,,,,,,,1,1,1,1,3
200500042049,0005-07-30 16:30:00,5,7,30,16,30,670,384.0,,,,Plein jour,Hors agglomération,Hors intersection,Normale,Autre collision,,,,,,,,,,,1,1,1,1,6
200500042050,0005-07-31 15:15:00,5,7,31,15,15,670,165.0,CD 993  PR 2+800,,,Plein jour,Hors agglomération,Hors intersection,Normale,Deux véhicules - frontale,,,,,,,,,,,1,1,1,1,1
200500042051,0005-07-05 17:20:00,5,7,5,17,20,670,282.0,CD220,,,Plein jour,Hors agglomération,Hors intersection,Normale,Deux véhicules - frontale,,,,,,,,,,,1,1,1,1,1
200500042052,0005-07-03 23:30:00,5,7,3,23,30,670,222.0,,,,Nuit sans éclairage public,Hors agglomération,Hors intersection,Normale,Sans collision,,,,,,,,,,,3,1,1,1,7
200500042053,0005-07-16 14:30:00,5,7,16,14,30,670,347.0,,,,Plein jour,Hors agglomération,Hors intersection,Normale,Deux véhicules - frontale,,,,,,,,,,,1,1,1,1,1
200500042054,0005-07-30 14:30:00,5,7,30,14,30,670,103.0,Route de neuwiller,,,Plein jour,En agglomération,Hors intersection,Normale,Deux véhicules - frontale,,,,,,,,,,,1,2,1,1,1
200500042055,0005-07-03 20:00:00,5,7,3,20,0,670,437.0,rue de l'Ermitage,,,Plein jour,En agglomération,Hors intersection,Normale,Deux véhicules - côté,,,,,,,,,,,1,2,1,1,3
200500042056,0005-07-09 16:45:00,5,7,9,16,45,670,302.0,rue de la gare,48.756,7.385,Plein jour,En agglomération,Hors intersection,Normale,Trois véhicules et plus - collisions multiples,,,,,,,,,,,1,2,1,1,5
200500042057,0005-07-13 18:15:00,5,7,13,18,15,670,437.0,rue de l'orangerie,48.744,7.369,Plein jour,En agglomération,Hors intersection,Normale,Deux véhicules - frontale,,,,,,,,,,,1,2,1,1,1
200500042058,0005-07-01 16:00:00,5,7,1,16,0,670,538.0,,,,Plein jour,Hors agglomération,Hors intersection,Normale,Autre collision,,,,,,,,,,,1,1,1,1,6
200500042059,0005-07-04 16:15:00,5,7,4,16,15,670,274.0,,,,Plein jour,Hors agglomération,Hors intersection,Pluie légère,Deux véhicules - frontale,,,,,,,,,,,1,1,1,2,1
200500042060,0005-07-09 16:45:00,5,7,9,16,45,670,370.0,,,,Plein jour,Hors agglomération,Hors intersection,Normale,Deux véhicules - côté,,,,,,,,,,,1,1,1,1,3
200500042061,0005-07-12 17:15:00,5,7,12,17,15,670,183.0,rue du Moulin,,,Plein jour,Hors agglomération,Hors intersection,Normale,Deux véhicules - frontale,,,,,,,,,,,1,1,1,1,1
200500042062,0005-07-14 22:45:00,5,7,14,22,45,670,413.0,,,,Nuit avec éclairage allumé,Hors agglomération,Autre intersection,Normale,Autre collision,,,,,,,,,,,5,1,9,1,6
200500042063,0005-07-15 18:00:00,5,7,15,18,0,670,234.0,,,,Plein jour,Hors agglomération,Hors intersection,Normale,Deux véhicules - côté,,,,,,,,,,,1,1,1,1,3
200500042064,0005-07-23 01:30:00,5,7,23,1,30,670,134.0,,,,Nuit sans éclairage public,Hors agglomération,Hors intersection,Normale,Autre collision,,,,,,,,,,,3,1,1,1,6
200500042065,0005-07-24 19:30:00,5,7,24,19,30,670,105.0,,,,Plein jour,Hors agglomération,Hors intersection,Pluie légère,Sans collision,,,,,,,,,,,1,1,1,2,7
200500042066,0005-07-29 11:00:00,5,7,29,11,0,670,434.0,,48.95,7.07,Plein jour,Hors agglomération,Hors intersection,Normale,Deux véhicules - frontale,,,,,,,,,,,1,1,1,1,1
200500042067,0005-07-09 10:15:00,5,7,9,10,15,670,33.0,,,,Plein jour,Hors agglomération,Hors intersection,Normale,Autre collision,,,,,,,,,,,1,1,1,1,6
200500042068,0005-07-24 17:45:00,5,7,24,17,45,670,67.0,,,,Plein jour,Hors agglomération,Intersection en T,Temps couvert,Deux véhicules - frontale,,,,,,,,,,,1,1,3,8,1
200500042069,0005-07-12 15:45:00,5,7,12,15,45,670,439.0,,,,Plein jour,Hors agglomération,Hors intersection,Normale,Sans collision,,,,,,,,,,,1,1,1,1,7
200500042070,0005-07-21 16:15:00,5,7,21,16,15,670,452.0,,,,Plein jour,Hors agglomération,Hors intersection,Normale,Deux véhicules - frontale,,,,,,,,,,,1,1,1,1,1
200500042071,0005-07-04 18:30:00,5,7,4,18,30,670,205.0,RUE DE BIETLENHEIM,48.709,7.778,Plein jour,En agglomération,Hors intersection,Normale,Sans collision,,,,,,,,,,,1,2,1,1,7
200500042072,0005-07-19 08:15:00,5,7,19,8,15,670,445.0,,48.295,7.422,Plein jour,Hors agglomération,Hors intersection,Normale,Deux véhicules - côté,,,,,,,,,,,1,1,1,1,3
200500042073,0005-07-19 16:30:00,5,7,19,16,30,670,281.0,RUE GENERAL FREYTAG,48.169,7.544,Plein jour,En agglomération,Hors intersection,Normale,Deux véhicules - frontale,,,,,,,,,,,1,2,1,1,1
200500042074,0005-07-03 19:30:00,5,7,3,19,30,670,477.0,COL DE STEIGE CD 424,48.371,7.223,Plein jour,Hors agglomération,Hors intersection,Normale,Sans collision,,,,,,,,,,,1,1,1,1,7
200500042075,0005-07-10 20:30:00,5,7,10,20,30,670,63.0,Rue des Vosges,48.371,7.292,Plein jour,En agglomération,Hors intersection,Pluie forte,Autre collision,,,,,,,,,,,1,2,1,3,6
200500042076,0005-07-17 11:15:00,5,7,17,11,15,670,416.0,,,,Plein jour,Hors agglomération,Hors intersection,Normale,Deux véhicules - côté,,,,,,,,,,,1,1,1,1,3
200500042077,0005-07-01 08:00:00,5,7,1,8,0,670,463.0,,48.92,8.124,Plein jour,Hors agglomération,Hors intersection,Normale,Deux véhicules - frontale,,,,,,,,,,,1,1,1,1,1
200500042078,0005-07-04 00:01:00,5,7,4,0,1,670,353.0,Lieu - dit LUTZELHARDT,,,Plein jour,Hors agglomération,Hors intersection,Normale,Deux véhicules - frontale,,,,,,,,,,,1,1,1,1,1
200500042079,0005-07-10 13:30:00,5,7,10,13,30,680,44.0,Route des Bagenelles,48.179,7.113,Plein jour,En agglomération,Hors intersection,Normale,Deux véhicules - côté,,,,,,,,,,,1,2,1,1,3
200500042080,0005-07-17 16:00:00,5,7,17,16,0,680,249.0,,,,Plein jour,Hors agglomération,Hors intersection,Normale,Deux véhicules - frontale,,,,,,,,,,,1,1,1,1,1
200500042081,0005-07-31 15:50:00,5,7,31,15,50,680,44.0,RN 415,48.175,7.129,Plein jour,Hors agglomération,Hors intersection,Normale,Deux véhicules - arrière,,,,,,,,,,,1,1,1,1,2
200500042082,0005-07-31 18:00:00,5,7,31,18,0,680,249.0,,48.124,7.146,Plein jour,Hors agglomération,Hors intersection,Normale,Deux véhicules - arrière,,,,,,,,,,,1,1,1,1,2
200500042083,0005-07-26 17:15:00,5,7,26,17,15,680,226.0,RUE DE LATTRE,48.045,7.146,Plein jour,En agglomération,Hors intersection,Normale,Deux véhicules - arrière,,,,,,,,,,,1,2,1,1,2