accident_id,datetime,annee,mois,jour,heure,minute,departement,commune_insee,adresse,latitude,longitude,luminosite,agglomeration,intersection,meteo,collision,nb_vehicules,nb_usagers,nb_indemnes,nb_tues,nb_blesses_hosp,nb_blesses_legers,age_cond_1,age_cond_2,veh_type_cond_1,veh_type_cond_2,lum_code,agg_code,int_code,atm_code,col_code
200500042905,0005-07-30 20:40:00,5,7,30,20,40,370,104.0,PS PHILIPPES - PR 38+300,,,Plein jour,Hors agglomération,Hors intersection,Normale,Deux véhicules - arrière,,,,,,,,,,,1,1,1,1,2
200500042906,0005-07-14 08:00:00,5,7,14,8,0,410,9.0,,,,Plein jour,Hors agglomération,Autre intersection,Normale,Trois véhicules et plus - collisions multiples,,,,,,,,,,,1,1,9,1,5
200500042907,0005-07-30 21:00:00,5,7,30,21,0,410,281.0,,,,Plein jour,Hors agglomération,Hors intersection,Normale,Sans collision,,,,,,,,,,,1,1,1,1,7
200500042908,0005-07-10 20:00:00,5,7,10,20,0,410,260.0,"Lieu-dit ""le Pressoir""",,,Plein jour,Hors agglomération,Hors intersection,Normale,Deux véhicules - arrière,,,,,,,,,,,1,1,1,1,2
200500042909,0005-07-25 19:45:00,5,7,25,19,45,410,146.0,RTE DE BLOIS,,,Plein jour,En agglomération,Hors intersection,Normale,Deux véhicules - côté,,,,,,,,,,,1,2,1,1,3
200500042910,0005-07-11 15:45:00,5,7,11,15,45,410,159.0,15 Rue du 11 Novembre,47.541,1.8,Plein jour,En agglomération,Hors intersection,Normale,Autre collision,,,,,,,,,,,1,2,1,1,6
200500042911,0005-07-21 14:15:00,5,7,21,14,15,410,157.0,,,,Plein jour,Hors agglomération,Hors intersection,Normale,Deux véhicules - frontale,,,,,,,,,,,1,1,1,1,1
200500042912,0005-07-11 16:00:00,5,7,11,16,0,410,238.0,,47.86,0.851,Plein jour,Hors agglomération,Hors intersection,Normale,Deux véhicules - frontale,,,,,,,,,,,1,1,1,1,1
200500042913,0005-07-23 05:15:00,5,7,23,5,15,410,294.0,,47.803,1.002,Crépuscule ou aube,Hors agglomération,Hors intersection,Normale,Autre collision,,,,,,,,,,,2,1,1,1,6
200500042914,0005-07-03 21:45:00,5,7,3,21,45,410,75.0,,48.069,1.11,Nuit sans éclairage public,Hors agglomération,Hors intersection,Temps couvert,Sans collision,,,,,,,,,,,3,1,1,8,7
200500042915,0005-07-14 16:45:00,5,7,14,16,45,410,202.0,,,,Plein jour,Hors agglomération,Hors intersection,Normale,Sans collision,,,,,,,,,,,1,1,1,1,7
200500042916,0005-07-27 13:30:00,5,7,27,13,30,410,235.0,,,,Plein jour,Hors agglomération,Hors intersection,Normale,Trois véhicules et plus - collisions multiples,,,,,,,,,,,1,1,1,1,5
200500042917,0005-07-03 21:30:00,5,7,3,21,30,330,214.0,50 route de la plage Le,45.008,-1.131,Plein jour,En agglomération,Hors intersection,Normale,Autre collision,,,,,,,,,,,1,2,1,1,6
200500042918,0005-07-15 03:00:00,5,7,15,3,0,330,214.0,,44.997,-1.174,Nuit sans éclairage public,Hors agglomération,Hors intersection,Normale,Autre collision,,,,,,,,,,,3,1,1,1,6
200500042919,0005-07-18 10:45:00,5,7,18,10,45,330,214.0,,44.938,-1.068,Plein jour,Hors agglomération,Hors intersection,Normale,Autre collision,,,,,,,,,,,1,1,1,1,6
200500042920,0005-07-23 01:30:00,5,7,23,1,30,330,97.0,AVENUE DE MAUBUISSON,,,Nuit avec éclairage allumé,En agglomération,Hors intersection,Normale,Autre collision,,,,,,,,,,,5,2,1,1,6
200500042921,0005-07-23 11:15:00,5,7,23,11,15,330,70.0,,45.06,-0.959,Plein jour,Hors agglomération,Hors intersection,Normale,Deux véhicules - frontale,,,,,,,,,,,1,1,1,1,1
200500042922,0005-07-15 19:00:00,5,7,15,19,0,290,293.0,garem ar louatez,,,Plein jour,En agglomération,Intersection en X,Normale,Deux véhicules - frontale,,,,,,,,,,,1,2,2,1,1
200500042923,0005-07-30 15:30:00,5,7,30,15,30,290,293.0,Trescao,47.801,-3.835,Plein jour,Hors agglomération,Autre intersection,Normale,Deux véhicules - côté,,,,,,,,,,,1,1,9,1,3
200500042924,0005-07-01 11:00:00,5,7,1,11,0,290,274.0,20 rue bourvic,48.027,-3.685,Plein jour,En agglomération,Hors intersection,Pluie légère,Deux véhicules - côté,,,,,,,,,,,1,2,1,2,3
200500042925,0005-07-21 14:15:00,5,7,21,14,15,290,272.0,,,,Plein jour,Hors agglomération,Intersection en X,Normale,Deux véhicules - côté,,,,,,,,,,,1,1,2,1,3
200500042926,0005-07-30 02:15:00,5,7,30,2,15,290,274.0,,47.995,-3.719,Nuit sans éclairage public,Hors agglomération,Hors intersection,Normale,Autre collision,,,,,,,,,,,3,1,1,1,6
200500042927,0005-07-02 18:30:00,5,7,2,18,30,130,21.0,PR 15,,,Plein jour,En agglomération,Hors intersection,Normale,Deux véhicules - côté,,,,,,,,,,,1,2,1,1,3
200500042928,0005-07-20 00:15:00,5,7,20,0,15,130,21.0,ROUTE BLEUE-AVENUE DRAIO,,,Nuit avec éclairage allumé,En agglomération,Giratoire,Normale,Sans collision,,,,,,,,,,,5,2,6,1,7
200500042929,0005-07-03 04:45:00,5,7,3,4,45,950,682.0,,,,Crépuscule ou aube,Hors agglomération,Hors intersection,Normale,Sans collision,,,,,,,,,,,2,1,1,1,7
200500042930,0005-07-07 05:45:00,5,7,7,5,45,950,652.0,,49.12,2.4,Crépuscule ou aube,Hors agglomération,Hors intersection,Normale,Deux véhicules - côté,,,,,,,,,,,2,1,1,1,3
200500042931,0005-07-22 01:50:00,5,7,22,1,50,440,20.0,4 rue Georges Clémenceau,,,Nuit avec éclairage allumé,En agglomération,Hors intersection,Normale,Autre collision,,,,,,,,,,,5,2,1,1,6
200500042932,0005-07-13 19:15:00,5,7,13,19,15,330,527.0,RUE GRANGENEUVE,44.62,-1.03,Plein jour,En agglomération,Giratoire,Normale,Deux véhicules - frontale,,,,,,,,,,,1,2,6,1,1
200500042933,0005-07-18 23:15:00,5,7,18,23,15,330,527.0,,44.64,-1.02,Nuit sans éclairage public,Hors agglomération,Hors intersection,Normale,Autre collision,,,,,,,,,,,3,1,1,1,6
200500042934,0005-07-29 18:00:00,5,7,29,18,0,330,199.0,47 av.de la côte d arge,44.64,-1.05,Plein jour,En agglomération,Hors intersection,Normale,Deux véhicules - frontale,,,,,,,,,,,1,2,1,1,1
200500042935,0005-07-08 13:05:00,5,7,8,13,5,870,203.0,Les petites maisons,45.624,1.433,Plein jour,Hors agglomération,Hors intersection,Normale,Deux véhicules - arrière,,,,,,,,,,,1,1,1,1,2
200500042936,0005-07-02 13:45:00,5,7,2,13,45,670,391.0,,48.684,7.323,Plein jour,Hors agglomération,Hors intersection,Pluie légère,Autre collision,,,,,,,,,,,1,1,1,2,6
200500042937,0005-07-06 18:15:00,5,7,6,18,15,330,99.0,CHEMIN DE TRESSES,,,Plein jour,En agglomération,Hors intersection,Normale,Deux véhicules - frontale,,,,,,,,,,,1,2,1,1,1
200500042938,0005-07-29 14:00:00,5,7,29,14,0,330,85.0,Lieu dit SEGUINEAU,44.758,-0.494,Plein jour,En agglomération,Hors intersection,Normale,Deux véhicules - côté,,,,,,,,,,,1,2,1,1,3
200500042939,0005-07-08 14:45:00,5,7,8,14,45,580,303.0,rue Michel GAULIER,47.024,3.157,Plein jour,En agglomération,Hors intersection,Temps couvert,Deux véhicules - côté,,,,,,,,,,,1,2,1,8,3
200500042940,0005-07-08 18:45:00,5,7,8,18,45,580,303.0,de bricolage BRICOMARCHE,,,Plein jour,En agglomération,Hors intersection,Normale,Deux véhicules - frontale,,,,,,,,,,,1,2,1,1,1
200500042941,0005-07-31 18:00:00,5,7,31,18,0,470,143.0,Avenue de la gare,44.185,0.299,Plein jour,En agglomération,Hors intersection,Normale,Deux véhicules - côté,,,,,,,,,,,1,2,1,1,3
200500042942,0005-07-16 08:45:00,5,7,16,8,45,110,202.0,RD 627,,,Plein jour,Hors agglomération,Hors intersection,Normale,Autre collision,,,,,,,,,,,1,1,1,1,6
200500042943,0005-07-03 18:00:00,5,7,3,18,0,340,163.0,,43.649,3.693,Plein jour,Hors agglomération,Hors intersection,Normale,Sans collision,,,,,,,,,,,1,1,1,1,7
200500042944,0005-07-17 03:15:00,5,7,17,3,15,340,259.0,ST JEAN DE VEDAS,43.583,3.824,Nuit avec éclairage allumé,En agglomération,Autre intersection,Normale,Deux véhicules - côté,,,,,,,,,,,5,2,9,1,3
200500042945,0005-07-30 11:00:00,5,7,30,11,0,340,123.0,41 AVENUE DE FONTCAUDE,43.631,3.805,Plein jour,En agglomération,Hors intersection,Normale,Deux véhicules - frontale,,,,,,,,,,,1,2,1,1,1
200500042946,0005-07-28 14:15:00,5,7,28,14,15,340,270.0,,,,Plein jour,Hors agglomération,Hors intersection,Normale,Deux véhicules - côté,,,,,,,,,,,1,1,1,1,3
200500042947,0005-07-24 10:00:00,5,7,24,10,0,110,122.0,,43.192,2.598,Plein jour,Hors agglomération,Hors intersection,Normale,Deux véhicules - frontale,,,,,,,,,,,1,1,1,1,1
200500042948,0005-07-03 15:00:00,5,7,3,15,0,280,26.0,,48.344,1.867,Plein jour,Hors agglomération,Hors intersection,Normale,Deux véhicules - frontale,,,,,,,,,,,1,1,1,1,1
200500042949,0005-07-05 06:30:00,5,7,5,6,30,780,3.0,,48.528,1.821,Plein jour,Hors agglomération,Hors intersection,Normale,Autre collision,,,,,,,,,,,1,1,1,1,6
200500042950,0005-07-28 02:00:00,5,7,28,2,0,780,564.0,,,,Nuit sans éclairage public,Hors agglomération,Hors intersection,Normale,Trois véhicules et plus - en chaîne,,,,,,,,,,,3,1,1,1,4
200500042951,0005-07-21 16:30:00,5,7,21,16,30,780,9.0,,,,Plein jour,Hors agglomération,Hors intersection,Normale,Autre collision,,,,,,,,,,,1,1,1,1,6
200500042952,0005-07-28 07:30:00,5,7,28,7,30,280,26.0,,,,Plein jour,Hors agglomération,Hors intersection,Normale,Deux véhicules - côté,,,,,,,,,,,1,1,1,1,3
200500042953,0005-07-25 20:45:00,5,7,25,20,45,910,17.0,,,,Plein jour,Hors agglomération,Hors intersection,Normale,Autre collision,,,,,,,,,,,1,1,1,1,6
200500042954,0005-07-28 17:00:00,5,7,28,17,0,510,293.0,RD 20 - RUE DE LA SUIPPE,49.328,4.258,Plein jour,En agglomération,Hors intersection,Normale,Deux véhicules - frontale,,,,,,,,,,,1,2,1,1,1
200500042955,0005-07-02 20:15:00,5,7,2,20,15,690,64.0,,,,Plein jour,Hors agglomération,Hors intersection,Normale,Deux véhicules - frontale,,,,,,,,,,,1,1,1,1,1
200500042956,0005-07-14 06:00:00,5,7,14,6,0,690,64.0,79 RN 86,45.464,4.765,Plein jour,En agglomération,Hors intersection,Normale,Sans collision,,,,,,,,,,,1,2,1,1,7
200500042957,0005-07-14 06:00:00,5,7,14,6,0,290,140.0,,48.386,-4.299,Nuit sans éclairage public,Hors agglomération,Hors intersection,Normale,Deux véhicules - frontale,,,,,,,,,,,3,1,1,1,1
200500042958,0005-07-08 16:45:00,5,7,8,16,45,770,412.0,,48.478,2.52,Plein jour,Hors agglomération,Hors intersection,Normale,Sans collision,,,,,,,,,,,1,1,1,1,7
200500042959,0005-07-11 04:45:00,5,7,11,4,45,770,477.0,,48.335,2.602,Nuit sans éclairage public,Hors agglomération,Hors intersection,Normale,Trois véhicules et plus - collisions multiples,,,,,,,,,,,3,1,1,1,5
200500042960,0005-07-20 11:45:00,5,7,20,11,45,770,333.0,,48.269,2.722,Plein jour,Hors agglomération,Hors intersection,Normale,Deux véhicules - arrière,,,,,,,,,,,1,1,1,1,2
200500042961,0005-07-27 05:45:00,5,7,27,5,45,770,65.0,,48.476,2.526,Crépuscule ou aube,Hors agglomération,Hors intersection,Normale,Autre collision,,,,,,,,,,,2,1,1,1,6
200500042962,0005-07-31 14:30:00,5,7,31,14,30,770,71.0,,48.206,2.804,Plein jour,Hors agglomération,Hors intersection,Normale,Deux véhicules - arrière,,,,,,,,,,,1,1,1,1,2
200500042963,0005-07-05 11:30:00,5,7,5,11,30,890,277.0,,,,Plein jour,Hors agglomération,Hors intersection,Normale,Deux véhicules - arrière,,,,,,,,,,,1,1,1,1,2
200500042964,0005-07-06 16:00:00,5,7,6,16,0,800,467.0,,,,Nuit sans éclairage public,Hors agglomération,Hors intersection,Pluie légère,Autre collision,,,,,,,,,,,3,1,1,2,6
200500042965,0005-07-11 02:00:00,5,7,11,2,0,800,430.0,,,,Nuit sans éclairage public,Hors agglomération,Hors intersection,Normale,Deux véhicules - arrière,,,,,,,,,,,3,1,1,1,2
200500042966,0005-07-12 15:15:00,5,7,12,15,15,800,186.0,,,,Plein jour,Hors agglomération,Hors intersection,Normale,Deux véhicules - arrière,,,,,,,,,,,1,1,1,1,2
200500042967,0005-07-18 08:30:00,5,7,18,8,30,800,359.0,,,,Plein jour,Hors agglomération,Hors intersection,Normale,Sans collision,,,,,,,,,,,1,1,1,1,7
200500042968,0005-07-22 14:45:00,5,7,22,14,45,800,474.0,,,,Plein jour,Hors agglomération,Hors intersection,Normale,Sans collision,,,,,,,,,,,1,1,1,1,7
200500042969,0005-07-26 05:30:00,5,7,26,5,30,800,33.0,,,,Nuit sans éclairage public,Hors agglomération,Hors intersection,Pluie légère,Deux véhicules - arrière,,,,,,,,,,,3,1,1,2,2
200500042970,0005-07-03 06:15:00,5,7,3,6,15,710,170.0,,,,Crépuscule ou aube,Hors agglomération,Hors intersection,Normale,Autre collision,,,,,,,,,,,2,1,1,1,6
200500042971,0005-07-08 04:30:00,5,7,8,4,30,710,170.0,,,,Nuit sans éclairage public,Hors agglomération,Hors intersection,Normale,Deux véhicules - frontale,,,,,,,,,,,3,1,1,1,1
200500042972,0005-07-10 12:30:00,5,7,10,12,30,710,265.0,,,,Plein jour,Hors agglomération,Hors intersection,Normale,Autre collision,,,,,,,,,,,1,1,1,1,6
200500042973,0005-07-20 06:30:00,5,7,20,6,30,710,170.0,,,,Crépuscule ou aube,Hors agglomération,Hors intersection,Normale,Autre collision,,,,,,,,,,,2,1,1,1,6
200500042974,0005-07-10 10:30:00,5,7,10,10,30,130,51.0,A7 - PK 240+500 - N/S,,,Plein jour,Hors agglomération,Hors intersection,Normale,Deux véhicules - arrière,,,,,,,,,,,1,1,1,1,2
200500042975,0005-07-19 14:00:00,5,7,19,14,0,130,103.0,,,,Plein jour,Hors agglomération,Hors intersection,Normale,Sans collision,,,,,,,,,,,1,1,1,1,7
200500042976,0005-07-13 16:15:00,5,7,13,16,15,830,73.0,,43.359,6.334,Plein jour,Hors agglomération,Hors intersection,Normale,Deux véhicules - frontale,,,,,,,,,,,1,1,1,1,1
200500042977,0005-07-30 13:45:00,5,7,30,13,45,830,100.0,,43.274,6.163,Plein jour,Hors agglomération,Hors intersection,Normale,Autre collision,,,,,,,,,,,1,1,1,1,6
200500042978,0005-07-07 13:30:00,5,7,7,13,30,600,513.0,52 rue Charles Andrieux,,,Plein jour,En agglomération,Hors intersection,Normale,Deux véhicules - frontale,,,,,,,,,,,1,2,1,1,1
200500042979,0005-07-14 10:15:00,5,7,14,10,15,600,584.0,,,,Plein jour,Hors agglomération,Hors intersection,Normale,Autre collision,,,,,,,,,,,1,1,1,1,6
200500042980,0005-07-13 21:30:00,5,7,13,21,30,600,185.0,,,,Plein jour,Hors agglomération,Hors intersection,Normale,Deux véhicules - frontale,,,,,,,,,,,1,1,1,1,1
200500042981,0005-07-16 00:30:00,5,7,16,0,30,600,155.0,rue de la ville,49.277,2.358,Nuit avec éclairage allumé,En agglomération,Hors intersection,Normale,Autre collision,,,,,,,,,,,5,2,1,1,6
200500042982,0005-07-15 22:15:00,5,7,15,22,15,600,86.0,,,,Crépuscule ou aube,Hors agglomération,Hors intersection,Normale,Autre collision,,,,,,,,,,,2,1,1,1,6
200500042983,0005-07-18 17:15:00,5,7,18,17,15,600,155.0,,,,Plein jour,Hors agglomération,Hors intersection,Normale,Autre collision,,,,,,,,,,,1,1,1,1,6
200500042984,0005-07-24 10:45:00,5,7,24,10,45,600,686.0,,,,Plein jour,Hors agglomération,Hors intersection,Pluie légère,Deux véhicules - frontale,,,,,,,,,,,1,1,1,2,1
200500042985,0005-07-25 12:30:00,5,7,25,12,30,600,185.0,,,,Plein jour,Hors agglomération,Hors intersection,Pluie légère,Deux véhicules - côté,,,,,,,,,,,1,1,1,2,3
200500042986,0005-07-17 17:15:00,5,7,17,17,15,270,150.0,,,,Nuit sans éclairage public,Hors agglomération,Hors intersection,Normale,Sans collision,,,,,,,,,,,3,1,1,1,7
200500042987,0005-07-20 16:45:00,5,7,20,16,45,270,469.0,,,,Plein jour,Hors agglomération,Hors intersection,Normale,Deux véhicules - arrière,,,,,,,,,,,1,1,1,1,2
200500042988,0005-07-21 19:15:00,5,7,21,19,15,600,100.0,,,,Plein jour,Hors agglomération,Hors intersection,Normale,Sans collision,,,,,,,,,,,1,1,1,1,7
200500042989,0005-07-21 19:45:00,5,7,21,19,45,600,533.0,,,,Plein jour,Hors agglomération,Hors intersection,Normale,Autre collision,,,,,,,,,,,1,1,1,1,6
200500042990,0005-07-22 13:00:00,5,7,22,13,0,600,24.0,,,,Plein jour,Hors agglomération,Hors intersection,Normale,Deux véhicules - côté,,,,,,,,,,,1,1,1,1,3
200500042991,0005-07-23 15:30:00,5,7,23,15,30,600,138.0,,49.217,2.622,Plein jour,Hors agglomération,Hors intersection,Normale,Sans collision,,,,,,,,,,,1,1,1,1,7
200500042992,0005-07-19 04:00:00,5,7,19,4,0,690,19.0,,,,Nuit sans éclairage public,Hors agglomération,Hors intersection,Normale,Sans collision,,,,,,,,,,,3,1,1,1,7
200500042993,0005-07-20 19:45:00,5,7,20,19,45,690,115.0,,,,Plein jour,Hors agglomération,Hors intersection,Normale,Deux véhicules - arrière,,,,,,,,,,,1,1,1,1,2
200500042994,0005-07-22 06:30:00,5,7,22,6,30,690,77.0,,,,Plein jour,Hors agglomération,Hors intersection,Normale,Deux véhicules - arrière,,,,,,,,,,,1,1,1,1,2
200500042995,0005-07-24 12:30:00,5,7,24,12,30,690,13.0,23+950 - Sens Lyon/Paris,,,Plein jour,Hors agglomération,Hors intersection,Normale,Deux véhicules - frontale,,,,,,,,,,,1,1,1,1,1
200500042996,0005-07-06 12:30:00,5,7,6,12,30,620,384.0,,,,Plein jour,Hors agglomération,Hors intersection,Normale,Deux véhicules - côté,,,,,,,,,,,1,1,1,1,3
200500042997,0005-07-01 10:45:00,5,7,1,10,45,680,278.0,RUE DE MULHOUSE,,,Plein jour,En agglomération,Hors intersection,Normale,Autre collision,,,,,,,,,,,1,2,1,1,6
200500042998,0005-07-07 08:05:00,5,7,7,8,5,680,278.0,rue du Gal de Gaulle,,,Plein jour,En agglomération,Hors intersection,Normale,Autre collision,,,,,,,,,,,1,2,1,1,6
200500042999,0005-07-09 08:30:00,5,7,9,8,30,530,86.0,,48.199,-1.002,Plein jour,Hors agglomération,Hors intersection,Normale,Deux véhicules - frontale,,,,,,,,,,,1,1,1,1,1
200500043000,0005-07-27 04:15:00,5,7,27,4,15,530,45.0,,48.077,-0.962,Nuit sans éclairage public,Hors agglomération,Hors intersection,Pluie légère,Sans collision,,,,,,,,,,,3,1,1,2,7
200500043001,0005-07-29 15:15:00,5,7,29,15,15,530,48.0,,48.227,-0.894,Plein jour,Hors agglomération,Hors intersection,Normale,Deux véhicules - arrière,,,,,,,,,,,1,1,1,1,2
200500043002,0005-07-04 08:30:00,5,7,4,8,30,950,604.0,,,,Plein jour,Hors agglomération,Hors intersection,Pluie forte,Deux véhicules - côté,,,,,,,,,,,1,1,1,3,3
200500043003,0005-07-08 16:30:00,5,7,8,16,30,950,580.0,,,,Plein jour,Hors agglomération,Autre intersection,Normale,Deux véhicules - côté,,,,,,,,,,,1,1,9,1,3
200500043004,0005-07-21 20:15:00,5,7,21,20,15,950,580.0,,49.086,2.541,Plein jour,Hors agglomération,Hors intersection,Normale,Sans collision,,,,,,,,,,,1,1,1,1,7
200500043005,0005-07-11 00:30:00,5,7,11,0,30,310,22.0,175 ROUTE DE FRONTON,,,Nuit avec éclairage allumé,En agglomération,Hors intersection,Normale,Autre collision,,,,,,,,,,,5,2,1,1,6
200500043006,0005-07-05 14:30:00,5,7,5,14,30,410,156.0,,,,Plein jour,Hors agglomération,Hors intersection,Normale,Sans collision,,,,,,,,,,,1,1,1,1,7
200500043007,0005-07-11 15:30:00,5,7,11,15,30,410,206.0,,47.659,1.38,Plein jour,Hors agglomération,Hors intersection,Normale,Trois véhicules et plus - en chaîne,,,,,,,,,,,1,1,1,1,4
200500043008,0005-07-13 14:30:00,5,7,13,14,30,410,245.0,,47.741,1.519,Plein jour,Hors agglomération,Hors intersection,Normale,Autre collision,,,,,,,,,,,1,1,1,1,6
200500043009,0005-07-18 08:45:00,5,7,18,8,45,410,136.0,,,,Plein jour,Hors agglomération,Hors intersection,Normale,Deux véhicules - arrière,,,,,,,,,,,1,1,1,1,2
200500043010,0005-07-12 14:00:00,5,7,12,14,0,300,156.0,,,,Plein jour,Hors agglomération,Hors intersection,Normale,Autre collision,,,,,,,,,,,1,1,1,1,6
200500043011,0005-07-16 12:45:00,5,7,16,12,45,300,189.0,,,,Plein jour,Hors agglomération,Hors intersection,Normale,Autre collision,,,,,,,,,,,1,1,1,1,6
200500043012,0005-07-20 18:30:00,5,7,20,18,30,300,123.0,,,,Plein jour,Hors agglomération,Hors intersection,Normale,Trois véhicules et plus - en chaîne,,,,,,,,,,,1,1,1,1,4
200500043013,0005-07-23 04:15:00,5,7,23,4,15,300,123.0,,,,Nuit sans éclairage public,Hors agglomération,Hors intersection,Normale,Trois véhicules et plus - en chaîne,,,,,,,,,,,3,1,1,1,4
200500043014,0005-07-26 00:45:00,5,7,26,0,45,300,123.0,,,,Nuit sans éclairage public,Hors agglomération,Hors intersection,Normale,Autre collision,,,,,,,,,,,3,1,1,1,6
200500043015,0005-07-29 18:30:00,5,7,29,18,30,300,36.0,,,,Plein jour,Hors agglomération,Hors intersection,Normale,Deux véhicules - frontale,,,,,,,,,,,1,1,1,1,1
200500043016,0005-07-05 05:30:00,5,7,5,5,30,370,124.0,7 rue Paul Louis Courrie,47.36,0.764,Crépuscule ou aube,En agglomération,Hors intersection,Normale,Autre collision,,,,,,,,,,,2,2,1,1,6
200500043017,0005-07-14 22:30:00,5,7,14,22,30,370,273.0,,,,Plein jour,Hors agglomération,Hors intersection,Normale,Trois véhicules et plus - collisions multiples,,,,,,,,,,,1,1,1,1,5
200500043018,0005-07-16 18:15:00,5,7,16,18,15,370,273.0,,,,Plein jour,Hors agglomération,Hors intersection,Temps éblouissant,Deux véhicules - frontale,,,,,,,,,,,1,1,1,7,1
200500043019,0005-07-29 12:00:00,5,7,29,12,0,370,79.0,14 bis vallée de Mesvres,,,Plein jour,En agglomération,Hors intersection,Normale,Deux véhicules - côté,,,,,,,,,,,1,2,1,1,3
200500043020,0005-07-30 14:30:00,5,7,30,14,30,370,15.0,,47.355,0.833,Plein jour,Hors agglomération,Autre intersection,Normale,Deux véhicules - côté,,,,,,,,,,,1,1,9,1,3
200500043021,0005-07-08 20:15:00,5,7,8,20,15,280,303.0,A10 PK 75+850 PAPRO,,,Plein jour,Hors agglomération,Autre intersection,Normale,Deux véhicules - arrière,,,,,,,,,,,1,1,9,1,2
200500043022,0005-07-19 12:45:00,5,7,19,12,45,280,303.0,Autoroute A10,,,Plein jour,Hors agglomération,Hors intersection,Normale,Autre collision,,,,,,,,,,,1,1,1,1,6
200500043023,0005-07-20 09:17:00,5,7,20,9,17,450,302.0,A10 PK 94+600 PAPRO,,,Plein jour,Hors agglomération,Hors intersection,Normale,Deux véhicules - côté,,,,,,,,,,,1,1,1,1,3
200500043024,0005-07-29 06:45:00,5,7,29,6,45,280,121.0,,48.121,1.851,Plein jour,Hors agglomération,Hors intersection,Normale,Autre collision,,,,,,,,,,,1,1,1,1,6
200500043025,0005-07-29 15:15:00,5,7,29,15,15,450,203.0,,,,Plein jour,Hors agglomération,Hors intersection,Normale,Sans collision,,,,,,,,,,,1,1,1,1,7
200500043026,0005-07-13 23:30:00,5,7,13,23,30,130,32.0,chemin des Lauriers,43.576,5.347,Nuit sans éclairage public,En agglomération,Intersection en Y,Normale,Deux véhicules - frontale,,,,,,,,,,,3,2,4,1,1
200500043027,0005-07-24 10:45:00,5,7,24,10,45,130,32.0,Quartier du Cros,43.567,5.354,Plein jour,En agglomération,Giratoire,Normale,Deux véhicules - frontale,,,,,,,,,,,1,2,6,1,1
200500043028,0005-07-26 18:15:00,5,7,26,18,15,670,106.0,Rue de DALHUNDEN,48.766,7.967,Plein jour,En agglomération,Hors intersection,Normale,Deux véhicules - frontale,,,,,,,,,,,1,2,1,1,1
200500043029,0005-07-06 14:45:00,5,7,6,14,45,740,245.0,A41n voie Sud,,,Plein jour,Hors agglomération,Hors intersection,Pluie forte,Sans collision,,,,,,,,,,,1,1,1,3,7
200500043030,0005-07-09 16:30:00,5,7,9,16,30,740,268.0,,,,Plein jour,Hors agglomération,Hors intersection,Normale,Sans collision,,,,,,,,,,,1,1,1,1,7
200500043031,0005-07-13 16:00:00,5,7,13,16,0,380,481.0,,45.561,5.358,Plein jour,Hors agglomération,Hors intersection,Normale,Deux véhicules - arrière,,,,,,,,,,,1,1,1,1,2
200500043032,0005-07-21 14:15:00,5,7,21,14,15,130,58.0,CD.27,,,Plein jour,Hors agglomération,Hors intersection,Normale,Deux véhicules - côté,,,,,,,,,,,1,1,1,1,3
200500043033,0005-07-15 07:15:00,5,7,15,7,15,280,398.0,,,,Plein jour,Hors agglomération,Hors intersection,Temps éblouissant,Autre collision,,,,,,,,,,,1,1,1,7,6
200500043034,0005-07-03 11:00:00,5,7,3,11,0,410,94.0,,47.443,1.427,Plein jour,Hors agglomération,Intersection en X,Normale,Deux véhicules - côté,,,,,,,,,,,1,1,2,1,3
200500043035,0005-07-11 18:45:00,5,7,11,18,45,410,32.0,,47.557,1.305,Plein jour,Hors agglomération,Hors intersection,Normale,Deux véhicules - frontale,,,,,,,,,,,1,1,1,1,1
200500043036,0005-07-28 00:15:00,5,7,28,0,15,410,13.0,,,,Nuit sans éclairage public,Hors agglomération,Hors intersection,Normale,Sans collision,,,,,,,,,,,3,1,1,1,7
200500043037,0005-07-11 16:00:00,5,7,11,16,0,690,43.0,,,,Plein jour,Hors agglomération,Hors intersection,Normale,Deux véhicules - côté,,,,,,,,,,,1,1,1,1,3
200500043038,0005-07-05 16:15:00,5,7,5,16,15,290,212.0,8 RUE DES MYOSOTIS,48.374,-4.586,Plein jour,En agglomération,Hors intersection,Pluie légère,Deux véhicules - côté,,,,,,,,,,,1,2,1,2,3
200500043039,0005-07-11 11:45:00,5,7,11,11,45,290,40.0,"""Le Bilou"" RD 85",,,Plein jour,Hors agglomération,Hors intersection,Normale,Deux véhicules - frontale,,,,,,,,,,,1,1,1,1,1
200500043040,0005-07-15 18:45:00,5,7,15,18,45,290,130.0,PLACE LARREUR,,,Plein jour,En agglomération,Place,Normale,Autre collision,,,,,,,,,,,1,2,7,1,6
200500043041,0005-07-19 19:15:00,5,7,19,19,15,290,201.0,Kerd'hervé,48.391,-4.737,Plein jour,Hors agglomération,Intersection en X,Normale,Deux véhicules - côté,,,,,,,,,,,1,1,2,1,3