accident_id,datetime,annee,mois,jour,heure,minute,departement,commune_insee,adresse,latitude,longitude,luminosite,agglomeration,intersection,meteo,collision,nb_vehicules,nb_usagers,nb_indemnes,nb_tues,nb_blesses_hosp,nb_blesses_legers,age_cond_1,age_cond_2,veh_type_cond_1,veh_type_cond_2,lum_code,agg_code,int_code,atm_code,col_code
200500043042,0005-07-27 16:30:00,5,7,27,16,30,290,149.0,,,,Plein jour,Hors agglomération,Hors intersection,Normale,Trois véhicules et plus - collisions multiples,,,,,,,,,,,1,1,1,1,5
200500043043,0005-07-30 04:15:00,5,7,30,4,15,290,130.0,,48.366,-4.649,Nuit sans éclairage public,Hors agglomération,Hors intersection,Normale,Autre collision,,,,,,,,,,,3,1,1,1,6
200500043044,0005-07-09 04:00:00,5,7,9,4,0,340,31.0,,,,Nuit sans éclairage public,Hors agglomération,Hors intersection,Normale,Sans collision,,,,,,,,,,,3,1,1,1,7
200500043045,0005-07-19 12:00:00,5,7,19,12,0,340,166.0,,,,Plein jour,Hors agglomération,Hors intersection,Normale,Deux véhicules - arrière,,,,,,,,,,,1,1,1,1,2
200500043046,0005-07-07 12:00:00,5,7,7,12,0,430,191.0,,,,Plein jour,Hors agglomération,Hors intersection,Normale,Deux véhicules - arrière,,,,,,,,,,,1,1,1,1,2
200500043047,0005-07-17 03:45:00,5,7,17,3,45,310,506.0,Avenue de TOULOUSE,43.94,1.872,Nuit avec éclairage allumé,En agglomération,Hors intersection,Normale,Sans collision,,,,,,,,,,,5,2,1,1,7
200500043048,0005-07-01 00:30:00,5,7,1,0,30,630,455.0,,,,Nuit sans éclairage public,Hors agglomération,Hors intersection,Normale,Deux véhicules - arrière,,,,,,,,,,,3,1,1,1,2
200500043049,0005-07-11 16:45:00,5,7,11,16,45,630,126.0,,,,Plein jour,Hors agglomération,Hors intersection,Normale,Autre collision,,,,,,,,,,,1,1,1,1,6
200500043050,0005-07-17 16:15:00,5,7,17,16,15,630,54.0,,45.51,3.26,Plein jour,Hors agglomération,Hors intersection,Normale,Sans collision,,,,,,,,,,,1,1,1,1,7
200500043051,0005-07-20 04:45:00,5,7,20,4,45,630,54.0,,45.48,3.24,Nuit sans éclairage public,Hors agglomération,Hors intersection,Normale,Autre collision,,,,,,,,,,,3,1,1,1,6
200500043052,0005-07-08 15:45:00,5,7,8,15,45,640,483.0,,43.412,-1.623,Plein jour,Hors agglomération,Hors intersection,Normale,Autre collision,,,,,,,,,,,1,1,1,1,6
200500043053,0005-07-10 18:00:00,5,7,10,18,0,640,130.0,,43.345,-1.75,Plein jour,Hors agglomération,Hors intersection,Normale,Deux véhicules - arrière,,,,,,,,,,,1,1,1,1,2
200500043054,0005-07-17 20:00:00,5,7,17,20,0,550,497.0,,,,Plein jour,Hors agglomération,Hors intersection,Normale,Autre collision,,,,,,,,,,,1,1,1,1,6
200500043055,0005-07-08 17:55:00,5,7,8,17,55,510,454.0,140+900 SENS METZ/PARIS,,,Plein jour,Hors agglomération,Hors intersection,Pluie légère,Deux véhicules - arrière,,,,,,,,,,,1,1,1,2,2
200500043056,0005-07-12 17:45:00,5,7,12,17,45,510,454.0,,49.23,4.057,Plein jour,Hors agglomération,Hors intersection,Normale,Trois véhicules et plus - en chaîne,,,,,,,,,,,1,1,1,1,4
200500043057,0005-07-25 18:00:00,5,7,25,18,0,510,450.0,,,,Plein jour,Hors agglomération,Hors intersection,Normale,Sans collision,,,,,,,,,,,1,1,1,1,7
200500043058,0005-07-01 04:15:00,5,7,1,4,15,510,454.0,,49.256,4.021,Nuit avec éclairage allumé,Hors agglomération,Hors intersection,Pluie légère,Autre collision,,,,,,,,,,,5,1,1,2,6
200500043059,0005-07-29 20:45:00,5,7,29,20,45,510,571.0,,49.161,4.198,Crépuscule ou aube,Hors agglomération,Hors intersection,Normale,Deux véhicules - frontale,,,,,,,,,,,2,1,1,1,1
200500043060,0005-07-05 13:00:00,5,7,5,13,0,910,105.0,38 route d'Arpajon,,,Plein jour,En agglomération,Hors intersection,Normale,Deux véhicules - côté,,,,,,,,,,,1,2,1,1,3
200500043061,0005-07-28 08:15:00,5,7,28,8,15,380,485.0,,,,Plein jour,Hors agglomération,Hors intersection,Normale,Deux véhicules - arrière,,,,,,,,,,,1,1,1,1,2
200500043062,0005-07-25 17:15:00,5,7,25,17,15,380,237.0,RN 91,,,Plein jour,Hors agglomération,Hors intersection,Normale,Trois véhicules et plus - collisions multiples,,,,,,,,,,,1,1,1,1,5
200500043063,0005-07-02 07:00:00,5,7,2,7,0,510,507.0,,,,Plein jour,Hors agglomération,Hors intersection,Temps couvert,Autre collision,,,,,,,,,,,1,1,1,8,6
200500043064,0005-07-12 06:15:00,5,7,12,6,15,570,204.0,,,,Plein jour,Hors agglomération,Hors intersection,Normale,Deux véhicules - arrière,,,,,,,,,,,1,1,1,1,2
200500043065,0005-07-03 23:49:00,5,7,3,23,49,370,250.0,PK 233+100,,,Nuit sans éclairage public,Hors agglomération,Hors intersection,Normale,Autre collision,,,,,,,,,,,3,1,1,1,6
200500043066,0005-07-08 18:00:00,5,7,8,18,0,370,159.0,,,,Plein jour,Hors agglomération,Hors intersection,Normale,Autre collision,,,,,,,,,,,1,1,1,1,6
200500043067,0005-07-10 16:10:00,5,7,10,16,10,370,278.0,A.10 PK 233 + 100,,,Plein jour,Hors agglomération,Hors intersection,Normale,Autre collision,,,,,,,,,,,1,1,1,1,6
200500043068,0005-07-07 20:50:00,5,7,7,20,50,370,160.0,"175, SENS PARIS/PROVINCE",,,Plein jour,Hors agglomération,Hors intersection,Normale,Autre collision,,,,,,,,,,,1,1,1,1,6
200500043069,0005-07-24 12:15:00,5,7,24,12,15,370,166.0,,,,Plein jour,Hors agglomération,Hors intersection,Normale,Autre collision,,,,,,,,,,,1,1,1,1,6
200500043070,0005-07-23 16:00:00,5,7,23,16,0,370,261.0,"10, SENS PROVINCE/PARIS",,,Plein jour,Hors agglomération,Hors intersection,Normale,Deux véhicules - arrière,,,,,,,,,,,1,1,1,1,2
200500043071,0005-07-24 14:45:00,5,7,24,14,45,370,142.0,sens direction BORDEAUX,,,Plein jour,Hors agglomération,Hors intersection,Pluie légère,Sans collision,,,,,,,,,,,1,1,1,2,7
200500043072,0005-07-27 13:15:00,5,7,27,13,15,370,188.0,,,,Plein jour,Hors agglomération,Hors intersection,Normale,Sans collision,,,,,,,,,,,1,1,1,1,7
200500043073,0005-07-29 13:15:00,5,7,29,13,15,370,179.0,,,,Plein jour,Hors agglomération,Hors intersection,Normale,Sans collision,,,,,,,,,,,1,1,1,1,7
200500043074,0005-07-29 18:20:00,5,7,29,18,20,370,153.0,oute A.10 sens PRO/PARIS,,,Plein jour,Hors agglomération,Hors intersection,Normale,Trois véhicules et plus - en chaîne,,,,,,,,,,,1,1,1,1,4
200500043075,0005-07-12 00:30:00,5,7,12,0,30,60,88.0,,,,Nuit avec éclairage allumé,Hors agglomération,Hors intersection,Normale,Sans collision,,,,,,,,,,,5,1,1,1,7
200500043076,0005-07-11 17:15:00,5,7,11,17,15,60,88.0,,,,Plein jour,Hors agglomération,Hors intersection,Normale,Trois véhicules et plus - collisions multiples,,,,,,,,,,,1,1,1,1,5
200500043077,0005-07-23 22:00:00,5,7,23,22,0,60,88.0,,,,Nuit avec éclairage allumé,Hors agglomération,Autre intersection,Normale,Trois véhicules et plus - collisions multiples,,,,,,,,,,,5,1,9,1,5
200500043078,0005-07-08 13:15:00,5,7,8,13,15,670,136.0,,,,Plein jour,Hors agglomération,Hors intersection,Normale,Deux véhicules - côté,,,,,,,,,,,1,1,1,1,3
200500043079,0005-07-19 12:30:00,5,7,19,12,30,570,540.0,,,,Plein jour,Hors agglomération,Hors intersection,Normale,Autre collision,,,,,,,,,,,1,1,1,1,6
200500043080,0005-07-22 18:15:00,5,7,22,18,15,570,468.0,,,,Plein jour,Hors agglomération,Hors intersection,Normale,Autre collision,,,,,,,,,,,1,1,1,1,6
200500043081,0005-07-29 18:30:00,5,7,29,18,30,660,24.0,,,,Plein jour,Hors agglomération,Autre intersection,Normale,Deux véhicules - frontale,,,,,,,,,,,1,1,9,1,1
200500043082,0005-07-31 22:30:00,5,7,31,22,30,660,214.0,,42.563,2.848,Nuit avec éclairage non allumé,Hors agglomération,Hors intersection,Normale,Autre collision,,,,,,,,,,,4,1,1,1,6
200500043083,0005-07-03 06:45:00,5,7,3,6,45,670,162.0,,48.773,7.484,Plein jour,Hors agglomération,Hors intersection,Normale,Autre collision,,,,,,,,,,,1,1,1,1,6
200500043084,0005-07-25 15:15:00,5,7,25,15,15,620,737.0,,,,Plein jour,Hors agglomération,Hors intersection,Normale,Deux véhicules - côté,,,,,,,,,,,1,1,1,1,3
200500043085,0005-07-03 00:30:00,5,7,3,0,30,950,323.0,avenue des Saules brules,49.017,2.052,Nuit avec éclairage allumé,En agglomération,Hors intersection,Normale,Autre collision,,,,,,,,,,,5,2,1,1,6
200500043086,0005-07-04 14:00:00,5,7,4,14,0,380,62.0,,,,Plein jour,Hors agglomération,Hors intersection,Normale,Deux véhicules - côté,,,,,,,,,,,1,1,1,1,3
200500043087,0005-07-08 12:00:00,5,7,8,12,0,380,39.0,,,,Plein jour,Hors agglomération,Hors intersection,Normale,Sans collision,,,,,,,,,,,1,1,1,1,7
200500043088,0005-07-10 03:00:00,5,7,10,3,0,380,140.0,,,,Nuit sans éclairage public,Hors agglomération,Hors intersection,Normale,Deux véhicules - arrière,,,,,,,,,,,3,1,1,1,2
200500043089,0005-07-23 07:45:00,5,7,23,7,45,860,174.0,,,,Plein jour,Hors agglomération,Hors intersection,Normale,Sans collision,,,,,,,,,,,1,1,1,1,7
200500043090,0005-07-24 14:45:00,5,7,24,14,45,860,115.0,,,,Plein jour,Hors agglomération,Hors intersection,Temps couvert,Autre collision,,,,,,,,,,,1,1,1,8,6
200500043091,0005-07-13 17:00:00,5,7,13,17,0,130,1.0,,,,Plein jour,Hors agglomération,Autre intersection,Normale,Deux véhicules - côté,,,,,,,,,,,1,1,9,1,3
200500043092,0005-07-27 10:45:00,5,7,27,10,45,130,60.0,,43.491,5.533,Plein jour,Hors agglomération,Hors intersection,Normale,Deux véhicules - arrière,,,,,,,,,,,1,1,1,1,2
200500043093,0005-07-03 06:00:00,5,7,3,6,0,60,27.0,,,,Crépuscule ou aube,Hors agglomération,Hors intersection,Normale,Autre collision,,,,,,,,,,,2,1,1,1,6
200500043094,0005-07-05 08:45:00,5,7,5,8,45,830,61.0,,,,Plein jour,Hors agglomération,Hors intersection,Normale,Trois véhicules et plus - en chaîne,,,,,,,,,,,1,1,1,1,4
200500043095,0005-07-26 23:20:00,5,7,26,23,20,60,79.0,toroute A8 LA PROVENCALE,,,Nuit sans éclairage public,Hors agglomération,Intersection en X,Normale,Trois véhicules et plus - en chaîne,,,,,,,,,,,3,1,2,1,4
200500043096,0005-07-22 16:15:00,5,7,22,16,15,640,430.0,,43.477,-0.757,Plein jour,Hors agglomération,Hors intersection,Normale,Deux véhicules - frontale,,,,,,,,,,,1,1,1,1,1
200500043097,0005-07-26 19:45:00,5,7,26,19,45,660,172.0,avenue joffre,42.715,2.846,Plein jour,En agglomération,Hors intersection,Normale,Deux véhicules - frontale,,,,,,,,,,,1,2,1,1,1
200500043098,0005-07-03 21:10:00,5,7,3,21,10,110,261.0,autoroute a61 PK 349,,,Plein jour,Hors agglomération,Hors intersection,Normale,Trois véhicules et plus - collisions multiples,,,,,,,,,,,1,1,1,1,5
200500043099,0005-07-21 12:45:00,5,7,21,12,45,470,214.0,,44.324,0.259,Plein jour,Hors agglomération,Hors intersection,Normale,Autre collision,,,,,,,,,,,1,1,1,1,6
200500043100,0005-07-16 06:00:00,5,7,16,6,0,250,368.0,,,,Plein jour,Hors agglomération,Hors intersection,Autre,Deux véhicules - côté,,,,,,,,,,,1,1,1,9,3
200500043101,0005-07-05 13:00:00,5,7,5,13,0,910,577.0,route de Melun,48.608,2.496,Plein jour,En agglomération,Hors intersection,Normale,Deux véhicules - côté,,,,,,,,,,,1,2,1,1,3
200500043102,0005-07-24 20:30:00,5,7,24,20,30,910,617.0,,48.653,2.531,Plein jour,Hors agglomération,Hors intersection,Normale,Trois véhicules et plus - collisions multiples,,,,,,,,,,,1,1,1,1,5
200500043103,0005-07-28 18:45:00,5,7,28,18,45,910,553.0,Av. du Général Leclerc,48.625,2.493,Plein jour,En agglomération,Giratoire,Normale,Deux véhicules - côté,,,,,,,,,,,1,2,6,1,3
200500043104,0005-07-18 09:15:00,5,7,18,9,15,310,374.0,,43.387,1.611,Plein jour,Hors agglomération,Hors intersection,Normale,Deux véhicules - arrière,,,,,,,,,,,1,1,1,1,2
200500043105,0005-07-31 09:15:00,5,7,31,9,15,310,35.0,,,,Plein jour,Hors agglomération,Hors intersection,Normale,Deux véhicules - arrière,,,,,,,,,,,1,1,1,1,2
200500043106,0005-07-15 17:00:00,5,7,15,17,0,330,199.0,,44.62,-1.088,Plein jour,Hors agglomération,Hors intersection,Normale,Autre collision,,,,,,,,,,,1,1,1,1,6
200500043107,0005-07-04 04:15:00,5,7,4,4,15,720,168.0,,,,Nuit sans éclairage public,Hors agglomération,Hors intersection,Pluie forte,Sans collision,,,,,,,,,,,3,1,1,3,7
200500043108,0005-07-01 07:45:00,5,7,1,7,45,680,72.0,,,,Plein jour,Hors agglomération,Hors intersection,Pluie légère,Deux véhicules - arrière,,,,,,,,,,,1,1,1,2,2
200500043109,0005-07-02 03:45:00,5,7,2,3,45,680,22.0,,,,Nuit sans éclairage public,Hors agglomération,Hors intersection,Normale,Sans collision,,,,,,,,,,,3,1,1,1,7
200500043110,0005-07-17 08:15:00,5,7,17,8,15,680,267.0,,,,Plein jour,Hors agglomération,Hors intersection,Normale,Autre collision,,,,,,,,,,,1,1,1,1,6
200500043111,0005-07-04 00:15:00,5,7,4,0,15,680,66.0,,,,Nuit sans éclairage public,Hors agglomération,Hors intersection,Normale,Deux véhicules - arrière,,,,,,,,,,,3,1,1,1,2
200500043112,0005-07-09 11:00:00,5,7,9,11,0,680,72.0,,,,Plein jour,Hors agglomération,Hors intersection,Normale,Deux véhicules - côté,,,,,,,,,,,1,1,1,1,3
200500043113,0005-07-14 08:00:00,5,7,14,8,0,680,297.0,,,,Plein jour,Hors agglomération,Hors intersection,Normale,Deux véhicules - côté,,,,,,,,,,,1,1,1,1,3
200500043114,0005-07-14 13:45:00,5,7,14,13,45,680,66.0,,,,Plein jour,Hors agglomération,Hors intersection,Normale,Autre collision,,,,,,,,,,,1,1,1,1,6
200500043115,0005-07-15 06:00:00,5,7,15,6,0,680,103.0,,,,Crépuscule ou aube,Hors agglomération,Hors intersection,Normale,Deux véhicules - arrière,,,,,,,,,,,2,1,1,1,2
200500043116,0005-07-16 17:15:00,5,7,16,17,15,680,118.0,,,,Plein jour,Hors agglomération,Hors intersection,Normale,Sans collision,,,,,,,,,,,1,1,1,1,7
200500043117,0005-07-25 13:45:00,5,7,25,13,45,680,66.0,,,,Plein jour,Hors agglomération,Hors intersection,Normale,Trois véhicules et plus - en chaîne,,,,,,,,,,,1,1,1,1,4
200500043118,0005-07-25 18:45:00,5,7,25,18,45,680,66.0,,,,Plein jour,Hors agglomération,Hors intersection,Normale,Deux véhicules - arrière,,,,,,,,,,,1,1,1,1,2
200500043119,0005-07-13 17:45:00,5,7,13,17,45,530,108.0,,,,Plein jour,Hors agglomération,Hors intersection,Normale,Sans collision,,,,,,,,,,,1,1,1,1,7
200500043120,0005-07-25 01:45:00,5,7,25,1,45,530,34.0,,,,Nuit sans éclairage public,Hors agglomération,Hors intersection,Normale,Sans collision,,,,,,,,,,,3,1,1,1,7
200500043121,0005-07-07 07:00:00,5,7,7,7,0,440,35.0,,47.271,-1.582,Plein jour,Hors agglomération,Hors intersection,Normale,Deux véhicules - frontale,,,,,,,,,,,1,1,1,1,1
200500043122,0005-07-10 07:30:00,5,7,10,7,30,201,934.0,,42.124,8.652,Plein jour,Hors agglomération,Hors intersection,Normale,Deux véhicules - frontale,,,,,,,,,,,1,1,1,1,1
200500043123,0005-07-13 02:30:00,5,7,13,2,30,201,65.0,,42.14,8.608,Nuit sans éclairage public,Hors agglomération,Hors intersection,Normale,Autre collision,,,,,,,,,,,3,1,1,1,6
200500043124,0005-07-27 08:00:00,5,7,27,8,0,201,154.0,,42.235,8.798,Plein jour,Hors agglomération,Hors intersection,Normale,Autre collision,,,,,,,,,,,1,1,1,1,6
200500043125,0005-07-10 23:00:00,5,7,10,23,0,201,119.0,,41.89,9.03,Nuit sans éclairage public,Hors agglomération,Hors intersection,Normale,Sans collision,,,,,,,,,,,3,1,1,1,7
200500043126,0005-07-16 06:15:00,5,7,16,6,15,390,270.0,,,,Crépuscule ou aube,Hors agglomération,Hors intersection,Normale,Autre collision,,,,,,,,,,,2,1,1,1,6
200500043127,0005-07-13 17:55:00,5,7,13,17,55,380,471.0,30 - départementale 512,,,Plein jour,Hors agglomération,Hors intersection,Normale,Autre collision,,,,,,,,,,,1,1,1,1,6
200500043128,0005-07-26 17:30:00,5,7,26,17,30,380,229.0,avenue du vercors,,,Plein jour,En agglomération,Autre intersection,Normale,Deux véhicules - frontale,,,,,,,,,,,1,2,9,1,1
200500043129,0005-07-06 05:45:00,5,7,6,5,45,60,85.0,AVENUE SAINT MARTIN,,,Plein jour,En agglomération,Intersection en T,Normale,Deux véhicules - côté,,,,,,,,,,,1,2,3,1,3
200500043130,0005-07-25 14:30:00,5,7,25,14,30,60,85.0,5 ROUTE DE LA VALMASQUE,,,Plein jour,Hors agglomération,Hors intersection,Normale,Deux véhicules - frontale,,,,,,,,,,,1,1,1,1,1
200500043131,0005-07-28 19:30:00,5,7,28,19,30,60,85.0,56 avenue Maréchal Juin,,,Plein jour,En agglomération,Hors intersection,Normale,Autre collision,,,,,,,,,,,1,2,1,1,6
200500043132,0005-07-04 18:45:00,5,7,4,18,45,330,122.0,carrefour de  Réjouit,44.742,-0.657,Plein jour,En agglomération,Hors intersection,Normale,Deux véhicules - frontale,,,,,,,,,,,1,2,1,1,1
200500043133,0005-07-14 16:45:00,5,7,14,16,45,330,90.0,avenue de la libération,44.754,-0.639,Plein jour,En agglomération,Hors intersection,Normale,Deux véhicules - côté,,,,,,,,,,,1,2,1,1,3
200500043134,0005-07-21 10:00:00,5,7,21,10,0,660,195.0,avenue victor hugo,42.685,2.793,Plein jour,En agglomération,Hors intersection,Normale,Autre collision,,,,,,,,,,,1,2,1,1,6
200500043135,0005-07-19 18:45:00,5,7,19,18,45,670,348.0,,,,Plein jour,Hors agglomération,Hors intersection,Normale,Autre collision,,,,,,,,,,,1,1,1,1,6
200500043136,0005-07-04 17:30:00,5,7,4,17,30,790,48.0,,,,Plein jour,Hors agglomération,Hors intersection,Normale,Sans collision,,,,,,,,,,,1,1,1,1,7
200500043137,0005-07-09 17:30:00,5,7,9,17,30,790,78.0,,,,Plein jour,Hors agglomération,Hors intersection,Normale,Autre collision,,,,,,,,,,,1,1,1,1,6
200500043138,0005-07-30 08:45:00,5,7,30,8,45,170,139.0,"0, sens BORDEAUX / PARIS",,,Plein jour,Hors agglomération,Hors intersection,Normale,Deux véhicules - arrière,,,,,,,,,,,1,1,1,1,2
200500043139,0005-07-23 20:30:00,5,7,23,20,30,330,380.0,,45.299,-0.553,Plein jour,Hors agglomération,Hors intersection,Normale,Sans collision,,,,,,,,,,,1,1,1,1,7
200500043140,0005-07-05 02:30:00,5,7,5,2,30,740,118.0,,,,Nuit sans éclairage public,Hors agglomération,Hors intersection,Normale,Sans collision,,,,,,,,,,,3,1,1,1,7
200500043141,0005-07-09 16:30:00,5,7,9,16,30,220,182.0,,48.583,-2.92,Plein jour,Hors agglomération,Hors intersection,Normale,Sans collision,,,,,,,,,,,1,1,1,1,7
200500043142,0005-07-02 22:10:00,5,7,2,22,10,201,362.0,e Lucie de Porto Vecchio,,,Nuit sans éclairage public,Hors agglomération,Hors intersection,Normale,Trois véhicules et plus - collisions multiples,,,,,,,,,,,3,1,1,1,5
200500043143,0005-07-16 18:30:00,5,7,16,18,30,201,269.0,,41.809,9.396,Plein jour,Hors agglomération,Hors intersection,Normale,Deux véhicules - côté,,,,,,,,,,,1,1,1,1,3
200500043144,0005-07-07 23:45:00,5,7,7,23,45,740,112.0,RN 508,,,Nuit sans éclairage public,Hors agglomération,Hors intersection,Pluie légère,Autre collision,,,,,,,,,,,3,1,1,2,6
200500043145,0005-07-15 12:45:00,5,7,15,12,45,740,268.0,201 - route des Emognes.,,,Plein jour,Hors agglomération,Hors intersection,Normale,Deux véhicules - frontale,,,,,,,,,,,1,1,1,1,1
200500043146,0005-07-18 12:25:00,5,7,18,12,25,740,112.0,ace au magasin DECATHLON,,,Plein jour,Hors agglomération,Hors intersection,Normale,Deux véhicules - frontale,,,,,,,,,,,1,1,1,1,1
200500043147,0005-07-29 09:00:00,5,7,29,9,0,740,272.0,rrefour RN508 / CD908bis,,,Plein jour,En agglomération,Hors intersection,Normale,Deux véhicules - frontale,,,,,,,,,,,1,2,1,1,1
200500043148,0005-07-01 13:45:00,5,7,1,13,45,690,288.0,,45.683,5.054,Plein jour,Hors agglomération,Hors intersection,Normale,Autre collision,,,,,,,,,,,1,1,1,1,6
200500043149,0005-07-17 22:30:00,5,7,17,22,30,420,279.0,route de chavagneux,45.5,4.246,Nuit sans éclairage public,En agglomération,Hors intersection,Normale,Deux véhicules - frontale,,,,,,,,,,,3,2,1,1,1
200500043150,0005-07-25 16:30:00,5,7,25,16,30,510,571.0,,,,Plein jour,Hors agglomération,Hors intersection,Normale,Deux véhicules - frontale,,,,,,,,,,,1,1,1,1,1
200500043151,0005-07-03 19:30:00,5,7,3,19,30,520,432.0,,47.935,5.288,Plein jour,Hors agglomération,Hors intersection,Normale,Sans collision,,,,,,,,,,,1,1,1,1,7
200500043152,0005-07-17 08:45:00,5,7,17,8,45,520,258.0,pk 186,48.103,4.817,Plein jour,Hors agglomération,Hors intersection,Normale,Sans collision,,,,,,,,,,,1,1,1,1,7
200500043153,0005-07-23 05:45:00,5,7,23,5,45,520,312.0,,,,Crépuscule ou aube,Hors agglomération,Hors intersection,Normale,Autre collision,,,,,,,,,,,2,1,1,1,6
200500043154,0005-07-28 08:15:00,5,7,28,8,15,520,519.0,,47.71,5.19,Plein jour,Hors agglomération,Hors intersection,Normale,Deux véhicules - arrière,,,,,,,,,,,1,1,1,1,2
200500043155,0005-07-20 00:45:00,5,7,20,0,45,620,906.0,,,,Nuit sans éclairage public,Hors agglomération,Hors intersection,Normale,Deux véhicules - frontale,,,,,,,,,,,3,1,1,1,1
200500043156,0005-07-11 15:30:00,5,7,11,15,30,690,63.0,,,,Plein jour,Hors agglomération,Hors intersection,Normale,Deux véhicules - frontale,,,,,,,,,,,1,1,1,1,1
200500043157,0005-07-24 22:30:00,5,7,24,22,30,690,63.0,,,,Nuit avec éclairage allumé,Hors agglomération,Hors intersection,Normale,Deux véhicules - frontale,,,,,,,,,,,5,1,1,1,1
200500043158,0005-07-22 03:15:00,5,7,22,3,15,380,425.0,cd 4,45.403,4.781,Crépuscule ou aube,En agglomération,Hors intersection,Normale,Deux véhicules - côté,,,,,,,,,,,2,2,1,1,3
200500043159,0005-07-03 15:00:00,5,7,3,15,0,740,11.0,,,,Plein jour,Hors agglomération,Hors intersection,Normale,Deux véhicules - frontale,,,,,,,,,,,1,1,1,1,1
200500043160,0005-07-14 03:30:00,5,7,14,3,30,740,176.0,rue Saint Bernard,,,Nuit avec éclairage allumé,En agglomération,Hors intersection,Normale,Sans collision,,,,,,,,,,,5,2,1,1,7
200500043161,0005-07-29 01:30:00,5,7,29,1,30,740,176.0,"""COL DE BLUFFY""",,,Nuit sans éclairage public,Hors agglomération,Hors intersection,Normale,Sans collision,,,,,,,,,,,3,1,1,1,7
200500043162,0005-07-19 07:15:00,5,7,19,7,15,290,19.0,Base navale,,,Plein jour,En agglomération,Hors intersection,Pluie légère,Sans collision,,,,,,,,,,,1,2,1,2,7
200500043163,0005-07-01 05:45:00,5,7,1,5,45,10,195.0,,46.216,5.328,Crépuscule ou aube,Hors agglomération,Hors intersection,Normale,Autre collision,,,,,,,,,,,2,1,1,1,6
200500043164,0005-07-18 13:15:00,5,7,18,13,15,10,159.0,,,,Plein jour,Hors agglomération,Hors intersection,Pluie légère,Autre collision,,,,,,,,,,,1,1,1,2,6
200500043165,0005-07-31 22:15:00,5,7,31,22,15,10,425.0,,,,Nuit sans éclairage public,Hors agglomération,Hors intersection,Normale,Autre collision,,,,,,,,,,,3,1,1,1,6
200500043166,0005-07-13 07:15:00,5,7,13,7,15,950,445.0,,,,Plein jour,Hors agglomération,Hors intersection,Normale,Deux véhicules - côté,,,,,,,,,,,1,1,1,1,3
200500043167,0005-07-03 13:00:00,5,7,3,13,0,90,139.0,,42.581,1.793,Plein jour,Hors agglomération,Hors intersection,Normale,Deux véhicules - frontale,,,,,,,,,,,1,1,1,1,1
200500043168,0005-07-08 01:00:00,5,7,8,1,0,90,218.0,,,,Nuit sans éclairage public,Hors agglomération,Hors intersection,Normale,Autre collision,,,,,,,,,,,3,1,1,1,6
200500043169,0005-07-15 15:15:00,5,7,15,15,15,90,283.0,,42.731,1.831,Plein jour,Hors agglomération,Hors intersection,Normale,Trois véhicules et plus - collisions multiples,,,,,,,,,,,1,1,1,1,5
200500043170,0005-07-08 19:45:00,5,7,8,19,45,760,424.0,,,,Plein jour,Hors agglomération,Hors intersection,Normale,Autre collision,,,,,,,,,,,1,1,1,1,6
200500043171,0005-07-09 19:45:00,5,7,9,19,45,760,119.0,,49.638,1.266,Plein jour,Hors agglomération,Hors intersection,Normale,Autre collision,,,,,,,,,,,1,1,1,1,6
200500043172,0005-07-14 20:30:00,5,7,14,20,30,560,5.0,rue des ormeaux,47.555,-2.892,Plein jour,En agglomération,Hors intersection,Normale,Deux véhicules - côté,,,,,,,,,,,1,2,1,1,3
200500043173,0005-07-18 11:15:00,5,7,18,11,15,560,214.0,Route du Croizio,47.505,-2.839,Plein jour,En agglomération,Hors intersection,Normale,Deux véhicules - frontale,,,,,,,,,,,1,2,1,1,1
200500043174,0005-07-17 13:45:00,5,7,17,13,45,420,66.0,,45.762,4.167,Plein jour,Hors agglomération,Hors intersection,Normale,Autre collision,,,,,,,,,,,1,1,1,1,6
200500043175,0005-07-22 16:15:00,5,7,22,16,15,630,72.0,,45.88,3.691,Plein jour,Hors agglomération,Hors intersection,Normale,Autre collision,,,,,,,,,,,1,1,1,1,6
200500043176,0005-07-16 19:15:00,5,7,16,19,15,380,553.0,avenue de LA VERPILLIERE,,,Plein jour,En agglomération,Hors intersection,Normale,Deux véhicules - côté,,,,,,,,,,,1,2,1,1,3
200500043177,0005-07-17 16:00:00,5,7,17,16,0,840,14.0,,43.781,5.802,Plein jour,Hors agglomération,Hors intersection,Normale,Autre collision,,,,,,,,,,,1,1,1,1,6
200500043178,0005-07-03 04:45:00,5,7,3,4,45,410,161.0,,,,Nuit sans éclairage public,Hors agglomération,Hors intersection,Temps couvert,Autre collision,,,,,,,,,,,3,1,1,8,6
200500043179,0005-07-08 06:00:00,5,7,8,6,0,410,46.0,,,,Nuit sans éclairage public,Hors agglomération,Hors intersection,Normale,Sans collision,,,,,,,,,,,3,1,1,1,7