accident_id,datetime,annee,mois,jour,heure,minute,departement,commune_insee,adresse,latitude,longitude,luminosite,agglomeration,intersection,meteo,collision,nb_vehicules,nb_usagers,nb_indemnes,nb_tues,nb_blesses_hosp,nb_blesses_legers,age_cond_1,age_cond_2,veh_type_cond_1,veh_type_cond_2,lum_code,agg_code,int_code,atm_code,col_code
200500043180,0005-07-09 06:30:00,5,7,9,6,30,410,161.0,+500 SENS PARIS/PROVINCE,47.499,2.007,Crépuscule ou aube,Hors agglomération,Hors intersection,Pluie forte,Deux véhicules - arrière,,,,,,,,,,,2,1,1,3,2
200500043181,0005-07-19 08:25:00,5,7,19,8,25,410,161.0,autoroute A 71,,,Plein jour,Hors agglomération,Hors intersection,Normale,Autre collision,,,,,,,,,,,1,1,1,1,6
200500043182,0005-07-23 12:40:00,5,7,23,12,40,410,46.0,autoroute A 71,,,Plein jour,Hors agglomération,Hors intersection,Normale,Autre collision,,,,,,,,,,,1,1,1,1,6
200500043183,0005-07-02 09:30:00,5,7,2,9,30,340,337.0,,,,Plein jour,Hors agglomération,Hors intersection,Normale,Deux véhicules - arrière,,,,,,,,,,,1,1,1,1,2
200500043184,0005-07-07 13:30:00,5,7,7,13,30,340,333.0,,,,Plein jour,Hors agglomération,Hors intersection,Normale,Deux véhicules - frontale,,,,,,,,,,,1,1,1,1,1
200500043185,0005-07-07 08:00:00,5,7,7,8,0,340,337.0,,43.542,3.861,Plein jour,Hors agglomération,Hors intersection,Normale,Deux véhicules - arrière,,,,,,,,,,,1,1,1,1,2
200500043186,0005-07-09 15:15:00,5,7,9,15,15,340,337.0,,43.482,3.805,Plein jour,Hors agglomération,Hors intersection,Normale,Autre collision,,,,,,,,,,,1,1,1,1,6
200500043187,0005-07-12 22:45:00,5,7,12,22,45,340,337.0,,,,Nuit sans éclairage public,Hors agglomération,Hors intersection,Normale,Deux véhicules - côté,,,,,,,,,,,3,1,1,1,3
200500043188,0005-07-17 07:30:00,5,7,17,7,30,340,333.0,,43.483,3.805,Plein jour,Hors agglomération,Hors intersection,Normale,Autre collision,,,,,,,,,,,1,1,1,1,6
200500043189,0005-07-22 14:45:00,5,7,22,14,45,340,333.0,,43.489,3.8,Plein jour,Hors agglomération,Hors intersection,Normale,Trois véhicules et plus - collisions multiples,,,,,,,,,,,1,1,1,1,5
200500043190,0005-07-31 04:15:00,5,7,31,4,15,340,159.0,,,,Nuit sans éclairage public,Hors agglomération,Hors intersection,Normale,Deux véhicules - arrière,,,,,,,,,,,3,1,1,1,2
200500043191,0005-07-01 14:30:00,5,7,1,14,30,130,51.0,rue nostradamus,43.597,5.129,Plein jour,En agglomération,Hors intersection,Normale,Autre collision,,,,,,,,,,,1,2,1,1,6
200500043192,0005-07-12 20:15:00,5,7,12,20,15,130,51.0,,,,Plein jour,Hors agglomération,Intersection en X,Normale,Deux véhicules - côté,,,,,,,,,,,1,1,2,1,3
200500043193,0005-07-11 19:30:00,5,7,11,19,30,130,9.0,"CD22a, PR 1+200",,,Plein jour,En agglomération,Hors intersection,Normale,Deux véhicules - arrière,,,,,,,,,,,1,2,1,1,2
200500043194,0005-07-23 04:00:00,5,7,23,4,0,630,300.0,,,,Nuit sans éclairage public,Hors agglomération,Hors intersection,Normale,Deux véhicules - frontale,,,,,,,,,,,3,1,1,1,1
200500043195,0005-07-21 00:01:00,5,7,21,0,1,400,75.0,,43.837,-1.181,Nuit sans éclairage public,Hors agglomération,Hors intersection,Normale,Deux véhicules - arrière,,,,,,,,,,,3,1,1,1,2
200500043196,0005-07-03 17:00:00,5,7,3,17,0,400,295.0,,,,Plein jour,Hors agglomération,Hors intersection,Normale,Deux véhicules - arrière,,,,,,,,,,,1,1,1,1,2
200500043197,0005-07-01 22:45:00,5,7,1,22,45,670,247.0,rue de Hangenbienten,48.563,7.588,Nuit avec éclairage allumé,En agglomération,Hors intersection,Pluie légère,Sans collision,,,,,,,,,,,5,2,1,2,7
200500043198,0005-07-22 14:00:00,5,7,22,14,0,670,108.0,21 rue de la Chapelle,48.532,7.597,Plein jour,En agglomération,Hors intersection,Normale,Deux véhicules - frontale,,,,,,,,,,,1,2,1,1,1
200500043199,0005-07-31 03:30:00,5,7,31,3,30,670,124.0,,48.553,7.638,Nuit sans éclairage public,Hors agglomération,Giratoire,Normale,Autre collision,,,,,,,,,,,3,1,6,1,6
200500043200,0005-07-18 07:30:00,5,7,18,7,30,670,309.0,rue LECLERC,48.645,7.709,Plein jour,En agglomération,Hors intersection,Normale,Deux véhicules - côté,,,,,,,,,,,1,2,1,1,3
200500043201,0005-07-02 13:00:00,5,7,2,13,0,60,148.0,,,,Plein jour,Hors agglomération,Hors intersection,Normale,Deux véhicules - frontale,,,,,,,,,,,1,1,1,1,1
200500043202,0005-07-29 16:30:00,5,7,29,16,30,60,89.0,,43.674,6.994,Plein jour,Hors agglomération,Hors intersection,Normale,Deux véhicules - côté,,,,,,,,,,,1,1,1,1,3
200500043203,0005-07-31 07:55:00,5,7,31,7,55,60,38.0,Chemin de Bramafan,,,Plein jour,Hors agglomération,Hors intersection,Normale,Deux véhicules - frontale,,,,,,,,,,,1,1,1,1,1
200500043204,0005-07-09 21:00:00,5,7,9,21,0,380,193.0,rue du creuzat,,,Plein jour,En agglomération,Hors intersection,Normale,Autre collision,,,,,,,,,,,1,2,1,1,6
200500043205,0005-07-19 02:10:00,5,7,19,2,10,180,126.0,A 71,,,Nuit sans éclairage public,Hors agglomération,Hors intersection,Normale,Deux véhicules - arrière,,,,,,,,,,,3,1,1,1,2
200500043206,0005-07-28 04:15:00,5,7,28,4,15,180,209.0,A71,,,Nuit sans éclairage public,Hors agglomération,Hors intersection,Normale,Deux véhicules - arrière,,,,,,,,,,,3,1,1,1,2
200500043207,0005-07-29 17:15:00,5,7,29,17,15,180,270.0,A71,,,Plein jour,Hors agglomération,Hors intersection,Normale,Autre collision,,,,,,,,,,,1,1,1,1,6
200500043208,0005-07-01 15:45:00,5,7,1,15,45,40,49.0,,,,Plein jour,Hors agglomération,Hors intersection,Normale,Autre collision,,,,,,,,,,,1,1,1,1,6
200500043209,0005-07-04 08:30:00,5,7,4,8,30,100,245.0,,,,Plein jour,Hors agglomération,Hors intersection,Normale,Autre collision,,,,,,,,,,,1,1,1,1,6
200500043210,0005-07-11 06:00:00,5,7,11,6,0,100,438.0,,,,Crépuscule ou aube,Hors agglomération,Hors intersection,Normale,Deux véhicules - frontale,,,,,,,,,,,2,1,1,1,1
200500043211,0005-07-13 04:45:00,5,7,13,4,45,100,83.0,,,,Crépuscule ou aube,Hors agglomération,Hors intersection,Normale,Sans collision,,,,,,,,,,,2,1,1,1,7
200500043212,0005-07-29 07:15:00,5,7,29,7,15,100,438.0,,,,Crépuscule ou aube,Hors agglomération,Hors intersection,Normale,Autre collision,,,,,,,,,,,2,1,1,1,6
200500043213,0005-07-13 22:45:00,5,7,13,22,45,130,80.0,,,,Nuit sans éclairage public,Hors agglomération,Hors intersection,Normale,Sans collision,,,,,,,,,,,3,1,1,1,7
200500043214,0005-07-27 19:00:00,5,7,27,19,0,380,33.0,A49,,,Plein jour,Hors agglomération,Hors intersection,Normale,Sans collision,,,,,,,,,,,1,1,1,1,7
200500043215,0005-07-15 14:00:00,5,7,15,14,0,640,496.0,,,,Plein jour,Hors agglomération,Intersection en X,Normale,Deux véhicules - arrière,,,,,,,,,,,1,1,2,1,2
200500043216,0005-07-21 21:45:00,5,7,21,21,45,400,306.0,,,,Crépuscule ou aube,Hors agglomération,Hors intersection,Normale,Sans collision,,,,,,,,,,,2,1,1,1,7
200500043217,0005-07-01 19:30:00,5,7,1,19,30,670,140.0,,,,Plein jour,Hors agglomération,Hors intersection,Normale,Deux véhicules - arrière,,,,,,,,,,,1,1,1,1,2
200500043218,0005-07-22 04:45:00,5,7,22,4,45,510,212.0,,,,Crépuscule ou aube,Hors agglomération,Hors intersection,Normale,Sans collision,,,,,,,,,,,2,1,1,1,7
200500043219,0005-07-09 06:00:00,5,7,9,6,0,310,587.0,,,,Nuit sans éclairage public,Hors agglomération,Autre intersection,Normale,Autre collision,,,,,,,,,,,3,1,9,1,6
200500043220,0005-07-20 14:45:00,5,7,20,14,45,770,453.0,"toroute A.5, P.R. 13+928",48.553,2.783,Plein jour,Hors agglomération,Hors intersection,Normale,Autre collision,,,,,,,,,,,1,1,1,1,6
200500043221,0005-07-15 19:45:00,5,7,15,19,45,600,10.0,,,,Plein jour,Hors agglomération,Hors intersection,Normale,Trois véhicules et plus - en chaîne,,,,,,,,,,,1,1,1,1,4
200500043222,0005-07-11 17:30:00,5,7,11,17,30,130,91.0,,,,Plein jour,Hors agglomération,Hors intersection,Normale,Deux véhicules - côté,,,,,,,,,,,1,1,1,1,3
200500043223,0005-07-23 01:30:00,5,7,23,1,30,130,50.0,,43.619,5.319,Nuit sans éclairage public,Hors agglomération,Hors intersection,Normale,Autre collision,,,,,,,,,,,3,1,1,1,6
200500043224,0005-07-22 13:15:00,5,7,22,13,15,130,50.0,lieu dit montdésir,43.664,5.254,Plein jour,Hors agglomération,Hors intersection,Normale,Deux véhicules - côté,,,,,,,,,,,1,1,1,1,3
200500043225,0005-07-29 19:15:00,5,7,29,19,15,130,91.0,Avenue Camille PELLETAN,,,Plein jour,En agglomération,Hors intersection,Normale,Deux véhicules - côté,,,,,,,,,,,1,2,1,1,3
200500043226,0005-07-31 13:00:00,5,7,31,13,0,310,107.0,,,,Plein jour,Hors agglomération,Hors intersection,Normale,Deux véhicules - frontale,,,,,,,,,,,1,1,1,1,1
200500043227,0005-07-26 08:00:00,5,7,26,8,0,760,287.0,,,,Plein jour,Hors agglomération,Hors intersection,Normale,Deux véhicules - arrière,,,,,,,,,,,1,1,1,1,2
200500043228,0005-07-09 17:00:00,5,7,9,17,0,310,391.0,,43.119,0.925,Plein jour,Hors agglomération,Hors intersection,Normale,Deux véhicules - arrière,,,,,,,,,,,1,1,1,1,2
200500043229,0005-07-11 05:30:00,5,7,11,5,30,310,84.0,,43.19,0.97,Crépuscule ou aube,Hors agglomération,Giratoire,Normale,Sans collision,,,,,,,,,,,2,1,6,1,7
200500043230,0005-07-17 11:30:00,5,7,17,11,30,310,76.0,,43.117,0.631,Plein jour,Hors agglomération,Hors intersection,Normale,Sans collision,,,,,,,,,,,1,1,1,1,7
200500043231,0005-07-06 12:00:00,5,7,6,12,0,490,138.0,,,,Plein jour,Hors agglomération,Hors intersection,Normale,Autre collision,,,,,,,,,,,1,1,1,1,6
200500043232,0005-07-19 15:00:00,5,7,19,15,0,370,31.0,,,,Plein jour,Hors agglomération,Hors intersection,Normale,Sans collision,,,,,,,,,,,1,1,1,1,7
200500043233,0005-07-08 21:15:00,5,7,8,21,15,740,241.0,,,,Plein jour,Hors agglomération,Hors intersection,Normale,Sans collision,,,,,,,,,,,1,1,1,1,7
200500043234,0005-07-28 19:00:00,5,7,28,19,0,740,311.0,AVENUE DE SAVOIE,,,Plein jour,En agglomération,Hors intersection,Normale,Deux véhicules - côté,,,,,,,,,,,1,2,1,1,3
200500043235,0005-07-15 16:45:00,5,7,15,16,45,800,357.0,,,,Plein jour,Hors agglomération,Hors intersection,Normale,Autre collision,,,,,,,,,,,1,1,1,1,6
200500043236,0005-07-18 15:30:00,5,7,18,15,30,800,200.0,,,,Plein jour,Hors agglomération,Hors intersection,Normale,Autre collision,,,,,,,,,,,1,1,1,1,6
200500043237,0005-07-22 16:30:00,5,7,22,16,30,800,724.0,,49.865,2.225,Plein jour,Hors agglomération,Hors intersection,Normale,Autre collision,,,,,,,,,,,1,1,1,1,6
200500043238,0005-07-24 05:00:00,5,7,24,5,0,800,157.0,,49.824,2.022,Crépuscule ou aube,Hors agglomération,Hors intersection,Normale,Autre collision,,,,,,,,,,,2,1,1,1,6
200500043239,0005-07-01 11:00:00,5,7,1,11,0,800,120.0,,,,Plein jour,Hors agglomération,Hors intersection,Pluie forte,Autre collision,,,,,,,,,,,1,1,1,3,6
200500043240,0005-07-09 12:45:00,5,7,9,12,45,800,809.0,,,,Plein jour,Hors agglomération,Hors intersection,Normale,Autre collision,,,,,,,,,,,1,1,1,1,6
200500043241,0005-07-17 16:00:00,5,7,17,16,0,390,570.0,,,,Plein jour,Hors agglomération,Hors intersection,Normale,Autre collision,,,,,,,,,,,1,1,1,1,6
200500043242,0005-07-01 00:45:00,5,7,1,0,45,520,448.0,,,,Nuit sans éclairage public,Hors agglomération,Hors intersection,Pluie légère,Sans collision,,,,,,,,,,,3,1,1,2,7
200500043243,0005-07-27 14:45:00,5,7,27,14,45,460,236.0,,,,Plein jour,Hors agglomération,Hors intersection,Normale,Deux véhicules - arrière,,,,,,,,,,,1,1,1,1,2
200500043244,0005-07-26 08:45:00,5,7,26,8,45,190,162.0,,,,Plein jour,Hors agglomération,Hors intersection,Normale,Deux véhicules - arrière,,,,,,,,,,,1,1,1,1,2
200500043245,0005-07-04 07:30:00,5,7,4,7,30,870,122.0,,,,Plein jour,Hors agglomération,Hors intersection,Pluie forte,Trois véhicules et plus - en chaîne,,,,,,,,,,,1,1,1,3,4
200500043246,0005-07-31 15:15:00,5,7,31,15,15,360,33.0,,46.518,1.504,Plein jour,Hors agglomération,Hors intersection,Normale,Sans collision,,,,,,,,,,,1,1,1,1,7
200500043247,0005-07-07 15:15:00,5,7,7,15,15,180,279.0,,,,Plein jour,Hors agglomération,Hors intersection,Normale,Deux véhicules - frontale,,,,,,,,,,,1,1,1,1,1
200500043248,0005-07-15 20:15:00,5,7,15,20,15,480,5.0,,,,Plein jour,Hors agglomération,Hors intersection,Normale,Sans collision,,,,,,,,,,,1,1,1,1,7
200500043249,0005-07-18 12:15:00,5,7,18,12,15,480,128.0,,,,Plein jour,Hors agglomération,Hors intersection,Normale,Autre collision,,,,,,,,,,,1,1,1,1,6
200500043250,0005-07-02 14:15:00,5,7,2,14,15,340,36.0,,43.702,3.339,Plein jour,Hors agglomération,Hors intersection,Normale,Autre collision,,,,,,,,,,,1,1,1,1,6
200500043251,0005-07-02 16:15:00,5,7,2,16,15,340,124.0,,43.667,3.439,Plein jour,Hors agglomération,Hors intersection,Normale,Autre collision,,,,,,,,,,,1,1,1,1,6
200500043252,0005-07-10 12:00:00,5,7,10,12,0,340,253.0,,43.83,3.3,Plein jour,Hors agglomération,Hors intersection,Normale,Autre collision,,,,,,,,,,,1,1,1,1,6
200500043253,0005-07-15 01:15:00,5,7,15,1,15,340,114.0,,43.64,3.584,Nuit sans éclairage public,Hors agglomération,Hors intersection,Normale,Autre collision,,,,,,,,,,,3,1,1,1,6
200500043254,0005-07-31 07:00:00,5,7,31,7,0,340,36.0,,,,Plein jour,Hors agglomération,Hors intersection,Normale,Autre collision,,,,,,,,,,,1,1,1,1,6
200500043255,0005-07-15 12:30:00,5,7,15,12,30,190,180.0,Autoroute A89,,,Plein jour,Hors agglomération,Hors intersection,Normale,Autre collision,,,,,,,,,,,1,1,1,1,6
200500043256,0005-07-19 22:30:00,5,7,19,22,30,780,193.0,25 ROUTE DE RAMBOUILLET,48.709,1.986,Nuit avec éclairage allumé,En agglomération,Hors intersection,Normale,Sans collision,,,,,,,,,,,5,2,1,1,7
200500043257,0005-07-26 18:20:00,5,7,26,18,20,780,356.0,rue de la gerbe d or,48.744,2.056,Plein jour,En agglomération,Giratoire,Normale,Deux véhicules - côté,,,,,,,,,,,1,2,6,1,3
200500043258,0005-07-28 19:15:00,5,7,28,19,15,780,356.0,RD 195,48.739,2.07,Plein jour,Hors agglomération,Hors intersection,Normale,Deux véhicules - frontale,,,,,,,,,,,1,1,1,1,1
200500043259,0005-07-09 06:30:00,5,7,9,6,30,720,315.0,,48.183,-0.122,Crépuscule ou aube,Hors agglomération,Hors intersection,Normale,Autre collision,,,,,,,,,,,2,1,1,1,6
200500043260,0005-07-02 08:45:00,5,7,2,8,45,950,151.0,,,,Plein jour,Hors agglomération,Hors intersection,Normale,Autre collision,,,,,,,,,,,1,1,1,1,6
200500043261,0005-07-02 16:30:00,5,7,2,16,30,950,394.0,AVENUE MARCEL PERRIN,,,Plein jour,En agglomération,Hors intersection,Normale,Deux véhicules - côté,,,,,,,,,,,1,2,1,1,3
200500043262,0005-07-27 17:45:00,5,7,27,17,45,460,204.0,,44.667,1.565,Plein jour,Hors agglomération,Hors intersection,Normale,Deux véhicules - frontale,,,,,,,,,,,1,1,1,1,1
200500043263,0005-07-23 12:30:00,5,7,23,12,30,580,88.0,,,,Plein jour,Hors agglomération,Hors intersection,Normale,Autre collision,,,,,,,,,,,1,1,1,1,6
200500043264,0005-07-26 23:00:00,5,7,26,23,0,580,86.0,,,,Nuit sans éclairage public,Hors agglomération,Hors intersection,Normale,Trois véhicules et plus - en chaîne,,,,,,,,,,,3,1,1,1,4
200500043265,0005-07-04 08:30:00,5,7,4,8,30,720,380.0,,,,Plein jour,Hors agglomération,Hors intersection,Normale,Autre collision,,,,,,,,,,,1,1,1,1,6
200500043266,0005-07-01 15:30:00,5,7,1,15,30,190,207.0,,,,Plein jour,Hors agglomération,Hors intersection,Normale,Sans collision,,,,,,,,,,,1,1,1,1,7
200500043267,0005-07-03 02:30:00,5,7,3,2,30,670,388.0,,,,Nuit sans éclairage public,Hors agglomération,Hors intersection,Normale,Sans collision,,,,,,,,,,,3,1,1,1,7
200500043268,0005-07-05 20:35:00,5,7,5,20,35,670,388.0,CD 53,,,Plein jour,Hors agglomération,Hors intersection,Normale,Autre collision,,,,,,,,,,,1,1,1,1,6
200500043269,0005-07-16 22:15:00,5,7,16,22,15,670,176.0,de terre hors axe de ci,,,Nuit sans éclairage public,Hors agglomération,Hors intersection,Normale,Sans collision,,,,,,,,,,,3,1,1,1,7
200500043270,0005-07-16 17:15:00,5,7,16,17,15,670,123.0,,,,Plein jour,Hors agglomération,Hors intersection,Brouillard / fumée,Deux véhicules - frontale,,,,,,,,,,,1,1,1,5,1
200500043271,0005-07-20 18:30:00,5,7,20,18,30,670,174.0,RUE PRINCIPALE,48.91,7.633,Plein jour,En agglomération,Intersection en X,Normale,Deux véhicules - côté,,,,,,,,,,,1,2,2,1,3
200500043272,0005-07-18 21:00:00,5,7,18,21,0,140,636.0,,,,Crépuscule ou aube,Hors agglomération,Hors intersection,Pluie forte,Deux véhicules - frontale,,,,,,,,,,,2,1,1,3,1
200500043273,0005-07-22 20:00:00,5,7,22,20,0,310,253.0,"Cimetière, Route Princia",,,Plein jour,En agglomération,Hors intersection,Normale,Deux véhicules - côté,,,,,,,,,,,1,2,1,1,3
200500043274,0005-07-27 18:30:00,5,7,27,18,30,310,547.0,,,,Plein jour,Hors agglomération,Hors intersection,Normale,Deux véhicules - côté,,,,,,,,,,,1,1,1,1,3
200500043275,0005-07-04 10:00:00,5,7,4,10,0,300,47.0,Rue de rodilhan,,,Plein jour,En agglomération,Intersection en X,Normale,Deux véhicules - côté,,,,,,,,,,,1,2,2,1,3
200500043276,0005-07-09 00:01:00,5,7,9,0,1,300,0.0,,,,Plein jour,Hors agglomération,Hors intersection,Normale,Trois véhicules et plus - collisions multiples,,,,,,,,,,,1,1,1,1,5
200500043277,0005-07-13 13:00:00,5,7,13,13,0,300,47.0,RN 113,,,Plein jour,Hors agglomération,Intersection à plus de 4 branches,Normale,Deux véhicules - côté,,,,,,,,,,,1,1,5,1,3
200500043278,0005-07-13 17:15:00,5,7,13,17,15,300,34.0,,,,Plein jour,Hors agglomération,Hors intersection,Normale,Autre collision,,,,,,,,,,,1,1,1,1,6
200500043279,0005-07-14 20:30:00,5,7,14,20,30,300,34.0,ROUTE DE ST GILLES-CD38,,,Plein jour,En agglomération,Giratoire,Normale,Sans collision,,,,,,,,,,,1,2,6,1,7
200500043280,0005-07-23 20:45:00,5,7,23,20,45,300,125.0,C.D.442,,,Plein jour,Hors agglomération,Hors intersection,Normale,Autre collision,,,,,,,,,,,1,1,1,1,6
200500043281,0005-07-31 10:30:00,5,7,31,10,30,300,47.0,,43.83,4.42,Plein jour,Hors agglomération,Hors intersection,Normale,Sans collision,,,,,,,,,,,1,1,1,1,7
200500043282,0005-07-06 12:00:00,5,7,6,12,0,130,45.0,RN 570 - P.K 7 + 200,43.866,4.769,Plein jour,Hors agglomération,Hors intersection,Normale,Deux véhicules - frontale,,,,,,,,,,,1,1,1,1,1
200500043283,0005-07-25 19:30:00,5,7,25,19,30,130,45.0,,43.879,4.774,Plein jour,Hors agglomération,Hors intersection,Normale,Trois véhicules et plus - collisions multiples,,,,,,,,,,,1,1,1,1,5
200500043284,0005-07-28 23:45:00,5,7,28,23,45,340,192.0,,,,Nuit avec éclairage allumé,Hors agglomération,Hors intersection,Normale,Autre collision,,,,,,,,,,,5,1,1,1,6
200500043285,0005-07-03 17:30:00,5,7,3,17,30,760,192.0,,50.016,1.317,Plein jour,Hors agglomération,Hors intersection,Normale,Deux véhicules - côté,,,,,,,,,,,1,1,1,1,3
200500043286,0005-07-10 17:00:00,5,7,10,17,0,760,192.0,,,,Plein jour,Hors agglomération,Hors intersection,Normale,Trois véhicules et plus - collisions multiples,,,,,,,,,,,1,1,1,1,5
200500043287,0005-07-20 06:00:00,5,7,20,6,0,760,644.0,,,,Plein jour,Hors agglomération,Hors intersection,Normale,Sans collision,,,,,,,,,,,1,1,1,1,7
200500043288,0005-07-21 18:15:00,5,7,21,18,15,760,618.0,CD 925,49.96,1.228,Plein jour,En agglomération,Hors intersection,Normale,Autre collision,,,,,,,,,,,1,2,1,1,6
200500043289,0005-07-23 04:15:00,5,7,23,4,15,760,643.0,Rue des Buissons,49.939,1.323,Crépuscule ou aube,En agglomération,Hors intersection,Brouillard / fumée,Autre collision,,,,,,,,,,,2,2,1,5,6
200500043290,0005-07-24 12:15:00,5,7,24,12,15,760,394.0,CD 49,,,Plein jour,En agglomération,Hors intersection,Pluie forte,Deux véhicules - côté,,,,,,,,,,,1,2,1,3,3
200500043291,0005-07-28 18:15:00,5,7,28,18,15,760,638.0,Rue de l'égalité,,,Plein jour,En agglomération,Hors intersection,Normale,Autre collision,,,,,,,,,,,1,2,1,1,6
200500043292,0005-07-12 19:00:00,5,7,12,19,0,760,591.0,,49.451,1.202,Plein jour,Hors agglomération,Hors intersection,Temps éblouissant,Deux véhicules - arrière,,,,,,,,,,,1,1,1,7,2
200500043293,0005-07-11 12:45:00,5,7,11,12,45,640,410.0,carrefour site Sobegi,,,Plein jour,Hors agglomération,Hors intersection,Normale,Deux véhicules - côté,,,,,,,,,,,1,1,1,1,3
200500043294,0005-07-12 20:45:00,5,7,12,20,45,410,280.0,,47.329,1.761,Plein jour,Hors agglomération,Autre intersection,Normale,Sans collision,,,,,,,,,,,1,1,9,1,7
200500043295,0005-07-09 14:30:00,5,7,9,14,30,240,166.0,,45.175,0.85,Plein jour,Hors agglomération,Hors intersection,Normale,Autre collision,,,,,,,,,,,1,1,1,1,6
200500043296,0005-07-07 16:15:00,5,7,7,16,15,250,482.0,,47.293,5.765,Plein jour,Hors agglomération,Hors intersection,Normale,Deux véhicules - frontale,,,,,,,,,,,1,1,1,1,1
200500043297,0005-07-09 13:30:00,5,7,9,13,30,250,186.0,RUE DERRIERE LA VILLE,47.344,5.938,Plein jour,En agglomération,Hors intersection,Normale,Deux véhicules - frontale,,,,,,,,,,,1,2,1,1,1
200500043298,0005-07-31 18:15:00,5,7,31,18,15,950,527.0,CD 902,,,Plein jour,En agglomération,Giratoire,Normale,Deux véhicules - arrière,,,,,,,,,,,1,2,6,1,2
200500043299,0005-07-02 12:45:00,5,7,2,12,45,560,90.0,,,,Plein jour,Hors agglomération,Intersection en X,Normale,Deux véhicules - côté,,,,,,,,,,,1,1,2,1,3
200500043300,0005-07-25 14:15:00,5,7,25,14,15,560,97.0,,,,Plein jour,Hors agglomération,Hors intersection,Normale,Sans collision,,,,,,,,,,,1,1,1,1,7
200500043301,0005-07-06 00:30:00,5,7,6,0,30,350,24.0,,48.198,-1.646,Nuit sans éclairage public,Hors agglomération,Hors intersection,Normale,Autre collision,,,,,,,,,,,3,1,1,1,6
200500043302,0005-07-08 12:00:00,5,7,8,12,0,350,173.0,,48.22,-1.703,Plein jour,Hors agglomération,Hors intersection,Normale,Deux véhicules - frontale,,,,,,,,,,,1,1,1,1,1
200500043303,0005-07-09 19:45:00,5,7,9,19,45,620,792.0,,50.803,2.228,Plein jour,Hors agglomération,Hors intersection,Normale,Deux véhicules - côté,,,,,,,,,,,1,1,1,1,3
200500043304,0005-07-26 06:30:00,5,7,26,6,30,240,295.0,,,,Plein jour,Hors agglomération,Hors intersection,Normale,Sans collision,,,,,,,,,,,1,1,1,1,7
200500043305,0005-07-02 10:15:00,5,7,2,10,15,340,309.0,,,,Plein jour,Hors agglomération,Hors intersection,Normale,Deux véhicules - côté,,,,,,,,,,,1,1,1,1,3
200500043306,0005-07-03 00:45:00,5,7,3,0,45,10,451.0,"123, RIPPES CHILLEYS (CH",,,Nuit sans éclairage public,Hors agglomération,Hors intersection,Normale,Autre collision,,,,,,,,,,,3,1,1,1,6
200500043307,0005-07-20 05:00:00,5,7,20,5,0,10,289.0,"2464, LYON (AVE DE) JUSQ",,,Nuit avec éclairage allumé,En agglomération,Hors intersection,Normale,Autre collision,,,,,,,,,,,5,2,1,1,6
200500043308,0005-07-22 09:45:00,5,7,22,9,45,10,53.0,"6 bis, CHAMP DE FOIRE (",,,Plein jour,En agglomération,Hors intersection,Normale,Deux véhicules - côté,,,,,,,,,,,1,2,1,1,3
200500043309,0005-07-23 00:20:00,5,7,23,0,20,10,53.0,"sans, FOCH  (RUE MARECHA",,,Nuit avec éclairage allumé,En agglomération,Intersection en X,Normale,Deux véhicules - côté,,,,,,,,,,,5,2,2,1,3
200500043310,0005-07-26 07:35:00,5,7,26,7,35,10,53.0,HERRIOT ( BOULEVARD EDOU,,,Plein jour,En agglomération,Intersection en T,Normale,Deux véhicules - côté,,,,,,,,,,,1,2,3,1,3
200500043311,0005-07-10 19:00:00,5,7,10,19,0,10,53.0,DE GAULLE ( BD GAL) PAIR,,,Plein jour,En agglomération,Intersection en X,Normale,Trois véhicules et plus - en chaîne,,,,,,,,,,,1,2,2,1,4
200500043312,0005-07-17 15:55:00,5,7,17,15,55,940,54.0,R BUTTE AU BERGER,,,Plein jour,Hors agglomération,Hors intersection,Normale,Sans collision,,,,,,,,,,,1,1,1,1,7
200500043313,0005-07-27 05:45:00,5,7,27,5,45,940,54.0,RTE PARC CENT./G.PELLETI,,,Crépuscule ou aube,Hors agglomération,Intersection en X,Normale,Deux véhicules - côté,,,,,,,,,,,2,1,2,1,3
200500043314,0005-07-16 18:15:00,5,7,16,18,15,10,14.0,POINT B (RUE DU),,,Plein jour,En agglomération,Hors intersection,Normale,Deux véhicules - arrière,,,,,,,,,,,1,2,1,1,2
200500043315,0005-07-05 12:10:00,5,7,5,12,10,20,691.0,"65, CLAIE (RUE DE LA)",,,Plein jour,En agglomération,Hors intersection,Normale,Deux véhicules - frontale,,,,,,,,,,,1,2,1,1,1
200500043316,0005-07-13 18:40:00,5,7,13,18,40,20,691.0,"1, NORDET (RUE ADRIEN)",,,Plein jour,En agglomération,Hors intersection,Normale,Autre collision,,,,,,,,,,,1,2,1,1,6
200500043317,0005-07-12 14:40:00,5,7,12,14,40,20,549.0,ROUTE DE LA FERE,,,Plein jour,Hors agglomération,Hors intersection,Normale,Autre collision,,,,,,,,,,,1,1,1,1,6
200500043318,0005-07-20 23:30:00,5,7,20,23,30,20,340.0,GRUGIES (ROUTE DE),,,Nuit sans éclairage public,Hors agglomération,Hors intersection,Normale,Autre collision,,,,,,,,,,,3,1,1,1,6