accident_id,datetime,annee,mois,jour,heure,minute,departement,commune_insee,adresse,latitude,longitude,luminosite,agglomeration,intersection,meteo,collision,nb_vehicules,nb_usagers,nb_indemnes,nb_tues,nb_blesses_hosp,nb_blesses_legers,age_cond_1,age_cond_2,veh_type_cond_1,veh_type_cond_2,lum_code,agg_code,int_code,atm_code,col_code
200500043319,0005-07-30 23:15:00,5,7,30,23,15,20,691.0,FUSILLES-F.N.D (AVENUE D,,,Nuit avec éclairage allumé,En agglomération,Intersection en X,Temps couvert,Deux véhicules - côté,,,,,,,,,,,5,2,2,8,3
200500043320,0005-07-16 18:35:00,5,7,16,18,35,20,691.0,CALMETTE (RUE ALBERT),,,Plein jour,En agglomération,Hors intersection,Normale,Autre collision,,,,,,,,,,,1,2,1,1,6
200500043321,0005-07-06 13:10:00,5,7,6,13,10,20,722.0,"56, COUCY ( AVENUE DE )",,,Plein jour,En agglomération,Hors intersection,Temps couvert,Autre collision,,,,,,,,,,,1,2,1,8,6
200500043322,0005-07-22 14:20:00,5,7,22,14,20,20,64.0,"302, CHATEAU-THIERRY ( R",,,Plein jour,En agglomération,Hors intersection,Normale,Deux véhicules - côté,,,,,,,,,,,1,2,1,1,3
200500043323,0005-07-27 09:10:00,5,7,27,9,10,20,722.0,"2, INTENDANCE ( RUE DE L",,,Plein jour,En agglomération,Intersection en X,Normale,Autre collision,,,,,,,,,,,1,2,2,1,6
200500043324,0005-07-07 09:30:00,5,7,7,9,30,20,738.0,JACQUARD,,,Plein jour,En agglomération,Hors intersection,Normale,Autre collision,,,,,,,,,,,1,2,1,1,6
200500043325,0005-07-13 15:10:00,5,7,13,15,10,20,260.0,CRECY,,,Plein jour,En agglomération,Hors intersection,Normale,Autre collision,,,,,,,,,,,1,2,1,1,6
200500043326,0005-07-01 23:10:00,5,7,1,23,10,30,185.0,FAVIERES ( QUAI ),,,Nuit avec éclairage allumé,En agglomération,Intersection en X,Normale,Deux véhicules - côté,,,,,,,,,,,5,2,2,1,3
200500043327,0005-07-02 19:43:00,5,7,2,19,43,30,185.0,"47, CONSTANS ( RUE PAUL",,,Plein jour,En agglomération,Intersection en X,Normale,Deux véhicules - côté,,,,,,,,,,,1,2,2,1,3
200500043328,0005-07-04 14:00:00,5,7,4,14,0,30,185.0,"10, MERLES ( RUE DES )",,,Plein jour,En agglomération,Autre intersection,Normale,Deux véhicules - côté,,,,,,,,,,,1,2,9,1,3
200500043329,0005-07-11 11:22:00,5,7,11,11,22,30,185.0,"32, ANCIEN CANAL DE BERR",,,Plein jour,En agglomération,Hors intersection,Normale,Deux véhicules - côté,,,,,,,,,,,1,2,1,1,3
200500043330,0005-07-14 16:00:00,5,7,14,16,0,30,185.0,COURTAIS   (DE  BOULEVAR,,,Plein jour,En agglomération,Intersection en X,Normale,Deux véhicules - arrière,,,,,,,,,,,1,2,2,1,2
200500043331,0005-07-29 12:30:00,5,7,29,12,30,30,185.0,GUESDE ( AVENUE JULES ),,,Plein jour,En agglomération,Intersection en X,Normale,Deux véhicules - côté,,,,,,,,,,,1,2,2,1,3
200500043332,0005-07-27 11:30:00,5,7,27,11,30,30,185.0,COURTAIS   (DE  BOULEVAR,,,Plein jour,En agglomération,Hors intersection,Normale,Autre collision,,,,,,,,,,,1,2,1,1,6
200500043333,0005-07-05 16:05:00,5,7,5,16,5,30,321.0,"53, OASIS (ROND-POINT DE",,,Plein jour,En agglomération,Giratoire,Normale,Deux véhicules - arrière,,,,,,,,,,,1,2,6,1,2
200500043334,0005-07-06 19:30:00,5,7,6,19,30,30,13.0,PARIS (ROUTE DE),,,Plein jour,En agglomération,Hors intersection,Normale,Deux véhicules - côté,,,,,,,,,,,1,2,1,1,3
200500043335,0005-07-03 10:10:00,5,7,3,10,10,30,190.0,RN7,,,Plein jour,En agglomération,Hors intersection,Normale,Autre collision,,,,,,,,,,,1,2,1,1,6
200500043336,0005-07-07 17:20:00,5,7,7,17,20,30,190.0,"31, POTIERS (RUE DES)",,,Plein jour,En agglomération,Intersection en X,Pluie légère,Autre collision,,,,,,,,,,,1,2,2,2,6
200500043337,0005-07-07 10:12:00,5,7,7,10,12,30,190.0,"3, ALLIER (PLACE D')",,,Plein jour,En agglomération,Intersection en X,Normale,Autre collision,,,,,,,,,,,1,2,2,1,6
200500043338,0005-07-17 01:38:00,5,7,17,1,38,30,190.0,"13, BATTERIE (RUE DE LA)",,,Nuit avec éclairage allumé,En agglomération,Intersection en X,Normale,Deux véhicules - côté,,,,,,,,,,,5,2,2,1,3
200500043339,0005-07-29 15:45:00,5,7,29,15,45,30,190.0,"120, GARCEAUX (RUE DES)",,,Plein jour,En agglomération,Intersection en T,Normale,Deux véhicules - côté,,,,,,,,,,,1,2,3,1,3
200500043340,0005-07-03 11:45:00,5,7,3,11,45,30,95.0,"0, PERCHE (CHEMIN DE LA)",,,Plein jour,En agglomération,Intersection en X,Normale,Deux véhicules - côté,,,,,,,,,,,1,2,2,1,3
200500043341,0005-07-06 09:55:00,5,7,6,9,55,30,95.0,"59, RAYNAL (RUE DU GENER",,,Plein jour,En agglomération,Hors intersection,Normale,Autre collision,,,,,,,,,,,1,2,1,1,6
200500043342,0005-07-07 08:25:00,5,7,7,8,25,30,310.0,"1, RESISTANCE (BOULEVARD",,,Plein jour,En agglomération,Intersection en T,Temps couvert,Deux véhicules - côté,,,,,,,,,,,1,2,3,8,3
200500043343,0005-07-13 16:15:00,5,7,13,16,15,30,23.0,PONT DE BELLERIVE,,,Plein jour,En agglomération,Hors intersection,Normale,Deux véhicules - arrière,,,,,,,,,,,1,2,1,1,2
200500043344,0005-07-14 15:37:00,5,7,14,15,37,30,310.0,"92, PONCET (AVENUE)",,,Plein jour,En agglomération,Intersection en X,Normale,Deux véhicules - côté,,,,,,,,,,,1,2,2,1,3
200500043345,0005-07-23 19:35:00,5,7,23,19,35,30,95.0,"1, LA FAYETTE (COURS)",,,Plein jour,En agglomération,Giratoire,Normale,Autre collision,,,,,,,,,,,1,2,6,1,6
200500043346,0005-07-26 15:30:00,5,7,26,15,30,30,95.0,"0, ROUX (AVENUE GILBERT)",,,Plein jour,En agglomération,Hors intersection,Normale,Deux véhicules - côté,,,,,,,,,,,1,2,1,1,3
200500043347,0005-07-27 07:15:00,5,7,27,7,15,30,310.0,"12, COTE SAINT AMAND (RU",,,Plein jour,En agglomération,Hors intersection,Normale,Autre collision,,,,,,,,,,,1,2,1,1,6
200500043348,0005-07-27 20:05:00,5,7,27,20,5,30,310.0,AILES (ALLEE DES),,,Plein jour,En agglomération,Intersection en T,Normale,Deux véhicules - côté,,,,,,,,,,,1,2,3,1,3
200500043349,0005-07-30 02:40:00,5,7,30,2,40,30,23.0,REPUBLIQUE (AVENUE DE LA,,,Nuit avec éclairage allumé,En agglomération,Giratoire,Normale,Autre collision,,,,,,,,,,,5,2,6,1,6
200500043350,0005-07-30 13:30:00,5,7,30,13,30,30,95.0,"0, DE GAULLE (BOULEVARD",,,Plein jour,En agglomération,Intersection en T,Normale,Deux véhicules - arrière,,,,,,,,,,,1,2,3,1,2
200500043351,0005-07-31 14:55:00,5,7,31,14,55,30,310.0,"0, DOUMER (AVENUE DU PRE",,,Plein jour,En agglomération,Intersection en Y,Normale,Deux véhicules - côté,,,,,,,,,,,1,2,4,1,3
200500043352,0005-07-08 18:50:00,5,7,8,18,50,40,112.0,"20, DAUPHINE (RUE)",,,Plein jour,En agglomération,Intersection en T,Normale,Deux véhicules - côté,,,,,,,,,,,1,2,3,1,3
200500043353,0005-07-15 11:20:00,5,7,15,11,20,40,112.0,OHM(CHEMIN GEORG SIMON),,,Plein jour,En agglomération,Hors intersection,Normale,Deux véhicules - frontale,,,,,,,,,,,1,2,1,1,1
200500043354,0005-07-25 20:55:00,5,7,25,20,55,40,112.0,GIONO (AV. J.),,,Crépuscule ou aube,En agglomération,Hors intersection,Normale,Deux véhicules - arrière,,,,,,,,,,,2,2,1,1,2
200500043355,0005-07-16 19:15:00,5,7,16,19,15,50,23.0,"17, ITALIE (ROUTE D')",,,Plein jour,En agglomération,Intersection en T,Normale,Autre collision,,,,,,,,,,,1,2,3,1,6
200500043356,0005-07-02 14:00:00,5,7,2,14,0,50,61.0,"5, MARECHAL FOCH ( AVENU",,,Plein jour,En agglomération,Hors intersection,Normale,Deux véhicules - côté,,,,,,,,,,,1,2,1,1,3
200500043357,0005-07-02 12:40:00,5,7,2,12,40,50,61.0,PROVENCE ( AVENUE DE ),,,Plein jour,En agglomération,Hors intersection,Normale,Deux véhicules - côté,,,,,,,,,,,1,2,1,1,3
200500043358,0005-07-06 10:58:00,5,7,6,10,58,50,61.0,LUYE ( ROUTE DE LA ),,,Plein jour,En agglomération,Autre intersection,Normale,Deux véhicules - côté,,,,,,,,,,,1,2,9,1,3
200500043359,0005-07-13 10:35:00,5,7,13,10,35,50,61.0,ORIENT (BOULEVARD  DE L',,,Plein jour,En agglomération,Hors intersection,Normale,Autre collision,,,,,,,,,,,1,2,1,1,6
200500043360,0005-07-19 19:15:00,5,7,19,19,15,50,61.0,"90, EMILE DIDIER ( AV )",,,Plein jour,En agglomération,Hors intersection,Normale,Trois véhicules et plus - en chaîne,,,,,,,,,,,1,2,1,1,4
200500043361,0005-07-23 05:45:00,5,7,23,5,45,50,61.0,"105, RN 94",,,Crépuscule ou aube,Hors agglomération,Hors intersection,Normale,Autre collision,,,,,,,,,,,2,1,1,1,6
200500043362,0005-07-29 21:50:00,5,7,29,21,50,50,61.0,RN 85,,,Nuit sans éclairage public,Hors agglomération,Hors intersection,Normale,Trois véhicules et plus - collisions multiples,,,,,,,,,,,3,1,1,1,5
200500043363,0005-07-30 14:50:00,5,7,30,14,50,50,61.0,RN 85,,,Plein jour,Hors agglomération,Hors intersection,Normale,Deux véhicules - côté,,,,,,,,,,,1,1,1,1,3
200500043364,0005-07-03 08:15:00,5,7,3,8,15,60,4.0,MAUPASSANT-ANTIBES(LE CA,,,Plein jour,En agglomération,Hors intersection,Normale,Autre collision,,,,,,,,,,,1,2,1,1,6
200500043365,0005-07-04 12:40:00,5,7,4,12,40,60,4.0,GRASSE RTE DE,,,Plein jour,En agglomération,Hors intersection,Normale,Deux véhicules - arrière,,,,,,,,,,,1,2,1,1,2
200500043366,0005-07-03 00:05:00,5,7,3,0,5,60,4.0,NATIONALE RN 98,,,Nuit avec éclairage allumé,En agglomération,Hors intersection,Normale,Trois véhicules et plus - en chaîne,,,,,,,,,,,5,2,1,1,4
200500043367,0005-07-07 16:05:00,5,7,7,16,5,60,4.0,GRASSE RTE DE,,,Plein jour,En agglomération,Giratoire,Normale,Deux véhicules - côté,,,,,,,,,,,1,2,6,1,3
200500043368,0005-07-10 09:40:00,5,7,10,9,40,60,4.0,GRASSE RTE DE,,,Plein jour,Hors agglomération,Hors intersection,Normale,Trois véhicules et plus - en chaîne,,,,,,,,,,,1,1,1,1,4
200500043369,0005-07-13 06:30:00,5,7,13,6,30,60,4.0,CLAUDE CH.DE ST,,,Plein jour,En agglomération,Intersection en Y,Normale,Deux véhicules - côté,,,,,,,,,,,1,2,4,1,3
200500043370,0005-07-13 22:55:00,5,7,13,22,55,60,4.0,GREC AV.JULES,,,Nuit avec éclairage allumé,En agglomération,Hors intersection,Normale,Autre collision,,,,,,,,,,,5,2,1,1,6
200500043371,0005-07-14 03:11:00,5,7,14,3,11,60,4.0,"33, GUILLAUMONT BD CHARL",,,Nuit avec éclairage allumé,En agglomération,Hors intersection,Normale,Deux véhicules - frontale,,,,,,,,,,,5,2,1,1,1
200500043372,0005-07-14 20:05:00,5,7,14,20,5,60,4.0,"12, MAUPASSANT-JUAN AV.G",,,Crépuscule ou aube,En agglomération,Hors intersection,Temps éblouissant,Autre collision,,,,,,,,,,,2,2,1,7,6
200500043373,0005-07-15 11:50:00,5,7,15,11,50,60,4.0,"37, GUILLAUMONT BD CHARL",,,Plein jour,En agglomération,Hors intersection,Normale,Autre collision,,,,,,,,,,,1,2,1,1,6
200500043374,0005-07-16 15:25:00,5,7,16,15,25,60,4.0,"0, FOCH BD MARECHAL",,,Plein jour,En agglomération,Intersection en T,Normale,Deux véhicules - côté,,,,,,,,,,,1,2,3,1,3
200500043375,0005-07-18 04:55:00,5,7,18,4,55,60,4.0,"0, GALLICE AV.ET PASSAGE",,,Nuit avec éclairage allumé,En agglomération,Hors intersection,Normale,Autre collision,,,,,,,,,,,5,2,1,1,6
200500043376,0005-07-19 18:05:00,5,7,19,18,5,60,4.0,LECLERC BD MARECHAL,,,Plein jour,En agglomération,Intersection en T,Normale,Deux véhicules - côté,,,,,,,,,,,1,2,3,1,3
200500043377,0005-07-20 17:50:00,5,7,20,17,50,60,4.0,BORD DE MER RN.98 LA SIE,,,Plein jour,Hors agglomération,Hors intersection,Normale,Deux véhicules - côté,,,,,,,,,,,1,1,1,1,3
200500043378,0005-07-22 18:45:00,5,7,22,18,45,60,4.0,"0, POINCARE BD RAYMOND.",,,Plein jour,En agglomération,Intersection en X,Normale,Autre collision,,,,,,,,,,,1,2,2,1,6
200500043379,0005-07-24 16:00:00,5,7,24,16,0,60,4.0,R.N.98 BORD DE MER SIEST,,,Plein jour,En agglomération,Hors intersection,Normale,Autre collision,,,,,,,,,,,1,2,1,1,6
200500043380,0005-07-25 07:05:00,5,7,25,7,5,60,4.0,"12, SABLES CH.ET ALLEE",,,Plein jour,En agglomération,Hors intersection,Normale,Autre collision,,,,,,,,,,,1,2,1,1,6
200500043381,0005-07-25 23:50:00,5,7,25,23,50,60,4.0,CAP BD DU,,,Nuit avec éclairage allumé,En agglomération,Intersection en X,Normale,Deux véhicules - frontale,,,,,,,,,,,5,2,2,1,1
200500043382,0005-07-31 03:10:00,5,7,31,3,10,60,155.0,MASSIER AV.ET IMP.CLEMEN,,,Nuit avec éclairage allumé,En agglomération,Hors intersection,Normale,Deux véhicules - côté,,,,,,,,,,,5,2,1,1,3
200500043383,0005-07-03 23:25:00,5,7,3,23,25,60,27.0,PLAGE BOULEVARD DE LA,,,Nuit avec éclairage allumé,En agglomération,Hors intersection,Normale,Deux véhicules - arrière,,,,,,,,,,,5,2,1,1,2
200500043384,0005-07-05 10:20:00,5,7,5,10,20,60,27.0,"25/27, BESSET AVENUE CYR",,,Plein jour,En agglomération,Hors intersection,Normale,Autre collision,,,,,,,,,,,1,2,1,1,6
200500043385,0005-07-06 09:10:00,5,7,6,9,10,60,123.0,COUBERTIN PIERRE DE AVEN,,,Plein jour,En agglomération,Giratoire,Normale,Deux véhicules - côté,,,,,,,,,,,1,2,6,1,3
200500043386,0005-07-10 04:20:00,5,7,10,4,20,60,123.0,GERBAULT ALAIN PROMENADE,,,Nuit avec éclairage allumé,En agglomération,Hors intersection,Normale,Deux véhicules - côté,,,,,,,,,,,5,2,1,1,3
200500043387,0005-07-11 16:30:00,5,7,11,16,30,60,27.0,CANNES AVENUE DE (RN7),,,Plein jour,En agglomération,Intersection en T,Normale,Deux véhicules - côté,,,,,,,,,,,1,2,3,1,3
200500043388,0005-07-13 19:00:00,5,7,13,19,0,60,27.0,VAL FLEURI CHEMIN DU,,,Crépuscule ou aube,En agglomération,Hors intersection,Normale,Deux véhicules - côté,,,,,,,,,,,2,2,1,1,3
200500043389,0005-07-13 19:50:00,5,7,13,19,50,60,123.0,VAUBAN AVENUE,,,Plein jour,En agglomération,Intersection en Y,Normale,Trois véhicules et plus - collisions multiples,,,,,,,,,,,1,2,4,1,5
200500043390,0005-07-12 10:30:00,5,7,12,10,30,60,123.0,"47, DE GAULLE GENERAL AV",,,Plein jour,En agglomération,Hors intersection,Normale,Deux véhicules - côté,,,,,,,,,,,1,2,1,1,3
200500043391,0005-07-16 16:05:00,5,7,16,16,5,60,27.0,"34, JUIN BOULEVARD MAREC",,,Plein jour,En agglomération,Hors intersection,Normale,Deux véhicules - côté,,,,,,,,,,,1,2,1,1,3
200500043392,0005-07-20 11:45:00,5,7,20,11,45,60,27.0,"100, COLLE AVENUE DE LA",,,Plein jour,En agglomération,Hors intersection,Normale,Deux véhicules - côté,,,,,,,,,,,1,2,1,1,3
200500043393,0005-07-21 14:30:00,5,7,21,14,30,60,123.0,"520, GARE ROUTE DE LA",,,Plein jour,En agglomération,Hors intersection,Normale,Deux véhicules - côté,,,,,,,,,,,1,2,1,1,3
200500043394,0005-07-21 23:45:00,5,7,21,23,45,60,27.0,KENNEDY BOULEVARD J.F.,,,Nuit avec éclairage allumé,En agglomération,Intersection en X,Normale,Deux véhicules - côté,,,,,,,,,,,5,2,2,1,3
200500043395,0005-07-22 18:45:00,5,7,22,18,45,60,27.0,GARE AVENUE DE LA,,,Plein jour,En agglomération,Intersection en T,Normale,Deux véhicules - côté,,,,,,,,,,,1,2,3,1,3
200500043396,0005-07-25 00:01:00,5,7,25,0,1,60,27.0,GAUDE AVENUE DE LA,,,Nuit avec éclairage allumé,Hors agglomération,Hors intersection,Normale,Autre collision,,,,,,,,,,,5,1,1,1,6
200500043397,0005-07-26 13:50:00,5,7,26,13,50,60,27.0,"87, NICE AVENUE DE (RN7)",,,Plein jour,Hors agglomération,Hors intersection,Normale,Autre collision,,,,,,,,,,,1,1,1,1,6
200500043398,0005-07-27 00:01:00,5,7,27,0,1,60,27.0,JUIN BOULEVARD MARECHAL,,,Nuit avec éclairage allumé,En agglomération,Intersection en X,Normale,Deux véhicules - côté,,,,,,,,,,,5,2,2,1,3
200500043399,0005-07-27 03:00:00,5,7,27,3,0,60,123.0,R.N. 98,,,Nuit avec éclairage allumé,En agglomération,Hors intersection,Normale,Deux véhicules - arrière,,,,,,,,,,,5,2,1,1,2
200500043400,0005-07-26 18:15:00,5,7,26,18,15,60,123.0,"970, DE GAULLE GENERAL A",,,Plein jour,En agglomération,Hors intersection,Normale,Autre collision,,,,,,,,,,,1,2,1,1,6
200500043401,0005-07-25 17:15:00,5,7,25,17,15,60,123.0,LECLERC GENERAL AVENUE,,,Plein jour,En agglomération,Hors intersection,Normale,Autre collision,,,,,,,,,,,1,2,1,1,6
200500043402,0005-07-27 20:45:00,5,7,27,20,45,60,27.0,"106/108, PLAGE BOULEVARD",,,Crépuscule ou aube,En agglomération,Hors intersection,Normale,Deux véhicules - arrière,,,,,,,,,,,2,2,1,1,2
200500043403,0005-07-27 19:10:00,5,7,27,19,10,60,123.0,"932, R.N. 7",,,Plein jour,En agglomération,Hors intersection,Normale,Deux véhicules - côté,,,,,,,,,,,1,2,1,1,3
200500043404,0005-07-28 12:00:00,5,7,28,12,0,60,27.0,PLAGE BOULEVARD DE LA,,,Plein jour,En agglomération,Intersection en Y,Normale,Deux véhicules - côté,,,,,,,,,,,1,2,4,1,3
200500043405,0005-07-28 11:20:00,5,7,28,11,20,60,123.0,"2164, PUGETS MOYENNE COR",,,Plein jour,En agglomération,Hors intersection,Normale,Deux véhicules - frontale,,,,,,,,,,,1,2,1,1,1
200500043406,0005-07-28 12:30:00,5,7,28,12,30,60,123.0,R.N. 98,,,Plein jour,En agglomération,Hors intersection,Normale,Deux véhicules - côté,,,,,,,,,,,1,2,1,1,3
200500043407,0005-07-04 14:05:00,5,7,4,14,5,60,29.0,"00, PASTEUR (RUE)",,,Plein jour,En agglomération,Intersection en X,Normale,Sans collision,,,,,,,,,,,1,2,2,1,7
200500043408,0005-07-04 12:20:00,5,7,4,12,20,60,29.0,"205, TONNER (AVENUE FRAN",,,Plein jour,En agglomération,Hors intersection,Normale,Trois véhicules et plus - en chaîne,,,,,,,,,,,1,2,1,1,4
200500043409,0005-07-05 12:21:00,5,7,5,12,21,60,29.0,PICAUD (AVENUE DU DOCTEU,,,Plein jour,En agglomération,Intersection en T,Normale,Deux véhicules - côté,,,,,,,,,,,1,2,3,1,3
200500043410,0005-07-05 15:00:00,5,7,5,15,0,60,30.0,"00, ST JOSEPH (CHEMIN)",,,Plein jour,En agglomération,Hors intersection,Normale,Deux véhicules - côté,,,,,,,,,,,1,2,1,1,3
200500043411,0005-07-02 09:45:00,5,7,2,9,45,60,29.0,"42, REPUBLIQUE (BOULEVAR",,,Plein jour,En agglomération,Hors intersection,Normale,Deux véhicules - côté,,,,,,,,,,,1,2,1,1,3
200500043412,0005-07-06 10:55:00,5,7,6,10,55,60,29.0,"00, SOLEIL (BOULEVARD DU",,,Plein jour,En agglomération,Intersection en T,Normale,Deux véhicules - côté,,,,,,,,,,,1,2,3,1,3
200500043413,0005-07-07 17:50:00,5,7,7,17,50,60,29.0,"104, JUIN (AVENUE MARECH",,,Plein jour,En agglomération,Hors intersection,Normale,Deux véhicules - côté,,,,,,,,,,,1,2,1,1,3
200500043414,0005-07-07 19:30:00,5,7,7,19,30,60,29.0,"2, MONFLEURY (BOULEVARD)",,,Plein jour,Hors agglomération,Hors intersection,Normale,Deux véhicules - côté,,,,,,,,,,,1,1,1,1,3
200500043415,0005-07-08 00:10:00,5,7,8,0,10,60,29.0,"00, ST VICTOR (RUE)",,,Nuit avec éclairage allumé,En agglomération,Hors intersection,Normale,Deux véhicules - frontale,,,,,,,,,,,5,2,1,1,1
200500043416,0005-07-08 09:43:00,5,7,8,9,43,60,29.0,REPUBLIQUE (BOULEVARD DE,,,Plein jour,En agglomération,Intersection en X,Normale,Deux véhicules - côté,,,,,,,,,,,1,2,2,1,3
200500043417,0005-07-08 13:14:00,5,7,8,13,14,60,29.0,"20, RIOU (BOULEVARD DU)",,,Plein jour,En agglomération,Hors intersection,Normale,Autre collision,,,,,,,,,,,1,2,1,1,6
200500043418,0005-07-08 18:07:00,5,7,8,18,7,60,29.0,MIDI (BOULEVARD DU),,,Plein jour,En agglomération,Hors intersection,Normale,Deux véhicules - côté,,,,,,,,,,,1,2,1,1,3
200500043419,0005-07-08 18:28:00,5,7,8,18,28,60,30.0,"121, JOURDAN (AVENUE MIC",,,Plein jour,En agglomération,Hors intersection,Normale,Deux véhicules - côté,,,,,,,,,,,1,2,1,1,3
200500043420,0005-07-08 23:30:00,5,7,8,23,30,60,29.0,JOURDAN (AVENUE MICHEL),,,Nuit avec éclairage allumé,En agglomération,Intersection en X,Normale,Deux véhicules - côté,,,,,,,,,,,5,2,2,1,3
200500043421,0005-07-09 14:55:00,5,7,9,14,55,60,30.0,"00, AUBAREDE (CHEMIN DE",,,Plein jour,En agglomération,Hors intersection,Normale,Trois véhicules et plus - en chaîne,,,,,,,,,,,1,2,1,1,4
200500043422,0005-07-11 13:03:00,5,7,11,13,3,60,29.0,PICAUD (AVENUE DR) BOCCA,,,Plein jour,En agglomération,Hors intersection,Normale,Deux véhicules - côté,,,,,,,,,,,1,2,1,1,3
200500043423,0005-07-11 22:00:00,5,7,11,22,0,60,29.0,"00, RIOU (BOULEVARD DU)",,,Nuit avec éclairage allumé,En agglomération,Hors intersection,Normale,Sans collision,,,,,,,,,,,5,2,1,1,7
200500043424,0005-07-11 12:14:00,5,7,11,12,14,60,29.0,"121, JOURDAN (AVENUE MIC",,,Plein jour,En agglomération,Hors intersection,Normale,Deux véhicules - arrière,,,,,,,,,,,1,2,1,1,2
200500043425,0005-07-12 16:29:00,5,7,12,16,29,60,29.0,PICAUD (AVENUE DR) BOCCA,,,Plein jour,En agglomération,Hors intersection,Normale,Deux véhicules - arrière,,,,,,,,,,,1,2,1,1,2
200500043426,0005-07-13 17:25:00,5,7,13,17,25,60,29.0,"28, ESTEREL (BOULEVARD D",,,Plein jour,En agglomération,Hors intersection,Normale,Deux véhicules - côté,,,,,,,,,,,1,2,1,1,3
200500043427,0005-07-13 17:58:00,5,7,13,17,58,60,29.0,MIDI (BOULEVARD DU),,,Crépuscule ou aube,En agglomération,Hors intersection,Normale,Deux véhicules - arrière,,,,,,,,,,,2,2,1,1,2
200500043428,0005-07-13 19:41:00,5,7,13,19,41,60,29.0,"93, CARNOT (BOULEVARD)",,,Plein jour,En agglomération,Hors intersection,Normale,Autre collision,,,,,,,,,,,1,2,1,1,6
200500043429,0005-07-15 11:44:00,5,7,15,11,44,60,29.0,TONNER (AVENUE FRANCIS),,,Plein jour,En agglomération,Hors intersection,Normale,Sans collision,,,,,,,,,,,1,2,1,1,7
200500043430,0005-07-15 15:25:00,5,7,15,15,25,60,30.0,"119, SADI CARNOT (BOULEV",,,Plein jour,En agglomération,Intersection en X,Normale,Deux véhicules - côté,,,,,,,,,,,1,2,2,1,3
200500043431,0005-07-15 17:50:00,5,7,15,17,50,60,29.0,"00, MIMONT (RUE DE)",,,Plein jour,En agglomération,Hors intersection,Normale,Autre collision,,,,,,,,,,,1,2,1,1,6
200500043432,0005-07-16 10:15:00,5,7,16,10,15,60,29.0,COUVERTURE VOIE FERREE,,,Plein jour,En agglomération,Hors intersection,Normale,Deux véhicules - côté,,,,,,,,,,,1,2,1,1,3
200500043433,0005-07-15 20:00:00,5,7,15,20,0,60,30.0,"112, ROOSEVELT (AVENUE F",,,Plein jour,En agglomération,Hors intersection,Normale,Deux véhicules - côté,,,,,,,,,,,1,2,1,1,3
200500043434,0005-07-17 00:05:00,5,7,17,0,5,60,29.0,"00, HOCHE (RUE)",,,Nuit avec éclairage allumé,En agglomération,Intersection en X,Normale,Deux véhicules - côté,,,,,,,,,,,5,2,2,1,3
200500043435,0005-07-18 16:27:00,5,7,18,16,27,60,29.0,LYS (AVENUE DU),,,Plein jour,En agglomération,Hors intersection,Normale,Deux véhicules - arrière,,,,,,,,,,,1,2,1,1,2
200500043436,0005-07-18 18:32:00,5,7,18,18,32,60,29.0,"00, POESIE (AVENUE PIERR",,,Plein jour,En agglomération,Intersection en T,Normale,Deux véhicules - côté,,,,,,,,,,,1,2,3,1,3
200500043437,0005-07-18 18:40:00,5,7,18,18,40,60,29.0,ALEXANDRE III (BOULEVARD,,,Plein jour,En agglomération,Hors intersection,Normale,Autre collision,,,,,,,,,,,1,2,1,1,6
200500043438,0005-07-19 17:23:00,5,7,19,17,23,60,29.0,"00, TONNER (AVENUE FRANC",,,Plein jour,En agglomération,Giratoire,Normale,Trois véhicules et plus - collisions multiples,,,,,,,,,,,1,2,6,1,5
200500043439,0005-07-20 08:55:00,5,7,20,8,55,60,29.0,"59, PICAUD (AVENUE DU DO",,,Plein jour,En agglomération,Hors intersection,Normale,Trois véhicules et plus - en chaîne,,,,,,,,,,,1,2,1,1,4
200500043440,0005-07-20 19:00:00,5,7,20,19,0,60,30.0,"44, SADI CARNOT (BOULEVA",,,Plein jour,En agglomération,Hors intersection,Normale,Sans collision,,,,,,,,,,,1,2,1,1,7
200500043441,0005-07-20 19:12:00,5,7,20,19,12,60,29.0,PRINCE DE GALLES (AVENUE,,,Plein jour,En agglomération,Hors intersection,Normale,Autre collision,,,,,,,,,,,1,2,1,1,6
200500043442,0005-07-21 12:35:00,5,7,21,12,35,60,29.0,POESIE (AVENUE PIERRE),,,Plein jour,En agglomération,Hors intersection,Normale,Deux véhicules - côté,,,,,,,,,,,1,2,1,1,3
200500043443,0005-07-22 11:04:00,5,7,22,11,4,60,29.0,"07, SARDOU (AVENUE LEAND",,,Plein jour,En agglomération,Hors intersection,Normale,Deux véhicules - côté,,,,,,,,,,,1,2,1,1,3
200500043444,0005-07-22 17:30:00,5,7,22,17,30,60,29.0,"95, CROISETTE (BOULEVARD",,,Plein jour,En agglomération,Hors intersection,Normale,Deux véhicules - côté,,,,,,,,,,,1,2,1,1,3
200500043445,0005-07-24 06:25:00,5,7,24,6,25,60,29.0,"20, VAUTRIN (BOULEVARD D",,,Crépuscule ou aube,En agglomération,Hors intersection,Normale,Autre collision,,,,,,,,,,,2,2,1,1,6
200500043446,0005-07-22 21:20:00,5,7,22,21,20,60,29.0,"113, CLEMENCEAU (RUE GEO",,,Nuit avec éclairage allumé,En agglomération,Hors intersection,Normale,Deux véhicules - côté,,,,,,,,,,,5,2,1,1,3
200500043447,0005-07-25 18:37:00,5,7,25,18,37,60,29.0,SHAKESPEARE (RUE),,,Plein jour,En agglomération,Hors intersection,Normale,Trois véhicules et plus - collisions multiples,,,,,,,,,,,1,2,1,1,5
200500043448,0005-07-25 22:10:00,5,7,25,22,10,60,29.0,CROISETTE (BOULEVARD DE,,,Nuit avec éclairage allumé,Hors agglomération,Hors intersection,Normale,Deux véhicules - frontale,,,,,,,,,,,5,1,1,1,1
200500043449,0005-07-27 12:24:00,5,7,27,12,24,60,30.0,"25, OLIVET (CHEMIN DE L'",,,Plein jour,En agglomération,Hors intersection,Normale,Deux véhicules - côté,,,,,,,,,,,1,2,1,1,3