accident_id,datetime,annee,mois,jour,heure,minute,departement,commune_insee,adresse,latitude,longitude,luminosite,agglomeration,intersection,meteo,collision,nb_vehicules,nb_usagers,nb_indemnes,nb_tues,nb_blesses_hosp,nb_blesses_legers,age_cond_1,age_cond_2,veh_type_cond_1,veh_type_cond_2,lum_code,agg_code,int_code,atm_code,col_code
200500043580,0005-07-21 17:45:00,5,7,21,17,45,60,88.0,"305, ANGLAIS (DU N° 265",,,Plein jour,En agglomération,Hors intersection,Normale,Autre collision,,,,,,,,,,,1,2,1,1,6
200500043581,0005-07-21 22:50:00,5,7,21,22,50,60,88.0,"30, MADELEINE (BD DE LA)",,,Nuit avec éclairage allumé,En agglomération,Hors intersection,Normale,Deux véhicules - arrière,,,,,,,,,,,5,2,1,1,2
200500043582,0005-07-21 11:55:00,5,7,21,11,55,60,88.0,"46, GORBELLA (BD DE)",,,Plein jour,En agglomération,Hors intersection,Normale,Deux véhicules - côté,,,,,,,,,,,1,2,1,1,3
200500043583,0005-07-22 09:00:00,5,7,22,9,0,60,88.0,"0, CALIFORNIE (AV.) (DU",,,Plein jour,En agglomération,Intersection en X,Normale,Autre collision,,,,,,,,,,,1,2,2,1,6
200500043584,0005-07-22 15:35:00,5,7,22,15,35,60,88.0,"0, ARIANE (BD DE L')",,,Plein jour,En agglomération,Hors intersection,Normale,Deux véhicules - côté,,,,,,,,,,,1,2,1,1,3
200500043585,0005-07-22 19:45:00,5,7,22,19,45,60,88.0,"0, RICHELMI (R. DR P.)",,,Plein jour,En agglomération,Intersection en X,Normale,Deux véhicules - côté,,,,,,,,,,,1,2,2,1,3
200500043586,0005-07-22 18:45:00,5,7,22,18,45,60,88.0,"54, RAY (AV. DU)",,,Plein jour,En agglomération,Hors intersection,Normale,Deux véhicules - côté,,,,,,,,,,,1,2,1,1,3
200500043587,0005-07-23 08:40:00,5,7,23,8,40,60,88.0,"08, DOUANE (QUAI DE LA)",,,Plein jour,En agglomération,Hors intersection,Normale,Autre collision,,,,,,,,,,,1,2,1,1,6
200500043588,0005-07-23 09:30:00,5,7,23,9,30,60,88.0,"8, VERANY (BD J.B.)",,,Plein jour,En agglomération,Hors intersection,Normale,Autre collision,,,,,,,,,,,1,2,1,1,6
200500043589,0005-07-23 11:20:00,5,7,23,11,20,60,88.0,ANGLAIS (DU N° 1 AU N° 4,,,Plein jour,Hors agglomération,Hors intersection,Normale,Autre collision,,,,,,,,,,,1,1,1,1,6
200500043590,0005-07-23 16:45:00,5,7,23,16,45,60,88.0,"0, ROQUEBILLIERE (R. DE)",,,Plein jour,En agglomération,Intersection en X,Normale,Autre collision,,,,,,,,,,,1,2,2,1,6
200500043591,0005-07-24 22:35:00,5,7,24,22,35,60,88.0,"10, MAETERLINCK (BD M.)",,,Nuit avec éclairage allumé,En agglomération,Hors intersection,Normale,Autre collision,,,,,,,,,,,5,2,1,1,6
200500043592,0005-07-25 10:15:00,5,7,25,10,15,60,88.0,"0, BESSET (AV.) (JUSQU'A",,,Plein jour,En agglomération,Hors intersection,Normale,Autre collision,,,,,,,,,,,1,2,1,1,6
200500043593,0005-07-25 11:25:00,5,7,25,11,25,60,88.0,"0, CASSIN (BD RENE)",,,Plein jour,En agglomération,Hors intersection,Normale,Deux véhicules - côté,,,,,,,,,,,1,2,1,1,3
200500043594,0005-07-25 11:45:00,5,7,25,11,45,60,88.0,"20, SAINT-JEAN BAPTISTE",,,Plein jour,En agglomération,Hors intersection,Normale,Deux véhicules - côté,,,,,,,,,,,1,2,1,1,3
200500043595,0005-07-25 13:50:00,5,7,25,13,50,60,88.0,"0, POTIERS (R. DES)",,,Plein jour,En agglomération,Intersection en X,Normale,Deux véhicules - côté,,,,,,,,,,,1,2,2,1,3
200500043596,0005-07-25 14:10:00,5,7,25,14,10,60,88.0,"88, BESSET (AV.) (A PART",,,Plein jour,En agglomération,Hors intersection,Normale,Autre collision,,,,,,,,,,,1,2,1,1,6
200500043597,0005-07-26 10:10:00,5,7,26,10,10,60,88.0,"468, MADELEINE (BD DE LA",,,Plein jour,En agglomération,Hors intersection,Normale,Autre collision,,,,,,,,,,,1,2,1,1,6
200500043598,0005-07-26 12:15:00,5,7,26,12,15,60,88.0,"14/16, MALAUSSENA (AV.)",,,Plein jour,En agglomération,Hors intersection,Normale,Autre collision,,,,,,,,,,,1,2,1,1,6
200500043599,0005-07-26 11:15:00,5,7,26,11,15,60,88.0,"0, CALIFORNIE (AV.) (A P",,,Plein jour,En agglomération,Hors intersection,Normale,Deux véhicules - côté,,,,,,,,,,,1,2,1,1,3
200500043600,0005-07-26 17:59:00,5,7,26,17,59,60,88.0,"0, CASSIN (BD RENE)",,,Plein jour,En agglomération,Intersection en T,Normale,Deux véhicules - côté,,,,,,,,,,,1,2,3,1,3
200500043601,0005-07-26 21:00:00,5,7,26,21,0,60,88.0,"62, NAPOLEON III (BD)",,,Crépuscule ou aube,En agglomération,Hors intersection,Normale,Sans collision,,,,,,,,,,,2,2,1,1,7
200500043602,0005-07-27 11:55:00,5,7,27,11,55,60,88.0,"37, BORNALA (AV. DE LA)",,,Plein jour,En agglomération,Hors intersection,Normale,Autre collision,,,,,,,,,,,1,2,1,1,6
200500043603,0005-07-27 12:40:00,5,7,27,12,40,60,88.0,"0, MONT-BORON (BD DU) (A",,,Plein jour,En agglomération,Hors intersection,Normale,Sans collision,,,,,,,,,,,1,2,1,1,7
200500043604,0005-07-27 19:50:00,5,7,27,19,50,60,88.0,"21, DESAMBROIS (AV.)",,,Plein jour,En agglomération,Hors intersection,Normale,Autre collision,,,,,,,,,,,1,2,1,1,6
200500043605,0005-07-27 20:15:00,5,7,27,20,15,60,88.0,"0, TZAREWITCH (BD DU)",,,Plein jour,En agglomération,Intersection en T,Normale,Deux véhicules - côté,,,,,,,,,,,1,2,3,1,3
200500043606,0005-07-27 20:30:00,5,7,27,20,30,60,88.0,"0, CALIFORNIE (AV.) (DU",,,Plein jour,En agglomération,Hors intersection,Normale,Autre collision,,,,,,,,,,,1,2,1,1,6
200500043607,0005-07-27 21:00:00,5,7,27,21,0,60,88.0,"0, GAMBETTA (JUSQU'AU N°",,,Nuit avec éclairage allumé,En agglomération,Intersection en X,Normale,Autre collision,,,,,,,,,,,5,2,2,1,6
200500043608,0005-07-27 17:30:00,5,7,27,17,30,60,159.0,NAPOLEON III (BOULEVARD),,,Plein jour,En agglomération,Hors intersection,Normale,Autre collision,,,,,,,,,,,1,2,1,1,6
200500043609,0005-07-27 00:40:00,5,7,27,0,40,60,88.0,"0, RISSO (BD)",,,Nuit avec éclairage allumé,En agglomération,Hors intersection,Normale,Deux véhicules - côté,,,,,,,,,,,5,2,1,1,3
200500043610,0005-07-28 07:10:00,5,7,28,7,10,60,88.0,"0, SAINT-SYLVESTRE (AV.",,,Plein jour,En agglomération,Hors intersection,Normale,Deux véhicules - côté,,,,,,,,,,,1,2,1,1,3
200500043611,0005-07-28 14:00:00,5,7,28,14,0,60,88.0,"26, CARABACEL (BD)",,,Plein jour,En agglomération,Hors intersection,Normale,Deux véhicules - côté,,,,,,,,,,,1,2,1,1,3
200500043612,0005-07-28 18:45:00,5,7,28,18,45,60,88.0,"0, CALIFORNIE (AV.) (DU",,,Plein jour,En agglomération,Intersection en X,Normale,Trois véhicules et plus - en chaîne,,,,,,,,,,,1,2,2,1,4
200500043613,0005-07-29 12:00:00,5,7,29,12,0,60,88.0,"01, PELLOS (R. FRANCOIS)",,,Plein jour,En agglomération,Hors intersection,Normale,Sans collision,,,,,,,,,,,1,2,1,1,7
200500043614,0005-07-29 12:35:00,5,7,29,12,35,60,88.0,"275, CALIFORNIE (AV.) (A",,,Plein jour,En agglomération,Hors intersection,Normale,Deux véhicules - côté,,,,,,,,,,,1,2,1,1,3
200500043615,0005-07-29 16:30:00,5,7,29,16,30,60,88.0,"264, SAINT-ANTOINE (RTE",,,Plein jour,En agglomération,Hors intersection,Normale,Trois véhicules et plus - collisions multiples,,,,,,,,,,,1,2,1,1,5
200500043616,0005-07-29 18:45:00,5,7,29,18,45,60,88.0,"0, TIRANTY (R. EMMA ET P",,,Plein jour,En agglomération,Intersection en X,Normale,Deux véhicules - côté,,,,,,,,,,,1,2,2,1,3
200500043617,0005-07-29 20:10:00,5,7,29,20,10,60,88.0,"167, CALIFORNIE (AV.) (D",,,Plein jour,En agglomération,Hors intersection,Normale,Trois véhicules et plus - collisions multiples,,,,,,,,,,,1,2,1,1,5
200500043618,0005-07-30 08:10:00,5,7,30,8,10,60,88.0,"0, THIERS (AV.)",,,Plein jour,En agglomération,Intersection en T,Normale,Deux véhicules - côté,,,,,,,,,,,1,2,3,1,3
200500043619,0005-07-31 01:38:00,5,7,31,1,38,60,88.0,"0, ANGLAIS (DU N° 265 AU",,,Nuit avec éclairage allumé,En agglomération,Intersection en X,Normale,Trois véhicules et plus - collisions multiples,,,,,,,,,,,5,2,2,1,5
200500043620,0005-07-31 09:00:00,5,7,31,9,0,60,88.0,"0, VAUBAN (R. MARECHAL)",,,Plein jour,En agglomération,Intersection en X,Normale,Deux véhicules - côté,,,,,,,,,,,1,2,2,1,3
200500043621,0005-07-31 11:45:00,5,7,31,11,45,60,88.0,"0, BEAL (RUE DU)",,,Plein jour,En agglomération,Intersection en X,Normale,Deux véhicules - côté,,,,,,,,,,,1,2,2,1,3
200500043622,0005-07-02 04:55:00,5,7,2,4,55,70,10.0,JANVIER (RUE FERDINAND),,,Nuit avec éclairage allumé,En agglomération,Hors intersection,Normale,Deux véhicules - frontale,,,,,,,,,,,5,2,1,1,1
200500043623,0005-07-26 14:05:00,5,7,26,14,5,70,10.0,LEVERT (ROUTE DU JARDIN),,,Plein jour,En agglomération,Hors intersection,Normale,Deux véhicules - frontale,,,,,,,,,,,1,2,1,1,1
200500043624,0005-07-12 09:35:00,5,7,12,9,35,70,10.0,"5, JANVIER (RUE FERDINAN",,,Plein jour,En agglomération,Hors intersection,Normale,Sans collision,,,,,,,,,,,1,2,1,1,7
200500043625,0005-07-14 20:03:00,5,7,14,20,3,70,229.0,RN102,,,Plein jour,En agglomération,Hors intersection,Normale,Sans collision,,,,,,,,,,,1,2,1,1,7
200500043626,0005-07-02 13:00:00,5,7,2,13,0,70,102.0,"317, REPUBLIQUE (AV. DE",,,Plein jour,En agglomération,Hors intersection,Normale,Deux véhicules - côté,,,,,,,,,,,1,2,1,1,3
200500043627,0005-07-01 10:15:00,5,7,1,10,15,70,102.0,"1449, REPUBLIQUE (AV.DE",,,Plein jour,En agglomération,Hors intersection,Normale,Autre collision,,,,,,,,,,,1,2,1,1,6
200500043628,0005-07-19 20:00:00,5,7,19,20,0,70,102.0,"938, BEAUCAIRE (AVENUE D",,,Plein jour,En agglomération,Hors intersection,Normale,Sans collision,,,,,,,,,,,1,2,1,1,7
200500043629,0005-07-21 12:25:00,5,7,21,12,25,70,281.0,MARCALE (RUE DE),,,Plein jour,En agglomération,Hors intersection,Normale,Sans collision,,,,,,,,,,,1,2,1,1,7
200500043630,0005-07-06 23:45:00,5,7,6,23,45,80,105.0,"1, BRUXELLE R.",,,Nuit avec éclairage allumé,En agglomération,Intersection en X,Normale,Deux véhicules - côté,,,,,,,,,,,5,2,2,1,3
200500043631,0005-07-08 14:05:00,5,7,8,14,5,80,497.0,PIERQUIN L. BOULEVARD,,,Plein jour,En agglomération,Hors intersection,Normale,Deux véhicules - côté,,,,,,,,,,,1,2,1,1,3
200500043632,0005-07-10 08:00:00,5,7,10,8,0,80,105.0,"24, JAURES J. AVENUE",,,Plein jour,En agglomération,Hors intersection,Normale,Autre collision,,,,,,,,,,,1,2,1,1,6
200500043633,0005-07-10 09:30:00,5,7,10,9,30,80,497.0,RN43,,,Plein jour,Hors agglomération,Hors intersection,Normale,Deux véhicules - frontale,,,,,,,,,,,1,1,1,1,1
200500043634,0005-07-10 17:45:00,5,7,10,17,45,80,497.0,THIS ROUTE,,,Plein jour,Hors agglomération,Hors intersection,Normale,Deux véhicules - arrière,,,,,,,,,,,1,1,1,1,2
200500043635,0005-07-14 21:30:00,5,7,14,21,30,80,480.0,NATIONALE ROUTE,,,Crépuscule ou aube,En agglomération,Intersection en T,Normale,Deux véhicules - côté,,,,,,,,,,,2,2,3,1,3
200500043636,0005-07-24 02:29:00,5,7,24,2,29,80,105.0,"1, PAGNOL M.",,,Nuit sans éclairage public,En agglomération,Hors intersection,Normale,Autre collision,,,,,,,,,,,3,2,1,1,6
200500043637,0005-07-25 14:25:00,5,7,25,14,25,80,105.0,DE GAULLE AVENUE,,,Plein jour,En agglomération,Hors intersection,Normale,Deux véhicules - côté,,,,,,,,,,,1,2,1,1,3
200500043638,0005-07-24 06:10:00,5,7,24,6,10,80,105.0,"1, FORGES SAINT CHARLES",,,Plein jour,En agglomération,Hors intersection,Normale,Autre collision,,,,,,,,,,,1,2,1,1,6
200500043639,0005-07-26 01:50:00,5,7,26,1,50,80,105.0,MONTHERME,,,Nuit avec éclairage allumé,En agglomération,Hors intersection,Normale,Autre collision,,,,,,,,,,,5,2,1,1,6
200500043640,0005-07-27 16:25:00,5,7,27,16,25,80,105.0,"1, MEILLIER FONTAINE",,,Plein jour,En agglomération,Hors intersection,Normale,Sans collision,,,,,,,,,,,1,2,1,1,7
200500043641,0005-07-28 18:35:00,5,7,28,18,35,80,105.0,"42, DEHUZ L.",,,Plein jour,En agglomération,Hors intersection,Normale,Deux véhicules - frontale,,,,,,,,,,,1,2,1,1,1
200500043642,0005-07-12 20:40:00,5,7,12,20,40,80,409.0,"27, TORCY (PLACE DE)",,,Plein jour,En agglomération,Intersection en X,Normale,Trois véhicules et plus - collisions multiples,,,,,,,,,,,1,2,2,1,5
200500043643,0005-07-04 14:00:00,5,7,4,14,0,90,122.0,"32, BARCELONE (AVENUE DE",,,Plein jour,Hors agglomération,Hors intersection,Pluie légère,Deux véhicules - arrière,,,,,,,,,,,1,1,1,2,2
200500043644,0005-07-05 14:45:00,5,7,5,14,45,90,122.0,LECLERC (AVENUE DU GENER,,,Plein jour,En agglomération,Hors intersection,Normale,Trois véhicules et plus - collisions multiples,,,,,,,,,,,1,2,1,1,5
200500043645,0005-07-06 20:35:00,5,7,6,20,35,90,122.0,LECLERC (AVENUE DU GENER,,,Crépuscule ou aube,En agglomération,Hors intersection,Pluie légère,Deux véhicules - arrière,,,,,,,,,,,2,2,1,2,2
200500043646,0005-07-29 00:10:00,5,7,29,0,10,90,122.0,"24, DE GAULLE (AVENUE DU",,,Nuit avec éclairage allumé,En agglomération,Hors intersection,Normale,Sans collision,,,,,,,,,,,5,2,1,1,7
200500043647,0005-07-11 19:45:00,5,7,11,19,45,90,225.0,TOULOUSE ROUTE DE,,,Plein jour,Hors agglomération,Hors intersection,Normale,Deux véhicules - arrière,,,,,,,,,,,1,1,1,1,2
200500043648,0005-07-12 12:55:00,5,7,12,12,55,90,225.0,"21, ARIEGE AVENUE DE L'",,,Plein jour,En agglomération,Hors intersection,Normale,Deux véhicules - arrière,,,,,,,,,,,1,2,1,1,2
200500043649,0005-07-12 20:05:00,5,7,12,20,5,90,225.0,"21, FOIX AVENUE DE",,,Plein jour,En agglomération,Hors intersection,Normale,Deux véhicules - arrière,,,,,,,,,,,1,2,1,1,2
200500043650,0005-07-14 14:07:00,5,7,14,14,7,90,225.0,DELCASSE BOULEVARD,,,Plein jour,En agglomération,Autre intersection,Normale,Deux véhicules - côté,,,,,,,,,,,1,2,9,1,3
200500043651,0005-07-02 10:05:00,5,7,2,10,5,100,333.0,"117, AUXERRE (ROUTE)",,,Plein jour,En agglomération,Hors intersection,Normale,Trois véhicules et plus - collisions multiples,,,,,,,,,,,1,2,1,1,5
200500043652,0005-07-05 12:05:00,5,7,5,12,5,100,387.0,"250, FAUBOURG CRONCELS (",,,Plein jour,En agglomération,Hors intersection,Normale,Autre collision,,,,,,,,,,,1,2,1,1,6
200500043653,0005-07-05 15:20:00,5,7,5,15,20,100,297.0,ANATOLE FRANCE (RUE),,,Plein jour,En agglomération,Hors intersection,Normale,Deux véhicules - frontale,,,,,,,,,,,1,2,1,1,1
200500043654,0005-07-10 06:15:00,5,7,10,6,15,100,81.0,ROCADE OUEST,,,Plein jour,Hors agglomération,Hors intersection,Normale,Deux véhicules - arrière,,,,,,,,,,,1,1,1,1,2
200500043655,0005-07-14 18:50:00,5,7,14,18,50,100,387.0,WOOD ET WEST (RUE),,,Plein jour,En agglomération,Giratoire,Normale,Deux véhicules - côté,,,,,,,,,,,1,2,6,1,3
200500043656,0005-07-27 15:05:00,5,7,27,15,5,100,333.0,"000, CHARLES DE REFUGE (",,,Plein jour,En agglomération,Intersection en T,Normale,Deux véhicules - côté,,,,,,,,,,,1,2,3,1,3
200500043657,0005-07-24 21:55:00,5,7,24,21,55,100,362.0,GENERAL GALLIENI (RUE DU,,,Nuit avec éclairage allumé,En agglomération,Intersection en T,Normale,Deux véhicules - côté,,,,,,,,,,,5,2,3,1,3
200500043658,0005-07-26 10:05:00,5,7,26,10,5,100,387.0,"1, ARGENCE (RUE)",,,Plein jour,En agglomération,Hors intersection,Normale,Autre collision,,,,,,,,,,,1,2,1,1,6
200500043659,0005-07-29 15:45:00,5,7,29,15,45,100,362.0,OUEST (ROCADE),,,Plein jour,En agglomération,Hors intersection,Pluie forte,Deux véhicules - arrière,,,,,,,,,,,1,2,1,3,2
200500043660,0005-07-28 23:45:00,5,7,28,23,45,100,387.0,BAS TREVOIS (RUE DES),,,Nuit avec éclairage allumé,En agglomération,Hors intersection,Pluie forte,Autre collision,,,,,,,,,,,5,2,1,3,6
200500043661,0005-07-01 15:00:00,5,7,1,15,0,110,69.0,RD 118,,,Plein jour,Hors agglomération,Hors intersection,Normale,Autre collision,,,,,,,,,,,1,1,1,1,6
200500043662,0005-07-03 06:12:00,5,7,3,6,12,110,69.0,"45, MARTY ANTOINE",,,Crépuscule ou aube,En agglomération,Intersection en X,Normale,Deux véhicules - côté,,,,,,,,,,,2,2,2,1,3
200500043663,0005-07-14 21:00:00,5,7,14,21,0,110,69.0,VILLEMOUSTAUSSOU -ROUTE,,,Plein jour,Hors agglomération,Hors intersection,Normale,Autre collision,,,,,,,,,,,1,1,1,1,6
200500043664,0005-07-01 08:50:00,5,7,1,8,50,120,145.0,"03, MERLE ALFRED",,,Plein jour,En agglomération,Hors intersection,Normale,Autre collision,,,,,,,,,,,1,2,1,1,6
200500043665,0005-07-30 14:00:00,5,7,30,14,0,120,145.0,"34, GABRIAC JEAN (BOULEV",,,Plein jour,En agglomération,Hors intersection,Normale,Autre collision,,,,,,,,,,,1,2,1,1,6
200500043666,0005-07-01 18:10:00,5,7,1,18,10,120,176.0,"13, PALOMBES (RUE DES)",,,Plein jour,En agglomération,Hors intersection,Normale,Autre collision,,,,,,,,,,,1,2,1,1,6
200500043667,0005-07-06 12:45:00,5,7,6,12,45,120,202.0,"32, TARAYRE (AVENUE)",,,Plein jour,En agglomération,Hors intersection,Pluie légère,Deux véhicules - côté,,,,,,,,,,,1,2,1,2,3
200500043668,0005-07-15 09:20:00,5,7,15,9,20,120,202.0,TOULOUSE (AVENUE DE),,,Plein jour,En agglomération,Hors intersection,Temps éblouissant,Autre collision,,,,,,,,,,,1,2,1,7,6
200500043669,0005-07-01 01:30:00,5,7,1,1,30,130,1.0,CARNOT (BD),,,Nuit avec éclairage allumé,En agglomération,Intersection en X,Normale,Deux véhicules - côté,,,,,,,,,,,5,2,2,1,3
200500043670,0005-07-01 20:30:00,5,7,1,20,30,130,1.0,"1285, EGUILLES (ROUTE D'",,,Plein jour,En agglomération,Hors intersection,Normale,Deux véhicules - côté,,,,,,,,,,,1,2,1,1,3
200500043671,0005-07-06 10:10:00,5,7,6,10,10,130,1.0,RD9,,,Plein jour,En agglomération,Hors intersection,Normale,Deux véhicules - frontale,,,,,,,,,,,1,2,1,1,1
200500043672,0005-07-09 15:30:00,5,7,9,15,30,130,1.0,RD 63,,,Plein jour,En agglomération,Hors intersection,Normale,Sans collision,,,,,,,,,,,1,2,1,1,7
200500043673,0005-07-08 19:00:00,5,7,8,19,0,130,1.0,ROSTOLANE (AV DE LA),,,Plein jour,En agglomération,Hors intersection,Vent fort / tempête,Deux véhicules - côté,,,,,,,,,,,1,2,1,6,3
200500043674,0005-07-11 11:15:00,5,7,11,11,15,130,1.0,RN 296,,,Plein jour,En agglomération,Hors intersection,Normale,Autre collision,,,,,,,,,,,1,2,1,1,6
200500043675,0005-07-15 17:10:00,5,7,15,17,10,130,1.0,CLUB HIPPIQUE (AV),,,Plein jour,En agglomération,Intersection en X,Normale,Trois véhicules et plus - collisions multiples,,,,,,,,,,,1,2,2,1,5
200500043676,0005-07-17 05:15:00,5,7,17,5,15,130,1.0,"48, GALICE (RTE DE)",,,Nuit avec éclairage allumé,En agglomération,Hors intersection,Normale,Deux véhicules - arrière,,,,,,,,,,,5,2,1,1,2
200500043677,0005-07-21 00:01:00,5,7,21,0,1,130,1.0,BOIS DE L'AUNE (ROTONDE,,,Nuit avec éclairage allumé,En agglomération,Autre intersection,Normale,Sans collision,,,,,,,,,,,5,2,9,1,7
200500043678,0005-07-20 18:30:00,5,7,20,18,30,130,1.0,MALACRIDA HENRI (AV),,,Plein jour,En agglomération,Hors intersection,Normale,Deux véhicules - côté,,,,,,,,,,,1,2,1,1,3
200500043679,0005-07-24 04:45:00,5,7,24,4,45,130,1.0,"16, VIBERT LAURENT (RUE)",,,Nuit avec éclairage allumé,En agglomération,Hors intersection,Normale,Deux véhicules - frontale,,,,,,,,,,,5,2,1,1,1
200500043680,0005-07-24 15:50:00,5,7,24,15,50,130,1.0,SCHUMAN ROBERT (AV),,,Plein jour,En agglomération,Hors intersection,Normale,Autre collision,,,,,,,,,,,1,2,1,1,6
200500043681,0005-07-28 17:15:00,5,7,28,17,15,130,1.0,"2840, RD 63",,,Plein jour,En agglomération,Intersection en T,Normale,Autre collision,,,,,,,,,,,1,2,3,1,6
200500043682,0005-07-07 15:15:00,5,7,7,15,15,130,4.0,STALINGRAD AVENUE DE,,,Plein jour,En agglomération,Hors intersection,Normale,Deux véhicules - arrière,,,,,,,,,,,1,2,1,1,2
200500043683,0005-07-09 19:10:00,5,7,9,19,10,130,4.0,LIBERATION AVENUE DE LA,,,Plein jour,En agglomération,Hors intersection,Normale,Trois véhicules et plus - en chaîne,,,,,,,,,,,1,2,1,1,4
200500043684,0005-07-11 15:25:00,5,7,11,15,25,130,4.0,RN 113,,,Plein jour,En agglomération,Hors intersection,Normale,Deux véhicules - côté,,,,,,,,,,,1,2,1,1,3
200500043685,0005-07-19 08:50:00,5,7,19,8,50,130,4.0,CAMARGUE (R.D.N35A) RUE,,,Plein jour,En agglomération,Hors intersection,Normale,Autre collision,,,,,,,,,,,1,2,1,1,6
200500043686,0005-07-21 08:35:00,5,7,21,8,35,130,4.0,RN 453,,,Plein jour,Hors agglomération,Hors intersection,Normale,Deux véhicules - arrière,,,,,,,,,,,1,1,1,1,2
200500043687,0005-07-22 08:20:00,5,7,22,8,20,130,4.0,LIBERATION AVENUE DE LA,,,Plein jour,En agglomération,Hors intersection,Normale,Deux véhicules - arrière,,,,,,,,,,,1,2,1,1,2
200500043688,0005-07-04 14:05:00,5,7,4,14,5,130,5.0,CD 2 (CAMP MAJOR),,,Plein jour,En agglomération,Hors intersection,Normale,Deux véhicules - côté,,,,,,,,,,,1,2,1,1,3
200500043689,0005-07-08 13:30:00,5,7,8,13,30,130,5.0,PAGNOL (AVENUE MARCEL),,,Plein jour,En agglomération,Autre intersection,Normale,Deux véhicules - frontale,,,,,,,,,,,1,2,9,1,1
200500043690,0005-07-12 19:50:00,5,7,12,19,50,130,5.0,CD 2 (CAMP MAJOR),,,Plein jour,En agglomération,Hors intersection,Temps éblouissant,Deux véhicules - côté,,,,,,,,,,,1,2,1,7,3
200500043691,0005-07-30 10:30:00,5,7,30,10,30,130,5.0,CD 2 (CAMP MAJOR),,,Plein jour,En agglomération,Hors intersection,Normale,Deux véhicules - frontale,,,,,,,,,,,1,2,1,1,1
200500043692,0005-07-12 00:53:00,5,7,12,0,53,130,28.0,"8, KENNEDY (AVENUE PRESI",,,Nuit avec éclairage allumé,En agglomération,Hors intersection,Normale,Deux véhicules - arrière,,,,,,,,,,,5,2,1,1,2
200500043693,0005-07-11 09:50:00,5,7,11,9,50,130,28.0,BODIN (AVENUE EMILE),,,Plein jour,En agglomération,Hors intersection,Normale,Deux véhicules - côté,,,,,,,,,,,1,2,1,1,3
200500043694,0005-07-15 00:09:00,5,7,15,0,9,130,28.0,BODIN (AVENUE EMILE),,,Nuit avec éclairage allumé,En agglomération,Intersection en X,Normale,Deux véhicules - frontale,,,,,,,,,,,5,2,2,1,1
200500043695,0005-07-24 02:35:00,5,7,24,2,35,130,28.0,DE GAULLE (QUAI GENERAL,,,Nuit avec éclairage allumé,En agglomération,Hors intersection,Normale,Deux véhicules - côté,,,,,,,,,,,5,2,1,1,3
200500043696,0005-07-24 17:00:00,5,7,24,17,0,130,28.0,CRETES (ROUTES DES),,,Plein jour,En agglomération,Hors intersection,Normale,Deux véhicules - frontale,,,,,,,,,,,1,2,1,1,1
200500043697,0005-07-28 19:00:00,5,7,28,19,0,130,28.0,FONTSAINTE (IMPASSE DE),,,Plein jour,En agglomération,Autre intersection,Normale,Deux véhicules - arrière,,,,,,,,,,,1,2,9,1,2
200500043698,0005-07-17 11:30:00,5,7,17,11,30,130,28.0,CRETES (ROUTES DES),,,Plein jour,En agglomération,Hors intersection,Normale,Deux véhicules - frontale,,,,,,,,,,,1,2,1,1,1
200500043699,0005-07-15 23:05:00,5,7,15,23,5,130,47.0,"80, JEAN JACQUES PRAT BO",,,Nuit avec éclairage allumé,En agglomération,Hors intersection,Normale,Deux véhicules - arrière,,,,,,,,,,,5,2,1,1,2
200500043700,0005-07-02 08:50:00,5,7,2,8,50,130,43.0,ROUTE NATIONALE 368,,,Plein jour,En agglomération,Hors intersection,Normale,Deux véhicules - côté,,,,,,,,,,,1,2,1,1,3
200500043701,0005-07-06 18:25:00,5,7,6,18,25,130,43.0,VENTURA  AVENUE LINO,,,Plein jour,En agglomération,Intersection en X,Normale,Deux véhicules - côté,,,,,,,,,,,1,2,2,1,3
200500043702,0005-07-31 11:47:00,5,7,31,11,47,130,54.0,CD 9,,,Plein jour,En agglomération,Hors intersection,Normale,Trois véhicules et plus - en chaîne,,,,,,,,,,,1,2,1,1,4
200500043703,0005-07-21 19:40:00,5,7,21,19,40,130,43.0,RN 368,,,Plein jour,Hors agglomération,Hors intersection,Normale,Deux véhicules - arrière,,,,,,,,,,,1,1,1,1,2
200500043704,0005-07-27 14:15:00,5,7,27,14,15,130,43.0,"36, DUNANT  AVENUE HENRI",,,Plein jour,Hors agglomération,Hors intersection,Normale,Deux véhicules - arrière,,,,,,,,,,,1,1,1,1,2
200500043705,0005-07-25 16:25:00,5,7,25,16,25,130,43.0,LIBERATION (BOULEVARD DE,,,Plein jour,En agglomération,Intersection en T,Normale,Deux véhicules - côté,,,,,,,,,,,1,2,3,1,3
200500043706,0005-07-28 19:40:00,5,7,28,19,40,130,54.0,KENNEDY  AVE PRESIDENT,,,Plein jour,En agglomération,Intersection en X,Normale,Deux véhicules - côté,,,,,,,,,,,1,2,2,1,3
200500043707,0005-07-29 17:55:00,5,7,29,17,55,130,54.0,BARRELET  AVENUE HENRI,,,Plein jour,En agglomération,Intersection en T,Normale,Deux véhicules - côté,,,,,,,,,,,1,2,3,1,3
200500043708,0005-07-02 17:00:00,5,7,2,17,0,130,55.0,"391, SAINT ANTOI (CHEMIN",,,Plein jour,En agglomération,Hors intersection,Normale,Deux véhicules - côté,,,,,,,,,,,1,2,1,1,3
200500043709,0005-07-04 16:40:00,5,7,4,16,40,130,55.0,LYON (RUE DE),,,Plein jour,En agglomération,Hors intersection,Normale,Deux véhicules - côté,,,,,,,,,,,1,2,1,1,3
200500043710,0005-07-04 22:00:00,5,7,4,22,0,130,55.0,"000, FR. ROOSEVELT (COUR",,,Nuit avec éclairage allumé,En agglomération,Hors intersection,Normale,Deux véhicules - frontale,,,,,,,,,,,5,2,1,1,1
200500043711,0005-07-02 15:15:00,5,7,2,15,15,130,55.0,"168, SAINT MARCE (BD DE)",,,Plein jour,En agglomération,Hors intersection,Pluie légère,Deux véhicules - côté,,,,,,,,,,,1,2,1,2,3