accident_id,datetime,annee,mois,jour,heure,minute,departement,commune_insee,adresse,latitude,longitude,luminosite,agglomeration,intersection,meteo,collision,nb_vehicules,nb_usagers,nb_indemnes,nb_tues,nb_blesses_hosp,nb_blesses_legers,age_cond_1,age_cond_2,veh_type_cond_1,veh_type_cond_2,lum_code,agg_code,int_code,atm_code,col_code
200500043973,0005-07-24 05:00:00,5,7,24,5,0,130,55.0,SAINTE (RUE),,,Crépuscule ou aube,En agglomération,Intersection en X,Normale,Deux véhicules - côté,,,,,,,,,,,2,2,2,1,3
200500043974,0005-07-31 15:00:00,5,7,31,15,0,130,55.0,DAVID (ROND POINT DE),,,Plein jour,En agglomération,Hors intersection,Normale,Autre collision,,,,,,,,,,,1,2,1,1,6
200500043975,0005-07-29 17:40:00,5,7,29,17,40,130,55.0,ALEX. FLEMING (BD),,,Plein jour,En agglomération,Hors intersection,Normale,Autre collision,,,,,,,,,,,1,2,1,1,6
200500043976,0005-07-23 13:35:00,5,7,23,13,35,130,55.0,ARMENY (RUE D'),,,Plein jour,En agglomération,Hors intersection,Normale,Autre collision,,,,,,,,,,,1,2,1,1,6
200500043977,0005-07-05 15:45:00,5,7,5,15,45,130,55.0,CATALANS (RUE DES),,,Plein jour,En agglomération,Hors intersection,Normale,Autre collision,,,,,,,,,,,1,2,1,1,6
200500043978,0005-07-11 11:20:00,5,7,11,11,20,130,55.0,"64, PIERRE BERANGER (RUE",,,Plein jour,En agglomération,Hors intersection,Normale,Autre collision,,,,,,,,,,,1,2,1,1,6
200500043979,0005-07-02 11:40:00,5,7,2,11,40,130,55.0,SAINTE (RUE),,,Plein jour,En agglomération,Intersection en X,Normale,Deux véhicules - côté,,,,,,,,,,,1,2,2,1,3
200500043980,0005-07-12 19:10:00,5,7,12,19,10,130,55.0,"93, CHUTES LAVI (AVENUE)",,,Plein jour,En agglomération,Intersection en T,Normale,Deux véhicules - côté,,,,,,,,,,,1,2,3,1,3
200500043981,0005-07-13 11:00:00,5,7,13,11,0,130,55.0,VERTUS (RUE DES),,,Plein jour,En agglomération,Intersection en X,Normale,Deux véhicules - côté,,,,,,,,,,,1,2,2,1,3
200500043982,0005-07-27 14:30:00,5,7,27,14,30,130,55.0,LIEUTAUD (COURS 1ER),,,Plein jour,En agglomération,Hors intersection,Normale,Deux véhicules - frontale,,,,,,,,,,,1,2,1,1,1
200500043983,0005-07-03 13:15:00,5,7,3,13,15,130,55.0,KE (CORNICHE),,,Plein jour,En agglomération,Hors intersection,Normale,Autre collision,,,,,,,,,,,1,2,1,1,6
200500043984,0005-07-05 11:30:00,5,7,5,11,30,130,55.0,"60, LEAU (BD)",,,Plein jour,En agglomération,Hors intersection,Normale,Autre collision,,,,,,,,,,,1,2,1,1,6
200500043985,0005-07-03 00:11:00,5,7,3,0,11,130,56.0,TURCAN FRANCIS,,,Nuit avec éclairage allumé,En agglomération,Hors intersection,Normale,Trois véhicules et plus - en chaîne,,,,,,,,,,,5,2,1,1,4
200500043986,0005-07-03 23:20:00,5,7,3,23,20,130,77.0,RN 568,,,Nuit avec éclairage allumé,En agglomération,Hors intersection,Normale,Deux véhicules - arrière,,,,,,,,,,,5,2,1,1,2
200500043987,0005-07-17 00:01:00,5,7,17,0,1,130,77.0,TURENNE (rue),,,Nuit avec éclairage allumé,En agglomération,Hors intersection,Normale,Autre collision,,,,,,,,,,,5,2,1,1,6
200500043988,0005-07-14 23:22:00,5,7,14,23,22,130,56.0,"5, ALSACE LORRAINE QUAI",,,Nuit avec éclairage allumé,En agglomération,Hors intersection,Normale,Sans collision,,,,,,,,,,,5,2,1,1,7
200500043989,0005-07-20 08:00:00,5,7,20,8,0,130,56.0,ALSACE LORRAINE QUAI,,,Plein jour,En agglomération,Hors intersection,Normale,Autre collision,,,,,,,,,,,1,2,1,1,6
200500043990,0005-07-17 07:50:00,5,7,17,7,50,130,39.0,RN 568,,,Crépuscule ou aube,Hors agglomération,Hors intersection,Normale,Autre collision,,,,,,,,,,,2,1,1,1,6
200500043991,0005-07-03 18:55:00,5,7,3,18,55,130,103.0,RN 113,,,Plein jour,En agglomération,Intersection en T,Normale,Deux véhicules - arrière,,,,,,,,,,,1,2,3,1,2
200500043992,0005-07-09 11:50:00,5,7,9,11,50,130,103.0,ROUTE D'ARLES-RN 113,,,Plein jour,En agglomération,Hors intersection,Normale,Deux véhicules - frontale,,,,,,,,,,,1,2,1,1,1
200500043993,0005-07-09 15:35:00,5,7,9,15,35,130,103.0,"115, RUE AUBANEL-THEODOR",,,Plein jour,En agglomération,Hors intersection,Normale,Autre collision,,,,,,,,,,,1,2,1,1,6
200500043994,0005-07-11 09:30:00,5,7,11,9,30,130,103.0,"146, TAMARIS -PROMENADE",,,Plein jour,En agglomération,Hors intersection,Normale,Autre collision,,,,,,,,,,,1,2,1,1,6
200500043995,0005-07-24 03:30:00,5,7,24,3,30,130,103.0,RTE D' EYGUIERES-RD 17,,,Nuit avec éclairage allumé,En agglomération,Hors intersection,Normale,Autre collision,,,,,,,,,,,5,2,1,1,6
200500043996,0005-07-01 07:50:00,5,7,1,7,50,130,71.0,ROUTE NATIONALE 113 - CA,,,Plein jour,En agglomération,Hors intersection,Normale,Deux véhicules - côté,,,,,,,,,,,1,2,1,1,3
200500043997,0005-07-05 09:15:00,5,7,5,9,15,130,117.0,SEGOBRIGES ( PASSAGE DES,,,Plein jour,En agglomération,Intersection en X,Normale,Trois véhicules et plus - collisions multiples,,,,,,,,,,,1,2,2,1,5
200500043998,0005-07-06 10:30:00,5,7,6,10,30,130,117.0,"113, ROUTE NATIONALE 113",,,Plein jour,Hors agglomération,Hors intersection,Normale,Deux véhicules - arrière,,,,,,,,,,,1,1,1,1,2
200500043999,0005-07-06 13:00:00,5,7,6,13,0,130,117.0,IKEA (MAGASIN),,,Plein jour,En agglomération,Hors intersection,Normale,Autre collision,,,,,,,,,,,1,2,1,1,6
200500044000,0005-07-08 08:21:00,5,7,8,8,21,130,117.0,"113, ROUTE NATIONALE 113",,,Plein jour,En agglomération,Hors intersection,Normale,Deux véhicules - côté,,,,,,,,,,,1,2,1,1,3
200500044001,0005-07-09 17:40:00,5,7,9,17,40,130,117.0,VIALE ( RUE JEAN-JACQUES,,,Plein jour,En agglomération,Hors intersection,Normale,Deux véhicules - côté,,,,,,,,,,,1,2,1,1,3
200500044002,0005-07-11 14:00:00,5,7,11,14,0,130,71.0,ROUTE NATIONALE 113 - CA,,,Plein jour,Hors agglomération,Giratoire,Normale,Deux véhicules - arrière,,,,,,,,,,,1,1,6,1,2
200500044003,0005-07-12 18:45:00,5,7,12,18,45,130,117.0,"XX, CHEMIN DEPARTEMENTAL",,,Plein jour,Hors agglomération,Hors intersection,Normale,Autre collision,,,,,,,,,,,1,1,1,1,6
200500044004,0005-07-15 16:50:00,5,7,15,16,50,130,71.0,ROUTE NATIONALE 368 (PLA,,,Plein jour,Hors agglomération,Hors intersection,Normale,Deux véhicules - arrière,,,,,,,,,,,1,1,1,1,2
200500044005,0005-07-19 14:07:00,5,7,19,14,7,130,117.0,EUROPE ( AVENUE DE L' ),,,Plein jour,En agglomération,Hors intersection,Normale,Deux véhicules - arrière,,,,,,,,,,,1,2,1,1,2
200500044006,0005-07-19 17:44:00,5,7,19,17,44,130,117.0,EUROPE ( AVENUE DE L' ),,,Plein jour,En agglomération,Hors intersection,Normale,Trois véhicules et plus - collisions multiples,,,,,,,,,,,1,2,1,1,5
200500044007,0005-07-21 09:00:00,5,7,21,9,0,130,71.0,CD 543,,,Plein jour,En agglomération,Hors intersection,Normale,Trois véhicules et plus - collisions multiples,,,,,,,,,,,1,2,1,1,5
200500044008,0005-07-22 20:20:00,5,7,22,20,20,130,117.0,EUROPE ( AVENUE DE L' ),,,Plein jour,En agglomération,Intersection en X,Normale,Deux véhicules - côté,,,,,,,,,,,1,2,2,1,3
200500044009,0005-07-25 17:15:00,5,7,25,17,15,130,117.0,"XX, MONNET ( AVENUE JEAN",,,Plein jour,En agglomération,Hors intersection,Normale,Trois véhicules et plus - collisions multiples,,,,,,,,,,,1,2,1,1,5
200500044010,0005-07-26 18:45:00,5,7,26,18,45,130,71.0,ROUTE NATIONALE 113 - GA,,,Plein jour,En agglomération,Hors intersection,Normale,Deux véhicules - côté,,,,,,,,,,,1,2,1,1,3
200500044011,0005-07-29 22:00:00,5,7,29,22,0,130,71.0,"XX, PLAN DE CAMPAGNE (AV",,,Nuit avec éclairage allumé,Hors agglomération,Hors intersection,Normale,Deux véhicules - arrière,,,,,,,,,,,5,1,1,1,2
200500044012,0005-07-30 15:10:00,5,7,30,15,10,130,71.0,CD 543,,,Plein jour,Hors agglomération,Hors intersection,Normale,Deux véhicules - arrière,,,,,,,,,,,1,1,1,1,2
200500044013,0005-07-30 20:06:00,5,7,30,20,6,130,71.0,"xx, CHEMIN DEPARTEMENTAL",,,Plein jour,En agglomération,Hors intersection,Normale,Autre collision,,,,,,,,,,,1,2,1,1,6
200500044014,0005-07-31 14:55:00,5,7,31,14,55,130,71.0,"XX, ROUTE NATIONALE 368",,,Plein jour,Hors agglomération,Autre intersection,Normale,Trois véhicules et plus - collisions multiples,,,,,,,,,,,1,1,9,1,5
200500044015,0005-07-01 23:15:00,5,7,1,23,15,140,327.0,CD N° 515 (ROUTE DE OUIS,,,Nuit avec éclairage allumé,En agglomération,Hors intersection,Pluie légère,Autre collision,,,,,,,,,,,5,2,1,2,6
200500044016,0005-07-03 15:54:00,5,7,3,15,54,140,271.0,ECHANGEUR N° 11 ( SUISSE,,,Plein jour,Hors agglomération,Hors intersection,Normale,Autre collision,,,,,,,,,,,1,1,1,1,6
200500044017,0005-07-04 19:15:00,5,7,4,19,15,140,437.0,ROUEN (ROUTE DE),,,Plein jour,En agglomération,Hors intersection,Normale,Trois véhicules et plus - en chaîne,,,,,,,,,,,1,2,1,1,4
200500044018,0005-07-06 10:30:00,5,7,6,10,30,140,327.0,GRANDE CAVEE (AVENUE DE,,,Plein jour,En agglomération,Intersection en T,Normale,Deux véhicules - côté,,,,,,,,,,,1,2,3,1,3
200500044019,0005-07-06 20:10:00,5,7,6,20,10,140,118.0,"0, ROSEL (ROUTE DE)",,,Plein jour,En agglomération,Intersection en X,Normale,Deux véhicules - frontale,,,,,,,,,,,1,2,2,1,1
200500044020,0005-07-10 17:25:00,5,7,10,17,25,140,118.0,"0, SAINT JEAN (RUE DE 1",,,Plein jour,En agglomération,Hors intersection,Normale,Autre collision,,,,,,,,,,,1,2,1,1,6
200500044021,0005-07-11 15:00:00,5,7,11,15,0,140,118.0,"0, LIBERATION (AVENUE DE",,,Plein jour,En agglomération,Intersection en X,Normale,Deux véhicules - frontale,,,,,,,,,,,1,2,2,1,1
200500044022,0005-07-13 11:50:00,5,7,13,11,50,140,327.0,"0, SOPHIA ANTIPOLIS (RUE",,,Plein jour,En agglomération,Intersection en X,Pluie légère,Autre collision,,,,,,,,,,,1,2,2,2,6
200500044023,0005-07-15 19:50:00,5,7,15,19,50,140,137.0,"0, CAUMONT (ROUTE DE )",,,Plein jour,En agglomération,Intersection en X,Temps éblouissant,Deux véhicules - frontale,,,,,,,,,,,1,2,2,7,1
200500044024,0005-07-16 17:50:00,5,7,16,17,50,140,341.0,VAL (CHEMIN DU),,,Plein jour,En agglomération,Intersection en T,Normale,Deux véhicules - frontale,,,,,,,,,,,1,2,3,1,1
200500044025,0005-07-15 12:20:00,5,7,15,12,20,140,341.0,"0, BLEU (ROND POINT)",,,Plein jour,Hors agglomération,Giratoire,Normale,Deux véhicules - côté,,,,,,,,,,,1,1,6,1,3
200500044026,0005-07-18 15:35:00,5,7,18,15,35,140,118.0,"0, VAUX DE LA FOLIE (RUE",,,Plein jour,En agglomération,Hors intersection,Normale,Sans collision,,,,,,,,,,,1,2,1,1,7
200500044027,0005-07-15 12:25:00,5,7,15,12,25,140,181.0,"0, ESPERANCE (RUE DE L')",,,Plein jour,Hors agglomération,Hors intersection,Normale,Deux véhicules - arrière,,,,,,,,,,,1,1,1,1,2
200500044028,0005-07-18 21:50:00,5,7,18,21,50,140,118.0,"A, SAINT JEAN (RUE DE 1",,,Nuit avec éclairage allumé,En agglomération,Intersection en X,Normale,Deux véhicules - côté,,,,,,,,,,,5,2,2,1,3
200500044029,0005-07-19 20:20:00,5,7,19,20,20,140,301.0,"10, BLEUETS (RUE DES)",,,Plein jour,En agglomération,Intersection en X,Normale,Deux véhicules - côté,,,,,,,,,,,1,2,2,1,3
200500044030,0005-07-21 19:50:00,5,7,21,19,50,140,437.0,ECHANGEUR N° 01 ( PORTE,,,Plein jour,Hors agglomération,Hors intersection,Normale,Deux véhicules - arrière,,,,,,,,,,,1,1,1,1,2
200500044031,0005-07-22 16:25:00,5,7,22,16,25,140,181.0,ECHANGEUR N° 14 ( CORMEL,,,Plein jour,Hors agglomération,Hors intersection,Normale,Deux véhicules - arrière,,,,,,,,,,,1,1,1,1,2
200500044032,0005-07-23 19:54:00,5,7,23,19,54,140,437.0,"0, ROUEN (ROUTE DE)",,,Plein jour,En agglomération,Intersection en X,Normale,Deux véhicules - côté,,,,,,,,,,,1,2,2,1,3
200500044033,0005-07-23 20:40:00,5,7,23,20,40,140,437.0,RD N° 513,,,Plein jour,En agglomération,Hors intersection,Temps couvert,Sans collision,,,,,,,,,,,1,2,1,8,7
200500044034,0005-07-25 08:55:00,5,7,25,8,55,140,118.0,ROUTE DE LION,,,Plein jour,En agglomération,Hors intersection,Temps couvert,Deux véhicules - frontale,,,,,,,,,,,1,2,1,8,1
200500044035,0005-07-26 17:20:00,5,7,26,17,20,140,437.0,MONTALIVET (COURS),,,Plein jour,En agglomération,Intersection en T,Temps couvert,Deux véhicules - côté,,,,,,,,,,,1,2,3,8,3
200500044036,0005-07-26 03:40:00,5,7,26,3,40,140,271.0,ECHANGEUR N° 11 ( SUISSE,,,Nuit sans éclairage public,Hors agglomération,Hors intersection,Normale,Sans collision,,,,,,,,,,,3,1,1,1,7
200500044037,0005-07-28 17:00:00,5,7,28,17,0,140,327.0,"1102, Quartier de la Gra",,,Plein jour,En agglomération,Hors intersection,Normale,Deux véhicules - côté,,,,,,,,,,,1,2,1,1,3
200500044038,0005-07-29 16:05:00,5,7,29,16,5,140,181.0,ROUTE NATIONALE 814,,,Plein jour,En agglomération,Hors intersection,Normale,Trois véhicules et plus - en chaîne,,,,,,,,,,,1,2,1,1,4
200500044039,0005-07-29 17:05:00,5,7,29,17,5,140,137.0,"0, CAUMONT (ROUTE DE )",,,Plein jour,En agglomération,Hors intersection,Normale,Autre collision,,,,,,,,,,,1,2,1,1,6
200500044040,0005-07-30 21:10:00,5,7,30,21,10,140,118.0,GUERINERE (RUE DE LA ),,,Crépuscule ou aube,En agglomération,Intersection en X,Normale,Deux véhicules - côté,,,,,,,,,,,2,2,2,1,3
200500044041,0005-07-06 17:40:00,5,7,6,17,40,140,117.0,"12, GENERAL CASTELNAU (A",,,Plein jour,En agglomération,Intersection en X,Normale,Deux véhicules - côté,,,,,,,,,,,1,2,2,1,3
200500044042,0005-07-09 20:45:00,5,7,9,20,45,140,338.0,"6, CORNICHE (ROUTE DE LA",,,Plein jour,En agglomération,Hors intersection,Temps couvert,Autre collision,,,,,,,,,,,1,2,1,8,6
200500044043,0005-07-15 21:35:00,5,7,15,21,35,140,117.0,"45, MER (AVENUE DE LA)",,,Plein jour,En agglomération,Hors intersection,Normale,Autre collision,,,,,,,,,,,1,2,1,1,6
200500044044,0005-07-11 13:45:00,5,7,11,13,45,140,243.0,"1, HONFLEUR (COTE DE)",,,Plein jour,Hors agglomération,Hors intersection,Normale,Deux véhicules - côté,,,,,,,,,,,1,1,1,1,3
200500044045,0005-07-12 19:35:00,5,7,12,19,35,140,333.0,"23, FOSSES (COURS DES)",,,Plein jour,En agglomération,Hors intersection,Normale,Autre collision,,,,,,,,,,,1,2,1,1,6
200500044046,0005-07-17 08:25:00,5,7,17,8,25,140,333.0,CD513,,,Plein jour,Hors agglomération,Hors intersection,Normale,Deux véhicules - frontale,,,,,,,,,,,1,1,1,1,1
200500044047,0005-07-26 19:30:00,5,7,26,19,30,140,333.0,CD513,,,Plein jour,Hors agglomération,Hors intersection,Pluie légère,Deux véhicules - frontale,,,,,,,,,,,1,1,1,2,1
200500044048,0005-07-06 09:15:00,5,7,6,9,15,140,574.0,D. 159,,,Plein jour,Hors agglomération,Intersection en X,Normale,Deux véhicules - côté,,,,,,,,,,,1,1,2,1,3
200500044049,0005-07-11 21:15:00,5,7,11,21,15,140,366.0,"9, JEAN MACE (RUE)",,,Plein jour,En agglomération,Intersection en X,Normale,Deux véhicules - côté,,,,,,,,,,,1,2,2,1,3
200500044050,0005-07-12 11:20:00,5,7,12,11,20,140,366.0,"27, HENRY CHERON (RUE)",,,Plein jour,En agglomération,Intersection en X,Normale,Autre collision,,,,,,,,,,,1,2,2,1,6
200500044051,0005-07-17 19:35:00,5,7,17,19,35,140,366.0,"33, REPUBLIQUE (PLACE DE",,,Plein jour,En agglomération,Intersection en X,Normale,Deux véhicules - côté,,,,,,,,,,,1,2,2,1,3
200500044052,0005-07-21 12:20:00,5,7,21,12,20,140,574.0,DIVES (D.45 route de),,,Plein jour,Hors agglomération,Hors intersection,Normale,Deux véhicules - frontale,,,,,,,,,,,1,1,1,1,1
200500044053,0005-07-28 16:35:00,5,7,28,16,35,140,366.0,"19, PONT MORTAIN (RUE)",,,Plein jour,En agglomération,Hors intersection,Normale,Autre collision,,,,,,,,,,,1,2,1,1,6
200500044054,0005-07-30 14:20:00,5,7,30,14,20,140,366.0,"0, ESPERANCE (POLE D'ACT",,,Plein jour,En agglomération,Autre intersection,Normale,Autre collision,,,,,,,,,,,1,2,9,1,6
200500044055,0005-07-20 14:30:00,5,7,20,14,30,140,220.0,"102, VERDUN (RUE DE)",,,Plein jour,En agglomération,Hors intersection,Normale,Deux véhicules - côté,,,,,,,,,,,1,2,1,1,3
200500044056,0005-07-30 05:00:00,5,7,30,5,0,140,79.0,TOURGEVILLE (ROUTE DE),,,Nuit sans éclairage public,Hors agglomération,Hors intersection,Normale,Sans collision,,,,,,,,,,,3,1,1,1,7
200500044057,0005-07-01 18:25:00,5,7,1,18,25,150,14.0,"40, DOUMER (AVENUE PAUL)",,,Plein jour,En agglomération,Hors intersection,Temps couvert,Autre collision,,,,,,,,,,,1,2,1,8,6
200500044058,0005-07-05 09:40:00,5,7,5,9,40,150,14.0,"7bis, SQUARE (PLACE DU)",,,Plein jour,En agglomération,Hors intersection,Normale,Autre collision,,,,,,,,,,,1,2,1,1,6
200500044059,0005-07-20 15:30:00,5,7,20,15,30,150,14.0,"39, PUPILLES DE LA NATIO",,,Plein jour,En agglomération,Hors intersection,Normale,Deux véhicules - arrière,,,,,,,,,,,1,2,1,1,2
200500044060,0005-07-30 23:30:00,5,7,30,23,30,150,12.0,CONROS (LIEU-DIT),,,Nuit avec éclairage allumé,Hors agglomération,Hors intersection,Normale,Autre collision,,,,,,,,,,,5,1,1,1,6
200500044061,0005-07-02 03:00:00,5,7,2,3,0,160,15.0,"290, BASSEAU (RUE DE N°",,,Nuit avec éclairage allumé,En agglomération,Hors intersection,Normale,Autre collision,,,,,,,,,,,5,2,1,1,6
200500044062,0005-07-04 10:50:00,5,7,4,10,50,160,113.0,"0, BREUTY (ROUTE DE)",,,Plein jour,En agglomération,Hors intersection,Normale,Autre collision,,,,,,,,,,,1,2,1,1,6
200500044063,0005-07-05 05:30:00,5,7,5,5,30,160,358.0,"105, PRIOLAUD (RUE JEAN",,,Crépuscule ou aube,En agglomération,Hors intersection,Normale,Autre collision,,,,,,,,,,,2,2,1,1,6
200500044064,0005-07-12 05:20:00,5,7,12,5,20,160,358.0,"62, PRIOLAUD (RUE JEAN E",,,Nuit avec éclairage allumé,Hors agglomération,Hors intersection,Normale,Deux véhicules - arrière,,,,,,,,,,,5,1,1,1,2
200500044065,0005-07-24 05:15:00,5,7,24,5,15,160,15.0,"168, REPUBLIQUE (BOULEVA",,,Nuit avec éclairage allumé,En agglomération,Hors intersection,Normale,Autre collision,,,,,,,,,,,5,2,1,1,6
200500044066,0005-07-27 13:50:00,5,7,27,13,50,160,15.0,"265, NAVARRE (AVENUE DE)",,,Plein jour,En agglomération,Hors intersection,Normale,Autre collision,,,,,,,,,,,1,2,1,1,6
200500044067,0005-07-29 23:10:00,5,7,29,23,10,160,291.0,"0, Route Nationale 141",,,Nuit sans éclairage public,Hors agglomération,Hors intersection,Normale,Trois véhicules et plus - collisions multiples,,,,,,,,,,,3,1,1,1,5
200500044068,0005-07-30 15:35:00,5,7,30,15,35,160,113.0,"0, RN 10 -DEVIATION-",,,Plein jour,Hors agglomération,Hors intersection,Normale,Sans collision,,,,,,,,,,,1,1,1,1,7
200500044069,0005-07-15 09:05:00,5,7,15,9,5,160,102.0,"35, SAINT JEAN D'ANGELY",,,Plein jour,En agglomération,Intersection en T,Normale,Deux véhicules - côté,,,,,,,,,,,1,2,3,1,3
200500044070,0005-07-03 18:55:00,5,7,3,18,55,170,299.0,"1729904, BIIGNON BOULEVA",,,Plein jour,En agglomération,Hors intersection,Normale,Deux véhicules - côté,,,,,,,,,,,1,2,1,1,3
200500044071,0005-07-06 00:20:00,5,7,6,0,20,170,299.0,"172990204, LA FAYETTE RU",,,Nuit avec éclairage allumé,En agglomération,Intersection en X,Normale,Autre collision,,,,,,,,,,,5,2,2,1,6
200500044072,0005-07-09 10:45:00,5,7,9,10,45,170,299.0,"172990319, RIBELL RUE AM",,,Plein jour,En agglomération,Intersection en X,Normale,Deux véhicules - côté,,,,,,,,,,,1,2,2,1,3
200500044073,0005-07-28 11:20:00,5,7,28,11,20,170,299.0,"172990048, BIIGNON BOULE",,,Plein jour,En agglomération,Intersection en X,Normale,Deux véhicules - côté,,,,,,,,,,,1,2,2,1,3
200500044074,0005-07-01 22:45:00,5,7,1,22,45,170,300.0,"01, SIMENON   QUAI GEORG",,,Nuit avec éclairage allumé,En agglomération,Intersection en X,Normale,Deux véhicules - côté,,,,,,,,,,,5,2,2,1,3
200500044075,0005-07-04 22:40:00,5,7,4,22,40,170,200.0,"00, MOISY   AVENUE DU RE",,,Nuit avec éclairage allumé,En agglomération,Hors intersection,Normale,Autre collision,,,,,,,,,,,5,2,1,1,6
200500044076,0005-07-05 14:15:00,5,7,5,14,15,170,200.0,"15, VOILIERS   RUE DES",,,Plein jour,En agglomération,Intersection en T,Normale,Deux véhicules - côté,,,,,,,,,,,1,2,3,1,3
200500044077,0005-07-06 22:10:00,5,7,6,22,10,170,300.0,"15, QUATORZE JUILLET   A",,,Nuit avec éclairage allumé,En agglomération,Hors intersection,Normale,Deux véhicules - côté,,,,,,,,,,,5,2,1,1,3
200500044078,0005-07-08 01:25:00,5,7,8,1,25,170,28.0,"28, LYSIACK   AVENUE DU",,,Nuit avec éclairage allumé,En agglomération,Hors intersection,Normale,Autre collision,,,,,,,,,,,5,2,1,1,6
200500044079,0005-07-08 18:00:00,5,7,8,18,0,170,300.0,"02, LECLERC   AVENUE DU",,,Plein jour,En agglomération,Intersection en T,Normale,Deux véhicules - côté,,,,,,,,,,,1,2,3,1,3
200500044080,0005-07-08 18:01:00,5,7,8,18,1,170,300.0,"25, JOFFRE   BOULEVARD (",,,Crépuscule ou aube,En agglomération,Hors intersection,Normale,Deux véhicules - côté,,,,,,,,,,,2,2,1,1,3
200500044081,0005-07-10 11:52:00,5,7,10,11,52,170,300.0,"20, RESISTANCE   AVENUE",,,Plein jour,Hors agglomération,Intersection en X,Normale,Deux véhicules - côté,,,,,,,,,,,1,1,2,1,3
200500044082,0005-07-10 17:50:00,5,7,10,17,50,170,300.0,MAUBEC   QUAI,,,Plein jour,En agglomération,Hors intersection,Normale,Deux véhicules - côté,,,,,,,,,,,1,2,1,1,3
200500044083,0005-07-11 17:50:00,5,7,11,17,50,170,300.0,REPUBLIQUE   BOULEVARD D,,,Plein jour,En agglomération,Hors intersection,Normale,Deux véhicules - arrière,,,,,,,,,,,1,2,1,1,2
200500044084,0005-07-20 15:20:00,5,7,20,15,20,170,28.0,"0, GRASSET   AVENUE EDMO",,,Plein jour,En agglomération,Hors intersection,Normale,Deux véhicules - côté,,,,,,,,,,,1,2,1,1,3
200500044085,0005-07-14 23:15:00,5,7,14,23,15,170,300.0,02 PK RN237 RE MOULIN JU,,,Nuit sans éclairage public,En agglomération,Hors intersection,Normale,Deux véhicules - arrière,,,,,,,,,,,3,2,1,1,2
200500044086,0005-07-16 03:00:00,5,7,16,3,0,170,300.0,"53, MONNET   AVENUE JEAN",,,Nuit avec éclairage allumé,En agglomération,Hors intersection,Normale,Autre collision,,,,,,,,,,,5,2,1,1,6
200500044087,0005-07-16 12:24:00,5,7,16,12,24,170,300.0,"11, PERIGNY   RUE DE",,,Plein jour,En agglomération,Hors intersection,Normale,Sans collision,,,,,,,,,,,1,2,1,1,7
200500044088,0005-07-16 21:00:00,5,7,16,21,0,170,300.0,NEUVE   AVENUE DE LA POR,,,Crépuscule ou aube,En agglomération,Hors intersection,Normale,Deux véhicules - arrière,,,,,,,,,,,2,2,1,1,2
200500044089,0005-07-19 17:00:00,5,7,19,17,0,170,300.0,GRANDES GUIARDES   AVENU,,,Plein jour,En agglomération,Intersection en X,Normale,Deux véhicules - côté,,,,,,,,,,,1,2,2,1,3
200500044090,0005-07-20 13:45:00,5,7,20,13,45,170,300.0,"63, JOFFRE   BOULEVARD (",,,Plein jour,En agglomération,Hors intersection,Normale,Deux véhicules - côté,,,,,,,,,,,1,2,1,1,3
200500044091,0005-07-21 08:00:00,5,7,21,8,0,170,274.0,"0, REPUBLIQUE   ROND-POI",,,Crépuscule ou aube,Hors agglomération,Hors intersection,Normale,Deux véhicules - côté,,,,,,,,,,,2,1,1,1,3
200500044092,0005-07-21 11:00:00,5,7,21,11,0,170,200.0,HUIT MAI 1945   AVENUE D,,,Plein jour,Hors agglomération,Hors intersection,Normale,Deux véhicules - arrière,,,,,,,,,,,1,1,1,1,2
200500044093,0005-07-21 17:55:00,5,7,21,17,55,170,300.0,"38, NORMANDIN   RUE EMIL",,,Plein jour,En agglomération,Hors intersection,Normale,Autre collision,,,,,,,,,,,1,2,1,1,6
200500044094,0005-07-21 21:40:00,5,7,21,21,40,170,300.0,"0, DENFERT-ROCHEREAU   A",,,Nuit avec éclairage allumé,En agglomération,Intersection en X,Normale,Deux véhicules - côté,,,,,,,,,,,5,2,2,1,3
200500044095,0005-07-22 12:30:00,5,7,22,12,30,170,300.0,01 PK RN237 MOULIN JUSTI,,,Plein jour,Hors agglomération,Hors intersection,Normale,Trois véhicules et plus - en chaîne,,,,,,,,,,,1,1,1,1,4
200500044096,0005-07-22 14:15:00,5,7,22,14,15,170,291.0,"0, DIX-HUIT JUIN   RUE D",,,Plein jour,Hors agglomération,Hors intersection,Normale,Deux véhicules - côté,,,,,,,,,,,1,1,1,1,3
200500044097,0005-07-23 15:00:00,5,7,23,15,0,170,300.0,"10, BALANDE   RUE GASTON",,,Plein jour,En agglomération,Intersection en T,Normale,Deux véhicules - côté,,,,,,,,,,,1,2,3,1,3
200500044098,0005-07-23 22:30:00,5,7,23,22,30,170,300.0,04 PK RN237 MOULIN JUSTI,,,Nuit avec éclairage allumé,En agglomération,Hors intersection,Normale,Sans collision,,,,,,,,,,,5,2,1,1,7
200500044099,0005-07-27 11:40:00,5,7,27,11,40,170,28.0,CHARCOT   BOULEVARD COMM,,,Plein jour,En agglomération,Intersection en T,Normale,Deux véhicules - côté,,,,,,,,,,,1,2,3,1,3
200500044100,0005-07-27 16:15:00,5,7,27,16,15,170,291.0,E.D.F.   RUE DE L',,,Plein jour,Hors agglomération,Hors intersection,Normale,Deux véhicules - arrière,,,,,,,,,,,1,1,1,1,2
200500044101,0005-07-28 19:20:00,5,7,28,19,20,170,300.0,"02, SAINTES-CLAIRES   RU",,,Plein jour,En agglomération,Intersection en X,Normale,Deux véhicules - côté,,,,,,,,,,,1,2,2,1,3