accident_id,datetime,annee,mois,jour,heure,minute,departement,commune_insee,adresse,latitude,longitude,luminosite,agglomeration,intersection,meteo,collision,nb_vehicules,nb_usagers,nb_indemnes,nb_tues,nb_blesses_hosp,nb_blesses_legers,age_cond_1,age_cond_2,veh_type_cond_1,veh_type_cond_2,lum_code,agg_code,int_code,atm_code,col_code
200500044102,0005-07-29 12:00:00,5,7,29,12,0,170,300.0,"02, SARTRE   AVENUE JEAN",,,Plein jour,En agglomération,Hors intersection,Normale,Deux véhicules - côté,,,,,,,,,,,1,2,1,1,3
200500044103,0005-07-28 12:55:00,5,7,28,12,55,170,28.0,GRASSET   AVENUE EDMOND,,,Plein jour,En agglomération,Giratoire,Normale,Deux véhicules - arrière,,,,,,,,,,,1,2,6,1,2
200500044104,0005-07-31 20:10:00,5,7,31,20,10,170,300.0,33 PK RN11 ROCADE NANTES,,,Plein jour,Hors agglomération,Hors intersection,Normale,Deux véhicules - arrière,,,,,,,,,,,1,1,1,1,2
200500044105,0005-07-28 10:15:00,5,7,28,10,15,170,300.0,"157, DENFERT-ROCHEREAU",,,Plein jour,En agglomération,Intersection en X,Normale,Deux véhicules - côté,,,,,,,,,,,1,2,2,1,3
200500044106,0005-07-30 23:20:00,5,7,30,23,20,170,300.0,33 PK RN11 NANTES ROCADE,,,Nuit sans éclairage public,Hors agglomération,Hors intersection,Normale,Deux véhicules - arrière,,,,,,,,,,,3,1,1,1,2
200500044107,0005-07-13 17:40:00,5,7,13,17,40,170,380.0,"36, TOURTERELLES (DES)",,,Plein jour,En agglomération,Hors intersection,Normale,Autre collision,,,,,,,,,,,1,2,1,1,6
200500044108,0005-07-14 01:00:00,5,7,14,1,0,170,306.0,", BOUCHET LOUIS (AVENUE)",,,Nuit avec éclairage allumé,En agglomération,Giratoire,Normale,Autre collision,,,,,,,,,,,5,2,6,1,6
200500044109,0005-07-21 08:45:00,5,7,21,8,45,170,306.0,", LAVOISIER (ANTOINE DE)",,,Plein jour,En agglomération,Hors intersection,Normale,Autre collision,,,,,,,,,,,1,2,1,1,6
200500044110,0005-07-23 00:40:00,5,7,23,0,40,170,380.0,"0, SOURCE (AVENUE DE LA)",,,Nuit avec éclairage allumé,En agglomération,Hors intersection,Normale,Deux véhicules - côté,,,,,,,,,,,5,2,1,1,3
200500044111,0005-07-25 14:45:00,5,7,25,14,45,170,306.0,", PONTAILLAC (DE) (AVENU",,,Plein jour,En agglomération,Hors intersection,Normale,Trois véhicules et plus - en chaîne,,,,,,,,,,,1,2,1,1,4
200500044112,0005-07-29 06:00:00,5,7,29,6,0,170,306.0,"0, LOTI PIERRE",,,Plein jour,En agglomération,Hors intersection,Normale,Deux véhicules - côté,,,,,,,,,,,1,2,1,1,3
200500044113,0005-07-31 13:18:00,5,7,31,13,18,170,306.0,"56, PONTAILLAC (DE) (AVE",,,Plein jour,En agglomération,Hors intersection,Normale,Autre collision,,,,,,,,,,,1,2,1,1,6
200500044114,0005-07-03 10:30:00,5,7,3,10,30,170,415.0,REVERSEAUX 2 A 46 ET 1 E,,,Plein jour,En agglomération,Hors intersection,Normale,Deux véhicules - arrière,,,,,,,,,,,1,2,1,1,2
200500044115,0005-07-06 16:00:00,5,7,6,16,0,170,415.0,GAMBETTA 74 A 162 ET 29,,,Plein jour,En agglomération,Intersection en T,Normale,Deux véhicules - côté,,,,,,,,,,,1,2,3,1,3
200500044116,0005-07-07 17:30:00,5,7,7,17,30,170,415.0,REPUBLIQUE QUAI DE LA,,,Plein jour,En agglomération,Hors intersection,Normale,Autre collision,,,,,,,,,,,1,2,1,1,6
200500044117,0005-07-10 17:45:00,5,7,10,17,45,170,415.0,ROUTE NATIONALE 141,,,Plein jour,Hors agglomération,Hors intersection,Normale,Autre collision,,,,,,,,,,,1,1,1,1,6
200500044118,0005-07-18 19:35:00,5,7,18,19,35,170,415.0,MARTEL PLACE GEOFFROY,,,Plein jour,En agglomération,Hors intersection,Normale,Autre collision,,,,,,,,,,,1,2,1,1,6
200500044119,0005-07-19 07:55:00,5,7,19,7,55,170,415.0,LECLERC COURS DU MARECHA,,,Plein jour,En agglomération,Hors intersection,Normale,Deux véhicules - côté,,,,,,,,,,,1,2,1,1,3
200500044120,0005-07-20 01:25:00,5,7,20,1,25,170,415.0,REVERSEAUX 2 A 46 ET 1 E,,,Nuit avec éclairage allumé,En agglomération,Intersection en T,Normale,Deux véhicules - côté,,,,,,,,,,,5,2,3,1,3
200500044121,0005-07-23 08:15:00,5,7,23,8,15,170,415.0,SAINT PIERRE PLACE,,,Plein jour,En agglomération,Hors intersection,Normale,Autre collision,,,,,,,,,,,1,2,1,1,6
200500044122,0005-07-28 18:50:00,5,7,28,18,50,170,415.0,ROUTE NATIONALE 141,,,Plein jour,Hors agglomération,Hors intersection,Normale,Deux véhicules - arrière,,,,,,,,,,,1,1,1,1,2
200500044123,0005-07-02 13:41:00,5,7,2,13,41,180,205.0,"AUCUN, ORLEANS (ROUTE D'",,,Plein jour,En agglomération,Hors intersection,Normale,Deux véhicules - côté,,,,,,,,,,,1,2,1,1,3
200500044124,0005-07-02 16:16:00,5,7,2,16,16,180,33.0,"Sans, AVENIR (BOULEVARD",,,Plein jour,En agglomération,Intersection en X,Normale,Deux véhicules - côté,,,,,,,,,,,1,2,2,1,3
200500044125,0005-07-03 08:05:00,5,7,3,8,5,180,33.0,"Sans, ROCADE",,,Plein jour,Hors agglomération,Hors intersection,Normale,Deux véhicules - frontale,,,,,,,,,,,1,1,1,1,1
200500044126,0005-07-04 20:50:00,5,7,4,20,50,180,33.0,INDUSTRIE (BOULEVARD DE,,,Plein jour,En agglomération,Hors intersection,Normale,Deux véhicules - côté,,,,,,,,,,,1,2,1,1,3
200500044127,0005-07-08 17:52:00,5,7,8,17,52,180,33.0,"128, SAINT-AMAND (AVENUE",,,Plein jour,En agglomération,Hors intersection,Temps couvert,Trois véhicules et plus - en chaîne,,,,,,,,,,,1,2,1,8,4
200500044128,0005-07-11 11:30:00,5,7,11,11,30,180,33.0,ROCADE,,,Plein jour,Hors agglomération,Hors intersection,Normale,Trois véhicules et plus - en chaîne,,,,,,,,,,,1,1,1,1,4
200500044129,0005-07-13 07:50:00,5,7,13,7,50,180,33.0,"SANS, MARCEAU (RAMPE)",,,Plein jour,En agglomération,Giratoire,Normale,Autre collision,,,,,,,,,,,1,2,6,1,6
200500044130,0005-07-14 23:15:00,5,7,14,23,15,180,33.0,"114, SAINT-AMAND (AVENUE",,,Nuit sans éclairage public,En agglomération,Hors intersection,Normale,Sans collision,,,,,,,,,,,3,2,1,1,7
200500044131,0005-07-19 15:45:00,5,7,19,15,45,180,33.0,"32, VAILLANT (RUE EDOUAR",,,Plein jour,En agglomération,Hors intersection,Normale,Deux véhicules - côté,,,,,,,,,,,1,2,1,1,3
200500044132,0005-07-19 21:33:00,5,7,19,21,33,180,33.0,"Sans, HAEGELEN (AVENUE M",,,Nuit avec éclairage allumé,En agglomération,Autre intersection,Normale,Deux véhicules - arrière,,,,,,,,,,,5,2,9,1,2
200500044133,0005-07-20 12:30:00,5,7,20,12,30,180,33.0,"SANS, VAL D'AURON (AVENU",,,Plein jour,En agglomération,Intersection en X,Normale,Deux véhicules - côté,,,,,,,,,,,1,2,2,1,3
200500044134,0005-07-21 08:30:00,5,7,21,8,30,180,205.0,"SANS, ORLEANS (ROUTE D')",,,Plein jour,Hors agglomération,Hors intersection,Normale,Autre collision,,,,,,,,,,,1,1,1,1,6
200500044135,0005-07-29 21:03:00,5,7,29,21,3,180,33.0,"sans, FRANCE (COUR ANATO",,,Crépuscule ou aube,En agglomération,Intersection en X,Normale,Autre collision,,,,,,,,,,,2,2,2,1,6
200500044136,0005-07-01 14:35:00,5,7,1,14,35,180,279.0,RN 20 NORD (TRAVERSEE DE,,,Plein jour,En agglomération,Hors intersection,Normale,Sans collision,,,,,,,,,,,1,2,1,1,7
200500044137,0005-07-01 14:36:00,5,7,1,14,36,180,279.0,RN 20 NORD (TRAVERSEE DE,,,Plein jour,En agglomération,Hors intersection,Normale,Sans collision,,,,,,,,,,,1,2,1,1,7
200500044138,0005-07-02 11:00:00,5,7,2,11,0,180,279.0,BARON (RUE BLANCHE),,,Plein jour,En agglomération,Hors intersection,Normale,Autre collision,,,,,,,,,,,1,2,1,1,6
200500044139,0005-07-04 11:05:00,5,7,4,11,5,180,279.0,BRETON (RUE JULES LOUIS),,,Plein jour,En agglomération,Hors intersection,Normale,Deux véhicules - arrière,,,,,,,,,,,1,2,1,1,2
200500044140,0005-07-16 09:55:00,5,7,16,9,55,180,279.0,"12, GAULLE (RUE DU GENER",,,Plein jour,En agglomération,Hors intersection,Normale,Autre collision,,,,,,,,,,,1,2,1,1,6
200500044141,0005-07-29 15:40:00,5,7,29,15,40,180,279.0,BAS DE GRANGE (RUE ET PL,,,Plein jour,En agglomération,Intersection en X,Temps couvert,Deux véhicules - frontale,,,,,,,,,,,1,2,2,8,1
200500044142,0005-07-30 15:25:00,5,7,30,15,25,180,279.0,"82, HUIT MAI 1945 (RUE D",,,Plein jour,En agglomération,Hors intersection,Normale,Autre collision,,,,,,,,,,,1,2,1,1,6
200500044143,0005-07-31 21:00:00,5,7,31,21,0,180,279.0,VILLAGE D'EN HAUT (ROUTE,,,Crépuscule ou aube,En agglomération,Hors intersection,Normale,Autre collision,,,,,,,,,,,2,2,1,1,6
200500044144,0005-07-04 15:50:00,5,7,4,15,50,190,31.0,"49, COSNAC (RUE DANIEL D",,,Plein jour,En agglomération,Hors intersection,Normale,Deux véhicules - frontale,,,,,,,,,,,1,2,1,1,1
200500044145,0005-07-06 09:20:00,5,7,6,9,20,190,31.0,"12, BERTHELOT (RUE MARCE",,,Plein jour,En agglomération,Hors intersection,Pluie légère,Autre collision,,,,,,,,,,,1,2,1,2,6
200500044146,0005-07-06 15:40:00,5,7,6,15,40,190,31.0,TURGOT (AVENUE),,,Plein jour,En agglomération,Hors intersection,Normale,Autre collision,,,,,,,,,,,1,2,1,1,6
200500044147,0005-07-07 18:05:00,5,7,7,18,5,190,31.0,MIRABEAU (BOULEVARD) COT,,,Plein jour,En agglomération,Hors intersection,Normale,Deux véhicules - côté,,,,,,,,,,,1,2,1,1,3
200500044148,0005-07-09 14:30:00,5,7,9,14,30,190,31.0,"""MOULIN (BOULEVARD JEAN)",,,Plein jour,En agglomération,Hors intersection,Pluie forte,Trois véhicules et plus - en chaîne,,,,,,,,,,,1,2,1,3,4
200500044149,0005-07-12 18:10:00,5,7,12,18,10,190,31.0,GARENNES (QUARTIER LES),,,Plein jour,En agglomération,Intersection en T,Normale,Deux véhicules - côté,,,,,,,,,,,1,2,3,1,3
200500044150,0005-07-24 04:40:00,5,7,24,4,40,190,31.0,COMTE (RUE ERNEST),,,Nuit avec éclairage allumé,En agglomération,Hors intersection,Normale,Autre collision,,,,,,,,,,,5,2,1,1,6
200500044151,0005-07-26 11:20:00,5,7,26,11,20,190,31.0,CHASTEAUX (ROUTE DE),,,Plein jour,Hors agglomération,Hors intersection,Normale,Deux véhicules - côté,,,,,,,,,,,1,1,1,1,3
200500044152,0005-07-27 11:42:00,5,7,27,11,42,190,31.0,"2, PARMENTIER (RUE)",,,Plein jour,En agglomération,Hors intersection,Normale,Autre collision,,,,,,,,,,,1,2,1,1,6
200500044153,0005-07-29 18:50:00,5,7,29,18,50,190,272.0,CERICE (LIEU DIT),,,Plein jour,Hors agglomération,Hors intersection,Normale,Sans collision,,,,,,,,,,,1,1,1,1,7
200500044154,0005-07-12 12:00:00,5,7,12,12,0,190,275.0,"rd982, GAMBETTA (AVENUE)",,,Plein jour,En agglomération,Intersection à plus de 4 branches,Normale,Deux véhicules - côté,,,,,,,,,,,1,2,5,1,3
200500044155,0005-07-23 09:55:00,5,7,23,9,55,210,54.0,NOEL (RUE MARIE),,,Plein jour,En agglomération,Giratoire,Normale,Autre collision,,,,,,,,,,,1,2,6,1,6
200500044156,0005-07-01 19:46:00,5,7,1,19,46,210,166.0,EDOUARD BRANLY (BOULEVAR,,,Plein jour,En agglomération,Hors intersection,Normale,Autre collision,,,,,,,,,,,1,2,1,1,6
200500044157,0005-07-01 20:03:00,5,7,1,20,3,210,231.0,"12, MANSART (BOULEVARD)",,,Plein jour,En agglomération,Hors intersection,Normale,Autre collision,,,,,,,,,,,1,2,1,1,6
200500044158,0005-07-02 10:19:00,5,7,2,10,19,210,231.0,EUGENE SPULLER (BOULEVAR,,,Plein jour,En agglomération,Intersection en X,Normale,Deux véhicules - côté,,,,,,,,,,,1,2,2,1,3
200500044159,0005-07-02 10:40:00,5,7,2,10,40,210,231.0,"21, BRUGES (DE) (RUE)",,,Plein jour,En agglomération,Hors intersection,Normale,Deux véhicules - frontale,,,,,,,,,,,1,2,1,1,1
200500044160,0005-07-02 13:46:00,5,7,2,13,46,210,355.0,122 A (CD),,,Plein jour,En agglomération,Intersection en X,Normale,Deux véhicules - côté,,,,,,,,,,,1,2,2,1,3
200500044161,0005-07-03 07:58:00,5,7,3,7,58,210,231.0,PREMIER CONSUL (DU) (AVE,,,Plein jour,En agglomération,Hors intersection,Normale,Deux véhicules - côté,,,,,,,,,,,1,2,1,1,3
200500044162,0005-07-03 11:50:00,5,7,3,11,50,210,231.0,"2, WILSON (PLACE)",,,Plein jour,En agglomération,Place,Normale,Autre collision,,,,,,,,,,,1,2,7,1,6
200500044163,0005-07-03 16:30:00,5,7,3,16,30,210,231.0,"14, PREMIER CONSUL (DU)",,,Plein jour,En agglomération,Hors intersection,Normale,Trois véhicules et plus - collisions multiples,,,,,,,,,,,1,2,1,1,5
200500044164,0005-07-04 15:20:00,5,7,4,15,20,210,231.0,DRAPEAU (DU) (AVENUE),,,Plein jour,En agglomération,Intersection en X,Normale,Deux véhicules - côté,,,,,,,,,,,1,2,2,1,3
200500044165,0005-07-05 16:04:00,5,7,5,16,4,210,231.0,"2, SUQUET (PLACE)",,,Plein jour,En agglomération,Hors intersection,Normale,Deux véhicules - côté,,,,,,,,,,,1,2,1,1,3
200500044166,0005-07-05 19:07:00,5,7,5,19,7,210,231.0,"57, DRAPEAU (DU) (AVENUE",,,Plein jour,En agglomération,Intersection en T,Normale,Deux véhicules - côté,,,,,,,,,,,1,2,3,1,3
200500044167,0005-07-06 11:00:00,5,7,6,11,0,210,231.0,DOCTEUR ALBERT REMY (RUE,,,Plein jour,En agglomération,Intersection en X,Pluie légère,Trois véhicules et plus - en chaîne,,,,,,,,,,,1,2,2,2,4
200500044168,0005-07-06 11:25:00,5,7,6,11,25,210,231.0,FRANCOIS POMPON (BOULEVA,,,Plein jour,En agglomération,Intersection en Y,Pluie forte,Deux véhicules - côté,,,,,,,,,,,1,2,4,3,3
200500044169,0005-07-09 10:00:00,5,7,9,10,0,210,231.0,GEORGES POMPIDOU (VOIE),,,Plein jour,Hors agglomération,Hors intersection,Pluie légère,Deux véhicules - arrière,,,,,,,,,,,1,1,1,2,2
200500044170,0005-07-12 17:57:00,5,7,12,17,57,210,231.0,"59, DEVOSGE (RUE)",,,Plein jour,En agglomération,Hors intersection,Pluie légère,Autre collision,,,,,,,,,,,1,2,1,2,6
200500044171,0005-07-13 16:20:00,5,7,13,16,20,210,166.0,"22, ANTOINE BECQUEREL (R",,,Plein jour,En agglomération,Hors intersection,Normale,Autre collision,,,,,,,,,,,1,2,1,1,6
200500044172,0005-07-14 02:55:00,5,7,14,2,55,210,231.0,PREMIER CONSUL (DU) (AVE,,,Nuit avec éclairage allumé,En agglomération,Intersection en X,Normale,Autre collision,,,,,,,,,,,5,2,2,1,6
200500044173,0005-07-15 23:35:00,5,7,15,23,35,210,231.0,"19, LANGRES (DE) (AVENUE",,,Nuit avec éclairage allumé,En agglomération,Hors intersection,Normale,Deux véhicules - côté,,,,,,,,,,,5,2,1,1,3
200500044174,0005-07-17 19:45:00,5,7,17,19,45,210,231.0,MALADIERE (DE LA) (RUE),,,Plein jour,En agglomération,Intersection en X,Normale,Deux véhicules - côté,,,,,,,,,,,1,2,2,1,3
200500044175,0005-07-18 13:50:00,5,7,18,13,50,210,231.0,ALBERT PREMIER (AVENUE),,,Plein jour,En agglomération,Intersection en X,Normale,Trois véhicules et plus - en chaîne,,,,,,,,,,,1,2,2,1,4
200500044176,0005-07-19 14:40:00,5,7,19,14,40,210,231.0,"28, MARECHAL JOFFRE (BOU",,,Plein jour,En agglomération,Hors intersection,Normale,Deux véhicules - côté,,,,,,,,,,,1,2,1,1,3
200500044177,0005-07-20 15:50:00,5,7,20,15,50,210,231.0,"16, STRASBOURG (DE) (BOU",,,Plein jour,En agglomération,Intersection en T,Normale,Deux véhicules - côté,,,,,,,,,,,1,2,3,1,3
200500044178,0005-07-22 12:30:00,5,7,22,12,30,210,355.0,COLOMBIERE (DE LA) (CHEM,,,Plein jour,En agglomération,Hors intersection,Normale,Deux véhicules - frontale,,,,,,,,,,,1,2,1,1,1
200500044179,0005-07-26 21:00:00,5,7,26,21,0,210,355.0,122 A (CD),,,Plein jour,Hors agglomération,Autre intersection,Normale,Deux véhicules - côté,,,,,,,,,,,1,1,9,1,3
200500044180,0005-07-28 12:30:00,5,7,28,12,30,210,231.0,"75, LANGRES (DE) (AVENUE",,,Plein jour,En agglomération,Hors intersection,Normale,Autre collision,,,,,,,,,,,1,2,1,1,6
200500044181,0005-07-28 20:25:00,5,7,28,20,25,210,355.0,122 A (CD),,,Plein jour,Hors agglomération,Autre intersection,Temps éblouissant,Deux véhicules - côté,,,,,,,,,,,1,1,9,7,3
200500044182,0005-07-30 10:30:00,5,7,30,10,30,210,231.0,PONT DES TANNERIES (DU),,,Plein jour,En agglomération,Intersection en T,Normale,Deux véhicules - arrière,,,,,,,,,,,1,2,3,1,2
200500044183,0005-07-18 09:00:00,5,7,18,9,0,220,113.0,"0, HERVIOU (RUE YVES MAR",,,Plein jour,En agglomération,Hors intersection,Temps éblouissant,Deux véhicules - côté,,,,,,,,,,,1,2,1,7,3
200500044184,0005-07-29 01:20:00,5,7,29,1,20,220,113.0,"28, HINGARD HUELLAN (RUE",,,Nuit avec éclairage allumé,En agglomération,Hors intersection,Normale,Autre collision,,,,,,,,,,,5,2,1,1,6
200500044185,0005-07-25 08:55:00,5,7,25,8,55,220,113.0,FRERES LAGADEC (RUE DES),,,Plein jour,En agglomération,Hors intersection,Normale,Deux véhicules - arrière,,,,,,,,,,,1,2,1,1,2
200500044186,0005-07-02 13:00:00,5,7,2,13,0,220,278.0,"13, TULLAYE (DE LA)",,,Plein jour,En agglomération,Autre intersection,Normale,Autre collision,,,,,,,,,,,1,2,9,1,6
200500044187,0005-07-04 17:10:00,5,7,4,17,10,220,278.0,"75, PARIS (DE)",,,Plein jour,En agglomération,Intersection en T,Normale,Trois véhicules et plus - collisions multiples,,,,,,,,,,,1,2,3,1,5
200500044188,0005-07-28 11:30:00,5,7,28,11,30,220,278.0,"106, HOCHE (BD)",,,Plein jour,En agglomération,Hors intersection,Normale,Autre collision,,,,,,,,,,,1,2,1,1,6
200500044189,0005-07-01 17:00:00,5,7,1,17,0,230,96.0,CARNOT (BOULEVARD),,,Plein jour,En agglomération,Hors intersection,Normale,Deux véhicules - côté,,,,,,,,,,,1,2,1,1,3
200500044190,0005-07-08 05:00:00,5,7,8,5,0,240,37.0,CAVAILLE (LIEUDIT),,,Crépuscule ou aube,En agglomération,Hors intersection,Normale,Deux véhicules - frontale,,,,,,,,,,,2,2,1,1,1
200500044191,0005-07-27 11:46:00,5,7,27,11,46,240,140.0,RN 1021,,,Plein jour,En agglomération,Hors intersection,Normale,Deux véhicules - arrière,,,,,,,,,,,1,2,1,1,2
200500044192,0005-07-02 16:33:00,5,7,2,16,33,240,557.0,GRANDOU (AVENUE MICHEL),,,Plein jour,En agglomération,Hors intersection,Normale,Deux véhicules - frontale,,,,,,,,,,,1,2,1,1,1
200500044193,0005-07-02 18:33:00,5,7,2,18,33,240,557.0,"103, GRANDOU (AVENUE MIC",,,Plein jour,En agglomération,Hors intersection,Normale,Deux véhicules - frontale,,,,,,,,,,,1,2,1,1,1
200500044194,0005-07-04 18:43:00,5,7,4,18,43,240,322.0,"00, BETUSSOU (LIEU DIT)",,,Plein jour,En agglomération,Intersection en X,Normale,Autre collision,,,,,,,,,,,1,2,2,1,6
200500044195,0005-07-04 17:49:00,5,7,4,17,49,240,322.0,LES BITARELLES (LIEU DIT,,,Plein jour,En agglomération,Hors intersection,Normale,Deux véhicules - côté,,,,,,,,,,,1,2,1,1,3
200500044196,0005-07-04 19:29:00,5,7,4,19,29,240,322.0,"134, HUGO ( RUE VICTOR)",,,Plein jour,En agglomération,Intersection en X,Normale,Deux véhicules - côté,,,,,,,,,,,1,2,2,1,3
200500044197,0005-07-13 18:52:00,5,7,13,18,52,240,53.0,"00, DUCLOS (ALLEE JACQUE",,,Plein jour,En agglomération,Giratoire,Normale,Deux véhicules - côté,,,,,,,,,,,1,2,6,1,3
200500044198,0005-07-14 10:54:00,5,7,14,10,54,240,256.0,"00, BORDEAUX (ROUTE DE)",,,Plein jour,En agglomération,Intersection en X,Normale,Deux véhicules - arrière,,,,,,,,,,,1,2,2,1,2
200500044199,0005-07-14 11:35:00,5,7,14,11,35,240,322.0,"195, SEMARD (RUE PIERRE)",,,Plein jour,En agglomération,Intersection en Y,Normale,Deux véhicules - côté,,,,,,,,,,,1,2,4,1,3
200500044200,0005-07-15 19:25:00,5,7,15,19,25,240,557.0,"00, GRANDOU (AVENUE MICH",,,Plein jour,En agglomération,Giratoire,Normale,Deux véhicules - côté,,,,,,,,,,,1,2,6,1,3
200500044201,0005-07-18 23:39:00,5,7,18,23,39,240,256.0,BORDEAUX (ROUTE DE),,,Nuit avec éclairage allumé,En agglomération,Intersection en T,Normale,Autre collision,,,,,,,,,,,5,2,3,1,6
200500044202,0005-07-19 11:06:00,5,7,19,11,6,240,53.0,"00, PAUL (AVENUE MARCEL)",,,Plein jour,En agglomération,Hors intersection,Normale,Autre collision,,,,,,,,,,,1,2,1,1,6
200500044203,0005-07-21 19:51:00,5,7,21,19,51,240,322.0,"32, HUGO ( RUE VICTOR)",,,Plein jour,En agglomération,Hors intersection,Normale,Autre collision,,,,,,,,,,,1,2,1,1,6
200500044204,0005-07-29 07:05:00,5,7,29,7,5,240,557.0,"11, GRANDOU (AVENUE MICH",,,Plein jour,En agglomération,Hors intersection,Normale,Deux véhicules - arrière,,,,,,,,,,,1,2,1,1,2
200500044205,0005-07-30 19:22:00,5,7,30,19,22,240,557.0,"11, GRANDOU (AVENUE MICH",,,Plein jour,En agglomération,Hors intersection,Normale,Autre collision,,,,,,,,,,,1,2,1,1,6
200500044206,0005-07-03 00:05:00,5,7,3,0,5,250,56.0,"21, CHURCHILL BD WINSTON",,,Nuit avec éclairage allumé,En agglomération,Intersection en X,Normale,Deux véhicules - côté,,,,,,,,,,,5,2,2,1,3
200500044207,0005-07-03 23:40:00,5,7,3,23,40,250,56.0,"1, FORT GRIFFON RUE DE R",,,Nuit avec éclairage allumé,En agglomération,Hors intersection,Normale,Sans collision,,,,,,,,,,,5,2,1,1,7
200500044208,0005-07-05 12:15:00,5,7,5,12,15,250,56.0,"sans, MORRE ROUTE DE",,,Plein jour,Hors agglomération,Hors intersection,Normale,Deux véhicules - frontale,,,,,,,,,,,1,1,1,1,1
200500044209,0005-07-04 12:45:00,5,7,4,12,45,250,56.0,"SANS, TARRAGNOZ FAUBOURG",,,Plein jour,Hors agglomération,Hors intersection,Pluie forte,Deux véhicules - arrière,,,,,,,,,,,1,1,1,3,2
200500044210,0005-07-05 17:20:00,5,7,5,17,20,250,56.0,"SANS, POINT DU JOUR CHEM",,,Plein jour,En agglomération,Hors intersection,Normale,Autre collision,,,,,,,,,,,1,2,1,1,6
200500044211,0005-07-07 10:40:00,5,7,7,10,40,250,56.0,"49, DOLE RUE DE <82",,,Plein jour,En agglomération,Hors intersection,Pluie légère,Autre collision,,,,,,,,,,,1,2,1,2,6
200500044212,0005-07-08 12:15:00,5,7,8,12,15,250,56.0,KENNEDY  BOULEVARD J.F.,,,Plein jour,Hors agglomération,Hors intersection,Normale,Sans collision,,,,,,,,,,,1,1,1,1,7
200500044213,0005-07-08 19:05:00,5,7,8,19,5,250,56.0,"12, CHAR  RUE RENE",,,Plein jour,En agglomération,Hors intersection,Normale,Trois véhicules et plus - en chaîne,,,,,,,,,,,1,2,1,1,4
200500044214,0005-07-11 13:45:00,5,7,11,13,45,250,56.0,"03, VILLARCEAU AVENUE",,,Plein jour,En agglomération,Hors intersection,Normale,Sans collision,,,,,,,,,,,1,2,1,1,7
200500044215,0005-07-11 17:00:00,5,7,11,17,0,250,56.0,"26, ILE DE FRANCE AVENUE",,,Plein jour,En agglomération,Hors intersection,Normale,Sans collision,,,,,,,,,,,1,2,1,1,7
200500044216,0005-07-13 14:28:00,5,7,13,14,28,250,56.0,FONTAINE-ARGENT AVENUE,,,Plein jour,En agglomération,Hors intersection,Normale,Deux véhicules - côté,,,,,,,,,,,1,2,1,1,3
200500044217,0005-07-15 13:14:00,5,7,15,13,14,250,56.0,"sans, MARMIER RUE XAVIER",,,Plein jour,En agglomération,Hors intersection,Normale,Deux véhicules - côté,,,,,,,,,,,1,2,1,1,3
200500044218,0005-07-20 20:28:00,5,7,20,20,28,250,56.0,"37, BELFORT RUE DE BELFO",,,Plein jour,En agglomération,Hors intersection,Normale,Deux véhicules - arrière,,,,,,,,,,,1,2,1,1,2
200500044219,0005-07-22 19:10:00,5,7,22,19,10,250,56.0,"SANS, JOUCHOUX RUE AUGUS",,,Plein jour,En agglomération,Intersection en T,Normale,Deux véhicules - côté,,,,,,,,,,,1,2,3,1,3
200500044220,0005-07-24 18:25:00,5,7,24,18,25,250,56.0,VESOUL RUE DE < 52,,,Plein jour,En agglomération,Intersection en X,Pluie forte,Deux véhicules - côté,,,,,,,,,,,1,2,2,3,3
200500044221,0005-07-26 08:50:00,5,7,26,8,50,250,56.0,GRANDE RUE > 59 ET <133,,,Plein jour,Hors agglomération,Hors intersection,Normale,Deux véhicules - côté,,,,,,,,,,,1,1,1,1,3
200500044222,0005-07-28 08:10:00,5,7,28,8,10,250,56.0,"SANS, JOUCHOUX RUE AUGUS",,,Plein jour,En agglomération,Hors intersection,Normale,Deux véhicules - côté,,,,,,,,,,,1,2,1,1,3
200500044223,0005-07-28 15:00:00,5,7,28,15,0,250,56.0,"SANS, DOLE RUE DE >82 &",,,Plein jour,En agglomération,Hors intersection,Normale,Deux véhicules - côté,,,,,,,,,,,1,2,1,1,3
200500044224,0005-07-28 19:20:00,5,7,28,19,20,250,56.0,OUEST BOULEVARD,,,Plein jour,En agglomération,Hors intersection,Normale,Deux véhicules - côté,,,,,,,,,,,1,2,1,1,3
200500044225,0005-07-28 21:31:00,5,7,28,21,31,250,56.0,"AUCUN, FOCH AVENUE MAREC",,,Crépuscule ou aube,En agglomération,Intersection à plus de 4 branches,Normale,Deux véhicules - côté,,,,,,,,,,,2,2,5,1,3
200500044226,0005-07-29 12:10:00,5,7,29,12,10,250,56.0,"SANS, LANCHY  RUE NARCIS",,,Plein jour,En agglomération,Hors intersection,Normale,Deux véhicules - arrière,,,,,,,,,,,1,2,1,1,2
200500044227,0005-07-08 16:10:00,5,7,8,16,10,250,580.0,", GRAVIERS (RUE DES)",,,Plein jour,En agglomération,Intersection en T,Normale,Deux véhicules - côté,,,,,,,,,,,1,2,3,1,3
200500044228,0005-07-07 19:40:00,5,7,7,19,40,250,388.0,DIDEROT (RUE),,,Plein jour,En agglomération,Intersection en Y,Pluie forte,Deux véhicules - côté,,,,,,,,,,,1,2,4,3,3
200500044229,0005-07-11 15:20:00,5,7,11,15,20,250,580.0,PERGAUD (RUE LOUIS),,,Plein jour,En agglomération,Intersection en T,Normale,Deux véhicules - frontale,,,,,,,,,,,1,2,3,1,1
200500044230,0005-07-27 12:46:00,5,7,27,12,46,250,388.0,"14, MASSENET (RUE JULES)",,,Plein jour,En agglomération,Hors intersection,Normale,Deux véhicules - côté,,,,,,,,,,,1,2,1,1,3
200500044231,0005-07-27 11:25:00,5,7,27,11,25,250,31.0,"00, DUVERNOY (RUE DU DOC",,,Plein jour,En agglomération,Hors intersection,Normale,Autre collision,,,,,,,,,,,1,2,1,1,6