accident_id,datetime,annee,mois,jour,heure,minute,departement,commune_insee,adresse,latitude,longitude,luminosite,agglomeration,intersection,meteo,collision,nb_vehicules,nb_usagers,nb_indemnes,nb_tues,nb_blesses_hosp,nb_blesses_legers,age_cond_1,age_cond_2,veh_type_cond_1,veh_type_cond_2,lum_code,agg_code,int_code,atm_code,col_code
200500044232,0005-07-08 15:40:00,5,7,8,15,40,250,462.0,SALINS DE (DU 0 AU 15),,,Plein jour,En agglomération,Intersection en T,Normale,Deux véhicules - frontale,,,,,,,,,,,1,2,3,1,1
200500044233,0005-07-12 11:35:00,5,7,12,11,35,250,462.0,"61, NEUCHATEL (AVENUE DE",,,Plein jour,En agglomération,Hors intersection,Normale,Deux véhicules - arrière,,,,,,,,,,,1,2,1,1,2
200500044234,0005-07-21 20:05:00,5,7,21,20,5,250,462.0,SALINS DE (DU 16 AU 63),,,Plein jour,En agglomération,Intersection en X,Normale,Deux véhicules - côté,,,,,,,,,,,1,2,2,1,3
200500044235,0005-07-04 14:25:00,5,7,4,14,25,260,198.0,"SANS N, GREZES (RUE DES)",,,Plein jour,En agglomération,Hors intersection,Normale,Deux véhicules - côté,,,,,,,,,,,1,2,1,1,3
200500044236,0005-07-08 12:00:00,5,7,8,12,0,260,198.0,GOURNIER (AVENUE DE),,,Plein jour,Hors agglomération,Intersection en T,Normale,Deux véhicules - côté,,,,,,,,,,,1,1,3,1,3
200500044237,0005-07-08 15:25:00,5,7,8,15,25,260,198.0,"SANS N, TEIL (ROUTE DU)",,,Plein jour,En agglomération,Hors intersection,Normale,Autre collision,,,,,,,,,,,1,2,1,1,6
200500044238,0005-07-17 15:40:00,5,7,17,15,40,260,198.0,RN 7,,,Plein jour,Hors agglomération,Intersection en T,Normale,Deux véhicules - côté,,,,,,,,,,,1,1,3,1,3
200500044239,0005-07-20 10:20:00,5,7,20,10,20,260,198.0,RN 7,,,Plein jour,Hors agglomération,Hors intersection,Normale,Trois véhicules et plus - collisions multiples,,,,,,,,,,,1,1,1,1,5
200500044240,0005-07-24 15:45:00,5,7,24,15,45,260,198.0,"171, MARSEILLE (ROUTE DE",,,Plein jour,En agglomération,Hors intersection,Normale,Deux véhicules - côté,,,,,,,,,,,1,2,1,1,3
200500044241,0005-07-27 19:30:00,5,7,27,19,30,260,198.0,"SANS NR, EUROPE (BOULEVA",,,Plein jour,En agglomération,Hors intersection,Normale,Autre collision,,,,,,,,,,,1,2,1,1,6
200500044242,0005-07-30 14:35:00,5,7,30,14,35,260,198.0,"SANS NR, COTY (BOULEVARD",,,Plein jour,Hors agglomération,Hors intersection,Normale,Deux véhicules - côté,,,,,,,,,,,1,1,1,1,3
200500044243,0005-07-01 19:20:00,5,7,1,19,20,260,281.0,"05, GAMBETTA (AVENUE)",,,Plein jour,En agglomération,Intersection en T,Normale,Autre collision,,,,,,,,,,,1,2,3,1,6
200500044244,0005-07-10 22:20:00,5,7,10,22,20,260,281.0,"NEANT, MAI (RUE DE)",,,Nuit avec éclairage allumé,En agglomération,Intersection en T,Normale,Autre collision,,,,,,,,,,,5,2,3,1,6
200500044245,0005-07-11 14:10:00,5,7,11,14,10,260,281.0,SAINT BARDOUX (ROUTE DE),,,Plein jour,Hors agglomération,Intersection en X,Normale,Autre collision,,,,,,,,,,,1,1,2,1,6
200500044246,0005-07-14 18:45:00,5,7,14,18,45,260,281.0,"NEANT, DAUPHIN (QUAI)",,,Plein jour,En agglomération,Intersection en X,Normale,Autre collision,,,,,,,,,,,1,2,2,1,6
200500044247,0005-07-04 21:20:00,5,7,4,21,20,260,362.0,"sans n°, ROMANS ROUTE DE",,,Crépuscule ou aube,En agglomération,Hors intersection,Normale,Sans collision,,,,,,,,,,,2,2,1,1,7
200500044248,0005-07-06 15:10:00,5,7,6,15,10,260,362.0,"sans n, CARNOT AVENUE SA",,,Plein jour,En agglomération,Intersection en X,Pluie légère,Deux véhicules - côté,,,,,,,,,,,1,2,2,2,3
200500044249,0005-07-06 15:40:00,5,7,6,15,40,260,362.0,"sans n, BEAUVALLON ROUTE",,,Plein jour,Hors agglomération,Hors intersection,Normale,Deux véhicules - côté,,,,,,,,,,,1,1,1,1,3
200500044250,0005-07-06 18:20:00,5,7,6,18,20,260,362.0,"18, LISZT RUE FRANZ",,,Plein jour,En agglomération,Hors intersection,Normale,Autre collision,,,,,,,,,,,1,2,1,1,6
200500044251,0005-07-07 17:10:00,5,7,7,17,10,260,58.0,"sans n°, CHABANNERIES RU",,,Plein jour,En agglomération,Hors intersection,Normale,Autre collision,,,,,,,,,,,1,2,1,1,6
200500044252,0005-07-11 18:05:00,5,7,11,18,5,260,362.0,"sans n, FREYCINET RUE",,,Plein jour,En agglomération,Intersection en X,Normale,Deux véhicules - côté,,,,,,,,,,,1,2,2,1,3
200500044253,0005-07-12 15:50:00,5,7,12,15,50,260,362.0,"sans, FAVENTINES RUE",,,Plein jour,En agglomération,Intersection en X,Normale,Deux véhicules - côté,,,,,,,,,,,1,2,2,1,3
200500044254,0005-07-09 17:10:00,5,7,9,17,10,260,362.0,"19, ALSACE BOULEVARD D'",,,Plein jour,En agglomération,Hors intersection,Normale,Trois véhicules et plus - en chaîne,,,,,,,,,,,1,2,1,1,4
200500044255,0005-07-11 22:45:00,5,7,11,22,45,260,4.0,RN 532,,,Nuit sans éclairage public,Hors agglomération,Hors intersection,Normale,Deux véhicules - arrière,,,,,,,,,,,3,1,1,1,2
200500044256,0005-07-18 18:40:00,5,7,18,18,40,260,252.0,"sans n, JAURES RUE JEAN",,,Plein jour,En agglomération,Intersection en X,Pluie forte,Deux véhicules - côté,,,,,,,,,,,1,2,2,3,3
200500044257,0005-07-25 17:20:00,5,7,25,17,20,260,362.0,"137, ROMANS AVENUE DE (1",,,Plein jour,En agglomération,Hors intersection,Normale,Deux véhicules - côté,,,,,,,,,,,1,2,1,1,3
200500044258,0005-07-05 18:55:00,5,7,5,18,55,260,362.0,"1, BANCEL BOULEVARD",,,Plein jour,En agglomération,Hors intersection,Normale,Trois véhicules et plus - en chaîne,,,,,,,,,,,1,2,1,1,4
200500044259,0005-07-24 02:40:00,5,7,24,2,40,260,58.0,L.A.C.R.A RN7 (BLV),,,Nuit sans éclairage public,Hors agglomération,Hors intersection,Normale,Sans collision,,,,,,,,,,,3,1,1,1,7
200500044260,0005-07-29 15:40:00,5,7,29,15,40,260,362.0,"189, FAVENTINES RUE",,,Plein jour,En agglomération,Hors intersection,Normale,Deux véhicules - côté,,,,,,,,,,,1,2,1,1,3
200500044261,0005-07-29 08:10:00,5,7,29,8,10,260,252.0,"sans n, PORT AVENUE DU",,,Plein jour,Hors agglomération,Intersection en X,Normale,Deux véhicules - côté,,,,,,,,,,,1,1,2,1,3
200500044262,0005-07-29 20:55:00,5,7,29,20,55,260,58.0,"232, VIVIER RUE MARCEL",,,Plein jour,En agglomération,Hors intersection,Normale,Deux véhicules - frontale,,,,,,,,,,,1,2,1,1,1
200500044263,0005-07-08 21:05:00,5,7,8,21,5,270,299.0,"25, BRIAND (AVENUE ARIST",,,Crépuscule ou aube,En agglomération,Giratoire,Normale,Deux véhicules - côté,,,,,,,,,,,2,2,6,1,3
200500044264,0005-07-11 13:05:00,5,7,11,13,5,270,229.0,"1, LAKANAL (RUE)",,,Plein jour,En agglomération,Intersection en T,Normale,Deux véhicules - côté,,,,,,,,,,,1,2,3,1,3
200500044265,0005-07-12 14:40:00,5,7,12,14,40,270,299.0,BRIAND (AVENUE ARISTIDE),,,Plein jour,En agglomération,Intersection en X,Normale,Deux véhicules - côté,,,,,,,,,,,1,2,2,1,3
200500044266,0005-07-28 09:30:00,5,7,28,9,30,270,229.0,"32, SEPTIEME CHASSEUR (R",,,Plein jour,En agglomération,Hors intersection,Normale,Deux véhicules - arrière,,,,,,,,,,,1,2,1,1,2
200500044267,0005-07-03 12:20:00,5,7,3,12,20,270,375.0,"0, ANDELLE (CHAUSSEE D')",,,Plein jour,En agglomération,Intersection en T,Normale,Deux véhicules - côté,,,,,,,,,,,1,2,3,1,3
200500044268,0005-07-07 16:35:00,5,7,7,16,35,270,375.0,ANDELLE (CHAUSSEE D'),,,Plein jour,Hors agglomération,Intersection en T,Normale,Deux véhicules - côté,,,,,,,,,,,1,1,3,1,3
200500044269,0005-07-10 11:15:00,5,7,10,11,15,270,375.0,FALAISES (ROUTE DES) MAI,,,Plein jour,Hors agglomération,Hors intersection,Normale,Sans collision,,,,,,,,,,,1,1,1,1,7
200500044270,0005-07-19 13:00:00,5,7,19,13,0,270,375.0,"0, BLANCHE (CH. DE LA VO",,,Plein jour,En agglomération,Hors intersection,Normale,Deux véhicules - arrière,,,,,,,,,,,1,2,1,1,2
200500044271,0005-07-19 15:55:00,5,7,19,15,55,270,375.0,"0, PARC (CH. DU) FALAISE",,,Plein jour,En agglomération,Hors intersection,Normale,Sans collision,,,,,,,,,,,1,2,1,1,7
200500044272,0005-07-19 19:25:00,5,7,19,19,25,270,375.0,"28, BEAULIEU (RUE DE)",,,Plein jour,En agglomération,Hors intersection,Normale,Sans collision,,,,,,,,,,,1,2,1,1,7
200500044273,0005-07-27 17:15:00,5,7,27,17,15,270,375.0,"19, CHAMP DE VILLE (PLAC",,,Plein jour,En agglomération,Hors intersection,Autre,Deux véhicules - côté,,,,,,,,,,,1,2,1,9,3
200500044274,0005-07-10 15:55:00,5,7,10,15,55,270,681.0,SEINE (QUAI DE),,,Plein jour,En agglomération,Hors intersection,Normale,Sans collision,,,,,,,,,,,1,2,1,1,7
200500044275,0005-07-30 23:55:00,5,7,30,23,55,270,681.0,GISORS (ROUTE DE),,,Nuit sans éclairage public,Hors agglomération,Hors intersection,Normale,Sans collision,,,,,,,,,,,3,1,1,1,7
200500044276,0005-07-05 16:00:00,5,7,5,16,0,280,85.0,"SANS, MASSACRE (RUE DU)",,,Plein jour,En agglomération,Hors intersection,Normale,Autre collision,,,,,,,,,,,1,2,1,1,6
200500044277,0005-07-09 01:55:00,5,7,9,1,55,280,70.0,"SANS, SAINT PREST (RUE D",,,Nuit sans éclairage public,En agglomération,Intersection en T,Pluie forte,Deux véhicules - arrière,,,,,,,,,,,3,2,3,3,2
200500044278,0005-07-11 13:05:00,5,7,11,13,5,280,229.0,"SANS, BRETAGNE (AVENUE D",,,Plein jour,En agglomération,Intersection en X,Normale,Deux véhicules - côté,,,,,,,,,,,1,2,2,1,3
200500044279,0005-07-14 07:25:00,5,7,14,7,25,280,209.0,"SANS, PAIX (AVENUE DE LA",,,Plein jour,En agglomération,Hors intersection,Normale,Autre collision,,,,,,,,,,,1,2,1,1,6
200500044280,0005-07-16 17:50:00,5,7,16,17,50,280,70.0,"SANS, D823",,,Plein jour,En agglomération,Hors intersection,Normale,Deux véhicules - frontale,,,,,,,,,,,1,2,1,1,1
200500044281,0005-07-26 08:50:00,5,7,26,8,50,280,229.0,"sans, R.D.905",,,Plein jour,Hors agglomération,Hors intersection,Normale,Deux véhicules - côté,,,,,,,,,,,1,1,1,1,3
200500044282,0005-07-13 05:30:00,5,7,13,5,30,280,229.0,,,,Crépuscule ou aube,Hors agglomération,Hors intersection,Normale,Deux véhicules - frontale,,,,,,,,,,,2,1,1,1,1
200500044283,0005-07-08 09:30:00,5,7,8,9,30,280,134.0,MARCEAU (AVENUE DU GENER,,,Plein jour,En agglomération,Intersection en T,Normale,Autre collision,,,,,,,,,,,1,2,3,1,6
200500044284,0005-07-15 15:25:00,5,7,15,15,25,280,404.0,CHARTRES (AVE DE),,,Plein jour,En agglomération,Hors intersection,Normale,Deux véhicules - arrière,,,,,,,,,,,1,2,1,1,2
200500044285,0005-07-16 11:43:00,5,7,16,11,43,280,134.0,RN 12 (CARREFOUR DELISLE,,,Plein jour,En agglomération,Hors intersection,Normale,Trois véhicules et plus - collisions multiples,,,,,,,,,,,1,2,1,1,5
200500044286,0005-07-17 07:55:00,5,7,17,7,55,280,134.0,POTEZ (RUE HENRY),,,Crépuscule ou aube,En agglomération,Intersection en T,Normale,Deux véhicules - côté,,,,,,,,,,,2,2,3,1,3
200500044287,0005-07-24 18:25:00,5,7,24,18,25,280,404.0,FRANCOIS MITTERAND (AVE),,,Plein jour,En agglomération,Intersection en T,Normale,Deux véhicules - côté,,,,,,,,,,,1,2,3,1,3
200500044288,0005-07-28 15:16:00,5,7,28,15,16,280,404.0,CRECY (ROUTE DE),,,Plein jour,En agglomération,Giratoire,Normale,Deux véhicules - côté,,,,,,,,,,,1,2,6,1,3
200500044289,0005-07-01 18:30:00,5,7,1,18,30,290,19.0,"12, QUIMPER (DE 1 A 103",,,Plein jour,En agglomération,Hors intersection,Normale,Autre collision,,,,,,,,,,,1,2,1,1,6
200500044290,0005-07-04 20:10:00,5,7,4,20,10,290,19.0,FREMINVILLE,,,Plein jour,En agglomération,Intersection en X,Normale,Deux véhicules - côté,,,,,,,,,,,1,2,2,1,3
200500044291,0005-07-05 15:25:00,5,7,5,15,25,290,19.0,"., MELOU GEORGES (DE 1 A",,,Plein jour,En agglomération,Intersection en X,Pluie légère,Deux véhicules - côté,,,,,,,,,,,1,2,2,2,3
200500044292,0005-07-06 18:45:00,5,7,6,18,45,290,19.0,"., SAINTE ANNE DU PORTZI",,,Plein jour,En agglomération,Autre intersection,Normale,Sans collision,,,,,,,,,,,1,2,9,1,7
200500044293,0005-07-06 20:05:00,5,7,6,20,5,290,19.0,"., TALLINN (SANS N° DE D",,,Plein jour,En agglomération,Intersection en X,Normale,Trois véhicules et plus - en chaîne,,,,,,,,,,,1,2,2,1,4
200500044294,0005-07-08 08:35:00,5,7,8,8,35,290,19.0,"., LOTI PIERRE",,,Plein jour,En agglomération,Intersection en X,Normale,Deux véhicules - côté,,,,,,,,,,,1,2,2,1,3
200500044295,0005-07-13 10:15:00,5,7,13,10,15,290,19.0,"., JAURES JEAN (DE 1 A 4",,,Plein jour,En agglomération,Hors intersection,Normale,Deux véhicules - arrière,,,,,,,,,,,1,2,1,1,2
200500044296,0005-07-13 23:12:00,5,7,13,23,12,290,19.0,"., PRIGENT TANGUY (DE ME",,,Nuit sans éclairage public,Hors agglomération,Hors intersection,Normale,Deux véhicules - arrière,,,,,,,,,,,3,1,1,1,2
200500044297,0005-07-14 02:45:00,5,7,14,2,45,290,19.0,"., MONTAIGNE (DE 39 A 11",,,Nuit avec éclairage allumé,En agglomération,Intersection en X,Normale,Deux véhicules - côté,,,,,,,,,,,5,2,2,1,3
200500044298,0005-07-14 04:22:00,5,7,14,4,22,290,19.0,"29, LESVEN JULES (DE 1 A",,,Nuit avec éclairage allumé,En agglomération,Hors intersection,Normale,Autre collision,,,,,,,,,,,5,2,1,1,6
200500044299,0005-07-18 18:40:00,5,7,18,18,40,290,19.0,"., LE GORGEU (N°29 (TOTA",,,Plein jour,En agglomération,Hors intersection,Normale,Autre collision,,,,,,,,,,,1,2,1,1,6
200500044300,0005-07-18 23:50:00,5,7,18,23,50,290,19.0,"., PRIGENT TANGUY (DE ME",,,Nuit avec éclairage allumé,En agglomération,Hors intersection,Normale,Deux véhicules - frontale,,,,,,,,,,,5,2,1,1,1
200500044301,0005-07-19 17:25:00,5,7,19,17,25,290,19.0,"5, LYON (DE 1 A 33 ET 2",,,Plein jour,En agglomération,Hors intersection,Normale,Autre collision,,,,,,,,,,,1,2,1,1,6
200500044302,0005-07-21 21:03:00,5,7,21,21,3,290,19.0,"., DESFOSSES ROMAIN (AMI",,,Plein jour,En agglomération,Giratoire,Normale,Autre collision,,,,,,,,,,,1,2,6,1,6
200500044303,0005-07-29 01:50:00,5,7,29,1,50,290,19.0,"., TREMAUDAN ERNESTINE D",,,Nuit avec éclairage allumé,Hors agglomération,Hors intersection,Normale,Autre collision,,,,,,,,,,,5,1,1,1,6
200500044304,0005-07-31 11:15:00,5,7,31,11,15,290,19.0,"147, VERDUN (DE 53 A 199",,,Plein jour,En agglomération,Hors intersection,Normale,Autre collision,,,,,,,,,,,1,2,1,1,6
200500044305,0005-07-31 15:50:00,5,7,31,15,50,290,19.0,"., EUROPE (DE 58 A 166 E",,,Plein jour,En agglomération,Intersection en X,Normale,Deux véhicules - côté,,,,,,,,,,,1,2,2,1,3
200500044306,0005-07-01 17:55:00,5,7,1,17,55,290,39.0,RD 783,,,Plein jour,Hors agglomération,Intersection en T,Pluie légère,Trois véhicules et plus - en chaîne,,,,,,,,,,,1,1,3,2,4
200500044307,0005-07-16 17:00:00,5,7,16,17,0,290,39.0,"1, RD 783",,,Plein jour,En agglomération,Giratoire,Normale,Trois véhicules et plus - collisions multiples,,,,,,,,,,,1,2,6,1,5
200500044308,0005-07-01 19:15:00,5,7,1,19,15,290,254.0,AR BRUG ( RUE),,,Plein jour,En agglomération,Hors intersection,Normale,Deux véhicules - côté,,,,,,,,,,,1,2,1,1,3
200500044309,0005-07-02 19:00:00,5,7,2,19,0,290,151.0,CIRCONSCRIPTION,,,Plein jour,Hors agglomération,Hors intersection,Normale,Deux véhicules - arrière,,,,,,,,,,,1,1,1,1,2
200500044310,0005-07-03 16:35:00,5,7,3,16,35,290,254.0,SAINT GERMAIN (ROUTE DE),,,Plein jour,En agglomération,Hors intersection,Pluie légère,Autre collision,,,,,,,,,,,1,2,1,2,6
200500044311,0005-07-05 19:15:00,5,7,5,19,15,290,151.0,"39, SERUSIER (RUE PAUL)",,,Plein jour,En agglomération,Intersection en T,Normale,Deux véhicules - frontale,,,,,,,,,,,1,2,3,1,1
200500044312,0005-07-27 22:25:00,5,7,27,22,25,290,254.0,LANNUGUY (LIEU DIT),,,Nuit sans éclairage public,Hors agglomération,Hors intersection,Normale,Autre collision,,,,,,,,,,,3,1,1,1,6
200500044313,0005-07-24 22:30:00,5,7,24,22,30,290,151.0,EXPRESS RN 12 (VOIE),,,Nuit sans éclairage public,Hors agglomération,Autre intersection,Pluie forte,Autre collision,,,,,,,,,,,3,1,9,3,6
200500044314,0005-07-01 15:20:00,5,7,1,15,20,290,232.0,"783, TY BOS AVENUE DE",,,Plein jour,En agglomération,Intersection en T,Pluie légère,Deux véhicules - côté,,,,,,,,,,,1,2,3,2,3
200500044315,0005-07-04 07:29:00,5,7,4,7,29,290,232.0,TROYALLAC'H  ROND POINT,,,Plein jour,Hors agglomération,Giratoire,Normale,Autre collision,,,,,,,,,,,1,1,6,1,6
200500044316,0005-07-05 20:22:00,5,7,5,20,22,290,232.0,DOUARNENEZ ROUTE DE,,,Nuit avec éclairage allumé,Hors agglomération,Hors intersection,Normale,Autre collision,,,,,,,,,,,5,1,1,1,6
200500044317,0005-07-09 09:51:00,5,7,9,9,51,290,232.0,LOC' H ROUTE DU,,,Plein jour,Hors agglomération,Intersection en T,Normale,Deux véhicules - côté,,,,,,,,,,,1,1,3,1,3
200500044318,0005-07-11 13:20:00,5,7,11,13,20,290,232.0,AMIRAL RONARC'H RUE,,,Plein jour,En agglomération,Hors intersection,Normale,Deux véhicules - côté,,,,,,,,,,,1,2,1,1,3
200500044319,0005-07-31 00:05:00,5,7,31,0,5,290,232.0,"36, FALKIRK RUE DE",,,Nuit avec éclairage allumé,En agglomération,Intersection en T,Normale,Deux véhicules - côté,,,,,,,,,,,5,2,3,1,3
200500044320,0005-07-05 19:40:00,5,7,5,19,40,300,243.0,"., CAMPELLO (AVENUE DE)",,,Plein jour,En agglomération,Hors intersection,Normale,Deux véhicules - côté,,,,,,,,,,,1,2,1,1,3
200500044321,0005-07-11 09:20:00,5,7,11,9,20,300,7.0,BAGNOLS (ROUTE DE),,,Plein jour,En agglomération,Hors intersection,Normale,Deux véhicules - côté,,,,,,,,,,,1,2,1,1,3
200500044322,0005-07-12 17:15:00,5,7,12,17,15,300,7.0,"., MICHELET (RUE)",,,Plein jour,En agglomération,Hors intersection,Normale,Sans collision,,,,,,,,,,,1,2,1,1,7
200500044323,0005-07-22 17:00:00,5,7,22,17,0,300,7.0,"., MONGE (AVENUE)",,,Plein jour,En agglomération,Hors intersection,Normale,Deux véhicules - arrière,,,,,,,,,,,1,2,1,1,2
200500044324,0005-07-24 04:27:00,5,7,24,4,27,300,7.0,"., ANDUZE (AVE)",,,Nuit avec éclairage allumé,En agglomération,Hors intersection,Normale,Autre collision,,,,,,,,,,,5,2,1,1,6
200500044325,0005-07-16 14:30:00,5,7,16,14,30,300,28.0,PONT SAINT ESPRIT (ROUTE,,,Plein jour,En agglomération,Hors intersection,Normale,Deux véhicules - côté,,,,,,,,,,,1,2,1,1,3
200500044326,0005-07-04 16:40:00,5,7,4,16,40,300,28.0,ROQUETTE (AVENUE DE LA),,,Plein jour,En agglomération,Hors intersection,Normale,Deux véhicules - côté,,,,,,,,,,,1,2,1,1,3
200500044327,0005-07-17 05:50:00,5,7,17,5,50,300,28.0,ROUTE DE SAINT GERVAIS,,,Crépuscule ou aube,Hors agglomération,Hors intersection,Normale,Sans collision,,,,,,,,,,,2,1,1,1,7
200500044328,0005-07-18 14:50:00,5,7,18,14,50,300,28.0,"24, MAYRE (AVENUE DE LA)",,,Plein jour,En agglomération,Hors intersection,Normale,Autre collision,,,,,,,,,,,1,2,1,1,6
200500044329,0005-07-19 20:20:00,5,7,19,20,20,300,28.0,"162, ALPHONSE DAUDET (AV",,,Plein jour,En agglomération,Hors intersection,Normale,Autre collision,,,,,,,,,,,1,2,1,1,6
200500044330,0005-07-28 15:40:00,5,7,28,15,40,300,28.0,ROUTE DE PONT SAINT ESPR,,,Plein jour,Hors agglomération,Intersection en T,Normale,Deux véhicules - côté,,,,,,,,,,,1,1,3,1,3
200500044331,0005-07-03 21:10:00,5,7,3,21,10,300,32.0,ROUTE DE NIMES (C.D.999),,,Plein jour,Hors agglomération,Giratoire,Normale,Sans collision,,,,,,,,,,,1,1,6,1,7
200500044332,0005-07-17 14:45:00,5,7,17,14,45,300,32.0,"20, GENERAL DE GAULLE (Q",,,Plein jour,En agglomération,Hors intersection,Normale,Deux véhicules - côté,,,,,,,,,,,1,2,1,1,3
200500044333,0005-07-05 08:50:00,5,7,5,8,50,300,189.0,"., ABATTOIR (RUE)",,,Plein jour,En agglomération,Hors intersection,Normale,Deux véhicules - côté,,,,,,,,,,,1,2,1,1,3
200500044334,0005-07-01 20:25:00,5,7,1,20,25,300,189.0,"., BART JEAN (RUE)",,,Plein jour,En agglomération,Intersection en T,Normale,Deux véhicules - côté,,,,,,,,,,,1,2,3,1,3
200500044335,0005-07-01 22:40:00,5,7,1,22,40,300,189.0,"416, LENOIR ETIENNE (RUE",,,Nuit avec éclairage allumé,En agglomération,Hors intersection,Normale,Deux véhicules - arrière,,,,,,,,,,,5,2,1,1,2
200500044336,0005-07-02 09:48:00,5,7,2,9,48,300,189.0,"., LAURIERS  (RUE)",,,Plein jour,En agglomération,Intersection en X,Normale,Deux véhicules - côté,,,,,,,,,,,1,2,2,1,3
200500044337,0005-07-03 00:43:00,5,7,3,0,43,300,189.0,"., LIBERTE (AVENUE)",,,Nuit avec éclairage allumé,En agglomération,Intersection en X,Normale,Deux véhicules - côté,,,,,,,,,,,5,2,2,1,3
200500044338,0005-07-05 06:22:00,5,7,5,6,22,300,189.0,"., ARNAVIEILLE (RUE)",,,Plein jour,En agglomération,Intersection en T,Normale,Deux véhicules - arrière,,,,,,,,,,,1,2,3,1,2
200500044339,0005-07-05 10:30:00,5,7,5,10,30,300,189.0,HUGO VICTOR (BOULEVARD),,,Plein jour,En agglomération,Hors intersection,Normale,Deux véhicules - côté,,,,,,,,,,,1,2,1,1,3
200500044340,0005-07-05 14:10:00,5,7,5,14,10,300,189.0,"., MAS DE VIGNOLLES (ALL",,,Plein jour,En agglomération,Intersection en T,Normale,Deux véhicules - arrière,,,,,,,,,,,1,2,3,1,2
200500044341,0005-07-06 13:00:00,5,7,6,13,0,300,189.0,"., SULLY (RUE)",,,Plein jour,En agglomération,Intersection en X,Normale,Deux véhicules - côté,,,,,,,,,,,1,2,2,1,3
200500044342,0005-07-06 14:40:00,5,7,6,14,40,300,189.0,"., CANAUX (CHEMIN)",,,Plein jour,Hors agglomération,Hors intersection,Normale,Deux véhicules - arrière,,,,,,,,,,,1,1,1,1,2
200500044343,0005-07-06 20:03:00,5,7,6,20,3,300,189.0,"., NATIONS UNIES",,,Plein jour,En agglomération,Giratoire,Normale,Deux véhicules - côté,,,,,,,,,,,1,2,6,1,3
200500044344,0005-07-07 11:59:00,5,7,7,11,59,300,189.0,"., BRICONNET (RUE)",,,Plein jour,En agglomération,Intersection en X,Normale,Deux véhicules - arrière,,,,,,,,,,,1,2,2,1,2
200500044345,0005-07-07 16:13:00,5,7,7,16,13,300,189.0,"1950, MARECHAL JUIN (BOU",,,Plein jour,En agglomération,Hors intersection,Normale,Deux véhicules - côté,,,,,,,,,,,1,2,1,1,3
200500044346,0005-07-07 17:05:00,5,7,7,17,5,300,189.0,"., BEAUCAIRE (ROUTE)",,,Plein jour,En agglomération,Hors intersection,Normale,Deux véhicules - côté,,,,,,,,,,,1,2,1,1,3
200500044347,0005-07-08 12:44:00,5,7,8,12,44,300,189.0,"., MENDES FRANCE PIERRE",,,Plein jour,En agglomération,Hors intersection,Normale,Autre collision,,,,,,,,,,,1,2,1,1,6
200500044348,0005-07-09 17:40:00,5,7,9,17,40,300,189.0,"38, BICHE (RUE)",,,Plein jour,En agglomération,Hors intersection,Normale,Autre collision,,,,,,,,,,,1,2,1,1,6
200500044349,0005-07-11 13:35:00,5,7,11,13,35,300,189.0,"., SAUVE (RUE)",,,Plein jour,En agglomération,Hors intersection,Normale,Autre collision,,,,,,,,,,,1,2,1,1,6
200500044350,0005-07-11 15:34:00,5,7,11,15,34,300,189.0,"127, SAUVE (ROUTE)",,,Plein jour,Hors agglomération,Hors intersection,Normale,Autre collision,,,,,,,,,,,1,1,1,1,6
200500044351,0005-07-11 19:21:00,5,7,11,19,21,300,189.0,UZES (ROUTE D'),,,Plein jour,Hors agglomération,Hors intersection,Normale,Deux véhicules - frontale,,,,,,,,,,,1,1,1,1,1
200500044352,0005-07-12 19:04:00,5,7,12,19,4,300,189.0,SAINT GILLES (ROUTE),,,Plein jour,Hors agglomération,Hors intersection,Normale,Deux véhicules - arrière,,,,,,,,,,,1,1,1,1,2
200500044353,0005-07-12 20:50:00,5,7,12,20,50,300,189.0,"., ARNAVIEILLE (RUE)",,,Plein jour,En agglomération,Hors intersection,Normale,Autre collision,,,,,,,,,,,1,2,1,1,6
200500044354,0005-07-13 11:14:00,5,7,13,11,14,300,189.0,"., ROUQUAIROL (ROUTE)",,,Plein jour,Hors agglomération,Intersection en T,Normale,Deux véhicules - côté,,,,,,,,,,,1,1,3,1,3
200500044355,0005-07-13 18:50:00,5,7,13,18,50,300,189.0,"., DAYAN GEORGES (AVENUE",,,Plein jour,En agglomération,Hors intersection,Normale,Deux véhicules - arrière,,,,,,,,,,,1,2,1,1,2
200500044356,0005-07-15 14:03:00,5,7,15,14,3,300,189.0,"311, MENDES FRANCE PIERR",,,Plein jour,Hors agglomération,Hors intersection,Normale,Deux véhicules - côté,,,,,,,,,,,1,1,1,1,3
200500044357,0005-07-16 13:25:00,5,7,16,13,25,300,189.0,"., JAURES JEAN (BOULEVAR",,,Plein jour,En agglomération,Hors intersection,Normale,Deux véhicules - arrière,,,,,,,,,,,1,2,1,1,2
200500044358,0005-07-16 22:14:00,5,7,16,22,14,300,189.0,"26, MATISSE (RUE)",,,Nuit avec éclairage allumé,En agglomération,Hors intersection,Normale,Autre collision,,,,,,,,,,,5,2,1,1,6
200500044359,0005-07-19 20:40:00,5,7,19,20,40,300,189.0,ARLES (ROUTE),,,Plein jour,Hors agglomération,Hors intersection,Normale,Trois véhicules et plus - collisions multiples,,,,,,,,,,,1,1,1,1,5
200500044360,0005-07-20 03:20:00,5,7,20,3,20,300,189.0,"., CANAUX (CHEMIN)",,,Nuit sans éclairage public,Hors agglomération,Hors intersection,Normale,Autre collision,,,,,,,,,,,3,1,1,1,6
200500044361,0005-07-20 16:25:00,5,7,20,16,25,300,189.0,"., BOUVINE (AVENUE)",,,Plein jour,En agglomération,Hors intersection,Normale,Trois véhicules et plus - collisions multiples,,,,,,,,,,,1,2,1,1,5