accident_id,datetime,annee,mois,jour,heure,minute,departement,commune_insee,adresse,latitude,longitude,luminosite,agglomeration,intersection,meteo,collision,nb_vehicules,nb_usagers,nb_indemnes,nb_tues,nb_blesses_hosp,nb_blesses_legers,age_cond_1,age_cond_2,veh_type_cond_1,veh_type_cond_2,lum_code,agg_code,int_code,atm_code,col_code
200500044751,0005-07-19 15:35:00,5,7,19,15,35,380,185.0,"00, ROBESPIERRE (CHEMIN)",,,Plein jour,En agglomération,Intersection en X,Normale,Deux véhicules - côté,,,,,,,,,,,1,2,2,1,3
200500044752,0005-07-19 20:45:00,5,7,19,20,45,380,421.0,"00, PERI (AVENUE G.)",,,Nuit avec éclairage allumé,En agglomération,Hors intersection,Normale,Deux véhicules - côté,,,,,,,,,,,5,2,1,1,3
200500044753,0005-07-22 16:55:00,5,7,22,16,55,380,185.0,"00, BELGRADE (RUE DE)",,,Plein jour,Hors agglomération,Hors intersection,Normale,Deux véhicules - frontale,,,,,,,,,,,1,1,1,1,1
200500044754,0005-07-22 17:15:00,5,7,22,17,15,380,185.0,A.480 (AUTOROUTE),,,Plein jour,Hors agglomération,Hors intersection,Normale,Deux véhicules - arrière,,,,,,,,,,,1,1,1,1,2
200500044755,0005-07-23 15:40:00,5,7,23,15,40,380,185.0,"26, LIBERATION (COURS) 1",,,Plein jour,En agglomération,Hors intersection,Normale,Autre collision,,,,,,,,,,,1,2,1,1,6
200500044756,0005-07-25 18:30:00,5,7,25,18,30,380,185.0,"23, IRVOY (RUE)",,,Plein jour,En agglomération,Intersection en X,Normale,Deux véhicules - côté,,,,,,,,,,,1,2,2,1,3
200500044757,0005-07-26 23:15:00,5,7,26,23,15,380,185.0,"00, LIBERATION (COURS) 1",,,Nuit avec éclairage allumé,En agglomération,Intersection en X,Normale,Deux véhicules - côté,,,,,,,,,,,5,2,2,1,3
200500044758,0005-07-28 13:45:00,5,7,28,13,45,380,185.0,"00, PORTE DE FRANCE (PON",,,Plein jour,En agglomération,Autre intersection,Normale,Trois véhicules et plus - en chaîne,,,,,,,,,,,1,2,9,1,4
200500044759,0005-07-28 19:15:00,5,7,28,19,15,380,185.0,"00, DIDEROT (RUE)",,,Plein jour,En agglomération,Autre intersection,Normale,Autre collision,,,,,,,,,,,1,2,9,1,6
200500044760,0005-07-28 20:00:00,5,7,28,20,0,380,185.0,"01, RAVANAT (RUE ALB.)",,,Nuit avec éclairage allumé,En agglomération,Hors intersection,Normale,Deux véhicules - frontale,,,,,,,,,,,5,2,1,1,1
200500044761,0005-07-28 18:20:00,5,7,28,18,20,380,185.0,AUTOROUTE,,,Plein jour,Hors agglomération,Hors intersection,Normale,Deux véhicules - arrière,,,,,,,,,,,1,1,1,1,2
200500044762,0005-07-29 02:30:00,5,7,29,2,30,380,185.0,"101, JAURES (COURS J.)",,,Nuit avec éclairage allumé,En agglomération,Autre intersection,Normale,Deux véhicules - arrière,,,,,,,,,,,5,2,9,1,2
200500044763,0005-07-29 08:00:00,5,7,29,8,0,380,185.0,A.480 (AUTOROUTE),,,Plein jour,Hors agglomération,Hors intersection,Normale,Autre collision,,,,,,,,,,,1,1,1,1,6
200500044764,0005-07-31 18:00:00,5,7,31,18,0,380,185.0,"00, LAVOISIER (RUE)",,,Plein jour,En agglomération,Intersection en X,Normale,Deux véhicules - côté,,,,,,,,,,,1,2,2,1,3
200500044765,0005-07-27 10:30:00,5,7,27,10,30,380,544.0,"35, RIONDET(QUAI)",,,Plein jour,En agglomération,Hors intersection,Normale,Autre collision,,,,,,,,,,,1,2,1,1,6
200500044766,0005-07-17 19:40:00,5,7,17,19,40,380,563.0,"44, DENFERT ROCHEREAU (B",,,Plein jour,En agglomération,Hors intersection,Normale,Trois véhicules et plus - en chaîne,,,,,,,,,,,1,2,1,1,4
200500044767,0005-07-28 13:40:00,5,7,28,13,40,390,300.0,"0, EUROPE (BOULEVARD DE",,,Plein jour,En agglomération,Autre intersection,Normale,Deux véhicules - arrière,,,,,,,,,,,1,2,9,1,2
200500044768,0005-07-21 19:40:00,5,7,21,19,40,400,88.0,SAINT-VINCENT DE PAUL (A,,,Plein jour,En agglomération,Hors intersection,Normale,Deux véhicules - côté,,,,,,,,,,,1,2,1,1,3
200500044769,0005-07-28 13:05:00,5,7,28,13,5,400,279.0,"47, THORE (RUE)",,,Plein jour,En agglomération,Hors intersection,Normale,Deux véhicules - côté,,,,,,,,,,,1,2,1,1,3
200500044770,0005-07-29 20:13:00,5,7,29,20,13,400,279.0,"31, CASTETCRABE (RUE DE)",,,Plein jour,En agglomération,Hors intersection,Normale,Deux véhicules - frontale,,,,,,,,,,,1,2,1,1,1
200500044771,0005-07-30 14:11:00,5,7,30,14,11,400,279.0,BOULOGNE (ALLEE DU BOIS,,,Plein jour,En agglomération,Hors intersection,Normale,Autre collision,,,,,,,,,,,1,2,1,1,6
200500044772,0005-07-04 19:30:00,5,7,4,19,30,400,192.0,MORCENX (AV DE),,,Plein jour,Hors agglomération,Hors intersection,Normale,Trois véhicules et plus - collisions multiples,,,,,,,,,,,1,1,1,1,5
200500044773,0005-07-07 23:15:00,5,7,7,23,15,400,192.0,MORCENX (AV DE),,,Nuit sans éclairage public,Hors agglomération,Hors intersection,Normale,Trois véhicules et plus - collisions multiples,,,,,,,,,,,3,1,1,1,5
200500044774,0005-07-12 12:20:00,5,7,12,12,20,400,281.0,ROCADE OUEST (RN 134),,,Plein jour,Hors agglomération,Intersection en X,Normale,Deux véhicules - côté,,,,,,,,,,,1,1,2,1,3
200500044775,0005-07-16 23:40:00,5,7,16,23,40,400,192.0,"1, FOCH (AV DU MARECHAL)",,,Nuit sans éclairage public,En agglomération,Hors intersection,Normale,Sans collision,,,,,,,,,,,3,2,1,1,7
200500044776,0005-07-23 23:10:00,5,7,23,23,10,400,281.0,SAINT-SEVER (AV DE),,,Nuit avec éclairage allumé,Hors agglomération,Hors intersection,Normale,Autre collision,,,,,,,,,,,5,1,1,1,6
200500044777,0005-07-27 09:38:00,5,7,27,9,38,400,281.0,BAYONNE (ROUTE DE) RN 12,,,Plein jour,Hors agglomération,Hors intersection,Normale,Trois véhicules et plus - collisions multiples,,,,,,,,,,,1,1,1,1,5
200500044778,0005-07-27 19:15:00,5,7,27,19,15,400,281.0,BENQUET (ROUTE DE) R.D.,,,Plein jour,Hors agglomération,Hors intersection,Normale,Deux véhicules - frontale,,,,,,,,,,,1,1,1,1,1
200500044779,0005-07-12 18:35:00,5,7,12,18,35,400,192.0,"343, MIDOU (AV DU)",,,Plein jour,En agglomération,Hors intersection,Normale,Deux véhicules - côté,,,,,,,,,,,1,2,1,1,3
200500044780,0005-07-01 10:40:00,5,7,1,10,40,410,18.0,VENDOME (AVENUE DE),,,Plein jour,En agglomération,Hors intersection,Normale,Sans collision,,,,,,,,,,,1,2,1,1,7
200500044781,0005-07-02 09:55:00,5,7,2,9,55,410,18.0,LATTRE DE TASSIGNY (QUAI,,,Plein jour,En agglomération,Hors intersection,Normale,Autre collision,,,,,,,,,,,1,2,1,1,6
200500044782,0005-07-02 18:45:00,5,7,2,18,45,410,18.0,RD200,,,Plein jour,En agglomération,Giratoire,Normale,Sans collision,,,,,,,,,,,1,2,6,1,7
200500044783,0005-07-04 08:00:00,5,7,4,8,0,410,18.0,DORET (RUE MARCEL),,,Plein jour,En agglomération,Intersection en X,Pluie forte,Trois véhicules et plus - collisions multiples,,,,,,,,,,,1,2,2,3,5
200500044784,0005-07-04 12:20:00,5,7,4,12,20,410,18.0,FRANCE (AVENUE DE)  1,,,Plein jour,En agglomération,Hors intersection,Normale,Trois véhicules et plus - en chaîne,,,,,,,,,,,1,2,1,1,4
200500044785,0005-07-06 08:25:00,5,7,6,8,25,410,18.0,BOULLE (RUE ANDRE),,,Crépuscule ou aube,En agglomération,Intersection en T,Normale,Deux véhicules - côté,,,,,,,,,,,2,2,3,1,3
200500044786,0005-07-07 17:10:00,5,7,7,17,10,410,18.0,BOURG NEUF (RUE DU),,,Plein jour,En agglomération,Hors intersection,Normale,Autre collision,,,,,,,,,,,1,2,1,1,6
200500044787,0005-07-08 15:25:00,5,7,8,15,25,410,18.0,DUPRE (RUE),,,Plein jour,En agglomération,Intersection en T,Normale,Autre collision,,,,,,,,,,,1,2,3,1,6
200500044788,0005-07-09 16:10:00,5,7,9,16,10,410,18.0,D174,,,Plein jour,En agglomération,Hors intersection,Normale,Trois véhicules et plus - en chaîne,,,,,,,,,,,1,2,1,1,4
200500044789,0005-07-08 20:50:00,5,7,8,20,50,410,18.0,"0, CHATEAU RUE DU)",,,Crépuscule ou aube,En agglomération,Hors intersection,Temps couvert,Deux véhicules - frontale,,,,,,,,,,,2,2,1,8,1
200500044790,0005-07-12 12:14:00,5,7,12,12,14,410,212.0,BASSES ROCHES (RUE DES),,,Plein jour,En agglomération,Hors intersection,Normale,Deux véhicules - arrière,,,,,,,,,,,1,2,1,1,2
200500044791,0005-07-16 16:09:00,5,7,16,16,9,410,18.0,"51, PAPIN (RUE DENIS)",,,Plein jour,En agglomération,Hors intersection,Normale,Trois véhicules et plus - en chaîne,,,,,,,,,,,1,2,1,1,4
200500044792,0005-07-16 19:30:00,5,7,16,19,30,410,18.0,"35, BASSES DES GROUETS (",,,Crépuscule ou aube,En agglomération,Hors intersection,Normale,Sans collision,,,,,,,,,,,2,2,1,1,7
200500044793,0005-07-18 19:30:00,5,7,18,19,30,410,18.0,"58, VERDUN (AVENUE DE)",,,Crépuscule ou aube,En agglomération,Hors intersection,Normale,Deux véhicules - côté,,,,,,,,,,,2,2,1,1,3
200500044794,0005-07-25 12:20:00,5,7,25,12,20,410,18.0,CHAMBORD (ROUTE DE),,,Plein jour,En agglomération,Hors intersection,Normale,Deux véhicules - frontale,,,,,,,,,,,1,2,1,1,1
200500044795,0005-07-12 03:50:00,5,7,12,3,50,410,194.0,"11, HENRI DUNANT (RUE)",,,Nuit avec éclairage allumé,En agglomération,Hors intersection,Normale,Sans collision,,,,,,,,,,,5,2,1,1,7
200500044796,0005-07-23 19:45:00,5,7,23,19,45,410,269.0,"., REPUBLIQUE (PLACE DE",,,Plein jour,En agglomération,Place,Pluie légère,Sans collision,,,,,,,,,,,1,2,7,2,7
200500044797,0005-07-13 07:40:00,5,7,13,7,40,420,44.0,CD 3088 (CONTOURNEMENT),,,Plein jour,En agglomération,Hors intersection,Temps éblouissant,Deux véhicules - arrière,,,,,,,,,,,1,2,1,7,2
200500044798,0005-07-17 03:10:00,5,7,17,3,10,420,44.0,"3, Halles ( Rue des )",,,Nuit avec éclairage allumé,En agglomération,Hors intersection,Normale,Autre collision,,,,,,,,,,,5,2,1,1,6
200500044799,0005-07-29 15:15:00,5,7,29,15,15,420,44.0,THOMAS (RUE),,,Plein jour,En agglomération,Hors intersection,Pluie légère,Autre collision,,,,,,,,,,,1,2,1,2,6
200500044800,0005-07-03 18:50:00,5,7,3,18,50,420,95.0,"25, VOLTAIRE (RUE)",,,Plein jour,En agglomération,Intersection en X,Normale,Deux véhicules - côté,,,,,,,,,,,1,2,2,1,3
200500044801,0005-07-07 14:00:00,5,7,7,14,0,420,316.0,"5, PASTEUR (RUE)",,,Plein jour,En agglomération,Hors intersection,Pluie légère,Deux véhicules - côté,,,,,,,,,,,1,2,1,2,3
200500044802,0005-07-08 18:00:00,5,7,8,18,0,420,316.0,"2, FRANKLIN (RUE)",,,Plein jour,En agglomération,Hors intersection,Normale,Deux véhicules - frontale,,,,,,,,,,,1,2,1,1,1
200500044803,0005-07-29 18:05:00,5,7,29,18,5,420,99.0,"40, JOLIOT CURIE (RUE IR",,,Plein jour,En agglomération,Hors intersection,Normale,Deux véhicules - frontale,,,,,,,,,,,1,2,1,1,1
200500044804,0005-07-29 11:50:00,5,7,29,11,50,420,316.0,CHENIER (RUE ANDRE),,,Plein jour,Hors agglomération,Hors intersection,Pluie légère,Deux véhicules - frontale,,,,,,,,,,,1,1,1,2,1
200500044805,0005-07-12 23:10:00,5,7,12,23,10,420,316.0,DE GAULLE (RUE CHARLES),,,Nuit sans éclairage public,Hors agglomération,Hors intersection,Normale,Autre collision,,,,,,,,,,,3,1,1,1,6
200500044806,0005-07-22 17:15:00,5,7,22,17,15,420,99.0,"9, LANGEVIN (RUE PAUL)",,,Plein jour,En agglomération,Hors intersection,Normale,Deux véhicules - frontale,,,,,,,,,,,1,2,1,1,1
200500044807,0005-07-27 20:00:00,5,7,27,20,0,420,44.0,ONDAINE (RUE DE L'),,,Plein jour,En agglomération,Intersection en X,Normale,Deux véhicules - côté,,,,,,,,,,,1,2,2,1,3
200500044808,0005-07-28 08:15:00,5,7,28,8,15,420,95.0,"105, FAYOL (BOULEVARD)",,,Plein jour,En agglomération,Hors intersection,Normale,Autre collision,,,,,,,,,,,1,2,1,1,6
200500044809,0005-07-28 14:30:00,5,7,28,14,30,420,95.0,DORIAN (ROND POINT),,,Plein jour,En agglomération,Hors intersection,Normale,Deux véhicules - arrière,,,,,,,,,,,1,2,1,1,2
200500044810,0005-07-30 05:35:00,5,7,30,5,35,420,95.0,"152, FAYOL (BOULEVARD)",,,Nuit avec éclairage allumé,En agglomération,Hors intersection,Normale,Trois véhicules et plus - collisions multiples,,,,,,,,,,,5,2,1,1,5
200500044811,0005-07-01 06:57:00,5,7,1,6,57,420,299.0,LYON (RUE DE ),,,Plein jour,En agglomération,Hors intersection,Temps éblouissant,Deux véhicules - côté,,,,,,,,,,,1,2,1,7,3
200500044812,0005-07-12 17:53:00,5,7,12,17,53,420,147.0,PIERRE A CHAUX (RUE),,,Plein jour,En agglomération,Intersection en T,Normale,Deux véhicules - côté,,,,,,,,,,,1,2,3,1,3
200500044813,0005-07-08 14:50:00,5,7,8,14,50,420,147.0,"1, GRANGES (ALLEE)",,,Plein jour,En agglomération,Intersection en X,Normale,Deux véhicules - arrière,,,,,,,,,,,1,2,2,1,2
200500044814,0005-07-18 13:50:00,5,7,18,13,50,420,299.0,R.D.204,,,Plein jour,Hors agglomération,Hors intersection,Normale,Deux véhicules - frontale,,,,,,,,,,,1,1,1,1,1
200500044815,0005-07-22 12:10:00,5,7,22,12,10,420,299.0,"1, LYON (RUE DE )",,,Plein jour,En agglomération,Intersection en X,Normale,Deux véhicules - frontale,,,,,,,,,,,1,2,2,1,1
200500044816,0005-07-29 17:10:00,5,7,29,17,10,420,123.0,JAURES RUE JEAN,,,Plein jour,En agglomération,Hors intersection,Normale,Autre collision,,,,,,,,,,,1,2,1,1,6
200500044817,0005-07-02 10:05:00,5,7,2,10,5,420,187.0,"246, CHARLIEU (RUE DE )",,,Plein jour,En agglomération,Hors intersection,Normale,Deux véhicules - arrière,,,,,,,,,,,1,2,1,1,2
200500044818,0005-07-07 12:20:00,5,7,7,12,20,420,127.0,"20, CHAPELLE  (CHEMIN DE",,,Plein jour,En agglomération,Hors intersection,Normale,Deux véhicules - frontale,,,,,,,,,,,1,2,1,1,1
200500044819,0005-07-07 14:15:00,5,7,7,14,15,420,187.0,"20, BRIENNON (ROUTE DE )",,,Plein jour,En agglomération,Hors intersection,Normale,Autre collision,,,,,,,,,,,1,2,1,1,6
200500044820,0005-07-09 02:30:00,5,7,9,2,30,420,187.0,"20, AUGE (RUE JOANNY)",,,Nuit avec éclairage allumé,En agglomération,Intersection en X,Normale,Deux véhicules - côté,,,,,,,,,,,5,2,2,1,3
200500044821,0005-07-14 07:25:00,5,7,14,7,25,420,187.0,"20, PAPIN (RUE DENIS)",,,Plein jour,En agglomération,Intersection en X,Normale,Deux véhicules - frontale,,,,,,,,,,,1,2,2,1,1
200500044822,0005-07-14 20:40:00,5,7,14,20,40,420,187.0,"1, CASANOVA (RUE DANIELL",,,Plein jour,En agglomération,Intersection en X,Normale,Autre collision,,,,,,,,,,,1,2,2,1,6
200500044823,0005-07-17 15:10:00,5,7,17,15,10,420,184.0,", SAINT-ALBAN (RUE DE)",,,Plein jour,En agglomération,Intersection en X,Normale,Deux véhicules - côté,,,,,,,,,,,1,2,2,1,3
200500044824,0005-07-17 08:10:00,5,7,17,8,10,420,71.0,"180, LIBERATION (AVENUE",,,Plein jour,En agglomération,Intersection en T,Normale,Deux véhicules - côté,,,,,,,,,,,1,2,3,1,3
200500044825,0005-07-21 15:05:00,5,7,21,15,5,420,187.0,"55, MULSANT (RUE)",,,Plein jour,En agglomération,Intersection en X,Normale,Autre collision,,,,,,,,,,,1,2,2,1,6
200500044826,0005-07-24 05:05:00,5,7,24,5,5,420,187.0,"36, MOULIN PAILLASSON (R",,,Nuit avec éclairage allumé,En agglomération,Hors intersection,Pluie légère,Autre collision,,,,,,,,,,,5,2,1,2,6
200500044827,0005-07-25 17:00:00,5,7,25,17,0,420,127.0,"20, CHAPELLE  (CHEMIN DE",,,Plein jour,En agglomération,Hors intersection,Normale,Autre collision,,,,,,,,,,,1,2,1,1,6
200500044828,0005-07-27 11:30:00,5,7,27,11,30,420,184.0,"532, RONDET MICHEL (RUE)",,,Plein jour,En agglomération,Hors intersection,Normale,Deux véhicules - arrière,,,,,,,,,,,1,2,1,1,2
200500044829,0005-07-28 10:30:00,5,7,28,10,30,420,187.0,"35, CLERMONT (RUE DE )",,,Plein jour,En agglomération,Hors intersection,Normale,Autre collision,,,,,,,,,,,1,2,1,1,6
200500044830,0005-07-28 16:00:00,5,7,28,16,0,420,127.0,Route nationale 7,,,Plein jour,Hors agglomération,Hors intersection,Normale,Autre collision,,,,,,,,,,,1,1,1,1,6
200500044831,0005-07-28 14:45:00,5,7,28,14,45,420,187.0,"1, MARECHAL JOFFRE (BOUL",,,Plein jour,En agglomération,Intersection en X,Normale,Deux véhicules - côté,,,,,,,,,,,1,2,2,1,3
200500044832,0005-07-03 14:05:00,5,7,3,14,5,420,207.0,"08, DE GAULLE GENERAL RU",,,Plein jour,En agglomération,Intersection en T,Normale,Deux véhicules - côté,,,,,,,,,,,1,2,3,1,3
200500044833,0005-07-21 14:35:00,5,7,21,14,35,420,207.0,"0, POUAY LE PETIT LIEU D",,,Plein jour,Hors agglomération,Hors intersection,Normale,Sans collision,,,,,,,,,,,1,1,1,1,7
200500044834,0005-07-02 09:47:00,5,7,2,9,47,420,218.0,"44, MIMARD ETIENNE A PAR",,,Plein jour,En agglomération,Hors intersection,Normale,Autre collision,,,,,,,,,,,1,2,1,1,6
200500044835,0005-07-02 20:55:00,5,7,2,20,55,420,218.0,"20, BEAUBRUN",,,Plein jour,En agglomération,Hors intersection,Normale,Autre collision,,,,,,,,,,,1,2,1,1,6
200500044836,0005-07-04 09:55:00,5,7,4,9,55,420,237.0,"61, PILAT",,,Plein jour,En agglomération,Hors intersection,Normale,Autre collision,,,,,,,,,,,1,2,1,1,6
200500044837,0005-07-04 16:33:00,5,7,4,16,33,420,305.0,"6, VOLTAIRE",,,Plein jour,En agglomération,Hors intersection,Normale,Autre collision,,,,,,,,,,,1,2,1,1,6
200500044838,0005-07-04 18:20:00,5,7,4,18,20,420,305.0,"33, HUGO VICTOR",,,Plein jour,En agglomération,Intersection en X,Normale,Deux véhicules - côté,,,,,,,,,,,1,2,2,1,3
200500044839,0005-07-04 18:43:00,5,7,4,18,43,420,218.0,MUSSET ALFRED DE (BD) A,,,Plein jour,En agglomération,Hors intersection,Normale,Autre collision,,,,,,,,,,,1,2,1,1,6
200500044840,0005-07-06 08:30:00,5,7,6,8,30,420,218.0,"3, SAINT EXUPERY",,,Plein jour,Hors agglomération,Hors intersection,Normale,Autre collision,,,,,,,,,,,1,1,1,1,6
200500044841,0005-07-11 18:45:00,5,7,11,18,45,420,218.0,"0000000001, MUSSET ALFRE",,,Plein jour,En agglomération,Intersection en X,Normale,Deux véhicules - arrière,,,,,,,,,,,1,2,2,1,2
200500044842,0005-07-12 08:50:00,5,7,12,8,50,420,237.0,"0000000001, BRUGET (JEAN",,,Plein jour,En agglomération,Intersection en T,Normale,Deux véhicules - côté,,,,,,,,,,,1,2,3,1,3
200500044843,0005-07-12 14:39:00,5,7,12,14,39,420,218.0,"16, SAX ADOLPHE",,,Plein jour,En agglomération,Hors intersection,Normale,Deux véhicules - frontale,,,,,,,,,,,1,2,1,1,1
200500044844,0005-07-13 10:00:00,5,7,13,10,0,420,218.0,"67, FAURIEL (COURS)",,,Plein jour,En agglomération,Hors intersection,Normale,Deux véhicules - arrière,,,,,,,,,,,1,2,1,1,2
200500044845,0005-07-14 19:15:00,5,7,14,19,15,420,218.0,"32, JANIN JULES (BD) JUS",,,Plein jour,En agglomération,Hors intersection,Normale,Trois véhicules et plus - collisions multiples,,,,,,,,,,,1,2,1,1,5
200500044846,0005-07-15 12:26:00,5,7,15,12,26,420,218.0,"17, BERT PAUL A PARTIR N",,,Plein jour,En agglomération,Intersection en T,Normale,Deux véhicules - côté,,,,,,,,,,,1,2,3,1,3
200500044847,0005-07-20 07:51:00,5,7,20,7,51,420,218.0,TOUR (DE LA),,,Plein jour,En agglomération,Autre intersection,Normale,Deux véhicules - côté,,,,,,,,,,,1,2,9,1,3
200500044848,0005-07-20 07:52:00,5,7,20,7,52,420,218.0,"27 bis, ROCHETAILLEE (AV",,,Plein jour,En agglomération,Hors intersection,Normale,Autre collision,,,,,,,,,,,1,2,1,1,6
200500044849,0005-07-20 22:50:00,5,7,20,22,50,420,218.0,"5, GARNIER JULES (ALLEE)",,,Nuit avec éclairage allumé,En agglomération,Hors intersection,Normale,Autre collision,,,,,,,,,,,5,2,1,1,6
200500044850,0005-07-21 20:24:00,5,7,21,20,24,420,218.0,VIAL JEAN HIPPOLYTE (PLA,,,Crépuscule ou aube,En agglomération,Hors intersection,Normale,Autre collision,,,,,,,,,,,2,2,1,1,6
200500044851,0005-07-22 00:10:00,5,7,22,0,10,420,218.0,MIMARD ETIENNE A PARTIR,,,Nuit avec éclairage allumé,En agglomération,Intersection en X,Normale,Deux véhicules - côté,,,,,,,,,,,5,2,2,1,3
200500044852,0005-07-23 20:40:00,5,7,23,20,40,420,218.0,"12, CHATELIER (LE)",,,Crépuscule ou aube,En agglomération,Intersection en X,Normale,Deux véhicules - côté,,,,,,,,,,,2,2,2,1,3
200500044853,0005-07-25 13:45:00,5,7,25,13,45,420,218.0,"48, HUSS JEAN",,,Plein jour,En agglomération,Hors intersection,Normale,Deux véhicules - côté,,,,,,,,,,,1,2,1,1,3
200500044854,0005-07-25 18:31:00,5,7,25,18,31,420,218.0,KRUMNOW FREDO (BOULEVARD,,,Plein jour,En agglomération,Intersection en X,Normale,Autre collision,,,,,,,,,,,1,2,2,1,6
200500044855,0005-07-27 20:02:00,5,7,27,20,2,420,218.0,ALLENDE SALVATOR (BOULEV,,,Plein jour,En agglomération,Intersection en T,Normale,Deux véhicules - côté,,,,,,,,,,,1,2,3,1,3
200500044856,0005-07-29 19:30:00,5,7,29,19,30,420,218.0,"6, CHARCOT DOCTEURS JUSQ",,,Plein jour,En agglomération,Hors intersection,Pluie légère,Autre collision,,,,,,,,,,,1,2,1,2,6
200500044857,0005-07-01 12:05:00,5,7,1,12,5,430,41.0,DUPUY (AVENUE CHARLES),,,Plein jour,En agglomération,Hors intersection,Normale,Trois véhicules et plus - collisions multiples,,,,,,,,,,,1,2,1,1,5
200500044858,0005-07-05 13:20:00,5,7,5,13,20,430,41.0,"15, LYON (ROUTE DE)",,,Plein jour,En agglomération,Hors intersection,Normale,Autre collision,,,,,,,,,,,1,2,1,1,6
200500044859,0005-07-01 17:00:00,5,7,1,17,0,440,55.0,"135, MORANDAIS ( AVENUE",,,Plein jour,En agglomération,Hors intersection,Normale,Deux véhicules - arrière,,,,,,,,,,,1,2,1,1,2
200500044860,0005-07-08 22:30:00,5,7,8,22,30,440,55.0,"1, HENNECART ( BOULEVARD",,,Nuit avec éclairage allumé,En agglomération,Hors intersection,Normale,Autre collision,,,,,,,,,,,5,2,1,1,6
200500044861,0005-07-08 23:10:00,5,7,8,23,10,440,55.0,FLANDIN ( AVENUE DU CAPI,,,Nuit avec éclairage allumé,En agglomération,Hors intersection,Normale,Autre collision,,,,,,,,,,,5,2,1,1,6
200500044862,0005-07-11 05:40:00,5,7,11,5,40,440,55.0,GRANDS-PARCS ( CHEMIN DE,,,Nuit sans éclairage public,Hors agglomération,Hors intersection,Normale,Sans collision,,,,,,,,,,,3,1,1,1,7
200500044863,0005-07-16 17:45:00,5,7,16,17,45,440,135.0,"1, BERCAIL ( ALLÉE DU )",,,Plein jour,En agglomération,Hors intersection,Normale,Autre collision,,,,,,,,,,,1,2,1,1,6
200500044864,0005-07-17 16:25:00,5,7,17,16,25,440,55.0,RN 171,,,Plein jour,Hors agglomération,Hors intersection,Normale,Deux véhicules - arrière,,,,,,,,,,,1,1,1,1,2
200500044865,0005-07-21 13:15:00,5,7,21,13,15,440,55.0,CAVALIRE ( ALLÉE ),,,Plein jour,En agglomération,Intersection en X,Normale,Deux véhicules - côté,,,,,,,,,,,1,2,2,1,3
200500044866,0005-07-30 11:40:00,5,7,30,11,40,440,55.0,"0, SAPHIRS ( AVENUE DES",,,Plein jour,En agglomération,Intersection en X,Normale,Deux véhicules - côté,,,,,,,,,,,1,2,2,1,3
200500044867,0005-07-01 13:35:00,5,7,1,13,35,440,109.0,DERVALLIERES ( RUE DES ),,,Plein jour,En agglomération,Intersection en T,Normale,Deux véhicules - côté,,,,,,,,,,,1,2,3,1,3
200500044868,0005-07-01 13:25:00,5,7,1,13,25,440,109.0,"1, BELLAMY ( RUE PAUL )",,,Plein jour,En agglomération,Intersection en X,Normale,Autre collision,,,,,,,,,,,1,2,2,1,6
200500044869,0005-07-01 19:00:00,5,7,1,19,0,440,215.0,"1, ALLENDE (BD SALVADOR)",,,Plein jour,En agglomération,Hors intersection,Normale,Deux véhicules - arrière,,,,,,,,,,,1,2,1,1,2
200500044870,0005-07-01 17:50:00,5,7,1,17,50,440,215.0,"0, BAULE (BD DE LA)",,,Plein jour,En agglomération,Intersection en T,Normale,Deux véhicules - côté,,,,,,,,,,,1,2,3,1,3
200500044871,0005-07-01 16:10:00,5,7,1,16,10,440,109.0,PORTERIE (ST JOPEPH),,,Plein jour,En agglomération,Hors intersection,Normale,Autre collision,,,,,,,,,,,1,2,1,1,6
200500044872,0005-07-04 12:30:00,5,7,4,12,30,440,109.0,BELLAMY ( RUE PAUL ),,,Crépuscule ou aube,En agglomération,Hors intersection,Normale,Autre collision,,,,,,,,,,,2,2,1,1,6
200500044873,0005-07-04 21:00:00,5,7,4,21,0,440,109.0,"., BONNEAU ( PLACE  CROI",,,Plein jour,En agglomération,Giratoire,Normale,Deux véhicules - côté,,,,,,,,,,,1,2,6,1,3
200500044874,0005-07-04 17:00:00,5,7,4,17,0,440,109.0,"80, CURIE ( BD JOLIOT )",,,Plein jour,En agglomération,Hors intersection,Normale,Deux véhicules - côté,,,,,,,,,,,1,2,1,1,3
200500044875,0005-07-04 19:15:00,5,7,4,19,15,440,109.0,"53, DALBY ( BD ERNEST )",,,Plein jour,En agglomération,Hors intersection,Normale,Deux véhicules - côté,,,,,,,,,,,1,2,1,1,3
200500044876,0005-07-06 23:00:00,5,7,6,23,0,440,109.0,"53, BOURDERIES ( RUE DES",,,Nuit avec éclairage allumé,En agglomération,Hors intersection,Pluie légère,Autre collision,,,,,,,,,,,5,2,1,2,6
200500044877,0005-07-05 16:10:00,5,7,5,16,10,440,114.0,RD 75,,,Plein jour,En agglomération,Hors intersection,Pluie légère,Deux véhicules - frontale,,,,,,,,,,,1,2,1,2,1
200500044878,0005-07-07 10:07:00,5,7,7,10,7,440,109.0,"00, MOREAU  ( RUE DU HAU",,,Plein jour,En agglomération,Intersection en X,Normale,Deux véhicules - côté,,,,,,,,,,,1,2,2,1,3
200500044879,0005-07-07 20:50:00,5,7,7,20,50,440,109.0,CASSIN ( BD RENE ),,,Plein jour,En agglomération,Hors intersection,Normale,Autre collision,,,,,,,,,,,1,2,1,1,6
200500044880,0005-07-07 19:00:00,5,7,7,19,0,440,109.0,INGRES ( BD JEAN ),,,Plein jour,En agglomération,Hors intersection,Normale,Deux véhicules - arrière,,,,,,,,,,,1,2,1,1,2