accident_id,datetime,annee,mois,jour,heure,minute,departement,commune_insee,adresse,latitude,longitude,luminosite,agglomeration,intersection,meteo,collision,nb_vehicules,nb_usagers,nb_indemnes,nb_tues,nb_blesses_hosp,nb_blesses_legers,age_cond_1,age_cond_2,veh_type_cond_1,veh_type_cond_2,lum_code,agg_code,int_code,atm_code,col_code
200500044881,0005-07-08 19:05:00,5,7,8,19,5,440,109.0,"., BOIS ( RUE DE LA VILL",,,Plein jour,En agglomération,Intersection en T,Normale,Trois véhicules et plus - collisions multiples,,,,,,,,,,,1,2,3,1,5
200500044882,0005-07-09 18:10:00,5,7,9,18,10,440,109.0,"52, VANNES ( ROUTE DE )",,,Plein jour,En agglomération,Intersection en T,Normale,Deux véhicules - côté,,,,,,,,,,,1,2,3,1,3
200500044883,0005-07-06 16:30:00,5,7,6,16,30,440,109.0,CENSIVE ( CHEMIN  PETITE,,,Plein jour,En agglomération,Hors intersection,Normale,Autre collision,,,,,,,,,,,1,2,1,1,6
200500044884,0005-07-13 11:30:00,5,7,13,11,30,440,109.0,"00, MADELEINE ( CHSE DE",,,Plein jour,En agglomération,Hors intersection,Normale,Autre collision,,,,,,,,,,,1,2,1,1,6
200500044885,0005-07-14 04:50:00,5,7,14,4,50,440,109.0,MALAKOFF ( QUAI DE ),,,Nuit avec éclairage allumé,En agglomération,Hors intersection,Normale,Autre collision,,,,,,,,,,,5,2,1,1,6
200500044886,0005-07-14 10:45:00,5,7,14,10,45,440,109.0,TRARIEUX ( PLACE G ),,,Plein jour,En agglomération,Giratoire,Normale,Trois véhicules et plus - en chaîne,,,,,,,,,,,1,2,6,1,4
200500044887,0005-07-13 10:02:00,5,7,13,10,2,440,109.0,"., GOULLIN ( BD BENONI )",,,Plein jour,En agglomération,Hors intersection,Normale,Deux véhicules - côté,,,,,,,,,,,1,2,1,1,3
200500044888,0005-07-19 21:55:00,5,7,19,21,55,440,109.0,"19, OLIVRAIE  ( RUE DE L",,,Crépuscule ou aube,En agglomération,Hors intersection,Normale,Autre collision,,,,,,,,,,,2,2,1,1,6
200500044889,0005-07-12 07:30:00,5,7,12,7,30,440,109.0,"10, USINES ( CHEMIN DES",,,Plein jour,En agglomération,Hors intersection,Normale,Deux véhicules - arrière,,,,,,,,,,,1,2,1,1,2
200500044890,0005-07-11 12:36:00,5,7,11,12,36,440,215.0,"16, AURIOL (RUE VINCENT)",,,Plein jour,En agglomération,Hors intersection,Normale,Autre collision,,,,,,,,,,,1,2,1,1,6
200500044891,0005-07-13 10:00:00,5,7,13,10,0,440,109.0,"0000000000, GOULLIN ( BD",,,Plein jour,En agglomération,Hors intersection,Normale,Deux véhicules - arrière,,,,,,,,,,,1,2,1,1,2
200500044892,0005-07-15 18:50:00,5,7,15,18,50,440,109.0,NOROIT ( AVENUE DE ),,,Plein jour,En agglomération,Intersection en T,Normale,Autre collision,,,,,,,,,,,1,2,3,1,6
200500044893,0005-07-16 17:05:00,5,7,16,17,5,440,109.0,BEAUPERE ( RUE PAUL ),,,Plein jour,En agglomération,Intersection en X,Normale,Deux véhicules - côté,,,,,,,,,,,1,2,2,1,3
200500044894,0005-07-16 19:55:00,5,7,16,19,55,440,109.0,"00, JACKSONVILLE ( PLACE",,,Plein jour,En agglomération,Hors intersection,Normale,Autre collision,,,,,,,,,,,1,2,1,1,6
200500044895,0005-07-17 07:20:00,5,7,17,7,20,440,109.0,"53, MENETRIER ( RUE FELI",,,Crépuscule ou aube,En agglomération,Intersection en T,Normale,Autre collision,,,,,,,,,,,2,2,3,1,6
200500044896,0005-07-18 08:20:00,5,7,18,8,20,440,109.0,"06, LAURIOL ( BD GABRIEL",,,Plein jour,En agglomération,Hors intersection,Normale,Deux véhicules - côté,,,,,,,,,,,1,2,1,1,3
200500044897,0005-07-18 13:55:00,5,7,18,13,55,440,114.0,NOBEL (RUE ALFRED),,,Plein jour,En agglomération,Intersection en T,Normale,Deux véhicules - côté,,,,,,,,,,,1,2,3,1,3
200500044898,0005-07-19 20:25:00,5,7,19,20,25,440,109.0,"121, DALBY ( BD ERNEST )",,,Plein jour,En agglomération,Hors intersection,Normale,Autre collision,,,,,,,,,,,1,2,1,1,6
200500044899,0005-07-13 18:40:00,5,7,13,18,40,440,215.0,HERBLAIN (PTE ST PERIPH,,,Plein jour,Hors agglomération,Hors intersection,Normale,Deux véhicules - côté,,,,,,,,,,,1,1,1,1,3
200500044900,0005-07-18 17:00:00,5,7,18,17,0,440,109.0,GILARDERIE   ( RUE DE LA,,,Plein jour,En agglomération,Giratoire,Normale,Deux véhicules - frontale,,,,,,,,,,,1,2,6,1,1
200500044901,0005-07-20 05:20:00,5,7,20,5,20,440,215.0,"478, CLISSON / RN149 ( R",,,Nuit avec éclairage allumé,En agglomération,Hors intersection,Normale,Autre collision,,,,,,,,,,,5,2,1,1,6
200500044902,0005-07-20 14:40:00,5,7,20,14,40,440,109.0,DALBY ( BD ERNEST ),,,Plein jour,En agglomération,Hors intersection,Normale,Deux véhicules - côté,,,,,,,,,,,1,2,1,1,3
200500044903,0005-07-20 14:50:00,5,7,20,14,50,440,109.0,"26, MAGELLAN ( QUAI )",,,Plein jour,En agglomération,Hors intersection,Normale,Autre collision,,,,,,,,,,,1,2,1,1,6
200500044904,0005-07-18 20:10:00,5,7,18,20,10,440,109.0,BRUXELLES ( RUE DE ),,,Plein jour,En agglomération,Hors intersection,Normale,Autre collision,,,,,,,,,,,1,2,1,1,6
200500044905,0005-07-22 09:50:00,5,7,22,9,50,440,109.0,"8, MELLINET ( PL GENERAL",,,Plein jour,En agglomération,Hors intersection,Temps éblouissant,Autre collision,,,,,,,,,,,1,2,1,7,6
200500044906,0005-07-23 18:20:00,5,7,23,18,20,440,109.0,MICHEL ( RUE GASTON ),,,Plein jour,En agglomération,Hors intersection,Pluie légère,Deux véhicules - arrière,,,,,,,,,,,1,2,1,2,2
200500044907,0005-07-21 18:05:00,5,7,21,18,5,440,215.0,"1, CHURCHILL (BD WINSTON",,,Plein jour,En agglomération,Hors intersection,Normale,Deux véhicules - côté,,,,,,,,,,,1,2,1,1,3
200500044908,0005-07-25 23:15:00,5,7,25,23,15,440,109.0,"79, DESMOULINS ( RUE CAM",,,Nuit avec éclairage allumé,En agglomération,Hors intersection,Normale,Autre collision,,,,,,,,,,,5,2,1,1,6
200500044909,0005-07-25 18:55:00,5,7,25,18,55,440,215.0,"1, ARMOR(PTE PERIPH EXTE",,,Plein jour,Hors agglomération,Hors intersection,Normale,Deux véhicules - côté,,,,,,,,,,,1,1,1,1,3
200500044910,0005-07-26 07:50:00,5,7,26,7,50,440,109.0,TIR ( RUE CHAMP DE ),,,Plein jour,En agglomération,Intersection en T,Normale,Autre collision,,,,,,,,,,,1,2,3,1,6
200500044911,0005-07-26 17:25:00,5,7,26,17,25,440,109.0,"., ALLONVILLE ( RUE D' )",,,Plein jour,En agglomération,Hors intersection,Normale,Deux véhicules - frontale,,,,,,,,,,,1,2,1,1,1
200500044912,0005-07-27 10:45:00,5,7,27,10,45,440,215.0,ENCHANTES / CD119 ( BD D,,,Plein jour,En agglomération,Hors intersection,Normale,Deux véhicules - côté,,,,,,,,,,,1,2,1,1,3
200500044913,0005-07-28 18:40:00,5,7,28,18,40,440,109.0,JACKSONVILLE ( PLACE ),,,Plein jour,En agglomération,Giratoire,Normale,Deux véhicules - arrière,,,,,,,,,,,1,2,6,1,2
200500044914,0005-07-30 19:00:00,5,7,30,19,0,440,109.0,FLEMING  ( BD ALEXANDER,,,Plein jour,En agglomération,Hors intersection,Normale,Autre collision,,,,,,,,,,,1,2,1,1,6
200500044915,0005-07-01 11:25:00,5,7,1,11,25,440,184.0,RD 492 DU PONT BD HÔPITA,,,Plein jour,En agglomération,Hors intersection,Normale,Deux véhicules - frontale,,,,,,,,,,,1,2,1,1,1
200500044916,0005-07-01 22:18:00,5,7,1,22,18,440,184.0,"14, AURIOL (RUE VINCENT)",,,Nuit avec éclairage allumé,En agglomération,Intersection en X,Normale,Deux véhicules - côté,,,,,,,,,,,5,2,2,1,3
200500044917,0005-07-04 13:55:00,5,7,4,13,55,440,184.0,"1, FRÉGATES (AVENUE DES)",,,Plein jour,En agglomération,Hors intersection,Normale,Deux véhicules - côté,,,,,,,,,,,1,2,1,1,3
200500044918,0005-07-06 19:50:00,5,7,6,19,50,440,184.0,OCÉAN (ROUTE DE L'),,,Plein jour,En agglomération,Hors intersection,Normale,Deux véhicules - arrière,,,,,,,,,,,1,2,1,1,2
200500044919,0005-07-10 03:30:00,5,7,10,3,30,440,184.0,RD 492 DU RP OCÉANIS AU,,,Nuit avec éclairage allumé,En agglomération,Hors intersection,Normale,Sans collision,,,,,,,,,,,5,2,1,1,7
200500044920,0005-07-10 08:05:00,5,7,10,8,5,440,184.0,"89, BERTHAUDERIE (RUE DE",,,Plein jour,En agglomération,Hors intersection,Normale,Sans collision,,,,,,,,,,,1,2,1,1,7
200500044921,0005-07-10 11:55:00,5,7,10,11,55,440,184.0,"43, WILSON (BOULEVARD DU",,,Plein jour,En agglomération,Hors intersection,Normale,Autre collision,,,,,,,,,,,1,2,1,1,6
200500044922,0005-07-13 23:10:00,5,7,13,23,10,440,184.0,"6, MONTESQUIEU (RUE CHAR",,,Nuit avec éclairage allumé,En agglomération,Hors intersection,Normale,Deux véhicules - arrière,,,,,,,,,,,5,2,1,1,2
200500044923,0005-07-15 01:15:00,5,7,15,1,15,440,184.0,"27, APPRENTIS (BOULEVARD",,,Nuit avec éclairage allumé,En agglomération,Hors intersection,Normale,Deux véhicules - côté,,,,,,,,,,,5,2,1,1,3
200500044924,0005-07-18 07:40:00,5,7,18,7,40,440,184.0,RN 471,,,Plein jour,En agglomération,Autre intersection,Normale,Autre collision,,,,,,,,,,,1,2,9,1,6
200500044925,0005-07-17 10:00:00,5,7,17,10,0,440,184.0,"4, BARRIERE (CHEMIN DE L",,,Plein jour,En agglomération,Hors intersection,Normale,Deux véhicules - côté,,,,,,,,,,,1,2,1,1,3
200500044926,0005-07-18 20:45:00,5,7,18,20,45,440,184.0,RD 47,,,Plein jour,En agglomération,Hors intersection,Normale,Sans collision,,,,,,,,,,,1,2,1,1,7
200500044927,0005-07-26 12:55:00,5,7,26,12,55,440,184.0,"31, SANGNIER (RUE MARC)",,,Plein jour,En agglomération,Intersection en X,Normale,Deux véhicules - côté,,,,,,,,,,,1,2,2,1,3
200500044928,0005-07-26 19:52:00,5,7,26,19,52,440,184.0,RD 971,,,Plein jour,En agglomération,Intersection en X,Normale,Deux véhicules - côté,,,,,,,,,,,1,2,2,1,3
200500044929,0005-07-29 01:00:00,5,7,29,1,0,440,184.0,RD 392  (Thomas Edison),,,Nuit avec éclairage allumé,En agglomération,Autre intersection,Normale,Autre collision,,,,,,,,,,,5,2,9,1,6
200500044930,0005-07-30 13:55:00,5,7,30,13,55,440,184.0,"75, LAENNEC (BD DU DR RE",,,Plein jour,En agglomération,Intersection en X,Normale,Deux véhicules - côté,,,,,,,,,,,1,2,2,1,3
200500044931,0005-07-20 16:05:00,5,7,20,16,5,450,4.0,"212, PETITS LOUIS (RUE D",,,Plein jour,En agglomération,Hors intersection,Normale,Autre collision,,,,,,,,,,,1,2,1,1,6
200500044932,0005-07-02 14:50:00,5,7,2,14,50,450,232.0,"1200, BERGERESSE (RUE DE",,,Plein jour,En agglomération,Hors intersection,Normale,Deux véhicules - côté,,,,,,,,,,,1,2,1,1,3
200500044933,0005-07-04 08:20:00,5,7,4,8,20,450,302.0,A 701 (BRETELLE ACCES),,,Plein jour,Hors agglomération,Hors intersection,Pluie légère,Deux véhicules - arrière,,,,,,,,,,,1,1,1,2,2
200500044934,0005-07-04 19:30:00,5,7,4,19,30,450,284.0,"84 bis, LECLERC (AVENUE",,,Plein jour,En agglomération,Intersection en T,Normale,Deux véhicules - côté,,,,,,,,,,,1,2,3,1,3
200500044935,0005-07-07 10:40:00,5,7,7,10,40,450,234.0,"1, TOURS (RUE DE)",,,Plein jour,En agglomération,Intersection en X,Normale,Deux véhicules - côté,,,,,,,,,,,1,2,2,1,3
200500044936,0005-07-07 09:05:00,5,7,7,9,5,450,284.0,FREDEVILLE (RUE DE),,,Plein jour,En agglomération,Intersection en X,Normale,Autre collision,,,,,,,,,,,1,2,2,1,6
200500044937,0005-07-18 10:50:00,5,7,18,10,50,450,147.0,BANNIER (RUE DU FAUBOURG,,,Plein jour,En agglomération,Hors intersection,Normale,Deux véhicules - côté,,,,,,,,,,,1,2,1,1,3
200500044938,0005-07-20 14:56:00,5,7,20,14,56,450,169.0,PN 83,,,Plein jour,En agglomération,Passage à niveau,Normale,Deux véhicules - côté,,,,,,,,,,,1,2,8,1,3
200500044939,0005-07-21 13:00:00,5,7,21,13,0,450,234.0,"12, WICHITA (AVENUE DE)",,,Plein jour,En agglomération,Intersection en T,Normale,Autre collision,,,,,,,,,,,1,2,3,1,6
200500044940,0005-07-21 19:55:00,5,7,21,19,55,450,302.0,"11, PAUL (RUE MARCEL)",,,Plein jour,En agglomération,Intersection en T,Normale,Autre collision,,,,,,,,,,,1,2,3,1,6
200500044941,0005-07-21 13:25:00,5,7,21,13,25,450,234.0,EUROPE (PLACE DE L'EUROP,,,Plein jour,En agglomération,Intersection en X,Normale,Deux véhicules - frontale,,,,,,,,,,,1,2,2,1,1
200500044942,0005-07-20 12:35:00,5,7,20,12,35,450,234.0,"9, LAVEDAN (RUE HENRI LA",,,Plein jour,En agglomération,Hors intersection,Normale,Deux véhicules - côté,,,,,,,,,,,1,2,1,1,3
200500044943,0005-07-16 15:00:00,5,7,16,15,0,450,75.0,BAS CHAMPS (RUE DES BAS,,,Plein jour,En agglomération,Hors intersection,Normale,Autre collision,,,,,,,,,,,1,2,1,1,6
200500044944,0005-07-23 22:00:00,5,7,23,22,0,450,147.0,11 OCTOBRE (RUE DU 11 OC,,,Nuit avec éclairage allumé,En agglomération,Hors intersection,Pluie légère,Deux véhicules - arrière,,,,,,,,,,,5,2,1,2,2
200500044945,0005-07-23 00:50:00,5,7,23,0,50,450,147.0,"R16141, JOIE (RUE DE JOI",,,Nuit avec éclairage allumé,En agglomération,Intersection en X,Normale,Deux véhicules - côté,,,,,,,,,,,5,2,2,1,3
200500044946,0005-07-22 11:40:00,5,7,22,11,40,450,234.0,PARC FLORAL (AVENUE DU P,,,Plein jour,En agglomération,Intersection en X,Normale,Deux véhicules - côté,,,,,,,,,,,1,2,2,1,3
200500044947,0005-07-22 14:35:00,5,7,22,14,35,450,234.0,SECRETAIN (AVENUE ROGER),,,Plein jour,En agglomération,Hors intersection,Normale,Autre collision,,,,,,,,,,,1,2,1,1,6
200500044948,0005-07-22 19:55:00,5,7,22,19,55,450,232.0,", CHIENS (RUE AUX)",,,Plein jour,En agglomération,Intersection en T,Normale,Deux véhicules - côté,,,,,,,,,,,1,2,3,1,3
200500044949,0005-07-26 07:05:00,5,7,26,7,5,450,234.0,"25, ZAY (AVENUE JEAN ZAY",,,Plein jour,En agglomération,Hors intersection,Normale,Autre collision,,,,,,,,,,,1,2,1,1,6
200500044950,0005-07-26 13:15:00,5,7,26,13,15,450,302.0,COIN (RUE DE L'ORME AU C,,,Plein jour,En agglomération,Hors intersection,Normale,Deux véhicules - arrière,,,,,,,,,,,1,2,1,1,2
200500044951,0005-07-28 14:50:00,5,7,28,14,50,450,234.0,"7, PARIS (AVENUE DE)",,,Nuit avec éclairage non allumé,En agglomération,Hors intersection,Normale,Trois véhicules et plus - en chaîne,,,,,,,,,,,4,2,1,1,4
200500044952,0005-07-22 12:00:00,5,7,22,12,0,450,232.0,"598, BELOT (RUE MARCEL)",,,Plein jour,En agglomération,Hors intersection,Normale,Autre collision,,,,,,,,,,,1,2,1,1,6
200500044953,0005-07-20 16:40:00,5,7,20,16,40,450,169.0,"195, NATIONALE (ROUTE )",,,Plein jour,En agglomération,Hors intersection,Normale,Autre collision,,,,,,,,,,,1,2,1,1,6
200500044954,0005-07-30 14:05:00,5,7,30,14,5,450,302.0,ROUTE NATIONALE 20,,,Plein jour,En agglomération,Intersection en X,Normale,Autre collision,,,,,,,,,,,1,2,2,1,6
200500044955,0005-07-30 10:15:00,5,7,30,10,15,450,234.0,"14, MADELEINE (QUAI DE L",,,Plein jour,En agglomération,Intersection en T,Temps couvert,Deux véhicules - arrière,,,,,,,,,,,1,2,3,8,2
200500044956,0005-07-16 18:05:00,5,7,16,18,5,460,42.0,ORMEAUX (COTE DES),,,Plein jour,En agglomération,Hors intersection,Normale,Deux véhicules - frontale,,,,,,,,,,,1,2,1,1,1
200500044957,0005-07-24 16:05:00,5,7,24,16,5,460,42.0,REGOURD (QUAI DE),,,Plein jour,En agglomération,Hors intersection,Normale,Deux véhicules - frontale,,,,,,,,,,,1,2,1,1,1
200500044958,0005-07-04 17:10:00,5,7,4,17,10,470,1.0,"41, REPUBLIQUE (BOULEVAR",,,Plein jour,En agglomération,Hors intersection,Normale,Deux véhicules - frontale,,,,,,,,,,,1,2,1,1,1
200500044959,0005-07-07 21:55:00,5,7,7,21,55,470,1.0,"69, LIBERTE (BOULEVARD D",,,Nuit avec éclairage allumé,En agglomération,Hors intersection,Pluie légère,Autre collision,,,,,,,,,,,5,2,1,2,6
200500044960,0005-07-11 19:10:00,5,7,11,19,10,470,1.0,CARNOT (BD DU PRESIDENT),,,Plein jour,En agglomération,Hors intersection,Normale,Autre collision,,,,,,,,,,,1,2,1,1,6
200500044961,0005-07-13 18:42:00,5,7,13,18,42,470,1.0,LIBERTE (BOULEVARD DE LA,,,Plein jour,En agglomération,Hors intersection,Normale,Autre collision,,,,,,,,,,,1,2,1,1,6
200500044962,0005-07-18 10:35:00,5,7,18,10,35,470,1.0,JAURES (AV. JEAN),,,Plein jour,En agglomération,Hors intersection,Normale,Deux véhicules - arrière,,,,,,,,,,,1,2,1,1,2
200500044963,0005-07-28 16:02:00,5,7,28,16,2,470,1.0,PELLETAN (BOULEVARD EUGE,,,Plein jour,En agglomération,Hors intersection,Normale,Autre collision,,,,,,,,,,,1,2,1,1,6
200500044964,0005-07-27 17:15:00,5,7,27,17,15,470,1.0,JAURES (AV. JEAN),,,Plein jour,En agglomération,Hors intersection,Normale,Deux véhicules - arrière,,,,,,,,,,,1,2,1,1,2
200500044965,0005-07-16 20:40:00,5,7,16,20,40,470,157.0,"5, DROUILHET (RUE)",,,Plein jour,En agglomération,Hors intersection,Normale,Autre collision,,,,,,,,,,,1,2,1,1,6
200500044966,0005-07-22 20:30:00,5,7,22,20,30,470,157.0,CDT C.BAYLAC (AVENUE),,,Plein jour,En agglomération,Intersection en X,Normale,Deux véhicules - côté,,,,,,,,,,,1,2,2,1,3
200500044967,0005-07-03 21:30:00,5,7,3,21,30,470,323.0,SOUBIROUX (PLAINE DE),,,Crépuscule ou aube,En agglomération,Hors intersection,Normale,Sans collision,,,,,,,,,,,2,2,1,1,7
200500044968,0005-07-07 20:25:00,5,7,7,20,25,470,323.0,CASSENEUIL(ROUTE DE ),,,Plein jour,En agglomération,Hors intersection,Normale,Sans collision,,,,,,,,,,,1,2,1,1,7
200500044969,0005-07-16 20:40:00,5,7,16,20,40,470,323.0,"30, GRELOT",,,Plein jour,En agglomération,Autre intersection,Temps éblouissant,Deux véhicules - côté,,,,,,,,,,,1,2,9,7,3
200500044970,0005-07-28 22:00:00,5,7,28,22,0,470,323.0,"52, FRATERNITE(RUE DE LA",,,Nuit avec éclairage allumé,En agglomération,Autre intersection,Pluie légère,Autre collision,,,,,,,,,,,5,2,9,2,6
200500044971,0005-07-06 16:30:00,5,7,6,16,30,480,95.0,"21, CHAPITRE (ROUTE DU)",,,Plein jour,En agglomération,Hors intersection,Normale,Deux véhicules - côté,,,,,,,,,,,1,2,1,1,3
200500044972,0005-07-01 16:28:00,5,7,1,16,28,490,7.0,"00, MONTAIGNE AVENUE",,,Plein jour,En agglomération,Intersection en X,Normale,Deux véhicules - côté,,,,,,,,,,,1,2,2,1,3
200500044973,0005-07-02 15:18:00,5,7,2,15,18,490,7.0,"00, GREUZE",,,Plein jour,En agglomération,Hors intersection,Normale,Sans collision,,,,,,,,,,,1,2,1,1,7
200500044974,0005-07-03 10:10:00,5,7,3,10,10,490,7.0,"00, CHATENAY AVENUE VICT",,,Plein jour,En agglomération,Intersection en X,Normale,Deux véhicules - côté,,,,,,,,,,,1,2,2,1,3
200500044975,0005-07-03 18:00:00,5,7,3,18,0,490,246.0,"62, DAVID D'ANGERS",,,Plein jour,En agglomération,Hors intersection,Normale,Autre collision,,,,,,,,,,,1,2,1,1,6
200500044976,0005-07-04 17:05:00,5,7,4,17,5,490,7.0,"00, ATLANTIQUE  AVENUE D",,,Plein jour,En agglomération,Hors intersection,Normale,Autre collision,,,,,,,,,,,1,2,1,1,6
200500044977,0005-07-04 19:28:00,5,7,4,19,28,490,7.0,"00, AYRAULT",,,Plein jour,En agglomération,Intersection en T,Normale,Deux véhicules - côté,,,,,,,,,,,1,2,3,1,3
200500044978,0005-07-06 17:15:00,5,7,6,17,15,490,7.0,"00, BEAUSSIER BOULEVARD",,,Plein jour,En agglomération,Hors intersection,Normale,Sans collision,,,,,,,,,,,1,2,1,1,7
200500044979,0005-07-07 08:55:00,5,7,7,8,55,490,353.0,"00, PERREYEUX",,,Plein jour,En agglomération,Hors intersection,Normale,Sans collision,,,,,,,,,,,1,2,1,1,7
200500044980,0005-07-07 12:22:00,5,7,7,12,22,490,7.0,"102, LAREVELLIERE",,,Plein jour,En agglomération,Hors intersection,Normale,Deux véhicules - arrière,,,,,,,,,,,1,2,1,1,2
200500044981,0005-07-07 13:21:00,5,7,7,13,21,490,7.0,"00, GEOFFRAY",,,Plein jour,En agglomération,Giratoire,Normale,Deux véhicules - côté,,,,,,,,,,,1,2,6,1,3
200500044982,0005-07-07 16:12:00,5,7,7,16,12,490,15.0,"21, BOISSIERE AVENUE",,,Plein jour,En agglomération,Hors intersection,Normale,Autre collision,,,,,,,,,,,1,2,1,1,6
200500044983,0005-07-07 16:33:00,5,7,7,16,33,490,7.0,"00, MONPROFIT PLACE",,,Plein jour,En agglomération,Intersection en X,Normale,Deux véhicules - côté,,,,,,,,,,,1,2,2,1,3
200500044984,0005-07-07 21:33:00,5,7,7,21,33,490,7.0,"20, GAGARINE RUE ET SQUA",,,Crépuscule ou aube,En agglomération,Hors intersection,Normale,Autre collision,,,,,,,,,,,2,2,1,1,6
200500044985,0005-07-08 19:36:00,5,7,8,19,36,490,7.0,"00, AQUITAINE",,,Plein jour,En agglomération,Giratoire,Normale,Deux véhicules - arrière,,,,,,,,,,,1,2,6,1,2
200500044986,0005-07-09 04:13:00,5,7,9,4,13,490,7.0,QUAI LIGNY,,,Nuit avec éclairage allumé,En agglomération,Intersection en X,Normale,Autre collision,,,,,,,,,,,5,2,2,1,6
200500044987,0005-07-11 16:16:00,5,7,11,16,16,490,7.0,"60, MONTAIGNE AVENUE",,,Plein jour,En agglomération,Hors intersection,Normale,Deux véhicules - côté,,,,,,,,,,,1,2,1,1,3
200500044988,0005-07-08 19:41:00,5,7,8,19,41,490,7.0,COUBERTIN BOULEVARD,,,Plein jour,En agglomération,Hors intersection,Normale,Sans collision,,,,,,,,,,,1,2,1,1,7
200500044989,0005-07-08 11:04:00,5,7,8,11,4,490,7.0,"0, HARAS ALLEE ET RUE",,,Plein jour,En agglomération,Giratoire,Normale,Sans collision,,,,,,,,,,,1,2,6,1,7
200500044990,0005-07-08 22:43:00,5,7,8,22,43,490,7.0,BARANGE BOULEVARD,,,Nuit avec éclairage allumé,Hors agglomération,Hors intersection,Normale,Sans collision,,,,,,,,,,,5,1,1,1,7
200500044991,0005-07-09 14:31:00,5,7,9,14,31,490,7.0,MEIGNANNE,,,Plein jour,En agglomération,Hors intersection,Normale,Sans collision,,,,,,,,,,,1,2,1,1,7
200500044992,0005-07-13 18:24:00,5,7,13,18,24,490,7.0,BON PASTEUR BOULEVARD,,,Plein jour,En agglomération,Hors intersection,Normale,Sans collision,,,,,,,,,,,1,2,1,1,7
200500044993,0005-07-12 19:05:00,5,7,12,19,5,490,353.0,JEAN JAURES RUE,,,Plein jour,En agglomération,Hors intersection,Normale,Deux véhicules - côté,,,,,,,,,,,1,2,1,1,3
200500044994,0005-07-14 05:04:00,5,7,14,5,4,490,7.0,ARAGON AVENUE,,,Nuit avec éclairage allumé,En agglomération,Hors intersection,Normale,Autre collision,,,,,,,,,,,5,2,1,1,6
200500044995,0005-07-15 20:42:00,5,7,15,20,42,490,353.0,"35, JEAN JAURES RUE",,,Plein jour,En agglomération,Hors intersection,Normale,Deux véhicules - frontale,,,,,,,,,,,1,2,1,1,1
200500044996,0005-07-09 13:45:00,5,7,9,13,45,490,246.0,"00, JOSEPH  CUGNOT",,,Plein jour,En agglomération,Hors intersection,Normale,Sans collision,,,,,,,,,,,1,2,1,1,7
200500044997,0005-07-16 14:48:00,5,7,16,14,48,490,7.0,"00, BARANGE BOULEVARD",,,Plein jour,En agglomération,Hors intersection,Normale,Deux véhicules - côté,,,,,,,,,,,1,2,1,1,3
200500044998,0005-07-20 10:30:00,5,7,20,10,30,490,7.0,SAUMUROISE IMPASSE ET RU,,,Plein jour,En agglomération,Hors intersection,Normale,Trois véhicules et plus - en chaîne,,,,,,,,,,,1,2,1,1,4
200500044999,0005-07-17 09:00:00,5,7,17,9,0,490,7.0,ARNAULD ( HENRI) BOULEVA,,,Plein jour,En agglomération,Hors intersection,Normale,Autre collision,,,,,,,,,,,1,2,1,1,6
200500045000,0005-07-19 19:55:00,5,7,19,19,55,490,7.0,"07, MONTESQUIEU PASSAGE",,,Plein jour,En agglomération,Hors intersection,Normale,Deux véhicules - arrière,,,,,,,,,,,1,2,1,1,2
200500045001,0005-07-15 14:55:00,5,7,15,14,55,490,7.0,"00, BLANCHOIN BOULEVARD",,,Plein jour,En agglomération,Intersection en X,Normale,Deux véhicules - côté,,,,,,,,,,,1,2,2,1,3
200500045002,0005-07-24 17:30:00,5,7,24,17,30,490,7.0,LISE,,,Plein jour,En agglomération,Intersection en X,Normale,Sans collision,,,,,,,,,,,1,2,2,1,7
200500045003,0005-07-29 17:13:00,5,7,29,17,13,490,7.0,"00, ATLANTIQUE  AVENUE D",,,Plein jour,En agglomération,Hors intersection,Normale,Sans collision,,,,,,,,,,,1,2,1,1,7
200500045004,0005-07-16 08:42:00,5,7,16,8,42,490,7.0,ATLANTIQUE  AVENUE DE L',,,Plein jour,Hors agglomération,Hors intersection,Normale,Deux véhicules - arrière,,,,,,,,,,,1,1,1,1,2
200500045005,0005-07-22 06:11:00,5,7,22,6,11,490,7.0,"0, VERNE",,,Crépuscule ou aube,En agglomération,Hors intersection,Normale,Sans collision,,,,,,,,,,,2,2,1,1,7
200500045006,0005-07-28 10:31:00,5,7,28,10,31,490,267.0,"00, RN 147",,,Plein jour,Hors agglomération,Hors intersection,Temps couvert,Autre collision,,,,,,,,,,,1,1,1,8,6
200500045007,0005-07-27 13:42:00,5,7,27,13,42,490,7.0,"00, DESJARDIN",,,Plein jour,En agglomération,Intersection en X,Normale,Deux véhicules - côté,,,,,,,,,,,1,2,2,1,3
200500045008,0005-07-27 20:14:00,5,7,27,20,14,490,7.0,"0, COPERNIC",,,Plein jour,En agglomération,Hors intersection,Normale,Deux véhicules - côté,,,,,,,,,,,1,2,1,1,3
200500045009,0005-07-29 18:36:00,5,7,29,18,36,490,15.0,RD 122,,,Plein jour,Hors agglomération,Hors intersection,Normale,Sans collision,,,,,,,,,,,1,1,1,1,7
200500045010,0005-07-30 05:05:00,5,7,30,5,5,490,7.0,"00, BLANCHOIN BOULEVARD",,,Plein jour,En agglomération,Hors intersection,Normale,Sans collision,,,,,,,,,,,1,2,1,1,7
200500045011,0005-07-30 13:00:00,5,7,30,13,0,490,7.0,"34, VILLECHIEN",,,Plein jour,En agglomération,Hors intersection,Normale,Sans collision,,,,,,,,,,,1,2,1,1,7
200500045012,0005-07-30 14:05:00,5,7,30,14,5,490,7.0,"21, SAINT LAZARE",,,Plein jour,En agglomération,Hors intersection,Normale,Sans collision,,,,,,,,,,,1,2,1,1,7
200500045013,0005-07-31 19:40:00,5,7,31,19,40,490,7.0,"00, PASTEUR AVENUE",,,Plein jour,En agglomération,Hors intersection,Normale,Deux véhicules - côté,,,,,,,,,,,1,2,1,1,3