accident_id,datetime,annee,mois,jour,heure,minute,departement,commune_insee,adresse,latitude,longitude,luminosite,agglomeration,intersection,meteo,collision,nb_vehicules,nb_usagers,nb_indemnes,nb_tues,nb_blesses_hosp,nb_blesses_legers,age_cond_1,age_cond_2,veh_type_cond_1,veh_type_cond_2,lum_code,agg_code,int_code,atm_code,col_code
200500045014,0005-07-16 20:43:00,5,7,16,20,43,490,267.0,BEAUFORT ROUTE,,,Plein jour,En agglomération,Hors intersection,Normale,Deux véhicules - côté,,,,,,,,,,,1,2,1,1,3
200500045015,0005-07-16 00:05:00,5,7,16,0,5,490,7.0,"64, SAINT JACQUES",,,Nuit avec éclairage allumé,En agglomération,Hors intersection,Normale,Sans collision,,,,,,,,,,,5,2,1,1,7
200500045016,0005-07-08 14:56:00,5,7,8,14,56,490,99.0,MOINIE(BOULEVARD DE LA ),,,Plein jour,En agglomération,Hors intersection,Normale,Sans collision,,,,,,,,,,,1,2,1,1,7
200500045017,0005-07-09 01:05:00,5,7,9,1,5,490,99.0,HIPPODROME (AVENUE DE L',,,Nuit sans éclairage public,En agglomération,Hors intersection,Normale,Sans collision,,,,,,,,,,,3,2,1,1,7
200500045018,0005-07-28 07:50:00,5,7,28,7,50,490,99.0,"17, MANS (RUE DU)",,,Plein jour,En agglomération,Hors intersection,Pluie légère,Sans collision,,,,,,,,,,,1,2,1,2,7
200500045019,0005-07-28 21:17:00,5,7,28,21,17,490,99.0,"2, BOUGAINVILLE (RUE DE)",,,Plein jour,En agglomération,Intersection en T,Normale,Deux véhicules - côté,,,,,,,,,,,1,2,3,1,3
200500045020,0005-07-29 14:20:00,5,7,29,14,20,490,99.0,VC 7,,,Plein jour,En agglomération,Hors intersection,Normale,Autre collision,,,,,,,,,,,1,2,1,1,6
200500045021,0005-07-30 11:15:00,5,7,30,11,15,490,99.0,LECOQ (BOULEVARD PIERRE),,,Plein jour,En agglomération,Intersection en T,Normale,Deux véhicules - côté,,,,,,,,,,,1,2,3,1,3
200500045022,0005-07-01 16:40:00,5,7,1,16,40,490,328.0,"SANS, CESSART (PONT)",,,Plein jour,En agglomération,Hors intersection,Normale,Trois véhicules et plus - collisions multiples,,,,,,,,,,,1,2,1,1,5
200500045023,0005-07-06 05:35:00,5,7,6,5,35,490,328.0,"7, BODIN (RUE)",,,Nuit avec éclairage allumé,En agglomération,Hors intersection,Normale,Autre collision,,,,,,,,,,,5,2,1,1,6
200500045024,0005-07-09 07:55:00,5,7,9,7,55,490,328.0,"sans, CHAMPIGNY (ROUTE D",,,Plein jour,En agglomération,Hors intersection,Pluie légère,Autre collision,,,,,,,,,,,1,2,1,2,6
200500045025,0005-07-18 20:10:00,5,7,18,20,10,490,328.0,"sans, MONTAGLAND (RUE DE",,,Plein jour,En agglomération,Intersection en T,Normale,Deux véhicules - côté,,,,,,,,,,,1,2,3,1,3
200500045026,0005-07-27 09:00:00,5,7,27,9,0,490,328.0,"sans, MAUPASSANT (PLACE)",,,Plein jour,En agglomération,Giratoire,Normale,Deux véhicules - arrière,,,,,,,,,,,1,2,6,1,2
200500045027,0005-07-28 22:30:00,5,7,28,22,30,490,328.0,"SANS, RESISTANCE (PLACE",,,Nuit avec éclairage allumé,En agglomération,Intersection en X,Normale,Deux véhicules - côté,,,,,,,,,,,5,2,2,1,3
200500045028,0005-07-01 15:45:00,5,7,1,15,45,500,129.0,"0, REIBELL (AVENUE)",,,Plein jour,En agglomération,Hors intersection,Pluie légère,Deux véhicules - côté,,,,,,,,,,,1,2,1,2,3
200500045029,0005-07-01 19:45:00,5,7,1,19,45,500,203.0,"00, LOGES (CHEMIN DE LA)",,,Plein jour,Hors agglomération,Hors intersection,Pluie légère,Deux véhicules - frontale,,,,,,,,,,,1,1,1,2,1
200500045030,0005-07-02 18:10:00,5,7,2,18,10,500,416.0,"2, ACACIAS (RUE DES)",,,Plein jour,En agglomération,Hors intersection,Normale,Deux véhicules - arrière,,,,,,,,,,,1,2,1,1,2
200500045031,0005-07-02 22:50:00,5,7,2,22,50,500,416.0,"00, PRES (RUE DES)",,,Nuit avec éclairage allumé,En agglomération,Hors intersection,Normale,Sans collision,,,,,,,,,,,5,2,1,1,7
200500045032,0005-07-04 10:10:00,5,7,4,10,10,500,129.0,"136, SALENGRO (RUE ROGER",,,Plein jour,En agglomération,Hors intersection,Normale,Trois véhicules et plus - en chaîne,,,,,,,,,,,1,2,1,1,4
200500045033,0005-07-01 19:46:00,5,7,1,19,46,500,203.0,"00, LOGES (CHEMIN DE LA)",,,Plein jour,Hors agglomération,Hors intersection,Pluie légère,Deux véhicules - arrière,,,,,,,,,,,1,1,1,2,2
200500045034,0005-07-05 12:10:00,5,7,5,12,10,500,129.0,CESSART (AVENUE DE),,,Plein jour,En agglomération,Hors intersection,Normale,Deux véhicules - arrière,,,,,,,,,,,1,2,1,1,2
200500045035,0005-07-08 14:55:00,5,7,8,14,55,500,129.0,"3, ALSACE (RUE DE L')",,,Plein jour,En agglomération,Hors intersection,Normale,Deux véhicules - frontale,,,,,,,,,,,1,2,1,1,1
200500045036,0005-07-09 14:45:00,5,7,9,14,45,500,173.0,SEMBAT (RUE MARCEL),,,Plein jour,En agglomération,Intersection en X,Normale,Deux véhicules - côté,,,,,,,,,,,1,2,2,1,3
200500045037,0005-07-10 00:05:00,5,7,10,0,5,500,129.0,"72, AMIOT (BOULEVARD FEL",,,Nuit avec éclairage allumé,En agglomération,Hors intersection,Normale,Autre collision,,,,,,,,,,,5,2,1,1,6
200500045038,0005-07-11 12:45:00,5,7,11,12,45,500,173.0,"37, FAURE (RUE)",,,Plein jour,En agglomération,Hors intersection,Normale,Autre collision,,,,,,,,,,,1,2,1,1,6
200500045039,0005-07-11 17:25:00,5,7,11,17,25,500,129.0,ABBAYE (RUE DE L'),,,Plein jour,En agglomération,Hors intersection,Normale,Deux véhicules - arrière,,,,,,,,,,,1,2,1,1,2
200500045040,0005-07-14 21:45:00,5,7,14,21,45,500,173.0,"0, SALINE (BOULEVARD DE",,,Plein jour,En agglomération,Hors intersection,Normale,Deux véhicules - côté,,,,,,,,,,,1,2,1,1,3
200500045041,0005-07-18 16:05:00,5,7,18,16,5,500,129.0,ABBAYE (RUE DE L'),,,Plein jour,En agglomération,Hors intersection,Normale,Sans collision,,,,,,,,,,,1,2,1,1,7
200500045042,0005-07-20 22:55:00,5,7,20,22,55,500,129.0,"0, VALLE QUINCAMPOIX",,,Nuit sans éclairage public,En agglomération,Hors intersection,Normale,Autre collision,,,,,,,,,,,3,2,1,1,6
200500045043,0005-07-21 15:50:00,5,7,21,15,50,500,203.0,"0, GLACERIE (ROUTE DE LA",,,Plein jour,En agglomération,Hors intersection,Normale,Sans collision,,,,,,,,,,,1,2,1,1,7
200500045044,0005-07-22 11:40:00,5,7,22,11,40,500,602.0,"120, GAMBETTA (RUE)",,,Plein jour,En agglomération,Hors intersection,Normale,Deux véhicules - côté,,,,,,,,,,,1,2,1,1,3
200500045045,0005-07-23 17:10:00,5,7,23,17,10,500,173.0,"46, HURQUE (RUE DE LA)",,,Plein jour,En agglomération,Hors intersection,Temps couvert,Deux véhicules - côté,,,,,,,,,,,1,2,1,8,3
200500045046,0005-07-24 19:20:00,5,7,24,19,20,500,129.0,"53, FOUACE (RUE GUILLAUM",,,Plein jour,En agglomération,Hors intersection,Normale,Sans collision,,,,,,,,,,,1,2,1,1,7
200500045047,0005-07-27 10:00:00,5,7,27,10,0,500,129.0,"80, FERRY (RUE JULES)",,,Plein jour,Hors agglomération,Hors intersection,Pluie légère,Autre collision,,,,,,,,,,,1,1,1,2,6
200500045048,0005-07-28 12:45:00,5,7,28,12,45,500,129.0,"00, ENTREPOT (QUAI DE L'",,,Plein jour,En agglomération,Hors intersection,Normale,Sans collision,,,,,,,,,,,1,2,1,1,7
200500045049,0005-07-28 16:10:00,5,7,28,16,10,500,129.0,"48, GAMBETTA (RUE)",,,Plein jour,En agglomération,Hors intersection,Normale,Deux véhicules - côté,,,,,,,,,,,1,2,1,1,3
200500045050,0005-07-29 21:10:00,5,7,29,21,10,500,173.0,"162, ARAGO (RUE)",,,Crépuscule ou aube,En agglomération,Hors intersection,Normale,Sans collision,,,,,,,,,,,2,2,1,1,7
200500045051,0005-07-29 22:40:00,5,7,29,22,40,500,129.0,"00, SALENGRO (RUE ROGER)",,,Nuit avec éclairage allumé,En agglomération,Intersection en X,Normale,Autre collision,,,,,,,,,,,5,2,2,1,6
200500045052,0005-07-31 04:10:00,5,7,31,4,10,500,129.0,SCHMITT (AVENUE RENE),,,Nuit avec éclairage allumé,En agglomération,Hors intersection,Pluie légère,Sans collision,,,,,,,,,,,5,2,1,2,7
200500045053,0005-07-13 12:15:00,5,7,13,12,15,500,147.0,"1, ROCADE NORD",,,Plein jour,Hors agglomération,Hors intersection,Normale,Deux véhicules - arrière,,,,,,,,,,,1,1,1,1,2
200500045054,0005-07-28 10:55:00,5,7,28,10,55,500,647.0,"2201, NATIONALE (ANCIENN",,,Plein jour,En agglomération,Hors intersection,Normale,Trois véhicules et plus - en chaîne,,,,,,,,,,,1,2,1,1,4
200500045055,0005-07-10 20:55:00,5,7,10,20,55,500,502.0,HENRI DUNANT,,,Plein jour,En agglomération,Hors intersection,Normale,Sans collision,,,,,,,,,,,1,2,1,1,7
200500045056,0005-07-27 17:40:00,5,7,27,17,40,500,502.0,PARIS,,,Plein jour,En agglomération,Giratoire,Normale,Deux véhicules - côté,,,,,,,,,,,1,2,6,1,3
200500045057,0005-07-13 08:55:00,5,7,13,8,55,510,663.0,"08, ALFRED ANATOLE THEVE",,,Plein jour,En agglomération,Autre intersection,Normale,Deux véhicules - côté,,,,,,,,,,,1,2,9,1,3
200500045058,0005-07-18 16:25:00,5,7,18,16,25,510,230.0,"15, CHAMPAGNE (AVENUE DE",,,Plein jour,En agglomération,Hors intersection,Normale,Deux véhicules - côté,,,,,,,,,,,1,2,1,1,3
200500045059,0005-07-01 03:10:00,5,7,1,3,10,510,454.0,"1, ROYAL (PLACE)",,,Nuit avec éclairage allumé,En agglomération,Place,Normale,Deux véhicules - côté,,,,,,,,,,,5,2,7,1,3
200500045060,0005-07-01 16:55:00,5,7,1,16,55,510,454.0,"92, BREBANT (AVENUE) DU",,,Plein jour,En agglomération,Hors intersection,Normale,Autre collision,,,,,,,,,,,1,2,1,1,6
200500045061,0005-07-01 16:50:00,5,7,1,16,50,510,454.0,"2  à  8, FABIEN (RUE DU",,,Plein jour,En agglomération,Intersection en T,Normale,Deux véhicules - frontale,,,,,,,,,,,1,2,3,1,1
200500045062,0005-07-01 16:00:00,5,7,1,16,0,510,172.0,FRATERNITE (PLACE),,,Plein jour,En agglomération,Giratoire,Normale,Deux véhicules - côté,,,,,,,,,,,1,2,6,1,3
200500045063,0005-07-03 14:55:00,5,7,3,14,55,510,454.0,EPERNAY (AVENUE D') COTE,,,Plein jour,En agglomération,Hors intersection,Normale,Deux véhicules - arrière,,,,,,,,,,,1,2,1,1,2
200500045064,0005-07-06 19:40:00,5,7,6,19,40,510,172.0,NIEPCE (AVENUE NICEPHORE,,,Plein jour,En agglomération,Hors intersection,Normale,Trois véhicules et plus - collisions multiples,,,,,,,,,,,1,2,1,1,5
200500045065,0005-07-11 13:40:00,5,7,11,13,40,510,454.0,SAINT LEONARD (RUE),,,Plein jour,En agglomération,Intersection en X,Normale,Autre collision,,,,,,,,,,,1,2,2,1,6
200500045066,0005-07-11 18:40:00,5,7,11,18,40,510,454.0,GUICHARD (RUE JULES),,,Plein jour,En agglomération,Intersection en X,Normale,Deux véhicules - côté,,,,,,,,,,,1,2,2,1,3
200500045067,0005-07-06 13:40:00,5,7,6,13,40,510,454.0,"32, HODIN (AVENUE GEORGE",,,Plein jour,En agglomération,Autre intersection,Normale,Deux véhicules - côté,,,,,,,,,,,1,2,9,1,3
200500045068,0005-07-19 11:30:00,5,7,19,11,30,510,454.0,LEMOINE (RUE DE DOCTEUR),,,Plein jour,En agglomération,Intersection en X,Normale,Autre collision,,,,,,,,,,,1,2,2,1,6
200500045069,0005-07-19 12:30:00,5,7,19,12,30,510,454.0,LABERTE (RUE ADOLPHE),,,Plein jour,En agglomération,Hors intersection,Normale,Deux véhicules - frontale,,,,,,,,,,,1,2,1,1,1
200500045070,0005-07-22 17:40:00,5,7,22,17,40,510,454.0,"397, LAON (AVENUE) DU N°",,,Plein jour,En agglomération,Hors intersection,Normale,Autre collision,,,,,,,,,,,1,2,1,1,6
200500045071,0005-07-22 14:15:00,5,7,22,14,15,510,454.0,SAINT MARCEAUX (BOULEVAR,,,Plein jour,En agglomération,Intersection en X,Normale,Deux véhicules - côté,,,,,,,,,,,1,2,2,1,3
200500045072,0005-07-27 07:40:00,5,7,27,7,40,510,454.0,"38, MALDAN (RUE)",,,Plein jour,En agglomération,Intersection en X,Normale,Deux véhicules - côté,,,,,,,,,,,1,2,2,1,3
200500045073,0005-07-29 15:20:00,5,7,29,15,20,510,454.0,MAZARIN (RUE),,,Plein jour,En agglomération,Intersection en T,Normale,Deux véhicules - côté,,,,,,,,,,,1,2,3,1,3
200500045074,0005-07-30 17:45:00,5,7,30,17,45,510,454.0,ROSTAND (RUE EDMOND),,,Plein jour,En agglomération,Hors intersection,Normale,Deux véhicules - côté,,,,,,,,,,,1,2,1,1,3
200500045075,0005-07-01 08:50:00,5,7,1,8,50,520,121.0,R.D. 65,,,Plein jour,En agglomération,Hors intersection,Normale,Sans collision,,,,,,,,,,,1,2,1,1,7
200500045076,0005-07-23 18:56:00,5,7,23,18,56,520,121.0,R.D. 417,,,Plein jour,Hors agglomération,Intersection en T,Normale,Deux véhicules - côté,,,,,,,,,,,1,1,3,1,3
200500045077,0005-07-26 11:30:00,5,7,26,11,30,520,121.0,R.N. 74,,,Plein jour,En agglomération,Hors intersection,Normale,Sans collision,,,,,,,,,,,1,2,1,1,7
200500045078,0005-07-01 22:58:00,5,7,1,22,58,520,121.0,"36, BROTTES (RUE DE)",,,Nuit avec éclairage allumé,En agglomération,Hors intersection,Normale,Sans collision,,,,,,,,,,,5,2,1,1,7
200500045079,0005-07-02 20:15:00,5,7,2,20,15,520,121.0,"46, VAL BARIZIEN (RUE DU",,,Plein jour,En agglomération,Intersection en T,Normale,Trois véhicules et plus - en chaîne,,,,,,,,,,,1,2,3,1,4
200500045080,0005-07-14 23:00:00,5,7,14,23,0,520,121.0,"5, BROTTES (RUE DE)",,,Nuit avec éclairage allumé,En agglomération,Intersection en T,Normale,Deux véhicules - frontale,,,,,,,,,,,5,2,3,1,1
200500045081,0005-07-16 05:55:00,5,7,16,5,55,520,121.0,R.D. 65,,,Crépuscule ou aube,Hors agglomération,Hors intersection,Normale,Autre collision,,,,,,,,,,,2,1,1,1,6
200500045082,0005-07-15 19:40:00,5,7,15,19,40,520,121.0,"21, THIERS (BLD)",,,Plein jour,En agglomération,Intersection en T,Normale,Trois véhicules et plus - en chaîne,,,,,,,,,,,1,2,3,1,4
200500045083,0005-07-03 13:30:00,5,7,3,13,30,520,534.0,"3, CEZANNE (RUE PAUL)",,,Plein jour,En agglomération,Autre intersection,Normale,Autre collision,,,,,,,,,,,1,2,9,1,6
200500045084,0005-07-07 02:20:00,5,7,7,2,20,520,534.0,"25, TAMBOURINE (RUE DE L",,,Nuit avec éclairage allumé,En agglomération,Intersection en Y,Normale,Autre collision,,,,,,,,,,,5,2,4,1,6
200500045085,0005-07-16 14:55:00,5,7,16,14,55,520,45.0,ROISES (RUE DES),,,Plein jour,Hors agglomération,Hors intersection,Normale,Autre collision,,,,,,,,,,,1,1,1,1,6
200500045086,0005-07-14 18:10:00,5,7,14,18,10,520,534.0,RN4,,,Plein jour,Hors agglomération,Hors intersection,Normale,Sans collision,,,,,,,,,,,1,1,1,1,7
200500045087,0005-07-09 09:15:00,5,7,9,9,15,520,45.0,BAR LE DUC (ROUTE DE),,,Plein jour,Hors agglomération,Hors intersection,Normale,Autre collision,,,,,,,,,,,1,1,1,1,6
200500045088,0005-07-22 22:40:00,5,7,22,22,40,520,534.0,RN 4,,,Crépuscule ou aube,Hors agglomération,Hors intersection,Normale,Deux véhicules - frontale,,,,,,,,,,,2,1,1,1,1
200500045089,0005-07-23 18:15:00,5,7,23,18,15,520,104.0,"12, BACON (CHEMIN DU)",,,Plein jour,En agglomération,Intersection en T,Pluie légère,Deux véhicules - côté,,,,,,,,,,,1,2,3,2,3
200500045090,0005-07-27 18:00:00,5,7,27,18,0,520,448.0,CHENE SAINT AMAND (Z.A.C,,,Plein jour,Hors agglomération,Hors intersection,Normale,Deux véhicules - côté,,,,,,,,,,,1,1,1,1,3
200500045091,0005-07-27 17:55:00,5,7,27,17,55,520,448.0,"8/10, KENNEDY (AVE DU PR",,,Plein jour,En agglomération,Intersection en X,Normale,Deux véhicules - frontale,,,,,,,,,,,1,2,2,1,1
200500045092,0005-07-12 01:30:00,5,7,12,1,30,530,130.0,REPUBLIQUE ( BOULEVARD D,,,Nuit avec éclairage allumé,Hors agglomération,Hors intersection,Normale,Sans collision,,,,,,,,,,,5,1,1,1,7
200500045093,0005-07-26 10:45:00,5,7,26,10,45,530,54.0,VINCI ( RUE LEONARD DE ),,,Plein jour,Hors agglomération,Hors intersection,Pluie légère,Autre collision,,,,,,,,,,,1,1,1,2,6
200500045094,0005-07-26 13:05:00,5,7,26,13,5,530,130.0,"27, BOURNY ( RUE DU )",,,Plein jour,En agglomération,Hors intersection,Pluie légère,Deux véhicules - côté,,,,,,,,,,,1,2,1,2,3
200500045095,0005-07-16 17:00:00,5,7,16,17,0,540,36.0,906 (RD),,,Plein jour,Hors agglomération,Hors intersection,Normale,Trois véhicules et plus - en chaîne,,,,,,,,,,,1,1,1,1,4
200500045096,0005-07-10 13:55:00,5,7,10,13,55,540,263.0,COMMUNE DE PARIS (RUE DE,,,Plein jour,En agglomération,Hors intersection,Normale,Deux véhicules - côté,,,,,,,,,,,1,2,1,1,3
200500045097,0005-07-07 16:00:00,5,7,7,16,0,540,321.0,LONGWY (AVENUE DE),,,Plein jour,Hors agglomération,Hors intersection,Normale,Deux véhicules - frontale,,,,,,,,,,,1,1,1,1,1
200500045098,0005-07-01 10:13:00,5,7,1,10,13,540,357.0,"1, METZ (ROUTE DE)",,,Plein jour,En agglomération,Intersection en Y,Normale,Autre collision,,,,,,,,,,,1,2,4,1,6
200500045099,0005-07-01 19:15:00,5,7,1,19,15,540,395.0,"3, MICHELET (RUE)",,,Plein jour,En agglomération,Hors intersection,Normale,Sans collision,,,,,,,,,,,1,2,1,1,7
200500045100,0005-07-02 14:02:00,5,7,2,14,2,540,25.0,SAINT PHLIN (RUE DU FAUB,,,Plein jour,Hors agglomération,Hors intersection,Pluie légère,Deux véhicules - frontale,,,,,,,,,,,1,1,1,2,1
200500045101,0005-07-03 06:35:00,5,7,3,6,35,540,300.0,"1, DAMERY (RUE ROBERT)",,,Crépuscule ou aube,En agglomération,Hors intersection,Brouillard / fumée,Autre collision,,,,,,,,,,,2,2,1,5,6
200500045102,0005-07-01 08:15:00,5,7,1,8,15,540,395.0,KELLER (RUE CHARLES),,,Plein jour,En agglomération,Hors intersection,Normale,Deux véhicules - arrière,,,,,,,,,,,1,2,1,1,2
200500045103,0005-07-05 07:43:00,5,7,5,7,43,540,395.0,"1, REPUBLIQUE (RUE DE LA",,,Plein jour,En agglomération,Intersection en X,Normale,Autre collision,,,,,,,,,,,1,2,2,1,6
200500045104,0005-07-05 09:40:00,5,7,5,9,40,540,184.0,BRIGACHTAL (AVENUE DE),,,Plein jour,En agglomération,Intersection en X,Normale,Deux véhicules - côté,,,,,,,,,,,1,2,2,1,3
200500045105,0005-07-05 11:20:00,5,7,5,11,20,540,395.0,"163, STRASBOURG (AVENUE",,,Plein jour,En agglomération,Hors intersection,Normale,Deux véhicules - frontale,,,,,,,,,,,1,2,1,1,1
200500045106,0005-07-06 18:29:00,5,7,6,18,29,540,395.0,"1, PICHON (RUE)",,,Plein jour,En agglomération,Intersection en T,Normale,Autre collision,,,,,,,,,,,1,2,3,1,6
200500045107,0005-07-07 09:18:00,5,7,7,9,18,540,547.0,BARTHOU (BD LOUIS),,,Plein jour,En agglomération,Hors intersection,Normale,Sans collision,,,,,,,,,,,1,2,1,1,7
200500045108,0005-07-07 18:05:00,5,7,7,18,5,540,25.0,SAULXURES (ROUTE DE),,,Plein jour,Hors agglomération,Hors intersection,Pluie légère,Deux véhicules - arrière,,,,,,,,,,,1,1,1,2,2
200500045109,0005-07-08 17:20:00,5,7,8,17,20,540,547.0,CHARLES DE GAULLE (ROND,,,Plein jour,En agglomération,Giratoire,Pluie légère,Deux véhicules - arrière,,,,,,,,,,,1,2,6,2,2
200500045110,0005-07-10 18:20:00,5,7,10,18,20,540,547.0,"1, EUROPE (BOULEVARD DE",,,Plein jour,En agglomération,Hors intersection,Normale,Autre collision,,,,,,,,,,,1,2,1,1,6
200500045111,0005-07-12 18:00:00,5,7,12,18,0,540,395.0,"8, PONT MOUJA (RUE DU)",,,Plein jour,En agglomération,Hors intersection,Normale,Autre collision,,,,,,,,,,,1,2,1,1,6
200500045112,0005-07-12 19:45:00,5,7,12,19,45,540,395.0,FRANCE (AVENUE ANATOLE),,,Plein jour,En agglomération,Intersection en X,Normale,Deux véhicules - arrière,,,,,,,,,,,1,2,2,1,2
200500045113,0005-07-17 00:05:00,5,7,17,0,5,540,395.0,INSURRECTION DU GHETTO V,,,Nuit avec éclairage allumé,En agglomération,Hors intersection,Normale,Deux véhicules - arrière,,,,,,,,,,,5,2,1,1,2
200500045114,0005-07-20 17:55:00,5,7,20,17,55,540,257.0,"1, MIRECOURT (ROUTE DE)",,,Plein jour,En agglomération,Intersection en X,Normale,Autre collision,,,,,,,,,,,1,2,2,1,6
200500045115,0005-07-19 18:10:00,5,7,19,18,10,540,547.0,LECLERC (AVENUE DU GENER,,,Plein jour,En agglomération,Intersection en T,Normale,Deux véhicules - arrière,,,,,,,,,,,1,2,3,1,2
200500045116,0005-07-21 04:20:00,5,7,21,4,20,540,395.0,SALLE (RUE DE LA),,,Nuit avec éclairage allumé,En agglomération,Hors intersection,Normale,Autre collision,,,,,,,,,,,5,2,1,1,6
200500045117,0005-07-22 17:45:00,5,7,22,17,45,540,547.0,RN 74,,,Plein jour,Hors agglomération,Hors intersection,Normale,Deux véhicules - côté,,,,,,,,,,,1,1,1,1,3
200500045118,0005-07-23 14:05:00,5,7,23,14,5,540,395.0,COLLIGNON (Avenue et Pon,,,Plein jour,En agglomération,Intersection en X,Normale,Deux véhicules - côté,,,,,,,,,,,1,2,2,1,3
200500045119,0005-07-25 17:55:00,5,7,25,17,55,540,300.0,"23, ETANG DAMERY (RUE DE",,,Plein jour,En agglomération,Hors intersection,Normale,Autre collision,,,,,,,,,,,1,2,1,1,6
200500045120,0005-07-26 18:30:00,5,7,26,18,30,540,304.0,EUROPE (AVENUE DE L'),,,Plein jour,En agglomération,Hors intersection,Normale,Autre collision,,,,,,,,,,,1,2,1,1,6
200500045121,0005-07-27 11:10:00,5,7,27,11,10,540,357.0,RD 30,,,Plein jour,Hors agglomération,Autre intersection,Normale,Deux véhicules - côté,,,,,,,,,,,1,1,9,1,3
200500045122,0005-07-28 20:05:00,5,7,28,20,5,540,395.0,NABECOR (RUE DE),,,Plein jour,En agglomération,Intersection en T,Normale,Deux véhicules - côté,,,,,,,,,,,1,2,3,1,3
200500045123,0005-07-29 19:00:00,5,7,29,19,0,540,395.0,POINCARE (RUE RAYMOND 1-,,,Plein jour,En agglomération,Intersection en T,Normale,Deux véhicules - côté,,,,,,,,,,,1,2,3,1,3
200500045124,0005-07-29 22:00:00,5,7,29,22,0,540,328.0,RD 570,,,Nuit sans éclairage public,Hors agglomération,Hors intersection,Pluie forte,Deux véhicules - frontale,,,,,,,,,,,3,1,1,3,1
200500045125,0005-07-28 13:50:00,5,7,28,13,50,540,375.0,RD 958 COTES SAINT-PIERR,,,Plein jour,Hors agglomération,Hors intersection,Normale,Autre collision,,,,,,,,,,,1,1,1,1,6
200500045126,0005-07-30 10:00:00,5,7,30,10,0,540,79.0,"01, BREUIL (ALLEE DU)",,,Plein jour,En agglomération,Hors intersection,Normale,Autre collision,,,,,,,,,,,1,2,1,1,6
200500045127,0005-07-04 17:25:00,5,7,4,17,25,540,528.0,RN411,,,Plein jour,En agglomération,Hors intersection,Normale,Deux véhicules - arrière,,,,,,,,,,,1,2,1,1,2
200500045128,0005-07-24 12:35:00,5,7,24,12,35,540,174.0,SAINTE CATHERINE,,,Plein jour,Hors agglomération,Intersection en T,Normale,Deux véhicules - côté,,,,,,,,,,,1,1,3,1,3
200500045129,0005-07-13 23:35:00,5,7,13,23,35,540,149.0,", 5EME AVENUE",,,Nuit avec éclairage allumé,En agglomération,Intersection en X,Normale,Deux véhicules - côté,,,,,,,,,,,5,2,2,1,3
200500045130,0005-07-03 05:20:00,5,7,3,5,20,550,29.0,RN135,,,Crépuscule ou aube,Hors agglomération,Hors intersection,Normale,Autre collision,,,,,,,,,,,2,1,1,1,6
200500045131,0005-07-14 17:20:00,5,7,14,17,20,550,41.0,"10, Avenue du Barrois",,,Plein jour,En agglomération,Hors intersection,Normale,Deux véhicules - côté,,,,,,,,,,,1,2,1,1,3
200500045132,0005-07-21 10:15:00,5,7,21,10,15,550,29.0,"9, VERDUN ( RUE DE )",,,Plein jour,En agglomération,Hors intersection,Pluie légère,Autre collision,,,,,,,,,,,1,2,1,2,6
200500045133,0005-07-04 08:50:00,5,7,4,8,50,550,545.0,ETAIN ( AVENUE D' ),,,Plein jour,En agglomération,Intersection en X,Normale,Deux véhicules - côté,,,,,,,,,,,1,2,2,1,3
200500045134,0005-07-01 08:45:00,5,7,1,8,45,560,162.0,"00, MOULIN DU TER",,,Plein jour,Hors agglomération,Hors intersection,Normale,Sans collision,,,,,,,,,,,1,1,1,1,7
200500045135,0005-07-01 15:32:00,5,7,1,15,32,560,121.0,"149, GUIEYSSE (RUE  PAUL",,,Plein jour,En agglomération,Hors intersection,Pluie légère,Sans collision,,,,,,,,,,,1,2,1,2,7
200500045136,0005-07-03 02:15:00,5,7,3,2,15,560,121.0,"00, ORADOUR SUR GLANE (",,,Nuit avec éclairage allumé,En agglomération,Intersection en X,Normale,Sans collision,,,,,,,,,,,5,2,2,1,7
200500045137,0005-07-03 21:10:00,5,7,3,21,10,560,83.0,"98, VAILLANT ( AV. EDOUA",,,Nuit avec éclairage allumé,En agglomération,Hors intersection,Normale,Deux véhicules - côté,,,,,,,,,,,5,2,1,1,3
200500045138,0005-07-04 09:20:00,5,7,4,9,20,560,98.0,"00, SARTRE (RUE  JEAN-PA",,,Plein jour,En agglomération,Giratoire,Normale,Deux véhicules - côté,,,,,,,,,,,1,2,6,1,3
200500045139,0005-07-04 17:58:00,5,7,4,17,58,560,121.0,"00, KERGUILLETTE (RUE  D",,,Plein jour,En agglomération,Intersection en T,Normale,Deux véhicules - côté,,,,,,,,,,,1,2,3,1,3
200500045140,0005-07-05 10:45:00,5,7,5,10,45,560,121.0,"00, BELGIQUE (RUE  DE )",,,Plein jour,En agglomération,Intersection en T,Normale,Deux véhicules - arrière,,,,,,,,,,,1,2,3,1,2
200500045141,0005-07-05 12:57:00,5,7,5,12,57,560,121.0,"00, LAENNEC ( BD )",,,Plein jour,En agglomération,Hors intersection,Pluie légère,Sans collision,,,,,,,,,,,1,2,1,2,7
200500045142,0005-07-06 11:20:00,5,7,6,11,20,560,107.0,"00, ROUTE DEPARTEMENTALE",,,Plein jour,Hors agglomération,Giratoire,Normale,Sans collision,,,,,,,,,,,1,1,6,1,7
200500045143,0005-07-06 11:44:00,5,7,6,11,44,560,83.0,"00, KERGOHIC ( H.L.M. DE",,,Plein jour,En agglomération,Hors intersection,Normale,Autre collision,,,,,,,,,,,1,2,1,1,6
200500045144,0005-07-06 18:29:00,5,7,6,18,29,560,121.0,"00, RN 465 (DESSERTE POR",,,Plein jour,En agglomération,Hors intersection,Normale,Deux véhicules - arrière,,,,,,,,,,,1,2,1,1,2