accident_id,datetime,annee,mois,jour,heure,minute,departement,commune_insee,adresse,latitude,longitude,luminosite,agglomeration,intersection,meteo,collision,nb_vehicules,nb_usagers,nb_indemnes,nb_tues,nb_blesses_hosp,nb_blesses_legers,age_cond_1,age_cond_2,veh_type_cond_1,veh_type_cond_2,lum_code,agg_code,int_code,atm_code,col_code
200500045275,0005-07-26 16:10:00,5,7,26,16,10,590,540.0,"613, REPUBLIQUE",,,Plein jour,En agglomération,Hors intersection,Normale,Deux véhicules - côté,,,,,,,,,,,1,2,1,1,3
200500045276,0005-07-28 11:25:00,5,7,28,11,25,590,155.0,"1, MALO CELESTIN",,,Plein jour,En agglomération,Intersection en T,Normale,Deux véhicules - côté,,,,,,,,,,,1,2,3,1,3
200500045277,0005-07-28 19:50:00,5,7,28,19,50,590,183.0,"60, DIGUE",,,Plein jour,En agglomération,Hors intersection,Normale,Deux véhicules - côté,,,,,,,,,,,1,2,1,1,3
200500045278,0005-07-29 21:55:00,5,7,29,21,55,590,131.0,"1, PAPE VELD",,,Nuit avec éclairage allumé,En agglomération,Intersection en T,Normale,Deux véhicules - côté,,,,,,,,,,,5,2,3,1,3
200500045279,0005-07-30 12:45:00,5,7,30,12,45,590,183.0,NEUTS LOUIS,,,Plein jour,En agglomération,Intersection en X,Normale,Deux véhicules - côté,,,,,,,,,,,1,2,2,1,3
200500045280,0005-07-11 23:26:00,5,7,11,23,26,590,249.0,42 ( CHEMIN DEPARTEMENTA,,,Nuit avec éclairage allumé,Hors agglomération,Intersection en T,Normale,Deux véhicules - côté,,,,,,,,,,,5,1,3,1,3
200500045281,0005-07-28 15:55:00,5,7,28,15,55,590,272.0,FOCH (RUE DU MARECHAL),,,Plein jour,En agglomération,Intersection en X,Normale,Deux véhicules - côté,,,,,,,,,,,1,2,2,1,3
200500045282,0005-07-10 16:30:00,5,7,10,16,30,590,295.0,"46, DU RIVAGE",,,Plein jour,En agglomération,Hors intersection,Normale,Autre collision,,,,,,,,,,,1,2,1,1,6
200500045283,0005-07-15 17:55:00,5,7,15,17,55,590,324.0,GENERAL DE GAULLE (AVENU,,,Plein jour,En agglomération,Intersection en T,Normale,Deux véhicules - côté,,,,,,,,,,,1,2,3,1,3
200500045284,0005-07-19 17:15:00,5,7,19,17,15,590,104.0,"1, PONT (RUE DU)",,,Plein jour,En agglomération,Intersection en T,Normale,Deux véhicules - côté,,,,,,,,,,,1,2,3,1,3
200500045285,0005-07-02 13:00:00,5,7,2,13,0,590,350.0,"311, SOLFERINO RUE N°208",,,Plein jour,En agglomération,Hors intersection,Normale,Deux véhicules - arrière,,,,,,,,,,,1,2,1,1,2
200500045286,0005-07-02 17:00:00,5,7,2,17,0,590,350.0,"00, ERFURT PONT",,,Plein jour,En agglomération,Intersection en X,Normale,Autre collision,,,,,,,,,,,1,2,2,1,6
200500045287,0005-07-02 19:30:00,5,7,2,19,30,590,9.0,"72, BARATTE GASTON RUE",,,Plein jour,En agglomération,Hors intersection,Normale,Deux véhicules - côté,,,,,,,,,,,1,2,1,1,3
200500045288,0005-07-03 18:00:00,5,7,3,18,0,590,350.0,"00, CLEMENT JEAN BAPTIST",,,Plein jour,En agglomération,Intersection en T,Normale,Autre collision,,,,,,,,,,,1,2,3,1,6
200500045289,0005-07-04 14:10:00,5,7,4,14,10,590,350.0,DOREZ BARTHELEMY PLACE,,,Plein jour,En agglomération,Giratoire,Normale,Autre collision,,,,,,,,,,,1,2,6,1,6
200500045290,0005-07-05 15:15:00,5,7,5,15,15,590,350.0,SALENGRO ROGER RUE,,,Plein jour,En agglomération,Intersection en X,Normale,Autre collision,,,,,,,,,,,1,2,2,1,6
200500045291,0005-07-06 10:30:00,5,7,6,10,30,590,507.0,"28, LAVOISIER RUE",,,Plein jour,Hors agglomération,Hors intersection,Normale,Autre collision,,,,,,,,,,,1,1,1,1,6
200500045292,0005-07-06 07:45:00,5,7,6,7,45,590,328.0,MARTIN PLACE DU DOCTEUR,,,Plein jour,En agglomération,Place,Normale,Deux véhicules - côté,,,,,,,,,,,1,2,7,1,3
200500045293,0005-07-06 18:05:00,5,7,6,18,5,590,560.0,"Sans objet, DASSAULT MAR",,,Plein jour,En agglomération,Intersection en X,Normale,Autre collision,,,,,,,,,,,1,2,2,1,6
200500045294,0005-07-07 17:40:00,5,7,7,17,40,590,350.0,LEZENNES BOULEVARD DE,,,Plein jour,En agglomération,Intersection en T,Normale,Deux véhicules - côté,,,,,,,,,,,1,2,3,1,3
200500045295,0005-07-01 15:30:00,5,7,1,15,30,590,350.0,"261, LEGRAND PIERRE RUE",,,Plein jour,En agglomération,Hors intersection,Normale,Autre collision,,,,,,,,,,,1,2,1,1,6
200500045296,0005-07-09 10:30:00,5,7,9,10,30,590,360.0,"92, POTIE GEORGES RUE",,,Plein jour,En agglomération,Hors intersection,Normale,Autre collision,,,,,,,,,,,1,2,1,1,6
200500045297,0005-07-09 13:50:00,5,7,9,13,50,590,350.0,REPUBLIQUE AVENUE DE LA,,,Plein jour,En agglomération,Intersection à plus de 4 branches,Normale,Deux véhicules - côté,,,,,,,,,,,1,2,5,1,3
200500045298,0005-07-10 18:15:00,5,7,10,18,15,590,350.0,"Sans objet, COURMONT RUE",,,Plein jour,En agglomération,Hors intersection,Normale,Autre collision,,,,,,,,,,,1,2,1,1,6
200500045299,0005-07-08 09:20:00,5,7,8,9,20,590,378.0,"310, CLEMENCEAU BLVD (N°",,,Plein jour,En agglomération,Hors intersection,Normale,Autre collision,,,,,,,,,,,1,2,1,1,6
200500045300,0005-07-11 21:25:00,5,7,11,21,25,590,193.0,"Sans Objen, D. 341",,,Crépuscule ou aube,En agglomération,Intersection en X,Normale,Autre collision,,,,,,,,,,,2,2,2,1,6
200500045301,0005-07-12 15:25:00,5,7,12,15,25,590,350.0,"001, PEUPLE BELGE AVENUE",,,Plein jour,En agglomération,Intersection en X,Normale,Deux véhicules - côté,,,,,,,,,,,1,2,2,1,3
200500045302,0005-07-12 14:10:00,5,7,12,14,10,590,378.0,"815, REPUBLIQUE AV DE LA",,,Plein jour,En agglomération,Hors intersection,Normale,Autre collision,,,,,,,,,,,1,2,1,1,6
200500045303,0005-07-11 18:40:00,5,7,11,18,40,590,386.0,"127, YPRES RUE D",,,Plein jour,En agglomération,Hors intersection,Normale,Deux véhicules - côté,,,,,,,,,,,1,2,1,1,3
200500045304,0005-07-13 16:05:00,5,7,13,16,5,590,328.0,"512, DUNKERQUE AVENUE DE",,,Plein jour,En agglomération,Hors intersection,Normale,Trois véhicules et plus - collisions multiples,,,,,,,,,,,1,2,1,1,5
200500045305,0005-07-04 21:50:00,5,7,4,21,50,590,286.0,"129, BARBUSSE HENRI RUE",,,Crépuscule ou aube,En agglomération,Hors intersection,Normale,Deux véhicules - arrière,,,,,,,,,,,2,2,1,1,2
200500045306,0005-07-15 12:10:00,5,7,15,12,10,590,350.0,"001, CABANIS RUE",,,Plein jour,En agglomération,Intersection en X,Normale,Deux véhicules - côté,,,,,,,,,,,1,2,2,1,3
200500045307,0005-07-16 00:10:00,5,7,16,0,10,590,350.0,LECLERC PLACE DU MAL. N°,,,Nuit avec éclairage allumé,En agglomération,Intersection en X,Normale,Autre collision,,,,,,,,,,,5,2,2,1,6
200500045308,0005-07-17 14:45:00,5,7,17,14,45,590,9.0,"00, TREMIERE RUE",,,Plein jour,En agglomération,Intersection en X,Normale,Autre collision,,,,,,,,,,,1,2,2,1,6
200500045309,0005-07-18 12:30:00,5,7,18,12,30,590,350.0,"001, JOUHAUX LEON AVENUE",,,Plein jour,En agglomération,Hors intersection,Pluie légère,Deux véhicules - côté,,,,,,,,,,,1,2,1,2,3
200500045310,0005-07-19 13:30:00,5,7,19,13,30,590,350.0,"27, EYLAU RUE",,,Plein jour,En agglomération,Hors intersection,Normale,Autre collision,,,,,,,,,,,1,2,1,1,6
200500045311,0005-07-19 07:35:00,5,7,19,7,35,590,378.0,"834, REPUBLIQUE AV DE LA",,,Plein jour,En agglomération,Hors intersection,Normale,Deux véhicules - côté,,,,,,,,,,,1,2,1,1,3
200500045312,0005-07-19 17:30:00,5,7,19,17,30,590,527.0,"128, LECLERC RUE DU GENE",,,Plein jour,En agglomération,Hors intersection,Normale,Deux véhicules - côté,,,,,,,,,,,1,2,1,1,3
200500045313,0005-07-19 20:30:00,5,7,19,20,30,590,286.0,"30, SALENGRO ROGER AVENU",,,Plein jour,En agglomération,Hors intersection,Normale,Autre collision,,,,,,,,,,,1,2,1,1,6
200500045314,0005-07-21 00:01:00,5,7,21,0,1,590,350.0,TOURNAI RUE DE,,,Nuit avec éclairage allumé,En agglomération,Hors intersection,Normale,Deux véhicules - arrière,,,,,,,,,,,5,2,1,1,2
200500045315,0005-07-19 17:00:00,5,7,19,17,0,590,386.0,"167, MENIN RUE DE",,,Plein jour,Hors agglomération,Hors intersection,Normale,Deux véhicules - côté,,,,,,,,,,,1,1,1,1,3
200500045316,0005-07-21 19:15:00,5,7,21,19,15,590,350.0,"53, BAILLEUX HENRI RUE",,,Plein jour,En agglomération,Hors intersection,Normale,Autre collision,,,,,,,,,,,1,2,1,1,6
200500045317,0005-07-22 02:45:00,5,7,22,2,45,590,343.0,BRIZON PIERRE RUE,,,Nuit avec éclairage allumé,Hors agglomération,Hors intersection,Normale,Autre collision,,,,,,,,,,,5,1,1,1,6
200500045318,0005-07-22 09:00:00,5,7,22,9,0,590,350.0,"818, DUNKERQUE AVENUE DE",,,Plein jour,En agglomération,Hors intersection,Normale,Autre collision,,,,,,,,,,,1,2,1,1,6
200500045319,0005-07-25 16:00:00,5,7,25,16,0,590,368.0,"140, REPUBLIQUE AVENUE D",,,Plein jour,En agglomération,Hors intersection,Normale,Autre collision,,,,,,,,,,,1,2,1,1,6
200500045320,0005-07-25 16:50:00,5,7,25,16,50,590,9.0,ROUBAIX AVNUE DE,,,Plein jour,Hors agglomération,Hors intersection,Normale,Autre collision,,,,,,,,,,,1,1,1,1,6
200500045321,0005-07-25 18:10:00,5,7,25,18,10,590,350.0,"Sans objet, ARBRISSEAU R",,,Plein jour,En agglomération,Hors intersection,Normale,Autre collision,,,,,,,,,,,1,2,1,1,6
200500045322,0005-07-27 17:00:00,5,7,27,17,0,590,350.0,"00, TOURNAI RUE DE",,,Plein jour,En agglomération,Hors intersection,Normale,Deux véhicules - arrière,,,,,,,,,,,1,2,1,1,2
200500045323,0005-07-29 11:40:00,5,7,29,11,40,590,350.0,"001, FAUBOURG DES POSTES",,,Plein jour,En agglomération,Intersection en X,Normale,Autre collision,,,,,,,,,,,1,2,2,1,6
200500045324,0005-07-30 15:30:00,5,7,30,15,30,590,350.0,"2, BOSSUET RUE",,,Plein jour,En agglomération,Hors intersection,Normale,Autre collision,,,,,,,,,,,1,2,1,1,6
200500045325,0005-07-31 12:30:00,5,7,31,12,30,590,350.0,WAGNER RICHARD RUE,,,Plein jour,En agglomération,Intersection en X,Normale,Deux véhicules - côté,,,,,,,,,,,1,2,2,1,3
200500045326,0005-07-13 08:15:00,5,7,13,8,15,590,636.0,"3370, YPRES RUE D",,,Plein jour,En agglomération,Hors intersection,Pluie légère,Autre collision,,,,,,,,,,,1,2,1,2,6
200500045327,0005-07-17 20:00:00,5,7,17,20,0,590,560.0,LILLE ROUTE DE,,,Plein jour,En agglomération,Hors intersection,Normale,Sans collision,,,,,,,,,,,1,2,1,1,7
200500045328,0005-07-10 14:40:00,5,7,10,14,40,590,514.0,FERRIERE (AVENUE DE),,,Plein jour,En agglomération,Hors intersection,Normale,Deux véhicules - côté,,,,,,,,,,,1,2,1,1,3
200500045329,0005-07-06 13:15:00,5,7,6,13,15,590,230.0,CLEMENCEAU (AVENUE),,,Plein jour,En agglomération,Intersection en T,Normale,Deux véhicules - côté,,,,,,,,,,,1,2,3,1,3
200500045330,0005-07-18 20:00:00,5,7,18,20,0,590,21.0,PIERRE CURIE (RUE),,,Plein jour,En agglomération,Hors intersection,Normale,Autre collision,,,,,,,,,,,1,2,1,1,6
200500045331,0005-07-21 18:24:00,5,7,21,18,24,590,392.0,ERMITAGE (RUE DE L'),,,Plein jour,En agglomération,Hors intersection,Normale,Autre collision,,,,,,,,,,,1,2,1,1,6
200500045332,0005-07-29 16:10:00,5,7,29,16,10,590,291.0,GAMBETTA (RUE),,,Plein jour,En agglomération,Hors intersection,Normale,Sans collision,,,,,,,,,,,1,2,1,1,7
200500045333,0005-07-29 10:00:00,5,7,29,10,0,590,365.0,JULES GALLOIS (RUE),,,Plein jour,En agglomération,Intersection en X,Normale,Deux véhicules - côté,,,,,,,,,,,1,2,2,1,3
200500045334,0005-07-23 14:10:00,5,7,23,14,10,590,392.0,HAUTE (RUE),,,Plein jour,En agglomération,Intersection en X,Normale,Deux véhicules - côté,,,,,,,,,,,1,2,2,1,3
200500045335,0005-07-24 10:55:00,5,7,24,10,55,590,512.0,WATTEEUW (RUE JULES),,,Plein jour,En agglomération,Hors intersection,Normale,Autre collision,,,,,,,,,,,1,2,1,1,6
200500045336,0005-07-27 17:40:00,5,7,27,17,40,590,512.0,"49, JAURES (AVENUE JEAN)",,,Plein jour,En agglomération,Hors intersection,Normale,Autre collision,,,,,,,,,,,1,2,1,1,6
200500045337,0005-07-03 17:00:00,5,7,3,17,0,590,512.0,LE NOTRE (AVENUE),,,Plein jour,En agglomération,Hors intersection,Normale,Autre collision,,,,,,,,,,,1,2,1,1,6
200500045338,0005-07-03 20:50:00,5,7,3,20,50,590,512.0,MOUVAUX (RUE DE),,,Plein jour,En agglomération,Intersection en X,Normale,Deux véhicules - côté,,,,,,,,,,,1,2,2,1,3
200500045339,0005-07-04 15:00:00,5,7,4,15,0,590,163.0,PERRIN (RUE PROFESSEUR),,,Plein jour,En agglomération,Hors intersection,Normale,Trois véhicules et plus - collisions multiples,,,,,,,,,,,1,2,1,1,5
200500045340,0005-07-04 19:30:00,5,7,4,19,30,590,512.0,DUNKERQUE (QUAI DE),,,Plein jour,En agglomération,Intersection en T,Normale,Deux véhicules - côté,,,,,,,,,,,1,2,3,1,3
200500045341,0005-07-06 09:50:00,5,7,6,9,50,590,512.0,GUESDE (RUE JULES),,,Plein jour,En agglomération,Intersection en X,Temps couvert,Deux véhicules - côté,,,,,,,,,,,1,2,2,8,3
200500045342,0005-07-09 22:15:00,5,7,9,22,15,590,598.0,ROUBAIX (RUE DE),,,Nuit avec éclairage allumé,En agglomération,Hors intersection,Normale,Autre collision,,,,,,,,,,,5,2,1,1,6
200500045343,0005-07-10 19:00:00,5,7,10,19,0,590,512.0,SALENGRO  (AVENUE ROGER),,,Plein jour,En agglomération,Intersection en T,Normale,Autre collision,,,,,,,,,,,1,2,3,1,6
200500045344,0005-07-10 00:01:00,5,7,10,0,1,590,512.0,GUESDE (RUE JULES),,,Nuit avec éclairage allumé,En agglomération,Hors intersection,Normale,Autre collision,,,,,,,,,,,5,2,1,1,6
200500045345,0005-07-18 19:55:00,5,7,18,19,55,590,512.0,DELESPAUL (RUE),,,Plein jour,En agglomération,Intersection en X,Normale,Deux véhicules - côté,,,,,,,,,,,1,2,2,1,3
200500045346,0005-07-11 22:35:00,5,7,11,22,35,590,512.0,MOTTE (AVENUE ALFRED),,,Nuit avec éclairage allumé,En agglomération,Intersection en X,Normale,Deux véhicules - côté,,,,,,,,,,,5,2,2,1,3
200500045347,0005-07-13 11:20:00,5,7,13,11,20,590,512.0,SAINTE THERESE (RUE),,,Plein jour,En agglomération,Hors intersection,Normale,Autre collision,,,,,,,,,,,1,2,1,1,6
200500045348,0005-07-13 12:45:00,5,7,13,12,45,590,512.0,MULHOUSE (BOULEVARD DE),,,Plein jour,En agglomération,Intersection en X,Normale,Deux véhicules - côté,,,,,,,,,,,1,2,2,1,3
200500045349,0005-07-14 19:20:00,5,7,14,19,20,590,367.0,CARETTE (RUE LOUIS),,,Plein jour,Hors agglomération,Hors intersection,Normale,Autre collision,,,,,,,,,,,1,1,1,1,6
200500045350,0005-07-15 13:30:00,5,7,15,13,30,590,512.0,LANNOY (RUE DE ),,,Plein jour,En agglomération,Intersection en T,Normale,Deux véhicules - côté,,,,,,,,,,,1,2,3,1,3
200500045351,0005-07-19 15:05:00,5,7,19,15,5,590,650.0,MENDES FRANCE (BOULEVARD,,,Plein jour,En agglomération,Intersection en X,Normale,Deux véhicules - côté,,,,,,,,,,,1,2,2,1,3
200500045352,0005-07-06 17:30:00,5,7,6,17,30,590,512.0,NATIONS UNIES (AVENUE DE,,,Plein jour,En agglomération,Hors intersection,Normale,Autre collision,,,,,,,,,,,1,2,1,1,6
200500045353,0005-07-17 13:35:00,5,7,17,13,35,590,512.0,LIMITE (RUE DE LA),,,Plein jour,En agglomération,Intersection en X,Normale,Deux véhicules - côté,,,,,,,,,,,1,2,2,1,3
200500045354,0005-07-15 07:30:00,5,7,15,7,30,590,512.0,LANNOY (RUE DE ),,,Plein jour,En agglomération,Autre intersection,Normale,Autre collision,,,,,,,,,,,1,2,9,1,6
200500045355,0005-07-12 19:45:00,5,7,12,19,45,590,512.0,FOCH (RUE DU MARECHAL),,,Plein jour,En agglomération,Intersection en Y,Normale,Deux véhicules - côté,,,,,,,,,,,1,2,4,1,3
200500045356,0005-07-20 07:10:00,5,7,20,7,10,590,512.0,DAUBENTON (RUE),,,Plein jour,En agglomération,Intersection en X,Normale,Deux véhicules - côté,,,,,,,,,,,1,2,2,1,3
200500045357,0005-07-22 14:45:00,5,7,22,14,45,590,512.0,TOURCOING (RUE DE),,,Plein jour,En agglomération,Intersection en X,Normale,Autre collision,,,,,,,,,,,1,2,2,1,6
200500045358,0005-07-27 14:24:00,5,7,27,14,24,590,512.0,GRAND CHEMIN (RUE DU),,,Plein jour,En agglomération,Intersection en X,Normale,Deux véhicules - côté,,,,,,,,,,,1,2,2,1,3
200500045359,0005-07-29 16:30:00,5,7,29,16,30,590,512.0,CONFERENCE (RUE DE LA),,,Plein jour,En agglomération,Hors intersection,Pluie légère,Autre collision,,,,,,,,,,,1,2,1,2,6
200500045360,0005-07-22 19:45:00,5,7,22,19,45,590,299.0,MOULIN (SQUARE JEAN),,,Plein jour,En agglomération,Hors intersection,Normale,Deux véhicules - arrière,,,,,,,,,,,1,2,1,1,2
200500045361,0005-07-07 19:10:00,5,7,7,19,10,590,512.0,HOMMELET (RUE DE L'),,,Plein jour,En agglomération,Hors intersection,Normale,Autre collision,,,,,,,,,,,1,2,1,1,6
200500045362,0005-07-23 10:50:00,5,7,23,10,50,590,650.0,SAINT VINCENT DE PAUL (R,,,Plein jour,En agglomération,Hors intersection,Normale,Autre collision,,,,,,,,,,,1,2,1,1,6
200500045363,0005-07-27 17:10:00,5,7,27,17,10,590,526.0,CHEMIN DE L'EMPIRE(A PAR,,,Plein jour,En agglomération,Hors intersection,Pluie légère,Autre collision,,,,,,,,,,,1,2,1,2,6
200500045364,0005-07-01 21:20:00,5,7,1,21,20,590,599.0,"31, MOUSCRON (RUE)",,,Plein jour,En agglomération,Intersection en T,Normale,Autre collision,,,,,,,,,,,1,2,3,1,6
200500045365,0005-07-03 15:10:00,5,7,3,15,10,590,599.0,"62, DRIANT (RUE DU COMMA",,,Plein jour,En agglomération,Hors intersection,Normale,Autre collision,,,,,,,,,,,1,2,1,1,6
200500045366,0005-07-05 15:20:00,5,7,5,15,20,590,279.0,NEUVILLE (ROUTE DE),,,Plein jour,En agglomération,Intersection en X,Normale,Deux véhicules - côté,,,,,,,,,,,1,2,2,1,3
200500045367,0005-07-08 13:40:00,5,7,8,13,40,590,599.0,"45, BESANCON (RUE DE)",,,Plein jour,En agglomération,Hors intersection,Normale,Autre collision,,,,,,,,,,,1,2,1,1,6
200500045368,0005-07-10 04:00:00,5,7,10,4,0,590,152.0,WERWICQ (RUE DE),,,Nuit avec éclairage allumé,En agglomération,Giratoire,Normale,Autre collision,,,,,,,,,,,5,2,6,1,6
200500045369,0005-07-09 10:40:00,5,7,9,10,40,590,152.0,APOTHICAIRE (RUE DE L'),,,Plein jour,En agglomération,Intersection en X,Normale,Deux véhicules - côté,,,,,,,,,,,1,2,2,1,3
200500045370,0005-07-25 16:30:00,5,7,25,16,30,590,599.0,"352, FOREST (CHAUSSEE FE",,,Plein jour,En agglomération,Hors intersection,Pluie légère,Autre collision,,,,,,,,,,,1,2,1,2,6
200500045371,0005-07-30 19:20:00,5,7,30,19,20,590,599.0,"120, ROUBAIX (RUE DE)",,,Plein jour,En agglomération,Hors intersection,Normale,Deux véhicules - frontale,,,,,,,,,,,1,2,1,1,1
200500045372,0005-07-06 11:30:00,5,7,6,11,30,590,491.0,"55, DUSART (RUE LEOPOLD)",,,Plein jour,En agglomération,Hors intersection,Normale,Autre collision,,,,,,,,,,,1,2,1,1,6
200500045373,0005-07-10 16:00:00,5,7,10,16,0,590,14.0,FRANCE (AVENUE ANATOLE),,,Plein jour,En agglomération,Intersection en X,Pluie légère,Deux véhicules - côté,,,,,,,,,,,1,2,2,2,3
200500045374,0005-07-10 03:30:00,5,7,10,3,30,590,491.0,"80, DURRE (RUE HENRI)",,,Nuit avec éclairage non allumé,En agglomération,Hors intersection,Normale,Autre collision,,,,,,,,,,,4,2,1,1,6
200500045375,0005-07-12 21:20:00,5,7,12,21,20,590,484.0,"123, JAURES (AVENUE JEAN",,,Nuit avec éclairage allumé,En agglomération,Hors intersection,Normale,Autre collision,,,,,,,,,,,5,2,1,1,6
200500045376,0005-07-23 16:15:00,5,7,23,16,15,590,32.0,"102, LIBERATION (AVENUE",,,Plein jour,En agglomération,Autre intersection,Normale,Autre collision,,,,,,,,,,,1,2,9,1,6
200500045377,0005-07-29 19:30:00,5,7,29,19,30,590,14.0,DEPORTES (RUE DES),,,Plein jour,En agglomération,Intersection en Y,Pluie légère,Autre collision,,,,,,,,,,,1,2,4,2,6
200500045378,0005-07-24 14:00:00,5,7,24,14,0,600,57.0,"1, ASSAUT (BOULEVARD DE",,,Plein jour,En agglomération,Hors intersection,Pluie légère,Deux véhicules - arrière,,,,,,,,,,,1,2,1,2,2
200500045379,0005-07-01 13:10:00,5,7,1,13,10,600,601.0,"01, DUNANT (RUE HENRI)",,,Plein jour,En agglomération,Hors intersection,Normale,Deux véhicules - arrière,,,,,,,,,,,1,2,1,1,2
200500045380,0005-07-26 18:50:00,5,7,26,18,50,600,601.0,RN 16_PONT RN 330_PONT Z,,,Plein jour,En agglomération,Hors intersection,Pluie légère,Trois véhicules et plus - en chaîne,,,,,,,,,,,1,2,1,2,4
200500045381,0005-07-03 10:30:00,5,7,3,10,30,610,1.0,"116, BRETAGNE (RUE DE )",,,Plein jour,En agglomération,Hors intersection,Normale,Deux véhicules - côté,,,,,,,,,,,1,2,1,1,3
200500045382,0005-07-22 20:30:00,5,7,22,20,30,610,218.0,LE PRE GAUCHARD (LIEU-DI,,,Plein jour,En agglomération,Intersection en X,Normale,Deux véhicules - côté,,,,,,,,,,,1,2,2,1,3
200500045383,0005-07-27 15:15:00,5,7,27,15,15,610,169.0,"84, SCHNETZ (RUE)",,,Plein jour,En agglomération,Autre intersection,Pluie forte,Deux véhicules - arrière,,,,,,,,,,,1,2,9,3,2
200500045384,0005-07-06 17:30:00,5,7,6,17,30,620,41.0,"2, DE GAULLE DU GENERAL",,,Plein jour,En agglomération,Hors intersection,Pluie légère,Autre collision,,,,,,,,,,,1,2,1,2,6
200500045385,0005-07-23 23:25:00,5,7,23,23,25,620,41.0,"0, RUE PIERRE BEREGOVOY",,,Nuit avec éclairage allumé,En agglomération,Hors intersection,Normale,Autre collision,,,,,,,,,,,5,2,1,1,6
200500045386,0005-07-03 14:30:00,5,7,3,14,30,620,65.0,"130, BROSSOLETTE",,,Plein jour,En agglomération,Hors intersection,Pluie légère,Sans collision,,,,,,,,,,,1,2,1,2,7
200500045387,0005-07-04 00:15:00,5,7,4,0,15,620,570.0,"71, FRANCE (AVENUE DE )",,,Nuit avec éclairage allumé,En agglomération,Hors intersection,Normale,Autre collision,,,,,,,,,,,5,2,1,1,6
200500045388,0005-07-13 03:20:00,5,7,13,3,20,620,724.0,"156, FOSSE DEUX ( BOULEV",,,Nuit avec éclairage allumé,En agglomération,Hors intersection,Normale,Autre collision,,,,,,,,,,,5,2,1,1,6
200500045389,0005-07-29 17:25:00,5,7,29,17,25,620,570.0,"80, ROBESPIERRE",,,Plein jour,En agglomération,Hors intersection,Temps couvert,Deux véhicules - arrière,,,,,,,,,,,1,2,1,8,2
200500045390,0005-07-08 21:00:00,5,7,8,21,0,620,108.0,"202, IMPERATRICE",,,Crépuscule ou aube,En agglomération,Intersection en T,Pluie légère,Deux véhicules - côté,,,,,,,,,,,2,2,3,2,3
200500045391,0005-07-05 09:10:00,5,7,5,9,10,620,126.0,NATIONALE  ( ROUTE ),,,Plein jour,En agglomération,Intersection en X,Normale,Trois véhicules et plus - collisions multiples,,,,,,,,,,,1,2,2,1,5
200500045392,0005-07-23 20:40:00,5,7,23,20,40,620,276.0,"02, MARTYRS ( RUE DES )",,,Crépuscule ou aube,En agglomération,Hors intersection,Normale,Deux véhicules - côté,,,,,,,,,,,2,2,1,1,3
200500045393,0005-07-09 00:45:00,5,7,9,0,45,620,160.0,"197, GRANDE RUE",,,Nuit avec éclairage allumé,En agglomération,Hors intersection,Pluie légère,Sans collision,,,,,,,,,,,5,2,1,2,7
200500045394,0005-07-09 17:05:00,5,7,9,17,5,620,643.0,"15, LE PORTEL ( Route de",,,Plein jour,En agglomération,Hors intersection,Normale,Autre collision,,,,,,,,,,,1,2,1,1,6
200500045395,0005-07-31 13:35:00,5,7,31,13,35,620,160.0,"0, ANGELIER (Rue Auguste",,,Plein jour,En agglomération,Autre intersection,Normale,Deux véhicules - côté,,,,,,,,,,,1,2,9,1,3
200500045396,0005-07-18 21:05:00,5,7,18,21,5,620,178.0,"987, BROSSOLETTE ( PIERR",,,Crépuscule ou aube,En agglomération,Hors intersection,Normale,Trois véhicules et plus - collisions multiples,,,,,,,,,,,2,2,1,1,5
200500045397,0005-07-06 08:20:00,5,7,6,8,20,620,193.0,ROCADE EST,,,Plein jour,En agglomération,Hors intersection,Normale,Autre collision,,,,,,,,,,,1,2,1,1,6
200500045398,0005-07-08 14:05:00,5,7,8,14,5,620,193.0,"1359, BEAU MARAIS (RUE D",,,Plein jour,En agglomération,Hors intersection,Temps couvert,Deux véhicules - frontale,,,,,,,,,,,1,2,1,8,1
200500045399,0005-07-21 18:55:00,5,7,21,18,55,620,193.0,HAGUENAU,,,Plein jour,En agglomération,Hors intersection,Normale,Deux véhicules - arrière,,,,,,,,,,,1,2,1,1,2
200500045400,0005-07-27 17:50:00,5,7,27,17,50,620,193.0,ROCADE EST,,,Plein jour,Hors agglomération,Hors intersection,Normale,Deux véhicules - arrière,,,,,,,,,,,1,1,1,1,2
200500045401,0005-07-28 17:30:00,5,7,28,17,30,620,193.0,DANUBE (QUAI DU),,,Plein jour,En agglomération,Hors intersection,Normale,Autre collision,,,,,,,,,,,1,2,1,1,6
200500045402,0005-07-27 17:55:00,5,7,27,17,55,620,193.0,TAMISE (QUAI DE LA),,,Plein jour,En agglomération,Hors intersection,Normale,Autre collision,,,,,,,,,,,1,2,1,1,6
200500045403,0005-07-27 00:55:00,5,7,27,0,55,620,197.0,CD 70,,,Nuit sans éclairage public,En agglomération,Hors intersection,Pluie forte,Autre collision,,,,,,,,,,,3,2,1,3,6
200500045404,0005-07-04 19:00:00,5,7,4,19,0,620,907.0,"sans, PANTIGNY (R ANDRE)",,,Plein jour,En agglomération,Intersection en T,Normale,Deux véhicules - côté,,,,,,,,,,,1,2,3,1,3
200500045405,0005-07-09 11:30:00,5,7,9,11,30,620,637.0,"12, ONZE NOVEMBRE (R DU)",,,Plein jour,En agglomération,Hors intersection,Normale,Autre collision,,,,,,,,,,,1,2,1,1,6
200500045406,0005-07-15 17:00:00,5,7,15,17,0,620,666.0,"38, LELEU (R LEON)",,,Plein jour,En agglomération,Intersection en T,Normale,Deux véhicules - côté,,,,,,,,,,,1,2,3,1,3