accident_id,datetime,annee,mois,jour,heure,minute,departement,commune_insee,adresse,latitude,longitude,luminosite,agglomeration,intersection,meteo,collision,nb_vehicules,nb_usagers,nb_indemnes,nb_tues,nb_blesses_hosp,nb_blesses_legers,age_cond_1,age_cond_2,veh_type_cond_1,veh_type_cond_2,lum_code,agg_code,int_code,atm_code,col_code
200500045407,0005-07-11 09:00:00,5,7,11,9,0,620,413.0,"sans, FOUQUIERES (CHE. D",,,Plein jour,En agglomération,Hors intersection,Normale,Sans collision,,,,,,,,,,,1,2,1,1,7
200500045408,0005-07-12 12:00:00,5,7,12,12,0,620,907.0,"sans, DARCHICOURT (AV FE",,,Plein jour,En agglomération,Hors intersection,Normale,Deux véhicules - arrière,,,,,,,,,,,1,2,1,1,2
200500045409,0005-07-01 13:45:00,5,7,1,13,45,620,427.0,"0, GAULLE (R DU GAL DE)",,,Plein jour,En agglomération,Hors intersection,Normale,Autre collision,,,,,,,,,,,1,2,1,1,6
200500045410,0005-07-03 09:15:00,5,7,3,9,15,620,624.0,HUGO (R VICTOR),,,Plein jour,En agglomération,Autre intersection,Normale,Deux véhicules - arrière,,,,,,,,,,,1,2,9,1,2
200500045411,0005-07-17 06:55:00,5,7,17,6,55,620,249.0,"sans, RD 160",,,Plein jour,En agglomération,Hors intersection,Normale,Deux véhicules - frontale,,,,,,,,,,,1,2,1,1,1
200500045412,0005-07-03 16:09:00,5,7,3,16,9,620,895.0,"XXXXXXXX, PEZE (R ANDRE)",,,Plein jour,En agglomération,Hors intersection,Normale,Autre collision,,,,,,,,,,,1,2,1,1,6
200500045413,0005-07-02 12:22:00,5,7,2,12,22,620,498.0,"XXXXXXXXX, MAES (AV. ALF",,,Plein jour,En agglomération,Intersection en X,Normale,Deux véhicules - côté,,,,,,,,,,,1,2,2,1,3
200500045414,0005-07-12 16:58:00,5,7,12,16,58,620,895.0,"256, PERI (R GABRIEL)",,,Plein jour,En agglomération,Hors intersection,Normale,Autre collision,,,,,,,,,,,1,2,1,1,6
200500045415,0005-07-17 06:15:00,5,7,17,6,15,620,218.0,"XXXXXXXXX, COURTAIGNE (R",,,Plein jour,En agglomération,Hors intersection,Normale,Autre collision,,,,,,,,,,,1,2,1,1,6
200500045416,0005-07-05 19:25:00,5,7,5,19,25,620,895.0,"3, FLANDRES (R DES)",,,Plein jour,En agglomération,Hors intersection,Normale,Autre collision,,,,,,,,,,,1,2,1,1,6
200500045417,0005-07-03 12:06:00,5,7,3,12,6,620,771.0,"11, LAMENDIN (R ARTHUR)",,,Plein jour,En agglomération,Hors intersection,Normale,Autre collision,,,,,,,,,,,1,2,1,1,6
200500045418,0005-07-01 22:32:00,5,7,1,22,32,620,498.0,"61, BOURDONNAIS (R DE LA",,,Nuit avec éclairage allumé,En agglomération,Hors intersection,Pluie légère,Deux véhicules - arrière,,,,,,,,,,,5,2,1,2,2
200500045419,0005-07-01 17:13:00,5,7,1,17,13,620,498.0,"89, BOURDONNAIS (R DE LA",,,Plein jour,En agglomération,Hors intersection,Normale,Autre collision,,,,,,,,,,,1,2,1,1,6
200500045420,0005-07-16 16:46:00,5,7,16,16,46,620,498.0,"XXXXXXXX, FASSIAUX (R AR",,,Plein jour,En agglomération,Intersection en X,Normale,Autre collision,,,,,,,,,,,1,2,2,1,6
200500045421,0005-07-31 19:30:00,5,7,31,19,30,620,498.0,"20, BLUM (R LEON)",,,Plein jour,En agglomération,Hors intersection,Normale,Autre collision,,,,,,,,,,,1,2,1,1,6
200500045422,0005-07-12 12:20:00,5,7,12,12,20,620,498.0,TULIPES (R DES),,,Plein jour,En agglomération,Intersection en X,Normale,Deux véhicules - côté,,,,,,,,,,,1,2,2,1,3
200500045423,0005-07-24 03:12:00,5,7,24,3,12,620,842.0,"06, BASLY (R EMILE)",,,Nuit avec éclairage allumé,En agglomération,Hors intersection,Normale,Autre collision,,,,,,,,,,,5,2,1,1,6
200500045424,0005-07-01 23:50:00,5,7,1,23,50,620,186.0,"., JAURES (R  JEAN)",,,Nuit avec éclairage allumé,En agglomération,Intersection en T,Normale,Autre collision,,,,,,,,,,,5,2,3,1,6
200500045425,0005-07-16 03:10:00,5,7,16,3,10,620,186.0,"., HAPIOT (R )",,,Nuit avec éclairage allumé,En agglomération,Hors intersection,Normale,Autre collision,,,,,,,,,,,5,2,1,1,6
200500045426,0005-07-20 10:15:00,5,7,20,10,15,620,528.0,"., CHEMINEE (CHE DE LA)",,,Plein jour,En agglomération,Intersection en X,Normale,Deux véhicules - côté,,,,,,,,,,,1,2,2,1,3
200500045427,0005-07-10 15:15:00,5,7,10,15,15,620,186.0,"., DEBEAUMONT ( RUE EDMO",,,Plein jour,En agglomération,Hors intersection,Normale,Deux véhicules - frontale,,,,,,,,,,,1,2,1,1,1
200500045428,0005-07-04 11:55:00,5,7,4,11,55,620,516.0,"28, HURIONVILLE (D')",,,Plein jour,En agglomération,Intersection en T,Pluie forte,Deux véhicules - côté,,,,,,,,,,,1,2,3,3,3
200500045429,0005-07-30 14:18:00,5,7,30,14,18,620,555.0,"sans, GAMBETTA (RUE LEON",,,Plein jour,En agglomération,Intersection en X,Normale,Deux véhicules - côté,,,,,,,,,,,1,2,2,1,3
200500045430,0005-07-09 13:30:00,5,7,9,13,30,620,617.0,DOUPHY (BD DU COMMANDANT,,,Plein jour,En agglomération,Intersection en X,Normale,Autre collision,,,,,,,,,,,1,2,2,1,6
200500045431,0005-07-18 16:47:00,5,7,18,16,47,620,225.0,SAINT-OMER (ROUTE DE....,,,Plein jour,En agglomération,Autre intersection,Normale,Autre collision,,,,,,,,,,,1,2,9,1,6
200500045432,0005-07-29 17:00:00,5,7,29,17,0,620,139.0,"170, TERLINE (RUE JEHAN",,,Plein jour,En agglomération,Hors intersection,Normale,Autre collision,,,,,,,,,,,1,2,1,1,6
200500045433,0005-07-25 19:10:00,5,7,25,19,10,620,826.0,CANCHE (BOULEVARD DE LA),,,Plein jour,En agglomération,Giratoire,Pluie légère,Deux véhicules - côté,,,,,,,,,,,1,2,6,2,3
200500045434,0005-07-01 10:35:00,5,7,1,10,35,630,113.0,"23, COTE BLATIN (BD)",,,Plein jour,En agglomération,Hors intersection,Normale,Autre collision,,,,,,,,,,,1,2,1,1,6
200500045435,0005-07-02 00:01:00,5,7,2,0,1,630,308.0,"4, ALLARD (PLACE)",,,Nuit avec éclairage allumé,En agglomération,Hors intersection,Normale,Autre collision,,,,,,,,,,,5,2,1,1,6
200500045436,0005-07-02 11:25:00,5,7,2,11,25,630,75.0,"1, VOLTAIRE (RUE)",,,Plein jour,En agglomération,Hors intersection,Normale,Autre collision,,,,,,,,,,,1,2,1,1,6
200500045437,0005-07-04 07:55:00,5,7,4,7,55,630,113.0,"158, FRANCE (RUE ANATOLE",,,Plein jour,En agglomération,Intersection en Y,Normale,Autre collision,,,,,,,,,,,1,2,4,1,6
200500045438,0005-07-04 10:40:00,5,7,4,10,40,630,113.0,"28, FONTGIEVE (RUE)",,,Plein jour,En agglomération,Intersection en X,Pluie légère,Autre collision,,,,,,,,,,,1,2,2,2,6
200500045439,0005-07-05 11:50:00,5,7,5,11,50,630,113.0,"0, CHARCOT (BD)",,,Plein jour,En agglomération,Hors intersection,Normale,Autre collision,,,,,,,,,,,1,2,1,1,6
200500045440,0005-07-05 14:00:00,5,7,5,14,0,630,113.0,"1, COURTIAUX (RUE DES)",,,Plein jour,En agglomération,Intersection en X,Normale,Deux véhicules - côté,,,,,,,,,,,1,2,2,1,3
200500045441,0005-07-06 10:40:00,5,7,6,10,40,630,113.0,"27, GROLIERE (RUE DE LA)",,,Plein jour,En agglomération,Hors intersection,Pluie légère,Autre collision,,,,,,,,,,,1,2,1,2,6
200500045442,0005-07-07 14:00:00,5,7,7,14,0,630,113.0,"70, GANTIERE (RUE DE LA)",,,Plein jour,En agglomération,Intersection en X,Normale,Deux véhicules - côté,,,,,,,,,,,1,2,2,1,3
200500045443,0005-07-08 07:46:00,5,7,8,7,46,630,113.0,"130, LIMOUSIN (AVENUE DU",,,Plein jour,En agglomération,Hors intersection,Normale,Autre collision,,,,,,,,,,,1,2,1,1,6
200500045444,0005-07-09 08:05:00,5,7,9,8,5,630,113.0,"46, CHANTERANNE (RUE DE)",,,Plein jour,En agglomération,Hors intersection,Normale,Deux véhicules - côté,,,,,,,,,,,1,2,1,1,3
200500045445,0005-07-09 15:00:00,5,7,9,15,0,630,14.0,NOELLET (AVENUE JEAN),,,Plein jour,En agglomération,Autre intersection,Temps couvert,Autre collision,,,,,,,,,,,1,2,9,8,6
200500045446,0005-07-10 14:30:00,5,7,10,14,30,630,113.0,"3, AMANDIERS (ALLEE DES)",,,Plein jour,En agglomération,Hors intersection,Normale,Autre collision,,,,,,,,,,,1,2,1,1,6
200500045447,0005-07-10 21:45:00,5,7,10,21,45,630,113.0,"68, MICHELIN (AVENUE EDO",,,Plein jour,En agglomération,Hors intersection,Normale,Autre collision,,,,,,,,,,,1,2,1,1,6
200500045448,0005-07-11 09:23:00,5,7,11,9,23,630,308.0,"1, AGID (AVENUE JOSEPH)",,,Plein jour,En agglomération,Hors intersection,Normale,Autre collision,,,,,,,,,,,1,2,1,1,6
200500045449,0005-07-11 13:00:00,5,7,11,13,0,630,113.0,"0, BLUM (AVENUE LEON)",,,Plein jour,En agglomération,Giratoire,Normale,Autre collision,,,,,,,,,,,1,2,6,1,6
200500045450,0005-07-11 13:55:00,5,7,11,13,55,630,32.0,RN 189 (ROUTE NATIONALE),,,Plein jour,Hors agglomération,Hors intersection,Normale,Autre collision,,,,,,,,,,,1,1,1,1,6
200500045451,0005-07-11 16:55:00,5,7,11,16,55,630,14.0,"88, CRISTAL (AVENUE ERNE",,,Plein jour,Hors agglomération,Hors intersection,Normale,Autre collision,,,,,,,,,,,1,1,1,1,6
200500045452,0005-07-12 11:10:00,5,7,12,11,10,630,113.0,"0, CUGNOT (RUE NICOLAS-J",,,Plein jour,En agglomération,Intersection en T,Normale,Autre collision,,,,,,,,,,,1,2,3,1,6
200500045453,0005-07-12 12:25:00,5,7,12,12,25,630,113.0,CATAROU (RUE DE),,,Plein jour,En agglomération,Hors intersection,Normale,Autre collision,,,,,,,,,,,1,2,1,1,6
200500045454,0005-07-12 17:38:00,5,7,12,17,38,630,113.0,POURCHON (BD MAURICE),,,Plein jour,En agglomération,Hors intersection,Normale,Autre collision,,,,,,,,,,,1,2,1,1,6
200500045455,0005-07-12 21:52:00,5,7,12,21,52,630,308.0,"9, PARADIS (AVENUE DU)",,,Nuit avec éclairage allumé,En agglomération,Hors intersection,Normale,Autre collision,,,,,,,,,,,5,2,1,1,6
200500045456,0005-07-13 13:00:00,5,7,13,13,0,630,113.0,"160, FLAUBERT (BD GUSTAV",,,Plein jour,En agglomération,Giratoire,Normale,Deux véhicules - côté,,,,,,,,,,,1,2,6,1,3
200500045457,0005-07-15 16:00:00,5,7,15,16,0,630,113.0,"94, THEURIET (RUE ANDRE)",,,Plein jour,En agglomération,Hors intersection,Normale,Autre collision,,,,,,,,,,,1,2,1,1,6
200500045458,0005-07-15 17:25:00,5,7,15,17,25,630,113.0,"222, CLEMENTEL (BD ETIEN",,,Plein jour,En agglomération,Hors intersection,Normale,Autre collision,,,,,,,,,,,1,2,1,1,6
200500045459,0005-07-16 11:30:00,5,7,16,11,30,630,113.0,"106 BIS, MICHELIN (AVENU",,,Plein jour,En agglomération,Hors intersection,Normale,Deux véhicules - arrière,,,,,,,,,,,1,2,1,1,2
200500045460,0005-07-19 22:51:00,5,7,19,22,51,630,113.0,"1, FRANCE (RUE ANATOLE)",,,Nuit avec éclairage allumé,En agglomération,Intersection en T,Normale,Autre collision,,,,,,,,,,,5,2,3,1,6
200500045461,0005-07-20 13:00:00,5,7,20,13,0,630,113.0,CHATEAUBRIAND (RUE),,,Plein jour,En agglomération,Autre intersection,Normale,Autre collision,,,,,,,,,,,1,2,9,1,6
200500045462,0005-07-20 13:50:00,5,7,20,13,50,630,14.0,"0, ROUSSILLON (AVENUE DU",,,Plein jour,En agglomération,Hors intersection,Normale,Autre collision,,,,,,,,,,,1,2,1,1,6
200500045463,0005-07-20 16:30:00,5,7,20,16,30,630,113.0,"59, PASTEUR (BD)",,,Plein jour,En agglomération,Hors intersection,Normale,Autre collision,,,,,,,,,,,1,2,1,1,6
200500045464,0005-07-21 13:20:00,5,7,21,13,20,630,113.0,"0, LAFAYETTE (BD)",,,Plein jour,En agglomération,Intersection en X,Normale,Deux véhicules - côté,,,,,,,,,,,1,2,2,1,3
200500045465,0005-07-22 11:50:00,5,7,22,11,50,630,75.0,"23, BERTHELOT (BOULEVARD",,,Plein jour,En agglomération,Hors intersection,Normale,Autre collision,,,,,,,,,,,1,2,1,1,6
200500045466,0005-07-23 13:01:00,5,7,23,13,1,630,113.0,"16, FONTGIEVE (RUE)",,,Plein jour,En agglomération,Hors intersection,Normale,Autre collision,,,,,,,,,,,1,2,1,1,6
200500045467,0005-07-25 09:30:00,5,7,25,9,30,630,70.0,"73, WILSON (AVENUE)",,,Plein jour,En agglomération,Hors intersection,Normale,Autre collision,,,,,,,,,,,1,2,1,1,6
200500045468,0005-07-26 18:55:00,5,7,26,18,55,630,113.0,"0, VIVIANI (RUE)",,,Plein jour,En agglomération,Intersection en Y,Normale,Deux véhicules - côté,,,,,,,,,,,1,2,4,1,3
200500045469,0005-07-27 13:05:00,5,7,27,13,5,630,113.0,"0, CRISTAL (AVENUE ERNES",,,Plein jour,En agglomération,Hors intersection,Normale,Autre collision,,,,,,,,,,,1,2,1,1,6
200500045470,0005-07-28 05:15:00,5,7,28,5,15,630,113.0,"0, BLUM (AVENUE LEON)",,,Nuit avec éclairage allumé,En agglomération,Hors intersection,Normale,Autre collision,,,,,,,,,,,5,2,1,1,6
200500045471,0005-07-28 14:25:00,5,7,28,14,25,630,113.0,"1, HERBET (RUE D')",,,Plein jour,En agglomération,Hors intersection,Normale,Autre collision,,,,,,,,,,,1,2,1,1,6
200500045472,0005-07-29 03:00:00,5,7,29,3,0,630,113.0,"124, LIMOUSIN (AVENUE DU",,,Nuit avec éclairage allumé,En agglomération,Hors intersection,Normale,Autre collision,,,,,,,,,,,5,2,1,1,6
200500045473,0005-07-28 20:10:00,5,7,28,20,10,630,113.0,DELILLE (PLACE),,,Nuit avec éclairage allumé,En agglomération,Hors intersection,Normale,Sans collision,,,,,,,,,,,5,2,1,1,7
200500045474,0005-07-29 15:10:00,5,7,29,15,10,630,113.0,"1, SAINT JEAN (BD)",,,Plein jour,En agglomération,Intersection en X,Normale,Autre collision,,,,,,,,,,,1,2,2,1,6
200500045475,0005-07-29 19:30:00,5,7,29,19,30,630,113.0,"44, ORADOU (RUE DE L')",,,Plein jour,En agglomération,Hors intersection,Normale,Autre collision,,,,,,,,,,,1,2,1,1,6
200500045476,0005-07-29 22:46:00,5,7,29,22,46,630,113.0,"1, MABRUT (RUE ADRIEN)",,,Nuit avec éclairage allumé,En agglomération,Hors intersection,Normale,Autre collision,,,,,,,,,,,5,2,1,1,6
200500045477,0005-07-30 14:40:00,5,7,30,14,40,630,70.0,"132, MONT-DORE (AVENUE D",,,Plein jour,En agglomération,Hors intersection,Normale,Autre collision,,,,,,,,,,,1,2,1,1,6
200500045478,0005-07-30 17:50:00,5,7,30,17,50,630,113.0,"27, MOULIN (BD JEAN)",,,Plein jour,En agglomération,Hors intersection,Normale,Autre collision,,,,,,,,,,,1,2,1,1,6
200500045479,0005-07-31 15:35:00,5,7,31,15,35,630,113.0,"82, PRADELLE (RUE DE LA)",,,Plein jour,En agglomération,Hors intersection,Normale,Deux véhicules - frontale,,,,,,,,,,,1,2,1,1,1
200500045480,0005-07-02 14:45:00,5,7,2,14,45,630,124.0,CLERMONT-FD (ROUTE DE),,,Plein jour,En agglomération,Hors intersection,Normale,Deux véhicules - arrière,,,,,,,,,,,1,2,1,1,2
200500045481,0005-07-09 19:25:00,5,7,9,19,25,630,193.0,RD 769,,,Plein jour,En agglomération,Hors intersection,Normale,Sans collision,,,,,,,,,,,1,2,1,1,7
200500045482,0005-07-13 17:20:00,5,7,13,17,20,630,124.0,"25, GARE (AVENUE DE LA)",,,Plein jour,En agglomération,Intersection en T,Normale,Deux véhicules - côté,,,,,,,,,,,1,2,3,1,3
200500045483,0005-07-17 20:00:00,5,7,17,20,0,630,124.0,"11, PERCHE (RUE DE LA)",,,Plein jour,En agglomération,Hors intersection,Normale,Deux véhicules - frontale,,,,,,,,,,,1,2,1,1,1
200500045484,0005-07-29 17:15:00,5,7,29,17,15,630,193.0,"22, CLERMONT (RUE DE)",,,Plein jour,En agglomération,Hors intersection,Normale,Deux véhicules - arrière,,,,,,,,,,,1,2,1,1,2
200500045485,0005-07-31 16:45:00,5,7,31,16,45,630,124.0,"48, AUBIERE (AV. D')",,,Plein jour,En agglomération,Hors intersection,Normale,Deux véhicules - côté,,,,,,,,,,,1,2,1,1,3
200500045486,0005-07-04 13:45:00,5,7,4,13,45,630,164.0,"48, GUESDE (RUE JULES)",,,Plein jour,En agglomération,Intersection en T,Normale,Deux véhicules - frontale,,,,,,,,,,,1,2,3,1,1
200500045487,0005-07-09 01:50:00,5,7,9,1,50,630,164.0,MITTERRAND ( Avenue Fran,,,Nuit avec éclairage allumé,Hors agglomération,Hors intersection,Normale,Sans collision,,,,,,,,,,,5,1,1,1,7
200500045488,0005-07-10 13:55:00,5,7,10,13,55,630,164.0,CHARMES (CARREFOUR DES),,,Plein jour,Hors agglomération,Intersection à plus de 4 branches,Normale,Deux véhicules - côté,,,,,,,,,,,1,1,5,1,3
200500045489,0005-07-12 17:25:00,5,7,12,17,25,630,63.0,FOURCHES (RUE DES),,,Plein jour,En agglomération,Intersection en X,Normale,Deux véhicules - côté,,,,,,,,,,,1,2,2,1,3
200500045490,0005-07-30 09:35:00,5,7,30,9,35,630,99.0,RN9 (PONPIGNAT),,,Plein jour,Hors agglomération,Hors intersection,Normale,Sans collision,,,,,,,,,,,1,1,1,1,7
200500045491,0005-07-01 19:40:00,5,7,1,19,40,640,24.0,LACROIX (ROND POINT DOCT,,,Plein jour,En agglomération,Giratoire,Normale,Deux véhicules - côté,,,,,,,,,,,1,2,6,1,3
200500045492,0005-07-02 19:55:00,5,7,2,19,55,640,102.0,"19, LAHUBIAGUE (AVENUE)",,,Plein jour,En agglomération,Hors intersection,Normale,Deux véhicules - côté,,,,,,,,,,,1,2,1,1,3
200500045493,0005-07-03 01:45:00,5,7,3,1,45,640,102.0,"1, FORGUES FERNAND (AVEN",,,Plein jour,En agglomération,Hors intersection,Normale,Sans collision,,,,,,,,,,,1,2,1,1,7
200500045494,0005-07-04 10:40:00,5,7,4,10,40,640,102.0,"1, EFFEIL (GUSTAVE) RUE",,,Plein jour,En agglomération,Hors intersection,Temps couvert,Deux véhicules - arrière,,,,,,,,,,,1,2,1,8,2
200500045495,0005-07-04 14:40:00,5,7,4,14,40,640,140.0,DOUANE (QUAI DE LA),,,Plein jour,En agglomération,Intersection en T,Temps couvert,Deux véhicules - frontale,,,,,,,,,,,1,2,3,8,1
200500045496,0005-07-05 21:30:00,5,7,5,21,30,640,102.0,"., GRENET (AVENUE HENRI)",,,Nuit avec éclairage allumé,En agglomération,Hors intersection,Normale,Deux véhicules - arrière,,,,,,,,,,,5,2,1,1,2
200500045497,0005-07-06 01:05:00,5,7,6,1,5,640,24.0,BAB (BOULEVARD DU),,,Nuit avec éclairage allumé,En agglomération,Hors intersection,Normale,Deux véhicules - côté,,,,,,,,,,,5,2,1,1,3
200500045498,0005-07-07 11:40:00,5,7,7,11,40,640,24.0,"84, BIARRITZ (AVENUE DE)",,,Plein jour,En agglomération,Hors intersection,Normale,Autre collision,,,,,,,,,,,1,2,1,1,6
200500045499,0005-07-08 13:30:00,5,7,8,13,30,640,102.0,"1, JEAN JAURES (BOULEVAR",,,Plein jour,En agglomération,Intersection en T,Temps couvert,Sans collision,,,,,,,,,,,1,2,3,8,7
200500045500,0005-07-09 05:45:00,5,7,9,5,45,640,102.0,"1, GRENET (AVENUE HENRI)",,,Nuit avec éclairage allumé,En agglomération,Hors intersection,Temps couvert,Sans collision,,,,,,,,,,,5,2,1,8,7
200500045501,0005-07-13 11:50:00,5,7,13,11,50,640,24.0,BAYONNE (AVENUE DE),,,Plein jour,En agglomération,Hors intersection,Normale,Autre collision,,,,,,,,,,,1,2,1,1,6
200500045502,0005-07-13 19:20:00,5,7,13,19,20,640,24.0,"1, BAHINOS (ROUTE DE)",,,Plein jour,En agglomération,Hors intersection,Normale,Deux véhicules - côté,,,,,,,,,,,1,2,1,1,3
200500045503,0005-07-14 15:19:00,5,7,14,15,19,640,24.0,BARRE (PROMENADE DE LA),,,Plein jour,En agglomération,Intersection en T,Normale,Trois véhicules et plus - collisions multiples,,,,,,,,,,,1,2,3,1,5
200500045504,0005-07-15 08:50:00,5,7,15,8,50,640,24.0,"155, ADOUR (AVENUE DE L'",,,Plein jour,En agglomération,Hors intersection,Normale,Autre collision,,,,,,,,,,,1,2,1,1,6
200500045505,0005-07-17 00:45:00,5,7,17,0,45,640,24.0,MER (BOULEVARD DE LA),,,Nuit avec éclairage non allumé,En agglomération,Intersection en T,Normale,Autre collision,,,,,,,,,,,4,2,3,1,6
200500045506,0005-07-19 19:38:00,5,7,19,19,38,640,24.0,MER (BOULEVARD DE LA),,,Plein jour,En agglomération,Intersection en T,Normale,Deux véhicules - côté,,,,,,,,,,,1,2,3,1,3
200500045507,0005-07-21 17:02:00,5,7,21,17,2,640,24.0,"148, PLAGES (BOULEVARD D",,,Plein jour,En agglomération,Intersection en T,Temps éblouissant,Deux véhicules - côté,,,,,,,,,,,1,2,3,7,3
200500045508,0005-07-24 02:45:00,5,7,24,2,45,640,24.0,ESPAGNE (AVENUE D'),,,Nuit avec éclairage allumé,En agglomération,Hors intersection,Normale,Sans collision,,,,,,,,,,,5,2,1,1,7
200500045509,0005-07-24 15:00:00,5,7,24,15,0,640,24.0,"., BARRE (PLAGE DE LA)",,,Plein jour,En agglomération,Hors intersection,Normale,Deux véhicules - côté,,,,,,,,,,,1,2,1,1,3
200500045510,0005-07-26 17:15:00,5,7,26,17,15,640,24.0,KRAEMER (RUE CHARLES),,,Plein jour,En agglomération,Giratoire,Normale,Autre collision,,,,,,,,,,,1,2,6,1,6
200500045511,0005-07-28 10:10:00,5,7,28,10,10,640,24.0,ESPAGNE (AVENUE D'),,,Plein jour,En agglomération,Hors intersection,Normale,Deux véhicules - côté,,,,,,,,,,,1,2,1,1,3
200500045512,0005-07-31 00:35:00,5,7,31,0,35,640,24.0,BAB (BOULEVARD DU),,,Nuit avec éclairage allumé,En agglomération,Hors intersection,Normale,Deux véhicules - arrière,,,,,,,,,,,5,2,1,1,2
200500045513,0005-07-31 06:25:00,5,7,31,6,25,640,24.0,"19, MER (BOULEVARD DE LA",,,Plein jour,En agglomération,Hors intersection,Normale,Deux véhicules - frontale,,,,,,,,,,,1,2,1,1,1
200500045514,0005-07-29 13:33:00,5,7,29,13,33,640,102.0,AQUITAINE (AVENUE DE L'),,,Plein jour,En agglomération,Hors intersection,Normale,Deux véhicules - arrière,,,,,,,,,,,1,2,1,1,2
200500045515,0005-07-02 21:40:00,5,7,2,21,40,640,122.0,SABAOU (AVENUE DU),,,Crépuscule ou aube,En agglomération,Hors intersection,Normale,Sans collision,,,,,,,,,,,2,2,1,1,7
200500045516,0005-07-04 15:25:00,5,7,4,15,25,640,122.0,"., ROND POINT DE L EUROP",,,Plein jour,En agglomération,Hors intersection,Normale,Deux véhicules - côté,,,,,,,,,,,1,2,1,1,3
200500045517,0005-07-05 02:25:00,5,7,5,2,25,640,125.0,"., BIARRITZ (AVENUE DE)",,,Nuit avec éclairage allumé,En agglomération,Hors intersection,Normale,Autre collision,,,,,,,,,,,5,2,1,1,6
200500045518,0005-07-07 11:20:00,5,7,7,11,20,640,125.0,"., CHABADENIA (AVENUE)",,,Plein jour,En agglomération,Hors intersection,Normale,Deux véhicules - côté,,,,,,,,,,,1,2,1,1,3
200500045519,0005-07-10 12:05:00,5,7,10,12,5,640,122.0,"., GENERAL DE GAULLE (BD",,,Plein jour,En agglomération,Hors intersection,Normale,Deux véhicules - côté,,,,,,,,,,,1,2,1,1,3
200500045520,0005-07-13 19:55:00,5,7,13,19,55,640,122.0,"., ""KENNEDY (AVENUE DU P",,,Crépuscule ou aube,En agglomération,Hors intersection,Autre,Deux véhicules - côté,,,,,,,,,,,2,2,1,9,3
200500045521,0005-07-14 13:20:00,5,7,14,13,20,640,122.0,"., ROND POINT DE L EUROP",,,Plein jour,En agglomération,Hors intersection,Normale,Deux véhicules - côté,,,,,,,,,,,1,2,1,1,3
200500045522,0005-07-15 20:20:00,5,7,15,20,20,640,122.0,"., SAINTE EUGENIE (PLACE",,,Crépuscule ou aube,En agglomération,Hors intersection,Normale,Autre collision,,,,,,,,,,,2,2,1,1,6
200500045523,0005-07-16 14:58:00,5,7,16,14,58,640,122.0,"62, GAMBETTA (RUE)",,,Plein jour,En agglomération,Hors intersection,Autre,Autre collision,,,,,,,,,,,1,2,1,9,6
200500045524,0005-07-19 13:00:00,5,7,19,13,0,640,122.0,"., BERGERIE (RUE DE LA )",,,Plein jour,En agglomération,Hors intersection,Autre,Autre collision,,,,,,,,,,,1,2,1,9,6
200500045525,0005-07-20 04:45:00,5,7,20,4,45,640,122.0,"29, LONDRES (AVENUE DE)",,,Nuit avec éclairage allumé,En agglomération,Hors intersection,Normale,Autre collision,,,,,,,,,,,5,2,1,1,6
200500045526,0005-07-20 07:30:00,5,7,20,7,30,640,122.0,"., KLEBER (AVENUE)",,,Crépuscule ou aube,En agglomération,Hors intersection,Normale,Autre collision,,,,,,,,,,,2,2,1,1,6
200500045527,0005-07-21 00:15:00,5,7,21,0,15,640,122.0,"., LECLERC MARECHAL (BD)",,,Nuit avec éclairage allumé,En agglomération,Hors intersection,Normale,Deux véhicules - arrière,,,,,,,,,,,5,2,1,1,2
200500045528,0005-07-21 05:00:00,5,7,21,5,0,640,122.0,"., HELIANTHE (CARREFOUR)",,,Nuit avec éclairage allumé,En agglomération,Hors intersection,Normale,Sans collision,,,,,,,,,,,5,2,1,1,7
200500045529,0005-07-21 14:00:00,5,7,21,14,0,640,122.0,"., DASSAULT MARCEL (BD)",,,Plein jour,En agglomération,Hors intersection,Normale,Trois véhicules et plus - collisions multiples,,,,,,,,,,,1,2,1,1,5
200500045530,0005-07-21 20:00:00,5,7,21,20,0,640,125.0,AHETZE (ROUTE),,,Plein jour,En agglomération,Hors intersection,Normale,Deux véhicules - côté,,,,,,,,,,,1,2,1,1,3
200500045531,0005-07-24 03:32:00,5,7,24,3,32,640,122.0,"4, SEGURE ( IMPASSE -AVE",,,Nuit avec éclairage allumé,En agglomération,Hors intersection,Normale,Autre collision,,,,,,,,,,,5,2,1,1,6
200500045532,0005-07-26 15:25:00,5,7,26,15,25,640,122.0,"., ROND POINT DE L EUROP",,,Plein jour,En agglomération,Hors intersection,Normale,Sans collision,,,,,,,,,,,1,2,1,1,7
200500045533,0005-07-29 17:10:00,5,7,29,17,10,640,122.0,"1, HELDER (RUE DU)",,,Plein jour,En agglomération,Hors intersection,Temps couvert,Sans collision,,,,,,,,,,,1,2,1,8,7
200500045534,0005-07-30 18:15:00,5,7,30,18,15,640,122.0,"61, VERDUN (AVENUE DE)",,,Plein jour,En agglomération,Hors intersection,Normale,Deux véhicules - côté,,,,,,,,,,,1,2,1,1,3
200500045535,0005-07-02 11:35:00,5,7,2,11,35,640,445.0,"face 32, CHAMPETIER DE R",,,Plein jour,En agglomération,Hors intersection,Normale,Autre collision,,,,,,,,,,,1,2,1,1,6
200500045536,0005-07-01 15:15:00,5,7,1,15,15,640,445.0,"27, CARNOT",,,Plein jour,En agglomération,Hors intersection,Normale,Autre collision,,,,,,,,,,,1,2,1,1,6
200500045537,0005-07-05 12:15:00,5,7,5,12,15,640,335.0,SALIE,,,Plein jour,En agglomération,Hors intersection,Normale,Deux véhicules - frontale,,,,,,,,,,,1,2,1,1,1