accident_id,datetime,annee,mois,jour,heure,minute,departement,commune_insee,adresse,latitude,longitude,luminosite,agglomeration,intersection,meteo,collision,nb_vehicules,nb_usagers,nb_indemnes,nb_tues,nb_blesses_hosp,nb_blesses_legers,age_cond_1,age_cond_2,veh_type_cond_1,veh_type_cond_2,lum_code,agg_code,int_code,atm_code,col_code
200500045538,0005-07-07 17:15:00,5,7,7,17,15,640,445.0,JEAN MERMOZ,,,Plein jour,En agglomération,Intersection en T,Normale,Deux véhicules - côté,,,,,,,,,,,1,2,3,1,3
200500045539,0005-07-10 10:00:00,5,7,10,10,0,640,445.0,ETIGNY D',,,Plein jour,En agglomération,Hors intersection,Normale,Autre collision,,,,,,,,,,,1,2,1,1,6
200500045540,0005-07-12 16:15:00,5,7,12,16,15,640,445.0,LEON BERARD,,,Plein jour,En agglomération,Hors intersection,Normale,Autre collision,,,,,,,,,,,1,2,1,1,6
200500045541,0005-07-12 17:40:00,5,7,12,17,40,640,445.0,ALFRED NOBEL,,,Plein jour,En agglomération,Hors intersection,Normale,Deux véhicules - arrière,,,,,,,,,,,1,2,1,1,2
200500045542,0005-07-13 21:15:00,5,7,13,21,15,640,445.0,JEAN GENEZE,,,Plein jour,En agglomération,Hors intersection,Normale,Sans collision,,,,,,,,,,,1,2,1,1,7
200500045543,0005-07-18 17:30:00,5,7,18,17,30,640,445.0,JEAN MERMOZ,,,Plein jour,En agglomération,Hors intersection,Normale,Deux véhicules - côté,,,,,,,,,,,1,2,1,1,3
200500045544,0005-07-18 18:35:00,5,7,18,18,35,640,445.0,"119, ALSACE LORRAINE D'",,,Plein jour,En agglomération,Hors intersection,Normale,Deux véhicules - côté,,,,,,,,,,,1,2,1,1,3
200500045545,0005-07-19 19:30:00,5,7,19,19,30,640,445.0,JEAN MERMOZ,,,Plein jour,En agglomération,Intersection en X,Normale,Deux véhicules - côté,,,,,,,,,,,1,2,2,1,3
200500045546,0005-07-20 18:35:00,5,7,20,18,35,640,335.0,"4, JEAN JAURES",,,Plein jour,En agglomération,Hors intersection,Normale,Deux véhicules - côté,,,,,,,,,,,1,2,1,1,3
200500045547,0005-07-23 00:18:00,5,7,23,0,18,640,445.0,"12, MONTPENSIER",,,Nuit avec éclairage allumé,En agglomération,Intersection en X,Normale,Deux véhicules - côté,,,,,,,,,,,5,2,2,1,3
200500045548,0005-07-23 23:50:00,5,7,23,23,50,640,445.0,HENRI FAISANS,,,Nuit sans éclairage public,En agglomération,Intersection en T,Normale,Deux véhicules - frontale,,,,,,,,,,,3,2,3,1,1
200500045549,0005-07-24 02:45:00,5,7,24,2,45,640,445.0,BOSQUET,,,Nuit avec éclairage allumé,En agglomération,Hors intersection,Normale,Deux véhicules - arrière,,,,,,,,,,,5,2,1,1,2
200500045550,0005-07-28 03:35:00,5,7,28,3,35,640,445.0,GACHET,,,Nuit avec éclairage allumé,En agglomération,Hors intersection,Normale,Autre collision,,,,,,,,,,,5,2,1,1,6
200500045551,0005-07-28 08:45:00,5,7,28,8,45,640,445.0,"21, ROGER SALENGRO",,,Plein jour,En agglomération,Hors intersection,Normale,Deux véhicules - côté,,,,,,,,,,,1,2,1,1,3
200500045552,0005-07-23 23:45:00,5,7,23,23,45,640,237.0,"16, EUGENE DAURE",,,Nuit avec éclairage allumé,En agglomération,Hors intersection,Normale,Deux véhicules - côté,,,,,,,,,,,5,2,1,1,3
200500045553,0005-07-30 02:35:00,5,7,30,2,35,640,445.0,LIEGE DE,,,Nuit avec éclairage allumé,En agglomération,Intersection en X,Normale,Deux véhicules - côté,,,,,,,,,,,5,2,2,1,3
200500045554,0005-07-01 05:00:00,5,7,1,5,0,640,260.0,"34, BEHOBIE (RUE DE)",,,Nuit avec éclairage allumé,En agglomération,Hors intersection,Normale,Deux véhicules - arrière,,,,,,,,,,,5,2,1,1,2
200500045555,0005-07-02 09:42:00,5,7,2,9,42,640,260.0,"31, ALLEES (RUE DES)",,,Plein jour,En agglomération,Giratoire,Normale,Deux véhicules - côté,,,,,,,,,,,1,2,6,1,3
200500045556,0005-07-08 14:40:00,5,7,8,14,40,640,545.0,NATIONALE 10,,,Plein jour,Hors agglomération,Hors intersection,Normale,Deux véhicules - arrière,,,,,,,,,,,1,1,1,1,2
200500045557,0005-07-10 13:20:00,5,7,10,13,20,640,260.0,"20, BAIE DE CHINGUDY (AV",,,Plein jour,En agglomération,Hors intersection,Normale,Deux véhicules - côté,,,,,,,,,,,1,2,1,1,3
200500045558,0005-07-13 14:45:00,5,7,13,14,45,640,260.0,"89, MER (BOULEVARD DE LA",,,Plein jour,En agglomération,Hors intersection,Normale,Deux véhicules - frontale,,,,,,,,,,,1,2,1,1,1
200500045559,0005-07-14 11:45:00,5,7,14,11,45,640,260.0,"79, MER (BOULEVARD DE LA",,,Plein jour,En agglomération,Hors intersection,Normale,Deux véhicules - côté,,,,,,,,,,,1,2,1,1,3
200500045560,0005-07-15 15:20:00,5,7,15,15,20,640,260.0,"1, FLORIDE (ROND POINT D",,,Plein jour,En agglomération,Giratoire,Normale,Deux véhicules - arrière,,,,,,,,,,,1,2,6,1,2
200500045561,0005-07-19 15:50:00,5,7,19,15,50,640,545.0,NATIONALE 10,,,Plein jour,Hors agglomération,Hors intersection,Normale,Autre collision,,,,,,,,,,,1,1,1,1,6
200500045562,0005-07-20 18:50:00,5,7,20,18,50,640,260.0,"6, BAIE DE CHINGUDY (AVE",,,Plein jour,En agglomération,Hors intersection,Normale,Deux véhicules - arrière,,,,,,,,,,,1,2,1,1,2
200500045563,0005-07-21 13:05:00,5,7,21,13,5,640,260.0,"6, GAULLE CHARLES (RUE D",,,Plein jour,En agglomération,Hors intersection,Normale,Deux véhicules - côté,,,,,,,,,,,1,2,1,1,3
200500045564,0005-07-22 19:40:00,5,7,22,19,40,640,260.0,"23, RESERVOIRS (RUE DES)",,,Plein jour,En agglomération,Hors intersection,Normale,Deux véhicules - côté,,,,,,,,,,,1,2,1,1,3
200500045565,0005-07-29 15:25:00,5,7,29,15,25,640,260.0,"1, ALDAPA (RUE D')",,,Plein jour,Hors agglomération,Hors intersection,Normale,Deux véhicules - côté,,,,,,,,,,,1,1,1,1,3
200500045566,0005-07-12 07:30:00,5,7,12,7,30,640,483.0,"50, HUGO VICTOR (BOULEVA",,,Plein jour,En agglomération,Hors intersection,Normale,Autre collision,,,,,,,,,,,1,2,1,1,6
200500045567,0005-07-12 18:30:00,5,7,12,18,30,640,483.0,RN10,,,Plein jour,Hors agglomération,Autre intersection,Normale,Autre collision,,,,,,,,,,,1,1,9,1,6
200500045568,0005-07-17 14:30:00,5,7,17,14,30,640,189.0,"10, BOUROUSSE ARISTIDE (",,,Plein jour,En agglomération,Intersection en X,Normale,Deux véhicules - côté,,,,,,,,,,,1,2,2,1,3
200500045569,0005-07-22 15:35:00,5,7,22,15,35,640,545.0,RN10,,,Plein jour,Hors agglomération,Hors intersection,Normale,Deux véhicules - frontale,,,,,,,,,,,1,1,1,1,1
200500045570,0005-07-27 15:25:00,5,7,27,15,25,640,483.0,ITHURRALDE ANDRE (AVENUE,,,Plein jour,En agglomération,Hors intersection,Normale,Deux véhicules - frontale,,,,,,,,,,,1,2,1,1,1
200500045571,0005-07-06 12:35:00,5,7,6,12,35,640,545.0,CORNICHE (ROUTE DE LA),,,Plein jour,Hors agglomération,Hors intersection,Pluie forte,Deux véhicules - frontale,,,,,,,,,,,1,1,1,3,1
200500045572,0005-07-19 05:50:00,5,7,19,5,50,640,249.0,GETARIA(AVENUE),,,Crépuscule ou aube,Hors agglomération,Hors intersection,Pluie légère,Deux véhicules - arrière,,,,,,,,,,,2,1,1,2,2
200500045573,0005-07-18 18:25:00,5,7,18,18,25,640,260.0,"29, INDUSTRIE (RUE DE L'",,,Plein jour,En agglomération,Hors intersection,Normale,Autre collision,,,,,,,,,,,1,2,1,1,6
200500045574,0005-07-24 03:20:00,5,7,24,3,20,640,483.0,"1, COULOMME JEAN (AV DU",,,Nuit avec éclairage allumé,En agglomération,Hors intersection,Normale,Sans collision,,,,,,,,,,,5,2,1,1,7
200500045575,0005-07-22 09:45:00,5,7,22,9,45,640,260.0,"06, MIMOSAS (AVENUE DES)",,,Plein jour,En agglomération,Intersection en T,Normale,Deux véhicules - côté,,,,,,,,,,,1,2,3,1,3
200500045576,0005-07-25 12:30:00,5,7,25,12,30,640,545.0,NATIONALE 10,,,Plein jour,Hors agglomération,Hors intersection,Normale,Deux véhicules - frontale,,,,,,,,,,,1,1,1,1,1
200500045577,0005-07-25 14:17:00,5,7,25,14,17,640,483.0,"15, ITHURRALDE ANDRE (AV",,,Plein jour,En agglomération,Intersection en X,Normale,Deux véhicules - frontale,,,,,,,,,,,1,2,2,1,1
200500045578,0005-07-28 14:10:00,5,7,28,14,10,640,483.0,RN10,,,Plein jour,Hors agglomération,Hors intersection,Normale,Deux véhicules - frontale,,,,,,,,,,,1,1,1,1,1
200500045579,0005-07-08 07:57:00,5,7,8,7,57,650,286.0,"30, PAU (ROUTE DE)",,,Plein jour,En agglomération,Hors intersection,Pluie légère,Sans collision,,,,,,,,,,,1,2,1,2,7
200500045580,0005-07-11 13:40:00,5,7,11,13,40,650,286.0,MICHELET (RUE EDMOND),,,Plein jour,En agglomération,Hors intersection,Normale,Deux véhicules - côté,,,,,,,,,,,1,2,1,1,3
200500045581,0005-07-12 14:10:00,5,7,12,14,10,650,286.0,"1, LAURENCE (PLACE MONSE",,,Plein jour,En agglomération,Hors intersection,Normale,Sans collision,,,,,,,,,,,1,2,1,1,7
200500045582,0005-07-13 16:56:00,5,7,13,16,56,650,286.0,BAGNERES (ROUTE DE),,,Plein jour,Hors agglomération,Hors intersection,Normale,Deux véhicules - frontale,,,,,,,,,,,1,1,1,1,1
200500045583,0005-07-28 12:10:00,5,7,28,12,10,650,286.0,"86 BIS, MARQUI (AVENUE A",,,Plein jour,En agglomération,Intersection en T,Normale,Deux véhicules - côté,,,,,,,,,,,1,2,3,1,3
200500045584,0005-07-29 05:18:00,5,7,29,5,18,650,286.0,"1, PAU (ROUTE DE)",,,Nuit sans éclairage public,En agglomération,Hors intersection,Normale,Autre collision,,,,,,,,,,,3,2,1,1,6
200500045585,0005-07-28 18:00:00,5,7,28,18,0,650,286.0,"13, MARANSIN (CHAUSSEE)",,,Plein jour,En agglomération,Hors intersection,Temps couvert,Deux véhicules - côté,,,,,,,,,,,1,2,1,8,3
200500045586,0005-07-01 07:45:00,5,7,1,7,45,650,47.0,"111, NOVEMBRE (RUE DU XI",,,Plein jour,En agglomération,Intersection en T,Normale,Deux véhicules - côté,,,,,,,,,,,1,2,3,1,3
200500045587,0005-07-02 18:25:00,5,7,2,18,25,650,440.0,"97, FOCH (RUE DU MARECHA",,,Plein jour,En agglomération,Hors intersection,Normale,Deux véhicules - arrière,,,,,,,,,,,1,2,1,1,2
200500045588,0005-07-03 11:05:00,5,7,3,11,5,650,440.0,PAUL (BOULEVARD JEAN RAO,,,Plein jour,En agglomération,Hors intersection,Normale,Deux véhicules - arrière,,,,,,,,,,,1,2,1,1,2
200500045589,0005-07-09 15:10:00,5,7,9,15,10,650,226.0,NATIONALE 117 (ROUTE),,,Plein jour,En agglomération,Intersection en T,Normale,Trois véhicules et plus - en chaîne,,,,,,,,,,,1,2,3,1,4
200500045590,0005-07-11 21:15:00,5,7,11,21,15,650,100.0,"1, BOURS (ROUTE DE)",,,Plein jour,Hors agglomération,Hors intersection,Normale,Sans collision,,,,,,,,,,,1,1,1,1,7
200500045591,0005-07-14 17:20:00,5,7,14,17,20,650,100.0,"18, COMMANDEUR (AVENUE D",,,Plein jour,Hors agglomération,Hors intersection,Normale,Autre collision,,,,,,,,,,,1,1,1,1,6
200500045592,0005-07-15 09:30:00,5,7,15,9,30,650,251.0,"., PYRENEES (RUE DES)",,,Plein jour,Hors agglomération,Intersection en T,Normale,Trois véhicules et plus - en chaîne,,,,,,,,,,,1,1,3,1,4
200500045593,0005-07-15 17:15:00,5,7,15,17,15,650,417.0,"., LANGELEZ (RUE GERARD)",,,Plein jour,En agglomération,Intersection en T,Normale,Deux véhicules - côté,,,,,,,,,,,1,2,3,1,3
200500045594,0005-07-16 17:00:00,5,7,16,17,0,650,440.0,"., LAC D'OURREC (RUE DU)",,,Plein jour,En agglomération,Intersection en X,Normale,Deux véhicules - côté,,,,,,,,,,,1,2,2,1,3
200500045595,0005-07-18 13:25:00,5,7,18,13,25,650,440.0,"12, LACAUSSADE (BOULEVAR",,,Plein jour,En agglomération,Intersection en T,Normale,Deux véhicules - côté,,,,,,,,,,,1,2,3,1,3
200500045596,0005-07-17 11:05:00,5,7,17,11,5,650,440.0,"50, LATTRE DE TASSIGNY(B",,,Plein jour,En agglomération,Intersection en X,Normale,Deux véhicules - arrière,,,,,,,,,,,1,2,2,1,2
200500045597,0005-07-22 22:40:00,5,7,22,22,40,650,100.0,BORDEAUX (ROUTE DE) CD 9,,,Nuit sans éclairage public,Hors agglomération,Hors intersection,Normale,Deux véhicules - arrière,,,,,,,,,,,3,1,1,1,2
200500045598,0005-07-24 20:45:00,5,7,24,20,45,650,100.0,"18, COMMANDEUR (AVENUE D",,,Plein jour,En agglomération,Hors intersection,Normale,Deux véhicules - arrière,,,,,,,,,,,1,2,1,1,2
200500045599,0005-07-25 09:50:00,5,7,25,9,50,650,440.0,"., SEDE (ROND-POINT DE L",,,Plein jour,En agglomération,Giratoire,Normale,Deux véhicules - côté,,,,,,,,,,,1,2,6,1,3
200500045600,0005-07-26 08:05:00,5,7,26,8,5,650,440.0,ROND-POINT ALSTOM,,,Plein jour,En agglomération,Giratoire,Normale,Deux véhicules - côté,,,,,,,,,,,1,2,6,1,3
200500045601,0005-07-28 17:55:00,5,7,28,17,55,650,440.0,"., EMBARQUEMENT (QUAI D'",,,Plein jour,En agglomération,Intersection en T,Temps couvert,Autre collision,,,,,,,,,,,1,2,3,8,6
200500045602,0005-07-02 10:15:00,5,7,2,10,15,660,136.0,PENETRANTE NORD,,,Plein jour,Hors agglomération,Hors intersection,Normale,Trois véhicules et plus - collisions multiples,,,,,,,,,,,1,1,1,1,5
200500045603,0005-07-05 18:00:00,5,7,5,18,0,660,136.0,"01, LAVISSE (ERNEST)",,,Plein jour,En agglomération,Intersection en X,Normale,Deux véhicules - côté,,,,,,,,,,,1,2,2,1,3
200500045604,0005-07-11 23:50:00,5,7,11,23,50,660,136.0,"171, JOFFRE (AVENUE DU M",,,Nuit avec éclairage allumé,En agglomération,Intersection en T,Normale,Autre collision,,,,,,,,,,,5,2,3,1,6
200500045605,0005-07-14 16:00:00,5,7,14,16,0,660,136.0,"1629, LANGUEDOC (AVENUE",,,Plein jour,En agglomération,Hors intersection,Normale,Deux véhicules - côté,,,,,,,,,,,1,2,1,1,3
200500045606,0005-07-09 06:40:00,5,7,9,6,40,660,136.0,MAS-PALEGRY (CHEMIN DU),,,Plein jour,Hors agglomération,Hors intersection,Normale,Deux véhicules - côté,,,,,,,,,,,1,1,1,1,3
200500045607,0005-07-01 16:05:00,5,7,1,16,5,660,136.0,"4050, JULIEN PANCHOT (AV",,,Plein jour,Hors agglomération,Hors intersection,Normale,Trois véhicules et plus - en chaîne,,,,,,,,,,,1,1,1,1,4
200500045608,0005-07-01 16:30:00,5,7,1,16,30,660,136.0,JOFFRE (AVENUE DU MARECH,,,Plein jour,En agglomération,Intersection en X,Normale,Deux véhicules - côté,,,,,,,,,,,1,2,2,1,3
200500045609,0005-07-28 18:49:00,5,7,28,18,49,660,136.0,AGASSE PASCAL MARIE,,,Plein jour,En agglomération,Intersection en X,Normale,Deux véhicules - côté,,,,,,,,,,,1,2,2,1,3
200500045610,0005-07-18 08:15:00,5,7,18,8,15,670,180.0,WOERTH (ROUTE DE),,,Plein jour,Hors agglomération,Hors intersection,Normale,Deux véhicules - frontale,,,,,,,,,,,1,1,1,1,1
200500045611,0005-07-20 03:15:00,5,7,20,3,15,670,180.0,"RD263, WISSEMBOURG (AV.",,,Nuit sans éclairage public,Hors agglomération,Hors intersection,Normale,Autre collision,,,,,,,,,,,3,1,1,1,6
200500045612,0005-07-27 19:00:00,5,7,27,19,0,670,180.0,"26a, STRASBOURG (ROUTE D",,,Plein jour,En agglomération,Hors intersection,Normale,Autre collision,,,,,,,,,,,1,2,1,1,6
200500045613,0005-07-30 05:00:00,5,7,30,5,0,670,180.0,SOUFFLENHEIM (ROUTE DE),,,Nuit sans éclairage public,Hors agglomération,Hors intersection,Normale,Sans collision,,,,,,,,,,,3,1,1,1,7
200500045614,0005-07-03 16:38:00,5,7,3,16,38,670,462.0,RD 424,,,Plein jour,Hors agglomération,Hors intersection,Normale,Deux véhicules - frontale,,,,,,,,,,,1,1,1,1,1
200500045615,0005-07-29 11:49:00,5,7,29,11,49,670,462.0,RN 83 NORD,,,Plein jour,En agglomération,Hors intersection,Normale,Deux véhicules - côté,,,,,,,,,,,1,2,1,1,3
200500045616,0005-07-01 14:00:00,5,7,1,14,0,670,482.0,ANDRE MAUROIS (PLACE),,,Plein jour,En agglomération,Hors intersection,Normale,Deux véhicules - côté,,,,,,,,,,,1,2,1,1,3
200500045617,0005-07-01 17:40:00,5,7,1,17,40,670,482.0,"0, SAINTE MARGUERITE (RU",,,Plein jour,En agglomération,Hors intersection,Normale,Deux véhicules - côté,,,,,,,,,,,1,2,1,1,3
200500045618,0005-07-01 17:50:00,5,7,1,17,50,670,482.0,"06, SARLAT (RUE DE)",,,Plein jour,En agglomération,Hors intersection,Normale,Autre collision,,,,,,,,,,,1,2,1,1,6
200500045619,0005-07-03 20:15:00,5,7,3,20,15,670,482.0,"00, BOSTON (RUE DE)",,,Plein jour,En agglomération,Hors intersection,Normale,Deux véhicules - côté,,,,,,,,,,,1,2,1,1,3
200500045620,0005-07-03 21:30:00,5,7,3,21,30,670,447.0,"56, MUNDOLSHEIM (RUE DE)",,,Crépuscule ou aube,En agglomération,Hors intersection,Normale,Autre collision,,,,,,,,,,,2,2,1,1,6
200500045621,0005-07-04 09:25:00,5,7,4,9,25,670,447.0,"00, GENERAL DE GAULLE (R",,,Plein jour,En agglomération,Intersection en X,Normale,Deux véhicules - côté,,,,,,,,,,,1,2,2,1,3
200500045622,0005-07-04 15:40:00,5,7,4,15,40,670,482.0,"13, PERIGUEUX (RUE DE)",,,Plein jour,En agglomération,Hors intersection,Normale,Autre collision,,,,,,,,,,,1,2,1,1,6
200500045623,0005-07-04 16:25:00,5,7,4,16,25,670,447.0,"00, GENERAL DE GAULLE (R",,,Plein jour,En agglomération,Intersection en X,Temps couvert,Deux véhicules - côté,,,,,,,,,,,1,2,2,8,3
200500045624,0005-07-05 14:35:00,5,7,5,14,35,670,482.0,"000, REPUBLIQUE (PLACE D",,,Plein jour,En agglomération,Giratoire,Normale,Deux véhicules - frontale,,,,,,,,,,,1,2,6,1,1
200500045625,0005-07-06 11:15:00,5,7,6,11,15,670,482.0,"59, RHIN (ROUTE DU)",,,Plein jour,En agglomération,Hors intersection,Normale,Deux véhicules - frontale,,,,,,,,,,,1,2,1,1,1
200500045626,0005-07-07 16:50:00,5,7,7,16,50,670,204.0,"57, LOIRE (RUE DE LA)",,,Plein jour,En agglomération,Intersection en X,Normale,Autre collision,,,,,,,,,,,1,2,2,1,6
200500045627,0005-07-06 23:50:00,5,7,6,23,50,670,218.0,"00, LYON (RTE DE)",,,Nuit avec éclairage allumé,En agglomération,Hors intersection,Normale,Deux véhicules - arrière,,,,,,,,,,,5,2,1,1,2
200500045628,0005-07-07 19:55:00,5,7,7,19,55,670,482.0,COLMAR (AVENUE DE),,,Plein jour,En agglomération,Hors intersection,Pluie forte,Deux véhicules - côté,,,,,,,,,,,1,2,1,3,3
200500045629,0005-07-07 17:35:00,5,7,7,17,35,670,365.0,MARECHAL FOCH (RUE DU),,,Plein jour,En agglomération,Intersection en X,Pluie forte,Deux véhicules - côté,,,,,,,,,,,1,2,2,3,3
200500045630,0005-07-07 20:50:00,5,7,7,20,50,670,482.0,"000, OBERHAUSBERGEN (ROU",,,Crépuscule ou aube,En agglomération,Intersection en T,Pluie légère,Deux véhicules - côté,,,,,,,,,,,2,2,3,2,3
200500045631,0005-07-08 04:10:00,5,7,8,4,10,670,43.0,PERIGUEUX (AVENUE DE),,,Nuit sans éclairage public,En agglomération,Hors intersection,Pluie légère,Autre collision,,,,,,,,,,,3,2,1,2,6
200500045632,0005-07-08 08:20:00,5,7,8,8,20,670,482.0,"00, NEUHOF (ROUTE)",,,Plein jour,En agglomération,Intersection en T,Normale,Deux véhicules - côté,,,,,,,,,,,1,2,3,1,3
200500045633,0005-07-08 08:45:00,5,7,8,8,45,670,482.0,"00, RATHSAMSHAUSEN (RUE",,,Plein jour,En agglomération,Intersection en T,Pluie légère,Deux véhicules - côté,,,,,,,,,,,1,2,3,2,3
200500045634,0005-07-08 14:00:00,5,7,8,14,0,670,482.0,"126, ROMAINS (ROUTE DES)",,,Plein jour,En agglomération,Hors intersection,Normale,Deux véhicules - côté,,,,,,,,,,,1,2,1,1,3
200500045635,0005-07-08 15:40:00,5,7,8,15,40,670,482.0,"33, LYON (BOULEVARD DE)",,,Plein jour,En agglomération,Intersection en X,Normale,Deux véhicules - côté,,,,,,,,,,,1,2,2,1,3
200500045636,0005-07-09 00:25:00,5,7,9,0,25,670,482.0,"00, HOCHFELDEN (RUE DE)",,,Nuit avec éclairage allumé,En agglomération,Intersection en T,Normale,Deux véhicules - côté,,,,,,,,,,,5,2,3,1,3
200500045637,0005-07-09 07:35:00,5,7,9,7,35,670,482.0,"232, LA WANTZENAU (ROUTE",,,Plein jour,En agglomération,Hors intersection,Normale,Sans collision,,,,,,,,,,,1,2,1,1,7
200500045638,0005-07-09 10:40:00,5,7,9,10,40,670,482.0,"88, ROMAINS (ROUTE DES)",,,Plein jour,En agglomération,Intersection en T,Normale,Autre collision,,,,,,,,,,,1,2,3,1,6
200500045639,0005-07-10 15:20:00,5,7,10,15,20,670,204.0,"33, SAONE (RUE DE)",,,Plein jour,En agglomération,Hors intersection,Normale,Autre collision,,,,,,,,,,,1,2,1,1,6
200500045640,0005-07-11 11:55:00,5,7,11,11,55,670,482.0,"0, CHRISTOPHE THOMAS WAL",,,Plein jour,En agglomération,Hors intersection,Normale,Deux véhicules - côté,,,,,,,,,,,1,2,1,1,3
200500045641,0005-07-11 19:43:00,5,7,11,19,43,670,482.0,"000, DONON (RUE DU)",,,Crépuscule ou aube,En agglomération,Intersection en Y,Normale,Autre collision,,,,,,,,,,,2,2,4,1,6
200500045642,0005-07-11 20:10:00,5,7,11,20,10,670,482.0,COMTES (RUE DES),,,Plein jour,En agglomération,Hors intersection,Normale,Autre collision,,,,,,,,,,,1,2,1,1,6
200500045643,0005-07-11 22:40:00,5,7,11,22,40,670,482.0,"000, PRESIDENT WILSON (B",,,Nuit avec éclairage allumé,En agglomération,Intersection à plus de 4 branches,Normale,Deux véhicules - côté,,,,,,,,,,,5,2,5,1,3
200500045644,0005-07-12 01:10:00,5,7,12,1,10,670,482.0,"0, BAUERNGRUND (PONT)",,,Nuit sans éclairage public,En agglomération,Hors intersection,Pluie légère,Autre collision,,,,,,,,,,,3,2,1,2,6
200500045645,0005-07-12 09:20:00,5,7,12,9,20,670,482.0,"00, HOPITAL (ROUTE DE L",,,Plein jour,En agglomération,Intersection en X,Normale,Deux véhicules - côté,,,,,,,,,,,1,2,2,1,3
200500045646,0005-07-12 11:05:00,5,7,12,11,5,670,482.0,"232, COLMAR (AVENUE DE)",,,Plein jour,En agglomération,Hors intersection,Normale,Sans collision,,,,,,,,,,,1,2,1,1,7
200500045647,0005-07-12 16:40:00,5,7,12,16,40,670,482.0,"00, HAGUENAU (RUE DE)",,,Plein jour,En agglomération,Intersection en X,Normale,Deux véhicules - côté,,,,,,,,,,,1,2,2,1,3
200500045648,0005-07-12 17:30:00,5,7,12,17,30,670,43.0,"22, MERLES (RUE DES)",,,Plein jour,En agglomération,Hors intersection,Normale,Autre collision,,,,,,,,,,,1,2,1,1,6
200500045649,0005-07-15 18:30:00,5,7,15,18,30,670,218.0,"000, BURKEL (ROUTE)",,,Plein jour,En agglomération,Intersection en X,Normale,Deux véhicules - frontale,,,,,,,,,,,1,2,2,1,1
200500045650,0005-07-16 02:45:00,5,7,16,2,45,670,267.0,"31, OSTWALD (RUE D )",,,Nuit avec éclairage allumé,En agglomération,Intersection en X,Normale,Autre collision,,,,,,,,,,,5,2,2,1,6
200500045651,0005-07-18 16:50:00,5,7,18,16,50,670,482.0,"35, HOPITAL (ROUTE DE L",,,Plein jour,En agglomération,Hors intersection,Normale,Trois véhicules et plus - en chaîne,,,,,,,,,,,1,2,1,1,4
200500045652,0005-07-18 16:51:00,5,7,18,16,51,670,482.0,"00, SCHIRMECK (ROUTE DE)",,,Crépuscule ou aube,En agglomération,Intersection en T,Normale,Deux véhicules - côté,,,,,,,,,,,2,2,3,1,3
200500045653,0005-07-19 08:45:00,5,7,19,8,45,670,482.0,"0, GARE AUX MARCHANDISES",,,Plein jour,En agglomération,Hors intersection,Normale,Deux véhicules - côté,,,,,,,,,,,1,2,1,1,3
200500045654,0005-07-19 18:15:00,5,7,19,18,15,670,482.0,"8, HALLES (PLACE DES)",,,Plein jour,En agglomération,Hors intersection,Normale,Autre collision,,,,,,,,,,,1,2,1,1,6
200500045655,0005-07-20 08:00:00,5,7,20,8,0,670,482.0,"00, HALDENBOURG (PLACE D",,,Plein jour,En agglomération,Intersection en T,Normale,Deux véhicules - côté,,,,,,,,,,,1,2,3,1,3
200500045656,0005-07-21 01:45:00,5,7,21,1,45,670,482.0,"000, GOEB (CHEMIN)",,,Nuit avec éclairage non allumé,En agglomération,Intersection en T,Normale,Autre collision,,,,,,,,,,,4,2,3,1,6
200500045657,0005-07-24 14:00:00,5,7,24,14,0,670,482.0,"0, HOPITAL (ROUTE DE L )",,,Plein jour,En agglomération,Intersection en X,Normale,Deux véhicules - côté,,,,,,,,,,,1,2,2,1,3
200500045658,0005-07-25 14:55:00,5,7,25,14,55,670,218.0,INDUSTRIE (RUE DE L ),,,Plein jour,En agglomération,Hors intersection,Pluie légère,Autre collision,,,,,,,,,,,1,2,1,2,6
200500045659,0005-07-26 13:30:00,5,7,26,13,30,670,482.0,"13, GARE (PLACE DE LA)",,,Plein jour,En agglomération,Hors intersection,Normale,Autre collision,,,,,,,,,,,1,2,1,1,6
200500045660,0005-07-27 12:30:00,5,7,27,12,30,670,482.0,"00000, HOMME DE FER (PLA",,,Plein jour,En agglomération,Hors intersection,Normale,Autre collision,,,,,,,,,,,1,2,1,1,6
200500045661,0005-07-27 14:10:00,5,7,27,14,10,670,482.0,"0000, PLAINE DES BOUCHER",,,Plein jour,En agglomération,Hors intersection,Normale,Deux véhicules - côté,,,,,,,,,,,1,2,1,1,3
200500045662,0005-07-28 17:00:00,5,7,28,17,0,670,447.0,"42, BISCHWILLER (ROUTE D",,,Plein jour,En agglomération,Hors intersection,Normale,Deux véhicules - arrière,,,,,,,,,,,1,2,1,1,2
200500045663,0005-07-28 06:50:00,5,7,28,6,50,670,482.0,"35, HOPITAL (ROUTE DE L",,,Plein jour,En agglomération,Intersection en X,Normale,Deux véhicules - côté,,,,,,,,,,,1,2,2,1,3
200500045664,0005-07-02 10:05:00,5,7,2,10,5,680,66.0,TIR (RUE DU),,,Plein jour,En agglomération,Intersection en T,Normale,Deux véhicules - côté,,,,,,,,,,,1,2,3,1,3
200500045665,0005-07-05 11:35:00,5,7,5,11,35,680,66.0,"10, BLUMENTHAL (RUE DANI",,,Plein jour,En agglomération,Intersection en X,Normale,Deux véhicules - côté,,,,,,,,,,,1,2,2,1,3
200500045666,0005-07-13 20:17:00,5,7,13,20,17,680,66.0,ROUFFACH (ROUTE DE),,,Plein jour,En agglomération,Intersection en T,Normale,Sans collision,,,,,,,,,,,1,2,3,1,7
200500045667,0005-07-19 10:06:00,5,7,19,10,6,680,66.0,LIBERTE (AVENUE DE LA),,,Plein jour,En agglomération,Giratoire,Normale,Deux véhicules - côté,,,,,,,,,,,1,2,6,1,3
200500045668,0005-07-20 09:45:00,5,7,20,9,45,680,66.0,"31, POUDRIERE (RUE DE LA",,,Plein jour,En agglomération,Intersection en X,Normale,Deux véhicules - arrière,,,,,,,,,,,1,2,2,1,2