accident_id,datetime,annee,mois,jour,heure,minute,departement,commune_insee,adresse,latitude,longitude,luminosite,agglomeration,intersection,meteo,collision,nb_vehicules,nb_usagers,nb_indemnes,nb_tues,nb_blesses_hosp,nb_blesses_legers,age_cond_1,age_cond_2,veh_type_cond_1,veh_type_cond_2,lum_code,agg_code,int_code,atm_code,col_code
200500045801,0005-07-23 19:10:00,5,7,23,19,10,720,181.0,MONTOISE (RUE),,,Plein jour,En agglomération,Hors intersection,Pluie légère,Trois véhicules et plus - collisions multiples,,,,,,,,,,,1,2,1,2,5
200500045802,0005-07-25 16:50:00,5,7,25,16,50,720,181.0,"241, MAC JEAN (AV) N° IM",,,Plein jour,En agglomération,Hors intersection,Normale,Deux véhicules - arrière,,,,,,,,,,,1,2,1,1,2
200500045803,0005-07-26 16:40:00,5,7,26,16,40,720,181.0,BLANC LOUIS (QUAI),,,Plein jour,En agglomération,Hors intersection,Normale,Deux véhicules - frontale,,,,,,,,,,,1,2,1,1,1
200500045804,0005-07-27 12:50:00,5,7,27,12,50,720,181.0,MESSIAEN OLIVIER (AV) IM,,,Plein jour,En agglomération,Hors intersection,Normale,Autre collision,,,,,,,,,,,1,2,1,1,6
200500045805,0005-07-29 14:05:00,5,7,29,14,5,720,181.0,COLLET ROBERT (RUE),,,Plein jour,En agglomération,Hors intersection,Normale,Trois véhicules et plus - collisions multiples,,,,,,,,,,,1,2,1,1,5
200500045806,0005-07-29 22:05:00,5,7,29,22,5,720,181.0,COURBET GUST. ENTRE FARO,,,Nuit avec éclairage allumé,En agglomération,Hors intersection,Normale,Deux véhicules - côté,,,,,,,,,,,5,2,1,1,3
200500045807,0005-07-06 12:15:00,5,7,6,12,15,730,8.0,LEPIC,,,Plein jour,Hors agglomération,Giratoire,Pluie forte,Deux véhicules - côté,,,,,,,,,,,1,1,6,3,3
200500045808,0005-07-19 18:54:00,5,7,19,18,54,730,8.0,GRAND PORT (JUSQU'A L'HO,,,Plein jour,En agglomération,Hors intersection,Normale,Deux véhicules - côté,,,,,,,,,,,1,2,1,1,3
200500045809,0005-07-28 11:45:00,5,7,28,11,45,730,8.0,MARLIOZ AVENUE DE,,,Plein jour,En agglomération,Intersection en T,Normale,Deux véhicules - côté,,,,,,,,,,,1,2,3,1,3
200500045810,0005-07-15 14:15:00,5,7,15,14,15,730,11.0,BEAUFORT (ROUTE DE),,,Plein jour,En agglomération,Hors intersection,Normale,Autre collision,,,,,,,,,,,1,2,1,1,6
200500045811,0005-07-01 12:30:00,5,7,1,12,30,730,137.0,"0.001, RICHARD JEAN BAPT",,,Plein jour,En agglomération,Hors intersection,Normale,Deux véhicules - frontale,,,,,,,,,,,1,2,1,1,1
200500045812,0005-07-02 17:05:00,5,7,2,17,5,730,65.0,"0.001, MONTMELIAN (FAUFO",,,Plein jour,En agglomération,Intersection en X,Normale,Deux véhicules - côté,,,,,,,,,,,1,2,2,1,3
200500045813,0005-07-03 14:25:00,5,7,3,14,25,730,65.0,"0.001, AIX LES BAINS (AV",,,Plein jour,En agglomération,Hors intersection,Normale,Deux véhicules - côté,,,,,,,,,,,1,2,1,1,3
200500045814,0005-07-04 15:50:00,5,7,4,15,50,730,65.0,"0.001, COMTE VERT (AVENU",,,Plein jour,En agglomération,Hors intersection,Temps couvert,Sans collision,,,,,,,,,,,1,2,1,8,7
200500045815,0005-07-04 12:30:00,5,7,4,12,30,740,10.0,SOMMEILLER,,,Plein jour,En agglomération,Intersection en T,Normale,Autre collision,,,,,,,,,,,1,2,3,1,6
200500045816,0005-07-09 23:10:00,5,7,9,23,10,740,10.0,"12, CHAMBERY",,,Nuit avec éclairage allumé,En agglomération,Hors intersection,Normale,Autre collision,,,,,,,,,,,5,2,1,1,6
200500045817,0005-07-12 13:55:00,5,7,12,13,55,740,10.0,"., ALBIGNY (AVE)",,,Plein jour,En agglomération,Intersection en T,Normale,Deux véhicules - côté,,,,,,,,,,,1,2,3,1,3
200500045818,0005-07-15 11:30:00,5,7,15,11,30,740,10.0,ROCADE (BOULEVARD DE LA),,,Plein jour,En agglomération,Intersection en X,Normale,Autre collision,,,,,,,,,,,1,2,2,1,6
200500045819,0005-07-20 17:45:00,5,7,20,17,45,740,10.0,"33, PLAINE (AVENUE DE LA",,,Plein jour,En agglomération,Hors intersection,Normale,Deux véhicules - côté,,,,,,,,,,,1,2,1,1,3
200500045820,0005-07-27 21:10:00,5,7,27,21,10,740,93.0,CREUSES (ROUTE DES),,,Nuit avec éclairage allumé,En agglomération,Intersection en T,Normale,Deux véhicules - côté,,,,,,,,,,,5,2,3,1,3
200500045821,0005-07-02 10:55:00,5,7,2,10,55,740,305.0,HENON (RUE ALBERT),,,Plein jour,En agglomération,Hors intersection,Normale,Autre collision,,,,,,,,,,,1,2,1,1,6
200500045822,0005-07-20 11:00:00,5,7,20,11,0,740,118.0,INDUSTRIE (RUE DE),,,Plein jour,En agglomération,Hors intersection,Normale,Sans collision,,,,,,,,,,,1,2,1,1,7
200500045823,0005-07-19 20:30:00,5,7,19,20,30,740,12.0,ARVE (QUAI D'),,,Plein jour,En agglomération,Hors intersection,Normale,Autre collision,,,,,,,,,,,1,2,1,1,6
200500045824,0005-07-19 13:00:00,5,7,19,13,0,740,133.0,LIBERATION (RUE DE LA),,,Plein jour,En agglomération,Giratoire,Normale,Sans collision,,,,,,,,,,,1,2,6,1,7
200500045825,0005-07-23 15:23:00,5,7,23,15,23,740,133.0,VERNAZ (RUE DE),,,Plein jour,En agglomération,Intersection en X,Normale,Deux véhicules - côté,,,,,,,,,,,1,2,2,1,3
200500045826,0005-07-27 18:55:00,5,7,27,18,55,740,12.0,18 AOUT 44 (RUE DU),,,Plein jour,En agglomération,Hors intersection,Normale,Autre collision,,,,,,,,,,,1,2,1,1,6
200500045827,0005-07-30 13:55:00,5,7,30,13,55,740,12.0,VALLEES (ROUTE DES),,,Plein jour,En agglomération,Hors intersection,Normale,Autre collision,,,,,,,,,,,1,2,1,1,6
200500045828,0005-07-09 16:10:00,5,7,9,16,10,740,281.0,"0, EVIAN (AVENUE D')",,,Plein jour,En agglomération,Hors intersection,Normale,Trois véhicules et plus - en chaîne,,,,,,,,,,,1,2,1,1,4
200500045829,0005-07-12 12:55:00,5,7,12,12,55,740,281.0,VISITATION (ROUTE DE LA),,,Plein jour,En agglomération,Hors intersection,Normale,Deux véhicules - frontale,,,,,,,,,,,1,2,1,1,1
200500045830,0005-07-14 21:25:00,5,7,14,21,25,740,218.0,RIVES DU LEMAN (AVENUE D,,,Nuit avec éclairage allumé,En agglomération,Hors intersection,Normale,Deux véhicules - arrière,,,,,,,,,,,5,2,1,1,2
200500045831,0005-07-17 18:00:00,5,7,17,18,0,740,200.0,"0, CONSTANTIN (CHEMIN DE",,,Plein jour,En agglomération,Hors intersection,Autre,Autre collision,,,,,,,,,,,1,2,1,9,6
200500045832,0005-07-21 09:40:00,5,7,21,9,40,740,218.0,THONON (AVENUE DE),,,Plein jour,En agglomération,Hors intersection,Normale,Deux véhicules - frontale,,,,,,,,,,,1,2,1,1,1
200500045833,0005-07-07 11:56:00,5,7,7,11,56,740,119.0,DUPAS (AVENUE DU GENERAL,,,Plein jour,En agglomération,Hors intersection,Pluie légère,Deux véhicules - arrière,,,,,,,,,,,1,2,1,2,2
200500045834,0005-07-01 10:35:00,5,7,1,10,35,750,7.0,AV MAL GALLIENI R UNIVER,,,Plein jour,En agglomération,Intersection en X,Normale,Deux véhicules - côté,,,,,,,,,,,1,2,2,1,3
200500045835,0005-07-01 18:10:00,5,7,1,18,10,750,7.0,QU VOLTAIRE PO CARROUSEL,,,Plein jour,En agglomération,Intersection en T,Normale,Deux véhicules - côté,,,,,,,,,,,1,2,3,1,3
200500045836,0005-07-01 20:10:00,5,7,1,20,10,750,15.0,R DANTZIG R DOMBASLE,,,Plein jour,En agglomération,Intersection en X,Normale,Deux véhicules - côté,,,,,,,,,,,1,2,2,1,3
200500045837,0005-07-02 00:05:00,5,7,2,0,5,750,15.0,BPE PLAINE BRANCION,,,Nuit avec éclairage allumé,En agglomération,Hors intersection,Normale,Autre collision,,,,,,,,,,,5,2,1,1,6
200500045838,0005-07-02 12:45:00,5,7,2,12,45,750,20.0,25 AV GAMBETTA,,,Plein jour,En agglomération,Hors intersection,Normale,Sans collision,,,,,,,,,,,1,2,1,1,7
200500045839,0005-07-03 13:25:00,5,7,3,13,25,750,15.0,16 R EUHENE GIBEZ,,,Plein jour,En agglomération,Hors intersection,Normale,Autre collision,,,,,,,,,,,1,2,1,1,6
200500045840,0005-07-03 18:45:00,5,7,3,18,45,750,19.0,SOU VILLETTE,,,Plein jour,En agglomération,Hors intersection,Normale,Autre collision,,,,,,,,,,,1,2,1,1,6
200500045841,0005-07-04 17:40:00,5,7,4,17,40,750,17.0,12 R NAVIER,,,Plein jour,En agglomération,Hors intersection,Normale,Deux véhicules - côté,,,,,,,,,,,1,2,1,1,3
200500045842,0005-07-05 13:55:00,5,7,5,13,55,750,15.0,R LECOURBE VLA POIRIER,,,Plein jour,En agglomération,Intersection en T,Normale,Deux véhicules - côté,,,,,,,,,,,1,2,3,1,3
200500045843,0005-07-06 20:15:00,5,7,6,20,15,750,16.0,AV RAPHAEL AV PRUDHON,,,Plein jour,En agglomération,Intersection en Y,Normale,Deux véhicules - côté,,,,,,,,,,,1,2,4,1,3
200500045844,0005-07-07 01:30:00,5,7,7,1,30,750,2.0,12 BD POISSONNIERE,,,Nuit avec éclairage allumé,En agglomération,Hors intersection,Normale,Autre collision,,,,,,,,,,,5,2,1,1,6
200500045845,0005-07-08 11:15:00,5,7,8,11,15,750,16.0,178 AV VICTOR HUGO,,,Plein jour,En agglomération,Hors intersection,Pluie légère,Autre collision,,,,,,,,,,,1,2,1,2,6
200500045846,0005-07-10 07:30:00,5,7,10,7,30,750,13.0,BD VINCENT AURIOL PL PIN,,,Plein jour,En agglomération,Intersection en X,Normale,Deux véhicules - côté,,,,,,,,,,,1,2,2,1,3
200500045847,0005-07-10 17:50:00,5,7,10,17,50,750,12.0,60 AV DES MINIMES,,,Plein jour,En agglomération,Hors intersection,Normale,Deux véhicules - frontale,,,,,,,,,,,1,2,1,1,1
200500045848,0005-07-11 01:15:00,5,7,11,1,15,750,16.0,BPI ST CLOUD MOLITOR,,,Nuit avec éclairage allumé,En agglomération,Hors intersection,Normale,Autre collision,,,,,,,,,,,5,2,1,1,6
200500045849,0005-07-12 10:15:00,5,7,12,10,15,750,12.0,ECH CHARENTON,,,Plein jour,En agglomération,Hors intersection,Normale,Sans collision,,,,,,,,,,,1,2,1,1,7
200500045850,0005-07-12 23:00:00,5,7,12,23,0,750,16.0,L11747 RTE DE SURESNES,,,Nuit avec éclairage allumé,En agglomération,Hors intersection,Normale,Deux véhicules - côté,,,,,,,,,,,5,2,1,1,3
200500045851,0005-07-13 00:30:00,5,7,13,0,30,750,16.0,ALL LONGCHAMP ALL REINE,,,Nuit avec éclairage allumé,En agglomération,Intersection en X,Normale,Deux véhicules - frontale,,,,,,,,,,,5,2,2,1,1
200500045852,0005-07-13 10:40:00,5,7,13,10,40,750,18.0,130 BD NEY,,,Plein jour,En agglomération,Hors intersection,Normale,Autre collision,,,,,,,,,,,1,2,1,1,6
200500045853,0005-07-13 15:58:00,5,7,13,15,58,750,19.0,R OURCQ R FLANDRE,,,Nuit sans éclairage public,En agglomération,Intersection en X,Normale,Autre collision,,,,,,,,,,,3,2,2,1,6
200500045854,0005-07-15 11:50:00,5,7,15,11,50,750,16.0,BPI MUETTE DAUPHINE,,,Plein jour,En agglomération,Hors intersection,Normale,Trois véhicules et plus - en chaîne,,,,,,,,,,,1,2,1,1,4
200500045855,0005-07-17 06:00:00,5,7,17,6,0,750,16.0,L9155 ALL LONGCHAMP,,,Crépuscule ou aube,En agglomération,Hors intersection,Normale,Autre collision,,,,,,,,,,,2,2,1,1,6
200500045856,0005-07-17 10:40:00,5,7,17,10,40,750,14.0,R VERCINGETORIX R ALESIA,,,Plein jour,En agglomération,Intersection en X,Normale,Autre collision,,,,,,,,,,,1,2,2,1,6
200500045857,0005-07-17 20:25:00,5,7,17,20,25,750,20.0,AC GAMBETTA R DOC PAQUEL,,,Plein jour,En agglomération,Intersection en X,Normale,Deux véhicules - côté,,,,,,,,,,,1,2,2,1,3
200500045858,0005-07-18 14:05:00,5,7,18,14,5,750,9.0,R SAINT LAZARE R TAIBOUT,,,Plein jour,En agglomération,Intersection en X,Normale,Deux véhicules - côté,,,,,,,,,,,1,2,2,1,3
200500045859,0005-07-18 14:30:00,5,7,18,14,30,750,7.0,R DE VARENNE R DE BELLEC,,,Plein jour,En agglomération,Intersection en X,Normale,Deux véhicules - côté,,,,,,,,,,,1,2,2,1,3
200500045860,0005-07-01 18:15:00,5,7,1,18,15,750,1.0,Q DES TUILERIES PT DU CA,,,Plein jour,En agglomération,Intersection en X,Temps couvert,Deux véhicules - côté,,,,,,,,,,,1,2,2,8,3
200500045861,0005-07-01 23:25:00,5,7,1,23,25,750,1.0,228 R DE RIVOLI,,,Nuit avec éclairage allumé,En agglomération,Hors intersection,Normale,Autre collision,,,,,,,,,,,5,2,1,1,6
200500045862,0005-07-01 22:15:00,5,7,1,22,15,750,4.0,PL DES VOSGES R DE BIRAG,,,Nuit avec éclairage allumé,En agglomération,Intersection en T,Normale,Deux véhicules - côté,,,,,,,,,,,5,2,3,1,3
200500045863,0005-07-01 10:15:00,5,7,1,10,15,750,5.0,29 Q SAINT MICHEL,,,Plein jour,En agglomération,Hors intersection,Normale,Deux véhicules - côté,,,,,,,,,,,1,2,1,1,3
200500045864,0005-07-01 15:30:00,5,7,1,15,30,750,6.0,24 R GUYNEMER,,,Plein jour,En agglomération,Hors intersection,Normale,Deux véhicules - côté,,,,,,,,,,,1,2,1,1,3
200500045865,0005-07-01 14:30:00,5,7,1,14,30,750,12.0,R DE LYON R BISCORNET,,,Plein jour,En agglomération,Intersection en Y,Normale,Deux véhicules - côté,,,,,,,,,,,1,2,4,1,3
200500045866,0005-07-01 07:59:00,5,7,1,7,59,750,12.0,16 BD SOULT,,,Plein jour,En agglomération,Hors intersection,Normale,Autre collision,,,,,,,,,,,1,2,1,1,6
200500045867,0005-07-01 07:40:00,5,7,1,7,40,750,12.0,L6894 AV DE NOGENT,,,Plein jour,En agglomération,Hors intersection,Normale,Deux véhicules - côté,,,,,,,,,,,1,2,1,1,3
200500045868,0005-07-01 00:20:00,5,7,1,0,20,750,5.0,R CLAUDE BERNARD R BROCA,,,Nuit avec éclairage allumé,En agglomération,Intersection en X,Pluie légère,Deux véhicules - côté,,,,,,,,,,,5,2,2,2,3
200500045869,0005-07-01 01:30:00,5,7,1,1,30,750,13.0,200 AV D ITALIE,,,Plein jour,En agglomération,Hors intersection,Pluie légère,Autre collision,,,,,,,,,,,1,2,1,2,6
200500045870,0005-07-01 11:15:00,5,7,1,11,15,750,13.0,28 AV DES GOBELINS,,,Plein jour,En agglomération,Hors intersection,Normale,Autre collision,,,,,,,,,,,1,2,1,1,6
200500045871,0005-07-01 17:20:00,5,7,1,17,20,750,15.0,12 R PECLET,,,Plein jour,En agglomération,Hors intersection,Normale,Autre collision,,,,,,,,,,,1,2,1,1,6
200500045872,0005-07-01 05:45:00,5,7,1,5,45,750,19.0,196 BD MACDONALD,,,Crépuscule ou aube,En agglomération,Hors intersection,Normale,Autre collision,,,,,,,,,,,2,2,1,1,6
200500045873,0005-07-02 19:20:00,5,7,2,19,20,750,3.0,28 R DE TURENNE,,,Plein jour,En agglomération,Hors intersection,Normale,Deux véhicules - côté,,,,,,,,,,,1,2,1,1,3
200500045874,0005-07-02 01:25:00,5,7,2,1,25,750,3.0,R DES QUATRE FILS R DES,,,Nuit avec éclairage allumé,En agglomération,Intersection en X,Pluie légère,Autre collision,,,,,,,,,,,5,2,2,2,6
200500045875,0005-07-02 03:30:00,5,7,2,3,30,750,5.0,AV DES GOBELINS BD SAINT,,,Nuit avec éclairage allumé,En agglomération,Intersection en X,Pluie légère,Autre collision,,,,,,,,,,,5,2,2,2,6
200500045876,0005-07-02 19:25:00,5,7,2,19,25,750,6.0,Q MALAQUAIS R BONAPARTE,,,Plein jour,En agglomération,Intersection en T,Normale,Deux véhicules - côté,,,,,,,,,,,1,2,3,1,3
200500045877,0005-07-02 01:00:00,5,7,2,1,0,750,8.0,20 AV GEORGE V,,,Nuit avec éclairage allumé,En agglomération,Hors intersection,Pluie légère,Autre collision,,,,,,,,,,,5,2,1,2,6
200500045878,0005-07-02 16:30:00,5,7,2,16,30,750,9.0,R DE MAUBEUGE R CONDORCE,,,Plein jour,En agglomération,Intersection en Y,Normale,Deux véhicules - côté,,,,,,,,,,,1,2,4,1,3
200500045879,0005-07-02 20:05:00,5,7,2,20,5,750,9.0,R CHAUSSEE D ANTIN R DE,,,Plein jour,En agglomération,Intersection en X,Normale,Deux véhicules - côté,,,,,,,,,,,1,2,2,1,3
200500045880,0005-07-02 01:12:00,5,7,2,1,12,750,10.0,106 R LA FAYETTE,,,Nuit avec éclairage allumé,En agglomération,Hors intersection,Pluie légère,Autre collision,,,,,,,,,,,5,2,1,2,6
200500045881,0005-07-02 04:15:00,5,7,2,4,15,750,11.0,132 AV DE LA REPUBLIQUE,,,Nuit avec éclairage allumé,En agglomération,Hors intersection,Normale,Autre collision,,,,,,,,,,,5,2,1,1,6
200500045882,0005-07-02 17:25:00,5,7,2,17,25,750,12.0,R DE LYON PL DE LA BASTI,,,Plein jour,En agglomération,Intersection en T,Normale,Autre collision,,,,,,,,,,,1,2,3,1,6
200500045883,0005-07-02 12:02:00,5,7,2,12,2,750,12.0,L14675 R DU CHAROLAIS,,,Plein jour,En agglomération,Hors intersection,Normale,Deux véhicules - arrière,,,,,,,,,,,1,2,1,1,2
200500045884,0005-07-02 17:30:00,5,7,2,17,30,750,13.0,94 BD MASSENA,,,Plein jour,En agglomération,Hors intersection,Normale,Autre collision,,,,,,,,,,,1,2,1,1,6
200500045885,0005-07-02 06:15:00,5,7,2,6,15,750,13.0,BD VINCENT AURIOL Q DE L,,,Crépuscule ou aube,En agglomération,Intersection en X,Normale,Deux véhicules - côté,,,,,,,,,,,2,2,2,1,3
200500045886,0005-07-02 12:25:00,5,7,2,12,25,750,15.0,34 BD DE GRENELLE,,,Plein jour,En agglomération,Hors intersection,Normale,Autre collision,,,,,,,,,,,1,2,1,1,6
200500045887,0005-07-02 07:10:00,5,7,2,7,10,750,15.0,L6602 Q  ISSY MOULINEAUX,,,Plein jour,En agglomération,Hors intersection,Temps couvert,Sans collision,,,,,,,,,,,1,2,1,8,7
200500045888,0005-07-02 21:30:00,5,7,2,21,30,750,16.0,77 AV FOCH,,,Crépuscule ou aube,En agglomération,Hors intersection,Normale,Autre collision,,,,,,,,,,,2,2,1,1,6
200500045889,0005-07-02 02:00:00,5,7,2,2,0,750,16.0,RTE DAUPHINE SABLONS ALL,,,Nuit avec éclairage allumé,En agglomération,Intersection en X,Temps couvert,Deux véhicules - côté,,,,,,,,,,,5,2,2,8,3
200500045890,0005-07-02 11:39:00,5,7,2,11,39,750,18.0,58 R PH DE GIRARD,,,Plein jour,En agglomération,Hors intersection,Normale,Autre collision,,,,,,,,,,,1,2,1,1,6
200500045891,0005-07-02 19:06:00,5,7,2,19,6,750,18.0,38 R ORDENER,,,Plein jour,En agglomération,Hors intersection,Normale,Autre collision,,,,,,,,,,,1,2,1,1,6
200500045892,0005-07-02 20:35:00,5,7,2,20,35,750,19.0,6 R CLAVEL,,,Plein jour,En agglomération,Hors intersection,Normale,Autre collision,,,,,,,,,,,1,2,1,1,6
200500045893,0005-07-02 11:40:00,5,7,2,11,40,750,19.0,44 BD SERURIER,,,Plein jour,En agglomération,Hors intersection,Normale,Autre collision,,,,,,,,,,,1,2,1,1,6
200500045894,0005-07-02 10:55:00,5,7,2,10,55,750,19.0,8 AV SECRETAN,,,Plein jour,En agglomération,Hors intersection,Normale,Autre collision,,,,,,,,,,,1,2,1,1,6
200500045895,0005-07-03 22:20:00,5,7,3,22,20,750,4.0,VERD PT MARIE PT SULLY,,,Nuit avec éclairage allumé,En agglomération,Hors intersection,Normale,Autre collision,,,,,,,,,,,5,2,1,1,6
200500045896,0005-07-03 06:45:00,5,7,3,6,45,750,5.0,10 R DE LA HUCHETTE,,,Plein jour,En agglomération,Hors intersection,Normale,Sans collision,,,,,,,,,,,1,2,1,1,7
200500045897,0005-07-03 02:40:00,5,7,3,2,40,750,6.0,PL DU 18 JUIN 1940 R DE,,,Nuit avec éclairage allumé,En agglomération,Intersection en T,Normale,Deux véhicules - côté,,,,,,,,,,,5,2,3,1,3
200500045898,0005-07-03 05:00:00,5,7,3,5,0,750,8.0,R P CHAMPS ELYSEES AV CH,,,Crépuscule ou aube,En agglomération,Intersection en X,Normale,Deux véhicules - côté,,,,,,,,,,,2,2,2,1,3
200500045899,0005-07-03 14:45:00,5,7,3,14,45,750,8.0,56 R DU ROCHER,,,Plein jour,En agglomération,Hors intersection,Normale,Autre collision,,,,,,,,,,,1,2,1,1,6
200500045900,0005-07-03 21:15:00,5,7,3,21,15,750,10.0,R LA FAYETTE BD DE MAGEN,,,Plein jour,En agglomération,Intersection en X,Normale,Deux véhicules - côté,,,,,,,,,,,1,2,2,1,3
200500045901,0005-07-19 13:55:00,5,7,19,13,55,750,13.0,BPI BERCY GARE,,,Plein jour,En agglomération,Hors intersection,Normale,Trois véhicules et plus - en chaîne,,,,,,,,,,,1,2,1,1,4
200500045902,0005-07-03 00:05:00,5,7,3,0,5,750,16.0,L8806 AV INGRES,,,Nuit avec éclairage allumé,En agglomération,Hors intersection,Normale,Deux véhicules - côté,,,,,,,,,,,5,2,1,1,3
200500045903,0005-07-03 18:20:00,5,7,3,18,20,750,18.0,104 BD DE CLICHY,,,Plein jour,En agglomération,Hors intersection,Normale,Autre collision,,,,,,,,,,,1,2,1,1,6
200500045904,0005-07-03 10:45:00,5,7,3,10,45,750,19.0,R MANIN R E PAILLERON,,,Plein jour,En agglomération,Intersection en Y,Normale,Deux véhicules - côté,,,,,,,,,,,1,2,4,1,3
200500045905,0005-07-19 15:00:00,5,7,19,15,0,750,20.0,BPI LILAS BAGNOLET,,,Plein jour,En agglomération,Hors intersection,Normale,Trois véhicules et plus - en chaîne,,,,,,,,,,,1,2,1,1,4
200500045906,0005-07-04 11:00:00,5,7,4,11,0,750,1.0,R BERGER R VAUVILLIERS,,,Plein jour,En agglomération,Intersection en T,Pluie légère,Autre collision,,,,,,,,,,,1,2,3,2,6
200500045907,0005-07-04 18:25:00,5,7,4,18,25,750,2.0,R DE PALESTRO R GRENETA,,,Plein jour,En agglomération,Intersection en X,Normale,Deux véhicules - arrière,,,,,,,,,,,1,2,2,1,2
200500045908,0005-07-04 02:00:00,5,7,4,2,0,750,4.0,R VIEILLE TEMPLE R DU RO,,,Nuit avec éclairage allumé,En agglomération,Intersection en X,Normale,Deux véhicules - côté,,,,,,,,,,,5,2,2,1,3
200500045909,0005-07-04 12:24:00,5,7,4,12,24,750,8.0,R DES MATHURINS R DE L A,,,Plein jour,En agglomération,Intersection en X,Normale,Autre collision,,,,,,,,,,,1,2,2,1,6
200500045910,0005-07-04 10:05:00,5,7,4,10,5,750,8.0,16 AV MONTAIGNE,,,Plein jour,En agglomération,Hors intersection,Pluie légère,Autre collision,,,,,,,,,,,1,2,1,2,6
200500045911,0005-07-04 09:05:00,5,7,4,9,5,750,9.0,R DE MAUBEUGE R PIERRE S,,,Plein jour,En agglomération,Intersection en Y,Pluie légère,Autre collision,,,,,,,,,,,1,2,4,2,6
200500045912,0005-07-04 16:28:00,5,7,4,16,28,750,11.0,AV DE LA REPUBLIQUE R RA,,,Plein jour,En agglomération,Intersection en Y,Normale,Deux véhicules - côté,,,,,,,,,,,1,2,4,1,3
200500045913,0005-07-04 11:00:00,5,7,4,11,0,750,11.0,60 R DE LA ROQUETTE,,,Plein jour,En agglomération,Hors intersection,Pluie légère,Autre collision,,,,,,,,,,,1,2,1,2,6
200500045914,0005-07-04 23:30:00,5,7,4,23,30,750,13.0,Q DE LA GARE BD VINCENT,,,Nuit avec éclairage allumé,En agglomération,Intersection en X,Normale,Deux véhicules - côté,,,,,,,,,,,5,2,2,1,3
200500045915,0005-07-04 17:30:00,5,7,4,17,30,750,13.0,56 BD KELLERMANN,,,Plein jour,En agglomération,Hors intersection,Normale,Deux véhicules - arrière,,,,,,,,,,,1,2,1,1,2
200500045916,0005-07-20 10:30:00,5,7,20,10,30,750,18.0,4 R DE LA CHAPELLE,,,Plein jour,En agglomération,Hors intersection,Normale,Autre collision,,,,,,,,,,,1,2,1,1,6
200500045917,0005-07-04 13:55:00,5,7,4,13,55,750,15.0,76 R ENTREPRENEURS,,,Plein jour,En agglomération,Hors intersection,Normale,Autre collision,,,,,,,,,,,1,2,1,1,6
200500045918,0005-07-04 08:42:00,5,7,4,8,42,750,15.0,R ABBE GROULT R FRANCOIS,,,Plein jour,En agglomération,Intersection en X,Pluie légère,Deux véhicules - côté,,,,,,,,,,,1,2,2,2,3
200500045919,0005-07-04 19:20:00,5,7,4,19,20,750,16.0,L1418 RTE DAUPHINE SABLO,,,Plein jour,En agglomération,Hors intersection,Normale,Deux véhicules - côté,,,,,,,,,,,1,2,1,1,3
200500045920,0005-07-04 09:30:00,5,7,4,9,30,750,16.0,R DONIZETTI R LA FONTAIN,,,Plein jour,En agglomération,Intersection en X,Pluie légère,Deux véhicules - côté,,,,,,,,,,,1,2,2,2,3
200500045921,0005-07-05 17:55:00,5,7,5,17,55,750,2.0,BD DE SEBASTOPOL R REAUM,,,Plein jour,En agglomération,Intersection en X,Normale,Deux véhicules - côté,,,,,,,,,,,1,2,2,1,3
200500045922,0005-07-05 00:01:00,5,7,5,0,1,750,5.0,PT PETIT PONT Q SAINT MI,,,Nuit avec éclairage allumé,En agglomération,Intersection en X,Normale,Deux véhicules - côté,,,,,,,,,,,5,2,2,1,3
200500045923,0005-07-05 09:25:00,5,7,5,9,25,750,9.0,R LA FAYETTE R CHAUCHAT,,,Plein jour,En agglomération,Intersection en Y,Normale,Autre collision,,,,,,,,,,,1,2,4,1,6
200500045924,0005-07-20 14:00:00,5,7,20,14,0,750,13.0,10 R DE TOLBIAC,,,Plein jour,En agglomération,Hors intersection,Normale,Autre collision,,,,,,,,,,,1,2,1,1,6
200500045925,0005-07-05 08:40:00,5,7,5,8,40,750,18.0,BD DE ROCHECHOUART R DE,,,Plein jour,En agglomération,Intersection en X,Normale,Deux véhicules - côté,,,,,,,,,,,1,2,2,1,3
200500045926,0005-07-05 08:30:00,5,7,5,8,30,750,18.0,60 R CAULAINCOURT,,,Plein jour,En agglomération,Hors intersection,Normale,Deux véhicules - côté,,,,,,,,,,,1,2,1,1,3
200500045927,0005-07-06 16:45:00,5,7,6,16,45,750,6.0,BD SAINT GERMAIN R DANTO,,,Plein jour,En agglomération,Intersection en Y,Normale,Deux véhicules - côté,,,,,,,,,,,1,2,4,1,3
200500045928,0005-07-06 08:17:00,5,7,6,8,17,750,9.0,R SAINT LAZARE R DE MOGA,,,Plein jour,En agglomération,Intersection en T,Normale,Deux véhicules - côté,,,,,,,,,,,1,2,3,1,3
200500045929,0005-07-05 11:10:00,5,7,5,11,10,750,10.0,169 BD DE LA VILLETTE,,,Plein jour,En agglomération,Hors intersection,Normale,Autre collision,,,,,,,,,,,1,2,1,1,6
200500045930,0005-07-05 08:55:00,5,7,5,8,55,750,12.0,PL DE LA BASTILLE R FG S,,,Plein jour,En agglomération,Intersection en T,Normale,Deux véhicules - côté,,,,,,,,,,,1,2,3,1,3
200500045931,0005-07-06 16:40:00,5,7,6,16,40,750,13.0,R DAMESME R BOURGON,,,Plein jour,En agglomération,Intersection en T,Normale,Autre collision,,,,,,,,,,,1,2,3,1,6
200500045932,0005-07-06 02:55:00,5,7,6,2,55,750,16.0,AV DU PDT KENNEDY R DU R,,,Nuit avec éclairage allumé,En agglomération,Intersection en T,Pluie légère,Deux véhicules - arrière,,,,,,,,,,,5,2,3,2,2
200500045933,0005-07-05 21:40:00,5,7,5,21,40,750,16.0,186 AV DE VERSAILLES,,,Nuit avec éclairage allumé,En agglomération,Hors intersection,Normale,Deux véhicules - côté,,,,,,,,,,,5,2,1,1,3