accident_id,datetime,annee,mois,jour,heure,minute,departement,commune_insee,adresse,latitude,longitude,luminosite,agglomeration,intersection,meteo,collision,nb_vehicules,nb_usagers,nb_indemnes,nb_tues,nb_blesses_hosp,nb_blesses_legers,age_cond_1,age_cond_2,veh_type_cond_1,veh_type_cond_2,lum_code,agg_code,int_code,atm_code,col_code
200500045934,0005-07-05 17:10:00,5,7,5,17,10,750,16.0,94 AV DE VERSAILLES,,,Plein jour,En agglomération,Hors intersection,Normale,Deux véhicules - arrière,,,,,,,,,,,1,2,1,1,2
200500045935,0005-07-06 15:30:00,5,7,6,15,30,750,16.0,36 AV GRANDE ARMEE,,,Plein jour,En agglomération,Hors intersection,Normale,Trois véhicules et plus - en chaîne,,,,,,,,,,,1,2,1,1,4
200500045936,0005-07-06 23:00:00,5,7,6,23,0,750,18.0,6 BD DE ROCHECHOUART,,,Nuit avec éclairage allumé,En agglomération,Hors intersection,Normale,Autre collision,,,,,,,,,,,5,2,1,1,6
200500045937,0005-07-08 08:00:00,5,7,8,8,0,750,13.0,56 BD DE L HOPITAL,,,Plein jour,En agglomération,Hors intersection,Normale,Deux véhicules - arrière,,,,,,,,,,,1,2,1,1,2
200500045938,0005-07-07 07:40:00,5,7,7,7,40,750,13.0,BD VINCENT AURIOL R JENN,,,Plein jour,En agglomération,Intersection en X,Normale,Deux véhicules - côté,,,,,,,,,,,1,2,2,1,3
200500045939,0005-07-07 13:20:00,5,7,7,13,20,750,13.0,76 BD MASSENA,,,Plein jour,En agglomération,Hors intersection,Normale,Autre collision,,,,,,,,,,,1,2,1,1,6
200500045940,0005-07-21 20:25:00,5,7,21,20,25,750,17.0,AV PTE CLICHY ECH CLICHY,,,Plein jour,En agglomération,Intersection en X,Normale,Deux véhicules - côté,,,,,,,,,,,1,2,2,1,3
200500045941,0005-07-21 20:30:00,5,7,21,20,30,750,20.0,BPE VINCENNES MONTREUIL,,,Plein jour,En agglomération,Hors intersection,Normale,Deux véhicules - côté,,,,,,,,,,,1,2,1,1,3
200500045942,0005-07-09 16:50:00,5,7,9,16,50,750,11.0,PL DE LA NATION BD VOLTA,,,Plein jour,En agglomération,Intersection en T,Normale,Autre collision,,,,,,,,,,,1,2,3,1,6
200500045943,0005-07-22 15:35:00,5,7,22,15,35,750,3.0,R COMMINES R FROISSART,,,Plein jour,En agglomération,Intersection en X,Normale,Deux véhicules - côté,,,,,,,,,,,1,2,2,1,3
200500045944,0005-07-24 00:45:00,5,7,24,0,45,750,10.0,QU VALMY R BEAUREPAIRE,,,Nuit avec éclairage allumé,En agglomération,Intersection en T,Normale,Autre collision,,,,,,,,,,,5,2,3,1,6
200500045945,0005-07-24 00:30:00,5,7,24,0,30,750,1.0,208 R RIVOLI,,,Nuit avec éclairage allumé,En agglomération,Hors intersection,Normale,Autre collision,,,,,,,,,,,5,2,1,1,6
200500045946,0005-07-01 15:10:00,5,7,1,15,10,750,17.0,AV GRANDE ARMEE R DENIS,,,Plein jour,En agglomération,Intersection en T,Normale,Deux véhicules - côté,,,,,,,,,,,1,2,3,1,3
200500045947,0005-07-01 09:15:00,5,7,1,9,15,750,8.0,PL SAINT AUGUSTIN R LA B,,,Plein jour,En agglomération,Intersection à plus de 4 branches,Normale,Deux véhicules - côté,,,,,,,,,,,1,2,5,1,3
200500045948,0005-07-01 20:20:00,5,7,1,20,20,750,17.0,PL GENERAL CATROUX AV DE,,,Plein jour,En agglomération,Intersection en X,Pluie légère,Deux véhicules - côté,,,,,,,,,,,1,2,2,2,3
200500045949,0005-07-02 11:20:00,5,7,2,11,20,750,8.0,PL DE CLICHY R D AMSTERD,,,Plein jour,En agglomération,Intersection en T,Normale,Autre collision,,,,,,,,,,,1,2,3,1,6
200500045950,0005-07-02 00:50:00,5,7,2,0,50,750,11.0,74 R DE LA ROQUETTE,,,Nuit avec éclairage allumé,En agglomération,Hors intersection,Pluie légère,Autre collision,,,,,,,,,,,5,2,1,2,6
200500045951,0005-07-03 12:11:00,5,7,3,12,11,750,12.0,28 R DE REUILLY,,,Plein jour,En agglomération,Hors intersection,Normale,Deux véhicules - côté,,,,,,,,,,,1,2,1,1,3
200500045952,0005-07-03 13:00:00,5,7,3,13,0,750,19.0,ECH AUBERVILLIERS,,,Plein jour,En agglomération,Hors intersection,Normale,Deux véhicules - arrière,,,,,,,,,,,1,2,1,1,2
200500045953,0005-07-04 11:28:00,5,7,4,11,28,750,12.0,AV DAUMESNIL RTE DE LA T,,,Plein jour,En agglomération,Intersection en X,Pluie légère,Deux véhicules - côté,,,,,,,,,,,1,2,2,2,3
200500045954,0005-07-04 22:11:00,5,7,4,22,11,750,12.0,182 R DE BERCY,,,Nuit avec éclairage allumé,En agglomération,Hors intersection,Normale,Autre collision,,,,,,,,,,,5,2,1,1,6
200500045955,0005-07-04 09:40:00,5,7,4,9,40,750,12.0,105 AV DE SAINT MAURICE,,,Plein jour,En agglomération,Hors intersection,Pluie légère,Deux véhicules - côté,,,,,,,,,,,1,2,1,2,3
200500045956,0005-07-21 10:30:00,5,7,21,10,30,750,15.0,290 R DE VAUGIRARD,,,Plein jour,En agglomération,Hors intersection,Normale,Deux véhicules - arrière,,,,,,,,,,,1,2,1,1,2
200500045957,0005-07-05 11:35:00,5,7,5,11,35,750,12.0,240 Q DE BERCY,,,Plein jour,En agglomération,Hors intersection,Normale,Deux véhicules - arrière,,,,,,,,,,,1,2,1,1,2
200500045958,0005-07-05 12:05:00,5,7,5,12,5,750,17.0,124 AV DE VILLIERS,,,Plein jour,En agglomération,Hors intersection,Normale,Deux véhicules - côté,,,,,,,,,,,1,2,1,1,3
200500045959,0005-07-05 15:10:00,5,7,5,15,10,750,17.0,AV DE VILLIERS PL GENERA,,,Plein jour,En agglomération,Intersection à plus de 4 branches,Normale,Autre collision,,,,,,,,,,,1,2,5,1,6
200500045960,0005-07-05 16:40:00,5,7,5,16,40,750,17.0,3 BD PEREIRE,,,Plein jour,En agglomération,Hors intersection,Normale,Autre collision,,,,,,,,,,,1,2,1,1,6
200500045961,0005-07-05 18:00:00,5,7,5,18,0,750,19.0,AV DE FLANDRE R RIQUET,,,Plein jour,En agglomération,Intersection en X,Normale,Deux véhicules - frontale,,,,,,,,,,,1,2,2,1,1
200500045962,0005-07-06 00:15:00,5,7,6,0,15,750,1.0,R DE RIVOLI PL DU PALAIS,,,Nuit avec éclairage allumé,En agglomération,Intersection en T,Pluie légère,Sans collision,,,,,,,,,,,5,2,3,2,7
200500045963,0005-07-06 19:50:00,5,7,6,19,50,750,5.0,R MONGE R DES ECOLES,,,Plein jour,En agglomération,Intersection en X,Normale,Deux véhicules - côté,,,,,,,,,,,1,2,2,1,3
200500045964,0005-07-06 19:15:00,5,7,6,19,15,750,10.0,R FG SAINT MARTIN R DES,,,Plein jour,En agglomération,Intersection en T,Normale,Autre collision,,,,,,,,,,,1,2,3,1,6
200500045965,0005-07-06 18:25:00,5,7,6,18,25,750,10.0,R FG SAINT MARTIN R LOUI,,,Plein jour,En agglomération,Intersection en X,Normale,Autre collision,,,,,,,,,,,1,2,2,1,6
200500045966,0005-07-06 08:45:00,5,7,6,8,45,750,12.0,AV DAUMESNIL AV DU POLYG,,,Plein jour,En agglomération,Intersection en T,Normale,Deux véhicules - côté,,,,,,,,,,,1,2,3,1,3
200500045967,0005-07-06 08:55:00,5,7,6,8,55,750,12.0,L11594 Q DE BERCY,,,Plein jour,En agglomération,Hors intersection,Normale,Autre collision,,,,,,,,,,,1,2,1,1,6
200500045968,0005-07-05 18:00:00,5,7,5,18,0,750,17.0,25 AV DE CLICHY,,,Plein jour,En agglomération,Hors intersection,Normale,Autre collision,,,,,,,,,,,1,2,1,1,6
200500045969,0005-07-06 10:40:00,5,7,6,10,40,750,20.0,R DU CHER R COUR DES NOU,,,Plein jour,En agglomération,Intersection en T,Normale,Deux véhicules - côté,,,,,,,,,,,1,2,3,1,3
200500045970,0005-07-07 14:00:00,5,7,7,14,0,750,2.0,R MONTORGUEIL R ETIENNE,,,Plein jour,En agglomération,Intersection en X,Pluie légère,Sans collision,,,,,,,,,,,1,2,2,2,7
200500045971,0005-07-07 17:00:00,5,7,7,17,0,750,7.0,R DE CONSTANTINE,,,Plein jour,En agglomération,Hors intersection,Pluie légère,Autre collision,,,,,,,,,,,1,2,1,2,6
200500045972,0005-07-26 14:05:00,5,7,26,14,5,750,6.0,PO ST MICHEL PL ST MICHE,,,Plein jour,En agglomération,Intersection à plus de 4 branches,Normale,Autre collision,,,,,,,,,,,1,2,5,1,6
200500045973,0005-07-27 09:30:00,5,7,27,9,30,750,14.0,96 AV DU MAINE,,,Plein jour,En agglomération,Hors intersection,Normale,Autre collision,,,,,,,,,,,1,2,1,1,6
200500045974,0005-07-07 17:58:00,5,7,7,17,58,750,7.0,R SAINT DOMINIQUE R DE C,,,Plein jour,En agglomération,Intersection en X,Normale,Autre collision,,,,,,,,,,,1,2,2,1,6
200500045975,0005-07-07 18:57:00,5,7,7,18,57,750,8.0,L3124 AV CHAMPS ELYSEES,,,Plein jour,En agglomération,Hors intersection,Pluie légère,Deux véhicules - côté,,,,,,,,,,,1,2,1,2,3
200500045976,0005-07-07 10:50:00,5,7,7,10,50,750,9.0,12 BD MONTMARTRE,,,Plein jour,En agglomération,Hors intersection,Temps couvert,Autre collision,,,,,,,,,,,1,2,1,8,6
200500045977,0005-07-07 15:30:00,5,7,7,15,30,750,9.0,12 R FG POISSONNIERE,,,Plein jour,En agglomération,Hors intersection,Pluie légère,Sans collision,,,,,,,,,,,1,2,1,2,7
200500045978,0005-07-07 08:35:00,5,7,7,8,35,750,12.0,102 R DE REUILLY,,,Plein jour,En agglomération,Hors intersection,Normale,Autre collision,,,,,,,,,,,1,2,1,1,6
200500045979,0005-07-07 19:20:00,5,7,7,19,20,750,12.0,AV DAUMESNIL BD DE LA GU,,,Plein jour,En agglomération,Intersection en T,Pluie légère,Deux véhicules - côté,,,,,,,,,,,1,2,3,2,3
200500045980,0005-07-07 20:05:00,5,7,7,20,5,750,14.0,AV DU MAINE R DES PLANTE,,,Plein jour,En agglomération,Intersection à plus de 4 branches,Pluie légère,Deux véhicules - côté,,,,,,,,,,,1,2,5,2,3
200500045981,0005-07-07 14:15:00,5,7,7,14,15,750,14.0,AV ERNEST REYER AV PTE D,,,Plein jour,En agglomération,Intersection en T,Pluie légère,Deux véhicules - côté,,,,,,,,,,,1,2,3,2,3
200500045982,0005-07-07 16:05:00,5,7,7,16,5,750,15.0,AV PORTE DE SEVRES BD VI,,,Plein jour,En agglomération,Intersection en X,Temps couvert,Deux véhicules - côté,,,,,,,,,,,1,2,2,8,3
200500045983,0005-07-07 09:20:00,5,7,7,9,20,750,15.0,R DE LA CONVENTION R SAR,,,Plein jour,En agglomération,Intersection en T,Normale,Deux véhicules - côté,,,,,,,,,,,1,2,3,1,3
200500045984,0005-07-07 19:40:00,5,7,7,19,40,750,16.0,144 BD SUCHET,,,Plein jour,En agglomération,Hors intersection,Temps couvert,Deux véhicules - arrière,,,,,,,,,,,1,2,1,8,2
200500045985,0005-07-07 08:40:00,5,7,7,8,40,750,17.0,139 AV DE VILLIERS,,,Plein jour,En agglomération,Hors intersection,Normale,Autre collision,,,,,,,,,,,1,2,1,1,6
200500045986,0005-07-07 21:50:00,5,7,7,21,50,750,19.0,6 R JEAN MENANS,,,Nuit avec éclairage allumé,En agglomération,Hors intersection,Normale,Autre collision,,,,,,,,,,,5,2,1,1,6
200500045987,0005-07-07 17:35:00,5,7,7,17,35,750,19.0,AV JEAN JAURES R DU HAIN,,,Plein jour,En agglomération,Intersection en X,Pluie légère,Autre collision,,,,,,,,,,,1,2,2,2,6
200500045988,0005-07-07 08:28:00,5,7,7,8,28,750,19.0,AV DE FLANDRE R DE L OUR,,,Plein jour,En agglomération,Intersection en X,Normale,Autre collision,,,,,,,,,,,1,2,2,1,6
200500045989,0005-07-07 00:30:00,5,7,7,0,30,750,19.0,BD D ALGERIE R ALPHONSE,,,Nuit avec éclairage allumé,En agglomération,Intersection en T,Normale,Deux véhicules - arrière,,,,,,,,,,,5,2,3,1,2
200500045990,0005-07-08 08:40:00,5,7,8,8,40,750,1.0,SOU TUILERIES,,,Plein jour,En agglomération,Hors intersection,Normale,Deux véhicules - côté,,,,,,,,,,,1,2,1,1,3
200500045991,0005-07-08 15:24:00,5,7,8,15,24,750,4.0,3 BD HENRI IV,,,Plein jour,En agglomération,Hors intersection,Pluie légère,Deux véhicules - côté,,,,,,,,,,,1,2,1,2,3
200500045992,0005-07-08 19:15:00,5,7,8,19,15,750,8.0,26 R DE MIROMESNIL,,,Plein jour,En agglomération,Hors intersection,Normale,Trois véhicules et plus - en chaîne,,,,,,,,,,,1,2,1,1,4
200500045993,0005-07-08 16:00:00,5,7,8,16,0,750,9.0,R DE CLICHY PL ESTIENNE,,,Plein jour,En agglomération,Intersection à plus de 4 branches,Pluie légère,Autre collision,,,,,,,,,,,1,2,5,2,6
200500045994,0005-07-08 10:05:00,5,7,8,10,5,750,10.0,138 R FG SAINT MARTIN,,,Plein jour,En agglomération,Hors intersection,Normale,Autre collision,,,,,,,,,,,1,2,1,1,6
200500045995,0005-07-08 21:20:00,5,7,8,21,20,750,12.0,40 R CHALIGNY,,,Nuit avec éclairage allumé,En agglomération,Hors intersection,Pluie légère,Autre collision,,,,,,,,,,,5,2,1,2,6
200500045996,0005-07-08 19:00:00,5,7,8,19,0,750,13.0,27 R AMIRAL MOUCHEZ,,,Plein jour,En agglomération,Hors intersection,Normale,Autre collision,,,,,,,,,,,1,2,1,1,6
200500045997,0005-07-08 19:35:00,5,7,8,19,35,750,14.0,96 R D ALESIA,,,Plein jour,En agglomération,Hors intersection,Normale,Autre collision,,,,,,,,,,,1,2,1,1,6
200500045998,0005-07-08 11:35:00,5,7,8,11,35,750,15.0,R DES MORILLONS R ROSENW,,,Plein jour,En agglomération,Intersection en T,Temps couvert,Deux véhicules - côté,,,,,,,,,,,1,2,3,8,3
200500045999,0005-07-08 16:00:00,5,7,8,16,0,750,15.0,R FALLEMPIN R VIOLET,,,Plein jour,En agglomération,Intersection en T,Normale,Autre collision,,,,,,,,,,,1,2,3,1,6
200500046000,0005-07-08 17:40:00,5,7,8,17,40,750,16.0,L12884 ALL DU BORD DE L,,,Plein jour,En agglomération,Hors intersection,Temps couvert,Deux véhicules - côté,,,,,,,,,,,1,2,1,8,3
200500046001,0005-07-08 13:40:00,5,7,8,13,40,750,16.0,8 AV D IENA,,,Plein jour,En agglomération,Hors intersection,Temps couvert,Deux véhicules - côté,,,,,,,,,,,1,2,1,8,3
200500046002,0005-07-08 13:25:00,5,7,8,13,25,750,17.0,L501 BD DE REIMS,,,Plein jour,En agglomération,Hors intersection,Normale,Deux véhicules - côté,,,,,,,,,,,1,2,1,1,3
200500046003,0005-07-08 12:30:00,5,7,8,12,30,750,18.0,R DE JESSAINT R AFFRE,,,Plein jour,En agglomération,Intersection en T,Pluie légère,Autre collision,,,,,,,,,,,1,2,3,2,6
200500046004,0005-07-08 08:30:00,5,7,8,8,30,750,19.0,R ARCHEREAU R DE L OURCQ,,,Plein jour,En agglomération,Intersection en X,Normale,Deux véhicules - côté,,,,,,,,,,,1,2,2,1,3
200500046005,0005-07-08 17:50:00,5,7,8,17,50,750,19.0,118 R HAXO,,,Plein jour,En agglomération,Hors intersection,Normale,Autre collision,,,,,,,,,,,1,2,1,1,6
200500046006,0005-07-08 21:30:00,5,7,8,21,30,750,20.0,R DE NOISY LE SEC R EVAR,,,Crépuscule ou aube,En agglomération,Intersection en X,Pluie légère,Deux véhicules - côté,,,,,,,,,,,2,2,2,2,3
200500046007,0005-07-09 03:40:00,5,7,9,3,40,750,10.0,BD DE MAGENTA R AMBROISE,,,Nuit avec éclairage allumé,En agglomération,Intersection en Y,Normale,Deux véhicules - côté,,,,,,,,,,,5,2,4,1,3
200500046008,0005-07-08 10:20:00,5,7,8,10,20,750,12.0,L9799 PL DE LA BASTILLE,,,Plein jour,En agglomération,Hors intersection,Normale,Deux véhicules - arrière,,,,,,,,,,,1,2,1,1,2
200500046009,0005-07-09 01:40:00,5,7,9,1,40,750,12.0,76 AV DE SAINT MAURICE,,,Nuit avec éclairage allumé,En agglomération,Hors intersection,Normale,Deux véhicules - côté,,,,,,,,,,,5,2,1,1,3
200500046010,0005-07-09 03:54:00,5,7,9,3,54,750,14.0,PL DENF ROCHEREAU AV GEN,,,Nuit avec éclairage allumé,En agglomération,Intersection en T,Pluie légère,Deux véhicules - frontale,,,,,,,,,,,5,2,3,2,1
200500046011,0005-07-09 04:40:00,5,7,9,4,40,750,15.0,BD PASTEUR R FALGUIERE,,,Crépuscule ou aube,En agglomération,Intersection en X,Normale,Deux véhicules - côté,,,,,,,,,,,2,2,2,1,3
200500046012,0005-07-09 06:30:00,5,7,9,6,30,750,16.0,72 AV FOCH,,,Plein jour,En agglomération,Hors intersection,Normale,Autre collision,,,,,,,,,,,1,2,1,1,6
200500046013,0005-07-09 18:20:00,5,7,9,18,20,750,16.0,R CLAUDE FARRERE R NUNGE,,,Plein jour,En agglomération,Intersection en T,Normale,Deux véhicules - côté,,,,,,,,,,,1,2,3,1,3
200500046014,0005-07-09 12:25:00,5,7,9,12,25,750,17.0,AV DES TERNES R LABIE,,,Plein jour,En agglomération,Intersection en Y,Normale,Deux véhicules - côté,,,,,,,,,,,1,2,4,1,3
200500046015,0005-07-09 07:15:00,5,7,9,7,15,750,18.0,96 R DU POTEAU,,,Plein jour,En agglomération,Hors intersection,Normale,Autre collision,,,,,,,,,,,1,2,1,1,6
200500046016,0005-07-10 19:15:00,5,7,10,19,15,750,1.0,R DE RIVOLI R DE MARENGO,,,Plein jour,En agglomération,Intersection en T,Normale,Deux véhicules - côté,,,,,,,,,,,1,2,3,1,3
200500046017,0005-07-10 14:20:00,5,7,10,14,20,750,4.0,R DE LA CITE Q DE LA COR,,,Plein jour,En agglomération,Intersection en X,Normale,Autre collision,,,,,,,,,,,1,2,2,1,6
200500046018,0005-07-10 18:45:00,5,7,10,18,45,750,5.0,R LINNE R CUVIER,,,Plein jour,En agglomération,Intersection en Y,Normale,Deux véhicules - côté,,,,,,,,,,,1,2,4,1,3
200500046019,0005-07-10 06:45:00,5,7,10,6,45,750,8.0,AV DE FRIEDLAND PL CH DE,,,Plein jour,En agglomération,Intersection en T,Normale,Deux véhicules - côté,,,,,,,,,,,1,2,3,1,3
200500046020,0005-07-10 03:25:00,5,7,10,3,25,750,8.0,R WASHINGTON R LAMENNAIS,,,Nuit avec éclairage allumé,En agglomération,Intersection en T,Normale,Deux véhicules - côté,,,,,,,,,,,5,2,3,1,3
200500046021,0005-07-10 18:55:00,5,7,10,18,55,750,10.0,2 R BEAUREPAIRE,,,Plein jour,En agglomération,Hors intersection,Normale,Autre collision,,,,,,,,,,,1,2,1,1,6
200500046022,0005-07-10 10:00:00,5,7,10,10,0,750,11.0,38 R DU CHEMIN VERT,,,Plein jour,En agglomération,Hors intersection,Normale,Autre collision,,,,,,,,,,,1,2,1,1,6
200500046023,0005-07-10 10:33:00,5,7,10,10,33,750,11.0,238 BD VOLTAIRE,,,Plein jour,En agglomération,Hors intersection,Normale,Deux véhicules - côté,,,,,,,,,,,1,2,1,1,3
200500046024,0005-07-10 13:10:00,5,7,10,13,10,750,13.0,18 R DE TOLBIAC,,,Plein jour,En agglomération,Hors intersection,Normale,Deux véhicules - arrière,,,,,,,,,,,1,2,1,1,2
200500046025,0005-07-28 15:35:00,5,7,28,15,35,750,18.0,12 AV PTE MONTMARTRE,,,Plein jour,En agglomération,Hors intersection,Normale,Autre collision,,,,,,,,,,,1,2,1,1,6
200500046026,0005-07-29 01:40:00,5,7,29,1,40,750,19.0,BD DE LA VILLETTE AV SEC,,,Nuit avec éclairage allumé,En agglomération,Intersection à plus de 4 branches,Normale,Autre collision,,,,,,,,,,,5,2,5,1,6
200500046027,0005-07-29 06:40:00,5,7,29,6,40,750,12.0,BD DIDEROT R DE REUILLY,,,Plein jour,En agglomération,Intersection en X,Normale,Deux véhicules - côté,,,,,,,,,,,1,2,2,1,3
200500046028,0005-07-10 01:20:00,5,7,10,1,20,750,16.0,L 9152 ALL DE LONGCHAMP,,,Nuit avec éclairage allumé,En agglomération,Hors intersection,Normale,Autre collision,,,,,,,,,,,5,2,1,1,6
200500046029,0005-07-10 00:05:00,5,7,10,0,5,750,16.0,RTE MUETTE A NEUILLY CAR,,,Plein jour,En agglomération,Intersection en X,Normale,Deux véhicules - côté,,,,,,,,,,,1,2,2,1,3
200500046030,0005-07-10 18:05:00,5,7,10,18,5,750,18.0,36 R CAULAINCOURT,,,Plein jour,En agglomération,Hors intersection,Normale,Autre collision,,,,,,,,,,,1,2,1,1,6
200500046031,0005-07-11 16:45:00,5,7,11,16,45,750,5.0,54 R DES ECOLES,,,Plein jour,En agglomération,Hors intersection,Normale,Sans collision,,,,,,,,,,,1,2,1,1,7
200500046032,0005-07-11 13:58:00,5,7,11,13,58,750,6.0,R DE VAUGIRARD BD SAINT,,,Plein jour,En agglomération,Intersection en T,Normale,Autre collision,,,,,,,,,,,1,2,3,1,6
200500046033,0005-07-11 17:30:00,5,7,11,17,30,750,8.0,AV W CHURCHILL CRS LA RE,,,Plein jour,En agglomération,Intersection en X,Normale,Deux véhicules - côté,,,,,,,,,,,1,2,2,1,3
200500046034,0005-07-11 01:00:00,5,7,11,1,0,750,9.0,BD DE ROCHECHOUART R DE,,,Nuit avec éclairage allumé,En agglomération,Intersection en T,Normale,Deux véhicules - côté,,,,,,,,,,,5,2,3,1,3
200500046035,0005-07-11 10:40:00,5,7,11,10,40,750,10.0,BD DE MAGENTA R DE BELZU,,,Plein jour,En agglomération,Intersection en Y,Normale,Deux véhicules - côté,,,,,,,,,,,1,2,4,1,3
200500046036,0005-07-11 11:40:00,5,7,11,11,40,750,10.0,R LA FAYETTE PL FRANZ LI,,,Plein jour,En agglomération,Intersection en X,Normale,Deux véhicules - côté,,,,,,,,,,,1,2,2,1,3
200500046037,0005-07-11 22:55:00,5,7,11,22,55,750,11.0,R PETITE PIERRE R DE CHA,,,Nuit avec éclairage allumé,En agglomération,Intersection en T,Normale,Deux véhicules - frontale,,,,,,,,,,,5,2,3,1,1
200500046038,0005-07-11 14:15:00,5,7,11,14,15,750,12.0,L10044 AV DES CANADIENS,,,Plein jour,En agglomération,Hors intersection,Normale,Autre collision,,,,,,,,,,,1,2,1,1,6
200500046039,0005-07-11 19:45:00,5,7,11,19,45,750,13.0,R DE PATAY R EUGENE OUDI,,,Plein jour,En agglomération,Intersection en X,Normale,Autre collision,,,,,,,,,,,1,2,2,1,6
200500046040,0005-07-11 11:15:00,5,7,11,11,15,750,13.0,L14796 PT DE TOLBIAC,,,Plein jour,En agglomération,Hors intersection,Normale,Trois véhicules et plus - en chaîne,,,,,,,,,,,1,2,1,1,4
200500046041,0005-07-11 09:15:00,5,7,11,9,15,750,15.0,50 R PORTE D ISSY,,,Plein jour,En agglomération,Hors intersection,Normale,Deux véhicules - côté,,,,,,,,,,,1,2,1,1,3
200500046042,0005-07-11 09:05:00,5,7,11,9,5,750,15.0,4 PL RAOUL DAUTRY,,,Plein jour,En agglomération,Hors intersection,Normale,Autre collision,,,,,,,,,,,1,2,1,1,6
200500046043,0005-07-11 06:30:00,5,7,11,6,30,750,15.0,PL INSURGES DE VARS R GE,,,Plein jour,En agglomération,Intersection en T,Normale,Autre collision,,,,,,,,,,,1,2,3,1,6
200500046044,0005-07-11 18:50:00,5,7,11,18,50,750,16.0,PL PTE DE ST CLOUD AV PT,,,Plein jour,En agglomération,Intersection en T,Normale,Deux véhicules - côté,,,,,,,,,,,1,2,3,1,3
200500046045,0005-07-11 08:45:00,5,7,11,8,45,750,17.0,190 AV DE CLICHY,,,Plein jour,En agglomération,Hors intersection,Normale,Autre collision,,,,,,,,,,,1,2,1,1,6
200500046046,0005-07-11 11:56:00,5,7,11,11,56,750,17.0,160 AV DE CLICHY,,,Plein jour,En agglomération,Hors intersection,Normale,Deux véhicules - côté,,,,,,,,,,,1,2,1,1,3
200500046047,0005-07-11 13:25:00,5,7,11,13,25,750,19.0,2 R ADOLPHE MILLE,,,Plein jour,En agglomération,Hors intersection,Normale,Autre collision,,,,,,,,,,,1,2,1,1,6
200500046048,0005-07-12 22:42:00,5,7,12,22,42,750,3.0,BD BEAUMARCHAIS R SAINT,,,Nuit avec éclairage allumé,En agglomération,Intersection en T,Normale,Deux véhicules - arrière,,,,,,,,,,,5,2,3,1,2
200500046049,0005-07-12 07:45:00,5,7,12,7,45,750,4.0,2 PL DU CHATELET,,,Plein jour,En agglomération,Hors intersection,Normale,Autre collision,,,,,,,,,,,1,2,1,1,6
200500046050,0005-07-12 15:05:00,5,7,12,15,5,750,5.0,R CLAUDE BERNARD R BERTH,,,Plein jour,En agglomération,Intersection en X,Normale,Deux véhicules - côté,,,,,,,,,,,1,2,2,1,3
200500046051,0005-07-12 20:30:00,5,7,12,20,30,750,7.0,BD RASPAIL R CHOMEL,,,Plein jour,En agglomération,Intersection en T,Normale,Deux véhicules - côté,,,,,,,,,,,1,2,3,1,3
200500046052,0005-07-29 12:55:00,5,7,29,12,55,750,14.0,BD ROMAIN ROLLAND ECH OR,,,Plein jour,En agglomération,Intersection en T,Normale,Sans collision,,,,,,,,,,,1,2,3,1,7
200500046053,0005-07-11 09:45:00,5,7,11,9,45,750,9.0,BD HAUSSMANN R DE MOGADO,,,Plein jour,En agglomération,Intersection en T,Normale,Deux véhicules - côté,,,,,,,,,,,1,2,3,1,3
200500046054,0005-07-11 14:00:00,5,7,11,14,0,750,9.0,R HIPPOLYTE LEBAS R MILT,,,Plein jour,En agglomération,Intersection en X,Normale,Deux véhicules - arrière,,,,,,,,,,,1,2,2,1,2
200500046055,0005-07-12 14:00:00,5,7,12,14,0,750,9.0,100 R SAINT LAZARE,,,Plein jour,En agglomération,Hors intersection,Normale,Deux véhicules - côté,,,,,,,,,,,1,2,1,1,3
200500046056,0005-07-12 07:00:00,5,7,12,7,0,750,11.0,44 AV PARMENTIER,,,Plein jour,En agglomération,Hors intersection,Temps couvert,Deux véhicules - arrière,,,,,,,,,,,1,2,1,8,2
200500046057,0005-07-12 20:50:00,5,7,12,20,50,750,11.0,11 BD DE MENILMONTANT,,,Plein jour,En agglomération,Hors intersection,Normale,Deux véhicules - côté,,,,,,,,,,,1,2,1,1,3
200500046058,0005-07-12 09:00:00,5,7,12,9,0,750,12.0,R CROZATIER R FG SAINT A,,,Plein jour,En agglomération,Intersection en T,Normale,Deux véhicules - côté,,,,,,,,,,,1,2,3,1,3
200500046059,0005-07-12 07:25:00,5,7,12,7,25,750,12.0,52 Q DE LA RAPEE,,,Plein jour,En agglomération,Hors intersection,Normale,Deux véhicules - arrière,,,,,,,,,,,1,2,1,1,2
200500046060,0005-07-12 12:40:00,5,7,12,12,40,750,12.0,AV DU REMBLAY RTE CHAMP,,,Plein jour,En agglomération,Intersection en X,Normale,Deux véhicules - côté,,,,,,,,,,,1,2,2,1,3
200500046061,0005-07-12 17:15:00,5,7,12,17,15,750,12.0,BD DIDEROT R DE CHALIGNY,,,Plein jour,En agglomération,Intersection en X,Normale,Trois véhicules et plus - en chaîne,,,,,,,,,,,1,2,2,1,4
200500046062,0005-07-12 19:20:00,5,7,12,19,20,750,12.0,AV DAUMESNIL BD DIDEROT,,,Plein jour,En agglomération,Intersection en X,Normale,Deux véhicules - côté,,,,,,,,,,,1,2,2,1,3
200500046063,0005-07-12 21:30:00,5,7,12,21,30,750,13.0,BD DE PORT ROYAL BD ARAG,,,Plein jour,En agglomération,Intersection en X,Normale,Autre collision,,,,,,,,,,,1,2,2,1,6
200500046064,0005-07-12 14:55:00,5,7,12,14,55,750,15.0,36 BD LEFEBVRE,,,Plein jour,En agglomération,Hors intersection,Normale,Deux véhicules - côté,,,,,,,,,,,1,2,1,1,3
200500046065,0005-07-12 19:30:00,5,7,12,19,30,750,15.0,Q DE GRENELLE R G DE CAI,,,Plein jour,En agglomération,Intersection en T,Normale,Deux véhicules - côté,,,,,,,,,,,1,2,3,1,3
200500046066,0005-07-12 20:32:00,5,7,12,20,32,750,17.0,BD PEREIRE R RENNEQUIN,,,Plein jour,En agglomération,Intersection en X,Normale,Sans collision,,,,,,,,,,,1,2,2,1,7