accident_id,datetime,annee,mois,jour,heure,minute,departement,commune_insee,adresse,latitude,longitude,luminosite,agglomeration,intersection,meteo,collision,nb_vehicules,nb_usagers,nb_indemnes,nb_tues,nb_blesses_hosp,nb_blesses_legers,age_cond_1,age_cond_2,veh_type_cond_1,veh_type_cond_2,lum_code,agg_code,int_code,atm_code,col_code
200500046462,0005-07-01 13:35:00,5,7,1,13,35,770,294.0,HENRI BARBUSSE (RUE),,,Plein jour,En agglomération,Hors intersection,Temps couvert,Autre collision,,,,,,,,,,,1,2,1,8,6
200500046463,0005-07-14 06:00:00,5,7,14,6,0,770,294.0,RN2,,,Plein jour,Hors agglomération,Hors intersection,Normale,Deux véhicules - arrière,,,,,,,,,,,1,1,1,1,2
200500046464,0005-07-11 11:25:00,5,7,11,11,25,770,123.0,MITRY (RUE DE),,,Plein jour,En agglomération,Intersection en T,Normale,Autre collision,,,,,,,,,,,1,2,3,1,6
200500046465,0005-07-21 16:45:00,5,7,21,16,45,770,294.0,JEAN BAPTISTE CLEMENT (A,,,Plein jour,Hors agglomération,Hors intersection,Normale,Deux véhicules - côté,,,,,,,,,,,1,1,1,1,3
200500046466,0005-07-21 19:13:00,5,7,21,19,13,770,294.0,"62-64, FRANKLIN ROOSEVEL",,,Plein jour,En agglomération,Intersection en T,Normale,Deux véhicules - côté,,,,,,,,,,,1,2,3,1,3
200500046467,0005-07-21 19:15:00,5,7,21,19,15,770,291.0,"2, PARIS (RUE DE)",,,Plein jour,En agglomération,Intersection en T,Normale,Deux véhicules - côté,,,,,,,,,,,1,2,3,1,3
200500046468,0005-07-22 08:10:00,5,7,22,8,10,770,462.0,CALVAIRE (CHEMIN DU),,,Plein jour,Hors agglomération,Hors intersection,Normale,Deux véhicules - arrière,,,,,,,,,,,1,1,1,1,2
200500046469,0005-07-01 11:20:00,5,7,1,11,20,770,53.0,"41, GENERAL LECLERC (RUE",,,Plein jour,En agglomération,Hors intersection,Normale,Deux véhicules - côté,,,,,,,,,,,1,2,1,1,3
200500046470,0005-07-07 19:15:00,5,7,7,19,15,770,54.0,"22, GRANDE (RUE)",,,Plein jour,En agglomération,Autre intersection,Normale,Autre collision,,,,,,,,,,,1,2,9,1,6
200500046471,0005-07-08 20:55:00,5,7,8,20,55,770,494.0,"3, FONTAINE MARTIN (RUE",,,Plein jour,En agglomération,Hors intersection,Normale,Autre collision,,,,,,,,,,,1,2,1,1,6
200500046472,0005-07-08 12:30:00,5,7,8,12,30,770,333.0,GUICHETTES (RUE DES),,,Plein jour,En agglomération,Hors intersection,Normale,Deux véhicules - arrière,,,,,,,,,,,1,2,1,1,2
200500046473,0005-07-16 19:00:00,5,7,16,19,0,770,333.0,"24, PARIS (RUE DE)",,,Plein jour,En agglomération,Hors intersection,Normale,Autre collision,,,,,,,,,,,1,2,1,1,6
200500046474,0005-07-17 18:30:00,5,7,17,18,30,770,333.0,CARNOT (AVENUE DU N°2 AU,,,Plein jour,En agglomération,Hors intersection,Normale,Autre collision,,,,,,,,,,,1,2,1,1,6
200500046475,0005-07-07 13:35:00,5,7,7,13,35,770,337.0,MARNE VPN (ROUTE DE LA),,,Plein jour,En agglomération,Hors intersection,Pluie forte,Autre collision,,,,,,,,,,,1,2,1,3,6
200500046476,0005-07-12 14:05:00,5,7,12,14,5,770,468.0,"70, PARIS (RUE DE)",,,Plein jour,En agglomération,Hors intersection,Normale,Deux véhicules - côté,,,,,,,,,,,1,2,1,1,3
200500046477,0005-07-13 20:15:00,5,7,13,20,15,770,258.0,LACS (COURS DES),,,Plein jour,En agglomération,Intersection à plus de 4 branches,Normale,Deux véhicules - côté,,,,,,,,,,,1,2,5,1,3
200500046478,0005-07-19 15:40:00,5,7,19,15,40,770,121.0,MARNE ET GONDOIRE (RUE),,,Plein jour,En agglomération,Intersection en X,Normale,Deux véhicules - côté,,,,,,,,,,,1,2,2,1,3
200500046479,0005-07-20 14:00:00,5,7,20,14,0,770,258.0,", SEGRAIS (BOULEVARD DU)",,,Plein jour,En agglomération,Hors intersection,Normale,Autre collision,,,,,,,,,,,1,2,1,1,6
200500046480,0005-07-20 12:30:00,5,7,20,12,30,770,83.0,REPUBLIQUE (BOULEVARD DE,,,Plein jour,En agglomération,Intersection en T,Normale,Autre collision,,,,,,,,,,,1,2,3,1,6
200500046481,0005-07-03 22:30:00,5,7,3,22,30,770,215.0,"inconnu, ZONE FORESTIERE",,,Nuit sans éclairage public,Hors agglomération,Hors intersection,Normale,Trois véhicules et plus - collisions multiples,,,,,,,,,,,3,1,1,1,5
200500046482,0005-07-02 11:20:00,5,7,2,11,20,770,379.0,BELLEVUE (Sens giratoire,,,Plein jour,En agglomération,Giratoire,Normale,Autre collision,,,,,,,,,,,1,2,6,1,6
200500046483,0005-07-17 10:42:00,5,7,17,10,42,770,379.0,DEPARTEMENTAL 71,,,Plein jour,Hors agglomération,Hors intersection,Normale,Sans collision,,,,,,,,,,,1,1,1,1,7
200500046484,0005-07-03 16:20:00,5,7,3,16,20,770,118.0,JEAN JAURES (RUE),,,Plein jour,En agglomération,Giratoire,Normale,Deux véhicules - côté,,,,,,,,,,,1,2,6,1,3
200500046485,0005-07-13 15:10:00,5,7,13,15,10,770,118.0,CENTRE COMMERCIAL CARREF,,,Plein jour,En agglomération,Intersection en T,Normale,Deux véhicules - côté,,,,,,,,,,,1,2,3,1,3
200500046486,0005-07-21 14:40:00,5,7,21,14,40,770,514.0,"51, ROSES (RUE DES)",,,Plein jour,En agglomération,Hors intersection,Normale,Autre collision,,,,,,,,,,,1,2,1,1,6
200500046487,0005-07-22 09:15:00,5,7,22,9,15,780,126.0,JONCHERE (AVENUE DE LA),,,Plein jour,En agglomération,Hors intersection,Normale,Autre collision,,,,,,,,,,,1,2,1,1,6
200500046488,0005-07-14 03:20:00,5,7,14,3,20,780,126.0,DUCHESNE LUCIEN RENE (AV,,,Nuit avec éclairage allumé,En agglomération,Giratoire,Normale,Deux véhicules - côté,,,,,,,,,,,5,2,6,1,3
200500046489,0005-07-02 18:30:00,5,7,2,18,30,780,15.0,"0,00, RD 48",,,Plein jour,En agglomération,Hors intersection,Normale,Trois véhicules et plus - collisions multiples,,,,,,,,,,,1,2,1,1,5
200500046490,0005-07-03 16:30:00,5,7,3,16,30,780,172.0,RD 203,,,Plein jour,En agglomération,Hors intersection,Normale,Deux véhicules - côté,,,,,,,,,,,1,2,1,1,3
200500046491,0005-07-04 17:45:00,5,7,4,17,45,780,15.0,"02, BEL AIR (RUE DU)",,,Plein jour,En agglomération,Hors intersection,Normale,Sans collision,,,,,,,,,,,1,2,1,1,7
200500046492,0005-07-08 15:00:00,5,7,8,15,0,780,172.0,"18, GRANDES TERRES (RUE",,,Plein jour,En agglomération,Hors intersection,Normale,Deux véhicules - côté,,,,,,,,,,,1,2,1,1,3
200500046493,0005-07-08 21:50:00,5,7,8,21,50,780,5.0,"38, LENINE (AVENUE)",,,Plein jour,En agglomération,Intersection en T,Pluie légère,Deux véhicules - côté,,,,,,,,,,,1,2,3,2,3
200500046494,0005-07-10 19:25:00,5,7,10,19,25,780,172.0,"0,00, FOURS A CHAUX (RUE",,,Plein jour,En agglomération,Intersection en X,Normale,Deux véhicules - côté,,,,,,,,,,,1,2,2,1,3
200500046495,0005-07-12 18:40:00,5,7,12,18,40,780,138.0,"0.00, PARKING DES OUCHES",,,Plein jour,En agglomération,Hors intersection,Normale,Deux véhicules - côté,,,,,,,,,,,1,2,1,1,3
200500046496,0005-07-13 16:40:00,5,7,13,16,40,780,172.0,"02, ALBERT (RUE RENE)",,,Plein jour,En agglomération,Hors intersection,Normale,Sans collision,,,,,,,,,,,1,2,1,1,7
200500046497,0005-07-14 18:25:00,5,7,14,18,25,780,172.0,"0,00, DE GAULLE (BD DU G",,,Plein jour,En agglomération,Intersection en X,Normale,Deux véhicules - côté,,,,,,,,,,,1,2,2,1,3
200500046498,0005-07-23 20:15:00,5,7,23,20,15,780,172.0,"38, PONT (AVENUE DU)",,,Plein jour,En agglomération,Hors intersection,Pluie légère,Sans collision,,,,,,,,,,,1,2,1,2,7
200500046499,0005-07-16 00:40:00,5,7,16,0,40,780,172.0,RN 184,,,Nuit avec éclairage allumé,En agglomération,Hors intersection,Normale,Deux véhicules - arrière,,,,,,,,,,,5,2,1,1,2
200500046500,0005-07-27 17:25:00,5,7,27,17,25,780,5.0,"000, VOLTAIRE (AVENUE)",,,Plein jour,En agglomération,Hors intersection,Normale,Sans collision,,,,,,,,,,,1,2,1,1,7
200500046501,0005-07-29 12:50:00,5,7,29,12,50,780,382.0,"10, CERISAIE (RUE DE LA)",,,Plein jour,En agglomération,Hors intersection,Normale,Autre collision,,,,,,,,,,,1,2,1,1,6
200500046502,0005-07-30 21:50:00,5,7,30,21,50,780,5.0,"0,00, BOURGOIN (RUE GEOR",,,Nuit avec éclairage non allumé,En agglomération,Giratoire,Normale,Deux véhicules - côté,,,,,,,,,,,4,2,6,1,3
200500046503,0005-07-09 00:40:00,5,7,9,0,40,780,644.0,DEPARTEMENTALE 13 (ROUTE,,,Nuit avec éclairage allumé,En agglomération,Hors intersection,Pluie légère,Deux véhicules - frontale,,,,,,,,,,,5,2,1,2,1
200500046504,0005-07-10 15:25:00,5,7,10,15,25,780,168.0,NATIONALE 10 (ROUTE),,,Plein jour,En agglomération,Intersection à plus de 4 branches,Normale,Deux véhicules - côté,,,,,,,,,,,1,2,5,1,3
200500046505,0005-07-12 08:50:00,5,7,12,8,50,780,208.0,NATIONALE 10 (ROUTE),,,Plein jour,Hors agglomération,Hors intersection,Normale,Deux véhicules - côté,,,,,,,,,,,1,1,1,1,3
200500046506,0005-07-14 00:05:00,5,7,14,0,5,780,168.0,NATIONALE 10 (ROUTE),,,Nuit avec éclairage allumé,En agglomération,Intersection en X,Normale,Trois véhicules et plus - collisions multiples,,,,,,,,,,,5,2,2,1,5
200500046507,0005-07-26 14:40:00,5,7,26,14,40,780,168.0,"Indét, MAIRIE (RUE DE LA",,,Plein jour,En agglomération,Intersection en X,Normale,Trois véhicules et plus - en chaîne,,,,,,,,,,,1,2,2,1,4
200500046508,0005-07-31 20:50:00,5,7,31,20,50,780,490.0,"Indét, BLUM (BOULEVARD L",,,Plein jour,En agglomération,Hors intersection,Normale,Autre collision,,,,,,,,,,,1,2,1,1,6
200500046509,0005-07-08 07:50:00,5,7,8,7,50,780,297.0,"inconnu, TROUX (ROUTE DE",,,Plein jour,En agglomération,Hors intersection,Normale,Deux véhicules - côté,,,,,,,,,,,1,2,1,1,3
200500046510,0005-07-29 15:15:00,5,7,29,15,15,780,297.0,"8, GAGARINE (RUE YOURI)",,,Plein jour,En agglomération,Hors intersection,Normale,Autre collision,,,,,,,,,,,1,2,1,1,6
200500046511,0005-07-30 10:55:00,5,7,30,10,55,780,423.0,"INCONNU, PAS DU LAC (AVE",,,Plein jour,En agglomération,Intersection en X,Normale,Deux véhicules - côté,,,,,,,,,,,1,2,2,1,3
200500046512,0005-07-31 23:35:00,5,7,31,23,35,780,423.0,"11, KESSEL (AVENUE JOSEP",,,Nuit avec éclairage allumé,En agglomération,Intersection en T,Normale,Deux véhicules - côté,,,,,,,,,,,5,2,3,1,3
200500046513,0005-07-21 08:20:00,5,7,21,8,20,780,311.0,"94, JEAN JAURES (BOULEVA",,,Plein jour,En agglomération,Intersection en T,Normale,Deux véhicules - côté,,,,,,,,,,,1,2,3,1,3
200500046514,0005-07-15 09:15:00,5,7,15,9,15,780,361.0,"1, BOULEVARD  CARNOT",,,Plein jour,En agglomération,Intersection en X,Normale,Autre collision,,,,,,,,,,,1,2,2,1,6
200500046515,0005-07-19 09:10:00,5,7,19,9,10,780,361.0,"1, BOULEVARD ROGER SALEN",,,Plein jour,En agglomération,Intersection en X,Normale,Deux véhicules - côté,,,,,,,,,,,1,2,2,1,3
200500046516,0005-07-23 21:35:00,5,7,23,21,35,780,335.0,"64, AVENUE ANDRE LECOQ",,,Crépuscule ou aube,En agglomération,Hors intersection,Normale,Autre collision,,,,,,,,,,,2,2,1,1,6
200500046517,0005-07-25 18:25:00,5,7,25,18,25,780,361.0,"1, PONT DE SEINE",,,Plein jour,En agglomération,Hors intersection,Normale,Deux véhicules - arrière,,,,,,,,,,,1,2,1,1,2
200500046518,0005-07-26 16:55:00,5,7,26,16,55,780,217.0,R.D 130,,,Plein jour,Hors agglomération,Hors intersection,Normale,Deux véhicules - côté,,,,,,,,,,,1,1,1,1,3
200500046519,0005-07-01 12:50:00,5,7,1,12,50,780,350.0,VERSAILLES (ROUTE DE),,,Plein jour,Hors agglomération,Hors intersection,Normale,Sans collision,,,,,,,,,,,1,1,1,1,7
200500046520,0005-07-02 22:50:00,5,7,2,22,50,780,674.0,CD 11,,,Nuit avec éclairage allumé,Hors agglomération,Hors intersection,Normale,Sans collision,,,,,,,,,,,5,1,1,1,7
200500046521,0005-07-08 20:05:00,5,7,8,20,5,780,372.0,RN 186,,,Plein jour,En agglomération,Hors intersection,Normale,Deux véhicules - côté,,,,,,,,,,,1,2,1,1,3
200500046522,0005-07-09 19:20:00,5,7,9,19,20,780,674.0,"38, RAMBOUILLET (CHEMIN",,,Plein jour,En agglomération,Hors intersection,Normale,Sans collision,,,,,,,,,,,1,2,1,1,7
200500046523,0005-07-03 11:30:00,5,7,3,11,30,780,440.0,"INDT, MAURICE BERTEAUX (",,,Plein jour,En agglomération,Hors intersection,Normale,Autre collision,,,,,,,,,,,1,2,1,1,6
200500046524,0005-07-01 12:45:00,5,7,1,12,45,780,401.0,"indt, PONTOISE (ROUTE DE",,,Plein jour,En agglomération,Intersection en X,Normale,Deux véhicules - frontale,,,,,,,,,,,1,2,2,1,1
200500046525,0005-07-05 13:20:00,5,7,5,13,20,780,238.0,RENAULT (ROUTE DE),,,Plein jour,Hors agglomération,Hors intersection,Normale,Trois véhicules et plus - en chaîne,,,,,,,,,,,1,1,1,1,4
200500046526,0005-07-06 14:15:00,5,7,6,14,15,780,440.0,GRAVIERS (RUE DES),,,Plein jour,En agglomération,Hors intersection,Normale,Deux véhicules - arrière,,,,,,,,,,,1,2,1,1,2
200500046527,0005-07-12 14:00:00,5,7,12,14,0,780,29.0,FLEURIOTTES (RUE DES),,,Plein jour,En agglomération,Hors intersection,Normale,Deux véhicules - frontale,,,,,,,,,,,1,2,1,1,1
200500046528,0005-07-14 15:55:00,5,7,14,15,55,780,440.0,LOUIS BLERIOT (RUE),,,Plein jour,En agglomération,Intersection en T,Normale,Deux véhicules - arrière,,,,,,,,,,,1,2,3,1,2
200500046529,0005-07-22 04:00:00,5,7,22,4,0,780,238.0,RENAULT (ROUTE DE),,,Nuit sans éclairage public,Hors agglomération,Giratoire,Normale,Sans collision,,,,,,,,,,,3,1,6,1,7
200500046530,0005-07-23 15:45:00,5,7,23,15,45,780,29.0,OCTROI (RUE DE L'),,,Plein jour,Hors agglomération,Hors intersection,Normale,Autre collision,,,,,,,,,,,1,1,1,1,6
200500046531,0005-07-30 21:40:00,5,7,30,21,40,780,440.0,VERNEUIL (ROUTE DE),,,Plein jour,Hors agglomération,Intersection en X,Normale,Autre collision,,,,,,,,,,,1,1,2,1,6
200500046532,0005-07-30 18:50:00,5,7,30,18,50,780,29.0,QUARANTE SOUS (RUE DE),,,Plein jour,En agglomération,Hors intersection,Normale,Sans collision,,,,,,,,,,,1,2,1,1,7
200500046533,0005-07-27 13:20:00,5,7,27,13,20,780,29.0,PIERRE LEFAUCHEUX,,,Plein jour,En agglomération,Hors intersection,Pluie légère,Autre collision,,,,,,,,,,,1,2,1,2,6
200500046534,0005-07-25 19:15:00,5,7,25,19,15,780,238.0,ETOILE (RUE),,,Plein jour,En agglomération,Intersection en X,Normale,Deux véhicules - côté,,,,,,,,,,,1,2,2,1,3
200500046535,0005-07-31 21:55:00,5,7,31,21,55,780,440.0,VERNEUIL (ROUTE DE),,,Nuit avec éclairage allumé,En agglomération,Hors intersection,Normale,Sans collision,,,,,,,,,,,5,2,1,1,7
200500046536,0005-07-04 22:45:00,5,7,4,22,45,780,498.0,"6, GARE RUE DE LA",,,Nuit avec éclairage allumé,En agglomération,Hors intersection,Normale,Autre collision,,,,,,,,,,,5,2,1,1,6
200500046537,0005-07-22 09:00:00,5,7,22,9,0,780,498.0,PIQUENARD RUE DU,,,Plein jour,En agglomération,Hors intersection,Normale,Deux véhicules - arrière,,,,,,,,,,,1,2,1,1,2
200500046538,0005-07-02 01:20:00,5,7,2,1,20,780,269.0,"45, D 906",,,Nuit avec éclairage allumé,En agglomération,Hors intersection,Normale,Autre collision,,,,,,,,,,,5,2,1,1,6
200500046539,0005-07-09 03:20:00,5,7,9,3,20,780,486.0,"23, PARIS (RUE DE COTE I",,,Nuit avec éclairage allumé,En agglomération,Giratoire,Normale,Sans collision,,,,,,,,,,,5,2,6,1,7
200500046540,0005-07-19 15:05:00,5,7,19,15,5,780,517.0,RN 10,,,Plein jour,Hors agglomération,Hors intersection,Normale,Sans collision,,,,,,,,,,,1,1,1,1,7
200500046541,0005-07-03 17:00:00,5,7,3,17,0,780,251.0,CD 98 (CH.DEPARTEMENTAL),,,Plein jour,Hors agglomération,Hors intersection,Normale,Sans collision,,,,,,,,,,,1,1,1,1,7
200500046542,0005-07-12 15:10:00,5,7,12,15,10,780,551.0,LATTRE DE TASSIGNY (AVE,,,Plein jour,En agglomération,Giratoire,Normale,Trois véhicules et plus - en chaîne,,,,,,,,,,,1,2,6,1,4
200500046543,0005-07-15 14:20:00,5,7,15,14,20,780,551.0,"INCONNU, PEREIRE",,,Plein jour,En agglomération,Intersection en T,Normale,Deux véhicules - côté,,,,,,,,,,,1,2,3,1,3
200500046544,0005-07-20 16:40:00,5,7,20,16,40,780,551.0,ROOSEVELT (DU PRESIDENT),,,Plein jour,En agglomération,Intersection en X,Normale,Deux véhicules - côté,,,,,,,,,,,1,2,2,1,3
200500046545,0005-07-21 18:05:00,5,7,21,18,5,780,551.0,"20, PEREIRE",,,Plein jour,En agglomération,Hors intersection,Normale,Sans collision,,,,,,,,,,,1,2,1,1,7
200500046546,0005-07-27 23:50:00,5,7,27,23,50,780,551.0,RN 184,,,Nuit sans éclairage public,Hors agglomération,Hors intersection,Normale,Deux véhicules - côté,,,,,,,,,,,3,1,1,1,3
200500046547,0005-07-07 14:40:00,5,7,7,14,40,780,586.0,BERTEAUX (MAURICE) N°137,,,Plein jour,En agglomération,Hors intersection,Pluie légère,Trois véhicules et plus - en chaîne,,,,,,,,,,,1,2,1,2,4
200500046548,0005-07-08 08:25:00,5,7,8,8,25,780,586.0,TOBROUK,,,Plein jour,En agglomération,Hors intersection,Normale,Deux véhicules - côté,,,,,,,,,,,1,2,1,1,3
200500046549,0005-07-13 22:50:00,5,7,13,22,50,780,586.0,TOCQUEVILLE,,,Nuit avec éclairage allumé,En agglomération,Intersection en X,Normale,Deux véhicules - côté,,,,,,,,,,,5,2,2,1,3
200500046550,0005-07-22 14:00:00,5,7,22,14,0,780,586.0,"84, DE GAULLE (GENERAL)",,,Plein jour,En agglomération,Hors intersection,Normale,Autre collision,,,,,,,,,,,1,2,1,1,6
200500046551,0005-07-27 10:10:00,5,7,27,10,10,780,586.0,PECQ (QUAI DU) N°55 A 18,,,Plein jour,En agglomération,Hors intersection,Normale,Autre collision,,,,,,,,,,,1,2,1,1,6
200500046552,0005-07-03 03:45:00,5,7,3,3,45,780,621.0,NATIONALE 10   (ROUTE),,,Nuit avec éclairage allumé,En agglomération,Intersection à plus de 4 branches,Normale,Deux véhicules - côté,,,,,,,,,,,5,2,5,1,3
200500046553,0005-07-03 17:25:00,5,7,3,17,25,780,621.0,DEPARTEMENTALE 912 (ROUT,,,Plein jour,En agglomération,Hors intersection,Normale,Deux véhicules - arrière,,,,,,,,,,,1,2,1,1,2
200500046554,0005-07-06 10:40:00,5,7,6,10,40,780,621.0,NATIONALE 10   (ROUTE),,,Plein jour,En agglomération,Intersection à plus de 4 branches,Normale,Deux véhicules - arrière,,,,,,,,,,,1,2,5,1,2
200500046555,0005-07-22 17:40:00,5,7,22,17,40,780,621.0,FERMI (AVENUE ENRICO),,,Plein jour,En agglomération,Giratoire,Normale,Deux véhicules - côté,,,,,,,,,,,1,2,6,1,3
200500046556,0005-07-26 11:55:00,5,7,26,11,55,780,621.0,REPUBLIQUE (RUE DE LA),,,Plein jour,En agglomération,Hors intersection,Normale,Deux véhicules - côté,,,,,,,,,,,1,2,1,1,3
200500046557,0005-07-13 14:15:00,5,7,13,14,15,780,640.0,"7 - 9, DEWOITINE (RUE)",,,Plein jour,En agglomération,Hors intersection,Normale,Deux véhicules - côté,,,,,,,,,,,1,2,1,1,3
200500046558,0005-07-02 20:00:00,5,7,2,20,0,780,646.0,"23, CHAMP LAGARDE (RUE)",,,Plein jour,En agglomération,Hors intersection,Normale,Deux véhicules - côté,,,,,,,,,,,1,2,1,1,3
200500046559,0005-07-07 21:25:00,5,7,7,21,25,780,646.0,"Néant, ANJOU (RUE D')",,,Crépuscule ou aube,En agglomération,Intersection en T,Pluie légère,Autre collision,,,,,,,,,,,2,2,3,2,6
200500046560,0005-07-08 11:00:00,5,7,8,11,0,780,646.0,ROCKFELLER (AVENUE),,,Plein jour,En agglomération,Intersection en T,Normale,Trois véhicules et plus - collisions multiples,,,,,,,,,,,1,2,3,1,5
200500046561,0005-07-08 21:40:00,5,7,8,21,40,780,646.0,"neant, SCEAUX (AVENUE DE",,,Plein jour,En agglomération,Hors intersection,Pluie légère,Deux véhicules - côté,,,,,,,,,,,1,2,1,2,3
200500046562,0005-07-11 08:15:00,5,7,11,8,15,780,117.0,JEAN CASALE (AVENUE),,,Plein jour,Hors agglomération,Intersection en T,Normale,Deux véhicules - côté,,,,,,,,,,,1,1,3,1,3
200500046563,0005-07-12 19:00:00,5,7,12,19,0,780,343.0,"NEANT, SIMART (PLACE)",,,Plein jour,En agglomération,Intersection en T,Normale,Deux véhicules - côté,,,,,,,,,,,1,2,3,1,3
200500046564,0005-07-17 23:00:00,5,7,17,23,0,780,646.0,"0, RESERVOIRS (RUE DES)",,,Nuit avec éclairage allumé,En agglomération,Intersection en T,Normale,Autre collision,,,,,,,,,,,5,2,3,1,6
200500046565,0005-07-21 13:25:00,5,7,21,13,25,780,646.0,ROCKFELLER (AVENUE),,,Plein jour,En agglomération,Intersection en X,Normale,Deux véhicules - côté,,,,,,,,,,,1,2,2,1,3
200500046566,0005-07-28 14:00:00,5,7,28,14,0,780,117.0,"0, ROLAND GARROS (AVENUE",,,Plein jour,Hors agglomération,Intersection en T,Pluie légère,Deux véhicules - côté,,,,,,,,,,,1,1,3,2,3
200500046567,0005-07-31 16:55:00,5,7,31,16,55,780,646.0,PORTE VERTE (CARREFOUR D,,,Plein jour,En agglomération,Intersection en X,Normale,Deux véhicules - côté,,,,,,,,,,,1,2,2,1,3
200500046568,0005-07-31 17:30:00,5,7,31,17,30,780,646.0,"NEANT, LOI (PLACE DE LA)",,,Plein jour,En agglomération,Giratoire,Normale,Deux véhicules - arrière,,,,,,,,,,,1,2,6,1,2
200500046569,0005-07-02 23:00:00,5,7,2,23,0,780,190.0,"10, PERON (RUE)",,,Nuit avec éclairage allumé,En agglomération,Hors intersection,Normale,Deux véhicules - côté,,,,,,,,,,,5,2,1,1,3
200500046570,0005-07-13 18:30:00,5,7,13,18,30,780,146.0,"15, MAURICE BERTEAUX (PL",,,Plein jour,En agglomération,Hors intersection,Normale,Autre collision,,,,,,,,,,,1,2,1,1,6
200500046571,0005-07-20 15:00:00,5,7,20,15,0,780,146.0,"53, MAISONS (ROUTE DE)",,,Plein jour,En agglomération,Hors intersection,Pluie légère,Autre collision,,,,,,,,,,,1,2,1,2,6
200500046572,0005-07-03 19:45:00,5,7,3,19,45,790,191.0,COULONGES (ROUTE),,,Plein jour,Hors agglomération,Intersection en X,Normale,Sans collision,,,,,,,,,,,1,1,2,1,7
200500046573,0005-07-23 18:10:00,5,7,23,18,10,790,191.0,"23, RICARD",,,Plein jour,En agglomération,Hors intersection,Normale,Autre collision,,,,,,,,,,,1,2,1,1,6
200500046574,0005-07-21 20:00:00,5,7,21,20,0,790,191.0,"47, BROCHE",,,Plein jour,En agglomération,Intersection en T,Normale,Deux véhicules - côté,,,,,,,,,,,1,2,3,1,3
200500046575,0005-07-01 15:01:00,5,7,1,15,1,790,329.0,"54, RABELAIS (RUE)",,,Plein jour,En agglomération,Hors intersection,Temps couvert,Autre collision,,,,,,,,,,,1,2,1,8,6
200500046576,0005-07-09 17:28:00,5,7,9,17,28,790,329.0,"45, ANATOLE FRANCE (RUE)",,,Plein jour,En agglomération,Intersection en T,Normale,Deux véhicules - arrière,,,,,,,,,,,1,2,3,1,2
200500046577,0005-07-10 22:45:00,5,7,10,22,45,790,329.0,"49, MAISON SECHE (RUE)",,,Nuit avec éclairage allumé,En agglomération,Hors intersection,Normale,Autre collision,,,,,,,,,,,5,2,1,1,6
200500046578,0005-07-02 20:30:00,5,7,2,20,30,800,164.0,"0, EMILE DEBRIE",,,Plein jour,En agglomération,Hors intersection,Normale,Deux véhicules - frontale,,,,,,,,,,,1,2,1,1,1
200500046579,0005-07-03 14:35:00,5,7,3,14,35,800,21.0,"0, BAPAUME (BOULEVARD DE",,,Plein jour,En agglomération,Intersection en X,Normale,Deux véhicules - côté,,,,,,,,,,,1,2,2,1,3
200500046580,0005-07-04 11:55:00,5,7,4,11,55,800,21.0,"0, EUROPE (AVENUE DE L')",,,Plein jour,En agglomération,Hors intersection,Pluie légère,Deux véhicules - frontale,,,,,,,,,,,1,2,1,2,1
200500046581,0005-07-04 17:45:00,5,7,4,17,45,800,21.0,"0, LE NOTRE (RUE)",,,Plein jour,En agglomération,Intersection en X,Normale,Deux véhicules - côté,,,,,,,,,,,1,2,2,1,3
200500046582,0005-07-05 16:00:00,5,7,5,16,0,800,21.0,"0, PAIX (AVENUE DE LA)",,,Plein jour,En agglomération,Hors intersection,Normale,Autre collision,,,,,,,,,,,1,2,1,1,6
200500046583,0005-07-08 17:55:00,5,7,8,17,55,800,21.0,"132, SAINT FUSCIEN (RUE)",,,Plein jour,En agglomération,Hors intersection,Pluie légère,Autre collision,,,,,,,,,,,1,2,1,2,6
200500046584,0005-07-07 05:40:00,5,7,7,5,40,800,21.0,"0, COTTENCHY (RUE DE)",,,Crépuscule ou aube,En agglomération,Intersection en X,Normale,Deux véhicules - côté,,,,,,,,,,,2,2,2,1,3
200500046585,0005-07-11 07:45:00,5,7,11,7,45,800,21.0,"0, PIERRE CORNEILLE (RUE",,,Plein jour,En agglomération,Intersection en X,Normale,Deux véhicules - côté,,,,,,,,,,,1,2,2,1,3
200500046586,0005-07-09 14:55:00,5,7,9,14,55,800,21.0,"0, BRETAGNE (PLACE DE)",,,Plein jour,En agglomération,Hors intersection,Normale,Deux véhicules - côté,,,,,,,,,,,1,2,1,1,3
200500046587,0005-07-16 07:15:00,5,7,16,7,15,800,21.0,QUATORZE JUILLET 1789 (A,,,Plein jour,En agglomération,Hors intersection,Normale,Deux véhicules - côté,,,,,,,,,,,1,2,1,1,3
200500046588,0005-07-17 19:50:00,5,7,17,19,50,800,21.0,"120, SAINT QUENTIN (BOUL",,,Plein jour,En agglomération,Hors intersection,Normale,Sans collision,,,,,,,,,,,1,2,1,1,7
200500046589,0005-07-15 18:40:00,5,7,15,18,40,800,21.0,"161, DEJEAN (RUE)",,,Plein jour,En agglomération,Hors intersection,Normale,Deux véhicules - côté,,,,,,,,,,,1,2,1,1,3
200500046590,0005-07-20 00:50:00,5,7,20,0,50,800,725.0,"39, JEAN JAURES (AVENUE)",,,Nuit avec éclairage allumé,En agglomération,Hors intersection,Normale,Sans collision,,,,,,,,,,,5,2,1,1,7
200500046591,0005-07-23 18:30:00,5,7,23,18,30,800,131.0,"37, ECLUSES (RUE DES)",,,Plein jour,En agglomération,Hors intersection,Normale,Deux véhicules - frontale,,,,,,,,,,,1,2,1,1,1
200500046592,0005-07-21 12:20:00,5,7,21,12,20,800,21.0,RN 25,,,Plein jour,Hors agglomération,Intersection en Y,Normale,Deux véhicules - côté,,,,,,,,,,,1,1,4,1,3