accident_id,datetime,annee,mois,jour,heure,minute,departement,commune_insee,adresse,latitude,longitude,luminosite,agglomeration,intersection,meteo,collision,nb_vehicules,nb_usagers,nb_indemnes,nb_tues,nb_blesses_hosp,nb_blesses_legers,age_cond_1,age_cond_2,veh_type_cond_1,veh_type_cond_2,lum_code,agg_code,int_code,atm_code,col_code
200500046593,0005-07-25 13:10:00,5,7,25,13,10,800,21.0,"0, ROBERT SCHUMAN (RUE)",,,Plein jour,En agglomération,Giratoire,Normale,Deux véhicules - côté,,,,,,,,,,,1,2,6,1,3
200500046594,0005-07-27 18:00:00,5,7,27,18,0,800,21.0,CHATEAUDUN (BOULEVARD DE,,,Plein jour,En agglomération,Intersection à plus de 4 branches,Normale,Deux véhicules - côté,,,,,,,,,,,1,2,5,1,3
200500046595,0005-07-27 17:20:00,5,7,27,17,20,800,21.0,"17, TROIS CAILLOUX (RUE",,,Plein jour,En agglomération,Hors intersection,Pluie forte,Autre collision,,,,,,,,,,,1,2,1,3,6
200500046596,0005-07-28 14:15:00,5,7,28,14,15,800,725.0,"0, ERNEST CAUVIN (RUE)",,,Plein jour,En agglomération,Intersection en Y,Normale,Deux véhicules - côté,,,,,,,,,,,1,2,4,1,3
200500046597,0005-07-28 19:05:00,5,7,28,19,5,800,21.0,"41, ALSACE LORRAINE (BOU",,,Plein jour,En agglomération,Hors intersection,Pluie légère,Deux véhicules - arrière,,,,,,,,,,,1,2,1,2,2
200500046598,0005-07-30 06:50:00,5,7,30,6,50,800,674.0,CORBIE (RUE DE),,,Plein jour,Hors agglomération,Hors intersection,Normale,Sans collision,,,,,,,,,,,1,1,1,1,7
200500046599,0005-07-29 11:35:00,5,7,29,11,35,800,21.0,"8, SAINT LEU (RUE)",,,Plein jour,En agglomération,Hors intersection,Normale,Deux véhicules - arrière,,,,,,,,,,,1,2,1,1,2
200500046600,0005-07-29 17:25:00,5,7,29,17,25,800,21.0,"46, REPUBLIQUE (RUE DE L",,,Plein jour,En agglomération,Hors intersection,Normale,Autre collision,,,,,,,,,,,1,2,1,1,6
200500046601,0005-07-29 17:40:00,5,7,29,17,40,800,164.0,"59, DEPORTES (RUE DES)",,,Plein jour,En agglomération,Hors intersection,Normale,Sans collision,,,,,,,,,,,1,2,1,1,7
200500046602,0005-07-05 15:20:00,5,7,5,15,20,810,4.0,"100, LEBON (PHILIPPE)",,,Plein jour,En agglomération,Intersection en X,Normale,Deux véhicules - côté,,,,,,,,,,,1,2,2,1,3
200500046603,0005-07-08 18:50:00,5,7,8,18,50,810,144.0,BOUTONS D' OR ( RUE DES,,,Plein jour,En agglomération,Intersection en T,Normale,Deux véhicules - côté,,,,,,,,,,,1,2,3,1,3
200500046604,0005-07-09 21:20:00,5,7,9,21,20,810,4.0,"33, GAMBETTA (AV)",,,Plein jour,En agglomération,Hors intersection,Pluie légère,Deux véhicules - côté,,,,,,,,,,,1,2,1,2,3
200500046605,0005-07-21 15:20:00,5,7,21,15,20,810,4.0,", MILLAU (RTE DE) DU N°",,,Plein jour,Hors agglomération,Hors intersection,Normale,Deux véhicules - frontale,,,,,,,,,,,1,1,1,1,1
200500046606,0005-07-29 11:40:00,5,7,29,11,40,810,4.0,"21, GAMBETTA (AV)",,,Plein jour,En agglomération,Intersection en X,Normale,Autre collision,,,,,,,,,,,1,2,2,1,6
200500046607,0005-07-02 00:10:00,5,7,2,0,10,810,33.0,"17, ALBI (AV. D' )",,,Nuit avec éclairage allumé,En agglomération,Intersection en T,Normale,Deux véhicules - côté,,,,,,,,,,,5,2,3,1,3
200500046608,0005-07-05 10:25:00,5,7,5,10,25,810,65.0,GAULLE (AV. CHARLES DE),,,Plein jour,En agglomération,Hors intersection,Normale,Autre collision,,,,,,,,,,,1,2,1,1,6
200500046609,0005-07-07 11:10:00,5,7,7,11,10,810,65.0,MITTERRAND (AV. FRANCOIS,,,Plein jour,En agglomération,Hors intersection,Temps couvert,Deux véhicules - arrière,,,,,,,,,,,1,2,1,8,2
200500046610,0005-07-08 13:55:00,5,7,8,13,55,810,65.0,NATIONALE 112 (RN),,,Plein jour,En agglomération,Giratoire,Normale,Deux véhicules - côté,,,,,,,,,,,1,2,6,1,3
200500046611,0005-07-10 16:40:00,5,7,10,16,40,810,65.0,GAULLE (AV. CHARLES DE),,,Plein jour,En agglomération,Intersection en T,Normale,Deux véhicules - côté,,,,,,,,,,,1,2,3,1,3
200500046612,0005-07-20 07:20:00,5,7,20,7,20,810,65.0,"94, SIDOBRE (AV. DU)",,,Crépuscule ou aube,En agglomération,Hors intersection,Normale,Deux véhicules - côté,,,,,,,,,,,2,2,1,1,3
200500046613,0005-07-18 19:45:00,5,7,18,19,45,810,65.0,GAULLE (AV. CHARLES DE),,,Plein jour,En agglomération,Intersection en T,Normale,Deux véhicules - côté,,,,,,,,,,,1,2,3,1,3
200500046614,0005-07-21 07:10:00,5,7,21,7,10,810,65.0,"94, SIDOBRE (AV. DU)",,,Crépuscule ou aube,En agglomération,Hors intersection,Normale,Sans collision,,,,,,,,,,,2,2,1,1,7
200500046615,0005-07-21 08:20:00,5,7,21,8,20,810,65.0,CORPORAL (CHEMIN DU ),,,Plein jour,Hors agglomération,Intersection en X,Normale,Deux véhicules - côté,,,,,,,,,,,1,1,2,1,3
200500046616,0005-07-22 19:15:00,5,7,22,19,15,810,65.0,BARQUE ( CHEMIN DE LA ),,,Plein jour,Hors agglomération,Intersection en X,Temps éblouissant,Deux véhicules - côté,,,,,,,,,,,1,1,2,7,3
200500046617,0005-07-23 14:00:00,5,7,23,14,0,810,65.0,VILLENEUVE (RUE EMILIE D,,,Plein jour,En agglomération,Intersection en T,Normale,Deux véhicules - arrière,,,,,,,,,,,1,2,3,1,2
200500046618,0005-07-23 16:40:00,5,7,23,16,40,810,105.0,SAINT PAUL (ROUTE DE),,,Plein jour,Hors agglomération,Hors intersection,Normale,Autre collision,,,,,,,,,,,1,1,1,1,6
200500046619,0005-07-22 23:18:00,5,7,22,23,18,820,33.0,"0, COURBIEU (de)",,,Nuit avec éclairage allumé,En agglomération,Intersection en X,Normale,Deux véhicules - côté,,,,,,,,,,,5,2,2,1,3
200500046620,0005-07-30 21:05:00,5,7,30,21,5,820,121.0,LACRA,,,Plein jour,Hors agglomération,Hors intersection,Normale,Autre collision,,,,,,,,,,,1,1,1,1,6
200500046621,0005-07-05 13:45:00,5,7,5,13,45,820,121.0,"0, DOUMERC (BOULEVARD BL",,,Plein jour,En agglomération,Intersection en X,Normale,Deux véhicules - côté,,,,,,,,,,,1,2,2,1,3
200500046622,0005-07-11 19:25:00,5,7,11,19,25,820,121.0,"46, 11EME REGIMENT D'INF",,,Plein jour,En agglomération,Hors intersection,Normale,Deux véhicules - côté,,,,,,,,,,,1,2,1,1,3
200500046623,0005-07-17 23:30:00,5,7,17,23,30,820,121.0,PARIS N 20 (AVENUE DE),,,Nuit avec éclairage allumé,En agglomération,Intersection en X,Normale,Deux véhicules - côté,,,,,,,,,,,5,2,2,1,3
200500046624,0005-07-19 12:50:00,5,7,19,12,50,820,121.0,"360, CHROL (AVENUE DU PE",,,Plein jour,En agglomération,Hors intersection,Normale,Deux véhicules - arrière,,,,,,,,,,,1,2,1,1,2
200500046625,0005-07-20 20:20:00,5,7,20,20,20,820,121.0,"0, LIBERATION (PLACE DE",,,Plein jour,En agglomération,Place,Normale,Deux véhicules - côté,,,,,,,,,,,1,2,7,1,3
200500046626,0005-07-21 14:15:00,5,7,21,14,15,820,121.0,"0, CONSUL DUPUY (ALLEES",,,Plein jour,En agglomération,Intersection en X,Normale,Deux véhicules - arrière,,,,,,,,,,,1,2,2,1,2
200500046627,0005-07-24 01:16:00,5,7,24,1,16,820,121.0,"0, MONTECH (AVENUE DE)",,,Nuit sans éclairage public,Hors agglomération,Hors intersection,Normale,Autre collision,,,,,,,,,,,3,1,1,1,6
200500046628,0005-07-25 17:26:00,5,7,25,17,26,820,121.0,"0, EUROPE (AVENUE DE L')",,,Plein jour,Hors agglomération,Hors intersection,Normale,Deux véhicules - frontale,,,,,,,,,,,1,1,1,1,1
200500046629,0005-07-28 11:48:00,5,7,28,11,48,820,121.0,"0, MOLIERES (ROUTE DE)",,,Plein jour,Hors agglomération,Hors intersection,Normale,Deux véhicules - frontale,,,,,,,,,,,1,1,1,1,1
200500046630,0005-07-06 23:15:00,5,7,6,23,15,820,121.0,"0, MONCLAR (route de )",,,Nuit sans éclairage public,Hors agglomération,Hors intersection,Normale,Trois véhicules et plus - collisions multiples,,,,,,,,,,,3,1,1,1,5
200500046631,0005-07-26 17:15:00,5,7,26,17,15,830,50.0,"883, GRASSE(AVENUE DE)",,,Plein jour,Hors agglomération,Hors intersection,Normale,Deux véhicules - frontale,,,,,,,,,,,1,1,1,1,1
200500046632,0005-07-15 10:30:00,5,7,15,10,30,830,50.0,"434, COL DE L'ANGE(AVENU",,,Plein jour,Hors agglomération,Hors intersection,Normale,Deux véhicules - côté,,,,,,,,,,,1,1,1,1,3
200500046633,0005-07-01 14:25:00,5,7,1,14,25,830,61.0,"0, RN7",,,Plein jour,Hors agglomération,Hors intersection,Normale,Deux véhicules - côté,,,,,,,,,,,1,1,1,1,3
200500046634,0005-07-11 17:45:00,5,7,11,17,45,830,61.0,"0, D37",,,Plein jour,En agglomération,Hors intersection,Normale,Deux véhicules - arrière,,,,,,,,,,,1,2,1,1,2
200500046635,0005-07-12 15:00:00,5,7,12,15,0,830,61.0,AVENUE JEAN-FRANÇOIS MIL,,,Plein jour,En agglomération,Intersection en X,Normale,Deux véhicules - côté,,,,,,,,,,,1,2,2,1,3
200500046636,0005-07-13 16:13:00,5,7,13,16,13,830,61.0,"0, RN7",,,Plein jour,En agglomération,Hors intersection,Normale,Trois véhicules et plus - collisions multiples,,,,,,,,,,,1,2,1,1,5
200500046637,0005-07-05 13:40:00,5,7,5,13,40,830,118.0,"170, AVENUE EUGÈNE FÉLIX",,,Plein jour,En agglomération,Hors intersection,Normale,Deux véhicules - arrière,,,,,,,,,,,1,2,1,1,2
200500046638,0005-07-10 14:00:00,5,7,10,14,0,830,61.0,"142, AVENUE DU QUINZIÈME",,,Plein jour,En agglomération,Intersection en T,Normale,Autre collision,,,,,,,,,,,1,2,3,1,6
200500046639,0005-07-16 23:20:00,5,7,16,23,20,830,61.0,"0, RN7",,,Nuit avec éclairage allumé,En agglomération,Intersection en T,Normale,Deux véhicules - côté,,,,,,,,,,,5,2,3,1,3
200500046640,0005-07-28 17:20:00,5,7,28,17,20,830,61.0,"2639, RN98 ST AYGULF",,,Plein jour,Hors agglomération,Hors intersection,Normale,Deux véhicules - côté,,,,,,,,,,,1,1,1,1,3
200500046641,0005-07-29 15:45:00,5,7,29,15,45,830,61.0,"0, RUE JOSEPH AUBENAS",,,Plein jour,En agglomération,Place,Normale,Deux véhicules - côté,,,,,,,,,,,1,2,7,1,3
200500046642,0005-07-25 22:25:00,5,7,25,22,25,830,118.0,AVENUE DU GÉNÉRAL DE GAU,,,Nuit avec éclairage allumé,En agglomération,Hors intersection,Normale,Autre collision,,,,,,,,,,,5,2,1,1,6
200500046643,0005-07-05 11:05:00,5,7,5,11,5,830,61.0,"0, RN7",,,Plein jour,En agglomération,Hors intersection,Normale,Deux véhicules - arrière,,,,,,,,,,,1,2,1,1,2
200500046644,0005-07-09 13:20:00,5,7,9,13,20,830,61.0,"RN 98, RN98 ST AYGULF",,,Plein jour,Hors agglomération,Hors intersection,Normale,Deux véhicules - arrière,,,,,,,,,,,1,1,1,1,2
200500046645,0005-07-24 05:45:00,5,7,24,5,45,830,69.0,GIENS (ROUTE DE ),,,Crépuscule ou aube,Hors agglomération,Hors intersection,Normale,Trois véhicules et plus - collisions multiples,,,,,,,,,,,2,1,1,1,5
200500046646,0005-07-06 10:15:00,5,7,6,10,15,830,69.0,GIENS (ROUTE DE ),,,Plein jour,Hors agglomération,Hors intersection,Normale,Deux véhicules - côté,,,,,,,,,,,1,1,1,1,3
200500046647,0005-07-27 21:45:00,5,7,27,21,45,830,69.0,FRONT DE MER (BOULEVARD),,,Nuit avec éclairage allumé,Hors agglomération,Hors intersection,Normale,Deux véhicules - frontale,,,,,,,,,,,5,1,1,1,1
200500046648,0005-07-29 17:30:00,5,7,29,17,30,830,69.0,"29, THOMAS (AVENUE AMBRO",,,Plein jour,En agglomération,Hors intersection,Normale,Deux véhicules - frontale,,,,,,,,,,,1,2,1,1,1
200500046649,0005-07-22 14:15:00,5,7,22,14,15,830,69.0,PIERREFEU (ROUTE DE),,,Plein jour,Hors agglomération,Hors intersection,Normale,Deux véhicules - arrière,,,,,,,,,,,1,1,1,1,2
200500046650,0005-07-02 16:50:00,5,7,2,16,50,830,9.0,"765, ALBERT 1ER (AVENUE)",,,Plein jour,En agglomération,Hors intersection,Normale,Autre collision,,,,,,,,,,,1,2,1,1,6
200500046651,0005-07-04 23:25:00,5,7,4,23,25,830,129.0,DE GAULLE (PROMENADE CHA,,,Nuit avec éclairage allumé,En agglomération,Hors intersection,Pluie légère,Autre collision,,,,,,,,,,,5,2,1,2,6
200500046652,0005-07-04 13:20:00,5,7,4,13,20,830,123.0,TOULON (ANCIEN CHEMIN DE,,,Plein jour,En agglomération,Hors intersection,Normale,Deux véhicules - frontale,,,,,,,,,,,1,2,1,1,1
200500046653,0005-07-07 06:05:00,5,7,7,6,5,830,129.0,MIRONDIN (RUE DE),,,Plein jour,En agglomération,Hors intersection,Normale,Sans collision,,,,,,,,,,,1,2,1,1,7
200500046654,0005-07-04 09:35:00,5,7,4,9,35,830,129.0,SABLETTES (ROUTE DES),,,Plein jour,En agglomération,Intersection en X,Normale,Autre collision,,,,,,,,,,,1,2,2,1,6
200500046655,0005-07-12 08:35:00,5,7,12,8,35,830,123.0,"258, BANDOL (ROUTE)N° PA",,,Plein jour,En agglomération,Hors intersection,Normale,Trois véhicules et plus - collisions multiples,,,,,,,,,,,1,2,1,1,5
200500046656,0005-07-12 13:25:00,5,7,12,13,25,830,129.0,"400, DE GAULLE (PROMENAD",,,Plein jour,En agglomération,Hors intersection,Normale,Autre collision,,,,,,,,,,,1,2,1,1,6
200500046657,0005-07-12 18:15:00,5,7,12,18,15,830,9.0,"17, ECOLES (RUE DES)",,,Plein jour,En agglomération,Autre intersection,Normale,Deux véhicules - côté,,,,,,,,,,,1,2,9,1,3
200500046658,0005-07-15 09:00:00,5,7,15,9,0,830,123.0,"824, RAOUL COLETTA (IMP)",,,Plein jour,En agglomération,Hors intersection,Normale,Deux véhicules - frontale,,,,,,,,,,,1,2,1,1,1
200500046659,0005-07-14 19:10:00,5,7,14,19,10,830,123.0,JOSEPH LAUTIER (AVENUE),,,Plein jour,En agglomération,Hors intersection,Normale,Deux véhicules - côté,,,,,,,,,,,1,2,1,1,3
200500046660,0005-07-13 23:20:00,5,7,13,23,20,830,129.0,LAENNEC (AVENUE DE) N° P,,,Nuit avec éclairage allumé,En agglomération,Hors intersection,Normale,Autre collision,,,,,,,,,,,5,2,1,1,6
200500046661,0005-07-19 19:11:00,5,7,19,19,11,830,123.0,GARE (ROUTE),,,Plein jour,En agglomération,Hors intersection,Normale,Deux véhicules - arrière,,,,,,,,,,,1,2,1,1,2
200500046662,0005-07-22 22:00:00,5,7,22,22,0,830,129.0,"52, GUILLEMARD (AV ROBER",,,Nuit avec éclairage allumé,En agglomération,Autre intersection,Normale,Autre collision,,,,,,,,,,,5,2,9,1,6
200500046663,0005-07-23 02:00:00,5,7,23,2,0,830,123.0,BANDOL (ROUTE)N° PAIRS,,,Nuit avec éclairage allumé,En agglomération,Hors intersection,Autre,Autre collision,,,,,,,,,,,5,2,1,9,6
200500046664,0005-07-25 12:55:00,5,7,25,12,55,830,129.0,"854, FONT DE FILLOL (RC",,,Plein jour,En agglomération,Hors intersection,Normale,Autre collision,,,,,,,,,,,1,2,1,1,6
200500046665,0005-07-26 21:25:00,5,7,26,21,25,830,129.0,ALLEGRE (CHE),,,Nuit sans éclairage public,En agglomération,Intersection en X,Normale,Deux véhicules - côté,,,,,,,,,,,3,2,2,1,3
200500046666,0005-07-30 20:20:00,5,7,30,20,20,830,129.0,"313, PALMIERS (AVENUE DE",,,Crépuscule ou aube,En agglomération,Hors intersection,Normale,Deux véhicules - arrière,,,,,,,,,,,2,2,1,1,2
200500046667,0005-07-31 23:55:00,5,7,31,23,55,830,123.0,MARECHAL LECLERC (AVENUE,,,Nuit avec éclairage allumé,En agglomération,Intersection en T,Normale,Deux véhicules - côté,,,,,,,,,,,5,2,3,1,3
200500046668,0005-07-02 16:10:00,5,7,2,16,10,830,126.0,", BRUN (AV ROBERT)",,,Plein jour,En agglomération,Intersection en T,Normale,Autre collision,,,,,,,,,,,1,2,3,1,6
200500046669,0005-07-05 09:05:00,5,7,5,9,5,830,126.0,", RENOIR (AV AUGUSTE)",,,Plein jour,En agglomération,Giratoire,Normale,Autre collision,,,,,,,,,,,1,2,6,1,6
200500046670,0005-07-07 15:20:00,5,7,7,15,20,830,126.0,", APPEL 18 JUIN 1940 (RD",,,Plein jour,En agglomération,Giratoire,Normale,Autre collision,,,,,,,,,,,1,2,6,1,6
200500046671,0005-07-11 14:05:00,5,7,11,14,5,830,126.0,", ROME (ALLEE DE)",,,Plein jour,En agglomération,Hors intersection,Normale,Autre collision,,,,,,,,,,,1,2,1,1,6
200500046672,0005-07-16 14:30:00,5,7,16,14,30,830,126.0,", MARTINI (RUE J BAPTIST",,,Plein jour,En agglomération,Hors intersection,Normale,Autre collision,,,,,,,,,,,1,2,1,1,6
200500046673,0005-07-17 12:45:00,5,7,17,12,45,830,126.0,", PRAIRIE (RUE DE LA)",,,Plein jour,En agglomération,Intersection en T,Normale,Deux véhicules - côté,,,,,,,,,,,1,2,3,1,3
200500046674,0005-07-21 17:40:00,5,7,21,17,40,830,126.0,GAGARINE (AV YOURI),,,Plein jour,En agglomération,Hors intersection,Normale,Trois véhicules et plus - en chaîne,,,,,,,,,,,1,2,1,1,4
200500046675,0005-07-25 12:00:00,5,7,25,12,0,830,126.0,", VERLAQUE (AV NOEL )",,,Plein jour,En agglomération,Hors intersection,Normale,Deux véhicules - côté,,,,,,,,,,,1,2,1,1,3
200500046676,0005-07-28 07:50:00,5,7,28,7,50,830,153.0,", C D 18",,,Plein jour,En agglomération,Hors intersection,Normale,Deux véhicules - côté,,,,,,,,,,,1,2,1,1,3
200500046677,0005-07-29 12:05:00,5,7,29,12,5,830,126.0,", PYROTECHNIE (RD POINT",,,Plein jour,En agglomération,Giratoire,Normale,Deux véhicules - côté,,,,,,,,,,,1,2,6,1,3
200500046678,0005-07-29 17:04:00,5,7,29,17,4,830,126.0,", GRANDE MAISON (ROUTE D",,,Plein jour,En agglomération,Hors intersection,Normale,Deux véhicules - côté,,,,,,,,,,,1,2,1,1,3
200500046679,0005-07-01 18:00:00,5,7,1,18,0,830,137.0,"IGNORE, PRE FAUCHIER (AV",,,Plein jour,En agglomération,Intersection en X,Normale,Deux véhicules - côté,,,,,,,,,,,1,2,2,1,3
200500046680,0005-07-04 11:00:00,5,7,4,11,0,830,137.0,"42, CLEMENCEAU (BD GEORG",,,Plein jour,En agglomération,Hors intersection,Normale,Autre collision,,,,,,,,,,,1,2,1,1,6
200500046681,0005-07-04 20:45:00,5,7,4,20,45,830,137.0,"282, SAINTE CLAIRE DEVIL",,,Crépuscule ou aube,En agglomération,Hors intersection,Normale,Autre collision,,,,,,,,,,,2,2,1,1,6
200500046682,0005-07-04 12:00:00,5,7,4,12,0,830,137.0,"2786, ESCARTEFIGUE (CORN",,,Plein jour,En agglomération,Hors intersection,Normale,Sans collision,,,,,,,,,,,1,2,1,1,7
200500046683,0005-07-01 01:35:00,5,7,1,1,35,830,98.0,", GANZIN (AVENUE DE)",,,Nuit avec éclairage allumé,En agglomération,Hors intersection,Normale,Autre collision,,,,,,,,,,,5,2,1,1,6
200500046684,0005-07-06 17:10:00,5,7,6,17,10,830,137.0,JONQUET (CHEMIN / PONT D,,,Plein jour,En agglomération,Autre intersection,Normale,Deux véhicules - côté,,,,,,,,,,,1,2,9,1,3
200500046685,0005-07-06 15:15:00,5,7,6,15,15,830,144.0,NATIONALE 98 (ANCIENNE R,,,Plein jour,En agglomération,Autre intersection,Normale,Autre collision,,,,,,,,,,,1,2,9,1,6
200500046686,0005-07-10 20:10:00,5,7,10,20,10,830,90.0,SANARY (ROUTE DE),,,Plein jour,Hors agglomération,Hors intersection,Temps couvert,Deux véhicules - côté,,,,,,,,,,,1,1,1,8,3
200500046687,0005-07-09 03:35:00,5,7,9,3,35,830,90.0,"IGNORE, CLOS DU HAUT (CH",,,Nuit avec éclairage allumé,En agglomération,Hors intersection,Normale,Autre collision,,,,,,,,,,,5,2,1,1,6
200500046688,0005-07-08 10:15:00,5,7,8,10,15,830,144.0,"86, LUMIERE (AVE DES FRE",,,Plein jour,En agglomération,Hors intersection,Normale,Deux véhicules - côté,,,,,,,,,,,1,2,1,1,3
200500046689,0005-07-14 22:25:00,5,7,14,22,25,830,137.0,MICHELETC (BD JULES),,,Nuit avec éclairage allumé,En agglomération,Intersection en X,Normale,Deux véhicules - côté,,,,,,,,,,,5,2,2,1,3
200500046690,0005-07-06 03:20:00,5,7,6,3,20,830,98.0,"IGNORE, BROSSET (AVENUE",,,Nuit avec éclairage allumé,En agglomération,Hors intersection,Normale,Autre collision,,,,,,,,,,,5,2,1,1,6
200500046691,0005-07-05 15:05:00,5,7,5,15,5,830,137.0,RESISTANCE (AVE / IMP DE,,,Plein jour,En agglomération,Hors intersection,Normale,Deux véhicules - côté,,,,,,,,,,,1,2,1,1,3
200500046692,0005-07-10 16:30:00,5,7,10,16,30,830,62.0,"891, PLANQUETTE (CHEMIN",,,Plein jour,En agglomération,Hors intersection,Normale,Deux véhicules - côté,,,,,,,,,,,1,2,1,1,3
200500046693,0005-07-22 07:45:00,5,7,22,7,45,830,137.0,"277, BRIAND (AVE ARISTID",,,Plein jour,En agglomération,Hors intersection,Normale,Deux véhicules - arrière,,,,,,,,,,,1,2,1,1,2
200500046694,0005-07-22 19:00:00,5,7,22,19,0,830,90.0,"1217, MONNET (AVE JEAN)",,,Plein jour,Hors agglomération,Hors intersection,Temps éblouissant,Deux véhicules - côté,,,,,,,,,,,1,1,1,7,3
200500046695,0005-07-16 12:58:00,5,7,16,12,58,830,137.0,"2230, GASQUET (AVE JOSEP",,,Plein jour,En agglomération,Hors intersection,Normale,Sans collision,,,,,,,,,,,1,2,1,1,7
200500046696,0005-07-20 20:15:00,5,7,20,20,15,830,62.0,"IGNORE, WATEAU (RUE A)",,,Plein jour,En agglomération,Intersection en T,Normale,Deux véhicules - côté,,,,,,,,,,,1,2,3,1,3
200500046697,0005-07-19 08:27:00,5,7,19,8,27,830,144.0,"IGNORE, BLANC (BD DR EUG",,,Plein jour,Hors agglomération,Hors intersection,Normale,Deux véhicules - côté,,,,,,,,,,,1,1,1,1,3
200500046698,0005-07-19 12:15:00,5,7,19,12,15,830,144.0,"IGNORE, CASTEL (ALLEE JE",,,Plein jour,En agglomération,Intersection en T,Normale,Deux véhicules - côté,,,,,,,,,,,1,2,3,1,3
200500046699,0005-07-06 09:25:00,5,7,6,9,25,830,98.0,"IGNORE, LE LEAP (AVENUE",,,Plein jour,En agglomération,Hors intersection,Normale,Deux véhicules - frontale,,,,,,,,,,,1,2,1,1,1
200500046700,0005-07-22 11:20:00,5,7,22,11,20,830,137.0,"10, GASQUET (AVE JOSEPH",,,Plein jour,En agglomération,Hors intersection,Normale,Deux véhicules - côté,,,,,,,,,,,1,2,1,1,3
200500046701,0005-07-26 16:45:00,5,7,26,16,45,830,90.0,"IGNORE, SEYNE (ROUTE DE",,,Plein jour,En agglomération,Hors intersection,Normale,Deux véhicules - côté,,,,,,,,,,,1,2,1,1,3
200500046702,0005-07-19 17:40:00,5,7,19,17,40,830,137.0,"IGNORE, PICOT (AVE DU CO",,,Plein jour,En agglomération,Intersection en Y,Normale,Deux véhicules - frontale,,,,,,,,,,,1,2,4,1,1
200500046703,0005-07-29 15:50:00,5,7,29,15,50,830,62.0,"IGNORE, QUATRE (CHEMIN)",,,Plein jour,Hors agglomération,Hors intersection,Normale,Autre collision,,,,,,,,,,,1,1,1,1,6
200500046704,0005-07-06 09:10:00,5,7,6,9,10,830,137.0,"IGNORE, CHARCOT (QUAI JE",,,Plein jour,En agglomération,Hors intersection,Normale,Deux véhicules - côté,,,,,,,,,,,1,2,1,1,3
200500046705,0005-07-19 16:20:00,5,7,19,16,20,830,144.0,"169, DUCHATEL (AVE FRANC",,,Plein jour,En agglomération,Giratoire,Normale,Sans collision,,,,,,,,,,,1,2,6,1,7
200500046706,0005-07-29 10:10:00,5,7,29,10,10,830,137.0,"339, BAZEILLES (BD / RON",,,Plein jour,En agglomération,Hors intersection,Temps couvert,Deux véhicules - arrière,,,,,,,,,,,1,2,1,8,2
200500046707,0005-07-02 15:35:00,5,7,2,15,35,840,7.0,MARSILLARGUES (chemin),,,Plein jour,En agglomération,Hors intersection,Normale,Deux véhicules - côté,,,,,,,,,,,1,2,1,1,3
200500046708,0005-07-01 20:35:00,5,7,1,20,35,840,7.0,THIERS (Rue),,,Nuit avec éclairage allumé,En agglomération,Hors intersection,Normale,Deux véhicules - arrière,,,,,,,,,,,5,2,1,1,2
200500046709,0005-07-02 23:35:00,5,7,2,23,35,840,7.0,"160 bis, PIERRE SEMARD (",,,Nuit avec éclairage allumé,En agglomération,Hors intersection,Normale,Autre collision,,,,,,,,,,,5,2,1,1,6
200500046710,0005-07-03 16:10:00,5,7,3,16,10,840,7.0,SAINT LAZARE (Boulevard),,,Plein jour,En agglomération,Intersection en T,Normale,Deux véhicules - côté,,,,,,,,,,,1,2,3,1,3
200500046711,0005-07-05 20:50:00,5,7,5,20,50,840,7.0,"76, MONCLAR (Avenue)",,,Plein jour,En agglomération,Hors intersection,Normale,Deux véhicules - arrière,,,,,,,,,,,1,2,1,1,2
200500046712,0005-07-05 15:55:00,5,7,5,15,55,840,7.0,LIMBERT (Boulevard),,,Plein jour,En agglomération,Hors intersection,Normale,Deux véhicules - arrière,,,,,,,,,,,1,2,1,1,2
200500046713,0005-07-06 22:20:00,5,7,6,22,20,840,7.0,SAINT MICHEL (Boulevard),,,Nuit avec éclairage allumé,En agglomération,Hors intersection,Normale,Deux véhicules - arrière,,,,,,,,,,,5,2,1,1,2
200500046714,0005-07-08 17:00:00,5,7,8,17,0,840,7.0,C.De GAULLE (Rocade),,,Plein jour,En agglomération,Hors intersection,Normale,Autre collision,,,,,,,,,,,1,2,1,1,6
200500046715,0005-07-08 17:15:00,5,7,8,17,15,840,7.0,"67, PIERRE SEMARD (avenu",,,Plein jour,En agglomération,Hors intersection,Pluie légère,Deux véhicules - côté,,,,,,,,,,,1,2,1,2,3
200500046716,0005-07-10 16:10:00,5,7,10,16,10,840,7.0,OULLE (Allées de l'),,,Plein jour,En agglomération,Hors intersection,Normale,Deux véhicules - arrière,,,,,,,,,,,1,2,1,1,2
200500046717,0005-07-13 15:15:00,5,7,13,15,15,840,7.0,PEYROLLERIE (Rue de la),,,Plein jour,En agglomération,Hors intersection,Normale,Autre collision,,,,,,,,,,,1,2,1,1,6
200500046718,0005-07-13 15:57:00,5,7,13,15,57,840,7.0,ROYAUME et DALADIER (Pon,,,Plein jour,En agglomération,Hors intersection,Normale,Deux véhicules - arrière,,,,,,,,,,,1,2,1,1,2
200500046719,0005-07-13 19:50:00,5,7,13,19,50,840,7.0,SAINT MICHEL (Boulevard),,,Plein jour,En agglomération,Hors intersection,Normale,Autre collision,,,,,,,,,,,1,2,1,1,6
200500046720,0005-07-14 06:35:00,5,7,14,6,35,840,7.0,CARDINAL BERTRAND (Cours,,,Plein jour,En agglomération,Hors intersection,Normale,Deux véhicules - côté,,,,,,,,,,,1,2,1,1,3
200500046721,0005-07-15 18:15:00,5,7,15,18,15,840,7.0,C.De GAULLE (Rocade),,,Plein jour,En agglomération,Intersection en X,Normale,Deux véhicules - côté,,,,,,,,,,,1,2,2,1,3