accident_id,datetime,annee,mois,jour,heure,minute,departement,commune_insee,adresse,latitude,longitude,luminosite,agglomeration,intersection,meteo,collision,nb_vehicules,nb_usagers,nb_indemnes,nb_tues,nb_blesses_hosp,nb_blesses_legers,age_cond_1,age_cond_2,veh_type_cond_1,veh_type_cond_2,lum_code,agg_code,int_code,atm_code,col_code
200500046853,0005-07-13 15:10:00,5,7,13,15,10,910,114.0,MONTGERON (RUE DE),,,Plein jour,En agglomération,Hors intersection,Normale,Deux véhicules - côté,,,,,,,,,,,1,2,1,1,3
200500046854,0005-07-24 21:45:00,5,7,24,21,45,910,631.0,"0, LIBERATION (RUE DE LA",,,Crépuscule ou aube,En agglomération,Intersection en T,Normale,Deux véhicules - côté,,,,,,,,,,,2,2,3,1,3
200500046855,0005-07-04 10:55:00,5,7,4,10,55,910,215.0,HUIT MAI QUARANTE CINQ (,,,Plein jour,En agglomération,Hors intersection,Pluie légère,Autre collision,,,,,,,,,,,1,2,1,2,6
200500046856,0005-07-02 22:30:00,5,7,2,22,30,910,174.0,"70, DUNANT ( BD HENRI)",,,Nuit avec éclairage allumé,En agglomération,Hors intersection,Normale,Trois véhicules et plus - en chaîne,,,,,,,,,,,5,2,1,1,4
200500046857,0005-07-03 18:00:00,5,7,3,18,0,910,174.0,"1, JOYEUX (RUE LOUIS)",,,Plein jour,En agglomération,Hors intersection,Temps éblouissant,Deux véhicules - frontale,,,,,,,,,,,1,2,1,7,1
200500046858,0005-07-12 19:10:00,5,7,12,19,10,910,174.0,"0, Armée PATTON(Pont de",,,Plein jour,En agglomération,Hors intersection,Normale,Autre collision,,,,,,,,,,,1,2,1,1,6
200500046859,0005-07-12 09:30:00,5,7,12,9,30,910,174.0,"51, DUNANT ( BD HENRI)",,,Plein jour,En agglomération,Hors intersection,Normale,Deux véhicules - arrière,,,,,,,,,,,1,2,1,1,2
200500046860,0005-07-21 21:20:00,5,7,21,21,20,910,174.0,"0, MAINTENANT(RUE PAUL)",,,Plein jour,En agglomération,Giratoire,Normale,Deux véhicules - côté,,,,,,,,,,,1,2,6,1,3
200500046861,0005-07-27 19:25:00,5,7,27,19,25,910,174.0,"0, PLACE SAINT LEONARD",,,Plein jour,En agglomération,Giratoire,Normale,Deux véhicules - côté,,,,,,,,,,,1,2,6,1,3
200500046862,0005-07-04 15:15:00,5,7,4,15,15,910,657.0,PIERRE BROSSOLETTE (RUE),,,Plein jour,En agglomération,Hors intersection,Normale,Deux véhicules - arrière,,,,,,,,,,,1,2,1,1,2
200500046863,0005-07-15 17:40:00,5,7,15,17,40,910,201.0,HENRI BARBUSSE(BOULEVARD,,,Plein jour,En agglomération,Hors intersection,Normale,Deux véhicules - arrière,,,,,,,,,,,1,2,1,1,2
200500046864,0005-07-21 12:35:00,5,7,21,12,35,910,201.0,EUGENE DELACROIX(AVENUE),,,Plein jour,En agglomération,Hors intersection,Normale,Autre collision,,,,,,,,,,,1,2,1,1,6
200500046865,0005-07-22 16:25:00,5,7,22,16,25,910,657.0,HENRI ROSSIGNOL (RUE) (E,,,Plein jour,En agglomération,Hors intersection,Normale,Autre collision,,,,,,,,,,,1,2,1,1,6
200500046866,0005-07-29 14:20:00,5,7,29,14,20,910,201.0,HENRI BARBUSSE(BOULEVARD,,,Plein jour,En agglomération,Hors intersection,Normale,Autre collision,,,,,,,,,,,1,2,1,1,6
200500046867,0005-07-26 13:35:00,5,7,26,13,35,910,223.0,SAINTE-CROIX (RUE),,,Plein jour,Hors agglomération,Hors intersection,Normale,Deux véhicules - côté,,,,,,,,,,,1,1,1,1,3
200500046868,0005-07-02 15:20:00,5,7,2,15,20,910,228.0,"., EUROPE (BD) N) IMPAIR",,,Plein jour,En agglomération,Hors intersection,Normale,Deux véhicules - côté,,,,,,,,,,,1,2,1,1,3
200500046869,0005-07-02 20:45:00,5,7,2,20,45,910,228.0,"., CHAMPS ELYSEES(BD) N°",,,Plein jour,En agglomération,Hors intersection,Normale,Deux véhicules - arrière,,,,,,,,,,,1,2,1,1,2
200500046870,0005-07-07 16:50:00,5,7,7,16,50,910,228.0,"., PAVEURS (RUE DES)",,,Plein jour,En agglomération,Hors intersection,Normale,Deux véhicules - côté,,,,,,,,,,,1,2,1,1,3
200500046871,0005-07-10 07:05:00,5,7,10,7,5,910,228.0,"., EUROPE (BD) N° PAIRS",,,Plein jour,En agglomération,Hors intersection,Normale,Autre collision,,,,,,,,,,,1,2,1,1,6
200500046872,0005-07-12 18:05:00,5,7,12,18,5,910,521.0,"., LIBERATION (AVENUE DE",,,Plein jour,En agglomération,Hors intersection,Normale,Deux véhicules - arrière,,,,,,,,,,,1,2,1,1,2
200500046873,0005-07-12 19:50:00,5,7,12,19,50,910,228.0,"., LIBERTE (AVENUE DE LA",,,Plein jour,En agglomération,Hors intersection,Normale,Deux véhicules - côté,,,,,,,,,,,1,2,1,1,3
200500046874,0005-07-15 01:00:00,5,7,15,1,0,910,228.0,"., RN7",,,Nuit sans éclairage public,En agglomération,Hors intersection,Normale,Autre collision,,,,,,,,,,,3,2,1,1,6
200500046875,0005-07-25 14:45:00,5,7,25,14,45,910,228.0,"., MONTESPAN (RUE)",,,Plein jour,En agglomération,Hors intersection,Normale,Deux véhicules - frontale,,,,,,,,,,,1,2,1,1,1
200500046876,0005-07-27 15:00:00,5,7,27,15,0,910,521.0,"., REMY (RUE ALBERT)",,,Plein jour,En agglomération,Hors intersection,Normale,Autre collision,,,,,,,,,,,1,2,1,1,6
200500046877,0005-07-28 09:45:00,5,7,28,9,45,910,228.0,MARECHAL LECLERC (BD),,,Plein jour,En agglomération,Hors intersection,Normale,Deux véhicules - arrière,,,,,,,,,,,1,2,1,1,2
200500046878,0005-07-17 15:30:00,5,7,17,15,30,910,286.0,"237, NATIONALE 7 (ROUTE)",,,Plein jour,En agglomération,Hors intersection,Normale,Deux véhicules - frontale,,,,,,,,,,,1,2,1,1,1
200500046879,0005-07-22 07:05:00,5,7,22,7,5,910,326.0,"0, MONTTESSUY (RUE DE)",,,Plein jour,En agglomération,Hors intersection,Normale,Deux véhicules - côté,,,,,,,,,,,1,2,1,1,3
200500046880,0005-07-03 21:00:00,5,7,3,21,0,910,434.0,"101, JUVISY (AVENUE DE)",,,Plein jour,En agglomération,Hors intersection,Normale,Deux véhicules - frontale,,,,,,,,,,,1,2,1,1,1
200500046881,0005-07-08 19:30:00,5,7,8,19,30,910,286.0,"18, SABLONS (AVENUE DES)",,,Plein jour,En agglomération,Hors intersection,Normale,Autre collision,,,,,,,,,,,1,2,1,1,6
200500046882,0005-07-28 09:50:00,5,7,28,9,50,910,687.0,"000, CARNOT (RUE)",,,Plein jour,En agglomération,Intersection en T,Normale,Autre collision,,,,,,,,,,,1,2,3,1,6
200500046883,0005-07-01 11:05:00,5,7,1,11,5,910,691.0,"32, CONCY(RUE)",,,Plein jour,En agglomération,Intersection en X,Normale,Sans collision,,,,,,,,,,,1,2,2,1,7
200500046884,0005-07-04 15:30:00,5,7,4,15,30,910,421.0,"25, CHARLES DE GAULLE (A",,,Plein jour,En agglomération,Intersection en T,Normale,Deux véhicules - côté,,,,,,,,,,,1,2,3,1,3
200500046885,0005-07-06 11:40:00,5,7,6,11,40,910,191.0,"1, JEAN JAURES (AVENUE)",,,Plein jour,En agglomération,Intersection en X,Normale,Deux véhicules - côté,,,,,,,,,,,1,2,2,1,3
200500046886,0005-07-09 21:30:00,5,7,9,21,30,910,421.0,NATIONALE 6 (GLACIERE),,,Crépuscule ou aube,Hors agglomération,Hors intersection,Normale,Sans collision,,,,,,,,,,,2,1,1,1,7
200500046887,0005-07-12 02:00:00,5,7,12,2,0,910,421.0,NATIONALE 6 (GLACIERE),,,Nuit avec éclairage allumé,Hors agglomération,Hors intersection,Normale,Autre collision,,,,,,,,,,,5,1,1,1,6
200500046888,0005-07-13 03:45:00,5,7,13,3,45,910,421.0,NATIONALE 6 (CES POMPIDO,,,Nuit avec éclairage allumé,Hors agglomération,Hors intersection,Normale,Sans collision,,,,,,,,,,,5,1,1,1,7
200500046889,0005-07-13 16:50:00,5,7,13,16,50,910,421.0,"32, GENERAL LECLERC (RUE",,,Plein jour,En agglomération,Hors intersection,Normale,Deux véhicules - frontale,,,,,,,,,,,1,2,1,1,1
200500046890,0005-07-15 11:00:00,5,7,15,11,0,910,691.0,"191, GENERAL LECLER(RUE)",,,Crépuscule ou aube,En agglomération,Intersection en T,Normale,Deux véhicules - côté,,,,,,,,,,,2,2,3,1,3
200500046891,0005-07-18 14:00:00,5,7,18,14,0,910,691.0,"22, MARCEAU BAILLIOTI(RU",,,Plein jour,En agglomération,Hors intersection,Normale,Deux véhicules - arrière,,,,,,,,,,,1,2,1,1,2
200500046892,0005-07-29 21:20:00,5,7,29,21,20,910,421.0,"150, REPUBLIQUE (AVENUE",,,Crépuscule ou aube,En agglomération,Intersection en T,Normale,Deux véhicules - côté,,,,,,,,,,,2,2,3,1,3
200500046893,0005-07-30 00:05:00,5,7,30,0,5,910,421.0,"50, CHARLES DE GAULLE (A",,,Nuit avec éclairage allumé,En agglomération,Hors intersection,Normale,Autre collision,,,,,,,,,,,5,2,1,1,6
200500046894,0005-07-30 10:55:00,5,7,30,10,55,910,691.0,"19, RAYMOND POINCARE(RUE",,,Plein jour,En agglomération,Intersection en X,Normale,Deux véhicules - arrière,,,,,,,,,,,1,2,2,1,2
200500046895,0005-07-31 21:50:00,5,7,31,21,50,910,421.0,NATIONALE 6 (CES POMPIDO,,,Crépuscule ou aube,Hors agglomération,Hors intersection,Normale,Trois véhicules et plus - collisions multiples,,,,,,,,,,,2,1,1,1,5
200500046896,0005-07-03 13:05:00,5,7,3,13,5,910,477.0,"51, PARIS (RUE DE)",,,Plein jour,En agglomération,Hors intersection,Normale,Trois véhicules et plus - collisions multiples,,,,,,,,,,,1,2,1,1,5
200500046897,0005-07-03 08:40:00,5,7,3,8,40,910,471.0,MONTJAY (AVENUE DE),,,Plein jour,En agglomération,Intersection en X,Normale,Deux véhicules - côté,,,,,,,,,,,1,2,2,1,3
200500046898,0005-07-04 15:00:00,5,7,4,15,0,910,477.0,STALINGRAD (AVENUE DE),,,Plein jour,En agglomération,Intersection en T,Normale,Deux véhicules - côté,,,,,,,,,,,1,2,3,1,3
200500046899,0005-07-10 19:32:00,5,7,10,19,32,910,64.0,"25,  Léon MIGNOTTE (rue)",,,Plein jour,En agglomération,Hors intersection,Normale,Deux véhicules - côté,,,,,,,,,,,1,2,1,1,3
200500046900,0005-07-15 18:30:00,5,7,15,18,30,910,692.0,"Bât B, MORVAN (RUE DU)",,,Plein jour,En agglomération,Hors intersection,Normale,Deux véhicules - côté,,,,,,,,,,,1,2,1,1,3
200500046901,0005-07-23 19:05:00,5,7,23,19,5,910,122.0,"76, GOMETZ (RUE DE)",,,Plein jour,En agglomération,Intersection en T,Normale,Deux véhicules - frontale,,,,,,,,,,,1,2,3,1,1
200500046902,0005-07-27 17:30:00,5,7,27,17,30,910,477.0,CD 128,,,Plein jour,Hors agglomération,Intersection en X,Normale,Deux véhicules - côté,,,,,,,,,,,1,1,2,1,3
200500046903,0005-07-08 16:15:00,5,7,8,16,15,910,549.0,CORBEIL (ROUTE DE),,,Plein jour,En agglomération,Hors intersection,Normale,Sans collision,,,,,,,,,,,1,2,1,1,7
200500046904,0005-07-13 09:40:00,5,7,13,9,40,910,549.0,LONGPONT (ROUTE DE),,,Plein jour,En agglomération,Hors intersection,Normale,Deux véhicules - côté,,,,,,,,,,,1,2,1,1,3
200500046905,0005-07-17 05:55:00,5,7,17,5,55,910,667.0,"03, MORSANG (RUE)",,,Plein jour,En agglomération,Hors intersection,Normale,Autre collision,,,,,,,,,,,1,2,1,1,6
200500046906,0005-07-17 17:35:00,5,7,17,17,35,910,570.0,"42, MONTLHERY (RUE)",,,Plein jour,En agglomération,Hors intersection,Normale,Sans collision,,,,,,,,,,,1,2,1,1,7
200500046907,0005-07-02 19:00:00,5,7,2,19,0,910,432.0,SAVIGNY (RUE DE),,,Plein jour,En agglomération,Intersection à plus de 4 branches,Normale,Deux véhicules - côté,,,,,,,,,,,1,2,5,1,3
200500046908,0005-07-10 11:10:00,5,7,10,11,10,910,589.0,"CD 25, DUNANT (RUE HENRI",,,Plein jour,En agglomération,Intersection en T,Normale,Deux véhicules - côté,,,,,,,,,,,1,2,3,1,3
200500046909,0005-07-19 16:28:00,5,7,19,16,28,910,432.0,"11-13, DE LESSEPS (AVENU",,,Plein jour,En agglomération,Hors intersection,Normale,Deux véhicules - arrière,,,,,,,,,,,1,2,1,1,2
200500046910,0005-07-10 13:05:00,5,7,10,13,5,920,2.0,"76, PRESIDENT KENNEDY (5",,,Plein jour,En agglomération,Hors intersection,Normale,Deux véhicules - côté,,,,,,,,,,,1,2,1,1,3
200500046911,0005-07-11 11:30:00,5,7,11,11,30,920,2.0,"115, DIVISION LECLERC (5",,,Plein jour,En agglomération,Hors intersection,Normale,Deux véhicules - côté,,,,,,,,,,,1,2,1,1,3
200500046912,0005-07-21 07:05:00,5,7,21,7,5,920,2.0,"., DIVISION LECLERC (1 A",,,Plein jour,En agglomération,Intersection en X,Normale,Deux véhicules - côté,,,,,,,,,,,1,2,2,1,3
200500046913,0005-07-03 19:35:00,5,7,3,19,35,920,4.0,"27, HENRI POINCARE",,,Plein jour,En agglomération,Autre intersection,Normale,Trois véhicules et plus - en chaîne,,,,,,,,,,,1,2,9,1,4
200500046914,0005-07-04 17:35:00,5,7,4,17,35,920,4.0,"44, MARNE   ( AVENUE DE",,,Plein jour,En agglomération,Hors intersection,Normale,Autre collision,,,,,,,,,,,1,2,1,1,6
200500046915,0005-07-05 20:30:00,5,7,5,20,30,920,4.0,HENRI POINCARE,,,Plein jour,En agglomération,Hors intersection,Normale,Autre collision,,,,,,,,,,,1,2,1,1,6
200500046916,0005-07-06 17:40:00,5,7,6,17,40,920,4.0,"15, DOCTEUR DERVAUX  ( Q",,,Plein jour,En agglomération,Hors intersection,Normale,Autre collision,,,,,,,,,,,1,2,1,1,6
200500046917,0005-07-07 13:00:00,5,7,7,13,0,920,4.0,"17, AULAGNIER ( QUAI )",,,Plein jour,En agglomération,Hors intersection,Pluie légère,Deux véhicules - arrière,,,,,,,,,,,1,2,1,2,2
200500046918,0005-07-08 07:40:00,5,7,8,7,40,920,4.0,BOURGUIGNONS (RUE 2 A 10,,,Plein jour,En agglomération,Hors intersection,Normale,Autre collision,,,,,,,,,,,1,2,1,1,6
200500046919,0005-07-11 17:10:00,5,7,11,17,10,920,4.0,FAIDHERBE ( AVENUE ),,,Plein jour,En agglomération,Autre intersection,Normale,Autre collision,,,,,,,,,,,1,2,9,1,6
200500046920,0005-07-19 10:00:00,5,7,19,10,0,920,4.0,"61, COLOMBES ( RUE DE 31",,,Plein jour,En agglomération,Intersection en X,Normale,Autre collision,,,,,,,,,,,1,2,2,1,6
200500046921,0005-07-21 14:40:00,5,7,21,14,40,920,9.0,"9, ADOLPHE GUYOT ( RUE",,,Plein jour,En agglomération,Intersection en X,Vent fort / tempête,Autre collision,,,,,,,,,,,1,2,2,6,6
200500046922,0005-07-21 12:15:00,5,7,21,12,15,920,4.0,DOCTEUR DERVAUX  ( QUAI,,,Plein jour,En agglomération,Hors intersection,Normale,Autre collision,,,,,,,,,,,1,2,1,1,6
200500046923,0005-07-24 21:00:00,5,7,24,21,0,920,4.0,VOLTAIRE ( BD ),,,Crépuscule ou aube,En agglomération,Intersection en T,Normale,Deux véhicules - côté,,,,,,,,,,,2,2,3,1,3
200500046924,0005-07-28 11:55:00,5,7,28,11,55,920,4.0,"1, VOLTAIRE ( BD )",,,Plein jour,En agglomération,Autre intersection,Normale,Autre collision,,,,,,,,,,,1,2,9,1,6
200500046925,0005-07-28 22:55:00,5,7,28,22,55,920,4.0,PONT DE CLICHY,,,Nuit avec éclairage allumé,En agglomération,Intersection en X,Normale,Autre collision,,,,,,,,,,,5,2,2,1,6
200500046926,0005-07-29 14:00:00,5,7,29,14,0,920,9.0,MARNE   ( AVENUE DE LA ),,,Plein jour,En agglomération,Intersection en X,Normale,Autre collision,,,,,,,,,,,1,2,2,1,6
200500046927,0005-07-29 18:45:00,5,7,29,18,45,920,9.0,"1, MARNE   ( AVENUE DE L",,,Plein jour,En agglomération,Intersection en X,Normale,Autre collision,,,,,,,,,,,1,2,2,1,6
200500046928,0005-07-30 12:25:00,5,7,30,12,25,920,9.0,"9, BAS ( RUE DES )",,,Plein jour,En agglomération,Hors intersection,Pluie légère,Autre collision,,,,,,,,,,,1,2,1,2,6
200500046929,0005-07-01 12:00:00,5,7,1,12,0,920,7.0,"125, RAVERA (AVENUE HENR",,,Plein jour,En agglomération,Intersection en T,Normale,Deux véhicules - arrière,,,,,,,,,,,1,2,3,1,2
200500046930,0005-07-14 18:50:00,5,7,14,18,50,920,7.0,"12, PASTEUR (AVENUE LOUI",,,Plein jour,En agglomération,Intersection en X,Normale,Autre collision,,,,,,,,,,,1,2,2,1,6
200500046931,0005-07-17 15:00:00,5,7,17,15,0,920,7.0,"195, RAVERA (AVENUE HENR",,,Plein jour,En agglomération,Hors intersection,Normale,Deux véhicules - côté,,,,,,,,,,,1,2,1,1,3
200500046932,0005-07-21 15:40:00,5,7,21,15,40,920,7.0,"1AB, JAURES (AVENUE JEAN",,,Plein jour,En agglomération,Hors intersection,Normale,Deux véhicules - arrière,,,,,,,,,,,1,2,1,1,2
200500046933,0005-07-23 17:45:00,5,7,23,17,45,920,7.0,"96, BRIAND (AVENUE ARIST",,,Plein jour,En agglomération,Hors intersection,Normale,Autre collision,,,,,,,,,,,1,2,1,1,6
200500046934,0005-07-04 07:10:00,5,7,4,7,10,920,12.0,"10 bis, JEAN JAURES (BOU",,,Plein jour,En agglomération,Hors intersection,Pluie forte,Deux véhicules - côté,,,,,,,,,,,1,2,1,3,3
200500046935,0005-07-04 18:10:00,5,7,4,18,10,920,12.0,"27, GALLIENI (RUE) 55/15",,,Plein jour,En agglomération,Hors intersection,Normale,Deux véhicules - côté,,,,,,,,,,,1,2,1,1,3
200500046936,0005-07-05 07:50:00,5,7,5,7,50,920,12.0,GALLIENI (RUE) 142/FIN,,,Plein jour,En agglomération,Intersection en X,Normale,Autre collision,,,,,,,,,,,1,2,2,1,6
200500046937,0005-07-06 00:10:00,5,7,6,0,10,920,12.0,"1, REINE (ROUTE DE LA) 3",,,Nuit avec éclairage allumé,En agglomération,Hors intersection,Pluie légère,Autre collision,,,,,,,,,,,5,2,1,2,6
200500046938,0005-07-07 18:15:00,5,7,7,18,15,920,12.0,"100, REINE (ROUTE DE LA)",,,Plein jour,En agglomération,Intersection en X,Pluie légère,Deux véhicules - côté,,,,,,,,,,,1,2,2,2,3
200500046939,0005-07-11 07:20:00,5,7,11,7,20,920,12.0,"1, POINT DU JOUR (QUAI D",,,Plein jour,En agglomération,Hors intersection,Normale,Deux véhicules - côté,,,,,,,,,,,1,2,1,1,3
200500046940,0005-07-10 01:20:00,5,7,10,1,20,920,12.0,"69, EDOUARD VAILLANT (AV",,,Nuit avec éclairage allumé,En agglomération,Hors intersection,Normale,Deux véhicules - arrière,,,,,,,,,,,5,2,1,1,2
200500046941,0005-07-11 09:45:00,5,7,11,9,45,920,12.0,"139, BILLANCOURT (RUE DE",,,Plein jour,En agglomération,Hors intersection,Normale,Autre collision,,,,,,,,,,,1,2,1,1,6
200500046942,0005-07-13 18:12:00,5,7,13,18,12,920,12.0,"901, STALINGRAD (QUAI DE",,,Plein jour,En agglomération,Hors intersection,Normale,Trois véhicules et plus - en chaîne,,,,,,,,,,,1,2,1,1,4
200500046943,0005-07-16 15:45:00,5,7,16,15,45,920,12.0,"32, GENERAL LECLERC (AVE",,,Plein jour,En agglomération,Hors intersection,Normale,Autre collision,,,,,,,,,,,1,2,1,1,6
200500046944,0005-07-19 19:34:00,5,7,19,19,34,920,12.0,"1, ALPHONSE LE GALLO (QU",,,Crépuscule ou aube,En agglomération,Hors intersection,Normale,Autre collision,,,,,,,,,,,2,2,1,1,6
200500046945,0005-07-20 07:55:00,5,7,20,7,55,920,12.0,PIERRE GRENIER (AVENUE),,,Plein jour,En agglomération,Intersection en T,Normale,Deux véhicules - côté,,,,,,,,,,,1,2,3,1,3
200500046946,0005-07-21 08:45:00,5,7,21,8,45,920,12.0,"18/20, SEVRES (RUE DE) 1",,,Plein jour,En agglomération,Hors intersection,Normale,Deux véhicules - côté,,,,,,,,,,,1,2,1,1,3
200500046947,0005-07-21 21:30:00,5,7,21,21,30,920,12.0,"1, CHARLES DE GAULLE (AV",,,Nuit sans éclairage public,En agglomération,Intersection en X,Normale,Deux véhicules - côté,,,,,,,,,,,3,2,2,1,3
200500046948,0005-07-21 21:50:00,5,7,21,21,50,920,12.0,"1, ANDRE MORIZET (AVENUE",,,Nuit avec éclairage allumé,En agglomération,Intersection en X,Normale,Autre collision,,,,,,,,,,,5,2,2,1,6
200500046949,0005-07-22 19:00:00,5,7,22,19,0,920,12.0,"273, JEAN JAURES (BOULEV",,,Plein jour,En agglomération,Hors intersection,Normale,Autre collision,,,,,,,,,,,1,2,1,1,6
200500046950,0005-07-22 13:30:00,5,7,22,13,30,920,12.0,"164, JEAN JAURES (BOULEV",,,Plein jour,En agglomération,Hors intersection,Normale,Autre collision,,,,,,,,,,,1,2,1,1,6
200500046951,0005-07-24 15:20:00,5,7,24,15,20,920,12.0,"1, VICTOR HUGO (AVENUE)",,,Plein jour,En agglomération,Intersection en X,Normale,Autre collision,,,,,,,,,,,1,2,2,1,6
200500046952,0005-07-26 12:30:00,5,7,26,12,30,920,12.0,JEAN JAURES (BOULEVARD),,,Plein jour,En agglomération,Intersection en T,Normale,Deux véhicules - côté,,,,,,,,,,,1,2,3,1,3
200500046953,0005-07-31 20:20:00,5,7,31,20,20,920,12.0,"1, GALLIENI (RUE) 142/FI",,,Plein jour,En agglomération,Hors intersection,Normale,Autre collision,,,,,,,,,,,1,2,1,1,6
200500046954,0005-07-29 15:02:00,5,7,29,15,2,920,12.0,"1, CHARLES DE GAULLE (AV",,,Plein jour,En agglomération,Hors intersection,Temps couvert,Autre collision,,,,,,,,,,,1,2,1,8,6
200500046955,0005-07-02 10:40:00,5,7,2,10,40,920,32.0,BLANCHARD (RUE),,,Plein jour,En agglomération,Intersection en X,Normale,Deux véhicules - côté,,,,,,,,,,,1,2,2,1,3
200500046956,0005-07-06 11:25:00,5,7,6,11,25,920,32.0,BOUCICAUT (RUE),,,Plein jour,En agglomération,Intersection en X,Normale,Deux véhicules - frontale,,,,,,,,,,,1,2,2,1,1
200500046957,0005-07-16 16:15:00,5,7,16,16,15,920,19.0,"3, LOUP PENDU CHEMIN)",,,Plein jour,En agglomération,Hors intersection,Normale,Autre collision,,,,,,,,,,,1,2,1,1,6
200500046958,0005-07-17 18:35:00,5,7,17,18,35,920,71.0,PERRAULT CLAUDE (AVENUE),,,Plein jour,En agglomération,Intersection en X,Normale,Deux véhicules - côté,,,,,,,,,,,1,2,2,1,3
200500046959,0005-07-04 05:50:00,5,7,4,5,50,920,23.0,"449, GENERAL DE GAULLE (",,,Crépuscule ou aube,En agglomération,Hors intersection,Pluie forte,Deux véhicules - arrière,,,,,,,,,,,2,2,1,3,2
200500046960,0005-07-04 10:10:00,5,7,4,10,10,920,23.0,"., CLAUDE TREBIGNAUD (AV",,,Plein jour,En agglomération,Hors intersection,Pluie légère,Deux véhicules - arrière,,,,,,,,,,,1,2,1,2,2
200500046961,0005-07-09 16:30:00,5,7,9,16,30,920,23.0,GENERAL DE GAULLE (AV DU,,,Plein jour,En agglomération,Intersection en X,Normale,Deux véhicules - côté,,,,,,,,,,,1,2,2,1,3
200500046962,0005-07-28 16:10:00,5,7,28,16,10,920,60.0,CHARLES DE GAULLE (AVENU,,,Plein jour,En agglomération,Autre intersection,Pluie légère,Autre collision,,,,,,,,,,,1,2,9,2,6
200500046963,0005-07-06 18:40:00,5,7,6,18,40,920,24.0,"70, VICTOR HUGO (BD)",,,Plein jour,En agglomération,Intersection en T,Normale,Trois véhicules et plus - collisions multiples,,,,,,,,,,,1,2,3,1,5
200500046964,0005-07-11 19:00:00,5,7,11,19,0,920,24.0,FERNAND PELLOUTIER (RUE),,,Plein jour,En agglomération,Intersection en X,Normale,Deux véhicules - arrière,,,,,,,,,,,1,2,2,1,2
200500046965,0005-07-12 00:05:00,5,7,12,0,5,920,24.0,"75, GENERAL LECLERC (RUE",,,Nuit avec éclairage non allumé,En agglomération,Intersection en X,Normale,Deux véhicules - côté,,,,,,,,,,,4,2,2,1,3
200500046966,0005-07-29 14:35:00,5,7,29,14,35,920,24.0,"45, JEAN JAURES (BD) DE",,,Plein jour,En agglomération,Intersection en X,Normale,Deux véhicules - côté,,,,,,,,,,,1,2,2,1,3
200500046967,0005-07-02 16:40:00,5,7,2,16,40,920,25.0,"73, MARCEAU (BD)",,,Plein jour,En agglomération,Hors intersection,Normale,Autre collision,,,,,,,,,,,1,2,1,1,6
200500046968,0005-07-04 17:30:00,5,7,4,17,30,920,25.0,"94, HENRI BARBUSSE (AV)",,,Plein jour,En agglomération,Hors intersection,Normale,Autre collision,,,,,,,,,,,1,2,1,1,6
200500046969,0005-07-04 20:05:00,5,7,4,20,5,920,25.0,"153, ESTIENNE D'ORVES (R",,,Plein jour,En agglomération,Hors intersection,Normale,Deux véhicules - arrière,,,,,,,,,,,1,2,1,1,2
200500046970,0005-07-05 23:15:00,5,7,5,23,15,920,25.0,CHARLES DE GAULLE (BD),,,Nuit avec éclairage allumé,En agglomération,Intersection en X,Normale,Deux véhicules - frontale,,,,,,,,,,,5,2,2,1,1
200500046971,0005-07-06 16:00:00,5,7,6,16,0,920,25.0,STALINGRAD (AV DE),,,Plein jour,En agglomération,Hors intersection,Normale,Autre collision,,,,,,,,,,,1,2,1,1,6
200500046972,0005-07-08 01:30:00,5,7,8,1,30,920,25.0,COLBERT <> 1A 53 & 2 A 4,,,Nuit avec éclairage allumé,En agglomération,Intersection en X,Pluie légère,Deux véhicules - côté,,,,,,,,,,,5,2,2,2,3
200500046973,0005-07-11 10:15:00,5,7,11,10,15,920,25.0,"177, HENRI BARBUSSE (AV)",,,Plein jour,En agglomération,Hors intersection,Normale,Deux véhicules - côté,,,,,,,,,,,1,2,1,1,3
200500046974,0005-07-12 19:40:00,5,7,12,19,40,920,25.0,FRATERNITE (RUE DE LA),,,Plein jour,En agglomération,Intersection en X,Normale,Deux véhicules - côté,,,,,,,,,,,1,2,2,1,3
200500046975,0005-07-19 18:20:00,5,7,19,18,20,920,25.0,"104, CHARLES DE GAULLE (",,,Plein jour,En agglomération,Hors intersection,Normale,Deux véhicules - arrière,,,,,,,,,,,1,2,1,1,2
200500046976,0005-07-22 14:30:00,5,7,22,14,30,920,25.0,BOURNARD (RUE DU),,,Plein jour,En agglomération,Intersection en T,Normale,Deux véhicules - côté,,,,,,,,,,,1,2,3,1,3
200500046977,0005-07-23 19:35:00,5,7,23,19,35,920,25.0,BEZONS (AV DE),,,Plein jour,En agglomération,Hors intersection,Normale,Deux véhicules - arrière,,,,,,,,,,,1,2,1,1,2
200500046978,0005-07-26 17:35:00,5,7,26,17,35,920,26.0,MISSION MARCHAND (COTE I,,,Plein jour,En agglomération,Intersection en X,Normale,Autre collision,,,,,,,,,,,1,2,2,1,6
200500046979,0005-07-08 09:05:00,5,7,8,9,5,920,26.0,VERDUN (DE 62 A FIN),,,Plein jour,En agglomération,Hors intersection,Normale,Deux véhicules - côté,,,,,,,,,,,1,2,1,1,3
200500046980,0005-07-07 09:10:00,5,7,7,9,10,920,26.0,SAINT DENIS BD (120 A 17,,,Plein jour,En agglomération,Intersection en T,Normale,Deux véhicules - côté,,,,,,,,,,,1,2,3,1,3
200500046981,0005-07-18 20:35:00,5,7,18,20,35,920,26.0,"38, GAULTIER",,,Plein jour,En agglomération,Intersection en X,Normale,Deux véhicules - côté,,,,,,,,,,,1,2,2,1,3
200500046982,0005-07-05 06:50:00,5,7,5,6,50,920,36.0,"0, LAURENT CELY (AVENUE)",,,Plein jour,En agglomération,Intersection en X,Normale,Trois véhicules et plus - en chaîne,,,,,,,,,,,1,2,2,1,4