accident_id,datetime,annee,mois,jour,heure,minute,departement,commune_insee,adresse,latitude,longitude,luminosite,agglomeration,intersection,meteo,collision,nb_vehicules,nb_usagers,nb_indemnes,nb_tues,nb_blesses_hosp,nb_blesses_legers,age_cond_1,age_cond_2,veh_type_cond_1,veh_type_cond_2,lum_code,agg_code,int_code,atm_code,col_code
200500046983,0005-07-05 14:37:00,5,7,5,14,37,920,36.0,"0, LUCIEN LANTERNIER (AV",,,Plein jour,En agglomération,Intersection en T,Normale,Deux véhicules - arrière,,,,,,,,,,,1,2,3,1,2
200500046984,0005-07-20 09:00:00,5,7,20,9,0,920,36.0,"7, FOSSE BLANC (RUE DU)",,,Plein jour,En agglomération,Hors intersection,Normale,Deux véhicules - frontale,,,,,,,,,,,1,2,1,1,1
200500046985,0005-07-25 19:00:00,5,7,25,19,0,920,36.0,"0, GABRIEL PERI (AVENUE)",,,Plein jour,En agglomération,Intersection en X,Normale,Deux véhicules - frontale,,,,,,,,,,,1,2,2,1,1
200500046986,0005-07-28 14:50:00,5,7,28,14,50,920,36.0,"0, BOULEVARD INTERCOMMUN",,,Plein jour,En agglomération,Intersection en T,Pluie légère,Trois véhicules et plus - en chaîne,,,,,,,,,,,1,2,3,2,4
200500046987,0005-07-28 18:05:00,5,7,28,18,5,920,36.0,"0, PAUL VAILLANT COUTURI",,,Plein jour,En agglomération,Intersection en X,Pluie forte,Deux véhicules - côté,,,,,,,,,,,1,2,2,3,3
200500046988,0005-07-19 18:25:00,5,7,19,18,25,920,40.0,"32, GOUVERNEUR GAL EBOUE",,,Plein jour,En agglomération,Hors intersection,Normale,Deux véhicules - côté,,,,,,,,,,,1,2,1,1,3
200500046989,0005-07-22 01:50:00,5,7,22,1,50,920,40.0,GENERAL LECLERC (DU) DU,,,Nuit avec éclairage allumé,En agglomération,Intersection en X,Normale,Deux véhicules - côté,,,,,,,,,,,5,2,2,1,3
200500046990,0005-07-06 15:20:00,5,7,6,15,20,920,44.0,"110, VIC. HUGO(RUE)077A0",,,Plein jour,En agglomération,Intersection en T,Normale,Deux véhicules - côté,,,,,,,,,,,1,2,3,1,3
200500046991,0005-07-11 13:30:00,5,7,11,13,30,920,44.0,"1, JEAN GABIN(RUE)",,,Plein jour,En agglomération,Intersection en X,Normale,Deux véhicules - côté,,,,,,,,,,,1,2,2,1,3
200500046992,0005-07-18 07:25:00,5,7,18,7,25,920,44.0,", KLEBER (RUE)",,,Plein jour,En agglomération,Intersection en X,Normale,Deux véhicules - côté,,,,,,,,,,,1,2,2,1,3
200500046993,0005-07-19 20:20:00,5,7,19,20,20,920,44.0,"1, P.V.COUTURIER(RUE)1A3",,,Plein jour,En agglomération,Intersection en X,Normale,Deux véhicules - côté,,,,,,,,,,,1,2,2,1,3
200500046994,0005-07-02 16:40:00,5,7,2,16,40,920,48.0,GENERAL DE GAULLE (AVENU,,,Plein jour,En agglomération,Intersection en T,Normale,Deux véhicules - côté,,,,,,,,,,,1,2,3,1,3
200500046995,0005-07-04 20:40:00,5,7,4,20,40,920,48.0,"05, MAISANT (RUE)",,,Crépuscule ou aube,En agglomération,Hors intersection,Normale,Autre collision,,,,,,,,,,,2,2,1,1,6
200500046996,0005-07-14 22:45:00,5,7,14,22,45,920,48.0,"19, BANES (RUE) N° 3 A 1",,,Nuit avec éclairage allumé,En agglomération,Intersection en X,Normale,Deux véhicules - côté,,,,,,,,,,,5,2,2,1,3
200500046997,0005-07-01 03:05:00,5,7,1,3,5,920,48.0,GARDES (ROUTE DES) N° 55,,,Nuit avec éclairage allumé,En agglomération,Intersection en T,Pluie légère,Sans collision,,,,,,,,,,,5,2,3,2,7
200500046998,0005-07-21 06:20:00,5,7,21,6,20,920,48.0,MORANE SAULNIER (AVENUE),,,Crépuscule ou aube,Hors agglomération,Hors intersection,Normale,Autre collision,,,,,,,,,,,2,1,1,1,6
200500046999,0005-07-19 18:05:00,5,7,19,18,5,920,48.0,"05, MAL DE LATTRE DE TAS",,,Plein jour,En agglomération,Hors intersection,Normale,Deux véhicules - côté,,,,,,,,,,,1,2,1,1,3
200500047000,0005-07-08 10:00:00,5,7,8,10,0,920,48.0,"21bis, VAUGIRARD (ROUTE",,,Plein jour,En agglomération,Hors intersection,Normale,Deux véhicules - arrière,,,,,,,,,,,1,2,1,1,2
200500047001,0005-07-25 14:00:00,5,7,25,14,0,920,48.0,"., MARECHAL LECLERC (AVE",,,Plein jour,En agglomération,Intersection en T,Normale,Deux véhicules - côté,,,,,,,,,,,1,2,3,1,3
200500047002,0005-07-24 17:15:00,5,7,24,17,15,920,48.0,"., TRIVAUX (AVENUE DE) N",,,Plein jour,Hors agglomération,Hors intersection,Normale,Sans collision,,,,,,,,,,,1,1,1,1,7
200500047003,0005-07-01 10:15:00,5,7,1,10,15,920,49.0,"101, VERDIER AVENUE AUTR",,,Plein jour,En agglomération,Hors intersection,Autre,Autre collision,,,,,,,,,,,1,2,1,9,6
200500047004,0005-07-06 13:20:00,5,7,6,13,20,920,20.0,"12, PARIS AVENUE DE N°2",,,Plein jour,En agglomération,Hors intersection,Pluie légère,Deux véhicules - arrière,,,,,,,,,,,1,2,1,2,2
200500047005,0005-07-05 12:20:00,5,7,5,12,20,920,49.0,"177, BROSSOLETTE AVENUE",,,Plein jour,En agglomération,Hors intersection,Normale,Deux véhicules - côté,,,,,,,,,,,1,2,1,1,3
200500047006,0005-07-06 16:25:00,5,7,6,16,25,920,20.0,"17, PERROTIN RUE",,,Plein jour,En agglomération,Hors intersection,Normale,Deux véhicules - côté,,,,,,,,,,,1,2,1,1,3
200500047007,0005-07-08 21:53:00,5,7,8,21,53,920,49.0,"69, BROSSOLETTE AVENUE P",,,Crépuscule ou aube,En agglomération,Hors intersection,Autre,Autre collision,,,,,,,,,,,2,2,1,9,6
200500047008,0005-07-13 19:45:00,5,7,13,19,45,920,49.0,"80, DORMOY AVENUE MARX N",,,Plein jour,En agglomération,Intersection en T,Normale,Deux véhicules - arrière,,,,,,,,,,,1,2,3,1,2
200500047009,0005-07-15 14:10:00,5,7,15,14,10,920,20.0,"205, BROSSOLETTE RUE PIE",,,Plein jour,En agglomération,Hors intersection,Normale,Deux véhicules - côté,,,,,,,,,,,1,2,1,1,3
200500047010,0005-07-16 18:00:00,5,7,16,18,0,920,20.0,"60, BERTHELOT AVENUE MAR",,,Plein jour,En agglomération,Hors intersection,Normale,Autre collision,,,,,,,,,,,1,2,1,1,6
200500047011,0005-07-18 08:50:00,5,7,18,8,50,920,49.0,"36, PERI RUE GABRIEL N°2",,,Plein jour,En agglomération,Intersection en X,Normale,Autre collision,,,,,,,,,,,1,2,2,1,6
200500047012,0005-07-05 10:00:00,5,7,5,10,0,920,50.0,JOILIOT CURIE F. ET IREN,,,Plein jour,En agglomération,Hors intersection,Normale,Trois véhicules et plus - collisions multiples,,,,,,,,,,,1,2,1,1,5
200500047013,0005-07-08 14:55:00,5,7,8,14,55,920,50.0,SOUFFLOT J-GERMAIN BOULE,,,Plein jour,En agglomération,Hors intersection,Temps couvert,Deux véhicules - arrière,,,,,,,,,,,1,2,1,8,2
200500047014,0005-07-12 16:50:00,5,7,12,16,50,920,50.0,"62, LENINE VLADIMIR ILIT",,,Plein jour,En agglomération,Hors intersection,Normale,Deux véhicules - côté,,,,,,,,,,,1,2,1,1,3
200500047015,0005-07-15 13:50:00,5,7,15,13,50,920,50.0,REPUBLIQUE AVENUE DE LA,,,Plein jour,En agglomération,Intersection en T,Normale,Deux véhicules - côté,,,,,,,,,,,1,2,3,1,3
200500047016,0005-07-18 19:30:00,5,7,18,19,30,920,50.0,CLEMENCEAU GEORGES AVENU,,,Plein jour,En agglomération,Intersection en T,Normale,Deux véhicules - côté,,,,,,,,,,,1,2,3,1,3
200500047017,0005-07-18 18:10:00,5,7,18,18,10,920,50.0,MILLET FRANCOIS RUE,,,Plein jour,En agglomération,Hors intersection,Normale,Autre collision,,,,,,,,,,,1,2,1,1,6
200500047018,0005-07-24 16:35:00,5,7,24,16,35,920,50.0,PICASSO PABLO AVENUE,,,Plein jour,En agglomération,Hors intersection,Normale,Autre collision,,,,,,,,,,,1,2,1,1,6
200500047019,0005-07-23 00:55:00,5,7,23,0,55,920,50.0,"111, PICASSO PABLO AVENU",,,Nuit avec éclairage allumé,En agglomération,Hors intersection,Normale,Autre collision,,,,,,,,,,,5,2,1,1,6
200500047020,0005-07-23 18:30:00,5,7,23,18,30,920,50.0,"99999, PASCAL BLAISE BOU",,,Plein jour,En agglomération,Intersection en X,Normale,Deux véhicules - côté,,,,,,,,,,,1,2,2,1,3
200500047021,0005-07-25 09:40:00,5,7,25,9,40,920,50.0,"000000, QUENTIN JULES AV",,,Plein jour,En agglomération,Intersection en T,Normale,Deux véhicules - côté,,,,,,,,,,,1,2,3,1,3
200500047022,0005-07-27 16:45:00,5,7,27,16,45,920,50.0,CHAMPS PIERREUX AVENUE D,,,Plein jour,En agglomération,Intersection en T,Normale,Sans collision,,,,,,,,,,,1,2,3,1,7
200500047023,0005-07-31 18:20:00,5,7,31,18,20,920,50.0,SOUFFLOT J-GERMAIN BOULE,,,Plein jour,En agglomération,Hors intersection,Normale,Sans collision,,,,,,,,,,,1,2,1,1,7
200500047024,0005-07-01 13:25:00,5,7,1,13,25,920,51.0,"65, ROULE (AVENUE DU, N°",,,Plein jour,En agglomération,Hors intersection,Normale,Deux véhicules - côté,,,,,,,,,,,1,2,1,1,3
200500047025,0005-07-01 17:15:00,5,7,1,17,15,920,51.0,"61, VILLIERS (RUE DE, N°",,,Plein jour,En agglomération,Intersection en X,Normale,Deux véhicules - côté,,,,,,,,,,,1,2,2,1,3
200500047026,0005-07-02 17:00:00,5,7,2,17,0,920,51.0,"31, GENERAL LECLERC (BOU",,,Plein jour,En agglomération,Hors intersection,Normale,Deux véhicules - arrière,,,,,,,,,,,1,2,1,1,2
200500047027,0005-07-22 05:20:00,5,7,22,5,20,920,51.0,"160, BINEAU (BOULEVARD,",,,Nuit avec éclairage allumé,En agglomération,Hors intersection,Normale,Deux véhicules - côté,,,,,,,,,,,5,2,1,1,3
200500047028,0005-07-24 14:55:00,5,7,24,14,55,920,51.0,"1, GENERAL LECLERC (BOUL",,,Plein jour,En agglomération,Hors intersection,Pluie légère,Autre collision,,,,,,,,,,,1,2,1,2,6
200500047029,0005-07-28 07:05:00,5,7,28,7,5,920,51.0,"76, GENERAL KOENIG (BOUL",,,Plein jour,En agglomération,Hors intersection,Normale,Autre collision,,,,,,,,,,,1,2,1,1,6
200500047030,0005-07-29 09:31:00,5,7,29,9,31,920,51.0,"94, CHARLES DE GAULLE (A",,,Plein jour,En agglomération,Hors intersection,Normale,Autre collision,,,,,,,,,,,1,2,1,1,6
200500047031,0005-07-29 12:55:00,5,7,29,12,55,920,51.0,"0, MARECHAL JUIN (PONT D",,,Plein jour,En agglomération,Hors intersection,Normale,Deux véhicules - arrière,,,,,,,,,,,1,2,1,1,2
200500047032,0005-07-16 05:00:00,5,7,16,5,0,920,62.0,"130, JAURES (RUE JEAN) D",,,Crépuscule ou aube,En agglomération,Hors intersection,Normale,Autre collision,,,,,,,,,,,2,2,1,1,6
200500047033,0005-07-23 17:34:00,5,7,23,17,34,920,62.0,"40, GODEFROY (RUE) DU 19",,,Plein jour,En agglomération,Hors intersection,Normale,Autre collision,,,,,,,,,,,1,2,1,1,6
200500047034,0005-07-27 16:40:00,5,7,27,16,40,920,62.0,"1, STALINGRAD (PLACE)",,,Plein jour,En agglomération,Hors intersection,Normale,Autre collision,,,,,,,,,,,1,2,1,1,6
200500047035,0005-07-15 12:50:00,5,7,15,12,50,920,63.0,"NEANT, MAUREPAS (RUE DE)",,,Plein jour,En agglomération,Hors intersection,Normale,Autre collision,,,,,,,,,,,1,2,1,1,6
200500047036,0005-07-07 15:10:00,5,7,7,15,10,920,63.0,"1, TUCK STELL (AVENUE) S",,,Plein jour,En agglomération,Hors intersection,Pluie légère,Autre collision,,,,,,,,,,,1,2,1,2,6
200500047037,0005-07-17 00:01:00,5,7,17,0,1,920,63.0,"272, EMPEREUR (ROUTE DE",,,Nuit avec éclairage allumé,En agglomération,Hors intersection,Normale,Autre collision,,,,,,,,,,,5,2,1,1,6
200500047038,0005-07-25 16:20:00,5,7,25,16,20,920,63.0,"neant, RENAULT (PLACE)",,,Plein jour,En agglomération,Autre intersection,Normale,Sans collision,,,,,,,,,,,1,2,9,1,7
200500047039,0005-07-06 17:40:00,5,7,6,17,40,920,76.0,"33, CARNOT",,,Plein jour,En agglomération,Hors intersection,Temps couvert,Deux véhicules - côté,,,,,,,,,,,1,2,1,8,3
200500047040,0005-07-07 16:50:00,5,7,7,16,50,920,76.0,"28, CARNOT",,,Plein jour,En agglomération,Hors intersection,Normale,Deux véhicules - côté,,,,,,,,,,,1,2,1,1,3
200500047041,0005-07-09 17:55:00,5,7,9,17,55,920,64.0,"11, DAILLY",,,Plein jour,En agglomération,Intersection en T,Normale,Sans collision,,,,,,,,,,,1,2,3,1,7
200500047042,0005-07-10 18:00:00,5,7,10,18,0,920,64.0,"1200, CARNOT",,,Plein jour,En agglomération,Hors intersection,Normale,Deux véhicules - arrière,,,,,,,,,,,1,2,1,1,2
200500047043,0005-07-18 14:30:00,5,7,18,14,30,920,64.0,LOUIS PASTEUR,,,Plein jour,En agglomération,Intersection en X,Normale,Autre collision,,,,,,,,,,,1,2,2,1,6
200500047044,0005-07-19 16:35:00,5,7,19,16,35,920,76.0,NAPOLEON III,,,Plein jour,En agglomération,Hors intersection,Normale,Deux véhicules - arrière,,,,,,,,,,,1,2,1,1,2
200500047045,0005-07-21 11:45:00,5,7,21,11,45,920,76.0,"17, JARDY",,,Plein jour,En agglomération,Intersection en T,Normale,Deux véhicules - arrière,,,,,,,,,,,1,2,3,1,2
200500047046,0005-07-21 15:20:00,5,7,21,15,20,920,64.0,GENERAL LECLERC,,,Plein jour,En agglomération,Intersection en T,Normale,Deux véhicules - côté,,,,,,,,,,,1,2,3,1,3
200500047047,0005-07-22 18:25:00,5,7,22,18,25,920,33.0,"61, HENRI REGNAULT",,,Plein jour,En agglomération,Intersection en X,Normale,Deux véhicules - côté,,,,,,,,,,,1,2,2,1,3
200500047048,0005-07-28 15:40:00,5,7,28,15,40,920,33.0,JOFFRE,,,Plein jour,En agglomération,Intersection en X,Normale,Deux véhicules - côté,,,,,,,,,,,1,2,2,1,3
200500047049,0005-07-28 17:30:00,5,7,28,17,30,920,47.0,"11, JARDY",,,Plein jour,En agglomération,Hors intersection,Normale,Deux véhicules - arrière,,,,,,,,,,,1,2,1,1,2
200500047050,0005-07-28 19:40:00,5,7,28,19,40,920,64.0,"2, L'AVRE",,,Plein jour,En agglomération,Intersection en T,Pluie forte,Deux véhicules - arrière,,,,,,,,,,,1,2,3,3,2
200500047051,0005-07-30 16:45:00,5,7,30,16,45,920,76.0,JARDY,,,Plein jour,En agglomération,Hors intersection,Normale,Sans collision,,,,,,,,,,,1,2,1,1,7
200500047052,0005-07-04 09:00:00,5,7,4,9,0,920,72.0,"30, TROYON (RUE)",,,Plein jour,En agglomération,Hors intersection,Pluie forte,Autre collision,,,,,,,,,,,1,2,1,3,6
200500047053,0005-07-22 20:30:00,5,7,22,20,30,920,72.0,"2, GRANDE RUE",,,Plein jour,En agglomération,Intersection en X,Normale,Deux véhicules - côté,,,,,,,,,,,1,2,2,1,3
200500047054,0005-07-24 12:00:00,5,7,24,12,0,920,72.0,"128, GRANDE RUE",,,Plein jour,En agglomération,Place,Pluie légère,Deux véhicules - côté,,,,,,,,,,,1,2,7,2,3
200500047055,0005-07-24 16:30:00,5,7,24,16,30,920,72.0,"0, BRUYERES (RUE DES)",,,Plein jour,En agglomération,Intersection en Y,Pluie légère,Sans collision,,,,,,,,,,,1,2,4,2,7
200500047056,0005-07-29 10:15:00,5,7,29,10,15,920,72.0,"03, GARENNE (RUE DE LA)",,,Plein jour,En agglomération,Hors intersection,Normale,Sans collision,,,,,,,,,,,1,2,1,1,7
200500047057,0005-07-01 21:40:00,5,7,1,21,40,920,73.0,"25, PAS-SAINT-MAURICE (R",,,Nuit avec éclairage allumé,En agglomération,Hors intersection,Normale,Autre collision,,,,,,,,,,,5,2,1,1,6
200500047058,0005-07-04 18:20:00,5,7,4,18,20,920,73.0,"42, CARNOT (RUE)",,,Plein jour,En agglomération,Hors intersection,Normale,Deux véhicules - arrière,,,,,,,,,,,1,2,1,1,2
200500047059,0005-07-05 16:05:00,5,7,5,16,5,920,73.0,"200, WASHINGTON (BOULEVA",,,Plein jour,En agglomération,Hors intersection,Normale,Deux véhicules - côté,,,,,,,,,,,1,2,1,1,3
200500047060,0005-07-09 00:50:00,5,7,9,0,50,920,73.0,"143, SELLIER (BOULEVARD",,,Nuit avec éclairage allumé,En agglomération,Hors intersection,Normale,Trois véhicules et plus - collisions multiples,,,,,,,,,,,5,2,1,1,5
200500047061,0005-07-16 20:05:00,5,7,16,20,5,920,73.0,"55, BAS ROGERS (RUE DES)",,,Plein jour,En agglomération,Intersection en T,Normale,Deux véhicules - côté,,,,,,,,,,,1,2,3,1,3
200500047062,0005-07-01 11:05:00,5,7,1,11,5,920,75.0,"1, JACQUES JEZEQUEL (AVE",,,Plein jour,En agglomération,Autre intersection,Normale,Deux véhicules - côté,,,,,,,,,,,1,2,9,1,3
200500047063,0005-07-04 08:55:00,5,7,4,8,55,920,75.0,"52, JEAN BLEUZEN",,,Plein jour,En agglomération,Hors intersection,Pluie légère,Deux véhicules - côté,,,,,,,,,,,1,2,1,2,3
200500047064,0005-07-11 15:15:00,5,7,11,15,15,920,46.0,"210, PIERRE BROSSOLETTE",,,Plein jour,En agglomération,Hors intersection,Normale,Autre collision,,,,,,,,,,,1,2,1,1,6
200500047065,0005-07-12 07:35:00,5,7,12,7,35,920,46.0,"42, PIERRE BROSSOLETTE",,,Plein jour,En agglomération,Hors intersection,Normale,Deux véhicules - arrière,,,,,,,,,,,1,2,1,1,2
200500047066,0005-07-12 11:30:00,5,7,12,11,30,920,75.0,"ANGLE, MANSARD (RUE)",,,Plein jour,En agglomération,Intersection en T,Normale,Sans collision,,,,,,,,,,,1,2,3,1,7
200500047067,0005-07-12 19:30:00,5,7,12,19,30,920,46.0,"ANGLE, DE STALINGRAD",,,Plein jour,En agglomération,Intersection en T,Normale,Autre collision,,,,,,,,,,,1,2,3,1,6
200500047068,0005-07-26 13:10:00,5,7,26,13,10,920,75.0,DE L'INSURRECTION,,,Plein jour,En agglomération,Giratoire,Normale,Deux véhicules - côté,,,,,,,,,,,1,2,6,1,3
200500047069,0005-07-26 15:50:00,5,7,26,15,50,920,46.0,PIERRE BROSSOLETTE,,,Plein jour,En agglomération,Intersection en X,Normale,Sans collision,,,,,,,,,,,1,2,2,1,7
200500047070,0005-07-05 19:05:00,5,7,5,19,5,920,78.0,ST EXUPERY (ALLEE),,,Plein jour,En agglomération,Hors intersection,Normale,Sans collision,,,,,,,,,,,1,2,1,1,7
200500047071,0005-07-15 10:40:00,5,7,15,10,40,920,78.0,"0, GALLIENI (BD) (153 ET",,,Plein jour,En agglomération,Intersection en T,Normale,Deux véhicules - côté,,,,,,,,,,,1,2,3,1,3
200500047072,0005-07-30 22:15:00,5,7,30,22,15,920,78.0,ASNIERES (QUAI),,,Nuit avec éclairage allumé,En agglomération,Intersection en T,Normale,Deux véhicules - côté,,,,,,,,,,,5,2,3,1,3
200500047073,0005-07-04 06:30:00,5,7,4,6,30,920,26.0,BOULEVARD CIRCULAIRE,,,Crépuscule ou aube,En agglomération,Hors intersection,Pluie forte,Deux véhicules - arrière,,,,,,,,,,,2,2,1,3,2
200500047074,0005-07-12 09:30:00,5,7,12,9,30,920,62.0,GENERAL DE GAULLE (AVENU,,,Plein jour,En agglomération,Hors intersection,Normale,Deux véhicules - arrière,,,,,,,,,,,1,2,1,1,2
200500047075,0005-07-12 09:55:00,5,7,12,9,55,920,26.0,BOULEVARD CIRCULAIRE,,,Plein jour,En agglomération,Hors intersection,Normale,Sans collision,,,,,,,,,,,1,2,1,1,7
200500047076,0005-07-02 11:05:00,5,7,2,11,5,930,1.0,CITES (RUE DES)  =>98,,,Plein jour,En agglomération,Intersection en T,Normale,Autre collision,,,,,,,,,,,1,2,3,1,6
200500047077,0005-07-04 17:00:00,5,7,4,17,0,930,1.0,EDOUARD POISSON  (RUE),,,Plein jour,En agglomération,Hors intersection,Normale,Autre collision,,,,,,,,,,,1,2,1,1,6
200500047078,0005-07-05 09:05:00,5,7,5,9,5,930,1.0,"84, FELIX FAURE (BLD) =>",,,Plein jour,En agglomération,Hors intersection,Normale,Sans collision,,,,,,,,,,,1,2,1,1,7
200500047079,0005-07-12 09:25:00,5,7,12,9,25,930,1.0,", PONT BLANC.CHARLES TIL",,,Plein jour,En agglomération,Intersection à plus de 4 branches,Normale,Deux véhicules - côté,,,,,,,,,,,1,2,5,1,3
200500047080,0005-07-12 21:20:00,5,7,12,21,20,930,1.0,"57, VICTOR HUGO (AVE)  =",,,Plein jour,En agglomération,Hors intersection,Normale,Autre collision,,,,,,,,,,,1,2,1,1,6
200500047081,0005-07-18 12:11:00,5,7,18,12,11,930,1.0,"45, VICTOR HUGO (AVE)  =",,,Plein jour,En agglomération,Hors intersection,Normale,Deux véhicules - côté,,,,,,,,,,,1,2,1,1,3
200500047082,0005-07-18 20:30:00,5,7,18,20,30,930,1.0,JEAN JAURES (AVE)  => 53,,,Plein jour,En agglomération,Intersection en X,Normale,Deux véhicules - côté,,,,,,,,,,,1,2,2,1,3
200500047083,0005-07-19 07:35:00,5,7,19,7,35,930,1.0,"X, PONT BLANC.CHARLES TI",,,Plein jour,En agglomération,Intersection à plus de 4 branches,Normale,Autre collision,,,,,,,,,,,1,2,5,1,6
200500047084,0005-07-21 18:05:00,5,7,21,18,5,930,1.0,"14, FILLETTES (RUE DES)",,,Plein jour,En agglomération,Hors intersection,Normale,Autre collision,,,,,,,,,,,1,2,1,1,6
200500047085,0005-07-23 20:05:00,5,7,23,20,5,930,1.0,HENRI BARBUSSE (RUE)  11,,,Plein jour,En agglomération,Intersection en X,Normale,Deux véhicules - côté,,,,,,,,,,,1,2,2,1,3
200500047086,0005-07-26 15:40:00,5,7,26,15,40,930,1.0,"47, REPUBLIQUE (AVE DE L",,,Plein jour,En agglomération,Hors intersection,Normale,Autre collision,,,,,,,,,,,1,2,1,1,6
200500047087,0005-07-28 14:20:00,5,7,28,14,20,930,1.0,"1, HAIE COQ (RUE DE LA )",,,Plein jour,En agglomération,Hors intersection,Pluie légère,Deux véhicules - côté,,,,,,,,,,,1,2,1,2,3
200500047088,0005-07-28 17:36:00,5,7,28,17,36,930,1.0,ADRIEN AGNES (QUAI),,,Plein jour,En agglomération,Hors intersection,Normale,Deux véhicules - frontale,,,,,,,,,,,1,2,1,1,1
200500047089,0005-07-29 15:00:00,5,7,29,15,0,930,1.0,REPUBLIQUE (AVE DE LA ),,,Plein jour,En agglomération,Autre intersection,Pluie légère,Autre collision,,,,,,,,,,,1,2,9,2,6
200500047090,0005-07-04 17:30:00,5,7,4,17,30,930,5.0,"NEANT, LIVRY (AVENUE DE)",,,Plein jour,En agglomération,Intersection en X,Normale,Deux véhicules - côté,,,,,,,,,,,1,2,2,1,3
200500047091,0005-07-05 08:30:00,5,7,5,8,30,930,5.0,"néant, MADRID (RUE DE)",,,Plein jour,En agglomération,Intersection en X,Normale,Deux véhicules - côté,,,,,,,,,,,1,2,2,1,3
200500047092,0005-07-05 16:25:00,5,7,5,16,25,930,5.0,"néant, JEAN CHARCOT [CD1",,,Plein jour,En agglomération,Hors intersection,Normale,Autre collision,,,,,,,,,,,1,2,1,1,6
200500047093,0005-07-08 01:30:00,5,7,8,1,30,930,5.0,"néant, MITRY [CD115] (RO",,,Nuit avec éclairage allumé,En agglomération,Intersection en X,Normale,Deux véhicules - côté,,,,,,,,,,,5,2,2,1,3
200500047094,0005-07-12 16:00:00,5,7,12,16,0,930,5.0,"neant, DUMONT (AVENUE)",,,Plein jour,En agglomération,Hors intersection,Normale,Autre collision,,,,,,,,,,,1,2,1,1,6
200500047095,0005-07-25 11:05:00,5,7,25,11,5,930,5.0,"17, FERNAND HERBAUD (RUE",,,Plein jour,En agglomération,Hors intersection,Normale,Deux véhicules - arrière,,,,,,,,,,,1,2,1,1,2
200500047096,0005-07-25 11:00:00,5,7,25,11,0,930,5.0,MARC CHAGALL (BOULEVARD),,,Plein jour,En agglomération,Hors intersection,Pluie légère,Deux véhicules - côté,,,,,,,,,,,1,2,1,2,3
200500047097,0005-07-27 11:10:00,5,7,27,11,10,930,5.0,"9, BONDY (ROUTE DE)",,,Plein jour,En agglomération,Hors intersection,Normale,Autre collision,,,,,,,,,,,1,2,1,1,6
200500047098,0005-07-27 12:20:00,5,7,27,12,20,930,5.0,MOULIN DE LA VILLE (CHEM,,,Plein jour,En agglomération,Giratoire,Normale,Deux véhicules - côté,,,,,,,,,,,1,2,6,1,3
200500047099,0005-07-28 13:20:00,5,7,28,13,20,930,5.0,"néant, ANDRE CITROEN (BO",,,Plein jour,En agglomération,Autre intersection,Normale,Sans collision,,,,,,,,,,,1,2,9,1,7
200500047100,0005-07-31 07:45:00,5,7,31,7,45,930,5.0,"néant, ANDRE CITROEN (BO",,,Plein jour,En agglomération,Hors intersection,Normale,Autre collision,,,,,,,,,,,1,2,1,1,6
200500047101,0005-07-03 10:20:00,5,7,3,10,20,930,7.0,CASANOVA (AVENUE),,,Plein jour,En agglomération,Intersection en X,Normale,Deux véhicules - côté,,,,,,,,,,,1,2,2,1,3
200500047102,0005-07-09 13:50:00,5,7,9,13,50,930,7.0,GEORGES GUYNEMER (AVENUE,,,Plein jour,En agglomération,Intersection en X,Normale,Deux véhicules - côté,,,,,,,,,,,1,2,2,1,3
200500047103,0005-07-20 18:20:00,5,7,20,18,20,930,7.0,"00, MATHILDE EMILIE (AVE",,,Plein jour,En agglomération,Intersection en X,Normale,Deux véhicules - côté,,,,,,,,,,,1,2,2,1,3
200500047104,0005-07-03 15:35:00,5,7,3,15,35,930,8.0,PLACE SAINT JUSTE,,,Plein jour,En agglomération,Giratoire,Normale,Deux véhicules - côté,,,,,,,,,,,1,2,6,1,3
200500047105,0005-07-03 16:55:00,5,7,3,16,55,930,8.0,SEMARD (AVENUE PIERRE),,,Plein jour,En agglomération,Hors intersection,Normale,Autre collision,,,,,,,,,,,1,2,1,1,6
200500047106,0005-07-07 01:45:00,5,7,7,1,45,930,8.0,PLACE ESCADRILLE N. NIEM,,,Nuit avec éclairage allumé,En agglomération,Giratoire,Normale,Autre collision,,,,,,,,,,,5,2,6,1,6
200500047107,0005-07-13 13:50:00,5,7,13,13,50,930,8.0,"17, BOIS D'AMOUR (RUE DU",,,Plein jour,En agglomération,Intersection en X,Normale,Autre collision,,,,,,,,,,,1,2,2,1,6
200500047108,0005-07-20 17:45:00,5,7,20,17,45,930,8.0,", CONVENTION (AVENUE DE",,,Plein jour,En agglomération,Hors intersection,Temps couvert,Autre collision,,,,,,,,,,,1,2,1,8,6
200500047109,0005-07-27 04:45:00,5,7,27,4,45,930,8.0,VAILLANT COUTURIER (AVEN,,,Nuit avec éclairage allumé,En agglomération,Hors intersection,Normale,Deux véhicules - arrière,,,,,,,,,,,5,2,1,1,2
200500047110,0005-07-17 12:15:00,5,7,17,12,15,930,8.0,VAILLANT COUTURIER (AVEN,,,Plein jour,En agglomération,Hors intersection,Normale,Deux véhicules - arrière,,,,,,,,,,,1,2,1,1,2
200500047111,0005-07-08 19:15:00,5,7,8,19,15,930,27.0,"23, LECLERC (AVENUE DU G",,,Plein jour,En agglomération,Hors intersection,Normale,Autre collision,,,,,,,,,,,1,2,1,1,6
200500047112,0005-07-18 18:35:00,5,7,18,18,35,930,27.0,"28, FRANCS TIREURS (RUE",,,Plein jour,En agglomération,Hors intersection,Normale,Autre collision,,,,,,,,,,,1,2,1,1,6
200500047113,0005-07-02 18:25:00,5,7,2,18,25,930,29.0,ANATOLE FRANCE,,,Plein jour,En agglomération,Intersection en T,Normale,Deux véhicules - côté,,,,,,,,,,,1,2,3,1,3
200500047114,0005-07-13 15:35:00,5,7,13,15,35,930,29.0,GASTON ROULAUD (CITE),,,Plein jour,En agglomération,Hors intersection,Normale,Autre collision,,,,,,,,,,,1,2,1,1,6