accident_id,datetime,annee,mois,jour,heure,minute,departement,commune_insee,adresse,latitude,longitude,luminosite,agglomeration,intersection,meteo,collision,nb_vehicules,nb_usagers,nb_indemnes,nb_tues,nb_blesses_hosp,nb_blesses_legers,age_cond_1,age_cond_2,veh_type_cond_1,veh_type_cond_2,lum_code,agg_code,int_code,atm_code,col_code
200500047115,0005-07-16 09:45:00,5,7,16,9,45,930,29.0,REPIQUET (ROND-POINT),,,Plein jour,En agglomération,Giratoire,Normale,Deux véhicules - côté,,,,,,,,,,,1,2,6,1,3
200500047116,0005-07-19 12:30:00,5,7,19,12,30,930,29.0,DIDEROT,,,Plein jour,En agglomération,Hors intersection,Normale,Autre collision,,,,,,,,,,,1,2,1,1,6
200500047117,0005-07-27 14:45:00,5,7,27,14,45,930,29.0,JEAN JAURES (AVENUE),,,Plein jour,En agglomération,Intersection en T,Pluie légère,Deux véhicules - côté,,,,,,,,,,,1,2,3,2,3
200500047118,0005-07-06 12:45:00,5,7,6,12,45,930,31.0,DE LATTRE DE TASSIGNY (1,,,Plein jour,En agglomération,Giratoire,Normale,Deux véhicules - côté,,,,,,,,,,,1,2,6,1,3
200500047119,0005-07-12 10:20:00,5,7,12,10,20,930,79.0,"212, DIVISION LECLERC (A",,,Plein jour,En agglomération,Giratoire,Normale,Deux véhicules - côté,,,,,,,,,,,1,2,6,1,3
200500047120,0005-07-21 21:40:00,5,7,21,21,40,930,31.0,FOCH (BOULEVARD),,,Crépuscule ou aube,En agglomération,Intersection en T,Normale,Autre collision,,,,,,,,,,,2,2,3,1,6
200500047121,0005-07-26 08:35:00,5,7,26,8,35,930,31.0,"29, PARIS (1 A 81)",,,Plein jour,En agglomération,Intersection en Y,Normale,Autre collision,,,,,,,,,,,1,2,4,1,6
200500047122,0005-07-30 11:20:00,5,7,30,11,20,930,31.0,"104, JOFFRE (AV)",,,Plein jour,En agglomération,Hors intersection,Normale,Autre collision,,,,,,,,,,,1,2,1,1,6
200500047123,0005-07-02 14:10:00,5,7,2,14,10,930,47.0,BARGUE  (BOULEVARD)(COTE,,,Plein jour,En agglomération,Hors intersection,Normale,Autre collision,,,,,,,,,,,1,2,1,1,6
200500047124,0005-07-04 23:38:00,5,7,4,23,38,930,47.0,"110, EUROPE (BOULEVARD D",,,Nuit avec éclairage allumé,En agglomération,Hors intersection,Normale,Autre collision,,,,,,,,,,,5,2,1,1,6
200500047125,0005-07-09 17:15:00,5,7,9,17,15,930,32.0,"9, JEAN MOULIN  (RUE)",,,Plein jour,En agglomération,Hors intersection,Normale,Autre collision,,,,,,,,,,,1,2,1,1,6
200500047126,0005-07-13 12:20:00,5,7,13,12,20,930,32.0,"VERSAILLES (AVENUE DE, D",,,Plein jour,En agglomération,Intersection en T,Normale,Autre collision,,,,,,,,,,,1,2,3,1,6
200500047127,0005-07-20 06:45:00,5,7,20,6,45,930,47.0,"28, HARDY  (BOULEVARD)",,,Plein jour,En agglomération,Intersection en T,Pluie légère,Deux véhicules - côté,,,,,,,,,,,1,2,3,2,3
200500047128,0005-07-26 14:40:00,5,7,26,14,40,930,47.0,BARGUE  (BOULEVARD)(COTE,,,Plein jour,En agglomération,Hors intersection,Normale,Deux véhicules - côté,,,,,,,,,,,1,2,1,1,3
200500047129,0005-07-28 07:15:00,5,7,28,7,15,930,32.0,", DIX NEUF MARS   (RUE D",,,Plein jour,En agglomération,Intersection en X,Normale,Deux véhicules - côté,,,,,,,,,,,1,2,2,1,3
200500047130,0005-07-02 15:00:00,5,7,2,15,0,930,45.0,"05, LIBERTE BD DE LA",,,Plein jour,En agglomération,Autre intersection,Normale,Autre collision,,,,,,,,,,,1,2,9,1,6
200500047131,0005-07-02 20:25:00,5,7,2,20,25,930,6.0,DELESCLUSE CHARLES,,,Plein jour,En agglomération,Intersection en T,Normale,Deux véhicules - côté,,,,,,,,,,,1,2,3,1,3
200500047132,0005-07-03 18:20:00,5,7,3,18,20,930,6.0,THOMAS RUE DU LIEUTENANT,,,Plein jour,En agglomération,Intersection en T,Normale,Deux véhicules - arrière,,,,,,,,,,,1,2,3,1,2
200500047133,0005-07-04 21:15:00,5,7,4,21,15,930,63.0,JAURES RUE JEAN,,,Plein jour,En agglomération,Intersection en X,Normale,Deux véhicules - côté,,,,,,,,,,,1,2,2,1,3
200500047134,0005-07-10 19:00:00,5,7,10,19,0,930,6.0,"89, REPUBLIQUE AVENUE DE",,,Plein jour,En agglomération,Intersection en X,Normale,Autre collision,,,,,,,,,,,1,2,2,1,6
200500047135,0005-07-13 20:15:00,5,7,13,20,15,930,6.0,"58, CAPSULERIE RUE DE LA",,,Plein jour,En agglomération,Hors intersection,Normale,Sans collision,,,,,,,,,,,1,2,1,1,7
200500047136,0005-07-18 14:40:00,5,7,18,14,40,930,6.0,DELESCLUSE CHARLES,,,Plein jour,En agglomération,Intersection en X,Normale,Deux véhicules - côté,,,,,,,,,,,1,2,2,1,3
200500047137,0005-07-25 14:00:00,5,7,25,14,0,930,63.0,"108, NOISY ROUTE DE",,,Plein jour,En agglomération,Hors intersection,Normale,Deux véhicules - côté,,,,,,,,,,,1,2,1,1,3
200500047138,0005-07-29 22:15:00,5,7,29,22,15,930,45.0,FAIDHERBE RUE,,,Nuit avec éclairage allumé,En agglomération,Autre intersection,Normale,Trois véhicules et plus - en chaîne,,,,,,,,,,,5,2,9,1,4
200500047139,0005-07-31 10:25:00,5,7,31,10,25,930,45.0,LECLERC BOULEVARD DU GEN,,,Plein jour,En agglomération,Intersection en X,Temps couvert,Deux véhicules - côté,,,,,,,,,,,1,2,2,8,3
200500047140,0005-07-09 14:25:00,5,7,9,14,25,930,46.0,"N.R, POSTES CHEMIN DES",,,Plein jour,En agglomération,Hors intersection,Normale,Deux véhicules - côté,,,,,,,,,,,1,2,1,1,3
200500047141,0005-07-18 18:13:00,5,7,18,18,13,930,46.0,"21, EMILE ZOLA AVENUE",,,Plein jour,En agglomération,Hors intersection,Normale,Autre collision,,,,,,,,,,,1,2,1,1,6
200500047142,0005-07-25 13:50:00,5,7,25,13,50,930,46.0,"neant, ARISTIDE BRIAND A",,,Plein jour,En agglomération,Hors intersection,Normale,Deux véhicules - arrière,,,,,,,,,,,1,2,1,1,2
200500047143,0005-07-27 13:55:00,5,7,27,13,55,930,46.0,"37, EUGENE MASSE RUE",,,Plein jour,En agglomération,Hors intersection,Pluie légère,Autre collision,,,,,,,,,,,1,2,1,2,6
200500047144,0005-07-30 09:20:00,5,7,30,9,20,930,46.0,VAUJOURS CHEMIN DE,,,Plein jour,En agglomération,Intersection en T,Normale,Sans collision,,,,,,,,,,,1,2,3,1,7
200500047145,0005-07-31 21:00:00,5,7,31,21,0,930,46.0,"43, JEAN JAURES BOULEVAR",,,Crépuscule ou aube,En agglomération,Hors intersection,Normale,Autre collision,,,,,,,,,,,2,2,1,1,6
200500047146,0005-07-03 12:00:00,5,7,3,12,0,930,48.0,"315, ROSNY (RUE DE)",,,Plein jour,En agglomération,Hors intersection,Normale,Trois véhicules et plus - collisions multiples,,,,,,,,,,,1,2,1,1,5
200500047147,0005-07-04 16:30:00,5,7,4,16,30,930,48.0,"99, PARIS (RUE DE)",,,Plein jour,En agglomération,Intersection en T,Normale,Autre collision,,,,,,,,,,,1,2,3,1,6
200500047148,0005-07-04 18:20:00,5,7,4,18,20,930,48.0,"230, ROMAINVILLE (RUE DE",,,Plein jour,En agglomération,Hors intersection,Normale,Autre collision,,,,,,,,,,,1,2,1,1,6
200500047149,0005-07-07 14:30:00,5,7,7,14,30,930,48.0,"209, ETIENNE MARCEL (RUE",,,Plein jour,En agglomération,Hors intersection,Pluie légère,Deux véhicules - côté,,,,,,,,,,,1,2,1,2,3
200500047150,0005-07-14 13:35:00,5,7,14,13,35,930,48.0,"16, ARISTIDE BRIAND (BOU",,,Plein jour,En agglomération,Hors intersection,Normale,Deux véhicules - côté,,,,,,,,,,,1,2,1,1,3
200500047151,0005-07-15 17:15:00,5,7,15,17,15,930,48.0,SOLIDARITE (RUE DE LA),,,Plein jour,En agglomération,Intersection en X,Normale,Trois véhicules et plus - collisions multiples,,,,,,,,,,,1,2,2,1,5
200500047152,0005-07-16 22:50:00,5,7,16,22,50,930,48.0,"00, EMILE BEAUFILS (RUE)",,,Crépuscule ou aube,En agglomération,Intersection en X,Normale,Deux véhicules - côté,,,,,,,,,,,2,2,2,1,3
200500047153,0005-07-17 20:05:00,5,7,17,20,5,930,48.0,GABRIEL PERI (AVENUE),,,Plein jour,En agglomération,Intersection en X,Normale,Deux véhicules - côté,,,,,,,,,,,1,2,2,1,3
200500047154,0005-07-20 19:50:00,5,7,20,19,50,930,48.0,", ROUGET DE L'ISLE (BOUL",,,Plein jour,En agglomération,Place,Normale,Deux véhicules - côté,,,,,,,,,,,1,2,7,1,3
200500047155,0005-07-23 14:20:00,5,7,23,14,20,930,48.0,", HENRI BARBUSSE (BOULEV",,,Plein jour,En agglomération,Intersection en X,Temps couvert,Deux véhicules - côté,,,,,,,,,,,1,2,2,8,3
200500047156,0005-07-25 14:30:00,5,7,25,14,30,930,48.0,"113, ARISTIDE BRIAND (BO",,,Plein jour,En agglomération,Hors intersection,Pluie légère,Trois véhicules et plus - collisions multiples,,,,,,,,,,,1,2,1,2,5
200500047157,0005-07-27 16:40:00,5,7,27,16,40,930,48.0,GENERAL DE GAULE (PLACE,,,Plein jour,En agglomération,Intersection en T,Normale,Deux véhicules - côté,,,,,,,,,,,1,2,3,1,3
200500047158,0005-07-29 13:00:00,5,7,29,13,0,930,48.0,BAUNE (RUE DE LA),,,Plein jour,En agglomération,Hors intersection,Normale,Deux véhicules - côté,,,,,,,,,,,1,2,1,1,3
200500047159,0005-07-02 00:05:00,5,7,2,0,5,930,49.0,"19, GABRIEL PERI (RUE)",,,Nuit avec éclairage allumé,En agglomération,Intersection en X,Normale,Autre collision,,,,,,,,,,,5,2,2,1,6
200500047160,0005-07-17 03:40:00,5,7,17,3,40,930,50.0,"16, PAUL ET CAMILLE THOM",,,Nuit avec éclairage allumé,En agglomération,Intersection en X,Normale,Deux véhicules - côté,,,,,,,,,,,5,2,2,1,3
200500047161,0005-07-22 20:35:00,5,7,22,20,35,930,50.0,"96, VERDUN (AVENUE) COTE",,,Plein jour,En agglomération,Hors intersection,Normale,Deux véhicules - arrière,,,,,,,,,,,1,2,1,1,2
200500047162,0005-07-01 12:25:00,5,7,1,12,25,930,51.0,"2, LEVANT (BD)",,,Plein jour,En agglomération,Hors intersection,Normale,Autre collision,,,,,,,,,,,1,2,1,1,6
200500047163,0005-07-10 16:30:00,5,7,10,16,30,930,51.0,"2, FORT (AVE)",,,Plein jour,En agglomération,Giratoire,Normale,Deux véhicules - côté,,,,,,,,,,,1,2,6,1,3
200500047164,0005-07-12 08:50:00,5,7,12,8,50,930,51.0,NEUILLY  (AVE),,,Plein jour,En agglomération,Hors intersection,Normale,Deux véhicules - côté,,,,,,,,,,,1,2,1,1,3
200500047165,0005-07-16 12:20:00,5,7,16,12,20,930,51.0,MONT D'EST (BD),,,Plein jour,En agglomération,Hors intersection,Normale,Deux véhicules - arrière,,,,,,,,,,,1,2,1,1,2
200500047166,0005-07-22 19:00:00,5,7,22,19,0,930,51.0,"24, STATION",,,Plein jour,En agglomération,Intersection en X,Normale,Deux véhicules - côté,,,,,,,,,,,1,2,2,1,3
200500047167,0005-07-29 14:15:00,5,7,29,14,15,930,51.0,MONT D'EST (BD),,,Plein jour,En agglomération,Hors intersection,Normale,Deux véhicules - côté,,,,,,,,,,,1,2,1,1,3
200500047168,0005-07-29 18:50:00,5,7,29,18,50,930,51.0,SOUCHET (BOULEVARD),,,Plein jour,En agglomération,Intersection en X,Normale,Deux véhicules - côté,,,,,,,,,,,1,2,2,1,3
200500047169,0005-07-30 19:10:00,5,7,30,19,10,930,51.0,PAVE NEUF (AVENUE),,,Plein jour,En agglomération,Autre intersection,Normale,Autre collision,,,,,,,,,,,1,2,9,1,6
200500047170,0005-07-09 19:50:00,5,7,9,19,50,930,53.0,"80/86, ROSNY (AVENUE DE)",,,Plein jour,En agglomération,Hors intersection,Normale,Trois véhicules et plus - en chaîne,,,,,,,,,,,1,2,1,1,4
200500047171,0005-07-20 19:15:00,5,7,20,19,15,930,53.0,"Face au 29, REPUBLIQUE (",,,Plein jour,En agglomération,Intersection en T,Normale,Autre collision,,,,,,,,,,,1,2,3,1,6
200500047172,0005-07-01 17:58:00,5,7,1,17,58,930,55.0,"34, SEPT ARPENTS (DES)",,,Plein jour,En agglomération,Hors intersection,Normale,Autre collision,,,,,,,,,,,1,2,1,1,6
200500047173,0005-07-17 02:30:00,5,7,17,2,30,930,55.0,"12, JEAN LOLIVE (AVENUE)",,,Nuit avec éclairage allumé,En agglomération,Hors intersection,Normale,Deux véhicules - arrière,,,,,,,,,,,5,2,1,1,2
200500047174,0005-07-19 14:35:00,5,7,19,14,35,930,55.0,"49, JULES AUFFRET (1/49",,,Plein jour,En agglomération,Intersection en X,Normale,Deux véhicules - frontale,,,,,,,,,,,1,2,2,1,1
200500047175,0005-07-05 17:05:00,5,7,5,17,5,930,62.0,"31, LIVRY (AVENUE DE)",,,Nuit avec éclairage allumé,En agglomération,Intersection en T,Normale,Deux véhicules - frontale,,,,,,,,,,,5,2,3,1,1
200500047176,0005-07-06 17:05:00,5,7,6,17,5,930,62.0,NORD (BOULEVARD DU),,,Plein jour,En agglomération,Hors intersection,Normale,Deux véhicules - frontale,,,,,,,,,,,1,2,1,1,1
200500047177,0005-07-13 09:45:00,5,7,13,9,45,930,62.0,"59, MIDI (BOULEVARD DU)",,,Plein jour,En agglomération,Intersection en X,Normale,Deux véhicules - côté,,,,,,,,,,,1,2,2,1,3
200500047178,0005-07-18 18:00:00,5,7,18,18,0,930,14.0,DUNAND (ALLEE),,,Plein jour,En agglomération,Hors intersection,Normale,Deux véhicules - frontale,,,,,,,,,,,1,2,1,1,1
200500047179,0005-07-26 15:05:00,5,7,26,15,5,930,14.0,SALVADOR ALLENDE (ALLEE),,,Plein jour,En agglomération,Intersection en T,Normale,Autre collision,,,,,,,,,,,1,2,3,1,6
200500047180,0005-07-05 00:20:00,5,7,5,0,20,930,64.0,ALSACE-LORRAINE (BOULEVA,,,Nuit avec éclairage allumé,En agglomération,Intersection en X,Normale,Deux véhicules - côté,,,,,,,,,,,5,2,2,1,3
200500047181,0005-07-04 11:30:00,5,7,4,11,30,930,64.0,"75, ALSACE-LORRAINE (BOU",,,Plein jour,En agglomération,Hors intersection,Normale,Deux véhicules - frontale,,,,,,,,,,,1,2,1,1,1
200500047182,0005-07-09 21:30:00,5,7,9,21,30,930,64.0,BLUM (RUE LEON),,,Plein jour,En agglomération,Hors intersection,Normale,Deux véhicules - arrière,,,,,,,,,,,1,2,1,1,2
200500047183,0005-07-10 14:45:00,5,7,10,14,45,930,64.0,"10, RHIN (RUE DU)",,,Plein jour,En agglomération,Hors intersection,Normale,Deux véhicules - frontale,,,,,,,,,,,1,2,1,1,1
200500047184,0005-07-11 15:00:00,5,7,11,15,0,930,77.0,"119, GRANDE RUE 0 / 16",,,Plein jour,En agglomération,Hors intersection,Normale,Sans collision,,,,,,,,,,,1,2,1,1,7
200500047185,0005-07-25 20:30:00,5,7,25,20,30,930,77.0,DE GAULLE (BOULEVARD GEN,,,Plein jour,En agglomération,Intersection en X,Normale,Deux véhicules - côté,,,,,,,,,,,1,2,2,1,3
200500047186,0005-07-06 11:20:00,5,7,6,11,20,930,66.0,"2, PAUL MARCEL (BOULEVAR",,,Plein jour,En agglomération,Intersection en T,Normale,Trois véhicules et plus - collisions multiples,,,,,,,,,,,1,2,3,1,5
200500047187,0005-07-07 15:30:00,5,7,7,15,30,930,66.0,"17, SEMAT ROGER",,,Plein jour,En agglomération,Hors intersection,Pluie légère,Deux véhicules - arrière,,,,,,,,,,,1,2,1,2,2
200500047188,0005-07-12 09:45:00,5,7,12,9,45,930,66.0,FRANCE ANATOLE (BOULEVAR,,,Plein jour,Hors agglomération,Hors intersection,Normale,Sans collision,,,,,,,,,,,1,1,1,1,7
200500047189,0005-07-08 12:25:00,5,7,8,12,25,930,66.0,"23, LEGION D'HONNEUR",,,Plein jour,En agglomération,Hors intersection,Pluie légère,Autre collision,,,,,,,,,,,1,2,1,2,6
200500047190,0005-07-08 21:00:00,5,7,8,21,0,930,66.0,LENINE (AVENUE) NR 28 A,,,Crépuscule ou aube,En agglomération,Intersection en Y,Pluie légère,Autre collision,,,,,,,,,,,2,2,4,2,6
200500047191,0005-07-17 12:30:00,5,7,17,12,30,930,66.0,"6, ""GUESDE JULES (BD), N",,,Plein jour,En agglomération,Hors intersection,Normale,Deux véhicules - arrière,,,,,,,,,,,1,2,1,1,2
200500047192,0005-07-15 16:30:00,5,7,15,16,30,930,66.0,", ""STRASBOURG, NR 1 A 71",,,Plein jour,En agglomération,Intersection en T,Normale,Autre collision,,,,,,,,,,,1,2,3,1,6
200500047193,0005-07-21 08:35:00,5,7,21,8,35,930,66.0,STADE DE FRANCE (AVENUE,,,Plein jour,En agglomération,Intersection en X,Normale,Deux véhicules - côté,,,,,,,,,,,1,2,2,1,3
200500047194,0005-07-18 17:15:00,5,7,18,17,15,930,66.0,REPUBLIQUE,,,Plein jour,En agglomération,Hors intersection,Normale,Autre collision,,,,,,,,,,,1,2,1,1,6
200500047195,0005-07-22 12:30:00,5,7,22,12,30,930,66.0,"106, ""PERI GABRIEL, NR 2",,,Plein jour,En agglomération,Hors intersection,Normale,Autre collision,,,,,,,,,,,1,2,1,1,6
200500047196,0005-07-27 11:50:00,5,7,27,11,50,930,66.0,CASANOVA DANIELLE NR 52-,,,Plein jour,En agglomération,Intersection en X,Normale,Deux véhicules - côté,,,,,,,,,,,1,2,2,1,3
200500047197,0005-07-22 13:25:00,5,7,22,13,25,930,66.0,SAULNIER JULES,,,Plein jour,En agglomération,Hors intersection,Normale,Deux véhicules - arrière,,,,,,,,,,,1,2,1,1,2
200500047198,0005-07-28 15:50:00,5,7,28,15,50,930,66.0,BRISE ECHALAS,,,Plein jour,Hors agglomération,Hors intersection,Normale,Autre collision,,,,,,,,,,,1,1,1,1,6
200500047199,0005-07-29 07:30:00,5,7,29,7,30,930,66.0,"0, BRICHE NR 69 A 77",,,Plein jour,En agglomération,Hors intersection,Normale,Autre collision,,,,,,,,,,,1,2,1,1,6
200500047200,0005-07-30 11:20:00,5,7,30,11,20,930,66.0,FORT DE LA BRICHE,,,Plein jour,En agglomération,Hors intersection,Pluie légère,Autre collision,,,,,,,,,,,1,2,1,2,6
200500047201,0005-07-30 20:15:00,5,7,30,20,15,930,66.0,WILSON (AVENUE DU PRESID,,,Plein jour,En agglomération,Intersection en T,Normale,Deux véhicules - frontale,,,,,,,,,,,1,2,3,1,1
200500047202,0005-07-30 22:40:00,5,7,30,22,40,930,66.0,", CORBILLON",,,Nuit avec éclairage allumé,En agglomération,Intersection en T,Normale,Deux véhicules - côté,,,,,,,,,,,5,2,3,1,3
200500047203,0005-07-25 17:00:00,5,7,25,17,0,930,66.0,WILSON (AVENUE DU PRESID,,,Plein jour,En agglomération,Hors intersection,Normale,Deux véhicules - côté,,,,,,,,,,,1,2,1,1,3
200500047204,0005-07-18 21:10:00,5,7,18,21,10,930,70.0,"6, ETIENNE-DOLET (BD)",,,Nuit avec éclairage allumé,En agglomération,Intersection en T,Normale,Autre collision,,,,,,,,,,,5,2,3,1,6
200500047205,0005-07-27 17:30:00,5,7,27,17,30,930,70.0,"6, GARIBALDI(RUE)",,,Plein jour,En agglomération,Hors intersection,Normale,Autre collision,,,,,,,,,,,1,2,1,1,6
200500047206,0005-07-28 10:50:00,5,7,28,10,50,930,70.0,VICTOR-HUGO (BD),,,Plein jour,En agglomération,Hors intersection,Normale,Deux véhicules - côté,,,,,,,,,,,1,2,1,1,3
200500047207,0005-07-06 09:20:00,5,7,6,9,20,930,71.0,JOHN F. KENNEDY (AVENUE),,,Plein jour,En agglomération,Hors intersection,Pluie légère,Autre collision,,,,,,,,,,,1,2,1,2,6
200500047208,0005-07-07 13:40:00,5,7,7,13,40,930,71.0,"néant, SALVADOR ALLENDE",,,Plein jour,En agglomération,Giratoire,Temps couvert,Deux véhicules - côté,,,,,,,,,,,1,2,6,8,3
200500047209,0005-07-09 18:30:00,5,7,9,18,30,930,71.0,"32, GENERAL LECLERC (AVE",,,Plein jour,En agglomération,Hors intersection,Normale,Deux véhicules - arrière,,,,,,,,,,,1,2,1,1,2
200500047210,0005-07-12 17:50:00,5,7,12,17,50,930,71.0,JOHN F. KENNEDY (AVENUE),,,Plein jour,En agglomération,Intersection en Y,Normale,Autre collision,,,,,,,,,,,1,2,4,1,6
200500047211,0005-07-14 19:55:00,5,7,14,19,55,930,71.0,"26, LIVRY (AVENUE DE)",,,Plein jour,En agglomération,Autre intersection,Normale,Autre collision,,,,,,,,,,,1,2,9,1,6
200500047212,0005-07-28 22:10:00,5,7,28,22,10,930,71.0,"80, GABRIEL PERI (RUE)",,,Nuit avec éclairage allumé,En agglomération,Autre intersection,Normale,Autre collision,,,,,,,,,,,5,2,9,1,6
200500047213,0005-07-12 10:50:00,5,7,12,10,50,930,59.0,", ELYSEE RECLUS (AVENUE)",,,Plein jour,En agglomération,Autre intersection,Normale,Deux véhicules - frontale,,,,,,,,,,,1,2,9,1,1
200500047214,0005-07-12 09:30:00,5,7,12,9,30,930,59.0,"173, ELYSEE RECLUS (AVEN",,,Plein jour,En agglomération,Intersection en X,Temps couvert,Autre collision,,,,,,,,,,,1,2,2,8,6
200500047215,0005-07-09 19:10:00,5,7,9,19,10,930,72.0,"27, ALFRED DE MUSSET (RU",,,Plein jour,En agglomération,Hors intersection,Normale,Autre collision,,,,,,,,,,,1,2,1,1,6
200500047216,0005-07-12 09:50:00,5,7,12,9,50,930,59.0,"171, ELYSEE RECLUS (AVEN",,,Plein jour,En agglomération,Hors intersection,Normale,Autre collision,,,,,,,,,,,1,2,1,1,6
200500047217,0005-07-17 09:15:00,5,7,17,9,15,930,59.0,"182, ELYSEE RECLUS (AVEN",,,Plein jour,En agglomération,Hors intersection,Normale,Autre collision,,,,,,,,,,,1,2,1,1,6
200500047218,0005-07-17 16:25:00,5,7,17,16,25,930,72.0,STALINGRAD (AVENUE DE) C,,,Plein jour,En agglomération,Intersection en T,Normale,Autre collision,,,,,,,,,,,1,2,3,1,6
200500047219,0005-07-01 18:25:00,5,7,1,18,25,930,78.0,"53, BALLANGER (BD ROBERT",,,Plein jour,En agglomération,Hors intersection,Temps couvert,Deux véhicules - côté,,,,,,,,,,,1,2,1,8,3
200500047220,0005-07-06 09:55:00,5,7,6,9,55,930,78.0,"10, GUYNEMER (AVENUE)",,,Plein jour,En agglomération,Intersection en X,Normale,Deux véhicules - côté,,,,,,,,,,,1,2,2,1,3
200500047221,0005-07-09 19:40:00,5,7,9,19,40,930,73.0,"1, SEPTIEME (AVENUE)",,,Plein jour,En agglomération,Hors intersection,Normale,Deux véhicules - côté,,,,,,,,,,,1,2,1,1,3
200500047222,0005-07-10 15:55:00,5,7,10,15,55,930,78.0,PLAINE DE FRANCE (AVENUE,,,Plein jour,Hors agglomération,Hors intersection,Normale,Sans collision,,,,,,,,,,,1,1,1,1,7
200500047223,0005-07-12 15:10:00,5,7,12,15,10,930,73.0,", DE GAULLE (RUE CHARLES",,,Plein jour,En agglomération,Hors intersection,Normale,Deux véhicules - côté,,,,,,,,,,,1,2,1,1,3
200500047224,0005-07-15 10:30:00,5,7,15,10,30,930,78.0,VAUBAN (AVENUE),,,Plein jour,En agglomération,Hors intersection,Normale,Deux véhicules - arrière,,,,,,,,,,,1,2,1,1,2
200500047225,0005-07-15 13:05:00,5,7,15,13,5,930,73.0,", PETITS PONTS (ROUTE DE",,,Plein jour,En agglomération,Intersection en X,Normale,Autre collision,,,,,,,,,,,1,2,2,1,6
200500047226,0005-07-16 16:45:00,5,7,16,16,45,930,73.0,PAIX (AVENUE DE LA),,,Plein jour,En agglomération,Hors intersection,Normale,Autre collision,,,,,,,,,,,1,2,1,1,6
200500047227,0005-07-20 17:15:00,5,7,20,17,15,930,73.0,"NEANT, BERGER (RUE GILBE",,,Plein jour,En agglomération,Hors intersection,Normale,Autre collision,,,,,,,,,,,1,2,1,1,6
200500047228,0005-07-22 14:40:00,5,7,22,14,40,930,78.0,", LECLERC (AVENUE DU GEN",,,Plein jour,En agglomération,Hors intersection,Normale,Deux véhicules - côté,,,,,,,,,,,1,2,1,1,3
200500047229,0005-07-25 23:20:00,5,7,25,23,20,930,78.0,BALLANGER (BD ROBERT),,,Nuit avec éclairage allumé,En agglomération,Hors intersection,Pluie légère,Sans collision,,,,,,,,,,,5,2,1,2,7
200500047230,0005-07-16 19:05:00,5,7,16,19,5,940,2.0,"106, VERON (R)",,,Plein jour,En agglomération,Hors intersection,Normale,Sans collision,,,,,,,,,,,1,2,1,1,7
200500047231,0005-07-21 16:40:00,5,7,21,16,40,940,2.0,"29, REVOLUTION (QU DE LA",,,Plein jour,En agglomération,Hors intersection,Normale,Deux véhicules - frontale,,,,,,,,,,,1,2,1,1,1
200500047232,0005-07-06 15:35:00,5,7,6,15,35,940,47.0,"0, GENERAL LECLERC (R)",,,Plein jour,En agglomération,Hors intersection,Normale,Sans collision,,,,,,,,,,,1,2,1,1,7
200500047233,0005-07-07 08:50:00,5,7,7,8,50,940,56.0,"5, SAINT LEU (R DE)",,,Plein jour,En agglomération,Hors intersection,Normale,Deux véhicules - frontale,,,,,,,,,,,1,2,1,1,1
200500047234,0005-07-08 22:35:00,5,7,8,22,35,940,44.0,PRESIDENT WILSON (AV DU),,,Nuit avec éclairage allumé,En agglomération,Hors intersection,Pluie légère,Sans collision,,,,,,,,,,,5,2,1,2,7
200500047235,0005-07-24 20:15:00,5,7,24,20,15,940,47.0,FRANCOIS COPPEE (R),,,Plein jour,En agglomération,Hors intersection,Normale,Deux véhicules - côté,,,,,,,,,,,1,2,1,1,3
200500047236,0005-07-22 11:30:00,5,7,22,11,30,940,70.0,"23, LIBERATION (R DE LA)",,,Plein jour,En agglomération,Intersection en T,Normale,Deux véhicules - côté,,,,,,,,,,,1,2,3,1,3
200500047237,0005-07-23 11:00:00,5,7,23,11,0,940,75.0,"0, LATTRE DE TASSIGNY (A",,,Nuit sans éclairage public,En agglomération,Intersection en T,Normale,Deux véhicules - côté,,,,,,,,,,,3,2,3,1,3
200500047238,0005-07-23 13:20:00,5,7,23,13,20,940,71.0,FOSSE ROUGE (R DE LA),,,Plein jour,En agglomération,Intersection en X,Normale,Deux véhicules - côté,,,,,,,,,,,1,2,2,1,3
200500047239,0005-07-25 18:00:00,5,7,25,18,0,940,44.0,JEAN MONNET (R),,,Plein jour,En agglomération,Hors intersection,Normale,Deux véhicules - côté,,,,,,,,,,,1,2,1,1,3
200500047240,0005-07-28 14:45:00,5,7,28,14,45,940,44.0,GENERAL LECLERC (AV),,,Plein jour,En agglomération,Hors intersection,Pluie légère,Trois véhicules et plus - en chaîne,,,,,,,,,,,1,2,1,2,4
200500047241,0005-07-31 23:45:00,5,7,31,23,45,940,71.0,", GENERAL LECLERC (R DU)",,,Nuit avec éclairage allumé,En agglomération,Intersection en T,Normale,Autre collision,,,,,,,,,,,5,2,3,1,6
200500047242,0005-07-31 03:55:00,5,7,31,3,55,940,48.0,route nationale 19,,,Nuit sans éclairage public,En agglomération,Hors intersection,Normale,Autre collision,,,,,,,,,,,3,2,1,1,6
200500047243,0005-07-23 15:55:00,5,7,23,15,55,940,44.0,"0, LEON REVILLON (BD)",,,Plein jour,En agglomération,Hors intersection,Normale,Deux véhicules - côté,,,,,,,,,,,1,2,1,1,3
200500047244,0005-07-07 14:30:00,5,7,7,14,30,940,17.0,EUGENE VARLIN (R),,,Plein jour,En agglomération,Hors intersection,Pluie légère,Deux véhicules - côté,,,,,,,,,,,1,2,1,2,3
200500047245,0005-07-14 09:25:00,5,7,14,9,25,940,17.0,"68, JEAN JAURES (R)",,,Plein jour,En agglomération,Hors intersection,Normale,Autre collision,,,,,,,,,,,1,2,1,1,6