accident_id,datetime,annee,mois,jour,heure,minute,departement,commune_insee,adresse,latitude,longitude,luminosite,agglomeration,intersection,meteo,collision,nb_vehicules,nb_usagers,nb_indemnes,nb_tues,nb_blesses_hosp,nb_blesses_legers,age_cond_1,age_cond_2,veh_type_cond_1,veh_type_cond_2,lum_code,agg_code,int_code,atm_code,col_code
200500047512,0005-07-10 18:45:00,5,7,10,18,45,930,32.0,AUTOROUTE A104,,,Plein jour,Hors agglomération,Hors intersection,Normale,Deux véhicules - côté,,,,,,,,,,,1,1,1,1,3
200500047513,0005-07-10 15:45:00,5,7,10,15,45,950,678.0,ROUTE NATIONALE 184,,,Plein jour,Hors agglomération,Hors intersection,Normale,Deux véhicules - arrière,,,,,,,,,,,1,1,1,1,2
200500047514,0005-07-11 14:20:00,5,7,11,14,20,930,32.0,AUTOROUTE A3,,,Plein jour,Hors agglomération,Hors intersection,Normale,Deux véhicules - côté,,,,,,,,,,,1,1,1,1,3
200500047515,0005-07-11 15:40:00,5,7,11,15,40,950,572.0,ROUTE NATIONALE 184,,,Plein jour,Hors agglomération,Hors intersection,Normale,Sans collision,,,,,,,,,,,1,1,1,1,7
200500047516,0005-07-11 15:30:00,5,7,11,15,30,930,66.0,AUTOROUTE A1,,,Plein jour,Hors agglomération,Hors intersection,Normale,Trois véhicules et plus - en chaîne,,,,,,,,,,,1,1,1,1,4
200500047517,0005-07-11 18:25:00,5,7,11,18,25,930,63.0,AUTOROUTE A3,,,Plein jour,Hors agglomération,Hors intersection,Normale,Deux véhicules - côté,,,,,,,,,,,1,1,1,1,3
200500047518,0005-07-11 22:10:00,5,7,11,22,10,950,394.0,ROUTE NATIONALE 184,,,Nuit sans éclairage public,Hors agglomération,Hors intersection,Normale,Sans collision,,,,,,,,,,,3,1,1,1,7
200500047519,0005-07-12 08:15:00,5,7,12,8,15,950,252.0,AUTOROUTE A15,,,Plein jour,Hors agglomération,Hors intersection,Normale,Deux véhicules - côté,,,,,,,,,,,1,1,1,1,3
200500047520,0005-07-12 08:20:00,5,7,12,8,20,930,66.0,AUTOROUTE A1,,,Plein jour,Hors agglomération,Hors intersection,Normale,Deux véhicules - arrière,,,,,,,,,,,1,1,1,1,2
200500047521,0005-07-13 15:50:00,5,7,13,15,50,930,8.0,AUTOROUTE A86,,,Plein jour,Hors agglomération,Hors intersection,Normale,Deux véhicules - côté,,,,,,,,,,,1,1,1,1,3
200500047522,0005-07-13 18:35:00,5,7,13,18,35,930,63.0,AUTOROUTE A3,,,Plein jour,Hors agglomération,Hors intersection,Normale,Deux véhicules - côté,,,,,,,,,,,1,1,1,1,3
200500047523,0005-07-13 18:15:00,5,7,13,18,15,950,582.0,AUTOROUTE A15,,,Plein jour,Hors agglomération,Hors intersection,Normale,Deux véhicules - arrière,,,,,,,,,,,1,1,1,1,2
200500047524,0005-07-14 14:30:00,5,7,14,14,30,950,18.0,AUTOROUTE A15,,,Plein jour,Hors agglomération,Hors intersection,Normale,Autre collision,,,,,,,,,,,1,1,1,1,6
200500047525,0005-07-14 19:20:00,5,7,14,19,20,930,63.0,AUTOROUTE A3,,,Plein jour,Hors agglomération,Hors intersection,Normale,Deux véhicules - arrière,,,,,,,,,,,1,1,1,1,2
200500047526,0005-07-15 00:20:00,5,7,15,0,20,950,277.0,AUTOROUTE A1,,,Nuit avec éclairage allumé,Hors agglomération,Hors intersection,Normale,Deux véhicules - frontale,,,,,,,,,,,5,1,1,1,1
200500047527,0005-07-15 14:20:00,5,7,15,14,20,930,66.0,AUTOROUTE A1,,,Plein jour,Hors agglomération,Hors intersection,Normale,Deux véhicules - arrière,,,,,,,,,,,1,1,1,1,2
200500047528,0005-07-15 23:45:00,5,7,15,23,45,950,218.0,AUTOROUTE A15,,,Nuit avec éclairage allumé,Hors agglomération,Hors intersection,Normale,Sans collision,,,,,,,,,,,5,1,1,1,7
200500047529,0005-07-16 15:15:00,5,7,16,15,15,950,572.0,AUTOROUTE A15,,,Plein jour,Hors agglomération,Hors intersection,Normale,Autre collision,,,,,,,,,,,1,1,1,1,6
200500047530,0005-07-17 04:45:00,5,7,17,4,45,950,306.0,AUTOROUTE A15,,,Nuit avec éclairage allumé,Hors agglomération,Hors intersection,Normale,Sans collision,,,,,,,,,,,5,1,1,1,7
200500047531,0005-07-17 18:25:00,5,7,17,18,25,930,64.0,AUTOROUTE A103,,,Plein jour,Hors agglomération,Hors intersection,Normale,Sans collision,,,,,,,,,,,1,1,1,1,7
200500047532,0005-07-18 00:35:00,5,7,18,0,35,950,678.0,R.D. 104,,,Nuit sans éclairage public,Hors agglomération,Hors intersection,Normale,Autre collision,,,,,,,,,,,3,1,1,1,6
200500047533,0005-07-17 03:50:00,5,7,17,3,50,600,612.0,AUTOROUTE A1,,,Nuit avec éclairage allumé,Hors agglomération,Hors intersection,Normale,Autre collision,,,,,,,,,,,5,1,1,1,6
200500047534,0005-07-12 19:25:00,5,7,12,19,25,930,29.0,AUTOROUTE A86,,,Plein jour,Hors agglomération,Hors intersection,Normale,Deux véhicules - côté,,,,,,,,,,,1,1,1,1,3
200500047535,0005-07-19 22:05:00,5,7,19,22,5,950,18.0,AUTOROUTE A15,,,Nuit avec éclairage allumé,Hors agglomération,Hors intersection,Normale,Autre collision,,,,,,,,,,,5,1,1,1,6
200500047536,0005-07-20 11:50:00,5,7,20,11,50,950,219.0,AUTOROUTE A115,,,Plein jour,Hors agglomération,Hors intersection,Normale,Deux véhicules - côté,,,,,,,,,,,1,1,1,1,3
200500047537,0005-07-20 12:30:00,5,7,20,12,30,930,27.0,AUTOROUTE A1,,,Plein jour,Hors agglomération,Hors intersection,Normale,Deux véhicules - arrière,,,,,,,,,,,1,1,1,1,2
200500047538,0005-07-21 08:00:00,5,7,21,8,0,930,66.0,AUTOROUTE A1,,,Plein jour,Hors agglomération,Hors intersection,Normale,Sans collision,,,,,,,,,,,1,1,1,1,7
200500047539,0005-07-21 18:45:00,5,7,21,18,45,930,8.0,AUTOROUTE A86,,,Plein jour,Hors agglomération,Hors intersection,Normale,Trois véhicules et plus - collisions multiples,,,,,,,,,,,1,1,1,1,5
200500047540,0005-07-22 09:45:00,5,7,22,9,45,930,66.0,AUTOROUTE A86,,,Plein jour,Hors agglomération,Hors intersection,Normale,Deux véhicules - côté,,,,,,,,,,,1,1,1,1,3
200500047541,0005-07-23 15:30:00,5,7,23,15,30,930,53.0,AUTOROUTE A3,,,Plein jour,Hors agglomération,Hors intersection,Normale,Sans collision,,,,,,,,,,,1,1,1,1,7
200500047542,0005-07-23 21:15:00,5,7,23,21,15,950,18.0,AUTOROUTE A15,,,Plein jour,Hors agglomération,Hors intersection,Normale,Autre collision,,,,,,,,,,,1,1,1,1,6
200500047543,0005-07-23 21:15:00,5,7,23,21,15,950,582.0,AUTOROUTE A15,,,Nuit avec éclairage allumé,Hors agglomération,Hors intersection,Pluie légère,Autre collision,,,,,,,,,,,5,1,1,2,6
200500047544,0005-07-23 21:50:00,5,7,23,21,50,920,36.0,AUTOROUTE A15,,,Plein jour,Hors agglomération,Hors intersection,Pluie légère,Deux véhicules - arrière,,,,,,,,,,,1,1,1,2,2
200500047545,0005-07-24 03:30:00,5,7,24,3,30,920,36.0,AUTOROUTE A86,,,Nuit avec éclairage allumé,Hors agglomération,Hors intersection,Normale,Autre collision,,,,,,,,,,,5,1,1,1,6
200500047546,0005-07-24 16:30:00,5,7,24,16,30,930,32.0,AUTOROUTE A3,,,Plein jour,Hors agglomération,Hors intersection,Pluie légère,Autre collision,,,,,,,,,,,1,1,1,2,6
200500047547,0005-07-25 19:10:00,5,7,25,19,10,950,488.0,AUTOROUTE A15,,,Plein jour,Hors agglomération,Hors intersection,Normale,Deux véhicules - côté,,,,,,,,,,,1,1,1,1,3
200500047548,0005-07-25 19:30:00,5,7,25,19,30,950,218.0,AUTOROUTE A15,,,Plein jour,Hors agglomération,Hors intersection,Normale,Deux véhicules - côté,,,,,,,,,,,1,1,1,1,3
200500047549,0005-07-27 20:15:00,5,7,27,20,15,930,64.0,AUTOROUTE A103,,,Plein jour,Hors agglomération,Hors intersection,Normale,Autre collision,,,,,,,,,,,1,1,1,1,6
200500047550,0005-07-25 19:35:00,5,7,25,19,35,950,527.0,AUTOROUTE A1,,,Plein jour,Hors agglomération,Hors intersection,Normale,Autre collision,,,,,,,,,,,1,1,1,1,6
200500047551,0005-07-27 14:45:00,5,7,27,14,45,930,66.0,AUTOROUTE A86,,,Plein jour,Hors agglomération,Hors intersection,Normale,Autre collision,,,,,,,,,,,1,1,1,1,6
200500047552,0005-07-28 07:00:00,5,7,28,7,0,930,27.0,AUTOROUTE A86,,,Plein jour,Hors agglomération,Hors intersection,Normale,Deux véhicules - côté,,,,,,,,,,,1,1,1,1,3
200500047553,0005-07-28 07:01:00,5,7,28,7,1,930,27.0,AUTOROUTE A86,,,Plein jour,Hors agglomération,Hors intersection,Normale,Deux véhicules - arrière,,,,,,,,,,,1,1,1,1,2
200500047554,0005-07-28 08:05:00,5,7,28,8,5,930,53.0,AUTOROUTE A3,,,Plein jour,Hors agglomération,Hors intersection,Normale,Autre collision,,,,,,,,,,,1,1,1,1,6
200500047555,0005-07-28 15:20:00,5,7,28,15,20,930,48.0,AUTOROUTE A3,,,Plein jour,Hors agglomération,Autre intersection,Pluie légère,Deux véhicules - côté,,,,,,,,,,,1,1,9,2,3
200500047556,0005-07-29 16:10:00,5,7,29,16,10,930,27.0,AUTOROUTE A1,,,Plein jour,Hors agglomération,Hors intersection,Normale,Trois véhicules et plus - collisions multiples,,,,,,,,,,,1,1,1,1,5
200500047557,0005-07-29 16:20:00,5,7,29,16,20,930,27.0,AUTOROUTE A1,,,Plein jour,Hors agglomération,Hors intersection,Normale,Autre collision,,,,,,,,,,,1,1,1,1,6
200500047558,0005-07-29 18:20:00,5,7,29,18,20,950,678.0,ROUTE NATIONALE 184,,,Plein jour,Hors agglomération,Hors intersection,Normale,Sans collision,,,,,,,,,,,1,1,1,1,7
200500047559,0005-07-29 19:30:00,5,7,29,19,30,930,51.0,AUTOROUTE A104,,,Plein jour,Hors agglomération,Hors intersection,Normale,Autre collision,,,,,,,,,,,1,1,1,1,6
200500047560,0005-07-31 02:45:00,5,7,31,2,45,930,53.0,AUTOROUTE A86,,,Nuit avec éclairage allumé,Hors agglomération,Hors intersection,Normale,Trois véhicules et plus - collisions multiples,,,,,,,,,,,5,1,1,1,5
200500047561,0005-07-30 07:30:00,5,7,30,7,30,930,51.0,AUTOROUTE A104,,,Plein jour,Hors agglomération,Hors intersection,Normale,Sans collision,,,,,,,,,,,1,1,1,1,7
200500047562,0005-07-30 08:10:00,5,7,30,8,10,950,572.0,AUTOROUTE A15,,,Plein jour,Hors agglomération,Hors intersection,Normale,Sans collision,,,,,,,,,,,1,1,1,1,7
200500047563,0005-07-30 10:00:00,5,7,30,10,0,930,64.0,AUTOROUTE A86,,,Plein jour,Hors agglomération,Hors intersection,Normale,Autre collision,,,,,,,,,,,1,1,1,1,6
200500047564,0005-07-30 23:25:00,5,7,30,23,25,950,430.0,R.D. 104,,,Nuit sans éclairage public,Hors agglomération,Hors intersection,Normale,Sans collision,,,,,,,,,,,3,1,1,1,7
200500047565,0005-07-08 02:30:00,5,7,8,2,30,920,47.0,A13,,,Nuit avec éclairage allumé,Hors agglomération,Intersection en Y,Normale,Autre collision,,,,,,,,,,,5,1,4,1,6
200500047566,0005-07-08 09:10:00,5,7,8,9,10,780,73.0,A12W,,,Plein jour,Hors agglomération,Hors intersection,Normale,Trois véhicules et plus - collisions multiples,,,,,,,,,,,1,1,1,1,5
200500047567,0005-07-09 06:10:00,5,7,9,6,10,920,50.0,A14,,,Nuit avec éclairage allumé,Hors agglomération,Hors intersection,Pluie légère,Sans collision,,,,,,,,,,,5,1,1,2,7
200500047568,0005-07-12 20:45:00,5,7,12,20,45,920,36.0,A86,,,Plein jour,Hors agglomération,Hors intersection,Temps éblouissant,Sans collision,,,,,,,,,,,1,1,1,7,7
200500047569,0005-07-11 18:40:00,5,7,11,18,40,780,73.0,A12W,,,Plein jour,Hors agglomération,Hors intersection,Normale,Deux véhicules - arrière,,,,,,,,,,,1,1,1,1,2
200500047570,0005-07-09 20:31:00,5,7,9,20,31,920,23.0,N186,,,Plein jour,Hors agglomération,Hors intersection,Normale,Sans collision,,,,,,,,,,,1,1,1,1,7
200500047571,0005-07-19 09:20:00,5,7,19,9,20,920,25.0,A86,,,Plein jour,Hors agglomération,Hors intersection,Normale,Deux véhicules - arrière,,,,,,,,,,,1,1,1,1,2
200500047572,0005-07-21 16:50:00,5,7,21,16,50,920,25.0,A86,,,Plein jour,Hors agglomération,Hors intersection,Normale,Deux véhicules - arrière,,,,,,,,,,,1,1,1,1,2
200500047573,0005-07-23 21:00:00,5,7,23,21,0,920,36.0,N315W,,,Plein jour,Hors agglomération,Hors intersection,Normale,Deux véhicules - frontale,,,,,,,,,,,1,1,1,1,1
200500047574,0005-07-21 14:50:00,5,7,21,14,50,780,291.0,A13,,,Plein jour,Hors agglomération,Hors intersection,Normale,Autre collision,,,,,,,,,,,1,1,1,1,6
200500047575,0005-07-21 19:50:00,5,7,21,19,50,920,62.0,N1014W,,,Nuit avec éclairage allumé,Hors agglomération,Hors intersection,Normale,Trois véhicules et plus - en chaîne,,,,,,,,,,,5,1,1,1,4
200500047576,0005-07-06 18:45:00,5,7,6,18,45,780,217.0,A13,,,Plein jour,Hors agglomération,Hors intersection,Normale,Deux véhicules - côté,,,,,,,,,,,1,1,1,1,3
200500047577,0005-07-26 08:09:00,5,7,26,8,9,920,62.0,N1014W,,,Plein jour,Hors agglomération,Hors intersection,Autre,Deux véhicules - côté,,,,,,,,,,,1,1,1,9,3
200500047578,0005-07-29 17:25:00,5,7,29,17,25,780,29.0,A13,,,Plein jour,Hors agglomération,Hors intersection,Normale,Deux véhicules - arrière,,,,,,,,,,,1,1,1,1,2
200500047579,0005-07-18 10:40:00,5,7,18,10,40,780,402.0,A13,,,Plein jour,Hors agglomération,Hors intersection,Normale,Deux véhicules - arrière,,,,,,,,,,,1,1,1,1,2
200500047580,0005-07-21 10:00:00,5,7,21,10,0,920,12.0,A13,,,Plein jour,Hors agglomération,Hors intersection,Normale,Deux véhicules - arrière,,,,,,,,,,,1,1,1,1,2
200500047581,0005-07-17 20:15:00,5,7,17,20,15,780,423.0,G12,,,Nuit avec éclairage allumé,Hors agglomération,Hors intersection,Normale,Sans collision,,,,,,,,,,,5,1,1,1,7
200500047582,0005-07-25 15:24:00,5,7,25,15,24,920,51.0,N13,,,Plein jour,Hors agglomération,Hors intersection,Normale,Autre collision,,,,,,,,,,,1,1,1,1,6
200500047583,0005-07-03 07:20:00,5,7,3,7,20,780,217.0,A13,,,Crépuscule ou aube,Hors agglomération,Hors intersection,Normale,Sans collision,,,,,,,,,,,2,1,1,1,7
200500047584,0005-07-11 17:01:00,5,7,11,17,1,920,48.0,N118,,,Plein jour,Hors agglomération,Hors intersection,Normale,Deux véhicules - arrière,,,,,,,,,,,1,1,1,1,2
200500047585,0005-07-24 10:15:00,5,7,24,10,15,780,297.0,G12,,,Plein jour,Hors agglomération,Hors intersection,Pluie légère,Deux véhicules - arrière,,,,,,,,,,,1,1,1,2,2
200500047586,0005-07-10 03:55:00,5,7,10,3,55,780,140.0,A13,,,Nuit avec éclairage allumé,Hors agglomération,Hors intersection,Normale,Deux véhicules - arrière,,,,,,,,,,,5,1,1,1,2
200500047587,0005-07-28 13:00:00,5,7,28,13,0,920,72.0,N118,,,Plein jour,Hors agglomération,Hors intersection,Autre,Sans collision,,,,,,,,,,,1,1,1,9,7
200500047588,0005-07-08 23:30:00,5,7,8,23,30,920,60.0,N186,,,Nuit avec éclairage allumé,Hors agglomération,Hors intersection,Pluie légère,Sans collision,,,,,,,,,,,5,1,1,2,7
200500047589,0005-07-24 16:50:00,5,7,24,16,50,920,48.0,N118,,,Plein jour,Hors agglomération,Hors intersection,Pluie légère,Autre collision,,,,,,,,,,,1,1,1,2,6
200500047590,0005-07-18 19:12:00,5,7,18,19,12,920,36.0,A86,,,Plein jour,Hors agglomération,Hors intersection,Normale,Deux véhicules - arrière,,,,,,,,,,,1,1,1,1,2
200500047591,0005-07-01 09:15:00,5,7,1,9,15,920,50.0,A86,,,Plein jour,Hors agglomération,Hors intersection,Normale,Autre collision,,,,,,,,,,,1,1,1,1,6
200500047592,0005-07-01 08:46:00,5,7,1,8,46,940,76.0,AUTOROUTE A6A,,,Plein jour,Hors agglomération,Hors intersection,Normale,Deux véhicules - côté,,,,,,,,,,,1,1,1,1,3
200500047593,0005-07-02 06:04:00,5,7,2,6,4,910,661.0,AUTOROUTE A10,,,Plein jour,Hors agglomération,Hors intersection,Normale,Deux véhicules - arrière,,,,,,,,,,,1,1,1,1,2
200500047594,0005-07-02 16:08:00,5,7,2,16,8,910,182.0,RN 104,,,Plein jour,Hors agglomération,Hors intersection,Normale,Autre collision,,,,,,,,,,,1,1,1,1,6
200500047595,0005-07-04 21:15:00,5,7,4,21,15,770,384.0,AUTOROUTE A5A,,,Crépuscule ou aube,Hors agglomération,Hors intersection,Normale,Autre collision,,,,,,,,,,,2,1,1,1,6
200500047596,0005-07-05 07:50:00,5,7,5,7,50,910,687.0,AUTOROUTE A6,,,Plein jour,Hors agglomération,Hors intersection,Normale,Deux véhicules - arrière,,,,,,,,,,,1,1,1,1,2
200500047597,0005-07-06 07:15:00,5,7,6,7,15,940,38.0,AUTOROUTE A6A,,,Plein jour,Hors agglomération,Hors intersection,Normale,Trois véhicules et plus - collisions multiples,,,,,,,,,,,1,1,1,1,5
200500047598,0005-07-07 01:06:00,5,7,7,1,6,940,3.0,AUTOROUTE A6A,,,Nuit avec éclairage allumé,Hors agglomération,Hors intersection,Normale,Autre collision,,,,,,,,,,,5,1,1,1,6
200500047599,0005-07-08 18:01:00,5,7,8,18,1,910,377.0,AUTOROUTE A10,,,Plein jour,Hors agglomération,Hors intersection,Temps couvert,Deux véhicules - arrière,,,,,,,,,,,1,1,1,8,2
200500047600,0005-07-09 16:55:00,5,7,9,16,55,910,521.0,AUTOROUTE A6,,,Plein jour,Hors agglomération,Hors intersection,Normale,Autre collision,,,,,,,,,,,1,1,1,1,6
200500047601,0005-07-11 05:34:00,5,7,11,5,34,910,692.0,RN 118,,,Crépuscule ou aube,Hors agglomération,Hors intersection,Normale,Autre collision,,,,,,,,,,,2,1,1,1,6
200500047602,0005-07-11 09:15:00,5,7,11,9,15,910,377.0,AUTOROUTE A10,,,Plein jour,Hors agglomération,Hors intersection,Normale,Deux véhicules - arrière,,,,,,,,,,,1,1,1,1,2
200500047603,0005-07-12 13:05:00,5,7,12,13,5,940,65.0,AUTOROUTE A86,,,Plein jour,Hors agglomération,Hors intersection,Normale,Deux véhicules - arrière,,,,,,,,,,,1,1,1,1,2
200500047604,0005-07-13 10:10:00,5,7,13,10,10,940,34.0,AUTOROUTE A86,,,Plein jour,Hors agglomération,Hors intersection,Normale,Deux véhicules - arrière,,,,,,,,,,,1,1,1,1,2
200500047605,0005-07-15 17:30:00,5,7,15,17,30,910,659.0,AUTOROUTE A6,,,Plein jour,Hors agglomération,Hors intersection,Normale,Deux véhicules - arrière,,,,,,,,,,,1,1,1,1,2
200500047606,0005-07-16 00:30:00,5,7,16,0,30,940,37.0,AUTOROUTE A6B,,,Nuit avec éclairage allumé,Hors agglomération,Hors intersection,Normale,Autre collision,,,,,,,,,,,5,1,1,1,6
200500047607,0005-07-17 16:20:00,5,7,17,16,20,910,363.0,AUTOROUTE A10,,,Plein jour,Hors agglomération,Hors intersection,Normale,Autre collision,,,,,,,,,,,1,1,1,1,6
200500047608,0005-07-21 08:48:00,5,7,21,8,48,940,76.0,AUTOROUTE A6A,,,Plein jour,Hors agglomération,Hors intersection,Normale,Deux véhicules - côté,,,,,,,,,,,1,1,1,1,3
200500047609,0005-07-22 13:50:00,5,7,22,13,50,940,65.0,AUTOROUTE A86,,,Plein jour,Hors agglomération,Hors intersection,Normale,Sans collision,,,,,,,,,,,1,1,1,1,7
200500047610,0005-07-23 15:25:00,5,7,23,15,25,910,689.0,AUTOROUTE A6,,,Plein jour,Hors agglomération,Hors intersection,Normale,Sans collision,,,,,,,,,,,1,1,1,1,7
200500047611,0005-07-25 19:37:00,5,7,25,19,37,910,553.0,RN 104,,,Plein jour,Hors agglomération,Autre intersection,Normale,Autre collision,,,,,,,,,,,1,1,9,1,6
200500047612,0005-07-25 20:30:00,5,7,25,20,30,910,687.0,AUTOROUTE A6,,,Crépuscule ou aube,Hors agglomération,Hors intersection,Normale,Sans collision,,,,,,,,,,,2,1,1,1,7
200500047613,0005-07-26 05:07:00,5,7,26,5,7,940,3.0,AUTOROUTE A6B,,,Nuit avec éclairage allumé,Hors agglomération,Hors intersection,Normale,Autre collision,,,,,,,,,,,5,1,1,1,6
200500047614,0005-07-26 18:47:00,5,7,26,18,47,910,161.0,AUTOROUTE A6,,,Plein jour,Hors agglomération,Hors intersection,Temps couvert,Deux véhicules - côté,,,,,,,,,,,1,1,1,8,3
200500047615,0005-07-28 02:10:00,5,7,28,2,10,910,377.0,RN 188,,,Nuit sans éclairage public,Hors agglomération,Hors intersection,Normale,Autre collision,,,,,,,,,,,3,1,1,1,6
200500047616,0005-07-28 17:45:00,5,7,28,17,45,910,363.0,AUTOROUTE A10,,,Plein jour,Hors agglomération,Hors intersection,Pluie forte,Autre collision,,,,,,,,,,,1,1,1,3,6
200500047617,0005-07-28 19:10:00,5,7,28,19,10,910,377.0,"476, RN20",,,Plein jour,Hors agglomération,Hors intersection,Normale,Deux véhicules - côté,,,,,,,,,,,1,1,1,1,3
200500047618,0005-07-29 03:10:00,5,7,29,3,10,940,21.0,AUTOROUTE A6A,,,Nuit avec éclairage allumé,Hors agglomération,Hors intersection,Normale,Deux véhicules - arrière,,,,,,,,,,,5,1,1,1,2
200500047619,0005-07-29 15:22:00,5,7,29,15,22,940,37.0,AUTOROUTE A6A,,,Plein jour,Hors agglomération,Hors intersection,Normale,Trois véhicules et plus - en chaîne,,,,,,,,,,,1,1,1,1,4
200500047620,0005-07-29 19:23:00,5,7,29,19,23,940,3.0,AUTOROUTE A6A,,,Plein jour,Hors agglomération,Hors intersection,Normale,Deux véhicules - côté,,,,,,,,,,,1,1,1,1,3
200500047621,0005-07-29 20:10:00,5,7,29,20,10,910,228.0,RN 104,,,Plein jour,Hors agglomération,Hors intersection,Normale,Deux véhicules - côté,,,,,,,,,,,1,1,1,1,3
200500047622,0005-07-30 03:43:00,5,7,30,3,43,910,468.0,AUTOROUTE A6,,,Nuit sans éclairage public,Hors agglomération,Hors intersection,Pluie forte,Deux véhicules - arrière,,,,,,,,,,,3,1,1,3,2
200500047623,0005-07-30 14:00:00,5,7,30,14,0,910,432.0,AUTOROUTE A6,,,Plein jour,Hors agglomération,Hors intersection,Pluie légère,Autre collision,,,,,,,,,,,1,1,1,2,6
200500047624,0005-07-30 16:35:00,5,7,30,16,35,920,2.0,AUTOROUTE A10,,,Plein jour,Hors agglomération,Hors intersection,Normale,Deux véhicules - arrière,,,,,,,,,,,1,1,1,1,2
200500047625,0005-07-30 19:40:00,5,7,30,19,40,910,377.0,RN20,,,Plein jour,Hors agglomération,Intersection en X,Normale,Deux véhicules - côté,,,,,,,,,,,1,1,2,1,3
200500047626,0005-07-31 05:01:00,5,7,31,5,1,910,589.0,AUTOROUTE A6,,,Nuit avec éclairage allumé,Hors agglomération,Hors intersection,Normale,Sans collision,,,,,,,,,,,5,1,1,1,7
200500047627,0005-07-02 19:51:00,5,7,2,19,51,202,37.0,"SANS, TOUTES RUES",,,Plein jour,En agglomération,Hors intersection,Normale,Deux véhicules - arrière,,,,,,,,,,,1,2,1,1,2
200500047628,0005-07-05 15:17:00,5,7,5,15,17,202,33.0,"SANS, ST MICHEL - RUE",,,Plein jour,En agglomération,Hors intersection,Normale,Deux véhicules - frontale,,,,,,,,,,,1,2,1,1,1
200500047629,0005-07-08 14:39:00,5,7,8,14,39,202,33.0,"SANS, AV DE LA LIBERATIO",,,Plein jour,En agglomération,Hors intersection,Normale,Deux véhicules - côté,,,,,,,,,,,1,2,1,1,3
200500047630,0005-07-09 11:20:00,5,7,9,11,20,202,33.0,"SANS, TUNNEL",,,Plein jour,En agglomération,Hors intersection,Normale,Trois véhicules et plus - collisions multiples,,,,,,,,,,,1,2,1,1,5
200500047631,0005-07-10 12:46:00,5,7,10,12,46,202,33.0,"17, CITE AURORE",,,Plein jour,En agglomération,Hors intersection,Normale,Deux véhicules - frontale,,,,,,,,,,,1,2,1,1,1
200500047632,0005-07-11 12:27:00,5,7,11,12,27,202,33.0,"SANS, SAMPIERO CORSO - A",,,Plein jour,En agglomération,Hors intersection,Normale,Trois véhicules et plus - en chaîne,,,,,,,,,,,1,2,1,1,4
200500047633,0005-07-17 23:28:00,5,7,17,23,28,202,33.0,"SANS, ROUTE ROYALE",,,Nuit avec éclairage allumé,En agglomération,Hors intersection,Normale,Deux véhicules - arrière,,,,,,,,,,,5,2,1,1,2
200500047634,0005-07-17 05:50:00,5,7,17,5,50,202,120.0,"SANS, TOUTES RUES",,,Nuit avec éclairage allumé,En agglomération,Hors intersection,Normale,Deux véhicules - côté,,,,,,,,,,,5,2,1,1,3
200500047635,0005-07-20 18:25:00,5,7,20,18,25,202,37.0,"SANS, TOUTES RUES",,,Plein jour,En agglomération,Hors intersection,Normale,Deux véhicules - côté,,,,,,,,,,,1,2,1,1,3
200500047636,0005-07-25 10:40:00,5,7,25,10,40,202,33.0,"SANS, 193 - RN",,,Plein jour,En agglomération,Hors intersection,Normale,Trois véhicules et plus - en chaîne,,,,,,,,,,,1,2,1,1,4
200500047637,0005-07-27 12:14:00,5,7,27,12,14,202,33.0,"SANS, TUNNEL",,,Plein jour,En agglomération,Hors intersection,Normale,Deux véhicules - arrière,,,,,,,,,,,1,2,1,1,2
200500047638,0005-07-28 08:43:00,5,7,28,8,43,202,33.0,"SANS, TOUTES RUES",,,Plein jour,En agglomération,Hors intersection,Normale,Deux véhicules - frontale,,,,,,,,,,,1,2,1,1,1
200500047639,0005-07-29 00:18:00,5,7,29,0,18,202,33.0,"SANS, ROND POINT",,,Nuit avec éclairage allumé,En agglomération,Hors intersection,Normale,Autre collision,,,,,,,,,,,5,2,1,1,6
200500047640,0005-07-31 18:52:00,5,7,31,18,52,202,33.0,"SANS, TOUTES RUES",,,Plein jour,En agglomération,Hors intersection,Normale,Deux véhicules - côté,,,,,,,,,,,1,2,1,1,3
200500047641,0005-07-02 02:45:00,5,7,2,2,45,690,382.0,"26, DOCTEUR GAILLETON (D",,,Nuit avec éclairage allumé,En agglomération,Hors intersection,Normale,Deux véhicules - côté,,,,,,,,,,,5,2,1,1,3
200500047642,0005-07-02 22:06:00,5,7,2,22,6,690,382.0,ANTONIN PONCET,,,Crépuscule ou aube,En agglomération,Hors intersection,Normale,Autre collision,,,,,,,,,,,2,2,1,1,6
200500047643,0005-07-03 07:15:00,5,7,3,7,15,690,382.0,", DOCTEUR GAILLETON (DU)",,,Plein jour,En agglomération,Hors intersection,Normale,Autre collision,,,,,,,,,,,1,2,1,1,6
200500047644,0005-07-03 16:45:00,5,7,3,16,45,690,382.0,DOCTEUR GAILLETON (DU),,,Plein jour,En agglomération,Intersection en X,Normale,Deux véhicules - côté,,,,,,,,,,,1,2,2,1,3
200500047645,0005-07-09 06:50:00,5,7,9,6,50,690,382.0,PERRACHE,,,Plein jour,En agglomération,Hors intersection,Normale,Sans collision,,,,,,,,,,,1,2,1,1,7
200500047646,0005-07-10 12:10:00,5,7,10,12,10,690,382.0,PRESIDENT EDOUARD HERRIO,,,Plein jour,En agglomération,Intersection en X,Normale,Deux véhicules - côté,,,,,,,,,,,1,2,2,1,3
200500047647,0005-07-15 11:15:00,5,7,15,11,15,690,382.0,BELLECOUR,,,Plein jour,En agglomération,Intersection en T,Normale,Autre collision,,,,,,,,,,,1,2,3,1,6