accident_id,datetime,annee,mois,jour,heure,minute,departement,commune_insee,adresse,latitude,longitude,luminosite,agglomeration,intersection,meteo,collision,nb_vehicules,nb_usagers,nb_indemnes,nb_tues,nb_blesses_hosp,nb_blesses_legers,age_cond_1,age_cond_2,veh_type_cond_1,veh_type_cond_2,lum_code,agg_code,int_code,atm_code,col_code
200500047648,0005-07-21 13:00:00,5,7,21,13,0,690,382.0,JULES COURMONT,,,Plein jour,En agglomération,Intersection en X,Normale,Deux véhicules - côté,,,,,,,,,,,1,2,2,1,3
200500047649,0005-07-29 09:40:00,5,7,29,9,40,690,382.0,BELLECOUR,,,Plein jour,En agglomération,Intersection en T,Normale,Deux véhicules - côté,,,,,,,,,,,1,2,3,1,3
200500047650,0005-07-25 14:45:00,5,7,25,14,45,690,382.0,"3, PRESIDENT CARNOT (DU)",,,Plein jour,En agglomération,Hors intersection,Temps couvert,Deux véhicules - côté,,,,,,,,,,,1,2,1,8,3
200500047651,0005-07-01 14:25:00,5,7,1,14,25,620,528.0,AUTOROUTE A21,,,Plein jour,Hors agglomération,Hors intersection,Normale,Sans collision,,,,,,,,,,,1,1,1,1,7
200500047652,0005-07-01 15:25:00,5,7,1,15,25,620,427.0,AUTOROUTE A21,,,Plein jour,Hors agglomération,Hors intersection,Normale,Sans collision,,,,,,,,,,,1,1,1,1,7
200500047653,0005-07-01 16:45:00,5,7,1,16,45,590,507.0,AUTOROUTE A1,,,Plein jour,Hors agglomération,Hors intersection,Normale,Autre collision,,,,,,,,,,,1,1,1,1,6
200500047654,0005-07-02 07:00:00,5,7,2,7,0,590,350.0,ROUTE NATIONALE 351,,,Plein jour,Hors agglomération,Hors intersection,Temps couvert,Autre collision,,,,,,,,,,,1,1,1,8,6
200500047655,0005-07-02 17:30:00,5,7,2,17,30,590,462.0,AUTOROUTE A1,,,Plein jour,Hors agglomération,Hors intersection,Normale,Autre collision,,,,,,,,,,,1,1,1,1,6
200500047656,0005-07-03 12:30:00,5,7,3,12,30,590,581.0,AUTOROUTE A25,,,Plein jour,Hors agglomération,Hors intersection,Normale,Sans collision,,,,,,,,,,,1,1,1,1,7
200500047657,0005-07-08 05:25:00,5,7,8,5,25,590,613.0,AUTOROUTE A2,,,Crépuscule ou aube,Hors agglomération,Hors intersection,Pluie légère,Deux véhicules - arrière,,,,,,,,,,,2,1,1,2,2
200500047658,0005-07-09 11:25:00,5,7,9,11,25,590,195.0,ROUTE NATIONALE 352,,,Plein jour,Hors agglomération,Autre intersection,Normale,Sans collision,,,,,,,,,,,1,1,9,1,7
200500047659,0005-07-09 18:20:00,5,7,9,18,20,590,343.0,AUTOROUTE A22,,,Plein jour,Hors agglomération,Hors intersection,Normale,Deux véhicules - arrière,,,,,,,,,,,1,1,1,1,2
200500047660,0005-07-10 04:55:00,5,7,10,4,55,590,284.0,AUTOROUTE A23,,,Nuit sans éclairage public,Hors agglomération,Hors intersection,Normale,Trois véhicules et plus - collisions multiples,,,,,,,,,,,3,1,1,1,5
200500047661,0005-07-10 16:45:00,5,7,10,16,45,590,9.0,ROUTE NATIONALE 227,,,Plein jour,Hors agglomération,Hors intersection,Normale,Deux véhicules - arrière,,,,,,,,,,,1,1,1,1,2
200500047662,0005-07-11 12:15:00,5,7,11,12,15,590,350.0,AUTOROUTE A25,,,Plein jour,Hors agglomération,Hors intersection,Normale,Deux véhicules - arrière,,,,,,,,,,,1,1,1,1,2
200500047663,0005-07-12 08:00:00,5,7,12,8,0,590,378.0,AUTOROUTE A22,,,Plein jour,Hors agglomération,Hors intersection,Normale,Deux véhicules - côté,,,,,,,,,,,1,1,1,1,3
200500047664,0005-07-15 18:50:00,5,7,15,18,50,590,350.0,AUTOROUTE A25,,,Plein jour,Hors agglomération,Hors intersection,Normale,Trois véhicules et plus - collisions multiples,,,,,,,,,,,1,1,1,1,5
200500047665,0005-07-17 00:05:00,5,7,17,0,5,590,537.0,ROUTE NATIONALE 352,,,Nuit avec éclairage allumé,Hors agglomération,Hors intersection,Normale,Trois véhicules et plus - collisions multiples,,,,,,,,,,,5,1,1,1,5
200500047666,0005-07-17 11:30:00,5,7,17,11,30,590,143.0,AUTOROUTE A25,,,Plein jour,Hors agglomération,Hors intersection,Normale,Trois véhicules et plus - en chaîne,,,,,,,,,,,1,1,1,1,4
200500047667,0005-07-18 01:00:00,5,7,18,1,0,620,498.0,AUTOROUTE A21,,,Nuit avec éclairage allumé,Hors agglomération,Hors intersection,Normale,Sans collision,,,,,,,,,,,5,1,1,1,7
200500047668,0005-07-21 10:45:00,5,7,21,10,45,590,305.0,AUTOROUTE A25,,,Plein jour,Hors agglomération,Hors intersection,Normale,Deux véhicules - côté,,,,,,,,,,,1,1,1,1,3
200500047669,0005-07-21 18:30:00,5,7,21,18,30,620,498.0,AUTOROUTE A21,,,Plein jour,Hors agglomération,Hors intersection,Normale,Deux véhicules - côté,,,,,,,,,,,1,1,1,1,3
200500047670,0005-07-22 13:00:00,5,7,22,13,0,590,360.0,AUTOROUTE A25,,,Plein jour,Hors agglomération,Hors intersection,Normale,Deux véhicules - côté,,,,,,,,,,,1,1,1,1,3
200500047671,0005-07-23 20:15:00,5,7,23,20,15,590,275.0,AUTOROUTE A27,,,Plein jour,Hors agglomération,Hors intersection,Pluie légère,Sans collision,,,,,,,,,,,1,1,1,2,7
200500047672,0005-07-24 18:00:00,5,7,24,18,0,590,143.0,AUTOROUTE A25,,,Plein jour,Hors agglomération,Hors intersection,Pluie légère,Deux véhicules - côté,,,,,,,,,,,1,1,1,2,3
200500047673,0005-07-24 17:45:00,5,7,24,17,45,590,350.0,ROUTE NATIONALE 356,,,Plein jour,Hors agglomération,Hors intersection,Normale,Autre collision,,,,,,,,,,,1,1,1,1,6
200500047674,0005-07-25 18:35:00,5,7,25,18,35,590,9.0,AUTOROUTE A22,,,Plein jour,Hors agglomération,Hors intersection,Normale,Deux véhicules - arrière,,,,,,,,,,,1,1,1,1,2
200500047675,0005-07-26 19:45:00,5,7,26,19,45,620,427.0,AUTOROUTE A21,,,Plein jour,Hors agglomération,Hors intersection,Pluie légère,Trois véhicules et plus - en chaîne,,,,,,,,,,,1,1,1,2,4
200500047676,0005-07-27 04:40:00,5,7,27,4,40,590,350.0,ROUTE NATIONALE 356,,,Nuit avec éclairage allumé,Hors agglomération,Hors intersection,Pluie légère,Autre collision,,,,,,,,,,,5,1,1,2,6
200500047677,0005-07-27 17:45:00,5,7,27,17,45,620,193.0,AUTOROUTE A16,,,Plein jour,Hors agglomération,Intersection en Y,Normale,Autre collision,,,,,,,,,,,1,1,4,1,6
200500047678,0005-07-27 18:15:00,5,7,27,18,15,590,431.0,AUTOROUTE A25,,,Plein jour,Hors agglomération,Hors intersection,Normale,Deux véhicules - côté,,,,,,,,,,,1,1,1,1,3
200500047679,0005-07-28 18:30:00,5,7,28,18,30,590,350.0,AUTOROUTE A25,,,Plein jour,Hors agglomération,Hors intersection,Normale,Trois véhicules et plus - en chaîne,,,,,,,,,,,1,1,1,1,4
200500047680,0005-07-30 18:55:00,5,7,30,18,55,620,274.0,AUTOROUTE A1,,,Plein jour,Hors agglomération,Hors intersection,Normale,Autre collision,,,,,,,,,,,1,1,1,1,6
200500047681,0005-07-30 02:00:00,5,7,30,2,0,620,498.0,AUTOROUTE A211,,,Nuit avec éclairage allumé,Hors agglomération,Hors intersection,Normale,Autre collision,,,,,,,,,,,5,1,1,1,6
200500047682,0005-07-30 18:05:00,5,7,30,18,5,590,350.0,AUTOROUTE A25,,,Plein jour,Hors agglomération,Hors intersection,Pluie légère,Sans collision,,,,,,,,,,,1,1,1,2,7
200500047683,0005-07-04 11:55:00,5,7,4,11,55,690,383.0,"3, DESAIX",,,Plein jour,En agglomération,Hors intersection,Normale,Autre collision,,,,,,,,,,,1,2,1,1,6
200500047684,0005-07-06 22:30:00,5,7,6,22,30,690,386.0,DUQUESNE,,,Nuit avec éclairage allumé,En agglomération,Intersection en X,Normale,Deux véhicules - frontale,,,,,,,,,,,5,2,2,1,1
200500047685,0005-07-05 17:00:00,5,7,5,17,0,690,383.0,PAUL BERT,,,Plein jour,En agglomération,Intersection en X,Normale,Deux véhicules - frontale,,,,,,,,,,,1,2,2,1,1
200500047686,0005-07-09 17:15:00,5,7,9,17,15,690,383.0,PAUL BERT,,,Plein jour,En agglomération,Hors intersection,Normale,Deux véhicules - arrière,,,,,,,,,,,1,2,1,1,2
200500047687,0005-07-10 03:15:00,5,7,10,3,15,690,383.0,LIBERTE (DE LA),,,Nuit avec éclairage allumé,En agglomération,Intersection en X,Normale,Autre collision,,,,,,,,,,,5,2,2,1,6
200500047688,0005-07-12 11:50:00,5,7,12,11,50,690,386.0,MARECHAL LYAUTEY (DU),,,Plein jour,En agglomération,Hors intersection,Normale,Deux véhicules - arrière,,,,,,,,,,,1,2,1,1,2
200500047689,0005-07-12 23:05:00,5,7,12,23,5,690,386.0,VITTON,,,Nuit avec éclairage allumé,En agglomération,Intersection en X,Normale,Deux véhicules - côté,,,,,,,,,,,5,2,2,1,3
200500047690,0005-07-13 09:00:00,5,7,13,9,0,690,386.0,CHARLES DE GAULLE,,,Plein jour,En agglomération,Hors intersection,Normale,Deux véhicules - arrière,,,,,,,,,,,1,2,1,1,2
200500047691,0005-07-15 16:30:00,5,7,15,16,30,690,386.0,STALINGRAD (DE),,,Plein jour,En agglomération,Hors intersection,Normale,Deux véhicules - frontale,,,,,,,,,,,1,2,1,1,1
200500047692,0005-07-18 09:55:00,5,7,18,9,55,690,383.0,MARECHAL DE SAXE,,,Plein jour,En agglomération,Intersection en X,Normale,Deux véhicules - frontale,,,,,,,,,,,1,2,2,1,1
200500047693,0005-07-17 03:00:00,5,7,17,3,0,690,383.0,GUILLOTIERE (DE LA),,,Nuit avec éclairage allumé,En agglomération,Hors intersection,Normale,Autre collision,,,,,,,,,,,5,2,1,1,6
200500047694,0005-07-20 20:00:00,5,7,20,20,0,690,386.0,CUVIER,,,Crépuscule ou aube,En agglomération,Intersection en X,Normale,Deux véhicules - côté,,,,,,,,,,,2,2,2,1,3
200500047695,0005-07-22 14:00:00,5,7,22,14,0,690,386.0,FRANKLIN ROOSEVELT,,,Plein jour,En agglomération,Intersection en X,Normale,Deux véhicules - côté,,,,,,,,,,,1,2,2,1,3
200500047696,0005-07-22 17:40:00,5,7,22,17,40,690,386.0,WINSTON CHURCHILL,,,Plein jour,En agglomération,Hors intersection,Normale,Deux véhicules - côté,,,,,,,,,,,1,2,1,1,3
200500047697,0005-07-23 15:25:00,5,7,23,15,25,690,386.0,CUVIER,,,Plein jour,En agglomération,Intersection en X,Normale,Deux véhicules - côté,,,,,,,,,,,1,2,2,1,3
200500047698,0005-07-24 05:05:00,5,7,24,5,5,690,386.0,VENDOME,,,Crépuscule ou aube,En agglomération,Intersection en X,Normale,Deux véhicules - côté,,,,,,,,,,,2,2,2,1,3
200500047699,0005-07-25 19:40:00,5,7,25,19,40,690,383.0,ST ANTOINE,,,Plein jour,En agglomération,Intersection en X,Normale,Deux véhicules - côté,,,,,,,,,,,1,2,2,1,3
200500047700,0005-07-27 21:15:00,5,7,27,21,15,690,386.0,"123, CHARMETTES (DES)",,,Plein jour,En agglomération,Hors intersection,Normale,Autre collision,,,,,,,,,,,1,2,1,1,6
200500047701,0005-07-28 18:40:00,5,7,28,18,40,690,386.0,LAFAYETTE,,,Plein jour,En agglomération,Hors intersection,Normale,Deux véhicules - côté,,,,,,,,,,,1,2,1,1,3
200500047702,0005-07-29 18:00:00,5,7,29,18,0,690,386.0,WINSTON CHURCHILL,,,Plein jour,En agglomération,Hors intersection,Temps couvert,Deux véhicules - côté,,,,,,,,,,,1,2,1,8,3
200500047703,0005-07-30 10:00:00,5,7,30,10,0,690,383.0,SERVIENT,,,Plein jour,En agglomération,Intersection en X,Normale,Trois véhicules et plus - collisions multiples,,,,,,,,,,,1,2,2,1,5
200500047704,0005-07-31 23:50:00,5,7,31,23,50,690,383.0,ALBERT THOMAS,,,Nuit avec éclairage allumé,En agglomération,Hors intersection,Normale,Deux véhicules - côté,,,,,,,,,,,5,2,1,1,3
200500047705,0005-07-02 14:50:00,5,7,2,14,50,690,384.0,"93, CROIX-ROUSSE (GRANDE",,,Plein jour,En agglomération,Intersection en T,Normale,Autre collision,,,,,,,,,,,1,2,3,1,6
200500047706,0005-07-14 08:25:00,5,7,14,8,25,690,384.0,"45, HENON",,,Plein jour,En agglomération,Intersection en X,Normale,Autre collision,,,,,,,,,,,1,2,2,1,6
200500047707,0005-07-14 19:30:00,5,7,14,19,30,690,384.0,"36, HERBOUVILLE (D')",,,Plein jour,En agglomération,Hors intersection,Normale,Autre collision,,,,,,,,,,,1,2,1,1,6
200500047708,0005-07-22 19:10:00,5,7,22,19,10,690,384.0,"16, HENRI CHEVALIER",,,Plein jour,En agglomération,Intersection en T,Normale,Deux véhicules - côté,,,,,,,,,,,1,2,3,1,3
200500047709,0005-07-23 08:30:00,5,7,23,8,30,690,384.0,"57, JOSEPH GILLET",,,Plein jour,En agglomération,Intersection en T,Normale,Deux véhicules - côté,,,,,,,,,,,1,2,3,1,3
200500047710,0005-07-30 04:15:00,5,7,30,4,15,690,384.0,"2, HERBOUVILLE (D')",,,Nuit avec éclairage allumé,En agglomération,Hors intersection,Normale,Autre collision,,,,,,,,,,,5,2,1,1,6
200500047711,0005-07-01 16:10:00,5,7,1,16,10,330,69.0,ROUTE NATIONALE,,,Plein jour,Hors agglomération,Hors intersection,Normale,Trois véhicules et plus - en chaîne,,,,,,,,,,,1,1,1,1,4
200500047712,0005-07-02 12:00:00,5,7,2,12,0,330,122.0,AUTOROUTE,,,Plein jour,Hors agglomération,Hors intersection,Normale,Trois véhicules et plus - en chaîne,,,,,,,,,,,1,1,1,1,4
200500047713,0005-07-04 04:05:00,5,7,4,4,5,330,318.0,ROCADE,,,Nuit avec éclairage allumé,Hors agglomération,Hors intersection,Pluie forte,Autre collision,,,,,,,,,,,5,1,1,3,6
200500047714,0005-07-06 08:40:00,5,7,6,8,40,330,550.0,AUTOROUTE,,,Plein jour,Hors agglomération,Hors intersection,Pluie légère,Trois véhicules et plus - en chaîne,,,,,,,,,,,1,1,1,2,4
200500047715,0005-07-12 07:55:00,5,7,12,7,55,330,550.0,ROCADE,,,Plein jour,Hors agglomération,Hors intersection,Normale,Deux véhicules - côté,,,,,,,,,,,1,1,1,1,3
200500047716,0005-07-12 17:45:00,5,7,12,17,45,330,474.0,AUTOROUTE,,,Plein jour,Hors agglomération,Hors intersection,Normale,Autre collision,,,,,,,,,,,1,1,1,1,6
200500047717,0005-07-12 19:15:00,5,7,12,19,15,330,192.0,ROCADE,,,Plein jour,Hors agglomération,Hors intersection,Normale,Deux véhicules - arrière,,,,,,,,,,,1,1,1,1,2
200500047718,0005-07-13 13:35:00,5,7,13,13,35,330,162.0,ROCADE,,,Plein jour,Hors agglomération,Hors intersection,Normale,Autre collision,,,,,,,,,,,1,1,1,1,6
200500047719,0005-07-17 12:05:00,5,7,17,12,5,330,63.0,ROCADE,,,Plein jour,Hors agglomération,Hors intersection,Normale,Sans collision,,,,,,,,,,,1,1,1,1,7
200500047720,0005-07-17 19:45:00,5,7,17,19,45,330,366.0,AUTOROUTE,,,Plein jour,Hors agglomération,Hors intersection,Normale,Autre collision,,,,,,,,,,,1,1,1,1,6
200500047721,0005-07-18 00:55:00,5,7,18,0,55,330,80.0,AUTOROUTE,,,Nuit sans éclairage public,Hors agglomération,Hors intersection,Normale,Sans collision,,,,,,,,,,,3,1,1,1,7
200500047722,0005-07-20 19:05:00,5,7,20,19,5,330,75.0,ROCADE,,,Plein jour,Hors agglomération,Hors intersection,Normale,Deux véhicules - arrière,,,,,,,,,,,1,1,1,1,2
200500047723,0005-07-22 15:15:00,5,7,22,15,15,330,122.0,AUTOROUTE,,,Plein jour,Hors agglomération,Hors intersection,Normale,Autre collision,,,,,,,,,,,1,1,1,1,6
200500047724,0005-07-22 18:30:00,5,7,22,18,30,330,318.0,ROCADE,,,Plein jour,Hors agglomération,Hors intersection,Normale,Deux véhicules - côté,,,,,,,,,,,1,1,1,1,3
200500047725,0005-07-23 21:10:00,5,7,23,21,10,330,550.0,ROCADE,,,Crépuscule ou aube,Hors agglomération,Hors intersection,Normale,Deux véhicules - côté,,,,,,,,,,,2,1,1,1,3
200500047726,0005-07-26 14:20:00,5,7,26,14,20,330,75.0,ROCADE,,,Plein jour,Hors agglomération,Hors intersection,Normale,Sans collision,,,,,,,,,,,1,1,1,1,7
200500047727,0005-07-27 17:55:00,5,7,27,17,55,330,39.0,ROUTE NATIONALE,,,Plein jour,Hors agglomération,Hors intersection,Normale,Deux véhicules - arrière,,,,,,,,,,,1,1,1,1,2
200500047728,0005-07-28 02:10:00,5,7,28,2,10,330,39.0,ROCADE,,,Nuit sans éclairage public,Hors agglomération,Hors intersection,Normale,Deux véhicules - frontale,,,,,,,,,,,3,1,1,1,1
200500047729,0005-07-28 12:10:00,5,7,28,12,10,330,397.0,AUTOROUTE,,,Plein jour,Hors agglomération,Hors intersection,Normale,Autre collision,,,,,,,,,,,1,1,1,1,6
200500047730,0005-07-29 12:20:00,5,7,29,12,20,330,63.0,ROCADE,,,Plein jour,Hors agglomération,Hors intersection,Pluie légère,Trois véhicules et plus - en chaîne,,,,,,,,,,,1,1,1,2,4
200500047731,0005-07-30 17:30:00,5,7,30,17,30,330,397.0,AUTOROUTE,,,Plein jour,Hors agglomération,Hors intersection,Normale,Deux véhicules - arrière,,,,,,,,,,,1,1,1,1,2
200500047732,0005-07-04 15:25:00,5,7,4,15,25,690,385.0,"6, DEBROUSSE",,,Plein jour,En agglomération,Hors intersection,Normale,Autre collision,,,,,,,,,,,1,2,1,1,6
200500047733,0005-07-14 02:56:00,5,7,14,2,56,690,385.0,"44, FAVORITE (DE LA )",,,Nuit avec éclairage allumé,En agglomération,Hors intersection,Normale,Autre collision,,,,,,,,,,,5,2,1,1,6
200500047734,0005-07-28 07:15:00,5,7,28,7,15,690,385.0,"108, COMMANDANT CHARCOT",,,Plein jour,En agglomération,Intersection en T,Normale,Deux véhicules - côté,,,,,,,,,,,1,2,3,1,3
200500047735,0005-07-29 22:50:00,5,7,29,22,50,690,385.0,"31, CHAZAY",,,Nuit avec éclairage allumé,En agglomération,Intersection en X,Pluie légère,Autre collision,,,,,,,,,,,5,2,2,2,6
200500047736,0005-07-02 16:50:00,5,7,2,16,50,540,215.0,Autoroute A 31,,,Plein jour,Hors agglomération,Hors intersection,Pluie légère,Autre collision,,,,,,,,,,,1,1,1,2,6
200500047737,0005-07-02 18:07:00,5,7,2,18,7,540,578.0,Autoroute A 33,,,Plein jour,Hors agglomération,Hors intersection,Normale,Autre collision,,,,,,,,,,,1,1,1,1,6
200500047738,0005-07-05 15:32:00,5,7,5,15,32,540,159.0,Autoroute A 33,,,Plein jour,Hors agglomération,Hors intersection,Normale,Sans collision,,,,,,,,,,,1,1,1,1,7
200500047739,0005-07-08 20:00:00,5,7,8,20,0,540,462.0,Autoroute A 33,,,Plein jour,Hors agglomération,Hors intersection,Normale,Deux véhicules - arrière,,,,,,,,,,,1,1,1,1,2
200500047740,0005-07-29 17:35:00,5,7,29,17,35,540,357.0,Autoroute A 31,,,Plein jour,Hors agglomération,Hors intersection,Normale,Autre collision,,,,,,,,,,,1,1,1,1,6
200500047741,0005-07-02 14:05:00,5,7,2,14,5,570,43.0,Autoroute A31,,,Plein jour,Hors agglomération,Hors intersection,Pluie légère,Autre collision,,,,,,,,,,,1,1,1,2,6
200500047742,0005-07-26 20:18:00,5,7,26,20,18,570,212.0,Route départementale 66,,,Plein jour,Hors agglomération,Giratoire,Normale,Sans collision,,,,,,,,,,,1,1,6,1,7
200500047743,0005-07-01 13:50:00,5,7,1,13,50,690,387.0,"37, LECLERC",,,Plein jour,En agglomération,Hors intersection,Normale,Deux véhicules - côté,,,,,,,,,,,1,2,1,1,3
200500047744,0005-07-05 09:30:00,5,7,5,9,30,690,387.0,TCHECOSLOVAQUES (DES),,,Plein jour,En agglomération,Hors intersection,Normale,Deux véhicules - arrière,,,,,,,,,,,1,2,1,1,2
200500047745,0005-07-05 18:40:00,5,7,5,18,40,690,387.0,"101, BERTHELOT",,,Plein jour,En agglomération,Hors intersection,Normale,Deux véhicules - côté,,,,,,,,,,,1,2,1,1,3
200500047746,0005-07-05 20:25:00,5,7,5,20,25,690,387.0,MONTESQUIEU,,,Plein jour,En agglomération,Intersection en X,Normale,Autre collision,,,,,,,,,,,1,2,2,1,6
200500047747,0005-07-09 11:40:00,5,7,9,11,40,690,387.0,UNIVERSITE (DE L'),,,Plein jour,En agglomération,Intersection en X,Normale,Deux véhicules - arrière,,,,,,,,,,,1,2,2,1,2
200500047748,0005-07-14 00:35:00,5,7,14,0,35,690,387.0,TONY GARNIER,,,Nuit avec éclairage allumé,En agglomération,Hors intersection,Normale,Trois véhicules et plus - en chaîne,,,,,,,,,,,5,2,1,1,4
200500047749,0005-07-12 11:05:00,5,7,12,11,5,690,387.0,BECHEVELIN,,,Plein jour,En agglomération,Intersection en X,Normale,Deux véhicules - côté,,,,,,,,,,,1,2,2,1,3
200500047750,0005-07-15 16:35:00,5,7,15,16,35,690,383.0,ANTONIN JUTARD,,,Plein jour,En agglomération,Hors intersection,Normale,Autre collision,,,,,,,,,,,1,2,1,1,6
200500047751,0005-07-20 14:00:00,5,7,20,14,0,690,387.0,"196, GERLAND (DE)",,,Plein jour,En agglomération,Hors intersection,Normale,Autre collision,,,,,,,,,,,1,2,1,1,6
200500047752,0005-07-20 19:15:00,5,7,20,19,15,690,387.0,PROFESSEUR GRIGNARD (DU),,,Plein jour,En agglomération,Intersection en X,Normale,Deux véhicules - côté,,,,,,,,,,,1,2,2,1,3
200500047753,0005-07-18 11:45:00,5,7,18,11,45,690,387.0,BERTHELOT,,,Plein jour,En agglomération,Intersection en T,Normale,Deux véhicules - côté,,,,,,,,,,,1,2,3,1,3
200500047754,0005-07-22 19:10:00,5,7,22,19,10,690,387.0,ST MICHEL,,,Plein jour,En agglomération,Intersection en X,Normale,Deux véhicules - côté,,,,,,,,,,,1,2,2,1,3
200500047755,0005-07-18 09:00:00,5,7,18,9,0,690,387.0,TONY GARNIER,,,Plein jour,En agglomération,Intersection en T,Normale,Autre collision,,,,,,,,,,,1,2,3,1,6
200500047756,0005-07-22 23:55:00,5,7,22,23,55,690,387.0,PASTEUR,,,Nuit avec éclairage allumé,En agglomération,Hors intersection,Normale,Deux véhicules - arrière,,,,,,,,,,,5,2,1,1,2
200500047757,0005-07-24 20:00:00,5,7,24,20,0,690,387.0,TONY GARNIER,,,Plein jour,En agglomération,Intersection en X,Normale,Deux véhicules - côté,,,,,,,,,,,1,2,2,1,3
200500047758,0005-07-25 03:55:00,5,7,25,3,55,690,387.0,PASTEUR,,,Nuit avec éclairage allumé,En agglomération,Intersection en X,Normale,Deux véhicules - côté,,,,,,,,,,,5,2,2,1,3
200500047759,0005-07-30 10:00:00,5,7,30,10,0,690,387.0,MARC BLOCH,,,Plein jour,En agglomération,Intersection en X,Normale,Autre collision,,,,,,,,,,,1,2,2,1,6
200500047760,0005-07-02 23:30:00,5,7,2,23,30,690,388.0,"110, FRERES LUMIERE (DES",,,Nuit avec éclairage allumé,En agglomération,Hors intersection,Normale,Autre collision,,,,,,,,,,,5,2,1,1,6
200500047761,0005-07-01 20:10:00,5,7,1,20,10,690,388.0,"13, MARIUS BERLIET",,,Plein jour,En agglomération,Hors intersection,Normale,Autre collision,,,,,,,,,,,1,2,1,1,6
200500047762,0005-07-11 21:35:00,5,7,11,21,35,690,388.0,"00, ETATS UNIS (DES)",,,Nuit avec éclairage allumé,En agglomération,Intersection en X,Normale,Deux véhicules - côté,,,,,,,,,,,5,2,2,1,3
200500047763,0005-07-10 11:40:00,5,7,10,11,40,690,388.0,"00, ST ROMAIN",,,Plein jour,En agglomération,Intersection en X,Normale,Deux véhicules - côté,,,,,,,,,,,1,2,2,1,3
200500047764,0005-07-11 15:30:00,5,7,11,15,30,690,388.0,"263, VIENNE (DE)",,,Plein jour,En agglomération,Hors intersection,Normale,Trois véhicules et plus - collisions multiples,,,,,,,,,,,1,2,1,1,5
200500047765,0005-07-14 18:45:00,5,7,14,18,45,690,388.0,"00, JEAN MERMOZ",,,Plein jour,En agglomération,Intersection en X,Normale,Autre collision,,,,,,,,,,,1,2,2,1,6
200500047766,0005-07-14 02:00:00,5,7,14,2,0,690,388.0,"00, FRERES LUMIERE (DES)",,,Nuit avec éclairage allumé,En agglomération,Intersection en X,Normale,Deux véhicules - côté,,,,,,,,,,,5,2,2,1,3
200500047767,0005-07-18 07:30:00,5,7,18,7,30,690,388.0,"00, CHALLEMEL LACOUR",,,Plein jour,En agglomération,Intersection en X,Normale,Deux véhicules - côté,,,,,,,,,,,1,2,2,1,3
200500047768,0005-07-22 15:00:00,5,7,22,15,0,690,388.0,"00, PAUL CAZENEUVE",,,Plein jour,En agglomération,Intersection en X,Normale,Autre collision,,,,,,,,,,,1,2,2,1,6
200500047769,0005-07-23 05:20:00,5,7,23,5,20,690,388.0,"25, FRERES LUMIERE (DES)",,,Nuit avec éclairage allumé,En agglomération,Hors intersection,Normale,Autre collision,,,,,,,,,,,5,2,1,1,6
200500047770,0005-07-24 17:00:00,5,7,24,17,0,690,388.0,"00, VILLON (DE)",,,Plein jour,En agglomération,Intersection en X,Normale,Autre collision,,,,,,,,,,,1,2,2,1,6
200500047771,0005-07-26 19:00:00,5,7,26,19,0,690,388.0,"00, PAUL CAZENEUVE",,,Plein jour,En agglomération,Intersection en X,Normale,Deux véhicules - côté,,,,,,,,,,,1,2,2,1,3
200500047772,0005-07-07 12:25:00,5,7,7,12,25,420,218.0,RN88,,,Plein jour,Hors agglomération,Hors intersection,Pluie légère,Autre collision,,,,,,,,,,,1,1,1,2,6
200500047773,0005-07-10 12:10:00,5,7,10,12,10,420,44.0,RN88,,,Plein jour,Hors agglomération,Hors intersection,Normale,Autre collision,,,,,,,,,,,1,1,1,1,6
200500047774,0005-07-25 09:55:00,5,7,25,9,55,420,186.0,A47,,,Plein jour,Hors agglomération,Hors intersection,Normale,Sans collision,,,,,,,,,,,1,1,1,1,7
200500047775,0005-07-29 13:15:00,5,7,29,13,15,420,218.0,RN88,,,Plein jour,Hors agglomération,Hors intersection,Pluie légère,Autre collision,,,,,,,,,,,1,1,1,2,6
200500047776,0005-07-01 00:50:00,5,7,1,0,50,10,275.0,A46N,,,Nuit sans éclairage public,Hors agglomération,Autre intersection,Pluie forte,Autre collision,,,,,,,,,,,3,1,9,3,6
200500047777,0005-07-01 23:20:00,5,7,1,23,20,380,544.0,N407,,,Nuit avec éclairage allumé,Hors agglomération,Hors intersection,Normale,Sans collision,,,,,,,,,,,5,1,1,1,7
200500047778,0005-07-03 18:30:00,5,7,3,18,30,690,81.0,A6,,,Plein jour,Hors agglomération,Hors intersection,Normale,Trois véhicules et plus - en chaîne,,,,,,,,,,,1,1,1,1,4
200500047779,0005-07-05 08:10:00,5,7,5,8,10,690,199.0,RN383,,,Plein jour,Hors agglomération,Hors intersection,Normale,Deux véhicules - côté,,,,,,,,,,,1,1,1,1,3
200500047780,0005-07-06 08:30:00,5,7,6,8,30,690,256.0,A42,,,Plein jour,Hors agglomération,Hors intersection,Pluie légère,Sans collision,,,,,,,,,,,1,1,1,2,7
200500047781,0005-07-07 08:15:00,5,7,7,8,15,690,259.0,BUS (RD301),,,Plein jour,Hors agglomération,Hors intersection,Normale,Trois véhicules et plus - en chaîne,,,,,,,,,,,1,1,1,1,4
200500047782,0005-07-07 22:50:00,5,7,7,22,50,690,29.0,A43,,,Nuit avec éclairage non allumé,Hors agglomération,Hors intersection,Pluie légère,Autre collision,,,,,,,,,,,4,1,1,2,6