accident_id,datetime,annee,mois,jour,heure,minute,departement,commune_insee,adresse,latitude,longitude,luminosite,agglomeration,intersection,meteo,collision,nb_vehicules,nb_usagers,nb_indemnes,nb_tues,nb_blesses_hosp,nb_blesses_legers,age_cond_1,age_cond_2,veh_type_cond_1,veh_type_cond_2,lum_code,agg_code,int_code,atm_code,col_code
200500047783,0005-07-09 18:45:00,5,7,9,18,45,380,544.0,N407,,,Plein jour,Hors agglomération,Intersection en T,Normale,Deux véhicules - côté,,,,,,,,,,,1,1,3,1,3
200500047784,0005-07-10 06:00:00,5,7,10,6,0,380,544.0,N407,,,Crépuscule ou aube,Hors agglomération,Hors intersection,Normale,Trois véhicules et plus - en chaîne,,,,,,,,,,,2,1,1,1,4
200500047785,0005-07-10 08:00:00,5,7,10,8,0,690,199.0,A7,,,Plein jour,Hors agglomération,Hors intersection,Normale,Trois véhicules et plus - collisions multiples,,,,,,,,,,,1,1,1,1,5
200500047786,0005-07-12 14:05:00,5,7,12,14,5,690,382.0,A7,,,Plein jour,Hors agglomération,Hors intersection,Normale,Deux véhicules - arrière,,,,,,,,,,,1,1,1,1,2
200500047787,0005-07-02 19:30:00,5,7,2,19,30,690,382.0,A7,,,Plein jour,Hors agglomération,Hors intersection,Normale,Trois véhicules et plus - collisions multiples,,,,,,,,,,,1,1,1,1,5
200500047788,0005-07-08 18:35:00,5,7,8,18,35,690,259.0,RN383,,,Plein jour,Hors agglomération,Hors intersection,Normale,Deux véhicules - arrière,,,,,,,,,,,1,1,1,1,2
200500047789,0005-07-13 10:30:00,5,7,13,10,30,690,290.0,A46S,,,Plein jour,Hors agglomération,Hors intersection,Normale,Deux véhicules - côté,,,,,,,,,,,1,1,1,1,3
200500047790,0005-07-14 10:10:00,5,7,14,10,10,690,199.0,A7,,,Plein jour,Hors agglomération,Autre intersection,Normale,Deux véhicules - côté,,,,,,,,,,,1,1,9,1,3
200500047791,0005-07-14 12:00:00,5,7,14,12,0,690,256.0,A42,,,Plein jour,Hors agglomération,Hors intersection,Normale,Deux véhicules - arrière,,,,,,,,,,,1,1,1,1,2
200500047792,0005-07-15 13:50:00,5,7,15,13,50,690,29.0,A43,,,Plein jour,Hors agglomération,Hors intersection,Normale,Sans collision,,,,,,,,,,,1,1,1,1,7
200500047793,0005-07-15 15:25:00,5,7,15,15,25,690,152.0,A450,,,Plein jour,Hors agglomération,Hors intersection,Normale,Sans collision,,,,,,,,,,,1,1,1,1,7
200500047794,0005-07-18 13:45:00,5,7,18,13,45,690,266.0,RN383,,,Plein jour,Hors agglomération,Hors intersection,Pluie légère,Trois véhicules et plus - en chaîne,,,,,,,,,,,1,1,1,2,4
200500047795,0005-07-18 15:10:00,5,7,18,15,10,10,238.0,A46N,,,Plein jour,Hors agglomération,Hors intersection,Normale,Deux véhicules - arrière,,,,,,,,,,,1,1,1,1,2
200500047796,0005-07-19 04:40:00,5,7,19,4,40,690,152.0,A7,,,Nuit avec éclairage allumé,Hors agglomération,Hors intersection,Normale,Deux véhicules - arrière,,,,,,,,,,,5,1,1,1,2
200500047797,0005-07-19 18:45:00,5,7,19,18,45,380,87.0,A7,,,Plein jour,Hors agglomération,Hors intersection,Normale,Autre collision,,,,,,,,,,,1,1,1,1,6
200500047798,0005-07-20 09:00:00,5,7,20,9,0,690,290.0,RN346,,,Plein jour,Hors agglomération,Hors intersection,Normale,Trois véhicules et plus - en chaîne,,,,,,,,,,,1,1,1,1,4
200500047799,0005-07-21 01:00:00,5,7,21,1,0,690,290.0,A43,,,Nuit avec éclairage non allumé,Hors agglomération,Hors intersection,Normale,Deux véhicules - côté,,,,,,,,,,,4,1,1,1,3
200500047800,0005-07-25 07:50:00,5,7,25,7,50,690,275.0,RN346,,,Plein jour,Hors agglomération,Hors intersection,Normale,Sans collision,,,,,,,,,,,1,1,1,1,7
200500047801,0005-07-27 11:30:00,5,7,27,11,30,690,382.0,A7,,,Plein jour,Hors agglomération,Hors intersection,Normale,Autre collision,,,,,,,,,,,1,1,1,1,6
200500047802,0005-07-29 04:00:00,5,7,29,4,0,690,199.0,RN383,,,Nuit avec éclairage allumé,Hors agglomération,Hors intersection,Normale,Autre collision,,,,,,,,,,,5,1,1,1,6
200500047803,0005-07-30 00:05:00,5,7,30,0,5,690,81.0,A6,,,Nuit avec éclairage allumé,Hors agglomération,Hors intersection,Pluie légère,Sans collision,,,,,,,,,,,5,1,1,2,7
200500047804,0005-07-30 00:30:00,5,7,30,0,30,380,544.0,N407,,,Nuit avec éclairage allumé,Hors agglomération,Hors intersection,Pluie légère,Autre collision,,,,,,,,,,,5,1,1,2,6
200500047805,0005-07-30 02:20:00,5,7,30,2,20,690,272.0,A46S,,,Nuit avec éclairage allumé,Hors agglomération,Hors intersection,Pluie légère,Deux véhicules - arrière,,,,,,,,,,,5,1,1,2,2
200500047806,0005-07-30 06:40:00,5,7,30,6,40,380,487.0,A7,,,Plein jour,Hors agglomération,Hors intersection,Normale,Deux véhicules - côté,,,,,,,,,,,1,1,1,1,3
200500047807,0005-07-31 19:20:00,5,7,31,19,20,690,297.0,A47,,,Plein jour,Hors agglomération,Hors intersection,Normale,Sans collision,,,,,,,,,,,1,1,1,1,7
200500047808,0005-07-03 23:40:00,5,7,3,23,40,690,389.0,"0, MARIETTON",,,Nuit avec éclairage allumé,En agglomération,Intersection en X,Normale,Deux véhicules - côté,,,,,,,,,,,5,2,2,1,3
200500047809,0005-07-10 19:10:00,5,7,10,19,10,690,389.0,"0, BOURBONNAIS (DU)",,,Plein jour,En agglomération,Intersection en X,Normale,Deux véhicules - côté,,,,,,,,,,,1,2,2,1,3
200500047810,0005-07-12 19:55:00,5,7,12,19,55,690,389.0,"0, BOURGOGNE (DE)",,,Plein jour,En agglomération,Intersection en Y,Normale,Deux véhicules - frontale,,,,,,,,,,,1,2,4,1,1
200500047811,0005-07-15 22:05:00,5,7,15,22,5,690,389.0,"0, RAOUL CARRIE",,,Nuit avec éclairage allumé,En agglomération,Hors intersection,Normale,Sans collision,,,,,,,,,,,5,2,1,1,7
200500047812,0005-07-22 12:35:00,5,7,22,12,35,690,389.0,"101, 25EME REGIMENT DE T",,,Plein jour,En agglomération,Hors intersection,Normale,Deux véhicules - côté,,,,,,,,,,,1,2,1,1,3
200500047813,0005-07-22 14:00:00,5,7,22,14,0,690,389.0,"116, MARIETTON",,,Plein jour,En agglomération,Hors intersection,Normale,Deux véhicules - arrière,,,,,,,,,,,1,2,1,1,2
200500047814,0005-07-25 00:01:00,5,7,25,0,1,690,389.0,"84, BALMES (DES)",,,Nuit avec éclairage allumé,En agglomération,Intersection en X,Normale,Autre collision,,,,,,,,,,,5,2,2,1,6
200500047815,0005-07-26 08:10:00,5,7,26,8,10,690,389.0,"52, PAUL SEDAILLIAN",,,Plein jour,En agglomération,Intersection en X,Normale,Deux véhicules - côté,,,,,,,,,,,1,2,2,1,3
200500047816,0005-07-29 12:55:00,5,7,29,12,55,690,389.0,"44, MARIETTON",,,Plein jour,En agglomération,Hors intersection,Normale,Autre collision,,,,,,,,,,,1,2,1,1,6
200500047817,0005-07-01 19:20:00,5,7,1,19,20,830,137.0,A57,,,Plein jour,Hors agglomération,Hors intersection,Normale,Trois véhicules et plus - en chaîne,,,,,,,,,,,1,1,1,1,4
200500047818,0005-07-05 15:03:00,5,7,5,15,3,830,27.0,A50,,,Plein jour,Hors agglomération,Hors intersection,Vent fort / tempête,Sans collision,,,,,,,,,,,1,1,1,6,7
200500047819,0005-07-07 15:58:00,5,7,7,15,58,830,137.0,A57,,,Plein jour,Hors agglomération,Hors intersection,Normale,Deux véhicules - arrière,,,,,,,,,,,1,1,1,1,2
200500047820,0005-07-10 04:20:00,5,7,10,4,20,830,47.0,A570,,,Nuit sans éclairage public,Hors agglomération,Hors intersection,Normale,Sans collision,,,,,,,,,,,3,1,1,1,7
200500047821,0005-07-12 08:05:00,5,7,12,8,5,830,137.0,A50,,,Plein jour,Hors agglomération,Hors intersection,Normale,Trois véhicules et plus - en chaîne,,,,,,,,,,,1,1,1,1,4
200500047822,0005-07-17 19:45:00,5,7,17,19,45,830,137.0,A57,,,Plein jour,Hors agglomération,Hors intersection,Normale,Deux véhicules - côté,,,,,,,,,,,1,1,1,1,3
200500047823,0005-07-29 04:10:00,5,7,29,4,10,830,90.0,A50,,,Nuit sans éclairage public,Hors agglomération,Hors intersection,Normale,Autre collision,,,,,,,,,,,3,1,1,1,6
200500047824,0005-07-29 12:15:00,5,7,29,12,15,830,47.0,A570,,,Plein jour,Hors agglomération,Hors intersection,Normale,Autre collision,,,,,,,,,,,1,1,1,1,6
200500047825,0005-07-30 17:25:00,5,7,30,17,25,830,137.0,A57,,,Plein jour,Hors agglomération,Hors intersection,Normale,Autre collision,,,,,,,,,,,1,1,1,1,6
200500047826,0005-07-01 15:10:00,5,7,1,15,10,130,117.0,A7-Sens Marseille vers L,,,Plein jour,Hors agglomération,Hors intersection,Normale,Deux véhicules - arrière,,,,,,,,,,,1,1,1,1,2
200500047827,0005-07-03 12:55:00,5,7,3,12,55,130,106.0,A7-Sens Marseille vers L,,,Plein jour,Hors agglomération,Hors intersection,Normale,Deux véhicules - arrière,,,,,,,,,,,1,1,1,1,2
200500047828,0005-07-04 17:15:00,5,7,4,17,15,130,1.0,A51-Sens Marseille vers,,,Plein jour,Hors agglomération,Autre intersection,Normale,Sans collision,,,,,,,,,,,1,1,9,1,7
200500047829,0005-07-05 11:50:00,5,7,5,11,50,130,55.0,A50-Sens Aubagne vers Ma,,,Plein jour,Hors agglomération,Hors intersection,Normale,Autre collision,,,,,,,,,,,1,1,1,1,6
200500047830,0005-07-05 14:00:00,5,7,5,14,0,130,55.0,A7-Sens Lyon vers Marsei,,,Plein jour,Hors agglomération,Hors intersection,Normale,Autre collision,,,,,,,,,,,1,1,1,1,6
200500047831,0005-07-05 18:17:00,5,7,5,18,17,130,71.0,A55-Sens Martigues vers,,,Plein jour,Hors agglomération,Hors intersection,Normale,Deux véhicules - côté,,,,,,,,,,,1,1,1,1,3
200500047832,0005-07-06 12:55:00,5,7,6,12,55,130,22.0,"A50, A50-Sens Aubagne ve",,,Plein jour,Hors agglomération,Hors intersection,Normale,Trois véhicules et plus - collisions multiples,,,,,,,,,,,1,1,1,1,5
200500047833,0005-07-09 14:30:00,5,7,9,14,30,130,71.0,A55-Sens Martigues vers,,,Plein jour,Hors agglomération,Hors intersection,Normale,Sans collision,,,,,,,,,,,1,1,1,1,7
200500047834,0005-07-09 19:00:00,5,7,9,19,0,130,54.0,A55-Sens Martigues vers,,,Plein jour,Hors agglomération,Hors intersection,Normale,Deux véhicules - arrière,,,,,,,,,,,1,1,1,1,2
200500047835,0005-07-09 23:52:00,5,7,9,23,52,130,55.0,A55-Sens Martigues vers,,,Nuit avec éclairage allumé,Hors agglomération,Hors intersection,Normale,Deux véhicules - arrière,,,,,,,,,,,5,1,1,1,2
200500047836,0005-07-11 20:35:00,5,7,11,20,35,130,55.0,A7-Sens Marseille vers L,,,Plein jour,Hors agglomération,Hors intersection,Normale,Deux véhicules - arrière,,,,,,,,,,,1,1,1,1,2
200500047837,0005-07-11 21:15:00,5,7,11,21,15,130,1.0,A51-Sens Aix en Provence,,,Crépuscule ou aube,Hors agglomération,Hors intersection,Normale,Deux véhicules - côté,,,,,,,,,,,2,1,1,1,3
200500047838,0005-07-12 19:00:00,5,7,12,19,0,130,55.0,A7-Sens Marseille vers L,,,Plein jour,Hors agglomération,Hors intersection,Normale,Trois véhicules et plus - en chaîne,,,,,,,,,,,1,1,1,1,4
200500047839,0005-07-14 23:17:00,5,7,14,23,17,130,33.0,A55-Sens Martigues vers,,,Nuit sans éclairage public,Hors agglomération,Hors intersection,Normale,Deux véhicules - côté,,,,,,,,,,,3,1,1,1,3
200500047840,0005-07-15 14:20:00,5,7,15,14,20,130,26.0,A55-Sens Marseille vers,,,Plein jour,Hors agglomération,Hors intersection,Normale,Autre collision,,,,,,,,,,,1,1,1,1,6
200500047841,0005-07-16 12:15:00,5,7,16,12,15,130,22.0,A50-Sens Aubagne vers To,,,Plein jour,Hors agglomération,Hors intersection,Normale,Autre collision,,,,,,,,,,,1,1,1,1,6
200500047842,0005-07-18 14:55:00,5,7,18,14,55,130,15.0,A51-Sens Marseille vers,,,Plein jour,Hors agglomération,Hors intersection,Normale,Sans collision,,,,,,,,,,,1,1,1,1,7
200500047843,0005-07-19 00:35:00,5,7,19,0,35,130,81.0,A7-Sens Marseille vers L,,,Nuit sans éclairage public,Hors agglomération,Hors intersection,Normale,Sans collision,,,,,,,,,,,3,1,1,1,7
200500047844,0005-07-20 00:45:00,5,7,20,0,45,130,55.0,A55-Sens Marseille vers,,,Nuit avec éclairage allumé,Hors agglomération,Autre intersection,Normale,Autre collision,,,,,,,,,,,5,1,9,1,6
200500047845,0005-07-21 13:00:00,5,7,21,13,0,130,55.0,A55-Sens Martigues vers,,,Plein jour,Hors agglomération,Hors intersection,Normale,Trois véhicules et plus - collisions multiples,,,,,,,,,,,1,1,1,1,5
200500047846,0005-07-22 13:55:00,5,7,22,13,55,130,19.0,A51-Sens Aix en Provence,,,Plein jour,Hors agglomération,Hors intersection,Normale,Deux véhicules - côté,,,,,,,,,,,1,1,1,1,3
200500047847,0005-07-22 18:58:00,5,7,22,18,58,130,55.0,A7-Sens Lyon vers Marsei,,,Plein jour,Hors agglomération,Hors intersection,Normale,Autre collision,,,,,,,,,,,1,1,1,1,6
200500047848,0005-07-24 13:30:00,5,7,24,13,30,130,55.0,A50-Sens Marseille vers,,,Plein jour,Hors agglomération,Hors intersection,Normale,Autre collision,,,,,,,,,,,1,1,1,1,6
200500047849,0005-07-25 08:50:00,5,7,25,8,50,130,55.0,Tunnel Joliette vers A.5,,,Plein jour,Hors agglomération,Hors intersection,Normale,Deux véhicules - arrière,,,,,,,,,,,1,1,1,1,2
200500047850,0005-07-26 15:10:00,5,7,26,15,10,130,55.0,A7-Sens Lyon vers Marsei,,,Plein jour,Hors agglomération,Hors intersection,Normale,Sans collision,,,,,,,,,,,1,1,1,1,7
200500047851,0005-07-27 08:00:00,5,7,27,8,0,130,55.0,A50-Sens Marseille vers,,,Plein jour,Hors agglomération,Hors intersection,Normale,Deux véhicules - arrière,,,,,,,,,,,1,1,1,1,2
200500047852,0005-07-27 09:10:00,5,7,27,9,10,130,55.0,A50-Sens Aubagne vers Ma,,,Plein jour,Hors agglomération,Hors intersection,Normale,Autre collision,,,,,,,,,,,1,1,1,1,6
200500047853,0005-07-27 12:50:00,5,7,27,12,50,130,71.0,A55 - Sens Marseille ver,,,Plein jour,Hors agglomération,Hors intersection,Normale,Deux véhicules - arrière,,,,,,,,,,,1,1,1,1,2
200500047854,0005-07-28 14:30:00,5,7,28,14,30,130,71.0,A51-Sens Aix en Provence,,,Plein jour,Hors agglomération,Hors intersection,Normale,Deux véhicules - arrière,,,,,,,,,,,1,1,1,1,2
200500047855,0005-07-28 16:08:00,5,7,28,16,8,130,71.0,A55 - Sens Marseille ver,,,Plein jour,Hors agglomération,Hors intersection,Normale,Trois véhicules et plus - collisions multiples,,,,,,,,,,,1,1,1,1,5
200500047856,0005-07-29 05:53:00,5,7,29,5,53,130,55.0,S10CD-Sens Aubagne vers,,,Crépuscule ou aube,Hors agglomération,Autre intersection,Normale,Deux véhicules - arrière,,,,,,,,,,,2,1,9,1,2
200500047857,0005-07-29 09:03:00,5,7,29,9,3,130,1.0,A51-Sens Marseille vers,,,Plein jour,Hors agglomération,Hors intersection,Normale,Autre collision,,,,,,,,,,,1,1,1,1,6
200500047858,0005-07-30 04:00:00,5,7,30,4,0,130,88.0,A55-Sens Martigues vers,,,Nuit sans éclairage public,Hors agglomération,Hors intersection,Normale,Sans collision,,,,,,,,,,,3,1,1,1,7
200500047859,0005-07-31 03:27:00,5,7,31,3,27,130,19.0,A51-Sens Aix en Provence,,,Nuit sans éclairage public,Hors agglomération,Hors intersection,Normale,Autre collision,,,,,,,,,,,3,1,1,1,6
200500047860,0005-07-18 08:30:00,5,7,18,8,30,130,55.0,Tunnel Prado Carénage,,,Plein jour,Hors agglomération,Hors intersection,Normale,Trois véhicules et plus - en chaîne,,,,,,,,,,,1,1,1,1,4
200500047861,0005-03-10 11:00:00,5,3,10,11,0,130,55.0,", GAMBETTA (ALLEE LEON)",,,Plein jour,En agglomération,Hors intersection,Normale,Deux véhicules - côté,,,,,,,,,,,1,2,1,1,3
200500047862,0005-06-04 12:15:00,5,6,4,12,15,340,172.0,"627, MOULINS (AVENUE DES",,,Plein jour,Hors agglomération,Hors intersection,Normale,Autre collision,,,,,,,,,,,1,1,1,1,6
200500047863,0005-06-05 03:30:00,5,6,5,3,30,440,109.0,"39, BELGES ( BD DES )",,,Nuit avec éclairage allumé,En agglomération,Hors intersection,Normale,Autre collision,,,,,,,,,,,5,2,1,1,6
200500047864,0005-03-05 13:56:00,5,3,5,13,56,620,464.0,"39, SALENGRO (R ROGER)",,,Plein jour,En agglomération,Hors intersection,Neige / grêle,Autre collision,,,,,,,,,,,1,2,1,4,6
200500047865,0005-06-20 16:30:00,5,6,20,16,30,830,34.0,"1590, FONT BRUN (RUE)",,,Plein jour,Hors agglomération,Hors intersection,Normale,Deux véhicules - côté,,,,,,,,,,,1,1,1,1,3
200500047866,0005-07-25 12:30:00,5,7,25,12,30,830,34.0,"155, RUE DES 3 PINS",,,Plein jour,Hors agglomération,Hors intersection,Normale,Deux véhicules - frontale,,,,,,,,,,,1,1,1,1,1
200500047867,0005-08-13 00:30:00,5,8,13,0,30,590,52.0,RUE JEAN JAURES,50.526,2.885,Nuit avec éclairage allumé,En agglomération,Hors intersection,Normale,Autre collision,,,,,,,,,,,5,2,1,1,6
200500047868,0005-08-31 19:45:00,5,8,31,19,45,590,5.0,"face au 12, rue du 14ème",50.546,2.952,Plein jour,En agglomération,Hors intersection,Normale,Deux véhicules - frontale,,,,,,,,,,,1,2,1,1,1
200500047869,0005-08-27 11:45:00,5,8,27,11,45,590,320.0,chemin vicinal 201,50.582,2.829,Plein jour,En agglomération,Hors intersection,Normale,Deux véhicules - frontale,,,,,,,,,,,1,2,1,1,1
200500047870,0005-08-01 17:30:00,5,8,1,17,30,590,278.0,lle face à FRANCOIS PNEU,,,Plein jour,En agglomération,Autre intersection,Normale,Autre collision,,,,,,,,,,,1,2,9,1,6
200500047871,0005-08-10 15:00:00,5,8,10,15,0,590,34.0,CD54,,,Plein jour,Hors agglomération,Hors intersection,Normale,Trois véhicules et plus - collisions multiples,,,,,,,,,,,1,1,1,1,5
200500047872,0005-08-27 18:45:00,5,8,27,18,45,590,67.0,,50.975,2.426,Plein jour,Hors agglomération,Intersection en T,Normale,Deux véhicules - côté,,,,,,,,,,,1,1,3,1,3
200500047873,0005-08-31 19:00:00,5,8,31,19,0,590,110.0,,,,Plein jour,Hors agglomération,Hors intersection,Normale,Trois véhicules et plus - collisions multiples,,,,,,,,,,,1,1,1,1,5
200500047874,0005-08-19 21:00:00,5,8,19,21,0,590,210.0,,50.892,2.433,Crépuscule ou aube,Hors agglomération,Hors intersection,Pluie forte,Deux véhicules - frontale,,,,,,,,,,,2,1,1,3,1
200500047875,0005-08-06 14:45:00,5,8,6,14,45,590,497.0,,,,Plein jour,Hors agglomération,Hors intersection,Normale,Sans collision,,,,,,,,,,,1,1,1,1,7
200500047876,0005-08-09 15:45:00,5,8,9,15,45,590,577.0,CD 161,,,Plein jour,En agglomération,Hors intersection,Normale,Deux véhicules - côté,,,,,,,,,,,1,2,1,1,3
200500047877,0005-08-21 07:15:00,5,8,21,7,15,590,416.0,,50.66,2.52,Plein jour,Hors agglomération,Hors intersection,Normale,Autre collision,,,,,,,,,,,1,1,1,1,6
200500047878,0005-08-22 16:30:00,5,8,22,16,30,590,308.0,,50.75,2.55,Plein jour,Hors agglomération,Hors intersection,Normale,Deux véhicules - frontale,,,,,,,,,,,1,1,1,1,1
200500047879,0005-08-27 08:45:00,5,8,27,8,45,590,416.0,,50.69,2.5,Plein jour,Hors agglomération,Hors intersection,Normale,Deux véhicules - arrière,,,,,,,,,,,1,1,1,1,2
200500047880,0005-08-18 05:30:00,5,8,18,5,30,590,268.0,Le Grand Chemin (CD 947),,,Crépuscule ou aube,Hors agglomération,Hors intersection,Normale,Trois véhicules et plus - collisions multiples,,,,,,,,,,,2,1,1,1,5
200500047881,0005-08-23 18:15:00,5,8,23,18,15,590,212.0,rue Emile ROCHE,50.646,2.722,Plein jour,En agglomération,Hors intersection,Normale,Deux véhicules - côté,,,,,,,,,,,1,2,1,1,3
200500047882,0005-08-09 11:45:00,5,8,9,11,45,590,262.0,,,,Plein jour,Hors agglomération,Intersection en X,Normale,Deux véhicules - côté,,,,,,,,,,,1,1,2,1,3
200500047883,0005-08-14 10:30:00,5,8,14,10,30,590,202.0,RUE DU BAC,50.681,2.846,Plein jour,En agglomération,Hors intersection,Normale,Autre collision,,,,,,,,,,,1,2,1,1,6
200500047884,0005-08-25 03:15:00,5,8,25,3,15,590,44.0,,50.612,3.27,Nuit sans éclairage public,Hors agglomération,Hors intersection,Pluie forte,Deux véhicules - frontale,,,,,,,,,,,3,1,1,3,1
200500047885,0005-08-30 11:15:00,5,8,30,11,15,590,523.0,,50.6,3.149,Plein jour,Hors agglomération,Hors intersection,Normale,Deux véhicules - frontale,,,,,,,,,,,1,1,1,1,1
200500047886,0005-08-26 18:15:00,5,8,26,18,15,590,643.0,945 route D'ARMENTIERES,,,Plein jour,Hors agglomération,Hors intersection,Normale,Deux véhicules - frontale,,,,,,,,,,,1,1,1,1,1
200500047887,0005-08-02 14:00:00,5,8,2,14,0,590,270.0,"CD 117, rue de Prisches",50.114,3.803,Plein jour,En agglomération,Hors intersection,Normale,Autre collision,,,,,,,,,,,1,2,1,1,6
200500047888,0005-08-27 18:00:00,5,8,27,18,0,590,331.0,faubourg de france,,,Plein jour,En agglomération,Hors intersection,Normale,Deux véhicules - arrière,,,,,,,,,,,1,2,1,1,2
200500047889,0005-08-01 16:20:00,5,8,1,16,20,590,12.0,efour de la cloche d'or,,,Plein jour,En agglomération,Intersection en X,Normale,Deux véhicules - côté,,,,,,,,,,,1,2,2,1,3
200500047890,0005-08-19 13:45:00,5,8,19,13,45,590,63.0,RUE BERTHELOT,,,Plein jour,En agglomération,Intersection en T,Normale,Deux véhicules - côté,,,,,,,,,,,1,2,3,1,3
200500047891,0005-08-28 17:45:00,5,8,28,17,45,590,623.0,Devant le 25 rue Ledoux,50.05,3.15,Plein jour,En agglomération,Hors intersection,Normale,Deux véhicules - arrière,,,,,,,,,,,1,2,1,1,2
200500047892,0005-08-26 16:20:00,5,8,26,16,20,590,108.0,inter rue FOCH ET HUGO,,,Plein jour,En agglomération,Hors intersection,Normale,Autre collision,,,,,,,,,,,1,2,1,1,6
200500047893,0005-08-07 09:00:00,5,8,7,9,0,590,370.0,,50.31,3.954,Plein jour,Hors agglomération,Hors intersection,Normale,Sans collision,,,,,,,,,,,1,1,1,1,7
200500047894,0005-08-05 23:40:00,5,8,5,23,40,620,776.0,route nationale 17,50.136,2.839,Nuit avec éclairage allumé,En agglomération,Hors intersection,Temps couvert,Deux véhicules - frontale,,,,,,,,,,,5,2,1,8,1
200500047895,0005-08-05 21:15:00,5,8,5,21,15,620,64.0,,50.112,2.833,Nuit avec éclairage allumé,Hors agglomération,Hors intersection,Normale,Sans collision,,,,,,,,,,,5,1,1,1,7
200500047896,0005-08-03 18:45:00,5,8,3,18,45,620,873.0,de la D34 et de la D37.,,,Plein jour,Hors agglomération,Intersection en X,Normale,Deux véhicules - côté,,,,,,,,,,,1,1,2,1,3
200500047897,0005-08-16 18:50:00,5,8,16,18,50,620,392.0,,,,Plein jour,Hors agglomération,Hors intersection,Normale,Deux véhicules - frontale,,,,,,,,,,,1,1,1,1,1
200500047898,0005-08-11 09:15:00,5,8,11,9,15,620,810.0,RN 17,50.36,2.79,Plein jour,En agglomération,Hors intersection,Normale,Deux véhicules - frontale,,,,,,,,,,,1,2,1,1,1
200500047899,0005-08-31 17:00:00,5,8,31,17,0,620,861.0,,50.389,2.797,Plein jour,Hors agglomération,Hors intersection,Normale,Deux véhicules - frontale,,,,,,,,,,,1,1,1,1,1
200500047900,0005-08-14 19:15:00,5,8,14,19,15,620,407.0,Rue de l'église,50.593,2.456,Plein jour,En agglomération,Hors intersection,Normale,Deux véhicules - frontale,,,,,,,,,,,1,2,1,1,1
200500047901,0005-08-01 16:00:00,5,8,1,16,0,620,25.0,CD 940,50.815,1.61,Plein jour,En agglomération,Hors intersection,Normale,Deux véhicules - frontale,,,,,,,,,,,1,2,1,1,1
200500047902,0005-08-02 15:50:00,5,8,2,15,50,620,911.0,ur et rue Anatole France,,,Plein jour,Hors agglomération,Intersection en X,Normale,Autre collision,,,,,,,,,,,1,1,2,1,6
200500047903,0005-08-23 19:30:00,5,8,23,19,30,620,604.0,Rue du Chemin,,,Plein jour,En agglomération,Hors intersection,Normale,Autre collision,,,,,,,,,,,1,2,1,1,6
200500047904,0005-08-04 15:00:00,5,8,4,15,0,620,443.0,,50.446,2.645,Plein jour,Hors agglomération,Hors intersection,Normale,Deux véhicules - frontale,,,,,,,,,,,1,1,1,1,1
200500047905,0005-08-02 16:30:00,5,8,2,16,30,620,571.0,avenue de la plage,,,Plein jour,En agglomération,Hors intersection,Normale,Trois véhicules et plus - collisions multiples,,,,,,,,,,,1,2,1,1,5
200500047906,0005-08-20 05:15:00,5,8,20,5,15,620,571.0,,50.467,1.638,Nuit sans éclairage public,Hors agglomération,Hors intersection,Normale,Sans collision,,,,,,,,,,,3,1,1,1,7
200500047907,0005-08-28 14:15:00,5,8,28,14,15,620,201.0,,,,Plein jour,Hors agglomération,Hors intersection,Normale,Deux véhicules - frontale,,,,,,,,,,,1,1,1,1,1
200500047908,0005-08-08 15:15:00,5,8,8,15,15,620,209.0,rue ruisseauville C.D154,50.485,2.139,Plein jour,En agglomération,Hors intersection,Temps couvert,Autre collision,,,,,,,,,,,1,2,1,8,6
200500047909,0005-08-18 11:55:00,5,8,18,11,55,620,364.0,rue de la gare à FRUGES.,,,Plein jour,En agglomération,Hors intersection,Normale,Deux véhicules - frontale,,,,,,,,,,,1,2,1,1,1
200500047910,0005-08-18 18:00:00,5,8,18,18,0,620,261.0,avenue francois Godin,50.49,1.617,Plein jour,En agglomération,Hors intersection,Normale,Deux véhicules - arrière,,,,,,,,,,,1,2,1,1,2
200500047911,0005-08-05 16:15:00,5,8,5,16,15,620,288.0,,,,Plein jour,Hors agglomération,Hors intersection,Pluie légère,Autre collision,,,,,,,,,,,1,1,1,2,6
200500047912,0005-08-24 10:45:00,5,8,24,10,45,620,14.0,rue d'isbergues,,,Plein jour,En agglomération,Hors intersection,Normale,Deux véhicules - frontale,,,,,,,,,,,1,2,1,1,1
200500047913,0005-08-10 12:30:00,5,8,10,12,30,620,57.0,Route du fort bâtard,,,Plein jour,En agglomération,Hors intersection,Normale,Deux véhicules - frontale,,,,,,,,,,,1,2,1,1,1
200500047914,0005-08-25 20:30:00,5,8,25,20,30,620,53.0,,50.585,2.127,Crépuscule ou aube,En agglomération,Hors intersection,Normale,Deux véhicules - côté,,,,,,,,,,,2,2,1,1,3
200500047915,0005-08-10 04:15:00,5,8,10,4,15,620,495.0,,,,Nuit sans éclairage public,Hors agglomération,Hors intersection,Normale,Sans collision,,,,,,,,,,,3,1,1,1,7