accident_id,datetime,annee,mois,jour,heure,minute,departement,commune_insee,adresse,latitude,longitude,luminosite,agglomeration,intersection,meteo,collision,nb_vehicules,nb_usagers,nb_indemnes,nb_tues,nb_blesses_hosp,nb_blesses_legers,age_cond_1,age_cond_2,veh_type_cond_1,veh_type_cond_2,lum_code,agg_code,int_code,atm_code,col_code
200500047916,0005-08-26 05:15:00,5,8,26,5,15,620,309.0,avenue Bernard Chochoy,,,Nuit avec éclairage allumé,En agglomération,Hors intersection,Normale,Deux véhicules - côté,,,,,,,,,,,5,2,1,1,3
200500047917,0005-08-25 15:00:00,5,8,25,15,0,620,767.0,,50.393,2.359,Plein jour,Hors agglomération,Hors intersection,Temps couvert,Deux véhicules - frontale,,,,,,,,,,,1,1,1,8,1
200500047918,0005-08-20 02:15:00,5,8,20,2,15,620,60.0,1 rue du marais,50.23,2.12,Nuit sans éclairage public,En agglomération,Hors intersection,Pluie légère,Autre collision,,,,,,,,,,,3,2,1,2,6
200500047919,0005-08-08 00:30:00,5,8,8,0,30,620,346.0,CD115,,,Nuit sans éclairage public,Hors agglomération,Hors intersection,Normale,Autre collision,,,,,,,,,,,3,1,1,1,6
200500047920,0005-08-31 16:45:00,5,8,31,16,45,800,799.0,ROUTE NATIONALE,,,Plein jour,En agglomération,Hors intersection,Normale,Deux véhicules - arrière,,,,,,,,,,,1,2,1,1,2
200500047921,0005-08-08 15:00:00,5,8,8,15,0,800,813.0,,,,Plein jour,Hors agglomération,Hors intersection,Normale,Sans collision,,,,,,,,,,,1,1,1,1,7
200500047922,0005-08-14 16:15:00,5,8,14,16,15,800,84.0,CD 187,,,Plein jour,Hors agglomération,Hors intersection,Normale,Autre collision,,,,,,,,,,,1,1,1,1,6
200500047923,0005-08-16 08:15:00,5,8,16,8,15,800,655.0,,,,Plein jour,Hors agglomération,Hors intersection,Normale,Deux véhicules - frontale,,,,,,,,,,,1,1,1,1,1
200500047924,0005-08-18 11:15:00,5,8,18,11,15,800,612.0,FACE AU 05 RUE MORVILLER,,,Plein jour,En agglomération,Hors intersection,Normale,Deux véhicules - côté,,,,,,,,,,,1,2,1,1,3
200500047925,0005-08-30 18:00:00,5,8,30,18,0,800,732.0,HAMEAU DE REDERIE,,,Plein jour,En agglomération,Hors intersection,Normale,Deux véhicules - côté,,,,,,,,,,,1,2,1,1,3
200500047926,0005-08-21 15:15:00,5,8,21,15,15,800,634.0,24 route de Daours,,,Plein jour,En agglomération,Hors intersection,Normale,Deux véhicules - frontale,,,,,,,,,,,1,2,1,1,1
200500047927,0005-08-23 11:30:00,5,8,23,11,30,800,718.0,RN 1,,,Plein jour,Hors agglomération,Giratoire,Temps couvert,Autre collision,,,,,,,,,,,1,1,6,8,6
200500047928,0005-08-07 14:30:00,5,8,7,14,30,800,574.0,voie communale,,,Plein jour,Hors agglomération,Hors intersection,Normale,Sans collision,,,,,,,,,,,1,1,1,1,7
200500047929,0005-08-27 17:00:00,5,8,27,17,0,800,215.0,,,,Plein jour,Hors agglomération,Intersection en X,Normale,Deux véhicules - côté,,,,,,,,,,,1,1,2,1,3
200500047930,0005-08-03 20:00:00,5,8,3,20,0,800,597.0,,50.079,1.598,Plein jour,Hors agglomération,Hors intersection,Normale,Deux véhicules - côté,,,,,,,,,,,1,1,1,1,3
200500047931,0005-08-20 09:30:00,5,8,20,9,30,800,368.0,,50.077,1.527,Plein jour,Hors agglomération,Hors intersection,Pluie légère,Deux véhicules - arrière,,,,,,,,,,,1,1,1,2,2
200500047932,0005-08-06 11:00:00,5,8,6,11,0,800,590.0,,,,Plein jour,Hors agglomération,Hors intersection,Normale,Deux véhicules - frontale,,,,,,,,,,,1,1,1,1,1
200500047933,0005-08-14 22:45:00,5,8,14,22,45,800,665.0,,,,Nuit sans éclairage public,Hors agglomération,Hors intersection,Normale,Autre collision,,,,,,,,,,,3,1,1,1,6
200500047934,0005-08-17 17:15:00,5,8,17,17,15,800,688.0,,50.307,1.644,Plein jour,Hors agglomération,Hors intersection,Normale,Deux véhicules - frontale,,,,,,,,,,,1,1,1,1,1
200500047935,0005-08-20 04:30:00,5,8,20,4,30,800,600.0,,,,Nuit sans éclairage public,Hors agglomération,Hors intersection,Normale,Autre collision,,,,,,,,,,,3,1,1,1,6
200500047936,0005-08-19 19:30:00,5,8,19,19,30,800,580.0,,,,Plein jour,Hors agglomération,Hors intersection,Pluie légère,Deux véhicules - côté,,,,,,,,,,,1,1,1,2,3
200500047937,0005-08-09 05:45:00,5,8,9,5,45,800,618.0,route de eu,,,Crépuscule ou aube,En agglomération,Hors intersection,Normale,Autre collision,,,,,,,,,,,2,2,1,1,6
200500047938,0005-08-02 09:00:00,5,8,2,9,0,800,392.0,ROUTE DE LA MAIRIE,50.186,2.381,Plein jour,En agglomération,Hors intersection,Normale,Sans collision,,,,,,,,,,,1,2,1,1,7
200500047939,0005-08-11 11:45:00,5,8,11,11,45,800,253.0,,50.17,2.337,Plein jour,Hors agglomération,Hors intersection,Normale,Autre collision,,,,,,,,,,,1,1,1,1,6
200500047940,0005-08-31 23:30:00,5,8,31,23,30,800,279.0,,,,Nuit sans éclairage public,Hors agglomération,Hors intersection,Normale,Autre collision,,,,,,,,,,,3,1,1,1,6
200500047941,0005-08-25 00:30:00,5,8,25,0,30,800,571.0,,,,Nuit sans éclairage public,Hors agglomération,Hors intersection,Pluie légère,Autre collision,,,,,,,,,,,3,1,1,2,6
200500047942,0005-08-28 22:00:00,5,8,28,22,0,800,10.0,,,,Nuit sans éclairage public,Hors agglomération,Hors intersection,Normale,Deux véhicules - frontale,,,,,,,,,,,3,1,1,1,1
200500047943,0005-08-16 17:30:00,5,8,16,17,30,800,150.0,,,,Plein jour,Hors agglomération,Hors intersection,Normale,Sans collision,,,,,,,,,,,1,1,1,1,7
200500047944,0005-08-28 15:00:00,5,8,28,15,0,800,549.0,,50.093,2.736,Plein jour,En agglomération,Hors intersection,Normale,Deux véhicules - arrière,,,,,,,,,,,1,2,1,1,2
200500047945,0005-08-29 17:15:00,5,8,29,17,15,20,238.0,,,,Plein jour,Hors agglomération,Hors intersection,Normale,Deux véhicules - côté,,,,,,,,,,,1,1,1,1,3
200500047946,0005-08-11 18:45:00,5,8,11,18,45,20,1.0,Rue de la fontaine,,,Plein jour,En agglomération,Hors intersection,Normale,Deux véhicules - frontale,,,,,,,,,,,1,2,1,1,1
200500047947,0005-08-17 14:45:00,5,8,17,14,45,20,58.0,13 RUE DU MOULIN D'ARCEN,,,Plein jour,En agglomération,Autre intersection,Normale,Deux véhicules - frontale,,,,,,,,,,,1,2,9,1,1
200500047948,0005-08-31 23:30:00,5,8,31,23,30,20,555.0,,,,Nuit sans éclairage public,Hors agglomération,Hors intersection,Normale,Deux véhicules - arrière,,,,,,,,,,,3,1,1,1,2
200500047949,0005-08-12 10:00:00,5,8,12,10,0,20,712.0,,,,Plein jour,Hors agglomération,Hors intersection,Normale,Deux véhicules - frontale,,,,,,,,,,,1,1,1,1,1
200500047950,0005-08-27 12:00:00,5,8,27,12,0,20,305.0,,,,Plein jour,Hors agglomération,Hors intersection,Normale,Deux véhicules - frontale,,,,,,,,,,,1,1,1,1,1
200500047951,0005-08-05 14:00:00,5,8,5,14,0,20,352.0,11 rue du Géant GOUY,50.008,3.257,Plein jour,En agglomération,Hors intersection,Normale,Autre collision,,,,,,,,,,,1,2,1,1,6
200500047952,0005-08-13 20:15:00,5,8,13,20,15,20,95.0,RUE JEAN JAURES,49.991,3.449,Plein jour,En agglomération,Hors intersection,Normale,Autre collision,,,,,,,,,,,1,2,1,1,6
200500047953,0005-08-22 02:00:00,5,8,22,2,0,20,95.0,RUE GERARD PARENT,49.996,3.452,Nuit avec éclairage allumé,En agglomération,Hors intersection,Normale,Autre collision,,,,,,,,,,,5,2,1,1,6
200500047954,0005-08-28 21:00:00,5,8,28,21,0,20,703.0,,49.953,3.498,Nuit sans éclairage public,Hors agglomération,Hors intersection,Normale,Sans collision,,,,,,,,,,,3,1,1,1,7
200500047955,0005-08-06 19:00:00,5,8,6,19,0,20,763.0,,,,Plein jour,Hors agglomération,Hors intersection,Normale,Deux véhicules - frontale,,,,,,,,,,,1,1,1,1,1
200500047956,0005-08-22 21:45:00,5,8,22,21,45,20,195.0,,,,Crépuscule ou aube,Hors agglomération,Hors intersection,Normale,Trois véhicules et plus - collisions multiples,,,,,,,,,,,2,1,1,1,5
200500047957,0005-08-03 12:15:00,5,8,3,12,15,20,810.0,avenue de boursonne,49.255,3.089,Plein jour,En agglomération,Hors intersection,Normale,Autre collision,,,,,,,,,,,1,2,1,1,6
200500047958,0005-08-06 06:00:00,5,8,6,6,0,20,232.0,,49.232,2.979,Plein jour,Hors agglomération,Hors intersection,Normale,Autre collision,,,,,,,,,,,1,1,1,1,6
200500047959,0005-08-21 17:30:00,5,8,21,17,30,20,819.0,,,,Plein jour,Hors agglomération,Hors intersection,Normale,Deux véhicules - frontale,,,,,,,,,,,1,1,1,1,1
200500047960,0005-08-29 02:15:00,5,8,29,2,15,20,558.0,,50.05,3.76,Nuit sans éclairage public,Hors agglomération,Hors intersection,Normale,Autre collision,,,,,,,,,,,3,1,1,1,6
200500047961,0005-08-03 07:45:00,5,8,3,7,45,20,450.0,,,,Crépuscule ou aube,Hors agglomération,Hors intersection,Brouillard / fumée,Trois véhicules et plus - collisions multiples,,,,,,,,,,,2,1,1,5,5
200500047962,0005-08-09 15:15:00,5,8,9,15,15,20,757.0,rue de la vicomté,49.935,3.581,Plein jour,En agglomération,Hors intersection,Normale,Deux véhicules - frontale,,,,,,,,,,,1,2,1,1,1
200500047963,0005-08-28 17:00:00,5,8,28,17,0,20,361.0,Rue Jean Jaurés,,,Plein jour,En agglomération,Hors intersection,Normale,Autre collision,,,,,,,,,,,1,2,1,1,6
200500047964,0005-08-07 05:00:00,5,8,7,5,0,20,381.0,AVENUE JOFFRE,49.939,4.073,Nuit sans éclairage public,En agglomération,Hors intersection,Normale,Autre collision,,,,,,,,,,,3,2,1,1,6
200500047965,0005-08-09 19:15:00,5,8,9,19,15,20,381.0,,49.978,4.169,Plein jour,Hors agglomération,Hors intersection,Normale,Deux véhicules - frontale,,,,,,,,,,,1,1,1,1,1
200500047966,0005-08-20 15:00:00,5,8,20,15,0,20,684.0,,49.92,4.18,Plein jour,Hors agglomération,Hors intersection,Pluie légère,Autre collision,,,,,,,,,,,1,1,1,2,6
200500047967,0005-08-23 20:30:00,5,8,23,20,30,20,381.0,rue Charles de GAULLE,49.928,4.083,Crépuscule ou aube,En agglomération,Hors intersection,Normale,Deux véhicules - côté,,,,,,,,,,,2,2,1,1,3
200500047968,0005-08-04 15:00:00,5,8,4,15,0,600,616.0,,49.364,1.768,Plein jour,En agglomération,Hors intersection,Normale,Deux véhicules - côté,,,,,,,,,,,1,2,1,1,3
200500047969,0005-08-22 19:20:00,5,8,22,19,20,600,652.0,rue du général De Gaulle,,,Plein jour,En agglomération,Hors intersection,Pluie légère,Deux véhicules - frontale,,,,,,,,,,,1,2,1,2,1
200500047970,0005-08-03 14:30:00,5,8,3,14,30,600,89.0,,49.234,1.883,Plein jour,Hors agglomération,Hors intersection,Normale,Sans collision,,,,,,,,,,,1,1,1,1,7
200500047971,0005-08-05 18:30:00,5,8,5,18,30,600,298.0,Grande rue,,,Plein jour,En agglomération,Hors intersection,Normale,Autre collision,,,,,,,,,,,1,2,1,1,6
200500047972,0005-08-20 16:15:00,5,8,20,16,15,600,108.0,,,,Plein jour,Hors agglomération,Hors intersection,Normale,Sans collision,,,,,,,,,,,1,1,1,1,7
200500047973,0005-08-23 17:45:00,5,8,23,17,45,600,297.0,,,,Plein jour,Hors agglomération,Hors intersection,Normale,Deux véhicules - frontale,,,,,,,,,,,1,1,1,1,1
200500047974,0005-08-07 21:00:00,5,8,7,21,0,600,34.0,,,,Plein jour,Hors agglomération,Hors intersection,Normale,Autre collision,,,,,,,,,,,1,1,1,1,6
200500047975,0005-08-18 11:15:00,5,8,18,11,15,600,104.0,PLACE DE VERDUN,49.637,2.296,Plein jour,En agglomération,Hors intersection,Normale,Autre collision,,,,,,,,,,,1,2,1,1,6
200500047976,0005-08-09 11:15:00,5,8,9,11,15,600,587.0,RN 17,,,Plein jour,En agglomération,Hors intersection,Normale,Autre collision,,,,,,,,,,,1,2,1,1,6
200500047977,0005-08-21 00:45:00,5,8,21,0,45,600,342.0,tionale 16 - PK 22 + 650,,,Nuit sans éclairage public,Hors agglomération,Hors intersection,Normale,Trois véhicules et plus - collisions multiples,,,,,,,,,,,3,1,1,1,5
200500047978,0005-08-09 00:15:00,5,8,9,0,15,600,317.0,,49.354,2.303,Nuit sans éclairage public,Hors agglomération,Hors intersection,Normale,Autre collision,,,,,,,,,,,3,1,1,1,6
200500047979,0005-08-29 07:30:00,5,8,29,7,30,600,120.0,,49.32,2.39,Crépuscule ou aube,Hors agglomération,Hors intersection,Normale,Deux véhicules - côté,,,,,,,,,,,2,1,1,1,3
200500047980,0005-08-01 15:00:00,5,8,1,15,0,600,222.0,,,,Plein jour,Hors agglomération,Intersection en X,Normale,Deux véhicules - côté,,,,,,,,,,,1,1,2,1,3
200500047981,0005-08-09 16:00:00,5,8,9,16,0,600,216.0,,,,Plein jour,Hors agglomération,Hors intersection,Normale,Deux véhicules - côté,,,,,,,,,,,1,1,1,1,3
200500047982,0005-08-12 16:00:00,5,8,12,16,0,600,222.0,,,,Plein jour,Hors agglomération,Intersection en X,Normale,Deux véhicules - côté,,,,,,,,,,,1,1,2,1,3
200500047983,0005-08-13 18:30:00,5,8,13,18,30,600,368.0,,49.48,2.842,Plein jour,Hors agglomération,Hors intersection,Normale,Deux véhicules - frontale,,,,,,,,,,,1,1,1,1,1
200500047984,0005-08-14 06:45:00,5,8,14,6,45,600,338.0,,49.395,2.788,Crépuscule ou aube,Hors agglomération,Hors intersection,Normale,Deux véhicules - côté,,,,,,,,,,,2,1,1,1,3
200500047985,0005-08-17 16:30:00,5,8,17,16,30,600,149.0,RUE DE LA GARE,49.349,2.682,Plein jour,En agglomération,Hors intersection,Normale,Autre collision,,,,,,,,,,,1,2,1,1,6
200500047986,0005-08-27 13:00:00,5,8,27,13,0,600,191.0,,49.549,2.706,Plein jour,Hors agglomération,Hors intersection,Normale,Deux véhicules - arrière,,,,,,,,,,,1,1,1,1,2
200500047987,0005-08-29 23:45:00,5,8,29,23,45,600,533.0,239 rue Georges Latapie,49.548,2.748,Nuit avec éclairage allumé,En agglomération,Hors intersection,Normale,Deux véhicules - côté,,,,,,,,,,,5,2,1,1,3
200500047988,0005-08-27 17:30:00,5,8,27,17,30,600,471.0,intersection entre la ru,,,Plein jour,En agglomération,Hors intersection,Normale,Autre collision,,,,,,,,,,,1,2,1,1,6
200500047989,0005-08-31 10:00:00,5,8,31,10,0,600,471.0,Avenue de la Libération,,,Plein jour,En agglomération,Hors intersection,Normale,Deux véhicules - frontale,,,,,,,,,,,1,2,1,1,1
200500047990,0005-08-15 08:45:00,5,8,15,8,45,600,612.0,RUE DE LA REPUBLIQUE,,,Plein jour,En agglomération,Intersection en T,Normale,Deux véhicules - côté,,,,,,,,,,,1,2,3,1,3
200500047991,0005-08-05 18:00:00,5,8,5,18,0,600,478.0,,49.202,2.951,Plein jour,Hors agglomération,Hors intersection,Normale,Autre collision,,,,,,,,,,,1,1,1,1,6
200500047992,0005-08-07 23:00:00,5,8,7,23,0,600,69.0,,49.177,2.939,Nuit sans éclairage public,Hors agglomération,Hors intersection,Normale,Deux véhicules - côté,,,,,,,,,,,3,1,1,1,3
200500047993,0005-08-05 21:15:00,5,8,5,21,15,600,139.0,CD105,,,Crépuscule ou aube,En agglomération,Hors intersection,Normale,Deux véhicules - côté,,,,,,,,,,,2,2,1,1,3
200500047994,0005-08-24 16:15:00,5,8,24,16,15,600,450.0,,,,Plein jour,Hors agglomération,Hors intersection,Vent fort / tempête,Sans collision,,,,,,,,,,,1,1,1,6,7
200500047995,0005-08-02 20:45:00,5,8,2,20,45,600,282.0,place de la République,49.19,2.414,Crépuscule ou aube,En agglomération,Hors intersection,Normale,Deux véhicules - côté,,,,,,,,,,,2,2,1,1,3
200500047996,0005-08-03 10:30:00,5,8,3,10,30,600,141.0,,49.188,2.49,Plein jour,Hors agglomération,Hors intersection,Normale,Deux véhicules - côté,,,,,,,,,,,1,1,1,1,3
200500047997,0005-08-22 00:45:00,5,8,22,0,45,600,141.0,Route du Château,49.197,2.483,Nuit sans éclairage public,En agglomération,Autre intersection,Normale,Deux véhicules - frontale,,,,,,,,,,,3,2,9,1,1
200500047998,0005-08-22 10:00:00,5,8,22,10,0,600,241.0,ersection CD126 et RN330,,,Plein jour,Hors agglomération,Hors intersection,Normale,Deux véhicules - côté,,,,,,,,,,,1,1,1,1,3
200500047999,0005-08-22 15:05:00,5,8,22,15,5,600,79.0,RN 2,,,Plein jour,Hors agglomération,Hors intersection,Normale,Trois véhicules et plus - collisions multiples,,,,,,,,,,,1,1,1,1,5
200500048000,0005-08-22 20:45:00,5,8,22,20,45,600,87.0,,,,Crépuscule ou aube,Hors agglomération,Hors intersection,Normale,Trois véhicules et plus - collisions multiples,,,,,,,,,,,2,1,1,1,5
200500048001,0005-08-28 00:01:00,5,8,28,0,1,600,509.0,CHEMIN DE LA FRETTE,,,Nuit sans éclairage public,En agglomération,Hors intersection,Normale,Autre collision,,,,,,,,,,,3,2,1,1,6
200500048002,0005-08-06 15:15:00,5,8,6,15,15,760,367.0,"CD 66, PK 8.800",,,Plein jour,Hors agglomération,Hors intersection,Normale,Sans collision,,,,,,,,,,,1,1,1,1,7
200500048003,0005-08-29 09:00:00,5,8,29,9,0,760,728.0,,,,Plein jour,Hors agglomération,Hors intersection,Normale,Autre collision,,,,,,,,,,,1,1,1,1,6
200500048004,0005-08-19 11:15:00,5,8,19,11,15,760,624.0,RUE DES CANADIENS,,,Plein jour,En agglomération,Hors intersection,Normale,Deux véhicules - côté,,,,,,,,,,,1,2,1,1,3
200500048005,0005-08-28 22:15:00,5,8,28,22,15,760,51.0,,49.786,1.022,Nuit sans éclairage public,Hors agglomération,Hors intersection,Normale,Deux véhicules - frontale,,,,,,,,,,,3,1,1,1,1
200500048006,0005-08-10 13:55:00,5,8,10,13,55,760,116.0,"eu dit ""MONT A CAILLOUX""",,,Plein jour,Hors agglomération,Intersection en X,Normale,Trois véhicules et plus - en chaîne,,,,,,,,,,,1,1,2,1,4
200500048007,0005-08-10 15:15:00,5,8,10,15,15,760,116.0,Rue du Bois d'ennebourg,,,Plein jour,En agglomération,Intersection en T,Normale,Deux véhicules - côté,,,,,,,,,,,1,2,3,1,3
200500048008,0005-08-06 15:30:00,5,8,6,15,30,760,222.0,,,,Plein jour,Hors agglomération,Hors intersection,Pluie légère,Autre collision,,,,,,,,,,,1,1,1,2,6
200500048009,0005-08-17 16:00:00,5,8,17,16,0,760,614.0,,,,Plein jour,Hors agglomération,Hors intersection,Normale,Sans collision,,,,,,,,,,,1,1,1,1,7
200500048010,0005-08-30 18:30:00,5,8,30,18,30,760,305.0,,,,Plein jour,Hors agglomération,Hors intersection,Normale,Deux véhicules - arrière,,,,,,,,,,,1,1,1,1,2
200500048011,0005-08-11 18:15:00,5,8,11,18,15,760,508.0,,,,Plein jour,Hors agglomération,Intersection en X,Normale,Deux véhicules - côté,,,,,,,,,,,1,1,2,1,3
200500048012,0005-08-03 20:00:00,5,8,3,20,0,760,404.0,Hameau du Mouchy,,,Plein jour,Hors agglomération,Intersection en X,Normale,Deux véhicules - côté,,,,,,,,,,,1,1,2,1,3
200500048013,0005-08-07 15:15:00,5,8,7,15,15,760,167.0,,,,Plein jour,Hors agglomération,Hors intersection,Normale,Sans collision,,,,,,,,,,,1,1,1,1,7
200500048014,0005-08-31 21:30:00,5,8,31,21,30,760,404.0,,,,Nuit avec éclairage non allumé,En agglomération,Hors intersection,Normale,Sans collision,,,,,,,,,,,4,2,1,1,7
200500048015,0005-08-02 18:00:00,5,8,2,18,0,760,388.0,,49.527,0.551,Plein jour,Hors agglomération,Hors intersection,Normale,Deux véhicules - frontale,,,,,,,,,,,1,1,1,1,1
200500048016,0005-08-29 22:45:00,5,8,29,22,45,760,281.0,,,,Nuit sans éclairage public,Hors agglomération,Hors intersection,Normale,Autre collision,,,,,,,,,,,3,1,1,1,6
200500048017,0005-08-22 17:30:00,5,8,22,17,30,760,647.0,,49.53,0.383,Plein jour,Hors agglomération,Hors intersection,Pluie forte,Sans collision,,,,,,,,,,,1,1,1,3,7
200500048018,0005-08-03 22:45:00,5,8,3,22,45,760,677.0,CD920,,,Nuit sans éclairage public,Hors agglomération,Hors intersection,Normale,Autre collision,,,,,,,,,,,3,1,1,1,6
200500048019,0005-08-06 17:00:00,5,8,6,17,0,760,459.0,Gaillefontaine - RD 135,,,Plein jour,Hors agglomération,Hors intersection,Normale,Trois véhicules et plus - collisions multiples,,,,,,,,,,,1,1,1,1,5
200500048020,0005-08-19 13:30:00,5,8,19,13,30,760,277.0,,,,Plein jour,Hors agglomération,Hors intersection,Normale,Deux véhicules - côté,,,,,,,,,,,1,1,1,1,3
200500048021,0005-08-31 22:30:00,5,8,31,22,30,760,312.0,place nationale,,,Nuit avec éclairage allumé,En agglomération,Hors intersection,Normale,Deux véhicules - côté,,,,,,,,,,,5,2,1,1,3
200500048022,0005-08-05 19:30:00,5,8,5,19,30,760,203.0,,,,Plein jour,Hors agglomération,Hors intersection,Normale,Deux véhicules - frontale,,,,,,,,,,,1,1,1,1,1
200500048023,0005-08-03 17:30:00,5,8,3,17,30,760,183.0,,49.754,0.443,Plein jour,En agglomération,Hors intersection,Temps éblouissant,Trois véhicules et plus - collisions multiples,,,,,,,,,,,1,2,1,7,5
200500048024,0005-08-04 16:30:00,5,8,4,16,30,760,587.0,,,,Plein jour,Hors agglomération,Autre intersection,Normale,Deux véhicules - frontale,,,,,,,,,,,1,1,9,1,1
200500048025,0005-08-08 15:45:00,5,8,8,15,45,760,406.0,rue de la mairie,49.701,0.331,Plein jour,En agglomération,Hors intersection,Autre,Autre collision,,,,,,,,,,,1,2,1,9,6
200500048026,0005-08-02 16:15:00,5,8,2,16,15,270,99.0,,,,Plein jour,Hors agglomération,Hors intersection,Normale,Deux véhicules - frontale,,,,,,,,,,,1,1,1,1,1
200500048027,0005-08-08 19:15:00,5,8,8,19,15,270,280.0,CD 57,,,Plein jour,Hors agglomération,Hors intersection,Normale,Autre collision,,,,,,,,,,,1,1,1,1,6
200500048028,0005-08-08 15:30:00,5,8,8,15,30,270,99.0,,,,Plein jour,Hors agglomération,Hors intersection,Normale,Autre collision,,,,,,,,,,,1,1,1,1,6
200500048029,0005-08-14 15:00:00,5,8,14,15,0,270,165.0,Rue François,,,Nuit avec éclairage allumé,En agglomération,Hors intersection,Normale,Sans collision,,,,,,,,,,,5,2,1,1,7
200500048030,0005-08-03 17:30:00,5,8,3,17,30,270,225.0,,48.884,1.014,Plein jour,Hors agglomération,Hors intersection,Normale,Deux véhicules - frontale,,,,,,,,,,,1,1,1,1,1
200500048031,0005-08-14 20:30:00,5,8,14,20,30,270,177.0,rue de la croix FAUCHET,48.867,1.246,Plein jour,En agglomération,Hors intersection,Normale,Deux véhicules - frontale,,,,,,,,,,,1,2,1,1,1
200500048032,0005-08-28 08:15:00,5,8,28,8,15,270,2.0,,,,Plein jour,Hors agglomération,Hors intersection,Normale,Sans collision,,,,,,,,,,,1,1,1,1,7
200500048033,0005-08-01 10:00:00,5,8,1,10,0,270,448.0,parking maison retraite,,,Plein jour,En agglomération,Hors intersection,Normale,Autre collision,,,,,,,,,,,1,2,1,1,6
200500048034,0005-08-05 14:45:00,5,8,5,14,45,270,355.0,CD833,,,Plein jour,Hors agglomération,Hors intersection,Normale,Sans collision,,,,,,,,,,,1,1,1,1,7
200500048035,0005-08-06 15:00:00,5,8,6,15,0,270,400.0,CD71,,,Nuit sans éclairage public,En agglomération,Hors intersection,Normale,Sans collision,,,,,,,,,,,3,2,1,1,7
200500048036,0005-08-07 17:30:00,5,8,7,17,30,270,611.0,CD 316 - PK 8 + 300,,,Plein jour,Hors agglomération,Hors intersection,Normale,Deux véhicules - frontale,,,,,,,,,,,1,1,1,1,1
200500048037,0005-08-10 01:50:00,5,8,10,1,50,270,123.0,Route Nationale 13,,,Nuit sans éclairage public,Hors agglomération,Hors intersection,Normale,Sans collision,,,,,,,,,,,3,1,1,1,7
200500048038,0005-08-18 22:30:00,5,8,18,22,30,270,114.0,Rue Guy De Maupassant,,,Nuit avec éclairage allumé,En agglomération,Hors intersection,Normale,Autre collision,,,,,,,,,,,5,2,1,1,6
200500048039,0005-08-07 05:00:00,5,8,7,5,0,270,643.0,,48.752,1.025,Nuit sans éclairage public,Hors agglomération,Hors intersection,Normale,Autre collision,,,,,,,,,,,3,1,1,1,6
200500048040,0005-08-29 12:00:00,5,8,29,12,0,270,521.0,,48.704,0.831,Plein jour,Hors agglomération,Hors intersection,Normale,Deux véhicules - frontale,,,,,,,,,,,1,1,1,1,1
200500048041,0005-08-09 13:10:00,5,8,9,13,10,270,337.0,CD126     PK 5+850,,,Plein jour,Hors agglomération,Hors intersection,Normale,Deux véhicules - frontale,,,,,,,,,,,1,1,1,1,1
200500048042,0005-08-20 19:30:00,5,8,20,19,30,270,264.0,,,,Plein jour,Hors agglomération,Hors intersection,Normale,Sans collision,,,,,,,,,,,1,1,1,1,7
200500048043,0005-08-21 01:30:00,5,8,21,1,30,270,72.0,,,,Nuit avec éclairage allumé,En agglomération,Hors intersection,Normale,Autre collision,,,,,,,,,,,5,2,1,1,6
200500048044,0005-08-26 03:00:00,5,8,26,3,0,270,257.0,D117,49.221,1.507,Nuit avec éclairage allumé,En agglomération,Hors intersection,Normale,Autre collision,,,,,,,,,,,5,2,1,1,6
200500048045,0005-08-19 16:00:00,5,8,19,16,0,270,151.0,,49.397,1.386,Plein jour,Hors agglomération,Intersection en T,Normale,Deux véhicules - côté,,,,,,,,,,,1,1,3,1,3
200500048046,0005-08-24 22:15:00,5,8,24,22,15,270,26.0,,,,Nuit sans éclairage public,Hors agglomération,Hors intersection,Pluie légère,Deux véhicules - frontale,,,,,,,,,,,3,1,1,2,1
200500048047,0005-08-02 08:00:00,5,8,2,8,0,270,56.0,,49.094,0.593,Plein jour,En agglomération,Hors intersection,Normale,Deux véhicules - côté,,,,,,,,,,,1,2,1,1,3
200500048048,0005-08-03 17:30:00,5,8,3,17,30,270,138.0,,49.003,0.552,Plein jour,Hors agglomération,Hors intersection,Normale,Autre collision,,,,,,,,,,,1,1,1,1,6
200500048049,0005-08-11 20:00:00,5,8,11,20,0,270,460.0,,49.087,0.503,Plein jour,Hors agglomération,Hors intersection,Normale,Sans collision,,,,,,,,,,,1,1,1,1,7
200500048050,0005-08-25 17:15:00,5,8,25,17,15,270,252.0,,49.152,0.457,Plein jour,Hors agglomération,Hors intersection,Normale,Deux véhicules - arrière,,,,,,,,,,,1,1,1,1,2
200500048051,0005-08-31 13:45:00,5,8,31,13,45,270,680.0,,48.922,0.427,Plein jour,Hors agglomération,Hors intersection,Normale,Autre collision,,,,,,,,,,,1,1,1,1,6