accident_id,datetime,annee,mois,jour,heure,minute,departement,commune_insee,adresse,latitude,longitude,luminosite,agglomeration,intersection,meteo,collision,nb_vehicules,nb_usagers,nb_indemnes,nb_tues,nb_blesses_hosp,nb_blesses_legers,age_cond_1,age_cond_2,veh_type_cond_1,veh_type_cond_2,lum_code,agg_code,int_code,atm_code,col_code
200500048461,0005-08-10 13:45:00,5,8,10,13,45,240,311.0,"LD ""La maladrerie""",,,Plein jour,En agglomération,Hors intersection,Normale,Deux véhicules - côté,,,,,,,,,,,1,2,1,1,3
200500048462,0005-08-11 18:45:00,5,8,11,18,45,240,328.0,"""Le bourg""",,,Plein jour,En agglomération,Hors intersection,Normale,Deux véhicules - frontale,,,,,,,,,,,1,2,1,1,1
200500048463,0005-08-10 19:30:00,5,8,10,19,30,240,55.0,,,,Plein jour,En agglomération,Hors intersection,Normale,Deux véhicules - frontale,,,,,,,,,,,1,2,1,1,1
200500048464,0005-08-22 18:00:00,5,8,22,18,0,240,409.0,,45.063,0.38,Plein jour,Hors agglomération,Hors intersection,Normale,Trois véhicules et plus - collisions multiples,,,,,,,,,,,1,1,1,1,5
200500048465,0005-08-11 00:30:00,5,8,11,0,30,240,520.0,,,,Nuit sans éclairage public,Hors agglomération,Hors intersection,Normale,Deux véhicules - côté,,,,,,,,,,,3,1,1,1,3
200500048466,0005-08-12 11:45:00,5,8,12,11,45,240,520.0,,,,Plein jour,Hors agglomération,Intersection en X,Normale,Trois véhicules et plus - collisions multiples,,,,,,,,,,,1,1,2,1,5
200500048467,0005-08-13 09:00:00,5,8,13,9,0,240,89.0,Le Bourg,44.886,1.423,Plein jour,En agglomération,Intersection en X,Normale,Deux véhicules - frontale,,,,,,,,,,,1,2,2,1,1
200500048468,0005-08-22 02:45:00,5,8,22,2,45,240,81.0,,44.876,1.354,Nuit sans éclairage public,Hors agglomération,Hors intersection,Normale,Sans collision,,,,,,,,,,,3,1,1,1,7
200500048469,0005-08-25 19:30:00,5,8,25,19,30,240,520.0,,,,Nuit sans éclairage public,Hors agglomération,Hors intersection,Temps couvert,Sans collision,,,,,,,,,,,3,1,1,8,7
200500048470,0005-08-18 13:40:00,5,8,18,13,40,240,547.0,ZI le COUTAL,45.135,1.313,Plein jour,En agglomération,Intersection en T,Normale,Deux véhicules - côté,,,,,,,,,,,1,2,3,1,3
200500048471,0005-08-28 07:45:00,5,8,28,7,45,240,321.0,lieu dit GUINASSOU,,,Plein jour,Hors agglomération,Hors intersection,Normale,Deux véhicules - arrière,,,,,,,,,,,1,1,1,1,2
200500048472,0005-08-05 18:15:00,5,8,5,18,15,400,103.0,,,,Plein jour,Hors agglomération,Hors intersection,Normale,Autre collision,,,,,,,,,,,1,1,1,1,6
200500048473,0005-08-14 11:30:00,5,8,14,11,30,400,175.0,route du Houga,,,Plein jour,Hors agglomération,Hors intersection,Normale,Deux véhicules - côté,,,,,,,,,,,1,1,1,1,3
200500048474,0005-08-21 04:30:00,5,8,21,4,30,400,80.0,place de l ancienne bast,43.764,-0.317,Nuit avec éclairage allumé,En agglomération,Hors intersection,Normale,Autre collision,,,,,,,,,,,5,2,1,1,6
200500048475,0005-08-14 15:00:00,5,8,14,15,0,400,288.0,,44.011,-0.323,Plein jour,Hors agglomération,Hors intersection,Normale,Deux véhicules - arrière,,,,,,,,,,,1,1,1,1,2
200500048476,0005-08-18 06:30:00,5,8,18,6,30,400,81.0,,,,Crépuscule ou aube,Hors agglomération,Hors intersection,Normale,Autre collision,,,,,,,,,,,2,1,1,1,6
200500048477,0005-08-27 13:45:00,5,8,27,13,45,400,288.0,,44.015,-0.324,Plein jour,Hors agglomération,Hors intersection,Normale,Deux véhicules - frontale,,,,,,,,,,,1,1,1,1,1
200500048478,0005-08-15 16:00:00,5,8,15,16,0,400,313.0,,43.7,-0.644,Plein jour,Hors agglomération,Intersection en X,Normale,Deux véhicules - côté,,,,,,,,,,,1,1,2,1,3
200500048479,0005-08-11 04:00:00,5,8,11,4,0,400,3.0,,43.716,-1.152,Nuit sans éclairage public,Hors agglomération,Hors intersection,Normale,Sans collision,,,,,,,,,,,3,1,1,1,7
200500048480,0005-08-17 11:00:00,5,8,17,11,0,400,266.0,,,,Plein jour,Hors agglomération,Hors intersection,Normale,Deux véhicules - arrière,,,,,,,,,,,1,1,1,1,2
200500048481,0005-08-20 10:15:00,5,8,20,10,15,400,266.0,,,,Plein jour,Hors agglomération,Hors intersection,Temps couvert,Sans collision,,,,,,,,,,,1,1,1,8,7
200500048482,0005-08-25 22:45:00,5,8,25,22,45,400,269.0,,43.633,-1.128,Plein jour,Hors agglomération,Intersection en X,Normale,Deux véhicules - frontale,,,,,,,,,,,1,1,2,1,1
200500048483,0005-08-08 19:45:00,5,8,8,19,45,400,65.0,A. DELATTRE DE TASSIGNY,43.65,-1.437,Plein jour,En agglomération,Hors intersection,Normale,Deux véhicules - côté,,,,,,,,,,,1,2,1,1,3
200500048484,0005-08-13 06:00:00,5,8,13,6,0,400,65.0,AVENUE MARECHAL LECLERC,43.642,-1.422,Nuit avec éclairage allumé,En agglomération,Hors intersection,Normale,Autre collision,,,,,,,,,,,5,2,1,1,6
200500048485,0005-08-14 15:45:00,5,8,14,15,45,400,65.0,RUE MARECHAL LECLERC,43.648,-1.428,Plein jour,En agglomération,Hors intersection,Normale,Deux véhicules - côté,,,,,,,,,,,1,2,1,1,3
200500048486,0005-08-26 03:00:00,5,8,26,3,0,400,65.0,AV. NOTRE DAME,,,Nuit avec éclairage allumé,En agglomération,Hors intersection,Normale,Autre collision,,,,,,,,,,,5,2,1,1,6
200500048487,0005-08-02 16:00:00,5,8,2,16,0,400,310.0,Ave du Maréchal Leclerc,43.758,-1.329,Plein jour,En agglomération,Hors intersection,Normale,Deux véhicules - frontale,,,,,,,,,,,1,2,1,1,1
200500048488,0005-08-06 11:45:00,5,8,6,11,45,400,296.0,Avenue du Bayonnais,,,Plein jour,En agglomération,Hors intersection,Normale,Deux véhicules - côté,,,,,,,,,,,1,2,1,1,3
200500048489,0005-08-22 19:45:00,5,8,22,19,45,400,312.0,route de Castillon,,,Plein jour,En agglomération,Hors intersection,Normale,Autre collision,,,,,,,,,,,1,2,1,1,6
200500048490,0005-08-05 09:15:00,5,8,5,9,15,400,46.0,rue du grand jeanon,,,Plein jour,En agglomération,Hors intersection,Normale,Deux véhicules - frontale,,,,,,,,,,,1,2,1,1,1
200500048491,0005-08-14 06:30:00,5,8,14,6,30,400,46.0,,,,Crépuscule ou aube,Hors agglomération,Hors intersection,Normale,Deux véhicules - côté,,,,,,,,,,,2,1,1,1,3
200500048492,0005-08-14 00:45:00,5,8,14,0,45,400,46.0,,,,Nuit sans éclairage public,Hors agglomération,Hors intersection,Normale,Deux véhicules - frontale,,,,,,,,,,,3,1,1,1,1
200500048493,0005-08-19 19:45:00,5,8,19,19,45,400,287.0,,,,Plein jour,Hors agglomération,Hors intersection,Normale,Trois véhicules et plus - collisions multiples,,,,,,,,,,,1,1,1,1,5
200500048494,0005-08-20 14:15:00,5,8,20,14,15,400,227.0,-dis Bernonchon   .CD 43,,,Plein jour,Hors agglomération,Hors intersection,Normale,Deux véhicules - frontale,,,,,,,,,,,1,1,1,1,1
200500048495,0005-08-11 13:45:00,5,8,11,13,45,400,182.0,Lieu dit Solférino,,,Plein jour,Hors agglomération,Hors intersection,Normale,Trois véhicules et plus - collisions multiples,,,,,,,,,,,1,1,1,1,5
200500048496,0005-08-11 11:00:00,5,8,11,11,0,400,79.0,,,,Plein jour,Hors agglomération,Hors intersection,Normale,Autre collision,,,,,,,,,,,1,1,1,1,6
200500048497,0005-08-27 03:45:00,5,8,27,3,45,400,17.0,BOURG,43.727,-0.605,Nuit avec éclairage allumé,En agglomération,Hors intersection,Pluie forte,Autre collision,,,,,,,,,,,5,2,1,3,6
200500048498,0005-08-14 12:45:00,5,8,14,12,45,400,1.0,AVENUE DES PYRENEES,,,Plein jour,En agglomération,Hors intersection,Normale,Deux véhicules - côté,,,,,,,,,,,1,2,1,1,3
200500048499,0005-08-03 00:30:00,5,8,3,0,30,400,140.0,,,,Nuit sans éclairage public,Hors agglomération,Hors intersection,Normale,Sans collision,,,,,,,,,,,3,1,1,1,7
200500048500,0005-08-16 15:00:00,5,8,16,15,0,400,161.0,,44.137,0.022,Plein jour,Hors agglomération,Hors intersection,Normale,Sans collision,,,,,,,,,,,1,1,1,1,7
200500048501,0005-08-13 03:30:00,5,8,13,3,30,470,293.0,,,,Crépuscule ou aube,En agglomération,Hors intersection,Normale,Autre collision,,,,,,,,,,,2,2,1,1,6
200500048502,0005-08-23 09:50:00,5,8,23,9,50,470,40.0,"288, avenue  des Landes",,,Plein jour,Hors agglomération,Hors intersection,Temps couvert,Sans collision,,,,,,,,,,,1,1,1,8,7
200500048503,0005-08-29 18:30:00,5,8,29,18,30,470,209.0,Artigues,44.265,0.671,Plein jour,En agglomération,Hors intersection,Normale,Trois véhicules et plus - en chaîne,,,,,,,,,,,1,2,1,1,4
200500048504,0005-08-29 21:15:00,5,8,29,21,15,470,100.0,avenue de la candélie,,,Plein jour,En agglomération,Hors intersection,Normale,Autre collision,,,,,,,,,,,1,2,1,1,6
200500048505,0005-08-08 16:15:00,5,8,8,16,15,470,4.0,,44.305,0.529,Plein jour,Hors agglomération,Hors intersection,Normale,Sans collision,,,,,,,,,,,1,1,1,1,7
200500048506,0005-08-14 09:45:00,5,8,14,9,45,470,4.0,,44.309,0.342,Plein jour,Hors agglomération,Hors intersection,Normale,Deux véhicules - frontale,,,,,,,,,,,1,1,1,1,1
200500048507,0005-08-13 15:30:00,5,8,13,15,30,470,288.0,,44.26,0.727,Plein jour,Hors agglomération,Hors intersection,Normale,Sans collision,,,,,,,,,,,1,1,1,1,7
200500048508,0005-08-27 09:45:00,5,8,27,9,45,470,51.0,. carrefour Jean malèze,,,Plein jour,Hors agglomération,Hors intersection,Normale,Deux véhicules - arrière,,,,,,,,,,,1,1,1,1,2
200500048509,0005-08-28 10:30:00,5,8,28,10,30,470,67.0,lieu dit  Brissou,,,Plein jour,Hors agglomération,Hors intersection,Normale,Autre collision,,,,,,,,,,,1,1,1,1,6
200500048510,0005-08-31 15:30:00,5,8,31,15,30,470,274.0,RN 113,,,Plein jour,Hors agglomération,Hors intersection,Normale,Trois véhicules et plus - collisions multiples,,,,,,,,,,,1,1,1,1,5
200500048511,0005-08-02 16:30:00,5,8,2,16,30,470,233.0,,44.529,0.097,Plein jour,Hors agglomération,Hors intersection,Normale,Deux véhicules - frontale,,,,,,,,,,,1,1,1,1,1
200500048512,0005-08-27 14:15:00,5,8,27,14,15,470,56.0,,44.56,0.142,Plein jour,Hors agglomération,Hors intersection,Normale,Deux véhicules - frontale,,,,,,,,,,,1,1,1,1,1
200500048513,0005-08-31 13:30:00,5,8,31,13,30,470,233.0,,44.517,0.083,Plein jour,Hors agglomération,Hors intersection,Normale,Deux véhicules - frontale,,,,,,,,,,,1,1,1,1,1
200500048514,0005-08-30 18:00:00,5,8,30,18,0,470,68.0,,44.47,0.04,Plein jour,Hors agglomération,Hors intersection,Normale,Deux véhicules - côté,,,,,,,,,,,1,1,1,1,3
200500048515,0005-08-01 16:30:00,5,8,1,16,30,470,168.0,,44.57,0.32,Plein jour,Hors agglomération,Hors intersection,Normale,Deux véhicules - côté,,,,,,,,,,,1,1,1,1,3
200500048516,0005-08-03 18:30:00,5,8,3,18,30,470,147.0,,44.64,0.243,Plein jour,Hors agglomération,Hors intersection,Normale,Autre collision,,,,,,,,,,,1,1,1,1,6
200500048517,0005-08-23 11:40:00,5,8,23,11,40,470,303.0,,,,Plein jour,Hors agglomération,Hors intersection,Normale,Deux véhicules - frontale,,,,,,,,,,,1,1,1,1,1
200500048518,0005-08-30 18:05:00,5,8,30,18,5,470,14.0,Lieu-dit La Castagnère,44.552,0.402,Plein jour,Hors agglomération,Hors intersection,Normale,Sans collision,,,,,,,,,,,1,1,1,1,7
200500048519,0005-08-03 12:00:00,5,8,3,12,0,470,325.0,CD 120 Route de VILLETON,,,Plein jour,Hors agglomération,Autre intersection,Normale,Deux véhicules - arrière,,,,,,,,,,,1,1,9,1,2
200500048520,0005-08-06 03:15:00,5,8,6,3,15,470,310.0,,44.383,0.295,Nuit sans éclairage public,Hors agglomération,Hors intersection,Normale,Autre collision,,,,,,,,,,,3,1,1,1,6
200500048521,0005-08-10 23:00:00,5,8,10,23,0,470,65.0,,,,Nuit sans éclairage public,Hors agglomération,Hors intersection,Pluie légère,Autre collision,,,,,,,,,,,3,1,1,2,6
200500048522,0005-08-17 05:30:00,5,8,17,5,30,470,78.0,,44.294,0.275,Nuit avec éclairage allumé,Hors agglomération,Hors intersection,Temps couvert,Autre collision,,,,,,,,,,,5,1,1,8,6
200500048523,0005-08-07 02:30:00,5,8,7,2,30,470,175.0,,44.533,0.764,Nuit sans éclairage public,Hors agglomération,Hors intersection,Normale,Autre collision,,,,,,,,,,,3,1,1,1,6
200500048524,0005-08-19 08:30:00,5,8,19,8,30,470,27.0,chard et Chemin du LAURI,,,Plein jour,En agglomération,Intersection en X,Normale,Deux véhicules - côté,,,,,,,,,,,1,2,2,1,3
200500048525,0005-08-27 19:00:00,5,8,27,19,0,470,215.0,,,,Plein jour,Hors agglomération,Hors intersection,Normale,Deux véhicules - frontale,,,,,,,,,,,1,1,1,1,1
200500048526,0005-08-02 22:45:00,5,8,2,22,45,470,23.0,,,,Nuit sans éclairage public,Hors agglomération,Hors intersection,Normale,Deux véhicules - côté,,,,,,,,,,,3,1,1,1,3
200500048527,0005-08-07 15:15:00,5,8,7,15,15,470,175.0,,,,Plein jour,Hors agglomération,Hors intersection,Normale,Deux véhicules - côté,,,,,,,,,,,1,1,1,1,3
200500048528,0005-08-12 12:15:00,5,8,12,12,15,470,36.0,,,,Plein jour,Hors agglomération,Autre intersection,Normale,Deux véhicules - côté,,,,,,,,,,,1,1,9,1,3
200500048529,0005-08-03 21:30:00,5,8,3,21,30,470,252.0,"Lieu-dit ""Salban""",,,Nuit sans éclairage public,Hors agglomération,Hors intersection,Normale,Autre collision,,,,,,,,,,,3,1,1,1,6
200500048530,0005-08-05 06:00:00,5,8,5,6,0,470,6.0,CD 446,44.397,0.638,Plein jour,En agglomération,Hors intersection,Normale,Sans collision,,,,,,,,,,,1,2,1,1,7
200500048531,0005-08-16 00:01:00,5,8,16,0,1,470,252.0,boulevard du nord,,,Plein jour,En agglomération,Hors intersection,Normale,Deux véhicules - frontale,,,,,,,,,,,1,2,1,1,1
200500048532,0005-08-18 23:45:00,5,8,18,23,45,470,252.0,Chemin  croix du guide,,,Nuit sans éclairage public,En agglomération,Intersection en X,Normale,Sans collision,,,,,,,,,,,3,2,2,1,7
200500048533,0005-08-26 00:01:00,5,8,26,0,1,470,309.0,CD 667,44.513,0.452,Nuit avec éclairage allumé,En agglomération,Hors intersection,Normale,Autre collision,,,,,,,,,,,5,2,1,1,6
200500048534,0005-08-15 08:30:00,5,8,15,8,30,640,230.0,,43.247,-0.386,Plein jour,Hors agglomération,Hors intersection,Normale,Trois véhicules et plus - collisions multiples,,,,,,,,,,,1,1,1,1,5
200500048535,0005-08-18 13:30:00,5,8,18,13,30,640,230.0,Quartier Bécaas,43.21,-0.409,Plein jour,Hors agglomération,Hors intersection,Normale,Trois véhicules et plus - en chaîne,,,,,,,,,,,1,1,1,1,4
200500048536,0005-08-15 02:00:00,5,8,15,2,0,640,519.0,,,,Nuit sans éclairage public,En agglomération,Hors intersection,Normale,Autre collision,,,,,,,,,,,3,2,1,1,6
200500048537,0005-08-22 18:00:00,5,8,22,18,0,640,335.0,route de sauvagnon,,,Plein jour,En agglomération,Hors intersection,Normale,Deux véhicules - côté,,,,,,,,,,,1,2,1,1,3
200500048538,0005-08-23 10:00:00,5,8,23,10,0,640,519.0,RN 134,,,Plein jour,En agglomération,Intersection en X,Pluie légère,Deux véhicules - côté,,,,,,,,,,,1,2,2,2,3
200500048539,0005-08-09 09:30:00,5,8,9,9,30,640,227.0,Intersection CD7 et CD42,43.373,-0.186,Plein jour,Hors agglomération,Intersection en X,Normale,Deux véhicules - côté,,,,,,,,,,,1,1,2,1,3
200500048540,0005-08-10 17:30:00,5,8,10,17,30,640,329.0,,43.298,-0.289,Plein jour,Hors agglomération,Hors intersection,Pluie forte,Deux véhicules - frontale,,,,,,,,,,,1,1,1,3,1
200500048541,0005-08-05 15:45:00,5,8,5,15,45,640,304.0,,43.499,-1.418,Plein jour,Hors agglomération,Hors intersection,Temps éblouissant,Deux véhicules - côté,,,,,,,,,,,1,1,1,7,3
200500048542,0005-08-20 07:50:00,5,8,20,7,50,640,256.0,CD 21,,,Crépuscule ou aube,Hors agglomération,Hors intersection,Pluie légère,Deux véhicules - frontale,,,,,,,,,,,2,1,1,2,1
200500048543,0005-08-17 19:15:00,5,8,17,19,15,640,65.0,D 504 Place du fronton,43.349,-1.621,Plein jour,En agglomération,Hors intersection,Normale,Autre collision,,,,,,,,,,,1,2,1,1,6
200500048544,0005-08-31 18:30:00,5,8,31,18,30,640,65.0,"A lieu-dit ""Achaflabaita",,,Plein jour,Hors agglomération,Hors intersection,Pluie légère,Deux véhicules - frontale,,,,,,,,,,,1,1,1,2,1
200500048545,0005-08-09 19:45:00,5,8,9,19,45,640,160.0,Place de l'Eglise,,,Plein jour,En agglomération,Hors intersection,Normale,Autre collision,,,,,,,,,,,1,2,1,1,6
200500048546,0005-08-12 15:15:00,5,8,12,15,15,640,391.0,,43.27,-0.841,Plein jour,Hors agglomération,Hors intersection,Normale,Autre collision,,,,,,,,,,,1,1,1,1,6
200500048547,0005-08-04 18:15:00,5,8,4,18,15,640,436.0,CD 918,,,Plein jour,En agglomération,Hors intersection,Normale,Sans collision,,,,,,,,,,,1,2,1,1,7
200500048548,0005-08-16 07:30:00,5,8,16,7,30,640,426.0,,43.241,-0.672,Plein jour,Hors agglomération,Hors intersection,Normale,Autre collision,,,,,,,,,,,1,1,1,1,6
200500048549,0005-08-15 21:45:00,5,8,15,21,45,640,5.0,Le bourg,43.362,-0.561,Nuit avec éclairage allumé,En agglomération,Hors intersection,Normale,Deux véhicules - frontale,,,,,,,,,,,5,2,1,1,1
200500048550,0005-08-01 11:45:00,5,8,1,11,45,640,296.0,RD945,43.538,-0.65,Plein jour,Hors agglomération,Hors intersection,Pluie légère,Deux véhicules - frontale,,,,,,,,,,,1,1,1,2,1
200500048551,0005-08-05 17:38:00,5,8,5,17,38,860,100.0,RN 11 - PR 3+100,,,Plein jour,Hors agglomération,Hors intersection,Temps éblouissant,Deux véhicules - frontale,,,,,,,,,,,1,1,1,7,1
200500048552,0005-08-03 21:15:00,5,8,3,21,15,860,65.0,,46.411,0.302,Crépuscule ou aube,Hors agglomération,Hors intersection,Normale,Deux véhicules - frontale,,,,,,,,,,,2,1,1,1,1
200500048553,0005-08-12 13:30:00,5,8,12,13,30,860,82.0,Nationale 10,,,Plein jour,Hors agglomération,Hors intersection,Normale,Sans collision,,,,,,,,,,,1,1,1,1,7
200500048554,0005-08-18 02:15:00,5,8,18,2,15,860,188.0,,,,Nuit sans éclairage public,Hors agglomération,Hors intersection,Normale,Autre collision,,,,,,,,,,,3,1,1,1,6
200500048555,0005-08-19 16:40:00,5,8,19,16,40,860,139.0,RN11 - La Royauté,,,Plein jour,Hors agglomération,Hors intersection,Normale,Deux véhicules - frontale,,,,,,,,,,,1,1,1,1,1
200500048556,0005-08-24 15:15:00,5,8,24,15,15,860,113.0,,,,Plein jour,Hors agglomération,Hors intersection,Normale,Deux véhicules - arrière,,,,,,,,,,,1,1,1,1,2
200500048557,0005-08-13 11:30:00,5,8,13,11,30,860,178.0,,,,Plein jour,Hors agglomération,Hors intersection,Normale,Trois véhicules et plus - collisions multiples,,,,,,,,,,,1,1,1,1,5
200500048558,0005-08-28 16:45:00,5,8,28,16,45,860,92.0,,46.902,0.622,Plein jour,Hors agglomération,Hors intersection,Normale,Deux véhicules - côté,,,,,,,,,,,1,1,1,1,3
200500048559,0005-08-30 08:00:00,5,8,30,8,0,860,19.0,,46.748,0.444,Plein jour,Hors agglomération,Hors intersection,Normale,Deux véhicules - frontale,,,,,,,,,,,1,1,1,1,1
200500048560,0005-08-25 11:45:00,5,8,25,11,45,860,221.0,,46.817,0.395,Plein jour,Hors agglomération,Hors intersection,Pluie légère,Sans collision,,,,,,,,,,,1,1,1,2,7
200500048561,0005-08-15 20:30:00,5,8,15,20,30,860,14.0,,,,Plein jour,Hors agglomération,Hors intersection,Normale,Sans collision,,,,,,,,,,,1,1,1,1,7
200500048562,0005-08-06 20:45:00,5,8,6,20,45,860,165.0,Rue Solférino,46.429,0.87,Plein jour,En agglomération,Hors intersection,Normale,Autre collision,,,,,,,,,,,1,2,1,1,6
200500048563,0005-08-06 16:45:00,5,8,6,16,45,860,289.0,,46.214,0.616,Plein jour,Hors agglomération,Hors intersection,Normale,Autre collision,,,,,,,,,,,1,1,1,1,6
200500048564,0005-08-23 21:30:00,5,8,23,21,30,860,176.0,le bourg,46.299,0.726,Nuit avec éclairage allumé,En agglomération,Intersection en T,Normale,Autre collision,,,,,,,,,,,5,2,3,1,6
200500048565,0005-08-19 03:00:00,5,8,19,3,0,860,273.0,,,,Nuit sans éclairage public,Hors agglomération,Hors intersection,Normale,Autre collision,,,,,,,,,,,3,1,1,1,6
200500048566,0005-08-25 16:00:00,5,8,25,16,0,160,222.0,,45.344,0.073,Plein jour,Hors agglomération,Hors intersection,Pluie légère,Autre collision,,,,,,,,,,,1,1,1,2,6
200500048567,0005-08-29 07:15:00,5,8,29,7,15,160,218.0,,,,Plein jour,Hors agglomération,Hors intersection,Normale,Autre collision,,,,,,,,,,,1,1,1,1,6
200500048568,0005-08-01 15:00:00,5,8,1,15,0,160,79.0,Le bourg,,,Plein jour,En agglomération,Intersection en X,Normale,Deux véhicules - côté,,,,,,,,,,,1,2,2,1,3
200500048569,0005-08-24 09:00:00,5,8,24,9,0,160,349.0,,,,Plein jour,Hors agglomération,Hors intersection,Normale,Deux véhicules - frontale,,,,,,,,,,,1,1,1,1,1
200500048570,0005-08-30 10:15:00,5,8,30,10,15,160,167.0,68 rue Pasteur,,,Plein jour,En agglomération,Intersection en X,Normale,Deux véhicules - côté,,,,,,,,,,,1,2,2,1,3
200500048571,0005-08-02 18:15:00,5,8,2,18,15,160,85.0,,,,Plein jour,Hors agglomération,Intersection en X,Normale,Deux véhicules - côté,,,,,,,,,,,1,1,2,1,3
200500048572,0005-08-17 23:55:00,5,8,17,23,55,160,308.0,"""Fontmorte""",,,Nuit sans éclairage public,Hors agglomération,Hors intersection,Normale,Sans collision,,,,,,,,,,,3,1,1,1,7
200500048573,0005-08-03 17:30:00,5,8,3,17,30,160,419.0,CD 737,,,Plein jour,Hors agglomération,Hors intersection,Normale,Deux véhicules - arrière,,,,,,,,,,,1,1,1,1,2
200500048574,0005-08-07 17:00:00,5,8,7,17,0,160,68.0,,45.899,0.387,Plein jour,Hors agglomération,Hors intersection,Normale,Deux véhicules - côté,,,,,,,,,,,1,1,1,1,3
200500048575,0005-08-28 23:15:00,5,8,28,23,15,160,419.0,,45.815,0.079,Nuit sans éclairage public,Hors agglomération,Hors intersection,Normale,Deux véhicules - arrière,,,,,,,,,,,3,1,1,1,2
200500048576,0005-08-03 22:15:00,5,8,3,22,15,160,269.0,,45.673,0.342,Nuit sans éclairage public,Hors agglomération,Hors intersection,Normale,Sans collision,,,,,,,,,,,3,1,1,1,7
200500048577,0005-08-06 23:45:00,5,8,6,23,45,160,61.0,les forges,,,Nuit avec éclairage allumé,En agglomération,Hors intersection,Normale,Autre collision,,,,,,,,,,,5,2,1,1,6
200500048578,0005-08-21 05:30:00,5,8,21,5,30,160,323.0,,,,Nuit sans éclairage public,Hors agglomération,Hors intersection,Normale,Autre collision,,,,,,,,,,,3,1,1,1,6
200500048579,0005-08-06 12:00:00,5,8,6,12,0,170,300.0,PONT DE L ILE DE RE,,,Plein jour,Hors agglomération,Hors intersection,Normale,Deux véhicules - arrière,,,,,,,,,,,1,1,1,1,2
200500048580,0005-08-17 02:30:00,5,8,17,2,30,170,414.0,,,,Nuit sans éclairage public,Hors agglomération,Hors intersection,Normale,Sans collision,,,,,,,,,,,3,1,1,1,7
200500048581,0005-08-29 09:30:00,5,8,29,9,30,170,264.0,rue de l'aubrecay,,,Plein jour,En agglomération,Hors intersection,Normale,Deux véhicules - frontale,,,,,,,,,,,1,2,1,1,1
200500048582,0005-08-08 05:00:00,5,8,8,5,0,170,10.0,,,,Nuit avec éclairage allumé,En agglomération,Hors intersection,Normale,Autre collision,,,,,,,,,,,5,2,1,1,6
200500048583,0005-08-20 17:15:00,5,8,20,17,15,170,439.0,rue de la cosse,46.312,-0.829,Plein jour,En agglomération,Place,Normale,Deux véhicules - frontale,,,,,,,,,,,1,2,7,1,1
200500048584,0005-08-07 12:15:00,5,8,7,12,15,170,207.0,rue du couvent,,,Plein jour,En agglomération,Hors intersection,Normale,Autre collision,,,,,,,,,,,1,2,1,1,6
200500048585,0005-08-28 15:50:00,5,8,28,15,50,170,121.0,RD 735,,,Plein jour,En agglomération,Giratoire,Normale,Deux véhicules - côté,,,,,,,,,,,1,2,6,1,3
200500048586,0005-08-07 15:00:00,5,8,7,15,0,170,238.0,,,,Plein jour,Hors agglomération,Hors intersection,Normale,Autre collision,,,,,,,,,,,1,1,1,1,6
200500048587,0005-08-17 18:00:00,5,8,17,18,0,170,215.0,La prune,,,Plein jour,Hors agglomération,Hors intersection,Normale,Deux véhicules - frontale,,,,,,,,,,,1,1,1,1,1
200500048588,0005-08-10 15:45:00,5,8,10,15,45,170,236.0,,,,Plein jour,Hors agglomération,Hors intersection,Normale,Autre collision,,,,,,,,,,,1,1,1,1,6
200500048589,0005-08-04 01:45:00,5,8,4,1,45,170,38.0,,45.175,-0.304,Nuit sans éclairage public,Hors agglomération,Hors intersection,Brouillard / fumée,Autre collision,,,,,,,,,,,3,1,1,5,6
200500048590,0005-08-30 18:15:00,5,8,30,18,15,170,365.0,,,,Plein jour,Hors agglomération,Hors intersection,Normale,Autre collision,,,,,,,,,,,1,1,1,1,6
200500048591,0005-08-03 07:30:00,5,8,3,7,30,170,58.0,,,,Plein jour,Hors agglomération,Hors intersection,Normale,Trois véhicules et plus - collisions multiples,,,,,,,,,,,1,1,1,1,5
200500048592,0005-08-05 05:15:00,5,8,5,5,15,170,83.0,,,,Nuit sans éclairage public,Hors agglomération,Intersection en X,Normale,Deux véhicules - côté,,,,,,,,,,,3,1,2,1,3
200500048593,0005-08-03 15:00:00,5,8,3,15,0,170,337.0,,45.972,-1.248,Plein jour,Hors agglomération,Hors intersection,Normale,Deux véhicules - frontale,,,,,,,,,,,1,1,1,1,1
200500048594,0005-08-03 20:45:00,5,8,3,20,45,170,385.0,,45.968,-1.375,Plein jour,Hors agglomération,Hors intersection,Normale,Deux véhicules - frontale,,,,,,,,,,,1,1,1,1,1
200500048595,0005-08-06 05:30:00,5,8,6,5,30,170,337.0,,45.979,-1.3,Nuit sans éclairage public,Hors agglomération,Hors intersection,Normale,Autre collision,,,,,,,,,,,3,1,1,1,6