accident_id,datetime,annee,mois,jour,heure,minute,departement,commune_insee,adresse,latitude,longitude,luminosite,agglomeration,intersection,meteo,collision,nb_vehicules,nb_usagers,nb_indemnes,nb_tues,nb_blesses_hosp,nb_blesses_legers,age_cond_1,age_cond_2,veh_type_cond_1,veh_type_cond_2,lum_code,agg_code,int_code,atm_code,col_code
200500049139,0005-08-31 16:00:00,5,8,31,16,0,570,683.0,rue du temple,49.305,6.156,Plein jour,En agglomération,Hors intersection,Normale,Autre collision,,,,,,,,,,,1,2,1,1,6
200500049140,0005-08-10 17:30:00,5,8,10,17,30,540,508.0,Rue du Mont ST JEAN,,,Plein jour,En agglomération,Intersection en X,Normale,Deux véhicules - côté,,,,,,,,,,,1,2,2,1,3
200500049141,0005-08-04 18:15:00,5,8,4,18,15,540,305.0,rue de courcelle,,,Plein jour,En agglomération,Hors intersection,Normale,Autre collision,,,,,,,,,,,1,2,1,1,6
200500049142,0005-08-14 16:30:00,5,8,14,16,30,540,215.0,RUE DE L HOTEL DE VILLE,,,Plein jour,En agglomération,Hors intersection,Normale,Deux véhicules - côté,,,,,,,,,,,1,2,1,1,3
200500049143,0005-08-22 14:00:00,5,8,22,14,0,540,150.0,,,,Plein jour,En agglomération,Giratoire,Normale,Deux véhicules - côté,,,,,,,,,,,1,2,6,1,3
200500049144,0005-08-06 16:00:00,5,8,6,16,0,540,459.0,,,,Plein jour,Hors agglomération,Hors intersection,Normale,Sans collision,,,,,,,,,,,1,1,1,1,7
200500049145,0005-08-06 06:20:00,5,8,6,6,20,540,518.0,RD.3,,,Crépuscule ou aube,Hors agglomération,Hors intersection,Temps couvert,Autre collision,,,,,,,,,,,2,1,1,8,6
200500049146,0005-08-09 17:30:00,5,8,9,17,30,540,307.0,,,,Plein jour,Hors agglomération,Hors intersection,Normale,Sans collision,,,,,,,,,,,1,1,1,1,7
200500049147,0005-08-25 19:15:00,5,8,25,19,15,540,109.0,rue de nancy,,,Plein jour,En agglomération,Hors intersection,Pluie légère,Deux véhicules - frontale,,,,,,,,,,,1,2,1,2,1
200500049148,0005-08-01 19:30:00,5,8,1,19,30,540,277.0,,,,Plein jour,Hors agglomération,Hors intersection,Normale,Autre collision,,,,,,,,,,,1,1,1,1,6
200500049149,0005-08-04 13:15:00,5,8,4,13,15,540,581.0,,,,Plein jour,Hors agglomération,Hors intersection,Normale,Sans collision,,,,,,,,,,,1,1,1,1,7
200500049150,0005-08-25 15:00:00,5,8,25,15,0,540,322.0,,,,Plein jour,En agglomération,Hors intersection,Pluie légère,Deux véhicules - frontale,,,,,,,,,,,1,2,1,2,1
200500049151,0005-08-25 20:00:00,5,8,25,20,0,540,138.0,,,,Nuit sans éclairage public,Hors agglomération,Hors intersection,Pluie légère,Deux véhicules - frontale,,,,,,,,,,,3,1,1,2,1
200500049152,0005-08-01 20:25:00,5,8,1,20,25,540,84.0,"20, RUE DU COLLEGE",,,Plein jour,Hors agglomération,Autre intersection,Normale,Deux véhicules - frontale,,,,,,,,,,,1,1,9,1,1
200500049153,0005-08-11 17:15:00,5,8,11,17,15,540,588.0,,,,Plein jour,Hors agglomération,Hors intersection,Normale,Deux véhicules - côté,,,,,,,,,,,1,1,1,1,3
200500049154,0005-08-05 10:45:00,5,8,5,10,45,540,449.0,rue du Laxatte,,,Plein jour,En agglomération,Hors intersection,Normale,Deux véhicules - frontale,,,,,,,,,,,1,2,1,1,1
200500049155,0005-08-02 20:00:00,5,8,2,20,0,540,3.0,,,,Crépuscule ou aube,Hors agglomération,Hors intersection,Normale,Sans collision,,,,,,,,,,,2,1,1,1,7
200500049156,0005-08-20 17:15:00,5,8,20,17,15,540,288.0,,,,Plein jour,Hors agglomération,Hors intersection,Normale,Sans collision,,,,,,,,,,,1,1,1,1,7
200500049157,0005-08-28 18:15:00,5,8,28,18,15,540,583.0,,,,Plein jour,Hors agglomération,Hors intersection,Normale,Sans collision,,,,,,,,,,,1,1,1,1,7
200500049158,0005-08-09 17:00:00,5,8,9,17,0,540,404.0,,,,Plein jour,Hors agglomération,Hors intersection,Normale,Autre collision,,,,,,,,,,,1,1,1,1,6
200500049159,0005-08-17 13:15:00,5,8,17,13,15,550,120.0,,48.74,5.1,Plein jour,Hors agglomération,Hors intersection,Normale,Deux véhicules - arrière,,,,,,,,,,,1,1,1,1,2
200500049160,0005-08-18 12:15:00,5,8,18,12,15,550,427.0,rue Ste Lorette,48.833,4.987,Plein jour,En agglomération,Intersection en T,Normale,Deux véhicules - côté,,,,,,,,,,,1,2,3,1,3
200500049161,0005-08-12 14:00:00,5,8,12,14,0,550,504.0,"RN 135, PK 7+150",,,Plein jour,Hors agglomération,Hors intersection,Pluie légère,Deux véhicules - côté,,,,,,,,,,,1,1,1,2,3
200500049162,0005-08-14 00:15:00,5,8,14,0,15,550,111.0,,48.905,5.511,Nuit sans éclairage public,Hors agglomération,Hors intersection,Normale,Autre collision,,,,,,,,,,,3,1,1,1,6
200500049163,0005-08-15 15:00:00,5,8,15,15,0,550,1.0,Chemin du Granit,,,Plein jour,En agglomération,Hors intersection,Normale,Sans collision,,,,,,,,,,,1,2,1,1,7
200500049164,0005-08-17 15:00:00,5,8,17,15,0,550,472.0,,,,Plein jour,Hors agglomération,Hors intersection,Normale,Autre collision,,,,,,,,,,,1,1,1,1,6
200500049165,0005-08-01 17:00:00,5,8,1,17,0,550,324.0,RD 905,,,Plein jour,Hors agglomération,Hors intersection,Normale,Deux véhicules - arrière,,,,,,,,,,,1,1,1,1,2
200500049166,0005-08-27 11:15:00,5,8,27,11,15,550,502.0,Rue Aristide Briand,49.494,5.186,Plein jour,En agglomération,Hors intersection,Normale,Deux véhicules - côté,,,,,,,,,,,1,2,1,1,3
200500049167,0005-08-13 20:30:00,5,8,13,20,30,550,336.0,,49.38,5.489,Plein jour,Hors agglomération,Hors intersection,Normale,Autre collision,,,,,,,,,,,1,1,1,1,6
200500049168,0005-08-08 09:45:00,5,8,8,9,45,550,566.0,cd 34,,,Plein jour,Hors agglomération,Hors intersection,Normale,Sans collision,,,,,,,,,,,1,1,1,1,7
200500049169,0005-08-25 16:30:00,5,8,25,16,30,550,154.0,,,,Plein jour,Hors agglomération,Hors intersection,Temps couvert,Trois véhicules et plus - collisions multiples,,,,,,,,,,,1,1,1,8,5
200500049170,0005-08-23 19:45:00,5,8,23,19,45,550,549.0,Rue du moulin,49.253,5.068,Plein jour,En agglomération,Hors intersection,Normale,Deux véhicules - frontale,,,,,,,,,,,1,2,1,1,1
200500049171,0005-08-02 18:25:00,5,8,2,18,25,550,191.0,"Pk 2+800, CD 197",,,Plein jour,Hors agglomération,Hors intersection,Normale,Sans collision,,,,,,,,,,,1,1,1,1,7
200500049172,0005-08-15 20:15:00,5,8,15,20,15,550,363.0,,49.102,5.754,Plein jour,Hors agglomération,Hors intersection,Normale,Sans collision,,,,,,,,,,,1,1,1,1,7
200500049173,0005-08-18 15:00:00,5,8,18,15,0,880,253.0,,48.193,6.487,Plein jour,Hors agglomération,Hors intersection,Normale,Deux véhicules - côté,,,,,,,,,,,1,1,1,1,3
200500049174,0005-08-04 15:45:00,5,8,4,15,45,880,418.0,,48.293,6.662,Plein jour,Hors agglomération,Hors intersection,Normale,Sans collision,,,,,,,,,,,1,1,1,1,7
200500049175,0005-08-12 06:00:00,5,8,12,6,0,880,222.0,,48.252,6.611,Plein jour,Hors agglomération,Autre intersection,Normale,Sans collision,,,,,,,,,,,1,1,9,1,7
200500049176,0005-08-31 14:00:00,5,8,31,14,0,880,26.0,,,,Plein jour,Hors agglomération,Hors intersection,Normale,Autre collision,,,,,,,,,,,1,1,1,1,6
200500049177,0005-08-27 23:45:00,5,8,27,23,45,880,310.0,,48.026,5.916,Nuit sans éclairage public,Hors agglomération,Hors intersection,Normale,Sans collision,,,,,,,,,,,3,1,1,1,7
200500049178,0005-08-29 17:00:00,5,8,29,17,0,880,484.0,,48.082,6.375,Plein jour,Hors agglomération,Hors intersection,Normale,Autre collision,,,,,,,,,,,1,1,1,1,6
200500049179,0005-08-20 14:00:00,5,8,20,14,0,880,389.0,,,,Plein jour,Hors agglomération,Hors intersection,Normale,Deux véhicules - frontale,,,,,,,,,,,1,1,1,1,1
200500049180,0005-08-22 16:45:00,5,8,22,16,45,880,336.0,,,,Plein jour,Hors agglomération,Hors intersection,Normale,Autre collision,,,,,,,,,,,1,1,1,1,6
200500049181,0005-08-27 16:30:00,5,8,27,16,30,880,11.0,,,,Plein jour,Hors agglomération,Hors intersection,Normale,Autre collision,,,,,,,,,,,1,1,1,1,6
200500049182,0005-08-29 18:45:00,5,8,29,18,45,880,148.0,rue de Franould,,,Plein jour,En agglomération,Hors intersection,Normale,Deux véhicules - côté,,,,,,,,,,,1,2,1,1,3
200500049183,0005-08-05 08:00:00,5,8,5,8,0,880,447.0,115 Rue Raymond Poincaré,,,Plein jour,En agglomération,Hors intersection,Normale,Deux véhicules - côté,,,,,,,,,,,1,2,1,1,3
200500049184,0005-08-12 16:30:00,5,8,12,16,30,880,486.0,Carrefour de Nol,,,Plein jour,Hors agglomération,Intersection en X,Normale,Deux véhicules - côté,,,,,,,,,,,1,1,2,1,3
200500049185,0005-08-12 16:15:00,5,8,12,16,15,880,470.0,,,,Plein jour,Hors agglomération,Hors intersection,Normale,Deux véhicules - frontale,,,,,,,,,,,1,1,1,1,1
200500049186,0005-08-10 18:15:00,5,8,10,18,15,880,188.0,,47.867,6.81,Plein jour,Hors agglomération,Hors intersection,Normale,Deux véhicules - frontale,,,,,,,,,,,1,1,1,1,1
200500049187,0005-08-17 17:15:00,5,8,17,17,15,880,170.0,,,,Plein jour,Hors agglomération,Hors intersection,Normale,Sans collision,,,,,,,,,,,1,1,1,1,7
200500049188,0005-08-03 22:00:00,5,8,3,22,0,880,487.0,14 avenue de la gare,47.931,6.489,Nuit avec éclairage allumé,En agglomération,Hors intersection,Normale,Autre collision,,,,,,,,,,,5,2,1,1,6
200500049189,0005-08-09 11:45:00,5,8,9,11,45,880,276.0,ROUTE DE LA PARIEE,,,Plein jour,En agglomération,Autre intersection,Normale,Deux véhicules - côté,,,,,,,,,,,1,2,9,1,3
200500049190,0005-08-25 17:00:00,5,8,25,17,0,880,181.0,,,,Plein jour,Hors agglomération,Hors intersection,Temps couvert,Deux véhicules - frontale,,,,,,,,,,,1,1,1,8,1
200500049191,0005-08-15 11:00:00,5,8,15,11,0,880,64.0,,,,Plein jour,Hors agglomération,Intersection en T,Pluie légère,Deux véhicules - côté,,,,,,,,,,,1,1,3,2,3
200500049192,0005-08-20 09:00:00,5,8,20,9,0,880,198.0,,,,Plein jour,Hors agglomération,Hors intersection,Pluie légère,Deux véhicules - côté,,,,,,,,,,,1,1,1,2,3
200500049193,0005-08-14 18:00:00,5,8,14,18,0,880,531.0,,,,Plein jour,Hors agglomération,Hors intersection,Pluie forte,Deux véhicules - frontale,,,,,,,,,,,1,1,1,3,1
200500049194,0005-08-19 08:45:00,5,8,19,8,45,880,269.0,,,,Plein jour,Hors agglomération,Hors intersection,Normale,Deux véhicules - frontale,,,,,,,,,,,1,1,1,1,1
200500049195,0005-08-26 05:45:00,5,8,26,5,45,880,196.0,,,,Crépuscule ou aube,En agglomération,Intersection en X,Normale,Deux véhicules - côté,,,,,,,,,,,2,2,2,1,3
200500049196,0005-08-11 17:45:00,5,8,11,17,45,880,245.0,,,,Plein jour,Hors agglomération,Hors intersection,Normale,Deux véhicules - frontale,,,,,,,,,,,1,1,1,1,1
200500049197,0005-08-19 20:00:00,5,8,19,20,0,880,328.0,,48.332,6.864,Crépuscule ou aube,Hors agglomération,Hors intersection,Temps couvert,Deux véhicules - frontale,,,,,,,,,,,2,1,1,8,1
200500049198,0005-08-24 07:15:00,5,8,24,7,15,670,216.0,RUE DES FLEURS/STE MARIE,48.362,7.581,Plein jour,En agglomération,Hors intersection,Normale,Deux véhicules - côté,,,,,,,,,,,1,2,1,1,3
200500049199,0005-08-04 18:30:00,5,8,4,18,30,670,154.0,CD468 PK 34-500,48.396,7.699,Plein jour,Hors agglomération,Hors intersection,Normale,Deux véhicules - frontale,,,,,,,,,,,1,1,1,1,1
200500049200,0005-08-23 07:30:00,5,8,23,7,30,670,504.0,,,,Crépuscule ou aube,Hors agglomération,Hors intersection,Normale,Deux véhicules - frontale,,,,,,,,,,,2,1,1,1,1
200500049201,0005-08-30 12:00:00,5,8,30,12,0,670,348.0,rue du Maréchal Juin,48.464,7.495,Plein jour,En agglomération,Giratoire,Normale,Autre collision,,,,,,,,,,,1,2,6,1,6
200500049202,0005-08-08 23:30:00,5,8,8,23,30,670,87.0,,48.837,7.65,Nuit avec éclairage allumé,Hors agglomération,Hors intersection,Normale,Sans collision,,,,,,,,,,,5,1,1,1,7
200500049203,0005-08-11 18:45:00,5,8,11,18,45,670,458.0,route d'Ohlungen,,,Plein jour,En agglomération,Hors intersection,Normale,Deux véhicules - côté,,,,,,,,,,,1,2,1,1,3
200500049204,0005-08-14 05:30:00,5,8,14,5,30,670,87.0,RUE PRINCIPALE NEUBOURG,,,Crépuscule ou aube,En agglomération,Hors intersection,Temps couvert,Sans collision,,,,,,,,,,,2,2,1,8,7
200500049205,0005-08-19 19:00:00,5,8,19,19,0,670,331.0,,48.782,7.722,Plein jour,Hors agglomération,Hors intersection,Normale,Deux véhicules - frontale,,,,,,,,,,,1,1,1,1,1
200500049206,0005-08-30 18:20:00,5,8,30,18,20,670,169.0,4A Chemin de KURTZENHOUS,,,Plein jour,En agglomération,Hors intersection,Normale,Autre collision,,,,,,,,,,,1,2,1,1,6
200500049207,0005-08-20 11:45:00,5,8,20,11,45,670,101.0,,48.531,7.5,Plein jour,Hors agglomération,Hors intersection,Normale,Deux véhicules - frontale,,,,,,,,,,,1,1,1,1,1
200500049208,0005-08-01 10:30:00,5,8,1,10,30,670,165.0,,48.508,7.127,Plein jour,Hors agglomération,Hors intersection,Normale,Sans collision,,,,,,,,,,,1,1,1,1,7
200500049209,0005-08-03 18:15:00,5,8,3,18,15,670,437.0,place de la gare,48.75,7.358,Plein jour,En agglomération,Place,Normale,Autre collision,,,,,,,,,,,1,2,7,1,6
200500049210,0005-08-07 22:15:00,5,8,7,22,15,670,478.0,,,,Nuit sans éclairage public,Hors agglomération,Hors intersection,Pluie légère,Sans collision,,,,,,,,,,,3,1,1,2,7
200500049211,0005-08-10 14:45:00,5,8,10,14,45,670,6.0,"RD 230, PK 4+400",,,Plein jour,Hors agglomération,Hors intersection,Normale,Deux véhicules - frontale,,,,,,,,,,,1,1,1,1,1
200500049212,0005-08-01 16:20:00,5,8,1,16,20,670,434.0,RN61 - PR 18+950,,,Plein jour,Hors agglomération,Hors intersection,Normale,Deux véhicules - arrière,,,,,,,,,,,1,1,1,1,2
200500049213,0005-08-10 20:00:00,5,8,10,20,0,670,99.0,,,,Plein jour,Hors agglomération,Hors intersection,Normale,Autre collision,,,,,,,,,,,1,1,1,1,6
200500049214,0005-08-11 22:25:00,5,8,11,22,25,670,191.0,CD919,,,Nuit sans éclairage public,Hors agglomération,Hors intersection,Normale,Autre collision,,,,,,,,,,,3,1,1,1,6
200500049215,0005-08-13 08:00:00,5,8,13,8,0,670,191.0,,,,Plein jour,En agglomération,Hors intersection,Normale,Deux véhicules - arrière,,,,,,,,,,,1,2,1,1,2
200500049216,0005-08-20 19:00:00,5,8,20,19,0,670,370.0,,,,Plein jour,Hors agglomération,Hors intersection,Normale,Deux véhicules - côté,,,,,,,,,,,1,1,1,1,3
200500049217,0005-08-23 14:15:00,5,8,23,14,15,670,392.0,,,,Plein jour,Hors agglomération,Hors intersection,Normale,Deux véhicules - frontale,,,,,,,,,,,1,1,1,1,1
200500049218,0005-08-25 11:45:00,5,8,25,11,45,670,67.0,"ns Nord/Sud, P.R. 12+380",,,Plein jour,Hors agglomération,Hors intersection,Pluie légère,Deux véhicules - côté,,,,,,,,,,,1,1,1,2,3
200500049219,0005-08-02 19:00:00,5,8,2,19,0,670,5.0,,,,Plein jour,Hors agglomération,Hors intersection,Pluie légère,Deux véhicules - frontale,,,,,,,,,,,1,1,1,2,1
200500049220,0005-08-09 17:30:00,5,8,9,17,30,670,539.0,23 rue de la Victoire,,,Plein jour,En agglomération,Hors intersection,Normale,Deux véhicules - côté,,,,,,,,,,,1,2,1,1,3
200500049221,0005-08-13 00:15:00,5,8,13,0,15,670,202.0,,,,Nuit sans éclairage public,Hors agglomération,Hors intersection,Normale,Autre collision,,,,,,,,,,,3,1,1,1,6
200500049222,0005-08-05 11:30:00,5,8,5,11,30,670,34.0,rue nieffern,48.683,7.658,Plein jour,En agglomération,Hors intersection,Normale,Autre collision,,,,,,,,,,,1,2,1,1,6
200500049223,0005-08-06 14:40:00,5,8,6,14,40,670,375.0,"15, Rue Principale",,,Plein jour,En agglomération,Hors intersection,Normale,Deux véhicules - côté,,,,,,,,,,,1,2,1,1,3
200500049224,0005-08-12 20:00:00,5,8,12,20,0,670,102.0,,48.639,7.576,Plein jour,Hors agglomération,Hors intersection,Pluie légère,Autre collision,,,,,,,,,,,1,1,1,2,6
200500049225,0005-08-18 02:00:00,5,8,18,2,0,670,485.0,CD 41,,,Nuit sans éclairage public,Hors agglomération,Hors intersection,Normale,Autre collision,,,,,,,,,,,3,1,1,1,6
200500049226,0005-08-20 09:45:00,5,8,20,9,45,670,375.0,,48.649,7.674,Nuit sans éclairage public,Hors agglomération,Hors intersection,Normale,Autre collision,,,,,,,,,,,3,1,1,1,6
200500049227,0005-08-05 16:05:00,5,8,5,16,5,670,281.0,,,,Plein jour,Hors agglomération,Hors intersection,Normale,Deux véhicules - côté,,,,,,,,,,,1,1,1,1,3
200500049228,0005-08-31 18:15:00,5,8,31,18,15,670,255.0,rue mairesse pré,,,Plein jour,En agglomération,Hors intersection,Normale,Sans collision,,,,,,,,,,,1,2,1,1,7
200500049229,0005-08-25 21:30:00,5,8,25,21,30,670,451.0,12 rue de la paix,48.999,8.019,Crépuscule ou aube,En agglomération,Autre intersection,Pluie légère,Deux véhicules - côté,,,,,,,,,,,2,2,9,2,3
200500049230,0005-08-28 12:30:00,5,8,28,12,30,670,544.0,,49.028,7.88,Plein jour,Hors agglomération,Autre intersection,Temps éblouissant,Autre collision,,,,,,,,,,,1,1,9,7,6
200500049231,0005-08-13 16:15:00,5,8,13,16,15,670,263.0,,49.019,7.78,Plein jour,Hors agglomération,Hors intersection,Normale,Sans collision,,,,,,,,,,,1,1,1,1,7
200500049232,0005-08-04 07:00:00,5,8,4,7,0,680,19.0,,48.105,7.534,Plein jour,En agglomération,Hors intersection,Normale,Autre collision,,,,,,,,,,,1,2,1,1,6
200500049233,0005-08-23 13:45:00,5,8,23,13,45,680,162.0,51 route de lapoutroie,48.155,7.247,Plein jour,En agglomération,Hors intersection,Normale,Autre collision,,,,,,,,,,,1,2,1,1,6
200500049234,0005-08-17 18:00:00,5,8,17,18,0,680,365.0,Route de Rouffach,48.067,7.341,Plein jour,En agglomération,Hors intersection,Normale,Deux véhicules - frontale,,,,,,,,,,,1,2,1,1,1
200500049235,0005-08-19 18:00:00,5,8,19,18,0,680,338.0,,48.097,7.24,Crépuscule ou aube,Hors agglomération,Hors intersection,Pluie légère,Deux véhicules - côté,,,,,,,,,,,2,1,1,2,3
200500049236,0005-08-29 18:00:00,5,8,29,18,0,680,374.0,sur CD11,48.088,7.315,Plein jour,Hors agglomération,Intersection en Y,Normale,Deux véhicules - côté,,,,,,,,,,,1,1,4,1,3
200500049237,0005-08-30 12:30:00,5,8,30,12,30,680,911.0,Rue d'Eguisheim,48.089,7.307,Plein jour,En agglomération,Hors intersection,Normale,Deux véhicules - côté,,,,,,,,,,,1,2,1,1,3
200500049238,0005-08-01 18:00:00,5,8,1,18,0,680,333.0,"10, RUE PRINCIPALE",,,Plein jour,En agglomération,Hors intersection,Normale,Autre collision,,,,,,,,,,,1,2,1,1,6
200500049239,0005-08-10 14:15:00,5,8,10,14,15,680,347.0,,,,Plein jour,Hors agglomération,Hors intersection,Normale,Trois véhicules et plus - collisions multiples,,,,,,,,,,,1,1,1,1,5
200500049240,0005-08-28 15:45:00,5,8,28,15,45,680,165.0,,47.448,7.385,Plein jour,Hors agglomération,Hors intersection,Normale,Sans collision,,,,,,,,,,,1,1,1,1,7
200500049241,0005-08-09 16:45:00,5,8,9,16,45,680,315.0,CD 431 - PK 8+400,47.898,7.118,Plein jour,Hors agglomération,Hors intersection,Normale,Trois véhicules et plus - collisions multiples,,,,,,,,,,,1,1,1,1,5
200500049242,0005-08-22 21:00:00,5,8,22,21,0,680,91.0,64 RUE DE LA LIBERATION,47.921,7.537,Nuit avec éclairage allumé,En agglomération,Hors intersection,Normale,Autre collision,,,,,,,,,,,5,2,1,1,6
200500049243,0005-08-23 22:30:00,5,8,23,22,30,680,234.0,cd 18 BIS,47.954,7.385,Nuit sans éclairage public,En agglomération,Hors intersection,Normale,Deux véhicules - frontale,,,,,,,,,,,3,2,1,1,1
200500049244,0005-08-09 17:15:00,5,8,9,17,15,680,287.0,,47.961,7.307,Plein jour,Hors agglomération,Hors intersection,Normale,Sans collision,,,,,,,,,,,1,1,1,1,7
200500049245,0005-08-06 13:45:00,5,8,6,13,45,680,154.0,rue du rhin,,,Plein jour,En agglomération,Hors intersection,Normale,Deux véhicules - frontale,,,,,,,,,,,1,2,1,1,1
200500049246,0005-08-12 13:30:00,5,8,12,13,30,680,154.0,teau d'eau et de la rue,,,Plein jour,En agglomération,Autre intersection,Normale,Deux véhicules - côté,,,,,,,,,,,1,2,9,1,3
200500049247,0005-08-03 16:15:00,5,8,3,16,15,680,55.0,,47.711,7.36,Plein jour,Hors agglomération,Hors intersection,Normale,Autre collision,,,,,,,,,,,1,1,1,1,6
200500049248,0005-08-01 05:15:00,5,8,1,5,15,680,13.0,,47.568,7.483,Crépuscule ou aube,Hors agglomération,Hors intersection,Normale,Sans collision,,,,,,,,,,,2,1,1,1,7
200500049249,0005-08-09 15:15:00,5,8,9,15,15,680,120.0,24 rue d'Hégenheim,47.531,7.481,Plein jour,En agglomération,Hors intersection,Normale,Deux véhicules - côté,,,,,,,,,,,1,2,1,1,3
200500049250,0005-08-18 13:00:00,5,8,18,13,0,680,263.0,,47.583,7.474,Plein jour,Hors agglomération,Hors intersection,Normale,Trois véhicules et plus - collisions multiples,,,,,,,,,,,1,1,1,1,5
200500049251,0005-08-19 23:45:00,5,8,19,23,45,680,135.0,rue de St-Louis,47.582,7.53,Nuit avec éclairage allumé,En agglomération,Hors intersection,Normale,Sans collision,,,,,,,,,,,5,2,1,1,7
200500049252,0005-08-10 12:15:00,5,8,10,12,15,680,163.0,,,,Plein jour,Hors agglomération,Hors intersection,Normale,Deux véhicules - arrière,,,,,,,,,,,1,1,1,1,2
200500049253,0005-08-25 12:00:00,5,8,25,12,0,680,279.0,,47.792,7.073,Plein jour,Hors agglomération,Hors intersection,Normale,Deux véhicules - frontale,,,,,,,,,,,1,1,1,1,1
200500049254,0005-08-28 19:30:00,5,8,28,19,30,680,102.0,,47.897,7.07,Plein jour,Hors agglomération,Hors intersection,Normale,Sans collision,,,,,,,,,,,1,1,1,1,7
200500049255,0005-08-28 16:00:00,5,8,28,16,0,680,89.0,Route de Bussang,,,Plein jour,En agglomération,Hors intersection,Normale,Deux véhicules - côté,,,,,,,,,,,1,2,1,1,3
200500049256,0005-08-29 17:30:00,5,8,29,17,30,680,344.0,"t ""See"", RN 66, PK 7.950",47.892,6.972,Plein jour,Hors agglomération,Hors intersection,Normale,Deux véhicules - frontale,,,,,,,,,,,1,1,1,1,1
200500049257,0005-08-30 15:15:00,5,8,30,15,15,680,304.0,,47.76,7.066,Plein jour,Hors agglomération,Hors intersection,Normale,Deux véhicules - côté,,,,,,,,,,,1,1,1,1,3
200500049258,0005-08-30 22:00:00,5,8,30,22,0,680,313.0,,47.725,7.111,Nuit sans éclairage public,Hors agglomération,Hors intersection,Normale,Trois véhicules et plus - collisions multiples,,,,,,,,,,,3,1,1,1,5
200500049259,0005-08-04 08:15:00,5,8,4,8,15,510,413.0,,49.03,4.039,Plein jour,Hors agglomération,Hors intersection,Normale,Deux véhicules - côté,,,,,,,,,,,1,1,1,1,3
200500049260,0005-08-30 14:15:00,5,8,30,14,15,510,29.0,RUE REMPART DU MIDI,48.983,4.006,Plein jour,En agglomération,Hors intersection,Normale,Deux véhicules - côté,,,,,,,,,,,1,2,1,1,3
200500049261,0005-08-06 20:45:00,5,8,6,20,45,510,551.0,GRANDE RUE,48.601,4.508,Crépuscule ou aube,En agglomération,Autre intersection,Normale,Deux véhicules - frontale,,,,,,,,,,,2,2,9,1,1
200500049262,0005-08-13 00:15:00,5,8,13,0,15,510,167.0,,48.743,4.369,Nuit sans éclairage public,Hors agglomération,Hors intersection,Normale,Deux véhicules - frontale,,,,,,,,,,,3,1,1,1,1
200500049263,0005-08-21 17:00:00,5,8,21,17,0,510,167.0,,48.746,4.409,Plein jour,Hors agglomération,Hors intersection,Normale,Autre collision,,,,,,,,,,,1,1,1,1,6
200500049264,0005-08-29 14:45:00,5,8,29,14,45,510,165.0,,48.734,3.883,Plein jour,Hors agglomération,Hors intersection,Normale,Deux véhicules - frontale,,,,,,,,,,,1,1,1,1,1
200500049265,0005-08-03 16:45:00,5,8,3,16,45,510,380.0,RD 933,,,Plein jour,Hors agglomération,Hors intersection,Normale,Deux véhicules - frontale,,,,,,,,,,,1,1,1,1,1
200500049266,0005-08-20 22:30:00,5,8,20,22,30,510,359.0,la chaussée de Mécringes,,,Nuit avec éclairage allumé,En agglomération,Hors intersection,Pluie légère,Autre collision,,,,,,,,,,,5,2,1,2,6
200500049267,0005-08-02 13:30:00,5,8,2,13,30,510,237.0,,48.723,3.548,Plein jour,Hors agglomération,Intersection en X,Normale,Deux véhicules - côté,,,,,,,,,,,1,1,2,1,3
200500049268,0005-08-09 00:15:00,5,8,9,0,15,510,237.0,,48.732,3.565,Nuit sans éclairage public,Hors agglomération,Hors intersection,Normale,Deux véhicules - frontale,,,,,,,,,,,3,1,1,1,1
200500049269,0005-08-17 16:15:00,5,8,17,16,15,510,407.0,,48.737,3.605,Plein jour,Hors agglomération,Hors intersection,Normale,Sans collision,,,,,,,,,,,1,1,1,1,7
200500049270,0005-08-22 16:30:00,5,8,22,16,30,510,237.0,,48.723,3.548,Plein jour,Hors agglomération,Intersection en T,Normale,Deux véhicules - côté,,,,,,,,,,,1,1,3,1,3
200500049271,0005-08-22 18:15:00,5,8,22,18,15,510,591.0,,,,Plein jour,Hors agglomération,Hors intersection,Normale,Deux véhicules - côté,,,,,,,,,,,1,1,1,1,3
200500049272,0005-08-11 15:30:00,5,8,11,15,30,510,225.0,route de Chamery,49.19,3.95,Plein jour,En agglomération,Hors intersection,Normale,Deux véhicules - côté,,,,,,,,,,,1,2,1,1,3
200500049273,0005-08-31 08:00:00,5,8,31,8,0,510,527.0,CD386,49.249,3.784,Plein jour,En agglomération,Hors intersection,Normale,Autre collision,,,,,,,,,,,1,2,1,1,6
200500049274,0005-08-31 11:15:00,5,8,31,11,15,510,569.0,Parc millésime,49.259,3.964,Plein jour,En agglomération,Hors intersection,Normale,Deux véhicules - frontale,,,,,,,,,,,1,2,1,1,1
200500049275,0005-08-06 17:55:00,5,8,6,17,55,510,28.0,La Planche,,,Plein jour,Hors agglomération,Intersection en X,Normale,Deux véhicules - côté,,,,,,,,,,,1,1,2,1,3