accident_id,datetime,annee,mois,jour,heure,minute,departement,commune_insee,adresse,latitude,longitude,luminosite,agglomeration,intersection,meteo,collision,nb_vehicules,nb_usagers,nb_indemnes,nb_tues,nb_blesses_hosp,nb_blesses_legers,age_cond_1,age_cond_2,veh_type_cond_1,veh_type_cond_2,lum_code,agg_code,int_code,atm_code,col_code
200500049549,0005-08-16 18:15:00,5,8,16,18,15,60,79.0,route du golf,,,Plein jour,En agglomération,Hors intersection,Normale,Deux véhicules - frontale,,,,,,,,,,,1,2,1,1,1
200500049550,0005-08-27 07:45:00,5,8,27,7,45,60,138.0,,,,Plein jour,Hors agglomération,Hors intersection,Normale,Deux véhicules - frontale,,,,,,,,,,,1,1,1,1,1
200500049551,0005-08-05 18:10:00,5,8,5,18,10,60,118.0,D13 pk13+700,,,Crépuscule ou aube,Hors agglomération,Hors intersection,Normale,Deux véhicules - arrière,,,,,,,,,,,2,1,1,1,2
200500049552,0005-08-12 14:00:00,5,8,12,14,0,60,33.0,rue du valdeblore,,,Plein jour,En agglomération,Hors intersection,Normale,Deux véhicules - frontale,,,,,,,,,,,1,2,1,1,1
200500049553,0005-08-29 16:00:00,5,8,29,16,0,60,64.0,1 - route de la Baronne,,,Plein jour,En agglomération,Hors intersection,Normale,Deux véhicules - côté,,,,,,,,,,,1,2,1,1,3
200500049554,0005-08-01 13:30:00,5,8,1,13,30,60,23.0,,,,Plein jour,Hors agglomération,Hors intersection,Normale,Autre collision,,,,,,,,,,,1,1,1,1,6
200500049555,0005-08-24 20:30:00,5,8,24,20,30,60,59.0,RN 98,43.719,7.351,Nuit avec éclairage allumé,Hors agglomération,Hors intersection,Normale,Autre collision,,,,,,,,,,,5,1,1,1,6
200500049556,0005-08-08 12:15:00,5,8,8,12,15,60,119.0,,44.29,6.9,Plein jour,Hors agglomération,Hors intersection,Normale,Deux véhicules - côté,,,,,,,,,,,1,1,1,1,3
200500049557,0005-08-28 14:45:00,5,8,28,14,45,60,120.0,Bvd Ours de St Erige,44.229,6.934,Plein jour,En agglomération,Hors intersection,Normale,Autre collision,,,,,,,,,,,1,2,1,1,6
200500049558,0005-08-15 18:15:00,5,8,15,18,15,830,4.0,,,,Plein jour,Hors agglomération,Hors intersection,Normale,Deux véhicules - frontale,,,,,,,,,,,1,1,1,1,1
200500049559,0005-08-16 08:00:00,5,8,16,8,0,830,4.0,,,,Plein jour,Hors agglomération,Hors intersection,Normale,Deux véhicules - côté,,,,,,,,,,,1,1,1,1,3
200500049560,0005-08-09 11:30:00,5,8,9,11,30,830,142.0,,,,Plein jour,Hors agglomération,Hors intersection,Normale,Sans collision,,,,,,,,,,,1,1,1,1,7
200500049561,0005-08-10 10:45:00,5,8,10,10,45,830,56.0,,,,Plein jour,Hors agglomération,Hors intersection,Normale,Deux véhicules - frontale,,,,,,,,,,,1,1,1,1,1
200500049562,0005-08-14 09:30:00,5,8,14,9,30,830,82.0,,,,Plein jour,Hors agglomération,Hors intersection,Normale,Sans collision,,,,,,,,,,,1,1,1,1,7
200500049563,0005-08-07 17:00:00,5,8,7,17,0,830,55.0,chemin des termes,,,Plein jour,En agglomération,Hors intersection,Normale,Deux véhicules - frontale,,,,,,,,,,,1,2,1,1,1
200500049564,0005-08-10 10:00:00,5,8,10,10,0,830,138.0,,,,Plein jour,Hors agglomération,Hors intersection,Normale,Autre collision,,,,,,,,,,,1,1,1,1,6
200500049565,0005-08-17 09:45:00,5,8,17,9,45,830,72.0,ROND POINT DE CARCES,,,Plein jour,En agglomération,Giratoire,Normale,Deux véhicules - côté,,,,,,,,,,,1,2,6,1,3
200500049566,0005-08-27 16:45:00,5,8,27,16,45,830,72.0,place d'entrechaux,,,Plein jour,En agglomération,Autre intersection,Normale,Sans collision,,,,,,,,,,,1,2,9,1,7
200500049567,0005-08-30 10:00:00,5,8,30,10,0,830,72.0,RUE DES 4 PIERRES,,,Plein jour,En agglomération,Hors intersection,Normale,Deux véhicules - côté,,,,,,,,,,,1,2,1,1,3
200500049568,0005-08-12 15:00:00,5,8,12,15,0,830,121.0,,,,Plein jour,Hors agglomération,Hors intersection,Normale,Trois véhicules et plus - en chaîne,,,,,,,,,,,1,1,1,1,4
200500049569,0005-08-21 08:30:00,5,8,21,8,30,830,128.0,,,,Plein jour,Hors agglomération,Hors intersection,Temps couvert,Sans collision,,,,,,,,,,,1,1,1,8,7
200500049570,0005-08-23 16:45:00,5,8,23,16,45,830,2.0,,,,Plein jour,Hors agglomération,Hors intersection,Normale,Deux véhicules - frontale,,,,,,,,,,,1,1,1,1,1
200500049571,0005-08-23 18:45:00,5,8,23,18,45,830,15.0,,,,Plein jour,Hors agglomération,Hors intersection,Normale,Deux véhicules - côté,,,,,,,,,,,1,1,1,1,3
200500049572,0005-08-27 20:45:00,5,8,27,20,45,830,121.0,rue gaudin,,,Nuit avec éclairage allumé,En agglomération,Hors intersection,Pluie légère,Autre collision,,,,,,,,,,,5,2,1,2,6
200500049573,0005-08-02 09:15:00,5,8,2,9,15,830,23.0,,,,Plein jour,Hors agglomération,Hors intersection,Normale,Deux véhicules - frontale,,,,,,,,,,,1,1,1,1,1
200500049574,0005-08-11 17:00:00,5,8,11,17,0,830,23.0,,,,Plein jour,Hors agglomération,Hors intersection,Normale,Sans collision,,,,,,,,,,,1,1,1,1,7
200500049575,0005-08-12 14:15:00,5,8,12,14,15,830,37.0,,,,Plein jour,Hors agglomération,Autre intersection,Normale,Deux véhicules - frontale,,,,,,,,,,,1,1,9,1,1
200500049576,0005-08-27 12:30:00,5,8,27,12,30,830,37.0,D 405,,,Plein jour,Hors agglomération,Hors intersection,Pluie légère,Deux véhicules - frontale,,,,,,,,,,,1,1,1,2,1
200500049577,0005-08-27 14:00:00,5,8,27,14,0,830,30.0,D 43,,,Plein jour,Hors agglomération,Hors intersection,Normale,Deux véhicules - côté,,,,,,,,,,,1,1,1,1,3
200500049578,0005-08-28 20:00:00,5,8,28,20,0,830,23.0,,43.356,5.972,Crépuscule ou aube,Hors agglomération,Hors intersection,Temps couvert,Deux véhicules - frontale,,,,,,,,,,,2,1,1,8,1
200500049579,0005-08-13 18:30:00,5,8,13,18,30,830,32.0,,,,Plein jour,Hors agglomération,Hors intersection,Normale,Sans collision,,,,,,,,,,,1,1,1,1,7
200500049580,0005-08-25 08:30:00,5,8,25,8,30,830,32.0,Place Emile Zola,,,Plein jour,En agglomération,Place,Normale,Autre collision,,,,,,,,,,,1,2,7,1,6
200500049581,0005-08-16 17:30:00,5,8,16,17,30,830,100.0,,,,Plein jour,Hors agglomération,Hors intersection,Normale,Deux véhicules - arrière,,,,,,,,,,,1,1,1,1,2
200500049582,0005-08-03 08:30:00,5,8,3,8,30,830,67.0,,,,Plein jour,Hors agglomération,Hors intersection,Normale,Deux véhicules - frontale,,,,,,,,,,,1,1,1,1,1
200500049583,0005-08-26 10:30:00,5,8,26,10,30,830,67.0,RN97,43.32,6.27,Plein jour,Hors agglomération,Hors intersection,Normale,Autre collision,,,,,,,,,,,1,1,1,1,6
200500049584,0005-08-07 06:00:00,5,8,7,6,0,830,66.0,,,,Crépuscule ou aube,Hors agglomération,Hors intersection,Normale,Deux véhicules - frontale,,,,,,,,,,,2,1,1,1,1
200500049585,0005-08-04 11:45:00,5,8,4,11,45,830,116.0,D 3  route d'Ollières,,,Plein jour,Hors agglomération,Hors intersection,Normale,Sans collision,,,,,,,,,,,1,1,1,1,7
200500049586,0005-08-05 23:00:00,5,8,5,23,0,830,89.0,RD3,,,Nuit sans éclairage public,Hors agglomération,Hors intersection,Normale,Autre collision,,,,,,,,,,,3,1,1,1,6
200500049587,0005-08-12 06:45:00,5,8,12,6,45,830,107.0,,,,Plein jour,Hors agglomération,Hors intersection,Normale,Deux véhicules - côté,,,,,,,,,,,1,1,1,1,3
200500049588,0005-08-20 09:45:00,5,8,20,9,45,830,107.0,,,,Plein jour,Hors agglomération,Hors intersection,Normale,Deux véhicules - frontale,,,,,,,,,,,1,1,1,1,1
200500049589,0005-08-27 22:15:00,5,8,27,22,15,830,99.0,,,,Nuit sans éclairage public,Hors agglomération,Hors intersection,Normale,Deux véhicules - arrière,,,,,,,,,,,3,1,1,1,2
200500049590,0005-08-05 00:45:00,5,8,5,0,45,830,68.0,,,,Nuit sans éclairage public,Hors agglomération,Autre intersection,Normale,Deux véhicules - frontale,,,,,,,,,,,3,1,9,1,1
200500049591,0005-08-06 15:15:00,5,8,6,15,15,830,68.0,,,,Plein jour,Hors agglomération,Hors intersection,Normale,Deux véhicules - frontale,,,,,,,,,,,1,1,1,1,1
200500049592,0005-08-11 23:30:00,5,8,11,23,30,830,68.0,RN 98,,,Nuit avec éclairage allumé,Hors agglomération,Hors intersection,Normale,Deux véhicules - côté,,,,,,,,,,,5,1,1,1,3
200500049593,0005-08-12 18:00:00,5,8,12,18,0,830,63.0,chemin de l'avelan,,,Plein jour,Hors agglomération,Hors intersection,Normale,Deux véhicules - frontale,,,,,,,,,,,1,1,1,1,1
200500049594,0005-08-24 09:15:00,5,8,24,9,15,830,79.0,,,,Plein jour,Hors agglomération,Hors intersection,Normale,Autre collision,,,,,,,,,,,1,1,1,1,6
200500049595,0005-08-03 04:20:00,5,8,3,4,20,830,1.0,D37,,,Nuit avec éclairage allumé,Hors agglomération,Hors intersection,Pluie légère,Deux véhicules - frontale,,,,,,,,,,,5,1,1,2,1
200500049596,0005-08-16 14:50:00,5,8,16,14,50,830,86.0,RN7/ AV. DE LA TOUR,,,Plein jour,En agglomération,Hors intersection,Normale,Deux véhicules - côté,,,,,,,,,,,1,2,1,1,3
200500049597,0005-08-23 08:15:00,5,8,23,8,15,830,8.0,cd 4 route de FREJUS,,,Plein jour,Hors agglomération,Hors intersection,Normale,Deux véhicules - arrière,,,,,,,,,,,1,1,1,1,2
200500049598,0005-08-27 07:00:00,5,8,27,7,0,830,86.0,Les Valises,,,Plein jour,Hors agglomération,Intersection en X,Normale,Deux véhicules - frontale,,,,,,,,,,,1,1,2,1,1
200500049599,0005-08-30 00:15:00,5,8,30,0,15,830,86.0,PK 47.600,,,Nuit sans éclairage public,Hors agglomération,Hors intersection,Normale,Deux véhicules - côté,,,,,,,,,,,3,1,1,1,3
200500049600,0005-08-10 12:00:00,5,8,10,12,0,830,115.0,av charles de gaulle,,,Plein jour,En agglomération,Intersection en X,Normale,Deux véhicules - côté,,,,,,,,,,,1,2,2,1,3
200500049601,0005-08-23 13:45:00,5,8,23,13,45,830,115.0,e la plage des éléphants,,,Plein jour,Hors agglomération,Hors intersection,Normale,Deux véhicules - frontale,,,,,,,,,,,1,1,1,1,1
200500049602,0005-08-25 11:00:00,5,8,25,11,0,830,115.0,,,,Plein jour,Hors agglomération,Hors intersection,Normale,Deux véhicules - arrière,,,,,,,,,,,1,1,1,1,2
200500049603,0005-08-03 06:00:00,5,8,3,6,0,830,101.0,,,,Crépuscule ou aube,Hors agglomération,Hors intersection,Normale,Deux véhicules - arrière,,,,,,,,,,,2,1,1,1,2
200500049604,0005-08-13 10:45:00,5,8,13,10,45,830,119.0,,,,Plein jour,Hors agglomération,Hors intersection,Normale,Deux véhicules - frontale,,,,,,,,,,,1,1,1,1,1
200500049605,0005-08-13 18:45:00,5,8,13,18,45,830,101.0,,,,Plein jour,Hors agglomération,Hors intersection,Normale,Deux véhicules - côté,,,,,,,,,,,1,1,1,1,3
200500049606,0005-08-14 18:45:00,5,8,14,18,45,830,119.0,,,,Plein jour,En agglomération,Hors intersection,Normale,Deux véhicules - frontale,,,,,,,,,,,1,2,1,1,1
200500049607,0005-08-23 19:15:00,5,8,23,19,15,830,119.0,CV1,,,Plein jour,En agglomération,Hors intersection,Normale,Deux véhicules - frontale,,,,,,,,,,,1,2,1,1,1
200500049608,0005-08-06 16:30:00,5,8,6,16,30,830,53.0,,43.157,5.847,Plein jour,Hors agglomération,Hors intersection,Normale,Deux véhicules - frontale,,,,,,,,,,,1,1,1,1,1
200500049609,0005-08-19 10:30:00,5,8,19,10,30,830,35.0,le camp du Castellet,,,Plein jour,Hors agglomération,Hors intersection,Normale,Deux véhicules - frontale,,,,,,,,,,,1,1,1,1,1
200500049610,0005-08-05 17:00:00,5,8,5,17,0,830,43.0,,,,Plein jour,Hors agglomération,Hors intersection,Normale,Autre collision,,,,,,,,,,,1,1,1,1,6
200500049611,0005-08-07 12:30:00,5,8,7,12,30,830,91.0,,43.23,6.133,Plein jour,Hors agglomération,Hors intersection,Normale,Deux véhicules - frontale,,,,,,,,,,,1,1,1,1,1
200500049612,0005-08-13 13:35:00,5,8,13,13,35,830,19.0,"JEANNE, RN 98 RTE DU DOM",,,Plein jour,Hors agglomération,Hors intersection,Normale,Sans collision,,,,,,,,,,,1,1,1,1,7
200500049613,0005-08-15 18:30:00,5,8,15,18,30,830,70.0,CD559 avenue de Provence,43.144,6.371,Plein jour,En agglomération,Hors intersection,Normale,Deux véhicules - côté,,,,,,,,,,,1,2,1,1,3
200500049614,0005-08-31 15:55:00,5,8,31,15,55,830,70.0,AVENUE VINCENT AURIOL,,,Plein jour,En agglomération,Hors intersection,Normale,Deux véhicules - côté,,,,,,,,,,,1,2,1,1,3
200500049615,0005-08-01 14:30:00,5,8,1,14,30,830,112.0,CD 559,,,Plein jour,Hors agglomération,Hors intersection,Normale,Deux véhicules - côté,,,,,,,,,,,1,1,1,1,3
200500049616,0005-08-05 11:15:00,5,8,5,11,15,830,112.0,"nue du Port, Les Lecques",,,Plein jour,En agglomération,Hors intersection,Normale,Deux véhicules - frontale,,,,,,,,,,,1,2,1,1,1
200500049617,0005-08-23 09:20:00,5,8,23,9,20,830,131.0,CD.554,,,Plein jour,En agglomération,Hors intersection,Normale,Deux véhicules - frontale,,,,,,,,,,,1,2,1,1,1
200500049618,0005-08-01 10:45:00,5,8,1,10,45,840,34.0,,43.897,4.948,Plein jour,En agglomération,Hors intersection,Normale,Autre collision,,,,,,,,,,,1,2,1,1,6
200500049619,0005-08-05 23:00:00,5,8,5,23,0,840,34.0,RD 973,,,Nuit sans éclairage public,Hors agglomération,Hors intersection,Normale,Deux véhicules - frontale,,,,,,,,,,,3,1,1,1,1
200500049620,0005-08-14 18:15:00,5,8,14,18,15,840,81.0,,43.953,4.906,Plein jour,En agglomération,Hors intersection,Normale,Deux véhicules - frontale,,,,,,,,,,,1,2,1,1,1
200500049621,0005-08-16 19:30:00,5,8,16,19,30,840,34.0,croisement CD98 et CD22,,,Plein jour,Hors agglomération,Hors intersection,Normale,Deux véhicules - frontale,,,,,,,,,,,1,1,1,1,1
200500049622,0005-08-07 17:00:00,5,8,7,17,0,840,54.0,,43.917,5.039,Plein jour,Hors agglomération,Hors intersection,Normale,Deux véhicules - frontale,,,,,,,,,,,1,1,1,1,1
200500049623,0005-08-23 11:00:00,5,8,23,11,0,840,92.0,,,,Plein jour,En agglomération,Hors intersection,Normale,Deux véhicules - frontale,,,,,,,,,,,1,2,1,1,1
200500049624,0005-08-01 19:00:00,5,8,1,19,0,840,118.0,,43.931,5.296,Plein jour,Hors agglomération,Intersection en X,Normale,Deux véhicules - côté,,,,,,,,,,,1,1,2,1,3
200500049625,0005-08-06 09:30:00,5,8,6,9,30,840,112.0,,43.865,5.47,Plein jour,Hors agglomération,Hors intersection,Normale,Deux véhicules - frontale,,,,,,,,,,,1,1,1,1,1
200500049626,0005-08-01 16:00:00,5,8,1,16,0,840,20.0,,,,Plein jour,Hors agglomération,Hors intersection,Normale,Autre collision,,,,,,,,,,,1,1,1,1,6
200500049627,0005-08-13 18:15:00,5,8,13,18,15,840,66.0,D4,,,Plein jour,En agglomération,Hors intersection,Normale,Deux véhicules - frontale,,,,,,,,,,,1,2,1,1,1
200500049628,0005-08-21 11:00:00,5,8,21,11,0,840,14.0,Lieu-dit Brondon - RN 96,,,Plein jour,Hors agglomération,Hors intersection,Normale,Sans collision,,,,,,,,,,,1,1,1,1,7
200500049629,0005-08-07 16:30:00,5,8,7,16,30,840,107.0,,,,Plein jour,Hors agglomération,Hors intersection,Vent fort / tempête,Autre collision,,,,,,,,,,,1,1,1,6,6
200500049630,0005-08-30 00:30:00,5,8,30,0,30,840,107.0,,44.046,5.493,Nuit sans éclairage public,Hors agglomération,Hors intersection,Normale,Autre collision,,,,,,,,,,,3,1,1,1,6
200500049631,0005-08-05 17:45:00,5,8,5,17,45,840,142.0,,,,Plein jour,Hors agglomération,Hors intersection,Normale,Deux véhicules - arrière,,,,,,,,,,,1,1,1,1,2
200500049632,0005-08-13 23:15:00,5,8,13,23,15,840,88.0,tite route de carpentras,44.018,5.056,Nuit avec éclairage allumé,En agglomération,Hors intersection,Normale,Deux véhicules - frontale,,,,,,,,,,,5,2,1,1,1
200500049633,0005-08-13 14:30:00,5,8,13,14,30,840,29.0,,,,Plein jour,Hors agglomération,Giratoire,Normale,Deux véhicules - frontale,,,,,,,,,,,1,1,6,1,1
200500049634,0005-08-25 21:45:00,5,8,25,21,45,840,39.0,,,,Nuit sans éclairage public,Hors agglomération,Hors intersection,Normale,Autre collision,,,,,,,,,,,3,1,1,1,6
200500049635,0005-08-28 17:15:00,5,8,28,17,15,840,56.0,route d'Orange,,,Plein jour,En agglomération,Hors intersection,Normale,Autre collision,,,,,,,,,,,1,2,1,1,6
200500049636,0005-08-05 13:30:00,5,8,5,13,30,840,104.0,CD23,44.195,5.006,Plein jour,En agglomération,Hors intersection,Normale,Deux véhicules - côté,,,,,,,,,,,1,2,1,1,3
200500049637,0005-08-06 21:40:00,5,8,6,21,40,840,138.0,avant intersection avec,,,Nuit avec éclairage allumé,En agglomération,Hors intersection,Normale,Autre collision,,,,,,,,,,,5,2,1,1,6
200500049638,0005-08-04 09:00:00,5,8,4,9,0,340,22.0,,,,Plein jour,Hors agglomération,Hors intersection,Normale,Sans collision,,,,,,,,,,,1,1,1,1,7
200500049639,0005-08-05 07:45:00,5,8,5,7,45,340,58.0,artisanale Coustouliès,,,Plein jour,Hors agglomération,Giratoire,Temps éblouissant,Deux véhicules - arrière,,,,,,,,,,,1,1,6,7,2
200500049640,0005-08-20 00:01:00,5,8,20,0,1,340,327.0,,,,Plein jour,Hors agglomération,Hors intersection,Normale,Deux véhicules - côté,,,,,,,,,,,1,1,1,1,3
200500049641,0005-08-24 19:30:00,5,8,24,19,30,340,22.0,Rue Impériale,,,Plein jour,En agglomération,Hors intersection,Normale,Autre collision,,,,,,,,,,,1,2,1,1,6
200500049642,0005-08-11 16:00:00,5,8,11,16,0,340,111.0,,43.943,3.692,Plein jour,Hors agglomération,Hors intersection,Normale,Deux véhicules - frontale,,,,,,,,,,,1,1,1,1,1
200500049643,0005-08-27 16:00:00,5,8,27,16,0,340,111.0,,43.943,3.692,Plein jour,Hors agglomération,Hors intersection,Pluie légère,Autre collision,,,,,,,,,,,1,1,1,2,6
200500049644,0005-08-04 03:30:00,5,8,4,3,30,340,151.0,,,,Nuit sans éclairage public,Hors agglomération,Hors intersection,Normale,Autre collision,,,,,,,,,,,3,1,1,1,6
200500049645,0005-08-05 01:00:00,5,8,5,1,0,340,145.0,,,,Nuit sans éclairage public,Hors agglomération,Autre intersection,Normale,Trois véhicules et plus - collisions multiples,,,,,,,,,,,3,1,9,1,5
200500049646,0005-08-14 15:15:00,5,8,14,15,15,340,145.0,,,,Plein jour,Hors agglomération,Hors intersection,Normale,Deux véhicules - frontale,,,,,,,,,,,1,1,1,1,1
200500049647,0005-08-13 02:00:00,5,8,13,2,0,340,151.0,cd34 / rue H de BALZAC,,,Nuit avec éclairage allumé,En agglomération,Hors intersection,Normale,Deux véhicules - côté,,,,,,,,,,,5,2,1,1,3
200500049648,0005-08-17 19:30:00,5,8,17,19,30,340,151.0,,,,Plein jour,Hors agglomération,Hors intersection,Normale,Deux véhicules - côté,,,,,,,,,,,1,1,1,1,3
200500049649,0005-08-25 11:00:00,5,8,25,11,0,340,145.0,,,,Plein jour,Hors agglomération,Giratoire,Normale,Deux véhicules - frontale,,,,,,,,,,,1,1,6,1,1
200500049650,0005-08-27 22:00:00,5,8,27,22,0,340,151.0,,,,Nuit sans éclairage public,Hors agglomération,Hors intersection,Normale,Deux véhicules - côté,,,,,,,,,,,3,1,1,1,3
200500049651,0005-08-12 17:45:00,5,8,12,17,45,340,154.0,,,,Plein jour,Hors agglomération,Autre intersection,Normale,Deux véhicules - frontale,,,,,,,,,,,1,1,9,1,1
200500049652,0005-08-28 01:45:00,5,8,28,1,45,340,154.0,ieu dit vaugière le haut,,,Nuit sans éclairage public,Hors agglomération,Hors intersection,Normale,Autre collision,,,,,,,,,,,3,1,1,1,6
200500049653,0005-08-24 14:30:00,5,8,24,14,30,340,264.0,,,,Plein jour,Hors agglomération,Autre intersection,Normale,Sans collision,,,,,,,,,,,1,1,9,1,7
200500049654,0005-08-30 17:00:00,5,8,30,17,0,340,342.0,,,,Plein jour,Hors agglomération,Intersection en T,Normale,Deux véhicules - côté,,,,,,,,,,,1,1,3,1,3
200500049655,0005-08-08 17:50:00,5,8,8,17,50,340,28.0,"CD 908, Pk 45+200",,,Plein jour,Hors agglomération,Hors intersection,Normale,Deux véhicules - frontale,,,,,,,,,,,1,1,1,1,1
200500049656,0005-08-13 17:30:00,5,8,13,17,30,340,183.0,Route de SALLE D AUDE,43.28,3.12,Plein jour,En agglomération,Hors intersection,Normale,Deux véhicules - côté,,,,,,,,,,,1,2,1,1,3
200500049657,0005-08-25 09:00:00,5,8,25,9,0,340,289.0,,43.393,3.415,Plein jour,Hors agglomération,Hors intersection,Normale,Deux véhicules - frontale,,,,,,,,,,,1,1,1,1,1
200500049658,0005-08-07 06:15:00,5,8,7,6,15,340,293.0,,,,Crépuscule ou aube,Hors agglomération,Hors intersection,Normale,Sans collision,,,,,,,,,,,2,1,1,1,7
200500049659,0005-08-01 20:00:00,5,8,1,20,0,340,224.0,,43.458,3.218,Plein jour,Hors agglomération,Hors intersection,Normale,Deux véhicules - côté,,,,,,,,,,,1,1,1,1,3
200500049660,0005-08-26 14:00:00,5,8,26,14,0,340,147.0,,43.475,3.222,Plein jour,Hors agglomération,Hors intersection,Normale,Deux véhicules - frontale,,,,,,,,,,,1,1,1,1,1
200500049661,0005-08-28 00:01:00,5,8,28,0,1,340,300.0,,43.425,3.294,Nuit sans éclairage public,Hors agglomération,Hors intersection,Normale,Deux véhicules - côté,,,,,,,,,,,3,1,1,1,3
200500049662,0005-08-01 10:00:00,5,8,1,10,0,340,324.0,ue commadant l'Herminier,,,Plein jour,En agglomération,Hors intersection,Normale,Deux véhicules - côté,,,,,,,,,,,1,2,1,1,3
200500049663,0005-08-10 04:30:00,5,8,10,4,30,340,209.0,,43.294,3.353,Nuit sans éclairage public,Hors agglomération,Hors intersection,Normale,Deux véhicules - frontale,,,,,,,,,,,3,1,1,1,1
200500049664,0005-08-18 18:45:00,5,8,18,18,45,340,299.0,,,,Plein jour,Hors agglomération,Hors intersection,Normale,Autre collision,,,,,,,,,,,1,1,1,1,6
200500049665,0005-08-09 14:15:00,5,8,9,14,15,340,36.0,,,,Plein jour,Hors agglomération,Giratoire,Normale,Deux véhicules - côté,,,,,,,,,,,1,1,6,1,3
200500049666,0005-08-07 22:15:00,5,8,7,22,15,340,13.0,,43.594,3.455,Nuit sans éclairage public,Hors agglomération,Hors intersection,Normale,Autre collision,,,,,,,,,,,3,1,1,1,6
200500049667,0005-08-09 17:30:00,5,8,9,17,30,340,76.0,"Route de CLERMONT, CD 90",43.649,3.458,Plein jour,En agglomération,Hors intersection,Normale,Autre collision,,,,,,,,,,,1,2,1,1,6
200500049668,0005-08-21 20:30:00,5,8,21,20,30,340,79.0,,43.622,3.45,Nuit avec éclairage allumé,Hors agglomération,Giratoire,Vent fort / tempête,Sans collision,,,,,,,,,,,5,1,6,6,7
200500049669,0005-08-29 14:30:00,5,8,29,14,30,340,194.0,cours national - RN9,43.542,3.457,Plein jour,En agglomération,Hors intersection,Normale,Trois véhicules et plus - en chaîne,,,,,,,,,,,1,2,1,1,4
200500049670,0005-08-31 09:00:00,5,8,31,9,0,340,76.0,,43.649,3.465,Plein jour,Hors agglomération,Hors intersection,Normale,Autre collision,,,,,,,,,,,1,1,1,1,6
200500049671,0005-08-05 16:45:00,5,8,5,16,45,340,208.0,CD 131 PK 4+800,,,Plein jour,Hors agglomération,Hors intersection,Normale,Sans collision,,,,,,,,,,,1,1,1,1,7
200500049672,0005-08-07 11:30:00,5,8,7,11,30,340,221.0,CD32,,,Plein jour,Hors agglomération,Hors intersection,Normale,Sans collision,,,,,,,,,,,1,1,1,1,7
200500049673,0005-08-12 15:15:00,5,8,12,15,15,340,207.0,avenue de Marseillan,43.393,3.501,Plein jour,En agglomération,Hors intersection,Normale,Deux véhicules - côté,,,,,,,,,,,1,2,1,1,3
200500049674,0005-08-11 18:00:00,5,8,11,18,0,340,203.0,,,,Plein jour,Hors agglomération,Hors intersection,Normale,Trois véhicules et plus - en chaîne,,,,,,,,,,,1,1,1,1,4
200500049675,0005-08-12 15:45:00,5,8,12,15,45,340,901.0,Route nationale 112,,,Plein jour,En agglomération,Hors intersection,Normale,Trois véhicules et plus - en chaîne,,,,,,,,,,,1,2,1,1,4
200500049676,0005-08-13 23:15:00,5,8,13,23,15,340,332.0,,,,Nuit sans éclairage public,Hors agglomération,Hors intersection,Normale,Deux véhicules - frontale,,,,,,,,,,,3,1,1,1,1
200500049677,0005-08-19 01:30:00,5,8,19,1,30,340,332.0,,,,Nuit sans éclairage public,Hors agglomération,Autre intersection,Normale,Deux véhicules - frontale,,,,,,,,,,,3,1,9,1,1
200500049678,0005-08-24 11:55:00,5,8,24,11,55,340,901.0,venue de la Méditerranée,,,Plein jour,En agglomération,Hors intersection,Normale,Autre collision,,,,,,,,,,,1,2,1,1,6
200500049679,0005-08-27 07:15:00,5,8,27,7,15,340,150.0,,,,Plein jour,En agglomération,Hors intersection,Normale,Deux véhicules - côté,,,,,,,,,,,1,2,1,1,3
200500049680,0005-08-27 16:00:00,5,8,27,16,0,340,332.0,avenue de la méditerrané,,,Plein jour,En agglomération,Hors intersection,Temps couvert,Deux véhicules - arrière,,,,,,,,,,,1,2,1,8,2
200500049681,0005-08-09 20:40:00,5,8,9,20,40,340,113.0,Route Nationale 113,,,Plein jour,En agglomération,Giratoire,Normale,Sans collision,,,,,,,,,,,1,2,6,1,7
200500049682,0005-08-01 15:30:00,5,8,1,15,30,340,213.0,,43.474,3.676,Plein jour,Hors agglomération,Hors intersection,Normale,Deux véhicules - frontale,,,,,,,,,,,1,1,1,1,1
200500049683,0005-08-03 17:15:00,5,8,3,17,15,340,39.0,,43.458,3.654,Plein jour,Hors agglomération,Hors intersection,Normale,Autre collision,,,,,,,,,,,1,1,1,1,6
200500049684,0005-08-13 07:00:00,5,8,13,7,0,340,213.0,,43.473,3.674,Crépuscule ou aube,Hors agglomération,Hors intersection,Normale,Deux véhicules - frontale,,,,,,,,,,,2,1,1,1,1
200500049685,0005-08-20 14:00:00,5,8,20,14,0,340,213.0,,43.494,3.693,Plein jour,Hors agglomération,Hors intersection,Normale,Deux véhicules - frontale,,,,,,,,,,,1,1,1,1,1
200500049686,0005-08-19 06:00:00,5,8,19,6,0,110,367.0,P.K 10.900,,,Nuit sans éclairage public,Hors agglomération,Hors intersection,Normale,Autre collision,,,,,,,,,,,3,1,1,1,6