accident_id,datetime,annee,mois,jour,heure,minute,departement,commune_insee,adresse,latitude,longitude,luminosite,agglomeration,intersection,meteo,collision,nb_vehicules,nb_usagers,nb_indemnes,nb_tues,nb_blesses_hosp,nb_blesses_legers,age_cond_1,age_cond_2,veh_type_cond_1,veh_type_cond_2,lum_code,agg_code,int_code,atm_code,col_code
200500049823,0005-08-19 16:30:00,5,8,19,16,30,780,420.0,,,,Plein jour,En agglomération,Intersection en T,Normale,Autre collision,,,,,,,,,,,1,2,3,1,6
200500049824,0005-08-02 16:30:00,5,8,2,16,30,780,321.0,route du pontel,,,Plein jour,En agglomération,Hors intersection,Normale,Deux véhicules - côté,,,,,,,,,,,1,2,1,1,3
200500049825,0005-08-31 18:00:00,5,8,31,18,0,780,62.0,route départemantale 119,,,Plein jour,Hors agglomération,Hors intersection,Normale,Trois véhicules et plus - collisions multiples,,,,,,,,,,,1,1,1,1,5
200500049826,0005-08-31 17:40:00,5,8,31,17,40,780,615.0,RD 119,48.847,1.917,Plein jour,Hors agglomération,Hors intersection,Normale,Trois véhicules et plus - en chaîne,,,,,,,,,,,1,1,1,1,4
200500049827,0005-08-08 06:30:00,5,8,8,6,30,780,120.0,,,,Crépuscule ou aube,Hors agglomération,Hors intersection,Normale,Deux véhicules - frontale,,,,,,,,,,,2,1,1,1,1
200500049828,0005-08-30 14:30:00,5,8,30,14,30,780,601.0,,,,Plein jour,Hors agglomération,Hors intersection,Normale,Deux véhicules - arrière,,,,,,,,,,,1,1,1,1,2
200500049829,0005-08-04 02:45:00,5,8,4,2,45,910,340.0,,48.609,2.409,Nuit avec éclairage allumé,Hors agglomération,Hors intersection,Normale,Sans collision,,,,,,,,,,,5,1,1,1,7
200500049830,0005-08-10 21:45:00,5,8,10,21,45,910,386.0,RN 191,48.571,2.445,Nuit sans éclairage public,En agglomération,Hors intersection,Normale,Deux véhicules - arrière,,,,,,,,,,,3,2,1,1,2
200500049831,0005-08-14 04:00:00,5,8,14,4,0,910,135.0,veau du 31 RUE DES AVAUX,48.511,2.467,Nuit sans éclairage public,En agglomération,Hors intersection,Temps couvert,Autre collision,,,,,,,,,,,3,2,1,8,6
200500049832,0005-08-05 22:15:00,5,8,5,22,15,910,318.0,02 Grande Rue,,,Nuit avec éclairage allumé,En agglomération,Hors intersection,Normale,Sans collision,,,,,,,,,,,5,2,1,1,7
200500049833,0005-08-07 05:15:00,5,8,7,5,15,910,226.0,,48.486,2.193,Nuit sans éclairage public,Hors agglomération,Autre intersection,Normale,Autre collision,,,,,,,,,,,3,1,9,1,6
200500049834,0005-08-08 18:00:00,5,8,8,18,0,910,654.0,,,,Plein jour,Hors agglomération,Hors intersection,Normale,Deux véhicules - côté,,,,,,,,,,,1,1,1,1,3
200500049835,0005-08-06 11:45:00,5,8,6,11,45,910,41.0,,48.574,2.233,Plein jour,Hors agglomération,Hors intersection,Normale,Deux véhicules - arrière,,,,,,,,,,,1,1,1,1,2
200500049836,0005-08-07 21:45:00,5,8,7,21,45,910,156.0,CD449,,,Nuit sans éclairage public,Hors agglomération,Hors intersection,Normale,Deux véhicules - frontale,,,,,,,,,,,3,1,1,1,1
200500049837,0005-08-31 10:45:00,5,8,31,10,45,910,41.0,,,,Plein jour,Hors agglomération,Hors intersection,Normale,Trois véhicules et plus - en chaîne,,,,,,,,,,,1,1,1,1,4
200500049838,0005-08-01 21:40:00,5,8,1,21,40,910,494.0,CD19,,,Nuit sans éclairage public,Hors agglomération,Hors intersection,Normale,Sans collision,,,,,,,,,,,3,1,1,1,7
200500049839,0005-08-14 15:15:00,5,8,14,15,15,910,579.0,ute de Bourray sur juine,,,Plein jour,Hors agglomération,Hors intersection,Normale,Sans collision,,,,,,,,,,,1,1,1,1,7
200500049840,0005-08-26 06:15:00,5,8,26,6,15,910,111.0,,,,Crépuscule ou aube,Hors agglomération,Hors intersection,Normale,Autre collision,,,,,,,,,,,2,1,1,1,6
200500049841,0005-08-03 05:00:00,5,8,3,5,0,910,44.0,Carrefour des 3 communes,,,Nuit avec éclairage allumé,En agglomération,Hors intersection,Normale,Deux véhicules - côté,,,,,,,,,,,5,2,1,1,3
200500049842,0005-08-09 00:45:00,5,8,9,0,45,950,24.0,,,,Nuit sans éclairage public,Hors agglomération,Hors intersection,Normale,Autre collision,,,,,,,,,,,3,1,1,1,6
200500049843,0005-08-16 16:00:00,5,8,16,16,0,950,584.0,,,,Plein jour,Hors agglomération,Hors intersection,Normale,Sans collision,,,,,,,,,,,1,1,1,1,7
200500049844,0005-08-11 12:45:00,5,8,11,12,45,950,211.0,,49.084,2.097,Plein jour,Hors agglomération,Intersection en X,Normale,Deux véhicules - côté,,,,,,,,,,,1,1,2,1,3
200500049845,0005-08-09 15:30:00,5,8,9,15,30,950,205.0,,49.026,2.387,Plein jour,Hors agglomération,Hors intersection,Normale,Deux véhicules - côté,,,,,,,,,,,1,1,1,1,3
200500049846,0005-08-30 08:30:00,5,8,30,8,30,770,107.0,,48.668,2.809,Plein jour,Hors agglomération,Intersection en X,Normale,Deux véhicules - côté,,,,,,,,,,,1,1,2,1,3
200500049847,0005-08-31 19:30:00,5,8,31,19,30,770,470.0,,48.734,2.789,Plein jour,Hors agglomération,Hors intersection,Normale,Deux véhicules - côté,,,,,,,,,,,1,1,1,1,3
200500049848,0005-08-02 19:30:00,5,8,2,19,30,770,142.0,,,,Plein jour,Hors agglomération,Hors intersection,Normale,Deux véhicules - côté,,,,,,,,,,,1,1,1,1,3
200500049849,0005-08-06 12:15:00,5,8,6,12,15,770,142.0,AV DU GENERAL LECLERC,48.863,2.908,Plein jour,En agglomération,Hors intersection,Normale,Autre collision,,,,,,,,,,,1,2,1,1,6
200500049850,0005-08-20 19:00:00,5,8,20,19,0,770,128.0,Route nationale 34,48.874,2.872,Plein jour,Hors agglomération,Hors intersection,Normale,Deux véhicules - côté,,,,,,,,,,,1,1,1,1,3
200500049851,0005-08-07 02:00:00,5,8,7,2,0,770,361.0,,48.92,3.014,Nuit sans éclairage public,Hors agglomération,Hors intersection,Normale,Deux véhicules - frontale,,,,,,,,,,,3,1,1,1,1
200500049852,0005-08-27 22:15:00,5,8,27,22,15,770,24.0,CD55E,,,Nuit sans éclairage public,En agglomération,Hors intersection,Normale,Autre collision,,,,,,,,,,,3,2,1,1,6
200500049853,0005-08-24 17:00:00,5,8,24,17,0,770,162.0,Rue de l'Ecole -,48.862,3.168,Plein jour,En agglomération,Hors intersection,Normale,Sans collision,,,,,,,,,,,1,2,1,1,7
200500049854,0005-08-03 08:00:00,5,8,3,8,0,770,486.0,,48.691,3.103,Plein jour,Hors agglomération,Hors intersection,Normale,Deux véhicules - frontale,,,,,,,,,,,1,1,1,1,1
200500049855,0005-08-31 11:10:00,5,8,31,11,10,770,329.0,PK8 + 900 - CD225,,,Plein jour,Hors agglomération,Hors intersection,Normale,Deux véhicules - côté,,,,,,,,,,,1,1,1,1,3
200500049856,0005-08-09 22:00:00,5,8,9,22,0,770,349.0,,49.083,2.676,Nuit sans éclairage public,En agglomération,Hors intersection,Normale,Deux véhicules - côté,,,,,,,,,,,3,2,1,1,3
200500049857,0005-08-19 15:00:00,5,8,19,15,0,770,95.0,,48.986,2.762,Plein jour,Hors agglomération,Hors intersection,Normale,Sans collision,,,,,,,,,,,1,1,1,1,7
200500049858,0005-08-26 10:15:00,5,8,26,10,15,770,257.0,,49.03,3.019,Plein jour,En agglomération,Hors intersection,Normale,Autre collision,,,,,,,,,,,1,2,1,1,6
200500049859,0005-08-08 07:30:00,5,8,8,7,30,770,109.0,,48.599,3.221,Plein jour,Hors agglomération,Intersection en X,Normale,Deux véhicules - côté,,,,,,,,,,,1,1,2,1,3
200500049860,0005-08-22 17:45:00,5,8,22,17,45,770,19.0,,48.397,3.168,Plein jour,Hors agglomération,Autre intersection,Normale,Deux véhicules - côté,,,,,,,,,,,1,1,9,1,3
200500049861,0005-08-24 17:00:00,5,8,24,17,0,770,68.0,,48.527,3.144,Plein jour,Hors agglomération,Hors intersection,Normale,Deux véhicules - frontale,,,,,,,,,,,1,1,1,1,1
200500049862,0005-08-24 19:15:00,5,8,24,19,15,770,467.0,,,,Plein jour,Hors agglomération,Hors intersection,Temps couvert,Sans collision,,,,,,,,,,,1,1,1,8,7
200500049863,0005-08-29 18:00:00,5,8,29,18,0,770,327.0,Route Nationale 19,48.564,3.029,Plein jour,En agglomération,Autre intersection,Temps éblouissant,Deux véhicules - côté,,,,,,,,,,,1,2,9,7,3
200500049864,0005-08-05 23:30:00,5,8,5,23,30,450,72.0,,,,Nuit sans éclairage public,Hors agglomération,Hors intersection,Normale,Sans collision,,,,,,,,,,,3,1,1,1,7
200500049865,0005-08-27 11:30:00,5,8,27,11,30,450,194.0,1008 avenue de pont aux,,,Plein jour,En agglomération,Hors intersection,Normale,Autre collision,,,,,,,,,,,1,2,1,1,6
200500049866,0005-08-26 11:35:00,5,8,26,11,35,450,175.0,"Lieu dit ""La Rancherie""",,,Plein jour,Hors agglomération,Hors intersection,Normale,Sans collision,,,,,,,,,,,1,1,1,1,7
200500049867,0005-08-27 05:15:00,5,8,27,5,15,450,200.0,"dit les 4 routes, PK 14",,,Nuit sans éclairage public,Hors agglomération,Hors intersection,Normale,Sans collision,,,,,,,,,,,3,1,1,1,7
200500049868,0005-08-24 22:45:00,5,8,24,22,45,450,300.0,RUE DES DEPORTES,,,Nuit sans éclairage public,En agglomération,Hors intersection,Normale,Autre collision,,,,,,,,,,,3,2,1,1,6
200500049869,0005-08-26 14:00:00,5,8,26,14,0,450,324.0,route de chateauneuf,,,Plein jour,En agglomération,Intersection en X,Normale,Autre collision,,,,,,,,,,,1,2,2,1,6
200500049870,0005-08-08 07:45:00,5,8,8,7,45,450,203.0,,,,Plein jour,Hors agglomération,Hors intersection,Normale,Deux véhicules - côté,,,,,,,,,,,1,1,1,1,3
200500049871,0005-08-01 20:15:00,5,8,1,20,15,450,301.0,,,,Plein jour,Hors agglomération,Intersection en X,Normale,Deux véhicules - côté,,,,,,,,,,,1,1,2,1,3
200500049872,0005-08-02 12:30:00,5,8,2,12,30,450,174.0,,48.17,2.147,Plein jour,Hors agglomération,Hors intersection,Normale,Sans collision,,,,,,,,,,,1,1,1,1,7
200500049873,0005-08-07 20:15:00,5,8,7,20,15,450,327.0,901 RUE DE LA MOTTE MORE,47.983,2.103,Plein jour,En agglomération,Hors intersection,Normale,Sans collision,,,,,,,,,,,1,2,1,1,7
200500049874,0005-08-05 23:45:00,5,8,5,23,45,450,327.0,RUE DES TROIS CROIX,47.964,2.092,Nuit sans éclairage public,En agglomération,Hors intersection,Normale,Autre collision,,,,,,,,,,,3,2,1,1,6
200500049875,0005-08-11 19:00:00,5,8,11,19,0,450,325.0,,48.166,1.913,Plein jour,Hors agglomération,Hors intersection,Normale,Deux véhicules - côté,,,,,,,,,,,1,1,1,1,3
200500049876,0005-08-25 20:45:00,5,8,25,20,45,450,25.0,,48.183,2.055,Crépuscule ou aube,Hors agglomération,Hors intersection,Normale,Deux véhicules - côté,,,,,,,,,,,2,1,1,1,3
200500049877,0005-08-28 17:00:00,5,8,28,17,0,450,327.0,,47.961,2.086,Plein jour,Hors agglomération,Hors intersection,Normale,Trois véhicules et plus - en chaîne,,,,,,,,,,,1,1,1,1,4
200500049878,0005-08-30 19:15:00,5,8,30,19,15,450,289.0,route d'Orléans,48.043,1.981,Plein jour,En agglomération,Hors intersection,Normale,Deux véhicules - côté,,,,,,,,,,,1,2,1,1,3
200500049879,0005-08-16 19:15:00,5,8,16,19,15,450,155.0,rue Jules César,,,Plein jour,En agglomération,Autre intersection,Normale,Autre collision,,,,,,,,,,,1,2,9,1,6
200500049880,0005-08-29 15:45:00,5,8,29,15,45,450,155.0,rue du pont boucherot,,,Plein jour,En agglomération,Hors intersection,Normale,Deux véhicules - frontale,,,,,,,,,,,1,2,1,1,1
200500049881,0005-08-30 14:15:00,5,8,30,14,15,450,108.0,,,,Plein jour,Hors agglomération,Hors intersection,Normale,Deux véhicules - côté,,,,,,,,,,,1,1,1,1,3
200500049882,0005-08-03 18:45:00,5,8,3,18,45,450,42.0,RD961,47.815,2.4,Plein jour,En agglomération,Hors intersection,Normale,Deux véhicules - côté,,,,,,,,,,,1,2,1,1,3
200500049883,0005-08-05 23:45:00,5,8,5,23,45,450,122.0,,,,Nuit sans éclairage public,Hors agglomération,Hors intersection,Normale,Autre collision,,,,,,,,,,,3,1,1,1,6
200500049884,0005-08-16 19:30:00,5,8,16,19,30,450,42.0,RUE DE LA GARE,47.817,2.402,Plein jour,En agglomération,Hors intersection,Normale,Deux véhicules - côté,,,,,,,,,,,1,2,1,1,3
200500049885,0005-08-30 19:15:00,5,8,30,19,15,450,259.0,,47.992,2.44,Plein jour,Hors agglomération,Hors intersection,Normale,Deux véhicules - arrière,,,,,,,,,,,1,1,1,1,2
200500049886,0005-08-13 11:00:00,5,8,13,11,0,450,115.0,rue du stade,48.04,3.065,Plein jour,En agglomération,Hors intersection,Normale,Deux véhicules - arrière,,,,,,,,,,,1,2,1,1,2
200500049887,0005-08-04 07:00:00,5,8,4,7,0,450,332.0,,,,Plein jour,Hors agglomération,Hors intersection,Normale,Sans collision,,,,,,,,,,,1,1,1,1,7
200500049888,0005-08-18 21:15:00,5,8,18,21,15,450,257.0,,47.892,2.736,Nuit sans éclairage public,Hors agglomération,Hors intersection,Normale,Deux véhicules - frontale,,,,,,,,,,,3,1,1,1,1
200500049889,0005-08-17 23:30:00,5,8,17,23,30,450,137.0,RUE LOUIS BOUSSENARD,48.13,2.19,Nuit avec éclairage allumé,En agglomération,Hors intersection,Normale,Autre collision,,,,,,,,,,,5,2,1,1,6
200500049890,0005-08-18 17:15:00,5,8,18,17,15,450,137.0,,,,Plein jour,Hors agglomération,Hors intersection,Normale,Deux véhicules - arrière,,,,,,,,,,,1,1,1,1,2
200500049891,0005-08-19 20:00:00,5,8,19,20,0,450,228.0,"15, rue de la cave",,,Plein jour,En agglomération,Hors intersection,Normale,Autre collision,,,,,,,,,,,1,2,1,1,6
200500049892,0005-08-09 08:45:00,5,8,9,8,45,180,53.0,,47.156,2.864,Plein jour,Hors agglomération,Intersection à plus de 4 branches,Normale,Deux véhicules - frontale,,,,,,,,,,,1,1,5,1,1
200500049893,0005-08-11 01:00:00,5,8,11,1,0,180,18.0,CD976,47.038,2.63,Nuit sans éclairage public,Hors agglomération,Hors intersection,Normale,Autre collision,,,,,,,,,,,3,1,1,1,6
200500049894,0005-08-13 10:45:00,5,8,13,10,45,180,135.0,,,,Plein jour,Hors agglomération,Hors intersection,Normale,Deux véhicules - frontale,,,,,,,,,,,1,1,1,1,1
200500049895,0005-08-06 18:45:00,5,8,6,18,45,180,8.0,,46.958,2.349,Plein jour,Hors agglomération,Hors intersection,Normale,Trois véhicules et plus - collisions multiples,,,,,,,,,,,1,1,1,1,5
200500049896,0005-08-16 13:40:00,5,8,16,13,40,180,87.0,8 rue de l'ermitage,,,Plein jour,En agglomération,Hors intersection,Normale,Autre collision,,,,,,,,,,,1,2,1,1,6
200500049897,0005-08-10 10:00:00,5,8,10,10,0,180,196.0,,46.765,2.817,Plein jour,Hors agglomération,Hors intersection,Normale,Deux véhicules - côté,,,,,,,,,,,1,1,1,1,3
200500049898,0005-08-10 17:00:00,5,8,10,17,0,180,82.0,rue du Colombier,,,Plein jour,En agglomération,Hors intersection,Normale,Autre collision,,,,,,,,,,,1,2,1,1,6
200500049899,0005-08-23 20:15:00,5,8,23,20,15,180,195.0,Lieu-dit Les Fontaines,46.843,2.826,Plein jour,En agglomération,Hors intersection,Normale,Deux véhicules - côté,,,,,,,,,,,1,2,1,1,3
200500049900,0005-08-25 16:00:00,5,8,25,16,0,180,159.0,,,,Plein jour,Hors agglomération,Hors intersection,Normale,Sans collision,,,,,,,,,,,1,1,1,1,7
200500049901,0005-08-04 19:30:00,5,8,4,19,30,180,141.0,,,,Plein jour,Hors agglomération,Hors intersection,Normale,Sans collision,,,,,,,,,,,1,1,1,1,7
200500049902,0005-08-17 16:15:00,5,8,17,16,15,180,148.0,"Lieu-dit ""launay""",,,Plein jour,Hors agglomération,Hors intersection,Normale,Deux véhicules - frontale,,,,,,,,,,,1,1,1,1,1
200500049903,0005-08-19 20:30:00,5,8,19,20,30,180,103.0,CD 922,,,Plein jour,Hors agglomération,Hors intersection,Normale,Deux véhicules - frontale,,,,,,,,,,,1,1,1,1,1
200500049904,0005-08-07 05:00:00,5,8,7,5,0,180,51.0,,,,Crépuscule ou aube,Hors agglomération,Hors intersection,Pluie légère,Autre collision,,,,,,,,,,,2,1,1,2,6
200500049905,0005-08-04 17:00:00,5,8,4,17,0,280,388.0,,48.398,1.456,Plein jour,Hors agglomération,Intersection en T,Normale,Deux véhicules - côté,,,,,,,,,,,1,1,3,1,3
200500049906,0005-08-13 11:15:00,5,8,13,11,15,280,48.0,,48.336,1.435,Plein jour,Hors agglomération,Hors intersection,Normale,Trois véhicules et plus - collisions multiples,,,,,,,,,,,1,1,1,1,5
200500049907,0005-08-17 22:00:00,5,8,17,22,0,280,162.0,,48.297,1.471,Nuit sans éclairage public,Hors agglomération,Hors intersection,Normale,Deux véhicules - frontale,,,,,,,,,,,3,1,1,1,1
200500049908,0005-08-20 12:00:00,5,8,20,12,0,280,24.0,,48.42,1.462,Plein jour,Hors agglomération,Hors intersection,Pluie légère,Deux véhicules - frontale,,,,,,,,,,,1,1,1,2,1
200500049909,0005-08-20 22:45:00,5,8,20,22,45,280,104.0,,48.489,1.581,Nuit sans éclairage public,Hors agglomération,Hors intersection,Normale,Deux véhicules - frontale,,,,,,,,,,,3,1,1,1,1
200500049910,0005-08-27 05:00:00,5,8,27,5,0,280,122.0,,48.347,1.496,Plein jour,Hors agglomération,Hors intersection,Normale,Deux véhicules - frontale,,,,,,,,,,,1,1,1,1,1
200500049911,0005-08-07 00:01:00,5,8,7,0,1,280,225.0,cd 30-2,,,Nuit sans éclairage public,Hors agglomération,Hors intersection,Normale,Sans collision,,,,,,,,,,,3,1,1,1,7
200500049912,0005-08-12 08:30:00,5,8,12,8,30,280,325.0,CD24,,,Plein jour,Hors agglomération,Hors intersection,Normale,Autre collision,,,,,,,,,,,1,1,1,1,6
200500049913,0005-08-18 03:00:00,5,8,18,3,0,280,227.0,,48.582,1.57,Nuit sans éclairage public,Hors agglomération,Hors intersection,Normale,Autre collision,,,,,,,,,,,3,1,1,1,6
200500049914,0005-08-26 21:30:00,5,8,26,21,30,280,168.0,CD 330-1,48.534,1.699,Nuit sans éclairage public,Hors agglomération,Hors intersection,Normale,Sans collision,,,,,,,,,,,3,1,1,1,7
200500049915,0005-08-07 19:30:00,5,8,7,19,30,280,422.0,,48.274,1.734,Plein jour,Hors agglomération,Hors intersection,Normale,Sans collision,,,,,,,,,,,1,1,1,1,7
200500049916,0005-08-16 10:15:00,5,8,16,10,15,280,334.0,CD 111-4,,,Plein jour,Hors agglomération,Hors intersection,Normale,Deux véhicules - frontale,,,,,,,,,,,1,1,1,1,1
200500049917,0005-08-27 00:20:00,5,8,27,0,20,280,61.0,Avenue Gallieni,,,Nuit avec éclairage allumé,En agglomération,Hors intersection,Normale,Deux véhicules - côté,,,,,,,,,,,5,2,1,1,3
200500049918,0005-08-02 16:15:00,5,8,2,16,15,280,239.0,,,,Plein jour,Hors agglomération,Hors intersection,Normale,Autre collision,,,,,,,,,,,1,1,1,1,6
200500049919,0005-08-05 22:30:00,5,8,5,22,30,280,124.0,,,,Nuit sans éclairage public,Hors agglomération,Hors intersection,Normale,Autre collision,,,,,,,,,,,3,1,1,1,6
200500049920,0005-08-13 18:45:00,5,8,13,18,45,280,348.0,RUE DE LA BARONNIE,,,Plein jour,En agglomération,Autre intersection,Normale,Deux véhicules - frontale,,,,,,,,,,,1,2,9,1,1
200500049921,0005-08-30 14:15:00,5,8,30,14,15,280,405.0,rue des tourterelles,48.761,1.276,Plein jour,En agglomération,Hors intersection,Normale,Deux véhicules - côté,,,,,,,,,,,1,2,1,1,3
200500049922,0005-08-09 10:15:00,5,8,9,10,15,280,64.0,,48.828,1.52,Plein jour,Hors agglomération,Intersection en X,Normale,Deux véhicules - côté,,,,,,,,,,,1,1,2,1,3
200500049923,0005-08-04 08:30:00,5,8,4,8,30,280,87.0,,,,Nuit sans éclairage public,Hors agglomération,Hors intersection,Normale,Autre collision,,,,,,,,,,,3,1,1,1,6
200500049924,0005-08-16 11:30:00,5,8,16,11,30,280,89.0,BOULEVARDD KENNEDY,48.587,1.238,Plein jour,En agglomération,Hors intersection,Normale,Deux véhicules - côté,,,,,,,,,,,1,2,1,1,3
200500049925,0005-08-20 14:45:00,5,8,20,14,45,280,54.0,,48.615,1.42,Plein jour,Hors agglomération,Hors intersection,Pluie légère,Trois véhicules et plus - collisions multiples,,,,,,,,,,,1,1,1,2,5
200500049926,0005-08-24 08:00:00,5,8,24,8,0,280,386.0,,,,Plein jour,Hors agglomération,Hors intersection,Normale,Autre collision,,,,,,,,,,,1,1,1,1,6
200500049927,0005-08-24 00:30:00,5,8,24,0,30,280,147.0,,,,Nuit sans éclairage public,Hors agglomération,Hors intersection,Normale,Sans collision,,,,,,,,,,,3,1,1,1,7
200500049928,0005-08-24 15:45:00,5,8,24,15,45,280,280.0,116 rue St Hilaire,,,Plein jour,En agglomération,Hors intersection,Normale,Autre collision,,,,,,,,,,,1,2,1,1,6
200500049929,0005-08-04 13:40:00,5,8,4,13,40,280,335.0,it ''Le Champ Seigneur'',,,Plein jour,Hors agglomération,Intersection en X,Normale,Deux véhicules - côté,,,,,,,,,,,1,1,2,1,3
200500049930,0005-08-07 11:20:00,5,8,7,11,20,280,156.0,ieudit ''La billeterie'',,,Plein jour,Hors agglomération,Intersection en X,Normale,Deux véhicules - côté,,,,,,,,,,,1,1,2,1,3
200500049931,0005-08-26 20:45:00,5,8,26,20,45,360,71.0,,46.802,1.752,Crépuscule ou aube,Hors agglomération,Hors intersection,Normale,Deux véhicules - frontale,,,,,,,,,,,2,1,1,1,1
200500049932,0005-08-29 08:55:00,5,8,29,8,55,360,5.0,Route de la Forge Basse,,,Plein jour,Hors agglomération,Hors intersection,Normale,Deux véhicules - frontale,,,,,,,,,,,1,1,1,1,1
200500049933,0005-08-06 18:00:00,5,8,6,18,0,360,241.0,,46.826,1.503,Plein jour,Hors agglomération,Intersection en X,Normale,Deux véhicules - côté,,,,,,,,,,,1,1,2,1,3
200500049934,0005-08-31 11:15:00,5,8,31,11,15,360,237.0,,47.11,1.555,Plein jour,Hors agglomération,Hors intersection,Normale,Autre collision,,,,,,,,,,,1,1,1,1,6
200500049935,0005-08-13 14:00:00,5,8,13,14,0,360,91.0,Les Charbons,,,Plein jour,Hors agglomération,Hors intersection,Normale,Deux véhicules - frontale,,,,,,,,,,,1,1,1,1,1
200500049936,0005-08-26 18:15:00,5,8,26,18,15,360,46.0,rue nationale,,,Plein jour,En agglomération,Hors intersection,Normale,Deux véhicules - côté,,,,,,,,,,,1,2,1,1,3
200500049937,0005-08-26 20:30:00,5,8,26,20,30,360,46.0,Le Moulin Chapitre,46.578,1.996,Plein jour,En agglomération,Hors intersection,Normale,Deux véhicules - frontale,,,,,,,,,,,1,2,1,1,1
200500049938,0005-08-27 04:00:00,5,8,27,4,0,360,32.0,,46.553,1.554,Nuit sans éclairage public,Hors agglomération,Hors intersection,Normale,Deux véhicules - frontale,,,,,,,,,,,3,1,1,1,1
200500049939,0005-08-11 19:50:00,5,8,11,19,50,360,88.0,RN 151,,,Plein jour,Hors agglomération,Hors intersection,Normale,Deux véhicules - côté,,,,,,,,,,,1,1,1,1,3
200500049940,0005-08-29 01:10:00,5,8,29,1,10,360,140.0,"rn 151, pk 70+300",,,Nuit sans éclairage public,Hors agglomération,Hors intersection,Normale,Sans collision,,,,,,,,,,,3,1,1,1,7
200500049941,0005-08-24 14:00:00,5,8,24,14,0,370,185.0,Route de Limeray,47.447,0.993,Plein jour,En agglomération,Hors intersection,Normale,Deux véhicules - côté,,,,,,,,,,,1,2,1,1,3
200500049942,0005-08-10 06:45:00,5,8,10,6,45,370,139.0,17 rue de Vaugareau,,,Plein jour,En agglomération,Hors intersection,Normale,Deux véhicules - frontale,,,,,,,,,,,1,2,1,1,1
200500049943,0005-08-08 09:15:00,5,8,8,9,15,370,151.0,rue des Bourgetteries,,,Plein jour,En agglomération,Intersection en T,Temps éblouissant,Deux véhicules - côté,,,,,,,,,,,1,2,3,7,3
200500049944,0005-08-05 18:15:00,5,8,5,18,15,370,116.0,au lieu dit La Boissière,,,Plein jour,Hors agglomération,Hors intersection,Normale,Sans collision,,,,,,,,,,,1,1,1,1,7
200500049945,0005-08-10 19:45:00,5,8,10,19,45,370,63.0,Rue de Bel Air,47.597,0.899,Plein jour,En agglomération,Hors intersection,Normale,Deux véhicules - frontale,,,,,,,,,,,1,2,1,1,1
200500049946,0005-08-26 15:45:00,5,8,26,15,45,370,153.0,,47.514,0.801,Plein jour,Hors agglomération,Hors intersection,Normale,Autre collision,,,,,,,,,,,1,1,1,1,6
200500049947,0005-08-08 21:15:00,5,8,8,21,15,370,72.0,rue de l'Echo,47.168,0.235,Plein jour,En agglomération,Hors intersection,Normale,Deux véhicules - frontale,,,,,,,,,,,1,2,1,1,1
200500049948,0005-08-02 12:15:00,5,8,2,12,15,370,119.0,Le dolmen,47.129,0.432,Plein jour,En agglomération,Hors intersection,Normale,Autre collision,,,,,,,,,,,1,2,1,1,6
200500049949,0005-08-19 19:45:00,5,8,19,19,45,370,212.0,RN 10  PK58 - 20,,,Plein jour,Hors agglomération,Hors intersection,Normale,Sans collision,,,,,,,,,,,1,1,1,1,7
200500049950,0005-08-01 17:30:00,5,8,1,17,30,370,49.0,Le Marray,,,Plein jour,Hors agglomération,Hors intersection,Normale,Deux véhicules - frontale,,,,,,,,,,,1,1,1,1,1
200500049951,0005-08-07 05:45:00,5,8,7,5,45,370,111.0,avenue du 08 mai,,,Nuit avec éclairage allumé,En agglomération,Hors intersection,Normale,Sans collision,,,,,,,,,,,5,2,1,1,7
200500049952,0005-08-10 21:30:00,5,8,10,21,30,370,132.0,110 avenue des bas clos,,,Nuit avec éclairage allumé,En agglomération,Hors intersection,Normale,Autre collision,,,,,,,,,,,5,2,1,1,6
200500049953,0005-08-17 21:15:00,5,8,17,21,15,370,157.0,bourg - rue du marché,,,Nuit avec éclairage allumé,En agglomération,Hors intersection,Normale,Autre collision,,,,,,,,,,,5,2,1,1,6
200500049954,0005-08-30 07:45:00,5,8,30,7,45,370,269.0,,,,Crépuscule ou aube,Hors agglomération,Hors intersection,Normale,Autre collision,,,,,,,,,,,2,1,1,1,6
200500049955,0005-08-31 07:00:00,5,8,31,7,0,370,111.0,,47.165,1.091,Crépuscule ou aube,Hors agglomération,Hors intersection,Normale,Sans collision,,,,,,,,,,,2,1,1,1,7
200500049956,0005-08-17 13:15:00,5,8,17,13,15,370,26.0,,,,Plein jour,Hors agglomération,Hors intersection,Normale,Sans collision,,,,,,,,,,,1,1,1,1,7
200500049957,0005-08-05 09:45:00,5,8,5,9,45,370,6.0,,,,Plein jour,Hors agglomération,Hors intersection,Normale,Deux véhicules - côté,,,,,,,,,,,1,1,1,1,3