accident_id,datetime,annee,mois,jour,heure,minute,departement,commune_insee,adresse,latitude,longitude,luminosite,agglomeration,intersection,meteo,collision,nb_vehicules,nb_usagers,nb_indemnes,nb_tues,nb_blesses_hosp,nb_blesses_legers,age_cond_1,age_cond_2,veh_type_cond_1,veh_type_cond_2,lum_code,agg_code,int_code,atm_code,col_code
200500050095,0005-08-24 00:30:00,5,8,24,0,30,640,448.0,,43.361,-0.454,Nuit sans éclairage public,Hors agglomération,Hors intersection,Normale,Trois véhicules et plus - collisions multiples,,,,,,,,,,,3,1,1,1,5
200500050096,0005-08-26 09:15:00,5,8,26,9,15,590,37.0,,,,Plein jour,Hors agglomération,Hors intersection,Normale,Deux véhicules - frontale,,,,,,,,,,,1,1,1,1,1
200500050097,0005-08-23 19:30:00,5,8,23,19,30,720,375.0,,,,Plein jour,Hors agglomération,Hors intersection,Normale,Autre collision,,,,,,,,,,,1,1,1,1,6
200500050098,0005-08-26 13:30:00,5,8,26,13,30,250,86.0,,,,Plein jour,Hors agglomération,Hors intersection,Normale,Autre collision,,,,,,,,,,,1,1,1,1,6
200500050099,0005-08-21 15:15:00,5,8,21,15,15,910,573.0,Route de Montgardé - RN4,,,Plein jour,En agglomération,Autre intersection,Normale,Sans collision,,,,,,,,,,,1,2,9,1,7
200500050100,0005-08-03 17:00:00,5,8,3,17,0,380,253.0,,45.024,6.136,Plein jour,Hors agglomération,Hors intersection,Normale,Sans collision,,,,,,,,,,,1,1,1,1,7
200500050101,0005-08-02 05:00:00,5,8,2,5,0,330,284.0,,44.627,-0.875,Nuit sans éclairage public,Hors agglomération,Hors intersection,Normale,Autre collision,,,,,,,,,,,3,1,1,1,6
200500050102,0005-08-09 16:45:00,5,8,9,16,45,330,284.0,,44.642,-0.839,Plein jour,Hors agglomération,Intersection en X,Normale,Trois véhicules et plus - collisions multiples,,,,,,,,,,,1,1,2,1,5
200500050103,0005-08-13 14:15:00,5,8,13,14,15,330,42.0,,44.503,-0.837,Plein jour,Hors agglomération,Hors intersection,Normale,Deux véhicules - arrière,,,,,,,,,,,1,1,1,1,2
200500050104,0005-08-16 17:45:00,5,8,16,17,45,330,199.0,,44.62,-1.076,Plein jour,Hors agglomération,Hors intersection,Normale,Autre collision,,,,,,,,,,,1,1,1,1,6
200500050105,0005-08-31 18:00:00,5,8,31,18,0,720,96.0,,,,Plein jour,Hors agglomération,Hors intersection,Normale,Autre collision,,,,,,,,,,,1,1,1,1,6
200500050106,0005-08-10 05:45:00,5,8,10,5,45,680,252.0,,,,Crépuscule ou aube,Hors agglomération,Hors intersection,Normale,Deux véhicules - arrière,,,,,,,,,,,2,1,1,1,2
200500050107,0005-08-14 07:15:00,5,8,14,7,15,680,22.0,,,,Crépuscule ou aube,Hors agglomération,Hors intersection,Temps couvert,Deux véhicules - côté,,,,,,,,,,,2,1,1,8,3
200500050108,0005-08-17 21:45:00,5,8,17,21,45,680,42.0,,,,Plein jour,Hors agglomération,Hors intersection,Normale,Deux véhicules - côté,,,,,,,,,,,1,1,1,1,3
200500050109,0005-08-18 19:15:00,5,8,18,19,15,680,28.0,,,,Plein jour,Hors agglomération,Hors intersection,Normale,Sans collision,,,,,,,,,,,1,1,1,1,7
200500050110,0005-08-19 05:15:00,5,8,19,5,15,680,82.0,,,,Nuit sans éclairage public,Hors agglomération,Hors intersection,Normale,Sans collision,,,,,,,,,,,3,1,1,1,7
200500050111,0005-08-12 13:00:00,5,8,12,13,0,201,48.0,,,,Plein jour,Hors agglomération,Hors intersection,Normale,Autre collision,,,,,,,,,,,1,1,1,1,6
200500050112,0005-08-25 13:15:00,5,8,25,13,15,201,65.0,,,,Plein jour,Hors agglomération,Hors intersection,Normale,Deux véhicules - frontale,,,,,,,,,,,1,1,1,1,1
200500050113,0005-08-05 03:30:00,5,8,5,3,30,201,133.0,,41.908,9.101,Nuit sans éclairage public,Hors agglomération,Autre intersection,Normale,Autre collision,,,,,,,,,,,3,1,9,1,6
200500050114,0005-08-25 12:00:00,5,8,25,12,0,201,130.0,,,,Plein jour,Hors agglomération,Hors intersection,Normale,Deux véhicules - côté,,,,,,,,,,,1,1,1,1,3
200500050115,0005-08-11 06:15:00,5,8,11,6,15,390,501.0,"utoroute A36, PK 171+500",,,Crépuscule ou aube,Hors agglomération,Hors intersection,Normale,Sans collision,,,,,,,,,,,2,1,1,1,7
200500050116,0005-08-11 15:15:00,5,8,11,15,15,390,219.0,,,,Plein jour,Hors agglomération,Hors intersection,Normale,Autre collision,,,,,,,,,,,1,1,1,1,6
200500050117,0005-08-21 20:40:00,5,8,21,20,40,60,85.0,Avenue saint Antoine,,,Nuit avec éclairage allumé,En agglomération,Hors intersection,Temps couvert,Deux véhicules - frontale,,,,,,,,,,,5,2,1,8,1
200500050118,0005-08-24 17:15:00,5,8,24,17,15,60,85.0,AVENUE MAURICE DONNAT,,,Plein jour,En agglomération,Giratoire,Normale,Deux véhicules - frontale,,,,,,,,,,,1,2,6,1,1
200500050119,0005-08-28 15:45:00,5,8,28,15,45,780,466.0,,48.931,2.0,Plein jour,Hors agglomération,Hors intersection,Normale,Autre collision,,,,,,,,,,,1,1,1,1,6
200500050120,0005-08-05 06:15:00,5,8,5,6,15,330,90.0,CHEMIN DE LA HOUSE,44.757,-0.644,Crépuscule ou aube,En agglomération,Hors intersection,Normale,Sans collision,,,,,,,,,,,2,2,1,1,7
200500050121,0005-08-14 08:00:00,5,8,14,8,0,330,122.0,,44.705,-0.706,Plein jour,Hors agglomération,Hors intersection,Normale,Autre collision,,,,,,,,,,,1,1,1,1,6
200500050122,0005-08-14 23:45:00,5,8,14,23,45,330,122.0,,44.704,-0.706,Nuit sans éclairage public,Hors agglomération,Hors intersection,Normale,Autre collision,,,,,,,,,,,3,1,1,1,6
200500050123,0005-08-24 05:45:00,5,8,24,5,45,670,329.0,,,,Crépuscule ou aube,Hors agglomération,Hors intersection,Normale,Autre collision,,,,,,,,,,,2,1,1,1,6
200500050124,0005-08-27 06:30:00,5,8,27,6,30,670,329.0,,,,Plein jour,Hors agglomération,Hors intersection,Normale,Autre collision,,,,,,,,,,,1,1,1,1,6
200500050125,0005-08-15 17:00:00,5,8,15,17,0,860,100.0,,,,Plein jour,Hors agglomération,Hors intersection,Normale,Autre collision,,,,,,,,,,,1,1,1,1,6
200500050126,0005-08-16 04:00:00,5,8,16,4,0,170,285.0,,,,Nuit sans éclairage public,Hors agglomération,Hors intersection,Normale,Autre collision,,,,,,,,,,,3,1,1,1,6
200500050127,0005-08-26 15:45:00,5,8,26,15,45,330,502.0,,45.194,-0.489,Plein jour,Hors agglomération,Hors intersection,Normale,Autre collision,,,,,,,,,,,1,1,1,1,6
200500050128,0005-08-31 06:45:00,5,8,31,6,45,10,458.0,te a40 sens Genve / Lyon,,,Crépuscule ou aube,Hors agglomération,Hors intersection,Normale,Sans collision,,,,,,,,,,,2,1,1,1,7
200500050129,0005-08-10 19:15:00,5,8,10,19,15,220,116.0,,48.496,-3.039,Plein jour,Hors agglomération,Hors intersection,Temps éblouissant,Trois véhicules et plus - collisions multiples,,,,,,,,,,,1,1,1,7,5
200500050130,0005-08-15 11:15:00,5,8,15,11,15,220,251.0,,,,Nuit sans éclairage public,Hors agglomération,Hors intersection,Normale,Deux véhicules - côté,,,,,,,,,,,3,1,1,1,3
200500050131,0005-08-21 00:15:00,5,8,21,0,15,201,41.0,,,,Nuit sans éclairage public,Hors agglomération,Hors intersection,Normale,Trois véhicules et plus - en chaîne,,,,,,,,,,,3,1,1,1,4
200500050132,0005-08-25 09:30:00,5,8,25,9,30,201,362.0,,,,Plein jour,Hors agglomération,Hors intersection,Normale,Deux véhicules - frontale,,,,,,,,,,,1,1,1,1,1
200500050133,0005-08-11 16:20:00,5,8,11,16,20,740,272.0,omération de Chaumontet,,,Plein jour,En agglomération,Hors intersection,Normale,Trois véhicules et plus - en chaîne,,,,,,,,,,,1,2,1,1,4
200500050134,0005-08-17 12:10:00,5,8,17,12,10,740,213.0,route d'Annecy,,,Plein jour,En agglomération,Hors intersection,Normale,Deux véhicules - frontale,,,,,,,,,,,1,2,1,1,1
200500050135,0005-08-04 18:40:00,5,8,4,18,40,420,256.0,,45.505,4.198,Plein jour,Hors agglomération,Hors intersection,Normale,Sans collision,,,,,,,,,,,1,1,1,1,7
200500050136,0005-08-18 06:30:00,5,8,18,6,30,420,256.0,LES PLANTEES,,,Crépuscule ou aube,En agglomération,Hors intersection,Normale,Sans collision,,,,,,,,,,,2,2,1,1,7
200500050137,0005-08-02 15:00:00,5,8,2,15,0,520,147.0,,,,Plein jour,Hors agglomération,Hors intersection,Normale,Deux véhicules - frontale,,,,,,,,,,,1,1,1,1,1
200500050138,0005-08-03 09:30:00,5,8,3,9,30,220,73.0,Le Bourg,,,Plein jour,En agglomération,Hors intersection,Normale,Autre collision,,,,,,,,,,,1,2,1,1,6
200500050139,0005-08-14 18:30:00,5,8,14,18,30,620,567.0,,,,Plein jour,Hors agglomération,Hors intersection,Pluie légère,Sans collision,,,,,,,,,,,1,1,1,2,7
200500050140,0005-08-08 17:00:00,5,8,8,17,0,310,588.0,Avenue de Francazal,43.53,1.34,Plein jour,En agglomération,Hors intersection,Normale,Deux véhicules - arrière,,,,,,,,,,,1,2,1,1,2
200500050141,0005-08-03 23:45:00,5,8,3,23,45,60,18.0,,43.619,7.116,Nuit sans éclairage public,Hors agglomération,Hors intersection,Normale,Autre collision,,,,,,,,,,,3,1,1,1,6
200500050142,0005-08-05 19:00:00,5,8,5,19,0,60,152.0,,43.609,7.058,Plein jour,Hors agglomération,Hors intersection,Normale,Autre collision,,,,,,,,,,,1,1,1,1,6
200500050143,0005-08-19 12:45:00,5,8,19,12,45,60,152.0,1240 route des dolines,,,Plein jour,En agglomération,Hors intersection,Normale,Deux véhicules - côté,,,,,,,,,,,1,2,1,1,3
200500050144,0005-08-01 21:50:00,5,8,1,21,50,690,168.0,cd 433,,,Nuit avec éclairage allumé,Hors agglomération,Giratoire,Normale,Autre collision,,,,,,,,,,,5,1,6,1,6
200500050145,0005-08-31 08:45:00,5,8,31,8,45,690,244.0,CHEMIN VERT,,,Plein jour,En agglomération,Hors intersection,Normale,Autre collision,,,,,,,,,,,1,2,1,1,6
200500050146,0005-08-27 03:00:00,5,8,27,3,0,380,17.0,route de la Vareze,45.415,4.873,Nuit avec éclairage allumé,En agglomération,Hors intersection,Normale,Autre collision,,,,,,,,,,,5,2,1,1,6
200500050147,0005-08-28 22:30:00,5,8,28,22,30,380,340.0,RD 4,45.457,4.771,Nuit avec éclairage allumé,En agglomération,Hors intersection,Normale,Deux véhicules - arrière,,,,,,,,,,,5,2,1,1,2
200500050148,0005-08-18 19:30:00,5,8,18,19,30,740,182.0,16 rue des vignes,,,Plein jour,En agglomération,Hors intersection,Temps couvert,Autre collision,,,,,,,,,,,1,2,1,8,6
200500050149,0005-08-01 16:00:00,5,8,1,16,0,340,116.0,"10, rue du château",,,Plein jour,En agglomération,Hors intersection,Normale,Deux véhicules - frontale,,,,,,,,,,,1,2,1,1,1
200500050150,0005-08-29 08:20:00,5,8,29,8,20,340,255.0,CD 986 - PK 34 + 500,,,Plein jour,Hors agglomération,Hors intersection,Normale,Deux véhicules - frontale,,,,,,,,,,,1,1,1,1,1
200500050151,0005-08-07 14:00:00,5,8,7,14,0,10,451.0,,,,Plein jour,Hors agglomération,Hors intersection,Normale,Deux véhicules - arrière,,,,,,,,,,,1,1,1,1,2
200500050152,0005-08-05 08:00:00,5,8,5,8,0,780,233.0,,,,Plein jour,Hors agglomération,Hors intersection,Normale,Deux véhicules - arrière,,,,,,,,,,,1,1,1,1,2
200500050153,0005-08-17 06:00:00,5,8,17,6,0,130,112.0,,,,Plein jour,Hors agglomération,Hors intersection,Normale,Autre collision,,,,,,,,,,,1,1,1,1,6
200500050154,0005-08-19 10:45:00,5,8,19,10,45,950,353.0,RN1,,,Plein jour,Hors agglomération,Hors intersection,Temps couvert,Deux véhicules - arrière,,,,,,,,,,,1,1,1,8,2
200500050155,0005-08-27 04:30:00,5,8,27,4,30,950,445.0,,49.101,2.294,Nuit sans éclairage public,Hors agglomération,Hors intersection,Normale,Autre collision,,,,,,,,,,,3,1,1,1,6
200500050156,0005-08-04 01:00:00,5,8,4,1,0,90,96.0,pont sur l'Aston,42.786,1.678,Nuit sans éclairage public,En agglomération,Hors intersection,Normale,Sans collision,,,,,,,,,,,3,2,1,1,7
200500050157,0005-08-16 10:00:00,5,8,16,10,0,90,283.0,,42.734,1.813,Plein jour,Hors agglomération,Hors intersection,Normale,Trois véhicules et plus - collisions multiples,,,,,,,,,,,1,1,1,1,5
200500050158,0005-08-19 17:45:00,5,8,19,17,45,760,372.0,,49.749,1.652,Plein jour,Hors agglomération,Hors intersection,Pluie forte,Sans collision,,,,,,,,,,,1,1,1,3,7
200500050159,0005-08-03 15:00:00,5,8,3,15,0,560,5.0,BD DE LA RESISTANCE,47.553,-2.899,Plein jour,En agglomération,Hors intersection,Normale,Autre collision,,,,,,,,,,,1,2,1,1,6
200500050160,0005-08-11 14:45:00,5,8,11,14,45,560,205.0,,47.56,-2.701,Plein jour,Hors agglomération,Hors intersection,Normale,Trois véhicules et plus - collisions multiples,,,,,,,,,,,1,1,1,1,5
200500050161,0005-08-13 05:00:00,5,8,13,5,0,560,205.0,,47.56,-2.7,Nuit sans éclairage public,Hors agglomération,Intersection en X,Normale,Deux véhicules - côté,,,,,,,,,,,3,1,2,1,3
200500050162,0005-08-13 19:45:00,5,8,13,19,45,560,251.0,Rue de Vannes,47.634,-2.651,Plein jour,En agglomération,Intersection en X,Normale,Deux véhicules - côté,,,,,,,,,,,1,2,2,1,3
200500050163,0005-08-28 12:00:00,5,8,28,12,0,560,240.0,,47.521,-2.726,Plein jour,Hors agglomération,Intersection en T,Normale,Deux véhicules - frontale,,,,,,,,,,,1,1,3,1,1
200500050164,0005-08-04 03:15:00,5,8,4,3,15,540,135.0,"R.217+900, sens NORD-SUD",,,Nuit sans éclairage public,Hors agglomération,Hors intersection,Normale,Deux véhicules - arrière,,,,,,,,,,,3,1,1,1,2
200500050165,0005-08-14 21:15:00,5,8,14,21,15,540,528.0,,,,Crépuscule ou aube,Hors agglomération,Hors intersection,Normale,Sans collision,,,,,,,,,,,2,1,1,1,7
200500050166,0005-08-16 15:30:00,5,8,16,15,30,180,138.0,utoroute A.71 PK 203+100,,,Plein jour,Hors agglomération,Hors intersection,Normale,Deux véhicules - arrière,,,,,,,,,,,1,1,1,1,2
200500050167,0005-08-26 07:30:00,5,8,26,7,30,340,337.0,CD 1875 E,,,Plein jour,Hors agglomération,Hors intersection,Normale,Autre collision,,,,,,,,,,,1,1,1,1,6
200500050168,0005-08-14 01:00:00,5,8,14,1,0,140,196.0,,49.318,-0.566,Nuit sans éclairage public,Hors agglomération,Hors intersection,Pluie forte,Autre collision,,,,,,,,,,,3,1,1,3,6
200500050169,0005-08-18 22:00:00,5,8,18,22,0,140,62.0,,49.306,-0.432,Nuit sans éclairage public,Hors agglomération,Hors intersection,Normale,Sans collision,,,,,,,,,,,3,1,1,1,7
200500050170,0005-08-28 20:45:00,5,8,28,20,45,140,191.0,RUE DU VAL PICAN,,,Plein jour,En agglomération,Hors intersection,Normale,Sans collision,,,,,,,,,,,1,2,1,1,7
200500050171,0005-08-01 17:15:00,5,8,1,17,15,130,44.0,,43.635,5.036,Plein jour,Hors agglomération,Hors intersection,Normale,Deux véhicules - frontale,,,,,,,,,,,1,1,1,1,1
200500050172,0005-08-28 05:00:00,5,8,28,5,0,130,51.0,,43.593,5.12,Nuit sans éclairage public,Hors agglomération,Hors intersection,Normale,Deux véhicules - arrière,,,,,,,,,,,3,1,1,1,2
200500050173,0005-08-16 18:15:00,5,8,16,18,15,60,7.0,Intersection Rte de Gras,,,Plein jour,En agglomération,Hors intersection,Normale,Deux véhicules - côté,,,,,,,,,,,1,2,1,1,3
200500050174,0005-08-18 22:30:00,5,8,18,22,30,60,90.0,ROUTE DE LA FENERIE,,,Nuit sans éclairage public,En agglomération,Hors intersection,Normale,Deux véhicules - frontale,,,,,,,,,,,3,2,1,1,1
200500050175,0005-08-29 19:15:00,5,8,29,19,15,60,84.0,5 rue du Château,,,Plein jour,En agglomération,Hors intersection,Normale,Sans collision,,,,,,,,,,,1,2,1,1,7
200500050176,0005-08-15 16:15:00,5,8,15,16,15,400,152.0,,43.951,-1.075,Plein jour,Hors agglomération,Hors intersection,Normale,Sans collision,,,,,,,,,,,1,1,1,1,7
200500050177,0005-08-18 03:30:00,5,8,18,3,30,400,168.0,,43.773,-1.219,Plein jour,Hors agglomération,Hors intersection,Normale,Autre collision,,,,,,,,,,,1,1,1,1,6
200500050178,0005-08-03 09:30:00,5,8,3,9,30,400,210.0,,,,Plein jour,Hors agglomération,Hors intersection,Normale,Sans collision,,,,,,,,,,,1,1,1,1,7
200500050179,0005-08-26 00:45:00,5,8,26,0,45,400,134.0,RN10,,,Nuit avec éclairage allumé,Hors agglomération,Hors intersection,Normale,Sans collision,,,,,,,,,,,5,1,1,1,7
200500050180,0005-08-05 07:45:00,5,8,5,7,45,670,309.0,rue du général Leclerc,48.646,7.716,Plein jour,En agglomération,Hors intersection,Temps éblouissant,Autre collision,,,,,,,,,,,1,2,1,7,6
200500050181,0005-08-11 07:30:00,5,8,11,7,30,670,309.0,Rue du Général Leclerc,48.646,7.717,Plein jour,En agglomération,Hors intersection,Temps éblouissant,Deux véhicules - frontale,,,,,,,,,,,1,2,1,7,1
200500050182,0005-08-22 18:00:00,5,8,22,18,0,670,309.0,"du Gymnase, du Nordfeld",,,Plein jour,En agglomération,Hors intersection,Normale,Deux véhicules - frontale,,,,,,,,,,,1,2,1,1,1
200500050183,0005-08-25 11:30:00,5,8,25,11,30,60,105.0,"CD7, à hauteur du n°911",,,Plein jour,En agglomération,Hors intersection,Normale,Sans collision,,,,,,,,,,,1,2,1,1,7
200500050184,0005-08-06 18:45:00,5,8,6,18,45,640,216.0,,43.251,-0.119,Plein jour,Hors agglomération,Hors intersection,Normale,Autre collision,,,,,,,,,,,1,1,1,1,6
200500050185,0005-08-27 11:15:00,5,8,27,11,15,20,218.0,,,,Plein jour,Hors agglomération,Hors intersection,Normale,Deux véhicules - arrière,,,,,,,,,,,1,1,1,1,2
200500050186,0005-08-16 16:15:00,5,8,16,16,15,380,193.0,rue du lans,,,Plein jour,En agglomération,Hors intersection,Normale,Deux véhicules - frontale,,,,,,,,,,,1,2,1,1,1
200500050187,0005-08-05 14:35:00,5,8,5,14,35,180,221.0,A71,,,Plein jour,Hors agglomération,Hors intersection,Normale,Deux véhicules - côté,,,,,,,,,,,1,1,1,1,3
200500050188,0005-08-16 11:45:00,5,8,16,11,45,180,38.0,A.71,,,Plein jour,Hors agglomération,Hors intersection,Normale,Sans collision,,,,,,,,,,,1,1,1,1,7
200500050189,0005-08-20 14:50:00,5,8,20,14,50,180,245.0,A71,,,Plein jour,Hors agglomération,Hors intersection,Normale,Autre collision,,,,,,,,,,,1,1,1,1,6
200500050190,0005-08-26 22:30:00,5,8,26,22,30,100,256.0,,,,Nuit sans éclairage public,Hors agglomération,Hors intersection,Normale,Sans collision,,,,,,,,,,,3,1,1,1,7
200500050191,0005-08-30 07:45:00,5,8,30,7,45,100,381.0,,,,Plein jour,Hors agglomération,Hors intersection,Normale,Trois véhicules et plus - collisions multiples,,,,,,,,,,,1,1,1,1,5
200500050192,0005-08-03 11:45:00,5,8,3,11,45,130,80.0,,,,Plein jour,Hors agglomération,Hors intersection,Normale,Deux véhicules - arrière,,,,,,,,,,,1,1,1,1,2
200500050193,0005-08-20 15:00:00,5,8,20,15,0,260,88.0,"A49, PK 55",,,Plein jour,Hors agglomération,Hors intersection,Normale,Deux véhicules - arrière,,,,,,,,,,,1,1,1,1,2
200500050194,0005-08-01 22:45:00,5,8,1,22,45,510,242.0,,,,Nuit sans éclairage public,Hors agglomération,Hors intersection,Normale,Autre collision,,,,,,,,,,,3,1,1,1,6
200500050195,0005-08-04 12:45:00,5,8,4,12,45,510,545.0,,48.748,4.229,Plein jour,Hors agglomération,Hors intersection,Normale,Trois véhicules et plus - collisions multiples,,,,,,,,,,,1,1,1,1,5
200500050196,0005-08-29 20:30:00,5,8,29,20,30,620,360.0,788 rue principale,50.922,1.839,Plein jour,En agglomération,Hors intersection,Normale,Autre collision,,,,,,,,,,,1,2,1,1,6
200500050197,0005-08-15 06:45:00,5,8,15,6,45,310,212.0,,,,Plein jour,Hors agglomération,Hors intersection,Normale,Autre collision,,,,,,,,,,,1,1,1,1,6
200500050198,0005-08-02 07:50:00,5,8,2,7,50,950,134.0,PK 32+300 Sens B/P,,,Plein jour,Hors agglomération,Hors intersection,Normale,Sans collision,,,,,,,,,,,1,1,1,1,7
200500050199,0005-08-20 07:30:00,5,8,20,7,30,600,395.0,,,,Plein jour,Hors agglomération,Hors intersection,Normale,Autre collision,,,,,,,,,,,1,1,1,1,6
200500050200,0005-08-12 16:30:00,5,8,12,16,30,130,91.0,RD543,43.627,5.351,Plein jour,Hors agglomération,Hors intersection,Normale,Deux véhicules - frontale,,,,,,,,,,,1,1,1,1,1
200500050201,0005-08-22 18:30:00,5,8,22,18,30,130,50.0,,,,Plein jour,Hors agglomération,Hors intersection,Normale,Sans collision,,,,,,,,,,,1,1,1,1,7
200500050202,0005-08-27 19:00:00,5,8,27,19,0,130,50.0,,,,Plein jour,Hors agglomération,Hors intersection,Temps couvert,Autre collision,,,,,,,,,,,1,1,1,8,6
200500050203,0005-08-16 17:30:00,5,8,16,17,30,310,296.0,,43.12,0.9,Plein jour,Hors agglomération,Hors intersection,Normale,Sans collision,,,,,,,,,,,1,1,1,1,7
200500050204,0005-08-07 18:00:00,5,8,7,18,0,740,311.0,CARREFOUR DES BROCHETS,,,Plein jour,En agglomération,Hors intersection,Normale,Autre collision,,,,,,,,,,,1,2,1,1,6
200500050205,0005-08-13 13:00:00,5,8,13,13,0,740,311.0,,46.151,6.388,Plein jour,Hors agglomération,Hors intersection,Normale,Deux véhicules - frontale,,,,,,,,,,,1,1,1,1,1
200500050206,0005-08-21 08:00:00,5,8,21,8,0,740,278.0,Rue des Cyprés,46.086,6.53,Plein jour,En agglomération,Hors intersection,Normale,Autre collision,,,,,,,,,,,1,2,1,1,6
200500050207,0005-08-16 10:30:00,5,8,16,10,30,190,248.0,,,,Plein jour,Hors agglomération,Hors intersection,Temps éblouissant,Sans collision,,,,,,,,,,,1,1,1,7,7
200500050208,0005-08-27 08:30:00,5,8,27,8,30,870,119.0,,45.699,1.369,Plein jour,Hors agglomération,Hors intersection,Normale,Deux véhicules - côté,,,,,,,,,,,1,1,1,1,3
200500050209,0005-08-10 07:30:00,5,8,10,7,30,230,219.0,,,,Plein jour,Hors agglomération,Hors intersection,Normale,Autre collision,,,,,,,,,,,1,1,1,1,6
200500050210,0005-08-30 14:30:00,5,8,30,14,30,450,345.0,,,,Plein jour,Hors agglomération,Hors intersection,Normale,Autre collision,,,,,,,,,,,1,1,1,1,6
200500050211,0005-08-21 19:00:00,5,8,21,19,0,360,150.0,AUTOROUTE A20,46.44,1.48,Plein jour,Hors agglomération,Hors intersection,Normale,Sans collision,,,,,,,,,,,1,1,1,1,7
200500050212,0005-08-08 02:05:00,5,8,8,2,5,340,196.0,A75  PK 264+500,,,Nuit sans éclairage public,Hors agglomération,Hors intersection,Normale,Autre collision,,,,,,,,,,,3,1,1,1,6
200500050213,0005-08-13 00:15:00,5,8,13,0,15,340,239.0,,,,Nuit sans éclairage public,Hors agglomération,Hors intersection,Normale,Deux véhicules - frontale,,,,,,,,,,,3,1,1,1,1
200500050214,0005-08-16 10:30:00,5,8,16,10,30,340,64.0,,,,Plein jour,Hors agglomération,Hors intersection,Normale,Autre collision,,,,,,,,,,,1,1,1,1,6
200500050215,0005-08-19 22:50:00,5,8,19,22,50,340,16.0,RN 109 PR 22+600,,,Nuit sans éclairage public,Hors agglomération,Hors intersection,Normale,Sans collision,,,,,,,,,,,3,1,1,1,7
200500050216,0005-08-20 11:41:00,5,8,20,11,41,190,130.0,"e 253+500, Autoroute A89",,,Plein jour,Hors agglomération,Hors intersection,Pluie forte,Trois véhicules et plus - en chaîne,,,,,,,,,,,1,1,1,3,4
200500050217,0005-08-03 14:30:00,5,8,3,14,30,720,111.0,LE CALVAIRE,48.104,-0.003,Plein jour,En agglomération,Hors intersection,Normale,Deux véhicules - frontale,,,,,,,,,,,1,2,1,1,1
200500050218,0005-08-17 12:00:00,5,8,17,12,0,720,89.0,20 RUE DE TENNIE,48.127,-0.024,Plein jour,En agglomération,Hors intersection,Normale,Autre collision,,,,,,,,,,,1,2,1,1,6
200500050219,0005-08-16 17:55:00,5,8,16,17,55,950,392.0,2 - avenue Victor Hugo,,,Plein jour,En agglomération,Hors intersection,Normale,Deux véhicules - côté,,,,,,,,,,,1,2,1,1,3
200500050220,0005-08-13 10:30:00,5,8,13,10,30,580,278.0,,,,Plein jour,Hors agglomération,Hors intersection,Normale,Autre collision,,,,,,,,,,,1,1,1,1,6
200500050221,0005-08-22 16:30:00,5,8,22,16,30,190,227.0,+ 300  SAINT MEXANT (19),,,Plein jour,Hors agglomération,Hors intersection,Normale,Autre collision,,,,,,,,,,,1,1,1,1,6
200500050222,0005-08-05 14:05:00,5,8,5,14,5,670,174.0,RUE PRINCIPALE,,,Plein jour,En agglomération,Hors intersection,Normale,Autre collision,,,,,,,,,,,1,2,1,1,6
200500050223,0005-08-25 13:00:00,5,8,25,13,0,140,629.0,,,,Plein jour,Hors agglomération,Hors intersection,Normale,Autre collision,,,,,,,,,,,1,1,1,1,6
200500050224,0005-08-01 14:00:00,5,8,1,14,0,300,117.0,,,,Plein jour,Hors agglomération,Hors intersection,Normale,Trois véhicules et plus - en chaîne,,,,,,,,,,,1,1,1,1,4
200500050225,0005-08-16 22:00:00,5,8,16,22,0,300,135.0,,,,Nuit sans éclairage public,Hors agglomération,Hors intersection,Normale,Deux véhicules - côté,,,,,,,,,,,3,1,1,1,3
200500050226,0005-08-02 18:20:00,5,8,2,18,20,130,36.0,CD 34 PK 8+800,,,Plein jour,Hors agglomération,Hors intersection,Normale,Deux véhicules - frontale,,,,,,,,,,,1,1,1,1,1
200500050227,0005-08-13 22:50:00,5,8,13,22,50,130,17.0,CD 35,,,Nuit sans éclairage public,Hors agglomération,Hors intersection,Normale,Deux véhicules - frontale,,,,,,,,,,,3,1,1,1,1
200500050228,0005-08-02 15:30:00,5,8,2,15,30,340,192.0,,,,Plein jour,Hors agglomération,Hors intersection,Pluie légère,Trois véhicules et plus - collisions multiples,,,,,,,,,,,1,1,1,2,5
200500050229,0005-08-16 05:45:00,5,8,16,5,45,760,192.0,,,,Nuit sans éclairage public,Hors agglomération,Hors intersection,Normale,Autre collision,,,,,,,,,,,3,1,1,1,6
200500050230,0005-08-26 12:00:00,5,8,26,12,0,760,644.0,,,,Plein jour,Hors agglomération,Intersection en X,Normale,Deux véhicules - côté,,,,,,,,,,,1,1,2,1,3
200500050231,0005-08-30 07:45:00,5,8,30,7,45,760,591.0,rue Général de Gaulle,49.444,1.208,Plein jour,En agglomération,Hors intersection,Temps éblouissant,Autre collision,,,,,,,,,,,1,2,1,7,6
200500050232,0005-08-18 21:15:00,5,8,18,21,15,950,637.0,RUE NATIONALE,49.047,2.046,Nuit sans éclairage public,En agglomération,Autre intersection,Normale,Autre collision,,,,,,,,,,,3,2,9,1,6