accident_id,datetime,annee,mois,jour,heure,minute,departement,commune_insee,adresse,latitude,longitude,luminosite,agglomeration,intersection,meteo,collision,nb_vehicules,nb_usagers,nb_indemnes,nb_tues,nb_blesses_hosp,nb_blesses_legers,age_cond_1,age_cond_2,veh_type_cond_1,veh_type_cond_2,lum_code,agg_code,int_code,atm_code,col_code
200500050365,0005-08-24 07:52:00,5,8,24,7,52,60,29.0,FERRAGE (BOULEVARD DE LA,,,Plein jour,En agglomération,Hors intersection,Normale,Trois véhicules et plus - collisions multiples,,,,,,,,,,,1,2,1,1,5
200500050366,0005-08-24 17:30:00,5,8,24,17,30,60,29.0,MIDI (BOULEVARD DU),,,Plein jour,En agglomération,Hors intersection,Normale,Trois véhicules et plus - collisions multiples,,,,,,,,,,,1,2,1,1,5
200500050367,0005-08-24 19:45:00,5,8,24,19,45,60,29.0,JUIN (AVENUE MARECHAL),,,Crépuscule ou aube,En agglomération,Intersection en T,Normale,Deux véhicules - côté,,,,,,,,,,,2,2,3,1,3
200500050368,0005-08-25 17:51:00,5,8,25,17,51,60,29.0,FOCH (RUE MARECHAL),,,Plein jour,En agglomération,Hors intersection,Normale,Autre collision,,,,,,,,,,,1,2,1,1,6
200500050369,0005-08-25 16:38:00,5,8,25,16,38,60,29.0,"00, BIVOUAC NAPOLEON (RU",,,Plein jour,En agglomération,Intersection en X,Normale,Deux véhicules - côté,,,,,,,,,,,1,2,2,1,3
200500050370,0005-08-26 04:30:00,5,8,26,4,30,60,29.0,JUIN (AVENUE MARECHAL),,,Nuit avec éclairage allumé,En agglomération,Hors intersection,Normale,Sans collision,,,,,,,,,,,5,2,1,1,7
200500050371,0005-08-26 17:15:00,5,8,26,17,15,60,29.0,"56, JOURDAN (AVENUE MICH",,,Plein jour,Hors agglomération,Hors intersection,Normale,Deux véhicules - côté,,,,,,,,,,,1,1,1,1,3
200500050372,0005-08-26 18:15:00,5,8,26,18,15,60,29.0,"25, VAUTRIN (BOULEVARD D",,,Plein jour,En agglomération,Intersection en T,Normale,Deux véhicules - côté,,,,,,,,,,,1,2,3,1,3
200500050373,0005-08-25 11:21:00,5,8,25,11,21,60,29.0,TONNER (AVENUE FRANCIS),,,Plein jour,En agglomération,Hors intersection,Normale,Autre collision,,,,,,,,,,,1,2,1,1,6
200500050374,0005-08-29 12:00:00,5,8,29,12,0,60,29.0,"40, VALLAURIS (AVENUE DE",,,Plein jour,Hors agglomération,Hors intersection,Normale,Deux véhicules - frontale,,,,,,,,,,,1,1,1,1,1
200500050375,0005-08-29 15:00:00,5,8,29,15,0,60,29.0,"8, PINS (BOULEVARD DES)",,,Plein jour,En agglomération,Hors intersection,Normale,Deux véhicules - côté,,,,,,,,,,,1,2,1,1,3
200500050376,0005-08-30 13:05:00,5,8,30,13,5,60,29.0,"12, GAZAGNAIRE (RUE DU D",,,Plein jour,En agglomération,Hors intersection,Normale,Deux véhicules - arrière,,,,,,,,,,,1,2,1,1,2
200500050377,0005-08-30 15:36:00,5,8,30,15,36,60,29.0,CARNOT (BOULEVARD),,,Plein jour,En agglomération,Intersection en T,Normale,Deux véhicules - côté,,,,,,,,,,,1,2,3,1,3
200500050378,0005-08-31 10:04:00,5,8,31,10,4,60,29.0,"35, PICAUD (AVENUE DU DO",,,Plein jour,En agglomération,Hors intersection,Normale,Deux véhicules - côté,,,,,,,,,,,1,2,1,1,3
200500050379,0005-08-31 12:51:00,5,8,31,12,51,60,30.0,"19, DOUMER (BOULEVARD PA",,,Plein jour,En agglomération,Hors intersection,Normale,Deux véhicules - côté,,,,,,,,,,,1,2,1,1,3
200500050380,0005-08-31 13:05:00,5,8,31,13,5,60,29.0,CARNOT (BOULEVARD),,,Plein jour,En agglomération,Hors intersection,Normale,Deux véhicules - frontale,,,,,,,,,,,1,2,1,1,1
200500050381,0005-08-31 21:45:00,5,8,31,21,45,60,29.0,REPUBLIQUE (BOULEVARD DE,,,Nuit avec éclairage allumé,En agglomération,Intersection en X,Normale,Deux véhicules - frontale,,,,,,,,,,,5,2,2,1,1
200500050382,0005-08-01 07:50:00,5,8,1,7,50,60,69.0,"75, PEYLOUBET (CHEMIN DU",,,Plein jour,En agglomération,Hors intersection,Normale,Deux véhicules - frontale,,,,,,,,,,,1,2,1,1,1
200500050383,0005-08-03 09:00:00,5,8,3,9,0,60,69.0,CANNES (ROUTE DE)  -RN85,,,Plein jour,Hors agglomération,Hors intersection,Normale,Deux véhicules - arrière,,,,,,,,,,,1,1,1,1,2
200500050384,0005-08-08 16:15:00,5,8,8,16,15,60,69.0,CROISSET (AVENUE FR. DE),,,Plein jour,En agglomération,Hors intersection,Normale,Deux véhicules - côté,,,,,,,,,,,1,2,1,1,3
200500050385,0005-08-08 17:30:00,5,8,8,17,30,60,69.0,"229, CANNES (ROUTE DE)",,,Plein jour,Hors agglomération,Hors intersection,Normale,Deux véhicules - côté,,,,,,,,,,,1,1,1,1,3
200500050386,0005-08-11 08:10:00,5,8,11,8,10,60,69.0,"113, PASTEUR (BOULEVARD)",,,Plein jour,En agglomération,Hors intersection,Normale,Autre collision,,,,,,,,,,,1,2,1,1,6
200500050387,0005-08-12 01:25:00,5,8,12,1,25,60,69.0,AURIBEAU (ROUTE D') -D60,,,Nuit sans éclairage public,En agglomération,Hors intersection,Pluie forte,Autre collision,,,,,,,,,,,3,2,1,3,6
200500050388,0005-08-13 07:20:00,5,8,13,7,20,60,69.0,PROVENCE (AVENUE DE),,,Plein jour,En agglomération,Hors intersection,Normale,Autre collision,,,,,,,,,,,1,2,1,1,6
200500050389,0005-08-16 11:25:00,5,8,16,11,25,60,69.0,CARNOT (BOULEVARD ET TRA,,,Plein jour,En agglomération,Hors intersection,Normale,Deux véhicules - côté,,,,,,,,,,,1,2,1,1,3
200500050390,0005-08-17 09:50:00,5,8,17,9,50,60,69.0,"75, SEMARD (AVENUE PIERR",,,Plein jour,En agglomération,Hors intersection,Normale,Trois véhicules et plus - en chaîne,,,,,,,,,,,1,2,1,1,4
200500050391,0005-08-18 17:10:00,5,8,18,17,10,60,69.0,"29, LOUBONNIERES (CHEMIN",,,Plein jour,En agglomération,Hors intersection,Normale,Deux véhicules - frontale,,,,,,,,,,,1,2,1,1,1
200500050392,0005-08-26 07:25:00,5,8,26,7,25,60,69.0,"25, SAINT EXUPERY (AVENU",,,Plein jour,En agglomération,Hors intersection,Normale,Trois véhicules et plus - en chaîne,,,,,,,,,,,1,2,1,1,4
200500050393,0005-08-28 12:25:00,5,8,28,12,25,60,69.0,"45, MISTRAL (AVENUE ET P",,,Plein jour,En agglomération,Hors intersection,Normale,Deux véhicules - côté,,,,,,,,,,,1,2,1,1,3
200500050394,0005-08-28 15:35:00,5,8,28,15,35,60,69.0,DRAGUIGNAN (ROUTE DE) -,,,Plein jour,En agglomération,Intersection en T,Normale,Deux véhicules - côté,,,,,,,,,,,1,2,3,1,3
200500050395,0005-08-29 18:05:00,5,8,29,18,5,60,69.0,"103, PAOUTE (ROUTE ET TR",,,Plein jour,Hors agglomération,Hors intersection,Normale,Deux véhicules - côté,,,,,,,,,,,1,1,1,1,3
200500050396,0005-08-29 20:50:00,5,8,29,20,50,60,69.0,PAOUTE (ROUTE ET TRAVERS,,,Nuit avec éclairage allumé,Hors agglomération,Intersection en T,Normale,Deux véhicules - côté,,,,,,,,,,,5,1,3,1,3
200500050397,0005-08-30 12:25:00,5,8,30,12,25,60,69.0,"40, POMPIDOU (AVENUE GEO",,,Plein jour,En agglomération,Hors intersection,Normale,Deux véhicules - frontale,,,,,,,,,,,1,2,1,1,1
200500050398,0005-08-30 15:10:00,5,8,30,15,10,60,69.0,"64, SAINT EXUPERY (AVENU",,,Plein jour,Hors agglomération,Hors intersection,Normale,Trois véhicules et plus - collisions multiples,,,,,,,,,,,1,1,1,1,5
200500050399,0005-08-12 17:43:00,5,8,12,17,43,60,83.0,"99, SOSPEL (ROUTE DE )",,,Plein jour,En agglomération,Hors intersection,Normale,Deux véhicules - côté,,,,,,,,,,,1,2,1,1,3
200500050400,0005-08-01 11:30:00,5,8,1,11,30,60,83.0,LECLERC (PROMENADE MAREC,,,Plein jour,En agglomération,Hors intersection,Normale,Deux véhicules - côté,,,,,,,,,,,1,2,1,1,3
200500050401,0005-08-05 19:45:00,5,8,5,19,45,60,83.0,"1, SOSPEL (ROUTE DE )",,,Plein jour,Hors agglomération,Hors intersection,Normale,Autre collision,,,,,,,,,,,1,1,1,1,6
200500050402,0005-08-22 08:40:00,5,8,22,8,40,60,83.0,"15, SOSPEL (AVENUE DE, N",,,Plein jour,En agglomération,Hors intersection,Normale,Autre collision,,,,,,,,,,,1,2,1,1,6
200500050403,0005-08-09 14:40:00,5,8,9,14,40,60,104.0,"107, CURIE (AVENUE PIERR",,,Plein jour,En agglomération,Intersection en T,Normale,Deux véhicules - arrière,,,,,,,,,,,1,2,3,1,2
200500050404,0005-08-10 00:55:00,5,8,10,0,55,60,104.0,"851, TURBIE (ROUTE DE LA",,,Nuit avec éclairage allumé,En agglomération,Hors intersection,Normale,Sans collision,,,,,,,,,,,5,2,1,1,7
200500050405,0005-08-30 16:58:00,5,8,30,16,58,60,83.0,"13, SOSPEL (AVENUE DE, N",,,Plein jour,En agglomération,Hors intersection,Normale,Autre collision,,,,,,,,,,,1,2,1,1,6
200500050406,0005-08-30 11:30:00,5,8,30,11,30,60,83.0,"1, VERDUN (AVENUE DE)",,,Plein jour,En agglomération,Hors intersection,Normale,Autre collision,,,,,,,,,,,1,2,1,1,6
200500050407,0005-08-01 08:30:00,5,8,1,8,30,60,88.0,"0, MARI (R. ALEXANDRE)",,,Plein jour,En agglomération,Hors intersection,Normale,Autre collision,,,,,,,,,,,1,2,1,1,6
200500050408,0005-08-01 15:20:00,5,8,1,15,20,60,88.0,"0, SAINT-ISIDORE (QUART.",,,Plein jour,En agglomération,Hors intersection,Normale,Deux véhicules - côté,,,,,,,,,,,1,2,1,1,3
200500050409,0005-08-01 22:20:00,5,8,1,22,20,60,88.0,"0, ARMEE DES ALPES (BD D",,,Nuit avec éclairage allumé,En agglomération,Intersection en T,Normale,Deux véhicules - côté,,,,,,,,,,,5,2,3,1,3
200500050410,0005-08-01 17:40:00,5,8,1,17,40,60,88.0,"1973, MONT-BORON (R. FOR",,,Plein jour,En agglomération,Hors intersection,Normale,Deux véhicules - côté,,,,,,,,,,,1,2,1,1,3
200500050411,0005-08-02 09:30:00,5,8,2,9,30,60,88.0,"0, GOIRAN (PL. GAL)",,,Plein jour,En agglomération,Hors intersection,Normale,Autre collision,,,,,,,,,,,1,2,1,1,6
200500050412,0005-08-02 11:10:00,5,8,2,11,10,60,88.0,"0, RISSO (BD)",,,Plein jour,En agglomération,Intersection en X,Normale,Autre collision,,,,,,,,,,,1,2,2,1,6
200500050413,0005-08-02 14:10:00,5,8,2,14,10,60,88.0,"0, VITTONE (AV.)",,,Plein jour,En agglomération,Intersection en X,Normale,Autre collision,,,,,,,,,,,1,2,2,1,6
200500050414,0005-08-02 14:11:00,5,8,2,14,11,60,88.0,"18, CESSOLE (BD DE) (JUS",,,Plein jour,En agglomération,Hors intersection,Normale,Deux véhicules - côté,,,,,,,,,,,1,2,1,1,3
200500050415,0005-08-02 14:40:00,5,8,2,14,40,60,88.0,"20, CALIFORNIE (AV.) (JU",,,Plein jour,En agglomération,Hors intersection,Normale,Trois véhicules et plus - collisions multiples,,,,,,,,,,,1,2,1,1,5
200500050416,0005-08-02 17:25:00,5,8,2,17,25,60,88.0,"0, POMPIDOU (BD GEORGES)",,,Plein jour,En agglomération,Hors intersection,Normale,Trois véhicules et plus - en chaîne,,,,,,,,,,,1,2,1,1,4
200500050417,0005-08-03 05:00:00,5,8,3,5,0,60,88.0,"0, MASSENA (PLACE)",,,Nuit avec éclairage allumé,En agglomération,Place,Normale,Deux véhicules - côté,,,,,,,,,,,5,2,7,1,3
200500050418,0005-08-03 13:30:00,5,8,3,13,30,60,88.0,"0, SAINT-LAMBERT (AV.) (",,,Plein jour,En agglomération,Intersection en X,Normale,Deux véhicules - côté,,,,,,,,,,,1,2,2,1,3
200500050419,0005-08-03 14:10:00,5,8,3,14,10,60,88.0,"0, ALBERTI (RUE)",,,Plein jour,En agglomération,Intersection en X,Normale,Deux véhicules - côté,,,,,,,,,,,1,2,2,1,3
200500050420,0005-08-03 16:45:00,5,8,3,16,45,60,88.0,"0, GIACOBI (AV.)",,,Plein jour,En agglomération,Intersection en X,Normale,Deux véhicules - côté,,,,,,,,,,,1,2,2,1,3
200500050421,0005-08-04 00:15:00,5,8,4,0,15,60,88.0,"05, MADELEINE (BD DE LA)",,,Nuit avec éclairage allumé,En agglomération,Hors intersection,Normale,Autre collision,,,,,,,,,,,5,2,1,1,6
200500050422,0005-08-04 09:00:00,5,8,4,9,0,60,88.0,"0, GROSSO (A PARTIR DU N",,,Plein jour,En agglomération,Intersection en T,Normale,Deux véhicules - côté,,,,,,,,,,,1,2,3,1,3
200500050423,0005-08-04 09:50:00,5,8,4,9,50,60,88.0,"0, ILE-DE-BEAUTE (PL. DE",,,Plein jour,En agglomération,Place,Normale,Deux véhicules - arrière,,,,,,,,,,,1,2,7,1,2
200500050424,0005-08-04 09:55:00,5,8,4,9,55,60,88.0,"53, ANGLAIS (DU N° 45 AU",,,Plein jour,En agglomération,Hors intersection,Normale,Deux véhicules - côté,,,,,,,,,,,1,2,1,1,3
200500050425,0005-08-04 15:30:00,5,8,4,15,30,60,88.0,"0, MAETERLINCK (BD M.)",,,Plein jour,En agglomération,Intersection en T,Normale,Deux véhicules - frontale,,,,,,,,,,,1,2,3,1,1
200500050426,0005-08-04 16:00:00,5,8,4,16,0,60,88.0,"0, PARIS (R. DE)",,,Plein jour,En agglomération,Intersection en X,Normale,Deux véhicules - côté,,,,,,,,,,,1,2,2,1,3
200500050427,0005-08-04 17:45:00,5,8,4,17,45,60,88.0,"0, FAURE (AV. FELIX)",,,Plein jour,En agglomération,Intersection en X,Normale,Autre collision,,,,,,,,,,,1,2,2,1,6
200500050428,0005-08-04 19:00:00,5,8,4,19,0,60,88.0,"40, SAINT-SYLVESTRE (AV.",,,Plein jour,En agglomération,Hors intersection,Normale,Deux véhicules - arrière,,,,,,,,,,,1,2,1,1,2
200500050429,0005-08-04 20:00:00,5,8,4,20,0,60,88.0,"2BIS, CIMIEZ (MONTEE)",,,Crépuscule ou aube,En agglomération,Hors intersection,Normale,Autre collision,,,,,,,,,,,2,2,1,1,6
200500050430,0005-08-05 19:00:00,5,8,5,19,0,60,88.0,"19/24, BRAILLE (BD LOUIS",,,Plein jour,En agglomération,Hors intersection,Normale,Autre collision,,,,,,,,,,,1,2,1,1,6
200500050431,0005-08-05 19:10:00,5,8,5,19,10,60,88.0,"198, ANGLAIS PLAGE (DU 1",,,Plein jour,En agglomération,Hors intersection,Normale,Autre collision,,,,,,,,,,,1,2,1,1,6
200500050432,0005-08-05 19:30:00,5,8,5,19,30,60,88.0,"0, CALIFORNIE (AV.) (DU",,,Plein jour,En agglomération,Hors intersection,Normale,Trois véhicules et plus - collisions multiples,,,,,,,,,,,1,2,1,1,5
200500050433,0005-08-06 06:10:00,5,8,6,6,10,60,88.0,"01, GINESTIERE (CH. DE L",,,Crépuscule ou aube,En agglomération,Hors intersection,Normale,Autre collision,,,,,,,,,,,2,2,1,1,6
200500050434,0005-08-06 08:30:00,5,8,6,8,30,60,88.0,"0, DUFY (RUE RAOUL)",,,Plein jour,En agglomération,Hors intersection,Normale,Deux véhicules - côté,,,,,,,,,,,1,2,1,1,3
200500050435,0005-08-06 08:45:00,5,8,6,8,45,60,88.0,"12, RAIBERTI (R.)",,,Plein jour,En agglomération,Hors intersection,Normale,Autre collision,,,,,,,,,,,1,2,1,1,6
200500050436,0005-08-06 09:15:00,5,8,6,9,15,60,88.0,"0, CALIFORNIE (AV.) (A P",,,Plein jour,En agglomération,Hors intersection,Normale,Deux véhicules - côté,,,,,,,,,,,1,2,1,1,3
200500050437,0005-08-06 10:20:00,5,8,6,10,20,60,88.0,"42, CARNOT (BD)",,,Plein jour,En agglomération,Hors intersection,Normale,Deux véhicules - arrière,,,,,,,,,,,1,2,1,1,2
200500050438,0005-08-06 23:05:00,5,8,6,23,5,60,88.0,"11, GORBELLA (BD DE)",,,Nuit avec éclairage allumé,En agglomération,Hors intersection,Normale,Deux véhicules - frontale,,,,,,,,,,,5,2,1,1,1
200500050439,0005-08-07 19:00:00,5,8,7,19,0,60,88.0,"91, HLM LAS PLANAS",,,Plein jour,En agglomération,Hors intersection,Normale,Deux véhicules - côté,,,,,,,,,,,1,2,1,1,3
200500050440,0005-08-08 04:00:00,5,8,8,4,0,60,88.0,"566, BELLET (RTE DE)",,,Nuit avec éclairage allumé,En agglomération,Hors intersection,Normale,Autre collision,,,,,,,,,,,5,2,1,1,6
200500050441,0005-08-08 07:40:00,5,8,8,7,40,60,88.0,"0, PREFECTURE (R. DE LA)",,,Plein jour,En agglomération,Intersection en X,Normale,Deux véhicules - côté,,,,,,,,,,,1,2,2,1,3
200500050442,0005-08-08 10:30:00,5,8,8,10,30,60,88.0,"0, SASSERNO (PL.)",,,Plein jour,En agglomération,Place,Normale,Deux véhicules - côté,,,,,,,,,,,1,2,7,1,3
200500050443,0005-08-08 16:05:00,5,8,8,16,5,60,88.0,"0, DESAMBROIS (AV.)",,,Plein jour,En agglomération,Intersection en X,Normale,Deux véhicules - côté,,,,,,,,,,,1,2,2,1,3
200500050444,0005-08-08 21:10:00,5,8,8,21,10,60,88.0,"228, TURIN (RTE DE)",,,Nuit avec éclairage allumé,En agglomération,Hors intersection,Normale,Autre collision,,,,,,,,,,,5,2,1,1,6
200500050445,0005-08-09 08:15:00,5,8,9,8,15,60,88.0,"0, ARIANE (BD DE L')",,,Plein jour,En agglomération,Hors intersection,Normale,Deux véhicules - arrière,,,,,,,,,,,1,2,1,1,2
200500050446,0005-08-09 09:20:00,5,8,9,9,20,60,88.0,"0, ANGLAIS (DU N° 45 AU",,,Plein jour,En agglomération,Hors intersection,Normale,Autre collision,,,,,,,,,,,1,2,1,1,6
200500050447,0005-08-09 11:20:00,5,8,9,11,20,60,88.0,"0, BISCHOFFSHEIM (BD)",,,Plein jour,En agglomération,Hors intersection,Normale,Autre collision,,,,,,,,,,,1,2,1,1,6
200500050448,0005-08-09 14:20:00,5,8,9,14,20,60,88.0,"13, CALIFORNIE (AV.) (JU",,,Plein jour,En agglomération,Hors intersection,Normale,Deux véhicules - arrière,,,,,,,,,,,1,2,1,1,2
200500050449,0005-08-09 14:30:00,5,8,9,14,30,60,88.0,"0, CARNOT (BD)",,,Plein jour,En agglomération,Hors intersection,Normale,Deux véhicules - côté,,,,,,,,,,,1,2,1,1,3
200500050450,0005-08-09 17:20:00,5,8,9,17,20,60,88.0,"36, CIMIEZ (BD) A PARTIR",,,Plein jour,En agglomération,Hors intersection,Normale,Autre collision,,,,,,,,,,,1,2,1,1,6
200500050451,0005-08-09 18:45:00,5,8,9,18,45,60,88.0,"109, GROSSO (A PARTIR DU",,,Plein jour,En agglomération,Hors intersection,Normale,Deux véhicules - arrière,,,,,,,,,,,1,2,1,1,2
200500050452,0005-08-09 19:45:00,5,8,9,19,45,60,88.0,"8, VERDUN (AV. DE)",,,Plein jour,En agglomération,Hors intersection,Normale,Autre collision,,,,,,,,,,,1,2,1,1,6
200500050453,0005-08-09 21:50:00,5,8,9,21,50,60,88.0,"38, GARNIER (BD JOSEPH)",,,Nuit avec éclairage allumé,En agglomération,Hors intersection,Normale,Deux véhicules - frontale,,,,,,,,,,,5,2,1,1,1
200500050454,0005-08-10 07:20:00,5,8,10,7,20,60,88.0,"189, CLUA (AV. DE LA)",,,Plein jour,En agglomération,Hors intersection,Normale,Autre collision,,,,,,,,,,,1,2,1,1,6
200500050455,0005-08-10 09:50:00,5,8,10,9,50,60,88.0,CORNIGLION MOLINIER (BD),,,Plein jour,En agglomération,Hors intersection,Normale,Autre collision,,,,,,,,,,,1,2,1,1,6
200500050456,0005-08-10 14:00:00,5,8,10,14,0,60,88.0,"0, GAMBETTA (A PARTIR DU",,,Plein jour,En agglomération,Hors intersection,Normale,Deux véhicules - côté,,,,,,,,,,,1,2,1,1,3
200500050457,0005-08-10 16:05:00,5,8,10,16,5,60,88.0,"34, CARNOT (BD)",,,Plein jour,En agglomération,Hors intersection,Normale,Trois véhicules et plus - collisions multiples,,,,,,,,,,,1,2,1,1,5
200500050458,0005-08-10 17:30:00,5,8,10,17,30,60,88.0,"02, CHEVALIERS DE MALTE",,,Plein jour,En agglomération,Hors intersection,Normale,Autre collision,,,,,,,,,,,1,2,1,1,6
200500050459,0005-08-10 18:15:00,5,8,10,18,15,60,88.0,"84, CIMIEZ (BD) A PARTIR",,,Plein jour,En agglomération,Hors intersection,Normale,Sans collision,,,,,,,,,,,1,2,1,1,7
200500050460,0005-08-11 12:30:00,5,8,11,12,30,60,88.0,"164, MADELEINE (BD DE LA",,,Plein jour,En agglomération,Hors intersection,Normale,Autre collision,,,,,,,,,,,1,2,1,1,6
200500050461,0005-08-11 13:40:00,5,8,11,13,40,60,88.0,"173, BISCHOFFSHEIM (BD)",,,Plein jour,En agglomération,Hors intersection,Normale,Autre collision,,,,,,,,,,,1,2,1,1,6
200500050462,0005-08-11 14:15:00,5,8,11,14,15,60,88.0,"18, ARBORAS (TRAV. DES)",,,Plein jour,En agglomération,Hors intersection,Normale,Deux véhicules - côté,,,,,,,,,,,1,2,1,1,3
200500050463,0005-08-11 15:10:00,5,8,11,15,10,60,88.0,"183, FRANCE (R. DE) A PA",,,Plein jour,En agglomération,Hors intersection,Normale,Deux véhicules - arrière,,,,,,,,,,,1,2,1,1,2
200500050464,0005-08-11 17:30:00,5,8,11,17,30,60,88.0,"57, RAY (AV. DU)",,,Plein jour,En agglomération,Hors intersection,Normale,Deux véhicules - côté,,,,,,,,,,,1,2,1,1,3
200500050465,0005-08-12 07:30:00,5,8,12,7,30,60,88.0,"81, ANGLAIS (DU N° 45 AU",,,Plein jour,En agglomération,Hors intersection,Normale,Deux véhicules - arrière,,,,,,,,,,,1,2,1,1,2
200500050466,0005-08-12 08:20:00,5,8,12,8,20,60,88.0,"0, BLANQUI (PL. AUGUSTE)",,,Plein jour,En agglomération,Intersection en X,Normale,Deux véhicules - côté,,,,,,,,,,,1,2,2,1,3
200500050467,0005-08-12 07:40:00,5,8,12,7,40,60,88.0,"228, TURIN (RTE DE)",,,Plein jour,En agglomération,Hors intersection,Normale,Autre collision,,,,,,,,,,,1,2,1,1,6
200500050468,0005-08-12 11:14:00,5,8,12,11,14,60,88.0,VOIE RAPIDE,,,Plein jour,Hors agglomération,Hors intersection,Normale,Deux véhicules - arrière,,,,,,,,,,,1,1,1,1,2
200500050469,0005-08-12 11:50:00,5,8,12,11,50,60,88.0,"15, DELVALLE (RUE PROF.)",,,Plein jour,En agglomération,Hors intersection,Normale,Deux véhicules - côté,,,,,,,,,,,1,2,1,1,3
200500050470,0005-08-12 12:05:00,5,8,12,12,5,60,88.0,"0, ANGLAIS (A PARTIR DU",,,Plein jour,En agglomération,Hors intersection,Normale,Autre collision,,,,,,,,,,,1,2,1,1,6
200500050471,0005-08-13 01:20:00,5,8,13,1,20,60,88.0,"0, ANGLAIS PLAGE (DU 265",,,Nuit avec éclairage allumé,En agglomération,Hors intersection,Normale,Deux véhicules - côté,,,,,,,,,,,5,2,1,1,3
200500050472,0005-08-13 04:25:00,5,8,13,4,25,60,88.0,"39, GAMBETTA (JUSQU'AU N",,,Nuit avec éclairage allumé,En agglomération,Hors intersection,Normale,Deux véhicules - côté,,,,,,,,,,,5,2,1,1,3
200500050473,0005-08-13 11:45:00,5,8,13,11,45,60,88.0,"14, THIERS (AV.)",,,Plein jour,En agglomération,Hors intersection,Normale,Deux véhicules - arrière,,,,,,,,,,,1,2,1,1,2
200500050474,0005-08-13 22:15:00,5,8,13,22,15,60,88.0,"33, ANGLAIS PLAGE (N°1 A",,,Nuit avec éclairage allumé,En agglomération,Hors intersection,Normale,Autre collision,,,,,,,,,,,5,2,1,1,6
200500050475,0005-08-14 02:15:00,5,8,14,2,15,60,88.0,"0, ARIANE (BD DE L')",,,Nuit avec éclairage allumé,En agglomération,Hors intersection,Normale,Deux véhicules - arrière,,,,,,,,,,,5,2,1,1,2
200500050476,0005-08-14 13:25:00,5,8,14,13,25,60,88.0,CORNIGLION MOLINIER (BD),,,Plein jour,En agglomération,Hors intersection,Normale,Deux véhicules - arrière,,,,,,,,,,,1,2,1,1,2
200500050477,0005-08-14 23:15:00,5,8,14,23,15,60,88.0,"0, TURIN (RTE DE)",,,Nuit avec éclairage allumé,En agglomération,Hors intersection,Normale,Deux véhicules - côté,,,,,,,,,,,5,2,1,1,3
200500050478,0005-08-15 01:00:00,5,8,15,1,0,60,88.0,"79, ANGLAIS (DU N° 45 AU",,,Nuit avec éclairage allumé,En agglomération,Hors intersection,Normale,Deux véhicules - côté,,,,,,,,,,,5,2,1,1,3
200500050479,0005-08-15 09:30:00,5,8,15,9,30,60,88.0,"0, PENETRANTE DU PAILLON",,,Plein jour,Hors agglomération,Hors intersection,Normale,Deux véhicules - arrière,,,,,,,,,,,1,1,1,1,2
200500050480,0005-08-15 12:40:00,5,8,15,12,40,60,88.0,"0, FERRIE (SQUARE GENERA",,,Plein jour,En agglomération,Hors intersection,Normale,Deux véhicules - arrière,,,,,,,,,,,1,2,1,1,2
200500050481,0005-08-15 14:00:00,5,8,15,14,0,60,88.0,"0, GOUNOD (RUE)",,,Plein jour,En agglomération,Intersection en X,Normale,Deux véhicules - côté,,,,,,,,,,,1,2,2,1,3
200500050482,0005-08-15 20:20:00,5,8,15,20,20,60,88.0,"0, LEPANTE (R. DE)",,,Plein jour,En agglomération,Intersection en X,Normale,Deux véhicules - côté,,,,,,,,,,,1,2,2,1,3
200500050483,0005-08-15 21:45:00,5,8,15,21,45,60,88.0,"0, GARIGLIANO (PONTS)",,,Nuit avec éclairage allumé,En agglomération,Hors intersection,Normale,Autre collision,,,,,,,,,,,5,2,1,1,6
200500050484,0005-08-16 13:30:00,5,8,16,13,30,60,88.0,"344, OBSERVATOIRE (R. PR",,,Plein jour,Hors agglomération,Hors intersection,Normale,Trois véhicules et plus - collisions multiples,,,,,,,,,,,1,1,1,1,5
200500050485,0005-08-16 14:20:00,5,8,16,14,20,60,88.0,"0, VOIE RAPIDE",,,Plein jour,Hors agglomération,Hors intersection,Normale,Autre collision,,,,,,,,,,,1,1,1,1,6
200500050486,0005-08-16 15:30:00,5,8,16,15,30,60,88.0,"39, MAETERLINCK (BD M.)",,,Plein jour,En agglomération,Hors intersection,Normale,Trois véhicules et plus - collisions multiples,,,,,,,,,,,1,2,1,1,5
200500050487,0005-08-16 17:30:00,5,8,16,17,30,60,88.0,"0, CASSIN (BD RENE)",,,Plein jour,En agglomération,Intersection en X,Normale,Deux véhicules - côté,,,,,,,,,,,1,2,2,1,3
200500050488,0005-08-16 16:30:00,5,8,16,16,30,60,88.0,"183, ANGLAIS (DU N° 114",,,Plein jour,En agglomération,Hors intersection,Normale,Deux véhicules - côté,,,,,,,,,,,1,2,1,1,3
200500050489,0005-08-16 20:30:00,5,8,16,20,30,60,88.0,NAPOLEON III (BD),,,Crépuscule ou aube,En agglomération,Hors intersection,Normale,Deux véhicules - arrière,,,,,,,,,,,2,2,1,1,2
200500050490,0005-08-16 22:20:00,5,8,16,22,20,60,88.0,"26, BRAILLE (BD LOUIS)",,,Nuit avec éclairage allumé,En agglomération,Hors intersection,Normale,Autre collision,,,,,,,,,,,5,2,1,1,6
200500050491,0005-08-17 12:30:00,5,8,17,12,30,60,88.0,"0, BARLA (RUE)",,,Plein jour,En agglomération,Hors intersection,Normale,Deux véhicules - côté,,,,,,,,,,,1,2,1,1,3
200500050492,0005-08-17 13:45:00,5,8,17,13,45,60,88.0,"183, MADELEINE (BD DE LA",,,Plein jour,En agglomération,Hors intersection,Normale,Deux véhicules - frontale,,,,,,,,,,,1,2,1,1,1
200500050493,0005-08-17 16:45:00,5,8,17,16,45,60,88.0,"0, GRENOBLE (ROUTE DE)",,,Plein jour,En agglomération,Intersection en X,Normale,Deux véhicules - côté,,,,,,,,,,,1,2,2,1,3
200500050494,0005-08-17 19:00:00,5,8,17,19,0,60,88.0,"2, DESAMBROIS (AV.)",,,Plein jour,En agglomération,Hors intersection,Normale,Deux véhicules - côté,,,,,,,,,,,1,2,1,1,3