accident_id,datetime,annee,mois,jour,heure,minute,departement,commune_insee,adresse,latitude,longitude,luminosite,agglomeration,intersection,meteo,collision,nb_vehicules,nb_usagers,nb_indemnes,nb_tues,nb_blesses_hosp,nb_blesses_legers,age_cond_1,age_cond_2,veh_type_cond_1,veh_type_cond_2,lum_code,agg_code,int_code,atm_code,col_code
200500050756,0005-08-23 11:00:00,5,8,23,11,0,130,55.0,DE RABAT (TRAVERSE),,,Plein jour,En agglomération,Autre intersection,Normale,Autre collision,,,,,,,,,,,1,2,9,1,6
200500050757,0005-08-25 22:30:00,5,8,25,22,30,130,55.0,BRETEUIL (RUE),,,Nuit avec éclairage allumé,En agglomération,Intersection en X,Normale,Deux véhicules - côté,,,,,,,,,,,5,2,2,1,3
200500050758,0005-08-19 16:00:00,5,8,19,16,0,130,55.0,POLOGNE (PLACE),,,Plein jour,En agglomération,Giratoire,Normale,Deux véhicules - arrière,,,,,,,,,,,1,2,6,1,2
200500050759,0005-08-05 09:20:00,5,8,5,9,20,130,55.0,"4, ORAN (RUE D')",,,Plein jour,En agglomération,Hors intersection,Normale,Autre collision,,,,,,,,,,,1,2,1,1,6
200500050760,0005-08-05 07:50:00,5,8,5,7,50,130,55.0,"135, SAINT JEAN (CHEMIN)",,,Plein jour,En agglomération,Hors intersection,Normale,Autre collision,,,,,,,,,,,1,2,1,1,6
200500050761,0005-08-17 08:00:00,5,8,17,8,0,130,55.0,"51, JEANNE D'AR (BD)",,,Plein jour,En agglomération,Hors intersection,Normale,Autre collision,,,,,,,,,,,1,2,1,1,6
200500050762,0005-08-22 13:00:00,5,8,22,13,0,130,55.0,GEORGE (RUE),,,Plein jour,En agglomération,Hors intersection,Normale,Autre collision,,,,,,,,,,,1,2,1,1,6
200500050763,0005-08-16 09:25:00,5,8,16,9,25,130,55.0,JEAN DUSSERT (RUE),,,Plein jour,En agglomération,Intersection en X,Normale,Deux véhicules - côté,,,,,,,,,,,1,2,2,1,3
200500050764,0005-08-10 06:00:00,5,8,10,6,0,130,55.0,SEMBAT (RUE MARCEL),,,Crépuscule ou aube,En agglomération,Intersection en X,Normale,Autre collision,,,,,,,,,,,2,2,2,1,6
200500050765,0005-08-25 22:30:00,5,8,25,22,30,130,2.0,CARAMBOT (CHEMIN),,,Nuit avec éclairage allumé,En agglomération,Intersection en X,Normale,Sans collision,,,,,,,,,,,5,2,2,1,7
200500050766,0005-08-26 17:25:00,5,8,26,17,25,130,55.0,"37, ERNEST GASQUY (RUE)",,,Plein jour,En agglomération,Hors intersection,Normale,Deux véhicules - frontale,,,,,,,,,,,1,2,1,1,1
200500050767,0005-08-05 16:10:00,5,8,5,16,10,130,55.0,"04, MARECHAL FOCH (AVENU",,,Plein jour,En agglomération,Hors intersection,Normale,Autre collision,,,,,,,,,,,1,2,1,1,6
200500050768,0005-08-01 07:10:00,5,8,1,7,10,130,55.0,"04, MARECHAL JUIN (BD)",,,Plein jour,En agglomération,Intersection en X,Normale,Autre collision,,,,,,,,,,,1,2,2,1,6
200500050769,0005-08-24 18:55:00,5,8,24,18,55,130,55.0,"70, OLIVES (AVENUE DES)",,,Plein jour,En agglomération,Hors intersection,Normale,Deux véhicules - arrière,,,,,,,,,,,1,2,1,1,2
200500050770,0005-08-24 17:50:00,5,8,24,17,50,130,55.0,DU LAVERAN (AVENUE),,,Plein jour,En agglomération,Hors intersection,Normale,Autre collision,,,,,,,,,,,1,2,1,1,6
200500050771,0005-08-27 12:00:00,5,8,27,12,0,130,55.0,"22, SAKAKINI (BD)",,,Plein jour,En agglomération,Hors intersection,Pluie légère,Deux véhicules - arrière,,,,,,,,,,,1,2,1,2,2
200500050772,0005-08-16 17:00:00,5,8,16,17,0,130,55.0,CHARPENTIER (BD),,,Plein jour,En agglomération,Hors intersection,Normale,Autre collision,,,,,,,,,,,1,2,1,1,6
200500050773,0005-08-16 12:00:00,5,8,16,12,0,130,55.0,J.P SARTRE (AVENUE),,,Plein jour,En agglomération,Hors intersection,Normale,Trois véhicules et plus - en chaîne,,,,,,,,,,,1,2,1,1,4
200500050774,0005-08-12 16:15:00,5,8,12,16,15,130,55.0,NORMANDIE NIEMEN (AVENUE,,,Plein jour,En agglomération,Hors intersection,Normale,Autre collision,,,,,,,,,,,1,2,1,1,6
200500050775,0005-08-23 01:00:00,5,8,23,1,0,130,55.0,DE (ESCALIER),,,Nuit avec éclairage allumé,En agglomération,Autre intersection,Normale,Autre collision,,,,,,,,,,,5,2,9,1,6
200500050776,0005-08-12 15:30:00,5,8,12,15,30,130,55.0,"269, R SALENGRO (AVENUE)",,,Plein jour,En agglomération,Intersection en T,Normale,Deux véhicules - côté,,,,,,,,,,,1,2,3,1,3
200500050777,0005-08-19 07:20:00,5,8,19,7,20,130,55.0,ARMEE D'AFR (CHEMIN),,,Plein jour,En agglomération,Intersection en X,Normale,Autre collision,,,,,,,,,,,1,2,2,1,6
200500050778,0005-08-09 13:50:00,5,8,9,13,50,130,55.0,", DUPARC FRANCOISE (BD)",,,Plein jour,En agglomération,Hors intersection,Normale,Trois véhicules et plus - en chaîne,,,,,,,,,,,1,2,1,1,4
200500050779,0005-08-25 15:15:00,5,8,25,15,15,130,55.0,"14, PASTEUR (AVENUE)",,,Plein jour,En agglomération,Hors intersection,Normale,Deux véhicules - frontale,,,,,,,,,,,1,2,1,1,1
200500050780,0005-08-26 12:05:00,5,8,26,12,5,130,55.0,"1, CANEBIERE (LA)     1",,,Plein jour,En agglomération,Intersection en T,Normale,Deux véhicules - côté,,,,,,,,,,,1,2,3,1,3
200500050781,0005-08-24 13:45:00,5,8,24,13,45,130,55.0,"163, KE (CORNICHE)",,,Plein jour,En agglomération,Hors intersection,Normale,Deux véhicules - arrière,,,,,,,,,,,1,2,1,1,2
200500050782,0005-08-09 18:15:00,5,8,9,18,15,130,55.0,"147, SAINT LOUIS (AVENUE",,,Plein jour,En agglomération,Hors intersection,Normale,Sans collision,,,,,,,,,,,1,2,1,1,7
200500050783,0005-08-09 14:30:00,5,8,9,14,30,130,55.0,ZOCCOLA (AVENUE FELIX),,,Plein jour,En agglomération,Hors intersection,Normale,Sans collision,,,,,,,,,,,1,2,1,1,7
200500050784,0005-08-27 19:30:00,5,8,27,19,30,130,55.0,"11, METRO (BD DU)",,,Nuit avec éclairage allumé,En agglomération,Intersection en T,Normale,Deux véhicules - côté,,,,,,,,,,,5,2,3,1,3
200500050785,0005-08-29 15:15:00,5,8,29,15,15,130,55.0,"180, LIBERATION (BD)",,,Plein jour,En agglomération,Hors intersection,Normale,Deux véhicules - côté,,,,,,,,,,,1,2,1,1,3
200500050786,0005-08-19 18:30:00,5,8,19,18,30,130,55.0,SALVADOR ALLENDE (RUE),,,Plein jour,En agglomération,Hors intersection,Normale,Deux véhicules - arrière,,,,,,,,,,,1,2,1,1,2
200500050787,0005-08-11 16:15:00,5,8,11,16,15,130,55.0,JEANNE D'AR (BD),,,Plein jour,En agglomération,Intersection en X,Normale,Deux véhicules - côté,,,,,,,,,,,1,2,2,1,3
200500050788,0005-08-25 10:00:00,5,8,25,10,0,130,55.0,ROTONDE (BD),,,Plein jour,En agglomération,Hors intersection,Normale,Deux véhicules - côté,,,,,,,,,,,1,2,1,1,3
200500050789,0005-08-11 13:00:00,5,8,11,13,0,130,55.0,CHAVE (AVENUE),,,Plein jour,En agglomération,Hors intersection,Normale,Trois véhicules et plus - en chaîne,,,,,,,,,,,1,2,1,1,4
200500050790,0005-08-22 18:00:00,5,8,22,18,0,130,55.0,RAIMU (AVE),,,Plein jour,En agglomération,Intersection en X,Normale,Deux véhicules - côté,,,,,,,,,,,1,2,2,1,3
200500050791,0005-08-12 16:31:00,5,8,12,16,31,130,55.0,ARNAVON (AVENUE),,,Plein jour,En agglomération,Giratoire,Normale,Deux véhicules - arrière,,,,,,,,,,,1,2,6,1,2
200500050792,0005-08-17 16:30:00,5,8,17,16,30,130,55.0,"148, ROME (RUE DE)",,,Plein jour,En agglomération,Hors intersection,Normale,Deux véhicules - arrière,,,,,,,,,,,1,2,1,1,2
200500050793,0005-08-22 19:45:00,5,8,22,19,45,130,55.0,J.P SARTRE (AVENUE),,,Plein jour,En agglomération,Hors intersection,Normale,Deux véhicules - côté,,,,,,,,,,,1,2,1,1,3
200500050794,0005-08-16 15:00:00,5,8,16,15,0,130,55.0,"50, VOLTAIRE (BD)",,,Plein jour,En agglomération,Hors intersection,Normale,Autre collision,,,,,,,,,,,1,2,1,1,6
200500050795,0005-08-23 10:45:00,5,8,23,10,45,130,55.0,"27, PAUL COXE (RUE)",,,Plein jour,En agglomération,Hors intersection,Normale,Autre collision,,,,,,,,,,,1,2,1,1,6
200500050796,0005-08-29 11:10:00,5,8,29,11,10,130,55.0,"36, LIEUTAUD  (COURS 6EM",,,Plein jour,En agglomération,Hors intersection,Normale,Sans collision,,,,,,,,,,,1,2,1,1,7
200500050797,0005-08-02 15:00:00,5,8,2,15,0,130,55.0,FALQUE (RUE),,,Plein jour,En agglomération,Intersection en X,Normale,Deux véhicules - côté,,,,,,,,,,,1,2,2,1,3
200500050798,0005-08-31 08:40:00,5,8,31,8,40,130,55.0,FLOTTE (AVENUE GASTON DE,,,Plein jour,En agglomération,Hors intersection,Normale,Deux véhicules - arrière,,,,,,,,,,,1,2,1,1,2
200500050799,0005-08-29 09:00:00,5,8,29,9,0,130,55.0,LITTORAL (CHEMIN DU),,,Plein jour,En agglomération,Hors intersection,Normale,Deux véhicules - arrière,,,,,,,,,,,1,2,1,1,2
200500050800,0005-08-02 21:00:00,5,8,2,21,0,130,55.0,CANEBIERE (LA)     2 A 2,,,Nuit sans éclairage public,En agglomération,Hors intersection,Normale,Deux véhicules - arrière,,,,,,,,,,,3,2,1,1,2
200500050801,0005-08-24 17:10:00,5,8,24,17,10,130,55.0,CROIX ROUGE (AVENUE),,,Plein jour,En agglomération,Hors intersection,Normale,Autre collision,,,,,,,,,,,1,2,1,1,6
200500050802,0005-08-06 19:20:00,5,8,6,19,20,130,103.0,RN 113,,,Plein jour,Hors agglomération,Hors intersection,Normale,Deux véhicules - frontale,,,,,,,,,,,1,1,1,1,1
200500050803,0005-08-07 06:15:00,5,8,7,6,15,130,103.0,ROUTE D'ARLES-RN 113,,,Nuit sans éclairage public,Hors agglomération,Hors intersection,Normale,Sans collision,,,,,,,,,,,3,1,1,1,7
200500050804,0005-08-13 17:25:00,5,8,13,17,25,130,103.0,RN 113,,,Plein jour,Hors agglomération,Hors intersection,Normale,Deux véhicules - côté,,,,,,,,,,,1,1,1,1,3
200500050805,0005-08-16 22:35:00,5,8,16,22,35,130,103.0,"608, AVENUE DE LATTRE DE",,,Nuit avec éclairage allumé,En agglomération,Hors intersection,Normale,Autre collision,,,,,,,,,,,5,2,1,1,6
200500050806,0005-08-27 18:40:00,5,8,27,18,40,130,103.0,RN 113,,,Plein jour,Hors agglomération,Hors intersection,Normale,Trois véhicules et plus - en chaîne,,,,,,,,,,,1,1,1,1,4
200500050807,0005-08-31 10:05:00,5,8,31,10,5,130,103.0,"., AVENUE BOUCHAGA BOUAL",,,Plein jour,En agglomération,Hors intersection,Normale,Deux véhicules - frontale,,,,,,,,,,,1,2,1,1,1
200500050808,0005-08-11 21:18:00,5,8,11,21,18,130,108.0,GUYNEMER GEORGE (AVENUE),,,Nuit avec éclairage allumé,En agglomération,Intersection en X,Normale,Deux véhicules - côté,,,,,,,,,,,5,2,2,1,3
200500050809,0005-08-24 09:35:00,5,8,24,9,35,130,108.0,VALLABREGUES ( RD 81 ROU,,,Plein jour,En agglomération,Intersection en T,Normale,Deux véhicules - côté,,,,,,,,,,,1,2,3,1,3
200500050810,0005-08-05 22:05:00,5,8,5,22,5,130,117.0,"XX, 8 MAI 1945 (AVENUE)",,,Nuit avec éclairage allumé,En agglomération,Hors intersection,Normale,Deux véhicules - côté,,,,,,,,,,,5,2,1,1,3
200500050811,0005-08-06 18:25:00,5,8,6,18,25,130,117.0,"XX, CHEMIN DEPARTEMENTAL",,,Plein jour,En agglomération,Hors intersection,Vent fort / tempête,Autre collision,,,,,,,,,,,1,2,1,6,6
200500050812,0005-08-07 16:15:00,5,8,7,16,15,130,71.0,CHEMIN DEPARTEMENTAL 6 (,,,Plein jour,Hors agglomération,Hors intersection,Normale,Deux véhicules - côté,,,,,,,,,,,1,1,1,1,3
200500050813,0005-08-08 07:50:00,5,8,8,7,50,130,71.0,"XX, ROUTE NATIONALE 113",,,Plein jour,Hors agglomération,Intersection en T,Normale,Deux véhicules - côté,,,,,,,,,,,1,1,3,1,3
200500050814,0005-08-11 18:00:00,5,8,11,18,0,130,117.0,"xx, CASILE ( BOULEVARD A",,,Plein jour,En agglomération,Hors intersection,Normale,Deux véhicules - côté,,,,,,,,,,,1,2,1,1,3
200500050815,0005-08-16 20:55:00,5,8,16,20,55,130,71.0,VIEILLE ROUTE DE LA GAVO,,,Crépuscule ou aube,En agglomération,Hors intersection,Normale,Deux véhicules - côté,,,,,,,,,,,2,2,1,1,3
200500050816,0005-08-17 23:30:00,5,8,17,23,30,130,117.0,MONNET ( AVENUE JEAN ),,,Nuit avec éclairage allumé,En agglomération,Hors intersection,Pluie légère,Deux véhicules - frontale,,,,,,,,,,,5,2,1,2,1
200500050817,0005-08-26 20:45:00,5,8,26,20,45,130,117.0,CHEMIN DEPARTEMENTAL 9 (,,,Plein jour,Hors agglomération,Hors intersection,Normale,Autre collision,,,,,,,,,,,1,1,1,1,6
200500050818,0005-08-27 16:50:00,5,8,27,16,50,130,71.0,CHEMIN DEPARTEMENTAL 6 (,,,Plein jour,Hors agglomération,Hors intersection,Normale,Deux véhicules - côté,,,,,,,,,,,1,1,1,1,3
200500050819,0005-08-26 22:25:00,5,8,26,22,25,130,71.0,BOWLING (CHEMIN DES PENN,,,Nuit sans éclairage public,Hors agglomération,Hors intersection,Normale,Autre collision,,,,,,,,,,,3,1,1,1,6
200500050820,0005-08-02 11:05:00,5,8,2,11,5,140,437.0,"0, BLAIZOT (RUE CAMILLE)",,,Plein jour,En agglomération,Hors intersection,Normale,Autre collision,,,,,,,,,,,1,2,1,1,6
200500050821,0005-08-04 19:00:00,5,8,4,19,0,140,271.0,ECHANGEUR N° 11 ( SUISSE,,,Plein jour,Hors agglomération,Hors intersection,Normale,Deux véhicules - arrière,,,,,,,,,,,1,1,1,1,2
200500050822,0005-08-04 21:15:00,5,8,4,21,15,140,167.0,"2, PRESSENCE (RUE DE)",,,Plein jour,En agglomération,Hors intersection,Normale,Deux véhicules - côté,,,,,,,,,,,1,2,1,1,3
200500050823,0005-08-06 02:55:00,5,8,6,2,55,140,118.0,"0, CONQUERANT (RUE GUILL",,,Nuit avec éclairage allumé,En agglomération,Place,Normale,Deux véhicules - côté,,,,,,,,,,,5,2,7,1,3
200500050824,0005-08-06 16:20:00,5,8,6,16,20,140,118.0,"11, PARIS (AVENUE DE )",,,Plein jour,En agglomération,Hors intersection,Normale,Deux véhicules - côté,,,,,,,,,,,1,2,1,1,3
200500050825,0005-08-05 02:00:00,5,8,5,2,0,140,118.0,"0, BERTRAND (BOULEVARD)",,,Nuit avec éclairage allumé,En agglomération,Hors intersection,Normale,Autre collision,,,,,,,,,,,5,2,1,1,6
200500050826,0005-08-17 23:55:00,5,8,17,23,55,140,327.0,"0, VALEUSE (AVENUE DE LA",,,Nuit avec éclairage allumé,En agglomération,Hors intersection,Normale,Sans collision,,,,,,,,,,,5,2,1,1,7
200500050827,0005-08-06 17:10:00,5,8,6,17,10,140,167.0,"0, RIMBAUD (RUE ARTHUR)",,,Plein jour,En agglomération,Intersection en X,Normale,Deux véhicules - côté,,,,,,,,,,,1,2,2,1,3
200500050828,0005-08-10 19:20:00,5,8,10,19,20,140,118.0,"0, BAYEUX (RUE DE  >= 14",,,Plein jour,En agglomération,Hors intersection,Normale,Deux véhicules - côté,,,,,,,,,,,1,2,1,1,3
200500050829,0005-08-10 17:40:00,5,8,10,17,40,140,118.0,"0, JUIN (BOULEVARD MAREC",,,Plein jour,En agglomération,Hors intersection,Normale,Deux véhicules - côté,,,,,,,,,,,1,2,1,1,3
200500050830,0005-08-11 22:25:00,5,8,11,22,25,140,118.0,"0, ORNE (ROND POINT DE L",,,Nuit avec éclairage allumé,En agglomération,Autre intersection,Normale,Autre collision,,,,,,,,,,,5,2,9,1,6
200500050831,0005-08-12 13:05:00,5,8,12,13,5,140,437.0,"0, GEORGES CLAUDE (RUE))",,,Plein jour,En agglomération,Hors intersection,Normale,Trois véhicules et plus - en chaîne,,,,,,,,,,,1,2,1,1,4
200500050832,0005-08-16 12:10:00,5,8,16,12,10,140,118.0,"0, BICOQUET (RUE)",,,Plein jour,En agglomération,Intersection en X,Normale,Deux véhicules - côté,,,,,,,,,,,1,2,2,1,3
200500050833,0005-08-17 10:30:00,5,8,17,10,30,140,327.0,"0, TSUKUBA (AVENUE DE)",,,Plein jour,En agglomération,Intersection en X,Normale,Autre collision,,,,,,,,,,,1,2,2,1,6
200500050834,0005-08-15 15:05:00,5,8,15,15,5,140,301.0,"0, EGLISE (RUE DE L')",,,Plein jour,En agglomération,Hors intersection,Normale,Deux véhicules - arrière,,,,,,,,,,,1,2,1,1,2
200500050835,0005-08-17 16:10:00,5,8,17,16,10,140,437.0,"0, MENDES FRANCE  (AVENU",,,Plein jour,En agglomération,Hors intersection,Normale,Deux véhicules - arrière,,,,,,,,,,,1,2,1,1,2
200500050836,0005-08-19 18:00:00,5,8,19,18,0,140,118.0,"0, CALIX (VIADUC DE ) PA",,,Plein jour,En agglomération,Hors intersection,Temps couvert,Trois véhicules et plus - en chaîne,,,,,,,,,,,1,2,1,8,4
200500050837,0005-08-23 08:30:00,5,8,23,8,30,140,215.0,CD N°  226 (DE COLOMBELL,,,Plein jour,Hors agglomération,Hors intersection,Temps couvert,Deux véhicules - frontale,,,,,,,,,,,1,1,1,8,1
200500050838,0005-08-22 13:15:00,5,8,22,13,15,140,118.0,"0, TEINTURIERS (RUE DES)",,,Plein jour,En agglomération,Intersection en X,Temps couvert,Deux véhicules - côté,,,,,,,,,,,1,2,2,8,3
200500050839,0005-08-18 15:25:00,5,8,18,15,25,140,327.0,HENRI BECQUEREL (BOULEVA,,,Plein jour,En agglomération,Hors intersection,Normale,Deux véhicules - côté,,,,,,,,,,,1,2,1,1,3
200500050840,0005-08-25 14:00:00,5,8,25,14,0,140,437.0,"0, RN N° 175",,,Plein jour,En agglomération,Giratoire,Normale,Deux véhicules - côté,,,,,,,,,,,1,2,6,1,3
200500050841,0005-08-28 06:15:00,5,8,28,6,15,140,118.0,"0, MALTOT (RUE DE)",,,Crépuscule ou aube,En agglomération,Intersection en X,Normale,Deux véhicules - côté,,,,,,,,,,,2,2,2,1,3
200500050842,0005-08-29 16:05:00,5,8,29,16,5,140,341.0,"0, STADE (BOULEVARD DU)",,,Plein jour,En agglomération,Hors intersection,Normale,Deux véhicules - côté,,,,,,,,,,,1,2,1,1,3
200500050843,0005-08-29 19:35:00,5,8,29,19,35,140,118.0,"0, CORDAY (AVENUE CHARLO",,,Plein jour,En agglomération,Hors intersection,Normale,Autre collision,,,,,,,,,,,1,2,1,1,6
200500050844,0005-08-01 09:45:00,5,8,1,9,45,140,117.0,TULIPES (  AVENUE DES),,,Plein jour,En agglomération,Intersection en T,Temps couvert,Autre collision,,,,,,,,,,,1,2,3,8,6
200500050845,0005-08-09 10:05:00,5,8,9,10,5,140,117.0,BERTAUX LEVILLAIN (AVENU,,,Plein jour,En agglomération,Intersection en X,Normale,Deux véhicules - côté,,,,,,,,,,,1,2,2,1,3
200500050846,0005-08-15 12:50:00,5,8,15,12,50,140,117.0,"24, ALEXANDRE PIAT (AVEN",,,Plein jour,En agglomération,Intersection en T,Normale,Deux véhicules - côté,,,,,,,,,,,1,2,3,1,3
200500050847,0005-08-16 10:30:00,5,8,16,10,30,140,117.0,BAVENT (AVENUE DE),,,Plein jour,En agglomération,Intersection en X,Normale,Autre collision,,,,,,,,,,,1,2,2,1,6
200500050848,0005-08-07 12:05:00,5,8,7,12,5,140,304.0,D'AUBOEUF (LES MONTS),,,Plein jour,Hors agglomération,Intersection en X,Normale,Autre collision,,,,,,,,,,,1,1,2,1,6
200500050849,0005-08-19 21:35:00,5,8,19,21,35,140,1.0,BOURG (LE),,,Nuit avec éclairage allumé,En agglomération,Intersection en X,Normale,Deux véhicules - côté,,,,,,,,,,,5,2,2,1,3
200500050850,0005-08-22 18:20:00,5,8,22,18,20,140,366.0,"79, ROGER AINI (RUE)",,,Plein jour,En agglomération,Hors intersection,Pluie légère,Deux véhicules - frontale,,,,,,,,,,,1,2,1,2,1
200500050851,0005-08-27 17:50:00,5,8,27,17,50,140,366.0,"30, ROGER AINI (RUE)",,,Plein jour,En agglomération,Hors intersection,Normale,Autre collision,,,,,,,,,,,1,2,1,1,6
200500050852,0005-08-08 15:00:00,5,8,8,15,0,140,220.0,"03, REPUBLIQUE (AVENUE D",,,Plein jour,En agglomération,Hors intersection,Normale,Autre collision,,,,,,,,,,,1,2,1,1,6
200500050853,0005-08-10 21:15:00,5,8,10,21,15,140,220.0,CORNUCHE (BOULEVARD),,,Crépuscule ou aube,En agglomération,Hors intersection,Normale,Deux véhicules - côté,,,,,,,,,,,2,2,1,1,3
200500050854,0005-08-09 18:20:00,5,8,9,18,20,140,701.0,CD 275,,,Plein jour,Hors agglomération,Intersection en X,Normale,Trois véhicules et plus - collisions multiples,,,,,,,,,,,1,1,2,1,5
200500050855,0005-08-09 14:00:00,5,8,9,14,0,140,220.0,BRIQUETTERIE (CHEMIN DE,,,Plein jour,En agglomération,Intersection en T,Normale,Deux véhicules - arrière,,,,,,,,,,,1,2,3,1,2
200500050856,0005-08-17 11:50:00,5,8,17,11,50,150,12.0,JAURES (AVENUE JEAN),,,Plein jour,En agglomération,Intersection en X,Normale,Deux véhicules - côté,,,,,,,,,,,1,2,2,1,3
200500050857,0005-08-28 15:30:00,5,8,28,15,30,150,14.0,"127, TRONQUIERES (AVENUE",,,Plein jour,En agglomération,Giratoire,Normale,Deux véhicules - côté,,,,,,,,,,,1,2,6,1,3
200500050858,0005-08-05 15:50:00,5,8,5,15,50,170,299.0,"172990204, LA FAYETTE RU",,,Plein jour,En agglomération,Intersection en X,Normale,Sans collision,,,,,,,,,,,1,2,2,1,7
200500050859,0005-08-09 11:05:00,5,8,9,11,5,170,299.0,"172990125, DENFERT ROCHE",,,Plein jour,En agglomération,Hors intersection,Normale,Sans collision,,,,,,,,,,,1,2,1,1,7
200500050860,0005-08-12 17:30:00,5,8,12,17,30,170,299.0,"172990024, BACHELARD AVE",,,Plein jour,En agglomération,Giratoire,Normale,Deux véhicules - côté,,,,,,,,,,,1,2,6,1,3
200500050861,0005-08-17 10:45:00,5,8,17,10,45,170,299.0,"172990166, GAMBETTA RUE",,,Plein jour,En agglomération,Hors intersection,Normale,Sans collision,,,,,,,,,,,1,2,1,1,7
200500050862,0005-08-18 07:50:00,5,8,18,7,50,170,299.0,"172990270, ONZE NOVEMBRE",,,Plein jour,En agglomération,Intersection en X,Normale,Deux véhicules - côté,,,,,,,,,,,1,2,2,1,3
200500050863,0005-08-24 16:55:00,5,8,24,16,55,170,299.0,"172990303, POUZET BOULEV",,,Plein jour,En agglomération,Intersection en X,Normale,Deux véhicules - côté,,,,,,,,,,,1,2,2,1,3
200500050864,0005-08-31 19:45:00,5,8,31,19,45,170,449.0,"174490034, R.N. 137 ( TO",,,Plein jour,En agglomération,Giratoire,Normale,Deux véhicules - côté,,,,,,,,,,,1,2,6,1,3
200500050865,0005-08-03 17:40:00,5,8,3,17,40,170,300.0,MARILLAC   AVENUE,,,Plein jour,En agglomération,Hors intersection,Normale,Deux véhicules - arrière,,,,,,,,,,,1,2,1,1,2
200500050866,0005-08-05 21:00:00,5,8,5,21,0,170,300.0,"167, GUITON   AVENUE JEA",,,Plein jour,En agglomération,Hors intersection,Normale,Sans collision,,,,,,,,,,,1,2,1,1,7
200500050867,0005-08-07 12:05:00,5,8,7,12,5,170,300.0,"02, VERDUN   PLACE DE",,,Plein jour,En agglomération,Hors intersection,Normale,Autre collision,,,,,,,,,,,1,2,1,1,6
200500050868,0005-08-07 20:30:00,5,8,7,20,30,170,300.0,"200, CARNOT   AVENUE",,,Plein jour,En agglomération,Hors intersection,Normale,Deux véhicules - côté,,,,,,,,,,,1,2,1,1,3
200500050869,0005-08-05 11:55:00,5,8,5,11,55,170,300.0,118 PK RN137 JUSTICE ROC,,,Plein jour,Hors agglomération,Hors intersection,Normale,Deux véhicules - arrière,,,,,,,,,,,1,1,1,1,2
200500050870,0005-08-11 08:20:00,5,8,11,8,20,170,300.0,SARTRE   AVENUE JEAN-PAU,,,Plein jour,En agglomération,Hors intersection,Normale,Deux véhicules - côté,,,,,,,,,,,1,2,1,1,3
200500050871,0005-08-12 17:30:00,5,8,12,17,30,170,300.0,"62, COGNEHORS   BOULEVAR",,,Plein jour,En agglomération,Hors intersection,Normale,Trois véhicules et plus - en chaîne,,,,,,,,,,,1,2,1,1,4
200500050872,0005-08-13 10:35:00,5,8,13,10,35,170,300.0,"43, NORMANDIN   RUE EMIL",,,Plein jour,En agglomération,Hors intersection,Normale,Deux véhicules - côté,,,,,,,,,,,1,2,1,1,3
200500050873,0005-08-13 15:45:00,5,8,13,15,45,170,300.0,33 PK RN11 NANTES ROCADE,,,Plein jour,Hors agglomération,Hors intersection,Normale,Trois véhicules et plus - en chaîne,,,,,,,,,,,1,1,1,1,4
200500050874,0005-08-15 09:55:00,5,8,15,9,55,170,300.0,"10, DELMAS   AVENUE MAUR",,,Plein jour,En agglomération,Hors intersection,Normale,Deux véhicules - côté,,,,,,,,,,,1,2,1,1,3
200500050875,0005-08-12 10:00:00,5,8,12,10,0,170,300.0,"163, GUITON   AVENUE JEA",,,Plein jour,En agglomération,Hors intersection,Normale,Deux véhicules - côté,,,,,,,,,,,1,2,1,1,3
200500050876,0005-08-13 15:46:00,5,8,13,15,46,170,300.0,NORMANDIN   RUE EMILE,,,Plein jour,En agglomération,Hors intersection,Normale,Sans collision,,,,,,,,,,,1,2,1,1,7
200500050877,0005-08-16 17:05:00,5,8,16,17,5,170,300.0,"00, HAUTIER   AVENUE HEN",,,Plein jour,En agglomération,Hors intersection,Normale,Autre collision,,,,,,,,,,,1,2,1,1,6
200500050878,0005-08-17 10:30:00,5,8,17,10,30,170,300.0,"64, THIERS   RUE",,,Plein jour,En agglomération,Intersection en X,Normale,Deux véhicules - côté,,,,,,,,,,,1,2,2,1,3
200500050879,0005-08-18 13:00:00,5,8,18,13,0,170,300.0,"205, NORMANDIN   RUE EMI",,,Plein jour,En agglomération,Hors intersection,Normale,Deux véhicules - côté,,,,,,,,,,,1,2,1,1,3
200500050880,0005-08-19 21:10:00,5,8,19,21,10,170,300.0,"71, SAUTEL  BOULEVARD AN",,,Plein jour,En agglomération,Hors intersection,Normale,Autre collision,,,,,,,,,,,1,2,1,1,6
200500050881,0005-08-21 02:30:00,5,8,21,2,30,170,300.0,"140, JOFFRE   BOULEVARD",,,Nuit avec éclairage non allumé,En agglomération,Hors intersection,Normale,Autre collision,,,,,,,,,,,4,2,1,1,6
200500050882,0005-08-22 12:20:00,5,8,22,12,20,170,300.0,"282, GUITON   AVENUE JEA",,,Plein jour,En agglomération,Hors intersection,Normale,Deux véhicules - côté,,,,,,,,,,,1,2,1,1,3
200500050883,0005-08-25 16:00:00,5,8,25,16,0,170,300.0,SARTRE   AVENUE JEAN-PAU,,,Plein jour,En agglomération,Hors intersection,Normale,Deux véhicules - arrière,,,,,,,,,,,1,2,1,1,2
200500050884,0005-08-25 17:15:00,5,8,25,17,15,170,300.0,DAME HILAIRE   COURS,,,Plein jour,En agglomération,Hors intersection,Normale,Autre collision,,,,,,,,,,,1,2,1,1,6
200500050885,0005-08-26 11:50:00,5,8,26,11,50,170,300.0,"8, LISBONNE   AVENUE DE",,,Plein jour,En agglomération,Autre intersection,Normale,Autre collision,,,,,,,,,,,1,2,9,1,6
200500050886,0005-08-26 14:55:00,5,8,26,14,55,170,300.0,REMPARTS   CHEMIN DES,,,Plein jour,En agglomération,Hors intersection,Normale,Autre collision,,,,,,,,,,,1,2,1,1,6