accident_id,datetime,annee,mois,jour,heure,minute,departement,commune_insee,adresse,latitude,longitude,luminosite,agglomeration,intersection,meteo,collision,nb_vehicules,nb_usagers,nb_indemnes,nb_tues,nb_blesses_hosp,nb_blesses_legers,age_cond_1,age_cond_2,veh_type_cond_1,veh_type_cond_2,lum_code,agg_code,int_code,atm_code,col_code
200500051017,0005-08-07 16:55:00,5,8,7,16,55,260,362.0,"sans n, VILLARD RUE MARI",,,Plein jour,En agglomération,Intersection en X,Normale,Autre collision,,,,,,,,,,,1,2,2,1,6
200500051018,0005-08-10 22:52:00,5,8,10,22,52,260,362.0,"81, FAVENTINES RUE",,,Nuit avec éclairage allumé,En agglomération,Hors intersection,Normale,Sans collision,,,,,,,,,,,5,2,1,1,7
200500051019,0005-08-13 11:58:00,5,8,13,11,58,260,58.0,L.A.C.R.A RN7 (BLV),,,Plein jour,Hors agglomération,Hors intersection,Normale,Deux véhicules - arrière,,,,,,,,,,,1,1,1,1,2
200500051020,0005-08-19 19:30:00,5,8,19,19,30,260,58.0,"2, SAINT MARC AVENUE JEA",,,Plein jour,En agglomération,Intersection en Y,Normale,Deux véhicules - côté,,,,,,,,,,,1,2,4,1,3
200500051021,0005-08-24 11:30:00,5,8,24,11,30,260,362.0,"sans n, CHANTECOURIOL RU",,,Plein jour,En agglomération,Hors intersection,Normale,Autre collision,,,,,,,,,,,1,2,1,1,6
200500051022,0005-08-29 17:25:00,5,8,29,17,25,260,362.0,"75, CHATEAUVERT RUE (302",,,Plein jour,En agglomération,Hors intersection,Normale,Deux véhicules - arrière,,,,,,,,,,,1,2,1,1,2
200500051023,0005-08-30 01:50:00,5,8,30,1,50,260,362.0,"sans n, PERRIN RUE JEAN",,,Nuit avec éclairage allumé,En agglomération,Hors intersection,Normale,Deux véhicules - frontale,,,,,,,,,,,5,2,1,1,1
200500051024,0005-08-17 20:35:00,5,8,17,20,35,260,58.0,"sans n, CHATEAUNEUF SUR",,,Plein jour,En agglomération,Hors intersection,Normale,Sans collision,,,,,,,,,,,1,2,1,1,7
200500051025,0005-08-31 17:45:00,5,8,31,17,45,260,362.0,"53, CARNOT AVENUE SADI",,,Plein jour,En agglomération,Intersection en T,Normale,Deux véhicules - côté,,,,,,,,,,,1,2,3,1,3
200500051026,0005-08-31 00:05:00,5,8,31,0,5,260,362.0,"sans n, BEAUVALLON ROUTE",,,Nuit sans éclairage public,Hors agglomération,Hors intersection,Normale,Sans collision,,,,,,,,,,,3,1,1,1,7
200500051027,0005-08-28 11:45:00,5,8,28,11,45,260,362.0,"sans n°, CHAFFIT CHEMIN",,,Plein jour,En agglomération,Autre intersection,Normale,Deux véhicules - côté,,,,,,,,,,,1,2,9,1,3
200500051028,0005-08-07 19:40:00,5,8,7,19,40,270,229.0,"43, GAMBETTA (BOULEVARD)",,,Plein jour,En agglomération,Hors intersection,Normale,Autre collision,,,,,,,,,,,1,2,1,1,6
200500051029,0005-08-29 23:10:00,5,8,29,23,10,270,229.0,"13, QUINCONCES (RUE DES)",,,Nuit avec éclairage allumé,En agglomération,Hors intersection,Normale,Deux véhicules - côté,,,,,,,,,,,5,2,1,1,3
200500051030,0005-08-30 11:30:00,5,8,30,11,30,270,229.0,"25, ARTOIS (RUE D')",,,Plein jour,En agglomération,Intersection en T,Normale,Autre collision,,,,,,,,,,,1,2,3,1,6
200500051031,0005-08-05 21:35:00,5,8,5,21,35,270,375.0,"0, NORMANDIE (AVENUE DE)",,,Nuit avec éclairage allumé,En agglomération,Hors intersection,Normale,Deux véhicules - côté,,,,,,,,,,,5,2,1,1,3
200500051032,0005-08-08 12:25:00,5,8,8,12,25,270,375.0,"0, VACHERIE (ROUTE DE LA",,,Plein jour,En agglomération,Hors intersection,Normale,Deux véhicules - frontale,,,,,,,,,,,1,2,1,1,1
200500051033,0005-08-08 16:05:00,5,8,8,16,5,270,375.0,"2, JUSTICE (ALLEE DE LA",,,Plein jour,En agglomération,Intersection en T,Normale,Deux véhicules - côté,,,,,,,,,,,1,2,3,1,3
200500051034,0005-08-13 05:15:00,5,8,13,5,15,270,375.0,JAURES (PLACE JEAN),,,Crépuscule ou aube,En agglomération,Hors intersection,Normale,Deux véhicules - arrière,,,,,,,,,,,2,2,1,1,2
200500051035,0005-08-16 10:00:00,5,8,16,10,0,270,375.0,"1, LECLERC (AVENUE DU ML",,,Plein jour,En agglomération,Intersection en X,Normale,Deux véhicules - côté,,,,,,,,,,,1,2,2,1,3
200500051036,0005-08-16 17:25:00,5,8,16,17,25,270,701.0,"0, FALAISES (ROUTE DES)",,,Plein jour,En agglomération,Hors intersection,Normale,Deux véhicules - arrière,,,,,,,,,,,1,2,1,1,2
200500051037,0005-08-20 22:45:00,5,8,20,22,45,270,701.0,SABLONS (RUE DES),,,Nuit sans éclairage public,Hors agglomération,Intersection en X,Normale,Deux véhicules - frontale,,,,,,,,,,,3,1,2,1,1
200500051038,0005-08-29 05:40:00,5,8,29,5,40,270,375.0,VACHERIE (ROUTE DE LA),,,Crépuscule ou aube,Hors agglomération,Hors intersection,Normale,Sans collision,,,,,,,,,,,2,1,1,1,7
200500051039,0005-08-31 10:10:00,5,8,31,10,10,270,375.0,NEUBOURG N°54 (CHEMIN DU,,,Plein jour,En agglomération,Hors intersection,Normale,Deux véhicules - côté,,,,,,,,,,,1,2,1,1,3
200500051040,0005-08-09 18:30:00,5,8,9,18,30,270,681.0,TOUFFLET (SENTE),,,Plein jour,Hors agglomération,Hors intersection,Normale,Deux véhicules - côté,,,,,,,,,,,1,1,1,1,3
200500051041,0005-08-22 18:40:00,5,8,22,18,40,270,681.0,SAINT LOUIS (RUE),,,Plein jour,En agglomération,Autre intersection,Pluie légère,Deux véhicules - côté,,,,,,,,,,,1,2,9,2,3
200500051042,0005-08-31 14:50:00,5,8,31,14,50,270,554.0,ROUEN (AVENUE DE),,,Plein jour,En agglomération,Hors intersection,Normale,Deux véhicules - arrière,,,,,,,,,,,1,2,1,1,2
200500051043,0005-08-02 20:05:00,5,8,2,20,5,280,85.0,"SANS, DROUAISE (PLACE)",,,Plein jour,En agglomération,Place,Normale,Deux véhicules - côté,,,,,,,,,,,1,2,7,1,3
200500051044,0005-08-02 23:40:00,5,8,2,23,40,280,85.0,"53, ORLEANS (AVENUE D')",,,Nuit avec éclairage allumé,En agglomération,Hors intersection,Normale,Autre collision,,,,,,,,,,,5,2,1,1,6
200500051045,0005-08-20 09:42:00,5,8,20,9,42,280,229.0,"SANS, D939",,,Plein jour,En agglomération,Hors intersection,Temps couvert,Autre collision,,,,,,,,,,,1,2,1,8,6
200500051046,0005-08-22 13:40:00,5,8,22,13,40,280,85.0,"SANS, EIFFEL (RUE GUSTAV",,,Plein jour,En agglomération,Intersection en T,Normale,Deux véhicules - côté,,,,,,,,,,,1,2,3,1,3
200500051047,0005-08-01 20:00:00,5,8,1,20,0,280,134.0,KENNEDY (AVENUE DU PRESI,,,Crépuscule ou aube,En agglomération,Intersection en X,Normale,Deux véhicules - côté,,,,,,,,,,,2,2,2,1,3
200500051048,0005-08-22 19:45:00,5,8,22,19,45,280,98.0,RN 12 (PONT),,,Crépuscule ou aube,Hors agglomération,Intersection en T,Pluie légère,Autre collision,,,,,,,,,,,2,1,3,2,6
200500051049,0005-08-23 10:50:00,5,8,23,10,50,280,404.0,ROCADE OUEST,,,Plein jour,Hors agglomération,Hors intersection,Pluie légère,Autre collision,,,,,,,,,,,1,1,1,2,6
200500051050,0005-08-29 15:25:00,5,8,29,15,25,280,134.0,LIVRAINDIERES (RUE DES),,,Plein jour,En agglomération,Place,Normale,Autre collision,,,,,,,,,,,1,2,7,1,6
200500051051,0005-08-03 09:18:00,5,8,3,9,18,290,19.0,"., MOULIN JEAN (SANS N°",,,Plein jour,En agglomération,Hors intersection,Normale,Deux véhicules - frontale,,,,,,,,,,,1,2,1,1,1
200500051052,0005-08-05 09:05:00,5,8,5,9,5,290,19.0,"., PREMIERE DFL (AVENUE)",,,Plein jour,En agglomération,Giratoire,Pluie légère,Deux véhicules - côté,,,,,,,,,,,1,2,6,2,3
200500051053,0005-08-06 16:05:00,5,8,6,16,5,290,19.0,"., PLANTE GASTON",,,Plein jour,En agglomération,Hors intersection,Normale,Autre collision,,,,,,,,,,,1,2,1,1,6
200500051054,0005-08-07 11:10:00,5,8,7,11,10,290,19.0,PEN AR CH'LEUZ (ROND POI,,,Plein jour,En agglomération,Giratoire,Normale,Sans collision,,,,,,,,,,,1,2,6,1,7
200500051055,0005-08-10 03:10:00,5,8,10,3,10,290,19.0,"., LE GORGEU (N°29 (TOTA",,,Nuit avec éclairage allumé,En agglomération,Hors intersection,Normale,Autre collision,,,,,,,,,,,5,2,1,1,6
200500051056,0005-08-14 04:55:00,5,8,14,4,55,290,19.0,"52, DOURJACQ",,,Nuit avec éclairage allumé,En agglomération,Hors intersection,Pluie légère,Autre collision,,,,,,,,,,,5,2,1,2,6
200500051057,0005-08-15 21:53:00,5,8,15,21,53,290,19.0,"3, BEAUMANOIR",,,Crépuscule ou aube,En agglomération,Intersection en X,Normale,Deux véhicules - côté,,,,,,,,,,,2,2,2,1,3
200500051058,0005-08-20 21:30:00,5,8,20,21,30,290,19.0,"., DANTON",,,Crépuscule ou aube,En agglomération,Intersection en X,Normale,Deux véhicules - côté,,,,,,,,,,,2,2,2,1,3
200500051059,0005-08-22 09:45:00,5,8,22,9,45,290,19.0,", NANTES",,,Plein jour,En agglomération,Intersection en X,Normale,Deux véhicules - côté,,,,,,,,,,,1,2,2,1,3
200500051060,0005-08-23 12:35:00,5,8,23,12,35,290,19.0,"., MESDOUN",,,Plein jour,En agglomération,Intersection en X,Normale,Deux véhicules - côté,,,,,,,,,,,1,2,2,1,3
200500051061,0005-08-24 16:50:00,5,8,24,16,50,290,19.0,"., RD 205",,,Plein jour,En agglomération,Giratoire,Pluie forte,Deux véhicules - arrière,,,,,,,,,,,1,2,6,3,2
200500051062,0005-08-27 11:35:00,5,8,27,11,35,290,19.0,"., HERMITAGE (ROND POINT",,,Plein jour,En agglomération,Giratoire,Normale,Deux véhicules - côté,,,,,,,,,,,1,2,6,1,3
200500051063,0005-08-27 11:45:00,5,8,27,11,45,290,19.0,"., SEBASTOPOL",,,Plein jour,En agglomération,Hors intersection,Normale,Autre collision,,,,,,,,,,,1,2,1,1,6
200500051064,0005-08-29 12:50:00,5,8,29,12,50,290,19.0,"., KERJEGU MONTJARET DE",,,Plein jour,En agglomération,Hors intersection,Normale,Deux véhicules - arrière,,,,,,,,,,,1,2,1,1,2
200500051065,0005-08-03 15:00:00,5,8,3,15,0,290,39.0,CD 70,,,Plein jour,Hors agglomération,Autre intersection,Normale,Deux véhicules - côté,,,,,,,,,,,1,1,9,1,3
200500051066,0005-08-31 17:00:00,5,8,31,17,0,290,39.0,"8, LE LAY ( AVENUE ALAIN",,,Plein jour,En agglomération,Hors intersection,Normale,Autre collision,,,,,,,,,,,1,2,1,1,6
200500051067,0005-08-18 16:15:00,5,8,18,16,15,290,151.0,CIRCONSCRIPTION,,,Plein jour,Hors agglomération,Intersection en X,Normale,Deux véhicules - côté,,,,,,,,,,,1,1,2,1,3
200500051068,0005-08-02 18:35:00,5,8,2,18,35,290,232.0,", CREAC' H GWEN BOULEVAR",,,Plein jour,Hors agglomération,Hors intersection,Normale,Autre collision,,,,,,,,,,,1,1,1,1,6
200500051069,0005-08-20 00:30:00,5,8,20,0,30,290,51.0,LANDUDAL,,,Nuit sans éclairage public,Hors agglomération,Hors intersection,Normale,Deux véhicules - frontale,,,,,,,,,,,3,1,1,1,1
200500051070,0005-08-24 05:25:00,5,8,24,5,25,290,232.0,BENODET ROUTE DE,,,Nuit sans éclairage public,Hors agglomération,Hors intersection,Normale,Autre collision,,,,,,,,,,,3,1,1,1,6
200500051071,0005-08-26 16:20:00,5,8,26,16,20,290,232.0,BREST ROUTE DE,,,Plein jour,En agglomération,Hors intersection,Normale,Deux véhicules - frontale,,,,,,,,,,,1,2,1,1,1
200500051072,0005-08-30 08:35:00,5,8,30,8,35,290,232.0,PLOGONNEC ROUTE DE,,,Plein jour,Hors agglomération,Hors intersection,Normale,Deux véhicules - frontale,,,,,,,,,,,1,1,1,1,1
200500051073,0005-08-10 12:50:00,5,8,10,12,50,300,7.0,GOUBERT (AVE DOCTEUR JEA,,,Plein jour,En agglomération,Autre intersection,Normale,Deux véhicules - frontale,,,,,,,,,,,1,2,9,1,1
200500051074,0005-08-02 19:50:00,5,8,2,19,50,300,7.0,"., GIBERTINE (AVE DE LA)",,,Plein jour,En agglomération,Hors intersection,Normale,Deux véhicules - arrière,,,,,,,,,,,1,2,1,1,2
200500051075,0005-08-06 14:20:00,5,8,6,14,20,300,243.0,"., GAULLE (AVENUE DU GAL",,,Plein jour,Hors agglomération,Hors intersection,Normale,Trois véhicules et plus - collisions multiples,,,,,,,,,,,1,1,1,1,5
200500051076,0005-08-03 10:50:00,5,8,3,10,50,300,28.0,VIGAN BRAQUET (AVENUE DU,,,Plein jour,Hors agglomération,Intersection en X,Normale,Deux véhicules - côté,,,,,,,,,,,1,1,2,1,3
200500051077,0005-08-03 15:30:00,5,8,3,15,30,300,28.0,ROUTE DE PONT SAINT ESPR,,,Plein jour,Hors agglomération,Hors intersection,Normale,Trois véhicules et plus - collisions multiples,,,,,,,,,,,1,1,1,1,5
200500051078,0005-08-09 08:30:00,5,8,9,8,30,300,28.0,BORDELET (AVENUE DU),,,Plein jour,En agglomération,Intersection en X,Normale,Deux véhicules - côté,,,,,,,,,,,1,2,2,1,3
200500051079,0005-08-10 09:45:00,5,8,10,9,45,300,28.0,JEAN MOULIN (RUE),,,Plein jour,En agglomération,Intersection en X,Normale,Deux véhicules - côté,,,,,,,,,,,1,2,2,1,3
200500051080,0005-08-10 17:20:00,5,8,10,17,20,300,28.0,EUROPE (AVENUE DE L'),,,Plein jour,En agglomération,Hors intersection,Normale,Autre collision,,,,,,,,,,,1,2,1,1,6
200500051081,0005-08-16 18:40:00,5,8,16,18,40,300,28.0,GOURDON (AVENUE ROBERT),,,Plein jour,En agglomération,Hors intersection,Normale,Deux véhicules - côté,,,,,,,,,,,1,2,1,1,3
200500051082,0005-08-22 18:10:00,5,8,22,18,10,300,28.0,ROUTE DE PONT SAINT ESPR,,,Plein jour,En agglomération,Hors intersection,Normale,Trois véhicules et plus - collisions multiples,,,,,,,,,,,1,2,1,1,5
200500051083,0005-08-27 21:55:00,5,8,27,21,55,300,32.0,ROUTE DE BELLEGARDE (C.D,,,Nuit sans éclairage public,Hors agglomération,Hors intersection,Normale,Sans collision,,,,,,,,,,,3,1,1,1,7
200500051084,0005-08-02 07:17:00,5,8,2,7,17,300,189.0,"., ROUQUAIROL (ROUTE)",,,Plein jour,Hors agglomération,Hors intersection,Pluie légère,Autre collision,,,,,,,,,,,1,1,1,2,6
200500051085,0005-08-04 17:56:00,5,8,4,17,56,300,189.0,BEAUCAIRE (ROUTE),,,Plein jour,Hors agglomération,Hors intersection,Normale,Sans collision,,,,,,,,,,,1,1,1,1,7
200500051086,0005-08-07 05:00:00,5,8,7,5,0,300,189.0,".., ALES (ROUTE)",,,Plein jour,Hors agglomération,Hors intersection,Normale,Deux véhicules - frontale,,,,,,,,,,,1,1,1,1,1
200500051087,0005-08-08 16:30:00,5,8,8,16,30,300,189.0,"., PRAGUE (BOULEVARD)",,,Plein jour,En agglomération,Hors intersection,Normale,Deux véhicules - arrière,,,,,,,,,,,1,2,1,1,2
200500051088,0005-08-09 15:40:00,5,8,9,15,40,300,189.0,"6699, SAUVE (ROUTE)",,,Plein jour,Hors agglomération,Hors intersection,Normale,Autre collision,,,,,,,,,,,1,1,1,1,6
200500051089,0005-08-09 13:57:00,5,8,9,13,57,300,189.0,MONT DU PLAN (CHEMIN DE,,,Plein jour,En agglomération,Hors intersection,Normale,Deux véhicules - frontale,,,,,,,,,,,1,2,1,1,1
200500051090,0005-08-10 06:44:00,5,8,10,6,44,300,189.0,", ALLENDE SALVADOR (RUE)",,,Crépuscule ou aube,En agglomération,Hors intersection,Normale,Deux véhicules - frontale,,,,,,,,,,,2,2,1,1,1
200500051091,0005-08-10 15:09:00,5,8,10,15,9,300,189.0,"., FRANCAIS LIBRES (BD)",,,Plein jour,En agglomération,Hors intersection,Normale,Deux véhicules - arrière,,,,,,,,,,,1,2,1,1,2
200500051092,0005-08-11 01:55:00,5,8,11,1,55,300,189.0,"., BEAUCAIRE (ROUTE)",,,Nuit avec éclairage allumé,Hors agglomération,Intersection en T,Pluie légère,Deux véhicules - côté,,,,,,,,,,,5,1,3,2,3
200500051093,0005-08-12 12:04:00,5,8,12,12,4,300,189.0,"., REINACH SALOMON (RUE)",,,Plein jour,En agglomération,Giratoire,Normale,Deux véhicules - côté,,,,,,,,,,,1,2,6,1,3
200500051094,0005-08-13 12:20:00,5,8,13,12,20,300,189.0,"., baillet claude",,,Plein jour,En agglomération,Hors intersection,Normale,Autre collision,,,,,,,,,,,1,2,1,1,6
200500051095,0005-08-13 07:05:00,5,8,13,7,5,300,189.0,"., GAMBETTA (BD)",,,Plein jour,En agglomération,Intersection à plus de 4 branches,Normale,Deux véhicules - côté,,,,,,,,,,,1,2,5,1,3
200500051096,0005-08-13 22:46:00,5,8,13,22,46,300,189.0,"55, BEAUCAIRE (ROUTE)",,,Nuit avec éclairage allumé,En agglomération,Hors intersection,Normale,Deux véhicules - arrière,,,,,,,,,,,5,2,1,1,2
200500051097,0005-08-14 05:45:00,5,8,14,5,45,300,189.0,UZES (ROUTE D'),,,Nuit sans éclairage public,Hors agglomération,Hors intersection,Normale,Autre collision,,,,,,,,,,,3,1,1,1,6
200500051098,0005-08-16 04:37:00,5,8,16,4,37,300,189.0,"., MONTPELLIER (ROUTE DE",,,Nuit avec éclairage allumé,En agglomération,Hors intersection,Normale,Deux véhicules - côté,,,,,,,,,,,5,2,1,1,3
200500051099,0005-08-16 10:24:00,5,8,16,10,24,300,189.0,"138, AVIGNON (ROUTE)",,,Plein jour,En agglomération,Hors intersection,Normale,Autre collision,,,,,,,,,,,1,2,1,1,6
200500051100,0005-08-16 16:09:00,5,8,16,16,9,300,189.0,"., ALLENDE SALVADOR (RUE",,,Plein jour,Hors agglomération,Hors intersection,Normale,Deux véhicules - arrière,,,,,,,,,,,1,1,1,1,2
200500051101,0005-08-21 12:22:00,5,8,21,12,22,300,189.0,"., VERDUN (RUE)",,,Plein jour,En agglomération,Hors intersection,Normale,Deux véhicules - côté,,,,,,,,,,,1,2,1,1,3
200500051102,0005-08-22 16:43:00,5,8,22,16,43,300,189.0,"., GAMEL PIERRE (AVENUE)",,,Plein jour,En agglomération,Hors intersection,Normale,Autre collision,,,,,,,,,,,1,2,1,1,6
200500051103,0005-08-23 13:40:00,5,8,23,13,40,300,189.0,"., TERRAUBE (RUE)",,,Plein jour,En agglomération,Intersection en X,Normale,Deux véhicules - côté,,,,,,,,,,,1,2,2,1,3
200500051104,0005-08-23 18:04:00,5,8,23,18,4,300,189.0,"1, LECLERC GENERAL (AVEN",,,Plein jour,En agglomération,Hors intersection,Normale,Deux véhicules - côté,,,,,,,,,,,1,2,1,1,3
200500051105,0005-08-24 10:26:00,5,8,24,10,26,300,189.0,"., BEAUCAIRE (ROUTE)",,,Plein jour,Hors agglomération,Hors intersection,Normale,Deux véhicules - arrière,,,,,,,,,,,1,1,1,1,2
200500051106,0005-08-23 18:00:00,5,8,23,18,0,300,189.0,"., UZES (ROUTE D')",,,Plein jour,En agglomération,Hors intersection,Normale,Deux véhicules - arrière,,,,,,,,,,,1,2,1,1,2
200500051107,0005-08-25 10:02:00,5,8,25,10,2,300,189.0,"., BOURDALOUE (RUE)",,,Plein jour,En agglomération,Intersection en X,Normale,Deux véhicules - côté,,,,,,,,,,,1,2,2,1,3
200500051108,0005-08-25 12:55:00,5,8,25,12,55,300,189.0,", LULLI (RUE)",,,Plein jour,En agglomération,Autre intersection,Normale,Deux véhicules - côté,,,,,,,,,,,1,2,9,1,3
200500051109,0005-08-26 02:05:00,5,8,26,2,5,300,189.0,"17, CITE FOULC (RUE)",,,Nuit avec éclairage allumé,En agglomération,Hors intersection,Normale,Autre collision,,,,,,,,,,,5,2,1,1,6
200500051110,0005-08-25 16:09:00,5,8,25,16,9,300,189.0,"., UZES (ROUTE D')",,,Plein jour,En agglomération,Hors intersection,Normale,Deux véhicules - arrière,,,,,,,,,,,1,2,1,1,2
200500051111,0005-08-30 17:03:00,5,8,30,17,3,300,189.0,"173, BEAUCAIRE (ROUTE)",,,Plein jour,En agglomération,Hors intersection,Normale,Deux véhicules - côté,,,,,,,,,,,1,2,1,1,3
200500051112,0005-08-31 21:50:00,5,8,31,21,50,300,189.0,"., ALLENDE SALVADOR (RUE",,,Nuit avec éclairage allumé,Hors agglomération,Hors intersection,Normale,Autre collision,,,,,,,,,,,5,1,1,1,6
200500051113,0005-08-06 18:20:00,5,8,6,18,20,310,69.0,"21, PARC (AV DU)",,,Plein jour,En agglomération,Intersection en X,Normale,Deux véhicules - frontale,,,,,,,,,,,1,2,2,1,1
200500051114,0005-08-25 10:25:00,5,8,25,10,25,310,69.0,"4, MATISSE (RUE HENRI)",,,Plein jour,En agglomération,Hors intersection,Normale,Deux véhicules - côté,,,,,,,,,,,1,2,1,1,3
200500051115,0005-08-04 09:35:00,5,8,4,9,35,310,565.0,"0285, SAINT PLANCARD ( A",,,Plein jour,En agglomération,Hors intersection,Normale,Deux véhicules - côté,,,,,,,,,,,1,2,1,1,3
200500051116,0005-08-07 04:50:00,5,8,7,4,50,310,565.0,"2, HUGO VICTOR (RUE)",,,Nuit avec éclairage allumé,En agglomération,Hors intersection,Normale,Autre collision,,,,,,,,,,,5,2,1,1,6
200500051117,0005-08-07 06:45:00,5,8,7,6,45,310,565.0,"39, JOFFRE (AVENUE DU MA",,,Crépuscule ou aube,En agglomération,Hors intersection,Normale,Autre collision,,,,,,,,,,,2,2,1,1,6
200500051118,0005-08-12 19:00:00,5,8,12,19,0,310,483.0,ETANCELIN PHILIPPE (RUE),,,Plein jour,Hors agglomération,Intersection en T,Temps éblouissant,Deux véhicules - côté,,,,,,,,,,,1,1,3,7,3
200500051119,0005-08-15 16:30:00,5,8,15,16,30,310,565.0,"22, ARRIEU ANSELME (AVEN",,,Plein jour,En agglomération,Intersection en X,Normale,Deux véhicules - côté,,,,,,,,,,,1,2,2,1,3
200500051120,0005-08-24 14:38:00,5,8,24,14,38,310,565.0,"1, GARONNE (RUE DE LA)",,,Plein jour,En agglomération,Place,Normale,Autre collision,,,,,,,,,,,1,2,7,1,6
200500051121,0005-08-01 20:50:00,5,8,1,20,50,310,555.0,"17, MINIMES (AV DES) DU",,,Nuit avec éclairage allumé,En agglomération,Hors intersection,Normale,Deux véhicules - côté,,,,,,,,,,,5,2,1,1,3
200500051122,0005-08-02 13:25:00,5,8,2,13,25,310,555.0,"2, BOUILLIERE (PL EDOUAR",,,Plein jour,En agglomération,Hors intersection,Normale,Autre collision,,,,,,,,,,,1,2,1,1,6
200500051123,0005-08-03 06:40:00,5,8,3,6,40,310,555.0,16 SOUPETARD (PERIPH EST,,,Crépuscule ou aube,Hors agglomération,Hors intersection,Normale,Autre collision,,,,,,,,,,,2,1,1,1,6
200500051124,0005-08-03 15:35:00,5,8,3,15,35,310,555.0,"17, PECH (RUE DU) DU 6AU",,,Plein jour,En agglomération,Hors intersection,Normale,Autre collision,,,,,,,,,,,1,2,1,1,6
200500051125,0005-08-03 16:40:00,5,8,3,16,40,310,555.0,FITTE (ALL CHARLES DE) D,,,Plein jour,En agglomération,Hors intersection,Normale,Deux véhicules - arrière,,,,,,,,,,,1,2,1,1,2
200500051126,0005-08-03 23:55:00,5,8,3,23,55,310,555.0,ETATS UNIS (AV DES) DU 1,,,Nuit avec éclairage allumé,En agglomération,Hors intersection,Normale,Autre collision,,,,,,,,,,,5,2,1,1,6
200500051127,0005-08-04 07:50:00,5,8,4,7,50,310,555.0,"81, GRANDE BRETAGNE (AV",,,Plein jour,En agglomération,Hors intersection,Normale,Deux véhicules - côté,,,,,,,,,,,1,2,1,1,3
200500051128,0005-08-04 13:00:00,5,8,4,13,0,310,555.0,"200, ALBI (RTE D) DU 1AU",,,Plein jour,En agglomération,Hors intersection,Normale,Autre collision,,,,,,,,,,,1,2,1,1,6
200500051129,0005-08-04 19:25:00,5,8,4,19,25,310,555.0,LASCROSSES (BD) DU 1AU 1,,,Plein jour,En agglomération,Hors intersection,Normale,Autre collision,,,,,,,,,,,1,2,1,1,6
200500051130,0005-08-07 05:00:00,5,8,7,5,0,310,555.0,"96, LOMBEZ (AV DE) DU 48",,,Nuit avec éclairage allumé,En agglomération,Hors intersection,Normale,Autre collision,,,,,,,,,,,5,2,1,1,6
200500051131,0005-08-05 12:20:00,5,8,5,12,20,310,555.0,"109, LAUNAGUET (RTE DE)",,,Plein jour,En agglomération,Hors intersection,Normale,Autre collision,,,,,,,,,,,1,2,1,1,6
200500051132,0005-08-05 20:45:00,5,8,5,20,45,310,555.0,30 PONTS JUMEAUX  (PERIP,,,Plein jour,Hors agglomération,Hors intersection,Normale,Autre collision,,,,,,,,,,,1,1,1,1,6
200500051133,0005-08-06 04:10:00,5,8,6,4,10,310,555.0,"45, PERI (RUE GABRIEL) D",,,Nuit avec éclairage allumé,En agglomération,Hors intersection,Normale,Deux véhicules - côté,,,,,,,,,,,5,2,1,1,3
200500051134,0005-08-06 11:55:00,5,8,6,11,55,310,555.0,"20, REVEL (RTE DE) DU 2A",,,Plein jour,En agglomération,Intersection en T,Normale,Deux véhicules - côté,,,,,,,,,,,1,2,3,1,3
200500051135,0005-08-07 02:50:00,5,8,7,2,50,310,555.0,"10, BONREPOS (BD DE) DU",,,Nuit avec éclairage allumé,En agglomération,Intersection en X,Normale,Deux véhicules - côté,,,,,,,,,,,5,2,2,1,3
200500051136,0005-08-07 10:40:00,5,8,7,10,40,310,555.0,", BILLIERES (AV ETIENNE)",,,Plein jour,En agglomération,Hors intersection,Normale,Deux véhicules - arrière,,,,,,,,,,,1,2,1,1,2
200500051137,0005-08-09 16:15:00,5,8,9,16,15,310,555.0,"17, ARCOLE (BD D) DU 1AU",,,Plein jour,En agglomération,Hors intersection,Normale,Deux véhicules - côté,,,,,,,,,,,1,2,1,1,3
200500051138,0005-08-09 17:15:00,5,8,9,17,15,310,555.0,"22, BONREPOS (BD DE) DU",,,Plein jour,En agglomération,Hors intersection,Normale,Deux véhicules - arrière,,,,,,,,,,,1,2,1,1,2
200500051139,0005-08-10 01:25:00,5,8,10,1,25,310,555.0,"195, ESPAGNE (RTE D) DU",,,Nuit avec éclairage allumé,En agglomération,Hors intersection,Normale,Autre collision,,,,,,,,,,,5,2,1,1,6
200500051140,0005-08-10 15:05:00,5,8,10,15,5,310,555.0,BLAGNAC (ROUTE DE),,,Plein jour,En agglomération,Hors intersection,Normale,Deux véhicules - côté,,,,,,,,,,,1,2,1,1,3
200500051141,0005-08-12 09:15:00,5,8,12,9,15,310,149.0,3 LE RITOURET (FIL D'ARI,,,Plein jour,Hors agglomération,Hors intersection,Normale,Autre collision,,,,,,,,,,,1,1,1,1,6
200500051142,0005-08-12 10:55:00,5,8,12,10,55,310,555.0,JUIN (BD DU MARECHAL) DU,,,Plein jour,En agglomération,Hors intersection,Normale,Trois véhicules et plus - en chaîne,,,,,,,,,,,1,2,1,1,4
200500051143,0005-08-12 11:55:00,5,8,12,11,55,310,555.0,"15, KOENIGS (BD GABRIEL)",,,Plein jour,En agglomération,Hors intersection,Normale,Autre collision,,,,,,,,,,,1,2,1,1,6
200500051144,0005-08-12 16:05:00,5,8,12,16,5,310,555.0,LATTRE DE TASSIGNY (AV D,,,Plein jour,En agglomération,Hors intersection,Normale,Autre collision,,,,,,,,,,,1,2,1,1,6
200500051145,0005-08-12 16:35:00,5,8,12,16,35,310,555.0,"105, FENOUILLET (RUE DE)",,,Plein jour,En agglomération,Hors intersection,Normale,Autre collision,,,,,,,,,,,1,2,1,1,6
200500051146,0005-08-13 01:25:00,5,8,13,1,25,310,555.0,SAINT SAUVEUR (PORT) N°,,,Nuit avec éclairage allumé,En agglomération,Hors intersection,Normale,Trois véhicules et plus - collisions multiples,,,,,,,,,,,5,2,1,1,5