accident_id,datetime,annee,mois,jour,heure,minute,departement,commune_insee,adresse,latitude,longitude,luminosite,agglomeration,intersection,meteo,collision,nb_vehicules,nb_usagers,nb_indemnes,nb_tues,nb_blesses_hosp,nb_blesses_legers,age_cond_1,age_cond_2,veh_type_cond_1,veh_type_cond_2,lum_code,agg_code,int_code,atm_code,col_code
200500051147,0005-08-14 21:55:00,5,8,14,21,55,310,555.0,"10, SAINT EXUPERY (AV AN",,,Nuit avec éclairage allumé,En agglomération,Hors intersection,Normale,Autre collision,,,,,,,,,,,5,2,1,1,6
200500051148,0005-08-15 14:50:00,5,8,15,14,50,310,555.0,NARBONNE (ROUTE DE),,,Plein jour,En agglomération,Hors intersection,Normale,Deux véhicules - côté,,,,,,,,,,,1,2,1,1,3
200500051149,0005-08-16 10:34:00,5,8,16,10,34,310,555.0,DELTOUR (BD) DU 1AU 99,,,Plein jour,En agglomération,Hors intersection,Normale,Deux véhicules - côté,,,,,,,,,,,1,2,1,1,3
200500051150,0005-08-16 21:15:00,5,8,16,21,15,310,555.0,"10, SEJOURNE (AV PAUL) D",,,Nuit avec éclairage allumé,En agglomération,Hors intersection,Normale,Deux véhicules - côté,,,,,,,,,,,5,2,1,1,3
200500051151,0005-08-16 23:20:00,5,8,16,23,20,310,555.0,"88, RAYNAL (CHE) DU 1AU",,,Nuit avec éclairage allumé,En agglomération,Hors intersection,Normale,Autre collision,,,,,,,,,,,5,2,1,1,6
200500051152,0005-08-17 20:05:00,5,8,17,20,5,310,555.0,"10, 29 PURPAN  (PERIPH O",,,Crépuscule ou aube,Hors agglomération,Hors intersection,Pluie forte,Autre collision,,,,,,,,,,,2,1,1,3,6
200500051153,0005-08-19 04:55:00,5,8,19,4,55,310,555.0,14 CROIX DAURADE (PERIPH,,,Nuit avec éclairage allumé,Hors agglomération,Hors intersection,Normale,Autre collision,,,,,,,,,,,5,1,1,1,6
200500051154,0005-08-20 15:00:00,5,8,20,15,0,310,555.0,"130, LAVAUR (AV DE) DU 2",,,Plein jour,En agglomération,Intersection en T,Pluie légère,Deux véhicules - frontale,,,,,,,,,,,1,2,3,2,1
200500051155,0005-08-19 09:30:00,5,8,19,9,30,310,555.0,"22, THIBAUD (BD DE) DU 4",,,Plein jour,En agglomération,Hors intersection,Normale,Deux véhicules - côté,,,,,,,,,,,1,2,1,1,3
200500051156,0005-08-19 15:15:00,5,8,19,15,15,310,555.0,"18, HEREDIA (CHE DE) DU",,,Plein jour,En agglomération,Intersection en T,Normale,Autre collision,,,,,,,,,,,1,2,3,1,6
200500051157,0005-08-19 15:20:00,5,8,19,15,20,310,149.0,3 COLOMIERS EST (A624),,,Plein jour,Hors agglomération,Hors intersection,Pluie légère,Trois véhicules et plus - en chaîne,,,,,,,,,,,1,1,1,2,4
200500051158,0005-08-19 19:00:00,5,8,19,19,0,310,555.0,"12, FRANCE (PL ANATOLE)",,,Plein jour,En agglomération,Hors intersection,Normale,Autre collision,,,,,,,,,,,1,2,1,1,6
200500051159,0005-08-20 14:10:00,5,8,20,14,10,310,555.0,17 LASBORDES (PERIPH EST,,,Plein jour,Hors agglomération,Hors intersection,Normale,Trois véhicules et plus - en chaîne,,,,,,,,,,,1,1,1,1,4
200500051160,0005-08-21 00:56:00,5,8,21,0,56,310,555.0,"81, ARCS SAINT CYPRIEN (",,,Nuit avec éclairage allumé,En agglomération,Intersection en T,Pluie légère,Deux véhicules - côté,,,,,,,,,,,5,2,3,2,3
200500051161,0005-08-23 11:55:00,5,8,23,11,55,310,555.0,"97, ETROITS (CHE DES) DU",,,Plein jour,En agglomération,Hors intersection,Pluie légère,Deux véhicules - côté,,,,,,,,,,,1,2,1,2,3
200500051162,0005-08-24 03:00:00,5,8,24,3,0,310,555.0,"109, SALADE PONSAN (CHE",,,Nuit avec éclairage allumé,En agglomération,Hors intersection,Normale,Deux véhicules - côté,,,,,,,,,,,5,2,1,1,3
200500051163,0005-08-24 04:18:00,5,8,24,4,18,310,555.0,A624 (PURPAN),,,Nuit avec éclairage allumé,Hors agglomération,Hors intersection,Normale,Deux véhicules - côté,,,,,,,,,,,5,1,1,1,3
200500051164,0005-08-24 15:10:00,5,8,24,15,10,310,555.0,BAYARD (RUE DE) DU 1AU 7,,,Plein jour,En agglomération,Hors intersection,Normale,Autre collision,,,,,,,,,,,1,2,1,1,6
200500051165,0005-08-24 15:55:00,5,8,24,15,55,310,555.0,"1, MARCEAU (RUE) DU 1AU",,,Plein jour,En agglomération,Intersection en X,Normale,Deux véhicules - frontale,,,,,,,,,,,1,2,2,1,1
200500051166,0005-08-24 18:00:00,5,8,24,18,0,310,555.0,"100, MURET (AV DE) DU 1A",,,Plein jour,En agglomération,Hors intersection,Normale,Autre collision,,,,,,,,,,,1,2,1,1,6
200500051167,0005-08-25 10:45:00,5,8,25,10,45,310,555.0,"32, GUESDE (ALL JULES) D",,,Plein jour,En agglomération,Intersection en X,Normale,Autre collision,,,,,,,,,,,1,2,2,1,6
200500051168,0005-08-27 09:10:00,5,8,27,9,10,310,555.0,A64 - BORDELONGUE,,,Plein jour,Hors agglomération,Hors intersection,Pluie forte,Sans collision,,,,,,,,,,,1,1,1,3,7
200500051169,0005-08-27 10:50:00,5,8,27,10,50,310,555.0,"20, BILLIERES (AV ETIENN",,,Plein jour,En agglomération,Hors intersection,Pluie légère,Autre collision,,,,,,,,,,,1,2,1,2,6
200500051170,0005-08-27 11:55:00,5,8,27,11,55,310,555.0,33 B SESQUIERES  (PERIPH,,,Plein jour,Hors agglomération,Hors intersection,Pluie légère,Deux véhicules - côté,,,,,,,,,,,1,1,1,2,3
200500051171,0005-08-27 12:30:00,5,8,27,12,30,310,555.0,27 LA CEPIERE  (PERIPH O,,,Plein jour,Hors agglomération,Hors intersection,Pluie légère,Autre collision,,,,,,,,,,,1,1,1,2,6
200500051172,0005-08-27 15:15:00,5,8,27,15,15,310,555.0,"152, FAUBOURG BONNEFOY (",,,Plein jour,En agglomération,Hors intersection,Temps couvert,Autre collision,,,,,,,,,,,1,2,1,8,6
200500051173,0005-08-27 17:45:00,5,8,27,17,45,310,555.0,"150, CASTRES (AV DE) DU",,,Plein jour,En agglomération,Hors intersection,Normale,Deux véhicules - côté,,,,,,,,,,,1,2,1,1,3
200500051174,0005-08-28 04:35:00,5,8,28,4,35,310,555.0,27 LA CEPIERE  (PERIPH O,,,Nuit avec éclairage allumé,Hors agglomération,Hors intersection,Normale,Deux véhicules - frontale,,,,,,,,,,,5,1,1,1,1
200500051175,0005-08-27 13:05:00,5,8,27,13,5,310,555.0,"14, POIDS DE L HUILE (RU",,,Plein jour,En agglomération,Intersection en T,Normale,Deux véhicules - côté,,,,,,,,,,,1,2,3,1,3
200500051176,0005-08-29 12:35:00,5,8,29,12,35,310,555.0,"12, MIRAIL (AVENUE)",,,Plein jour,En agglomération,Hors intersection,Normale,Autre collision,,,,,,,,,,,1,2,1,1,6
200500051177,0005-08-29 21:30:00,5,8,29,21,30,310,555.0,"33, CASTRES (AV DE) DU 1",,,Nuit avec éclairage allumé,En agglomération,Hors intersection,Normale,Deux véhicules - arrière,,,,,,,,,,,5,2,1,1,2
200500051178,0005-08-29 21:50:00,5,8,29,21,50,310,555.0,"89, SAINT MICHEL (GRANDE",,,Nuit avec éclairage allumé,En agglomération,Hors intersection,Normale,Deux véhicules - arrière,,,,,,,,,,,5,2,1,1,2
200500051179,0005-08-30 00:50:00,5,8,30,0,50,310,555.0,"124, PLANA (RUE LOUIS) D",,,Nuit avec éclairage allumé,En agglomération,Hors intersection,Normale,Deux véhicules - arrière,,,,,,,,,,,5,2,1,1,2
200500051180,0005-08-30 04:40:00,5,8,30,4,40,310,555.0,AV DU GROUPE MORHANGE,,,Plein jour,Hors agglomération,Hors intersection,Normale,Sans collision,,,,,,,,,,,1,1,1,1,7
200500051181,0005-08-30 08:50:00,5,8,30,8,50,310,555.0,"12, RUE DE PERIOLE",,,Plein jour,En agglomération,Hors intersection,Normale,Deux véhicules - côté,,,,,,,,,,,1,2,1,1,3
200500051182,0005-08-30 11:15:00,5,8,30,11,15,310,555.0,"4, RUE THEODORE OZENNE",,,Plein jour,En agglomération,Hors intersection,Normale,Autre collision,,,,,,,,,,,1,2,1,1,6
200500051183,0005-08-30 18:05:00,5,8,30,18,5,310,555.0,"70, AV DE CASTRES",,,Plein jour,En agglomération,Intersection en T,Normale,Deux véhicules - côté,,,,,,,,,,,1,2,3,1,3
200500051184,0005-08-31 00:35:00,5,8,31,0,35,310,149.0,980.2 TOURNEFEUILLE (ROC,,,Nuit avec éclairage allumé,Hors agglomération,Hors intersection,Normale,Autre collision,,,,,,,,,,,5,1,1,1,6
200500051185,0005-08-31 09:25:00,5,8,31,9,25,310,555.0,"133, AV DE MURET",,,Plein jour,En agglomération,Hors intersection,Normale,Autre collision,,,,,,,,,,,1,2,1,1,6
200500051186,0005-08-31 10:10:00,5,8,31,10,10,310,555.0,"5, RUE LAFAYETTE",,,Plein jour,En agglomération,Hors intersection,Normale,Deux véhicules - côté,,,,,,,,,,,1,2,1,1,3
200500051187,0005-08-31 16:08:00,5,8,31,16,8,310,555.0,"52, RUE DU LOT",,,Plein jour,En agglomération,Hors intersection,Normale,Deux véhicules - côté,,,,,,,,,,,1,2,1,1,3
200500051188,0005-08-02 19:45:00,5,8,2,19,45,310,557.0,"31, DOUMERGUE (RUE GASTO",,,Plein jour,En agglomération,Hors intersection,Normale,Deux véhicules - côté,,,,,,,,,,,1,2,1,1,3
200500051189,0005-08-16 08:15:00,5,8,16,8,15,310,557.0,"43, DOUMERGUE (RUE GASTO",,,Plein jour,En agglomération,Hors intersection,Normale,Trois véhicules et plus - en chaîne,,,,,,,,,,,1,2,1,1,4
200500051190,0005-08-24 15:55:00,5,8,24,15,55,310,557.0,"28, MONTJOIE (RUE DE LA)",,,Plein jour,En agglomération,Hors intersection,Normale,Autre collision,,,,,,,,,,,1,2,1,1,6
200500051191,0005-08-05 14:43:00,5,8,5,14,43,320,13.0,"1, LORRAINE",,,Plein jour,En agglomération,Place,Normale,Deux véhicules - arrière,,,,,,,,,,,1,2,7,1,2
200500051192,0005-08-12 16:25:00,5,8,12,16,25,320,13.0,"70, ONZE NOVEMBRE",,,Plein jour,En agglomération,Hors intersection,Normale,Deux véhicules - côté,,,,,,,,,,,1,2,1,1,3
200500051193,0005-08-13 13:55:00,5,8,13,13,55,320,13.0,PYRENEES (AVENUE DES),,,Plein jour,En agglomération,Intersection en Y,Normale,Autre collision,,,,,,,,,,,1,2,4,1,6
200500051194,0005-08-30 08:50:00,5,8,30,8,50,320,13.0,"7, VERDUN (PLACE DE)",,,Plein jour,En agglomération,Hors intersection,Normale,Autre collision,,,,,,,,,,,1,2,1,1,6
200500051195,0005-08-17 02:40:00,5,8,17,2,40,330,529.0,RN 250 (CAMICAS-OUSTALET,,,Nuit sans éclairage public,Hors agglomération,Hors intersection,Normale,Autre collision,,,,,,,,,,,3,1,1,1,6
200500051196,0005-08-28 09:30:00,5,8,28,9,30,330,529.0,PISTE 214,,,Plein jour,Hors agglomération,Hors intersection,Normale,Trois véhicules et plus - collisions multiples,,,,,,,,,,,1,1,1,1,5
200500051197,0005-08-02 12:15:00,5,8,2,12,15,330,9.0,"1, FARGES (AVE JEAN) DU",,,Plein jour,En agglomération,Hors intersection,Normale,Deux véhicules - frontale,,,,,,,,,,,1,2,1,1,1
200500051198,0005-08-03 11:10:00,5,8,3,11,10,330,529.0,"22, OCEAN (BD DE L')",,,Plein jour,En agglomération,Hors intersection,Normale,Trois véhicules et plus - collisions multiples,,,,,,,,,,,1,2,1,1,5
200500051199,0005-08-02 22:30:00,5,8,2,22,30,330,63.0,"1, MONNAIE (QUAI DE LA)",,,Nuit avec éclairage allumé,En agglomération,Hors intersection,Normale,Autre collision,,,,,,,,,,,5,2,1,1,6
200500051200,0005-08-03 00:30:00,5,8,3,0,30,330,63.0,PORTAL (CRS ),,,Nuit avec éclairage allumé,En agglomération,Intersection en T,Normale,Deux véhicules - côté,,,,,,,,,,,5,2,3,1,3
200500051201,0005-08-03 07:40:00,5,8,3,7,40,330,63.0,CURSOL (RUE DE),,,Plein jour,En agglomération,Intersection en X,Temps éblouissant,Deux véhicules - côté,,,,,,,,,,,1,2,2,7,3
200500051202,0005-08-04 04:25:00,5,8,4,4,25,330,63.0,RUE ELIE GINTRAC,,,Nuit avec éclairage allumé,En agglomération,Intersection en X,Normale,Deux véhicules - côté,,,,,,,,,,,5,2,2,1,3
200500051203,0005-08-03 09:40:00,5,8,3,9,40,330,318.0,MEERSCH (AVE MAXENCE VAN,,,Plein jour,En agglomération,Intersection en T,Normale,Deux véhicules - côté,,,,,,,,,,,1,2,3,1,3
200500051204,0005-08-04 14:25:00,5,8,4,14,25,330,63.0,LOTI (RUE PIERRE),,,Plein jour,En agglomération,Intersection en T,Normale,Deux véhicules - côté,,,,,,,,,,,1,2,3,1,3
200500051205,0005-08-04 17:35:00,5,8,4,17,35,330,63.0,SEGUEY (RUE CROIX DE),,,Plein jour,Hors agglomération,Intersection en T,Normale,Deux véhicules - arrière,,,,,,,,,,,1,1,3,1,2
200500051206,0005-08-04 18:50:00,5,8,4,18,50,330,63.0,RAMONET (RUE ),,,Plein jour,En agglomération,Intersection en X,Normale,Deux véhicules - frontale,,,,,,,,,,,1,2,2,1,1
200500051207,0005-08-08 18:30:00,5,8,8,18,30,330,63.0,VERDUN (CRS DE),,,Plein jour,En agglomération,Intersection en X,Normale,Deux véhicules - frontale,,,,,,,,,,,1,2,2,1,1
200500051208,0005-08-08 11:55:00,5,8,8,11,55,330,63.0,MARNE (CRS DE LA),,,Plein jour,En agglomération,Intersection en X,Normale,Deux véhicules - arrière,,,,,,,,,,,1,2,2,1,2
200500051209,0005-08-08 11:45:00,5,8,8,11,45,330,63.0,"23, VAILLANT (CRS EDOUAR",,,Plein jour,En agglomération,Hors intersection,Normale,Deux véhicules - arrière,,,,,,,,,,,1,2,1,1,2
200500051210,0005-08-02 06:00:00,5,8,2,6,0,330,69.0,"8, CARNOT (AVE SADI)",,,Nuit avec éclairage allumé,En agglomération,Hors intersection,Normale,Autre collision,,,,,,,,,,,5,2,1,1,6
200500051211,0005-08-10 16:40:00,5,8,10,16,40,330,63.0,"169, ACHARD (RUE )",,,Plein jour,En agglomération,Hors intersection,Normale,Deux véhicules - frontale,,,,,,,,,,,1,2,1,1,1
200500051212,0005-08-08 22:55:00,5,8,8,22,55,330,192.0,RUE DE LAHOUNEAU,,,Nuit avec éclairage allumé,En agglomération,Intersection en X,Normale,Deux véhicules - côté,,,,,,,,,,,5,2,2,1,3
200500051213,0005-08-16 01:13:00,5,8,16,1,13,330,63.0,", CRS DE LA MARNE",,,Nuit avec éclairage allumé,En agglomération,Intersection en X,Normale,Deux véhicules - côté,,,,,,,,,,,5,2,2,1,3
200500051214,0005-08-09 17:50:00,5,8,9,17,50,330,550.0,NERUDA (RUE PABLO),,,Plein jour,En agglomération,Hors intersection,Normale,Deux véhicules - frontale,,,,,,,,,,,1,2,1,1,1
200500051215,0005-08-10 09:15:00,5,8,10,9,15,330,281.0,PARIS (RUE DE),,,Plein jour,En agglomération,Intersection en X,Normale,Deux véhicules - côté,,,,,,,,,,,1,2,2,1,3
200500051216,0005-08-12 16:00:00,5,8,12,16,0,330,63.0,"294, WILSON (BD DU PRESI",,,Plein jour,En agglomération,Hors intersection,Normale,Deux véhicules - arrière,,,,,,,,,,,1,2,1,1,2
200500051217,0005-08-12 23:45:00,5,8,12,23,45,330,63.0,"33, CRS GEORGES CLEMENCE",,,Nuit avec éclairage allumé,En agglomération,Hors intersection,Normale,Autre collision,,,,,,,,,,,5,2,1,1,6
200500051218,0005-08-13 07:00:00,5,8,13,7,0,330,63.0,"9, TOULOUSE (RTE DE) (1-",,,Plein jour,En agglomération,Hors intersection,Normale,Deux véhicules - côté,,,,,,,,,,,1,2,1,1,3
200500051219,0005-08-14 17:15:00,5,8,14,17,15,330,63.0,RUE STEHELIN CAUD,,,Plein jour,En agglomération,Intersection en T,Normale,Deux véhicules - côté,,,,,,,,,,,1,2,3,1,3
200500051220,0005-08-09 18:05:00,5,8,9,18,5,330,192.0,CRS DU GENERAL DE GAULLE,,,Plein jour,Hors agglomération,Intersection en T,Normale,Deux véhicules - côté,,,,,,,,,,,1,1,3,1,3
200500051221,0005-08-16 22:35:00,5,8,16,22,35,330,63.0,CRS VICTOR HUGO,,,Nuit avec éclairage allumé,En agglomération,Intersection en X,Normale,Deux véhicules - côté,,,,,,,,,,,5,2,2,1,3
200500051222,0005-08-10 10:15:00,5,8,10,10,15,330,39.0,RUE DES FRERES LUMIERE,,,Plein jour,En agglomération,Hors intersection,Normale,Deux véhicules - côté,,,,,,,,,,,1,2,1,1,3
200500051223,0005-08-17 16:15:00,5,8,17,16,15,330,63.0,CRS DU MARECHAL GALLIENI,,,Plein jour,Hors agglomération,Intersection en X,Normale,Deux véhicules - côté,,,,,,,,,,,1,1,2,1,3
200500051224,0005-08-16 16:25:00,5,8,16,16,25,330,249.0,"6, AVE DU PROFESSEUR VIN",,,Plein jour,En agglomération,Hors intersection,Normale,Autre collision,,,,,,,,,,,1,2,1,1,6
200500051225,0005-08-12 15:10:00,5,8,12,15,10,330,281.0,"227, ARGONNE (AVE DE L)",,,Plein jour,En agglomération,Hors intersection,Temps éblouissant,Deux véhicules - arrière,,,,,,,,,,,1,2,1,7,2
200500051226,0005-08-18 05:30:00,5,8,18,5,30,330,63.0,RUE PAUL BROCA,,,Nuit avec éclairage allumé,En agglomération,Intersection en X,Normale,Deux véhicules - côté,,,,,,,,,,,5,2,2,1,3
200500051227,0005-08-15 17:30:00,5,8,15,17,30,330,192.0,RUE DE LA CROIX DE MONJO,,,Plein jour,En agglomération,Intersection en X,Normale,Deux véhicules - arrière,,,,,,,,,,,1,2,2,1,2
200500051228,0005-08-16 14:50:00,5,8,16,14,50,330,281.0,AVE MATOSINHOS,,,Plein jour,En agglomération,Intersection en X,Normale,Deux véhicules - côté,,,,,,,,,,,1,2,2,1,3
200500051229,0005-08-16 16:35:00,5,8,16,16,35,330,318.0,"123, AVE DU BOURGAILH",,,Plein jour,En agglomération,Intersection en T,Normale,Deux véhicules - côté,,,,,,,,,,,1,2,3,1,3
200500051230,0005-08-19 12:30:00,5,8,19,12,30,330,63.0,"8, RUE DES REMPARTS",,,Plein jour,En agglomération,Hors intersection,Normale,Autre collision,,,,,,,,,,,1,2,1,1,6
200500051231,0005-08-19 20:45:00,5,8,19,20,45,330,63.0,RUE GINER DE LOS RIOS,,,Crépuscule ou aube,En agglomération,Intersection en X,Normale,Deux véhicules - côté,,,,,,,,,,,2,2,2,1,3
200500051232,0005-08-19 22:40:00,5,8,19,22,40,330,63.0,AVE DE LABARDE,,,Nuit sans éclairage public,Hors agglomération,Hors intersection,Normale,Deux véhicules - arrière,,,,,,,,,,,3,1,1,1,2
200500051233,0005-08-20 18:30:00,5,8,20,18,30,330,63.0,RUE CAZEMAJOR,,,Plein jour,En agglomération,Intersection en X,Normale,Deux véhicules - côté,,,,,,,,,,,1,2,2,1,3
200500051234,0005-08-16 08:50:00,5,8,16,8,50,330,318.0,"228, AVE PASTEUR",,,Plein jour,En agglomération,Hors intersection,Normale,Deux véhicules - côté,,,,,,,,,,,1,2,1,1,3
200500051235,0005-08-16 14:00:00,5,8,16,14,0,330,318.0,"170, AVE JEAN JAURES",,,Plein jour,En agglomération,Hors intersection,Normale,Deux véhicules - côté,,,,,,,,,,,1,2,1,1,3
200500051236,0005-08-16 16:10:00,5,8,16,16,10,330,63.0,"98, RUE FIEFFE",,,Plein jour,En agglomération,Hors intersection,Normale,Deux véhicules - arrière,,,,,,,,,,,1,2,1,1,2
200500051237,0005-08-16 19:55:00,5,8,16,19,55,330,119.0,RUE EMILE ZOLA,,,Plein jour,En agglomération,Hors intersection,Normale,Deux véhicules - côté,,,,,,,,,,,1,2,1,1,3
200500051238,0005-08-17 13:15:00,5,8,17,13,15,330,119.0,RUE DU 8 MAI 1945,,,Plein jour,Hors agglomération,Intersection en T,Normale,Deux véhicules - côté,,,,,,,,,,,1,1,3,1,3
200500051239,0005-08-19 10:15:00,5,8,19,10,15,330,119.0,AVE JEAN ZAY,,,Plein jour,En agglomération,Giratoire,Normale,Deux véhicules - côté,,,,,,,,,,,1,2,6,1,3
200500051240,0005-08-21 20:50:00,5,8,21,20,50,330,249.0,"2, RUE DU COLONEL FABIEN",,,Crépuscule ou aube,En agglomération,Hors intersection,Normale,Autre collision,,,,,,,,,,,2,2,1,1,6
200500051241,0005-08-19 17:45:00,5,8,19,17,45,330,318.0,RUE DE LA POUDRIERE,,,Plein jour,En agglomération,Intersection en T,Normale,Deux véhicules - arrière,,,,,,,,,,,1,2,3,1,2
200500051242,0005-08-23 08:40:00,5,8,23,8,40,330,63.0,RUE DE CAPEYRON CAUD,,,Plein jour,En agglomération,Intersection en X,Normale,Deux véhicules - côté,,,,,,,,,,,1,2,2,1,3
200500051243,0005-08-23 18:15:00,5,8,23,18,15,330,63.0,"16, RUE DOC CHARLES NANC",,,Plein jour,En agglomération,Hors intersection,Normale,Autre collision,,,,,,,,,,,1,2,1,1,6
200500051244,0005-08-24 21:20:00,5,8,24,21,20,330,63.0,CRS ARISTIDE BRIAND,,,Nuit avec éclairage allumé,En agglomération,Intersection en X,Normale,Deux véhicules - côté,,,,,,,,,,,5,2,2,1,3
200500051245,0005-08-24 19:10:00,5,8,24,19,10,330,63.0,RUE PAUL CAMELLE,,,Plein jour,En agglomération,Intersection en X,Normale,Deux véhicules - côté,,,,,,,,,,,1,2,2,1,3
200500051246,0005-08-27 02:00:00,5,8,27,2,0,330,63.0,QUAI DE PALUDATE,,,Nuit avec éclairage allumé,En agglomération,Hors intersection,Normale,Autre collision,,,,,,,,,,,5,2,1,1,6
200500051247,0005-08-24 11:18:00,5,8,24,11,18,330,32.0,"43, AVE DE LA SOMME",,,Plein jour,En agglomération,Hors intersection,Normale,Deux véhicules - côté,,,,,,,,,,,1,2,1,1,3
200500051248,0005-08-23 13:30:00,5,8,23,13,30,330,281.0,RUE PAUL DOUMER,,,Plein jour,En agglomération,Intersection en T,Normale,Autre collision,,,,,,,,,,,1,2,3,1,6
200500051249,0005-08-19 21:30:00,5,8,19,21,30,330,63.0,AVE DES TROIS CARDINAUX,,,Crépuscule ou aube,En agglomération,Hors intersection,Normale,Deux véhicules - côté,,,,,,,,,,,2,2,1,1,3
200500051250,0005-08-25 07:45:00,5,8,25,7,45,330,318.0,"123, AVE MAL DE LATTRE D",,,Plein jour,En agglomération,Hors intersection,Normale,Deux véhicules - côté,,,,,,,,,,,1,2,1,1,3
200500051251,0005-08-29 14:00:00,5,8,29,14,0,330,281.0,"436, AVE DE VERDUN",,,Plein jour,En agglomération,Hors intersection,Normale,Deux véhicules - côté,,,,,,,,,,,1,2,1,1,3
200500051252,0005-08-24 16:40:00,5,8,24,16,40,330,249.0,COTE DE LA GARONNE,,,Plein jour,En agglomération,Hors intersection,Normale,Deux véhicules - côté,,,,,,,,,,,1,2,1,1,3
200500051253,0005-08-26 21:40:00,5,8,26,21,40,330,318.0,RUE DE LANGEAIS,,,Nuit avec éclairage allumé,En agglomération,Intersection en T,Normale,Sans collision,,,,,,,,,,,5,2,3,1,7
200500051254,0005-08-24 18:30:00,5,8,24,18,30,330,249.0,RUE DES CAVAILLES,,,Plein jour,En agglomération,Hors intersection,Normale,Deux véhicules - arrière,,,,,,,,,,,1,2,1,1,2
200500051255,0005-08-30 10:20:00,5,8,30,10,20,330,63.0,BD DU PRESIDENT WILSON,,,Plein jour,En agglomération,Intersection en X,Normale,Deux véhicules - côté,,,,,,,,,,,1,2,2,1,3
200500051256,0005-08-30 18:00:00,5,8,30,18,0,330,63.0,"109, RUE DE LA COURSE",,,Plein jour,En agglomération,Intersection en T,Normale,Autre collision,,,,,,,,,,,1,2,3,1,6
200500051257,0005-08-31 21:30:00,5,8,31,21,30,330,63.0,"31, RUE EDMOND COSTEDOAT",,,Nuit avec éclairage allumé,En agglomération,Hors intersection,Normale,Deux véhicules - côté,,,,,,,,,,,5,2,1,1,3
200500051258,0005-08-30 22:30:00,5,8,30,22,30,330,281.0,RUE ANDRE MAGINOT,,,Nuit avec éclairage allumé,En agglomération,Intersection en X,Normale,Deux véhicules - côté,,,,,,,,,,,5,2,2,1,3
200500051259,0005-08-11 12:30:00,5,8,11,12,30,330,318.0,VOIE ROMAINE,,,Plein jour,En agglomération,Giratoire,Normale,Deux véhicules - côté,,,,,,,,,,,1,2,6,1,3
200500051260,0005-08-31 12:10:00,5,8,31,12,10,330,63.0,RUE GEORGES DE SONNEVILL,,,Plein jour,En agglomération,Intersection en X,Normale,Deux véhicules - côté,,,,,,,,,,,1,2,2,1,3
200500051261,0005-08-31 18:25:00,5,8,31,18,25,330,281.0,AVE FRANOIS MITTERRAND,,,Plein jour,En agglomération,Intersection en T,Normale,Deux véhicules - côté,,,,,,,,,,,1,2,3,1,3
200500051262,0005-08-31 21:50:00,5,8,31,21,50,330,281.0,AVE DU PRESIDENT WILSON,,,Nuit avec éclairage non allumé,En agglomération,Intersection en X,Normale,Deux véhicules - côté,,,,,,,,,,,4,2,2,1,3
200500051263,0005-08-12 01:00:00,5,8,12,1,0,330,243.0,"116, ROUSSEAU(RUE JEAN J",,,Nuit avec éclairage allumé,En agglomération,Intersection en X,Normale,Autre collision,,,,,,,,,,,5,2,2,1,6
200500051264,0005-08-26 11:50:00,5,8,26,11,50,330,243.0,"3, EUROPE-J.MONNET(AVENU",,,Plein jour,En agglomération,Hors intersection,Normale,Deux véhicules - côté,,,,,,,,,,,1,2,1,1,3
200500051265,0005-08-09 23:20:00,5,8,9,23,20,340,3.0,PASSEUR CHALLIES (J12 A,,,Nuit avec éclairage allumé,En agglomération,Hors intersection,Normale,Autre collision,,,,,,,,,,,5,2,1,1,6
200500051266,0005-08-10 14:25:00,5,8,10,14,25,340,3.0,MARSEILLAN (A16 A B15,,,Plein jour,Hors agglomération,Intersection en T,Temps éblouissant,Deux véhicules - côté,,,,,,,,,,,1,1,3,7,3
200500051267,0005-08-07 07:00:00,5,8,7,7,0,340,3.0,", RN 112",,,Plein jour,Hors agglomération,Hors intersection,Normale,Trois véhicules et plus - collisions multiples,,,,,,,,,,,1,1,1,1,5
200500051268,0005-08-15 09:30:00,5,8,15,9,30,340,3.0,RN 112,,,Plein jour,Hors agglomération,Hors intersection,Normale,Trois véhicules et plus - collisions multiples,,,,,,,,,,,1,1,1,1,5
200500051269,0005-08-05 15:50:00,5,8,5,15,50,340,32.0,ROUTE NATIONALE 1112,,,Plein jour,Hors agglomération,Hors intersection,Normale,Autre collision,,,,,,,,,,,1,1,1,1,6
200500051270,0005-08-13 06:10:00,5,8,13,6,10,340,32.0,"IGNORE, LECLERC MARECHAL",,,Nuit avec éclairage allumé,En agglomération,Hors intersection,Normale,Deux véhicules - arrière,,,,,,,,,,,5,2,1,1,2
200500051271,0005-08-14 01:10:00,5,8,14,1,10,340,32.0,"ignore, LIBERTE (BD DE L",,,Nuit avec éclairage allumé,En agglomération,Hors intersection,Normale,Autre collision,,,,,,,,,,,5,2,1,1,6
200500051272,0005-08-29 17:15:00,5,8,29,17,15,340,32.0,ROUTE D'AGDE (RN 112),,,Plein jour,En agglomération,Hors intersection,Normale,Trois véhicules et plus - collisions multiples,,,,,,,,,,,1,2,1,1,5
200500051273,0005-08-01 02:55:00,5,8,1,2,55,340,32.0,ESPAGNE (ROUTE D'),,,Nuit avec éclairage allumé,En agglomération,Intersection en Y,Normale,Sans collision,,,,,,,,,,,5,2,4,1,7
200500051274,0005-08-01 19:35:00,5,8,1,19,35,340,32.0,MANOIR YVES DU(BD),,,Plein jour,En agglomération,Hors intersection,Normale,Deux véhicules - arrière,,,,,,,,,,,1,2,1,1,2
200500051275,0005-08-02 17:45:00,5,8,2,17,45,340,336.0,"39, GAMBETTA (BOULEVARD)",,,Plein jour,En agglomération,Hors intersection,Normale,Sans collision,,,,,,,,,,,1,2,1,1,7