accident_id,datetime,annee,mois,jour,heure,minute,departement,commune_insee,adresse,latitude,longitude,luminosite,agglomeration,intersection,meteo,collision,nb_vehicules,nb_usagers,nb_indemnes,nb_tues,nb_blesses_hosp,nb_blesses_legers,age_cond_1,age_cond_2,veh_type_cond_1,veh_type_cond_2,lum_code,agg_code,int_code,atm_code,col_code
200500051405,0005-08-09 17:30:00,5,8,9,17,30,380,516.0,CHARTREUSE (ROUTE DE) DE,,,Plein jour,En agglomération,Intersection en X,Normale,Autre collision,,,,,,,,,,,1,2,2,1,6
200500051406,0005-08-16 17:55:00,5,8,16,17,55,380,185.0,"00, RIVAIL (RUE CH.)",,,Plein jour,En agglomération,Hors intersection,Normale,Deux véhicules - arrière,,,,,,,,,,,1,2,1,1,2
200500051407,0005-08-12 19:00:00,5,8,12,19,0,380,185.0,"147, LIBERATION (COURS)",,,Plein jour,En agglomération,Hors intersection,Normale,Autre collision,,,,,,,,,,,1,2,1,1,6
200500051408,0005-08-15 11:45:00,5,8,15,11,45,380,185.0,MALAKOFF (RUE),,,Plein jour,En agglomération,Intersection en X,Normale,Deux véhicules - côté,,,,,,,,,,,1,2,2,1,3
200500051409,0005-08-15 17:55:00,5,8,15,17,55,380,185.0,JEANNE D'ARC (AV.),,,Plein jour,En agglomération,Hors intersection,Normale,Deux véhicules - frontale,,,,,,,,,,,1,2,1,1,1
200500051410,0005-08-18 13:45:00,5,8,18,13,45,380,169.0,A 480 OUEST RUE DE SASSE,,,Plein jour,Hors agglomération,Hors intersection,Normale,Deux véhicules - côté,,,,,,,,,,,1,1,1,1,3
200500051411,0005-08-18 14:45:00,5,8,18,14,45,380,185.0,PERROT (AVENUE J.),,,Plein jour,En agglomération,Hors intersection,Normale,Deux véhicules - côté,,,,,,,,,,,1,2,1,1,3
200500051412,0005-08-20 15:10:00,5,8,20,15,10,380,185.0,"110, ALLIES (RUE DES)",,,Plein jour,En agglomération,Hors intersection,Normale,Deux véhicules - côté,,,,,,,,,,,1,2,1,1,3
200500051413,0005-08-22 16:30:00,5,8,22,16,30,380,516.0,A.48 (AUTOROUTE),,,Plein jour,Hors agglomération,Hors intersection,Pluie légère,Trois véhicules et plus - en chaîne,,,,,,,,,,,1,1,1,2,4
200500051414,0005-08-23 13:30:00,5,8,23,13,30,380,151.0,"00, JAURES        (COURS",,,Plein jour,En agglomération,Hors intersection,Normale,Trois véhicules et plus - collisions multiples,,,,,,,,,,,1,2,1,1,5
200500051415,0005-08-24 07:10:00,5,8,24,7,10,380,151.0,"59, JAURES        (COURS",,,Plein jour,En agglomération,Hors intersection,Normale,Deux véhicules - côté,,,,,,,,,,,1,2,1,1,3
200500051416,0005-08-24 21:00:00,5,8,24,21,0,380,185.0,"00, BRIAND (PLACE A.)",,,Nuit avec éclairage allumé,En agglomération,Intersection en X,Normale,Deux véhicules - côté,,,,,,,,,,,5,2,2,1,3
200500051417,0005-08-29 22:30:00,5,8,29,22,30,380,185.0,"00, BLUM (AVENUE L.)",,,Nuit avec éclairage allumé,En agglomération,Intersection en X,Normale,Deux véhicules - arrière,,,,,,,,,,,5,2,2,1,2
200500051418,0005-08-31 16:25:00,5,8,31,16,25,380,185.0,A.48,,,Plein jour,Hors agglomération,Hors intersection,Normale,Deux véhicules - frontale,,,,,,,,,,,1,1,1,1,1
200500051419,0005-08-13 04:55:00,5,8,13,4,55,380,318.0,DENIS CRAPON(AV),,,Nuit avec éclairage allumé,En agglomération,Giratoire,Normale,Autre collision,,,,,,,,,,,5,2,6,1,6
200500051420,0005-08-09 23:45:00,5,8,9,23,45,380,563.0,"36, HUIT-MAI 1945 (AVENU",,,Crépuscule ou aube,En agglomération,Hors intersection,Normale,Deux véhicules - côté,,,,,,,,,,,2,2,1,1,3
200500051421,0005-08-08 14:00:00,5,8,8,14,0,390,198.0,"9, GREVY (PLACE JULES)",,,Plein jour,En agglomération,Hors intersection,Normale,Autre collision,,,,,,,,,,,1,2,1,1,6
200500051422,0005-08-03 21:45:00,5,8,3,21,45,390,198.0,"5, GOUVERNEMENT (RUE DU)",,,Nuit avec éclairage allumé,En agglomération,Hors intersection,Normale,Deux véhicules - côté,,,,,,,,,,,5,2,1,1,3
200500051423,0005-08-09 14:40:00,5,8,9,14,40,390,198.0,"7, VERDUN (AVENUE DE)",,,Plein jour,En agglomération,Hors intersection,Normale,Autre collision,,,,,,,,,,,1,2,1,1,6
200500051424,0005-08-14 10:15:00,5,8,14,10,15,390,198.0,"3, JAURES (AVENUE JEAN)",,,Plein jour,En agglomération,Hors intersection,Pluie forte,Deux véhicules - frontale,,,,,,,,,,,1,2,1,3,1
200500051425,0005-08-09 19:45:00,5,8,9,19,45,390,300.0,"0, VERNIER (BD THEODORE)",,,Plein jour,En agglomération,Intersection en X,Temps éblouissant,Deux véhicules - côté,,,,,,,,,,,1,2,2,7,3
200500051426,0005-08-17 16:10:00,5,8,17,16,10,390,300.0,RICHEBOURG (RUE) N° PAIR,,,Plein jour,En agglomération,Hors intersection,Normale,Autre collision,,,,,,,,,,,1,2,1,1,6
200500051427,0005-08-02 11:40:00,5,8,2,11,40,400,88.0,SAINT-VINCENT DE PAUL (A,,,Plein jour,En agglomération,Hors intersection,Normale,Autre collision,,,,,,,,,,,1,2,1,1,6
200500051428,0005-08-03 17:28:00,5,8,3,17,28,400,88.0,SAINT-VINCENT DE PAUL (A,,,Plein jour,En agglomération,Intersection en T,Normale,Deux véhicules - côté,,,,,,,,,,,1,2,3,1,3
200500051429,0005-08-16 20:20:00,5,8,16,20,20,400,279.0,PENETRANTE OUEST,,,Plein jour,En agglomération,Hors intersection,Normale,Deux véhicules - côté,,,,,,,,,,,1,2,1,1,3
200500051430,0005-08-16 10:29:00,5,8,16,10,29,400,88.0,ASPREMONT (RUE D') (AV G,,,Plein jour,En agglomération,Giratoire,Normale,Deux véhicules - côté,,,,,,,,,,,1,2,6,1,3
200500051431,0005-08-17 00:35:00,5,8,17,0,35,400,279.0,ANGOUADE (ROUTE D'),,,Nuit sans éclairage public,En agglomération,Hors intersection,Normale,Deux véhicules - arrière,,,,,,,,,,,3,2,1,1,2
200500051432,0005-08-20 08:10:00,5,8,20,8,10,400,88.0,AIGLON (RUE DE L'),,,Plein jour,En agglomération,Hors intersection,Normale,Autre collision,,,,,,,,,,,1,2,1,1,6
200500051433,0005-08-30 14:25:00,5,8,30,14,25,400,279.0,ASPREMONT (RUE D') (PONT,,,Plein jour,En agglomération,Hors intersection,Normale,Deux véhicules - côté,,,,,,,,,,,1,2,1,1,3
200500051434,0005-08-10 18:17:00,5,8,10,18,17,400,281.0,"570, SAINT-PIERRE (RES.)",,,Plein jour,En agglomération,Hors intersection,Normale,Autre collision,,,,,,,,,,,1,2,1,1,6
200500051435,0005-08-15 15:40:00,5,8,15,15,40,400,192.0,"26, VICTOR HUGO",,,Plein jour,En agglomération,Hors intersection,Normale,Deux véhicules - frontale,,,,,,,,,,,1,2,1,1,1
200500051436,0005-08-16 10:20:00,5,8,16,10,20,400,192.0,FOCH (AV DU MARECHAL),,,Plein jour,En agglomération,Hors intersection,Normale,Deux véhicules - côté,,,,,,,,,,,1,2,1,1,3
200500051437,0005-08-20 11:15:00,5,8,20,11,15,400,192.0,", CREUX (BD DU CHEMIN)",,,Plein jour,En agglomération,Intersection en X,Normale,Deux véhicules - côté,,,,,,,,,,,1,2,2,1,3
200500051438,0005-08-23 14:10:00,5,8,23,14,10,400,192.0,HOUGA (AV DU),,,Plein jour,En agglomération,Autre intersection,Normale,Deux véhicules - côté,,,,,,,,,,,1,2,9,1,3
200500051439,0005-08-23 17:52:00,5,8,23,17,52,400,192.0,"205, HOUGA (AV DU)",,,Plein jour,En agglomération,Autre intersection,Normale,Trois véhicules et plus - collisions multiples,,,,,,,,,,,1,2,9,1,5
200500051440,0005-08-01 16:05:00,5,8,1,16,5,410,18.0,MAUNOURY (AVENUE DU MARE,,,Plein jour,En agglomération,Hors intersection,Normale,Trois véhicules et plus - en chaîne,,,,,,,,,,,1,2,1,1,4
200500051441,0005-08-05 02:40:00,5,8,5,2,40,410,212.0,PRESSOIR COMMUNAL (PLACE,,,Nuit avec éclairage allumé,En agglomération,Hors intersection,Normale,Sans collision,,,,,,,,,,,5,2,1,1,7
200500051442,0005-08-05 17:05:00,5,8,5,17,5,410,18.0,CITES UNIES (BOULEVARD D,,,Plein jour,En agglomération,Hors intersection,Normale,Deux véhicules - arrière,,,,,,,,,,,1,2,1,1,2
200500051443,0005-08-06 16:15:00,5,8,6,16,15,410,18.0,DEPORTES (AVENUE DES),,,Plein jour,En agglomération,Hors intersection,Normale,Deux véhicules - arrière,,,,,,,,,,,1,2,1,1,2
200500051444,0005-08-12 17:00:00,5,8,12,17,0,410,18.0,"29, WILSON (AVENUE DU PR",,,Plein jour,En agglomération,Hors intersection,Normale,Deux véhicules - côté,,,,,,,,,,,1,2,1,1,3
200500051445,0005-08-18 09:30:00,5,8,18,9,30,410,18.0,MEDICIS (AVENUE),,,Plein jour,En agglomération,Hors intersection,Normale,Deux véhicules - côté,,,,,,,,,,,1,2,1,1,3
200500051446,0005-08-17 08:55:00,5,8,17,8,55,410,18.0,VILLEBOIS-MAREUIL (QUAI),,,Plein jour,En agglomération,Hors intersection,Normale,Deux véhicules - côté,,,,,,,,,,,1,2,1,1,3
200500051447,0005-08-17 14:55:00,5,8,17,14,55,410,18.0,LAIGRET (AVENUE DU DOCTE,,,Plein jour,En agglomération,Hors intersection,Normale,Deux véhicules - côté,,,,,,,,,,,1,2,1,1,3
200500051448,0005-08-23 12:20:00,5,8,23,12,20,410,212.0,GAILLETROUS (RUE DES),,,Plein jour,En agglomération,Hors intersection,Normale,Deux véhicules - frontale,,,,,,,,,,,1,2,1,1,1
200500051449,0005-08-24 10:12:00,5,8,24,10,12,410,18.0,GENTIL (BOULEVARD RENE),,,Plein jour,En agglomération,Intersection en T,Normale,Deux véhicules - côté,,,,,,,,,,,1,2,3,1,3
200500051450,0005-08-25 04:45:00,5,8,25,4,45,410,18.0,VENDOME (AVENUE DE),,,Nuit avec éclairage allumé,En agglomération,Hors intersection,Normale,Deux véhicules - côté,,,,,,,,,,,5,2,1,1,3
200500051451,0005-08-30 12:50:00,5,8,30,12,50,410,18.0,MEDICIS (AVENUE),,,Plein jour,En agglomération,Autre intersection,Normale,Deux véhicules - côté,,,,,,,,,,,1,2,9,1,3
200500051452,0005-08-06 17:10:00,5,8,6,17,10,410,269.0,"., TERTRE DE LA GLACIERE",,,Plein jour,En agglomération,Hors intersection,Normale,Deux véhicules - frontale,,,,,,,,,,,1,2,1,1,1
200500051453,0005-08-20 12:20:00,5,8,20,12,20,410,226.0,"., CARTIER (RUE JACQUES)",,,Plein jour,En agglomération,Intersection en X,Normale,Deux véhicules - côté,,,,,,,,,,,1,2,2,1,3
200500051454,0005-08-23 00:15:00,5,8,23,0,15,410,269.0,RN 10,,,Nuit sans éclairage public,Hors agglomération,Hors intersection,Pluie légère,Deux véhicules - arrière,,,,,,,,,,,3,1,1,2,2
200500051455,0005-08-02 15:30:00,5,8,2,15,30,420,183.0,GAMBETTA (RUE),,,Plein jour,En agglomération,Hors intersection,Pluie légère,Deux véhicules - côté,,,,,,,,,,,1,2,1,2,3
200500051456,0005-08-08 12:40:00,5,8,8,12,40,420,44.0,"07, SORBIERS (ALLEE DES)",,,Plein jour,En agglomération,Hors intersection,Normale,Autre collision,,,,,,,,,,,1,2,1,1,6
200500051457,0005-08-08 19:00:00,5,8,8,19,0,420,44.0,"3, GAMBETTA (RUE)",,,Plein jour,En agglomération,Hors intersection,Normale,Autre collision,,,,,,,,,,,1,2,1,1,6
200500051458,0005-08-13 02:05:00,5,8,13,2,5,420,44.0,"21, PASTEUR (RUE LOUIS)",,,Nuit avec éclairage allumé,En agglomération,Hors intersection,Normale,Autre collision,,,,,,,,,,,5,2,1,1,6
200500051459,0005-08-11 08:50:00,5,8,11,8,50,420,31.0,SAINT MAURICE (ROUTE DE),,,Plein jour,Hors agglomération,Hors intersection,Temps couvert,Deux véhicules - frontale,,,,,,,,,,,1,1,1,8,1
200500051460,0005-08-22 13:45:00,5,8,22,13,45,420,316.0,CHENIER (RUE ANDRE),,,Plein jour,Hors agglomération,Hors intersection,Pluie légère,Deux véhicules - arrière,,,,,,,,,,,1,1,1,2,2
200500051461,0005-08-12 23:15:00,5,8,12,23,15,420,31.0,SAINT MAURICE (ROUTE DE),,,Nuit sans éclairage public,Hors agglomération,Hors intersection,Normale,Sans collision,,,,,,,,,,,3,1,1,1,7
200500051462,0005-08-23 16:25:00,5,8,23,16,25,420,316.0,"24, CURIE (RUE PIERRE)",,,Plein jour,En agglomération,Hors intersection,Normale,Trois véhicules et plus - collisions multiples,,,,,,,,,,,1,2,1,1,5
200500051463,0005-08-01 10:30:00,5,8,1,10,30,420,147.0,"1, PREFECTURE (BOULEVARD",,,Plein jour,En agglomération,Hors intersection,Normale,Autre collision,,,,,,,,,,,1,2,1,1,6
200500051464,0005-08-30 09:50:00,5,8,30,9,50,420,147.0,"1, HOTEL DE VILLE (PLACE",,,Plein jour,En agglomération,Autre intersection,Normale,Sans collision,,,,,,,,,,,1,2,9,1,7
200500051465,0005-08-01 14:50:00,5,8,1,14,50,420,187.0,"41, LYON (AVENUE DE)",,,Plein jour,En agglomération,Hors intersection,Normale,Autre collision,,,,,,,,,,,1,2,1,1,6
200500051466,0005-08-02 12:30:00,5,8,2,12,30,420,187.0,"1, MATEL (RUE DE )",,,Plein jour,En agglomération,Intersection en X,Pluie légère,Deux véhicules - côté,,,,,,,,,,,1,2,2,2,3
200500051467,0005-08-02 15:40:00,5,8,2,15,40,420,187.0,"89, CLERMONT (RUE DE )",,,Plein jour,En agglomération,Hors intersection,Normale,Autre collision,,,,,,,,,,,1,2,1,1,6
200500051468,0005-08-02 18:40:00,5,8,2,18,40,420,187.0,"1, DORMOY (RUE MARX)",,,Plein jour,En agglomération,Intersection en X,Pluie forte,Deux véhicules - côté,,,,,,,,,,,1,2,2,3,3
200500051469,0005-08-04 11:50:00,5,8,4,11,50,420,184.0,"1, POINCARE RAYMOND (RUE",,,Plein jour,En agglomération,Intersection en X,Normale,Deux véhicules - côté,,,,,,,,,,,1,2,2,1,3
200500051470,0005-08-04 21:10:00,5,8,4,21,10,420,187.0,"1, PALISSY (BOULEVARD BE",,,Nuit avec éclairage allumé,En agglomération,Intersection en X,Normale,Deux véhicules - côté,,,,,,,,,,,5,2,2,1,3
200500051471,0005-08-05 20:20:00,5,8,5,20,20,420,184.0,SAINT-ALBAN (RUE DE),,,Plein jour,En agglomération,Intersection en X,Normale,Deux véhicules - côté,,,,,,,,,,,1,2,2,1,3
200500051472,0005-08-07 20:22:00,5,8,7,20,22,420,187.0,"39, PROMENADES POPULLE (",,,Plein jour,En agglomération,Intersection en X,Normale,Autre collision,,,,,,,,,,,1,2,2,1,6
200500051473,0005-08-08 15:05:00,5,8,8,15,5,420,170.0,LE CHATELARD (LIEU DIT),,,Plein jour,En agglomération,Hors intersection,Normale,Sans collision,,,,,,,,,,,1,2,1,1,7
200500051474,0005-08-08 18:10:00,5,8,8,18,10,420,184.0,SAINT-ALBAN (ROUTE DE),,,Plein jour,En agglomération,Intersection en X,Normale,Deux véhicules - côté,,,,,,,,,,,1,2,2,1,3
200500051475,0005-08-13 19:17:00,5,8,13,19,17,420,187.0,"92, THOMAS (RUE ALBERT)",,,Plein jour,En agglomération,Hors intersection,Normale,Deux véhicules - arrière,,,,,,,,,,,1,2,1,1,2
200500051476,0005-08-15 16:35:00,5,8,15,16,35,420,127.0,"63, FONTAINE JEAN  (RUE",,,Plein jour,En agglomération,Hors intersection,Normale,Deux véhicules - côté,,,,,,,,,,,1,2,1,1,3
200500051477,0005-08-16 18:50:00,5,8,16,18,50,420,187.0,"120, MULSANT (RUE)",,,Plein jour,En agglomération,Hors intersection,Normale,Autre collision,,,,,,,,,,,1,2,1,1,6
200500051478,0005-08-17 13:20:00,5,8,17,13,20,420,187.0,PARIS (AVENUE DE),,,Plein jour,En agglomération,Intersection en X,Normale,Deux véhicules - côté,,,,,,,,,,,1,2,2,1,3
200500051479,0005-08-20 11:07:00,5,8,20,11,7,420,187.0,MULSANT (RUE),,,Plein jour,En agglomération,Intersection en T,Normale,Deux véhicules - côté,,,,,,,,,,,1,2,3,1,3
200500051480,0005-08-23 11:20:00,5,8,23,11,20,420,170.0,LE DEVANT(LIEU DIT),,,Plein jour,Hors agglomération,Hors intersection,Pluie légère,Sans collision,,,,,,,,,,,1,1,1,2,7
200500051481,0005-08-26 09:15:00,5,8,26,9,15,420,71.0,"1, JAURES  (RUE JEAN)",,,Plein jour,En agglomération,Intersection en T,Normale,Deux véhicules - côté,,,,,,,,,,,1,2,3,1,3
200500051482,0005-08-28 21:25:00,5,8,28,21,25,420,187.0,"48, BELGIQUE (BOULEVARD",,,Nuit avec éclairage allumé,En agglomération,Intersection en T,Normale,Deux véhicules - côté,,,,,,,,,,,5,2,3,1,3
200500051483,0005-08-30 18:50:00,5,8,30,18,50,420,170.0,"1, LE MOULIN TAMPON (LIE",,,Plein jour,En agglomération,Hors intersection,Normale,Deux véhicules - frontale,,,,,,,,,,,1,2,1,1,1
200500051484,0005-08-01 07:36:00,5,8,1,7,36,420,218.0,"22, PUITS ROZAN (DU)",,,Plein jour,En agglomération,Hors intersection,Normale,Sans collision,,,,,,,,,,,1,2,1,1,7
200500051485,0005-08-03 13:31:00,5,8,3,13,31,420,305.0,"27, CLEMENCEAU GEORGES",,,Plein jour,En agglomération,Hors intersection,Normale,Deux véhicules - côté,,,,,,,,,,,1,2,1,1,3
200500051486,0005-08-05 11:56:00,5,8,5,11,56,420,218.0,"07, BERGSON JUSQU'AUX N°",,,Plein jour,En agglomération,Hors intersection,Normale,Autre collision,,,,,,,,,,,1,2,1,1,6
200500051487,0005-08-05 13:52:00,5,8,5,13,52,420,189.0,Départementale 3,,,Plein jour,Hors agglomération,Giratoire,Normale,Deux véhicules - côté,,,,,,,,,,,1,1,6,1,3
200500051488,0005-08-08 14:47:00,5,8,8,14,47,420,218.0,"24, MONTAT (DE LA) JUSQU",,,Plein jour,En agglomération,Intersection en X,Normale,Deux véhicules - côté,,,,,,,,,,,1,2,2,1,3
200500051489,0005-08-22 11:30:00,5,8,22,11,30,420,218.0,"3, MORIN DU LIEUTENANT",,,Plein jour,En agglomération,Intersection en X,Pluie légère,Deux véhicules - côté,,,,,,,,,,,1,2,2,2,3
200500051490,0005-08-28 13:30:00,5,8,28,13,30,420,223.0,MONTBRISON,,,Plein jour,En agglomération,Hors intersection,Normale,Deux véhicules - côté,,,,,,,,,,,1,2,1,1,3
200500051491,0005-08-29 12:59:00,5,8,29,12,59,420,218.0,"20, TROIS MEULES (DES)",,,Plein jour,En agglomération,Hors intersection,Normale,Autre collision,,,,,,,,,,,1,2,1,1,6
200500051492,0005-08-29 14:39:00,5,8,29,14,39,420,218.0,"1, CHOLAT CHARLES",,,Plein jour,En agglomération,Hors intersection,Normale,Deux véhicules - arrière,,,,,,,,,,,1,2,1,1,2
200500051493,0005-08-31 07:51:00,5,8,31,7,51,420,218.0,THIERS (BOULEVARD),,,Plein jour,En agglomération,Hors intersection,Normale,Deux véhicules - arrière,,,,,,,,,,,1,2,1,1,2
200500051494,0005-08-31 11:08:00,5,8,31,11,8,420,218.0,"1, GOUNOD CHARLES",,,Plein jour,En agglomération,Intersection en T,Normale,Autre collision,,,,,,,,,,,1,2,3,1,6
200500051495,0005-08-09 20:40:00,5,8,9,20,40,430,41.0,SPORTS (AVENUE DES),,,Plein jour,En agglomération,Intersection en T,Normale,Deux véhicules - côté,,,,,,,,,,,1,2,3,1,3
200500051496,0005-08-12 09:55:00,5,8,12,9,55,430,157.0,"02, PIERRET (RUE)",,,Plein jour,En agglomération,Hors intersection,Normale,Trois véhicules et plus - en chaîne,,,,,,,,,,,1,2,1,1,4
200500051497,0005-08-13 21:15:00,5,8,13,21,15,430,89.0,MONDON (AVENUE DE),,,Crépuscule ou aube,En agglomération,Hors intersection,Normale,Deux véhicules - frontale,,,,,,,,,,,2,2,1,1,1
200500051498,0005-08-16 16:50:00,5,8,16,16,50,430,157.0,ST-LOUIS (BD),,,Plein jour,En agglomération,Hors intersection,Normale,Autre collision,,,,,,,,,,,1,2,1,1,6
200500051499,0005-08-16 19:25:00,5,8,16,19,25,430,157.0,MICHELET (PLACE),,,Plein jour,En agglomération,Hors intersection,Normale,Autre collision,,,,,,,,,,,1,2,1,1,6
200500051500,0005-08-17 12:15:00,5,8,17,12,15,430,41.0,DUPUY (AVENUE CHARLES),,,Plein jour,En agglomération,Hors intersection,Normale,Autre collision,,,,,,,,,,,1,2,1,1,6
200500051501,0005-08-24 14:30:00,5,8,24,14,30,430,157.0,88 (ROUTE NATIONALE),,,Plein jour,Hors agglomération,Hors intersection,Normale,Trois véhicules et plus - collisions multiples,,,,,,,,,,,1,1,1,1,5
200500051502,0005-08-03 10:10:00,5,8,3,10,10,440,55.0,KER RIVAUD ( ROUTE DE ),,,Plein jour,Hors agglomération,Intersection en T,Normale,Deux véhicules - côté,,,,,,,,,,,1,1,3,1,3
200500051503,0005-08-04 03:35:00,5,8,4,3,35,440,55.0,"2, HENNECART ( BOULEVARD",,,Nuit avec éclairage allumé,En agglomération,Hors intersection,Normale,Deux véhicules - côté,,,,,,,,,,,5,2,1,1,3
200500051504,0005-08-08 19:15:00,5,8,8,19,15,440,55.0,"0, NEYMAN ( AVENUE JEAN",,,Plein jour,En agglomération,Hors intersection,Normale,Sans collision,,,,,,,,,,,1,2,1,1,7
200500051505,0005-08-11 02:00:00,5,8,11,2,0,440,132.0,"0, BAULOIS (AVENUE DU)",,,Nuit avec éclairage allumé,Hors agglomération,Hors intersection,Normale,Sans collision,,,,,,,,,,,5,1,1,1,7
200500051506,0005-08-11 10:25:00,5,8,11,10,25,440,135.0,"0, LECLERC ( RUE DU MARÉ",,,Plein jour,En agglomération,Hors intersection,Normale,Deux véhicules - arrière,,,,,,,,,,,1,2,1,1,2
200500051507,0005-08-12 19:45:00,5,8,12,19,45,440,135.0,"0, L'HERMINIER ( QUAI DU",,,Plein jour,En agglomération,Hors intersection,Normale,Autre collision,,,,,,,,,,,1,2,1,1,6
200500051508,0005-08-08 08:15:00,5,8,8,8,15,440,55.0,"0, CHEVREL ( BOULEVARD D",,,Plein jour,En agglomération,Hors intersection,Normale,Deux véhicules - arrière,,,,,,,,,,,1,2,1,1,2
200500051509,0005-08-13 17:10:00,5,8,13,17,10,440,55.0,"39, LILAS ( AVENUE DES )",,,Plein jour,En agglomération,Hors intersection,Normale,Deux véhicules - arrière,,,,,,,,,,,1,2,1,1,2
200500051510,0005-08-14 00:30:00,5,8,14,0,30,440,132.0,"0, BAULOIS (AVENUE DU)",,,Nuit sans éclairage public,Hors agglomération,Hors intersection,Normale,Autre collision,,,,,,,,,,,3,1,1,1,6
200500051511,0005-08-19 01:25:00,5,8,19,1,25,440,55.0,"0, LATTRE DE TASSIGNY (",,,Nuit avec éclairage allumé,En agglomération,Intersection en T,Normale,Deux véhicules - frontale,,,,,,,,,,,5,2,3,1,1
200500051512,0005-08-21 15:00:00,5,8,21,15,0,440,55.0,"0, LILAS ( AVENUE DES )",,,Plein jour,En agglomération,Intersection en X,Normale,Deux véhicules - côté,,,,,,,,,,,1,2,2,1,3
200500051513,0005-08-24 15:55:00,5,8,24,15,55,440,135.0,"18, CORNEN ( RUE DE )",,,Plein jour,En agglomération,Hors intersection,Normale,Autre collision,,,,,,,,,,,1,2,1,1,6
200500051514,0005-08-25 10:38:00,5,8,25,10,38,440,55.0,"0, PALMIERS ( PLACE DES",,,Plein jour,En agglomération,Hors intersection,Normale,Autre collision,,,,,,,,,,,1,2,1,1,6
200500051515,0005-08-25 16:15:00,5,8,25,16,15,440,55.0,"283, LATTRE DE TASSIGNY",,,Plein jour,En agglomération,Hors intersection,Normale,Autre collision,,,,,,,,,,,1,2,1,1,6
200500051516,0005-08-27 10:00:00,5,8,27,10,0,440,135.0,"0, KERDUN ( AVENUE DE )",,,Plein jour,En agglomération,Hors intersection,Normale,Deux véhicules - côté,,,,,,,,,,,1,2,1,1,3
200500051517,0005-08-28 22:45:00,5,8,28,22,45,440,55.0,"11, DARLU ( BOULEVARD )",,,Nuit avec éclairage allumé,En agglomération,Hors intersection,Normale,Autre collision,,,,,,,,,,,5,2,1,1,6
200500051518,0005-08-29 14:30:00,5,8,29,14,30,440,135.0,"0, MARINE ( RUE DE LA )",,,Plein jour,En agglomération,Hors intersection,Normale,Autre collision,,,,,,,,,,,1,2,1,1,6
200500051519,0005-08-30 21:15:00,5,8,30,21,15,440,55.0,"32, JOFFRE ( AVENUE )",,,Crépuscule ou aube,En agglomération,Intersection en T,Normale,Deux véhicules - côté,,,,,,,,,,,2,2,3,1,3
200500051520,0005-08-01 17:15:00,5,8,1,17,15,440,109.0,PIRMIL ( PONT DE ),,,Plein jour,En agglomération,Hors intersection,Normale,Autre collision,,,,,,,,,,,1,2,1,1,6
200500051521,0005-08-04 18:10:00,5,8,4,18,10,440,143.0,"38, FORTIN (RUE VICTOR)",,,Plein jour,En agglomération,Hors intersection,Normale,Deux véhicules - frontale,,,,,,,,,,,1,2,1,1,1
200500051522,0005-08-05 13:20:00,5,8,5,13,20,440,109.0,"14, TALENSAC ( RUE DE )",,,Plein jour,En agglomération,Hors intersection,Normale,Autre collision,,,,,,,,,,,1,2,1,1,6
200500051523,0005-08-07 09:50:00,5,8,7,9,50,440,109.0,"., LUCE ( RTE DE SAINTE",,,Plein jour,En agglomération,Giratoire,Normale,Deux véhicules - côté,,,,,,,,,,,1,2,6,1,3
200500051524,0005-08-06 18:20:00,5,8,6,18,20,440,109.0,"146, PAVILLONS ( RUE DES",,,Plein jour,En agglomération,Hors intersection,Normale,Autre collision,,,,,,,,,,,1,2,1,1,6
200500051525,0005-08-07 11:25:00,5,8,7,11,25,440,109.0,"176, BELLAMY ( RUE PAUL",,,Plein jour,En agglomération,Intersection en T,Normale,Deux véhicules - côté,,,,,,,,,,,1,2,3,1,3
200500051526,0005-08-08 12:30:00,5,8,8,12,30,440,109.0,USINES ( CHEMIN DES ),,,Plein jour,En agglomération,Hors intersection,Normale,Sans collision,,,,,,,,,,,1,2,1,1,7
200500051527,0005-08-10 16:50:00,5,8,10,16,50,440,109.0,JOSEPH ( RTE DE ST ),,,Plein jour,En agglomération,Hors intersection,Normale,Autre collision,,,,,,,,,,,1,2,1,1,6
200500051528,0005-08-11 16:10:00,5,8,11,16,10,440,109.0,HOCHE ( QUAI ),,,Plein jour,En agglomération,Intersection en X,Normale,Autre collision,,,,,,,,,,,1,2,2,1,6
200500051529,0005-08-12 14:45:00,5,8,12,14,45,440,109.0,"00, LAMORICIERE  ( RUE )",,,Plein jour,En agglomération,Hors intersection,Normale,Autre collision,,,,,,,,,,,1,2,1,1,6
200500051530,0005-08-13 19:10:00,5,8,13,19,10,440,109.0,"46, DUCHAFFAULT ( RUE AM",,,Plein jour,En agglomération,Hors intersection,Normale,Autre collision,,,,,,,,,,,1,2,1,1,6
200500051531,0005-08-14 07:20:00,5,8,14,7,20,440,109.0,JUSTICE ( CH DE LA ),,,Crépuscule ou aube,En agglomération,Hors intersection,Pluie légère,Autre collision,,,,,,,,,,,2,2,1,2,6
200500051532,0005-08-14 17:50:00,5,8,14,17,50,440,109.0,NORMAND ( PL EDOUARD ),,,Plein jour,En agglomération,Hors intersection,Normale,Autre collision,,,,,,,,,,,1,2,1,1,6
200500051533,0005-08-14 07:30:00,5,8,14,7,30,440,109.0,BELLAMY ( RUE PAUL ),,,Plein jour,En agglomération,Intersection en X,Pluie légère,Deux véhicules - arrière,,,,,,,,,,,1,2,2,2,2
200500051534,0005-08-17 13:50:00,5,8,17,13,50,440,109.0,"3, AUVERGNE ( RUE LA TOU",,,Plein jour,En agglomération,Hors intersection,Normale,Autre collision,,,,,,,,,,,1,2,1,1,6
200500051535,0005-08-05 17:20:00,5,8,5,17,20,440,109.0,JACQUES ( RUE SAINT ),,,Plein jour,En agglomération,Hors intersection,Normale,Autre collision,,,,,,,,,,,1,2,1,1,6