accident_id,datetime,annee,mois,jour,heure,minute,departement,commune_insee,adresse,latitude,longitude,luminosite,agglomeration,intersection,meteo,collision,nb_vehicules,nb_usagers,nb_indemnes,nb_tues,nb_blesses_hosp,nb_blesses_legers,age_cond_1,age_cond_2,veh_type_cond_1,veh_type_cond_2,lum_code,agg_code,int_code,atm_code,col_code
200500051536,0005-08-08 03:20:00,5,8,8,3,20,440,109.0,PIRMIL ( PLACE ),,,Nuit avec éclairage allumé,En agglomération,Hors intersection,Normale,Sans collision,,,,,,,,,,,5,2,1,1,7
200500051537,0005-08-10 10:20:00,5,8,10,10,20,440,143.0,MARGUYONNES (ROND-POINT,,,Plein jour,En agglomération,Hors intersection,Normale,Autre collision,,,,,,,,,,,1,2,1,1,6
200500051538,0005-08-11 13:30:00,5,8,11,13,30,440,143.0,"25, BLORDIERE (RUE DE LA",,,Plein jour,En agglomération,Hors intersection,Normale,Autre collision,,,,,,,,,,,1,2,1,1,6
200500051539,0005-08-18 18:55:00,5,8,18,18,55,440,109.0,"00, JACKSONVILLE ( PLACE",,,Plein jour,En agglomération,Autre intersection,Normale,Deux véhicules - arrière,,,,,,,,,,,1,2,9,1,2
200500051540,0005-08-22 20:30:00,5,8,22,20,30,440,109.0,JOSEPH ( RTE DE ST ),,,Crépuscule ou aube,En agglomération,Intersection en X,Normale,Deux véhicules - côté,,,,,,,,,,,2,2,2,1,3
200500051541,0005-08-23 09:35:00,5,8,23,9,35,440,109.0,LONGCHAMP  ( BD DE ),,,Plein jour,En agglomération,Hors intersection,Normale,Deux véhicules - côté,,,,,,,,,,,1,2,1,1,3
200500051542,0005-08-24 07:45:00,5,8,24,7,45,440,109.0,BLANCHO ( BD FRANÇOIS ),,,Plein jour,En agglomération,Hors intersection,Normale,Autre collision,,,,,,,,,,,1,2,1,1,6
200500051543,0005-08-26 07:25:00,5,8,26,7,25,440,114.0,RN 137,,,Plein jour,Hors agglomération,Hors intersection,Normale,Autre collision,,,,,,,,,,,1,1,1,1,6
200500051544,0005-08-20 11:40:00,5,8,20,11,40,440,109.0,PENEAU ( BD AUGUSTE ),,,Plein jour,En agglomération,Intersection en T,Normale,Autre collision,,,,,,,,,,,1,2,3,1,6
200500051545,0005-08-26 21:35:00,5,8,26,21,35,440,109.0,MALAKOFF ( QUAI DE ),,,Nuit avec éclairage allumé,En agglomération,Hors intersection,Normale,Autre collision,,,,,,,,,,,5,2,1,1,6
200500051546,0005-08-29 13:45:00,5,8,29,13,45,440,109.0,CHATELETS ( RUE E DES ),,,Plein jour,En agglomération,Hors intersection,Normale,Autre collision,,,,,,,,,,,1,2,1,1,6
200500051547,0005-08-30 09:40:00,5,8,30,9,40,440,143.0,"95, JAURES (RUE JEAN)",,,Plein jour,En agglomération,Hors intersection,Normale,Autre collision,,,,,,,,,,,1,2,1,1,6
200500051548,0005-08-30 19:40:00,5,8,30,19,40,440,109.0,"1, LUCE ( RTE DE SAINTE",,,Plein jour,En agglomération,Intersection en X,Normale,Autre collision,,,,,,,,,,,1,2,2,1,6
200500051549,0005-08-31 22:15:00,5,8,31,22,15,440,109.0,"00, MICHELET ( BD )",,,Nuit avec éclairage allumé,En agglomération,Intersection en X,Normale,Deux véhicules - côté,,,,,,,,,,,5,2,2,1,3
200500051550,0005-08-06 20:40:00,5,8,6,20,40,440,184.0,"39, GAULLE (RUE DU GAL D",,,Plein jour,En agglomération,Intersection en X,Normale,Deux véhicules - côté,,,,,,,,,,,1,2,2,1,3
200500051551,0005-08-13 09:50:00,5,8,13,9,50,440,184.0,"43, LESNAIS (ROUTE DE)",,,Plein jour,En agglomération,Intersection en T,Normale,Deux véhicules - côté,,,,,,,,,,,1,2,3,1,3
200500051552,0005-08-21 12:00:00,5,8,21,12,0,440,184.0,BERTHAUDERIE (RUE DE LA),,,Plein jour,En agglomération,Intersection en X,Normale,Deux véhicules - côté,,,,,,,,,,,1,2,2,1,3
200500051553,0005-08-23 13:10:00,5,8,23,13,10,440,184.0,"22, COMMANDIERES (ROUTE",,,Plein jour,En agglomération,Hors intersection,Normale,Trois véhicules et plus - collisions multiples,,,,,,,,,,,1,2,1,1,5
200500051554,0005-08-24 13:50:00,5,8,24,13,50,440,184.0,"9, APPRENTIS (BOULEVARD",,,Plein jour,En agglomération,Hors intersection,Normale,Deux véhicules - côté,,,,,,,,,,,1,2,1,1,3
200500051555,0005-08-26 17:57:00,5,8,26,17,57,440,184.0,VILLES-MOLLÉ (ROUTE DE),,,Plein jour,En agglomération,Hors intersection,Normale,Deux véhicules - côté,,,,,,,,,,,1,2,1,1,3
200500051556,0005-08-28 21:20:00,5,8,28,21,20,440,184.0,ALBERT I (BOULEVARD) DU,,,Nuit avec éclairage allumé,En agglomération,Intersection en X,Normale,Deux véhicules - côté,,,,,,,,,,,5,2,2,1,3
200500051557,0005-08-30 00:52:00,5,8,30,0,52,450,4.0,"1550, VIROY (ROUTE DE)",,,Nuit avec éclairage allumé,En agglomération,Hors intersection,Normale,Autre collision,,,,,,,,,,,5,2,1,1,6
200500051558,0005-08-05 00:50:00,5,8,5,0,50,450,234.0,"9, DROITS DE L'HOMME (AV",,,Nuit avec éclairage allumé,En agglomération,Hors intersection,Normale,Deux véhicules - côté,,,,,,,,,,,5,2,1,1,3
200500051559,0005-08-06 16:15:00,5,8,6,16,15,450,235.0,"8, POULE BLANCHE (RUE DE",,,Plein jour,En agglomération,Hors intersection,Normale,Autre collision,,,,,,,,,,,1,2,1,1,6
200500051560,0005-08-06 11:30:00,5,8,6,11,30,450,285.0,MENDES FRANCE (AVENUE PI,,,Nuit avec éclairage non allumé,En agglomération,Hors intersection,Normale,Deux véhicules - côté,,,,,,,,,,,4,2,1,1,3
200500051561,0005-08-08 23:45:00,5,8,8,23,45,450,234.0,HALLEBARDE (RUE DE LA HA,,,Nuit avec éclairage allumé,En agglomération,Hors intersection,Normale,Sans collision,,,,,,,,,,,5,2,1,1,7
200500051562,0005-08-11 18:20:00,5,8,11,18,20,450,234.0,ALBERT 1ER (PLACE ALBERT,,,Plein jour,En agglomération,Hors intersection,Normale,Autre collision,,,,,,,,,,,1,2,1,1,6
200500051563,0005-08-13 22:55:00,5,8,13,22,55,450,234.0,ROCHEPLATTE (BOULEVARD),,,Nuit avec éclairage allumé,En agglomération,Hors intersection,Normale,Deux véhicules - côté,,,,,,,,,,,5,2,1,1,3
200500051564,0005-08-21 00:10:00,5,8,21,0,10,450,234.0,CHATELET (QUAI DU),,,Nuit avec éclairage allumé,En agglomération,Hors intersection,Normale,Trois véhicules et plus - en chaîne,,,,,,,,,,,5,2,1,1,4
200500051565,0005-08-22 10:30:00,5,8,22,10,30,450,286.0,"6, SANDILLON (ROUTE DE)",,,Plein jour,En agglomération,Hors intersection,Normale,Trois véhicules et plus - en chaîne,,,,,,,,,,,1,2,1,1,4
200500051566,0005-08-23 10:35:00,5,8,23,10,35,450,274.0,"230, GARENNES  (RUE DES)",,,Plein jour,En agglomération,Hors intersection,Normale,Sans collision,,,,,,,,,,,1,2,1,1,7
200500051567,0005-08-20 15:10:00,5,8,20,15,10,450,234.0,PRESIDENT KENNEDY (AVENU,,,Plein jour,En agglomération,Hors intersection,Normale,Deux véhicules - côté,,,,,,,,,,,1,2,1,1,3
200500051568,0005-08-30 08:10:00,5,8,30,8,10,450,234.0,SAINT LAURENT (QUAI ),,,Plein jour,En agglomération,Hors intersection,Temps éblouissant,Deux véhicules - côté,,,,,,,,,,,1,2,1,7,3
200500051569,0005-08-31 18:10:00,5,8,31,18,10,450,234.0,"126, BOURGOGNE (RUE DE)",,,Plein jour,En agglomération,Hors intersection,Normale,Deux véhicules - arrière,,,,,,,,,,,1,2,1,1,2
200500051570,0005-08-01 09:35:00,5,8,1,9,35,460,191.0,DEPARTEMENTALE N°811 (EN,,,Plein jour,Hors agglomération,Hors intersection,Pluie légère,Autre collision,,,,,,,,,,,1,1,1,2,6
200500051571,0005-08-11 14:15:00,5,8,11,14,15,460,42.0,Flottes (route de ),,,Plein jour,Hors agglomération,Intersection en X,Normale,Deux véhicules - côté,,,,,,,,,,,1,1,2,1,3
200500051572,0005-08-16 20:00:00,5,8,16,20,0,460,42.0,FONTANET-A-LA-COMBE-DE-M,,,Plein jour,En agglomération,Hors intersection,Normale,Autre collision,,,,,,,,,,,1,2,1,1,6
200500051573,0005-08-22 16:15:00,5,8,22,16,15,460,42.0,MERMOZ COLLINOT (AVENUE),,,Plein jour,En agglomération,Hors intersection,Normale,Deux véhicules - frontale,,,,,,,,,,,1,2,1,1,1
200500051574,0005-08-25 20:45:00,5,8,25,20,45,460,191.0,DEPARTEMENTALE N°811 (EN,,,Nuit sans éclairage public,Hors agglomération,Hors intersection,Pluie légère,Deux véhicules - frontale,,,,,,,,,,,3,1,1,2,1
200500051575,0005-08-27 15:00:00,5,8,27,15,0,460,42.0,ROCADE DE CAHORS,,,Plein jour,Hors agglomération,Hors intersection,Normale,Trois véhicules et plus - collisions multiples,,,,,,,,,,,1,1,1,1,5
200500051576,0005-08-27 17:30:00,5,8,27,17,30,460,42.0,ROCADE DE CAHORS,,,Plein jour,Hors agglomération,Hors intersection,Normale,Deux véhicules - côté,,,,,,,,,,,1,1,1,1,3
200500051577,0005-08-27 17:50:00,5,8,27,17,50,460,42.0,"65, GAMBETTA (BOULEVARD",,,Plein jour,En agglomération,Hors intersection,Normale,Deux véhicules - côté,,,,,,,,,,,1,2,1,1,3
200500051578,0005-08-03 14:36:00,5,8,3,14,36,470,1.0,JAURES (AV. JEAN),,,Plein jour,En agglomération,Hors intersection,Normale,Deux véhicules - arrière,,,,,,,,,,,1,2,1,1,2
200500051579,0005-08-06 02:35:00,5,8,6,2,35,470,1.0,PONT DE PIERRE,,,Nuit avec éclairage allumé,En agglomération,Hors intersection,Normale,Deux véhicules - arrière,,,,,,,,,,,5,2,1,1,2
200500051580,0005-08-20 17:40:00,5,8,20,17,40,470,1.0,DURAND (PLACE JEAN-BAPTI,,,Plein jour,En agglomération,Hors intersection,Normale,Autre collision,,,,,,,,,,,1,2,1,1,6
200500051581,0005-08-17 18:17:00,5,8,17,18,17,470,1.0,PONT DE PIERRE,,,Plein jour,En agglomération,Hors intersection,Pluie forte,Autre collision,,,,,,,,,,,1,2,1,3,6
200500051582,0005-08-04 13:50:00,5,8,4,13,50,470,157.0,"03, NEAU (AVENUE DU DOCT",,,Plein jour,En agglomération,Hors intersection,Normale,Autre collision,,,,,,,,,,,1,2,1,1,6
200500051583,0005-08-10 01:15:00,5,8,10,1,15,470,157.0,MEYNIEL (BOULEVARD),,,Nuit avec éclairage allumé,En agglomération,Hors intersection,Normale,Sans collision,,,,,,,,,,,5,2,1,1,7
200500051584,0005-08-11 16:30:00,5,8,11,16,30,470,157.0,LESTANG (PLACE DE ),,,Plein jour,En agglomération,Intersection en X,Normale,Deux véhicules - arrière,,,,,,,,,,,1,2,2,1,2
200500051585,0005-08-22 06:40:00,5,8,22,6,40,470,157.0,"85, LIBERTE (BOULEVARD D",,,Crépuscule ou aube,En agglomération,Hors intersection,Normale,Sans collision,,,,,,,,,,,2,2,1,1,7
200500051586,0005-08-07 14:50:00,5,8,7,14,50,470,323.0,GENERAL DE GAULLE (AVENU,,,Plein jour,En agglomération,Hors intersection,Temps éblouissant,Autre collision,,,,,,,,,,,1,2,1,7,6
200500051587,0005-08-13 21:40:00,5,8,13,21,40,470,323.0,R.D.911(ROUTE DE SAINTSY,,,Nuit sans éclairage public,En agglomération,Intersection en T,Normale,Deux véhicules - arrière,,,,,,,,,,,3,2,3,1,2
200500051588,0005-08-14 23:20:00,5,8,14,23,20,470,323.0,STE RADEGONDE,,,Nuit sans éclairage public,En agglomération,Hors intersection,Normale,Deux véhicules - frontale,,,,,,,,,,,3,2,1,1,1
200500051589,0005-08-20 21:00:00,5,8,20,21,0,470,323.0,PARRAN,,,Crépuscule ou aube,Hors agglomération,Hors intersection,Normale,Sans collision,,,,,,,,,,,2,1,1,1,7
200500051590,0005-08-12 18:00:00,5,8,12,18,0,480,95.0,RN 88 (LA TEBAIDE),,,Plein jour,Hors agglomération,Hors intersection,Normale,Sans collision,,,,,,,,,,,1,1,1,1,7
200500051591,0005-08-17 14:40:00,5,8,17,14,40,480,95.0,", BOURILLON (BOULEVARD H",,,Plein jour,En agglomération,Hors intersection,Normale,Deux véhicules - côté,,,,,,,,,,,1,2,1,1,3
200500051592,0005-08-20 19:20:00,5,8,20,19,20,480,95.0,ONZE NOVEMBRE (AVENUE DU,,,Plein jour,En agglomération,Hors intersection,Normale,Autre collision,,,,,,,,,,,1,2,1,1,6
200500051593,0005-08-02 11:53:00,5,8,2,11,53,490,15.0,"139, MENDES FRANCE AVENU",,,Plein jour,En agglomération,Hors intersection,Normale,Deux véhicules - côté,,,,,,,,,,,1,2,1,1,3
200500051594,0005-08-04 15:00:00,5,8,4,15,0,490,7.0,"185, VOLNEY",,,Plein jour,En agglomération,Hors intersection,Normale,Deux véhicules - arrière,,,,,,,,,,,1,2,1,1,2
200500051595,0005-08-06 10:34:00,5,8,6,10,34,490,267.0,"00, BEAUFORT ROUTE",,,Plein jour,En agglomération,Intersection en X,Normale,Deux véhicules - côté,,,,,,,,,,,1,2,2,1,3
200500051596,0005-08-06 19:45:00,5,8,6,19,45,490,7.0,"29, DEUX CROIX BOULEVARD",,,Plein jour,En agglomération,Hors intersection,Normale,Sans collision,,,,,,,,,,,1,2,1,1,7
200500051597,0005-08-08 12:45:00,5,8,8,12,45,490,7.0,"49, VOLNEY",,,Plein jour,En agglomération,Hors intersection,Normale,Autre collision,,,,,,,,,,,1,2,1,1,6
200500051598,0005-08-08 15:51:00,5,8,8,15,51,490,7.0,"00, GOURONNIERES",,,Plein jour,En agglomération,Hors intersection,Normale,Sans collision,,,,,,,,,,,1,2,1,1,7
200500051599,0005-08-09 06:40:00,5,8,9,6,40,490,7.0,"00, ARAGO BOULEVARD",,,Plein jour,En agglomération,Hors intersection,Normale,Deux véhicules - arrière,,,,,,,,,,,1,2,1,1,2
200500051600,0005-08-11 01:10:00,5,8,11,1,10,490,15.0,RN 162,,,Nuit sans éclairage public,Hors agglomération,Hors intersection,Normale,Autre collision,,,,,,,,,,,3,1,1,1,6
200500051601,0005-08-11 18:40:00,5,8,11,18,40,490,7.0,"00, PATTON AVENUE",,,Plein jour,En agglomération,Intersection en X,Normale,Deux véhicules - côté,,,,,,,,,,,1,2,2,1,3
200500051602,0005-08-12 12:24:00,5,8,12,12,24,490,353.0,"00, PILARD",,,Plein jour,En agglomération,Intersection en T,Normale,Deux véhicules - côté,,,,,,,,,,,1,2,3,1,3
200500051603,0005-08-13 07:42:00,5,8,13,7,42,490,7.0,"32, PAPIN",,,Plein jour,En agglomération,Hors intersection,Normale,Autre collision,,,,,,,,,,,1,2,1,1,6
200500051604,0005-08-18 10:45:00,5,8,18,10,45,490,267.0,"00, GIBAUDIERE",,,Plein jour,En agglomération,Hors intersection,Normale,Sans collision,,,,,,,,,,,1,2,1,1,7
200500051605,0005-08-18 16:08:00,5,8,18,16,8,490,7.0,"00, NICOLAS APPERT",,,Plein jour,En agglomération,Hors intersection,Normale,Autre collision,,,,,,,,,,,1,2,1,1,6
200500051606,0005-08-19 19:27:00,5,8,19,19,27,490,7.0,"29, CONDORCET",,,Plein jour,En agglomération,Hors intersection,Normale,Autre collision,,,,,,,,,,,1,2,1,1,6
200500051607,0005-08-19 23:15:00,5,8,19,23,15,490,7.0,"103, JAURES",,,Nuit avec éclairage allumé,En agglomération,Hors intersection,Normale,Deux véhicules - côté,,,,,,,,,,,5,2,1,1,3
200500051608,0005-08-20 08:35:00,5,8,20,8,35,490,7.0,"00, PASTEUR AVENUE",,,Plein jour,En agglomération,Intersection en Y,Normale,Deux véhicules - côté,,,,,,,,,,,1,2,4,1,3
200500051609,0005-08-20 14:47:00,5,8,20,14,47,490,7.0,"00, LAC DE MAINE AVENUE",,,Plein jour,En agglomération,Giratoire,Normale,Sans collision,,,,,,,,,,,1,2,6,1,7
200500051610,0005-08-20 22:53:00,5,8,20,22,53,490,7.0,"00, RAMON BOULEVARD",,,Nuit avec éclairage allumé,En agglomération,Hors intersection,Normale,Sans collision,,,,,,,,,,,5,2,1,1,7
200500051611,0005-08-21 16:05:00,5,8,21,16,5,490,7.0,"00, MEIGNANNE",,,Plein jour,En agglomération,Intersection en X,Normale,Sans collision,,,,,,,,,,,1,2,2,1,7
200500051612,0005-08-24 09:10:00,5,8,24,9,10,490,7.0,"00, BRISSAC",,,Plein jour,En agglomération,Intersection en X,Normale,Deux véhicules - côté,,,,,,,,,,,1,2,2,1,3
200500051613,0005-08-26 23:52:00,5,8,26,23,52,490,7.0,"00, AYRAULT",,,Nuit avec éclairage allumé,En agglomération,Hors intersection,Normale,Deux véhicules - côté,,,,,,,,,,,5,2,1,1,3
200500051614,0005-08-28 18:08:00,5,8,28,18,8,490,246.0,"62, ESNAULT",,,Plein jour,En agglomération,Hors intersection,Normale,Deux véhicules - côté,,,,,,,,,,,1,2,1,1,3
200500051615,0005-08-30 14:14:00,5,8,30,14,14,490,353.0,"45, GARE",,,Plein jour,En agglomération,Intersection en X,Normale,Deux véhicules - côté,,,,,,,,,,,1,2,2,1,3
200500051616,0005-08-31 02:06:00,5,8,31,2,6,490,7.0,"46, FOCH BOULEVARD",,,Nuit avec éclairage allumé,En agglomération,Hors intersection,Normale,Autre collision,,,,,,,,,,,5,2,1,1,6
200500051617,0005-08-30 15:18:00,5,8,30,15,18,490,7.0,"06, GALLIENI BOULEVARD",,,Plein jour,En agglomération,Hors intersection,Normale,Sans collision,,,,,,,,,,,1,2,1,1,7
200500051618,0005-08-30 17:33:00,5,8,30,17,33,490,7.0,"67 BIS, DUPETIT THOUARS",,,Plein jour,En agglomération,Hors intersection,Normale,Sans collision,,,,,,,,,,,1,2,1,1,7
200500051619,0005-08-31 12:32:00,5,8,31,12,32,490,15.0,"00, RN 162",,,Plein jour,En agglomération,Hors intersection,Normale,Deux véhicules - côté,,,,,,,,,,,1,2,1,1,3
200500051620,0005-08-31 20:06:00,5,8,31,20,6,490,7.0,"140, DE LATTRE DE TASSIG",,,Nuit avec éclairage allumé,En agglomération,Hors intersection,Normale,Sans collision,,,,,,,,,,,5,2,1,1,7
200500051621,0005-08-01 12:30:00,5,8,1,12,30,490,7.0,"00, VIGNE PLACE ET RUE",,,Plein jour,En agglomération,Hors intersection,Normale,Sans collision,,,,,,,,,,,1,2,1,1,7
200500051622,0005-08-21 01:41:00,5,8,21,1,41,490,7.0,"174, PYRAMIDE ROUTE",,,Nuit avec éclairage allumé,En agglomération,Hors intersection,Normale,Deux véhicules - côté,,,,,,,,,,,5,2,1,1,3
200500051623,0005-08-01 12:15:00,5,8,1,12,15,490,99.0,RN 2160,,,Plein jour,En agglomération,Hors intersection,Normale,Autre collision,,,,,,,,,,,1,2,1,1,6
200500051624,0005-08-02 15:50:00,5,8,2,15,50,490,99.0,POINCARE (RUE RAYMOND),,,Plein jour,En agglomération,Hors intersection,Normale,Autre collision,,,,,,,,,,,1,2,1,1,6
200500051625,0005-08-08 21:10:00,5,8,8,21,10,490,99.0,RD 20,,,Plein jour,En agglomération,Hors intersection,Normale,Deux véhicules - côté,,,,,,,,,,,1,2,1,1,3
200500051626,0005-08-13 19:00:00,5,8,13,19,0,490,99.0,"1, SAINT ANTOINE (RUE DE",,,Plein jour,En agglomération,Intersection en X,Normale,Deux véhicules - côté,,,,,,,,,,,1,2,2,1,3
200500051627,0005-08-14 12:50:00,5,8,14,12,50,490,99.0,"2, DEMI-LUNE (PLACE DE L",,,Plein jour,En agglomération,Place,Normale,Deux véhicules - côté,,,,,,,,,,,1,2,7,1,3
200500051628,0005-08-22 08:15:00,5,8,22,8,15,490,99.0,RD 158,,,Plein jour,En agglomération,Hors intersection,Normale,Deux véhicules - côté,,,,,,,,,,,1,2,1,1,3
200500051629,0005-08-22 13:00:00,5,8,22,13,0,490,99.0,CORMIER (BOULEVARD DU),,,Plein jour,En agglomération,Hors intersection,Normale,Trois véhicules et plus - collisions multiples,,,,,,,,,,,1,2,1,1,5
200500051630,0005-08-26 12:35:00,5,8,26,12,35,490,99.0,"53, ARC (BOULEVRAD JEANN",,,Plein jour,En agglomération,Hors intersection,Normale,Deux véhicules - côté,,,,,,,,,,,1,2,1,1,3
200500051631,0005-08-04 17:30:00,5,8,4,17,30,490,328.0,"80, DE GAULLE (AVENUE DU",,,Plein jour,En agglomération,Hors intersection,Normale,Deux véhicules - arrière,,,,,,,,,,,1,2,1,1,2
200500051632,0005-08-06 12:00:00,5,8,6,12,0,490,328.0,"111, ROUEN (RUE DE) N 14",,,Plein jour,En agglomération,Hors intersection,Normale,Deux véhicules - côté,,,,,,,,,,,1,2,1,1,3
200500051633,0005-08-07 05:30:00,5,8,7,5,30,490,328.0,"50, LECLERC (RUE DU MARE",,,Crépuscule ou aube,En agglomération,Hors intersection,Normale,Autre collision,,,,,,,,,,,2,2,1,1,6
200500051634,0005-08-21 13:00:00,5,8,21,13,0,490,328.0,"SANS, VERDEN (AVENUE DE)",,,Plein jour,Hors agglomération,Hors intersection,Normale,Autre collision,,,,,,,,,,,1,1,1,1,6
200500051635,0005-08-26 17:05:00,5,8,26,17,5,490,328.0,"sans, BEAUREPAIRE (RUE)",,,Plein jour,En agglomération,Intersection en X,Normale,Deux véhicules - côté,,,,,,,,,,,1,2,2,1,3
200500051636,0005-08-30 20:05:00,5,8,30,20,5,490,328.0,"32, ROUEN (RUE DE) N 147",,,Plein jour,En agglomération,Hors intersection,Normale,Autre collision,,,,,,,,,,,1,2,1,1,6
200500051637,0005-08-01 12:45:00,5,8,1,12,45,500,602.0,"40, BRETONNIERE (RUE DE",,,Plein jour,En agglomération,Intersection en T,Normale,Deux véhicules - côté,,,,,,,,,,,1,2,3,1,3
200500051638,0005-08-02 17:15:00,5,8,2,17,15,500,129.0,"00, ATLANTIQUE (BOULEVAR",,,Plein jour,En agglomération,Hors intersection,Normale,Deux véhicules - côté,,,,,,,,,,,1,2,1,1,3
200500051639,0005-08-02 18:15:00,5,8,2,18,15,500,602.0,"29, LECLERC (RUE DU GENE",,,Plein jour,En agglomération,Hors intersection,Normale,Deux véhicules - frontale,,,,,,,,,,,1,2,1,1,1
200500051640,0005-08-03 17:25:00,5,8,3,17,25,500,129.0,"81, ZOLA (RUE EMILE)",,,Plein jour,En agglomération,Hors intersection,Normale,Deux véhicules - arrière,,,,,,,,,,,1,2,1,1,2
200500051641,0005-08-04 17:25:00,5,8,4,17,25,500,129.0,"143, PARIS (AVENUE DE)",,,Plein jour,En agglomération,Hors intersection,Normale,Deux véhicules - côté,,,,,,,,,,,1,2,1,1,3
200500051642,0005-08-09 13:30:00,5,8,9,13,30,500,602.0,"00, ALLIES (RUE DES)",,,Plein jour,En agglomération,Hors intersection,Normale,Sans collision,,,,,,,,,,,1,2,1,1,7
200500051643,0005-08-10 09:15:00,5,8,10,9,15,500,602.0,EST (BOULEVARD DE L'),,,Plein jour,En agglomération,Hors intersection,Normale,Deux véhicules - arrière,,,,,,,,,,,1,2,1,1,2
200500051644,0005-08-11 16:15:00,5,8,11,16,15,500,416.0,"00, HAGUE (BOULEVARD DE",,,Plein jour,En agglomération,Hors intersection,Normale,Sans collision,,,,,,,,,,,1,2,1,1,7
200500051645,0005-08-14 18:20:00,5,8,14,18,20,500,129.0,"0, DELAVILLE (RUE)",,,Plein jour,En agglomération,Intersection en T,Normale,Deux véhicules - côté,,,,,,,,,,,1,2,3,1,3
200500051646,0005-08-15 00:55:00,5,8,15,0,55,500,129.0,CESSART (AVENUE DE),,,Nuit avec éclairage allumé,En agglomération,Hors intersection,Normale,Autre collision,,,,,,,,,,,5,2,1,1,6
200500051647,0005-08-16 21:20:00,5,8,16,21,20,500,129.0,"0, HUGO (RUE VICTOR)",,,Plein jour,En agglomération,Hors intersection,Normale,Sans collision,,,,,,,,,,,1,2,1,1,7
200500051648,0005-08-17 16:20:00,5,8,17,16,20,500,203.0,"00, AXE NORD SUD",,,Plein jour,Hors agglomération,Hors intersection,Normale,Sans collision,,,,,,,,,,,1,1,1,1,7
200500051649,0005-08-18 22:40:00,5,8,18,22,40,500,173.0,"00, GAULLE (RUE DU GENER",,,Nuit avec éclairage allumé,En agglomération,Hors intersection,Normale,Deux véhicules - frontale,,,,,,,,,,,5,2,1,1,1
200500051650,0005-08-20 18:40:00,5,8,20,18,40,500,129.0,"94, LECLERC (RUE DU MARE",,,Plein jour,En agglomération,Hors intersection,Normale,Sans collision,,,,,,,,,,,1,2,1,1,7
200500051651,0005-08-23 10:00:00,5,8,23,10,0,500,173.0,ARAGO (RUE),,,Plein jour,En agglomération,Hors intersection,Normale,Sans collision,,,,,,,,,,,1,2,1,1,7
200500051652,0005-08-25 07:50:00,5,8,25,7,50,500,203.0,", SAINT EXUPERY (RUE)",,,Plein jour,En agglomération,Intersection en T,Temps couvert,Deux véhicules - côté,,,,,,,,,,,1,2,3,8,3
200500051653,0005-08-31 19:00:00,5,8,31,19,0,500,602.0,COTENTIN (BOULEVARD DU),,,Plein jour,En agglomération,Intersection en X,Normale,Trois véhicules et plus - collisions multiples,,,,,,,,,,,1,2,2,1,5
200500051654,0005-08-11 15:25:00,5,8,11,15,25,500,147.0,"21, SAINT MALO",,,Plein jour,En agglomération,Intersection en Y,Temps éblouissant,Deux véhicules - côté,,,,,,,,,,,1,2,4,7,3
200500051655,0005-08-23 17:10:00,5,8,23,17,10,500,147.0,"17, ECLUSE CHETTE",,,Plein jour,En agglomération,Hors intersection,Normale,Autre collision,,,,,,,,,,,1,2,1,1,6
200500051656,0005-08-13 20:50:00,5,8,13,20,50,500,218.0,"82, MARECHAL LECLERC (AV",,,Crépuscule ou aube,En agglomération,Hors intersection,Pluie légère,Autre collision,,,,,,,,,,,2,2,1,2,6
200500051657,0005-08-19 13:45:00,5,8,19,13,45,500,218.0,"755, MATIGNON (AV DES)",,,Plein jour,En agglomération,Hors intersection,Normale,Autre collision,,,,,,,,,,,1,2,1,1,6
200500051658,0005-08-23 18:47:00,5,8,23,18,47,500,218.0,"néant, GARE (AV DE LA )",,,Plein jour,En agglomération,Hors intersection,Normale,Deux véhicules - arrière,,,,,,,,,,,1,2,1,1,2
200500051659,0005-08-31 16:00:00,5,8,31,16,0,500,218.0,"131, COURAYE (RUE)",,,Plein jour,En agglomération,Hors intersection,Normale,Autre collision,,,,,,,,,,,1,2,1,1,6
200500051660,0005-08-02 20:25:00,5,8,2,20,25,510,108.0,"20 Bis, DUNANT (RUE HENR",,,Plein jour,En agglomération,Hors intersection,Normale,Autre collision,,,,,,,,,,,1,2,1,1,6
200500051661,0005-08-09 09:25:00,5,8,9,9,25,510,108.0,"1, CHEVAUX (PL AUX)",,,Plein jour,En agglomération,Intersection en X,Normale,Deux véhicules - côté,,,,,,,,,,,1,2,2,1,3
200500051662,0005-08-07 14:10:00,5,8,7,14,10,510,108.0,RN 3,,,Plein jour,En agglomération,Hors intersection,Normale,Deux véhicules - côté,,,,,,,,,,,1,2,1,1,3
200500051663,0005-08-19 11:15:00,5,8,19,11,15,510,525.0,RN 44,,,Plein jour,En agglomération,Intersection en T,Pluie légère,Deux véhicules - côté,,,,,,,,,,,1,2,3,2,3
200500051664,0005-08-04 01:35:00,5,8,4,1,35,510,454.0,JAURES (AVENUE JEAN) DU,,,Nuit avec éclairage allumé,En agglomération,Intersection en X,Normale,Deux véhicules - frontale,,,,,,,,,,,5,2,2,1,1
200500051665,0005-08-04 07:30:00,5,8,4,7,30,510,172.0,FRATERNITE (PLACE),,,Plein jour,En agglomération,Giratoire,Normale,Deux véhicules - côté,,,,,,,,,,,1,2,6,1,3
200500051666,0005-08-07 14:50:00,5,8,7,14,50,510,454.0,POMMERY (BOULEVARD),,,Plein jour,En agglomération,Intersection en X,Normale,Deux véhicules - côté,,,,,,,,,,,1,2,2,1,3