accident_id,datetime,annee,mois,jour,heure,minute,departement,commune_insee,adresse,latitude,longitude,luminosite,agglomeration,intersection,meteo,collision,nb_vehicules,nb_usagers,nb_indemnes,nb_tues,nb_blesses_hosp,nb_blesses_legers,age_cond_1,age_cond_2,veh_type_cond_1,veh_type_cond_2,lum_code,agg_code,int_code,atm_code,col_code
200500051667,0005-08-10 14:20:00,5,8,10,14,20,510,454.0,PAIX (BOULEVARD DE LA),,,Plein jour,En agglomération,Place,Normale,Autre collision,,,,,,,,,,,1,2,7,1,6
200500051668,0005-08-11 18:50:00,5,8,11,18,50,510,454.0,EPERNAY (AVENUE D') COTE,,,Plein jour,En agglomération,Intersection en T,Normale,Deux véhicules - arrière,,,,,,,,,,,1,2,3,1,2
200500051669,0005-08-17 09:00:00,5,8,17,9,0,510,454.0,VAL DE VESLE (BOULEVARD),,,Plein jour,En agglomération,Passage à niveau,Normale,Deux véhicules - côté,,,,,,,,,,,1,2,8,1,3
200500051670,0005-08-19 09:15:00,5,8,19,9,15,510,454.0,"09, VASCO DE GAMMA (BOUL",,,Plein jour,En agglomération,Intersection en T,Pluie légère,Autre collision,,,,,,,,,,,1,2,3,2,6
200500051671,0005-08-18 13:30:00,5,8,18,13,30,510,454.0,SCHWEITZER (RUE DU DOCTE,,,Plein jour,En agglomération,Hors intersection,Normale,Deux véhicules - frontale,,,,,,,,,,,1,2,1,1,1
200500051672,0005-08-18 14:30:00,5,8,18,14,30,510,454.0,"1, VASNIER (BOULEVARD HE",,,Plein jour,En agglomération,Intersection en T,Normale,Deux véhicules - côté,,,,,,,,,,,1,2,3,1,3
200500051673,0005-08-25 06:20:00,5,8,25,6,20,510,454.0,MARCHANDEAU (AVENUE PAUL,,,Nuit avec éclairage allumé,En agglomération,Intersection en X,Pluie forte,Deux véhicules - frontale,,,,,,,,,,,5,2,2,3,1
200500051674,0005-08-26 19:00:00,5,8,26,19,0,510,454.0,"15, LUNDY (BOULEVARD)",,,Plein jour,En agglomération,Intersection en T,Normale,Deux véhicules - arrière,,,,,,,,,,,1,2,3,1,2
200500051675,0005-08-27 14:30:00,5,8,27,14,30,510,454.0,JAURES (AVENUE JEAN) DU,,,Plein jour,En agglomération,Intersection en X,Normale,Deux véhicules - côté,,,,,,,,,,,1,2,2,1,3
200500051676,0005-08-03 00:15:00,5,8,3,0,15,520,121.0,"49, TANNERIES (RUE DES)",,,Nuit avec éclairage allumé,En agglomération,Hors intersection,Brouillard / fumée,Autre collision,,,,,,,,,,,5,2,1,5,6
200500051677,0005-08-31 01:45:00,5,8,31,1,45,520,121.0,R.N. 19 SUD,,,Nuit sans éclairage public,Hors agglomération,Hors intersection,Normale,Autre collision,,,,,,,,,,,3,1,1,1,6
200500051678,0005-08-06 10:01:00,5,8,6,10,1,520,121.0,"20, LALOY (RUE)",,,Plein jour,En agglomération,Intersection en T,Normale,Autre collision,,,,,,,,,,,1,2,3,1,6
200500051679,0005-08-26 19:15:00,5,8,26,19,15,520,121.0,"0, ASHTON UNDER LYNE (AV",,,Plein jour,En agglomération,Hors intersection,Normale,Autre collision,,,,,,,,,,,1,2,1,1,6
200500051680,0005-08-29 11:10:00,5,8,29,11,10,520,121.0,R.D. 65,,,Plein jour,Hors agglomération,Intersection en T,Normale,Deux véhicules - arrière,,,,,,,,,,,1,1,3,1,2
200500051681,0005-08-02 18:35:00,5,8,2,18,35,520,448.0,RN67,,,Plein jour,Hors agglomération,Hors intersection,Normale,Deux véhicules - frontale,,,,,,,,,,,1,1,1,1,1
200500051682,0005-08-10 10:08:00,5,8,10,10,8,520,534.0,PONT VICTOR HUGO,,,Plein jour,En agglomération,Intersection en Y,Normale,Deux véhicules - côté,,,,,,,,,,,1,2,4,1,3
200500051683,0005-08-14 19:50:00,5,8,14,19,50,520,448.0,"1, ALSACE LORRAINE (AVEN",,,Plein jour,En agglomération,Hors intersection,Normale,Sans collision,,,,,,,,,,,1,2,1,1,7
200500051684,0005-08-17 11:00:00,5,8,17,11,0,520,448.0,"85, BLUM (RUE LEON)",,,Plein jour,En agglomération,Intersection en X,Normale,Autre collision,,,,,,,,,,,1,2,2,1,6
200500051685,0005-08-24 16:45:00,5,8,24,16,45,520,448.0,"11, JAURES (RUE JEAN) IM",,,Plein jour,En agglomération,Autre intersection,Normale,Autre collision,,,,,,,,,,,1,2,9,1,6
200500051686,0005-08-29 18:35:00,5,8,29,18,35,520,448.0,"29, NANCY (ROUTE DE)",,,Plein jour,En agglomération,Hors intersection,Temps éblouissant,Autre collision,,,,,,,,,,,1,2,1,7,6
200500051687,0005-08-29 19:25:00,5,8,29,19,25,520,448.0,"23, LATTRE DE TASSIGNY (",,,Plein jour,En agglomération,Hors intersection,Temps éblouissant,Autre collision,,,,,,,,,,,1,2,1,7,6
200500051688,0005-08-10 10:10:00,5,8,10,10,10,530,130.0,ANGERS ( ROUTE ),,,Plein jour,Hors agglomération,Hors intersection,Normale,Sans collision,,,,,,,,,,,1,1,1,1,7
200500051689,0005-08-12 20:50:00,5,8,12,20,50,530,130.0,BATARD ( RUE HENRI ),,,Plein jour,En agglomération,Giratoire,Normale,Sans collision,,,,,,,,,,,1,2,6,1,7
200500051690,0005-08-17 18:55:00,5,8,17,18,55,530,130.0,ANGERS ( ROUTE ),,,Plein jour,Hors agglomération,Intersection en X,Normale,Deux véhicules - côté,,,,,,,,,,,1,1,2,1,3
200500051691,0005-08-26 17:30:00,5,8,26,17,30,530,130.0,JAURES ( BOULEVARD JEAN,,,Plein jour,En agglomération,Hors intersection,Normale,Deux véhicules - arrière,,,,,,,,,,,1,2,1,1,2
200500051692,0005-08-01 14:10:00,5,8,1,14,10,540,36.0,139 (RD),,,Plein jour,Hors agglomération,Hors intersection,Normale,Sans collision,,,,,,,,,,,1,1,1,1,7
200500051693,0005-08-29 15:15:00,5,8,29,15,15,540,273.0,"01, BOIS DU FOUR",,,Plein jour,En agglomération,Hors intersection,Normale,Deux véhicules - côté,,,,,,,,,,,1,2,1,1,3
200500051694,0005-08-30 19:35:00,5,8,30,19,35,540,273.0,"04, 26 AOUT (RUE DU)",,,Plein jour,En agglomération,Hors intersection,Normale,Autre collision,,,,,,,,,,,1,2,1,1,6
200500051695,0005-08-11 12:10:00,5,8,11,12,10,540,159.0,"58, ARC (RUE JEANNE D')",,,Plein jour,En agglomération,Intersection en X,Normale,Deux véhicules - côté,,,,,,,,,,,1,2,2,1,3
200500051696,0005-08-23 15:50:00,5,8,23,15,50,540,323.0,520 (R.D.),,,Plein jour,Hors agglomération,Hors intersection,Pluie légère,Deux véhicules - frontale,,,,,,,,,,,1,1,1,2,1
200500051697,0005-08-01 12:35:00,5,8,1,12,35,540,395.0,MALZEVILLE (RUE ET SENTI,,,Plein jour,En agglomération,Intersection en T,Normale,Deux véhicules - côté,,,,,,,,,,,1,2,3,1,3
200500051698,0005-08-01 15:25:00,5,8,1,15,25,540,357.0,"1, LAFAYETTE (RUE)",,,Plein jour,En agglomération,Intersection en Y,Normale,Autre collision,,,,,,,,,,,1,2,4,1,6
200500051699,0005-08-02 15:15:00,5,8,2,15,15,540,357.0,PINCHARD (RUE RAYMOND LI,,,Plein jour,En agglomération,Hors intersection,Normale,Deux véhicules - arrière,,,,,,,,,,,1,2,1,1,2
200500051700,0005-08-03 12:50:00,5,8,3,12,50,540,395.0,"24, LA SALLE (RUE DE)",,,Plein jour,En agglomération,Hors intersection,Normale,Autre collision,,,,,,,,,,,1,2,1,1,6
200500051701,0005-08-03 12:51:00,5,8,3,12,51,540,395.0,GAMBETTA (RUE),,,Plein jour,En agglomération,Intersection en X,Normale,Autre collision,,,,,,,,,,,1,2,2,1,6
200500051702,0005-08-03 17:10:00,5,8,3,17,10,540,498.0,GRAND'RUE,,,Plein jour,En agglomération,Intersection en T,Normale,Deux véhicules - côté,,,,,,,,,,,1,2,3,1,3
200500051703,0005-08-01 17:00:00,5,8,1,17,0,540,265.0,RD 570,,,Plein jour,En agglomération,Hors intersection,Normale,Deux véhicules - frontale,,,,,,,,,,,1,2,1,1,1
200500051704,0005-08-05 12:00:00,5,8,5,12,0,540,328.0,"6, TABARLY (RUE ERIC)",,,Plein jour,En agglomération,Hors intersection,Normale,Deux véhicules - frontale,,,,,,,,,,,1,2,1,1,1
200500051705,0005-08-06 20:10:00,5,8,6,20,10,540,495.0,BALZAC (RUE HONORE DE),,,Plein jour,En agglomération,Intersection en T,Normale,Deux véhicules - côté,,,,,,,,,,,1,2,3,1,3
200500051706,0005-08-08 14:00:00,5,8,8,14,0,540,300.0,COTE GRISE,,,Plein jour,Hors agglomération,Hors intersection,Normale,Deux véhicules - côté,,,,,,,,,,,1,1,1,1,3
200500051707,0005-08-07 15:00:00,5,8,7,15,0,540,257.0,MIRECOURT (ROUTE DE),,,Plein jour,En agglomération,Hors intersection,Normale,Deux véhicules - arrière,,,,,,,,,,,1,2,1,1,2
200500051708,0005-08-09 18:10:00,5,8,9,18,10,540,395.0,"132, STRASBOURG (AVENUE",,,Plein jour,En agglomération,Hors intersection,Normale,Autre collision,,,,,,,,,,,1,2,1,1,6
200500051709,0005-08-11 17:40:00,5,8,11,17,40,540,578.0,FOCH (BOULEVARD MARECHAL,,,Plein jour,En agglomération,Hors intersection,Normale,Deux véhicules - arrière,,,,,,,,,,,1,2,1,1,2
200500051710,0005-08-12 14:20:00,5,8,12,14,20,540,395.0,"70, METZ (RUE DE)",,,Plein jour,En agglomération,Intersection en T,Normale,Autre collision,,,,,,,,,,,1,2,3,1,6
200500051711,0005-08-12 20:55:00,5,8,12,20,55,540,395.0,AMERVAL  (RUE D'),,,Nuit avec éclairage allumé,En agglomération,Intersection en T,Normale,Deux véhicules - côté,,,,,,,,,,,5,2,3,1,3
200500051712,0005-08-13 00:30:00,5,8,13,0,30,540,25.0,SAINTE MARGUERITE (AVENU,,,Nuit avec éclairage allumé,Hors agglomération,Hors intersection,Normale,Sans collision,,,,,,,,,,,5,1,1,1,7
200500051713,0005-08-14 12:40:00,5,8,14,12,40,540,526.0,POTIER (RUE EUGENE),,,Plein jour,En agglomération,Intersection en X,Normale,Deux véhicules - côté,,,,,,,,,,,1,2,2,1,3
200500051714,0005-08-16 08:25:00,5,8,16,8,25,540,274.0,FAURE (RUE GABRIEL),,,Plein jour,En agglomération,Intersection en X,Normale,Deux véhicules - arrière,,,,,,,,,,,1,2,2,1,2
200500051715,0005-08-16 11:15:00,5,8,16,11,15,540,184.0,"1, BRIGACHTAL (AVENUE DE",,,Plein jour,En agglomération,Intersection en X,Normale,Deux véhicules - arrière,,,,,,,,,,,1,2,2,1,2
200500051716,0005-08-17 14:45:00,5,8,17,14,45,540,357.0,"51, PATTON (AV. DU GENER",,,Plein jour,En agglomération,Hors intersection,Normale,Trois véhicules et plus - en chaîne,,,,,,,,,,,1,2,1,1,4
200500051717,0005-08-17 15:03:00,5,8,17,15,3,540,526.0,"6, TOLSTOI (BOULEVARD)",,,Plein jour,En agglomération,Intersection en T,Normale,Autre collision,,,,,,,,,,,1,2,3,1,6
200500051718,0005-08-18 01:50:00,5,8,18,1,50,540,395.0,LALLEMENT (RUE LEOPOLD),,,Nuit avec éclairage allumé,En agglomération,Intersection en X,Normale,Deux véhicules - côté,,,,,,,,,,,5,2,2,1,3
200500051719,0005-08-18 17:40:00,5,8,18,17,40,540,395.0,"200, SAINT DIZIER (RUE 8",,,Plein jour,En agglomération,Intersection en X,Normale,Deux véhicules - côté,,,,,,,,,,,1,2,2,1,3
200500051720,0005-08-20 15:15:00,5,8,20,15,15,540,328.0,"350, MAZUROTS (RUE DES)",,,Plein jour,Hors agglomération,Intersection en X,Normale,Deux véhicules - côté,,,,,,,,,,,1,1,2,1,3
200500051721,0005-08-20 18:05:00,5,8,20,18,5,540,526.0,"1, MILLENAIRE (BOULEVARD",,,Plein jour,En agglomération,Hors intersection,Normale,Autre collision,,,,,,,,,,,1,2,1,1,6
200500051722,0005-08-21 10:25:00,5,8,21,10,25,540,395.0,PINCHARD (AVENUE - TAMAR,,,Plein jour,En agglomération,Hors intersection,Normale,Trois véhicules et plus - en chaîne,,,,,,,,,,,1,2,1,1,4
200500051723,0005-08-23 11:45:00,5,8,23,11,45,540,274.0,"., CATHERINE DE BOURBON",,,Plein jour,En agglomération,Hors intersection,Pluie légère,Autre collision,,,,,,,,,,,1,2,1,2,6
200500051724,0005-08-23 21:30:00,5,8,23,21,30,540,495.0,"14, BOSSERVILLE (ROUTE D",,,Nuit avec éclairage allumé,En agglomération,Hors intersection,Normale,Autre collision,,,,,,,,,,,5,2,1,1,6
200500051725,0005-08-25 12:30:00,5,8,25,12,30,540,274.0,MALGRANGE (AVENUE DE LA),,,Plein jour,En agglomération,Intersection en X,Pluie forte,Deux véhicules - côté,,,,,,,,,,,1,2,2,3,3
200500051726,0005-08-25 14:55:00,5,8,25,14,55,540,265.0,GENELIERE ( ALLEE DE LA,,,Plein jour,Hors agglomération,Hors intersection,Pluie forte,Sans collision,,,,,,,,,,,1,1,1,3,7
200500051727,0005-08-25 16:45:00,5,8,25,16,45,540,495.0,GRANDE RUE,,,Plein jour,En agglomération,Hors intersection,Pluie légère,Deux véhicules - arrière,,,,,,,,,,,1,2,1,2,2
200500051728,0005-08-25 17:35:00,5,8,25,17,35,540,547.0,HUITIEME REGIMENT D'ARTI,,,Plein jour,En agglomération,Intersection en T,Pluie légère,Trois véhicules et plus - en chaîne,,,,,,,,,,,1,2,3,2,4
200500051729,0005-08-26 17:30:00,5,8,26,17,30,540,395.0,"35, MALZEVILLE (RUE ET S",,,Plein jour,En agglomération,Intersection en Y,Normale,Deux véhicules - côté,,,,,,,,,,,1,2,4,1,3
200500051730,0005-08-26 09:45:00,5,8,26,9,45,540,304.0,SAPINIERE (RUE DE LA),,,Plein jour,En agglomération,Intersection en X,Normale,Deux véhicules - côté,,,,,,,,,,,1,2,2,1,3
200500051731,0005-08-27 04:05:00,5,8,27,4,5,540,547.0,MIRECOURT (ROUTE DE),,,Nuit avec éclairage allumé,En agglomération,Hors intersection,Normale,Autre collision,,,,,,,,,,,5,2,1,1,6
200500051732,0005-08-27 12:30:00,5,8,27,12,30,540,395.0,"18, ARMEE PATTON (RUE DE",,,Plein jour,En agglomération,Hors intersection,Normale,Deux véhicules - arrière,,,,,,,,,,,1,2,1,1,2
200500051733,0005-08-27 22:25:00,5,8,27,22,25,540,395.0,MARIN (VIADUC LOUIS),,,Nuit avec éclairage allumé,En agglomération,Hors intersection,Normale,Deux véhicules - arrière,,,,,,,,,,,5,2,1,1,2
200500051734,0005-08-28 00:30:00,5,8,28,0,30,540,526.0,"1, CAMELINAT (RUE)",,,Nuit avec éclairage allumé,En agglomération,Intersection en T,Normale,Autre collision,,,,,,,,,,,5,2,3,1,6
200500051735,0005-08-28 14:10:00,5,8,28,14,10,540,547.0,EUROPE (BOULEVARD DE L'),,,Plein jour,En agglomération,Intersection en T,Normale,Deux véhicules - frontale,,,,,,,,,,,1,2,3,1,1
200500051736,0005-08-28 18:00:00,5,8,28,18,0,540,395.0,"1, BRABOIS (AVENUE DE)",,,Plein jour,En agglomération,Intersection en X,Normale,Autre collision,,,,,,,,,,,1,2,2,1,6
200500051737,0005-08-31 16:55:00,5,8,31,16,55,540,395.0,LOBAU (BOULEVARD),,,Plein jour,En agglomération,Intersection à plus de 4 branches,Normale,Deux véhicules - côté,,,,,,,,,,,1,2,5,1,3
200500051738,0005-08-31 21:25:00,5,8,31,21,25,540,395.0,"40, LOBAU (BOULEVARD)",,,Nuit avec éclairage allumé,En agglomération,Intersection en X,Normale,Deux véhicules - côté,,,,,,,,,,,5,2,2,1,3
200500051739,0005-08-28 21:25:00,5,8,28,21,25,540,395.0,ALBERT 1ER  (BD),,,Nuit avec éclairage allumé,En agglomération,Intersection en X,Normale,Sans collision,,,,,,,,,,,5,2,2,1,7
200500051740,0005-08-20 00:25:00,5,8,20,0,25,540,79.0,RN 57,,,Nuit sans éclairage public,Hors agglomération,Hors intersection,Normale,Autre collision,,,,,,,,,,,3,1,1,1,6
200500051741,0005-08-07 13:07:00,5,8,7,13,7,540,528.0,"1, GENERAL BIGEARD (AVEN",,,Plein jour,En agglomération,Hors intersection,Normale,Deux véhicules - arrière,,,,,,,,,,,1,2,1,1,2
200500051742,0005-08-10 07:40:00,5,8,10,7,40,540,528.0,PINTEVILLE (BOULEVARD),,,Plein jour,En agglomération,Hors intersection,Normale,Deux véhicules - frontale,,,,,,,,,,,1,2,1,1,1
200500051743,0005-08-03 15:40:00,5,8,3,15,40,540,528.0,GENERAL BIGEARD (AVENUE),,,Plein jour,En agglomération,Intersection en X,Normale,Deux véhicules - côté,,,,,,,,,,,1,2,2,1,3
200500051744,0005-08-05 18:30:00,5,8,5,18,30,540,174.0,"1420, ROUTE DE PARIS",,,Plein jour,En agglomération,Hors intersection,Normale,Deux véhicules - frontale,,,,,,,,,,,1,2,1,1,1
200500051745,0005-08-17 14:20:00,5,8,17,14,20,540,528.0,AUSTRASIE,,,Plein jour,En agglomération,Autre intersection,Normale,Deux véhicules - frontale,,,,,,,,,,,1,2,9,1,1
200500051746,0005-08-02 17:40:00,5,8,2,17,40,540,149.0,NATIONALE 52 (ROUTE),,,Plein jour,Hors agglomération,Hors intersection,Normale,Sans collision,,,,,,,,,,,1,1,1,1,7
200500051747,0005-08-18 17:45:00,5,8,18,17,45,540,580.0,VERDUN (RUE DE),,,Plein jour,En agglomération,Intersection en Y,Normale,Deux véhicules - côté,,,,,,,,,,,1,2,4,1,3
200500051748,0005-08-18 17:27:00,5,8,18,17,27,540,521.0,"29, LANGEVIN PAUL (RUE)",,,Plein jour,En agglomération,Hors intersection,Normale,Autre collision,,,,,,,,,,,1,2,1,1,6
200500051749,0005-08-25 13:55:00,5,8,25,13,55,540,521.0,LANGEVIN PAUL (RUE),,,Plein jour,En agglomération,Autre intersection,Pluie légère,Sans collision,,,,,,,,,,,1,2,9,2,7
200500051750,0005-08-05 18:50:00,5,8,5,18,50,550,29.0,BRADFER ( RUE ERNEST ),,,Plein jour,Hors agglomération,Hors intersection,Normale,Deux véhicules - côté,,,,,,,,,,,1,1,1,1,3
200500051751,0005-08-20 08:50:00,5,8,20,8,50,550,29.0,ROUTE DE BEHONNE CD 116,,,Plein jour,Hors agglomération,Hors intersection,Normale,Sans collision,,,,,,,,,,,1,1,1,1,7
200500051752,0005-08-25 07:10:00,5,8,25,7,10,550,29.0,SCHUMAN ( RUE ROBERT ),,,Plein jour,En agglomération,Intersection en X,Normale,Deux véhicules - côté,,,,,,,,,,,1,2,2,1,3
200500051753,0005-08-30 13:05:00,5,8,30,13,5,550,186.0,LIBERATION ( AVENUE DE L,,,Plein jour,En agglomération,Hors intersection,Normale,Deux véhicules - frontale,,,,,,,,,,,1,2,1,1,1
200500051754,0005-08-07 12:30:00,5,8,7,12,30,550,545.0,JEAN MONNET ( BOULEVARD,,,Plein jour,En agglomération,Hors intersection,Normale,Sans collision,,,,,,,,,,,1,2,1,1,7
200500051755,0005-08-10 05:00:00,5,8,10,5,0,550,545.0,ETAIN ( AVENUE D' ),,,Crépuscule ou aube,Hors agglomération,Hors intersection,Normale,Sans collision,,,,,,,,,,,2,1,1,1,7
200500051756,0005-08-11 23:10:00,5,8,11,23,10,550,505.0,PIERRE GOUBET ET JEAN VA,,,Nuit avec éclairage allumé,En agglomération,Intersection en X,Normale,Deux véhicules - arrière,,,,,,,,,,,5,2,2,1,2
200500051757,0005-08-15 05:10:00,5,8,15,5,10,550,545.0,GAMBETTA (LEON),,,Crépuscule ou aube,En agglomération,Intersection en T,Normale,Sans collision,,,,,,,,,,,2,2,3,1,7
200500051758,0005-08-20 12:50:00,5,8,20,12,50,550,545.0,CINQUIEME R.A.P. (AVENUE,,,Plein jour,En agglomération,Hors intersection,Normale,Sans collision,,,,,,,,,,,1,2,1,1,7
200500051759,0005-08-01 10:26:00,5,8,1,10,26,560,98.0,"02, SEMBAT ( ET IMP. MAR",,,Plein jour,En agglomération,Hors intersection,Normale,Autre collision,,,,,,,,,,,1,2,1,1,6
200500051760,0005-08-02 11:30:00,5,8,2,11,30,560,121.0,"02, CLAIRAMBAULT (RUE CH",,,Plein jour,En agglomération,Hors intersection,Normale,Autre collision,,,,,,,,,,,1,2,1,1,6
200500051761,0005-08-02 17:31:00,5,8,2,17,31,560,121.0,"1, FERRY ( PL. JULES )",,,Plein jour,En agglomération,Giratoire,Normale,Sans collision,,,,,,,,,,,1,2,6,1,7
200500051762,0005-08-06 04:30:00,5,8,6,4,30,560,162.0,"00, ROUTE DEPARTEMENTALE",,,Nuit sans éclairage public,Hors agglomération,Hors intersection,Normale,Sans collision,,,,,,,,,,,3,1,1,1,7
200500051763,0005-08-06 04:50:00,5,8,6,4,50,560,98.0,ROHU (ZONE INDUSTRIELLE,,,Nuit sans éclairage public,Hors agglomération,Hors intersection,Normale,Sans collision,,,,,,,,,,,3,1,1,1,7
200500051764,0005-08-07 07:50:00,5,8,7,7,50,560,121.0,"1, SAINT-MARCEL (RUE)",,,Plein jour,En agglomération,Hors intersection,Normale,Sans collision,,,,,,,,,,,1,2,1,1,7
200500051765,0005-08-07 13:57:00,5,8,7,13,57,560,121.0,"128, GUIEYSSE (RUE  PAUL",,,Plein jour,En agglomération,Hors intersection,Normale,Sans collision,,,,,,,,,,,1,2,1,1,7
200500051766,0005-08-07 09:31:00,5,8,7,9,31,560,121.0,"00, BASCH ( RUE  VICTOR",,,Plein jour,En agglomération,Intersection en X,Normale,Sans collision,,,,,,,,,,,1,2,2,1,7
200500051767,0005-08-08 15:57:00,5,8,8,15,57,560,121.0,"00, COSMAO-DUMANOIR ( BD",,,Plein jour,En agglomération,Hors intersection,Normale,Autre collision,,,,,,,,,,,1,2,1,1,6
200500051768,0005-08-09 04:00:00,5,8,9,4,0,560,121.0,"00, NORMANDIE ( BD ET IM",,,Nuit avec éclairage allumé,En agglomération,Hors intersection,Normale,Autre collision,,,,,,,,,,,5,2,1,1,6
200500051769,0005-08-09 17:30:00,5,8,9,17,30,560,121.0,"00, SCORFF ( BD DU )",,,Plein jour,En agglomération,Hors intersection,Normale,Sans collision,,,,,,,,,,,1,2,1,1,7
200500051770,0005-08-11 14:57:00,5,8,11,14,57,560,121.0,"71, KERVENANEC (RUE  DE",,,Plein jour,En agglomération,Hors intersection,Normale,Deux véhicules - arrière,,,,,,,,,,,1,2,1,1,2
200500051771,0005-08-11 21:45:00,5,8,11,21,45,560,162.0,"00, FORT BLOQUE (RUE DU)",,,Nuit avec éclairage allumé,En agglomération,Hors intersection,Normale,Sans collision,,,,,,,,,,,5,2,1,1,7
200500051772,0005-08-12 23:40:00,5,8,12,23,40,560,98.0,"00, BILLOUX ( AV. FRANCO",,,Nuit avec éclairage allumé,En agglomération,Hors intersection,Normale,Deux véhicules - arrière,,,,,,,,,,,5,2,1,1,2
200500051773,0005-08-13 01:45:00,5,8,13,1,45,560,121.0,"00, BLUM ( BD LEON )",,,Nuit avec éclairage allumé,En agglomération,Hors intersection,Normale,Deux véhicules - arrière,,,,,,,,,,,5,2,1,1,2
200500051774,0005-08-13 02:20:00,5,8,13,2,20,560,121.0,"00, KERNITRA ( PL. DE )",,,Nuit avec éclairage allumé,En agglomération,Giratoire,Normale,Sans collision,,,,,,,,,,,5,2,6,1,7
200500051775,0005-08-13 16:01:00,5,8,13,16,1,560,107.0,"00, ROUTE DEPARTEMENTALE",,,Plein jour,En agglomération,Intersection en X,Normale,Deux véhicules - arrière,,,,,,,,,,,1,2,2,1,2
200500051776,0005-08-17 20:28:00,5,8,17,20,28,560,83.0,"00, BOUETIEZ ( ET IMP. D",,,Plein jour,En agglomération,Hors intersection,Normale,Autre collision,,,,,,,,,,,1,2,1,1,6
200500051777,0005-08-18 12:00:00,5,8,18,12,0,560,83.0,"13, PORT LOUIS ( ROUTE)",,,Plein jour,En agglomération,Hors intersection,Normale,Autre collision,,,,,,,,,,,1,2,1,1,6
200500051778,0005-08-18 16:55:00,5,8,18,16,55,560,121.0,"18, HERRIOT ( BD EDOUARD",,,Plein jour,En agglomération,Hors intersection,Normale,Deux véhicules - côté,,,,,,,,,,,1,2,1,1,3
200500051779,0005-08-19 18:07:00,5,8,19,18,7,560,121.0,"217, BELGIQUE (RUE  DE )",,,Plein jour,En agglomération,Hors intersection,Normale,Deux véhicules - arrière,,,,,,,,,,,1,2,1,1,2
200500051780,0005-08-20 11:30:00,5,8,20,11,30,560,121.0,"183, MULLER ( DU COLONEL",,,Plein jour,En agglomération,Hors intersection,Normale,Trois véhicules et plus - en chaîne,,,,,,,,,,,1,2,1,1,4
200500051781,0005-08-20 14:20:00,5,8,20,14,20,560,121.0,"00, MARIENNE ( AV CAPITA",,,Nuit avec éclairage allumé,En agglomération,Giratoire,Normale,Deux véhicules - frontale,,,,,,,,,,,5,2,6,1,1
200500051782,0005-08-20 17:52:00,5,8,20,17,52,560,98.0,"00, LABOURDE (RUE  JEANN",,,Plein jour,En agglomération,Intersection en T,Normale,Deux véhicules - côté,,,,,,,,,,,1,2,3,1,3
200500051783,0005-08-20 19:21:00,5,8,20,19,21,560,107.0,"00, LE PORT (ROGER BOULE",,,Plein jour,En agglomération,Hors intersection,Normale,Deux véhicules - côté,,,,,,,,,,,1,2,1,1,3
200500051784,0005-08-23 03:27:00,5,8,23,3,27,560,121.0,"00, FAOUEDIC ( AVE DU )",,,Nuit avec éclairage allumé,En agglomération,Intersection en X,Normale,Autre collision,,,,,,,,,,,5,2,2,1,6
200500051785,0005-08-02 18:44:00,5,8,2,18,44,560,121.0,"00, NAYEL ( ET PLACE AUG",,,Plein jour,En agglomération,Hors intersection,Normale,Sans collision,,,,,,,,,,,1,2,1,1,7
200500051786,0005-08-29 16:47:00,5,8,29,16,47,560,107.0,"73B, LE GUEN (RUE  JULES",,,Plein jour,En agglomération,Intersection en T,Normale,Deux véhicules - côté,,,,,,,,,,,1,2,3,1,3
200500051787,0005-08-08 10:50:00,5,8,8,10,50,560,260.0,"., SAINTE-ANNE(RUE)",,,Plein jour,En agglomération,Intersection en T,Normale,Deux véhicules - côté,,,,,,,,,,,1,2,3,1,3
200500051788,0005-08-04 02:05:00,5,8,4,2,5,560,260.0,"13, LE DRESSAY(RUE FERDI",,,Nuit avec éclairage non allumé,Hors agglomération,Hors intersection,Normale,Autre collision,,,,,,,,,,,4,1,1,1,6
200500051789,0005-08-17 01:40:00,5,8,17,1,40,560,260.0,"., LIZIEC(GIRATOIRE DU)",,,Nuit avec éclairage non allumé,En agglomération,Giratoire,Normale,Autre collision,,,,,,,,,,,4,2,6,1,6
200500051790,0005-08-22 18:45:00,5,8,22,18,45,560,260.0,WILSON(AVENUE),,,Plein jour,En agglomération,Intersection en X,Normale,Autre collision,,,,,,,,,,,1,2,2,1,6
200500051791,0005-08-03 10:00:00,5,8,3,10,0,560,260.0,"., BILAIRE(RUE DE)",,,Plein jour,En agglomération,Autre intersection,Normale,Sans collision,,,,,,,,,,,1,2,9,1,7
200500051792,0005-08-25 14:30:00,5,8,25,14,30,560,260.0,"., MARE(GIRATOIRE DE LA)",,,Plein jour,En agglomération,Giratoire,Normale,Autre collision,,,,,,,,,,,1,2,6,1,6
200500051793,0005-08-03 21:50:00,5,8,3,21,50,560,260.0,"., PONTIVY(BOULEVARD DE)",,,Plein jour,En agglomération,Hors intersection,Normale,Autre collision,,,,,,,,,,,1,2,1,1,6
200500051794,0005-08-10 16:35:00,5,8,10,16,35,560,260.0,"., MARNE(BLD DE LA) 111",,,Plein jour,En agglomération,Hors intersection,Normale,Autre collision,,,,,,,,,,,1,2,1,1,6
200500051795,0005-08-16 15:30:00,5,8,16,15,30,560,260.0,"., HERRIOT(AVENUE EDOUAR",,,Plein jour,En agglomération,Intersection en T,Normale,Deux véhicules - côté,,,,,,,,,,,1,2,3,1,3
200500051796,0005-08-18 15:20:00,5,8,18,15,20,560,260.0,"., DEGAS(AVENUE EDGAR)",,,Plein jour,En agglomération,Hors intersection,Normale,Autre collision,,,,,,,,,,,1,2,1,1,6
200500051797,0005-08-20 21:25:00,5,8,20,21,25,560,260.0,"07, URSULINES(RUE DES)",,,Plein jour,En agglomération,Hors intersection,Normale,Deux véhicules - côté,,,,,,,,,,,1,2,1,1,3