accident_id,datetime,annee,mois,jour,heure,minute,departement,commune_insee,adresse,latitude,longitude,luminosite,agglomeration,intersection,meteo,collision,nb_vehicules,nb_usagers,nb_indemnes,nb_tues,nb_blesses_hosp,nb_blesses_legers,age_cond_1,age_cond_2,veh_type_cond_1,veh_type_cond_2,lum_code,agg_code,int_code,atm_code,col_code
200500051798,0005-08-25 17:14:00,5,8,25,17,14,560,260.0,"., GOUGAUD(RUE JEAN)",,,Plein jour,En agglomération,Hors intersection,Normale,Autre collision,,,,,,,,,,,1,2,1,1,6
200500051799,0005-08-25 17:50:00,5,8,25,17,50,560,260.0,"., MONSABERT(BOULEVARD D",,,Plein jour,En agglomération,Hors intersection,Normale,Sans collision,,,,,,,,,,,1,2,1,1,7
200500051800,0005-08-26 10:10:00,5,8,26,10,10,560,260.0,"., REPUBLIQUE(PLACE DE L",,,Plein jour,En agglomération,Place,Normale,Deux véhicules - côté,,,,,,,,,,,1,2,7,1,3
200500051801,0005-08-01 11:06:00,5,8,1,11,6,570,660.0,NATONALE(RUE)DE LA R.ST,,,Plein jour,En agglomération,Intersection en Y,Normale,Autre collision,,,,,,,,,,,1,2,4,1,6
200500051802,0005-08-01 17:40:00,5,8,1,17,40,570,227.0,SAINTE CROIX (RUE ),,,Plein jour,En agglomération,Intersection en T,Normale,Autre collision,,,,,,,,,,,1,2,3,1,6
200500051803,0005-08-03 20:15:00,5,8,3,20,15,570,227.0,SAINTE CROIX (RUE ),,,Plein jour,En agglomération,Intersection en T,Normale,Autre collision,,,,,,,,,,,1,2,3,1,6
200500051804,0005-08-12 00:15:00,5,8,12,0,15,570,660.0,"., CLEMENCEAU (RUE GEORG",,,Nuit avec éclairage allumé,En agglomération,Intersection en X,Normale,Deux véhicules - côté,,,,,,,,,,,5,2,2,1,3
200500051805,0005-08-09 17:45:00,5,8,9,17,45,570,19.0,TERRASSES DU SOLEIL (CHE,,,Plein jour,En agglomération,Intersection en T,Normale,Deux véhicules - côté,,,,,,,,,,,1,2,3,1,3
200500051806,0005-08-28 16:30:00,5,8,28,16,30,570,491.0,CD9,,,Plein jour,En agglomération,Hors intersection,Normale,Sans collision,,,,,,,,,,,1,2,1,1,7
200500051807,0005-08-20 17:25:00,5,8,20,17,25,570,253.0,"44, PECHEURS (RUE DES)",,,Plein jour,En agglomération,Hors intersection,Normale,Sans collision,,,,,,,,,,,1,2,1,1,7
200500051808,0005-08-01 14:20:00,5,8,1,14,20,570,463.0,XX EME CORPS AMERICAIN,,,Plein jour,En agglomération,Intersection en T,Normale,Autre collision,,,,,,,,,,,1,2,3,1,6
200500051809,0005-08-02 14:25:00,5,8,2,14,25,570,463.0,"00, SAINT FERROY (RUE DE",,,Plein jour,En agglomération,Hors intersection,Normale,Autre collision,,,,,,,,,,,1,2,1,1,6
200500051810,0005-08-10 19:18:00,5,8,10,19,18,570,463.0,"16, KELLERMANN (RUE )",,,Plein jour,En agglomération,Hors intersection,Normale,Deux véhicules - arrière,,,,,,,,,,,1,2,1,1,2
200500051811,0005-08-09 20:25:00,5,8,9,20,25,570,463.0,"32, SOUS LES VIGNES (CHE",,,Plein jour,En agglomération,Hors intersection,Normale,Autre collision,,,,,,,,,,,1,2,1,1,6
200500051812,0005-08-13 18:20:00,5,8,13,18,20,570,463.0,", STRASBOURG (AVENUE DE",,,Plein jour,Hors agglomération,Hors intersection,Normale,Autre collision,,,,,,,,,,,1,1,1,1,6
200500051813,0005-08-13 23:30:00,5,8,13,23,30,570,487.0,"73, JOUY (ROUTE DE )",,,Nuit avec éclairage allumé,En agglomération,Hors intersection,Normale,Autre collision,,,,,,,,,,,5,2,1,1,6
200500051814,0005-08-16 18:40:00,5,8,16,18,40,570,463.0,"00, FORT DES BORDES (RUE",,,Plein jour,En agglomération,Hors intersection,Normale,Autre collision,,,,,,,,,,,1,2,1,1,6
200500051815,0005-08-17 08:55:00,5,8,17,8,55,570,463.0,"38, NANCY (AVENUE DE )",,,Plein jour,En agglomération,Hors intersection,Normale,Autre collision,,,,,,,,,,,1,2,1,1,6
200500051816,0005-08-20 19:50:00,5,8,20,19,50,570,463.0,"2, PERIGUEUX (RUE DE )",,,Plein jour,En agglomération,Hors intersection,Normale,Autre collision,,,,,,,,,,,1,2,1,1,6
200500051817,0005-08-22 21:00:00,5,8,22,21,0,570,447.0,RD 113a,,,Plein jour,En agglomération,Intersection en X,Normale,Deux véhicules - frontale,,,,,,,,,,,1,2,2,1,1
200500051818,0005-08-23 17:55:00,5,8,23,17,55,570,463.0,CASTELNAU (RUE ),,,Plein jour,En agglomération,Intersection en T,Temps couvert,Autre collision,,,,,,,,,,,1,2,3,8,6
200500051819,0005-08-24 17:17:00,5,8,24,17,17,570,463.0,CHARENTES (RUE DES ),,,Plein jour,En agglomération,Autre intersection,Normale,Autre collision,,,,,,,,,,,1,2,9,1,6
200500051820,0005-08-25 15:00:00,5,8,25,15,0,570,463.0,"00, FOURNIRUE (EN )",,,Plein jour,En agglomération,Hors intersection,Pluie légère,Autre collision,,,,,,,,,,,1,2,1,2,6
200500051821,0005-08-26 16:00:00,5,8,26,16,0,570,463.0,WINSTON CHURCHILL (RUE ),,,Plein jour,En agglomération,Hors intersection,Normale,Autre collision,,,,,,,,,,,1,2,1,1,6
200500051822,0005-08-28 20:55:00,5,8,28,20,55,570,463.0,"00, BAUDOCHE (RUE )",,,Nuit avec éclairage allumé,En agglomération,Intersection en X,Normale,Autre collision,,,,,,,,,,,5,2,2,1,6
200500051823,0005-08-30 12:05:00,5,8,30,12,5,570,463.0,"00, CANAL (PONT DU )",,,Plein jour,En agglomération,Intersection en X,Normale,Deux véhicules - côté,,,,,,,,,,,1,2,2,1,3
200500051824,0005-08-03 07:50:00,5,8,3,7,50,570,606.0,RN 3,,,Plein jour,En agglomération,Hors intersection,Normale,Trois véhicules et plus - collisions multiples,,,,,,,,,,,1,2,1,1,5
200500051825,0005-08-12 12:00:00,5,8,12,12,0,570,566.0,EGLISE (PLACE)',,,Plein jour,En agglomération,Hors intersection,Normale,Autre collision,,,,,,,,,,,1,2,1,1,6
200500051826,0005-08-15 06:55:00,5,8,15,6,55,570,631.0,NANCY (RUE) A-5 B-5 C-5,,,Crépuscule ou aube,En agglomération,Hors intersection,Pluie légère,Autre collision,,,,,,,,,,,2,2,1,2,6
200500051827,0005-08-01 11:55:00,5,8,1,11,55,570,672.0,ARLON (ROUTE D'),,,Plein jour,Hors agglomération,Hors intersection,Normale,Autre collision,,,,,,,,,,,1,1,1,1,6
200500051828,0005-08-09 01:05:00,5,8,9,1,5,570,672.0,VERDUN (RUE DE),,,Nuit avec éclairage allumé,En agglomération,Hors intersection,Normale,Deux véhicules - arrière,,,,,,,,,,,5,2,1,1,2
200500051829,0005-08-08 17:26:00,5,8,8,17,26,570,672.0,"21, BRIQUERIE (ROUTE DE",,,Plein jour,En agglomération,Hors intersection,Normale,Deux véhicules - côté,,,,,,,,,,,1,2,1,1,3
200500051830,0005-08-08 17:30:00,5,8,8,17,30,570,672.0,"14, LIBERATION (ALLEE DE",,,Plein jour,En agglomération,Hors intersection,Normale,Trois véhicules et plus - en chaîne,,,,,,,,,,,1,2,1,1,4
200500051831,0005-08-11 16:35:00,5,8,11,16,35,570,672.0,"58, LIBERATION (ALLEE DE",,,Plein jour,En agglomération,Hors intersection,Normale,Autre collision,,,,,,,,,,,1,2,1,1,6
200500051832,0005-08-14 16:40:00,5,8,14,16,40,570,672.0,"23, ALBERT 1ER (AVENUE)",,,Plein jour,En agglomération,Hors intersection,Normale,Deux véhicules - côté,,,,,,,,,,,1,2,1,1,3
200500051833,0005-08-18 15:45:00,5,8,18,15,45,570,672.0,"9, MARECHAL JOFFRE (RUE)",,,Plein jour,En agglomération,Hors intersection,Normale,Deux véhicules - arrière,,,,,,,,,,,1,2,1,1,2
200500051834,0005-08-02 18:53:00,5,8,2,18,53,570,12.0,"3, PAIX (RUE DE LA )",,,Plein jour,En agglomération,Hors intersection,Normale,Deux véhicules - frontale,,,,,,,,,,,1,2,1,1,1
200500051835,0005-08-10 10:00:00,5,8,10,10,0,570,672.0,GAULLE (RUE CHARLES DE),,,Plein jour,En agglomération,Hors intersection,Normale,Deux véhicules - arrière,,,,,,,,,,,1,2,1,1,2
200500051836,0005-08-13 18:12:00,5,8,13,18,12,570,306.0,FOCH (RUE ),,,Plein jour,En agglomération,Intersection en T,Normale,Deux véhicules - frontale,,,,,,,,,,,1,2,3,1,1
200500051837,0005-08-19 20:25:00,5,8,19,20,25,570,221.0,PORT (RUE DU),,,Plein jour,Hors agglomération,Hors intersection,Normale,Deux véhicules - frontale,,,,,,,,,,,1,1,1,1,1
200500051838,0005-08-19 09:25:00,5,8,19,9,25,570,757.0,"42, JAURES (RUE JEAN)",,,Plein jour,En agglomération,Hors intersection,Pluie légère,Autre collision,,,,,,,,,,,1,2,1,2,6
200500051839,0005-08-20 05:40:00,5,8,20,5,40,570,508.0,JOFFRE (RUE),,,Nuit avec éclairage allumé,En agglomération,Hors intersection,Normale,Autre collision,,,,,,,,,,,5,2,1,1,6
200500051840,0005-08-25 19:10:00,5,8,25,19,10,570,672.0,ANGEVILLERS (ROUTE D'),,,Plein jour,Hors agglomération,Hors intersection,Pluie légère,Sans collision,,,,,,,,,,,1,1,1,2,7
200500051841,0005-08-25 16:55:00,5,8,25,16,55,570,666.0,LORRAINE (RUE DE),,,Plein jour,En agglomération,Intersection en T,Pluie légère,Autre collision,,,,,,,,,,,1,2,3,2,6
200500051842,0005-08-26 18:12:00,5,8,26,18,12,570,672.0,ALLIES (PONT DES),,,Plein jour,En agglomération,Intersection en T,Normale,Trois véhicules et plus - collisions multiples,,,,,,,,,,,1,2,3,1,5
200500051843,0005-08-26 10:00:00,5,8,26,10,0,570,757.0,"40, REPUBLIQUE (RUE DE L",,,Plein jour,En agglomération,Hors intersection,Normale,Autre collision,,,,,,,,,,,1,2,1,1,6
200500051844,0005-08-25 10:15:00,5,8,25,10,15,570,368.0,"3, REPUBLIQUE (RUE DE LA",,,Plein jour,En agglomération,Hors intersection,Pluie légère,Autre collision,,,,,,,,,,,1,2,1,2,6
200500051845,0005-08-26 18:05:00,5,8,26,18,5,570,221.0,"135, GRAND'RUE",,,Plein jour,En agglomération,Hors intersection,Normale,Deux véhicules - arrière,,,,,,,,,,,1,2,1,1,2
200500051846,0005-08-27 19:25:00,5,8,27,19,25,570,306.0,"1, SAINT-JEAN (AVENUE)",,,Plein jour,En agglomération,Intersection en X,Normale,Deux véhicules - côté,,,,,,,,,,,1,2,2,1,3
200500051847,0005-08-07 14:30:00,5,8,7,14,30,580,194.0,CROIX JOYEUSE (CARREFOUR,,,Plein jour,En agglomération,Hors intersection,Normale,Sans collision,,,,,,,,,,,1,2,1,1,7
200500051848,0005-08-01 09:55:00,5,8,1,9,55,580,194.0,GEORGES POMPIDOU (ROND P,,,Plein jour,En agglomération,Hors intersection,Normale,Deux véhicules - côté,,,,,,,,,,,1,2,1,1,3
200500051849,0005-08-02 17:55:00,5,8,2,17,55,580,194.0,SAINT BENIN,,,Plein jour,En agglomération,Hors intersection,Normale,Deux véhicules - frontale,,,,,,,,,,,1,2,1,1,1
200500051850,0005-08-03 12:40:00,5,8,3,12,40,580,194.0,TREIZIEME DE LIGNE,,,Plein jour,En agglomération,Intersection en T,Normale,Deux véhicules - côté,,,,,,,,,,,1,2,3,1,3
200500051851,0005-08-05 17:05:00,5,8,5,17,5,580,194.0,SAINT VINCENT,,,Plein jour,En agglomération,Hors intersection,Normale,Deux véhicules - côté,,,,,,,,,,,1,2,1,1,3
200500051852,0005-08-08 01:40:00,5,8,8,1,40,580,194.0,"12, FERDINAND GAMBON",,,Nuit avec éclairage allumé,En agglomération,Hors intersection,Normale,Sans collision,,,,,,,,,,,5,2,1,1,7
200500051853,0005-08-09 21:00:00,5,8,9,21,0,580,194.0,"6, CHARLES ROY",,,Plein jour,En agglomération,Hors intersection,Normale,Deux véhicules - côté,,,,,,,,,,,1,2,1,1,3
200500051854,0005-08-10 12:30:00,5,8,10,12,30,580,194.0,CREUSE,,,Plein jour,En agglomération,Intersection en X,Normale,Deux véhicules - côté,,,,,,,,,,,1,2,2,1,3
200500051855,0005-08-17 09:00:00,5,8,17,9,0,580,194.0,"13, GAMBETTA",,,Plein jour,En agglomération,Hors intersection,Normale,Autre collision,,,,,,,,,,,1,2,1,1,6
200500051856,0005-08-27 22:30:00,5,8,27,22,30,580,194.0,"18, BANLAY",,,Nuit avec éclairage allumé,En agglomération,Intersection en T,Normale,Autre collision,,,,,,,,,,,5,2,3,1,6
200500051857,0005-08-31 10:00:00,5,8,31,10,0,580,194.0,MARECHAL LECLERC,,,Plein jour,En agglomération,Hors intersection,Normale,Trois véhicules et plus - en chaîne,,,,,,,,,,,1,2,1,1,4
200500051858,0005-08-07 12:05:00,5,8,7,12,5,590,317.0,BRUNE  (RUE),,,Plein jour,En agglomération,Hors intersection,Normale,Trois véhicules et plus - collisions multiples,,,,,,,,,,,1,2,1,1,5
200500051859,0005-08-09 22:00:00,5,8,9,22,0,590,17.0,LECLERC (RUE DU GENERAL,,,Nuit avec éclairage allumé,En agglomération,Hors intersection,Normale,Autre collision,,,,,,,,,,,5,2,1,1,6
200500051860,0005-08-06 10:15:00,5,8,6,10,15,590,17.0,"01, GENERAL DE GAULLE (P",,,Plein jour,En agglomération,Hors intersection,Normale,Autre collision,,,,,,,,,,,1,2,1,1,6
200500051861,0005-08-27 02:45:00,5,8,27,2,45,590,17.0,"90, NATIONALE (RUE)",,,Nuit avec éclairage allumé,En agglomération,Hors intersection,Normale,Sans collision,,,,,,,,,,,5,2,1,1,7
200500051862,0005-08-22 19:15:00,5,8,22,19,15,590,17.0,"120, BRIAND (RUE ARISTID",,,Plein jour,En agglomération,Hors intersection,Normale,Deux véhicules - côté,,,,,,,,,,,1,2,1,1,3
200500051863,0005-08-30 12:15:00,5,8,30,12,15,590,143.0,"01, BIRCHINGTON (PLACE)",,,Plein jour,En agglomération,Giratoire,Normale,Deux véhicules - arrière,,,,,,,,,,,1,2,6,1,2
200500051864,0005-08-31 11:45:00,5,8,31,11,45,590,17.0,"26, ARTS  (RUE DES)",,,Plein jour,En agglomération,Hors intersection,Normale,Autre collision,,,,,,,,,,,1,2,1,1,6
200500051865,0005-08-28 05:30:00,5,8,28,5,30,590,467.0,HARGNIES (ROUTE),,,Nuit sans éclairage public,Hors agglomération,Hors intersection,Normale,Deux véhicules - frontale,,,,,,,,,,,3,1,1,1,1
200500051866,0005-08-18 09:00:00,5,8,18,9,0,590,43.0,SIRENE (Route de la),,,Plein jour,Hors agglomération,Hors intersection,Temps éblouissant,Deux véhicules - frontale,,,,,,,,,,,1,1,1,7,1
200500051867,0005-08-20 19:25:00,5,8,20,19,25,590,43.0,"40, CHARLES DE GAULLE (P",,,Plein jour,En agglomération,Hors intersection,Pluie légère,Deux véhicules - côté,,,,,,,,,,,1,2,1,2,3
200500051868,0005-08-18 19:40:00,5,8,18,19,40,590,476.0,Paul Vaillant Couturier,,,Plein jour,En agglomération,Hors intersection,Normale,Autre collision,,,,,,,,,,,1,2,1,1,6
200500051869,0005-08-27 16:35:00,5,8,27,16,35,590,122.0,"57, VALENCIENNES (AVENUE",,,Plein jour,En agglomération,Hors intersection,Normale,Deux véhicules - côté,,,,,,,,,,,1,2,1,1,3
200500051870,0005-08-01 17:30:00,5,8,1,17,30,590,616.0,"200, JAURES (RUE JEAN )",,,Plein jour,En agglomération,Hors intersection,Pluie forte,Sans collision,,,,,,,,,,,1,2,1,3,7
200500051871,0005-08-15 00:30:00,5,8,15,0,30,590,253.0,"33, JAURES (RUE JEAN )",,,Nuit avec éclairage allumé,En agglomération,Hors intersection,Normale,Sans collision,,,,,,,,,,,5,2,1,1,7
200500051872,0005-08-14 08:45:00,5,8,14,8,45,590,153.0,C.D. 935 (NOUVEAU ),,,Plein jour,Hors agglomération,Hors intersection,Normale,Autre collision,,,,,,,,,,,1,1,1,1,6
200500051873,0005-08-20 16:10:00,5,8,20,16,10,590,616.0,"994, BETH (RUE RENE )",,,Plein jour,En agglomération,Intersection en X,Pluie légère,Deux véhicules - côté,,,,,,,,,,,1,2,2,2,3
200500051874,0005-08-22 16:00:00,5,8,22,16,0,590,616.0,"00, VAILLANT (RUE EDOUAR",,,Plein jour,En agglomération,Intersection en X,Normale,Deux véhicules - côté,,,,,,,,,,,1,2,2,1,3
200500051875,0005-08-08 12:00:00,5,8,8,12,0,590,172.0,"1287, BRUNET (R. ARTHUR)",,,Plein jour,En agglomération,Hors intersection,Normale,Deux véhicules - arrière,,,,,,,,,,,1,2,1,1,2
200500051876,0005-08-01 20:20:00,5,8,1,20,20,590,569.0,EPIS (LES),,,Plein jour,En agglomération,Hors intersection,Normale,Autre collision,,,,,,,,,,,1,2,1,1,6
200500051877,0005-08-22 21:15:00,5,8,22,21,15,590,178.0,"45, COMMERCY (RUE DE)",,,Nuit avec éclairage allumé,En agglomération,Hors intersection,Normale,Autre collision,,,,,,,,,,,5,2,1,1,6
200500051878,0005-08-02 05:45:00,5,8,2,5,45,590,540.0,"0000, REPUBLIQUE",,,Crépuscule ou aube,En agglomération,Intersection en X,Normale,Deux véhicules - côté,,,,,,,,,,,2,2,2,1,3
200500051879,0005-08-06 20:40:00,5,8,6,20,40,590,340.0,"1, GENERAL CATROUX",,,Plein jour,En agglomération,Intersection en X,Normale,Deux véhicules - côté,,,,,,,,,,,1,2,2,1,3
200500051880,0005-08-07 23:10:00,5,8,7,23,10,590,155.0,"0000, ARTS",,,Nuit avec éclairage allumé,En agglomération,Hors intersection,Normale,Deux véhicules - côté,,,,,,,,,,,5,2,1,1,3
200500051881,0005-08-12 11:35:00,5,8,12,11,35,590,271.0,"1, COMTE JEAN",,,Plein jour,En agglomération,Intersection en X,Normale,Deux véhicules - côté,,,,,,,,,,,1,2,2,1,3
200500051882,0005-08-22 10:10:00,5,8,22,10,10,590,183.0,BANC VERT,,,Plein jour,En agglomération,Hors intersection,Normale,Deux véhicules - côté,,,,,,,,,,,1,2,1,1,3
200500051883,0005-08-23 15:25:00,5,8,23,15,25,590,183.0,"1, VERLEY PAUL - BOULEVA",,,Plein jour,En agglomération,Intersection en X,Normale,Deux véhicules - frontale,,,,,,,,,,,1,2,2,1,1
200500051884,0005-08-06 11:40:00,5,8,6,11,40,590,155.0,"00000, SEURAT GEORGES",,,Plein jour,En agglomération,Hors intersection,Normale,Autre collision,,,,,,,,,,,1,2,1,1,6
200500051885,0005-08-24 16:20:00,5,8,24,16,20,590,261.0,"87, GENERAL DE GAULLE (R",,,Plein jour,En agglomération,Hors intersection,Normale,Sans collision,,,,,,,,,,,1,2,1,1,7
200500051886,0005-08-03 20:40:00,5,8,3,20,40,590,273.0,EUROPE (BOULEVARD DE L'),,,Plein jour,En agglomération,Hors intersection,Normale,Sans collision,,,,,,,,,,,1,2,1,1,7
200500051887,0005-08-13 17:50:00,5,8,13,17,50,590,273.0,RN1,,,Plein jour,Hors agglomération,Hors intersection,Normale,Sans collision,,,,,,,,,,,1,1,1,1,7
200500051888,0005-08-13 11:25:00,5,8,13,11,25,590,104.0,RN49,,,Plein jour,Hors agglomération,Hors intersection,Normale,Autre collision,,,,,,,,,,,1,1,1,1,6
200500051889,0005-08-02 18:30:00,5,8,2,18,30,590,350.0,"Sans objet, CATINAT PLAC",,,Plein jour,En agglomération,Hors intersection,Normale,Autre collision,,,,,,,,,,,1,2,1,1,6
200500051890,0005-08-03 19:35:00,5,8,3,19,35,590,386.0,"001, SAINT-CHARLES CITE",,,Plein jour,En agglomération,Intersection en X,Normale,Deux véhicules - côté,,,,,,,,,,,1,2,2,1,3
200500051891,0005-08-03 19:15:00,5,8,3,19,15,590,507.0,"Sans Objet, LAVOISIER RU",,,Plein jour,En agglomération,Hors intersection,Normale,Autre collision,,,,,,,,,,,1,2,1,1,6
200500051892,0005-08-05 00:30:00,5,8,5,0,30,590,560.0,LEBAS JEAN BAPTISTE RUE,,,Nuit avec éclairage allumé,En agglomération,Hors intersection,Normale,Autre collision,,,,,,,,,,,5,2,1,1,6
200500051893,0005-08-05 13:00:00,5,8,5,13,0,590,350.0,"20, SAINT AMAND RUE",,,Plein jour,En agglomération,Hors intersection,Pluie légère,Deux véhicules - arrière,,,,,,,,,,,1,2,1,2,2
200500051894,0005-08-05 17:00:00,5,8,5,17,0,590,350.0,"299, FAUBOURG D'ARRAS RU",,,Plein jour,En agglomération,Hors intersection,Pluie légère,Autre collision,,,,,,,,,,,1,2,1,2,6
200500051895,0005-08-09 16:20:00,5,8,9,16,20,590,560.0,"62, BOUVRY ROGER RUE",,,Plein jour,En agglomération,Hors intersection,Normale,Deux véhicules - arrière,,,,,,,,,,,1,2,1,1,2
200500051896,0005-08-11 09:10:00,5,8,11,9,10,590,343.0,"N86, DELORY GUSTAVE RUE",,,Plein jour,En agglomération,Hors intersection,Normale,Autre collision,,,,,,,,,,,1,2,1,1,6
200500051897,0005-08-11 19:30:00,5,8,11,19,30,590,457.0,"130, PREVOTE RUE DE LA",,,Plein jour,En agglomération,Hors intersection,Normale,Deux véhicules - côté,,,,,,,,,,,1,2,1,1,3
200500051898,0005-08-11 14:05:00,5,8,11,14,5,590,378.0,"N 860, REPUBLIQUE AV DE",,,Plein jour,En agglomération,Hors intersection,Pluie légère,Trois véhicules et plus - collisions multiples,,,,,,,,,,,1,2,1,2,5
200500051899,0005-08-12 06:00:00,5,8,12,6,0,590,350.0,MOSELLE BOULEVARD N° DE,,,Plein jour,En agglomération,Intersection en X,Normale,Deux véhicules - côté,,,,,,,,,,,1,2,2,1,3
200500051900,0005-08-13 10:00:00,5,8,13,10,0,590,350.0,"42, MAGASIN RUE",,,Plein jour,En agglomération,Hors intersection,Normale,Deux véhicules - côté,,,,,,,,,,,1,2,1,1,3
200500051901,0005-08-14 19:15:00,5,8,14,19,15,590,378.0,"314, CLEMENCEAU BLVD (N°",,,Plein jour,En agglomération,Hors intersection,Pluie légère,Autre collision,,,,,,,,,,,1,2,1,2,6
200500051902,0005-08-14 19:45:00,5,8,14,19,45,590,350.0,ARBRISSEAU RUE DE L,,,Plein jour,En agglomération,Intersection en T,Normale,Deux véhicules - côté,,,,,,,,,,,1,2,3,1,3
200500051903,0005-08-16 08:50:00,5,8,16,8,50,590,350.0,"001, DORDIN RUE",,,Plein jour,En agglomération,Intersection en Y,Normale,Deux véhicules - côté,,,,,,,,,,,1,2,4,1,3
200500051904,0005-08-17 09:45:00,5,8,17,9,45,590,350.0,"73, KUHLMAN RUE",,,Plein jour,En agglomération,Hors intersection,Normale,Autre collision,,,,,,,,,,,1,2,1,1,6
200500051905,0005-08-17 12:50:00,5,8,17,12,50,590,360.0,"Sans objet, REPUBLIQUE B",,,Plein jour,En agglomération,Intersection en X,Normale,Autre collision,,,,,,,,,,,1,2,2,1,6
200500051906,0005-08-10 19:15:00,5,8,10,19,15,590,350.0,"Sans objet, LIBERTE BVD",,,Plein jour,En agglomération,Hors intersection,Normale,Autre collision,,,,,,,,,,,1,2,1,1,6
200500051907,0005-08-19 08:00:00,5,8,19,8,0,590,350.0,"Sans objet, JUSSIEU RUE",,,Plein jour,En agglomération,Intersection en X,Pluie légère,Autre collision,,,,,,,,,,,1,2,2,2,6
200500051908,0005-08-01 19:00:00,5,8,1,19,0,590,560.0,"54, BOUCHERY MAURICE RUE",,,Plein jour,En agglomération,Hors intersection,Normale,Sans collision,,,,,,,,,,,1,2,1,1,7
200500051909,0005-08-20 19:00:00,5,8,20,19,0,590,350.0,NEUVE RUE,,,Plein jour,En agglomération,Intersection en X,Pluie légère,Autre collision,,,,,,,,,,,1,2,2,2,6
200500051910,0005-08-21 19:20:00,5,8,21,19,20,590,350.0,"560, DUNKERQUE AVENUE",,,Plein jour,En agglomération,Intersection en X,Normale,Autre collision,,,,,,,,,,,1,2,2,1,6
200500051911,0005-08-23 17:40:00,5,8,23,17,40,590,457.0,AGACHE EDOUARD RUE,,,Plein jour,En agglomération,Intersection en T,Normale,Autre collision,,,,,,,,,,,1,2,3,1,6
200500051912,0005-08-23 18:25:00,5,8,23,18,25,590,328.0,"N 62, DELECOURT AUGUSTE",,,Plein jour,En agglomération,Hors intersection,Normale,Autre collision,,,,,,,,,,,1,2,1,1,6
200500051913,0005-08-23 16:10:00,5,8,23,16,10,590,9.0,"N 16, ROUX RUE DU DOCTEU",,,Plein jour,En agglomération,Hors intersection,Normale,Autre collision,,,,,,,,,,,1,2,1,1,6
200500051914,0005-08-24 09:00:00,5,8,24,9,0,590,527.0,"174, LECLERC RUE DU GENE",,,Plein jour,En agglomération,Hors intersection,Normale,Autre collision,,,,,,,,,,,1,2,1,1,6
200500051915,0005-08-23 12:30:00,5,8,23,12,30,590,636.0,"66, LECLERCQ RUE DU GENE",,,Plein jour,En agglomération,Hors intersection,Normale,Sans collision,,,,,,,,,,,1,2,1,1,7
200500051916,0005-08-25 13:50:00,5,8,25,13,50,590,350.0,"126, MOLINEL RUE DU",,,Plein jour,En agglomération,Hors intersection,Normale,Autre collision,,,,,,,,,,,1,2,1,1,6
200500051917,0005-08-24 14:10:00,5,8,24,14,10,590,9.0,"200, RECHERCHE RUE DE LA",,,Plein jour,En agglomération,Hors intersection,Normale,Deux véhicules - côté,,,,,,,,,,,1,2,1,1,3
200500051918,0005-08-26 19:45:00,5,8,26,19,45,590,648.0,"154, DE GAULLE RUE DU GE",,,Plein jour,En agglomération,Hors intersection,Temps couvert,Deux véhicules - côté,,,,,,,,,,,1,2,1,8,3
200500051919,0005-08-27 11:50:00,5,8,27,11,50,590,350.0,"N 19, NOUTOUR JULES RUE",,,Plein jour,En agglomération,Hors intersection,Normale,Autre collision,,,,,,,,,,,1,2,1,1,6
200500051920,0005-08-27 16:55:00,5,8,27,16,55,590,350.0,"Sans objet, MOLINEL RUE",,,Plein jour,En agglomération,Hors intersection,Normale,Autre collision,,,,,,,,,,,1,2,1,1,6
200500051921,0005-08-27 18:00:00,5,8,27,18,0,590,350.0,"001, STRASBOURG BOULEVAR",,,Plein jour,En agglomération,Hors intersection,Normale,Autre collision,,,,,,,,,,,1,2,1,1,6
200500051922,0005-08-28 13:00:00,5,8,28,13,0,590,350.0,LEZENNES BOULEVARD DE,,,Plein jour,En agglomération,Hors intersection,Normale,Deux véhicules - côté,,,,,,,,,,,1,2,1,1,3
200500051923,0005-08-29 12:40:00,5,8,29,12,40,590,9.0,FUSILLES RUE DES DU N° 2,,,Plein jour,En agglomération,Intersection en X,Temps éblouissant,Autre collision,,,,,,,,,,,1,2,2,7,6
200500051924,0005-08-29 07:45:00,5,8,29,7,45,590,360.0,"02, MIRABEAU RUE",,,Plein jour,En agglomération,Hors intersection,Normale,Autre collision,,,,,,,,,,,1,2,1,1,6
200500051925,0005-08-29 17:30:00,5,8,29,17,30,590,360.0,"001, MOCQUET GUY RUE",,,Plein jour,En agglomération,Hors intersection,Normale,Deux véhicules - arrière,,,,,,,,,,,1,2,1,1,2
200500051926,0005-08-31 16:00:00,5,8,31,16,0,590,350.0,"00, DE BALZAC HONORE RUE",,,Plein jour,En agglomération,Intersection en T,Normale,Autre collision,,,,,,,,,,,1,2,3,1,6
200500051927,0005-08-01 16:25:00,5,8,1,16,25,590,230.0,ALPHONSE SPLINGARD (RUE),,,Plein jour,En agglomération,Hors intersection,Normale,Autre collision,,,,,,,,,,,1,2,1,1,6
200500051928,0005-08-01 23:23:00,5,8,1,23,23,590,392.0,ALBERT 1ER (AVENUE),,,Nuit avec éclairage allumé,En agglomération,Intersection en X,Normale,Deux véhicules - côté,,,,,,,,,,,5,2,2,1,3
200500051929,0005-08-02 22:19:00,5,8,2,22,19,590,392.0,FRANCE (AVENUE DE),,,Nuit avec éclairage allumé,En agglomération,Intersection en X,Normale,Deux véhicules - côté,,,,,,,,,,,5,2,2,1,3