accident_id,datetime,annee,mois,jour,heure,minute,departement,commune_insee,adresse,latitude,longitude,luminosite,agglomeration,intersection,meteo,collision,nb_vehicules,nb_usagers,nb_indemnes,nb_tues,nb_blesses_hosp,nb_blesses_legers,age_cond_1,age_cond_2,veh_type_cond_1,veh_type_cond_2,lum_code,agg_code,int_code,atm_code,col_code
200500052722,0005-08-26 21:10:00,5,8,26,21,10,750,7.0,Q VOLTAIRE PT DU CARROUS,,,Nuit avec éclairage allumé,En agglomération,Intersection en X,Normale,Deux véhicules - côté,,,,,,,,,,,5,2,2,1,3
200500052723,0005-08-26 18:00:00,5,8,26,18,0,750,12.0,R DE PICPUS R SERGENT BA,,,Plein jour,En agglomération,Intersection en X,Normale,Autre collision,,,,,,,,,,,1,2,2,1,6
200500052724,0005-08-26 12:20:00,5,8,26,12,20,750,11.0,R SEDAINE PASS SALARNIER,,,Plein jour,En agglomération,Intersection en T,Temps couvert,Autre collision,,,,,,,,,,,1,2,3,8,6
200500052725,0005-08-26 14:30:00,5,8,26,14,30,750,4.0,L1119 Q DES CELESTINS,,,Plein jour,En agglomération,Hors intersection,Normale,Sans collision,,,,,,,,,,,1,2,1,1,7
200500052726,0005-08-27 18:07:00,5,8,27,18,7,750,17.0,R DE PRONY R DE CHAZELLE,,,Plein jour,En agglomération,Intersection en T,Normale,Deux véhicules - côté,,,,,,,,,,,1,2,3,1,3
200500052727,0005-08-27 05:15:00,5,8,27,5,15,750,15.0,PL CHARLES MICHELS AV EM,,,Nuit avec éclairage allumé,En agglomération,Intersection en X,Normale,Deux véhicules - côté,,,,,,,,,,,5,2,2,1,3
200500052728,0005-08-27 14:45:00,5,8,27,14,45,750,11.0,R DE LA ROQUETTE  PL LEO,,,Plein jour,En agglomération,Intersection à plus de 4 branches,Normale,Deux véhicules - côté,,,,,,,,,,,1,2,5,1,3
200500052729,0005-08-28 14:20:00,5,8,28,14,20,750,1.0,8 R AMIRAL COLIGNY,,,Plein jour,En agglomération,Hors intersection,Normale,Deux véhicules - côté,,,,,,,,,,,1,2,1,1,3
200500052730,0005-08-27 03:15:00,5,8,27,3,15,750,1.0,PT DU CARROUSEL,,,Nuit avec éclairage allumé,En agglomération,Hors intersection,Normale,Autre collision,,,,,,,,,,,5,2,1,1,6
200500052731,0005-08-28 18:10:00,5,8,28,18,10,750,15.0,AV FELIX FAURE R TISSERA,,,Plein jour,En agglomération,Intersection en T,Normale,Deux véhicules - côté,,,,,,,,,,,1,2,3,1,3
200500052732,0005-08-28 00:05:00,5,8,28,0,5,750,16.0,CHS MUETTE R D ANDIGNE,,,Nuit avec éclairage allumé,En agglomération,Intersection à plus de 4 branches,Normale,Deux véhicules - côté,,,,,,,,,,,5,2,5,1,3
200500052733,0005-08-25 16:45:00,5,8,25,16,45,750,12.0,100 R FG SAINT ANTOINE,,,Plein jour,En agglomération,Hors intersection,Normale,Deux véhicules - arrière,,,,,,,,,,,1,2,1,1,2
200500052734,0005-08-26 14:20:00,5,8,26,14,20,750,5.0,R MONGE R DES ECOLES,,,Plein jour,En agglomération,Intersection en X,Normale,Deux véhicules - côté,,,,,,,,,,,1,2,2,1,3
200500052735,0005-08-26 10:40:00,5,8,26,10,40,750,19.0,25 SQ DES  BOULEAUX,,,Plein jour,En agglomération,Hors intersection,Normale,Sans collision,,,,,,,,,,,1,2,1,1,7
200500052736,0005-08-27 11:25:00,5,8,27,11,25,750,12.0,RTE DAUPHINE RTE ROYALE,,,Plein jour,En agglomération,Intersection en T,Normale,Sans collision,,,,,,,,,,,1,2,3,1,7
200500052737,0005-08-28 22:00:00,5,8,28,22,0,750,2.0,36 AV DE L OPERA,,,Nuit avec éclairage allumé,En agglomération,Hors intersection,Normale,Deux véhicules - côté,,,,,,,,,,,5,2,1,1,3
200500052738,0005-08-28 19:50:00,5,8,28,19,50,750,19.0,BD DE LA VILLETTE R DE T,,,Plein jour,En agglomération,Intersection en X,Normale,Deux véhicules - côté,,,,,,,,,,,1,2,2,1,3
200500052739,0005-08-28 00:40:00,5,8,28,0,40,750,19.0,148 BD DE LA VILLETTE,,,Nuit avec éclairage allumé,En agglomération,Hors intersection,Normale,Deux véhicules - frontale,,,,,,,,,,,5,2,1,1,1
200500052740,0005-08-29 17:55:00,5,8,29,17,55,750,8.0,54 AV CHAMPS ELYSEES,,,Plein jour,En agglomération,Hors intersection,Normale,Autre collision,,,,,,,,,,,1,2,1,1,6
200500052741,0005-08-29 19:35:00,5,8,29,19,35,750,9.0,R LA FAYETTE R DE MONTHO,,,Plein jour,En agglomération,Intersection en X,Temps éblouissant,Autre collision,,,,,,,,,,,1,2,2,7,6
200500052742,0005-08-29 17:40:00,5,8,29,17,40,750,12.0,BD DE REUILLY R TAINE,,,Plein jour,En agglomération,Intersection en Y,Normale,Deux véhicules - arrière,,,,,,,,,,,1,2,4,1,2
200500052743,0005-08-29 09:00:00,5,8,29,9,0,750,17.0,R TOULOUSE LAUTREC ECH S,,,Plein jour,En agglomération,Intersection en Y,Normale,Deux véhicules - côté,,,,,,,,,,,1,2,4,1,3
200500052744,0005-08-29 12:30:00,5,8,29,12,30,750,13.0,BD MASSENA AV CLAUDE REG,,,Plein jour,En agglomération,Intersection en Y,Normale,Deux véhicules - côté,,,,,,,,,,,1,2,4,1,3
200500052745,0005-08-29 02:00:00,5,8,29,2,0,750,14.0,AV REILLE R GAZAN,,,Nuit avec éclairage allumé,En agglomération,Intersection en Y,Normale,Deux véhicules - côté,,,,,,,,,,,5,2,4,1,3
200500052746,0005-08-29 16:45:00,5,8,29,16,45,750,16.0,10 R MOLITOR,,,Plein jour,En agglomération,Hors intersection,Normale,Sans collision,,,,,,,,,,,1,2,1,1,7
200500052747,0005-08-29 21:20:00,5,8,29,21,20,750,18.0,R CAULAINCOURT R LAMARCK,,,Nuit avec éclairage allumé,En agglomération,Intersection en Y,Normale,Deux véhicules - côté,,,,,,,,,,,5,2,4,1,3
200500052748,0005-08-30 00:30:00,5,8,30,0,30,750,1.0,PT DU CARROUSSEL Q DES T,,,Nuit avec éclairage allumé,En agglomération,Intersection en X,Normale,Deux véhicules - côté,,,,,,,,,,,5,2,2,1,3
200500052749,0005-08-30 16:05:00,5,8,30,16,5,750,4.0,BRETELLE DE SORTIE VERD,,,Plein jour,En agglomération,Hors intersection,Normale,Deux véhicules - côté,,,,,,,,,,,1,2,1,1,3
200500052750,0005-08-30 20:15:00,5,8,30,20,15,750,6.0,R ANCIENNE COMEDIE R DE,,,Crépuscule ou aube,En agglomération,Intersection à plus de 4 branches,Normale,Autre collision,,,,,,,,,,,2,2,5,1,6
200500052751,0005-08-30 16:43:00,5,8,30,16,43,750,7.0,R D ESTREES AV DUQUESNE,,,Plein jour,En agglomération,Intersection en X,Normale,Deux véhicules - côté,,,,,,,,,,,1,2,2,1,3
200500052752,0005-08-30 15:55:00,5,8,30,15,55,750,9.0,BD POISSONNIERE R DU FG,,,Plein jour,En agglomération,Intersection en X,Normale,Deux véhicules - côté,,,,,,,,,,,1,2,2,1,3
200500052753,0005-08-30 20:20:00,5,8,30,20,20,750,12.0,ESP SAINT LOUIS RTE DE L,,,Plein jour,En agglomération,Intersection en T,Temps couvert,Deux véhicules - arrière,,,,,,,,,,,1,2,3,8,2
200500052754,0005-08-30 08:56:00,5,8,30,8,56,750,13.0,AV DES GOBELINS R REINE,,,Plein jour,En agglomération,Intersection en X,Normale,Deux véhicules - côté,,,,,,,,,,,1,2,2,1,3
200500052755,0005-08-31 00:05:00,5,8,31,0,5,750,9.0,49 BD DE CLICHY,,,Nuit avec éclairage allumé,En agglomération,Hors intersection,Normale,Deux véhicules - côté,,,,,,,,,,,5,2,1,1,3
200500052756,0005-08-31 03:30:00,5,8,31,3,30,750,11.0,20 BD VOLTAIRE,,,Nuit avec éclairage allumé,En agglomération,Hors intersection,Normale,Deux véhicules - côté,,,,,,,,,,,5,2,1,1,3
200500052757,0005-08-31 08:45:00,5,8,31,8,45,750,10.0,Q DE JEMMAPES R GRGE AUX,,,Plein jour,En agglomération,Intersection en X,Normale,Deux véhicules - côté,,,,,,,,,,,1,2,2,1,3
200500052758,0005-08-31 10:45:00,5,8,31,10,45,750,11.0,R LOUIS BONNET R PRESENT,,,Plein jour,En agglomération,Intersection en X,Normale,Autre collision,,,,,,,,,,,1,2,2,1,6
200500052759,0005-08-30 16:00:00,5,8,30,16,0,750,15.0,AV EMILE ZOLA R DE JAVEL,,,Plein jour,En agglomération,Intersection en X,Normale,Deux véhicules - côté,,,,,,,,,,,1,2,2,1,3
200500052760,0005-08-30 18:35:00,5,8,30,18,35,750,18.0,BD NEY R ARTHUR RANC,,,Plein jour,En agglomération,Intersection en T,Normale,Deux véhicules - côté,,,,,,,,,,,1,2,3,1,3
200500052761,0005-08-30 18:35:00,5,8,30,18,35,750,17.0,BD DE L YSER R CLAUDE DE,,,Plein jour,En agglomération,Intersection en X,Normale,Sans collision,,,,,,,,,,,1,2,2,1,7
200500052762,0005-08-29 19:45:00,5,8,29,19,45,750,15.0,Q ANDRE CITROEN R DE JAV,,,Plein jour,En agglomération,Intersection en T,Normale,Deux véhicules - arrière,,,,,,,,,,,1,2,3,1,2
200500052763,0005-08-29 14:50:00,5,8,29,14,50,750,15.0,AV EMILE ZOLA R VIOLET,,,Plein jour,En agglomération,Intersection en X,Normale,Deux véhicules - côté,,,,,,,,,,,1,2,2,1,3
200500052764,0005-08-29 19:05:00,5,8,29,19,5,750,15.0,R DE L ARRIVEE AV DU MAI,,,Plein jour,En agglomération,Intersection en X,Normale,Deux véhicules - côté,,,,,,,,,,,1,2,2,1,3
200500052765,0005-08-29 11:20:00,5,8,29,11,20,750,10.0,Q DE VALMY PASS DELESSER,,,Plein jour,En agglomération,Intersection en T,Normale,Deux véhicules - côté,,,,,,,,,,,1,2,3,1,3
200500052766,0005-08-29 22:55:00,5,8,29,22,55,750,17.0,R DE SAUSSURE R LEGENDRE,,,Nuit avec éclairage allumé,En agglomération,Intersection en X,Normale,Deux véhicules - côté,,,,,,,,,,,5,2,2,1,3
200500052767,0005-08-22 20:25:00,5,8,22,20,25,750,19.0,224 R DE BELLEVILLE,,,Plein jour,En agglomération,Hors intersection,Normale,Autre collision,,,,,,,,,,,1,2,1,1,6
200500052768,0005-08-26 23:00:00,5,8,26,23,0,750,12.0,PL DE LA NATION BD DIDER,,,Nuit avec éclairage allumé,En agglomération,Intersection en T,Normale,Sans collision,,,,,,,,,,,5,2,3,1,7
200500052769,0005-08-26 00:30:00,5,8,26,0,30,750,15.0,AV PORTE DE SEVRES BD VI,,,Nuit avec éclairage allumé,En agglomération,Intersection en X,Normale,Deux véhicules - côté,,,,,,,,,,,5,2,2,1,3
200500052770,0005-08-26 06:05:00,5,8,26,6,5,750,20.0,BD DAVOUT AV PTE DE MONT,,,Crépuscule ou aube,En agglomération,Intersection en X,Normale,Deux véhicules - côté,,,,,,,,,,,2,2,2,1,3
200500052771,0005-08-28 18:25:00,5,8,28,18,25,750,20.0,101 CRS DE VINCENNES,,,Plein jour,En agglomération,Hors intersection,Normale,Autre collision,,,,,,,,,,,1,2,1,1,6
200500052772,0005-08-28 10:20:00,5,8,28,10,20,750,20.0,8 R FELIX TERRIER,,,Plein jour,En agglomération,Hors intersection,Normale,Deux véhicules - côté,,,,,,,,,,,1,2,1,1,3
200500052773,0005-08-29 20:20:00,5,8,29,20,20,750,20.0,ECH LILAS PL MAQUIS VERC,,,Plein jour,En agglomération,Intersection en T,Normale,Sans collision,,,,,,,,,,,1,2,3,1,7
200500052774,0005-08-30 17:15:00,5,8,30,17,15,750,8.0,R ROYALE PL DE LA CONCOR,,,Plein jour,En agglomération,Intersection en T,Normale,Deux véhicules - arrière,,,,,,,,,,,1,2,3,1,2
200500052775,0005-08-30 11:15:00,5,8,30,11,15,750,8.0,AV MARCEAU PL CH DE GAUL,,,Plein jour,En agglomération,Intersection en T,Normale,Sans collision,,,,,,,,,,,1,2,3,1,7
200500052776,0005-08-30 14:05:00,5,8,30,14,5,750,12.0,26 AV DR ARNOLD NETTER,,,Plein jour,En agglomération,Hors intersection,Normale,Autre collision,,,,,,,,,,,1,2,1,1,6
200500052777,0005-08-30 10:40:00,5,8,30,10,40,750,12.0,RTE DU PESAGE RTE TOUREL,,,Plein jour,En agglomération,Intersection en X,Normale,Deux véhicules - côté,,,,,,,,,,,1,2,2,1,3
200500052778,0005-08-30 12:20:00,5,8,30,12,20,750,20.0,96 BD DE BELLEVILLE,,,Plein jour,En agglomération,Hors intersection,Normale,Autre collision,,,,,,,,,,,1,2,1,1,6
200500052779,0005-08-31 18:28:00,5,8,31,18,28,750,20.0,R DE BAGNOLET R FLORIAN,,,Plein jour,En agglomération,Intersection en T,Normale,Autre collision,,,,,,,,,,,1,2,3,1,6
200500052780,0005-08-26 15:55:00,5,8,26,15,55,750,20.0,R JULIEN LACROIX R LESAG,,,Plein jour,En agglomération,Intersection en X,Normale,Deux véhicules - côté,,,,,,,,,,,1,2,2,1,3
200500052781,0005-08-26 14:20:00,5,8,26,14,20,750,20.0,50 BD DE MENILMONTANT,,,Plein jour,En agglomération,Hors intersection,Normale,Deux véhicules - côté,,,,,,,,,,,1,2,1,1,3
200500052782,0005-08-24 23:35:00,5,8,24,23,35,750,20.0,BD MORTIER R  DE GUEBRIA,,,Nuit avec éclairage allumé,En agglomération,Intersection en X,Pluie légère,Deux véhicules - côté,,,,,,,,,,,5,2,2,2,3
200500052783,0005-08-31 03:00:00,5,8,31,3,0,750,2.0,AV DE L OPERA R LOUIS LE,,,Nuit avec éclairage allumé,En agglomération,Intersection à plus de 4 branches,Normale,Autre collision,,,,,,,,,,,5,2,5,1,6
200500052784,0005-08-31 13:50:00,5,8,31,13,50,750,5.0,R LAGRANGE R HOTEL COLBE,,,Plein jour,En agglomération,Intersection en X,Normale,Deux véhicules - côté,,,,,,,,,,,1,2,2,1,3
200500052785,0005-08-31 22:15:00,5,8,31,22,15,750,6.0,BD SAINT MICHEL R SERPEN,,,Nuit avec éclairage allumé,En agglomération,Intersection en T,Normale,Deux véhicules - côté,,,,,,,,,,,5,2,3,1,3
200500052786,0005-08-31 15:40:00,5,8,31,15,40,750,6.0,R D ASSAS R DU CHERCHE M,,,Plein jour,En agglomération,Intersection en X,Normale,Deux véhicules - côté,,,,,,,,,,,1,2,2,1,3
200500052787,0005-08-31 22:25:00,5,8,31,22,25,750,6.0,R DE RENNES BD RASPAIL,,,Nuit avec éclairage allumé,En agglomération,Intersection en X,Normale,Deux véhicules - côté,,,,,,,,,,,5,2,2,1,3
200500052788,0005-08-31 16:00:00,5,8,31,16,0,750,14.0,54 AV GENERAL LECLERC,,,Plein jour,En agglomération,Hors intersection,Normale,Deux véhicules - arrière,,,,,,,,,,,1,2,1,1,2
200500052789,0005-08-31 18:20:00,5,8,31,18,20,750,15.0,L10369 PT DE GRENELLE,,,Plein jour,En agglomération,Hors intersection,Normale,Trois véhicules et plus - en chaîne,,,,,,,,,,,1,2,1,1,4
200500052790,0005-08-31 23:40:00,5,8,31,23,40,750,16.0,CAR DU BOUT DES LACS RTE,,,Nuit avec éclairage allumé,En agglomération,Intersection en Y,Normale,Autre collision,,,,,,,,,,,5,2,4,1,6
200500052791,0005-08-31 13:50:00,5,8,31,13,50,750,16.0,16 AV PAUL DOUMER,,,Plein jour,En agglomération,Hors intersection,Normale,Deux véhicules - arrière,,,,,,,,,,,1,2,1,1,2
200500052792,0005-08-31 15:35:00,5,8,31,15,35,750,16.0,08 BD LANNES,,,Plein jour,En agglomération,Hors intersection,Normale,Deux véhicules - arrière,,,,,,,,,,,1,2,1,1,2
200500052793,0005-08-31 13:55:00,5,8,31,13,55,750,20.0,CRS DE VINCENNES BD DE C,,,Plein jour,En agglomération,Intersection en T,Normale,Autre collision,,,,,,,,,,,1,2,3,1,6
200500052794,0005-08-31 08:00:00,5,8,31,8,0,750,20.0,CRS DE VINCENNES R DES P,,,Plein jour,En agglomération,Intersection en T,Normale,Deux véhicules - côté,,,,,,,,,,,1,2,3,1,3
200500052795,0005-08-01 07:10:00,5,8,1,7,10,750,14.0,BPI CHATILLON VANVES,,,Plein jour,En agglomération,Hors intersection,Normale,Deux véhicules - côté,,,,,,,,,,,1,2,1,1,3
200500052796,0005-08-01 12:00:00,5,8,1,12,0,750,14.0,ECH CHATILLON,,,Plein jour,En agglomération,Hors intersection,Normale,Deux véhicules - arrière,,,,,,,,,,,1,2,1,1,2
200500052797,0005-08-06 02:30:00,5,8,6,2,30,750,18.0,BPI CHAPELLE AUBERVILLIE,,,Nuit avec éclairage allumé,En agglomération,Hors intersection,Normale,Autre collision,,,,,,,,,,,5,2,1,1,6
200500052798,0005-08-23 22:05:00,5,8,23,22,5,750,13.0,ECH IVRY,,,Nuit avec éclairage allumé,En agglomération,Hors intersection,Normale,Deux véhicules - côté,,,,,,,,,,,5,2,1,1,3
200500052799,0005-08-09 13:20:00,5,8,9,13,20,750,16.0,BPE ST CLOUD QU POINT DU,,,Plein jour,En agglomération,Hors intersection,Normale,Autre collision,,,,,,,,,,,1,2,1,1,6
200500052800,0005-08-09 17:00:00,5,8,9,17,0,750,16.0,8 R TALMA,,,Plein jour,En agglomération,Hors intersection,Normale,Autre collision,,,,,,,,,,,1,2,1,1,6
200500052801,0005-08-28 13:00:00,5,8,28,13,0,750,13.0,BPE IVRY GARE,,,Plein jour,En agglomération,Hors intersection,Normale,Autre collision,,,,,,,,,,,1,2,1,1,6
200500052802,0005-08-22 18:50:00,5,8,22,18,50,750,16.0,BPI PASSY MUETTE,,,Plein jour,En agglomération,Hors intersection,Normale,Deux véhicules - arrière,,,,,,,,,,,1,2,1,1,2
200500052803,0005-08-03 09:10:00,5,8,3,9,10,750,16.0,BPI MUETTE DAUPHINE,,,Plein jour,En agglomération,Hors intersection,Normale,Autre collision,,,,,,,,,,,1,2,1,1,6
200500052804,0005-08-07 07:25:00,5,8,7,7,25,750,16.0,ECH MAILLOT,,,Plein jour,En agglomération,Hors intersection,Normale,Autre collision,,,,,,,,,,,1,2,1,1,6
200500052805,0005-08-22 16:10:00,5,8,22,16,10,750,12.0,BPI CHARENTON BERCY,,,Plein jour,En agglomération,Hors intersection,Normale,Deux véhicules - côté,,,,,,,,,,,1,2,1,1,3
200500052806,0005-08-25 09:40:00,5,8,25,9,40,750,13.0,BPI ITALIE GENTILLY,,,Plein jour,En agglomération,Hors intersection,Normale,Sans collision,,,,,,,,,,,1,2,1,1,7
200500052807,0005-08-26 09:35:00,5,8,26,9,35,750,13.0,BPI GARE IVRY,,,Plein jour,En agglomération,Hors intersection,Normale,Trois véhicules et plus - en chaîne,,,,,,,,,,,1,2,1,1,4
200500052808,0005-08-06 11:56:00,5,8,6,11,56,750,17.0,BD MALESHERBES R JOUFFR,,,Plein jour,En agglomération,Intersection en X,Normale,Deux véhicules - côté,,,,,,,,,,,1,2,2,1,3
200500052809,0005-08-13 18:10:00,5,8,13,18,10,750,20.0,BPE ST MANDE VINCENNES,,,Plein jour,En agglomération,Hors intersection,Normale,Sans collision,,,,,,,,,,,1,2,1,1,7
200500052810,0005-08-23 07:30:00,5,8,23,7,30,750,20.0,BPE MONTREUIL BAGNOLET,,,Plein jour,En agglomération,Hors intersection,Normale,Deux véhicules - arrière,,,,,,,,,,,1,2,1,1,2
200500052811,0005-08-29 09:45:00,5,8,29,9,45,750,20.0,ECH BAGNOLET,,,Plein jour,En agglomération,Hors intersection,Normale,Deux véhicules - arrière,,,,,,,,,,,1,2,1,1,2
200500052812,0005-08-29 22:05:00,5,8,29,22,5,750,18.0,BPE VILLETTE AUBERVILLIE,,,Nuit avec éclairage allumé,En agglomération,Hors intersection,Normale,Deux véhicules - arrière,,,,,,,,,,,5,2,1,1,2
200500052813,0005-08-19 17:25:00,5,8,19,17,25,750,14.0,BPI CHATILLON VANVES,,,Plein jour,En agglomération,Hors intersection,Normale,Deux véhicules - arrière,,,,,,,,,,,1,2,1,1,2
200500052814,0005-08-19 18:35:00,5,8,19,18,35,750,20.0,BPI MONTREUIL VINCENNES,,,Plein jour,En agglomération,Hors intersection,Normale,Trois véhicules et plus - en chaîne,,,,,,,,,,,1,2,1,1,4
200500052815,0005-08-11 19:30:00,5,8,11,19,30,750,15.0,BPE Q POINT DU JOUR ISSY,,,Plein jour,En agglomération,Hors intersection,Normale,Deux véhicules - côté,,,,,,,,,,,1,2,1,1,3
200500052816,0005-08-07 06:35:00,5,8,7,6,35,750,17.0,BPE CHAMPERRET TERNES,,,Plein jour,En agglomération,Hors intersection,Normale,Autre collision,,,,,,,,,,,1,2,1,1,6
200500052817,0005-08-05 04:24:00,5,8,5,4,24,750,20.0,BPE MONTREUIL BAGNOLET,,,Nuit avec éclairage allumé,En agglomération,Hors intersection,Normale,Deux véhicules - arrière,,,,,,,,,,,5,2,1,1,2
200500052818,0005-08-05 22:35:00,5,8,5,22,35,750,15.0,BPI PLAINE SEVRES,,,Nuit avec éclairage allumé,En agglomération,Hors intersection,Normale,Trois véhicules et plus - collisions multiples,,,,,,,,,,,5,2,1,1,5
200500052819,0005-08-17 17:00:00,5,8,17,17,0,750,12.0,BPE CHARENTON DOREE,,,Plein jour,En agglomération,Hors intersection,Normale,Deux véhicules - arrière,,,,,,,,,,,1,2,1,1,2
200500052820,0005-08-21 08:00:00,5,8,21,8,0,750,18.0,BPI CHAPELLE AUBERVILLIE,,,Plein jour,En agglomération,Hors intersection,Normale,Deux véhicules - arrière,,,,,,,,,,,1,2,1,1,2
200500052821,0005-08-26 11:45:00,5,8,26,11,45,750,19.0,BPE VILLETTE AUBERVILLIE,,,Plein jour,En agglomération,Intersection en Y,Normale,Trois véhicules et plus - en chaîne,,,,,,,,,,,1,2,4,1,4
200500052822,0005-08-29 17:15:00,5,8,29,17,15,750,20.0,BPI LILAS BAGNOLET,,,Plein jour,En agglomération,Hors intersection,Normale,Deux véhicules - arrière,,,,,,,,,,,1,2,1,1,2
200500052823,0005-08-21 00:45:00,5,8,21,0,45,750,18.0,ECH AUBERVILLIERS,,,Nuit avec éclairage allumé,En agglomération,Hors intersection,Normale,Deux véhicules - arrière,,,,,,,,,,,5,2,1,1,2
200500052824,0005-08-12 05:45:00,5,8,12,5,45,750,20.0,ECH BAGNOLET,,,Nuit avec éclairage allumé,En agglomération,Hors intersection,Normale,Autre collision,,,,,,,,,,,5,2,1,1,6
200500052825,0005-08-17 22:40:00,5,8,17,22,40,750,13.0,BPI ITALIE GENTILLY,,,Nuit avec éclairage allumé,En agglomération,Hors intersection,Normale,Deux véhicules - côté,,,,,,,,,,,5,2,1,1,3
200500052826,0005-08-22 23:25:00,5,8,22,23,25,750,16.0,BPE PASSY AUTEUIL,,,Nuit avec éclairage allumé,En agglomération,Hors intersection,Normale,Autre collision,,,,,,,,,,,5,2,1,1,6
200500052827,0005-08-24 08:45:00,5,8,24,8,45,750,12.0,BPI CHARENTON BERCY,,,Plein jour,En agglomération,Hors intersection,Normale,Trois véhicules et plus - en chaîne,,,,,,,,,,,1,2,1,1,4
200500052828,0005-08-22 08:00:00,5,8,22,8,0,760,576.0,MARE CARELLE (HAMEAU DE,,,Plein jour,Hors agglomération,Hors intersection,Normale,Deux véhicules - arrière,,,,,,,,,,,1,1,1,1,2
200500052829,0005-08-09 15:30:00,5,8,9,15,30,760,707.0,RD 23,,,Plein jour,Hors agglomération,Intersection en X,Normale,Deux véhicules - côté,,,,,,,,,,,1,1,2,1,3
200500052830,0005-08-28 21:40:00,5,8,28,21,40,760,391.0,"0, 138 RN",,,Nuit sans éclairage public,Hors agglomération,Hors intersection,Normale,Sans collision,,,,,,,,,,,3,1,1,1,7
200500052831,0005-08-22 13:05:00,5,8,22,13,5,760,259.0,"60, LORRAIN (AVENUE JEAN",,,Plein jour,En agglomération,Hors intersection,Pluie légère,Autre collision,,,,,,,,,,,1,2,1,2,6
200500052832,0005-08-04 10:15:00,5,8,4,10,15,760,351.0,"NC, DHALIAS (AVENUE DES)",,,Plein jour,En agglomération,Intersection en X,Normale,Deux véhicules - côté,,,,,,,,,,,1,2,2,1,3
200500052833,0005-08-04 18:30:00,5,8,4,18,30,760,341.0,"1, PAUL DOUMER",,,Plein jour,En agglomération,Intersection en X,Normale,Deux véhicules - frontale,,,,,,,,,,,1,2,2,1,1
200500052834,0005-08-05 22:35:00,5,8,5,22,35,760,305.0,LENINE (AVENUE),,,Nuit avec éclairage allumé,En agglomération,Intersection en T,Normale,Autre collision,,,,,,,,,,,5,2,3,1,6
200500052835,0005-08-07 08:05:00,5,8,7,8,5,760,270.0,BOULEAUX,,,Plein jour,En agglomération,Hors intersection,Normale,Autre collision,,,,,,,,,,,1,2,1,1,6
200500052836,0005-08-09 17:50:00,5,8,9,17,50,760,351.0,"33, GENERAL ARCHINARD (A",,,Plein jour,En agglomération,Hors intersection,Normale,Autre collision,,,,,,,,,,,1,2,1,1,6
200500052837,0005-08-16 15:45:00,5,8,16,15,45,760,305.0,"1, COURTE COTE",,,Plein jour,En agglomération,Hors intersection,Normale,Deux véhicules - frontale,,,,,,,,,,,1,2,1,1,1
200500052838,0005-08-18 02:10:00,5,8,18,2,10,760,481.0,FOND DES VALLEES (CHEMIN,,,Nuit sans éclairage public,En agglomération,Hors intersection,Normale,Autre collision,,,,,,,,,,,3,2,1,1,6
200500052839,0005-08-20 10:15:00,5,8,20,10,15,760,351.0,JULES VERNE,,,Plein jour,En agglomération,Intersection en X,Normale,Autre collision,,,,,,,,,,,1,2,2,1,6
200500052840,0005-08-20 16:35:00,5,8,20,16,35,760,351.0,"2, FORT DE SOUVILLE (DU)",,,Plein jour,En agglomération,Hors intersection,Normale,Autre collision,,,,,,,,,,,1,2,1,1,6
200500052841,0005-08-24 02:55:00,5,8,24,2,55,760,305.0,"0, MARCEL LE MIGNOT (COM",,,Nuit sans éclairage public,Hors agglomération,Hors intersection,Normale,Autre collision,,,,,,,,,,,3,1,1,1,6
200500052842,0005-08-30 12:45:00,5,8,30,12,45,760,270.0,LOUIS LUMIERE,,,Plein jour,Hors agglomération,Giratoire,Normale,Deux véhicules - côté,,,,,,,,,,,1,1,6,1,3
200500052843,0005-08-01 21:25:00,5,8,1,21,25,760,575.0,"1, CHENAIE. RUE DE LA",,,Nuit avec éclairage allumé,En agglomération,Intersection en T,Normale,Deux véhicules - côté,,,,,,,,,,,5,2,3,1,3
200500052844,0005-08-02 10:35:00,5,8,2,10,35,760,410.0,A 15,,,Plein jour,Hors agglomération,Hors intersection,Normale,Deux véhicules - arrière,,,,,,,,,,,1,1,1,1,2
200500052845,0005-08-03 21:00:00,5,8,3,21,0,760,157.0,"32, VERSAILLES. AVENUE D",,,Plein jour,En agglomération,Hors intersection,Normale,Autre collision,,,,,,,,,,,1,2,1,1,6
200500052846,0005-08-03 16:20:00,5,8,3,16,20,760,540.0,LYONS. ROUTE DE (BRETELL,,,Plein jour,Hors agglomération,Hors intersection,Normale,Deux véhicules - côté,,,,,,,,,,,1,1,1,1,3
200500052847,0005-08-04 21:30:00,5,8,4,21,30,760,540.0,"19, LAUSANNE. RUE DE",,,Plein jour,En agglomération,Hors intersection,Normale,Sans collision,,,,,,,,,,,1,2,1,1,7
200500052848,0005-08-06 23:25:00,5,8,6,23,25,760,575.0,"38, CROIZAT. AVENUE AMBR",,,Nuit avec éclairage allumé,En agglomération,Hors intersection,Normale,Sans collision,,,,,,,,,,,5,2,1,1,7
200500052849,0005-08-06 14:40:00,5,8,6,14,40,760,540.0,"1, MONT RIBOUDET. AVENUE",,,Plein jour,En agglomération,Hors intersection,Normale,Deux véhicules - côté,,,,,,,,,,,1,2,1,1,3
200500052850,0005-08-07 15:00:00,5,8,7,15,0,760,498.0,"1, CANADIENS. AVENUE DES",,,Plein jour,En agglomération,Hors intersection,Normale,Deux véhicules - côté,,,,,,,,,,,1,2,1,1,3
200500052851,0005-08-08 07:30:00,5,8,8,7,30,760,319.0,"1, MARITIME. BOULEVARD",,,Plein jour,En agglomération,Hors intersection,Brouillard / fumée,Trois véhicules et plus - collisions multiples,,,,,,,,,,,1,2,1,5,5