accident_id,datetime,annee,mois,jour,heure,minute,departement,commune_insee,adresse,latitude,longitude,luminosite,agglomeration,intersection,meteo,collision,nb_vehicules,nb_usagers,nb_indemnes,nb_tues,nb_blesses_hosp,nb_blesses_legers,age_cond_1,age_cond_2,veh_type_cond_1,veh_type_cond_2,lum_code,agg_code,int_code,atm_code,col_code
200500052852,0005-08-08 16:45:00,5,8,8,16,45,760,681.0,"1, 14 JUILLET. AVENUE DU",,,Plein jour,En agglomération,Intersection en T,Normale,Deux véhicules - côté,,,,,,,,,,,1,2,3,1,3
200500052853,0005-08-08 16:55:00,5,8,8,16,55,760,540.0,"1, GUILLAUME LE CONQUERA",,,Plein jour,En agglomération,Hors intersection,Normale,Deux véhicules - arrière,,,,,,,,,,,1,2,1,1,2
200500052854,0005-08-09 07:30:00,5,8,9,7,30,760,322.0,"1, STALINGRAD. BOULEVARD",,,Plein jour,En agglomération,Intersection en T,Normale,Deux véhicules - côté,,,,,,,,,,,1,2,3,1,3
200500052855,0005-08-14 09:00:00,5,8,14,9,0,760,540.0,HAVRE. QUAI (HAUT) DU,,,Plein jour,En agglomération,Hors intersection,Temps couvert,Deux véhicules - arrière,,,,,,,,,,,1,2,1,8,2
200500052856,0005-08-12 18:30:00,5,8,12,18,30,760,322.0,"1, BLUM. AVENUE LEON",,,Plein jour,En agglomération,Intersection en T,Normale,Deux véhicules - côté,,,,,,,,,,,1,2,3,1,3
200500052857,0005-08-14 02:50:00,5,8,14,2,50,760,540.0,"1, MONT RIBOUDET. AVENUE",,,Nuit avec éclairage allumé,En agglomération,Hors intersection,Pluie légère,Autre collision,,,,,,,,,,,5,2,1,2,6
200500052858,0005-08-13 04:40:00,5,8,13,4,40,760,540.0,PENE. RUE ANNIE DE,,,Nuit sans éclairage public,En agglomération,Hors intersection,Normale,Sans collision,,,,,,,,,,,3,2,1,1,7
200500052859,0005-08-14 13:55:00,5,8,14,13,55,760,540.0,MATHILDE. PONT,,,Plein jour,En agglomération,Hors intersection,Normale,Trois véhicules et plus - collisions multiples,,,,,,,,,,,1,2,1,1,5
200500052860,0005-08-16 19:30:00,5,8,16,19,30,760,322.0,"1, CANADIENS. AVENUE DES",,,Plein jour,En agglomération,Hors intersection,Normale,Deux véhicules - arrière,,,,,,,,,,,1,2,1,1,2
200500052861,0005-08-16 17:50:00,5,8,16,17,50,760,498.0,"1, JAURES. AVENUE JEAN",,,Plein jour,En agglomération,Hors intersection,Normale,Deux véhicules - côté,,,,,,,,,,,1,2,1,1,3
200500052862,0005-08-18 08:48:00,5,8,18,8,48,760,429.0,"1, ANJOU. RUE D'",,,Plein jour,En agglomération,Intersection en T,Normale,Deux véhicules - côté,,,,,,,,,,,1,2,3,1,3
200500052863,0005-08-18 19:40:00,5,8,18,19,40,760,322.0,VOIE RAPIDE SUD 3 (RN 33,,,Plein jour,En agglomération,Hors intersection,Normale,Sans collision,,,,,,,,,,,1,2,1,1,7
200500052864,0005-08-19 07:00:00,5,8,19,7,0,760,540.0,"1, GAMBETTA. BOULEVARD",,,Crépuscule ou aube,En agglomération,Intersection en T,Pluie légère,Deux véhicules - côté,,,,,,,,,,,2,2,3,2,3
200500052865,0005-08-19 17:40:00,5,8,19,17,40,760,540.0,"1, MADAGASCAR. RUE DE",,,Plein jour,En agglomération,Intersection en T,Pluie légère,Deux véhicules - côté,,,,,,,,,,,1,2,3,2,3
200500052866,0005-08-19 11:00:00,5,8,19,11,0,760,540.0,"1, CAVELIER DE LA SALLE.",,,Plein jour,En agglomération,Hors intersection,Normale,Autre collision,,,,,,,,,,,1,2,1,1,6
200500052867,0005-08-24 12:15:00,5,8,24,12,15,760,540.0,"1, GAMBETTA. BOULEVARD",,,Plein jour,En agglomération,Hors intersection,Normale,Sans collision,,,,,,,,,,,1,2,1,1,7
200500052868,0005-08-24 13:05:00,5,8,24,13,5,760,540.0,"1, BELGES. BOULEVARD DES",,,Plein jour,En agglomération,Hors intersection,Normale,Deux véhicules - côté,,,,,,,,,,,1,2,1,1,3
200500052869,0005-08-24 22:00:00,5,8,24,22,0,760,681.0,"1, CORNEILLE. RUE PIERRE",,,Nuit avec éclairage allumé,En agglomération,Hors intersection,Pluie forte,Deux véhicules - côté,,,,,,,,,,,5,2,1,3,3
200500052870,0005-08-28 02:40:00,5,8,28,2,40,760,540.0,"1, MIDI. BOULEVARD DU",,,Nuit avec éclairage allumé,En agglomération,Hors intersection,Normale,Sans collision,,,,,,,,,,,5,2,1,1,7
200500052871,0005-08-26 10:45:00,5,8,26,10,45,760,497.0,"1, PIERRE D'ETAT. RUE DE",,,Plein jour,En agglomération,Hors intersection,Normale,Deux véhicules - arrière,,,,,,,,,,,1,2,1,1,2
200500052872,0005-08-26 13:30:00,5,8,26,13,30,760,681.0,"1, ARAGO. RUE FRANCOIS",,,Plein jour,En agglomération,Hors intersection,Normale,Autre collision,,,,,,,,,,,1,2,1,1,6
200500052873,0005-08-30 12:05:00,5,8,30,12,5,760,540.0,MATHILDE. PONT,,,Plein jour,En agglomération,Hors intersection,Normale,Trois véhicules et plus - collisions multiples,,,,,,,,,,,1,2,1,1,5
200500052874,0005-08-31 16:25:00,5,8,31,16,25,760,540.0,"160, DUPUIS. RUE ALBERT",,,Plein jour,En agglomération,Hors intersection,Normale,Autre collision,,,,,,,,,,,1,2,1,1,6
200500052875,0005-08-01 17:50:00,5,8,1,17,50,770,108.0,"66, MARECHAL FOCH (AVENU",,,Plein jour,En agglomération,Hors intersection,Normale,Autre collision,,,,,,,,,,,1,2,1,1,6
200500052876,0005-08-01 18:35:00,5,8,1,18,35,770,108.0,"45, GAMBETTA ( RUE )",,,Plein jour,En agglomération,Hors intersection,Normale,Autre collision,,,,,,,,,,,1,2,1,1,6
200500052877,0005-08-10 16:00:00,5,8,10,16,0,770,108.0,"130, SCIENCES (AVENUE DE",,,Plein jour,En agglomération,Hors intersection,Normale,Deux véhicules - frontale,,,,,,,,,,,1,2,1,1,1
200500052878,0005-08-31 13:10:00,5,8,31,13,10,770,139.0,"99, VAN WYNGENE (RUE CHA",,,Plein jour,En agglomération,Hors intersection,Normale,Deux véhicules - côté,,,,,,,,,,,1,2,1,1,3
200500052879,0005-08-18 17:45:00,5,8,18,17,45,770,132.0,TOUARTE ( RUE DE ),,,Plein jour,En agglomération,Hors intersection,Normale,Deux véhicules - arrière,,,,,,,,,,,1,2,1,1,2
200500052880,0005-08-06 18:45:00,5,8,6,18,45,770,131.0,GRAND MORIN (RUE DU),,,Plein jour,En agglomération,Intersection en X,Normale,Deux véhicules - frontale,,,,,,,,,,,1,2,2,1,1
200500052881,0005-08-26 18:10:00,5,8,26,18,10,770,131.0,"84, REBAIS (AVENUE DE)",,,Plein jour,En agglomération,Hors intersection,Normale,Deux véhicules - côté,,,,,,,,,,,1,2,1,1,3
200500052882,0005-08-28 17:05:00,5,8,28,17,5,770,433.0,"00, MELMEZ (RUE DE)",,,Plein jour,En agglomération,Hors intersection,Normale,Autre collision,,,,,,,,,,,1,2,1,1,6
200500052883,0005-08-30 09:10:00,5,8,30,9,10,770,131.0,"00.00, MARNE (BOULEVARD",,,Plein jour,En agglomération,Autre intersection,Normale,Autre collision,,,,,,,,,,,1,2,9,1,6
200500052884,0005-08-22 10:25:00,5,8,22,10,25,770,152.0,"476, LECLERC(AVENUE DU G",,,Plein jour,En agglomération,Hors intersection,Normale,Autre collision,,,,,,,,,,,1,2,1,1,6
200500052885,0005-08-29 23:00:00,5,8,29,23,0,770,378.0,ROUTE NATIONALE 7,,,Nuit avec éclairage allumé,En agglomération,Hors intersection,Normale,Autre collision,,,,,,,,,,,5,2,1,1,6
200500052886,0005-08-09 13:15:00,5,8,9,13,15,770,186.0,"5, MAGENTA (BOULEVARD)",,,Plein jour,En agglomération,Hors intersection,Normale,Autre collision,,,,,,,,,,,1,2,1,1,6
200500052887,0005-08-20 11:15:00,5,8,20,11,15,770,186.0,"101, FRANCE (RUE DE)",,,Plein jour,En agglomération,Hors intersection,Normale,Deux véhicules - côté,,,,,,,,,,,1,2,1,1,3
200500052888,0005-08-23 10:00:00,5,8,23,10,0,770,186.0,"1, SERGENT PERRIER (RUE",,,Plein jour,En agglomération,Intersection en T,Pluie légère,Autre collision,,,,,,,,,,,1,2,3,2,6
200500052889,0005-08-31 03:35:00,5,8,31,3,35,770,186.0,d137 avon / samois/ bois,,,Nuit sans éclairage public,Hors agglomération,Hors intersection,Normale,Autre collision,,,,,,,,,,,3,1,1,1,6
200500052890,0005-08-12 16:35:00,5,8,12,16,35,770,284.0,"2, BERRY (SQUARE DU)",,,Plein jour,En agglomération,Intersection en T,Normale,Deux véhicules - côté,,,,,,,,,,,1,2,3,1,3
200500052891,0005-08-19 14:30:00,5,8,19,14,30,770,284.0,"7, ALLENDE (AV.SALVADOR)",,,Plein jour,En agglomération,Hors intersection,Normale,Sans collision,,,,,,,,,,,1,2,1,1,7
200500052892,0005-08-19 15:15:00,5,8,19,15,15,770,284.0,"2, CHAMPLAIN (BD.)",,,Plein jour,En agglomération,Hors intersection,Normale,Deux véhicules - frontale,,,,,,,,,,,1,2,1,1,1
200500052893,0005-08-19 20:30:00,5,8,19,20,30,770,284.0,", TRONCHET (RUE)",,,Plein jour,En agglomération,Hors intersection,Normale,Autre collision,,,,,,,,,,,1,2,1,1,6
200500052894,0005-08-24 18:25:00,5,8,24,18,25,770,284.0,VARREDES (ROUTE DE),,,Plein jour,En agglomération,Hors intersection,Normale,Autre collision,,,,,,,,,,,1,2,1,1,6
200500052895,0005-08-25 12:20:00,5,8,25,12,20,770,330.0,"1, BLOT JULES (RUE)",,,Plein jour,En agglomération,Hors intersection,Pluie légère,Autre collision,,,,,,,,,,,1,2,1,2,6
200500052896,0005-08-25 12:30:00,5,8,25,12,30,770,330.0,"12, MENDES FRANCE PIERRE",,,Plein jour,En agglomération,Hors intersection,Pluie forte,Deux véhicules - frontale,,,,,,,,,,,1,2,1,3,1
200500052897,0005-08-27 12:35:00,5,8,27,12,35,770,284.0,"3, ISAAC NEWTON (RUE)",,,Plein jour,En agglomération,Hors intersection,Normale,Autre collision,,,,,,,,,,,1,2,1,1,6
200500052898,0005-08-29 18:45:00,5,8,29,18,45,770,284.0,MEMORIAL AMERICAIN (BD.D,,,Plein jour,En agglomération,Hors intersection,Normale,Trois véhicules et plus - collisions multiples,,,,,,,,,,,1,2,1,1,5
200500052899,0005-08-26 22:10:00,5,8,26,22,10,770,285.0,D.39,,,Nuit sans éclairage public,Hors agglomération,Hors intersection,Normale,Deux véhicules - côté,,,,,,,,,,,3,1,1,1,3
200500052900,0005-08-30 16:15:00,5,8,30,16,15,770,288.0,PATTON  (AVENUE GENERAL),,,Plein jour,En agglomération,Autre intersection,Normale,Deux véhicules - côté,,,,,,,,,,,1,2,9,1,3
200500052901,0005-08-11 19:45:00,5,8,11,19,45,770,294.0,C.D. 9,,,Plein jour,Hors agglomération,Hors intersection,Normale,Sans collision,,,,,,,,,,,1,1,1,1,7
200500052902,0005-08-26 13:58:00,5,8,26,13,58,770,292.0,CHARNY (RUE DE),,,Plein jour,En agglomération,Hors intersection,Normale,Deux véhicules - frontale,,,,,,,,,,,1,2,1,1,1
200500052903,0005-08-14 07:20:00,5,8,14,7,20,770,214.0,R.D. N°139,,,Plein jour,Hors agglomération,Hors intersection,Autre,Sans collision,,,,,,,,,,,1,1,1,9,7
200500052904,0005-08-19 13:40:00,5,8,19,13,40,770,450.0,POINT DU JOUR (RUE DU),,,Plein jour,Hors agglomération,Hors intersection,Normale,Autre collision,,,,,,,,,,,1,1,1,1,6
200500052905,0005-08-12 10:45:00,5,8,12,10,45,770,54.0,RN 6,,,Plein jour,Hors agglomération,Hors intersection,Pluie légère,Trois véhicules et plus - collisions multiples,,,,,,,,,,,1,1,1,2,5
200500052906,0005-08-18 21:40:00,5,8,18,21,40,770,48.0,VISCINAL 3 ( CHEMIN ),,,Nuit sans éclairage public,Hors agglomération,Hors intersection,Normale,Autre collision,,,,,,,,,,,3,1,1,1,6
200500052907,0005-08-21 21:15:00,5,8,21,21,15,770,16.0,GLANDELLE (ROUTE DE),,,Crépuscule ou aube,Hors agglomération,Hors intersection,Normale,Deux véhicules - côté,,,,,,,,,,,2,1,1,1,3
200500052908,0005-08-07 11:20:00,5,8,7,11,20,770,121.0,EUROPE (AVENUE DE L'),,,Plein jour,En agglomération,Giratoire,Normale,Autre collision,,,,,,,,,,,1,2,6,1,6
200500052909,0005-08-15 19:18:00,5,8,15,19,18,770,468.0,GEORGES BRASSENS (AVENUE,,,Crépuscule ou aube,En agglomération,Intersection en X,Normale,Autre collision,,,,,,,,,,,2,2,2,1,6
200500052910,0005-08-26 17:20:00,5,8,26,17,20,770,468.0,"28, GEORGES BRASSENS (AV",,,Plein jour,En agglomération,Intersection en X,Normale,Deux véhicules - côté,,,,,,,,,,,1,2,2,1,3
200500052911,0005-08-31 17:40:00,5,8,31,17,40,770,337.0,"14, ROCHES (COURS DES)",,,Plein jour,En agglomération,Hors intersection,Normale,Autre collision,,,,,,,,,,,1,2,1,1,6
200500052912,0005-08-07 00:55:00,5,8,7,0,55,770,373.0,"INCONNU, RN4",,,Nuit avec éclairage allumé,En agglomération,Giratoire,Normale,Sans collision,,,,,,,,,,,5,2,6,1,7
200500052913,0005-08-19 19:15:00,5,8,19,19,15,770,350.0,"107, GENERAL DE GAULLE (",,,Plein jour,En agglomération,Hors intersection,Normale,Trois véhicules et plus - collisions multiples,,,,,,,,,,,1,2,1,1,5
200500052914,0005-08-03 18:40:00,5,8,3,18,40,770,249.0,LA GRANDE ROMAINE,,,Plein jour,Hors agglomération,Hors intersection,Normale,Sans collision,,,,,,,,,,,1,1,1,1,7
200500052915,0005-08-03 18:40:00,5,8,3,18,40,770,260.0,"68, AMOUREE (RUE L')",,,Plein jour,En agglomération,Hors intersection,Normale,Deux véhicules - côté,,,,,,,,,,,1,2,1,1,3
200500052916,0005-08-02 10:30:00,5,8,2,10,30,770,260.0,CROIX BROUILLARD (RUE DE,,,Plein jour,En agglomération,Hors intersection,Normale,Deux véhicules - frontale,,,,,,,,,,,1,2,1,1,1
200500052917,0005-08-02 18:12:00,5,8,2,18,12,770,514.0,TILLEULS (RUE DES),,,Plein jour,En agglomération,Hors intersection,Normale,Deux véhicules - frontale,,,,,,,,,,,1,2,1,1,1
200500052918,0005-08-05 08:40:00,5,8,5,8,40,780,172.0,"5, CARNOT (AVENUE)",,,Plein jour,En agglomération,Hors intersection,Normale,Deux véhicules - arrière,,,,,,,,,,,1,2,1,1,2
200500052919,0005-08-22 15:40:00,5,8,22,15,40,780,15.0,"24 BIS, OISE (QUAI DE L'",,,Plein jour,En agglomération,Hors intersection,Normale,Deux véhicules - côté,,,,,,,,,,,1,2,1,1,3
200500052920,0005-08-09 20:20:00,5,8,9,20,20,780,5.0,"27, MONTSOURIS (RUE DU)",,,Plein jour,En agglomération,Hors intersection,Normale,Deux véhicules - côté,,,,,,,,,,,1,2,1,1,3
200500052921,0005-08-19 17:35:00,5,8,19,17,35,780,172.0,RN 184,,,Plein jour,En agglomération,Hors intersection,Normale,Sans collision,,,,,,,,,,,1,2,1,1,7
200500052922,0005-08-21 01:30:00,5,8,21,1,30,780,172.0,"12, MANGIN (RUE DU GENER",,,Nuit avec éclairage allumé,En agglomération,Hors intersection,Normale,Sans collision,,,,,,,,,,,5,2,1,1,7
200500052923,0005-08-08 08:33:00,5,8,8,8,33,780,208.0,DEPARTEMENTALE 23 (ROUTE,,,Plein jour,En agglomération,Intersection en X,Normale,Deux véhicules - côté,,,,,,,,,,,1,2,2,1,3
200500052924,0005-08-06 15:25:00,5,8,6,15,25,780,208.0,"Indét, EINSTEIN (RUE ALB",,,Plein jour,En agglomération,Intersection en X,Normale,Deux véhicules - côté,,,,,,,,,,,1,2,2,1,3
200500052925,0005-08-25 12:20:00,5,8,25,12,20,780,168.0,NATIONALE 10 (ROUTE),,,Plein jour,En agglomération,Intersection en X,Normale,Deux véhicules - côté,,,,,,,,,,,1,2,2,1,3
200500052926,0005-08-29 08:20:00,5,8,29,8,20,780,490.0,DEPARTEMENTALE 134 (ROUT,,,Plein jour,Hors agglomération,Giratoire,Normale,Deux véhicules - côté,,,,,,,,,,,1,1,6,1,3
200500052927,0005-08-03 22:55:00,5,8,3,22,55,780,423.0,"00000, LECLERC (AVENUE D",,,Nuit avec éclairage allumé,Hors agglomération,Hors intersection,Normale,Deux véhicules - arrière,,,,,,,,,,,5,1,1,1,2
200500052928,0005-08-05 13:30:00,5,8,5,13,30,780,423.0,"INCONNU, TIMBAUD (RUE JE",,,Plein jour,En agglomération,Intersection en X,Normale,Deux véhicules - côté,,,,,,,,,,,1,2,2,1,3
200500052929,0005-08-23 17:40:00,5,8,23,17,40,780,423.0,"4, FULGENCE BIENVENUE (R",,,Plein jour,En agglomération,Hors intersection,Normale,Autre collision,,,,,,,,,,,1,2,1,1,6
200500052930,0005-08-28 21:10:00,5,8,28,21,10,780,297.0,"000000, ROUTE DE SAINT C",,,Crépuscule ou aube,Hors agglomération,Hors intersection,Autre,Autre collision,,,,,,,,,,,2,1,1,9,6
200500052931,0005-08-15 18:00:00,5,8,15,18,0,780,402.0,"136, RUE NATIONALE",,,Plein jour,En agglomération,Hors intersection,Normale,Autre collision,,,,,,,,,,,1,2,1,1,6
200500052932,0005-08-16 21:20:00,5,8,16,21,20,780,362.0,"1, BOULEVARD CALMETTE",,,Crépuscule ou aube,En agglomération,Intersection en X,Normale,Deux véhicules - côté,,,,,,,,,,,2,2,2,1,3
200500052933,0005-08-01 12:25:00,5,8,1,12,25,780,372.0,"14, AUGUSTE RENOIR (AVEN",,,Plein jour,En agglomération,Hors intersection,Normale,Deux véhicules - côté,,,,,,,,,,,1,2,1,1,3
200500052934,0005-08-10 17:45:00,5,8,10,17,45,780,372.0,RN 186,,,Plein jour,Hors agglomération,Hors intersection,Normale,Deux véhicules - côté,,,,,,,,,,,1,1,1,1,3
200500052935,0005-08-04 16:05:00,5,8,4,16,5,780,440.0,CHATEAU (RUE DU),,,Plein jour,En agglomération,Intersection en T,Normale,Deux véhicules - côté,,,,,,,,,,,1,2,3,1,3
200500052936,0005-08-04 12:30:00,5,8,4,12,30,780,401.0,TESSANCOURT (RUE DE),,,Plein jour,En agglomération,Intersection en T,Normale,Deux véhicules - arrière,,,,,,,,,,,1,2,3,1,2
200500052937,0005-08-10 10:25:00,5,8,10,10,25,780,440.0,VERNEUIL (ROUTE DE),,,Plein jour,Hors agglomération,Intersection en Y,Normale,Deux véhicules - arrière,,,,,,,,,,,1,1,4,1,2
200500052938,0005-08-12 19:25:00,5,8,12,19,25,780,440.0,SEINE (RUE DE),,,Plein jour,En agglomération,Intersection en X,Normale,Deux véhicules - arrière,,,,,,,,,,,1,2,2,1,2
200500052939,0005-08-18 22:10:00,5,8,18,22,10,780,440.0,ILE DE FRANCE (ALLEE DE,,,Nuit avec éclairage allumé,En agglomération,Intersection en X,Normale,Deux véhicules - côté,,,,,,,,,,,5,2,2,1,3
200500052940,0005-08-21 00:26:00,5,8,21,0,26,780,440.0,JEAN JAURES  (RUE),,,Nuit avec éclairage allumé,En agglomération,Intersection à plus de 4 branches,Normale,Deux véhicules - frontale,,,,,,,,,,,5,2,5,1,1
200500052941,0005-08-22 13:00:00,5,8,22,13,0,780,609.0,CD 28,,,Plein jour,Hors agglomération,Hors intersection,Normale,Sans collision,,,,,,,,,,,1,1,1,1,7
200500052942,0005-08-22 12:24:00,5,8,22,12,24,780,440.0,BOUAFLE (ROUTE DE),,,Plein jour,Hors agglomération,Hors intersection,Normale,Deux véhicules - frontale,,,,,,,,,,,1,1,1,1,1
200500052943,0005-08-24 20:09:00,5,8,24,20,9,780,29.0,PIERRE LEFAUCHEUX (RUE),,,Nuit avec éclairage allumé,En agglomération,Intersection en Y,Normale,Deux véhicules - côté,,,,,,,,,,,5,2,4,1,3
200500052944,0005-08-30 09:40:00,5,8,30,9,40,780,440.0,PAUL RAOULT (AVENUE),,,Plein jour,En agglomération,Intersection en Y,Normale,Autre collision,,,,,,,,,,,1,2,4,1,6
200500052945,0005-08-30 17:00:00,5,8,30,17,0,780,29.0,AVENUE DE L'UNION,,,Plein jour,En agglomération,Intersection en T,Normale,Trois véhicules et plus - en chaîne,,,,,,,,,,,1,2,3,1,4
200500052946,0005-08-03 18:30:00,5,8,3,18,30,780,498.0,QUARANTE SOUS ROUTE DE,,,Plein jour,Hors agglomération,Hors intersection,Normale,Deux véhicules - arrière,,,,,,,,,,,1,1,1,1,2
200500052947,0005-08-04 10:40:00,5,8,4,10,40,780,498.0,QUARANTE SOUS ROUTE DE,,,Plein jour,En agglomération,Intersection en X,Normale,Deux véhicules - côté,,,,,,,,,,,1,2,2,1,3
200500052948,0005-08-05 11:30:00,5,8,5,11,30,780,498.0,RN 190,,,Plein jour,Hors agglomération,Hors intersection,Normale,Deux véhicules - arrière,,,,,,,,,,,1,1,1,1,2
200500052949,0005-08-13 15:30:00,5,8,13,15,30,780,123.0,EUROPE (RN 190) AVENUE D,,,Plein jour,En agglomération,Intersection en X,Normale,Deux véhicules - côté,,,,,,,,,,,1,2,2,1,3
200500052950,0005-08-13 15:30:00,5,8,13,15,30,780,643.0,EUROPE BD DE L',,,Plein jour,En agglomération,Giratoire,Normale,Deux véhicules - côté,,,,,,,,,,,1,2,6,1,3
200500052951,0005-08-16 15:45:00,5,8,16,15,45,780,384.0,BOIS DE MEDAN (ROUTE DU),,,Plein jour,Hors agglomération,Hors intersection,Normale,Sans collision,,,,,,,,,,,1,1,1,1,7
200500052952,0005-08-26 08:55:00,5,8,26,8,55,780,624.0,DOUMER RUE PAUL,,,Plein jour,En agglomération,Intersection en T,Normale,Autre collision,,,,,,,,,,,1,2,3,1,6
200500052953,0005-08-25 09:30:00,5,8,25,9,30,780,498.0,ROBESPIERRE BD,,,Plein jour,En agglomération,Hors intersection,Normale,Sans collision,,,,,,,,,,,1,2,1,1,7
200500052954,0005-08-18 14:25:00,5,8,18,14,25,780,123.0,EUROPE (RN 190) AVENUE D,,,Plein jour,En agglomération,Hors intersection,Normale,Deux véhicules - arrière,,,,,,,,,,,1,2,1,1,2
200500052955,0005-08-20 07:05:00,5,8,20,7,5,780,672.0,"70, CROIX RUE DE LA",,,Plein jour,En agglomération,Hors intersection,Normale,Autre collision,,,,,,,,,,,1,2,1,1,6
200500052956,0005-08-01 10:10:00,5,8,1,10,10,780,220.0,"1, GARE (AVENUE DE LA)",,,Plein jour,En agglomération,Hors intersection,Normale,Sans collision,,,,,,,,,,,1,2,1,1,7
200500052957,0005-08-04 20:20:00,5,8,4,20,20,780,517.0,"47, GAMBETTA (RUE)",,,Plein jour,En agglomération,Hors intersection,Normale,Deux véhicules - arrière,,,,,,,,,,,1,2,1,1,2
200500052958,0005-08-08 08:48:00,5,8,8,8,48,780,220.0,RN 10,,,Plein jour,Hors agglomération,Hors intersection,Normale,Trois véhicules et plus - collisions multiples,,,,,,,,,,,1,1,1,1,5
200500052959,0005-08-28 16:45:00,5,8,28,16,45,780,269.0,"1, D 906",,,Plein jour,Hors agglomération,Intersection en T,Normale,Deux véhicules - côté,,,,,,,,,,,1,1,3,1,3
200500052960,0005-08-30 22:40:00,5,8,30,22,40,780,269.0,D 906,,,Nuit avec éclairage allumé,En agglomération,Hors intersection,Normale,Deux véhicules - côté,,,,,,,,,,,5,2,1,1,3
200500052961,0005-08-31 09:10:00,5,8,31,9,10,780,220.0,RD 191,,,Plein jour,Hors agglomération,Intersection en T,Normale,Deux véhicules - arrière,,,,,,,,,,,1,1,3,1,2
200500052962,0005-08-31 12:55:00,5,8,31,12,55,780,220.0,RN 10,,,Plein jour,Hors agglomération,Intersection en T,Normale,Deux véhicules - arrière,,,,,,,,,,,1,1,3,1,2
200500052963,0005-08-16 18:25:00,5,8,16,18,25,780,73.0,TURPAULT (RUE ALEXANDRE),,,Plein jour,En agglomération,Hors intersection,Normale,Deux véhicules - côté,,,,,,,,,,,1,2,1,1,3
200500052964,0005-08-23 14:40:00,5,8,23,14,40,780,73.0,"indé, VAILLANT COUTURIER",,,Plein jour,En agglomération,Intersection en X,Normale,Deux véhicules - côté,,,,,,,,,,,1,2,2,1,3
200500052965,0005-08-23 15:00:00,5,8,23,15,0,780,545.0,"indétermin, PASTEUR (RUE",,,Plein jour,En agglomération,Intersection en Y,Normale,Deux véhicules - côté,,,,,,,,,,,1,2,4,1,3
200500052966,0005-08-09 12:40:00,5,8,9,12,40,780,621.0,LANGEVIN (SQUARE PAUL),,,Plein jour,En agglomération,Intersection en T,Normale,Deux véhicules - côté,,,,,,,,,,,1,2,3,1,3
200500052967,0005-08-11 19:30:00,5,8,11,19,30,780,621.0,NATIONALE 10   (ROUTE),,,Plein jour,En agglomération,Intersection à plus de 4 branches,Normale,Deux véhicules - côté,,,,,,,,,,,1,2,5,1,3
200500052968,0005-08-20 13:15:00,5,8,20,13,15,780,621.0,BERLIOZ (RUE HECTOR),,,Plein jour,En agglomération,Intersection en T,Normale,Deux véhicules - côté,,,,,,,,,,,1,2,3,1,3
200500052969,0005-08-22 20:55:00,5,8,22,20,55,780,621.0,"89, JAURES (RUE JEAN)",,,Crépuscule ou aube,En agglomération,Hors intersection,Normale,Autre collision,,,,,,,,,,,2,2,1,1,6
200500052970,0005-08-02 15:35:00,5,8,2,15,35,780,646.0,SAINT CYR (ROUTE DE),,,Plein jour,Hors agglomération,Hors intersection,Normale,Deux véhicules - arrière,,,,,,,,,,,1,1,1,1,2
200500052971,0005-08-02 22:30:00,5,8,2,22,30,780,646.0,", MOLIERE (RUE)",,,Nuit avec éclairage allumé,En agglomération,Intersection en X,Normale,Deux véhicules - côté,,,,,,,,,,,5,2,2,1,3
200500052972,0005-08-03 08:20:00,5,8,3,8,20,780,117.0,LOUIS BLERIOT (RUE),,,Plein jour,En agglomération,Hors intersection,Normale,Autre collision,,,,,,,,,,,1,2,1,1,6
200500052973,0005-08-03 10:00:00,5,8,3,10,0,780,646.0,"0, BAILLET REVIRON (RUE)",,,Plein jour,En agglomération,Intersection en X,Normale,Autre collision,,,,,,,,,,,1,2,2,1,6
200500052974,0005-08-18 00:55:00,5,8,18,0,55,780,646.0,"19, PARIS (AVENUE DE)",,,Nuit sans éclairage public,En agglomération,Hors intersection,Normale,Deux véhicules - côté,,,,,,,,,,,3,2,1,1,3
200500052975,0005-08-21 01:00:00,5,8,21,1,0,780,646.0,GENERAL DE GAULLE (AVENU,,,Nuit avec éclairage allumé,En agglomération,Intersection en X,Normale,Deux véhicules - frontale,,,,,,,,,,,5,2,2,1,1
200500052976,0005-08-21 13:40:00,5,8,21,13,40,780,646.0,ROI (BOULEVARD DU),,,Plein jour,En agglomération,Intersection en X,Normale,Deux véhicules - arrière,,,,,,,,,,,1,2,2,1,2
200500052977,0005-08-24 23:45:00,5,8,24,23,45,780,646.0,SAINT ANTOINE (BOULEVARD,,,Nuit avec éclairage allumé,En agglomération,Hors intersection,Pluie légère,Autre collision,,,,,,,,,,,5,2,1,2,6
200500052978,0005-08-25 19:50:00,5,8,25,19,50,780,646.0,"2, PARIS (AVENUE DE)",,,Plein jour,En agglomération,Hors intersection,Normale,Autre collision,,,,,,,,,,,1,2,1,1,6
200500052979,0005-08-26 08:00:00,5,8,26,8,0,780,524.0,ROUTE DE SAINT GERMAIN R,,,Plein jour,En agglomération,Hors intersection,Normale,Autre collision,,,,,,,,,,,1,2,1,1,6
200500052980,0005-08-28 09:40:00,5,8,28,9,40,780,646.0,"0, ETATS GENERAUX (RUE D",,,Plein jour,En agglomération,Intersection en X,Normale,Deux véhicules - côté,,,,,,,,,,,1,2,2,1,3
200500052981,0005-08-28 20:00:00,5,8,28,20,0,780,646.0,CLEMENT ADER (AVENUE),,,Crépuscule ou aube,En agglomération,Intersection en T,Normale,Deux véhicules - côté,,,,,,,,,,,2,2,3,1,3