accident_id,datetime,annee,mois,jour,heure,minute,departement,commune_insee,adresse,latitude,longitude,luminosite,agglomeration,intersection,meteo,collision,nb_vehicules,nb_usagers,nb_indemnes,nb_tues,nb_blesses_hosp,nb_blesses_legers,age_cond_1,age_cond_2,veh_type_cond_1,veh_type_cond_2,lum_code,agg_code,int_code,atm_code,col_code
200500052982,0005-08-03 22:50:00,5,8,3,22,50,780,418.0,"3, FELICIEN LESAGE (RUE)",,,Nuit avec éclairage allumé,En agglomération,Hors intersection,Normale,Autre collision,,,,,,,,,,,5,2,1,1,6
200500052983,0005-08-10 13:00:00,5,8,10,13,0,780,146.0,MARECHAL FOCH (AVENUE DU,,,Plein jour,En agglomération,Intersection en T,Normale,Deux véhicules - arrière,,,,,,,,,,,1,2,3,1,2
200500052984,0005-08-17 12:50:00,5,8,17,12,50,780,650.0,"38, CARNOT (BOULEVARD)",,,Plein jour,En agglomération,Hors intersection,Normale,Autre collision,,,,,,,,,,,1,2,1,1,6
200500052985,0005-08-19 17:25:00,5,8,19,17,25,780,146.0,DOCTEUR ROCHEFORT (RUE D,,,Plein jour,En agglomération,Intersection en T,Normale,Deux véhicules - côté,,,,,,,,,,,1,2,3,1,3
200500052986,0005-08-24 22:00:00,5,8,24,22,0,780,418.0,GABRIEL PERI (AVENUE),,,Nuit avec éclairage allumé,Hors agglomération,Intersection en T,Temps couvert,Deux véhicules - côté,,,,,,,,,,,5,1,3,8,3
200500052987,0005-08-12 17:54:00,5,8,12,17,54,790,191.0,"362, LIMOGES (AVENUE DE)",,,Plein jour,En agglomération,Hors intersection,Normale,Deux véhicules - côté,,,,,,,,,,,1,2,1,1,3
200500052988,0005-08-23 17:05:00,5,8,23,17,5,790,191.0,"9, MAIRIE",,,Plein jour,En agglomération,Hors intersection,Normale,Deux véhicules - côté,,,,,,,,,,,1,2,1,1,3
200500052989,0005-08-23 17:15:00,5,8,23,17,15,790,191.0,"26, VICTOR HUGO",,,Plein jour,En agglomération,Hors intersection,Normale,Autre collision,,,,,,,,,,,1,2,1,1,6
200500052990,0005-08-26 17:50:00,5,8,26,17,50,790,191.0,"65, PIED DE FOND",,,Plein jour,En agglomération,Giratoire,Normale,Deux véhicules - arrière,,,,,,,,,,,1,2,6,1,2
200500052991,0005-08-01 18:30:00,5,8,1,18,30,800,1.0,"2, VOLTAIRE",,,Plein jour,En agglomération,Intersection en X,Normale,Deux véhicules - frontale,,,,,,,,,,,1,2,2,1,1
200500052992,0005-08-09 11:55:00,5,8,9,11,55,800,1.0,"62, VAUBAN",,,Plein jour,En agglomération,Autre intersection,Normale,Deux véhicules - côté,,,,,,,,,,,1,2,9,1,3
200500052993,0005-08-01 20:45:00,5,8,1,20,45,800,21.0,"0, AMONT (PORT D')",,,Plein jour,En agglomération,Intersection en X,Normale,Deux véhicules - côté,,,,,,,,,,,1,2,2,1,3
200500052994,0005-08-02 08:40:00,5,8,2,8,40,800,21.0,"0, ALSACE LORRAINE (BOUL",,,Plein jour,En agglomération,Hors intersection,Normale,Trois véhicules et plus - collisions multiples,,,,,,,,,,,1,2,1,1,5
200500052995,0005-08-04 18:20:00,5,8,4,18,20,800,21.0,"0, RENE GOBLET (PLACE)",,,Plein jour,En agglomération,Place,Normale,Deux véhicules - arrière,,,,,,,,,,,1,2,7,1,2
200500052996,0005-08-07 03:15:00,5,8,7,3,15,800,21.0,"0, FEDERES (BOULEVARD DE",,,Nuit avec éclairage allumé,En agglomération,Hors intersection,Normale,Sans collision,,,,,,,,,,,5,2,1,1,7
200500052997,0005-08-07 15:10:00,5,8,7,15,10,800,21.0,"0, PAUL SAUTAI (RUE)",,,Plein jour,En agglomération,Intersection en X,Normale,Deux véhicules - côté,,,,,,,,,,,1,2,2,1,3
200500052998,0005-08-05 09:15:00,5,8,5,9,15,800,131.0,"0, GASTON LECOMTE (RUE)",,,Plein jour,En agglomération,Hors intersection,Pluie légère,Deux véhicules - frontale,,,,,,,,,,,1,2,1,2,1
200500052999,0005-08-15 12:40:00,5,8,15,12,40,800,160.0,"28, LATAPIE (RUE)",,,Plein jour,En agglomération,Hors intersection,Normale,Deux véhicules - côté,,,,,,,,,,,1,2,1,1,3
200500053000,0005-08-18 21:30:00,5,8,18,21,30,800,21.0,"0, DEUXIEME DB (RUE DE L",,,Crépuscule ou aube,En agglomération,Hors intersection,Normale,Deux véhicules - arrière,,,,,,,,,,,2,2,1,1,2
200500053001,0005-08-17 20:30:00,5,8,17,20,30,800,21.0,"0, AMONT (PORT D')",,,Plein jour,En agglomération,Intersection en X,Normale,Deux véhicules - côté,,,,,,,,,,,1,2,2,1,3
200500053002,0005-08-21 10:05:00,5,8,21,10,5,800,21.0,"707, CAGNY (RUE DE)",,,Plein jour,En agglomération,Intersection en T,Normale,Sans collision,,,,,,,,,,,1,2,3,1,7
200500053003,0005-08-23 19:25:00,5,8,23,19,25,800,21.0,"219, JULES BARNI (RUE)",,,Plein jour,En agglomération,Hors intersection,Normale,Autre collision,,,,,,,,,,,1,2,1,1,6
200500053004,0005-08-20 14:40:00,5,8,20,14,40,800,131.0,CD 4935,,,Plein jour,Hors agglomération,Hors intersection,Normale,Trois véhicules et plus - collisions multiples,,,,,,,,,,,1,1,1,1,5
200500053005,0005-08-27 17:18:00,5,8,27,17,18,800,21.0,"0, FREDERIC MISTRAL (RUE",,,Plein jour,En agglomération,Giratoire,Normale,Deux véhicules - côté,,,,,,,,,,,1,2,6,1,3
200500053006,0005-08-29 01:30:00,5,8,29,1,30,800,21.0,CHATEAUDUN (BOULEVARD DE,,,Nuit avec éclairage allumé,En agglomération,Hors intersection,Normale,Sans collision,,,,,,,,,,,5,2,1,1,7
200500053007,0005-08-31 11:40:00,5,8,31,11,40,800,21.0,"0, JULES VERNE (BOULEVAR",,,Plein jour,En agglomération,Hors intersection,Normale,Autre collision,,,,,,,,,,,1,2,1,1,6
200500053008,0005-08-06 10:52:00,5,8,6,10,52,810,144.0,RN 88,,,Plein jour,En agglomération,Intersection en X,Normale,Autre collision,,,,,,,,,,,1,2,2,1,6
200500053009,0005-08-05 00:25:00,5,8,5,0,25,810,4.0,EUROPE (AV DE L'),,,Nuit avec éclairage allumé,En agglomération,Giratoire,Normale,Deux véhicules - frontale,,,,,,,,,,,5,2,6,1,1
200500053010,0005-08-22 15:00:00,5,8,22,15,0,810,4.0,CASTELVIEL (FOIRAIL DU),,,Plein jour,En agglomération,Hors intersection,Normale,Deux véhicules - côté,,,,,,,,,,,1,2,1,1,3
200500053011,0005-08-15 14:15:00,5,8,15,14,15,810,60.0,"128, THOMAS (AVENUE ALBE",,,Plein jour,En agglomération,Hors intersection,Normale,Deux véhicules - côté,,,,,,,,,,,1,2,1,1,3
200500053012,0005-08-18 22:35:00,5,8,18,22,35,810,65.0,"2, SICARD (BD.DES DOCTEU",,,Nuit avec éclairage allumé,En agglomération,Intersection en X,Pluie légère,Deux véhicules - côté,,,,,,,,,,,5,2,2,2,3
200500053013,0005-08-26 19:30:00,5,8,26,19,30,810,65.0,SIDOBRE (AV. DU),,,Plein jour,En agglomération,Hors intersection,Pluie légère,Deux véhicules - arrière,,,,,,,,,,,1,2,1,2,2
200500053014,0005-08-29 13:00:00,5,8,29,13,0,810,65.0,"131, GOYA (RUE)",,,Plein jour,En agglomération,Hors intersection,Normale,Sans collision,,,,,,,,,,,1,2,1,1,7
200500053015,0005-08-29 13:15:00,5,8,29,13,15,810,65.0,TOULOUSE RN 126 (RTE DE),,,Plein jour,Hors agglomération,Hors intersection,Normale,Sans collision,,,,,,,,,,,1,1,1,1,7
200500053016,0005-08-13 21:45:00,5,8,13,21,45,810,163.0,"26, CHEVALIERE (AVENUE)",,,Crépuscule ou aube,En agglomération,Hors intersection,Normale,Autre collision,,,,,,,,,,,2,2,1,1,6
200500053017,0005-08-02 00:01:00,5,8,2,0,1,810,163.0,"17, PONT DE CAVILLE",,,Nuit avec éclairage allumé,En agglomération,Intersection en T,Normale,Deux véhicules - frontale,,,,,,,,,,,5,2,3,1,1
200500053018,0005-08-06 08:50:00,5,8,6,8,50,810,163.0,CHEVALIERE (AVENUE),,,Plein jour,En agglomération,Hors intersection,Normale,Autre collision,,,,,,,,,,,1,2,1,1,6
200500053019,0005-08-09 13:30:00,5,8,9,13,30,810,21.0,"61, TOULOUSE",,,Plein jour,En agglomération,Hors intersection,Normale,Sans collision,,,,,,,,,,,1,2,1,1,7
200500053020,0005-08-25 14:40:00,5,8,25,14,40,820,33.0,"12, DE GAULE (du Général",,,Plein jour,En agglomération,Hors intersection,Normale,Deux véhicules - côté,,,,,,,,,,,1,2,1,1,3
200500053021,0005-08-05 13:14:00,5,8,5,13,14,820,121.0,"27, VILLENOUVELLE (GRAND",,,Plein jour,En agglomération,Hors intersection,Normale,Autre collision,,,,,,,,,,,1,2,1,1,6
200500053022,0005-08-10 19:00:00,5,8,10,19,0,820,121.0,"2445, FAU (ROUTE DU)",,,Plein jour,Hors agglomération,Hors intersection,Normale,Autre collision,,,,,,,,,,,1,1,1,1,6
200500053023,0005-08-16 20:30:00,5,8,16,20,30,820,121.0,"0, TAUGE (CHEMIN DE LA)",,,Plein jour,Hors agglomération,Hors intersection,Normale,Deux véhicules - frontale,,,,,,,,,,,1,1,1,1,1
200500053024,0005-08-11 19:00:00,5,8,11,19,0,820,121.0,"0, ALIBERT ( RUE DU DOCT",,,Plein jour,En agglomération,Intersection en X,Normale,Deux véhicules - côté,,,,,,,,,,,1,2,2,1,3
200500053025,0005-08-23 10:15:00,5,8,23,10,15,820,121.0,"4310, MOLIERES (ROUTE DE",,,Plein jour,Hors agglomération,Hors intersection,Normale,Autre collision,,,,,,,,,,,1,1,1,1,6
200500053026,0005-08-09 19:45:00,5,8,9,19,45,820,121.0,"340, BORDEAUX (AVENUE DE",,,Plein jour,Hors agglomération,Hors intersection,Normale,Trois véhicules et plus - en chaîne,,,,,,,,,,,1,1,1,1,4
200500053027,0005-08-20 00:20:00,5,8,20,0,20,820,121.0,"0, BORDEAUX (AVENUE DE)",,,Nuit sans éclairage public,Hors agglomération,Hors intersection,Normale,Autre collision,,,,,,,,,,,3,1,1,1,6
200500053028,0005-08-24 11:20:00,5,8,24,11,20,820,121.0,"911, GASSERAS (AVENUE DE",,,Plein jour,Hors agglomération,Hors intersection,Normale,Autre collision,,,,,,,,,,,1,1,1,1,6
200500053029,0005-08-24 12:20:00,5,8,24,12,20,820,121.0,"821, SAINT-MARTIAL (ROUT",,,Plein jour,Hors agglomération,Hors intersection,Normale,Autre collision,,,,,,,,,,,1,1,1,1,6
200500053030,0005-08-26 18:50:00,5,8,26,18,50,820,121.0,DUMAS (RUE ALEX),,,Plein jour,En agglomération,Intersection en T,Normale,Deux véhicules - côté,,,,,,,,,,,1,2,3,1,3
200500053031,0005-08-13 10:32:00,5,8,13,10,32,820,121.0,"0, LEOJAC (AVENUE DE)",,,Plein jour,En agglomération,Intersection en X,Normale,Autre collision,,,,,,,,,,,1,2,2,1,6
200500053032,0005-08-02 22:10:00,5,8,2,22,10,820,121.0,"26, LACAPELLE (FAUBOURG)",,,Nuit avec éclairage non allumé,En agglomération,Hors intersection,Normale,Autre collision,,,,,,,,,,,4,2,1,1,6
200500053033,0005-08-13 12:20:00,5,8,13,12,20,820,121.0,"0, SAINT-ANTONIN D 958 (",,,Plein jour,Hors agglomération,Hors intersection,Normale,Autre collision,,,,,,,,,,,1,1,1,1,6
200500053034,0005-08-31 09:35:00,5,8,31,9,35,820,121.0,"720, GUERRET (RUE MARCEL",,,Plein jour,En agglomération,Hors intersection,Normale,Deux véhicules - côté,,,,,,,,,,,1,2,1,1,3
200500053035,0005-08-17 09:15:00,5,8,17,9,15,820,121.0,"9, HOTEL DE VILLE (RUE D",,,Plein jour,En agglomération,Hors intersection,Normale,Autre collision,,,,,,,,,,,1,2,1,1,6
200500053036,0005-08-21 05:12:00,5,8,21,5,12,820,121.0,"0, TOULOUSE (AVENUE DE)",,,Nuit avec éclairage allumé,En agglomération,Giratoire,Normale,Deux véhicules - frontale,,,,,,,,,,,5,2,6,1,1
200500053037,0005-08-13 18:00:00,5,8,13,18,0,830,50.0,"10, CLEMENCEAU(BOULEVARD",,,Plein jour,En agglomération,Intersection en T,Normale,Deux véhicules - côté,,,,,,,,,,,1,2,3,1,3
200500053038,0005-08-01 01:45:00,5,8,1,1,45,830,118.0,"0, BOULEVARD RAYMOND POI",,,Nuit avec éclairage allumé,En agglomération,Hors intersection,Normale,Sans collision,,,,,,,,,,,5,2,1,1,7
200500053039,0005-08-04 23:58:00,5,8,4,23,58,830,61.0,"0, RN98 ST AYGULF",,,Nuit avec éclairage non allumé,En agglomération,Hors intersection,Normale,Autre collision,,,,,,,,,,,4,2,1,1,6
200500053040,0005-08-05 12:00:00,5,8,5,12,0,830,61.0,"540, RUE DU DOCTEUR DONN",,,Plein jour,En agglomération,Hors intersection,Normale,Deux véhicules - côté,,,,,,,,,,,1,2,1,1,3
200500053041,0005-08-15 02:00:00,5,8,15,2,0,830,118.0,"0, N98",,,Nuit avec éclairage allumé,En agglomération,Hors intersection,Normale,Autre collision,,,,,,,,,,,5,2,1,1,6
200500053042,0005-08-24 19:00:00,5,8,24,19,0,830,118.0,"0, PROMENADE RENÉ COTY",,,Plein jour,En agglomération,Hors intersection,Normale,Autre collision,,,,,,,,,,,1,2,1,1,6
200500053043,0005-08-27 16:35:00,5,8,27,16,35,830,61.0,"0, AVENUE DU GÉNÉRAL D'A",,,Plein jour,En agglomération,Intersection en T,Normale,Deux véhicules - côté,,,,,,,,,,,1,2,3,1,3
200500053044,0005-08-28 10:23:00,5,8,28,10,23,830,118.0,"0, RN98",,,Plein jour,En agglomération,Intersection en T,Normale,Deux véhicules - côté,,,,,,,,,,,1,2,3,1,3
200500053045,0005-08-24 00:15:00,5,8,24,0,15,830,118.0,"0, RN98",,,Nuit avec éclairage non allumé,En agglomération,Intersection en T,Normale,Deux véhicules - arrière,,,,,,,,,,,4,2,3,1,2
200500053046,0005-08-10 17:15:00,5,8,10,17,15,830,118.0,"111, ROUTE DES CALANQUES",,,Plein jour,Hors agglomération,Hors intersection,Normale,Autre collision,,,,,,,,,,,1,1,1,1,6
200500053047,0005-08-16 18:30:00,5,8,16,18,30,830,118.0,"0, BOULEVARD DE L'ASPE",,,Plein jour,En agglomération,Hors intersection,Normale,Deux véhicules - côté,,,,,,,,,,,1,2,1,1,3
200500053048,0005-08-29 17:40:00,5,8,29,17,40,830,118.0,"0, BOULEVARD SANKT GEORG",,,Plein jour,En agglomération,Hors intersection,Normale,Deux véhicules - côté,,,,,,,,,,,1,2,1,1,3
200500053049,0005-08-25 02:50:00,5,8,25,2,50,830,61.0,"0, RN7",,,Nuit avec éclairage allumé,En agglomération,Intersection en T,Normale,Deux véhicules - côté,,,,,,,,,,,5,2,3,1,3
200500053050,0005-08-06 04:20:00,5,8,6,4,20,830,69.0,GIENS (ROUTE DE ),,,Nuit avec éclairage allumé,Hors agglomération,Hors intersection,Normale,Trois véhicules et plus - collisions multiples,,,,,,,,,,,5,1,1,1,5
200500053051,0005-08-08 23:20:00,5,8,8,23,20,830,69.0,SALINS ( ROUTE DES VIEUX,,,Nuit sans éclairage public,Hors agglomération,Hors intersection,Normale,Deux véhicules - côté,,,,,,,,,,,3,1,1,1,3
200500053052,0005-08-17 11:15:00,5,8,17,11,15,830,69.0,OLBIA  (VOIE),,,Plein jour,En agglomération,Hors intersection,Normale,Trois véhicules et plus - collisions multiples,,,,,,,,,,,1,2,1,1,5
200500053053,0005-08-05 12:10:00,5,8,5,12,10,830,69.0,ARBANAIS (AVENUE DES),,,Plein jour,Hors agglomération,Hors intersection,Normale,Deux véhicules - côté,,,,,,,,,,,1,1,1,1,3
200500053054,0005-08-14 23:30:00,5,8,14,23,30,830,69.0,"150, THOMAS (AVENUE AMBR",,,Nuit avec éclairage allumé,En agglomération,Hors intersection,Normale,Deux véhicules - côté,,,,,,,,,,,5,2,1,1,3
200500053055,0005-08-25 16:40:00,5,8,25,16,40,830,69.0,"681, MADRAGUE (ROUTE DE",,,Plein jour,Hors agglomération,Hors intersection,Normale,Deux véhicules - côté,,,,,,,,,,,1,1,1,1,3
200500053056,0005-08-31 17:15:00,5,8,31,17,15,830,69.0,FRONT DE MER (BOULEVARD),,,Plein jour,Hors agglomération,Hors intersection,Normale,Deux véhicules - côté,,,,,,,,,,,1,1,1,1,3
200500053057,0005-08-03 14:00:00,5,8,3,14,0,830,129.0,"63, REPUBLIQUE (AVENUE D",,,Plein jour,En agglomération,Hors intersection,Normale,Deux véhicules - arrière,,,,,,,,,,,1,2,1,1,2
200500053058,0005-08-03 11:25:00,5,8,3,11,25,830,123.0,"000, GENERAL ROSE (AVENU",,,Plein jour,En agglomération,Hors intersection,Normale,Autre collision,,,,,,,,,,,1,2,1,1,6
200500053059,0005-08-05 16:35:00,5,8,5,16,35,830,129.0,", MER (AVENUE DE LA) N°I",,,Plein jour,En agglomération,Hors intersection,Normale,Sans collision,,,,,,,,,,,1,2,1,1,7
200500053060,0005-08-07 18:00:00,5,8,7,18,0,830,123.0,", RESISTANCE (AV) N° PAI",,,Plein jour,En agglomération,Intersection en T,Normale,Deux véhicules - côté,,,,,,,,,,,1,2,3,1,3
200500053061,0005-08-12 21:35:00,5,8,12,21,35,830,123.0,BANDOL (ROUTE)N° PAIRS,,,Nuit avec éclairage allumé,En agglomération,Autre intersection,Normale,Deux véhicules - côté,,,,,,,,,,,5,2,9,1,3
200500053062,0005-08-16 18:55:00,5,8,16,18,55,830,9.0,BEAUSSET (ROUTE DU),,,Plein jour,Hors agglomération,Hors intersection,Normale,Trois véhicules et plus - collisions multiples,,,,,,,,,,,1,1,1,1,5
200500053063,0005-08-20 15:30:00,5,8,20,15,30,830,123.0,"2256, BANDOL (ROUTE)N° P",,,Plein jour,En agglomération,Hors intersection,Normale,Autre collision,,,,,,,,,,,1,2,1,1,6
200500053064,0005-08-23 03:00:00,5,8,23,3,0,830,123.0,", ECOLE STE TRINIDE (CHE",,,Nuit sans éclairage public,Hors agglomération,Intersection en X,Normale,Sans collision,,,,,,,,,,,3,1,2,1,7
200500053065,0005-08-23 21:45:00,5,8,23,21,45,830,123.0,BANDOL (ROUTE)N° PAIRS,,,Nuit avec éclairage allumé,En agglomération,Intersection en Y,Normale,Deux véhicules - côté,,,,,,,,,,,5,2,4,1,3
200500053066,0005-08-24 12:45:00,5,8,24,12,45,830,123.0,"282, MICOCOULIERS (RUE)",,,Plein jour,En agglomération,Hors intersection,Normale,Deux véhicules - côté,,,,,,,,,,,1,2,1,1,3
200500053067,0005-08-26 21:10:00,5,8,26,21,10,830,129.0,"187, SABLETTES (ROUTE DE",,,Nuit avec éclairage allumé,En agglomération,Hors intersection,Normale,Deux véhicules - côté,,,,,,,,,,,5,2,1,1,3
200500053068,0005-08-05 15:30:00,5,8,5,15,30,830,126.0,", LERY (AVENUE DE)",,,Plein jour,Hors agglomération,Hors intersection,Normale,Autre collision,,,,,,,,,,,1,1,1,1,6
200500053069,0005-08-09 18:49:00,5,8,9,18,49,830,126.0,", JUIN (AV MARECHAL)",,,Plein jour,En agglomération,Hors intersection,Normale,Autre collision,,,,,,,,,,,1,2,1,1,6
200500053070,0005-08-10 11:30:00,5,8,10,11,30,830,126.0,"1133, ANCIENS COMBATANTS",,,Plein jour,En agglomération,Hors intersection,Normale,Deux véhicules - côté,,,,,,,,,,,1,2,1,1,3
200500053071,0005-08-16 14:20:00,5,8,16,14,20,830,126.0,", VERLAQUE (AV NOEL )",,,Plein jour,En agglomération,Hors intersection,Normale,Deux véhicules - frontale,,,,,,,,,,,1,2,1,1,1
200500053072,0005-08-23 17:10:00,5,8,23,17,10,830,126.0,", PACHA (CORNICHE MICHEL",,,Plein jour,En agglomération,Hors intersection,Normale,Trois véhicules et plus - collisions multiples,,,,,,,,,,,1,2,1,1,5
200500053073,0005-08-29 14:20:00,5,8,29,14,20,830,126.0,", CURIE (AV PIERRE)",,,Plein jour,Hors agglomération,Intersection en X,Normale,Deux véhicules - côté,,,,,,,,,,,1,1,2,1,3
200500053074,0005-08-01 22:06:00,5,8,1,22,6,830,137.0,"0, HERRIOT (AVE EDOUARD)",,,Nuit avec éclairage allumé,En agglomération,Hors intersection,Normale,Deux véhicules - frontale,,,,,,,,,,,5,2,1,1,1
200500053075,0005-08-06 10:35:00,5,8,6,10,35,830,137.0,"IGNORE, BROSSET (BD GENE",,,Plein jour,En agglomération,Hors intersection,Normale,Deux véhicules - arrière,,,,,,,,,,,1,2,1,1,2
200500053076,0005-08-09 01:40:00,5,8,9,1,40,830,137.0,FRANCE (RUE ANATOLE),,,Nuit avec éclairage allumé,En agglomération,Hors intersection,Normale,Deux véhicules - arrière,,,,,,,,,,,5,2,1,1,2
200500053077,0005-08-08 16:50:00,5,8,8,16,50,830,62.0,FERRY (RUE ET AVENUE JUL,,,Plein jour,En agglomération,Hors intersection,Normale,Deux véhicules - côté,,,,,,,,,,,1,2,1,1,3
200500053078,0005-08-03 10:30:00,5,8,3,10,30,830,137.0,"356, JOFFRE (BD MARECHAL",,,Plein jour,En agglomération,Hors intersection,Normale,Autre collision,,,,,,,,,,,1,2,1,1,6
200500053079,0005-08-03 14:25:00,5,8,3,14,25,830,90.0,"IGNORE, OLLIOULES (ROND",,,Plein jour,Hors agglomération,Intersection à plus de 4 branches,Normale,Deux véhicules - côté,,,,,,,,,,,1,1,5,1,3
200500053080,0005-08-11 15:25:00,5,8,11,15,25,830,62.0,DIGNE (AVENUE DE ),,,Plein jour,Hors agglomération,Hors intersection,Normale,Deux véhicules - arrière,,,,,,,,,,,1,1,1,1,2
200500053081,0005-08-17 23:00:00,5,8,17,23,0,830,137.0,"IGNORE, REPUBLIQUE (AVE",,,Nuit avec éclairage allumé,En agglomération,Intersection en T,Normale,Deux véhicules - côté,,,,,,,,,,,5,2,3,1,3
200500053082,0005-08-08 10:30:00,5,8,8,10,30,830,144.0,"IGNORE, NATIONALE 97 (RO",,,Plein jour,En agglomération,Hors intersection,Normale,Autre collision,,,,,,,,,,,1,2,1,1,6
200500053083,0005-08-17 15:15:00,5,8,17,15,15,830,90.0,MONNET (AVE JEAN),,,Plein jour,Hors agglomération,Autre intersection,Normale,Deux véhicules - côté,,,,,,,,,,,1,1,9,1,3
200500053084,0005-08-20 11:29:00,5,8,20,11,29,830,98.0,"IGNORE, MOULIN (AVENUE J",,,Plein jour,En agglomération,Autre intersection,Normale,Deux véhicules - côté,,,,,,,,,,,1,2,9,1,3
200500053085,0005-08-11 19:00:00,5,8,11,19,0,830,137.0,FONTAN (AVE DU DOCTEUR),,,Plein jour,En agglomération,Autre intersection,Normale,Autre collision,,,,,,,,,,,1,2,9,1,6
200500053086,0005-08-08 10:45:00,5,8,8,10,45,830,98.0,"IGNORE, CARRAIRE (CHEMIN",,,Plein jour,En agglomération,Intersection en T,Normale,Deux véhicules - côté,,,,,,,,,,,1,2,3,1,3
200500053087,0005-08-25 17:15:00,5,8,25,17,15,830,90.0,"0, FAVEYROLLES (CHEMIN D",,,Plein jour,Hors agglomération,Intersection en X,Normale,Trois véhicules et plus - collisions multiples,,,,,,,,,,,1,1,2,1,5
200500053088,0005-08-28 19:30:00,5,8,28,19,30,830,137.0,FORGENTIER (CHEMIN DE),,,Plein jour,En agglomération,Giratoire,Pluie légère,Deux véhicules - côté,,,,,,,,,,,1,2,6,2,3
200500053089,0005-08-27 12:15:00,5,8,27,12,15,830,137.0,"202, RIVIERE (QUAI COMMA",,,Plein jour,En agglomération,Hors intersection,Pluie légère,Deux véhicules - arrière,,,,,,,,,,,1,2,1,2,2
200500053090,0005-08-26 18:50:00,5,8,26,18,50,830,137.0,"492, REPUBLIQUE (AVE DE",,,Plein jour,En agglomération,Autre intersection,Normale,Deux véhicules - arrière,,,,,,,,,,,1,2,9,1,2
200500053091,0005-08-25 15:10:00,5,8,25,15,10,830,62.0,"55, AICARD (RUE JEAN)",,,Plein jour,En agglomération,Hors intersection,Normale,Autre collision,,,,,,,,,,,1,2,1,1,6
200500053092,0005-08-30 08:20:00,5,8,30,8,20,830,90.0,"0, BOUYERE (CHEMIN DE LA",,,Plein jour,Hors agglomération,Hors intersection,Normale,Sans collision,,,,,,,,,,,1,1,1,1,7
200500053093,0005-08-02 13:00:00,5,8,2,13,0,840,7.0,CASTELETTE (Chemin de la,,,Plein jour,En agglomération,Intersection en T,Normale,Deux véhicules - côté,,,,,,,,,,,1,2,3,1,3
200500053094,0005-08-02 18:00:00,5,8,2,18,0,840,7.0,BELLET (capitaine de vai,,,Plein jour,En agglomération,Autre intersection,Normale,Deux véhicules - côté,,,,,,,,,,,1,2,9,1,3
200500053095,0005-08-04 20:00:00,5,8,4,20,0,840,7.0,DEUX ROUTES ( Avenue des,,,Plein jour,En agglomération,Intersection en X,Normale,Deux véhicules - côté,,,,,,,,,,,1,2,2,1,3
200500053096,0005-08-04 21:20:00,5,8,4,21,20,840,7.0,FERRY ( Boulevard Jules),,,Plein jour,En agglomération,Hors intersection,Normale,Autre collision,,,,,,,,,,,1,2,1,1,6
200500053097,0005-08-08 19:55:00,5,8,8,19,55,840,7.0,"78, SAINT RUF (Avenue)",,,Plein jour,En agglomération,Hors intersection,Normale,Deux véhicules - côté,,,,,,,,,,,1,2,1,1,3
200500053098,0005-08-09 20:20:00,5,8,9,20,20,840,7.0,"4728, MORIERES (Route de",,,Plein jour,En agglomération,Hors intersection,Normale,Trois véhicules et plus - collisions multiples,,,,,,,,,,,1,2,1,1,5
200500053099,0005-08-10 20:00:00,5,8,10,20,0,840,7.0,MORIERES (Route de ),,,Plein jour,En agglomération,Giratoire,Normale,Deux véhicules - côté,,,,,,,,,,,1,2,6,1,3
200500053100,0005-08-12 00:25:00,5,8,12,0,25,840,7.0,MARSEILLE (Route de ),,,Nuit avec éclairage allumé,En agglomération,Hors intersection,Normale,Deux véhicules - côté,,,,,,,,,,,5,2,1,1,3
200500053101,0005-08-13 09:25:00,5,8,13,9,25,840,7.0,COUBERTIN (AV.Pierre de,,,Plein jour,En agglomération,Hors intersection,Normale,Autre collision,,,,,,,,,,,1,2,1,1,6
200500053102,0005-08-16 04:45:00,5,8,16,4,45,840,7.0,RD225  (route touristiqu,,,Nuit sans éclairage public,En agglomération,Hors intersection,Normale,Deux véhicules - frontale,,,,,,,,,,,3,2,1,1,1
200500053103,0005-08-16 17:15:00,5,8,16,17,15,840,7.0,"98, MONTFAVET (Route)",,,Plein jour,En agglomération,Hors intersection,Normale,Deux véhicules - arrière,,,,,,,,,,,1,2,1,1,2
200500053104,0005-08-16 23:20:00,5,8,16,23,20,840,7.0,PIERRE SEMARD (avenue),,,Nuit avec éclairage allumé,En agglomération,Hors intersection,Normale,Autre collision,,,,,,,,,,,5,2,1,1,6
200500053105,0005-08-18 08:50:00,5,8,18,8,50,840,7.0,C.De GAULLE (Rocade),,,Plein jour,En agglomération,Intersection en X,Normale,Deux véhicules - côté,,,,,,,,,,,1,2,2,1,3
200500053106,0005-08-18 17:10:00,5,8,18,17,10,840,7.0,AMANDIER (Avenue de l'),,,Plein jour,En agglomération,Intersection en T,Normale,Deux véhicules - côté,,,,,,,,,,,1,2,3,1,3
200500053107,0005-08-19 19:30:00,5,8,19,19,30,840,7.0,MONTFAVET (Route),,,Plein jour,En agglomération,Hors intersection,Normale,Deux véhicules - côté,,,,,,,,,,,1,2,1,1,3
200500053108,0005-08-20 11:25:00,5,8,20,11,25,840,7.0,EUROPE (Pont de l'),,,Plein jour,En agglomération,Hors intersection,Normale,Trois véhicules et plus - collisions multiples,,,,,,,,,,,1,2,1,1,5
200500053109,0005-08-20 20:20:00,5,8,20,20,20,840,7.0,ROUTE NATIONALE 7,,,Plein jour,En agglomération,Hors intersection,Normale,Deux véhicules - côté,,,,,,,,,,,1,2,1,1,3
200500053110,0005-08-21 13:30:00,5,8,21,13,30,840,7.0,"41, PIERRE SEMARD (avenu",,,Plein jour,En agglomération,Hors intersection,Normale,Autre collision,,,,,,,,,,,1,2,1,1,6