accident_id,datetime,annee,mois,jour,heure,minute,departement,commune_insee,adresse,latitude,longitude,luminosite,agglomeration,intersection,meteo,collision,nb_vehicules,nb_usagers,nb_indemnes,nb_tues,nb_blesses_hosp,nb_blesses_legers,age_cond_1,age_cond_2,veh_type_cond_1,veh_type_cond_2,lum_code,agg_code,int_code,atm_code,col_code
200500053637,0005-08-24 01:10:00,5,8,24,1,10,201,4.0,"SANS, ILES SANGUINAIRES",,,Nuit avec éclairage allumé,En agglomération,Hors intersection,Normale,Deux véhicules - frontale,,,,,,,,,,,5,2,1,1,1
200500053638,0005-08-25 08:35:00,5,8,25,8,35,201,4.0,"SANS, CAMPI LOUIS BD",,,Plein jour,En agglomération,Hors intersection,Normale,Autre collision,,,,,,,,,,,1,2,1,1,6
200500053639,0005-08-25 15:00:00,5,8,25,15,0,201,4.0,"SANS, NAPOLEON COURS AVA",,,Plein jour,En agglomération,Intersection en T,Normale,Deux véhicules - arrière,,,,,,,,,,,1,2,3,1,2
200500053640,0005-08-27 11:05:00,5,8,27,11,5,201,4.0,"SANS, NICOLI JEAN COURS",,,Plein jour,En agglomération,Hors intersection,Normale,Deux véhicules - arrière,,,,,,,,,,,1,2,1,1,2
200500053641,0005-08-27 14:05:00,5,8,27,14,5,201,4.0,"SANS, CASANOVA DANIELLE",,,Plein jour,En agglomération,Hors intersection,Normale,Deux véhicules - arrière,,,,,,,,,,,1,2,1,1,2
200500053642,0005-08-04 12:27:00,5,8,4,12,27,690,381.0,"06, CONSTANTINE (DE)",,,Plein jour,En agglomération,Hors intersection,Normale,Autre collision,,,,,,,,,,,1,2,1,1,6
200500053643,0005-08-17 12:30:00,5,8,17,12,30,690,381.0,"02, LANTERNE (DE LA)",,,Plein jour,En agglomération,Hors intersection,Normale,Autre collision,,,,,,,,,,,1,2,1,1,6
200500053644,0005-08-25 19:50:00,5,8,25,19,50,690,381.0,"10, JEAN MOULIN",,,Plein jour,En agglomération,Intersection en X,Pluie légère,Deux véhicules - côté,,,,,,,,,,,1,2,2,2,3
200500053645,0005-08-01 08:40:00,5,8,1,8,40,940,73.0,A86,,,Plein jour,Hors agglomération,Hors intersection,Normale,Sans collision,,,,,,,,,,,1,1,1,1,7
200500053646,0005-08-01 12:00:00,5,8,1,12,0,940,73.0,A86,,,Plein jour,Hors agglomération,Hors intersection,Pluie forte,Deux véhicules - côté,,,,,,,,,,,1,1,1,3,3
200500053647,0005-08-02 09:40:00,5,8,2,9,40,940,17.0,A4,,,Plein jour,Hors agglomération,Hors intersection,Normale,Deux véhicules - arrière,,,,,,,,,,,1,1,1,1,2
200500053648,0005-08-02 15:30:00,5,8,2,15,30,770,294.0,A104,,,Plein jour,Hors agglomération,Hors intersection,Normale,Deux véhicules - arrière,,,,,,,,,,,1,1,1,1,2
200500053649,0005-08-03 08:15:00,5,8,3,8,15,770,121.0,A104,,,Plein jour,Hors agglomération,Hors intersection,Normale,Deux véhicules - côté,,,,,,,,,,,1,1,1,1,3
200500053650,0005-08-03 09:30:00,5,8,3,9,30,940,28.0,A86,,,Plein jour,Hors agglomération,Hors intersection,Normale,Deux véhicules - arrière,,,,,,,,,,,1,1,1,1,2
200500053651,0005-08-04 13:20:00,5,8,4,13,20,770,450.0,RN104,,,Plein jour,Hors agglomération,Hors intersection,Normale,Autre collision,,,,,,,,,,,1,1,1,1,6
200500053652,0005-08-08 18:10:00,5,8,8,18,10,770,122.0,RN104,,,Plein jour,Hors agglomération,Hors intersection,Normale,Deux véhicules - frontale,,,,,,,,,,,1,1,1,1,1
200500053653,0005-08-10 09:40:00,5,8,10,9,40,940,42.0,A4,,,Plein jour,Hors agglomération,Hors intersection,Normale,Deux véhicules - côté,,,,,,,,,,,1,1,1,1,3
200500053654,0005-08-11 08:48:00,5,8,11,8,48,770,348.0,A104,,,Plein jour,Hors agglomération,Hors intersection,Normale,Trois véhicules et plus - collisions multiples,,,,,,,,,,,1,1,1,1,5
200500053655,0005-08-11 12:50:00,5,8,11,12,50,940,22.0,A86,,,Plein jour,Hors agglomération,Hors intersection,Normale,Sans collision,,,,,,,,,,,1,1,1,1,7
200500053656,0005-08-12 20:50:00,5,8,12,20,50,940,18.0,A4,,,Plein jour,Hors agglomération,Hors intersection,Normale,Trois véhicules et plus - collisions multiples,,,,,,,,,,,1,1,1,1,5
200500053657,0005-08-13 13:25:00,5,8,13,13,25,770,294.0,A104,,,Plein jour,Hors agglomération,Hors intersection,Normale,Sans collision,,,,,,,,,,,1,1,1,1,7
200500053658,0005-08-13 21:20:00,5,8,13,21,20,940,28.0,A86,,,Nuit avec éclairage allumé,Hors agglomération,Hors intersection,Normale,Autre collision,,,,,,,,,,,5,1,1,1,6
200500053659,0005-08-16 19:20:00,5,8,16,19,20,770,384.0,A5.B,,,Plein jour,Hors agglomération,Hors intersection,Normale,Deux véhicules - côté,,,,,,,,,,,1,1,1,1,3
200500053660,0005-08-17 22:00:00,5,8,17,22,0,770,169.0,RN104,,,Nuit sans éclairage public,Hors agglomération,Hors intersection,Normale,Deux véhicules - côté,,,,,,,,,,,3,1,1,1,3
200500053661,0005-08-19 08:00:00,5,8,19,8,0,770,121.0,A104,,,Plein jour,Hors agglomération,Hors intersection,Pluie légère,Autre collision,,,,,,,,,,,1,1,1,2,6
200500053662,0005-08-19 09:00:00,5,8,19,9,0,770,121.0,A104,,,Plein jour,Hors agglomération,Hors intersection,Pluie forte,Deux véhicules - côté,,,,,,,,,,,1,1,1,3,3
200500053663,0005-08-23 23:00:00,5,8,23,23,0,940,42.0,A4,,,Nuit avec éclairage allumé,Hors agglomération,Hors intersection,Normale,Deux véhicules - côté,,,,,,,,,,,5,1,1,1,3
200500053664,0005-08-24 17:45:00,5,8,24,17,45,940,28.0,A86,,,Plein jour,Hors agglomération,Hors intersection,Normale,Deux véhicules - côté,,,,,,,,,,,1,1,1,1,3
200500053665,0005-08-25 09:55:00,5,8,25,9,55,770,249.0,RN104,,,Plein jour,Hors agglomération,Hors intersection,Pluie légère,Deux véhicules - côté,,,,,,,,,,,1,1,1,2,3
200500053666,0005-08-25 12:40:00,5,8,25,12,40,770,175.0,RN104,,,Plein jour,Hors agglomération,Hors intersection,Pluie légère,Sans collision,,,,,,,,,,,1,1,1,2,7
200500053667,0005-08-26 16:40:00,5,8,26,16,40,940,33.0,A86.INT,,,Plein jour,Hors agglomération,Hors intersection,Normale,Deux véhicules - arrière,,,,,,,,,,,1,1,1,1,2
200500053668,0005-08-26 17:00:00,5,8,26,17,0,940,46.0,A86,,,Plein jour,Hors agglomération,Hors intersection,Normale,Deux véhicules - côté,,,,,,,,,,,1,1,1,1,3
200500053669,0005-08-27 01:30:00,5,8,27,1,30,940,81.0,A86,,,Nuit avec éclairage allumé,Hors agglomération,Autre intersection,Normale,Autre collision,,,,,,,,,,,5,1,9,1,6
200500053670,0005-08-27 07:30:00,5,8,27,7,30,770,83.0,A4.W,,,Plein jour,Hors agglomération,Hors intersection,Normale,Deux véhicules - côté,,,,,,,,,,,1,1,1,1,3
200500053671,0005-08-28 05:20:00,5,8,28,5,20,770,258.0,A4.W,,,Nuit avec éclairage allumé,Hors agglomération,Hors intersection,Normale,Deux véhicules - arrière,,,,,,,,,,,5,1,1,1,2
200500053672,0005-08-29 17:00:00,5,8,29,17,0,940,22.0,A86,,,Plein jour,Hors agglomération,Hors intersection,Normale,Deux véhicules - côté,,,,,,,,,,,1,1,1,1,3
200500053673,0005-08-30 09:15:00,5,8,30,9,15,770,373.0,RN104,,,Plein jour,Hors agglomération,Hors intersection,Normale,Trois véhicules et plus - en chaîne,,,,,,,,,,,1,1,1,1,4
200500053674,0005-08-30 17:30:00,5,8,30,17,30,940,69.0,A4,,,Plein jour,Hors agglomération,Hors intersection,Normale,Trois véhicules et plus - en chaîne,,,,,,,,,,,1,1,1,1,4
200500053675,0005-08-31 17:20:00,5,8,31,17,20,940,17.0,A4,,,Plein jour,Hors agglomération,Hors intersection,Normale,Trois véhicules et plus - en chaîne,,,,,,,,,,,1,1,1,1,4
200500053676,0005-08-31 17:30:00,5,8,31,17,30,930,51.0,A4,,,Plein jour,Hors agglomération,Hors intersection,Normale,Trois véhicules et plus - en chaîne,,,,,,,,,,,1,1,1,1,4
200500053677,0005-08-01 09:45:00,5,8,1,9,45,950,491.0,AUTOROUTE A115,,,Plein jour,Hors agglomération,Hors intersection,Normale,Deux véhicules - arrière,,,,,,,,,,,1,1,1,1,2
200500053678,0005-08-02 14:20:00,5,8,2,14,20,950,607.0,AUTOROUTE A115,,,Plein jour,Hors agglomération,Hors intersection,Normale,Autre collision,,,,,,,,,,,1,1,1,1,6
200500053679,0005-08-02 17:20:00,5,8,2,17,20,930,66.0,AUTOROUTE A1,,,Plein jour,Hors agglomération,Hors intersection,Normale,Trois véhicules et plus - en chaîne,,,,,,,,,,,1,1,1,1,4
200500053680,0005-08-02 22:30:00,5,8,2,22,30,930,27.0,AUTOROUTE A1,,,Nuit avec éclairage allumé,Hors agglomération,Hors intersection,Normale,Autre collision,,,,,,,,,,,5,1,1,1,6
200500053681,0005-08-05 11:20:00,5,8,5,11,20,950,277.0,AUTOROUTE A104,,,Plein jour,Hors agglomération,Hors intersection,Pluie légère,Autre collision,,,,,,,,,,,1,1,1,2,6
200500053682,0005-08-05 20:15:00,5,8,5,20,15,950,582.0,AUTOROUTE A15,,,Plein jour,Hors agglomération,Hors intersection,Normale,Deux véhicules - côté,,,,,,,,,,,1,1,1,1,3
200500053683,0005-08-07 17:45:00,5,8,7,17,45,930,32.0,AUTOROUTE A3,,,Plein jour,Hors agglomération,Hors intersection,Normale,Deux véhicules - côté,,,,,,,,,,,1,1,1,1,3
200500053684,0005-08-07 02:10:00,5,8,7,2,10,950,306.0,AUTOROUTE A15,,,Nuit avec éclairage allumé,Hors agglomération,Hors intersection,Normale,Deux véhicules - côté,,,,,,,,,,,5,1,1,1,3
200500053685,0005-08-07 08:20:00,5,8,7,8,20,930,66.0,AUTOROUTE A86,,,Plein jour,Hors agglomération,Hors intersection,Normale,Autre collision,,,,,,,,,,,1,1,1,1,6
200500053686,0005-08-07 09:15:00,5,8,7,9,15,930,66.0,AUTOROUTE A86,,,Plein jour,Hors agglomération,Hors intersection,Normale,Autre collision,,,,,,,,,,,1,1,1,1,6
200500053687,0005-08-07 18:30:00,5,8,7,18,30,930,1.0,AUTOROUTE A86,,,Plein jour,Hors agglomération,Hors intersection,Normale,Autre collision,,,,,,,,,,,1,1,1,1,6
200500053688,0005-08-07 21:00:00,5,8,7,21,0,920,36.0,AUTOROUTE A86,,,Plein jour,Hors agglomération,Hors intersection,Normale,Trois véhicules et plus - collisions multiples,,,,,,,,,,,1,1,1,1,5
200500053689,0005-08-08 07:45:00,5,8,8,7,45,950,527.0,AUTOROUTE A3,,,Plein jour,Hors agglomération,Hors intersection,Normale,Deux véhicules - arrière,,,,,,,,,,,1,1,1,1,2
200500053690,0005-08-09 05:50:00,5,8,9,5,50,930,53.0,AUTOROUTE A3,,,Nuit avec éclairage allumé,Hors agglomération,Hors intersection,Normale,Deux véhicules - arrière,,,,,,,,,,,5,1,1,1,2
200500053691,0005-08-09 14:00:00,5,8,9,14,0,950,277.0,BIP,,,Plein jour,Hors agglomération,Hors intersection,Normale,Autre collision,,,,,,,,,,,1,1,1,1,6
200500053692,0005-08-09 18:00:00,5,8,9,18,0,950,154.0,AUTOROUTE A1,,,Plein jour,Hors agglomération,Hors intersection,Normale,Sans collision,,,,,,,,,,,1,1,1,1,7
200500053693,0005-08-10 08:45:00,5,8,10,8,45,930,1.0,AUTOROUTE A86,,,Plein jour,Hors agglomération,Hors intersection,Normale,Trois véhicules et plus - collisions multiples,,,,,,,,,,,1,1,1,1,5
200500053694,0005-08-12 23:30:00,5,8,12,23,30,930,63.0,AUTOROUTE A3,,,Nuit avec éclairage allumé,Hors agglomération,Hors intersection,Normale,Trois véhicules et plus - en chaîne,,,,,,,,,,,5,1,1,1,4
200500053695,0005-08-14 01:00:00,5,8,14,1,0,950,678.0,ROUTE NATIONALE 184,,,Nuit sans éclairage public,Hors agglomération,Hors intersection,Pluie forte,Autre collision,,,,,,,,,,,3,1,1,3,6
200500053696,0005-08-14 06:45:00,5,8,14,6,45,920,78.0,AUTOROUTE A86,,,Nuit avec éclairage allumé,Hors agglomération,Hors intersection,Pluie légère,Sans collision,,,,,,,,,,,5,1,1,2,7
200500053697,0005-08-14 08:00:00,5,8,14,8,0,930,1.0,AUTOROUTE A86,,,Plein jour,Hors agglomération,Hors intersection,Temps éblouissant,Trois véhicules et plus - collisions multiples,,,,,,,,,,,1,1,1,7,5
200500053698,0005-08-15 10:30:00,5,8,15,10,30,950,61.0,R.D. 104,,,Plein jour,Hors agglomération,Hors intersection,Normale,Sans collision,,,,,,,,,,,1,1,1,1,7
200500053699,0005-08-14 17:17:00,5,8,14,17,17,920,36.0,AUTOROUTE A86,,,Plein jour,Hors agglomération,Hors intersection,Normale,Autre collision,,,,,,,,,,,1,1,1,1,6
200500053700,0005-08-15 19:35:00,5,8,15,19,35,930,8.0,AUTOROUTE A86,,,Plein jour,Hors agglomération,Hors intersection,Normale,Trois véhicules et plus - collisions multiples,,,,,,,,,,,1,1,1,1,5
200500053701,0005-08-11 20:15:00,5,8,11,20,15,930,66.0,AUTOROUTE A86,,,Plein jour,Hors agglomération,Hors intersection,Normale,Sans collision,,,,,,,,,,,1,1,1,1,7
200500053702,0005-08-16 13:50:00,5,8,16,13,50,950,582.0,BIP,,,Plein jour,Hors agglomération,Hors intersection,Normale,Sans collision,,,,,,,,,,,1,1,1,1,7
200500053703,0005-08-19 07:45:00,5,8,19,7,45,950,527.0,AUTOROUTE A3,,,Plein jour,Hors agglomération,Hors intersection,Pluie forte,Deux véhicules - arrière,,,,,,,,,,,1,1,1,3,2
200500053704,0005-08-19 09:30:00,5,8,19,9,30,930,32.0,AUTOROUTE A3,,,Plein jour,Hors agglomération,Hors intersection,Pluie légère,Trois véhicules et plus - collisions multiples,,,,,,,,,,,1,1,1,2,5
200500053705,0005-08-20 04:15:00,5,8,20,4,15,950,607.0,AUTOROUTE A115,,,Nuit sans éclairage public,Hors agglomération,Hors intersection,Normale,Sans collision,,,,,,,,,,,3,1,1,1,7
200500053706,0005-08-20 13:00:00,5,8,20,13,0,930,8.0,AUTOROUTE A86,,,Plein jour,Hors agglomération,Hors intersection,Normale,Autre collision,,,,,,,,,,,1,1,1,1,6
200500053707,0005-08-21 07:40:00,5,8,21,7,40,920,36.0,AUTOROUTE A86,,,Crépuscule ou aube,Hors agglomération,Hors intersection,Pluie légère,Autre collision,,,,,,,,,,,2,1,1,2,6
200500053708,0005-08-21 16:25:00,5,8,21,16,25,930,78.0,AUTOROUTE A104,,,Plein jour,Hors agglomération,Hors intersection,Normale,Deux véhicules - arrière,,,,,,,,,,,1,1,1,1,2
200500053709,0005-08-23 08:00:00,5,8,23,8,0,950,18.0,AUTOROUTE A15,,,Plein jour,Hors agglomération,Hors intersection,Pluie légère,Deux véhicules - arrière,,,,,,,,,,,1,1,1,2,2
200500053710,0005-08-23 08:20:00,5,8,23,8,20,920,36.0,AUTOROUTE A86,,,Plein jour,Hors agglomération,Hors intersection,Pluie légère,Deux véhicules - arrière,,,,,,,,,,,1,1,1,2,2
200500053711,0005-08-23 12:20:00,5,8,23,12,20,950,582.0,AUTOROUTE A115,,,Plein jour,Hors agglomération,Hors intersection,Normale,Sans collision,,,,,,,,,,,1,1,1,1,7
200500053712,0005-08-24 07:15:00,5,8,24,7,15,950,154.0,AUTOROUTE A1,,,Plein jour,Hors agglomération,Hors intersection,Normale,Sans collision,,,,,,,,,,,1,1,1,1,7
200500053713,0005-08-24 14:45:00,5,8,24,14,45,950,582.0,AUTOROUTE A15,,,Plein jour,Hors agglomération,Hors intersection,Normale,Deux véhicules - arrière,,,,,,,,,,,1,1,1,1,2
200500053714,0005-08-25 10:50:00,5,8,25,10,50,950,277.0,AUTOROUTE A104,,,Plein jour,Hors agglomération,Hors intersection,Pluie légère,Autre collision,,,,,,,,,,,1,1,1,2,6
200500053715,0005-08-25 12:05:00,5,8,25,12,5,930,27.0,AUTOROUTE A1,,,Plein jour,Hors agglomération,Hors intersection,Normale,Autre collision,,,,,,,,,,,1,1,1,1,6
200500053716,0005-08-25 17:00:00,5,8,25,17,0,930,66.0,AUTOROUTE A1,,,Plein jour,Hors agglomération,Hors intersection,Normale,Sans collision,,,,,,,,,,,1,1,1,1,7
200500053717,0005-08-25 21:20:00,5,8,25,21,20,950,527.0,AUTOROUTE A1,,,Nuit avec éclairage non allumé,Hors agglomération,Hors intersection,Normale,Autre collision,,,,,,,,,,,4,1,1,1,6
200500053718,0005-08-27 01:20:00,5,8,27,1,20,930,32.0,AUTOROUTE A3,,,Nuit sans éclairage public,Hors agglomération,Hors intersection,Normale,Trois véhicules et plus - en chaîne,,,,,,,,,,,3,1,1,1,4
200500053719,0005-08-28 03:25:00,5,8,28,3,25,930,48.0,AUTOROUTE A3,,,Nuit avec éclairage allumé,Hors agglomération,Hors intersection,Normale,Deux véhicules - arrière,,,,,,,,,,,5,1,1,1,2
200500053720,0005-08-28 20:20:00,5,8,28,20,20,930,10.0,AUTOROUTE A3,,,Nuit avec éclairage allumé,Hors agglomération,Hors intersection,Normale,Autre collision,,,,,,,,,,,5,1,1,1,6
200500053721,0005-08-27 15:30:00,5,8,27,15,30,600,612.0,AUTOROUTE A1,,,Plein jour,Hors agglomération,Hors intersection,Normale,Trois véhicules et plus - en chaîne,,,,,,,,,,,1,1,1,1,4
200500053722,0005-08-29 07:50:00,5,8,29,7,50,930,53.0,AUTOROUTE A3,,,Plein jour,Hors agglomération,Hors intersection,Normale,Trois véhicules et plus - en chaîne,,,,,,,,,,,1,1,1,1,4
200500053723,0005-08-29 14:00:00,5,8,29,14,0,930,10.0,AUTOROUTE A86,,,Plein jour,Hors agglomération,Hors intersection,Normale,Deux véhicules - côté,,,,,,,,,,,1,1,1,1,3
200500053724,0005-08-29 17:10:00,5,8,29,17,10,930,66.0,AUTOROUTE A1,,,Plein jour,Hors agglomération,Hors intersection,Normale,Deux véhicules - arrière,,,,,,,,,,,1,1,1,1,2
200500053725,0005-08-29 15:30:00,5,8,29,15,30,600,612.0,AUTOROUTE A1,,,Plein jour,Hors agglomération,Hors intersection,Normale,Trois véhicules et plus - en chaîne,,,,,,,,,,,1,1,1,1,4
200500053726,0005-08-29 20:10:00,5,8,29,20,10,950,604.0,AUTOROUTE A1,,,Nuit avec éclairage allumé,Hors agglomération,Hors intersection,Normale,Sans collision,,,,,,,,,,,5,1,1,1,7
200500053727,0005-08-30 11:30:00,5,8,30,11,30,930,66.0,AUTOROUTE A1,,,Plein jour,Hors agglomération,Hors intersection,Normale,Deux véhicules - arrière,,,,,,,,,,,1,1,1,1,2
200500053728,0005-08-31 20:00:00,5,8,31,20,0,930,63.0,AUTOROUTE A3,,,Plein jour,Hors agglomération,Hors intersection,Normale,Deux véhicules - arrière,,,,,,,,,,,1,1,1,1,2
200500053729,0005-08-31 20:20:00,5,8,31,20,20,930,8.0,AUTOROUTE A86,,,Plein jour,Hors agglomération,Hors intersection,Normale,Sans collision,,,,,,,,,,,1,1,1,1,7
200500053730,0005-08-07 07:15:00,5,8,7,7,15,780,362.0,A13,,,Plein jour,Hors agglomération,Hors intersection,Normale,Autre collision,,,,,,,,,,,1,1,1,1,6
200500053731,0005-08-08 06:30:00,5,8,8,6,30,920,36.0,A86,,,Plein jour,Hors agglomération,Hors intersection,Normale,Sans collision,,,,,,,,,,,1,1,1,1,7
200500053732,0005-08-10 19:30:00,5,8,10,19,30,780,402.0,A13,,,Plein jour,Hors agglomération,Hors intersection,Temps éblouissant,Deux véhicules - arrière,,,,,,,,,,,1,1,1,7,2
200500053733,0005-08-09 07:45:00,5,8,9,7,45,780,140.0,A13,,,Crépuscule ou aube,Hors agglomération,Hors intersection,Normale,Autre collision,,,,,,,,,,,2,1,1,1,6
200500053734,0005-08-19 18:05:00,5,8,19,18,5,920,47.0,A13,,,Plein jour,Hors agglomération,Hors intersection,Normale,Deux véhicules - arrière,,,,,,,,,,,1,1,1,1,2
200500053735,0005-08-19 19:51:00,5,8,19,19,51,780,490.0,N12W,,,Plein jour,Hors agglomération,Hors intersection,Normale,Autre collision,,,,,,,,,,,1,1,1,1,6
200500053736,0005-08-16 03:40:00,5,8,16,3,40,780,672.0,A13,,,Nuit sans éclairage public,Hors agglomération,Hors intersection,Normale,Sans collision,,,,,,,,,,,3,1,1,1,7
200500053737,0005-08-27 18:20:00,5,8,27,18,20,920,48.0,N118,,,Plein jour,Hors agglomération,Hors intersection,Normale,Deux véhicules - arrière,,,,,,,,,,,1,1,1,1,2
200500053738,0005-08-22 18:10:00,5,8,22,18,10,920,50.0,A14,,,Plein jour,Hors agglomération,Hors intersection,Normale,Deux véhicules - côté,,,,,,,,,,,1,1,1,1,3
200500053739,0005-08-30 08:38:00,5,8,30,8,38,920,50.0,A86,,,Plein jour,Hors agglomération,Hors intersection,Normale,Deux véhicules - arrière,,,,,,,,,,,1,1,1,1,2
200500053740,0005-08-31 17:52:00,5,8,31,17,52,920,25.0,A86,,,Plein jour,Hors agglomération,Hors intersection,Normale,Autre collision,,,,,,,,,,,1,1,1,1,6
200500053741,0005-08-11 07:53:00,5,8,11,7,53,780,640.0,A86E,,,Plein jour,Hors agglomération,Hors intersection,Normale,Deux véhicules - côté,,,,,,,,,,,1,1,1,1,3
200500053742,0005-08-31 07:37:00,5,8,31,7,37,920,62.0,N1014W,,,Plein jour,Hors agglomération,Hors intersection,Autre,Deux véhicules - arrière,,,,,,,,,,,1,1,1,9,2
200500053743,0005-08-24 08:30:00,5,8,24,8,30,780,126.0,A13,,,Plein jour,Hors agglomération,Hors intersection,Normale,Deux véhicules - arrière,,,,,,,,,,,1,1,1,1,2
200500053744,0005-08-01 14:53:00,5,8,1,14,53,910,589.0,AUTOROUTE A6,,,Plein jour,Hors agglomération,Hors intersection,Pluie légère,Trois véhicules et plus - en chaîne,,,,,,,,,,,1,1,1,2,4
200500053745,0005-08-01 15:45:00,5,8,1,15,45,910,521.0,AUTOROUTE A6,,,Plein jour,Hors agglomération,Hors intersection,Normale,Deux véhicules - arrière,,,,,,,,,,,1,1,1,1,2
200500053746,0005-08-02 06:07:00,5,8,2,6,7,940,3.0,AUTOROUTE A6A,,,Plein jour,Hors agglomération,Hors intersection,Normale,Sans collision,,,,,,,,,,,1,1,1,1,7
200500053747,0005-08-03 10:30:00,5,8,3,10,30,940,76.0,AUTOROUTE A6B,,,Plein jour,Hors agglomération,Hors intersection,Normale,Autre collision,,,,,,,,,,,1,1,1,1,6
200500053748,0005-08-04 05:15:00,5,8,4,5,15,770,251.0,RN 104,,,Nuit sans éclairage public,Hors agglomération,Hors intersection,Normale,Autre collision,,,,,,,,,,,3,1,1,1,6
200500053749,0005-08-04 09:30:00,5,8,4,9,30,910,64.0,RN 118,,,Plein jour,Hors agglomération,Hors intersection,Normale,Sans collision,,,,,,,,,,,1,1,1,1,7
200500053750,0005-08-04 15:10:00,5,8,4,15,10,940,3.0,AUTOROUTE A6A,,,Plein jour,Hors agglomération,Hors intersection,Normale,Deux véhicules - arrière,,,,,,,,,,,1,1,1,1,2
200500053751,0005-08-05 12:50:00,5,8,5,12,50,910,687.0,AUTOROUTE A6,,,Plein jour,Hors agglomération,Hors intersection,Normale,Autre collision,,,,,,,,,,,1,1,1,1,6
200500053752,0005-08-06 02:12:00,5,8,6,2,12,910,37.0,AUTOROUTE A6,,,Nuit sans éclairage public,Hors agglomération,Hors intersection,Normale,Sans collision,,,,,,,,,,,3,1,1,1,7
200500053753,0005-08-07 00:49:00,5,8,7,0,49,940,37.0,AUTOROUTE A6A,,,Nuit avec éclairage allumé,Hors agglomération,Hors intersection,Normale,Sans collision,,,,,,,,,,,5,1,1,1,7
200500053754,0005-08-07 23:42:00,5,8,7,23,42,940,65.0,AUTOROUTE A106,,,Nuit avec éclairage allumé,Hors agglomération,Hors intersection,Normale,Autre collision,,,,,,,,,,,5,1,1,1,6
200500053755,0005-08-08 06:13:00,5,8,8,6,13,910,521.0,RN 104,,,Crépuscule ou aube,Hors agglomération,Hors intersection,Normale,Deux véhicules - arrière,,,,,,,,,,,2,1,1,1,2
200500053756,0005-08-08 09:16:00,5,8,8,9,16,920,2.0,RN 385,,,Plein jour,Hors agglomération,Hors intersection,Normale,Trois véhicules et plus - en chaîne,,,,,,,,,,,1,1,1,1,4
200500053757,0005-08-08 12:30:00,5,8,8,12,30,910,645.0,RN 385 Exterieure,,,Plein jour,Hors agglomération,Hors intersection,Normale,Deux véhicules - côté,,,,,,,,,,,1,1,1,1,3
200500053758,0005-08-09 13:00:00,5,8,9,13,0,910,182.0,AUTOROUTE A6,,,Plein jour,Hors agglomération,Hors intersection,Normale,Deux véhicules - arrière,,,,,,,,,,,1,1,1,1,2
200500053759,0005-08-10 20:24:00,5,8,10,20,24,910,136.0,RN 188 PARIS / A 10 PARI,,,Plein jour,Hors agglomération,Hors intersection,Normale,Sans collision,,,,,,,,,,,1,1,1,1,7
200500053760,0005-08-11 05:45:00,5,8,11,5,45,910,434.0,AUTOROUTE A6,,,Crépuscule ou aube,Hors agglomération,Hors intersection,Normale,Deux véhicules - côté,,,,,,,,,,,2,1,1,1,3
200500053761,0005-08-11 14:50:00,5,8,11,14,50,910,689.0,AUTOROUTE A6B,,,Plein jour,Hors agglomération,Hors intersection,Pluie légère,Deux véhicules - arrière,,,,,,,,,,,1,1,1,2,2
200500053762,0005-08-12 21:40:00,5,8,12,21,40,910,235.0,RN 104,,,Nuit sans éclairage public,Hors agglomération,Hors intersection,Normale,Deux véhicules - côté,,,,,,,,,,,3,1,1,1,3
200500053763,0005-08-13 09:30:00,5,8,13,9,30,910,661.0,AUTOROUTE A10,,,Plein jour,Hors agglomération,Hors intersection,Normale,Deux véhicules - arrière,,,,,,,,,,,1,1,1,1,2
200500053764,0005-08-13 21:15:00,5,8,13,21,15,940,34.0,AUTOROUTE A86,,,Nuit sans éclairage public,Hors agglomération,Hors intersection,Normale,Sans collision,,,,,,,,,,,3,1,1,1,7
200500053765,0005-08-14 16:50:00,5,8,14,16,50,940,34.0,AUTOROUTE A86,,,Plein jour,Hors agglomération,Hors intersection,Pluie légère,Sans collision,,,,,,,,,,,1,1,1,2,7
200500053766,0005-08-14 19:00:00,5,8,14,19,0,940,37.0,AUTOROUTE A6A,,,Plein jour,Hors agglomération,Hors intersection,Normale,Sans collision,,,,,,,,,,,1,1,1,1,7
200500053767,0005-08-15 19:30:00,5,8,15,19,30,910,661.0,AUTOROUTE A10,,,Plein jour,Hors agglomération,Hors intersection,Normale,Deux véhicules - arrière,,,,,,,,,,,1,1,1,1,2
200500053768,0005-08-17 14:00:00,5,8,17,14,0,910,161.0,AUTOROUTE A6,,,Plein jour,Hors agglomération,Hors intersection,Normale,Deux véhicules - côté,,,,,,,,,,,1,1,1,1,3
200500053769,0005-08-18 08:45:00,5,8,18,8,45,910,689.0,AUTOROUTE A6,,,Plein jour,Hors agglomération,Hors intersection,Normale,Deux véhicules - côté,,,,,,,,,,,1,1,1,1,3
200500053770,0005-08-18 17:03:00,5,8,18,17,3,940,43.0,AUTOROUTE A6B,,,Plein jour,Hors agglomération,Hors intersection,Normale,Deux véhicules - arrière,,,,,,,,,,,1,1,1,1,2
200500053771,0005-08-20 16:20:00,5,8,20,16,20,770,384.0,AUTOROUTE A5A,,,Plein jour,Hors agglomération,Hors intersection,Normale,Autre collision,,,,,,,,,,,1,1,1,1,6
200500053772,0005-08-20 19:23:00,5,8,20,19,23,940,21.0,AUTOROUTE A6A,,,Plein jour,Hors agglomération,Hors intersection,Normale,Autre collision,,,,,,,,,,,1,1,1,1,6
200500053773,0005-08-20 21:00:00,5,8,20,21,0,910,179.0,AUTOROUTE A6,,,Plein jour,Hors agglomération,Hors intersection,Normale,Sans collision,,,,,,,,,,,1,1,1,1,7