accident_id,datetime,annee,mois,jour,heure,minute,departement,commune_insee,adresse,latitude,longitude,luminosite,agglomeration,intersection,meteo,collision,nb_vehicules,nb_usagers,nb_indemnes,nb_tues,nb_blesses_hosp,nb_blesses_legers,age_cond_1,age_cond_2,veh_type_cond_1,veh_type_cond_2,lum_code,agg_code,int_code,atm_code,col_code
200500053908,0005-08-03 16:45:00,5,8,3,16,45,690,388.0,"84, PIERRE DELORE",,,Plein jour,En agglomération,Hors intersection,Normale,Deux véhicules - côté,,,,,,,,,,,1,2,1,1,3
200500053909,0005-08-04 12:15:00,5,8,4,12,15,690,388.0,"56, ETATS UNIS (DES)",,,Plein jour,En agglomération,Intersection en X,Normale,Deux véhicules - côté,,,,,,,,,,,1,2,2,1,3
200500053910,0005-08-11 15:10:00,5,8,11,15,10,690,388.0,"00, PROFESSEUR BEAUVISAG",,,Plein jour,En agglomération,Intersection en T,Normale,Deux véhicules - côté,,,,,,,,,,,1,2,3,1,3
200500053911,0005-08-18 20:03:00,5,8,18,20,3,690,388.0,"13, MARYSE BASTIE",,,Crépuscule ou aube,En agglomération,Hors intersection,Normale,Autre collision,,,,,,,,,,,2,2,1,1,6
200500053912,0005-08-21 02:35:00,5,8,21,2,35,690,388.0,"47, JEAN MERMOZ",,,Nuit avec éclairage allumé,En agglomération,Hors intersection,Normale,Autre collision,,,,,,,,,,,5,2,1,1,6
200500053913,0005-08-19 10:50:00,5,8,19,10,50,690,388.0,"288, PINEL",,,Plein jour,En agglomération,Hors intersection,Normale,Autre collision,,,,,,,,,,,1,2,1,1,6
200500053914,0005-08-06 06:05:00,5,8,6,6,5,420,218.0,RN88,,,Crépuscule ou aube,Hors agglomération,Hors intersection,Normale,Sans collision,,,,,,,,,,,2,1,1,1,7
200500053915,0005-08-13 14:25:00,5,8,13,14,25,420,110.0,A47,,,Plein jour,Hors agglomération,Hors intersection,Normale,Autre collision,,,,,,,,,,,1,1,1,1,6
200500053916,0005-08-02 11:25:00,5,8,2,11,25,690,297.0,A47,,,Plein jour,Hors agglomération,Intersection en Y,Pluie légère,Trois véhicules et plus - en chaîne,,,,,,,,,,,1,1,4,2,4
200500053917,0005-08-02 13:10:00,5,8,2,13,10,690,256.0,RN346,,,Plein jour,Hors agglomération,Hors intersection,Pluie légère,Autre collision,,,,,,,,,,,1,1,1,2,6
200500053918,0005-08-02 18:10:00,5,8,2,18,10,690,288.0,A43,,,Plein jour,Hors agglomération,Hors intersection,Pluie forte,Sans collision,,,,,,,,,,,1,1,1,3,7
200500053919,0005-08-03 02:15:00,5,8,3,2,15,690,256.0,A7,,,Nuit avec éclairage allumé,Hors agglomération,Hors intersection,Normale,Sans collision,,,,,,,,,,,5,1,1,1,7
200500053920,0005-08-04 10:20:00,5,8,4,10,20,690,283.0,A46N,,,Plein jour,Hors agglomération,Hors intersection,Normale,Autre collision,,,,,,,,,,,1,1,1,1,6
200500053921,0005-08-05 15:20:00,5,8,5,15,20,10,248.0,A46N,,,Plein jour,Hors agglomération,Hors intersection,Normale,Autre collision,,,,,,,,,,,1,1,1,1,6
200500053922,0005-08-08 13:50:00,5,8,8,13,50,690,256.0,RN346,,,Plein jour,Hors agglomération,Hors intersection,Normale,Autre collision,,,,,,,,,,,1,1,1,1,6
200500053923,0005-08-08 20:30:00,5,8,8,20,30,690,125.0,A47,,,Crépuscule ou aube,Hors agglomération,Intersection en Y,Normale,Autre collision,,,,,,,,,,,2,1,4,1,6
200500053924,0005-08-12 15:30:00,5,8,12,15,30,690,259.0,A7,,,Plein jour,Hors agglomération,Hors intersection,Normale,Deux véhicules - côté,,,,,,,,,,,1,1,1,1,3
200500053925,0005-08-13 15:30:00,5,8,13,15,30,380,336.0,A7,,,Plein jour,Hors agglomération,Hors intersection,Normale,Deux véhicules - côté,,,,,,,,,,,1,1,1,1,3
200500053926,0005-08-14 19:50:00,5,8,14,19,50,690,199.0,RN383,,,Plein jour,Hors agglomération,Hors intersection,Normale,Autre collision,,,,,,,,,,,1,1,1,1,6
200500053927,0005-08-16 17:30:00,5,8,16,17,30,380,544.0,RN7,,,Plein jour,Hors agglomération,Hors intersection,Normale,Trois véhicules et plus - collisions multiples,,,,,,,,,,,1,1,1,1,5
200500053928,0005-08-18 08:30:00,5,8,18,8,30,690,256.0,A7,,,Plein jour,Hors agglomération,Hors intersection,Normale,Deux véhicules - arrière,,,,,,,,,,,1,1,1,1,2
200500053929,0005-08-19 05:45:00,5,8,19,5,45,690,259.0,A47,,,Nuit avec éclairage non allumé,Hors agglomération,Autre intersection,Normale,Sans collision,,,,,,,,,,,4,1,9,1,7
200500053930,0005-08-19 17:50:00,5,8,19,17,50,690,297.0,A47,,,Plein jour,Hors agglomération,Hors intersection,Normale,Trois véhicules et plus - en chaîne,,,,,,,,,,,1,1,1,1,4
200500053931,0005-08-20 05:05:00,5,8,20,5,5,690,295.0,A46S,,,Nuit sans éclairage public,Hors agglomération,Hors intersection,Normale,Sans collision,,,,,,,,,,,3,1,1,1,7
200500053932,0005-08-20 06:15:00,5,8,20,6,15,380,87.0,A7,,,Crépuscule ou aube,Hors agglomération,Hors intersection,Normale,Deux véhicules - arrière,,,,,,,,,,,2,1,1,1,2
200500053933,0005-08-20 17:17:00,5,8,20,17,17,380,336.0,A6,,,Plein jour,Hors agglomération,Hors intersection,Normale,Deux véhicules - côté,,,,,,,,,,,1,1,1,1,3
200500053934,0005-08-20 20:40:00,5,8,20,20,40,690,388.0,RN383,,,Crépuscule ou aube,Hors agglomération,Hors intersection,Normale,Sans collision,,,,,,,,,,,2,1,1,1,7
200500053935,0005-08-21 23:15:00,5,8,21,23,15,690,256.0,RN346,,,Nuit avec éclairage allumé,Hors agglomération,Hors intersection,Normale,Sans collision,,,,,,,,,,,5,1,1,1,7
200500053936,0005-08-23 11:55:00,5,8,23,11,55,690,256.0,RN346,,,Plein jour,Hors agglomération,Hors intersection,Pluie légère,Sans collision,,,,,,,,,,,1,1,1,2,7
200500053937,0005-08-25 10:39:00,5,8,25,10,39,690,297.0,A47,,,Plein jour,Hors agglomération,Hors intersection,Normale,Deux véhicules - côté,,,,,,,,,,,1,1,1,1,3
200500053938,0005-08-26 23:45:00,5,8,26,23,45,690,199.0,RN383,,,Nuit avec éclairage allumé,Hors agglomération,Hors intersection,Pluie légère,Trois véhicules et plus - en chaîne,,,,,,,,,,,5,1,1,2,4
200500053939,0005-08-26 17:40:00,5,8,26,17,40,690,142.0,A7,,,Plein jour,Hors agglomération,Hors intersection,Normale,Deux véhicules - arrière,,,,,,,,,,,1,1,1,1,2
200500053940,0005-08-29 02:30:00,5,8,29,2,30,380,544.0,A7,,,Nuit sans éclairage public,Hors agglomération,Hors intersection,Normale,Deux véhicules - arrière,,,,,,,,,,,3,1,1,1,2
200500053941,0005-08-29 06:40:00,5,8,29,6,40,10,275.0,RN88 DECROISSANT,,,Crépuscule ou aube,Hors agglomération,Hors intersection,Normale,Deux véhicules - arrière,,,,,,,,,,,2,1,1,1,2
200500053942,0005-08-29 19:10:00,5,8,29,19,10,690,297.0,A46N,,,Plein jour,Hors agglomération,Hors intersection,Normale,Deux véhicules - côté,,,,,,,,,,,1,1,1,1,3
200500053943,0005-08-30 20:45:00,5,8,30,20,45,690,275.0,RN346,,,Crépuscule ou aube,Hors agglomération,Hors intersection,Normale,Autre collision,,,,,,,,,,,2,1,1,1,6
200500053944,0005-08-31 14:50:00,5,8,31,14,50,380,87.0,RN383,,,Plein jour,Hors agglomération,Hors intersection,Normale,Deux véhicules - arrière,,,,,,,,,,,1,1,1,1,2
200500053945,0005-08-31 18:20:00,5,8,31,18,20,690,270.0,A46N,,,Plein jour,Hors agglomération,Hors intersection,Normale,Trois véhicules et plus - collisions multiples,,,,,,,,,,,1,1,1,1,5
200500053946,0005-08-01 00:01:00,5,8,1,0,1,690,389.0,"2, JOLIVET",,,Nuit avec éclairage allumé,En agglomération,Hors intersection,Normale,Autre collision,,,,,,,,,,,5,2,1,1,6
200500053947,0005-08-27 10:30:00,5,8,27,10,30,690,389.0,", BALMONT (DE)",,,Plein jour,En agglomération,Hors intersection,Temps couvert,Autre collision,,,,,,,,,,,1,2,1,8,6
200500053948,0005-08-31 10:45:00,5,8,31,10,45,690,389.0,"00, BOURBONNAIS (DU)",,,Plein jour,En agglomération,Intersection en X,Normale,Autre collision,,,,,,,,,,,1,2,2,1,6
200500053949,0005-08-09 17:00:00,5,8,9,17,0,690,389.0,"0, JOUFFROY D'ABBANS",,,Plein jour,En agglomération,Hors intersection,Normale,Autre collision,,,,,,,,,,,1,2,1,1,6
200500053950,0005-08-21 08:00:00,5,8,21,8,0,830,137.0,A57,,,Plein jour,Hors agglomération,Hors intersection,Normale,Sans collision,,,,,,,,,,,1,1,1,1,7
200500053951,0005-08-01 17:20:00,5,8,1,17,20,130,106.0,A7-Sens Marseille vers L,,,Plein jour,Hors agglomération,Hors intersection,Normale,Deux véhicules - côté,,,,,,,,,,,1,1,1,1,3
200500053952,0005-08-02 14:00:00,5,8,2,14,0,130,55.0,A50-Sens Marseille vers,,,Plein jour,Hors agglomération,Hors intersection,Normale,Deux véhicules - côté,,,,,,,,,,,1,1,1,1,3
200500053953,0005-08-02 17:30:00,5,8,2,17,30,130,71.0,A51-Sens Marseille vers,,,Plein jour,Hors agglomération,Hors intersection,Normale,Deux véhicules - arrière,,,,,,,,,,,1,1,1,1,2
200500053954,0005-08-03 09:00:00,5,8,3,9,0,130,55.0,A55-Sens Marseille vers,,,Plein jour,Hors agglomération,Hors intersection,Normale,Deux véhicules - arrière,,,,,,,,,,,1,1,1,1,2
200500053955,0005-08-04 19:35:00,5,8,4,19,35,130,70.0,A50-Sens Marseille vers,,,Plein jour,Hors agglomération,Hors intersection,Normale,Trois véhicules et plus - en chaîne,,,,,,,,,,,1,1,1,1,4
200500053956,0005-08-05 09:45:00,5,8,5,9,45,130,5.0,A52-Sens Pont de l'Etoil,,,Plein jour,Hors agglomération,Hors intersection,Normale,Trois véhicules et plus - collisions multiples,,,,,,,,,,,1,1,1,1,5
200500053957,0005-08-06 02:00:00,5,8,6,2,0,130,55.0,A55-Sens Martigues vers,,,Nuit sans éclairage public,Hors agglomération,Hors intersection,Normale,Deux véhicules - côté,,,,,,,,,,,3,1,1,1,3
200500053958,0005-08-07 00:30:00,5,8,7,0,30,130,106.0,A51-Sens Marseille vers,,,Nuit avec éclairage non allumé,Hors agglomération,Autre intersection,Normale,Sans collision,,,,,,,,,,,4,1,9,1,7
200500053959,0005-08-07 04:30:00,5,8,7,4,30,130,71.0,A7-Sens Lyon vers Marsei,,,Nuit sans éclairage public,Hors agglomération,Hors intersection,Normale,Autre collision,,,,,,,,,,,3,1,1,1,6
200500053960,0005-08-09 12:18:00,5,8,9,12,18,130,71.0,A7-Sens Lyon vers Marsei,,,Plein jour,Hors agglomération,Hors intersection,Normale,Deux véhicules - arrière,,,,,,,,,,,1,1,1,1,2
200500053961,0005-08-09 08:30:00,5,8,9,8,30,130,22.0,A50-Sens Toulon vers Aub,,,Plein jour,Hors agglomération,Hors intersection,Normale,Deux véhicules - côté,,,,,,,,,,,1,1,1,1,3
200500053962,0005-08-09 20:40:00,5,8,9,20,40,130,88.0,A55-Sens Martigues vers,,,Plein jour,Hors agglomération,Hors intersection,Normale,Sans collision,,,,,,,,,,,1,1,1,1,7
200500053963,0005-08-13 07:30:00,5,8,13,7,30,130,71.0,A7-Sens Lyon vers Marsei,,,Plein jour,Hors agglomération,Hors intersection,Normale,Deux véhicules - côté,,,,,,,,,,,1,1,1,1,3
200500053964,0005-08-15 03:15:00,5,8,15,3,15,130,55.0,A50-Sens Aubagne vers Ma,,,Nuit sans éclairage public,Hors agglomération,Hors intersection,Normale,Deux véhicules - arrière,,,,,,,,,,,3,1,1,1,2
200500053965,0005-08-16 01:15:00,5,8,16,1,15,130,85.0,A50-Sens Aubagne vers To,,,Nuit sans éclairage public,Hors agglomération,Hors intersection,Normale,Autre collision,,,,,,,,,,,3,1,1,1,6
200500053966,0005-08-16 17:10:00,5,8,16,17,10,130,26.0,A55-Sens Marseille vers,,,Plein jour,Hors agglomération,Hors intersection,Normale,Autre collision,,,,,,,,,,,1,1,1,1,6
200500053967,0005-08-17 11:15:00,5,8,17,11,15,130,117.0,A7-Sens Lyon vers Marsei,,,Plein jour,Hors agglomération,Hors intersection,Normale,Deux véhicules - côté,,,,,,,,,,,1,1,1,1,3
200500053968,0005-08-20 14:13:00,5,8,20,14,13,130,1.0,A51-Sens Aix en Provence,,,Plein jour,Hors agglomération,Hors intersection,Pluie légère,Deux véhicules - côté,,,,,,,,,,,1,1,1,2,3
200500053969,0005-08-21 05:30:00,5,8,21,5,30,130,55.0,A7-Sens Lyon vers Marsei,,,Nuit sans éclairage public,Hors agglomération,Hors intersection,Normale,Deux véhicules - arrière,,,,,,,,,,,3,1,1,1,2
200500053970,0005-08-21 08:45:00,5,8,21,8,45,130,55.0,A50-Sens Aubagne vers Ma,,,Plein jour,Hors agglomération,Hors intersection,Pluie forte,Sans collision,,,,,,,,,,,1,1,1,3,7
200500053971,0005-08-22 11:27:00,5,8,22,11,27,130,81.0,A7-Sens Marseille vers L,,,Plein jour,Hors agglomération,Hors intersection,Normale,Sans collision,,,,,,,,,,,1,1,1,1,7
200500053972,0005-08-22 20:00:00,5,8,22,20,0,130,85.0,A50-Sens Toulon vers Aub,,,Plein jour,Hors agglomération,Hors intersection,Vent fort / tempête,Deux véhicules - arrière,,,,,,,,,,,1,1,1,6,2
200500053973,0005-08-23 09:20:00,5,8,23,9,20,130,5.0,A501-Sens Aubagne vers P,,,Plein jour,Hors agglomération,Hors intersection,Normale,Autre collision,,,,,,,,,,,1,1,1,1,6
200500053974,0005-08-24 05:55:00,5,8,24,5,55,130,26.0,A55-Sens Marseille vers,,,Nuit sans éclairage public,Hors agglomération,Hors intersection,Normale,Sans collision,,,,,,,,,,,3,1,1,1,7
200500053975,0005-08-24 05:10:00,5,8,24,5,10,130,55.0,A50-Sens Aubagne vers Ma,,,Nuit avec éclairage allumé,Hors agglomération,Hors intersection,Normale,Sans collision,,,,,,,,,,,5,1,1,1,7
200500053976,0005-08-25 23:46:00,5,8,25,23,46,130,117.0,A7-Sens Lyon vers Marsei,,,Nuit sans éclairage public,Hors agglomération,Hors intersection,Normale,Autre collision,,,,,,,,,,,3,1,1,1,6
200500053977,0005-08-27 12:36:00,5,8,27,12,36,130,56.0,A55-Sens Marseille vers,,,Plein jour,Hors agglomération,Hors intersection,Pluie légère,Autre collision,,,,,,,,,,,1,1,1,2,6
200500053978,0005-08-28 06:35:00,5,8,28,6,35,130,71.0,A7-Sens Lyon vers Marsei,,,Crépuscule ou aube,Hors agglomération,Hors intersection,Normale,Sans collision,,,,,,,,,,,2,1,1,1,7
200500053979,0005-08-29 17:30:00,5,8,29,17,30,130,55.0,A55-Sens Martigues vers,,,Plein jour,Hors agglomération,Hors intersection,Normale,Trois véhicules et plus - collisions multiples,,,,,,,,,,,1,1,1,1,5
200500053980,0005-08-29 18:47:00,5,8,29,18,47,130,55.0,A7-Sens Lyon vers Marsei,,,Plein jour,Hors agglomération,Hors intersection,Normale,Deux véhicules - arrière,,,,,,,,,,,1,1,1,1,2
200500053981,0005-08-30 19:35:00,5,8,30,19,35,130,70.0,A50-Sens Marseille vers,,,Plein jour,Hors agglomération,Hors intersection,Normale,Deux véhicules - arrière,,,,,,,,,,,1,1,1,1,2
200500053982,0005-07-06 08:00:00,5,7,6,8,0,400,33.0,,,,Plein jour,Hors agglomération,Hors intersection,Temps couvert,Autre collision,,,,,,,,,,,1,1,1,8,6
200500053983,0005-03-12 14:00:00,5,3,12,14,0,810,36.0,6 Grande Rue,43.506,2.407,Plein jour,En agglomération,Hors intersection,Normale,Deux véhicules - côté,,,,,,,,,,,1,2,1,1,3
200500053984,0005-04-28 20:30:00,5,4,28,20,30,690,106.0,Route des Crètes,,,Crépuscule ou aube,Hors agglomération,Hors intersection,Normale,Deux véhicules - côté,,,,,,,,,,,2,1,1,1,3
200500053985,0005-07-11 15:50:00,5,7,11,15,50,690,9.0,Chemin des Molaizes,,,Plein jour,En agglomération,Hors intersection,Normale,Sans collision,,,,,,,,,,,1,2,1,1,7
200500053986,0005-04-30 21:15:00,5,4,30,21,15,60,46.0,RD 714,,,Nuit avec éclairage allumé,En agglomération,Hors intersection,Normale,Trois véhicules et plus - collisions multiples,,,,,,,,,,,5,2,1,1,5
200500053987,0005-08-20 09:15:00,5,8,20,9,15,60,6.0,,,,Plein jour,Hors agglomération,Hors intersection,Normale,Deux véhicules - côté,,,,,,,,,,,1,1,1,1,3
200500053988,0005-05-15 19:00:00,5,5,15,19,0,480,176.0,,,,Plein jour,Hors agglomération,Hors intersection,Normale,Sans collision,,,,,,,,,,,1,1,1,1,7
200500053989,0005-05-21 00:45:00,5,5,21,0,45,480,99.0,,,,Nuit sans éclairage public,Hors agglomération,Hors intersection,Normale,Autre collision,,,,,,,,,,,3,1,1,1,6
200500053990,0005-09-26 17:30:00,5,9,26,17,30,590,11.0,rue du Vent de Bise,50.531,2.934,Plein jour,En agglomération,Hors intersection,Normale,Autre collision,,,,,,,,,,,1,2,1,1,6
200500053991,0005-09-28 00:30:00,5,9,28,0,30,590,5.0,rue du général de gaulle,,,Nuit avec éclairage allumé,En agglomération,Hors intersection,Normale,Deux véhicules - frontale,,,,,,,,,,,5,2,1,1,1
200500053992,0005-09-15 10:45:00,5,9,15,10,45,590,51.0,rue boily,50.537,2.804,Plein jour,En agglomération,Hors intersection,Normale,Autre collision,,,,,,,,,,,1,2,1,1,6
200500053993,0005-09-10 21:00:00,5,9,10,21,0,590,553.0,,,,Nuit sans éclairage public,Hors agglomération,Hors intersection,Pluie légère,Autre collision,,,,,,,,,,,3,1,1,2,6
200500053994,0005-09-27 07:45:00,5,9,27,7,45,590,586.0,rue de l'hardiniére,,,Crépuscule ou aube,En agglomération,Autre intersection,Normale,Sans collision,,,,,,,,,,,2,2,9,1,7
200500053995,0005-09-12 08:15:00,5,9,12,8,15,590,123.0,,,,Plein jour,Hors agglomération,Intersection en T,Pluie légère,Deux véhicules - côté,,,,,,,,,,,1,1,3,2,3
200500053996,0005-09-14 17:30:00,5,9,14,17,30,590,478.0,,50.959,2.461,Plein jour,Hors agglomération,Intersection en X,Normale,Deux véhicules - côté,,,,,,,,,,,1,1,2,1,3
200500053997,0005-09-23 00:15:00,5,9,23,0,15,590,82.0,,51.0,2.393,Nuit avec éclairage allumé,Hors agglomération,Hors intersection,Normale,Deux véhicules - frontale,,,,,,,,,,,5,1,1,1,1
200500053998,0005-09-15 23:30:00,5,9,15,23,30,590,532.0,,,,Nuit sans éclairage public,Hors agglomération,Hors intersection,Pluie légère,Sans collision,,,,,,,,,,,3,1,1,2,7
200500053999,0005-09-02 12:15:00,5,9,2,12,15,590,668.0,RUE DU GENERAL DE GAULLE,51.075,2.519,Plein jour,En agglomération,Hors intersection,Normale,Deux véhicules - côté,,,,,,,,,,,1,2,1,1,3
200500054000,0005-09-21 03:45:00,5,9,21,3,45,590,107.0,"CD 60, rue albert 1er",,,Nuit avec éclairage allumé,En agglomération,Hors intersection,Normale,Autre collision,,,,,,,,,,,5,2,1,1,6
200500054001,0005-09-15 13:30:00,5,9,15,13,30,590,433.0,,50.802,2.284,Plein jour,Hors agglomération,Hors intersection,Pluie légère,Deux véhicules - côté,,,,,,,,,,,1,1,1,2,3
200500054002,0005-09-04 18:45:00,5,9,4,18,45,590,189.0,,50.775,2.596,Plein jour,Hors agglomération,Hors intersection,Normale,Deux véhicules - frontale,,,,,,,,,,,1,1,1,1,1
200500054003,0005-09-23 07:15:00,5,9,23,7,15,590,88.0,,50.655,2.837,Crépuscule ou aube,Hors agglomération,Hors intersection,Normale,Deux véhicules - frontale,,,,,,,,,,,2,1,1,1,1
200500054004,0005-09-27 15:15:00,5,9,27,15,15,590,660.0,CHAUSSEE DE VERDUN,,,Plein jour,En agglomération,Hors intersection,Pluie légère,Autre collision,,,,,,,,,,,1,2,1,2,6
200500054005,0005-09-03 16:00:00,5,9,3,16,0,590,92.0,place tholozé,,,Plein jour,En agglomération,Hors intersection,Normale,Deux véhicules - côté,,,,,,,,,,,1,2,1,1,3
200500054006,0005-09-11 03:45:00,5,9,11,3,45,590,313.0,,50.258,3.322,Nuit sans éclairage public,Hors agglomération,Hors intersection,Normale,Deux véhicules - côté,,,,,,,,,,,3,1,1,1,3
200500054007,0005-09-28 06:55:00,5,9,28,6,55,590,549.0,CD 100,,,Crépuscule ou aube,Hors agglomération,Hors intersection,Normale,Deux véhicules - frontale,,,,,,,,,,,2,1,1,1,1
200500054008,0005-09-14 17:15:00,5,9,14,17,15,590,294.0,CD340,,,Plein jour,En agglomération,Hors intersection,Normale,Autre collision,,,,,,,,,,,1,2,1,1,6
200500054009,0005-09-19 17:45:00,5,9,19,17,45,590,136.0,Rue Pasteur,,,Plein jour,En agglomération,Hors intersection,Normale,Deux véhicules - frontale,,,,,,,,,,,1,2,1,1,1
200500054010,0005-09-26 11:45:00,5,9,26,11,45,590,139.0,25 rue Victor Hugo,50.129,3.412,Plein jour,En agglomération,Hors intersection,Normale,Autre collision,,,,,,,,,,,1,2,1,1,6
200500054011,0005-09-28 23:45:00,5,9,28,23,45,590,139.0,rue Aristide BRIAND,50.129,3.414,Nuit avec éclairage allumé,En agglomération,Hors intersection,Normale,Sans collision,,,,,,,,,,,5,2,1,1,7
200500054012,0005-09-12 16:15:00,5,9,12,16,15,590,209.0,,,,Plein jour,Hors agglomération,Hors intersection,Normale,Autre collision,,,,,,,,,,,1,1,1,1,6
200500054013,0005-09-03 22:00:00,5,9,3,22,0,590,520.0,Intersection RN44/CD142,50.134,3.214,Nuit avec éclairage allumé,En agglomération,Hors intersection,Normale,Deux véhicules - frontale,,,,,,,,,,,5,2,1,1,1
200500054014,0005-09-17 05:30:00,5,9,17,5,30,590,254.0,D140,,,Nuit sans éclairage public,Hors agglomération,Hors intersection,Pluie légère,Sans collision,,,,,,,,,,,3,1,1,2,7
200500054015,0005-09-09 03:45:00,5,9,9,3,45,590,29.0,,50.486,3.193,Nuit sans éclairage public,Hors agglomération,Hors intersection,Normale,Deux véhicules - côté,,,,,,,,,,,3,1,1,1,3
200500054016,0005-09-10 14:30:00,5,9,10,14,30,590,190.0,,50.31,4.012,Plein jour,Hors agglomération,Hors intersection,Normale,Trois véhicules et plus - collisions multiples,,,,,,,,,,,1,1,1,1,5
200500054017,0005-09-24 17:45:00,5,9,24,17,45,620,96.0,,,,Plein jour,Hors agglomération,Intersection en X,Normale,Deux véhicules - côté,,,,,,,,,,,1,1,2,1,3
200500054018,0005-09-06 19:30:00,5,9,6,19,30,620,223.0,,,,Plein jour,Hors agglomération,Hors intersection,Normale,Deux véhicules - côté,,,,,,,,,,,1,1,1,1,3
200500054019,0005-09-18 15:00:00,5,9,18,15,0,620,68.0,CD 919,50.178,2.732,Plein jour,En agglomération,Hors intersection,Normale,Sans collision,,,,,,,,,,,1,2,1,1,7
200500054020,0005-09-30 17:00:00,5,9,30,17,0,620,341.0,,50.136,2.612,Plein jour,Hors agglomération,Hors intersection,Pluie légère,Autre collision,,,,,,,,,,,1,1,1,2,6
200500054021,0005-09-23 23:15:00,5,9,23,23,15,620,865.0,,50.339,2.946,Nuit sans éclairage public,Hors agglomération,Hors intersection,Normale,Autre collision,,,,,,,,,,,3,1,1,1,6
200500054022,0005-09-04 14:10:00,5,9,4,14,10,620,49.0,CD 341,,,Plein jour,Hors agglomération,Hors intersection,Normale,Deux véhicules - côté,,,,,,,,,,,1,1,1,1,3
200500054023,0005-09-20 17:00:00,5,9,20,17,0,620,620.0,Route Nationale 43,,,Plein jour,En agglomération,Hors intersection,Normale,Deux véhicules - côté,,,,,,,,,,,1,2,1,1,3
200500054024,0005-09-08 13:30:00,5,9,8,13,30,620,713.0,,50.607,2.557,Plein jour,Hors agglomération,Hors intersection,Normale,Deux véhicules - frontale,,,,,,,,,,,1,1,1,1,1
200500054025,0005-09-07 16:45:00,5,9,7,16,45,620,300.0,,,,Plein jour,Hors agglomération,Hors intersection,Normale,Autre collision,,,,,,,,,,,1,1,1,1,6
200500054026,0005-09-03 11:45:00,5,9,3,11,45,620,397.0,AVENUE DE LA Libération,50.876,1.871,Plein jour,En agglomération,Hors intersection,Normale,Sans collision,,,,,,,,,,,1,2,1,1,7
200500054027,0005-09-22 07:00:00,5,9,22,7,0,620,571.0,,,,Crépuscule ou aube,Hors agglomération,Hors intersection,Brouillard / fumée,Autre collision,,,,,,,,,,,2,1,1,5,6
200500054028,0005-09-06 18:15:00,5,9,6,18,15,620,690.0,D 119 Rue de RAPECHY,,,Plein jour,En agglomération,Hors intersection,Temps couvert,Deux véhicules - côté,,,,,,,,,,,1,2,1,8,3
200500054029,0005-09-11 09:00:00,5,9,11,9,0,620,901.0,RN 43,,,Plein jour,En agglomération,Hors intersection,Normale,Autre collision,,,,,,,,,,,1,2,1,1,6
200500054030,0005-09-15 13:15:00,5,9,15,13,15,620,14.0,,,,Plein jour,Hors agglomération,Hors intersection,Temps couvert,Deux véhicules - frontale,,,,,,,,,,,1,1,1,8,1
200500054031,0005-09-10 04:35:00,5,9,10,4,35,620,403.0,Rue Bernard CHOCHOY,,,Nuit avec éclairage allumé,En agglomération,Intersection en X,Pluie légère,Deux véhicules - côté,,,,,,,,,,,5,2,2,2,3
200500054032,0005-09-15 08:30:00,5,9,15,8,30,620,514.0,,50.368,2.415,Plein jour,Hors agglomération,Hors intersection,Temps couvert,Autre collision,,,,,,,,,,,1,1,1,8,6
200500054033,0005-09-09 12:00:00,5,9,9,12,0,620,70.0,,50.391,2.459,Plein jour,Hors agglomération,Intersection en X,Normale,Deux véhicules - côté,,,,,,,,,,,1,1,2,1,3
200500054034,0005-09-10 04:45:00,5,9,10,4,45,620,182.0,,,,Nuit sans éclairage public,Hors agglomération,Hors intersection,Brouillard / fumée,Deux véhicules - côté,,,,,,,,,,,3,1,1,5,3
200500054035,0005-09-15 17:45:00,5,9,15,17,45,620,370.0,,,,Plein jour,Hors agglomération,Hors intersection,Normale,Deux véhicules - côté,,,,,,,,,,,1,1,1,1,3
200500054036,0005-09-21 11:00:00,5,9,21,11,0,620,361.0,rue Jules Ferry,50.281,2.293,Plein jour,En agglomération,Hors intersection,Normale,Autre collision,,,,,,,,,,,1,2,1,1,6
200500054037,0005-09-10 22:15:00,5,9,10,22,15,620,69.0,,50.476,2.111,Nuit sans éclairage public,Hors agglomération,Hors intersection,Pluie légère,Autre collision,,,,,,,,,,,3,1,1,2,6
200500054038,0005-09-29 15:45:00,5,9,29,15,45,800,13.0,CD 901 - Rue du Général,,,Plein jour,En agglomération,Hors intersection,Normale,Autre collision,,,,,,,,,,,1,2,1,1,6
200500054039,0005-09-12 09:00:00,5,9,12,9,0,800,50.0,,,,Plein jour,Hors agglomération,Hors intersection,Pluie légère,Sans collision,,,,,,,,,,,1,1,1,2,7
200500054040,0005-09-18 16:40:00,5,9,18,16,40,800,211.0,ace du général De Gaulle,,,Plein jour,En agglomération,Hors intersection,Normale,Autre collision,,,,,,,,,,,1,2,1,1,6
200500054041,0005-09-04 06:30:00,5,9,4,6,30,800,221.0,,,,Plein jour,Hors agglomération,Hors intersection,Normale,Autre collision,,,,,,,,,,,1,1,1,1,6