accident_id,datetime,annee,mois,jour,heure,minute,departement,commune_insee,adresse,latitude,longitude,luminosite,agglomeration,intersection,meteo,collision,nb_vehicules,nb_usagers,nb_indemnes,nb_tues,nb_blesses_hosp,nb_blesses_legers,age_cond_1,age_cond_2,veh_type_cond_1,veh_type_cond_2,lum_code,agg_code,int_code,atm_code,col_code
200500054042,0005-09-13 07:15:00,5,9,13,7,15,800,163.0,CD 925,50.106,1.758,Crépuscule ou aube,Hors agglomération,Hors intersection,Normale,Trois véhicules et plus - collisions multiples,,,,,,,,,,,2,1,1,1,5
200500054043,0005-09-29 08:45:00,5,9,29,8,45,800,546.0,Chemin Départemental 925,,,Plein jour,Hors agglomération,Hors intersection,Temps couvert,Autre collision,,,,,,,,,,,1,1,1,8,6
200500054044,0005-09-10 16:45:00,5,9,10,16,45,800,126.0,13 RUE DU TREPORT,,,Plein jour,En agglomération,Intersection en X,Normale,Deux véhicules - frontale,,,,,,,,,,,1,2,2,1,1
200500054045,0005-09-09 23:00:00,5,9,9,23,0,800,692.0,,50.192,1.779,Nuit sans éclairage public,Hors agglomération,Hors intersection,Pluie légère,Sans collision,,,,,,,,,,,3,1,1,2,7
200500054046,0005-09-12 11:15:00,5,9,12,11,15,800,222.0,,,,Plein jour,Hors agglomération,Hors intersection,Normale,Sans collision,,,,,,,,,,,1,1,1,1,7
200500054047,0005-09-18 12:00:00,5,9,18,12,0,800,633.0,,,,Plein jour,Hors agglomération,Hors intersection,Normale,Autre collision,,,,,,,,,,,1,1,1,1,6
200500054048,0005-09-07 23:45:00,5,9,7,23,45,800,71.0,,50.13,2.338,Nuit sans éclairage public,Hors agglomération,Hors intersection,Normale,Sans collision,,,,,,,,,,,3,1,1,1,7
200500054049,0005-09-19 12:30:00,5,9,19,12,30,800,377.0,,50.13,2.32,Plein jour,En agglomération,Intersection en X,Normale,Deux véhicules - côté,,,,,,,,,,,1,2,2,1,3
200500054050,0005-09-19 12:00:00,5,9,19,12,0,800,793.0,,,,Plein jour,Hors agglomération,Hors intersection,Normale,Deux véhicules - côté,,,,,,,,,,,1,1,1,1,3
200500054051,0005-09-25 07:15:00,5,9,25,7,15,800,296.0,RUE DES MOULINS BLEUS,,,Plein jour,En agglomération,Hors intersection,Normale,Deux véhicules - côté,,,,,,,,,,,1,2,1,1,3
200500054052,0005-09-28 17:45:00,5,9,28,17,45,800,318.0,RN1,,,Plein jour,En agglomération,Hors intersection,Normale,Deux véhicules - côté,,,,,,,,,,,1,2,1,1,3
200500054053,0005-09-13 11:15:00,5,9,13,11,15,800,561.0,avenue du 8 mai,,,Plein jour,En agglomération,Hors intersection,Normale,Autre collision,,,,,,,,,,,1,2,1,1,6
200500054054,0005-09-12 00:45:00,5,9,12,0,45,800,452.0,,49.76,2.336,Nuit sans éclairage public,Hors agglomération,Hors intersection,Pluie légère,Autre collision,,,,,,,,,,,3,1,1,2,6
200500054055,0005-09-29 20:45:00,5,9,29,20,45,800,595.0,13 Grande Rue,49.746,2.517,Nuit avec éclairage allumé,En agglomération,Hors intersection,Normale,Autre collision,,,,,,,,,,,5,2,1,1,6
200500054056,0005-09-11 12:45:00,5,9,11,12,45,800,557.0,,,,Plein jour,Hors agglomération,Intersection en X,Normale,Deux véhicules - côté,,,,,,,,,,,1,1,2,1,3
200500054057,0005-09-14 14:00:00,5,9,14,14,0,800,620.0,,49.95,2.94,Plein jour,Hors agglomération,Hors intersection,Normale,Deux véhicules - frontale,,,,,,,,,,,1,1,1,1,1
200500054058,0005-09-24 21:45:00,5,9,24,21,45,800,601.0,24 ROUTE NATIONALE,,,Nuit avec éclairage allumé,En agglomération,Hors intersection,Normale,Autre collision,,,,,,,,,,,5,2,1,1,6
200500054059,0005-09-03 08:00:00,5,9,3,8,0,800,16.0,,,,Plein jour,Hors agglomération,Hors intersection,Normale,Deux véhicules - frontale,,,,,,,,,,,1,1,1,1,1
200500054060,0005-09-13 18:30:00,5,9,13,18,30,800,16.0,Place d'Armes,,,Plein jour,En agglomération,Hors intersection,Normale,Autre collision,,,,,,,,,,,1,2,1,1,6
200500054061,0005-09-30 14:00:00,5,9,30,14,0,800,16.0,,,,Plein jour,Hors agglomération,Hors intersection,Pluie légère,Sans collision,,,,,,,,,,,1,1,1,2,7
200500054062,0005-09-11 09:45:00,5,9,11,9,45,800,593.0,,,,Nuit sans éclairage public,Hors agglomération,Hors intersection,Normale,Sans collision,,,,,,,,,,,3,1,1,1,7
200500054063,0005-09-17 18:00:00,5,9,17,18,0,800,694.0,,49.92,2.58,Plein jour,En agglomération,Hors intersection,Normale,Deux véhicules - frontale,,,,,,,,,,,1,2,1,1,1
200500054064,0005-09-21 01:45:00,5,9,21,1,45,800,680.0,,,,Nuit avec éclairage allumé,En agglomération,Hors intersection,Normale,Autre collision,,,,,,,,,,,5,2,1,1,6
200500054065,0005-09-03 09:15:00,5,9,3,9,15,800,442.0,5 ruelle de la Basure,49.756,3.026,Plein jour,En agglomération,Hors intersection,Normale,Autre collision,,,,,,,,,,,1,2,1,1,6
200500054066,0005-09-16 23:30:00,5,9,16,23,30,800,34.0,7 RUE DE FOURQUES,,,Nuit avec éclairage allumé,En agglomération,Hors intersection,Normale,Autre collision,,,,,,,,,,,5,2,1,1,6
200500054067,0005-09-03 05:45:00,5,9,3,5,45,20,156.0,,,,Nuit sans éclairage public,Hors agglomération,Hors intersection,Normale,Sans collision,,,,,,,,,,,3,1,1,1,7
200500054068,0005-09-04 10:30:00,5,9,4,10,30,20,821.0,avenue d'Emptinne,,,Plein jour,En agglomération,Hors intersection,Normale,Deux véhicules - côté,,,,,,,,,,,1,2,1,1,3
200500054069,0005-09-11 18:30:00,5,9,11,18,30,20,560.0,,,,Plein jour,Hors agglomération,Hors intersection,Normale,Deux véhicules - côté,,,,,,,,,,,1,1,1,1,3
200500054070,0005-09-21 08:45:00,5,9,21,8,45,20,80.0,,,,Plein jour,Hors agglomération,Hors intersection,Normale,Trois véhicules et plus - en chaîne,,,,,,,,,,,1,1,1,1,4
200500054071,0005-09-26 18:00:00,5,9,26,18,0,20,560.0,,,,Plein jour,Hors agglomération,Hors intersection,Normale,Deux véhicules - frontale,,,,,,,,,,,1,1,1,1,1
200500054072,0005-09-30 21:00:00,5,9,30,21,0,20,338.0,,,,Nuit sans éclairage public,Hors agglomération,Hors intersection,Pluie légère,Trois véhicules et plus - en chaîne,,,,,,,,,,,3,1,1,2,4
200500054073,0005-09-05 16:00:00,5,9,5,16,0,20,173.0,rue anciens combattants,,,Plein jour,En agglomération,Autre intersection,Pluie forte,Autre collision,,,,,,,,,,,1,2,9,3,6
200500054074,0005-09-10 21:30:00,5,9,10,21,30,20,16.0,42 rue Principale,,,Nuit avec éclairage allumé,En agglomération,Hors intersection,Temps couvert,Deux véhicules - frontale,,,,,,,,,,,5,2,1,8,1
200500054075,0005-09-12 20:15:00,5,9,12,20,15,20,173.0,bd bad kostritz,,,Crépuscule ou aube,En agglomération,Hors intersection,Normale,Autre collision,,,,,,,,,,,2,2,1,1,6
200500054076,0005-09-16 10:00:00,5,9,16,10,0,20,716.0,,,,Plein jour,Hors agglomération,Hors intersection,Autre,Sans collision,,,,,,,,,,,1,1,1,9,7
200500054077,0005-09-22 17:30:00,5,9,22,17,30,20,173.0,PLACE BOUZIER,49.621,3.214,Plein jour,En agglomération,Hors intersection,Normale,Autre collision,,,,,,,,,,,1,2,1,1,6
200500054078,0005-09-23 17:45:00,5,9,23,17,45,20,173.0,RUE DE LA PAIX,,,Plein jour,En agglomération,Hors intersection,Normale,Deux véhicules - côté,,,,,,,,,,,1,2,1,1,3
200500054079,0005-09-30 08:45:00,5,9,30,8,45,20,820.0,,,,Plein jour,Hors agglomération,Autre intersection,Pluie légère,Autre collision,,,,,,,,,,,1,1,9,2,6
200500054080,0005-09-08 06:45:00,5,9,8,6,45,20,748.0,,49.081,3.614,Crépuscule ou aube,Hors agglomération,Autre intersection,Normale,Deux véhicules - frontale,,,,,,,,,,,2,1,9,1,1
200500054081,0005-09-29 16:45:00,5,9,29,16,45,20,187.0,,49.034,3.441,Plein jour,Hors agglomération,Hors intersection,Normale,Sans collision,,,,,,,,,,,1,1,1,1,7
200500054082,0005-09-23 11:30:00,5,9,23,11,30,20,307.0,,,,Plein jour,Hors agglomération,Hors intersection,Normale,Deux véhicules - frontale,,,,,,,,,,,1,1,1,1,1
200500054083,0005-09-26 08:00:00,5,9,26,8,0,20,726.0,Hameau de Malakoff,,,Plein jour,En agglomération,Hors intersection,Normale,Deux véhicules - côté,,,,,,,,,,,1,2,1,1,3
200500054084,0005-09-25 17:00:00,5,9,25,17,0,20,9.0,,,,Plein jour,Hors agglomération,Autre intersection,Normale,Sans collision,,,,,,,,,,,1,1,9,1,7
200500054085,0005-09-26 13:15:00,5,9,26,13,15,20,131.0,,,,Plein jour,Hors agglomération,Hors intersection,Normale,Deux véhicules - frontale,,,,,,,,,,,1,1,1,1,1
200500054086,0005-09-07 14:45:00,5,9,7,14,45,20,581.0,,,,Plein jour,Hors agglomération,Hors intersection,Normale,Trois véhicules et plus - collisions multiples,,,,,,,,,,,1,1,1,1,5
200500054087,0005-09-16 10:00:00,5,9,16,10,0,20,581.0,,,,Plein jour,Hors agglomération,Hors intersection,Pluie légère,Deux véhicules - frontale,,,,,,,,,,,1,1,1,2,1
200500054088,0005-09-25 17:45:00,5,9,25,17,45,20,734.0,,,,Plein jour,Hors agglomération,Hors intersection,Normale,Deux véhicules - frontale,,,,,,,,,,,1,1,1,1,1
200500054089,0005-09-11 08:45:00,5,9,11,8,45,20,295.0,,49.903,3.904,Plein jour,Hors agglomération,Hors intersection,Pluie légère,Autre collision,,,,,,,,,,,1,1,1,2,6
200500054090,0005-09-22 16:15:00,5,9,22,16,15,20,558.0,route de prisches,,,Plein jour,Hors agglomération,Hors intersection,Normale,Sans collision,,,,,,,,,,,1,1,1,1,7
200500054091,0005-09-26 23:45:00,5,9,26,23,45,20,135.0,,,,Nuit sans éclairage public,Hors agglomération,Hors intersection,Normale,Autre collision,,,,,,,,,,,3,1,1,1,6
200500054092,0005-09-06 12:15:00,5,9,6,12,15,20,386.0,,49.969,3.646,Plein jour,Hors agglomération,Hors intersection,Normale,Deux véhicules - arrière,,,,,,,,,,,1,1,1,1,2
200500054093,0005-09-23 16:30:00,5,9,23,16,30,20,469.0,rue de chigny,,,Plein jour,En agglomération,Hors intersection,Normale,Deux véhicules - côté,,,,,,,,,,,1,2,1,1,3
200500054094,0005-09-03 19:45:00,5,9,3,19,45,20,134.0,2 rue Henri Monnier,,,Plein jour,En agglomération,Hors intersection,Normale,Autre collision,,,,,,,,,,,1,2,1,1,6
200500054095,0005-09-23 13:45:00,5,9,23,13,45,20,381.0,66 RUE CHARLES DE GAULLE,49.926,4.085,Plein jour,En agglomération,Hors intersection,Normale,Autre collision,,,,,,,,,,,1,2,1,1,6
200500054096,0005-09-27 16:30:00,5,9,27,16,30,20,405.0,,49.862,4.036,Plein jour,Hors agglomération,Hors intersection,Pluie légère,Deux véhicules - côté,,,,,,,,,,,1,1,1,2,3
200500054097,0005-09-07 00:45:00,5,9,7,0,45,600,251.0,,,,Nuit sans éclairage public,Hors agglomération,Hors intersection,Normale,Autre collision,,,,,,,,,,,3,1,1,1,6
200500054098,0005-09-20 17:45:00,5,9,20,17,45,600,628.0,,,,Plein jour,Hors agglomération,Hors intersection,Normale,Deux véhicules - arrière,,,,,,,,,,,1,1,1,1,2
200500054099,0005-09-24 21:15:00,5,9,24,21,15,600,103.0,Rue du Général de Gaulle,,,Nuit avec éclairage allumé,En agglomération,Intersection en X,Pluie légère,Deux véhicules - côté,,,,,,,,,,,5,2,2,2,3
200500054100,0005-09-05 07:05:00,5,9,5,7,5,600,681.0,D2,,,Plein jour,Hors agglomération,Hors intersection,Pluie légère,Deux véhicules - frontale,,,,,,,,,,,1,1,1,2,1
200500054101,0005-09-13 00:20:00,5,9,13,0,20,600,333.0,501 - route de Savignies,,,Nuit sans éclairage public,Hors agglomération,Hors intersection,Temps couvert,Autre collision,,,,,,,,,,,3,1,1,8,6
200500054102,0005-09-21 07:20:00,5,9,21,7,20,600,591.0,RN31,,,Crépuscule ou aube,En agglomération,Hors intersection,Brouillard / fumée,Autre collision,,,,,,,,,,,2,2,1,5,6
200500054103,0005-09-27 16:00:00,5,9,27,16,0,600,220.0,"RN 31, les Landrons",49.444,1.873,Plein jour,En agglomération,Hors intersection,Pluie légère,Deux véhicules - côté,,,,,,,,,,,1,2,1,2,3
200500054104,0005-09-08 08:45:00,5,9,8,8,45,600,143.0,RUE DE LA REPUBLIQUE,,,Plein jour,En agglomération,Hors intersection,Normale,Deux véhicules - frontale,,,,,,,,,,,1,2,1,1,1
200500054105,0005-09-20 11:30:00,5,9,20,11,30,600,644.0,52 rue nationale,,,Plein jour,En agglomération,Hors intersection,Normale,Trois véhicules et plus - collisions multiples,,,,,,,,,,,1,2,1,1,5
200500054106,0005-09-15 02:15:00,5,9,15,2,15,600,98.0,CD124,,,Nuit avec éclairage allumé,En agglomération,Hors intersection,Normale,Autre collision,,,,,,,,,,,5,2,1,1,6
200500054107,0005-09-30 18:15:00,5,9,30,18,15,600,699.0,,,,Crépuscule ou aube,Hors agglomération,Hors intersection,Pluie légère,Deux véhicules - frontale,,,,,,,,,,,2,1,1,2,1
200500054108,0005-09-05 17:30:00,5,9,5,17,30,600,620.0,,,,Plein jour,Hors agglomération,Hors intersection,Normale,Autre collision,,,,,,,,,,,1,1,1,1,6
200500054109,0005-09-17 05:40:00,5,9,17,5,40,600,469.0,route nationale 1,,,Nuit sans éclairage public,Hors agglomération,Hors intersection,Normale,Deux véhicules - frontale,,,,,,,,,,,3,1,1,1,1
200500054110,0005-09-13 12:30:00,5,9,13,12,30,600,559.0,,,,Plein jour,Hors agglomération,Intersection en X,Normale,Deux véhicules - côté,,,,,,,,,,,1,1,2,1,3
200500054111,0005-09-19 09:15:00,5,9,19,9,15,600,234.0,,,,Plein jour,Hors agglomération,Hors intersection,Normale,Deux véhicules - côté,,,,,,,,,,,1,1,1,1,3
200500054112,0005-09-19 14:00:00,5,9,19,14,0,600,457.0,,49.533,2.193,Crépuscule ou aube,Hors agglomération,Intersection en X,Normale,Deux véhicules - frontale,,,,,,,,,,,2,1,2,1,1
200500054113,0005-09-20 13:45:00,5,9,20,13,45,600,104.0,RN1,49.63,2.29,Plein jour,En agglomération,Hors intersection,Normale,Deux véhicules - côté,,,,,,,,,,,1,2,1,1,3
200500054114,0005-09-09 06:45:00,5,9,9,6,45,600,134.0,,,,Plein jour,Hors agglomération,Hors intersection,Normale,Trois véhicules et plus - collisions multiples,,,,,,,,,,,1,1,1,1,5
200500054115,0005-09-09 07:50:00,5,9,9,7,50,600,524.0,RN 16,,,Plein jour,Hors agglomération,Hors intersection,Normale,Deux véhicules - côté,,,,,,,,,,,1,1,1,1,3
200500054116,0005-09-16 20:15:00,5,9,16,20,15,600,6.0,,49.327,2.598,Nuit sans éclairage public,Hors agglomération,Hors intersection,Normale,Autre collision,,,,,,,,,,,3,1,1,1,6
200500054117,0005-09-24 20:45:00,5,9,24,20,45,600,539.0,rrefour CD 123 et CD 200,49.304,2.52,Nuit sans éclairage public,Hors agglomération,Intersection en X,Normale,Deux véhicules - côté,,,,,,,,,,,3,1,2,1,3
200500054118,0005-09-16 12:00:00,5,9,16,12,0,600,439.0,rue du 11 novembre 1918,49.31,2.32,Plein jour,En agglomération,Hors intersection,Pluie légère,Deux véhicules - arrière,,,,,,,,,,,1,2,1,2,2
200500054119,0005-09-11 06:30:00,5,9,11,6,30,600,15.0,,49.35,2.34,Nuit sans éclairage public,Hors agglomération,Hors intersection,Normale,Sans collision,,,,,,,,,,,3,1,1,1,7
200500054120,0005-09-06 07:30:00,5,9,6,7,30,600,167.0,RUE DE SOISSONS,,,Crépuscule ou aube,En agglomération,Hors intersection,Normale,Deux véhicules - côté,,,,,,,,,,,2,2,1,1,3
200500054121,0005-09-30 13:00:00,5,9,30,13,0,600,145.0,,,,Plein jour,Hors agglomération,Hors intersection,Normale,Sans collision,,,,,,,,,,,1,1,1,1,7
200500054122,0005-09-02 17:30:00,5,9,2,17,30,600,119.0,roiute nationale,49.506,2.904,Plein jour,En agglomération,Hors intersection,Normale,Autre collision,,,,,,,,,,,1,2,1,1,6
200500054123,0005-09-05 20:30:00,5,9,5,20,30,600,537.0,RUE PIERRE ET MARIE CURI,49.514,2.932,Nuit sans éclairage public,En agglomération,Hors intersection,Normale,Sans collision,,,,,,,,,,,3,2,1,1,7
200500054124,0005-09-16 07:45:00,5,9,16,7,45,600,150.0,,49.542,2.949,Plein jour,Hors agglomération,Hors intersection,Pluie légère,Deux véhicules - frontale,,,,,,,,,,,1,1,1,2,1
200500054125,0005-09-13 06:00:00,5,9,13,6,0,600,325.0,,49.413,2.771,Nuit sans éclairage public,Hors agglomération,Hors intersection,Normale,Deux véhicules - côté,,,,,,,,,,,3,1,1,1,3
200500054126,0005-09-13 07:30:00,5,9,13,7,30,600,369.0,,49.321,2.722,Crépuscule ou aube,Hors agglomération,Hors intersection,Normale,Deux véhicules - arrière,,,,,,,,,,,2,1,1,1,2
200500054127,0005-09-13 11:30:00,5,9,13,11,30,600,441.0,,49.408,2.65,Plein jour,Hors agglomération,Giratoire,Normale,Deux véhicules - arrière,,,,,,,,,,,1,1,6,1,2
200500054128,0005-09-27 19:00:00,5,9,27,19,0,600,434.0,,49.572,2.7,Plein jour,Hors agglomération,Hors intersection,Pluie légère,Sans collision,,,,,,,,,,,1,1,1,2,7
200500054129,0005-09-09 18:30:00,5,9,9,18,30,600,471.0,,49.573,3.002,Plein jour,Hors agglomération,Hors intersection,Normale,Trois véhicules et plus - en chaîne,,,,,,,,,,,1,1,1,1,4
200500054130,0005-09-22 14:30:00,5,9,22,14,30,600,471.0,RUE DES MERCIERS,49.586,3.003,Plein jour,En agglomération,Hors intersection,Normale,Deux véhicules - arrière,,,,,,,,,,,1,2,1,1,2
200500054131,0005-09-05 18:40:00,5,9,5,18,40,570,323.0,106 rue du Gén de Gaulle,,,Plein jour,En agglomération,Hors intersection,Normale,Deux véhicules - arrière,,,,,,,,,,,1,2,1,1,2
200500054132,0005-09-27 16:30:00,5,9,27,16,30,570,557.0,veau de l'école primaire,,,Plein jour,En agglomération,Intersection en X,Normale,Deux véhicules - côté,,,,,,,,,,,1,2,2,1,3
200500054133,0005-09-10 20:00:00,5,9,10,20,0,600,612.0,avenue de la République,,,Plein jour,En agglomération,Intersection en T,Normale,Deux véhicules - arrière,,,,,,,,,,,1,2,3,1,2
200500054134,0005-09-16 13:30:00,5,9,16,13,30,600,612.0,rue de villevert,,,Plein jour,En agglomération,Intersection en X,Normale,Sans collision,,,,,,,,,,,1,2,2,1,7
200500054135,0005-09-20 13:30:00,5,9,20,13,30,600,682.0,,,,Plein jour,Hors agglomération,Intersection en T,Normale,Deux véhicules - côté,,,,,,,,,,,1,1,3,1,3
200500054136,0005-09-20 06:00:00,5,9,20,6,0,600,79.0,,,,Crépuscule ou aube,Hors agglomération,Hors intersection,Normale,Sans collision,,,,,,,,,,,2,1,1,1,7
200500054137,0005-09-06 01:00:00,5,9,6,1,0,600,517.0,RUE DE L EQUIPEE,,,Nuit sans éclairage public,En agglomération,Hors intersection,Normale,Autre collision,,,,,,,,,,,3,2,1,1,6
200500054138,0005-09-27 18:45:00,5,9,27,18,45,600,139.0,,,,Plein jour,Hors agglomération,Hors intersection,Pluie légère,Deux véhicules - frontale,,,,,,,,,,,1,1,1,2,1
200500054139,0005-09-01 17:45:00,5,9,1,17,45,600,282.0,,49.197,2.418,Plein jour,Hors agglomération,Hors intersection,Normale,Autre collision,,,,,,,,,,,1,1,1,1,6
200500054140,0005-09-03 11:30:00,5,9,3,11,30,600,346.0,95 AV DE LA LIBERATION,49.161,2.446,Plein jour,En agglomération,Hors intersection,Normale,Autre collision,,,,,,,,,,,1,2,1,1,6
200500054141,0005-09-10 13:00:00,5,9,10,13,0,600,346.0,,49.176,2.441,Plein jour,Hors agglomération,Hors intersection,Pluie légère,Deux véhicules - frontale,,,,,,,,,,,1,1,1,2,1
200500054142,0005-09-12 11:30:00,5,9,12,11,30,600,141.0,ROUTE DE GOUVIEUX,,,Plein jour,En agglomération,Autre intersection,Normale,Autre collision,,,,,,,,,,,1,2,9,1,6
200500054143,0005-09-20 22:15:00,5,9,20,22,15,600,658.0,,49.244,3.016,Nuit sans éclairage public,Hors agglomération,Hors intersection,Normale,Deux véhicules - arrière,,,,,,,,,,,3,1,1,1,2
200500054144,0005-09-19 21:30:00,5,9,19,21,30,600,341.0,RN330,,,Nuit sans éclairage public,En agglomération,Hors intersection,Normale,Deux véhicules - côté,,,,,,,,,,,3,2,1,1,3
200500054145,0005-09-10 14:00:00,5,9,10,14,0,600,509.0,RUE DU 8 MAI 1945,,,Plein jour,En agglomération,Hors intersection,Pluie légère,Autre collision,,,,,,,,,,,1,2,1,2,6
200500054146,0005-09-23 11:15:00,5,9,23,11,15,600,509.0,RN 17,,,Plein jour,En agglomération,Hors intersection,Normale,Deux véhicules - côté,,,,,,,,,,,1,2,1,1,3
200500054147,0005-09-07 18:00:00,5,9,7,18,0,760,177.0,,49.605,1.179,Plein jour,Hors agglomération,Intersection en X,Normale,Trois véhicules et plus - collisions multiples,,,,,,,,,,,1,1,2,1,5
200500054148,0005-09-22 15:30:00,5,9,22,15,30,760,271.0,,,,Plein jour,Hors agglomération,Hors intersection,Normale,Deux véhicules - arrière,,,,,,,,,,,1,1,1,1,2
200500054149,0005-09-07 02:00:00,5,9,7,2,0,760,572.0,,49.879,0.958,Plein jour,En agglomération,Hors intersection,Normale,Deux véhicules - arrière,,,,,,,,,,,1,2,1,1,2
200500054150,0005-09-18 07:30:00,5,9,18,7,30,760,327.0,,,,Plein jour,Hors agglomération,Hors intersection,Normale,Autre collision,,,,,,,,,,,1,1,1,1,6
200500054151,0005-09-17 19:15:00,5,9,17,19,15,760,191.0,Carrefour CD 296 et C2,,,Plein jour,En agglomération,Intersection en X,Normale,Deux véhicules - côté,,,,,,,,,,,1,2,2,1,3
200500054152,0005-09-27 15:50:00,5,9,27,15,50,760,249.0,CD 25,,,Plein jour,Hors agglomération,Hors intersection,Temps couvert,Deux véhicules - côté,,,,,,,,,,,1,1,1,8,3
200500054153,0005-09-25 05:15:00,5,9,25,5,15,760,464.0,,49.389,1.26,Nuit sans éclairage public,Hors agglomération,Hors intersection,Normale,Autre collision,,,,,,,,,,,3,1,1,1,6
200500054154,0005-09-17 20:15:00,5,9,17,20,15,760,614.0,ROUTE DE QUEVILLON,49.446,0.965,Nuit avec éclairage allumé,En agglomération,Hors intersection,Normale,Autre collision,,,,,,,,,,,5,2,1,1,6
200500054155,0005-09-30 20:30:00,5,9,30,20,30,760,305.0,,,,Nuit sans éclairage public,Hors agglomération,Hors intersection,Pluie légère,Deux véhicules - côté,,,,,,,,,,,3,1,1,2,3
200500054156,0005-09-06 19:15:00,5,9,6,19,15,760,21.0,,,,Plein jour,Hors agglomération,Hors intersection,Normale,Deux véhicules - côté,,,,,,,,,,,1,1,1,1,3
200500054157,0005-09-22 08:00:00,5,9,22,8,0,760,650.0,,49.617,0.292,Crépuscule ou aube,Hors agglomération,Hors intersection,Normale,Deux véhicules - côté,,,,,,,,,,,2,1,1,1,3
200500054158,0005-09-19 18:00:00,5,9,19,18,0,760,751.0,,,,Plein jour,Hors agglomération,Hors intersection,Normale,Deux véhicules - côté,,,,,,,,,,,1,1,1,1,3
200500054159,0005-09-20 14:30:00,5,9,20,14,30,760,182.0,,49.683,0.657,Plein jour,Hors agglomération,Hors intersection,Temps couvert,Autre collision,,,,,,,,,,,1,1,1,8,6
200500054160,0005-09-02 07:45:00,5,9,2,7,45,760,660.0,,,,Plein jour,Hors agglomération,Hors intersection,Normale,Deux véhicules - frontale,,,,,,,,,,,1,1,1,1,1
200500054161,0005-09-18 19:00:00,5,9,18,19,0,760,714.0,,49.555,0.432,Plein jour,En agglomération,Giratoire,Normale,Deux véhicules - arrière,,,,,,,,,,,1,2,6,1,2
200500054162,0005-09-20 14:15:00,5,9,20,14,15,760,276.0,avenue des sources,,,Plein jour,En agglomération,Hors intersection,Normale,Autre collision,,,,,,,,,,,1,2,1,1,6
200500054163,0005-09-04 20:45:00,5,9,4,20,45,760,463.0,,,,Nuit sans éclairage public,Hors agglomération,Hors intersection,Normale,Autre collision,,,,,,,,,,,3,1,1,1,6
200500054164,0005-09-08 08:50:00,5,9,8,8,50,760,263.0,rn 31,49.468,1.472,Plein jour,Hors agglomération,Hors intersection,Temps éblouissant,Sans collision,,,,,,,,,,,1,1,1,7,7
200500054165,0005-09-16 23:45:00,5,9,16,23,45,760,67.0,27 rue pihan,,,Nuit sans éclairage public,En agglomération,Hors intersection,Normale,Autre collision,,,,,,,,,,,3,2,1,1,6
200500054166,0005-09-23 18:00:00,5,9,23,18,0,760,469.0,,,,Crépuscule ou aube,Hors agglomération,Hors intersection,Normale,Deux véhicules - frontale,,,,,,,,,,,2,1,1,1,1
200500054167,0005-09-24 20:40:00,5,9,24,20,40,760,463.0,route de vardes,,,Nuit avec éclairage allumé,Hors agglomération,Hors intersection,Normale,Deux véhicules - frontale,,,,,,,,,,,5,1,1,1,1
200500054168,0005-09-11 15:10:00,5,9,11,15,10,760,610.0,Route Nationale 15,,,Plein jour,En agglomération,Hors intersection,Normale,Deux véhicules - côté,,,,,,,,,,,1,2,1,1,3
200500054169,0005-09-02 16:45:00,5,9,2,16,45,760,91.0,,,,Plein jour,Hors agglomération,Hors intersection,Normale,Deux véhicules - frontale,,,,,,,,,,,1,1,1,1,1
200500054170,0005-09-24 04:30:00,5,9,24,4,30,760,757.0,,,,Nuit sans éclairage public,Hors agglomération,Hors intersection,Brouillard / fumée,Deux véhicules - côté,,,,,,,,,,,3,1,1,5,3
200500054171,0005-09-25 20:00:00,5,9,25,20,0,760,597.0,14 RUE DU CALVAIRE,49.755,0.886,Crépuscule ou aube,En agglomération,Hors intersection,Normale,Autre collision,,,,,,,,,,,2,2,1,1,6
200500054172,0005-09-24 04:15:00,5,9,24,4,15,270,306.0,,48.981,1.194,Crépuscule ou aube,Hors agglomération,Hors intersection,Pluie légère,Trois véhicules et plus - collisions multiples,,,,,,,,,,,2,1,1,2,5
200500054173,0005-09-26 12:45:00,5,9,26,12,45,270,229.0,,49.032,1.188,Plein jour,Hors agglomération,Hors intersection,Normale,Deux véhicules - arrière,,,,,,,,,,,1,1,1,1,2
200500054174,0005-09-27 06:45:00,5,9,27,6,45,270,82.0,,48.999,1.032,Crépuscule ou aube,Hors agglomération,Hors intersection,Normale,Deux véhicules - frontale,,,,,,,,,,,2,1,1,1,1
200500054175,0005-09-29 09:45:00,5,9,29,9,45,270,464.0,CD 51,48.951,1.117,Plein jour,Hors agglomération,Hors intersection,Normale,Sans collision,,,,,,,,,,,1,1,1,1,7
200500054176,0005-09-19 17:15:00,5,9,19,17,15,270,177.0,CD 547,,,Plein jour,Hors agglomération,Hors intersection,Normale,Deux véhicules - frontale,,,,,,,,,,,1,1,1,1,1
200500054177,0005-09-20 10:10:00,5,9,20,10,10,270,277.0,ROUTE DE ST GERMAIN,,,Plein jour,En agglomération,Hors intersection,Normale,Deux véhicules - frontale,,,,,,,,,,,1,2,1,1,1