accident_id,datetime,annee,mois,jour,heure,minute,departement,commune_insee,adresse,latitude,longitude,luminosite,agglomeration,intersection,meteo,collision,nb_vehicules,nb_usagers,nb_indemnes,nb_tues,nb_blesses_hosp,nb_blesses_legers,age_cond_1,age_cond_2,veh_type_cond_1,veh_type_cond_2,lum_code,agg_code,int_code,atm_code,col_code
200500054178,0005-09-24 22:50:00,5,9,24,22,50,270,378.0,RN12,,,Nuit avec éclairage allumé,Hors agglomération,Hors intersection,Normale,Deux véhicules - côté,,,,,,,,,,,5,1,1,1,3
200500054179,0005-09-30 18:15:00,5,9,30,18,15,270,438.0,ROUTE DE DAMVILLE,48.783,1.188,Plein jour,En agglomération,Hors intersection,Normale,Deux véhicules - frontale,,,,,,,,,,,1,2,1,1,1
200500054180,0005-09-17 15:00:00,5,9,17,15,0,270,355.0,rue du 11 novembre,,,Plein jour,En agglomération,Hors intersection,Normale,Deux véhicules - côté,,,,,,,,,,,1,2,1,1,3
200500054181,0005-09-19 15:30:00,5,9,19,15,30,270,112.0,"191, rue jacques OLRY",48.841,0.917,Plein jour,En agglomération,Hors intersection,Normale,Autre collision,,,,,,,,,,,1,2,1,1,6
200500054182,0005-09-04 07:00:00,5,9,4,7,0,270,70.0,19 route des andelys ham,,,Crépuscule ou aube,En agglomération,Hors intersection,Normale,Autre collision,,,,,,,,,,,2,2,1,1,6
200500054183,0005-09-19 07:30:00,5,9,19,7,30,270,97.0,,,,Crépuscule ou aube,Hors agglomération,Hors intersection,Brouillard / fumée,Deux véhicules - côté,,,,,,,,,,,2,1,1,5,3
200500054184,0005-09-19 19:15:00,5,9,19,19,15,270,279.0,face au 67 rue de vernon,49.092,1.599,Plein jour,En agglomération,Hors intersection,Normale,Deux véhicules - frontale,,,,,,,,,,,1,2,1,1,1
200500054185,0005-09-22 10:45:00,5,9,22,10,45,270,644.0,,,,Plein jour,Hors agglomération,Intersection en X,Normale,Deux véhicules - côté,,,,,,,,,,,1,1,2,1,3
200500054186,0005-09-05 07:30:00,5,9,5,7,30,270,246.0,,,,Crépuscule ou aube,En agglomération,Hors intersection,Normale,Autre collision,,,,,,,,,,,2,2,1,1,6
200500054187,0005-09-27 12:45:00,5,9,27,12,45,270,12.0,,,,Plein jour,Hors agglomération,Hors intersection,Pluie légère,Deux véhicules - côté,,,,,,,,,,,1,1,1,2,3
200500054188,0005-09-16 14:30:00,5,9,16,14,30,270,56.0,AVENUE DE L'EUROPE,49.089,0.596,Plein jour,En agglomération,Autre intersection,Pluie légère,Deux véhicules - frontale,,,,,,,,,,,1,2,9,2,1
200500054189,0005-09-17 19:30:00,5,9,17,19,30,270,613.0,,49.106,0.487,Plein jour,Hors agglomération,Intersection en X,Temps éblouissant,Deux véhicules - frontale,,,,,,,,,,,1,1,2,7,1
200500054190,0005-09-21 08:30:00,5,9,21,8,30,270,239.0,,49.024,0.565,Plein jour,Hors agglomération,Hors intersection,Brouillard / fumée,Autre collision,,,,,,,,,,,1,1,1,5,6
200500054191,0005-09-27 10:00:00,5,9,27,10,0,270,46.0,,49.171,0.553,Plein jour,Hors agglomération,Hors intersection,Normale,Deux véhicules - arrière,,,,,,,,,,,1,1,1,1,2
200500054192,0005-09-12 19:30:00,5,9,12,19,30,270,51.0,,,,Plein jour,Hors agglomération,Hors intersection,Normale,Sans collision,,,,,,,,,,,1,1,1,1,7
200500054193,0005-09-17 14:00:00,5,9,17,14,0,270,592.0,,49.207,0.656,Plein jour,Hors agglomération,Intersection en X,Normale,Deux véhicules - côté,,,,,,,,,,,1,1,2,1,3
200500054194,0005-09-20 21:45:00,5,9,20,21,45,270,253.0,,,,Nuit sans éclairage public,Hors agglomération,Hors intersection,Normale,Sans collision,,,,,,,,,,,3,1,1,1,7
200500054195,0005-09-24 18:30:00,5,9,24,18,30,270,640.0,Rue du Tilleul,,,Plein jour,En agglomération,Hors intersection,Normale,Deux véhicules - côté,,,,,,,,,,,1,2,1,1,3
200500054196,0005-09-28 09:30:00,5,9,28,9,30,270,466.0,D31,,,Plein jour,Hors agglomération,Hors intersection,Temps éblouissant,Deux véhicules - arrière,,,,,,,,,,,1,1,1,7,2
200500054197,0005-09-30 07:30:00,5,9,30,7,30,270,95.0,,,,Nuit sans éclairage public,Hors agglomération,Hors intersection,Normale,Deux véhicules - côté,,,,,,,,,,,3,1,1,1,3
200500054198,0005-09-30 05:45:00,5,9,30,5,45,270,687.0,,49.176,1.286,Nuit sans éclairage public,Hors agglomération,Hors intersection,Normale,Deux véhicules - frontale,,,,,,,,,,,3,1,1,1,1
200500054199,0005-09-21 15:30:00,5,9,21,15,30,270,394.0,,49.278,1.075,Plein jour,Hors agglomération,Hors intersection,Normale,Sans collision,,,,,,,,,,,1,1,1,1,7
200500054200,0005-09-10 03:15:00,5,9,10,3,15,270,511.0,,,,Nuit sans éclairage public,Hors agglomération,Hors intersection,Normale,Sans collision,,,,,,,,,,,3,1,1,1,7
200500054201,0005-09-30 18:30:00,5,9,30,18,30,270,192.0,,,,Crépuscule ou aube,Hors agglomération,Intersection en X,Normale,Deux véhicules - côté,,,,,,,,,,,2,1,2,1,3
200500054202,0005-09-05 14:45:00,5,9,5,14,45,270,65.0,,,,Plein jour,Hors agglomération,Hors intersection,Normale,Autre collision,,,,,,,,,,,1,1,1,1,6
200500054203,0005-09-11 13:15:00,5,9,11,13,15,270,126.0,LE BOURG,,,Plein jour,En agglomération,Hors intersection,Pluie légère,Deux véhicules - frontale,,,,,,,,,,,1,2,1,2,1
200500054204,0005-09-12 02:00:00,5,9,12,2,0,270,65.0,,,,Nuit sans éclairage public,Hors agglomération,Hors intersection,Pluie légère,Deux véhicules - côté,,,,,,,,,,,3,1,1,2,3
200500054205,0005-09-02 18:00:00,5,9,2,18,0,270,228.0,,49.384,0.693,Plein jour,Hors agglomération,Intersection en X,Normale,Deux véhicules - côté,,,,,,,,,,,1,1,2,1,3
200500054206,0005-09-18 16:30:00,5,9,18,16,30,270,582.0,RUE DES CANADIENS,49.297,0.957,Plein jour,En agglomération,Intersection en T,Normale,Deux véhicules - côté,,,,,,,,,,,1,2,3,1,3
200500054207,0005-09-22 19:15:00,5,9,22,19,15,270,580.0,10 rue de la poste,49.364,0.892,Plein jour,En agglomération,Hors intersection,Normale,Deux véhicules - frontale,,,,,,,,,,,1,2,1,1,1
200500054208,0005-09-11 18:30:00,5,9,11,18,30,270,18.0,,49.322,0.634,Crépuscule ou aube,Hors agglomération,Hors intersection,Pluie légère,Sans collision,,,,,,,,,,,2,1,1,2,7
200500054209,0005-09-19 08:30:00,5,9,19,8,30,350,206.0,,,,Plein jour,Hors agglomération,Hors intersection,Normale,Deux véhicules - côté,,,,,,,,,,,1,1,1,1,3
200500054210,0005-09-07 10:15:00,5,9,7,10,15,350,296.0,,48.267,-1.719,Plein jour,Hors agglomération,Hors intersection,Normale,Deux véhicules - côté,,,,,,,,,,,1,1,1,1,3
200500054211,0005-09-08 18:15:00,5,9,8,18,15,350,177.0,,48.21,-1.75,Plein jour,Hors agglomération,Hors intersection,Normale,Deux véhicules - arrière,,,,,,,,,,,1,1,1,1,2
200500054212,0005-09-29 17:30:00,5,9,29,17,30,350,326.0,,48.335,-1.525,Plein jour,Hors agglomération,Intersection en X,Normale,Trois véhicules et plus - en chaîne,,,,,,,,,,,1,1,2,1,4
200500054213,0005-09-13 16:15:00,5,9,13,16,15,350,245.0,RUE DE GALERNE,,,Plein jour,En agglomération,Hors intersection,Normale,Autre collision,,,,,,,,,,,1,2,1,1,6
200500054214,0005-09-24 16:30:00,5,9,24,16,30,350,184.0,,,,Plein jour,Hors agglomération,Hors intersection,Normale,Deux véhicules - côté,,,,,,,,,,,1,1,1,1,3
200500054215,0005-09-04 14:45:00,5,9,4,14,45,350,223.0,,47.996,-2.088,Plein jour,Hors agglomération,Hors intersection,Normale,Deux véhicules - côté,,,,,,,,,,,1,1,1,1,3
200500054216,0005-09-07 14:00:00,5,9,7,14,0,350,188.0,RUE DU HENNAU,,,Plein jour,En agglomération,Hors intersection,Normale,Autre collision,,,,,,,,,,,1,2,1,1,6
200500054217,0005-09-13 20:30:00,5,9,13,20,30,350,340.0,,,,Nuit sans éclairage public,Hors agglomération,Hors intersection,Normale,Deux véhicules - arrière,,,,,,,,,,,3,1,1,1,2
200500054218,0005-09-21 12:45:00,5,9,21,12,45,350,40.0,LES AUTIEUX RENAULT,,,Plein jour,Hors agglomération,Hors intersection,Normale,Deux véhicules - frontale,,,,,,,,,,,1,1,1,1,1
200500054219,0005-09-30 18:45:00,5,9,30,18,45,350,223.0,Les Forges,,,Plein jour,Hors agglomération,Hors intersection,Pluie légère,Autre collision,,,,,,,,,,,1,1,1,2,6
200500054220,0005-09-09 16:00:00,5,9,9,16,0,350,76.0,"au lieu dit ""la source""",,,Plein jour,Hors agglomération,Hors intersection,Normale,Deux véhicules - côté,,,,,,,,,,,1,1,1,1,3
200500054221,0005-09-11 18:15:00,5,9,11,18,15,350,76.0,Les Villeneuves  RD34,,,Plein jour,Hors agglomération,Giratoire,Normale,Deux véhicules - frontale,,,,,,,,,,,1,1,6,1,1
200500054222,0005-09-06 13:45:00,5,9,6,13,45,350,21.0,,,,Plein jour,Hors agglomération,Hors intersection,Normale,Deux véhicules - arrière,,,,,,,,,,,1,1,1,1,2
200500054223,0005-09-14 18:15:00,5,9,14,18,15,350,137.0,,,,Plein jour,Hors agglomération,Hors intersection,Normale,Deux véhicules - côté,,,,,,,,,,,1,1,1,1,3
200500054224,0005-09-19 17:00:00,5,9,19,17,0,350,62.0,,,,Plein jour,Hors agglomération,Hors intersection,Normale,Deux véhicules - côté,,,,,,,,,,,1,1,1,1,3
200500054225,0005-09-04 01:30:00,5,9,4,1,30,350,253.0,,,,Nuit sans éclairage public,Hors agglomération,Hors intersection,Normale,Deux véhicules - frontale,,,,,,,,,,,3,1,1,1,1
200500054226,0005-09-22 14:00:00,5,9,22,14,0,350,253.0,Rue de Dinan,,,Plein jour,En agglomération,Intersection en T,Normale,Deux véhicules - frontale,,,,,,,,,,,1,2,3,1,1
200500054227,0005-09-25 15:15:00,5,9,25,15,15,350,164.0,,,,Plein jour,Hors agglomération,Hors intersection,Normale,Deux véhicules - frontale,,,,,,,,,,,1,1,1,1,1
200500054228,0005-09-28 08:15:00,5,9,28,8,15,350,75.0,,,,Plein jour,Hors agglomération,Intersection à plus de 4 branches,Temps éblouissant,Deux véhicules - côté,,,,,,,,,,,1,1,5,7,3
200500054229,0005-09-12 09:00:00,5,9,12,9,0,350,98.0,,47.782,-1.7,Plein jour,Hors agglomération,Hors intersection,Normale,Autre collision,,,,,,,,,,,1,1,1,1,6
200500054230,0005-09-23 19:20:00,5,9,23,19,20,350,123.0,Le Clairat,,,Plein jour,Hors agglomération,Hors intersection,Pluie légère,Sans collision,,,,,,,,,,,1,1,1,2,7
200500054231,0005-09-29 13:00:00,5,9,29,13,0,350,126.0,RUE DES GREES MADAME,47.972,-1.789,Plein jour,En agglomération,Intersection en T,Normale,Deux véhicules - côté,,,,,,,,,,,1,2,3,1,3
200500054232,0005-09-05 08:15:00,5,9,5,8,15,350,337.0,rue du point du jour,,,Plein jour,En agglomération,Hors intersection,Normale,Deux véhicules - côté,,,,,,,,,,,1,2,1,1,3
200500054233,0005-09-08 21:15:00,5,9,8,21,15,350,49.0,QUAI THOMAS,48.677,-1.848,Crépuscule ou aube,En agglomération,Giratoire,Normale,Autre collision,,,,,,,,,,,2,2,6,1,6
200500054234,0005-09-09 09:45:00,5,9,9,9,45,350,49.0,,,,Plein jour,Hors agglomération,Hors intersection,Normale,Sans collision,,,,,,,,,,,1,1,1,1,7
200500054235,0005-09-13 18:30:00,5,9,13,18,30,350,344.0,,,,Plein jour,Hors agglomération,Hors intersection,Normale,Sans collision,,,,,,,,,,,1,1,1,1,7
200500054236,0005-09-23 09:45:00,5,9,23,9,45,350,299.0,,48.656,-1.94,Plein jour,Hors agglomération,Hors intersection,Normale,Deux véhicules - côté,,,,,,,,,,,1,1,1,1,3
200500054237,0005-09-30 00:45:00,5,9,30,0,45,350,284.0,,,,Nuit sans éclairage public,Hors agglomération,Hors intersection,Normale,Trois véhicules et plus - collisions multiples,,,,,,,,,,,3,1,1,1,5
200500054238,0005-09-17 11:30:00,5,9,17,11,30,350,34.0,,48.524,-1.627,Plein jour,Hors agglomération,Hors intersection,Normale,Autre collision,,,,,,,,,,,1,1,1,1,6
200500054239,0005-09-18 01:45:00,5,9,18,1,45,350,85.0,rue de la renaissance,48.42,-1.746,Nuit sans éclairage public,En agglomération,Hors intersection,Normale,Autre collision,,,,,,,,,,,3,2,1,1,6
200500054240,0005-09-27 07:15:00,5,9,27,7,15,350,360.0,,,,Crépuscule ou aube,Hors agglomération,Intersection en X,Normale,Deux véhicules - côté,,,,,,,,,,,2,1,2,1,3
200500054241,0005-09-28 09:00:00,5,9,28,9,0,350,204.0,inel avec la rue de Chat,,,Plein jour,En agglomération,Hors intersection,Temps éblouissant,Deux véhicules - côté,,,,,,,,,,,1,2,1,7,3
200500054242,0005-09-01 15:15:00,5,9,1,15,15,350,88.0,rue de la république,,,Plein jour,En agglomération,Hors intersection,Temps couvert,Deux véhicules - frontale,,,,,,,,,,,1,2,1,8,1
200500054243,0005-09-03 10:30:00,5,9,3,10,30,350,239.0,PLACE ST PIERRE,,,Plein jour,En agglomération,Hors intersection,Normale,Autre collision,,,,,,,,,,,1,2,1,1,6
200500054244,0005-09-15 17:50:00,5,9,15,17,50,350,200.0,La reussardière,,,Plein jour,Hors agglomération,Hors intersection,Normale,Deux véhicules - côté,,,,,,,,,,,1,1,1,1,3
200500054245,0005-09-24 16:00:00,5,9,24,16,0,350,108.0,La Motte,,,Plein jour,Hors agglomération,Hors intersection,Normale,Sans collision,,,,,,,,,,,1,1,1,1,7
200500054246,0005-09-29 10:30:00,5,9,29,10,30,350,136.0,rue chanoine rossignole,,,Plein jour,En agglomération,Hors intersection,Normale,Autre collision,,,,,,,,,,,1,2,1,1,6
200500054247,0005-09-15 19:30:00,5,9,15,19,30,220,244.0,LE PONTO,,,Plein jour,Hors agglomération,Hors intersection,Pluie légère,Deux véhicules - frontale,,,,,,,,,,,1,1,1,2,1
200500054248,0005-09-27 06:15:00,5,9,27,6,15,220,109.0,,,,Nuit sans éclairage public,Hors agglomération,Hors intersection,Pluie légère,Deux véhicules - frontale,,,,,,,,,,,3,1,1,2,1
200500054249,0005-09-04 07:00:00,5,9,4,7,0,220,389.0,le grenier,48.47,-2.699,Crépuscule ou aube,Hors agglomération,Hors intersection,Normale,Autre collision,,,,,,,,,,,2,1,1,1,6
200500054250,0005-09-11 01:15:00,5,9,11,1,15,220,98.0,,48.43,-2.565,Nuit sans éclairage public,Hors agglomération,Hors intersection,Normale,Sans collision,,,,,,,,,,,3,1,1,1,7
200500054251,0005-09-12 14:15:00,5,9,12,14,15,220,93.0,RUE DU GENERAL DE GAULLE,,,Plein jour,En agglomération,Hors intersection,Normale,Autre collision,,,,,,,,,,,1,2,1,1,6
200500054252,0005-09-21 17:45:00,5,9,21,17,45,220,93.0,rue général de gaulle,,,Plein jour,En agglomération,Hors intersection,Normale,Deux véhicules - arrière,,,,,,,,,,,1,2,1,1,2
200500054253,0005-09-28 10:30:00,5,9,28,10,30,220,93.0,,48.497,-2.478,Plein jour,Hors agglomération,Hors intersection,Normale,Trois véhicules et plus - collisions multiples,,,,,,,,,,,1,1,1,1,5
200500054254,0005-09-29 18:20:00,5,9,29,18,20,220,93.0,Rue Charles CARTEL,48.473,-2.513,Plein jour,En agglomération,Autre intersection,Normale,Deux véhicules - frontale,,,,,,,,,,,1,2,9,1,1
200500054255,0005-09-16 08:45:00,5,9,16,8,45,220,153.0,cd 768,48.363,-2.639,Plein jour,En agglomération,Hors intersection,Pluie légère,Deux véhicules - frontale,,,,,,,,,,,1,2,1,2,1
200500054256,0005-09-11 15:00:00,5,9,11,15,0,220,59.0,,48.409,-2.919,Plein jour,Hors agglomération,Hors intersection,Normale,Autre collision,,,,,,,,,,,1,1,1,1,6
200500054257,0005-09-10 19:15:00,5,9,10,19,15,220,97.0,,,,Plein jour,Hors agglomération,Hors intersection,Normale,Sans collision,,,,,,,,,,,1,1,1,1,7
200500054258,0005-09-02 09:45:00,5,9,2,9,45,220,337.0,,,,Plein jour,Hors agglomération,Hors intersection,Normale,Autre collision,,,,,,,,,,,1,1,1,1,6
200500054259,0005-09-11 10:45:00,5,9,11,10,45,220,305.0,,,,Plein jour,Hors agglomération,Intersection en X,Normale,Deux véhicules - côté,,,,,,,,,,,1,1,2,1,3
200500054260,0005-09-16 16:15:00,5,9,16,16,15,220,341.0,,,,Plein jour,Hors agglomération,Hors intersection,Temps couvert,Deux véhicules - côté,,,,,,,,,,,1,1,1,8,3
200500054261,0005-09-28 18:15:00,5,9,28,18,15,220,20.0,,,,Plein jour,Hors agglomération,Hors intersection,Normale,Deux véhicules - frontale,,,,,,,,,,,1,1,1,1,1
200500054262,0005-09-03 13:45:00,5,9,3,13,45,220,357.0,,48.58,-2.174,Plein jour,Hors agglomération,Giratoire,Normale,Deux véhicules - côté,,,,,,,,,,,1,1,6,1,3
200500054263,0005-09-14 17:00:00,5,9,14,17,0,220,48.0,,,,Plein jour,Hors agglomération,Hors intersection,Normale,Deux véhicules - frontale,,,,,,,,,,,1,1,1,1,1
200500054264,0005-09-19 07:45:00,5,9,19,7,45,220,58.0,,48.139,-2.636,Plein jour,Hors agglomération,Autre intersection,Normale,Autre collision,,,,,,,,,,,1,1,9,1,6
200500054265,0005-09-20 14:15:00,5,9,20,14,15,220,183.0,,48.183,-2.61,Plein jour,Hors agglomération,Intersection en X,Normale,Deux véhicules - côté,,,,,,,,,,,1,1,2,1,3
200500054266,0005-09-16 13:15:00,5,9,16,13,15,220,70.0,rue du 19 mars 1962,48.567,-3.147,Plein jour,En agglomération,Intersection en T,Temps couvert,Deux véhicules - côté,,,,,,,,,,,1,2,3,8,3
200500054267,0005-09-08 15:30:00,5,9,8,15,30,220,204.0,,48.701,-3.168,Plein jour,Hors agglomération,Hors intersection,Normale,Autre collision,,,,,,,,,,,1,1,1,1,6
200500054268,0005-09-04 01:15:00,5,9,4,1,15,220,227.0,,48.572,-3.56,Nuit sans éclairage public,Hors agglomération,Hors intersection,Normale,Sans collision,,,,,,,,,,,3,1,1,1,7
200500054269,0005-09-16 22:30:00,5,9,16,22,30,220,226.0,,,,Nuit sans éclairage public,Hors agglomération,Hors intersection,Normale,Autre collision,,,,,,,,,,,3,1,1,1,6
200500054270,0005-09-22 18:15:00,5,9,22,18,15,220,238.0,,48.619,-3.581,Plein jour,Hors agglomération,Hors intersection,Normale,Sans collision,,,,,,,,,,,1,1,1,1,7
200500054271,0005-09-25 02:15:00,5,9,25,2,15,220,324.0,,48.782,-3.448,Nuit sans éclairage public,Hors agglomération,Hors intersection,Normale,Autre collision,,,,,,,,,,,3,1,1,1,6
200500054272,0005-09-08 02:00:00,5,9,8,2,0,220,221.0,,48.794,-3.284,Nuit sans éclairage public,Hors agglomération,Hors intersection,Normale,Autre collision,,,,,,,,,,,3,1,1,1,6
200500054273,0005-09-11 05:00:00,5,9,11,5,0,220,127.0,rue du prioly,,,Nuit avec éclairage allumé,En agglomération,Giratoire,Normale,Autre collision,,,,,,,,,,,5,2,6,1,6
200500054274,0005-09-23 04:15:00,5,9,23,4,15,220,264.0,27 rue aux toiles,,,Nuit avec éclairage allumé,En agglomération,Hors intersection,Normale,Deux véhicules - frontale,,,,,,,,,,,5,2,1,1,1
200500054275,0005-09-30 09:45:00,5,9,30,9,45,220,221.0,,,,Plein jour,Hors agglomération,Hors intersection,Pluie légère,Deux véhicules - côté,,,,,,,,,,,1,1,1,2,3
200500054276,0005-09-26 17:00:00,5,9,26,17,0,290,167.0,,48.003,-4.262,Plein jour,Hors agglomération,Autre intersection,Normale,Deux véhicules - côté,,,,,,,,,,,1,1,9,1,3
200500054277,0005-09-16 16:15:00,5,9,16,16,15,290,3.0,Rue Danton,,,Plein jour,En agglomération,Hors intersection,Normale,Autre collision,,,,,,,,,,,1,2,1,1,6
200500054278,0005-09-18 20:15:00,5,9,18,20,15,290,169.0,,48.049,-4.123,Crépuscule ou aube,Hors agglomération,Hors intersection,Normale,Autre collision,,,,,,,,,,,2,1,1,1,6
200500054279,0005-09-23 21:15:00,5,9,23,21,15,290,224.0,,,,Nuit sans éclairage public,Hors agglomération,Hors intersection,Normale,Deux véhicules - arrière,,,,,,,,,,,3,1,1,1,2
200500054280,0005-09-02 18:00:00,5,9,2,18,0,290,174.0,,,,Plein jour,Hors agglomération,Hors intersection,Normale,Deux véhicules - arrière,,,,,,,,,,,1,1,1,1,2
200500054281,0005-09-22 14:15:00,5,9,22,14,15,290,171.0,rue Louis Méhu,,,Plein jour,En agglomération,Hors intersection,Normale,Sans collision,,,,,,,,,,,1,2,1,1,7
200500054282,0005-09-11 17:45:00,5,9,11,17,45,290,75.0,Rue de Palaren,,,Plein jour,En agglomération,Hors intersection,Normale,Autre collision,,,,,,,,,,,1,2,1,1,6
200500054283,0005-09-13 07:45:00,5,9,13,7,45,290,103.0,QUAI DU LEON,48.454,-4.251,Plein jour,En agglomération,Hors intersection,Normale,Autre collision,,,,,,,,,,,1,2,1,1,6
200500054284,0005-09-18 17:30:00,5,9,18,17,30,290,237.0,,48.469,-4.216,Plein jour,Hors agglomération,Hors intersection,Normale,Deux véhicules - arrière,,,,,,,,,,,1,1,1,1,2
200500054285,0005-09-19 17:00:00,5,9,19,17,0,290,263.0,,48.239,-4.069,Plein jour,En agglomération,Hors intersection,Normale,Deux véhicules - frontale,,,,,,,,,,,1,2,1,1,1
200500054286,0005-09-06 09:00:00,5,9,6,9,0,290,191.0,,,,Plein jour,Hors agglomération,Hors intersection,Temps éblouissant,Deux véhicules - frontale,,,,,,,,,,,1,1,1,7,1
200500054287,0005-09-21 15:45:00,5,9,21,15,45,290,207.0,,,,Plein jour,Hors agglomération,Hors intersection,Normale,Deux véhicules - côté,,,,,,,,,,,1,1,1,1,3
200500054288,0005-09-14 10:15:00,5,9,14,10,15,290,105.0,BD DE LA REPUBLIQUE,,,Plein jour,En agglomération,Hors intersection,Normale,Autre collision,,,,,,,,,,,1,2,1,1,6
200500054289,0005-09-03 04:15:00,5,9,3,4,15,290,185.0,Rue de Pors Guen,,,Nuit avec éclairage allumé,En agglomération,Hors intersection,Normale,Autre collision,,,,,,,,,,,5,2,1,1,6
200500054290,0005-09-17 20:00:00,5,9,17,20,0,290,259.0,,,,Plein jour,Hors agglomération,Hors intersection,Normale,Deux véhicules - frontale,,,,,,,,,,,1,1,1,1,1
200500054291,0005-09-03 18:15:00,5,9,3,18,15,560,8.0,,47.63,-2.922,Plein jour,Hors agglomération,Hors intersection,Normale,Deux véhicules - côté,,,,,,,,,,,1,1,1,1,3
200500054292,0005-09-11 19:30:00,5,9,11,19,30,560,3.0,,47.629,-2.861,Plein jour,Hors agglomération,Hors intersection,Normale,Deux véhicules - côté,,,,,,,,,,,1,1,1,1,3
200500054293,0005-09-07 16:45:00,5,9,7,16,45,560,206.0,,,,Plein jour,Hors agglomération,Hors intersection,Normale,Deux véhicules - frontale,,,,,,,,,,,1,1,1,1,1
200500054294,0005-09-06 15:20:00,5,9,6,15,20,560,143.0,RUE DE PENESCLUS,47.561,-2.492,Plein jour,En agglomération,Hors intersection,Normale,Deux véhicules - côté,,,,,,,,,,,1,2,1,1,3
200500054295,0005-09-18 17:45:00,5,9,18,17,45,560,126.0,,,,Plein jour,Hors agglomération,Hors intersection,Normale,Autre collision,,,,,,,,,,,1,1,1,1,6
200500054296,0005-09-27 20:30:00,5,9,27,20,30,560,7.0,AVENUE YVES LE GARREC,,,Nuit avec éclairage allumé,En agglomération,Autre intersection,Normale,Autre collision,,,,,,,,,,,5,2,9,1,6
200500054297,0005-09-17 10:00:00,5,9,17,10,0,560,179.0,43 BIS ANNE DE BRETAGNE,,,Plein jour,En agglomération,Hors intersection,Normale,Deux véhicules - côté,,,,,,,,,,,1,2,1,1,3
200500054298,0005-09-23 22:30:00,5,9,23,22,30,560,78.0,,47.804,-3.478,Nuit avec éclairage non allumé,Hors agglomération,Hors intersection,Normale,Deux véhicules - frontale,,,,,,,,,,,4,1,1,1,1
200500054299,0005-09-17 19:00:00,5,9,17,19,0,560,169.0,,,,Plein jour,Hors agglomération,Intersection en X,Normale,Deux véhicules - côté,,,,,,,,,,,1,1,2,1,3
200500054300,0005-09-10 22:00:00,5,9,10,22,0,560,139.0,,47.889,-2.415,Nuit sans éclairage public,Hors agglomération,Hors intersection,Normale,Autre collision,,,,,,,,,,,3,1,1,1,6
200500054301,0005-09-04 18:00:00,5,9,4,18,0,560,24.0,,48.064,-2.708,Plein jour,Hors agglomération,Hors intersection,Normale,Deux véhicules - arrière,,,,,,,,,,,1,1,1,1,2
200500054302,0005-09-14 07:45:00,5,9,14,7,45,560,160.0,,47.987,-2.708,Crépuscule ou aube,Hors agglomération,Hors intersection,Brouillard / fumée,Autre collision,,,,,,,,,,,2,1,1,5,6
200500054303,0005-09-28 07:00:00,5,9,28,7,0,560,190.0,,,,Crépuscule ou aube,Hors agglomération,Hors intersection,Brouillard / fumée,Deux véhicules - frontale,,,,,,,,,,,2,1,1,5,1
200500054304,0005-09-15 07:45:00,5,9,15,7,45,560,178.0,rue du Général De Gaulle,48.074,-2.965,Plein jour,En agglomération,Hors intersection,Normale,Deux véhicules - côté,,,,,,,,,,,1,2,1,1,3
200500054305,0005-09-04 10:45:00,5,9,4,10,45,560,144.0,,48.0,-2.803,Plein jour,Hors agglomération,Hors intersection,Normale,Deux véhicules - frontale,,,,,,,,,,,1,1,1,1,1
200500054306,0005-09-04 17:00:00,5,9,4,17,0,560,192.0,,47.955,-2.862,Plein jour,Hors agglomération,Hors intersection,Normale,Deux véhicules - côté,,,,,,,,,,,1,1,1,1,3
200500054307,0005-09-07 17:30:00,5,9,7,17,30,560,10.0,RUE DU MALBERH,47.879,-3.022,Plein jour,En agglomération,Hors intersection,Normale,Deux véhicules - frontale,,,,,,,,,,,1,2,1,1,1
200500054308,0005-09-10 21:45:00,5,9,10,21,45,560,173.0,,47.955,-2.945,Nuit sans éclairage public,Hors agglomération,Hors intersection,Normale,Deux véhicules - côté,,,,,,,,,,,3,1,1,1,3
200500054309,0005-09-30 18:50:00,5,9,30,18,50,560,140.0,Porh Le Gal,,,Plein jour,Hors agglomération,Hors intersection,Pluie légère,Deux véhicules - côté,,,,,,,,,,,1,1,1,2,3
200500054310,0005-09-09 11:30:00,5,9,9,11,30,560,57.0,,48.084,-3.543,Plein jour,Hors agglomération,Hors intersection,Normale,Autre collision,,,,,,,,,,,1,1,1,1,6
200500054311,0005-09-04 18:10:00,5,9,4,18,10,140,228.0,CD 404,,,Plein jour,Hors agglomération,Hors intersection,Temps couvert,Deux véhicules - arrière,,,,,,,,,,,1,1,1,8,2
200500054312,0005-09-08 17:45:00,5,9,8,17,45,140,543.0,Route de CAEN,,,Plein jour,En agglomération,Hors intersection,Normale,Trois véhicules et plus - collisions multiples,,,,,,,,,,,1,2,1,1,5
200500054313,0005-09-18 09:15:00,5,9,18,9,15,140,525.0,,49.219,-0.548,Plein jour,Hors agglomération,Hors intersection,Normale,Sans collision,,,,,,,,,,,1,1,1,1,7