accident_id,datetime,annee,mois,jour,heure,minute,departement,commune_insee,adresse,latitude,longitude,luminosite,agglomeration,intersection,meteo,collision,nb_vehicules,nb_usagers,nb_indemnes,nb_tues,nb_blesses_hosp,nb_blesses_legers,age_cond_1,age_cond_2,veh_type_cond_1,veh_type_cond_2,lum_code,agg_code,int_code,atm_code,col_code
200500054314,0005-09-23 07:00:00,5,9,23,7,0,140,542.0,,49.237,-0.453,Plein jour,Hors agglomération,Hors intersection,Normale,Autre collision,,,,,,,,,,,1,1,1,1,6
200500054315,0005-09-24 18:50:00,5,9,24,18,50,140,249.0,PR 8 + 020 - C.D. 8,,,Crépuscule ou aube,Hors agglomération,Hors intersection,Temps couvert,Deux véhicules - frontale,,,,,,,,,,,2,1,1,8,1
200500054316,0005-09-02 13:00:00,5,9,2,13,0,140,623.0,rd 562,,,Plein jour,En agglomération,Hors intersection,Normale,Deux véhicules - frontale,,,,,,,,,,,1,2,1,1,1
200500054317,0005-09-03 17:00:00,5,9,3,17,0,140,623.0,RUE D HARCOURT,49.115,-0.372,Plein jour,En agglomération,Hors intersection,Temps éblouissant,Deux véhicules - côté,,,,,,,,,,,1,2,1,7,3
200500054318,0005-09-03 16:45:00,5,9,3,16,45,140,290.0,,,,Plein jour,Hors agglomération,Hors intersection,Normale,Sans collision,,,,,,,,,,,1,1,1,1,7
200500054319,0005-09-10 23:15:00,5,9,10,23,15,140,719.0,,,,Nuit sans éclairage public,Hors agglomération,Hors intersection,Normale,Deux véhicules - frontale,,,,,,,,,,,3,1,1,1,1
200500054320,0005-09-13 08:30:00,5,9,13,8,30,140,675.0,RUE DE COLOMBELLES,49.142,-0.294,Plein jour,En agglomération,Hors intersection,Normale,Autre collision,,,,,,,,,,,1,2,1,1,6
200500054321,0005-09-14 13:30:00,5,9,14,13,30,140,100.0,RUE DES GRANGES,49.049,-0.312,Plein jour,En agglomération,Hors intersection,Normale,Deux véhicules - frontale,,,,,,,,,,,1,2,1,1,1
200500054322,0005-09-17 06:15:00,5,9,17,6,15,140,119.0,,49.155,-0.266,Nuit sans éclairage public,Hors agglomération,Hors intersection,Normale,Autre collision,,,,,,,,,,,3,1,1,1,6
200500054323,0005-09-16 17:45:00,5,9,16,17,45,140,100.0,,49.056,-0.317,Plein jour,Hors agglomération,Hors intersection,Normale,Deux véhicules - frontale,,,,,,,,,,,1,1,1,1,1
200500054324,0005-09-18 11:15:00,5,9,18,11,15,140,5.0,Rue de l'Eglise,,,Crépuscule ou aube,En agglomération,Hors intersection,Normale,Autre collision,,,,,,,,,,,2,2,1,1,6
200500054325,0005-09-24 16:30:00,5,9,24,16,30,140,119.0,ROUTE DE PARIS,49.148,-0.249,Plein jour,En agglomération,Hors intersection,Normale,Deux véhicules - arrière,,,,,,,,,,,1,2,1,1,2
200500054326,0005-09-02 09:30:00,5,9,2,9,30,140,68.0,clos du bosquin,,,Plein jour,En agglomération,Hors intersection,Normale,Autre collision,,,,,,,,,,,1,2,1,1,6
200500054327,0005-09-24 10:30:00,5,9,24,10,30,140,60.0,,,,Plein jour,Hors agglomération,Intersection en X,Normale,Deux véhicules - côté,,,,,,,,,,,1,1,2,1,3
200500054328,0005-09-03 11:00:00,5,9,3,11,0,140,344.0,CD78 route de Janville,,,Plein jour,Hors agglomération,Hors intersection,Normale,Deux véhicules - frontale,,,,,,,,,,,1,1,1,1,1
200500054329,0005-09-04 00:30:00,5,9,4,0,30,140,312.0,,49.393,-1.04,Nuit avec éclairage allumé,En agglomération,Hors intersection,Normale,Autre collision,,,,,,,,,,,5,2,1,1,6
200500054330,0005-09-16 18:30:00,5,9,16,18,30,140,370.0,,,,Plein jour,Hors agglomération,Hors intersection,Pluie légère,Autre collision,,,,,,,,,,,1,1,1,2,6
200500054331,0005-09-17 21:45:00,5,9,17,21,45,140,136.0,,,,Nuit sans éclairage public,Hors agglomération,Hors intersection,Normale,Deux véhicules - frontale,,,,,,,,,,,3,1,1,1,1
200500054332,0005-09-17 12:15:00,5,9,17,12,15,140,258.0,CD658,48.89,-0.19,Plein jour,En agglomération,Hors intersection,Temps éblouissant,Deux véhicules - frontale,,,,,,,,,,,1,2,1,7,1
200500054333,0005-09-18 14:00:00,5,9,18,14,0,140,497.0,,,,Plein jour,Hors agglomération,Intersection en T,Normale,Trois véhicules et plus - collisions multiples,,,,,,,,,,,1,1,3,1,5
200500054334,0005-09-26 07:30:00,5,9,26,7,30,140,99.0,CD 16,,,Plein jour,En agglomération,Hors intersection,Normale,Deux véhicules - frontale,,,,,,,,,,,1,2,1,1,1
200500054335,0005-09-27 16:30:00,5,9,27,16,30,140,387.0,CD 138,,,Plein jour,En agglomération,Hors intersection,Normale,Autre collision,,,,,,,,,,,1,2,1,1,6
200500054336,0005-09-07 04:45:00,5,9,7,4,45,140,621.0,,49.036,0.393,Nuit sans éclairage public,Hors agglomération,Hors intersection,Normale,Deux véhicules - côté,,,,,,,,,,,3,1,1,1,3
200500054337,0005-09-14 17:45:00,5,9,14,17,45,140,403.0,RN 13,,,Plein jour,Hors agglomération,Hors intersection,Normale,Deux véhicules - frontale,,,,,,,,,,,1,1,1,1,1
200500054338,0005-09-08 12:15:00,5,9,8,12,15,140,514.0,carrefour  Rue de bettev,49.287,0.182,Plein jour,En agglomération,Intersection en X,Normale,Deux véhicules - côté,,,,,,,,,,,1,2,2,1,3
200500054339,0005-09-24 15:45:00,5,9,24,15,45,140,514.0,cd266,49.233,0.236,Plein jour,En agglomération,Hors intersection,Normale,Deux véhicules - frontale,,,,,,,,,,,1,2,1,1,1
200500054340,0005-09-30 17:00:00,5,9,30,17,0,140,575.0,,,,Plein jour,Hors agglomération,Hors intersection,Normale,Deux véhicules - frontale,,,,,,,,,,,1,1,1,1,1
200500054341,0005-09-30 19:15:00,5,9,30,19,15,140,601.0,,49.285,0.215,Nuit sans éclairage public,Hors agglomération,Autre intersection,Normale,Deux véhicules - côté,,,,,,,,,,,3,1,9,1,3
200500054342,0005-09-09 18:30:00,5,9,9,18,30,140,754.0,11 avenue des gabions,49.327,0.011,Plein jour,En agglomération,Hors intersection,Normale,Sans collision,,,,,,,,,,,1,2,1,1,7
200500054343,0005-09-13 18:00:00,5,9,13,18,0,140,494.0,,,,Plein jour,Hors agglomération,Hors intersection,Normale,Deux véhicules - arrière,,,,,,,,,,,1,1,1,1,2
200500054344,0005-09-05 10:30:00,5,9,5,10,30,140,317.0,,48.89,-0.882,Plein jour,Hors agglomération,Hors intersection,Normale,Deux véhicules - côté,,,,,,,,,,,1,1,1,1,3
200500054345,0005-09-18 20:15:00,5,9,18,20,15,140,762.0,,,,Crépuscule ou aube,Hors agglomération,Giratoire,Normale,Autre collision,,,,,,,,,,,2,1,6,1,6
200500054346,0005-09-21 07:00:00,5,9,21,7,0,140,584.0,,,,Nuit sans éclairage public,Hors agglomération,Hors intersection,Brouillard / fumée,Deux véhicules - frontale,,,,,,,,,,,3,1,1,5,1
200500054347,0005-09-14 09:15:00,5,9,14,9,15,140,347.0,,,,Plein jour,Hors agglomération,Hors intersection,Normale,Trois véhicules et plus - collisions multiples,,,,,,,,,,,1,1,1,1,5
200500054348,0005-09-28 16:45:00,5,9,28,16,45,140,357.0,,,,Plein jour,Hors agglomération,Intersection en T,Normale,Deux véhicules - côté,,,,,,,,,,,1,1,3,1,3
200500054349,0005-09-07 13:45:00,5,9,7,13,45,500,98.0,,49.091,-1.26,Plein jour,Hors agglomération,Hors intersection,Normale,Deux véhicules - côté,,,,,,,,,,,1,1,1,1,3
200500054350,0005-09-06 18:30:00,5,9,6,18,30,500,444.0,,,,Plein jour,Hors agglomération,Hors intersection,Temps éblouissant,Deux véhicules - côté,,,,,,,,,,,1,1,1,7,3
200500054351,0005-09-07 10:30:00,5,9,7,10,30,500,32.0,,49.114,-1.024,Plein jour,Hors agglomération,Hors intersection,Normale,Deux véhicules - arrière,,,,,,,,,,,1,1,1,1,2
200500054352,0005-09-26 07:45:00,5,9,26,7,45,500,25.0,24 rue Chanoine Béranger,,,Crépuscule ou aube,En agglomération,Hors intersection,Normale,Autre collision,,,,,,,,,,,2,2,1,1,6
200500054353,0005-09-12 16:00:00,5,9,12,16,0,500,410.0,Rue du Couesnon,,,Nuit avec éclairage allumé,En agglomération,Hors intersection,Normale,Deux véhicules - côté,,,,,,,,,,,5,2,1,1,3
200500054354,0005-09-24 18:45:00,5,9,24,18,45,500,410.0,7 Ter route de St Malô,,,Plein jour,En agglomération,Hors intersection,Normale,Deux véhicules - côté,,,,,,,,,,,1,2,1,1,3
200500054355,0005-09-17 12:45:00,5,9,17,12,45,500,499.0,,48.754,-1.128,Plein jour,Hors agglomération,Hors intersection,Normale,Sans collision,,,,,,,,,,,1,1,1,1,7
200500054356,0005-09-09 12:30:00,5,9,9,12,30,500,149.0,,49.558,-1.67,Plein jour,Hors agglomération,Intersection en T,Normale,Trois véhicules et plus - collisions multiples,,,,,,,,,,,1,1,3,1,5
200500054357,0005-09-03 00:01:00,5,9,3,0,1,500,480.0,La croix des prés,,,Nuit sans éclairage public,Hors agglomération,Hors intersection,Normale,Deux véhicules - frontale,,,,,,,,,,,3,1,1,1,1
200500054358,0005-09-04 14:15:00,5,9,4,14,15,500,461.0,,49.493,-1.403,Plein jour,Hors agglomération,Hors intersection,Normale,Sans collision,,,,,,,,,,,1,1,1,1,7
200500054359,0005-09-16 23:00:00,5,9,16,23,0,500,551.0,,49.39,-1.526,Nuit avec éclairage allumé,En agglomération,Hors intersection,Normale,Autre collision,,,,,,,,,,,5,2,1,1,6
200500054360,0005-09-02 20:45:00,5,9,2,20,45,500,342.0,e Cap - Anse de Landemer,,,Nuit sans éclairage public,Hors agglomération,Hors intersection,Normale,Trois véhicules et plus - collisions multiples,,,,,,,,,,,3,1,1,1,5
200500054361,0005-09-07 19:00:00,5,9,7,19,0,500,3.0,Avenue du passous,,,Plein jour,En agglomération,Hors intersection,Normale,Deux véhicules - côté,,,,,,,,,,,1,2,1,1,3
200500054362,0005-09-07 17:00:00,5,9,7,17,0,500,81.0,CD 135,48.866,-1.557,Plein jour,En agglomération,Hors intersection,Normale,Deux véhicules - frontale,,,,,,,,,,,1,2,1,1,1
200500054363,0005-09-12 18:15:00,5,9,12,18,15,500,272.0,,,,Plein jour,Hors agglomération,Hors intersection,Normale,Autre collision,,,,,,,,,,,1,1,1,1,6
200500054364,0005-09-24 09:30:00,5,9,24,9,30,500,277.0,,48.86,-1.53,Plein jour,Hors agglomération,Hors intersection,Temps éblouissant,Autre collision,,,,,,,,,,,1,1,1,7,6
200500054365,0005-09-02 14:00:00,5,9,2,14,0,500,88.0,,48.726,-0.983,Plein jour,Hors agglomération,Hors intersection,Normale,Deux véhicules - côté,,,,,,,,,,,1,1,1,1,3
200500054366,0005-09-18 09:00:00,5,9,18,9,0,500,484.0,,,,Plein jour,Hors agglomération,Hors intersection,Normale,Deux véhicules - frontale,,,,,,,,,,,1,1,1,1,1
200500054367,0005-09-07 17:00:00,5,9,7,17,0,610,228.0,Fontaine de Saint Andrée,,,Plein jour,Hors agglomération,Hors intersection,Normale,Sans collision,,,,,,,,,,,1,1,1,1,7
200500054368,0005-09-25 09:15:00,5,9,25,9,15,610,464.0,,,,Plein jour,Hors agglomération,Autre intersection,Pluie légère,Deux véhicules - côté,,,,,,,,,,,1,1,9,2,3
200500054369,0005-09-30 07:00:00,5,9,30,7,0,610,164.0,,,,Crépuscule ou aube,Hors agglomération,Intersection en X,Normale,Deux véhicules - côté,,,,,,,,,,,2,1,2,1,3
200500054370,0005-09-13 18:45:00,5,9,13,18,45,610,212.0,,,,Plein jour,Hors agglomération,Hors intersection,Normale,Deux véhicules - frontale,,,,,,,,,,,1,1,1,1,1
200500054371,0005-09-18 17:45:00,5,9,18,17,45,610,264.0,,48.746,0.264,Plein jour,Hors agglomération,Hors intersection,Normale,Autre collision,,,,,,,,,,,1,1,1,1,6
200500054372,0005-09-04 23:15:00,5,9,4,23,15,610,487.0,,,,Nuit sans éclairage public,Hors agglomération,Hors intersection,Normale,Autre collision,,,,,,,,,,,3,1,1,1,6
200500054373,0005-09-14 18:30:00,5,9,14,18,30,610,421.0,,48.564,-0.783,Plein jour,Hors agglomération,Hors intersection,Normale,Deux véhicules - frontale,,,,,,,,,,,1,1,1,1,1
200500054374,0005-09-27 14:20:00,5,9,27,14,20,610,102.0,La Bansardière,,,Plein jour,Hors agglomération,Hors intersection,Temps couvert,Sans collision,,,,,,,,,,,1,1,1,8,7
200500054375,0005-09-24 18:15:00,5,9,24,18,15,610,135.0,Carrefour central,48.518,-0.414,Plein jour,En agglomération,Intersection en X,Normale,Deux véhicules - côté,,,,,,,,,,,1,2,2,1,3
200500054376,0005-09-02 19:00:00,5,9,2,19,0,610,7.0,Rue des écoles,,,Plein jour,En agglomération,Hors intersection,Normale,Autre collision,,,,,,,,,,,1,2,1,1,6
200500054377,0005-09-02 18:30:00,5,9,2,18,30,610,287.0,,48.797,-0.565,Plein jour,Hors agglomération,Hors intersection,Normale,Deux véhicules - côté,,,,,,,,,,,1,1,1,1,3
200500054378,0005-09-15 10:00:00,5,9,15,10,0,610,293.0,Rue de la GARE,,,Plein jour,En agglomération,Hors intersection,Normale,Autre collision,,,,,,,,,,,1,2,1,1,6
200500054379,0005-09-01 19:30:00,5,9,1,19,30,610,207.0,,,,Plein jour,Hors agglomération,Hors intersection,Normale,Deux véhicules - côté,,,,,,,,,,,1,1,1,1,3
200500054380,0005-09-16 19:15:00,5,9,16,19,15,610,359.0,"CD 634, cimetière",48.324,0.723,Plein jour,En agglomération,Hors intersection,Normale,Deux véhicules - arrière,,,,,,,,,,,1,2,1,1,2
200500054381,0005-09-29 11:55:00,5,9,29,11,55,610,309.0,La Fosse,,,Plein jour,Hors agglomération,Hors intersection,Normale,Deux véhicules - côté,,,,,,,,,,,1,1,1,1,3
200500054382,0005-09-08 19:00:00,5,9,8,19,0,610,214.0,RUE PIERRE CHABAUD,48.769,0.628,Plein jour,En agglomération,Hors intersection,Normale,Deux véhicules - frontale,,,,,,,,,,,1,2,1,1,1
200500054383,0005-09-02 22:45:00,5,9,2,22,45,610,296.0,,,,Nuit sans éclairage public,Hors agglomération,Hors intersection,Normale,Deux véhicules - frontale,,,,,,,,,,,3,1,1,1,1
200500054384,0005-09-11 04:45:00,5,9,11,4,45,440,204.0,,,,Nuit sans éclairage public,Hors agglomération,Hors intersection,Normale,Autre collision,,,,,,,,,,,3,1,1,1,6
200500054385,0005-09-12 16:45:00,5,9,12,16,45,440,26.0,La Jalousie,,,Plein jour,En agglomération,Hors intersection,Normale,Deux véhicules - côté,,,,,,,,,,,1,2,1,1,3
200500054386,0005-09-14 07:10:00,5,9,14,7,10,440,204.0,L'EBEAUPIN,,,Crépuscule ou aube,Hors agglomération,Intersection en X,Normale,Deux véhicules - côté,,,,,,,,,,,2,1,2,1,3
200500054387,0005-09-28 14:15:00,5,9,28,14,15,440,26.0,La Charmelière,,,Plein jour,Hors agglomération,Hors intersection,Normale,Deux véhicules - frontale,,,,,,,,,,,1,1,1,1,1
200500054388,0005-09-06 14:45:00,5,9,6,14,45,440,43.0,ruie ferdinand albert,,,Plein jour,En agglomération,Giratoire,Normale,Deux véhicules - arrière,,,,,,,,,,,1,2,6,1,2
200500054389,0005-09-24 21:45:00,5,9,24,21,45,440,64.0,,47.113,-1.301,Nuit sans éclairage public,Hors agglomération,Hors intersection,Normale,Sans collision,,,,,,,,,,,3,1,1,1,7
200500054390,0005-09-04 15:30:00,5,9,4,15,30,440,156.0,,,,Plein jour,Hors agglomération,Hors intersection,Normale,Deux véhicules - frontale,,,,,,,,,,,1,1,1,1,1
200500054391,0005-09-26 08:00:00,5,9,26,8,0,440,81.0,,,,Plein jour,Hors agglomération,Hors intersection,Normale,Deux véhicules - côté,,,,,,,,,,,1,1,1,1,3
200500054392,0005-09-28 18:15:00,5,9,28,18,15,440,198.0,RD178,,,Plein jour,Hors agglomération,Hors intersection,Normale,Trois véhicules et plus - collisions multiples,,,,,,,,,,,1,1,1,1,5
200500054393,0005-09-30 15:30:00,5,9,30,15,30,440,198.0,,47.131,-1.513,Plein jour,Hors agglomération,Hors intersection,Normale,Autre collision,,,,,,,,,,,1,1,1,1,6
200500054394,0005-09-23 18:30:00,5,9,23,18,30,440,222.0,,47.434,-1.174,Plein jour,Hors agglomération,Hors intersection,Normale,Sans collision,,,,,,,,,,,1,1,1,1,7
200500054395,0005-09-08 06:45:00,5,9,8,6,45,440,84.0,,47.253,-1.298,Crépuscule ou aube,Hors agglomération,Hors intersection,Normale,Autre collision,,,,,,,,,,,2,1,1,1,6
200500054396,0005-09-19 16:15:00,5,9,19,16,15,440,28.0,,47.361,-1.335,Plein jour,Hors agglomération,Hors intersection,Normale,Deux véhicules - frontale,,,,,,,,,,,1,1,1,1,1
200500054397,0005-09-03 11:00:00,5,9,3,11,0,440,95.0,rue des frères Temple,,,Plein jour,En agglomération,Autre intersection,Normale,Deux véhicules - frontale,,,,,,,,,,,1,2,9,1,1
200500054398,0005-09-10 15:30:00,5,9,10,15,30,440,148.0,,,,Plein jour,Hors agglomération,Hors intersection,Normale,Sans collision,,,,,,,,,,,1,1,1,1,7
200500054399,0005-09-14 17:45:00,5,9,14,17,45,440,7.0,,47.641,-1.96,Plein jour,Hors agglomération,Hors intersection,Normale,Deux véhicules - arrière,,,,,,,,,,,1,1,1,1,2
200500054400,0005-09-16 16:00:00,5,9,16,16,0,440,214.0,,,,Plein jour,Hors agglomération,Hors intersection,Normale,Sans collision,,,,,,,,,,,1,1,1,1,7
200500054401,0005-09-27 23:35:00,5,9,27,23,35,440,73.0,RN137 PK 45,,,Nuit sans éclairage public,Hors agglomération,Hors intersection,Normale,Sans collision,,,,,,,,,,,3,1,1,1,7
200500054402,0005-09-28 17:30:00,5,9,28,17,30,440,171.0,,47.144,-1.718,Plein jour,Hors agglomération,Hors intersection,Normale,Trois véhicules et plus - en chaîne,,,,,,,,,,,1,1,1,1,4
200500054403,0005-09-03 17:15:00,5,9,3,17,15,440,106.0,,47.06,-1.976,Plein jour,Hors agglomération,Hors intersection,Temps éblouissant,Autre collision,,,,,,,,,,,1,1,1,7,6
200500054404,0005-09-17 16:00:00,5,9,17,16,0,440,164.0,,47.083,-1.912,Plein jour,Hors agglomération,Hors intersection,Normale,Deux véhicules - frontale,,,,,,,,,,,1,1,1,1,1
200500054405,0005-09-03 13:00:00,5,9,3,13,0,440,192.0,,,,Plein jour,Hors agglomération,Hors intersection,Normale,Deux véhicules - côté,,,,,,,,,,,1,1,1,1,3
200500054406,0005-09-12 10:30:00,5,9,12,10,30,440,182.0,,,,Plein jour,Hors agglomération,Hors intersection,Normale,Deux véhicules - côté,,,,,,,,,,,1,1,1,1,3
200500054407,0005-09-14 07:30:00,5,9,14,7,30,440,87.0,,47.011,-1.815,Crépuscule ou aube,Hors agglomération,Hors intersection,Normale,Autre collision,,,,,,,,,,,2,1,1,1,6
200500054408,0005-09-27 07:15:00,5,9,27,7,15,440,119.0,,46.982,-1.755,Crépuscule ou aube,Hors agglomération,Hors intersection,Normale,Autre collision,,,,,,,,,,,2,1,1,1,6
200500054409,0005-09-01 14:15:00,5,9,1,14,15,440,47.0,,47.261,-1.692,Plein jour,Hors agglomération,Hors intersection,Normale,Trois véhicules et plus - en chaîne,,,,,,,,,,,1,1,1,1,4
200500054410,0005-09-18 21:45:00,5,9,18,21,45,440,47.0,,47.247,-1.669,Nuit sans éclairage public,Hors agglomération,Hors intersection,Normale,Deux véhicules - côté,,,,,,,,,,,3,1,1,1,3
200500054411,0005-09-02 14:10:00,5,9,2,14,10,440,175.0,"""Le Nézyl""",,,Plein jour,Hors agglomération,Hors intersection,Normale,Trois véhicules et plus - collisions multiples,,,,,,,,,,,1,1,1,1,5
200500054412,0005-09-05 01:45:00,5,9,5,1,45,440,151.0,ne et place de la mairie,,,Nuit sans éclairage public,En agglomération,Intersection en X,Normale,Deux véhicules - côté,,,,,,,,,,,3,2,2,1,3
200500054413,0005-09-19 16:30:00,5,9,19,16,30,440,69.0,,,,Plein jour,Hors agglomération,Giratoire,Normale,Sans collision,,,,,,,,,,,1,1,6,1,7
200500054414,0005-09-25 03:00:00,5,9,25,3,0,440,30.0,46 rue de la Briere,,,Nuit avec éclairage allumé,En agglomération,Hors intersection,Normale,Sans collision,,,,,,,,,,,5,2,1,1,7
200500054415,0005-09-24 12:15:00,5,9,24,12,15,440,194.0,RUE DE LA RIVIERE,,,Plein jour,En agglomération,Intersection en T,Normale,Deux véhicules - côté,,,,,,,,,,,1,2,3,1,3
200500054416,0005-09-01 17:00:00,5,9,1,17,0,440,33.0,,,,Plein jour,Hors agglomération,Hors intersection,Normale,Deux véhicules - côté,,,,,,,,,,,1,1,1,1,3
200500054417,0005-09-11 02:45:00,5,9,11,2,45,490,214.0,,,,Nuit sans éclairage public,Hors agglomération,Hors intersection,Normale,Autre collision,,,,,,,,,,,3,1,1,1,6
200500054418,0005-09-21 17:40:00,5,9,21,17,40,490,214.0,nue du Président Kennedy,,,Plein jour,En agglomération,Hors intersection,Normale,Trois véhicules et plus - collisions multiples,,,,,,,,,,,1,2,1,1,5
200500054419,0005-09-02 07:30:00,5,9,2,7,30,490,280.0,,47.498,-0.206,Crépuscule ou aube,Hors agglomération,Intersection en X,Normale,Deux véhicules - côté,,,,,,,,,,,2,1,2,1,3
200500054420,0005-09-05 14:00:00,5,9,5,14,0,490,201.0,RUE DU MANOIR,47.408,-0.272,Plein jour,En agglomération,Hors intersection,Normale,Deux véhicules - côté,,,,,,,,,,,1,2,1,1,3
200500054421,0005-09-11 10:45:00,5,9,11,10,45,490,21.0,"eu-dit ""les prés morons""",47.414,-0.203,Plein jour,Hors agglomération,Hors intersection,Normale,Sans collision,,,,,,,,,,,1,1,1,1,7
200500054422,0005-09-03 16:30:00,5,9,3,16,30,490,86.0,RUE NATIONALE,47.278,-0.453,Plein jour,En agglomération,Hors intersection,Normale,Deux véhicules - côté,,,,,,,,,,,1,2,1,1,3
200500054423,0005-09-03 21:30:00,5,9,3,21,30,490,1.0,,47.326,-0.412,Crépuscule ou aube,En agglomération,Hors intersection,Normale,Deux véhicules - arrière,,,,,,,,,,,2,2,1,1,2
200500054424,0005-09-26 19:15:00,5,9,26,19,15,490,323.0,Les 6 chemins,47.525,-0.492,Plein jour,En agglomération,Hors intersection,Normale,Deux véhicules - côté,,,,,,,,,,,1,2,1,1,3
200500054425,0005-09-05 20:00:00,5,9,5,20,0,490,243.0,,47.219,-0.912,Plein jour,Hors agglomération,Hors intersection,Temps éblouissant,Deux véhicules - côté,,,,,,,,,,,1,1,1,7,3
200500054426,0005-09-28 14:15:00,5,9,28,14,15,490,268.0,rue nationale,47.291,-0.85,Plein jour,En agglomération,Hors intersection,Normale,Deux véhicules - frontale,,,,,,,,,,,1,2,1,1,1
200500054427,0005-09-27 12:30:00,5,9,27,12,30,490,269.0,RUE DE LA LIBERATION,,,Plein jour,En agglomération,Hors intersection,Normale,Deux véhicules - arrière,,,,,,,,,,,1,2,1,1,2
200500054428,0005-09-27 17:00:00,5,9,27,17,0,490,332.0,,47.079,-0.933,Plein jour,Hors agglomération,Intersection en X,Pluie forte,Deux véhicules - frontale,,,,,,,,,,,1,1,2,3,1
200500054429,0005-09-01 19:00:00,5,9,1,19,0,490,172.0,,,,Plein jour,Hors agglomération,Hors intersection,Normale,Deux véhicules - côté,,,,,,,,,,,1,1,1,1,3
200500054430,0005-09-10 22:15:00,5,9,10,22,15,490,145.0,Rue des mauges,,,Nuit avec éclairage allumé,En agglomération,Autre intersection,Normale,Deux véhicules - frontale,,,,,,,,,,,5,2,9,1,1
200500054431,0005-09-18 09:45:00,5,9,18,9,45,490,85.0,,,,Plein jour,Hors agglomération,Hors intersection,Normale,Sans collision,,,,,,,,,,,1,1,1,1,7
200500054432,0005-09-01 19:00:00,5,9,1,19,0,490,373.0,RUE NATIONALE,47.151,-0.537,Plein jour,En agglomération,Intersection en X,Normale,Trois véhicules et plus - collisions multiples,,,,,,,,,,,1,2,2,1,5
200500054433,0005-09-04 12:00:00,5,9,4,12,0,490,121.0,,47.247,-0.277,Plein jour,Hors agglomération,Intersection en X,Normale,Deux véhicules - côté,,,,,,,,,,,1,1,2,1,3
200500054434,0005-09-04 18:45:00,5,9,4,18,45,490,342.0,,47.164,-0.406,Plein jour,Hors agglomération,Hors intersection,Normale,Sans collision,,,,,,,,,,,1,1,1,1,7
200500054435,0005-09-15 11:00:00,5,9,15,11,0,490,125.0,,47.204,-0.281,Plein jour,Hors agglomération,Hors intersection,Normale,Autre collision,,,,,,,,,,,1,1,1,1,6
200500054436,0005-09-19 08:00:00,5,9,19,8,0,490,232.0,"""Le Preuil""",,,Plein jour,Hors agglomération,Intersection en X,Temps éblouissant,Deux véhicules - côté,,,,,,,,,,,1,1,2,7,3
200500054437,0005-09-24 13:00:00,5,9,24,13,0,490,191.0,Lieu dit LA GIRONDELLE,47.235,-0.42,Plein jour,Hors agglomération,Hors intersection,Normale,Autre collision,,,,,,,,,,,1,1,1,1,6
200500054438,0005-09-24 18:30:00,5,9,24,18,30,490,198.0,,47.24,-0.207,Plein jour,Hors agglomération,Hors intersection,Normale,Sans collision,,,,,,,,,,,1,1,1,1,7
200500054439,0005-09-30 21:30:00,5,9,30,21,30,490,41.0,,47.292,0.052,Nuit sans éclairage public,Hors agglomération,Hors intersection,Normale,Deux véhicules - arrière,,,,,,,,,,,3,1,1,1,2
200500054440,0005-09-18 04:30:00,5,9,18,4,30,490,364.0,,47.135,-0.169,Nuit sans éclairage public,Hors agglomération,Hors intersection,Normale,Autre collision,,,,,,,,,,,3,1,1,1,6
200500054441,0005-09-26 15:20:00,5,9,26,15,20,490,96.0,Carrefour de la Salle,,,Plein jour,Hors agglomération,Hors intersection,Normale,Deux véhicules - frontale,,,,,,,,,,,1,1,1,1,1
200500054442,0005-09-02 17:00:00,5,9,2,17,0,530,158.0,,,,Plein jour,Hors agglomération,Intersection en X,Normale,Deux véhicules - côté,,,,,,,,,,,1,1,2,1,3
200500054443,0005-09-02 16:30:00,5,9,2,16,30,530,168.0,01 allée bossuère,,,Plein jour,Hors agglomération,Hors intersection,Normale,Deux véhicules - côté,,,,,,,,,,,1,1,1,1,3
200500054444,0005-09-03 10:30:00,5,9,3,10,30,530,17.0,14 rue du Maréchal lecle,,,Plein jour,En agglomération,Hors intersection,Normale,Deux véhicules - côté,,,,,,,,,,,1,2,1,1,3
200500054445,0005-09-09 10:00:00,5,9,9,10,0,530,110.0,12 rue de La Taude,,,Plein jour,En agglomération,Hors intersection,Normale,Sans collision,,,,,,,,,,,1,2,1,1,7
200500054446,0005-09-16 09:30:00,5,9,16,9,30,530,110.0,,47.888,-0.526,Plein jour,Hors agglomération,Hors intersection,Pluie légère,Trois véhicules et plus - collisions multiples,,,,,,,,,,,1,1,1,2,5
200500054447,0005-09-16 04:10:00,5,9,16,4,10,530,62.0,"-dit ""Le Cormier"", RD 22",47.846,-0.798,Nuit sans éclairage public,Hors agglomération,Hors intersection,Pluie légère,Autre collision,,,,,,,,,,,3,1,1,2,6
200500054448,0005-09-06 20:15:00,5,9,6,20,15,530,73.0,CD110,,,Plein jour,Hors agglomération,Hors intersection,Normale,Trois véhicules et plus - collisions multiples,,,,,,,,,,,1,1,1,1,5