accident_id,datetime,annee,mois,jour,heure,minute,departement,commune_insee,adresse,latitude,longitude,luminosite,agglomeration,intersection,meteo,collision,nb_vehicules,nb_usagers,nb_indemnes,nb_tues,nb_blesses_hosp,nb_blesses_legers,age_cond_1,age_cond_2,veh_type_cond_1,veh_type_cond_2,lum_code,agg_code,int_code,atm_code,col_code
200500055259,0005-09-21 17:15:00,5,9,21,17,15,670,478.0,Carrefour CD 14 et CD 6,,,Plein jour,Hors agglomération,Intersection en T,Temps éblouissant,Deux véhicules - frontale,,,,,,,,,,,1,1,3,7,1
200500055260,0005-09-24 17:50:00,5,9,24,17,50,670,302.0,,,,Plein jour,Hors agglomération,Hors intersection,Normale,Deux véhicules - arrière,,,,,,,,,,,1,1,1,1,2
200500055261,0005-09-28 12:45:00,5,9,28,12,45,670,437.0,,,,Plein jour,Hors agglomération,Hors intersection,Normale,Sans collision,,,,,,,,,,,1,1,1,1,7
200500055262,0005-09-02 10:45:00,5,9,2,10,45,670,371.0,,,,Plein jour,Hors agglomération,Hors intersection,Normale,Deux véhicules - côté,,,,,,,,,,,1,1,1,1,3
200500055263,0005-09-10 22:00:00,5,9,10,22,0,670,413.0,,,,Nuit sans éclairage public,Hors agglomération,Hors intersection,Pluie légère,Autre collision,,,,,,,,,,,3,1,1,2,6
200500055264,0005-09-14 12:30:00,5,9,14,12,30,670,552.0,,,,Plein jour,Hors agglomération,Hors intersection,Normale,Deux véhicules - arrière,,,,,,,,,,,1,1,1,1,2
200500055265,0005-09-23 07:45:00,5,9,23,7,45,670,2.0,,48.911,7.189,Plein jour,Hors agglomération,Intersection en T,Normale,Deux véhicules - côté,,,,,,,,,,,1,1,3,1,3
200500055266,0005-09-18 16:25:00,5,9,18,16,25,670,119.0,CD 263,,,Plein jour,Hors agglomération,Hors intersection,Normale,Deux véhicules - côté,,,,,,,,,,,1,1,1,1,3
200500055267,0005-09-11 11:45:00,5,9,11,11,45,670,403.0,,48.809,7.557,Plein jour,Hors agglomération,Hors intersection,Normale,Deux véhicules - frontale,,,,,,,,,,,1,1,1,1,1
200500055268,0005-09-20 16:00:00,5,9,20,16,0,670,444.0,,48.758,7.525,Plein jour,Hors agglomération,Hors intersection,Normale,Deux véhicules - côté,,,,,,,,,,,1,1,1,1,3
200500055269,0005-09-13 20:30:00,5,9,13,20,30,670,495.0,RUE GODOPEDRO -PEREZ,,,Nuit avec éclairage allumé,En agglomération,Hors intersection,Normale,Deux véhicules - côté,,,,,,,,,,,5,2,1,1,3
200500055270,0005-09-22 16:45:00,5,9,22,16,45,670,374.0,,,,Nuit sans éclairage public,Hors agglomération,Hors intersection,Normale,Sans collision,,,,,,,,,,,3,1,1,1,7
200500055271,0005-09-23 15:45:00,5,9,23,15,45,670,452.0,,48.656,7.582,Plein jour,Hors agglomération,Hors intersection,Brouillard / fumée,Deux véhicules - côté,,,,,,,,,,,1,1,1,5,3
200500055272,0005-09-25 19:45:00,5,9,25,19,45,670,150.0,,48.613,7.559,Crépuscule ou aube,Hors agglomération,Hors intersection,Normale,Deux véhicules - côté,,,,,,,,,,,2,1,1,1,3
200500055273,0005-09-26 09:00:00,5,9,26,9,0,670,109.0,,,,Plein jour,Hors agglomération,Hors intersection,Normale,Deux véhicules - côté,,,,,,,,,,,1,1,1,1,3
200500055274,0005-09-30 07:45:00,5,9,30,7,45,670,363.0,,48.597,7.541,Crépuscule ou aube,Hors agglomération,Hors intersection,Normale,Deux véhicules - côté,,,,,,,,,,,2,1,1,1,3
200500055275,0005-09-25 17:00:00,5,9,25,17,0,670,495.0,,,,Plein jour,Hors agglomération,Hors intersection,Normale,Deux véhicules - côté,,,,,,,,,,,1,1,1,1,3
200500055276,0005-09-18 02:30:00,5,9,18,2,30,670,151.0,,48.694,7.903,Nuit sans éclairage public,Hors agglomération,Hors intersection,Normale,Autre collision,,,,,,,,,,,3,1,1,1,6
200500055277,0005-09-04 05:15:00,5,9,4,5,15,670,226.0,,48.612,7.578,Nuit sans éclairage public,Hors agglomération,Hors intersection,Normale,Deux véhicules - frontale,,,,,,,,,,,3,1,1,1,1
200500055278,0005-09-07 17:15:00,5,9,7,17,15,670,226.0,RN.4 - CD.222,,,Plein jour,En agglomération,Hors intersection,Normale,Deux véhicules - frontale,,,,,,,,,,,1,2,1,1,1
200500055279,0005-09-17 18:00:00,5,9,17,18,0,670,1.0,,48.581,7.629,Plein jour,Hors agglomération,Hors intersection,Normale,Deux véhicules - côté,,,,,,,,,,,1,1,1,1,3
200500055280,0005-09-26 16:05:00,5,9,26,16,5,670,73.0,,48.299,7.362,Plein jour,Hors agglomération,Hors intersection,Normale,Deux véhicules - frontale,,,,,,,,,,,1,1,1,1,1
200500055281,0005-09-30 22:30:00,5,9,30,22,30,670,351.0,,48.976,7.987,Nuit avec éclairage allumé,En agglomération,Hors intersection,Normale,Autre collision,,,,,,,,,,,5,2,1,1,6
200500055282,0005-09-07 15:45:00,5,9,7,15,45,670,261.0,,48.974,8.177,Plein jour,Hors agglomération,Hors intersection,Normale,Autre collision,,,,,,,,,,,1,1,1,1,6
200500055283,0005-09-07 15:00:00,5,9,7,15,0,680,7.0,,,,Plein jour,Hors agglomération,Hors intersection,Normale,Deux véhicules - frontale,,,,,,,,,,,1,1,1,1,1
200500055284,0005-09-21 08:00:00,5,9,21,8,0,680,295.0,,,,Plein jour,Hors agglomération,Intersection en T,Normale,Deux véhicules - côté,,,,,,,,,,,1,1,3,1,3
200500055285,0005-09-01 09:00:00,5,9,1,9,0,680,329.0,,48.068,7.034,Plein jour,Hors agglomération,Hors intersection,Normale,Autre collision,,,,,,,,,,,1,1,1,1,6
200500055286,0005-09-10 19:15:00,5,9,10,19,15,680,368.0,,48.054,7.194,Plein jour,Hors agglomération,Hors intersection,Normale,Sans collision,,,,,,,,,,,1,1,1,1,7
200500055287,0005-09-22 15:15:00,5,9,22,15,15,680,204.0,,47.955,7.034,Plein jour,Hors agglomération,Hors intersection,Normale,Deux véhicules - côté,,,,,,,,,,,1,1,1,1,3
200500055288,0005-09-06 20:15:00,5,9,6,20,15,680,296.0,,48.248,7.35,Crépuscule ou aube,Hors agglomération,Hors intersection,Normale,Autre collision,,,,,,,,,,,2,1,1,1,6
200500055289,0005-09-08 11:45:00,5,9,8,11,45,680,162.0,73 route de lapoutroie,48.156,7.239,Plein jour,En agglomération,Hors intersection,Normale,Deux véhicules - arrière,,,,,,,,,,,1,2,1,1,2
200500055290,0005-09-09 16:45:00,5,9,9,16,45,680,5.0,,48.13,7.291,Plein jour,Hors agglomération,Hors intersection,Pluie légère,Deux véhicules - côté,,,,,,,,,,,1,1,1,2,3
200500055291,0005-09-04 11:00:00,5,9,4,11,0,680,298.0,rue Jaurès,48.257,7.193,Plein jour,En agglomération,Hors intersection,Normale,Deux véhicules - côté,,,,,,,,,,,1,2,1,1,3
200500055292,0005-09-10 05:15:00,5,9,10,5,15,680,325.0,,47.555,7.351,Nuit sans éclairage public,Hors agglomération,Hors intersection,Normale,Autre collision,,,,,,,,,,,3,1,1,1,6
200500055293,0005-09-26 15:45:00,5,9,26,15,45,680,138.0,rue de Bettendorf,47.59,7.257,Plein jour,En agglomération,Hors intersection,Normale,Deux véhicules - frontale,,,,,,,,,,,1,2,1,1,1
200500055294,0005-09-05 10:30:00,5,9,5,10,30,680,293.0,CD 32 VIII,47.687,7.053,Plein jour,Hors agglomération,Hors intersection,Normale,Deux véhicules - frontale,,,,,,,,,,,1,1,1,1,1
200500055295,0005-09-10 08:15:00,5,9,10,8,15,680,49.0,,47.509,7.337,Plein jour,Hors agglomération,Hors intersection,Normale,Sans collision,,,,,,,,,,,1,1,1,1,7
200500055296,0005-09-26 00:15:00,5,9,26,0,15,680,176.0,,,,Nuit sans éclairage public,Hors agglomération,Hors intersection,Temps couvert,Deux véhicules - frontale,,,,,,,,,,,3,1,1,8,1
200500055297,0005-09-01 20:45:00,5,9,1,20,45,680,300.0,,47.788,7.433,Crépuscule ou aube,Hors agglomération,Hors intersection,Normale,Autre collision,,,,,,,,,,,2,1,1,1,6
200500055298,0005-09-24 21:00:00,5,9,24,21,0,680,349.0,PISTES DU RHIN/ROUTE EDF,47.61,7.57,Nuit avec éclairage allumé,En agglomération,Autre intersection,Normale,Deux véhicules - côté,,,,,,,,,,,5,2,9,1,3
200500055299,0005-09-25 19:30:00,5,9,25,19,30,680,63.0,"Gaulle, rue M. KOECHLIN",47.806,7.182,Nuit avec éclairage allumé,En agglomération,Hors intersection,Normale,Deux véhicules - côté,,,,,,,,,,,5,2,1,1,3
200500055300,0005-09-04 06:55:00,5,9,4,6,55,680,344.0,RN 66,47.882,6.937,Crépuscule ou aube,Hors agglomération,Hors intersection,Normale,Autre collision,,,,,,,,,,,2,1,1,1,6
200500055301,0005-09-20 09:00:00,5,9,20,9,0,680,247.0,50 Grand Rue,,,Plein jour,En agglomération,Hors intersection,Normale,Autre collision,,,,,,,,,,,1,2,1,1,6
200500055302,0005-09-11 11:45:00,5,9,11,11,45,680,46.0,,47.801,7.03,Plein jour,Hors agglomération,Hors intersection,Pluie légère,Deux véhicules - frontale,,,,,,,,,,,1,1,1,2,1
200500055303,0005-09-27 17:00:00,5,9,27,17,0,680,219.0,,47.747,7.033,Plein jour,Hors agglomération,Hors intersection,Normale,Deux véhicules - côté,,,,,,,,,,,1,1,1,1,3
200500055304,0005-09-18 06:30:00,5,9,18,6,30,510,278.0,,49.086,4.282,Crépuscule ou aube,Hors agglomération,Hors intersection,Normale,Deux véhicules - frontale,,,,,,,,,,,2,1,1,1,1
200500055305,0005-09-21 11:00:00,5,9,21,11,0,510,18.0,,49.019,4.134,Plein jour,Hors agglomération,Hors intersection,Normale,Trois véhicules et plus - collisions multiples,,,,,,,,,,,1,1,1,1,5
200500055306,0005-09-21 02:45:00,5,9,21,2,45,510,193.0,D.79,48.975,4.524,Nuit sans éclairage public,Hors agglomération,Hors intersection,Normale,Autre collision,,,,,,,,,,,3,1,1,1,6
200500055307,0005-09-23 16:00:00,5,9,23,16,0,510,436.0,,,,Plein jour,Hors agglomération,Hors intersection,Normale,Trois véhicules et plus - collisions multiples,,,,,,,,,,,1,1,1,1,5
200500055308,0005-09-21 06:45:00,5,9,21,6,45,510,326.0,,49.115,4.256,Crépuscule ou aube,Hors agglomération,Hors intersection,Brouillard / fumée,Deux véhicules - côté,,,,,,,,,,,2,1,1,5,3
200500055309,0005-09-14 09:00:00,5,9,14,9,0,510,597.0,ROUTE DE BOURSAULT,49.056,3.876,Plein jour,En agglomération,Hors intersection,Normale,Deux véhicules - côté,,,,,,,,,,,1,2,1,1,3
200500055310,0005-09-01 11:15:00,5,9,1,11,15,510,248.0,lilas et avenue pasteur,48.759,3.992,Plein jour,En agglomération,Hors intersection,Pluie légère,Trois véhicules et plus - collisions multiples,,,,,,,,,,,1,2,1,2,5
200500055311,0005-09-03 07:45:00,5,9,3,7,45,510,594.0,lieu dit LA MALTOURNEE.,48.748,4.107,Plein jour,Hors agglomération,Hors intersection,Normale,Trois véhicules et plus - collisions multiples,,,,,,,,,,,1,1,1,1,5
200500055312,0005-09-08 14:30:00,5,9,8,14,30,510,285.0,,48.743,4.16,Plein jour,Hors agglomération,Hors intersection,Normale,Deux véhicules - côté,,,,,,,,,,,1,1,1,1,3
200500055313,0005-09-09 17:40:00,5,9,9,17,40,510,380.0,RUE DE L EMPEREUR,,,Plein jour,En agglomération,Hors intersection,Normale,Deux véhicules - arrière,,,,,,,,,,,1,2,1,1,2
200500055314,0005-09-01 09:45:00,5,9,1,9,45,510,407.0,,48.734,3.65,Plein jour,Hors agglomération,Hors intersection,Pluie légère,Autre collision,,,,,,,,,,,1,1,1,2,6
200500055315,0005-09-12 16:00:00,5,9,12,16,0,510,254.0,,48.636,3.691,Plein jour,Hors agglomération,Hors intersection,Normale,Deux véhicules - arrière,,,,,,,,,,,1,1,1,1,2
200500055316,0005-09-13 17:45:00,5,9,13,17,45,510,237.0,Boulevard Wilson,48.727,3.552,Plein jour,En agglomération,Hors intersection,Normale,Sans collision,,,,,,,,,,,1,2,1,1,7
200500055317,0005-09-20 12:00:00,5,9,20,12,0,510,535.0,,48.735,3.731,Plein jour,Hors agglomération,Intersection en T,Normale,Deux véhicules - côté,,,,,,,,,,,1,1,3,1,3
200500055318,0005-09-19 18:00:00,5,9,19,18,0,510,308.0,120 ROUTE NATIONALE,49.289,3.816,Plein jour,En agglomération,Hors intersection,Normale,Deux véhicules - côté,,,,,,,,,,,1,2,1,1,3
200500055319,0005-09-19 21:45:00,5,9,19,21,45,510,532.0,,49.14,3.995,Nuit sans éclairage public,Hors agglomération,Hors intersection,Normale,Autre collision,,,,,,,,,,,3,1,1,1,6
200500055320,0005-09-25 11:30:00,5,9,25,11,30,510,118.0,,,,Plein jour,Hors agglomération,Hors intersection,Pluie forte,Deux véhicules - frontale,,,,,,,,,,,1,1,1,3,1
200500055321,0005-09-27 13:00:00,5,9,27,13,0,510,622.0,"CD 26, PK 34 + 707",49.215,3.941,Plein jour,Hors agglomération,Hors intersection,Normale,Sans collision,,,,,,,,,,,1,1,1,1,7
200500055322,0005-09-11 19:10:00,5,9,11,19,10,510,204.0,RD22,,,Plein jour,Hors agglomération,Hors intersection,Normale,Autre collision,,,,,,,,,,,1,1,1,1,6
200500055323,0005-09-28 20:10:00,5,9,28,20,10,510,488.0,R.N 51,,,Nuit sans éclairage public,Hors agglomération,Hors intersection,Normale,Trois véhicules et plus - collisions multiples,,,,,,,,,,,3,1,1,1,5
200500055324,0005-09-29 09:35:00,5,9,29,9,35,510,331.0,RD9,,,Plein jour,En agglomération,Hors intersection,Normale,Trois véhicules et plus - collisions multiples,,,,,,,,,,,1,2,1,1,5
200500055325,0005-09-01 19:00:00,5,9,1,19,0,510,440.0,Ruze St médard,49.304,4.309,Plein jour,En agglomération,Hors intersection,Normale,Deux véhicules - arrière,,,,,,,,,,,1,2,1,1,2
200500055326,0005-09-01 15:45:00,5,9,1,15,45,510,598.0,,,,Plein jour,Hors agglomération,Hors intersection,Normale,Deux véhicules - arrière,,,,,,,,,,,1,1,1,1,2
200500055327,0005-09-04 21:15:00,5,9,4,21,15,510,352.0,,,,Nuit sans éclairage public,Hors agglomération,Hors intersection,Normale,Deux véhicules - arrière,,,,,,,,,,,3,1,1,1,2
200500055328,0005-09-11 02:15:00,5,9,11,2,15,510,195.0,,48.783,4.591,Nuit sans éclairage public,Hors agglomération,Hors intersection,Normale,Deux véhicules - frontale,,,,,,,,,,,3,1,1,1,1
200500055329,0005-09-13 23:30:00,5,9,13,23,30,510,334.0,,48.719,4.638,Nuit sans éclairage public,Hors agglomération,Hors intersection,Normale,Deux véhicules - côté,,,,,,,,,,,3,1,1,1,3
200500055330,0005-09-26 12:15:00,5,9,26,12,15,510,472.0,VOIE MONTIER,,,Plein jour,En agglomération,Hors intersection,Normale,Deux véhicules - frontale,,,,,,,,,,,1,2,1,1,1
200500055331,0005-09-02 09:15:00,5,9,2,9,15,510,531.0,,48.789,4.913,Plein jour,En agglomération,Hors intersection,Normale,Autre collision,,,,,,,,,,,1,2,1,1,6
200500055332,0005-09-23 21:30:00,5,9,23,21,30,510,288.0,Rn 4; PK 99+463,,,Nuit sans éclairage public,Hors agglomération,Hors intersection,Normale,Autre collision,,,,,,,,,,,3,1,1,1,6
200500055333,0005-09-16 16:30:00,5,9,16,16,30,510,507.0,,49.106,4.943,Plein jour,En agglomération,Hors intersection,Normale,Autre collision,,,,,,,,,,,1,2,1,1,6
200500055334,0005-09-13 16:45:00,5,9,13,16,45,80,322.0,Rue de presbytere,49.747,4.598,Plein jour,En agglomération,Intersection en T,Normale,Deux véhicules - frontale,,,,,,,,,,,1,2,3,1,1
200500055335,0005-09-13 07:30:00,5,9,13,7,30,80,363.0,Rue Gambetta,49.946,4.636,Plein jour,En agglomération,Passage à niveau,Normale,Deux véhicules - frontale,,,,,,,,,,,1,2,8,1,1
200500055336,0005-09-18 15:30:00,5,9,18,15,30,80,226.0,,50.106,4.741,Plein jour,Hors agglomération,Hors intersection,Normale,Deux véhicules - frontale,,,,,,,,,,,1,1,1,1,1
200500055337,0005-09-03 20:00:00,5,9,3,20,0,80,202.0,CD985,,,Plein jour,En agglomération,Hors intersection,Normale,Deux véhicules - arrière,,,,,,,,,,,1,2,1,1,2
200500055338,0005-09-21 16:00:00,5,9,21,16,0,80,100.0,ROUTE  D ANTHENY,,,Plein jour,En agglomération,Hors intersection,Normale,Autre collision,,,,,,,,,,,1,2,1,1,6
200500055339,0005-09-21 12:30:00,5,9,21,12,30,80,282.0,,,,Plein jour,Hors agglomération,Hors intersection,Normale,Autre collision,,,,,,,,,,,1,1,1,1,6
200500055340,0005-09-09 09:00:00,5,9,9,9,0,80,145.0,rue Serge CLOSSON,,,Plein jour,En agglomération,Hors intersection,Pluie légère,Deux véhicules - frontale,,,,,,,,,,,1,2,1,2,1
200500055341,0005-09-10 05:45:00,5,9,10,5,45,80,412.0,,49.304,4.832,Nuit sans éclairage public,Hors agglomération,Hors intersection,Normale,Autre collision,,,,,,,,,,,3,1,1,1,6
200500055342,0005-09-02 16:50:00,5,9,2,16,50,80,403.0,Avnue de Bourgoin,,,Plein jour,En agglomération,Intersection en X,Normale,Deux véhicules - côté,,,,,,,,,,,1,2,2,1,3
200500055343,0005-09-06 15:45:00,5,9,6,15,45,80,419.0,,,,Plein jour,Hors agglomération,Hors intersection,Normale,Sans collision,,,,,,,,,,,1,1,1,1,7
200500055344,0005-09-21 12:00:00,5,9,21,12,0,80,368.0,,49.426,4.198,Plein jour,Hors agglomération,Hors intersection,Normale,Sans collision,,,,,,,,,,,1,1,1,1,7
200500055345,0005-09-15 14:00:00,5,9,15,14,0,80,196.0,,49.66,4.417,Plein jour,Hors agglomération,Hors intersection,Normale,Sans collision,,,,,,,,,,,1,1,1,1,7
200500055346,0005-09-19 16:35:00,5,9,19,16,35,80,329.0,,,,Plein jour,Hors agglomération,Hors intersection,Normale,Deux véhicules - arrière,,,,,,,,,,,1,1,1,1,2
200500055347,0005-09-04 15:30:00,5,9,4,15,30,100,373.0,,48.235,4.018,Plein jour,Hors agglomération,Hors intersection,Normale,Sans collision,,,,,,,,,,,1,1,1,1,7
200500055348,0005-09-23 14:00:00,5,9,23,14,0,100,122.0,,,,Plein jour,Hors agglomération,Intersection en T,Normale,Deux véhicules - frontale,,,,,,,,,,,1,1,3,1,1
200500055349,0005-09-24 08:00:00,5,9,24,8,0,100,99.0,15 rue principale,48.021,3.908,Plein jour,En agglomération,Hors intersection,Normale,Sans collision,,,,,,,,,,,1,2,1,1,7
200500055350,0005-09-10 07:15:00,5,9,10,7,15,100,67.0,,,,Crépuscule ou aube,En agglomération,Hors intersection,Normale,Deux véhicules - frontale,,,,,,,,,,,2,2,1,1,1
200500055351,0005-09-07 21:10:00,5,9,7,21,10,100,115.0,Martyrs de la résistance,,,Crépuscule ou aube,En agglomération,Hors intersection,Normale,Autre collision,,,,,,,,,,,2,2,1,1,6
200500055352,0005-09-28 07:30:00,5,9,28,7,30,100,197.0,,48.23,4.802,Crépuscule ou aube,Hors agglomération,Hors intersection,Pluie légère,Sans collision,,,,,,,,,,,2,1,1,2,7
200500055353,0005-09-29 12:30:00,5,9,29,12,30,100,33.0,,,,Plein jour,Hors agglomération,Hors intersection,Pluie légère,Deux véhicules - côté,,,,,,,,,,,1,1,1,2,3
200500055354,0005-09-09 06:30:00,5,9,9,6,30,100,219.0,,,,Plein jour,Hors agglomération,Hors intersection,Temps couvert,Sans collision,,,,,,,,,,,1,1,1,8,7
200500055355,0005-09-28 18:30:00,5,9,28,18,30,100,279.0,,48.514,4.513,Plein jour,Hors agglomération,Hors intersection,Normale,Deux véhicules - frontale,,,,,,,,,,,1,1,1,1,1
200500055356,0005-09-29 17:45:00,5,9,29,17,45,100,261.0,rue saint roch,,,Plein jour,En agglomération,Hors intersection,Normale,Deux véhicules - frontale,,,,,,,,,,,1,2,1,1,1
200500055357,0005-09-19 23:30:00,5,9,19,23,30,100,224.0,17 rue George CLEMENCEAU,48.408,3.736,Nuit avec éclairage allumé,En agglomération,Hors intersection,Normale,Autre collision,,,,,,,,,,,5,2,1,1,6
200500055358,0005-09-27 17:30:00,5,9,27,17,30,100,225.0,RN.19,48.511,3.564,Plein jour,Hors agglomération,Hors intersection,Normale,Sans collision,,,,,,,,,,,1,1,1,1,7
200500055359,0005-09-30 21:00:00,5,9,30,21,0,100,148.0,,48.484,3.622,Nuit sans éclairage public,Hors agglomération,Hors intersection,Normale,Autre collision,,,,,,,,,,,3,1,1,1,6
200500055360,0005-09-18 13:00:00,5,9,18,13,0,100,233.0,Route de Soisons CD 373,48.515,3.888,Plein jour,En agglomération,Hors intersection,Normale,Deux véhicules - frontale,,,,,,,,,,,1,2,1,1,1
200500055361,0005-09-18 05:00:00,5,9,18,5,0,520,225.0,,,,Nuit avec éclairage allumé,Hors agglomération,Hors intersection,Normale,Autre collision,,,,,,,,,,,5,1,1,1,6
200500055362,0005-09-20 17:30:00,5,9,20,17,30,520,444.0,,,,Plein jour,Hors agglomération,Hors intersection,Normale,Autre collision,,,,,,,,,,,1,1,1,1,6
200500055363,0005-09-30 17:30:00,5,9,30,17,30,520,8.0,10 rue du Dardignon,48.24,5.28,Plein jour,En agglomération,Hors intersection,Normale,Autre collision,,,,,,,,,,,1,2,1,1,6
200500055364,0005-09-06 10:45:00,5,9,6,10,45,520,50.0,,48.107,5.278,Plein jour,Hors agglomération,Hors intersection,Temps couvert,Sans collision,,,,,,,,,,,1,1,1,8,7
200500055365,0005-09-09 18:20:00,5,9,9,18,20,520,1.0,,,,Plein jour,Hors agglomération,Hors intersection,Pluie légère,Trois véhicules et plus - en chaîne,,,,,,,,,,,1,1,1,2,4
200500055366,0005-09-11 06:30:00,5,9,11,6,30,520,50.0,Rue du cheminée,,,Crépuscule ou aube,En agglomération,Hors intersection,Pluie légère,Autre collision,,,,,,,,,,,2,2,1,2,6
200500055367,0005-09-23 11:15:00,5,9,23,11,15,520,353.0,RUE DE VERDUN,48.033,5.343,Plein jour,En agglomération,Hors intersection,Normale,Autre collision,,,,,,,,,,,1,2,1,1,6
200500055368,0005-09-25 15:15:00,5,9,25,15,15,520,353.0,,48.017,5.34,Plein jour,Hors agglomération,Hors intersection,Normale,Sans collision,,,,,,,,,,,1,1,1,1,7
200500055369,0005-09-29 19:15:00,5,9,29,19,15,520,191.0,,,,Crépuscule ou aube,Hors agglomération,Hors intersection,Normale,Autre collision,,,,,,,,,,,2,1,1,1,6
200500055370,0005-09-12 16:15:00,5,9,12,16,15,520,269.0,,47.84,5.376,Plein jour,Hors agglomération,Hors intersection,Autre,Deux véhicules - frontale,,,,,,,,,,,1,1,1,9,1
200500055371,0005-09-20 20:25:00,5,9,20,20,25,520,116.0,RN 19  PK 74+400,,,Nuit sans éclairage public,Hors agglomération,Hors intersection,Normale,Deux véhicules - arrière,,,,,,,,,,,3,1,1,1,2
200500055372,0005-09-25 13:45:00,5,9,25,13,45,520,36.0,,47.825,5.374,Plein jour,Hors agglomération,Intersection en Y,Normale,Deux véhicules - côté,,,,,,,,,,,1,1,4,1,3
200500055373,0005-09-03 09:15:00,5,9,3,9,15,520,60.0,le bourg Genrupt,,,Plein jour,En agglomération,Hors intersection,Normale,Autre collision,,,,,,,,,,,1,2,1,1,6
200500055374,0005-09-10 15:30:00,5,9,10,15,30,520,60.0,,,,Plein jour,Hors agglomération,Hors intersection,Autre,Autre collision,,,,,,,,,,,1,1,1,9,6
200500055375,0005-09-10 00:01:00,5,9,10,0,1,520,374.0,,47.775,5.388,Nuit sans éclairage public,Hors agglomération,Passage à niveau,Normale,Deux véhicules - frontale,,,,,,,,,,,3,1,8,1,1
200500055376,0005-09-03 22:45:00,5,9,3,22,45,520,509.0,,47.675,5.268,Nuit sans éclairage public,Hors agglomération,Hors intersection,Normale,Autre collision,,,,,,,,,,,3,1,1,1,6
200500055377,0005-09-18 21:15:00,5,9,18,21,15,520,370.0,,,,Nuit sans éclairage public,Hors agglomération,Hors intersection,Normale,Sans collision,,,,,,,,,,,3,1,1,1,7
200500055378,0005-09-24 19:15:00,5,9,24,19,15,520,462.0,ROUTE DE DOULAINCOURT,48.348,5.188,Nuit sans éclairage public,En agglomération,Hors intersection,Normale,Autre collision,,,,,,,,,,,3,2,1,1,6
200500055379,0005-09-27 07:45:00,5,9,27,7,45,520,199.0,CD117,,,Plein jour,En agglomération,Hors intersection,Normale,Sans collision,,,,,,,,,,,1,2,1,1,7
200500055380,0005-09-03 09:00:00,5,9,3,9,0,520,550.0,carrefour CD2 / CD4,,,Plein jour,En agglomération,Intersection en T,Normale,Deux véhicules - côté,,,,,,,,,,,1,2,3,1,3
200500055381,0005-09-16 04:45:00,5,9,16,4,45,520,543.0,,,,Nuit sans éclairage public,Hors agglomération,Hors intersection,Pluie légère,Sans collision,,,,,,,,,,,3,1,1,2,7
200500055382,0005-09-12 17:15:00,5,9,12,17,15,520,391.0,,,,Plein jour,Hors agglomération,Hors intersection,Normale,Autre collision,,,,,,,,,,,1,1,1,1,6
200500055383,0005-09-24 16:45:00,5,9,24,16,45,520,88.0,,,,Plein jour,Hors agglomération,Hors intersection,Normale,Trois véhicules et plus - collisions multiples,,,,,,,,,,,1,1,1,1,5
200500055384,0005-09-25 22:15:00,5,9,25,22,15,450,32.0,,,,Nuit sans éclairage public,Hors agglomération,Hors intersection,Normale,Sans collision,,,,,,,,,,,3,1,1,1,7
200500055385,0005-09-11 12:30:00,5,9,11,12,30,210,652.0,,47.211,4.628,Plein jour,Hors agglomération,Hors intersection,Normale,Sans collision,,,,,,,,,,,1,1,1,1,7
200500055386,0005-09-12 14:45:00,5,9,12,14,45,210,138.0,RN5,,,Plein jour,Hors agglomération,Hors intersection,Normale,Deux véhicules - côté,,,,,,,,,,,1,1,1,1,3
200500055387,0005-09-09 17:30:00,5,9,9,17,30,210,353.0,CD968,47.198,5.149,Plein jour,En agglomération,Hors intersection,Normale,Deux véhicules - côté,,,,,,,,,,,1,2,1,1,3
200500055388,0005-09-29 04:45:00,5,9,29,4,45,210,213.0,RD905,47.279,5.121,Nuit avec éclairage allumé,En agglomération,Hors intersection,Normale,Deux véhicules - frontale,,,,,,,,,,,5,2,1,1,1
200500055389,0005-09-10 09:30:00,5,9,10,9,30,210,481.0,Rond  Point CORA,47.277,5.003,Plein jour,En agglomération,Autre intersection,Normale,Deux véhicules - côté,,,,,,,,,,,1,2,9,1,3
200500055390,0005-09-18 11:45:00,5,9,18,11,45,210,263.0,,47.254,5.058,Plein jour,Hors agglomération,Hors intersection,Normale,Deux véhicules - côté,,,,,,,,,,,1,1,1,1,3
200500055391,0005-09-03 21:45:00,5,9,3,21,45,210,76.0,,47.339,5.246,Nuit sans éclairage public,Hors agglomération,Autre intersection,Normale,Autre collision,,,,,,,,,,,3,1,9,1,6
200500055392,0005-09-25 06:30:00,5,9,25,6,30,210,680.0,RUE D AUXONNE,47.275,5.453,Crépuscule ou aube,En agglomération,Hors intersection,Normale,Deux véhicules - côté,,,,,,,,,,,2,2,1,1,3
200500055393,0005-09-14 07:45:00,5,9,14,7,45,210,391.0,,,,Plein jour,Hors agglomération,Intersection en X,Normale,Trois véhicules et plus - collisions multiples,,,,,,,,,,,1,1,2,1,5