accident_id,datetime,annee,mois,jour,heure,minute,departement,commune_insee,adresse,latitude,longitude,luminosite,agglomeration,intersection,meteo,collision,nb_vehicules,nb_usagers,nb_indemnes,nb_tues,nb_blesses_hosp,nb_blesses_legers,age_cond_1,age_cond_2,veh_type_cond_1,veh_type_cond_2,lum_code,agg_code,int_code,atm_code,col_code
200500055527,0005-09-24 10:15:00,5,9,24,10,15,130,66.0,quartier peyvert,,,Plein jour,Hors agglomération,Hors intersection,Normale,Deux véhicules - côté,,,,,,,,,,,1,1,1,1,3
200500055528,0005-09-22 14:45:00,5,9,22,14,45,130,82.0,Quartier Piboule,43.681,5.345,Plein jour,Hors agglomération,Hors intersection,Normale,Deux véhicules - frontale,,,,,,,,,,,1,1,1,1,1
200500055529,0005-09-24 23:00:00,5,9,24,23,0,40,1.0,,44.054,6.149,Nuit sans éclairage public,Hors agglomération,Hors intersection,Normale,Deux véhicules - frontale,,,,,,,,,,,3,1,1,1,1
200500055530,0005-09-04 09:45:00,5,9,4,9,45,40,230.0,,43.806,5.831,Plein jour,Hors agglomération,Hors intersection,Normale,Deux véhicules - côté,,,,,,,,,,,1,1,1,1,3
200500055531,0005-09-06 15:00:00,5,9,6,15,0,40,106.0,,,,Plein jour,Hors agglomération,Hors intersection,Pluie légère,Autre collision,,,,,,,,,,,1,1,1,2,6
200500055532,0005-09-19 10:45:00,5,9,19,10,45,40,116.0,,,,Plein jour,Hors agglomération,Hors intersection,Normale,Deux véhicules - frontale,,,,,,,,,,,1,1,1,1,1
200500055533,0005-09-16 12:30:00,5,9,16,12,30,40,55.0,,,,Plein jour,Hors agglomération,Hors intersection,Normale,Deux véhicules - frontale,,,,,,,,,,,1,1,1,1,1
200500055534,0005-09-21 09:15:00,5,9,21,9,15,40,54.0,RN 85. PK 57+300,,,Plein jour,Hors agglomération,Hors intersection,Normale,Deux véhicules - frontale,,,,,,,,,,,1,1,1,1,1
200500055535,0005-09-15 11:45:00,5,9,15,11,45,40,226.0,,44.338,6.608,Plein jour,Hors agglomération,Hors intersection,Normale,Deux véhicules - frontale,,,,,,,,,,,1,1,1,1,1
200500055536,0005-09-04 13:30:00,5,9,4,13,30,40,90.0,,,,Plein jour,Hors agglomération,Hors intersection,Normale,Deux véhicules - frontale,,,,,,,,,,,1,1,1,1,1
200500055537,0005-09-17 17:00:00,5,9,17,17,0,40,8.0,RD 908,,,Plein jour,En agglomération,Hors intersection,Normale,Deux véhicules - frontale,,,,,,,,,,,1,2,1,1,1
200500055538,0005-09-06 08:15:00,5,9,6,8,15,40,219.0,,,,Plein jour,Hors agglomération,Hors intersection,Temps couvert,Deux véhicules - frontale,,,,,,,,,,,1,1,1,8,1
200500055539,0005-09-07 10:00:00,5,9,7,10,0,40,242.0,,43.901,5.831,Plein jour,Hors agglomération,Hors intersection,Normale,Trois véhicules et plus - collisions multiples,,,,,,,,,,,1,1,1,1,5
200500055540,0005-09-07 17:45:00,5,9,7,17,45,40,104.0,,43.98,5.733,Plein jour,Hors agglomération,Hors intersection,Normale,Deux véhicules - frontale,,,,,,,,,,,1,1,1,1,1
200500055541,0005-09-09 12:00:00,5,9,9,12,0,40,188.0,,43.911,5.787,Plein jour,Hors agglomération,Intersection en X,Normale,Deux véhicules - côté,,,,,,,,,,,1,1,2,1,3
200500055542,0005-09-14 23:30:00,5,9,14,23,30,40,111.0,,43.925,5.758,Nuit sans éclairage public,Hors agglomération,Hors intersection,Normale,Sans collision,,,,,,,,,,,3,1,1,1,7
200500055543,0005-09-17 12:00:00,5,9,17,12,0,40,188.0,,43.911,5.786,Plein jour,Hors agglomération,Hors intersection,Normale,Deux véhicules - côté,,,,,,,,,,,1,1,1,1,3
200500055544,0005-09-30 15:00:00,5,9,30,15,0,40,197.0,,43.806,5.78,Plein jour,Hors agglomération,Hors intersection,Normale,Deux véhicules - arrière,,,,,,,,,,,1,1,1,1,2
200500055545,0005-09-27 06:30:00,5,9,27,6,30,40,79.0,CD 4,,,Nuit sans éclairage public,Hors agglomération,Hors intersection,Normale,Autre collision,,,,,,,,,,,3,1,1,1,6
200500055546,0005-09-06 15:30:00,5,9,6,15,30,50,34.0,Les Vignasses,44.293,5.824,Plein jour,Hors agglomération,Hors intersection,Pluie légère,Autre collision,,,,,,,,,,,1,1,1,2,6
200500055547,0005-09-03 07:30:00,5,9,3,7,30,50,145.0,,,,Crépuscule ou aube,Hors agglomération,Hors intersection,Normale,Autre collision,,,,,,,,,,,2,1,1,1,6
200500055548,0005-09-18 17:30:00,5,9,18,17,30,50,9.0,,44.805,5.965,Plein jour,Hors agglomération,Hors intersection,Pluie forte,Deux véhicules - côté,,,,,,,,,,,1,1,1,3,3
200500055549,0005-09-23 18:15:00,5,9,23,18,15,50,39.0,le village,44.76,6.009,Plein jour,En agglomération,Hors intersection,Normale,Autre collision,,,,,,,,,,,1,2,1,1,6
200500055550,0005-09-24 21:30:00,5,9,24,21,30,50,20.0,,,,Nuit sans éclairage public,Hors agglomération,Hors intersection,Normale,Sans collision,,,,,,,,,,,3,1,1,1,7
200500055551,0005-09-03 16:15:00,5,9,3,16,15,50,176.0,,,,Nuit sans éclairage public,Hors agglomération,Hors intersection,Normale,Trois véhicules et plus - en chaîne,,,,,,,,,,,3,1,1,1,4
200500055552,0005-09-03 18:15:00,5,9,3,18,15,50,170.0,1 RUE DU CHAMP DE FOIRE,,,Plein jour,En agglomération,Hors intersection,Normale,Autre collision,,,,,,,,,,,1,2,1,1,6
200500055553,0005-09-29 08:00:00,5,9,29,8,0,50,162.0,,,,Plein jour,Hors agglomération,Hors intersection,Normale,Deux véhicules - côté,,,,,,,,,,,1,1,1,1,3
200500055554,0005-09-16 09:30:00,5,9,16,9,30,50,154.0,,,,Plein jour,Hors agglomération,Hors intersection,Normale,Deux véhicules - frontale,,,,,,,,,,,1,1,1,1,1
200500055555,0005-09-25 20:15:00,5,9,25,20,15,50,19.0,,44.558,5.622,Nuit sans éclairage public,Hors agglomération,Hors intersection,Normale,Autre collision,,,,,,,,,,,3,1,1,1,6
200500055556,0005-09-23 19:05:00,5,9,23,19,5,50,38.0,Coste Arène,44.763,6.825,Crépuscule ou aube,Hors agglomération,Hors intersection,Normale,Sans collision,,,,,,,,,,,2,1,1,1,7
200500055557,0005-09-22 13:45:00,5,9,22,13,45,50,124.0,,44.581,6.138,Plein jour,Hors agglomération,Hors intersection,Normale,Autre collision,,,,,,,,,,,1,1,1,1,6
200500055558,0005-09-14 08:00:00,5,9,14,8,0,60,48.0,QUARTIER LES ROSIERS,,,Plein jour,En agglomération,Hors intersection,Normale,Deux véhicules - frontale,,,,,,,,,,,1,2,1,1,1
200500055559,0005-09-21 11:45:00,5,9,21,11,45,60,168.0,,,,Plein jour,Hors agglomération,Hors intersection,Normale,Autre collision,,,,,,,,,,,1,1,1,1,6
200500055560,0005-09-30 15:00:00,5,9,30,15,0,60,75.0,av du Général de Gaulle,43.852,7.239,Plein jour,En agglomération,Hors intersection,Normale,Deux véhicules - frontale,,,,,,,,,,,1,2,1,1,1
200500055561,0005-09-06 16:15:00,5,9,6,16,15,60,151.0,,43.888,7.246,Plein jour,Hors agglomération,Hors intersection,Temps couvert,Deux véhicules - frontale,,,,,,,,,,,1,1,1,8,1
200500055562,0005-09-10 15:00:00,5,9,10,15,0,60,127.0,,44.083,7.245,Plein jour,Hors agglomération,Hors intersection,Normale,Sans collision,,,,,,,,,,,1,1,1,1,7
200500055563,0005-09-14 14:00:00,5,9,14,14,0,60,161.0,chemin des pierres noire,,,Plein jour,En agglomération,Autre intersection,Normale,Deux véhicules - frontale,,,,,,,,,,,1,2,9,1,1
200500055564,0005-09-25 14:00:00,5,9,25,14,0,60,161.0,route du bord de mer,,,Plein jour,En agglomération,Hors intersection,Normale,Deux véhicules - frontale,,,,,,,,,,,1,2,1,1,1
200500055565,0005-09-30 11:00:00,5,9,30,11,0,60,79.0,Rond point balcon d'azur,43.524,6.94,Plein jour,En agglomération,Giratoire,Normale,Deux véhicules - arrière,,,,,,,,,,,1,2,6,1,2
200500055566,0005-09-23 16:00:00,5,9,23,16,0,60,118.0,,,,Plein jour,Hors agglomération,Hors intersection,Normale,Deux véhicules - arrière,,,,,,,,,,,1,1,1,1,2
200500055567,0005-09-04 17:00:00,5,9,4,17,0,60,122.0,CD2210,,,Plein jour,Hors agglomération,Hors intersection,Normale,Deux véhicules - côté,,,,,,,,,,,1,1,1,1,3
200500055568,0005-09-13 08:00:00,5,9,13,8,0,60,157.0,av rhin et danube,,,Plein jour,En agglomération,Hors intersection,Temps éblouissant,Deux véhicules - frontale,,,,,,,,,,,1,2,1,7,1
200500055569,0005-09-16 07:00:00,5,9,16,7,0,60,150.0,,,,Plein jour,Hors agglomération,Hors intersection,Normale,Deux véhicules - côté,,,,,,,,,,,1,1,1,1,3
200500055570,0005-09-23 20:30:00,5,9,23,20,30,60,78.0,,,,Nuit sans éclairage public,Hors agglomération,Hors intersection,Normale,Deux véhicules - frontale,,,,,,,,,,,3,1,1,1,1
200500055571,0005-09-19 13:45:00,5,9,19,13,45,60,110.0,,44.096,7.049,Plein jour,Hors agglomération,Hors intersection,Pluie légère,Autre collision,,,,,,,,,,,1,1,1,2,6
200500055572,0005-09-25 16:00:00,5,9,25,16,0,60,80.0,,44.015,7.131,Plein jour,Hors agglomération,Hors intersection,Pluie forte,Deux véhicules - frontale,,,,,,,,,,,1,1,1,3,1
200500055573,0005-09-08 15:45:00,5,9,8,15,45,830,4.0,,,,Plein jour,Hors agglomération,Hors intersection,Pluie légère,Deux véhicules - frontale,,,,,,,,,,,1,1,1,2,1
200500055574,0005-09-19 06:15:00,5,9,19,6,15,830,4.0,,,,Nuit sans éclairage public,Hors agglomération,Hors intersection,Normale,Deux véhicules - arrière,,,,,,,,,,,3,1,1,1,2
200500055575,0005-09-19 08:45:00,5,9,19,8,45,830,4.0,RUE GABRIEL PERI,,,Plein jour,En agglomération,Hors intersection,Normale,Deux véhicules - côté,,,,,,,,,,,1,2,1,1,3
200500055576,0005-09-11 14:15:00,5,9,11,14,15,830,56.0,chemin de Figanières -,,,Plein jour,Hors agglomération,Intersection en X,Normale,Deux véhicules - frontale,,,,,,,,,,,1,1,2,1,1
200500055577,0005-09-18 17:00:00,5,9,18,17,0,830,11.0,RD 19,43.626,6.554,Plein jour,En agglomération,Hors intersection,Normale,Autre collision,,,,,,,,,,,1,2,1,1,6
200500055578,0005-09-06 01:30:00,5,9,6,1,30,830,55.0,,,,Nuit sans éclairage public,Hors agglomération,Hors intersection,Pluie légère,Sans collision,,,,,,,,,,,3,1,1,2,7
200500055579,0005-09-17 13:15:00,5,9,17,13,15,830,58.0,route de Salernes,,,Plein jour,En agglomération,Hors intersection,Normale,Autre collision,,,,,,,,,,,1,2,1,1,6
200500055580,0005-09-21 11:50:00,5,9,21,11,50,830,31.0,"RN7, les Thermes",,,Plein jour,Hors agglomération,Hors intersection,Normale,Autre collision,,,,,,,,,,,1,1,1,1,6
200500055581,0005-09-12 11:30:00,5,9,12,11,30,830,23.0,,,,Plein jour,Hors agglomération,Hors intersection,Normale,Deux véhicules - frontale,,,,,,,,,,,1,1,1,1,1
200500055582,0005-09-18 20:35:00,5,9,18,20,35,830,37.0,D 405 - PR 1,,,Nuit sans éclairage public,Hors agglomération,Hors intersection,Pluie légère,Autre collision,,,,,,,,,,,3,1,1,2,6
200500055583,0005-09-05 14:15:00,5,9,5,14,15,830,83.0,,,,Plein jour,Hors agglomération,Hors intersection,Pluie légère,Autre collision,,,,,,,,,,,1,1,1,2,6
200500055584,0005-09-15 15:45:00,5,9,15,15,45,830,100.0,,43.301,6.121,Plein jour,Hors agglomération,Hors intersection,Normale,Autre collision,,,,,,,,,,,1,1,1,1,6
200500055585,0005-09-28 15:00:00,5,9,28,15,0,830,33.0,,43.305,6.194,Plein jour,En agglomération,Hors intersection,Normale,Deux véhicules - arrière,,,,,,,,,,,1,2,1,1,2
200500055586,0005-09-05 15:45:00,5,9,5,15,45,830,106.0,,,,Plein jour,Hors agglomération,Hors intersection,Temps couvert,Deux véhicules - côté,,,,,,,,,,,1,1,1,8,3
200500055587,0005-09-10 18:15:00,5,9,10,18,15,830,106.0,,,,Plein jour,Hors agglomération,Hors intersection,Normale,Deux véhicules - frontale,,,,,,,,,,,1,1,1,1,1
200500055588,0005-09-07 08:00:00,5,9,7,8,0,830,21.0,CD 35 Route de Brue,,,Plein jour,Hors agglomération,Hors intersection,Pluie légère,Autre collision,,,,,,,,,,,1,1,1,2,6
200500055589,0005-09-30 07:15:00,5,9,30,7,15,830,96.0,on N7 et D423 - PK 5.500,,,Plein jour,Hors agglomération,Hors intersection,Normale,Deux véhicules - côté,,,,,,,,,,,1,1,1,1,3
200500055590,0005-09-05 10:30:00,5,9,5,10,30,830,120.0,RN 560 LA SAMBUC,,,Plein jour,Hors agglomération,Hors intersection,Pluie légère,Autre collision,,,,,,,,,,,1,1,1,2,6
200500055591,0005-09-05 12:10:00,5,9,5,12,10,830,87.0,PARKING LA FERRAGE,,,Plein jour,En agglomération,Place,Normale,Autre collision,,,,,,,,,,,1,2,7,1,6
200500055592,0005-09-24 04:45:00,5,9,24,4,45,830,107.0,,,,Nuit sans éclairage public,Hors agglomération,Hors intersection,Normale,Autre collision,,,,,,,,,,,3,1,1,1,6
200500055593,0005-09-06 17:45:00,5,9,6,17,45,830,48.0,,43.196,6.557,Plein jour,Hors agglomération,Hors intersection,Pluie légère,Autre collision,,,,,,,,,,,1,1,1,2,6
200500055594,0005-09-25 18:00:00,5,9,25,18,0,830,36.0,avenue des Romarains,,,Plein jour,En agglomération,Hors intersection,Normale,Deux véhicules - côté,,,,,,,,,,,1,2,1,1,3
200500055595,0005-09-13 11:45:00,5,9,13,11,45,830,63.0,CD558,,,Plein jour,Hors agglomération,Hors intersection,Normale,Deux véhicules - côté,,,,,,,,,,,1,1,1,1,3
200500055596,0005-09-18 23:30:00,5,9,18,23,30,830,42.0,,,,Nuit sans éclairage public,En agglomération,Hors intersection,Normale,Deux véhicules - frontale,,,,,,,,,,,3,2,1,1,1
200500055597,0005-09-05 16:30:00,5,9,5,16,30,830,86.0,RN 7 face station ESSO,,,Plein jour,En agglomération,Hors intersection,Normale,Deux véhicules - arrière,,,,,,,,,,,1,2,1,1,2
200500055598,0005-09-02 15:45:00,5,9,2,15,45,830,115.0,avenue Georges Pompidou,,,Plein jour,En agglomération,Hors intersection,Normale,Autre collision,,,,,,,,,,,1,2,1,1,6
200500055599,0005-09-04 12:45:00,5,9,4,12,45,830,115.0,venue Georges Clémenceau,,,Plein jour,En agglomération,Hors intersection,Normale,Deux véhicules - arrière,,,,,,,,,,,1,2,1,1,2
200500055600,0005-09-04 12:55:00,5,9,4,12,55,830,115.0,avenue st exupery,,,Plein jour,En agglomération,Hors intersection,Normale,Autre collision,,,,,,,,,,,1,2,1,1,6
200500055601,0005-09-09 11:00:00,5,9,9,11,0,830,115.0,,,,Nuit sans éclairage public,Hors agglomération,Intersection en T,Normale,Deux véhicules - côté,,,,,,,,,,,3,1,3,1,3
200500055602,0005-09-16 14:45:00,5,9,16,14,45,830,115.0,bd Jean Moulin RN 98,,,Plein jour,En agglomération,Hors intersection,Normale,Deux véhicules - côté,,,,,,,,,,,1,2,1,1,3
200500055603,0005-09-07 13:15:00,5,9,7,13,15,830,119.0,bd  Général de GAULE,,,Plein jour,En agglomération,Hors intersection,Normale,Deux véhicules - côté,,,,,,,,,,,1,2,1,1,3
200500055604,0005-09-24 00:45:00,5,9,24,0,45,830,65.0,,,,Nuit avec éclairage allumé,Hors agglomération,Hors intersection,Normale,Deux véhicules - frontale,,,,,,,,,,,5,1,1,1,1
200500055605,0005-09-24 13:00:00,5,9,24,13,0,830,119.0,RN98A,,,Plein jour,En agglomération,Hors intersection,Normale,Deux véhicules - côté,,,,,,,,,,,1,2,1,1,3
200500055606,0005-09-04 11:30:00,5,9,4,11,30,830,35.0,RN8,43.235,5.81,Plein jour,Hors agglomération,Hors intersection,Normale,Deux véhicules - frontale,,,,,,,,,,,1,1,1,1,1
200500055607,0005-09-04 15:00:00,5,9,4,15,0,830,16.0,,43.217,5.816,Plein jour,Hors agglomération,Hors intersection,Normale,Autre collision,,,,,,,,,,,1,1,1,1,6
200500055608,0005-09-12 14:00:00,5,9,12,14,0,830,35.0,CD 559,,,Plein jour,En agglomération,Hors intersection,Normale,Deux véhicules - côté,,,,,,,,,,,1,2,1,1,3
200500055609,0005-09-02 18:15:00,5,9,2,18,15,830,49.0,quartier des rayols,43.239,6.074,Plein jour,En agglomération,Hors intersection,Normale,Deux véhicules - frontale,,,,,,,,,,,1,2,1,1,1
200500055610,0005-09-03 21:30:00,5,9,3,21,30,830,100.0,,,,Nuit sans éclairage public,Hors agglomération,Hors intersection,Normale,Sans collision,,,,,,,,,,,3,1,1,1,7
200500055611,0005-09-11 11:30:00,5,9,11,11,30,830,43.0,,43.263,6.448,Plein jour,Hors agglomération,Hors intersection,Normale,Deux véhicules - frontale,,,,,,,,,,,1,1,1,1,1
200500055612,0005-09-17 14:45:00,5,9,17,14,45,830,49.0,,43.235,6.15,Nuit avec éclairage allumé,Hors agglomération,Hors intersection,Normale,Deux véhicules - côté,,,,,,,,,,,5,1,1,1,3
200500055613,0005-09-02 00:01:00,5,9,2,0,1,830,47.0,,43.159,6.082,Plein jour,Hors agglomération,Hors intersection,Normale,Deux véhicules - côté,,,,,,,,,,,1,1,1,1,3
200500055614,0005-09-02 18:30:00,5,9,2,18,30,830,19.0,R.N 98 Route du Dom,,,Plein jour,Hors agglomération,Hors intersection,Normale,Sans collision,,,,,,,,,,,1,1,1,1,7
200500055615,0005-09-04 12:30:00,5,9,4,12,30,830,70.0,avenue du Cap Nègre,43.156,6.428,Plein jour,En agglomération,Hors intersection,Normale,Autre collision,,,,,,,,,,,1,2,1,1,6
200500055616,0005-09-14 17:15:00,5,9,14,17,15,830,19.0,,43.168,6.344,Plein jour,Hors agglomération,Hors intersection,Normale,Deux véhicules - côté,,,,,,,,,,,1,1,1,1,3
200500055617,0005-09-29 16:45:00,5,9,29,16,45,830,70.0,Avenue du Maréchal Juin,,,Plein jour,En agglomération,Intersection en X,Temps éblouissant,Deux véhicules - frontale,,,,,,,,,,,1,2,2,7,1
200500055618,0005-09-27 08:40:00,5,9,27,8,40,830,112.0,D 559 route de LA CIOTAT,,,Plein jour,En agglomération,Intersection en T,Normale,Autre collision,,,,,,,,,,,1,2,3,1,6
200500055619,0005-09-10 15:35:00,5,9,10,15,35,840,99.0,RN 100,,,Plein jour,Hors agglomération,Hors intersection,Normale,Trois véhicules et plus - en chaîne,,,,,,,,,,,1,1,1,1,4
200500055620,0005-09-15 19:15:00,5,9,15,19,15,840,99.0,CD 2 - A.Briand,,,Plein jour,En agglomération,Hors intersection,Temps éblouissant,Deux véhicules - frontale,,,,,,,,,,,1,2,1,7,1
200500055621,0005-09-17 13:45:00,5,9,17,13,45,840,99.0,,,,Plein jour,Hors agglomération,Intersection en X,Normale,Deux véhicules - frontale,,,,,,,,,,,1,1,2,1,1
200500055622,0005-09-23 21:30:00,5,9,23,21,30,840,3.0,CD 231 les Gondonnets,,,Nuit sans éclairage public,Hors agglomération,Hors intersection,Normale,Sans collision,,,,,,,,,,,3,1,1,1,7
200500055623,0005-09-22 17:15:00,5,9,22,17,15,840,26.0,,43.73,5.388,Plein jour,Hors agglomération,Intersection en X,Normale,Deux véhicules - frontale,,,,,,,,,,,1,1,2,1,1
200500055624,0005-09-06 07:45:00,5,9,6,7,45,840,20.0,,,,Plein jour,Hors agglomération,Hors intersection,Normale,Autre collision,,,,,,,,,,,1,1,1,1,6
200500055625,0005-09-07 13:15:00,5,9,7,13,15,840,114.0,t Pantaléon / Beaumettes,43.882,5.191,Plein jour,Hors agglomération,Hors intersection,Normale,Autre collision,,,,,,,,,,,1,1,1,1,6
200500055626,0005-09-08 17:15:00,5,9,8,17,15,840,50.0,,,,Plein jour,Hors agglomération,Hors intersection,Normale,Deux véhicules - frontale,,,,,,,,,,,1,1,1,1,1
200500055627,0005-09-16 19:00:00,5,9,16,19,0,840,51.0,,43.863,5.237,Plein jour,Hors agglomération,Hors intersection,Normale,Trois véhicules et plus - collisions multiples,,,,,,,,,,,1,1,1,1,5
200500055628,0005-09-05 12:15:00,5,9,5,12,15,840,123.0,,44.096,5.41,Plein jour,En agglomération,Hors intersection,Pluie légère,Deux véhicules - côté,,,,,,,,,,,1,2,1,2,3
200500055629,0005-09-08 11:00:00,5,9,8,11,0,840,17.0,,44.11,5.177,Plein jour,Hors agglomération,Intersection en X,Pluie légère,Deux véhicules - frontale,,,,,,,,,,,1,1,2,2,1
200500055630,0005-09-25 19:00:00,5,9,25,19,0,840,82.0,,,,Crépuscule ou aube,Hors agglomération,Hors intersection,Normale,Deux véhicules - côté,,,,,,,,,,,2,1,1,1,3
200500055631,0005-09-01 07:30:00,5,9,1,7,30,840,91.0,avenue de Provence,,,Plein jour,En agglomération,Hors intersection,Normale,Deux véhicules - frontale,,,,,,,,,,,1,2,1,1,1
200500055632,0005-09-09 07:45:00,5,9,9,7,45,840,64.0,,,,Plein jour,Hors agglomération,Hors intersection,Normale,Deux véhicules - frontale,,,,,,,,,,,1,1,1,1,1
200500055633,0005-09-13 12:30:00,5,9,13,12,30,840,64.0,,,,Plein jour,Hors agglomération,Hors intersection,Normale,Trois véhicules et plus - en chaîne,,,,,,,,,,,1,1,1,1,4
200500055634,0005-09-21 18:45:00,5,9,21,18,45,840,78.0,RN7,,,Plein jour,En agglomération,Intersection en X,Normale,Deux véhicules - côté,,,,,,,,,,,1,2,2,1,3
200500055635,0005-09-02 10:30:00,5,9,2,10,30,840,28.0,,,,Plein jour,Hors agglomération,Giratoire,Normale,Deux véhicules - frontale,,,,,,,,,,,1,1,6,1,1
200500055636,0005-09-14 16:00:00,5,9,14,16,0,840,137.0,Avenue des Choralies,,,Plein jour,En agglomération,Hors intersection,Normale,Sans collision,,,,,,,,,,,1,2,1,1,7
200500055637,0005-09-18 15:30:00,5,9,18,15,30,340,327.0,RN 113,43.657,3.968,Plein jour,En agglomération,Hors intersection,Normale,Deux véhicules - frontale,,,,,,,,,,,1,2,1,1,1
200500055638,0005-09-19 11:15:00,5,9,19,11,15,340,227.0,"Route nationale 110, dev",,,Plein jour,En agglomération,Hors intersection,Normale,Deux véhicules - frontale,,,,,,,,,,,1,2,1,1,1
200500055639,0005-09-04 18:00:00,5,9,4,18,0,340,111.0,,43.961,3.688,Plein jour,Hors agglomération,Hors intersection,Normale,Deux véhicules - frontale,,,,,,,,,,,1,1,1,1,1
200500055640,0005-09-18 08:45:00,5,9,18,8,45,340,146.0,,,,Plein jour,Hors agglomération,Hors intersection,Normale,Deux véhicules - frontale,,,,,,,,,,,1,1,1,1,1
200500055641,0005-09-24 12:30:00,5,9,24,12,30,340,145.0,CHEMIN DES BOEUFS,,,Plein jour,En agglomération,Hors intersection,Normale,Deux véhicules - côté,,,,,,,,,,,1,2,1,1,3
200500055642,0005-09-25 20:30:00,5,9,25,20,30,340,33.0,,,,Nuit sans éclairage public,Hors agglomération,Hors intersection,Pluie légère,Autre collision,,,,,,,,,,,3,1,1,2,6
200500055643,0005-09-21 16:30:00,5,9,21,16,30,340,154.0,rue Etienne Frédéric BUI,,,Plein jour,En agglomération,Hors intersection,Normale,Deux véhicules - frontale,,,,,,,,,,,1,2,1,1,1
200500055644,0005-09-28 17:15:00,5,9,28,17,15,340,240.0,,,,Plein jour,Hors agglomération,Giratoire,Normale,Deux véhicules - frontale,,,,,,,,,,,1,1,6,1,1
200500055645,0005-09-04 00:01:00,5,9,4,0,1,340,274.0,ROUTE DU FROUZET,,,Nuit avec éclairage allumé,En agglomération,Hors intersection,Normale,Autre collision,,,,,,,,,,,5,2,1,1,6
200500055646,0005-09-14 18:05:00,5,9,14,18,5,340,28.0,OC ROUGE rue des SABLONS,,,Plein jour,En agglomération,Hors intersection,Normale,Autre collision,,,,,,,,,,,1,2,1,1,6
200500055647,0005-09-24 17:05:00,5,9,24,17,5,340,144.0,CD35,,,Plein jour,Hors agglomération,Hors intersection,Normale,Sans collision,,,,,,,,,,,1,1,1,1,7
200500055648,0005-09-11 18:30:00,5,9,11,18,30,340,183.0,,43.3,3.15,Plein jour,Hors agglomération,Hors intersection,Normale,Deux véhicules - arrière,,,,,,,,,,,1,1,1,1,2
200500055649,0005-09-24 02:30:00,5,9,24,2,30,340,81.0,,,,Nuit sans éclairage public,Hors agglomération,Hors intersection,Brouillard / fumée,Autre collision,,,,,,,,,,,3,1,1,5,6
200500055650,0005-09-17 02:15:00,5,9,17,2,15,340,189.0,,43.27,2.77,Nuit sans éclairage public,Hors agglomération,Hors intersection,Normale,Autre collision,,,,,,,,,,,3,1,1,1,6
200500055651,0005-09-06 06:45:00,5,9,6,6,45,340,68.0,,,,Nuit sans éclairage public,Hors agglomération,Hors intersection,Pluie légère,Sans collision,,,,,,,,,,,3,1,1,2,7
200500055652,0005-09-18 08:50:00,5,9,18,8,50,340,162.0,Avenue Pierre Azéma,,,Plein jour,En agglomération,Autre intersection,Temps éblouissant,Autre collision,,,,,,,,,,,1,2,9,7,6
200500055653,0005-09-05 15:30:00,5,9,5,15,30,340,300.0,Route nationale 9,,,Plein jour,Hors agglomération,Hors intersection,Normale,Deux véhicules - frontale,,,,,,,,,,,1,1,1,1,1
200500055654,0005-09-14 18:15:00,5,9,14,18,15,340,1.0,CD 146,43.471,3.299,Plein jour,Hors agglomération,Hors intersection,Normale,Deux véhicules - frontale,,,,,,,,,,,1,1,1,1,1
200500055655,0005-09-23 10:45:00,5,9,23,10,45,340,139.0,,43.421,3.228,Crépuscule ou aube,Hors agglomération,Hors intersection,Normale,Deux véhicules - frontale,,,,,,,,,,,2,1,1,1,1
200500055656,0005-09-12 13:30:00,5,9,12,13,30,340,51.0,rue du château d'eau,43.607,3.489,Plein jour,En agglomération,Hors intersection,Normale,Deux véhicules - côté,,,,,,,,,,,1,2,1,1,3
200500055657,0005-09-17 15:15:00,5,9,17,15,15,340,323.0,,43.619,3.255,Plein jour,Hors agglomération,Hors intersection,Normale,Sans collision,,,,,,,,,,,1,1,1,1,7
200500055658,0005-09-18 16:00:00,5,9,18,16,0,340,204.0,AVENUE DE SETE,43.562,3.526,Plein jour,En agglomération,Intersection en X,Normale,Deux véhicules - côté,,,,,,,,,,,1,2,2,1,3
200500055659,0005-09-18 19:15:00,5,9,18,19,15,340,175.0,,43.61,3.357,Plein jour,Hors agglomération,Hors intersection,Normale,Autre collision,,,,,,,,,,,1,1,1,1,6
200500055660,0005-09-22 18:45:00,5,9,22,18,45,340,41.0,CD 4,43.632,3.473,Plein jour,Hors agglomération,Hors intersection,Normale,Sans collision,,,,,,,,,,,1,1,1,1,7
200500055661,0005-09-24 01:30:00,5,9,24,1,30,340,13.0,,43.577,3.464,Nuit sans éclairage public,Hors agglomération,Hors intersection,Normale,Autre collision,,,,,,,,,,,3,1,1,1,6
200500055662,0005-09-30 13:45:00,5,9,30,13,45,340,79.0,Place de la République,43.63,3.435,Plein jour,En agglomération,Giratoire,Normale,Autre collision,,,,,,,,,,,1,2,6,1,6
200500055663,0005-09-29 07:00:00,5,9,29,7,0,340,114.0,AVENUE DU MARECHAL FOCH,,,Nuit avec éclairage allumé,En agglomération,Hors intersection,Normale,Deux véhicules - côté,,,,,,,,,,,5,2,1,1,3