accident_id,datetime,annee,mois,jour,heure,minute,departement,commune_insee,adresse,latitude,longitude,luminosite,agglomeration,intersection,meteo,collision,nb_vehicules,nb_usagers,nb_indemnes,nb_tues,nb_blesses_hosp,nb_blesses_legers,age_cond_1,age_cond_2,veh_type_cond_1,veh_type_cond_2,lum_code,agg_code,int_code,atm_code,col_code
200500055664,0005-09-08 09:30:00,5,9,8,9,30,340,332.0,RD 912 PK 05+550,,,Plein jour,Hors agglomération,Hors intersection,Normale,Trois véhicules et plus - collisions multiples,,,,,,,,,,,1,1,1,1,5
200500055665,0005-09-27 16:00:00,5,9,27,16,0,340,150.0,RD 51  PK 8+500,,,Plein jour,Hors agglomération,Hors intersection,Normale,Deux véhicules - côté,,,,,,,,,,,1,1,1,1,3
200500055666,0005-09-27 07:50:00,5,9,27,7,50,340,113.0,Avenue de MONTPELLIER,,,Plein jour,Hors agglomération,Hors intersection,Normale,Autre collision,,,,,,,,,,,1,1,1,1,6
200500055667,0005-09-30 17:35:00,5,9,30,17,35,110,311.0,Domaine ARDOULOU,,,Plein jour,Hors agglomération,Hors intersection,Normale,Deux véhicules - frontale,,,,,,,,,,,1,1,1,1,1
200500055668,0005-09-04 05:00:00,5,9,4,5,0,110,301.0,,43.235,2.606,Nuit sans éclairage public,Hors agglomération,Hors intersection,Normale,Autre collision,,,,,,,,,,,3,1,1,1,6
200500055669,0005-09-11 18:45:00,5,9,11,18,45,110,438.0,Route de Bram,,,Plein jour,En agglomération,Hors intersection,Normale,Autre collision,,,,,,,,,,,1,2,1,1,6
200500055670,0005-09-20 15:30:00,5,9,20,15,30,110,136.0,,,,Plein jour,Hors agglomération,Intersection en T,Normale,Deux véhicules - côté,,,,,,,,,,,1,1,3,1,3
200500055671,0005-09-18 07:45:00,5,9,18,7,45,110,105.0,,,,Plein jour,Hors agglomération,Hors intersection,Normale,Autre collision,,,,,,,,,,,1,1,1,1,6
200500055672,0005-09-22 20:15:00,5,9,22,20,15,110,206.0,AVENUE GENERAL DE GAULLE,,,Nuit avec éclairage allumé,En agglomération,Hors intersection,Normale,Deux véhicules - frontale,,,,,,,,,,,5,2,1,1,1
200500055673,0005-09-25 20:30:00,5,9,25,20,30,110,304.0,,42.885,2.175,Nuit sans éclairage public,Hors agglomération,Hors intersection,Pluie légère,Autre collision,,,,,,,,,,,3,1,1,2,6
200500055674,0005-09-27 07:00:00,5,9,27,7,0,110,360.0,,,,Plein jour,Hors agglomération,Hors intersection,Normale,Autre collision,,,,,,,,,,,1,1,1,1,6
200500055675,0005-09-02 20:30:00,5,9,2,20,30,110,145.0,,,,Nuit sans éclairage public,Hors agglomération,Hors intersection,Normale,Deux véhicules - frontale,,,,,,,,,,,3,1,1,1,1
200500055676,0005-09-01 19:15:00,5,9,1,19,15,110,12.0,,,,Plein jour,Hors agglomération,Hors intersection,Normale,Deux véhicules - frontale,,,,,,,,,,,1,1,1,1,1
200500055677,0005-09-24 18:45:00,5,9,24,18,45,110,203.0,,,,Crépuscule ou aube,En agglomération,Hors intersection,Normale,Deux véhicules - côté,,,,,,,,,,,2,2,1,1,3
200500055678,0005-09-22 17:45:00,5,9,22,17,45,110,266.0,,,,Plein jour,Hors agglomération,Hors intersection,Normale,Deux véhicules - frontale,,,,,,,,,,,1,1,1,1,1
200500055679,0005-09-01 10:30:00,5,9,1,10,30,300,276.0,,43.59,4.226,Plein jour,Hors agglomération,Hors intersection,Normale,Deux véhicules - côté,,,,,,,,,,,1,1,1,1,3
200500055680,0005-09-14 15:00:00,5,9,14,15,0,300,276.0,,43.591,4.217,Plein jour,Hors agglomération,Hors intersection,Normale,Deux véhicules - frontale,,,,,,,,,,,1,1,1,1,1
200500055681,0005-09-29 20:00:00,5,9,29,20,0,300,3.0,ROUTE DE NIMES,43.576,4.192,Nuit avec éclairage allumé,En agglomération,Hors intersection,Normale,Autre collision,,,,,,,,,,,5,2,1,1,6
200500055682,0005-09-16 06:45:00,5,9,16,6,45,300,23.0,D40,,,Crépuscule ou aube,Hors agglomération,Hors intersection,Normale,Autre collision,,,,,,,,,,,2,1,1,1,6
200500055683,0005-09-02 07:00:00,5,9,2,7,0,300,155.0,,43.825,4.471,Plein jour,Hors agglomération,Hors intersection,Normale,Deux véhicules - frontale,,,,,,,,,,,1,1,1,1,1
200500055684,0005-09-08 12:05:00,5,9,8,12,5,300,258.0,CD38,43.701,4.449,Plein jour,Hors agglomération,Hors intersection,Pluie forte,Autre collision,,,,,,,,,,,1,1,1,3,6
200500055685,0005-09-18 21:50:00,5,9,18,21,50,300,258.0,lieu dit XXX,,,Nuit sans éclairage public,Hors agglomération,Hors intersection,Normale,Deux véhicules - frontale,,,,,,,,,,,3,1,1,1,1
200500055686,0005-09-25 12:00:00,5,9,25,12,0,300,258.0,PLACE DE L ABBATIALE,,,Plein jour,En agglomération,Place,Normale,Sans collision,,,,,,,,,,,1,2,7,1,7
200500055687,0005-09-10 08:00:00,5,9,10,8,0,300,333.0,,,,Plein jour,Hors agglomération,Hors intersection,Normale,Autre collision,,,,,,,,,,,1,1,1,1,6
200500055688,0005-09-26 12:30:00,5,9,26,12,30,300,333.0,,,,Plein jour,Hors agglomération,Hors intersection,Temps éblouissant,Deux véhicules - arrière,,,,,,,,,,,1,1,1,7,2
200500055689,0005-09-15 18:30:00,5,9,15,18,30,300,284.0,CD 906,,,Plein jour,En agglomération,Hors intersection,Normale,Deux véhicules - côté,,,,,,,,,,,1,2,1,1,3
200500055690,0005-09-16 16:00:00,5,9,16,16,0,300,274.0,CD 904,,,Plein jour,En agglomération,Hors intersection,Normale,Deux véhicules - arrière,,,,,,,,,,,1,2,1,1,2
200500055691,0005-09-17 22:15:00,5,9,17,22,15,300,294.0,,,,Nuit sans éclairage public,Hors agglomération,Hors intersection,Normale,Sans collision,,,,,,,,,,,3,1,1,1,7
200500055692,0005-09-30 18:15:00,5,9,30,18,15,300,294.0,Chemin de la Pouzotte,,,Plein jour,En agglomération,Hors intersection,Normale,Deux véhicules - côté,,,,,,,,,,,1,2,1,1,3
200500055693,0005-09-09 18:00:00,5,9,9,18,0,300,285.0,,44.037,4.241,Plein jour,Hors agglomération,Hors intersection,Normale,Deux véhicules - côté,,,,,,,,,,,1,1,1,1,3
200500055694,0005-09-17 11:45:00,5,9,17,11,45,300,259.0,,,,Plein jour,Hors agglomération,Hors intersection,Normale,Autre collision,,,,,,,,,,,1,1,1,1,6
200500055695,0005-09-12 15:00:00,5,9,12,15,0,300,152.0,C.D. 904 - P.K. 11+500,,,Plein jour,Hors agglomération,Hors intersection,Normale,Deux véhicules - frontale,,,,,,,,,,,1,1,1,1,1
200500055696,0005-09-29 11:30:00,5,9,29,11,30,300,303.0,ST ETIENNE DE SERMENTIN,,,Plein jour,Hors agglomération,Hors intersection,Normale,Deux véhicules - frontale,,,,,,,,,,,1,1,1,1,1
200500055697,0005-09-08 14:30:00,5,9,8,14,30,300,334.0,CD 982,,,Plein jour,Hors agglomération,Hors intersection,Pluie forte,Autre collision,,,,,,,,,,,1,1,1,3,6
200500055698,0005-09-17 10:50:00,5,9,17,10,50,300,286.0,route de ST SIFFRET,,,Plein jour,En agglomération,Hors intersection,Normale,Deux véhicules - arrière,,,,,,,,,,,1,2,1,1,2
200500055699,0005-09-10 00:15:00,5,9,10,0,15,300,81.0,,44.152,4.675,Nuit sans éclairage public,Hors agglomération,Hors intersection,Normale,Sans collision,,,,,,,,,,,3,1,1,1,7
200500055700,0005-09-10 02:00:00,5,9,10,2,0,300,81.0,,,,Nuit sans éclairage public,Hors agglomération,Hors intersection,Normale,Deux véhicules - côté,,,,,,,,,,,3,1,1,1,3
200500055701,0005-09-01 15:00:00,5,9,1,15,0,300,202.0,avenue charles de gaulle,,,Plein jour,En agglomération,Hors intersection,Normale,Autre collision,,,,,,,,,,,1,2,1,1,6
200500055702,0005-09-11 10:00:00,5,9,11,10,0,300,290.0,,44.278,4.607,Plein jour,Hors agglomération,Hors intersection,Normale,Autre collision,,,,,,,,,,,1,1,1,1,6
200500055703,0005-09-29 17:45:00,5,9,29,17,45,300,290.0,,,,Plein jour,Hors agglomération,Hors intersection,Normale,Deux véhicules - arrière,,,,,,,,,,,1,1,1,1,2
200500055704,0005-09-09 22:15:00,5,9,9,22,15,300,212.0,,43.943,4.578,Nuit sans éclairage public,Hors agglomération,Hors intersection,Normale,Deux véhicules - arrière,,,,,,,,,,,3,1,1,1,2
200500055705,0005-09-30 17:15:00,5,9,30,17,15,300,89.0,,,,Plein jour,Hors agglomération,Intersection en T,Normale,Trois véhicules et plus - collisions multiples,,,,,,,,,,,1,1,3,1,5
200500055706,0005-09-19 06:00:00,5,9,19,6,0,300,221.0,,,,Nuit sans éclairage public,Hors agglomération,Hors intersection,Normale,Deux véhicules - côté,,,,,,,,,,,3,1,1,1,3
200500055707,0005-09-28 10:30:00,5,9,28,10,30,300,141.0,,44.104,4.642,Plein jour,Hors agglomération,Hors intersection,Normale,Sans collision,,,,,,,,,,,1,1,1,1,7
200500055708,0005-09-24 18:45:00,5,9,24,18,45,300,336.0,boulevard du chateau,,,Plein jour,En agglomération,Autre intersection,Normale,Autre collision,,,,,,,,,,,1,2,9,1,6
200500055709,0005-09-07 16:00:00,5,9,7,16,0,300,272.0,LIEU DIT FERRUSAC,,,Plein jour,Hors agglomération,Hors intersection,Temps couvert,Deux véhicules - côté,,,,,,,,,,,1,1,1,8,3
200500055710,0005-09-11 14:15:00,5,9,11,14,15,300,350.0,,44.005,3.659,Plein jour,Hors agglomération,Hors intersection,Temps couvert,Deux véhicules - côté,,,,,,,,,,,1,1,1,8,3
200500055711,0005-09-21 09:00:00,5,9,21,9,0,300,350.0,route du mont aigoual,,,Plein jour,En agglomération,Hors intersection,Normale,Deux véhicules - frontale,,,,,,,,,,,1,2,1,1,1
200500055712,0005-09-30 22:30:00,5,9,30,22,30,300,26.0,,,,Nuit avec éclairage allumé,Hors agglomération,Hors intersection,Normale,Deux véhicules - côté,,,,,,,,,,,5,1,1,1,3
200500055713,0005-09-21 18:45:00,5,9,21,18,45,300,322.0,,,,Plein jour,Hors agglomération,Hors intersection,Normale,Sans collision,,,,,,,,,,,1,1,1,1,7
200500055714,0005-09-05 07:15:00,5,9,5,7,15,300,148.0,,43.899,4.009,Nuit sans éclairage public,Hors agglomération,Hors intersection,Normale,Trois véhicules et plus - collisions multiples,,,,,,,,,,,3,1,1,1,5
200500055715,0005-09-18 10:30:00,5,9,18,10,30,300,349.0,,43.876,4.082,Plein jour,Hors agglomération,Hors intersection,Normale,Deux véhicules - côté,,,,,,,,,,,1,1,1,1,3
200500055716,0005-09-02 05:35:00,5,9,2,5,35,480,16.0,RN 88 PK 56,,,Nuit sans éclairage public,Hors agglomération,Hors intersection,Normale,Sans collision,,,,,,,,,,,3,1,1,1,7
200500055717,0005-09-05 07:45:00,5,9,5,7,45,480,61.0,de circulation SUD/NORD,,,Plein jour,Hors agglomération,Autre intersection,Pluie légère,Deux véhicules - côté,,,,,,,,,,,1,1,9,2,3
200500055718,0005-09-07 21:45:00,5,9,7,21,45,480,75.0,CD 907 bis,,,Nuit sans éclairage public,Hors agglomération,Hors intersection,Normale,Sans collision,,,,,,,,,,,3,1,1,1,7
200500055719,0005-09-25 13:15:00,5,9,25,13,15,480,178.0,,44.274,3.859,Plein jour,Hors agglomération,Hors intersection,Normale,Autre collision,,,,,,,,,,,1,1,1,1,6
200500055720,0005-09-11 14:00:00,5,9,11,14,0,480,146.0,cd 907 bis - PR 29.350,,,Plein jour,Hors agglomération,Hors intersection,Normale,Autre collision,,,,,,,,,,,1,1,1,1,6
200500055721,0005-09-06 18:15:00,5,9,6,18,15,480,99.0,,44.492,3.238,Plein jour,Hors agglomération,Hors intersection,Pluie légère,Sans collision,,,,,,,,,,,1,1,1,2,7
200500055722,0005-09-21 08:45:00,5,9,21,8,45,480,39.0,,44.477,3.335,Plein jour,Hors agglomération,Autre intersection,Normale,Deux véhicules - côté,,,,,,,,,,,1,1,9,1,3
200500055723,0005-09-16 17:00:00,5,9,16,17,0,480,140.0,BLD GUERIN D APCHER,44.801,3.279,Plein jour,En agglomération,Hors intersection,Normale,Autre collision,,,,,,,,,,,1,2,1,1,6
200500055724,0005-09-18 04:45:00,5,9,18,4,45,480,9.0,,44.724,3.279,Nuit sans éclairage public,Hors agglomération,Hors intersection,Normale,Autre collision,,,,,,,,,,,3,1,1,1,6
200500055725,0005-09-30 18:30:00,5,9,30,18,30,480,140.0,CD 989,44.8,3.267,Plein jour,En agglomération,Hors intersection,Normale,Deux véhicules - frontale,,,,,,,,,,,1,2,1,1,1
200500055726,0005-09-04 18:45:00,5,9,4,18,45,660,37.0,venue des flamants roses,,,Plein jour,En agglomération,Hors intersection,Normale,Trois véhicules et plus - collisions multiples,,,,,,,,,,,1,2,1,1,5
200500055727,0005-09-26 07:15:00,5,9,26,7,15,660,11.0,Avenue Jean-Jaurès,,,Plein jour,En agglomération,Hors intersection,Normale,Autre collision,,,,,,,,,,,1,2,1,1,6
200500055728,0005-09-27 16:00:00,5,9,27,16,0,660,180.0,,,,Plein jour,Hors agglomération,Hors intersection,Normale,Sans collision,,,,,,,,,,,1,1,1,1,7
200500055729,0005-09-24 13:45:00,5,9,24,13,45,660,101.0,CD612,,,Plein jour,Hors agglomération,Hors intersection,Normale,Deux véhicules - côté,,,,,,,,,,,1,1,1,1,3
200500055730,0005-09-29 22:45:00,5,9,29,22,45,660,9.0,CD 115 -PR 15+585,42.468,2.649,Nuit avec éclairage allumé,Hors agglomération,Hors intersection,Normale,Sans collision,,,,,,,,,,,5,1,1,1,7
200500055731,0005-09-20 06:45:00,5,9,20,6,45,660,148.0,quai Forgas,,,Crépuscule ou aube,En agglomération,Hors intersection,Normale,Autre collision,,,,,,,,,,,2,2,1,1,6
200500055732,0005-09-06 12:15:00,5,9,6,12,15,660,146.0,,42.54,1.825,Plein jour,Hors agglomération,Hors intersection,Normale,Deux véhicules - côté,,,,,,,,,,,1,1,1,1,3
200500055733,0005-09-17 16:15:00,5,9,17,16,15,660,25.0,,42.438,1.965,Plein jour,Hors agglomération,Hors intersection,Normale,Trois véhicules et plus - collisions multiples,,,,,,,,,,,1,1,1,1,5
200500055734,0005-09-11 18:00:00,5,9,11,18,0,660,80.0,RN 116,,,Plein jour,En agglomération,Hors intersection,Normale,Deux véhicules - frontale,,,,,,,,,,,1,2,1,1,1
200500055735,0005-09-16 00:15:00,5,9,16,0,15,660,4.0,rue l'angélique,,,Nuit avec éclairage allumé,En agglomération,Hors intersection,Normale,Deux véhicules - côté,,,,,,,,,,,5,2,1,1,3
200500055736,0005-09-21 18:15:00,5,9,21,18,15,660,124.0,carrefour ODEILLO,,,Plein jour,Hors agglomération,Intersection en X,Temps éblouissant,Deux véhicules - frontale,,,,,,,,,,,1,1,2,7,1
200500055737,0005-09-08 14:15:00,5,9,8,14,15,660,23.0,,42.666,2.604,Plein jour,Hors agglomération,Autre intersection,Autre,Deux véhicules - frontale,,,,,,,,,,,1,1,9,9,1
200500055738,0005-09-14 19:15:00,5,9,14,19,15,201,17.0,,,,Plein jour,Hors agglomération,Hors intersection,Normale,Deux véhicules - côté,,,,,,,,,,,1,1,1,1,3
200500055739,0005-09-25 15:30:00,5,9,25,15,30,201,212.0,CD 81,,,Plein jour,Hors agglomération,Hors intersection,Normale,Deux véhicules - côté,,,,,,,,,,,1,1,1,1,3
200500055740,0005-09-02 09:30:00,5,9,2,9,30,201,215.0,,41.501,8.954,Plein jour,Hors agglomération,Hors intersection,Normale,Deux véhicules - frontale,,,,,,,,,,,1,1,1,1,1
200500055741,0005-09-15 13:05:00,5,9,15,13,5,201,114.0,CD 859,,,Plein jour,Hors agglomération,Hors intersection,Normale,Deux véhicules - arrière,,,,,,,,,,,1,1,1,1,2
200500055742,0005-09-20 19:05:00,5,9,20,19,5,201,41.0,Avenue Sylver Bohn,,,Plein jour,Hors agglomération,Hors intersection,Normale,Deux véhicules - arrière,,,,,,,,,,,1,1,1,1,2
200500055743,0005-09-29 15:00:00,5,9,29,15,0,201,114.0,CD859,,,Plein jour,En agglomération,Hors intersection,Normale,Sans collision,,,,,,,,,,,1,2,1,1,7
200500055744,0005-09-02 11:45:00,5,9,2,11,45,201,247.0,,,,Plein jour,Hors agglomération,Hors intersection,Normale,Deux véhicules - frontale,,,,,,,,,,,1,1,1,1,1
200500055745,0005-09-09 09:30:00,5,9,9,9,30,201,272.0,RN 196 PK 73+840,,,Plein jour,Hors agglomération,Hors intersection,Pluie légère,Sans collision,,,,,,,,,,,1,1,1,2,7
200500055746,0005-09-01 19:45:00,5,9,1,19,45,201,191.0,,41.665,9.007,Crépuscule ou aube,Hors agglomération,Hors intersection,Normale,Autre collision,,,,,,,,,,,2,1,1,1,6
200500055747,0005-09-21 16:15:00,5,9,21,16,15,201,211.0,,41.799,8.98,Plein jour,Hors agglomération,Hors intersection,Normale,Sans collision,,,,,,,,,,,1,1,1,1,7
200500055748,0005-09-25 16:45:00,5,9,25,16,45,201,211.0,PARKING DE LA POSTE,41.792,8.976,Plein jour,En agglomération,Hors intersection,Normale,Trois véhicules et plus - collisions multiples,,,,,,,,,,,1,2,1,1,5
200500055749,0005-09-28 14:45:00,5,9,28,14,45,201,276.0,,41.756,8.841,Plein jour,Hors agglomération,Hors intersection,Normale,Sans collision,,,,,,,,,,,1,1,1,1,7
200500055750,0005-09-17 14:00:00,5,9,17,14,0,202,29.0,CD 81,42.686,9.382,Plein jour,Hors agglomération,Hors intersection,Pluie légère,Deux véhicules - frontale,,,,,,,,,,,1,1,1,2,1
200500055751,0005-09-19 13:15:00,5,9,19,13,15,202,185.0,,42.661,9.323,Plein jour,Hors agglomération,Hors intersection,Pluie forte,Deux véhicules - frontale,,,,,,,,,,,1,1,1,3,1
200500055752,0005-09-06 05:45:00,5,9,6,5,45,202,150.0,,42.586,8.832,Nuit sans éclairage public,Hors agglomération,Hors intersection,Normale,Autre collision,,,,,,,,,,,3,1,1,1,6
200500055753,0005-09-06 18:15:00,5,9,6,18,15,202,49.0,,42.542,8.81,Plein jour,Hors agglomération,Hors intersection,Normale,Deux véhicules - frontale,,,,,,,,,,,1,1,1,1,1
200500055754,0005-09-17 14:15:00,5,9,17,14,15,202,121.0,,,,Plein jour,Hors agglomération,Hors intersection,Pluie légère,Sans collision,,,,,,,,,,,1,1,1,2,7
200500055755,0005-09-26 18:15:00,5,9,26,18,15,202,50.0,RN 197 CALVI,42.561,8.76,Plein jour,En agglomération,Hors intersection,Normale,Sans collision,,,,,,,,,,,1,2,1,1,7
200500055756,0005-09-30 15:00:00,5,9,30,15,0,202,49.0,,,,Plein jour,Hors agglomération,Hors intersection,Normale,Autre collision,,,,,,,,,,,1,1,1,1,6
200500055757,0005-09-13 06:30:00,5,9,13,6,30,202,12.0,,42.221,9.304,Crépuscule ou aube,Hors agglomération,Hors intersection,Normale,Autre collision,,,,,,,,,,,2,1,1,1,6
200500055758,0005-09-30 01:30:00,5,9,30,1,30,202,238.0,Lieu dit Pastricione,,,Nuit sans éclairage public,Hors agglomération,Hors intersection,Normale,Sans collision,,,,,,,,,,,3,1,1,1,7
200500055759,0005-09-30 12:45:00,5,9,30,12,45,202,123.0,Route de BASTIA,,,Plein jour,En agglomération,Autre intersection,Normale,Trois véhicules et plus - collisions multiples,,,,,,,,,,,1,2,9,1,5
200500055760,0005-09-04 15:00:00,5,9,4,15,0,202,143.0,,42.226,9.54,Plein jour,Hors agglomération,Hors intersection,Normale,Deux véhicules - côté,,,,,,,,,,,1,1,1,1,3
200500055761,0005-09-21 04:00:00,5,9,21,4,0,202,307.0,Lieu dit vallecalla,42.385,9.531,Nuit avec éclairage allumé,En agglomération,Hors intersection,Normale,Autre collision,,,,,,,,,,,5,2,1,1,6
200500055762,0005-09-21 19:45:00,5,9,21,19,45,202,320.0,,42.154,9.507,Nuit sans éclairage public,Hors agglomération,Hors intersection,Normale,Deux véhicules - côté,,,,,,,,,,,3,1,1,1,3
200500055763,0005-09-05 09:10:00,5,9,5,9,10,780,246.0,"PK 14,460 sur la RD 983",,,Plein jour,Hors agglomération,Hors intersection,Normale,Deux véhicules - côté,,,,,,,,,,,1,1,1,1,3
200500055764,0005-09-28 17:15:00,5,9,28,17,15,780,474.0,"RD983, PK35+500",48.873,1.652,Plein jour,Hors agglomération,Hors intersection,Normale,Deux véhicules - côté,,,,,,,,,,,1,1,1,1,3
200500055765,0005-09-29 08:15:00,5,9,29,8,15,780,597.0,"Route de Mantes, Rue Jea",,,Plein jour,En agglomération,Hors intersection,Normale,Deux véhicules - frontale,,,,,,,,,,,1,2,1,1,1
200500055766,0005-09-17 18:00:00,5,9,17,18,0,780,389.0,,48.794,1.814,Plein jour,En agglomération,Intersection en X,Normale,Trois véhicules et plus - collisions multiples,,,,,,,,,,,1,2,2,1,5
200500055767,0005-09-06 11:45:00,5,9,6,11,45,780,615.0,,48.847,1.916,Plein jour,Hors agglomération,Hors intersection,Temps couvert,Sans collision,,,,,,,,,,,1,1,1,8,7
200500055768,0005-09-07 17:00:00,5,9,7,17,0,780,62.0,RUE DE LA REPUBLIQUE,48.857,1.876,Plein jour,En agglomération,Hors intersection,Normale,Sans collision,,,,,,,,,,,1,2,1,1,7
200500055769,0005-09-13 16:55:00,5,9,13,16,55,780,442.0,de Saint Germain (RD 11),48.815,1.891,Plein jour,En agglomération,Hors intersection,Normale,Deux véhicules - frontale,,,,,,,,,,,1,2,1,1,1
200500055770,0005-09-23 00:15:00,5,9,23,0,15,780,34.0,PK 22720 RD11,48.855,1.821,Nuit sans éclairage public,Hors agglomération,Hors intersection,Normale,Autre collision,,,,,,,,,,,3,1,1,1,6
200500055771,0005-09-11 17:30:00,5,9,11,17,30,780,522.0,,,,Plein jour,Hors agglomération,Hors intersection,Temps couvert,Deux véhicules - frontale,,,,,,,,,,,1,1,1,8,1
200500055772,0005-09-08 13:30:00,5,9,8,13,30,910,340.0,AVENUE DES PARCS,,,Plein jour,En agglomération,Hors intersection,Normale,Deux véhicules - frontale,,,,,,,,,,,1,2,1,1,1
200500055773,0005-09-01 22:30:00,5,9,1,22,30,910,235.0,,,,Nuit sans éclairage public,Hors agglomération,Hors intersection,Normale,Autre collision,,,,,,,,,,,3,1,1,1,6
200500055774,0005-09-02 16:45:00,5,9,2,16,45,910,386.0,BD CHARLES DE GAULLE,,,Plein jour,En agglomération,Autre intersection,Normale,Deux véhicules - côté,,,,,,,,,,,1,2,9,1,3
200500055775,0005-09-01 15:30:00,5,9,1,15,30,910,200.0,AVENUE MENDES FRANCE,48.529,2.029,Plein jour,En agglomération,Hors intersection,Normale,Deux véhicules - côté,,,,,,,,,,,1,2,1,1,3
200500055776,0005-09-09 16:30:00,5,9,9,16,30,910,200.0,AVENUE D ETAMPES,,,Plein jour,En agglomération,Hors intersection,Normale,Autre collision,,,,,,,,,,,1,2,1,1,6
200500055777,0005-09-11 17:45:00,5,9,11,17,45,910,200.0,44 AVENUE DE PARIS,48.534,2.02,Plein jour,En agglomération,Hors intersection,Pluie légère,Deux véhicules - frontale,,,,,,,,,,,1,2,1,2,1
200500055778,0005-09-15 16:30:00,5,9,15,16,30,910,200.0,RUE DE L'OUYE,48.529,2.009,Plein jour,En agglomération,Hors intersection,Normale,Deux véhicules - frontale,,,,,,,,,,,1,2,1,1,1
200500055779,0005-09-02 01:15:00,5,9,2,1,15,910,226.0,route de CHAMARANDE,48.508,2.203,Nuit avec éclairage allumé,En agglomération,Hors intersection,Normale,Autre collision,,,,,,,,,,,5,2,1,1,6
200500055780,0005-09-09 08:15:00,5,9,9,8,15,910,95.0,,,,Plein jour,Hors agglomération,Intersection en X,Normale,Deux véhicules - frontale,,,,,,,,,,,1,1,2,1,1
200500055781,0005-09-17 16:00:00,5,9,17,16,0,910,226.0,face au 20 Grande Rue,48.497,2.192,Plein jour,En agglomération,Hors intersection,Normale,Deux véhicules - arrière,,,,,,,,,,,1,2,1,1,2
200500055782,0005-09-24 23:45:00,5,9,24,23,45,910,315.0,,48.516,2.339,Nuit avec éclairage allumé,En agglomération,Hors intersection,Temps couvert,Autre collision,,,,,,,,,,,5,2,1,8,6
200500055783,0005-09-15 12:00:00,5,9,15,12,0,910,511.0,,,,Plein jour,Hors agglomération,Hors intersection,Normale,Autre collision,,,,,,,,,,,1,1,1,1,6
200500055784,0005-09-03 17:45:00,5,9,3,17,45,910,661.0,C.C. VILLEBON 2,48.711,2.256,Plein jour,En agglomération,Hors intersection,Temps éblouissant,Deux véhicules - côté,,,,,,,,,,,1,2,1,7,3
200500055785,0005-09-16 11:15:00,5,9,16,11,15,910,41.0,,48.579,2.236,Plein jour,Hors agglomération,Autre intersection,Pluie légère,Deux véhicules - côté,,,,,,,,,,,1,1,9,2,3
200500055786,0005-09-17 16:00:00,5,9,17,16,0,910,115.0,,48.613,2.186,Plein jour,Hors agglomération,Hors intersection,Normale,Autre collision,,,,,,,,,,,1,1,1,1,6
200500055787,0005-09-23 08:30:00,5,9,23,8,30,910,207.0,110 avenue de Verdun,,,Plein jour,En agglomération,Hors intersection,Normale,Deux véhicules - côté,,,,,,,,,,,1,2,1,1,3
200500055788,0005-09-08 18:15:00,5,9,8,18,15,910,272.0,venue du Général Leclerc,,,Plein jour,En agglomération,Hors intersection,Normale,Deux véhicules - côté,,,,,,,,,,,1,2,1,1,3
200500055789,0005-09-25 04:00:00,5,9,25,4,0,910,275.0,CD 35,,,Nuit sans éclairage public,Hors agglomération,Hors intersection,Pluie légère,Deux véhicules - frontale,,,,,,,,,,,3,1,1,2,1
200500055790,0005-09-25 10:00:00,5,9,25,10,0,950,627.0,et Chemin Communal N° 5,49.144,2.097,Plein jour,Hors agglomération,Intersection en T,Normale,Deux véhicules - côté,,,,,,,,,,,1,1,3,1,3
200500055791,0005-09-22 08:00:00,5,9,22,8,0,950,199.0,Avenue Jean Rostand,,,Plein jour,En agglomération,Hors intersection,Normale,Autre collision,,,,,,,,,,,1,2,1,1,6
200500055792,0005-09-08 13:00:00,5,9,8,13,0,950,205.0,RN16,,,Plein jour,Hors agglomération,Hors intersection,Normale,Sans collision,,,,,,,,,,,1,1,1,1,7
200500055793,0005-09-19 15:00:00,5,9,19,15,0,950,205.0,avenue de la liberation,49.022,2.383,Plein jour,En agglomération,Hors intersection,Normale,Deux véhicules - frontale,,,,,,,,,,,1,2,1,1,1
200500055794,0005-09-16 15:15:00,5,9,16,15,15,770,534.0,,48.632,2.772,Plein jour,Hors agglomération,Hors intersection,Pluie légère,Deux véhicules - côté,,,,,,,,,,,1,1,1,2,3
200500055795,0005-09-01 14:30:00,5,9,1,14,30,770,82.0,,48.586,2.797,Plein jour,Hors agglomération,Hors intersection,Normale,Sans collision,,,,,,,,,,,1,1,1,1,7
200500055796,0005-09-08 16:30:00,5,9,8,16,30,770,287.0,,48.807,3.442,Plein jour,Hors agglomération,Hors intersection,Normale,Sans collision,,,,,,,,,,,1,1,1,1,7
200500055797,0005-09-15 07:45:00,5,9,15,7,45,770,151.0,,48.726,3.174,Crépuscule ou aube,Hors agglomération,Hors intersection,Pluie légère,Autre collision,,,,,,,,,,,2,1,1,2,6
200500055798,0005-09-29 08:30:00,5,9,29,8,30,770,57.0,CD407,48.929,3.243,Plein jour,En agglomération,Hors intersection,Pluie légère,Deux véhicules - côté,,,,,,,,,,,1,2,1,2,3