accident_id,datetime,annee,mois,jour,heure,minute,departement,commune_insee,adresse,latitude,longitude,luminosite,agglomeration,intersection,meteo,collision,nb_vehicules,nb_usagers,nb_indemnes,nb_tues,nb_blesses_hosp,nb_blesses_legers,age_cond_1,age_cond_2,veh_type_cond_1,veh_type_cond_2,lum_code,agg_code,int_code,atm_code,col_code
200500055799,0005-09-08 16:30:00,5,9,8,16,30,770,510.0,Départementale 21,48.821,2.802,Plein jour,Hors agglomération,Hors intersection,Normale,Sans collision,,,,,,,,,,,1,1,1,1,7
200500055800,0005-09-07 15:30:00,5,9,7,15,30,770,405.0,CD 407,,,Plein jour,Hors agglomération,Hors intersection,Normale,Autre collision,,,,,,,,,,,1,1,1,1,6
200500055801,0005-09-24 23:30:00,5,9,24,23,30,770,162.0,,48.867,3.15,Nuit sans éclairage public,Hors agglomération,Hors intersection,Normale,Deux véhicules - côté,,,,,,,,,,,3,1,1,1,3
200500055802,0005-09-16 23:00:00,5,9,16,23,0,770,469.0,rue du château d'eau,48.74,3.012,Nuit avec éclairage allumé,En agglomération,Hors intersection,Normale,Autre collision,,,,,,,,,,,5,2,1,1,6
200500055803,0005-09-02 21:40:00,5,9,2,21,40,770,471.0,CD 410 au Pk 6,,,Nuit sans éclairage public,Hors agglomération,Hors intersection,Normale,Deux véhicules - frontale,,,,,,,,,,,3,1,1,1,1
200500055804,0005-09-21 15:00:00,5,9,21,15,0,770,1.0,RD64 au PK 20 + 600,,,Plein jour,Hors agglomération,Hors intersection,Normale,Sans collision,,,,,,,,,,,1,1,1,1,7
200500055805,0005-09-26 09:05:00,5,9,26,9,5,770,60.0,nt le 13 rue de l'Eglise,,,Plein jour,En agglomération,Intersection en X,Autre,Deux véhicules - côté,,,,,,,,,,,1,2,2,9,3
200500055806,0005-09-06 20:45:00,5,9,6,20,45,770,153.0,allée de la herse d'or,49.059,2.68,Nuit avec éclairage allumé,En agglomération,Hors intersection,Normale,Deux véhicules - frontale,,,,,,,,,,,5,2,1,1,1
200500055807,0005-09-22 15:00:00,5,9,22,15,0,770,349.0,rue d'orcheux,49.08,2.676,Plein jour,En agglomération,Hors intersection,Normale,Deux véhicules - côté,,,,,,,,,,,1,2,1,1,3
200500055808,0005-09-02 02:30:00,5,9,2,2,30,770,376.0,,48.942,2.771,Nuit sans éclairage public,En agglomération,Hors intersection,Normale,Autre collision,,,,,,,,,,,3,2,1,1,6
200500055809,0005-09-07 11:00:00,5,9,7,11,0,770,257.0,AVENUE DE LA GARE,49.029,3.029,Plein jour,En agglomération,Giratoire,Normale,Autre collision,,,,,,,,,,,1,2,6,1,6
200500055810,0005-09-11 03:30:00,5,9,11,3,30,770,367.0,,49.041,2.989,Nuit sans éclairage public,Hors agglomération,Hors intersection,Brouillard / fumée,Sans collision,,,,,,,,,,,3,1,1,5,7
200500055811,0005-09-24 16:00:00,5,9,24,16,0,770,430.0,,49.085,2.772,Plein jour,Hors agglomération,Hors intersection,Normale,Deux véhicules - arrière,,,,,,,,,,,1,1,1,1,2
200500055812,0005-09-24 19:00:00,5,9,24,19,0,770,32.0,5 RUE DU PONT DE L'AUBET,48.706,3.244,Plein jour,En agglomération,Hors intersection,Normale,Trois véhicules et plus - collisions multiples,,,,,,,,,,,1,2,1,1,5
200500055813,0005-09-26 00:15:00,5,9,26,0,15,770,197.0,,48.697,3.213,Nuit sans éclairage public,Hors agglomération,Hors intersection,Brouillard / fumée,Deux véhicules - frontale,,,,,,,,,,,3,1,1,5,1
200500055814,0005-09-09 12:30:00,5,9,9,12,30,770,310.0,,48.388,3.259,Plein jour,Hors agglomération,Hors intersection,Normale,Deux véhicules - frontale,,,,,,,,,,,1,1,1,1,1
200500055815,0005-09-16 15:00:00,5,9,16,15,0,770,25.0,,48.399,3.179,Plein jour,Hors agglomération,Hors intersection,Normale,Deux véhicules - frontale,,,,,,,,,,,1,1,1,1,1
200500055816,0005-09-12 17:15:00,5,9,12,17,15,770,327.0,Rue de la Libération,48.561,3.01,Plein jour,En agglomération,Autre intersection,Normale,Deux véhicules - côté,,,,,,,,,,,1,2,9,1,3
200500055817,0005-09-26 10:25:00,5,9,26,10,25,770,327.0,RN 19,,,Plein jour,Hors agglomération,Hors intersection,Normale,Deux véhicules - arrière,,,,,,,,,,,1,1,1,1,2
200500055818,0005-09-09 06:30:00,5,9,9,6,30,450,262.0,,,,Nuit sans éclairage public,Hors agglomération,Hors intersection,Normale,Deux véhicules - frontale,,,,,,,,,,,3,1,1,1,1
200500055819,0005-09-12 01:15:00,5,9,12,1,15,450,62.0,Route nationale 20,,,Nuit avec éclairage allumé,En agglomération,Hors intersection,Pluie légère,Sans collision,,,,,,,,,,,5,2,1,2,7
200500055820,0005-09-16 05:45:00,5,9,16,5,45,450,55.0,CD936,,,Crépuscule ou aube,En agglomération,Hors intersection,Normale,Sans collision,,,,,,,,,,,2,2,1,1,7
200500055821,0005-09-06 12:30:00,5,9,6,12,30,450,82.0,,47.9,2.278,Plein jour,Hors agglomération,Hors intersection,Normale,Autre collision,,,,,,,,,,,1,1,1,1,6
200500055822,0005-09-29 09:30:00,5,9,29,9,30,450,226.0,CD951,,,Plein jour,Hors agglomération,Hors intersection,Pluie légère,Deux véhicules - arrière,,,,,,,,,,,1,1,1,2,2
200500055823,0005-09-29 22:30:00,5,9,29,22,30,450,272.0,lieu-dit Les Longères,,,Nuit sans éclairage public,Hors agglomération,Hors intersection,Normale,Trois véhicules et plus - collisions multiples,,,,,,,,,,,3,1,1,1,5
200500055824,0005-09-22 18:30:00,5,9,22,18,30,450,269.0,route de Huisseau,47.874,1.743,Plein jour,En agglomération,Hors intersection,Normale,Deux véhicules - côté,,,,,,,,,,,1,2,1,1,3
200500055825,0005-09-10 12:15:00,5,9,10,12,15,450,327.0,,47.945,2.054,Plein jour,Hors agglomération,Intersection en Y,Pluie légère,Deux véhicules - frontale,,,,,,,,,,,1,1,4,2,1
200500055826,0005-09-04 20:30:00,5,9,4,20,30,450,155.0,74 bis rue Paul Bert,,,Crépuscule ou aube,En agglomération,Hors intersection,Normale,Trois véhicules et plus - collisions multiples,,,,,,,,,,,2,2,1,1,5
200500055827,0005-09-10 12:15:00,5,9,10,12,15,450,155.0,Rue du 32ème R.I,,,Plein jour,En agglomération,Hors intersection,Pluie légère,Deux véhicules - arrière,,,,,,,,,,,1,2,1,2,2
200500055828,0005-09-10 12:00:00,5,9,10,12,0,450,245.0,,47.689,2.816,Plein jour,Hors agglomération,Hors intersection,Pluie légère,Deux véhicules - frontale,,,,,,,,,,,1,1,1,2,1
200500055829,0005-09-30 11:00:00,5,9,30,11,0,450,40.0,Le Berceau,,,Plein jour,Hors agglomération,Hors intersection,Normale,Deux véhicules - côté,,,,,,,,,,,1,1,1,1,3
200500055830,0005-09-26 13:30:00,5,9,26,13,30,450,270.0,,,,Plein jour,Hors agglomération,Hors intersection,Normale,Deux véhicules - côté,,,,,,,,,,,1,1,1,1,3
200500055831,0005-09-04 17:00:00,5,9,4,17,0,450,178.0,"RN 2060, rue du Lieutena",,,Plein jour,En agglomération,Hors intersection,Normale,Sans collision,,,,,,,,,,,1,2,1,1,7
200500055832,0005-09-25 04:45:00,5,9,25,4,45,450,216.0,,47.948,2.736,Nuit sans éclairage public,Hors agglomération,Hors intersection,Normale,Autre collision,,,,,,,,,,,3,1,1,1,6
200500055833,0005-09-09 13:30:00,5,9,9,13,30,450,287.0,,48.069,2.906,Plein jour,Hors agglomération,Intersection en Y,Normale,Deux véhicules - côté,,,,,,,,,,,1,1,4,1,3
200500055834,0005-09-24 01:15:00,5,9,24,1,15,450,306.0,"RN60, PK 16",,,Nuit sans éclairage public,Hors agglomération,Hors intersection,Normale,Trois véhicules et plus - en chaîne,,,,,,,,,,,3,1,1,1,4
200500055835,0005-09-01 16:45:00,5,9,1,16,45,450,278.0,,,,Plein jour,Hors agglomération,Hors intersection,Normale,Deux véhicules - côté,,,,,,,,,,,1,1,1,1,3
200500055836,0005-09-22 13:45:00,5,9,22,13,45,450,187.0,,,,Plein jour,Hors agglomération,Hors intersection,Normale,Deux véhicules - frontale,,,,,,,,,,,1,1,1,1,1
200500055837,0005-09-19 21:20:00,5,9,19,21,20,450,38.0,,,,Nuit sans éclairage public,Hors agglomération,Hors intersection,Normale,Sans collision,,,,,,,,,,,3,1,1,1,7
200500055838,0005-09-24 10:45:00,5,9,24,10,45,450,253.0,CD 928,,,Plein jour,Hors agglomération,Hors intersection,Normale,Deux véhicules - frontale,,,,,,,,,,,1,1,1,1,1
200500055839,0005-09-24 13:30:00,5,9,24,13,30,450,191.0,,48.301,2.42,Plein jour,Hors agglomération,Hors intersection,Normale,Autre collision,,,,,,,,,,,1,1,1,1,6
200500055840,0005-09-25 17:15:00,5,9,25,17,15,450,252.0,gâtinais et rue de Laas,,,Plein jour,En agglomération,Intersection en T,Normale,Deux véhicules - côté,,,,,,,,,,,1,2,3,1,3
200500055841,0005-09-11 16:00:00,5,9,11,16,0,450,14.0,"31, rue du Stade",,,Plein jour,En agglomération,Hors intersection,Normale,Autre collision,,,,,,,,,,,1,2,1,1,6
200500055842,0005-09-30 20:00:00,5,9,30,20,0,450,258.0,rue de Chicago,48.209,2.475,Nuit avec éclairage allumé,En agglomération,Hors intersection,Normale,Autre collision,,,,,,,,,,,5,2,1,1,6
200500055843,0005-09-02 18:30:00,5,9,2,18,30,450,56.0,,48.206,2.512,Plein jour,Hors agglomération,Hors intersection,Normale,Sans collision,,,,,,,,,,,1,1,1,1,7
200500055844,0005-09-23 20:30:00,5,9,23,20,30,180,18.0,,47.026,2.681,Crépuscule ou aube,Hors agglomération,Hors intersection,Normale,Autre collision,,,,,,,,,,,2,1,1,1,6
200500055845,0005-09-17 07:30:00,5,9,17,7,30,180,197.0,RUE JEAN MOULIN,,,Plein jour,En agglomération,Hors intersection,Normale,Deux véhicules - côté,,,,,,,,,,,1,2,1,1,3
200500055846,0005-09-04 20:00:00,5,9,4,20,0,180,153.0,LES LOGES,,,Plein jour,Hors agglomération,Hors intersection,Normale,Deux véhicules - côté,,,,,,,,,,,1,1,1,1,3
200500055847,0005-09-28 17:15:00,5,9,28,17,15,180,65.0,,,,Plein jour,Hors agglomération,Hors intersection,Normale,Deux véhicules - frontale,,,,,,,,,,,1,1,1,1,1
200500055848,0005-09-05 20:10:00,5,9,5,20,10,180,288.0,VC5,,,Nuit sans éclairage public,Hors agglomération,Hors intersection,Normale,Autre collision,,,,,,,,,,,3,1,1,1,6
200500055849,0005-09-11 14:30:00,5,9,11,14,30,180,149.0,D 940,,,Plein jour,Hors agglomération,Hors intersection,Normale,Deux véhicules - frontale,,,,,,,,,,,1,1,1,1,1
200500055850,0005-09-13 23:15:00,5,9,13,23,15,180,149.0,,,,Nuit sans éclairage public,Hors agglomération,Hors intersection,Normale,Autre collision,,,,,,,,,,,3,1,1,1,6
200500055851,0005-09-06 11:45:00,5,9,6,11,45,180,141.0,Rue Paul Besse,,,Plein jour,En agglomération,Hors intersection,Normale,Deux véhicules - arrière,,,,,,,,,,,1,2,1,1,2
200500055852,0005-09-07 21:00:00,5,9,7,21,0,180,5.0,dit les maisons brulées,,,Nuit sans éclairage public,Hors agglomération,Autre intersection,Normale,Autre collision,,,,,,,,,,,3,1,9,1,6
200500055853,0005-09-14 21:00:00,5,9,14,21,0,180,128.0,,47.083,2.126,Nuit sans éclairage public,Hors agglomération,Hors intersection,Normale,Deux véhicules - frontale,,,,,,,,,,,3,1,1,1,1
200500055854,0005-09-24 21:30:00,5,9,24,21,30,180,96.0,3 rue JOLIOT CURIE,,,Nuit avec éclairage allumé,En agglomération,Hors intersection,Normale,Autre collision,,,,,,,,,,,5,2,1,1,6
200500055855,0005-09-27 14:45:00,5,9,27,14,45,180,44.0,,47.11,2.12,Plein jour,Hors agglomération,Hors intersection,Normale,Autre collision,,,,,,,,,,,1,1,1,1,6
200500055856,0005-09-17 17:45:00,5,9,17,17,45,180,207.0,21 RUE GAMBETTA,,,Plein jour,En agglomération,Hors intersection,Normale,Autre collision,,,,,,,,,,,1,2,1,1,6
200500055857,0005-09-19 18:10:00,5,9,19,18,10,180,207.0,RD 190,,,Plein jour,Hors agglomération,Hors intersection,Normale,Trois véhicules et plus - collisions multiples,,,,,,,,,,,1,1,1,1,5
200500055858,0005-09-20 09:30:00,5,9,20,9,30,180,198.0,,,,Plein jour,Hors agglomération,Hors intersection,Normale,Deux véhicules - arrière,,,,,,,,,,,1,1,1,1,2
200500055859,0005-09-23 21:00:00,5,9,23,21,0,180,226.0,ROUTE DE BOURGES,,,Nuit avec éclairage allumé,En agglomération,Hors intersection,Normale,Deux véhicules - frontale,,,,,,,,,,,5,2,1,1,1
200500055860,0005-09-09 03:45:00,5,9,9,3,45,280,269.0,,48.42,1.483,Nuit sans éclairage public,Hors agglomération,Hors intersection,Normale,Autre collision,,,,,,,,,,,3,1,1,1,6
200500055861,0005-09-10 12:00:00,5,9,10,12,0,280,281.0,Rue Ried Berger,48.404,1.382,Plein jour,En agglomération,Hors intersection,Pluie forte,Deux véhicules - frontale,,,,,,,,,,,1,2,1,3,1
200500055862,0005-09-23 08:30:00,5,9,23,8,30,280,309.0,,48.366,1.617,Plein jour,Hors agglomération,Hors intersection,Normale,Deux véhicules - côté,,,,,,,,,,,1,1,1,1,3
200500055863,0005-09-11 15:00:00,5,9,11,15,0,280,290.0,,48.41,1.27,Plein jour,Hors agglomération,Hors intersection,Autre,Deux véhicules - frontale,,,,,,,,,,,1,1,1,9,1
200500055864,0005-09-19 07:00:00,5,9,19,7,0,280,154.0,,48.468,1.309,Plein jour,Hors agglomération,Hors intersection,Normale,Autre collision,,,,,,,,,,,1,1,1,1,6
200500055865,0005-09-30 21:15:00,5,9,30,21,15,280,350.0,ieu dit La Grande Fosse,,,Nuit sans éclairage public,Hors agglomération,Hors intersection,Pluie légère,Deux véhicules - frontale,,,,,,,,,,,3,1,1,2,1
200500055866,0005-09-04 18:45:00,5,9,4,18,45,280,361.0,,48.518,1.769,Plein jour,Hors agglomération,Hors intersection,Normale,Trois véhicules et plus - collisions multiples,,,,,,,,,,,1,1,1,1,5
200500055867,0005-09-09 09:20:00,5,9,9,9,20,280,15.0,Rue Texier Gallas,,,Plein jour,En agglomération,Hors intersection,Normale,Autre collision,,,,,,,,,,,1,2,1,1,6
200500055868,0005-09-15 17:00:00,5,9,15,17,0,280,227.0,rrefour CD 101 -CD 101-5,,,Plein jour,Hors agglomération,Hors intersection,Normale,Deux véhicules - côté,,,,,,,,,,,1,1,1,1,3
200500055869,0005-09-16 11:30:00,5,9,16,11,30,280,227.0,,48.594,1.59,Plein jour,Hors agglomération,Hors intersection,Normale,Deux véhicules - frontale,,,,,,,,,,,1,1,1,1,1
200500055870,0005-09-18 15:00:00,5,9,18,15,0,280,191.0,Centre com. Le Loreau,,,Plein jour,En agglomération,Hors intersection,Normale,Deux véhicules - côté,,,,,,,,,,,1,2,1,1,3
200500055871,0005-09-20 02:50:00,5,9,20,2,50,280,73.0,RD 32,,,Nuit sans éclairage public,Hors agglomération,Hors intersection,Normale,Autre collision,,,,,,,,,,,3,1,1,1,6
200500055872,0005-09-24 02:30:00,5,9,24,2,30,280,425.0,,48.506,1.712,Nuit sans éclairage public,Hors agglomération,Hors intersection,Normale,Autre collision,,,,,,,,,,,3,1,1,1,6
200500055873,0005-09-28 16:45:00,5,9,28,16,45,280,363.0,,48.42,1.89,Plein jour,Hors agglomération,Hors intersection,Temps couvert,Sans collision,,,,,,,,,,,1,1,1,8,7
200500055874,0005-09-30 15:30:00,5,9,30,15,30,280,140.0,Rue du château,48.616,1.675,Plein jour,En agglomération,Hors intersection,Normale,Deux véhicules - côté,,,,,,,,,,,1,2,1,1,3
200500055875,0005-09-03 08:30:00,5,9,3,8,30,280,32.0,,48.305,1.694,Plein jour,Hors agglomération,Hors intersection,Normale,Deux véhicules - arrière,,,,,,,,,,,1,1,1,1,2
200500055876,0005-09-09 09:00:00,5,9,9,9,0,280,4.0,,48.336,1.657,Plein jour,En agglomération,Hors intersection,Normale,Deux véhicules - frontale,,,,,,,,,,,1,2,1,1,1
200500055877,0005-09-12 16:00:00,5,9,12,16,0,280,189.0,tersection RN154 - CD354,,,Plein jour,Hors agglomération,Intersection en X,Normale,Trois véhicules et plus - collisions multiples,,,,,,,,,,,1,1,2,1,5
200500055878,0005-09-01 19:00:00,5,9,1,19,0,280,424.0,Rue Emile Delavallée,48.214,1.191,Plein jour,En agglomération,Hors intersection,Normale,Deux véhicules - côté,,,,,,,,,,,1,2,1,1,3
200500055879,0005-09-03 09:00:00,5,9,3,9,0,280,93.0,,48.138,1.179,Plein jour,Hors agglomération,Hors intersection,Normale,Sans collision,,,,,,,,,,,1,1,1,1,7
200500055880,0005-09-04 00:15:00,5,9,4,0,15,280,348.0,Rue du clos d'amour,,,Nuit avec éclairage allumé,En agglomération,Hors intersection,Normale,Sans collision,,,,,,,,,,,5,2,1,1,7
200500055881,0005-09-16 17:00:00,5,9,16,17,0,280,82.0,,48.697,1.454,Plein jour,Hors agglomération,Intersection en T,Normale,Deux véhicules - côté,,,,,,,,,,,1,1,3,1,3
200500055882,0005-09-11 21:00:00,5,9,11,21,0,280,62.0,,,,Nuit sans éclairage public,Hors agglomération,Hors intersection,Pluie légère,Deux véhicules - arrière,,,,,,,,,,,3,1,1,2,2
200500055883,0005-09-15 17:15:00,5,9,15,17,15,280,56.0,,48.763,1.605,Plein jour,Hors agglomération,Hors intersection,Normale,Deux véhicules - côté,,,,,,,,,,,1,1,1,1,3
200500055884,0005-09-17 13:45:00,5,9,17,13,45,280,417.0,carrefour D4/D 101,48.642,1.593,Plein jour,Hors agglomération,Hors intersection,Normale,Deux véhicules - côté,,,,,,,,,,,1,1,1,1,3
200500055885,0005-09-06 17:40:00,5,9,6,17,40,280,105.0,,48.355,1.066,Plein jour,Hors agglomération,Intersection en X,Normale,Deux véhicules - côté,,,,,,,,,,,1,1,2,1,3
200500055886,0005-09-12 19:10:00,5,9,12,19,10,360,24.0,La cigognerie,47.012,1.707,Plein jour,Hors agglomération,Hors intersection,Normale,Sans collision,,,,,,,,,,,1,1,1,1,7
200500055887,0005-09-25 16:15:00,5,9,25,16,15,360,101.0,LOTHIERS,,,Plein jour,En agglomération,Hors intersection,Normale,Deux véhicules - frontale,,,,,,,,,,,1,2,1,1,1
200500055888,0005-09-03 18:15:00,5,9,3,18,15,360,154.0,,,,Plein jour,En agglomération,Hors intersection,Normale,Deux véhicules - côté,,,,,,,,,,,1,2,1,1,3
200500055889,0005-09-09 17:45:00,5,9,9,17,45,360,220.0,,,,Plein jour,Hors agglomération,Hors intersection,Normale,Autre collision,,,,,,,,,,,1,1,1,1,6
200500055890,0005-09-16 22:45:00,5,9,16,22,45,360,131.0,les pichots,,,Nuit sans éclairage public,Hors agglomération,Hors intersection,Normale,Autre collision,,,,,,,,,,,3,1,1,1,6
200500055891,0005-09-22 17:30:00,5,9,22,17,30,360,48.0,,,,Plein jour,Hors agglomération,Hors intersection,Normale,Sans collision,,,,,,,,,,,1,1,1,1,7
200500055892,0005-09-12 08:15:00,5,9,12,8,15,360,149.0,,46.94,1.32,Plein jour,Hors agglomération,Hors intersection,Pluie forte,Sans collision,,,,,,,,,,,1,1,1,3,7
200500055893,0005-09-11 21:15:00,5,9,11,21,15,360,188.0,,47.018,1.142,Nuit sans éclairage public,Hors agglomération,Hors intersection,Normale,Autre collision,,,,,,,,,,,3,1,1,1,6
200500055894,0005-09-10 17:00:00,5,9,10,17,0,360,34.0,Avenue Pasteur,,,Plein jour,En agglomération,Hors intersection,Normale,Deux véhicules - arrière,,,,,,,,,,,1,2,1,1,2
200500055895,0005-09-15 15:45:00,5,9,15,15,45,360,233.0,,47.245,1.542,Plein jour,Hors agglomération,Hors intersection,Normale,Deux véhicules - côté,,,,,,,,,,,1,1,1,1,3
200500055896,0005-09-20 07:00:00,5,9,20,7,0,360,237.0,,,,Crépuscule ou aube,Hors agglomération,Hors intersection,Normale,Deux véhicules - frontale,,,,,,,,,,,2,1,1,1,1
200500055897,0005-09-25 21:15:00,5,9,25,21,15,360,228.0,,47.162,1.546,Nuit sans éclairage public,Hors agglomération,Hors intersection,Pluie légère,Sans collision,,,,,,,,,,,3,1,1,2,7
200500055898,0005-09-02 07:30:00,5,9,2,7,30,360,176.0,,46.635,1.191,Crépuscule ou aube,Hors agglomération,Passage à niveau,Normale,Sans collision,,,,,,,,,,,2,1,8,1,7
200500055899,0005-09-23 22:00:00,5,9,23,22,0,360,18.0,rue Jean Giraudoux,46.637,1.071,Nuit avec éclairage allumé,En agglomération,Hors intersection,Normale,Deux véhicules - arrière,,,,,,,,,,,5,2,1,1,2
200500055900,0005-09-19 00:30:00,5,9,19,0,30,360,163.0,,46.459,2.039,Nuit sans éclairage public,Hors agglomération,Hors intersection,Normale,Deux véhicules - frontale,,,,,,,,,,,3,1,1,1,1
200500055901,0005-09-08 20:45:00,5,9,8,20,45,360,160.0,,46.54,1.63,Crépuscule ou aube,Hors agglomération,Intersection en X,Normale,Deux véhicules - côté,,,,,,,,,,,2,1,2,1,3
200500055902,0005-09-21 20:30:00,5,9,21,20,30,360,14.0,,46.47,1.53,Nuit sans éclairage public,Hors agglomération,Hors intersection,Normale,Sans collision,,,,,,,,,,,3,1,1,1,7
200500055903,0005-09-25 00:30:00,5,9,25,0,30,360,158.0,,,,Plein jour,Hors agglomération,Hors intersection,Normale,Autre collision,,,,,,,,,,,1,1,1,1,6
200500055904,0005-09-17 16:45:00,5,9,17,16,45,360,140.0,,46.895,1.854,Plein jour,Hors agglomération,Intersection en X,Normale,Deux véhicules - côté,,,,,,,,,,,1,1,2,1,3
200500055905,0005-09-01 17:30:00,5,9,1,17,30,370,3.0,QUAI GENERAL DE GAULLE,47.417,0.984,Plein jour,En agglomération,Hors intersection,Normale,Autre collision,,,,,,,,,,,1,2,1,1,6
200500055906,0005-09-02 17:45:00,5,9,2,17,45,370,3.0,Quai DE GAULLE,47.415,0.983,Plein jour,En agglomération,Hors intersection,Normale,Deux véhicules - côté,,,,,,,,,,,1,2,1,1,3
200500055907,0005-09-02 07:15:00,5,9,2,7,15,370,109.0,,,,Plein jour,Hors agglomération,Hors intersection,Normale,Trois véhicules et plus - collisions multiples,,,,,,,,,,,1,1,1,1,5
200500055908,0005-09-30 07:45:00,5,9,30,7,45,370,109.0,148 av Général de Gaulle,,,Crépuscule ou aube,En agglomération,Hors intersection,Normale,Trois véhicules et plus - collisions multiples,,,,,,,,,,,2,2,1,1,5
200500055909,0005-09-10 22:15:00,5,9,10,22,15,370,245.0,,47.5,0.606,Nuit sans éclairage public,Hors agglomération,Hors intersection,Normale,Deux véhicules - côté,,,,,,,,,,,3,1,1,1,3
200500055910,0005-09-16 20:30:00,5,9,16,20,30,370,170.0,intersection CD2 - allée,,,Crépuscule ou aube,En agglomération,Giratoire,Normale,Deux véhicules - côté,,,,,,,,,,,2,2,6,1,3
200500055911,0005-09-03 18:30:00,5,9,3,18,30,370,153.0,,,,Plein jour,Hors agglomération,Hors intersection,Normale,Autre collision,,,,,,,,,,,1,1,1,1,6
200500055912,0005-09-13 12:30:00,5,9,13,12,30,370,203.0,Rue du Dr LEBELD,47.432,0.755,Plein jour,En agglomération,Hors intersection,Normale,Deux véhicules - côté,,,,,,,,,,,1,2,1,1,3
200500055913,0005-09-20 19:00:00,5,9,20,19,0,370,169.0,,47.625,0.932,Plein jour,Hors agglomération,Intersection en X,Normale,Deux véhicules - côté,,,,,,,,,,,1,1,2,1,3
200500055914,0005-09-24 21:45:00,5,9,24,21,45,370,179.0,,47.463,0.768,Nuit sans éclairage public,Hors agglomération,Hors intersection,Normale,Sans collision,,,,,,,,,,,3,1,1,1,7
200500055915,0005-09-15 15:30:00,5,9,15,15,30,370,72.0,rue St Lazarre,,,Plein jour,En agglomération,Hors intersection,Normale,Autre collision,,,,,,,,,,,1,2,1,1,6
200500055916,0005-09-15 07:15:00,5,9,15,7,15,370,72.0,"cd 749, avenue st lazare",,,Crépuscule ou aube,En agglomération,Hors intersection,Normale,Autre collision,,,,,,,,,,,2,2,1,1,6
200500055917,0005-09-16 14:30:00,5,9,16,14,30,370,14.0,,47.289,0.48,Plein jour,Hors agglomération,Hors intersection,Normale,Sans collision,,,,,,,,,,,1,1,1,1,7
200500055918,0005-09-24 08:15:00,5,9,24,8,15,370,186.0,av. de la vallée du lys,,,Plein jour,En agglomération,Hors intersection,Pluie légère,Deux véhicules - frontale,,,,,,,,,,,1,2,1,2,1
200500055919,0005-09-16 18:45:00,5,9,16,18,45,370,142.0,,47.052,0.568,Plein jour,Hors agglomération,Intersection en X,Temps couvert,Deux véhicules - côté,,,,,,,,,,,1,1,2,8,3
200500055920,0005-09-22 20:30:00,5,9,22,20,30,370,5.0,départementale 18,,,Plein jour,Hors agglomération,Hors intersection,Normale,Deux véhicules - frontale,,,,,,,,,,,1,1,1,1,1
200500055921,0005-09-08 10:00:00,5,9,8,10,0,370,19.0,,,,Plein jour,Hors agglomération,Hors intersection,Normale,Sans collision,,,,,,,,,,,1,1,1,1,7
200500055922,0005-09-03 18:30:00,5,9,3,18,30,370,250.0,rue de la genevraie,,,Plein jour,En agglomération,Hors intersection,Normale,Autre collision,,,,,,,,,,,1,2,1,1,6
200500055923,0005-09-04 14:40:00,5,9,4,14,40,370,154.0,N. 10 et rue des Moulins,,,Plein jour,En agglomération,Hors intersection,Normale,Deux véhicules - côté,,,,,,,,,,,1,2,1,1,3
200500055924,0005-09-06 18:00:00,5,9,6,18,0,370,254.0,,47.202,0.836,Plein jour,Hors agglomération,Hors intersection,Normale,Sans collision,,,,,,,,,,,1,1,1,1,7
200500055925,0005-09-15 02:00:00,5,9,15,2,0,370,266.0,Rue de la Perrée - CD 17,47.29,0.729,Nuit avec éclairage allumé,En agglomération,Hors intersection,Normale,Autre collision,,,,,,,,,,,5,2,1,1,6
200500055926,0005-09-22 17:45:00,5,9,22,17,45,370,104.0,,,,Plein jour,En agglomération,Hors intersection,Normale,Deux véhicules - frontale,,,,,,,,,,,1,2,1,1,1
200500055927,0005-09-24 05:45:00,5,9,24,5,45,370,250.0,RN 10 PK 56+100,,,Nuit sans éclairage public,Hors agglomération,Hors intersection,Normale,Autre collision,,,,,,,,,,,3,1,1,1,6
200500055928,0005-09-04 08:15:00,5,9,4,8,15,410,55.0,,,,Plein jour,Hors agglomération,Hors intersection,Temps éblouissant,Deux véhicules - frontale,,,,,,,,,,,1,1,1,7,1
200500055929,0005-09-07 15:00:00,5,9,7,15,0,410,55.0,,,,Plein jour,Hors agglomération,Hors intersection,Normale,Autre collision,,,,,,,,,,,1,1,1,1,6
200500055930,0005-09-24 16:45:00,5,9,24,16,45,410,29.0,,,,Plein jour,Hors agglomération,Hors intersection,Normale,Autre collision,,,,,,,,,,,1,1,1,1,6
200500055931,0005-09-28 21:15:00,5,9,28,21,15,410,169.0,,47.594,1.2,Nuit sans éclairage public,Hors agglomération,Hors intersection,Normale,Autre collision,,,,,,,,,,,3,1,1,1,6
200500055932,0005-09-03 19:00:00,5,9,3,19,0,410,46.0,ntersection C1 et CD 922,,,Plein jour,Hors agglomération,Hors intersection,Normale,Deux véhicules - côté,,,,,,,,,,,1,1,1,1,3