accident_id,datetime,annee,mois,jour,heure,minute,departement,commune_insee,adresse,latitude,longitude,luminosite,agglomeration,intersection,meteo,collision,nb_vehicules,nb_usagers,nb_indemnes,nb_tues,nb_blesses_hosp,nb_blesses_legers,age_cond_1,age_cond_2,veh_type_cond_1,veh_type_cond_2,lum_code,agg_code,int_code,atm_code,col_code
200500055933,0005-09-17 10:45:00,5,9,17,10,45,410,241.0,,,,Plein jour,Hors agglomération,Intersection en X,Normale,Deux véhicules - côté,,,,,,,,,,,1,1,2,1,3
200500055934,0005-09-23 20:30:00,5,9,23,20,30,410,232.0,,,,Nuit sans éclairage public,Hors agglomération,Hors intersection,Normale,Deux véhicules - frontale,,,,,,,,,,,3,1,1,1,1
200500055935,0005-09-11 01:15:00,5,9,11,1,15,410,242.0,,47.289,1.593,Nuit avec éclairage non allumé,Hors agglomération,Hors intersection,Normale,Autre collision,,,,,,,,,,,4,1,1,1,6
200500055936,0005-09-04 15:30:00,5,9,4,15,30,410,287.0,,47.744,1.035,Plein jour,Hors agglomération,Hors intersection,Normale,Deux véhicules - frontale,,,,,,,,,,,1,1,1,1,1
200500055937,0005-09-02 18:30:00,5,9,2,18,30,410,216.0,,47.982,1.233,Plein jour,Hors agglomération,Hors intersection,Normale,Deux véhicules - côté,,,,,,,,,,,1,1,1,1,3
200500055938,0005-09-10 22:45:00,5,9,10,22,45,410,216.0,,,,Nuit sans éclairage public,Hors agglomération,Hors intersection,Normale,Autre collision,,,,,,,,,,,3,1,1,1,6
200500055939,0005-09-05 07:45:00,5,9,5,7,45,410,72.0,,,,Plein jour,Hors agglomération,Intersection en T,Normale,Deux véhicules - frontale,,,,,,,,,,,1,1,3,1,1
200500055940,0005-09-13 17:30:00,5,9,13,17,30,330,528.0,,44.883,-0.945,Plein jour,Hors agglomération,Hors intersection,Normale,Deux véhicules - arrière,,,,,,,,,,,1,1,1,1,2
200500055941,0005-09-29 07:00:00,5,9,29,7,0,330,503.0,30 BIS AVENUE DES LANDES,44.938,-0.82,Nuit sans éclairage public,En agglomération,Hors intersection,Normale,Autre collision,,,,,,,,,,,3,2,1,1,6
200500055942,0005-09-04 21:30:00,5,9,4,21,30,290,234.0,KERFLEURY,,,Plein jour,Hors agglomération,Hors intersection,Normale,Sans collision,,,,,,,,,,,1,1,1,1,7
200500055943,0005-09-11 15:00:00,5,9,11,15,0,290,2.0,,,,Plein jour,Hors agglomération,Hors intersection,Normale,Deux véhicules - frontale,,,,,,,,,,,1,1,1,1,1
200500055944,0005-09-30 14:45:00,5,9,30,14,45,290,233.0,Rue de Pont Aven,,,Plein jour,En agglomération,Hors intersection,Pluie légère,Deux véhicules - côté,,,,,,,,,,,1,2,1,2,3
200500055945,0005-09-03 02:30:00,5,9,3,2,30,290,274.0,,,,Nuit sans éclairage public,Hors agglomération,Hors intersection,Normale,Autre collision,,,,,,,,,,,3,1,1,1,6
200500055946,0005-09-03 14:30:00,5,9,3,14,30,290,274.0,rue Charles DE GAULLE,48.028,-3.699,Plein jour,En agglomération,Hors intersection,Normale,Trois véhicules et plus - collisions multiples,,,,,,,,,,,1,2,1,1,5
200500055947,0005-09-05 08:45:00,5,9,5,8,45,290,274.0,,48.01,-3.8,Plein jour,Hors agglomération,Hors intersection,Temps couvert,Autre collision,,,,,,,,,,,1,1,1,8,6
200500055948,0005-09-30 20:45:00,5,9,30,20,45,290,146.0,,,,Nuit sans éclairage public,Hors agglomération,Hors intersection,Brouillard / fumée,Autre collision,,,,,,,,,,,3,1,1,5,6
200500055949,0005-09-06 12:35:00,5,9,6,12,35,130,21.0,CD 5 - Route Bleue,,,Plein jour,En agglomération,Hors intersection,Pluie forte,Autre collision,,,,,,,,,,,1,2,1,3,6
200500055950,0005-09-19 11:30:00,5,9,19,11,30,130,33.0,,,,Plein jour,Hors agglomération,Hors intersection,Normale,Deux véhicules - côté,,,,,,,,,,,1,1,1,1,3
200500055951,0005-09-03 20:00:00,5,9,3,20,0,950,144.0,,49.071,2.465,Crépuscule ou aube,Hors agglomération,Hors intersection,Pluie légère,Autre collision,,,,,,,,,,,2,1,1,2,6
200500055952,0005-09-01 12:15:00,5,9,1,12,15,870,95.0,Frioul,,,Plein jour,Hors agglomération,Hors intersection,Normale,Autre collision,,,,,,,,,,,1,1,1,1,6
200500055953,0005-09-11 06:00:00,5,9,11,6,0,870,205.0,,45.734,1.261,Nuit sans éclairage public,Hors agglomération,Hors intersection,Autre,Deux véhicules - frontale,,,,,,,,,,,3,1,1,9,1
200500055954,0005-09-09 06:45:00,5,9,9,6,45,330,349.0,Lieu dit Joucla,44.745,-0.481,Crépuscule ou aube,Hors agglomération,Hors intersection,Normale,Autre collision,,,,,,,,,,,2,1,1,1,6
200500055955,0005-09-21 08:30:00,5,9,21,8,30,330,118.0,ZI Bel air,,,Plein jour,Hors agglomération,Hors intersection,Normale,Deux véhicules - côté,,,,,,,,,,,1,1,1,1,3
200500055956,0005-09-27 16:20:00,5,9,27,16,20,330,234.0,rue du Bourg,,,Plein jour,En agglomération,Hors intersection,Normale,Sans collision,,,,,,,,,,,1,2,1,1,7
200500055957,0005-09-29 17:30:00,5,9,29,17,30,130,25.0,,43.493,5.561,Plein jour,Hors agglomération,Hors intersection,Normale,Deux véhicules - frontale,,,,,,,,,,,1,1,1,1,1
200500055958,0005-09-07 19:30:00,5,9,7,19,30,470,143.0,place de l'église,44.184,0.3,Plein jour,En agglomération,Place,Normale,Deux véhicules - frontale,,,,,,,,,,,1,2,7,1,1
200500055959,0005-09-11 14:05:00,5,9,11,14,5,470,258.0,CD 109,,,Plein jour,Hors agglomération,Hors intersection,Temps couvert,Sans collision,,,,,,,,,,,1,1,1,8,7
200500055960,0005-09-11 18:30:00,5,9,11,18,30,470,174.0,,,,Plein jour,Hors agglomération,Hors intersection,Pluie forte,Sans collision,,,,,,,,,,,1,1,1,3,7
200500055961,0005-09-20 14:45:00,5,9,20,14,45,470,21.0,,44.153,0.231,Plein jour,Hors agglomération,Hors intersection,Normale,Sans collision,,,,,,,,,,,1,1,1,1,7
200500055962,0005-09-24 00:45:00,5,9,24,0,45,470,195.0,lieu-dit LARIOU,44.127,0.341,Nuit sans éclairage public,Hors agglomération,Hors intersection,Normale,Autre collision,,,,,,,,,,,3,1,1,1,6
200500055963,0005-09-04 17:30:00,5,9,4,17,30,110,202.0,,,,Plein jour,Hors agglomération,Hors intersection,Normale,Autre collision,,,,,,,,,,,1,1,1,1,6
200500055964,0005-09-05 09:45:00,5,9,5,9,45,110,202.0,aturiste de Port Leucate,,,Plein jour,Hors agglomération,Hors intersection,Normale,Autre collision,,,,,,,,,,,1,1,1,1,6
200500055965,0005-09-09 06:15:00,5,9,9,6,15,340,270.0,RN112,43.576,3.85,Crépuscule ou aube,En agglomération,Giratoire,Normale,Sans collision,,,,,,,,,,,2,2,6,1,7
200500055966,0005-09-05 12:30:00,5,9,5,12,30,350,51.0,,48.119,-1.573,Plein jour,Hors agglomération,Autre intersection,Normale,Deux véhicules - arrière,,,,,,,,,,,1,1,9,1,2
200500055967,0005-09-23 07:40:00,5,9,23,7,40,110,122.0,PK 34780 (le chateau),,,Crépuscule ou aube,Hors agglomération,Hors intersection,Normale,Deux véhicules - frontale,,,,,,,,,,,2,1,1,1,1
200500055968,0005-09-05 22:32:00,5,9,5,22,32,280,26.0,0 dans le sens PRO/PARIS,,,Nuit sans éclairage public,Hors agglomération,Hors intersection,Normale,Sans collision,,,,,,,,,,,3,1,1,1,7
200500055969,0005-09-09 18:30:00,5,9,9,18,30,780,564.0,,,,Plein jour,Hors agglomération,Hors intersection,Normale,Trois véhicules et plus - collisions multiples,,,,,,,,,,,1,1,1,1,5
200500055970,0005-09-23 07:15:00,5,9,23,7,15,510,477.0,,49.398,4.096,Plein jour,Hors agglomération,Hors intersection,Normale,Autre collision,,,,,,,,,,,1,1,1,1,6
200500055971,0005-09-10 16:15:00,5,9,10,16,15,690,193.0,rn 86,45.518,4.856,Plein jour,Hors agglomération,Hors intersection,Pluie légère,Sans collision,,,,,,,,,,,1,1,1,2,7
200500055972,0005-09-20 20:00:00,5,9,20,20,0,690,7.0,,45.496,4.829,Nuit sans éclairage public,Hors agglomération,Hors intersection,Normale,Deux véhicules - côté,,,,,,,,,,,3,1,1,1,3
200500055973,0005-09-04 05:15:00,5,9,4,5,15,370,99.0,,,,Nuit sans éclairage public,Hors agglomération,Hors intersection,Normale,Autre collision,,,,,,,,,,,3,1,1,1,6
200500055974,0005-09-22 08:15:00,5,9,22,8,15,370,50.0,avenue de la République,,,Plein jour,En agglomération,Hors intersection,Normale,Deux véhicules - frontale,,,,,,,,,,,1,2,1,1,1
200500055975,0005-09-24 00:15:00,5,9,24,0,15,370,50.0,Carrefour Route National,,,Nuit avec éclairage allumé,En agglomération,Hors intersection,Normale,Deux véhicules - côté,,,,,,,,,,,5,2,1,1,3
200500055976,0005-09-24 14:30:00,5,9,24,14,30,370,50.0,Av du Grand Sud,,,Plein jour,En agglomération,Intersection en T,Normale,Trois véhicules et plus - collisions multiples,,,,,,,,,,,1,2,3,1,5
200500055977,0005-09-02 08:30:00,5,9,2,8,30,290,45.0,,48.367,-4.296,Crépuscule ou aube,Hors agglomération,Hors intersection,Temps éblouissant,Deux véhicules - arrière,,,,,,,,,,,2,1,1,7,2
200500055978,0005-09-14 08:00:00,5,9,14,8,0,290,189.0,RUE DE LA POSTE,48.377,-4.374,Plein jour,En agglomération,Hors intersection,Normale,Deux véhicules - côté,,,,,,,,,,,1,2,1,1,3
200500055979,0005-09-15 16:00:00,5,9,15,16,0,600,432.0,16 rue Gérard de Nerval,49.115,2.603,Plein jour,En agglomération,Hors intersection,Normale,Autre collision,,,,,,,,,,,1,2,1,1,6
200500055980,0005-09-17 13:45:00,5,9,17,13,45,600,505.0,,,,Plein jour,Hors agglomération,Hors intersection,Temps éblouissant,Deux véhicules - côté,,,,,,,,,,,1,1,1,7,3
200500055981,0005-09-01 01:30:00,5,9,1,1,30,770,168.0,,,,Nuit sans éclairage public,Hors agglomération,Hors intersection,Normale,Sans collision,,,,,,,,,,,3,1,1,1,7
200500055982,0005-09-21 05:15:00,5,9,21,5,15,770,333.0,,48.27,2.723,Nuit sans éclairage public,Hors agglomération,Hors intersection,Normale,Trois véhicules et plus - collisions multiples,,,,,,,,,,,3,1,1,1,5
200500055983,0005-09-06 15:00:00,5,9,6,15,0,890,379.0,,,,Plein jour,Hors agglomération,Hors intersection,Pluie légère,Sans collision,,,,,,,,,,,1,1,1,2,7
200500055984,0005-09-29 13:00:00,5,9,29,13,0,890,381.0,,,,Plein jour,Hors agglomération,Hors intersection,Pluie forte,Deux véhicules - côté,,,,,,,,,,,1,1,1,3,3
200500055985,0005-09-02 00:30:00,5,9,2,0,30,620,323.0,"LILLE/PARIS, PK 168+600",50.283,2.876,Nuit avec éclairage allumé,Hors agglomération,Hors intersection,Normale,Deux véhicules - frontale,,,,,,,,,,,5,1,1,1,1
200500055986,0005-09-18 01:10:00,5,9,18,1,10,620,427.0,", sens L/P, PK 182 + 600",,,Nuit avec éclairage allumé,Hors agglomération,Hors intersection,Normale,Deux véhicules - côté,,,,,,,,,,,5,1,1,1,3
200500055987,0005-09-24 14:20:00,5,9,24,14,20,620,582.0,étrique 165+500 sens P/L,,,Plein jour,Hors agglomération,Hors intersection,Normale,Sans collision,,,,,,,,,,,1,1,1,1,7
200500055988,0005-09-28 12:00:00,5,9,28,12,0,620,708.0,,,,Plein jour,Hors agglomération,Hors intersection,Normale,Sans collision,,,,,,,,,,,1,1,1,1,7
200500055989,0005-09-04 01:30:00,5,9,4,1,30,800,421.0,,49.777,2.798,Nuit sans éclairage public,Hors agglomération,Hors intersection,Normale,Deux véhicules - côté,,,,,,,,,,,3,1,1,1,3
200500055990,0005-09-26 05:25:00,5,9,26,5,25,800,430.0,,,,Nuit sans éclairage public,Hors agglomération,Hors intersection,Normale,Deux véhicules - arrière,,,,,,,,,,,3,1,1,1,2
200500055991,0005-09-02 08:30:00,5,9,2,8,30,710,170.0,320+200 sens Lyon-Paris,,,Plein jour,Hors agglomération,Hors intersection,Normale,Sans collision,,,,,,,,,,,1,1,1,1,7
200500055992,0005-09-29 15:45:00,5,9,29,15,45,710,170.0,,46.91,4.81,Plein jour,Hors agglomération,Hors intersection,Normale,Deux véhicules - arrière,,,,,,,,,,,1,1,1,1,2
200500055993,0005-09-05 15:15:00,5,9,5,15,15,710,481.0,,,,Plein jour,Hors agglomération,Hors intersection,Normale,Deux véhicules - arrière,,,,,,,,,,,1,1,1,1,2
200500055994,0005-09-13 10:40:00,5,9,13,10,40,710,513.0,oute A.6 sens PARIS/LYON,,,Plein jour,Hors agglomération,Hors intersection,Normale,Deux véhicules - côté,,,,,,,,,,,1,1,1,1,3
200500055995,0005-09-25 02:30:00,5,9,25,2,30,710,195.0,,,,Nuit sans éclairage public,Hors agglomération,Hors intersection,Normale,Deux véhicules - arrière,,,,,,,,,,,3,1,1,1,2
200500055996,0005-09-14 02:45:00,5,9,14,2,45,890,24.0,,,,Nuit sans éclairage public,Hors agglomération,Hors intersection,Normale,Deux véhicules - arrière,,,,,,,,,,,3,1,1,1,2
200500055997,0005-09-18 13:55:00,5,9,18,13,55,890,263.0,A6 PK 157+700,,,Plein jour,Hors agglomération,Hors intersection,Normale,Deux véhicules - frontale,,,,,,,,,,,1,1,1,1,1
200500055998,0005-09-27 15:00:00,5,9,27,15,0,890,213.0,141+800 sens LYON/PARIS,,,Plein jour,Hors agglomération,Hors intersection,Normale,Deux véhicules - arrière,,,,,,,,,,,1,1,1,1,2
200500055999,0005-09-06 09:30:00,5,9,6,9,30,130,76.0,PK 209+144 sens nord sud,,,Plein jour,Hors agglomération,Hors intersection,Normale,Deux véhicules - arrière,,,,,,,,,,,1,1,1,1,2
200500056000,0005-09-09 07:15:00,5,9,9,7,15,130,103.0,,,,Plein jour,Hors agglomération,Hors intersection,Pluie légère,Deux véhicules - frontale,,,,,,,,,,,1,1,1,2,1
200500056001,0005-09-08 18:45:00,5,9,8,18,45,130,51.0,,,,Plein jour,Hors agglomération,Hors intersection,Pluie forte,Trois véhicules et plus - en chaîne,,,,,,,,,,,1,1,1,3,4
200500056002,0005-09-15 04:30:00,5,9,15,4,30,130,18.0,A7 - PK 202+700 - N/S,,,Nuit sans éclairage public,Hors agglomération,Hors intersection,Normale,Deux véhicules - arrière,,,,,,,,,,,3,1,1,1,2
200500056003,0005-09-03 05:30:00,5,9,3,5,30,300,107.0,PK 25+100 A9,,,Nuit sans éclairage public,Hors agglomération,Hors intersection,Normale,Trois véhicules et plus - collisions multiples,,,,,,,,,,,3,1,1,1,5
200500056004,0005-09-15 01:15:00,5,9,15,1,15,840,87.0,,,,Nuit sans éclairage public,Hors agglomération,Hors intersection,Normale,Deux véhicules - côté,,,,,,,,,,,3,1,1,1,3
200500056005,0005-09-02 20:00:00,5,9,2,20,0,830,57.0,,43.406,6.231,Nuit sans éclairage public,Hors agglomération,Hors intersection,Normale,Autre collision,,,,,,,,,,,3,1,1,1,6
200500056006,0005-09-02 16:45:00,5,9,2,16,45,830,23.0,,43.423,6.084,Plein jour,Hors agglomération,Hors intersection,Normale,Deux véhicules - arrière,,,,,,,,,,,1,1,1,1,2
200500056007,0005-09-05 14:15:00,5,9,5,14,15,830,4.0,,43.459,6.532,Plein jour,Hors agglomération,Hors intersection,Pluie légère,Sans collision,,,,,,,,,,,1,1,1,2,7
200500056008,0005-09-21 16:15:00,5,9,21,16,15,830,4.0,,43.45,6.496,Plein jour,Hors agglomération,Hors intersection,Normale,Deux véhicules - côté,,,,,,,,,,,1,1,1,1,3
200500056009,0005-09-08 08:00:00,5,9,8,8,0,600,155.0,,,,Plein jour,Hors agglomération,Hors intersection,Normale,Trois véhicules et plus - collisions multiples,,,,,,,,,,,1,1,1,1,5
200500056010,0005-09-08 21:00:00,5,9,8,21,0,600,584.0,RUE Christine,,,Nuit avec éclairage allumé,En agglomération,Intersection en X,Normale,Deux véhicules - côté,,,,,,,,,,,5,2,2,1,3
200500056011,0005-09-13 02:00:00,5,9,13,2,0,600,513.0,ROUTE DE BEAUVAIS,,,Nuit avec éclairage allumé,En agglomération,Hors intersection,Normale,Autre collision,,,,,,,,,,,5,2,1,1,6
200500056012,0005-09-17 12:45:00,5,9,17,12,45,600,155.0,,,,Plein jour,Hors agglomération,Hors intersection,Normale,Deux véhicules - frontale,,,,,,,,,,,1,1,1,1,1
200500056013,0005-09-20 07:45:00,5,9,20,7,45,600,601.0,RUE DE LA COMMUNE DE PAR,,,Plein jour,En agglomération,Hors intersection,Normale,Deux véhicules - arrière,,,,,,,,,,,1,2,1,1,2
200500056014,0005-09-25 15:45:00,5,9,25,15,45,600,584.0,RUE DE VERDUN,,,Plein jour,En agglomération,Hors intersection,Normale,Deux véhicules - côté,,,,,,,,,,,1,2,1,1,3
200500056015,0005-09-25 18:00:00,5,9,25,18,0,600,584.0,RUE DE L HOTEL DIEU,,,Crépuscule ou aube,En agglomération,Hors intersection,Normale,Deux véhicules - frontale,,,,,,,,,,,2,2,1,1,1
200500056016,0005-09-01 01:30:00,5,9,1,1,30,760,484.0,A13 - PK 111+560,,,Nuit avec éclairage allumé,Hors agglomération,Hors intersection,Normale,Autre collision,,,,,,,,,,,5,1,1,1,6
200500056017,0005-09-04 12:15:00,5,9,4,12,15,760,484.0,,,,Plein jour,Hors agglomération,Hors intersection,Normale,Sans collision,,,,,,,,,,,1,1,1,1,7
200500056018,0005-09-06 14:00:00,5,9,6,14,0,760,705.0,AUTOROUTE A13,,,Plein jour,Hors agglomération,Hors intersection,Normale,Deux véhicules - arrière,,,,,,,,,,,1,1,1,1,2
200500056019,0005-09-09 15:45:00,5,9,9,15,45,270,581.0,,49.398,0.543,Plein jour,Hors agglomération,Hors intersection,Normale,Sans collision,,,,,,,,,,,1,1,1,1,7
200500056020,0005-09-18 09:00:00,5,9,18,9,0,270,497.0,PK 135 + 900,,,Plein jour,Hors agglomération,Hors intersection,Normale,Sans collision,,,,,,,,,,,1,1,1,1,7
200500056021,0005-09-08 16:30:00,5,9,8,16,30,270,469.0,,,,Plein jour,Hors agglomération,Hors intersection,Normale,Autre collision,,,,,,,,,,,1,1,1,1,6
200500056022,0005-09-18 02:45:00,5,9,18,2,45,270,351.0,,,,Nuit sans éclairage public,Hors agglomération,Hors intersection,Normale,Deux véhicules - arrière,,,,,,,,,,,3,1,1,1,2
200500056023,0005-09-05 10:45:00,5,9,5,10,45,600,19.0,,,,Plein jour,Hors agglomération,Hors intersection,Normale,Trois véhicules et plus - collisions multiples,,,,,,,,,,,1,1,1,1,5
200500056024,0005-09-16 16:00:00,5,9,16,16,0,600,533.0,,,,Plein jour,Hors agglomération,Hors intersection,Normale,Deux véhicules - arrière,,,,,,,,,,,1,1,1,1,2
200500056025,0005-09-22 16:30:00,5,9,22,16,30,600,254.0,,,,Plein jour,Hors agglomération,Hors intersection,Normale,Deux véhicules - arrière,,,,,,,,,,,1,1,1,1,2
200500056026,0005-09-30 23:15:00,5,9,30,23,15,600,71.0,,,,Nuit sans éclairage public,Hors agglomération,Hors intersection,Pluie légère,Deux véhicules - frontale,,,,,,,,,,,3,1,1,2,1
200500056027,0005-09-05 10:30:00,5,9,5,10,30,210,3.0,carrefour CD903 et C3,,,Plein jour,Hors agglomération,Hors intersection,Normale,Deux véhicules - côté,,,,,,,,,,,1,1,1,1,3
200500056028,0005-09-18 18:45:00,5,9,18,18,45,210,659.0,,47.476,4.803,Plein jour,Hors agglomération,Hors intersection,Normale,Autre collision,,,,,,,,,,,1,1,1,1,6
200500056029,0005-09-26 19:30:00,5,9,26,19,30,210,27.0,,47.397,5.037,Nuit sans éclairage public,Hors agglomération,Hors intersection,Normale,Deux véhicules - côté,,,,,,,,,,,3,1,1,1,3
200500056030,0005-09-07 21:00:00,5,9,7,21,0,690,19.0,,,,Nuit sans éclairage public,Hors agglomération,Autre intersection,Normale,Deux véhicules - côté,,,,,,,,,,,3,1,9,1,3
200500056031,0005-09-19 15:05:00,5,9,19,15,5,690,115.0,IMAS PK 427+200 SENS N/S,,,Plein jour,Hors agglomération,Hors intersection,Normale,Autre collision,,,,,,,,,,,1,1,1,1,6
200500056032,0005-09-04 16:00:00,5,9,4,16,0,620,189.0,,,,Plein jour,Hors agglomération,Hors intersection,Normale,Autre collision,,,,,,,,,,,1,1,1,1,6
200500056033,0005-09-03 00:01:00,5,9,3,0,1,680,278.0,"02, Rue Paul Drumm",,,Plein jour,En agglomération,Hors intersection,Normale,Autre collision,,,,,,,,,,,1,2,1,1,6
200500056034,0005-09-11 16:15:00,5,9,11,16,15,680,278.0,,,,Plein jour,Hors agglomération,Hors intersection,Normale,Autre collision,,,,,,,,,,,1,1,1,1,6
200500056035,0005-09-17 18:00:00,5,9,17,18,0,680,118.0,Rue de Kembs,,,Plein jour,En agglomération,Hors intersection,Normale,Deux véhicules - côté,,,,,,,,,,,1,2,1,1,3
200500056036,0005-09-26 11:30:00,5,9,26,11,30,680,278.0,rue albert Schweitzer,,,Plein jour,En agglomération,Hors intersection,Normale,Sans collision,,,,,,,,,,,1,2,1,1,7
200500056037,0005-09-07 08:00:00,5,9,7,8,0,530,243.0,,,,Plein jour,Hors agglomération,Hors intersection,Normale,Sans collision,,,,,,,,,,,1,1,1,1,7
200500056038,0005-09-08 19:30:00,5,9,8,19,30,530,39.0,,48.152,-0.945,Plein jour,Hors agglomération,Hors intersection,Normale,Deux véhicules - arrière,,,,,,,,,,,1,1,1,1,2
200500056039,0005-09-17 15:15:00,5,9,17,15,15,530,103.0,,48.121,-0.893,Plein jour,Hors agglomération,Hors intersection,Normale,Sans collision,,,,,,,,,,,1,1,1,1,7
200500056040,0005-09-25 18:00:00,5,9,25,18,0,530,45.0,RUE DES ECOLES,48.091,-0.953,Plein jour,En agglomération,Hors intersection,Normale,Deux véhicules - frontale,,,,,,,,,,,1,2,1,1,1
200500056041,0005-09-03 17:30:00,5,9,3,17,30,950,604.0,,49.123,2.533,Plein jour,Hors agglomération,Hors intersection,Normale,Sans collision,,,,,,,,,,,1,1,1,1,7
200500056042,0005-09-13 06:30:00,5,9,13,6,30,950,604.0,,49.125,2.534,Nuit sans éclairage public,Hors agglomération,Hors intersection,Normale,Trois véhicules et plus - collisions multiples,,,,,,,,,,,3,1,1,1,5
200500056043,0005-09-08 09:00:00,5,9,8,9,0,310,364.0,Avenue de Neuville,,,Plein jour,Hors agglomération,Hors intersection,Pluie légère,Sans collision,,,,,,,,,,,1,1,1,2,7
200500056044,0005-09-03 10:30:00,5,9,3,10,30,130,25.0,,,,Plein jour,Hors agglomération,Hors intersection,Normale,Trois véhicules et plus - collisions multiples,,,,,,,,,,,1,1,1,1,5
200500056045,0005-09-19 09:30:00,5,9,19,9,30,410,230.0,rovince-Paris PK 155+600,,,Plein jour,Hors agglomération,Hors intersection,Normale,Trois véhicules et plus - collisions multiples,,,,,,,,,,,1,1,1,1,5
200500056046,0005-09-07 21:10:00,5,9,7,21,10,740,262.0,"utoroute A.40, PK.46+285",,,Nuit sans éclairage public,Hors agglomération,Hors intersection,Pluie légère,Deux véhicules - arrière,,,,,,,,,,,3,1,1,2,2
200500056047,0005-09-19 18:15:00,5,9,19,18,15,300,123.0,sens MONTPELLIER - NIMES,,,Plein jour,Hors agglomération,Hors intersection,Normale,Deux véhicules - arrière,,,,,,,,,,,1,1,1,1,2
200500056048,0005-09-03 16:00:00,5,9,3,16,0,370,156.0,rue Saule Michaud,,,Plein jour,En agglomération,Hors intersection,Normale,Deux véhicules - côté,,,,,,,,,,,1,2,1,1,3
200500056049,0005-09-04 10:55:00,5,9,4,10,55,370,156.0,"""La Briquéterie""",,,Plein jour,Hors agglomération,Hors intersection,Normale,Autre collision,,,,,,,,,,,1,1,1,1,6
200500056050,0005-09-21 14:00:00,5,9,21,14,0,370,141.0,,,,Plein jour,Hors agglomération,Hors intersection,Normale,Sans collision,,,,,,,,,,,1,1,1,1,7
200500056051,0005-09-02 15:25:00,5,9,2,15,25,450,8.0,A10 PK 79+250 PROPA,,,Plein jour,Hors agglomération,Hors intersection,Normale,Deux véhicules - côté,,,,,,,,,,,1,1,1,1,3
200500056052,0005-09-05 04:20:00,5,9,5,4,20,450,317.0,PK 122 + 220,,,Nuit sans éclairage public,Hors agglomération,Hors intersection,Normale,Sans collision,,,,,,,,,,,3,1,1,1,7
200500056053,0005-09-09 14:50:00,5,9,9,14,50,450,6.0,2+400 SENS VERS PROVINCE,,,Plein jour,Hors agglomération,Hors intersection,Normale,Sans collision,,,,,,,,,,,1,1,1,1,7
200500056054,0005-09-16 15:45:00,5,9,16,15,45,450,302.0,,,,Plein jour,Hors agglomération,Hors intersection,Pluie légère,Deux véhicules - frontale,,,,,,,,,,,1,1,1,2,1
200500056055,0005-09-12 10:40:00,5,9,12,10,40,450,313.0,Autoroute A10   PK 82,,,Plein jour,Hors agglomération,Hors intersection,Pluie légère,Autre collision,,,,,,,,,,,1,1,1,2,6
200500056056,0005-09-15 18:30:00,5,9,15,18,30,130,114.0,,43.548,5.345,Plein jour,Hors agglomération,Hors intersection,Normale,Deux véhicules - frontale,,,,,,,,,,,1,1,1,1,1
200500056057,0005-09-18 00:01:00,5,9,18,0,1,130,32.0,quartier des Vences,,,Nuit sans éclairage public,Hors agglomération,Hors intersection,Normale,Sans collision,,,,,,,,,,,3,1,1,1,7
200500056058,0005-09-11 18:15:00,5,9,11,18,15,670,409.0,CD 4,,,Plein jour,Hors agglomération,Hors intersection,Temps couvert,Sans collision,,,,,,,,,,,1,1,1,8,7
200500056059,0005-09-13 00:45:00,5,9,13,0,45,670,472.0,76 route de Haguenau,,,Nuit avec éclairage allumé,En agglomération,Hors intersection,Temps couvert,Deux véhicules - côté,,,,,,,,,,,5,2,1,8,3
200500056060,0005-09-30 17:10:00,5,9,30,17,10,670,194.0,Rue de la Haute Vienne,,,Plein jour,En agglomération,Hors intersection,Normale,Autre collision,,,,,,,,,,,1,2,1,1,6
200500056061,0005-09-30 20:15:00,5,9,30,20,15,670,418.0,21A rue de la mairie,,,Nuit avec éclairage allumé,En agglomération,Hors intersection,Normale,Autre collision,,,,,,,,,,,5,2,1,1,6
200500056062,0005-09-27 08:30:00,5,9,27,8,30,210,517.0,s DIJON/BEAUNE PK 11.300,47.112,4.959,Plein jour,Hors agglomération,Hors intersection,Normale,Deux véhicules - arrière,,,,,,,,,,,1,1,1,1,2
200500056063,0005-09-12 04:50:00,5,9,12,4,50,730,179.0,-10 - sens CHAMBERY/LYON,45.606,5.892,Nuit avec éclairage allumé,Hors agglomération,Hors intersection,Pluie légère,Sans collision,,,,,,,,,,,5,1,1,2,7
200500056064,0005-09-12 09:05:00,5,9,12,9,5,740,181.0,Autoroute 41N PK 133+400,,,Plein jour,Hors agglomération,Hors intersection,Pluie forte,Deux véhicules - frontale,,,,,,,,,,,1,1,1,3,1
200500056065,0005-09-29 12:50:00,5,9,29,12,50,280,141.0,72+100 sens PRO/PARIS,,,Plein jour,Hors agglomération,Hors intersection,Normale,Autre collision,,,,,,,,,,,1,1,1,1,6
200500056066,0005-09-09 03:00:00,5,9,9,3,0,410,31.0,LA ROZELLE,47.527,1.391,Nuit sans éclairage public,En agglomération,Hors intersection,Normale,Autre collision,,,,,,,,,,,3,2,1,1,6