accident_id,datetime,annee,mois,jour,heure,minute,departement,commune_insee,adresse,latitude,longitude,luminosite,agglomeration,intersection,meteo,collision,nb_vehicules,nb_usagers,nb_indemnes,nb_tues,nb_blesses_hosp,nb_blesses_legers,age_cond_1,age_cond_2,veh_type_cond_1,veh_type_cond_2,lum_code,agg_code,int_code,atm_code,col_code
200500056067,0005-09-02 12:30:00,5,9,2,12,30,690,43.0,,45.714,4.771,Plein jour,Hors agglomération,Hors intersection,Normale,Deux véhicules - frontale,,,,,,,,,,,1,1,1,1,1
200500056068,0005-09-13 16:00:00,5,9,13,16,0,690,43.0,RUE MARECHAL JOFFRE,45.714,4.746,Plein jour,En agglomération,Hors intersection,Normale,Deux véhicules - frontale,,,,,,,,,,,1,2,1,1,1
200500056069,0005-09-23 21:40:00,5,9,23,21,40,690,43.0,Chemin de milon,,,Nuit sans éclairage public,En agglomération,Hors intersection,Normale,Autre collision,,,,,,,,,,,3,2,1,1,6
200500056070,0005-09-19 08:45:00,5,9,19,8,45,290,130.0,Rue de Pen ar Menez,,,Plein jour,En agglomération,Hors intersection,Normale,Autre collision,,,,,,,,,,,1,2,1,1,6
200500056071,0005-09-11 00:15:00,5,9,11,0,15,630,14.0,,,,Nuit sans éclairage public,Hors agglomération,Hors intersection,Normale,Deux véhicules - côté,,,,,,,,,,,3,1,1,1,3
200500056072,0005-09-28 23:30:00,5,9,28,23,30,630,455.0,,,,Nuit sans éclairage public,Hors agglomération,Hors intersection,Normale,Autre collision,,,,,,,,,,,3,1,1,1,6
200500056073,0005-09-30 15:00:00,5,9,30,15,0,630,302.0,,,,Plein jour,Hors agglomération,Hors intersection,Normale,Autre collision,,,,,,,,,,,1,1,1,1,6
200500056074,0005-09-09 08:45:00,5,9,9,8,45,630,54.0,,45.47,3.254,Plein jour,Hors agglomération,Hors intersection,Normale,Sans collision,,,,,,,,,,,1,1,1,1,7
200500056075,0005-09-20 15:15:00,5,9,20,15,15,630,352.0,,45.48,3.247,Plein jour,Hors agglomération,Hors intersection,Normale,Deux véhicules - arrière,,,,,,,,,,,1,1,1,1,2
200500056076,0005-09-02 11:30:00,5,9,2,11,30,640,545.0,,43.369,-1.687,Plein jour,Hors agglomération,Hors intersection,Normale,Deux véhicules - arrière,,,,,,,,,,,1,1,1,1,2
200500056077,0005-09-04 08:30:00,5,9,4,8,30,640,130.0,,43.345,-1.749,Plein jour,Hors agglomération,Hors intersection,Normale,Trois véhicules et plus - collisions multiples,,,,,,,,,,,1,1,1,1,5
200500056078,0005-09-16 19:10:00,5,9,16,19,10,400,36.0,elle de sortie CAPBRETON,,,Plein jour,Hors agglomération,Hors intersection,Temps couvert,Sans collision,,,,,,,,,,,1,1,1,8,7
200500056079,0005-09-17 01:00:00,5,9,17,1,0,640,38.0,,43.452,-1.546,Nuit sans éclairage public,Hors agglomération,Hors intersection,Pluie légère,Trois véhicules et plus - collisions multiples,,,,,,,,,,,3,1,1,2,5
200500056080,0005-09-24 16:45:00,5,9,24,16,45,640,545.0,,43.345,-1.747,Plein jour,Hors agglomération,Hors intersection,Normale,Deux véhicules - côté,,,,,,,,,,,1,1,1,1,3
200500056081,0005-09-12 01:30:00,5,9,12,1,30,510,599.0,Autoroute A4 pk 163+650,,,Nuit sans éclairage public,Hors agglomération,Hors intersection,Normale,Sans collision,,,,,,,,,,,3,1,1,1,7
200500056082,0005-09-14 19:00:00,5,9,14,19,0,380,486.0,rond-point de SEYSSINS,,,Plein jour,En agglomération,Giratoire,Normale,Autre collision,,,,,,,,,,,1,2,6,1,6
200500056083,0005-09-22 08:45:00,5,9,22,8,45,380,485.0,24 RUE AIME BOUCHAYER,,,Plein jour,En agglomération,Hors intersection,Normale,Autre collision,,,,,,,,,,,1,2,1,1,6
200500056084,0005-09-24 22:30:00,5,9,24,22,30,380,485.0,Rue Aimé BOUCHAYER,,,Nuit avec éclairage allumé,En agglomération,Hors intersection,Normale,Deux véhicules - frontale,,,,,,,,,,,5,2,1,1,1
200500056085,0005-09-29 07:00:00,5,9,29,7,0,380,485.0,ROND POINT SANS GIOVANI,,,Crépuscule ou aube,En agglomération,Giratoire,Normale,Deux véhicules - côté,,,,,,,,,,,2,2,6,1,3
200500056086,0005-09-18 19:15:00,5,9,18,19,15,510,588.0,,49.077,4.795,Crépuscule ou aube,Hors agglomération,Hors intersection,Normale,Sans collision,,,,,,,,,,,2,1,1,1,7
200500056087,0005-09-18 23:30:00,5,9,18,23,30,570,484.0,,,,Nuit sans éclairage public,Hors agglomération,Hors intersection,Normale,Autre collision,,,,,,,,,,,3,1,1,1,6
200500056088,0005-09-27 13:00:00,5,9,27,13,0,570,556.0,,,,Plein jour,Hors agglomération,Hors intersection,Normale,Deux véhicules - arrière,,,,,,,,,,,1,1,1,1,2
200500056089,0005-09-02 10:50:00,5,9,2,10,50,60,88.0,"autoroute A8, PK 195+800",,,Plein jour,Hors agglomération,Hors intersection,Normale,Trois véhicules et plus - en chaîne,,,,,,,,,,,1,1,1,1,4
200500056090,0005-09-17 10:30:00,5,9,17,10,30,60,12.0,,43.776,7.492,Plein jour,Hors agglomération,Hors intersection,Normale,Deux véhicules - frontale,,,,,,,,,,,1,1,1,1,1
200500056091,0005-09-19 17:45:00,5,9,19,17,45,60,88.0,,43.701,7.191,Plein jour,Hors agglomération,Hors intersection,Pluie légère,Deux véhicules - arrière,,,,,,,,,,,1,1,1,2,2
200500056092,0005-09-20 07:45:00,5,9,20,7,45,60,104.0,,43.789,7.463,Plein jour,Hors agglomération,Hors intersection,Normale,Deux véhicules - arrière,,,,,,,,,,,1,1,1,1,2
200500056093,0005-09-27 09:05:00,5,9,27,9,5,60,150.0,A 500,,,Plein jour,Hors agglomération,Hors intersection,Normale,Autre collision,,,,,,,,,,,1,1,1,1,6
200500056094,0005-09-18 05:30:00,5,9,18,5,30,670,191.0,Autoroute A4,,,Crépuscule ou aube,Hors agglomération,Hors intersection,Normale,Autre collision,,,,,,,,,,,2,1,1,1,6
200500056095,0005-09-06 16:55:00,5,9,6,16,55,900,32.0,ie n° 12 Autoroute A.36,,,Plein jour,Hors agglomération,Autre intersection,Normale,Deux véhicules - côté,,,,,,,,,,,1,1,9,1,3
200500056096,0005-09-22 16:45:00,5,9,22,16,45,660,214.0,,,,Crépuscule ou aube,Hors agglomération,Hors intersection,Normale,Trois véhicules et plus - collisions multiples,,,,,,,,,,,2,1,1,1,5
200500056097,0005-09-25 01:30:00,5,9,25,1,30,670,506.0,,48.681,7.737,Nuit sans éclairage public,Hors agglomération,Hors intersection,Normale,Sans collision,,,,,,,,,,,3,1,1,1,7
200500056098,0005-09-18 10:10:00,5,9,18,10,10,620,848.0,"ens REIMS /CALAIS, PK 75",,,Plein jour,Hors agglomération,Hors intersection,Normale,Deux véhicules - arrière,,,,,,,,,,,1,1,1,1,2
200500056099,0005-09-07 00:30:00,5,9,7,0,30,380,397.0,,,,Nuit avec éclairage allumé,Hors agglomération,Giratoire,Normale,Autre collision,,,,,,,,,,,5,1,6,1,6
200500056100,0005-09-04 10:30:00,5,9,4,10,30,860,27.0,,,,Plein jour,Hors agglomération,Hors intersection,Normale,Autre collision,,,,,,,,,,,1,1,1,1,6
200500056101,0005-09-07 11:30:00,5,9,7,11,30,830,133.0,,,,Plein jour,Hors agglomération,Hors intersection,Pluie forte,Autre collision,,,,,,,,,,,1,1,1,3,6
200500056102,0005-09-26 14:00:00,5,9,26,14,0,660,172.0,RUE DE L'AERODROME,42.72,2.85,Plein jour,En agglomération,Hors intersection,Normale,Deux véhicules - frontale,,,,,,,,,,,1,2,1,1,1
200500056103,0005-09-08 19:30:00,5,9,8,19,30,630,113.0,Autoroute A 710 PK 0+700,,,Plein jour,Hors agglomération,Hors intersection,Normale,Sans collision,,,,,,,,,,,1,1,1,1,7
200500056104,0005-09-19 15:45:00,5,9,19,15,45,110,68.0,,,,Plein jour,Hors agglomération,Hors intersection,Normale,Autre collision,,,,,,,,,,,1,1,1,1,6
200500056105,0005-09-07 13:00:00,5,9,7,13,0,720,165.0,,,,Plein jour,Hors agglomération,Hors intersection,Normale,Sans collision,,,,,,,,,,,1,1,1,1,7
200500056106,0005-09-27 07:30:00,5,9,27,7,30,910,553.0,Route de ST Germain,48.622,2.485,Crépuscule ou aube,En agglomération,Hors intersection,Normale,Deux véhicules - frontale,,,,,,,,,,,2,2,1,1,1
200500056107,0005-09-01 06:30:00,5,9,1,6,30,310,100.0,,43.276,1.696,Nuit sans éclairage public,Hors agglomération,Hors intersection,Normale,Autre collision,,,,,,,,,,,3,1,1,1,6
200500056108,0005-09-02 19:45:00,5,9,2,19,45,680,66.0,,,,Plein jour,Hors agglomération,Hors intersection,Normale,Deux véhicules - arrière,,,,,,,,,,,1,1,1,1,2
200500056109,0005-09-09 14:00:00,5,9,9,14,0,680,295.0,,,,Plein jour,Hors agglomération,Hors intersection,Normale,Deux véhicules - côté,,,,,,,,,,,1,1,1,1,3
200500056110,0005-09-10 11:15:00,5,9,10,11,15,680,301.0,,,,Plein jour,Hors agglomération,Hors intersection,Normale,Sans collision,,,,,,,,,,,1,1,1,1,7
200500056111,0005-09-10 14:45:00,5,9,10,14,45,680,103.0,,,,Plein jour,Hors agglomération,Hors intersection,Normale,Autre collision,,,,,,,,,,,1,1,1,1,6
200500056112,0005-09-10 23:30:00,5,9,10,23,30,680,253.0,,,,Nuit avec éclairage allumé,Hors agglomération,Autre intersection,Normale,Autre collision,,,,,,,,,,,5,1,9,1,6
200500056113,0005-09-13 12:30:00,5,9,13,12,30,680,82.0,,47.86,7.39,Plein jour,Hors agglomération,Hors intersection,Normale,Autre collision,,,,,,,,,,,1,1,1,1,6
200500056114,0005-09-21 05:45:00,5,9,21,5,45,680,66.0,"PK 67+200, sens sud-nord",,,Nuit sans éclairage public,Hors agglomération,Hors intersection,Normale,Deux véhicules - arrière,,,,,,,,,,,3,1,1,1,2
200500056115,0005-09-27 08:00:00,5,9,27,8,0,680,252.0,,,,Plein jour,Hors agglomération,Hors intersection,Temps couvert,Trois véhicules et plus - en chaîne,,,,,,,,,,,1,1,1,8,4
200500056116,0005-09-05 10:45:00,5,9,5,10,45,530,108.0,,48.087,-1.026,Plein jour,Hors agglomération,Hors intersection,Normale,Trois véhicules et plus - en chaîne,,,,,,,,,,,1,1,1,1,4
200500056117,0005-09-26 12:00:00,5,9,26,12,0,530,7.0,OROUTE A 81 - PK 237+260,,,Plein jour,Hors agglomération,Hors intersection,Normale,Sans collision,,,,,,,,,,,1,1,1,1,7
200500056118,0005-09-07 17:30:00,5,9,7,17,30,201,258.0,,42.22,8.823,Plein jour,Hors agglomération,Hors intersection,Normale,Autre collision,,,,,,,,,,,1,1,1,1,6
200500056119,0005-09-29 01:10:00,5,9,29,1,10,390,501.0,100 sens BEAUNE/MULHOUSE,,,Nuit sans éclairage public,Hors agglomération,Hors intersection,Normale,Deux véhicules - côté,,,,,,,,,,,3,1,1,1,3
200500056120,0005-09-13 08:00:00,5,9,13,8,0,380,249.0,CD 11 route de DOMENE,,,Plein jour,Hors agglomération,Hors intersection,Normale,Autre collision,,,,,,,,,,,1,1,1,1,6
200500056121,0005-09-16 20:15:00,5,9,16,20,15,380,431.0,carrefour RN90 et CD 30,,,Nuit avec éclairage allumé,En agglomération,Hors intersection,Normale,Deux véhicules - frontale,,,,,,,,,,,5,2,1,1,1
200500056122,0005-09-23 18:45:00,5,9,23,18,45,380,39.0,route de st pancrasse,,,Plein jour,Hors agglomération,Hors intersection,Normale,Deux véhicules - frontale,,,,,,,,,,,1,1,1,1,1
200500056123,0005-09-10 18:00:00,5,9,10,18,0,60,85.0,159 CHEMIN DE PROVENCE,,,Plein jour,En agglomération,Hors intersection,Normale,Trois véhicules et plus - collisions multiples,,,,,,,,,,,1,2,1,1,5
200500056124,0005-09-14 11:00:00,5,9,14,11,0,60,85.0,508 AV GENERAL DE GAULLE,,,Plein jour,En agglomération,Hors intersection,Normale,Deux véhicules - frontale,,,,,,,,,,,1,2,1,1,1
200500056125,0005-09-09 15:45:00,5,9,9,15,45,780,466.0,RD154 -,,,Plein jour,Hors agglomération,Hors intersection,Normale,Deux véhicules - arrière,,,,,,,,,,,1,1,1,1,2
200500056126,0005-09-14 07:45:00,5,9,14,7,45,780,466.0,ROUTE DES QUARANTE SOUS,,,Plein jour,Hors agglomération,Hors intersection,Normale,Trois véhicules et plus - en chaîne,,,,,,,,,,,1,1,1,1,4
200500056127,0005-09-18 10:30:00,5,9,18,10,30,780,466.0,de l' Eglise ( parking ),,,Plein jour,En agglomération,Autre intersection,Temps éblouissant,Autre collision,,,,,,,,,,,1,2,9,7,6
200500056128,0005-09-22 20:55:00,5,9,22,20,55,780,466.0,Rue de l'Eglise,,,Nuit avec éclairage allumé,En agglomération,Hors intersection,Normale,Deux véhicules - frontale,,,,,,,,,,,5,2,1,1,1
200500056129,0005-09-14 18:30:00,5,9,14,18,30,660,195.0,21 RUE VICTOR HUGO,42.685,2.795,Plein jour,En agglomération,Hors intersection,Temps éblouissant,Autre collision,,,,,,,,,,,1,2,1,7,6
200500056130,0005-09-28 06:00:00,5,9,28,6,0,660,213.0,,42.661,2.809,Nuit sans éclairage public,Hors agglomération,Hors intersection,Normale,Autre collision,,,,,,,,,,,3,1,1,1,6
200500056131,0005-09-22 13:00:00,5,9,22,13,0,670,84.0,,48.321,7.485,Plein jour,Hors agglomération,Hors intersection,Normale,Sans collision,,,,,,,,,,,1,1,1,1,7
200500056132,0005-09-29 14:45:00,5,9,29,14,45,790,276.0,,,,Plein jour,Hors agglomération,Hors intersection,Normale,Sans collision,,,,,,,,,,,1,1,1,1,7
200500056133,0005-09-10 15:45:00,5,9,10,15,45,170,102.0,,,,Plein jour,Hors agglomération,Hors intersection,Normale,Deux véhicules - frontale,,,,,,,,,,,1,1,1,1,1
200500056134,0005-09-21 10:30:00,5,9,21,10,30,170,465.0,,,,Plein jour,Hors agglomération,Hors intersection,Normale,Trois véhicules et plus - collisions multiples,,,,,,,,,,,1,1,1,1,5
200500056135,0005-09-16 12:30:00,5,9,16,12,30,220,372.0,,48.526,-2.874,Plein jour,Hors agglomération,Hors intersection,Pluie légère,Deux véhicules - frontale,,,,,,,,,,,1,1,1,2,1
200500056136,0005-09-30 16:15:00,5,9,30,16,15,220,356.0,,48.568,-2.893,Plein jour,Hors agglomération,Intersection en X,Normale,Deux véhicules - côté,,,,,,,,,,,1,1,2,1,3
200500056137,0005-09-12 22:00:00,5,9,12,22,0,740,272.0,Route d'Epagny,,,Nuit sans éclairage public,En agglomération,Hors intersection,Normale,Deux véhicules - frontale,,,,,,,,,,,3,2,1,1,1
200500056138,0005-09-16 11:00:00,5,9,16,11,0,740,213.0,route des creusettes,,,Plein jour,En agglomération,Hors intersection,Normale,Deux véhicules - côté,,,,,,,,,,,1,2,1,1,3
200500056139,0005-09-17 14:00:00,5,9,17,14,0,740,26.0,au n° 11 route de Dalmaz,,,Plein jour,Hors agglomération,Hors intersection,Temps couvert,Deux véhicules - frontale,,,,,,,,,,,1,1,1,8,1
200500056140,0005-09-25 12:05:00,5,9,25,12,5,740,26.0,"Restaurant ""LES ROCHERS""",,,Plein jour,En agglomération,Hors intersection,Temps couvert,Deux véhicules - frontale,,,,,,,,,,,1,2,1,8,1
200500056141,0005-09-30 12:00:00,5,9,30,12,0,740,272.0,RN 508,,,Plein jour,Hors agglomération,Intersection en Y,Normale,Deux véhicules - frontale,,,,,,,,,,,1,1,4,1,1
200500056142,0005-09-15 07:45:00,5,9,15,7,45,420,279.0,rue Plein Air,,,Plein jour,En agglomération,Hors intersection,Normale,Autre collision,,,,,,,,,,,1,2,1,1,6
200500056143,0005-09-01 12:30:00,5,9,1,12,30,510,333.0,,49.152,4.097,Plein jour,Hors agglomération,Hors intersection,Pluie forte,Autre collision,,,,,,,,,,,1,1,1,3,6
200500056144,0005-09-03 02:00:00,5,9,3,2,0,520,207.0,,47.963,5.454,Nuit sans éclairage public,Hors agglomération,Hors intersection,Normale,Deux véhicules - côté,,,,,,,,,,,3,1,1,1,3
200500056145,0005-09-27 15:15:00,5,9,27,15,15,520,312.0,,47.837,5.229,Plein jour,Hors agglomération,Hors intersection,Normale,Sans collision,,,,,,,,,,,1,1,1,1,7
200500056146,0005-09-08 05:45:00,5,9,8,5,45,60,152.0,,,,Nuit sans éclairage public,Hors agglomération,Hors intersection,Normale,Deux véhicules - frontale,,,,,,,,,,,3,1,1,1,1
200500056147,0005-09-18 14:45:00,5,9,18,14,45,60,152.0,,,,Plein jour,Hors agglomération,Hors intersection,Normale,Deux véhicules - frontale,,,,,,,,,,,1,1,1,1,1
200500056148,0005-09-26 08:30:00,5,9,26,8,30,60,152.0,,,,Plein jour,Hors agglomération,Hors intersection,Normale,Deux véhicules - frontale,,,,,,,,,,,1,1,1,1,1
200500056149,0005-09-01 13:10:00,5,9,1,13,10,690,63.0,on rue Gelives rue Patel,,,Plein jour,En agglomération,Hors intersection,Normale,Autre collision,,,,,,,,,,,1,2,1,1,6
200500056150,0005-09-06 12:00:00,5,9,6,12,0,690,63.0,Quai Ilhausern,45.832,4.841,Plein jour,En agglomération,Hors intersection,Temps couvert,Trois véhicules et plus - collisions multiples,,,,,,,,,,,1,2,1,8,5
200500056151,0005-09-09 20:00:00,5,9,9,20,0,690,88.0,09 QUAI JEAN BAPTISTE SI,,,Plein jour,En agglomération,Hors intersection,Normale,Deux véhicules - côté,,,,,,,,,,,1,2,1,1,3
200500056152,0005-09-01 21:15:00,5,9,1,21,15,380,425.0,RUE DE LA COMMUNE,45.404,4.773,Nuit avec éclairage allumé,En agglomération,Hors intersection,Normale,Deux véhicules - côté,,,,,,,,,,,5,2,1,1,3
200500056153,0005-09-16 19:00:00,5,9,16,19,0,380,536.0,,,,Plein jour,Hors agglomération,Hors intersection,Normale,Autre collision,,,,,,,,,,,1,1,1,1,6
200500056154,0005-09-01 16:45:00,5,9,1,16,45,20,691.0,,49.954,3.208,Plein jour,Hors agglomération,Hors intersection,Normale,Deux véhicules - arrière,,,,,,,,,,,1,1,1,1,2
200500056155,0005-09-27 14:40:00,5,9,27,14,40,130,37.0,utibière CD.19 PK 19+450,,,Plein jour,Hors agglomération,Hors intersection,Normale,Autre collision,,,,,,,,,,,1,1,1,1,6
200500056156,0005-09-18 15:45:00,5,9,18,15,45,950,430.0,RUE DES CHARMILLES,49.072,2.312,Plein jour,En agglomération,Hors intersection,Normale,Autre collision,,,,,,,,,,,1,2,1,1,6
200500056157,0005-09-19 04:15:00,5,9,19,4,15,950,445.0,,49.1,2.296,Nuit sans éclairage public,Hors agglomération,Hors intersection,Normale,Sans collision,,,,,,,,,,,3,1,1,1,7
200500056158,0005-09-13 08:00:00,5,9,13,8,0,90,318.0,,42.76,1.771,Plein jour,Hors agglomération,Hors intersection,Pluie légère,Deux véhicules - côté,,,,,,,,,,,1,1,1,2,3
200500056159,0005-09-23 16:00:00,5,9,23,16,0,90,32.0,,42.71,1.837,Plein jour,Hors agglomération,Hors intersection,Normale,Autre collision,,,,,,,,,,,1,1,1,1,6
200500056160,0005-09-06 15:15:00,5,9,6,15,15,760,126.0,,49.678,1.323,Plein jour,Hors agglomération,Hors intersection,Normale,Trois véhicules et plus - en chaîne,,,,,,,,,,,1,1,1,1,4
200500056161,0005-09-06 23:00:00,5,9,6,23,0,420,47.0,,45.877,3.839,Nuit sans éclairage public,Hors agglomération,Hors intersection,Temps couvert,Autre collision,,,,,,,,,,,3,1,1,8,6
200500056162,0005-09-24 14:45:00,5,9,24,14,45,880,62.0,,,,Plein jour,Hors agglomération,Hors intersection,Normale,Deux véhicules - arrière,,,,,,,,,,,1,1,1,1,2
200500056163,0005-09-26 16:00:00,5,9,26,16,0,130,59.0,,43.637,5.496,Plein jour,Hors agglomération,Autre intersection,Normale,Sans collision,,,,,,,,,,,1,1,9,1,7
200500056164,0005-09-03 09:00:00,5,9,3,9,0,180,138.0,utoroute A.71 pk 205+150,,,Plein jour,Hors agglomération,Hors intersection,Normale,Sans collision,,,,,,,,,,,1,1,1,1,7
200500056165,0005-09-11 19:10:00,5,9,11,19,10,410,232.0,+800 sens province-Paris,,,Plein jour,Hors agglomération,Hors intersection,Normale,Sans collision,,,,,,,,,,,1,1,1,1,7
200500056166,0005-09-16 16:45:00,5,9,16,16,45,180,279.0,,47.248,2.071,Plein jour,Hors agglomération,Autre intersection,Pluie légère,Deux véhicules - arrière,,,,,,,,,,,1,1,9,2,2
200500056167,0005-09-26 06:50:00,5,9,26,6,50,410,46.0,+500 sens Province-Paris,,,Crépuscule ou aube,Hors agglomération,Hors intersection,Normale,Sans collision,,,,,,,,,,,2,1,1,1,7
200500056168,0005-09-08 19:00:00,5,9,8,19,0,130,51.0,Cd21,,,Plein jour,Hors agglomération,Hors intersection,Pluie forte,Autre collision,,,,,,,,,,,1,1,1,3,6
200500056169,0005-09-19 12:45:00,5,9,19,12,45,130,29.0,,,,Plein jour,Hors agglomération,Hors intersection,Normale,Sans collision,,,,,,,,,,,1,1,1,1,7
200500056170,0005-09-16 19:30:00,5,9,16,19,30,30,220.0,,46.17,3.131,Crépuscule ou aube,Hors agglomération,Hors intersection,Pluie forte,Autre collision,,,,,,,,,,,2,1,1,3,6
200500056171,0005-09-02 18:30:00,5,9,2,18,30,490,127.0,,47.672,-0.264,Plein jour,Hors agglomération,Hors intersection,Normale,Sans collision,,,,,,,,,,,1,1,1,1,7
200500056172,0005-09-15 10:00:00,5,9,15,10,0,60,89.0,,43.648,7.012,Plein jour,Hors agglomération,Hors intersection,Normale,Deux véhicules - frontale,,,,,,,,,,,1,1,1,1,1
200500056173,0005-09-22 11:30:00,5,9,22,11,30,60,89.0,CD7 ROUTE D OPIO,43.672,6.991,Plein jour,En agglomération,Hors intersection,Normale,Deux véhicules - côté,,,,,,,,,,,1,2,1,1,3
200500056174,0005-09-30 14:15:00,5,9,30,14,15,60,112.0,route de Nice,43.678,7.006,Plein jour,En agglomération,Hors intersection,Normale,Trois véhicules et plus - collisions multiples,,,,,,,,,,,1,2,1,1,5
200500056175,0005-09-08 09:25:00,5,9,8,9,25,650,101.0,00 sens BAYONNE/TOULOUSE,,,Plein jour,Hors agglomération,Hors intersection,Pluie forte,Autre collision,,,,,,,,,,,1,1,1,3,6
200500056176,0005-09-24 16:30:00,5,9,24,16,30,20,399.0,,,,Plein jour,Hors agglomération,Hors intersection,Normale,Deux véhicules - arrière,,,,,,,,,,,1,1,1,1,2
200500056177,0005-09-07 15:00:00,5,9,7,15,0,380,172.0,route de St Alban,,,Plein jour,Hors agglomération,Hors intersection,Normale,Deux véhicules - arrière,,,,,,,,,,,1,1,1,1,2
200500056178,0005-09-10 17:30:00,5,9,10,17,30,380,193.0,Boulevard ST GERMAIN,45.619,5.211,Plein jour,Hors agglomération,Autre intersection,Temps couvert,Deux véhicules - frontale,,,,,,,,,,,1,1,9,8,1
200500056179,0005-09-15 14:00:00,5,9,15,14,0,380,530.0,route de vienne,45.616,5.182,Plein jour,En agglomération,Hors intersection,Normale,Autre collision,,,,,,,,,,,1,2,1,1,6
200500056180,0005-09-07 00:45:00,5,9,7,0,45,30,153.0,,,,Nuit sans éclairage public,Hors agglomération,Hors intersection,Normale,Sans collision,,,,,,,,,,,3,1,1,1,7
200500056181,0005-09-05 12:40:00,5,9,5,12,40,50,184.0,,,,Plein jour,Hors agglomération,Hors intersection,Normale,Sans collision,,,,,,,,,,,1,1,1,1,7
200500056182,0005-09-13 07:30:00,5,9,13,7,30,100,438.0,,,,Plein jour,Hors agglomération,Hors intersection,Normale,Autre collision,,,,,,,,,,,1,1,1,1,6
200500056183,0005-09-25 15:00:00,5,9,25,15,0,100,45.0,,,,Plein jour,Hors agglomération,Hors intersection,Normale,Sans collision,,,,,,,,,,,1,1,1,1,7
200500056184,0005-09-04 13:00:00,5,9,4,13,0,130,80.0,Le Canal,,,Plein jour,Hors agglomération,Hors intersection,Normale,Deux véhicules - côté,,,,,,,,,,,1,1,1,1,3
200500056185,0005-09-03 04:15:00,5,9,3,4,15,730,151.0,A43 PK 104+300,,,Nuit sans éclairage public,Hors agglomération,Hors intersection,Normale,Autre collision,,,,,,,,,,,3,1,1,1,6
200500056186,0005-09-19 18:00:00,5,9,19,18,0,730,89.0,,,,Plein jour,Hors agglomération,Hors intersection,Normale,Deux véhicules - arrière,,,,,,,,,,,1,1,1,1,2
200500056187,0005-09-18 16:05:00,5,9,18,16,5,730,249.0,"utoroute A 43 PK 101,150",,,Plein jour,Hors agglomération,Hors intersection,Temps couvert,Trois véhicules et plus - collisions multiples,,,,,,,,,,,1,1,1,8,5
200500056188,0005-09-03 06:00:00,5,9,3,6,0,310,358.0,,,,Nuit sans éclairage public,Hors agglomération,Hors intersection,Normale,Deux véhicules - frontale,,,,,,,,,,,3,1,1,1,1
200500056189,0005-09-12 19:45:00,5,9,12,19,45,600,139.0,,,,Plein jour,Hors agglomération,Hors intersection,Normale,Autre collision,,,,,,,,,,,1,1,1,1,6
200500056190,0005-09-10 15:50:00,5,9,10,15,50,890,124.0,Autoroute A5 - PK 51+280,,,Plein jour,Hors agglomération,Hors intersection,Normale,Autre collision,,,,,,,,,,,1,1,1,1,6
200500056191,0005-09-17 05:30:00,5,9,17,5,30,130,50.0,,,,Nuit sans éclairage public,Hors agglomération,Hors intersection,Normale,Deux véhicules - frontale,,,,,,,,,,,3,1,1,1,1
200500056192,0005-09-18 00:45:00,5,9,18,0,45,130,50.0,,,,Nuit sans éclairage public,Hors agglomération,Hors intersection,Normale,Deux véhicules - arrière,,,,,,,,,,,3,1,1,1,2
200500056193,0005-09-20 16:00:00,5,9,20,16,0,760,533.0,,49.49,0.25,Plein jour,Hors agglomération,Hors intersection,Normale,Deux véhicules - côté,,,,,,,,,,,1,1,1,1,3
200500056194,0005-09-09 18:15:00,5,9,9,18,15,760,369.0,,,,Plein jour,Hors agglomération,Hors intersection,Normale,Autre collision,,,,,,,,,,,1,1,1,1,6
200500056195,0005-09-14 06:00:00,5,9,14,6,0,760,758.0,,,,Nuit sans éclairage public,Hors agglomération,Hors intersection,Normale,Sans collision,,,,,,,,,,,3,1,1,1,7
200500056196,0005-09-28 12:15:00,5,9,28,12,15,760,325.0,,,,Plein jour,Hors agglomération,Hors intersection,Normale,Autre collision,,,,,,,,,,,1,1,1,1,6
200500056197,0005-09-30 16:15:00,5,9,30,16,15,760,611.0,,,,Plein jour,Hors agglomération,Hors intersection,Normale,Autre collision,,,,,,,,,,,1,1,1,1,6
200500056198,0005-09-04 23:45:00,5,9,4,23,45,310,296.0,barrière de péage,43.12,0.9,Nuit avec éclairage allumé,Hors agglomération,Hors intersection,Normale,Autre collision,,,,,,,,,,,5,1,1,1,6
200500056199,0005-09-11 18:30:00,5,9,11,18,30,490,30.0,,,,Plein jour,Hors agglomération,Hors intersection,Normale,Autre collision,,,,,,,,,,,1,1,1,1,6
200500056200,0005-09-25 11:15:00,5,9,25,11,15,490,194.0,,,,Plein jour,Hors agglomération,Hors intersection,Autre,Autre collision,,,,,,,,,,,1,1,1,9,6
200500056201,0005-09-03 09:15:00,5,9,3,9,15,800,795.0,,,,Plein jour,Hors agglomération,Hors intersection,Normale,Autre collision,,,,,,,,,,,1,1,1,1,6