accident_id,datetime,annee,mois,jour,heure,minute,departement,commune_insee,adresse,latitude,longitude,luminosite,agglomeration,intersection,meteo,collision,nb_vehicules,nb_usagers,nb_indemnes,nb_tues,nb_blesses_hosp,nb_blesses_legers,age_cond_1,age_cond_2,veh_type_cond_1,veh_type_cond_2,lum_code,agg_code,int_code,atm_code,col_code
200500056464,0005-06-27 07:55:00,5,6,27,7,55,130,55.0,"42, 24-AVR-15 (AVENUE DU",,,Plein jour,En agglomération,Intersection en X,Normale,Deux véhicules - côté,,,,,,,,,,,1,2,2,1,3
200500056465,0005-06-15 14:00:00,5,6,15,14,0,130,55.0,"54, ST MENET (CHEMIN)",,,Plein jour,En agglomération,Intersection en T,Normale,Sans collision,,,,,,,,,,,1,2,3,1,7
200500056466,0005-07-08 17:10:00,5,7,8,17,10,130,55.0,"05, GRIGNAN (RUE)",,,Plein jour,En agglomération,Hors intersection,Normale,Autre collision,,,,,,,,,,,1,2,1,1,6
200500056467,0005-06-18 15:00:00,5,6,18,15,0,130,55.0,KE (CORNICHE),,,Plein jour,En agglomération,Hors intersection,Normale,Autre collision,,,,,,,,,,,1,2,1,1,6
200500056468,0005-05-30 07:15:00,5,5,30,7,15,130,55.0,ALBERT MARQUET (RUE),,,Crépuscule ou aube,En agglomération,Hors intersection,Normale,Deux véhicules - frontale,,,,,,,,,,,2,2,1,1,1
200500056469,0005-07-01 20:30:00,5,7,1,20,30,130,55.0,JEAN LOMBARD (AVENUE),,,Plein jour,En agglomération,Hors intersection,Normale,Autre collision,,,,,,,,,,,1,2,1,1,6
200500056470,0005-07-09 08:00:00,5,7,9,8,0,130,55.0,"00, MENDES-FRANCE (AVE P",,,Plein jour,En agglomération,Hors intersection,Normale,Autre collision,,,,,,,,,,,1,2,1,1,6
200500056471,0005-07-08 14:45:00,5,7,8,14,45,130,55.0,"76, JEANNE D' ARC (RUE)",,,Plein jour,En agglomération,Hors intersection,Normale,Deux véhicules - côté,,,,,,,,,,,1,2,1,1,3
200500056472,0005-06-26 08:25:00,5,6,26,8,25,130,55.0,"150, LOUBON (RUE)",,,Plein jour,En agglomération,Hors intersection,Normale,Autre collision,,,,,,,,,,,1,2,1,1,6
200500056473,0005-07-10 00:50:00,5,7,10,0,50,130,55.0,"00, SARTRE (AV JP)",,,Nuit avec éclairage allumé,En agglomération,Intersection en X,Normale,Deux véhicules - arrière,,,,,,,,,,,5,2,2,1,2
200500056474,0005-06-22 02:45:00,5,6,22,2,45,130,55.0,PLOMBIERES (BD DE),,,Nuit avec éclairage allumé,En agglomération,Intersection en X,Normale,Deux véhicules - côté,,,,,,,,,,,5,2,2,1,3
200500056475,0005-06-15 22:50:00,5,6,15,22,50,130,55.0,J.P SARTRE (AVENUE),,,Nuit avec éclairage allumé,En agglomération,Hors intersection,Normale,Autre collision,,,,,,,,,,,5,2,1,1,6
200500056476,0005-06-20 15:15:00,5,6,20,15,15,130,55.0,"98, EVECHE (RUE DE L')",,,Plein jour,En agglomération,Hors intersection,Normale,Autre collision,,,,,,,,,,,1,2,1,1,6
200500056477,0005-06-15 12:55:00,5,6,15,12,55,130,55.0,GUADELOUPE (RUE DE LA),,,Plein jour,En agglomération,Intersection en X,Normale,Deux véhicules - frontale,,,,,,,,,,,1,2,2,1,1
200500056478,0005-07-09 17:10:00,5,7,9,17,10,130,55.0,", LOUIS BONNEFON (PLACE)",,,Plein jour,En agglomération,Hors intersection,Normale,Sans collision,,,,,,,,,,,1,2,1,1,7
200500056479,0005-02-04 19:40:00,5,2,4,19,40,130,55.0,"562, HAMBOURG (AV DE)",,,Plein jour,En agglomération,Hors intersection,Normale,Autre collision,,,,,,,,,,,1,2,1,1,6
200500056480,0005-06-23 15:30:00,5,6,23,15,30,130,55.0,"173, ROMAIN ROLLAND (BD)",,,Plein jour,En agglomération,Hors intersection,Temps éblouissant,Trois véhicules et plus - collisions multiples,,,,,,,,,,,1,2,1,7,5
200500056481,0005-07-13 09:15:00,5,7,13,9,15,130,55.0,DE LA SAVINE (AVENUE),,,Plein jour,En agglomération,Hors intersection,Normale,Deux véhicules - frontale,,,,,,,,,,,1,2,1,1,1
200500056482,0005-06-26 18:20:00,5,6,26,18,20,130,55.0,YVES GIROUD (AVENUE),,,Plein jour,En agglomération,Hors intersection,Normale,Autre collision,,,,,,,,,,,1,2,1,1,6
200500056483,0005-06-24 16:15:00,5,6,24,16,15,130,55.0,CATALANS (RUE DES),,,Plein jour,En agglomération,Hors intersection,Normale,Autre collision,,,,,,,,,,,1,2,1,1,6
200500056484,0005-05-11 18:02:00,5,5,11,18,2,130,55.0,RIMAS (RUE),,,Plein jour,En agglomération,Hors intersection,Normale,Autre collision,,,,,,,,,,,1,2,1,1,6
200500056485,0005-07-16 20:15:00,5,7,16,20,15,130,55.0,"237, SAINT LOUP (BD DE)",,,Plein jour,En agglomération,Hors intersection,Temps éblouissant,Deux véhicules - arrière,,,,,,,,,,,1,2,1,7,2
200500056486,0005-06-30 13:05:00,5,6,30,13,5,130,55.0,"12, SAINT LOUP (BD)",,,Plein jour,En agglomération,Hors intersection,Normale,Trois véhicules et plus - collisions multiples,,,,,,,,,,,1,2,1,1,5
200500056487,0005-07-09 01:10:00,5,7,9,1,10,130,55.0,SAINT JEAN (CHEMIN),,,Nuit avec éclairage allumé,En agglomération,Intersection en Y,Normale,Deux véhicules - côté,,,,,,,,,,,5,2,4,1,3
200500056488,0005-06-30 00:30:00,5,6,30,0,30,130,55.0,SAINTE MARG (BD),,,Nuit avec éclairage allumé,En agglomération,Hors intersection,Normale,Deux véhicules - côté,,,,,,,,,,,5,2,1,1,3
200500056489,0005-06-13 01:40:00,5,6,13,1,40,130,55.0,", NATIONAL (BD)",,,Nuit avec éclairage allumé,En agglomération,Intersection à plus de 4 branches,Normale,Deux véhicules - côté,,,,,,,,,,,5,2,5,1,3
200500056490,0005-06-24 17:16:00,5,6,24,17,16,130,55.0,"135, SAINTE MARGUERITE (",,,Plein jour,En agglomération,Intersection en X,Normale,Trois véhicules et plus - collisions multiples,,,,,,,,,,,1,2,2,1,5
200500056491,0005-07-18 13:55:00,5,7,18,13,55,130,55.0,J.P SARTRE (AVENUE),,,Plein jour,En agglomération,Hors intersection,Normale,Deux véhicules - côté,,,,,,,,,,,1,2,1,1,3
200500056492,0005-07-28 08:20:00,5,7,28,8,20,130,55.0,"285, PRADO (AVENUE)",,,Plein jour,En agglomération,Hors intersection,Normale,Autre collision,,,,,,,,,,,1,2,1,1,6
200500056493,0005-06-28 09:30:00,5,6,28,9,30,130,55.0,MARECHAL FAYOLLE (PLACE),,,Plein jour,En agglomération,Intersection en X,Normale,Deux véhicules - côté,,,,,,,,,,,1,2,2,1,3
200500056494,0005-07-28 22:00:00,5,7,28,22,0,130,55.0,ST LOUIS AU ROVE (CHEMIN,,,Nuit avec éclairage allumé,En agglomération,Autre intersection,Normale,Deux véhicules - côté,,,,,,,,,,,5,2,9,1,3
200500056495,0005-03-30 16:45:00,5,3,30,16,45,130,55.0,"2, LACEPEDE (RUE)",,,Plein jour,En agglomération,Hors intersection,Normale,Autre collision,,,,,,,,,,,1,2,1,1,6
200500056496,0005-07-09 15:15:00,5,7,9,15,15,130,55.0,GAFFAREL (RUE),,,Plein jour,En agglomération,Hors intersection,Normale,Autre collision,,,,,,,,,,,1,2,1,1,6
200500056497,0005-06-01 20:45:00,5,6,1,20,45,130,55.0,"000, LOUBON (RUE)",,,Nuit avec éclairage allumé,En agglomération,Hors intersection,Normale,Autre collision,,,,,,,,,,,5,2,1,1,6
200500056498,0005-07-26 12:50:00,5,7,26,12,50,130,55.0,"000, LIANDIER (RUE)",,,Plein jour,En agglomération,Hors intersection,Normale,Deux véhicules - arrière,,,,,,,,,,,1,2,1,1,2
200500056499,0005-07-20 15:30:00,5,7,20,15,30,130,55.0,", ESTAQUE PLAGE",,,Plein jour,En agglomération,Autre intersection,Normale,Deux véhicules - côté,,,,,,,,,,,1,2,9,1,3
200500056500,0005-08-03 00:01:00,5,8,3,0,1,130,55.0,"189, COROT (AVENUE)",,,Nuit avec éclairage non allumé,En agglomération,Hors intersection,Normale,Autre collision,,,,,,,,,,,4,2,1,1,6
200500056501,0005-06-11 11:30:00,5,6,11,11,30,130,55.0,"00, BOSPHORE (BD DU)",,,Plein jour,En agglomération,Hors intersection,Normale,Autre collision,,,,,,,,,,,1,2,1,1,6
200500056502,0005-07-29 14:31:00,5,7,29,14,31,130,55.0,"69, BENJAMIN DELESSERT (",,,Plein jour,En agglomération,Intersection en T,Normale,Autre collision,,,,,,,,,,,1,2,3,1,6
200500056503,0005-08-02 11:00:00,5,8,2,11,0,130,55.0,"262, MORGIOU (CHEMIN DE)",,,Plein jour,En agglomération,Hors intersection,Normale,Deux véhicules - arrière,,,,,,,,,,,1,2,1,1,2
200500056504,0005-08-10 00:10:00,5,8,10,0,10,130,55.0,GENES (RUE DE),,,Nuit avec éclairage allumé,En agglomération,Autre intersection,Normale,Deux véhicules - côté,,,,,,,,,,,5,2,9,1,3
200500056505,0005-08-06 22:05:00,5,8,6,22,5,130,55.0,"221, LYON (RUE DE)",,,Nuit avec éclairage allumé,En agglomération,Hors intersection,Normale,Deux véhicules - côté,,,,,,,,,,,5,2,1,1,3
200500056506,0005-07-08 10:00:00,5,7,8,10,0,130,55.0,"37, SAKAKINI (BD)",,,Plein jour,En agglomération,Hors intersection,Normale,Deux véhicules - arrière,,,,,,,,,,,1,2,1,1,2
200500056507,0005-08-12 09:00:00,5,8,12,9,0,130,55.0,"9,  XAVIER PROGIN (AVENU",,,Plein jour,En agglomération,Hors intersection,Normale,Autre collision,,,,,,,,,,,1,2,1,1,6
200500056508,0005-08-15 23:45:00,5,8,15,23,45,130,55.0,BENEDIT (RUE),,,Nuit avec éclairage allumé,En agglomération,Hors intersection,Normale,Deux véhicules - frontale,,,,,,,,,,,5,2,1,1,1
200500056509,0005-08-08 21:45:00,5,8,8,21,45,130,55.0,"47, VALBARELLE A ST MARC",,,Crépuscule ou aube,En agglomération,Hors intersection,Normale,Deux véhicules - côté,,,,,,,,,,,2,2,1,1,3
200500056510,0005-08-08 18:20:00,5,8,8,18,20,130,55.0,PIERRE PARAF (ROND POINT,,,Plein jour,En agglomération,Giratoire,Normale,Deux véhicules - côté,,,,,,,,,,,1,2,6,1,3
200500056511,0005-08-16 12:01:00,5,8,16,12,1,130,55.0,ED. CREMIEUX (RUE),,,Plein jour,En agglomération,Hors intersection,Normale,Autre collision,,,,,,,,,,,1,2,1,1,6
200500056512,0005-08-15 19:55:00,5,8,15,19,55,130,55.0,GUSTAVE GANAY (AVENUE),,,Plein jour,En agglomération,Intersection à plus de 4 branches,Normale,Deux véhicules - côté,,,,,,,,,,,1,2,5,1,3
200500056513,0005-08-17 11:28:00,5,8,17,11,28,130,55.0,SAINTE BARBE (RUE),,,Plein jour,En agglomération,Hors intersection,Normale,Deux véhicules - côté,,,,,,,,,,,1,2,1,1,3
200500056514,0005-08-10 13:06:00,5,8,10,13,6,130,55.0,"38, NEGRESKO (RUE)",,,Plein jour,En agglomération,Hors intersection,Pluie légère,Deux véhicules - arrière,,,,,,,,,,,1,2,1,2,2
200500056515,0005-08-16 10:00:00,5,8,16,10,0,130,55.0,"25, VALBARELLE (BD DE LA",,,Plein jour,En agglomération,Hors intersection,Normale,Autre collision,,,,,,,,,,,1,2,1,1,6
200500056516,0005-08-17 17:40:00,5,8,17,17,40,130,55.0,PROSPER MERIME (AVENUE),,,Plein jour,En agglomération,Hors intersection,Normale,Autre collision,,,,,,,,,,,1,2,1,1,6
200500056517,0005-08-18 23:20:00,5,8,18,23,20,130,2.0,"163, QUATRE SAISONS (ROU",,,Nuit avec éclairage allumé,En agglomération,Hors intersection,Normale,Deux véhicules - arrière,,,,,,,,,,,5,2,1,1,2
200500056518,0005-08-21 19:30:00,5,8,21,19,30,130,55.0,MOGADOR (PLACE DE),,,Plein jour,Hors agglomération,Hors intersection,Normale,Trois véhicules et plus - en chaîne,,,,,,,,,,,1,1,1,1,4
200500056519,0005-08-21 17:10:00,5,8,21,17,10,130,55.0,", REPUBLIQUE (RUE DE LA)",,,Plein jour,En agglomération,Intersection en T,Normale,Deux véhicules - côté,,,,,,,,,,,1,2,3,1,3
200500056520,0005-08-10 16:31:00,5,8,10,16,31,130,55.0,PRADO (AVENUE DU),,,Plein jour,En agglomération,Intersection en X,Normale,Deux véhicules - côté,,,,,,,,,,,1,2,2,1,3
200500056521,0005-08-14 18:45:00,5,8,14,18,45,130,55.0,PARETTE (CHEMIN DE LA),,,Plein jour,En agglomération,Hors intersection,Normale,Autre collision,,,,,,,,,,,1,2,1,1,6
200500056522,0005-08-18 14:50:00,5,8,18,14,50,130,55.0,SIRVENT (AV PAUL),,,Plein jour,En agglomération,Hors intersection,Normale,Deux véhicules - arrière,,,,,,,,,,,1,2,1,1,2
200500056523,0005-08-08 08:10:00,5,8,8,8,10,130,55.0,CHAVE (AVENUE),,,Plein jour,En agglomération,Intersection en X,Normale,Deux véhicules - côté,,,,,,,,,,,1,2,2,1,3
200500056524,0005-06-22 12:00:00,5,6,22,12,0,130,55.0,PAPERE (RUE),,,Plein jour,En agglomération,Hors intersection,Normale,Autre collision,,,,,,,,,,,1,2,1,1,6
200500056525,0005-08-20 14:15:00,5,8,20,14,15,130,55.0,RIVE NEUVE (QUAI DE),,,Plein jour,En agglomération,Intersection en T,Normale,Deux véhicules - côté,,,,,,,,,,,1,2,3,1,3
200500056526,0005-06-22 15:00:00,5,6,22,15,0,130,55.0,PRADO (AVENUE DU),,,Plein jour,En agglomération,Hors intersection,Normale,Autre collision,,,,,,,,,,,1,2,1,1,6
200500056527,0005-08-16 19:00:00,5,8,16,19,0,130,55.0,BOUYALA D'A (BD),,,Plein jour,En agglomération,Autre intersection,Normale,Sans collision,,,,,,,,,,,1,2,9,1,7
200500056528,0005-08-22 11:40:00,5,8,22,11,40,130,55.0,"9, VITON (AVENUE)",,,Plein jour,En agglomération,Hors intersection,Normale,Deux véhicules - côté,,,,,,,,,,,1,2,1,1,3
200500056529,0005-06-28 15:10:00,5,6,28,15,10,130,55.0,"35, MONTREDON (AVENUE DE",,,Plein jour,En agglomération,Hors intersection,Normale,Deux véhicules - côté,,,,,,,,,,,1,2,1,1,3
200500056530,0005-08-23 12:45:00,5,8,23,12,45,130,55.0,", AIGUILLETTE (BD)",,,Plein jour,En agglomération,Intersection en X,Normale,Deux véhicules - côté,,,,,,,,,,,1,2,2,1,3
200500056531,0005-08-16 16:30:00,5,8,16,16,30,130,55.0,MONTRE (TRAVERSE DE LA),,,Plein jour,En agglomération,Intersection en X,Normale,Deux véhicules - côté,,,,,,,,,,,1,2,2,1,3
200500056532,0005-08-17 15:15:00,5,8,17,15,15,130,55.0,"170, LIBERATION (BD)",,,Plein jour,En agglomération,Hors intersection,Normale,Deux véhicules - côté,,,,,,,,,,,1,2,1,1,3
200500056533,0005-07-20 18:20:00,5,7,20,18,20,130,55.0,"1, SAKAKINI (BD)",,,Plein jour,En agglomération,Hors intersection,Normale,Deux véhicules - arrière,,,,,,,,,,,1,2,1,1,2
200500056534,0005-08-20 19:45:00,5,8,20,19,45,130,55.0,", AMELIE (RUE)",,,Plein jour,En agglomération,Intersection en T,Normale,Deux véhicules - frontale,,,,,,,,,,,1,2,3,1,1
200500056535,0005-08-11 09:15:00,5,8,11,9,15,130,55.0,MAZARGUES (AVENUE DE),,,Plein jour,En agglomération,Intersection en T,Normale,Deux véhicules - côté,,,,,,,,,,,1,2,3,1,3
200500056536,0005-08-16 09:30:00,5,8,16,9,30,130,55.0,MICHELET (BD),,,Plein jour,En agglomération,Intersection en X,Pluie légère,Autre collision,,,,,,,,,,,1,2,2,2,6
200500056537,0005-07-21 18:11:00,5,7,21,18,11,130,55.0,"93, PONT DE VIV (BD)",,,Plein jour,En agglomération,Hors intersection,Normale,Trois véhicules et plus - en chaîne,,,,,,,,,,,1,2,1,1,4
200500056538,0005-08-20 13:15:00,5,8,20,13,15,130,55.0,"64, SAINTE (RUE)",,,Plein jour,En agglomération,Hors intersection,Normale,Autre collision,,,,,,,,,,,1,2,1,1,6
200500056539,0005-08-26 01:10:00,5,8,26,1,10,130,55.0,"186, MADRAGUE VI (RUE)",,,Nuit avec éclairage allumé,En agglomération,Hors intersection,Normale,Autre collision,,,,,,,,,,,5,2,1,1,6
200500056540,0005-08-10 15:30:00,5,8,10,15,30,130,55.0,BOSPHORE (BD DU),,,Plein jour,En agglomération,Hors intersection,Autre,Autre collision,,,,,,,,,,,1,2,1,9,6
200500056541,0005-08-25 15:30:00,5,8,25,15,30,130,55.0,POUNCHE (CHEMIN DE LA),,,Plein jour,En agglomération,Hors intersection,Normale,Deux véhicules - frontale,,,,,,,,,,,1,2,1,1,1
200500056542,0005-08-05 11:00:00,5,8,5,11,0,130,55.0,"61, JOURDAN (BD)",,,Plein jour,En agglomération,Hors intersection,Normale,Autre collision,,,,,,,,,,,1,2,1,1,6
200500056543,0005-08-31 21:00:00,5,8,31,21,0,130,55.0,"35, RIVE NEUVE (QUAI)",,,Nuit avec éclairage allumé,En agglomération,Hors intersection,Normale,Trois véhicules et plus - en chaîne,,,,,,,,,,,5,2,1,1,4
200500056544,0005-05-27 01:00:00,5,5,27,1,0,130,55.0,MONTRICHIER (BD),,,Nuit avec éclairage allumé,En agglomération,Hors intersection,Normale,Deux véhicules - arrière,,,,,,,,,,,5,2,1,1,2
200500056545,0005-07-19 18:45:00,5,7,19,18,45,130,55.0,J.P SARTRE (AVENUE),,,Plein jour,En agglomération,Hors intersection,Normale,Deux véhicules - arrière,,,,,,,,,,,1,2,1,1,2
200500056546,0005-08-22 10:50:00,5,8,22,10,50,130,55.0,"114, LYON (RUE DE)",,,Plein jour,En agglomération,Hors intersection,Normale,Autre collision,,,,,,,,,,,1,2,1,1,6
200500056547,0005-08-31 05:25:00,5,8,31,5,25,130,55.0,"144, PAUL CLAUDEL (BD)",,,Nuit avec éclairage allumé,En agglomération,Hors intersection,Normale,Sans collision,,,,,,,,,,,5,2,1,1,7
200500056548,0005-08-24 17:25:00,5,8,24,17,25,130,55.0,SAINT MARCEL (AV DE),,,Plein jour,En agglomération,Intersection en T,Normale,Deux véhicules - côté,,,,,,,,,,,1,2,3,1,3
200500056549,0005-08-03 18:00:00,5,8,3,18,0,130,55.0,"0, BOISERAIE (RUE)",,,Plein jour,En agglomération,Hors intersection,Normale,Autre collision,,,,,,,,,,,1,2,1,1,6
200500056550,0005-08-22 08:14:00,5,8,22,8,14,130,55.0,"38,  AVIATEUR LE BRIX (A",,,Plein jour,En agglomération,Hors intersection,Temps couvert,Autre collision,,,,,,,,,,,1,2,1,8,6
200500056551,0005-08-21 17:00:00,5,8,21,17,0,130,55.0,CAMILLE PELLETAN (AVENUE,,,Plein jour,En agglomération,Intersection en X,Normale,Deux véhicules - côté,,,,,,,,,,,1,2,2,1,3
200500056552,0005-07-16 12:16:00,5,7,16,12,16,130,55.0,"86, MAURIAC (RUE FRANCOI",,,Plein jour,En agglomération,Hors intersection,Normale,Deux véhicules - côté,,,,,,,,,,,1,2,1,1,3
200500056553,0005-06-23 18:30:00,5,6,23,18,30,130,55.0,DU ROVE (ROUTE),,,Plein jour,En agglomération,Hors intersection,Normale,Deux véhicules - frontale,,,,,,,,,,,1,2,1,1,1
200500056554,0005-08-27 00:30:00,5,8,27,0,30,130,55.0,MAZARGUES (ROND POINT),,,Nuit avec éclairage allumé,En agglomération,Hors intersection,Normale,Trois véhicules et plus - en chaîne,,,,,,,,,,,5,2,1,1,4
200500056555,0005-05-01 16:21:00,5,5,1,16,21,130,55.0,"000, LYON (BD)",,,Plein jour,En agglomération,Hors intersection,Normale,Autre collision,,,,,,,,,,,1,2,1,1,6
200500056556,0005-08-13 02:00:00,5,8,13,2,0,130,55.0,GROBET (RUE LOUIS),,,Nuit avec éclairage allumé,En agglomération,Intersection en X,Normale,Deux véhicules - côté,,,,,,,,,,,5,2,2,1,3
200500056557,0005-05-25 16:00:00,5,5,25,16,0,130,55.0,"00, PRADO (AVENUE)",,,Plein jour,En agglomération,Hors intersection,Normale,Deux véhicules - arrière,,,,,,,,,,,1,2,1,1,2
200500056558,0005-06-11 07:50:00,5,6,11,7,50,130,55.0,R SALENGRO (AVENUE),,,Plein jour,En agglomération,Intersection en X,Normale,Deux véhicules - côté,,,,,,,,,,,1,2,2,1,3
200500056559,0005-06-09 17:30:00,5,6,9,17,30,130,55.0,"000, PLOMBIERES (BD DE)",,,Plein jour,En agglomération,Hors intersection,Normale,Deux véhicules - arrière,,,,,,,,,,,1,2,1,1,2
200500056560,0005-05-17 18:50:00,5,5,17,18,50,130,55.0,"55, VALDONNE (AV DE)",,,Plein jour,En agglomération,Hors intersection,Normale,Deux véhicules - frontale,,,,,,,,,,,1,2,1,1,1
200500056561,0005-08-31 17:20:00,5,8,31,17,20,130,55.0,ALLENDE SALVATOR (AV),,,Plein jour,En agglomération,Giratoire,Normale,Deux véhicules - côté,,,,,,,,,,,1,2,6,1,3
200500056562,0005-08-31 19:31:00,5,8,31,19,31,130,55.0,"10, GUSTAVE GANAY (AVENU",,,Plein jour,En agglomération,Hors intersection,Normale,Deux véhicules - arrière,,,,,,,,,,,1,2,1,1,2
200500056563,0005-08-25 10:30:00,5,8,25,10,30,130,55.0,LIVON (CHARLES),,,Plein jour,En agglomération,Hors intersection,Normale,Deux véhicules - côté,,,,,,,,,,,1,2,1,1,3
200500056564,0005-08-31 16:00:00,5,8,31,16,0,130,55.0,"149, PRADO  N°77 A FIN (",,,Plein jour,En agglomération,Hors intersection,Normale,Trois véhicules et plus - collisions multiples,,,,,,,,,,,1,2,1,1,5
200500056565,0005-08-21 20:20:00,5,8,21,20,20,130,55.0,"85, POMPIDOU (PROM.)",,,Plein jour,En agglomération,Hors intersection,Normale,Autre collision,,,,,,,,,,,1,2,1,1,6
200500056566,0005-08-29 17:10:00,5,8,29,17,10,130,55.0,GARDIANS (RUE DES),,,Plein jour,En agglomération,Hors intersection,Normale,Autre collision,,,,,,,,,,,1,2,1,1,6
200500056567,0005-08-30 16:40:00,5,8,30,16,40,130,55.0,"02, MICHELET (BD)",,,Plein jour,En agglomération,Hors intersection,Normale,Deux véhicules - arrière,,,,,,,,,,,1,2,1,1,2
200500056568,0005-06-20 09:40:00,5,6,20,9,40,130,55.0,CAPITAINE GEZE (BD),,,Plein jour,En agglomération,Hors intersection,Normale,Deux véhicules - frontale,,,,,,,,,,,1,2,1,1,1
200500056569,0005-02-03 15:46:00,5,2,3,15,46,130,55.0,"118, CANEBIERE (LA)",,,Plein jour,En agglomération,Hors intersection,Normale,Autre collision,,,,,,,,,,,1,2,1,1,6
200500056570,0005-03-24 19:20:00,5,3,24,19,20,130,55.0,"109, BLANCARDE (BD)",,,Nuit avec éclairage allumé,En agglomération,Intersection en T,Normale,Deux véhicules - côté,,,,,,,,,,,5,2,3,1,3
200500056571,0005-07-30 01:30:00,5,7,30,1,30,130,55.0,SAKAKINI (BD),,,Nuit avec éclairage allumé,En agglomération,Hors intersection,Normale,Deux véhicules - arrière,,,,,,,,,,,5,2,1,1,2
200500056572,0005-01-06 19:50:00,5,1,6,19,50,130,55.0,"56, CROTTES (RUE DES)",,,Crépuscule ou aube,En agglomération,Hors intersection,Normale,Deux véhicules - frontale,,,,,,,,,,,2,2,1,1,1
200500056573,0005-06-06 10:00:00,5,6,6,10,0,130,55.0,"95, ROME (RUE DE)",,,Plein jour,En agglomération,Hors intersection,Normale,Autre collision,,,,,,,,,,,1,2,1,1,6
200500056574,0005-06-30 20:10:00,5,6,30,20,10,130,55.0,"63, DUPARC FRANCOISE (BD",,,Plein jour,En agglomération,Hors intersection,Normale,Autre collision,,,,,,,,,,,1,2,1,1,6
200500056575,0005-05-31 16:55:00,5,5,31,16,55,130,55.0,SAKAKINI (BD),,,Plein jour,En agglomération,Hors intersection,Normale,Deux véhicules - côté,,,,,,,,,,,1,2,1,1,3
200500056576,0005-05-09 07:20:00,5,5,9,7,20,130,55.0,FLEMING (BD ALEXANDER),,,Plein jour,En agglomération,Hors intersection,Normale,Sans collision,,,,,,,,,,,1,2,1,1,7
200500056577,0005-06-24 20:00:00,5,6,24,20,0,130,55.0,SAINT PIERRE (RUE),,,Plein jour,En agglomération,Hors intersection,Normale,Autre collision,,,,,,,,,,,1,2,1,1,6
200500056578,0005-05-25 15:40:00,5,5,25,15,40,130,55.0,"40, BAILLE (BD)",,,Plein jour,En agglomération,Hors intersection,Normale,Deux véhicules - arrière,,,,,,,,,,,1,2,1,1,2
200500056579,0005-05-14 12:31:00,5,5,14,12,31,130,55.0,"131, ENDOUME (RUE D')",,,Plein jour,En agglomération,Hors intersection,Normale,Sans collision,,,,,,,,,,,1,2,1,1,7
200500056580,0005-06-06 17:30:00,5,6,6,17,30,130,55.0,JEAN QUEILLAU (RUE),,,Plein jour,En agglomération,Hors intersection,Normale,Deux véhicules - arrière,,,,,,,,,,,1,2,1,1,2
200500056581,0005-06-22 14:20:00,5,6,22,14,20,130,55.0,"94, LIEUTAUD (COURS)",,,Plein jour,En agglomération,Hors intersection,Normale,Autre collision,,,,,,,,,,,1,2,1,1,6
200500056582,0005-04-22 11:21:00,5,4,22,11,21,130,55.0,LAPIN BLANC (AVE),,,Plein jour,En agglomération,Place,Normale,Autre collision,,,,,,,,,,,1,2,7,1,6
200500056583,0005-08-13 20:35:00,5,8,13,20,35,130,55.0,ROUBAIX (RUE DE),,,Crépuscule ou aube,En agglomération,Intersection en X,Normale,Deux véhicules - côté,,,,,,,,,,,2,2,2,1,3
200500056584,0005-05-22 01:30:00,5,5,22,1,30,130,55.0,REPUBLIQUE (RUE DE LA),,,Nuit avec éclairage allumé,En agglomération,Intersection en X,Normale,Deux véhicules - côté,,,,,,,,,,,5,2,2,1,3
200500056585,0005-08-26 11:30:00,5,8,26,11,30,130,55.0,CORDERIE (BD DE LA),,,Plein jour,En agglomération,Intersection en Y,Normale,Autre collision,,,,,,,,,,,1,2,4,1,6
200500056586,0005-05-23 18:15:00,5,5,23,18,15,130,55.0,BELSUNCE (COURS),,,Crépuscule ou aube,En agglomération,Hors intersection,Normale,Autre collision,,,,,,,,,,,2,2,1,1,6
200500056587,0005-06-06 17:31:00,5,6,6,17,31,130,55.0,OBLATS (RUE DES),,,Plein jour,En agglomération,Intersection en T,Normale,Autre collision,,,,,,,,,,,1,2,3,1,6
200500056588,0005-08-25 17:30:00,5,8,25,17,30,130,55.0,"138, OLIVES (AVENUE DES)",,,Plein jour,En agglomération,Hors intersection,Normale,Deux véhicules - arrière,,,,,,,,,,,1,2,1,1,2
200500056589,0005-07-16 12:00:00,5,7,16,12,0,130,55.0,"28, NOTRE DAME (RUE)",,,Plein jour,En agglomération,Hors intersection,Normale,Autre collision,,,,,,,,,,,1,2,1,1,6
200500056590,0005-07-29 05:45:00,5,7,29,5,45,130,55.0,SAKAKINI (BD),,,Nuit avec éclairage allumé,En agglomération,Intersection en X,Normale,Deux véhicules - côté,,,,,,,,,,,5,2,2,1,3
200500056591,0005-08-04 17:00:00,5,8,4,17,0,130,55.0,"89, SAKAKINI (BD)",,,Plein jour,En agglomération,Hors intersection,Normale,Deux véhicules - arrière,,,,,,,,,,,1,2,1,1,2
200500056592,0005-08-20 18:40:00,5,8,20,18,40,130,55.0,SOUDE (AVENUE DE LA),,,Plein jour,En agglomération,Hors intersection,Normale,Deux véhicules - côté,,,,,,,,,,,1,2,1,1,3
200500056593,0005-07-25 15:45:00,5,7,25,15,45,130,55.0,MIREILLE LAUZE (BD),,,Plein jour,En agglomération,Hors intersection,Autre,Autre collision,,,,,,,,,,,1,2,1,9,6
200500056594,0005-08-21 11:00:00,5,8,21,11,0,130,55.0,"156, BAILLE (BD)",,,Plein jour,En agglomération,Hors intersection,Normale,Autre collision,,,,,,,,,,,1,2,1,1,6
200500056595,0005-07-03 00:45:00,5,7,3,0,45,130,55.0,MENPENTI (RUE),,,Nuit avec éclairage allumé,En agglomération,Hors intersection,Normale,Sans collision,,,,,,,,,,,5,2,1,1,7