accident_id,datetime,annee,mois,jour,heure,minute,departement,commune_insee,adresse,latitude,longitude,luminosite,agglomeration,intersection,meteo,collision,nb_vehicules,nb_usagers,nb_indemnes,nb_tues,nb_blesses_hosp,nb_blesses_legers,age_cond_1,age_cond_2,veh_type_cond_1,veh_type_cond_2,lum_code,agg_code,int_code,atm_code,col_code
200500056727,0005-07-26 11:40:00,5,7,26,11,40,940,80.0,"14, VORGES (AV DE)",,,Plein jour,En agglomération,Hors intersection,Normale,Deux véhicules - côté,,,,,,,,,,,1,2,1,1,3
200500056728,0005-07-24 02:40:00,5,7,24,2,40,940,80.0,"80, PARIS (AV DE)",,,Nuit avec éclairage allumé,En agglomération,Intersection en X,Normale,Trois véhicules et plus - collisions multiples,,,,,,,,,,,5,2,2,1,5
200500056729,0005-08-01 19:55:00,5,8,1,19,55,940,80.0,LAITIERES (R DES),,,Plein jour,En agglomération,Intersection en X,Normale,Deux véhicules - côté,,,,,,,,,,,1,2,2,1,3
200500056730,0005-08-03 17:50:00,5,8,3,17,50,940,67.0,"97, HERBILLON (AV)",,,Plein jour,En agglomération,Intersection en X,Normale,Deux véhicules - frontale,,,,,,,,,,,1,2,2,1,1
200500056731,0005-08-06 12:20:00,5,8,6,12,20,940,80.0,FELIX FAURE - PL DU MARE,,,Plein jour,En agglomération,Place,Normale,Autre collision,,,,,,,,,,,1,2,7,1,6
200500056732,0005-08-06 14:50:00,5,8,6,14,50,940,80.0,"19, CHATEAU (AV DU)",,,Plein jour,En agglomération,Hors intersection,Normale,Autre collision,,,,,,,,,,,1,2,1,1,6
200500056733,0005-08-22 09:00:00,5,8,22,9,0,940,80.0,"35, MONTREUIL (R DE)",,,Plein jour,En agglomération,Hors intersection,Normale,Autre collision,,,,,,,,,,,1,2,1,1,6
200500056734,0005-08-23 15:55:00,5,8,23,15,55,940,80.0,"105, PARIS (AV DE)",,,Plein jour,En agglomération,Hors intersection,Normale,Autre collision,,,,,,,,,,,1,2,1,1,6
200500056735,0005-08-25 19:05:00,5,8,25,19,5,940,80.0,"face au 33, CHATEAU (AV",,,Plein jour,En agglomération,Hors intersection,Normale,Autre collision,,,,,,,,,,,1,2,1,1,6
200500056736,0005-08-28 20:10:00,5,8,28,20,10,940,80.0,"39, MARIGNY (COUR)",,,Plein jour,En agglomération,Hors intersection,Normale,Autre collision,,,,,,,,,,,1,2,1,1,6
200500056737,0005-08-29 14:45:00,5,8,29,14,45,940,80.0,"172, PARIS (AV DE)",,,Plein jour,En agglomération,Hors intersection,Normale,Autre collision,,,,,,,,,,,1,2,1,1,6
200500056738,0005-08-31 15:40:00,5,8,31,15,40,940,67.0,"2, LIEGE (AV DE)",,,Plein jour,En agglomération,Hors intersection,Normale,Autre collision,,,,,,,,,,,1,2,1,1,6
200500056739,0005-03-05 18:44:00,5,3,5,18,44,202,33.0,"SANS, AV DE LA LIBERATIO",,,Nuit avec éclairage allumé,En agglomération,Autre intersection,Neige / grêle,Autre collision,,,,,,,,,,,5,2,9,4,6
200500056740,0005-04-29 10:30:00,5,4,29,10,30,202,33.0,TOUTES RUES,,,Plein jour,En agglomération,Hors intersection,Normale,Autre collision,,,,,,,,,,,1,2,1,1,6
200500056741,0005-01-02 21:45:00,5,1,2,21,45,670,152.0,Autoroute A.35,,,Nuit sans éclairage public,Hors agglomération,Hors intersection,Temps couvert,Deux véhicules - arrière,,,,,,,,,,,3,1,1,8,2
200500056742,0005-01-06 07:25:00,5,1,6,7,25,670,482.0,Autoroute A.35,,,Plein jour,Hors agglomération,Hors intersection,Pluie légère,Deux véhicules - arrière,,,,,,,,,,,1,1,1,2,2
200500056743,0005-01-11 07:20:00,5,1,11,7,20,670,152.0,Route Nationale 83,,,Crépuscule ou aube,Hors agglomération,Hors intersection,Normale,Trois véhicules et plus - en chaîne,,,,,,,,,,,2,1,1,1,4
200500056744,0005-01-27 10:45:00,5,1,27,10,45,670,49.0,Autoroute A.352,,,Plein jour,Hors agglomération,Hors intersection,Normale,Trois véhicules et plus - en chaîne,,,,,,,,,,,1,1,1,1,4
200500056745,0005-02-03 22:40:00,5,2,3,22,40,670,152.0,Route Nationale 83,,,Nuit avec éclairage allumé,Hors agglomération,Hors intersection,Normale,Sans collision,,,,,,,,,,,5,1,1,1,7
200500056746,0005-02-19 08:35:00,5,2,19,8,35,670,482.0,N.4 CONTOURNEMENT-SUD,,,Plein jour,Hors agglomération,Hors intersection,Neige / grêle,Trois véhicules et plus - en chaîne,,,,,,,,,,,1,1,1,4,4
200500056747,0005-02-27 21:35:00,5,2,27,21,35,670,482.0,Autoroute A.35,,,Nuit avec éclairage non allumé,Hors agglomération,Hors intersection,Vent fort / tempête,Trois véhicules et plus - collisions multiples,,,,,,,,,,,4,1,1,6,5
200500056748,0005-02-28 09:00:00,5,2,28,9,0,670,482.0,Autoroute A.35,,,Plein jour,Hors agglomération,Hors intersection,Normale,Trois véhicules et plus - en chaîne,,,,,,,,,,,1,1,1,1,4
200500056749,0005-03-01 07:25:00,5,3,1,7,25,670,152.0,Autoroute A.35,,,Plein jour,Hors agglomération,Hors intersection,Normale,Sans collision,,,,,,,,,,,1,1,1,1,7
200500056750,0005-03-16 17:35:00,5,3,16,17,35,670,310.0,Nationale 353,,,Plein jour,Hors agglomération,Hors intersection,Vent fort / tempête,Deux véhicules - côté,,,,,,,,,,,1,1,1,6,3
200500056751,0005-03-29 13:00:00,5,3,29,13,0,670,482.0,Autoroute A.35,,,Plein jour,Hors agglomération,Hors intersection,Normale,Autre collision,,,,,,,,,,,1,1,1,1,6
200500056752,0005-04-08 15:20:00,5,4,8,15,20,670,152.0,Autoroute A.35,,,Plein jour,Hors agglomération,Hors intersection,Normale,Trois véhicules et plus - en chaîne,,,,,,,,,,,1,1,1,1,4
200500056753,0005-04-14 18:40:00,5,4,14,18,40,670,49.0,Autoroute A.35,,,Plein jour,Hors agglomération,Hors intersection,Normale,Trois véhicules et plus - collisions multiples,,,,,,,,,,,1,1,1,1,5
200500056754,0005-04-20 15:50:00,5,4,20,15,50,670,447.0,Autoroute A.4,,,Plein jour,Hors agglomération,Hors intersection,Pluie légère,Sans collision,,,,,,,,,,,1,1,1,2,7
200500056755,0005-04-23 14:15:00,5,4,23,14,15,670,309.0,Autoroute A.4,,,Plein jour,Hors agglomération,Hors intersection,Normale,Deux véhicules - arrière,,,,,,,,,,,1,1,1,1,2
200500056756,0005-05-04 17:00:00,5,5,4,17,0,670,447.0,Autoroute A.4,,,Plein jour,Hors agglomération,Hors intersection,Pluie légère,Trois véhicules et plus - en chaîne,,,,,,,,,,,1,1,1,2,4
200500056757,0005-05-05 07:15:00,5,5,5,7,15,670,152.0,Autoroute A.35,,,Plein jour,Hors agglomération,Hors intersection,Temps couvert,Sans collision,,,,,,,,,,,1,1,1,8,7
200500056758,0005-05-07 14:43:00,5,5,7,14,43,670,482.0,Autoroute A.351,,,Plein jour,Hors agglomération,Hors intersection,Normale,Deux véhicules - arrière,,,,,,,,,,,1,1,1,1,2
200500056759,0005-05-09 13:45:00,5,5,9,13,45,670,482.0,Autoroute A.35,,,Plein jour,Hors agglomération,Hors intersection,Normale,Trois véhicules et plus - en chaîne,,,,,,,,,,,1,1,1,1,4
200500056760,0005-05-10 15:30:00,5,5,10,15,30,670,152.0,Autoroute A.35,,,Plein jour,Hors agglomération,Hors intersection,Normale,Trois véhicules et plus - collisions multiples,,,,,,,,,,,1,1,1,1,5
200500056761,0005-05-29 11:50:00,5,5,29,11,50,670,447.0,Autoroute A.4,,,Plein jour,Hors agglomération,Hors intersection,Normale,Trois véhicules et plus - en chaîne,,,,,,,,,,,1,1,1,1,4
200500056762,0005-06-03 09:35:00,5,6,3,9,35,670,482.0,Autoroute A.35,,,Plein jour,Hors agglomération,Hors intersection,Normale,Trois véhicules et plus - collisions multiples,,,,,,,,,,,1,1,1,1,5
200500056763,0005-06-03 12:20:00,5,6,3,12,20,670,482.0,Autoroute A.35,,,Plein jour,Hors agglomération,Hors intersection,Normale,Deux véhicules - arrière,,,,,,,,,,,1,1,1,1,2
200500056764,0005-06-12 11:30:00,5,6,12,11,30,670,43.0,Autoroute A.4,,,Plein jour,Hors agglomération,Hors intersection,Normale,Autre collision,,,,,,,,,,,1,1,1,1,6
200500056765,0005-06-17 12:45:00,5,6,17,12,45,670,482.0,Autoroute A.35,,,Plein jour,Hors agglomération,Hors intersection,Normale,Trois véhicules et plus - collisions multiples,,,,,,,,,,,1,1,1,1,5
200500056766,0005-06-21 15:30:00,5,6,21,15,30,670,482.0,Autoroute A.35,,,Plein jour,Hors agglomération,Hors intersection,Normale,Trois véhicules et plus - en chaîne,,,,,,,,,,,1,1,1,1,4
200500056767,0005-06-29 17:05:00,5,6,29,17,5,670,365.0,Autoroute A.35,,,Plein jour,Hors agglomération,Hors intersection,Normale,Deux véhicules - arrière,,,,,,,,,,,1,1,1,1,2
200500056768,0005-07-01 15:00:00,5,7,1,15,0,670,482.0,Autoroute A.350,,,Plein jour,Hors agglomération,Hors intersection,Normale,Deux véhicules - arrière,,,,,,,,,,,1,1,1,1,2
200500056769,0005-08-26 16:00:00,5,8,26,16,0,670,482.0,Autoroute A.35,,,Plein jour,Hors agglomération,Hors intersection,Normale,Trois véhicules et plus - en chaîne,,,,,,,,,,,1,1,1,1,4
200500056770,0005-08-20 23:35:00,5,8,20,23,35,570,150.0,Autoroute A 31,,,Nuit sans éclairage public,Hors agglomération,Hors intersection,Normale,Autre collision,,,,,,,,,,,3,1,1,1,6
200500056771,0005-08-28 17:55:00,5,8,28,17,55,540,232.0,Autoroute A 31,,,Plein jour,Hors agglomération,Hors intersection,Normale,Deux véhicules - côté,,,,,,,,,,,1,1,1,1,3
200500056772,0005-02-14 12:25:00,5,2,14,12,25,690,388.0,"136, FRERES LUMIERE (DES",,,Plein jour,En agglomération,Hors intersection,Pluie légère,Autre collision,,,,,,,,,,,1,2,1,2,6
200500056773,0005-03-18 19:35:00,5,3,18,19,35,690,388.0,"280, BERTHELOT",,,Nuit avec éclairage allumé,En agglomération,Hors intersection,Normale,Autre collision,,,,,,,,,,,5,2,1,1,6
200500056774,0005-04-27 22:35:00,5,4,27,22,35,690,388.0,"00, SEIGNEMARTIN",,,Nuit avec éclairage allumé,En agglomération,Intersection en X,Normale,Deux véhicules - côté,,,,,,,,,,,5,2,2,1,3
200500056775,0005-04-23 23:10:00,5,4,23,23,10,690,388.0,"00, PROFESSEUR MARCEL DA",,,Nuit avec éclairage allumé,En agglomération,Hors intersection,Normale,Autre collision,,,,,,,,,,,5,2,1,1,6
200500056776,0005-04-26 17:30:00,5,4,26,17,30,690,388.0,"00, PROFESSEUR RANVIER (",,,Plein jour,En agglomération,Hors intersection,Normale,Autre collision,,,,,,,,,,,1,2,1,1,6
200500056777,0005-05-01 10:50:00,5,5,1,10,50,690,388.0,"71, ETATS UNIS (DES)",,,Plein jour,En agglomération,Intersection en X,Normale,Deux véhicules - côté,,,,,,,,,,,1,2,2,1,3
200500056778,0005-06-02 00:15:00,5,6,2,0,15,690,388.0,"150, ALBERT THOMAS",,,Nuit avec éclairage allumé,En agglomération,Hors intersection,Normale,Autre collision,,,,,,,,,,,5,2,1,1,6
200500056779,0005-06-10 01:29:00,5,6,10,1,29,690,388.0,"58, PIERRE DELORE",,,Nuit avec éclairage allumé,En agglomération,Hors intersection,Normale,Autre collision,,,,,,,,,,,5,2,1,1,6
200500056780,0005-06-21 16:00:00,5,6,21,16,0,690,388.0,"00, FRERES LUMIERE (DES)",,,Plein jour,En agglomération,Intersection en X,Normale,Deux véhicules - côté,,,,,,,,,,,1,2,2,1,3
200500056781,0005-06-24 22:25:00,5,6,24,22,25,690,388.0,"00, ST MAURICE",,,Nuit sans éclairage public,En agglomération,Intersection en X,Pluie légère,Deux véhicules - côté,,,,,,,,,,,3,2,2,2,3
200500056782,0005-06-20 08:00:00,5,6,20,8,0,690,388.0,"15, JEAN MERMOZ",,,Plein jour,En agglomération,Hors intersection,Normale,Deux véhicules - côté,,,,,,,,,,,1,2,1,1,3
200500056783,0005-07-27 13:35:00,5,7,27,13,35,690,388.0,"25 bis, VILLON (DE)",,,Plein jour,En agglomération,Hors intersection,Normale,Trois véhicules et plus - collisions multiples,,,,,,,,,,,1,2,1,1,5
200500056784,0005-07-29 11:30:00,5,7,29,11,30,690,388.0,"233 BIS, PINEL",,,Plein jour,En agglomération,Hors intersection,Normale,Deux véhicules - côté,,,,,,,,,,,1,2,1,1,3
200500056785,0005-07-31 09:10:00,5,7,31,9,10,690,387.0,"00, BERTHELOT",,,Plein jour,En agglomération,Intersection en X,Temps éblouissant,Deux véhicules - côté,,,,,,,,,,,1,2,2,7,3
200500056786,0005-06-13 13:30:00,5,6,13,13,30,420,207.0,RN88,,,Plein jour,Hors agglomération,Hors intersection,Normale,Deux véhicules - arrière,,,,,,,,,,,1,1,1,1,2
200500056787,0005-07-10 16:30:00,5,7,10,16,30,690,91.0,A47,,,Plein jour,Hors agglomération,Hors intersection,Temps éblouissant,Deux véhicules - arrière,,,,,,,,,,,1,1,1,7,2
200500056788,0005-07-12 05:00:00,5,7,12,5,0,420,123.0,RN88,,,Nuit sans éclairage public,Hors agglomération,Hors intersection,Normale,Autre collision,,,,,,,,,,,3,1,1,1,6
200500056789,0005-07-15 05:45:00,5,7,15,5,45,420,44.0,RN88,,,Plein jour,Hors agglomération,Hors intersection,Normale,Autre collision,,,,,,,,,,,1,1,1,1,6
200500056790,0005-07-18 18:40:00,5,7,18,18,40,420,218.0,A72,,,Plein jour,Hors agglomération,Hors intersection,Normale,Deux véhicules - arrière,,,,,,,,,,,1,1,1,1,2
200500056791,0005-07-27 05:00:00,5,7,27,5,0,420,218.0,RN88,,,Nuit sans éclairage public,Hors agglomération,Hors intersection,Normale,Sans collision,,,,,,,,,,,3,1,1,1,7
200500056792,0005-07-29 05:30:00,5,7,29,5,30,420,95.0,RN88,,,Crépuscule ou aube,Hors agglomération,Hors intersection,Normale,Autre collision,,,,,,,,,,,2,1,1,1,6
200500056793,0005-07-31 17:30:00,5,7,31,17,30,420,207.0,RN88 CROISSANT,,,Plein jour,Hors agglomération,Hors intersection,Normale,Trois véhicules et plus - collisions multiples,,,,,,,,,,,1,1,1,1,5
200500056794,0005-08-19 11:25:00,5,8,19,11,25,420,218.0,RN88,,,Plein jour,Hors agglomération,Hors intersection,Pluie légère,Sans collision,,,,,,,,,,,1,1,1,2,7
200500056795,0005-08-22 21:35:00,5,8,22,21,35,420,218.0,RN88,,,Nuit avec éclairage allumé,Hors agglomération,Hors intersection,Normale,Sans collision,,,,,,,,,,,5,1,1,1,7
200500056796,0005-07-15 15:15:00,5,7,15,15,15,690,290.0,A43,,,Plein jour,Hors agglomération,Hors intersection,Normale,Sans collision,,,,,,,,,,,1,1,1,1,7
200500056797,0005-07-10 12:35:00,5,7,10,12,35,690,271.0,RN346,,,Plein jour,Hors agglomération,Hors intersection,Normale,Deux véhicules - côté,,,,,,,,,,,1,1,1,1,3
200500056798,0005-07-31 15:50:00,5,7,31,15,50,690,29.0,A6,,,Plein jour,Hors agglomération,Hors intersection,Normale,Trois véhicules et plus - collisions multiples,,,,,,,,,,,1,1,1,1,5
200500056799,0005-08-21 20:15:00,5,8,21,20,15,690,271.0,RN346,,,Plein jour,Hors agglomération,Hors intersection,Pluie légère,Sans collision,,,,,,,,,,,1,1,1,2,7
200500056800,0005-08-22 06:45:00,5,8,22,6,45,690,256.0,A42,,,Crépuscule ou aube,Hors agglomération,Hors intersection,Pluie légère,Sans collision,,,,,,,,,,,2,1,1,2,7
200500056801,0005-08-26 00:15:00,5,8,26,0,15,690,275.0,RN346,,,Nuit avec éclairage allumé,Hors agglomération,Hors intersection,Pluie légère,Deux véhicules - arrière,,,,,,,,,,,5,1,1,2,2
200500056802,0005-08-29 20:40:00,5,8,29,20,40,690,81.0,A6,,,Crépuscule ou aube,Hors agglomération,Hors intersection,Normale,Trois véhicules et plus - collisions multiples,,,,,,,,,,,2,1,1,1,5
200500056803,0005-08-19 14:45:00,5,8,19,14,45,690,271.0,RN346,,,Plein jour,Hors agglomération,Hors intersection,Normale,Deux véhicules - arrière,,,,,,,,,,,1,1,1,1,2
200500056804,0005-09-02 12:10:00,5,9,2,12,10,10,53.0,"9, COTTARD JOSSERAND (RU",,,Plein jour,En agglomération,Hors intersection,Normale,Autre collision,,,,,,,,,,,1,2,1,1,6
200500056805,0005-09-02 08:03:00,5,9,2,8,3,10,53.0,KENNEDY BVD J  - PAIR ),,,Plein jour,En agglomération,Intersection en X,Normale,Deux véhicules - arrière,,,,,,,,,,,1,2,2,1,2
200500056806,0005-09-09 22:10:00,5,9,9,22,10,10,53.0,MARBOZ (AVENUEDE - IMPAI,,,Nuit avec éclairage non allumé,Hors agglomération,Intersection en T,Normale,Deux véhicules - côté,,,,,,,,,,,4,1,3,1,3
200500056807,0005-09-06 17:20:00,5,9,6,17,20,10,53.0,"SNR, LYON (AVENUE DE - N",,,Plein jour,En agglomération,Hors intersection,Pluie légère,Autre collision,,,,,,,,,,,1,2,1,2,6
200500056808,0005-09-17 15:20:00,5,9,17,15,20,10,53.0,JASSERON (AVENUE DE - N°,,,Plein jour,En agglomération,Intersection en T,Normale,Deux véhicules - arrière,,,,,,,,,,,1,2,3,1,2
200500056809,0005-09-18 01:20:00,5,9,18,1,20,10,53.0,"snr, BERT (AVENUE PAUL)",,,Nuit sans éclairage public,En agglomération,Intersection en X,Normale,Deux véhicules - côté,,,,,,,,,,,3,2,2,1,3
200500056810,0005-09-23 17:30:00,5,9,23,17,30,10,53.0,"4, MALIVERT ( RUE DU )",,,Plein jour,En agglomération,Hors intersection,Normale,Deux véhicules - côté,,,,,,,,,,,1,2,1,1,3
200500056811,0005-09-30 21:50:00,5,9,30,21,50,10,53.0,AEROPLANES ( RUE DES ),,,Nuit avec éclairage allumé,En agglomération,Hors intersection,Normale,Autre collision,,,,,,,,,,,5,2,1,1,6
200500056812,0005-09-15 23:25:00,5,9,15,23,25,10,289.0,"34, LYON ( AVE DE) A PAR",,,Nuit avec éclairage allumé,En agglomération,Hors intersection,Normale,Deux véhicules - arrière,,,,,,,,,,,5,2,1,1,2
200500056813,0005-09-21 19:50:00,5,9,21,19,50,10,344.0,"642, TREVOUX (AVENUE DE)",,,Crépuscule ou aube,En agglomération,Hors intersection,Normale,Deux véhicules - côté,,,,,,,,,,,2,2,1,1,3
200500056814,0005-09-30 19:40:00,5,9,30,19,40,10,53.0,"11, GUYNEMER ( RUE GEORG",,,Nuit avec éclairage allumé,En agglomération,Hors intersection,Normale,Deux véhicules - frontale,,,,,,,,,,,5,2,1,1,1
200500056815,0005-09-22 06:30:00,5,9,22,6,30,950,527.0,"U15, Route de la Crois a",,,Plein jour,Hors agglomération,Hors intersection,Normale,Autre collision,,,,,,,,,,,1,1,1,1,6
200500056816,0005-09-18 05:30:00,5,9,18,5,30,20,408.0,"66, CADEAU (RUE ROBERT)",,,Nuit avec éclairage allumé,En agglomération,Hors intersection,Normale,Autre collision,,,,,,,,,,,5,2,1,1,6
200500056817,0005-09-30 21:40:00,5,9,30,21,40,20,408.0,"39, GREHANT (RUE NESTOR)",,,Nuit avec éclairage allumé,En agglomération,Hors intersection,Pluie légère,Autre collision,,,,,,,,,,,5,2,1,2,6
200500056818,0005-09-12 18:25:00,5,9,12,18,25,20,691.0,ROOSEVELT (BD),,,Plein jour,En agglomération,Hors intersection,Normale,Deux véhicules - côté,,,,,,,,,,,1,2,1,1,3
200500056819,0005-09-17 09:25:00,5,9,17,9,25,20,691.0,BOUIN DE 83 A FIN  (BD J,,,Plein jour,En agglomération,Hors intersection,Normale,Deux véhicules - arrière,,,,,,,,,,,1,2,1,1,2
200500056820,0005-09-03 16:15:00,5,9,3,16,15,20,722.0,"42, CHATEAU-THIERRY ( AV",,,Plein jour,En agglomération,Intersection en X,Normale,Autre collision,,,,,,,,,,,1,2,2,1,6
200500056821,0005-09-12 12:10:00,5,9,12,12,10,20,722.0,"1, LAON ( AVENUE DE )",,,Plein jour,En agglomération,Intersection en X,Normale,Deux véhicules - côté,,,,,,,,,,,1,2,2,1,3
200500056822,0005-09-16 13:35:00,5,9,16,13,35,20,243.0,COUCY AV CD1,,,Plein jour,Hors agglomération,Hors intersection,Pluie légère,Deux véhicules - côté,,,,,,,,,,,1,1,1,2,3
200500056823,0005-09-16 19:35:00,5,9,16,19,35,20,64.0,"2, A ( RUE DE L' )",,,Plein jour,En agglomération,Hors intersection,Normale,Deux véhicules - frontale,,,,,,,,,,,1,2,1,1,1
200500056824,0005-09-19 09:45:00,5,9,19,9,45,20,64.0,"94, FERE EN TARDENOIS (",,,Plein jour,En agglomération,Hors intersection,Normale,Deux véhicules - arrière,,,,,,,,,,,1,2,1,1,2
200500056825,0005-09-21 18:45:00,5,9,21,18,45,20,722.0,"2, LAON ( AVENUE DE )",,,Plein jour,En agglomération,Hors intersection,Normale,Deux véhicules - côté,,,,,,,,,,,1,2,1,1,3
200500056826,0005-09-23 11:35:00,5,9,23,11,35,20,722.0,TOUR DE VILLE (BOULEVARD,,,Plein jour,En agglomération,Giratoire,Normale,Deux véhicules - côté,,,,,,,,,,,1,2,6,1,3
200500056827,0005-09-15 21:00:00,5,9,15,21,0,20,738.0,BOULLOCHE (AVENUE),,,Crépuscule ou aube,En agglomération,Intersection en X,Normale,Autre collision,,,,,,,,,,,2,2,2,1,6
200500056828,0005-09-19 19:25:00,5,9,19,19,25,20,738.0,TERGNIER (ROUTE DE,,,Crépuscule ou aube,En agglomération,Autre intersection,Normale,Sans collision,,,,,,,,,,,2,2,9,1,7
200500056829,0005-09-23 08:30:00,5,9,23,8,30,20,738.0,"10, PAUL HAURIEZ",,,Plein jour,En agglomération,Hors intersection,Normale,Autre collision,,,,,,,,,,,1,2,1,1,6
200500056830,0005-09-09 00:50:00,5,9,9,0,50,30,185.0,VILLON ( AVENUE PIERRE ),,,Nuit avec éclairage allumé,En agglomération,Hors intersection,Normale,Sans collision,,,,,,,,,,,5,2,1,1,7
200500056831,0005-09-12 09:45:00,5,9,12,9,45,30,185.0,"58, ULM ( RUE D' )",,,Plein jour,En agglomération,Intersection en X,Normale,Deux véhicules - côté,,,,,,,,,,,1,2,2,1,3
200500056832,0005-09-13 17:10:00,5,9,13,17,10,30,185.0,"148, REPUBLIQUE ( AV. DE",,,Plein jour,En agglomération,Hors intersection,Normale,Autre collision,,,,,,,,,,,1,2,1,1,6
200500056833,0005-09-21 12:20:00,5,9,21,12,20,30,185.0,BEAUDELAIRE ( RUE ),,,Plein jour,En agglomération,Intersection en X,Normale,Deux véhicules - côté,,,,,,,,,,,1,2,2,1,3
200500056834,0005-09-25 06:45:00,5,9,25,6,45,30,101.0,RN 145,,,Nuit sans éclairage public,En agglomération,Hors intersection,Normale,Deux véhicules - frontale,,,,,,,,,,,3,2,1,1,1
200500056835,0005-09-29 14:55:00,5,9,29,14,55,30,185.0,"136, REPUBLIQUE ( AV. DE",,,Plein jour,En agglomération,Hors intersection,Normale,Autre collision,,,,,,,,,,,1,2,1,1,6
200500056836,0005-09-04 23:10:00,5,9,4,23,10,30,190.0,"52, PONT GINGUET (RUE DU",,,Nuit avec éclairage allumé,En agglomération,Hors intersection,Normale,Autre collision,,,,,,,,,,,5,2,1,1,6
200500056837,0005-09-11 10:53:00,5,9,11,10,53,30,321.0,RN7,,,Plein jour,En agglomération,Hors intersection,Normale,Deux véhicules - arrière,,,,,,,,,,,1,2,1,1,2
200500056838,0005-09-02 13:38:00,5,9,2,13,38,30,95.0,"0, PARIS (ROUTE DE)",,,Plein jour,En agglomération,Intersection en X,Normale,Deux véhicules - côté,,,,,,,,,,,1,2,2,1,3
200500056839,0005-09-03 19:29:00,5,9,3,19,29,30,310.0,GRAMONT (AVENUE DE),,,Plein jour,En agglomération,Intersection en Y,Normale,Deux véhicules - côté,,,,,,,,,,,1,2,4,1,3
200500056840,0005-09-06 13:15:00,5,9,6,13,15,30,95.0,"0, COMEDIE (RUE DE LA)",,,Plein jour,En agglomération,Hors intersection,Normale,Deux véhicules - côté,,,,,,,,,,,1,2,1,1,3
200500056841,0005-09-09 10:35:00,5,9,9,10,35,30,310.0,BRIAND (AVENUE ARISTIDE),,,Plein jour,En agglomération,Hors intersection,Normale,Autre collision,,,,,,,,,,,1,2,1,1,6
200500056842,0005-09-13 10:40:00,5,9,13,10,40,30,310.0,"0, AILES (ALLEE DES)",,,Plein jour,En agglomération,Hors intersection,Normale,Trois véhicules et plus - en chaîne,,,,,,,,,,,1,2,1,1,4
200500056843,0005-09-15 16:15:00,5,9,15,16,15,30,310.0,"0, METZ (RUE DE)",,,Plein jour,En agglomération,Intersection en X,Normale,Deux véhicules - côté,,,,,,,,,,,1,2,2,1,3
200500056844,0005-09-15 16:55:00,5,9,15,16,55,30,310.0,"34, VERNET (RUE DU)",,,Plein jour,En agglomération,Hors intersection,Normale,Autre collision,,,,,,,,,,,1,2,1,1,6
200500056845,0005-09-16 16:10:00,5,9,16,16,10,30,310.0,"0, SEVIGNE (PASSAGE)",,,Plein jour,En agglomération,Hors intersection,Normale,Autre collision,,,,,,,,,,,1,2,1,1,6
200500056846,0005-09-16 16:25:00,5,9,16,16,25,30,310.0,"1, VINGRE (RUE DE)",,,Plein jour,En agglomération,Intersection en T,Normale,Trois véhicules et plus - collisions multiples,,,,,,,,,,,1,2,3,1,5
200500056847,0005-09-18 21:30:00,5,9,18,21,30,30,310.0,"0, HOPITAL (BOULEVARD DE",,,Nuit avec éclairage allumé,En agglomération,Hors intersection,Normale,Autre collision,,,,,,,,,,,5,2,1,1,6
200500056848,0005-09-22 14:20:00,5,9,22,14,20,30,1.0,RD 131 (ROUTE D'HAUTERIV,,,Plein jour,En agglomération,Hors intersection,Normale,Deux véhicules - côté,,,,,,,,,,,1,2,1,1,3
200500056849,0005-09-23 12:15:00,5,9,23,12,15,30,94.0,VICHY (RUE DE),,,Plein jour,En agglomération,Intersection en X,Normale,Deux véhicules - côté,,,,,,,,,,,1,2,2,1,3
200500056850,0005-09-24 15:45:00,5,9,24,15,45,30,23.0,AUBERGER (AVENUE FERNAND,,,Plein jour,En agglomération,Hors intersection,Normale,Autre collision,,,,,,,,,,,1,2,1,1,6
200500056851,0005-09-26 09:40:00,5,9,26,9,40,30,310.0,LYAUTEY (RUE DU MARECHAL,,,Plein jour,En agglomération,Hors intersection,Normale,Autre collision,,,,,,,,,,,1,2,1,1,6
200500056852,0005-09-26 15:30:00,5,9,26,15,30,30,95.0,VICHY (AVENUE DE),,,Plein jour,En agglomération,Intersection en T,Normale,Deux véhicules - arrière,,,,,,,,,,,1,2,3,1,2
200500056853,0005-09-26 16:40:00,5,9,26,16,40,30,310.0,"0, THERMALE (AVENUE)",,,Plein jour,En agglomération,Hors intersection,Normale,Autre collision,,,,,,,,,,,1,2,1,1,6
200500056854,0005-09-27 07:55:00,5,9,27,7,55,30,310.0,"0, ALSACE (RUE D')",,,Plein jour,En agglomération,Intersection en X,Normale,Deux véhicules - côté,,,,,,,,,,,1,2,2,1,3
200500056855,0005-09-30 18:30:00,5,9,30,18,30,30,310.0,GRAMONT (AVENUE DE),,,Plein jour,En agglomération,Intersection en T,Normale,Deux véhicules - côté,,,,,,,,,,,1,2,3,1,3
200500056856,0005-09-09 10:20:00,5,9,9,10,20,40,70.0,", THIERS (BD)",,,Plein jour,En agglomération,Hors intersection,Normale,Autre collision,,,,,,,,,,,1,2,1,1,6
200500056857,0005-09-19 09:00:00,5,9,19,9,0,40,112.0,MISTRAL (AVENUE F.),,,Plein jour,En agglomération,Giratoire,Pluie légère,Autre collision,,,,,,,,,,,1,2,6,2,6