accident_id,datetime,annee,mois,jour,heure,minute,departement,commune_insee,adresse,latitude,longitude,luminosite,agglomeration,intersection,meteo,collision,nb_vehicules,nb_usagers,nb_indemnes,nb_tues,nb_blesses_hosp,nb_blesses_legers,age_cond_1,age_cond_2,veh_type_cond_1,veh_type_cond_2,lum_code,agg_code,int_code,atm_code,col_code
200500056858,0005-09-18 17:45:00,5,9,18,17,45,40,112.0,MIRABEAU (BD.),,,Plein jour,En agglomération,Hors intersection,Pluie légère,Deux véhicules - arrière,,,,,,,,,,,1,2,1,2,2
200500056859,0005-09-29 17:10:00,5,9,29,17,10,40,112.0,D907,,,Plein jour,En agglomération,Intersection en X,Normale,Deux véhicules - côté,,,,,,,,,,,1,2,2,1,3
200500056860,0005-09-02 16:10:00,5,9,2,16,10,50,23.0,PROVENCE (AVENUE DE),,,Plein jour,En agglomération,Intersection en Y,Pluie forte,Deux véhicules - arrière,,,,,,,,,,,1,2,4,3,2
200500056861,0005-09-12 14:30:00,5,9,12,14,30,50,23.0,"16, NARWIK (SQUARE DE)",,,Plein jour,En agglomération,Hors intersection,Temps couvert,Deux véhicules - frontale,,,,,,,,,,,1,2,1,8,1
200500056862,0005-09-20 23:15:00,5,9,20,23,15,50,23.0,R N  94,,,Nuit sans éclairage public,Hors agglomération,Hors intersection,Normale,Autre collision,,,,,,,,,,,3,1,1,1,6
200500056863,0005-09-28 10:15:00,5,9,28,10,15,50,23.0,ROND POINT DES TOULOUSAN,,,Plein jour,En agglomération,Giratoire,Normale,Deux véhicules - côté,,,,,,,,,,,1,2,6,1,3
200500056864,0005-09-07 16:00:00,5,9,7,16,0,50,61.0,JEAN JAURES ( AVENUE ),,,Plein jour,En agglomération,Intersection en Y,Normale,Deux véhicules - côté,,,,,,,,,,,1,2,4,1,3
200500056865,0005-09-10 02:30:00,5,9,10,2,30,50,61.0,"31, CARNOT  ( RUE )",,,Nuit avec éclairage allumé,En agglomération,Hors intersection,Pluie légère,Sans collision,,,,,,,,,,,5,2,1,2,7
200500056866,0005-09-07 19:30:00,5,9,7,19,30,50,61.0,JEAN JAURES ( AVENUE ),,,Plein jour,En agglomération,Hors intersection,Normale,Trois véhicules et plus - en chaîne,,,,,,,,,,,1,2,1,1,4
200500056867,0005-09-02 07:45:00,5,9,2,7,45,60,155.0,ROUSTAN AV.ET BD DES FRE,,,Plein jour,En agglomération,Hors intersection,Normale,Trois véhicules et plus - collisions multiples,,,,,,,,,,,1,2,1,1,5
200500056868,0005-09-09 16:00:00,5,9,9,16,0,60,4.0,JEAN CH.ET RTE DE ST,,,Plein jour,En agglomération,Intersection en X,Normale,Deux véhicules - côté,,,,,,,,,,,1,2,2,1,3
200500056869,0005-09-11 07:40:00,5,9,11,7,40,60,4.0,GREC AV.JULES,,,Crépuscule ou aube,En agglomération,Intersection en T,Normale,Deux véhicules - côté,,,,,,,,,,,2,2,3,1,3
200500056870,0005-09-13 08:00:00,5,9,13,8,0,60,4.0,"1160, GRASSE RTE DE",,,Plein jour,En agglomération,Autre intersection,Normale,Deux véhicules - frontale,,,,,,,,,,,1,2,9,1,1
200500056871,0005-09-13 11:45:00,5,9,13,11,45,60,4.0,SAINT CLAUDE CH.DE,,,Plein jour,En agglomération,Autre intersection,Normale,Deux véhicules - côté,,,,,,,,,,,1,2,9,1,3
200500056872,0005-09-15 00:40:00,5,9,15,0,40,60,4.0,"88, WILSON BD",,,Nuit avec éclairage allumé,En agglomération,Hors intersection,Normale,Deux véhicules - côté,,,,,,,,,,,5,2,1,1,3
200500056873,0005-09-16 14:35:00,5,9,16,14,35,60,4.0,PELISSIER AV.JEAN MICHAR,,,Plein jour,En agglomération,Hors intersection,Normale,Deux véhicules - frontale,,,,,,,,,,,1,2,1,1,1
200500056874,0005-09-09 17:25:00,5,9,9,17,25,60,4.0,SAINT MAYMES CH.DE,,,Plein jour,En agglomération,Intersection en T,Normale,Autre collision,,,,,,,,,,,1,2,3,1,6
200500056875,0005-09-21 10:25:00,5,9,21,10,25,60,4.0,"51, GUILLAUMONT AV.",,,Plein jour,En agglomération,Autre intersection,Normale,Autre collision,,,,,,,,,,,1,2,9,1,6
200500056876,0005-09-21 18:00:00,5,9,21,18,0,60,4.0,GRASSE RTE DE,,,Plein jour,Hors agglomération,Hors intersection,Pluie légère,Trois véhicules et plus - en chaîne,,,,,,,,,,,1,1,1,2,4
200500056877,0005-09-23 18:35:00,5,9,23,18,35,60,4.0,"57, POINCARE BD RAYMOND.",,,Plein jour,En agglomération,Autre intersection,Normale,Deux véhicules - côté,,,,,,,,,,,1,2,9,1,3
200500056878,0005-09-28 09:10:00,5,9,28,9,10,60,4.0,EUCALYPTUS AV.ET CH.DES,,,Plein jour,En agglomération,Place,Normale,Autre collision,,,,,,,,,,,1,2,7,1,6
200500056879,0005-09-30 12:30:00,5,9,30,12,30,60,4.0,GARDIOLE BACON BD,,,Plein jour,En agglomération,Intersection en X,Normale,Deux véhicules - côté,,,,,,,,,,,1,2,2,1,3
200500056880,0005-09-01 21:30:00,5,9,1,21,30,60,123.0,R.N. 98,,,Nuit avec éclairage allumé,En agglomération,Autre intersection,Normale,Deux véhicules - arrière,,,,,,,,,,,5,2,9,1,2
200500056881,0005-09-04 21:30:00,5,9,4,21,30,60,27.0,PLAGE BOULEVARD DE LA,,,Nuit avec éclairage allumé,En agglomération,Intersection en T,Normale,Deux véhicules - arrière,,,,,,,,,,,5,2,3,1,2
200500056882,0005-09-05 13:45:00,5,9,5,13,45,60,123.0,CURIE PIERRE ET MARIE AV,,,Plein jour,En agglomération,Hors intersection,Normale,Deux véhicules - arrière,,,,,,,,,,,1,2,1,1,2
200500056883,0005-09-02 12:45:00,5,9,2,12,45,60,123.0,PUGETS ROUTE DES,,,Plein jour,En agglomération,Hors intersection,Normale,Deux véhicules - frontale,,,,,,,,,,,1,2,1,1,1
200500056884,0005-09-06 18:20:00,5,9,6,18,20,60,27.0,LECLERCAVENUE GENERAL,,,Crépuscule ou aube,En agglomération,Intersection en X,Pluie légère,Deux véhicules - côté,,,,,,,,,,,2,2,2,2,3
200500056885,0005-09-07 16:55:00,5,9,7,16,55,60,27.0,VILLENEUVE AVENUE DE,,,Plein jour,En agglomération,Intersection en Y,Normale,Deux véhicules - arrière,,,,,,,,,,,1,2,4,1,2
200500056886,0005-09-08 17:45:00,5,9,8,17,45,60,27.0,BIR HAKEIM RUE,,,Plein jour,En agglomération,Hors intersection,Pluie forte,Trois véhicules et plus - en chaîne,,,,,,,,,,,1,2,1,3,4
200500056887,0005-09-09 20:30:00,5,9,9,20,30,60,27.0,"6 BIS, NICE AVENUE DE (R",,,Nuit avec éclairage allumé,En agglomération,Hors intersection,Normale,Autre collision,,,,,,,,,,,5,2,1,1,6
200500056888,0005-09-09 23:30:00,5,9,9,23,30,60,27.0,JUIN BOULEVARD MARECHAL,,,Nuit avec éclairage allumé,En agglomération,Hors intersection,Normale,Deux véhicules - frontale,,,,,,,,,,,5,2,1,1,1
200500056889,0005-09-10 17:45:00,5,9,10,17,45,60,27.0,ST JEANNET ROUTE DE,,,Plein jour,En agglomération,Hors intersection,Temps couvert,Deux véhicules - côté,,,,,,,,,,,1,2,1,8,3
200500056890,0005-09-12 08:30:00,5,9,12,8,30,60,27.0,VAL FLEURI CHEMIN DU,,,Plein jour,En agglomération,Intersection en Y,Normale,Deux véhicules - frontale,,,,,,,,,,,1,2,4,1,1
200500056891,0005-09-12 13:40:00,5,9,12,13,40,60,27.0,"93, ATELIERS PASSAGE DES",,,Plein jour,En agglomération,Hors intersection,Normale,Deux véhicules - arrière,,,,,,,,,,,1,2,1,1,2
200500056892,0005-09-12 17:00:00,5,9,12,17,0,60,27.0,ALPES AVENUE DES,,,Plein jour,En agglomération,Hors intersection,Normale,Deux véhicules - arrière,,,,,,,,,,,1,2,1,1,2
200500056893,0005-09-13 09:00:00,5,9,13,9,0,60,27.0,NICE AVENUE DE (RN7),,,Plein jour,En agglomération,Intersection en X,Normale,Deux véhicules - côté,,,,,,,,,,,1,2,2,1,3
200500056894,0005-09-13 10:20:00,5,9,13,10,20,60,27.0,PLAGE BOULEVARD DE LA,,,Plein jour,En agglomération,Hors intersection,Normale,Deux véhicules - arrière,,,,,,,,,,,1,2,1,1,2
200500056895,0005-09-16 09:30:00,5,9,16,9,30,60,27.0,GARE AVENUE DE LA,,,Plein jour,En agglomération,Hors intersection,Normale,Deux véhicules - côté,,,,,,,,,,,1,2,1,1,3
200500056896,0005-09-18 05:05:00,5,9,18,5,5,60,27.0,NICE AVENUE DE (RN7),,,Crépuscule ou aube,En agglomération,Hors intersection,Normale,Sans collision,,,,,,,,,,,2,2,1,1,7
200500056897,0005-09-19 17:45:00,5,9,19,17,45,60,27.0,PLAGE BOULEVARD DE LA,,,Plein jour,En agglomération,Hors intersection,Pluie légère,Deux véhicules - arrière,,,,,,,,,,,1,2,1,2,2
200500056898,0005-09-19 20:55:00,5,9,19,20,55,60,27.0,CANNES AVENUE DE (RN7),,,Crépuscule ou aube,En agglomération,Intersection en X,Pluie légère,Deux véhicules - frontale,,,,,,,,,,,2,2,2,2,1
200500056899,0005-09-19 09:00:00,5,9,19,9,0,60,123.0,11 NOVEMBRE AVENUE DU,,,Plein jour,En agglomération,Hors intersection,Pluie légère,Deux véhicules - frontale,,,,,,,,,,,1,2,1,2,1
200500056900,0005-09-20 08:20:00,5,9,20,8,20,60,27.0,BESSET AVENUE CYRILLE,,,Plein jour,En agglomération,Hors intersection,Normale,Deux véhicules - frontale,,,,,,,,,,,1,2,1,1,1
200500056901,0005-09-20 17:00:00,5,9,20,17,0,60,27.0,NICE AVENUE DE (RN7),,,Plein jour,En agglomération,Hors intersection,Normale,Deux véhicules - frontale,,,,,,,,,,,1,2,1,1,1
200500056902,0005-09-20 18:35:00,5,9,20,18,35,60,27.0,BESSET AVENUE CYRILLE,,,Plein jour,En agglomération,Hors intersection,Normale,Deux véhicules - frontale,,,,,,,,,,,1,2,1,1,1
200500056903,0005-09-24 11:45:00,5,9,24,11,45,60,27.0,RENOIR AVENUE AUGUSTE,,,Plein jour,En agglomération,Autre intersection,Normale,Autre collision,,,,,,,,,,,1,2,9,1,6
200500056904,0005-09-25 18:00:00,5,9,25,18,0,60,27.0,KENNEDY BOULEVARD J.F.,,,Plein jour,En agglomération,Hors intersection,Normale,Deux véhicules - arrière,,,,,,,,,,,1,2,1,1,2
200500056905,0005-09-23 18:45:00,5,9,23,18,45,60,123.0,BORD DE MER RN 98,,,Plein jour,En agglomération,Hors intersection,Normale,Autre collision,,,,,,,,,,,1,2,1,1,6
200500056906,0005-09-25 18:10:00,5,9,25,18,10,60,123.0,PLANTIERS AVENUE DES,,,Plein jour,En agglomération,Hors intersection,Pluie légère,Autre collision,,,,,,,,,,,1,2,1,2,6
200500056907,0005-09-26 09:05:00,5,9,26,9,5,60,27.0,TUILIERES AVENUE DES,,,Plein jour,En agglomération,Hors intersection,Normale,Trois véhicules et plus - collisions multiples,,,,,,,,,,,1,2,1,1,5
200500056908,0005-09-27 16:40:00,5,9,27,16,40,60,27.0,PLAGE BOULEVARD DE LA,,,Plein jour,En agglomération,Hors intersection,Normale,Deux véhicules - côté,,,,,,,,,,,1,2,1,1,3
200500056909,0005-09-27 05:25:00,5,9,27,5,25,60,123.0,CURIE PIERRE ET MARIE AV,,,Plein jour,En agglomération,Hors intersection,Normale,Deux véhicules - côté,,,,,,,,,,,1,2,1,1,3
200500056910,0005-09-28 19:20:00,5,9,28,19,20,60,27.0,NICE AVENUE DE (RN7),,,Crépuscule ou aube,En agglomération,Hors intersection,Normale,Trois véhicules et plus - collisions multiples,,,,,,,,,,,2,2,1,1,5
200500056911,0005-09-01 12:15:00,5,9,1,12,15,60,30.0,GRANDE BRETAGNE (ROND PO,,,Plein jour,En agglomération,Hors intersection,Normale,Deux véhicules - arrière,,,,,,,,,,,1,2,1,1,2
200500056912,0005-09-01 14:32:00,5,9,1,14,32,60,29.0,"00, CROISETTE (BOULEVARD",,,Plein jour,En agglomération,Hors intersection,Normale,Deux véhicules - côté,,,,,,,,,,,1,2,1,1,3
200500056913,0005-09-02 10:00:00,5,9,2,10,0,60,29.0,RIOUFFE (RUE JEAN DE),,,Plein jour,En agglomération,Intersection en X,Normale,Deux véhicules - côté,,,,,,,,,,,1,2,2,1,3
200500056914,0005-09-02 13:05:00,5,9,2,13,5,60,29.0,"00, PETIT JUAS (AVENUE D",,,Plein jour,En agglomération,Hors intersection,Normale,Autre collision,,,,,,,,,,,1,2,1,1,6
200500056915,0005-09-02 13:25:00,5,9,2,13,25,60,29.0,JOURDAN (AVENUE MICHEL),,,Plein jour,En agglomération,Hors intersection,Normale,Autre collision,,,,,,,,,,,1,2,1,1,6
200500056916,0005-09-02 16:35:00,5,9,2,16,35,60,30.0,"106, SADI CARNOT (BOULEV",,,Plein jour,En agglomération,Intersection en X,Normale,Deux véhicules - arrière,,,,,,,,,,,1,2,2,1,2
200500056917,0005-09-03 13:29:00,5,9,3,13,29,60,29.0,LEADER (BOULEVARD),,,Plein jour,En agglomération,Hors intersection,Normale,Deux véhicules - côté,,,,,,,,,,,1,2,1,1,3
200500056918,0005-09-03 14:07:00,5,9,3,14,7,60,29.0,"00, ALEXANDRE III (BOULE",,,Plein jour,En agglomération,Intersection en X,Normale,Deux véhicules - côté,,,,,,,,,,,1,2,2,1,3
200500056919,0005-09-04 02:10:00,5,9,4,2,10,60,29.0,ANDRE (RUE CDT),,,Nuit avec éclairage allumé,En agglomération,Intersection en X,Normale,Deux véhicules - côté,,,,,,,,,,,5,2,2,1,3
200500056920,0005-09-05 12:39:00,5,9,5,12,39,60,29.0,", CARNOT (BOULEVARD)",,,Plein jour,En agglomération,Hors intersection,Normale,Deux véhicules - côté,,,,,,,,,,,1,2,1,1,3
200500056921,0005-09-06 17:50:00,5,9,6,17,50,60,30.0,MOULIN (BOULEVARD JEAN),,,Plein jour,En agglomération,Hors intersection,Pluie légère,Autre collision,,,,,,,,,,,1,2,1,2,6
200500056922,0005-09-08 07:50:00,5,9,8,7,50,60,29.0,"25, PICAUD (AVENUE DU DO",,,Plein jour,En agglomération,Hors intersection,Normale,Deux véhicules - côté,,,,,,,,,,,1,2,1,1,3
200500056923,0005-09-10 10:32:00,5,9,10,10,32,60,29.0,"62./68, MIDI (BOULEVARD",,,Plein jour,En agglomération,Hors intersection,Normale,Autre collision,,,,,,,,,,,1,2,1,1,6
200500056924,0005-09-11 12:20:00,5,9,11,12,20,60,29.0,"34, CARNOT (BOULEVARD)",,,Plein jour,En agglomération,Hors intersection,Normale,Deux véhicules - côté,,,,,,,,,,,1,2,1,1,3
200500056925,0005-09-10 17:55:00,5,9,10,17,55,60,29.0,PICAUD (AVENUE DR) BOCCA,,,Plein jour,En agglomération,Hors intersection,Normale,Deux véhicules - arrière,,,,,,,,,,,1,2,1,1,2
200500056926,0005-09-12 08:36:00,5,9,12,8,36,60,29.0,"100, MIDI (BOULEVARD DU)",,,Plein jour,En agglomération,Hors intersection,Normale,Deux véhicules - côté,,,,,,,,,,,1,2,1,1,3
200500056927,0005-09-13 18:30:00,5,9,13,18,30,60,29.0,CARNOT (BOULEVARD),,,Plein jour,En agglomération,Hors intersection,Normale,Trois véhicules et plus - collisions multiples,,,,,,,,,,,1,2,1,1,5
200500056928,0005-09-13 22:05:00,5,9,13,22,5,60,29.0,PASTOUR (RUE LOUIS),,,Nuit avec éclairage allumé,En agglomération,Intersection en X,Normale,Deux véhicules - côté,,,,,,,,,,,5,2,2,1,3
200500056929,0005-09-14 06:30:00,5,9,14,6,30,60,30.0,"00, CARIMAI (RUE)",,,Crépuscule ou aube,En agglomération,Intersection en X,Normale,Deux véhicules - côté,,,,,,,,,,,2,2,2,1,3
200500056930,0005-09-14 07:50:00,5,9,14,7,50,60,29.0,"00, COUBERTIN (AVENUE PI",,,Plein jour,En agglomération,Intersection en T,Normale,Deux véhicules - côté,,,,,,,,,,,1,2,3,1,3
200500056931,0005-09-14 15:54:00,5,9,14,15,54,60,29.0,REPUBLIQUE (BOULEVARD DE,,,Plein jour,En agglomération,Intersection en X,Normale,Deux véhicules - côté,,,,,,,,,,,1,2,2,1,3
200500056932,0005-09-15 08:45:00,5,9,15,8,45,60,29.0,"78, CARNOT (BOULEVARD)",,,Plein jour,En agglomération,Hors intersection,Normale,Deux véhicules - côté,,,,,,,,,,,1,2,1,1,3
200500056933,0005-09-15 12:56:00,5,9,15,12,56,60,29.0,"116, CARNOT (BOULEVARD)",,,Plein jour,En agglomération,Hors intersection,Normale,Deux véhicules - côté,,,,,,,,,,,1,2,1,1,3
200500056934,0005-09-15 14:05:00,5,9,15,14,5,60,30.0,"108, CANNES (RUE DE)",,,Plein jour,En agglomération,Intersection en T,Normale,Deux véhicules - arrière,,,,,,,,,,,1,2,3,1,2
200500056935,0005-09-16 18:00:00,5,9,16,18,0,60,29.0,SERBES (RUE DES),,,Plein jour,En agglomération,Hors intersection,Normale,Autre collision,,,,,,,,,,,1,2,1,1,6
200500056936,0005-09-16 20:15:00,5,9,16,20,15,60,29.0,"00, ALLIES (ESPLANADE DE",,,Nuit avec éclairage allumé,En agglomération,Hors intersection,Normale,Trois véhicules et plus - collisions multiples,,,,,,,,,,,5,2,1,1,5
200500056937,0005-09-17 07:55:00,5,9,17,7,55,60,29.0,CARNOT (BOULEVARD),,,Plein jour,En agglomération,Hors intersection,Normale,Deux véhicules - arrière,,,,,,,,,,,1,2,1,1,2
200500056938,0005-09-17 20:40:00,5,9,17,20,40,60,29.0,"00, BASTIDE ROUGE",,,Nuit avec éclairage allumé,En agglomération,Hors intersection,Normale,Deux véhicules - côté,,,,,,,,,,,5,2,1,1,3
200500056939,0005-09-18 09:44:00,5,9,18,9,44,60,30.0,DE GAULE (RUE DU GENERAL,,,Plein jour,En agglomération,Hors intersection,Normale,Autre collision,,,,,,,,,,,1,2,1,1,6
200500056940,0005-09-18 21:10:00,5,9,18,21,10,60,29.0,TONNER (AVENUE FRANCIS),,,Nuit avec éclairage allumé,En agglomération,Intersection en T,Pluie légère,Deux véhicules - arrière,,,,,,,,,,,5,2,3,2,2
200500056941,0005-09-19 22:00:00,5,9,19,22,0,60,29.0,"5, PICAUD (AVENUE DU DOC",,,Nuit avec éclairage allumé,En agglomération,Hors intersection,Normale,Deux véhicules - côté,,,,,,,,,,,5,2,1,1,3
200500056942,0005-09-20 21:20:00,5,9,20,21,20,60,29.0,"06, MIDI (BOULEVARD DU)",,,Nuit avec éclairage allumé,En agglomération,Hors intersection,Normale,Deux véhicules - côté,,,,,,,,,,,5,2,1,1,3
200500056943,0005-09-10 18:15:00,5,9,10,18,15,60,29.0,CROISETTE (BOULEVARD DE,,,Plein jour,En agglomération,Hors intersection,Normale,Autre collision,,,,,,,,,,,1,2,1,1,6
200500056944,0005-09-21 12:16:00,5,9,21,12,16,60,30.0,SADI CARNOT (BOULEVARD),,,Plein jour,En agglomération,Intersection en X,Normale,Deux véhicules - côté,,,,,,,,,,,1,2,2,1,3
200500056945,0005-09-22 22:59:00,5,9,22,22,59,60,29.0,PICAUD (AVENUE DR) BOCCA,,,Nuit avec éclairage allumé,En agglomération,Intersection en T,Normale,Deux véhicules - arrière,,,,,,,,,,,5,2,3,1,2
200500056946,0005-09-23 10:21:00,5,9,23,10,21,60,29.0,GRASSE (AVENUE DE),,,Plein jour,En agglomération,Intersection en T,Normale,Deux véhicules - côté,,,,,,,,,,,1,2,3,1,3
200500056947,0005-09-23 23:15:00,5,9,23,23,15,60,30.0,"50, CARNOT (BOULEVARD)",,,Nuit avec éclairage allumé,En agglomération,Hors intersection,Normale,Deux véhicules - côté,,,,,,,,,,,5,2,1,1,3
200500056948,0005-09-25 13:04:00,5,9,25,13,4,60,30.0,CARIMAI (RUE),,,Plein jour,En agglomération,Intersection en T,Normale,Deux véhicules - côté,,,,,,,,,,,1,2,3,1,3
200500056949,0005-09-18 10:45:00,5,9,18,10,45,60,29.0,ST PIERRE (QUAI),,,Plein jour,En agglomération,Hors intersection,Normale,Autre collision,,,,,,,,,,,1,2,1,1,6
200500056950,0005-09-27 17:25:00,5,9,27,17,25,60,29.0,ANTIBES (RUE D'),,,Plein jour,En agglomération,Intersection en X,Normale,Deux véhicules - côté,,,,,,,,,,,1,2,2,1,3
200500056951,0005-09-30 00:26:00,5,9,30,0,26,60,29.0,"50, ALEXANDRE III (BOULE",,,Nuit avec éclairage allumé,En agglomération,Hors intersection,Normale,Sans collision,,,,,,,,,,,5,2,1,1,7
200500056952,0005-09-30 09:25:00,5,9,30,9,25,60,29.0,"95, CARNOT (BOULEVARD)",,,Plein jour,En agglomération,Hors intersection,Normale,Autre collision,,,,,,,,,,,1,2,1,1,6
200500056953,0005-09-30 18:06:00,5,9,30,18,6,60,29.0,MIDI (BOULEVARD DU),,,Plein jour,En agglomération,Hors intersection,Normale,Autre collision,,,,,,,,,,,1,2,1,1,6
200500056954,0005-09-21 14:30:00,5,9,21,14,30,60,29.0,"2, COUVERTURE VOIE FERRE",,,Plein jour,En agglomération,Hors intersection,Normale,Deux véhicules - côté,,,,,,,,,,,1,2,1,1,3
200500056955,0005-09-01 17:00:00,5,9,1,17,0,60,69.0,DE GAULLE (AVENUE DU GEN,,,Plein jour,En agglomération,Hors intersection,Normale,Sans collision,,,,,,,,,,,1,2,1,1,7
200500056956,0005-09-02 12:30:00,5,9,2,12,30,60,69.0,"46, CAPUCINS (CHEMIN ET",,,Plein jour,En agglomération,Hors intersection,Normale,Sans collision,,,,,,,,,,,1,2,1,1,7
200500056957,0005-09-02 15:20:00,5,9,2,15,20,60,69.0,"34, VICTORIA (AVENUE ET",,,Plein jour,En agglomération,Hors intersection,Normale,Deux véhicules - côté,,,,,,,,,,,1,2,1,1,3
200500056958,0005-09-02 17:10:00,5,9,2,17,10,60,69.0,"1, PLAN (ROUTE DU) -D304",,,Plein jour,En agglomération,Hors intersection,Normale,Deux véhicules - côté,,,,,,,,,,,1,2,1,1,3
200500056959,0005-09-02 17:40:00,5,9,2,17,40,60,69.0,"29, PLAN (ROUTE DU) -D30",,,Plein jour,En agglomération,Hors intersection,Normale,Deux véhicules - arrière,,,,,,,,,,,1,2,1,1,2
200500056960,0005-09-05 12:55:00,5,9,5,12,55,60,69.0,"24, SIDI BRAHIM (AVENUE)",,,Plein jour,En agglomération,Hors intersection,Normale,Deux véhicules - arrière,,,,,,,,,,,1,2,1,1,2
200500056961,0005-09-06 11:45:00,5,9,6,11,45,60,69.0,"4, DUNANT (AVENUE HENRI)",,,Plein jour,En agglomération,Hors intersection,Pluie légère,Deux véhicules - côté,,,,,,,,,,,1,2,1,2,3
200500056962,0005-09-06 18:15:00,5,9,6,18,15,60,69.0,SAINT LAURENT (AVENUE),,,Plein jour,En agglomération,Hors intersection,Pluie légère,Deux véhicules - frontale,,,,,,,,,,,1,2,1,2,1
200500056963,0005-09-07 17:55:00,5,9,7,17,55,60,69.0,"55, AURIBEAU (ROUTE D')",,,Plein jour,En agglomération,Hors intersection,Normale,Deux véhicules - côté,,,,,,,,,,,1,2,1,1,3
200500056964,0005-09-09 15:35:00,5,9,9,15,35,60,69.0,"99, SIDI BRAHIM (AVENUE)",,,Plein jour,En agglomération,Hors intersection,Normale,Deux véhicules - arrière,,,,,,,,,,,1,2,1,1,2
200500056965,0005-09-10 16:35:00,5,9,10,16,35,60,69.0,EVECHE (RUE DE L'),,,Plein jour,En agglomération,Hors intersection,Normale,Autre collision,,,,,,,,,,,1,2,1,1,6
200500056966,0005-09-10 17:15:00,5,9,10,17,15,60,69.0,"10, CRESP (COURS HONORE)",,,Plein jour,En agglomération,Hors intersection,Normale,Sans collision,,,,,,,,,,,1,2,1,1,7
200500056967,0005-09-14 15:35:00,5,9,14,15,35,60,69.0,ONZE NOVEMBRE (RUE DU),,,Plein jour,En agglomération,Intersection en T,Normale,Deux véhicules - côté,,,,,,,,,,,1,2,3,1,3
200500056968,0005-09-16 08:40:00,5,9,16,8,40,60,69.0,"22, DE LATTRE DE TASSIGN",,,Plein jour,En agglomération,Hors intersection,Normale,Deux véhicules - arrière,,,,,,,,,,,1,2,1,1,2
200500056969,0005-09-16 12:30:00,5,9,16,12,30,60,69.0,"56, DE LATTRE DE TASSIGN",,,Plein jour,En agglomération,Hors intersection,Normale,Deux véhicules - côté,,,,,,,,,,,1,2,1,1,3
200500056970,0005-09-16 19:30:00,5,9,16,19,30,60,69.0,"234, Route de PLASCASSIE",,,Plein jour,Hors agglomération,Hors intersection,Normale,Deux véhicules - arrière,,,,,,,,,,,1,1,1,1,2
200500056971,0005-09-18 14:35:00,5,9,18,14,35,60,69.0,CAPUCINS (CHEMIN ET IMPA,,,Plein jour,En agglomération,Hors intersection,Normale,Deux véhicules - frontale,,,,,,,,,,,1,2,1,1,1
200500056972,0005-09-19 07:30:00,5,9,19,7,30,60,69.0,"126, CANNES (ROUTE DE)",,,Plein jour,En agglomération,Hors intersection,Normale,Deux véhicules - côté,,,,,,,,,,,1,2,1,1,3
200500056973,0005-09-19 22:50:00,5,9,19,22,50,60,69.0,FOUX (PLACE DE LA),,,Nuit avec éclairage allumé,En agglomération,Hors intersection,Normale,Sans collision,,,,,,,,,,,5,2,1,1,7
200500056974,0005-09-22 13:20:00,5,9,22,13,20,60,69.0,CANNES (ROUTE DE)  -RN85,,,Plein jour,En agglomération,Hors intersection,Normale,Deux véhicules - frontale,,,,,,,,,,,1,2,1,1,1
200500056975,0005-09-23 07:45:00,5,9,23,7,45,60,69.0,"12, CANNES (ROUTE DE)  -",,,Plein jour,En agglomération,Hors intersection,Normale,Deux véhicules - côté,,,,,,,,,,,1,2,1,1,3
200500056976,0005-09-23 11:45:00,5,9,23,11,45,60,69.0,Rd point des Quatre Chem,,,Plein jour,En agglomération,Hors intersection,Normale,Deux véhicules - côté,,,,,,,,,,,1,2,1,1,3
200500056977,0005-09-24 07:40:00,5,9,24,7,40,60,69.0,ROND POINT STE MARTHE,,,Plein jour,En agglomération,Hors intersection,Normale,Autre collision,,,,,,,,,,,1,2,1,1,6
200500056978,0005-09-24 09:00:00,5,9,24,9,0,60,69.0,"9, BELLEVUE (BOULEVARD)",,,Plein jour,En agglomération,Hors intersection,Normale,Sans collision,,,,,,,,,,,1,2,1,1,7
200500056979,0005-09-27 11:45:00,5,9,27,11,45,60,69.0,avenue du 11 novembre,,,Plein jour,En agglomération,Hors intersection,Normale,Deux véhicules - arrière,,,,,,,,,,,1,2,1,1,2
200500056980,0005-09-27 16:45:00,5,9,27,16,45,60,69.0,"144, SEMARD - LA GARE (A",,,Plein jour,En agglomération,Hors intersection,Normale,Deux véhicules - côté,,,,,,,,,,,1,2,1,1,3
200500056981,0005-09-27 16:40:00,5,9,27,16,40,60,69.0,MARIGARDE (ROUTE DE LA),,,Plein jour,En agglomération,Hors intersection,Normale,Deux véhicules - frontale,,,,,,,,,,,1,2,1,1,1
200500056982,0005-09-30 14:30:00,5,9,30,14,30,60,69.0,CANNES (ROUTE DE)  -RN85,,,Plein jour,Hors agglomération,Hors intersection,Normale,Deux véhicules - côté,,,,,,,,,,,1,1,1,1,3
200500056983,0005-09-21 17:10:00,5,9,21,17,10,60,104.0,"1, FRANCE (AVENUE DE)",,,Plein jour,En agglomération,Giratoire,Pluie légère,Deux véhicules - côté,,,,,,,,,,,1,2,6,2,3
200500056984,0005-09-01 09:30:00,5,9,1,9,30,60,88.0,"10, FIGHIERA (R. DU DOCT",,,Plein jour,En agglomération,Intersection en X,Normale,Deux véhicules - côté,,,,,,,,,,,1,2,2,1,3
200500056985,0005-09-01 12:30:00,5,9,1,12,30,60,88.0,TERRON (CH. DE),,,Plein jour,En agglomération,Hors intersection,Normale,Deux véhicules - frontale,,,,,,,,,,,1,2,1,1,1
200500056986,0005-09-01 15:40:00,5,9,1,15,40,60,88.0,"0, GAMBETTA (A PARTIR DU",,,Plein jour,En agglomération,Hors intersection,Normale,Trois véhicules et plus - collisions multiples,,,,,,,,,,,1,2,1,1,5
200500056987,0005-09-01 17:20:00,5,9,1,17,20,60,159.0,"46, NAPOLEON III (BOULEV",,,Crépuscule ou aube,En agglomération,Hors intersection,Normale,Deux véhicules - côté,,,,,,,,,,,2,2,1,1,3