accident_id,datetime,annee,mois,jour,heure,minute,departement,commune_insee,adresse,latitude,longitude,luminosite,agglomeration,intersection,meteo,collision,nb_vehicules,nb_usagers,nb_indemnes,nb_tues,nb_blesses_hosp,nb_blesses_legers,age_cond_1,age_cond_2,veh_type_cond_1,veh_type_cond_2,lum_code,agg_code,int_code,atm_code,col_code
200500056988,0005-09-01 17:40:00,5,9,1,17,40,60,88.0,"238, STE MARGUERITE (AV.",,,Plein jour,Hors agglomération,Hors intersection,Normale,Autre collision,,,,,,,,,,,1,1,1,1,6
200500056989,0005-09-01 18:40:00,5,9,1,18,40,60,88.0,"0, HOTEL DES POSTES (R.)",,,Plein jour,En agglomération,Intersection en X,Normale,Deux véhicules - côté,,,,,,,,,,,1,2,2,1,3
200500056990,0005-09-01 19:20:00,5,9,1,19,20,60,88.0,"0, ANGLAIS (DU N° 265 AU",,,Plein jour,En agglomération,Hors intersection,Normale,Autre collision,,,,,,,,,,,1,2,1,1,6
200500056991,0005-09-01 19:21:00,5,9,1,19,21,60,88.0,"6, PELLOS (R. FRANCOIS)",,,Plein jour,En agglomération,Hors intersection,Normale,Autre collision,,,,,,,,,,,1,2,1,1,6
200500056992,0005-09-02 07:20:00,5,9,2,7,20,60,88.0,"0, MEDECIN (AV. JEAN)",,,Plein jour,En agglomération,Intersection en X,Normale,Deux véhicules - côté,,,,,,,,,,,1,2,2,1,3
200500056993,0005-09-02 11:00:00,5,9,2,11,0,60,88.0,"54, ANGLAIS (DU N° 45 AU",,,Plein jour,En agglomération,Hors intersection,Normale,Deux véhicules - côté,,,,,,,,,,,1,2,1,1,3
200500056994,0005-09-02 12:05:00,5,9,2,12,5,60,88.0,"31, ARSON (RUE)",,,Plein jour,En agglomération,Intersection en X,Normale,Deux véhicules - côté,,,,,,,,,,,1,2,2,1,3
200500056995,0005-09-02 13:00:00,5,9,2,13,0,60,88.0,"0, GARIGLIANO (PONTS)",,,Plein jour,En agglomération,Hors intersection,Normale,Trois véhicules et plus - collisions multiples,,,,,,,,,,,1,2,1,1,5
200500056996,0005-09-02 17:15:00,5,9,2,17,15,60,88.0,"0, GRINDA (AV. EDOUARD)",,,Plein jour,En agglomération,Hors intersection,Normale,Deux véhicules - frontale,,,,,,,,,,,1,2,1,1,1
200500056997,0005-09-03 08:30:00,5,9,3,8,30,60,88.0,"0, JOLY (CORNICHE ANDRE",,,Plein jour,En agglomération,Intersection en X,Normale,Deux véhicules - côté,,,,,,,,,,,1,2,2,1,3
200500056998,0005-09-03 09:00:00,5,9,3,9,0,60,88.0,"189, ANGLAIS (DU N° 114",,,Plein jour,En agglomération,Hors intersection,Normale,Autre collision,,,,,,,,,,,1,2,1,1,6
200500056999,0005-09-03 15:56:00,5,9,3,15,56,60,88.0,"0, GRENOBLE (ROUTE DE)",,,Plein jour,En agglomération,Hors intersection,Normale,Deux véhicules - arrière,,,,,,,,,,,1,2,1,1,2
200500057000,0005-09-03 17:45:00,5,9,3,17,45,60,88.0,"0, PROVANA-DE-LEYNI (R.)",,,Plein jour,En agglomération,Hors intersection,Normale,Deux véhicules - arrière,,,,,,,,,,,1,2,1,1,2
200500057001,0005-09-03 18:50:00,5,9,3,18,50,60,88.0,"106, GAMBETTA (A PARTIR",,,Plein jour,En agglomération,Hors intersection,Normale,Autre collision,,,,,,,,,,,1,2,1,1,6
200500057002,0005-09-04 03:06:00,5,9,4,3,6,60,88.0,"0, VERANY (BD J.B.)",,,Nuit avec éclairage allumé,En agglomération,Hors intersection,Normale,Deux véhicules - arrière,,,,,,,,,,,5,2,1,1,2
200500057003,0005-09-04 05:05:00,5,9,4,5,5,60,88.0,"43, JAURES (BD JEAN)",,,Nuit avec éclairage allumé,En agglomération,Hors intersection,Normale,Deux véhicules - frontale,,,,,,,,,,,5,2,1,1,1
200500057004,0005-09-04 18:15:00,5,9,4,18,15,60,88.0,"30, DIABLES BLEUS (AV. D",,,Crépuscule ou aube,En agglomération,Hors intersection,Normale,Deux véhicules - côté,,,,,,,,,,,2,2,1,1,3
200500057005,0005-09-05 16:50:00,5,9,5,16,50,60,88.0,"0, ANGLAIS (DU N° 45 AU",,,Plein jour,En agglomération,Hors intersection,Normale,Deux véhicules - côté,,,,,,,,,,,1,2,1,1,3
200500057006,0005-09-05 17:30:00,5,9,5,17,30,60,88.0,"82, BESSET (AV.) (A PART",,,Plein jour,En agglomération,Intersection en T,Normale,Deux véhicules - côté,,,,,,,,,,,1,2,3,1,3
200500057007,0005-09-06 06:30:00,5,9,6,6,30,60,88.0,"0, DUNANT (AV. HENRI)",,,Nuit avec éclairage allumé,En agglomération,Hors intersection,Temps couvert,Deux véhicules - côté,,,,,,,,,,,5,2,1,8,3
200500057008,0005-09-06 11:30:00,5,9,6,11,30,60,88.0,"74, GROSSO (A PARTIR DU",,,Plein jour,En agglomération,Intersection en X,Pluie légère,Autre collision,,,,,,,,,,,1,2,2,2,6
200500057009,0005-09-06 16:30:00,5,9,6,16,30,60,88.0,"0, GAMBETTA (A PARTIR DU",,,Plein jour,En agglomération,Hors intersection,Normale,Deux véhicules - arrière,,,,,,,,,,,1,2,1,1,2
200500057010,0005-09-06 17:45:00,5,9,6,17,45,60,88.0,"0, GRENOBLE (ROUTE DE)",,,Plein jour,En agglomération,Hors intersection,Pluie légère,Deux véhicules - arrière,,,,,,,,,,,1,2,1,2,2
200500057011,0005-09-06 20:15:00,5,9,6,20,15,60,88.0,"à, JOFFRE (R. MARECHAL)",,,Crépuscule ou aube,En agglomération,Intersection en X,Normale,Autre collision,,,,,,,,,,,2,2,2,1,6
200500057012,0005-09-07 07:45:00,5,9,7,7,45,60,88.0,"3, PELLOS (R. FRANCOIS)",,,Plein jour,En agglomération,Hors intersection,Normale,Deux véhicules - côté,,,,,,,,,,,1,2,1,1,3
200500057013,0005-09-07 12:00:00,5,9,7,12,0,60,88.0,"69, GRENOBLE (ROUTE DE)",,,Plein jour,En agglomération,Hors intersection,Pluie forte,Trois véhicules et plus - en chaîne,,,,,,,,,,,1,2,1,3,4
200500057014,0005-09-07 12:50:00,5,9,7,12,50,60,88.0,"0, ANGLAIS PLAGE(  PARTI",,,Plein jour,En agglomération,Hors intersection,Pluie légère,Trois véhicules et plus - en chaîne,,,,,,,,,,,1,2,1,2,4
200500057015,0005-09-07 15:15:00,5,9,7,15,15,60,88.0,"15, JOFFRE (R. MARECHAL)",,,Plein jour,En agglomération,Hors intersection,Normale,Autre collision,,,,,,,,,,,1,2,1,1,6
200500057016,0005-09-07 18:00:00,5,9,7,18,0,60,88.0,"12, GALLIENI (AV.)",,,Plein jour,En agglomération,Hors intersection,Normale,Deux véhicules - côté,,,,,,,,,,,1,2,1,1,3
200500057017,0005-09-08 10:10:00,5,9,8,10,10,60,88.0,"10, GARNIER (BD JOSEPH)",,,Plein jour,En agglomération,Intersection en X,Normale,Deux véhicules - arrière,,,,,,,,,,,1,2,2,1,2
200500057018,0005-09-08 14:45:00,5,9,8,14,45,60,88.0,"124, CALIFORNIE (AV.) (D",,,Plein jour,En agglomération,Hors intersection,Pluie forte,Deux véhicules - côté,,,,,,,,,,,1,2,1,3,3
200500057019,0005-09-08 17:25:00,5,9,8,17,25,60,88.0,"16, SAINT-JEAN BAPTISTE",,,Plein jour,Hors agglomération,Hors intersection,Pluie forte,Sans collision,,,,,,,,,,,1,1,1,3,7
200500057020,0005-09-09 05:10:00,5,9,9,5,10,60,88.0,"135, ANGLAIS (DU N° 114",,,Nuit avec éclairage allumé,En agglomération,Hors intersection,Pluie légère,Trois véhicules et plus - collisions multiples,,,,,,,,,,,5,2,1,2,5
200500057021,0005-09-09 08:10:00,5,9,9,8,10,60,88.0,"12, JOLY (CORNICHE ANDRE",,,Crépuscule ou aube,En agglomération,Hors intersection,Temps couvert,Deux véhicules - côté,,,,,,,,,,,2,2,1,8,3
200500057022,0005-09-09 08:45:00,5,9,9,8,45,60,88.0,"0, JOFFRE (R. MARECHAL)",,,Plein jour,En agglomération,Hors intersection,Normale,Autre collision,,,,,,,,,,,1,2,1,1,6
200500057023,0005-09-09 12:45:00,5,9,9,12,45,60,88.0,"0, ANGLAIS PLAGE (DU 265",,,Plein jour,En agglomération,Hors intersection,Normale,Deux véhicules - arrière,,,,,,,,,,,1,2,1,1,2
200500057024,0005-09-09 14:55:00,5,9,9,14,55,60,88.0,"0, VOIE RAPIDE",,,Plein jour,En agglomération,Hors intersection,Normale,Deux véhicules - arrière,,,,,,,,,,,1,2,1,1,2
200500057025,0005-09-09 15:00:00,5,9,9,15,0,60,88.0,"0, VOIE ROMAINE (AV. DE",,,Plein jour,En agglomération,Hors intersection,Normale,Deux véhicules - côté,,,,,,,,,,,1,2,1,1,3
200500057026,0005-09-09 15:30:00,5,9,9,15,30,60,88.0,"0, PENCHIENATI (R.)",,,Plein jour,En agglomération,Intersection en X,Normale,Deux véhicules - côté,,,,,,,,,,,1,2,2,1,3
200500057027,0005-09-09 16:10:00,5,9,9,16,10,60,88.0,"0, DUNANT (AV. HENRI)",,,Plein jour,En agglomération,Intersection en T,Normale,Deux véhicules - côté,,,,,,,,,,,1,2,3,1,3
200500057028,0005-09-09 16:20:00,5,9,9,16,20,60,88.0,"80, MADELEINE (BD DE LA)",,,Plein jour,En agglomération,Hors intersection,Normale,Autre collision,,,,,,,,,,,1,2,1,1,6
200500057029,0005-09-09 17:20:00,5,9,9,17,20,60,88.0,"à, TUNNEL ET VOIE MALRAU",,,Plein jour,En agglomération,Hors intersection,Normale,Trois véhicules et plus - collisions multiples,,,,,,,,,,,1,2,1,1,5
200500057030,0005-09-09 18:20:00,5,9,9,18,20,60,88.0,"0, JOFFRE (R. MARECHAL)",,,Plein jour,En agglomération,Hors intersection,Normale,Autre collision,,,,,,,,,,,1,2,1,1,6
200500057031,0005-09-09 19:30:00,5,9,9,19,30,60,88.0,"69, ARCHET (CH. DE L')",,,Crépuscule ou aube,En agglomération,Hors intersection,Normale,Deux véhicules - frontale,,,,,,,,,,,2,2,1,1,1
200500057032,0005-09-10 17:45:00,5,9,10,17,45,60,88.0,"27, GRENOBLE (ROUTE DE)",,,Plein jour,En agglomération,Hors intersection,Normale,Trois véhicules et plus - en chaîne,,,,,,,,,,,1,2,1,1,4
200500057033,0005-09-11 03:55:00,5,9,11,3,55,60,88.0,"0, BELLEVUE (AV. DE)",,,Nuit avec éclairage allumé,En agglomération,Intersection en X,Pluie légère,Autre collision,,,,,,,,,,,5,2,2,2,6
200500057034,0005-09-11 14:30:00,5,9,11,14,30,60,88.0,"0, REGIMENTS NICOIS (R.",,,Plein jour,En agglomération,Hors intersection,Normale,Autre collision,,,,,,,,,,,1,2,1,1,6
200500057035,0005-09-11 22:30:00,5,9,11,22,30,60,88.0,"0, DIABLES BLEUS (AV. DE",,,Nuit avec éclairage allumé,En agglomération,Intersection en X,Normale,Deux véhicules - côté,,,,,,,,,,,5,2,2,1,3
200500057036,0005-09-12 03:10:00,5,9,12,3,10,60,88.0,"245, ANGLAIS PLAGE (DU 1",,,Nuit avec éclairage allumé,En agglomération,Hors intersection,Normale,Autre collision,,,,,,,,,,,5,2,1,1,6
200500057037,0005-09-12 09:35:00,5,9,12,9,35,60,88.0,"122, CARNOT (BD)",,,Plein jour,En agglomération,Hors intersection,Temps éblouissant,Autre collision,,,,,,,,,,,1,2,1,7,6
200500057038,0005-09-12 11:40:00,5,9,12,11,40,60,88.0,"03, ORESTIS (R. DES)",,,Plein jour,En agglomération,Hors intersection,Normale,Deux véhicules - arrière,,,,,,,,,,,1,2,1,1,2
200500057039,0005-09-12 11:30:00,5,9,12,11,30,60,88.0,"18, JOLY (CORNICHE ANDRE",,,Plein jour,En agglomération,Hors intersection,Normale,Deux véhicules - arrière,,,,,,,,,,,1,2,1,1,2
200500057040,0005-09-12 14:30:00,5,9,12,14,30,60,88.0,"0, THIERS (AV.)",,,Plein jour,En agglomération,Hors intersection,Normale,Deux véhicules - côté,,,,,,,,,,,1,2,1,1,3
200500057041,0005-09-13 07:35:00,5,9,13,7,35,60,88.0,"57, BISCHOFFSHEIM (BD)",,,Plein jour,En agglomération,Hors intersection,Normale,Autre collision,,,,,,,,,,,1,2,1,1,6
200500057042,0005-09-13 10:30:00,5,9,13,10,30,60,88.0,"0, VOIE RAPIDE",,,Plein jour,Hors agglomération,Hors intersection,Normale,Trois véhicules et plus - en chaîne,,,,,,,,,,,1,1,1,1,4
200500057043,0005-09-13 16:00:00,5,9,13,16,0,60,88.0,"03, BARDI (AV.)",,,Plein jour,En agglomération,Hors intersection,Normale,Autre collision,,,,,,,,,,,1,2,1,1,6
200500057044,0005-09-13 16:16:00,5,9,13,16,16,60,88.0,"122, CALIFORNIE (AV.) (D",,,Plein jour,En agglomération,Hors intersection,Normale,Trois véhicules et plus - en chaîne,,,,,,,,,,,1,2,1,1,4
200500057045,0005-09-13 17:00:00,5,9,13,17,0,60,88.0,"66, ROQUEBILLIERE (R. DE",,,Plein jour,En agglomération,Hors intersection,Normale,Deux véhicules - côté,,,,,,,,,,,1,2,1,1,3
200500057046,0005-09-13 19:30:00,5,9,13,19,30,60,88.0,"82, BESSET (AV.) (A PART",,,Plein jour,En agglomération,Intersection en T,Normale,Sans collision,,,,,,,,,,,1,2,3,1,7
200500057047,0005-09-13 21:49:00,5,9,13,21,49,60,88.0,"91, CESSOLE (BD DE) (JUS",,,Nuit avec éclairage allumé,En agglomération,Hors intersection,Normale,Deux véhicules - côté,,,,,,,,,,,5,2,1,1,3
200500057048,0005-09-14 08:30:00,5,9,14,8,30,60,88.0,"0, LINDBERG (AV.)",,,Plein jour,En agglomération,Hors intersection,Normale,Autre collision,,,,,,,,,,,1,2,1,1,6
200500057049,0005-09-14 09:15:00,5,9,14,9,15,60,88.0,"28, ANGLAIS (DU N° 1 AU",,,Plein jour,En agglomération,Hors intersection,Normale,Deux véhicules - côté,,,,,,,,,,,1,2,1,1,3
200500057050,0005-09-14 11:30:00,5,9,14,11,30,60,88.0,"0, HOTEL DE VILLE (R.)",,,Plein jour,En agglomération,Hors intersection,Normale,Autre collision,,,,,,,,,,,1,2,1,1,6
200500057051,0005-09-14 12:30:00,5,9,14,12,30,60,88.0,"0, ANGLAIS (DU N° 1 AU N",,,Plein jour,En agglomération,Hors intersection,Normale,Trois véhicules et plus - en chaîne,,,,,,,,,,,1,2,1,1,4
200500057052,0005-09-14 15:45:00,5,9,14,15,45,60,88.0,"4, CALIFORNIE (AV.) (A P",,,Plein jour,En agglomération,Intersection en X,Normale,Autre collision,,,,,,,,,,,1,2,2,1,6
200500057053,0005-09-14 17:50:00,5,9,14,17,50,60,88.0,"0, THIERS (AV.)",,,Plein jour,En agglomération,Hors intersection,Normale,Deux véhicules - côté,,,,,,,,,,,1,2,1,1,3
200500057054,0005-09-14 18:30:00,5,9,14,18,30,60,88.0,"102, DUNANT (AV. HENRI)",,,Plein jour,En agglomération,Hors intersection,Normale,Autre collision,,,,,,,,,,,1,2,1,1,6
200500057055,0005-09-14 19:15:00,5,9,14,19,15,60,88.0,"0, GAMBETTA (A PARTIR DU",,,Plein jour,En agglomération,Hors intersection,Normale,Deux véhicules - frontale,,,,,,,,,,,1,2,1,1,1
200500057056,0005-09-14 19:30:00,5,9,14,19,30,60,88.0,"14, VALOMBROSE (AV. DE)",,,Plein jour,En agglomération,Hors intersection,Normale,Deux véhicules - côté,,,,,,,,,,,1,2,1,1,3
200500057057,0005-09-14 20:50:00,5,9,14,20,50,60,88.0,"0, PRAT (R. DU DR LOUIS)",,,Nuit avec éclairage allumé,En agglomération,Intersection en T,Normale,Deux véhicules - côté,,,,,,,,,,,5,2,3,1,3
200500057058,0005-09-15 07:45:00,5,9,15,7,45,60,88.0,"81, SAINT-AUGUSTIN (AV.",,,Plein jour,En agglomération,Hors intersection,Normale,Trois véhicules et plus - collisions multiples,,,,,,,,,,,1,2,1,1,5
200500057059,0005-09-15 08:15:00,5,9,15,8,15,60,88.0,CORNIGLION MOLINIER (BD),,,Plein jour,En agglomération,Hors intersection,Normale,Deux véhicules - arrière,,,,,,,,,,,1,2,1,1,2
200500057060,0005-09-15 08:45:00,5,9,15,8,45,60,88.0,"0, PARIS (R. DE)",,,Plein jour,En agglomération,Intersection en X,Normale,Deux véhicules - côté,,,,,,,,,,,1,2,2,1,3
200500057061,0005-09-15 14:30:00,5,9,15,14,30,60,88.0,"0, PELLOS (R. FRANCOIS)",,,Plein jour,En agglomération,Hors intersection,Normale,Deux véhicules - côté,,,,,,,,,,,1,2,1,1,3
200500057062,0005-09-15 23:50:00,5,9,15,23,50,60,88.0,"16, QUAI DES DOCKS",,,Nuit avec éclairage allumé,En agglomération,Hors intersection,Normale,Autre collision,,,,,,,,,,,5,2,1,1,6
200500057063,0005-09-15 20:30:00,5,9,15,20,30,60,88.0,"269, FABRON (AV. DE) (A",,,Nuit avec éclairage allumé,En agglomération,Hors intersection,Normale,Deux véhicules - côté,,,,,,,,,,,5,2,1,1,3
200500057064,0005-09-16 09:15:00,5,9,16,9,15,60,88.0,"0, ANGLAIS (DU N° 265 AU",,,Plein jour,En agglomération,Hors intersection,Temps couvert,Deux véhicules - arrière,,,,,,,,,,,1,2,1,8,2
200500057065,0005-09-16 10:15:00,5,9,16,10,15,60,88.0,"0, DRIANT (RUE COLONEL)",,,Plein jour,En agglomération,Intersection en X,Temps couvert,Autre collision,,,,,,,,,,,1,2,2,8,6
200500057066,0005-09-16 11:10:00,5,9,16,11,10,60,88.0,"126, CESSOLE (BD DE) (A",,,Plein jour,En agglomération,Hors intersection,Normale,Deux véhicules - côté,,,,,,,,,,,1,2,1,1,3
200500057067,0005-09-16 15:10:00,5,9,16,15,10,60,88.0,"06, FOCH (AV. MARECHAL)",,,Plein jour,En agglomération,Hors intersection,Normale,Autre collision,,,,,,,,,,,1,2,1,1,6
200500057068,0005-09-17 01:00:00,5,9,17,1,0,60,88.0,"0, Route de la Sonexa",,,Nuit avec éclairage allumé,En agglomération,Hors intersection,Normale,Autre collision,,,,,,,,,,,5,2,1,1,6
200500057069,0005-09-17 02:00:00,5,9,17,2,0,60,88.0,CANAVESE (RUE JEAN),,,Nuit avec éclairage allumé,En agglomération,Intersection en X,Normale,Deux véhicules - côté,,,,,,,,,,,5,2,2,1,3
200500057070,0005-09-17 09:50:00,5,9,17,9,50,60,88.0,"48, BRAILLE (BD LOUIS)",,,Plein jour,En agglomération,Hors intersection,Normale,Deux véhicules - côté,,,,,,,,,,,1,2,1,1,3
200500057071,0005-09-17 14:35:00,5,9,17,14,35,60,88.0,GIOFFREDO (R.),,,Plein jour,En agglomération,Intersection en X,Normale,Autre collision,,,,,,,,,,,1,2,2,1,6
200500057072,0005-09-18 03:20:00,5,9,18,3,20,60,88.0,"0, ANGLAIS (DU N° 265 AU",,,Nuit avec éclairage allumé,En agglomération,Hors intersection,Pluie légère,Deux véhicules - côté,,,,,,,,,,,5,2,1,2,3
200500057073,0005-09-18 11:40:00,5,9,18,11,40,60,88.0,"0, GROSSO (JUSQU'AU N° 5",,,Plein jour,En agglomération,Intersection en T,Normale,Deux véhicules - côté,,,,,,,,,,,1,2,3,1,3
200500057074,0005-09-18 18:04:00,5,9,18,18,4,60,88.0,"0, TIRANTY (R. EMMA ET P",,,Plein jour,En agglomération,Intersection en X,Pluie légère,Deux véhicules - côté,,,,,,,,,,,1,2,2,2,3
200500057075,0005-09-19 10:55:00,5,9,19,10,55,60,88.0,"0, DEMONTZEY (RTE)",,,Plein jour,En agglomération,Intersection en T,Normale,Deux véhicules - côté,,,,,,,,,,,1,2,3,1,3
200500057076,0005-09-19 12:00:00,5,9,19,12,0,60,88.0,"2, GARNIER (BD JOSEPH)",,,Plein jour,En agglomération,Hors intersection,Normale,Autre collision,,,,,,,,,,,1,2,1,1,6
200500057077,0005-09-19 15:50:00,5,9,19,15,50,60,88.0,"164, CESSOLE (BD DE) (A",,,Plein jour,En agglomération,Intersection en X,Normale,Autre collision,,,,,,,,,,,1,2,2,1,6
200500057078,0005-09-19 16:00:00,5,9,19,16,0,60,88.0,"122, CARNOT (BD)",,,Plein jour,En agglomération,Hors intersection,Normale,Deux véhicules - côté,,,,,,,,,,,1,2,1,1,3
200500057079,0005-09-19 17:45:00,5,9,19,17,45,60,88.0,"282, MADELEINE (BD DE LA",,,Plein jour,En agglomération,Hors intersection,Pluie légère,Deux véhicules - côté,,,,,,,,,,,1,2,1,2,3
200500057080,0005-09-20 13:45:00,5,9,20,13,45,60,88.0,"0, RIMIEZ (AV. DE)",,,Plein jour,En agglomération,Hors intersection,Normale,Deux véhicules - frontale,,,,,,,,,,,1,2,1,1,1
200500057081,0005-09-20 14:45:00,5,9,20,14,45,60,88.0,"21, FABRON (AV. DE) (JUS",,,Plein jour,En agglomération,Hors intersection,Normale,Deux véhicules - frontale,,,,,,,,,,,1,2,1,1,1
200500057082,0005-09-20 20:45:00,5,9,20,20,45,60,88.0,VOIE RAPIDE,,,Nuit avec éclairage allumé,Hors agglomération,Hors intersection,Normale,Deux véhicules - côté,,,,,,,,,,,5,1,1,1,3
200500057083,0005-09-20 11:30:00,5,9,20,11,30,60,159.0,"02, PRINCESSE GRACE DE M",,,Plein jour,En agglomération,Hors intersection,Normale,Deux véhicules - côté,,,,,,,,,,,1,2,1,1,3
200500057084,0005-09-20 17:00:00,5,9,20,17,0,60,88.0,"187, MADELEINE (BD DE LA",,,Plein jour,En agglomération,Hors intersection,Normale,Deux véhicules - côté,,,,,,,,,,,1,2,1,1,3
200500057085,0005-09-20 17:45:00,5,9,20,17,45,60,88.0,"0, PARC IMPERIAL (BD DU)",,,Plein jour,En agglomération,Intersection en X,Normale,Deux véhicules - côté,,,,,,,,,,,1,2,2,1,3
200500057086,0005-09-21 07:50:00,5,9,21,7,50,60,88.0,"44, SAINT-AUGUSTIN (AV.",,,Plein jour,Hors agglomération,Intersection en T,Normale,Deux véhicules - côté,,,,,,,,,,,1,1,3,1,3
200500057087,0005-09-21 13:45:00,5,9,21,13,45,60,88.0,"17, GORBELLA (BD DE)",,,Plein jour,En agglomération,Hors intersection,Normale,Deux véhicules - côté,,,,,,,,,,,1,2,1,1,3
200500057088,0005-09-21 15:20:00,5,9,21,15,20,60,88.0,"39, HUGO (BD VICTOR)",,,Plein jour,En agglomération,Hors intersection,Normale,Autre collision,,,,,,,,,,,1,2,1,1,6
200500057089,0005-09-21 17:20:00,5,9,21,17,20,60,88.0,"0, FALICON (BD COMTE DE)",,,Plein jour,En agglomération,Hors intersection,Normale,Deux véhicules - côté,,,,,,,,,,,1,2,1,1,3
200500057090,0005-09-21 19:10:00,5,9,21,19,10,60,88.0,"0, PENETRANTE DU PAILLON",,,Nuit avec éclairage allumé,En agglomération,Hors intersection,Normale,Autre collision,,,,,,,,,,,5,2,1,1,6
200500057091,0005-09-21 21:40:00,5,9,21,21,40,60,88.0,"0, RAIBERTI (R.)",,,Nuit avec éclairage allumé,En agglomération,Intersection en X,Normale,Deux véhicules - côté,,,,,,,,,,,5,2,2,1,3
200500057092,0005-09-22 08:30:00,5,9,22,8,30,60,88.0,"0, PASTORELLI (R.)",,,Plein jour,En agglomération,Intersection en X,Normale,Autre collision,,,,,,,,,,,1,2,2,1,6
200500057093,0005-09-22 08:45:00,5,9,22,8,45,60,88.0,"64, EGLISE ST PANCRACE (",,,Plein jour,En agglomération,Hors intersection,Normale,Deux véhicules - frontale,,,,,,,,,,,1,2,1,1,1
200500057094,0005-09-22 08:50:00,5,9,22,8,50,60,88.0,"0, MONTEL (BD PAUL)",,,Plein jour,En agglomération,Intersection en X,Normale,Deux véhicules - côté,,,,,,,,,,,1,2,2,1,3
200500057095,0005-09-22 09:15:00,5,9,22,9,15,60,88.0,"241, MONT-BORON (BD DU)",,,Plein jour,En agglomération,Intersection en T,Normale,Deux véhicules - côté,,,,,,,,,,,1,2,3,1,3
200500057096,0005-09-22 11:45:00,5,9,22,11,45,60,88.0,"0, JEROME (PL. CDT)",,,Plein jour,En agglomération,Intersection à plus de 4 branches,Normale,Deux véhicules - côté,,,,,,,,,,,1,2,5,1,3
200500057097,0005-09-22 12:30:00,5,9,22,12,30,60,88.0,"0, CALIFORNIE (AV.) (DU",,,Plein jour,En agglomération,Hors intersection,Normale,Deux véhicules - arrière,,,,,,,,,,,1,2,1,1,2
200500057098,0005-09-22 19:00:00,5,9,22,19,0,60,88.0,"0, PARIS (R. DE)",,,Plein jour,En agglomération,Intersection en X,Normale,Deux véhicules - côté,,,,,,,,,,,1,2,2,1,3
200500057099,0005-09-23 08:50:00,5,9,23,8,50,60,88.0,"16, THIERS (AV.)",,,Plein jour,En agglomération,Hors intersection,Normale,Autre collision,,,,,,,,,,,1,2,1,1,6
200500057100,0005-09-23 09:15:00,5,9,23,9,15,60,88.0,NAPOLEON III (BD),,,Plein jour,En agglomération,Hors intersection,Normale,Deux véhicules - arrière,,,,,,,,,,,1,2,1,1,2
200500057101,0005-09-23 10:45:00,5,9,23,10,45,60,88.0,"0, VOIE RAPIDE",,,Plein jour,En agglomération,Hors intersection,Normale,Autre collision,,,,,,,,,,,1,2,1,1,6
200500057102,0005-09-23 11:30:00,5,9,23,11,30,60,88.0,"39, CAPPATTI (AV. LOUIS)",,,Plein jour,En agglomération,Hors intersection,Normale,Autre collision,,,,,,,,,,,1,2,1,1,6
200500057103,0005-09-23 12:41:00,5,9,23,12,41,60,88.0,COLOMARS (ROUTE DE),,,Plein jour,Hors agglomération,Hors intersection,Normale,Deux véhicules - côté,,,,,,,,,,,1,1,1,1,3
200500057104,0005-09-23 15:15:00,5,9,23,15,15,60,88.0,"0, BANVILLE (RUE THEODOR",,,Plein jour,En agglomération,Intersection en X,Normale,Autre collision,,,,,,,,,,,1,2,2,1,6
200500057105,0005-09-23 18:45:00,5,9,23,18,45,60,88.0,"20, MONT-GROS (CH. DU)",,,Plein jour,En agglomération,Autre intersection,Normale,Deux véhicules - côté,,,,,,,,,,,1,2,9,1,3
200500057106,0005-09-23 23:45:00,5,9,23,23,45,60,88.0,"0, CIMIEZ (BD) JUSQU'AU",,,Nuit avec éclairage allumé,En agglomération,Hors intersection,Normale,Trois véhicules et plus - collisions multiples,,,,,,,,,,,5,2,1,1,5
200500057107,0005-09-24 01:35:00,5,9,24,1,35,60,88.0,"0, VOIE RAPIDE",,,Nuit avec éclairage allumé,En agglomération,Hors intersection,Normale,Autre collision,,,,,,,,,,,5,2,1,1,6
200500057108,0005-09-24 03:15:00,5,9,24,3,15,60,88.0,"0, ANGLAIS PLAGE (DU 265",,,Nuit avec éclairage allumé,En agglomération,Hors intersection,Normale,Trois véhicules et plus - en chaîne,,,,,,,,,,,5,2,1,1,4
200500057109,0005-09-24 17:25:00,5,9,24,17,25,60,88.0,"54, GRENOBLE (ROUTE DE)",,,Plein jour,En agglomération,Hors intersection,Normale,Autre collision,,,,,,,,,,,1,2,1,1,6
200500057110,0005-09-24 18:30:00,5,9,24,18,30,60,159.0,BASSE CORNICHE,,,Crépuscule ou aube,En agglomération,Hors intersection,Normale,Deux véhicules - arrière,,,,,,,,,,,2,2,1,1,2
200500057111,0005-09-26 08:00:00,5,9,26,8,0,60,88.0,"52, SEMERIA (AV. DENIS)",,,Plein jour,En agglomération,Intersection en X,Normale,Autre collision,,,,,,,,,,,1,2,2,1,6
200500057112,0005-09-26 13:15:00,5,9,26,13,15,60,88.0,"5/7, DEUX EMMANUELS (QUA",,,Plein jour,En agglomération,Hors intersection,Normale,Autre collision,,,,,,,,,,,1,2,1,1,6
200500057113,0005-09-26 17:45:00,5,9,26,17,45,60,88.0,"53, ANGLAIS (DU N° 45 AU",,,Plein jour,En agglomération,Hors intersection,Normale,Deux véhicules - côté,,,,,,,,,,,1,2,1,1,3
200500057114,0005-09-26 23:30:00,5,9,26,23,30,60,88.0,"0, GRENOBLE (ROUTE DE)",,,Nuit avec éclairage allumé,En agglomération,Hors intersection,Normale,Deux véhicules - côté,,,,,,,,,,,5,2,1,1,3
200500057115,0005-09-27 07:45:00,5,9,27,7,45,60,88.0,"0, FERAUD (R. RAYMOND)",,,Plein jour,En agglomération,Intersection à plus de 4 branches,Normale,Autre collision,,,,,,,,,,,1,2,5,1,6
200500057116,0005-09-27 12:00:00,5,9,27,12,0,60,88.0,"0, CASSIN (BD RENE)",,,Plein jour,En agglomération,Intersection en T,Normale,Deux véhicules - côté,,,,,,,,,,,1,2,3,1,3
200500057117,0005-09-27 13:00:00,5,9,27,13,0,60,88.0,"0, GRENOBLE (ROUTE DE)",,,Plein jour,En agglomération,Hors intersection,Normale,Deux véhicules - côté,,,,,,,,,,,1,2,1,1,3