accident_id,datetime,annee,mois,jour,heure,minute,departement,commune_insee,adresse,latitude,longitude,luminosite,agglomeration,intersection,meteo,collision,nb_vehicules,nb_usagers,nb_indemnes,nb_tues,nb_blesses_hosp,nb_blesses_legers,age_cond_1,age_cond_2,veh_type_cond_1,veh_type_cond_2,lum_code,agg_code,int_code,atm_code,col_code
200500057118,0005-09-27 16:30:00,5,9,27,16,30,60,88.0,"4, BINET (RUE ALFRED)",,,Plein jour,En agglomération,Hors intersection,Normale,Trois véhicules et plus - collisions multiples,,,,,,,,,,,1,2,1,1,5
200500057119,0005-09-27 17:10:00,5,9,27,17,10,60,88.0,"0, ANGLAIS (DU N° 265 AU",,,Plein jour,En agglomération,Hors intersection,Normale,Deux véhicules - arrière,,,,,,,,,,,1,2,1,1,2
200500057120,0005-09-27 20:00:00,5,9,27,20,0,60,88.0,"0, ROSTAND (R. EDMOND)",,,Nuit avec éclairage allumé,En agglomération,Intersection en X,Normale,Deux véhicules - côté,,,,,,,,,,,5,2,2,1,3
200500057121,0005-09-28 11:35:00,5,9,28,11,35,60,88.0,"161, ANGLAIS (DU N° 114",,,Plein jour,En agglomération,Hors intersection,Normale,Deux véhicules - côté,,,,,,,,,,,1,2,1,1,3
200500057122,0005-09-28 12:30:00,5,9,28,12,30,60,88.0,"0, QUAI DES ETATS UNIS",,,Plein jour,En agglomération,Hors intersection,Normale,Autre collision,,,,,,,,,,,1,2,1,1,6
200500057123,0005-09-28 12:45:00,5,9,28,12,45,60,88.0,"04, CIMIEZ (BD) JUSQU'AU",,,Plein jour,En agglomération,Hors intersection,Normale,Deux véhicules - frontale,,,,,,,,,,,1,2,1,1,1
200500057124,0005-09-28 14:30:00,5,9,28,14,30,60,88.0,"3, CONGRES (RUE DU)",,,Plein jour,En agglomération,Hors intersection,Normale,Deux véhicules - côté,,,,,,,,,,,1,2,1,1,3
200500057125,0005-09-28 14:05:00,5,9,28,14,5,60,88.0,"0, ANGLAIS (DU N° 45 AU",,,Plein jour,En agglomération,Intersection en T,Normale,Deux véhicules - côté,,,,,,,,,,,1,2,3,1,3
200500057126,0005-09-28 15:10:00,5,9,28,15,10,60,88.0,"28, VALROSE (AV. )",,,Plein jour,En agglomération,Hors intersection,Normale,Autre collision,,,,,,,,,,,1,2,1,1,6
200500057127,0005-09-28 17:10:00,5,9,28,17,10,60,88.0,"11, ACCHIARDI DE ST LEGE",,,Plein jour,En agglomération,Hors intersection,Normale,Autre collision,,,,,,,,,,,1,2,1,1,6
200500057128,0005-09-28 18:15:00,5,9,28,18,15,60,88.0,"120, FRANCE (R. DE) DU N",,,Plein jour,En agglomération,Hors intersection,Normale,Autre collision,,,,,,,,,,,1,2,1,1,6
200500057129,0005-09-28 20:00:00,5,9,28,20,0,60,88.0,"5, MADELEINE (BD DE LA)",,,Nuit avec éclairage allumé,En agglomération,Hors intersection,Normale,Deux véhicules - côté,,,,,,,,,,,5,2,1,1,3
200500057130,0005-09-29 07:50:00,5,9,29,7,50,60,88.0,"16, PUGET (R.)",,,Plein jour,En agglomération,Hors intersection,Normale,Sans collision,,,,,,,,,,,1,2,1,1,7
200500057131,0005-09-29 09:50:00,5,9,29,9,50,60,88.0,"0, CALIFORNIE (AV.) (DU",,,Plein jour,En agglomération,Intersection en T,Normale,Deux véhicules - côté,,,,,,,,,,,1,2,3,1,3
200500057132,0005-09-29 17:25:00,5,9,29,17,25,60,88.0,"0, TURIN (RTE DE)",,,Plein jour,En agglomération,Intersection en X,Normale,Autre collision,,,,,,,,,,,1,2,2,1,6
200500057133,0005-09-30 12:23:00,5,9,30,12,23,60,88.0,"0, KARR (R. ALPHONSE)",,,Plein jour,En agglomération,Intersection en T,Normale,Autre collision,,,,,,,,,,,1,2,3,1,6
200500057134,0005-09-30 13:23:00,5,9,30,13,23,60,88.0,"0, PHOCEENS (AV. DES)",,,Plein jour,En agglomération,Hors intersection,Normale,Autre collision,,,,,,,,,,,1,2,1,1,6
200500057135,0005-09-30 16:20:00,5,9,30,16,20,60,88.0,"0, GARIBALDI (PL.)",,,Plein jour,En agglomération,Intersection à plus de 4 branches,Normale,Autre collision,,,,,,,,,,,1,2,5,1,6
200500057136,0005-09-30 21:00:00,5,9,30,21,0,60,88.0,"0, ANGLAIS (DU N° 114 AU",,,Nuit avec éclairage allumé,En agglomération,Hors intersection,Normale,Deux véhicules - côté,,,,,,,,,,,5,2,1,1,3
200500057137,0005-09-13 09:05:00,5,9,13,9,5,70,78.0,ALPES (RUE DES),,,Plein jour,En agglomération,Intersection en T,Normale,Trois véhicules et plus - collisions multiples,,,,,,,,,,,1,2,3,1,5
200500057138,0005-09-20 16:40:00,5,9,20,16,40,70,78.0,"740, LYON ROUTE DE",,,Plein jour,En agglomération,Hors intersection,Normale,Autre collision,,,,,,,,,,,1,2,1,1,6
200500057139,0005-09-14 13:30:00,5,9,14,13,30,70,331.0,"86, JEAN JAURES ( RUE )",,,Plein jour,En agglomération,Hors intersection,Normale,Sans collision,,,,,,,,,,,1,2,1,1,7
200500057140,0005-09-22 20:50:00,5,9,22,20,50,70,19.0,"40, VALS ( ROUTE DE )",,,Nuit avec éclairage allumé,En agglomération,Hors intersection,Normale,Deux véhicules - frontale,,,,,,,,,,,5,2,1,1,1
200500057141,0005-09-15 08:30:00,5,9,15,8,30,70,19.0,"1, JUMELAGE (AVENUE DU)",,,Plein jour,En agglomération,Intersection en T,Normale,Deux véhicules - côté,,,,,,,,,,,1,2,3,1,3
200500057142,0005-09-06 17:35:00,5,9,6,17,35,70,102.0,"268, DUNANT (RUE HENRI)",,,Plein jour,En agglomération,Intersection en X,Pluie forte,Deux véhicules - côté,,,,,,,,,,,1,2,2,3,3
200500057143,0005-09-03 22:15:00,5,9,3,22,15,70,281.0,"69, GROSS-UMSTADT (AVENU",,,Nuit sans éclairage public,Hors agglomération,Hors intersection,Normale,Autre collision,,,,,,,,,,,3,1,1,1,6
200500057144,0005-09-09 21:30:00,5,9,9,21,30,70,281.0,ROUTE NATIONALE 86,,,Nuit avec éclairage allumé,En agglomération,Intersection à plus de 4 branches,Normale,Deux véhicules - côté,,,,,,,,,,,5,2,5,1,3
200500057145,0005-09-13 14:00:00,5,9,13,14,0,70,281.0,C.D. 533 (VERS LE PUY),,,Plein jour,Hors agglomération,Hors intersection,Normale,Deux véhicules - frontale,,,,,,,,,,,1,1,1,1,1
200500057146,0005-09-24 13:20:00,5,9,24,13,20,70,323.0,Chemin GRONLU,,,Plein jour,Hors agglomération,Autre intersection,Normale,Sans collision,,,,,,,,,,,1,1,9,1,7
200500057147,0005-09-28 12:55:00,5,9,28,12,55,70,102.0,"300, Jean MOULIN (Rue)",,,Plein jour,En agglomération,Giratoire,Normale,Deux véhicules - côté,,,,,,,,,,,1,2,6,1,3
200500057148,0005-09-28 17:00:00,5,9,28,17,0,70,102.0,"93, GUYNEMER (RUE G.)",,,Plein jour,En agglomération,Intersection en T,Normale,Deux véhicules - côté,,,,,,,,,,,1,2,3,1,3
200500057149,0005-09-02 15:55:00,5,9,2,15,55,80,105.0,"1, RICHIER P.",,,Plein jour,En agglomération,Hors intersection,Normale,Deux véhicules - côté,,,,,,,,,,,1,2,1,1,3
200500057150,0005-09-06 16:50:00,5,9,6,16,50,80,105.0,"6, GAMBETTA BOULEVARD",,,Plein jour,En agglomération,Hors intersection,Normale,Autre collision,,,,,,,,,,,1,2,1,1,6
200500057151,0005-09-14 12:05:00,5,9,14,12,5,80,105.0,ONZE NOVEMBRE,,,Plein jour,En agglomération,Intersection en X,Normale,Deux véhicules - côté,,,,,,,,,,,1,2,2,1,3
200500057152,0005-09-14 13:22:00,5,9,14,13,22,80,105.0,"1, DELAUTRE J. BOULEVARD",,,Plein jour,En agglomération,Hors intersection,Normale,Deux véhicules - côté,,,,,,,,,,,1,2,1,1,3
200500057153,0005-09-17 14:55:00,5,9,17,14,55,80,105.0,"73, BOIS FORTANT (RUE DU",,,Plein jour,En agglomération,Intersection en X,Normale,Trois véhicules et plus - collisions multiples,,,,,,,,,,,1,2,2,1,5
200500057154,0005-09-19 21:40:00,5,9,19,21,40,80,105.0,"49, MONT OLYMPE",,,Nuit avec éclairage allumé,En agglomération,Hors intersection,Normale,Autre collision,,,,,,,,,,,5,2,1,1,6
200500057155,0005-09-23 09:20:00,5,9,23,9,20,80,105.0,DE GAULLE AVENUE,,,Plein jour,En agglomération,Hors intersection,Normale,Deux véhicules - côté,,,,,,,,,,,1,2,1,1,3
200500057156,0005-09-29 21:37:00,5,9,29,21,37,80,105.0,CARNOT AVENUE,,,Nuit sans éclairage public,En agglomération,Intersection en T,Normale,Deux véhicules - frontale,,,,,,,,,,,3,2,3,1,1
200500057157,0005-09-30 10:05:00,5,9,30,10,5,80,105.0,"1, BOUTET C. AVENUE",,,Plein jour,En agglomération,Hors intersection,Normale,Deux véhicules - côté,,,,,,,,,,,1,2,1,1,3
200500057158,0005-09-30 11:10:00,5,9,30,11,10,80,105.0,"101, POULAIN A.",,,Plein jour,En agglomération,Hors intersection,Normale,Autre collision,,,,,,,,,,,1,2,1,1,6
200500057159,0005-09-21 17:05:00,5,9,21,17,5,80,409.0,MARNE (AVENUE DE LA),,,Plein jour,En agglomération,Hors intersection,Normale,Autre collision,,,,,,,,,,,1,2,1,1,6
200500057160,0005-09-06 12:20:00,5,9,6,12,20,90,122.0,20 (R.N.) COTE SUD DU TU,,,Plein jour,Hors agglomération,Hors intersection,Normale,Sans collision,,,,,,,,,,,1,1,1,1,7
200500057161,0005-09-14 10:00:00,5,9,14,10,0,90,207.0,"11, ROUTE NATIONALE 20",,,Plein jour,En agglomération,Hors intersection,Normale,Autre collision,,,,,,,,,,,1,2,1,1,6
200500057162,0005-09-11 21:00:00,5,9,11,21,0,90,225.0,"39 TER, CAPITAINE TOURNI",,,Nuit avec éclairage allumé,En agglomération,Hors intersection,Normale,Autre collision,,,,,,,,,,,5,2,1,1,6
200500057163,0005-09-12 17:10:00,5,9,12,17,10,90,225.0,"00, PAUL CESANNE RUE",,,Plein jour,En agglomération,Hors intersection,Pluie légère,Deux véhicules - arrière,,,,,,,,,,,1,2,1,2,2
200500057164,0005-09-17 10:25:00,5,9,17,10,25,90,225.0,"01, IRENEE CROS AVENUE",,,Plein jour,En agglomération,Hors intersection,Normale,Autre collision,,,,,,,,,,,1,2,1,1,6
200500057165,0005-09-22 18:50:00,5,9,22,18,50,90,225.0,"11 D, BELPECH ROUTE DE",,,Plein jour,Hors agglomération,Autre intersection,Normale,Deux véhicules - arrière,,,,,,,,,,,1,1,9,1,2
200500057166,0005-09-24 18:30:00,5,9,24,18,30,90,225.0,"00, MIREPOIX ROUTE DE",,,Plein jour,En agglomération,Hors intersection,Normale,Trois véhicules et plus - en chaîne,,,,,,,,,,,1,2,1,1,4
200500057167,0005-09-01 16:45:00,5,9,1,16,45,100,387.0,"2, PIERRE GILLON (RUE)",,,Plein jour,En agglomération,Hors intersection,Normale,Deux véhicules - arrière,,,,,,,,,,,1,2,1,1,2
200500057168,0005-09-04 16:00:00,5,9,4,16,0,100,387.0,"000, LOMBARDS (RUE)",,,Plein jour,En agglomération,Intersection en X,Normale,Deux véhicules - côté,,,,,,,,,,,1,2,2,1,3
200500057169,0005-09-09 10:50:00,5,9,9,10,50,100,333.0,"54, ABBAYES (RUE DES)",,,Plein jour,En agglomération,Hors intersection,Normale,Deux véhicules - côté,,,,,,,,,,,1,2,1,1,3
200500057170,0005-09-07 17:00:00,5,9,7,17,0,100,387.0,"000, CHARLES BALTET (RUE",,,Plein jour,En agglomération,Hors intersection,Normale,Deux véhicules - côté,,,,,,,,,,,1,2,1,1,3
200500057171,0005-09-10 17:45:00,5,9,10,17,45,100,387.0,"101, PREMIER MAI (RUE DU",,,Plein jour,En agglomération,Hors intersection,Normale,Deux véhicules - frontale,,,,,,,,,,,1,2,1,1,1
200500057172,0005-09-15 12:05:00,5,9,15,12,5,100,387.0,"000, GEORGES POMPIDOU (R",,,Plein jour,En agglomération,Hors intersection,Normale,Autre collision,,,,,,,,,,,1,2,1,1,6
200500057173,0005-09-16 16:55:00,5,9,16,16,55,100,343.0,"4, AUGUSTE TERRENOIRE (R",,,Plein jour,En agglomération,Hors intersection,Pluie forte,Deux véhicules - frontale,,,,,,,,,,,1,2,1,3,1
200500057174,0005-09-17 12:50:00,5,9,17,12,50,100,387.0,"000, CAPUCINS (RUE DES)",,,Plein jour,En agglomération,Intersection en T,Normale,Deux véhicules - côté,,,,,,,,,,,1,2,3,1,3
200500057175,0005-09-21 13:05:00,5,9,21,13,5,100,387.0,"000, CHOMEDEY DE MAISONN",,,Plein jour,En agglomération,Intersection en X,Normale,Deux véhicules - côté,,,,,,,,,,,1,2,2,1,3
200500057176,0005-09-24 19:15:00,5,9,24,19,15,100,333.0,"000, COMTE (RUE)",,,Plein jour,En agglomération,Intersection en X,Normale,Deux véhicules - côté,,,,,,,,,,,1,2,2,1,3
200500057177,0005-09-26 13:50:00,5,9,26,13,50,100,387.0,"000, BAS TREVOIS (RUE DE",,,Plein jour,En agglomération,Intersection en X,Normale,Deux véhicules - côté,,,,,,,,,,,1,2,2,1,3
200500057178,0005-09-28 17:35:00,5,9,28,17,35,100,60.0,"23, JEAN ROSTAND (RUE)",,,Plein jour,En agglomération,Hors intersection,Normale,Deux véhicules - arrière,,,,,,,,,,,1,2,1,1,2
200500057179,0005-09-29 12:10:00,5,9,29,12,10,100,387.0,"000, GENERAL DE GAULLE (",,,Plein jour,En agglomération,Intersection en T,Normale,Deux véhicules - côté,,,,,,,,,,,1,2,3,1,3
200500057180,0005-09-08 10:30:00,5,9,8,10,30,110,69.0,"17,  GOUT HENRI -AV. N°",,,Plein jour,En agglomération,Hors intersection,Normale,Autre collision,,,,,,,,,,,1,2,1,1,6
200500057181,0005-09-12 21:30:00,5,9,12,21,30,110,69.0,"15, SABATIER PAUL -BD-",,,Nuit avec éclairage allumé,En agglomération,Intersection en T,Normale,Deux véhicules - côté,,,,,,,,,,,5,2,3,1,3
200500057182,0005-09-14 11:40:00,5,9,14,11,40,110,69.0,ROCADE OUEST,,,Plein jour,En agglomération,Hors intersection,Normale,Deux véhicules - arrière,,,,,,,,,,,1,2,1,1,2
200500057183,0005-09-25 16:15:00,5,9,25,16,15,110,69.0,"2, PAICHEROU -QUAI DU-",,,Plein jour,En agglomération,Hors intersection,Pluie légère,Autre collision,,,,,,,,,,,1,2,1,2,6
200500057184,0005-09-27 18:00:00,5,9,27,18,0,110,76.0,"33, PEXIORA (ROUTE DE)",,,Plein jour,En agglomération,Hors intersection,Normale,Sans collision,,,,,,,,,,,1,2,1,1,7
200500057185,0005-09-09 08:00:00,5,9,9,8,0,110,262.0,RN 009 NARBONNE /  PERPI,,,Plein jour,Hors agglomération,Hors intersection,Normale,Deux véhicules - côté,,,,,,,,,,,1,1,1,1,3
200500057186,0005-09-12 19:50:00,5,9,12,19,50,110,262.0,"65, LECLERC (AVENUE DU G",,,Plein jour,En agglomération,Intersection en T,Normale,Deux véhicules - frontale,,,,,,,,,,,1,2,3,1,1
200500057187,0005-09-16 01:30:00,5,9,16,1,30,110,262.0,"31, BORDEAUX (AVENUE DE)",,,Nuit avec éclairage allumé,En agglomération,Hors intersection,Normale,Deux véhicules - frontale,,,,,,,,,,,5,2,1,1,1
200500057188,0005-09-23 14:50:00,5,9,23,14,50,110,262.0,"8, TOULOUSE (AVENUE DE)",,,Plein jour,En agglomération,Hors intersection,Normale,Autre collision,,,,,,,,,,,1,2,1,1,6
200500057189,0005-09-30 14:25:00,5,9,30,14,25,110,262.0,"10, LACROIX (BOULEVARD D",,,Plein jour,En agglomération,Hors intersection,Normale,Sans collision,,,,,,,,,,,1,2,1,1,7
200500057190,0005-09-21 13:25:00,5,9,21,13,25,110,262.0,"1, HUGO (QUAI ET PASSERE",,,Plein jour,En agglomération,Hors intersection,Normale,Autre collision,,,,,,,,,,,1,2,1,1,6
200500057191,0005-09-08 14:05:00,5,9,8,14,5,120,13.0,"7, LAFARGUE PAUL",,,Plein jour,En agglomération,Intersection en T,Normale,Deux véhicules - côté,,,,,,,,,,,1,2,3,1,3
200500057192,0005-09-07 15:45:00,5,9,7,15,45,120,145.0,GABRIAC JEAN (BOULEVARD),,,Plein jour,En agglomération,Intersection en Y,Normale,Deux véhicules - arrière,,,,,,,,,,,1,2,4,1,2
200500057193,0005-09-15 18:50:00,5,9,15,18,50,120,145.0,"1240, CALES (AVENUE DE)",,,Plein jour,En agglomération,Passage à niveau,Normale,Deux véhicules - frontale,,,,,,,,,,,1,2,8,1,1
200500057194,0005-09-23 21:35:00,5,9,23,21,35,120,145.0,DE GAULLE CHARLES (AVENU,,,Nuit avec éclairage allumé,En agglomération,Autre intersection,Normale,Deux véhicules - côté,,,,,,,,,,,5,2,9,1,3
200500057195,0005-09-04 05:05:00,5,9,4,5,5,120,176.0,ESPALION (ROUTE D'),,,Nuit avec éclairage allumé,Hors agglomération,Hors intersection,Normale,Autre collision,,,,,,,,,,,5,1,1,1,6
200500057196,0005-09-16 19:30:00,5,9,16,19,30,120,202.0,RN88 (Rocade),,,Plein jour,Hors agglomération,Hors intersection,Normale,Sans collision,,,,,,,,,,,1,1,1,1,7
200500057197,0005-09-01 11:15:00,5,9,1,11,15,130,1.0,"1230, AMPERE  ANDRE (RUE",,,Plein jour,Hors agglomération,Hors intersection,Normale,Deux véhicules - côté,,,,,,,,,,,1,1,1,1,3
200500057198,0005-09-04 12:15:00,5,9,4,12,15,130,1.0,"880, R.N 7",,,Plein jour,En agglomération,Hors intersection,Normale,Trois véhicules et plus - en chaîne,,,,,,,,,,,1,2,1,1,4
200500057199,0005-09-08 12:10:00,5,9,8,12,10,130,1.0,RD9,,,Plein jour,Hors agglomération,Hors intersection,Normale,Trois véhicules et plus - en chaîne,,,,,,,,,,,1,1,1,1,4
200500057200,0005-09-09 07:45:00,5,9,9,7,45,130,1.0,PARAYRE LIEUTENANT (RUE,,,Plein jour,Hors agglomération,Autre intersection,Temps éblouissant,Deux véhicules - frontale,,,,,,,,,,,1,1,9,7,1
200500057201,0005-09-09 23:50:00,5,9,9,23,50,130,1.0,"920, ST HILAIRE (CH)",,,Nuit sans éclairage public,Hors agglomération,Hors intersection,Normale,Autre collision,,,,,,,,,,,3,1,1,1,6
200500057202,0005-09-11 02:50:00,5,9,11,2,50,130,1.0,ENFANT (RTE DE L'),,,Nuit avec éclairage allumé,Hors agglomération,Intersection en T,Normale,Deux véhicules - côté,,,,,,,,,,,5,1,3,1,3
200500057203,0005-09-13 10:15:00,5,9,13,10,15,130,1.0,"0000, ST VICTOIRE (AV)",,,Plein jour,En agglomération,Hors intersection,Normale,Deux véhicules - côté,,,,,,,,,,,1,2,1,1,3
200500057204,0005-09-09 08:00:00,5,9,9,8,0,130,1.0,"31, MINIMES (COURS DES)",,,Plein jour,En agglomération,Intersection en X,Normale,Deux véhicules - frontale,,,,,,,,,,,1,2,2,1,1
200500057205,0005-09-18 16:25:00,5,9,18,16,25,130,1.0,"440, ST MARTIN (CH DE)",,,Plein jour,Hors agglomération,Hors intersection,Temps couvert,Deux véhicules - côté,,,,,,,,,,,1,1,1,8,3
200500057206,0005-09-12 18:25:00,5,9,12,18,25,130,1.0,FOUR D'EYGLUN (AV DU),,,Plein jour,En agglomération,Hors intersection,Normale,Autre collision,,,,,,,,,,,1,2,1,1,6
200500057207,0005-09-20 09:40:00,5,9,20,9,40,130,1.0,"1, BOIS DE L'AUNE (ROTON",,,Plein jour,En agglomération,Giratoire,Normale,Deux véhicules - arrière,,,,,,,,,,,1,2,6,1,2
200500057208,0005-09-21 09:30:00,5,9,21,9,30,130,1.0,"3, MISTRAL FREDERIC (AV)",,,Plein jour,En agglomération,Hors intersection,Normale,Autre collision,,,,,,,,,,,1,2,1,1,6
200500057209,0005-09-23 09:45:00,5,9,23,9,45,130,1.0,LEDOUX CLAUDE NICOLAS (R,,,Plein jour,Hors agglomération,Hors intersection,Normale,Autre collision,,,,,,,,,,,1,1,1,1,6
200500057210,0005-09-20 16:15:00,5,9,20,16,15,130,1.0,"22, LECORBUSIER  (RUE)",,,Plein jour,En agglomération,Hors intersection,Normale,Autre collision,,,,,,,,,,,1,2,1,1,6
200500057211,0005-09-27 13:20:00,5,9,27,13,20,130,1.0,"41, LACEPEDE (RUE)",,,Plein jour,En agglomération,Intersection en X,Normale,Deux véhicules - côté,,,,,,,,,,,1,2,2,1,3
200500057212,0005-09-28 13:10:00,5,9,28,13,10,130,1.0,GALICE (RTE DE),,,Plein jour,En agglomération,Intersection en T,Normale,Deux véhicules - côté,,,,,,,,,,,1,2,3,1,3
200500057213,0005-09-28 16:25:00,5,9,28,16,25,130,1.0,"1, CHAPITRE (RUE DU)",,,Plein jour,En agglomération,Hors intersection,Normale,Autre collision,,,,,,,,,,,1,2,1,1,6
200500057214,0005-09-28 18:00:00,5,9,28,18,0,130,1.0,BROSSOLETTE PIERRE (AV),,,Plein jour,En agglomération,Hors intersection,Normale,Deux véhicules - frontale,,,,,,,,,,,1,2,1,1,1
200500057215,0005-09-23 21:30:00,5,9,23,21,30,130,1.0,"13, MIRABEAU (COURS)",,,Nuit avec éclairage allumé,En agglomération,Hors intersection,Normale,Autre collision,,,,,,,,,,,5,2,1,1,6
200500057216,0005-09-28 22:10:00,5,9,28,22,10,130,1.0,"890, BERRE (ROUTE DE)",,,Nuit sans éclairage public,En agglomération,Hors intersection,Normale,Deux véhicules - arrière,,,,,,,,,,,3,2,1,1,2
200500057217,0005-09-03 18:40:00,5,9,3,18,40,130,4.0,VICTOR HUGO AVENUE,,,Plein jour,En agglomération,Hors intersection,Normale,Autre collision,,,,,,,,,,,1,2,1,1,6
200500057218,0005-09-08 12:10:00,5,9,8,12,10,130,4.0,LICES BOULEVARD DES,,,Plein jour,En agglomération,Hors intersection,Pluie forte,Autre collision,,,,,,,,,,,1,2,1,3,6
200500057219,0005-09-08 10:00:00,5,9,8,10,0,130,4.0,ALYSCAMPS AV DES,,,Plein jour,En agglomération,Hors intersection,Pluie forte,Deux véhicules - frontale,,,,,,,,,,,1,2,1,3,1
200500057220,0005-09-28 19:00:00,5,9,28,19,0,130,4.0,FERDINAND DE LESSEPS RUE,,,Plein jour,En agglomération,Intersection en X,Normale,Deux véhicules - frontale,,,,,,,,,,,1,2,2,1,1
200500057221,0005-09-29 17:45:00,5,9,29,17,45,130,4.0,RN 570,,,Plein jour,Hors agglomération,Intersection en T,Normale,Autre collision,,,,,,,,,,,1,1,3,1,6
200500057222,0005-09-12 18:15:00,5,9,12,18,15,130,5.0,"10, BEAUDINARD (ROUTE DE",,,Plein jour,En agglomération,Hors intersection,Normale,Deux véhicules - frontale,,,,,,,,,,,1,2,1,1,1
200500057223,0005-09-16 14:55:00,5,9,16,14,55,130,70.0,"162, VOLTAIRE (BOULEVARD",,,Plein jour,En agglomération,Hors intersection,Normale,Deux véhicules - arrière,,,,,,,,,,,1,2,1,1,2
200500057224,0005-09-28 13:00:00,5,9,28,13,0,130,70.0,"15, VALLON DU ROY (BOULE",,,Plein jour,En agglomération,Hors intersection,Normale,Deux véhicules - frontale,,,,,,,,,,,1,2,1,1,1
200500057225,0005-09-05 11:54:00,5,9,5,11,54,130,28.0,"78, POILUS (RUE DES)",,,Plein jour,En agglomération,Hors intersection,Pluie légère,Autre collision,,,,,,,,,,,1,2,1,2,6
200500057226,0005-09-13 12:40:00,5,9,13,12,40,130,28.0,PAIX (AVENUE DE LA),,,Plein jour,En agglomération,Intersection en X,Normale,Deux véhicules - côté,,,,,,,,,,,1,2,2,1,3
200500057227,0005-09-13 18:30:00,5,9,13,18,30,130,28.0,GARE (AVENUE DE LA),,,Plein jour,En agglomération,Intersection en X,Normale,Deux véhicules - côté,,,,,,,,,,,1,2,2,1,3
200500057228,0005-09-29 19:30:00,5,9,29,19,30,130,28.0,"29, PUITS DE BRUNET (CHE",,,Nuit avec éclairage allumé,En agglomération,Hors intersection,Normale,Trois véhicules et plus - en chaîne,,,,,,,,,,,5,2,1,1,4
200500057229,0005-09-22 16:45:00,5,9,22,16,45,130,47.0,D.16,,,Plein jour,Hors agglomération,Hors intersection,Normale,Autre collision,,,,,,,,,,,1,1,1,1,6
200500057230,0005-09-07 13:30:00,5,9,7,13,30,130,47.0,"1, RN 569",,,Plein jour,Hors agglomération,Hors intersection,Pluie légère,Autre collision,,,,,,,,,,,1,1,1,2,6
200500057231,0005-09-10 16:00:00,5,9,10,16,0,130,63.0,"270, JEAN MOULIN AVENUE",,,Plein jour,Hors agglomération,Hors intersection,Pluie forte,Trois véhicules et plus - collisions multiples,,,,,,,,,,,1,1,1,3,5
200500057232,0005-09-25 01:35:00,5,9,25,1,35,130,47.0,FELIX GOUIN AVENUE,,,Nuit sans éclairage public,Hors agglomération,Hors intersection,Normale,Trois véhicules et plus - collisions multiples,,,,,,,,,,,3,1,1,1,5
200500057233,0005-09-02 16:35:00,5,9,2,16,35,130,47.0,CENTRE COMMERCIAL GEANT,,,Plein jour,Hors agglomération,Hors intersection,Normale,Autre collision,,,,,,,,,,,1,1,1,1,6
200500057234,0005-09-22 07:30:00,5,9,22,7,30,130,63.0,MOULIN CHEMIN DU,,,Plein jour,En agglomération,Intersection en T,Normale,Deux véhicules - côté,,,,,,,,,,,1,2,3,1,3
200500057235,0005-09-30 23:00:00,5,9,30,23,0,130,47.0,D.5,,,Nuit sans éclairage public,Hors agglomération,Hors intersection,Normale,Autre collision,,,,,,,,,,,3,1,1,1,6
200500057236,0005-09-03 21:00:00,5,9,3,21,0,130,43.0,LOUBATIER  CHEMIN DU,,,Nuit sans éclairage public,En agglomération,Hors intersection,Normale,Deux véhicules - frontale,,,,,,,,,,,3,2,1,1,1
200500057237,0005-09-04 19:15:00,5,9,4,19,15,130,43.0,ROUTE NATIONALE 568,,,Plein jour,Hors agglomération,Hors intersection,Normale,Trois véhicules et plus - en chaîne,,,,,,,,,,,1,1,1,1,4
200500057238,0005-09-04 19:45:00,5,9,4,19,45,130,54.0,CD 9,,,Plein jour,Hors agglomération,Hors intersection,Normale,Deux véhicules - côté,,,,,,,,,,,1,1,1,1,3
200500057239,0005-09-06 17:50:00,5,9,6,17,50,130,43.0,FERNANDEL  AVENUE,,,Plein jour,En agglomération,Hors intersection,Normale,Deux véhicules - arrière,,,,,,,,,,,1,2,1,1,2
200500057240,0005-09-22 18:55:00,5,9,22,18,55,130,54.0,"00, FIGUERAS  RUE DE",,,Plein jour,En agglomération,Intersection en X,Normale,Autre collision,,,,,,,,,,,1,2,2,1,6
200500057241,0005-09-01 22:45:00,5,9,1,22,45,130,55.0,FRAIS VALLO (AVENUE),,,Nuit avec éclairage allumé,En agglomération,Hors intersection,Normale,Sans collision,,,,,,,,,,,5,2,1,1,7
200500057242,0005-09-02 08:30:00,5,9,2,8,30,130,55.0,"000, PORT (QUAI DU)",,,Plein jour,En agglomération,Hors intersection,Normale,Autre collision,,,,,,,,,,,1,2,1,1,6
200500057243,0005-09-02 14:25:00,5,9,2,14,25,130,55.0,"51, LECHATELIER (RUE)",,,Plein jour,En agglomération,Hors intersection,Normale,Autre collision,,,,,,,,,,,1,2,1,1,6
200500057244,0005-09-01 15:00:00,5,9,1,15,0,130,55.0,CAPELETTE (AVENUE DE LA),,,Plein jour,En agglomération,Hors intersection,Normale,Trois véhicules et plus - en chaîne,,,,,,,,,,,1,2,1,1,4
200500057245,0005-09-02 17:00:00,5,9,2,17,0,130,55.0,CAPELETTE (AVENUE DE LA),,,Plein jour,En agglomération,Autre intersection,Normale,Deux véhicules - côté,,,,,,,,,,,1,2,9,1,3
200500057246,0005-09-05 22:10:00,5,9,5,22,10,130,55.0,", ALEX. FLEMING (BD)",,,Nuit avec éclairage allumé,En agglomération,Hors intersection,Normale,Deux véhicules - arrière,,,,,,,,,,,5,2,1,1,2
200500057247,0005-09-01 13:45:00,5,9,1,13,45,130,55.0,GOUDARD (RUE),,,Plein jour,En agglomération,Intersection en X,Normale,Deux véhicules - côté,,,,,,,,,,,1,2,2,1,3