accident_id,datetime,annee,mois,jour,heure,minute,departement,commune_insee,adresse,latitude,longitude,luminosite,agglomeration,intersection,meteo,collision,nb_vehicules,nb_usagers,nb_indemnes,nb_tues,nb_blesses_hosp,nb_blesses_legers,age_cond_1,age_cond_2,veh_type_cond_1,veh_type_cond_2,lum_code,agg_code,int_code,atm_code,col_code
200500057248,0005-09-07 14:30:00,5,9,7,14,30,130,55.0,SAINT PAUL (AVENUE),,,Plein jour,En agglomération,Hors intersection,Normale,Sans collision,,,,,,,,,,,1,2,1,1,7
200500057249,0005-09-01 19:20:00,5,9,1,19,20,130,55.0,ZENATTI (AVE ANDRE),,,Plein jour,En agglomération,Hors intersection,Normale,Deux véhicules - côté,,,,,,,,,,,1,2,1,1,3
200500057250,0005-09-05 14:40:00,5,9,5,14,40,130,55.0,"20, DAMES (BD DES)",,,Plein jour,En agglomération,Hors intersection,Normale,Deux véhicules - arrière,,,,,,,,,,,1,2,1,1,2
200500057251,0005-09-05 22:30:00,5,9,5,22,30,130,55.0,MONTRE (TRAVERSE DE LA),,,Nuit avec éclairage allumé,En agglomération,Hors intersection,Normale,Sans collision,,,,,,,,,,,5,2,1,1,7
200500057252,0005-09-02 01:50:00,5,9,2,1,50,130,55.0,"299, KE (CORNICHE)",,,Nuit avec éclairage allumé,En agglomération,Hors intersection,Normale,Autre collision,,,,,,,,,,,5,2,1,1,6
200500057253,0005-09-02 21:45:00,5,9,2,21,45,130,55.0,CONDORCET (RUE),,,Nuit avec éclairage allumé,En agglomération,Hors intersection,Normale,Deux véhicules - frontale,,,,,,,,,,,5,2,1,1,1
200500057254,0005-09-07 23:30:00,5,9,7,23,30,130,55.0,"22, ZENATTI (AVE ANDRE)",,,Nuit avec éclairage allumé,En agglomération,Hors intersection,Normale,Trois véhicules et plus - collisions multiples,,,,,,,,,,,5,2,1,1,5
200500057255,0005-09-03 20:00:00,5,9,3,20,0,130,55.0,GOUFFONNE (TRAVERSE DE L,,,Crépuscule ou aube,En agglomération,Hors intersection,Normale,Sans collision,,,,,,,,,,,2,2,1,1,7
200500057256,0005-09-11 20:50:00,5,9,11,20,50,130,55.0,"35, CROIX ROUGE (AVENUE)",,,Nuit avec éclairage allumé,En agglomération,Hors intersection,Normale,Deux véhicules - côté,,,,,,,,,,,5,2,1,1,3
200500057257,0005-09-05 16:40:00,5,9,5,16,40,130,55.0,MAURIAC (RUE),,,Plein jour,En agglomération,Intersection en X,Normale,Sans collision,,,,,,,,,,,1,2,2,1,7
200500057258,0005-09-07 15:00:00,5,9,7,15,0,130,55.0,", SAKAKINI (BD)",,,Plein jour,En agglomération,Hors intersection,Normale,Deux véhicules - arrière,,,,,,,,,,,1,2,1,1,2
200500057259,0005-09-12 17:20:00,5,9,12,17,20,130,55.0,"262, TOULON (AVENUE DE)",,,Plein jour,En agglomération,Hors intersection,Normale,Trois véhicules et plus - collisions multiples,,,,,,,,,,,1,2,1,1,5
200500057260,0005-09-04 15:30:00,5,9,4,15,30,130,55.0,"00, CHAVE (AVENUE)",,,Plein jour,En agglomération,Hors intersection,Normale,Autre collision,,,,,,,,,,,1,2,1,1,6
200500057261,0005-09-01 17:30:00,5,9,1,17,30,130,55.0,INDETERMINE (VOIE),,,Plein jour,Hors agglomération,Hors intersection,Normale,Deux véhicules - côté,,,,,,,,,,,1,1,1,1,3
200500057262,0005-09-04 07:45:00,5,9,4,7,45,130,55.0,LOUISIANE (BD DE),,,Plein jour,En agglomération,Hors intersection,Normale,Deux véhicules - arrière,,,,,,,,,,,1,2,1,1,2
200500057263,0005-09-08 06:00:00,5,9,8,6,0,130,55.0,"220, MADRAGUE VI (RUE)",,,Nuit avec éclairage allumé,En agglomération,Hors intersection,Pluie forte,Deux véhicules - arrière,,,,,,,,,,,5,2,1,3,2
200500057264,0005-09-07 20:10:00,5,9,7,20,10,130,2.0,CUCCA (AV ETIENNE),,,Nuit avec éclairage allumé,En agglomération,Hors intersection,Normale,Sans collision,,,,,,,,,,,5,2,1,1,7
200500057265,0005-09-02 07:42:00,5,9,2,7,42,130,55.0,HENRI BARNIER (ROND POIN,,,Plein jour,En agglomération,Hors intersection,Normale,Autre collision,,,,,,,,,,,1,2,1,1,6
200500057266,0005-09-09 08:30:00,5,9,9,8,30,130,2.0,SEPTIEME-TIRAILLEURS (AV,,,Plein jour,En agglomération,Hors intersection,Normale,Deux véhicules - arrière,,,,,,,,,,,1,2,1,1,2
200500057267,0005-09-07 10:50:00,5,9,7,10,50,130,75.0,LIBERATION (AV DE LA),,,Plein jour,En agglomération,Intersection en T,Normale,Deux véhicules - côté,,,,,,,,,,,1,2,3,1,3
200500057268,0005-09-08 03:00:00,5,9,8,3,0,130,55.0,"06, JEAN BOUIN (AVENUE)",,,Nuit avec éclairage allumé,En agglomération,Hors intersection,Pluie légère,Autre collision,,,,,,,,,,,5,2,1,2,6
200500057269,0005-09-12 21:55:00,5,9,12,21,55,130,55.0,"344, SAINT ANTOI (AVENUE",,,Nuit avec éclairage allumé,En agglomération,Intersection en T,Normale,Deux véhicules - côté,,,,,,,,,,,5,2,3,1,3
200500057270,0005-09-13 08:30:00,5,9,13,8,30,130,55.0,"38, PUVIS DE CHAVANNES (",,,Plein jour,En agglomération,Hors intersection,Normale,Autre collision,,,,,,,,,,,1,2,1,1,6
200500057271,0005-09-07 17:35:00,5,9,7,17,35,130,55.0,"46, SAINT BARNABE (AVENU",,,Plein jour,En agglomération,Hors intersection,Normale,Autre collision,,,,,,,,,,,1,2,1,1,6
200500057272,0005-09-08 19:45:00,5,9,8,19,45,130,55.0,"96, CAPELETTE (AV DE LA",,,Crépuscule ou aube,En agglomération,Intersection en T,Pluie légère,Autre collision,,,,,,,,,,,2,2,3,2,6
200500057273,0005-09-06 17:15:00,5,9,6,17,15,130,55.0,"V/Vis 50, MICHELET (BD)",,,Plein jour,En agglomération,Hors intersection,Temps couvert,Sans collision,,,,,,,,,,,1,2,1,8,7
200500057274,0005-09-05 21:30:00,5,9,5,21,30,130,55.0,PARADIS (RUE),,,Nuit avec éclairage allumé,En agglomération,Intersection à plus de 4 branches,Normale,Trois véhicules et plus - collisions multiples,,,,,,,,,,,5,2,5,1,5
200500057275,0005-09-09 09:00:00,5,9,9,9,0,130,55.0,"38, JEAN MOULIN (BD)",,,Plein jour,En agglomération,Hors intersection,Normale,Deux véhicules - arrière,,,,,,,,,,,1,2,1,1,2
200500057276,0005-09-03 11:00:00,5,9,3,11,0,130,55.0,LEON LACHAMP (ROUTE),,,Plein jour,En agglomération,Hors intersection,Normale,Sans collision,,,,,,,,,,,1,2,1,1,7
200500057277,0005-09-01 15:35:00,5,9,1,15,35,130,55.0,"125, PRADO (AVENUE)",,,Plein jour,En agglomération,Hors intersection,Normale,Deux véhicules - arrière,,,,,,,,,,,1,2,1,1,2
200500057278,0005-09-12 18:00:00,5,9,12,18,0,130,55.0,"00, JEAN FRANCOIS LECA (",,,Plein jour,En agglomération,Hors intersection,Normale,Autre collision,,,,,,,,,,,1,2,1,1,6
200500057279,0005-09-05 09:30:00,5,9,5,9,30,130,55.0,TASSIGNY  DE LATTRE DE (,,,Plein jour,En agglomération,Intersection en T,Normale,Deux véhicules - côté,,,,,,,,,,,1,2,3,1,3
200500057280,0005-09-10 15:05:00,5,9,10,15,5,130,55.0,SAINT MITRE (CHEMIN DE),,,Plein jour,En agglomération,Hors intersection,Normale,Deux véhicules - côté,,,,,,,,,,,1,2,1,1,3
200500057281,0005-09-10 19:00:00,5,9,10,19,0,130,55.0,SAINT ANTOI (AVENUE DE),,,Plein jour,En agglomération,Hors intersection,Normale,Deux véhicules - côté,,,,,,,,,,,1,2,1,1,3
200500057282,0005-09-02 19:35:00,5,9,2,19,35,130,55.0,", CABOT (BD)",,,Plein jour,En agglomération,Intersection en T,Normale,Deux véhicules - côté,,,,,,,,,,,1,2,3,1,3
200500057283,0005-09-04 13:20:00,5,9,4,13,20,130,55.0,"100, SAINT MARCEL (AV DE",,,Plein jour,En agglomération,Hors intersection,Normale,Autre collision,,,,,,,,,,,1,2,1,1,6
200500057284,0005-09-10 13:25:00,5,9,10,13,25,130,55.0,LAZARET (QUAI DU),,,Plein jour,En agglomération,Hors intersection,Normale,Deux véhicules - côté,,,,,,,,,,,1,2,1,1,3
200500057285,0005-09-07 07:10:00,5,9,7,7,10,130,55.0,"93, CRIMEE (RUE DE)",,,Plein jour,En agglomération,Hors intersection,Normale,Deux véhicules - arrière,,,,,,,,,,,1,2,1,1,2
200500057286,0005-09-11 15:15:00,5,9,11,15,15,130,55.0,"527, MADRAGUE VI (RUE)",,,Plein jour,En agglomération,Hors intersection,Normale,Deux véhicules - côté,,,,,,,,,,,1,2,1,1,3
200500057287,0005-09-11 21:50:00,5,9,11,21,50,130,55.0,"411, MIMET (CHEMIN DE)",,,Nuit avec éclairage allumé,En agglomération,Autre intersection,Normale,Deux véhicules - côté,,,,,,,,,,,5,2,9,1,3
200500057288,0005-09-07 06:00:00,5,9,7,6,0,130,55.0,"04, CATALANS (RUE DES)",,,Nuit avec éclairage allumé,En agglomération,Intersection en T,Temps couvert,Deux véhicules - côté,,,,,,,,,,,5,2,3,8,3
200500057289,0005-09-09 16:15:00,5,9,9,16,15,130,55.0,"16, JAURES (PLACE JEAN)",,,Plein jour,En agglomération,Hors intersection,Normale,Autre collision,,,,,,,,,,,1,2,1,1,6
200500057290,0005-09-05 00:10:00,5,9,5,0,10,130,55.0,LAZARET (QUAI DU),,,Nuit avec éclairage allumé,En agglomération,Hors intersection,Normale,Deux véhicules - arrière,,,,,,,,,,,5,2,1,1,2
200500057291,0005-09-10 13:20:00,5,9,10,13,20,130,55.0,SAINT JEAN DU DESERT (RU,,,Plein jour,En agglomération,Autre intersection,Normale,Deux véhicules - arrière,,,,,,,,,,,1,2,9,1,2
200500057292,0005-09-15 15:25:00,5,9,15,15,25,130,55.0,"130, COROT (AVENUE)",,,Plein jour,En agglomération,Hors intersection,Normale,Deux véhicules - côté,,,,,,,,,,,1,2,1,1,3
200500057293,0005-09-08 17:00:00,5,9,8,17,0,130,55.0,"00, MIRABEAU (BD)",,,Crépuscule ou aube,En agglomération,Hors intersection,Normale,Autre collision,,,,,,,,,,,2,2,1,1,6
200500057294,0005-09-13 10:20:00,5,9,13,10,20,130,55.0,"53, CAPITAINE GEZE (BD)",,,Plein jour,En agglomération,Hors intersection,Normale,Deux véhicules - côté,,,,,,,,,,,1,2,1,1,3
200500057295,0005-09-13 19:00:00,5,9,13,19,0,130,55.0,"431, SAINT PIERRE (RUE)",,,Plein jour,En agglomération,Hors intersection,Normale,Deux véhicules - arrière,,,,,,,,,,,1,2,1,1,2
200500057296,0005-09-09 10:20:00,5,9,9,10,20,130,55.0,VIVAUX (PLACE DE),,,Plein jour,En agglomération,Hors intersection,Normale,Deux véhicules - arrière,,,,,,,,,,,1,2,1,1,2
200500057297,0005-09-12 12:10:00,5,9,12,12,10,130,55.0,"151, DAN. CASANOVA (BD)",,,Plein jour,En agglomération,Hors intersection,Normale,Deux véhicules - côté,,,,,,,,,,,1,2,1,1,3
200500057298,0005-09-09 22:30:00,5,9,9,22,30,130,55.0,"00, SAINT LOUP (BD DE)",,,Nuit avec éclairage allumé,En agglomération,Hors intersection,Normale,Deux véhicules - arrière,,,,,,,,,,,5,2,1,1,2
200500057299,0005-09-11 13:30:00,5,9,11,13,30,130,55.0,BARNIERE (BD),,,Plein jour,En agglomération,Intersection en X,Normale,Deux véhicules - côté,,,,,,,,,,,1,2,2,1,3
200500057300,0005-09-18 02:00:00,5,9,18,2,0,130,55.0,"82/86, ST LOUIS AU ROVE",,,Nuit avec éclairage allumé,En agglomération,Giratoire,Normale,Autre collision,,,,,,,,,,,5,2,6,1,6
200500057301,0005-09-16 18:40:00,5,9,16,18,40,130,55.0,PARANGON (TRAVERSE),,,Plein jour,En agglomération,Hors intersection,Normale,Autre collision,,,,,,,,,,,1,2,1,1,6
200500057302,0005-09-13 07:45:00,5,9,13,7,45,130,55.0,SAINT LAURENT (RUE),,,Crépuscule ou aube,En agglomération,Hors intersection,Normale,Deux véhicules - côté,,,,,,,,,,,2,2,1,1,3
200500057303,0005-09-16 22:05:00,5,9,16,22,5,130,55.0,ROSE (AVENUE DE LA),,,Nuit avec éclairage allumé,En agglomération,Intersection en T,Normale,Deux véhicules - côté,,,,,,,,,,,5,2,3,1,3
200500057304,0005-09-18 17:45:00,5,9,18,17,45,130,55.0,", BOURRELY (CHEMIN DES)",,,Plein jour,En agglomération,Hors intersection,Temps couvert,Autre collision,,,,,,,,,,,1,2,1,8,6
200500057305,0005-09-11 14:55:00,5,9,11,14,55,130,55.0,LIBERATION (BD),,,Plein jour,En agglomération,Hors intersection,Normale,Autre collision,,,,,,,,,,,1,2,1,1,6
200500057306,0005-09-12 20:00:00,5,9,12,20,0,130,55.0,CANEBIERE (LA)     70 A,,,Crépuscule ou aube,En agglomération,Hors intersection,Normale,Autre collision,,,,,,,,,,,2,2,1,1,6
200500057307,0005-09-12 15:00:00,5,9,12,15,0,130,55.0,"88, BLANCARDE (BD)",,,Plein jour,En agglomération,Hors intersection,Normale,Autre collision,,,,,,,,,,,1,2,1,1,6
200500057308,0005-09-15 22:50:00,5,9,15,22,50,130,55.0,"2, CAILLOLS (AVENUE DES)",,,Nuit avec éclairage allumé,En agglomération,Intersection en X,Normale,Sans collision,,,,,,,,,,,5,2,2,1,7
200500057309,0005-09-13 11:30:00,5,9,13,11,30,130,55.0,PLOMBIERES AERIEN,,,Plein jour,En agglomération,Hors intersection,Normale,Deux véhicules - arrière,,,,,,,,,,,1,2,1,1,2
200500057310,0005-09-13 16:30:00,5,9,13,16,30,130,55.0,", LIBERATION (BD)",,,Plein jour,En agglomération,Hors intersection,Autre,Deux véhicules - arrière,,,,,,,,,,,1,2,1,9,2
200500057311,0005-09-13 12:30:00,5,9,13,12,30,130,55.0,ALLENDE SALVATOR (AV),,,Plein jour,En agglomération,Intersection en T,Pluie légère,Deux véhicules - côté,,,,,,,,,,,1,2,3,2,3
200500057312,0005-09-13 17:40:00,5,9,13,17,40,130,55.0,VITON (AVENUE),,,Plein jour,En agglomération,Hors intersection,Normale,Deux véhicules - côté,,,,,,,,,,,1,2,1,1,3
200500057313,0005-09-13 19:50:00,5,9,13,19,50,130,55.0,MAZARGUES (AV DE),,,Nuit avec éclairage allumé,En agglomération,Hors intersection,Normale,Deux véhicules - côté,,,,,,,,,,,5,2,1,1,3
200500057314,0005-09-13 09:00:00,5,9,13,9,0,130,55.0,"19, RAYMOND TEISSERE (RU",,,Plein jour,En agglomération,Hors intersection,Normale,Deux véhicules - arrière,,,,,,,,,,,1,2,1,1,2
200500057315,0005-09-13 12:15:00,5,9,13,12,15,130,55.0,"42, RABATAU (BD)",,,Plein jour,En agglomération,Hors intersection,Normale,Autre collision,,,,,,,,,,,1,2,1,1,6
200500057316,0005-09-14 12:40:00,5,9,14,12,40,130,55.0,"192, PRADO (AVENUE)",,,Plein jour,En agglomération,Hors intersection,Normale,Autre collision,,,,,,,,,,,1,2,1,1,6
200500057317,0005-09-17 15:25:00,5,9,17,15,25,130,75.0,"00, SIRVENT (AV PAUL)",,,Plein jour,En agglomération,Hors intersection,Normale,Trois véhicules et plus - collisions multiples,,,,,,,,,,,1,2,1,1,5
200500057318,0005-09-12 11:45:00,5,9,12,11,45,130,55.0,BOISERAIE (RUE),,,Plein jour,En agglomération,Hors intersection,Normale,Deux véhicules - frontale,,,,,,,,,,,1,2,1,1,1
200500057319,0005-09-16 19:40:00,5,9,16,19,40,130,55.0,PINATEL (BD),,,Crépuscule ou aube,En agglomération,Intersection en X,Normale,Deux véhicules - côté,,,,,,,,,,,2,2,2,1,3
200500057320,0005-09-16 14:10:00,5,9,16,14,10,130,55.0,"263, POILUS (AVENUE DES)",,,Plein jour,En agglomération,Hors intersection,Normale,Deux véhicules - côté,,,,,,,,,,,1,2,1,1,3
200500057321,0005-09-14 13:45:00,5,9,14,13,45,130,55.0,GABRIEL MARIE (RUE),,,Plein jour,En agglomération,Autre intersection,Normale,Deux véhicules - arrière,,,,,,,,,,,1,2,9,1,2
200500057322,0005-09-06 11:40:00,5,9,6,11,40,130,55.0,", VALBARELLE (BD DE LA)",,,Plein jour,En agglomération,Hors intersection,Pluie légère,Deux véhicules - arrière,,,,,,,,,,,1,2,1,2,2
200500057323,0005-09-11 22:45:00,5,9,11,22,45,130,55.0,ELLEON (AVENUE),,,Nuit sans éclairage public,En agglomération,Hors intersection,Normale,Autre collision,,,,,,,,,,,3,2,1,1,6
200500057324,0005-09-12 08:45:00,5,9,12,8,45,130,55.0,LOUIS BONNEFON (PLACE),,,Plein jour,En agglomération,Hors intersection,Normale,Deux véhicules - arrière,,,,,,,,,,,1,2,1,1,2
200500057325,0005-09-08 16:00:00,5,9,8,16,0,130,55.0,ZENATTI (AVE ANDRE),,,Plein jour,En agglomération,Intersection en X,Temps couvert,Deux véhicules - côté,,,,,,,,,,,1,2,2,8,3
200500057326,0005-09-15 14:40:00,5,9,15,14,40,130,75.0,"74, CHEVILLON (AV FREDER",,,Plein jour,En agglomération,Hors intersection,Normale,Autre collision,,,,,,,,,,,1,2,1,1,6
200500057327,0005-09-19 14:15:00,5,9,19,14,15,130,55.0,ROY D4ESPAGNE (CHEMIN DU,,,Plein jour,En agglomération,Hors intersection,Temps couvert,Deux véhicules - arrière,,,,,,,,,,,1,2,1,8,2
200500057328,0005-09-20 14:00:00,5,9,20,14,0,130,55.0,"8, JEAN LOMBARD (AVENUE)",,,Plein jour,En agglomération,Hors intersection,Normale,Deux véhicules - arrière,,,,,,,,,,,1,2,1,1,2
200500057329,0005-09-01 18:30:00,5,9,1,18,30,130,55.0,"00, MAZARGUES (AV DE)",,,Crépuscule ou aube,En agglomération,Hors intersection,Normale,Autre collision,,,,,,,,,,,2,2,1,1,6
200500057330,0005-09-11 16:45:00,5,9,11,16,45,130,55.0,", MORGIOU (CHEMIN DE)",,,Plein jour,En agglomération,Hors intersection,Normale,Deux véhicules - frontale,,,,,,,,,,,1,2,1,1,1
200500057331,0005-09-21 12:50:00,5,9,21,12,50,130,55.0,CHARLES LIVON (BD),,,Plein jour,En agglomération,Autre intersection,Normale,Deux véhicules - côté,,,,,,,,,,,1,2,9,1,3
200500057332,0005-09-16 11:38:00,5,9,16,11,38,130,55.0,"389, LYON (RUE DE)",,,Plein jour,En agglomération,Intersection en X,Normale,Autre collision,,,,,,,,,,,1,2,2,1,6
200500057333,0005-09-10 13:00:00,5,9,10,13,0,130,55.0,LYON (RUE DE),,,Plein jour,En agglomération,Hors intersection,Normale,Deux véhicules - côté,,,,,,,,,,,1,2,1,1,3
200500057334,0005-09-16 11:20:00,5,9,16,11,20,130,55.0,", SAINT MENET (AVENUE DE",,,Plein jour,En agglomération,Intersection en X,Normale,Deux véhicules - arrière,,,,,,,,,,,1,2,2,1,2
200500057335,0005-09-16 17:00:00,5,9,16,17,0,130,55.0,"363, SAINT ANTOI (AVENUE",,,Plein jour,En agglomération,Hors intersection,Normale,Deux véhicules - frontale,,,,,,,,,,,1,2,1,1,1
200500057336,0005-09-14 07:10:00,5,9,14,7,10,130,55.0,"41, PADOUANE (BD DE LA)",,,Plein jour,En agglomération,Hors intersection,Normale,Autre collision,,,,,,,,,,,1,2,1,1,6
200500057337,0005-09-15 08:30:00,5,9,15,8,30,130,55.0,"327, MADRAGUE VI (RUE)",,,Plein jour,En agglomération,Intersection en Y,Normale,Sans collision,,,,,,,,,,,1,2,4,1,7
200500057338,0005-09-07 18:00:00,5,9,7,18,0,130,55.0,"14, PRADO (AVENUE DU)",,,Plein jour,En agglomération,Hors intersection,Normale,Autre collision,,,,,,,,,,,1,2,1,1,6
200500057339,0005-09-15 15:15:00,5,9,15,15,15,130,55.0,"25, SAINT ANTOI (AVENUE",,,Plein jour,En agglomération,Hors intersection,Normale,Deux véhicules - côté,,,,,,,,,,,1,2,1,1,3
200500057340,0005-09-14 12:30:00,5,9,14,12,30,130,55.0,ALBERT EINSTEIN (RUE),,,Plein jour,En agglomération,Hors intersection,Normale,Deux véhicules - côté,,,,,,,,,,,1,2,1,1,3
200500057341,0005-09-19 20:40:00,5,9,19,20,40,130,55.0,GINESTE (COL DE LA),,,Nuit sans éclairage public,Hors agglomération,Hors intersection,Normale,Deux véhicules - côté,,,,,,,,,,,3,1,1,1,3
200500057342,0005-09-01 15:30:00,5,9,1,15,30,130,55.0,"58, BOISBAUDRAN (AVE)",,,Plein jour,En agglomération,Intersection en T,Normale,Autre collision,,,,,,,,,,,1,2,3,1,6
200500057343,0005-09-20 15:45:00,5,9,20,15,45,130,55.0,"293, SAINT PIERRE (RUE)",,,Plein jour,En agglomération,Hors intersection,Normale,Deux véhicules - arrière,,,,,,,,,,,1,2,1,1,2
200500057344,0005-09-22 15:30:00,5,9,22,15,30,130,55.0,"322, ROLLAND (BD ROMAIN)",,,Plein jour,En agglomération,Hors intersection,Normale,Deux véhicules - arrière,,,,,,,,,,,1,2,1,1,2
200500057345,0005-09-22 17:45:00,5,9,22,17,45,130,55.0,BARASSE (BD DE LA),,,Plein jour,En agglomération,Intersection en T,Normale,Trois véhicules et plus - collisions multiples,,,,,,,,,,,1,2,3,1,5
200500057346,0005-09-17 12:03:00,5,9,17,12,3,130,55.0,"00, JEAN JAURES (BD)",,,Plein jour,En agglomération,Hors intersection,Normale,Autre collision,,,,,,,,,,,1,2,1,1,6
200500057347,0005-09-09 12:50:00,5,9,9,12,50,130,55.0,", GARLABAN (AVENUE DE)",,,Plein jour,En agglomération,Hors intersection,Normale,Trois véhicules et plus - en chaîne,,,,,,,,,,,1,2,1,1,4
200500057348,0005-09-18 01:20:00,5,9,18,1,20,130,55.0,"161-163, RABATAU (BD)",,,Nuit avec éclairage allumé,En agglomération,Hors intersection,Normale,Autre collision,,,,,,,,,,,5,2,1,1,6
200500057349,0005-09-13 14:45:00,5,9,13,14,45,130,55.0,"176, ROME (RUE DE)",,,Plein jour,En agglomération,Hors intersection,Normale,Autre collision,,,,,,,,,,,1,2,1,1,6
200500057350,0005-09-16 13:00:00,5,9,16,13,0,130,55.0,DAMES (BD DES),,,Plein jour,En agglomération,Hors intersection,Normale,Deux véhicules - arrière,,,,,,,,,,,1,2,1,1,2
200500057351,0005-09-06 18:30:00,5,9,6,18,30,130,55.0,"378, MAZARGUES (AVENUE D",,,Plein jour,En agglomération,Intersection en T,Normale,Deux véhicules - côté,,,,,,,,,,,1,2,3,1,3
200500057352,0005-09-21 14:00:00,5,9,21,14,0,130,55.0,CLOT BEY (AVENUE),,,Plein jour,En agglomération,Autre intersection,Normale,Deux véhicules - côté,,,,,,,,,,,1,2,9,1,3
200500057353,0005-09-06 11:51:00,5,9,6,11,51,130,55.0,"213, PRADO (AVENUE DU)",,,Plein jour,En agglomération,Hors intersection,Temps couvert,Autre collision,,,,,,,,,,,1,2,1,8,6
200500057354,0005-09-18 06:00:00,5,9,18,6,0,130,55.0,"375, PRADO (AVENUE)",,,Nuit avec éclairage allumé,En agglomération,Hors intersection,Normale,Deux véhicules - arrière,,,,,,,,,,,5,2,1,1,2
200500057355,0005-09-16 15:00:00,5,9,16,15,0,130,55.0,MICHELET (BD),,,Plein jour,En agglomération,Hors intersection,Normale,Deux véhicules - côté,,,,,,,,,,,1,2,1,1,3
200500057356,0005-09-12 12:00:00,5,9,12,12,0,130,55.0,"44, RABATAU (BD)",,,Plein jour,En agglomération,Hors intersection,Normale,Deux véhicules - arrière,,,,,,,,,,,1,2,1,1,2
200500057357,0005-09-21 09:00:00,5,9,21,9,0,130,55.0,"1, FABRIQUE (BD DE LA)",,,Plein jour,En agglomération,Intersection en T,Normale,Autre collision,,,,,,,,,,,1,2,3,1,6
200500057358,0005-09-20 19:50:00,5,9,20,19,50,130,55.0,DOIZE (RUE),,,Nuit avec éclairage allumé,En agglomération,Hors intersection,Normale,Deux véhicules - côté,,,,,,,,,,,5,2,1,1,3
200500057359,0005-09-20 14:01:00,5,9,20,14,1,130,55.0,"131, LAUZE  (BD MIREILLE",,,Plein jour,En agglomération,Intersection en T,Normale,Deux véhicules - frontale,,,,,,,,,,,1,2,3,1,1
200500057360,0005-09-18 23:20:00,5,9,18,23,20,130,55.0,", SAKAKINI (BD)",,,Nuit avec éclairage allumé,En agglomération,Hors intersection,Pluie légère,Deux véhicules - arrière,,,,,,,,,,,5,2,1,2,2
200500057361,0005-09-19 11:05:00,5,9,19,11,5,130,55.0,PAUL COXE (RUE),,,Plein jour,En agglomération,Intersection en T,Temps couvert,Deux véhicules - arrière,,,,,,,,,,,1,2,3,8,2
200500057362,0005-09-10 12:40:00,5,9,10,12,40,130,55.0,RAYMOND TEISSERE (RUE),,,Plein jour,En agglomération,Intersection en T,Normale,Deux véhicules - frontale,,,,,,,,,,,1,2,3,1,1
200500057363,0005-09-25 16:10:00,5,9,25,16,10,130,55.0,BELSUNCE (COURS),,,Plein jour,En agglomération,Hors intersection,Normale,Autre collision,,,,,,,,,,,1,2,1,1,6
200500057364,0005-09-25 05:20:00,5,9,25,5,20,130,55.0,"00, FR. DUPARC (BD)",,,Nuit avec éclairage allumé,En agglomération,Intersection en X,Temps couvert,Sans collision,,,,,,,,,,,5,2,2,8,7
200500057365,0005-09-08 19:20:00,5,9,8,19,20,130,55.0,"56, VILLECROZE LOUIS (BD",,,Plein jour,En agglomération,Hors intersection,Normale,Deux véhicules - arrière,,,,,,,,,,,1,2,1,1,2
200500057366,0005-09-13 10:50:00,5,9,13,10,50,130,55.0,"31, ANATOLE DE LA FORGE",,,Plein jour,En agglomération,Hors intersection,Normale,Deux véhicules - arrière,,,,,,,,,,,1,2,1,1,2
200500057367,0005-09-17 08:55:00,5,9,17,8,55,130,55.0,PROSPER MERIME (AVENUE),,,Plein jour,En agglomération,Hors intersection,Normale,Deux véhicules - côté,,,,,,,,,,,1,2,1,1,3
200500057368,0005-09-12 11:50:00,5,9,12,11,50,130,55.0,"302 bis, NATIONAL (BD)",,,Plein jour,En agglomération,Hors intersection,Normale,Deux véhicules - côté,,,,,,,,,,,1,2,1,1,3
200500057369,0005-09-15 18:20:00,5,9,15,18,20,130,55.0,"360, POILUS (AVENUE DES)",,,Plein jour,En agglomération,Hors intersection,Normale,Deux véhicules - côté,,,,,,,,,,,1,2,1,1,3
200500057370,0005-09-21 18:10:00,5,9,21,18,10,130,55.0,"220, PRADO (AVENUE)",,,Plein jour,En agglomération,Hors intersection,Normale,Autre collision,,,,,,,,,,,1,2,1,1,6
200500057371,0005-09-21 15:40:00,5,9,21,15,40,130,55.0,"35, CONCORDE (BD DE LA)",,,Plein jour,En agglomération,Hors intersection,Normale,Trois véhicules et plus - collisions multiples,,,,,,,,,,,1,2,1,1,5
200500057372,0005-09-10 18:15:00,5,9,10,18,15,130,55.0,LIBERATION (BD),,,Plein jour,En agglomération,Hors intersection,Pluie forte,Autre collision,,,,,,,,,,,1,2,1,3,6
200500057373,0005-09-21 17:30:00,5,9,21,17,30,130,2.0,CANTON-VERT (AV DU),,,Plein jour,En agglomération,Hors intersection,Normale,Deux véhicules - arrière,,,,,,,,,,,1,2,1,1,2
200500057374,0005-09-16 06:15:00,5,9,16,6,15,130,55.0,BASSINS DE RADOUB (BD DE,,,Nuit avec éclairage allumé,En agglomération,Hors intersection,Normale,Autre collision,,,,,,,,,,,5,2,1,1,6
200500057375,0005-09-14 13:50:00,5,9,14,13,50,130,55.0,FRANCOISE DUPARC (BD),,,Plein jour,En agglomération,Hors intersection,Normale,Autre collision,,,,,,,,,,,1,2,1,1,6
200500057376,0005-09-14 17:35:00,5,9,14,17,35,130,55.0,CONCEPTION (RUE DE LA),,,Plein jour,En agglomération,Hors intersection,Normale,Autre collision,,,,,,,,,,,1,2,1,1,6
200500057377,0005-09-15 12:15:00,5,9,15,12,15,130,55.0,"19, CONVALESCENTS (RUE D",,,Plein jour,En agglomération,Hors intersection,Normale,Autre collision,,,,,,,,,,,1,2,1,1,6