accident_id,datetime,annee,mois,jour,heure,minute,departement,commune_insee,adresse,latitude,longitude,luminosite,agglomeration,intersection,meteo,collision,nb_vehicules,nb_usagers,nb_indemnes,nb_tues,nb_blesses_hosp,nb_blesses_legers,age_cond_1,age_cond_2,veh_type_cond_1,veh_type_cond_2,lum_code,agg_code,int_code,atm_code,col_code
200500057378,0005-09-16 09:00:00,5,9,16,9,0,130,55.0,JEAN MOULIN (BD),,,Plein jour,En agglomération,Autre intersection,Normale,Deux véhicules - arrière,,,,,,,,,,,1,2,9,1,2
200500057379,0005-09-08 21:15:00,5,9,8,21,15,130,55.0,"225, AYGALADES (AV DES)",,,Crépuscule ou aube,En agglomération,Hors intersection,Pluie légère,Deux véhicules - arrière,,,,,,,,,,,2,2,1,2,2
200500057380,0005-09-19 17:35:00,5,9,19,17,35,130,55.0,SAINT ANTOINE (AV DE),,,Nuit avec éclairage allumé,En agglomération,Hors intersection,Normale,Autre collision,,,,,,,,,,,5,2,1,1,6
200500057381,0005-09-11 10:00:00,5,9,11,10,0,130,55.0,TROIS FRERE (RUE DES),,,Plein jour,En agglomération,Intersection en X,Normale,Deux véhicules - côté,,,,,,,,,,,1,2,2,1,3
200500057382,0005-09-20 11:10:00,5,9,20,11,10,130,55.0,DELPHES (AVENUE DE),,,Plein jour,En agglomération,Hors intersection,Normale,Autre collision,,,,,,,,,,,1,2,1,1,6
200500057383,0005-09-24 08:40:00,5,9,24,8,40,130,55.0,ALTERAS (BD),,,Plein jour,En agglomération,Intersection en X,Normale,Deux véhicules - côté,,,,,,,,,,,1,2,2,1,3
200500057384,0005-09-09 17:30:00,5,9,9,17,30,130,55.0,MARCEL ACHILLE (BD),,,Plein jour,En agglomération,Hors intersection,Normale,Deux véhicules - arrière,,,,,,,,,,,1,2,1,1,2
200500057385,0005-09-24 14:10:00,5,9,24,14,10,130,55.0,"24, FRAIS VALLO (AVENUE)",,,Plein jour,En agglomération,Intersection en T,Normale,Trois véhicules et plus - collisions multiples,,,,,,,,,,,1,2,3,1,5
200500057386,0005-09-24 17:01:00,5,9,24,17,1,130,55.0,MONTREDON (AVENUE DE),,,Plein jour,En agglomération,Hors intersection,Normale,Deux véhicules - côté,,,,,,,,,,,1,2,1,1,3
200500057387,0005-09-26 08:31:00,5,9,26,8,31,130,55.0,CLOT BEY (AVENUE),,,Plein jour,En agglomération,Hors intersection,Normale,Autre collision,,,,,,,,,,,1,2,1,1,6
200500057388,0005-09-21 16:00:00,5,9,21,16,0,130,55.0,CANEBIERE (LA)     70 A,,,Plein jour,En agglomération,Intersection en X,Normale,Deux véhicules - côté,,,,,,,,,,,1,2,2,1,3
200500057389,0005-09-22 09:20:00,5,9,22,9,20,130,55.0,"367, MADRAGUE VI (RUE)",,,Plein jour,En agglomération,Hors intersection,Normale,Deux véhicules - arrière,,,,,,,,,,,1,2,1,1,2
200500057390,0005-09-16 14:20:00,5,9,16,14,20,130,55.0,"33, GAMBETTA (ALLEE LEON",,,Plein jour,En agglomération,Hors intersection,Normale,Deux véhicules - côté,,,,,,,,,,,1,2,1,1,3
200500057391,0005-09-22 09:10:00,5,9,22,9,10,130,55.0,PRADO (AVENUE DU),,,Plein jour,En agglomération,Hors intersection,Normale,Autre collision,,,,,,,,,,,1,2,1,1,6
200500057392,0005-09-20 18:30:00,5,9,20,18,30,130,55.0,PEINTRES-ROUX (AV DES),,,Plein jour,En agglomération,Hors intersection,Normale,Deux véhicules - arrière,,,,,,,,,,,1,2,1,1,2
200500057393,0005-09-07 12:40:00,5,9,7,12,40,130,55.0,"274, MIREILLE LAUZE (BD)",,,Plein jour,En agglomération,Hors intersection,Pluie légère,Sans collision,,,,,,,,,,,1,2,1,2,7
200500057394,0005-09-22 11:25:00,5,9,22,11,25,130,55.0,MICHELET (BD),,,Plein jour,En agglomération,Hors intersection,Temps éblouissant,Deux véhicules - côté,,,,,,,,,,,1,2,1,7,3
200500057395,0005-09-21 09:01:00,5,9,21,9,1,130,55.0,PEINTRES RO (AVENUE DES),,,Plein jour,En agglomération,Hors intersection,Normale,Deux véhicules - côté,,,,,,,,,,,1,2,1,1,3
200500057396,0005-09-22 07:50:00,5,9,22,7,50,130,55.0,", RABATAU (BD)",,,Plein jour,En agglomération,Hors intersection,Normale,Deux véhicules - côté,,,,,,,,,,,1,2,1,1,3
200500057397,0005-09-12 12:30:00,5,9,12,12,30,130,55.0,MONTRE (TRAVERSE DE LA),,,Plein jour,En agglomération,Hors intersection,Normale,Deux véhicules - arrière,,,,,,,,,,,1,2,1,1,2
200500057398,0005-09-01 16:40:00,5,9,1,16,40,130,55.0,CHARLES MORETTI (BD),,,Plein jour,En agglomération,Hors intersection,Normale,Deux véhicules - arrière,,,,,,,,,,,1,2,1,1,2
200500057399,0005-09-21 11:31:00,5,9,21,11,31,130,55.0,"576, LITTORAL (CHEMIN DU",,,Plein jour,En agglomération,Hors intersection,Normale,Deux véhicules - arrière,,,,,,,,,,,1,2,1,1,2
200500057400,0005-09-03 10:20:00,5,9,3,10,20,130,55.0,"267, SAINT LOUIS (RUE)",,,Plein jour,En agglomération,Intersection en T,Normale,Deux véhicules - côté,,,,,,,,,,,1,2,3,1,3
200500057401,0005-09-02 20:30:00,5,9,2,20,30,130,55.0,"25, ROLAND DORGELES (BD)",,,Plein jour,En agglomération,Autre intersection,Normale,Deux véhicules - frontale,,,,,,,,,,,1,2,9,1,1
200500057402,0005-09-22 17:46:00,5,9,22,17,46,130,55.0,", POURRIERE (TRAVERSE)",,,Plein jour,En agglomération,Hors intersection,Normale,Deux véhicules - côté,,,,,,,,,,,1,2,1,1,3
200500057403,0005-09-10 13:01:00,5,9,10,13,1,130,55.0,"150, LOUBON (RUE)",,,Plein jour,En agglomération,Hors intersection,Normale,Autre collision,,,,,,,,,,,1,2,1,1,6
200500057404,0005-09-06 11:10:00,5,9,6,11,10,130,55.0,"287, MADRAGUE VI (RUE)",,,Plein jour,En agglomération,Intersection en T,Pluie forte,Deux véhicules - côté,,,,,,,,,,,1,2,3,3,3
200500057405,0005-09-27 10:00:00,5,9,27,10,0,130,55.0,"72, TASSIGNY  DE LATTRE",,,Plein jour,En agglomération,Hors intersection,Normale,Deux véhicules - arrière,,,,,,,,,,,1,2,1,1,2
200500057406,0005-09-04 23:35:00,5,9,4,23,35,130,55.0,", MONTREDON (AVENUE DE)",,,Nuit avec éclairage non allumé,En agglomération,Autre intersection,Normale,Autre collision,,,,,,,,,,,4,2,9,1,6
200500057407,0005-09-23 09:30:00,5,9,23,9,30,130,55.0,EOURES (MONTEE D' ),,,Plein jour,En agglomération,Hors intersection,Normale,Autre collision,,,,,,,,,,,1,2,1,1,6
200500057408,0005-09-24 20:00:00,5,9,24,20,0,130,55.0,"000, MOUTON (BD)",,,Plein jour,En agglomération,Hors intersection,Normale,Autre collision,,,,,,,,,,,1,2,1,1,6
200500057409,0005-09-26 11:00:00,5,9,26,11,0,130,55.0,"000, MORGIOU (CHEMIN DE)",,,Plein jour,En agglomération,Hors intersection,Normale,Autre collision,,,,,,,,,,,1,2,1,1,6
200500057410,0005-09-23 10:25:00,5,9,23,10,25,130,55.0,FRANCOIS MIGNET (AVENUE),,,Plein jour,En agglomération,Hors intersection,Normale,Autre collision,,,,,,,,,,,1,2,1,1,6
200500057411,0005-09-22 07:30:00,5,9,22,7,30,130,55.0,MERLAN (AVENUE),,,Plein jour,En agglomération,Intersection en T,Normale,Deux véhicules - côté,,,,,,,,,,,1,2,3,1,3
200500057412,0005-09-09 10:45:00,5,9,9,10,45,130,55.0,MADRAGUE VI (RUE),,,Plein jour,En agglomération,Hors intersection,Normale,Sans collision,,,,,,,,,,,1,2,1,1,7
200500057413,0005-09-22 23:45:00,5,9,22,23,45,130,55.0,ESQUINADE (RUE),,,Nuit sans éclairage public,En agglomération,Hors intersection,Normale,Sans collision,,,,,,,,,,,3,2,1,1,7
200500057414,0005-09-26 07:45:00,5,9,26,7,45,130,55.0,LITTORAL (CHEMIN DU),,,Plein jour,En agglomération,Hors intersection,Normale,Autre collision,,,,,,,,,,,1,2,1,1,6
200500057415,0005-09-15 09:45:00,5,9,15,9,45,130,55.0,ORANGE (RUE D'),,,Plein jour,En agglomération,Intersection en X,Normale,Autre collision,,,,,,,,,,,1,2,2,1,6
200500057416,0005-09-16 12:00:00,5,9,16,12,0,130,55.0,SAINTE MART (CHEMIN DE),,,Plein jour,En agglomération,Hors intersection,Normale,Autre collision,,,,,,,,,,,1,2,1,1,6
200500057417,0005-09-22 12:30:00,5,9,22,12,30,130,55.0,LYON (RUE DE),,,Plein jour,En agglomération,Intersection en T,Normale,Deux véhicules - arrière,,,,,,,,,,,1,2,3,1,2
200500057418,0005-09-10 06:45:00,5,9,10,6,45,130,55.0,"140, DUPARC FRANCOISE (B",,,Crépuscule ou aube,En agglomération,Hors intersection,Normale,Deux véhicules - frontale,,,,,,,,,,,2,2,1,1,1
200500057419,0005-09-08 02:45:00,5,9,8,2,45,130,55.0,BAILLE (BD),,,Nuit avec éclairage allumé,En agglomération,Intersection en X,Normale,Trois véhicules et plus - collisions multiples,,,,,,,,,,,5,2,2,1,5
200500057420,0005-09-29 14:50:00,5,9,29,14,50,130,55.0,"76, TROIS LUCS (AVENUE D",,,Plein jour,En agglomération,Intersection en T,Normale,Deux véhicules - côté,,,,,,,,,,,1,2,3,1,3
200500057421,0005-09-29 22:20:00,5,9,29,22,20,130,55.0,"43, FELIX PYAT (RUE)",,,Nuit avec éclairage allumé,En agglomération,Hors intersection,Normale,Autre collision,,,,,,,,,,,5,2,1,1,6
200500057422,0005-09-28 17:15:00,5,9,28,17,15,130,55.0,AUDIENCE (RUE),,,Plein jour,En agglomération,Hors intersection,Normale,Sans collision,,,,,,,,,,,1,2,1,1,7
200500057423,0005-09-20 20:05:00,5,9,20,20,5,130,55.0,"5, SAINT JEAN (BD)",,,Nuit avec éclairage allumé,En agglomération,Hors intersection,Normale,Autre collision,,,,,,,,,,,5,2,1,1,6
200500057424,0005-09-30 12:01:00,5,9,30,12,1,130,55.0,LIBERATION (BD),,,Plein jour,En agglomération,Hors intersection,Normale,Trois véhicules et plus - en chaîne,,,,,,,,,,,1,2,1,1,4
200500057425,0005-09-30 19:00:00,5,9,30,19,0,130,2.0,"00, SEPTIEME-TIRAILLEURS",,,Plein jour,En agglomération,Hors intersection,Temps éblouissant,Autre collision,,,,,,,,,,,1,2,1,7,6
200500057426,0005-09-30 13:30:00,5,9,30,13,30,130,55.0,"00, LYON (RUE DE)",,,Plein jour,En agglomération,Hors intersection,Normale,Deux véhicules - frontale,,,,,,,,,,,1,2,1,1,1
200500057427,0005-09-23 16:00:00,5,9,23,16,0,130,55.0,"00, PERIER (BD)",,,Plein jour,En agglomération,Hors intersection,Normale,Autre collision,,,,,,,,,,,1,2,1,1,6
200500057428,0005-09-30 23:30:00,5,9,30,23,30,130,55.0,MONTOLIVET (AVENUE DE),,,Nuit avec éclairage allumé,En agglomération,Hors intersection,Normale,Deux véhicules - arrière,,,,,,,,,,,5,2,1,1,2
200500057429,0005-09-20 17:30:00,5,9,20,17,30,130,55.0,"00, VALBARELLE (CHEMIN D",,,Plein jour,En agglomération,Hors intersection,Normale,Deux véhicules - arrière,,,,,,,,,,,1,2,1,1,2
200500057430,0005-09-24 16:31:00,5,9,24,16,31,130,55.0,LOUBON (RUE),,,Plein jour,En agglomération,Hors intersection,Normale,Autre collision,,,,,,,,,,,1,2,1,1,6
200500057431,0005-09-22 00:15:00,5,9,22,0,15,130,55.0,"111, SABLIER (BD DU)",,,Nuit avec éclairage allumé,En agglomération,Hors intersection,Normale,Autre collision,,,,,,,,,,,5,2,1,1,6
200500057432,0005-09-01 08:30:00,5,9,1,8,30,130,55.0,CANEBIERE (LA)     30 A,,,Plein jour,En agglomération,Intersection en X,Normale,Autre collision,,,,,,,,,,,1,2,2,1,6
200500057433,0005-09-21 19:30:00,5,9,21,19,30,130,55.0,"64, ENDOUME (RUE D')",,,Nuit avec éclairage allumé,En agglomération,Hors intersection,Normale,Deux véhicules - côté,,,,,,,,,,,5,2,1,1,3
200500057434,0005-09-05 16:00:00,5,9,5,16,0,130,55.0,PIERRE PARAF (ROND POINT,,,Plein jour,En agglomération,Giratoire,Normale,Deux véhicules - arrière,,,,,,,,,,,1,2,6,1,2
200500057435,0005-09-26 18:50:00,5,9,26,18,50,130,55.0,CLOT BEY (AVENUE),,,Plein jour,En agglomération,Hors intersection,Normale,Deux véhicules - côté,,,,,,,,,,,1,2,1,1,3
200500057436,0005-09-26 15:00:00,5,9,26,15,0,130,55.0,RODOCANACHI (BD),,,Plein jour,En agglomération,Hors intersection,Normale,Deux véhicules - arrière,,,,,,,,,,,1,2,1,1,2
200500057437,0005-09-21 13:40:00,5,9,21,13,40,130,55.0,SAINT CHARLES (GARE),,,Plein jour,En agglomération,Hors intersection,Normale,Autre collision,,,,,,,,,,,1,2,1,1,6
200500057438,0005-09-27 23:55:00,5,9,27,23,55,130,55.0,HENRI FRENAY (ROND POINT,,,Nuit avec éclairage allumé,En agglomération,Giratoire,Normale,Autre collision,,,,,,,,,,,5,2,6,1,6
200500057439,0005-09-22 07:32:00,5,9,22,7,32,130,55.0,"19, MARSEILLAISES (PLACE",,,Plein jour,En agglomération,Hors intersection,Normale,Autre collision,,,,,,,,,,,1,2,1,1,6
200500057440,0005-09-22 12:15:00,5,9,22,12,15,130,55.0,"130, LIEUTAUD  (COURS 6E",,,Plein jour,En agglomération,Intersection en X,Normale,Deux véhicules - côté,,,,,,,,,,,1,2,2,1,3
200500057441,0005-09-27 13:45:00,5,9,27,13,45,130,55.0,"6, CARGO RHIN FIDELI (RU",,,Plein jour,En agglomération,Autre intersection,Normale,Deux véhicules - arrière,,,,,,,,,,,1,2,9,1,2
200500057442,0005-09-10 17:35:00,5,9,10,17,35,130,55.0,TASSIGNY (AV M. DE LATTR,,,Plein jour,En agglomération,Hors intersection,Temps couvert,Deux véhicules - arrière,,,,,,,,,,,1,2,1,8,2
200500057443,0005-09-16 20:30:00,5,9,16,20,30,130,55.0,"110, LIEUTAUD (COURS)",,,Crépuscule ou aube,En agglomération,Hors intersection,Normale,Deux véhicules - côté,,,,,,,,,,,2,2,1,1,3
200500057444,0005-09-28 18:00:00,5,9,28,18,0,130,55.0,BOSPHORE (BD DU),,,Plein jour,En agglomération,Hors intersection,Normale,Autre collision,,,,,,,,,,,1,2,1,1,6
200500057445,0005-09-19 00:30:00,5,9,19,0,30,130,55.0,"152, BARASSE (BD DE LA)",,,Nuit avec éclairage allumé,En agglomération,Hors intersection,Pluie légère,Autre collision,,,,,,,,,,,5,2,1,2,6
200500057446,0005-09-26 12:45:00,5,9,26,12,45,130,55.0,ORGUES (RUE DES),,,Plein jour,En agglomération,Intersection en X,Normale,Deux véhicules - arrière,,,,,,,,,,,1,2,2,1,2
200500057447,0005-09-24 16:30:00,5,9,24,16,30,130,55.0,"146, ROUX PROLON (BD)",,,Plein jour,En agglomération,Hors intersection,Normale,Deux véhicules - côté,,,,,,,,,,,1,2,1,1,3
200500057448,0005-09-10 00:10:00,5,9,10,0,10,130,55.0,"1, CAMOINS (AVENUE DES)",,,Nuit avec éclairage allumé,En agglomération,Hors intersection,Normale,Autre collision,,,,,,,,,,,5,2,1,1,6
200500057449,0005-09-27 07:30:00,5,9,27,7,30,130,55.0,"42, 24-AVR-15 (AVENUE DU",,,Plein jour,En agglomération,Intersection en X,Normale,Deux véhicules - côté,,,,,,,,,,,1,2,2,1,3
200500057450,0005-09-26 07:00:00,5,9,26,7,0,130,55.0,LECHATELIER (RUE),,,Nuit avec éclairage allumé,En agglomération,Intersection en T,Normale,Deux véhicules - côté,,,,,,,,,,,5,2,3,1,3
200500057451,0005-09-12 12:15:00,5,9,12,12,15,130,55.0,GINESTE (COL DE LA),,,Plein jour,En agglomération,Hors intersection,Normale,Deux véhicules - arrière,,,,,,,,,,,1,2,1,1,2
200500057452,0005-09-29 11:45:00,5,9,29,11,45,130,55.0,EUROPE MARC (ROND POINT),,,Plein jour,En agglomération,Giratoire,Normale,Autre collision,,,,,,,,,,,1,2,6,1,6
200500057453,0005-09-13 13:30:00,5,9,13,13,30,130,55.0,"000, QUEYLAR (RUE DU)",,,Plein jour,En agglomération,Hors intersection,Normale,Autre collision,,,,,,,,,,,1,2,1,1,6
200500057454,0005-09-16 16:25:00,5,9,16,16,25,130,55.0,LIBERATEURS (BD DES),,,Plein jour,En agglomération,Hors intersection,Normale,Deux véhicules - arrière,,,,,,,,,,,1,2,1,1,2
200500057455,0005-09-06 07:45:00,5,9,6,7,45,130,55.0,"177, CAMOINS (AVENUE DES",,,Crépuscule ou aube,En agglomération,Hors intersection,Normale,Deux véhicules - côté,,,,,,,,,,,2,2,1,1,3
200500057456,0005-09-06 11:50:00,5,9,6,11,50,130,55.0,"25, BARASSE (BD DE LA)",,,Plein jour,En agglomération,Hors intersection,Normale,Autre collision,,,,,,,,,,,1,2,1,1,6
200500057457,0005-09-27 10:50:00,5,9,27,10,50,130,55.0,"276, PAUL CLAUDEL (BD)",,,Plein jour,En agglomération,Hors intersection,Normale,Deux véhicules - côté,,,,,,,,,,,1,2,1,1,3
200500057458,0005-09-26 08:30:00,5,9,26,8,30,130,55.0,"193, SAINT LOUIS (AVENUE",,,Plein jour,En agglomération,Hors intersection,Normale,Deux véhicules - arrière,,,,,,,,,,,1,2,1,1,2
200500057459,0005-09-05 11:30:00,5,9,5,11,30,130,55.0,"112, ROMAIN ROLLAND (BD)",,,Plein jour,En agglomération,Hors intersection,Normale,Deux véhicules - frontale,,,,,,,,,,,1,2,1,1,1
200500057460,0005-09-05 10:15:00,5,9,5,10,15,130,55.0,DOIZE (RUE),,,Plein jour,En agglomération,Hors intersection,Pluie légère,Autre collision,,,,,,,,,,,1,2,1,2,6
200500057461,0005-09-19 23:30:00,5,9,19,23,30,130,55.0,"151, MICHELET (BD)",,,Nuit avec éclairage allumé,En agglomération,Hors intersection,Normale,Deux véhicules - arrière,,,,,,,,,,,5,2,1,1,2
200500057462,0005-09-08 11:20:00,5,9,8,11,20,130,55.0,SAINT JEAN (BD),,,Plein jour,En agglomération,Intersection en X,Pluie légère,Deux véhicules - côté,,,,,,,,,,,1,2,2,2,3
200500057463,0005-09-23 02:15:00,5,9,23,2,15,130,55.0,MENDES-FRANCE (AVE PIERR,,,Nuit avec éclairage allumé,En agglomération,Giratoire,Normale,Autre collision,,,,,,,,,,,5,2,6,1,6
200500057464,0005-09-11 21:00:00,5,9,11,21,0,130,55.0,", FRAIS VALLO (AVENUE)",,,Nuit avec éclairage allumé,En agglomération,Intersection en X,Normale,Deux véhicules - côté,,,,,,,,,,,5,2,2,1,3
200500057465,0005-09-06 08:40:00,5,9,6,8,40,130,55.0,"5, REPUBLIQUE (RUE DE LA",,,Plein jour,En agglomération,Hors intersection,Normale,Deux véhicules - côté,,,,,,,,,,,1,2,1,1,3
200500057466,0005-09-27 07:25:00,5,9,27,7,25,130,55.0,"000, FALQUE (RUE)",,,Plein jour,En agglomération,Hors intersection,Normale,Trois véhicules et plus - en chaîne,,,,,,,,,,,1,2,1,1,4
200500057467,0005-09-22 11:00:00,5,9,22,11,0,130,55.0,"29, ANVERS (RUE D')",,,Plein jour,En agglomération,Hors intersection,Normale,Autre collision,,,,,,,,,,,1,2,1,1,6
200500057468,0005-09-22 16:15:00,5,9,22,16,15,130,55.0,", JONQUILLES (CHEMIN DES",,,Plein jour,En agglomération,Intersection en T,Normale,Autre collision,,,,,,,,,,,1,2,3,1,6
200500057469,0005-09-21 11:30:00,5,9,21,11,30,130,55.0,"34, RUFFI (RUE DE)",,,Plein jour,En agglomération,Hors intersection,Normale,Deux véhicules - côté,,,,,,,,,,,1,2,1,1,3
200500057470,0005-09-16 07:30:00,5,9,16,7,30,130,55.0,ALBERT COHEN (RUE),,,Plein jour,En agglomération,Intersection en X,Normale,Deux véhicules - arrière,,,,,,,,,,,1,2,2,1,2
200500057471,0005-09-19 08:00:00,5,9,19,8,0,130,55.0,"164, CAMOINS LES (RUE)",,,Plein jour,En agglomération,Autre intersection,Pluie légère,Deux véhicules - côté,,,,,,,,,,,1,2,9,2,3
200500057472,0005-09-23 07:50:00,5,9,23,7,50,130,55.0,CAMOINS (AVENUE DES),,,Plein jour,En agglomération,Hors intersection,Normale,Deux véhicules - côté,,,,,,,,,,,1,2,1,1,3
200500057473,0005-09-30 09:30:00,5,9,30,9,30,130,55.0,PEINTRES-ROUX (AV DES),,,Plein jour,En agglomération,Hors intersection,Normale,Autre collision,,,,,,,,,,,1,2,1,1,6
200500057474,0005-09-29 16:40:00,5,9,29,16,40,130,55.0,", LA FOURRAGERE (AVENUE)",,,Plein jour,En agglomération,Hors intersection,Normale,Trois véhicules et plus - en chaîne,,,,,,,,,,,1,2,1,1,4
200500057475,0005-09-20 16:50:00,5,9,20,16,50,130,55.0,"8, BARASSE (BD DE LA)",,,Plein jour,En agglomération,Hors intersection,Normale,Deux véhicules - frontale,,,,,,,,,,,1,2,1,1,1
200500057476,0005-09-30 16:30:00,5,9,30,16,30,130,55.0,LANCIER (CHEMIN DU),,,Plein jour,En agglomération,Hors intersection,Normale,Deux véhicules - côté,,,,,,,,,,,1,2,1,1,3
200500057477,0005-09-25 20:15:00,5,9,25,20,15,130,5.0,"9, THIERS (RUE ADOLPHE)",,,Nuit avec éclairage allumé,En agglomération,Hors intersection,Pluie forte,Autre collision,,,,,,,,,,,5,2,1,3,6
200500057478,0005-09-11 19:55:00,5,9,11,19,55,130,55.0,BRETEUIL (RUE)     2 A 1,,,Crépuscule ou aube,En agglomération,Hors intersection,Normale,Deux véhicules - côté,,,,,,,,,,,2,2,1,1,3
200500057479,0005-09-30 18:20:00,5,9,30,18,20,130,55.0,LIEUTAUD  (COURS 6EME),,,Plein jour,En agglomération,Intersection en T,Normale,Sans collision,,,,,,,,,,,1,2,3,1,7
200500057480,0005-09-26 10:50:00,5,9,26,10,50,130,55.0,SAINT PIERRE (RUE),,,Plein jour,En agglomération,Intersection en X,Normale,Deux véhicules - côté,,,,,,,,,,,1,2,2,1,3
200500057481,0005-09-26 17:45:00,5,9,26,17,45,130,55.0,CHEVALIER PAUL (RUE DU),,,Plein jour,En agglomération,Intersection en X,Normale,Deux véhicules - côté,,,,,,,,,,,1,2,2,1,3
200500057482,0005-09-29 15:30:00,5,9,29,15,30,130,55.0,"195, CHAVE (AVENUE)",,,Plein jour,En agglomération,Hors intersection,Normale,Deux véhicules - côté,,,,,,,,,,,1,2,1,1,3
200500057483,0005-09-29 18:15:00,5,9,29,18,15,130,55.0,"22, MONTOLIVET (AVENUE D",,,Plein jour,En agglomération,Hors intersection,Normale,Autre collision,,,,,,,,,,,1,2,1,1,6
200500057484,0005-09-19 08:30:00,5,9,19,8,30,130,55.0,PEINTRES RO (AVENUE DES),,,Plein jour,En agglomération,Autre intersection,Pluie légère,Trois véhicules et plus - en chaîne,,,,,,,,,,,1,2,9,2,4
200500057485,0005-09-21 20:40:00,5,9,21,20,40,130,55.0,R SALENGRO (AVENUE),,,Nuit sans éclairage public,En agglomération,Intersection en X,Normale,Deux véhicules - côté,,,,,,,,,,,3,2,2,1,3
200500057486,0005-09-23 10:30:00,5,9,23,10,30,130,55.0,JEAN LOMBARD (AVENUE),,,Plein jour,En agglomération,Hors intersection,Normale,Deux véhicules - frontale,,,,,,,,,,,1,2,1,1,1
200500057487,0005-09-23 07:45:00,5,9,23,7,45,130,55.0,DOMINIQUE (TRAVERSE DE L,,,Plein jour,En agglomération,Intersection en T,Normale,Deux véhicules - frontale,,,,,,,,,,,1,2,3,1,1
200500057488,0005-09-30 21:25:00,5,9,30,21,25,130,55.0,ESTAQUE PLAGE,,,Nuit sans éclairage public,En agglomération,Hors intersection,Normale,Sans collision,,,,,,,,,,,3,2,1,1,7
200500057489,0005-09-30 12:00:00,5,9,30,12,0,130,55.0,"156, PELOUQUE (CHEMIN DE",,,Plein jour,En agglomération,Hors intersection,Normale,Autre collision,,,,,,,,,,,1,2,1,1,6
200500057490,0005-09-19 07:55:00,5,9,19,7,55,130,55.0,"67, ANEMONES (CHEMIN DES",,,Plein jour,En agglomération,Hors intersection,Normale,Autre collision,,,,,,,,,,,1,2,1,1,6
200500057491,0005-09-23 19:15:00,5,9,23,19,15,130,55.0,"109, RABATAU (BD)",,,Crépuscule ou aube,En agglomération,Hors intersection,Normale,Deux véhicules - frontale,,,,,,,,,,,2,2,1,1,1
200500057492,0005-09-25 15:50:00,5,9,25,15,50,130,55.0,VAL DES BOIS (CHEMIN DU),,,Plein jour,En agglomération,Hors intersection,Normale,Autre collision,,,,,,,,,,,1,2,1,1,6
200500057493,0005-09-29 08:30:00,5,9,29,8,30,130,55.0,"36, BONNEFOY (BD FERNAND",,,Plein jour,En agglomération,Hors intersection,Normale,Deux véhicules - côté,,,,,,,,,,,1,2,1,1,3
200500057494,0005-09-05 10:16:00,5,9,5,10,16,130,55.0,ABBE DE L'E (RUE),,,Plein jour,En agglomération,Intersection en T,Normale,Deux véhicules - côté,,,,,,,,,,,1,2,3,1,3
200500057495,0005-09-23 11:25:00,5,9,23,11,25,130,55.0,"17, BLANCARDE (BD)",,,Plein jour,En agglomération,Hors intersection,Normale,Autre collision,,,,,,,,,,,1,2,1,1,6
200500057496,0005-09-01 10:50:00,5,9,1,10,50,130,55.0,"17, TROIS LUCS (AVENUE D",,,Plein jour,En agglomération,Hors intersection,Normale,Deux véhicules - côté,,,,,,,,,,,1,2,1,1,3
200500057497,0005-09-30 10:10:00,5,9,30,10,10,130,55.0,"58, BUTRIS (TRAVERSE DES",,,Plein jour,En agglomération,Hors intersection,Normale,Autre collision,,,,,,,,,,,1,2,1,1,6
200500057498,0005-09-20 12:15:00,5,9,20,12,15,130,55.0,"38, SOUDE (AV DE LA)",,,Plein jour,En agglomération,Hors intersection,Temps éblouissant,Deux véhicules - côté,,,,,,,,,,,1,2,1,7,3
200500057499,0005-09-13 14:40:00,5,9,13,14,40,130,55.0,", FORTUNE CHAILLAN (RUE)",,,Plein jour,En agglomération,Intersection en Y,Normale,Deux véhicules - côté,,,,,,,,,,,1,2,4,1,3
200500057500,0005-09-22 07:31:00,5,9,22,7,31,130,55.0,"111, ALBERT EINSTEIN (RU",,,Plein jour,En agglomération,Hors intersection,Normale,Trois véhicules et plus - en chaîne,,,,,,,,,,,1,2,1,1,4
200500057501,0005-09-02 18:15:00,5,9,2,18,15,130,55.0,MARCHE D'IN (AVENUE),,,Plein jour,En agglomération,Hors intersection,Normale,Deux véhicules - arrière,,,,,,,,,,,1,2,1,1,2
200500057502,0005-09-17 18:30:00,5,9,17,18,30,130,55.0,ABEILLES (RUE DES),,,Crépuscule ou aube,En agglomération,Intersection en X,Normale,Deux véhicules - côté,,,,,,,,,,,2,2,2,1,3
200500057503,0005-09-30 20:20:00,5,9,30,20,20,130,55.0,"234, MADRAGUE VI (RUE)",,,Nuit avec éclairage allumé,En agglomération,Hors intersection,Normale,Deux véhicules - côté,,,,,,,,,,,5,2,1,1,3
200500057504,0005-09-30 18:00:00,5,9,30,18,0,130,55.0,"00, ATHENES (BD D')",,,Plein jour,En agglomération,Hors intersection,Normale,Deux véhicules - arrière,,,,,,,,,,,1,2,1,1,2
200500057505,0005-09-14 08:30:00,5,9,14,8,30,130,55.0,"183, CAMOINS (AVENUE DES",,,Plein jour,En agglomération,Hors intersection,Normale,Deux véhicules - frontale,,,,,,,,,,,1,2,1,1,1
200500057506,0005-09-30 02:50:00,5,9,30,2,50,130,55.0,"411, PRADO (AVENUE)",,,Nuit avec éclairage allumé,En agglomération,Hors intersection,Normale,Deux véhicules - arrière,,,,,,,,,,,5,2,1,1,2
200500057507,0005-09-19 08:01:00,5,9,19,8,1,130,55.0,HENRI BARNIER (BD),,,Plein jour,En agglomération,Hors intersection,Normale,Deux véhicules - côté,,,,,,,,,,,1,2,1,1,3
200500057508,0005-09-26 12:50:00,5,9,26,12,50,130,55.0,REPUBLIQUE (RUE DE LA),,,Plein jour,En agglomération,Hors intersection,Normale,Deux véhicules - côté,,,,,,,,,,,1,2,1,1,3