accident_id,datetime,annee,mois,jour,heure,minute,departement,commune_insee,adresse,latitude,longitude,luminosite,agglomeration,intersection,meteo,collision,nb_vehicules,nb_usagers,nb_indemnes,nb_tues,nb_blesses_hosp,nb_blesses_legers,age_cond_1,age_cond_2,veh_type_cond_1,veh_type_cond_2,lum_code,agg_code,int_code,atm_code,col_code
200500057509,0005-09-29 13:50:00,5,9,29,13,50,130,55.0,"29, LIEUTAUD (COURS)",,,Plein jour,En agglomération,Hors intersection,Normale,Deux véhicules - arrière,,,,,,,,,,,1,2,1,1,2
200500057510,0005-09-30 13:20:00,5,9,30,13,20,130,55.0,LESSEPS (RUE DE),,,Plein jour,En agglomération,Hors intersection,Normale,Deux véhicules - arrière,,,,,,,,,,,1,2,1,1,2
200500057511,0005-09-20 07:45:00,5,9,20,7,45,130,55.0,CADOLIVE (RUE),,,Plein jour,En agglomération,Hors intersection,Normale,Sans collision,,,,,,,,,,,1,2,1,1,7
200500057512,0005-09-30 16:55:00,5,9,30,16,55,130,55.0,"17, VALENTINE (ROUTE DE",,,Plein jour,En agglomération,Hors intersection,Normale,Deux véhicules - arrière,,,,,,,,,,,1,2,1,1,2
200500057513,0005-09-26 08:00:00,5,9,26,8,0,130,55.0,MONTRE (TRAVERSE DE LA),,,Plein jour,En agglomération,Hors intersection,Normale,Deux véhicules - frontale,,,,,,,,,,,1,2,1,1,1
200500057514,0005-09-21 18:15:00,5,9,21,18,15,130,55.0,CORAIL (AVENUE DU),,,Plein jour,En agglomération,Hors intersection,Normale,Deux véhicules - arrière,,,,,,,,,,,1,2,1,1,2
200500057515,0005-09-12 08:15:00,5,9,12,8,15,130,55.0,"00, ROME (RUE DE)",,,Plein jour,En agglomération,Intersection en T,Normale,Autre collision,,,,,,,,,,,1,2,3,1,6
200500057516,0005-09-07 15:01:00,5,9,7,15,1,130,55.0,SIGNORET (TRAVERSE),,,Plein jour,En agglomération,Hors intersection,Normale,Autre collision,,,,,,,,,,,1,2,1,1,6
200500057517,0005-09-29 10:25:00,5,9,29,10,25,130,55.0,PLOMBIERES BD DE),,,Plein jour,En agglomération,Hors intersection,Normale,Deux véhicules - arrière,,,,,,,,,,,1,2,1,1,2
200500057518,0005-09-14 09:45:00,5,9,14,9,45,130,55.0,JOLIETTE (PLACE DE LA),,,Plein jour,En agglomération,Hors intersection,Normale,Autre collision,,,,,,,,,,,1,2,1,1,6
200500057519,0005-09-12 15:45:00,5,9,12,15,45,130,55.0,"205, LIBERATION (BD)",,,Plein jour,En agglomération,Hors intersection,Normale,Deux véhicules - arrière,,,,,,,,,,,1,2,1,1,2
200500057520,0005-09-27 12:00:00,5,9,27,12,0,130,55.0,", LIBERATION (BD)",,,Plein jour,En agglomération,Hors intersection,Normale,Deux véhicules - côté,,,,,,,,,,,1,2,1,1,3
200500057521,0005-09-27 14:30:00,5,9,27,14,30,130,55.0,"110, CASANOVA (BD DANIEL",,,Plein jour,En agglomération,Hors intersection,Normale,Trois véhicules et plus - collisions multiples,,,,,,,,,,,1,2,1,1,5
200500057522,0005-09-30 11:50:00,5,9,30,11,50,130,55.0,"02, PETIT VERSA (RUE)",,,Plein jour,En agglomération,Hors intersection,Normale,Deux véhicules - arrière,,,,,,,,,,,1,2,1,1,2
200500057523,0005-09-27 16:00:00,5,9,27,16,0,130,55.0,"363, MAZARGUES (AV DE)",,,Plein jour,En agglomération,Hors intersection,Normale,Deux véhicules - côté,,,,,,,,,,,1,2,1,1,3
200500057524,0005-09-28 14:30:00,5,9,28,14,30,130,55.0,"1, G. GUYNEMER (BD)",,,Plein jour,En agglomération,Hors intersection,Normale,Autre collision,,,,,,,,,,,1,2,1,1,6
200500057525,0005-09-15 17:00:00,5,9,15,17,0,130,55.0,DRAMARD (BD PIERRE),,,Plein jour,En agglomération,Hors intersection,Normale,Deux véhicules - arrière,,,,,,,,,,,1,2,1,1,2
200500057526,0005-09-24 02:15:00,5,9,24,2,15,130,55.0,SCHUMANN (AVENUE ROBERT),,,Nuit avec éclairage allumé,En agglomération,Intersection en X,Normale,Deux véhicules - côté,,,,,,,,,,,5,2,2,1,3
200500057527,0005-09-13 11:50:00,5,9,13,11,50,130,55.0,VILLENEUVE (RUE),,,Plein jour,En agglomération,Intersection en X,Normale,Deux véhicules - côté,,,,,,,,,,,1,2,2,1,3
200500057528,0005-09-28 15:30:00,5,9,28,15,30,130,55.0,"256, CASANOVA (BD DANIEL",,,Plein jour,En agglomération,Hors intersection,Normale,Deux véhicules - arrière,,,,,,,,,,,1,2,1,1,2
200500057529,0005-09-30 10:00:00,5,9,30,10,0,130,55.0,"3, ATHENES (BD D')",,,Plein jour,En agglomération,Hors intersection,Normale,Trois véhicules et plus - en chaîne,,,,,,,,,,,1,2,1,1,4
200500057530,0005-09-20 16:30:00,5,9,20,16,30,130,55.0,"111, ROMAIN ROLLAND (BD)",,,Plein jour,En agglomération,Hors intersection,Normale,Trois véhicules et plus - collisions multiples,,,,,,,,,,,1,2,1,1,5
200500057531,0005-09-28 16:50:00,5,9,28,16,50,130,55.0,", BARASSE (BD DE LA)",,,Plein jour,En agglomération,Autre intersection,Autre,Deux véhicules - côté,,,,,,,,,,,1,2,9,9,3
200500057532,0005-09-07 15:10:00,5,9,7,15,10,130,55.0,"132, PRADO (AVENUE)",,,Plein jour,En agglomération,Hors intersection,Normale,Deux véhicules - arrière,,,,,,,,,,,1,2,1,1,2
200500057533,0005-09-10 06:00:00,5,9,10,6,0,130,55.0,"73, LIBERATION (BD)",,,Nuit avec éclairage allumé,En agglomération,Hors intersection,Normale,Deux véhicules - côté,,,,,,,,,,,5,2,1,1,3
200500057534,0005-09-20 15:50:00,5,9,20,15,50,130,55.0,"111, PARADIS (RUE)",,,Plein jour,En agglomération,Hors intersection,Normale,Autre collision,,,,,,,,,,,1,2,1,1,6
200500057535,0005-09-22 19:10:00,5,9,22,19,10,130,55.0,BRETEUIL (RUE),,,Nuit avec éclairage allumé,En agglomération,Hors intersection,Normale,Autre collision,,,,,,,,,,,5,2,1,1,6
200500057536,0005-09-30 11:30:00,5,9,30,11,30,130,55.0,"7, LOUIS SALVATOR (BD)",,,Plein jour,En agglomération,Intersection en T,Normale,Deux véhicules - côté,,,,,,,,,,,1,2,3,1,3
200500057537,0005-09-10 17:30:00,5,9,10,17,30,130,55.0,ALBE (RUE),,,Plein jour,En agglomération,Hors intersection,Normale,Deux véhicules - frontale,,,,,,,,,,,1,2,1,1,1
200500057538,0005-09-12 12:35:00,5,9,12,12,35,130,55.0,"17, BLANCARDE (BD)",,,Plein jour,En agglomération,Hors intersection,Normale,Autre collision,,,,,,,,,,,1,2,1,1,6
200500057539,0005-09-30 10:25:00,5,9,30,10,25,130,55.0,"10, SAKAKINI (BD)",,,Plein jour,En agglomération,Hors intersection,Normale,Deux véhicules - côté,,,,,,,,,,,1,2,1,1,3
200500057540,0005-09-25 21:30:00,5,9,25,21,30,130,55.0,"160, BARASSE (BD DE LA)",,,Nuit avec éclairage allumé,En agglomération,Hors intersection,Pluie légère,Autre collision,,,,,,,,,,,5,2,1,2,6
200500057541,0005-09-14 15:30:00,5,9,14,15,30,130,55.0,"110, CAMAS (RUE DU)",,,Plein jour,En agglomération,Hors intersection,Normale,Deux véhicules - arrière,,,,,,,,,,,1,2,1,1,2
200500057542,0005-09-26 16:40:00,5,9,26,16,40,130,55.0,SCHLOESING (BD),,,Plein jour,En agglomération,Hors intersection,Normale,Deux véhicules - côté,,,,,,,,,,,1,2,1,1,3
200500057543,0005-09-29 07:45:00,5,9,29,7,45,130,55.0,"12, CARTONNERIE (BD)",,,Plein jour,En agglomération,Hors intersection,Normale,Deux véhicules - frontale,,,,,,,,,,,1,2,1,1,1
200500057544,0005-09-13 16:50:00,5,9,13,16,50,130,55.0,PIERRE PARAF (ROND POINT,,,Plein jour,En agglomération,Giratoire,Normale,Trois véhicules et plus - en chaîne,,,,,,,,,,,1,2,6,1,4
200500057545,0005-09-08 19:21:00,5,9,8,19,21,130,55.0,CROIX ROUGE (AVENUE),,,Crépuscule ou aube,En agglomération,Autre intersection,Normale,Autre collision,,,,,,,,,,,2,2,9,1,6
200500057546,0005-09-21 21:30:00,5,9,21,21,30,130,55.0,GIBBES (CHEMIN DE),,,Nuit avec éclairage allumé,En agglomération,Giratoire,Normale,Deux véhicules - côté,,,,,,,,,,,5,2,6,1,3
200500057547,0005-09-24 17:00:00,5,9,24,17,0,130,55.0,LOUBON (RUE),,,Plein jour,En agglomération,Hors intersection,Normale,Deux véhicules - côté,,,,,,,,,,,1,2,1,1,3
200500057548,0005-09-06 10:50:00,5,9,6,10,50,130,55.0,"33, BIBLIOTHEQUE (RUE DE",,,Plein jour,En agglomération,Hors intersection,Pluie forte,Sans collision,,,,,,,,,,,1,2,1,3,7
200500057549,0005-09-26 14:05:00,5,9,26,14,5,130,55.0,"86, PALAMA (CHEMIN DE)",,,Plein jour,En agglomération,Hors intersection,Normale,Deux véhicules - frontale,,,,,,,,,,,1,2,1,1,1
200500057550,0005-09-19 14:40:00,5,9,19,14,40,130,55.0,SAINT MITRE (CHEMIN DE),,,Plein jour,En agglomération,Hors intersection,Normale,Deux véhicules - arrière,,,,,,,,,,,1,2,1,1,2
200500057551,0005-09-20 19:15:00,5,9,20,19,15,130,55.0,FLAMMARION (BD),,,Plein jour,En agglomération,Intersection en Y,Normale,Deux véhicules - côté,,,,,,,,,,,1,2,4,1,3
200500057552,0005-09-27 18:45:00,5,9,27,18,45,130,55.0,"100, LIEUTAUD  (COURS 6E",,,Crépuscule ou aube,En agglomération,Hors intersection,Normale,Autre collision,,,,,,,,,,,2,2,1,1,6
200500057553,0005-09-29 08:55:00,5,9,29,8,55,130,55.0,BAILLE (BD),,,Plein jour,En agglomération,Hors intersection,Normale,Autre collision,,,,,,,,,,,1,2,1,1,6
200500057554,0005-09-07 13:00:00,5,9,7,13,0,130,55.0,"6, BENEDIT (RUE)",,,Plein jour,En agglomération,Hors intersection,Normale,Deux véhicules - arrière,,,,,,,,,,,1,2,1,1,2
200500057555,0005-09-21 15:45:00,5,9,21,15,45,130,55.0,"154, CANTINI (AV JULES)",,,Plein jour,En agglomération,Hors intersection,Normale,Autre collision,,,,,,,,,,,1,2,1,1,6
200500057556,0005-09-19 17:15:00,5,9,19,17,15,130,55.0,CAP PINEDE (BD DU),,,Plein jour,En agglomération,Hors intersection,Normale,Autre collision,,,,,,,,,,,1,2,1,1,6
200500057557,0005-09-01 15:31:00,5,9,1,15,31,130,55.0,FORTUNE CHAILLAN (RUE),,,Plein jour,En agglomération,Hors intersection,Normale,Deux véhicules - frontale,,,,,,,,,,,1,2,1,1,1
200500057558,0005-09-13 17:30:00,5,9,13,17,30,130,55.0,LITTORAL (CHEMIN DU),,,Plein jour,En agglomération,Hors intersection,Normale,Deux véhicules - frontale,,,,,,,,,,,1,2,1,1,1
200500057559,0005-09-29 15:50:00,5,9,29,15,50,130,55.0,DAMES (BD DES),,,Plein jour,En agglomération,Intersection en X,Normale,Deux véhicules - arrière,,,,,,,,,,,1,2,2,1,2
200500057560,0005-09-23 20:50:00,5,9,23,20,50,130,55.0,SAINTE MARGUERITE (BD DE,,,Nuit sans éclairage public,En agglomération,Hors intersection,Normale,Deux véhicules - côté,,,,,,,,,,,3,2,1,1,3
200500057561,0005-09-23 17:35:00,5,9,23,17,35,130,55.0,SCHLOESING (BD),,,Plein jour,En agglomération,Hors intersection,Normale,Deux véhicules - arrière,,,,,,,,,,,1,2,1,1,2
200500057562,0005-09-27 12:01:00,5,9,27,12,1,130,55.0,"00, FRAIS VALLO (AVENUE)",,,Plein jour,En agglomération,Intersection en T,Normale,Deux véhicules - arrière,,,,,,,,,,,1,2,3,1,2
200500057563,0005-09-25 21:40:00,5,9,25,21,40,130,55.0,"49, SAINT JEROM (AVENUE",,,Nuit avec éclairage allumé,En agglomération,Hors intersection,Pluie légère,Sans collision,,,,,,,,,,,5,2,1,2,7
200500057564,0005-09-11 13:55:00,5,9,11,13,55,130,55.0,TIMONE (AVENUE DE LA),,,Plein jour,En agglomération,Hors intersection,Normale,Deux véhicules - côté,,,,,,,,,,,1,2,1,1,3
200500057565,0005-09-10 10:30:00,5,9,10,10,30,130,55.0,"52, VISTE (AVENUE DE LA)",,,Plein jour,En agglomération,Hors intersection,Normale,Autre collision,,,,,,,,,,,1,2,1,1,6
200500057566,0005-09-22 03:50:00,5,9,22,3,50,130,55.0,GOUDES (ROUTE DES),,,Nuit avec éclairage allumé,En agglomération,Hors intersection,Normale,Sans collision,,,,,,,,,,,5,2,1,1,7
200500057567,0005-09-19 21:15:00,5,9,19,21,15,130,55.0,"39, CAMILLE PELLETAN (AV",,,Crépuscule ou aube,En agglomération,Intersection en Y,Normale,Deux véhicules - côté,,,,,,,,,,,2,2,4,1,3
200500057568,0005-09-29 18:20:00,5,9,29,18,20,130,55.0,CHARLES MORETTI (BD),,,Plein jour,En agglomération,Intersection en T,Normale,Deux véhicules - côté,,,,,,,,,,,1,2,3,1,3
200500057569,0005-09-15 23:45:00,5,9,15,23,45,130,55.0,"155, ROLLAND (BD ROMAIN)",,,Plein jour,En agglomération,Intersection en X,Normale,Sans collision,,,,,,,,,,,1,2,2,1,7
200500057570,0005-09-01 07:30:00,5,9,1,7,30,130,39.0,RN 545,,,Plein jour,En agglomération,Hors intersection,Normale,Deux véhicules - frontale,,,,,,,,,,,1,2,1,1,1
200500057571,0005-09-04 21:20:00,5,9,4,21,20,130,77.0,RN 568,,,Nuit avec éclairage allumé,En agglomération,Intersection en T,Normale,Deux véhicules - côté,,,,,,,,,,,5,2,3,1,3
200500057572,0005-09-02 08:50:00,5,9,2,8,50,130,56.0,VOIE RAPIDE DE LA COTE B,,,Plein jour,Hors agglomération,Hors intersection,Normale,Sans collision,,,,,,,,,,,1,1,1,1,7
200500057573,0005-09-08 13:50:00,5,9,8,13,50,130,39.0,RN 568,,,Plein jour,En agglomération,Hors intersection,Normale,Deux véhicules - arrière,,,,,,,,,,,1,2,1,1,2
200500057574,0005-09-06 12:45:00,5,9,6,12,45,130,39.0,RN 568,,,Plein jour,Hors agglomération,Hors intersection,Pluie légère,Deux véhicules - arrière,,,,,,,,,,,1,1,1,2,2
200500057575,0005-09-06 13:50:00,5,9,6,13,50,130,77.0,D 50,,,Plein jour,Hors agglomération,Hors intersection,Pluie légère,Autre collision,,,,,,,,,,,1,1,1,2,6
200500057576,0005-09-11 03:50:00,5,9,11,3,50,130,26.0,"15, MARECHAL LECLERC (av",,,Nuit avec éclairage allumé,En agglomération,Hors intersection,Normale,Autre collision,,,,,,,,,,,5,2,1,1,6
200500057577,0005-09-25 00:01:00,5,9,25,0,1,130,56.0,LAVANDIN RUE DU,,,Nuit avec éclairage allumé,En agglomération,Hors intersection,Normale,Autre collision,,,,,,,,,,,5,2,1,1,6
200500057578,0005-09-27 07:15:00,5,9,27,7,15,130,56.0,PORT DE BOUC ROUTE DE,,,Crépuscule ou aube,En agglomération,Hors intersection,Normale,Deux véhicules - côté,,,,,,,,,,,2,2,1,1,3
200500057579,0005-09-30 09:15:00,5,9,30,9,15,130,26.0,FAUCONNIERE (avenue de l,,,Plein jour,Hors agglomération,Passage à niveau,Normale,Deux véhicules - côté,,,,,,,,,,,1,1,8,1,3
200500057580,0005-09-22 20:55:00,5,9,22,20,55,130,56.0,RD 49,,,Nuit sans éclairage public,Hors agglomération,Hors intersection,Normale,Deux véhicules - côté,,,,,,,,,,,3,1,1,1,3
200500057581,0005-09-28 20:20:00,5,9,28,20,20,130,56.0,ALLENDE BOULEVARD SALVAD,,,Nuit avec éclairage allumé,En agglomération,Hors intersection,Normale,Deux véhicules - côté,,,,,,,,,,,5,2,1,1,3
200500057582,0005-09-22 16:45:00,5,9,22,16,45,130,56.0,RAYETTES,,,Plein jour,En agglomération,Hors intersection,Normale,Deux véhicules - frontale,,,,,,,,,,,1,2,1,1,1
200500057583,0005-09-16 15:45:00,5,9,16,15,45,130,78.0,REPUBLIQUE (AVENUE DE LA,,,Plein jour,En agglomération,Intersection en X,Normale,Deux véhicules - frontale,,,,,,,,,,,1,2,2,1,1
200500057584,0005-09-22 09:20:00,5,9,22,9,20,130,78.0,CABAN (CARREFOUR DU),,,Plein jour,Hors agglomération,Intersection en T,Normale,Deux véhicules - côté,,,,,,,,,,,1,1,3,1,3
200500057585,0005-09-10 14:50:00,5,9,10,14,50,130,103.0,"., AVENUE CHABAN DELMAS",,,Plein jour,En agglomération,Hors intersection,Pluie forte,Deux véhicules - arrière,,,,,,,,,,,1,2,1,3,2
200500057586,0005-09-12 12:15:00,5,9,12,12,15,130,103.0,AVENUE JUIN -DU MARECHAL,,,Plein jour,En agglomération,Hors intersection,Normale,Autre collision,,,,,,,,,,,1,2,1,1,6
200500057587,0005-09-15 16:40:00,5,9,15,16,40,130,103.0,RUE DE L'EYSSADO,,,Plein jour,En agglomération,Intersection en X,Normale,Deux véhicules - côté,,,,,,,,,,,1,2,2,1,3
200500057588,0005-09-16 15:10:00,5,9,16,15,10,130,103.0,BOULEVARD DES CAPUCINS,,,Plein jour,En agglomération,Intersection en T,Normale,Deux véhicules - arrière,,,,,,,,,,,1,2,3,1,2
200500057589,0005-09-19 13:20:00,5,9,19,13,20,130,103.0,ROUTE D'ARLES-RN 113,,,Plein jour,Hors agglomération,Hors intersection,Normale,Trois véhicules et plus - en chaîne,,,,,,,,,,,1,1,1,1,4
200500057590,0005-09-24 08:15:00,5,9,24,8,15,130,103.0,ROUTE D'ARLES-RN 113,,,Plein jour,Hors agglomération,Hors intersection,Normale,Deux véhicules - côté,,,,,,,,,,,1,1,1,1,3
200500057591,0005-09-28 15:40:00,5,9,28,15,40,130,103.0,AVENUE BOREL -GEORGES,,,Plein jour,En agglomération,Intersection en X,Normale,Deux véhicules - frontale,,,,,,,,,,,1,2,2,1,1
200500057592,0005-09-09 08:29:00,5,9,9,8,29,130,108.0,D33 ROUTE DE FONTVEILLE,,,Plein jour,En agglomération,Intersection en X,Normale,Deux véhicules - côté,,,,,,,,,,,1,2,2,1,3
200500057593,0005-09-24 01:55:00,5,9,24,1,55,130,108.0,RN 570 ROUTE D'AVIGNON,,,Nuit sans éclairage public,En agglomération,Hors intersection,Normale,Deux véhicules - frontale,,,,,,,,,,,3,2,1,1,1
200500057594,0005-09-21 12:30:00,5,9,21,12,30,130,108.0,"31, GAMBETTA (BOULEVARD)",,,Plein jour,En agglomération,Hors intersection,Normale,Autre collision,,,,,,,,,,,1,2,1,1,6
200500057595,0005-09-02 13:00:00,5,9,2,13,0,130,71.0,ROUTE NATIONALE 113 - AG,,,Plein jour,Hors agglomération,Hors intersection,Normale,Deux véhicules - côté,,,,,,,,,,,1,1,1,1,3
200500057596,0005-09-07 12:05:00,5,9,7,12,5,130,117.0,"xx, CARREFOUR (CENTRE CO",,,Plein jour,Hors agglomération,Hors intersection,Normale,Autre collision,,,,,,,,,,,1,1,1,1,6
200500057597,0005-09-02 09:02:00,5,9,2,9,2,130,117.0,DROITS DE L'HOMME (AVENU,,,Plein jour,En agglomération,Hors intersection,Normale,Deux véhicules - arrière,,,,,,,,,,,1,2,1,1,2
200500057598,0005-09-03 18:30:00,5,9,3,18,30,130,117.0,FONT BLANCHE ( ROND POIN,,,Plein jour,Hors agglomération,Hors intersection,Normale,Trois véhicules et plus - en chaîne,,,,,,,,,,,1,1,1,1,4
200500057599,0005-09-03 19:00:00,5,9,3,19,0,130,71.0,"21, BELAUD DE LA BELLAUD",,,Plein jour,En agglomération,Hors intersection,Normale,Deux véhicules - côté,,,,,,,,,,,1,2,1,1,3
200500057600,0005-09-10 23:10:00,5,9,10,23,10,130,71.0,ROUTE NATIONALE 8,,,Plein jour,Hors agglomération,Intersection en T,Normale,Deux véhicules - côté,,,,,,,,,,,1,1,3,1,3
200500057601,0005-09-15 10:10:00,5,9,15,10,10,130,117.0,PADOVANI ( AVE ),,,Plein jour,En agglomération,Intersection en T,Normale,Deux véhicules - côté,,,,,,,,,,,1,2,3,1,3
200500057602,0005-09-17 13:00:00,5,9,17,13,0,130,71.0,ROUTE NATIONALE 368 (PLA,,,Plein jour,Hors agglomération,Autre intersection,Pluie légère,Deux véhicules - arrière,,,,,,,,,,,1,1,9,2,2
200500057603,0005-09-18 15:10:00,5,9,18,15,10,130,117.0,PADOVANI ( AVE ),,,Plein jour,En agglomération,Intersection en T,Normale,Deux véhicules - côté,,,,,,,,,,,1,2,3,1,3
200500057604,0005-09-18 18:00:00,5,9,18,18,0,130,71.0,"XX, ROUTE NATIONALE 113",,,Plein jour,Hors agglomération,Intersection en T,Normale,Deux véhicules - côté,,,,,,,,,,,1,1,3,1,3
200500057605,0005-09-25 19:45:00,5,9,25,19,45,130,71.0,QUICK (CD6),,,Plein jour,Hors agglomération,Hors intersection,Normale,Deux véhicules - côté,,,,,,,,,,,1,1,1,1,3
200500057606,0005-09-27 15:00:00,5,9,27,15,0,130,117.0,PADOVANI ( AVE ),,,Plein jour,En agglomération,Intersection en X,Normale,Deux véhicules - côté,,,,,,,,,,,1,2,2,1,3
200500057607,0005-09-03 15:30:00,5,9,3,15,30,140,118.0,"0, POMPIDOU (BOULEVARD G",,,Plein jour,Hors agglomération,Intersection en X,Normale,Deux véhicules - côté,,,,,,,,,,,1,1,2,1,3
200500057608,0005-09-03 23:20:00,5,9,3,23,20,140,118.0,"0, SOREL (AVENUE ALBERT)",,,Nuit avec éclairage allumé,En agglomération,Hors intersection,Normale,Sans collision,,,,,,,,,,,5,2,1,1,7
200500057609,0005-09-06 16:55:00,5,9,6,16,55,140,118.0,CHEMIN VERT (RUE DU >= N,,,Plein jour,En agglomération,Hors intersection,Normale,Autre collision,,,,,,,,,,,1,2,1,1,6
200500057610,0005-09-06 21:45:00,5,9,6,21,45,140,118.0,"8, GARE (RUE DE LA)",,,Nuit avec éclairage allumé,En agglomération,Hors intersection,Normale,Sans collision,,,,,,,,,,,5,2,1,1,7
200500057611,0005-09-12 17:25:00,5,9,12,17,25,140,118.0,"0, VANIER (BOULEVARD GEN",,,Plein jour,En agglomération,Intersection en T,Normale,Autre collision,,,,,,,,,,,1,2,3,1,6
200500057612,0005-09-13 14:10:00,5,9,13,14,10,140,181.0,ECHANGEUR N° 14 ( CORMEL,,,Plein jour,Hors agglomération,Hors intersection,Normale,Autre collision,,,,,,,,,,,1,1,1,1,6
200500057613,0005-09-14 13:34:00,5,9,14,13,34,140,437.0,"0, BOUSSOUTROT (RUE LUCI",,,Plein jour,En agglomération,Intersection en T,Normale,Deux véhicules - côté,,,,,,,,,,,1,2,3,1,3
200500057614,0005-09-14 18:00:00,5,9,14,18,0,140,118.0,"0, EPRON (RUE)",,,Plein jour,En agglomération,Hors intersection,Normale,Deux véhicules - côté,,,,,,,,,,,1,2,1,1,3
200500057615,0005-09-18 14:10:00,5,9,18,14,10,140,301.0,"0, GARE (RUE DE LA)",,,Plein jour,En agglomération,Hors intersection,Normale,Deux véhicules - frontale,,,,,,,,,,,1,2,1,1,1
200500057616,0005-09-17 17:30:00,5,9,17,17,30,140,118.0,"3, SAINT OUEN (RUE)",,,Plein jour,En agglomération,Hors intersection,Normale,Sans collision,,,,,,,,,,,1,2,1,1,7
200500057617,0005-09-19 17:40:00,5,9,19,17,40,140,301.0,"73, PASTEUR (RUE)",,,Plein jour,En agglomération,Intersection en X,Normale,Deux véhicules - côté,,,,,,,,,,,1,2,2,1,3
200500057618,0005-09-20 13:10:00,5,9,20,13,10,140,118.0,CLEMENCEAU (AVENUE GEORG,,,Plein jour,En agglomération,Intersection en X,Normale,Deux véhicules - côté,,,,,,,,,,,1,2,2,1,3
200500057619,0005-09-19 18:52:00,5,9,19,18,52,140,118.0,BAYEUX (RUE DE  >= 143 I,,,Plein jour,En agglomération,Intersection en X,Normale,Deux véhicules - côté,,,,,,,,,,,1,2,2,1,3
200500057620,0005-09-21 10:05:00,5,9,21,10,5,140,341.0,FALAISE (ROUTE DE),,,Plein jour,En agglomération,Hors intersection,Brouillard / fumée,Trois véhicules et plus - en chaîne,,,,,,,,,,,1,2,1,5,4
200500057621,0005-09-23 13:50:00,5,9,23,13,50,140,101.0,"13 A, BRETAGNE (ROUTE DE",,,Plein jour,En agglomération,Hors intersection,Normale,Trois véhicules et plus - en chaîne,,,,,,,,,,,1,2,1,1,4
200500057622,0005-09-24 20:25:00,5,9,24,20,25,140,118.0,SAINT JEAN (RUE (DE 33 E,,,Nuit avec éclairage non allumé,En agglomération,Hors intersection,Normale,Autre collision,,,,,,,,,,,4,2,1,1,6
200500057623,0005-09-27 17:10:00,5,9,27,17,10,140,118.0,"0, BASSE (RUE >= 93 IMPA",,,Plein jour,En agglomération,Intersection en T,Normale,Autre collision,,,,,,,,,,,1,2,3,1,6
200500057624,0005-09-26 16:35:00,5,9,26,16,35,140,118.0,"34, JUIN (BOULEVARD MARE",,,Plein jour,En agglomération,Hors intersection,Normale,Autre collision,,,,,,,,,,,1,2,1,1,6
200500057625,0005-09-30 11:30:00,5,9,30,11,30,140,118.0,"01, VENDEUVRE (QUAI)",,,Plein jour,En agglomération,Hors intersection,Temps couvert,Autre collision,,,,,,,,,,,1,2,1,8,6
200500057626,0005-09-30 05:50:00,5,9,30,5,50,140,118.0,"0, SIX JUIN (AVENUE DU<=",,,Nuit avec éclairage allumé,En agglomération,Intersection en X,Normale,Deux véhicules - côté,,,,,,,,,,,5,2,2,1,3
200500057627,0005-09-04 13:10:00,5,9,4,13,10,140,225.0,MARIUS TREFOUEL (PLACE),,,Plein jour,En agglomération,Hors intersection,Normale,Deux véhicules - côté,,,,,,,,,,,1,2,1,1,3
200500057628,0005-09-26 09:35:00,5,9,26,9,35,140,366.0,"2, MOULIN A TAN (RUE)",,,Plein jour,En agglomération,Hors intersection,Normale,Autre collision,,,,,,,,,,,1,2,1,1,6
200500057629,0005-09-03 09:55:00,5,9,3,9,55,140,715.0,"6, GENERAL DE GAULLE (RU",,,Plein jour,En agglomération,Hors intersection,Normale,Autre collision,,,,,,,,,,,1,2,1,1,6
200500057630,0005-09-03 20:20:00,5,9,3,20,20,140,557.0,GLAISIERES (RUE DES),,,Plein jour,En agglomération,Hors intersection,Normale,Deux véhicules - frontale,,,,,,,,,,,1,2,1,1,1
200500057631,0005-09-14 17:30:00,5,9,14,17,30,140,220.0,HOCQUART DE TURTOT (AVEN,,,Plein jour,En agglomération,Intersection en X,Normale,Deux véhicules - côté,,,,,,,,,,,1,2,2,1,3
200500057632,0005-09-13 00:10:00,5,9,13,0,10,140,220.0,CORNUCHE (BOULEVARD),,,Nuit avec éclairage allumé,En agglomération,Hors intersection,Normale,Deux véhicules - côté,,,,,,,,,,,5,2,1,1,3
200500057633,0005-09-26 15:00:00,5,9,26,15,0,150,14.0,"34, DOCTEUR CHANAL (RUE",,,Plein jour,En agglomération,Hors intersection,Normale,Autre collision,,,,,,,,,,,1,2,1,1,6
200500057634,0005-09-01 00:30:00,5,9,1,0,30,160,15.0,"5, AUVERGNE (BOULEVARD D",,,Nuit avec éclairage allumé,En agglomération,Hors intersection,Normale,Autre collision,,,,,,,,,,,5,2,1,1,6
200500057635,0005-09-02 21:15:00,5,9,2,21,15,160,15.0,"346, BORDEAUX (ROUTE DE",,,Crépuscule ou aube,En agglomération,Intersection en X,Normale,Deux véhicules - côté,,,,,,,,,,,2,2,2,1,3
200500057636,0005-09-02 16:35:00,5,9,2,16,35,160,341.0,REPUBLIQUE (AVENUE DE LA,,,Plein jour,En agglomération,Hors intersection,Normale,Autre collision,,,,,,,,,,,1,2,1,1,6
200500057637,0005-09-06 15:50:00,5,9,6,15,50,160,15.0,MOULIN (BOULEVARD JEAN),,,Plein jour,En agglomération,Intersection en T,Pluie forte,Deux véhicules - côté,,,,,,,,,,,1,2,3,3,3
200500057638,0005-09-15 08:25:00,5,9,15,8,25,160,113.0,"4, GARE (AVENUE DE LA)",,,Plein jour,En agglomération,Hors intersection,Normale,Autre collision,,,,,,,,,,,1,2,1,1,6
200500057639,0005-09-15 22:10:00,5,9,15,22,10,160,15.0,"422, NAVARRE (AVENUE DE)",,,Nuit avec éclairage allumé,En agglomération,Hors intersection,Normale,Deux véhicules - côté,,,,,,,,,,,5,2,1,1,3