accident_id,datetime,annee,mois,jour,heure,minute,departement,commune_insee,adresse,latitude,longitude,luminosite,agglomeration,intersection,meteo,collision,nb_vehicules,nb_usagers,nb_indemnes,nb_tues,nb_blesses_hosp,nb_blesses_legers,age_cond_1,age_cond_2,veh_type_cond_1,veh_type_cond_2,lum_code,agg_code,int_code,atm_code,col_code
200500057769,0005-09-23 13:55:00,5,9,23,13,55,210,231.0,"109, DRAPEAU (DU) (AVENU",,,Plein jour,En agglomération,Intersection en T,Normale,Deux véhicules - côté,,,,,,,,,,,1,2,3,1,3
200500057770,0005-09-26 12:15:00,5,9,26,12,15,210,231.0,DOCTEUR PETITJEAN (BOULE,,,Plein jour,En agglomération,Hors intersection,Normale,Autre collision,,,,,,,,,,,1,2,1,1,6
200500057771,0005-09-26 12:53:00,5,9,26,12,53,210,231.0,"17, JOUVENCE (DE) (RUE)",,,Plein jour,En agglomération,Intersection en T,Normale,Deux véhicules - frontale,,,,,,,,,,,1,2,3,1,1
200500057772,0005-09-26 18:32:00,5,9,26,18,32,210,166.0,ROLAND CARRAZ (AVENUE),,,Plein jour,En agglomération,Intersection en X,Normale,Deux véhicules - frontale,,,,,,,,,,,1,2,2,1,1
200500057773,0005-09-27 17:56:00,5,9,27,17,56,210,231.0,"17, JACQUES CELLERIER (R",,,Plein jour,En agglomération,Intersection en X,Normale,Autre collision,,,,,,,,,,,1,2,2,1,6
200500057774,0005-09-28 20:35:00,5,9,28,20,35,210,231.0,"17, DARCY (PLACE)",,,Nuit avec éclairage allumé,En agglomération,Place,Normale,Autre collision,,,,,,,,,,,5,2,7,1,6
200500057775,0005-09-29 15:05:00,5,9,29,15,5,210,231.0,"9, SEVIGNE (DE) (BOULEVA",,,Plein jour,En agglomération,Hors intersection,Normale,Deux véhicules - côté,,,,,,,,,,,1,2,1,1,3
200500057776,0005-09-30 11:39:00,5,9,30,11,39,210,355.0,122 A (CD),,,Plein jour,En agglomération,Intersection en X,Normale,Deux véhicules - côté,,,,,,,,,,,1,2,2,1,3
200500057777,0005-09-30 13:21:00,5,9,30,13,21,210,231.0,"31, BOURROCHES (DES) (BO",,,Plein jour,En agglomération,Intersection en X,Normale,Trois véhicules et plus - en chaîne,,,,,,,,,,,1,2,2,1,4
200500057778,0005-09-30 18:55:00,5,9,30,18,55,210,166.0,"113, ROLAND CARRAZ (AVEN",,,Crépuscule ou aube,En agglomération,Hors intersection,Normale,Deux véhicules - côté,,,,,,,,,,,2,2,1,1,3
200500057779,0005-09-06 01:55:00,5,9,6,1,55,220,50.0,54 RUE DE LA PETITE HAIE,,,Nuit avec éclairage allumé,En agglomération,Giratoire,Normale,Autre collision,,,,,,,,,,,5,2,6,1,6
200500057780,0005-09-22 07:48:00,5,9,22,7,48,220,50.0,"198, ANDRE AUBERT (BOULE",,,Plein jour,En agglomération,Hors intersection,Brouillard / fumée,Autre collision,,,,,,,,,,,1,2,1,5,6
200500057781,0005-09-02 08:12:00,5,9,2,8,12,220,360.0,"2, VERDUN (RUE DE)",,,Plein jour,En agglomération,Hors intersection,Normale,Autre collision,,,,,,,,,,,1,2,1,1,6
200500057782,0005-09-02 14:40:00,5,9,2,14,40,220,278.0,"2, LYCEENS-MARTYRS (DES)",,,Plein jour,En agglomération,Hors intersection,Normale,Autre collision,,,,,,,,,,,1,2,1,1,6
200500057783,0005-09-02 10:30:00,5,9,2,10,30,220,278.0,"68, WALDECK-ROUSSEAU (BD",,,Plein jour,En agglomération,Hors intersection,Normale,Autre collision,,,,,,,,,,,1,2,1,1,6
200500057784,0005-09-08 13:50:00,5,9,8,13,50,220,278.0,"0, SAINT-MICHEL (PL.)",,,Plein jour,En agglomération,Intersection en X,Normale,Deux véhicules - côté,,,,,,,,,,,1,2,2,1,3
200500057785,0005-09-13 22:10:00,5,9,13,22,10,220,278.0,"23, SAINT-BENOIT (ET ESP",,,Nuit avec éclairage allumé,En agglomération,Giratoire,Normale,Deux véhicules - frontale,,,,,,,,,,,5,2,6,1,1
200500057786,0005-09-16 11:05:00,5,9,16,11,5,220,278.0,"0, ROCHE-GAUTIER (DE LA)",,,Plein jour,En agglomération,Hors intersection,Pluie légère,Deux véhicules - arrière,,,,,,,,,,,1,2,1,2,2
200500057787,0005-09-19 09:20:00,5,9,19,9,20,220,278.0,"35, CLEMENCEAU (BD)",,,Plein jour,En agglomération,Hors intersection,Normale,Autre collision,,,,,,,,,,,1,2,1,1,6
200500057788,0005-09-22 16:40:00,5,9,22,16,40,220,278.0,"11, FEVAL (PAUL)",,,Plein jour,En agglomération,Hors intersection,Normale,Autre collision,,,,,,,,,,,1,2,1,1,6
200500057789,0005-09-28 13:40:00,5,9,28,13,40,220,278.0,"0, CHAPTAL",,,Plein jour,En agglomération,Hors intersection,Normale,Deux véhicules - arrière,,,,,,,,,,,1,2,1,1,2
200500057790,0005-09-26 19:25:00,5,9,26,19,25,220,215.0,"0, FREHEL RUE DE)",,,Plein jour,En agglomération,Hors intersection,Normale,Autre collision,,,,,,,,,,,1,2,1,1,6
200500057791,0005-09-30 15:50:00,5,9,30,15,50,220,278.0,"0, AMPERE",,,Plein jour,En agglomération,Giratoire,Normale,Deux véhicules - côté,,,,,,,,,,,1,2,6,1,3
200500057792,0005-09-08 08:20:00,5,9,8,8,20,220,278.0,"0, PROUST (MARCEL)",,,Plein jour,En agglomération,Hors intersection,Normale,Deux véhicules - côté,,,,,,,,,,,1,2,1,1,3
200500057793,0005-09-23 23:00:00,5,9,23,23,0,220,278.0,"0, CLEMENCEAU (BD)",,,Nuit avec éclairage allumé,En agglomération,Giratoire,Normale,Autre collision,,,,,,,,,,,5,2,6,1,6
200500057794,0005-09-19 20:00:00,5,9,19,20,0,230,96.0,"26, BEAUREGARD (RUE DE)",,,Crépuscule ou aube,En agglomération,Hors intersection,Normale,Autre collision,,,,,,,,,,,2,2,1,1,6
200500057795,0005-09-28 07:45:00,5,9,28,7,45,230,96.0,"100, COURTILLE (ROUTE DE",,,Crépuscule ou aube,En agglomération,Hors intersection,Pluie légère,Autre collision,,,,,,,,,,,2,2,1,2,6
200500057796,0005-09-30 16:10:00,5,9,30,16,10,230,96.0,SENATORERIE (AVENUE DE L,,,Plein jour,En agglomération,Hors intersection,Normale,Autre collision,,,,,,,,,,,1,2,1,1,6
200500057797,0005-09-01 10:15:00,5,9,1,10,15,240,37.0,"43, RESISTANCE (RUE DE L",,,Plein jour,En agglomération,Hors intersection,Normale,Autre collision,,,,,,,,,,,1,2,1,1,6
200500057798,0005-09-16 23:30:00,5,9,16,23,30,240,37.0,RD 660,,,Nuit avec éclairage allumé,En agglomération,Hors intersection,Pluie forte,Trois véhicules et plus - collisions multiples,,,,,,,,,,,5,2,1,3,5
200500057799,0005-09-03 10:26:00,5,9,3,10,26,240,102.0,"72, JAURES (AVENUE JEAN)",,,Plein jour,En agglomération,Hors intersection,Normale,Autre collision,,,,,,,,,,,1,2,1,1,6
200500057800,0005-09-06 22:12:00,5,9,6,22,12,240,138.0,"00, CERF (ROND POINT DU)",,,Nuit sans éclairage public,En agglomération,Hors intersection,Pluie légère,Autre collision,,,,,,,,,,,3,2,1,2,6
200500057801,0005-09-07 14:52:00,5,9,7,14,52,240,557.0,"108, GRANDOU (AVENUE MIC",,,Plein jour,En agglomération,Hors intersection,Normale,Autre collision,,,,,,,,,,,1,2,1,1,6
200500057802,0005-09-07 16:25:00,5,9,7,16,25,240,53.0,"01, BAINS (RUE DES)",,,Plein jour,En agglomération,Hors intersection,Normale,Deux véhicules - frontale,,,,,,,,,,,1,2,1,1,1
200500057803,0005-09-07 19:50:00,5,9,7,19,50,240,53.0,PAUL (AVENUE MARCEL),,,Plein jour,En agglomération,Giratoire,Normale,Deux véhicules - arrière,,,,,,,,,,,1,2,6,1,2
200500057804,0005-09-09 12:39:00,5,9,9,12,39,240,138.0,"00, PEYPELUT  (AVENUE DE",,,Plein jour,En agglomération,Hors intersection,Normale,Autre collision,,,,,,,,,,,1,2,1,1,6
200500057805,0005-09-12 16:36:00,5,9,12,16,36,240,138.0,"00, PEYPELUT  (AVENUE DE",,,Plein jour,En agglomération,Hors intersection,Pluie légère,Autre collision,,,,,,,,,,,1,2,1,2,6
200500057806,0005-09-13 16:42:00,5,9,13,16,42,240,102.0,"00, RIBERAC (ROUTE DE)",,,Plein jour,En agglomération,Hors intersection,Normale,Autre collision,,,,,,,,,,,1,2,1,1,6
200500057807,0005-09-14 14:48:00,5,9,14,14,48,240,322.0,"5, TOURNY (ALLEE DE)",,,Plein jour,En agglomération,Giratoire,Normale,Autre collision,,,,,,,,,,,1,2,6,1,6
200500057808,0005-09-17 16:16:00,5,9,17,16,16,240,322.0,"2 Bis, GADAUD ( RUE ANTO",,,Plein jour,En agglomération,Intersection en T,Normale,Autre collision,,,,,,,,,,,1,2,3,1,6
200500057809,0005-09-21 16:25:00,5,9,21,16,25,240,322.0,"01, MONTAIGNE (COURS MIC",,,Plein jour,En agglomération,Autre intersection,Normale,Autre collision,,,,,,,,,,,1,2,9,1,6
200500057810,0005-09-24 09:46:00,5,9,24,9,46,240,322.0,POMPIDOU (AVENUE GEORGES,,,Plein jour,En agglomération,Intersection en T,Normale,Autre collision,,,,,,,,,,,1,2,3,1,6
200500057811,0005-09-01 12:18:00,5,9,1,12,18,250,56.0,RN 1057 (BD CHURCHIL-ROU,,,Plein jour,En agglomération,Hors intersection,Normale,Autre collision,,,,,,,,,,,1,2,1,1,6
200500057812,0005-09-01 19:00:00,5,9,1,19,0,250,56.0,"SANS, BRETON RUE ANDRE",,,Plein jour,En agglomération,Hors intersection,Normale,Deux véhicules - arrière,,,,,,,,,,,1,2,1,1,2
200500057813,0005-09-02 08:57:00,5,9,2,8,57,250,56.0,"01, ILE DE FRANCE AVENUE",,,Plein jour,En agglomération,Hors intersection,Normale,Autre collision,,,,,,,,,,,1,2,1,1,6
200500057814,0005-09-02 10:05:00,5,9,2,10,5,250,56.0,"SANS, DOLE RUE DE >200",,,Plein jour,En agglomération,Hors intersection,Normale,Autre collision,,,,,,,,,,,1,2,1,1,6
200500057815,0005-09-03 10:15:00,5,9,3,10,15,250,56.0,"sans, TARRAGNOZ FAUBOURG",,,Plein jour,En agglomération,Hors intersection,Normale,Deux véhicules - côté,,,,,,,,,,,1,2,1,1,3
200500057816,0005-09-04 21:00:00,5,9,4,21,0,250,56.0,MITTERAND AVENUE FRANCOI,,,Nuit avec éclairage allumé,En agglomération,Giratoire,Normale,Deux véhicules - côté,,,,,,,,,,,5,2,6,1,3
200500057817,0005-09-06 07:44:00,5,9,6,7,44,250,56.0,"31TER, TREY  RUE DE < 36",,,Plein jour,En agglomération,Hors intersection,Normale,Autre collision,,,,,,,,,,,1,2,1,1,6
200500057818,0005-09-02 11:37:00,5,9,2,11,37,250,56.0,"sans, BELFORT RUE DE <14",,,Plein jour,En agglomération,Hors intersection,Normale,Autre collision,,,,,,,,,,,1,2,1,1,6
200500057819,0005-09-09 07:30:00,5,9,9,7,30,250,56.0,"SANS, DOLE RUE DE >200",,,Plein jour,En agglomération,Hors intersection,Pluie légère,Deux véhicules - arrière,,,,,,,,,,,1,2,1,2,2
200500057820,0005-09-09 13:15:00,5,9,9,13,15,250,56.0,DROZ   AVENUE EDOUARD,,,Plein jour,En agglomération,Hors intersection,Normale,Deux véhicules - arrière,,,,,,,,,,,1,2,1,1,2
200500057821,0005-09-14 11:53:00,5,9,14,11,53,250,56.0,"7 b, VOIRIN RUE",,,Plein jour,En agglomération,Hors intersection,Normale,Autre collision,,,,,,,,,,,1,2,1,1,6
200500057822,0005-09-15 12:50:00,5,9,15,12,50,250,56.0,"26, FONTAINE ECU RUE DE",,,Plein jour,En agglomération,Hors intersection,Normale,Autre collision,,,,,,,,,,,1,2,1,1,6
200500057823,0005-09-16 11:00:00,5,9,16,11,0,250,56.0,"09, PALENTE  CHEMIN DE",,,Plein jour,En agglomération,Hors intersection,Normale,Deux véhicules - frontale,,,,,,,,,,,1,2,1,1,1
200500057824,0005-09-22 11:15:00,5,9,22,11,15,250,56.0,"2, BRES  RUE MADELEINE",,,Plein jour,En agglomération,Hors intersection,Normale,Autre collision,,,,,,,,,,,1,2,1,1,6
200500057825,0005-09-22 12:10:00,5,9,22,12,10,250,56.0,"4 A, ILE DE FRANCE AVENU",,,Plein jour,En agglomération,Hors intersection,Normale,Autre collision,,,,,,,,,,,1,2,1,1,6
200500057826,0005-09-23 13:02:00,5,9,23,13,2,250,56.0,"10, BLUM BOULEVARD LEON",,,Plein jour,En agglomération,Hors intersection,Normale,Deux véhicules - frontale,,,,,,,,,,,1,2,1,1,1
200500057827,0005-09-24 15:40:00,5,9,24,15,40,250,56.0,"150, BELFORT RUE DE BELF",,,Plein jour,En agglomération,Hors intersection,Temps éblouissant,Deux véhicules - côté,,,,,,,,,,,1,2,1,7,3
200500057828,0005-09-25 16:30:00,5,9,25,16,30,250,56.0,"SANS, MAZAGRAN CHEMIN DE",,,Plein jour,En agglomération,Hors intersection,Normale,Autre collision,,,,,,,,,,,1,2,1,1,6
200500057829,0005-09-26 21:30:00,5,9,26,21,30,250,56.0,VIOLET RUE,,,Nuit avec éclairage allumé,En agglomération,Hors intersection,Normale,Sans collision,,,,,,,,,,,5,2,1,1,7
200500057830,0005-09-27 12:13:00,5,9,27,12,13,250,56.0,"02, BELFORT RUE DE <144",,,Plein jour,En agglomération,Intersection en Y,Normale,Deux véhicules - côté,,,,,,,,,,,1,2,4,1,3
200500057831,0005-09-27 18:20:00,5,9,27,18,20,250,56.0,"SANS, BELLAY RUE JOACHIM",,,Plein jour,En agglomération,Hors intersection,Normale,Deux véhicules - arrière,,,,,,,,,,,1,2,1,1,2
200500057832,0005-09-28 07:50:00,5,9,28,7,50,250,56.0,"SANS, MORRE ROUTE DE",,,Plein jour,En agglomération,Intersection en Y,Normale,Deux véhicules - frontale,,,,,,,,,,,1,2,4,1,1
200500057833,0005-09-28 16:18:00,5,9,28,16,18,250,56.0,CLERC RUE FRANCIS < 29,,,Plein jour,En agglomération,Hors intersection,Normale,Deux véhicules - arrière,,,,,,,,,,,1,2,1,1,2
200500057834,0005-09-30 13:57:00,5,9,30,13,57,250,56.0,"SANS, BLUM  BOULEVARD LE",,,Plein jour,En agglomération,Intersection en X,Normale,Deux véhicules - frontale,,,,,,,,,,,1,2,2,1,1
200500057835,0005-09-30 01:30:00,5,9,30,1,30,250,56.0,"56, DOLE RUE DE <82",,,Nuit avec éclairage allumé,En agglomération,Hors intersection,Pluie légère,Deux véhicules - arrière,,,,,,,,,,,5,2,1,2,2
200500057836,0005-09-06 15:40:00,5,9,6,15,40,250,31.0,"30, JAURES (AVENUE JEAN)",,,Plein jour,En agglomération,Hors intersection,Normale,Deux véhicules - côté,,,,,,,,,,,1,2,1,1,3
200500057837,0005-09-08 01:30:00,5,9,8,1,30,250,580.0,"56, GRAVIERS (RUE DES)",,,Nuit avec éclairage allumé,En agglomération,Hors intersection,Normale,Autre collision,,,,,,,,,,,5,2,1,1,6
200500057838,0005-09-10 14:15:00,5,9,10,14,15,250,388.0,"00, BETHONCOURT (ROUTE D",,,Plein jour,En agglomération,Hors intersection,Normale,Deux véhicules - côté,,,,,,,,,,,1,2,1,1,3
200500057839,0005-09-15 18:25:00,5,9,15,18,25,250,31.0,"9, KUENZMAN (RUE VICTOR)",,,Plein jour,Hors agglomération,Hors intersection,Normale,Deux véhicules - côté,,,,,,,,,,,1,1,1,1,3
200500057840,0005-09-14 16:05:00,5,9,14,16,5,250,230.0,"ROCADE, BOUQUIERES (RUE",,,Plein jour,Hors agglomération,Hors intersection,Normale,Autre collision,,,,,,,,,,,1,1,1,1,6
200500057841,0005-09-24 07:15:00,5,9,24,7,15,250,204.0,R-N 57.,,,Crépuscule ou aube,Hors agglomération,Giratoire,Brouillard / fumée,Autre collision,,,,,,,,,,,2,1,6,5,6
200500057842,0005-09-24 13:55:00,5,9,24,13,55,250,462.0,ROCADE G.POMPIDOU ( DE 0,,,Plein jour,En agglomération,Hors intersection,Normale,Deux véhicules - frontale,,,,,,,,,,,1,2,1,1,1
200500057843,0005-09-04 13:10:00,5,9,4,13,10,260,198.0,RN 7,,,Plein jour,Hors agglomération,Intersection en X,Normale,Deux véhicules - côté,,,,,,,,,,,1,1,2,1,3
200500057844,0005-09-07 12:25:00,5,9,7,12,25,260,198.0,"SANS NR, RN 7",,,Plein jour,Hors agglomération,Hors intersection,Normale,Deux véhicules - côté,,,,,,,,,,,1,1,1,1,3
200500057845,0005-09-09 11:25:00,5,9,9,11,25,260,198.0,ROCHEMAURE (ROUTE DE),,,Plein jour,Hors agglomération,Intersection en X,Normale,Deux véhicules - arrière,,,,,,,,,,,1,1,2,1,2
200500057846,0005-09-18 02:15:00,5,9,18,2,15,260,198.0,"sans n°, DESMARAIS (BOUL",,,Nuit avec éclairage allumé,En agglomération,Hors intersection,Normale,Autre collision,,,,,,,,,,,5,2,1,1,6
200500057847,0005-09-26 07:30:00,5,9,26,7,30,260,198.0,"1, JAURES (AVENUE JEAN)",,,Plein jour,En agglomération,Hors intersection,Normale,Sans collision,,,,,,,,,,,1,2,1,1,7
200500057848,0005-09-28 13:50:00,5,9,28,13,50,260,198.0,"SANS NR, EIFFEL (RUE GUS",,,Plein jour,En agglomération,Intersection en T,Normale,Deux véhicules - côté,,,,,,,,,,,1,2,3,1,3
200500057849,0005-09-01 17:07:00,5,9,1,17,7,260,281.0,CHANOINE J.CHEVALIER (AV,,,Plein jour,En agglomération,Intersection en X,Normale,Deux véhicules - côté,,,,,,,,,,,1,2,2,1,3
200500057850,0005-09-08 18:23:00,5,9,8,18,23,260,57.0,GRAND'RUE JEAN JAURES,,,Plein jour,En agglomération,Intersection en T,Pluie légère,Deux véhicules - arrière,,,,,,,,,,,1,2,3,2,2
200500057851,0005-09-10 01:57:00,5,9,10,1,57,260,57.0,"NEANT, SIRONI H. (RUE)",,,Nuit avec éclairage non allumé,En agglomération,Hors intersection,Normale,Autre collision,,,,,,,,,,,4,2,1,1,6
200500057852,0005-09-15 17:15:00,5,9,15,17,15,260,57.0,VALLON ANTONIN (RUE),,,Plein jour,En agglomération,Intersection à plus de 4 branches,Normale,Autre collision,,,,,,,,,,,1,2,5,1,6
200500057853,0005-09-16 07:50:00,5,9,16,7,50,260,57.0,"NEANT, VIVARAIS ( ALLEE",,,Plein jour,En agglomération,Hors intersection,Normale,Autre collision,,,,,,,,,,,1,2,1,1,6
200500057854,0005-09-23 12:15:00,5,9,23,12,15,260,281.0,"NEANT, LIBERATION (BOULE",,,Plein jour,En agglomération,Hors intersection,Normale,Deux véhicules - arrière,,,,,,,,,,,1,2,1,1,2
200500057855,0005-09-24 10:00:00,5,9,24,10,0,260,281.0,MAQUIS (AVENUE DU),,,Plein jour,En agglomération,Giratoire,Normale,Autre collision,,,,,,,,,,,1,2,6,1,6
200500057856,0005-09-24 11:45:00,5,9,24,11,45,260,281.0,"14, DEPORTATION (AVENUE",,,Plein jour,En agglomération,Intersection en T,Normale,Deux véhicules - arrière,,,,,,,,,,,1,2,3,1,2
200500057857,0005-09-02 07:30:00,5,9,2,7,30,260,362.0,"sans n, ALPES RUE DES",,,Plein jour,En agglomération,Hors intersection,Normale,Autre collision,,,,,,,,,,,1,2,1,1,6
200500057858,0005-09-08 06:30:00,5,9,8,6,30,260,362.0,L.A.C.R.A  RN 7 (104),,,Crépuscule ou aube,Hors agglomération,Hors intersection,Pluie légère,Deux véhicules - frontale,,,,,,,,,,,2,1,1,2,1
200500057859,0005-09-02 08:55:00,5,9,2,8,55,260,362.0,"sans n, PEGUY RUE CHARLE",,,Plein jour,En agglomération,Intersection en T,Normale,Autre collision,,,,,,,,,,,1,2,3,1,6
200500057860,0005-09-01 09:20:00,5,9,1,9,20,260,362.0,"sans n, SERVAN RUE JOSEP",,,Plein jour,En agglomération,Intersection en X,Normale,Deux véhicules - côté,,,,,,,,,,,1,2,2,1,3
200500057861,0005-09-06 17:45:00,5,9,6,17,45,260,362.0,"sans n, VERDUN AVENUE (2",,,Crépuscule ou aube,En agglomération,Hors intersection,Pluie forte,Trois véhicules et plus - en chaîne,,,,,,,,,,,2,2,1,3,4
200500057862,0005-09-07 12:25:00,5,9,7,12,25,260,362.0,"sans n°, ROMANS AVENUE D",,,Plein jour,En agglomération,Hors intersection,Normale,Deux véhicules - arrière,,,,,,,,,,,1,2,1,1,2
200500057863,0005-09-10 18:55:00,5,9,10,18,55,260,58.0,"sans n, MOULIN D'ALBON R",,,Plein jour,En agglomération,Intersection en T,Pluie forte,Deux véhicules - côté,,,,,,,,,,,1,2,3,3,3
200500057864,0005-09-14 06:55:00,5,9,14,6,55,260,362.0,"sans n, BERTHELOT RUE",,,Crépuscule ou aube,En agglomération,Hors intersection,Normale,Deux véhicules - frontale,,,,,,,,,,,2,2,1,1,1
200500057865,0005-09-15 19:00:00,5,9,15,19,0,260,252.0,"sans n, JAURES RUE JEAN",,,Plein jour,En agglomération,Intersection en X,Normale,Autre collision,,,,,,,,,,,1,2,2,1,6
200500057866,0005-09-13 16:55:00,5,9,13,16,55,260,58.0,"sans n, LYON AVENUE DE",,,Plein jour,En agglomération,Autre intersection,Normale,Deux véhicules - côté,,,,,,,,,,,1,2,9,1,3
200500057867,0005-09-20 22:34:00,5,9,20,22,34,260,252.0,"sans n, THOREZ RUE MAURI",,,Nuit avec éclairage allumé,En agglomération,Intersection en T,Normale,Sans collision,,,,,,,,,,,5,2,3,1,7
200500057868,0005-09-21 09:05:00,5,9,21,9,5,260,58.0,"31, EBERSBASCH PLACE",,,Plein jour,En agglomération,Hors intersection,Normale,Autre collision,,,,,,,,,,,1,2,1,1,6
200500057869,0005-09-24 12:30:00,5,9,24,12,30,260,362.0,"sans n, FAURE AVENUE FEL",,,Plein jour,En agglomération,Hors intersection,Normale,Autre collision,,,,,,,,,,,1,2,1,1,6
200500057870,0005-09-25 04:05:00,5,9,25,4,5,260,362.0,"sans n, PROVENCE AVENUE",,,Nuit avec éclairage allumé,En agglomération,Hors intersection,Normale,Sans collision,,,,,,,,,,,5,2,1,1,7
200500057871,0005-09-25 15:10:00,5,9,25,15,10,260,362.0,"sans n°, REPUBLIQUE PLAC",,,Plein jour,En agglomération,Hors intersection,Normale,Deux véhicules - côté,,,,,,,,,,,1,2,1,1,3
200500057872,0005-09-26 18:35:00,5,9,26,18,35,260,362.0,"sans n°, SANTY AVENUE DO",,,Plein jour,En agglomération,Giratoire,Normale,Deux véhicules - côté,,,,,,,,,,,1,2,6,1,3
200500057873,0005-09-29 07:50:00,5,9,29,7,50,260,58.0,"sans n°, LYON AVENUE DE",,,Plein jour,En agglomération,Hors intersection,Normale,Autre collision,,,,,,,,,,,1,2,1,1,6
200500057874,0005-09-29 13:00:00,5,9,29,13,0,260,362.0,"75, CARNOT AVENUE SADI",,,Plein jour,En agglomération,Hors intersection,Normale,Deux véhicules - arrière,,,,,,,,,,,1,2,1,1,2
200500057875,0005-09-30 14:45:00,5,9,30,14,45,260,58.0,L.A.C.R.A RN7 (BLV),,,Plein jour,Hors agglomération,Hors intersection,Normale,Trois véhicules et plus - collisions multiples,,,,,,,,,,,1,1,1,1,5
200500057876,0005-09-22 11:27:00,5,9,22,11,27,260,362.0,"sans n°, BANCEL BOULEVAR",,,Plein jour,En agglomération,Hors intersection,Normale,Autre collision,,,,,,,,,,,1,2,1,1,6
200500057877,0005-09-28 07:50:00,5,9,28,7,50,260,362.0,"sans n°, VAUBAN BOULEVAR",,,Plein jour,En agglomération,Hors intersection,Normale,Autre collision,,,,,,,,,,,1,2,1,1,6
200500057878,0005-09-02 09:15:00,5,9,2,9,15,270,229.0,"4, ARGENCE (RUE D')",,,Plein jour,En agglomération,Intersection en T,Normale,Autre collision,,,,,,,,,,,1,2,3,1,6
200500057879,0005-09-17 12:45:00,5,9,17,12,45,270,229.0,"7, SEMARD (RUE PIERRE)",,,Plein jour,En agglomération,Hors intersection,Normale,Deux véhicules - côté,,,,,,,,,,,1,2,1,1,3
200500057880,0005-09-17 15:00:00,5,9,17,15,0,270,229.0,"33, NORMANDIE (BOULEVARD",,,Plein jour,En agglomération,Hors intersection,Normale,Deux véhicules - côté,,,,,,,,,,,1,2,1,1,3
200500057881,0005-09-23 18:05:00,5,9,23,18,5,270,229.0,"45, QUATORZE JUILLET (BO",,,Plein jour,En agglomération,Hors intersection,Normale,Trois véhicules et plus - en chaîne,,,,,,,,,,,1,2,1,1,4
200500057882,0005-09-03 11:25:00,5,9,3,11,25,270,375.0,"22, SAINT GERMAIN (RUE)",,,Plein jour,En agglomération,Hors intersection,Normale,Sans collision,,,,,,,,,,,1,2,1,1,7
200500057883,0005-09-04 15:45:00,5,9,4,15,45,270,375.0,"40, PARIS (ROUTE DE)",,,Plein jour,En agglomération,Hors intersection,Normale,Sans collision,,,,,,,,,,,1,2,1,1,7
200500057884,0005-09-09 12:00:00,5,9,9,12,0,270,701.0,"10, BLANCHE (CH. DE LA V",,,Plein jour,En agglomération,Intersection en X,Normale,Deux véhicules - côté,,,,,,,,,,,1,2,2,1,3
200500057885,0005-09-12 20:45:00,5,9,12,20,45,270,375.0,SAINT PIERRE (ROUTE DE),,,Plein jour,En agglomération,Hors intersection,Normale,Autre collision,,,,,,,,,,,1,2,1,1,6
200500057886,0005-09-19 13:20:00,5,9,19,13,20,270,375.0,ECHO (RUE DE L'),,,Plein jour,En agglomération,Hors intersection,Normale,Deux véhicules - arrière,,,,,,,,,,,1,2,1,1,2
200500057887,0005-09-22 13:50:00,5,9,22,13,50,270,351.0,"01, METIERS (AVENUE DES)",,,Plein jour,Hors agglomération,Intersection en T,Normale,Autre collision,,,,,,,,,,,1,1,3,1,6
200500057888,0005-09-23 17:55:00,5,9,23,17,55,270,351.0,FORET (RUE DE LA),,,Plein jour,En agglomération,Giratoire,Normale,Deux véhicules - côté,,,,,,,,,,,1,2,6,1,3
200500057889,0005-09-25 18:15:00,5,9,25,18,15,270,528.0,"1, DE GAULLE (RUE DU GEN",,,Plein jour,En agglomération,Intersection en X,Normale,Deux véhicules - côté,,,,,,,,,,,1,2,2,1,3
200500057890,0005-09-12 08:20:00,5,9,12,8,20,270,375.0,"6, CLEMENCEAU (BOULEVARD",,,Plein jour,En agglomération,Hors intersection,Normale,Deux véhicules - côté,,,,,,,,,,,1,2,1,1,3
200500057891,0005-09-04 01:45:00,5,9,4,1,45,270,681.0,"52, ROUEN (AVENUE DE)",,,Nuit sans éclairage public,En agglomération,Hors intersection,Normale,Autre collision,,,,,,,,,,,3,2,1,1,6
200500057892,0005-09-02 12:00:00,5,9,2,12,0,270,681.0,OGEREAU (RUE),,,Plein jour,En agglomération,Hors intersection,Normale,Sans collision,,,,,,,,,,,1,2,1,1,7
200500057893,0005-09-10 17:10:00,5,9,10,17,10,270,681.0,MENDES FRANCE (AVENUE PI,,,Plein jour,En agglomération,Hors intersection,Normale,Autre collision,,,,,,,,,,,1,2,1,1,6
200500057894,0005-09-02 14:05:00,5,9,2,14,5,270,681.0,AZEMIA (BOULEVARD GEORGE,,,Plein jour,En agglomération,Hors intersection,Normale,Sans collision,,,,,,,,,,,1,2,1,1,7
200500057895,0005-09-17 01:50:00,5,9,17,1,50,270,681.0,MARCHE AUX CHEVAUX (C. D,,,Nuit avec éclairage allumé,En agglomération,Hors intersection,Autre,Autre collision,,,,,,,,,,,5,2,1,9,6
200500057896,0005-09-18 22:15:00,5,9,18,22,15,270,681.0,PARIS (AVENUE DE),,,Nuit avec éclairage allumé,En agglomération,Intersection en X,Normale,Deux véhicules - frontale,,,,,,,,,,,5,2,2,1,1
200500057897,0005-09-23 08:20:00,5,9,23,8,20,270,562.0,FERRY (RUE ET PLACE JULE,,,Plein jour,En agglomération,Hors intersection,Normale,Sans collision,,,,,,,,,,,1,2,1,1,7
200500057898,0005-09-28 15:30:00,5,9,28,15,30,270,681.0,DE LATTRE DE TASSIGNY (A,,,Plein jour,Hors agglomération,Hors intersection,Normale,Autre collision,,,,,,,,,,,1,1,1,1,6
200500057899,0005-09-28 12:30:00,5,9,28,12,30,270,681.0,FOSSE DIARD (SENTE DE LA,,,Plein jour,En agglomération,Hors intersection,Autre,Autre collision,,,,,,,,,,,1,2,1,9,6