accident_id,datetime,annee,mois,jour,heure,minute,departement,commune_insee,adresse,latitude,longitude,luminosite,agglomeration,intersection,meteo,collision,nb_vehicules,nb_usagers,nb_indemnes,nb_tues,nb_blesses_hosp,nb_blesses_legers,age_cond_1,age_cond_2,veh_type_cond_1,veh_type_cond_2,lum_code,agg_code,int_code,atm_code,col_code
200500057900,0005-09-03 12:15:00,5,9,3,12,15,270,554.0,ROUEN (AVENUE DE),,,Plein jour,En agglomération,Intersection en T,Normale,Deux véhicules - arrière,,,,,,,,,,,1,2,3,1,2
200500057901,0005-09-23 18:00:00,5,9,23,18,0,270,681.0,DOCTEUR CHANOINE,,,Plein jour,En agglomération,Intersection en Y,Normale,Deux véhicules - côté,,,,,,,,,,,1,2,4,1,3
200500057902,0005-09-18 17:45:00,5,9,18,17,45,270,681.0,"0, GAMBETTA (AVENUE)",,,Plein jour,En agglomération,Intersection en X,Normale,Autre collision,,,,,,,,,,,1,2,2,1,6
200500057903,0005-09-01 18:55:00,5,9,1,18,55,280,229.0,"150, REPUBLIQUE (rue de",,,Plein jour,En agglomération,Hors intersection,Normale,Autre collision,,,,,,,,,,,1,2,1,1,6
200500057904,0005-09-02 20:05:00,5,9,2,20,5,280,85.0,"104, FAUBOURG SAINT JEAN",,,Plein jour,En agglomération,Hors intersection,Normale,Deux véhicules - côté,,,,,,,,,,,1,2,1,1,3
200500057905,0005-09-10 14:30:00,5,9,10,14,30,280,85.0,"SANS, BOURGNEUF (RUE DU)",,,Plein jour,En agglomération,Hors intersection,Normale,Deux véhicules - côté,,,,,,,,,,,1,2,1,1,3
200500057906,0005-09-11 16:05:00,5,9,11,16,5,280,85.0,"SANS, GRANDES PLANTES (R",,,Plein jour,En agglomération,Intersection en T,Normale,Autre collision,,,,,,,,,,,1,2,3,1,6
200500057907,0005-09-20 14:10:00,5,9,20,14,10,280,110.0,RN 123 (ROCADE),,,Plein jour,Hors agglomération,Hors intersection,Normale,Deux véhicules - côté,,,,,,,,,,,1,1,1,1,3
200500057908,0005-09-20 16:25:00,5,9,20,16,25,280,85.0,"2, BEAUCE (AVENUE JEHAN",,,Plein jour,En agglomération,Hors intersection,Normale,Autre collision,,,,,,,,,,,1,2,1,1,6
200500057909,0005-09-26 16:55:00,5,9,26,16,55,280,218.0,"sans, FOREAU (RUE FRANCO",,,Plein jour,En agglomération,Intersection en T,Normale,Deux véhicules - côté,,,,,,,,,,,1,2,3,1,3
200500057910,0005-09-28 09:44:00,5,9,28,9,44,280,218.0,"sans, REPUBLIQUE (AVENUE",,,Plein jour,En agglomération,Hors intersection,Normale,Deux véhicules - arrière,,,,,,,,,,,1,2,1,1,2
200500057911,0005-09-28 13:15:00,5,9,28,13,15,280,220.0,"sans, RIBOUCHES (RUE DES",,,Plein jour,En agglomération,Hors intersection,Normale,Deux véhicules - arrière,,,,,,,,,,,1,2,1,1,2
200500057912,0005-09-01 19:10:00,5,9,1,19,10,280,404.0,RN 154,,,Plein jour,Hors agglomération,Hors intersection,Normale,Deux véhicules - côté,,,,,,,,,,,1,1,1,1,3
200500057913,0005-09-06 13:47:00,5,9,6,13,47,280,404.0,CHARTRES (AVE DE),,,Plein jour,En agglomération,Hors intersection,Normale,Trois véhicules et plus - collisions multiples,,,,,,,,,,,1,2,1,1,5
200500057914,0005-09-09 16:10:00,5,9,9,16,10,280,404.0,DUPUIS (RUE LUCIEN),,,Plein jour,En agglomération,Hors intersection,Normale,Deux véhicules - frontale,,,,,,,,,,,1,2,1,1,1
200500057915,0005-09-12 13:55:00,5,9,12,13,55,280,404.0,CHARTRES (AVE DE),,,Plein jour,En agglomération,Intersection en T,Normale,Deux véhicules - côté,,,,,,,,,,,1,2,3,1,3
200500057916,0005-09-23 11:50:00,5,9,23,11,50,280,223.0,RD 929,,,Plein jour,En agglomération,Intersection en T,Normale,Deux véhicules - côté,,,,,,,,,,,1,2,3,1,3
200500057917,0005-09-27 17:30:00,5,9,27,17,30,280,134.0,"44, KENNEDY (AVENUE DU P",,,Plein jour,En agglomération,Hors intersection,Normale,Autre collision,,,,,,,,,,,1,2,1,1,6
200500057918,0005-09-30 20:25:00,5,9,30,20,25,280,134.0,ISAACS (RUE SAM),,,Nuit avec éclairage allumé,En agglomération,Hors intersection,Pluie légère,Deux véhicules - frontale,,,,,,,,,,,5,2,1,2,1
200500057919,0005-09-01 15:10:00,5,9,1,15,10,290,19.0,"29, ARC'HANTEL (ALLEE ET",,,Plein jour,En agglomération,Hors intersection,Normale,Sans collision,,,,,,,,,,,1,2,1,1,7
200500057920,0005-09-02 04:30:00,5,9,2,4,30,290,19.0,", PONT CABIOCH (ROUTE DE",,,Nuit sans éclairage public,En agglomération,Hors intersection,Normale,Autre collision,,,,,,,,,,,3,2,1,1,6
200500057921,0005-09-04 04:15:00,5,9,4,4,15,290,19.0,"257, FRANCE ANATOLE (DE",,,Nuit avec éclairage allumé,En agglomération,Hors intersection,Normale,Autre collision,,,,,,,,,,,5,2,1,1,6
200500057922,0005-09-05 10:15:00,5,9,5,10,15,290,19.0,"1, REVEILLERE AMIRAL (N°",,,Plein jour,En agglomération,Intersection en Y,Normale,Sans collision,,,,,,,,,,,1,2,4,1,7
200500057923,0005-09-05 17:30:00,5,9,5,17,30,290,19.0,"., BLUM LEON",,,Plein jour,En agglomération,Hors intersection,Normale,Autre collision,,,,,,,,,,,1,2,1,1,6
200500057924,0005-09-06 16:10:00,5,9,6,16,10,290,19.0,"., EUROPE (DE 161 A 199)",,,Plein jour,En agglomération,Intersection en X,Normale,Autre collision,,,,,,,,,,,1,2,2,1,6
200500057925,0005-09-07 12:15:00,5,9,7,12,15,290,19.0,"20, STENDHAL",,,Plein jour,En agglomération,Hors intersection,Normale,Autre collision,,,,,,,,,,,1,2,1,1,6
200500057926,0005-09-06 18:15:00,5,9,6,18,15,290,19.0,"., ROBESPIERRE (96 ET 10",,,Plein jour,En agglomération,Intersection en X,Normale,Autre collision,,,,,,,,,,,1,2,2,1,6
200500057927,0005-09-09 09:30:00,5,9,9,9,30,290,19.0,LE GORGEU (N°29 (TOTAL)+,,,Plein jour,En agglomération,Hors intersection,Pluie légère,Deux véhicules - côté,,,,,,,,,,,1,2,1,2,3
200500057928,0005-09-09 07:50:00,5,9,9,7,50,290,19.0,"., LESVEN JULES (DE 18 A",,,Nuit avec éclairage allumé,En agglomération,Intersection en T,Normale,Deux véhicules - côté,,,,,,,,,,,5,2,3,1,3
200500057929,0005-09-09 12:10:00,5,9,9,12,10,290,19.0,"9, VILLENEUVE (RUE)",,,Plein jour,En agglomération,Hors intersection,Pluie légère,Autre collision,,,,,,,,,,,1,2,1,2,6
200500057930,0005-09-06 07:50:00,5,9,6,7,50,290,19.0,"., PORTE (DE 1 A 75 ET 2",,,Crépuscule ou aube,En agglomération,Intersection en X,Normale,Deux véhicules - côté,,,,,,,,,,,2,2,2,1,3
200500057931,0005-09-09 17:40:00,5,9,9,17,40,290,19.0,"10, COMMUNAUTE DE LA",,,Plein jour,En agglomération,Hors intersection,Normale,Deux véhicules - arrière,,,,,,,,,,,1,2,1,1,2
200500057932,0005-09-12 20:30:00,5,9,12,20,30,290,19.0,DUPUY DE LOME (DE 34 ET,,,Crépuscule ou aube,En agglomération,Hors intersection,Normale,Autre collision,,,,,,,,,,,2,2,1,1,6
200500057933,0005-09-14 07:45:00,5,9,14,7,45,290,19.0,"., LOTI PIERRE",,,Nuit avec éclairage allumé,En agglomération,Intersection en X,Normale,Sans collision,,,,,,,,,,,5,2,2,1,7
200500057934,0005-09-17 19:30:00,5,9,17,19,30,290,19.0,"., ROCH GLAS (ROUTE ET C",,,Plein jour,En agglomération,Hors intersection,Normale,Autre collision,,,,,,,,,,,1,2,1,1,6
200500057935,0005-09-20 18:25:00,5,9,20,18,25,290,19.0,"44, BOHARS",,,Plein jour,En agglomération,Hors intersection,Normale,Deux véhicules - côté,,,,,,,,,,,1,2,1,1,3
200500057936,0005-09-21 08:00:00,5,9,21,8,0,290,19.0,BOHARS (DE 53 A 123 ET 5,,,Plein jour,Hors agglomération,Intersection en T,Normale,Trois véhicules et plus - collisions multiples,,,,,,,,,,,1,1,3,1,5
200500057937,0005-09-21 17:20:00,5,9,21,17,20,290,19.0,"., VILLENEUVE (RUE)",,,Plein jour,En agglomération,Intersection en T,Normale,Deux véhicules - côté,,,,,,,,,,,1,2,3,1,3
200500057938,0005-09-22 16:25:00,5,9,22,16,25,290,19.0,"., SAINTE ANNE DU PORTZI",,,Plein jour,Hors agglomération,Hors intersection,Normale,Sans collision,,,,,,,,,,,1,1,1,1,7
200500057939,0005-09-22 17:30:00,5,9,22,17,30,290,19.0,"., PLYMOUTH (DE 89 A 135",,,Plein jour,En agglomération,Intersection en T,Normale,Autre collision,,,,,,,,,,,1,2,3,1,6
200500057940,0005-09-24 12:35:00,5,9,24,12,35,290,19.0,"., FOCH MARECHAL",,,Plein jour,En agglomération,Hors intersection,Normale,Autre collision,,,,,,,,,,,1,2,1,1,6
200500057941,0005-09-25 11:50:00,5,9,25,11,50,290,19.0,"96, GAMBETTA (N°5 DORTOI",,,Plein jour,En agglomération,Autre intersection,Normale,Deux véhicules - arrière,,,,,,,,,,,1,2,9,1,2
200500057942,0005-09-25 18:50:00,5,9,25,18,50,290,19.0,"., PREMIERE DFL (AVENUE)",,,Plein jour,En agglomération,Hors intersection,Normale,Deux véhicules - arrière,,,,,,,,,,,1,2,1,1,2
200500057943,0005-09-27 07:45:00,5,9,27,7,45,290,19.0,"., PRIGENT TANGUY (RP CA",,,Nuit avec éclairage allumé,En agglomération,Hors intersection,Normale,Deux véhicules - côté,,,,,,,,,,,5,2,1,1,3
200500057944,0005-09-27 17:10:00,5,9,27,17,10,290,19.0,"., QUIMPER (154 ET 173 A",,,Plein jour,En agglomération,Hors intersection,Pluie légère,Deux véhicules - arrière,,,,,,,,,,,1,2,1,2,2
200500057945,0005-09-28 09:48:00,5,9,28,9,48,290,19.0,"., ROND POINT DE KERVALG",,,Plein jour,En agglomération,Giratoire,Normale,Sans collision,,,,,,,,,,,1,2,6,1,7
200500057946,0005-09-29 13:20:00,5,9,29,13,20,290,19.0,"., PORTE (DE 77 A 85 ET",,,Plein jour,En agglomération,Intersection en X,Normale,Deux véhicules - côté,,,,,,,,,,,1,2,2,1,3
200500057947,0005-09-28 17:25:00,5,9,28,17,25,290,19.0,"., JAURES JEAN (DE 105 A",,,Plein jour,En agglomération,Hors intersection,Normale,Autre collision,,,,,,,,,,,1,2,1,1,6
200500057948,0005-09-30 17:35:00,5,9,30,17,35,290,19.0,"14, KERMENGUY",,,Plein jour,En agglomération,Hors intersection,Brouillard / fumée,Autre collision,,,,,,,,,,,1,2,1,5,6
200500057949,0005-09-10 12:10:00,5,9,10,12,10,290,151.0,"11, SAINT-MARTIN (PLACE)",,,Plein jour,En agglomération,Hors intersection,Normale,Deux véhicules - côté,,,,,,,,,,,1,2,1,1,3
200500057950,0005-09-11 13:50:00,5,9,11,13,50,290,232.0,TOUR D'AUVERGNE RUE DE L,,,Plein jour,En agglomération,Intersection en T,Normale,Autre collision,,,,,,,,,,,1,2,3,1,6
200500057951,0005-09-10 19:35:00,5,9,10,19,35,290,232.0,"2, DUPLEIX BOULEVARD",,,Plein jour,En agglomération,Hors intersection,Normale,Autre collision,,,,,,,,,,,1,2,1,1,6
200500057952,0005-09-26 10:40:00,5,9,26,10,40,290,232.0,"4, FRANCE LIBRE  AVENUE",,,Plein jour,En agglomération,Hors intersection,Normale,Autre collision,,,,,,,,,,,1,2,1,1,6
200500057953,0005-09-21 16:45:00,5,9,21,16,45,290,232.0,PETIT GUELEN ROUTE DU,,,Plein jour,Hors agglomération,Hors intersection,Normale,Autre collision,,,,,,,,,,,1,1,1,1,6
200500057954,0005-09-30 08:25:00,5,9,30,8,25,290,232.0,"63, ROSMADEC RUE DE",,,Plein jour,En agglomération,Autre intersection,Normale,Autre collision,,,,,,,,,,,1,2,9,1,6
200500057955,0005-09-03 20:05:00,5,9,3,20,5,300,7.0,BLANC (BD LOUIS),,,Crépuscule ou aube,En agglomération,Hors intersection,Normale,Deux véhicules - côté,,,,,,,,,,,2,2,1,1,3
200500057956,0005-09-12 13:00:00,5,9,12,13,0,300,7.0,"35, D'INDY (AVE VINCENT)",,,Plein jour,En agglomération,Hors intersection,Autre,Deux véhicules - côté,,,,,,,,,,,1,2,1,9,3
200500057957,0005-09-16 19:50:00,5,9,16,19,50,300,7.0,GAS GARDONNET (CHEMIN DU,,,Plein jour,En agglomération,Hors intersection,Normale,Autre collision,,,,,,,,,,,1,2,1,1,6
200500057958,0005-09-20 19:25:00,5,9,20,19,25,300,7.0,"12, CARNOT (AVE)",,,Plein jour,En agglomération,Hors intersection,Normale,Autre collision,,,,,,,,,,,1,2,1,1,6
200500057959,0005-09-23 19:00:00,5,9,23,19,0,300,7.0,UZES (ROUTE D'),,,Plein jour,En agglomération,Intersection en X,Normale,Deux véhicules - côté,,,,,,,,,,,1,2,2,1,3
200500057960,0005-09-20 16:45:00,5,9,20,16,45,300,7.0,"19, FAUBOURG DU SOLEIL (",,,Plein jour,En agglomération,Hors intersection,Normale,Trois véhicules et plus - collisions multiples,,,,,,,,,,,1,2,1,1,5
200500057961,0005-09-04 18:40:00,5,9,4,18,40,300,28.0,"16, MASSE (CHEMIN DE)",,,Plein jour,En agglomération,Hors intersection,Normale,Sans collision,,,,,,,,,,,1,2,1,1,7
200500057962,0005-09-08 12:10:00,5,9,8,12,10,300,28.0,"1, BORDELET (AVENUE DU)",,,Plein jour,En agglomération,Intersection en T,Pluie forte,Autre collision,,,,,,,,,,,1,2,3,3,6
200500057963,0005-09-11 19:17:00,5,9,11,19,17,300,28.0,PLANTEVIN (RUE),,,Plein jour,En agglomération,Intersection en T,Normale,Deux véhicules - côté,,,,,,,,,,,1,2,3,1,3
200500057964,0005-09-29 13:30:00,5,9,29,13,30,300,28.0,PONT SAINT ESPRIT (ROUTE,,,Plein jour,Hors agglomération,Hors intersection,Normale,Deux véhicules - arrière,,,,,,,,,,,1,1,1,1,2
200500057965,0005-09-11 19:00:00,5,9,11,19,0,300,32.0,"22, GENERAL DE GAULLE (Q",,,Plein jour,En agglomération,Hors intersection,Normale,Trois véhicules et plus - en chaîne,,,,,,,,,,,1,2,1,1,4
200500057966,0005-09-23 13:36:00,5,9,23,13,36,300,32.0,ROUTE DE BELLEGARDE (C.D,,,Plein jour,Hors agglomération,Hors intersection,Normale,Trois véhicules et plus - collisions multiples,,,,,,,,,,,1,1,1,1,5
200500057967,0005-09-02 12:40:00,5,9,2,12,40,300,189.0,HUGO VICTOR (BOULEVARD),,,Plein jour,En agglomération,Intersection en T,Normale,Sans collision,,,,,,,,,,,1,2,3,1,7
200500057968,0005-09-02 15:50:00,5,9,2,15,50,300,189.0,"., MICHEL DEBRE (RUE)",,,Plein jour,En agglomération,Intersection en X,Normale,Deux véhicules - côté,,,,,,,,,,,1,2,2,1,3
200500057969,0005-09-03 10:30:00,5,9,3,10,30,300,189.0,FAITA VINCENT (RUE),,,Plein jour,En agglomération,Hors intersection,Normale,Autre collision,,,,,,,,,,,1,2,1,1,6
200500057970,0005-09-03 13:47:00,5,9,3,13,47,300,189.0,MONTPELLIER (ROUTE DE),,,Plein jour,En agglomération,Intersection en X,Normale,Trois véhicules et plus - collisions multiples,,,,,,,,,,,1,2,2,1,5
200500057971,0005-09-05 09:31:00,5,9,5,9,31,300,189.0,"., MITTERAND FRANCOIS (A",,,Plein jour,En agglomération,Giratoire,Normale,Sans collision,,,,,,,,,,,1,2,6,1,7
200500057972,0005-09-05 13:08:00,5,9,5,13,8,300,189.0,"196, GENERAC (ROUTE)",,,Plein jour,En agglomération,Hors intersection,Normale,Autre collision,,,,,,,,,,,1,2,1,1,6
200500057973,0005-09-05 14:18:00,5,9,5,14,18,300,189.0,", MARECHAL JUIN (BOULEVA",,,Plein jour,Hors agglomération,Hors intersection,Normale,Autre collision,,,,,,,,,,,1,1,1,1,6
200500057974,0005-09-06 07:56:00,5,9,6,7,56,300,189.0,", DAYAN GEORGES (AVENUE)",,,Plein jour,En agglomération,Intersection en X,Normale,Autre collision,,,,,,,,,,,1,2,2,1,6
200500057975,0005-09-06 09:43:00,5,9,6,9,43,300,189.0,"., KENNEDY (AVENUE)",,,Plein jour,Hors agglomération,Hors intersection,Pluie forte,Deux véhicules - arrière,,,,,,,,,,,1,1,1,3,2
200500057976,0005-09-06 12:07:00,5,9,6,12,7,300,189.0,"130, AVIGNON (ROUTE)",,,Plein jour,En agglomération,Hors intersection,Pluie légère,Deux véhicules - arrière,,,,,,,,,,,1,2,1,2,2
200500057977,0005-09-07 09:37:00,5,9,7,9,37,300,189.0,ABRIVADO (RUE),,,Plein jour,Hors agglomération,Hors intersection,Normale,Autre collision,,,,,,,,,,,1,1,1,1,6
200500057978,0005-09-07 17:00:00,5,9,7,17,0,300,189.0,"E7, ALBARON (IMPASSE)",,,Plein jour,En agglomération,Hors intersection,Normale,Deux véhicules - côté,,,,,,,,,,,1,2,1,1,3
200500057979,0005-09-05 15:05:00,5,9,5,15,5,300,189.0,"., RAPHEL MAX (RUE)",,,Plein jour,En agglomération,Hors intersection,Normale,Autre collision,,,,,,,,,,,1,2,1,1,6
200500057980,0005-09-11 19:00:00,5,9,11,19,0,300,189.0,SAINT GILLES (ROUTE),,,Plein jour,En agglomération,Hors intersection,Normale,Deux véhicules - côté,,,,,,,,,,,1,2,1,1,3
200500057981,0005-09-13 17:30:00,5,9,13,17,30,300,189.0,BOLLEE AMEDEE (AVENUE),,,Plein jour,En agglomération,Intersection en X,Normale,Deux véhicules - côté,,,,,,,,,,,1,2,2,1,3
200500057982,0005-09-12 18:57:00,5,9,12,18,57,300,189.0,"., GAMBETTA (BD)",,,Crépuscule ou aube,En agglomération,Hors intersection,Normale,Autre collision,,,,,,,,,,,2,2,1,1,6
200500057983,0005-09-14 15:35:00,5,9,14,15,35,300,189.0,ALLENDE SALVADOR (RUE),,,Plein jour,En agglomération,Hors intersection,Normale,Autre collision,,,,,,,,,,,1,2,1,1,6
200500057984,0005-09-14 18:56:00,5,9,14,18,56,300,189.0,CAPOUCHINE (CHEMIN),,,Crépuscule ou aube,En agglomération,Intersection en T,Normale,Autre collision,,,,,,,,,,,2,2,3,1,6
200500057985,0005-09-14 23:17:00,5,9,14,23,17,300,189.0,"., SAUVE (ROUTE)",,,Nuit avec éclairage allumé,Hors agglomération,Hors intersection,Normale,Autre collision,,,,,,,,,,,5,1,1,1,6
200500057986,0005-09-15 21:23:00,5,9,15,21,23,300,189.0,ALLENDE SALVADOR (RUE),,,Nuit avec éclairage allumé,En agglomération,Hors intersection,Normale,Trois véhicules et plus - en chaîne,,,,,,,,,,,5,2,1,1,4
200500057987,0005-09-17 06:08:00,5,9,17,6,8,300,189.0,"., AVIGNON (ANCIENNE ROU",,,Crépuscule ou aube,En agglomération,Intersection en X,Normale,Deux véhicules - côté,,,,,,,,,,,2,2,2,1,3
200500057988,0005-09-16 16:36:00,5,9,16,16,36,300,189.0,"61, TRIAIRE SERGENT (BOU",,,Plein jour,En agglomération,Hors intersection,Normale,Trois véhicules et plus - collisions multiples,,,,,,,,,,,1,2,1,1,5
200500057989,0005-09-18 18:02:00,5,9,18,18,2,300,189.0,"., JAURES JEAN (BOULEVAR",,,Plein jour,En agglomération,Intersection en X,Normale,Deux véhicules - côté,,,,,,,,,,,1,2,2,1,3
200500057990,0005-09-19 07:53:00,5,9,19,7,53,300,189.0,"., ALLENDE SALVADOR (RUE",,,Plein jour,Hors agglomération,Hors intersection,Normale,Deux véhicules - côté,,,,,,,,,,,1,1,1,1,3
200500057991,0005-09-21 10:13:00,5,9,21,10,13,300,189.0,"., MITTERAND FRANCOIS (A",,,Plein jour,En agglomération,Hors intersection,Normale,Deux véhicules - arrière,,,,,,,,,,,1,2,1,1,2
200500057992,0005-09-21 17:35:00,5,9,21,17,35,300,189.0,"., TALABOT (BOULEVARD)",,,Plein jour,En agglomération,Intersection en X,Normale,Autre collision,,,,,,,,,,,1,2,2,1,6
200500057993,0005-09-22 07:55:00,5,9,22,7,55,300,189.0,"5, VIERGE (RUE)",,,Plein jour,En agglomération,Intersection en X,Normale,Deux véhicules - côté,,,,,,,,,,,1,2,2,1,3
200500057994,0005-09-23 04:15:00,5,9,23,4,15,300,189.0,SAUVE (ROUTE),,,Nuit sans éclairage public,Hors agglomération,Hors intersection,Normale,Autre collision,,,,,,,,,,,3,1,1,1,6
200500057995,0005-09-23 07:00:00,5,9,23,7,0,300,189.0,UZES (ROUTE D'),,,Crépuscule ou aube,En agglomération,Hors intersection,Brouillard / fumée,Sans collision,,,,,,,,,,,2,2,1,5,7
200500057996,0005-09-23 09:02:00,5,9,23,9,2,300,189.0,FAITA VINCENT (RUE),,,Plein jour,En agglomération,Intersection en T,Normale,Deux véhicules - côté,,,,,,,,,,,1,2,3,1,3
200500057997,0005-09-23 13:32:00,5,9,23,13,32,300,189.0,ALLENDE SALVADOR (RUE),,,Plein jour,En agglomération,Giratoire,Normale,Autre collision,,,,,,,,,,,1,2,6,1,6
200500057998,0005-09-23 17:40:00,5,9,23,17,40,300,189.0,"., KENNEDY (AVENUE)",,,Plein jour,En agglomération,Intersection en X,Normale,Trois véhicules et plus - en chaîne,,,,,,,,,,,1,2,2,1,4
200500057999,0005-09-24 12:18:00,5,9,24,12,18,300,189.0,"., FENELON (RUE)",,,Plein jour,En agglomération,Intersection en X,Normale,Deux véhicules - côté,,,,,,,,,,,1,2,2,1,3
200500058000,0005-09-25 06:00:00,5,9,25,6,0,300,189.0,"., SAUVE (ROUTE)",,,Nuit sans éclairage public,En agglomération,Hors intersection,Normale,Deux véhicules - côté,,,,,,,,,,,3,2,1,1,3
200500058001,0005-09-26 07:39:00,5,9,26,7,39,300,189.0,ALES (ROUTE),,,Plein jour,Hors agglomération,Hors intersection,Normale,Deux véhicules - côté,,,,,,,,,,,1,1,1,1,3
200500058002,0005-09-16 17:20:00,5,9,16,17,20,300,189.0,"., JAURES JEAN (BOULEVAR",,,Plein jour,En agglomération,Hors intersection,Normale,Trois véhicules et plus - collisions multiples,,,,,,,,,,,1,2,1,1,5
200500058003,0005-09-26 15:00:00,5,9,26,15,0,300,189.0,"42, AMOUREUX (RUE)",,,Plein jour,En agglomération,Hors intersection,Normale,Deux véhicules - frontale,,,,,,,,,,,1,2,1,1,1
200500058004,0005-09-26 14:20:00,5,9,26,14,20,300,189.0,BOUVINE (AVENUE),,,Plein jour,En agglomération,Hors intersection,Normale,Autre collision,,,,,,,,,,,1,2,1,1,6
200500058005,0005-09-27 12:14:00,5,9,27,12,14,300,189.0,"18, AIX (RUE)",,,Plein jour,En agglomération,Hors intersection,Normale,Autre collision,,,,,,,,,,,1,2,1,1,6
200500058006,0005-09-27 16:17:00,5,9,27,16,17,300,189.0,POMPIDOU GEORGES (AVENUE,,,Plein jour,En agglomération,Intersection en X,Normale,Deux véhicules - côté,,,,,,,,,,,1,2,2,1,3
200500058007,0005-09-27 18:28:00,5,9,27,18,28,300,189.0,"., MONTPELLIER (ROUTE DE",,,Plein jour,En agglomération,Giratoire,Normale,Autre collision,,,,,,,,,,,1,2,6,1,6
200500058008,0005-09-28 10:20:00,5,9,28,10,20,300,189.0,"., BOEGNER PASTEUR MARC",,,Plein jour,En agglomération,Hors intersection,Normale,Deux véhicules - arrière,,,,,,,,,,,1,2,1,1,2
200500058009,0005-09-29 07:44:00,5,9,29,7,44,300,189.0,PUECH DU TEIL (RUE OU IM,,,Plein jour,En agglomération,Intersection en X,Normale,Deux véhicules - côté,,,,,,,,,,,1,2,2,1,3
200500058010,0005-09-29 10:49:00,5,9,29,10,49,300,189.0,"., ALZON PERE (RUE)",,,Plein jour,En agglomération,Intersection en T,Normale,Autre collision,,,,,,,,,,,1,2,3,1,6
200500058011,0005-09-04 09:55:00,5,9,4,9,55,300,11.0,"0000000000, DEUXIEME D.B",,,Plein jour,En agglomération,Intersection en X,Normale,Deux véhicules - côté,,,,,,,,,,,1,2,2,1,3
200500058012,0005-09-22 01:05:00,5,9,22,1,5,300,351.0,"27, RAVOUX AVENUE PAUL",,,Nuit avec éclairage allumé,En agglomération,Hors intersection,Normale,Sans collision,,,,,,,,,,,5,2,1,1,7
200500058013,0005-09-06 20:05:00,5,9,6,20,5,310,69.0,"24, MONTAIGNE (RUE)",,,Crépuscule ou aube,En agglomération,Hors intersection,Temps couvert,Autre collision,,,,,,,,,,,2,2,1,8,6
200500058014,0005-09-08 02:55:00,5,9,8,2,55,310,69.0,"5, ARAGON (AV LOUIS)",,,Nuit avec éclairage allumé,En agglomération,Hors intersection,Normale,Autre collision,,,,,,,,,,,5,2,1,1,6
200500058015,0005-09-17 15:40:00,5,9,17,15,40,310,69.0,"1, GRAND NOBLE (PORTE DU",,,Plein jour,En agglomération,Giratoire,Normale,Trois véhicules et plus - collisions multiples,,,,,,,,,,,1,2,6,1,5
200500058016,0005-09-30 08:00:00,5,9,30,8,0,310,69.0,"5, DE GAULLE (AV DU GENE",,,Plein jour,En agglomération,Giratoire,Pluie légère,Sans collision,,,,,,,,,,,1,2,6,2,7
200500058017,0005-09-08 18:15:00,5,9,8,18,15,310,149.0,"0, CALVET (BOULEVARD EMI",,,Plein jour,En agglomération,Hors intersection,Normale,Autre collision,,,,,,,,,,,1,2,1,1,6
200500058018,0005-09-10 17:45:00,5,9,10,17,45,310,149.0,3 COLOMIERS EST (A624),,,Plein jour,Hors agglomération,Hors intersection,Normale,Deux véhicules - frontale,,,,,,,,,,,1,1,1,1,1
200500058019,0005-09-16 09:00:00,5,9,16,9,0,310,149.0,NASQUE (CHEMIN DE LA),,,Plein jour,En agglomération,Intersection en X,Normale,Deux véhicules - côté,,,,,,,,,,,1,2,2,1,3
200500058020,0005-09-20 10:30:00,5,9,20,10,30,310,149.0,RN 124 SENS TOULOUSE AUC,,,Plein jour,Hors agglomération,Hors intersection,Normale,Sans collision,,,,,,,,,,,1,1,1,1,7
200500058021,0005-09-02 11:40:00,5,9,2,11,40,310,483.0,"D5, MONTAGUT HENRI (AVEN",,,Plein jour,En agglomération,Hors intersection,Normale,Autre collision,,,,,,,,,,,1,2,1,1,6
200500058022,0005-09-28 17:35:00,5,9,28,17,35,310,483.0,BOUERY ANDRE (AVENUE),,,Plein jour,Hors agglomération,Hors intersection,Normale,Trois véhicules et plus - en chaîne,,,,,,,,,,,1,1,1,1,4
200500058023,0005-09-29 17:45:00,5,9,29,17,45,310,483.0,SOMMER RAYMOND (BOULEVAR,,,Plein jour,Hors agglomération,Hors intersection,Normale,Deux véhicules - arrière,,,,,,,,,,,1,1,1,1,2
200500058024,0005-09-02 01:10:00,5,9,2,1,10,310,69.0,GONIN (AV CLAUDE),,,Nuit avec éclairage allumé,Hors agglomération,Hors intersection,Normale,Trois véhicules et plus - en chaîne,,,,,,,,,,,5,1,1,1,4
200500058025,0005-09-01 21:55:00,5,9,1,21,55,310,555.0,"12, BD DES MINIMES",,,Plein jour,En agglomération,Hors intersection,Normale,Autre collision,,,,,,,,,,,1,2,1,1,6
200500058026,0005-09-01 14:50:00,5,9,1,14,50,310,555.0,"1, RUE DE BAYEUX",,,Plein jour,En agglomération,Hors intersection,Normale,Autre collision,,,,,,,,,,,1,2,1,1,6
200500058027,0005-09-02 17:15:00,5,9,2,17,15,310,555.0,"8, AV M BOURGES MAUNOURY",,,Plein jour,En agglomération,Hors intersection,Normale,Deux véhicules - côté,,,,,,,,,,,1,2,1,1,3
200500058028,0005-09-02 12:07:00,5,9,2,12,7,310,555.0,VA007644 EMPALOT A620 So,,,Plein jour,Hors agglomération,Hors intersection,Normale,Deux véhicules - côté,,,,,,,,,,,1,1,1,1,3
200500058029,0005-09-04 06:10:00,5,9,4,6,10,310,555.0,VA007379 BAYLAC  A624 So,,,Crépuscule ou aube,Hors agglomération,Hors intersection,Normale,Autre collision,,,,,,,,,,,2,1,1,1,6
200500058030,0005-09-04 20:00:00,5,9,4,20,0,310,555.0,"72, ALL DE BARCELONE",,,Plein jour,En agglomération,Hors intersection,Normale,Autre collision,,,,,,,,,,,1,2,1,1,6