accident_id,datetime,annee,mois,jour,heure,minute,departement,commune_insee,adresse,latitude,longitude,luminosite,agglomeration,intersection,meteo,collision,nb_vehicules,nb_usagers,nb_indemnes,nb_tues,nb_blesses_hosp,nb_blesses_legers,age_cond_1,age_cond_2,veh_type_cond_1,veh_type_cond_2,lum_code,agg_code,int_code,atm_code,col_code
200500058291,0005-09-10 04:45:00,5,9,10,4,45,340,172.0,"1317, TOULOUSE (AVENUE D",,,Nuit avec éclairage allumé,En agglomération,Hors intersection,Normale,Sans collision,,,,,,,,,,,5,2,1,1,7
200500058292,0005-09-12 16:10:00,5,9,12,16,10,340,172.0,"44, MARES (AVENUE HENRI)",,,Plein jour,En agglomération,Hors intersection,Normale,Trois véhicules et plus - en chaîne,,,,,,,,,,,1,2,1,1,4
200500058293,0005-09-13 10:35:00,5,9,13,10,35,340,172.0,"470, RIMBAUD (RUE PAUL)",,,Plein jour,En agglomération,Hors intersection,Normale,Autre collision,,,,,,,,,,,1,2,1,1,6
200500058294,0005-09-12 16:50:00,5,9,12,16,50,340,172.0,"573, SOULAS (AVENUE DU P",,,Plein jour,En agglomération,Hors intersection,Normale,Deux véhicules - côté,,,,,,,,,,,1,2,1,1,3
200500058295,0005-09-12 17:38:00,5,9,12,17,38,340,172.0,MOULINS (AVENUE DES,,,Plein jour,En agglomération,Intersection en T,Normale,Trois véhicules et plus - collisions multiples,,,,,,,,,,,1,2,3,1,5
200500058296,0005-09-13 15:00:00,5,9,13,15,0,340,172.0,MER (AVENUE DE LA),,,Plein jour,En agglomération,Hors intersection,Normale,Deux véhicules - arrière,,,,,,,,,,,1,2,1,1,2
200500058297,0005-09-11 11:45:00,5,9,11,11,45,340,172.0,"sans, LODEVE (ROUTE DE)",,,Plein jour,En agglomération,Hors intersection,Normale,Deux véhicules - côté,,,,,,,,,,,1,2,1,1,3
200500058298,0005-09-19 17:45:00,5,9,19,17,45,340,172.0,GIMEL (AVENUE DE),,,Plein jour,En agglomération,Intersection en X,Normale,Autre collision,,,,,,,,,,,1,2,2,1,6
200500058299,0005-09-20 17:45:00,5,9,20,17,45,340,172.0,"34, SAINT LAZARE (AVENUE",,,Plein jour,En agglomération,Hors intersection,Normale,Deux véhicules - côté,,,,,,,,,,,1,2,1,1,3
200500058300,0005-09-20 19:00:00,5,9,20,19,0,340,172.0,"2061, TOULOUSE (AVENUE D",,,Plein jour,En agglomération,Hors intersection,Normale,Deux véhicules - côté,,,,,,,,,,,1,2,1,1,3
200500058301,0005-09-21 07:53:00,5,9,21,7,53,340,172.0,GRAMMONT (AVENUE DE),,,Plein jour,En agglomération,Autre intersection,Normale,Deux véhicules - arrière,,,,,,,,,,,1,2,9,1,2
200500058302,0005-09-19 18:15:00,5,9,19,18,15,340,172.0,VERDUN (RUE DE),,,Plein jour,En agglomération,Hors intersection,Normale,Sans collision,,,,,,,,,,,1,2,1,1,7
200500058303,0005-09-22 15:10:00,5,9,22,15,10,340,129.0,CARNON (ROUTE DE  D21),,,Plein jour,Hors agglomération,Intersection en X,Normale,Deux véhicules - côté,,,,,,,,,,,1,1,2,1,3
200500058304,0005-09-22 17:50:00,5,9,22,17,50,340,172.0,VACHET (RUE JEAN),,,Plein jour,En agglomération,Intersection en T,Normale,Deux véhicules - côté,,,,,,,,,,,1,2,3,1,3
200500058305,0005-09-23 14:20:00,5,9,23,14,20,340,172.0,"395, DOMITIENNE (VOIE)",,,Plein jour,En agglomération,Hors intersection,Normale,Deux véhicules - côté,,,,,,,,,,,1,2,1,1,3
200500058306,0005-09-23 18:45:00,5,9,23,18,45,340,172.0,"227, POSTE VIEILLE DE 2",,,Plein jour,En agglomération,Hors intersection,Normale,Deux véhicules - arrière,,,,,,,,,,,1,2,1,1,2
200500058307,0005-09-24 16:40:00,5,9,24,16,40,340,172.0,CARTIER (AVENUE JACQUES),,,Plein jour,En agglomération,Intersection en X,Normale,Deux véhicules - côté,,,,,,,,,,,1,2,2,1,3
200500058308,0005-09-28 11:45:00,5,9,28,11,45,340,172.0,"SANS N, PIREE (AVENUE DU",,,Plein jour,En agglomération,Hors intersection,Normale,Sans collision,,,,,,,,,,,1,2,1,1,7
200500058309,0005-09-24 01:48:00,5,9,24,1,48,340,172.0,"3, RENOUVIER (BOULEVARD)",,,Nuit avec éclairage allumé,En agglomération,Hors intersection,Normale,Autre collision,,,,,,,,,,,5,2,1,1,6
200500058310,0005-09-25 18:45:00,5,9,25,18,45,340,172.0,DELMAS (RUE),,,Crépuscule ou aube,En agglomération,Intersection en T,Pluie forte,Deux véhicules - côté,,,,,,,,,,,2,2,3,3,3
200500058311,0005-09-26 19:05:00,5,9,26,19,5,340,172.0,"sans, GRAND MAIL (LE)",,,Crépuscule ou aube,En agglomération,Hors intersection,Normale,Autre collision,,,,,,,,,,,2,2,1,1,6
200500058312,0005-09-26 08:05:00,5,9,26,8,5,340,172.0,DELMAS (RUE),,,Plein jour,En agglomération,Hors intersection,Autre,Deux véhicules - arrière,,,,,,,,,,,1,2,1,9,2
200500058313,0005-09-29 11:10:00,5,9,29,11,10,340,172.0,"395, CARRIEU (RUE MARIUS",,,Plein jour,En agglomération,Hors intersection,Normale,Deux véhicules - arrière,,,,,,,,,,,1,2,1,1,2
200500058314,0005-09-29 16:30:00,5,9,29,16,30,340,172.0,DUNANT (RUE HENRI),,,Plein jour,En agglomération,Intersection en X,Normale,Deux véhicules - frontale,,,,,,,,,,,1,2,2,1,1
200500058315,0005-09-30 07:50:00,5,9,30,7,50,340,172.0,MOULINS (AVENUE DES,,,Plein jour,En agglomération,Intersection en T,Normale,Deux véhicules - côté,,,,,,,,,,,1,2,3,1,3
200500058316,0005-09-30 14:00:00,5,9,30,14,0,340,172.0,"15, CLEMENCEAU (AVENUE G",,,Plein jour,Hors agglomération,Hors intersection,Normale,Sans collision,,,,,,,,,,,1,1,1,1,7
200500058317,0005-09-30 17:05:00,5,9,30,17,5,340,172.0,"12, REPUBLIQUE (RUE DE L",,,Plein jour,En agglomération,Hors intersection,Normale,Autre collision,,,,,,,,,,,1,2,1,1,6
200500058318,0005-09-05 18:45:00,5,9,5,18,45,340,301.0,ROUTE NATIONALE 112,,,Plein jour,Hors agglomération,Hors intersection,Normale,Trois véhicules et plus - collisions multiples,,,,,,,,,,,1,1,1,1,5
200500058319,0005-09-12 14:36:00,5,9,12,14,36,340,108.0,"AUCUN, COSTE (LA)",,,Plein jour,En agglomération,Intersection en X,Normale,Deux véhicules - côté,,,,,,,,,,,1,2,2,1,3
200500058320,0005-09-17 09:00:00,5,9,17,9,0,340,301.0,"aucun, MARTELLI GILBERT",,,Plein jour,En agglomération,Hors intersection,Normale,Deux véhicules - côté,,,,,,,,,,,1,2,1,1,3
200500058321,0005-09-20 17:20:00,5,9,20,17,20,340,301.0,"22, CLERVILLE CHEVALIER",,,Plein jour,En agglomération,Hors intersection,Normale,Autre collision,,,,,,,,,,,1,2,1,1,6
200500058322,0005-09-01 12:55:00,5,9,1,12,55,350,238.0,"00, HAIE-DES-COGNETS (BO",,,Plein jour,En agglomération,Intersection en X,Normale,Deux véhicules - côté,,,,,,,,,,,1,2,2,1,3
200500058323,0005-09-02 16:50:00,5,9,2,16,50,350,238.0,"00, GUILLOUX (LOUIS)",,,Plein jour,En agglomération,Hors intersection,Normale,Deux véhicules - côté,,,,,,,,,,,1,2,1,1,3
200500058324,0005-09-03 11:40:00,5,9,3,11,40,350,238.0,"00, LORIENT (DE)",,,Plein jour,En agglomération,Hors intersection,Normale,Deux véhicules - côté,,,,,,,,,,,1,2,1,1,3
200500058325,0005-09-03 11:50:00,5,9,3,11,50,350,238.0,"00, PORTE DES LOGES",,,Plein jour,Hors agglomération,Hors intersection,Normale,Deux véhicules - côté,,,,,,,,,,,1,1,1,1,3
200500058326,0005-09-03 19:25:00,5,9,3,19,25,350,238.0,"24, TREGAIN (DE)",,,Plein jour,En agglomération,Hors intersection,Normale,Autre collision,,,,,,,,,,,1,2,1,1,6
200500058327,0005-09-04 06:50:00,5,9,4,6,50,350,238.0,"00, VERN (DE)",,,Crépuscule ou aube,En agglomération,Intersection en X,Normale,Autre collision,,,,,,,,,,,2,2,2,1,6
200500058328,0005-09-04 07:00:00,5,9,4,7,0,350,238.0,"32, COMBES (BD EMILE)",,,Crépuscule ou aube,En agglomération,Hors intersection,Normale,Autre collision,,,,,,,,,,,2,2,1,1,6
200500058329,0005-09-05 07:40:00,5,9,5,7,40,350,238.0,"9, BOURGEOIS (BOULEVARD",,,Plein jour,En agglomération,Hors intersection,Pluie légère,Autre collision,,,,,,,,,,,1,2,1,2,6
200500058330,0005-09-05 12:20:00,5,9,5,12,20,350,238.0,"00, TOURAUDAIS (AVENUE D",,,Plein jour,En agglomération,Hors intersection,Temps couvert,Deux véhicules - arrière,,,,,,,,,,,1,2,1,8,2
200500058331,0005-09-05 22:40:00,5,9,5,22,40,350,281.0,"00, RD 177",,,Nuit sans éclairage public,Hors agglomération,Intersection en T,Normale,Deux véhicules - arrière,,,,,,,,,,,3,1,3,1,2
200500058332,0005-09-06 18:10:00,5,9,6,18,10,350,238.0,"00, PORTE DE NANTES",,,Plein jour,Hors agglomération,Hors intersection,Normale,Deux véhicules - arrière,,,,,,,,,,,1,1,1,1,2
200500058333,0005-09-07 15:05:00,5,9,7,15,5,350,238.0,"00, NANTES (DE)",,,Plein jour,En agglomération,Intersection en X,Normale,Deux véhicules - côté,,,,,,,,,,,1,2,2,1,3
200500058334,0005-09-08 13:45:00,5,9,8,13,45,350,278.0,"00, RN 137",,,Plein jour,Hors agglomération,Hors intersection,Normale,Deux véhicules - côté,,,,,,,,,,,1,1,1,1,3
200500058335,0005-09-09 08:20:00,5,9,9,8,20,350,238.0,"48, VILLEBOIS MAREUIL (B",,,Plein jour,En agglomération,Hors intersection,Normale,Deux véhicules - côté,,,,,,,,,,,1,2,1,1,3
200500058336,0005-09-09 10:20:00,5,9,9,10,20,350,238.0,"00, LE GUILLOUX (HENRI)",,,Plein jour,En agglomération,Intersection en X,Normale,Autre collision,,,,,,,,,,,1,2,2,1,6
200500058337,0005-09-09 11:50:00,5,9,9,11,50,350,238.0,"00, PORTUGAL (BD DU)",,,Plein jour,En agglomération,Intersection en X,Normale,Deux véhicules - côté,,,,,,,,,,,1,2,2,1,3
200500058338,0005-09-10 12:45:00,5,9,10,12,45,350,238.0,"00, SUISSE (DE)",,,Plein jour,En agglomération,Hors intersection,Normale,Autre collision,,,,,,,,,,,1,2,1,1,6
200500058339,0005-09-10 13:15:00,5,9,10,13,15,350,238.0,"00, REBILLON (ARMAND)",,,Plein jour,En agglomération,Hors intersection,Normale,Autre collision,,,,,,,,,,,1,2,1,1,6
200500058340,0005-09-11 12:20:00,5,9,11,12,20,350,238.0,"00, PORTE DE NANTES",,,Plein jour,Hors agglomération,Hors intersection,Normale,Autre collision,,,,,,,,,,,1,1,1,1,6
200500058341,0005-09-12 05:30:00,5,9,12,5,30,350,238.0,"00, FRANCE (MARIE DE)",,,Nuit avec éclairage allumé,En agglomération,Intersection en T,Normale,Deux véhicules - côté,,,,,,,,,,,5,2,3,1,3
200500058342,0005-09-14 08:45:00,5,9,14,8,45,350,238.0,"00, COLOMBIER (BD DU)",,,Plein jour,En agglomération,Hors intersection,Normale,Deux véhicules - côté,,,,,,,,,,,1,2,1,1,3
200500058343,0005-09-14 16:15:00,5,9,14,16,15,350,238.0,"19, SAINT-MARTIN",,,Plein jour,En agglomération,Intersection en X,Normale,Deux véhicules - côté,,,,,,,,,,,1,2,2,1,3
200500058344,0005-09-15 13:35:00,5,9,15,13,35,350,238.0,"00, CHURCHILL (AVENUE SI",,,Plein jour,En agglomération,Intersection en X,Normale,Deux véhicules - côté,,,,,,,,,,,1,2,2,1,3
200500058345,0005-09-15 16:15:00,5,9,15,16,15,350,238.0,"00, REPUBLIQUE (PLACE DE",,,Plein jour,En agglomération,Place,Normale,Autre collision,,,,,,,,,,,1,2,7,1,6
200500058346,0005-09-15 21:45:00,5,9,15,21,45,350,238.0,"00, BERNARD (CLAUDE)",,,Nuit avec éclairage allumé,En agglomération,Hors intersection,Normale,Deux véhicules - côté,,,,,,,,,,,5,2,1,1,3
200500058347,0005-09-16 17:30:00,5,9,16,17,30,350,238.0,"00, PAVIE (AUGUSTE)",,,Plein jour,En agglomération,Hors intersection,Normale,Autre collision,,,,,,,,,,,1,2,1,1,6
200500058348,0005-09-17 14:00:00,5,9,17,14,0,350,238.0,"00, CHAMP JACQUET (DU)",,,Plein jour,En agglomération,Hors intersection,Normale,Autre collision,,,,,,,,,,,1,2,1,1,6
200500058349,0005-09-17 15:50:00,5,9,17,15,50,350,238.0,"00, CHATEAUGIRON (DE)",,,Plein jour,En agglomération,Intersection en T,Normale,Deux véhicules - côté,,,,,,,,,,,1,2,3,1,3
200500058350,0005-09-18 03:13:00,5,9,18,3,13,350,238.0,"151, VITRE (BLD DE)",,,Nuit avec éclairage allumé,En agglomération,Hors intersection,Normale,Autre collision,,,,,,,,,,,5,2,1,1,6
200500058351,0005-09-19 08:10:00,5,9,19,8,10,350,238.0,"00, SAINT VINCENT (ROND",,,Plein jour,En agglomération,Giratoire,Normale,Deux véhicules - arrière,,,,,,,,,,,1,2,6,1,2
200500058352,0005-09-19 08:40:00,5,9,19,8,40,350,238.0,"65, SAINT-BRIEUC (DE)",,,Plein jour,En agglomération,Hors intersection,Normale,Deux véhicules - côté,,,,,,,,,,,1,2,1,1,3
200500058353,0005-09-19 17:55:00,5,9,19,17,55,350,281.0,"00, RD 177",,,Plein jour,En agglomération,Hors intersection,Normale,Deux véhicules - côté,,,,,,,,,,,1,2,1,1,3
200500058354,0005-09-20 08:00:00,5,9,20,8,0,350,238.0,"00, VERDUN (BD DE)",,,Plein jour,En agglomération,Intersection en X,Normale,Deux véhicules - côté,,,,,,,,,,,1,2,2,1,3
200500058355,0005-09-20 07:56:00,5,9,20,7,56,350,238.0,"00, GROS MALHON (AVENUE)",,,Plein jour,En agglomération,Hors intersection,Normale,Autre collision,,,,,,,,,,,1,2,1,1,6
200500058356,0005-09-20 09:55:00,5,9,20,9,55,350,238.0,"00, TILLON (AVENUE CHARL",,,Plein jour,En agglomération,Intersection en X,Normale,Deux véhicules - côté,,,,,,,,,,,1,2,2,1,3
200500058357,0005-09-20 13:50:00,5,9,20,13,50,350,238.0,"25, BOURGEOIS (BOULEVARD",,,Plein jour,En agglomération,Intersection en X,Normale,Deux véhicules - côté,,,,,,,,,,,1,2,2,1,3
200500058358,0005-09-21 13:40:00,5,9,21,13,40,350,238.0,"129, FOUGERES (RUE DE) D",,,Plein jour,En agglomération,Intersection en T,Normale,Deux véhicules - côté,,,,,,,,,,,1,2,3,1,3
200500058359,0005-09-22 19:12:00,5,9,22,19,12,350,238.0,"50, CHEZY (BD DE)",,,Plein jour,En agglomération,Hors intersection,Normale,Autre collision,,,,,,,,,,,1,2,1,1,6
200500058360,0005-09-23 02:30:00,5,9,23,2,30,350,238.0,"15, ROPARTZ (GUY)",,,Nuit avec éclairage allumé,En agglomération,Hors intersection,Normale,Autre collision,,,,,,,,,,,5,2,1,1,6
200500058361,0005-09-22 19:15:00,5,9,22,19,15,350,238.0,"00, BERLIOZ (ALLEE H)",,,Plein jour,En agglomération,Hors intersection,Normale,Autre collision,,,,,,,,,,,1,2,1,1,6
200500058362,0005-09-23 05:21:00,5,9,23,5,21,350,238.0,"00, DINAN (DE)",,,Nuit avec éclairage allumé,En agglomération,Intersection en X,Normale,Deux véhicules - côté,,,,,,,,,,,5,2,2,1,3
200500058363,0005-09-23 18:30:00,5,9,23,18,30,350,238.0,"00, VERDUN (BD DE)",,,Plein jour,En agglomération,Intersection en X,Pluie légère,Deux véhicules - arrière,,,,,,,,,,,1,2,2,2,2
200500058364,0005-09-23 19:30:00,5,9,23,19,30,350,238.0,"163, LECLERC (AVENUE DU",,,Plein jour,En agglomération,Hors intersection,Pluie légère,Autre collision,,,,,,,,,,,1,2,1,2,6
200500058365,0005-09-23 20:55:00,5,9,23,20,55,350,238.0,"00, LORIENT (DE)",,,Nuit avec éclairage allumé,En agglomération,Hors intersection,Pluie légère,Deux véhicules - arrière,,,,,,,,,,,5,2,1,2,2
200500058366,0005-09-25 05:35:00,5,9,25,5,35,350,238.0,"00, FREVILLE (AVENUE HEN",,,Nuit avec éclairage allumé,En agglomération,Intersection en X,Pluie légère,Deux véhicules - côté,,,,,,,,,,,5,2,2,2,3
200500058367,0005-09-25 21:00:00,5,9,25,21,0,350,238.0,"00, MERMOZ (BOULEVARD JE",,,Nuit sans éclairage public,En agglomération,Hors intersection,Normale,Autre collision,,,,,,,,,,,3,2,1,1,6
200500058368,0005-09-26 07:45:00,5,9,26,7,45,350,238.0,"00, MAISON BLANCHE  (LIE",,,Crépuscule ou aube,En agglomération,Intersection en X,Brouillard / fumée,Deux véhicules - côté,,,,,,,,,,,2,2,2,5,3
200500058369,0005-09-24 18:20:00,5,9,24,18,20,350,238.0,"12, GALICIE (SQUARE DE)",,,Plein jour,En agglomération,Hors intersection,Normale,Autre collision,,,,,,,,,,,1,2,1,1,6
200500058370,0005-09-27 14:30:00,5,9,27,14,30,350,238.0,"00, UKRAINE (ALLEE D')",,,Plein jour,En agglomération,Hors intersection,Normale,Deux véhicules - arrière,,,,,,,,,,,1,2,1,1,2
200500058371,0005-09-27 14:50:00,5,9,27,14,50,350,278.0,"00, R.D. 82",,,Plein jour,Hors agglomération,Hors intersection,Pluie légère,Autre collision,,,,,,,,,,,1,1,1,2,6
200500058372,0005-09-27 18:40:00,5,9,27,18,40,350,238.0,"00, ALMA (DE L')",,,Plein jour,En agglomération,Hors intersection,Normale,Autre collision,,,,,,,,,,,1,2,1,1,6
200500058373,0005-09-24 11:30:00,5,9,24,11,30,350,238.0,"00, FOSSES (DES)",,,Plein jour,En agglomération,Hors intersection,Normale,Autre collision,,,,,,,,,,,1,2,1,1,6
200500058374,0005-09-28 23:15:00,5,9,28,23,15,350,238.0,"00, MOUEZY (AVENUE MONSE",,,Nuit avec éclairage allumé,En agglomération,Intersection en X,Normale,Deux véhicules - frontale,,,,,,,,,,,5,2,2,1,1
200500058375,0005-09-29 14:00:00,5,9,29,14,0,350,238.0,"00, BERNARD (AVENUE DU P",,,Plein jour,En agglomération,Hors intersection,Normale,Autre collision,,,,,,,,,,,1,2,1,1,6
200500058376,0005-09-30 11:30:00,5,9,30,11,30,350,238.0,"00, CHATILLON (DE)",,,Plein jour,En agglomération,Intersection en X,Normale,Deux véhicules - côté,,,,,,,,,,,1,2,2,1,3
200500058377,0005-09-30 22:20:00,5,9,30,22,20,350,238.0,"00, VERN (DE)",,,Nuit avec éclairage allumé,En agglomération,Intersection en X,Normale,Autre collision,,,,,,,,,,,5,2,2,1,6
200500058378,0005-09-04 16:55:00,5,9,4,16,55,350,288.0,DUCHESNE MONSEIGNEUR (PL,,,Plein jour,En agglomération,Hors intersection,Normale,Deux véhicules - côté,,,,,,,,,,,1,2,1,1,3
200500058379,0005-09-12 18:10:00,5,9,12,18,10,350,288.0,DOUTRELEAU (RUE),,,Plein jour,En agglomération,Hors intersection,Normale,Deux véhicules - côté,,,,,,,,,,,1,2,1,1,3
200500058380,0005-09-18 15:55:00,5,9,18,15,55,350,288.0,CASSIN RENE (ROND POINT),,,Plein jour,En agglomération,Giratoire,Normale,Deux véhicules - frontale,,,,,,,,,,,1,2,6,1,1
200500058381,0005-09-05 12:15:00,5,9,5,12,15,350,288.0,"3, REPUBLIQUE (BOULEVARD",,,Plein jour,En agglomération,Hors intersection,Normale,Autre collision,,,,,,,,,,,1,2,1,1,6
200500058382,0005-09-25 15:57:00,5,9,25,15,57,350,288.0,CROIX AU FEVRE (RUE DE L,,,Plein jour,En agglomération,Giratoire,Normale,Deux véhicules - côté,,,,,,,,,,,1,2,6,1,3
200500058383,0005-09-27 10:20:00,5,9,27,10,20,350,352.0,CORBINAIS ( RUE DE LA ),,,Plein jour,En agglomération,Hors intersection,Pluie légère,Sans collision,,,,,,,,,,,1,2,1,2,7
200500058384,0005-09-29 17:20:00,5,9,29,17,20,350,288.0,"28, DOUVILLE (BOULEVARD)",,,Plein jour,En agglomération,Hors intersection,Normale,Trois véhicules et plus - collisions multiples,,,,,,,,,,,1,2,1,1,5
200500058385,0005-09-19 12:00:00,5,9,19,12,0,360,44.0,"0, VALLA (BD DE LA)",,,Plein jour,En agglomération,Giratoire,Normale,Deux véhicules - côté,,,,,,,,,,,1,2,6,1,3
200500058386,0005-09-20 22:40:00,5,9,20,22,40,360,44.0,"225, CHATRE (AV DE LA) D",,,Nuit avec éclairage allumé,En agglomération,Intersection en T,Normale,Deux véhicules - côté,,,,,,,,,,,5,2,3,1,3
200500058387,0005-09-01 17:19:00,5,9,1,17,19,360,44.0,RUE VICTOR HUGO,,,Plein jour,En agglomération,Hors intersection,Normale,Autre collision,,,,,,,,,,,1,2,1,1,6
200500058388,0005-09-05 14:10:00,5,9,5,14,10,360,44.0,"0, CHARLES DE GAULLE",,,Plein jour,En agglomération,Hors intersection,Normale,Deux véhicules - arrière,,,,,,,,,,,1,2,1,1,2
200500058389,0005-09-09 18:20:00,5,9,9,18,20,360,44.0,"0, Avenue de la CHATRE",,,Plein jour,En agglomération,Hors intersection,Normale,Trois véhicules et plus - en chaîne,,,,,,,,,,,1,2,1,1,4
200500058390,0005-09-13 22:45:00,5,9,13,22,45,360,63.0,GENERAL DE GAULLE (AV DU,,,Nuit avec éclairage allumé,En agglomération,Intersection en X,Normale,Deux véhicules - côté,,,,,,,,,,,5,2,2,1,3
200500058391,0005-09-14 21:15:00,5,9,14,21,15,360,44.0,RUE AMPERE,,,Nuit avec éclairage allumé,En agglomération,Intersection en T,Normale,Deux véhicules - côté,,,,,,,,,,,5,2,3,1,3
200500058392,0005-09-16 18:28:00,5,9,16,18,28,360,44.0,MONTAIGNE (ROND POINT),,,Plein jour,En agglomération,Giratoire,Normale,Deux véhicules - côté,,,,,,,,,,,1,2,6,1,3
200500058393,0005-09-23 17:19:00,5,9,23,17,19,360,44.0,NATIONS (DES),,,Plein jour,En agglomération,Hors intersection,Normale,Deux véhicules - frontale,,,,,,,,,,,1,2,1,1,1
200500058394,0005-09-27 10:42:00,5,9,27,10,42,360,44.0,1945 (DU 8 MAI),,,Plein jour,En agglomération,Intersection en X,Normale,Deux véhicules - côté,,,,,,,,,,,1,2,2,1,3
200500058395,0005-09-27 16:50:00,5,9,27,16,50,360,44.0,"26, ARAGO (BD)",,,Plein jour,En agglomération,Hors intersection,Normale,Autre collision,,,,,,,,,,,1,2,1,1,6
200500058396,0005-09-29 13:50:00,5,9,29,13,50,360,44.0,"31, CURIE (PIERRE ET MAR",,,Plein jour,En agglomération,Hors intersection,Temps couvert,Deux véhicules - arrière,,,,,,,,,,,1,2,1,8,2
200500058397,0005-09-11 18:30:00,5,9,11,18,30,370,122.0,RD 37,,,Plein jour,En agglomération,Intersection en X,Normale,Deux véhicules - côté,,,,,,,,,,,1,2,2,1,3
200500058398,0005-09-22 09:10:00,5,9,22,9,10,370,122.0,BRETONNIERES (BOULEVARD,,,Plein jour,En agglomération,Autre intersection,Temps éblouissant,Autre collision,,,,,,,,,,,1,2,9,7,6
200500058399,0005-09-22 21:00:00,5,9,22,21,0,370,122.0,JAURES (BOULEVARD JEAN),,,Nuit avec éclairage allumé,En agglomération,Intersection en X,Normale,Deux véhicules - côté,,,,,,,,,,,5,2,2,1,3
200500058400,0005-09-01 22:00:00,5,9,1,22,0,370,261.0,GRAMMONT (AVENUE DE),,,Nuit avec éclairage allumé,En agglomération,Place,Normale,Deux véhicules - côté,,,,,,,,,,,5,2,7,1,3
200500058401,0005-09-04 01:00:00,5,9,4,1,0,370,261.0,COURTELINE (RUE GEORGES),,,Nuit avec éclairage allumé,En agglomération,Intersection en X,Normale,Deux véhicules - côté,,,,,,,,,,,5,2,2,1,3
200500058402,0005-09-04 23:30:00,5,9,4,23,30,370,261.0,HALLEBARDIER (RUE DU),,,Nuit avec éclairage allumé,En agglomération,Hors intersection,Normale,Autre collision,,,,,,,,,,,5,2,1,1,6
200500058403,0005-09-10 05:55:00,5,9,10,5,55,370,261.0,HEURTELOUP (BOULEVARD),,,Nuit avec éclairage allumé,En agglomération,Intersection en T,Normale,Deux véhicules - côté,,,,,,,,,,,5,2,3,1,3
200500058404,0005-09-08 12:25:00,5,9,8,12,25,370,233.0,AUBRIERE (RUE DE L'),,,Plein jour,En agglomération,Hors intersection,Normale,Autre collision,,,,,,,,,,,1,2,1,1,6
200500058405,0005-09-12 07:45:00,5,9,12,7,45,370,261.0,TONNELLE (BOULEVARD),,,Plein jour,En agglomération,Intersection en X,Pluie légère,Autre collision,,,,,,,,,,,1,2,2,2,6
200500058406,0005-09-18 12:50:00,5,9,18,12,50,370,261.0,TRANCHEE (AVENUE DE LA),,,Plein jour,En agglomération,Hors intersection,Normale,Deux véhicules - côté,,,,,,,,,,,1,2,1,1,3
200500058407,0005-09-14 18:25:00,5,9,14,18,25,370,261.0,FOUQUET (RUE JEHAN),,,Plein jour,En agglomération,Intersection en X,Normale,Deux véhicules - côté,,,,,,,,,,,1,2,2,1,3
200500058408,0005-09-21 14:00:00,5,9,21,14,0,370,261.0,SAINT SAUVEUR (PONT),,,Plein jour,En agglomération,Giratoire,Normale,Deux véhicules - côté,,,,,,,,,,,1,2,6,1,3
200500058409,0005-09-19 11:30:00,5,9,19,11,30,370,261.0,JEMMAPES (RUE),,,Plein jour,En agglomération,Intersection en X,Normale,Deux véhicules - côté,,,,,,,,,,,1,2,2,1,3
200500058410,0005-09-25 19:10:00,5,9,25,19,10,370,233.0,DUCLOS (AVENUE JACQUES),,,Plein jour,En agglomération,Autre intersection,Temps éblouissant,Autre collision,,,,,,,,,,,1,2,9,7,6
200500058411,0005-09-28 18:10:00,5,9,28,18,10,370,261.0,FUYE( RUE DE LE ),,,Plein jour,En agglomération,Intersection en T,Normale,Autre collision,,,,,,,,,,,1,2,3,1,6
200500058412,0005-09-24 06:00:00,5,9,24,6,0,370,261.0,MIRABEAU (RUE),,,Nuit avec éclairage allumé,En agglomération,Intersection en X,Normale,Autre collision,,,,,,,,,,,5,2,2,1,6
200500058413,0005-09-24 10:40:00,5,9,24,10,40,370,195.0,MINIMES (CHEMIN DES),,,Plein jour,En agglomération,Hors intersection,Normale,Autre collision,,,,,,,,,,,1,2,1,1,6
200500058414,0005-09-03 12:35:00,5,9,3,12,35,380,185.0,"54, JAURES (COURS J.)",,,Plein jour,En agglomération,Hors intersection,Normale,Autre collision,,,,,,,,,,,1,2,1,1,6
200500058415,0005-09-03 18:00:00,5,9,3,18,0,380,185.0,A.480 (AUTOROUTE),,,Plein jour,Hors agglomération,Hors intersection,Normale,Autre collision,,,,,,,,,,,1,1,1,1,6
200500058416,0005-09-05 15:30:00,5,9,5,15,30,380,151.0,"00, FERRIER (AVENUE A.)",,,Plein jour,En agglomération,Hors intersection,Normale,Deux véhicules - arrière,,,,,,,,,,,1,2,1,1,2
200500058417,0005-09-05 17:30:00,5,9,5,17,30,380,229.0,AUTOROUTE,,,Plein jour,Hors agglomération,Hors intersection,Normale,Trois véhicules et plus - en chaîne,,,,,,,,,,,1,1,1,1,4
200500058418,0005-09-05 20:15:00,5,9,5,20,15,380,151.0,A.480,,,Nuit sans éclairage public,Hors agglomération,Hors intersection,Normale,Deux véhicules - côté,,,,,,,,,,,3,1,1,1,3
200500058419,0005-09-06 08:00:00,5,9,6,8,0,380,185.0,"16, CHANRION (RUE J.)",,,Plein jour,En agglomération,Hors intersection,Normale,Deux véhicules - côté,,,,,,,,,,,1,2,1,1,3
200500058420,0005-09-06 18:45:00,5,9,6,18,45,380,185.0,"118, ALLIES (RUE DES)",,,Plein jour,En agglomération,Hors intersection,Normale,Autre collision,,,,,,,,,,,1,2,1,1,6
200500058421,0005-09-07 15:15:00,5,9,7,15,15,380,151.0,A.480,,,Plein jour,Hors agglomération,Hors intersection,Normale,Trois véhicules et plus - en chaîne,,,,,,,,,,,1,1,1,1,4