accident_id,datetime,annee,mois,jour,heure,minute,departement,commune_insee,adresse,latitude,longitude,luminosite,agglomeration,intersection,meteo,collision,nb_vehicules,nb_usagers,nb_indemnes,nb_tues,nb_blesses_hosp,nb_blesses_legers,age_cond_1,age_cond_2,veh_type_cond_1,veh_type_cond_2,lum_code,agg_code,int_code,atm_code,col_code
200500058422,0005-09-09 16:20:00,5,9,9,16,20,380,516.0,ROCADE SUD,,,Plein jour,Hors agglomération,Hors intersection,Normale,Deux véhicules - côté,,,,,,,,,,,1,1,1,1,3
200500058423,0005-09-09 16:40:00,5,9,9,16,40,380,151.0,"27, SEMARD (RUE P.)",,,Plein jour,En agglomération,Hors intersection,Normale,Deux véhicules - frontale,,,,,,,,,,,1,2,1,1,1
200500058424,0005-09-10 12:48:00,5,9,10,12,48,380,185.0,VALLIER (BOULEVARD J.),,,Plein jour,En agglomération,Hors intersection,Normale,Autre collision,,,,,,,,,,,1,2,1,1,6
200500058425,0005-09-11 03:00:00,5,9,11,3,0,380,185.0,"00, SEMBAT (BOULEVARD A.",,,Nuit avec éclairage allumé,En agglomération,Intersection en X,Pluie légère,Deux véhicules - arrière,,,,,,,,,,,5,2,2,2,2
200500058426,0005-09-12 10:50:00,5,9,12,10,50,380,185.0,"54, PERRIERE (QUAI)",,,Plein jour,En agglomération,Hors intersection,Normale,Deux véhicules - côté,,,,,,,,,,,1,2,1,1,3
200500058427,0005-09-12 17:00:00,5,9,12,17,0,380,382.0,AUTOROUTE,,,Plein jour,Hors agglomération,Hors intersection,Normale,Autre collision,,,,,,,,,,,1,1,1,1,6
200500058428,0005-09-12 18:40:00,5,9,12,18,40,380,185.0,"00, ALLOBROGES (QUAI DES",,,Plein jour,En agglomération,Hors intersection,Normale,Deux véhicules - côté,,,,,,,,,,,1,2,1,1,3
200500058429,0005-09-13 18:55:00,5,9,13,18,55,380,151.0,"00, GAULLE (AVENUE CH. D",,,Plein jour,En agglomération,Hors intersection,Normale,Deux véhicules - côté,,,,,,,,,,,1,2,1,1,3
200500058430,0005-09-13 21:25:00,5,9,13,21,25,380,185.0,"00, MARCEAU (RUE) COL.DU",,,Nuit avec éclairage allumé,En agglomération,Intersection en X,Normale,Trois véhicules et plus - en chaîne,,,,,,,,,,,5,2,2,1,4
200500058431,0005-09-14 10:25:00,5,9,14,10,25,380,185.0,"00, BRIAND (PLACE A.)",,,Plein jour,En agglomération,Hors intersection,Normale,Deux véhicules - arrière,,,,,,,,,,,1,2,1,1,2
200500058432,0005-09-14 15:30:00,5,9,14,15,30,380,185.0,REYNOARD (AV. M.),,,Plein jour,En agglomération,Hors intersection,Normale,Deux véhicules - côté,,,,,,,,,,,1,2,1,1,3
200500058433,0005-09-14 18:30:00,5,9,14,18,30,380,185.0,CHANRION (RUE J.)     AL,,,Plein jour,En agglomération,Intersection en X,Normale,Deux véhicules - côté,,,,,,,,,,,1,2,2,1,3
200500058434,0005-09-15 11:00:00,5,9,15,11,0,380,185.0,"83, JAURES (COURS J.)",,,Plein jour,En agglomération,Hors intersection,Normale,Autre collision,,,,,,,,,,,1,2,1,1,6
200500058435,0005-09-15 13:50:00,5,9,15,13,50,380,185.0,"45, EAUX CLAIRES (RUE DE",,,Plein jour,En agglomération,Hors intersection,Normale,Deux véhicules - arrière,,,,,,,,,,,1,2,1,1,2
200500058436,0005-09-15 16:45:00,5,9,15,16,45,380,185.0,"38, FERRIE (RUE GL.)",,,Plein jour,En agglomération,Hors intersection,Normale,Trois véhicules et plus - en chaîne,,,,,,,,,,,1,2,1,1,4
200500058437,0005-09-15 18:00:00,5,9,15,18,0,380,169.0,"00, CURIE (BOULEVARD J.)",,,Plein jour,Hors agglomération,Intersection en X,Normale,Deux véhicules - côté,,,,,,,,,,,1,1,2,1,3
200500058438,0005-09-15 18:30:00,5,9,15,18,30,380,185.0,"117, ALLIES (RUE DES)",,,Plein jour,En agglomération,Hors intersection,Normale,Deux véhicules - côté,,,,,,,,,,,1,2,1,1,3
200500058439,0005-09-16 13:00:00,5,9,16,13,0,380,151.0,"00, PELLOUTIER (RUE F.)",,,Plein jour,En agglomération,Hors intersection,Normale,Deux véhicules - côté,,,,,,,,,,,1,2,1,1,3
200500058440,0005-09-16 18:00:00,5,9,16,18,0,380,185.0,A.480 (AUTOROUTE),,,Plein jour,Hors agglomération,Hors intersection,Normale,Trois véhicules et plus - en chaîne,,,,,,,,,,,1,1,1,1,4
200500058441,0005-09-17 01:20:00,5,9,17,1,20,380,185.0,"00, ECHANGEUR DES SABLON",,,Nuit sans éclairage public,Hors agglomération,Hors intersection,Normale,Autre collision,,,,,,,,,,,3,1,1,1,6
200500058442,0005-09-17 10:50:00,5,9,17,10,50,380,185.0,"00, GILOT (RUE CDT)",,,Plein jour,En agglomération,Intersection en X,Normale,Deux véhicules - côté,,,,,,,,,,,1,2,2,1,3
200500058443,0005-09-18 21:35:00,5,9,18,21,35,380,516.0,ROCADE SUD,,,Nuit sans éclairage public,Hors agglomération,Hors intersection,Normale,Deux véhicules - arrière,,,,,,,,,,,3,1,1,1,2
200500058444,0005-09-19 12:25:00,5,9,19,12,25,380,185.0,"0, MALLIFAUD (RUE)",,,Plein jour,En agglomération,Hors intersection,Pluie légère,Sans collision,,,,,,,,,,,1,2,1,2,7
200500058445,0005-09-19 14:15:00,5,9,19,14,15,380,516.0,"00, PARKING GEANT CASINO",,,Plein jour,En agglomération,Hors intersection,Normale,Autre collision,,,,,,,,,,,1,2,1,1,6
200500058446,0005-09-19 19:15:00,5,9,19,19,15,380,185.0,GREGOIRE(RUE A.)91/108 A,,,Plein jour,En agglomération,Hors intersection,Pluie légère,Deux véhicules - arrière,,,,,,,,,,,1,2,1,2,2
200500058447,0005-09-20 11:30:00,5,9,20,11,30,380,421.0,"00, PERI (AVENUE G.)",,,Plein jour,En agglomération,Hors intersection,Normale,Autre collision,,,,,,,,,,,1,2,1,1,6
200500058448,0005-09-20 13:00:00,5,9,20,13,0,380,179.0,LIBERATION (RUE DE LA),,,Plein jour,En agglomération,Intersection en T,Normale,Deux véhicules - côté,,,,,,,,,,,1,2,3,1,3
200500058449,0005-09-21 05:45:00,5,9,21,5,45,380,185.0,LESDIGUIERES (RUE),,,Nuit avec éclairage allumé,En agglomération,Intersection en X,Normale,Deux véhicules - côté,,,,,,,,,,,5,2,2,1,3
200500058450,0005-09-21 07:50:00,5,9,21,7,50,380,185.0,"40, FLAUBERT (RUE G.)",,,Plein jour,En agglomération,Hors intersection,Normale,Autre collision,,,,,,,,,,,1,2,1,1,6
200500058451,0005-09-22 11:45:00,5,9,22,11,45,380,185.0,"0, GONTHARD (PONT M.)",,,Plein jour,En agglomération,Hors intersection,Normale,Autre collision,,,,,,,,,,,1,2,1,1,6
200500058452,0005-09-22 16:10:00,5,9,22,16,10,380,179.0,"00, DUHAMEL (AVENUE HENR",,,Plein jour,En agglomération,Intersection en X,Normale,Deux véhicules - côté,,,,,,,,,,,1,2,2,1,3
200500058453,0005-09-22 17:10:00,5,9,22,17,10,380,185.0,"0, VEYRAT (RUE J.)",,,Plein jour,En agglomération,Hors intersection,Normale,Autre collision,,,,,,,,,,,1,2,1,1,6
200500058454,0005-09-23 17:15:00,5,9,23,17,15,380,185.0,"00, EAUX CLAIRES (RUE DE",,,Plein jour,En agglomération,Hors intersection,Normale,Autre collision,,,,,,,,,,,1,2,1,1,6
200500058455,0005-09-24 18:10:00,5,9,24,18,10,380,185.0,"00, LYON (ROUTE DE)",,,Plein jour,En agglomération,Hors intersection,Normale,Deux véhicules - côté,,,,,,,,,,,1,2,1,1,3
200500058456,0005-09-26 08:45:00,5,9,26,8,45,380,185.0,"00, EAUX CLAIRES (RUE DE",,,Plein jour,En agglomération,Hors intersection,Normale,Deux véhicules - côté,,,,,,,,,,,1,2,1,1,3
200500058457,0005-09-26 09:25:00,5,9,26,9,25,380,185.0,"00, BERGES (RUE A.)",,,Plein jour,En agglomération,Intersection en X,Normale,Deux véhicules - côté,,,,,,,,,,,1,2,2,1,3
200500058458,0005-09-26 18:15:00,5,9,26,18,15,380,516.0,"00, KILLIAN (RUE KONRAD)",,,Plein jour,En agglomération,Hors intersection,Normale,Trois véhicules et plus - en chaîne,,,,,,,,,,,1,2,1,1,4
200500058459,0005-09-26 18:50:00,5,9,26,18,50,380,185.0,"00, BERRIAT (COURS)",,,Plein jour,Hors agglomération,Hors intersection,Normale,Autre collision,,,,,,,,,,,1,1,1,1,6
200500058460,0005-09-27 13:15:00,5,9,27,13,15,380,229.0,"07, CHANTOURNE (BOULEVAR",,,Plein jour,En agglomération,Hors intersection,Normale,Deux véhicules - arrière,,,,,,,,,,,1,2,1,1,2
200500058461,0005-09-27 17:00:00,5,9,27,17,0,380,185.0,"107, BLUM (AVENUE L.)",,,Plein jour,En agglomération,Hors intersection,Normale,Deux véhicules - côté,,,,,,,,,,,1,2,1,1,3
200500058462,0005-09-27 19:55:00,5,9,27,19,55,380,185.0,"00, ALLIES (RUE DES)",,,Nuit avec éclairage allumé,En agglomération,Hors intersection,Normale,Deux véhicules - côté,,,,,,,,,,,5,2,1,1,3
200500058463,0005-09-28 12:10:00,5,9,28,12,10,380,185.0,"00, VERDUN (PLACE)",,,Plein jour,En agglomération,Hors intersection,Normale,Autre collision,,,,,,,,,,,1,2,1,1,6
200500058464,0005-09-28 19:25:00,5,9,28,19,25,380,185.0,"14, MERIMEE (RUE PROSPER",,,Plein jour,En agglomération,Hors intersection,Normale,Trois véhicules et plus - en chaîne,,,,,,,,,,,1,2,1,1,4
200500058465,0005-09-28 15:05:00,5,9,28,15,5,380,185.0,"00, LIBERATION (COURS) S",,,Plein jour,En agglomération,Hors intersection,Normale,Deux véhicules - côté,,,,,,,,,,,1,2,1,1,3
200500058466,0005-09-30 13:00:00,5,9,30,13,0,380,185.0,"37, BERNARD (QUAI CL.)",,,Plein jour,En agglomération,Hors intersection,Normale,Deux véhicules - côté,,,,,,,,,,,1,2,1,1,3
200500058467,0005-09-04 01:50:00,5,9,4,1,50,380,544.0,BERTHELOT(AV),,,Nuit avec éclairage allumé,En agglomération,Intersection en X,Normale,Deux véhicules - côté,,,,,,,,,,,5,2,2,1,3
200500058468,0005-09-10 20:55:00,5,9,10,20,55,390,198.0,"0, LATTRE DE TASSIGNY (A",,,Nuit avec éclairage allumé,En agglomération,Intersection en X,Normale,Deux véhicules - côté,,,,,,,,,,,5,2,2,1,3
200500058469,0005-09-13 14:00:00,5,9,13,14,0,390,198.0,"0, JUIN (AVENUE DU MAREC",,,Plein jour,En agglomération,Hors intersection,Normale,Deux véhicules - arrière,,,,,,,,,,,1,2,1,1,2
200500058470,0005-09-21 09:00:00,5,9,21,9,0,390,198.0,"0, MONT ROLAND (RUE DU)",,,Plein jour,En agglomération,Hors intersection,Normale,Autre collision,,,,,,,,,,,1,2,1,1,6
200500058471,0005-09-06 16:45:00,5,9,6,16,45,400,279.0,RESISTANCE (AVE DE LA),,,Plein jour,En agglomération,Intersection en T,Normale,Deux véhicules - côté,,,,,,,,,,,1,2,3,1,3
200500058472,0005-09-02 10:45:00,5,9,2,10,45,400,281.0,ROCADE SUD (RN 124 E),,,Plein jour,Hors agglomération,Hors intersection,Normale,Trois véhicules et plus - collisions multiples,,,,,,,,,,,1,1,1,1,5
200500058473,0005-09-07 17:40:00,5,9,7,17,40,400,192.0,"1, FOCH (AV DU MARECHAL)",,,Plein jour,En agglomération,Hors intersection,Normale,Deux véhicules - côté,,,,,,,,,,,1,2,1,1,3
200500058474,0005-09-08 08:30:00,5,9,8,8,30,400,192.0,FOCH (AV DU MARECHAL),,,Plein jour,En agglomération,Hors intersection,Normale,Deux véhicules - côté,,,,,,,,,,,1,2,1,1,3
200500058475,0005-09-19 19:05:00,5,9,19,19,5,400,192.0,JUIN (V DU MARECHAL),,,Plein jour,Hors agglomération,Hors intersection,Normale,Deux véhicules - côté,,,,,,,,,,,1,1,1,1,3
200500058476,0005-09-02 12:25:00,5,9,2,12,25,410,18.0,"0, CHATEAUDUN (AVENUE DE",,,Plein jour,En agglomération,Hors intersection,Normale,Deux véhicules - arrière,,,,,,,,,,,1,2,1,1,2
200500058477,0005-09-03 13:10:00,5,9,3,13,10,410,18.0,"0, VENDOME (AVENUE DE)",,,Plein jour,En agglomération,Hors intersection,Normale,Deux véhicules - arrière,,,,,,,,,,,1,2,1,1,2
200500058478,0005-09-03 10:45:00,5,9,3,10,45,410,212.0,"0, N152",,,Plein jour,En agglomération,Intersection en X,Normale,Deux véhicules - côté,,,,,,,,,,,1,2,2,1,3
200500058479,0005-09-02 15:30:00,5,9,2,15,30,410,18.0,"0, MAUNOURY (AVENUE DU M",,,Plein jour,En agglomération,Hors intersection,Normale,Autre collision,,,,,,,,,,,1,2,1,1,6
200500058480,0005-09-02 09:30:00,5,9,2,9,30,410,18.0,NATIONALE (ROUTE),,,Plein jour,En agglomération,Hors intersection,Normale,Deux véhicules - côté,,,,,,,,,,,1,2,1,1,3
200500058481,0005-09-02 02:15:00,5,9,2,2,15,410,18.0,"0, FOIX (QUAI DU)",,,Nuit avec éclairage allumé,En agglomération,Intersection en T,Normale,Autre collision,,,,,,,,,,,5,2,3,1,6
200500058482,0005-09-06 18:10:00,5,9,6,18,10,410,18.0,VENDOME (AVENUE DE),,,Plein jour,En agglomération,Hors intersection,Normale,Autre collision,,,,,,,,,,,1,2,1,1,6
200500058483,0005-09-08 15:00:00,5,9,8,15,0,410,18.0,"0, SAUSSAYE (QUAI DE LA)",,,Plein jour,En agglomération,Hors intersection,Normale,Deux véhicules - frontale,,,,,,,,,,,1,2,1,1,1
200500058484,0005-09-08 20:20:00,5,9,8,20,20,410,18.0,VENDOME (AVENUE DE),,,Nuit avec éclairage allumé,En agglomération,Hors intersection,Normale,Deux véhicules - arrière,,,,,,,,,,,5,2,1,1,2
200500058485,0005-09-13 14:10:00,5,9,13,14,10,410,18.0,CHATEAUDUN (AVENUE DE),,,Plein jour,En agglomération,Hors intersection,Normale,Deux véhicules - côté,,,,,,,,,,,1,2,1,1,3
200500058486,0005-09-14 05:50:00,5,9,14,5,50,410,18.0,CHATEAU-RENAULT (ROUTE D,,,Nuit avec éclairage allumé,En agglomération,Hors intersection,Normale,Sans collision,,,,,,,,,,,5,2,1,1,7
200500058487,0005-09-15 03:20:00,5,9,15,3,20,410,18.0,"67 BIS, FOIX (QUAI DU)",,,Nuit avec éclairage non allumé,En agglomération,Hors intersection,Normale,Autre collision,,,,,,,,,,,4,2,1,1,6
200500058488,0005-09-14 23:45:00,5,9,14,23,45,410,18.0,DUPUIS (BOULEVARD DANIEL,,,Nuit avec éclairage allumé,En agglomération,Hors intersection,Normale,Sans collision,,,,,,,,,,,5,2,1,1,7
200500058489,0005-09-16 10:20:00,5,9,16,10,20,410,18.0,CHATEAUDUN (AVENUE DE),,,Plein jour,En agglomération,Hors intersection,Normale,Autre collision,,,,,,,,,,,1,2,1,1,6
200500058490,0005-09-17 11:30:00,5,9,17,11,30,410,18.0,VENDOME (AVENUE DE),,,Plein jour,En agglomération,Hors intersection,Normale,Deux véhicules - arrière,,,,,,,,,,,1,2,1,1,2
200500058491,0005-09-20 07:40:00,5,9,20,7,40,410,18.0,"5, PAPIN (RUE DENIS)",,,Crépuscule ou aube,En agglomération,Hors intersection,Normale,Sans collision,,,,,,,,,,,2,2,1,1,7
200500058492,0005-09-21 09:50:00,5,9,21,9,50,410,18.0,"07, GALLOIS (RUE)",,,Plein jour,En agglomération,Hors intersection,Normale,Autre collision,,,,,,,,,,,1,2,1,1,6
200500058493,0005-09-27 08:15:00,5,9,27,8,15,410,18.0,DEPORTES (AVENUE DES),,,Plein jour,En agglomération,Hors intersection,Normale,Deux véhicules - côté,,,,,,,,,,,1,2,1,1,3
200500058494,0005-09-27 21:30:00,5,9,27,21,30,410,18.0,DUPUIS (BOULEVARD DANIEL,,,Nuit avec éclairage allumé,En agglomération,Hors intersection,Normale,Deux véhicules - côté,,,,,,,,,,,5,2,1,1,3
200500058495,0005-09-30 10:30:00,5,9,30,10,30,410,18.0,"25, PAPIN (RUE DENIS)",,,Plein jour,En agglomération,Hors intersection,Normale,Autre collision,,,,,,,,,,,1,2,1,1,6
200500058496,0005-09-14 18:20:00,5,9,14,18,20,410,194.0,"0, VILLEFRANCHE (AVENUE",,,Plein jour,En agglomération,Intersection en X,Normale,Deux véhicules - côté,,,,,,,,,,,1,2,2,1,3
200500058497,0005-09-23 09:00:00,5,9,23,9,0,410,194.0,POT AU GRAS (CHEMIN DU),,,Plein jour,En agglomération,Intersection en T,Normale,Deux véhicules - frontale,,,,,,,,,,,1,2,3,1,1
200500058498,0005-09-20 19:15:00,5,9,20,19,15,410,269.0,"., YVON (AVENUE GERARD)",,,Plein jour,En agglomération,Intersection en X,Temps éblouissant,Deux véhicules - arrière,,,,,,,,,,,1,2,2,7,2
200500058499,0005-09-22 12:00:00,5,9,22,12,0,410,269.0,"., MOULIN (AV JEAN) (SEC",,,Plein jour,En agglomération,Intersection en X,Normale,Deux véhicules - arrière,,,,,,,,,,,1,2,2,1,2
200500058500,0005-09-05 13:40:00,5,9,5,13,40,420,99.0,"1, JOLIOT CURIE (RUE IRE",,,Plein jour,En agglomération,Hors intersection,Pluie légère,Deux véhicules - frontale,,,,,,,,,,,1,2,1,2,1
200500058501,0005-09-06 13:35:00,5,9,6,13,35,420,95.0,FAYOL (BOULEVARD),,,Plein jour,Hors agglomération,Hors intersection,Pluie légère,Sans collision,,,,,,,,,,,1,1,1,2,7
200500058502,0005-09-06 19:30:00,5,9,6,19,30,420,270.0,", GORGES (ROUTE DES) LE",,,Plein jour,Hors agglomération,Hors intersection,Pluie légère,Deux véhicules - côté,,,,,,,,,,,1,1,1,2,3
200500058503,0005-09-09 12:30:00,5,9,9,12,30,420,95.0,"32, JAURES (RUE JEAN)",,,Plein jour,En agglomération,Intersection en T,Normale,Deux véhicules - côté,,,,,,,,,,,1,2,3,1,3
200500058504,0005-09-19 17:00:00,5,9,19,17,0,420,95.0,RUE JEAN JAURES,,,Plein jour,Hors agglomération,Hors intersection,Autre,Deux véhicules - frontale,,,,,,,,,,,1,1,1,9,1
200500058505,0005-09-20 12:20:00,5,9,20,12,20,420,95.0,"02, MARRONNIERS (COURS D",,,Plein jour,En agglomération,Hors intersection,Normale,Deux véhicules - arrière,,,,,,,,,,,1,2,1,1,2
200500058506,0005-09-24 14:25:00,5,9,24,14,25,420,95.0,"54, FAYOL (BOULEVARD)",,,Plein jour,En agglomération,Hors intersection,Normale,Deux véhicules - arrière,,,,,,,,,,,1,2,1,1,2
200500058507,0005-09-29 07:05:00,5,9,29,7,5,420,95.0,"4, LEDRU ROLLIN (RUE)",,,Nuit avec éclairage non allumé,En agglomération,Hors intersection,Normale,Autre collision,,,,,,,,,,,4,2,1,1,6
200500058508,0005-09-30 14:20:00,5,9,30,14,20,420,183.0,"1, VIONNE (CHEMIN DE LA)",,,Plein jour,En agglomération,Hors intersection,Normale,Autre collision,,,,,,,,,,,1,2,1,1,6
200500058509,0005-09-22 15:55:00,5,9,22,15,55,420,44.0,"1, ECHAPRE (CHEMIN)",,,Plein jour,En agglomération,Hors intersection,Normale,Deux véhicules - frontale,,,,,,,,,,,1,2,1,1,1
200500058510,0005-09-13 14:20:00,5,9,13,14,20,420,147.0,RIO (CHEMIN DE ),,,Plein jour,En agglomération,Intersection en X,Normale,Deux véhicules - côté,,,,,,,,,,,1,2,2,1,3
200500058511,0005-09-28 08:50:00,5,9,28,8,50,420,147.0,"1, FEURS (RUE DE)",,,Plein jour,En agglomération,Giratoire,Normale,Trois véhicules et plus - en chaîne,,,,,,,,,,,1,2,6,1,4
200500058512,0005-09-20 11:05:00,5,9,20,11,5,420,147.0,CD5,,,Plein jour,En agglomération,Giratoire,Normale,Deux véhicules - côté,,,,,,,,,,,1,2,6,1,3
200500058513,0005-09-01 18:45:00,5,9,1,18,45,420,123.0,VILLEDIEU RUE,,,Plein jour,En agglomération,Intersection en T,Normale,Deux véhicules - côté,,,,,,,,,,,1,2,3,1,3
200500058514,0005-09-05 13:50:00,5,9,5,13,50,420,225.0,BURLAT ROUTE DE,,,Plein jour,En agglomération,Intersection en X,Pluie légère,Autre collision,,,,,,,,,,,1,2,2,2,6
200500058515,0005-09-06 08:50:00,5,9,6,8,50,420,186.0,"41, ROUX AUTRES N° RUE D",,,Plein jour,En agglomération,Hors intersection,Pluie légère,Autre collision,,,,,,,,,,,1,2,1,2,6
200500058516,0005-09-02 09:45:00,5,9,2,9,45,420,127.0,BRIENNON (RT DE),,,Plein jour,En agglomération,Giratoire,Normale,Deux véhicules - côté,,,,,,,,,,,1,2,6,1,3
200500058517,0005-09-06 19:00:00,5,9,6,19,0,420,187.0,"40, CUGNOT (RUE NICOLAS)",,,Plein jour,En agglomération,Intersection en T,Pluie légère,Sans collision,,,,,,,,,,,1,2,3,2,7
200500058518,0005-09-09 09:25:00,5,9,9,9,25,420,187.0,PARIS (AVENUE DE),,,Plein jour,En agglomération,Intersection en T,Normale,Autre collision,,,,,,,,,,,1,2,3,1,6
200500058519,0005-09-09 13:20:00,5,9,9,13,20,420,187.0,"78, MULSANT (RUE)",,,Plein jour,En agglomération,Hors intersection,Normale,Autre collision,,,,,,,,,,,1,2,1,1,6
200500058520,0005-09-09 15:15:00,5,9,9,15,15,420,187.0,"31, BRISON (RUE)",,,Plein jour,En agglomération,Giratoire,Normale,Autre collision,,,,,,,,,,,1,2,6,1,6
200500058521,0005-09-10 11:55:00,5,9,10,11,55,420,71.0,LIBERATION (AVENUE DE LA,,,Plein jour,En agglomération,Hors intersection,Pluie légère,Autre collision,,,,,,,,,,,1,2,1,2,6
200500058522,0005-09-12 07:50:00,5,9,12,7,50,420,187.0,"26, ARRAS (BOULEVARD D')",,,Plein jour,Hors agglomération,Hors intersection,Normale,Deux véhicules - arrière,,,,,,,,,,,1,1,1,1,2
200500058523,0005-09-13 13:30:00,5,9,13,13,30,420,187.0,"53, ARAGO  (RUE FRANCOIS",,,Plein jour,En agglomération,Hors intersection,Normale,Autre collision,,,,,,,,,,,1,2,1,1,6
200500058524,0005-09-17 14:40:00,5,9,17,14,40,420,187.0,"52, BLANQUI (BOULEVARD L",,,Plein jour,En agglomération,Intersection en X,Normale,Deux véhicules - arrière,,,,,,,,,,,1,2,2,1,2
200500058525,0005-09-18 15:40:00,5,9,18,15,40,420,170.0,"20, LE MOULIN TAMPON (LI",,,Plein jour,En agglomération,Hors intersection,Normale,Deux véhicules - côté,,,,,,,,,,,1,2,1,1,3
200500058526,0005-09-18 16:35:00,5,9,18,16,35,420,127.0,Route nationale 7,,,Plein jour,En agglomération,Intersection en T,Normale,Deux véhicules - côté,,,,,,,,,,,1,2,3,1,3
200500058527,0005-09-18 22:00:00,5,9,18,22,0,420,127.0,"43, FRANCE ANATOLE ( RUE",,,Nuit avec éclairage allumé,En agglomération,Hors intersection,Normale,Autre collision,,,,,,,,,,,5,2,1,1,6
200500058528,0005-09-22 09:25:00,5,9,22,9,25,420,187.0,LYON (AVENUE DE),,,Plein jour,En agglomération,Intersection à plus de 4 branches,Normale,Autre collision,,,,,,,,,,,1,2,5,1,6
200500058529,0005-09-23 17:59:00,5,9,23,17,59,420,187.0,"20, FONTQUENTIN (RUE)",,,Plein jour,En agglomération,Intersection en X,Normale,Autre collision,,,,,,,,,,,1,2,2,1,6
200500058530,0005-09-25 00:01:00,5,9,25,0,1,420,187.0,"14 bis, CUVIER  (RUE)",,,Nuit sans éclairage public,En agglomération,Hors intersection,Normale,Autre collision,,,,,,,,,,,3,2,1,1,6
200500058531,0005-09-27 13:10:00,5,9,27,13,10,420,170.0,LE GROS CHENE (LIEU DIT),,,Plein jour,Hors agglomération,Hors intersection,Normale,Autre collision,,,,,,,,,,,1,1,1,1,6
200500058532,0005-09-26 17:20:00,5,9,26,17,20,420,127.0,"20, FONTAINE JEAN  (RUE",,,Plein jour,En agglomération,Intersection en X,Normale,Deux véhicules - côté,,,,,,,,,,,1,2,2,1,3
200500058533,0005-09-29 00:35:00,5,9,29,0,35,420,187.0,"20, PARIS (AVENUE DE)",,,Nuit avec éclairage allumé,En agglomération,Intersection en X,Normale,Deux véhicules - côté,,,,,,,,,,,5,2,2,1,3
200500058534,0005-09-29 17:45:00,5,9,29,17,45,420,187.0,"20, MERMOZ (RUE JEAN)",,,Plein jour,En agglomération,Intersection en T,Pluie légère,Autre collision,,,,,,,,,,,1,2,3,2,6
200500058535,0005-09-29 10:00:00,5,9,29,10,0,420,187.0,"20, CIMETIERE (BOULEVARD",,,Plein jour,En agglomération,Intersection en X,Normale,Deux véhicules - côté,,,,,,,,,,,1,2,2,1,3
200500058536,0005-09-07 06:45:00,5,9,7,6,45,420,207.0,"498, LANGONNAND  ROUTE D",,,Nuit sans éclairage public,Hors agglomération,Hors intersection,Pluie légère,Trois véhicules et plus - collisions multiples,,,,,,,,,,,3,1,1,2,5
200500058537,0005-09-06 13:25:00,5,9,6,13,25,420,207.0,"1, REPUBLIQUE RUE DE LA",,,Plein jour,En agglomération,Autre intersection,Temps couvert,Deux véhicules - côté,,,,,,,,,,,1,2,9,8,3
200500058538,0005-09-15 15:45:00,5,9,15,15,45,420,207.0,"498, LANGONNAND  ROUTE D",,,Plein jour,En agglomération,Hors intersection,Normale,Deux véhicules - frontale,,,,,,,,,,,1,2,1,1,1
200500058539,0005-09-25 07:55:00,5,9,25,7,55,420,207.0,GRANDE TERRE BOULEVARD,,,Plein jour,En agglomération,Intersection en X,Normale,Deux véhicules - côté,,,,,,,,,,,1,2,2,1,3
200500058540,0005-09-22 08:40:00,5,9,22,8,40,420,207.0,R.D. 288,,,Plein jour,En agglomération,Hors intersection,Normale,Deux véhicules - côté,,,,,,,,,,,1,2,1,1,3
200500058541,0005-09-01 18:40:00,5,9,1,18,40,420,275.0,"0000000001, REPUBLIQUE",,,Plein jour,En agglomération,Intersection en Y,Normale,Deux véhicules - côté,,,,,,,,,,,1,2,4,1,3
200500058542,0005-09-02 15:39:00,5,9,2,15,39,420,223.0,VIGNE (LIEU DIT),,,Plein jour,Hors agglomération,Hors intersection,Normale,Deux véhicules - frontale,,,,,,,,,,,1,1,1,1,1
200500058543,0005-09-02 16:55:00,5,9,2,16,55,420,330.0,"0000000001, MICHARD",,,Plein jour,En agglomération,Intersection en X,Normale,Autre collision,,,,,,,,,,,1,2,2,1,6
200500058544,0005-09-04 13:52:00,5,9,4,13,52,420,189.0,"10, CURIE PIERRE ET MARI",,,Plein jour,En agglomération,Hors intersection,Normale,Deux véhicules - frontale,,,,,,,,,,,1,2,1,1,1
200500058545,0005-09-06 08:38:00,5,9,6,8,38,420,218.0,"1, ROBESPIERRE",,,Plein jour,En agglomération,Intersection en X,Pluie légère,Trois véhicules et plus - collisions multiples,,,,,,,,,,,1,2,2,2,5
200500058546,0005-09-07 08:38:00,5,9,7,8,38,420,218.0,"14, MONTAT (DE LA) JUSQU",,,Plein jour,En agglomération,Intersection en T,Normale,Deux véhicules - côté,,,,,,,,,,,1,2,3,1,3
200500058547,0005-09-08 16:45:00,5,9,8,16,45,420,218.0,"07, MONGE GASPARD",,,Plein jour,En agglomération,Hors intersection,Normale,Autre collision,,,,,,,,,,,1,2,1,1,6
200500058548,0005-09-12 18:35:00,5,9,12,18,35,420,218.0,"91, BERGSON A PARTIR N°",,,Plein jour,En agglomération,Hors intersection,Normale,Autre collision,,,,,,,,,,,1,2,1,1,6
200500058549,0005-09-10 17:15:00,5,9,10,17,15,420,218.0,"0000000001, DESCHANEL EM",,,Plein jour,En agglomération,Autre intersection,Normale,Deux véhicules - arrière,,,,,,,,,,,1,2,9,1,2
200500058550,0005-09-12 08:35:00,5,9,12,8,35,420,218.0,"05, VOLPETTE PERE (DU)",,,Plein jour,Hors agglomération,Hors intersection,Normale,Autre collision,,,,,,,,,,,1,1,1,1,6
200500058551,0005-09-10 17:07:00,5,9,10,17,7,420,218.0,VIVALDI ANTONIO (BOULEVA,,,Plein jour,En agglomération,Autre intersection,Normale,Deux véhicules - côté,,,,,,,,,,,1,2,9,1,3