accident_id,datetime,annee,mois,jour,heure,minute,departement,commune_insee,adresse,latitude,longitude,luminosite,agglomeration,intersection,meteo,collision,nb_vehicules,nb_usagers,nb_indemnes,nb_tues,nb_blesses_hosp,nb_blesses_legers,age_cond_1,age_cond_2,veh_type_cond_1,veh_type_cond_2,lum_code,agg_code,int_code,atm_code,col_code
200500058552,0005-09-15 12:25:00,5,9,15,12,25,420,218.0,POMPIDOU GEORGES (BOULEV,,,Plein jour,Hors agglomération,Hors intersection,Normale,Deux véhicules - arrière,,,,,,,,,,,1,1,1,1,2
200500058553,0005-09-17 02:54:00,5,9,17,2,54,420,218.0,MIMARD ETIENNE JUSQU'AUX,,,Nuit avec éclairage allumé,En agglomération,Hors intersection,Pluie forte,Sans collision,,,,,,,,,,,5,2,1,3,7
200500058554,0005-09-16 18:45:00,5,9,16,18,45,420,218.0,"1, CROIX DE MISSION",,,Plein jour,En agglomération,Intersection en T,Normale,Deux véhicules - frontale,,,,,,,,,,,1,2,3,1,1
200500058555,0005-09-17 16:20:00,5,9,17,16,20,420,218.0,"20, BAULIER FRANCIS",,,Plein jour,En agglomération,Intersection en X,Normale,Deux véhicules - côté,,,,,,,,,,,1,2,2,1,3
200500058556,0005-09-18 21:30:00,5,9,18,21,30,420,218.0,"80, LIBERATION (AVENUE)",,,Nuit avec éclairage allumé,En agglomération,Intersection en T,Normale,Deux véhicules - côté,,,,,,,,,,,5,2,3,1,3
200500058557,0005-09-20 12:10:00,5,9,20,12,10,420,218.0,"46, AMOUROUX A PARTIR DE",,,Plein jour,En agglomération,Intersection en X,Temps couvert,Deux véhicules - frontale,,,,,,,,,,,1,2,2,8,1
200500058558,0005-09-20 17:09:00,5,9,20,17,9,420,218.0,"14, TALAUDIERE (DE LA) J",,,Plein jour,Hors agglomération,Intersection en X,Normale,Deux véhicules - côté,,,,,,,,,,,1,1,2,1,3
200500058559,0005-09-21 15:54:00,5,9,21,15,54,420,189.0,"56, MASSENET",,,Plein jour,En agglomération,Hors intersection,Normale,Deux véhicules - frontale,,,,,,,,,,,1,2,1,1,1
200500058560,0005-09-23 13:30:00,5,9,23,13,30,420,218.0,PALLUAT DU BESSET A PART,,,Plein jour,En agglomération,Intersection en X,Normale,Deux véhicules - côté,,,,,,,,,,,1,2,2,1,3
200500058561,0005-09-24 11:00:00,5,9,24,11,0,420,237.0,"45, HUGO (VICTOR)",,,Plein jour,En agglomération,Hors intersection,Normale,Deux véhicules - côté,,,,,,,,,,,1,2,1,1,3
200500058562,0005-09-26 18:10:00,5,9,26,18,10,420,189.0,ROCADE OUEST,,,Plein jour,Hors agglomération,Hors intersection,Normale,Deux véhicules - arrière,,,,,,,,,,,1,1,1,1,2
200500058563,0005-09-30 12:00:00,5,9,30,12,0,420,218.0,CHOLAT CHARLES,,,Plein jour,En agglomération,Hors intersection,Normale,Deux véhicules - frontale,,,,,,,,,,,1,2,1,1,1
200500058564,0005-09-30 19:00:00,5,9,30,19,0,420,218.0,"20, PETIT EDOUARD",,,Crépuscule ou aube,En agglomération,Hors intersection,Normale,Autre collision,,,,,,,,,,,2,2,1,1,6
200500058565,0005-09-02 13:35:00,5,9,2,13,35,430,157.0,BREUIL (BD DU),,,Plein jour,En agglomération,Hors intersection,Normale,Deux véhicules - côté,,,,,,,,,,,1,2,1,1,3
200500058566,0005-09-04 23:30:00,5,9,4,23,30,430,157.0,VALETTE (RUE ANTOINE),,,Nuit avec éclairage allumé,En agglomération,Hors intersection,Normale,Sans collision,,,,,,,,,,,5,2,1,1,7
200500058567,0005-09-09 10:00:00,5,9,9,10,0,430,41.0,TIREBOEUF (COTE DE),,,Plein jour,En agglomération,Autre intersection,Normale,Deux véhicules - côté,,,,,,,,,,,1,2,9,1,3
200500058568,0005-09-10 05:30:00,5,9,10,5,30,430,157.0,88 (ROUTE NATIONALE),,,Nuit sans éclairage public,Hors agglomération,Hors intersection,Normale,Trois véhicules et plus - collisions multiples,,,,,,,,,,,3,1,1,1,5
200500058569,0005-09-13 08:15:00,5,9,13,8,15,430,157.0,FOCH (AVENUE DU MAL 1-73,,,Plein jour,En agglomération,Autre intersection,Normale,Deux véhicules - côté,,,,,,,,,,,1,2,9,1,3
200500058570,0005-09-14 10:20:00,5,9,14,10,20,430,157.0,CARNOT (BOULEVARD),,,Plein jour,En agglomération,Hors intersection,Normale,Autre collision,,,,,,,,,,,1,2,1,1,6
200500058571,0005-09-14 18:00:00,5,9,14,18,0,430,157.0,"50, DOUE (BD. BERTRAND D",,,Plein jour,En agglomération,Hors intersection,Normale,Deux véhicules - arrière,,,,,,,,,,,1,2,1,1,2
200500058572,0005-09-18 17:30:00,5,9,18,17,30,430,2.0,BONNEVILLE (AVENUE DE),,,Plein jour,En agglomération,Autre intersection,Normale,Deux véhicules - côté,,,,,,,,,,,1,2,9,1,3
200500058573,0005-09-19 08:50:00,5,9,19,8,50,430,251.0,VALS (AVENUE DE),,,Plein jour,En agglomération,Hors intersection,Normale,Autre collision,,,,,,,,,,,1,2,1,1,6
200500058574,0005-09-25 11:00:00,5,9,25,11,0,430,46.0,"09, CURIE (AVENUE PIERRE",,,Plein jour,En agglomération,Hors intersection,Normale,Autre collision,,,,,,,,,,,1,2,1,1,6
200500058575,0005-09-08 18:45:00,5,9,8,18,45,440,55.0,"0, SAUDRAIE ( ROUTE DE L",,,Plein jour,Hors agglomération,Intersection en X,Normale,Deux véhicules - côté,,,,,,,,,,,1,1,2,1,3
200500058576,0005-09-16 17:50:00,5,9,16,17,50,440,132.0,"1, REPUBLIQUE (BOULEVARD",,,Plein jour,En agglomération,Hors intersection,Normale,Autre collision,,,,,,,,,,,1,2,1,1,6
200500058577,0005-09-17 19:55:00,5,9,17,19,55,440,55.0,"0, CAILLAUD ( BOULEVARD",,,Plein jour,En agglomération,Hors intersection,Normale,Deux véhicules - arrière,,,,,,,,,,,1,2,1,1,2
200500058578,0005-09-02 23:40:00,5,9,2,23,40,440,109.0,HAUTECLOQUE  ( RUE GAL D,,,Nuit avec éclairage allumé,En agglomération,Intersection en X,Normale,Autre collision,,,,,,,,,,,5,2,2,1,6
200500058579,0005-09-02 21:35:00,5,9,2,21,35,440,109.0,BOULEVARD BENOIT FRACHON,,,Crépuscule ou aube,En agglomération,Hors intersection,Normale,Trois véhicules et plus - en chaîne,,,,,,,,,,,2,2,1,1,4
200500058580,0005-09-04 05:30:00,5,9,4,5,30,440,109.0,"94, BOULEVARD DE LA SOLI",,,Nuit avec éclairage allumé,En agglomération,Hors intersection,Normale,Autre collision,,,,,,,,,,,5,2,1,1,6
200500058581,0005-09-04 18:50:00,5,9,4,18,50,440,109.0,PAGEOT ( BD AUGUSTE ),,,Plein jour,En agglomération,Hors intersection,Normale,Autre collision,,,,,,,,,,,1,2,1,1,6
200500058582,0005-09-05 11:15:00,5,9,5,11,15,440,109.0,"1, RUE PAUL BEAUPERE",,,Plein jour,En agglomération,Intersection en X,Normale,Autre collision,,,,,,,,,,,1,2,2,1,6
200500058583,0005-09-05 14:45:00,5,9,5,14,45,440,143.0,"57, JAURES (RUE JEAN)",,,Plein jour,En agglomération,Hors intersection,Normale,Deux véhicules - arrière,,,,,,,,,,,1,2,1,1,2
200500058584,0005-09-06 16:15:00,5,9,6,16,15,440,109.0,"62, RUE PAUL BELLAMY",,,Plein jour,En agglomération,Hors intersection,Normale,Deux véhicules - côté,,,,,,,,,,,1,2,1,1,3
200500058585,0005-09-06 17:45:00,5,9,6,17,45,440,109.0,"00, BOULEVARD JULES VERN",,,Plein jour,En agglomération,Hors intersection,Normale,Deux véhicules - côté,,,,,,,,,,,1,2,1,1,3
200500058586,0005-09-07 18:55:00,5,9,7,18,55,440,109.0,RUE JACQUES DUCLOS,,,Plein jour,En agglomération,Hors intersection,Normale,Autre collision,,,,,,,,,,,1,2,1,1,6
200500058587,0005-09-07 18:10:00,5,9,7,18,10,440,162.0,RD 201,,,Plein jour,Hors agglomération,Hors intersection,Normale,Autre collision,,,,,,,,,,,1,1,1,1,6
200500058588,0005-09-08 08:00:00,5,9,8,8,0,440,109.0,"1, BOULEVARD DU PETIT PO",,,Plein jour,En agglomération,Hors intersection,Normale,Autre collision,,,,,,,,,,,1,2,1,1,6
200500058589,0005-09-09 10:50:00,5,9,9,10,50,440,109.0,"157, CLISSON ( ROUTE DE",,,Plein jour,En agglomération,Hors intersection,Normale,Deux véhicules - côté,,,,,,,,,,,1,2,1,1,3
200500058590,0005-09-09 12:45:00,5,9,9,12,45,440,109.0,"88, RUE MARECHAL JOFFRE",,,Plein jour,En agglomération,Hors intersection,Normale,Deux véhicules - côté,,,,,,,,,,,1,2,1,1,3
200500058591,0005-09-08 11:54:00,5,9,8,11,54,440,109.0,"00, RUE DU LANDREAU",,,Plein jour,En agglomération,Intersection en T,Normale,Deux véhicules - côté,,,,,,,,,,,1,2,3,1,3
200500058592,0005-09-08 17:45:00,5,9,8,17,45,440,109.0,RUE DE LA SOUILLARDERIE,,,Plein jour,En agglomération,Intersection en T,Normale,Autre collision,,,,,,,,,,,1,2,3,1,6
200500058593,0005-09-09 07:50:00,5,9,9,7,50,440,109.0,"10, BOULEVARD JULES VERN",,,Plein jour,En agglomération,Hors intersection,Normale,Autre collision,,,,,,,,,,,1,2,1,1,6
200500058594,0005-09-10 00:40:00,5,9,10,0,40,440,109.0,"8, RUE MEURIS",,,Nuit avec éclairage non allumé,En agglomération,Hors intersection,Normale,Autre collision,,,,,,,,,,,4,2,1,1,6
200500058595,0005-09-10 14:15:00,5,9,10,14,15,440,109.0,BOULEVARD ALBERT EINSTEI,,,Plein jour,En agglomération,Giratoire,Normale,Deux véhicules - côté,,,,,,,,,,,1,2,6,1,3
200500058596,0005-09-10 19:40:00,5,9,10,19,40,440,109.0,"14, BOULEVARD DE CHANTEN",,,Plein jour,En agglomération,Hors intersection,Normale,Autre collision,,,,,,,,,,,1,2,1,1,6
200500058597,0005-09-12 09:55:00,5,9,12,9,55,440,162.0,PLACE PIERRE MENDES FRAN,,,Plein jour,En agglomération,Hors intersection,Normale,Autre collision,,,,,,,,,,,1,2,1,1,6
200500058598,0005-09-13 16:55:00,5,9,13,16,55,440,109.0,"., QUAI HOCHE",,,Plein jour,En agglomération,Hors intersection,Normale,Autre collision,,,,,,,,,,,1,2,1,1,6
200500058599,0005-09-10 10:37:00,5,9,10,10,37,440,114.0,"0, RN 137",,,Plein jour,Hors agglomération,Hors intersection,Normale,Autre collision,,,,,,,,,,,1,1,1,1,6
200500058600,0005-09-09 08:00:00,5,9,9,8,0,440,162.0,"0, AVENUE DE LA BOUVARDI",,,Crépuscule ou aube,En agglomération,Giratoire,Normale,Deux véhicules - arrière,,,,,,,,,,,2,2,6,1,2
200500058601,0005-09-13 17:05:00,5,9,13,17,5,440,109.0,"1, RUE EUGENE THOMAS",,,Plein jour,En agglomération,Hors intersection,Normale,Autre collision,,,,,,,,,,,1,2,1,1,6
200500058602,0005-09-10 14:30:00,5,9,10,14,30,440,162.0,"0, AVENUE DES THEBAUDIER",,,Plein jour,En agglomération,Hors intersection,Normale,Deux véhicules - côté,,,,,,,,,,,1,2,1,1,3
200500058603,0005-09-14 07:00:00,5,9,14,7,0,440,162.0,"0, RUE DU MOULIN DE LA R",,,Crépuscule ou aube,Hors agglomération,Hors intersection,Normale,Sans collision,,,,,,,,,,,2,1,1,1,7
200500058604,0005-09-14 13:00:00,5,9,14,13,0,440,109.0,"1, PERRIERE ( RUE DE LA",,,Plein jour,Hors agglomération,Hors intersection,Normale,Deux véhicules - côté,,,,,,,,,,,1,1,1,1,3
200500058605,0005-09-17 19:30:00,5,9,17,19,30,440,109.0,"., PLACE VICTOR MANGIN",,,Plein jour,En agglomération,Giratoire,Normale,Deux véhicules - côté,,,,,,,,,,,1,2,6,1,3
200500058606,0005-09-17 20:40:00,5,9,17,20,40,440,109.0,"25, ALLEE DE L'EMBELLIE",,,Crépuscule ou aube,En agglomération,Hors intersection,Normale,Autre collision,,,,,,,,,,,2,2,1,1,6
200500058607,0005-09-17 16:40:00,5,9,17,16,40,440,109.0,ROUTE DE VANNES,,,Plein jour,En agglomération,Giratoire,Normale,Deux véhicules - côté,,,,,,,,,,,1,2,6,1,3
200500058608,0005-09-18 16:30:00,5,9,18,16,30,440,109.0,RUE CHANOINE LAROSE,,,Plein jour,En agglomération,Intersection en X,Normale,Deux véhicules - côté,,,,,,,,,,,1,2,2,1,3
200500058609,0005-09-19 10:55:00,5,9,19,10,55,440,109.0,"., RUE DU POITOU",,,Plein jour,En agglomération,Hors intersection,Normale,Deux véhicules - arrière,,,,,,,,,,,1,2,1,1,2
200500058610,0005-09-19 18:50:00,5,9,19,18,50,440,109.0,RUE CASIMIR PERIER,,,Plein jour,Hors agglomération,Giratoire,Normale,Deux véhicules - côté,,,,,,,,,,,1,1,6,1,3
200500058611,0005-09-20 09:00:00,5,9,20,9,0,440,109.0,BOULEVARD LELASSEUR,,,Plein jour,En agglomération,Hors intersection,Normale,Deux véhicules - côté,,,,,,,,,,,1,2,1,1,3
200500058612,0005-09-19 19:00:00,5,9,19,19,0,440,109.0,LADMIRAULT (PL),,,Plein jour,En agglomération,Intersection en X,Normale,Deux véhicules - côté,,,,,,,,,,,1,2,2,1,3
200500058613,0005-09-21 12:25:00,5,9,21,12,25,440,109.0,"1, ROUTE DE PARIS",,,Plein jour,En agglomération,Hors intersection,Normale,Autre collision,,,,,,,,,,,1,2,1,1,6
200500058614,0005-09-21 16:05:00,5,9,21,16,5,440,109.0,"94, RUE GAMBETTA",,,Plein jour,En agglomération,Intersection en X,Normale,Deux véhicules - côté,,,,,,,,,,,1,2,2,1,3
200500058615,0005-09-23 14:00:00,5,9,23,14,0,440,109.0,PONT DE CHEVIRE,,,Plein jour,Hors agglomération,Hors intersection,Normale,Deux véhicules - côté,,,,,,,,,,,1,1,1,1,3
200500058616,0005-09-24 12:10:00,5,9,24,12,10,440,109.0,ALLEE BACO,,,Plein jour,En agglomération,Intersection en T,Normale,Autre collision,,,,,,,,,,,1,2,3,1,6
200500058617,0005-09-24 02:35:00,5,9,24,2,35,440,109.0,"., COURS COMMANDANT D'ES",,,Nuit avec éclairage allumé,En agglomération,Hors intersection,Normale,Deux véhicules - côté,,,,,,,,,,,5,2,1,1,3
200500058618,0005-09-25 09:15:00,5,9,25,9,15,440,114.0,RN 137,,,Plein jour,Hors agglomération,Hors intersection,Pluie légère,Autre collision,,,,,,,,,,,1,1,1,2,6
200500058619,0005-09-26 08:45:00,5,9,26,8,45,440,109.0,"73, BOULEVARD MICHELET",,,Plein jour,En agglomération,Hors intersection,Normale,Deux véhicules - côté,,,,,,,,,,,1,2,1,1,3
200500058620,0005-09-19 07:40:00,5,9,19,7,40,440,109.0,LADMIRAULT (PL),,,Plein jour,En agglomération,Hors intersection,Normale,Deux véhicules - côté,,,,,,,,,,,1,2,1,1,3
200500058621,0005-09-21 11:00:00,5,9,21,11,0,440,190.0,RUE DE BEAUGENCY,,,Plein jour,En agglomération,Intersection en X,Normale,Deux véhicules - côté,,,,,,,,,,,1,2,2,1,3
200500058622,0005-09-25 17:00:00,5,9,25,17,0,440,109.0,"1, RUE STANISLAS BAUDRY",,,Plein jour,En agglomération,Hors intersection,Normale,Autre collision,,,,,,,,,,,1,2,1,1,6
200500058623,0005-09-27 04:15:00,5,9,27,4,15,440,109.0,"42, RUE LAMARTINE",,,Nuit avec éclairage allumé,En agglomération,Hors intersection,Normale,Autre collision,,,,,,,,,,,5,2,1,1,6
200500058624,0005-09-27 15:45:00,5,9,27,15,45,440,109.0,"25, BOULEVARD DES ANGLAI",,,Plein jour,En agglomération,Hors intersection,Pluie légère,Deux véhicules - côté,,,,,,,,,,,1,2,1,2,3
200500058625,0005-09-27 07:50:00,5,9,27,7,50,440,109.0,RUE DE LA GAUDINIERE,,,Plein jour,En agglomération,Intersection à plus de 4 branches,Normale,Autre collision,,,,,,,,,,,1,2,5,1,6
200500058626,0005-09-27 18:20:00,5,9,27,18,20,440,109.0,"3, BOULEVARD DU TERTRE",,,Plein jour,En agglomération,Hors intersection,Normale,Autre collision,,,,,,,,,,,1,2,1,1,6
200500058627,0005-09-27 19:20:00,5,9,27,19,20,440,172.0,"00, PERIPHERIQUE EST",,,Plein jour,Hors agglomération,Hors intersection,Temps couvert,Trois véhicules et plus - en chaîne,,,,,,,,,,,1,1,1,8,4
200500058628,0005-09-25 12:30:00,5,9,25,12,30,440,109.0,ROUTE DE RENNES,,,Plein jour,En agglomération,Hors intersection,Normale,Deux véhicules - arrière,,,,,,,,,,,1,2,1,1,2
200500058629,0005-09-28 16:45:00,5,9,28,16,45,440,109.0,BOULEVARD DES NATIONS UN,,,Plein jour,En agglomération,Hors intersection,Normale,Deux véhicules - côté,,,,,,,,,,,1,2,1,1,3
200500058630,0005-09-28 18:30:00,5,9,28,18,30,440,109.0,"13, BOULEVARD DES BATIGN",,,Plein jour,En agglomération,Hors intersection,Normale,Sans collision,,,,,,,,,,,1,2,1,1,7
200500058631,0005-09-29 16:00:00,5,9,29,16,0,440,162.0,"0, BOULEVARD PROFESSEUR",,,Plein jour,Hors agglomération,Hors intersection,Normale,Deux véhicules - côté,,,,,,,,,,,1,1,1,1,3
200500058632,0005-09-30 15:15:00,5,9,30,15,15,440,162.0,BOULEVARD SALVADOR ALLEN,,,Plein jour,En agglomération,Hors intersection,Normale,Autre collision,,,,,,,,,,,1,2,1,1,6
200500058633,0005-09-29 17:20:00,5,9,29,17,20,440,114.0,RN 137,,,Plein jour,Hors agglomération,Hors intersection,Normale,Deux véhicules - arrière,,,,,,,,,,,1,1,1,1,2
200500058634,0005-09-30 15:00:00,5,9,30,15,0,440,109.0,BOULEVARD DE LA BEAUJOIR,,,Plein jour,En agglomération,Giratoire,Normale,Autre collision,,,,,,,,,,,1,2,6,1,6
200500058635,0005-09-30 17:25:00,5,9,30,17,25,440,109.0,"69, RUE PAUL BELLAMY",,,Plein jour,En agglomération,Hors intersection,Normale,Autre collision,,,,,,,,,,,1,2,1,1,6
200500058636,0005-09-14 19:52:00,5,9,14,19,52,440,114.0,"0, RN 137",,,Plein jour,Hors agglomération,Hors intersection,Normale,Trois véhicules et plus - collisions multiples,,,,,,,,,,,1,1,1,1,5
200500058637,0005-09-03 13:25:00,5,9,3,13,25,440,184.0,"87, RÉPUBLIQUE (AVENUE D",,,Plein jour,En agglomération,Hors intersection,Normale,Sans collision,,,,,,,,,,,1,2,1,1,7
200500058638,0005-09-06 14:10:00,5,9,6,14,10,440,184.0,"57, MICHEL ANGE (RUE)",,,Plein jour,En agglomération,Hors intersection,Normale,Autre collision,,,,,,,,,,,1,2,1,1,6
200500058639,0005-09-07 07:15:00,5,9,7,7,15,440,184.0,"290, APPRENTIS (BOULEVAR",,,Crépuscule ou aube,En agglomération,Autre intersection,Normale,Deux véhicules - côté,,,,,,,,,,,2,2,9,1,3
200500058640,0005-09-07 21:55:00,5,9,7,21,55,440,184.0,"45, BOURGEOIS (RUE LÉON)",,,Nuit avec éclairage allumé,En agglomération,Intersection à plus de 4 branches,Normale,Deux véhicules - côté,,,,,,,,,,,5,2,5,1,3
200500058641,0005-09-08 15:20:00,5,9,8,15,20,440,184.0,"64, VILLES-MOLLÉ (ROUTE",,,Plein jour,En agglomération,Hors intersection,Normale,Deux véhicules - frontale,,,,,,,,,,,1,2,1,1,1
200500058642,0005-09-14 11:45:00,5,9,14,11,45,440,184.0,"01, COQUARRIERES (ALLÉE",,,Plein jour,En agglomération,Intersection en X,Normale,Deux véhicules - côté,,,,,,,,,,,1,2,2,1,3
200500058643,0005-09-17 17:30:00,5,9,17,17,30,440,184.0,"14, TROENES (RUE DES)",,,Plein jour,En agglomération,Hors intersection,Normale,Sans collision,,,,,,,,,,,1,2,1,1,7
200500058644,0005-09-20 23:00:00,5,9,20,23,0,440,184.0,"46, TULIPES (ALLÉE DES)",,,Nuit avec éclairage allumé,En agglomération,Intersection en X,Normale,Deux véhicules - côté,,,,,,,,,,,5,2,2,1,3
200500058645,0005-09-21 18:40:00,5,9,21,18,40,440,184.0,"12, PARÉ (RUE AMBROISE)",,,Plein jour,En agglomération,Intersection en X,Normale,Deux véhicules - côté,,,,,,,,,,,1,2,2,1,3
200500058646,0005-09-22 21:30:00,5,9,22,21,30,440,184.0,"35, QUÉMENEAU (ROUTE DU)",,,Nuit avec éclairage allumé,Hors agglomération,Hors intersection,Normale,Autre collision,,,,,,,,,,,5,1,1,1,6
200500058647,0005-09-22 18:15:00,5,9,22,18,15,440,184.0,"31, LANDETTES (ROUTE DES",,,Plein jour,En agglomération,Hors intersection,Normale,Deux véhicules - côté,,,,,,,,,,,1,2,1,1,3
200500058648,0005-09-24 11:40:00,5,9,24,11,40,440,184.0,"17, GÂTÉ (RUE DU CDT) DU",,,Plein jour,En agglomération,Intersection en X,Normale,Sans collision,,,,,,,,,,,1,2,2,1,7
200500058649,0005-09-27 12:10:00,5,9,27,12,10,440,184.0,"16, BOURGEOIS (RUE LÉON)",,,Plein jour,En agglomération,Hors intersection,Normale,Deux véhicules - arrière,,,,,,,,,,,1,2,1,1,2
200500058650,0005-09-28 14:55:00,5,9,28,14,55,440,184.0,"01, MAINE (RUE DU) DU 01",,,Plein jour,En agglomération,Intersection en X,Normale,Deux véhicules - côté,,,,,,,,,,,1,2,2,1,3
200500058651,0005-09-10 20:20:00,5,9,10,20,20,450,4.0,RN7 Carrières ROLAND,,,Nuit sans éclairage public,Hors agglomération,Hors intersection,Normale,Sans collision,,,,,,,,,,,3,1,1,1,7
200500058652,0005-09-14 16:45:00,5,9,14,16,45,450,208.0,"12, CHAUSSEE (RUE DU FAU",,,Plein jour,En agglomération,Hors intersection,Normale,Deux véhicules - arrière,,,,,,,,,,,1,2,1,1,2
200500058653,0005-09-23 11:50:00,5,9,23,11,50,450,338.0,"28 bis, BARBUSSE (AVENUE",,,Plein jour,En agglomération,Intersection en X,Normale,Deux véhicules - côté,,,,,,,,,,,1,2,2,1,3
200500058654,0005-09-29 17:35:00,5,9,29,17,35,450,208.0,SZIGETI (RUE),,,Plein jour,En agglomération,Intersection en T,Normale,Trois véhicules et plus - collisions multiples,,,,,,,,,,,1,2,3,1,5
200500058655,0005-09-19 08:45:00,5,9,19,8,45,450,234.0,CHATEAU GAILLARD (RUE DU,,,Plein jour,En agglomération,Intersection en T,Normale,Deux véhicules - côté,,,,,,,,,,,1,2,3,1,3
200500058656,0005-09-20 18:08:00,5,9,20,18,8,450,234.0,SAINT EUVERTE (BOULEVARD,,,Plein jour,En agglomération,Hors intersection,Normale,Autre collision,,,,,,,,,,,1,2,1,1,6
200500058657,0005-09-20 14:10:00,5,9,20,14,10,450,75.0,"67, GABELIERE (RUE DE LA",,,Plein jour,Hors agglomération,Hors intersection,Normale,Autre collision,,,,,,,,,,,1,1,1,1,6
200500058658,0005-09-17 18:05:00,5,9,17,18,5,450,234.0,"1, FORT DES TOURELLES (Q",,,Plein jour,En agglomération,Intersection en X,Normale,Deux véhicules - côté,,,,,,,,,,,1,2,2,1,3
200500058659,0005-09-23 16:45:00,5,9,23,16,45,450,298.0,"06, BAZIN (RUE HERVE BAZ",,,Plein jour,En agglomération,Hors intersection,Normale,Autre collision,,,,,,,,,,,1,2,1,1,6
200500058660,0005-09-26 10:55:00,5,9,26,10,55,450,234.0,"114, SAINT MARC (RUE )",,,Plein jour,En agglomération,Hors intersection,Normale,Deux véhicules - côté,,,,,,,,,,,1,2,1,1,3
200500058661,0005-09-27 15:00:00,5,9,27,15,0,450,234.0,"11, OLIVET (ROUTE D'OLIV",,,Plein jour,En agglomération,Hors intersection,Normale,Deux véhicules - arrière,,,,,,,,,,,1,2,1,1,2
200500058662,0005-09-30 07:25:00,5,9,30,7,25,450,234.0,"20, COIN ROND (RUE DU CO",,,Crépuscule ou aube,En agglomération,Hors intersection,Normale,Autre collision,,,,,,,,,,,2,2,1,1,6
200500058663,0005-09-09 16:50:00,5,9,9,16,50,460,42.0,FONTANET-AU-CHEMIN-D'ARN,,,Plein jour,Hors agglomération,Hors intersection,Normale,Trois véhicules et plus - collisions multiples,,,,,,,,,,,1,1,1,1,5
200500058664,0005-09-19 09:20:00,5,9,19,9,20,460,42.0,LAMOTHE (CHEMIN DE),,,Plein jour,En agglomération,Hors intersection,Temps éblouissant,Autre collision,,,,,,,,,,,1,2,1,7,6
200500058665,0005-09-05 19:11:00,5,9,5,19,11,470,201.0,GASCOGNE (AVENUE DE),,,Plein jour,En agglomération,Hors intersection,Pluie forte,Deux véhicules - frontale,,,,,,,,,,,1,2,1,3,1
200500058666,0005-09-08 11:30:00,5,9,8,11,30,470,1.0,PONT DE PIERRE,,,Plein jour,En agglomération,Giratoire,Normale,Autre collision,,,,,,,,,,,1,2,6,1,6
200500058667,0005-09-13 13:42:00,5,9,13,13,42,470,1.0,"21, BERT (RUE PAUL)",,,Plein jour,En agglomération,Hors intersection,Normale,Autre collision,,,,,,,,,,,1,2,1,1,6
200500058668,0005-09-14 07:20:00,5,9,14,7,20,470,1.0,LIBERTE (BOULEVARD DE LA,,,Plein jour,En agglomération,Intersection en T,Brouillard / fumée,Deux véhicules - frontale,,,,,,,,,,,1,2,3,5,1
200500058669,0005-09-21 08:07:00,5,9,21,8,7,470,1.0,CALABET (QUAI DU DOCTEUR,,,Plein jour,En agglomération,Hors intersection,Normale,Trois véhicules et plus - collisions multiples,,,,,,,,,,,1,2,1,1,5
200500058670,0005-09-21 14:23:00,5,9,21,14,23,470,1.0,"43, LACOUR (BD EDOUARD)",,,Plein jour,En agglomération,Hors intersection,Normale,Deux véhicules - côté,,,,,,,,,,,1,2,1,1,3
200500058671,0005-09-22 19:50:00,5,9,22,19,50,470,1.0,MONNET (AV. JEAN),,,Plein jour,En agglomération,Intersection en X,Normale,Deux véhicules - côté,,,,,,,,,,,1,2,2,1,3
200500058672,0005-09-03 12:25:00,5,9,3,12,25,470,157.0,CV 57- LIEU DIT GERBEAUX,,,Plein jour,En agglomération,Hors intersection,Normale,Deux véhicules - frontale,,,,,,,,,,,1,2,1,1,1
200500058673,0005-09-16 07:45:00,5,9,16,7,45,470,157.0,", PIERRE BUFFIN (AVENUE)",,,Plein jour,En agglomération,Intersection en X,Normale,Deux véhicules - côté,,,,,,,,,,,1,2,2,1,3
200500058674,0005-09-24 12:10:00,5,9,24,12,10,470,157.0,CAZEAUX (CHEMIN DE),,,Plein jour,En agglomération,Intersection en X,Normale,Deux véhicules - côté,,,,,,,,,,,1,2,2,1,3
200500058675,0005-09-25 15:10:00,5,9,25,15,10,470,157.0,GAMBETTA (BOULEVARD),,,Plein jour,En agglomération,Intersection en T,Normale,Deux véhicules - côté,,,,,,,,,,,1,2,3,1,3
200500058676,0005-09-08 14:25:00,5,9,8,14,25,480,95.0,RN 88 (LA TEBAIDE),,,Plein jour,Hors agglomération,Hors intersection,Pluie légère,Deux véhicules - côté,,,,,,,,,,,1,1,1,2,3
200500058677,0005-09-17 23:40:00,5,9,17,23,40,480,95.0,RD 25,,,Nuit sans éclairage public,Hors agglomération,Hors intersection,Vent fort / tempête,Autre collision,,,,,,,,,,,3,1,1,6,6
200500058678,0005-09-27 17:45:00,5,9,27,17,45,480,95.0,RD 42,,,Plein jour,Hors agglomération,Hors intersection,Normale,Sans collision,,,,,,,,,,,1,1,1,1,7
200500058679,0005-09-01 18:17:00,5,9,1,18,17,490,7.0,"0, LETANDUERE",,,Plein jour,En agglomération,Hors intersection,Normale,Autre collision,,,,,,,,,,,1,2,1,1,6
200500058680,0005-09-01 19:14:00,5,9,1,19,14,490,7.0,MILLOT BOULEVARD JACQUES,,,Plein jour,En agglomération,Intersection en X,Normale,Autre collision,,,,,,,,,,,1,2,2,1,6
200500058681,0005-09-02 15:41:00,5,9,2,15,41,490,7.0,"00, BEDIER BOULEVARD",,,Plein jour,En agglomération,Hors intersection,Normale,Autre collision,,,,,,,,,,,1,2,1,1,6
200500058682,0005-09-02 16:44:00,5,9,2,16,44,490,7.0,"00, DUNANT BOULEVARD",,,Plein jour,En agglomération,Hors intersection,Normale,Autre collision,,,,,,,,,,,1,2,1,1,6