accident_id,datetime,annee,mois,jour,heure,minute,departement,commune_insee,adresse,latitude,longitude,luminosite,agglomeration,intersection,meteo,collision,nb_vehicules,nb_usagers,nb_indemnes,nb_tues,nb_blesses_hosp,nb_blesses_legers,age_cond_1,age_cond_2,veh_type_cond_1,veh_type_cond_2,lum_code,agg_code,int_code,atm_code,col_code
200500058683,0005-09-02 15:48:00,5,9,2,15,48,490,7.0,"87, SAINT LEONARD",,,Plein jour,En agglomération,Hors intersection,Normale,Deux véhicules - frontale,,,,,,,,,,,1,2,1,1,1
200500058684,0005-09-04 17:06:00,5,9,4,17,6,490,246.0,"40, GRAND LARGE PORT",,,Plein jour,En agglomération,Hors intersection,Normale,Sans collision,,,,,,,,,,,1,2,1,1,7
200500058685,0005-09-05 14:47:00,5,9,5,14,47,490,7.0,"00, LARREY",,,Plein jour,En agglomération,Intersection en X,Normale,Deux véhicules - côté,,,,,,,,,,,1,2,2,1,3
200500058686,0005-09-06 16:46:00,5,9,6,16,46,490,7.0,"00, GANDHI",,,Plein jour,En agglomération,Hors intersection,Normale,Sans collision,,,,,,,,,,,1,2,1,1,7
200500058687,0005-09-06 17:25:00,5,9,6,17,25,490,7.0,"00, DAVID D'ANGERS",,,Plein jour,En agglomération,Hors intersection,Normale,Deux véhicules - arrière,,,,,,,,,,,1,2,1,1,2
200500058688,0005-09-07 12:33:00,5,9,7,12,33,490,7.0,BASSE CHAINE PONT,,,Plein jour,En agglomération,Hors intersection,Normale,Deux véhicules - frontale,,,,,,,,,,,1,2,1,1,1
200500058689,0005-09-07 15:26:00,5,9,7,15,26,490,7.0,"00, BON PASTEUR BOULEVAR",,,Plein jour,En agglomération,Hors intersection,Normale,Deux véhicules - côté,,,,,,,,,,,1,2,1,1,3
200500058690,0005-09-08 08:02:00,5,9,8,8,2,490,7.0,"00, ARAGON AVENUE",,,Plein jour,En agglomération,Giratoire,Normale,Deux véhicules - côté,,,,,,,,,,,1,2,6,1,3
200500058691,0005-09-09 16:05:00,5,9,9,16,5,490,7.0,"47, CHAPELLE",,,Plein jour,En agglomération,Hors intersection,Normale,Deux véhicules - côté,,,,,,,,,,,1,2,1,1,3
200500058692,0005-09-09 17:17:00,5,9,9,17,17,490,7.0,"21, MILLOT BOULEVARD JAC",,,Plein jour,En agglomération,Hors intersection,Normale,Trois véhicules et plus - collisions multiples,,,,,,,,,,,1,2,1,1,5
200500058693,0005-09-09 21:40:00,5,9,9,21,40,490,7.0,"00, BERGES VOIE",,,Nuit avec éclairage allumé,En agglomération,Hors intersection,Normale,Deux véhicules - côté,,,,,,,,,,,5,2,1,1,3
200500058694,0005-09-10 06:12:00,5,9,10,6,12,490,7.0,"03, VIVIERS",,,Nuit avec éclairage allumé,En agglomération,Hors intersection,Normale,Deux véhicules - côté,,,,,,,,,,,5,2,1,1,3
200500058695,0005-09-11 19:06:00,5,9,11,19,6,490,15.0,"09, MENDES FRANCE AVENUE",,,Crépuscule ou aube,En agglomération,Hors intersection,Normale,Deux véhicules - côté,,,,,,,,,,,2,2,1,1,3
200500058696,0005-09-12 08:22:00,5,9,12,8,22,490,7.0,"00, MOULIN PONT ET PLACE",,,Plein jour,En agglomération,Hors intersection,Normale,Deux véhicules - côté,,,,,,,,,,,1,2,1,1,3
200500058697,0005-09-13 14:35:00,5,9,13,14,35,490,7.0,"00, PASTEUR AVENUE",,,Plein jour,En agglomération,Intersection en T,Normale,Deux véhicules - côté,,,,,,,,,,,1,2,3,1,3
200500058698,0005-09-14 04:56:00,5,9,14,4,56,490,7.0,"02, ROUAUD",,,Nuit avec éclairage allumé,En agglomération,Hors intersection,Normale,Autre collision,,,,,,,,,,,5,2,1,1,6
200500058699,0005-09-14 14:33:00,5,9,14,14,33,490,7.0,"10, CUSSONEAU",,,Plein jour,En agglomération,Hors intersection,Normale,Deux véhicules - arrière,,,,,,,,,,,1,2,1,1,2
200500058700,0005-09-15 16:20:00,5,9,15,16,20,490,7.0,"43, FOCH BOULEVARD",,,Plein jour,En agglomération,Hors intersection,Normale,Deux véhicules - côté,,,,,,,,,,,1,2,1,1,3
200500058701,0005-09-16 13:02:00,5,9,16,13,2,490,7.0,"24, GAIN ( LOUIS)",,,Plein jour,En agglomération,Hors intersection,Normale,Deux véhicules - côté,,,,,,,,,,,1,2,1,1,3
200500058702,0005-09-16 18:40:00,5,9,16,18,40,490,7.0,"00, FAYE",,,Plein jour,En agglomération,Intersection en T,Normale,Deux véhicules - côté,,,,,,,,,,,1,2,3,1,3
200500058703,0005-09-17 16:46:00,5,9,17,16,46,490,7.0,"16, ORMEAUX",,,Plein jour,En agglomération,Hors intersection,Normale,Deux véhicules - côté,,,,,,,,,,,1,2,1,1,3
200500058704,0005-09-18 01:25:00,5,9,18,1,25,490,7.0,"00, CROIX BLANCHE RUE ET",,,Nuit avec éclairage allumé,En agglomération,Giratoire,Normale,Deux véhicules - côté,,,,,,,,,,,5,2,6,1,3
200500058705,0005-09-18 19:25:00,5,9,18,19,25,490,7.0,"00, BAZIN RENE ALLEE",,,Nuit avec éclairage allumé,En agglomération,Intersection en X,Normale,Deux véhicules - côté,,,,,,,,,,,5,2,2,1,3
200500058706,0005-09-19 07:27:00,5,9,19,7,27,490,246.0,"00, CHAUVIN AVENUE",,,Crépuscule ou aube,En agglomération,Hors intersection,Normale,Sans collision,,,,,,,,,,,2,2,1,1,7
200500058707,0005-09-19 09:02:00,5,9,19,9,2,490,7.0,"00, ATLANTIQUE  AVENUE D",,,Plein jour,En agglomération,Hors intersection,Normale,Deux véhicules - arrière,,,,,,,,,,,1,2,1,1,2
200500058708,0005-09-19 12:40:00,5,9,19,12,40,490,246.0,"00, DAVID D'ANGERS",,,Plein jour,En agglomération,Hors intersection,Normale,Autre collision,,,,,,,,,,,1,2,1,1,6
200500058709,0005-09-19 15:01:00,5,9,19,15,1,490,7.0,"00, BEAUSSIER BOULEVARD",,,Plein jour,En agglomération,Hors intersection,Normale,Autre collision,,,,,,,,,,,1,2,1,1,6
200500058710,0005-09-19 18:12:00,5,9,19,18,12,490,7.0,"00, GUICHARD",,,Plein jour,En agglomération,Intersection en T,Normale,Deux véhicules - côté,,,,,,,,,,,1,2,3,1,3
200500058711,0005-09-20 12:10:00,5,9,20,12,10,490,7.0,"65, DUNANT BOULEVARD",,,Plein jour,En agglomération,Hors intersection,Normale,Deux véhicules - côté,,,,,,,,,,,1,2,1,1,3
200500058712,0005-09-20 16:43:00,5,9,20,16,43,490,7.0,"00, AYRAULT",,,Plein jour,En agglomération,Intersection en T,Normale,Deux véhicules - côté,,,,,,,,,,,1,2,3,1,3
200500058713,0005-09-21 18:52:00,5,9,21,18,52,490,15.0,"00, MENDES FRANCE AVENUE",,,Plein jour,En agglomération,Hors intersection,Normale,Deux véhicules - côté,,,,,,,,,,,1,2,1,1,3
200500058714,0005-09-22 22:33:00,5,9,22,22,33,490,7.0,HANNELOUP,,,Nuit avec éclairage allumé,En agglomération,Intersection en X,Normale,Deux véhicules - côté,,,,,,,,,,,5,2,2,1,3
200500058715,0005-09-22 20:34:00,5,9,22,20,34,490,7.0,"0, CHAUVAT BOULEVARD",,,Crépuscule ou aube,En agglomération,Hors intersection,Normale,Deux véhicules - frontale,,,,,,,,,,,2,2,1,1,1
200500058716,0005-09-23 08:36:00,5,9,23,8,36,490,353.0,"90, PASTEUR",,,Plein jour,En agglomération,Hors intersection,Normale,Deux véhicules - arrière,,,,,,,,,,,1,2,1,1,2
200500058717,0005-09-23 11:32:00,5,9,23,11,32,490,7.0,"00, LAREVELLIERE",,,Plein jour,En agglomération,Hors intersection,Normale,Deux véhicules - côté,,,,,,,,,,,1,2,1,1,3
200500058718,0005-09-22 21:22:00,5,9,22,21,22,490,7.0,BEAUSSIER BOULEVARD,,,Nuit avec éclairage allumé,En agglomération,Intersection en X,Normale,Deux véhicules - côté,,,,,,,,,,,5,2,2,1,3
200500058719,0005-09-24 00:32:00,5,9,24,0,32,490,7.0,"00, DUPETIT THOUARS",,,Nuit avec éclairage allumé,En agglomération,Intersection en X,Normale,Deux véhicules - arrière,,,,,,,,,,,5,2,2,1,2
200500058720,0005-09-26 11:30:00,5,9,26,11,30,490,7.0,"00, ARBRISSEL",,,Plein jour,En agglomération,Intersection en X,Normale,Deux véhicules - côté,,,,,,,,,,,1,2,2,1,3
200500058721,0005-09-27 09:52:00,5,9,27,9,52,490,7.0,"00, STRASBOURG BOULEVARD",,,Plein jour,En agglomération,Intersection à plus de 4 branches,Normale,Autre collision,,,,,,,,,,,1,2,5,1,6
200500058722,0005-09-27 16:46:00,5,9,27,16,46,490,7.0,BASSE CHAINE PONT,,,Plein jour,En agglomération,Hors intersection,Pluie légère,Deux véhicules - frontale,,,,,,,,,,,1,2,1,2,1
200500058723,0005-09-28 14:44:00,5,9,28,14,44,490,7.0,"00, SEURAT",,,Plein jour,En agglomération,Giratoire,Normale,Deux véhicules - côté,,,,,,,,,,,1,2,6,1,3
200500058724,0005-09-28 18:55:00,5,9,28,18,55,490,7.0,"00, TROIS PAROISSES CHEM",,,Plein jour,En agglomération,Hors intersection,Normale,Sans collision,,,,,,,,,,,1,2,1,1,7
200500058725,0005-09-29 08:50:00,5,9,29,8,50,490,7.0,"00, BIRGE BOULEVARD",,,Plein jour,En agglomération,Hors intersection,Normale,Deux véhicules - arrière,,,,,,,,,,,1,2,1,1,2
200500058726,0005-09-29 19:18:00,5,9,29,19,18,490,246.0,"00, DAVID D'ANGERS",,,Crépuscule ou aube,En agglomération,Intersection en T,Normale,Deux véhicules - frontale,,,,,,,,,,,2,2,3,1,1
200500058727,0005-09-13 16:15:00,5,9,13,16,15,490,99.0,VC 4,,,Plein jour,En agglomération,Hors intersection,Normale,Deux véhicules - frontale,,,,,,,,,,,1,2,1,1,1
200500058728,0005-09-15 07:10:00,5,9,15,7,10,490,99.0,"30 bis, MANCEAU (AVENUE",,,Nuit avec éclairage allumé,En agglomération,Hors intersection,Brouillard / fumée,Deux véhicules - côté,,,,,,,,,,,5,2,1,5,3
200500058729,0005-09-18 11:15:00,5,9,18,11,15,490,99.0,ATLANTIQUE (AVENUE DE L',,,Plein jour,En agglomération,Hors intersection,Normale,Deux véhicules - côté,,,,,,,,,,,1,2,1,1,3
200500058730,0005-09-18 14:50:00,5,9,18,14,50,490,99.0,LATTRE DE TASSIGNY (PONT,,,Plein jour,En agglomération,Hors intersection,Normale,Autre collision,,,,,,,,,,,1,2,1,1,6
200500058731,0005-09-22 11:57:00,5,9,22,11,57,490,99.0,"11, TRAVOT (RUE )",,,Plein jour,En agglomération,Hors intersection,Normale,Autre collision,,,,,,,,,,,1,2,1,1,6
200500058732,0005-09-23 20:10:00,5,9,23,20,10,490,99.0,LAIT DE BEURRE (RUE DU),,,Nuit avec éclairage allumé,En agglomération,Intersection en T,Normale,Deux véhicules - côté,,,,,,,,,,,5,2,3,1,3
200500058733,0005-09-07 18:00:00,5,9,7,18,0,490,328.0,"69, AMIOT (RUE JULES)",,,Plein jour,En agglomération,Hors intersection,Normale,Autre collision,,,,,,,,,,,1,2,1,1,6
200500058734,0005-09-26 19:25:00,5,9,26,19,25,490,328.0,"sans, MARCEAU (RUE)",,,Plein jour,En agglomération,Intersection en X,Normale,Autre collision,,,,,,,,,,,1,2,2,1,6
200500058735,0005-09-29 09:40:00,5,9,29,9,40,490,328.0,"sans, MONTSOREAU (ROUTE",,,Plein jour,En agglomération,Hors intersection,Pluie légère,Deux véhicules - frontale,,,,,,,,,,,1,2,1,2,1
200500058736,0005-09-30 18:40:00,5,9,30,18,40,490,328.0,ROCADE N 347,,,Plein jour,En agglomération,Hors intersection,Normale,Trois véhicules et plus - en chaîne,,,,,,,,,,,1,2,1,1,4
200500058737,0005-09-01 18:05:00,5,9,1,18,5,500,173.0,"49, PAIX (RUE DE LA)",,,Plein jour,En agglomération,Hors intersection,Normale,Deux véhicules - côté,,,,,,,,,,,1,2,1,1,3
200500058738,0005-09-04 16:15:00,5,9,4,16,15,500,129.0,CALIGNY (QUAI DE),,,Plein jour,En agglomération,Hors intersection,Normale,Deux véhicules - côté,,,,,,,,,,,1,2,1,1,3
200500058739,0005-09-03 01:00:00,5,9,3,1,0,500,173.0,"0, VIEUX TOT (RUE DU)",,,Nuit avec éclairage allumé,En agglomération,Hors intersection,Normale,Autre collision,,,,,,,,,,,5,2,1,1,6
200500058740,0005-09-07 09:00:00,5,9,7,9,0,500,602.0,LECLERC (RUE DU GENERAL),,,Plein jour,En agglomération,Hors intersection,Normale,Autre collision,,,,,,,,,,,1,2,1,1,6
200500058741,0005-09-07 09:05:00,5,9,7,9,5,500,173.0,"68, GAMBETTA (RUE)",,,Plein jour,En agglomération,Hors intersection,Temps éblouissant,Autre collision,,,,,,,,,,,1,2,1,7,6
200500058742,0005-09-09 07:55:00,5,9,9,7,55,500,602.0,"00, MANCHE (BOULEVARD DE",,,Plein jour,En agglomération,Intersection en X,Normale,Deux véhicules - côté,,,,,,,,,,,1,2,2,1,3
200500058743,0005-09-09 07:55:00,5,9,9,7,55,500,129.0,"00, MILLET (AVENUE JEAN-",,,Plein jour,En agglomération,Intersection en X,Normale,Sans collision,,,,,,,,,,,1,2,2,1,7
200500058744,0005-09-09 20:50:00,5,9,9,20,50,500,416.0,CORMORANS (ALLEE DES),,,Nuit sans éclairage public,En agglomération,Hors intersection,Normale,Sans collision,,,,,,,,,,,3,2,1,1,7
200500058745,0005-09-10 22:35:00,5,9,10,22,35,500,602.0,EST (BOULEVARD DE L'),,,Nuit avec éclairage allumé,En agglomération,Hors intersection,Normale,Sans collision,,,,,,,,,,,5,2,1,1,7
200500058746,0005-09-11 09:30:00,5,9,11,9,30,500,602.0,"0, BECQUET (RUE DU)",,,Plein jour,En agglomération,Hors intersection,Normale,Deux véhicules - arrière,,,,,,,,,,,1,2,1,1,2
200500058747,0005-09-14 15:35:00,5,9,14,15,35,500,129.0,"00, DUFRESNE (RUE JULES)",,,Plein jour,En agglomération,Intersection en X,Pluie légère,Autre collision,,,,,,,,,,,1,2,2,2,6
200500058748,0005-09-15 13:15:00,5,9,15,13,15,500,129.0,"57, BRANLY (RUE EDOUARD)",,,Plein jour,En agglomération,Hors intersection,Normale,Deux véhicules - arrière,,,,,,,,,,,1,2,1,1,2
200500058749,0005-09-15 15:10:00,5,9,15,15,10,500,129.0,ABBAYE (RUE DE L'),,,Plein jour,En agglomération,Hors intersection,Vent fort / tempête,Deux véhicules - côté,,,,,,,,,,,1,2,1,6,3
200500058750,0005-09-16 14:55:00,5,9,16,14,55,500,203.0,"00, HIPPODROME (rue de l",,,Plein jour,En agglomération,Intersection en X,Pluie légère,Deux véhicules - côté,,,,,,,,,,,1,2,2,2,3
200500058751,0005-09-16 17:20:00,5,9,16,17,20,500,173.0,"0, LECLERC (RUE DU GENER",,,Plein jour,En agglomération,Intersection en X,Normale,Deux véhicules - côté,,,,,,,,,,,1,2,2,1,3
200500058752,0005-09-17 20:15:00,5,9,17,20,15,500,416.0,"00, HAGUE (BOULEVARD DE",,,Plein jour,En agglomération,Intersection en T,Temps éblouissant,Deux véhicules - arrière,,,,,,,,,,,1,2,3,7,2
200500058753,0005-09-19 20:40:00,5,9,19,20,40,500,129.0,CALIGNY (QUAI DE),,,Nuit avec éclairage allumé,En agglomération,Hors intersection,Normale,Sans collision,,,,,,,,,,,5,2,1,1,7
200500058754,0005-09-23 09:55:00,5,9,23,9,55,500,129.0,"5, ALMA (RUE DE L')",,,Plein jour,En agglomération,Hors intersection,Normale,Sans collision,,,,,,,,,,,1,2,1,1,7
200500058755,0005-09-23 10:55:00,5,9,23,10,55,500,129.0,LEMONNIER (AVENUE AMIRAL,,,Plein jour,En agglomération,Intersection en T,Normale,Deux véhicules - côté,,,,,,,,,,,1,2,3,1,3
200500058756,0005-09-23 14:50:00,5,9,23,14,50,500,129.0,"00, NORMANDIE (AVENUE DE",,,Plein jour,En agglomération,Intersection en X,Pluie légère,Deux véhicules - arrière,,,,,,,,,,,1,2,2,2,2
200500058757,0005-09-23 15:40:00,5,9,23,15,40,500,129.0,"0, ERMITAGE (RUE DE L')",,,Plein jour,En agglomération,Intersection en T,Pluie légère,Deux véhicules - côté,,,,,,,,,,,1,2,3,2,3
200500058758,0005-09-25 18:35:00,5,9,25,18,35,500,416.0,"00, ORMEAUX (RUE DES)",,,Plein jour,En agglomération,Hors intersection,Temps éblouissant,Deux véhicules - frontale,,,,,,,,,,,1,2,1,7,1
200500058759,0005-09-27 13:45:00,5,9,27,13,45,500,129.0,"48, GAMBETTA (RUE)",,,Plein jour,En agglomération,Hors intersection,Normale,Sans collision,,,,,,,,,,,1,2,1,1,7
200500058760,0005-09-06 18:50:00,5,9,6,18,50,500,147.0,"00054, REPUBLIQUE",,,Plein jour,En agglomération,Hors intersection,Normale,Autre collision,,,,,,,,,,,1,2,1,1,6
200500058761,0005-09-04 16:15:00,5,9,4,16,15,500,647.0,GOLF (RUE DU),,,Plein jour,En agglomération,Hors intersection,Normale,Deux véhicules - côté,,,,,,,,,,,1,2,1,1,3
200500058762,0005-09-16 06:50:00,5,9,16,6,50,500,218.0,"0000000000, GUEPRATTE (P",,,Nuit avec éclairage allumé,En agglomération,Hors intersection,Normale,Deux véhicules - côté,,,,,,,,,,,5,2,1,1,3
200500058763,0005-09-16 23:35:00,5,9,16,23,35,500,218.0,"1045, VENDEENS (AV DES)",,,Nuit avec éclairage allumé,En agglomération,Hors intersection,Normale,Autre collision,,,,,,,,,,,5,2,1,1,6
200500058764,0005-09-23 13:38:00,5,9,23,13,38,500,647.0,VILLEDIEU (ROUTE DE),,,Plein jour,En agglomération,Hors intersection,Normale,Trois véhicules et plus - en chaîne,,,,,,,,,,,1,2,1,1,4
200500058765,0005-09-24 15:40:00,5,9,24,15,40,500,218.0,CASINO (PLACE DU),,,Plein jour,En agglomération,Hors intersection,Normale,Autre collision,,,,,,,,,,,1,2,1,1,6
200500058766,0005-09-27 17:40:00,5,9,27,17,40,500,218.0,PARFONTERIE (CH DE LA),,,Plein jour,En agglomération,Hors intersection,Normale,Deux véhicules - frontale,,,,,,,,,,,1,2,1,1,1
200500058767,0005-09-30 23:30:00,5,9,30,23,30,500,218.0,"10, VICTOR HUGOT (RUE)",,,Nuit avec éclairage allumé,En agglomération,Hors intersection,Pluie légère,Deux véhicules - frontale,,,,,,,,,,,5,2,1,2,1
200500058768,0005-09-05 08:30:00,5,9,5,8,30,510,525.0,GRANDE RUE,,,Plein jour,En agglomération,Intersection en T,Normale,Deux véhicules - côté,,,,,,,,,,,1,2,3,1,3
200500058769,0005-09-11 16:35:00,5,9,11,16,35,510,242.0,"39, GENERAL LECLERC (RUE",,,Plein jour,En agglomération,Hors intersection,Pluie légère,Autre collision,,,,,,,,,,,1,2,1,2,6
200500058770,0005-09-27 18:50:00,5,9,27,18,50,510,108.0,"01, LACOMBE (RUE CLAIRE)",,,Plein jour,En agglomération,Intersection en X,Normale,Deux véhicules - côté,,,,,,,,,,,1,2,2,1,3
200500058771,0005-09-07 08:35:00,5,9,7,8,35,510,230.0,CROIX DE BUSSY (RUE),,,Plein jour,En agglomération,Intersection en T,Normale,Deux véhicules - côté,,,,,,,,,,,1,2,3,1,3
200500058772,0005-09-05 04:35:00,5,9,5,4,35,510,454.0,"108, COURCELLES (RUE DE)",,,Nuit avec éclairage allumé,En agglomération,Hors intersection,Normale,Deux véhicules - côté,,,,,,,,,,,5,2,1,1,3
200500058773,0005-09-04 16:15:00,5,9,4,16,15,510,454.0,"12, WITRY (ROUTE DE)",,,Plein jour,En agglomération,Intersection en T,Normale,Deux véhicules - côté,,,,,,,,,,,1,2,3,1,3
200500058774,0005-09-08 09:20:00,5,9,8,9,20,510,454.0,BRIAND (PLACE ARISTIDE),,,Plein jour,En agglomération,Giratoire,Normale,Autre collision,,,,,,,,,,,1,2,6,1,6
200500058775,0005-09-05 12:15:00,5,9,5,12,15,510,454.0,CERNAY (RUE DE ) DU N° 3,,,Plein jour,En agglomération,Intersection en X,Normale,Autre collision,,,,,,,,,,,1,2,2,1,6
200500058776,0005-09-09 21:15:00,5,9,9,21,15,510,454.0,NATIONALE 44,,,Nuit sans éclairage public,En agglomération,Intersection en X,Normale,Deux véhicules - côté,,,,,,,,,,,3,2,2,1,3
200500058777,0005-09-11 17:00:00,5,9,11,17,0,510,454.0,"08, VASCO DE GAMMA (BOUL",,,Plein jour,En agglomération,Intersection en X,Temps couvert,Deux véhicules - côté,,,,,,,,,,,1,2,2,8,3
200500058778,0005-09-13 10:45:00,5,9,13,10,45,510,454.0,JAURES (AVENUE JEAN) DU,,,Plein jour,En agglomération,Hors intersection,Normale,Deux véhicules - côté,,,,,,,,,,,1,2,1,1,3
200500058779,0005-09-09 18:00:00,5,9,9,18,0,510,454.0,ETAPE (RUE DE L'),,,Plein jour,En agglomération,Place,Normale,Autre collision,,,,,,,,,,,1,2,7,1,6
200500058780,0005-09-16 07:55:00,5,9,16,7,55,510,454.0,RENAN (RUE ERNEST),,,Plein jour,En agglomération,Intersection en X,Pluie légère,Deux véhicules - côté,,,,,,,,,,,1,2,2,2,3
200500058781,0005-09-21 12:55:00,5,9,21,12,55,510,454.0,LUNDY (BOULEVARD),,,Plein jour,En agglomération,Hors intersection,Normale,Autre collision,,,,,,,,,,,1,2,1,1,6
200500058782,0005-09-24 03:25:00,5,9,24,3,25,510,454.0,LEMOINE (RUE DE DOCTEUR),,,Nuit avec éclairage allumé,En agglomération,Intersection en X,Normale,Deux véhicules - côté,,,,,,,,,,,5,2,2,1,3
200500058783,0005-09-23 14:00:00,5,9,23,14,0,510,454.0,"82, GAMBETTA (RUE) DU N°",,,Plein jour,En agglomération,Hors intersection,Normale,Autre collision,,,,,,,,,,,1,2,1,1,6
200500058784,0005-09-26 05:30:00,5,9,26,5,30,510,454.0,NEUFCHATEL (RUE DE) DU N,,,Nuit avec éclairage allumé,En agglomération,Intersection en X,Normale,Deux véhicules - côté,,,,,,,,,,,5,2,2,1,3
200500058785,0005-09-15 08:05:00,5,9,15,8,5,510,573.0,BIR HAKEIM (RUE),,,Plein jour,En agglomération,Intersection en T,Normale,Deux véhicules - frontale,,,,,,,,,,,1,2,3,1,1
200500058786,0005-09-27 12:30:00,5,9,27,12,30,510,454.0,BRIAND (PLACE ARISTIDE),,,Plein jour,En agglomération,Giratoire,Normale,Deux véhicules - arrière,,,,,,,,,,,1,2,6,1,2
200500058787,0005-09-08 17:30:00,5,9,8,17,30,520,121.0,R.N. 74,,,Plein jour,Hors agglomération,Intersection en T,Normale,Deux véhicules - côté,,,,,,,,,,,1,1,3,1,3
200500058788,0005-09-08 18:35:00,5,9,8,18,35,520,121.0,"1, SOUVENIR FRANCAIS (AV",,,Plein jour,En agglomération,Hors intersection,Normale,Autre collision,,,,,,,,,,,1,2,1,1,6
200500058789,0005-09-09 06:25:00,5,9,9,6,25,520,121.0,"1, MARECHAL JUIN (BOULEV",,,Crépuscule ou aube,En agglomération,Intersection en X,Normale,Autre collision,,,,,,,,,,,2,2,2,1,6
200500058790,0005-09-09 17:10:00,5,9,9,17,10,520,121.0,"1, NEUILLY (ROUTE DE)",,,Plein jour,En agglomération,Hors intersection,Normale,Autre collision,,,,,,,,,,,1,2,1,1,6
200500058791,0005-09-11 20:50:00,5,9,11,20,50,520,121.0,R.N. 74,,,Nuit sans éclairage public,Hors agglomération,Hors intersection,Pluie légère,Autre collision,,,,,,,,,,,3,1,1,2,6
200500058792,0005-09-12 18:30:00,5,9,12,18,30,520,121.0,"30, ASHTON UNDER LYNE (A",,,Plein jour,En agglomération,Hors intersection,Pluie légère,Deux véhicules - arrière,,,,,,,,,,,1,2,1,2,2
200500058793,0005-09-20 13:30:00,5,9,20,13,30,520,121.0,"3, CAMUS (RUE ALBERT)",,,Plein jour,En agglomération,Hors intersection,Normale,Deux véhicules - arrière,,,,,,,,,,,1,2,1,1,2
200500058794,0005-09-11 11:00:00,5,9,11,11,0,520,121.0,QUATRE MOULINS (CHEMIN D,,,Plein jour,En agglomération,Intersection en T,Pluie légère,Deux véhicules - arrière,,,,,,,,,,,1,2,3,2,2
200500058795,0005-09-27 07:50:00,5,9,27,7,50,520,121.0,"42, ALPHANDERY (RUE) PAI",,,Plein jour,En agglomération,Hors intersection,Normale,Autre collision,,,,,,,,,,,1,2,1,1,6
200500058796,0005-09-02 17:45:00,5,9,2,17,45,520,448.0,"84 / 111, ALSACE LORRAIN",,,Plein jour,En agglomération,Hors intersection,Temps éblouissant,Autre collision,,,,,,,,,,,1,2,1,7,6
200500058797,0005-09-03 21:40:00,5,9,3,21,40,520,448.0,RN35,,,Crépuscule ou aube,En agglomération,Hors intersection,Normale,Autre collision,,,,,,,,,,,2,2,1,1,6
200500058798,0005-09-09 16:20:00,5,9,9,16,20,520,45.0,"10, ROISES (RUE DES)",,,Plein jour,En agglomération,Hors intersection,Normale,Autre collision,,,,,,,,,,,1,2,1,1,6
200500058799,0005-09-12 14:50:00,5,9,12,14,50,520,45.0,ROISES (RUE DES),,,Plein jour,Hors agglomération,Hors intersection,Pluie légère,Deux véhicules - frontale,,,,,,,,,,,1,1,1,2,1
200500058800,0005-09-21 14:00:00,5,9,21,14,0,520,448.0,BONNOR (RUE),,,Plein jour,En agglomération,Hors intersection,Temps éblouissant,Deux véhicules - frontale,,,,,,,,,,,1,2,1,7,1
200500058801,0005-09-24 17:00:00,5,9,24,17,0,520,448.0,RN35,,,Plein jour,En agglomération,Intersection en X,Temps éblouissant,Trois véhicules et plus - en chaîne,,,,,,,,,,,1,2,2,7,4
200500058802,0005-09-07 13:25:00,5,9,7,13,25,530,130.0,"2, LE BASSER ( BOULEVARD",,,Plein jour,En agglomération,Intersection en X,Normale,Deux véhicules - côté,,,,,,,,,,,1,2,2,1,3
200500058803,0005-09-11 14:50:00,5,9,11,14,50,530,54.0,"16, BOLETS ( IMPASSE DES",,,Plein jour,En agglomération,Intersection en X,Normale,Deux véhicules - côté,,,,,,,,,,,1,2,2,1,3
200500058804,0005-09-21 18:04:00,5,9,21,18,4,530,130.0,MONTMORENCY- LAVAL ( BOU,,,Plein jour,En agglomération,Intersection en X,Normale,Deux véhicules - côté,,,,,,,,,,,1,2,2,1,3
200500058805,0005-09-24 21:30:00,5,9,24,21,30,540,99.0,906 (RD),,,Nuit sans éclairage public,Hors agglomération,Hors intersection,Normale,Sans collision,,,,,,,,,,,3,1,1,1,7
200500058806,0005-09-18 10:35:00,5,9,18,10,35,540,273.0,"08, BOUCHOTTE (RUE EMILE",,,Plein jour,En agglomération,Hors intersection,Normale,Autre collision,,,,,,,,,,,1,2,1,1,6
200500058807,0005-09-15 19:05:00,5,9,15,19,5,540,483.0,"64, COURTOIS (RUE CHARLE",,,Plein jour,En agglomération,Intersection en T,Normale,Deux véhicules - côté,,,,,,,,,,,1,2,3,1,3
200500058808,0005-09-23 23:25:00,5,9,23,23,25,540,549.0,"30, ART SUR MEURTHE (ROU",,,Nuit avec éclairage allumé,En agglomération,Hors intersection,Normale,Autre collision,,,,,,,,,,,5,2,1,1,6
200500058809,0005-09-30 16:00:00,5,9,30,16,0,540,329.0,"20, RUE CARNOT",,,Plein jour,En agglomération,Hors intersection,Normale,Autre collision,,,,,,,,,,,1,2,1,1,6
200500058810,0005-09-01 07:55:00,5,9,1,7,55,540,578.0,"1, AIGUILLETTES  (BD 1 A",,,Plein jour,En agglomération,Intersection en T,Normale,Autre collision,,,,,,,,,,,1,2,3,1,6
200500058811,0005-09-01 16:30:00,5,9,1,16,30,540,339.0,ORME (RUE DE L'),,,Plein jour,En agglomération,Hors intersection,Normale,Autre collision,,,,,,,,,,,1,2,1,1,6
200500058812,0005-09-01 18:00:00,5,9,1,18,0,540,328.0,"1, MONT (RUE DU)",,,Plein jour,En agglomération,Hors intersection,Normale,Autre collision,,,,,,,,,,,1,2,1,1,6
200500058813,0005-09-02 08:15:00,5,9,2,8,15,540,357.0,"1, CHIERS (RUE DE LA)",,,Plein jour,En agglomération,Intersection en T,Normale,Autre collision,,,,,,,,,,,1,2,3,1,6