accident_id,datetime,annee,mois,jour,heure,minute,departement,commune_insee,adresse,latitude,longitude,luminosite,agglomeration,intersection,meteo,collision,nb_vehicules,nb_usagers,nb_indemnes,nb_tues,nb_blesses_hosp,nb_blesses_legers,age_cond_1,age_cond_2,veh_type_cond_1,veh_type_cond_2,lum_code,agg_code,int_code,atm_code,col_code
200500059076,0005-09-28 20:55:00,5,9,28,20,55,590,585.0,"001, VENDEVILLE ROUTE DE",,,Nuit sans éclairage public,Hors agglomération,Hors intersection,Normale,Deux véhicules - frontale,,,,,,,,,,,3,1,1,1,1
200500059077,0005-09-29 09:15:00,5,9,29,9,15,590,350.0,MOLINEL RUE DU,,,Plein jour,Hors agglomération,Hors intersection,Normale,Autre collision,,,,,,,,,,,1,1,1,1,6
200500059078,0005-09-30 17:15:00,5,9,30,17,15,590,350.0,"N 68, FAIDHERBE RUE",,,Plein jour,En agglomération,Hors intersection,Pluie légère,Autre collision,,,,,,,,,,,1,2,1,2,6
200500059079,0005-09-30 16:50:00,5,9,30,16,50,590,350.0,"Sans objet, ARRAS RUE D",,,Plein jour,En agglomération,Hors intersection,Normale,Autre collision,,,,,,,,,,,1,2,1,1,6
200500059080,0005-09-30 19:00:00,5,9,30,19,0,590,350.0,PEUPLE BELGE AVENUE DU,,,Plein jour,En agglomération,Intersection en X,Pluie légère,Deux véhicules - côté,,,,,,,,,,,1,2,2,2,3
200500059081,0005-09-30 22:15:00,5,9,30,22,15,590,350.0,PERENCHIES RUE DE,,,Nuit avec éclairage allumé,En agglomération,Intersection en Y,Pluie légère,Deux véhicules - côté,,,,,,,,,,,5,2,4,2,3
200500059082,0005-09-20 08:00:00,5,9,20,8,0,590,220.0,"174, KLEBER RUE",,,Plein jour,En agglomération,Hors intersection,Normale,Autre collision,,,,,,,,,,,1,2,1,1,6
200500059083,0005-09-01 01:25:00,5,9,1,1,25,590,225.0,"114, NEUF MESNIL (RUE DE",,,Nuit avec éclairage allumé,En agglomération,Intersection en T,Normale,Sans collision,,,,,,,,,,,5,2,3,1,7
200500059084,0005-09-07 18:05:00,5,9,7,18,5,590,392.0,"40, JEANNE JUGAN (RUE)",,,Plein jour,En agglomération,Hors intersection,Normale,Autre collision,,,,,,,,,,,1,2,1,1,6
200500059085,0005-09-08 08:50:00,5,9,8,8,50,590,392.0,"2, FERRIERE (AVENUE DE)",,,Plein jour,En agglomération,Hors intersection,Temps éblouissant,Autre collision,,,,,,,,,,,1,2,1,7,6
200500059086,0005-09-12 04:30:00,5,9,12,4,30,590,365.0,AVESNES (ROUTE D'),,,Nuit avec éclairage allumé,En agglomération,Intersection en X,Normale,Deux véhicules - côté,,,,,,,,,,,5,2,2,1,3
200500059087,0005-09-19 10:40:00,5,9,19,10,40,590,365.0,AVESNES (ROUTE D'),,,Plein jour,En agglomération,Hors intersection,Normale,Trois véhicules et plus - en chaîne,,,,,,,,,,,1,2,1,1,4
200500059088,0005-09-21 14:32:00,5,9,21,14,32,590,365.0,ESPERANCE (RUE DE L'),,,Plein jour,En agglomération,Hors intersection,Normale,Sans collision,,,,,,,,,,,1,2,1,1,7
200500059089,0005-09-27 22:50:00,5,9,27,22,50,590,514.0,ASSEVENT (RUE D'),,,Nuit avec éclairage allumé,En agglomération,Hors intersection,Normale,Sans collision,,,,,,,,,,,5,2,1,1,7
200500059090,0005-09-27 21:00:00,5,9,27,21,0,590,21.0,MAURICE WILLOT (RUE),,,Plein jour,En agglomération,Intersection en X,Normale,Deux véhicules - côté,,,,,,,,,,,1,2,2,1,3
200500059091,0005-09-22 18:20:00,5,9,22,18,20,590,225.0,ROGER SALENGRO (RUE),,,Plein jour,En agglomération,Hors intersection,Normale,Deux véhicules - frontale,,,,,,,,,,,1,2,1,1,1
200500059092,0005-09-06 00:01:00,5,9,6,0,1,590,512.0,ALOUETTE (RUE DE L'),,,Nuit avec éclairage non allumé,En agglomération,Hors intersection,Normale,Autre collision,,,,,,,,,,,4,2,1,1,6
200500059093,0005-09-03 19:40:00,5,9,3,19,40,590,512.0,CASSEL (RUE DE),,,Plein jour,En agglomération,Hors intersection,Normale,Autre collision,,,,,,,,,,,1,2,1,1,6
200500059094,0005-09-06 21:29:00,5,9,6,21,29,590,299.0,GUESDE (RUE JULES),,,Nuit avec éclairage non allumé,En agglomération,Hors intersection,Normale,Autre collision,,,,,,,,,,,4,2,1,1,6
200500059095,0005-09-16 13:45:00,5,9,16,13,45,590,512.0,MOTTE (AVENUE ALFRED),,,Plein jour,En agglomération,Intersection en X,Normale,Deux véhicules - arrière,,,,,,,,,,,1,2,2,1,2
200500059096,0005-09-16 10:20:00,5,9,16,10,20,590,512.0,VERDUN (AVENUE DE),,,Plein jour,En agglomération,Intersection en X,Normale,Deux véhicules - côté,,,,,,,,,,,1,2,2,1,3
200500059097,0005-09-06 19:15:00,5,9,6,19,15,590,512.0,EPEULE  (RUE DE L'),,,Crépuscule ou aube,En agglomération,Hors intersection,Normale,Autre collision,,,,,,,,,,,2,2,1,1,6
200500059098,0005-09-07 14:55:00,5,9,7,14,55,590,512.0,FONTENOY (RUE DE),,,Plein jour,En agglomération,Hors intersection,Normale,Autre collision,,,,,,,,,,,1,2,1,1,6
200500059099,0005-09-09 07:45:00,5,9,9,7,45,590,367.0,GUESDE (RUE JULES),,,Crépuscule ou aube,En agglomération,Hors intersection,Normale,Deux véhicules - côté,,,,,,,,,,,2,2,1,1,3
200500059100,0005-09-10 08:40:00,5,9,10,8,40,590,512.0,GAND (QUAI DE),,,Plein jour,En agglomération,Intersection en X,Normale,Deux véhicules - côté,,,,,,,,,,,1,2,2,1,3
200500059101,0005-09-10 13:00:00,5,9,10,13,0,590,163.0,HANNART (AVENUE GEORGES),,,Plein jour,En agglomération,Intersection en T,Normale,Deux véhicules - arrière,,,,,,,,,,,1,2,3,1,2
200500059102,0005-09-12 13:20:00,5,9,12,13,20,590,512.0,LYON (BOULEVARD DE),,,Plein jour,En agglomération,Hors intersection,Normale,Deux véhicules - côté,,,,,,,,,,,1,2,1,1,3
200500059103,0005-09-13 12:00:00,5,9,13,12,0,590,512.0,JOUFFROY (RUE),,,Plein jour,En agglomération,Intersection en X,Normale,Deux véhicules - côté,,,,,,,,,,,1,2,2,1,3
200500059104,0005-09-14 22:30:00,5,9,14,22,30,590,512.0,"1, PERROT (RUE)",,,Nuit avec éclairage allumé,En agglomération,Intersection en T,Temps couvert,Deux véhicules - arrière,,,,,,,,,,,5,2,3,8,2
200500059105,0005-09-15 16:10:00,5,9,15,16,10,590,512.0,EPINOY (RUE D'),,,Plein jour,En agglomération,Intersection en X,Pluie légère,Deux véhicules - côté,,,,,,,,,,,1,2,2,2,3
200500059106,0005-09-02 14:20:00,5,9,2,14,20,590,512.0,DE GAULLE  (BOULEVARD DU,,,Plein jour,En agglomération,Hors intersection,Normale,Autre collision,,,,,,,,,,,1,2,1,1,6
200500059107,0005-09-10 12:35:00,5,9,10,12,35,590,512.0,EPEULE  (RUE DE L'),,,Plein jour,En agglomération,Hors intersection,Normale,Autre collision,,,,,,,,,,,1,2,1,1,6
200500059108,0005-09-05 18:20:00,5,9,5,18,20,590,299.0,LARREY (RUE DOMINIQUE),,,Plein jour,En agglomération,Hors intersection,Normale,Autre collision,,,,,,,,,,,1,2,1,1,6
200500059109,0005-09-05 17:45:00,5,9,5,17,45,590,512.0,VERDUN (AVENUE DE),,,Plein jour,En agglomération,Hors intersection,Normale,Autre collision,,,,,,,,,,,1,2,1,1,6
200500059110,0005-09-11 13:30:00,5,9,11,13,30,590,512.0,MONTGOLFIER (RUE),,,Plein jour,En agglomération,Intersection en X,Normale,Deux véhicules - côté,,,,,,,,,,,1,2,2,1,3
200500059111,0005-09-21 19:20:00,5,9,21,19,20,590,512.0,LEBAS (AVENUE JEAN),,,Plein jour,En agglomération,Intersection en T,Normale,Deux véhicules - côté,,,,,,,,,,,1,2,3,1,3
200500059112,0005-09-24 08:10:00,5,9,24,8,10,590,512.0,GRANDE RUE,,,Plein jour,En agglomération,Hors intersection,Normale,Deux véhicules - frontale,,,,,,,,,,,1,2,1,1,1
200500059113,0005-09-24 18:20:00,5,9,24,18,20,590,512.0,TOURCOING (RUE DE),,,Plein jour,En agglomération,Hors intersection,Normale,Autre collision,,,,,,,,,,,1,2,1,1,6
200500059114,0005-09-17 12:30:00,5,9,17,12,30,590,650.0,BAILLERIE (RUE DE LA),,,Plein jour,En agglomération,Intersection en T,Normale,Autre collision,,,,,,,,,,,1,2,3,1,6
200500059115,0005-09-19 11:40:00,5,9,19,11,40,590,512.0,COLLEGE (RUE DU),,,Plein jour,En agglomération,Hors intersection,Normale,Autre collision,,,,,,,,,,,1,2,1,1,6
200500059116,0005-09-21 19:00:00,5,9,21,19,0,590,512.0,ESPERANCE (RUE DE L'),,,Plein jour,En agglomération,Hors intersection,Normale,Deux véhicules - côté,,,,,,,,,,,1,2,1,1,3
200500059117,0005-09-26 19:50:00,5,9,26,19,50,590,299.0,TRIBONNERIE (RUE DE LA),,,Nuit avec éclairage allumé,Hors agglomération,Hors intersection,Normale,Autre collision,,,,,,,,,,,5,1,1,1,6
200500059118,0005-09-20 17:15:00,5,9,20,17,15,590,512.0,"59, INGRES (RUE)",,,Plein jour,En agglomération,Hors intersection,Normale,Deux véhicules - côté,,,,,,,,,,,1,2,1,1,3
200500059119,0005-09-26 14:00:00,5,9,26,14,0,590,367.0,EUROPE (AVENUE DE L'),,,Plein jour,En agglomération,Intersection en Y,Normale,Deux véhicules - côté,,,,,,,,,,,1,2,4,1,3
200500059120,0005-09-28 12:20:00,5,9,28,12,20,590,650.0,PATRIOTES (RUE DES),,,Plein jour,En agglomération,Hors intersection,Normale,Autre collision,,,,,,,,,,,1,2,1,1,6
200500059121,0005-09-18 17:10:00,5,9,18,17,10,590,650.0,PATRIOTES (RUE DES),,,Plein jour,En agglomération,Hors intersection,Normale,Autre collision,,,,,,,,,,,1,2,1,1,6
200500059122,0005-09-02 18:20:00,5,9,2,18,20,590,163.0,GARE (RUE DE LA),,,Plein jour,En agglomération,Hors intersection,Normale,Deux véhicules - arrière,,,,,,,,,,,1,2,1,1,2
200500059123,0005-09-30 08:25:00,5,9,30,8,25,590,512.0,ARMENTIERES (BOULEVARD D,,,Crépuscule ou aube,En agglomération,Hors intersection,Pluie légère,Deux véhicules - côté,,,,,,,,,,,2,2,1,2,3
200500059124,0005-09-11 17:30:00,5,9,11,17,30,590,163.0,JAURES (RUE JEAN),,,Plein jour,En agglomération,Hors intersection,Normale,Autre collision,,,,,,,,,,,1,2,1,1,6
200500059125,0005-09-20 13:30:00,5,9,20,13,30,590,650.0,STALINGRAD (RUE DE),,,Plein jour,En agglomération,Hors intersection,Normale,Autre collision,,,,,,,,,,,1,2,1,1,6
200500059126,0005-09-30 08:50:00,5,9,30,8,50,590,299.0,COUBRONNE (RUE DU DOCTEU,,,Plein jour,En agglomération,Hors intersection,Pluie légère,Autre collision,,,,,,,,,,,1,2,1,2,6
200500059127,0005-09-13 10:05:00,5,9,13,10,5,590,163.0,JAURES (RUE JEAN),,,Plein jour,En agglomération,Hors intersection,Normale,Deux véhicules - arrière,,,,,,,,,,,1,2,1,1,2
200500059128,0005-09-13 07:40:00,5,9,13,7,40,590,646.0,FLANDRE (AVENUE DE),,,Plein jour,En agglomération,Intersection en X,Normale,Deux véhicules - côté,,,,,,,,,,,1,2,2,1,3
200500059129,0005-09-29 16:50:00,5,9,29,16,50,590,512.0,EPEULE  (RUE DE L'),,,Plein jour,En agglomération,Hors intersection,Normale,Autre collision,,,,,,,,,,,1,2,1,1,6
200500059130,0005-09-19 18:50:00,5,9,19,18,50,590,375.0,"2, GENERAL DE GAULLE(PLA",,,Plein jour,En agglomération,Hors intersection,Normale,Autre collision,,,,,,,,,,,1,2,1,1,6
200500059131,0005-09-07 13:50:00,5,9,7,13,50,590,421.0,"323, TOURCOING (RUE DE)",,,Plein jour,En agglomération,Intersection en T,Normale,Deux véhicules - côté,,,,,,,,,,,1,2,3,1,3
200500059132,0005-09-12 08:00:00,5,9,12,8,0,590,90.0,WAMBRECHIES (AVENUE),,,Crépuscule ou aube,Hors agglomération,Hors intersection,Pluie légère,Deux véhicules - côté,,,,,,,,,,,2,1,1,2,3
200500059133,0005-09-12 07:10:00,5,9,12,7,10,590,426.0,"741, RACCORDEMENT (VOIE",,,Plein jour,En agglomération,Intersection en X,Pluie légère,Deux véhicules - frontale,,,,,,,,,,,1,2,2,2,1
200500059134,0005-09-15 18:15:00,5,9,15,18,15,590,152.0,WERWICQ (RUE DE),,,Plein jour,En agglomération,Autre intersection,Pluie légère,Autre collision,,,,,,,,,,,1,2,9,2,6
200500059135,0005-09-19 20:00:00,5,9,19,20,0,590,599.0,INGRES (RUE),,,Nuit avec éclairage allumé,En agglomération,Intersection en T,Normale,Deux véhicules - côté,,,,,,,,,,,5,2,3,1,3
200500059136,0005-09-22 12:35:00,5,9,22,12,35,590,599.0,"2, WATTINE (RUE CHARLES)",,,Plein jour,En agglomération,Place,Normale,Deux véhicules - arrière,,,,,,,,,,,1,2,7,1,2
200500059137,0005-09-23 13:15:00,5,9,23,13,15,590,599.0,"., BLANCHE PORTE (RUE DE",,,Plein jour,En agglomération,Intersection en T,Normale,Autre collision,,,,,,,,,,,1,2,3,1,6
200500059138,0005-09-30 18:35:00,5,9,30,18,35,590,599.0,", VAN DE VEEGAETE (RUE C",,,Crépuscule ou aube,En agglomération,Intersection en X,Pluie légère,Deux véhicules - côté,,,,,,,,,,,2,2,2,2,3
200500059139,0005-09-06 22:30:00,5,9,6,22,30,590,606.0,"36, MACAREZ (RUE ERNEST)",,,Nuit avec éclairage non allumé,En agglomération,Autre intersection,Normale,Autre collision,,,,,,,,,,,4,2,9,1,6
200500059140,0005-09-09 22:00:00,5,9,9,22,0,590,606.0,POMPIDOU (AVENUE GEORGES,,,Nuit avec éclairage allumé,En agglomération,Hors intersection,Normale,Autre collision,,,,,,,,,,,5,2,1,1,6
200500059141,0005-09-03 20:10:00,5,9,3,20,10,590,160.0,DEPORTES (RUE DES),,,Crépuscule ou aube,Hors agglomération,Intersection en T,Normale,Deux véhicules - arrière,,,,,,,,,,,2,1,3,1,2
200500059142,0005-09-07 17:00:00,5,9,7,17,0,590,544.0,RD 75,,,Plein jour,Hors agglomération,Intersection en Y,Normale,Deux véhicules - côté,,,,,,,,,,,1,1,4,1,3
200500059143,0005-09-01 21:20:00,5,9,1,21,20,590,484.0,"267, QUESNOY (RUE DU)",,,Nuit avec éclairage allumé,En agglomération,Hors intersection,Normale,Deux véhicules - côté,,,,,,,,,,,5,2,1,1,3
200500059144,0005-09-12 18:20:00,5,9,12,18,20,590,383.0,sorbiers (Rond point Les,,,Nuit avec éclairage allumé,Hors agglomération,Giratoire,Normale,Sans collision,,,,,,,,,,,5,1,6,1,7
200500059145,0005-09-12 10:12:00,5,9,12,10,12,590,564.0,JAURES (AVENUE JEAN),,,Plein jour,Hors agglomération,Hors intersection,Normale,Deux véhicules - arrière,,,,,,,,,,,1,1,1,1,2
200500059146,0005-09-20 16:30:00,5,9,20,16,30,590,606.0,HARPIGNIES (BOULEVARD HE,,,Plein jour,En agglomération,Hors intersection,Normale,Autre collision,,,,,,,,,,,1,2,1,1,6
200500059147,0005-09-28 18:50:00,5,9,28,18,50,590,544.0,RD 935 N,,,Plein jour,Hors agglomération,Hors intersection,Normale,Autre collision,,,,,,,,,,,1,1,1,1,6
200500059148,0005-09-23 09:55:00,5,9,23,9,55,590,603.0,RD 40,,,Plein jour,Hors agglomération,Intersection en X,Normale,Deux véhicules - côté,,,,,,,,,,,1,1,2,1,3
200500059149,0005-09-28 16:10:00,5,9,28,16,10,590,606.0,CLEMENCEAU (AVENUE GEORG,,,Plein jour,En agglomération,Intersection en T,Normale,Autre collision,,,,,,,,,,,1,2,3,1,6
200500059150,0005-09-01 17:50:00,5,9,1,17,50,590,383.0,"15, POTTIER (RUE EUGENE)",,,Plein jour,En agglomération,Hors intersection,Normale,Autre collision,,,,,,,,,,,1,2,1,1,6
200500059151,0005-09-17 16:30:00,5,9,17,16,30,590,606.0,"12, SALY (BOULEVARD)",,,Plein jour,En agglomération,Hors intersection,Normale,Autre collision,,,,,,,,,,,1,2,1,1,6
200500059152,0005-09-23 07:40:00,5,9,23,7,40,590,447.0,PASTEUR (RUE),,,Plein jour,En agglomération,Intersection à plus de 4 branches,Normale,Autre collision,,,,,,,,,,,1,2,5,1,6
200500059153,0005-09-15 17:10:00,5,9,15,17,10,590,606.0,"137, DENAIN (AVENUE DE)",,,Plein jour,En agglomération,Hors intersection,Pluie légère,Deux véhicules - côté,,,,,,,,,,,1,2,1,2,3
200500059154,0005-09-07 16:55:00,5,9,7,16,55,590,544.0,RD 75,,,Plein jour,Hors agglomération,Intersection à plus de 4 branches,Normale,Deux véhicules - côté,,,,,,,,,,,1,1,5,1,3
200500059155,0005-09-30 14:15:00,5,9,30,14,15,590,606.0,POMPIDOU (AVENUE GEORGES,,,Plein jour,Hors agglomération,Hors intersection,Pluie légère,Autre collision,,,,,,,,,,,1,1,1,2,6
200500059156,0005-09-18 03:00:00,5,9,18,3,0,590,491.0,LOISIR (BASE DE),,,Nuit avec éclairage allumé,Hors agglomération,Hors intersection,Normale,Autre collision,,,,,,,,,,,5,1,1,1,6
200500059157,0005-09-07 13:15:00,5,9,7,13,15,600,57.0,"29, CLERMONT (RUE DE) IM",,,Plein jour,En agglomération,Intersection en X,Normale,Autre collision,,,,,,,,,,,1,2,2,1,6
200500059158,0005-09-19 16:20:00,5,9,19,16,20,600,159.0,SABLONS (DES),,,Plein jour,En agglomération,Intersection en X,Normale,Deux véhicules - côté,,,,,,,,,,,1,2,2,1,3
200500059159,0005-09-13 15:35:00,5,9,13,15,35,610,1.0,"179, LANCREL",,,Plein jour,En agglomération,Hors intersection,Normale,Autre collision,,,,,,,,,,,1,2,1,1,6
200500059160,0005-09-26 17:40:00,5,9,26,17,40,610,1.0,QUAKENBRUCK (AVENUE DE),,,Plein jour,En agglomération,Intersection en T,Normale,Deux véhicules - côté,,,,,,,,,,,1,2,3,1,3
200500059161,0005-09-12 13:25:00,5,9,12,13,25,610,169.0,JOSSIERE (LA),,,Plein jour,En agglomération,Intersection en T,Temps couvert,Deux véhicules - côté,,,,,,,,,,,1,2,3,8,3
200500059162,0005-09-13 13:45:00,5,9,13,13,45,610,169.0,"220, DOMFRONT (RUE DE)",,,Plein jour,En agglomération,Intersection en T,Normale,Deux véhicules - côté,,,,,,,,,,,1,2,3,1,3
200500059163,0005-09-16 08:10:00,5,9,16,8,10,610,169.0,"10, SAINT SAUVEUR (RUE)",,,Crépuscule ou aube,En agglomération,Hors intersection,Normale,Deux véhicules - arrière,,,,,,,,,,,2,2,1,1,2
200500059164,0005-09-17 09:30:00,5,9,17,9,30,610,169.0,CLOSETS (RUE DES),,,Plein jour,En agglomération,Hors intersection,Normale,Sans collision,,,,,,,,,,,1,2,1,1,7
200500059165,0005-09-26 13:35:00,5,9,26,13,35,610,169.0,"12, VERDUN (RUE DE)",,,Plein jour,En agglomération,Hors intersection,Normale,Deux véhicules - côté,,,,,,,,,,,1,2,1,1,3
200500059166,0005-09-26 20:05:00,5,9,26,20,5,610,169.0,", JULES APPERT (RUE)",,,Nuit avec éclairage allumé,En agglomération,Hors intersection,Normale,Sans collision,,,,,,,,,,,5,2,1,1,7
200500059167,0005-09-26 16:45:00,5,9,26,16,45,610,169.0,", RESTOUT (ALLEE)",,,Plein jour,En agglomération,Hors intersection,Normale,Sans collision,,,,,,,,,,,1,2,1,1,7
200500059168,0005-09-27 08:15:00,5,9,27,8,15,610,169.0,", MINIERE (RUE DE LA)",,,Plein jour,En agglomération,Hors intersection,Normale,Deux véhicules - arrière,,,,,,,,,,,1,2,1,1,2
200500059169,0005-09-04 02:15:00,5,9,4,2,15,620,99.0,"89, BOLLE PIERRE ( AVENU",,,Nuit avec éclairage allumé,En agglomération,Hors intersection,Normale,Autre collision,,,,,,,,,,,5,2,1,1,6
200500059170,0005-09-09 17:45:00,5,9,9,17,45,620,41.0,"134, KENNEDY ( AV. JOHN",,,Plein jour,En agglomération,Hors intersection,Normale,Deux véhicules - arrière,,,,,,,,,,,1,2,1,1,2
200500059171,0005-09-09 09:05:00,5,9,9,9,5,620,41.0,"0, ZOLA ( EMILE )",,,Plein jour,En agglomération,Hors intersection,Normale,Deux véhicules - côté,,,,,,,,,,,1,2,1,1,3
200500059172,0005-09-12 11:15:00,5,9,12,11,15,620,263.0,"0, EN BAS(RUE D')",,,Plein jour,En agglomération,Hors intersection,Normale,Autre collision,,,,,,,,,,,1,2,1,1,6
200500059173,0005-09-28 19:05:00,5,9,28,19,5,620,37.0,RN 25,,,Plein jour,Hors agglomération,Intersection en X,Normale,Trois véhicules et plus - collisions multiples,,,,,,,,,,,1,1,2,1,5
200500059174,0005-09-07 17:50:00,5,9,7,17,50,620,48.0,"144, LAMENDIN (ARTHUR)",,,Plein jour,En agglomération,Hors intersection,Normale,Deux véhicules - côté,,,,,,,,,,,1,2,1,1,3
200500059175,0005-09-13 15:25:00,5,9,13,15,25,620,217.0,FLORINGHEM (DE),,,Plein jour,En agglomération,Hors intersection,Normale,Deux véhicules - côté,,,,,,,,,,,1,2,1,1,3
200500059176,0005-09-22 11:00:00,5,9,22,11,0,620,48.0,LAMENDIN (ARTHUR),,,Plein jour,En agglomération,Hors intersection,Normale,Autre collision,,,,,,,,,,,1,2,1,1,6
200500059177,0005-09-04 18:20:00,5,9,4,18,20,620,65.0,CARNOT-CITE DES CRETES,,,Plein jour,En agglomération,Intersection en X,Normale,Deux véhicules - côté,,,,,,,,,,,1,2,2,1,3
200500059178,0005-09-04 19:20:00,5,9,4,19,20,620,724.0,"195, DE GAULLE (DU GENER",,,Plein jour,En agglomération,Hors intersection,Normale,Deux véhicules - frontale,,,,,,,,,,,1,2,1,1,1
200500059179,0005-09-08 15:25:00,5,9,8,15,25,620,570.0,"44, SIMON (PIERRE)",,,Plein jour,En agglomération,Intersection en Y,Normale,Deux véhicules - côté,,,,,,,,,,,1,2,4,1,3
200500059180,0005-09-07 12:00:00,5,9,7,12,0,620,65.0,"28, LETOMBE (ERNEST)",,,Plein jour,En agglomération,Hors intersection,Normale,Deux véhicules - côté,,,,,,,,,,,1,2,1,1,3
200500059181,0005-09-15 10:15:00,5,9,15,10,15,620,65.0,BOVE ALEXANDRE,,,Plein jour,En agglomération,Intersection à plus de 4 branches,Normale,Deux véhicules - côté,,,,,,,,,,,1,2,5,1,3
200500059182,0005-09-19 09:40:00,5,9,19,9,40,620,570.0,"24, ALLENDE (BD SALVADOR",,,Plein jour,En agglomération,Giratoire,Normale,Deux véhicules - côté,,,,,,,,,,,1,2,6,1,3
200500059183,0005-09-19 18:35:00,5,9,19,18,35,620,724.0,CD 40,,,Plein jour,En agglomération,Giratoire,Temps éblouissant,Deux véhicules - arrière,,,,,,,,,,,1,2,6,7,2
200500059184,0005-09-24 10:40:00,5,9,24,10,40,620,570.0,"45, PASTEUR",,,Plein jour,En agglomération,Hors intersection,Normale,Deux véhicules - côté,,,,,,,,,,,1,2,1,1,3
200500059185,0005-09-08 11:30:00,5,9,8,11,30,620,108.0,ROND POINT DU MARQUENTER,,,Plein jour,En agglomération,Giratoire,Normale,Deux véhicules - côté,,,,,,,,,,,1,2,6,1,3
200500059186,0005-09-27 10:05:00,5,9,27,10,5,620,108.0,MANCHE,,,Plein jour,En agglomération,Intersection en X,Pluie forte,Deux véhicules - côté,,,,,,,,,,,1,2,2,3,3
200500059187,0005-09-06 14:50:00,5,9,6,14,50,620,119.0,"2100, RN 43 ( ROUTE NATI",,,Plein jour,En agglomération,Hors intersection,Normale,Deux véhicules - arrière,,,,,,,,,,,1,2,1,1,2
200500059188,0005-09-15 11:45:00,5,9,15,11,45,620,119.0,"15, LEBAS ( RUE )",,,Plein jour,En agglomération,Hors intersection,Normale,Sans collision,,,,,,,,,,,1,2,1,1,7
200500059189,0005-09-20 17:00:00,5,9,20,17,0,620,119.0,PONT DES DAMES ( AVENUE,,,Plein jour,En agglomération,Hors intersection,Normale,Autre collision,,,,,,,,,,,1,2,1,1,6
200500059190,0005-09-26 21:25:00,5,9,26,21,25,620,841.0,MARTYRS ( RUE DES ),,,Nuit avec éclairage allumé,En agglomération,Hors intersection,Normale,Deux véhicules - côté,,,,,,,,,,,5,2,1,1,3
200500059191,0005-09-26 07:25:00,5,9,26,7,25,620,35.0,NATIONALE 43 ( ROUTE),,,Plein jour,Hors agglomération,Hors intersection,Normale,Deux véhicules - côté,,,,,,,,,,,1,1,1,1,3
200500059192,0005-09-18 18:05:00,5,9,18,18,5,620,119.0,"0, MENDES FRANCE ( RUE )",,,Plein jour,En agglomération,Hors intersection,Normale,Autre collision,,,,,,,,,,,1,2,1,1,6
200500059193,0005-09-08 15:50:00,5,9,8,15,50,620,160.0,"0, CHANZY (Bld)",,,Plein jour,En agglomération,Intersection en T,Normale,Deux véhicules - frontale,,,,,,,,,,,1,2,3,1,1
200500059194,0005-09-22 14:14:00,5,9,22,14,14,620,160.0,GAMBETTA (Bld Léon),,,Plein jour,En agglomération,Hors intersection,Normale,Sans collision,,,,,,,,,,,1,2,1,1,7
200500059195,0005-09-16 21:55:00,5,9,16,21,55,620,160.0,"0, FAIDHERBE (Rue)",,,Nuit avec éclairage allumé,En agglomération,Intersection en X,Pluie forte,Deux véhicules - côté,,,,,,,,,,,5,2,2,3,3
200500059196,0005-09-22 18:35:00,5,9,22,18,35,620,160.0,"115, MALO (Rue Henri )",,,Plein jour,En agglomération,Intersection en Y,Normale,Deux véhicules - côté,,,,,,,,,,,1,2,4,1,3
200500059197,0005-09-04 09:08:00,5,9,4,9,8,620,445.0,"181, DEPARTEMENTAL 181",,,Plein jour,En agglomération,Hors intersection,Normale,Deux véhicules - arrière,,,,,,,,,,,1,2,1,1,2
200500059198,0005-09-11 19:50:00,5,9,11,19,50,620,178.0,PORTE NORD,,,Nuit sans éclairage public,En agglomération,Hors intersection,Pluie légère,Deux véhicules - frontale,,,,,,,,,,,3,2,1,2,1
200500059199,0005-09-01 16:45:00,5,9,1,16,45,620,193.0,CLEMENCEAU (BOULEVARD G.,,,Plein jour,En agglomération,Hors intersection,Normale,Autre collision,,,,,,,,,,,1,2,1,1,6
200500059200,0005-09-19 17:00:00,5,9,19,17,0,620,193.0,GUTEMBERG (rue),,,Plein jour,En agglomération,Hors intersection,Normale,Deux véhicules - arrière,,,,,,,,,,,1,2,1,1,2
200500059201,0005-09-20 16:45:00,5,9,20,16,45,620,239.0,CD 243E,,,Plein jour,En agglomération,Hors intersection,Normale,Deux véhicules - frontale,,,,,,,,,,,1,2,1,1,1
200500059202,0005-09-26 20:25:00,5,9,26,20,25,620,193.0,REGNIERS (CHEMIN DES),,,Nuit avec éclairage allumé,En agglomération,Hors intersection,Normale,Autre collision,,,,,,,,,,,5,2,1,1,6
200500059203,0005-09-30 23:20:00,5,9,30,23,20,620,239.0,Bretelle Accès Frêt Tunn,,,Nuit avec éclairage allumé,Hors agglomération,Hors intersection,Normale,Deux véhicules - frontale,,,,,,,,,,,5,1,1,1,1
200500059204,0005-09-27 12:15:00,5,9,27,12,15,620,193.0,BERT (RUE P.),,,Plein jour,En agglomération,Hors intersection,Pluie légère,Deux véhicules - frontale,,,,,,,,,,,1,2,1,2,1
200500059205,0005-09-29 14:25:00,5,9,29,14,25,620,193.0,MARTIN LUTHER KING,,,Plein jour,En agglomération,Hors intersection,Normale,Autre collision,,,,,,,,,,,1,2,1,1,6
200500059206,0005-09-30 13:35:00,5,9,30,13,35,620,193.0,PETIT COURGAIN (GRANDE R,,,Plein jour,En agglomération,Hors intersection,Normale,Autre collision,,,,,,,,,,,1,2,1,1,6
200500059207,0005-09-30 17:20:00,5,9,30,17,20,620,239.0,EUROPE (Boulevard de),,,Plein jour,En agglomération,Hors intersection,Pluie légère,Deux véhicules - frontale,,,,,,,,,,,1,2,1,2,1