accident_id,datetime,annee,mois,jour,heure,minute,departement,commune_insee,adresse,latitude,longitude,luminosite,agglomeration,intersection,meteo,collision,nb_vehicules,nb_usagers,nb_indemnes,nb_tues,nb_blesses_hosp,nb_blesses_legers,age_cond_1,age_cond_2,veh_type_cond_1,veh_type_cond_2,lum_code,agg_code,int_code,atm_code,col_code
200500059208,0005-09-11 11:50:00,5,9,11,11,50,620,194.0,"68, MANCEY (RUE ANDRE)",,,Plein jour,En agglomération,Hors intersection,Normale,Deux véhicules - frontale,,,,,,,,,,,1,2,1,1,1
200500059209,0005-09-18 18:55:00,5,9,18,18,55,620,250.0,"sans, BEUGNET (R CASIMIR",,,Plein jour,En agglomération,Intersection en T,Pluie légère,Deux véhicules - côté,,,,,,,,,,,1,2,3,2,3
200500059210,0005-09-24 20:20:00,5,9,24,20,20,620,33.0,"sans, HARNES (RTE D')",,,Nuit avec éclairage allumé,En agglomération,Intersection en X,Normale,Deux véhicules - côté,,,,,,,,,,,5,2,2,1,3
200500059211,0005-09-26 12:05:00,5,9,26,12,5,620,250.0,LAMENDIN (R ARTHUR),,,Plein jour,En agglomération,Hors intersection,Pluie légère,Deux véhicules - frontale,,,,,,,,,,,1,2,1,2,1
200500059212,0005-09-27 15:10:00,5,9,27,15,10,620,215.0,"sans, RN 17",,,Plein jour,En agglomération,Hors intersection,Pluie légère,Autre collision,,,,,,,,,,,1,2,1,2,6
200500059213,0005-09-28 14:40:00,5,9,28,14,40,620,637.0,"5, LAMENDIN (R ARTHUR)",,,Plein jour,En agglomération,Hors intersection,Normale,Autre collision,,,,,,,,,,,1,2,1,1,6
200500059214,0005-09-23 10:25:00,5,9,23,10,25,620,637.0,"sans, PREMIER MAI (R DU)",,,Plein jour,En agglomération,Hors intersection,Normale,Autre collision,,,,,,,,,,,1,2,1,1,6
200500059215,0005-09-08 09:10:00,5,9,8,9,10,620,457.0,JAURES (RUE JEAN),,,Plein jour,En agglomération,Hors intersection,Normale,Sans collision,,,,,,,,,,,1,2,1,1,7
200500059216,0005-09-30 23:20:00,5,9,30,23,20,620,427.0,DOUAI (R DE),,,Crépuscule ou aube,En agglomération,Hors intersection,Normale,Deux véhicules - frontale,,,,,,,,,,,2,2,1,1,1
200500059217,0005-09-12 21:00:00,5,9,12,21,0,620,427.0,"0, MACE (R JEAN)",,,Crépuscule ou aube,En agglomération,Hors intersection,Normale,Sans collision,,,,,,,,,,,2,2,1,1,7
200500059218,0005-09-22 12:25:00,5,9,22,12,25,620,427.0,"0, FERRY (R JULES)",,,Plein jour,En agglomération,Intersection en T,Normale,Deux véhicules - arrière,,,,,,,,,,,1,2,3,1,2
200500059219,0005-09-07 12:10:00,5,9,7,12,10,620,895.0,"XXXXXXXXXX, HUIT MAI 194",,,Plein jour,En agglomération,Intersection en T,Normale,Autre collision,,,,,,,,,,,1,2,3,1,6
200500059220,0005-09-12 14:34:00,5,9,12,14,34,620,842.0,RN 47,,,Plein jour,En agglomération,Hors intersection,Normale,Autre collision,,,,,,,,,,,1,2,1,1,6
200500059221,0005-09-29 13:39:00,5,9,29,13,39,620,498.0,"XXXXXXXX, MAES (AV. ALFR",,,Plein jour,En agglomération,Hors intersection,Normale,Deux véhicules - arrière,,,,,,,,,,,1,2,1,1,2
200500059222,0005-09-04 10:10:00,5,9,4,10,10,620,510.0,"., TASSIGNY (R DU MAL. D",,,Plein jour,En agglomération,Hors intersection,Normale,Deux véhicules - frontale,,,,,,,,,,,1,2,1,1,1
200500059223,0005-09-05 20:00:00,5,9,5,20,0,620,186.0,"., CHENES (R DES)",,,Crépuscule ou aube,En agglomération,Hors intersection,Normale,Deux véhicules - frontale,,,,,,,,,,,2,2,1,1,1
200500059224,0005-09-01 17:40:00,5,9,1,17,40,620,186.0,"., SALENGRO (R ROGER)",,,Plein jour,En agglomération,Hors intersection,Normale,Deux véhicules - frontale,,,,,,,,,,,1,2,1,1,1
200500059225,0005-09-13 16:45:00,5,9,13,16,45,620,563.0,"., LAMARTINE (R )",,,Plein jour,En agglomération,Hors intersection,Normale,Deux véhicules - côté,,,,,,,,,,,1,2,1,1,3
200500059226,0005-09-25 18:15:00,5,9,25,18,15,620,563.0,"., JAURES (R JEAN)",,,Plein jour,En agglomération,Hors intersection,Normale,Trois véhicules et plus - collisions multiples,,,,,,,,,,,1,2,1,1,5
200500059227,0005-09-22 09:25:00,5,9,22,9,25,620,563.0,"., DESCARTES (R )",,,Plein jour,En agglomération,Intersection en X,Brouillard / fumée,Deux véhicules - côté,,,,,,,,,,,1,2,2,5,3
200500059228,0005-09-25 18:00:00,5,9,25,18,0,620,563.0,"., LAMENDIN (BD ARTHUR)",,,Plein jour,En agglomération,Intersection en X,Normale,Trois véhicules et plus - collisions multiples,,,,,,,,,,,1,2,2,1,5
200500059229,0005-09-30 17:30:00,5,9,30,17,30,620,510.0,"., ROUSSEAU (R WALDECK)",,,Plein jour,En agglomération,Intersection en T,Normale,Deux véhicules - côté,,,,,,,,,,,1,2,3,1,3
200500059230,0005-09-27 14:00:00,5,9,27,14,0,620,516.0,"59, VERDUN",,,Plein jour,En agglomération,Hors intersection,Pluie légère,Deux véhicules - côté,,,,,,,,,,,1,2,1,2,3
200500059231,0005-09-25 20:45:00,5,9,25,20,45,620,555.0,JULES GUESDE (RUE),,,Nuit avec éclairage allumé,En agglomération,Hors intersection,Normale,Deux véhicules - arrière,,,,,,,,,,,5,2,1,1,2
200500059232,0005-09-01 09:45:00,5,9,1,9,45,630,113.0,"1, FONTAINE (PLACE DE LA",,,Plein jour,En agglomération,Hors intersection,Normale,Autre collision,,,,,,,,,,,1,2,1,1,6
200500059233,0005-09-01 20:10:00,5,9,1,20,10,630,113.0,POMPIDOU (BD GEORGES),,,Crépuscule ou aube,En agglomération,Hors intersection,Normale,Deux véhicules - arrière,,,,,,,,,,,2,2,1,1,2
200500059234,0005-09-02 08:20:00,5,9,2,8,20,630,113.0,"156, CARTOUCHERIE (RUE D",,,Plein jour,En agglomération,Autre intersection,Normale,Autre collision,,,,,,,,,,,1,2,9,1,6
200500059235,0005-09-02 18:30:00,5,9,2,18,30,630,113.0,"1, GRAVANCHES (RUE DES)",,,Plein jour,En agglomération,Hors intersection,Normale,Deux véhicules - frontale,,,,,,,,,,,1,2,1,1,1
200500059236,0005-09-03 01:20:00,5,9,3,1,20,630,113.0,"136, BLUM (AVENUE LEON)",,,Nuit avec éclairage allumé,En agglomération,Hors intersection,Normale,Autre collision,,,,,,,,,,,5,2,1,1,6
200500059237,0005-09-05 06:55:00,5,9,5,6,55,630,113.0,BLERIOT (AVENUE LOUIS),,,Plein jour,Hors agglomération,Hors intersection,Pluie légère,Autre collision,,,,,,,,,,,1,1,1,2,6
200500059238,0005-09-05 17:00:00,5,9,5,17,0,630,113.0,"1, DAUDET (RUE ALPHONSE)",,,Plein jour,En agglomération,Hors intersection,Temps couvert,Deux véhicules - frontale,,,,,,,,,,,1,2,1,8,1
200500059239,0005-09-05 17:20:00,5,9,5,17,20,630,113.0,"44, DOLET (RUE ETIENNE)",,,Plein jour,En agglomération,Hors intersection,Pluie légère,Deux véhicules - côté,,,,,,,,,,,1,2,1,2,3
200500059240,0005-09-05 18:20:00,5,9,5,18,20,630,113.0,"14, LIMOUSIN (AVENUE DU)",,,Plein jour,En agglomération,Hors intersection,Temps couvert,Autre collision,,,,,,,,,,,1,2,1,8,6
200500059241,0005-09-05 18:45:00,5,9,5,18,45,630,113.0,"58, FLAUBERT (BD GUSTAVE",,,Plein jour,En agglomération,Hors intersection,Pluie légère,Autre collision,,,,,,,,,,,1,2,1,2,6
200500059242,0005-09-05 20:45:00,5,9,5,20,45,630,113.0,SABLON (COURS),,,Crépuscule ou aube,En agglomération,Intersection en X,Normale,Autre collision,,,,,,,,,,,2,2,2,1,6
200500059243,0005-09-05 18:15:00,5,9,5,18,15,630,113.0,"20, BERGOUGNAN (AVENUE R",,,Plein jour,En agglomération,Hors intersection,Normale,Autre collision,,,,,,,,,,,1,2,1,1,6
200500059244,0005-09-06 05:18:00,5,9,6,5,18,630,113.0,"1, LAFAYETTE (BD)",,,Nuit avec éclairage allumé,En agglomération,Hors intersection,Temps couvert,Autre collision,,,,,,,,,,,5,2,1,8,6
200500059245,0005-09-06 17:40:00,5,9,6,17,40,630,113.0,"44, JOUHAUX (BD LEON)",,,Plein jour,En agglomération,Hors intersection,Normale,Autre collision,,,,,,,,,,,1,2,1,1,6
200500059246,0005-09-06 18:15:00,5,9,6,18,15,630,113.0,RIBOT (RUE ALEXANDRE),,,Plein jour,En agglomération,Autre intersection,Normale,Autre collision,,,,,,,,,,,1,2,9,1,6
200500059247,0005-09-07 08:00:00,5,9,7,8,0,630,113.0,"1, KESSLER (RUE)",,,Plein jour,En agglomération,Intersection en X,Temps couvert,Sans collision,,,,,,,,,,,1,2,2,8,7
200500059248,0005-09-07 15:05:00,5,9,7,15,5,630,32.0,"30, LECLERC (AVENUE DU M",,,Plein jour,En agglomération,Hors intersection,Normale,Deux véhicules - côté,,,,,,,,,,,1,2,1,1,3
200500059249,0005-09-08 02:00:00,5,9,8,2,0,630,113.0,"62bis, LAVOISIERS (BD)",,,Nuit avec éclairage allumé,En agglomération,Hors intersection,Normale,Autre collision,,,,,,,,,,,5,2,1,1,6
200500059250,0005-09-08 14:35:00,5,9,8,14,35,630,113.0,"157, FLAUBERT (BD GUSTAV",,,Plein jour,En agglomération,Intersection en X,Normale,Deux véhicules - côté,,,,,,,,,,,1,2,2,1,3
200500059251,0005-09-09 18:30:00,5,9,9,18,30,630,113.0,"76, LAFAYETTE (BD)",,,Plein jour,En agglomération,Hors intersection,Normale,Autre collision,,,,,,,,,,,1,2,1,1,6
200500059252,0005-09-11 06:15:00,5,9,11,6,15,630,113.0,QUINET (BD EDGAR),,,Nuit avec éclairage allumé,En agglomération,Hors intersection,Normale,Trois véhicules et plus - en chaîne,,,,,,,,,,,5,2,1,1,4
200500059253,0005-09-12 19:05:00,5,9,12,19,5,630,113.0,"160, ORADOU (RUE DE L')",,,Plein jour,Hors agglomération,Hors intersection,Normale,Autre collision,,,,,,,,,,,1,1,1,1,6
200500059254,0005-09-13 11:20:00,5,9,13,11,20,630,113.0,"1, LAFAYETTE (BD)",,,Plein jour,En agglomération,Hors intersection,Temps couvert,Deux véhicules - arrière,,,,,,,,,,,1,2,1,8,2
200500059255,0005-09-13 18:00:00,5,9,13,18,0,630,113.0,"12, AGRICULTURE (AVENUE",,,Plein jour,En agglomération,Hors intersection,Normale,Autre collision,,,,,,,,,,,1,2,1,1,6
200500059256,0005-09-13 19:05:00,5,9,13,19,5,630,113.0,RIBOT (RUE ALEXANDRE),,,Plein jour,En agglomération,Intersection en X,Normale,Autre collision,,,,,,,,,,,1,2,2,1,6
200500059257,0005-09-13 23:00:00,5,9,13,23,0,630,113.0,"1, AGRICULTURE (AVENUE D",,,Nuit avec éclairage allumé,En agglomération,Hors intersection,Temps couvert,Sans collision,,,,,,,,,,,5,2,1,8,7
200500059258,0005-09-14 10:30:00,5,9,14,10,30,630,113.0,"1, CHARRAS (AVENUE)",,,Plein jour,En agglomération,Intersection en X,Normale,Deux véhicules - côté,,,,,,,,,,,1,2,2,1,3
200500059259,0005-09-14 11:20:00,5,9,14,11,20,630,113.0,"72, ITALIE (AVENUE DE L'",,,Plein jour,En agglomération,Hors intersection,Normale,Autre collision,,,,,,,,,,,1,2,1,1,6
200500059260,0005-09-14 15:45:00,5,9,14,15,45,630,113.0,"1, COTE BLATIN (BD)",,,Plein jour,En agglomération,Hors intersection,Normale,Autre collision,,,,,,,,,,,1,2,1,1,6
200500059261,0005-09-14 20:05:00,5,9,14,20,5,630,113.0,"1, SALINS (RUE DES)",,,Plein jour,En agglomération,Intersection en X,Normale,Deux véhicules - côté,,,,,,,,,,,1,2,2,1,3
200500059262,0005-09-15 10:20:00,5,9,15,10,20,630,14.0,"13, NOELLET (AVENUE JEAN",,,Plein jour,En agglomération,Intersection en X,Normale,Deux véhicules - côté,,,,,,,,,,,1,2,2,1,3
200500059263,0005-09-16 15:35:00,5,9,16,15,35,630,14.0,"1, COURNON (AVENUE DE)",,,Plein jour,En agglomération,Hors intersection,Normale,Autre collision,,,,,,,,,,,1,2,1,1,6
200500059264,0005-09-16 17:50:00,5,9,16,17,50,630,113.0,"1, RIOM (RUE DE)",,,Plein jour,En agglomération,Hors intersection,Normale,Deux véhicules - côté,,,,,,,,,,,1,2,1,1,3
200500059265,0005-09-17 01:15:00,5,9,17,1,15,630,14.0,"70, CRISTAL (AVENUE ERNE",,,Nuit avec éclairage allumé,En agglomération,Intersection en X,Normale,Trois véhicules et plus - collisions multiples,,,,,,,,,,,5,2,2,1,5
200500059266,0005-09-18 01:55:00,5,9,18,1,55,630,113.0,"347, CLEMENTEL (BD ETIEN",,,Nuit avec éclairage allumé,En agglomération,Hors intersection,Normale,Autre collision,,,,,,,,,,,5,2,1,1,6
200500059267,0005-09-20 11:15:00,5,9,20,11,15,630,14.0,"2, ROUSSILLON (AVENUE DU",,,Plein jour,En agglomération,Hors intersection,Normale,Autre collision,,,,,,,,,,,1,2,1,1,6
200500059268,0005-09-21 12:10:00,5,9,21,12,10,630,113.0,"1, DUMAS (BD J.BAPTISTE)",,,Plein jour,En agglomération,Hors intersection,Normale,Sans collision,,,,,,,,,,,1,2,1,1,7
200500059269,0005-09-21 15:40:00,5,9,21,15,40,630,113.0,"51, BLATIN (RUE)",,,Plein jour,En agglomération,Hors intersection,Normale,Autre collision,,,,,,,,,,,1,2,1,1,6
200500059270,0005-09-21 21:00:00,5,9,21,21,0,630,113.0,"47, DUMAS (BD J.BAPTISTE",,,Nuit avec éclairage allumé,En agglomération,Hors intersection,Normale,Deux véhicules - frontale,,,,,,,,,,,5,2,1,1,1
200500059271,0005-09-22 14:50:00,5,9,22,14,50,630,113.0,"163, LAFAYETTE (BD)",,,Plein jour,Hors agglomération,Hors intersection,Normale,Autre collision,,,,,,,,,,,1,1,1,1,6
200500059272,0005-09-23 20:45:00,5,9,23,20,45,630,113.0,"0, CHANTURGUE (ALLEE DE)",,,Nuit avec éclairage allumé,En agglomération,Intersection en T,Normale,Autre collision,,,,,,,,,,,5,2,3,1,6
200500059273,0005-09-23 21:00:00,5,9,23,21,0,630,113.0,"1, SAINT ALYRE (RUE)",,,Nuit avec éclairage allumé,En agglomération,Intersection en X,Normale,Deux véhicules - côté,,,,,,,,,,,5,2,2,1,3
200500059274,0005-09-24 10:40:00,5,9,24,10,40,630,14.0,"23, COURNON (AVENUE DE)",,,Plein jour,En agglomération,Hors intersection,Normale,Deux véhicules - côté,,,,,,,,,,,1,2,1,1,3
200500059275,0005-09-24 14:55:00,5,9,24,14,55,630,113.0,BLERIOT (AVENUE LOUIS),,,Plein jour,En agglomération,Hors intersection,Normale,Autre collision,,,,,,,,,,,1,2,1,1,6
200500059276,0005-09-25 23:15:00,5,9,25,23,15,630,308.0,PUY DE DOME (AVENUE DU),,,Nuit sans éclairage public,En agglomération,Hors intersection,Normale,Autre collision,,,,,,,,,,,3,2,1,1,6
200500059277,0005-09-27 15:20:00,5,9,27,15,20,630,113.0,"1, FLAUBERT (BD GUSTAVE)",,,Plein jour,En agglomération,Hors intersection,Normale,Deux véhicules - côté,,,,,,,,,,,1,2,1,1,3
200500059278,0005-09-27 18:10:00,5,9,27,18,10,630,113.0,"1, PRE JUGE (RUE DU)",,,Plein jour,En agglomération,Intersection en T,Normale,Deux véhicules - côté,,,,,,,,,,,1,2,3,1,3
200500059279,0005-09-28 08:15:00,5,9,28,8,15,630,113.0,"157, FLAUBERT (BD GUSTAV",,,Plein jour,En agglomération,Giratoire,Normale,Trois véhicules et plus - collisions multiples,,,,,,,,,,,1,2,6,1,5
200500059280,0005-09-28 07:20:00,5,9,28,7,20,630,113.0,"1, PASTEUR (BD)",,,Crépuscule ou aube,En agglomération,Autre intersection,Pluie légère,Autre collision,,,,,,,,,,,2,2,9,2,6
200500059281,0005-09-29 09:40:00,5,9,29,9,40,630,113.0,"50, BLATIN (RUE)",,,Plein jour,En agglomération,Hors intersection,Normale,Autre collision,,,,,,,,,,,1,2,1,1,6
200500059282,0005-09-30 10:00:00,5,9,30,10,0,630,113.0,"1, RIOM (RUE DE)",,,Plein jour,En agglomération,Hors intersection,Normale,Deux véhicules - côté,,,,,,,,,,,1,2,1,1,3
200500059283,0005-09-02 08:10:00,5,9,2,8,10,630,193.0,BOULANGER (RUE PIERRE),,,Plein jour,En agglomération,Hors intersection,Normale,Trois véhicules et plus - en chaîne,,,,,,,,,,,1,2,1,1,4
200500059284,0005-09-04 18:35:00,5,9,4,18,35,630,69.0,"9, CENTRALE (AVENUE)",,,Plein jour,En agglomération,Hors intersection,Normale,Sans collision,,,,,,,,,,,1,2,1,1,7
200500059285,0005-09-03 23:35:00,5,9,3,23,35,630,193.0,"2, RD 769",,,Nuit sans éclairage public,Hors agglomération,Intersection en T,Normale,Autre collision,,,,,,,,,,,3,1,3,1,6
200500059286,0005-09-08 07:50:00,5,9,8,7,50,630,193.0,BARDINES (RUE DES),,,Plein jour,En agglomération,Intersection en T,Normale,Deux véhicules - frontale,,,,,,,,,,,1,2,3,1,1
200500059287,0005-09-07 16:00:00,5,9,7,16,0,630,69.0,"01, HORTENSIAS (RUE DES)",,,Plein jour,En agglomération,Hors intersection,Normale,Autre collision,,,,,,,,,,,1,2,1,1,6
200500059288,0005-09-13 17:20:00,5,9,13,17,20,630,193.0,THIERS (AVENUE DE),,,Plein jour,En agglomération,Hors intersection,Normale,Deux véhicules - côté,,,,,,,,,,,1,2,1,1,3
200500059289,0005-09-29 14:00:00,5,9,29,14,0,630,124.0,DE GAULLE (BOULEVARD CHA,,,Plein jour,En agglomération,Intersection en T,Normale,Deux véhicules - arrière,,,,,,,,,,,1,2,3,1,2
200500059290,0005-09-06 22:00:00,5,9,6,22,0,630,63.0,RN9,,,Nuit sans éclairage public,Hors agglomération,Hors intersection,Pluie légère,Deux véhicules - arrière,,,,,,,,,,,3,1,1,2,2
200500059291,0005-09-04 07:10:00,5,9,4,7,10,630,19.0,"1, ROSTAND (RUE EDMOND)",,,Plein jour,En agglomération,Hors intersection,Normale,Autre collision,,,,,,,,,,,1,2,1,1,6
200500059292,0005-09-11 19:50:00,5,9,11,19,50,630,164.0,BONNET-TIXIER (RUE),,,Nuit avec éclairage non allumé,En agglomération,Intersection en X,Normale,Deux véhicules - côté,,,,,,,,,,,4,2,2,1,3
200500059293,0005-09-15 16:50:00,5,9,15,16,50,630,164.0,CEBAZAT (ROUTE DE),,,Plein jour,Hors agglomération,Hors intersection,Normale,Deux véhicules - côté,,,,,,,,,,,1,1,1,1,3
200500059294,0005-09-19 09:00:00,5,9,19,9,0,630,63.0,BLANZAT (RUE DE),,,Plein jour,En agglomération,Intersection en T,Normale,Trois véhicules et plus - en chaîne,,,,,,,,,,,1,2,3,1,4
200500059295,0005-09-03 15:25:00,5,9,3,15,25,630,300.0,"., SARRAZIN (RUE)",,,Plein jour,En agglomération,Intersection en X,Normale,Deux véhicules - côté,,,,,,,,,,,1,2,2,1,3
200500059296,0005-09-17 18:30:00,5,9,17,18,30,630,300.0,"., REPUBLIQUE (BOULEVARD",,,Plein jour,En agglomération,Intersection en T,Normale,Deux véhicules - côté,,,,,,,,,,,1,2,3,1,3
200500059297,0005-09-30 16:10:00,5,9,30,16,10,630,300.0,CHATELGUYON-GUYON (AVENU,,,Plein jour,En agglomération,Intersection en X,Normale,Deux véhicules - côté,,,,,,,,,,,1,2,2,1,3
200500059298,0005-09-01 14:38:00,5,9,1,14,38,640,102.0,"74, DUVERGIER DE HAURANN",,,Plein jour,En agglomération,Hors intersection,Normale,Deux véhicules - côté,,,,,,,,,,,1,2,1,1,3
200500059299,0005-09-03 19:20:00,5,9,3,19,20,640,24.0,MER (BOULEVARD DE LA),,,Plein jour,En agglomération,Intersection en T,Normale,Deux véhicules - côté,,,,,,,,,,,1,2,3,1,3
200500059300,0005-09-05 17:51:00,5,9,5,17,51,640,102.0,"25, JACQUES LOEB (AVENUE",,,Plein jour,En agglomération,Hors intersection,Normale,Trois véhicules et plus - collisions multiples,,,,,,,,,,,1,2,1,1,5
200500059301,0005-09-06 00:40:00,5,9,6,0,40,640,102.0,"., DELVAILLE (AVENUE DU",,,Nuit avec éclairage non allumé,En agglomération,Hors intersection,Normale,Sans collision,,,,,,,,,,,4,2,1,1,7
200500059302,0005-09-06 12:29:00,5,9,6,12,29,640,24.0,"78, CADRAN (ALLEE)",,,Plein jour,En agglomération,Intersection en T,Normale,Deux véhicules - côté,,,,,,,,,,,1,2,3,1,3
200500059303,0005-09-07 08:00:00,5,9,7,8,0,640,102.0,PAULMY (AVENUE DES ALLEE,,,Plein jour,En agglomération,Hors intersection,Normale,Trois véhicules et plus - en chaîne,,,,,,,,,,,1,2,1,1,4
200500059304,0005-09-07 07:55:00,5,9,7,7,55,640,102.0,HENRI DE NAVARRE (AVENUE,,,Plein jour,En agglomération,Intersection en T,Normale,Deux véhicules - côté,,,,,,,,,,,1,2,3,1,3
200500059305,0005-09-08 07:50:00,5,9,8,7,50,640,102.0,LOUIS DE FOIX (AVENUE),,,Plein jour,En agglomération,Intersection en X,Normale,Deux véhicules - côté,,,,,,,,,,,1,2,2,1,3
200500059306,0005-09-12 17:30:00,5,9,12,17,30,640,24.0,"176, HAUSQUETTE (RUE DE)",,,Plein jour,En agglomération,Hors intersection,Normale,Deux véhicules - frontale,,,,,,,,,,,1,2,1,1,1
200500059307,0005-09-19 20:10:00,5,9,19,20,10,640,24.0,"88, BAHINOS (ROUTE DE)",,,Plein jour,En agglomération,Hors intersection,Normale,Deux véhicules - côté,,,,,,,,,,,1,2,1,1,3
200500059308,0005-09-20 12:07:00,5,9,20,12,7,640,24.0,JUZAN (CHEMIN DE),,,Plein jour,En agglomération,Hors intersection,Normale,Deux véhicules - côté,,,,,,,,,,,1,2,1,1,3
200500059309,0005-09-20 17:20:00,5,9,20,17,20,640,24.0,"., MARCEL DASSAULT (AVEN",,,Plein jour,En agglomération,Giratoire,Normale,Deux véhicules - arrière,,,,,,,,,,,1,2,6,1,2
200500059310,0005-09-21 09:07:00,5,9,21,9,7,640,24.0,"1, LAROCHEFOUCAULD (AVEN",,,Plein jour,En agglomération,Intersection en X,Normale,Deux véhicules - arrière,,,,,,,,,,,1,2,2,1,2
200500059311,0005-09-21 18:06:00,5,9,21,18,6,640,24.0,BOIS BELIN (RUE DU),,,Plein jour,En agglomération,Intersection en T,Normale,Deux véhicules - arrière,,,,,,,,,,,1,2,3,1,2
200500059312,0005-09-22 23:05:00,5,9,22,23,5,640,24.0,ADOUR (AVENUE DE L'),,,Nuit avec éclairage non allumé,En agglomération,Hors intersection,Normale,Sans collision,,,,,,,,,,,4,2,1,1,7
200500059313,0005-09-26 15:06:00,5,9,26,15,6,640,24.0,"67, QUATRE CANTONS (RUE",,,Plein jour,En agglomération,Hors intersection,Normale,Deux véhicules - côté,,,,,,,,,,,1,2,1,1,3
200500059314,0005-09-26 17:05:00,5,9,26,17,5,640,24.0,"26, BARRE (PROMENADE DE",,,Plein jour,En agglomération,Hors intersection,Normale,Deux véhicules - arrière,,,,,,,,,,,1,2,1,1,2
200500059315,0005-09-26 17:45:00,5,9,26,17,45,640,24.0,LAPORTE (AVENUE JEAN LEO,,,Plein jour,En agglomération,Intersection en T,Normale,Deux véhicules - côté,,,,,,,,,,,1,2,3,1,3
200500059316,0005-09-26 19:25:00,5,9,26,19,25,640,102.0,CONTE DE CABARRUS (COURS,,,Plein jour,En agglomération,Giratoire,Normale,Deux véhicules - frontale,,,,,,,,,,,1,2,6,1,1
200500059317,0005-09-26 22:25:00,5,9,26,22,25,640,102.0,"., GRENET (AVENUE HENRI)",,,Nuit avec éclairage allumé,En agglomération,Hors intersection,Normale,Sans collision,,,,,,,,,,,5,2,1,1,7
200500059318,0005-09-29 11:23:00,5,9,29,11,23,640,102.0,"44, ALSACE LORRAINE (BOU",,,Plein jour,En agglomération,Place,Temps couvert,Deux véhicules - côté,,,,,,,,,,,1,2,7,8,3
200500059319,0005-09-29 12:09:00,5,9,29,12,9,640,140.0,"12, BIREMONT (RUE PAUL)",,,Plein jour,En agglomération,Intersection en T,Normale,Deux véhicules - arrière,,,,,,,,,,,1,2,3,1,2
200500059320,0005-09-30 17:00:00,5,9,30,17,0,640,24.0,IMPERIAL (PROMENADE DU P,,,Plein jour,En agglomération,Hors intersection,Normale,Deux véhicules - frontale,,,,,,,,,,,1,2,1,1,1
200500059321,0005-09-01 18:04:00,5,9,1,18,4,640,122.0,"2, BEAURIVAGE (AVENUE- P",,,Plein jour,En agglomération,Hors intersection,Normale,Deux véhicules - côté,,,,,,,,,,,1,2,1,1,3
200500059322,0005-09-02 02:00:00,5,9,2,2,0,640,122.0,"133, MARNE (AVENUE DE LA",,,Nuit avec éclairage allumé,En agglomération,Hors intersection,Normale,Sans collision,,,,,,,,,,,5,2,1,1,7
200500059323,0005-09-03 16:05:00,5,9,3,16,5,640,125.0,"., ESPAGNE (AVENUE D')",,,Plein jour,En agglomération,Hors intersection,Normale,Deux véhicules - côté,,,,,,,,,,,1,2,1,1,3
200500059324,0005-09-04 12:39:00,5,9,4,12,39,640,122.0,"., BEAURIVAGE (AVENUE- P",,,Plein jour,En agglomération,Hors intersection,Normale,Deux véhicules - arrière,,,,,,,,,,,1,2,1,1,2
200500059325,0005-09-06 18:10:00,5,9,6,18,10,640,122.0,"., MADRID (RUE DE)",,,Plein jour,En agglomération,Hors intersection,Normale,Deux véhicules - côté,,,,,,,,,,,1,2,1,1,3
200500059326,0005-09-08 13:10:00,5,9,8,13,10,640,125.0,"., BIARRITZ (AVENUE DE)",,,Plein jour,En agglomération,Hors intersection,Normale,Deux véhicules - côté,,,,,,,,,,,1,2,1,1,3
200500059327,0005-09-12 23:15:00,5,9,12,23,15,640,122.0,"., MARNE (AVENUE DE LA)",,,Nuit avec éclairage allumé,En agglomération,Hors intersection,Normale,Deux véhicules - côté,,,,,,,,,,,5,2,1,1,3
200500059328,0005-09-13 07:50:00,5,9,13,7,50,640,125.0,"., ATHERBEA (AVENUE)",,,Plein jour,En agglomération,Hors intersection,Pluie légère,Deux véhicules - arrière,,,,,,,,,,,1,2,1,2,2
200500059329,0005-09-13 17:13:00,5,9,13,17,13,640,122.0,"., CHIQUITO DE CAMBO (RU",,,Plein jour,En agglomération,Intersection en T,Normale,Deux véhicules - frontale,,,,,,,,,,,1,2,3,1,1
200500059330,0005-09-16 16:15:00,5,9,16,16,15,640,125.0,"., ATHERBEA (AVENUE)",,,Plein jour,En agglomération,Hors intersection,Normale,Deux véhicules - côté,,,,,,,,,,,1,2,1,1,3
200500059331,0005-09-17 11:45:00,5,9,17,11,45,640,122.0,"., MARCEL DASSAULT (BD)",,,Plein jour,En agglomération,Hors intersection,Normale,Trois véhicules et plus - en chaîne,,,,,,,,,,,1,2,1,1,4
200500059332,0005-09-18 09:30:00,5,9,18,9,30,640,122.0,"., LAHOUZE (AVENUE)",,,Plein jour,En agglomération,Intersection en X,Normale,Deux véhicules - côté,,,,,,,,,,,1,2,2,1,3
200500059333,0005-09-21 18:30:00,5,9,21,18,30,640,122.0,"., MARCEL DASSAULT (BD)",,,Crépuscule ou aube,En agglomération,Hors intersection,Normale,Deux véhicules - côté,,,,,,,,,,,2,2,1,1,3
200500059334,0005-09-22 16:50:00,5,9,22,16,50,640,122.0,"., CASCAILS (BD DE)",,,Plein jour,En agglomération,Hors intersection,Normale,Sans collision,,,,,,,,,,,1,2,1,1,7
200500059335,0005-09-23 15:00:00,5,9,23,15,0,640,125.0,"., CHABADENIA (AVENUE)",,,Plein jour,En agglomération,Hors intersection,Normale,Deux véhicules - côté,,,,,,,,,,,1,2,1,1,3
200500059336,0005-09-23 17:35:00,5,9,23,17,35,640,122.0,"., REPUBLIQUE (AVENUE DE",,,Plein jour,En agglomération,Hors intersection,Normale,Deux véhicules - côté,,,,,,,,,,,1,2,1,1,3