accident_id,datetime,annee,mois,jour,heure,minute,departement,commune_insee,adresse,latitude,longitude,luminosite,agglomeration,intersection,meteo,collision,nb_vehicules,nb_usagers,nb_indemnes,nb_tues,nb_blesses_hosp,nb_blesses_legers,age_cond_1,age_cond_2,veh_type_cond_1,veh_type_cond_2,lum_code,agg_code,int_code,atm_code,col_code
200500059469,0005-09-28 17:30:00,5,9,28,17,30,670,482.0,"00, BATELIERS (QUAI DES)",,,Plein jour,En agglomération,Intersection en T,Normale,Deux véhicules - côté,,,,,,,,,,,1,2,3,1,3
200500059470,0005-09-28 19:45:00,5,9,28,19,45,670,482.0,"0, SEBASTIEN BRANT (PLAC",,,Nuit avec éclairage allumé,En agglomération,Intersection à plus de 4 branches,Normale,Deux véhicules - côté,,,,,,,,,,,5,2,5,1,3
200500059471,0005-09-28 14:40:00,5,9,28,14,40,670,482.0,"0, HAVRE (RUE DU)",,,Plein jour,En agglomération,Intersection en T,Normale,Deux véhicules - côté,,,,,,,,,,,1,2,3,1,3
200500059472,0005-09-29 07:00:00,5,9,29,7,0,670,482.0,"0, GENERAL CONRAD (RUE D",,,Crépuscule ou aube,En agglomération,Intersection en T,Normale,Deux véhicules - arrière,,,,,,,,,,,2,2,3,1,2
200500059473,0005-09-29 14:15:00,5,9,29,14,15,670,218.0,STRASBOURG (ROUTE DE),,,Plein jour,En agglomération,Hors intersection,Normale,Autre collision,,,,,,,,,,,1,2,1,1,6
200500059474,0005-09-29 18:30:00,5,9,29,18,30,670,482.0,HERRENSCHMIDT (AVENUE),,,Crépuscule ou aube,En agglomération,Intersection en X,Normale,Deux véhicules - côté,,,,,,,,,,,2,2,2,1,3
200500059475,0005-09-29 20:20:00,5,9,29,20,20,670,447.0,GLACIERE (RUE DE LA),,,Nuit avec éclairage allumé,En agglomération,Intersection en T,Normale,Deux véhicules - côté,,,,,,,,,,,5,2,3,1,3
200500059476,0005-09-29 21:00:00,5,9,29,21,0,670,482.0,"0, CHRISTIAN PFISTER (AV",,,Nuit avec éclairage allumé,En agglomération,Intersection en X,Normale,Deux véhicules - côté,,,,,,,,,,,5,2,2,1,3
200500059477,0005-09-30 01:20:00,5,9,30,1,20,670,482.0,"14, LA FONTAINE (BOULEVA",,,Nuit avec éclairage allumé,En agglomération,Hors intersection,Normale,Autre collision,,,,,,,,,,,5,2,1,1,6
200500059478,0005-09-30 08:15:00,5,9,30,8,15,670,482.0,SCHOEPFLIN (QUAI),,,Plein jour,En agglomération,Hors intersection,Temps éblouissant,Autre collision,,,,,,,,,,,1,2,1,7,6
200500059479,0005-09-30 10:00:00,5,9,30,10,0,670,482.0,VICTOIRE (BOULEVARD DE L,,,Plein jour,En agglomération,Intersection en X,Normale,Autre collision,,,,,,,,,,,1,2,2,1,6
200500059480,0005-09-30 15:48:00,5,9,30,15,48,670,218.0,"89, BURKEL (ROUTE)",,,Plein jour,En agglomération,Hors intersection,Normale,Deux véhicules - côté,,,,,,,,,,,1,2,1,1,3
200500059481,0005-09-30 18:35:00,5,9,30,18,35,670,447.0,"20, TRIBUNAL (RUE DU)",,,Plein jour,En agglomération,Intersection en T,Normale,Autre collision,,,,,,,,,,,1,2,3,1,6
200500059482,0005-09-09 17:10:00,5,9,9,17,10,680,66.0,WINTZENHEIM (ROUTE DE),,,Crépuscule ou aube,En agglomération,Intersection en X,Normale,Deux véhicules - côté,,,,,,,,,,,2,2,2,1,3
200500059483,0005-09-10 15:00:00,5,9,10,15,0,680,66.0,"10, AMSTERDAM ( RUE D')",,,Plein jour,En agglomération,Hors intersection,Normale,Autre collision,,,,,,,,,,,1,2,1,1,6
200500059484,0005-09-20 19:10:00,5,9,20,19,10,680,66.0,"4, GENEVE (RUE DE)",,,Plein jour,En agglomération,Hors intersection,Normale,Autre collision,,,,,,,,,,,1,2,1,1,6
200500059485,0005-09-20 21:25:00,5,9,20,21,25,680,66.0,PREMIERE ARMEE FRANCAISE,,,Nuit avec éclairage allumé,En agglomération,Intersection en X,Normale,Deux véhicules - côté,,,,,,,,,,,5,2,2,1,3
200500059486,0005-09-24 20:15:00,5,9,24,20,15,680,66.0,PREMIERE ARMEE FRANCAISE,,,Nuit avec éclairage allumé,En agglomération,Intersection en X,Normale,Deux véhicules - côté,,,,,,,,,,,5,2,2,1,3
200500059487,0005-09-10 15:30:00,5,9,10,15,30,680,66.0,"17, BERLIN (RUE DE)",,,Plein jour,En agglomération,Intersection en Y,Normale,Deux véhicules - arrière,,,,,,,,,,,1,2,4,1,2
200500059488,0005-09-11 19:15:00,5,9,11,19,15,680,224.0,"46, JUIN (AVENUE ALPHONS",,,Plein jour,En agglomération,Intersection en X,Normale,Deux véhicules - côté,,,,,,,,,,,1,2,2,1,3
200500059489,0005-09-06 15:45:00,5,9,6,15,45,680,224.0,"28, RIBEAUVILLE (RUE DE)",,,Plein jour,En agglomération,Hors intersection,Normale,Autre collision,,,,,,,,,,,1,2,1,1,6
200500059490,0005-09-08 19:30:00,5,9,8,19,30,680,224.0,HOFER (RUE JOSUE),,,Plein jour,En agglomération,Hors intersection,Normale,Deux véhicules - côté,,,,,,,,,,,1,2,1,1,3
200500059491,0005-09-07 20:25:00,5,9,7,20,25,680,56.0,"350, ALTKIRCH (AVENUE D'",,,Nuit sans éclairage public,Hors agglomération,Hors intersection,Normale,Autre collision,,,,,,,,,,,3,1,1,1,6
200500059492,0005-09-15 12:50:00,5,9,15,12,50,680,224.0,SEGUIN (RUE MARC),,,Plein jour,En agglomération,Intersection en T,Normale,Deux véhicules - côté,,,,,,,,,,,1,2,3,1,3
200500059493,0005-09-19 18:30:00,5,9,19,18,30,680,224.0,PREISS (RUE JACQUES),,,Plein jour,En agglomération,Hors intersection,Normale,Autre collision,,,,,,,,,,,1,2,1,1,6
200500059494,0005-09-21 06:50:00,5,9,21,6,50,680,256.0,"76, RICHWILLER (RUE DE)",,,Plein jour,En agglomération,Intersection en T,Normale,Deux véhicules - côté,,,,,,,,,,,1,2,3,1,3
200500059495,0005-09-24 18:05:00,5,9,24,18,5,680,224.0,"10, PORTE DU MIROIR",,,Plein jour,En agglomération,Hors intersection,Normale,Autre collision,,,,,,,,,,,1,2,1,1,6
200500059496,0005-09-22 11:20:00,5,9,22,11,20,680,224.0,"89, BALE (RUE DE)",,,Plein jour,En agglomération,Hors intersection,Normale,Autre collision,,,,,,,,,,,1,2,1,1,6
200500059497,0005-09-21 10:10:00,5,9,21,10,10,680,224.0,"84, ALTKIRCH (AVENUE D')",,,Plein jour,En agglomération,Hors intersection,Normale,Autre collision,,,,,,,,,,,1,2,1,1,6
200500059498,0005-09-24 11:00:00,5,9,24,11,0,680,256.0,"18, RICHWILLER (RUE DE)",,,Plein jour,En agglomération,Hors intersection,Normale,Autre collision,,,,,,,,,,,1,2,1,1,6
200500059499,0005-09-26 12:05:00,5,9,26,12,5,680,224.0,KATZ (ALLEE NATHAN),,,Plein jour,En agglomération,Hors intersection,Normale,Deux véhicules - arrière,,,,,,,,,,,1,2,1,1,2
200500059500,0005-09-24 19:30:00,5,9,24,19,30,680,224.0,MITTERRAND (AVENUE FRANC,,,Nuit avec éclairage allumé,En agglomération,Hors intersection,Normale,Autre collision,,,,,,,,,,,5,2,1,1,6
200500059501,0005-09-26 18:20:00,5,9,26,18,20,680,224.0,AUTOROUTE A 36,,,Plein jour,Hors agglomération,Hors intersection,Normale,Deux véhicules - côté,,,,,,,,,,,1,1,1,1,3
200500059502,0005-09-23 12:33:00,5,9,23,12,33,680,224.0,"45, CAMUS (RUE ALBERT)",,,Plein jour,En agglomération,Hors intersection,Normale,Deux véhicules - arrière,,,,,,,,,,,1,2,1,1,2
200500059503,0005-09-29 07:10:00,5,9,29,7,10,680,224.0,"20, CARRIERES (RUE DES)",,,Crépuscule ou aube,En agglomération,Hors intersection,Normale,Autre collision,,,,,,,,,,,2,2,1,1,6
200500059504,0005-09-30 14:40:00,5,9,30,14,40,680,224.0,"12, WILSON (RUE)",,,Plein jour,En agglomération,Intersection en X,Normale,Sans collision,,,,,,,,,,,1,2,2,1,7
200500059505,0005-09-13 20:35:00,5,9,13,20,35,680,297.0,DE GAULLE( AVE DU GLE)CR,,,Nuit avec éclairage allumé,En agglomération,Intersection en T,Normale,Deux véhicules - côté,,,,,,,,,,,5,2,3,1,3
200500059506,0005-09-02 11:55:00,5,9,2,11,55,680,376.0,"1, SCHWEITZER (RUE DU DR",,,Plein jour,En agglomération,Intersection en X,Normale,Deux véhicules - côté,,,,,,,,,,,1,2,2,1,3
200500059507,0005-09-16 11:40:00,5,9,16,11,40,690,29.0,LAURENT BONNEVAY,,,Plein jour,En agglomération,Hors intersection,Normale,Autre collision,,,,,,,,,,,1,2,1,1,6
200500059508,0005-09-07 17:50:00,5,9,7,17,50,690,34.0,"25, GENERAL LECLERC",,,Plein jour,En agglomération,Hors intersection,Normale,Autre collision,,,,,,,,,,,1,2,1,1,6
200500059509,0005-09-22 02:00:00,5,9,22,2,0,690,34.0,"55, JEAN MOULIN",,,Nuit avec éclairage allumé,En agglomération,Hors intersection,Normale,Autre collision,,,,,,,,,,,5,2,1,1,6
200500059510,0005-09-30 09:55:00,5,9,30,9,55,690,34.0,"95, COSTE",,,Plein jour,En agglomération,Hors intersection,Normale,Autre collision,,,,,,,,,,,1,2,1,1,6
200500059511,0005-09-27 13:00:00,5,9,27,13,0,690,149.0,"92, GRANDE RUE",,,Plein jour,En agglomération,Intersection en X,Normale,Autre collision,,,,,,,,,,,1,2,2,1,6
200500059512,0005-09-05 19:00:00,5,9,5,19,0,690,259.0,"177, VIENNE (DE)",,,Crépuscule ou aube,En agglomération,Hors intersection,Pluie légère,Deux véhicules - côté,,,,,,,,,,,2,2,1,2,3
200500059513,0005-09-15 20:25:00,5,9,15,20,25,690,259.0,"19, LENINE",,,Crépuscule ou aube,En agglomération,Hors intersection,Normale,Autre collision,,,,,,,,,,,2,2,1,1,6
200500059514,0005-09-15 22:25:00,5,9,15,22,25,690,259.0,"79, JULES GUESDE",,,Nuit avec éclairage allumé,En agglomération,Hors intersection,Normale,Autre collision,,,,,,,,,,,5,2,1,1,6
200500059515,0005-09-22 06:10:00,5,9,22,6,10,690,259.0,"113, JULES GUESDE",,,Nuit avec éclairage allumé,En agglomération,Hors intersection,Normale,Deux véhicules - côté,,,,,,,,,,,5,2,1,1,3
200500059516,0005-09-26 19:25:00,5,9,26,19,25,690,259.0,"0, JEAN CAGNE",,,Plein jour,En agglomération,Hors intersection,Normale,Autre collision,,,,,,,,,,,1,2,1,1,6
200500059517,0005-09-30 19:20:00,5,9,30,19,20,690,259.0,"94, IRENE JOLIOT CURIE",,,Crépuscule ou aube,En agglomération,Hors intersection,Normale,Autre collision,,,,,,,,,,,2,2,1,1,6
200500059518,0005-09-25 00:30:00,5,9,25,0,30,690,259.0,"0, CHEMIN LATERAL",,,Nuit sans éclairage public,En agglomération,Hors intersection,Normale,Autre collision,,,,,,,,,,,3,2,1,1,6
200500059519,0005-09-01 17:35:00,5,9,1,17,35,690,264.0,BELLEVILLE  DE  R,,,Plein jour,En agglomération,Hors intersection,Normale,Autre collision,,,,,,,,,,,1,2,1,1,6
200500059520,0005-09-02 06:42:00,5,9,2,6,42,690,13.0,JOUX (AVENUE DE),,,Plein jour,Hors agglomération,Hors intersection,Normale,Autre collision,,,,,,,,,,,1,1,1,1,6
200500059521,0005-09-02 10:35:00,5,9,2,10,35,690,13.0,GRANGE PERRET (ROUTE DE,,,Plein jour,Hors agglomération,Intersection en Y,Normale,Deux véhicules - côté,,,,,,,,,,,1,1,4,1,3
200500059522,0005-09-06 16:20:00,5,9,6,16,20,690,264.0,BARMONDIERE DE LA  R,,,Plein jour,En agglomération,Hors intersection,Pluie légère,Autre collision,,,,,,,,,,,1,2,1,2,6
200500059523,0005-09-12 10:48:00,5,9,12,10,48,690,264.0,BERT PAUL  IMP ET RUE,,,Plein jour,En agglomération,Hors intersection,Normale,Autre collision,,,,,,,,,,,1,2,1,1,6
200500059524,0005-09-13 14:15:00,5,9,13,14,15,690,115.0,ROUTE NATIONALE 6,,,Plein jour,Hors agglomération,Hors intersection,Normale,Trois véhicules et plus - en chaîne,,,,,,,,,,,1,1,1,1,4
200500059525,0005-09-29 06:35:00,5,9,29,6,35,690,264.0,"204, MEUNIER-VIAL FRANCO",,,Crépuscule ou aube,En agglomération,Hors intersection,Normale,Deux véhicules - frontale,,,,,,,,,,,2,2,1,1,1
200500059526,0005-09-30 08:00:00,5,9,30,8,0,690,264.0,NATIONALE  R,,,Plein jour,En agglomération,Hors intersection,Normale,Autre collision,,,,,,,,,,,1,2,1,1,6
200500059527,0005-09-03 10:20:00,5,9,3,10,20,690,266.0,"., RUE DE LA BAISSE",,,Plein jour,En agglomération,Intersection en X,Normale,Autre collision,,,,,,,,,,,1,2,2,1,6
200500059528,0005-09-09 18:30:00,5,9,9,18,30,690,266.0,"30, RUE DES BIENVENUS",,,Plein jour,En agglomération,Hors intersection,Normale,Trois véhicules et plus - en chaîne,,,,,,,,,,,1,2,1,1,4
200500059529,0005-09-11 06:30:00,5,9,11,6,30,690,266.0,"2, RUE L BLUM",,,Crépuscule ou aube,En agglomération,Place,Normale,Deux véhicules - côté,,,,,,,,,,,2,2,7,1,3
200500059530,0005-09-14 08:35:00,5,9,14,8,35,690,266.0,"1, RUE RACINE",,,Plein jour,En agglomération,Intersection en X,Normale,Deux véhicules - côté,,,,,,,,,,,1,2,2,1,3
200500059531,0005-09-13 20:10:00,5,9,13,20,10,690,266.0,"161, RUE L BLUM",,,Nuit avec éclairage allumé,En agglomération,Hors intersection,Normale,Deux véhicules - côté,,,,,,,,,,,5,2,1,1,3
200500059532,0005-09-15 16:30:00,5,9,15,16,30,690,266.0,"3, AV A EINSTEIN",,,Plein jour,En agglomération,Hors intersection,Normale,Autre collision,,,,,,,,,,,1,2,1,1,6
200500059533,0005-09-16 16:00:00,5,9,16,16,0,690,266.0,"1, PL C HERNU",,,Plein jour,En agglomération,Hors intersection,Normale,Autre collision,,,,,,,,,,,1,2,1,1,6
200500059534,0005-09-18 21:50:00,5,9,18,21,50,690,266.0,CRS E ZOLA,,,Nuit avec éclairage allumé,En agglomération,Intersection en X,Normale,Deux véhicules - côté,,,,,,,,,,,5,2,2,1,3
200500059535,0005-09-21 12:30:00,5,9,21,12,30,690,266.0,"136 BIS, RUE DU 8 MAI 19",,,Plein jour,En agglomération,Hors intersection,Normale,Autre collision,,,,,,,,,,,1,2,1,1,6
200500059536,0005-09-23 16:40:00,5,9,23,16,40,690,266.0,"26, RUE DU NORD",,,Plein jour,En agglomération,Hors intersection,Normale,Autre collision,,,,,,,,,,,1,2,1,1,6
200500059537,0005-09-26 14:00:00,5,9,26,14,0,690,266.0,"196, AV R SALENGRO",,,Plein jour,En agglomération,Hors intersection,Normale,Trois véhicules et plus - collisions multiples,,,,,,,,,,,1,2,1,1,5
200500059538,0005-09-19 20:30:00,5,9,19,20,30,690,266.0,"28, RUE J JAURES",,,Nuit avec éclairage allumé,En agglomération,Hors intersection,Normale,Deux véhicules - arrière,,,,,,,,,,,5,2,1,1,2
200500059539,0005-09-27 19:16:00,5,9,27,19,16,690,266.0,"2, BD E REGUILLON",,,Crépuscule ou aube,En agglomération,Hors intersection,Normale,Autre collision,,,,,,,,,,,2,2,1,1,6
200500059540,0005-09-29 20:20:00,5,9,29,20,20,690,266.0,"41, RUE G COURTELINE",,,Nuit avec éclairage allumé,En agglomération,Hors intersection,Normale,Autre collision,,,,,,,,,,,5,2,1,1,6
200500059541,0005-09-23 18:00:00,5,9,23,18,0,690,266.0,"138, AV R SALENGRO",,,Plein jour,En agglomération,Intersection en Y,Normale,Deux véhicules - côté,,,,,,,,,,,1,2,4,1,3
200500059542,0005-09-30 12:30:00,5,9,30,12,30,690,266.0,RUE P BARATIN,,,Plein jour,En agglomération,Intersection en X,Normale,Deux véhicules - côté,,,,,,,,,,,1,2,2,1,3
200500059543,0005-09-30 12:10:00,5,9,30,12,10,690,266.0,"1, AV J CAPELLE EST",,,Plein jour,En agglomération,Intersection en X,Normale,Deux véhicules - côté,,,,,,,,,,,1,2,2,1,3
200500059544,0005-09-19 12:10:00,5,9,19,12,10,690,266.0,"1, RUE A BOUTIN",,,Plein jour,En agglomération,Intersection en X,Normale,Deux véhicules - côté,,,,,,,,,,,1,2,2,1,3
200500059545,0005-09-16 15:30:00,5,9,16,15,30,690,275.0,"56, EDOUARD HERRIOT",,,Plein jour,En agglomération,Hors intersection,Normale,Deux véhicules - côté,,,,,,,,,,,1,2,1,1,3
200500059546,0005-09-25 09:50:00,5,9,25,9,50,690,275.0,"228, JEAN JAURES",,,Plein jour,En agglomération,Intersection en X,Normale,Autre collision,,,,,,,,,,,1,2,2,1,6
200500059547,0005-09-26 16:50:00,5,9,26,16,50,690,275.0,"., JEAN JAURES",,,Plein jour,En agglomération,Intersection en T,Normale,Deux véhicules - côté,,,,,,,,,,,1,2,3,1,3
200500059548,0005-09-04 17:30:00,5,9,4,17,30,690,282.0,"., JOANNES GONON",,,Plein jour,En agglomération,Intersection en X,Normale,Deux véhicules - côté,,,,,,,,,,,1,2,2,1,3
200500059549,0005-09-05 12:15:00,5,9,5,12,15,690,290.0,HEYRIEUX (D'),,,Plein jour,En agglomération,Hors intersection,Pluie légère,Deux véhicules - arrière,,,,,,,,,,,1,2,1,2,2
200500059550,0005-09-14 19:00:00,5,9,14,19,0,690,290.0,"0, PORTE DES ALPES (DE L",,,Plein jour,En agglomération,Intersection en X,Normale,Deux véhicules - côté,,,,,,,,,,,1,2,2,1,3
200500059551,0005-09-21 17:20:00,5,9,21,17,20,690,290.0,"0, 11 NOVEMBRE 1918 (DU)",,,Plein jour,En agglomération,Intersection en X,Normale,Deux véhicules - côté,,,,,,,,,,,1,2,2,1,3
200500059552,0005-09-23 10:40:00,5,9,23,10,40,690,290.0,GRENOBLE (DE)  -  RN 6,,,Plein jour,Hors agglomération,Hors intersection,Normale,Deux véhicules - côté,,,,,,,,,,,1,1,1,1,3
200500059553,0005-09-29 19:15:00,5,9,29,19,15,690,290.0,NICEPHORE NIEPCE,,,Plein jour,En agglomération,Hors intersection,Normale,Deux véhicules - côté,,,,,,,,,,,1,2,1,1,3
200500059554,0005-09-30 10:15:00,5,9,30,10,15,690,290.0,GENAS (DE),,,Plein jour,En agglomération,Hors intersection,Normale,Autre collision,,,,,,,,,,,1,2,1,1,6
200500059555,0005-09-06 18:22:00,5,9,6,18,22,700,285.0,CD 438,,,Plein jour,Hors agglomération,Hors intersection,Normale,Deux véhicules - frontale,,,,,,,,,,,1,1,1,1,1
200500059556,0005-09-15 13:45:00,5,9,15,13,45,700,285.0,"17, JEAN JAURES (AVENUE)",,,Plein jour,En agglomération,Intersection en X,Normale,Deux véhicules - côté,,,,,,,,,,,1,2,2,1,3
200500059557,0005-09-12 20:00:00,5,9,12,20,0,700,550.0,"32, GENOUX (RUE GEORGES)",,,Crépuscule ou aube,En agglomération,Hors intersection,Normale,Deux véhicules - arrière,,,,,,,,,,,2,2,1,1,2
200500059558,0005-09-20 20:35:00,5,9,20,20,35,700,550.0,BAULMONT (RUE),,,Nuit avec éclairage allumé,En agglomération,Hors intersection,Normale,Deux véhicules - côté,,,,,,,,,,,5,2,1,1,3
200500059559,0005-09-10 12:30:00,5,9,10,12,30,700,550.0,BLANDIN (RUE DU CAPITAIN,,,Plein jour,En agglomération,Intersection en Y,Normale,Deux véhicules - frontale,,,,,,,,,,,1,2,4,1,1
200500059560,0005-09-02 09:25:00,5,9,2,9,25,710,76.0,"17, BOUCICAUT (AVENUE)",,,Plein jour,En agglomération,Hors intersection,Normale,Trois véhicules et plus - en chaîne,,,,,,,,,,,1,2,1,1,4
200500059561,0005-09-28 17:10:00,5,9,28,17,10,710,118.0,GENERAL DE GAULLE (AVENU,,,Plein jour,En agglomération,Intersection en T,Normale,Deux véhicules - côté,,,,,,,,,,,1,2,3,1,3
200500059562,0005-09-06 17:35:00,5,9,6,17,35,710,153.0,"35, LONG TOM (RUE DU)",,,Plein jour,En agglomération,Hors intersection,Pluie légère,Deux véhicules - frontale,,,,,,,,,,,1,2,1,2,1
200500059563,0005-09-07 19:55:00,5,9,7,19,55,710,153.0,ETANG DE LA FORGE (rue),,,Plein jour,En agglomération,Intersection en X,Normale,Deux véhicules - côté,,,,,,,,,,,1,2,2,1,3
200500059564,0005-09-11 05:05:00,5,9,11,5,5,710,153.0,ABATTOIRS (boulevard des,,,Nuit avec éclairage allumé,En agglomération,Intersection en X,Normale,Deux véhicules - côté,,,,,,,,,,,5,2,2,1,3
200500059565,0005-09-16 15:25:00,5,9,16,15,25,710,540.0,"., CENTRE A CENTRE (ROUT",,,Plein jour,Hors agglomération,Hors intersection,Pluie légère,Deux véhicules - côté,,,,,,,,,,,1,1,1,2,3
200500059566,0005-09-20 18:10:00,5,9,20,18,10,710,59.0,CREUSOT (RUE DU),,,Plein jour,En agglomération,Intersection en T,Normale,Deux véhicules - arrière,,,,,,,,,,,1,2,3,1,2
200500059567,0005-09-23 10:35:00,5,9,23,10,35,710,153.0,"7, MARECHAL LYAUTEY (BOU",,,Plein jour,En agglomération,Hors intersection,Normale,Autre collision,,,,,,,,,,,1,2,1,1,6
200500059568,0005-09-22 12:15:00,5,9,22,12,15,710,153.0,"62, JAURES (RUE JEAN)",,,Plein jour,En agglomération,Hors intersection,Normale,Autre collision,,,,,,,,,,,1,2,1,1,6
200500059569,0005-09-28 16:50:00,5,9,28,16,50,710,153.0,MARECHAL FOCH (RUE),,,Plein jour,En agglomération,Intersection en T,Normale,Autre collision,,,,,,,,,,,1,2,3,1,6
200500059570,0005-09-08 17:15:00,5,9,8,17,15,710,270.0,GAMBETTA (RUE),,,Plein jour,En agglomération,Hors intersection,Normale,Autre collision,,,,,,,,,,,1,2,1,1,6
200500059571,0005-09-09 14:45:00,5,9,9,14,45,710,270.0,GAISES (AVENUE DES),,,Plein jour,En agglomération,Hors intersection,Normale,Deux véhicules - arrière,,,,,,,,,,,1,2,1,1,2
200500059572,0005-09-11 11:10:00,5,9,11,11,10,710,270.0,LYON (ROUTE DE),,,Plein jour,En agglomération,Hors intersection,Normale,Autre collision,,,,,,,,,,,1,2,1,1,6
200500059573,0005-09-09 13:40:00,5,9,9,13,40,710,270.0,"14, JEANTON (RUE GABRIEL",,,Plein jour,En agglomération,Hors intersection,Normale,Autre collision,,,,,,,,,,,1,2,1,1,6
200500059574,0005-09-12 14:55:00,5,9,12,14,55,710,270.0,GAULLE (AVENUE DU GENERA,,,Plein jour,En agglomération,Hors intersection,Normale,Deux véhicules - côté,,,,,,,,,,,1,2,1,1,3
200500059575,0005-09-16 22:00:00,5,9,16,22,0,710,105.0,GENDARMERIE (AVENUE DE L,,,Nuit avec éclairage allumé,En agglomération,Hors intersection,Pluie légère,Autre collision,,,,,,,,,,,5,2,1,2,6
200500059576,0005-09-21 15:00:00,5,9,21,15,0,710,270.0,"1, PARIS (RUE DE)",,,Plein jour,En agglomération,Hors intersection,Normale,Sans collision,,,,,,,,,,,1,2,1,1,7
200500059577,0005-09-01 11:45:00,5,9,1,11,45,710,306.0,"54, MARECHAL LECLERC (AV",,,Plein jour,En agglomération,Hors intersection,Normale,Autre collision,,,,,,,,,,,1,2,1,1,6
200500059578,0005-09-06 18:10:00,5,9,6,18,10,710,306.0,"54, BLANZY (ROUTE DE )",,,Plein jour,En agglomération,Hors intersection,Normale,Autre collision,,,,,,,,,,,1,2,1,1,6
200500059579,0005-09-14 21:45:00,5,9,14,21,45,710,306.0,HENRI DUNAND (BOULEVARD),,,Crépuscule ou aube,En agglomération,Intersection en X,Normale,Autre collision,,,,,,,,,,,2,2,2,1,6
200500059580,0005-09-14 19:05:00,5,9,14,19,5,710,306.0,"4, BESANCON (RUE DE)",,,Plein jour,En agglomération,Intersection en Y,Normale,Autre collision,,,,,,,,,,,1,2,4,1,6
200500059581,0005-09-21 20:55:00,5,9,21,20,55,710,306.0,"20, JEAN JACQUES ROUSSEA",,,Nuit avec éclairage non allumé,En agglomération,Intersection en X,Normale,Deux véhicules - côté,,,,,,,,,,,4,2,2,1,3
200500059582,0005-09-17 21:50:00,5,9,17,21,50,710,306.0,"14, BOIS CLAIR (RUE DU )",,,Nuit avec éclairage allumé,En agglomération,Hors intersection,Normale,Sans collision,,,,,,,,,,,5,2,1,1,7
200500059583,0005-09-24 15:40:00,5,9,24,15,40,710,306.0,"15, GENERAL DE GAULLE (Q",,,Plein jour,En agglomération,Intersection en T,Normale,Deux véhicules - côté,,,,,,,,,,,1,2,3,1,3
200500059584,0005-09-30 20:30:00,5,9,30,20,30,710,306.0,RN 70 (ROUTE EXPRESS),,,Nuit sans éclairage public,En agglomération,Hors intersection,Normale,Autre collision,,,,,,,,,,,3,2,1,1,6
200500059585,0005-09-02 05:40:00,5,9,2,5,40,720,181.0,DEMORIEUX PT DE FER AU P,,,Nuit avec éclairage allumé,En agglomération,Hors intersection,Normale,Autre collision,,,,,,,,,,,5,2,1,1,6
200500059586,0005-09-02 08:30:00,5,9,2,8,30,720,181.0,"196, JAURES JEAN (AV) N°",,,Plein jour,En agglomération,Hors intersection,Normale,Deux véhicules - côté,,,,,,,,,,,1,2,1,1,3
200500059587,0005-09-02 18:10:00,5,9,2,18,10,720,181.0,SAINT AUBIN (RUE) N° IMP,,,Plein jour,En agglomération,Hors intersection,Normale,Deux véhicules - côté,,,,,,,,,,,1,2,1,1,3
200500059588,0005-09-02 18:15:00,5,9,2,18,15,720,181.0,"24, CHANZY (RUE)  N° PAI",,,Plein jour,En agglomération,Hors intersection,Normale,Trois véhicules et plus - collisions multiples,,,,,,,,,,,1,2,1,1,5
200500059589,0005-09-03 17:30:00,5,9,3,17,30,720,181.0,"2, EDISON THOMAS (RUE)",,,Plein jour,En agglomération,Hors intersection,Normale,Deux véhicules - côté,,,,,,,,,,,1,2,1,1,3
200500059590,0005-09-04 13:50:00,5,9,4,13,50,720,181.0,"63, CHURCHILL WINSTON (B",,,Plein jour,En agglomération,Hors intersection,Pluie légère,Autre collision,,,,,,,,,,,1,2,1,2,6
200500059591,0005-09-05 15:25:00,5,9,5,15,25,720,181.0,PIFFAULT PIERRE (AV) ROC,,,Plein jour,En agglomération,Hors intersection,Normale,Deux véhicules - côté,,,,,,,,,,,1,2,1,1,3
200500059592,0005-09-06 17:55:00,5,9,6,17,55,720,181.0,SUD EST DEVIATION  RT TO,,,Plein jour,Hors agglomération,Hors intersection,Normale,Deux véhicules - arrière,,,,,,,,,,,1,1,1,1,2
200500059593,0005-09-06 20:45:00,5,9,6,20,45,720,181.0,PLATANES (AV DES),,,Nuit avec éclairage allumé,En agglomération,Hors intersection,Normale,Autre collision,,,,,,,,,,,5,2,1,1,6
200500059594,0005-09-07 11:00:00,5,9,7,11,0,720,181.0,LOUIS BLANC (QUAI),,,Plein jour,En agglomération,Hors intersection,Normale,Deux véhicules - côté,,,,,,,,,,,1,2,1,1,3
200500059595,0005-09-08 07:00:00,5,9,8,7,0,720,95.0,PREM DIV FRANCAISE LIBRE,,,Nuit sans éclairage public,En agglomération,Hors intersection,Normale,Deux véhicules - côté,,,,,,,,,,,3,2,1,1,3
200500059596,0005-09-08 16:50:00,5,9,8,16,50,720,181.0,"276, SABLE (RTE DE )",,,Plein jour,En agglomération,Hors intersection,Normale,Deux véhicules - frontale,,,,,,,,,,,1,2,1,1,1
200500059597,0005-09-09 02:36:00,5,9,9,2,36,720,181.0,ANGERS (RTE D'),,,Nuit avec éclairage allumé,Hors agglomération,Hors intersection,Normale,Autre collision,,,,,,,,,,,5,1,1,1,6
200500059598,0005-09-09 18:45:00,5,9,9,18,45,720,181.0,"6, OYON ALEXANDRE (BD)",,,Plein jour,En agglomération,Hors intersection,Normale,Deux véhicules - côté,,,,,,,,,,,1,2,1,1,3