accident_id,datetime,annee,mois,jour,heure,minute,departement,commune_insee,adresse,latitude,longitude,luminosite,agglomeration,intersection,meteo,collision,nb_vehicules,nb_usagers,nb_indemnes,nb_tues,nb_blesses_hosp,nb_blesses_legers,age_cond_1,age_cond_2,veh_type_cond_1,veh_type_cond_2,lum_code,agg_code,int_code,atm_code,col_code
200500059599,0005-09-09 22:35:00,5,9,9,22,35,720,181.0,"2, SAUGES (RUE DES)",,,Nuit avec éclairage allumé,Hors agglomération,Hors intersection,Normale,Deux véhicules - frontale,,,,,,,,,,,5,1,1,1,1
200500059600,0005-09-10 07:30:00,5,9,10,7,30,720,181.0,GENESLAY FELIX (AV) N° I,,,Plein jour,En agglomération,Hors intersection,Pluie légère,Deux véhicules - arrière,,,,,,,,,,,1,2,1,2,2
200500059601,0005-09-10 17:30:00,5,9,10,17,30,720,181.0,LAIGNE RUE DE N° PAIRS 2,,,Plein jour,En agglomération,Hors intersection,Pluie légère,Trois véhicules et plus - en chaîne,,,,,,,,,,,1,2,1,2,4
200500059602,0005-09-12 08:05:00,5,9,12,8,5,720,181.0,"2, GAY LUSSAC (RUE)",,,Plein jour,En agglomération,Hors intersection,Pluie légère,Deux véhicules - côté,,,,,,,,,,,1,2,1,2,3
200500059603,0005-09-12 14:15:00,5,9,12,14,15,720,181.0,DEMORIEUX IMP DE ROCADE,,,Plein jour,En agglomération,Hors intersection,Normale,Deux véhicules - arrière,,,,,,,,,,,1,2,1,1,2
200500059604,0005-09-12 20:40:00,5,9,12,20,40,720,181.0,PIRON AUGUSTE (RUE) N° I,,,Nuit sans éclairage public,En agglomération,Intersection en X,Normale,Deux véhicules - côté,,,,,,,,,,,3,2,2,1,3
200500059605,0005-09-13 09:20:00,5,9,13,9,20,720,181.0,ESTIENNE D'ORVES (BD D'),,,Plein jour,En agglomération,Hors intersection,Normale,Deux véhicules - frontale,,,,,,,,,,,1,2,1,1,1
200500059606,0005-09-14 17:55:00,5,9,14,17,55,720,181.0,"176, SABLE (RTE DE )",,,Plein jour,En agglomération,Hors intersection,Normale,Deux véhicules - frontale,,,,,,,,,,,1,2,1,1,1
200500059607,0005-09-14 19:00:00,5,9,14,19,0,720,181.0,JAURES JEAN (AV) N° IMP,,,Plein jour,En agglomération,Hors intersection,Normale,Autre collision,,,,,,,,,,,1,2,1,1,6
200500059608,0005-09-15 19:00:00,5,9,15,19,0,720,181.0,"93, LIBERATION (AV DE LA",,,Plein jour,En agglomération,Hors intersection,Normale,Deux véhicules - côté,,,,,,,,,,,1,2,1,1,3
200500059609,0005-09-19 14:00:00,5,9,19,14,0,720,181.0,"4, MIROIR (RUE DU)",,,Plein jour,En agglomération,Autre intersection,Normale,Autre collision,,,,,,,,,,,1,2,9,1,6
200500059610,0005-09-19 18:15:00,5,9,19,18,15,720,95.0,CARNAC (RUE DE),,,Plein jour,En agglomération,Intersection en X,Normale,Deux véhicules - côté,,,,,,,,,,,1,2,2,1,3
200500059611,0005-09-20 11:00:00,5,9,20,11,0,720,181.0,GLONNIERES (BD) N° PAIRS,,,Plein jour,En agglomération,Hors intersection,Normale,Deux véhicules - côté,,,,,,,,,,,1,2,1,1,3
200500059612,0005-09-20 17:30:00,5,9,20,17,30,720,181.0,GUET LEON (RUE),,,Plein jour,En agglomération,Intersection en T,Normale,Autre collision,,,,,,,,,,,1,2,3,1,6
200500059613,0005-09-20 19:35:00,5,9,20,19,35,720,181.0,PIFFAULT PIERRE (AV) BES,,,Plein jour,En agglomération,Hors intersection,Normale,Autre collision,,,,,,,,,,,1,2,1,1,6
200500059614,0005-09-21 17:00:00,5,9,21,17,0,720,181.0,CHARMES (RUE DES),,,Plein jour,En agglomération,Hors intersection,Normale,Autre collision,,,,,,,,,,,1,2,1,1,6
200500059615,0005-09-22 08:00:00,5,9,22,8,0,720,181.0,BELLE GABRIELLE (RUE DE,,,Plein jour,En agglomération,Hors intersection,Normale,Autre collision,,,,,,,,,,,1,2,1,1,6
200500059616,0005-09-22 09:00:00,5,9,22,9,0,720,181.0,"101, POLYGONE (RUE DU)",,,Plein jour,En agglomération,Intersection en Y,Normale,Deux véhicules - côté,,,,,,,,,,,1,2,4,1,3
200500059617,0005-09-23 12:40:00,5,9,23,12,40,720,3.0,RD 23 (RTE),,,Plein jour,Hors agglomération,Hors intersection,Normale,Sans collision,,,,,,,,,,,1,1,1,1,7
200500059618,0005-09-24 09:00:00,5,9,24,9,0,720,181.0,SUD EST DEVIATION  RT TO,,,Plein jour,Hors agglomération,Hors intersection,Normale,Deux véhicules - arrière,,,,,,,,,,,1,1,1,1,2
200500059619,0005-09-26 09:50:00,5,9,26,9,50,720,181.0,"70, LIBERATION (AV DE LA",,,Plein jour,En agglomération,Hors intersection,Normale,Deux véhicules - arrière,,,,,,,,,,,1,2,1,1,2
200500059620,0005-09-26 17:40:00,5,9,26,17,40,720,181.0,CUGNOT NICOLAS (BD),,,Plein jour,Hors agglomération,Hors intersection,Normale,Autre collision,,,,,,,,,,,1,1,1,1,6
200500059621,0005-09-26 22:50:00,5,9,26,22,50,720,181.0,PATTON GENERAL RTE BAUGE,,,Nuit avec éclairage allumé,Hors agglomération,Hors intersection,Normale,Autre collision,,,,,,,,,,,5,1,1,1,6
200500059622,0005-09-27 14:50:00,5,9,27,14,50,720,95.0,PREM DIV FRANCAISE LIBRE,,,Plein jour,En agglomération,Hors intersection,Normale,Autre collision,,,,,,,,,,,1,2,1,1,6
200500059623,0005-09-27 15:45:00,5,9,27,15,45,720,181.0,DEGRE (RTE),,,Plein jour,En agglomération,Hors intersection,Normale,Deux véhicules - côté,,,,,,,,,,,1,2,1,1,3
200500059624,0005-09-27 18:35:00,5,9,27,18,35,720,181.0,RUBILLARD AV N° PAIRS 11,,,Plein jour,En agglomération,Hors intersection,Pluie légère,Deux véhicules - côté,,,,,,,,,,,1,2,1,2,3
200500059625,0005-09-27 18:30:00,5,9,27,18,30,720,181.0,DEMORIEUX PAIRS><ROCADE,,,Plein jour,En agglomération,Hors intersection,Pluie légère,Deux véhicules - côté,,,,,,,,,,,1,2,1,2,3
200500059626,0005-09-30 21:45:00,5,9,30,21,45,720,181.0,LIBERATION (AV DE LA) N°,,,Nuit avec éclairage allumé,En agglomération,Hors intersection,Pluie légère,Deux véhicules - côté,,,,,,,,,,,5,2,1,2,3
200500059627,0005-09-02 10:55:00,5,9,2,10,55,730,8.0,"32, INNOCENT SAINT ROUTE",,,Plein jour,En agglomération,Hors intersection,Normale,Trois véhicules et plus - en chaîne,,,,,,,,,,,1,2,1,1,4
200500059628,0005-09-13 16:11:00,5,9,13,16,11,730,8.0,"1500, LEPIC BOULEVARD",,,Plein jour,En agglomération,Hors intersection,Normale,Deux véhicules - arrière,,,,,,,,,,,1,2,1,1,2
200500059629,0005-09-28 21:20:00,5,9,28,21,20,730,8.0,GRAND PORT (RONDEAU) AVE,,,Nuit avec éclairage allumé,En agglomération,Hors intersection,Normale,Deux véhicules - arrière,,,,,,,,,,,5,2,1,1,2
200500059630,0005-09-07 21:35:00,5,9,7,21,35,730,11.0,COTY (RUE PRESIDENT),,,Nuit avec éclairage allumé,En agglomération,Intersection en X,Normale,Deux véhicules - côté,,,,,,,,,,,5,2,2,1,3
200500059631,0005-09-19 13:35:00,5,9,19,13,35,730,11.0,"12, CHAUTEMPS (RUE FELIX",,,Plein jour,En agglomération,Hors intersection,Pluie légère,Deux véhicules - frontale,,,,,,,,,,,1,2,1,2,1
200500059632,0005-09-25 18:30:00,5,9,25,18,30,730,11.0,ALLOBROGES (QUAI DES),,,Plein jour,En agglomération,Intersection en T,Normale,Deux véhicules - frontale,,,,,,,,,,,1,2,3,1,1
200500059633,0005-09-02 12:00:00,5,9,2,12,0,730,65.0,"0.001, DESFRANCOIS (AVEN",,,Plein jour,En agglomération,Giratoire,Normale,Deux véhicules - côté,,,,,,,,,,,1,2,6,1,3
200500059634,0005-09-03 20:10:00,5,9,3,20,10,730,65.0,"0.001, CHARMETTES (CHEMI",,,Crépuscule ou aube,En agglomération,Hors intersection,Normale,Deux véhicules - frontale,,,,,,,,,,,2,2,1,1,1
200500059635,0005-09-10 18:30:00,5,9,10,18,30,730,65.0,"0.001, JAURES JEAN (AVEN",,,Plein jour,En agglomération,Hors intersection,Pluie légère,Sans collision,,,,,,,,,,,1,2,1,2,7
200500059636,0005-09-16 15:10:00,5,9,16,15,10,730,65.0,"0.001, CHARVET FRANCOIS",,,Plein jour,En agglomération,Intersection en T,Normale,Deux véhicules - côté,,,,,,,,,,,1,2,3,1,3
200500059637,0005-09-16 13:20:00,5,9,16,13,20,730,65.0,"0.001, GAMBETTA LEON (BO",,,Plein jour,En agglomération,Intersection en X,Normale,Deux véhicules - côté,,,,,,,,,,,1,2,2,1,3
200500059638,0005-09-17 11:28:00,5,9,17,11,28,730,65.0,"0.001, SAINT ANTOINE (RU",,,Plein jour,En agglomération,Intersection en X,Normale,Sans collision,,,,,,,,,,,1,2,2,1,7
200500059639,0005-09-15 17:14:00,5,9,15,17,14,730,65.0,"0.001, MONTMELIAN (FAUFO",,,Plein jour,En agglomération,Intersection à plus de 4 branches,Temps éblouissant,Deux véhicules - côté,,,,,,,,,,,1,2,5,7,3
200500059640,0005-09-01 10:30:00,5,9,1,10,30,740,93.0,CREUSES (ROUTE DES),,,Plein jour,En agglomération,Hors intersection,Normale,Autre collision,,,,,,,,,,,1,2,1,1,6
200500059641,0005-09-01 15:54:00,5,9,1,15,54,740,10.0,PLAINE (AVENUE DE LA),,,Plein jour,En agglomération,Intersection en T,Normale,Autre collision,,,,,,,,,,,1,2,3,1,6
200500059642,0005-09-15 23:03:00,5,9,15,23,3,740,10.0,TOURNETTE (PLACE DE LA/P,,,Nuit avec éclairage allumé,En agglomération,Intersection en T,Normale,Deux véhicules - côté,,,,,,,,,,,5,2,3,1,3
200500059643,0005-09-15 17:10:00,5,9,15,17,10,740,10.0,LYCEE (BOULEVARD DU)(BRO,,,Plein jour,En agglomération,Giratoire,Normale,Autre collision,,,,,,,,,,,1,2,6,1,6
200500059644,0005-09-16 16:50:00,5,9,16,16,50,740,10.0,LOVERCHY (CIMETIERE/AVEN,,,Plein jour,En agglomération,Intersection en X,Normale,Autre collision,,,,,,,,,,,1,2,2,1,6
200500059645,0005-09-20 09:00:00,5,9,20,9,0,740,10.0,"8 bis, CRAN (AVENUE DE)",,,Plein jour,En agglomération,Hors intersection,Normale,Autre collision,,,,,,,,,,,1,2,1,1,6
200500059646,0005-09-23 03:30:00,5,9,23,3,30,740,10.0,"20, ROCADE (BOULEVARD DE",,,Nuit avec éclairage allumé,En agglomération,Hors intersection,Normale,Autre collision,,,,,,,,,,,5,2,1,1,6
200500059647,0005-09-22 08:45:00,5,9,22,8,45,740,10.0,BARON PIERRE DE COUBERTI,,,Plein jour,En agglomération,Hors intersection,Normale,Autre collision,,,,,,,,,,,1,2,1,1,6
200500059648,0005-09-22 14:35:00,5,9,22,14,35,740,10.0,PERIMETRE (ROUTE DU),,,Plein jour,En agglomération,Hors intersection,Normale,Autre collision,,,,,,,,,,,1,2,1,1,6
200500059649,0005-09-27 08:00:00,5,9,27,8,0,740,10.0,LYCEE (BOULEVARD DU)(BRO,,,Plein jour,En agglomération,Giratoire,Normale,Autre collision,,,,,,,,,,,1,2,6,1,6
200500059650,0005-09-02 10:00:00,5,9,2,10,0,740,133.0,LIBERATION (RUE DE LA),,,Plein jour,En agglomération,Hors intersection,Normale,Deux véhicules - côté,,,,,,,,,,,1,2,1,1,3
200500059651,0005-09-04 21:15:00,5,9,4,21,15,740,8.0,HELVETIE (RUE DE L'),,,Nuit avec éclairage allumé,En agglomération,Intersection en X,Normale,Deux véhicules - côté,,,,,,,,,,,5,2,2,1,3
200500059652,0005-09-06 23:00:00,5,9,6,23,0,740,133.0,GENEVE (RUE DE),,,Nuit avec éclairage allumé,En agglomération,Intersection en T,Normale,Deux véhicules - côté,,,,,,,,,,,5,2,3,1,3
200500059653,0005-09-10 15:50:00,5,9,10,15,50,740,133.0,GENEVE (RUE DE),,,Plein jour,En agglomération,Hors intersection,Normale,Sans collision,,,,,,,,,,,1,2,1,1,7
200500059654,0005-09-28 17:00:00,5,9,28,17,0,740,133.0,VERNAZ (RUE DE),,,Plein jour,En agglomération,Intersection en X,Normale,Sans collision,,,,,,,,,,,1,2,2,1,7
200500059655,0005-09-01 21:20:00,5,9,1,21,20,740,218.0,PAYS DE GAVOT (ROUTE DU),,,Nuit avec éclairage allumé,En agglomération,Intersection en T,Normale,Deux véhicules - côté,,,,,,,,,,,5,2,3,1,3
200500059656,0005-09-07 10:45:00,5,9,7,10,45,740,281.0,"0, CLOS BANDERET (AVENUE",,,Plein jour,En agglomération,Intersection en X,Normale,Deux véhicules - côté,,,,,,,,,,,1,2,2,1,3
200500059657,0005-09-08 12:10:00,5,9,8,12,10,740,281.0,"0, SAINT DISDILLE (AVENU",,,Plein jour,En agglomération,Hors intersection,Normale,Deux véhicules - côté,,,,,,,,,,,1,2,1,1,3
200500059658,0005-09-10 16:11:00,5,9,10,16,11,740,218.0,RIVE (AVENUE DE LA)  RN5,,,Plein jour,Hors agglomération,Hors intersection,Normale,Trois véhicules et plus - collisions multiples,,,,,,,,,,,1,1,1,1,5
200500059659,0005-09-10 12:40:00,5,9,10,12,40,740,218.0,PAYS DE GAVOT (ROUTE DU),,,Plein jour,En agglomération,Intersection en Y,Normale,Deux véhicules - côté,,,,,,,,,,,1,2,4,1,3
200500059660,0005-09-24 15:55:00,5,9,24,15,55,740,200.0,MILLY (AVENUE DE),,,Plein jour,En agglomération,Intersection en X,Normale,Deux véhicules - côté,,,,,,,,,,,1,2,2,1,3
200500059661,0005-09-27 14:30:00,5,9,27,14,30,740,218.0,"0, DRANSE (RUE DU PONT D",,,Plein jour,En agglomération,Hors intersection,Normale,Deux véhicules - arrière,,,,,,,,,,,1,2,1,1,2
200500059662,0005-09-07 18:00:00,5,9,7,18,0,750,20.0,56 R DES COURONNES,,,Plein jour,En agglomération,Hors intersection,Normale,Autre collision,,,,,,,,,,,1,2,1,1,6
200500059663,0005-09-01 07:50:00,5,9,1,7,50,750,12.0,66 AV DES MINIMES,,,Plein jour,En agglomération,Hors intersection,Normale,Autre collision,,,,,,,,,,,1,2,1,1,6
200500059664,0005-09-01 07:40:00,5,9,1,7,40,750,16.0,CHE CEINTURE LAC INF RTE,,,Plein jour,En agglomération,Intersection en T,Temps couvert,Sans collision,,,,,,,,,,,1,2,3,8,7
200500059665,0005-09-02 20:00:00,5,9,2,20,0,750,13.0,R CHATEAU DES RENTIERS B,,,Plein jour,En agglomération,Intersection en X,Normale,Autre collision,,,,,,,,,,,1,2,2,1,6
200500059666,0005-09-05 09:40:00,5,9,5,9,40,750,7.0,QU A FRANCE PL H DE MONT,,,Plein jour,En agglomération,Intersection en X,Normale,Deux véhicules - côté,,,,,,,,,,,1,2,2,1,3
200500059667,0005-09-01 14:20:00,5,9,1,14,20,750,11.0,AV DE LA REPUBLIQUE R DE,,,Plein jour,En agglomération,Intersection en T,Normale,Deux véhicules - frontale,,,,,,,,,,,1,2,3,1,1
200500059668,0005-09-05 09:50:00,5,9,5,9,50,750,1.0,Q DES ORFEVRES PT SAINT,,,Plein jour,En agglomération,Intersection en X,Normale,Deux véhicules - côté,,,,,,,,,,,1,2,2,1,3
200500059669,0005-09-05 16:45:00,5,9,5,16,45,750,16.0,AV PAUL DOUMER R DE LA P,,,Plein jour,En agglomération,Intersection en X,Normale,Deux véhicules - arrière,,,,,,,,,,,1,2,2,1,2
200500059670,0005-09-06 09:15:00,5,9,6,9,15,750,6.0,R DE L EPERON R SUGER,,,Plein jour,En agglomération,Intersection en T,Normale,Autre collision,,,,,,,,,,,1,2,3,1,6
200500059671,0005-09-06 20:05:00,5,9,6,20,5,750,15.0,BPI BRANCION PLAINE,,,Plein jour,En agglomération,Hors intersection,Normale,Deux véhicules - côté,,,,,,,,,,,1,2,1,1,3
200500059672,0005-09-07 13:50:00,5,9,7,13,50,750,6.0,122 R RENNES,,,Plein jour,En agglomération,Hors intersection,Normale,Autre collision,,,,,,,,,,,1,2,1,1,6
200500059673,0005-09-07 17:22:00,5,9,7,17,22,750,18.0,56 BD DE LA CHAPELLE,,,Plein jour,En agglomération,Hors intersection,Normale,Autre collision,,,,,,,,,,,1,2,1,1,6
200500059674,0005-09-07 17:50:00,5,9,7,17,50,750,2.0,BD BONNE NOUVELLE R POIS,,,Plein jour,En agglomération,Intersection en X,Normale,Sans collision,,,,,,,,,,,1,2,2,1,7
200500059675,0005-09-08 00:05:00,5,9,8,0,5,750,1.0,R SAINT FLORENTIN R SAIN,,,Nuit avec éclairage allumé,En agglomération,Intersection en X,Normale,Deux véhicules - côté,,,,,,,,,,,5,2,2,1,3
200500059676,0005-09-08 16:55:00,5,9,8,16,55,750,15.0,16 BD PASTEUR,,,Plein jour,En agglomération,Hors intersection,Normale,Autre collision,,,,,,,,,,,1,2,1,1,6
200500059677,0005-09-10 19:50:00,5,9,10,19,50,750,13.0,68 BD KELLERMANN,,,Plein jour,En agglomération,Hors intersection,Normale,Autre collision,,,,,,,,,,,1,2,1,1,6
200500059678,0005-09-11 23:20:00,5,9,11,23,20,750,10.0,168 R FG ST MARTIN,,,Nuit avec éclairage allumé,En agglomération,Hors intersection,Pluie forte,Autre collision,,,,,,,,,,,5,2,1,3,6
200500059679,0005-09-01 12:40:00,5,9,1,12,40,750,3.0,PL DE LA REPUBLIQUE R DU,,,Plein jour,En agglomération,Intersection en T,Normale,Deux véhicules - côté,,,,,,,,,,,1,2,3,1,3
200500059680,0005-09-01 17:55:00,5,9,1,17,55,750,6.0,BD SAINT MICHEL R SERPEN,,,Plein jour,En agglomération,Intersection en T,Normale,Autre collision,,,,,,,,,,,1,2,3,1,6
200500059681,0005-09-01 09:15:00,5,9,1,9,15,750,9.0,2 PL DE L OPERA,,,Plein jour,En agglomération,Hors intersection,Normale,Autre collision,,,,,,,,,,,1,2,1,1,6
200500059682,0005-09-01 22:10:00,5,9,1,22,10,750,9.0,18 R DE CHATEAUDUN,,,Nuit avec éclairage allumé,En agglomération,Hors intersection,Normale,Autre collision,,,,,,,,,,,5,2,1,1,6
200500059683,0005-09-01 14:55:00,5,9,1,14,55,750,10.0,BD DE MAGENTA BD DE STRA,,,Plein jour,En agglomération,Intersection en X,Normale,Deux véhicules - côté,,,,,,,,,,,1,2,2,1,3
200500059684,0005-09-01 09:35:00,5,9,1,9,35,750,10.0,64 BD DE MAGENTA,,,Plein jour,En agglomération,Hors intersection,Normale,Autre collision,,,,,,,,,,,1,2,1,1,6
200500059685,0005-09-01 07:50:00,5,9,1,7,50,750,12.0,RTE CEINTURE DU LAC AV D,,,Plein jour,En agglomération,Intersection en T,Temps couvert,Autre collision,,,,,,,,,,,1,2,3,8,6
200500059686,0005-09-01 11:10:00,5,9,1,11,10,750,12.0,14 AV PTE DE VINCENNES,,,Plein jour,En agglomération,Hors intersection,Temps couvert,Deux véhicules - côté,,,,,,,,,,,1,2,1,8,3
200500059687,0005-09-01 13:25:00,5,9,1,13,25,750,14.0,R BOULARD R CHARLES DIVR,,,Plein jour,En agglomération,Intersection en T,Normale,Autre collision,,,,,,,,,,,1,2,3,1,6
200500059688,0005-09-01 15:40:00,5,9,1,15,40,750,15.0,28 R ROSENWALD,,,Plein jour,En agglomération,Hors intersection,Normale,Sans collision,,,,,,,,,,,1,2,1,1,7
200500059689,0005-09-01 11:30:00,5,9,1,11,30,750,10.0,R LA FAYETTE R LOUIS BLA,,,Plein jour,En agglomération,Intersection en X,Normale,Deux véhicules - côté,,,,,,,,,,,1,2,2,1,3
200500059690,0005-09-01 22:50:00,5,9,1,22,50,750,12.0,R ABEL AV DAUMESNIL,,,Nuit avec éclairage allumé,En agglomération,Intersection en X,Normale,Deux véhicules - côté,,,,,,,,,,,5,2,2,1,3
200500059691,0005-09-01 07:30:00,5,9,1,7,30,750,15.0,R BRANCION R DE VOUILLE,,,Plein jour,En agglomération,Intersection en X,Pluie légère,Deux véhicules - côté,,,,,,,,,,,1,2,2,2,3
200500059692,0005-09-01 20:35:00,5,9,1,20,35,750,16.0,RTE GRANDE CASCADE ALL D,,,Nuit avec éclairage allumé,En agglomération,Intersection en T,Normale,Deux véhicules - côté,,,,,,,,,,,5,2,3,1,3
200500059693,0005-09-01 15:00:00,5,9,1,15,0,750,17.0,R LEBON BD PEREIRE,,,Plein jour,En agglomération,Intersection en X,Normale,Autre collision,,,,,,,,,,,1,2,2,1,6
200500059694,0005-09-01 00:10:00,5,9,1,0,10,750,19.0,70 BD MACDONALD,,,Nuit avec éclairage allumé,En agglomération,Hors intersection,Normale,Deux véhicules - côté,,,,,,,,,,,5,2,1,1,3
200500059695,0005-09-01 09:15:00,5,9,1,9,15,750,19.0,196 BD MACDONALD,,,Plein jour,En agglomération,Hors intersection,Normale,Deux véhicules - côté,,,,,,,,,,,1,2,1,1,3
200500059696,0005-09-01 14:45:00,5,9,1,14,45,750,20.0,1 BD MORTIER,,,Plein jour,En agglomération,Hors intersection,Normale,Deux véhicules - côté,,,,,,,,,,,1,2,1,1,3
200500059697,0005-09-02 13:25:00,5,9,2,13,25,750,8.0,20 R ST PETERSBOURG,,,Plein jour,En agglomération,Hors intersection,Normale,Deux véhicules - côté,,,,,,,,,,,1,2,1,1,3
200500059698,0005-09-02 12:36:00,5,9,2,12,36,750,9.0,R DE MOGADOR R DE PROVEN,,,Plein jour,En agglomération,Intersection en X,Normale,Deux véhicules - côté,,,,,,,,,,,1,2,2,1,3
200500059699,0005-09-02 18:25:00,5,9,2,18,25,750,12.0,L10051 RTE CEINTURE DU L,,,Plein jour,En agglomération,Hors intersection,Normale,Deux véhicules - côté,,,,,,,,,,,1,2,1,1,3
200500059700,0005-09-02 10:15:00,5,9,2,10,15,750,12.0,PL EDOUARD RENARD BD SOU,,,Plein jour,En agglomération,Intersection en X,Normale,Deux véhicules - côté,,,,,,,,,,,1,2,2,1,3
200500059701,0005-09-02 18:00:00,5,9,2,18,0,750,14.0,R D ALESIA R VERCINGETOR,,,Plein jour,En agglomération,Intersection en X,Normale,Autre collision,,,,,,,,,,,1,2,2,1,6
200500059702,0005-09-02 10:25:00,5,9,2,10,25,750,12.0,R BIGNON R DE CHARENTON,,,Plein jour,En agglomération,Intersection en T,Normale,Autre collision,,,,,,,,,,,1,2,3,1,6
200500059703,0005-09-02 23:20:00,5,9,2,23,20,750,14.0,R FROIDEVAUX R GASSENDI,,,Nuit avec éclairage allumé,En agglomération,Intersection en X,Normale,Deux véhicules - côté,,,,,,,,,,,5,2,2,1,3
200500059704,0005-09-02 11:00:00,5,9,2,11,0,750,15.0,3 R COLONEL P AVIA,,,Plein jour,En agglomération,Hors intersection,Normale,Autre collision,,,,,,,,,,,1,2,1,1,6
200500059705,0005-09-02 11:45:00,5,9,2,11,45,750,16.0,AV VICTOR HUGO VLA VICTO,,,Plein jour,En agglomération,Intersection en T,Normale,Deux véhicules - côté,,,,,,,,,,,1,2,3,1,3
200500059706,0005-09-02 13:50:00,5,9,2,13,50,750,17.0,ECH MAILLOT PL PORTE MAI,,,Plein jour,En agglomération,Intersection en T,Normale,Deux véhicules - côté,,,,,,,,,,,1,2,3,1,3
200500059707,0005-09-02 09:45:00,5,9,2,9,45,750,18.0,ECH CHAPELLE AV PTE LA C,,,Plein jour,En agglomération,Intersection en T,Normale,Deux véhicules - arrière,,,,,,,,,,,1,2,3,1,2
200500059708,0005-09-02 04:10:00,5,9,2,4,10,750,18.0,R EUGENE CARRIERE R LAMA,,,Nuit avec éclairage allumé,En agglomération,Intersection en X,Normale,Deux véhicules - côté,,,,,,,,,,,5,2,2,1,3
200500059709,0005-09-02 21:30:00,5,9,2,21,30,750,20.0,38 BD MORTIER,,,Crépuscule ou aube,En agglomération,Hors intersection,Normale,Sans collision,,,,,,,,,,,2,2,1,1,7
200500059710,0005-09-03 07:00:00,5,9,3,7,0,750,9.0,R DE DOUAI R J BAPT PIGA,,,Plein jour,En agglomération,Intersection en X,Normale,Autre collision,,,,,,,,,,,1,2,2,1,6
200500059711,0005-09-03 18:05:00,5,9,3,18,5,750,5.0,R DANTE R SAINT JACQUES,,,Plein jour,En agglomération,Intersection à plus de 4 branches,Normale,Deux véhicules - côté,,,,,,,,,,,1,2,5,1,3
200500059712,0005-09-03 04:55:00,5,9,3,4,55,750,13.0,BD AUGUSTE BLANQUI R DE,,,Nuit avec éclairage allumé,En agglomération,Intersection en X,Normale,Deux véhicules - arrière,,,,,,,,,,,5,2,2,1,2
200500059713,0005-09-03 15:50:00,5,9,3,15,50,750,10.0,R AMBROISE PARE BD DE MA,,,Plein jour,En agglomération,Intersection en T,Normale,Deux véhicules - côté,,,,,,,,,,,1,2,3,1,3
200500059714,0005-09-03 12:35:00,5,9,3,12,35,750,11.0,PL PASDELOUP BD DU TEMPL,,,Plein jour,En agglomération,Intersection en X,Normale,Deux véhicules - côté,,,,,,,,,,,1,2,2,1,3
200500059715,0005-09-03 10:45:00,5,9,3,10,45,750,11.0,PL DE LA NATION BD VOLTA,,,Plein jour,En agglomération,Intersection en X,Normale,Deux véhicules - côté,,,,,,,,,,,1,2,2,1,3
200500059716,0005-09-03 14:15:00,5,9,3,14,15,750,13.0,AV D ITALIE R DU MOULINE,,,Plein jour,En agglomération,Intersection en T,Normale,Deux véhicules - côté,,,,,,,,,,,1,2,3,1,3
200500059717,0005-09-03 16:33:00,5,9,3,16,33,750,13.0,23 BD MASSENA,,,Plein jour,En agglomération,Hors intersection,Normale,Deux véhicules - côté,,,,,,,,,,,1,2,1,1,3
200500059718,0005-09-03 19:00:00,5,9,3,19,0,750,16.0,BD LANNES AV DE POLOGNE,,,Plein jour,En agglomération,Intersection en T,Normale,Deux véhicules - arrière,,,,,,,,,,,1,2,3,1,2
200500059719,0005-09-03 13:25:00,5,9,3,13,25,750,17.0,R DULONG R LEGENDRE,,,Plein jour,En agglomération,Intersection en X,Normale,Autre collision,,,,,,,,,,,1,2,2,1,6
200500059720,0005-09-03 15:05:00,5,9,3,15,5,750,17.0,PL CH DE GAULLE AV MAC M,,,Plein jour,En agglomération,Intersection en T,Normale,Deux véhicules - côté,,,,,,,,,,,1,2,3,1,3
200500059721,0005-09-03 02:35:00,5,9,3,2,35,750,18.0,R ETIENNE JODELLE AV DE,,,Nuit avec éclairage allumé,En agglomération,Intersection en T,Normale,Deux véhicules - côté,,,,,,,,,,,5,2,3,1,3
200500059722,0005-09-03 13:00:00,5,9,3,13,0,750,19.0,AV P AUBERVILLIERS BD MA,,,Plein jour,En agglomération,Intersection en X,Normale,Autre collision,,,,,,,,,,,1,2,2,1,6
200500059723,0005-09-03 19:50:00,5,9,3,19,50,750,20.0,30 R BELGRAND,,,Plein jour,En agglomération,Hors intersection,Normale,Trois véhicules et plus - en chaîne,,,,,,,,,,,1,2,1,1,4
200500059724,0005-09-03 16:50:00,5,9,3,16,50,750,20.0,134 R D AVRON,,,Plein jour,En agglomération,Hors intersection,Normale,Deux véhicules - côté,,,,,,,,,,,1,2,1,1,3
200500059725,0005-09-03 15:50:00,5,9,3,15,50,750,20.0,R DE LAGNY R DES PYRENEE,,,Plein jour,En agglomération,Intersection en X,Normale,Autre collision,,,,,,,,,,,1,2,2,1,6
200500059726,0005-09-04 17:35:00,5,9,4,17,35,750,2.0,26 R SAINT AUGUSTIN,,,Plein jour,En agglomération,Hors intersection,Normale,Autre collision,,,,,,,,,,,1,2,1,1,6
200500059727,0005-09-16 16:37:00,5,9,16,16,37,750,7.0,BD DES INVALIDES,,,Plein jour,En agglomération,Hors intersection,Normale,Autre collision,,,,,,,,,,,1,2,1,1,6
200500059728,0005-09-17 06:45:00,5,9,17,6,45,750,18.0,BPI ST OUEN CLIGNANCOURT,,,Crépuscule ou aube,En agglomération,Hors intersection,Normale,Deux véhicules - arrière,,,,,,,,,,,2,2,1,1,2
200500059729,0005-09-17 11:50:00,5,9,17,11,50,750,13.0,74 AV ITALIE,,,Plein jour,En agglomération,Hors intersection,Normale,Autre collision,,,,,,,,,,,1,2,1,1,6
200500059730,0005-09-17 23:35:00,5,9,17,23,35,750,17.0,9 AV DE CLICHY,,,Nuit avec éclairage allumé,En agglomération,Hors intersection,Normale,Autre collision,,,,,,,,,,,5,2,1,1,6