accident_id,datetime,annee,mois,jour,heure,minute,departement,commune_insee,adresse,latitude,longitude,luminosite,agglomeration,intersection,meteo,collision,nb_vehicules,nb_usagers,nb_indemnes,nb_tues,nb_blesses_hosp,nb_blesses_legers,age_cond_1,age_cond_2,veh_type_cond_1,veh_type_cond_2,lum_code,agg_code,int_code,atm_code,col_code
200500059731,0005-09-18 09:45:00,5,9,18,9,45,750,9.0,38 BD DES ITALIENS,,,Plein jour,En agglomération,Hors intersection,Normale,Deux véhicules - arrière,,,,,,,,,,,1,2,1,1,2
200500059732,0005-09-18 20:20:00,5,9,18,20,20,750,9.0,R MOGADOR R DE LA VICTOI,,,Plein jour,En agglomération,Intersection en X,Normale,Deux véhicules - côté,,,,,,,,,,,1,2,2,1,3
200500059733,0005-09-04 23:50:00,5,9,4,23,50,750,7.0,L5864 VERG PT ROYAL PT D,,,Nuit avec éclairage allumé,En agglomération,Hors intersection,Normale,Deux véhicules - arrière,,,,,,,,,,,5,2,1,1,2
200500059734,0005-09-04 14:07:00,5,9,4,14,7,750,5.0,R DES ECOLES  R MONGE,,,Plein jour,En agglomération,Intersection en X,Normale,Sans collision,,,,,,,,,,,1,2,2,1,7
200500059735,0005-09-04 21:00:00,5,9,4,21,0,750,4.0,R DE LA CITE  PL DU PARV,,,Nuit avec éclairage allumé,En agglomération,Intersection en T,Normale,Deux véhicules - côté,,,,,,,,,,,5,2,3,1,3
200500059736,0005-09-04 17:45:00,5,9,4,17,45,750,4.0,R DU PETIT MUSC R SAINT,,,Plein jour,En agglomération,Intersection en X,Normale,Autre collision,,,,,,,,,,,1,2,2,1,6
200500059737,0005-09-04 17:00:00,5,9,4,17,0,750,10.0,BD DE LA CHAPELLE R DE M,,,Plein jour,En agglomération,Intersection en T,Normale,Autre collision,,,,,,,,,,,1,2,3,1,6
200500059738,0005-09-04 18:35:00,5,9,4,18,35,750,10.0,BD DE MAGENTA BD DE STRA,,,Plein jour,En agglomération,Intersection en X,Normale,Deux véhicules - côté,,,,,,,,,,,1,2,2,1,3
200500059739,0005-09-04 17:50:00,5,9,4,17,50,750,11.0,R DE CHARONNE BD VOLTAIR,,,Plein jour,En agglomération,Intersection en X,Normale,Deux véhicules - côté,,,,,,,,,,,1,2,2,1,3
200500059740,0005-09-04 11:30:00,5,9,4,11,30,750,16.0,L14589 RTE DES TRIBUNES,,,Plein jour,En agglomération,Hors intersection,Normale,Trois véhicules et plus - en chaîne,,,,,,,,,,,1,2,1,1,4
200500059741,0005-09-04 15:10:00,5,9,4,15,10,750,16.0,L11165 AV PTE DE ST CLOU,,,Plein jour,En agglomération,Hors intersection,Normale,Deux véhicules - côté,,,,,,,,,,,1,2,1,1,3
200500059742,0005-09-04 17:35:00,5,9,4,17,35,750,17.0,R DE COURCELLES AV S MAL,,,Plein jour,En agglomération,Intersection en X,Normale,Autre collision,,,,,,,,,,,1,2,2,1,6
200500059743,0005-09-04 15:10:00,5,9,4,15,10,750,17.0,8 AV PORTE DE CLICHY,,,Plein jour,En agglomération,Hors intersection,Normale,Deux véhicules - côté,,,,,,,,,,,1,2,1,1,3
200500059744,0005-09-04 16:40:00,5,9,4,16,40,750,20.0,L4933 AV CARTELLIER,,,Plein jour,En agglomération,Hors intersection,Normale,Autre collision,,,,,,,,,,,1,2,1,1,6
200500059745,0005-09-05 11:55:00,5,9,5,11,55,750,3.0,64 R BEAUBOURG,,,Plein jour,En agglomération,Hors intersection,Normale,Autre collision,,,,,,,,,,,1,2,1,1,6
200500059746,0005-09-05 14:20:00,5,9,5,14,20,750,4.0,4 R DES ROSIERS,,,Plein jour,En agglomération,Hors intersection,Normale,Sans collision,,,,,,,,,,,1,2,1,1,7
200500059747,0005-09-05 02:40:00,5,9,5,2,40,750,7.0,R SAINT DOMINIQUE BD LA,,,Nuit avec éclairage allumé,En agglomération,Intersection en X,Normale,Sans collision,,,,,,,,,,,5,2,2,1,7
200500059748,0005-09-06 19:20:00,5,9,6,19,20,750,10.0,86 Q DE JEMMAPES,,,Plein jour,En agglomération,Hors intersection,Normale,Deux véhicules - arrière,,,,,,,,,,,1,2,1,1,2
200500059749,0005-09-05 18:10:00,5,9,5,18,10,750,11.0,40 AV DE LA REPUBLIQUE,,,Plein jour,En agglomération,Hors intersection,Temps couvert,Autre collision,,,,,,,,,,,1,2,1,8,6
200500059750,0005-09-05 16:20:00,5,9,5,16,20,750,11.0,32 BD DU TEMPLE,,,Plein jour,En agglomération,Hors intersection,Temps couvert,Deux véhicules - côté,,,,,,,,,,,1,2,1,8,3
200500059751,0005-09-06 12:55:00,5,9,6,12,55,750,12.0,PASS BRULON R CROZATIER,,,Plein jour,En agglomération,Intersection en Y,Temps couvert,Sans collision,,,,,,,,,,,1,2,4,8,7
200500059752,0005-09-05 09:30:00,5,9,5,9,30,750,12.0,AV DE SAINT MANDE R DE L,,,Plein jour,En agglomération,Intersection à plus de 4 branches,Normale,Deux véhicules - côté,,,,,,,,,,,1,2,5,1,3
200500059753,0005-09-06 13:25:00,5,9,6,13,25,750,13.0,18 R RAYMOND ARON,,,Plein jour,En agglomération,Hors intersection,Normale,Autre collision,,,,,,,,,,,1,2,1,1,6
200500059754,0005-09-06 07:50:00,5,9,6,7,50,750,13.0,L12717 AV BOUTROUX,,,Plein jour,En agglomération,Hors intersection,Pluie légère,Autre collision,,,,,,,,,,,1,2,1,2,6
200500059755,0005-09-06 23:35:00,5,9,6,23,35,750,13.0,AV DE CHOISY  BD MASSENA,,,Nuit avec éclairage allumé,En agglomération,Intersection en X,Normale,Autre collision,,,,,,,,,,,5,2,2,1,6
200500059756,0005-09-06 20:20:00,5,9,6,20,20,750,13.0,R COYPEL AV DES GOBELINS,,,Plein jour,En agglomération,Intersection en T,Normale,Deux véhicules - côté,,,,,,,,,,,1,2,3,1,3
200500059757,0005-09-19 22:50:00,5,9,19,22,50,750,9.0,R CHAUSSEE D ANTIN PL ES,,,Nuit avec éclairage allumé,En agglomération,Intersection en X,Normale,Deux véhicules - côté,,,,,,,,,,,5,2,2,1,3
200500059758,0005-09-20 12:35:00,5,9,20,12,35,750,4.0,R RIVOLI R F DUVAL,,,Plein jour,En agglomération,Intersection en X,Normale,Deux véhicules - côté,,,,,,,,,,,1,2,2,1,3
200500059759,0005-09-06 17:35:00,5,9,6,17,35,750,13.0,AV DE CHOISY AV EDISON,,,Plein jour,En agglomération,Intersection en T,Normale,Autre collision,,,,,,,,,,,1,2,3,1,6
200500059760,0005-09-05 16:55:00,5,9,5,16,55,750,14.0,6 R LOUIS MORARD,,,Plein jour,En agglomération,Hors intersection,Normale,Autre collision,,,,,,,,,,,1,2,1,1,6
200500059761,0005-09-05 13:45:00,5,9,5,13,45,750,16.0,L9110 ALL DE LONGCHAMP,,,Plein jour,En agglomération,Hors intersection,Normale,Deux véhicules - arrière,,,,,,,,,,,1,2,1,1,2
200500059762,0005-09-05 11:20:00,5,9,5,11,20,750,16.0,34 BD SUCHET,,,Plein jour,En agglomération,Hors intersection,Normale,Deux véhicules - côté,,,,,,,,,,,1,2,1,1,3
200500059763,0005-09-06 12:30:00,5,9,6,12,30,750,17.0,BD DE COURCELLES PL REP,,,Plein jour,En agglomération,Intersection en T,Temps couvert,Deux véhicules - côté,,,,,,,,,,,1,2,3,8,3
200500059764,0005-09-05 19:50:00,5,9,5,19,50,750,17.0,R DES EPINETTES PASS POU,,,Plein jour,En agglomération,Intersection en T,Normale,Autre collision,,,,,,,,,,,1,2,3,1,6
200500059765,0005-09-06 10:00:00,5,9,6,10,0,750,17.0,66 R LAUGIER,,,Plein jour,En agglomération,Hors intersection,Pluie légère,Sans collision,,,,,,,,,,,1,2,1,2,7
200500059766,0005-09-05 17:55:00,5,9,5,17,55,750,18.0,BD DE LA CHAPELLE R MARX,,,Plein jour,En agglomération,Intersection en X,Normale,Autre collision,,,,,,,,,,,1,2,2,1,6
200500059767,0005-09-06 14:30:00,5,9,6,14,30,750,18.0,20 R MARX DORMOY,,,Plein jour,En agglomération,Hors intersection,Normale,Deux véhicules - côté,,,,,,,,,,,1,2,1,1,3
200500059768,0005-09-05 17:50:00,5,9,5,17,50,750,20.0,R DE LA PLAINE R DES PYR,,,Plein jour,En agglomération,Intersection en X,Normale,Autre collision,,,,,,,,,,,1,2,2,1,6
200500059769,0005-09-05 16:20:00,5,9,5,16,20,750,20.0,162 R DES PYRENEES,,,Plein jour,En agglomération,Hors intersection,Normale,Autre collision,,,,,,,,,,,1,2,1,1,6
200500059770,0005-09-05 19:30:00,5,9,5,19,30,750,20.0,L5106 AV IBSEN,,,Plein jour,En agglomération,Hors intersection,Normale,Autre collision,,,,,,,,,,,1,2,1,1,6
200500059771,0005-09-06 17:50:00,5,9,6,17,50,750,5.0,34 R MOUFFETARD,,,Plein jour,En agglomération,Hors intersection,Normale,Autre collision,,,,,,,,,,,1,2,1,1,6
200500059772,0005-09-06 16:55:00,5,9,6,16,55,750,12.0,174 R DE CHARENTON,,,Plein jour,En agglomération,Hors intersection,Normale,Autre collision,,,,,,,,,,,1,2,1,1,6
200500059773,0005-09-06 09:00:00,5,9,6,9,0,750,15.0,40 R DE VOUILLE,,,Plein jour,En agglomération,Hors intersection,Pluie légère,Autre collision,,,,,,,,,,,1,2,1,2,6
200500059774,0005-09-07 19:30:00,5,9,7,19,30,750,1.0,PL ANDRE MALRAUX AV DE L,,,Plein jour,En agglomération,Intersection en X,Normale,Deux véhicules - côté,,,,,,,,,,,1,2,2,1,3
200500059775,0005-09-20 17:10:00,5,9,20,17,10,750,19.0,R AUBERVILLIERS BD MAC D,,,Plein jour,En agglomération,Intersection en X,Normale,Autre collision,,,,,,,,,,,1,2,2,1,6
200500059776,0005-09-20 18:15:00,5,9,20,18,15,750,6.0,R D ASSAS R VAVIN,,,Plein jour,En agglomération,Intersection en X,Normale,Autre collision,,,,,,,,,,,1,2,2,1,6
200500059777,0005-09-20 21:20:00,5,9,20,21,20,750,11.0,R OBERKAMPF BD VOLTAIRE,,,Nuit avec éclairage allumé,En agglomération,Intersection en X,Normale,Deux véhicules - arrière,,,,,,,,,,,5,2,2,1,2
200500059778,0005-09-21 03:20:00,5,9,21,3,20,750,16.0,ALL BORD DE L EAU,,,Nuit avec éclairage allumé,En agglomération,Hors intersection,Normale,Autre collision,,,,,,,,,,,5,2,1,1,6
200500059779,0005-09-07 18:15:00,5,9,7,18,15,750,5.0,34 BD DE L HOPITAL,,,Plein jour,En agglomération,Hors intersection,Normale,Sans collision,,,,,,,,,,,1,2,1,1,7
200500059780,0005-09-07 13:16:00,5,9,7,13,16,750,6.0,BD RASPAIL R DE RENNES,,,Plein jour,En agglomération,Intersection en X,Normale,Deux véhicules - côté,,,,,,,,,,,1,2,2,1,3
200500059781,0005-09-07 21:15:00,5,9,7,21,15,750,8.0,20 R DE ROME,,,Plein jour,En agglomération,Hors intersection,Normale,Deux véhicules - frontale,,,,,,,,,,,1,2,1,1,1
200500059782,0005-09-07 17:15:00,5,9,7,17,15,750,8.0,AV F ROOSEVELT CRS LA RE,,,Plein jour,En agglomération,Intersection en X,Normale,Deux véhicules - arrière,,,,,,,,,,,1,2,2,1,2
200500059783,0005-09-21 14:40:00,5,9,21,14,40,750,19.0,6 R RIQUET,,,Plein jour,En agglomération,Hors intersection,Normale,Deux véhicules - côté,,,,,,,,,,,1,2,1,1,3
200500059784,0005-09-22 07:30:00,5,9,22,7,30,750,6.0,122 R DE RENNES,,,Plein jour,En agglomération,Hors intersection,Normale,Autre collision,,,,,,,,,,,1,2,1,1,6
200500059785,0005-09-07 19:35:00,5,9,7,19,35,750,13.0,R BOBILLOT R MARTIN BERN,,,Nuit avec éclairage allumé,En agglomération,Intersection en Y,Normale,Autre collision,,,,,,,,,,,5,2,4,1,6
200500059786,0005-09-07 17:45:00,5,9,7,17,45,750,14.0,18 AV MARC SANGNIER,,,Plein jour,En agglomération,Hors intersection,Normale,Autre collision,,,,,,,,,,,1,2,1,1,6
200500059787,0005-09-07 18:45:00,5,9,7,18,45,750,15.0,R ANDRE GIDE,,,Plein jour,En agglomération,Hors intersection,Normale,Autre collision,,,,,,,,,,,1,2,1,1,6
200500059788,0005-09-07 23:30:00,5,9,7,23,30,750,15.0,BD DU MONTPARNASSE R DE,,,Nuit avec éclairage allumé,En agglomération,Autre intersection,Normale,Deux véhicules - côté,,,,,,,,,,,5,2,9,1,3
200500059789,0005-09-07 12:00:00,5,9,7,12,0,750,16.0,118 BD SUCHET,,,Plein jour,En agglomération,Hors intersection,Normale,Autre collision,,,,,,,,,,,1,2,1,1,6
200500059790,0005-09-07 15:10:00,5,9,7,15,10,750,17.0,PL CH DE GAULLE AV DE WA,,,Plein jour,En agglomération,Intersection en T,Normale,Deux véhicules - côté,,,,,,,,,,,1,2,3,1,3
200500059791,0005-09-07 20:10:00,5,9,7,20,10,750,17.0,R BERZELIUS AV DE CLICHY,,,Nuit avec éclairage allumé,En agglomération,Intersection en T,Normale,Deux véhicules - côté,,,,,,,,,,,5,2,3,1,3
200500059792,0005-09-07 19:25:00,5,9,7,19,25,750,18.0,44 BD BARBES,,,Plein jour,En agglomération,Hors intersection,Normale,Autre collision,,,,,,,,,,,1,2,1,1,6
200500059793,0005-09-07 11:00:00,5,9,7,11,0,750,19.0,R DE CRIMEE R MANIN,,,Plein jour,En agglomération,Intersection en X,Normale,Autre collision,,,,,,,,,,,1,2,2,1,6
200500059794,0005-09-07 19:35:00,5,9,7,19,35,750,19.0,24 AV DE FLANDRE,,,Plein jour,En agglomération,Hors intersection,Normale,Autre collision,,,,,,,,,,,1,2,1,1,6
200500059795,0005-09-07 14:55:00,5,9,7,14,55,750,19.0,42 AV DE FLANDRE,,,Plein jour,En agglomération,Hors intersection,Normale,Autre collision,,,,,,,,,,,1,2,1,1,6
200500059796,0005-09-08 10:00:00,5,9,8,10,0,750,1.0,7 R DE TURBIGO,,,Plein jour,En agglomération,Hors intersection,Normale,Deux véhicules - arrière,,,,,,,,,,,1,2,1,1,2
200500059797,0005-09-08 13:45:00,5,9,8,13,45,750,2.0,R ETIENNE MARCEL R DE TU,,,Plein jour,En agglomération,Intersection en X,Normale,Deux véhicules - côté,,,,,,,,,,,1,2,2,1,3
200500059798,0005-09-08 19:40:00,5,9,8,19,40,750,4.0,R SAINT ANTOINE R DE TUR,,,Plein jour,En agglomération,Intersection en T,Normale,Deux véhicules - côté,,,,,,,,,,,1,2,3,1,3
200500059799,0005-09-08 18:50:00,5,9,8,18,50,750,6.0,PL JACQUES COPEAU BD SAI,,,Plein jour,En agglomération,Intersection en T,Normale,Deux véhicules - côté,,,,,,,,,,,1,2,3,1,3
200500059800,0005-09-08 08:50:00,5,9,8,8,50,750,7.0,AV DE TOURVILLE PL  VAUB,,,Plein jour,En agglomération,Intersection en Y,Normale,Deux véhicules - côté,,,,,,,,,,,1,2,4,1,3
200500059801,0005-09-08 19:20:00,5,9,8,19,20,750,8.0,AV CHAMPS ELYSEES AV DE,,,Plein jour,En agglomération,Intersection en T,Normale,Autre collision,,,,,,,,,,,1,2,3,1,6
200500059802,0005-09-08 15:20:00,5,9,8,15,20,750,8.0,R DARU R FG SAINT HONORE,,,Plein jour,En agglomération,Intersection en T,Normale,Autre collision,,,,,,,,,,,1,2,3,1,6
200500059803,0005-09-08 21:05:00,5,9,8,21,5,750,8.0,28 R DE COURCELLES,,,Nuit avec éclairage allumé,En agglomération,Hors intersection,Normale,Deux véhicules - côté,,,,,,,,,,,5,2,1,1,3
200500059804,0005-09-22 18:50:00,5,9,22,18,50,750,20.0,26 AV GAMBETTA,,,Plein jour,En agglomération,Hors intersection,Normale,Trois véhicules et plus - collisions multiples,,,,,,,,,,,1,2,1,1,5
200500059805,0005-09-03 13:25:00,5,9,3,13,25,750,11.0,R FG SAINT ANTOINE R FOR,,,Plein jour,En agglomération,Intersection en T,Normale,Deux véhicules - côté,,,,,,,,,,,1,2,3,1,3
200500059806,0005-09-05 19:49:00,5,9,5,19,49,750,8.0,42 AV PIERRE 1 SERBIE,,,Plein jour,En agglomération,Hors intersection,Normale,Trois véhicules et plus - en chaîne,,,,,,,,,,,1,2,1,1,4
200500059807,0005-09-23 11:00:00,5,9,23,11,0,750,9.0,PL DIAGHILEV BD HAUSSMAN,,,Plein jour,En agglomération,Intersection en X,Normale,Deux véhicules - côté,,,,,,,,,,,1,2,2,1,3
200500059808,0005-09-07 20:25:00,5,9,7,20,25,750,17.0,AV DE CLICHY R DES DAMES,,,Plein jour,En agglomération,Intersection en X,Normale,Trois véhicules et plus - en chaîne,,,,,,,,,,,1,2,2,1,4
200500059809,0005-09-08 11:40:00,5,9,8,11,40,750,9.0,R CONDORCET R RODIER,,,Plein jour,En agglomération,Intersection en X,Normale,Autre collision,,,,,,,,,,,1,2,2,1,6
200500059810,0005-09-23 14:55:00,5,9,23,14,55,750,13.0,BPE GARE BERCY,,,Plein jour,En agglomération,Hors intersection,Normale,Deux véhicules - arrière,,,,,,,,,,,1,2,1,1,2
200500059811,0005-09-08 16:20:00,5,9,8,16,20,750,10.0,R EUGENE VARLIN Q DE JEM,,,Plein jour,En agglomération,Intersection en X,Normale,Autre collision,,,,,,,,,,,1,2,2,1,6
200500059812,0005-09-08 18:09:00,5,9,8,18,9,750,10.0,10 BD DE DENAIN,,,Plein jour,En agglomération,Hors intersection,Normale,Autre collision,,,,,,,,,,,1,2,1,1,6
200500059813,0005-09-24 00:01:00,5,9,24,0,1,750,1.0,116 R DE RIVOLI,,,Nuit avec éclairage allumé,En agglomération,Hors intersection,Normale,Autre collision,,,,,,,,,,,5,2,1,1,6
200500059814,0005-09-25 06:10:00,5,9,25,6,10,750,19.0,AV PTE AUBERVILLIERS PL,,,Nuit avec éclairage allumé,En agglomération,Intersection en X,Normale,Trois véhicules et plus - collisions multiples,,,,,,,,,,,5,2,2,1,5
200500059815,0005-09-08 19:15:00,5,9,8,19,15,750,12.0,AV DE BEL AIR RTE DE LA,,,Plein jour,En agglomération,Intersection en Y,Normale,Autre collision,,,,,,,,,,,1,2,4,1,6
200500059816,0005-09-08 15:35:00,5,9,8,15,35,750,14.0,128 AV GENERAL LECLERC,,,Plein jour,En agglomération,Hors intersection,Normale,Autre collision,,,,,,,,,,,1,2,1,1,6
200500059817,0005-09-08 18:50:00,5,9,8,18,50,750,14.0,R D ARCUEIL R LIARD,,,Plein jour,En agglomération,Intersection à plus de 4 branches,Normale,Deux véhicules - côté,,,,,,,,,,,1,2,5,1,3
200500059818,0005-09-08 00:01:00,5,9,8,0,1,750,14.0,20 R CDT R MOUCHOTTE,,,Nuit avec éclairage allumé,En agglomération,Hors intersection,Normale,Deux véhicules - arrière,,,,,,,,,,,5,2,1,1,2
200500059819,0005-09-08 09:30:00,5,9,8,9,30,750,15.0,30 BD DE GRENELLE,,,Plein jour,En agglomération,Hors intersection,Normale,Deux véhicules - côté,,,,,,,,,,,1,2,1,1,3
200500059820,0005-09-08 01:50:00,5,9,8,1,50,750,16.0,2 AV DE NEW YORK,,,Nuit avec éclairage allumé,En agglomération,Hors intersection,Normale,Autre collision,,,,,,,,,,,5,2,1,1,6
200500059821,0005-09-08 19:00:00,5,9,8,19,0,750,11.0,R SAINT SEBASTIEN BD VOL,,,Plein jour,En agglomération,Intersection en T,Normale,Autre collision,,,,,,,,,,,1,2,3,1,6
200500059822,0005-09-08 10:37:00,5,9,8,10,37,750,17.0,90 R LAUGIER,,,Plein jour,En agglomération,Hors intersection,Normale,Deux véhicules - côté,,,,,,,,,,,1,2,1,1,3
200500059823,0005-09-08 16:35:00,5,9,8,16,35,750,18.0,AV PTE CLIGNANCOURT,,,Plein jour,En agglomération,Hors intersection,Normale,Autre collision,,,,,,,,,,,1,2,1,1,6
200500059824,0005-09-08 08:23:00,5,9,8,8,23,750,20.0,BD DAVOUT AV PTE DE  VIN,,,Plein jour,En agglomération,Intersection en X,Normale,Deux véhicules - côté,,,,,,,,,,,1,2,2,1,3
200500059825,0005-09-09 11:35:00,5,9,9,11,35,750,10.0,R LA FAYETTE R LOUIS BLA,,,Plein jour,En agglomération,Intersection en X,Normale,Deux véhicules - côté,,,,,,,,,,,1,2,2,1,3
200500059826,0005-09-09 00:30:00,5,9,9,0,30,750,16.0,PL CLEMENT ADER PT DE GR,,,Nuit avec éclairage allumé,En agglomération,Intersection en T,Normale,Autre collision,,,,,,,,,,,5,2,3,1,6
200500059827,0005-09-21 15:30:00,5,9,21,15,30,750,3.0,R BEAUBOURG R DE MONTMOR,,,Plein jour,En agglomération,Intersection en X,Normale,Deux véhicules - côté,,,,,,,,,,,1,2,2,1,3
200500059828,0005-09-21 08:40:00,5,9,21,8,40,750,2.0,6 R GRETRY,,,Plein jour,En agglomération,Hors intersection,Normale,Autre collision,,,,,,,,,,,1,2,1,1,6
200500059829,0005-09-11 19:45:00,5,9,11,19,45,750,13.0,BPI  IVRY ITALIE,,,Plein jour,En agglomération,Hors intersection,Normale,Trois véhicules et plus - en chaîne,,,,,,,,,,,1,2,1,1,4
200500059830,0005-09-27 09:50:00,5,9,27,9,50,750,8.0,30 AV MATIGNON,,,Plein jour,En agglomération,Hors intersection,Normale,Autre collision,,,,,,,,,,,1,2,1,1,6
200500059831,0005-09-27 09:50:00,5,9,27,9,50,750,7.0,AV DUQUESNE AV DE TOURVI,,,Plein jour,En agglomération,Intersection en X,Normale,Deux véhicules - côté,,,,,,,,,,,1,2,2,1,3
200500059832,0005-09-09 18:15:00,5,9,9,18,15,750,1.0,R COQ HERON R DU LOUVRE,,,Plein jour,En agglomération,Intersection en Y,Normale,Autre collision,,,,,,,,,,,1,2,4,1,6
200500059833,0005-09-09 19:17:00,5,9,9,19,17,750,5.0,114 R MONGE,,,Plein jour,En agglomération,Hors intersection,Normale,Autre collision,,,,,,,,,,,1,2,1,1,6
200500059834,0005-09-09 09:10:00,5,9,9,9,10,750,6.0,BD RASPAIL R VAVIN,,,Plein jour,En agglomération,Intersection en X,Normale,Sans collision,,,,,,,,,,,1,2,2,1,7
200500059835,0005-09-09 17:40:00,5,9,9,17,40,750,7.0,AV DE SEGUR AV DE TOURVI,,,Plein jour,En agglomération,Intersection en T,Normale,Deux véhicules - côté,,,,,,,,,,,1,2,3,1,3
200500059836,0005-09-09 21:07:00,5,9,9,21,7,750,8.0,12 AV MONTAIGNE,,,Nuit avec éclairage allumé,En agglomération,Hors intersection,Normale,Autre collision,,,,,,,,,,,5,2,1,1,6
200500059837,0005-09-09 18:40:00,5,9,9,18,40,750,9.0,PL KOSSUT R DE MAUBEUGE,,,Plein jour,En agglomération,Intersection en T,Temps couvert,Deux véhicules - côté,,,,,,,,,,,1,2,3,8,3
200500059838,0005-09-09 18:55:00,5,9,9,18,55,750,12.0,R ERNEST LACOSTE BD PONI,,,Plein jour,En agglomération,Intersection en X,Temps couvert,Autre collision,,,,,,,,,,,1,2,2,8,6
200500059839,0005-09-09 17:40:00,5,9,9,17,40,750,17.0,44 BD DES BATIGNOLLES,,,Plein jour,En agglomération,Hors intersection,Normale,Autre collision,,,,,,,,,,,1,2,1,1,6
200500059840,0005-09-09 19:15:00,5,9,9,19,15,750,17.0,R JOUFFR D ABBANS R DE P,,,Plein jour,En agglomération,Intersection en X,Normale,Deux véhicules - côté,,,,,,,,,,,1,2,2,1,3
200500059841,0005-09-09 13:50:00,5,9,9,13,50,750,19.0,R GRESSET R DE JOINVILLE,,,Plein jour,En agglomération,Intersection en T,Normale,Autre collision,,,,,,,,,,,1,2,3,1,6
200500059842,0005-09-09 15:10:00,5,9,9,15,10,750,2.0,R DE HANOVRE R DE LA MIC,,,Plein jour,En agglomération,Intersection en X,Normale,Deux véhicules - côté,,,,,,,,,,,1,2,2,1,3
200500059843,0005-09-10 14:15:00,5,9,10,14,15,750,12.0,56 Q DE LA RAPEE,,,Plein jour,En agglomération,Hors intersection,Pluie légère,Autre collision,,,,,,,,,,,1,2,1,2,6
200500059844,0005-09-10 14:00:00,5,9,10,14,0,750,13.0,AV D ITALIE R DE TOLBIAC,,,Plein jour,En agglomération,Intersection en X,Pluie légère,Autre collision,,,,,,,,,,,1,2,2,2,6
200500059845,0005-09-10 20:40:00,5,9,10,20,40,750,13.0,R BOURGON AV D ITALIE,,,Nuit avec éclairage allumé,En agglomération,Intersection en T,Normale,Deux véhicules - côté,,,,,,,,,,,5,2,3,1,3
200500059846,0005-09-10 11:00:00,5,9,10,11,0,750,16.0,AV MOZART CHS MUETTE,,,Plein jour,En agglomération,Intersection en X,Pluie légère,Autre collision,,,,,,,,,,,1,2,2,2,6
200500059847,0005-09-10 08:44:00,5,9,10,8,44,750,3.0,R COMMINES BD FILLES CAL,,,Plein jour,En agglomération,Intersection en X,Normale,Deux véhicules - côté,,,,,,,,,,,1,2,2,1,3
200500059848,0005-09-10 01:38:00,5,9,10,1,38,750,7.0,AV LA MOTTE PICQUET AV D,,,Nuit avec éclairage allumé,En agglomération,Intersection en X,Normale,Deux véhicules - côté,,,,,,,,,,,5,2,2,1,3
200500059849,0005-09-10 11:20:00,5,9,10,11,20,750,8.0,BD DE LA MADELEINE PL DE,,,Plein jour,En agglomération,Intersection en T,Pluie légère,Deux véhicules - arrière,,,,,,,,,,,1,2,3,2,2
200500059850,0005-09-10 16:30:00,5,9,10,16,30,750,8.0,SOU TUILERIES,,,Plein jour,En agglomération,Hors intersection,Pluie légère,Deux véhicules - arrière,,,,,,,,,,,1,2,1,2,2
200500059851,0005-09-10 20:55:00,5,9,10,20,55,750,12.0,R DE CHARENTON R PROUDHO,,,Nuit avec éclairage allumé,En agglomération,Intersection en X,Normale,Autre collision,,,,,,,,,,,5,2,2,1,6
200500059852,0005-09-10 12:30:00,5,9,10,12,30,750,14.0,R PAUL FORT R TOMBE ISSO,,,Plein jour,En agglomération,Intersection en X,Pluie légère,Deux véhicules - côté,,,,,,,,,,,1,2,2,2,3
200500059853,0005-09-10 20:25:00,5,9,10,20,25,750,15.0,R CAMBRONNE VLA CROIX NI,,,Nuit avec éclairage allumé,En agglomération,Intersection en T,Normale,Autre collision,,,,,,,,,,,5,2,3,1,6
200500059854,0005-09-10 13:40:00,5,9,10,13,40,750,17.0,BD BERTHIER AV PORTE D A,,,Plein jour,En agglomération,Intersection en X,Pluie légère,Autre collision,,,,,,,,,,,1,2,2,2,6
200500059855,0005-09-10 15:00:00,5,9,10,15,0,750,18.0,16 R BOUCRY,,,Plein jour,En agglomération,Hors intersection,Pluie légère,Autre collision,,,,,,,,,,,1,2,1,2,6
200500059856,0005-09-10 21:05:00,5,9,10,21,5,750,18.0,BPI CLIGNANCOURT CHAPELL,,,Nuit avec éclairage allumé,En agglomération,Hors intersection,Normale,Deux véhicules - côté,,,,,,,,,,,5,2,1,1,3
200500059857,0005-09-10 12:40:00,5,9,10,12,40,750,20.0,ECH MONTREUIL PL PTE DE,,,Plein jour,En agglomération,Intersection en T,Pluie légère,Deux véhicules - côté,,,,,,,,,,,1,2,3,2,3
200500059858,0005-09-10 19:15:00,5,9,10,19,15,750,20.0,106 BD DE BELLEVILLE,,,Plein jour,En agglomération,Hors intersection,Normale,Deux véhicules - côté,,,,,,,,,,,1,2,1,1,3
200500059859,0005-09-11 19:20:00,5,9,11,19,20,750,19.0,122 R D AUBERVILLIERS,,,Nuit avec éclairage allumé,En agglomération,Hors intersection,Normale,Deux véhicules - côté,,,,,,,,,,,5,2,1,1,3
200500059860,0005-09-11 04:05:00,5,9,11,4,5,750,10.0,R FG SAINT MARTIN BD DE,,,Nuit avec éclairage allumé,En agglomération,Intersection en X,Normale,Deux véhicules - côté,,,,,,,,,,,5,2,2,1,3
200500059861,0005-09-11 14:56:00,5,9,11,14,56,750,10.0,126 BD DE MAGENTA,,,Plein jour,En agglomération,Hors intersection,Pluie légère,Autre collision,,,,,,,,,,,1,2,1,2,6
200500059862,0005-09-11 18:00:00,5,9,11,18,0,750,10.0,PL FRANZ LISZT R LA FAYE,,,Plein jour,En agglomération,Intersection en T,Normale,Autre collision,,,,,,,,,,,1,2,3,1,6
200500059863,0005-09-11 22:15:00,5,9,11,22,15,750,10.0,121 Q DE VALMY,,,Nuit avec éclairage allumé,En agglomération,Hors intersection,Pluie légère,Deux véhicules - arrière,,,,,,,,,,,5,2,1,2,2