accident_id,datetime,annee,mois,jour,heure,minute,departement,commune_insee,adresse,latitude,longitude,luminosite,agglomeration,intersection,meteo,collision,nb_vehicules,nb_usagers,nb_indemnes,nb_tues,nb_blesses_hosp,nb_blesses_legers,age_cond_1,age_cond_2,veh_type_cond_1,veh_type_cond_2,lum_code,agg_code,int_code,atm_code,col_code
200500059864,0005-09-11 10:35:00,5,9,11,10,35,750,12.0,272 AV DAUMESNIL,,,Plein jour,En agglomération,Hors intersection,Normale,Sans collision,,,,,,,,,,,1,2,1,1,7
200500059865,0005-09-11 12:35:00,5,9,11,12,35,750,13.0,3 BD VINCENT AURIOL,,,Plein jour,En agglomération,Hors intersection,Normale,Deux véhicules - côté,,,,,,,,,,,1,2,1,1,3
200500059866,0005-09-11 17:20:00,5,9,11,17,20,750,16.0,ALL DES ERABLES RTE PTE,,,Plein jour,En agglomération,Intersection en T,Normale,Deux véhicules - côté,,,,,,,,,,,1,2,3,1,3
200500059867,0005-09-11 14:55:00,5,9,11,14,55,750,11.0,R CONDILLAC AV DE LA REP,,,Plein jour,En agglomération,Intersection en T,Pluie légère,Autre collision,,,,,,,,,,,1,2,3,2,6
200500059868,0005-09-11 19:15:00,5,9,11,19,15,750,13.0,BD ARAGO R DE LA GLACIER,,,Plein jour,En agglomération,Intersection en X,Pluie légère,Deux véhicules - côté,,,,,,,,,,,1,2,2,2,3
200500059869,0005-09-11 18:13:00,5,9,11,18,13,750,14.0,3 PL DENF ROCHEREAU,,,Plein jour,En agglomération,Hors intersection,Normale,Autre collision,,,,,,,,,,,1,2,1,1,6
200500059870,0005-09-11 21:50:00,5,9,11,21,50,750,14.0,PL DENF ROCHEREAU AV GEN,,,Nuit avec éclairage allumé,En agglomération,Intersection en T,Pluie forte,Autre collision,,,,,,,,,,,5,2,3,3,6
200500059871,0005-09-11 11:00:00,5,9,11,11,0,750,15.0,AV PORTE DE SEVRES BD VI,,,Plein jour,En agglomération,Intersection en X,Normale,Deux véhicules - côté,,,,,,,,,,,1,2,2,1,3
200500059872,0005-09-11 21:35:00,5,9,11,21,35,750,17.0,R LEGENDRE R DE ROME,,,Nuit avec éclairage allumé,En agglomération,Intersection en X,Pluie forte,Deux véhicules - côté,,,,,,,,,,,5,2,2,3,3
200500059873,0005-09-12 08:50:00,5,9,12,8,50,750,16.0,R LAURISTON R LEO DELIBE,,,Plein jour,En agglomération,Intersection en T,Pluie légère,Sans collision,,,,,,,,,,,1,2,3,2,7
200500059874,0005-09-12 11:40:00,5,9,12,11,40,750,2.0,R DAUNOU R DE LA PAIX,,,Plein jour,En agglomération,Intersection en X,Temps couvert,Autre collision,,,,,,,,,,,1,2,2,8,6
200500059875,0005-09-12 09:30:00,5,9,12,9,30,750,6.0,BD SAINT GERMAIN BD SAIN,,,Plein jour,En agglomération,Intersection en X,Pluie légère,Sans collision,,,,,,,,,,,1,2,2,2,7
200500059876,0005-09-12 18:00:00,5,9,12,18,0,750,8.0,50 R GENERAL FOY,,,Plein jour,En agglomération,Hors intersection,Normale,Autre collision,,,,,,,,,,,1,2,1,1,6
200500059877,0005-09-12 15:10:00,5,9,12,15,10,750,8.0,R ARSENE HOUSSAYE AV DE,,,Plein jour,En agglomération,Intersection en X,Normale,Deux véhicules - côté,,,,,,,,,,,1,2,2,1,3
200500059878,0005-09-12 09:35:00,5,9,12,9,35,750,8.0,AV MARCEAU R DE PRESBOUR,,,Plein jour,En agglomération,Intersection en X,Pluie légère,Autre collision,,,,,,,,,,,1,2,2,2,6
200500059879,0005-09-12 12:00:00,5,9,12,12,0,750,8.0,CO DU HAVRE,,,Plein jour,En agglomération,Hors intersection,Normale,Autre collision,,,,,,,,,,,1,2,1,1,6
200500059880,0005-09-28 15:38:00,5,9,28,15,38,750,12.0,BD BASTILLE R LYON,,,Plein jour,En agglomération,Intersection en Y,Normale,Deux véhicules - côté,,,,,,,,,,,1,2,4,1,3
200500059881,0005-09-12 22:30:00,5,9,12,22,30,750,8.0,AV CHAMPS ELYSEES R DE,,,Nuit avec éclairage allumé,En agglomération,Intersection en T,Normale,Autre collision,,,,,,,,,,,5,2,3,1,6
200500059882,0005-09-22 13:45:00,5,9,22,13,45,750,13.0,BD AUGUSTE BLANQUI R DE,,,Plein jour,En agglomération,Intersection en X,Normale,Deux véhicules - arrière,,,,,,,,,,,1,2,2,1,2
200500059883,0005-09-12 15:00:00,5,9,12,15,0,750,9.0,30 R DE LONDRES,,,Plein jour,En agglomération,Hors intersection,Temps couvert,Deux véhicules - côté,,,,,,,,,,,1,2,1,8,3
200500059884,0005-09-12 09:40:00,5,9,12,9,40,750,11.0,AV PARMENTIER AV DE LA R,,,Plein jour,En agglomération,Intersection en X,Pluie légère,Sans collision,,,,,,,,,,,1,2,2,2,7
200500059885,0005-09-12 09:00:00,5,9,12,9,0,750,11.0,PAS BONNE GRAINE AV LEDR,,,Plein jour,En agglomération,Intersection en T,Temps couvert,Deux véhicules - côté,,,,,,,,,,,1,2,3,8,3
200500059886,0005-09-12 08:42:00,5,9,12,8,42,750,11.0,76 AV DE LA REPUBLIQUE,,,Plein jour,En agglomération,Hors intersection,Pluie légère,Sans collision,,,,,,,,,,,1,2,1,2,7
200500059887,0005-09-12 12:45:00,5,9,12,12,45,750,13.0,AV D ITALIE PL D ITALIE,,,Plein jour,En agglomération,Intersection en T,Pluie légère,Deux véhicules - côté,,,,,,,,,,,1,2,3,2,3
200500059888,0005-09-12 09:00:00,5,9,12,9,0,750,14.0,AV GENERAL LECLERC R REM,,,Plein jour,En agglomération,Intersection en X,Pluie légère,Deux véhicules - côté,,,,,,,,,,,1,2,2,2,3
200500059889,0005-09-12 11:55:00,5,9,12,11,55,750,15.0,PL D ALLERAY R PAUL BARR,,,Plein jour,En agglomération,Intersection en T,Temps couvert,Sans collision,,,,,,,,,,,1,2,3,8,7
200500059890,0005-09-12 23:20:00,5,9,12,23,20,750,17.0,AV DE CLICHY R GUY MOQUE,,,Nuit avec éclairage allumé,En agglomération,Intersection en Y,Normale,Deux véhicules - arrière,,,,,,,,,,,5,2,4,1,2
200500059891,0005-09-12 03:05:00,5,9,12,3,5,750,18.0,R DESIRE RUGGIERI R ORDE,,,Nuit avec éclairage allumé,En agglomération,Intersection en T,Pluie légère,Autre collision,,,,,,,,,,,5,2,3,2,6
200500059892,0005-09-12 14:15:00,5,9,12,14,15,750,18.0,46 BD DE CLICHY,,,Plein jour,En agglomération,Hors intersection,Normale,Autre collision,,,,,,,,,,,1,2,1,1,6
200500059893,0005-09-12 18:33:00,5,9,12,18,33,750,20.0,2 AV GAMBETTA,,,Plein jour,En agglomération,Hors intersection,Normale,Autre collision,,,,,,,,,,,1,2,1,1,6
200500059894,0005-09-13 16:05:00,5,9,13,16,5,750,1.0,R PERRAULT R DE RIVOLI,,,Plein jour,En agglomération,Intersection en Y,Temps couvert,Autre collision,,,,,,,,,,,1,2,4,8,6
200500059895,0005-09-13 14:55:00,5,9,13,14,55,750,5.0,6 R FOSS ST BERNARD,,,Plein jour,En agglomération,Hors intersection,Normale,Deux véhicules - côté,,,,,,,,,,,1,2,1,1,3
200500059896,0005-09-13 02:35:00,5,9,13,2,35,750,6.0,BD SAINT GERMAIN R DES S,,,Nuit avec éclairage allumé,En agglomération,Intersection en X,Normale,Autre collision,,,,,,,,,,,5,2,2,1,6
200500059897,0005-09-13 11:15:00,5,9,13,11,15,750,6.0,4 CAR ODEON,,,Plein jour,En agglomération,Hors intersection,Normale,Trois véhicules et plus - en chaîne,,,,,,,,,,,1,2,1,1,4
200500059898,0005-09-13 15:20:00,5,9,13,15,20,750,7.0,AV DUQUESNE R EBLE,,,Plein jour,En agglomération,Intersection en T,Normale,Sans collision,,,,,,,,,,,1,2,3,1,7
200500059899,0005-09-13 10:40:00,5,9,13,10,40,750,8.0,254 R FG SAINT HONORE,,,Plein jour,En agglomération,Hors intersection,Normale,Autre collision,,,,,,,,,,,1,2,1,1,6
200500059900,0005-09-13 17:20:00,5,9,13,17,20,750,8.0,AV CHAMPS ELYSEES PL DE,,,Plein jour,En agglomération,Intersection en T,Normale,Sans collision,,,,,,,,,,,1,2,3,1,7
200500059901,0005-09-13 09:45:00,5,9,13,9,45,750,8.0,VERD PT DE L ALMA PT DES,,,Plein jour,En agglomération,Hors intersection,Normale,Trois véhicules et plus - en chaîne,,,,,,,,,,,1,2,1,1,4
200500059902,0005-09-13 09:00:00,5,9,13,9,0,750,9.0,R FG POISSONNIERE R DE M,,,Plein jour,En agglomération,Intersection en X,Normale,Autre collision,,,,,,,,,,,1,2,2,1,6
200500059903,0005-09-13 13:40:00,5,9,13,13,40,750,11.0,R LECEHVIN AV PARMENTIER,,,Plein jour,En agglomération,Intersection en T,Normale,Autre collision,,,,,,,,,,,1,2,3,1,6
200500059904,0005-09-13 09:10:00,5,9,13,9,10,750,13.0,L163142 BD VINCENT AURIO,,,Plein jour,En agglomération,Hors intersection,Normale,Deux véhicules - côté,,,,,,,,,,,1,2,1,1,3
200500059905,0005-09-13 08:05:00,5,9,13,8,5,750,14.0,R D ALESIA R BROUSSAIS,,,Plein jour,En agglomération,Intersection en T,Temps couvert,Sans collision,,,,,,,,,,,1,2,3,8,7
200500059906,0005-09-13 17:30:00,5,9,13,17,30,750,14.0,R LEGION ETRANGERE BD RO,,,Plein jour,En agglomération,Intersection en T,Temps couvert,Deux véhicules - côté,,,,,,,,,,,1,2,3,8,3
200500059907,0005-09-13 15:30:00,5,9,13,15,30,750,15.0,4 R CORBON,,,Plein jour,En agglomération,Hors intersection,Normale,Trois véhicules et plus - en chaîne,,,,,,,,,,,1,2,1,1,4
200500059908,0005-09-13 17:10:00,5,9,13,17,10,750,15.0,Q ANDRE CITROEN,,,Plein jour,En agglomération,Hors intersection,Normale,Sans collision,,,,,,,,,,,1,2,1,1,7
200500059909,0005-09-13 00:47:00,5,9,13,0,47,750,16.0,L13221 AV DE NEW YORK,,,Nuit avec éclairage allumé,En agglomération,Hors intersection,Normale,Autre collision,,,,,,,,,,,5,2,1,1,6
200500059910,0005-09-13 12:05:00,5,9,13,12,5,750,18.0,16 BD NEY,,,Plein jour,En agglomération,Hors intersection,Normale,Autre collision,,,,,,,,,,,1,2,1,1,6
200500059911,0005-09-13 16:15:00,5,9,13,16,15,750,20.0,R DULAURE BD MORTIER,,,Plein jour,En agglomération,Intersection en T,Normale,Deux véhicules - côté,,,,,,,,,,,1,2,3,1,3
200500059912,0005-09-14 10:50:00,5,9,14,10,50,750,3.0,R N D DE NAZARETH R DU T,,,Plein jour,En agglomération,Intersection en Y,Normale,Autre collision,,,,,,,,,,,1,2,4,1,6
200500059913,0005-09-14 13:10:00,5,9,14,13,10,750,4.0,10 R DE JOUY,,,Plein jour,En agglomération,Hors intersection,Normale,Autre collision,,,,,,,,,,,1,2,1,1,6
200500059914,0005-09-14 23:25:00,5,9,14,23,25,750,6.0,R DE RENNES BD SAINT GER,,,Nuit avec éclairage allumé,En agglomération,Intersection en T,Normale,Sans collision,,,,,,,,,,,5,2,3,1,7
200500059915,0005-09-14 18:00:00,5,9,14,18,0,750,8.0,L3103 AV CHAMPS ELYSEES,,,Plein jour,En agglomération,Hors intersection,Temps couvert,Autre collision,,,,,,,,,,,1,2,1,8,6
200500059916,0005-09-14 10:05:00,5,9,14,10,5,750,10.0,R LA FAYETTE Q DE VALMY,,,Plein jour,En agglomération,Intersection en Y,Normale,Autre collision,,,,,,,,,,,1,2,4,1,6
200500059917,0005-09-14 19:51:00,5,9,14,19,51,750,10.0,100 R LA FAYETTE,,,Nuit avec éclairage allumé,En agglomération,Hors intersection,Normale,Autre collision,,,,,,,,,,,5,2,1,1,6
200500059918,0005-09-14 16:40:00,5,9,14,16,40,750,10.0,R DE CHABROL R D HAUTEVI,,,Plein jour,En agglomération,Intersection en X,Normale,Deux véhicules - côté,,,,,,,,,,,1,2,2,1,3
200500059919,0005-09-14 11:55:00,5,9,14,11,55,750,11.0,BD DE MENILMONTANT R DE,,,Plein jour,En agglomération,Intersection en T,Normale,Deux véhicules - côté,,,,,,,,,,,1,2,3,1,3
200500059920,0005-09-14 21:10:00,5,9,14,21,10,750,11.0,52 R DE LA ROQUETTE,,,Nuit avec éclairage allumé,En agglomération,Hors intersection,Normale,Sans collision,,,,,,,,,,,5,2,1,1,7
200500059921,0005-09-14 08:50:00,5,9,14,8,50,750,11.0,152 R OBERKAMPF,,,Plein jour,En agglomération,Hors intersection,Temps couvert,Sans collision,,,,,,,,,,,1,2,1,8,7
200500059922,0005-09-14 17:25:00,5,9,14,17,25,750,15.0,54 AV LA MOTTE PICQUET,,,Plein jour,En agglomération,Hors intersection,Normale,Autre collision,,,,,,,,,,,1,2,1,1,6
200500059923,0005-09-14 08:30:00,5,9,14,8,30,750,16.0,67 BD LANNES,,,Plein jour,En agglomération,Hors intersection,Temps couvert,Autre collision,,,,,,,,,,,1,2,1,8,6
200500059924,0005-09-14 07:10:00,5,9,14,7,10,750,16.0,ALL DES ERABLES RTE PTE,,,Plein jour,En agglomération,Intersection en X,Temps couvert,Deux véhicules - côté,,,,,,,,,,,1,2,2,8,3
200500059925,0005-09-14 17:15:00,5,9,14,17,15,750,17.0,147 R DE ROME,,,Plein jour,En agglomération,Hors intersection,Normale,Deux véhicules - arrière,,,,,,,,,,,1,2,1,1,2
200500059926,0005-09-14 14:45:00,5,9,14,14,45,750,18.0,R DOUDEAUVILLE R LEON,,,Plein jour,En agglomération,Intersection en X,Normale,Deux véhicules - côté,,,,,,,,,,,1,2,2,1,3
200500059927,0005-09-14 16:33:00,5,9,14,16,33,750,3.0,R AU MAIRE R DE TURBIGO,,,Plein jour,En agglomération,Intersection en Y,Normale,Autre collision,,,,,,,,,,,1,2,4,1,6
200500059928,0005-09-15 11:40:00,5,9,15,11,40,750,1.0,2 Q DE LA MEGISSERIE,,,Plein jour,En agglomération,Hors intersection,Normale,Autre collision,,,,,,,,,,,1,2,1,1,6
200500059929,0005-09-15 15:25:00,5,9,15,15,25,750,8.0,BD HAUSMANN AV PERCIER,,,Plein jour,En agglomération,Intersection en T,Normale,Deux véhicules - côté,,,,,,,,,,,1,2,3,1,3
200500059930,0005-09-15 15:35:00,5,9,15,15,35,750,9.0,R DE CHATEAUDUN R SAINT,,,Plein jour,En agglomération,Intersection en X,Temps couvert,Deux véhicules - côté,,,,,,,,,,,1,2,2,8,3
200500059931,0005-09-15 14:20:00,5,9,15,14,20,750,10.0,118 RUE LA FAYETTE,,,Plein jour,En agglomération,Hors intersection,Normale,Autre collision,,,,,,,,,,,1,2,1,1,6
200500059932,0005-09-15 22:30:00,5,9,15,22,30,750,12.0,64 AV GEN MICHEL BIZOT,,,Nuit avec éclairage allumé,En agglomération,Hors intersection,Normale,Autre collision,,,,,,,,,,,5,2,1,1,6
200500059933,0005-09-15 16:55:00,5,9,15,16,55,750,12.0,72 AV DE SAINT MANDE,,,Plein jour,En agglomération,Hors intersection,Normale,Deux véhicules - côté,,,,,,,,,,,1,2,1,1,3
200500059934,0005-09-15 17:45:00,5,9,15,17,45,750,13.0,AV DE CHOISY R DES DEUX,,,Plein jour,En agglomération,Intersection en T,Temps couvert,Deux véhicules - côté,,,,,,,,,,,1,2,3,8,3
200500059935,0005-09-15 15:26:00,5,9,15,15,26,750,16.0,ALL DU BORD DE L EAU CAR,,,Plein jour,En agglomération,Intersection en T,Temps couvert,Sans collision,,,,,,,,,,,1,2,3,8,7
200500059936,0005-09-15 13:00:00,5,9,15,13,0,750,16.0,BD MURAT R RAFFAELLI,,,Plein jour,En agglomération,Intersection en Y,Normale,Deux véhicules - côté,,,,,,,,,,,1,2,4,1,3
200500059937,0005-09-15 09:00:00,5,9,15,9,0,750,16.0,R NARCISSE DIAZ AV DE VE,,,Plein jour,En agglomération,Intersection en T,Normale,Deux véhicules - côté,,,,,,,,,,,1,2,3,1,3
200500059938,0005-09-15 20:25:00,5,9,15,20,25,750,17.0,R A DE LA FORGE AV GRAND,,,Nuit avec éclairage allumé,En agglomération,Intersection en T,Normale,Deux véhicules - côté,,,,,,,,,,,5,2,3,1,3
200500059939,0005-09-15 16:45:00,5,9,15,16,45,750,17.0,22 PL GENERAL CATROUX,,,Plein jour,En agglomération,Hors intersection,Normale,Autre collision,,,,,,,,,,,1,2,1,1,6
200500059940,0005-09-15 09:23:00,5,9,15,9,23,750,19.0,236 BD DE LA VILLETTE,,,Plein jour,En agglomération,Hors intersection,Normale,Deux véhicules - côté,,,,,,,,,,,1,2,1,1,3
200500059941,0005-09-15 21:00:00,5,9,15,21,0,750,20.0,R PIERRE QUILLARD R VICT,,,Nuit avec éclairage allumé,En agglomération,Intersection en T,Normale,Autre collision,,,,,,,,,,,5,2,3,1,6
200500059942,0005-09-16 09:45:00,5,9,16,9,45,750,1.0,R DE MARENGO R DE RIVOLI,,,Plein jour,En agglomération,Intersection en T,Pluie légère,Deux véhicules - côté,,,,,,,,,,,1,2,3,2,3
200500059943,0005-09-16 15:35:00,5,9,16,15,35,750,2.0,R PETITS CHAMPS R VIVIEN,,,Plein jour,En agglomération,Intersection en T,Normale,Sans collision,,,,,,,,,,,1,2,3,1,7
200500059944,0005-09-06 09:00:00,5,9,6,9,0,750,13.0,BPE GARE BERCY,,,Plein jour,En agglomération,Hors intersection,Pluie légère,Deux véhicules - côté,,,,,,,,,,,1,2,1,2,3
200500059945,0005-09-07 14:10:00,5,9,7,14,10,750,20.0,BPE BAGNOLET LILAS,,,Plein jour,En agglomération,Hors intersection,Normale,Deux véhicules - arrière,,,,,,,,,,,1,2,1,1,2
200500059946,0005-09-07 16:30:00,5,9,7,16,30,750,16.0,BPE MOLIOTR SAINT CLOUD,,,Plein jour,En agglomération,Hors intersection,Normale,Trois véhicules et plus - en chaîne,,,,,,,,,,,1,2,1,1,4
200500059947,0005-09-07 16:50:00,5,9,7,16,50,750,19.0,BPI AUBERVILLIERS VILLET,,,Plein jour,En agglomération,Hors intersection,Normale,Deux véhicules - arrière,,,,,,,,,,,1,2,1,1,2
200500059948,0005-09-09 16:20:00,5,9,9,16,20,750,17.0,BPE CHAMPERRET TERNES,,,Plein jour,En agglomération,Hors intersection,Normale,Trois véhicules et plus - en chaîne,,,,,,,,,,,1,2,1,1,4
200500059949,0005-09-16 01:20:00,5,9,16,1,20,750,7.0,144 R DU BAC,,,Nuit avec éclairage allumé,En agglomération,Hors intersection,Normale,Deux véhicules - arrière,,,,,,,,,,,5,2,1,1,2
200500059950,0005-09-16 04:27:00,5,9,16,4,27,750,8.0,2 R DE PONTHIEU,,,Nuit avec éclairage allumé,En agglomération,Hors intersection,Pluie légère,Autre collision,,,,,,,,,,,5,2,1,2,6
200500059951,0005-09-16 18:20:00,5,9,16,18,20,750,8.0,5 PL SAINT AUGUSTIN,,,Plein jour,En agglomération,Hors intersection,Normale,Sans collision,,,,,,,,,,,1,2,1,1,7
200500059952,0005-09-16 17:20:00,5,9,16,17,20,750,9.0,R LAMARTINE R DE MAUBEUG,,,Plein jour,En agglomération,Intersection en X,Normale,Deux véhicules - côté,,,,,,,,,,,1,2,2,1,3
200500059953,0005-09-16 20:25:00,5,9,16,20,25,750,9.0,R DE CHATEAUDUN R LA FAY,,,Nuit avec éclairage allumé,En agglomération,Intersection en T,Normale,Deux véhicules - côté,,,,,,,,,,,5,2,3,1,3
200500059954,0005-09-16 23:25:00,5,9,16,23,25,750,10.0,10 BD DE MAGENTA,,,Nuit avec éclairage allumé,En agglomération,Hors intersection,Normale,Deux véhicules - frontale,,,,,,,,,,,5,2,1,1,1
200500059955,0005-09-16 10:15:00,5,9,16,10,15,750,15.0,R ENTREPRENEURS R DE LA,,,Plein jour,En agglomération,Intersection en X,Pluie légère,Autre collision,,,,,,,,,,,1,2,2,2,6
200500059956,0005-09-16 21:05:00,5,9,16,21,5,750,16.0,78 AV GRANDE ARMEE,,,Nuit avec éclairage allumé,En agglomération,Hors intersection,Normale,Autre collision,,,,,,,,,,,5,2,1,1,6
200500059957,0005-09-16 09:55:00,5,9,16,9,55,750,17.0,L15099 AV PTE CHAMPERRET,,,Plein jour,En agglomération,Hors intersection,Pluie légère,Deux véhicules - côté,,,,,,,,,,,1,2,1,2,3
200500059958,0005-09-16 02:25:00,5,9,16,2,25,750,17.0,R LA CONDAMINE R TRUFFAU,,,Nuit avec éclairage allumé,En agglomération,Intersection en X,Normale,Sans collision,,,,,,,,,,,5,2,2,1,7
200500059959,0005-09-16 13:30:00,5,9,16,13,30,750,19.0,BD D INDOCHINE AV PORTE,,,Plein jour,En agglomération,Intersection en X,Normale,Deux véhicules - côté,,,,,,,,,,,1,2,2,1,3
200500059960,0005-09-17 11:05:00,5,9,17,11,5,750,4.0,01 PL DU PARVIS N DAME,,,Plein jour,En agglomération,Hors intersection,Normale,Autre collision,,,,,,,,,,,1,2,1,1,6
200500059961,0005-09-17 21:10:00,5,9,17,21,10,750,4.0,Q HOTEL DE VILLE PT MARI,,,Nuit avec éclairage allumé,En agglomération,Intersection en X,Normale,Deux véhicules - côté,,,,,,,,,,,5,2,2,1,3
200500059962,0005-09-17 15:15:00,5,9,17,15,15,750,8.0,AV CHAMPS ELYSEES R DE T,,,Plein jour,En agglomération,Intersection en X,Temps couvert,Autre collision,,,,,,,,,,,1,2,2,8,6
200500059963,0005-09-17 18:40:00,5,9,17,18,40,750,9.0,BD DE CLICHY PL DE CLICH,,,Plein jour,En agglomération,Intersection en T,Normale,Deux véhicules - côté,,,,,,,,,,,1,2,3,1,3
200500059964,0005-09-17 21:30:00,5,9,17,21,30,750,10.0,10 BD DE MAGENTA,,,Nuit avec éclairage allumé,En agglomération,Hors intersection,Normale,Deux véhicules - côté,,,,,,,,,,,5,2,1,1,3
200500059965,0005-09-17 11:05:00,5,9,17,11,5,750,10.0,38 BD DE STRASBOURG,,,Plein jour,En agglomération,Hors intersection,Normale,Autre collision,,,,,,,,,,,1,2,1,1,6
200500059966,0005-09-17 18:45:00,5,9,17,18,45,750,11.0,AV LEDRU ROLLIN R DE CHA,,,Plein jour,En agglomération,Intersection en X,Normale,Deux véhicules - frontale,,,,,,,,,,,1,2,2,1,1
200500059967,0005-09-17 15:00:00,5,9,17,15,0,750,12.0,RTE CHAMP MANOEUVRES CAR,,,Plein jour,En agglomération,Intersection en T,Normale,Deux véhicules - côté,,,,,,,,,,,1,2,3,1,3
200500059968,0005-09-17 09:15:00,5,9,17,9,15,750,13.0,88 BD DE L HOPITAL,,,Plein jour,En agglomération,Hors intersection,Normale,Deux véhicules - côté,,,,,,,,,,,1,2,1,1,3
200500059969,0005-09-17 10:50:00,5,9,17,10,50,750,16.0,R F SARCEY R DE LA TOUR,,,Plein jour,En agglomération,Intersection en T,Normale,Autre collision,,,,,,,,,,,1,2,3,1,6
200500059970,0005-09-17 13:20:00,5,9,17,13,20,750,16.0,RTE SEVRES A NEUILLY,,,Plein jour,En agglomération,Hors intersection,Normale,Deux véhicules - côté,,,,,,,,,,,1,2,1,1,3
200500059971,0005-09-17 18:40:00,5,9,17,18,40,750,16.0,R BOILEAU AV DE VERSAILL,,,Plein jour,En agglomération,Intersection en T,Normale,Deux véhicules - côté,,,,,,,,,,,1,2,3,1,3
200500059972,0005-09-17 11:15:00,5,9,17,11,15,750,18.0,88 BD DE ROCHECHOUART,,,Plein jour,En agglomération,Hors intersection,Temps éblouissant,Deux véhicules - côté,,,,,,,,,,,1,2,1,7,3
200500059973,0005-09-17 16:20:00,5,9,17,16,20,750,19.0,R COMPANS R DE BELLEVILL,,,Plein jour,En agglomération,Intersection en T,Normale,Autre collision,,,,,,,,,,,1,2,3,1,6
200500059974,0005-09-18 15:10:00,5,9,18,15,10,750,19.0,44 R D HAUTPOUL,,,Plein jour,En agglomération,Hors intersection,Normale,Autre collision,,,,,,,,,,,1,2,1,1,6
200500059975,0005-09-18 19:25:00,5,9,18,19,25,750,19.0,42 AV DE FLANDRE,,,Crépuscule ou aube,En agglomération,Hors intersection,Normale,Autre collision,,,,,,,,,,,2,2,1,1,6
200500059976,0005-09-18 15:50:00,5,9,18,15,50,750,18.0,146 BD NEY,,,Plein jour,En agglomération,Hors intersection,Normale,Autre collision,,,,,,,,,,,1,2,1,1,6
200500059977,0005-09-18 17:00:00,5,9,18,17,0,750,12.0,28 R TAINE,,,Plein jour,En agglomération,Hors intersection,Normale,Deux véhicules - côté,,,,,,,,,,,1,2,1,1,3
200500059978,0005-09-18 10:39:00,5,9,18,10,39,750,12.0,R MICHEL CHASLES R PARRO,,,Plein jour,En agglomération,Intersection en X,Normale,Autre collision,,,,,,,,,,,1,2,2,1,6
200500059979,0005-09-18 00:15:00,5,9,18,0,15,750,18.0,R DE CLIGNANCOURT R CUST,,,Nuit avec éclairage allumé,En agglomération,Intersection en X,Normale,Deux véhicules - arrière,,,,,,,,,,,5,2,2,1,2
200500059980,0005-09-18 14:15:00,5,9,18,14,15,750,16.0,AV ALBERT DE MUN AV D IE,,,Plein jour,En agglomération,Intersection en X,Normale,Deux véhicules - côté,,,,,,,,,,,1,2,2,1,3
200500059981,0005-09-18 19:25:00,5,9,18,19,25,750,16.0,BPI Q POINT DU JOUR SAIN,,,Plein jour,En agglomération,Intersection en Y,Normale,Deux véhicules - côté,,,,,,,,,,,1,2,4,1,3
200500059982,0005-09-18 16:55:00,5,9,18,16,55,750,4.0,R FERDINAND DUVAL R DES,,,Plein jour,En agglomération,Intersection en T,Normale,Autre collision,,,,,,,,,,,1,2,3,1,6
200500059983,0005-09-18 16:47:00,5,9,18,16,47,750,16.0,RTE PT JOUR SURESNES RTE,,,Plein jour,En agglomération,Intersection en X,Normale,Deux véhicules - arrière,,,,,,,,,,,1,2,2,1,2
200500059984,0005-09-18 20:10:00,5,9,18,20,10,750,14.0,BPI GENTILLY ORLEANS,,,Nuit avec éclairage allumé,En agglomération,Hors intersection,Normale,Trois véhicules et plus - en chaîne,,,,,,,,,,,5,2,1,1,4
200500059985,0005-09-18 12:25:00,5,9,18,12,25,750,14.0,82 AV GENERAL LECLERC,,,Plein jour,En agglomération,Hors intersection,Normale,Deux véhicules - arrière,,,,,,,,,,,1,2,1,1,2
200500059986,0005-09-18 16:20:00,5,9,18,16,20,750,14.0,R DE LA GAITE AV DU MAIN,,,Plein jour,En agglomération,Intersection en T,Normale,Deux véhicules - côté,,,,,,,,,,,1,2,3,1,3
200500059987,0005-09-18 12:15:00,5,9,18,12,15,750,14.0,R LEGION ETRANGERE BD RO,,,Plein jour,En agglomération,Intersection en T,Normale,Autre collision,,,,,,,,,,,1,2,3,1,6
200500059988,0005-09-18 14:50:00,5,9,18,14,50,750,3.0,PL DE LA REPUBLIQUE R DU,,,Plein jour,En agglomération,Intersection en T,Normale,Deux véhicules - côté,,,,,,,,,,,1,2,3,1,3
200500059989,0005-09-19 08:50:00,5,9,19,8,50,750,2.0,R REAUMUR R SAINT DENIS,,,Plein jour,En agglomération,Intersection en X,Normale,Autre collision,,,,,,,,,,,1,2,2,1,6
200500059990,0005-09-19 13:45:00,5,9,19,13,45,750,2.0,22 R DE LA MICHODIERE,,,Plein jour,En agglomération,Hors intersection,Normale,Autre collision,,,,,,,,,,,1,2,1,1,6
200500059991,0005-09-19 17:30:00,5,9,19,17,30,750,2.0,94 BD DE SEBASTOPOL,,,Plein jour,En agglomération,Hors intersection,Normale,Sans collision,,,,,,,,,,,1,2,1,1,7
200500059992,0005-09-19 10:40:00,5,9,19,10,40,750,4.0,R DE LA CITE PL DU PARVI,,,Plein jour,En agglomération,Intersection en X,Normale,Deux véhicules - côté,,,,,,,,,,,1,2,2,1,3
200500059993,0005-09-19 13:25:00,5,9,19,13,25,750,3.0,8 R PONT AUX CHOUX,,,Plein jour,En agglomération,Hors intersection,Normale,Autre collision,,,,,,,,,,,1,2,1,1,6
200500059994,0005-09-19 18:15:00,5,9,19,18,15,750,8.0,CRS LA REINE PT DE LA CO,,,Plein jour,En agglomération,Intersection en T,Normale,Deux véhicules - côté,,,,,,,,,,,1,2,3,1,3
200500059995,0005-09-19 19:25:00,5,9,19,19,25,750,9.0,R BOCHART DE SARON AV TR,,,Plein jour,En agglomération,Intersection en X,Normale,Deux véhicules - côté,,,,,,,,,,,1,2,2,1,3