accident_id,datetime,annee,mois,jour,heure,minute,departement,commune_insee,adresse,latitude,longitude,luminosite,agglomeration,intersection,meteo,collision,nb_vehicules,nb_usagers,nb_indemnes,nb_tues,nb_blesses_hosp,nb_blesses_legers,age_cond_1,age_cond_2,veh_type_cond_1,veh_type_cond_2,lum_code,agg_code,int_code,atm_code,col_code
200500059996,0005-09-19 15:45:00,5,9,19,15,45,750,11.0,PL LEON BLUM BD VOLTAIRE,,,Plein jour,En agglomération,Intersection en T,Normale,Autre collision,,,,,,,,,,,1,2,3,1,6
200500059997,0005-09-19 09:00:00,5,9,19,9,0,750,11.0,90 AV DE LA REPUBLIQUE,,,Plein jour,En agglomération,Hors intersection,Normale,Autre collision,,,,,,,,,,,1,2,1,1,6
200500059998,0005-09-19 07:45:00,5,9,19,7,45,750,12.0,L8249 BD PONIATOWSKI,,,Plein jour,En agglomération,Hors intersection,Normale,Deux véhicules - côté,,,,,,,,,,,1,2,1,1,3
200500059999,0005-09-19 19:55:00,5,9,19,19,55,750,13.0,AV CLAUDE REGAUD R PEAN,,,Nuit avec éclairage allumé,En agglomération,Intersection en Y,Normale,Deux véhicules - côté,,,,,,,,,,,5,2,4,1,3
200500060000,0005-09-19 14:55:00,5,9,19,14,55,750,14.0,ECH ORLEANS AV PORTE D O,,,Plein jour,En agglomération,Intersection en T,Normale,Deux véhicules - côté,,,,,,,,,,,1,2,3,1,3
200500060001,0005-09-19 13:30:00,5,9,19,13,30,750,15.0,20 R DE VOUILLE,,,Plein jour,En agglomération,Hors intersection,Normale,Autre collision,,,,,,,,,,,1,2,1,1,6
200500060002,0005-09-19 15:30:00,5,9,19,15,30,750,15.0,R DE LA CONVENTION AV FE,,,Plein jour,En agglomération,Intersection en X,Normale,Autre collision,,,,,,,,,,,1,2,2,1,6
200500060003,0005-09-19 18:30:00,5,9,19,18,30,750,18.0,R DE LA MADONE R MARC SE,,,Plein jour,En agglomération,Intersection en T,Normale,Autre collision,,,,,,,,,,,1,2,3,1,6
200500060004,0005-09-20 09:40:00,5,9,20,9,40,750,3.0,BD SAINTMARTIN R SAINT M,,,Plein jour,En agglomération,Intersection en T,Normale,Deux véhicules - côté,,,,,,,,,,,1,2,3,1,3
200500060005,0005-09-20 18:45:00,5,9,20,18,45,750,7.0,286 BD SAINT GERMAIN,,,Plein jour,En agglomération,Hors intersection,Normale,Deux véhicules - arrière,,,,,,,,,,,1,2,1,1,2
200500060006,0005-09-20 17:32:00,5,9,20,17,32,750,7.0,AV BOSQUET PL DE LA RESI,,,Plein jour,En agglomération,Intersection en T,Normale,Deux véhicules - arrière,,,,,,,,,,,1,2,3,1,2
200500060007,0005-09-20 14:45:00,5,9,20,14,45,750,12.0,ECH BERCY,,,Plein jour,En agglomération,Hors intersection,Normale,Deux véhicules - arrière,,,,,,,,,,,1,2,1,1,2
200500060008,0005-09-20 08:50:00,5,9,20,8,50,750,16.0,L7128 ALL REINE MARGUERI,,,Plein jour,En agglomération,Hors intersection,Normale,Deux véhicules - côté,,,,,,,,,,,1,2,1,1,3
200500060009,0005-09-07 12:05:00,5,9,7,12,5,750,12.0,R MOUSSET ROBERT R SIBUE,,,Plein jour,En agglomération,Intersection en T,Normale,Autre collision,,,,,,,,,,,1,2,3,1,6
200500060010,0005-09-10 15:50:00,5,9,10,15,50,750,17.0,28 AV DE WAGRAM,,,Plein jour,En agglomération,Hors intersection,Pluie légère,Autre collision,,,,,,,,,,,1,2,1,2,6
200500060011,0005-09-12 09:40:00,5,9,12,9,40,750,12.0,26 R FG SAINT ANTOINE,,,Plein jour,En agglomération,Hors intersection,Pluie légère,Deux véhicules - côté,,,,,,,,,,,1,2,1,2,3
200500060012,0005-09-12 18:40:00,5,9,12,18,40,750,19.0,L16802 AV PORTE DES LILA,,,Plein jour,En agglomération,Hors intersection,Normale,Deux véhicules - côté,,,,,,,,,,,1,2,1,1,3
200500060013,0005-09-14 13:17:00,5,9,14,13,17,750,19.0,2 CRS SEPTIEME ART,,,Plein jour,En agglomération,Hors intersection,Normale,Autre collision,,,,,,,,,,,1,2,1,1,6
200500060014,0005-09-14 17:00:00,5,9,14,17,0,750,19.0,R BOTZARIS R DU PLATEAU,,,Crépuscule ou aube,En agglomération,Intersection en Y,Normale,Autre collision,,,,,,,,,,,2,2,4,1,6
200500060015,0005-09-14 17:50:00,5,9,14,17,50,750,19.0,R DAVID D ANGERS R DE LA,,,Plein jour,En agglomération,Intersection en T,Normale,Autre collision,,,,,,,,,,,1,2,3,1,6
200500060016,0005-09-15 12:35:00,5,9,15,12,35,750,12.0,BD DIDEROT PL DE LA NATI,,,Plein jour,En agglomération,Intersection en T,Normale,Deux véhicules - côté,,,,,,,,,,,1,2,3,1,3
200500060017,0005-09-16 09:15:00,5,9,16,9,15,750,12.0,130 R DE LYON,,,Plein jour,En agglomération,Hors intersection,Pluie légère,Sans collision,,,,,,,,,,,1,2,1,2,7
200500060018,0005-09-16 16:45:00,5,9,16,16,45,750,12.0,AV DAUMESNIL AV DU POLYG,,,Plein jour,En agglomération,Intersection en T,Temps couvert,Trois véhicules et plus - en chaîne,,,,,,,,,,,1,2,3,8,4
200500060019,0005-09-17 17:40:00,5,9,17,17,40,750,13.0,AV DE CHOISY R DE TOLBIA,,,Plein jour,En agglomération,Intersection à plus de 4 branches,Temps couvert,Deux véhicules - côté,,,,,,,,,,,1,2,5,8,3
200500060020,0005-09-17 22:45:00,5,9,17,22,45,750,6.0,06 R DE MEDICIS,,,Nuit avec éclairage allumé,En agglomération,Hors intersection,Normale,Deux véhicules - côté,,,,,,,,,,,5,2,1,1,3
200500060021,0005-09-17 16:15:00,5,9,17,16,15,750,6.0,145 BD SAINT GERMAIN,,,Plein jour,En agglomération,Hors intersection,Normale,Autre collision,,,,,,,,,,,1,2,1,1,6
200500060022,0005-09-17 01:56:00,5,9,17,1,56,750,6.0,BD SAINT GERMAIN BD SAIN,,,Nuit avec éclairage allumé,En agglomération,Intersection en X,Normale,Sans collision,,,,,,,,,,,5,2,2,1,7
200500060023,0005-09-18 18:20:00,5,9,18,18,20,750,12.0,ECH BERCY R ROBERT ETLIN,,,Plein jour,En agglomération,Intersection en X,Normale,Trois véhicules et plus - collisions multiples,,,,,,,,,,,1,2,2,1,5
200500060024,0005-09-19 15:15:00,5,9,19,15,15,750,12.0,BPE BERCY CHARENTON,,,Plein jour,En agglomération,Hors intersection,Normale,Trois véhicules et plus - en chaîne,,,,,,,,,,,1,2,1,1,4
200500060025,0005-09-19 09:30:00,5,9,19,9,30,750,6.0,R D ASSAS R DE VAUGIRARD,,,Plein jour,En agglomération,Intersection en X,Normale,Autre collision,,,,,,,,,,,1,2,2,1,6
200500060026,0005-09-19 16:10:00,5,9,19,16,10,750,17.0,BPI ASNIERES CLICHY,,,Plein jour,En agglomération,Hors intersection,Normale,Deux véhicules - côté,,,,,,,,,,,1,2,1,1,3
200500060027,0005-09-03 10:00:00,5,9,3,10,0,750,16.0,BPI Q POINT DU JOUR SAIN,,,Plein jour,En agglomération,Hors intersection,Normale,Autre collision,,,,,,,,,,,1,2,1,1,6
200500060028,0005-09-08 17:20:00,5,9,8,17,20,750,18.0,BPI CLIGNANCOURT CHAPELL,,,Plein jour,En agglomération,Hors intersection,Normale,Trois véhicules et plus - en chaîne,,,,,,,,,,,1,2,1,1,4
200500060029,0005-09-12 16:15:00,5,9,12,16,15,750,12.0,BPE SAINT MANDE VINCENNE,,,Plein jour,En agglomération,Hors intersection,Normale,Autre collision,,,,,,,,,,,1,2,1,1,6
200500060030,0005-09-20 17:00:00,5,9,20,17,0,750,15.0,BPI VANVES BRANCION,,,Plein jour,En agglomération,Hors intersection,Normale,Deux véhicules - arrière,,,,,,,,,,,1,2,1,1,2
200500060031,0005-09-19 08:10:00,5,9,19,8,10,750,17.0,AV DE CLICHY R DE LA CON,,,Plein jour,En agglomération,Intersection en T,Normale,Deux véhicules - côté,,,,,,,,,,,1,2,3,1,3
200500060032,0005-09-19 17:15:00,5,9,19,17,15,750,17.0,BD BESSIERES,,,Plein jour,En agglomération,Hors intersection,Normale,Autre collision,,,,,,,,,,,1,2,1,1,6
200500060033,0005-09-19 20:10:00,5,9,19,20,10,750,20.0,29 R DES PYRENEES,,,Nuit avec éclairage allumé,En agglomération,Hors intersection,Normale,Deux véhicules - côté,,,,,,,,,,,5,2,1,1,3
200500060034,0005-09-19 23:00:00,5,9,19,23,0,750,20.0,47 BD DE MENILMONTANT,,,Nuit avec éclairage allumé,En agglomération,Hors intersection,Normale,Autre collision,,,,,,,,,,,5,2,1,1,6
200500060035,0005-09-20 16:30:00,5,9,20,16,30,750,4.0,PL DE LA BASTILLE BD BEA,,,Plein jour,En agglomération,Intersection en T,Normale,Deux véhicules - arrière,,,,,,,,,,,1,2,3,1,2
200500060036,0005-09-30 20:15:00,5,9,30,20,15,750,13.0,56 R DE PATAY,,,Nuit avec éclairage allumé,En agglomération,Hors intersection,Pluie légère,Autre collision,,,,,,,,,,,5,2,1,2,6
200500060037,0005-09-21 07:45:00,5,9,21,7,45,750,5.0,R CUJAS BD SAINT MICHEL,,,Plein jour,En agglomération,Intersection en T,Normale,Deux véhicules - côté,,,,,,,,,,,1,2,3,1,3
200500060038,0005-09-20 23:50:00,5,9,20,23,50,750,6.0,BD SAINT MICHEL R SERPEN,,,Nuit avec éclairage allumé,En agglomération,Intersection en T,Normale,Autre collision,,,,,,,,,,,5,2,3,1,6
200500060039,0005-09-20 21:50:00,5,9,20,21,50,750,6.0,49 Q GRANDS AUGUSTINS,,,Nuit avec éclairage allumé,En agglomération,Hors intersection,Normale,Deux véhicules - côté,,,,,,,,,,,5,2,1,1,3
200500060040,0005-09-20 09:10:00,5,9,20,9,10,750,8.0,SOU ETOILE,,,Plein jour,En agglomération,Hors intersection,Normale,Autre collision,,,,,,,,,,,1,2,1,1,6
200500060041,0005-09-20 15:35:00,5,9,20,15,35,750,9.0,R TAITBOUT R DE LA VICTO,,,Plein jour,En agglomération,Intersection en X,Normale,Deux véhicules - côté,,,,,,,,,,,1,2,2,1,3
200500060042,0005-09-20 10:30:00,5,9,20,10,30,750,11.0,10 PL DE LA REPUBLIQUE,,,Plein jour,En agglomération,Hors intersection,Normale,Autre collision,,,,,,,,,,,1,2,1,1,6
200500060043,0005-09-20 15:55:00,5,9,20,15,55,750,11.0,BD BEAUMARCHAIS R DU CHE,,,Plein jour,En agglomération,Intersection en T,Normale,Deux véhicules - côté,,,,,,,,,,,1,2,3,1,3
200500060044,0005-09-20 11:45:00,5,9,20,11,45,750,9.0,PL DE CLICHY R DE CLICHY,,,Plein jour,En agglomération,Intersection en T,Normale,Deux véhicules - côté,,,,,,,,,,,1,2,3,1,3
200500060045,0005-09-20 15:25:00,5,9,20,15,25,750,12.0,AV DAUMESNIL VLA JEAN GO,,,Plein jour,En agglomération,Intersection en T,Normale,Deux véhicules - côté,,,,,,,,,,,1,2,3,1,3
200500060046,0005-09-20 17:30:00,5,9,20,17,30,750,5.0,R CUVIER R LINNE,,,Plein jour,En agglomération,Intersection en T,Normale,Autre collision,,,,,,,,,,,1,2,3,1,6
200500060047,0005-09-21 00:39:00,5,9,21,0,39,750,8.0,AV CHAMPS ELYSES R DU CO,,,Nuit avec éclairage allumé,En agglomération,Intersection à plus de 4 branches,Normale,Deux véhicules - côté,,,,,,,,,,,5,2,5,1,3
200500060048,0005-09-21 11:00:00,5,9,21,11,0,750,12.0,82 AV LEDRU ROLLIN,,,Plein jour,En agglomération,Hors intersection,Normale,Sans collision,,,,,,,,,,,1,2,1,1,7
200500060049,0005-09-21 12:50:00,5,9,21,12,50,750,13.0,42 BD MASSENA,,,Plein jour,En agglomération,Hors intersection,Temps éblouissant,Sans collision,,,,,,,,,,,1,2,1,7,7
200500060050,0005-09-21 16:15:00,5,9,21,16,15,750,16.0,23 AV FOCH,,,Plein jour,En agglomération,Hors intersection,Normale,Deux véhicules - côté,,,,,,,,,,,1,2,1,1,3
200500060051,0005-09-21 10:10:00,5,9,21,10,10,750,16.0,AV NATIONS UNIES PL DE V,,,Plein jour,En agglomération,Intersection en T,Normale,Deux véhicules - arrière,,,,,,,,,,,1,2,3,1,2
200500060052,0005-09-22 12:30:00,5,9,22,12,30,750,16.0,R ERLANGER R MOLITOR,,,Plein jour,En agglomération,Intersection en X,Normale,Autre collision,,,,,,,,,,,1,2,2,1,6
200500060053,0005-09-20 15:00:00,5,9,20,15,0,750,17.0,R JOUFFR D ABBANS BD MAL,,,Plein jour,En agglomération,Intersection en X,Normale,Autre collision,,,,,,,,,,,1,2,2,1,6
200500060054,0005-09-21 13:15:00,5,9,21,13,15,750,17.0,R BREY AV DE WAGRAM,,,Plein jour,En agglomération,Intersection en Y,Normale,Sans collision,,,,,,,,,,,1,2,4,1,7
200500060055,0005-09-21 18:20:00,5,9,21,18,20,750,18.0,18 R D ORSEL,,,Plein jour,En agglomération,Hors intersection,Normale,Autre collision,,,,,,,,,,,1,2,1,1,6
200500060056,0005-09-21 19:05:00,5,9,21,19,5,750,18.0,PL CHARLES DULLIN R DANC,,,Plein jour,En agglomération,Intersection en X,Normale,Autre collision,,,,,,,,,,,1,2,2,1,6
200500060057,0005-09-21 10:15:00,5,9,21,10,15,750,18.0,R PAJOL R DE TORCY,,,Plein jour,En agglomération,Intersection en X,Normale,Deux véhicules - côté,,,,,,,,,,,1,2,2,1,3
200500060058,0005-09-21 13:08:00,5,9,21,13,8,750,4.0,R FRANCOIS MIRON R  PONT,,,Plein jour,En agglomération,Intersection en X,Normale,Deux véhicules - côté,,,,,,,,,,,1,2,2,1,3
200500060059,0005-09-21 09:50:00,5,9,21,9,50,750,6.0,48 R DE VAUGIRARD,,,Plein jour,En agglomération,Hors intersection,Normale,Autre collision,,,,,,,,,,,1,2,1,1,6
200500060060,0005-09-21 08:15:00,5,9,21,8,15,750,5.0,R LARREY R MONGE,,,Plein jour,En agglomération,Intersection en T,Normale,Deux véhicules - côté,,,,,,,,,,,1,2,3,1,3
200500060061,0005-09-21 19:53:00,5,9,21,19,53,750,12.0,164 BD DIDEROT,,,Crépuscule ou aube,En agglomération,Hors intersection,Normale,Deux véhicules - côté,,,,,,,,,,,2,2,1,1,3
200500060062,0005-09-21 19:15:00,5,9,21,19,15,750,12.0,AV PTE DE VINCENNES ECH,,,Plein jour,En agglomération,Intersection à plus de 4 branches,Normale,Deux véhicules - côté,,,,,,,,,,,1,2,5,1,3
200500060063,0005-09-21 16:10:00,5,9,21,16,10,750,19.0,AV JEAN JAURES BD DE LA,,,Plein jour,En agglomération,Intersection en X,Normale,Autre collision,,,,,,,,,,,1,2,2,1,6
200500060064,0005-09-21 15:25:00,5,9,21,15,25,750,19.0,50 R DE L OURCQ,,,Plein jour,En agglomération,Hors intersection,Normale,Autre collision,,,,,,,,,,,1,2,1,1,6
200500060065,0005-09-22 16:20:00,5,9,22,16,20,750,3.0,R REAUMUR R SAINT MARTIN,,,Plein jour,En agglomération,Intersection en X,Normale,Autre collision,,,,,,,,,,,1,2,2,1,6
200500060066,0005-09-22 18:05:00,5,9,22,18,5,750,4.0,46 R DES ARCHIVES,,,Plein jour,En agglomération,Hors intersection,Normale,Deux véhicules - côté,,,,,,,,,,,1,2,1,1,3
200500060067,0005-09-22 08:50:00,5,9,22,8,50,750,12.0,AV DAUMESNIL R DE PICPUS,,,Plein jour,En agglomération,Intersection en X,Normale,Autre collision,,,,,,,,,,,1,2,2,1,6
200500060068,0005-09-22 06:45:00,5,9,22,6,45,750,13.0,R BRUANT BD VINCENT AURI,,,Nuit avec éclairage allumé,En agglomération,Intersection en T,Normale,Autre collision,,,,,,,,,,,5,2,3,1,6
200500060069,0005-09-22 06:30:00,5,9,22,6,30,750,13.0,R EDOUARD MANET BD DE L,,,Nuit avec éclairage allumé,En agglomération,Intersection en T,Normale,Deux véhicules - frontale,,,,,,,,,,,5,2,3,1,1
200500060070,0005-09-22 09:30:00,5,9,22,9,30,750,17.0,11 BD PERSHING,,,Plein jour,En agglomération,Hors intersection,Normale,Deux véhicules - arrière,,,,,,,,,,,1,2,1,1,2
200500060071,0005-09-22 14:35:00,5,9,22,14,35,750,11.0,R FOLIE REGNAULT R LEON,,,Plein jour,En agglomération,Intersection en X,Normale,Autre collision,,,,,,,,,,,1,2,2,1,6
200500060072,0005-09-22 15:25:00,5,9,22,15,25,750,11.0,4 PASS ST PIERRE AMELOT,,,Plein jour,En agglomération,Hors intersection,Normale,Autre collision,,,,,,,,,,,1,2,1,1,6
200500060073,0005-09-22 09:15:00,5,9,22,9,15,750,11.0,R DU GRAND PRIEURE R J P,,,Plein jour,En agglomération,Intersection en X,Normale,Deux véhicules - arrière,,,,,,,,,,,1,2,2,1,2
200500060074,0005-09-22 14:40:00,5,9,22,14,40,750,14.0,R DE PLAISANCE R R LOSSE,,,Plein jour,En agglomération,Intersection en T,Normale,Autre collision,,,,,,,,,,,1,2,3,1,6
200500060075,0005-09-22 12:15:00,5,9,22,12,15,750,9.0,R DE CHATEAUDUN R DU FG,,,Plein jour,En agglomération,Intersection à plus de 4 branches,Normale,Trois véhicules et plus - collisions multiples,,,,,,,,,,,1,2,5,1,5
200500060076,0005-09-22 08:20:00,5,9,22,8,20,750,12.0,192 R DE BERCY,,,Plein jour,En agglomération,Hors intersection,Normale,Deux véhicules - arrière,,,,,,,,,,,1,2,1,1,2
200500060077,0005-09-22 07:12:00,5,9,22,7,12,750,6.0,R CASSETTE R DE RENNES,,,Crépuscule ou aube,En agglomération,Intersection en Y,Normale,Autre collision,,,,,,,,,,,2,2,4,1,6
200500060078,0005-09-22 21:10:00,5,9,22,21,10,750,12.0,L10036 RTE CEINTURE DU L,,,Nuit avec éclairage allumé,En agglomération,Hors intersection,Normale,Autre collision,,,,,,,,,,,5,2,1,1,6
200500060079,0005-09-22 14:05:00,5,9,22,14,5,750,18.0,R DUC R HERMEL,,,Plein jour,En agglomération,Intersection en X,Normale,Deux véhicules - côté,,,,,,,,,,,1,2,2,1,3
200500060080,0005-09-22 16:20:00,5,9,22,16,20,750,5.0,R SAINT JACQUES R SOUFFL,,,Plein jour,En agglomération,Intersection en X,Normale,Deux véhicules - côté,,,,,,,,,,,1,2,2,1,3
200500060081,0005-09-22 10:25:00,5,9,22,10,25,750,5.0,R CARDINAL LEMOINE R MON,,,Plein jour,En agglomération,Intersection en X,Normale,Autre collision,,,,,,,,,,,1,2,2,1,6
200500060082,0005-09-22 17:27:00,5,9,22,17,27,750,17.0,R BOULAY AV DE CLICHY,,,Plein jour,En agglomération,Intersection en T,Normale,Autre collision,,,,,,,,,,,1,2,3,1,6
200500060083,0005-09-22 16:30:00,5,9,22,16,30,750,19.0,24 AV MATHURIN MOREAU,,,Plein jour,En agglomération,Hors intersection,Normale,Deux véhicules - côté,,,,,,,,,,,1,2,1,1,3
200500060084,0005-09-23 09:15:00,5,9,23,9,15,750,12.0,L13585 Q DE BERCY,,,Plein jour,En agglomération,Hors intersection,Normale,Sans collision,,,,,,,,,,,1,2,1,1,7
200500060085,0005-09-23 14:55:00,5,9,23,14,55,750,12.0,RTE GRAND MARECHAL AV DE,,,Plein jour,En agglomération,Intersection en T,Normale,Deux véhicules - côté,,,,,,,,,,,1,2,3,1,3
200500060086,0005-09-23 14:49:00,5,9,23,14,49,750,7.0,L2563 BD DES INVALIDES,,,Plein jour,En agglomération,Hors intersection,Normale,Deux véhicules - arrière,,,,,,,,,,,1,2,1,1,2
200500060087,0005-09-04 18:45:00,5,9,4,18,45,750,15.0,R DE LA CONVENTION R DE,,,Plein jour,En agglomération,Intersection en T,Normale,Deux véhicules - côté,,,,,,,,,,,1,2,3,1,3
200500060088,0005-09-23 20:00:00,5,9,23,20,0,750,8.0,R DE LISBONNE BD MALESHE,,,Nuit avec éclairage allumé,En agglomération,Intersection en X,Normale,Deux véhicules - côté,,,,,,,,,,,5,2,2,1,3
200500060089,0005-09-23 12:30:00,5,9,23,12,30,750,11.0,AV DE LA REPUBLIQUE R SP,,,Plein jour,En agglomération,Intersection en T,Normale,Deux véhicules - côté,,,,,,,,,,,1,2,3,1,3
200500060090,0005-09-23 18:30:00,5,9,23,18,30,750,1.0,Q DES ORFEVRES PT SAINT,,,Plein jour,En agglomération,Intersection en X,Normale,Deux véhicules - côté,,,,,,,,,,,1,2,2,1,3
200500060091,0005-09-23 21:55:00,5,9,23,21,55,750,15.0,R CROIX NIVERT R MADEMOI,,,Nuit avec éclairage allumé,En agglomération,Intersection en X,Normale,Autre collision,,,,,,,,,,,5,2,2,1,6
200500060092,0005-09-23 13:45:00,5,9,23,13,45,750,5.0,R MONGE BD SAINT GERMAIN,,,Plein jour,En agglomération,Intersection en T,Normale,Autre collision,,,,,,,,,,,1,2,3,1,6
200500060093,0005-09-23 17:45:00,5,9,23,17,45,750,6.0,39 BD DU MONTPARNASSE,,,Plein jour,En agglomération,Hors intersection,Normale,Autre collision,,,,,,,,,,,1,2,1,1,6
200500060094,0005-09-24 20:16:00,5,9,24,20,16,750,8.0,32 CRS ALBERT 1ER,,,Nuit avec éclairage allumé,En agglomération,Hors intersection,Normale,Deux véhicules - côté,,,,,,,,,,,5,2,1,1,3
200500060095,0005-09-24 22:37:00,5,9,24,22,37,750,10.0,100 BD DE LA CHAPELLE,,,Nuit avec éclairage allumé,En agglomération,Hors intersection,Pluie légère,Autre collision,,,,,,,,,,,5,2,1,2,6
200500060096,0005-09-24 14:28:00,5,9,24,14,28,750,1.0,R DES PYRAMIDES R SAINT,,,Plein jour,En agglomération,Intersection en X,Normale,Deux véhicules - côté,,,,,,,,,,,1,2,2,1,3
200500060097,0005-09-24 23:40:00,5,9,24,23,40,750,1.0,R BERTIN POIREE Q DE LA,,,Nuit avec éclairage allumé,En agglomération,Intersection en T,Temps couvert,Trois véhicules et plus - en chaîne,,,,,,,,,,,5,2,3,8,4
200500060098,0005-09-24 01:40:00,5,9,24,1,40,750,9.0,R BALLU R DE VINTIMILLE,,,Nuit avec éclairage allumé,En agglomération,Intersection en X,Normale,Autre collision,,,,,,,,,,,5,2,2,1,6
200500060099,0005-09-24 01:00:00,5,9,24,1,0,750,8.0,AV CHAMPS ELYSEES R P CH,,,Nuit avec éclairage allumé,En agglomération,Intersection en T,Normale,Deux véhicules - côté,,,,,,,,,,,5,2,3,1,3
200500060100,0005-09-24 10:30:00,5,9,24,10,30,750,17.0,92 AV DE SAINT OUEN,,,Plein jour,En agglomération,Hors intersection,Pluie légère,Deux véhicules - côté,,,,,,,,,,,1,2,1,2,3
200500060101,0005-09-24 17:40:00,5,9,24,17,40,750,19.0,6 AV DE FLANDRE,,,Plein jour,En agglomération,Hors intersection,Normale,Autre collision,,,,,,,,,,,1,2,1,1,6
200500060102,0005-09-25 12:10:00,5,9,25,12,10,750,11.0,R OBERKAMPF BD RICHARD L,,,Plein jour,En agglomération,Intersection en X,Temps éblouissant,Deux véhicules - côté,,,,,,,,,,,1,2,2,7,3
200500060103,0005-09-25 12:25:00,5,9,25,12,25,750,12.0,R DE FECAMP R DE WATTIGN,,,Plein jour,En agglomération,Intersection en X,Normale,Deux véhicules - côté,,,,,,,,,,,1,2,2,1,3
200500060104,0005-09-25 10:55:00,5,9,25,10,55,750,18.0,R JOSEPH DIJON BD ORNANO,,,Plein jour,En agglomération,Intersection en Y,Normale,Autre collision,,,,,,,,,,,1,2,4,1,6
200500060105,0005-09-25 21:00:00,5,9,25,21,0,750,18.0,AV PTE CLIGNANCOURT,,,Nuit avec éclairage allumé,En agglomération,Hors intersection,Normale,Autre collision,,,,,,,,,,,5,2,1,1,6
200500060106,0005-09-25 21:20:00,5,9,25,21,20,750,15.0,R GASTON BOISSIER BD LEF,,,Nuit avec éclairage allumé,En agglomération,Intersection à plus de 4 branches,Normale,Deux véhicules - côté,,,,,,,,,,,5,2,5,1,3
200500060107,0005-09-25 15:30:00,5,9,25,15,30,750,17.0,R BERZELIUS R DE LA JONQ,,,Plein jour,En agglomération,Intersection en X,Normale,Deux véhicules - côté,,,,,,,,,,,1,2,2,1,3
200500060108,0005-09-25 19:05:00,5,9,25,19,5,750,17.0,4 R DE TOCQUEVILLE,,,Plein jour,En agglomération,Hors intersection,Normale,Autre collision,,,,,,,,,,,1,2,1,1,6
200500060109,0005-09-26 10:45:00,5,9,26,10,45,750,14.0,72 AV DENFERT-ROCHEREAU,,,Plein jour,En agglomération,Hors intersection,Normale,Autre collision,,,,,,,,,,,1,2,1,1,6
200500060110,0005-09-26 11:20:00,5,9,26,11,20,750,13.0,L2940 BD MASSENA,,,Plein jour,En agglomération,Hors intersection,Normale,Deux véhicules - côté,,,,,,,,,,,1,2,1,1,3
200500060111,0005-09-26 09:10:00,5,9,26,9,10,750,9.0,BD DES CAPUCINES PL DE L,,,Plein jour,En agglomération,Intersection en X,Normale,Trois véhicules et plus - en chaîne,,,,,,,,,,,1,2,2,1,4
200500060112,0005-09-26 13:10:00,5,9,26,13,10,750,15.0,R DALOU R DE VAUGIRARD,,,Plein jour,En agglomération,Intersection en T,Normale,Autre collision,,,,,,,,,,,1,2,3,1,6
200500060113,0005-09-26 18:20:00,5,9,26,18,20,750,7.0,BD DES INVALIDES AV DE T,,,Plein jour,En agglomération,Intersection en T,Normale,Deux véhicules - côté,,,,,,,,,,,1,2,3,1,3
200500060114,0005-09-26 07:40:00,5,9,26,7,40,750,15.0,6 BD MARTIAL VALIN,,,Plein jour,En agglomération,Hors intersection,Normale,Deux véhicules - côté,,,,,,,,,,,1,2,1,1,3
200500060115,0005-09-26 13:10:00,5,9,26,13,10,750,11.0,PL DE LA NATION AV DU TR,,,Plein jour,En agglomération,Intersection en T,Temps couvert,Deux véhicules - côté,,,,,,,,,,,1,2,3,8,3
200500060116,0005-09-26 15:25:00,5,9,26,15,25,750,2.0,3 R SAINTE FOY,,,Plein jour,En agglomération,Hors intersection,Normale,Autre collision,,,,,,,,,,,1,2,1,1,6
200500060117,0005-09-12 07:15:00,5,9,12,7,15,750,14.0,282 BD RASPAIL,,,Plein jour,En agglomération,Hors intersection,Temps couvert,Deux véhicules - côté,,,,,,,,,,,1,2,1,8,3
200500060118,0005-09-26 22:02:00,5,9,26,22,2,750,11.0,R DE CRUSSOL BD VOLTAIRE,,,Nuit avec éclairage allumé,En agglomération,Intersection en X,Normale,Deux véhicules - côté,,,,,,,,,,,5,2,2,1,3
200500060119,0005-09-26 11:40:00,5,9,26,11,40,750,8.0,VERD PT ALEXANDRE III PT,,,Plein jour,En agglomération,Hors intersection,Normale,Deux véhicules - côté,,,,,,,,,,,1,2,1,1,3
200500060120,0005-09-26 18:15:00,5,9,26,18,15,750,8.0,10 PL DE LA CONCORDE,,,Plein jour,En agglomération,Hors intersection,Normale,Deux véhicules - arrière,,,,,,,,,,,1,2,1,1,2
200500060121,0005-09-26 07:35:00,5,9,26,7,35,750,16.0,R COPERNIC AV KLEBER,,,Plein jour,En agglomération,Intersection en T,Normale,Deux véhicules - frontale,,,,,,,,,,,1,2,3,1,1
200500060122,0005-09-26 10:30:00,5,9,26,10,30,750,17.0,100 AV NIEL,,,Plein jour,En agglomération,Hors intersection,Normale,Autre collision,,,,,,,,,,,1,2,1,1,6
200500060123,0005-09-26 11:40:00,5,9,26,11,40,750,6.0,124  R DE VAUGIRARD,,,Plein jour,En agglomération,Hors intersection,Normale,Autre collision,,,,,,,,,,,1,2,1,1,6
200500060124,0005-09-26 16:20:00,5,9,26,16,20,750,4.0,QU DE L HOTEL DE VILLE R,,,Plein jour,En agglomération,Intersection en X,Normale,Deux véhicules - arrière,,,,,,,,,,,1,2,2,1,2
200500060125,0005-09-27 09:25:00,5,9,27,9,25,750,3.0,16 R DU PARC ROYAL,,,Plein jour,En agglomération,Hors intersection,Normale,Deux véhicules - arrière,,,,,,,,,,,1,2,1,1,2
200500060126,0005-09-27 12:55:00,5,9,27,12,55,750,11.0,12 R ASILE POPINCOURT,,,Plein jour,En agglomération,Hors intersection,Temps couvert,Autre collision,,,,,,,,,,,1,2,1,8,6