accident_id,datetime,annee,mois,jour,heure,minute,departement,commune_insee,adresse,latitude,longitude,luminosite,agglomeration,intersection,meteo,collision,nb_vehicules,nb_usagers,nb_indemnes,nb_tues,nb_blesses_hosp,nb_blesses_legers,age_cond_1,age_cond_2,veh_type_cond_1,veh_type_cond_2,lum_code,agg_code,int_code,atm_code,col_code
200500060127,0005-09-27 08:20:00,5,9,27,8,20,750,14.0,BD DU MONTPARNASSE R DU,,,Plein jour,En agglomération,Intersection en X,Normale,Autre collision,,,,,,,,,,,1,2,2,1,6
200500060128,0005-09-27 16:50:00,5,9,27,16,50,750,16.0,AV GORDON BENNETT AV POR,,,Plein jour,En agglomération,Intersection en T,Normale,Autre collision,,,,,,,,,,,1,2,3,1,6
200500060129,0005-09-27 14:55:00,5,9,27,14,55,750,16.0,ALL DE LONGCHAMP,,,Plein jour,En agglomération,Hors intersection,Normale,Deux véhicules - arrière,,,,,,,,,,,1,2,1,1,2
200500060130,0005-09-27 08:45:00,5,9,27,8,45,750,16.0,L10433 AV MAHATMA GANDHI,,,Plein jour,En agglomération,Hors intersection,Normale,Deux véhicules - côté,,,,,,,,,,,1,2,1,1,3
200500060131,0005-09-27 20:15:00,5,9,27,20,15,750,13.0,AV DES GOBELINS R REINE,,,Nuit avec éclairage allumé,En agglomération,Intersection en T,Pluie légère,Deux véhicules - côté,,,,,,,,,,,5,2,3,2,3
200500060132,0005-09-27 18:15:00,5,9,27,18,15,750,4.0,VERD PT D ARCOLE PT LOUI,,,Plein jour,En agglomération,Hors intersection,Normale,Sans collision,,,,,,,,,,,1,2,1,1,7
200500060133,0005-09-27 17:08:00,5,9,27,17,8,750,11.0,130 R SAINT MAUR,,,Plein jour,En agglomération,Hors intersection,Normale,Autre collision,,,,,,,,,,,1,2,1,1,6
200500060134,0005-09-17 20:40:00,5,9,17,20,40,750,19.0,BPE LILAS PRES SAINT GER,,,Nuit avec éclairage allumé,En agglomération,Hors intersection,Normale,Deux véhicules - arrière,,,,,,,,,,,5,2,1,1,2
200500060135,0005-09-19 07:45:00,5,9,19,7,45,750,19.0,BPE PANTIN VILLETTE,,,Plein jour,En agglomération,Hors intersection,Normale,Autre collision,,,,,,,,,,,1,2,1,1,6
200500060136,0005-09-19 11:10:00,5,9,19,11,10,750,8.0,28 BD MALESHERBES,,,Plein jour,En agglomération,Hors intersection,Normale,Deux véhicules - côté,,,,,,,,,,,1,2,1,1,3
200500060137,0005-09-23 08:00:00,5,9,23,8,0,750,12.0,L1384 Q DE BERCY,,,Plein jour,En agglomération,Hors intersection,Normale,Deux véhicules - côté,,,,,,,,,,,1,2,1,1,3
200500060138,0005-09-23 09:45:00,5,9,23,9,45,750,20.0,R DE LA PLAINE R DES PYR,,,Plein jour,En agglomération,Intersection en X,Normale,Autre collision,,,,,,,,,,,1,2,2,1,6
200500060139,0005-09-23 17:15:00,5,9,23,17,15,750,20.0,R DULAURE BD MORTIER,,,Plein jour,En agglomération,Intersection en T,Normale,Deux véhicules - côté,,,,,,,,,,,1,2,3,1,3
200500060140,0005-09-02 23:00:00,5,9,2,23,0,750,20.0,ECH VINCENNES,,,Nuit avec éclairage allumé,En agglomération,Hors intersection,Normale,Trois véhicules et plus - en chaîne,,,,,,,,,,,5,2,1,1,4
200500060141,0005-09-03 16:50:00,5,9,3,16,50,750,20.0,BPE VINCENNES MONTREUIL,,,Plein jour,En agglomération,Hors intersection,Normale,Trois véhicules et plus - en chaîne,,,,,,,,,,,1,2,1,1,4
200500060142,0005-09-09 09:50:00,5,9,9,9,50,750,20.0,BPE VINCENNES MONTREUIL,,,Plein jour,En agglomération,Hors intersection,Normale,Trois véhicules et plus - en chaîne,,,,,,,,,,,1,2,1,1,4
200500060143,0005-09-09 20:30:00,5,9,9,20,30,750,14.0,BPE ORLEANS GENTILLY,,,Nuit avec éclairage allumé,En agglomération,Hors intersection,Normale,Deux véhicules - arrière,,,,,,,,,,,5,2,1,1,2
200500060144,0005-09-09 15:00:00,5,9,9,15,0,750,12.0,BPE CHARENTON DOREE,,,Plein jour,En agglomération,Hors intersection,Normale,Deux véhicules - côté,,,,,,,,,,,1,2,1,1,3
200500060145,0005-09-10 11:15:00,5,9,10,11,15,750,13.0,BPI BERCY GARE,,,Plein jour,En agglomération,Hors intersection,Normale,Trois véhicules et plus - en chaîne,,,,,,,,,,,1,2,1,1,4
200500060146,0005-09-11 20:35:00,5,9,11,20,35,750,14.0,ECH ORLEANS,,,Nuit avec éclairage allumé,En agglomération,Hors intersection,Pluie légère,Autre collision,,,,,,,,,,,5,2,1,2,6
200500060147,0005-09-12 18:50:00,5,9,12,18,50,750,15.0,BPE ISSY LES MLX SEVRES,,,Plein jour,En agglomération,Hors intersection,Normale,Deux véhicules - côté,,,,,,,,,,,1,2,1,1,3
200500060148,0005-09-13 10:05:00,5,9,13,10,5,750,13.0,BPI ITALIE GENTILLY,,,Plein jour,En agglomération,Hors intersection,Temps couvert,Sans collision,,,,,,,,,,,1,2,1,8,7
200500060149,0005-09-14 01:00:00,5,9,14,1,0,750,16.0,BPE MOLITOR SAINT CLOUD,,,Nuit avec éclairage allumé,En agglomération,Hors intersection,Normale,Autre collision,,,,,,,,,,,5,2,1,1,6
200500060150,0005-09-14 15:30:00,5,9,14,15,30,750,16.0,BPE  MAILLOT DAUPHINE,,,Plein jour,En agglomération,Hors intersection,Normale,Deux véhicules - côté,,,,,,,,,,,1,2,1,1,3
200500060151,0005-09-14 18:30:00,5,9,14,18,30,750,17.0,BPI CLICHY SAINT OUEN,,,Plein jour,En agglomération,Hors intersection,Normale,Deux véhicules - côté,,,,,,,,,,,1,2,1,1,3
200500060152,0005-09-15 16:10:00,5,9,15,16,10,750,16.0,BPE MOLITOR SAINT CLOUD,,,Plein jour,En agglomération,Hors intersection,Normale,Deux véhicules - côté,,,,,,,,,,,1,2,1,1,3
200500060153,0005-09-16 12:55:00,5,9,16,12,55,750,17.0,BPI TERNES CHAMPERRET,,,Plein jour,En agglomération,Hors intersection,Normale,Deux véhicules - arrière,,,,,,,,,,,1,2,1,1,2
200500060154,0005-09-16 20:00:00,5,9,16,20,0,750,15.0,BPE SEVRES PLAINE,,,Plein jour,En agglomération,Hors intersection,Normale,Deux véhicules - côté,,,,,,,,,,,1,2,1,1,3
200500060155,0005-09-18 16:00:00,5,9,18,16,0,750,18.0,BPI SAINT OUEN CLIGNANCO,,,Plein jour,En agglomération,Hors intersection,Normale,Trois véhicules et plus - en chaîne,,,,,,,,,,,1,2,1,1,4
200500060156,0005-09-24 21:00:00,5,9,24,21,0,750,20.0,R DES ORTEAUX R DES RASS,,,Crépuscule ou aube,En agglomération,Intersection en T,Normale,Autre collision,,,,,,,,,,,2,2,3,1,6
200500060157,0005-09-24 14:10:00,5,9,24,14,10,750,20.0,AV PTE DE MONTREUIL PL P,,,Plein jour,En agglomération,Intersection en T,Normale,Deux véhicules - arrière,,,,,,,,,,,1,2,3,1,2
200500060158,0005-09-25 20:45:00,5,9,25,20,45,750,13.0,BPE GENTILLY ITALIE,,,Nuit avec éclairage allumé,En agglomération,Hors intersection,Normale,Autre collision,,,,,,,,,,,5,2,1,1,6
200500060159,0005-09-25 13:54:00,5,9,25,13,54,750,20.0,R DES HAIES R PLANCHAT,,,Plein jour,En agglomération,Intersection en T,Normale,Deux véhicules - frontale,,,,,,,,,,,1,2,3,1,1
200500060160,0005-09-25 10:05:00,5,9,25,10,5,750,20.0,R DES ORTEAUX R DES PYRE,,,Plein jour,En agglomération,Intersection à plus de 4 branches,Normale,Trois véhicules et plus - collisions multiples,,,,,,,,,,,1,2,5,1,5
200500060161,0005-09-25 15:00:00,5,9,25,15,0,750,10.0,BD DE LA CHAPELLE R CHAT,,,Plein jour,En agglomération,Intersection en T,Normale,Deux véhicules - côté,,,,,,,,,,,1,2,3,1,3
200500060162,0005-09-25 21:50:00,5,9,25,21,50,750,19.0,67 R DE BELLEVILLE,,,Nuit avec éclairage allumé,En agglomération,Hors intersection,Normale,Deux véhicules - arrière,,,,,,,,,,,5,2,1,1,2
200500060163,0005-09-25 18:30:00,5,9,25,18,30,750,19.0,R EMILE BOLLAERT AV P AU,,,Plein jour,En agglomération,Intersection en X,Normale,Deux véhicules - côté,,,,,,,,,,,1,2,2,1,3
200500060164,0005-09-26 17:00:00,5,9,26,17,0,750,14.0,96 BD ARAGO,,,Plein jour,En agglomération,Hors intersection,Normale,Deux véhicules - côté,,,,,,,,,,,1,2,1,1,3
200500060165,0005-09-26 16:45:00,5,9,26,16,45,750,17.0,BD DU FORT DE VAUX AV D,,,Plein jour,En agglomération,Intersection en X,Normale,Autre collision,,,,,,,,,,,1,2,2,1,6
200500060166,0005-09-26 17:35:00,5,9,26,17,35,750,17.0,30 R JOUFFROY D ABBANS,,,Plein jour,En agglomération,Hors intersection,Normale,Autre collision,,,,,,,,,,,1,2,1,1,6
200500060167,0005-09-26 22:50:00,5,9,26,22,50,750,13.0,186 AV D ITALIE,,,Nuit avec éclairage allumé,En agglomération,Hors intersection,Normale,Autre collision,,,,,,,,,,,5,2,1,1,6
200500060168,0005-09-27 09:09:00,5,9,27,9,9,750,15.0,R GERBERT R DE VAUGIRARD,,,Plein jour,En agglomération,Intersection en T,Normale,Autre collision,,,,,,,,,,,1,2,3,1,6
200500060169,0005-09-27 21:05:00,5,9,27,21,5,750,7.0,L670 PT DE LA CONCORDE,,,Nuit avec éclairage allumé,En agglomération,Hors intersection,Pluie légère,Autre collision,,,,,,,,,,,5,2,1,2,6
200500060170,0005-09-27 08:40:00,5,9,27,8,40,750,15.0,26 R DESAIX,,,Plein jour,En agglomération,Hors intersection,Normale,Autre collision,,,,,,,,,,,1,2,1,1,6
200500060171,0005-09-27 20:10:00,5,9,27,20,10,750,8.0,R FRANCOIS 1ER R DE LA T,,,Nuit avec éclairage allumé,En agglomération,Intersection en T,Pluie légère,Deux véhicules - côté,,,,,,,,,,,5,2,3,2,3
200500060172,0005-09-27 21:40:00,5,9,27,21,40,750,7.0,R DE GRENELLE BD RASPAIL,,,Nuit avec éclairage allumé,En agglomération,Intersection en X,Pluie légère,Deux véhicules - arrière,,,,,,,,,,,5,2,2,2,2
200500060173,0005-09-27 14:05:00,5,9,27,14,5,750,7.0,AV DU MAL GALLIENI R DE,,,Plein jour,En agglomération,Intersection en X,Normale,Autre collision,,,,,,,,,,,1,2,2,1,6
200500060174,0005-09-27 20:30:00,5,9,27,20,30,750,12.0,98 Q DE LA RAPEE,,,Nuit avec éclairage allumé,En agglomération,Hors intersection,Pluie légère,Deux véhicules - arrière,,,,,,,,,,,5,2,1,2,2
200500060175,0005-09-27 12:58:00,5,9,27,12,58,750,20.0,BD DAVOUT R SERPOLLET,,,Plein jour,En agglomération,Intersection en T,Normale,Deux véhicules - côté,,,,,,,,,,,1,2,3,1,3
200500060176,0005-09-27 21:00:00,5,9,27,21,0,750,10.0,PL COLONEL FABIEN R GRGE,,,Nuit avec éclairage allumé,En agglomération,Intersection en T,Pluie légère,Sans collision,,,,,,,,,,,5,2,3,2,7
200500060177,0005-09-27 13:30:00,5,9,27,13,30,750,1.0,R DE RIVOLI R SAINT ROCH,,,Plein jour,En agglomération,Intersection en T,Normale,Autre collision,,,,,,,,,,,1,2,3,1,6
200500060178,0005-09-27 12:25:00,5,9,27,12,25,750,12.0,156 BD DIDEROT,,,Plein jour,En agglomération,Hors intersection,Normale,Autre collision,,,,,,,,,,,1,2,1,1,6
200500060179,0005-09-27 11:35:00,5,9,27,11,35,750,12.0,R FABRE EGLANTINE PL DE,,,Plein jour,En agglomération,Intersection en X,Normale,Autre collision,,,,,,,,,,,1,2,2,1,6
200500060180,0005-09-27 19:55:00,5,9,27,19,55,750,5.0,142 R MOUFFETARD,,,Nuit avec éclairage allumé,En agglomération,Hors intersection,Pluie légère,Autre collision,,,,,,,,,,,5,2,1,2,6
200500060181,0005-09-27 18:05:00,5,9,27,18,5,750,5.0,R DES BERNARDINS BD SAIN,,,Plein jour,En agglomération,Intersection en X,Pluie légère,Autre collision,,,,,,,,,,,1,2,2,2,6
200500060182,0005-09-27 18:50:00,5,9,27,18,50,750,5.0,40 R SAINT JACQUES,,,Nuit avec éclairage allumé,En agglomération,Hors intersection,Pluie légère,Deux véhicules - arrière,,,,,,,,,,,5,2,1,2,2
200500060183,0005-09-27 08:15:00,5,9,27,8,15,750,19.0,25 R MANIN,,,Plein jour,En agglomération,Hors intersection,Normale,Deux véhicules - frontale,,,,,,,,,,,1,2,1,1,1
200500060184,0005-09-28 23:50:00,5,9,28,23,50,750,19.0,BD DE LA COMMANDERIE R S,,,Nuit avec éclairage allumé,En agglomération,Intersection en X,Normale,Deux véhicules - côté,,,,,,,,,,,5,2,2,1,3
200500060185,0005-09-28 18:00:00,5,9,28,18,0,750,12.0,80 AV ST MANDE,,,Plein jour,En agglomération,Hors intersection,Normale,Deux véhicules - côté,,,,,,,,,,,1,2,1,1,3
200500060186,0005-09-28 13:20:00,5,9,28,13,20,750,17.0,R BELIDOR BD GOUVION ST,,,Plein jour,En agglomération,Intersection en X,Normale,Deux véhicules - côté,,,,,,,,,,,1,2,2,1,3
200500060187,0005-09-28 08:40:00,5,9,28,8,40,750,13.0,L5976 QU D IVRY,,,Plein jour,En agglomération,Hors intersection,Normale,Deux véhicules - frontale,,,,,,,,,,,1,2,1,1,1
200500060188,0005-09-28 11:42:00,5,9,28,11,42,750,13.0,178 AV D ITALIE,,,Plein jour,En agglomération,Hors intersection,Normale,Autre collision,,,,,,,,,,,1,2,1,1,6
200500060189,0005-09-28 15:35:00,5,9,28,15,35,750,3.0,74 R DES GRAVILLIERS,,,Plein jour,En agglomération,Hors intersection,Normale,Autre collision,,,,,,,,,,,1,2,1,1,6
200500060190,0005-09-28 17:40:00,5,9,28,17,40,750,9.0,R LAFAYETTE R PAPILLON,,,Plein jour,En agglomération,Intersection en X,Temps couvert,Deux véhicules - côté,,,,,,,,,,,1,2,2,8,3
200500060191,0005-09-28 14:00:00,5,9,28,14,0,750,18.0,BD BARBES R ORDENER,,,Plein jour,En agglomération,Intersection en X,Normale,Deux véhicules - côté,,,,,,,,,,,1,2,2,1,3
200500060192,0005-09-28 23:58:00,5,9,28,23,58,750,15.0,AV DE LA PTE DE SEVRES B,,,Nuit avec éclairage allumé,En agglomération,Intersection en X,Normale,Deux véhicules - côté,,,,,,,,,,,5,2,2,1,3
200500060193,0005-09-28 09:15:00,5,9,28,9,15,750,16.0,AV KLEBER R  ST DIDIER,,,Plein jour,En agglomération,Intersection en X,Normale,Deux véhicules - côté,,,,,,,,,,,1,2,2,1,3
200500060194,0005-09-28 21:15:00,5,9,28,21,15,750,8.0,AV MATIGNON R PENTHIEVRE,,,Nuit avec éclairage allumé,En agglomération,Intersection en X,Normale,Deux véhicules - côté,,,,,,,,,,,5,2,2,1,3
200500060195,0005-09-28 17:18:00,5,9,28,17,18,750,11.0,128 AV LEDRU ROLLIN,,,Plein jour,En agglomération,Hors intersection,Normale,Autre collision,,,,,,,,,,,1,2,1,1,6
200500060196,0005-09-28 11:05:00,5,9,28,11,5,750,10.0,R LAFAYETTE BD MAGENTA,,,Plein jour,En agglomération,Intersection en X,Normale,Deux véhicules - côté,,,,,,,,,,,1,2,2,1,3
200500060197,0005-09-28 09:20:00,5,9,28,9,20,750,1.0,QU DE LA MEGISSERIE R MO,,,Plein jour,En agglomération,Intersection en X,Normale,Sans collision,,,,,,,,,,,1,2,2,1,7
200500060198,0005-09-28 17:55:00,5,9,28,17,55,750,14.0,PL DENFERT ROCHEREAU AV,,,Plein jour,En agglomération,Intersection en X,Normale,Deux véhicules - côté,,,,,,,,,,,1,2,2,1,3
200500060199,0005-09-28 12:15:00,5,9,28,12,15,750,14.0,R D ALESIA AV DU GENERAL,,,Plein jour,En agglomération,Intersection en X,Normale,Autre collision,,,,,,,,,,,1,2,2,1,6
200500060200,0005-09-28 15:15:00,5,9,28,15,15,750,12.0,106 BD DIDEROT,,,Plein jour,En agglomération,Hors intersection,Normale,Deux véhicules - côté,,,,,,,,,,,1,2,1,1,3
200500060201,0005-09-28 19:30:00,5,9,28,19,30,750,14.0,R D ALESIA R COUCHE,,,Nuit avec éclairage allumé,En agglomération,Intersection en X,Pluie légère,Autre collision,,,,,,,,,,,5,2,2,2,6
200500060202,0005-09-28 02:05:00,5,9,28,2,5,750,5.0,BD DE L HOPITAL PL VALHU,,,Nuit avec éclairage allumé,En agglomération,Intersection en X,Normale,Autre collision,,,,,,,,,,,5,2,2,1,6
200500060203,0005-09-28 14:50:00,5,9,28,14,50,750,5.0,5 QU SAINT BERNARD,,,Plein jour,En agglomération,Hors intersection,Normale,Trois véhicules et plus - en chaîne,,,,,,,,,,,1,2,1,1,4
200500060204,0005-09-28 09:30:00,5,9,28,9,30,750,12.0,PL DE LA BASTILLE R DE C,,,Plein jour,En agglomération,Intersection en X,Normale,Deux véhicules - arrière,,,,,,,,,,,1,2,2,1,2
200500060205,0005-09-29 01:26:00,5,9,29,1,26,750,18.0,PL DES ABBESSES R DES AB,,,Nuit avec éclairage allumé,En agglomération,Intersection en T,Normale,Deux véhicules - côté,,,,,,,,,,,5,2,3,1,3
200500060206,0005-09-29 11:50:00,5,9,29,11,50,750,11.0,R LEON FROT R MERCOEUR,,,Plein jour,En agglomération,Intersection en X,Temps couvert,Deux véhicules - côté,,,,,,,,,,,1,2,2,8,3
200500060207,0005-09-29 13:30:00,5,9,29,13,30,750,15.0,AV ERNEST RENAN R ORADOU,,,Plein jour,En agglomération,Intersection en X,Normale,Autre collision,,,,,,,,,,,1,2,2,1,6
200500060208,0005-09-29 06:40:00,5,9,29,6,40,750,15.0,AV DE LOWENDAL AV DE SUF,,,Plein jour,En agglomération,Intersection en X,Pluie forte,Autre collision,,,,,,,,,,,1,2,2,3,6
200500060209,0005-09-29 19:20:00,5,9,29,19,20,750,13.0,94 R DE  TOLBIAC,,,Crépuscule ou aube,En agglomération,Hors intersection,Normale,Deux véhicules - côté,,,,,,,,,,,2,2,1,1,3
200500060210,0005-09-29 19:40:00,5,9,29,19,40,750,16.0,20 R ERLANGER,,,Crépuscule ou aube,En agglomération,Hors intersection,Normale,Deux véhicules - côté,,,,,,,,,,,2,2,1,1,3
200500060211,0005-09-29 20:20:00,5,9,29,20,20,750,16.0,152 AV MALAKOFF,,,Nuit avec éclairage allumé,En agglomération,Hors intersection,Normale,Deux véhicules - côté,,,,,,,,,,,5,2,1,1,3
200500060212,0005-09-29 10:35:00,5,9,29,10,35,750,16.0,5 BD MURAT,,,Plein jour,En agglomération,Hors intersection,Normale,Autre collision,,,,,,,,,,,1,2,1,1,6
200500060213,0005-09-29 08:35:00,5,9,29,8,35,750,16.0,L8653 VERD PT DU GARIGLI,,,Plein jour,En agglomération,Hors intersection,Normale,Deux véhicules - côté,,,,,,,,,,,1,2,1,1,3
200500060214,0005-09-29 01:20:00,5,9,29,1,20,750,16.0,ALL DU BORD DE L EAU,,,Nuit avec éclairage allumé,En agglomération,Hors intersection,Normale,Autre collision,,,,,,,,,,,5,2,1,1,6
200500060215,0005-09-29 16:20:00,5,9,29,16,20,750,16.0,AV ALPHAND R DURET,,,Plein jour,En agglomération,Intersection en T,Normale,Autre collision,,,,,,,,,,,1,2,3,1,6
200500060216,0005-09-29 15:40:00,5,9,29,15,40,750,16.0,16 R MARBEAU,,,Plein jour,En agglomération,Hors intersection,Normale,Autre collision,,,,,,,,,,,1,2,1,1,6
200500060217,0005-09-29 12:20:00,5,9,29,12,20,750,13.0,R MICHEL PETER BD SAINT,,,Plein jour,En agglomération,Intersection en T,Normale,Autre collision,,,,,,,,,,,1,2,3,1,6
200500060218,0005-09-29 20:15:00,5,9,29,20,15,750,2.0,R DE PORT MAHON R QUATRE,,,Nuit avec éclairage allumé,En agglomération,Intersection en Y,Normale,Deux véhicules - côté,,,,,,,,,,,5,2,4,1,3
200500060219,0005-09-29 13:40:00,5,9,29,13,40,750,18.0,BD NEY AV PTE MONTMARTRE,,,Plein jour,En agglomération,Intersection en X,Temps couvert,Deux véhicules - arrière,,,,,,,,,,,1,2,2,8,2
200500060220,0005-09-29 16:20:00,5,9,29,16,20,750,12.0,PT CH DE GAULLE Q DE LA,,,Plein jour,En agglomération,Intersection en T,Normale,Deux véhicules - côté,,,,,,,,,,,1,2,3,1,3
200500060221,0005-09-29 18:50:00,5,9,29,18,50,750,15.0,46  R DE VOUILLE,,,Crépuscule ou aube,En agglomération,Hors intersection,Normale,Autre collision,,,,,,,,,,,2,2,1,1,6
200500060222,0005-09-29 18:10:00,5,9,29,18,10,750,15.0,70 R CASTAGNARY,,,Plein jour,En agglomération,Hors intersection,Normale,Autre collision,,,,,,,,,,,1,2,1,1,6
200500060223,0005-09-29 11:40:00,5,9,29,11,40,750,12.0,BD DE LA BASTILLE PL DE,,,Plein jour,En agglomération,Intersection en T,Normale,Sans collision,,,,,,,,,,,1,2,3,1,7
200500060224,0005-09-29 07:45:00,5,9,29,7,45,750,7.0,24 BD RASPAIL,,,Crépuscule ou aube,En agglomération,Hors intersection,Pluie légère,Deux véhicules - arrière,,,,,,,,,,,2,2,1,2,2
200500060225,0005-09-29 14:35:00,5,9,29,14,35,750,7.0,PL JOFFRE AV DE SUFFREN,,,Plein jour,En agglomération,Intersection à plus de 4 branches,Normale,Autre collision,,,,,,,,,,,1,2,5,1,6
200500060226,0005-09-29 11:15:00,5,9,29,11,15,750,8.0,R FRANCOIS 1ER R PIERRE,,,Plein jour,En agglomération,Intersection en X,Normale,Deux véhicules - côté,,,,,,,,,,,1,2,2,1,3
200500060227,0005-09-29 13:25:00,5,9,29,13,25,750,8.0,82 R DE ROME,,,Plein jour,En agglomération,Hors intersection,Temps couvert,Deux véhicules - arrière,,,,,,,,,,,1,2,1,8,2
200500060228,0005-09-29 08:55:00,5,9,29,8,55,750,6.0,53 Q GRANDS AUGUSTINS,,,Plein jour,En agglomération,Hors intersection,Normale,Trois véhicules et plus - en chaîne,,,,,,,,,,,1,2,1,1,4
200500060229,0005-09-29 23:30:00,5,9,29,23,30,750,3.0,R SAINT MARTIN R DE TURB,,,Nuit avec éclairage allumé,En agglomération,Intersection en X,Normale,Sans collision,,,,,,,,,,,5,2,2,1,7
200500060230,0005-09-29 10:30:00,5,9,29,10,30,750,10.0,BD DE LA CHAPELLE BD DE,,,Plein jour,En agglomération,Intersection en X,Pluie légère,Autre collision,,,,,,,,,,,1,2,2,2,6
200500060231,0005-09-29 17:10:00,5,9,29,17,10,750,10.0,R MARTEL R PETITES ECURI,,,Plein jour,En agglomération,Intersection en T,Normale,Autre collision,,,,,,,,,,,1,2,3,1,6
200500060232,0005-09-29 06:40:00,5,9,29,6,40,750,5.0,R DES ECOLES R SAINT JAC,,,Crépuscule ou aube,En agglomération,Intersection en X,Normale,Deux véhicules - côté,,,,,,,,,,,2,2,2,1,3
200500060233,0005-09-29 11:45:00,5,9,29,11,45,750,19.0,6 R BARBANEGRE,,,Plein jour,En agglomération,Hors intersection,Normale,Autre collision,,,,,,,,,,,1,2,1,1,6
200500060234,0005-09-30 09:20:00,5,9,30,9,20,750,16.0,68 AV HENRI MARTIN,,,Plein jour,En agglomération,Hors intersection,Normale,Autre collision,,,,,,,,,,,1,2,1,1,6
200500060235,0005-09-30 18:00:00,5,9,30,18,0,750,18.0,R BACHELET R CUSTINE,,,Plein jour,En agglomération,Intersection en T,Pluie légère,Sans collision,,,,,,,,,,,1,2,3,2,7
200500060236,0005-09-30 16:50:00,5,9,30,16,50,750,18.0,SQ DE CLIGNACOURT R ORDE,,,Plein jour,En agglomération,Intersection en T,Pluie légère,Autre collision,,,,,,,,,,,1,2,3,2,6
200500060237,0005-09-30 19:30:00,5,9,30,19,30,750,18.0,AV DE CLICHY R PIERRE GI,,,Nuit avec éclairage allumé,En agglomération,Intersection en T,Pluie légère,Trois véhicules et plus - collisions multiples,,,,,,,,,,,5,2,3,2,5
200500060238,0005-09-30 17:35:00,5,9,30,17,35,750,12.0,R DE CHARENTON R DES JAR,,,Plein jour,En agglomération,Intersection en X,Normale,Deux véhicules - côté,,,,,,,,,,,1,2,2,1,3
200500060239,0005-09-30 13:30:00,5,9,30,13,30,750,14.0,R COULMIERS AV DU GAL LE,,,Plein jour,En agglomération,Intersection en X,Pluie légère,Autre collision,,,,,,,,,,,1,2,2,2,6
200500060240,0005-09-30 17:00:00,5,9,30,17,0,750,14.0,74 AV DENFERT ROCHEREAU,,,Plein jour,En agglomération,Hors intersection,Normale,Sans collision,,,,,,,,,,,1,2,1,1,7
200500060241,0005-09-30 23:25:00,5,9,30,23,25,750,13.0,L4945 R BOBILLOT,,,Nuit avec éclairage allumé,En agglomération,Hors intersection,Pluie légère,Autre collision,,,,,,,,,,,5,2,1,2,6
200500060242,0005-09-30 09:06:00,5,9,30,9,6,750,5.0,R BERTHOLET R CLAUDE BER,,,Plein jour,En agglomération,Intersection en X,Normale,Deux véhicules - côté,,,,,,,,,,,1,2,2,1,3
200500060243,0005-09-30 23:00:00,5,9,30,23,0,750,5.0,R PIERRE NICOLE R DU VAL,,,Nuit avec éclairage allumé,En agglomération,Intersection en X,Pluie légère,Deux véhicules - côté,,,,,,,,,,,5,2,2,2,3
200500060244,0005-09-30 13:15:00,5,9,30,13,15,750,12.0,16 BD DE LA BASTILLE,,,Plein jour,En agglomération,Hors intersection,Pluie forte,Autre collision,,,,,,,,,,,1,2,1,3,6
200500060245,0005-09-30 23:35:00,5,9,30,23,35,750,16.0,76 AV PAUL DOUMER,,,Nuit avec éclairage allumé,En agglomération,Hors intersection,Pluie légère,Autre collision,,,,,,,,,,,5,2,1,2,6
200500060246,0005-09-30 18:35:00,5,9,30,18,35,750,16.0,PL DE BOLIVIE AV DU PRES,,,Plein jour,En agglomération,Intersection en X,Pluie légère,Autre collision,,,,,,,,,,,1,2,2,2,6
200500060247,0005-09-30 23:00:00,5,9,30,23,0,750,17.0,10 AV WAGRAM,,,Nuit avec éclairage allumé,En agglomération,Hors intersection,Pluie légère,Sans collision,,,,,,,,,,,5,2,1,2,7
200500060248,0005-09-30 09:40:00,5,9,30,9,40,750,11.0,252 BD VOLTAIRE,,,Plein jour,En agglomération,Hors intersection,Normale,Deux véhicules - côté,,,,,,,,,,,1,2,1,1,3
200500060249,0005-09-30 21:10:00,5,9,30,21,10,750,13.0,R JACQUES DESTREES R DE,,,Nuit avec éclairage allumé,En agglomération,Intersection en X,Pluie légère,Deux véhicules - côté,,,,,,,,,,,5,2,2,2,3
200500060250,0005-09-30 20:15:00,5,9,30,20,15,750,13.0,33 PL JEANNE D ARC,,,Nuit avec éclairage allumé,En agglomération,Hors intersection,Pluie légère,Autre collision,,,,,,,,,,,5,2,1,2,6
200500060251,0005-09-30 09:50:00,5,9,30,9,50,750,9.0,BD CLICHY R DE DOUAI,,,Plein jour,En agglomération,Intersection en X,Normale,Deux véhicules - côté,,,,,,,,,,,1,2,2,1,3
200500060252,0005-09-30 12:30:00,5,9,30,12,30,750,9.0,R DE CLICHY R DE LONDRES,,,Plein jour,En agglomération,Intersection en X,Normale,Deux véhicules - côté,,,,,,,,,,,1,2,2,1,3
200500060253,0005-09-30 14:27:00,5,9,30,14,27,750,9.0,R CHAUSSEE D ANTIN,,,Plein jour,En agglomération,Intersection en X,Temps couvert,Deux véhicules - côté,,,,,,,,,,,1,2,2,8,3
200500060254,0005-09-30 13:35:00,5,9,30,13,35,750,9.0,R DE CHATEAUDUN R DE MAU,,,Plein jour,En agglomération,Intersection en X,Pluie légère,Deux véhicules - côté,,,,,,,,,,,1,2,2,2,3
200500060255,0005-09-30 13:30:00,5,9,30,13,30,750,19.0,R E PAILLERON AV SIMON B,,,Plein jour,En agglomération,Intersection en T,Normale,Deux véhicules - arrière,,,,,,,,,,,1,2,3,1,2
200500060256,0005-09-30 20:45:00,5,9,30,20,45,750,10.0,256 R FG SAINT MARTIN,,,Nuit avec éclairage allumé,En agglomération,Hors intersection,Pluie légère,Trois véhicules et plus - collisions multiples,,,,,,,,,,,5,2,1,2,5