accident_id,datetime,annee,mois,jour,heure,minute,departement,commune_insee,adresse,latitude,longitude,luminosite,agglomeration,intersection,meteo,collision,nb_vehicules,nb_usagers,nb_indemnes,nb_tues,nb_blesses_hosp,nb_blesses_legers,age_cond_1,age_cond_2,veh_type_cond_1,veh_type_cond_2,lum_code,agg_code,int_code,atm_code,col_code
200500060257,0005-09-30 12:45:00,5,9,30,12,45,750,10.0,R LAFAYETTE BD MAGENTA,,,Plein jour,En agglomération,Intersection en X,Pluie légère,Deux véhicules - côté,,,,,,,,,,,1,2,2,2,3
200500060258,0005-09-30 19:05:00,5,9,30,19,5,750,12.0,AV DAUMESNIL RTE DE LA T,,,Nuit avec éclairage allumé,En agglomération,Intersection en X,Pluie légère,Deux véhicules - arrière,,,,,,,,,,,5,2,2,2,2
200500060259,0005-09-30 20:10:00,5,9,30,20,10,750,11.0,202 R DE LA ROQUETTE,,,Nuit avec éclairage allumé,En agglomération,Hors intersection,Pluie légère,Deux véhicules - arrière,,,,,,,,,,,5,2,1,2,2
200500060260,0005-09-30 13:15:00,5,9,30,13,15,750,11.0,2 BD VOLTAIRE,,,Plein jour,En agglomération,Hors intersection,Pluie légère,Deux véhicules - côté,,,,,,,,,,,1,2,1,2,3
200500060261,0005-09-30 16:08:00,5,9,30,16,8,750,15.0,R DE L ARMORIQUE R D ARS,,,Plein jour,En agglomération,Intersection en T,Pluie légère,Deux véhicules - côté,,,,,,,,,,,1,2,3,2,3
200500060262,0005-09-30 21:50:00,5,9,30,21,50,750,15.0,R CLAUDE GARAMOND,,,Nuit avec éclairage allumé,En agglomération,Hors intersection,Pluie légère,Autre collision,,,,,,,,,,,5,2,1,2,6
200500060263,0005-09-30 17:50:00,5,9,30,17,50,750,11.0,R FBG ST ANTOINE PASS DE,,,Plein jour,En agglomération,Intersection en X,Pluie légère,Deux véhicules - côté,,,,,,,,,,,1,2,2,2,3
200500060264,0005-09-30 15:05:00,5,9,30,15,5,750,11.0,6 AV TAILLEBOURG,,,Plein jour,En agglomération,Hors intersection,Pluie légère,Deux véhicules - côté,,,,,,,,,,,1,2,1,2,3
200500060265,0005-09-30 19:35:00,5,9,30,19,35,750,4.0,50 R DE RIVOLI,,,Nuit avec éclairage allumé,En agglomération,Hors intersection,Pluie forte,Sans collision,,,,,,,,,,,5,2,1,3,7
200500060266,0005-09-21 09:40:00,5,9,21,9,40,750,18.0,R DE L EVANGILE R MOUSSO,,,Plein jour,En agglomération,Intersection en T,Normale,Autre collision,,,,,,,,,,,1,2,3,1,6
200500060267,0005-09-01 21:15:00,5,9,1,21,15,750,16.0,BPI DAUPHINE MAILLOT,,,Nuit avec éclairage allumé,En agglomération,Hors intersection,Normale,Deux véhicules - côté,,,,,,,,,,,5,2,1,1,3
200500060268,0005-09-08 09:55:00,5,9,8,9,55,750,13.0,BPI GARE IVRY,,,Plein jour,En agglomération,Hors intersection,Normale,Sans collision,,,,,,,,,,,1,2,1,1,7
200500060269,0005-09-10 13:50:00,5,9,10,13,50,750,13.0,BPI GARE IVRY,,,Plein jour,En agglomération,Hors intersection,Pluie forte,Trois véhicules et plus - en chaîne,,,,,,,,,,,1,2,1,3,4
200500060270,0005-09-10 13:30:00,5,9,10,13,30,750,18.0,ECH CHAPELLE,,,Plein jour,En agglomération,Hors intersection,Pluie forte,Autre collision,,,,,,,,,,,1,2,1,3,6
200500060271,0005-09-12 00:10:00,5,9,12,0,10,750,14.0,ECH ORLEANS,,,Nuit avec éclairage allumé,En agglomération,Hors intersection,Pluie légère,Autre collision,,,,,,,,,,,5,2,1,2,6
200500060272,0005-09-13 15:20:00,5,9,13,15,20,750,16.0,BPE MUETTE PASSY,,,Plein jour,En agglomération,Hors intersection,Normale,Deux véhicules - côté,,,,,,,,,,,1,2,1,1,3
200500060273,0005-09-15 09:45:00,5,9,15,9,45,750,20.0,BPE MONTREUIL BAGNOLET,,,Plein jour,En agglomération,Hors intersection,Normale,Autre collision,,,,,,,,,,,1,2,1,1,6
200500060274,0005-09-16 20:30:00,5,9,16,20,30,750,13.0,BPE IVRY GARE,,,Nuit avec éclairage allumé,En agglomération,Hors intersection,Normale,Autre collision,,,,,,,,,,,5,2,1,1,6
200500060275,0005-09-16 18:05:00,5,9,16,18,5,750,16.0,BPE MOLITOR SAINT CLOUD,,,Plein jour,En agglomération,Hors intersection,Normale,Trois véhicules et plus - en chaîne,,,,,,,,,,,1,2,1,1,4
200500060276,0005-09-16 15:00:00,5,9,16,15,0,750,16.0,BPI MUETTE DAUPHINE,,,Plein jour,En agglomération,Hors intersection,Normale,Trois véhicules et plus - en chaîne,,,,,,,,,,,1,2,1,1,4
200500060277,0005-09-17 11:20:00,5,9,17,11,20,750,15.0,BPI ISSY LES MLX Q POINT,,,Plein jour,En agglomération,Hors intersection,Normale,Deux véhicules - côté,,,,,,,,,,,1,2,1,1,3
200500060278,0005-09-19 15:20:00,5,9,19,15,20,750,12.0,BPI DOREE CHARENTON,,,Plein jour,En agglomération,Hors intersection,Normale,Deux véhicules - arrière,,,,,,,,,,,1,2,1,1,2
200500060279,0005-09-19 10:35:00,5,9,19,10,35,750,19.0,BPI VILLETTE PANTIN,,,Plein jour,En agglomération,Hors intersection,Normale,Deux véhicules - côté,,,,,,,,,,,1,2,1,1,3
200500060280,0005-09-20 18:45:00,5,9,20,18,45,750,16.0,BPE MAILLOT DAUPHINE,,,Plein jour,En agglomération,Hors intersection,Normale,Deux véhicules - côté,,,,,,,,,,,1,2,1,1,3
200500060281,0005-09-20 15:30:00,5,9,20,15,30,750,20.0,BPI MONTREUIL VINCENNES,,,Plein jour,En agglomération,Hors intersection,Normale,Deux véhicules - côté,,,,,,,,,,,1,2,1,1,3
200500060282,0005-09-20 13:20:00,5,9,20,13,20,750,15.0,R ABBE ROGER DERRY AV DE,,,Plein jour,En agglomération,Intersection en T,Normale,Autre collision,,,,,,,,,,,1,2,3,1,6
200500060283,0005-09-21 15:20:00,5,9,21,15,20,750,15.0,R CLAUDE GARAMOND AV POR,,,Plein jour,En agglomération,Intersection en X,Normale,Deux véhicules - arrière,,,,,,,,,,,1,2,2,1,2
200500060284,0005-09-21 09:30:00,5,9,21,9,30,750,15.0,Q ANDRE CITROEN R P DU P,,,Plein jour,En agglomération,Intersection en T,Normale,Autre collision,,,,,,,,,,,1,2,3,1,6
200500060285,0005-09-21 15:45:00,5,9,21,15,45,750,15.0,Q ANDRE CITROEN R P DU P,,,Plein jour,En agglomération,Intersection en X,Normale,Deux véhicules - arrière,,,,,,,,,,,1,2,2,1,2
200500060286,0005-09-21 16:15:00,5,9,21,16,15,750,15.0,BPE BRANCION VANVES,,,Plein jour,En agglomération,Hors intersection,Normale,Trois véhicules et plus - en chaîne,,,,,,,,,,,1,2,1,1,4
200500060287,0005-09-21 13:05:00,5,9,21,13,5,750,20.0,R D AVRON BD DAVOUT,,,Plein jour,En agglomération,Intersection en X,Normale,Deux véhicules - côté,,,,,,,,,,,1,2,2,1,3
200500060288,0005-09-21 10:05:00,5,9,21,10,5,750,20.0,R DE MENILMONTANT R VICT,,,Plein jour,En agglomération,Intersection en T,Normale,Autre collision,,,,,,,,,,,1,2,3,1,6
200500060289,0005-09-22 11:15:00,5,9,22,11,15,750,17.0,AV DE CLICHY R JACQUEMON,,,Plein jour,En agglomération,Intersection en T,Normale,Autre collision,,,,,,,,,,,1,2,3,1,6
200500060290,0005-09-22 08:22:00,5,9,22,8,22,750,1.0,Q DES TUILERIES,,,Plein jour,En agglomération,Hors intersection,Normale,Trois véhicules et plus - en chaîne,,,,,,,,,,,1,2,1,1,4
200500060291,0005-09-22 17:10:00,5,9,22,17,10,750,16.0,CHE CEINTURE LAC SUP AV,,,Plein jour,En agglomération,Intersection en T,Normale,Sans collision,,,,,,,,,,,1,2,3,1,7
200500060292,0005-09-22 22:25:00,5,9,22,22,25,750,17.0,R DE COURCELLES PL DU MA,,,Nuit avec éclairage allumé,En agglomération,Intersection en T,Normale,Trois véhicules et plus - en chaîne,,,,,,,,,,,5,2,3,1,4
200500060293,0005-09-22 15:05:00,5,9,22,15,5,750,10.0,R DE CHATEAU LANDON LA F,,,Plein jour,En agglomération,Intersection en X,Normale,Autre collision,,,,,,,,,,,1,2,2,1,6
200500060294,0005-09-22 15:40:00,5,9,22,15,40,750,15.0,R AUGUSTE VITU R DE LA C,,,Plein jour,En agglomération,Intersection en X,Normale,Autre collision,,,,,,,,,,,1,2,2,1,6
200500060295,0005-09-22 19:40:00,5,9,22,19,40,750,19.0,BPE PRE SAINT GERVAIS PA,,,Nuit avec éclairage allumé,En agglomération,Hors intersection,Normale,Trois véhicules et plus - en chaîne,,,,,,,,,,,5,2,1,1,4
200500060296,0005-09-22 07:50:00,5,9,22,7,50,750,19.0,BPE PANTIN VILLETTE,,,Plein jour,En agglomération,Hors intersection,Normale,Autre collision,,,,,,,,,,,1,2,1,1,6
200500060297,0005-09-23 09:20:00,5,9,23,9,20,750,14.0,L2612 R JULIA BARTET,,,Plein jour,En agglomération,Hors intersection,Normale,Deux véhicules - côté,,,,,,,,,,,1,2,1,1,3
200500060298,0005-09-23 00:10:00,5,9,23,0,10,750,16.0,R BOULAINVILLIERS PL CLE,,,Nuit avec éclairage allumé,En agglomération,Intersection en T,Normale,Deux véhicules - côté,,,,,,,,,,,5,2,3,1,3
200500060299,0005-09-23 18:10:00,5,9,23,18,10,750,16.0,ALL DE LONGCHAMP ALL REI,,,Plein jour,En agglomération,Intersection en X,Normale,Deux véhicules - côté,,,,,,,,,,,1,2,2,1,3
200500060300,0005-09-23 16:50:00,5,9,23,16,50,750,14.0,64 R DU MOULIN VERT,,,Plein jour,En agglomération,Hors intersection,Normale,Deux véhicules - arrière,,,,,,,,,,,1,2,1,1,2
200500060301,0005-09-23 20:10:00,5,9,23,20,10,750,15.0,Q BRANLY R JEAN REY,,,Plein jour,En agglomération,Intersection en T,Normale,Sans collision,,,,,,,,,,,1,2,3,1,7
200500060302,0005-09-23 17:15:00,5,9,23,17,15,750,1.0,PT DES ARTS Q DU LOUVRE,,,Plein jour,En agglomération,Intersection en T,Normale,Autre collision,,,,,,,,,,,1,2,3,1,6
200500060303,0005-09-23 13:19:00,5,9,23,13,19,750,1.0,SOU TRANSIT HALLES,,,Plein jour,En agglomération,Hors intersection,Normale,Autre collision,,,,,,,,,,,1,2,1,1,6
200500060304,0005-09-23 00:30:00,5,9,23,0,30,750,12.0,ECH VINCENNES BPI VINCEN,,,Nuit avec éclairage allumé,En agglomération,Intersection en Y,Normale,Deux véhicules - côté,,,,,,,,,,,5,2,4,1,3
200500060305,0005-09-27 08:55:00,5,9,27,8,55,750,16.0,AV DE MALAKOFF PL PORTE,,,Plein jour,En agglomération,Intersection en T,Normale,Deux véhicules - côté,,,,,,,,,,,1,2,3,1,3
200500060306,0005-09-24 17:00:00,5,9,24,17,0,750,3.0,PAS PONT AUX BICHES R ME,,,Plein jour,En agglomération,Intersection en T,Normale,Autre collision,,,,,,,,,,,1,2,3,1,6
200500060307,0005-09-24 10:30:00,5,9,24,10,30,750,16.0,AV HENRI MARTIN R DE LA,,,Plein jour,En agglomération,Intersection en X,Pluie légère,Autre collision,,,,,,,,,,,1,2,2,2,6
200500060308,0005-09-26 09:37:00,5,9,26,9,37,750,1.0,50 R DU LOUVRE,,,Plein jour,En agglomération,Hors intersection,Normale,Deux véhicules - côté,,,,,,,,,,,1,2,1,1,3
200500060309,0005-09-26 09:00:00,5,9,26,9,0,750,13.0,BPE GENTILLY ITALIE,,,Plein jour,En agglomération,Hors intersection,Normale,Deux véhicules - côté,,,,,,,,,,,1,2,1,1,3
200500060310,0005-09-06 08:45:00,5,9,6,8,45,750,7.0,34 BD DES INVALIDES,,,Plein jour,En agglomération,Hors intersection,Pluie légère,Deux véhicules - arrière,,,,,,,,,,,1,2,1,2,2
200500060311,0005-09-27 09:00:00,5,9,27,9,0,750,17.0,BPI ASNIERES CLICHY,,,Plein jour,En agglomération,Hors intersection,Normale,Deux véhicules - arrière,,,,,,,,,,,1,2,1,1,2
200500060312,0005-09-23 12:50:00,5,9,23,12,50,750,2.0,R MONTMARTRE R PAUL LELO,,,Plein jour,En agglomération,Intersection en T,Normale,Deux véhicules - côté,,,,,,,,,,,1,2,3,1,3
200500060313,0005-09-23 12:00:00,5,9,23,12,0,750,10.0,R J LOUVEL TESSIER AV PA,,,Plein jour,En agglomération,Intersection en X,Normale,Autre collision,,,,,,,,,,,1,2,2,1,6
200500060314,0005-09-27 19:45:00,5,9,27,19,45,750,20.0,R DE BELLEVILLE R DU JOU,,,Crépuscule ou aube,En agglomération,Intersection en T,Pluie légère,Autre collision,,,,,,,,,,,2,2,3,2,6
200500060315,0005-09-27 13:30:00,5,9,27,13,30,750,20.0,96 BD DAVOUT,,,Plein jour,En agglomération,Hors intersection,Normale,Autre collision,,,,,,,,,,,1,2,1,1,6
200500060316,0005-09-28 07:05:00,5,9,28,7,5,750,12.0,RTE PYRAMIDE RTE ROYALE,,,Crépuscule ou aube,En agglomération,Intersection en X,Normale,Autre collision,,,,,,,,,,,2,2,2,1,6
200500060317,0005-09-29 08:35:00,5,9,29,8,35,750,20.0,R GENERAL NIESSEL CRS DE,,,Plein jour,En agglomération,Intersection en T,Normale,Deux véhicules - côté,,,,,,,,,,,1,2,3,1,3
200500060318,0005-09-30 11:40:00,5,9,30,11,40,750,20.0,R JULES DUMIEN R PELLEPO,,,Plein jour,En agglomération,Intersection en T,Normale,Autre collision,,,,,,,,,,,1,2,3,1,6
200500060319,0005-09-25 18:25:00,5,9,25,18,25,750,16.0,4 CHS MUETTE,,,Plein jour,En agglomération,Hors intersection,Normale,Trois véhicules et plus - en chaîne,,,,,,,,,,,1,2,1,1,4
200500060320,0005-09-25 07:55:00,5,9,25,7,55,750,14.0,L02069 AV P V COUTURIER,,,Plein jour,En agglomération,Hors intersection,Pluie légère,Autre collision,,,,,,,,,,,1,2,1,2,6
200500060321,0005-09-23 09:25:00,5,9,23,9,25,750,16.0,BPI DAUPHINE MAILLOT,,,Plein jour,En agglomération,Hors intersection,Normale,Autre collision,,,,,,,,,,,1,2,1,1,6
200500060322,0005-09-28 17:50:00,5,9,28,17,50,750,17.0,BPI CHAMPERRET ASNIERES,,,Plein jour,En agglomération,Hors intersection,Normale,Deux véhicules - côté,,,,,,,,,,,1,2,1,1,3
200500060323,0005-09-30 16:55:00,5,9,30,16,55,750,15.0,BPE SEVRES PLAINE,,,Plein jour,En agglomération,Hors intersection,Pluie forte,Deux véhicules - côté,,,,,,,,,,,1,2,1,3,3
200500060324,0005-09-30 17:30:00,5,9,30,17,30,750,17.0,BPE CHAMPERRET TERNES,,,Plein jour,En agglomération,Hors intersection,Pluie forte,Deux véhicules - arrière,,,,,,,,,,,1,2,1,3,2
200500060325,0005-09-29 09:15:00,5,9,29,9,15,750,15.0,ECH ISSY LES MLX,,,Plein jour,En agglomération,Hors intersection,Normale,Deux véhicules - côté,,,,,,,,,,,1,2,1,1,3
200500060326,0005-09-29 06:30:00,5,9,29,6,30,750,19.0,BPI PANTIN PRE SAINT GER,,,Nuit avec éclairage allumé,En agglomération,Hors intersection,Normale,Autre collision,,,,,,,,,,,5,2,1,1,6
200500060327,0005-09-28 19:15:00,5,9,28,19,15,750,16.0,BPI MUETTE DAUPHINE,,,Plein jour,En agglomération,Hors intersection,Normale,Deux véhicules - côté,,,,,,,,,,,1,2,1,1,3
200500060328,0005-09-26 10:00:00,5,9,26,10,0,750,13.0,72 AV DES GOBELINS,,,Plein jour,En agglomération,Hors intersection,Normale,Autre collision,,,,,,,,,,,1,2,1,1,6
200500060329,0005-09-26 16:40:00,5,9,26,16,40,750,20.0,BPE MONTREUIL BAGNOLET,,,Plein jour,En agglomération,Hors intersection,Normale,Deux véhicules - côté,,,,,,,,,,,1,2,1,1,3
200500060330,0005-09-23 20:00:00,5,9,23,20,0,750,1.0,R DE RIVOLI BD DE SEBAST,,,Nuit avec éclairage allumé,En agglomération,Intersection en X,Normale,Deux véhicules - côté,,,,,,,,,,,5,2,2,1,3
200500060331,0005-09-23 19:00:00,5,9,23,19,0,750,15.0,94 R DE LA CONVENTION,,,Plein jour,En agglomération,Hors intersection,Normale,Deux véhicules - côté,,,,,,,,,,,1,2,1,1,3
200500060332,0005-09-23 22:40:00,5,9,23,22,40,750,16.0,R DE LONGCHAMP AV RAYMON,,,Nuit avec éclairage allumé,En agglomération,Intersection en X,Normale,Deux véhicules - frontale,,,,,,,,,,,5,2,2,1,1
200500060333,0005-09-23 21:00:00,5,9,23,21,0,750,13.0,BPE IVRY GARE,,,Nuit avec éclairage allumé,En agglomération,Hors intersection,Normale,Deux véhicules - arrière,,,,,,,,,,,5,2,1,1,2
200500060334,0005-09-23 10:28:00,5,9,23,10,28,750,17.0,BPI ASNIERES CLICHY,,,Plein jour,En agglomération,Hors intersection,Normale,Deux véhicules - côté,,,,,,,,,,,1,2,1,1,3
200500060335,0005-09-21 15:10:00,5,9,21,15,10,750,12.0,BPI DOREE CHARENTON,,,Plein jour,En agglomération,Hors intersection,Normale,Autre collision,,,,,,,,,,,1,2,1,1,6
200500060336,0005-09-19 09:40:00,5,9,19,9,40,750,10.0,184 R FG SAINT MARTIN,,,Plein jour,En agglomération,Hors intersection,Normale,Deux véhicules - côté,,,,,,,,,,,1,2,1,1,3
200500060337,0005-09-16 17:45:00,5,9,16,17,45,750,14.0,130 AV GENERAL  LECLERC,,,Plein jour,En agglomération,Hors intersection,Normale,Deux véhicules - arrière,,,,,,,,,,,1,2,1,1,2
200500060338,0005-09-30 13:50:00,5,9,30,13,50,750,16.0,BPI AUTEUIL PASSY,,,Plein jour,En agglomération,Hors intersection,Normale,Deux véhicules - côté,,,,,,,,,,,1,2,1,1,3
200500060339,0005-09-26 14:20:00,5,9,26,14,20,750,13.0,BPE GARE BERCY,,,Plein jour,En agglomération,Hors intersection,Normale,Deux véhicules - arrière,,,,,,,,,,,1,2,1,1,2
200500060340,0005-09-18 15:35:00,5,9,18,15,35,750,13.0,BPE IVRY GARE,,,Plein jour,En agglomération,Hors intersection,Normale,Deux véhicules - arrière,,,,,,,,,,,1,2,1,1,2
200500060341,0005-09-25 18:05:00,5,9,25,18,5,750,16.0,BPE MAILLOT DAUPHINE,,,Plein jour,En agglomération,Hors intersection,Normale,Deux véhicules - côté,,,,,,,,,,,1,2,1,1,3
200500060342,0005-09-27 07:50:00,5,9,27,7,50,750,13.0,BPI IVRY ITALIE,,,Plein jour,En agglomération,Hors intersection,Normale,Deux véhicules - côté,,,,,,,,,,,1,2,1,1,3
200500060343,0005-09-28 11:10:00,5,9,28,11,10,750,19.0,BPE PANTIN VILLETTE,,,Plein jour,En agglomération,Hors intersection,Normale,Trois véhicules et plus - en chaîne,,,,,,,,,,,1,2,1,1,4
200500060344,0005-09-29 21:30:00,5,9,29,21,30,750,16.0,BPE MUETTE PASSY,,,Nuit avec éclairage allumé,En agglomération,Hors intersection,Normale,Deux véhicules - côté,,,,,,,,,,,5,2,1,1,3
200500060345,0005-09-29 16:30:00,5,9,29,16,30,750,16.0,BPE MUETTE PASSY,,,Plein jour,En agglomération,Hors intersection,Normale,Deux véhicules - côté,,,,,,,,,,,1,2,1,1,3
200500060346,0005-09-24 01:10:00,5,9,24,1,10,750,16.0,AV INGRES BD SUCHET,,,Nuit avec éclairage allumé,En agglomération,Intersection en X,Normale,Autre collision,,,,,,,,,,,5,2,2,1,6
200500060347,0005-09-03 23:15:00,5,9,3,23,15,760,384.0,MARRECHAL LECLERC (AVENU,,,Nuit avec éclairage allumé,En agglomération,Intersection en T,Normale,Deux véhicules - côté,,,,,,,,,,,5,2,3,1,3
200500060348,0005-09-06 08:20:00,5,9,6,8,20,760,486.0,"0, CIRCUIT ROUEN LES ESS",,,Plein jour,Hors agglomération,Hors intersection,Temps couvert,Deux véhicules - frontale,,,,,,,,,,,1,1,1,8,1
200500060349,0005-09-08 17:45:00,5,9,8,17,45,760,640.0,"0, GALBOIS. RUE",,,Plein jour,En agglomération,Hors intersection,Normale,Deux véhicules - côté,,,,,,,,,,,1,2,1,1,3
200500060350,0005-09-12 17:10:00,5,9,12,17,10,760,231.0,BOURGTHEROULDE. RUE DE,,,Plein jour,Hors agglomération,Intersection en Y,Normale,Deux véhicules - arrière,,,,,,,,,,,1,1,4,1,2
200500060351,0005-09-16 12:20:00,5,9,16,12,20,760,561.0,"26, LECLERC. RUE DU MARE",,,Plein jour,En agglomération,Hors intersection,Pluie légère,Deux véhicules - côté,,,,,,,,,,,1,2,1,2,3
200500060352,0005-09-05 17:20:00,5,9,5,17,20,760,351.0,ARISTIDE BRIAND <313,,,Plein jour,En agglomération,Intersection en X,Normale,Deux véhicules - frontale,,,,,,,,,,,1,2,2,1,1
200500060353,0005-09-16 22:15:00,5,9,16,22,15,760,552.0,"0, ALBERT DUBOSC",,,Nuit avec éclairage allumé,En agglomération,Hors intersection,Normale,Autre collision,,,,,,,,,,,5,2,1,1,6
200500060354,0005-09-09 15:40:00,5,9,9,15,40,760,351.0,GENERAL FERRIE (AVENUE),,,Plein jour,En agglomération,Intersection en X,Normale,Deux véhicules - côté,,,,,,,,,,,1,2,2,1,3
200500060355,0005-09-10 00:30:00,5,9,10,0,30,760,351.0,STRASBOURG (BD DE) (IMPA,,,Nuit avec éclairage allumé,En agglomération,Intersection en T,Normale,Deux véhicules - côté,,,,,,,,,,,5,2,3,1,3
200500060356,0005-09-16 12:15:00,5,9,16,12,15,760,305.0,"0, LEZARDE",,,Plein jour,En agglomération,Intersection en X,Normale,Autre collision,,,,,,,,,,,1,2,2,1,6
200500060357,0005-09-17 14:00:00,5,9,17,14,0,760,351.0,CD 940,,,Plein jour,Hors agglomération,Intersection en X,Normale,Trois véhicules et plus - collisions multiples,,,,,,,,,,,1,1,2,1,5
200500060358,0005-09-19 07:20:00,5,9,19,7,20,760,351.0,"0, GENERAL FERRIE (AVENU",,,Crépuscule ou aube,En agglomération,Hors intersection,Normale,Autre collision,,,,,,,,,,,2,2,1,1,6
200500060359,0005-09-21 20:20:00,5,9,21,20,20,760,351.0,ZURICH (DE),,,Nuit avec éclairage allumé,En agglomération,Hors intersection,Normale,Autre collision,,,,,,,,,,,5,2,1,1,6
200500060360,0005-09-23 21:00:00,5,9,23,21,0,760,341.0,"20, PAUL DOUMER",,,Nuit avec éclairage non allumé,En agglomération,Hors intersection,Pluie légère,Deux véhicules - côté,,,,,,,,,,,4,2,1,2,3
200500060361,0005-09-24 15:00:00,5,9,24,15,0,760,351.0,"20, PIERRE GUILLAUME PET",,,Plein jour,En agglomération,Intersection en Y,Normale,Deux véhicules - côté,,,,,,,,,,,1,2,4,1,3
200500060362,0005-09-26 17:05:00,5,9,26,17,5,760,351.0,CAVEE VERTE (DE LA),,,Plein jour,En agglomération,Intersection à plus de 4 branches,Normale,Deux véhicules - côté,,,,,,,,,,,1,2,5,1,3
200500060363,0005-09-29 08:45:00,5,9,29,8,45,760,351.0,"0, JULES LECESNE",,,Plein jour,En agglomération,Intersection en X,Temps éblouissant,Autre collision,,,,,,,,,,,1,2,2,7,6
200500060364,0005-09-23 16:45:00,5,9,23,16,45,760,351.0,"320, ARISTIDE BRIAND <31",,,Plein jour,En agglomération,Intersection en X,Normale,Autre collision,,,,,,,,,,,1,2,2,1,6
200500060365,0005-09-30 12:00:00,5,9,30,12,0,760,351.0,"42, JULES VALLES N°1 A 5",,,Plein jour,En agglomération,Hors intersection,Normale,Autre collision,,,,,,,,,,,1,2,1,1,6
200500060366,0005-09-30 12:50:00,5,9,30,12,50,760,351.0,"01, ANATOLE FRANCE",,,Plein jour,En agglomération,Hors intersection,Normale,Autre collision,,,,,,,,,,,1,2,1,1,6
200500060367,0005-09-02 16:20:00,5,9,2,16,20,760,157.0,"1, DUCLAIR. ANCIENNE ROU",,,Plein jour,En agglomération,Hors intersection,Normale,Deux véhicules - côté,,,,,,,,,,,1,2,1,1,3
200500060368,0005-09-03 04:10:00,5,9,3,4,10,760,497.0,"1, RN 138",,,Nuit sans éclairage public,Hors agglomération,Hors intersection,Normale,Sans collision,,,,,,,,,,,3,1,1,1,7
200500060369,0005-09-03 12:25:00,5,9,3,12,25,760,216.0,"1, LECLERC. AVENUE DU GE",,,Plein jour,En agglomération,Hors intersection,Normale,Deux véhicules - côté,,,,,,,,,,,1,2,1,1,3
200500060370,0005-09-04 18:15:00,5,9,4,18,15,760,319.0,RN 138,,,Plein jour,En agglomération,Intersection en T,Normale,Trois véhicules et plus - collisions multiples,,,,,,,,,,,1,2,3,1,5
200500060371,0005-09-05 12:40:00,5,9,5,12,40,760,540.0,"1, CARTIER. AVENUE JACQU",,,Plein jour,En agglomération,Intersection en T,Normale,Deux véhicules - côté,,,,,,,,,,,1,2,3,1,3
200500060372,0005-09-06 04:40:00,5,9,6,4,40,760,540.0,"1, PARKING DE LA GARE (R",,,Nuit avec éclairage allumé,En agglomération,Hors intersection,Pluie légère,Deux véhicules - côté,,,,,,,,,,,5,2,1,2,3
200500060373,0005-09-07 17:05:00,5,9,7,17,5,760,497.0,"1, CD 3 (RUE ARISTIDE BR",,,Plein jour,En agglomération,Hors intersection,Normale,Autre collision,,,,,,,,,,,1,2,1,1,6
200500060374,0005-09-08 07:10:00,5,9,8,7,10,760,575.0,"1, CROIZAT. AVENUE AMBRO",,,Plein jour,En agglomération,Hors intersection,Normale,Autre collision,,,,,,,,,,,1,2,1,1,6
200500060375,0005-09-10 21:35:00,5,9,10,21,35,760,474.0,CD 43 (AVENUE DU BOIS DE,,,Nuit sans éclairage public,Hors agglomération,Hors intersection,Normale,Sans collision,,,,,,,,,,,3,1,1,1,7
200500060376,0005-09-14 08:15:00,5,9,14,8,15,760,497.0,"585, CORNEILLE. RUE PIER",,,Plein jour,En agglomération,Hors intersection,Normale,Deux véhicules - arrière,,,,,,,,,,,1,2,1,1,2
200500060377,0005-09-15 17:00:00,5,9,15,17,0,760,540.0,"1, LYCEE FLAUBERT (RUE A",,,Plein jour,En agglomération,Hors intersection,Normale,Autre collision,,,,,,,,,,,1,2,1,1,6
200500060378,0005-09-16 07:45:00,5,9,16,7,45,760,540.0,"1, PASTEUR. AVENUE LOUIS",,,Plein jour,En agglomération,Hors intersection,Pluie légère,Autre collision,,,,,,,,,,,1,2,1,2,6
200500060379,0005-09-16 08:50:00,5,9,16,8,50,760,486.0,RD 938 (VERS GRAND COURO,,,Plein jour,Hors agglomération,Hors intersection,Pluie forte,Sans collision,,,,,,,,,,,1,1,1,3,7
200500060380,0005-09-17 08:55:00,5,9,17,8,55,760,322.0,"1, SAVALE. RUE SUZANNE",,,Plein jour,En agglomération,Intersection en T,Normale,Deux véhicules - côté,,,,,,,,,,,1,2,3,1,3
200500060381,0005-09-17 12:24:00,5,9,17,12,24,760,212.0,"82, PREAUX. RUE DE",,,Plein jour,En agglomération,Hors intersection,Normale,Deux véhicules - côté,,,,,,,,,,,1,2,1,1,3
200500060382,0005-09-18 17:00:00,5,9,18,17,0,760,319.0,"1, SEELZE. RUE DE",,,Plein jour,En agglomération,Hors intersection,Normale,Deux véhicules - côté,,,,,,,,,,,1,2,1,1,3
200500060383,0005-09-19 16:45:00,5,9,19,16,45,760,540.0,"1, JEANNE D'ARC. RUE",,,Plein jour,En agglomération,Hors intersection,Normale,Deux véhicules - côté,,,,,,,,,,,1,2,1,1,3
200500060384,0005-09-19 08:35:00,5,9,19,8,35,760,498.0,"112, JAURES. AVENUE JEAN",,,Plein jour,En agglomération,Hors intersection,Normale,Autre collision,,,,,,,,,,,1,2,1,1,6
200500060385,0005-09-19 14:45:00,5,9,19,14,45,760,540.0,"1, METAYER. AVENUE GEORG",,,Plein jour,Hors agglomération,Hors intersection,Normale,Trois véhicules et plus - collisions multiples,,,,,,,,,,,1,1,1,1,5
200500060386,0005-09-19 14:40:00,5,9,19,14,40,760,322.0,"1, PTT (AVENUE LEON BLUM",,,Plein jour,En agglomération,Hors intersection,Normale,Deux véhicules - arrière,,,,,,,,,,,1,2,1,1,2
200500060387,0005-09-19 13:50:00,5,9,19,13,50,760,540.0,"1, ESPACE JACQUES ANQUET",,,Plein jour,En agglomération,Hors intersection,Normale,Deux véhicules - côté,,,,,,,,,,,1,2,1,1,3