accident_id,datetime,annee,mois,jour,heure,minute,departement,commune_insee,adresse,latitude,longitude,luminosite,agglomeration,intersection,meteo,collision,nb_vehicules,nb_usagers,nb_indemnes,nb_tues,nb_blesses_hosp,nb_blesses_legers,age_cond_1,age_cond_2,veh_type_cond_1,veh_type_cond_2,lum_code,agg_code,int_code,atm_code,col_code
200500060518,0005-09-29 08:18:00,5,9,29,8,18,780,208.0,"Indét, FRISE (AVENUE DE",,,Plein jour,En agglomération,Hors intersection,Normale,Sans collision,,,,,,,,,,,1,2,1,1,7
200500060519,0005-09-02 16:15:00,5,9,2,16,15,780,423.0,"000000, VOLTA (AVENUE)",,,Plein jour,Hors agglomération,Hors intersection,Normale,Deux véhicules - arrière,,,,,,,,,,,1,1,1,1,2
200500060520,0005-09-04 21:30:00,5,9,4,21,30,780,297.0,"000000, GARENNES (AVENUE",,,Nuit avec éclairage allumé,En agglomération,Hors intersection,Normale,Deux véhicules - côté,,,,,,,,,,,5,2,1,1,3
200500060521,0005-09-08 08:15:00,5,9,8,8,15,780,423.0,"00000, BLES D'OR (RUE DE",,,Plein jour,En agglomération,Intersection en X,Normale,Autre collision,,,,,,,,,,,1,2,2,1,6
200500060522,0005-09-13 07:10:00,5,9,13,7,10,780,297.0,ROUTE DE SAINT CYR,,,Nuit avec éclairage allumé,En agglomération,Giratoire,Autre,Autre collision,,,,,,,,,,,5,2,6,9,6
200500060523,0005-09-11 14:35:00,5,9,11,14,35,780,297.0,LEON BLUM (AVENUE),,,Plein jour,Hors agglomération,Hors intersection,Autre,Autre collision,,,,,,,,,,,1,1,1,9,6
200500060524,0005-09-18 18:15:00,5,9,18,18,15,780,423.0,BASE DE LOISIRS,,,Plein jour,Hors agglomération,Hors intersection,Normale,Autre collision,,,,,,,,,,,1,1,1,1,6
200500060525,0005-09-23 20:50:00,5,9,23,20,50,780,297.0,"inconnu, POUCHKINE (RUE",,,Nuit sans éclairage public,En agglomération,Hors intersection,Normale,Autre collision,,,,,,,,,,,3,2,1,1,6
200500060526,0005-09-25 11:25:00,5,9,25,11,25,780,124.0,"01, MARECHAL FOCH (RUE D",,,Plein jour,En agglomération,Intersection en T,Normale,Deux véhicules - côté,,,,,,,,,,,1,2,3,1,3
200500060527,0005-09-21 20:00:00,5,9,21,20,0,780,358.0,"67, LONGUEIL (AVENUE DE)",,,Crépuscule ou aube,En agglomération,Hors intersection,Normale,Deux véhicules - arrière,,,,,,,,,,,2,2,1,1,2
200500060528,0005-09-21 16:00:00,5,9,21,16,0,780,350.0,VERSAILLES (ROUTE DE),,,Plein jour,En agglomération,Giratoire,Normale,Deux véhicules - arrière,,,,,,,,,,,1,2,6,1,2
200500060529,0005-09-05 19:45:00,5,9,5,19,45,780,440.0,CROIX ROUGE (RUE DE LA),,,Plein jour,En agglomération,Hors intersection,Normale,Autre collision,,,,,,,,,,,1,2,1,1,6
200500060530,0005-09-06 20:53:00,5,9,6,20,53,780,401.0,FORT (RUE DU),,,Nuit avec éclairage allumé,En agglomération,Intersection en T,Normale,Autre collision,,,,,,,,,,,5,2,3,1,6
200500060531,0005-09-14 13:00:00,5,9,14,13,0,780,440.0,PAUL RAOULT (AVENUE),,,Plein jour,En agglomération,Hors intersection,Normale,Deux véhicules - arrière,,,,,,,,,,,1,2,1,1,2
200500060532,0005-09-17 13:40:00,5,9,17,13,40,780,440.0,RD 44,,,Plein jour,En agglomération,Intersection en X,Normale,Deux véhicules - arrière,,,,,,,,,,,1,2,2,1,2
200500060533,0005-09-20 15:25:00,5,9,20,15,25,780,440.0,VERNEUIL (ROUTE DE),,,Plein jour,En agglomération,Intersection en X,Normale,Deux véhicules - arrière,,,,,,,,,,,1,2,2,1,2
200500060534,0005-09-19 16:05:00,5,9,19,16,5,780,238.0,CD 14,,,Plein jour,En agglomération,Intersection en X,Normale,Deux véhicules - côté,,,,,,,,,,,1,2,2,1,3
200500060535,0005-09-25 09:20:00,5,9,25,9,20,780,401.0,ARQUEBUSE (QUAI DE L'),,,Plein jour,En agglomération,Hors intersection,Normale,Sans collision,,,,,,,,,,,1,2,1,1,7
200500060536,0005-09-23 17:20:00,5,9,23,17,20,780,440.0,EUROPE (AVENUE DE L'),,,Plein jour,En agglomération,Hors intersection,Normale,Autre collision,,,,,,,,,,,1,2,1,1,6
200500060537,0005-09-23 10:10:00,5,9,23,10,10,780,238.0,MARECHAL FOCH (RUE DU),,,Plein jour,Hors agglomération,Hors intersection,Normale,Autre collision,,,,,,,,,,,1,1,1,1,6
200500060538,0005-09-10 18:40:00,5,9,10,18,40,780,498.0,"9, PONTOISE AV DE",,,Plein jour,En agglomération,Intersection en X,Normale,Deux véhicules - côté,,,,,,,,,,,1,2,2,1,3
200500060539,0005-09-10 14:35:00,5,9,10,14,35,780,498.0,EUROPE BD DE L',,,Plein jour,En agglomération,Intersection en T,Pluie légère,Autre collision,,,,,,,,,,,1,2,3,2,6
200500060540,0005-09-13 21:20:00,5,9,13,21,20,780,498.0,PONT ANCIEN RUE DU,,,Nuit avec éclairage allumé,En agglomération,Hors intersection,Normale,Deux véhicules - côté,,,,,,,,,,,5,2,1,1,3
200500060541,0005-09-11 17:25:00,5,9,11,17,25,780,498.0,QUARANTE SOUS ROUTE DE,,,Plein jour,Hors agglomération,Hors intersection,Normale,Trois véhicules et plus - collisions multiples,,,,,,,,,,,1,1,1,1,5
200500060542,0005-09-14 09:45:00,5,9,14,9,45,780,498.0,"113, MALADRERIE AV DE LA",,,Plein jour,Hors agglomération,Hors intersection,Normale,Deux véhicules - arrière,,,,,,,,,,,1,1,1,1,2
200500060543,0005-09-17 10:30:00,5,9,17,10,30,780,498.0,"1, GRES COTE DES",,,Plein jour,Hors agglomération,Hors intersection,Normale,Autre collision,,,,,,,,,,,1,1,1,1,6
200500060544,0005-09-17 10:00:00,5,9,17,10,0,780,642.0,MEULAN ROUTE DE CD154,,,Plein jour,En agglomération,Intersection en T,Normale,Sans collision,,,,,,,,,,,1,2,3,1,7
200500060545,0005-09-17 10:55:00,5,9,17,10,55,780,498.0,CASTILLE AV BLANCHE DE,,,Plein jour,En agglomération,Hors intersection,Normale,Autre collision,,,,,,,,,,,1,2,1,1,6
200500060546,0005-09-21 20:50:00,5,9,21,20,50,780,498.0,GAULLE RUE CH DE,,,Nuit avec éclairage allumé,En agglomération,Intersection en X,Normale,Deux véhicules - côté,,,,,,,,,,,5,2,2,1,3
200500060547,0005-09-30 21:50:00,5,9,30,21,50,780,498.0,CHAMBOURCY RUE DE,,,Nuit avec éclairage allumé,En agglomération,Intersection à plus de 4 branches,Pluie légère,Deux véhicules - côté,,,,,,,,,,,5,2,5,2,3
200500060548,0005-09-26 15:20:00,5,9,26,15,20,780,642.0,"6, BAZINCOURT RUE DE",,,Plein jour,En agglomération,Hors intersection,Normale,Autre collision,,,,,,,,,,,1,2,1,1,6
200500060549,0005-09-01 13:00:00,5,9,1,13,0,780,498.0,FOCH AV,,,Plein jour,En agglomération,Intersection en T,Normale,Deux véhicules - frontale,,,,,,,,,,,1,2,3,1,1
200500060550,0005-09-05 18:35:00,5,9,5,18,35,780,123.0,ECLUSES RUE DES,,,Plein jour,En agglomération,Hors intersection,Normale,Deux véhicules - arrière,,,,,,,,,,,1,2,1,1,2
200500060551,0005-09-07 22:45:00,5,9,7,22,45,780,498.0,MIGNEAUX RUE DE,,,Nuit avec éclairage allumé,En agglomération,Hors intersection,Normale,Autre collision,,,,,,,,,,,5,2,1,1,6
200500060552,0005-09-09 19:05:00,5,9,9,19,5,780,624.0,PETITE VITESSE BOULEVARD,,,Plein jour,En agglomération,Hors intersection,Normale,Deux véhicules - frontale,,,,,,,,,,,1,2,1,1,1
200500060553,0005-09-09 16:10:00,5,9,9,16,10,780,498.0,EISENHOWER AV DU GENERAL,,,Plein jour,En agglomération,Intersection en T,Normale,Trois véhicules et plus - collisions multiples,,,,,,,,,,,1,2,3,1,5
200500060554,0005-09-10 12:00:00,5,9,10,12,0,780,672.0,"81, EGLISE PLACE DE L'",,,Plein jour,En agglomération,Hors intersection,Normale,Autre collision,,,,,,,,,,,1,2,1,1,6
200500060555,0005-09-01 09:15:00,5,9,1,9,15,780,220.0,RN 10,,,Plein jour,Hors agglomération,Intersection en T,Normale,Deux véhicules - arrière,,,,,,,,,,,1,1,3,1,2
200500060556,0005-09-10 14:45:00,5,9,10,14,45,780,269.0,D 906,,,Plein jour,Hors agglomération,Intersection en T,Normale,Deux véhicules - côté,,,,,,,,,,,1,1,3,1,3
200500060557,0005-09-17 15:45:00,5,9,17,15,45,780,269.0,D 906,,,Plein jour,Hors agglomération,Intersection en T,Normale,Deux véhicules - côté,,,,,,,,,,,1,1,3,1,3
200500060558,0005-09-17 19:00:00,5,9,17,19,0,780,517.0,D 936,,,Plein jour,Hors agglomération,Hors intersection,Temps couvert,Sans collision,,,,,,,,,,,1,1,1,8,7
200500060559,0005-09-21 13:20:00,5,9,21,13,20,780,486.0,RN 10,,,Plein jour,Hors agglomération,Hors intersection,Normale,Deux véhicules - côté,,,,,,,,,,,1,1,1,1,3
200500060560,0005-09-24 17:10:00,5,9,24,17,10,780,517.0,"21, FOSSE JEAN  (RUE DE",,,Plein jour,En agglomération,Hors intersection,Normale,Autre collision,,,,,,,,,,,1,2,1,1,6
200500060561,0005-09-29 16:50:00,5,9,29,16,50,780,517.0,"136, LOUVIERE (RUE DE LA",,,Plein jour,En agglomération,Hors intersection,Normale,Deux véhicules - côté,,,,,,,,,,,1,2,1,1,3
200500060562,0005-09-30 20:50:00,5,9,30,20,50,780,517.0,"1, LOUVIERE (RUE DE LA)",,,Nuit avec éclairage non allumé,En agglomération,Intersection en X,Pluie légère,Deux véhicules - côté,,,,,,,,,,,4,2,2,2,3
200500060563,0005-09-21 14:00:00,5,9,21,14,0,780,73.0,JAURES (AVENUE JEAN),,,Plein jour,En agglomération,Intersection en X,Normale,Autre collision,,,,,,,,,,,1,2,2,1,6
200500060564,0005-09-28 11:15:00,5,9,28,11,15,780,545.0,MOCQUET (RUE GUY),,,Plein jour,En agglomération,Intersection en T,Normale,Deux véhicules - côté,,,,,,,,,,,1,2,3,1,3
200500060565,0005-09-05 16:50:00,5,9,5,16,50,780,551.0,"9, JEAN JAURES",,,Plein jour,En agglomération,Hors intersection,Normale,Autre collision,,,,,,,,,,,1,2,1,1,6
200500060566,0005-09-23 08:40:00,5,9,23,8,40,780,551.0,RN 13,,,Plein jour,Hors agglomération,Hors intersection,Normale,Trois véhicules et plus - en chaîne,,,,,,,,,,,1,1,1,1,4
200500060567,0005-09-25 02:45:00,5,9,25,2,45,780,551.0,RD 308,,,Nuit sans éclairage public,Hors agglomération,Hors intersection,Normale,Trois véhicules et plus - en chaîne,,,,,,,,,,,3,1,1,1,4
200500060568,0005-09-27 18:15:00,5,9,27,18,15,780,551.0,RD 308,,,Plein jour,Hors agglomération,Hors intersection,Normale,Sans collision,,,,,,,,,,,1,1,1,1,7
200500060569,0005-09-28 12:10:00,5,9,28,12,10,780,551.0,"11, PONTOISE (DE)",,,Plein jour,Hors agglomération,Hors intersection,Normale,Autre collision,,,,,,,,,,,1,1,1,1,6
200500060570,0005-09-22 01:30:00,5,9,22,1,30,780,551.0,RD 308,,,Nuit sans éclairage public,Hors agglomération,Hors intersection,Normale,Autre collision,,,,,,,,,,,3,1,1,1,6
200500060571,0005-09-28 09:15:00,5,9,28,9,15,780,481.0,JEAN JAURES (AVENUE),,,Plein jour,En agglomération,Hors intersection,Normale,Deux véhicules - arrière,,,,,,,,,,,1,2,1,1,2
200500060572,0005-09-09 13:20:00,5,9,9,13,20,780,586.0,SEINE (QUAI) N°2 A 18,,,Plein jour,En agglomération,Hors intersection,Normale,Deux véhicules - arrière,,,,,,,,,,,1,2,1,1,2
200500060573,0005-09-01 09:00:00,5,9,1,9,0,780,586.0,MICHEL (LOUISE),,,Plein jour,En agglomération,Hors intersection,Normale,Trois véhicules et plus - en chaîne,,,,,,,,,,,1,2,1,1,4
200500060574,0005-09-16 19:00:00,5,9,16,19,0,780,586.0,SCHUMAN (ROBERT),,,Plein jour,En agglomération,Intersection en X,Temps couvert,Deux véhicules - côté,,,,,,,,,,,1,2,2,8,3
200500060575,0005-09-18 10:10:00,5,9,18,10,10,780,586.0,"86, CLEMENCEAU (G.) N°10",,,Plein jour,En agglomération,Hors intersection,Normale,Autre collision,,,,,,,,,,,1,2,1,1,6
200500060576,0005-09-19 08:35:00,5,9,19,8,35,780,586.0,DUQUESNE,,,Plein jour,En agglomération,Intersection en X,Normale,Deux véhicules - côté,,,,,,,,,,,1,2,2,1,3
200500060577,0005-09-19 11:15:00,5,9,19,11,15,780,586.0,PIERSON (HENRI),,,Plein jour,En agglomération,Intersection en X,Normale,Deux véhicules - côté,,,,,,,,,,,1,2,2,1,3
200500060578,0005-09-20 16:45:00,5,9,20,16,45,780,586.0,SAINT-EXUPERY N°1 A 52,,,Plein jour,En agglomération,Giratoire,Normale,Autre collision,,,,,,,,,,,1,2,6,1,6
200500060579,0005-09-22 19:05:00,5,9,22,19,5,780,586.0,DAUMIER,,,Crépuscule ou aube,En agglomération,Intersection en X,Normale,Deux véhicules - côté,,,,,,,,,,,2,2,2,1,3
200500060580,0005-09-23 07:30:00,5,9,23,7,30,780,586.0,BEZONS N°1 A 19,,,Crépuscule ou aube,En agglomération,Hors intersection,Normale,Deux véhicules - arrière,,,,,,,,,,,2,2,1,1,2
200500060581,0005-09-28 07:20:00,5,9,28,7,20,780,586.0,VILLOING (ROBERT) N°1 A,,,Crépuscule ou aube,En agglomération,Intersection en X,Normale,Deux véhicules - côté,,,,,,,,,,,2,2,2,1,3
200500060582,0005-09-20 17:45:00,5,9,20,17,45,780,621.0,NATIONALE 10   (ROUTE),,,Plein jour,Hors agglomération,Hors intersection,Normale,Deux véhicules - côté,,,,,,,,,,,1,1,1,1,3
200500060583,0005-09-21 17:25:00,5,9,21,17,25,780,621.0,NATIONALE 10   (ROUTE),,,Plein jour,Hors agglomération,Hors intersection,Normale,Trois véhicules et plus - en chaîne,,,,,,,,,,,1,1,1,1,4
200500060584,0005-09-09 11:49:00,5,9,9,11,49,780,640.0,"37 BIS, EUROPE (AVENUE D",,,Plein jour,En agglomération,Autre intersection,Normale,Autre collision,,,,,,,,,,,1,2,9,1,6
200500060585,0005-09-14 17:10:00,5,9,14,17,10,780,640.0,SAVOIE (AVENUE DE),,,Plein jour,En agglomération,Hors intersection,Normale,Deux véhicules - côté,,,,,,,,,,,1,2,1,1,3
200500060586,0005-09-15 23:45:00,5,9,15,23,45,780,640.0,ROBERT WAGNER (AVENUE),,,Nuit avec éclairage allumé,En agglomération,Intersection en X,Normale,Trois véhicules et plus - collisions multiples,,,,,,,,,,,5,2,2,1,5
200500060587,0005-09-22 20:15:00,5,9,22,20,15,780,686.0,"165, GENERAL LECLERC (AV",,,Nuit avec éclairage allumé,En agglomération,Autre intersection,Normale,Autre collision,,,,,,,,,,,5,2,9,1,6
200500060588,0005-09-24 11:30:00,5,9,24,11,30,780,640.0,MORANE-SAULNIER (AVENUE),,,Plein jour,En agglomération,Hors intersection,Temps couvert,Autre collision,,,,,,,,,,,1,2,1,8,6
200500060589,0005-09-30 14:05:00,5,9,30,14,5,780,640.0,"6, DEWOITINE (RUE)",,,Plein jour,En agglomération,Hors intersection,Normale,Deux véhicules - côté,,,,,,,,,,,1,2,1,1,3
200500060590,0005-09-05 06:00:00,5,9,5,6,0,780,646.0,INDEPENDANCE AMERICAINE,,,Plein jour,En agglomération,Intersection en T,Normale,Deux véhicules - frontale,,,,,,,,,,,1,2,3,1,1
200500060591,0005-09-07 17:35:00,5,9,7,17,35,780,646.0,"neant, ETATS GENERAUX (R",,,Plein jour,En agglomération,Hors intersection,Normale,Autre collision,,,,,,,,,,,1,2,1,1,6
200500060592,0005-09-07 19:15:00,5,9,7,19,15,780,646.0,"39, ROI (BOULEVARD DU)",,,Plein jour,En agglomération,Hors intersection,Normale,Deux véhicules - côté,,,,,,,,,,,1,2,1,1,3
200500060593,0005-09-10 12:00:00,5,9,10,12,0,780,646.0,SAINT CLOUD (AVENUE DE),,,Plein jour,En agglomération,Intersection à plus de 4 branches,Pluie forte,Autre collision,,,,,,,,,,,1,2,5,3,6
200500060594,0005-09-11 18:00:00,5,9,11,18,0,780,117.0,LOUIS BLERIOT (RUE),,,Plein jour,Hors agglomération,Hors intersection,Pluie légère,Deux véhicules - côté,,,,,,,,,,,1,1,1,2,3
200500060595,0005-09-10 17:10:00,5,9,10,17,10,780,158.0,SAINT GERMAIN (ROUTE DE),,,Plein jour,En agglomération,Hors intersection,Normale,Deux véhicules - arrière,,,,,,,,,,,1,2,1,1,2
200500060596,0005-09-14 06:15:00,5,9,14,6,15,780,158.0,"Néant, DUTARTRE (AVENUE)",,,Nuit avec éclairage allumé,En agglomération,Intersection en X,Normale,Deux véhicules - côté,,,,,,,,,,,5,2,2,1,3
200500060597,0005-09-16 16:30:00,5,9,16,16,30,780,646.0,"0, PIERRE LESCOT (RUE)",,,Plein jour,En agglomération,Intersection en T,Normale,Autre collision,,,,,,,,,,,1,2,3,1,6
200500060598,0005-09-17 10:05:00,5,9,17,10,5,780,646.0,"NEANT, SAINT ANTOINE (BO",,,Plein jour,En agglomération,Intersection en X,Normale,Deux véhicules - côté,,,,,,,,,,,1,2,2,1,3
200500060599,0005-09-18 12:45:00,5,9,18,12,45,780,646.0,"9, SAINT CLOUD (AVENUE D",,,Plein jour,En agglomération,Hors intersection,Normale,Autre collision,,,,,,,,,,,1,2,1,1,6
200500060600,0005-09-21 08:45:00,5,9,21,8,45,780,117.0,JEAN CASALE (AVENUE),,,Plein jour,Hors agglomération,Intersection en T,Normale,Deux véhicules - côté,,,,,,,,,,,1,1,3,1,3
200500060601,0005-09-21 15:45:00,5,9,21,15,45,780,524.0,ROUTE DE SAINT GERMAIN R,,,Plein jour,Hors agglomération,Hors intersection,Normale,Trois véhicules et plus - en chaîne,,,,,,,,,,,1,1,1,1,4
200500060602,0005-09-25 13:20:00,5,9,25,13,20,780,646.0,"Néant, CARNOT (RUE)",,,Plein jour,En agglomération,Hors intersection,Normale,Autre collision,,,,,,,,,,,1,2,1,1,6
200500060603,0005-09-23 18:25:00,5,9,23,18,25,780,646.0,"néant, ETATS GENERAUX (R",,,Plein jour,En agglomération,Intersection en X,Normale,Deux véhicules - côté,,,,,,,,,,,1,2,2,1,3
200500060604,0005-09-27 08:30:00,5,9,27,8,30,780,646.0,"91, REINE (BOULEVARD DE",,,Plein jour,En agglomération,Hors intersection,Normale,Autre collision,,,,,,,,,,,1,2,1,1,6
200500060605,0005-09-27 13:00:00,5,9,27,13,0,780,646.0,SCEAUX (AVENUE DE),,,Plein jour,En agglomération,Hors intersection,Normale,Deux véhicules - côté,,,,,,,,,,,1,2,1,1,3
200500060606,0005-09-28 09:20:00,5,9,28,9,20,780,158.0,VERDUN (AVENUE DE),,,Plein jour,En agglomération,Hors intersection,Normale,Deux véhicules - côté,,,,,,,,,,,1,2,1,1,3
200500060607,0005-09-30 17:30:00,5,9,30,17,30,780,158.0,"114, VERSAILLES (RUE DE)",,,Plein jour,En agglomération,Hors intersection,Pluie forte,Deux véhicules - côté,,,,,,,,,,,1,2,1,3,3
200500060608,0005-09-03 16:45:00,5,9,3,16,45,780,146.0,"1, JEAN JAURES (BOULEVAR",,,Plein jour,En agglomération,Intersection en T,Normale,Deux véhicules - côté,,,,,,,,,,,1,2,3,1,3
200500060609,0005-09-06 12:00:00,5,9,6,12,0,780,650.0,"14, MARECHAL FOCH (RUE D",,,Plein jour,En agglomération,Intersection en T,Normale,Autre collision,,,,,,,,,,,1,2,3,1,6
200500060610,0005-09-08 11:30:00,5,9,8,11,30,780,146.0,", MARECHAL FOCH (AVENUE",,,Plein jour,En agglomération,Intersection en T,Normale,Autre collision,,,,,,,,,,,1,2,3,1,6
200500060611,0005-09-23 15:30:00,5,9,23,15,30,780,418.0,"0, REMISE DU LOUP (CHEMI",,,Plein jour,En agglomération,Autre intersection,Normale,Deux véhicules - côté,,,,,,,,,,,1,2,9,1,3
200500060612,0005-09-24 11:45:00,5,9,24,11,45,780,146.0,VESINET (ROUTE DU),,,Plein jour,En agglomération,Intersection en T,Normale,Autre collision,,,,,,,,,,,1,2,3,1,6
200500060613,0005-09-09 12:12:00,5,9,9,12,12,790,191.0,JEAN JAURES,,,Plein jour,En agglomération,Hors intersection,Normale,Sans collision,,,,,,,,,,,1,2,1,1,7
200500060614,0005-09-28 21:45:00,5,9,28,21,45,790,329.0,"01, HELENSBURGH (BOULEVA",,,Nuit avec éclairage allumé,En agglomération,Autre intersection,Normale,Deux véhicules - côté,,,,,,,,,,,5,2,9,1,3
200500060615,0005-09-07 07:05:00,5,9,7,7,5,800,1.0,"14, PORTELETTE (de la)",,,Crépuscule ou aube,En agglomération,Hors intersection,Normale,Autre collision,,,,,,,,,,,2,2,1,1,6
200500060616,0005-09-16 05:35:00,5,9,16,5,35,800,1.0,"1, HESDIN (d')",,,Nuit sans éclairage public,En agglomération,Intersection en X,Pluie légère,Deux véhicules - côté,,,,,,,,,,,3,2,2,2,3
200500060617,0005-09-01 19:15:00,5,9,1,19,15,800,21.0,"0, ALLIES (RUE DES)",,,Plein jour,En agglomération,Intersection en T,Normale,Deux véhicules - côté,,,,,,,,,,,1,2,3,1,3
200500060618,0005-09-02 19:00:00,5,9,2,19,0,800,21.0,"0, REPUBLIQUE (RUE DE LA",,,Plein jour,En agglomération,Intersection en T,Normale,Deux véhicules - côté,,,,,,,,,,,1,2,3,1,3
200500060619,0005-09-04 12:45:00,5,9,4,12,45,800,21.0,"0, BEAUVILLE CENTRE (BOU",,,Plein jour,En agglomération,Hors intersection,Normale,Autre collision,,,,,,,,,,,1,2,1,1,6
200500060620,0005-09-05 09:25:00,5,9,5,9,25,800,21.0,"0, ALEXANDRE DUMAS (RUE)",,,Plein jour,En agglomération,Giratoire,Normale,Deux véhicules - côté,,,,,,,,,,,1,2,6,1,3
200500060621,0005-09-05 14:55:00,5,9,5,14,55,800,21.0,ROCADE NORD,,,Plein jour,Hors agglomération,Hors intersection,Normale,Sans collision,,,,,,,,,,,1,1,1,1,7
200500060622,0005-09-05 18:15:00,5,9,5,18,15,800,21.0,FAUBOURG DE HEM (RUE DU),,,Plein jour,En agglomération,Hors intersection,Normale,Deux véhicules - côté,,,,,,,,,,,1,2,1,1,3
200500060623,0005-09-06 19:36:00,5,9,6,19,36,800,164.0,"0, MARAIS AUX VACHES (RO",,,Plein jour,Hors agglomération,Hors intersection,Normale,Sans collision,,,,,,,,,,,1,1,1,1,7
200500060624,0005-09-06 11:25:00,5,9,6,11,25,800,21.0,"0, GENERAL DE GAULLE (AV",,,Plein jour,En agglomération,Giratoire,Normale,Deux véhicules - côté,,,,,,,,,,,1,2,6,1,3
200500060625,0005-09-07 16:25:00,5,9,7,16,25,800,21.0,"37, JEAN CATELAS (RUE)",,,Plein jour,En agglomération,Hors intersection,Normale,Deux véhicules - côté,,,,,,,,,,,1,2,1,1,3
200500060626,0005-09-07 20:30:00,5,9,7,20,30,800,21.0,"91, FRANKLIN ROOSEVELT (",,,Nuit avec éclairage allumé,En agglomération,Hors intersection,Normale,Deux véhicules - frontale,,,,,,,,,,,5,2,1,1,1
200500060627,0005-09-08 12:40:00,5,9,8,12,40,800,21.0,"0, BRETAGNE (PLACE DE)",,,Plein jour,En agglomération,Hors intersection,Normale,Autre collision,,,,,,,,,,,1,2,1,1,6
200500060628,0005-09-08 09:00:00,5,9,8,9,0,800,21.0,"0, VANMARCKE (RUE)",,,Plein jour,En agglomération,Hors intersection,Normale,Autre collision,,,,,,,,,,,1,2,1,1,6
200500060629,0005-09-12 23:50:00,5,9,12,23,50,800,21.0,"264, GAUTHIER DE RUMILLY",,,Nuit avec éclairage allumé,En agglomération,Hors intersection,Normale,Deux véhicules - frontale,,,,,,,,,,,5,2,1,1,1
200500060630,0005-09-09 19:05:00,5,9,9,19,5,800,164.0,"35, AMBROISE CROIZAT (RU",,,Plein jour,En agglomération,Hors intersection,Normale,Deux véhicules - côté,,,,,,,,,,,1,2,1,1,3
200500060631,0005-09-12 17:35:00,5,9,12,17,35,800,21.0,GENTELLES (RUE DE),,,Plein jour,Hors agglomération,Hors intersection,Normale,Deux véhicules - arrière,,,,,,,,,,,1,1,1,1,2
200500060632,0005-09-13 10:30:00,5,9,13,10,30,800,21.0,"0, AMIRAL PERREE (RUE DE",,,Plein jour,En agglomération,Intersection en X,Normale,Deux véhicules - côté,,,,,,,,,,,1,2,2,1,3
200500060633,0005-09-14 08:00:00,5,9,14,8,0,800,21.0,"0, GEORGES CLEMENCEAU (C",,,Plein jour,En agglomération,Giratoire,Normale,Deux véhicules - côté,,,,,,,,,,,1,2,6,1,3
200500060634,0005-09-16 01:15:00,5,9,16,1,15,800,21.0,"0, RENE GOBLET (PLACE)",,,Nuit avec éclairage allumé,En agglomération,Hors intersection,Pluie légère,Deux véhicules - côté,,,,,,,,,,,5,2,1,2,3
200500060635,0005-09-18 20:45:00,5,9,18,20,45,800,379.0,"0, MICHEL STROGOFF  (BOU",,,Nuit avec éclairage allumé,En agglomération,Hors intersection,Normale,Sans collision,,,,,,,,,,,5,2,1,1,7
200500060636,0005-09-18 18:10:00,5,9,18,18,10,800,21.0,ROGER DUMOULIN (AVENUE),,,Plein jour,En agglomération,Intersection en X,Normale,Deux véhicules - arrière,,,,,,,,,,,1,2,2,1,2
200500060637,0005-09-17 11:25:00,5,9,17,11,25,800,21.0,ROGER DUMOULIN (AVENUE),,,Plein jour,Hors agglomération,Intersection en T,Normale,Deux véhicules - arrière,,,,,,,,,,,1,1,3,1,2
200500060638,0005-09-18 18:30:00,5,9,18,18,30,800,489.0,"0, PIERRE SEMART (RUE)",,,Plein jour,En agglomération,Hors intersection,Normale,Sans collision,,,,,,,,,,,1,2,1,1,7
200500060639,0005-09-16 22:35:00,5,9,16,22,35,800,379.0,"0, MICHEL STROGOFF  (BOU",,,Nuit avec éclairage allumé,En agglomération,Hors intersection,Normale,Sans collision,,,,,,,,,,,5,2,1,1,7
200500060640,0005-09-19 09:35:00,5,9,19,9,35,800,21.0,ABBEVILLE (RUE D'),,,Plein jour,En agglomération,Hors intersection,Normale,Sans collision,,,,,,,,,,,1,2,1,1,7
200500060641,0005-09-20 13:35:00,5,9,20,13,35,800,21.0,FRANKLIN ROOSEVELT (RUE),,,Plein jour,En agglomération,Hors intersection,Normale,Deux véhicules - arrière,,,,,,,,,,,1,2,1,1,2
200500060642,0005-09-20 14:15:00,5,9,20,14,15,800,21.0,"0, JULES BARNI (RUE)",,,Plein jour,En agglomération,Intersection en T,Normale,Deux véhicules - côté,,,,,,,,,,,1,2,3,1,3
200500060643,0005-09-21 09:30:00,5,9,21,9,30,800,261.0,NATIONALE (ROUTE),,,Plein jour,En agglomération,Hors intersection,Brouillard / fumée,Trois véhicules et plus - collisions multiples,,,,,,,,,,,1,2,1,5,5
200500060644,0005-09-21 17:25:00,5,9,21,17,25,800,21.0,"73, GENERAL FOY (AVENUE",,,Plein jour,En agglomération,Hors intersection,Normale,Trois véhicules et plus - collisions multiples,,,,,,,,,,,1,2,1,1,5
200500060645,0005-09-22 17:25:00,5,9,22,17,25,800,21.0,"0, VENDEE (ALLEE DE)",,,Plein jour,En agglomération,Hors intersection,Normale,Autre collision,,,,,,,,,,,1,2,1,1,6
200500060646,0005-09-22 20:20:00,5,9,22,20,20,800,21.0,"0, ALSACE LORRAINE (BOUL",,,Nuit avec éclairage allumé,Hors agglomération,Hors intersection,Normale,Deux véhicules - côté,,,,,,,,,,,5,1,1,1,3
200500060647,0005-09-24 17:05:00,5,9,24,17,5,800,674.0,DEFENSE PASSIVE (AVENUE,,,Plein jour,En agglomération,Hors intersection,Normale,Deux véhicules - côté,,,,,,,,,,,1,2,1,1,3
200500060648,0005-09-26 12:40:00,5,9,26,12,40,800,21.0,"121, OCTAVE TIERCE (RUE)",,,Plein jour,En agglomération,Hors intersection,Normale,Autre collision,,,,,,,,,,,1,2,1,1,6