accident_id,datetime,annee,mois,jour,heure,minute,departement,commune_insee,adresse,latitude,longitude,luminosite,agglomeration,intersection,meteo,collision,nb_vehicules,nb_usagers,nb_indemnes,nb_tues,nb_blesses_hosp,nb_blesses_legers,age_cond_1,age_cond_2,veh_type_cond_1,veh_type_cond_2,lum_code,agg_code,int_code,atm_code,col_code
200500060649,0005-09-27 08:05:00,5,9,27,8,5,800,21.0,"0, COQUEREL (RUE)",,,Plein jour,En agglomération,Intersection en X,Normale,Deux véhicules - côté,,,,,,,,,,,1,2,2,1,3
200500060650,0005-09-29 18:50:00,5,9,29,18,50,800,21.0,"0, ALBERT CAMUS (RUE)",,,Plein jour,En agglomération,Intersection en T,Normale,Deux véhicules - côté,,,,,,,,,,,1,2,3,1,3
200500060651,0005-09-27 17:20:00,5,9,27,17,20,800,21.0,"85, SAINT QUENTIN (BOULE",,,Plein jour,En agglomération,Hors intersection,Pluie légère,Deux véhicules - côté,,,,,,,,,,,1,2,1,2,3
200500060652,0005-09-30 00:10:00,5,9,30,0,10,800,21.0,"0, DEPORTES (RUE DES)",,,Nuit avec éclairage allumé,En agglomération,Hors intersection,Normale,Autre collision,,,,,,,,,,,5,2,1,1,6
200500060653,0005-09-30 13:45:00,5,9,30,13,45,800,21.0,CHATEAUDUN (BOULEVARD DE,,,Plein jour,En agglomération,Hors intersection,Pluie légère,Deux véhicules - arrière,,,,,,,,,,,1,2,1,2,2
200500060654,0005-09-30 14:50:00,5,9,30,14,50,800,21.0,"743, CAGNY (RUE DE)",,,Plein jour,En agglomération,Hors intersection,Pluie légère,Autre collision,,,,,,,,,,,1,2,1,2,6
200500060655,0005-09-30 18:40:00,5,9,30,18,40,800,21.0,ROCADE NORD EST RN 25,,,Crépuscule ou aube,En agglomération,Intersection en Y,Pluie légère,Deux véhicules - côté,,,,,,,,,,,2,2,4,2,3
200500060656,0005-09-10 23:00:00,5,9,10,23,0,810,4.0,PATUS CREMAT (ET PL DU),,,Nuit avec éclairage allumé,En agglomération,Intersection en X,Normale,Deux véhicules - côté,,,,,,,,,,,5,2,2,1,3
200500060657,0005-09-15 17:00:00,5,9,15,17,0,810,60.0,NECKARSULM (AV. DE),,,Plein jour,En agglomération,Hors intersection,Normale,Autre collision,,,,,,,,,,,1,2,1,1,6
200500060658,0005-09-01 11:35:00,5,9,1,11,35,810,65.0,DROUOT (PLACE),,,Plein jour,En agglomération,Hors intersection,Normale,Sans collision,,,,,,,,,,,1,2,1,1,7
200500060659,0005-09-07 19:00:00,5,9,7,19,0,810,65.0,TOULOUSE RN 126 (RTE DE),,,Plein jour,En agglomération,Hors intersection,Pluie légère,Deux véhicules - côté,,,,,,,,,,,1,2,1,2,3
200500060660,0005-09-12 12:10:00,5,9,12,12,10,810,65.0,ROQUECOURBE (AV. DE),,,Plein jour,Hors agglomération,Hors intersection,Pluie légère,Deux véhicules - côté,,,,,,,,,,,1,1,1,2,3
200500060661,0005-09-14 12:10:00,5,9,14,12,10,810,65.0,"1, CHAMBRE DE L'EDIT (RU",,,Plein jour,En agglomération,Intersection en T,Normale,Deux véhicules - côté,,,,,,,,,,,1,2,3,1,3
200500060662,0005-09-16 17:30:00,5,9,16,17,30,810,65.0,VERDARIE AU ROSE (CR 149,,,Plein jour,Hors agglomération,Hors intersection,Normale,Deux véhicules - frontale,,,,,,,,,,,1,1,1,1,1
200500060663,0005-09-17 10:36:00,5,9,17,10,36,810,65.0,GAULLE (AV. CHARLES DE),,,Plein jour,En agglomération,Hors intersection,Normale,Sans collision,,,,,,,,,,,1,2,1,1,7
200500060664,0005-09-18 18:40:00,5,9,18,18,40,810,65.0,LAUTREC RD 83 (RTE DE),,,Plein jour,Hors agglomération,Intersection en T,Normale,Deux véhicules - côté,,,,,,,,,,,1,1,3,1,3
200500060665,0005-09-21 19:10:00,5,9,21,19,10,810,65.0,JAURES (PL.JEAN),,,Plein jour,En agglomération,Hors intersection,Normale,Sans collision,,,,,,,,,,,1,2,1,1,7
200500060666,0005-09-16 20:55:00,5,9,16,20,55,810,163.0,JUIN (MARECHAL),,,Nuit avec éclairage non allumé,En agglomération,Autre intersection,Normale,Deux véhicules - frontale,,,,,,,,,,,4,2,9,1,1
200500060667,0005-09-16 15:00:00,5,9,16,15,0,810,21.0,CD 612,,,Plein jour,Hors agglomération,Autre intersection,Normale,Deux véhicules - côté,,,,,,,,,,,1,1,9,1,3
200500060668,0005-09-28 20:00:00,5,9,28,20,0,810,163.0,JUIN (MARECHAL),,,Crépuscule ou aube,En agglomération,Autre intersection,Normale,Autre collision,,,,,,,,,,,2,2,9,1,6
200500060669,0005-09-21 04:40:00,5,9,21,4,40,820,33.0,", RN 113",,,Nuit sans éclairage public,Hors agglomération,Hors intersection,Normale,Deux véhicules - arrière,,,,,,,,,,,3,1,1,1,2
200500060670,0005-09-26 16:45:00,5,9,26,16,45,820,33.0,MARCET (Baptiste),,,Plein jour,En agglomération,Hors intersection,Normale,Deux véhicules - côté,,,,,,,,,,,1,2,1,1,3
200500060671,0005-09-13 10:23:00,5,9,13,10,23,820,121.0,"0, SAPIAC (GRAND RUE DE)",,,Plein jour,En agglomération,Intersection en T,Normale,Deux véhicules - côté,,,,,,,,,,,1,2,3,1,3
200500060672,0005-09-07 12:05:00,5,9,7,12,5,820,121.0,LACRA,,,Plein jour,Hors agglomération,Hors intersection,Normale,Deux véhicules - arrière,,,,,,,,,,,1,1,1,1,2
200500060673,0005-09-18 17:53:00,5,9,18,17,53,820,121.0,"0, MOLIERES (ROUTE DE)",,,Plein jour,En agglomération,Hors intersection,Normale,Deux véhicules - arrière,,,,,,,,,,,1,2,1,1,2
200500060674,0005-09-16 11:50:00,5,9,16,11,50,820,121.0,"0, ARDUS (AVENUE D')",,,Plein jour,Hors agglomération,Intersection en T,Normale,Deux véhicules - côté,,,,,,,,,,,1,1,3,1,3
200500060675,0005-09-22 11:55:00,5,9,22,11,55,820,121.0,"0, DE SAINT PIERRE (CHEM",,,Plein jour,Hors agglomération,Intersection en X,Normale,Deux véhicules - côté,,,,,,,,,,,1,1,2,1,3
200500060676,0005-09-23 17:03:00,5,9,23,17,3,820,121.0,"0, ROUTE DE BORDEAUX",,,Plein jour,Hors agglomération,Intersection en T,Normale,Deux véhicules - arrière,,,,,,,,,,,1,1,3,1,2
200500060677,0005-09-26 18:45:00,5,9,26,18,45,820,121.0,"0, GOUZE(boulevard h)",,,Plein jour,En agglomération,Intersection en T,Normale,Deux véhicules - arrière,,,,,,,,,,,1,2,3,1,2
200500060678,0005-09-27 21:30:00,5,9,27,21,30,820,121.0,"0, VILLENOUVELLE (GRANDE",,,Nuit avec éclairage allumé,En agglomération,Intersection en X,Normale,Deux véhicules - frontale,,,,,,,,,,,5,2,2,1,1
200500060679,0005-09-30 11:10:00,5,9,30,11,10,820,121.0,"2347, PLAINE (CHEMIN DE",,,Plein jour,Hors agglomération,Hors intersection,Normale,Autre collision,,,,,,,,,,,1,1,1,1,6
200500060680,0005-09-09 11:45:00,5,9,9,11,45,820,121.0,"0, GAMBETTA (AVENUE)",,,Plein jour,En agglomération,Hors intersection,Normale,Autre collision,,,,,,,,,,,1,2,1,1,6
200500060681,0005-09-07 16:45:00,5,9,7,16,45,830,50.0,CARNOT(AVENUE LAZARE),,,Plein jour,En agglomération,Intersection en T,Normale,Sans collision,,,,,,,,,,,1,2,3,1,7
200500060682,0005-09-19 17:50:00,5,9,19,17,50,830,50.0,"87, SAINT JAUME(CHEMIN)",,,Plein jour,En agglomération,Hors intersection,Pluie légère,Autre collision,,,,,,,,,,,1,2,1,2,6
200500060683,0005-09-28 18:00:00,5,9,28,18,0,830,50.0,RN 555(SORTIE VILLAGE VE,,,Plein jour,Hors agglomération,Hors intersection,Normale,Deux véhicules - côté,,,,,,,,,,,1,1,1,1,3
200500060684,0005-09-03 14:30:00,5,9,3,14,30,830,61.0,"30, AVENUE DE PORT-FRÉJU",,,Plein jour,En agglomération,Hors intersection,Normale,Autre collision,,,,,,,,,,,1,2,1,1,6
200500060685,0005-09-09 19:05:00,5,9,9,19,5,830,118.0,"0, BOULEVARD DE L'ASPE",,,Plein jour,En agglomération,Hors intersection,Normale,Deux véhicules - arrière,,,,,,,,,,,1,2,1,1,2
200500060686,0005-09-27 00:55:00,5,9,27,0,55,830,118.0,"0, RN98",,,Nuit avec éclairage allumé,En agglomération,Giratoire,Normale,Autre collision,,,,,,,,,,,5,2,6,1,6
200500060687,0005-09-30 14:25:00,5,9,30,14,25,830,61.0,"700, AVENUE DE LATTRE DE",,,Plein jour,En agglomération,Hors intersection,Normale,Deux véhicules - côté,,,,,,,,,,,1,2,1,1,3
200500060688,0005-09-21 19:10:00,5,9,21,19,10,830,61.0,AVENUE DE PROVENCE,,,Plein jour,En agglomération,Hors intersection,Normale,Deux véhicules - frontale,,,,,,,,,,,1,2,1,1,1
200500060689,0005-09-09 07:53:00,5,9,9,7,53,830,61.0,"0, AVENUE DU HUIT MAI 19",,,Plein jour,En agglomération,Intersection en T,Normale,Deux véhicules - côté,,,,,,,,,,,1,2,3,1,3
200500060690,0005-09-05 09:50:00,5,9,5,9,50,830,118.0,"00, BOULEVARD CHRISTIAN",,,Plein jour,En agglomération,Intersection en X,Normale,Autre collision,,,,,,,,,,,1,2,2,1,6
200500060691,0005-09-30 17:15:00,5,9,30,17,15,830,61.0,"face 1386, AVENUE ANDRÉ",,,Plein jour,Hors agglomération,Hors intersection,Normale,Deux véhicules - côté,,,,,,,,,,,1,1,1,1,3
200500060692,0005-09-22 20:45:00,5,9,22,20,45,830,118.0,"0, AVENUE AURÉLIENNE",,,Nuit avec éclairage allumé,En agglomération,Intersection en T,Normale,Deux véhicules - côté,,,,,,,,,,,5,2,3,1,3
200500060693,0005-09-03 21:40:00,5,9,3,21,40,830,69.0,OLBIA  (VOIE),,,Nuit sans éclairage public,Hors agglomération,Hors intersection,Normale,Autre collision,,,,,,,,,,,3,1,1,1,6
200500060694,0005-09-11 22:40:00,5,9,11,22,40,830,34.0,"1555, AVENUE VALERANE",,,Nuit avec éclairage allumé,Hors agglomération,Hors intersection,Normale,Trois véhicules et plus - collisions multiples,,,,,,,,,,,5,1,1,1,5
200500060695,0005-09-12 23:30:00,5,9,12,23,30,830,69.0,"2024, LOUBES (ROUTE DES)",,,Nuit sans éclairage public,Hors agglomération,Hors intersection,Normale,Autre collision,,,,,,,,,,,3,1,1,1,6
200500060696,0005-09-28 16:00:00,5,9,28,16,0,830,69.0,"10, MADRAGUE (ROUTE DE L",,,Plein jour,Hors agglomération,Hors intersection,Normale,Deux véhicules - frontale,,,,,,,,,,,1,1,1,1,1
200500060697,0005-09-02 19:40:00,5,9,2,19,40,830,129.0,"60, MER (AVENUE DE LA) N",,,Plein jour,En agglomération,Hors intersection,Normale,Deux véhicules - arrière,,,,,,,,,,,1,2,1,1,2
200500060698,0005-09-06 11:50:00,5,9,6,11,50,830,123.0,", TOULON (ANCIEN CHEMIN",,,Plein jour,En agglomération,Intersection en T,Pluie forte,Deux véhicules - côté,,,,,,,,,,,1,2,3,3,3
200500060699,0005-09-09 11:20:00,5,9,9,11,20,830,9.0,MARSEILLE (BD DE),,,Plein jour,En agglomération,Hors intersection,Normale,Autre collision,,,,,,,,,,,1,2,1,1,6
200500060700,0005-09-18 21:40:00,5,9,18,21,40,830,9.0,DEPARTEMENTALE 559 (ROUT,,,Nuit sans éclairage public,Hors agglomération,Hors intersection,Pluie forte,Deux véhicules - frontale,,,,,,,,,,,3,1,1,3,1
200500060701,0005-09-20 07:35:00,5,9,20,7,35,830,129.0,FONT DE FILLOL (RC ET T),,,Plein jour,En agglomération,Hors intersection,Normale,Sans collision,,,,,,,,,,,1,2,1,1,7
200500060702,0005-09-26 23:35:00,5,9,26,23,35,830,129.0,MOURIES (CHEMIN DE),,,Nuit sans éclairage public,Hors agglomération,Hors intersection,Normale,Sans collision,,,,,,,,,,,3,1,1,1,7
200500060703,0005-09-29 20:15:00,5,9,29,20,15,830,129.0,"843, MER (AVENUE DE LA)",,,Nuit avec éclairage allumé,En agglomération,Hors intersection,Normale,Deux véhicules - côté,,,,,,,,,,,5,2,1,1,3
200500060704,0005-09-01 19:25:00,5,9,1,19,25,830,126.0,"70, JAURES (BD JEAN)",,,Plein jour,En agglomération,Intersection en X,Normale,Deux véhicules - côté,,,,,,,,,,,1,2,2,1,3
200500060705,0005-09-02 08:50:00,5,9,2,8,50,830,126.0,CORSE RESISTANTE (BD DE,,,Plein jour,En agglomération,Hors intersection,Normale,Autre collision,,,,,,,,,,,1,2,1,1,6
200500060706,0005-09-08 23:05:00,5,9,8,23,5,830,126.0,", DE LATTRE DE TASSIGNY",,,Nuit avec éclairage allumé,En agglomération,Hors intersection,Normale,Deux véhicules - côté,,,,,,,,,,,5,2,1,1,3
200500060707,0005-09-16 08:12:00,5,9,16,8,12,830,126.0,", FARLEDE (CHEMIN DE LA)",,,Plein jour,En agglomération,Intersection en T,Normale,Deux véhicules - côté,,,,,,,,,,,1,2,3,1,3
200500060708,0005-09-17 12:50:00,5,9,17,12,50,830,126.0,", RENAUDEL (RUE PIERRE)",,,Plein jour,En agglomération,Intersection en X,Normale,Deux véhicules - côté,,,,,,,,,,,1,2,2,1,3
200500060709,0005-09-16 20:15:00,5,9,16,20,15,830,126.0,", LA SEYNE A OLLIOULES (",,,Nuit avec éclairage allumé,Hors agglomération,Hors intersection,Normale,Autre collision,,,,,,,,,,,5,1,1,1,6
200500060710,0005-09-20 17:25:00,5,9,20,17,25,830,126.0,BARTOLINI (AV JEAN),,,Plein jour,En agglomération,Autre intersection,Normale,Deux véhicules - frontale,,,,,,,,,,,1,2,9,1,1
200500060711,0005-09-27 20:05:00,5,9,27,20,5,830,126.0,BARTOLINI (AV JEAN),,,Crépuscule ou aube,En agglomération,Hors intersection,Normale,Deux véhicules - côté,,,,,,,,,,,2,2,1,1,3
200500060712,0005-09-28 08:10:00,5,9,28,8,10,830,126.0,"8, QUATRE SEPTEMBRE (BD",,,Plein jour,En agglomération,Hors intersection,Normale,Autre collision,,,,,,,,,,,1,2,1,1,6
200500060713,0005-09-29 08:40:00,5,9,29,8,40,830,126.0,", LAMARQUE (AV JEAN ALBE",,,Plein jour,En agglomération,Intersection en T,Normale,Deux véhicules - côté,,,,,,,,,,,1,2,3,1,3
200500060714,0005-09-04 03:15:00,5,9,4,3,15,830,137.0,FOCH (AVE DU MARECHAL),,,Nuit avec éclairage allumé,En agglomération,Hors intersection,Normale,Deux véhicules - frontale,,,,,,,,,,,5,2,1,1,1
200500060715,0005-09-02 13:30:00,5,9,2,13,30,830,98.0,GANZIN (AVENUE DE),,,Plein jour,En agglomération,Hors intersection,Normale,Deux véhicules - frontale,,,,,,,,,,,1,2,1,1,1
200500060716,0005-09-06 18:30:00,5,9,6,18,30,830,137.0,"IGNORE, DANTON (RUE)",,,Plein jour,En agglomération,Hors intersection,Normale,Autre collision,,,,,,,,,,,1,2,1,1,6
200500060717,0005-09-04 14:00:00,5,9,4,14,0,830,137.0,"670, TROLLEY DE PREVEAUX",,,Plein jour,Hors agglomération,Intersection en T,Normale,Deux véhicules - frontale,,,,,,,,,,,1,1,3,1,1
200500060718,0005-09-03 13:10:00,5,9,3,13,10,830,137.0,"270, 15EME CORPS (AVE DU",,,Plein jour,En agglomération,Hors intersection,Normale,Autre collision,,,,,,,,,,,1,2,1,1,6
200500060719,0005-09-12 06:25:00,5,9,12,6,25,830,137.0,"IGNORE, ROBESPIERRE (BD)",,,Crépuscule ou aube,En agglomération,Hors intersection,Normale,Autre collision,,,,,,,,,,,2,2,1,1,6
200500060720,0005-09-12 16:45:00,5,9,12,16,45,830,137.0,"824, PICOT (AVE DU COLON",,,Plein jour,En agglomération,Intersection en T,Normale,Deux véhicules - côté,,,,,,,,,,,1,2,3,1,3
200500060721,0005-09-12 17:30:00,5,9,12,17,30,830,137.0,BAZEILLES (BD / ROND POI,,,Plein jour,En agglomération,Intersection en X,Normale,Deux véhicules - côté,,,,,,,,,,,1,2,2,1,3
200500060722,0005-09-12 20:30:00,5,9,12,20,30,830,144.0,"277, LECLERC (BD MARECHA",,,Nuit avec éclairage allumé,En agglomération,Hors intersection,Normale,Deux véhicules - côté,,,,,,,,,,,5,2,1,1,3
200500060723,0005-09-12 17:15:00,5,9,12,17,15,830,137.0,"469, SAINTE CLAIRE DEVIL",,,Plein jour,En agglomération,Hors intersection,Normale,Autre collision,,,,,,,,,,,1,2,1,1,6
200500060724,0005-09-04 23:00:00,5,9,4,23,0,830,137.0,"IGNORE, ABEL (BD JEAN BA",,,Nuit avec éclairage allumé,En agglomération,Intersection en T,Normale,Deux véhicules - côté,,,,,,,,,,,5,2,3,1,3
200500060725,0005-09-10 04:45:00,5,9,10,4,45,830,98.0,"0, GANZIN (AVENUE DE)",,,Nuit sans éclairage public,Hors agglomération,Hors intersection,Normale,Sans collision,,,,,,,,,,,3,1,1,1,7
200500060726,0005-09-05 11:44:00,5,9,5,11,44,830,62.0,"0, VIEUX CH.DE STE MUSSE",,,Plein jour,En agglomération,Hors intersection,Pluie forte,Deux véhicules - frontale,,,,,,,,,,,1,2,1,3,1
200500060727,0005-09-07 15:15:00,5,9,7,15,15,830,137.0,"0, GASQUET (AVE JOSEPH D",,,Plein jour,En agglomération,Intersection en T,Normale,Deux véhicules - côté,,,,,,,,,,,1,2,3,1,3
200500060728,0005-09-01 14:25:00,5,9,1,14,25,830,144.0,"243, FRANCE (AVE / IMP A",,,Plein jour,En agglomération,Hors intersection,Normale,Trois véhicules et plus - collisions multiples,,,,,,,,,,,1,2,1,1,5
200500060729,0005-09-17 14:00:00,5,9,17,14,0,830,137.0,"0, CLEMENCEAU (BD GEORGE",,,Plein jour,En agglomération,Intersection à plus de 4 branches,Normale,Deux véhicules - côté,,,,,,,,,,,1,2,5,1,3
200500060730,0005-09-19 09:15:00,5,9,19,9,15,830,137.0,"3166, ESCARTEFIGUE (CORN",,,Plein jour,En agglomération,Hors intersection,Pluie légère,Deux véhicules - arrière,,,,,,,,,,,1,2,1,2,2
200500060731,0005-09-20 17:30:00,5,9,20,17,30,830,137.0,"0, POINCARE (RUE HENRI)",,,Plein jour,En agglomération,Intersection en T,Normale,Autre collision,,,,,,,,,,,1,2,3,1,6
200500060732,0005-09-10 16:00:00,5,9,10,16,0,830,62.0,"0, POUVEREL (CHEMIN DU)",,,Plein jour,En agglomération,Intersection en X,Normale,Deux véhicules - côté,,,,,,,,,,,1,2,2,1,3
200500060733,0005-09-19 14:25:00,5,9,19,14,25,830,137.0,"0, NICOLAS (BD COMMANDAN",,,Plein jour,En agglomération,Hors intersection,Normale,Deux véhicules - frontale,,,,,,,,,,,1,2,1,1,1
200500060734,0005-09-22 08:15:00,5,9,22,8,15,830,137.0,"49, LOMBARD (RUE JEAN)",,,Plein jour,En agglomération,Hors intersection,Normale,Autre collision,,,,,,,,,,,1,2,1,1,6
200500060735,0005-09-03 11:40:00,5,9,3,11,40,830,137.0,"0, COLLINES (BD / IMP DE",,,Plein jour,En agglomération,Hors intersection,Normale,Autre collision,,,,,,,,,,,1,2,1,1,6
200500060736,0005-09-22 14:00:00,5,9,22,14,0,830,137.0,"0, COLLET (AVE AMIRAL)",,,Plein jour,En agglomération,Intersection à plus de 4 branches,Normale,Deux véhicules - côté,,,,,,,,,,,1,2,5,1,3
200500060737,0005-09-19 06:36:00,5,9,19,6,36,830,137.0,FAVIERES (CHEMIN DES),,,Nuit avec éclairage allumé,Hors agglomération,Intersection en T,Pluie légère,Deux véhicules - frontale,,,,,,,,,,,5,1,3,2,1
200500060738,0005-09-23 16:30:00,5,9,23,16,30,830,137.0,"4329, ESCARTEFIGUE (CORN",,,Plein jour,En agglomération,Intersection en T,Normale,Deux véhicules - côté,,,,,,,,,,,1,2,3,1,3
200500060739,0005-09-23 18:15:00,5,9,23,18,15,830,137.0,"148, CUZIN (AVE FRANCOIS",,,Plein jour,En agglomération,Hors intersection,Normale,Autre collision,,,,,,,,,,,1,2,1,1,6
200500060740,0005-09-18 18:00:00,5,9,18,18,0,830,137.0,"0, SCARONNE (ROND POINT",,,Plein jour,En agglomération,Giratoire,Pluie forte,Deux véhicules - côté,,,,,,,,,,,1,2,6,3,3
200500060741,0005-09-16 10:50:00,5,9,16,10,50,830,137.0,"0, VILLEVIEILLE (ROND PO",,,Plein jour,En agglomération,Intersection en X,Normale,Trois véhicules et plus - collisions multiples,,,,,,,,,,,1,2,2,1,5
200500060742,0005-09-16 16:35:00,5,9,16,16,35,830,137.0,"0, BLACHE (PLACE NOEL)",,,Plein jour,En agglomération,Place,Normale,Deux véhicules - côté,,,,,,,,,,,1,2,7,1,3
200500060743,0005-09-18 05:45:00,5,9,18,5,45,830,98.0,"151, DE LATTRE (BD DE TA",,,Nuit avec éclairage allumé,En agglomération,Hors intersection,Normale,Deux véhicules - frontale,,,,,,,,,,,5,2,1,1,1
200500060744,0005-09-23 15:40:00,5,9,23,15,40,830,62.0,"893, GANCE (AVENUE ABEL)",,,Plein jour,En agglomération,Hors intersection,Normale,Deux véhicules - côté,,,,,,,,,,,1,2,1,1,3
200500060745,0005-09-30 16:35:00,5,9,30,16,35,830,144.0,"0, PICASSO (AVE PABLO)",,,Plein jour,En agglomération,Intersection en T,Normale,Deux véhicules - côté,,,,,,,,,,,1,2,3,1,3
200500060746,0005-09-30 17:00:00,5,9,30,17,0,830,62.0,"0, BARAROUX (CHEMIN DE)",,,Plein jour,Hors agglomération,Intersection en X,Normale,Deux véhicules - côté,,,,,,,,,,,1,1,2,1,3
200500060747,0005-09-26 10:25:00,5,9,26,10,25,830,137.0,NOMY (RUE AMIRAL),,,Plein jour,En agglomération,Hors intersection,Normale,Trois véhicules et plus - en chaîne,,,,,,,,,,,1,2,1,1,4
200500060748,0005-09-21 10:35:00,5,9,21,10,35,830,144.0,"0, TORTEL (AVE JM)",,,Plein jour,En agglomération,Hors intersection,Normale,Deux véhicules - côté,,,,,,,,,,,1,2,1,1,3
200500060749,0005-09-19 10:10:00,5,9,19,10,10,830,144.0,DUCHATEL (AVE FRANCOIS),,,Plein jour,En agglomération,Intersection en T,Temps couvert,Deux véhicules - frontale,,,,,,,,,,,1,2,3,8,1
200500060750,0005-09-23 09:20:00,5,9,23,9,20,830,62.0,"818, DRAGUIGNAN (AVENUE",,,Plein jour,En agglomération,Hors intersection,Normale,Autre collision,,,,,,,,,,,1,2,1,1,6
200500060751,0005-09-02 16:55:00,5,9,2,16,55,840,7.0,OULLE(rue du rempart de),,,Plein jour,En agglomération,Hors intersection,Normale,Deux véhicules - côté,,,,,,,,,,,1,2,1,1,3
200500060752,0005-09-03 19:20:00,5,9,3,19,20,840,7.0,DOCTEUR PONS (Route tour,,,Plein jour,En agglomération,Intersection en T,Normale,Deux véhicules - côté,,,,,,,,,,,1,2,3,1,3
200500060753,0005-09-04 10:00:00,5,9,4,10,0,840,7.0,PIERRE SEMARD (avenue),,,Plein jour,En agglomération,Hors intersection,Normale,Deux véhicules - côté,,,,,,,,,,,1,2,1,1,3
200500060754,0005-09-06 03:15:00,5,9,6,3,15,840,7.0,SOURCES (Avenue des),,,Nuit avec éclairage allumé,En agglomération,Hors intersection,Normale,Autre collision,,,,,,,,,,,5,2,1,1,6
200500060755,0005-09-06 20:15:00,5,9,6,20,15,840,7.0,TARASCON,,,Crépuscule ou aube,En agglomération,Intersection en X,Normale,Deux véhicules - côté,,,,,,,,,,,2,2,2,1,3
200500060756,0005-09-07 12:00:00,5,9,7,12,0,840,7.0,MARTELANGE (Avenue Etien,,,Plein jour,En agglomération,Intersection en X,Normale,Deux véhicules - côté,,,,,,,,,,,1,2,2,1,3
200500060757,0005-09-08 12:45:00,5,9,8,12,45,840,7.0,C.De GAULLE (Rocade),,,Plein jour,En agglomération,Autre intersection,Normale,Trois véhicules et plus - collisions multiples,,,,,,,,,,,1,2,9,1,5
200500060758,0005-09-08 22:00:00,5,9,8,22,0,840,7.0,SAINT MICHEL (Boulevard),,,Nuit avec éclairage allumé,En agglomération,Intersection en X,Pluie légère,Deux véhicules - côté,,,,,,,,,,,5,2,2,2,3
200500060759,0005-09-09 15:15:00,5,9,9,15,15,840,7.0,MARSEILLE (Route de ),,,Plein jour,En agglomération,Hors intersection,Normale,Autre collision,,,,,,,,,,,1,2,1,1,6
200500060760,0005-09-10 14:15:00,5,9,10,14,15,840,7.0,C.De GAULLE (Rocade),,,Plein jour,En agglomération,Intersection en X,Normale,Deux véhicules - côté,,,,,,,,,,,1,2,2,1,3
200500060761,0005-09-12 12:50:00,5,9,12,12,50,840,7.0,REMPART DU RHONE (Rue du,,,Plein jour,En agglomération,Intersection en X,Normale,Deux véhicules - côté,,,,,,,,,,,1,2,2,1,3
200500060762,0005-09-13 22:00:00,5,9,13,22,0,840,7.0,VALENTE (Avenue Charles),,,Nuit avec éclairage allumé,En agglomération,Hors intersection,Normale,Autre collision,,,,,,,,,,,5,2,1,1,6
200500060763,0005-09-14 08:25:00,5,9,14,8,25,840,7.0,THIERS ( Porte),,,Plein jour,En agglomération,Hors intersection,Normale,Autre collision,,,,,,,,,,,1,2,1,1,6
200500060764,0005-09-15 18:05:00,5,9,15,18,5,840,7.0,"169 b, TARASCON",,,Plein jour,En agglomération,Hors intersection,Normale,Autre collision,,,,,,,,,,,1,2,1,1,6
200500060765,0005-09-19 14:55:00,5,9,19,14,55,840,7.0,MORIERES (Route de ),,,Plein jour,En agglomération,Intersection en T,Normale,Deux véhicules - côté,,,,,,,,,,,1,2,3,1,3
200500060766,0005-09-17 20:20:00,5,9,17,20,20,840,7.0,LIMBERT (Boulevard),,,Crépuscule ou aube,En agglomération,Intersection en T,Normale,Deux véhicules - arrière,,,,,,,,,,,2,2,3,1,2
200500060767,0005-09-19 07:15:00,5,9,19,7,15,840,7.0,MARSEILLE (Route de ),,,Plein jour,En agglomération,Hors intersection,Normale,Trois véhicules et plus - en chaîne,,,,,,,,,,,1,2,1,1,4
200500060768,0005-09-21 12:35:00,5,9,21,12,35,840,7.0,"10, HUGO ( Rue Victor)",,,Plein jour,En agglomération,Hors intersection,Normale,Autre collision,,,,,,,,,,,1,2,1,1,6
200500060769,0005-09-22 15:15:00,5,9,22,15,15,840,7.0,CHARLES DE GAULLE,,,Plein jour,Hors agglomération,Hors intersection,Normale,Deux véhicules - côté,,,,,,,,,,,1,1,1,1,3
200500060770,0005-09-23 19:15:00,5,9,23,19,15,840,7.0,SAINT MICHEL (Boulevard),,,Nuit avec éclairage allumé,En agglomération,Intersection en T,Normale,Deux véhicules - côté,,,,,,,,,,,5,2,3,1,3
200500060771,0005-09-23 07:50:00,5,9,23,7,50,840,7.0,PIERRE SEMARD (avenue),,,Plein jour,En agglomération,Hors intersection,Normale,Deux véhicules - arrière,,,,,,,,,,,1,2,1,1,2
200500060772,0005-09-23 10:00:00,5,9,23,10,0,840,7.0,MISTRAL7  (Parking C.Com,,,Plein jour,En agglomération,Intersection en X,Normale,Deux véhicules - côté,,,,,,,,,,,1,2,2,1,3
200500060773,0005-09-26 22:00:00,5,9,26,22,0,840,7.0,CARDINAL BERTRAND (Cours,,,Nuit avec éclairage allumé,En agglomération,Autre intersection,Normale,Deux véhicules - côté,,,,,,,,,,,5,2,9,1,3
200500060774,0005-09-27 08:30:00,5,9,27,8,30,840,7.0,LIMBERT (Boulevard),,,Plein jour,En agglomération,Hors intersection,Normale,Deux véhicules - côté,,,,,,,,,,,1,2,1,1,3
200500060775,0005-09-30 15:15:00,5,9,30,15,15,840,7.0,CHARLES DE GAULLE,,,Plein jour,En agglomération,Hors intersection,Normale,Deux véhicules - arrière,,,,,,,,,,,1,2,1,1,2
200500060776,0005-09-29 15:50:00,5,9,29,15,50,840,7.0,SAINT ROCH (Boulevard),,,Plein jour,En agglomération,Autre intersection,Normale,Deux véhicules - côté,,,,,,,,,,,1,2,9,1,3
200500060777,0005-09-29 21:15:00,5,9,29,21,15,840,7.0,AMANDIER (Avenue de l'),,,Nuit sans éclairage public,En agglomération,Giratoire,Normale,Autre collision,,,,,,,,,,,3,2,6,1,6