accident_id,datetime,annee,mois,jour,heure,minute,departement,commune_insee,adresse,latitude,longitude,luminosite,agglomeration,intersection,meteo,collision,nb_vehicules,nb_usagers,nb_indemnes,nb_tues,nb_blesses_hosp,nb_blesses_legers,age_cond_1,age_cond_2,veh_type_cond_1,veh_type_cond_2,lum_code,agg_code,int_code,atm_code,col_code
200500061038,0005-09-07 08:30:00,5,9,7,8,30,920,12.0,BILLANCOURT (RUE DE) 106,,,Plein jour,En agglomération,Intersection en X,Normale,Deux véhicules - côté,,,,,,,,,,,1,2,2,1,3
200500061039,0005-09-07 13:13:00,5,9,7,13,13,920,12.0,"263, JEAN JAURES (BOULEV",,,Plein jour,En agglomération,Hors intersection,Normale,Autre collision,,,,,,,,,,,1,2,1,1,6
200500061040,0005-09-12 20:50:00,5,9,12,20,50,920,12.0,SEVRES (RUE DE) 1/55 - 2,,,Nuit avec éclairage allumé,En agglomération,Hors intersection,Normale,Deux véhicules - arrière,,,,,,,,,,,5,2,1,1,2
200500061041,0005-09-16 20:50:00,5,9,16,20,50,920,12.0,REINE (ROUTE DE LA) 82/F,,,Nuit avec éclairage allumé,En agglomération,Hors intersection,Normale,Deux véhicules - côté,,,,,,,,,,,5,2,1,1,3
200500061042,0005-09-19 19:40:00,5,9,19,19,40,920,12.0,ANDRE MORIZET (AVENUE) -,,,Nuit avec éclairage allumé,En agglomération,Hors intersection,Normale,Autre collision,,,,,,,,,,,5,2,1,1,6
200500061043,0005-09-20 08:30:00,5,9,20,8,30,920,12.0,MARCEL SEMBAT (PLACE),,,Plein jour,En agglomération,Hors intersection,Normale,Deux véhicules - arrière,,,,,,,,,,,1,2,1,1,2
200500061044,0005-09-22 09:15:00,5,9,22,9,15,920,12.0,"18, ANDRE MORIZET (AVENU",,,Plein jour,En agglomération,Hors intersection,Normale,Autre collision,,,,,,,,,,,1,2,1,1,6
200500061045,0005-09-22 19:05:00,5,9,22,19,5,920,12.0,"83, REPUBLIQUE (BOULEVAR",,,Plein jour,En agglomération,Hors intersection,Normale,Autre collision,,,,,,,,,,,1,2,1,1,6
200500061046,0005-09-26 12:40:00,5,9,26,12,40,920,12.0,RHIN ET DANUBE (ROND POI,,,Plein jour,En agglomération,Hors intersection,Normale,Autre collision,,,,,,,,,,,1,2,1,1,6
200500061047,0005-09-23 12:30:00,5,9,23,12,30,920,12.0,"119, CHATEAU (RUE DU) 1/",,,Plein jour,En agglomération,Hors intersection,Normale,Autre collision,,,,,,,,,,,1,2,1,1,6
200500061048,0005-09-27 19:30:00,5,9,27,19,30,920,12.0,"47, PIERRE GRENIER (AVEN",,,Crépuscule ou aube,En agglomération,Hors intersection,Normale,Deux véhicules - côté,,,,,,,,,,,2,2,1,1,3
200500061049,0005-09-30 20:55:00,5,9,30,20,55,920,12.0,"195, JEAN JAURES (BOULEV",,,Nuit avec éclairage allumé,En agglomération,Hors intersection,Normale,Autre collision,,,,,,,,,,,5,2,1,1,6
200500061050,0005-09-01 08:30:00,5,9,1,8,30,920,19.0,"430, DIVISION LECLERC (A",,,Plein jour,En agglomération,Hors intersection,Pluie légère,Deux véhicules - côté,,,,,,,,,,,1,2,1,2,3
200500061051,0005-09-03 15:50:00,5,9,3,15,50,920,19.0,LONGUET JEAN (RUE),,,Plein jour,En agglomération,Intersection en T,Normale,Sans collision,,,,,,,,,,,1,2,3,1,7
200500061052,0005-09-09 19:45:00,5,9,9,19,45,920,19.0,"16, DIVISION LECLERC (AV",,,Plein jour,En agglomération,Hors intersection,Normale,Deux véhicules - côté,,,,,,,,,,,1,2,1,1,3
200500061053,0005-09-10 15:15:00,5,9,10,15,15,920,19.0,"457, DIVISION LECLERC (A",,,Plein jour,En agglomération,Hors intersection,Pluie forte,Deux véhicules - arrière,,,,,,,,,,,1,2,1,3,2
200500061054,0005-09-15 13:25:00,5,9,15,13,25,920,19.0,"128, PLESSIS (AVENUE DU)",,,Plein jour,En agglomération,Hors intersection,Normale,Autre collision,,,,,,,,,,,1,2,1,1,6
200500061055,0005-09-23 19:10:00,5,9,23,19,10,920,32.0,CROLAND RAYMOND (RUE),,,Plein jour,En agglomération,Hors intersection,Normale,Deux véhicules - côté,,,,,,,,,,,1,2,1,1,3
200500061056,0005-09-30 10:45:00,5,9,30,10,45,920,19.0,SULLY PRU'DHOMME (AVENUE,,,Plein jour,En agglomération,Giratoire,Normale,Autre collision,,,,,,,,,,,1,2,6,1,6
200500061057,0005-09-30 13:15:00,5,9,30,13,15,920,19.0,SALENGRO ROGER (RUE),,,Plein jour,En agglomération,Hors intersection,Normale,Autre collision,,,,,,,,,,,1,2,1,1,6
200500061058,0005-09-30 16:45:00,5,9,30,16,45,920,32.0,LECCLERC GENERAL (AVENUE,,,Plein jour,En agglomération,Intersection en T,Pluie légère,Deux véhicules - arrière,,,,,,,,,,,1,2,3,2,2
200500061059,0005-09-30 18:00:00,5,9,30,18,0,920,19.0,DIVISION LECLERC (AVENUE,,,Plein jour,En agglomération,Hors intersection,Pluie forte,Deux véhicules - côté,,,,,,,,,,,1,2,1,3,3
200500061060,0005-09-30 20:02:00,5,9,30,20,2,920,19.0,"249, DIVISION LECLERC (A",,,Nuit avec éclairage allumé,En agglomération,Hors intersection,Pluie forte,Trois véhicules et plus - en chaîne,,,,,,,,,,,5,2,1,3,4
200500061061,0005-09-14 10:35:00,5,9,14,10,35,920,19.0,"254, DIVISION LECLERC (A",,,Plein jour,En agglomération,Hors intersection,Normale,Autre collision,,,,,,,,,,,1,2,1,1,6
200500061062,0005-09-05 17:20:00,5,9,5,17,20,920,23.0,PORTE DE TRIVAUX (RUE DE,,,Plein jour,En agglomération,Hors intersection,Normale,Deux véhicules - côté,,,,,,,,,,,1,2,1,1,3
200500061063,0005-09-06 08:35:00,5,9,6,8,35,920,23.0,PORTE DE TRIVAUX (RUE DE,,,Plein jour,En agglomération,Autre intersection,Pluie légère,Deux véhicules - côté,,,,,,,,,,,1,2,9,2,3
200500061064,0005-09-09 19:05:00,5,9,9,19,5,920,23.0,GENERAL DE GAULLE (AV DU,,,Nuit avec éclairage allumé,En agglomération,Intersection en X,Pluie légère,Trois véhicules et plus - collisions multiples,,,,,,,,,,,5,2,2,2,5
200500061065,0005-09-10 13:08:00,5,9,10,13,8,920,23.0,PORTE DE TRIVAUX (RUE DE,,,Plein jour,En agglomération,Hors intersection,Pluie forte,Deux véhicules - côté,,,,,,,,,,,1,2,1,3,3
200500061066,0005-09-12 08:15:00,5,9,12,8,15,920,60.0,REPUBLIQUE (AVENUE DE LA,,,Plein jour,En agglomération,Intersection en T,Pluie légère,Trois véhicules et plus - collisions multiples,,,,,,,,,,,1,2,3,2,5
200500061067,0005-09-19 12:05:00,5,9,19,12,5,920,60.0,CARREAU (RUE DU),,,Plein jour,En agglomération,Intersection en T,Normale,Autre collision,,,,,,,,,,,1,2,3,1,6
200500061068,0005-09-22 15:10:00,5,9,22,15,10,920,23.0,"70, SCHNEIDER (AVENUE)",,,Plein jour,En agglomération,Hors intersection,Normale,Autre collision,,,,,,,,,,,1,2,1,1,6
200500061069,0005-09-29 12:15:00,5,9,29,12,15,920,23.0,"335, GENERAL DE GAULLE (",,,Plein jour,En agglomération,Hors intersection,Normale,Autre collision,,,,,,,,,,,1,2,1,1,6
200500061070,0005-09-30 17:35:00,5,9,30,17,35,920,23.0,"6, GALILEE (AVENUE)",,,Plein jour,En agglomération,Hors intersection,Pluie forte,Deux véhicules - côté,,,,,,,,,,,1,2,1,3,3
200500061071,0005-09-12 11:44:00,5,9,12,11,44,920,24.0,"21, MARTRE (RUE) DE (1 A",,,Plein jour,En agglomération,Hors intersection,Normale,Autre collision,,,,,,,,,,,1,2,1,1,6
200500061072,0005-09-19 17:10:00,5,9,19,17,10,920,24.0,"30, AVENIR (RUE DE L') D",,,Plein jour,En agglomération,Hors intersection,Normale,Autre collision,,,,,,,,,,,1,2,1,1,6
200500061073,0005-09-20 13:20:00,5,9,20,13,20,920,24.0,FOURNIER (RUE),,,Plein jour,En agglomération,Intersection en T,Normale,Deux véhicules - arrière,,,,,,,,,,,1,2,3,1,2
200500061074,0005-09-27 16:45:00,5,9,27,16,45,920,24.0,"9, MARECHAL DELATTRE DE",,,Plein jour,En agglomération,Hors intersection,Normale,Autre collision,,,,,,,,,,,1,2,1,1,6
200500061075,0005-09-02 20:30:00,5,9,2,20,30,920,25.0,PDT S.ALLENDE<>90 A 276,,,Crépuscule ou aube,En agglomération,Hors intersection,Normale,Autre collision,,,,,,,,,,,2,2,1,1,6
200500061076,0005-09-05 11:25:00,5,9,5,11,25,920,25.0,KLEBER (AV),,,Plein jour,En agglomération,Hors intersection,Normale,Autre collision,,,,,,,,,,,1,2,1,1,6
200500061077,0005-09-06 09:15:00,5,9,6,9,15,920,25.0,CHARLES DE GAULLE (BD),,,Plein jour,En agglomération,Intersection en T,Pluie légère,Deux véhicules - arrière,,,,,,,,,,,1,2,3,2,2
200500061078,0005-09-06 22:00:00,5,9,6,22,0,920,25.0,VALMY (BD DE),,,Nuit avec éclairage allumé,En agglomération,Intersection en T,Normale,Deux véhicules - côté,,,,,,,,,,,5,2,3,1,3
200500061079,0005-09-11 21:40:00,5,9,11,21,40,920,25.0,STALINGRAD (AV DE),,,Nuit avec éclairage allumé,En agglomération,Intersection en T,Pluie légère,Autre collision,,,,,,,,,,,5,2,3,2,6
200500061080,0005-09-12 09:12:00,5,9,12,9,12,920,25.0,VALMY (BD DE),,,Plein jour,En agglomération,Hors intersection,Normale,Deux véhicules - côté,,,,,,,,,,,1,2,1,1,3
200500061081,0005-09-13 07:55:00,5,9,13,7,55,920,25.0,GAMBETTA (BD),,,Plein jour,En agglomération,Hors intersection,Normale,Autre collision,,,,,,,,,,,1,2,1,1,6
200500061082,0005-09-14 08:12:00,5,9,14,8,12,920,25.0,PAUL BERT (RUE),,,Plein jour,En agglomération,Hors intersection,Normale,Autre collision,,,,,,,,,,,1,2,1,1,6
200500061083,0005-09-18 15:20:00,5,9,18,15,20,920,25.0,RENOUILLERS  (RUE DES),,,Plein jour,En agglomération,Hors intersection,Normale,Deux véhicules - côté,,,,,,,,,,,1,2,1,1,3
200500061084,0005-09-18 15:50:00,5,9,18,15,50,920,25.0,SAINT DENIS (RUE),,,Plein jour,En agglomération,Hors intersection,Normale,Deux véhicules - arrière,,,,,,,,,,,1,2,1,1,2
200500061085,0005-09-19 09:20:00,5,9,19,9,20,920,25.0,GENERAL LECLERC (PLACE D,,,Plein jour,En agglomération,Hors intersection,Normale,Sans collision,,,,,,,,,,,1,2,1,1,7
200500061086,0005-09-19 09:30:00,5,9,19,9,30,920,25.0,VALMY (BD DE),,,Plein jour,En agglomération,Hors intersection,Normale,Deux véhicules - arrière,,,,,,,,,,,1,2,1,1,2
200500061087,0005-09-19 12:48:00,5,9,19,12,48,920,25.0,TAILLADE (RUE),,,Plein jour,En agglomération,Intersection en T,Normale,Deux véhicules - frontale,,,,,,,,,,,1,2,3,1,1
200500061088,0005-09-21 10:15:00,5,9,21,10,15,920,25.0,"77, JULES MICHELET (RUE)",,,Plein jour,En agglomération,Hors intersection,Normale,Deux véhicules - côté,,,,,,,,,,,1,2,1,1,3
200500061089,0005-09-27 08:55:00,5,9,27,8,55,920,25.0,C.DE G.> 130 & 1103,,,Plein jour,En agglomération,Hors intersection,Normale,Deux véhicules - arrière,,,,,,,,,,,1,2,1,1,2
200500061090,0005-09-28 15:40:00,5,9,28,15,40,920,25.0,STALINGRAD (AV DE),,,Plein jour,En agglomération,Hors intersection,Normale,Autre collision,,,,,,,,,,,1,2,1,1,6
200500061091,0005-09-29 11:30:00,5,9,29,11,30,920,25.0,"342, GABRIEL PERI (RUE)",,,Plein jour,En agglomération,Hors intersection,Normale,Deux véhicules - côté,,,,,,,,,,,1,2,1,1,3
200500061092,0005-09-30 20:00:00,5,9,30,20,0,920,25.0,C.DE G.> 130 & 1103,,,Nuit avec éclairage allumé,En agglomération,Intersection en X,Pluie légère,Deux véhicules - arrière,,,,,,,,,,,5,2,2,2,2
200500061093,0005-09-12 09:45:00,5,9,12,9,45,920,26.0,MISSION MARCHAND (COTE I,,,Plein jour,En agglomération,Intersection en X,Normale,Deux véhicules - côté,,,,,,,,,,,1,2,2,1,3
200500061094,0005-09-03 19:15:00,5,9,3,19,15,920,26.0,MARECHAL JOFFRE (QUAI DU,,,Plein jour,En agglomération,Intersection en T,Normale,Deux véhicules - arrière,,,,,,,,,,,1,2,3,1,2
200500061095,0005-09-20 12:00:00,5,9,20,12,0,920,26.0,"28, ARISTIDE BRIAND",,,Plein jour,En agglomération,Hors intersection,Normale,Autre collision,,,,,,,,,,,1,2,1,1,6
200500061096,0005-09-20 09:10:00,5,9,20,9,10,920,26.0,"49, COLOMBES",,,Plein jour,En agglomération,Hors intersection,Normale,Deux véhicules - côté,,,,,,,,,,,1,2,1,1,3
200500061097,0005-09-02 12:45:00,5,9,2,12,45,920,26.0,"2, NEUILLY (BD ET PONT D",,,Plein jour,En agglomération,Intersection en T,Normale,Deux véhicules - côté,,,,,,,,,,,1,2,3,1,3
200500061098,0005-09-30 17:20:00,5,9,30,17,20,920,26.0,"102, SAINT DENIS BD (120",,,Plein jour,En agglomération,Hors intersection,Pluie légère,Autre collision,,,,,,,,,,,1,2,1,2,6
200500061099,0005-09-04 18:30:00,5,9,4,18,30,920,36.0,"163, LOUIS ROCHE (AVENUE",,,Plein jour,En agglomération,Hors intersection,Normale,Trois véhicules et plus - collisions multiples,,,,,,,,,,,1,2,1,1,5
200500061100,0005-09-07 18:40:00,5,9,7,18,40,920,36.0,"161, GABRIEL PERI (AVENU",,,Plein jour,En agglomération,Hors intersection,Normale,Deux véhicules - côté,,,,,,,,,,,1,2,1,1,3
200500061101,0005-09-09 14:20:00,5,9,9,14,20,920,36.0,"40, GENERAL DE GAULLE (A",,,Plein jour,En agglomération,Hors intersection,Normale,Trois véhicules et plus - en chaîne,,,,,,,,,,,1,2,1,1,4
200500061102,0005-09-12 16:30:00,5,9,12,16,30,920,36.0,"0, JEAN JAURES (RUE) (35",,,Plein jour,En agglomération,Intersection en X,Normale,Deux véhicules - arrière,,,,,,,,,,,1,2,2,1,2
200500061103,0005-09-15 09:25:00,5,9,15,9,25,920,36.0,"0, LAURENT CELY (AVENUE)",,,Plein jour,En agglomération,Hors intersection,Normale,Deux véhicules - arrière,,,,,,,,,,,1,2,1,1,2
200500061104,0005-09-18 17:00:00,5,9,18,17,0,920,36.0,"35, GENEAL DE GAULLE (AV",,,Plein jour,En agglomération,Hors intersection,Normale,Trois véhicules et plus - collisions multiples,,,,,,,,,,,1,2,1,1,5
200500061105,0005-09-19 12:10:00,5,9,19,12,10,920,36.0,"0, LOUIS ROCHE (AVENUE)",,,Plein jour,En agglomération,Intersection en T,Normale,Deux véhicules - côté,,,,,,,,,,,1,2,3,1,3
200500061106,0005-09-19 23:45:00,5,9,19,23,45,920,36.0,"0, GRESILLONS (AVENUE DE",,,Nuit avec éclairage allumé,En agglomération,Hors intersection,Normale,Autre collision,,,,,,,,,,,5,2,1,1,6
200500061107,0005-09-21 19:15:00,5,9,21,19,15,920,36.0,"0, CLAUDE DEBUSSY (AVENU",,,Plein jour,En agglomération,Intersection en T,Normale,Deux véhicules - côté,,,,,,,,,,,1,2,3,1,3
200500061108,0005-09-23 16:35:00,5,9,23,16,35,920,36.0,"99, GABRIEL PERI (AVENUE",,,Plein jour,En agglomération,Hors intersection,Normale,Trois véhicules et plus - collisions multiples,,,,,,,,,,,1,2,1,1,5
200500061109,0005-09-25 16:00:00,5,9,25,16,0,920,36.0,"53, JEAN JAURES (RUE) (3",,,Plein jour,En agglomération,Hors intersection,Normale,Autre collision,,,,,,,,,,,1,2,1,1,6
200500061110,0005-09-29 18:40:00,5,9,29,18,40,920,36.0,"0, COUTURE D'AUXERRE (RU",,,Crépuscule ou aube,En agglomération,Hors intersection,Normale,Autre collision,,,,,,,,,,,2,2,1,1,6
200500061111,0005-09-08 11:30:00,5,9,8,11,30,920,40.0,"58, VICTOR CRESSON (AVEN",,,Plein jour,En agglomération,Hors intersection,Normale,Sans collision,,,,,,,,,,,1,2,1,1,7
200500061112,0005-09-14 18:20:00,5,9,14,18,20,920,40.0,"9, ROUGET DE L'ISLE",,,Plein jour,En agglomération,Intersection en X,Normale,Autre collision,,,,,,,,,,,1,2,2,1,6
200500061113,0005-09-16 13:55:00,5,9,16,13,55,920,40.0,WEIDEN (CARREFOUR DE),,,Plein jour,En agglomération,Place,Normale,Deux véhicules - côté,,,,,,,,,,,1,2,7,1,3
200500061114,0005-09-18 14:10:00,5,9,18,14,10,920,40.0,MARECHAL JUIN (PLACE),,,Plein jour,En agglomération,Place,Normale,Deux véhicules - côté,,,,,,,,,,,1,2,7,1,3
200500061115,0005-09-26 17:20:00,5,9,26,17,20,920,40.0,"11, ROUGET DE L'ISLE",,,Plein jour,En agglomération,Autre intersection,Normale,Deux véhicules - côté,,,,,,,,,,,1,2,9,1,3
200500061116,0005-09-07 14:15:00,5,9,7,14,15,920,44.0,"nr, ARISTIDE BRIAND(RUE)",,,Plein jour,En agglomération,Intersection en X,Normale,Deux véhicules - côté,,,,,,,,,,,1,2,2,1,3
200500061117,0005-09-08 08:00:00,5,9,8,8,0,920,44.0,"6, LOUISE MICHEL(RUE) 1A",,,Plein jour,En agglomération,Hors intersection,Normale,Deux véhicules - côté,,,,,,,,,,,1,2,1,1,3
200500061118,0005-09-10 09:45:00,5,9,10,9,45,920,44.0,"75, ANA. FRANCE(RUE)1A75",,,Plein jour,En agglomération,Hors intersection,Normale,Autre collision,,,,,,,,,,,1,2,1,1,6
200500061119,0005-09-16 13:00:00,5,9,16,13,0,920,44.0,"38, VIC. HUGO(RUE)001A06",,,Plein jour,En agglomération,Hors intersection,Normale,Autre collision,,,,,,,,,,,1,2,1,1,6
200500061120,0005-09-19 11:50:00,5,9,19,11,50,920,44.0,"33, MARJOLIN (RUE)15A45",,,Plein jour,En agglomération,Hors intersection,Normale,Autre collision,,,,,,,,,,,1,2,1,1,6
200500061121,0005-09-19 19:00:00,5,9,19,19,0,920,44.0,", BAUDIN (RUE)85 + ET 86",,,Plein jour,En agglomération,Intersection en X,Normale,Deux véhicules - côté,,,,,,,,,,,1,2,2,1,3
200500061122,0005-09-22 09:55:00,5,9,22,9,55,920,44.0,"NR, PABLO NERUDA (RUE)",,,Plein jour,En agglomération,Hors intersection,Normale,Autre collision,,,,,,,,,,,1,2,1,1,6
200500061123,0005-09-29 14:15:00,5,9,29,14,15,920,44.0,"32, GREFFULHE (RUE)",,,Plein jour,En agglomération,Hors intersection,Normale,Deux véhicules - côté,,,,,,,,,,,1,2,1,1,3
200500061124,0005-09-30 10:25:00,5,9,30,10,25,920,44.0,"nr, VOLTAIRE(RUE)1A51 ET",,,Plein jour,En agglomération,Intersection en X,Normale,Autre collision,,,,,,,,,,,1,2,2,1,6
200500061125,0005-09-03 17:00:00,5,9,3,17,0,920,48.0,SIX FRERES (ROUTE DES),,,Plein jour,En agglomération,Intersection en T,Normale,Deux véhicules - côté,,,,,,,,,,,1,2,3,1,3
200500061126,0005-09-09 11:55:00,5,9,9,11,55,920,48.0,"29, GENERAL DE GAULLE (A",,,Plein jour,En agglomération,Hors intersection,Normale,Autre collision,,,,,,,,,,,1,2,1,1,6
200500061127,0005-09-14 12:20:00,5,9,14,12,20,920,48.0,"40, VIGNES (IMPASSE ET R",,,Plein jour,En agglomération,Hors intersection,Normale,Deux véhicules - arrière,,,,,,,,,,,1,2,1,1,2
200500061128,0005-09-02 16:45:00,5,9,2,16,45,920,49.0,"104, GINOUX AV. HENRI N°",,,Plein jour,En agglomération,Hors intersection,Normale,Deux véhicules - arrière,,,,,,,,,,,1,2,1,1,2
200500061129,0005-09-04 12:55:00,5,9,4,12,55,920,49.0,"209, BROSSOLETTE AVENUE",,,Plein jour,En agglomération,Intersection en T,Normale,Deux véhicules - côté,,,,,,,,,,,1,2,3,1,3
200500061130,0005-09-06 12:55:00,5,9,6,12,55,920,20.0,"54, VANVES BOULEVARD DE",,,Plein jour,En agglomération,Hors intersection,Normale,Autre collision,,,,,,,,,,,1,2,1,1,6
200500061131,0005-09-07 00:10:00,5,9,7,0,10,920,20.0,"1, 8 MAI 45 CARREFOUR DU",,,Nuit avec éclairage allumé,En agglomération,Giratoire,Normale,Autre collision,,,,,,,,,,,5,2,6,1,6
200500061132,0005-09-14 17:20:00,5,9,14,17,20,920,20.0,"1, DE GAULLE CARREFOUR C",,,Plein jour,En agglomération,Giratoire,Normale,Deux véhicules - côté,,,,,,,,,,,1,2,6,1,3
200500061133,0005-09-15 18:20:00,5,9,15,18,20,920,49.0,"17, SALENGRO RUE ROGER N",,,Plein jour,En agglomération,Hors intersection,Normale,Autre collision,,,,,,,,,,,1,2,1,1,6
200500061134,0005-09-16 21:31:00,5,9,16,21,31,920,20.0,ROISSYS RUE DES AUTRES N,,,Crépuscule ou aube,En agglomération,Intersection en X,Normale,Deux véhicules - côté,,,,,,,,,,,2,2,2,1,3
200500061135,0005-09-22 20:10:00,5,9,22,20,10,920,49.0,"93, PERI RUE GABRIEL N°3",,,Plein jour,En agglomération,Intersection en X,Normale,Deux véhicules - côté,,,,,,,,,,,1,2,2,1,3
200500061136,0005-09-26 07:20:00,5,9,26,7,20,920,20.0,"205, BROSSOLETTE RUE PIE",,,Crépuscule ou aube,En agglomération,Hors intersection,Normale,Deux véhicules - côté,,,,,,,,,,,2,2,1,1,3
200500061137,0005-09-29 18:00:00,5,9,29,18,0,920,20.0,"166, PARIS AVENUE DE N°8",,,Plein jour,En agglomération,Hors intersection,Normale,Deux véhicules - arrière,,,,,,,,,,,1,2,1,1,2
200500061138,0005-09-30 20:00:00,5,9,30,20,0,920,49.0,"2, BARBES RUE",,,Crépuscule ou aube,En agglomération,Intersection en X,Pluie légère,Autre collision,,,,,,,,,,,2,2,2,2,6
200500061139,0005-09-10 15:45:00,5,9,10,15,45,920,50.0,CLEMENCEAU GEORGES AVENU,,,Plein jour,En agglomération,Hors intersection,Pluie légère,Deux véhicules - côté,,,,,,,,,,,1,2,1,2,3
200500061140,0005-09-20 14:40:00,5,9,20,14,40,920,50.0,LENINE VLADIMIR ILITCH A,,,Plein jour,En agglomération,Hors intersection,Normale,Sans collision,,,,,,,,,,,1,2,1,1,7
200500061141,0005-09-18 07:30:00,5,9,18,7,30,920,50.0,"000000, CLEMENCEAU GEORG",,,Crépuscule ou aube,En agglomération,Hors intersection,Normale,Autre collision,,,,,,,,,,,2,2,1,1,6
200500061142,0005-09-22 09:15:00,5,9,22,9,15,920,50.0,"91, ROSIERS RUE DES",,,Plein jour,En agglomération,Hors intersection,Normale,Deux véhicules - côté,,,,,,,,,,,1,2,1,1,3
200500061143,0005-09-22 12:28:00,5,9,22,12,28,920,50.0,JOFFRE MARECHAL AVENUE D,,,Plein jour,En agglomération,Hors intersection,Normale,Deux véhicules - côté,,,,,,,,,,,1,2,1,1,3
200500061144,0005-09-27 04:00:00,5,9,27,4,0,920,50.0,PREMIER MAI RUE DU,,,Nuit avec éclairage allumé,En agglomération,Hors intersection,Normale,Trois véhicules et plus - collisions multiples,,,,,,,,,,,5,2,1,1,5
200500061145,0005-09-28 09:20:00,5,9,28,9,20,920,50.0,FONTANOT RUE DES TROIS,,,Plein jour,En agglomération,Hors intersection,Normale,Deux véhicules - arrière,,,,,,,,,,,1,2,1,1,2
200500061146,0005-09-30 21:10:00,5,9,30,21,10,920,50.0,DEFENSE BOULEVARD DE LA,,,Crépuscule ou aube,Hors agglomération,Hors intersection,Normale,Deux véhicules - arrière,,,,,,,,,,,2,1,1,1,2
200500061147,0005-09-26 08:45:00,5,9,26,8,45,920,50.0,"18, TRIAIRE PHILIPPE RUE",,,Plein jour,En agglomération,Hors intersection,Normale,Deux véhicules - côté,,,,,,,,,,,1,2,1,1,3
200500061148,0005-09-28 17:00:00,5,9,28,17,0,920,50.0,"73, SADI CARNOT RUE",,,Plein jour,En agglomération,Hors intersection,Normale,Deux véhicules - côté,,,,,,,,,,,1,2,1,1,3
200500061149,0005-09-28 21:30:00,5,9,28,21,30,920,50.0,DEFENSE BOULEVARD DE LA,,,Crépuscule ou aube,En agglomération,Hors intersection,Normale,Deux véhicules - arrière,,,,,,,,,,,2,2,1,1,2
200500061150,0005-09-29 08:45:00,5,9,29,8,45,920,50.0,"000000000, GRANDES LUNES",,,Plein jour,En agglomération,Intersection en T,Normale,Deux véhicules - côté,,,,,,,,,,,1,2,3,1,3
200500061151,0005-09-02 20:45:00,5,9,2,20,45,920,51.0,"189, BINEAU (BOULEVARD,",,,Nuit avec éclairage allumé,En agglomération,Hors intersection,Normale,Deux véhicules - frontale,,,,,,,,,,,5,2,1,1,1
200500061152,0005-09-06 09:10:00,5,9,6,9,10,920,51.0,"01, GENERAL KOENIG (BOUL",,,Plein jour,En agglomération,Hors intersection,Pluie légère,Deux véhicules - arrière,,,,,,,,,,,1,2,1,2,2
200500061153,0005-09-07 08:55:00,5,9,7,8,55,920,51.0,"66, ROULE (AVENUE DU, N°",,,Plein jour,En agglomération,Hors intersection,Normale,Deux véhicules - côté,,,,,,,,,,,1,2,1,1,3
200500061154,0005-09-07 09:00:00,5,9,7,9,0,920,51.0,"82, CHARLES DE GAULLE (A",,,Plein jour,En agglomération,Hors intersection,Normale,Autre collision,,,,,,,,,,,1,2,1,1,6
200500061155,0005-09-08 09:05:00,5,9,8,9,5,920,51.0,"BINEAU (BOULEVARD, N°133",,,Plein jour,En agglomération,Intersection en X,Normale,Deux véhicules - côté,,,,,,,,,,,1,2,2,1,3
200500061156,0005-09-08 09:20:00,5,9,8,9,20,920,51.0,"131, GENERAL KOENIG (BOU",,,Plein jour,En agglomération,Hors intersection,Normale,Deux véhicules - côté,,,,,,,,,,,1,2,1,1,3
200500061157,0005-09-13 08:15:00,5,9,13,8,15,920,51.0,"45, COMMANDANT CHARCOT (",,,Plein jour,En agglomération,Hors intersection,Normale,Autre collision,,,,,,,,,,,1,2,1,1,6
200500061158,0005-09-19 08:25:00,5,9,19,8,25,920,51.0,"113, CHARLES DE GAULLE (",,,Plein jour,En agglomération,Hors intersection,Normale,Autre collision,,,,,,,,,,,1,2,1,1,6
200500061159,0005-09-21 13:55:00,5,9,21,13,55,920,51.0,"147, ACHILLE PERETTI (AV",,,Plein jour,En agglomération,Intersection en X,Normale,Sans collision,,,,,,,,,,,1,2,2,1,7
200500061160,0005-09-21 16:10:00,5,9,21,16,10,920,51.0,"18 ter, MADELEINE MICHEL",,,Plein jour,En agglomération,Hors intersection,Normale,Autre collision,,,,,,,,,,,1,2,1,1,6
200500061161,0005-09-22 18:20:00,5,9,22,18,20,920,51.0,"82, MAURICE BARRES (BOUL",,,Plein jour,En agglomération,Hors intersection,Normale,Deux véhicules - côté,,,,,,,,,,,1,2,1,1,3
200500061162,0005-09-23 10:50:00,5,9,23,10,50,920,51.0,"93, ROULE (AVENUE DU, N°",,,Plein jour,En agglomération,Hors intersection,Normale,Deux véhicules - arrière,,,,,,,,,,,1,2,1,1,2
200500061163,0005-09-23 19:35:00,5,9,23,19,35,920,51.0,"55, GENERAL KOENIG (BOUL",,,Crépuscule ou aube,En agglomération,Hors intersection,Normale,Deux véhicules - côté,,,,,,,,,,,2,2,1,1,3
200500061164,0005-09-26 09:05:00,5,9,26,9,5,920,51.0,"48, INKERMANN (BOULEVARD",,,Plein jour,En agglomération,Hors intersection,Normale,Autre collision,,,,,,,,,,,1,2,1,1,6
200500061165,0005-09-26 10:53:00,5,9,26,10,53,920,51.0,CHATEAU (BOULEVARD DU),,,Plein jour,En agglomération,Intersection en X,Normale,Trois véhicules et plus - en chaîne,,,,,,,,,,,1,2,2,1,4
200500061166,0005-09-26 14:50:00,5,9,26,14,50,920,51.0,"1, GRAVIERS (RUE DES)",,,Plein jour,En agglomération,Hors intersection,Normale,Autre collision,,,,,,,,,,,1,2,1,1,6
200500061167,0005-09-04 09:00:00,5,9,4,9,0,920,62.0,"11, HUGO (RUE VICTOR)",,,Plein jour,En agglomération,Hors intersection,Normale,Autre collision,,,,,,,,,,,1,2,1,1,6