accident_id,datetime,annee,mois,jour,heure,minute,departement,commune_insee,adresse,latitude,longitude,luminosite,agglomeration,intersection,meteo,collision,nb_vehicules,nb_usagers,nb_indemnes,nb_tues,nb_blesses_hosp,nb_blesses_legers,age_cond_1,age_cond_2,veh_type_cond_1,veh_type_cond_2,lum_code,agg_code,int_code,atm_code,col_code
200500061168,0005-09-06 07:30:00,5,9,6,7,30,920,62.0,"30, DE DION BOUTON (QUAI",,,Plein jour,En agglomération,Hors intersection,Pluie légère,Deux véhicules - arrière,,,,,,,,,,,1,2,1,2,2
200500061169,0005-09-10 15:25:00,5,9,10,15,25,920,62.0,"14, FRANCE (RUE  ANATOLE",,,Plein jour,En agglomération,Hors intersection,Pluie légère,Autre collision,,,,,,,,,,,1,2,1,2,6
200500061170,0005-09-12 18:50:00,5,9,12,18,50,920,62.0,"0, DE DION BOUTON (QUAI)",,,Plein jour,En agglomération,Intersection en X,Normale,Deux véhicules - arrière,,,,,,,,,,,1,2,2,1,2
200500061171,0005-09-21 08:15:00,5,9,21,8,15,920,62.0,"121, REPUBLIQUE (RUE DE",,,Plein jour,En agglomération,Intersection en X,Normale,Autre collision,,,,,,,,,,,1,2,2,1,6
200500061172,0005-09-21 11:00:00,5,9,21,11,0,920,62.0,"0, DE DION BOUTON (QUAI)",,,Plein jour,En agglomération,Intersection en X,Normale,Trois véhicules et plus - en chaîne,,,,,,,,,,,1,2,2,1,4
200500061173,0005-09-21 22:15:00,5,9,21,22,15,920,62.0,"00, COLLIN (RUE)",,,Nuit avec éclairage allumé,En agglomération,Intersection en X,Normale,Deux véhicules - côté,,,,,,,,,,,5,2,2,1,3
200500061174,0005-09-29 12:00:00,5,9,29,12,0,920,62.0,"01, WALLACE (BD RICHARD)",,,Plein jour,En agglomération,Hors intersection,Normale,Deux véhicules - frontale,,,,,,,,,,,1,2,1,1,1
200500061175,0005-09-02 10:00:00,5,9,2,10,0,920,63.0,"neant, COLMAR (AVENUE DE",,,Plein jour,En agglomération,Intersection en X,Normale,Deux véhicules - côté,,,,,,,,,,,1,2,2,1,3
200500061176,0005-09-03 20:00:00,5,9,3,20,0,920,63.0,"NEANT, HOUTRAITS (RUE DE",,,Plein jour,En agglomération,Intersection en Y,Normale,Deux véhicules - côté,,,,,,,,,,,1,2,4,1,3
200500061177,0005-09-14 19:10:00,5,9,14,19,10,920,63.0,"NEANT, DOUMER (AVENUE PA",,,Plein jour,En agglomération,Intersection en X,Normale,Deux véhicules - côté,,,,,,,,,,,1,2,2,1,3
200500061178,0005-09-11 10:05:00,5,9,11,10,5,920,63.0,DIDEROT (RUE),,,Plein jour,En agglomération,Intersection en X,Normale,Deux véhicules - côté,,,,,,,,,,,1,2,2,1,3
200500061179,0005-09-18 19:20:00,5,9,18,19,20,920,63.0,"NEANT, PARENT (RUE JULES",,,Plein jour,En agglomération,Intersection en X,Normale,Deux véhicules - frontale,,,,,,,,,,,1,2,2,1,1
200500061180,0005-09-29 17:50:00,5,9,29,17,50,920,63.0,"246, EMPEREUR (ROUTE DE",,,Plein jour,En agglomération,Hors intersection,Normale,Deux véhicules - arrière,,,,,,,,,,,1,2,1,1,2
200500061181,0005-09-30 21:10:00,5,9,30,21,10,920,63.0,"NR, SOLFERINO (BOULEVARD",,,Crépuscule ou aube,En agglomération,Hors intersection,Pluie légère,Deux véhicules - frontale,,,,,,,,,,,2,2,1,2,1
200500061182,0005-09-03 01:35:00,5,9,3,1,35,920,22.0,PAVE DES GARDES (RUE DU),,,Nuit avec éclairage allumé,En agglomération,Hors intersection,Normale,Sans collision,,,,,,,,,,,5,2,1,1,7
200500061183,0005-09-08 06:30:00,5,9,8,6,30,920,72.0,Bretelle de sortie N 118,,,Crépuscule ou aube,En agglomération,Autre intersection,Normale,Autre collision,,,,,,,,,,,2,2,9,1,6
200500061184,0005-09-09 11:55:00,5,9,9,11,55,920,72.0,"09, RUEIL (RUE DE)",,,Plein jour,En agglomération,Hors intersection,Normale,Autre collision,,,,,,,,,,,1,2,1,1,6
200500061185,0005-09-09 20:30:00,5,9,9,20,30,920,72.0,"13, GRANDE RUE",,,Plein jour,En agglomération,Hors intersection,Normale,Autre collision,,,,,,,,,,,1,2,1,1,6
200500061186,0005-09-10 17:25:00,5,9,10,17,25,920,72.0,"01, GRANDE RUE",,,Plein jour,En agglomération,Hors intersection,Normale,Trois véhicules et plus - collisions multiples,,,,,,,,,,,1,2,1,1,5
200500061187,0005-09-11 19:20:00,5,9,11,19,20,920,77.0,"185, VERSAILLES (ROUTE D",,,Plein jour,En agglomération,Hors intersection,Normale,Autre collision,,,,,,,,,,,1,2,1,1,6
200500061188,0005-09-13 18:10:00,5,9,13,18,10,920,72.0,"16, TROYON (RUE)",,,Plein jour,En agglomération,Hors intersection,Normale,Deux véhicules - côté,,,,,,,,,,,1,2,1,1,3
200500061189,0005-09-23 20:05:00,5,9,23,20,5,920,72.0,"40, CAVES (RUE DES)",,,Plein jour,En agglomération,Hors intersection,Normale,Autre collision,,,,,,,,,,,1,2,1,1,6
200500061190,0005-09-26 16:15:00,5,9,26,16,15,920,22.0,"484, SALENGRO (AVENUE RO",,,Plein jour,En agglomération,Hors intersection,Normale,Deux véhicules - côté,,,,,,,,,,,1,2,1,1,3
200500061191,0005-09-26 17:00:00,5,9,26,17,0,920,77.0,"61, ST CLOUD (RUE DE)",,,Plein jour,En agglomération,Hors intersection,Normale,Deux véhicules - côté,,,,,,,,,,,1,2,1,1,3
200500061192,0005-09-02 15:30:00,5,9,2,15,30,920,73.0,SELLIER (BOULEVARD HENRI,,,Plein jour,En agglomération,Intersection en X,Normale,Deux véhicules - côté,,,,,,,,,,,1,2,2,1,3
200500061193,0005-09-08 13:20:00,5,9,8,13,20,920,73.0,DE LATTRE DE TASSIGNY (B,,,Plein jour,En agglomération,Intersection en T,Normale,Deux véhicules - côté,,,,,,,,,,,1,2,3,1,3
200500061194,0005-09-08 17:20:00,5,9,8,17,20,920,73.0,WASHINGTON (BOULEVARD),,,Plein jour,En agglomération,Intersection en T,Normale,Trois véhicules et plus - en chaîne,,,,,,,,,,,1,2,3,1,4
200500061195,0005-09-08 20:45:00,5,9,8,20,45,920,73.0,BAS ROGERS (RUE DES),,,Nuit avec éclairage allumé,En agglomération,Intersection en T,Normale,Deux véhicules - côté,,,,,,,,,,,5,2,3,1,3
200500061196,0005-09-12 18:35:00,5,9,12,18,35,920,73.0,"21, POMPIDOU (AVENUE GEO",,,Plein jour,En agglomération,Hors intersection,Normale,Sans collision,,,,,,,,,,,1,2,1,1,7
200500061197,0005-09-13 07:50:00,5,9,13,7,50,920,73.0,SELLIER (BOULEVARD HENRI,,,Plein jour,En agglomération,Intersection en T,Normale,Deux véhicules - côté,,,,,,,,,,,1,2,3,1,3
200500061198,0005-09-02 14:10:00,5,9,2,14,10,920,75.0,"48, REPUBLIQUE (RUE DE L",,,Plein jour,En agglomération,Hors intersection,Normale,Deux véhicules - côté,,,,,,,,,,,1,2,1,1,3
200500061199,0005-09-05 17:40:00,5,9,5,17,40,920,46.0,"124, PIERRE BROSSOLETTE",,,Plein jour,En agglomération,Hors intersection,Normale,Deux véhicules - arrière,,,,,,,,,,,1,2,1,1,2
200500061200,0005-09-07 11:10:00,5,9,7,11,10,920,46.0,Avenue Jean Jaurès,,,Plein jour,En agglomération,Hors intersection,Normale,Autre collision,,,,,,,,,,,1,2,1,1,6
200500061201,0005-09-12 09:10:00,5,9,12,9,10,920,46.0,"107, GABRIEL PERI",,,Plein jour,En agglomération,Hors intersection,Pluie légère,Deux véhicules - côté,,,,,,,,,,,1,2,1,2,3
200500061202,0005-09-13 19:20:00,5,9,13,19,20,920,75.0,"90, JEAN BLEUZEN (RUE)",,,Plein jour,En agglomération,Intersection en T,Normale,Deux véhicules - côté,,,,,,,,,,,1,2,3,1,3
200500061203,0005-09-14 17:25:00,5,9,14,17,25,920,75.0,"75, JEAN BLEUZEN (RUE)",,,Plein jour,En agglomération,Hors intersection,Normale,Sans collision,,,,,,,,,,,1,2,1,1,7
200500061204,0005-09-14 20:05:00,5,9,14,20,5,920,75.0,"10, JEAN BLEUZEN (RUE)",,,Nuit avec éclairage allumé,En agglomération,Hors intersection,Normale,Deux véhicules - côté,,,,,,,,,,,5,2,1,1,3
200500061205,0005-09-14 23:30:00,5,9,14,23,30,920,75.0,PAIX (AVENUE DE LA),,,Nuit avec éclairage allumé,En agglomération,Intersection en X,Normale,Deux véhicules - frontale,,,,,,,,,,,5,2,2,1,1
200500061206,0005-09-15 17:50:00,5,9,15,17,50,920,46.0,RAYMOND DAVID,,,Plein jour,En agglomération,Intersection en X,Normale,Autre collision,,,,,,,,,,,1,2,2,1,6
200500061207,0005-09-20 18:10:00,5,9,20,18,10,920,46.0,"174, CAMELINAT",,,Plein jour,En agglomération,Hors intersection,Normale,Deux véhicules - arrière,,,,,,,,,,,1,2,1,1,2
200500061208,0005-09-22 17:50:00,5,9,22,17,50,920,46.0,PIERRE BROSSOLETTE,,,Plein jour,En agglomération,Intersection en X,Normale,Deux véhicules - côté,,,,,,,,,,,1,2,2,1,3
200500061209,0005-09-26 09:55:00,5,9,26,9,55,920,75.0,"72, JEAN BLEUZEN (RUE)",,,Plein jour,En agglomération,Hors intersection,Normale,Autre collision,,,,,,,,,,,1,2,1,1,6
200500061210,0005-09-29 18:50:00,5,9,29,18,50,920,75.0,"27, JEAN BLEUZEN (RUE)",,,Plein jour,En agglomération,Hors intersection,Normale,Deux véhicules - côté,,,,,,,,,,,1,2,1,1,3
200500061211,0005-09-29 20:30:00,5,9,29,20,30,920,46.0,"21, DE STALINGRAD",,,Nuit avec éclairage allumé,En agglomération,Hors intersection,Normale,Deux véhicules - côté,,,,,,,,,,,5,2,1,1,3
200500061212,0005-09-01 16:00:00,5,9,1,16,0,920,78.0,"231, GALLIENI (BD) (153",,,Plein jour,En agglomération,Hors intersection,Normale,Autre collision,,,,,,,,,,,1,2,1,1,6
200500061213,0005-09-02 17:10:00,5,9,2,17,10,920,78.0,GALLIENI (BD) (109 A 141,,,Plein jour,En agglomération,Intersection en T,Normale,Autre collision,,,,,,,,,,,1,2,3,1,6
200500061214,0005-09-27 06:40:00,5,9,27,6,40,920,78.0,"18, PIERRE BROSSOLETTE (",,,Nuit sans éclairage public,En agglomération,Hors intersection,Normale,Sans collision,,,,,,,,,,,3,2,1,1,7
200500061215,0005-09-02 06:20:00,5,9,2,6,20,920,26.0,BOULEVARD CIRCULAIRE,,,Nuit avec éclairage allumé,En agglomération,Intersection en X,Pluie légère,Trois véhicules et plus - collisions multiples,,,,,,,,,,,5,2,2,2,5
200500061216,0005-09-10 17:10:00,5,9,10,17,10,920,26.0,BOULEVARD CIRCULAIRE,,,Plein jour,En agglomération,Intersection en X,Pluie légère,Deux véhicules - côté,,,,,,,,,,,1,2,2,2,3
200500061217,0005-09-15 07:20:00,5,9,15,7,20,920,62.0,GENERAL LECLERC (AVENUE,,,Crépuscule ou aube,En agglomération,Hors intersection,Pluie légère,Deux véhicules - arrière,,,,,,,,,,,2,2,1,2,2
200500061218,0005-09-22 17:00:00,5,9,22,17,0,920,62.0,BOULEVARD CIRCULAIRE,,,Plein jour,En agglomération,Hors intersection,Normale,Sans collision,,,,,,,,,,,1,2,1,1,7
200500061219,0005-09-27 21:30:00,5,9,27,21,30,920,26.0,DEFENSE (ROND POINT DE L,,,Nuit avec éclairage allumé,En agglomération,Hors intersection,Normale,Deux véhicules - côté,,,,,,,,,,,5,2,1,1,3
200500061220,0005-09-05 10:05:00,5,9,5,10,5,930,1.0,"X, ABEILLE (RUE DE L')",,,Plein jour,En agglomération,Intersection en T,Normale,Deux véhicules - côté,,,,,,,,,,,1,2,3,1,3
200500061221,0005-09-07 15:10:00,5,9,7,15,10,930,1.0,"66, EDOUARD VAILLANT (BL",,,Plein jour,En agglomération,Hors intersection,Normale,Autre collision,,,,,,,,,,,1,2,1,1,6
200500061222,0005-09-08 14:02:00,5,9,8,14,2,930,1.0,"126, VICTOR HUGO (AVE)",,,Plein jour,En agglomération,Hors intersection,Normale,Deux véhicules - côté,,,,,,,,,,,1,2,1,1,3
200500061223,0005-09-10 11:50:00,5,9,10,11,50,930,1.0,"126, CITES (RUE DES)  12",,,Plein jour,En agglomération,Hors intersection,Pluie légère,Autre collision,,,,,,,,,,,1,2,1,2,6
200500061224,0005-09-19 13:00:00,5,9,19,13,0,930,1.0,"36, HENRI BARBUSSE (RUE)",,,Plein jour,En agglomération,Hors intersection,Normale,Autre collision,,,,,,,,,,,1,2,1,1,6
200500061225,0005-09-19 16:10:00,5,9,19,16,10,930,1.0,"34, HEMET (RUE) (PAIR)",,,Plein jour,En agglomération,Hors intersection,Normale,Autre collision,,,,,,,,,,,1,2,1,1,6
200500061226,0005-09-19 17:30:00,5,9,19,17,30,930,1.0,"122, DANIELLE CASANOVA (",,,Plein jour,En agglomération,Intersection en X,Normale,Autre collision,,,,,,,,,,,1,2,2,1,6
200500061227,0005-09-20 13:20:00,5,9,20,13,20,930,1.0,"39, LUCIEN LEFRANC (QUAI",,,Plein jour,En agglomération,Hors intersection,Normale,Deux véhicules - arrière,,,,,,,,,,,1,2,1,1,2
200500061228,0005-09-20 20:55:00,5,9,20,20,55,930,1.0,"173, ANDRE KARMAN (RUE)",,,Nuit avec éclairage allumé,En agglomération,Intersection en X,Normale,Deux véhicules - côté,,,,,,,,,,,5,2,2,1,3
200500061229,0005-09-21 09:15:00,5,9,21,9,15,930,1.0,"41, MOUTIER (RUE DU)  =>",,,Plein jour,En agglomération,Intersection en X,Normale,Deux véhicules - côté,,,,,,,,,,,1,2,2,1,3
200500061230,0005-09-22 11:30:00,5,9,22,11,30,930,1.0,", VICTOR HUGO (AVE)  N°",,,Plein jour,En agglomération,Hors intersection,Normale,Deux véhicules - côté,,,,,,,,,,,1,2,1,1,3
200500061231,0005-09-22 21:15:00,5,9,22,21,15,930,1.0,LUCIEN LEFRANC (QUAI),,,Nuit avec éclairage allumé,En agglomération,Intersection en X,Normale,Deux véhicules - frontale,,,,,,,,,,,5,2,2,1,1
200500061232,0005-09-24 23:30:00,5,9,24,23,30,930,1.0,"49, HELENE COCHENNEC (RU",,,Nuit avec éclairage allumé,En agglomération,Intersection en X,Normale,Autre collision,,,,,,,,,,,5,2,2,1,6
200500061233,0005-09-26 10:50:00,5,9,26,10,50,930,1.0,"80, FELIX FAURE (BLD) =>",,,Plein jour,En agglomération,Hors intersection,Normale,Deux véhicules - côté,,,,,,,,,,,1,2,1,1,3
200500061234,0005-09-28 16:20:00,5,9,28,16,20,930,1.0,"24/26, LEOPOLD RECHOSSIE",,,Plein jour,En agglomération,Hors intersection,Normale,Autre collision,,,,,,,,,,,1,2,1,1,6
200500061235,0005-09-02 08:00:00,5,9,2,8,0,930,5.0,"néant, ONZE NOVEMBRE (RU",,,Plein jour,En agglomération,Intersection en T,Normale,Autre collision,,,,,,,,,,,1,2,3,1,6
200500061236,0005-09-07 10:20:00,5,9,7,10,20,930,5.0,"26, ISAAC NEWTON (RUE)",,,Plein jour,En agglomération,Hors intersection,Normale,Autre collision,,,,,,,,,,,1,2,1,1,6
200500061237,0005-09-08 06:20:00,5,9,8,6,20,930,5.0,"ignoré, CHARLES FLOQUET",,,Nuit avec éclairage allumé,En agglomération,Intersection en X,Normale,Deux véhicules - arrière,,,,,,,,,,,5,2,2,1,2
200500061238,0005-09-10 13:10:00,5,9,10,13,10,930,5.0,"60, ANATOLE FRANCE (AVEN",,,Plein jour,En agglomération,Intersection en X,Pluie légère,Trois véhicules et plus - en chaîne,,,,,,,,,,,1,2,2,2,4
200500061239,0005-09-16 12:50:00,5,9,16,12,50,930,5.0,"NEANT, SAVIGNY (AVENUE D",,,Plein jour,En agglomération,Hors intersection,Pluie légère,Sans collision,,,,,,,,,,,1,2,1,2,7
200500061240,0005-09-17 07:55:00,5,9,17,7,55,930,5.0,"néant, SAVOIE (RUE DE)",,,Plein jour,En agglomération,Intersection en X,Normale,Deux véhicules - côté,,,,,,,,,,,1,2,2,1,3
200500061241,0005-09-19 08:50:00,5,9,19,8,50,930,5.0,ANTOINE BOURDELLE (AVENU,,,Plein jour,En agglomération,Hors intersection,Normale,Autre collision,,,,,,,,,,,1,2,1,1,6
200500061242,0005-09-23 14:25:00,5,9,23,14,25,930,5.0,"néant, JULES PRINCET [CD",,,Plein jour,En agglomération,Hors intersection,Normale,Sans collision,,,,,,,,,,,1,2,1,1,7
200500061243,0005-09-24 21:40:00,5,9,24,21,40,930,5.0,"néant, ATHENES (ALLEE D'",,,Nuit avec éclairage allumé,En agglomération,Intersection en T,Normale,Sans collision,,,,,,,,,,,5,2,3,1,7
200500061244,0005-09-27 17:45:00,5,9,27,17,45,930,5.0,"NEANT, MOULIN DE LA VILL",,,Plein jour,En agglomération,Hors intersection,Normale,Sans collision,,,,,,,,,,,1,2,1,1,7
200500061245,0005-09-08 18:38:00,5,9,8,18,38,930,7.0,"0000, ""DESCARTES (AVENUE",,,Plein jour,En agglomération,Hors intersection,Normale,Deux véhicules - arrière,,,,,,,,,,,1,2,1,1,2
200500061246,0005-09-09 17:30:00,5,9,9,17,30,930,7.0,VLADIMIR I. LENINE (DU 5,,,Plein jour,En agglomération,Intersection en X,Normale,Deux véhicules - côté,,,,,,,,,,,1,2,2,1,3
200500061247,0005-09-19 23:05:00,5,9,19,23,5,930,7.0,DOCTEUR CALMETTE (RUE DU,,,Nuit avec éclairage allumé,En agglomération,Hors intersection,Normale,Autre collision,,,,,,,,,,,5,2,1,1,6
200500061248,0005-09-24 19:42:00,5,9,24,19,42,930,7.0,SURCOUF (AVENUE),,,Plein jour,En agglomération,Intersection en X,Normale,Deux véhicules - côté,,,,,,,,,,,1,2,2,1,3
200500061249,0005-09-30 08:25:00,5,9,30,8,25,930,7.0,PASTEUR (AVENUE),,,Plein jour,En agglomération,Hors intersection,Normale,Autre collision,,,,,,,,,,,1,2,1,1,6
200500061250,0005-09-09 16:00:00,5,9,9,16,0,930,8.0,"1, BELWO (RUE PAUL)",,,Plein jour,En agglomération,Intersection en X,Normale,Deux véhicules - côté,,,,,,,,,,,1,2,2,1,3
200500061251,0005-09-14 15:50:00,5,9,14,15,50,930,8.0,"53, BARBUSSE (AVENUE HEN",,,Plein jour,En agglomération,Hors intersection,Normale,Trois véhicules et plus - en chaîne,,,,,,,,,,,1,2,1,1,4
200500061252,0005-09-16 07:50:00,5,9,16,7,50,930,8.0,"2 bis, REPUBLIQUE (RUE D",,,Plein jour,En agglomération,Intersection en T,Temps couvert,Autre collision,,,,,,,,,,,1,2,3,8,6
200500061253,0005-09-18 16:50:00,5,9,18,16,50,930,8.0,BABEUF (RUE),,,Plein jour,En agglomération,Hors intersection,Normale,Autre collision,,,,,,,,,,,1,2,1,1,6
200500061254,0005-09-18 19:25:00,5,9,18,19,25,930,8.0,DIVISION LECLERC (AVENUE,,,Plein jour,En agglomération,Intersection en Y,Normale,Deux véhicules - côté,,,,,,,,,,,1,2,4,1,3
200500061255,0005-09-19 11:45:00,5,9,19,11,45,930,8.0,"36, DIVISION LECLERC (AV",,,Plein jour,En agglomération,Intersection en T,Normale,Deux véhicules - côté,,,,,,,,,,,1,2,3,1,3
200500061256,0005-09-08 10:20:00,5,9,8,10,20,930,10.0,"148, GALLIENI (AV.) DE 1",,,Plein jour,En agglomération,Hors intersection,Normale,Deux véhicules - arrière,,,,,,,,,,,1,2,1,1,2
200500061257,0005-09-12 11:20:00,5,9,12,11,20,930,10.0,BEAUVOIR (RUE SIMONE DE),,,Plein jour,En agglomération,Hors intersection,Pluie légère,Deux véhicules - arrière,,,,,,,,,,,1,2,1,2,2
200500061258,0005-09-17 16:05:00,5,9,17,16,5,930,10.0,"ign, GALLIENI (AV.) DE 1",,,Plein jour,En agglomération,Intersection en X,Normale,Deux véhicules - côté,,,,,,,,,,,1,2,2,1,3
200500061259,0005-09-18 20:55:00,5,9,18,20,55,930,57.0,MONTYON (AL.) 1 A 74,,,Nuit avec éclairage allumé,En agglomération,Hors intersection,Normale,Autre collision,,,,,,,,,,,5,2,1,1,6
200500061260,0005-09-21 13:15:00,5,9,21,13,15,930,57.0,OISSERY- FORFRY (PL.),,,Plein jour,En agglomération,Giratoire,Normale,Autre collision,,,,,,,,,,,1,2,6,1,6
200500061261,0005-09-18 22:35:00,5,9,18,22,35,930,10.0,"IGNORE, GALLIENI (AV.) D",,,Nuit avec éclairage allumé,En agglomération,Intersection en X,Normale,Deux véhicules - côté,,,,,,,,,,,5,2,2,1,3
200500061262,0005-09-06 13:30:00,5,9,6,13,30,930,13.0,COSTES (RUE),,,Plein jour,Hors agglomération,Hors intersection,Normale,Deux véhicules - côté,,,,,,,,,,,1,1,1,1,3
200500061263,0005-09-11 06:00:00,5,9,11,6,0,930,30.0,"1, SEIZE-AOUT-1943 (PLAC",,,Nuit avec éclairage allumé,En agglomération,Giratoire,Brouillard / fumée,Autre collision,,,,,,,,,,,5,2,6,5,6
200500061264,0005-09-16 15:30:00,5,9,16,15,30,930,27.0,"104, JAURES (AVENUE JEAN",,,Plein jour,En agglomération,Passage à niveau,Normale,Deux véhicules - côté,,,,,,,,,,,1,2,8,1,3
200500061265,0005-09-20 18:25:00,5,9,20,18,25,930,27.0,"01, ROCHET (RUE WALDECK)",,,Plein jour,En agglomération,Giratoire,Normale,Autre collision,,,,,,,,,,,1,2,6,1,6
200500061266,0005-09-30 13:30:00,5,9,30,13,30,930,27.0,"160 BIS, VAILLANT-COUTUR",,,Plein jour,En agglomération,Autre intersection,Pluie légère,Autre collision,,,,,,,,,,,1,2,9,2,6
200500061267,0005-09-03 12:55:00,5,9,3,12,55,930,29.0,"133, CHARLES GIDE",,,Plein jour,En agglomération,Hors intersection,Normale,Autre collision,,,,,,,,,,,1,2,1,1,6
200500061268,0005-09-03 15:50:00,5,9,3,15,50,930,29.0,"276, HENRI BARBUSSE (AVE",,,Plein jour,En agglomération,Hors intersection,Normale,Autre collision,,,,,,,,,,,1,2,1,1,6
200500061269,0005-09-07 06:40:00,5,9,7,6,40,930,29.0,"212, HENRI BARBUSSE (AVE",,,Nuit avec éclairage allumé,En agglomération,Hors intersection,Normale,Autre collision,,,,,,,,,,,5,2,1,1,6
200500061270,0005-09-09 11:30:00,5,9,9,11,30,930,29.0,"1, PAUL VAILLANT COUTURI",,,Plein jour,En agglomération,Hors intersection,Normale,Autre collision,,,,,,,,,,,1,2,1,1,6
200500061271,0005-09-12 00:10:00,5,9,12,0,10,930,29.0,"42, ANATOLE FRANCE",,,Nuit avec éclairage allumé,En agglomération,Hors intersection,Normale,Deux véhicules - frontale,,,,,,,,,,,5,2,1,1,1
200500061272,0005-09-20 12:10:00,5,9,20,12,10,930,29.0,HENRI BARBUSSE (AVE) N°1,,,Plein jour,En agglomération,Intersection en T,Normale,Autre collision,,,,,,,,,,,1,2,3,1,6
200500061273,0005-09-24 11:45:00,5,9,24,11,45,930,29.0,HENRI BARBUSSE (AVE) N°1,,,Plein jour,En agglomération,Intersection en T,Pluie légère,Deux véhicules - côté,,,,,,,,,,,1,2,3,2,3
200500061274,0005-09-27 19:30:00,5,9,27,19,30,930,29.0,"114, CHARLES GIDE",,,Nuit avec éclairage allumé,En agglomération,Intersection en X,Pluie légère,Autre collision,,,,,,,,,,,5,2,2,2,6
200500061275,0005-09-27 01:20:00,5,9,27,1,20,930,29.0,"20 bis, MARCEAU (AVENUE)",,,Nuit avec éclairage allumé,En agglomération,Hors intersection,Normale,Autre collision,,,,,,,,,,,5,2,1,1,6
200500061276,0005-09-27 17:05:00,5,9,27,17,5,930,29.0,JEAN JAURES (AVENUE),,,Plein jour,En agglomération,Intersection en T,Normale,Deux véhicules - côté,,,,,,,,,,,1,2,3,1,3
200500061277,0005-09-28 18:25:00,5,9,28,18,25,930,29.0,MARCEAU (AVENUE) N° 1-27,,,Plein jour,En agglomération,Intersection en T,Normale,Deux véhicules - côté,,,,,,,,,,,1,2,3,1,3
200500061278,0005-09-04 10:20:00,5,9,4,10,20,930,31.0,"155, REPUBLIQUE (AV) 1 A",,,Plein jour,En agglomération,Intersection en X,Temps éblouissant,Autre collision,,,,,,,,,,,1,2,2,7,6
200500061279,0005-09-08 18:50:00,5,9,8,18,50,930,31.0,"2, ROUTE D'ARGENTEUIL",,,Plein jour,En agglomération,Autre intersection,Normale,Deux véhicules - côté,,,,,,,,,,,1,2,9,1,3
200500061280,0005-09-12 15:00:00,5,9,12,15,0,930,31.0,"27, FOCH (BOULEVARD)",,,Plein jour,En agglomération,Autre intersection,Normale,Deux véhicules - côté,,,,,,,,,,,1,2,9,1,3
200500061281,0005-09-22 11:20:00,5,9,22,11,20,930,31.0,"40, FOCH (BOULEVARD)",,,Plein jour,En agglomération,Hors intersection,Normale,Trois véhicules et plus - collisions multiples,,,,,,,,,,,1,2,1,1,5
200500061282,0005-09-29 13:05:00,5,9,29,13,5,930,31.0,"79, FOCH (BOULEVARD)",,,Plein jour,En agglomération,Hors intersection,Normale,Autre collision,,,,,,,,,,,1,2,1,1,6
200500061283,0005-09-02 09:35:00,5,9,2,9,35,930,32.0,JEAN JAURES (AVENUE),,,Plein jour,En agglomération,Intersection en Y,Pluie légère,Deux véhicules - côté,,,,,,,,,,,1,2,4,2,3
200500061284,0005-09-09 15:00:00,5,9,9,15,0,930,32.0,"37, PAUL VAILLANT COUTUR",,,Plein jour,En agglomération,Hors intersection,Normale,Deux véhicules - côté,,,,,,,,,,,1,2,1,1,3
200500061285,0005-09-14 11:45:00,5,9,14,11,45,930,32.0,"1, FETES    (PLACE DES)",,,Plein jour,En agglomération,Intersection en Y,Normale,Autre collision,,,,,,,,,,,1,2,4,1,6
200500061286,0005-09-14 13:50:00,5,9,14,13,50,930,32.0,", JEAN JAURES (AVENUE)",,,Plein jour,En agglomération,Intersection en Y,Normale,Deux véhicules - côté,,,,,,,,,,,1,2,4,1,3
200500061287,0005-09-16 15:55:00,5,9,16,15,55,930,47.0,"10, GENERAL LECLERC  (RU",,,Plein jour,En agglomération,Hors intersection,Normale,Autre collision,,,,,,,,,,,1,2,1,1,6
200500061288,0005-09-19 17:30:00,5,9,19,17,30,930,47.0,"1, BARGUE  (BOULEVARD)(C",,,Plein jour,En agglomération,Intersection en T,Normale,Deux véhicules - côté,,,,,,,,,,,1,2,3,1,3
200500061289,0005-09-29 14:25:00,5,9,29,14,25,930,32.0,"76, ARISTIDE BRIAND (RUE",,,Plein jour,En agglomération,Hors intersection,Normale,Deux véhicules - arrière,,,,,,,,,,,1,2,1,1,2
200500061290,0005-09-02 18:55:00,5,9,2,18,55,930,45.0,"35, PERI GABRIEL RUE",,,Plein jour,En agglomération,Intersection en X,Normale,Deux véhicules - côté,,,,,,,,,,,1,2,2,1,3
200500061291,0005-09-05 06:35:00,5,9,5,6,35,930,63.0,", BRANLY BD EDOUARD",,,Crépuscule ou aube,En agglomération,Hors intersection,Pluie légère,Deux véhicules - côté,,,,,,,,,,,2,2,1,2,3
200500061292,0005-09-05 08:45:00,5,9,5,8,45,930,63.0,"92, VERDUN AVENUE DE",,,Plein jour,Hors agglomération,Hors intersection,Pluie légère,Deux véhicules - arrière,,,,,,,,,,,1,1,1,2,2
200500061293,0005-09-08 10:05:00,5,9,8,10,5,930,63.0,"41, BARBUSSE HENRI BOULE",,,Plein jour,En agglomération,Intersection en X,Normale,Deux véhicules - arrière,,,,,,,,,,,1,2,2,1,2
200500061294,0005-09-09 06:35:00,5,9,9,6,35,930,6.0,"120, RASPAIL AVENUE",,,Nuit avec éclairage allumé,En agglomération,Hors intersection,Normale,Deux véhicules - côté,,,,,,,,,,,5,2,1,1,3
200500061295,0005-09-10 02:00:00,5,9,10,2,0,930,6.0,"ignoré, CARNOT RUE SADI",,,Nuit avec éclairage allumé,En agglomération,Hors intersection,Normale,Autre collision,,,,,,,,,,,5,2,1,1,6
200500061296,0005-09-11 18:40:00,5,9,11,18,40,930,63.0,"162, GALLIENI RUE",,,Plein jour,En agglomération,Intersection en X,Temps couvert,Deux véhicules - côté,,,,,,,,,,,1,2,2,8,3
200500061297,0005-09-14 17:45:00,5,9,14,17,45,930,6.0,"66, MICHEL LOUISE RUE",,,Plein jour,En agglomération,Hors intersection,Normale,Autre collision,,,,,,,,,,,1,2,1,1,6