accident_id,datetime,annee,mois,jour,heure,minute,departement,commune_insee,adresse,latitude,longitude,luminosite,agglomeration,intersection,meteo,collision,nb_vehicules,nb_usagers,nb_indemnes,nb_tues,nb_blesses_hosp,nb_blesses_legers,age_cond_1,age_cond_2,veh_type_cond_1,veh_type_cond_2,lum_code,agg_code,int_code,atm_code,col_code
200500061298,0005-09-16 12:25:00,5,9,16,12,25,930,63.0,NOISY ROUTE DE,,,Plein jour,En agglomération,Intersection en T,Pluie légère,Deux véhicules - côté,,,,,,,,,,,1,2,3,2,3
200500061299,0005-09-16 13:15:00,5,9,16,13,15,930,6.0,"88, GAMBETTA AV.",,,Plein jour,En agglomération,Hors intersection,Pluie légère,Sans collision,,,,,,,,,,,1,2,1,2,7
200500061300,0005-09-11 20:40:00,5,9,11,20,40,930,45.0,"08, LIBERTE BD DE LA",,,Nuit avec éclairage allumé,En agglomération,Hors intersection,Pluie légère,Autre collision,,,,,,,,,,,5,2,1,2,6
200500061301,0005-09-17 12:15:00,5,9,17,12,15,930,6.0,"246, NOISY LE SEC RUE DE",,,Plein jour,En agglomération,Hors intersection,Normale,Deux véhicules - côté,,,,,,,,,,,1,2,1,1,3
200500061302,0005-09-19 16:40:00,5,9,19,16,40,930,45.0,"86, PARIS RUE DE",,,Plein jour,En agglomération,Intersection en X,Normale,Deux véhicules - frontale,,,,,,,,,,,1,2,2,1,1
200500061303,0005-09-20 09:05:00,5,9,20,9,5,930,45.0,"10, LIBERTE RUE DE LA",,,Plein jour,En agglomération,Hors intersection,Normale,Autre collision,,,,,,,,,,,1,2,1,1,6
200500061304,0005-09-21 08:10:00,5,9,21,8,10,930,63.0,NOISY ROUTE DE,,,Plein jour,En agglomération,Intersection en T,Normale,Deux véhicules - côté,,,,,,,,,,,1,2,3,1,3
200500061305,0005-09-23 19:20:00,5,9,23,19,20,930,63.0,"55, WILSON AVENUE DU PRE",,,Plein jour,En agglomération,Hors intersection,Normale,Autre collision,,,,,,,,,,,1,2,1,1,6
200500061306,0005-09-25 11:55:00,5,9,25,11,55,930,45.0,"58, JOINEAU ANDRE RUE",,,Plein jour,En agglomération,Hors intersection,Pluie légère,Autre collision,,,,,,,,,,,1,2,1,2,6
200500061307,0005-09-01 06:10:00,5,9,1,6,10,930,46.0,"N.R, CONSUL GENERAL NORD",,,Crépuscule ou aube,En agglomération,Intersection en X,Normale,Deux véhicules - côté,,,,,,,,,,,2,2,2,1,3
200500061308,0005-09-01 15:30:00,5,9,1,15,30,930,46.0,"NR, VAUBAN AVENUE",,,Plein jour,En agglomération,Intersection en X,Normale,Deux véhicules - côté,,,,,,,,,,,1,2,2,1,3
200500061309,0005-09-03 14:10:00,5,9,3,14,10,930,46.0,"N.R, DUPLEIX ALLEE",,,Plein jour,En agglomération,Intersection en X,Normale,Deux véhicules - côté,,,,,,,,,,,1,2,2,1,3
200500061310,0005-09-07 18:55:00,5,9,7,18,55,930,74.0,"44, MEAUX RUE DE",,,Plein jour,En agglomération,Hors intersection,Normale,Autre collision,,,,,,,,,,,1,2,1,1,6
200500061311,0005-09-08 19:30:00,5,9,8,19,30,930,74.0,"147, MEAUX RUE DE",,,Plein jour,En agglomération,Autre intersection,Normale,Autre collision,,,,,,,,,,,1,2,9,1,6
200500061312,0005-09-19 13:05:00,5,9,19,13,5,930,46.0,"18, JULES GUESDES AVENUE",,,Plein jour,En agglomération,Hors intersection,Normale,Trois véhicules et plus - collisions multiples,,,,,,,,,,,1,2,1,1,5
200500061313,0005-09-26 14:55:00,5,9,26,14,55,930,46.0,"52/54/56, ARISTIDE BRIAN",,,Plein jour,En agglomération,Hors intersection,Normale,Deux véhicules - côté,,,,,,,,,,,1,2,1,1,3
200500061314,0005-09-27 09:20:00,5,9,27,9,20,930,46.0,"FACE 53, CONSUL GENERAL",,,Plein jour,En agglomération,Hors intersection,Normale,Deux véhicules - arrière,,,,,,,,,,,1,2,1,1,2
200500061315,0005-09-29 00:05:00,5,9,29,0,5,930,46.0,MAUROUARD AVENUE,,,Nuit avec éclairage allumé,En agglomération,Hors intersection,Normale,Autre collision,,,,,,,,,,,5,2,1,1,6
200500061316,0005-09-30 20:30:00,5,9,30,20,30,930,46.0,"N.R, EST ALLEE DE L'",,,Nuit avec éclairage allumé,En agglomération,Intersection en X,Pluie légère,Deux véhicules - frontale,,,,,,,,,,,5,2,2,2,1
200500061317,0005-09-03 12:20:00,5,9,3,12,20,930,48.0,"92, ARISTIDE BRIAND S2 (",,,Plein jour,En agglomération,Hors intersection,Normale,Deux véhicules - arrière,,,,,,,,,,,1,2,1,1,2
200500061318,0005-09-12 17:00:00,5,9,12,17,0,930,48.0,"31, CLOS FRANCAIS (RUE D",,,Plein jour,En agglomération,Hors intersection,Normale,Autre collision,,,,,,,,,,,1,2,1,1,6
200500061319,0005-09-13 10:00:00,5,9,13,10,0,930,48.0,ALEXIS LEPERE S2 (RUE),,,Plein jour,En agglomération,Intersection en X,Normale,Deux véhicules - côté,,,,,,,,,,,1,2,2,1,3
200500061320,0005-09-14 08:28:00,5,9,14,8,28,930,48.0,"38, ROSNY (RUE DE)",,,Plein jour,En agglomération,Intersection en X,Normale,Autre collision,,,,,,,,,,,1,2,2,1,6
200500061321,0005-09-15 14:40:00,5,9,15,14,40,930,48.0,DHUYS (RUE DE LA),,,Plein jour,En agglomération,Giratoire,Normale,Deux véhicules - côté,,,,,,,,,,,1,2,6,1,3
200500061322,0005-09-16 18:25:00,5,9,16,18,25,930,48.0,"55 bis, EDOUARD VAILLANT",,,Plein jour,En agglomération,Intersection en X,Normale,Deux véhicules - côté,,,,,,,,,,,1,2,2,1,3
200500061323,0005-09-21 12:10:00,5,9,21,12,10,930,48.0,PRESIDENT WILSON (AVENUE,,,Plein jour,En agglomération,Hors intersection,Normale,Deux véhicules - côté,,,,,,,,,,,1,2,1,1,3
200500061324,0005-09-22 15:05:00,5,9,22,15,5,930,48.0,"18, SERGENT BOBILLOT (RU",,,Plein jour,En agglomération,Hors intersection,Normale,Autre collision,,,,,,,,,,,1,2,1,1,6
200500061325,0005-09-23 09:00:00,5,9,23,9,0,930,48.0,"ANGLE, ROSNY (RUE DE)",,,Plein jour,En agglomération,Intersection en X,Normale,Autre collision,,,,,,,,,,,1,2,2,1,6
200500061326,0005-09-26 13:40:00,5,9,26,13,40,930,48.0,"88, STALINGRAD (RUE DE)",,,Plein jour,En agglomération,Hors intersection,Normale,Deux véhicules - arrière,,,,,,,,,,,1,2,1,1,2
200500061327,0005-09-27 12:25:00,5,9,27,12,25,930,48.0,ROMAINVILLE (RUE DE),,,Plein jour,En agglomération,Intersection en X,Normale,Deux véhicules - côté,,,,,,,,,,,1,2,2,1,3
200500061328,0005-09-28 12:40:00,5,9,28,12,40,930,48.0,ROMAINVILLE (RUE DE),,,Plein jour,En agglomération,Giratoire,Normale,Deux véhicules - frontale,,,,,,,,,,,1,2,6,1,1
200500061329,0005-09-04 22:25:00,5,9,4,22,25,930,48.0,"56, PARIS (RUE DE)",,,Nuit avec éclairage allumé,En agglomération,Hors intersection,Normale,Deux véhicules - côté,,,,,,,,,,,5,2,1,1,3
200500061330,0005-09-07 20:54:00,5,9,7,20,54,930,50.0,"18, ARISTIDE BRIAND (BOU",,,Nuit avec éclairage allumé,En agglomération,Hors intersection,Normale,Autre collision,,,,,,,,,,,5,2,1,1,6
200500061331,0005-09-07 18:15:00,5,9,7,18,15,930,50.0,PAUL VAILLANT COUTURIER,,,Plein jour,En agglomération,Intersection en T,Normale,Trois véhicules et plus - collisions multiples,,,,,,,,,,,1,2,3,1,5
200500061332,0005-09-17 16:40:00,5,9,17,16,40,930,49.0,"63, GEORGES CLEMENCEAU (",,,Plein jour,En agglomération,Intersection en T,Normale,Deux véhicules - côté,,,,,,,,,,,1,2,3,1,3
200500061333,0005-09-19 12:50:00,5,9,19,12,50,930,50.0,"97, PAUL ET CAMILLE THOM",,,Plein jour,En agglomération,Intersection en T,Normale,Deux véhicules - côté,,,,,,,,,,,1,2,3,1,3
200500061334,0005-09-27 20:20:00,5,9,27,20,20,930,50.0,PAUL VAILLANT COUTURIER,,,Nuit avec éclairage allumé,En agglomération,Intersection en X,Pluie légère,Trois véhicules et plus - collisions multiples,,,,,,,,,,,5,2,2,2,5
200500061335,0005-09-08 18:40:00,5,9,8,18,40,930,51.0,"1, VAUBAN",,,Plein jour,En agglomération,Intersection en T,Normale,Deux véhicules - côté,,,,,,,,,,,1,2,3,1,3
200500061336,0005-09-13 09:05:00,5,9,13,9,5,930,51.0,"1, DOCTEUR JEAN VAQUIER",,,Plein jour,En agglomération,Hors intersection,Temps couvert,Sans collision,,,,,,,,,,,1,2,1,8,7
200500061337,0005-09-14 17:00:00,5,9,14,17,0,930,33.0,"04, PAUL DOUMER (AVENUE)",,,Plein jour,En agglomération,Intersection en Y,Normale,Deux véhicules - arrière,,,,,,,,,,,1,2,4,1,2
200500061338,0005-09-15 19:05:00,5,9,15,19,5,930,51.0,", JULES VEDRINES (NR PAI",,,Plein jour,En agglomération,Intersection en X,Normale,Deux véhicules - arrière,,,,,,,,,,,1,2,2,1,2
200500061339,0005-09-09 21:05:00,5,9,9,21,5,930,53.0,"204, BREMENT (RUE DE) 10",,,Nuit avec éclairage allumé,En agglomération,Hors intersection,Normale,Deux véhicules - arrière,,,,,,,,,,,5,2,1,1,2
200500061340,0005-09-17 19:30:00,5,9,17,19,30,930,53.0,"11, BERGERIES (RUE DES)",,,Plein jour,En agglomération,Hors intersection,Normale,Autre collision,,,,,,,,,,,1,2,1,1,6
200500061341,0005-09-21 09:15:00,5,9,21,9,15,930,53.0,"1, VAILLANT COUTURIER (R",,,Plein jour,En agglomération,Hors intersection,Normale,Autre collision,,,,,,,,,,,1,2,1,1,6
200500061342,0005-09-19 08:25:00,5,9,19,8,25,930,53.0,"122, VAILLANT COUTURIER",,,Plein jour,En agglomération,Hors intersection,Normale,Trois véhicules et plus - en chaîne,,,,,,,,,,,1,2,1,1,4
200500061343,0005-09-02 15:00:00,5,9,2,15,0,930,55.0,"01, EDOUARD VAILLANT DU",,,Plein jour,En agglomération,Intersection en X,Normale,Autre collision,,,,,,,,,,,1,2,2,1,6
200500061344,0005-09-04 18:40:00,5,9,4,18,40,930,55.0,"24, DELIZY (DU 23 A FIN",,,Plein jour,En agglomération,Hors intersection,Normale,Autre collision,,,,,,,,,,,1,2,1,1,6
200500061345,0005-09-06 17:30:00,5,9,6,17,30,930,55.0,"1, JEAN LOLIVE (AVENUE)(",,,Plein jour,En agglomération,Hors intersection,Normale,Autre collision,,,,,,,,,,,1,2,1,1,6
200500061346,0005-09-07 09:20:00,5,9,7,9,20,930,55.0,"110, GENERAL LECLERC(AVE",,,Plein jour,En agglomération,Hors intersection,Normale,Autre collision,,,,,,,,,,,1,2,1,1,6
200500061347,0005-09-10 17:05:00,5,9,10,17,5,930,55.0,"176-180, GENERAL LECLERC",,,Plein jour,En agglomération,Hors intersection,Autre,Deux véhicules - arrière,,,,,,,,,,,1,2,1,9,2
200500061348,0005-09-11 22:05:00,5,9,11,22,5,930,55.0,JULES AUFFRET (51/FIN ET,,,Nuit avec éclairage allumé,En agglomération,Intersection à plus de 4 branches,Pluie forte,Deux véhicules - côté,,,,,,,,,,,5,2,5,3,3
200500061349,0005-09-14 16:20:00,5,9,14,16,20,930,55.0,"49, JEAN JAURES (AVENUE)",,,Plein jour,En agglomération,Hors intersection,Normale,Autre collision,,,,,,,,,,,1,2,1,1,6
200500061350,0005-09-15 15:45:00,5,9,15,15,45,930,55.0,"152, JEAN JAURES (AVENUE",,,Plein jour,En agglomération,Hors intersection,Normale,Trois véhicules et plus - collisions multiples,,,,,,,,,,,1,2,1,1,5
200500061351,0005-09-17 15:50:00,5,9,17,15,50,930,55.0,"26, MAGENTA",,,Plein jour,En agglomération,Hors intersection,Normale,Autre collision,,,,,,,,,,,1,2,1,1,6
200500061352,0005-09-17 20:30:00,5,9,17,20,30,930,55.0,DIVISION LECLERC (AVE DE,,,Nuit avec éclairage allumé,En agglomération,Intersection en T,Normale,Autre collision,,,,,,,,,,,5,2,3,1,6
200500061353,0005-09-21 19:20:00,5,9,21,19,20,930,55.0,"37, EDOUARD VAILLANT DU",,,Plein jour,En agglomération,Hors intersection,Normale,Deux véhicules - frontale,,,,,,,,,,,1,2,1,1,1
200500061354,0005-09-22 07:45:00,5,9,22,7,45,930,55.0,"170, JEAN JAURES (AVENUE",,,Plein jour,En agglomération,Hors intersection,Normale,Deux véhicules - côté,,,,,,,,,,,1,2,1,1,3
200500061355,0005-09-23 08:15:00,5,9,23,8,15,930,55.0,"45, GENERAL LECLERC(AVE",,,Plein jour,En agglomération,Hors intersection,Normale,Autre collision,,,,,,,,,,,1,2,1,1,6
200500061356,0005-09-23 17:30:00,5,9,23,17,30,930,55.0,"10, GABRIELLE JOSSERAND",,,Plein jour,En agglomération,Hors intersection,Normale,Deux véhicules - côté,,,,,,,,,,,1,2,1,1,3
200500061357,0005-09-24 17:55:00,5,9,24,17,55,930,55.0,", CANDALE",,,Plein jour,En agglomération,Intersection en X,Normale,Deux véhicules - frontale,,,,,,,,,,,1,2,2,1,1
200500061358,0005-09-26 13:00:00,5,9,26,13,0,930,55.0,"24, SCANDICCI",,,Plein jour,En agglomération,Hors intersection,Normale,Deux véhicules - côté,,,,,,,,,,,1,2,1,1,3
200500061359,0005-09-27 08:00:00,5,9,27,8,0,930,55.0,"37, GENERAL LECLERC(AVE",,,Plein jour,En agglomération,Hors intersection,Temps couvert,Autre collision,,,,,,,,,,,1,2,1,8,6
200500061360,0005-09-30 13:15:00,5,9,30,13,15,930,55.0,"171, JEAN LOLIVE (AVENUE",,,Plein jour,En agglomération,Intersection en T,Pluie légère,Deux véhicules - arrière,,,,,,,,,,,1,2,3,2,2
200500061361,0005-09-30 14:00:00,5,9,30,14,0,930,55.0,"33, MAGENTA",,,Plein jour,En agglomération,Hors intersection,Temps couvert,Autre collision,,,,,,,,,,,1,2,1,8,6
200500061362,0005-09-30 16:20:00,5,9,30,16,20,930,55.0,"22, GABRIELLE JOSSERAND",,,Plein jour,En agglomération,Hors intersection,Pluie légère,Autre collision,,,,,,,,,,,1,2,1,2,6
200500061363,0005-09-01 11:00:00,5,9,1,11,0,930,14.0,"00, SEVIGNE (AVENUE DE)",,,Plein jour,En agglomération,Intersection en T,Pluie légère,Deux véhicules - côté,,,,,,,,,,,1,2,3,2,3
200500061364,0005-09-09 14:45:00,5,9,9,14,45,930,62.0,"103, RESISTANCE (AVENUE",,,Plein jour,En agglomération,Hors intersection,Normale,Autre collision,,,,,,,,,,,1,2,1,1,6
200500061365,0005-09-22 10:50:00,5,9,22,10,50,930,62.0,"103, RESISTANCE (AVENUE",,,Plein jour,En agglomération,Hors intersection,Normale,Autre collision,,,,,,,,,,,1,2,1,1,6
200500061366,0005-09-04 12:00:00,5,9,4,12,0,930,77.0,"135, GRANDE RUE  18 / FI",,,Plein jour,En agglomération,Hors intersection,Normale,Autre collision,,,,,,,,,,,1,2,1,1,6
200500061367,0005-09-04 11:30:00,5,9,4,11,30,930,77.0,"41, ROSNY (AVENUE DE)",,,Plein jour,En agglomération,Hors intersection,Normale,Autre collision,,,,,,,,,,,1,2,1,1,6
200500061368,0005-09-06 06:20:00,5,9,6,6,20,930,64.0,"99, DE GAULLE (AV DU GEN",,,Crépuscule ou aube,En agglomération,Hors intersection,Normale,Autre collision,,,,,,,,,,,2,2,1,1,6
200500061369,0005-09-06 18:40:00,5,9,6,18,40,930,64.0,"1, MERMOZ (RUE JEAN)",,,Plein jour,En agglomération,Intersection en X,Normale,Autre collision,,,,,,,,,,,1,2,2,1,6
200500061370,0005-09-19 20:30:00,5,9,19,20,30,930,64.0,DE GAULLE (AV DU GENERAL,,,Plein jour,En agglomération,Hors intersection,Normale,Deux véhicules - côté,,,,,,,,,,,1,2,1,1,3
200500061371,0005-09-01 22:00:00,5,9,1,22,0,930,66.0,MOULIN JEAN (AVE) NR 10,,,Nuit avec éclairage allumé,En agglomération,Intersection en T,Normale,Deux véhicules - côté,,,,,,,,,,,5,2,3,1,3
200500061372,0005-09-06 06:40:00,5,9,6,6,40,930,66.0,"31, FRANCE ANATOLE ENTRE",,,Crépuscule ou aube,En agglomération,Hors intersection,Pluie légère,Autre collision,,,,,,,,,,,2,2,1,2,6
200500061373,0005-09-06 07:30:00,5,9,6,7,30,930,66.0,LIBERATION RD14 (BOULEVA,,,Plein jour,En agglomération,Hors intersection,Pluie légère,Deux véhicules - côté,,,,,,,,,,,1,2,1,2,3
200500061374,0005-09-01 14:55:00,5,9,1,14,55,930,66.0,"""STRASBOURG, NR 1 A 71 E",,,Plein jour,En agglomération,Intersection en Y,Normale,Autre collision,,,,,,,,,,,1,2,4,1,6
200500061375,0005-09-05 11:45:00,5,9,5,11,45,930,66.0,", JOLIOT CURIE IRENE ET",,,Plein jour,En agglomération,Hors intersection,Normale,Deux véhicules - arrière,,,,,,,,,,,1,2,1,1,2
200500061376,0005-09-06 08:50:00,5,9,6,8,50,930,66.0,"47, ""GUESDE JULES (BOULE",,,Plein jour,En agglomération,Hors intersection,Pluie légère,Deux véhicules - arrière,,,,,,,,,,,1,2,1,2,2
200500061377,0005-09-06 18:50:00,5,9,6,18,50,930,66.0,WOOG JACQUES,,,Plein jour,En agglomération,Intersection en T,Normale,Deux véhicules - côté,,,,,,,,,,,1,2,3,1,3
200500061378,0005-09-05 21:40:00,5,9,5,21,40,930,66.0,"15, PORT",,,Nuit avec éclairage allumé,En agglomération,Intersection en T,Normale,Deux véhicules - côté,,,,,,,,,,,5,2,3,1,3
200500061379,0005-09-08 09:50:00,5,9,8,9,50,930,66.0,"98 bis, FRANCE ANATOLE E",,,Plein jour,En agglomération,Hors intersection,Normale,Deux véhicules - côté,,,,,,,,,,,1,2,1,1,3
200500061380,0005-09-08 10:15:00,5,9,8,10,15,930,66.0,"40, ""LIBERATION RD14, NR",,,Plein jour,Hors agglomération,Hors intersection,Normale,Deux véhicules - côté,,,,,,,,,,,1,1,1,1,3
200500061381,0005-09-08 14:00:00,5,9,8,14,0,930,66.0,WILSON (AVENUE DU PRESID,,,Plein jour,En agglomération,Autre intersection,Normale,Deux véhicules - arrière,,,,,,,,,,,1,2,9,1,2
200500061382,0005-09-08 21:30:00,5,9,8,21,30,930,66.0,GENERAL DE GAULLE,,,Nuit avec éclairage allumé,En agglomération,Intersection en T,Pluie légère,Deux véhicules - côté,,,,,,,,,,,5,2,3,2,3
200500061383,0005-09-10 12:30:00,5,9,10,12,30,930,66.0,STADE DE FRANCE (AVENUE,,,Plein jour,En agglomération,Hors intersection,Pluie forte,Deux véhicules - côté,,,,,,,,,,,1,2,1,3,3
200500061384,0005-09-12 17:35:00,5,9,12,17,35,930,66.0,"17, LIBERATION RD14 (BOU",,,Plein jour,En agglomération,Intersection en X,Normale,Deux véhicules - frontale,,,,,,,,,,,1,2,2,1,1
200500061385,0005-09-12 18:00:00,5,9,12,18,0,930,66.0,SEMAT ROGER,,,Plein jour,En agglomération,Hors intersection,Normale,Trois véhicules et plus - collisions multiples,,,,,,,,,,,1,2,1,1,5
200500061386,0005-09-14 13:15:00,5,9,14,13,15,930,66.0,"15, MOULIN JEAN (AVE) NR",,,Plein jour,En agglomération,Hors intersection,Normale,Deux véhicules - côté,,,,,,,,,,,1,2,1,1,3
200500061387,0005-09-09 17:20:00,5,9,9,17,20,930,66.0,"31, FRANCE ANATOLE (BOUL",,,Plein jour,En agglomération,Hors intersection,Normale,Deux véhicules - côté,,,,,,,,,,,1,2,1,1,3
200500061388,0005-09-19 16:30:00,5,9,19,16,30,930,66.0,"103, LIBERATION RD14 (BO",,,Plein jour,En agglomération,Hors intersection,Normale,Sans collision,,,,,,,,,,,1,2,1,1,7
200500061389,0005-09-22 07:30:00,5,9,22,7,30,930,66.0,"35, LENINE (AVENUE) NR 2",,,Plein jour,En agglomération,Hors intersection,Normale,Deux véhicules - arrière,,,,,,,,,,,1,2,1,1,2
200500061390,0005-09-21 20:00:00,5,9,21,20,0,930,39.0,MECHIN,,,Nuit avec éclairage allumé,En agglomération,Intersection en X,Normale,Deux véhicules - frontale,,,,,,,,,,,5,2,2,1,1
200500061391,0005-09-23 09:30:00,5,9,23,9,30,930,66.0,"45, BOULANGERIE",,,Plein jour,En agglomération,Intersection à plus de 4 branches,Normale,Autre collision,,,,,,,,,,,1,2,5,1,6
200500061392,0005-09-25 10:50:00,5,9,25,10,50,930,66.0,"16, ""PERI GABRIEL, NR 2",,,Plein jour,En agglomération,Autre intersection,Normale,Autre collision,,,,,,,,,,,1,2,9,1,6
200500061393,0005-09-26 17:30:00,5,9,26,17,30,930,66.0,ROLLAND ROMAIN (AVENUE),,,Plein jour,En agglomération,Hors intersection,Normale,Autre collision,,,,,,,,,,,1,2,1,1,6
200500061394,0005-09-28 10:33:00,5,9,28,10,33,930,66.0,"147, ""PERI GABRIEL, NR 1",,,Plein jour,En agglomération,Hors intersection,Normale,Sans collision,,,,,,,,,,,1,2,1,1,7
200500061395,0005-09-19 20:50:00,5,9,19,20,50,930,66.0,GORKI MAXIME,,,Nuit avec éclairage allumé,En agglomération,Hors intersection,Normale,Trois véhicules et plus - en chaîne,,,,,,,,,,,5,2,1,1,4
200500061396,0005-09-29 22:40:00,5,9,29,22,40,930,66.0,"28, ""SEMBAT MARCEL (BD),",,,Nuit avec éclairage allumé,En agglomération,Hors intersection,Normale,Deux véhicules - côté,,,,,,,,,,,5,2,1,1,3
200500061397,0005-09-30 17:20:00,5,9,30,17,20,930,66.0,LIBERATION RD14 (BOULEVA,,,Plein jour,En agglomération,Hors intersection,Pluie légère,Autre collision,,,,,,,,,,,1,2,1,2,6
200500061398,0005-09-10 13:00:00,5,9,10,13,0,930,66.0,"3, HAYDN",,,Plein jour,En agglomération,Intersection en X,Temps couvert,Autre collision,,,,,,,,,,,1,2,2,8,6
200500061399,0005-09-27 19:40:00,5,9,27,19,40,930,66.0,COURNEUVE (ROUTE),,,Nuit avec éclairage allumé,En agglomération,Hors intersection,Pluie légère,Trois véhicules et plus - en chaîne,,,,,,,,,,,5,2,1,2,4
200500061400,0005-09-03 19:13:00,5,9,3,19,13,930,70.0,"12, GAMBETTA(RUE)",,,Plein jour,En agglomération,Hors intersection,Normale,Autre collision,,,,,,,,,,,1,2,1,1,6
200500061401,0005-09-05 12:35:00,5,9,5,12,35,930,70.0,"22, ARDOIN(RUE)",,,Plein jour,En agglomération,Hors intersection,Normale,Deux véhicules - côté,,,,,,,,,,,1,2,1,1,3
200500061402,0005-09-15 17:30:00,5,9,15,17,30,930,70.0,PIERRE(RUE),,,Plein jour,En agglomération,Hors intersection,Temps couvert,Deux véhicules - frontale,,,,,,,,,,,1,2,1,8,1
200500061403,0005-09-16 09:40:00,5,9,16,9,40,930,70.0,"4-8, SEINE (QUAI DE)",,,Plein jour,En agglomération,Hors intersection,Pluie légère,Deux véhicules - arrière,,,,,,,,,,,1,2,1,2,2
200500061404,0005-09-16 16:45:00,5,9,16,16,45,930,70.0,BERTHOUD (RUE EUGENE),,,Plein jour,En agglomération,Hors intersection,Pluie légère,Autre collision,,,,,,,,,,,1,2,1,2,6
200500061405,0005-09-18 14:45:00,5,9,18,14,45,930,70.0,SEINE (QUAI DE),,,Plein jour,En agglomération,Intersection en Y,Normale,Deux véhicules - côté,,,,,,,,,,,1,2,4,1,3
200500061406,0005-09-19 16:00:00,5,9,19,16,0,930,70.0,"124, MICHELET(AV):N°1AU",,,Plein jour,En agglomération,Hors intersection,Normale,Deux véhicules - côté,,,,,,,,,,,1,2,1,1,3
200500061407,0005-09-28 06:05:00,5,9,28,6,5,930,70.0,"49, VICTOR-HUGO (BD)",,,Nuit avec éclairage allumé,En agglomération,Intersection en X,Normale,Deux véhicules - côté,,,,,,,,,,,5,2,2,1,3
200500061408,0005-09-28 12:45:00,5,9,28,12,45,930,70.0,"51, GABRIEL-PERI (AV)",,,Plein jour,En agglomération,Hors intersection,Normale,Deux véhicules - côté,,,,,,,,,,,1,2,1,1,3
200500061409,0005-09-12 20:10:00,5,9,12,20,10,930,71.0,MANOUCHIAN (ALLEE),,,Crépuscule ou aube,En agglomération,Intersection en T,Normale,Deux véhicules - frontale,,,,,,,,,,,2,2,3,1,1
200500061410,0005-09-16 17:40:00,5,9,16,17,40,930,71.0,SURIEGES (ALLEE DE),,,Plein jour,En agglomération,Intersection à plus de 4 branches,Normale,Deux véhicules - côté,,,,,,,,,,,1,2,5,1,3
200500061411,0005-09-22 13:20:00,5,9,22,13,20,930,71.0,AULNAY (RUE D'),,,Plein jour,En agglomération,Intersection en X,Normale,Autre collision,,,,,,,,,,,1,2,2,1,6
200500061412,0005-09-23 09:30:00,5,9,23,9,30,930,59.0,SEVERINE (RUE),,,Plein jour,En agglomération,Intersection en Y,Temps éblouissant,Sans collision,,,,,,,,,,,1,2,4,7,7
200500061413,0005-09-23 12:10:00,5,9,23,12,10,930,72.0,MAXIME GORKI (BOULEVARD),,,Plein jour,En agglomération,Hors intersection,Normale,Sans collision,,,,,,,,,,,1,2,1,1,7
200500061414,0005-09-05 08:21:00,5,9,5,8,21,930,59.0,"50, LENINE (AVENUE) N°36",,,Crépuscule ou aube,En agglomération,Hors intersection,Pluie légère,Deux véhicules - arrière,,,,,,,,,,,2,2,1,2,2
200500061415,0005-09-04 10:25:00,5,9,4,10,25,930,59.0,"113, LENINE (AVENUE) N°3",,,Plein jour,En agglomération,Intersection en X,Normale,Autre collision,,,,,,,,,,,1,2,2,1,6
200500061416,0005-09-09 11:00:00,5,9,9,11,0,930,72.0,", NELSON MANDELA (AVENUE",,,Plein jour,En agglomération,Hors intersection,Normale,Autre collision,,,,,,,,,,,1,2,1,1,6
200500061417,0005-09-12 22:48:00,5,9,12,22,48,930,72.0,MAXIME GORKI (BOULEVARD),,,Nuit avec éclairage allumé,En agglomération,Hors intersection,Normale,Deux véhicules - côté,,,,,,,,,,,5,2,1,1,3
200500061418,0005-09-14 17:50:00,5,9,14,17,50,930,72.0,STALINGRAD (AVENUE DE) D,,,Plein jour,En agglomération,Intersection en T,Normale,Deux véhicules - arrière,,,,,,,,,,,1,2,3,1,2
200500061419,0005-09-11 14:15:00,5,9,11,14,15,930,72.0,MICHEL ROLNIKAS (RUE),,,Plein jour,En agglomération,Hors intersection,Temps couvert,Deux véhicules - arrière,,,,,,,,,,,1,2,1,8,2
200500061420,0005-09-19 17:00:00,5,9,19,17,0,930,59.0,LENINE (AVENUE) N°36 AU,,,Plein jour,Hors agglomération,Intersection en X,Normale,Deux véhicules - arrière,,,,,,,,,,,1,1,2,1,2
200500061421,0005-09-07 16:50:00,5,9,7,16,50,930,72.0,LOUIS BORDES (RUE),,,Crépuscule ou aube,En agglomération,Hors intersection,Normale,Autre collision,,,,,,,,,,,2,2,1,1,6
200500061422,0005-09-11 21:15:00,5,9,11,21,15,930,72.0,"43, MARCEL CACHIN (AVENU",,,Nuit avec éclairage allumé,En agglomération,Intersection en X,Pluie légère,Deux véhicules - arrière,,,,,,,,,,,5,2,2,2,2
200500061423,0005-09-05 17:15:00,5,9,5,17,15,930,59.0,"53, JEAN MERMOZ (BOULEVA",,,Plein jour,En agglomération,Hors intersection,Normale,Trois véhicules et plus - collisions multiples,,,,,,,,,,,1,2,1,1,5
200500061424,0005-09-25 15:30:00,5,9,25,15,30,930,72.0,JULES GUESDE (AVENUE) CO,,,Plein jour,En agglomération,Intersection en T,Normale,Autre collision,,,,,,,,,,,1,2,3,1,6
200500061425,0005-09-30 11:40:00,5,9,30,11,40,930,72.0,"2, PAUL VALERY (SQUARE)",,,Plein jour,En agglomération,Hors intersection,Normale,Autre collision,,,,,,,,,,,1,2,1,1,6
200500061426,0005-09-05 21:35:00,5,9,5,21,35,930,73.0,LOUP (CHEMIN DU),,,Nuit avec éclairage allumé,En agglomération,Intersection en T,Normale,Deux véhicules - côté,,,,,,,,,,,5,2,3,1,3