accident_id,datetime,annee,mois,jour,heure,minute,departement,commune_insee,adresse,latitude,longitude,luminosite,agglomeration,intersection,meteo,collision,nb_vehicules,nb_usagers,nb_indemnes,nb_tues,nb_blesses_hosp,nb_blesses_legers,age_cond_1,age_cond_2,veh_type_cond_1,veh_type_cond_2,lum_code,agg_code,int_code,atm_code,col_code
200500061427,0005-09-10 13:35:00,5,9,10,13,35,930,78.0,GARE (AVENUE DE LA),,,Plein jour,En agglomération,Hors intersection,Pluie légère,Autre collision,,,,,,,,,,,1,2,1,2,6
200500061428,0005-09-15 14:10:00,5,9,15,14,10,930,78.0,BALLANGER (BD ROBERT),,,Plein jour,En agglomération,Intersection en X,Normale,Deux véhicules - frontale,,,,,,,,,,,1,2,2,1,1
200500061429,0005-09-10 20:15:00,5,9,10,20,15,940,2.0,"10, GENERAL CHARLES DE G",,,Nuit avec éclairage allumé,En agglomération,Intersection en T,Normale,Deux véhicules - côté,,,,,,,,,,,5,2,3,1,3
200500061430,0005-09-19 08:40:00,5,9,19,8,40,940,2.0,"66, JEAN BAPTISTE CLEMEN",,,Plein jour,En agglomération,Intersection en T,Normale,Deux véhicules - arrière,,,,,,,,,,,1,2,3,1,2
200500061431,0005-09-21 16:15:00,5,9,21,16,15,940,2.0,"26, BLANQUI (QU)",,,Plein jour,En agglomération,Hors intersection,Normale,Sans collision,,,,,,,,,,,1,2,1,1,7
200500061432,0005-09-23 15:05:00,5,9,23,15,5,940,2.0,"0, BLANQUI (QU)",,,Plein jour,En agglomération,Hors intersection,Normale,Deux véhicules - arrière,,,,,,,,,,,1,2,1,1,2
200500061433,0005-09-23 16:45:00,5,9,23,16,45,940,2.0,"0, BLANQUI (QU)",,,Plein jour,En agglomération,Intersection en X,Normale,Deux véhicules - côté,,,,,,,,,,,1,2,2,1,3
200500061434,0005-09-24 16:25:00,5,9,24,16,25,940,2.0,"100, VAILLANT COUTURIER",,,Plein jour,En agglomération,Intersection en T,Normale,Deux véhicules - côté,,,,,,,,,,,1,2,3,1,3
200500061435,0005-09-29 00:05:00,5,9,29,0,5,940,2.0,CAMELIAS (R DES),,,Nuit avec éclairage allumé,En agglomération,Intersection en X,Normale,Deux véhicules - côté,,,,,,,,,,,5,2,2,1,3
200500061436,0005-09-28 10:15:00,5,9,28,10,15,940,2.0,"0, VERON (R)",,,Plein jour,En agglomération,Hors intersection,Normale,Autre collision,,,,,,,,,,,1,2,1,1,6
200500061437,0005-09-03 18:50:00,5,9,3,18,50,940,44.0,"0, DOCTEUR CALMETTE (R D",,,Plein jour,En agglomération,Hors intersection,Normale,Sans collision,,,,,,,,,,,1,2,1,1,7
200500061438,0005-09-02 14:00:00,5,9,2,14,0,940,71.0,CHAMPIGNY (R DE),,,Plein jour,En agglomération,Hors intersection,Normale,Autre collision,,,,,,,,,,,1,2,1,1,6
200500061439,0005-09-10 14:10:00,5,9,10,14,10,940,44.0,LACARRIERE (R),,,Plein jour,En agglomération,Hors intersection,Pluie légère,Autre collision,,,,,,,,,,,1,2,1,2,6
200500061440,0005-09-16 11:45:00,5,9,16,11,45,940,70.0,PARIS (RTE DE),,,Plein jour,En agglomération,Hors intersection,Pluie légère,Deux véhicules - arrière,,,,,,,,,,,1,2,1,2,2
200500061441,0005-09-17 21:00:00,5,9,17,21,0,940,48.0,"57, PIERRE BEZANCON (R)",,,Nuit avec éclairage non allumé,En agglomération,Hors intersection,Normale,Sans collision,,,,,,,,,,,4,2,1,1,7
200500061442,0005-09-21 18:40:00,5,9,21,18,40,940,44.0,BREVANNES (R DE),,,Plein jour,En agglomération,Intersection en T,Normale,Deux véhicules - côté,,,,,,,,,,,1,2,3,1,3
200500061443,0005-09-17 08:20:00,5,9,17,8,20,940,71.0,"08, JEAN MOULIN (R)",,,Plein jour,En agglomération,Hors intersection,Normale,Deux véhicules - côté,,,,,,,,,,,1,2,1,1,3
200500061444,0005-09-29 06:55:00,5,9,29,6,55,940,44.0,GABRIEL PERI (AV),,,Crépuscule ou aube,En agglomération,Hors intersection,Pluie légère,Deux véhicules - arrière,,,,,,,,,,,2,2,1,2,2
200500061445,0005-09-20 19:35:00,5,9,20,19,35,940,71.0,PARIS (R DE),,,Crépuscule ou aube,En agglomération,Intersection en T,Normale,Deux véhicules - côté,,,,,,,,,,,2,2,3,1,3
200500061446,0005-09-29 06:35:00,5,9,29,6,35,940,44.0,"5, GENERAL LECLERC (AV D",,,Nuit avec éclairage allumé,En agglomération,Hors intersection,Pluie légère,Autre collision,,,,,,,,,,,5,2,1,2,6
200500061447,0005-09-30 20:00:00,5,9,30,20,0,940,44.0,"19, LEON REVILLON (BD)",,,Nuit avec éclairage allumé,En agglomération,Hors intersection,Pluie forte,Autre collision,,,,,,,,,,,5,2,1,3,6
200500061448,0005-09-30 19:00:00,5,9,30,19,0,940,44.0,DESCARTES (AV),,,Plein jour,En agglomération,Hors intersection,Pluie légère,Trois véhicules et plus - collisions multiples,,,,,,,,,,,1,2,1,2,5
200500061449,0005-09-04 15:10:00,5,9,4,15,10,940,48.0,route nationale 19,,,Plein jour,En agglomération,Hors intersection,Normale,Deux véhicules - côté,,,,,,,,,,,1,2,1,1,3
200500061450,0005-09-07 15:15:00,5,9,7,15,15,940,48.0,"0, route nationale 19",,,Plein jour,En agglomération,Intersection en X,Normale,Deux véhicules - arrière,,,,,,,,,,,1,2,2,1,2
200500061451,0005-09-28 16:05:00,5,9,28,16,5,940,70.0,PARIS (RTE DE),,,Plein jour,En agglomération,Hors intersection,Normale,Deux véhicules - frontale,,,,,,,,,,,1,2,1,1,1
200500061452,0005-09-02 14:10:00,5,9,2,14,10,940,17.0,"0, JEAN SAVU (R)",,,Plein jour,En agglomération,Intersection en X,Normale,Deux véhicules - côté,,,,,,,,,,,1,2,2,1,3
200500061453,0005-09-11 12:45:00,5,9,11,12,45,940,17.0,THERESE (AV),,,Plein jour,En agglomération,Intersection en T,Normale,Autre collision,,,,,,,,,,,1,2,3,1,6
200500061454,0005-09-19 16:40:00,5,9,19,16,40,940,17.0,COLOMBE HARDELET (AV),,,Plein jour,En agglomération,Intersection en X,Normale,Deux véhicules - côté,,,,,,,,,,,1,2,2,1,3
200500061455,0005-09-21 08:50:00,5,9,21,8,50,940,17.0,SONIA DE LAUNAY (VOI),,,Plein jour,En agglomération,Intersection en X,Normale,Deux véhicules - arrière,,,,,,,,,,,1,2,2,1,2
200500061456,0005-09-23 15:20:00,5,9,23,15,20,940,17.0,"0, SONIA DE LAUNAY (VOI)",,,Plein jour,En agglomération,Intersection en X,Normale,Deux véhicules - arrière,,,,,,,,,,,1,2,2,1,2
200500061457,0005-09-24 08:50:00,5,9,24,8,50,940,17.0,"13, JEAN JAURES (R)",,,Plein jour,En agglomération,Hors intersection,Normale,Deux véhicules - arrière,,,,,,,,,,,1,2,1,1,2
200500061458,0005-09-03 17:55:00,5,9,3,17,55,940,18.0,"31, MARECHAL DE LATTRE D",,,Plein jour,En agglomération,Hors intersection,Normale,Deux véhicules - arrière,,,,,,,,,,,1,2,1,1,2
200500061459,0005-09-11 14:30:00,5,9,11,14,30,940,69.0,"131, MARECHAL LECLERC (R",,,Plein jour,En agglomération,Hors intersection,Pluie légère,Autre collision,,,,,,,,,,,1,2,1,2,6
200500061460,0005-09-09 17:05:00,5,9,9,17,5,940,18.0,L'EST (AUT DE),,,Plein jour,En agglomération,Hors intersection,Normale,Deux véhicules - côté,,,,,,,,,,,1,2,1,1,3
200500061461,0005-09-08 17:30:00,5,9,8,17,30,940,69.0,"55, MARECHAL LECLERC (R",,,Plein jour,En agglomération,Hors intersection,Normale,Deux véhicules - côté,,,,,,,,,,,1,2,1,1,3
200500061462,0005-09-28 17:50:00,5,9,28,17,50,940,18.0,BERCY (QU DE),,,Plein jour,En agglomération,Hors intersection,Normale,Sans collision,,,,,,,,,,,1,2,1,1,7
200500061463,0005-09-30 20:30:00,5,9,30,20,30,940,69.0,MARECHAL DE LATTRE DE TA,,,Nuit avec éclairage allumé,En agglomération,Intersection en T,Normale,Deux véhicules - côté,,,,,,,,,,,5,2,3,1,3
200500061464,0005-09-06 16:40:00,5,9,6,16,40,940,79.0,BRY (RTE DE),,,Plein jour,En agglomération,Intersection en T,Normale,Deux véhicules - côté,,,,,,,,,,,1,2,3,1,3
200500061465,0005-09-07 17:25:00,5,9,7,17,25,940,60.0,GENERAL DE GAULLE (R DU),,,Plein jour,En agglomération,Hors intersection,Normale,Deux véhicules - côté,,,,,,,,,,,1,2,1,1,3
200500061466,0005-09-07 18:45:00,5,9,7,18,45,940,79.0,"1, JEAN MONNET (BD)",,,Plein jour,En agglomération,Autre intersection,Normale,Deux véhicules - côté,,,,,,,,,,,1,2,9,1,3
200500061467,0005-09-10 19:30:00,5,9,10,19,30,940,79.0,BRY (RTE DE),,,Nuit avec éclairage non allumé,En agglomération,Hors intersection,Normale,Sans collision,,,,,,,,,,,4,2,1,1,7
200500061468,0005-09-17 14:00:00,5,9,17,14,0,940,55.0,CENTRE (R DU),,,Plein jour,En agglomération,Intersection en X,Normale,Deux véhicules - côté,,,,,,,,,,,1,2,2,1,3
200500061469,0005-09-19 08:55:00,5,9,19,8,55,940,79.0,"74, JEAN JAURES (R)",,,Plein jour,En agglomération,Hors intersection,Normale,Deux véhicules - arrière,,,,,,,,,,,1,2,1,1,2
200500061470,0005-09-19 18:50:00,5,9,19,18,50,940,59.0,MARECHALE (AV DE LA),,,Plein jour,En agglomération,Hors intersection,Normale,Deux véhicules - côté,,,,,,,,,,,1,2,1,1,3
200500061471,0005-09-21 09:00:00,5,9,21,9,0,940,59.0,"29, MAURICE BERTEAUX (AV",,,Plein jour,En agglomération,Hors intersection,Normale,Deux véhicules - arrière,,,,,,,,,,,1,2,1,1,2
200500061472,0005-09-20 08:52:00,5,9,20,8,52,940,59.0,"27, Andre Rouy (AV)",,,Plein jour,En agglomération,Hors intersection,Normale,Deux véhicules - côté,,,,,,,,,,,1,2,1,1,3
200500061473,0005-09-25 09:40:00,5,9,25,9,40,940,55.0,DANIELLE CASANOVA (R),,,Plein jour,En agglomération,Hors intersection,Normale,Deux véhicules - côté,,,,,,,,,,,1,2,1,1,3
200500061474,0005-09-25 18:58:00,5,9,25,18,58,940,53.0,"01, JEAN MOULIN (R)",,,Crépuscule ou aube,En agglomération,Intersection en T,Normale,Deux véhicules - côté,,,,,,,,,,,2,2,3,1,3
200500061475,0005-09-30 13:40:00,5,9,30,13,40,940,79.0,Rue du General Gallieni,,,Plein jour,En agglomération,Intersection en Y,Normale,Deux véhicules - côté,,,,,,,,,,,1,2,4,1,3
200500061476,0005-09-30 18:20:00,5,9,30,18,20,940,55.0,"15, OLIVIER D ORMESSON (",,,Plein jour,En agglomération,Hors intersection,Normale,Deux véhicules - frontale,,,,,,,,,,,1,2,1,1,1
200500061477,0005-09-06 08:30:00,5,9,6,8,30,940,22.0,"0, ALLIES (BD DES)",,,Plein jour,En agglomération,Hors intersection,Pluie légère,Deux véhicules - côté,,,,,,,,,,,1,2,1,2,3
200500061478,0005-09-06 08:45:00,5,9,6,8,45,940,54.0,"12, CHARLES TILLON (rout",,,Plein jour,En agglomération,Hors intersection,Normale,Autre collision,,,,,,,,,,,1,2,1,1,6
200500061479,0005-09-07 22:15:00,5,9,7,22,15,940,22.0,ALLIES (BD DES),,,Nuit avec éclairage allumé,En agglomération,Hors intersection,Normale,Deux véhicules - côté,,,,,,,,,,,5,2,1,1,3
200500061480,0005-09-10 14:50:00,5,9,10,14,50,940,22.0,"22 BIS, DOCTEUR ROUX (R",,,Plein jour,En agglomération,Hors intersection,Normale,Autre collision,,,,,,,,,,,1,2,1,1,6
200500061481,0005-09-17 12:10:00,5,9,17,12,10,940,22.0,"21, NEWBURN (AV DE)",,,Plein jour,En agglomération,Intersection en X,Normale,Deux véhicules - arrière,,,,,,,,,,,1,2,2,1,2
200500061482,0005-09-18 14:05:00,5,9,18,14,5,940,22.0,JEAN JAURES (R),,,Plein jour,En agglomération,Hors intersection,Normale,Autre collision,,,,,,,,,,,1,2,1,1,6
200500061483,0005-09-20 09:45:00,5,9,20,9,45,940,22.0,RONDU (AV),,,Plein jour,En agglomération,Hors intersection,Normale,Autre collision,,,,,,,,,,,1,2,1,1,6
200500061484,0005-09-23 15:45:00,5,9,23,15,45,940,54.0,"0, MARCEL CACHIN (AV)",,,Plein jour,En agglomération,Hors intersection,Normale,Autre collision,,,,,,,,,,,1,2,1,1,6
200500061485,0005-09-25 13:15:00,5,9,25,13,15,940,22.0,VICTOR HUGO (AV),,,Plein jour,En agglomération,Intersection en X,Normale,Deux véhicules - côté,,,,,,,,,,,1,2,2,1,3
200500061486,0005-09-27 07:15:00,5,9,27,7,15,940,54.0,CHARLES TILLON (route),,,Plein jour,En agglomération,Hors intersection,Normale,Autre collision,,,,,,,,,,,1,2,1,1,6
200500061487,0005-09-29 20:00:00,5,9,29,20,0,940,22.0,"0, REPUBLIQUE (AV DE LA)",,,Nuit avec éclairage allumé,En agglomération,Hors intersection,Normale,Autre collision,,,,,,,,,,,5,2,1,1,6
200500061488,0005-09-02 16:30:00,5,9,2,16,30,940,28.0,CHOISY(ROUTE DE),,,Plein jour,En agglomération,Hors intersection,Normale,Autre collision,,,,,,,,,,,1,2,1,1,6
200500061489,0005-09-03 05:00:00,5,9,3,5,0,940,28.0,HALPERN.(AVENUE BERNARD),,,Nuit avec éclairage allumé,En agglomération,Hors intersection,Normale,Autre collision,,,,,,,,,,,5,2,1,1,6
200500061490,0005-09-05 21:30:00,5,9,5,21,30,940,28.0,"57a, MESLY.(RUE DE)",,,Crépuscule ou aube,En agglomération,Hors intersection,Pluie légère,Deux véhicules - frontale,,,,,,,,,,,2,2,1,2,1
200500061491,0005-09-05 12:50:00,5,9,5,12,50,940,28.0,"0, GAULLE(AVENUE DU GENE",,,Plein jour,En agglomération,Hors intersection,Pluie légère,Autre collision,,,,,,,,,,,1,2,1,2,6
200500061492,0005-09-08 06:15:00,5,9,8,6,15,940,28.0,VIOLETTES(RUE DES),,,Crépuscule ou aube,En agglomération,Hors intersection,Normale,Autre collision,,,,,,,,,,,2,2,1,1,6
200500061493,0005-09-07 10:00:00,5,9,7,10,0,940,28.0,CHOISY(ROUTE DE),,,Plein jour,En agglomération,Hors intersection,Normale,Deux véhicules - côté,,,,,,,,,,,1,2,1,1,3
200500061494,0005-09-08 09:40:00,5,9,8,9,40,940,28.0,"0, FOCH(AVENUE DU MARECH",,,Plein jour,Hors agglomération,Hors intersection,Normale,Deux véhicules - arrière,,,,,,,,,,,1,1,1,1,2
200500061495,0005-09-07 17:40:00,5,9,7,17,40,940,11.0,"0, RHIN ET DANUBE(RUE DU",,,Plein jour,En agglomération,Hors intersection,Normale,Autre collision,,,,,,,,,,,1,2,1,1,6
200500061496,0005-09-08 12:15:00,5,9,8,12,15,940,28.0,CHOISY(ROUTE DE),,,Plein jour,En agglomération,Hors intersection,Normale,Autre collision,,,,,,,,,,,1,2,1,1,6
200500061497,0005-09-10 15:45:00,5,9,10,15,45,940,28.0,POMPADOUR(ROUTE DE LA),,,Plein jour,En agglomération,Hors intersection,Pluie légère,Deux véhicules - arrière,,,,,,,,,,,1,2,1,2,2
200500061498,0005-09-08 17:45:00,5,9,8,17,45,940,28.0,"0, CHOISY(ROUTE DE)",,,Plein jour,En agglomération,Hors intersection,Normale,Deux véhicules - arrière,,,,,,,,,,,1,2,1,1,2
200500061499,0005-09-12 13:45:00,5,9,12,13,45,940,28.0,"96, SAVAR.(RUE JULIETTE)",,,Plein jour,En agglomération,Hors intersection,Normale,Autre collision,,,,,,,,,,,1,2,1,1,6
200500061500,0005-09-15 15:30:00,5,9,15,15,30,940,28.0,"0, ARCOS.(RUE RENE)",,,Crépuscule ou aube,Hors agglomération,Hors intersection,Normale,Deux véhicules - arrière,,,,,,,,,,,2,1,1,1,2
200500061501,0005-09-16 08:20:00,5,9,16,8,20,940,28.0,"140, LAFERRIERE(AVENUE)",,,Plein jour,En agglomération,Hors intersection,Normale,Autre collision,,,,,,,,,,,1,2,1,1,6
200500061502,0005-09-19 15:30:00,5,9,19,15,30,940,28.0,"97, FOCH(AVENUE DU MAREC",,,Plein jour,En agglomération,Hors intersection,Normale,Deux véhicules - côté,,,,,,,,,,,1,2,1,1,3
200500061503,0005-09-18 00:55:00,5,9,18,0,55,940,28.0,"0, BILLOTTE.(AVE DU GAL",,,Nuit avec éclairage non allumé,En agglomération,Hors intersection,Normale,Deux véhicules - côté,,,,,,,,,,,4,2,1,1,3
200500061504,0005-09-21 10:05:00,5,9,21,10,5,940,28.0,ECHAT(RUE DE L'),,,Plein jour,En agglomération,Hors intersection,Normale,Autre collision,,,,,,,,,,,1,2,1,1,6
200500061505,0005-09-22 11:30:00,5,9,22,11,30,940,28.0,HALPERN.(AVENUE BERNARD),,,Plein jour,En agglomération,Hors intersection,Normale,Autre collision,,,,,,,,,,,1,2,1,1,6
200500061506,0005-09-22 14:30:00,5,9,22,14,30,940,28.0,"0, HALPERN.(AVENUE BERNA",,,Plein jour,En agglomération,Hors intersection,Normale,Deux véhicules - arrière,,,,,,,,,,,1,2,1,1,2
200500061507,0005-09-23 16:50:00,5,9,23,16,50,940,28.0,MECHES.(RUE DES),,,Plein jour,En agglomération,Hors intersection,Normale,Trois véhicules et plus - en chaîne,,,,,,,,,,,1,2,1,1,4
200500061508,0005-09-26 01:55:00,5,9,26,1,55,940,28.0,ARCOS.(RUE RENE),,,Nuit avec éclairage allumé,En agglomération,Intersection en X,Normale,Deux véhicules - côté,,,,,,,,,,,5,2,2,1,3
200500061509,0005-09-23 21:20:00,5,9,23,21,20,940,33.0,NEUILLY (AV DE),,,Crépuscule ou aube,En agglomération,Hors intersection,Normale,Deux véhicules - côté,,,,,,,,,,,2,2,1,1,3
200500061510,0005-09-02 13:20:00,5,9,2,13,20,940,76.0,"3 ter, HENRI BARBUSSE (R",,,Plein jour,En agglomération,Hors intersection,Normale,Autre collision,,,,,,,,,,,1,2,1,1,6
200500061511,0005-09-02 19:35:00,5,9,2,19,35,940,76.0,DOCTEUR PINEL (R DU),,,Plein jour,En agglomération,Hors intersection,Normale,Deux véhicules - côté,,,,,,,,,,,1,2,1,1,3
200500061512,0005-09-02 16:55:00,5,9,2,16,55,940,43.0,"1, GABRIEL PERI (R)",,,Plein jour,En agglomération,Intersection en X,Normale,Sans collision,,,,,,,,,,,1,2,2,1,7
200500061513,0005-09-07 11:15:00,5,9,7,11,15,940,3.0,"44, FRANCOIS VINCENT RAS",,,Plein jour,En agglomération,Hors intersection,Normale,Sans collision,,,,,,,,,,,1,2,1,1,7
200500061514,0005-09-10 02:45:00,5,9,10,2,45,940,37.0,"00, JEAN JAURES (AV)",,,Nuit avec éclairage allumé,En agglomération,Hors intersection,Normale,Autre collision,,,,,,,,,,,5,2,1,1,6
200500061515,0005-09-12 23:00:00,5,9,12,23,0,940,76.0,"18, REPUBLIQUE (AV DE LA",,,Nuit avec éclairage allumé,En agglomération,Hors intersection,Normale,Autre collision,,,,,,,,,,,5,2,1,1,6
200500061516,0005-09-18 18:20:00,5,9,18,18,20,940,76.0,"92, VERDUN (R DE)",,,Plein jour,En agglomération,Hors intersection,Normale,Deux véhicules - côté,,,,,,,,,,,1,2,1,1,3
200500061517,0005-09-20 16:30:00,5,9,20,16,30,940,16.0,"61, PRESIDENT WILSON (AV",,,Plein jour,En agglomération,Hors intersection,Normale,Deux véhicules - frontale,,,,,,,,,,,1,2,1,1,1
200500061518,0005-09-27 07:35:00,5,9,27,7,35,940,76.0,"1, PAUL VAILLANT COUTURI",,,Nuit avec éclairage allumé,En agglomération,Intersection en X,Normale,Autre collision,,,,,,,,,,,5,2,2,1,6
200500061519,0005-09-29 07:55:00,5,9,29,7,55,940,43.0,"1, MARCEL SEMBAT (R)",,,Plein jour,En agglomération,Intersection en X,Normale,Deux véhicules - côté,,,,,,,,,,,1,2,2,1,3
200500061520,0005-09-02 21:20:00,5,9,2,21,20,940,73.0,"58, JEAN JAURES (R)",,,Nuit avec éclairage allumé,En agglomération,Intersection en T,Normale,Deux véhicules - frontale,,,,,,,,,,,5,2,3,1,1
200500061521,0005-09-05 17:05:00,5,9,5,17,5,940,73.0,ROUGET DE LISLE (ALL),,,Plein jour,En agglomération,Hors intersection,Normale,Autre collision,,,,,,,,,,,1,2,1,1,6
200500061522,0005-09-07 16:15:00,5,9,7,16,15,940,73.0,ALOUETTES (R DES),,,Plein jour,En agglomération,Hors intersection,Normale,Autre collision,,,,,,,,,,,1,2,1,1,6
200500061523,0005-09-13 08:10:00,5,9,13,8,10,940,65.0,CHARLES LINDBERGH (AV),,,Plein jour,En agglomération,Intersection en T,Normale,Deux véhicules - frontale,,,,,,,,,,,1,2,3,1,1
200500061524,0005-09-16 10:50:00,5,9,16,10,50,940,65.0,RN 186,,,Plein jour,En agglomération,Autre intersection,Pluie forte,Autre collision,,,,,,,,,,,1,2,9,3,6
200500061525,0005-09-20 19:45:00,5,9,20,19,45,940,21.0,NIVERNAIS (R DU),,,Plein jour,En agglomération,Intersection en T,Normale,Autre collision,,,,,,,,,,,1,2,3,1,6
200500061526,0005-09-20 14:00:00,5,9,20,14,0,940,65.0,NOTRE DAME (R),,,Plein jour,En agglomération,Intersection en T,Normale,Autre collision,,,,,,,,,,,1,2,3,1,6
200500061527,0005-09-21 12:00:00,5,9,21,12,0,940,73.0,ESPAGNE (RPT D),,,Plein jour,En agglomération,Hors intersection,Normale,Deux véhicules - arrière,,,,,,,,,,,1,2,1,1,2
200500061528,0005-09-22 16:50:00,5,9,22,16,50,940,65.0,QUAI DE LORIENT,,,Plein jour,En agglomération,Intersection en T,Normale,Deux véhicules - côté,,,,,,,,,,,1,2,3,1,3
200500061529,0005-09-23 07:40:00,5,9,23,7,40,940,65.0,CHARLES LINDBERGH (AV),,,Crépuscule ou aube,En agglomération,Hors intersection,Normale,Deux véhicules - côté,,,,,,,,,,,2,2,1,1,3
200500061530,0005-09-23 14:30:00,5,9,23,14,30,940,34.0,REGARD (R DU),,,Plein jour,En agglomération,Hors intersection,Normale,Autre collision,,,,,,,,,,,1,2,1,1,6
200500061531,0005-09-27 16:35:00,5,9,27,16,35,940,21.0,"20, NIVERNAIS (R DU)",,,Plein jour,En agglomération,Hors intersection,Normale,Autre collision,,,,,,,,,,,1,2,1,1,6
200500061532,0005-09-29 18:20:00,5,9,29,18,20,940,73.0,avenue Franklin Roosevel,,,Plein jour,En agglomération,Hors intersection,Normale,Deux véhicules - arrière,,,,,,,,,,,1,2,1,1,2
200500061533,0005-09-06 18:35:00,5,9,6,18,35,940,41.0,"22, LOUIS BERTRAND (R)",,,Plein jour,En agglomération,Hors intersection,Normale,Sans collision,,,,,,,,,,,1,2,1,1,7
200500061534,0005-09-08 17:00:00,5,9,8,17,0,940,41.0,"11, GAGNEE (R)",,,Plein jour,En agglomération,Hors intersection,Normale,Sans collision,,,,,,,,,,,1,2,1,1,7
200500061535,0005-09-19 21:30:00,5,9,19,21,30,940,41.0,"37, MIRABEAU (R)",,,Crépuscule ou aube,En agglomération,Hors intersection,Normale,Autre collision,,,,,,,,,,,2,2,1,1,6
200500061536,0005-09-23 09:20:00,5,9,23,9,20,940,41.0,"5, SAINT JUST (R)",,,Plein jour,En agglomération,Intersection en X,Normale,Deux véhicules - côté,,,,,,,,,,,1,2,2,1,3
200500061537,0005-09-25 15:35:00,5,9,25,15,35,940,41.0,PAUL ANDRIEUX (R),,,Plein jour,En agglomération,Hors intersection,Normale,Sans collision,,,,,,,,,,,1,2,1,1,7
200500061538,0005-09-04 20:30:00,5,9,4,20,30,940,41.0,MARCEL BOYER (QU),,,Crépuscule ou aube,En agglomération,Hors intersection,Normale,Deux véhicules - côté,,,,,,,,,,,2,2,1,1,3
200500061539,0005-09-10 16:30:00,5,9,10,16,30,940,41.0,"81, GEORGES GOSNAT (AV)",,,Plein jour,En agglomération,Intersection en T,Pluie légère,Deux véhicules - côté,,,,,,,,,,,1,2,3,2,3
200500061540,0005-09-02 17:45:00,5,9,2,17,45,940,46.0,"159, GENERAL LECLERC (AV",,,Plein jour,En agglomération,Hors intersection,Normale,Autre collision,,,,,,,,,,,1,2,1,1,6
200500061541,0005-09-13 19:30:00,5,9,13,19,30,940,46.0,"5, JOFFRE (AV)",,,Crépuscule ou aube,En agglomération,Hors intersection,Normale,Deux véhicules - côté,,,,,,,,,,,2,2,1,1,3
200500061542,0005-09-14 17:20:00,5,9,14,17,20,940,46.0,"145, JEAN JAURES (R)",,,Plein jour,En agglomération,Hors intersection,Normale,Autre collision,,,,,,,,,,,1,2,1,1,6
200500061543,0005-09-15 15:50:00,5,9,15,15,50,940,46.0,"180, JEAN JAURES (R)",,,Plein jour,En agglomération,Hors intersection,Normale,Autre collision,,,,,,,,,,,1,2,1,1,6
200500061544,0005-09-16 17:20:00,5,9,16,17,20,940,46.0,"229, GENERAL LECLERC (AV",,,Plein jour,En agglomération,Intersection en T,Normale,Deux véhicules - côté,,,,,,,,,,,1,2,3,1,3
200500061545,0005-09-23 08:45:00,5,9,23,8,45,940,46.0,"119, REPUBLIQUE (AV DE L",,,Plein jour,En agglomération,Hors intersection,Normale,Deux véhicules - côté,,,,,,,,,,,1,2,1,1,3
200500061546,0005-09-27 18:35:00,5,9,27,18,35,940,46.0,"00, GENERAL DE GAULLE (A",,,Plein jour,En agglomération,Intersection en T,Pluie légère,Deux véhicules - côté,,,,,,,,,,,1,2,3,2,3
200500061547,0005-09-30 19:00:00,5,9,30,19,0,940,46.0,"00, GENERAL DE GAULLE (A",,,Crépuscule ou aube,En agglomération,Intersection en T,Pluie légère,Autre collision,,,,,,,,,,,2,2,3,2,6
200500061548,0005-09-28 17:10:00,5,9,28,17,10,940,46.0,"2 bis, RODIER (R)",,,Plein jour,En agglomération,Hors intersection,Normale,Deux véhicules - frontale,,,,,,,,,,,1,2,1,1,1
200500061549,0005-09-29 10:00:00,5,9,29,10,0,940,46.0,"00, PROFESSEUR CADIOT (A",,,Plein jour,En agglomération,Hors intersection,Normale,Autre collision,,,,,,,,,,,1,2,1,1,6
200500061550,0005-09-15 17:55:00,5,9,15,17,55,940,52.0,ALSACE LORRAINE (BD D),,,Plein jour,En agglomération,Hors intersection,Normale,Autre collision,,,,,,,,,,,1,2,1,1,6
200500061551,0005-09-21 18:00:00,5,9,21,18,0,940,15.0,FRANCHETTI (R),,,Plein jour,En agglomération,Hors intersection,Normale,Deux véhicules - arrière,,,,,,,,,,,1,2,1,1,2
200500061552,0005-09-24 17:40:00,5,9,24,17,40,940,52.0,"99, ALSACE LORRAINE (BD",,,Plein jour,En agglomération,Hors intersection,Normale,Deux véhicules - arrière,,,,,,,,,,,1,2,1,1,2
200500061553,0005-09-25 11:00:00,5,9,25,11,0,940,52.0,"9, MARECHAL JOFFRE (AV D",,,Plein jour,En agglomération,Hors intersection,Normale,Deux véhicules - arrière,,,,,,,,,,,1,2,1,1,2
200500061554,0005-09-30 17:15:00,5,9,30,17,15,940,52.0,"123, STRASBOURG (BD DE)",,,Plein jour,En agglomération,Hors intersection,Pluie légère,Autre collision,,,,,,,,,,,1,2,1,2,6
200500061555,0005-09-08 14:30:00,5,9,8,14,30,940,68.0,CHAMPIGNOL (QU DE),,,Plein jour,En agglomération,Intersection en X,Normale,Deux véhicules - côté,,,,,,,,,,,1,2,2,1,3
200500061556,0005-09-12 08:03:00,5,9,12,8,3,940,68.0,JEANNE D ARC (AV),,,Plein jour,En agglomération,Hors intersection,Pluie légère,Deux véhicules - arrière,,,,,,,,,,,1,2,1,2,2
200500061557,0005-09-22 10:55:00,5,9,22,10,55,940,68.0,"122, CHAMPIGNY (BD DE)",,,Plein jour,En agglomération,Hors intersection,Normale,Autre collision,,,,,,,,,,,1,2,1,1,6
200500061558,0005-09-27 19:40:00,5,9,27,19,40,940,68.0,"1, ALMA (AV DE L)",,,Nuit avec éclairage allumé,En agglomération,Hors intersection,Pluie légère,Deux véhicules - arrière,,,,,,,,,,,5,2,1,2,2
200500061559,0005-09-30 21:15:00,5,9,30,21,15,940,68.0,"89, RABELAIS (BD)",,,Nuit avec éclairage allumé,En agglomération,Hors intersection,Pluie forte,Deux véhicules - arrière,,,,,,,,,,,5,2,1,3,2