accident_id,datetime,annee,mois,jour,heure,minute,departement,commune_insee,adresse,latitude,longitude,luminosite,agglomeration,intersection,meteo,collision,nb_vehicules,nb_usagers,nb_indemnes,nb_tues,nb_blesses_hosp,nb_blesses_legers,age_cond_1,age_cond_2,veh_type_cond_1,veh_type_cond_2,lum_code,agg_code,int_code,atm_code,col_code
200500061692,0005-09-10 17:00:00,5,9,10,17,0,770,294.0,A104,,,Plein jour,Hors agglomération,Hors intersection,Pluie légère,Autre collision,,,,,,,,,,,1,1,1,2,6
200500061693,0005-09-11 14:30:00,5,9,11,14,30,940,79.0,A4,,,Plein jour,Hors agglomération,Hors intersection,Pluie forte,Deux véhicules - arrière,,,,,,,,,,,1,1,1,3,2
200500061694,0005-09-11 15:30:00,5,9,11,15,30,770,121.0,A104,,,Plein jour,Hors agglomération,Hors intersection,Temps couvert,Autre collision,,,,,,,,,,,1,1,1,8,6
200500061695,0005-09-12 01:35:00,5,9,12,1,35,770,169.0,RN104,,,Nuit sans éclairage public,Hors agglomération,Autre intersection,Pluie légère,Autre collision,,,,,,,,,,,3,1,9,2,6
200500061696,0005-09-12 06:10:00,5,9,12,6,10,940,74.0,RN406.W,,,Nuit avec éclairage allumé,Hors agglomération,Hors intersection,Pluie légère,Sans collision,,,,,,,,,,,5,1,1,2,7
200500061697,0005-09-13 12:40:00,5,9,13,12,40,940,28.0,A86,,,Plein jour,Hors agglomération,Hors intersection,Normale,Autre collision,,,,,,,,,,,1,1,1,1,6
200500061698,0005-09-14 12:10:00,5,9,14,12,10,750,112.0,A4,,,Plein jour,Hors agglomération,Hors intersection,Normale,Deux véhicules - côté,,,,,,,,,,,1,1,1,1,3
200500061699,0005-09-14 17:35:00,5,9,14,17,35,770,294.0,A104,,,Plein jour,Hors agglomération,Hors intersection,Normale,Deux véhicules - côté,,,,,,,,,,,1,1,1,1,3
200500061700,0005-09-15 09:00:00,5,9,15,9,0,940,65.0,A86,,,Plein jour,Hors agglomération,Hors intersection,Pluie légère,Deux véhicules - côté,,,,,,,,,,,1,1,1,2,3
200500061701,0005-09-15 11:45:00,5,9,15,11,45,940,42.0,A4,,,Plein jour,Hors agglomération,Hors intersection,Normale,Trois véhicules et plus - collisions multiples,,,,,,,,,,,1,1,1,1,5
200500061702,0005-09-15 18:20:00,5,9,15,18,20,940,65.0,A86,,,Plein jour,Hors agglomération,Hors intersection,Normale,Deux véhicules - arrière,,,,,,,,,,,1,1,1,1,2
200500061703,0005-09-16 18:00:00,5,9,16,18,0,940,65.0,A86,,,Plein jour,Hors agglomération,Hors intersection,Normale,Trois véhicules et plus - en chaîne,,,,,,,,,,,1,1,1,1,4
200500061704,0005-09-18 19:15:00,5,9,18,19,15,940,17.0,A4,,,Plein jour,Hors agglomération,Hors intersection,Normale,Deux véhicules - frontale,,,,,,,,,,,1,1,1,1,1
200500061705,0005-09-25 15:15:00,5,9,25,15,15,940,42.0,A4,,,Plein jour,Hors agglomération,Hors intersection,Normale,Deux véhicules - arrière,,,,,,,,,,,1,1,1,1,2
200500061706,0005-09-19 17:00:00,5,9,19,17,0,940,22.0,A86,,,Plein jour,Hors agglomération,Hors intersection,Normale,Autre collision,,,,,,,,,,,1,1,1,1,6
200500061707,0005-09-20 07:30:00,5,9,20,7,30,940,28.0,A86,,,Plein jour,Hors agglomération,Hors intersection,Normale,Trois véhicules et plus - collisions multiples,,,,,,,,,,,1,1,1,1,5
200500061708,0005-09-20 18:15:00,5,9,20,18,15,940,33.0,A86.INT,,,Plein jour,Hors agglomération,Hors intersection,Normale,Deux véhicules - côté,,,,,,,,,,,1,1,1,1,3
200500061709,0005-09-21 18:30:00,5,9,21,18,30,770,294.0,A104,,,Plein jour,Hors agglomération,Hors intersection,Normale,Trois véhicules et plus - en chaîne,,,,,,,,,,,1,1,1,1,4
200500061710,0005-09-21 18:31:00,5,9,21,18,31,770,294.0,A104,,,Plein jour,Hors agglomération,Hors intersection,Normale,Trois véhicules et plus - collisions multiples,,,,,,,,,,,1,1,1,1,5
200500061711,0005-09-21 22:30:00,5,9,21,22,30,940,44.0,RN406.W,,,Nuit avec éclairage allumé,Hors agglomération,Hors intersection,Normale,Sans collision,,,,,,,,,,,5,1,1,1,7
200500061712,0005-09-23 17:15:00,5,9,23,17,15,940,28.0,A86,,,Plein jour,Hors agglomération,Hors intersection,Normale,Deux véhicules - côté,,,,,,,,,,,1,1,1,1,3
200500061713,0005-09-24 02:40:00,5,9,24,2,40,770,258.0,A4.W,,,Nuit avec éclairage allumé,Hors agglomération,Hors intersection,Normale,Deux véhicules - arrière,,,,,,,,,,,5,1,1,1,2
200500061714,0005-09-26 20:20:00,5,9,26,20,20,940,65.0,A86,,,Nuit avec éclairage non allumé,Hors agglomération,Hors intersection,Normale,Deux véhicules - côté,,,,,,,,,,,4,1,1,1,3
200500061715,0005-09-27 15:45:00,5,9,27,15,45,940,17.0,A4,,,Plein jour,Hors agglomération,Hors intersection,Normale,Trois véhicules et plus - en chaîne,,,,,,,,,,,1,1,1,1,4
200500061716,0005-09-27 22:15:00,5,9,27,22,15,940,69.0,A4,,,Nuit avec éclairage non allumé,Hors agglomération,Hors intersection,Temps couvert,Autre collision,,,,,,,,,,,4,1,1,8,6
200500061717,0005-09-28 01:10:00,5,9,28,1,10,940,11.0,RN406.W,,,Nuit avec éclairage allumé,Hors agglomération,Hors intersection,Normale,Sans collision,,,,,,,,,,,5,1,1,1,7
200500061718,0005-09-28 09:00:00,5,9,28,9,0,770,169.0,A4.Y,,,Plein jour,Hors agglomération,Hors intersection,Normale,Deux véhicules - arrière,,,,,,,,,,,1,1,1,1,2
200500061719,0005-09-28 18:05:00,5,9,28,18,5,940,33.0,A86.EXT,,,Plein jour,Hors agglomération,Hors intersection,Normale,Deux véhicules - arrière,,,,,,,,,,,1,1,1,1,2
200500061720,0005-09-28 18:45:00,5,9,28,18,45,770,468.0,A104,,,Crépuscule ou aube,Hors agglomération,Hors intersection,Pluie légère,Deux véhicules - côté,,,,,,,,,,,2,1,1,2,3
200500061721,0005-09-26 14:35:00,5,9,26,14,35,940,73.0,A86,,,Plein jour,Hors agglomération,Hors intersection,Normale,Deux véhicules - côté,,,,,,,,,,,1,1,1,1,3
200500061722,0005-09-30 05:30:00,5,9,30,5,30,770,237.0,A4,,,Nuit avec éclairage allumé,Hors agglomération,Hors intersection,Normale,Deux véhicules - arrière,,,,,,,,,,,5,1,1,1,2
200500061723,0005-09-30 08:00:00,5,9,30,8,0,940,28.0,A86,,,Plein jour,Hors agglomération,Hors intersection,Normale,Deux véhicules - côté,,,,,,,,,,,1,1,1,1,3
200500061724,0005-09-30 09:47:00,5,9,30,9,47,940,28.0,A86,,,Plein jour,Hors agglomération,Hors intersection,Normale,Trois véhicules et plus - collisions multiples,,,,,,,,,,,1,1,1,1,5
200500061725,0005-09-30 19:00:00,5,9,30,19,0,770,372.0,A104,,,Crépuscule ou aube,Hors agglomération,Hors intersection,Pluie légère,Autre collision,,,,,,,,,,,2,1,1,2,6
200500061726,0005-09-30 23:30:00,5,9,30,23,30,940,18.0,A4,,,Nuit avec éclairage allumé,Hors agglomération,Hors intersection,Pluie forte,Sans collision,,,,,,,,,,,5,1,1,3,7
200500061727,0005-09-01 11:50:00,5,9,1,11,50,930,1.0,AUTOROUTE A86,,,Plein jour,Hors agglomération,Hors intersection,Normale,Autre collision,,,,,,,,,,,1,1,1,1,6
200500061728,0005-09-01 18:30:00,5,9,1,18,30,950,252.0,AUTOROUTE A115,,,Plein jour,Hors agglomération,Hors intersection,Normale,Deux véhicules - arrière,,,,,,,,,,,1,1,1,1,2
200500061729,0005-09-01 19:30:00,5,9,1,19,30,930,8.0,AUTOROUTE A86,,,Plein jour,Hors agglomération,Hors intersection,Normale,Deux véhicules - côté,,,,,,,,,,,1,1,1,1,3
200500061730,0005-09-02 12:00:00,5,9,2,12,0,930,32.0,AUTOROUTE A3,,,Plein jour,Hors agglomération,Hors intersection,Normale,Deux véhicules - côté,,,,,,,,,,,1,1,1,1,3
200500061731,0005-09-02 20:25:00,5,9,2,20,25,950,306.0,AUTOROUTE A15,,,Nuit avec éclairage allumé,Hors agglomération,Hors intersection,Normale,Autre collision,,,,,,,,,,,5,1,1,1,6
200500061732,0005-09-03 00:45:00,5,9,3,0,45,930,32.0,AUTOROUTE A3,,,Nuit avec éclairage non allumé,Hors agglomération,Hors intersection,Normale,Sans collision,,,,,,,,,,,4,1,1,1,7
200500061733,0005-09-03 13:10:00,5,9,3,13,10,930,1.0,AUTOROUTE A86,,,Plein jour,Hors agglomération,Hors intersection,Normale,Trois véhicules et plus - en chaîne,,,,,,,,,,,1,1,1,1,4
200500061734,0005-09-05 03:00:00,5,9,5,3,0,950,277.0,BIP,,,Nuit sans éclairage public,Hors agglomération,Hors intersection,Normale,Autre collision,,,,,,,,,,,3,1,1,1,6
200500061735,0005-09-04 18:50:00,5,9,4,18,50,950,151.0,R.D. 104,,,Plein jour,Hors agglomération,Hors intersection,Normale,Autre collision,,,,,,,,,,,1,1,1,1,6
200500061736,0005-09-04 08:15:00,5,9,4,8,15,930,53.0,AUTOROUTE A86,,,Plein jour,Hors agglomération,Hors intersection,Normale,Deux véhicules - côté,,,,,,,,,,,1,1,1,1,3
200500061737,0005-09-05 11:15:00,5,9,5,11,15,920,36.0,AUTOROUTE A86,,,Plein jour,Hors agglomération,Hors intersection,Normale,Trois véhicules et plus - collisions multiples,,,,,,,,,,,1,1,1,1,5
200500061738,0005-09-05 09:40:00,5,9,5,9,40,950,212.0,R.D. 104,,,Plein jour,Hors agglomération,Hors intersection,Normale,Trois véhicules et plus - en chaîne,,,,,,,,,,,1,1,1,1,4
200500061739,0005-09-06 08:30:00,5,9,6,8,30,930,66.0,AUTOROUTE A3,,,Plein jour,Hors agglomération,Hors intersection,Temps couvert,Deux véhicules - côté,,,,,,,,,,,1,1,1,8,3
200500061740,0005-09-06 09:20:00,5,9,6,9,20,950,18.0,AUTOROUTE A15,,,Plein jour,Hors agglomération,Hors intersection,Pluie légère,Deux véhicules - côté,,,,,,,,,,,1,1,1,2,3
200500061741,0005-09-08 20:40:00,5,9,8,20,40,950,582.0,AUTOROUTE A15,,,Crépuscule ou aube,Hors agglomération,Hors intersection,Normale,Autre collision,,,,,,,,,,,2,1,1,1,6
200500061742,0005-09-09 08:00:00,5,9,9,8,0,930,64.0,AUTOROUTE A86,,,Plein jour,Hors agglomération,Hors intersection,Normale,Deux véhicules - arrière,,,,,,,,,,,1,1,1,1,2
200500061743,0005-09-09 15:30:00,5,9,9,15,30,950,252.0,AUTOROUTE A15,,,Plein jour,Hors agglomération,Hors intersection,Normale,Sans collision,,,,,,,,,,,1,1,1,1,7
200500061744,0005-09-10 13:45:00,5,9,10,13,45,950,582.0,BIP,,,Plein jour,Hors agglomération,Hors intersection,Pluie légère,Autre collision,,,,,,,,,,,1,1,1,2,6
200500061745,0005-09-10 17:00:00,5,9,10,17,0,930,32.0,AUTOROUTE A1,,,Plein jour,Hors agglomération,Hors intersection,Normale,Autre collision,,,,,,,,,,,1,1,1,1,6
200500061746,0005-09-11 17:05:00,5,9,11,17,5,950,582.0,AUTOROUTE A15,,,Plein jour,Hors agglomération,Autre intersection,Pluie légère,Deux véhicules - frontale,,,,,,,,,,,1,1,9,2,1
200500061747,0005-09-11 01:20:00,5,9,11,1,20,950,252.0,AUTOROUTE A115,,,Nuit avec éclairage allumé,Hors agglomération,Hors intersection,Normale,Autre collision,,,,,,,,,,,5,1,1,1,6
200500061748,0005-09-11 00:50:00,5,9,11,0,50,950,582.0,AUTOROUTE A15,,,Nuit sans éclairage public,Hors agglomération,Hors intersection,Normale,Deux véhicules - côté,,,,,,,,,,,3,1,1,1,3
200500061749,0005-09-09 14:40:00,5,9,9,14,40,920,36.0,AUTOROUTE A15,,,Plein jour,Hors agglomération,Hors intersection,Normale,Sans collision,,,,,,,,,,,1,1,1,1,7
200500061750,0005-09-10 13:30:00,5,9,10,13,30,950,365.0,R.D. 104,,,Plein jour,Hors agglomération,Hors intersection,Pluie forte,Sans collision,,,,,,,,,,,1,1,1,3,7
200500061751,0005-09-10 13:50:00,5,9,10,13,50,950,430.0,R.D. 104,,,Plein jour,Hors agglomération,Hors intersection,Pluie forte,Sans collision,,,,,,,,,,,1,1,1,3,7
200500061752,0005-09-12 05:25:00,5,9,12,5,25,930,78.0,AUTOROUTE A104,,,Crépuscule ou aube,Hors agglomération,Hors intersection,Normale,Autre collision,,,,,,,,,,,2,1,1,1,6
200500061753,0005-09-12 22:00:00,5,9,12,22,0,930,53.0,AUTOROUTE A3,,,Nuit avec éclairage allumé,Hors agglomération,Hors intersection,Normale,Trois véhicules et plus - collisions multiples,,,,,,,,,,,5,1,1,1,5
200500061754,0005-09-14 07:00:00,5,9,14,7,0,950,18.0,AUTOROUTE A15,,,Nuit avec éclairage non allumé,Hors agglomération,Hors intersection,Normale,Deux véhicules - côté,,,,,,,,,,,4,1,1,1,3
200500061755,0005-09-15 04:15:00,5,9,15,4,15,950,582.0,AUTOROUTE A115,,,Nuit avec éclairage allumé,Hors agglomération,Hors intersection,Pluie légère,Sans collision,,,,,,,,,,,5,1,1,2,7
200500061756,0005-09-15 07:00:00,5,9,15,7,0,950,252.0,AUTOROUTE A15,,,Plein jour,Hors agglomération,Hors intersection,Normale,Sans collision,,,,,,,,,,,1,1,1,1,7
200500061757,0005-09-15 08:00:00,5,9,15,8,0,950,572.0,AUTOROUTE A15,,,Plein jour,Hors agglomération,Hors intersection,Normale,Sans collision,,,,,,,,,,,1,1,1,1,7
200500061758,0005-09-16 15:50:00,5,9,16,15,50,930,64.0,AUTOROUTE A86,,,Plein jour,Hors agglomération,Hors intersection,Normale,Deux véhicules - côté,,,,,,,,,,,1,1,1,1,3
200500061759,0005-09-17 13:05:00,5,9,17,13,5,930,27.0,AUTOROUTE A1,,,Plein jour,Hors agglomération,Hors intersection,Normale,Autre collision,,,,,,,,,,,1,1,1,1,6
200500061760,0005-09-17 14:45:00,5,9,17,14,45,950,572.0,ROUTE NATIONALE 184,,,Plein jour,Hors agglomération,Hors intersection,Pluie légère,Deux véhicules - arrière,,,,,,,,,,,1,1,1,2,2
200500061761,0005-09-18 08:10:00,5,9,18,8,10,950,252.0,AUTOROUTE A15,,,Plein jour,Hors agglomération,Hors intersection,Normale,Deux véhicules - frontale,,,,,,,,,,,1,1,1,1,1
200500061762,0005-09-16 18:30:00,5,9,16,18,30,950,351.0,R.D. 104,,,Plein jour,Hors agglomération,Hors intersection,Normale,Autre collision,,,,,,,,,,,1,1,1,1,6
200500061763,0005-09-18 18:30:00,5,9,18,18,30,930,10.0,AUTOROUTE A3,,,Plein jour,Hors agglomération,Hors intersection,Normale,Trois véhicules et plus - en chaîne,,,,,,,,,,,1,1,1,1,4
200500061764,0005-09-19 07:30:00,5,9,19,7,30,950,18.0,AUTOROUTE A15,,,Plein jour,Hors agglomération,Hors intersection,Normale,Deux véhicules - côté,,,,,,,,,,,1,1,1,1,3
200500061765,0005-09-19 18:50:00,5,9,19,18,50,920,36.0,AUTOROUTE A15,,,Plein jour,Hors agglomération,Hors intersection,Normale,Sans collision,,,,,,,,,,,1,1,1,1,7
200500061766,0005-09-20 13:00:00,5,9,20,13,0,950,604.0,AUTOROUTE A1,,,Plein jour,Hors agglomération,Hors intersection,Normale,Trois véhicules et plus - collisions multiples,,,,,,,,,,,1,1,1,1,5
200500061767,0005-09-20 20:50:00,5,9,20,20,50,950,218.0,AUTOROUTE A15,,,Nuit avec éclairage allumé,Hors agglomération,Hors intersection,Normale,Deux véhicules - arrière,,,,,,,,,,,5,1,1,1,2
200500061768,0005-09-21 18:38:00,5,9,21,18,38,950,28.0,R.D. 104,,,Plein jour,Hors agglomération,Hors intersection,Normale,Trois véhicules et plus - collisions multiples,,,,,,,,,,,1,1,1,1,5
200500061769,0005-09-22 04:45:00,5,9,22,4,45,930,66.0,AUTOROUTE A86,,,Nuit avec éclairage allumé,Hors agglomération,Hors intersection,Normale,Autre collision,,,,,,,,,,,5,1,1,1,6
200500061770,0005-09-22 07:55:00,5,9,22,7,55,950,252.0,AUTOROUTE A15,,,Plein jour,Hors agglomération,Hors intersection,Normale,Trois véhicules et plus - collisions multiples,,,,,,,,,,,1,1,1,1,5
200500061771,0005-09-22 08:50:00,5,9,22,8,50,950,572.0,ROUTE NATIONALE 184,,,Plein jour,Hors agglomération,Hors intersection,Normale,Sans collision,,,,,,,,,,,1,1,1,1,7
200500061772,0005-09-22 16:30:00,5,9,22,16,30,950,252.0,AUTOROUTE A115,,,Plein jour,Hors agglomération,Hors intersection,Normale,Deux véhicules - côté,,,,,,,,,,,1,1,1,1,3
200500061773,0005-09-23 04:00:00,5,9,23,4,0,930,8.0,AUTOROUTE A86,,,Nuit avec éclairage allumé,Hors agglomération,Hors intersection,Normale,Sans collision,,,,,,,,,,,5,1,1,1,7
200500061774,0005-09-23 09:00:00,5,9,23,9,0,950,488.0,AUTOROUTE A15,,,Plein jour,Hors agglomération,Hors intersection,Normale,Deux véhicules - arrière,,,,,,,,,,,1,1,1,1,2
200500061775,0005-09-23 17:00:00,5,9,23,17,0,950,675.0,AUTOROUTE A1,,,Plein jour,Hors agglomération,Hors intersection,Normale,Deux véhicules - côté,,,,,,,,,,,1,1,1,1,3
200500061776,0005-09-24 01:25:00,5,9,24,1,25,920,36.0,AUTOROUTE A15,,,Nuit sans éclairage public,Hors agglomération,Hors intersection,Normale,Trois véhicules et plus - en chaîne,,,,,,,,,,,3,1,1,1,4
200500061777,0005-09-24 06:10:00,5,9,24,6,10,950,572.0,ROUTE NATIONALE 184,,,Crépuscule ou aube,Hors agglomération,Hors intersection,Pluie légère,Deux véhicules - côté,,,,,,,,,,,2,1,1,2,3
200500061778,0005-09-25 09:30:00,5,9,25,9,30,930,8.0,AUTOROUTE A86,,,Plein jour,Hors agglomération,Hors intersection,Normale,Sans collision,,,,,,,,,,,1,1,1,1,7
200500061779,0005-09-26 11:00:00,5,9,26,11,0,920,36.0,AUTOROUTE A15,,,Plein jour,Hors agglomération,Hors intersection,Normale,Deux véhicules - arrière,,,,,,,,,,,1,1,1,1,2
200500061780,0005-09-27 07:15:00,5,9,27,7,15,930,64.0,AUTOROUTE A86,,,Plein jour,Hors agglomération,Hors intersection,Normale,Trois véhicules et plus - en chaîne,,,,,,,,,,,1,1,1,1,4
200500061781,0005-09-27 10:00:00,5,9,27,10,0,950,252.0,AUTOROUTE A15,,,Plein jour,Hors agglomération,Hors intersection,Normale,Deux véhicules - arrière,,,,,,,,,,,1,1,1,1,2
200500061782,0005-09-27 19:00:00,5,9,27,19,0,950,527.0,AUTOROUTE A3,,,Nuit sans éclairage public,Hors agglomération,Hors intersection,Pluie légère,Deux véhicules - arrière,,,,,,,,,,,3,1,1,2,2
200500061783,0005-09-28 20:30:00,5,9,28,20,30,950,582.0,AUTOROUTE A15,,,Nuit avec éclairage allumé,Hors agglomération,Hors intersection,Pluie légère,Deux véhicules - côté,,,,,,,,,,,5,1,1,2,3
200500061784,0005-09-28 08:25:00,5,9,28,8,25,930,66.0,AUTOROUTE A1,,,Plein jour,Hors agglomération,Hors intersection,Normale,Autre collision,,,,,,,,,,,1,1,1,1,6
200500061785,0005-09-29 08:55:00,5,9,29,8,55,930,48.0,AUTOROUTE A3,,,Plein jour,Hors agglomération,Hors intersection,Normale,Sans collision,,,,,,,,,,,1,1,1,1,7
200500061786,0005-09-30 07:20:00,5,9,30,7,20,930,63.0,AUTOROUTE A3,,,Plein jour,Hors agglomération,Hors intersection,Normale,Deux véhicules - côté,,,,,,,,,,,1,1,1,1,3
200500061787,0005-09-30 08:30:00,5,9,30,8,30,950,277.0,BIP,,,Plein jour,Hors agglomération,Autre intersection,Normale,Autre collision,,,,,,,,,,,1,1,9,1,6
200500061788,0005-09-30 14:00:00,5,9,30,14,0,930,32.0,AUTOROUTE A3,,,Plein jour,Hors agglomération,Hors intersection,Pluie légère,Autre collision,,,,,,,,,,,1,1,1,2,6
200500061789,0005-09-30 16:30:00,5,9,30,16,30,950,18.0,AUTOROUTE A15,,,Plein jour,Hors agglomération,Hors intersection,Pluie légère,Sans collision,,,,,,,,,,,1,1,1,2,7
200500061790,0005-09-30 17:15:00,5,9,30,17,15,920,78.0,AUTOROUTE A86,,,Plein jour,Hors agglomération,Hors intersection,Pluie légère,Deux véhicules - côté,,,,,,,,,,,1,1,1,2,3
200500061791,0005-09-30 18:30:00,5,9,30,18,30,920,78.0,AUTOROUTE A86,,,Plein jour,Hors agglomération,Hors intersection,Pluie légère,Autre collision,,,,,,,,,,,1,1,1,2,6
200500061792,0005-09-30 19:00:00,5,9,30,19,0,930,32.0,AUTOROUTE A3,,,Plein jour,Hors agglomération,Hors intersection,Pluie forte,Sans collision,,,,,,,,,,,1,1,1,3,7
200500061793,0005-09-30 22:25:00,5,9,30,22,25,930,27.0,AUTOROUTE A86,,,Nuit avec éclairage allumé,Hors agglomération,Hors intersection,Pluie légère,Sans collision,,,,,,,,,,,5,1,1,2,7
200500061794,0005-09-01 18:28:00,5,9,1,18,28,920,63.0,A86,,,Plein jour,Hors agglomération,Hors intersection,Normale,Trois véhicules et plus - en chaîne,,,,,,,,,,,1,1,1,1,4
200500061795,0005-09-07 17:45:00,5,9,7,17,45,920,50.0,A86,,,Plein jour,Hors agglomération,Hors intersection,Normale,Trois véhicules et plus - collisions multiples,,,,,,,,,,,1,1,1,1,5
200500061796,0005-09-03 13:00:00,5,9,3,13,0,780,455.0,A13,,,Plein jour,Hors agglomération,Hors intersection,Normale,Sans collision,,,,,,,,,,,1,1,1,1,7
200500061797,0005-09-06 16:50:00,5,9,6,16,50,780,90.0,A13,,,Plein jour,Hors agglomération,Hors intersection,Normale,Autre collision,,,,,,,,,,,1,1,1,1,6
200500061798,0005-09-17 04:50:00,5,9,17,4,50,780,466.0,A13,,,Nuit sans éclairage public,Hors agglomération,Hors intersection,Normale,Trois véhicules et plus - collisions multiples,,,,,,,,,,,3,1,1,1,5
200500061799,0005-09-13 08:20:00,5,9,13,8,20,780,490.0,N12W,,,Crépuscule ou aube,Hors agglomération,Hors intersection,Normale,Trois véhicules et plus - en chaîne,,,,,,,,,,,2,1,1,1,4
200500061800,0005-09-22 23:38:00,5,9,22,23,38,780,90.0,A13,,,Nuit sans éclairage public,Hors agglomération,Hors intersection,Normale,Autre collision,,,,,,,,,,,3,1,1,1,6
200500061801,0005-09-19 18:50:00,5,9,19,18,50,920,50.0,A14,,,Plein jour,Hors agglomération,Hors intersection,Normale,Deux véhicules - côté,,,,,,,,,,,1,1,1,1,3
200500061802,0005-09-29 08:00:00,5,9,29,8,0,920,25.0,A86,,,Plein jour,Hors agglomération,Autre intersection,Normale,Deux véhicules - côté,,,,,,,,,,,1,1,9,1,3
200500061803,0005-09-25 20:05:00,5,9,25,20,5,780,362.0,A13,,,Nuit avec éclairage allumé,Hors agglomération,Hors intersection,Normale,Trois véhicules et plus - en chaîne,,,,,,,,,,,5,1,1,1,4
200500061804,0005-09-22 17:30:00,5,9,22,17,30,780,297.0,G12,,,Plein jour,Hors agglomération,Hors intersection,Normale,Deux véhicules - côté,,,,,,,,,,,1,1,1,1,3
200500061805,0005-09-04 11:25:00,5,9,4,11,25,920,64.0,A13,,,Plein jour,Hors agglomération,Hors intersection,Normale,Deux véhicules - arrière,,,,,,,,,,,1,1,1,1,2
200500061806,0005-09-19 19:10:00,5,9,19,19,10,780,242.0,A12W,,,Plein jour,Hors agglomération,Hors intersection,Normale,Trois véhicules et plus - en chaîne,,,,,,,,,,,1,1,1,1,4
200500061807,0005-09-29 10:00:00,5,9,29,10,0,920,47.0,A13,,,Plein jour,Hors agglomération,Hors intersection,Normale,Sans collision,,,,,,,,,,,1,1,1,1,7
200500061808,0005-09-16 20:00:00,5,9,16,20,0,920,12.0,A13,,,Plein jour,Hors agglomération,Hors intersection,Normale,Deux véhicules - côté,,,,,,,,,,,1,1,1,1,3
200500061809,0005-09-08 18:40:00,5,9,8,18,40,920,62.0,A14,,,Plein jour,Hors agglomération,Hors intersection,Normale,Deux véhicules - arrière,,,,,,,,,,,1,1,1,1,2
200500061810,0005-09-01 16:45:00,5,9,1,16,45,910,553.0,RN 104,,,Plein jour,Hors agglomération,Hors intersection,Normale,Deux véhicules - côté,,,,,,,,,,,1,1,1,1,3
200500061811,0005-09-01 18:00:00,5,9,1,18,0,910,477.0,RN 444,,,Plein jour,Hors agglomération,Hors intersection,Normale,Deux véhicules - côté,,,,,,,,,,,1,1,1,1,3
200500061812,0005-09-04 01:57:00,5,9,4,1,57,940,38.0,AUTOROUTE A6A,,,Nuit avec éclairage allumé,Hors agglomération,Hors intersection,Normale,Sans collision,,,,,,,,,,,5,1,1,1,7
200500061813,0005-09-05 08:50:00,5,9,5,8,50,910,659.0,AUTOROUTE A6,,,Plein jour,Hors agglomération,Hors intersection,Normale,Trois véhicules et plus - collisions multiples,,,,,,,,,,,1,1,1,1,5
200500061814,0005-09-06 09:31:00,5,9,6,9,31,910,339.0,RN 104,,,Plein jour,Hors agglomération,Hors intersection,Pluie légère,Autre collision,,,,,,,,,,,1,1,1,2,6
200500061815,0005-09-07 18:15:00,5,9,7,18,15,910,689.0,AUTOROUTE A6B,,,Plein jour,Hors agglomération,Hors intersection,Normale,Deux véhicules - côté,,,,,,,,,,,1,1,1,1,3
200500061816,0005-09-08 08:40:00,5,9,8,8,40,910,161.0,AUTOROUTE A126,,,Plein jour,Hors agglomération,Hors intersection,Normale,Sans collision,,,,,,,,,,,1,1,1,1,7
200500061817,0005-09-08 18:40:00,5,9,8,18,40,940,21.0,AUTOROUTE A6B,,,Plein jour,Hors agglomération,Hors intersection,Pluie légère,Deux véhicules - arrière,,,,,,,,,,,1,1,1,2,2
200500061818,0005-09-09 01:25:00,5,9,9,1,25,920,2.0,AUTOROUTE A10,,,Nuit avec éclairage non allumé,Hors agglomération,Hors intersection,Normale,Autre collision,,,,,,,,,,,4,1,1,1,6
200500061819,0005-09-09 18:30:00,5,9,9,18,30,910,64.0,RN 118,,,Plein jour,Hors agglomération,Hors intersection,Normale,Sans collision,,,,,,,,,,,1,1,1,1,7
200500061820,0005-09-09 20:30:00,5,9,9,20,30,910,161.0,AUTOROUTE A6,,,Crépuscule ou aube,Hors agglomération,Hors intersection,Normale,Deux véhicules - arrière,,,,,,,,,,,2,1,1,1,2
200500061821,0005-09-10 15:55:00,5,9,10,15,55,910,86.0,RN 104,,,Plein jour,Hors agglomération,Hors intersection,Temps couvert,Deux véhicules - arrière,,,,,,,,,,,1,1,1,8,2
200500061822,0005-09-12 08:57:00,5,9,12,8,57,910,689.0,AUTOROUTE A6A,,,Plein jour,Hors agglomération,Hors intersection,Temps couvert,Autre collision,,,,,,,,,,,1,1,1,8,6
200500061823,0005-09-13 09:00:00,5,9,13,9,0,910,689.0,AUTOROUTE A6A,,,Plein jour,Hors agglomération,Hors intersection,Normale,Autre collision,,,,,,,,,,,1,1,1,1,6
200500061824,0005-09-13 12:30:00,5,9,13,12,30,940,38.0,AUTOROUTE A6B,,,Plein jour,Hors agglomération,Hors intersection,Temps couvert,Deux véhicules - arrière,,,,,,,,,,,1,1,1,8,2
200500061825,0005-09-13 14:05:00,5,9,13,14,5,910,161.0,AUTOROUTE A6,,,Plein jour,Hors agglomération,Hors intersection,Normale,Deux véhicules - arrière,,,,,,,,,,,1,1,1,1,2
200500061826,0005-09-14 07:45:00,5,9,14,7,45,910,570.0,RN 104,,,Plein jour,Hors agglomération,Hors intersection,Normale,Deux véhicules - côté,,,,,,,,,,,1,1,1,1,3
200500061827,0005-09-14 17:10:00,5,9,14,17,10,910,377.0,RN20,,,Plein jour,Hors agglomération,Intersection en X,Normale,Deux véhicules - côté,,,,,,,,,,,1,1,2,1,3