accident_id,datetime,annee,mois,jour,heure,minute,departement,commune_insee,adresse,latitude,longitude,luminosite,agglomeration,intersection,meteo,collision,nb_vehicules,nb_usagers,nb_indemnes,nb_tues,nb_blesses_hosp,nb_blesses_legers,age_cond_1,age_cond_2,veh_type_cond_1,veh_type_cond_2,lum_code,agg_code,int_code,atm_code,col_code
200500061828,0005-09-15 18:45:00,5,9,15,18,45,940,16.0,AUTOROUTE A6A,,,Plein jour,Hors agglomération,Hors intersection,Normale,Deux véhicules - côté,,,,,,,,,,,1,1,1,1,3
200500061829,0005-09-16 07:30:00,5,9,16,7,30,910,477.0,RN 444,,,Plein jour,Hors agglomération,Hors intersection,Normale,Deux véhicules - côté,,,,,,,,,,,1,1,1,1,3
200500061830,0005-09-16 14:55:00,5,9,16,14,55,940,3.0,AUTOROUTE A6A,,,Plein jour,Hors agglomération,Hors intersection,Temps couvert,Deux véhicules - arrière,,,,,,,,,,,1,1,1,8,2
200500061831,0005-09-16 17:45:00,5,9,16,17,45,940,38.0,AUTOROUTE A6A,,,Plein jour,Hors agglomération,Hors intersection,Normale,Deux véhicules - arrière,,,,,,,,,,,1,1,1,1,2
200500061832,0005-09-16 18:05:00,5,9,16,18,5,910,689.0,AUTOROUTE A6,,,Plein jour,Hors agglomération,Hors intersection,Temps couvert,Deux véhicules - côté,,,,,,,,,,,1,1,1,8,3
200500061833,0005-09-16 21:10:00,5,9,16,21,10,940,34.0,AUTOROUTE A6B,,,Nuit avec éclairage allumé,Hors agglomération,Hors intersection,Normale,Trois véhicules et plus - en chaîne,,,,,,,,,,,5,1,1,1,4
200500061834,0005-09-18 18:30:00,5,9,18,18,30,910,471.0,RN 118,,,Plein jour,Hors agglomération,Hors intersection,Normale,Deux véhicules - côté,,,,,,,,,,,1,1,1,1,3
200500061835,0005-09-19 18:11:00,5,9,19,18,11,910,228.0,AUTOROUTE A6,,,Plein jour,Hors agglomération,Hors intersection,Normale,Autre collision,,,,,,,,,,,1,1,1,1,6
200500061836,0005-09-19 19:30:00,5,9,19,19,30,770,251.0,AUTOROUTE A5A,,,Plein jour,Hors agglomération,Hors intersection,Normale,Deux véhicules - côté,,,,,,,,,,,1,1,1,1,3
200500061837,0005-09-20 01:00:00,5,9,20,1,0,910,377.0,RN20,,,Nuit sans éclairage public,Hors agglomération,Hors intersection,Normale,Autre collision,,,,,,,,,,,3,1,1,1,6
200500061838,0005-09-20 19:10:00,5,9,20,19,10,940,3.0,AUTOROUTE A6A,,,Plein jour,Hors agglomération,Hors intersection,Normale,Deux véhicules - arrière,,,,,,,,,,,1,1,1,1,2
200500061839,0005-09-22 06:07:00,5,9,22,6,7,910,377.0,RN 444,,,Nuit sans éclairage public,Hors agglomération,Hors intersection,Normale,Deux véhicules - côté,,,,,,,,,,,3,1,1,1,3
200500061840,0005-09-22 09:00:00,5,9,22,9,0,910,617.0,RN 104 INT / A5A PROVINC,,,Plein jour,Hors agglomération,Hors intersection,Normale,Deux véhicules - côté,,,,,,,,,,,1,1,1,1,3
200500061841,0005-09-22 18:00:00,5,9,22,18,0,910,661.0,AUTOROUTE A10,,,Plein jour,Hors agglomération,Hors intersection,Normale,Deux véhicules - arrière,,,,,,,,,,,1,1,1,1,2
200500061842,0005-09-22 21:00:00,5,9,22,21,0,770,251.0,AUTOROUTE A5A,,,Nuit sans éclairage public,Hors agglomération,Hors intersection,Normale,Trois véhicules et plus - collisions multiples,,,,,,,,,,,3,1,1,1,5
200500061843,0005-09-23 15:21:00,5,9,23,15,21,910,689.0,AUTOROUTE A6,,,Plein jour,Hors agglomération,Hors intersection,Normale,Deux véhicules - arrière,,,,,,,,,,,1,1,1,1,2
200500061844,0005-09-25 11:26:00,5,9,25,11,26,910,136.0,RN20,,,Plein jour,Hors agglomération,Hors intersection,Temps couvert,Deux véhicules - côté,,,,,,,,,,,1,1,1,8,3
200500061845,0005-09-25 20:35:00,5,9,25,20,35,910,687.0,AUTOROUTE A6,,,Nuit sans éclairage public,Hors agglomération,Hors intersection,Normale,Deux véhicules - côté,,,,,,,,,,,3,1,1,1,3
200500061846,0005-09-26 12:45:00,5,9,26,12,45,940,38.0,AUTOROUTE A6B,,,Plein jour,Hors agglomération,Hors intersection,Normale,Sans collision,,,,,,,,,,,1,1,1,1,7
200500061847,0005-09-27 06:40:00,5,9,27,6,40,940,34.0,AUTOROUTE A86,,,Plein jour,Hors agglomération,Hors intersection,Normale,Deux véhicules - côté,,,,,,,,,,,1,1,1,1,3
200500061848,0005-09-27 09:10:00,5,9,27,9,10,910,549.0,RN 104,,,Plein jour,Hors agglomération,Hors intersection,Normale,Deux véhicules - côté,,,,,,,,,,,1,1,1,1,3
200500061849,0005-09-27 11:40:00,5,9,27,11,40,940,37.0,AUTOROUTE A6A,,,Plein jour,Hors agglomération,Hors intersection,Normale,Sans collision,,,,,,,,,,,1,1,1,1,7
200500061850,0005-09-29 07:15:00,5,9,29,7,15,910,182.0,AUTOROUTE A6,,,Nuit sans éclairage public,Hors agglomération,Hors intersection,Pluie légère,Sans collision,,,,,,,,,,,3,1,1,2,7
200500061851,0005-09-29 07:45:00,5,9,29,7,45,940,34.0,AUTOROUTE A6A,,,Crépuscule ou aube,Hors agglomération,Hors intersection,Pluie légère,Deux véhicules - arrière,,,,,,,,,,,2,1,1,2,2
200500061852,0005-09-29 08:50:00,5,9,29,8,50,910,377.0,AUTOROUTE A10,,,Plein jour,Hors agglomération,Hors intersection,Temps couvert,Autre collision,,,,,,,,,,,1,1,1,8,6
200500061853,0005-09-29 11:20:00,5,9,29,11,20,910,339.0,RN 104,,,Plein jour,Hors agglomération,Hors intersection,Pluie légère,Deux véhicules - côté,,,,,,,,,,,1,1,1,2,3
200500061854,0005-09-29 13:22:00,5,9,29,13,22,940,34.0,AUTOROUTE A6B,,,Plein jour,Hors agglomération,Hors intersection,Normale,Sans collision,,,,,,,,,,,1,1,1,1,7
200500061855,0005-09-29 17:15:00,5,9,29,17,15,910,471.0,RN 118,,,Plein jour,Hors agglomération,Hors intersection,Normale,Deux véhicules - arrière,,,,,,,,,,,1,1,1,1,2
200500061856,0005-09-30 08:12:00,5,9,30,8,12,910,659.0,AUTOROUTE A6,,,Plein jour,Hors agglomération,Hors intersection,Normale,Deux véhicules - côté,,,,,,,,,,,1,1,1,1,3
200500061857,0005-09-30 09:02:00,5,9,30,9,2,910,286.0,AUTOROUTE A6,,,Plein jour,Hors agglomération,Hors intersection,Normale,Deux véhicules - côté,,,,,,,,,,,1,1,1,1,3
200500061858,0005-09-30 10:12:00,5,9,30,10,12,910,174.0,RN 104,,,Plein jour,Hors agglomération,Hors intersection,Normale,Deux véhicules - arrière,,,,,,,,,,,1,1,1,1,2
200500061859,0005-09-30 17:20:00,5,9,30,17,20,940,37.0,AUTOROUTE A6B,,,Plein jour,Hors agglomération,Hors intersection,Pluie légère,Sans collision,,,,,,,,,,,1,1,1,2,7
200500061860,0005-09-30 19:25:00,5,9,30,19,25,910,312.0,RN 444,,,Nuit avec éclairage non allumé,Hors agglomération,Hors intersection,Pluie forte,Autre collision,,,,,,,,,,,4,1,1,3,6
200500061861,0005-09-30 19:30:00,5,9,30,19,30,940,65.0,AUTOROUTE A106,,,Crépuscule ou aube,Hors agglomération,Hors intersection,Pluie légère,Deux véhicules - arrière,,,,,,,,,,,2,1,1,2,2
200500061862,0005-09-01 18:55:00,5,9,1,18,55,202,33.0,"SANS, MAGDELENA - RUE SA",,,Plein jour,En agglomération,Hors intersection,Normale,Autre collision,,,,,,,,,,,1,2,1,1,6
200500061863,0005-09-11 17:13:00,5,9,11,17,13,202,33.0,"SANS, ST JOSEPH - RUE",,,Plein jour,En agglomération,Hors intersection,Normale,Autre collision,,,,,,,,,,,1,2,1,1,6
200500061864,0005-09-14 10:20:00,5,9,14,10,20,202,37.0,"sans, TOUTES RUES",,,Plein jour,En agglomération,Hors intersection,Normale,Deux véhicules - arrière,,,,,,,,,,,1,2,1,1,2
200500061865,0005-09-15 14:15:00,5,9,15,14,15,202,33.0,"SANS, AGLIANI - CHEMIN D",,,Plein jour,En agglomération,Hors intersection,Normale,Deux véhicules - côté,,,,,,,,,,,1,2,1,1,3
200500061866,0005-09-15 18:25:00,5,9,15,18,25,202,33.0,"sans, 193 - RN",,,Plein jour,En agglomération,Hors intersection,Normale,Deux véhicules - côté,,,,,,,,,,,1,2,1,1,3
200500061867,0005-09-19 12:55:00,5,9,19,12,55,202,33.0,"SANS, PAOLI DU NR 1 A 20",,,Plein jour,En agglomération,Hors intersection,Normale,Autre collision,,,,,,,,,,,1,2,1,1,6
200500061868,0005-09-20 11:54:00,5,9,20,11,54,202,33.0,"SANS, AV DE LA LIBERATIO",,,Plein jour,En agglomération,Hors intersection,Normale,Deux véhicules - côté,,,,,,,,,,,1,2,1,1,3
200500061869,0005-09-22 14:29:00,5,9,22,14,29,202,33.0,"sans, VINCETTI - PLACE",,,Plein jour,En agglomération,Hors intersection,Normale,Autre collision,,,,,,,,,,,1,2,1,1,6
200500061870,0005-09-24 17:20:00,5,9,24,17,20,202,33.0,"sans, FRONT DE MER - ROU",,,Plein jour,En agglomération,Hors intersection,Normale,Deux véhicules - frontale,,,,,,,,,,,1,2,1,1,1
200500061871,0005-09-24 00:02:00,5,9,24,0,2,202,33.0,"SANS, PIERANGELLI -COURS",,,Nuit avec éclairage allumé,En agglomération,Hors intersection,Normale,Autre collision,,,,,,,,,,,5,2,1,1,6
200500061872,0005-09-26 12:02:00,5,9,26,12,2,202,120.0,"SANS, TOUTES RUES",,,Plein jour,En agglomération,Hors intersection,Normale,Autre collision,,,,,,,,,,,1,2,1,1,6
200500061873,0005-09-26 18:45:00,5,9,26,18,45,202,33.0,"SANS, AV DE LA LIBERATIO",,,Plein jour,En agglomération,Hors intersection,Normale,Deux véhicules - frontale,,,,,,,,,,,1,2,1,1,1
200500061874,0005-09-27 08:45:00,5,9,27,8,45,202,33.0,"SANS, FRONT DE MER - ROU",,,Plein jour,En agglomération,Hors intersection,Normale,Trois véhicules et plus - en chaîne,,,,,,,,,,,1,2,1,1,4
200500061875,0005-09-27 17:00:00,5,9,27,17,0,202,33.0,"21, PAOLI DU NR 21 AU 45",,,Plein jour,En agglomération,Hors intersection,Normale,Autre collision,,,,,,,,,,,1,2,1,1,6
200500061876,0005-09-27 17:17:00,5,9,27,17,17,202,33.0,"SANS, TUNNEL",,,Plein jour,En agglomération,Hors intersection,Normale,Deux véhicules - arrière,,,,,,,,,,,1,2,1,1,2
200500061877,0005-09-29 14:58:00,5,9,29,14,58,202,33.0,"SANS, 193 - RN",,,Plein jour,En agglomération,Hors intersection,Normale,Deux véhicules - arrière,,,,,,,,,,,1,2,1,1,2
200500061878,0005-09-30 18:45:00,5,9,30,18,45,202,33.0,"SANS, AV DE LA LIBERATIO",,,Plein jour,En agglomération,Hors intersection,Normale,Deux véhicules - frontale,,,,,,,,,,,1,2,1,1,1
200500061879,0005-09-01 03:20:00,5,9,1,3,20,690,382.0,VAUBECOUR,,,Nuit avec éclairage allumé,En agglomération,Intersection en X,Normale,Autre collision,,,,,,,,,,,5,2,2,1,6
200500061880,0005-09-02 16:30:00,5,9,2,16,30,690,382.0,"5, RAMBAUD",,,Plein jour,En agglomération,Hors intersection,Normale,Deux véhicules - côté,,,,,,,,,,,1,2,1,1,3
200500061881,0005-09-02 01:40:00,5,9,2,1,40,690,382.0,DOCTEUR GAILLETON (DU),,,Nuit avec éclairage allumé,En agglomération,Intersection en X,Normale,Deux véhicules - côté,,,,,,,,,,,5,2,2,1,3
200500061882,0005-09-03 17:05:00,5,9,3,17,5,690,382.0,"28, DOCTEUR GAILLETON (D",,,Plein jour,En agglomération,Hors intersection,Normale,Autre collision,,,,,,,,,,,1,2,1,1,6
200500061883,0005-09-14 06:30:00,5,9,14,6,30,690,382.0,DOCTEUR GAILLETON (DU),,,Nuit avec éclairage allumé,En agglomération,Hors intersection,Normale,Deux véhicules - frontale,,,,,,,,,,,5,2,1,1,1
200500061884,0005-09-13 07:35:00,5,9,13,7,35,690,382.0,PERRACHE,,,Plein jour,En agglomération,Intersection à plus de 4 branches,Normale,Deux véhicules - côté,,,,,,,,,,,1,2,5,1,3
200500061885,0005-09-08 19:10:00,5,9,8,19,10,690,382.0,"86, CHARITE (DE LA)",,,Plein jour,En agglomération,Intersection en T,Normale,Deux véhicules - côté,,,,,,,,,,,1,2,3,1,3
200500061886,0005-09-15 14:54:00,5,9,15,14,54,690,382.0,"26, SUCHET",,,Plein jour,En agglomération,Hors intersection,Normale,Autre collision,,,,,,,,,,,1,2,1,1,6
200500061887,0005-09-17 04:45:00,5,9,17,4,45,690,382.0,JULES COURMONT,,,Nuit avec éclairage allumé,En agglomération,Intersection à plus de 4 branches,Normale,Deux véhicules - côté,,,,,,,,,,,5,2,5,1,3
200500061888,0005-09-17 17:00:00,5,9,17,17,0,690,382.0,GAILLETON,,,Plein jour,En agglomération,Intersection à plus de 4 branches,Normale,Deux véhicules - côté,,,,,,,,,,,1,2,5,1,3
200500061889,0005-09-22 16:09:00,5,9,22,16,9,690,382.0,"02, CELESTINS (DES)",,,Plein jour,En agglomération,Hors intersection,Normale,Autre collision,,,,,,,,,,,1,2,1,1,6
200500061890,0005-09-16 16:00:00,5,9,16,16,0,690,382.0,BELIER (DU),,,Plein jour,En agglomération,Intersection en X,Normale,Autre collision,,,,,,,,,,,1,2,2,1,6
200500061891,0005-09-26 16:15:00,5,9,26,16,15,690,382.0,JULES COURMONT,,,Plein jour,En agglomération,Intersection en X,Normale,Deux véhicules - côté,,,,,,,,,,,1,2,2,1,3
200500061892,0005-09-15 14:52:00,5,9,15,14,52,690,382.0,"18, DOCTEUR GAILLETON (D",,,Plein jour,En agglomération,Hors intersection,Normale,Deux véhicules - côté,,,,,,,,,,,1,2,1,1,3
200500061893,0005-09-29 17:35:00,5,9,29,17,35,690,382.0,CHARITE (DE LA),,,Crépuscule ou aube,En agglomération,Intersection en X,Pluie légère,Deux véhicules - côté,,,,,,,,,,,2,2,2,2,3
200500061894,0005-09-27 18:10:00,5,9,27,18,10,690,382.0,JACOBINS (DES),,,Plein jour,En agglomération,Intersection en T,Normale,Deux véhicules - côté,,,,,,,,,,,1,2,3,1,3
200500061895,0005-09-01 10:25:00,5,9,1,10,25,590,507.0,AUTOROUTE A1,,,Plein jour,Hors agglomération,Hors intersection,Normale,Trois véhicules et plus - collisions multiples,,,,,,,,,,,1,1,1,1,5
200500061896,0005-09-01 13:30:00,5,9,1,13,30,590,9.0,ROUTE NATIONALE 227,,,Plein jour,Hors agglomération,Hors intersection,Normale,Autre collision,,,,,,,,,,,1,1,1,1,6
200500061897,0005-09-02 01:10:00,5,9,2,1,10,590,350.0,AUTOROUTE A25,,,Nuit avec éclairage allumé,Hors agglomération,Autre intersection,Normale,Autre collision,,,,,,,,,,,5,1,9,1,6
200500061898,0005-09-02 20:40:00,5,9,2,20,40,590,507.0,AUTOROUTE A1,,,Crépuscule ou aube,Hors agglomération,Hors intersection,Normale,Trois véhicules et plus - collisions multiples,,,,,,,,,,,2,1,1,1,5
200500061899,0005-09-03 05:45:00,5,9,3,5,45,590,401.0,AUTOROUTE A25,,,Nuit sans éclairage public,Hors agglomération,Hors intersection,Brouillard / fumée,Autre collision,,,,,,,,,,,3,1,1,5,6
200500061900,0005-09-03 12:40:00,5,9,3,12,40,590,313.0,AUTOROUTE A2,,,Plein jour,Hors agglomération,Hors intersection,Normale,Autre collision,,,,,,,,,,,1,1,1,1,6
200500061901,0005-09-04 07:40:00,5,9,4,7,40,590,330.0,AUTOROUTE A23,,,Plein jour,Hors agglomération,Hors intersection,Normale,Autre collision,,,,,,,,,,,1,1,1,1,6
200500061902,0005-09-05 14:32:00,5,9,5,14,32,590,449.0,AUTOROUTE A23,,,Plein jour,Hors agglomération,Hors intersection,Normale,Sans collision,,,,,,,,,,,1,1,1,1,7
200500061903,0005-09-05 14:36:00,5,9,5,14,36,590,288.0,AUTOROUTE A2,,,Plein jour,Hors agglomération,Hors intersection,Normale,Deux véhicules - arrière,,,,,,,,,,,1,1,1,1,2
200500061904,0005-09-06 16:30:00,5,9,6,16,30,590,429.0,AUTOROUTE A2,,,Plein jour,Hors agglomération,Hors intersection,Normale,Trois véhicules et plus - en chaîne,,,,,,,,,,,1,1,1,1,4
200500061905,0005-09-08 05:15:00,5,9,8,5,15,620,274.0,AUTOROUTE A21,,,Nuit avec éclairage allumé,Hors agglomération,Hors intersection,Temps couvert,Deux véhicules - arrière,,,,,,,,,,,5,1,1,8,2
200500061906,0005-09-08 23:25:00,5,9,8,23,25,590,32.0,AUTOROUTE A2,,,Nuit sans éclairage public,Hors agglomération,Hors intersection,Normale,Trois véhicules et plus - en chaîne,,,,,,,,,,,3,1,1,1,4
200500061907,0005-09-09 05:15:00,5,9,9,5,15,590,603.0,AUTOROUTE A2,,,Nuit sans éclairage public,Hors agglomération,Hors intersection,Pluie légère,Deux véhicules - arrière,,,,,,,,,,,3,1,1,2,2
200500061908,0005-09-09 07:00:00,5,9,9,7,0,590,523.0,AUTOROUTE A23,,,Crépuscule ou aube,Hors agglomération,Hors intersection,Pluie légère,Trois véhicules et plus - en chaîne,,,,,,,,,,,2,1,1,2,4
200500061909,0005-09-10 16:15:00,5,9,10,16,15,590,143.0,AUTOROUTE A25,,,Plein jour,Hors agglomération,Hors intersection,Pluie forte,Trois véhicules et plus - en chaîne,,,,,,,,,,,1,1,1,3,4
200500061910,0005-09-11 00:46:00,5,9,11,0,46,590,507.0,AUTOROUTE A1,,,Nuit avec éclairage allumé,Hors agglomération,Intersection en Y,Pluie légère,Deux véhicules - côté,,,,,,,,,,,5,1,4,2,3
200500061911,0005-09-10 23:05:00,5,9,10,23,5,590,410.0,ROUTE NATIONALE 356,,,Nuit avec éclairage allumé,Hors agglomération,Hors intersection,Normale,Deux véhicules - côté,,,,,,,,,,,5,1,1,1,3
200500061912,0005-09-11 02:25:00,5,9,11,2,25,590,462.0,AUTOROUTE A1,,,Nuit sans éclairage public,Hors agglomération,Hors intersection,Normale,Trois véhicules et plus - en chaîne,,,,,,,,,,,3,1,1,1,4
200500061913,0005-09-11 04:00:00,5,9,11,4,0,590,515.0,AUTOROUTE A2,,,Nuit sans éclairage public,Hors agglomération,Hors intersection,Brouillard / fumée,Deux véhicules - arrière,,,,,,,,,,,3,1,1,5,2
200500061914,0005-09-11 03:20:00,5,9,11,3,20,590,9.0,ROUTE NATIONALE 227,,,Nuit sans éclairage public,Hors agglomération,Hors intersection,Temps couvert,Sans collision,,,,,,,,,,,3,1,1,8,7
200500061915,0005-09-12 08:15:00,5,9,12,8,15,590,350.0,ROUTE NATIONALE 351,,,Plein jour,Hors agglomération,Hors intersection,Pluie légère,Trois véhicules et plus - en chaîne,,,,,,,,,,,1,1,1,2,4
200500061916,0005-09-13 09:30:00,5,9,13,9,30,590,449.0,AUTOROUTE A23,,,Plein jour,Hors agglomération,Hors intersection,Normale,Trois véhicules et plus - collisions multiples,,,,,,,,,,,1,1,1,1,5
200500061917,0005-09-14 08:25:00,5,9,14,8,25,590,429.0,AUTOROUTE A2,,,Plein jour,Hors agglomération,Hors intersection,Normale,Sans collision,,,,,,,,,,,1,1,1,1,7
200500061918,0005-09-14 17:00:00,5,9,14,17,0,590,350.0,AUTOROUTE A25,,,Plein jour,Hors agglomération,Hors intersection,Normale,Autre collision,,,,,,,,,,,1,1,1,1,6
200500061919,0005-09-15 11:50:00,5,9,15,11,50,590,507.0,AUTOROUTE A1,,,Plein jour,Hors agglomération,Hors intersection,Normale,Autre collision,,,,,,,,,,,1,1,1,1,6
200500061920,0005-09-15 16:00:00,5,9,15,16,0,590,426.0,AUTOROUTE A22,,,Plein jour,Hors agglomération,Hors intersection,Normale,Sans collision,,,,,,,,,,,1,1,1,1,7
200500061921,0005-09-15 17:00:00,5,9,15,17,0,590,189.0,AUTOROUTE A25,,,Plein jour,Hors agglomération,Hors intersection,Pluie légère,Autre collision,,,,,,,,,,,1,1,1,2,6
200500061922,0005-09-15 18:50:00,5,9,15,18,50,590,350.0,ROUTE NATIONALE 356,,,Plein jour,Hors agglomération,Hors intersection,Pluie légère,Sans collision,,,,,,,,,,,1,1,1,2,7
200500061923,0005-09-15 07:30:00,5,9,15,7,30,620,548.0,AUTOROUTE A16,,,Crépuscule ou aube,Hors agglomération,Hors intersection,Normale,Deux véhicules - côté,,,,,,,,,,,2,1,1,1,3
200500061924,0005-09-16 07:40:00,5,9,16,7,40,590,350.0,ROUTE NATIONALE 351,,,Plein jour,Hors agglomération,Hors intersection,Pluie légère,Autre collision,,,,,,,,,,,1,1,1,2,6
200500061925,0005-09-16 07:50:00,5,9,16,7,50,620,628.0,AUTOROUTE A21,,,Crépuscule ou aube,Hors agglomération,Hors intersection,Pluie légère,Autre collision,,,,,,,,,,,2,1,1,2,6
200500061926,0005-09-16 08:40:00,5,9,16,8,40,590,195.0,AUTOROUTE A25,,,Plein jour,Hors agglomération,Hors intersection,Pluie légère,Sans collision,,,,,,,,,,,1,1,1,2,7
200500061927,0005-09-17 05:50:00,5,9,17,5,50,590,378.0,AUTOROUTE A23,,,Nuit avec éclairage allumé,Hors agglomération,Hors intersection,Normale,Deux véhicules - frontale,,,,,,,,,,,5,1,1,1,1
200500061928,0005-09-17 07:45:00,5,9,17,7,45,590,378.0,AUTOROUTE A22,,,Plein jour,Hors agglomération,Hors intersection,Normale,Deux véhicules - arrière,,,,,,,,,,,1,1,1,1,2
200500061929,0005-09-17 19:25:00,5,9,17,19,25,620,582.0,AUTOROUTE A16,,,Plein jour,Hors agglomération,Hors intersection,Normale,Sans collision,,,,,,,,,,,1,1,1,1,7
200500061930,0005-09-17 22:15:00,5,9,17,22,15,590,155.0,AUTOROUTE A16,,,Nuit avec éclairage allumé,Hors agglomération,Hors intersection,Normale,Autre collision,,,,,,,,,,,5,1,1,1,6
200500061931,0005-09-18 09:10:00,5,9,18,9,10,590,511.0,AUTOROUTE A23,,,Plein jour,Hors agglomération,Hors intersection,Normale,Deux véhicules - arrière,,,,,,,,,,,1,1,1,1,2
200500061932,0005-09-18 14:55:00,5,9,18,14,55,620,498.0,AUTOROUTE A211,,,Plein jour,Hors agglomération,Hors intersection,Normale,Autre collision,,,,,,,,,,,1,1,1,1,6
200500061933,0005-09-19 16:15:00,5,9,19,16,15,620,193.0,AUTOROUTE A16,,,Plein jour,Hors agglomération,Hors intersection,Normale,Deux véhicules - côté,,,,,,,,,,,1,1,1,1,3
200500061934,0005-09-23 15:40:00,5,9,23,15,40,620,624.0,AUTOROUTE A1,,,Plein jour,Hors agglomération,Hors intersection,Normale,Deux véhicules - arrière,,,,,,,,,,,1,1,1,1,2
200500061935,0005-09-23 15:45:00,5,9,23,15,45,590,458.0,AUTOROUTE A23,,,Plein jour,Hors agglomération,Hors intersection,Normale,Autre collision,,,,,,,,,,,1,1,1,1,6
200500061936,0005-09-23 18:30:00,5,9,23,18,30,590,606.0,AUTOROUTE A23,,,Plein jour,Hors agglomération,Hors intersection,Normale,Sans collision,,,,,,,,,,,1,1,1,1,7
200500061937,0005-09-23 21:40:00,5,9,23,21,40,620,427.0,AUTOROUTE A1,,,Nuit sans éclairage public,Hors agglomération,Hors intersection,Normale,Trois véhicules et plus - collisions multiples,,,,,,,,,,,3,1,1,1,5
200500061938,0005-09-25 06:55:00,5,9,25,6,55,590,123.0,AUTOROUTE A1,,,Nuit sans éclairage public,Hors agglomération,Hors intersection,Normale,Deux véhicules - arrière,,,,,,,,,,,3,1,1,1,2
200500061939,0005-09-25 18:45:00,5,9,25,18,45,590,606.0,AUTOROUTE A23,,,Plein jour,Hors agglomération,Hors intersection,Pluie légère,Autre collision,,,,,,,,,,,1,1,1,2,6
200500061940,0005-09-26 23:20:00,5,9,26,23,20,590,410.0,ROUTE NATIONALE 356,,,Nuit avec éclairage allumé,Hors agglomération,Hors intersection,Normale,Autre collision,,,,,,,,,,,5,1,1,1,6
200500061941,0005-09-27 15:25:00,5,9,27,15,25,590,9.0,ROUTE NATIONALE 227,,,Plein jour,Hors agglomération,Hors intersection,Pluie forte,Autre collision,,,,,,,,,,,1,1,1,3,6
200500061942,0005-09-28 20:40:00,5,9,28,20,40,590,646.0,AUTOROUTE A22,,,Nuit avec éclairage allumé,Hors agglomération,Hors intersection,Normale,Autre collision,,,,,,,,,,,5,1,1,1,6
200500061943,0005-09-30 12:30:00,5,9,30,12,30,590,346.0,ROUTE NATIONALE 227,,,Plein jour,Hors agglomération,Hors intersection,Pluie légère,Sans collision,,,,,,,,,,,1,1,1,2,7
200500061944,0005-09-30 13:40:00,5,9,30,13,40,590,459.0,AUTOROUTE A23,,,Plein jour,Hors agglomération,Hors intersection,Pluie légère,Autre collision,,,,,,,,,,,1,1,1,2,6
200500061945,0005-09-30 18:10:00,5,9,30,18,10,620,274.0,AUTOROUTE A1,,,Plein jour,Hors agglomération,Autre intersection,Temps couvert,Autre collision,,,,,,,,,,,1,1,9,8,6
200500061946,0005-09-30 23:15:00,5,9,30,23,15,590,350.0,ROUTE NATIONALE 356,,,Nuit avec éclairage allumé,Hors agglomération,Hors intersection,Pluie légère,Deux véhicules - arrière,,,,,,,,,,,5,1,1,2,2
200500061947,0005-09-02 14:30:00,5,9,2,14,30,690,386.0,SERBIE (DE),,,Plein jour,En agglomération,Intersection en X,Normale,Deux véhicules - côté,,,,,,,,,,,1,2,2,1,3
200500061948,0005-09-08 12:45:00,5,9,8,12,45,690,383.0,VILLETTE (DE LA),,,Plein jour,En agglomération,Intersection en X,Normale,Deux véhicules - frontale,,,,,,,,,,,1,2,2,1,1
200500061949,0005-09-09 18:45:00,5,9,9,18,45,690,386.0,BUGEAUD,,,Plein jour,En agglomération,Hors intersection,Normale,Autre collision,,,,,,,,,,,1,2,1,1,6
200500061950,0005-09-12 12:15:00,5,9,12,12,15,690,383.0,ALBERT THOMAS,,,Plein jour,En agglomération,Intersection en X,Normale,Autre collision,,,,,,,,,,,1,2,2,1,6
200500061951,0005-09-12 17:55:00,5,9,12,17,55,690,386.0,"66, CHARLES DE GAULLE",,,Plein jour,En agglomération,Hors intersection,Normale,Deux véhicules - arrière,,,,,,,,,,,1,2,1,1,2
200500061952,0005-09-14 10:55:00,5,9,14,10,55,690,386.0,GRANDE BRETAGNE (DE),,,Plein jour,En agglomération,Hors intersection,Normale,Autre collision,,,,,,,,,,,1,2,1,1,6
200500061953,0005-09-19 13:20:00,5,9,19,13,20,690,383.0,"8, FRANCOIS GILLET",,,Plein jour,En agglomération,Hors intersection,Normale,Autre collision,,,,,,,,,,,1,2,1,1,6
200500061954,0005-09-16 22:50:00,5,9,16,22,50,690,383.0,MARECHAL DE SAXE,,,Nuit avec éclairage allumé,En agglomération,Intersection en X,Normale,Deux véhicules - côté,,,,,,,,,,,5,2,2,1,3
200500061955,0005-09-17 00:50:00,5,9,17,0,50,690,383.0,VILLEROY,,,Nuit avec éclairage allumé,En agglomération,Hors intersection,Normale,Deux véhicules - côté,,,,,,,,,,,5,2,1,1,3
200500061956,0005-09-20 17:30:00,5,9,20,17,30,690,383.0,LAFAYETTE,,,Plein jour,En agglomération,Intersection en X,Normale,Autre collision,,,,,,,,,,,1,2,2,1,6
200500061957,0005-09-21 14:10:00,5,9,21,14,10,690,383.0,"1, GAMBETTA",,,Plein jour,En agglomération,Hors intersection,Normale,Deux véhicules - côté,,,,,,,,,,,1,2,1,1,3
200500061958,0005-09-22 19:30:00,5,9,22,19,30,690,383.0,"12, BELLICARD",,,Plein jour,En agglomération,Hors intersection,Normale,Deux véhicules - frontale,,,,,,,,,,,1,2,1,1,1
200500061959,0005-09-23 09:05:00,5,9,23,9,5,690,383.0,"64, RICHARD VITTON",,,Plein jour,En agglomération,Hors intersection,Normale,Autre collision,,,,,,,,,,,1,2,1,1,6