accident_id,datetime,annee,mois,jour,heure,minute,departement,commune_insee,adresse,latitude,longitude,luminosite,agglomeration,intersection,meteo,collision,nb_vehicules,nb_usagers,nb_indemnes,nb_tues,nb_blesses_hosp,nb_blesses_legers,age_cond_1,age_cond_2,veh_type_cond_1,veh_type_cond_2,lum_code,agg_code,int_code,atm_code,col_code
200500061960,0005-09-23 17:00:00,5,9,23,17,0,690,386.0,GRANDE BRETAGNE (DE),,,Plein jour,En agglomération,Hors intersection,Normale,Deux véhicules - arrière,,,,,,,,,,,1,2,1,1,2
200500061961,0005-09-24 14:55:00,5,9,24,14,55,690,386.0,JULES FERRY,,,Plein jour,En agglomération,Hors intersection,Normale,Deux véhicules - côté,,,,,,,,,,,1,2,1,1,3
200500061962,0005-09-22 10:50:00,5,9,22,10,50,690,383.0,DOCTEUR REBATEL (DU),,,Plein jour,En agglomération,Intersection en X,Normale,Deux véhicules - arrière,,,,,,,,,,,1,2,2,1,2
200500061963,0005-09-26 16:30:00,5,9,26,16,30,690,383.0,FELIX FAURE,,,Plein jour,En agglomération,Intersection en X,Normale,Deux véhicules - côté,,,,,,,,,,,1,2,2,1,3
200500061964,0005-09-27 01:20:00,5,9,27,1,20,690,386.0,CHARMETTES (DES),,,Nuit avec éclairage allumé,En agglomération,Intersection en X,Normale,Deux véhicules - côté,,,,,,,,,,,5,2,2,1,3
200500061965,0005-09-26 16:43:00,5,9,26,16,43,690,383.0,"58, FERDINAND BUISSON",,,Plein jour,En agglomération,Hors intersection,Normale,Autre collision,,,,,,,,,,,1,2,1,1,6
200500061966,0005-09-27 07:30:00,5,9,27,7,30,690,383.0,ALBERT THOMAS,,,Crépuscule ou aube,En agglomération,Hors intersection,Normale,Autre collision,,,,,,,,,,,2,2,1,1,6
200500061967,0005-09-27 14:15:00,5,9,27,14,15,690,383.0,GARIBALDI,,,Plein jour,En agglomération,Hors intersection,Normale,Deux véhicules - côté,,,,,,,,,,,1,2,1,1,3
200500061968,0005-09-30 22:35:00,5,9,30,22,35,690,383.0,BONNAND,,,Nuit avec éclairage allumé,En agglomération,Intersection en X,Normale,Deux véhicules - côté,,,,,,,,,,,5,2,2,1,3
200500061969,0005-09-29 10:40:00,5,9,29,10,40,690,383.0,"22, TURBIL",,,Plein jour,En agglomération,Hors intersection,Normale,Autre collision,,,,,,,,,,,1,2,1,1,6
200500061970,0005-09-07 15:00:00,5,9,7,15,0,690,384.0,"42, CANUTS (DES)",,,Plein jour,En agglomération,Intersection en X,Normale,Deux véhicules - côté,,,,,,,,,,,1,2,2,1,3
200500061971,0005-09-14 20:20:00,5,9,14,20,20,690,384.0,"17, JOSEPH GILLET",,,Nuit avec éclairage allumé,En agglomération,Intersection en T,Normale,Deux véhicules - côté,,,,,,,,,,,5,2,3,1,3
200500061972,0005-09-18 21:10:00,5,9,18,21,10,690,384.0,"98, HENON",,,Nuit avec éclairage allumé,En agglomération,Intersection en X,Pluie légère,Deux véhicules - côté,,,,,,,,,,,5,2,2,2,3
200500061973,0005-09-21 07:00:00,5,9,21,7,0,690,384.0,CROIX ROUSSE (TUNNEL DE,,,Nuit avec éclairage non allumé,En agglomération,Hors intersection,Normale,Deux véhicules - arrière,,,,,,,,,,,4,2,1,1,2
200500061974,0005-09-01 07:15:00,5,9,1,7,15,330,318.0,ROCADE,,,Plein jour,Hors agglomération,Hors intersection,Pluie légère,Sans collision,,,,,,,,,,,1,1,1,2,7
200500061975,0005-09-01 08:50:00,5,9,1,8,50,330,39.0,ROCADE,,,Plein jour,Hors agglomération,Hors intersection,Temps couvert,Deux véhicules - côté,,,,,,,,,,,1,1,1,8,3
200500061976,0005-09-01 09:30:00,5,9,1,9,30,330,63.0,ROCADE,,,Plein jour,Hors agglomération,Hors intersection,Pluie légère,Trois véhicules et plus - en chaîne,,,,,,,,,,,1,1,1,2,4
200500061977,0005-09-01 19:50:00,5,9,1,19,50,330,63.0,ROCADE,,,Plein jour,Hors agglomération,Hors intersection,Normale,Autre collision,,,,,,,,,,,1,1,1,1,6
200500061978,0005-09-02 18:02:00,5,9,2,18,2,330,90.0,AUTOROUTE,,,Plein jour,Hors agglomération,Hors intersection,Normale,Deux véhicules - arrière,,,,,,,,,,,1,1,1,1,2
200500061979,0005-09-04 07:40:00,5,9,4,7,40,330,162.0,ROCADE,,,Plein jour,Hors agglomération,Hors intersection,Normale,Autre collision,,,,,,,,,,,1,1,1,1,6
200500061980,0005-09-06 02:25:00,5,9,6,2,25,330,80.0,AUTOROUTE,,,Nuit sans éclairage public,Hors agglomération,Hors intersection,Normale,Autre collision,,,,,,,,,,,3,1,1,1,6
200500061981,0005-09-06 17:35:00,5,9,6,17,35,330,162.0,ROCADE,,,Plein jour,Hors agglomération,Hors intersection,Temps couvert,Deux véhicules - arrière,,,,,,,,,,,1,1,1,8,2
200500061982,0005-09-08 05:40:00,5,9,8,5,40,330,65.0,ROUTE NATIONALE,,,Nuit avec éclairage allumé,Hors agglomération,Hors intersection,Normale,Deux véhicules - côté,,,,,,,,,,,5,1,1,1,3
200500061983,0005-09-08 17:05:00,5,9,8,17,5,330,550.0,ROCADE,,,Plein jour,Hors agglomération,Hors intersection,Pluie légère,Autre collision,,,,,,,,,,,1,1,1,2,6
200500061984,0005-09-08 17:10:00,5,9,8,17,10,330,39.0,ROCADE,,,Plein jour,Hors agglomération,Hors intersection,Pluie légère,Trois véhicules et plus - collisions multiples,,,,,,,,,,,1,1,1,2,5
200500061985,0005-09-08 20:15:00,5,9,8,20,15,330,162.0,ROCADE,,,Crépuscule ou aube,Hors agglomération,Hors intersection,Pluie légère,Autre collision,,,,,,,,,,,2,1,1,2,6
200500061986,0005-09-08 22:30:00,5,9,8,22,30,330,65.0,ROUTE NATIONALE,,,Nuit avec éclairage allumé,Hors agglomération,Hors intersection,Pluie légère,Autre collision,,,,,,,,,,,5,1,1,2,6
200500061987,0005-09-11 08:50:00,5,9,11,8,50,330,448.0,AUTOROUTE,,,Plein jour,Hors agglomération,Hors intersection,Pluie légère,Deux véhicules - arrière,,,,,,,,,,,1,1,1,2,2
200500061988,0005-09-12 17:05:00,5,9,12,17,5,330,318.0,ROCADE,,,Plein jour,Hors agglomération,Hors intersection,Pluie légère,Autre collision,,,,,,,,,,,1,1,1,2,6
200500061989,0005-09-13 20:55:00,5,9,13,20,55,330,96.0,AUTOROUTE,,,Crépuscule ou aube,Hors agglomération,Hors intersection,Normale,Autre collision,,,,,,,,,,,2,1,1,1,6
200500061990,0005-09-14 21:15:00,5,9,14,21,15,330,192.0,ROCADE,,,Crépuscule ou aube,Hors agglomération,Hors intersection,Normale,Deux véhicules - arrière,,,,,,,,,,,2,1,1,1,2
200500061991,0005-09-16 15:50:00,5,9,16,15,50,330,162.0,ROCADE,,,Plein jour,Hors agglomération,Hors intersection,Pluie légère,Deux véhicules - arrière,,,,,,,,,,,1,1,1,2,2
200500061992,0005-09-17 13:25:00,5,9,17,13,25,330,397.0,AUTOROUTE,,,Plein jour,Hors agglomération,Hors intersection,Normale,Deux véhicules - côté,,,,,,,,,,,1,1,1,1,3
200500061993,0005-09-21 08:10:00,5,9,21,8,10,330,63.0,ROCADE,,,Plein jour,Hors agglomération,Hors intersection,Normale,Deux véhicules - arrière,,,,,,,,,,,1,1,1,1,2
200500061994,0005-09-22 15:25:00,5,9,22,15,25,330,63.0,ROCADE,,,Plein jour,Hors agglomération,Hors intersection,Normale,Deux véhicules - arrière,,,,,,,,,,,1,1,1,1,2
200500061995,0005-09-23 07:55:00,5,9,23,7,55,330,39.0,ROCADE,,,Plein jour,Hors agglomération,Hors intersection,Normale,Trois véhicules et plus - collisions multiples,,,,,,,,,,,1,1,1,1,5
200500061996,0005-09-23 08:55:00,5,9,23,8,55,330,75.0,ROCADE,,,Plein jour,Hors agglomération,Hors intersection,Normale,Trois véhicules et plus - collisions multiples,,,,,,,,,,,1,1,1,1,5
200500061997,0005-09-24 09:45:00,5,9,24,9,45,330,249.0,AUTOROUTE,,,Plein jour,Hors agglomération,Hors intersection,Normale,Deux véhicules - arrière,,,,,,,,,,,1,1,1,1,2
200500061998,0005-09-24 20:09:00,5,9,24,20,9,330,65.0,ROUTE NATIONALE,,,Plein jour,Hors agglomération,Hors intersection,Normale,Deux véhicules - arrière,,,,,,,,,,,1,1,1,1,2
200500061999,0005-09-25 01:25:00,5,9,25,1,25,330,122.0,AUTOROUTE,,,Nuit sans éclairage public,Hors agglomération,Hors intersection,Normale,Autre collision,,,,,,,,,,,3,1,1,1,6
200500062000,0005-09-25 15:50:00,5,9,25,15,50,330,318.0,AUTOROUTE,,,Plein jour,Hors agglomération,Hors intersection,Pluie légère,Autre collision,,,,,,,,,,,1,1,1,2,6
200500062001,0005-09-25 16:16:00,5,9,25,16,16,330,39.0,ROCADE,,,Plein jour,Hors agglomération,Hors intersection,Pluie légère,Autre collision,,,,,,,,,,,1,1,1,2,6
200500062002,0005-09-25 16:43:00,5,9,25,16,43,330,65.0,ROUTE NATIONALE,,,Plein jour,Hors agglomération,Hors intersection,Temps couvert,Trois véhicules et plus - collisions multiples,,,,,,,,,,,1,1,1,8,5
200500062003,0005-09-25 18:30:00,5,9,25,18,30,330,167.0,ROUTE NATIONALE,,,Plein jour,Hors agglomération,Hors intersection,Normale,Autre collision,,,,,,,,,,,1,1,1,1,6
200500062004,0005-09-27 07:55:00,5,9,27,7,55,330,162.0,ROCADE,,,Crépuscule ou aube,Hors agglomération,Hors intersection,Normale,Trois véhicules et plus - collisions multiples,,,,,,,,,,,2,1,1,1,5
200500062005,0005-09-27 12:30:00,5,9,27,12,30,330,448.0,AUTOROUTE,,,Plein jour,Hors agglomération,Hors intersection,Normale,Autre collision,,,,,,,,,,,1,1,1,1,6
200500062006,0005-09-28 16:35:00,5,9,28,16,35,330,39.0,ROUTE NATIONALE,,,Plein jour,Hors agglomération,Hors intersection,Normale,Autre collision,,,,,,,,,,,1,1,1,1,6
200500062007,0005-09-02 23:10:00,5,9,2,23,10,690,385.0,"0, COMMANDANT CHARCOT (D",,,Nuit avec éclairage allumé,En agglomération,Intersection en X,Normale,Deux véhicules - côté,,,,,,,,,,,5,2,2,1,3
200500062008,0005-09-24 03:55:00,5,9,24,3,55,690,385.0,"67, PIERRE SCIZE",,,Nuit avec éclairage non allumé,En agglomération,Hors intersection,Normale,Autre collision,,,,,,,,,,,4,2,1,1,6
200500062009,0005-09-26 17:30:00,5,9,26,17,30,690,385.0,"26/28, COMMANDANT CHARCO",,,Plein jour,En agglomération,Hors intersection,Temps couvert,Autre collision,,,,,,,,,,,1,2,1,8,6
200500062010,0005-09-29 20:30:00,5,9,29,20,30,690,385.0,"15, FULCHIRON",,,Nuit avec éclairage allumé,En agglomération,Hors intersection,Normale,Autre collision,,,,,,,,,,,5,2,1,1,6
200500062011,0005-09-02 16:50:00,5,9,2,16,50,670,124.0,Autoroute A.35,,,Plein jour,Hors agglomération,Hors intersection,Normale,Deux véhicules - arrière,,,,,,,,,,,1,1,1,1,2
200500062012,0005-09-03 21:10:00,5,9,3,21,10,670,137.0,Route Nationale 83,,,Nuit sans éclairage public,Hors agglomération,Hors intersection,Normale,Deux véhicules - arrière,,,,,,,,,,,3,1,1,1,2
200500062013,0005-09-10 16:50:00,5,9,10,16,50,670,482.0,Autoroute A.35,,,Plein jour,Hors agglomération,Hors intersection,Pluie légère,Deux véhicules - arrière,,,,,,,,,,,1,1,1,2,2
200500062014,0005-09-23 21:05:00,5,9,23,21,5,670,482.0,Autoroute A.35,,,Nuit sans éclairage public,Hors agglomération,Hors intersection,Normale,Sans collision,,,,,,,,,,,3,1,1,1,7
200500062015,0005-09-10 15:50:00,5,9,10,15,50,540,328.0,Autoroute A 330,,,Plein jour,Hors agglomération,Hors intersection,Normale,Autre collision,,,,,,,,,,,1,1,1,1,6
200500062016,0005-09-11 17:43:00,5,9,11,17,43,540,115.0,Autoroute A31,,,Plein jour,Hors agglomération,Hors intersection,Pluie forte,Deux véhicules - côté,,,,,,,,,,,1,1,1,3,3
200500062017,0005-09-12 06:15:00,5,9,12,6,15,540,483.0,Autoroute A33,,,Plein jour,Hors agglomération,Hors intersection,Pluie forte,Autre collision,,,,,,,,,,,1,1,1,3,6
200500062018,0005-09-13 13:40:00,5,9,13,13,40,540,571.0,Autoroute A 33,,,Plein jour,Hors agglomération,Hors intersection,Temps couvert,Autre collision,,,,,,,,,,,1,1,1,8,6
200500062019,0005-09-20 15:45:00,5,9,20,15,45,540,159.0,Autoroute A 33,,,Plein jour,Hors agglomération,Hors intersection,Normale,Deux véhicules - arrière,,,,,,,,,,,1,1,1,1,2
200500062020,0005-09-20 03:15:00,5,9,20,3,15,540,578.0,Autoroute A 33,,,Nuit sans éclairage public,Hors agglomération,Hors intersection,Normale,Deux véhicules - arrière,,,,,,,,,,,3,1,1,1,2
200500062021,0005-09-17 17:47:00,5,9,17,17,47,570,412.0,Autoroute A31,,,Plein jour,Hors agglomération,Hors intersection,Normale,Trois véhicules et plus - en chaîne,,,,,,,,,,,1,1,1,1,4
200500062022,0005-09-18 11:12:00,5,9,18,11,12,570,582.0,Autoroute A30,,,Plein jour,Hors agglomération,Hors intersection,Normale,Trois véhicules et plus - collisions multiples,,,,,,,,,,,1,1,1,1,5
200500062023,0005-09-23 17:40:00,5,9,23,17,40,570,463.0,Autoroute A31,,,Plein jour,Hors agglomération,Hors intersection,Normale,Trois véhicules et plus - en chaîne,,,,,,,,,,,1,1,1,1,4
200500062024,0005-09-29 12:10:00,5,9,29,12,10,570,452.0,Autoroute A31,,,Plein jour,Hors agglomération,Hors intersection,Normale,Deux véhicules - arrière,,,,,,,,,,,1,1,1,1,2
200500062025,0005-09-02 21:30:00,5,9,2,21,30,690,387.0,UNIVERSITE (DE L'),,,Nuit avec éclairage allumé,En agglomération,Intersection en X,Normale,Deux véhicules - côté,,,,,,,,,,,5,2,2,1,3
200500062026,0005-09-05 13:40:00,5,9,5,13,40,690,387.0,"25, DEBOURG",,,Plein jour,En agglomération,Hors intersection,Pluie légère,Autre collision,,,,,,,,,,,1,2,1,2,6
200500062027,0005-09-07 14:10:00,5,9,7,14,10,690,387.0,GERLAND (DE),,,Plein jour,En agglomération,Intersection en X,Normale,Sans collision,,,,,,,,,,,1,2,2,1,7
200500062028,0005-09-11 00:30:00,5,9,11,0,30,690,387.0,YVES FARGES,,,Nuit avec éclairage allumé,En agglomération,Intersection en X,Normale,Deux véhicules - côté,,,,,,,,,,,5,2,2,1,3
200500062029,0005-09-13 10:40:00,5,9,13,10,40,690,388.0,BERTHELOT,,,Plein jour,En agglomération,Intersection en T,Normale,Deux véhicules - arrière,,,,,,,,,,,1,2,3,1,2
200500062030,0005-09-16 15:45:00,5,9,16,15,45,690,387.0,GERLAND (DE),,,Plein jour,En agglomération,Hors intersection,Normale,Autre collision,,,,,,,,,,,1,2,1,1,6
200500062031,0005-09-20 16:30:00,5,9,20,16,30,690,387.0,"62, LECLERC",,,Plein jour,En agglomération,Hors intersection,Normale,Autre collision,,,,,,,,,,,1,2,1,1,6
200500062032,0005-09-09 15:20:00,5,9,9,15,20,690,387.0,ARTILLERIE (DE L'),,,Plein jour,En agglomération,Intersection en X,Normale,Autre collision,,,,,,,,,,,1,2,2,1,6
200500062033,0005-09-21 13:20:00,5,9,21,13,20,690,387.0,JEAN JAURES,,,Plein jour,En agglomération,Intersection en X,Normale,Deux véhicules - côté,,,,,,,,,,,1,2,2,1,3
200500062034,0005-09-27 15:30:00,5,9,27,15,30,690,387.0,CLAUDE BERNARD,,,Plein jour,En agglomération,Intersection en T,Normale,Deux véhicules - côté,,,,,,,,,,,1,2,3,1,3
200500062035,0005-09-29 15:50:00,5,9,29,15,50,690,387.0,"40, GAMBETTA",,,Plein jour,En agglomération,Intersection en X,Normale,Deux véhicules - arrière,,,,,,,,,,,1,2,2,1,2
200500062036,0005-09-29 18:40:00,5,9,29,18,40,690,387.0,"20, CLAUDE BERNARD",,,Plein jour,En agglomération,Hors intersection,Normale,Trois véhicules et plus - en chaîne,,,,,,,,,,,1,2,1,1,4
200500062037,0005-09-30 17:45:00,5,9,30,17,45,690,387.0,TONY GARNIER,,,Plein jour,En agglomération,Hors intersection,Normale,Deux véhicules - côté,,,,,,,,,,,1,2,1,1,3
200500062038,0005-09-02 21:00:00,5,9,2,21,0,690,388.0,"206, VIENNE (DE)",,,Nuit avec éclairage allumé,En agglomération,Hors intersection,Normale,Autre collision,,,,,,,,,,,5,2,1,1,6
200500062039,0005-09-19 18:43:00,5,9,19,18,43,690,388.0,"207, VIENNE (DE)",,,Plein jour,En agglomération,Hors intersection,Normale,Autre collision,,,,,,,,,,,1,2,1,1,6
200500062040,0005-09-22 16:15:00,5,9,22,16,15,690,388.0,"21, ETATS UNIS (DES)",,,Plein jour,En agglomération,Hors intersection,Normale,Autre collision,,,,,,,,,,,1,2,1,1,6
200500062041,0005-09-22 08:50:00,5,9,22,8,50,690,388.0,"00, FRERES LUMIERE (DES)",,,Plein jour,En agglomération,Intersection en X,Normale,Autre collision,,,,,,,,,,,1,2,2,1,6
200500062042,0005-09-26 13:50:00,5,9,26,13,50,690,388.0,"40, LAENNEC",,,Plein jour,En agglomération,Hors intersection,Normale,Deux véhicules - côté,,,,,,,,,,,1,2,1,1,3
200500062043,0005-09-26 13:20:00,5,9,26,13,20,690,388.0,"149, VIENNE (DE)",,,Plein jour,En agglomération,Hors intersection,Normale,Deux véhicules - côté,,,,,,,,,,,1,2,1,1,3
200500062044,0005-09-26 20:20:00,5,9,26,20,20,690,388.0,"00, ETATS UNIS (DES)",,,Nuit avec éclairage allumé,En agglomération,Intersection en X,Normale,Deux véhicules - côté,,,,,,,,,,,5,2,2,1,3
200500062045,0005-09-27 07:30:00,5,9,27,7,30,690,388.0,"00, MARIUS BERLIET",,,Plein jour,En agglomération,Intersection en T,Normale,Deux véhicules - côté,,,,,,,,,,,1,2,3,1,3
200500062046,0005-09-29 11:45:00,5,9,29,11,45,690,388.0,"00, PROFESSEUR BEAUVISAG",,,Plein jour,En agglomération,Intersection en T,Normale,Autre collision,,,,,,,,,,,1,2,3,1,6
200500062047,0005-09-29 11:55:00,5,9,29,11,55,690,388.0,ETATS UNIS (DES),,,Plein jour,En agglomération,Intersection en X,Normale,Autre collision,,,,,,,,,,,1,2,2,1,6
200500062048,0005-09-04 18:42:00,5,9,4,18,42,420,207.0,RN88 CROISSANT,,,Plein jour,Hors agglomération,Hors intersection,Normale,Sans collision,,,,,,,,,,,1,1,1,1,7
200500062049,0005-09-15 22:00:00,5,9,15,22,0,420,207.0,RN88,,,Nuit sans éclairage public,Hors agglomération,Hors intersection,Normale,Autre collision,,,,,,,,,,,3,1,1,1,6
200500062050,0005-09-19 17:50:00,5,9,19,17,50,420,123.0,RN88,,,Plein jour,Hors agglomération,Hors intersection,Normale,Sans collision,,,,,,,,,,,1,1,1,1,7
200500062051,0005-09-01 08:25:00,5,9,1,8,25,690,271.0,RN7,,,Plein jour,Hors agglomération,Hors intersection,Normale,Deux véhicules - arrière,,,,,,,,,,,1,1,1,1,2
200500062052,0005-09-01 10:00:00,5,9,1,10,0,690,199.0,RN383,,,Plein jour,Hors agglomération,Hors intersection,Normale,Autre collision,,,,,,,,,,,1,1,1,1,6
200500062053,0005-09-01 21:00:00,5,9,1,21,0,380,487.0,A7,,,Nuit sans éclairage public,Hors agglomération,Hors intersection,Normale,Deux véhicules - arrière,,,,,,,,,,,3,1,1,1,2
200500062054,0005-09-03 00:15:00,5,9,3,0,15,690,278.0,A72,,,Nuit sans éclairage public,Hors agglomération,Hors intersection,Normale,Autre collision,,,,,,,,,,,3,1,1,1,6
200500062055,0005-09-04 15:00:00,5,9,4,15,0,380,544.0,A7,,,Plein jour,Hors agglomération,Hors intersection,Normale,Trois véhicules et plus - en chaîne,,,,,,,,,,,1,1,1,1,4
200500062056,0005-09-04 22:30:00,5,9,4,22,30,690,29.0,RN383,,,Nuit avec éclairage allumé,Hors agglomération,Hors intersection,Normale,Autre collision,,,,,,,,,,,5,1,1,1,6
200500062057,0005-09-05 17:13:00,5,9,5,17,13,690,276.0,A7,,,Plein jour,Hors agglomération,Hors intersection,Temps couvert,Trois véhicules et plus - collisions multiples,,,,,,,,,,,1,1,1,8,5
200500062058,0005-09-06 14:15:00,5,9,6,14,15,690,256.0,A7,,,Plein jour,Hors agglomération,Hors intersection,Pluie forte,Autre collision,,,,,,,,,,,1,1,1,3,6
200500062059,0005-09-06 16:30:00,5,9,6,16,30,690,29.0,A6,,,Plein jour,Hors agglomération,Hors intersection,Pluie légère,Deux véhicules - arrière,,,,,,,,,,,1,1,1,2,2
200500062060,0005-09-06 17:00:00,5,9,6,17,0,690,199.0,RN383,,,Plein jour,Hors agglomération,Hors intersection,Pluie légère,Deux véhicules - arrière,,,,,,,,,,,1,1,1,2,2
200500062061,0005-09-08 14:58:00,5,9,8,14,58,690,29.0,RN383,,,Plein jour,Hors agglomération,Hors intersection,Pluie légère,Autre collision,,,,,,,,,,,1,1,1,2,6
200500062062,0005-09-09 15:00:00,5,9,9,15,0,690,72.0,A6,,,Plein jour,Hors agglomération,Hors intersection,Normale,Deux véhicules - arrière,,,,,,,,,,,1,1,1,1,2
200500062063,0005-09-10 07:05:00,5,9,10,7,5,690,389.0,A6,,,Plein jour,Hors agglomération,Hors intersection,Normale,Deux véhicules - arrière,,,,,,,,,,,1,1,1,1,2
200500062064,0005-09-10 12:25:00,5,9,10,12,25,380,544.0,N407,,,Plein jour,Hors agglomération,Intersection en T,Normale,Deux véhicules - côté,,,,,,,,,,,1,1,3,1,3
200500062065,0005-09-11 05:15:00,5,9,11,5,15,690,256.0,A42,,,Nuit avec éclairage allumé,Hors agglomération,Hors intersection,Normale,Sans collision,,,,,,,,,,,5,1,1,1,7
200500062066,0005-09-12 15:00:00,5,9,12,15,0,380,544.0,A450,,,Plein jour,Hors agglomération,Hors intersection,Normale,Autre collision,,,,,,,,,,,1,1,1,1,6
200500062067,0005-09-12 15:35:00,5,9,12,15,35,380,544.0,RN7,,,Plein jour,Hors agglomération,Hors intersection,Normale,Deux véhicules - arrière,,,,,,,,,,,1,1,1,1,2
200500062068,0005-09-13 16:05:00,5,9,13,16,5,690,33.0,A47,,,Plein jour,Hors agglomération,Hors intersection,Normale,Sans collision,,,,,,,,,,,1,1,1,1,7
200500062069,0005-09-15 05:10:00,5,9,15,5,10,690,266.0,RN383,,,Nuit avec éclairage allumé,Hors agglomération,Intersection en Y,Normale,Trois véhicules et plus - collisions multiples,,,,,,,,,,,5,1,4,1,5
200500062070,0005-09-15 16:40:00,5,9,15,16,40,690,286.0,A47,,,Plein jour,Hors agglomération,Hors intersection,Normale,Deux véhicules - arrière,,,,,,,,,,,1,1,1,1,2
200500062071,0005-09-16 11:50:00,5,9,16,11,50,690,149.0,A450,,,Plein jour,Hors agglomération,Hors intersection,Normale,Deux véhicules - arrière,,,,,,,,,,,1,1,1,1,2
200500062072,0005-09-16 18:07:00,5,9,16,18,7,690,81.0,RN346,,,Plein jour,Hors agglomération,Hors intersection,Normale,Sans collision,,,,,,,,,,,1,1,1,1,7
200500062073,0005-09-18 05:10:00,5,9,18,5,10,380,487.0,A7,,,Nuit sans éclairage public,Hors agglomération,Hors intersection,Normale,Trois véhicules et plus - collisions multiples,,,,,,,,,,,3,1,1,1,5
200500062074,0005-09-22 00:30:00,5,9,22,0,30,690,27.0,A450,,,Nuit sans éclairage public,Hors agglomération,Hors intersection,Normale,Deux véhicules - frontale,,,,,,,,,,,3,1,1,1,1
200500062075,0005-09-22 20:15:00,5,9,22,20,15,690,125.0,A7,,,Nuit avec éclairage allumé,Hors agglomération,Hors intersection,Normale,Trois véhicules et plus - en chaîne,,,,,,,,,,,5,1,1,1,4
200500062076,0005-09-23 08:15:00,5,9,23,8,15,690,271.0,RN88,,,Plein jour,Hors agglomération,Hors intersection,Normale,Deux véhicules - arrière,,,,,,,,,,,1,1,1,1,2
200500062077,0005-09-23 15:10:00,5,9,23,15,10,420,307.0,A46N,,,Plein jour,Hors agglomération,Hors intersection,Normale,Trois véhicules et plus - collisions multiples,,,,,,,,,,,1,1,1,1,5
200500062078,0005-09-24 09:15:00,5,9,24,9,15,690,290.0,A43,,,Plein jour,Hors agglomération,Autre intersection,Normale,Autre collision,,,,,,,,,,,1,1,9,1,6
200500062079,0005-09-25 08:40:00,5,9,25,8,40,690,29.0,A6,,,Plein jour,Hors agglomération,Hors intersection,Pluie légère,Deux véhicules - côté,,,,,,,,,,,1,1,1,2,3
200500062080,0005-09-25 10:05:00,5,9,25,10,5,690,29.0,RN383,,,Plein jour,Hors agglomération,Autre intersection,Temps couvert,Deux véhicules - côté,,,,,,,,,,,1,1,9,8,3
200500062081,0005-09-25 19:55:00,5,9,25,19,55,690,287.0,A43,,,Nuit sans éclairage public,Hors agglomération,Hors intersection,Pluie légère,Deux véhicules - arrière,,,,,,,,,,,3,1,1,2,2
200500062082,0005-09-26 08:30:00,5,9,26,8,30,690,204.0,A450,,,Plein jour,Hors agglomération,Hors intersection,Normale,Deux véhicules - arrière,,,,,,,,,,,1,1,1,1,2
200500062083,0005-09-26 12:00:00,5,9,26,12,0,690,389.0,BPNL,,,Plein jour,Hors agglomération,Hors intersection,Normale,Autre collision,,,,,,,,,,,1,1,1,1,6
200500062084,0005-09-27 07:55:00,5,9,27,7,55,690,290.0,RN346,,,Plein jour,Hors agglomération,Hors intersection,Normale,Deux véhicules - arrière,,,,,,,,,,,1,1,1,1,2
200500062085,0005-09-29 00:40:00,5,9,29,0,40,690,275.0,N407,,,Nuit avec éclairage allumé,Hors agglomération,Autre intersection,Normale,Autre collision,,,,,,,,,,,5,1,9,1,6
200500062086,0005-09-29 09:30:00,5,9,29,9,30,690,297.0,A46N,,,Plein jour,Hors agglomération,Hors intersection,Normale,Deux véhicules - arrière,,,,,,,,,,,1,1,1,1,2
200500062087,0005-09-29 19:10:00,5,9,29,19,10,690,29.0,RN383,,,Crépuscule ou aube,Hors agglomération,Hors intersection,Temps couvert,Trois véhicules et plus - en chaîne,,,,,,,,,,,2,1,1,8,4
200500062088,0005-09-30 05:15:00,5,9,30,5,15,690,382.0,A7,,,Nuit sans éclairage public,Hors agglomération,Hors intersection,Normale,Autre collision,,,,,,,,,,,3,1,1,1,6
200500062089,0005-09-30 12:30:00,5,9,30,12,30,690,286.0,A46N,,,Plein jour,Hors agglomération,Hors intersection,Normale,Autre collision,,,,,,,,,,,1,1,1,1,6
200500062090,0005-09-20 11:20:00,5,9,20,11,20,690,389.0,"33, RAOUL CARRIE",,,Plein jour,En agglomération,Hors intersection,Normale,Autre collision,,,,,,,,,,,1,2,1,1,6
200500062091,0005-09-08 07:35:00,5,9,8,7,35,690,389.0,"89, GORGE DE LOUP",,,Plein jour,En agglomération,Hors intersection,Normale,Deux véhicules - côté,,,,,,,,,,,1,2,1,1,3
200500062092,0005-09-28 15:30:00,5,9,28,15,30,690,389.0,"0, SERGENT MICHEL BERTHE",,,Plein jour,En agglomération,Intersection en T,Normale,Autre collision,,,,,,,,,,,1,2,3,1,6
200500062093,0005-09-01 21:05:00,5,9,1,21,5,830,137.0,A50,,,Nuit sans éclairage public,Hors agglomération,Hors intersection,Normale,Autre collision,,,,,,,,,,,3,1,1,1,6
200500062094,0005-09-02 14:00:00,5,9,2,14,0,830,144.0,A57,,,Plein jour,Hors agglomération,Hors intersection,Normale,Sans collision,,,,,,,,,,,1,1,1,1,7
200500062095,0005-09-03 17:50:00,5,9,3,17,50,830,137.0,A57,,,Plein jour,Hors agglomération,Hors intersection,Normale,Deux véhicules - arrière,,,,,,,,,,,1,1,1,1,2