accident_id,datetime,annee,mois,jour,heure,minute,departement,commune_insee,adresse,latitude,longitude,luminosite,agglomeration,intersection,meteo,collision,nb_vehicules,nb_usagers,nb_indemnes,nb_tues,nb_blesses_hosp,nb_blesses_legers,age_cond_1,age_cond_2,veh_type_cond_1,veh_type_cond_2,lum_code,agg_code,int_code,atm_code,col_code
200500062361,0005-09-10 12:48:00,5,9,10,12,48,780,466.0,A14,,,Plein jour,Hors agglomération,Hors intersection,Temps couvert,Autre collision,,,,,,,,,,,1,1,1,8,6
200500062362,0005-08-24 09:00:00,5,8,24,9,0,920,25.0,A86,,,Plein jour,Hors agglomération,Hors intersection,Normale,Deux véhicules - côté,,,,,,,,,,,1,1,1,1,3
200500062363,0005-08-16 09:50:00,5,8,16,9,50,780,423.0,A12Y,,,Plein jour,Hors agglomération,Hors intersection,Normale,Deux véhicules - côté,,,,,,,,,,,1,1,1,1,3
200500062364,0005-01-26 12:44:00,5,1,26,12,44,620,274.0,AUTOROUTE A21,,,Plein jour,Hors agglomération,Hors intersection,Normale,Autre collision,,,,,,,,,,,1,1,1,1,6
200500062365,0005-05-21 18:25:00,5,5,21,18,25,590,410.0,ROUTE NATIONALE 356,,,Plein jour,Hors agglomération,Hors intersection,Normale,Deux véhicules - côté,,,,,,,,,,,1,1,1,1,3
200500062366,0005-06-19 02:40:00,5,6,19,2,40,590,350.0,ROUTE NATIONALE 351,,,Nuit avec éclairage allumé,Hors agglomération,Hors intersection,Normale,Deux véhicules - arrière,,,,,,,,,,,5,1,1,1,2
200500062367,0005-08-19 12:55:00,5,8,19,12,55,590,350.0,ROUTE NATIONALE 356,,,Plein jour,Hors agglomération,Hors intersection,Pluie forte,Deux véhicules - arrière,,,,,,,,,,,1,1,1,3,2
200500062368,0005-01-04 13:20:00,5,1,4,13,20,670,482.0,Autoroute A.35,,,Plein jour,Hors agglomération,Hors intersection,Normale,Trois véhicules et plus - en chaîne,,,,,,,,,,,1,1,1,1,4
200500062369,0005-01-14 16:45:00,5,1,14,16,45,670,482.0,Autoroute A.35,,,Plein jour,Hors agglomération,Hors intersection,Normale,Deux véhicules - arrière,,,,,,,,,,,1,1,1,1,2
200500062370,0005-01-16 22:05:00,5,1,16,22,5,670,482.0,Autoroute A.351,,,Nuit avec éclairage allumé,Hors agglomération,Hors intersection,Brouillard / fumée,Sans collision,,,,,,,,,,,5,1,1,5,7
200500062371,0005-01-27 08:35:00,5,1,27,8,35,670,365.0,Autoroute A.35,,,Plein jour,Hors agglomération,Hors intersection,Normale,Deux véhicules - arrière,,,,,,,,,,,1,1,1,1,2
200500062372,0005-01-27 14:00:00,5,1,27,14,0,670,482.0,Autoroute A.35,,,Plein jour,Hors agglomération,Intersection en Y,Normale,Sans collision,,,,,,,,,,,1,1,4,1,7
200500062373,0005-02-01 13:00:00,5,2,1,13,0,670,482.0,N.4 CONTOURNEMENT-SUD,,,Plein jour,Hors agglomération,Hors intersection,Normale,Deux véhicules - côté,,,,,,,,,,,1,1,1,1,3
200500062374,0005-02-10 21:05:00,5,2,10,21,5,670,365.0,Autoroute A.35,,,Nuit sans éclairage public,Hors agglomération,Hors intersection,Temps couvert,Trois véhicules et plus - en chaîne,,,,,,,,,,,3,1,1,8,4
200500062375,0005-02-21 12:10:00,5,2,21,12,10,670,482.0,Autoroute A.351,,,Plein jour,Hors agglomération,Hors intersection,Normale,Trois véhicules et plus - en chaîne,,,,,,,,,,,1,1,1,1,4
200500062376,0005-02-27 11:35:00,5,2,27,11,35,670,152.0,Autoroute A.35,,,Plein jour,Hors agglomération,Hors intersection,Neige / grêle,Sans collision,,,,,,,,,,,1,1,1,4,7
200500062377,0005-03-12 15:15:00,5,3,12,15,15,670,482.0,Autoroute A.35,,,Plein jour,Hors agglomération,Hors intersection,Temps couvert,Trois véhicules et plus - en chaîne,,,,,,,,,,,1,1,1,8,4
200500062378,0005-03-13 11:25:00,5,3,13,11,25,670,471.0,Autoroute A.4,,,Plein jour,Hors agglomération,Hors intersection,Normale,Deux véhicules - arrière,,,,,,,,,,,1,1,1,1,2
200500062379,0005-03-14 07:45:00,5,3,14,7,45,670,471.0,Autoroute A.4,,,Plein jour,Hors agglomération,Hors intersection,Normale,Trois véhicules et plus - en chaîne,,,,,,,,,,,1,1,1,1,4
200500062380,0005-04-01 18:50:00,5,4,1,18,50,670,152.0,Autoroute A.35,,,Plein jour,Hors agglomération,Hors intersection,Normale,Deux véhicules - arrière,,,,,,,,,,,1,1,1,1,2
200500062381,0005-04-10 00:35:00,5,4,10,0,35,670,471.0,Autoroute A.4,,,Nuit sans éclairage public,Hors agglomération,Hors intersection,Normale,Sans collision,,,,,,,,,,,3,1,1,1,7
200500062382,0005-04-11 07:20:00,5,4,11,7,20,670,482.0,Autoroute A.35,,,Plein jour,Hors agglomération,Hors intersection,Normale,Deux véhicules - côté,,,,,,,,,,,1,1,1,1,3
200500062383,0005-04-12 18:15:00,5,4,12,18,15,670,218.0,Nationale 353,,,Plein jour,Hors agglomération,Hors intersection,Normale,Sans collision,,,,,,,,,,,1,1,1,1,7
200500062384,0005-04-17 21:22:00,5,4,17,21,22,670,152.0,Autoroute A.35,,,Nuit sans éclairage public,Hors agglomération,Hors intersection,Pluie forte,Sans collision,,,,,,,,,,,3,1,1,3,7
200500062385,0005-04-25 09:00:00,5,4,25,9,0,670,482.0,Autoroute A.35,,,Plein jour,Hors agglomération,Hors intersection,Normale,Deux véhicules - côté,,,,,,,,,,,1,1,1,1,3
200500062386,0005-05-03 09:35:00,5,5,3,9,35,670,471.0,Autoroute A.4,,,Plein jour,Hors agglomération,Hors intersection,Temps couvert,Sans collision,,,,,,,,,,,1,1,1,8,7
200500062387,0005-05-20 12:20:00,5,5,20,12,20,670,152.0,Autoroute A.35,,,Plein jour,Hors agglomération,Hors intersection,Normale,Sans collision,,,,,,,,,,,1,1,1,1,7
200500062388,0005-05-22 14:00:00,5,5,22,14,0,670,49.0,Autoroute A.35,,,Plein jour,Hors agglomération,Hors intersection,Temps couvert,Sans collision,,,,,,,,,,,1,1,1,8,7
200500062389,0005-05-28 13:30:00,5,5,28,13,30,670,482.0,N.4 CONTOURNEMENT-SUD,,,Plein jour,Hors agglomération,Hors intersection,Normale,Deux véhicules - arrière,,,,,,,,,,,1,1,1,1,2
200500062390,0005-06-02 08:15:00,5,6,2,8,15,670,218.0,Autoroute A.35,,,Plein jour,Hors agglomération,Hors intersection,Normale,Deux véhicules - côté,,,,,,,,,,,1,1,1,1,3
200500062391,0005-06-02 17:10:00,5,6,2,17,10,670,482.0,Autoroute A.35,,,Plein jour,Hors agglomération,Intersection en T,Normale,Sans collision,,,,,,,,,,,1,1,3,1,7
200500062392,0005-06-08 09:55:00,5,6,8,9,55,670,365.0,Autoroute A.35,,,Plein jour,Hors agglomération,Hors intersection,Normale,Deux véhicules - arrière,,,,,,,,,,,1,1,1,1,2
200500062393,0005-06-15 18:45:00,5,6,15,18,45,670,551.0,Autoroute A.351,,,Plein jour,Hors agglomération,Hors intersection,Normale,Deux véhicules - arrière,,,,,,,,,,,1,1,1,1,2
200500062394,0005-06-17 17:55:00,5,6,17,17,55,670,43.0,Autoroute A.4,,,Plein jour,Hors agglomération,Hors intersection,Normale,Trois véhicules et plus - en chaîne,,,,,,,,,,,1,1,1,1,4
200500062395,0005-06-20 08:00:00,5,6,20,8,0,670,365.0,Autoroute A.35,,,Plein jour,Hors agglomération,Hors intersection,Normale,Deux véhicules - arrière,,,,,,,,,,,1,1,1,1,2
200500062396,0005-06-22 16:30:00,5,6,22,16,30,670,152.0,Autoroute A.35,,,Plein jour,Hors agglomération,Hors intersection,Normale,Sans collision,,,,,,,,,,,1,1,1,1,7
200500062397,0005-07-15 09:35:00,5,7,15,9,35,670,137.0,Route Nationale 83,,,Plein jour,Hors agglomération,Hors intersection,Normale,Sans collision,,,,,,,,,,,1,1,1,1,7
200500062398,0005-07-25 14:00:00,5,7,25,14,0,670,482.0,Autoroute A.350,,,Plein jour,Hors agglomération,Hors intersection,Pluie légère,Sans collision,,,,,,,,,,,1,1,1,2,7
200500062399,0005-08-01 14:10:00,5,8,1,14,10,670,152.0,Route Nationale 83,,,Plein jour,Hors agglomération,Hors intersection,Normale,Trois véhicules et plus - en chaîne,,,,,,,,,,,1,1,1,1,4
200500062400,0005-08-05 18:30:00,5,8,5,18,30,670,482.0,N.4 CONTOURNEMENT-SUD,,,Plein jour,Hors agglomération,Hors intersection,Normale,Deux véhicules - côté,,,,,,,,,,,1,1,1,1,3
200500062401,0005-08-25 14:00:00,5,8,25,14,0,670,482.0,N.4 CONTOURNEMENT-SUD,,,Plein jour,Hors agglomération,Hors intersection,Pluie légère,Sans collision,,,,,,,,,,,1,1,1,2,7
200500062402,0005-08-25 16:05:00,5,8,25,16,5,670,482.0,Autoroute A.35,,,Plein jour,Hors agglomération,Hors intersection,Pluie légère,Trois véhicules et plus - collisions multiples,,,,,,,,,,,1,1,1,2,5
200500062403,0005-08-28 07:15:00,5,8,28,7,15,670,218.0,Autoroute A.35,,,Nuit sans éclairage public,Hors agglomération,Hors intersection,Normale,Sans collision,,,,,,,,,,,3,1,1,1,7
200500062404,0005-08-30 18:05:00,5,8,30,18,5,670,482.0,Autoroute A.35,,,Plein jour,Hors agglomération,Hors intersection,Normale,Trois véhicules et plus - en chaîne,,,,,,,,,,,1,1,1,1,4
200500062405,0005-08-30 19:10:00,5,8,30,19,10,670,118.0,Autoroute A.351,,,Plein jour,Hors agglomération,Hors intersection,Normale,Trois véhicules et plus - en chaîne,,,,,,,,,,,1,1,1,1,4
200500062406,0005-09-02 15:55:00,5,9,2,15,55,670,389.0,Autoroute A.4,,,Plein jour,Hors agglomération,Hors intersection,Normale,Trois véhicules et plus - en chaîne,,,,,,,,,,,1,1,1,1,4
200500062407,0005-09-15 10:00:00,5,9,15,10,0,670,447.0,Autoroute A.4,,,Plein jour,Hors agglomération,Hors intersection,Normale,Deux véhicules - côté,,,,,,,,,,,1,1,1,1,3
200500062408,0005-09-16 15:20:00,5,9,16,15,20,670,482.0,Autoroute A.35,,,Plein jour,Hors agglomération,Hors intersection,Pluie légère,Deux véhicules - côté,,,,,,,,,,,1,1,1,2,3
200500062409,0005-09-16 18:05:00,5,9,16,18,5,670,482.0,Autoroute A.351,,,Plein jour,Hors agglomération,Hors intersection,Pluie légère,Deux véhicules - côté,,,,,,,,,,,1,1,1,2,3
200500062410,0005-09-21 07:55:00,5,9,21,7,55,670,204.0,Autoroute A.4,,,Plein jour,Hors agglomération,Hors intersection,Normale,Deux véhicules - côté,,,,,,,,,,,1,1,1,1,3
200500062411,0005-09-23 14:55:00,5,9,23,14,55,670,482.0,Autoroute A.35,,,Plein jour,Hors agglomération,Hors intersection,Normale,Deux véhicules - arrière,,,,,,,,,,,1,1,1,1,2
200500062412,0005-03-27 11:40:00,5,3,27,11,40,420,44.0,RN88,,,Plein jour,Hors agglomération,Hors intersection,Normale,Deux véhicules - arrière,,,,,,,,,,,1,1,1,1,2
200500062413,0005-04-03 02:00:00,5,4,3,2,0,690,125.0,RN346,,,Nuit avec éclairage allumé,Hors agglomération,Hors intersection,Normale,Sans collision,,,,,,,,,,,5,1,1,1,7
200500062414,0005-05-14 22:00:00,5,5,14,22,0,690,296.0,A7,,,Nuit avec éclairage allumé,Hors agglomération,Hors intersection,Normale,Deux véhicules - arrière,,,,,,,,,,,5,1,1,1,2
200500062415,0005-05-18 08:00:00,5,5,18,8,0,690,29.0,RN383,,,Plein jour,Hors agglomération,Autre intersection,Normale,Deux véhicules - côté,,,,,,,,,,,1,1,9,1,3
200500062416,0005-05-20 21:40:00,5,5,20,21,40,690,282.0,RD302,,,Nuit sans éclairage public,Hors agglomération,Hors intersection,Normale,Autre collision,,,,,,,,,,,3,1,1,1,6
200500062417,0005-07-22 08:55:00,5,7,22,8,55,690,199.0,RN383,,,Plein jour,Hors agglomération,Hors intersection,Normale,Sans collision,,,,,,,,,,,1,1,1,1,7
200500062418,0005-08-09 23:17:00,5,8,9,23,17,690,290.0,A46S,,,Nuit avec éclairage allumé,Hors agglomération,Hors intersection,Normale,Deux véhicules - arrière,,,,,,,,,,,5,1,1,1,2
200500062419,0005-09-01 08:00:00,5,9,1,8,0,380,449.0,A43,,,Plein jour,Hors agglomération,Hors intersection,Normale,Deux véhicules - arrière,,,,,,,,,,,1,1,1,1,2
200500062420,0005-09-12 08:30:00,5,9,12,8,30,690,199.0,RN383,,,Plein jour,Hors agglomération,Hors intersection,Normale,Deux véhicules - arrière,,,,,,,,,,,1,1,1,1,2
200500062421,0005-09-22 23:30:00,5,9,22,23,30,690,287.0,A43,,,Nuit sans éclairage public,Hors agglomération,Hors intersection,Normale,Trois véhicules et plus - collisions multiples,,,,,,,,,,,3,1,1,1,5
200500062422,0005-09-23 15:10:00,5,9,23,15,10,690,199.0,A7,,,Plein jour,Hors agglomération,Hors intersection,Normale,Trois véhicules et plus - collisions multiples,,,,,,,,,,,1,1,1,1,5
200500062423,0005-02-04 18:05:00,5,2,4,18,5,830,137.0,A50,,,Crépuscule ou aube,Hors agglomération,Hors intersection,Normale,Deux véhicules - côté,,,,,,,,,,,2,1,1,1,3
200500062424,0005-02-22 07:00:00,5,2,22,7,0,830,137.0,A50,,,Plein jour,Hors agglomération,Hors intersection,Normale,Sans collision,,,,,,,,,,,1,1,1,1,7
200500062425,0005-02-23 09:30:00,5,2,23,9,30,830,27.0,A50,,,Plein jour,Hors agglomération,Hors intersection,Normale,Autre collision,,,,,,,,,,,1,1,1,1,6
200500062426,0005-05-05 12:30:00,5,5,5,12,30,830,62.0,A570,,,Plein jour,Hors agglomération,Hors intersection,Normale,Autre collision,,,,,,,,,,,1,1,1,1,6
200500062427,0005-05-22 16:40:00,5,5,22,16,40,830,137.0,A57,,,Plein jour,Hors agglomération,Hors intersection,Normale,Autre collision,,,,,,,,,,,1,1,1,1,6
200500062428,0005-06-17 21:04:00,5,6,17,21,4,830,62.0,A570,,,Plein jour,Hors agglomération,Hors intersection,Normale,Sans collision,,,,,,,,,,,1,1,1,1,7
200500062429,0005-08-19 22:40:00,5,8,19,22,40,830,137.0,A50,,,Nuit avec éclairage allumé,Hors agglomération,Hors intersection,Normale,Autre collision,,,,,,,,,,,5,1,1,1,6
200500062430,0005-10-10 09:40:00,5,10,10,9,40,590,11.0,la rue du docteur Falala,50.534,2.931,Plein jour,En agglomération,Hors intersection,Normale,Deux véhicules - côté,,,,,,,,,,,1,2,1,1,3
200500062431,0005-10-21 17:30:00,5,10,21,17,30,590,51.0,RUE DE LILLE,50.536,2.811,Plein jour,En agglomération,Intersection en T,Pluie forte,Deux véhicules - côté,,,,,,,,,,,1,2,3,3,3
200500062432,0005-10-29 19:30:00,5,10,29,19,30,590,320.0,,50.55,2.823,Nuit sans éclairage public,Hors agglomération,Hors intersection,Normale,Deux véhicules - frontale,,,,,,,,,,,3,1,1,1,1
200500062433,0005-10-08 16:45:00,5,10,8,16,45,590,16.0,carrefour CD3 CD52,50.971,2.347,Plein jour,En agglomération,Hors intersection,Normale,Deux véhicules - côté,,,,,,,,,,,1,2,1,1,3
200500062434,0005-10-18 07:15:00,5,10,18,7,15,590,94.0,Route du GUINDAL - CD 02,,,Nuit sans éclairage public,Hors agglomération,Hors intersection,Normale,Deux véhicules - arrière,,,,,,,,,,,3,1,1,1,2
200500062435,0005-10-16 15:00:00,5,10,16,15,0,590,641.0,,50.989,2.503,Plein jour,Hors agglomération,Intersection en X,Normale,Deux véhicules - frontale,,,,,,,,,,,1,1,2,1,1
200500062436,0005-10-30 20:45:00,5,10,30,20,45,590,404.0,,51.044,2.538,Nuit sans éclairage public,Hors agglomération,Hors intersection,Normale,Deux véhicules - arrière,,,,,,,,,,,3,1,1,1,2
200500062437,0005-10-07 05:15:00,5,10,7,5,15,590,582.0,,50.734,2.632,Nuit sans éclairage public,Hors agglomération,Hors intersection,Brouillard / fumée,Deux véhicules - côté,,,,,,,,,,,3,1,1,5,3
200500062438,0005-10-25 21:45:00,5,10,25,21,45,590,634.0,,,,Nuit sans éclairage public,Hors agglomération,Hors intersection,Normale,Deux véhicules - frontale,,,,,,,,,,,3,1,1,1,1
200500062439,0005-10-04 13:45:00,5,10,4,13,45,590,581.0,,50.662,2.759,Plein jour,Hors agglomération,Hors intersection,Normale,Deux véhicules - frontale,,,,,,,,,,,1,1,1,1,1
200500062440,0005-10-08 19:45:00,5,10,8,19,45,590,268.0,Rue Jean-MERMOZ,50.643,2.717,Nuit avec éclairage allumé,En agglomération,Hors intersection,Normale,Deux véhicules - côté,,,,,,,,,,,5,2,1,1,3
200500062441,0005-10-28 21:00:00,5,10,28,21,0,590,212.0,,,,Nuit sans éclairage public,Hors agglomération,Hors intersection,Pluie légère,Deux véhicules - frontale,,,,,,,,,,,3,1,1,2,1
200500062442,0005-10-08 20:15:00,5,10,8,20,15,590,615.0,,,,Nuit sans éclairage public,Hors agglomération,Hors intersection,Normale,Autre collision,,,,,,,,,,,3,1,1,1,6
200500062443,0005-10-16 09:45:00,5,10,16,9,45,590,202.0,"CD 22 Bis, rue Delestrez",,,Plein jour,Hors agglomération,Hors intersection,Normale,Autre collision,,,,,,,,,,,1,1,1,1,6
200500062444,0005-10-29 16:30:00,5,10,29,16,30,590,44.0,is et PN 14 voie ferrée,,,Plein jour,Hors agglomération,Passage à niveau,Normale,Deux véhicules - frontale,,,,,,,,,,,1,1,8,1,1
200500062445,0005-10-08 14:45:00,5,10,8,14,45,590,166.0,route nationale cd 934,50.332,3.61,Plein jour,En agglomération,Hors intersection,Normale,Autre collision,,,,,,,,,,,1,2,1,1,6
200500062446,0005-10-03 13:15:00,5,10,3,13,15,590,434.0,Rue du Rivage,50.474,3.465,Plein jour,En agglomération,Hors intersection,Normale,Deux véhicules - côté,,,,,,,,,,,1,2,1,1,3
200500062447,0005-10-06 06:42:00,5,10,6,6,42,590,464.0,Rue des Warennes,,,Nuit avec éclairage allumé,En agglomération,Hors intersection,Brouillard / fumée,Autre collision,,,,,,,,,,,5,2,1,5,6
200500062448,0005-10-21 15:15:00,5,10,21,15,15,590,229.0,,,,Plein jour,Hors agglomération,Intersection en X,Normale,Trois véhicules et plus - collisions multiples,,,,,,,,,,,1,1,2,1,5
200500062449,0005-10-24 22:00:00,5,10,24,22,0,590,229.0,"CD 951, PK 87+900",,,Nuit sans éclairage public,Hors agglomération,Hors intersection,Temps couvert,Deux véhicules - frontale,,,,,,,,,,,3,1,1,8,1
200500062450,0005-10-10 21:15:00,5,10,10,21,15,590,118.0,Rue Anathole France,,,Nuit avec éclairage allumé,En agglomération,Hors intersection,Normale,Autre collision,,,,,,,,,,,5,2,1,1,6
200500062451,0005-10-28 01:30:00,5,10,28,1,30,590,349.0,,,,Nuit sans éclairage public,Hors agglomération,Hors intersection,Normale,Autre collision,,,,,,,,,,,3,1,1,1,6
200500062452,0005-10-28 17:30:00,5,10,28,17,30,590,118.0,CD98C,,,Plein jour,Hors agglomération,Hors intersection,Normale,Sans collision,,,,,,,,,,,1,1,1,1,7
200500062453,0005-10-06 08:00:00,5,10,6,8,0,590,312.0,,50.034,3.245,Plein jour,Hors agglomération,Hors intersection,Brouillard / fumée,Trois véhicules et plus - collisions multiples,,,,,,,,,,,1,1,1,5,5
200500062454,0005-10-10 18:30:00,5,10,10,18,30,590,161.0,,50.073,3.282,Plein jour,Hors agglomération,Hors intersection,Normale,Deux véhicules - frontale,,,,,,,,,,,1,1,1,1,1
200500062455,0005-10-28 21:00:00,5,10,28,21,0,590,312.0,,50.03,3.23,Nuit sans éclairage public,Hors agglomération,Hors intersection,Normale,Deux véhicules - frontale,,,,,,,,,,,3,1,1,1,1
200500062456,0005-10-04 07:45:00,5,10,4,7,45,590,263.0,rue d'oisy/rue marteloy,50.322,3.099,Plein jour,En agglomération,Hors intersection,Normale,Deux véhicules - côté,,,,,,,,,,,1,2,1,1,3
200500062457,0005-10-09 01:00:00,5,10,9,1,0,590,26.0,,50.276,3.161,Nuit sans éclairage public,Hors agglomération,Hors intersection,Normale,Autre collision,,,,,,,,,,,3,1,1,1,6
200500062458,0005-10-26 17:00:00,5,10,26,17,0,590,117.0,,50.295,3.168,Plein jour,Hors agglomération,Hors intersection,Normale,Sans collision,,,,,,,,,,,1,1,1,1,7
200500062459,0005-10-22 10:45:00,5,10,22,10,45,620,876.0,,50.082,2.793,Plein jour,Hors agglomération,Hors intersection,Normale,Deux véhicules - frontale,,,,,,,,,,,1,1,1,1,1
200500062460,0005-10-09 17:20:00,5,10,9,17,20,620,284.0,Lieu dit LA CARPE D'OR,50.264,3.089,Plein jour,Hors agglomération,Hors intersection,Normale,Deux véhicules - frontale,,,,,,,,,,,1,1,1,1,1
200500062461,0005-10-22 20:00:00,5,10,22,20,0,620,284.0,,,,Nuit sans éclairage public,Hors agglomération,Hors intersection,Pluie forte,Deux véhicules - frontale,,,,,,,,,,,3,1,1,3,1
200500062462,0005-10-17 21:30:00,5,10,17,21,30,620,782.0,,50.238,3.026,Nuit sans éclairage public,Hors agglomération,Hors intersection,Normale,Autre collision,,,,,,,,,,,3,1,1,1,6
200500062463,0005-10-16 09:25:00,5,10,16,9,25,620,473.0,Rue Cense BALQUE,,,Plein jour,En agglomération,Intersection en X,Normale,Deux véhicules - côté,,,,,,,,,,,1,2,2,1,3
200500062464,0005-10-03 14:45:00,5,10,3,14,45,620,502.0,CD 122,,,Plein jour,Hors agglomération,Hors intersection,Normale,Trois véhicules et plus - collisions multiples,,,,,,,,,,,1,1,1,1,5
200500062465,0005-10-08 14:45:00,5,10,8,14,45,620,252.0,Départementale n° 945,50.594,2.686,Plein jour,En agglomération,Hors intersection,Normale,Deux véhicules - frontale,,,,,,,,,,,1,2,1,1,1
200500062466,0005-10-14 15:45:00,5,10,14,15,45,620,491.0,,,,Plein jour,Hors agglomération,Intersection en X,Normale,Trois véhicules et plus - collisions multiples,,,,,,,,,,,1,1,2,1,5
200500062467,0005-10-16 20:00:00,5,10,16,20,0,620,255.0,D 254,,,Nuit sans éclairage public,Hors agglomération,Hors intersection,Pluie légère,Sans collision,,,,,,,,,,,3,1,1,2,7
200500062468,0005-10-26 19:00:00,5,10,26,19,0,620,705.0,127 E - CD 232 - CD 243,,,Nuit avec éclairage allumé,Hors agglomération,Intersection en X,Normale,Deux véhicules - côté,,,,,,,,,,,5,1,2,1,3
200500062469,0005-10-30 10:20:00,5,10,30,10,20,620,806.0,oute de Watermel - CD940,,,Plein jour,Hors agglomération,Hors intersection,Normale,Trois véhicules et plus - collisions multiples,,,,,,,,,,,1,1,1,1,5
200500062470,0005-10-06 17:15:00,5,10,6,17,15,620,397.0,D127-D231,50.87,1.865,Plein jour,En agglomération,Intersection en X,Normale,Deux véhicules - côté,,,,,,,,,,,1,2,2,1,3
200500062471,0005-10-23 11:45:00,5,10,23,11,45,620,506.0,,50.8,1.936,Plein jour,Hors agglomération,Hors intersection,Temps éblouissant,Deux véhicules - côté,,,,,,,,,,,1,1,1,7,3
200500062472,0005-10-18 22:00:00,5,10,18,22,0,620,14.0,,,,Nuit sans éclairage public,Hors agglomération,Hors intersection,Temps couvert,Autre collision,,,,,,,,,,,3,1,1,8,6
200500062473,0005-10-06 22:00:00,5,10,6,22,0,620,904.0,RN 43 / LA RECOUSSE,50.824,2.073,Nuit avec éclairage allumé,En agglomération,Hors intersection,Normale,Sans collision,,,,,,,,,,,5,2,1,1,7
200500062474,0005-10-15 14:00:00,5,10,15,14,0,620,38.0,Bd Senlecq,,,Plein jour,En agglomération,Intersection à plus de 4 branches,Normale,Deux véhicules - côté,,,,,,,,,,,1,2,5,1,3
200500062475,0005-10-23 20:30:00,5,10,23,20,30,620,794.0,,,,Nuit sans éclairage public,Hors agglomération,Hors intersection,Pluie forte,Deux véhicules - côté,,,,,,,,,,,3,1,1,3,3
200500062476,0005-10-01 10:00:00,5,10,1,10,0,620,767.0,rue de Frévent,50.385,2.336,Plein jour,En agglomération,Hors intersection,Normale,Autre collision,,,,,,,,,,,1,2,1,1,6
200500062477,0005-10-08 10:50:00,5,10,8,10,50,620,269.0,"RN 41, PK 25+800",50.432,2.438,Plein jour,Hors agglomération,Hors intersection,Normale,Deux véhicules - arrière,,,,,,,,,,,1,1,1,1,2
200500062478,0005-10-16 12:45:00,5,10,16,12,45,620,651.0,entre TINCQUES et PENIN,50.341,2.489,Plein jour,Hors agglomération,Hors intersection,Normale,Autre collision,,,,,,,,,,,1,1,1,1,6
200500062479,0005-10-29 04:45:00,5,10,29,4,45,620,345.0,,50.291,2.062,Nuit sans éclairage public,Hors agglomération,Hors intersection,Normale,Autre collision,,,,,,,,,,,3,1,1,1,6
200500062480,0005-10-23 10:30:00,5,10,23,10,30,620,86.0,,50.223,2.579,Plein jour,Hors agglomération,Intersection en X,Normale,Deux véhicules - côté,,,,,,,,,,,1,1,2,1,3
200500062481,0005-10-25 18:45:00,5,10,25,18,45,620,695.0,rue d'en haut,50.266,2.368,Nuit sans éclairage public,En agglomération,Hors intersection,Normale,Deux véhicules - frontale,,,,,,,,,,,3,2,1,1,1
200500062482,0005-10-10 18:15:00,5,10,10,18,15,620,835.0,RUE D'ANTIN,50.44,2.375,Plein jour,En agglomération,Hors intersection,Normale,Deux véhicules - côté,,,,,,,,,,,1,2,1,1,3
200500062483,0005-10-01 11:45:00,5,10,1,11,45,620,335.0,,50.326,2.147,Plein jour,Hors agglomération,Hors intersection,Normale,Trois véhicules et plus - collisions multiples,,,,,,,,,,,1,1,1,1,5
200500062484,0005-10-01 16:15:00,5,10,1,16,15,800,52.0,CD179,,,Plein jour,En agglomération,Intersection en X,Normale,Deux véhicules - frontale,,,,,,,,,,,1,2,2,1,1
200500062485,0005-10-06 09:30:00,5,10,6,9,30,800,426.0,,,,Plein jour,Hors agglomération,Hors intersection,Brouillard / fumée,Deux véhicules - frontale,,,,,,,,,,,1,1,1,5,1
200500062486,0005-10-01 09:40:00,5,10,1,9,40,800,62.0,Rue à Moutons,,,Plein jour,En agglomération,Hors intersection,Normale,Deux véhicules - côté,,,,,,,,,,,1,2,1,1,3
200500062487,0005-10-02 16:15:00,5,10,2,16,15,800,673.0,CD 69 ET CD 121 PLACE DE,,,Plein jour,En agglomération,Intersection en X,Pluie légère,Deux véhicules - côté,,,,,,,,,,,1,2,2,2,3
200500062488,0005-10-20 17:00:00,5,10,20,17,0,800,316.0,134 rue du docteur INUIT,,,Plein jour,En agglomération,Intersection en T,Normale,Deux véhicules - frontale,,,,,,,,,,,1,2,3,1,1
200500062489,0005-10-08 21:30:00,5,10,8,21,30,800,1.0,,50.105,1.725,Nuit sans éclairage public,Hors agglomération,Hors intersection,Normale,Sans collision,,,,,,,,,,,3,1,1,1,7
200500062490,0005-10-17 22:15:00,5,10,17,22,15,800,486.0,GRANDE RUE,50.043,1.98,Nuit avec éclairage allumé,En agglomération,Hors intersection,Normale,Deux véhicules - frontale,,,,,,,,,,,5,2,1,1,1
200500062491,0005-10-24 12:15:00,5,10,24,12,15,800,486.0,,50.051,1.986,Plein jour,Hors agglomération,Hors intersection,Pluie légère,Autre collision,,,,,,,,,,,1,1,1,2,6