accident_id,datetime,annee,mois,jour,heure,minute,departement,commune_insee,adresse,latitude,longitude,luminosite,agglomeration,intersection,meteo,collision,nb_vehicules,nb_usagers,nb_indemnes,nb_tues,nb_blesses_hosp,nb_blesses_legers,age_cond_1,age_cond_2,veh_type_cond_1,veh_type_cond_2,lum_code,agg_code,int_code,atm_code,col_code
200500062624,0005-10-06 11:15:00,5,10,6,11,15,270,159.0,,48.779,0.91,Plein jour,Hors agglomération,Hors intersection,Normale,Deux véhicules - frontale,,,,,,,,,,,1,1,1,1,1
200500062625,0005-10-07 11:15:00,5,10,7,11,15,270,521.0,,48.694,0.817,Plein jour,Hors agglomération,Hors intersection,Temps couvert,Deux véhicules - frontale,,,,,,,,,,,1,1,1,8,1
200500062626,0005-10-22 15:00:00,5,10,22,15,0,270,19.0,RN12,,,Plein jour,En agglomération,Hors intersection,Pluie forte,Trois véhicules et plus - collisions multiples,,,,,,,,,,,1,2,1,3,5
200500062627,0005-10-30 19:30:00,5,10,30,19,30,270,166.0,,48.832,0.991,Crépuscule ou aube,Hors agglomération,Hors intersection,Normale,Autre collision,,,,,,,,,,,2,1,1,1,6
200500062628,0005-10-31 16:00:00,5,10,31,16,0,270,265.0,LIEU-DIT LES BOUCHERIES,,,Plein jour,Hors agglomération,Hors intersection,Normale,Deux véhicules - côté,,,,,,,,,,,1,1,1,1,3
200500062629,0005-10-11 16:15:00,5,10,11,16,15,270,470.0,CD126,,,Plein jour,Hors agglomération,Intersection en Y,Normale,Deux véhicules - côté,,,,,,,,,,,1,1,4,1,3
200500062630,0005-10-13 10:45:00,5,10,13,10,45,270,488.0,,49.378,1.332,Plein jour,Hors agglomération,Hors intersection,Normale,Deux véhicules - côté,,,,,,,,,,,1,1,1,1,3
200500062631,0005-10-26 07:45:00,5,10,26,7,45,270,470.0,rue grande,,,Nuit avec éclairage allumé,En agglomération,Hors intersection,Pluie légère,Autre collision,,,,,,,,,,,5,2,1,2,6
200500062632,0005-10-10 20:30:00,5,10,10,20,30,270,533.0,,,,Nuit sans éclairage public,Hors agglomération,Hors intersection,Normale,Sans collision,,,,,,,,,,,3,1,1,1,7
200500062633,0005-10-16 16:15:00,5,10,16,16,15,270,45.0,Hameau de tierceville,,,Plein jour,Hors agglomération,Hors intersection,Normale,Deux véhicules - frontale,,,,,,,,,,,1,1,1,1,1
200500062634,0005-10-01 15:45:00,5,10,1,15,45,270,590.0,,48.953,0.518,Plein jour,Hors agglomération,Hors intersection,Normale,Sans collision,,,,,,,,,,,1,1,1,1,7
200500062635,0005-10-01 14:45:00,5,10,1,14,45,270,398.0,RN138,49.106,0.611,Plein jour,En agglomération,Hors intersection,Normale,Deux véhicules - frontale,,,,,,,,,,,1,2,1,1,1
200500062636,0005-10-04 12:00:00,5,10,4,12,0,270,56.0,Rue aux boeufs,49.1,0.602,Plein jour,En agglomération,Intersection en X,Normale,Deux véhicules - côté,,,,,,,,,,,1,2,2,1,3
200500062637,0005-10-22 12:00:00,5,10,22,12,0,270,56.0,Rue Odéric VITAL,,,Plein jour,En agglomération,Hors intersection,Autre,Autre collision,,,,,,,,,,,1,2,1,9,6
200500062638,0005-10-29 03:30:00,5,10,29,3,30,270,398.0,"3, lieu dit l'Ecoucherie",,,Nuit sans éclairage public,Hors agglomération,Hors intersection,Normale,Sans collision,,,,,,,,,,,3,1,1,1,7
200500062639,0005-10-25 21:00:00,5,10,25,21,0,270,667.0,,49.121,0.624,Nuit sans éclairage public,Hors agglomération,Hors intersection,Normale,Deux véhicules - frontale,,,,,,,,,,,3,1,1,1,1
200500062640,0005-10-19 16:15:00,5,10,19,16,15,270,296.0,,,,Plein jour,Hors agglomération,Hors intersection,Normale,Deux véhicules - côté,,,,,,,,,,,1,1,1,1,3
200500062641,0005-10-19 15:00:00,5,10,19,15,0,270,51.0,,49.09,0.79,Nuit sans éclairage public,Hors agglomération,Hors intersection,Normale,Autre collision,,,,,,,,,,,3,1,1,1,6
200500062642,0005-10-27 16:00:00,5,10,27,16,0,270,241.0,,,,Plein jour,Hors agglomération,Hors intersection,Normale,Autre collision,,,,,,,,,,,1,1,1,1,6
200500062643,0005-10-01 19:00:00,5,10,1,19,0,270,335.0,rue de louvedalle,49.143,1.188,Plein jour,En agglomération,Hors intersection,Pluie légère,Autre collision,,,,,,,,,,,1,2,1,2,6
200500062644,0005-10-07 17:30:00,5,10,7,17,30,270,348.0,route de lyons,49.322,1.159,Plein jour,En agglomération,Hors intersection,Normale,Autre collision,,,,,,,,,,,1,2,1,1,6
200500062645,0005-10-11 07:15:00,5,10,11,7,15,270,545.0,,,,Nuit sans éclairage public,Hors agglomération,Hors intersection,Normale,Autre collision,,,,,,,,,,,3,1,1,1,6
200500062646,0005-10-06 07:15:00,5,10,6,7,15,270,174.0,,49.352,0.597,Plein jour,Hors agglomération,Hors intersection,Normale,Deux véhicules - frontale,,,,,,,,,,,1,1,1,1,1
200500062647,0005-10-06 17:00:00,5,10,6,17,0,270,174.0,,,,Plein jour,Hors agglomération,Hors intersection,Normale,Deux véhicules - côté,,,,,,,,,,,1,1,1,1,3
200500062648,0005-10-21 19:00:00,5,10,21,19,0,270,467.0,,49.337,0.559,Nuit sans éclairage public,Hors agglomération,Hors intersection,Temps couvert,Deux véhicules - frontale,,,,,,,,,,,3,1,1,8,1
200500062649,0005-10-23 15:45:00,5,10,23,15,45,270,243.0,,,,Plein jour,Hors agglomération,Intersection en T,Normale,Deux véhicules - côté,,,,,,,,,,,1,1,3,1,3
200500062650,0005-10-27 16:15:00,5,10,27,16,15,270,228.0,,49.384,0.693,Plein jour,Hors agglomération,Hors intersection,Normale,Deux véhicules - côté,,,,,,,,,,,1,1,1,1,3
200500062651,0005-10-29 10:00:00,5,10,29,10,0,270,582.0,CD313,49.296,0.959,Plein jour,En agglomération,Hors intersection,Temps couvert,Deux véhicules - côté,,,,,,,,,,,1,2,1,8,3
200500062652,0005-10-27 12:15:00,5,10,27,12,15,270,218.0,RUE DU STADE,49.282,0.443,Plein jour,En agglomération,Hors intersection,Normale,Deux véhicules - frontale,,,,,,,,,,,1,2,1,1,1
200500062653,0005-10-07 07:15:00,5,10,7,7,15,350,47.0,,,,Nuit sans éclairage public,Hors agglomération,Hors intersection,Brouillard / fumée,Deux véhicules - frontale,,,,,,,,,,,3,1,1,5,1
200500062654,0005-10-20 20:10:00,5,10,20,20,10,350,47.0,"t ""La Croix Madame"" CD77",,,Nuit avec éclairage allumé,Hors agglomération,Autre intersection,Normale,Deux véhicules - côté,,,,,,,,,,,5,1,9,1,3
200500062655,0005-10-01 09:30:00,5,10,1,9,30,350,79.0,Les Glouries,,,Plein jour,Hors agglomération,Hors intersection,Normale,Deux véhicules - frontale,,,,,,,,,,,1,1,1,1,1
200500062656,0005-10-03 08:15:00,5,10,3,8,15,350,276.0,,48.276,-1.823,Plein jour,Hors agglomération,Hors intersection,Normale,Sans collision,,,,,,,,,,,1,1,1,1,7
200500062657,0005-10-10 10:40:00,5,10,10,10,40,350,130.0,PK 69 + 700,48.287,-1.8,Plein jour,Hors agglomération,Hors intersection,Normale,Deux véhicules - arrière,,,,,,,,,,,1,1,1,1,2
200500062658,0005-10-15 20:10:00,5,10,15,20,10,350,197.0,D175,,,Nuit sans éclairage public,Hors agglomération,Hors intersection,Normale,Deux véhicules - frontale,,,,,,,,,,,3,1,1,1,1
200500062659,0005-10-08 18:15:00,5,10,8,18,15,350,144.0,,,,Plein jour,Hors agglomération,Hors intersection,Normale,Autre collision,,,,,,,,,,,1,1,1,1,6
200500062660,0005-10-02 11:25:00,5,10,2,11,25,350,196.0,Place Saint Pierre,,,Plein jour,En agglomération,Hors intersection,Normale,Autre collision,,,,,,,,,,,1,2,1,1,6
200500062661,0005-10-12 07:30:00,5,10,12,7,30,350,37.0,,48.024,-1.848,Nuit sans éclairage public,Hors agglomération,Hors intersection,Pluie légère,Deux véhicules - frontale,,,,,,,,,,,3,1,1,2,1
200500062662,0005-10-11 07:30:00,5,10,11,7,30,350,100.0,,,,Crépuscule ou aube,Hors agglomération,Hors intersection,Normale,Trois véhicules et plus - collisions multiples,,,,,,,,,,,2,1,1,1,5
200500062663,0005-10-28 17:00:00,5,10,28,17,0,350,243.0,,,,Plein jour,Hors agglomération,Hors intersection,Pluie légère,Deux véhicules - côté,,,,,,,,,,,1,1,1,2,3
200500062664,0005-10-16 19:15:00,5,10,16,19,15,350,273.0,,,,Crépuscule ou aube,Hors agglomération,Hors intersection,Pluie légère,Deux véhicules - frontale,,,,,,,,,,,2,1,1,2,1
200500062665,0005-10-20 09:00:00,5,10,20,9,0,350,257.0,la Gennerie,,,Plein jour,Hors agglomération,Hors intersection,Brouillard / fumée,Deux véhicules - frontale,,,,,,,,,,,1,1,1,5,1
200500062666,0005-10-04 08:45:00,5,10,4,8,45,350,13.0,,47.692,-2.051,Plein jour,Hors agglomération,Intersection en X,Normale,Deux véhicules - côté,,,,,,,,,,,1,1,2,1,3
200500062667,0005-10-29 08:15:00,5,10,29,8,15,350,237.0,,47.74,-1.961,Crépuscule ou aube,Hors agglomération,Hors intersection,Temps couvert,Deux véhicules - frontale,,,,,,,,,,,2,1,1,8,1
200500062668,0005-10-21 21:00:00,5,10,21,21,0,350,12.0,La Croix Blanche,47.848,-1.682,Nuit sans éclairage public,En agglomération,Hors intersection,Normale,Deux véhicules - côté,,,,,,,,,,,3,2,1,1,3
200500062669,0005-10-25 18:15:00,5,10,25,18,15,350,332.0,,,,Plein jour,Hors agglomération,Hors intersection,Normale,Deux véhicules - frontale,,,,,,,,,,,1,1,1,1,1
200500062670,0005-10-30 01:00:00,5,10,30,1,0,350,332.0,,,,Nuit sans éclairage public,Hors agglomération,Hors intersection,Normale,Autre collision,,,,,,,,,,,3,1,1,1,6
200500062671,0005-10-08 04:00:00,5,10,8,4,0,350,155.0,,47.885,-1.876,Nuit sans éclairage public,Hors agglomération,Hors intersection,Normale,Deux véhicules - frontale,,,,,,,,,,,3,1,1,1,1
200500062672,0005-10-12 18:45:00,5,10,12,18,45,350,57.0,Le Bignon,,,Plein jour,Hors agglomération,Hors intersection,Normale,Sans collision,,,,,,,,,,,1,1,1,1,7
200500062673,0005-10-23 12:30:00,5,10,23,12,30,350,123.0,,48.029,-1.78,Plein jour,Hors agglomération,Hors intersection,Normale,Deux véhicules - frontale,,,,,,,,,,,1,1,1,1,1
200500062674,0005-10-04 17:45:00,5,10,4,17,45,350,85.0,,48.375,-1.761,Plein jour,Hors agglomération,Hors intersection,Normale,Trois véhicules et plus - collisions multiples,,,,,,,,,,,1,1,1,1,5
200500062675,0005-10-24 13:15:00,5,10,24,13,15,350,95.0,,48.54,-1.743,Plein jour,Hors agglomération,Autre intersection,Pluie légère,Deux véhicules - frontale,,,,,,,,,,,1,1,9,2,1
200500062676,0005-10-28 19:00:00,5,10,28,19,0,350,95.0,92 rue de Dinan,48.554,-1.754,Crépuscule ou aube,En agglomération,Hors intersection,Normale,Deux véhicules - frontale,,,,,,,,,,,2,2,1,1,1
200500062677,0005-10-21 19:10:00,5,10,21,19,10,350,360.0,"""la basse ferrière""",,,Nuit sans éclairage public,Hors agglomération,Hors intersection,Normale,Deux véhicules - frontale,,,,,,,,,,,3,1,1,1,1
200500062678,0005-10-03 16:30:00,5,10,3,16,30,350,207.0,,,,Plein jour,Hors agglomération,Hors intersection,Normale,Sans collision,,,,,,,,,,,1,1,1,1,7
200500062679,0005-10-08 16:00:00,5,10,8,16,0,350,125.0,18 rue Neuve,,,Plein jour,En agglomération,Hors intersection,Normale,Autre collision,,,,,,,,,,,1,2,1,1,6
200500062680,0005-10-18 14:00:00,5,10,18,14,0,220,65.0,,,,Plein jour,Hors agglomération,Autre intersection,Pluie légère,Deux véhicules - frontale,,,,,,,,,,,1,1,9,2,1
200500062681,0005-10-29 03:45:00,5,10,29,3,45,220,325.0,Rue Pierre Loti,,,Nuit avec éclairage allumé,En agglomération,Hors intersection,Normale,Sans collision,,,,,,,,,,,5,2,1,1,7
200500062682,0005-10-09 06:00:00,5,10,9,6,0,220,160.0,,48.446,-2.476,Nuit sans éclairage public,Hors agglomération,Hors intersection,Normale,Sans collision,,,,,,,,,,,3,1,1,1,7
200500062683,0005-10-09 12:00:00,5,10,9,12,0,220,389.0,,48.489,-2.656,Plein jour,Hors agglomération,Hors intersection,Normale,Deux véhicules - frontale,,,,,,,,,,,1,1,1,1,1
200500062684,0005-10-20 12:15:00,5,10,20,12,15,220,44.0,,,,Plein jour,Hors agglomération,Hors intersection,Normale,Deux véhicules - frontale,,,,,,,,,,,1,1,1,1,1
200500062685,0005-10-14 07:45:00,5,10,14,7,45,220,136.0,RUE LAVERGNE,48.185,-2.755,Nuit avec éclairage allumé,En agglomération,Hors intersection,Normale,Deux véhicules - frontale,,,,,,,,,,,5,2,1,1,1
200500062686,0005-10-02 03:30:00,5,10,2,3,30,220,233.0,,48.752,-3.067,Nuit avec éclairage non allumé,Hors agglomération,Hors intersection,Normale,Autre collision,,,,,,,,,,,4,1,1,1,6
200500062687,0005-10-02 13:15:00,5,10,2,13,15,220,197.0,,,,Plein jour,Hors agglomération,Hors intersection,Pluie forte,Autre collision,,,,,,,,,,,1,1,1,3,6
200500062688,0005-10-11 19:00:00,5,10,11,19,0,220,56.0,Rue Beaumanoir,,,Crépuscule ou aube,En agglomération,Hors intersection,Normale,Deux véhicules - côté,,,,,,,,,,,2,2,1,1,3
200500062689,0005-10-21 13:45:00,5,10,21,13,45,220,197.0,,,,Plein jour,Hors agglomération,Hors intersection,Normale,Deux véhicules - côté,,,,,,,,,,,1,1,1,1,3
200500062690,0005-10-04 20:00:00,5,10,4,20,0,220,185.0,,,,Crépuscule ou aube,Hors agglomération,Hors intersection,Normale,Deux véhicules - frontale,,,,,,,,,,,2,1,1,1,1
200500062691,0005-10-09 14:30:00,5,10,9,14,30,220,32.0,RUE DE DINAN,,,Plein jour,En agglomération,Hors intersection,Normale,Deux véhicules - arrière,,,,,,,,,,,1,2,1,1,2
200500062692,0005-10-04 18:30:00,5,10,4,18,30,220,333.0,,48.253,-2.45,Plein jour,Hors agglomération,Hors intersection,Normale,Deux véhicules - côté,,,,,,,,,,,1,1,1,1,3
200500062693,0005-10-28 16:10:00,5,10,28,16,10,220,183.0,La Poterie,,,Plein jour,Hors agglomération,Intersection en X,Normale,Deux véhicules - côté,,,,,,,,,,,1,1,2,1,3
200500062694,0005-10-17 11:10:00,5,10,17,11,10,220,70.0,rue de la chesnaye,48.558,-3.149,Plein jour,En agglomération,Hors intersection,Normale,Autre collision,,,,,,,,,,,1,2,1,1,6
200500062695,0005-10-23 09:00:00,5,10,23,9,0,220,250.0,CD 15,48.695,-3.169,Plein jour,Hors agglomération,Hors intersection,Pluie légère,Sans collision,,,,,,,,,,,1,1,1,2,7
200500062696,0005-10-29 14:10:00,5,10,29,14,10,220,266.0,rue Abbé GIBERT,,,Plein jour,En agglomération,Hors intersection,Normale,Deux véhicules - côté,,,,,,,,,,,1,2,1,1,3
200500062697,0005-10-06 10:45:00,5,10,6,10,45,220,228.0,,48.556,-3.42,Plein jour,Hors agglomération,Hors intersection,Normale,Sans collision,,,,,,,,,,,1,1,1,1,7
200500062698,0005-10-15 15:45:00,5,10,15,15,45,220,127.0,rue du 8 mai,48.787,-3.108,Plein jour,En agglomération,Hors intersection,Normale,Deux véhicules - côté,,,,,,,,,,,1,2,1,1,3
200500062699,0005-10-21 16:00:00,5,10,21,16,0,220,247.0,,48.742,-3.245,Plein jour,Hors agglomération,Intersection en Y,Normale,Deux véhicules - arrière,,,,,,,,,,,1,1,4,1,2
200500062700,0005-10-13 20:45:00,5,10,13,20,45,290,216.0,,,,Nuit sans éclairage public,Hors agglomération,Hors intersection,Normale,Trois véhicules et plus - collisions multiples,,,,,,,,,,,3,1,1,1,5
200500062701,0005-10-21 17:00:00,5,10,21,17,0,290,225.0,"10, route Pont l'Abbé",,,Plein jour,En agglomération,Hors intersection,Normale,Autre collision,,,,,,,,,,,1,2,1,1,6
200500062702,0005-10-30 03:00:00,5,10,30,3,0,290,197.0,DIT TI PIC    PR 24+800,,,Nuit sans éclairage public,Hors agglomération,Hors intersection,Pluie légère,Autre collision,,,,,,,,,,,3,1,1,2,6
200500062703,0005-10-22 16:45:00,5,10,22,16,45,290,46.0,RUE LOUIS PASTEUR,48.09,-4.33,Plein jour,En agglomération,Intersection en T,Normale,Deux véhicules - frontale,,,,,,,,,,,1,2,3,1,1
200500062704,0005-10-03 10:00:00,5,10,3,10,0,290,161.0,,47.904,-4.051,Plein jour,Hors agglomération,Hors intersection,Normale,Sans collision,,,,,,,,,,,1,1,1,1,7
200500062705,0005-10-23 05:00:00,5,10,23,5,0,290,60.0,,47.904,-4.095,Nuit sans éclairage public,Hors agglomération,Hors intersection,Brouillard / fumée,Autre collision,,,,,,,,,,,3,1,1,5,6
200500062706,0005-10-19 08:15:00,5,10,19,8,15,290,61.0,D788,,,Crépuscule ou aube,Hors agglomération,Hors intersection,Pluie légère,Autre collision,,,,,,,,,,,2,1,1,2,6
200500062707,0005-10-24 02:00:00,5,10,24,2,0,290,235.0,"4, rue Camille Vallaux",,,Nuit avec éclairage non allumé,En agglomération,Hors intersection,Pluie légère,Autre collision,,,,,,,,,,,4,2,1,2,6
200500062708,0005-10-29 20:00:00,5,10,29,20,0,290,75.0,D 67 - Rue de la Vallée,,,Crépuscule ou aube,Hors agglomération,Hors intersection,Pluie légère,Deux véhicules - côté,,,,,,,,,,,2,1,1,2,3
200500062709,0005-10-29 20:00:00,5,10,29,20,0,290,61.0,,,,Nuit sans éclairage public,Hors agglomération,Hors intersection,Pluie légère,Trois véhicules et plus - en chaîne,,,,,,,,,,,3,1,1,2,4
200500062710,0005-10-01 11:45:00,5,10,1,11,45,290,209.0,,,,Plein jour,Hors agglomération,Hors intersection,Normale,Deux véhicules - côté,,,,,,,,,,,1,1,1,1,3
200500062711,0005-10-09 17:30:00,5,10,9,17,30,290,160.0,,,,Plein jour,Hors agglomération,Hors intersection,Normale,Autre collision,,,,,,,,,,,1,1,1,1,6
200500062712,0005-10-10 13:45:00,5,10,10,13,45,290,260.0,,,,Plein jour,Hors agglomération,Hors intersection,Temps couvert,Deux véhicules - frontale,,,,,,,,,,,1,1,1,8,1
200500062713,0005-10-14 11:45:00,5,10,14,11,45,290,25.0,,48.166,-4.127,Plein jour,Hors agglomération,Hors intersection,Normale,Autre collision,,,,,,,,,,,1,1,1,1,6
200500062714,0005-10-02 14:00:00,5,10,2,14,0,290,162.0,,,,Plein jour,Hors agglomération,Hors intersection,Normale,Deux véhicules - côté,,,,,,,,,,,1,1,1,1,3
200500062715,0005-10-27 20:30:00,5,10,27,20,30,290,162.0,place du Gal de GAULLE,48.23,-3.971,Nuit avec éclairage allumé,En agglomération,Hors intersection,Pluie légère,Deux véhicules - frontale,,,,,,,,,,,5,2,1,2,1
200500062716,0005-10-28 16:00:00,5,10,28,16,0,290,175.0,KERSALUT,,,Plein jour,Hors agglomération,Hors intersection,Normale,Deux véhicules - frontale,,,,,,,,,,,1,1,1,1,1
200500062717,0005-10-01 22:15:00,5,10,1,22,15,290,280.0,RUE DES ECOLES,48.238,-4.354,Nuit avec éclairage allumé,En agglomération,Hors intersection,Normale,Autre collision,,,,,,,,,,,5,2,1,1,6
200500062718,0005-10-18 20:30:00,5,10,18,20,30,290,207.0,,,,Nuit sans éclairage public,Hors agglomération,Hors intersection,Normale,Deux véhicules - arrière,,,,,,,,,,,3,1,1,1,2
200500062719,0005-10-21 23:30:00,5,10,21,23,30,290,207.0,,,,Nuit avec éclairage allumé,Hors agglomération,Hors intersection,Pluie légère,Deux véhicules - arrière,,,,,,,,,,,5,1,1,2,2
200500062720,0005-10-08 02:45:00,5,10,8,2,45,290,10.0,,,,Nuit sans éclairage public,Hors agglomération,Hors intersection,Temps couvert,Autre collision,,,,,,,,,,,3,1,1,8,6
200500062721,0005-10-12 16:30:00,5,10,12,16,30,290,259.0,,,,Plein jour,Hors agglomération,Hors intersection,Temps couvert,Deux véhicules - frontale,,,,,,,,,,,1,1,1,8,1
200500062722,0005-10-16 17:45:00,5,10,16,17,45,290,287.0,,,,Plein jour,Hors agglomération,Hors intersection,Temps couvert,Trois véhicules et plus - collisions multiples,,,,,,,,,,,1,1,1,8,5
200500062723,0005-10-20 10:30:00,5,10,20,10,30,290,239.0,rue de la Baie,,,Plein jour,En agglomération,Hors intersection,Normale,Deux véhicules - arrière,,,,,,,,,,,1,2,1,1,2
200500062724,0005-10-21 23:00:00,5,10,21,23,0,560,61.0,1 RUE DU RELAIS POSTAL,47.77,-2.13,Nuit avec éclairage allumé,En agglomération,Hors intersection,Normale,Autre collision,,,,,,,,,,,5,2,1,1,6
200500062725,0005-10-20 21:00:00,5,10,20,21,0,560,255.0,LE ROSCOET,,,Nuit avec éclairage allumé,En agglomération,Hors intersection,Pluie légère,Deux véhicules - frontale,,,,,,,,,,,5,2,1,2,1
200500062726,0005-10-22 17:30:00,5,10,22,17,30,560,261.0,,,,Plein jour,Hors agglomération,Hors intersection,Pluie légère,Autre collision,,,,,,,,,,,1,1,1,2,6
200500062727,0005-10-12 18:45:00,5,10,12,18,45,560,36.0,,47.777,-3.361,Crépuscule ou aube,Hors agglomération,Hors intersection,Pluie forte,Deux véhicules - frontale,,,,,,,,,,,2,1,1,3,1
200500062728,0005-10-06 17:00:00,5,10,6,17,0,560,233.0,,47.601,-2.994,Plein jour,Hors agglomération,Hors intersection,Normale,Deux véhicules - frontale,,,,,,,,,,,1,1,1,1,1
200500062729,0005-10-07 11:00:00,5,10,7,11,0,560,168.0,"du Lieu-dit ""Kerbachic""",47.596,-3.099,Plein jour,Hors agglomération,Intersection en T,Normale,Deux véhicules - côté,,,,,,,,,,,1,1,3,1,3
200500062730,0005-10-15 12:30:00,5,10,15,12,30,560,186.0,rue de Port Halliguen,,,Plein jour,En agglomération,Hors intersection,Normale,Deux véhicules - côté,,,,,,,,,,,1,2,1,1,3
200500062731,0005-10-19 09:45:00,5,10,19,9,45,560,186.0,Avenue DE GAULLE,47.49,-3.119,Plein jour,En agglomération,Hors intersection,Normale,Deux véhicules - arrière,,,,,,,,,,,1,2,1,1,2
200500062732,0005-10-29 12:15:00,5,10,29,12,15,560,186.0,Place Ducehsse Anne,,,Plein jour,En agglomération,Hors intersection,Normale,Autre collision,,,,,,,,,,,1,2,1,1,6
200500062733,0005-10-11 12:15:00,5,10,11,12,15,560,122.0,,47.992,-2.329,Plein jour,Hors agglomération,Intersection en T,Normale,Deux véhicules - frontale,,,,,,,,,,,1,1,3,1,1
200500062734,0005-10-22 15:45:00,5,10,22,15,45,560,129.0,Lieudit L'Hermitage,,,Plein jour,Hors agglomération,Hors intersection,Pluie légère,Sans collision,,,,,,,,,,,1,1,1,2,7
200500062735,0005-10-18 16:15:00,5,10,18,16,15,560,204.0,,,,Plein jour,Hors agglomération,Hors intersection,Pluie légère,Deux véhicules - côté,,,,,,,,,,,1,1,1,2,3
200500062736,0005-10-28 18:30:00,5,10,28,18,30,560,47.0,,,,Crépuscule ou aube,Hors agglomération,Intersection en X,Normale,Deux véhicules - côté,,,,,,,,,,,2,1,2,1,3
200500062737,0005-10-13 07:30:00,5,10,13,7,30,560,93.0,,,,Crépuscule ou aube,Hors agglomération,Hors intersection,Pluie légère,Sans collision,,,,,,,,,,,2,1,1,2,7
200500062738,0005-10-23 14:45:00,5,10,23,14,45,560,178.0,Parking centre LECLERC,48.074,-2.959,Plein jour,En agglomération,Hors intersection,Normale,Deux véhicules - frontale,,,,,,,,,,,1,2,1,1,1
200500062739,0005-10-01 10:15:00,5,10,1,10,15,560,117.0,RUE DU FORT DE PENTHIEVR,,,Plein jour,En agglomération,Hors intersection,Normale,Deux véhicules - côté,,,,,,,,,,,1,2,1,1,3
200500062740,0005-10-15 01:30:00,5,10,15,1,30,560,117.0,rue du bois d'amour,,,Nuit avec éclairage allumé,En agglomération,Hors intersection,Normale,Autre collision,,,,,,,,,,,5,2,1,1,6
200500062741,0005-10-08 13:45:00,5,10,8,13,45,140,228.0,Intersection Rue Basiliq,,,Plein jour,En agglomération,Hors intersection,Normale,Sans collision,,,,,,,,,,,1,2,1,1,7
200500062742,0005-10-17 12:30:00,5,10,17,12,30,140,15.0,RUE PRINCIPALE,49.254,-0.39,Plein jour,En agglomération,Hors intersection,Normale,Deux véhicules - côté,,,,,,,,,,,1,2,1,1,3
200500062743,0005-10-02 17:30:00,5,10,2,17,30,140,610.0,,49.18,-0.49,Plein jour,Hors agglomération,Intersection en X,Normale,Deux véhicules - côté,,,,,,,,,,,1,1,2,1,3
200500062744,0005-10-09 02:15:00,5,10,9,2,15,140,266.0,Route de CAEN,,,Nuit sans éclairage public,En agglomération,Hors intersection,Pluie légère,Autre collision,,,,,,,,,,,3,2,1,2,6
200500062745,0005-10-11 14:45:00,5,10,11,14,45,140,516.0,,48.975,-0.267,Plein jour,Hors agglomération,Hors intersection,Normale,Deux véhicules - côté,,,,,,,,,,,1,1,1,1,3
200500062746,0005-10-06 19:00:00,5,10,6,19,0,140,752.0,Rue du canada,49.084,-0.661,Plein jour,En agglomération,Hors intersection,Normale,Deux véhicules - côté,,,,,,,,,,,1,2,1,1,3
200500062747,0005-10-21 08:00:00,5,10,21,8,0,140,364.0,,,,Crépuscule ou aube,Hors agglomération,Hors intersection,Normale,Autre collision,,,,,,,,,,,2,1,1,1,6
200500062748,0005-10-19 22:45:00,5,10,19,22,45,140,342.0,rue de Cherbourg,49.31,-1.1,Nuit avec éclairage allumé,En agglomération,Hors intersection,Pluie légère,Autre collision,,,,,,,,,,,5,2,1,2,6
200500062749,0005-10-15 12:30:00,5,10,15,12,30,140,258.0,ROUTE DE BRETAGNE,48.895,-0.206,Plein jour,En agglomération,Intersection en T,Normale,Deux véhicules - côté,,,,,,,,,,,1,2,3,1,3
200500062750,0005-10-03 16:45:00,5,10,3,16,45,140,654.0,,,,Plein jour,Hors agglomération,Intersection en T,Normale,Deux véhicules - côté,,,,,,,,,,,1,1,3,1,3
200500062751,0005-10-08 01:30:00,5,10,8,1,30,140,425.0,CD 511,,,Nuit sans éclairage public,Hors agglomération,Hors intersection,Normale,Autre collision,,,,,,,,,,,3,1,1,1,6
200500062752,0005-10-11 19:45:00,5,10,11,19,45,140,520.0,,,,Nuit sans éclairage public,Hors agglomération,Hors intersection,Normale,Deux véhicules - arrière,,,,,,,,,,,3,1,1,1,2
200500062753,0005-10-16 04:15:00,5,10,16,4,15,140,729.0,,48.945,0.018,Nuit sans éclairage public,Hors agglomération,Hors intersection,Normale,Autre collision,,,,,,,,,,,3,1,1,1,6
200500062754,0005-10-07 14:00:00,5,10,7,14,0,140,326.0,,,,Plein jour,Hors agglomération,Hors intersection,Normale,Deux véhicules - côté,,,,,,,,,,,1,1,1,1,3
200500062755,0005-10-10 13:05:00,5,10,10,13,5,140,740.0,Rue de l'AIGLE,,,Plein jour,En agglomération,Hors intersection,Normale,Deux véhicules - côté,,,,,,,,,,,1,2,1,1,3
200500062756,0005-10-24 19:20:00,5,10,24,19,20,140,460.0,CD 51,,,Crépuscule ou aube,Hors agglomération,Hors intersection,Normale,Deux véhicules - arrière,,,,,,,,,,,2,1,1,1,2