accident_id,datetime,annee,mois,jour,heure,minute,departement,commune_insee,adresse,latitude,longitude,luminosite,agglomeration,intersection,meteo,collision,nb_vehicules,nb_usagers,nb_indemnes,nb_tues,nb_blesses_hosp,nb_blesses_legers,age_cond_1,age_cond_2,veh_type_cond_1,veh_type_cond_2,lum_code,agg_code,int_code,atm_code,col_code
200500062757,0005-10-07 01:30:00,5,10,7,1,30,140,563.0,,,,Nuit sans éclairage public,Hors agglomération,Hors intersection,Normale,Autre collision,,,,,,,,,,,3,1,1,1,6
200500062758,0005-10-15 15:45:00,5,10,15,15,45,140,706.0,,49.323,0.191,Plein jour,Hors agglomération,Hors intersection,Temps éblouissant,Trois véhicules et plus - collisions multiples,,,,,,,,,,,1,1,1,7,5
200500062759,0005-10-19 10:45:00,5,10,19,10,45,140,578.0,,49.364,0.163,Plein jour,Hors agglomération,Hors intersection,Pluie légère,Deux véhicules - frontale,,,,,,,,,,,1,1,1,2,1
200500062760,0005-10-21 18:00:00,5,10,21,18,0,140,754.0,,49.298,0.018,Plein jour,Hors agglomération,Hors intersection,Normale,Deux véhicules - frontale,,,,,,,,,,,1,1,1,1,1
200500062761,0005-10-23 08:45:00,5,10,23,8,45,140,723.0,,,,Plein jour,Hors agglomération,Hors intersection,Temps éblouissant,Deux véhicules - arrière,,,,,,,,,,,1,1,1,7,2
200500062762,0005-10-25 09:30:00,5,10,25,9,30,140,83.0,CD 16,,,Plein jour,Hors agglomération,Hors intersection,Normale,Deux véhicules - côté,,,,,,,,,,,1,1,1,1,3
200500062763,0005-10-01 23:15:00,5,10,1,23,15,140,762.0,carrefour rue d'aignaux,,,Nuit avec éclairage allumé,En agglomération,Intersection en X,Pluie légère,Deux véhicules - côté,,,,,,,,,,,5,2,2,2,3
200500062764,0005-10-03 15:30:00,5,10,3,15,30,140,762.0,rue du Haut Chemin,,,Plein jour,En agglomération,Hors intersection,Normale,Autre collision,,,,,,,,,,,1,2,1,1,6
200500062765,0005-10-13 16:45:00,5,10,13,16,45,140,113.0,,,,Plein jour,Hors agglomération,Hors intersection,Pluie légère,Sans collision,,,,,,,,,,,1,1,1,2,7
200500062766,0005-10-16 12:45:00,5,10,16,12,45,140,726.0,,,,Plein jour,Hors agglomération,Hors intersection,Pluie légère,Autre collision,,,,,,,,,,,1,1,1,2,6
200500062767,0005-10-27 07:30:00,5,10,27,7,30,500,420.0,15 rue de la joignerie,49.07,-1.205,Crépuscule ou aube,En agglomération,Hors intersection,Normale,Deux véhicules - frontale,,,,,,,,,,,2,2,1,1,1
200500062768,0005-10-22 11:30:00,5,10,22,11,30,500,25.0,D973,48.697,-1.367,Plein jour,En agglomération,Hors intersection,Pluie légère,Deux véhicules - arrière,,,,,,,,,,,1,2,1,2,2
200500062769,0005-10-12 12:10:00,5,10,12,12,10,500,259.0,La Braise,,,Plein jour,Hors agglomération,Intersection en T,Pluie légère,Deux véhicules - côté,,,,,,,,,,,1,1,3,2,3
200500062770,0005-10-26 22:45:00,5,10,26,22,45,500,410.0,,,,Nuit sans éclairage public,Hors agglomération,Hors intersection,Normale,Autre collision,,,,,,,,,,,3,1,1,1,6
200500062771,0005-10-01 14:45:00,5,10,1,14,45,500,525.0,Le Creux Chien,48.76,-1.02,Plein jour,Hors agglomération,Hors intersection,Pluie forte,Autre collision,,,,,,,,,,,1,1,1,3,6
200500062772,0005-10-04 14:00:00,5,10,4,14,0,500,230.0,,49.586,-1.663,Plein jour,Hors agglomération,Hors intersection,Normale,Deux véhicules - côté,,,,,,,,,,,1,1,1,1,3
200500062773,0005-10-09 15:40:00,5,10,9,15,40,500,220.0,LA QUIESCE,,,Plein jour,Hors agglomération,Hors intersection,Normale,Deux véhicules - arrière,,,,,,,,,,,1,1,1,1,2
200500062774,0005-10-12 13:30:00,5,10,12,13,30,500,129.0,,,,Plein jour,Hors agglomération,Intersection en X,Pluie forte,Deux véhicules - côté,,,,,,,,,,,1,1,2,3,3
200500062775,0005-10-14 20:30:00,5,10,14,20,30,500,611.0,,49.671,-1.712,Nuit avec éclairage allumé,Hors agglomération,Intersection en T,Normale,Deux véhicules - côté,,,,,,,,,,,5,1,3,1,3
200500062776,0005-10-16 20:10:00,5,10,16,20,10,500,646.0,Hamel Coisel,,,Nuit sans éclairage public,Hors agglomération,Hors intersection,Pluie légère,Deux véhicules - frontale,,,,,,,,,,,3,1,1,2,1
200500062777,0005-10-21 17:45:00,5,10,21,17,45,500,31.0,,,,Plein jour,Hors agglomération,Intersection en X,Normale,Deux véhicules - frontale,,,,,,,,,,,1,1,2,1,1
200500062778,0005-10-07 14:45:00,5,10,7,14,45,500,194.0,,49.455,-1.35,Plein jour,Hors agglomération,Hors intersection,Normale,Sans collision,,,,,,,,,,,1,1,1,1,7
200500062779,0005-10-31 16:30:00,5,10,31,16,30,500,341.0,,49.488,-1.386,Plein jour,Hors agglomération,Hors intersection,Normale,Deux véhicules - frontale,,,,,,,,,,,1,1,1,1,1
200500062780,0005-10-01 07:45:00,5,10,1,7,45,500,209.0,,,,Crépuscule ou aube,Hors agglomération,Hors intersection,Normale,Sans collision,,,,,,,,,,,2,1,1,1,7
200500062781,0005-10-17 21:30:00,5,10,17,21,30,500,270.0,,,,Nuit sans éclairage public,Hors agglomération,Hors intersection,Normale,Autre collision,,,,,,,,,,,3,1,1,1,6
200500062782,0005-10-07 09:30:00,5,10,7,9,30,500,15.0,,48.971,-1.515,Plein jour,Hors agglomération,Hors intersection,Normale,Autre collision,,,,,,,,,,,1,1,1,1,6
200500062783,0005-10-12 15:45:00,5,10,12,15,45,500,166.0,,49.347,-1.533,Crépuscule ou aube,Hors agglomération,Hors intersection,Pluie légère,Autre collision,,,,,,,,,,,2,1,1,2,6
200500062784,0005-10-29 19:45:00,5,10,29,19,45,500,97.0,,,,Nuit sans éclairage public,Hors agglomération,Hors intersection,Normale,Deux véhicules - côté,,,,,,,,,,,3,1,1,1,3
200500062785,0005-10-19 23:00:00,5,10,19,23,0,500,43.0,,,,Plein jour,Hors agglomération,Hors intersection,Normale,Autre collision,,,,,,,,,,,1,1,1,1,6
200500062786,0005-10-01 17:15:00,5,10,1,17,15,500,274.0,Lieu dit l'auberge neuve,,,Plein jour,En agglomération,Hors intersection,Temps couvert,Deux véhicules - arrière,,,,,,,,,,,1,2,1,8,2
200500062787,0005-10-03 14:45:00,5,10,3,14,45,610,499.0,RN12,,,Plein jour,Hors agglomération,Autre intersection,Normale,Deux véhicules - frontale,,,,,,,,,,,1,1,9,1,1
200500062788,0005-10-25 01:00:00,5,10,25,1,0,610,294.0,,48.639,0.096,Nuit sans éclairage public,Hors agglomération,Hors intersection,Vent fort / tempête,Sans collision,,,,,,,,,,,3,1,1,6,7
200500062789,0005-10-13 18:30:00,5,10,13,18,30,610,347.0,Route de Résenlieu,,,Crépuscule ou aube,En agglomération,Hors intersection,Normale,Autre collision,,,,,,,,,,,2,2,1,1,6
200500062790,0005-10-21 15:15:00,5,10,21,15,15,610,145.0,,48.58,-0.611,Plein jour,Hors agglomération,Hors intersection,Normale,Autre collision,,,,,,,,,,,1,1,1,1,6
200500062791,0005-10-04 12:45:00,5,10,4,12,45,610,168.0,Rue Pierre Neveu,,,Plein jour,En agglomération,Hors intersection,Normale,Deux véhicules - arrière,,,,,,,,,,,1,2,1,1,2
200500062792,0005-10-12 17:30:00,5,10,12,17,30,610,353.0,,,,Plein jour,Hors agglomération,Hors intersection,Normale,Deux véhicules - frontale,,,,,,,,,,,1,1,1,1,1
200500062793,0005-10-21 16:45:00,5,10,21,16,45,610,443.0,,48.742,-0.619,Plein jour,Hors agglomération,Hors intersection,Normale,Deux véhicules - frontale,,,,,,,,,,,1,1,1,1,1
200500062794,0005-10-27 19:15:00,5,10,27,19,15,610,269.0,,,,Nuit sans éclairage public,Hors agglomération,Hors intersection,Normale,Autre collision,,,,,,,,,,,3,1,1,1,6
200500062795,0005-10-16 19:45:00,5,10,16,19,45,610,394.0,,48.268,0.602,Plein jour,Hors agglomération,Hors intersection,Normale,Sans collision,,,,,,,,,,,1,1,1,1,7
200500062796,0005-10-18 17:00:00,5,10,18,17,0,610,405.0,,48.299,0.748,Plein jour,Hors agglomération,Hors intersection,Pluie légère,Deux véhicules - frontale,,,,,,,,,,,1,1,1,2,1
200500062797,0005-10-13 08:00:00,5,10,13,8,0,440,172.0,257 route de Thouaré,,,Crépuscule ou aube,En agglomération,Hors intersection,Pluie légère,Deux véhicules - frontale,,,,,,,,,,,2,2,1,2,1
200500062798,0005-10-02 17:30:00,5,10,2,17,30,440,94.0,Côte de la seilleraye,,,Plein jour,Hors agglomération,Hors intersection,Normale,Trois véhicules et plus - collisions multiples,,,,,,,,,,,1,1,1,1,5
200500062799,0005-10-09 18:50:00,5,10,9,18,50,440,94.0,D31 (quai des mariniers),,,Plein jour,Hors agglomération,Hors intersection,Temps éblouissant,Deux véhicules - frontale,,,,,,,,,,,1,1,1,7,1
200500062800,0005-10-09 03:00:00,5,10,9,3,0,440,22.0,ersection RN 149 et D118,,,Nuit sans éclairage public,Hors agglomération,Hors intersection,Brouillard / fumée,Sans collision,,,,,,,,,,,3,1,1,5,7
200500062801,0005-10-12 08:00:00,5,10,12,8,0,440,216.0,,,,Crépuscule ou aube,Hors agglomération,Hors intersection,Temps couvert,Deux véhicules - côté,,,,,,,,,,,2,1,1,8,3
200500062802,0005-10-16 05:15:00,5,10,16,5,15,440,216.0,CD54,,,Nuit sans éclairage public,En agglomération,Hors intersection,Pluie légère,Sans collision,,,,,,,,,,,3,2,1,2,7
200500062803,0005-10-18 02:30:00,5,10,18,2,30,440,37.0,,,,Nuit sans éclairage public,Hors agglomération,Hors intersection,Normale,Autre collision,,,,,,,,,,,3,1,1,1,6
200500062804,0005-10-07 17:15:00,5,10,7,17,15,440,188.0,,,,Plein jour,Hors agglomération,Hors intersection,Normale,Trois véhicules et plus - collisions multiples,,,,,,,,,,,1,1,1,1,5
200500062805,0005-10-29 20:30:00,5,10,29,20,30,440,41.0,,47.101,-1.553,Nuit sans éclairage public,Hors agglomération,Hors intersection,Normale,Deux véhicules - frontale,,,,,,,,,,,3,1,1,1,1
200500062806,0005-10-01 12:15:00,5,10,1,12,15,440,191.0,,47.576,-1.189,Plein jour,Hors agglomération,Hors intersection,Normale,Deux véhicules - côté,,,,,,,,,,,1,1,1,1,3
200500062807,0005-10-05 16:30:00,5,10,5,16,30,440,17.0,rue du Soleil Levant,47.532,-1.234,Plein jour,En agglomération,Intersection en X,Normale,Deux véhicules - côté,,,,,,,,,,,1,2,2,1,3
200500062808,0005-10-06 13:00:00,5,10,6,13,0,440,219.0,,47.588,-1.099,Plein jour,Hors agglomération,Hors intersection,Normale,Sans collision,,,,,,,,,,,1,1,1,1,7
200500062809,0005-10-31 07:30:00,5,10,31,7,30,440,4.0,La barbnière,,,Plein jour,Hors agglomération,Hors intersection,Pluie légère,Autre collision,,,,,,,,,,,1,1,1,2,6
200500062810,0005-10-02 07:30:00,5,10,2,7,30,440,29.0,,47.274,-1.335,Plein jour,Hors agglomération,Hors intersection,Normale,Autre collision,,,,,,,,,,,1,1,1,1,6
200500062811,0005-10-17 07:00:00,5,10,17,7,0,440,108.0,la morandière,,,Nuit sans éclairage public,Hors agglomération,Hors intersection,Normale,Deux véhicules - côté,,,,,,,,,,,3,1,1,1,3
200500062812,0005-10-15 14:15:00,5,10,15,14,15,440,36.0,72 RUE DU FB DE BERE,,,Plein jour,En agglomération,Hors intersection,Normale,Autre collision,,,,,,,,,,,1,2,1,1,6
200500062813,0005-10-25 08:00:00,5,10,25,8,0,440,153.0,40 RUE DE LA Gaudinais,,,Crépuscule ou aube,En agglomération,Hors intersection,Temps couvert,Deux véhicules - frontale,,,,,,,,,,,2,2,1,8,1
200500062814,0005-10-01 19:15:00,5,10,1,19,15,440,914.0,Rue Ste Anne,47.608,-1.77,Plein jour,En agglomération,Hors intersection,Normale,Autre collision,,,,,,,,,,,1,2,1,1,6
200500062815,0005-10-07 16:30:00,5,10,7,16,30,440,7.0,,47.65,-1.908,Plein jour,Hors agglomération,Hors intersection,Normale,Autre collision,,,,,,,,,,,1,1,1,1,6
200500062816,0005-10-22 21:00:00,5,10,22,21,0,440,56.0,,47.431,-1.798,Nuit sans éclairage public,Hors agglomération,Hors intersection,Normale,Sans collision,,,,,,,,,,,3,1,1,1,7
200500062817,0005-10-02 15:15:00,5,10,2,15,15,440,73.0,,,,Plein jour,Hors agglomération,Intersection en X,Normale,Deux véhicules - côté,,,,,,,,,,,1,1,2,1,3
200500062818,0005-10-09 15:45:00,5,10,9,15,45,440,24.0,,,,Plein jour,Hors agglomération,Hors intersection,Normale,Deux véhicules - frontale,,,,,,,,,,,1,1,1,1,1
200500062819,0005-10-04 07:45:00,5,10,4,7,45,440,131.0,rue du val St Martin,,,Crépuscule ou aube,En agglomération,Hors intersection,Normale,Autre collision,,,,,,,,,,,2,2,1,1,6
200500062820,0005-10-08 08:15:00,5,10,8,8,15,440,187.0,,,,Nuit avec éclairage allumé,Hors agglomération,Hors intersection,Normale,Autre collision,,,,,,,,,,,5,1,1,1,6
200500062821,0005-10-27 07:45:00,5,10,27,7,45,440,187.0,,47.219,-2.053,Crépuscule ou aube,Hors agglomération,Hors intersection,Normale,Deux véhicules - côté,,,,,,,,,,,2,1,1,1,3
200500062822,0005-10-06 17:00:00,5,10,6,17,0,440,87.0,,47.006,-1.797,Plein jour,Hors agglomération,Hors intersection,Normale,Deux véhicules - côté,,,,,,,,,,,1,1,1,1,3
200500062823,0005-10-07 15:00:00,5,10,7,15,0,440,186.0,rue de bazouin,47.108,-1.81,Plein jour,En agglomération,Intersection en T,Normale,Deux véhicules - côté,,,,,,,,,,,1,2,3,1,3
200500062824,0005-10-16 10:00:00,5,10,16,10,0,440,133.0,,47.139,-1.765,Plein jour,Hors agglomération,Hors intersection,Temps couvert,Autre collision,,,,,,,,,,,1,1,1,8,6
200500062825,0005-10-04 09:00:00,5,10,4,9,0,440,211.0,Boulevard de l'Europe,,,Plein jour,En agglomération,Giratoire,Normale,Deux véhicules - frontale,,,,,,,,,,,1,2,6,1,1
200500062826,0005-10-06 13:00:00,5,10,6,13,0,440,72.0,BOULEVARD DE LA BRIERE,,,Plein jour,En agglomération,Hors intersection,Normale,Deux véhicules - frontale,,,,,,,,,,,1,2,1,1,1
200500062827,0005-10-17 07:00:00,5,10,17,7,0,440,69.0,e au magasin Intermarché,,,Nuit sans éclairage public,Hors agglomération,Hors intersection,Normale,Deux véhicules - frontale,,,,,,,,,,,3,1,1,1,1
200500062828,0005-10-27 21:30:00,5,10,27,21,30,440,30.0,,,,Nuit avec éclairage non allumé,Hors agglomération,Hors intersection,Normale,Sans collision,,,,,,,,,,,4,1,1,1,7
200500062829,0005-10-13 13:50:00,5,10,13,13,50,440,168.0,CD50,,,Plein jour,Hors agglomération,Hors intersection,Temps couvert,Deux véhicules - frontale,,,,,,,,,,,1,1,1,8,1
200500062830,0005-10-15 15:00:00,5,10,15,15,0,440,210.0,,,,Plein jour,Hors agglomération,Hors intersection,Normale,Deux véhicules - côté,,,,,,,,,,,1,1,1,1,3
200500062831,0005-10-13 09:30:00,5,10,13,9,30,440,103.0,rue Jules VERNE,,,Plein jour,En agglomération,Hors intersection,Pluie légère,Autre collision,,,,,,,,,,,1,2,1,2,6
200500062832,0005-10-21 20:15:00,5,10,21,20,15,440,52.0,,47.334,-2.024,Nuit sans éclairage public,Hors agglomération,Hors intersection,Normale,Deux véhicules - frontale,,,,,,,,,,,3,1,1,1,1
200500062833,0005-10-23 18:00:00,5,10,23,18,0,440,98.0,,47.507,-2.127,Plein jour,Hors agglomération,Hors intersection,Normale,Deux véhicules - frontale,,,,,,,,,,,1,1,1,1,1
200500062834,0005-10-01 10:30:00,5,10,1,10,30,440,158.0,Route de Coueron,47.278,-1.778,Plein jour,En agglomération,Giratoire,Normale,Deux véhicules - côté,,,,,,,,,,,1,2,6,1,3
200500062835,0005-10-07 17:30:00,5,10,7,17,30,440,217.0,,,,Plein jour,Hors agglomération,Hors intersection,Normale,Autre collision,,,,,,,,,,,1,1,1,1,6
200500062836,0005-10-09 18:30:00,5,10,9,18,30,440,217.0,Rue de La Villemarque,,,Plein jour,En agglomération,Hors intersection,Normale,Autre collision,,,,,,,,,,,1,2,1,1,6
200500062837,0005-10-10 18:00:00,5,10,10,18,0,440,158.0,,47.284,-1.725,Plein jour,Hors agglomération,Hors intersection,Normale,Sans collision,,,,,,,,,,,1,1,1,1,7
200500062838,0005-10-02 16:30:00,5,10,2,16,30,440,19.0,La Priourais,47.302,-1.887,Plein jour,Hors agglomération,Hors intersection,Normale,Autre collision,,,,,,,,,,,1,1,1,1,6
200500062839,0005-10-13 23:30:00,5,10,13,23,30,440,89.0,La vallée,,,Nuit sans éclairage public,Hors agglomération,Hors intersection,Normale,Deux véhicules - frontale,,,,,,,,,,,3,1,1,1,1
200500062840,0005-10-16 00:50:00,5,10,16,0,50,440,33.0,Relias du Tillon - CD17,,,Nuit sans éclairage public,Hors agglomération,Hors intersection,Pluie légère,Autre collision,,,,,,,,,,,3,1,1,2,6
200500062841,0005-10-23 03:00:00,5,10,23,3,0,440,195.0,,,,Nuit sans éclairage public,Hors agglomération,Hors intersection,Normale,Autre collision,,,,,,,,,,,3,1,1,1,6
200500062842,0005-10-12 08:05:00,5,10,12,8,5,490,214.0,Le Haut Coudray,,,Crépuscule ou aube,Hors agglomération,Hors intersection,Pluie forte,Deux véhicules - côté,,,,,,,,,,,2,1,1,3,3
200500062843,0005-10-30 08:30:00,5,10,30,8,30,490,35.0,route d'ANGERS,,,Nuit avec éclairage allumé,En agglomération,Hors intersection,Normale,Deux véhicules - frontale,,,,,,,,,,,5,2,1,1,1
200500062844,0005-10-15 22:00:00,5,10,15,22,0,490,153.0,,47.21,-0.59,Nuit sans éclairage public,En agglomération,Hors intersection,Normale,Sans collision,,,,,,,,,,,3,2,1,1,7
200500062845,0005-10-13 17:15:00,5,10,13,17,15,490,292.0,,47.316,-0.615,Plein jour,Hors agglomération,Hors intersection,Pluie légère,Sans collision,,,,,,,,,,,1,1,1,2,7
200500062846,0005-10-28 07:30:00,5,10,28,7,30,490,222.0,,47.35,-0.57,Crépuscule ou aube,Hors agglomération,Hors intersection,Pluie légère,Deux véhicules - arrière,,,,,,,,,,,2,1,1,2,2
200500062847,0005-10-24 12:15:00,5,10,24,12,15,490,283.0,,47.38,-0.75,Plein jour,Hors agglomération,Intersection en X,Normale,Deux véhicules - côté,,,,,,,,,,,1,1,2,1,3
200500062848,0005-10-30 11:15:00,5,10,30,11,15,490,212.0,,47.397,-0.876,Plein jour,Hors agglomération,Intersection en T,Normale,Deux véhicules - côté,,,,,,,,,,,1,1,3,1,3
200500062849,0005-10-14 07:00:00,5,10,14,7,0,490,127.0,Avenue d'ANGERS,47.671,-0.243,Nuit avec éclairage allumé,En agglomération,Hors intersection,Normale,Autre collision,,,,,,,,,,,5,2,1,1,6
200500062850,0005-10-30 20:00:00,5,10,30,20,0,490,127.0,,47.711,-0.268,Nuit sans éclairage public,Hors agglomération,Hors intersection,Pluie légère,Sans collision,,,,,,,,,,,3,1,1,2,7
200500062851,0005-10-07 23:00:00,5,10,7,23,0,490,23.0,Rue du Maréchal Foch,47.206,-0.989,Nuit avec éclairage allumé,En agglomération,Hors intersection,Normale,Deux véhicules - côté,,,,,,,,,,,5,2,1,1,3
200500062852,0005-10-24 17:00:00,5,10,24,17,0,490,92.0,,47.216,-0.707,Plein jour,Hors agglomération,Hors intersection,Normale,Deux véhicules - côté,,,,,,,,,,,1,1,1,1,3
200500062853,0005-10-13 18:15:00,5,10,13,18,15,490,111.0,,47.211,-0.635,Nuit sans éclairage public,Hors agglomération,Hors intersection,Pluie légère,Autre collision,,,,,,,,,,,3,1,1,2,6
200500062854,0005-10-04 08:00:00,5,10,4,8,0,490,285.0,rue de gennes,47.124,-1.096,Plein jour,En agglomération,Intersection en T,Normale,Deux véhicules - côté,,,,,,,,,,,1,2,3,1,3
200500062855,0005-10-08 16:15:00,5,10,8,16,15,490,343.0,Rue du Commerce,47.009,-0.851,Plein jour,En agglomération,Hors intersection,Normale,Autre collision,,,,,,,,,,,1,2,1,1,6
200500062856,0005-10-17 20:00:00,5,10,17,20,0,490,332.0,,47.106,-0.95,Nuit sans éclairage public,Hors agglomération,Hors intersection,Normale,Autre collision,,,,,,,,,,,3,1,1,1,6
200500062857,0005-10-29 08:30:00,5,10,29,8,30,490,258.0,,,,Plein jour,Hors agglomération,Hors intersection,Normale,Deux véhicules - arrière,,,,,,,,,,,1,1,1,1,2
200500062858,0005-10-04 16:45:00,5,10,4,16,45,490,269.0,hemin vicinal numéro 02.,,,Plein jour,Hors agglomération,Hors intersection,Temps éblouissant,Deux véhicules - côté,,,,,,,,,,,1,1,1,7,3
200500062859,0005-10-02 04:45:00,5,10,2,4,45,490,145.0,,,,Nuit avec éclairage non allumé,Hors agglomération,Hors intersection,Normale,Deux véhicules - côté,,,,,,,,,,,4,1,1,1,3
200500062860,0005-10-03 12:15:00,5,10,3,12,15,490,145.0,rue st Martin,,,Plein jour,En agglomération,Hors intersection,Normale,Deux véhicules - frontale,,,,,,,,,,,1,2,1,1,1
200500062861,0005-10-10 18:45:00,5,10,10,18,45,490,177.0,,47.292,-1.134,Plein jour,Hors agglomération,Intersection en T,Normale,Deux véhicules - côté,,,,,,,,,,,1,1,3,1,3
200500062862,0005-10-12 17:30:00,5,10,12,17,30,490,297.0,,,,Plein jour,Hors agglomération,Hors intersection,Normale,Autre collision,,,,,,,,,,,1,1,1,1,6
200500062863,0005-10-17 18:00:00,5,10,17,18,0,490,177.0,four des RD 763 et RD 67,47.316,-1.161,Plein jour,Hors agglomération,Hors intersection,Normale,Autre collision,,,,,,,,,,,1,1,1,1,6
200500062864,0005-10-28 07:45:00,5,10,28,7,45,490,320.0,La Croix Judic,,,Nuit sans éclairage public,En agglomération,Hors intersection,Pluie légère,Deux véhicules - arrière,,,,,,,,,,,3,2,1,2,2
200500062865,0005-10-31 11:45:00,5,10,31,11,45,490,218.0,,,,Plein jour,Hors agglomération,Intersection en X,Pluie légère,Deux véhicules - côté,,,,,,,,,,,1,1,2,2,3
200500062866,0005-10-31 22:15:00,5,10,31,22,15,490,137.0,"""Le Logis Notre Dame""",47.226,-1.054,Nuit sans éclairage public,Hors agglomération,Hors intersection,Temps couvert,Autre collision,,,,,,,,,,,3,1,1,8,6
200500062867,0005-10-21 11:30:00,5,10,21,11,30,490,245.0,"CD 766, PK 17+400",,,Plein jour,Hors agglomération,Hors intersection,Pluie légère,Deux véhicules - frontale,,,,,,,,,,,1,1,1,2,1
200500062868,0005-10-08 14:00:00,5,10,8,14,0,490,121.0,- CV Saulgé-Villeneuve,,,Plein jour,Hors agglomération,Hors intersection,Normale,Deux véhicules - côté,,,,,,,,,,,1,1,1,1,3
200500062869,0005-10-09 09:00:00,5,10,9,9,0,490,125.0,,,,Plein jour,Hors agglomération,Hors intersection,Brouillard / fumée,Deux véhicules - frontale,,,,,,,,,,,1,1,1,5,1
200500062870,0005-10-20 08:45:00,5,10,20,8,45,490,125.0,,,,Plein jour,Hors agglomération,Hors intersection,Normale,Autre collision,,,,,,,,,,,1,1,1,1,6
200500062871,0005-10-28 08:00:00,5,10,28,8,0,490,12.0,,47.211,-0.468,Nuit sans éclairage public,Hors agglomération,Hors intersection,Pluie légère,Autre collision,,,,,,,,,,,3,1,1,2,6
200500062872,0005-10-17 15:30:00,5,10,17,15,30,490,180.0,,47.386,-0.094,Plein jour,Hors agglomération,Hors intersection,Temps couvert,Autre collision,,,,,,,,,,,1,1,1,8,6
200500062873,0005-10-20 00:01:00,5,10,20,0,1,490,229.0,Rue du Bel Horizon,,,Nuit avec éclairage allumé,En agglomération,Hors intersection,Normale,Autre collision,,,,,,,,,,,5,2,1,1,6
200500062874,0005-10-19 18:30:00,5,10,19,18,30,490,155.0,Grieul,,,Crépuscule ou aube,Hors agglomération,Hors intersection,Pluie légère,Trois véhicules et plus - en chaîne,,,,,,,,,,,2,1,1,2,4
200500062875,0005-10-09 04:45:00,5,10,9,4,45,490,132.0,,47.661,-0.447,Nuit sans éclairage public,Hors agglomération,Hors intersection,Normale,Autre collision,,,,,,,,,,,3,1,1,1,6
200500062876,0005-10-21 16:45:00,5,10,21,16,45,530,158.0,Lieu dit Valleray,,,Plein jour,Hors agglomération,Autre intersection,Normale,Deux véhicules - frontale,,,,,,,,,,,1,1,9,1,1
200500062877,0005-10-31 18:00:00,5,10,31,18,0,530,94.0,,48.035,-0.736,Nuit sans éclairage public,Hors agglomération,Hors intersection,Normale,Deux véhicules - arrière,,,,,,,,,,,3,1,1,1,2
200500062878,0005-10-19 19:30:00,5,10,19,19,30,530,97.0,,48.127,-0.374,Nuit sans éclairage public,Hors agglomération,Hors intersection,Normale,Trois véhicules et plus - collisions multiples,,,,,,,,,,,3,1,1,1,5
200500062879,0005-10-24 17:00:00,5,10,24,17,0,530,97.0,Rue Livet de Monfeu,48.154,-0.405,Plein jour,En agglomération,Hors intersection,Normale,Deux véhicules - frontale,,,,,,,,,,,1,2,1,1,1
200500062880,0005-10-04 11:15:00,5,10,4,11,15,530,29.0,,47.822,-0.541,Plein jour,Hors agglomération,Hors intersection,Normale,Sans collision,,,,,,,,,,,1,1,1,1,7
200500062881,0005-10-07 20:45:00,5,10,7,20,45,530,62.0,boulevard du hodeau,47.831,-0.704,Nuit avec éclairage allumé,En agglomération,Hors intersection,Normale,Trois véhicules et plus - collisions multiples,,,,,,,,,,,5,2,1,1,5
200500062882,0005-10-15 15:00:00,5,10,15,15,0,530,77.0,,,,Plein jour,Hors agglomération,Hors intersection,Normale,Sans collision,,,,,,,,,,,1,1,1,1,7
200500062883,0005-10-12 07:30:00,5,10,12,7,30,530,266.0,PK 4 + 900 Mètres,48.277,-0.311,Nuit sans éclairage public,Hors agglomération,Hors intersection,Pluie légère,Autre collision,,,,,,,,,,,3,1,1,2,6
200500062884,0005-10-11 08:45:00,5,10,11,8,45,530,96.0,2 PLACE RENAULT MORLIERE,48.301,-0.934,Plein jour,En agglomération,Hors intersection,Normale,Autre collision,,,,,,,,,,,1,2,1,1,6
200500062885,0005-10-21 18:30:00,5,10,21,18,30,530,96.0,route de Montenay,,,Plein jour,En agglomération,Giratoire,Normale,Deux véhicules - côté,,,,,,,,,,,1,2,6,1,3
200500062886,0005-10-01 00:15:00,5,10,1,0,15,720,213.0,RUE DU STADE,,,Nuit sans éclairage public,En agglomération,Hors intersection,Pluie légère,Sans collision,,,,,,,,,,,3,2,1,2,7
200500062887,0005-10-09 19:00:00,5,10,9,19,0,720,299.0,,,,Crépuscule ou aube,Hors agglomération,Hors intersection,Normale,Sans collision,,,,,,,,,,,2,1,1,1,7
200500062888,0005-10-27 15:15:00,5,10,27,15,15,720,58.0,,,,Plein jour,Hors agglomération,Hors intersection,Normale,Deux véhicules - frontale,,,,,,,,,,,1,1,1,1,1