accident_id,datetime,annee,mois,jour,heure,minute,departement,commune_insee,adresse,latitude,longitude,luminosite,agglomeration,intersection,meteo,collision,nb_vehicules,nb_usagers,nb_indemnes,nb_tues,nb_blesses_hosp,nb_blesses_legers,age_cond_1,age_cond_2,veh_type_cond_1,veh_type_cond_2,lum_code,agg_code,int_code,atm_code,col_code
200500062889,0005-10-09 03:30:00,5,10,9,3,30,720,54.0,,48.012,0.327,Nuit sans éclairage public,Hors agglomération,Hors intersection,Normale,Deux véhicules - frontale,,,,,,,,,,,3,1,1,1,1
200500062890,0005-10-12 01:30:00,5,10,12,1,30,720,335.0,,48.106,0.327,Nuit sans éclairage public,Hors agglomération,Hors intersection,Pluie légère,Autre collision,,,,,,,,,,,3,1,1,2,6
200500062891,0005-10-31 11:00:00,5,10,31,11,0,720,329.0,,48.081,0.316,Plein jour,Hors agglomération,Hors intersection,Pluie légère,Autre collision,,,,,,,,,,,1,1,1,2,6
200500062892,0005-10-06 07:45:00,5,10,6,7,45,720,168.0,,,,Nuit sans éclairage public,Hors agglomération,Hors intersection,Brouillard / fumée,Deux véhicules - arrière,,,,,,,,,,,3,1,1,5,2
200500062893,0005-10-26 17:00:00,5,10,26,17,0,720,346.0,carrefour CD 23 - CD 31,,,Plein jour,Hors agglomération,Intersection en X,Normale,Trois véhicules et plus - collisions multiples,,,,,,,,,,,1,1,2,1,5
200500062894,0005-10-08 20:15:00,5,10,8,20,15,720,154.0,"t ""Le ruigne des vignes""",,,Nuit sans éclairage public,Hors agglomération,Hors intersection,Normale,Deux véhicules - arrière,,,,,,,,,,,3,1,1,1,2
200500062895,0005-10-14 22:45:00,5,10,14,22,45,720,84.0,"lieu-dit ""La Bonnelière""",,,Nuit sans éclairage public,Hors agglomération,Hors intersection,Normale,Sans collision,,,,,,,,,,,3,1,1,1,7
200500062896,0005-10-21 19:00:00,5,10,21,19,0,720,154.0,place de la nouvelle Fra,,,Plein jour,En agglomération,Place,Normale,Trois véhicules et plus - collisions multiples,,,,,,,,,,,1,2,7,1,5
200500062897,0005-10-07 07:45:00,5,10,7,7,45,720,143.0,,,,Plein jour,Hors agglomération,Hors intersection,Normale,Autre collision,,,,,,,,,,,1,1,1,1,6
200500062898,0005-10-26 13:15:00,5,10,26,13,15,720,262.0,,,,Plein jour,Hors agglomération,Hors intersection,Normale,Sans collision,,,,,,,,,,,1,1,1,1,7
200500062899,0005-10-04 16:45:00,5,10,4,16,45,720,228.0,rue de la libération,,,Plein jour,En agglomération,Hors intersection,Normale,Autre collision,,,,,,,,,,,1,2,1,1,6
200500062900,0005-10-09 20:15:00,5,10,9,20,15,720,293.0,,47.855,-0.034,Nuit sans éclairage public,Hors agglomération,Hors intersection,Normale,Sans collision,,,,,,,,,,,3,1,1,1,7
200500062901,0005-10-29 16:30:00,5,10,29,16,30,720,59.0,,,,Plein jour,Hors agglomération,Hors intersection,Normale,Sans collision,,,,,,,,,,,1,1,1,1,7
200500062902,0005-10-13 11:55:00,5,10,13,11,55,720,291.0,LA CHAUSSEPIERRE,,,Plein jour,Hors agglomération,Hors intersection,Pluie légère,Sans collision,,,,,,,,,,,1,1,1,2,7
200500062903,0005-10-13 03:45:00,5,10,13,3,45,720,106.0,"""la Chaire""",,,Nuit sans éclairage public,Hors agglomération,Hors intersection,Pluie légère,Deux véhicules - frontale,,,,,,,,,,,3,1,1,2,1
200500062904,0005-10-13 14:00:00,5,10,13,14,0,720,189.0,,,,Plein jour,Hors agglomération,Hors intersection,Normale,Autre collision,,,,,,,,,,,1,1,1,1,6
200500062905,0005-10-22 17:45:00,5,10,22,17,45,720,193.0,,48.128,0.823,Plein jour,Hors agglomération,Hors intersection,Normale,Sans collision,,,,,,,,,,,1,1,1,1,7
200500062906,0005-10-08 12:30:00,5,10,8,12,30,850,43.0,LA COCUERE,,,Plein jour,Hors agglomération,Hors intersection,Normale,Deux véhicules - frontale,,,,,,,,,,,1,1,1,1,1
200500062907,0005-10-31 23:00:00,5,10,31,23,0,850,61.0,CD 29 - La Mainborgère,,,Nuit avec éclairage allumé,En agglomération,Hors intersection,Pluie légère,Deux véhicules - frontale,,,,,,,,,,,5,2,1,2,1
200500062908,0005-10-07 20:15:00,5,10,7,20,15,850,51.0,Av.  Georges Clémenceau,,,Nuit avec éclairage allumé,En agglomération,Hors intersection,Normale,Deux véhicules - frontale,,,,,,,,,,,5,2,1,1,1
200500062909,0005-10-22 21:15:00,5,10,22,21,15,850,196.0,,,,Nuit sans éclairage public,Hors agglomération,Hors intersection,Normale,Deux véhicules - côté,,,,,,,,,,,3,1,1,1,3
200500062910,0005-10-08 04:15:00,5,10,8,4,15,850,217.0,ROUTE NATIONALE 1137,,,Nuit sans éclairage public,Hors agglomération,Hors intersection,Normale,Deux véhicules - arrière,,,,,,,,,,,3,1,1,1,2
200500062911,0005-10-17 10:00:00,5,10,17,10,0,850,3.0,,46.737,-1.586,Plein jour,Hors agglomération,Hors intersection,Normale,Trois véhicules et plus - en chaîne,,,,,,,,,,,1,1,1,1,4
200500062912,0005-10-28 17:15:00,5,10,28,17,15,850,178.0,RUE DES MOULINS DES ORAN,,,Plein jour,En agglomération,Hors intersection,Pluie légère,Deux véhicules - frontale,,,,,,,,,,,1,2,1,2,1
200500062913,0005-10-28 21:30:00,5,10,28,21,30,850,155.0,,,,Nuit sans éclairage public,Hors agglomération,Hors intersection,Pluie légère,Deux véhicules - frontale,,,,,,,,,,,3,1,1,2,1
200500062914,0005-10-13 14:00:00,5,10,13,14,0,850,92.0,rue de Jarnigande,46.463,-0.831,Plein jour,En agglomération,Hors intersection,Normale,Autre collision,,,,,,,,,,,1,2,1,1,6
200500062915,0005-10-24 19:15:00,5,10,24,19,15,850,92.0,RUE DE LA REPUBLIQUE,46.469,-0.801,Nuit avec éclairage allumé,En agglomération,Giratoire,Normale,Trois véhicules et plus - collisions multiples,,,,,,,,,,,5,2,6,1,5
200500062916,0005-10-11 21:15:00,5,10,11,21,15,850,131.0,,46.472,-1.237,Nuit sans éclairage public,Hors agglomération,Hors intersection,Normale,Deux véhicules - arrière,,,,,,,,,,,3,1,1,1,2
200500062917,0005-10-28 15:15:00,5,10,28,15,15,850,216.0,rue nationale,46.489,-1.112,Plein jour,En agglomération,Intersection en X,Pluie légère,Deux véhicules - côté,,,,,,,,,,,1,2,2,2,3
200500062918,0005-10-30 15:30:00,5,10,30,15,30,850,255.0,,46.351,-1.261,Plein jour,Hors agglomération,Hors intersection,Normale,Deux véhicules - frontale,,,,,,,,,,,1,1,1,1,1
200500062919,0005-10-15 18:00:00,5,10,15,18,0,850,110.0,CD 30,,,Plein jour,Hors agglomération,Hors intersection,Normale,Deux véhicules - côté,,,,,,,,,,,1,1,1,1,3
200500062920,0005-10-16 03:30:00,5,10,16,3,30,850,94.0,La Mauzaunière,46.53,-0.686,Nuit sans éclairage public,Hors agglomération,Hors intersection,Normale,Deux véhicules - frontale,,,,,,,,,,,3,1,1,1,1
200500062921,0005-10-25 13:25:00,5,10,25,13,25,850,20.0,12 rue du Temple,,,Plein jour,En agglomération,Hors intersection,Normale,Deux véhicules - frontale,,,,,,,,,,,1,2,1,1,1
200500062922,0005-10-08 23:45:00,5,10,8,23,45,850,41.0,,,,Nuit sans éclairage public,Hors agglomération,Hors intersection,Normale,Deux véhicules - côté,,,,,,,,,,,3,1,1,1,3
200500062923,0005-10-22 10:15:00,5,10,22,10,15,850,257.0,,46.855,-0.944,Plein jour,Hors agglomération,Hors intersection,Temps couvert,Deux véhicules - côté,,,,,,,,,,,1,1,1,8,3
200500062924,0005-10-04 16:25:00,5,10,4,16,25,850,106.0,LA TRESSON,,,Plein jour,Hors agglomération,Hors intersection,Normale,Deux véhicules - frontale,,,,,,,,,,,1,1,1,1,1
200500062925,0005-10-14 17:00:00,5,10,14,17,0,850,163.0,rue de la fontaine,,,Plein jour,En agglomération,Hors intersection,Normale,Deux véhicules - côté,,,,,,,,,,,1,2,1,1,3
200500062926,0005-10-29 21:30:00,5,10,29,21,30,850,163.0,ROUTE DE L HERBAUDIERE,47.009,-2.254,Nuit avec éclairage allumé,En agglomération,Hors intersection,Normale,Deux véhicules - côté,,,,,,,,,,,5,2,1,1,3
200500062927,0005-10-08 11:00:00,5,10,8,11,0,850,268.0,,,,Plein jour,Hors agglomération,Autre intersection,Normale,Autre collision,,,,,,,,,,,1,1,9,1,6
200500062928,0005-10-17 10:00:00,5,10,17,10,0,850,222.0,BIS SEMI RAPIDE PK 4+600,,,Plein jour,Hors agglomération,Hors intersection,Normale,Deux véhicules - côté,,,,,,,,,,,1,1,1,1,3
200500062929,0005-10-26 17:45:00,5,10,26,17,45,850,35.0,,46.644,-1.877,Plein jour,Hors agglomération,Hors intersection,Normale,Trois véhicules et plus - collisions multiples,,,,,,,,,,,1,1,1,1,5
200500062930,0005-10-27 09:30:00,5,10,27,9,30,850,243.0,rue des Libertins,46.6,-1.82,Plein jour,En agglomération,Hors intersection,Normale,Autre collision,,,,,,,,,,,1,2,1,1,6
200500062931,0005-10-01 12:45:00,5,10,1,12,45,850,284.0,,,,Plein jour,Hors agglomération,Intersection en X,Normale,Deux véhicules - côté,,,,,,,,,,,1,1,2,1,3
200500062932,0005-10-02 00:30:00,5,10,2,0,30,850,284.0,,46.794,-1.91,Nuit sans éclairage public,Hors agglomération,Hors intersection,Normale,Deux véhicules - frontale,,,,,,,,,,,3,1,1,1,1
200500062933,0005-10-15 15:30:00,5,10,15,15,30,850,234.0,,,,Plein jour,Hors agglomération,Hors intersection,Normale,Deux véhicules - frontale,,,,,,,,,,,1,1,1,1,1
200500062934,0005-10-22 11:00:00,5,10,22,11,0,850,234.0,,,,Plein jour,Hors agglomération,Hors intersection,Normale,Deux véhicules - côté,,,,,,,,,,,1,1,1,1,3
200500062935,0005-10-13 04:00:00,5,10,13,4,0,850,127.0,CD 46b,,,Nuit avec éclairage allumé,En agglomération,Hors intersection,Pluie forte,Sans collision,,,,,,,,,,,5,2,1,3,7
200500062936,0005-10-14 18:00:00,5,10,14,18,0,850,4.0,route de la tranche,46.411,-1.407,Plein jour,En agglomération,Intersection en X,Normale,Deux véhicules - frontale,,,,,,,,,,,1,2,2,1,1
200500062937,0005-10-31 13:15:00,5,10,31,13,15,850,156.0,,,,Plein jour,Hors agglomération,Intersection en T,Temps couvert,Deux véhicules - côté,,,,,,,,,,,1,1,3,8,3
200500062938,0005-10-10 20:30:00,5,10,10,20,30,330,498.0,,44.511,-0.877,Nuit sans éclairage public,Hors agglomération,Hors intersection,Normale,Autre collision,,,,,,,,,,,3,1,1,1,6
200500062939,0005-10-25 09:30:00,5,10,25,9,30,330,519.0,91 avenue de SOULAC,,,Plein jour,En agglomération,Autre intersection,Normale,Deux véhicules - côté,,,,,,,,,,,1,2,9,1,3
200500062940,0005-10-23 14:30:00,5,10,23,14,30,330,56.0,avenue du Gal De Gaulle,,,Plein jour,En agglomération,Hors intersection,Normale,Deux véhicules - frontale,,,,,,,,,,,1,2,1,1,1
200500062941,0005-10-17 06:45:00,5,10,17,6,45,330,162.0,Avenue du Médoc,,,Nuit avec éclairage allumé,En agglomération,Hors intersection,Normale,Deux véhicules - côté,,,,,,,,,,,5,2,1,1,3
200500062942,0005-10-31 11:25:00,5,10,31,11,25,330,162.0,100 avenue du Médoc,,,Plein jour,En agglomération,Hors intersection,Normale,Deux véhicules - arrière,,,,,,,,,,,1,2,1,1,2
200500062943,0005-10-22 04:50:00,5,10,22,4,50,330,449.0,rue CAPSEC,,,Nuit avec éclairage allumé,En agglomération,Hors intersection,Pluie légère,Sans collision,,,,,,,,,,,5,2,1,2,7
200500062944,0005-10-11 16:30:00,5,10,11,16,30,330,267.0,,45.275,-0.532,Plein jour,Hors agglomération,Intersection en X,Normale,Deux véhicules - côté,,,,,,,,,,,1,1,2,1,3
200500062945,0005-10-29 15:45:00,5,10,29,15,45,330,380.0,,45.295,-0.569,Plein jour,Hors agglomération,Hors intersection,Normale,Trois véhicules et plus - collisions multiples,,,,,,,,,,,1,1,1,1,5
200500062946,0005-10-31 21:00:00,5,10,31,21,0,330,159.0,La Potence,45.233,-0.578,Nuit sans éclairage public,Hors agglomération,Hors intersection,Normale,Autre collision,,,,,,,,,,,3,1,1,1,6
200500062947,0005-10-31 13:45:00,5,10,31,13,45,330,473.0,,,,Plein jour,Hors agglomération,Hors intersection,Normale,Autre collision,,,,,,,,,,,1,1,1,1,6
200500062948,0005-10-19 16:45:00,5,10,19,16,45,330,433.0,D242-chemin de Peligon,44.92,-0.422,Plein jour,En agglomération,Hors intersection,Normale,Deux véhicules - côté,,,,,,,,,,,1,2,1,1,3
200500062949,0005-10-03 13:45:00,5,10,3,13,45,330,96.0,08 rue du 11 Novembre 18,,,Plein jour,En agglomération,Hors intersection,Normale,Deux véhicules - côté,,,,,,,,,,,1,2,1,1,3
200500062950,0005-10-09 22:45:00,5,10,9,22,45,330,213.0,2 bis avenue du reys,,,Nuit sans éclairage public,En agglomération,Hors intersection,Normale,Sans collision,,,,,,,,,,,3,2,1,1,7
200500062951,0005-10-08 14:15:00,5,10,8,14,15,330,33.0,"Lieu-dit ""Borde""",,,Plein jour,Hors agglomération,Hors intersection,Normale,Deux véhicules - arrière,,,,,,,,,,,1,1,1,1,2
200500062952,0005-10-16 20:00:00,5,10,16,20,0,330,140.0,RD14,44.775,-0.353,Nuit avec éclairage allumé,En agglomération,Hors intersection,Normale,Deux véhicules - arrière,,,,,,,,,,,5,2,1,1,2
200500062953,0005-10-04 13:45:00,5,10,4,13,45,330,165.0,avenue de lignan,44.823,-0.446,Plein jour,En agglomération,Hors intersection,Normale,Autre collision,,,,,,,,,,,1,2,1,1,6
200500062954,0005-10-13 17:30:00,5,10,13,17,30,330,13.0,63 boulevard FEYDEAU,44.86,-0.48,Plein jour,En agglomération,Hors intersection,Autre,Deux véhicules - frontale,,,,,,,,,,,1,2,1,9,1
200500062955,0005-10-16 11:00:00,5,10,16,11,0,330,496.0,,44.845,-0.404,Plein jour,Hors agglomération,Hors intersection,Normale,Sans collision,,,,,,,,,,,1,1,1,1,7
200500062956,0005-10-27 07:00:00,5,10,27,7,0,330,535.0,,44.84,-0.49,Nuit avec éclairage allumé,Hors agglomération,Hors intersection,Normale,Deux véhicules - côté,,,,,,,,,,,5,1,1,1,3
200500062957,0005-10-08 17:50:00,5,10,8,17,50,330,80.0,passage à niveau n°12,,,Plein jour,Hors agglomération,Passage à niveau,Normale,Deux véhicules - frontale,,,,,,,,,,,1,1,8,1,1
200500062958,0005-10-17 07:40:00,5,10,17,7,40,330,334.0,RN 113,,,Crépuscule ou aube,Hors agglomération,Intersection en X,Normale,Deux véhicules - côté,,,,,,,,,,,2,1,2,1,3
200500062959,0005-10-19 09:30:00,5,10,19,9,30,330,30.0,lieu-dit Le Tucau,44.626,-0.326,Plein jour,Hors agglomération,Hors intersection,Normale,Deux véhicules - côté,,,,,,,,,,,1,1,1,1,3
200500062960,0005-10-27 20:30:00,5,10,27,20,30,330,334.0,Lieu Dit Les Boudoubans,44.698,-0.433,Nuit avec éclairage allumé,Hors agglomération,Hors intersection,Normale,Autre collision,,,,,,,,,,,5,1,1,1,6
200500062961,0005-10-28 08:30:00,5,10,28,8,30,330,120.0,,44.635,-0.333,Crépuscule ou aube,En agglomération,Intersection en X,Pluie légère,Deux véhicules - côté,,,,,,,,,,,2,2,2,2,3
200500062962,0005-10-02 16:00:00,5,10,2,16,0,330,415.0,RUE DES ECOLES,,,Plein jour,En agglomération,Hors intersection,Normale,Autre collision,,,,,,,,,,,1,2,1,1,6
200500062963,0005-10-25 08:00:00,5,10,25,8,0,330,366.0,Route de Libourne,44.997,-0.437,Crépuscule ou aube,En agglomération,Hors intersection,Normale,Trois véhicules et plus - en chaîne,,,,,,,,,,,2,2,1,1,4
200500062964,0005-10-27 20:00:00,5,10,27,20,0,330,366.0,,,,Crépuscule ou aube,Hors agglomération,Hors intersection,Normale,Deux véhicules - arrière,,,,,,,,,,,2,1,1,1,2
200500062965,0005-10-07 19:15:00,5,10,7,19,15,330,164.0,,,,Plein jour,Hors agglomération,Hors intersection,Normale,Deux véhicules - frontale,,,,,,,,,,,1,1,1,1,1
200500062966,0005-10-22 03:20:00,5,10,22,3,20,330,95.0,route de Mont de Marsan,,,Nuit avec éclairage allumé,En agglomération,Hors intersection,Normale,Autre collision,,,,,,,,,,,5,2,1,1,6
200500062967,0005-10-23 00:15:00,5,10,23,0,15,330,137.0,"1, le Miqueux",,,Nuit sans éclairage public,En agglomération,Hors intersection,Temps couvert,Autre collision,,,,,,,,,,,3,2,1,8,6
200500062968,0005-10-30 04:30:00,5,10,30,4,30,330,223.0,,44.755,0.157,Nuit sans éclairage public,Hors agglomération,Hors intersection,Normale,Autre collision,,,,,,,,,,,3,1,1,1,6
200500062969,0005-10-29 12:00:00,5,10,29,12,0,330,359.0,,44.641,0.037,Plein jour,Hors agglomération,Hors intersection,Normale,Deux véhicules - côté,,,,,,,,,,,1,1,1,1,3
200500062970,0005-10-07 21:00:00,5,10,7,21,0,330,352.0,avenue de la Victoire,44.587,-0.037,Crépuscule ou aube,En agglomération,Hors intersection,Normale,Deux véhicules - frontale,,,,,,,,,,,2,2,1,1,1
200500062971,0005-10-24 07:45:00,5,10,24,7,45,330,221.0,,44.559,0.069,Crépuscule ou aube,Hors agglomération,Hors intersection,Brouillard / fumée,Deux véhicules - côté,,,,,,,,,,,2,1,1,5,3
200500062972,0005-10-01 00:30:00,5,10,1,0,30,330,121.0,RD236,,,Nuit sans éclairage public,Hors agglomération,Hors intersection,Normale,Deux véhicules - frontale,,,,,,,,,,,3,1,1,1,1
200500062973,0005-10-07 09:00:00,5,10,7,9,0,330,412.0,,45.211,-0.91,Plein jour,Hors agglomération,Hors intersection,Normale,Deux véhicules - côté,,,,,,,,,,,1,1,1,1,3
200500062974,0005-10-17 00:01:00,5,10,17,0,1,330,476.0,,,,Plein jour,Hors agglomération,Hors intersection,Normale,Autre collision,,,,,,,,,,,1,1,1,1,6
200500062975,0005-10-22 11:00:00,5,10,22,11,0,330,417.0,,44.939,-0.939,Plein jour,Hors agglomération,Hors intersection,Normale,Autre collision,,,,,,,,,,,1,1,1,1,6
200500062976,0005-10-20 22:15:00,5,10,20,22,15,330,256.0,rue du général de gaulle,,,Nuit avec éclairage allumé,En agglomération,Autre intersection,Normale,Deux véhicules - côté,,,,,,,,,,,5,2,9,1,3
200500062977,0005-10-07 13:30:00,5,10,7,13,30,330,28.0,lieu dit  Petit-jean,,,Plein jour,Hors agglomération,Hors intersection,Normale,Autre collision,,,,,,,,,,,1,1,1,1,6
200500062978,0005-10-15 19:00:00,5,10,15,19,0,330,296.0,,44.846,-0.015,Nuit sans éclairage public,Hors agglomération,Hors intersection,Pluie forte,Autre collision,,,,,,,,,,,3,1,1,3,6
200500062979,0005-10-11 09:00:00,5,10,11,9,0,330,394.0,,44.899,-0.201,Plein jour,Hors agglomération,Hors intersection,Normale,Deux véhicules - côté,,,,,,,,,,,1,1,1,1,3
200500062980,0005-10-28 17:15:00,5,10,28,17,15,330,394.0,ateau SOUTARD  - CD 243,,,Plein jour,Hors agglomération,Hors intersection,Temps couvert,Deux véhicules - frontale,,,,,,,,,,,1,1,1,8,1
200500062981,0005-10-13 20:00:00,5,10,13,20,0,330,138.0,,,,Nuit avec éclairage allumé,Hors agglomération,Hors intersection,Pluie légère,Deux véhicules - côté,,,,,,,,,,,5,1,1,2,3
200500062982,0005-10-23 18:30:00,5,10,23,18,30,330,138.0,,45.106,-0.03,Plein jour,Hors agglomération,Hors intersection,Temps éblouissant,Deux véhicules - frontale,,,,,,,,,,,1,1,1,7,1
200500062983,0005-10-11 18:30:00,5,10,11,18,30,330,387.0,,45.031,-0.266,Plein jour,Hors agglomération,Hors intersection,Normale,Deux véhicules - côté,,,,,,,,,,,1,1,1,1,3
200500062984,0005-10-25 20:00:00,5,10,25,20,0,330,393.0,"de PARIS, Voie publique",,,Nuit sans éclairage public,Hors agglomération,Hors intersection,Normale,Autre collision,,,,,,,,,,,3,1,1,1,6
200500062985,0005-10-31 12:30:00,5,10,31,12,30,330,218.0,Bourg de LA GUIRANDE,,,Plein jour,En agglomération,Hors intersection,Normale,Deux véhicules - côté,,,,,,,,,,,1,2,1,1,3
200500062986,0005-10-07 10:30:00,5,10,7,10,30,240,258.0,,45.107,0.784,Plein jour,Hors agglomération,Hors intersection,Normale,Deux véhicules - frontale,,,,,,,,,,,1,1,1,1,1
200500062987,0005-10-13 00:15:00,5,10,13,0,15,240,64.0,LES ROCHES,,,Nuit sans éclairage public,Hors agglomération,Hors intersection,Normale,Autre collision,,,,,,,,,,,3,1,1,1,6
200500062988,0005-10-20 17:00:00,5,10,20,17,0,240,10.0,hemin des prairies VC201,,,Plein jour,Hors agglomération,Hors intersection,Normale,Sans collision,,,,,,,,,,,1,1,1,1,7
200500062989,0005-10-10 18:45:00,5,10,10,18,45,240,135.0,,,,Plein jour,Hors agglomération,Hors intersection,Normale,Sans collision,,,,,,,,,,,1,1,1,1,7
200500062990,0005-10-15 23:30:00,5,10,15,23,30,240,521.0,,,,Nuit sans éclairage public,Hors agglomération,Hors intersection,Pluie légère,Autre collision,,,,,,,,,,,3,1,1,2,6
200500062991,0005-10-16 11:45:00,5,10,16,11,45,240,164.0,,,,Plein jour,En agglomération,Hors intersection,Normale,Deux véhicules - arrière,,,,,,,,,,,1,2,1,1,2
200500062992,0005-10-24 10:45:00,5,10,24,10,45,240,46.0,,,,Plein jour,Hors agglomération,Hors intersection,Temps couvert,Deux véhicules - frontale,,,,,,,,,,,1,1,1,8,1
200500062993,0005-10-30 17:15:00,5,10,30,17,15,240,103.0,,,,Plein jour,Hors agglomération,Hors intersection,Normale,Autre collision,,,,,,,,,,,1,1,1,1,6
200500062994,0005-10-07 18:00:00,5,10,7,18,0,240,259.0,lieu dit pré pourri,,,Plein jour,Hors agglomération,Hors intersection,Normale,Deux véhicules - arrière,,,,,,,,,,,1,1,1,1,2
200500062995,0005-10-08 18:15:00,5,10,8,18,15,240,182.0,CD 32,,,Plein jour,En agglomération,Hors intersection,Normale,Deux véhicules - frontale,,,,,,,,,,,1,2,1,1,1
200500062996,0005-10-28 19:45:00,5,10,28,19,45,240,340.0,,,,Nuit sans éclairage public,Hors agglomération,Hors intersection,Normale,Sans collision,,,,,,,,,,,3,1,1,1,7
200500062997,0005-10-27 19:15:00,5,10,27,19,15,240,126.0,,,,Nuit sans éclairage public,Hors agglomération,Hors intersection,Normale,Deux véhicules - arrière,,,,,,,,,,,3,1,1,1,2
200500062998,0005-10-07 14:20:00,5,10,7,14,20,240,528.0,pijarias,,,Plein jour,Hors agglomération,Hors intersection,Normale,Deux véhicules - frontale,,,,,,,,,,,1,1,1,1,1
200500062999,0005-10-25 17:37:00,5,10,25,17,37,240,70.0,refour étang de Grolhier,,,Crépuscule ou aube,Hors agglomération,Intersection en X,Normale,Deux véhicules - côté,,,,,,,,,,,2,1,2,1,3
200500063000,0005-10-07 17:45:00,5,10,7,17,45,240,133.0,,,,Plein jour,Hors agglomération,Hors intersection,Normale,Deux véhicules - côté,,,,,,,,,,,1,1,1,1,3
200500063001,0005-10-02 18:45:00,5,10,2,18,45,240,90.0,,,,Plein jour,Hors agglomération,Hors intersection,Normale,Autre collision,,,,,,,,,,,1,1,1,1,6
200500063002,0005-10-29 00:30:00,5,10,29,0,30,240,434.0,,45.334,0.499,Nuit sans éclairage public,Hors agglomération,Hors intersection,Normale,Sans collision,,,,,,,,,,,3,1,1,1,7
200500063003,0005-10-18 18:15:00,5,10,18,18,15,240,299.0,,45.04,0.37,Plein jour,En agglomération,Hors intersection,Normale,Autre collision,,,,,,,,,,,1,2,1,1,6
200500063004,0005-10-18 18:15:00,5,10,18,18,15,240,294.0,12 route de royan,45.014,0.158,Plein jour,En agglomération,Hors intersection,Normale,Autre collision,,,,,,,,,,,1,2,1,1,6
200500063005,0005-10-27 18:00:00,5,10,27,18,0,240,157.0,,45.094,0.429,Plein jour,Hors agglomération,Hors intersection,Temps éblouissant,Autre collision,,,,,,,,,,,1,1,1,7,6
200500063006,0005-10-31 18:15:00,5,10,31,18,15,240,165.0,,,,Crépuscule ou aube,Hors agglomération,Intersection en X,Normale,Deux véhicules - côté,,,,,,,,,,,2,1,2,1,3
200500063007,0005-10-02 18:45:00,5,10,2,18,45,240,366.0,Le Brezel Bas,,,Plein jour,Hors agglomération,Hors intersection,Normale,Autre collision,,,,,,,,,,,1,1,1,1,6
200500063008,0005-10-05 01:00:00,5,10,5,1,0,240,520.0,Rue Gabriel TARDE,,,Nuit avec éclairage non allumé,En agglomération,Hors intersection,Pluie légère,Autre collision,,,,,,,,,,,4,2,1,2,6
200500063009,0005-10-09 05:00:00,5,10,9,5,0,240,587.0,Le Moulin Bas Port,44.831,1.226,Nuit sans éclairage public,En agglomération,Hors intersection,Normale,Sans collision,,,,,,,,,,,3,2,1,1,7
200500063010,0005-10-14 15:15:00,5,10,14,15,15,240,520.0,,,,Plein jour,En agglomération,Autre intersection,Normale,Deux véhicules - côté,,,,,,,,,,,1,2,9,1,3
200500063011,0005-10-19 08:30:00,5,10,19,8,30,400,164.0,Lieu dit PAYSAN,44.106,-0.306,Crépuscule ou aube,Hors agglomération,Hors intersection,Brouillard / fumée,Autre collision,,,,,,,,,,,2,1,1,5,6
200500063012,0005-10-24 15:00:00,5,10,24,15,0,400,14.0,Rocade CD 932,,,Plein jour,Hors agglomération,Hors intersection,Normale,Deux véhicules - frontale,,,,,,,,,,,1,1,1,1,1
200500063013,0005-10-24 15:30:00,5,10,24,15,30,400,297.0,PK 44 sur le CD 651,,,Plein jour,Hors agglomération,Hors intersection,Normale,Autre collision,,,,,,,,,,,1,1,1,1,6
200500063014,0005-10-02 09:15:00,5,10,2,9,15,400,123.0,,43.83,-1.097,Plein jour,Hors agglomération,Hors intersection,Pluie légère,Autre collision,,,,,,,,,,,1,1,1,2,6
200500063015,0005-10-16 16:30:00,5,10,16,16,30,400,63.0,589 route de Montfort,43.715,-0.971,Plein jour,En agglomération,Hors intersection,Normale,Autre collision,,,,,,,,,,,1,2,1,1,6
200500063016,0005-10-24 16:00:00,5,10,24,16,0,400,63.0,CD.32,,,Plein jour,Hors agglomération,Hors intersection,Normale,Deux véhicules - arrière,,,,,,,,,,,1,1,1,1,2
200500063017,0005-10-30 19:30:00,5,10,30,19,30,400,293.0,D 17,,,Nuit sans éclairage public,Hors agglomération,Hors intersection,Temps couvert,Deux véhicules - frontale,,,,,,,,,,,3,1,1,8,1
200500063018,0005-10-27 08:25:00,5,10,27,8,25,400,194.0,CD 32 - PK 4+700,,,Plein jour,Hors agglomération,Hors intersection,Normale,Deux véhicules - frontale,,,,,,,,,,,1,1,1,1,1
200500063019,0005-10-11 10:00:00,5,10,11,10,0,400,284.0,RN 10,,,Plein jour,En agglomération,Hors intersection,Normale,Sans collision,,,,,,,,,,,1,2,1,1,7
200500063020,0005-10-03 02:15:00,5,10,3,2,15,400,296.0,,43.701,-1.433,Nuit avec éclairage allumé,En agglomération,Giratoire,Pluie légère,Autre collision,,,,,,,,,,,5,2,6,2,6