accident_id,datetime,annee,mois,jour,heure,minute,departement,commune_insee,adresse,latitude,longitude,luminosite,agglomeration,intersection,meteo,collision,nb_vehicules,nb_usagers,nb_indemnes,nb_tues,nb_blesses_hosp,nb_blesses_legers,age_cond_1,age_cond_2,veh_type_cond_1,veh_type_cond_2,lum_code,agg_code,int_code,atm_code,col_code
200500063021,0005-10-15 21:15:00,5,10,15,21,15,400,168.0,,,,Nuit sans éclairage public,Hors agglomération,Hors intersection,Pluie légère,Autre collision,,,,,,,,,,,3,1,1,2,6
200500063022,0005-10-19 07:45:00,5,10,19,7,45,400,4.0,,,,Crépuscule ou aube,Hors agglomération,Hors intersection,Autre,Deux véhicules - frontale,,,,,,,,,,,2,1,1,9,1
200500063023,0005-10-31 16:45:00,5,10,31,16,45,400,44.0,e 117  lieu dit la poste,43.558,-1.31,Plein jour,Hors agglomération,Hors intersection,Normale,Deux véhicules - frontale,,,,,,,,,,,1,1,1,1,1
200500063024,0005-10-03 15:00:00,5,10,3,15,0,400,227.0,,,,Plein jour,Hors agglomération,Hors intersection,Normale,Autre collision,,,,,,,,,,,1,1,1,1,6
200500063025,0005-10-11 16:40:00,5,10,11,16,40,400,46.0,CD 146,,,Plein jour,Hors agglomération,Hors intersection,Normale,Sans collision,,,,,,,,,,,1,1,1,1,7
200500063026,0005-10-12 07:30:00,5,10,12,7,30,400,217.0,Piste cyclable LAHITTE,,,Nuit sans éclairage public,En agglomération,Hors intersection,Normale,Autre collision,,,,,,,,,,,3,2,1,1,6
200500063027,0005-10-13 22:05:00,5,10,13,22,5,400,217.0,CD 652 - PK 0+12m,,,Nuit sans éclairage public,Hors agglomération,Hors intersection,Pluie légère,Autre collision,,,,,,,,,,,3,1,1,2,6
200500063028,0005-10-25 13:20:00,5,10,25,13,20,400,287.0,nue de la Côte d'argent,,,Plein jour,En agglomération,Hors intersection,Normale,Deux véhicules - côté,,,,,,,,,,,1,2,1,1,3
200500063029,0005-10-08 10:30:00,5,10,8,10,30,400,246.0,RN 134,,,Plein jour,En agglomération,Hors intersection,Normale,Trois véhicules et plus - en chaîne,,,,,,,,,,,1,2,1,1,4
200500063030,0005-10-19 17:30:00,5,10,19,17,30,400,197.0,Avenue Joffre,,,Plein jour,En agglomération,Hors intersection,Normale,Deux véhicules - arrière,,,,,,,,,,,1,2,1,1,2
200500063031,0005-10-30 11:40:00,5,10,30,11,40,400,152.0,"Lieu dit ""Guiroutine""",,,Plein jour,Hors agglomération,Hors intersection,Normale,Sans collision,,,,,,,,,,,1,1,1,1,7
200500063032,0005-10-08 05:45:00,5,10,8,5,45,400,119.0,,43.661,-0.586,Nuit sans éclairage public,En agglomération,Hors intersection,Normale,Autre collision,,,,,,,,,,,3,2,1,1,6
200500063033,0005-10-15 09:44:00,5,10,15,9,44,400,1.0,CD 2,,,Plein jour,Hors agglomération,Hors intersection,Normale,Autre collision,,,,,,,,,,,1,1,1,1,6
200500063034,0005-10-15 17:30:00,5,10,15,17,30,400,331.0,Rue Jean Jaures,,,Plein jour,En agglomération,Hors intersection,Pluie forte,Deux véhicules - côté,,,,,,,,,,,1,2,1,3,3
200500063035,0005-10-15 16:30:00,5,10,15,16,30,470,31.0,,,,Plein jour,Hors agglomération,Hors intersection,Normale,Sans collision,,,,,,,,,,,1,1,1,1,7
200500063036,0005-10-18 07:50:00,5,10,18,7,50,470,31.0,rond point LACAREROTTE,,,Crépuscule ou aube,En agglomération,Giratoire,Normale,Deux véhicules - côté,,,,,,,,,,,2,2,6,1,3
200500063037,0005-10-18 07:30:00,5,10,18,7,30,470,60.0,,,,Crépuscule ou aube,Hors agglomération,Hors intersection,Normale,Sans collision,,,,,,,,,,,2,1,1,1,7
200500063038,0005-10-21 20:10:00,5,10,21,20,10,470,246.0,Fourtanet,,,Nuit sans éclairage public,Hors agglomération,Hors intersection,Normale,Deux véhicules - arrière,,,,,,,,,,,3,1,1,1,2
200500063039,0005-10-21 18:00:00,5,10,21,18,0,470,40.0,,,,Nuit sans éclairage public,Hors agglomération,Hors intersection,Temps couvert,Deux véhicules - frontale,,,,,,,,,,,3,1,1,8,1
200500063040,0005-10-24 12:30:00,5,10,24,12,30,470,69.0,RN113 route de Dangosse,,,Plein jour,Hors agglomération,Hors intersection,Normale,Deux véhicules - frontale,,,,,,,,,,,1,1,1,1,1
200500063041,0005-10-27 09:00:00,5,10,27,9,0,470,69.0,,,,Plein jour,Hors agglomération,Hors intersection,Temps éblouissant,Deux véhicules - arrière,,,,,,,,,,,1,1,1,7,2
200500063042,0005-10-27 18:15:00,5,10,27,18,15,470,246.0,RN113 lieu-dit Le Péage,,,Plein jour,Hors agglomération,Hors intersection,Normale,Sans collision,,,,,,,,,,,1,1,1,1,7
200500063043,0005-10-27 11:30:00,5,10,27,11,30,470,75.0,lieudit Las pouleres,,,Plein jour,Hors agglomération,Hors intersection,Normale,Deux véhicules - frontale,,,,,,,,,,,1,1,1,1,1
200500063044,0005-10-15 01:15:00,5,10,15,1,15,470,24.0,,44.543,0.157,Nuit sans éclairage public,Hors agglomération,Hors intersection,Pluie légère,Autre collision,,,,,,,,,,,3,1,1,2,6
200500063045,0005-10-13 13:45:00,5,10,13,13,45,470,232.0,,44.523,0.361,Plein jour,Hors agglomération,Hors intersection,Pluie légère,Sans collision,,,,,,,,,,,1,1,1,2,7
200500063046,0005-10-12 14:00:00,5,10,12,14,0,470,142.0,,44.636,0.459,Plein jour,Hors agglomération,Hors intersection,Normale,Sans collision,,,,,,,,,,,1,1,1,1,7
200500063047,0005-10-20 10:15:00,5,10,20,10,15,470,88.0,Lieu dit Les Granges,44.563,0.265,Plein jour,Hors agglomération,Hors intersection,Normale,Autre collision,,,,,,,,,,,1,1,1,1,6
200500063048,0005-10-24 08:15:00,5,10,24,8,15,470,86.0,,44.685,0.194,Plein jour,Hors agglomération,Hors intersection,Brouillard / fumée,Deux véhicules - côté,,,,,,,,,,,1,1,1,5,3
200500063049,0005-10-27 01:15:00,5,10,27,1,15,470,247.0,Lieu dit Petit Gargou,44.656,0.19,Nuit sans éclairage public,Hors agglomération,Hors intersection,Normale,Autre collision,,,,,,,,,,,3,1,1,1,6
200500063050,0005-10-29 03:15:00,5,10,29,3,15,470,86.0,,44.682,0.185,Nuit sans éclairage public,Hors agglomération,Hors intersection,Normale,Autre collision,,,,,,,,,,,3,1,1,1,6
200500063051,0005-10-29 17:15:00,5,10,29,17,15,470,204.0,,44.571,0.306,Plein jour,Hors agglomération,Intersection en X,Normale,Trois véhicules et plus - collisions multiples,,,,,,,,,,,1,1,2,1,5
200500063052,0005-10-02 05:00:00,5,10,2,5,0,470,95.0,RN 113 CANTELAUZETTE,,,Nuit sans éclairage public,Hors agglomération,Hors intersection,Normale,Autre collision,,,,,,,,,,,3,1,1,1,6
200500063053,0005-10-10 18:15:00,5,10,10,18,15,470,159.0,,,,Plein jour,Hors agglomération,Hors intersection,Normale,Autre collision,,,,,,,,,,,1,1,1,1,6
200500063054,0005-10-26 07:30:00,5,10,26,7,30,470,65.0,,,,Plein jour,Hors agglomération,Hors intersection,Normale,Autre collision,,,,,,,,,,,1,1,1,1,6
200500063055,0005-10-31 14:30:00,5,10,31,14,30,470,316.0,,44.427,0.344,Plein jour,Hors agglomération,Hors intersection,Normale,Deux véhicules - côté,,,,,,,,,,,1,1,1,1,3
200500063056,0005-10-30 18:00:00,5,10,30,18,0,470,52.0,LD LA HOURNERE CD 655,,,Plein jour,En agglomération,Hors intersection,Normale,Deux véhicules - côté,,,,,,,,,,,1,2,1,1,3
200500063057,0005-10-27 18:30:00,5,10,27,18,30,470,175.0,"Lieu-dit "" Barbas """,44.541,0.704,Plein jour,Hors agglomération,Hors intersection,Normale,Autre collision,,,,,,,,,,,1,1,1,1,6
200500063058,0005-10-01 16:45:00,5,10,1,16,45,470,55.0,,44.527,0.688,Plein jour,Hors agglomération,Hors intersection,Pluie légère,Sans collision,,,,,,,,,,,1,1,1,2,7
200500063059,0005-10-06 15:45:00,5,10,6,15,45,470,57.0,Place Jasmin,44.655,0.595,Plein jour,En agglomération,Giratoire,Normale,Sans collision,,,,,,,,,,,1,2,6,1,7
200500063060,0005-10-23 21:00:00,5,10,23,21,0,470,170.0,,44.5,0.56,Nuit sans éclairage public,Hors agglomération,Hors intersection,Temps couvert,Autre collision,,,,,,,,,,,3,1,1,8,6
200500063061,0005-10-26 19:15:00,5,10,26,19,15,470,219.0,,,,Nuit sans éclairage public,Hors agglomération,Hors intersection,Normale,Sans collision,,,,,,,,,,,3,1,1,1,7
200500063062,0005-10-28 11:30:00,5,10,28,11,30,470,33.0,,44.54,0.7,Plein jour,Hors agglomération,Hors intersection,Normale,Autre collision,,,,,,,,,,,1,1,1,1,6
200500063063,0005-10-29 22:00:00,5,10,29,22,0,470,240.0,,44.61,0.73,Nuit sans éclairage public,Hors agglomération,Hors intersection,Normale,Autre collision,,,,,,,,,,,3,1,1,1,6
200500063064,0005-10-30 05:15:00,5,10,30,5,15,470,324.0,lieu dit banel,44.63,0.72,Nuit sans éclairage public,Hors agglomération,Hors intersection,Normale,Autre collision,,,,,,,,,,,3,1,1,1,6
200500063065,0005-10-08 11:15:00,5,10,8,11,15,470,185.0,CD911 - PK 3+950,,,Plein jour,Hors agglomération,Intersection en X,Normale,Deux véhicules - côté,,,,,,,,,,,1,1,2,1,3
200500063066,0005-10-11 18:00:00,5,10,11,18,0,470,29.0,Le Bourg - LA Sauvetat -,,,Plein jour,En agglomération,Intersection en T,Normale,Trois véhicules et plus - collisions multiples,,,,,,,,,,,1,2,3,1,5
200500063067,0005-10-06 21:00:00,5,10,6,21,0,640,324.0,,43.225,-0.499,Nuit sans éclairage public,Hors agglomération,Hors intersection,Normale,Sans collision,,,,,,,,,,,3,1,1,1,7
200500063068,0005-10-01 01:15:00,5,10,1,1,15,640,142.0,,,,Nuit sans éclairage public,En agglomération,Hors intersection,Normale,Autre collision,,,,,,,,,,,3,2,1,1,6
200500063069,0005-10-03 06:15:00,5,10,3,6,15,640,519.0,,43.37,-0.38,Nuit avec éclairage allumé,Hors agglomération,Hors intersection,Normale,Trois véhicules et plus - collisions multiples,,,,,,,,,,,5,1,1,1,5
200500063070,0005-10-08 11:45:00,5,10,8,11,45,640,405.0,CD 943,,,Plein jour,Hors agglomération,Hors intersection,Normale,Deux véhicules - frontale,,,,,,,,,,,1,1,1,1,1
200500063071,0005-10-27 15:45:00,5,10,27,15,45,640,262.0,,43.382,-0.252,Plein jour,En agglomération,Hors intersection,Normale,Sans collision,,,,,,,,,,,1,2,1,1,7
200500063072,0005-10-09 12:30:00,5,10,9,12,30,640,304.0,Intersection Ch Oyhanto,,,Plein jour,En agglomération,Hors intersection,Normale,Trois véhicules et plus - collisions multiples,,,,,,,,,,,1,2,1,1,5
200500063073,0005-10-11 19:40:00,5,10,11,19,40,640,256.0,"guia, chemin de larrarte",,,Crépuscule ou aube,Hors agglomération,Hors intersection,Normale,Deux véhicules - frontale,,,,,,,,,,,2,1,1,1,1
200500063074,0005-10-31 13:20:00,5,10,31,13,20,640,546.0,CD 257 lieu dit Brioulon,43.493,-1.307,Plein jour,Hors agglomération,Hors intersection,Temps éblouissant,Autre collision,,,,,,,,,,,1,1,1,7,6
200500063075,0005-10-10 16:50:00,5,10,10,16,50,640,495.0,Pont Ohla,,,Plein jour,Hors agglomération,Hors intersection,Normale,Trois véhicules et plus - collisions multiples,,,,,,,,,,,1,1,1,1,5
200500063076,0005-10-26 10:40:00,5,10,26,10,40,640,65.0,BOURG,,,Plein jour,En agglomération,Hors intersection,Normale,Autre collision,,,,,,,,,,,1,2,1,1,6
200500063077,0005-10-29 18:00:00,5,10,29,18,0,640,371.0,Rue Victor Hugo,43.226,-0.884,Plein jour,En agglomération,Hors intersection,Normale,Deux véhicules - côté,,,,,,,,,,,1,2,1,1,3
200500063078,0005-10-20 07:45:00,5,10,20,7,45,640,431.0,CD 33,,,Nuit sans éclairage public,Hors agglomération,Hors intersection,Normale,Deux véhicules - côté,,,,,,,,,,,3,1,1,1,3
200500063079,0005-10-20 18:30:00,5,10,20,18,30,640,301.0,,43.409,-0.686,Plein jour,Hors agglomération,Hors intersection,Normale,Trois véhicules et plus - collisions multiples,,,,,,,,,,,1,1,1,1,5
200500063080,0005-10-11 08:30:00,5,10,11,8,30,640,263.0,,43.437,-0.85,Plein jour,Hors agglomération,Hors intersection,Normale,Sans collision,,,,,,,,,,,1,1,1,1,7
200500063081,0005-10-16 06:00:00,5,10,16,6,0,640,462.0,,,,Nuit sans éclairage public,Hors agglomération,Autre intersection,Normale,Sans collision,,,,,,,,,,,3,1,9,1,7
200500063082,0005-10-18 12:30:00,5,10,18,12,30,860,135.0,,,,Plein jour,Hors agglomération,Hors intersection,Normale,Deux véhicules - côté,,,,,,,,,,,1,1,1,1,3
200500063083,0005-10-22 17:52:00,5,10,22,17,52,860,62.0,RN10 Grand Pont,,,Plein jour,En agglomération,Autre intersection,Temps couvert,Trois véhicules et plus - en chaîne,,,,,,,,,,,1,2,9,8,4
200500063084,0005-10-07 17:15:00,5,10,7,17,15,860,177.0,RN 147 - PK 70.100,,,Plein jour,Hors agglomération,Hors intersection,Normale,Deux véhicules - côté,,,,,,,,,,,1,1,1,1,3
200500063085,0005-10-08 02:30:00,5,10,8,2,30,860,17.0,Zone artisanale - RN149,,,Nuit sans éclairage public,Hors agglomération,Hors intersection,Normale,Deux véhicules - frontale,,,,,,,,,,,3,1,1,1,1
200500063086,0005-10-08 14:45:00,5,10,8,14,45,860,292.0,,46.674,0.197,Plein jour,Hors agglomération,Hors intersection,Normale,Sans collision,,,,,,,,,,,1,1,1,1,7
200500063087,0005-10-10 08:30:00,5,10,10,8,30,860,281.0,,46.729,0.301,Plein jour,Hors agglomération,Hors intersection,Normale,Trois véhicules et plus - en chaîne,,,,,,,,,,,1,1,1,1,4
200500063088,0005-10-03 10:45:00,5,10,3,10,45,860,105.0,,,,Plein jour,Hors agglomération,Hors intersection,Normale,Deux véhicules - côté,,,,,,,,,,,1,1,1,1,3
200500063089,0005-10-24 01:30:00,5,10,24,1,30,860,99.0,32 route de Limoges,,,Nuit sans éclairage public,En agglomération,Hors intersection,Normale,Autre collision,,,,,,,,,,,3,2,1,1,6
200500063090,0005-10-30 15:15:00,5,10,30,15,15,860,264.0,,,,Plein jour,Hors agglomération,Hors intersection,Normale,Sans collision,,,,,,,,,,,1,1,1,1,7
200500063091,0005-10-31 20:50:00,5,10,31,20,50,860,178.0,La tombe à Laurent,,,Nuit sans éclairage public,Hors agglomération,Hors intersection,Normale,Deux véhicules - frontale,,,,,,,,,,,3,1,1,1,1
200500063092,0005-10-02 00:15:00,5,10,2,0,15,860,92.0,,,,Nuit sans éclairage public,Hors agglomération,Hors intersection,Normale,Deux véhicules - frontale,,,,,,,,,,,3,1,1,1,1
200500063093,0005-10-14 12:50:00,5,10,14,12,50,860,221.0,"Lieu-dit ""Habin""",,,Plein jour,Hors agglomération,Hors intersection,Normale,Sans collision,,,,,,,,,,,1,1,1,1,7
200500063094,0005-10-13 17:00:00,5,10,13,17,0,860,280.0,,,,Plein jour,Hors agglomération,Hors intersection,Normale,Deux véhicules - côté,,,,,,,,,,,1,1,1,1,3
200500063095,0005-10-27 22:30:00,5,10,27,22,30,860,32.0,les grands champs,,,Nuit sans éclairage public,Hors agglomération,Hors intersection,Normale,Deux véhicules - frontale,,,,,,,,,,,3,1,1,1,1
200500063096,0005-10-29 00:15:00,5,10,29,0,15,860,170.0,,,,Nuit sans éclairage public,Hors agglomération,Hors intersection,Normale,Autre collision,,,,,,,,,,,3,1,1,1,6
200500063097,0005-10-06 19:45:00,5,10,6,19,45,860,78.0,la lune,46.163,0.298,Nuit avec éclairage allumé,En agglomération,Hors intersection,Normale,Autre collision,,,,,,,,,,,5,2,1,1,6
200500063098,0005-10-16 12:10:00,5,10,16,12,10,860,61.0,Rochemeaux,,,Plein jour,Hors agglomération,Hors intersection,Normale,Deux véhicules - frontale,,,,,,,,,,,1,1,1,1,1
200500063099,0005-10-03 11:30:00,5,10,3,11,30,860,203.0,,,,Plein jour,Hors agglomération,Hors intersection,Normale,Autre collision,,,,,,,,,,,1,1,1,1,6
200500063100,0005-10-31 12:30:00,5,10,31,12,30,860,270.0,CD 121,,,Plein jour,Hors agglomération,Hors intersection,Pluie forte,Deux véhicules - frontale,,,,,,,,,,,1,1,1,3,1
200500063101,0005-10-01 17:15:00,5,10,1,17,15,160,287.0,,,,Plein jour,Hors agglomération,Intersection en X,Normale,Deux véhicules - frontale,,,,,,,,,,,1,1,2,1,1
200500063102,0005-10-08 15:30:00,5,10,8,15,30,160,119.0,,,,Plein jour,Hors agglomération,Autre intersection,Normale,Autre collision,,,,,,,,,,,1,1,9,1,6
200500063103,0005-10-13 09:00:00,5,10,13,9,0,160,82.0,,,,Crépuscule ou aube,Hors agglomération,Hors intersection,Pluie légère,Autre collision,,,,,,,,,,,2,1,1,2,6
200500063104,0005-10-01 06:00:00,5,10,1,6,0,160,424.0,,45.287,0.011,Nuit sans éclairage public,Hors agglomération,Hors intersection,Temps couvert,Sans collision,,,,,,,,,,,3,1,1,8,7
200500063105,0005-10-27 17:45:00,5,10,27,17,45,160,276.0,lieu-dit La réole,,,Plein jour,Hors agglomération,Hors intersection,Normale,Autre collision,,,,,,,,,,,1,1,1,1,6
200500063106,0005-10-05 02:00:00,5,10,5,2,0,160,181.0,,,,Nuit sans éclairage public,Hors agglomération,Hors intersection,Normale,Autre collision,,,,,,,,,,,3,1,1,1,6
200500063107,0005-10-13 22:45:00,5,10,13,22,45,160,71.0,"aud"" - RD 29 - PK 12+200",,,Nuit sans éclairage public,Hors agglomération,Hors intersection,Normale,Sans collision,,,,,,,,,,,3,1,1,1,7
200500063108,0005-10-10 10:30:00,5,10,10,10,30,160,78.0,,45.712,0.215,Plein jour,Hors agglomération,Hors intersection,Normale,Deux véhicules - côté,,,,,,,,,,,1,1,1,1,3
200500063109,0005-10-16 16:45:00,5,10,16,16,45,160,158.0,,,,Plein jour,Hors agglomération,Intersection en X,Normale,Deux véhicules - côté,,,,,,,,,,,1,1,2,1,3
200500063110,0005-10-22 05:15:00,5,10,22,5,15,160,344.0,"RN 141, PR 50",,,Nuit sans éclairage public,Hors agglomération,Hors intersection,Normale,Autre collision,,,,,,,,,,,3,1,1,1,6
200500063111,0005-10-05 07:45:00,5,10,5,7,45,160,43.0,,45.798,0.061,Crépuscule ou aube,Hors agglomération,Hors intersection,Normale,Deux véhicules - frontale,,,,,,,,,,,2,1,1,1,1
200500063112,0005-10-14 18:00:00,5,10,14,18,0,170,264.0,CD 107,,,Plein jour,Hors agglomération,Hors intersection,Normale,Deux véhicules - côté,,,,,,,,,,,1,1,1,1,3
200500063113,0005-10-19 17:45:00,5,10,19,17,45,170,153.0,,46.243,-1.123,Plein jour,Hors agglomération,Hors intersection,Normale,Autre collision,,,,,,,,,,,1,1,1,1,6
200500063114,0005-10-27 17:30:00,5,10,27,17,30,170,300.0,Rue de l'océan,46.213,-1.163,Plein jour,En agglomération,Hors intersection,Normale,Trois véhicules et plus - collisions multiples,,,,,,,,,,,1,2,1,1,5
200500063115,0005-10-12 18:30:00,5,10,12,18,30,170,161.0,rue du 08 mai 1945,,,Plein jour,En agglomération,Intersection en T,Normale,Deux véhicules - côté,,,,,,,,,,,1,2,3,1,3
200500063116,0005-10-29 06:00:00,5,10,29,6,0,170,286.0,AVENUE DES SALINES,46.249,-1.49,Nuit sans éclairage public,En agglomération,Hors intersection,Temps couvert,Sans collision,,,,,,,,,,,3,2,1,8,7
200500063117,0005-10-02 06:40:00,5,10,2,6,40,170,50.0,Lieu dit Le Luth,,,Nuit avec éclairage non allumé,Hors agglomération,Hors intersection,Normale,Autre collision,,,,,,,,,,,4,1,1,1,6
200500063118,0005-10-13 08:00:00,5,10,13,8,0,170,331.0,6 place Ambroise Sablé,45.486,-0.566,Crépuscule ou aube,En agglomération,Hors intersection,Pluie légère,Autre collision,,,,,,,,,,,2,2,1,2,6
200500063119,0005-10-23 08:00:00,5,10,23,8,0,170,331.0,avenue de Saintes,45.493,-0.565,Crépuscule ou aube,En agglomération,Hors intersection,Temps couvert,Autre collision,,,,,,,,,,,2,2,1,8,6
200500063120,0005-10-01 05:45:00,5,10,1,5,45,170,229.0,le bourg,,,Nuit avec éclairage allumé,En agglomération,Hors intersection,Normale,Autre collision,,,,,,,,,,,5,2,1,1,6
200500063121,0005-10-03 20:00:00,5,10,3,20,0,170,411.0,avenue des bris,,,Crépuscule ou aube,En agglomération,Hors intersection,Normale,Deux véhicules - frontale,,,,,,,,,,,2,2,1,1,1
200500063122,0005-10-06 16:00:00,5,10,6,16,0,170,140.0,CD 734,45.91,-1.26,Plein jour,En agglomération,Hors intersection,Normale,Deux véhicules - côté,,,,,,,,,,,1,2,1,1,3
200500063123,0005-10-14 12:30:00,5,10,14,12,30,170,485.0,La Giraudière,,,Plein jour,Hors agglomération,Hors intersection,Normale,Sans collision,,,,,,,,,,,1,1,1,1,7
200500063124,0005-10-28 02:45:00,5,10,28,2,45,170,323.0,,,,Nuit sans éclairage public,Hors agglomération,Hors intersection,Pluie légère,Autre collision,,,,,,,,,,,3,1,1,2,6
200500063125,0005-10-29 03:00:00,5,10,29,3,0,170,140.0,D734,,,Nuit sans éclairage public,En agglomération,Hors intersection,Normale,Autre collision,,,,,,,,,,,3,2,1,1,6
200500063126,0005-10-07 15:30:00,5,10,7,15,30,170,434.0,Avenue St Pierre,,,Plein jour,En agglomération,Intersection en T,Normale,Deux véhicules - frontale,,,,,,,,,,,1,2,3,1,1
200500063127,0005-10-09 17:45:00,5,10,9,17,45,170,80.0,CD 939,46.109,-0.813,Plein jour,Hors agglomération,Hors intersection,Temps éblouissant,Trois véhicules et plus - collisions multiples,,,,,,,,,,,1,1,1,7,5
200500063128,0005-10-12 19:00:00,5,10,12,19,0,170,482.0,,46.154,-0.809,Crépuscule ou aube,Hors agglomération,Intersection en X,Pluie forte,Trois véhicules et plus - collisions multiples,,,,,,,,,,,2,1,2,3,5
200500063129,0005-10-17 09:15:00,5,10,17,9,15,170,340.0,,,,Plein jour,Hors agglomération,Hors intersection,Normale,Deux véhicules - côté,,,,,,,,,,,1,1,1,1,3
200500063130,0005-10-22 09:30:00,5,10,22,9,30,170,57.0,,,,Plein jour,Hors agglomération,Hors intersection,Pluie légère,Sans collision,,,,,,,,,,,1,1,1,2,7
200500063131,0005-10-24 18:00:00,5,10,24,18,0,170,3.0,,46.108,-0.945,Plein jour,Hors agglomération,Hors intersection,Normale,Deux véhicules - frontale,,,,,,,,,,,1,1,1,1,1
200500063132,0005-10-25 14:15:00,5,10,25,14,15,170,482.0,,46.168,-0.83,Plein jour,Hors agglomération,Hors intersection,Normale,Autre collision,,,,,,,,,,,1,1,1,1,6
200500063133,0005-10-07 21:30:00,5,10,7,21,30,170,330.0,,45.744,-0.922,Nuit sans éclairage public,Hors agglomération,Hors intersection,Normale,Trois véhicules et plus - collisions multiples,,,,,,,,,,,3,1,1,1,5
200500063134,0005-10-11 19:45:00,5,10,11,19,45,170,86.0,,,,Crépuscule ou aube,Hors agglomération,Hors intersection,Normale,Autre collision,,,,,,,,,,,2,1,1,1,6
200500063135,0005-10-13 19:15:00,5,10,13,19,15,170,336.0,,45.792,-0.72,Plein jour,Hors agglomération,Hors intersection,Normale,Deux véhicules - frontale,,,,,,,,,,,1,1,1,1,1
200500063136,0005-10-16 05:00:00,5,10,16,5,0,170,214.0,,,,Nuit sans éclairage public,Hors agglomération,Hors intersection,Normale,Autre collision,,,,,,,,,,,3,1,1,1,6
200500063137,0005-10-15 14:30:00,5,10,15,14,30,170,171.0,,45.865,-0.737,Plein jour,Hors agglomération,Hors intersection,Normale,Deux véhicules - arrière,,,,,,,,,,,1,1,1,1,2
200500063138,0005-10-16 14:15:00,5,10,16,14,15,170,141.0,,,,Plein jour,Hors agglomération,Intersection en X,Normale,Deux véhicules - frontale,,,,,,,,,,,1,1,2,1,1
200500063139,0005-10-22 07:15:00,5,10,22,7,15,170,45.0,,45.878,-0.861,Plein jour,Hors agglomération,Intersection en X,Normale,Deux véhicules - frontale,,,,,,,,,,,1,1,2,1,1
200500063140,0005-10-13 08:30:00,5,10,13,8,30,170,154.0,,45.799,-0.753,Crépuscule ou aube,Hors agglomération,Hors intersection,Pluie légère,Deux véhicules - frontale,,,,,,,,,,,2,1,1,2,1
200500063141,0005-10-30 05:00:00,5,10,30,5,0,170,235.0,,,,Crépuscule ou aube,Hors agglomération,Hors intersection,Normale,Autre collision,,,,,,,,,,,2,1,1,1,6
200500063142,0005-10-07 15:15:00,5,10,7,15,15,170,133.0,,45.593,-0.738,Plein jour,Hors agglomération,Hors intersection,Normale,Deux véhicules - côté,,,,,,,,,,,1,1,1,1,3
200500063143,0005-10-08 09:00:00,5,10,8,9,0,170,283.0,Cours Alsace Lorraine,45.588,-0.543,Plein jour,En agglomération,Hors intersection,Temps éblouissant,Autre collision,,,,,,,,,,,1,2,1,7,6
200500063144,0005-10-10 18:00:00,5,10,10,18,0,170,438.0,Le maine augemont,45.56,-0.618,Plein jour,Hors agglomération,Hors intersection,Normale,Autre collision,,,,,,,,,,,1,1,1,1,6
200500063145,0005-10-24 14:55:00,5,10,24,14,55,170,172.0,Chez Choblet,,,Plein jour,Hors agglomération,Intersection en X,Normale,Deux véhicules - côté,,,,,,,,,,,1,1,2,1,3
200500063146,0005-10-15 09:45:00,5,10,15,9,45,170,46.0,,,,Plein jour,Hors agglomération,Hors intersection,Pluie forte,Trois véhicules et plus - collisions multiples,,,,,,,,,,,1,1,1,3,5
200500063147,0005-10-23 01:50:00,5,10,23,1,50,170,471.0,CD 950,,,Nuit sans éclairage public,En agglomération,Hors intersection,Normale,Deux véhicules - frontale,,,,,,,,,,,3,2,1,1,1
200500063148,0005-10-04 15:45:00,5,10,4,15,45,170,224.0,rue André BRUGEROLLE,,,Plein jour,En agglomération,Hors intersection,Normale,Deux véhicules - frontale,,,,,,,,,,,1,2,1,1,1
200500063149,0005-10-09 19:15:00,5,10,9,19,15,170,344.0,Le bourg,,,Crépuscule ou aube,En agglomération,Hors intersection,Temps éblouissant,Autre collision,,,,,,,,,,,2,2,1,7,6
200500063150,0005-10-31 11:00:00,5,10,31,11,0,170,23.0,,45.847,-0.399,Plein jour,Hors agglomération,Hors intersection,Normale,Deux véhicules - côté,,,,,,,,,,,1,1,1,1,3
200500063151,0005-10-21 14:45:00,5,10,21,14,45,790,320.0,La barre,,,Plein jour,Hors agglomération,Hors intersection,Temps couvert,Deux véhicules - côté,,,,,,,,,,,1,1,1,8,3
200500063152,0005-10-23 07:45:00,5,10,23,7,45,790,293.0,,46.379,-0.511,Crépuscule ou aube,Hors agglomération,Hors intersection,Brouillard / fumée,Deux véhicules - frontale,,,,,,,,,,,2,1,1,5,1