accident_id,datetime,annee,mois,jour,heure,minute,departement,commune_insee,adresse,latitude,longitude,luminosite,agglomeration,intersection,meteo,collision,nb_vehicules,nb_usagers,nb_indemnes,nb_tues,nb_blesses_hosp,nb_blesses_legers,age_cond_1,age_cond_2,veh_type_cond_1,veh_type_cond_2,lum_code,agg_code,int_code,atm_code,col_code
200500063286,0005-10-02 04:00:00,5,10,2,4,0,810,145.0,,43.876,1.836,Nuit sans éclairage public,Hors agglomération,Hors intersection,Normale,Autre collision,,,,,,,,,,,3,1,1,1,6
200500063287,0005-10-13 08:45:00,5,10,13,8,45,810,145.0,,,,Plein jour,Hors agglomération,Hors intersection,Pluie légère,Autre collision,,,,,,,,,,,1,1,1,2,6
200500063288,0005-10-04 10:15:00,5,10,4,10,15,810,238.0,Sébastopol,43.488,2.475,Plein jour,Hors agglomération,Hors intersection,Pluie légère,Deux véhicules - côté,,,,,,,,,,,1,1,1,2,3
200500063289,0005-10-07 13:00:00,5,10,7,13,0,810,204.0,,,,Plein jour,Hors agglomération,Hors intersection,Normale,Deux véhicules - frontale,,,,,,,,,,,1,1,1,1,1
200500063290,0005-10-18 14:15:00,5,10,18,14,15,810,121.0,83 grande rue,,,Plein jour,En agglomération,Hors intersection,Pluie forte,Sans collision,,,,,,,,,,,1,2,1,3,7
200500063291,0005-10-19 09:30:00,5,10,19,9,30,810,121.0,La Plazède RN 112,,,Plein jour,En agglomération,Hors intersection,Pluie légère,Autre collision,,,,,,,,,,,1,2,1,2,6
200500063292,0005-10-17 10:45:00,5,10,17,10,45,810,219.0,Route de REVEL,,,Plein jour,En agglomération,Hors intersection,Normale,Deux véhicules - frontale,,,,,,,,,,,1,2,1,1,1
200500063293,0005-10-11 07:15:00,5,10,11,7,15,820,126.0,,44.172,1.577,Nuit sans éclairage public,Hors agglomération,Hors intersection,Normale,Deux véhicules - côté,,,,,,,,,,,3,1,1,1,3
200500063294,0005-10-12 09:15:00,5,10,12,9,15,820,126.0,,,,Plein jour,Hors agglomération,Hors intersection,Temps couvert,Deux véhicules - côté,,,,,,,,,,,1,1,1,8,3
200500063295,0005-10-29 19:15:00,5,10,29,19,15,820,37.0,AVNEUE DE LA BENECHE,,,Crépuscule ou aube,En agglomération,Hors intersection,Normale,Deux véhicules - côté,,,,,,,,,,,2,2,1,1,3
200500063296,0005-10-17 19:50:00,5,10,17,19,50,820,134.0,lieu dit  Las planes,,,Nuit sans éclairage public,Hors agglomération,Hors intersection,Normale,Sans collision,,,,,,,,,,,3,1,1,1,7
200500063297,0005-10-07 02:30:00,5,10,7,2,30,820,187.0,,44.167,1.9,Nuit sans éclairage public,Hors agglomération,Hors intersection,Normale,Autre collision,,,,,,,,,,,3,1,1,1,6
200500063298,0005-10-07 23:00:00,5,10,7,23,0,820,55.0,r le CD 3 au PK 33 + 700,,,Nuit sans éclairage public,Hors agglomération,Hors intersection,Normale,Sans collision,,,,,,,,,,,3,1,1,1,7
200500063299,0005-10-09 17:00:00,5,10,9,17,0,820,180.0,"et le ""bout de la côte""",,,Plein jour,Hors agglomération,Hors intersection,Normale,Sans collision,,,,,,,,,,,1,1,1,1,7
200500063300,0005-10-09 17:45:00,5,10,9,17,45,820,97.0,boulevard Jean SABATHE,,,Plein jour,En agglomération,Hors intersection,Normale,Sans collision,,,,,,,,,,,1,2,1,1,7
200500063301,0005-10-28 14:45:00,5,10,28,14,45,820,13.0,Rue Nationale,,,Plein jour,En agglomération,Hors intersection,Normale,Autre collision,,,,,,,,,,,1,2,1,1,6
200500063302,0005-10-05 01:45:00,5,10,5,1,45,820,44.0,,43.936,1.385,Nuit sans éclairage public,Hors agglomération,Hors intersection,Normale,Sans collision,,,,,,,,,,,3,1,1,1,7
200500063303,0005-10-15 05:00:00,5,10,15,5,0,820,75.0,54 rte d'Agen d'Agen,,,Nuit avec éclairage allumé,En agglomération,Hors intersection,Pluie légère,Autre collision,,,,,,,,,,,5,2,1,2,6
200500063304,0005-10-02 08:10:00,5,10,2,8,10,820,117.0,"lieu-dit ""Bonneval""",,,Plein jour,Hors agglomération,Hors intersection,Normale,Deux véhicules - frontale,,,,,,,,,,,1,1,1,1,1
200500063305,0005-10-05 14:35:00,5,10,5,14,35,820,152.0,Gravel Bas,,,Plein jour,Hors agglomération,Hors intersection,Normale,Autre collision,,,,,,,,,,,1,1,1,1,6
200500063306,0005-10-11 20:15:00,5,10,11,20,15,820,112.0,oulevard alsace lorraine,,,Nuit avec éclairage allumé,En agglomération,Hors intersection,Normale,Autre collision,,,,,,,,,,,5,2,1,1,6
200500063307,0005-10-18 14:40:00,5,10,18,14,40,820,169.0,,,,Plein jour,Hors agglomération,Hors intersection,Pluie légère,Sans collision,,,,,,,,,,,1,1,1,2,7
200500063308,0005-10-29 13:05:00,5,10,29,13,5,820,112.0,Route des Vergers,,,Plein jour,En agglomération,Hors intersection,Normale,Deux véhicules - côté,,,,,,,,,,,1,2,1,1,3
200500063309,0005-10-08 07:15:00,5,10,8,7,15,820,23.0,Lieu dit Brousse,,,Nuit sans éclairage public,Hors agglomération,Hors intersection,Normale,Autre collision,,,,,,,,,,,3,1,1,1,6
200500063310,0005-10-08 19:45:00,5,10,8,19,45,690,117.0,CARREFOUR RN6-CD42,,,Nuit sans éclairage public,Hors agglomération,Hors intersection,Normale,Deux véhicules - côté,,,,,,,,,,,3,1,1,1,3
200500063311,0005-10-11 15:15:00,5,10,11,15,15,690,55.0,RN6,,,Plein jour,Hors agglomération,Hors intersection,Normale,Deux véhicules - arrière,,,,,,,,,,,1,1,1,1,2
200500063312,0005-10-14 13:30:00,5,10,14,13,30,690,40.0,23 avenue LANESSAN,,,Plein jour,En agglomération,Hors intersection,Normale,Autre collision,,,,,,,,,,,1,2,1,1,6
200500063313,0005-10-19 20:30:00,5,10,19,20,30,690,191.0,25 route de Lyon,,,Nuit avec éclairage allumé,En agglomération,Hors intersection,Normale,Autre collision,,,,,,,,,,,5,2,1,1,6
200500063314,0005-10-22 13:35:00,5,10,22,13,35,690,55.0,et du Chemin de l'Azergu,,,Plein jour,Hors agglomération,Hors intersection,Normale,Deux véhicules - arrière,,,,,,,,,,,1,1,1,1,2
200500063315,0005-10-08 19:15:00,5,10,8,19,15,690,204.0,avenue Clémenceau,,,Plein jour,En agglomération,Hors intersection,Normale,Autre collision,,,,,,,,,,,1,2,1,1,6
200500063316,0005-10-07 17:30:00,5,10,7,17,30,690,287.0,103 RN 6,,,Plein jour,En agglomération,Autre intersection,Normale,Deux véhicules - côté,,,,,,,,,,,1,2,9,1,3
200500063317,0005-10-24 17:00:00,5,10,24,17,0,690,287.0,rue du platre et muriers,45.692,5.035,Plein jour,En agglomération,Hors intersection,Normale,Deux véhicules - côté,,,,,,,,,,,1,2,1,1,3
200500063318,0005-10-21 13:30:00,5,10,21,13,30,690,288.0,Angle RN - rue neuve,45.686,5.014,Plein jour,En agglomération,Hors intersection,Normale,Deux véhicules - frontale,,,,,,,,,,,1,2,1,1,1
200500063319,0005-10-01 17:45:00,5,10,1,17,45,690,283.0,50B rue du 23 août 1944,,,Plein jour,En agglomération,Hors intersection,Normale,Deux véhicules - arrière,,,,,,,,,,,1,2,1,1,2
200500063320,0005-10-05 19:10:00,5,10,5,19,10,690,281.0,C.D. 150,,,Crépuscule ou aube,Hors agglomération,Hors intersection,Temps couvert,Deux véhicules - frontale,,,,,,,,,,,2,1,1,8,1
200500063321,0005-10-25 15:10:00,5,10,25,15,10,690,283.0,mité intersection CD 152,,,Plein jour,Hors agglomération,Hors intersection,Vent fort / tempête,Sans collision,,,,,,,,,,,1,1,1,6,7
200500063322,0005-10-25 20:15:00,5,10,25,20,15,690,270.0,12 rue des fontaines,,,Nuit avec éclairage allumé,En agglomération,Hors intersection,Normale,Deux véhicules - côté,,,,,,,,,,,5,2,1,1,3
200500063323,0005-10-10 08:10:00,5,10,10,8,10,690,171.0,llon sur la Nationale 89,,,Plein jour,En agglomération,Hors intersection,Temps couvert,Trois véhicules et plus - collisions multiples,,,,,,,,,,,1,2,1,8,5
200500063324,0005-10-28 11:45:00,5,10,28,11,45,690,31.0,,,,Plein jour,Hors agglomération,Hors intersection,Normale,Trois véhicules et plus - en chaîne,,,,,,,,,,,1,1,1,1,4
200500063325,0005-10-12 20:10:00,5,10,12,20,10,690,227.0,Rue de Rochefort,,,Nuit avec éclairage allumé,En agglomération,Hors intersection,Normale,Deux véhicules - côté,,,,,,,,,,,5,2,1,1,3
200500063326,0005-10-31 20:00:00,5,10,31,20,0,690,78.0,,,,Nuit sans éclairage public,Hors agglomération,Hors intersection,Pluie forte,Sans collision,,,,,,,,,,,3,1,1,3,7
200500063327,0005-10-10 19:15:00,5,10,10,19,15,690,141.0,rue des Arches,,,Plein jour,En agglomération,Hors intersection,Normale,Deux véhicules - frontale,,,,,,,,,,,1,2,1,1,1
200500063328,0005-10-09 17:15:00,5,10,9,17,15,690,167.0,D504 le bourg,46.01,4.603,Plein jour,En agglomération,Hors intersection,Normale,Sans collision,,,,,,,,,,,1,2,1,1,7
200500063329,0005-10-23 15:00:00,5,10,23,15,0,690,74.0,,,,Plein jour,Hors agglomération,Hors intersection,Normale,Sans collision,,,,,,,,,,,1,1,1,1,7
200500063330,0005-10-17 16:30:00,5,10,17,16,30,690,121.0,Lieu-dit le Bois d'Ainay,,,Plein jour,Hors agglomération,Hors intersection,Normale,Sans collision,,,,,,,,,,,1,1,1,1,7
200500063331,0005-10-03 12:00:00,5,10,3,12,0,690,242.0,,,,Plein jour,Hors agglomération,Hors intersection,Normale,Deux véhicules - côté,,,,,,,,,,,1,1,1,1,3
200500063332,0005-10-02 18:15:00,5,10,2,18,15,690,19.0,Rue de la Martinière,,,Nuit avec éclairage allumé,En agglomération,Autre intersection,Pluie légère,Deux véhicules - côté,,,,,,,,,,,5,2,9,2,3
200500063333,0005-10-10 12:15:00,5,10,10,12,15,690,206.0,"lieu-dit ""Volday""",46.082,4.752,Plein jour,Hors agglomération,Hors intersection,Normale,Autre collision,,,,,,,,,,,1,1,1,1,6
200500063334,0005-10-16 03:15:00,5,10,16,3,15,690,218.0,,,,Nuit avec éclairage allumé,Hors agglomération,Hors intersection,Normale,Deux véhicules - frontale,,,,,,,,,,,5,1,1,1,1
200500063335,0005-10-21 17:00:00,5,10,21,17,0,690,65.0,,,,Plein jour,Hors agglomération,Hors intersection,Temps couvert,Trois véhicules et plus - collisions multiples,,,,,,,,,,,1,1,1,8,5
200500063336,0005-10-29 19:25:00,5,10,29,19,25,690,206.0,Lieu-dit Le Chevalier,,,Nuit avec éclairage allumé,Hors agglomération,Hors intersection,Normale,Deux véhicules - frontale,,,,,,,,,,,5,1,1,1,1
200500063337,0005-10-31 16:00:00,5,10,31,16,0,690,65.0,,,,Plein jour,Hors agglomération,Hors intersection,Normale,Deux véhicules - côté,,,,,,,,,,,1,1,1,1,3
200500063338,0005-10-27 18:45:00,5,10,27,18,45,690,65.0,,,,Nuit sans éclairage public,Hors agglomération,Hors intersection,Normale,Deux véhicules - frontale,,,,,,,,,,,3,1,1,1,1
200500063339,0005-10-02 11:30:00,5,10,2,11,30,690,50.0,Biers,,,Plein jour,Hors agglomération,Hors intersection,Temps couvert,Deux véhicules - frontale,,,,,,,,,,,1,1,1,8,1
200500063340,0005-10-11 16:45:00,5,10,11,16,45,690,113.0,Le Durand,,,Plein jour,Hors agglomération,Hors intersection,Normale,Deux véhicules - frontale,,,,,,,,,,,1,1,1,1,1
200500063341,0005-10-11 15:00:00,5,10,11,15,0,10,405.0,,,,Plein jour,Hors agglomération,Hors intersection,Normale,Trois véhicules et plus - collisions multiples,,,,,,,,,,,1,1,1,1,5
200500063342,0005-10-18 08:30:00,5,10,18,8,30,10,195.0,,,,Plein jour,Hors agglomération,Hors intersection,Normale,Deux véhicules - frontale,,,,,,,,,,,1,1,1,1,1
200500063343,0005-10-29 14:45:00,5,10,29,14,45,10,241.0,,,,Plein jour,Hors agglomération,Hors intersection,Normale,Autre collision,,,,,,,,,,,1,1,1,1,6
200500063344,0005-10-08 04:45:00,5,10,8,4,45,10,284.0,,46.392,4.916,Nuit avec éclairage allumé,Hors agglomération,Hors intersection,Normale,Autre collision,,,,,,,,,,,5,1,1,1,6
200500063345,0005-10-12 14:45:00,5,10,12,14,45,10,128.0,LA CROISEE,,,Plein jour,Hors agglomération,Hors intersection,Normale,Autre collision,,,,,,,,,,,1,1,1,1,6
200500063346,0005-10-11 14:00:00,5,10,11,14,0,10,115.0,L'effondras,,,Plein jour,Hors agglomération,Hors intersection,Normale,Deux véhicules - frontale,,,,,,,,,,,1,1,1,1,1
200500063347,0005-10-22 19:00:00,5,10,22,19,0,10,139.0,LE BOURG,46.478,5.156,Crépuscule ou aube,En agglomération,Hors intersection,Normale,Deux véhicules - côté,,,,,,,,,,,2,2,1,1,3
200500063348,0005-10-29 09:20:00,5,10,29,9,20,10,108.0,lace de la Mairie,,,Plein jour,En agglomération,Hors intersection,Normale,Autre collision,,,,,,,,,,,1,2,1,1,6
200500063349,0005-10-29 17:15:00,5,10,29,17,15,10,130.0,,46.319,5.18,Plein jour,Hors agglomération,Hors intersection,Normale,Deux véhicules - frontale,,,,,,,,,,,1,1,1,1,1
200500063350,0005-10-01 07:45:00,5,10,1,7,45,10,151.0,,,,Crépuscule ou aube,Hors agglomération,Hors intersection,Normale,Sans collision,,,,,,,,,,,2,1,1,1,7
200500063351,0005-10-09 01:30:00,5,10,9,1,30,10,314.0,,,,Nuit sans éclairage public,Hors agglomération,Hors intersection,Normale,Autre collision,,,,,,,,,,,3,1,1,1,6
200500063352,0005-10-26 20:15:00,5,10,26,20,15,10,374.0,,,,Nuit sans éclairage public,Hors agglomération,Hors intersection,Normale,Autre collision,,,,,,,,,,,3,1,1,1,6
200500063353,0005-10-11 10:30:00,5,10,11,10,30,10,231.0,ZI ARTISANALE,,,Plein jour,Hors agglomération,Hors intersection,Normale,Deux véhicules - frontale,,,,,,,,,,,1,1,1,1,1
200500063354,0005-10-04 11:30:00,5,10,4,11,30,10,136.0,La grande allée,,,Plein jour,Hors agglomération,Hors intersection,Normale,Deux véhicules - frontale,,,,,,,,,,,1,1,1,1,1
200500063355,0005-10-03 12:15:00,5,10,3,12,15,10,294.0,CD 992,,,Plein jour,En agglomération,Hors intersection,Temps couvert,Deux véhicules - côté,,,,,,,,,,,1,2,1,8,3
200500063356,0005-10-16 01:30:00,5,10,16,1,30,10,338.0,CD 19,,,Nuit sans éclairage public,Hors agglomération,Hors intersection,Normale,Autre collision,,,,,,,,,,,3,1,1,1,6
200500063357,0005-10-22 09:00:00,5,10,22,9,0,10,34.0,,45.767,5.683,Plein jour,En agglomération,Hors intersection,Pluie forte,Deux véhicules - frontale,,,,,,,,,,,1,2,1,3,1
200500063358,0005-10-20 13:30:00,5,10,20,13,30,10,185.0,avenue de lyon,,,Plein jour,En agglomération,Intersection en T,Normale,Deux véhicules - frontale,,,,,,,,,,,1,2,3,1,1
200500063359,0005-10-04 17:20:00,5,10,4,17,20,10,47.0,allée des Combes,,,Plein jour,Hors agglomération,Hors intersection,Normale,Deux véhicules - frontale,,,,,,,,,,,1,1,1,1,1
200500063360,0005-10-08 16:25:00,5,10,8,16,25,10,411.0,RD.60,,,Plein jour,Hors agglomération,Hors intersection,Normale,Sans collision,,,,,,,,,,,1,1,1,1,7
200500063361,0005-10-09 14:30:00,5,10,9,14,30,10,444.0,chemin communal du CUNY,,,Plein jour,Hors agglomération,Hors intersection,Normale,Deux véhicules - frontale,,,,,,,,,,,1,1,1,1,1
200500063362,0005-10-10 15:30:00,5,10,10,15,30,10,416.0,,45.939,5.53,Plein jour,Hors agglomération,Hors intersection,Normale,Trois véhicules et plus - collisions multiples,,,,,,,,,,,1,1,1,1,5
200500063363,0005-10-12 13:30:00,5,10,12,13,30,10,202.0,route de bourg,,,Plein jour,En agglomération,Hors intersection,Normale,Sans collision,,,,,,,,,,,1,2,1,1,7
200500063364,0005-10-30 11:45:00,5,10,30,11,45,10,202.0,40 ROUTE DE BOURG,45.91,5.348,Plein jour,En agglomération,Hors intersection,Normale,Deux véhicules - côté,,,,,,,,,,,1,2,1,1,3
200500063365,0005-10-30 12:30:00,5,10,30,12,30,10,416.0,RN 504,,,Plein jour,Hors agglomération,Hors intersection,Normale,Deux véhicules - côté,,,,,,,,,,,1,1,1,1,3
200500063366,0005-10-30 04:30:00,5,10,30,4,30,10,444.0,,,,Nuit sans éclairage public,Hors agglomération,Hors intersection,Normale,Autre collision,,,,,,,,,,,3,1,1,1,6
200500063367,0005-10-30 03:15:00,5,10,30,3,15,10,237.0,,,,Nuit sans éclairage public,Hors agglomération,Hors intersection,Normale,Sans collision,,,,,,,,,,,3,1,1,1,7
200500063368,0005-10-07 20:45:00,5,10,7,20,45,10,33.0,rue Bertola,,,Nuit avec éclairage allumé,En agglomération,Hors intersection,Normale,Autre collision,,,,,,,,,,,5,2,1,1,6
200500063369,0005-10-31 11:44:00,5,10,31,11,44,10,33.0,RN 206,,,Plein jour,Hors agglomération,Hors intersection,Normale,Deux véhicules - frontale,,,,,,,,,,,1,1,1,1,1
200500063370,0005-10-03 11:00:00,5,10,3,11,0,10,160.0,,46.26,6.121,Plein jour,Hors agglomération,Hors intersection,Normale,Deux véhicules - frontale,,,,,,,,,,,1,1,1,1,1
200500063371,0005-10-18 09:00:00,5,10,18,9,0,10,173.0,,46.354,6.053,Plein jour,Hors agglomération,Hors intersection,Normale,Deux véhicules - côté,,,,,,,,,,,1,1,1,1,3
200500063372,0005-10-29 15:00:00,5,10,29,15,0,10,173.0,CD 984C Route de Divonne,,,Plein jour,En agglomération,Hors intersection,Normale,Autre collision,,,,,,,,,,,1,2,1,1,6
200500063373,0005-10-30 16:00:00,5,10,30,16,0,10,153.0,CD984c,,,Plein jour,Hors agglomération,Intersection en T,Normale,Deux véhicules - côté,,,,,,,,,,,1,1,3,1,3
200500063374,0005-10-31 18:30:00,5,10,31,18,30,10,427.0,entrée d'agglomération,,,Nuit avec éclairage allumé,En agglomération,Hors intersection,Pluie légère,Autre collision,,,,,,,,,,,5,2,1,2,6
200500063375,0005-10-10 07:45:00,5,10,10,7,45,10,383.0,,,,Plein jour,Hors agglomération,Hors intersection,Normale,Deux véhicules - frontale,,,,,,,,,,,1,1,1,1,1
200500063376,0005-10-30 16:15:00,5,10,30,16,15,10,74.0,,46.002,5.161,Plein jour,Hors agglomération,Hors intersection,Normale,Autre collision,,,,,,,,,,,1,1,1,1,6
200500063377,0005-10-29 01:45:00,5,10,29,1,45,10,328.0,"17, lieu dit Le Chapeau",,,Nuit sans éclairage public,Hors agglomération,Hors intersection,Normale,Sans collision,,,,,,,,,,,3,1,1,1,7
200500063378,0005-10-09 11:15:00,5,10,9,11,15,10,54.0,,45.885,5.166,Plein jour,Hors agglomération,Hors intersection,Normale,Deux véhicules - côté,,,,,,,,,,,1,1,1,1,3
200500063379,0005-10-26 19:30:00,5,10,26,19,30,10,325.0,,,,Nuit sans éclairage public,Hors agglomération,Hors intersection,Normale,Autre collision,,,,,,,,,,,3,1,1,1,6
200500063380,0005-10-26 15:15:00,5,10,26,15,15,10,43.0,chemin de la sereine,45.841,5.009,Plein jour,En agglomération,Hors intersection,Normale,Deux véhicules - côté,,,,,,,,,,,1,2,1,1,3
200500063381,0005-10-02 20:15:00,5,10,2,20,15,10,443.0,,,,Nuit sans éclairage public,Hors agglomération,Hors intersection,Pluie légère,Deux véhicules - frontale,,,,,,,,,,,3,1,1,2,1
200500063382,0005-10-11 18:30:00,5,10,11,18,30,10,333.0,lieu dit les Echanaux,,,Plein jour,En agglomération,Autre intersection,Normale,Sans collision,,,,,,,,,,,1,2,9,1,7
200500063383,0005-10-14 21:45:00,5,10,14,21,45,10,398.0,,,,Nuit sans éclairage public,Hors agglomération,Hors intersection,Normale,Sans collision,,,,,,,,,,,3,1,1,1,7
200500063384,0005-10-25 02:50:00,5,10,25,2,50,10,398.0,"Lieu-dit ""Fontblanc""",,,Nuit sans éclairage public,Hors agglomération,Hors intersection,Normale,Sans collision,,,,,,,,,,,3,1,1,1,7
200500063385,0005-10-27 08:45:00,5,10,27,8,45,10,443.0,182 Avenue Pasteur,,,Plein jour,En agglomération,Hors intersection,Normale,Deux véhicules - arrière,,,,,,,,,,,1,2,1,1,2
200500063386,0005-10-29 16:15:00,5,10,29,16,15,10,443.0,e et allée du Montessuis,,,Plein jour,En agglomération,Hors intersection,Normale,Deux véhicules - côté,,,,,,,,,,,1,2,1,1,3
200500063387,0005-10-31 14:45:00,5,10,31,14,45,10,371.0,RN83-le bourg,,,Plein jour,En agglomération,Hors intersection,Normale,Autre collision,,,,,,,,,,,1,2,1,1,6
200500063388,0005-10-07 22:00:00,5,10,7,22,0,10,348.0,rue des huguets,,,Nuit avec éclairage allumé,En agglomération,Hors intersection,Normale,Sans collision,,,,,,,,,,,5,2,1,1,7
200500063389,0005-10-20 17:00:00,5,10,20,17,0,10,258.0,,46.097,4.784,Plein jour,Hors agglomération,Hors intersection,Normale,Deux véhicules - frontale,,,,,,,,,,,1,1,1,1,1
200500063390,0005-10-06 18:30:00,5,10,6,18,30,70,296.0,,,,Plein jour,Hors agglomération,Hors intersection,Normale,Deux véhicules - frontale,,,,,,,,,,,1,1,1,1,1
200500063391,0005-10-18 00:30:00,5,10,18,0,30,70,296.0,,,,Nuit sans éclairage public,Hors agglomération,Hors intersection,Pluie légère,Autre collision,,,,,,,,,,,3,1,1,2,6
200500063392,0005-10-17 22:45:00,5,10,17,22,45,70,42.0,AVENUE JEAN JAURES,44.375,4.645,Nuit avec éclairage allumé,En agglomération,Hors intersection,Normale,Autre collision,,,,,,,,,,,5,2,1,1,6
200500063393,0005-10-17 16:30:00,5,10,17,16,30,70,259.0,,,,Plein jour,Hors agglomération,Hors intersection,Normale,Trois véhicules et plus - collisions multiples,,,,,,,,,,,1,1,1,1,5
200500063394,0005-10-27 22:30:00,5,10,27,22,30,70,42.0,,,,Nuit avec éclairage allumé,Hors agglomération,Hors intersection,Normale,Deux véhicules - côté,,,,,,,,,,,5,1,1,1,3
200500063395,0005-10-31 16:45:00,5,10,31,16,45,70,42.0,Avenuue Albertine Maurin,,,Plein jour,En agglomération,Hors intersection,Normale,Deux véhicules - frontale,,,,,,,,,,,1,2,1,1,1
200500063396,0005-10-02 02:00:00,5,10,2,2,0,70,288.0,,44.727,4.578,Nuit avec éclairage allumé,Hors agglomération,Hors intersection,Normale,Sans collision,,,,,,,,,,,5,1,1,1,7
200500063397,0005-10-03 08:45:00,5,10,3,8,45,70,288.0,,,,Plein jour,Hors agglomération,Hors intersection,Normale,Deux véhicules - frontale,,,,,,,,,,,1,1,1,1,1
200500063398,0005-10-04 18:30:00,5,10,4,18,30,70,349.0,RUE RENE CASSIN/D.86E,,,Plein jour,En agglomération,Hors intersection,Normale,Autre collision,,,,,,,,,,,1,2,1,1,6
200500063399,0005-10-10 13:30:00,5,10,10,13,30,70,55.0,,44.874,4.842,Plein jour,Hors agglomération,Hors intersection,Normale,Deux véhicules - frontale,,,,,,,,,,,1,1,1,1,1
200500063400,0005-10-27 17:15:00,5,10,27,17,15,70,132.0,quartier Volpilliaire,,,Plein jour,Hors agglomération,Hors intersection,Normale,Sans collision,,,,,,,,,,,1,1,1,1,7
200500063401,0005-10-07 12:15:00,5,10,7,12,15,70,18.0,COL DE LA CHAVADE,44.696,4.051,Plein jour,Hors agglomération,Hors intersection,Temps couvert,Autre collision,,,,,,,,,,,1,1,1,8,6
200500063402,0005-10-20 18:45:00,5,10,20,18,45,70,127.0,,,,Crépuscule ou aube,Hors agglomération,Hors intersection,Normale,Autre collision,,,,,,,,,,,2,1,1,1,6
200500063403,0005-10-25 16:15:00,5,10,25,16,15,70,156.0,,,,Plein jour,Hors agglomération,Hors intersection,Normale,Deux véhicules - frontale,,,,,,,,,,,1,1,1,1,1
200500063404,0005-10-10 19:00:00,5,10,10,19,0,70,324.0,Route de Lamastre,45.072,4.813,Crépuscule ou aube,En agglomération,Hors intersection,Normale,Deux véhicules - frontale,,,,,,,,,,,2,2,1,1,1
200500063405,0005-10-22 16:00:00,5,10,22,16,0,70,40.0,,45.04,4.71,Plein jour,Hors agglomération,Hors intersection,Normale,Deux véhicules - arrière,,,,,,,,,,,1,1,1,1,2
200500063406,0005-10-01 04:00:00,5,10,1,4,0,70,204.0,lacourt,,,Nuit sans éclairage public,Hors agglomération,Autre intersection,Normale,Autre collision,,,,,,,,,,,3,1,9,1,6
200500063407,0005-10-26 23:45:00,5,10,26,23,45,70,129.0,rue docteurElisée Charra,,,Nuit avec éclairage allumé,En agglomération,Hors intersection,Normale,Sans collision,,,,,,,,,,,5,2,1,1,7
200500063408,0005-10-26 19:30:00,5,10,26,19,30,260,65.0,,44.728,4.945,Nuit sans éclairage public,Hors agglomération,Hors intersection,Normale,Deux véhicules - frontale,,,,,,,,,,,3,1,1,1,1
200500063409,0005-10-08 19:00:00,5,10,8,19,0,260,124.0,Carrefour La Croix,,,Crépuscule ou aube,En agglomération,Intersection en X,Normale,Deux véhicules - frontale,,,,,,,,,,,2,2,2,1,1
200500063410,0005-10-15 15:00:00,5,10,15,15,0,260,6.0,"Quartier ""La Guerre""",,,Plein jour,Hors agglomération,Hors intersection,Pluie légère,Sans collision,,,,,,,,,,,1,1,1,2,7
200500063411,0005-10-24 09:10:00,5,10,24,9,10,260,166.0,/Avenue Général DeGaulle,,,Plein jour,En agglomération,Hors intersection,Normale,Deux véhicules - frontale,,,,,,,,,,,1,2,1,1,1
200500063412,0005-10-28 13:30:00,5,10,28,13,30,260,124.0,Rue des remparts,,,Plein jour,En agglomération,Hors intersection,Normale,Deux véhicules - frontale,,,,,,,,,,,1,2,1,1,1
200500063413,0005-10-28 17:45:00,5,10,28,17,45,260,178.0,,,,Plein jour,Hors agglomération,Hors intersection,Normale,Deux véhicules - côté,,,,,,,,,,,1,1,1,1,3
200500063414,0005-10-06 22:15:00,5,10,6,22,15,260,95.0,our chemin creux -  CD 6,,,Nuit sans éclairage public,Hors agglomération,Hors intersection,Normale,Autre collision,,,,,,,,,,,3,1,1,1,6
200500063415,0005-10-27 14:00:00,5,10,27,14,0,260,339.0,quartier des marais,,,Plein jour,Hors agglomération,Hors intersection,Normale,Deux véhicules - frontale,,,,,,,,,,,1,1,1,1,1
200500063416,0005-10-04 10:00:00,5,10,4,10,0,260,45.0,,44.555,4.907,Plein jour,Hors agglomération,Hors intersection,Normale,Deux véhicules - côté,,,,,,,,,,,1,1,1,1,3
200500063417,0005-10-06 17:30:00,5,10,6,17,30,260,235.0,Ave du Général Bonaparte,,,Plein jour,En agglomération,Autre intersection,Normale,Deux véhicules - frontale,,,,,,,,,,,1,2,9,1,1
200500063418,0005-10-05 14:15:00,5,10,5,14,15,260,357.0,,44.287,4.93,Plein jour,Hors agglomération,Hors intersection,Normale,Autre collision,,,,,,,,,,,1,1,1,1,6