accident_id,datetime,annee,mois,jour,heure,minute,departement,commune_insee,adresse,latitude,longitude,luminosite,agglomeration,intersection,meteo,collision,nb_vehicules,nb_usagers,nb_indemnes,nb_tues,nb_blesses_hosp,nb_blesses_legers,age_cond_1,age_cond_2,veh_type_cond_1,veh_type_cond_2,lum_code,agg_code,int_code,atm_code,col_code
200500063550,0005-10-14 20:00:00,5,10,14,20,0,630,40.0,,45.719,3.329,Nuit sans éclairage public,Hors agglomération,Hors intersection,Normale,Autre collision,,,,,,,,,,,3,1,1,1,6
200500063551,0005-10-31 11:00:00,5,10,31,11,0,630,157.0,ieu dit LE VERNET CD 997,,,Plein jour,Hors agglomération,Hors intersection,Normale,Deux véhicules - frontale,,,,,,,,,,,1,1,1,1,1
200500063552,0005-10-23 17:35:00,5,10,23,17,35,630,417.0,CD 941,,,Plein jour,Hors agglomération,Hors intersection,Temps couvert,Deux véhicules - frontale,,,,,,,,,,,1,1,1,8,1
200500063553,0005-10-26 14:00:00,5,10,26,14,0,630,263.0,carrefour D90 / D941b,45.789,3.016,Plein jour,En agglomération,Hors intersection,Temps éblouissant,Deux véhicules - côté,,,,,,,,,,,1,2,1,7,3
200500063554,0005-10-27 00:01:00,5,10,27,0,1,630,213.0,Claude FERVEL - CORMEDE,,,Nuit avec éclairage allumé,En agglomération,Hors intersection,Normale,Autre collision,,,,,,,,,,,5,2,1,1,6
200500063555,0005-10-02 02:30:00,5,10,2,2,30,630,214.0,,45.702,3.198,Nuit sans éclairage public,Hors agglomération,Hors intersection,Pluie légère,Sans collision,,,,,,,,,,,3,1,1,2,7
200500063556,0005-10-12 16:45:00,5,10,12,16,45,630,457.0,"Lieu-dit ""Longues""",45.667,3.209,Plein jour,En agglomération,Giratoire,Normale,Deux véhicules - côté,,,,,,,,,,,1,2,6,1,3
200500063557,0005-10-21 16:00:00,5,10,21,16,0,630,262.0,,,,Plein jour,Hors agglomération,Hors intersection,Normale,Deux véhicules - arrière,,,,,,,,,,,1,1,1,1,2
200500063558,0005-10-28 15:45:00,5,10,28,15,45,630,396.0,RTE DE AYDAT - CD 8,45.662,3.088,Plein jour,En agglomération,Hors intersection,Normale,Autre collision,,,,,,,,,,,1,2,1,1,6
200500063559,0005-10-21 18:00:00,5,10,21,18,0,630,139.0,,45.378,3.734,Crépuscule ou aube,Hors agglomération,Hors intersection,Normale,Deux véhicules - frontale,,,,,,,,,,,2,1,1,1,1
200500063560,0005-10-27 16:30:00,5,10,27,16,30,630,207.0,"Le ""génilhat""",45.65,3.683,Plein jour,Hors agglomération,Hors intersection,Normale,Sans collision,,,,,,,,,,,1,1,1,1,7
200500063561,0005-10-03 12:45:00,5,10,3,12,45,630,54.0,,45.508,3.243,Plein jour,Hors agglomération,Hors intersection,Pluie légère,Deux véhicules - frontale,,,,,,,,,,,1,1,1,2,1
200500063562,0005-10-15 12:30:00,5,10,15,12,30,630,234.0,ROUTE DE BESSE,,,Plein jour,Hors agglomération,Hors intersection,Normale,Sans collision,,,,,,,,,,,1,1,1,1,7
200500063563,0005-10-05 19:00:00,5,10,5,19,0,630,327.0,RN 144,,,Plein jour,En agglomération,Hors intersection,Normale,Deux véhicules - côté,,,,,,,,,,,1,2,1,1,3
200500063564,0005-10-28 08:00:00,5,10,28,8,0,630,295.0,CD1093,,,Plein jour,Hors agglomération,Hors intersection,Normale,Autre collision,,,,,,,,,,,1,1,1,1,6
200500063565,0005-10-09 04:45:00,5,10,9,4,45,630,379.0,,45.991,3.112,Nuit sans éclairage public,Hors agglomération,Hors intersection,Normale,Deux véhicules - frontale,,,,,,,,,,,3,1,1,1,1
200500063566,0005-10-02 17:00:00,5,10,2,17,0,630,338.0,,,,Plein jour,Hors agglomération,Hors intersection,Temps couvert,Autre collision,,,,,,,,,,,1,1,1,8,6
200500063567,0005-10-02 23:00:00,5,10,2,23,0,630,471.0,43 route de Laval,46.148,2.824,Nuit avec éclairage allumé,En agglomération,Hors intersection,Pluie légère,Autre collision,,,,,,,,,,,5,2,1,2,6
200500063568,0005-10-31 10:00:00,5,10,31,10,0,630,377.0,,,,Plein jour,Hors agglomération,Hors intersection,Normale,Sans collision,,,,,,,,,,,1,1,1,1,7
200500063569,0005-10-08 20:45:00,5,10,8,20,45,630,276.0,CD224,,,Crépuscule ou aube,Hors agglomération,Hors intersection,Normale,Autre collision,,,,,,,,,,,2,1,1,1,6
200500063570,0005-10-08 08:45:00,5,10,8,8,45,630,195.0,LA CROIX CHADEYRAT,,,Plein jour,En agglomération,Intersection en T,Temps éblouissant,Deux véhicules - côté,,,,,,,,,,,1,2,3,7,3
200500063571,0005-10-16 17:50:00,5,10,16,17,50,630,194.0,D 104,,,Plein jour,En agglomération,Intersection en X,Normale,Deux véhicules - côté,,,,,,,,,,,1,2,2,1,3
200500063572,0005-10-17 14:00:00,5,10,17,14,0,630,195.0,Les Bourrards,,,Plein jour,Hors agglomération,Hors intersection,Normale,Sans collision,,,,,,,,,,,1,1,1,1,7
200500063573,0005-10-21 18:45:00,5,10,21,18,45,630,364.0,,,,Crépuscule ou aube,Hors agglomération,Autre intersection,Normale,Deux véhicules - côté,,,,,,,,,,,2,1,9,1,3
200500063574,0005-10-28 23:45:00,5,10,28,23,45,30,200.0,Lieu-dit LES PEIGNETS,,,Nuit sans éclairage public,Hors agglomération,Hors intersection,Normale,Sans collision,,,,,,,,,,,3,1,1,1,7
200500063575,0005-10-15 12:00:00,5,10,15,12,0,30,218.0,,46.557,3.031,Plein jour,Hors agglomération,Hors intersection,Normale,Autre collision,,,,,,,,,,,1,1,1,1,6
200500063576,0005-10-22 23:30:00,5,10,22,23,30,30,36.0,,,,Nuit sans éclairage public,Hors agglomération,Hors intersection,Pluie légère,Autre collision,,,,,,,,,,,3,1,1,2,6
200500063577,0005-10-25 18:30:00,5,10,25,18,30,30,155.0,,46.712,2.917,Crépuscule ou aube,Hors agglomération,Hors intersection,Normale,Autre collision,,,,,,,,,,,2,1,1,1,6
200500063578,0005-10-24 13:30:00,5,10,24,13,30,30,19.0,,46.57,3.68,Plein jour,Hors agglomération,Hors intersection,Normale,Deux véhicules - côté,,,,,,,,,,,1,1,1,1,3
200500063579,0005-10-26 07:45:00,5,10,26,7,45,30,234.0,,,,Crépuscule ou aube,Hors agglomération,Hors intersection,Normale,Deux véhicules - frontale,,,,,,,,,,,2,1,1,1,1
200500063580,0005-10-08 09:10:00,5,10,8,9,10,30,18.0,Lieu-dit La Plaix,46.26,3.28,Plein jour,Hors agglomération,Hors intersection,Normale,Deux véhicules - côté,,,,,,,,,,,1,1,1,1,3
200500063581,0005-10-31 15:00:00,5,10,31,15,0,30,254.0,,46.292,3.316,Plein jour,Hors agglomération,Hors intersection,Pluie forte,Deux véhicules - frontale,,,,,,,,,,,1,1,1,3,1
200500063582,0005-10-16 11:30:00,5,10,16,11,30,30,221.0,,46.705,2.683,Plein jour,Hors agglomération,Hors intersection,Normale,Sans collision,,,,,,,,,,,1,1,1,1,7
200500063583,0005-10-27 18:00:00,5,10,27,18,0,30,84.0,paln de foire,46.484,2.837,Plein jour,En agglomération,Autre intersection,Temps couvert,Deux véhicules - frontale,,,,,,,,,,,1,2,9,8,1
200500063584,0005-10-03 11:00:00,5,10,3,11,0,30,82.0,rue jean jaures,46.297,2.74,Plein jour,En agglomération,Hors intersection,Normale,Autre collision,,,,,,,,,,,1,2,1,1,6
200500063585,0005-10-30 16:45:00,5,10,30,16,45,30,304.0,"Lieu dit ""Lourdy""",,,Plein jour,Hors agglomération,Hors intersection,Normale,Sans collision,,,,,,,,,,,1,1,1,1,7
200500063586,0005-10-05 09:30:00,5,10,5,9,30,30,118.0,Rue Croix des Vignes,,,Plein jour,En agglomération,Hors intersection,Normale,Deux véhicules - côté,,,,,,,,,,,1,2,1,1,3
200500063587,0005-10-15 06:15:00,5,10,15,6,15,30,311.0,,46.164,3.092,Nuit sans éclairage public,Hors agglomération,Hors intersection,Normale,Sans collision,,,,,,,,,,,3,1,1,1,7
200500063588,0005-10-20 07:45:00,5,10,20,7,45,30,118.0,,,,Plein jour,Hors agglomération,Hors intersection,Normale,Deux véhicules - arrière,,,,,,,,,,,1,1,1,1,2
200500063589,0005-10-30 19:00:00,5,10,30,19,0,30,250.0,,,,Nuit sans éclairage public,Hors agglomération,Hors intersection,Normale,Autre collision,,,,,,,,,,,3,1,1,1,6
200500063590,0005-10-14 19:45:00,5,10,14,19,45,150,204.0,le bourg,,,Nuit avec éclairage allumé,En agglomération,Hors intersection,Normale,Autre collision,,,,,,,,,,,5,2,1,1,6
200500063591,0005-10-19 07:30:00,5,10,19,7,30,150,94.0,,,,Crépuscule ou aube,Hors agglomération,Hors intersection,Pluie légère,Autre collision,,,,,,,,,,,2,1,1,2,6
200500063592,0005-10-15 17:15:00,5,10,15,17,15,150,163.0,,44.88,2.37,Plein jour,Hors agglomération,Hors intersection,Normale,Deux véhicules - côté,,,,,,,,,,,1,1,1,1,3
200500063593,0005-10-09 20:30:00,5,10,9,20,30,150,120.0,,45.215,2.368,Nuit avec éclairage allumé,Hors agglomération,Hors intersection,Normale,Autre collision,,,,,,,,,,,5,1,1,1,6
200500063594,0005-10-01 10:00:00,5,10,1,10,0,150,174.0,,,,Plein jour,Hors agglomération,Hors intersection,Temps couvert,Sans collision,,,,,,,,,,,1,1,1,8,7
200500063595,0005-10-26 10:50:00,5,10,26,10,50,150,231.0,D679,,,Plein jour,Hors agglomération,Hors intersection,Normale,Deux véhicules - arrière,,,,,,,,,,,1,1,1,1,2
200500063596,0005-10-01 22:30:00,5,10,1,22,30,150,101.0,,45.099,2.759,Nuit sans éclairage public,Hors agglomération,Hors intersection,Pluie légère,Autre collision,,,,,,,,,,,3,1,1,2,6
200500063597,0005-10-21 14:45:00,5,10,21,14,45,150,138.0,Hôpital local de MURAT,,,Plein jour,En agglomération,Hors intersection,Normale,Sans collision,,,,,,,,,,,1,2,1,1,7
200500063598,0005-10-25 18:00:00,5,10,25,18,0,430,165.0,,45.141,3.99,Plein jour,Hors agglomération,Hors intersection,Normale,Sans collision,,,,,,,,,,,1,1,1,1,7
200500063599,0005-10-04 21:15:00,5,10,4,21,15,430,252.0,Moulin de Neyraval,,,Nuit sans éclairage public,Hors agglomération,Hors intersection,Brouillard / fumée,Autre collision,,,,,,,,,,,3,1,1,5,6
200500063600,0005-10-12 18:00:00,5,10,12,18,0,430,80.0,15 faubourg constant,,,Plein jour,En agglomération,Hors intersection,Normale,Deux véhicules - arrière,,,,,,,,,,,1,2,1,1,2
200500063601,0005-10-24 01:15:00,5,10,24,1,15,430,96.0,AVENUE HENRI VEYSSEYRE,,,Nuit avec éclairage allumé,En agglomération,Hors intersection,Normale,Deux véhicules - frontale,,,,,,,,,,,5,2,1,1,1
200500063602,0005-10-01 17:15:00,5,10,1,17,15,430,132.0,,,,Plein jour,Hors agglomération,Hors intersection,Pluie légère,Deux véhicules - arrière,,,,,,,,,,,1,1,1,2,2
200500063603,0005-10-21 22:30:00,5,10,21,22,30,430,72.0,,45.244,3.456,Nuit sans éclairage public,Hors agglomération,Hors intersection,Normale,Deux véhicules - frontale,,,,,,,,,,,3,1,1,1,1
200500063604,0005-10-31 18:15:00,5,10,31,18,15,430,188.0,Le Bourg,45.161,3.541,Nuit avec éclairage allumé,En agglomération,Hors intersection,Pluie forte,Autre collision,,,,,,,,,,,5,2,1,3,6
200500063605,0005-10-25 16:15:00,5,10,25,16,15,430,120.0,,45.4,3.275,Plein jour,Hors agglomération,Hors intersection,Normale,Autre collision,,,,,,,,,,,1,1,1,1,6
200500063606,0005-10-02 22:50:00,5,10,2,22,50,430,268.0,"La guide, rue du 08 mai",,,Nuit avec éclairage allumé,En agglomération,Hors intersection,Pluie légère,Autre collision,,,,,,,,,,,5,2,1,2,6
200500063607,0005-10-08 12:00:00,5,10,8,12,0,430,268.0,,,,Plein jour,Hors agglomération,Hors intersection,Normale,Autre collision,,,,,,,,,,,1,1,1,1,6
200500063608,0005-10-09 18:30:00,5,10,9,18,30,430,137.0,LES SOUCHONNES,,,Plein jour,Hors agglomération,Hors intersection,Normale,Deux véhicules - côté,,,,,,,,,,,1,1,1,1,3
200500063609,0005-10-14 15:45:00,5,10,14,15,45,430,223.0,,,,Plein jour,Hors agglomération,Hors intersection,Normale,Sans collision,,,,,,,,,,,1,1,1,1,7
200500063610,0005-10-02 09:00:00,5,10,2,9,0,430,87.0,,45.198,4.347,Plein jour,Hors agglomération,Intersection à plus de 4 branches,Pluie légère,Deux véhicules - côté,,,,,,,,,,,1,1,5,2,3
200500063611,0005-10-21 12:45:00,5,10,21,12,45,570,634.0,,,,Plein jour,Hors agglomération,Hors intersection,Normale,Sans collision,,,,,,,,,,,1,1,1,1,7
200500063612,0005-10-24 02:15:00,5,10,24,2,15,570,620.0,RUE DE BRIEY SUR RN 43,49.201,5.996,Nuit avec éclairage allumé,En agglomération,Giratoire,Normale,Sans collision,,,,,,,,,,,5,2,6,1,7
200500063613,0005-10-15 01:15:00,5,10,15,1,15,570,515.0,CD 12 route de GORZE,,,Nuit sans éclairage public,Hors agglomération,Hors intersection,Normale,Deux véhicules - frontale,,,,,,,,,,,3,1,1,1,1
200500063614,0005-10-02 18:30:00,5,10,2,18,30,570,433.0,Route de MARANGE,,,Nuit avec éclairage allumé,En agglomération,Hors intersection,Normale,Deux véhicules - arrière,,,,,,,,,,,5,2,1,1,2
200500063615,0005-10-03 14:55:00,5,10,3,14,55,570,443.0,rue des Pionniers,,,Plein jour,En agglomération,Hors intersection,Normale,Autre collision,,,,,,,,,,,1,2,1,1,6
200500063616,0005-10-16 10:00:00,5,10,16,10,0,570,116.0,,48.979,6.266,Plein jour,Hors agglomération,Hors intersection,Normale,Autre collision,,,,,,,,,,,1,1,1,1,6
200500063617,0005-10-08 09:00:00,5,10,8,9,0,570,575.0,,,,Crépuscule ou aube,Hors agglomération,Hors intersection,Brouillard / fumée,Deux véhicules - côté,,,,,,,,,,,2,1,1,5,3
200500063618,0005-10-16 16:45:00,5,10,16,16,45,570,204.0,,,,Plein jour,Hors agglomération,Hors intersection,Normale,Trois véhicules et plus - collisions multiples,,,,,,,,,,,1,1,1,1,5
200500063619,0005-10-20 16:45:00,5,10,20,16,45,570,31.0,43 rue principale,,,Plein jour,En agglomération,Hors intersection,Pluie légère,Deux véhicules - côté,,,,,,,,,,,1,2,1,2,3
200500063620,0005-10-31 16:00:00,5,10,31,16,0,570,307.0,,,,Plein jour,En agglomération,Intersection en X,Normale,Deux véhicules - côté,,,,,,,,,,,1,2,2,1,3
200500063621,0005-10-26 20:00:00,5,10,26,20,0,570,150.0,,49.151,6.409,Nuit sans éclairage public,Hors agglomération,Hors intersection,Normale,Autre collision,,,,,,,,,,,3,1,1,1,6
200500063622,0005-10-03 13:45:00,5,10,3,13,45,570,160.0,VOIE DE CONTOURNEMENT,49.189,6.71,Plein jour,En agglomération,Hors intersection,Normale,Trois véhicules et plus - collisions multiples,,,,,,,,,,,1,2,1,1,5
200500063623,0005-10-24 09:30:00,5,10,24,9,30,570,572.0,,,,Plein jour,Hors agglomération,Hors intersection,Temps couvert,Sans collision,,,,,,,,,,,1,1,1,8,7
200500063624,0005-10-31 16:45:00,5,10,31,16,45,570,413.0,rue des Alliés,,,Plein jour,En agglomération,Hors intersection,Temps couvert,Deux véhicules - frontale,,,,,,,,,,,1,2,1,8,1
200500063625,0005-10-31 15:30:00,5,10,31,15,30,570,490.0,,,,Plein jour,Hors agglomération,Hors intersection,Normale,Deux véhicules - côté,,,,,,,,,,,1,1,1,1,3
200500063626,0005-10-22 13:30:00,5,10,22,13,30,570,628.0,,,,Plein jour,Hors agglomération,Hors intersection,Temps couvert,Sans collision,,,,,,,,,,,1,1,1,8,7
200500063627,0005-10-02 07:00:00,5,10,2,7,0,570,71.0,39 grand rue,,,Crépuscule ou aube,En agglomération,Hors intersection,Normale,Sans collision,,,,,,,,,,,2,2,1,1,7
200500063628,0005-10-18 07:30:00,5,10,18,7,30,570,33.0,RUE DE SARREBOURG,,,Crépuscule ou aube,En agglomération,Hors intersection,Normale,Autre collision,,,,,,,,,,,2,2,1,1,6
200500063629,0005-10-18 08:10:00,5,10,18,8,10,570,904.0,RD97 - PK 10,,,Plein jour,Hors agglomération,Hors intersection,Normale,Autre collision,,,,,,,,,,,1,1,1,1,6
200500063630,0005-10-21 23:15:00,5,10,21,23,15,570,592.0,,48.83,7.01,Nuit avec éclairage allumé,Hors agglomération,Intersection en T,Normale,Deux véhicules - côté,,,,,,,,,,,5,1,3,1,3
200500063631,0005-10-22 09:15:00,5,10,22,9,15,570,299.0,,,,Plein jour,Hors agglomération,Hors intersection,Normale,Autre collision,,,,,,,,,,,1,1,1,1,6
200500063632,0005-10-25 18:00:00,5,10,25,18,0,570,66.0,Rue des jardins,,,Plein jour,En agglomération,Hors intersection,Normale,Autre collision,,,,,,,,,,,1,2,1,1,6
200500063633,0005-10-17 12:45:00,5,10,17,12,45,570,568.0,rue de la paix,,,Plein jour,En agglomération,Hors intersection,Normale,Deux véhicules - côté,,,,,,,,,,,1,2,1,1,3
200500063634,0005-10-11 13:00:00,5,10,11,13,0,570,541.0,D87,48.99,7.57,Plein jour,Hors agglomération,Hors intersection,Normale,Deux véhicules - côté,,,,,,,,,,,1,1,1,1,3
200500063635,0005-10-22 15:15:00,5,10,22,15,15,570,89.0,,,,Plein jour,Hors agglomération,Hors intersection,Normale,Deux véhicules - côté,,,,,,,,,,,1,1,1,1,3
200500063636,0005-10-09 15:15:00,5,10,9,15,15,570,206.0,19 rue du chateau,49.314,6.107,Plein jour,En agglomération,Hors intersection,Normale,Autre collision,,,,,,,,,,,1,2,1,1,6
200500063637,0005-10-30 15:00:00,5,10,30,15,0,570,562.0,2 RUE DES CARRIERES,49.3,6.053,Plein jour,En agglomération,Hors intersection,Temps éblouissant,Autre collision,,,,,,,,,,,1,2,1,7,6
200500063638,0005-10-25 14:15:00,5,10,25,14,15,570,206.0,RN52,,,Plein jour,En agglomération,Hors intersection,Normale,Deux véhicules - frontale,,,,,,,,,,,1,2,1,1,1
200500063639,0005-10-14 07:15:00,5,10,14,7,15,570,179.0,GRAND RUE,,,Nuit avec éclairage allumé,En agglomération,Hors intersection,Normale,Autre collision,,,,,,,,,,,5,2,1,1,6
200500063640,0005-10-23 16:15:00,5,10,23,16,15,570,576.0,,,,Plein jour,Hors agglomération,Intersection en X,Normale,Deux véhicules - côté,,,,,,,,,,,1,1,2,1,3
200500063641,0005-10-29 06:00:00,5,10,29,6,0,570,576.0,,,,Nuit sans éclairage public,Hors agglomération,Hors intersection,Normale,Deux véhicules - frontale,,,,,,,,,,,3,1,1,1,1
200500063642,0005-10-04 06:45:00,5,10,4,6,45,570,474.0,,,,Crépuscule ou aube,Hors agglomération,Hors intersection,Normale,Deux véhicules - frontale,,,,,,,,,,,2,1,1,1,1
200500063643,0005-10-07 16:15:00,5,10,7,16,15,540,115.0,rue Gabriel Bour,,,Plein jour,Hors agglomération,Hors intersection,Normale,Deux véhicules - arrière,,,,,,,,,,,1,1,1,1,2
200500063644,0005-10-13 07:15:00,5,10,13,7,15,540,430.0,Rue du Général de Gaulle,,,Crépuscule ou aube,En agglomération,Hors intersection,Normale,Deux véhicules - côté,,,,,,,,,,,2,2,1,1,3
200500063645,0005-10-15 21:15:00,5,10,15,21,15,540,150.0,,,,Nuit avec éclairage allumé,En agglomération,Hors intersection,Normale,Sans collision,,,,,,,,,,,5,2,1,1,7
200500063646,0005-10-17 09:00:00,5,10,17,9,0,540,215.0,RUE DE L HOTEL DE VILLE,,,Plein jour,En agglomération,Hors intersection,Normale,Autre collision,,,,,,,,,,,1,2,1,1,6
200500063647,0005-10-14 15:00:00,5,10,14,15,0,540,430.0,RUE DU GENERAL DE GAULLE,,,Plein jour,En agglomération,Hors intersection,Normale,Deux véhicules - côté,,,,,,,,,,,1,2,1,1,3
200500063648,0005-10-23 03:30:00,5,10,23,3,30,540,215.0,,,,Nuit avec éclairage allumé,Hors agglomération,Hors intersection,Normale,Sans collision,,,,,,,,,,,5,1,1,1,7
200500063649,0005-10-27 12:00:00,5,10,27,12,0,540,351.0,40 rue Jean Jaurès,,,Plein jour,En agglomération,Hors intersection,Normale,Deux véhicules - arrière,,,,,,,,,,,1,2,1,1,2
200500063650,0005-10-28 12:00:00,5,10,28,12,0,540,115.0,RUE GABRIEL BOUR,,,Plein jour,En agglomération,Hors intersection,Normale,Autre collision,,,,,,,,,,,1,2,1,1,6
200500063651,0005-10-09 00:45:00,5,10,9,0,45,540,366.0,RUE SAINT MAURICE,48.62,6.16,Nuit sans éclairage public,En agglomération,Hors intersection,Brouillard / fumée,Autre collision,,,,,,,,,,,3,2,1,5,6
200500063652,0005-10-21 23:15:00,5,10,21,23,15,540,397.0,129 rue jean jaures,,,Nuit avec éclairage allumé,En agglomération,Hors intersection,Normale,Deux véhicules - frontale,,,,,,,,,,,5,2,1,1,1
200500063653,0005-10-31 18:00:00,5,10,31,18,0,540,55.0,RUE MEVILLE,,,Nuit avec éclairage allumé,En agglomération,Hors intersection,Normale,Autre collision,,,,,,,,,,,5,2,1,1,6
200500063654,0005-10-01 00:01:00,5,10,1,0,1,540,527.0,,,,Nuit sans éclairage public,Hors agglomération,Hors intersection,Normale,Autre collision,,,,,,,,,,,3,1,1,1,6
200500063655,0005-10-20 23:00:00,5,10,20,23,0,540,164.0,,48.426,6.018,Nuit sans éclairage public,Hors agglomération,Hors intersection,Normale,Autre collision,,,,,,,,,,,3,1,1,1,6
200500063656,0005-10-17 09:30:00,5,10,17,9,30,540,581.0,,,,Plein jour,Hors agglomération,Passage à niveau,Normale,Sans collision,,,,,,,,,,,1,1,8,1,7
200500063657,0005-10-25 11:00:00,5,10,25,11,0,540,581.0,,,,Crépuscule ou aube,Hors agglomération,Hors intersection,Normale,Autre collision,,,,,,,,,,,2,1,1,1,6
200500063658,0005-10-09 15:00:00,5,10,9,15,0,540,476.0,,,,Plein jour,Hors agglomération,Hors intersection,Normale,Deux véhicules - côté,,,,,,,,,,,1,1,1,1,3
200500063659,0005-10-11 13:15:00,5,10,11,13,15,540,537.0,,,,Plein jour,Hors agglomération,Hors intersection,Normale,Deux véhicules - côté,,,,,,,,,,,1,1,1,1,3
200500063660,0005-10-30 18:15:00,5,10,30,18,15,540,322.0,,,,Nuit sans éclairage public,Hors agglomération,Hors intersection,Normale,Trois véhicules et plus - collisions multiples,,,,,,,,,,,3,1,1,1,5
200500063661,0005-10-13 00:30:00,5,10,13,0,30,540,475.0,,48.409,6.324,Nuit sans éclairage public,Hors agglomération,Hors intersection,Normale,Autre collision,,,,,,,,,,,3,1,1,1,6
200500063662,0005-10-31 22:45:00,5,10,31,22,45,540,447.0,,48.541,6.728,Nuit sans éclairage public,Hors agglomération,Hors intersection,Normale,Autre collision,,,,,,,,,,,3,1,1,1,6
200500063663,0005-10-27 12:15:00,5,10,27,12,15,540,584.0,,,,Plein jour,Hors agglomération,Hors intersection,Normale,Deux véhicules - frontale,,,,,,,,,,,1,1,1,1,1
200500063664,0005-10-09 20:15:00,5,10,9,20,15,550,17.0,GRANDE RUE,,,Nuit avec éclairage allumé,En agglomération,Hors intersection,Normale,Sans collision,,,,,,,,,,,5,2,1,1,7
200500063665,0005-10-21 20:45:00,5,10,21,20,45,550,427.0,rue victor hugo,,,Nuit avec éclairage allumé,En agglomération,Hors intersection,Pluie légère,Trois véhicules et plus - collisions multiples,,,,,,,,,,,5,2,1,2,5
200500063666,0005-10-19 17:15:00,5,10,19,17,15,550,378.0,carrefour rue de l'églis,48.879,4.943,Plein jour,En agglomération,Hors intersection,Normale,Deux véhicules - côté,,,,,,,,,,,1,2,1,1,3
200500063667,0005-10-06 16:50:00,5,10,6,16,50,550,10.0,iant ANCERVILLE / LA HOU,,,Plein jour,Hors agglomération,Hors intersection,Normale,Deux véhicules - frontale,,,,,,,,,,,1,1,1,1,1
200500063668,0005-10-17 18:00:00,5,10,17,18,0,550,10.0,place de la mairie,48.64,5.02,Plein jour,En agglomération,Place,Normale,Autre collision,,,,,,,,,,,1,2,7,1,6
200500063669,0005-10-22 20:15:00,5,10,22,20,15,550,291.0,,,,Nuit sans éclairage public,Hors agglomération,Autre intersection,Temps couvert,Autre collision,,,,,,,,,,,3,1,9,8,6
200500063670,0005-10-30 09:15:00,5,10,30,9,15,550,291.0,rue LEROUX,,,Plein jour,En agglomération,Autre intersection,Normale,Deux véhicules - côté,,,,,,,,,,,1,2,9,1,3
200500063671,0005-10-01 19:00:00,5,10,1,19,0,550,252.0,,49.469,5.41,Nuit sans éclairage public,Hors agglomération,Hors intersection,Temps couvert,Autre collision,,,,,,,,,,,3,1,1,8,6
200500063672,0005-10-07 18:15:00,5,10,7,18,15,550,502.0,Rue de l'Artillerie,,,Plein jour,En agglomération,Hors intersection,Normale,Autre collision,,,,,,,,,,,1,2,1,1,6
200500063673,0005-10-08 15:00:00,5,10,8,15,0,550,252.0,,49.481,5.387,Plein jour,Hors agglomération,Hors intersection,Normale,Sans collision,,,,,,,,,,,1,1,1,1,7
200500063674,0005-10-11 16:45:00,5,10,11,16,45,880,253.0,,,,Plein jour,Hors agglomération,Hors intersection,Normale,Deux véhicules - côté,,,,,,,,,,,1,1,1,1,3
200500063675,0005-10-28 20:45:00,5,10,28,20,45,880,151.0,,,,Nuit sans éclairage public,Hors agglomération,Hors intersection,Normale,Autre collision,,,,,,,,,,,3,1,1,1,6
200500063676,0005-10-06 16:45:00,5,10,6,16,45,880,86.0,,48.201,6.735,Plein jour,Hors agglomération,Autre intersection,Temps couvert,Deux véhicules - frontale,,,,,,,,,,,1,1,9,8,1
200500063677,0005-10-26 15:45:00,5,10,26,15,45,880,266.0,RUE DE LA CROISETTE,48.177,6.669,Plein jour,En agglomération,Hors intersection,Normale,Autre collision,,,,,,,,,,,1,2,1,1,6
200500063678,0005-10-30 21:45:00,5,10,30,21,45,880,203.0,,48.239,6.598,Nuit sans éclairage public,Hors agglomération,Hors intersection,Normale,Autre collision,,,,,,,,,,,3,1,1,1,6
200500063679,0005-10-07 13:15:00,5,10,7,13,15,880,90.0,RUE ROZELIEURE,48.375,6.294,Plein jour,En agglomération,Hors intersection,Normale,Autre collision,,,,,,,,,,,1,2,1,1,6
200500063680,0005-10-09 05:15:00,5,10,9,5,15,880,173.0,,48.386,6.249,Nuit sans éclairage public,Hors agglomération,Hors intersection,Normale,Deux véhicules - arrière,,,,,,,,,,,3,1,1,1,2
200500063681,0005-10-26 20:30:00,5,10,26,20,30,880,527.0,,48.412,6.588,Nuit sans éclairage public,Hors agglomération,Hors intersection,Normale,Sans collision,,,,,,,,,,,3,1,1,1,7
200500063682,0005-10-11 20:30:00,5,10,11,20,30,880,204.0,,48.278,6.442,Nuit sans éclairage public,Hors agglomération,Hors intersection,Normale,Deux véhicules - frontale,,,,,,,,,,,3,1,1,1,1
200500063683,0005-10-01 15:30:00,5,10,1,15,30,880,530.0,,,,Plein jour,Hors agglomération,Hors intersection,Pluie légère,Deux véhicules - frontale,,,,,,,,,,,1,1,1,2,1
200500063684,0005-10-14 16:45:00,5,10,14,16,45,880,321.0,rue paul melin,48.365,5.701,Plein jour,En agglomération,Hors intersection,Normale,Deux véhicules - frontale,,,,,,,,,,,1,2,1,1,1