accident_id,datetime,annee,mois,jour,heure,minute,departement,commune_insee,adresse,latitude,longitude,luminosite,agglomeration,intersection,meteo,collision,nb_vehicules,nb_usagers,nb_indemnes,nb_tues,nb_blesses_hosp,nb_blesses_legers,age_cond_1,age_cond_2,veh_type_cond_1,veh_type_cond_2,lum_code,agg_code,int_code,atm_code,col_code
200500063817,0005-10-02 06:45:00,5,10,2,6,45,520,535.0,,48.113,5.081,Crépuscule ou aube,Hors agglomération,Hors intersection,Normale,Autre collision,,,,,,,,,,,2,1,1,1,6
200500063818,0005-10-02 07:00:00,5,10,2,7,0,520,227.0,1 rue voie romaine,48.17,5.63,Crépuscule ou aube,En agglomération,Hors intersection,Pluie légère,Deux véhicules - frontale,,,,,,,,,,,2,2,1,2,1
200500063819,0005-10-26 17:30:00,5,10,26,17,30,520,480.0,MENINVAUX,48.257,5.109,Plein jour,En agglomération,Hors intersection,Temps éblouissant,Deux véhicules - frontale,,,,,,,,,,,1,2,1,7,1
200500063820,0005-10-04 00:01:00,5,10,4,0,1,520,332.0,Rue de l'arcombelle,,,Plein jour,En agglomération,Hors intersection,Normale,Deux véhicules - frontale,,,,,,,,,,,1,2,1,1,1
200500063821,0005-10-19 06:30:00,5,10,19,6,30,520,124.0,,47.877,5.646,Nuit sans éclairage public,Hors agglomération,Hors intersection,Temps couvert,Sans collision,,,,,,,,,,,3,1,1,8,7
200500063822,0005-10-02 11:45:00,5,10,2,11,45,520,394.0,,47.671,5.552,Plein jour,Hors agglomération,Intersection en X,Normale,Deux véhicules - côté,,,,,,,,,,,1,1,2,1,3
200500063823,0005-10-15 16:45:00,5,10,15,16,45,520,303.0,,47.831,5.601,Plein jour,Hors agglomération,Autre intersection,Normale,Deux véhicules - frontale,,,,,,,,,,,1,1,9,1,1
200500063824,0005-10-17 17:45:00,5,10,17,17,45,520,93.0,Rue de la République,,,Plein jour,En agglomération,Hors intersection,Normale,Deux véhicules - frontale,,,,,,,,,,,1,2,1,1,1
200500063825,0005-10-19 12:20:00,5,10,19,12,20,520,438.0,Route nationale 19,,,Plein jour,Hors agglomération,Hors intersection,Brouillard / fumée,Deux véhicules - frontale,,,,,,,,,,,1,1,1,5,1
200500063826,0005-10-31 14:15:00,5,10,31,14,15,520,513.0,,47.837,5.724,Plein jour,En agglomération,Intersection en T,Normale,Deux véhicules - côté,,,,,,,,,,,1,2,3,1,3
200500063827,0005-10-05 20:00:00,5,10,5,20,0,520,529.0,,47.744,5.349,Nuit sans éclairage public,Hors agglomération,Hors intersection,Normale,Autre collision,,,,,,,,,,,3,1,1,1,6
200500063828,0005-10-09 08:00:00,5,10,9,8,0,520,340.0,,,,Nuit sans éclairage public,Hors agglomération,Hors intersection,Normale,Deux véhicules - arrière,,,,,,,,,,,3,1,1,1,2
200500063829,0005-10-17 00:30:00,5,10,17,0,30,520,212.0,,48.412,5.154,Nuit sans éclairage public,Hors agglomération,Hors intersection,Normale,Sans collision,,,,,,,,,,,3,1,1,1,7
200500063830,0005-10-22 15:15:00,5,10,22,15,15,520,356.0,,48.439,5.042,Plein jour,Hors agglomération,Intersection en X,Pluie légère,Deux véhicules - côté,,,,,,,,,,,1,1,2,2,3
200500063831,0005-10-12 18:15:00,5,10,12,18,15,520,300.0,,,,Plein jour,Hors agglomération,Hors intersection,Normale,Deux véhicules - côté,,,,,,,,,,,1,1,1,1,3
200500063832,0005-10-20 15:45:00,5,10,20,15,45,520,300.0,,,,Plein jour,Hors agglomération,Hors intersection,Pluie légère,Sans collision,,,,,,,,,,,1,1,1,2,7
200500063833,0005-10-18 23:00:00,5,10,18,23,0,890,380.0,,,,Nuit sans éclairage public,Hors agglomération,Hors intersection,Pluie légère,Autre collision,,,,,,,,,,,3,1,1,2,6
200500063834,0005-10-01 04:45:00,5,10,1,4,45,210,652.0,,47.211,4.625,Nuit sans éclairage public,Hors agglomération,Hors intersection,Normale,Deux véhicules - arrière,,,,,,,,,,,3,1,1,1,2
200500063835,0005-10-06 10:30:00,5,10,6,10,30,210,214.0,,,,Plein jour,Hors agglomération,Hors intersection,Normale,Sans collision,,,,,,,,,,,1,1,1,1,7
200500063836,0005-10-13 18:15:00,5,10,13,18,15,210,247.0,,,,Plein jour,Hors agglomération,Hors intersection,Normale,Sans collision,,,,,,,,,,,1,1,1,1,7
200500063837,0005-10-24 00:30:00,5,10,24,0,30,210,282.0,,,,Nuit sans éclairage public,Hors agglomération,Hors intersection,Normale,Trois véhicules et plus - en chaîne,,,,,,,,,,,3,1,1,1,4
200500063838,0005-10-01 11:00:00,5,10,1,11,0,210,609.0,,47.212,5.298,Plein jour,Hors agglomération,Hors intersection,Pluie forte,Trois véhicules et plus - collisions multiples,,,,,,,,,,,1,1,1,3,5
200500063839,0005-10-13 16:15:00,5,10,13,16,15,210,38.0,62 av G de Gaulle,47.188,5.4,Plein jour,En agglomération,Hors intersection,Normale,Deux véhicules - côté,,,,,,,,,,,1,2,1,1,3
200500063840,0005-10-15 13:30:00,5,10,15,13,30,210,38.0,- Ave Général DE GAULLE,,,Plein jour,En agglomération,Hors intersection,Normale,Deux véhicules - côté,,,,,,,,,,,1,2,1,1,3
200500063841,0005-10-25 15:00:00,5,10,25,15,0,210,38.0,CD 20,47.207,5.402,Plein jour,En agglomération,Hors intersection,Normale,Deux véhicules - côté,,,,,,,,,,,1,2,1,1,3
200500063842,0005-10-17 00:30:00,5,10,17,0,30,210,292.0,2 avenue de Sprendlingen,47.25,5.228,Nuit avec éclairage allumé,En agglomération,Hors intersection,Normale,Sans collision,,,,,,,,,,,5,2,1,1,7
200500063843,0005-10-21 19:00:00,5,10,21,19,0,210,388.0,,47.226,5.187,Nuit sans éclairage public,Hors agglomération,Hors intersection,Normale,Deux véhicules - frontale,,,,,,,,,,,3,1,1,1,1
200500063844,0005-10-24 19:30:00,5,10,24,19,30,210,126.0,,47.269,5.215,Crépuscule ou aube,Hors agglomération,Hors intersection,Normale,Autre collision,,,,,,,,,,,2,1,1,1,6
200500063845,0005-10-21 00:30:00,5,10,21,0,30,210,632.0,51 ET LE 53 RTE DE DIJON,47.219,5.136,Nuit avec éclairage allumé,En agglomération,Hors intersection,Normale,Sans collision,,,,,,,,,,,5,2,1,1,7
200500063846,0005-10-25 16:00:00,5,10,25,16,0,210,261.0,,47.255,5.143,Plein jour,Hors agglomération,Hors intersection,Normale,Deux véhicules - frontale,,,,,,,,,,,1,1,1,1,1
200500063847,0005-10-02 19:45:00,5,10,2,19,45,210,585.0,RUE DE NOIRON,,,Nuit avec éclairage allumé,En agglomération,Hors intersection,Normale,Deux véhicules - frontale,,,,,,,,,,,5,2,1,1,1
200500063848,0005-10-13 03:00:00,5,10,13,3,0,210,263.0,,47.255,5.05,Nuit sans éclairage public,Hors agglomération,Hors intersection,Normale,Sans collision,,,,,,,,,,,3,1,1,1,7
200500063849,0005-10-30 06:00:00,5,10,30,6,0,210,277.0,,47.527,5.358,Nuit sans éclairage public,Hors agglomération,Hors intersection,Normale,Autre collision,,,,,,,,,,,3,1,1,1,6
200500063850,0005-10-09 17:45:00,5,10,9,17,45,210,99.0,,47.072,4.761,Plein jour,Hors agglomération,Hors intersection,Normale,Autre collision,,,,,,,,,,,1,1,1,1,6
200500063851,0005-10-18 07:45:00,5,10,18,7,45,210,173.0,RN 74,47.053,4.855,Crépuscule ou aube,Hors agglomération,Hors intersection,Normale,Deux véhicules - frontale,,,,,,,,,,,2,1,1,1,1
200500063852,0005-10-19 15:40:00,5,10,19,15,40,210,173.0,RN74,47.057,4.858,Plein jour,Hors agglomération,Hors intersection,Normale,Autre collision,,,,,,,,,,,1,1,1,1,6
200500063853,0005-10-19 11:00:00,5,10,19,11,0,210,86.0,,46.994,4.816,Plein jour,Hors agglomération,Intersection en T,Normale,Deux véhicules - côté,,,,,,,,,,,1,1,3,1,3
200500063854,0005-10-23 00:30:00,5,10,23,0,30,210,411.0,,46.98,4.962,Nuit sans éclairage public,Hors agglomération,Hors intersection,Pluie forte,Autre collision,,,,,,,,,,,3,1,1,3,6
200500063855,0005-10-23 03:30:00,5,10,23,3,30,210,527.0,,46.954,4.688,Nuit sans éclairage public,Hors agglomération,Hors intersection,Normale,Sans collision,,,,,,,,,,,3,1,1,1,7
200500063856,0005-10-17 06:00:00,5,10,17,6,0,210,325.0,,47.144,4.458,Crépuscule ou aube,Hors agglomération,Hors intersection,Brouillard / fumée,Sans collision,,,,,,,,,,,2,1,1,5,7
200500063857,0005-10-29 16:45:00,5,10,29,16,45,210,588.0,,47.055,4.604,Plein jour,Hors agglomération,Hors intersection,Normale,Deux véhicules - frontale,,,,,,,,,,,1,1,1,1,1
200500063858,0005-10-01 16:15:00,5,10,1,16,15,210,88.0,"GRANDE RUE, D 116",47.141,4.991,Plein jour,En agglomération,Hors intersection,Temps couvert,Autre collision,,,,,,,,,,,1,2,1,8,6
200500063859,0005-10-24 07:25:00,5,10,24,7,25,210,554.0,2 rue de la liberté,47.107,5.264,Nuit avec éclairage allumé,En agglomération,Hors intersection,Temps couvert,Autre collision,,,,,,,,,,,5,2,1,8,6
200500063860,0005-10-09 19:30:00,5,10,9,19,30,210,12.0,,47.813,4.549,Nuit sans éclairage public,Hors agglomération,Hors intersection,Normale,Trois véhicules et plus - collisions multiples,,,,,,,,,,,3,1,1,1,5
200500063861,0005-10-14 15:41:00,5,10,14,15,41,210,61.0,"CD901 PK 51+615,40",,,Plein jour,Hors agglomération,Hors intersection,Normale,Deux véhicules - frontale,,,,,,,,,,,1,1,1,1,1
200500063862,0005-10-14 18:00:00,5,10,14,18,0,210,11.0,,47.632,4.646,Crépuscule ou aube,Hors agglomération,Hors intersection,Normale,Deux véhicules - frontale,,,,,,,,,,,2,1,1,1,1
200500063863,0005-10-02 07:45:00,5,10,2,7,45,210,413.0,,47.532,4.331,Plein jour,Hors agglomération,Hors intersection,Pluie légère,Sans collision,,,,,,,,,,,1,1,1,2,7
200500063864,0005-10-26 07:00:00,5,10,26,7,0,210,525.0,,47.394,4.179,Nuit sans éclairage public,Hors agglomération,Hors intersection,Normale,Sans collision,,,,,,,,,,,3,1,1,1,7
200500063865,0005-10-30 03:15:00,5,10,30,3,15,210,434.0,,47.356,4.281,Nuit sans éclairage public,Hors agglomération,Hors intersection,Normale,Deux véhicules - frontale,,,,,,,,,,,3,1,1,1,1
200500063866,0005-10-16 19:45:00,5,10,16,19,45,580,250.0,ROUTE NATIONALE,46.846,3.44,Nuit avec éclairage allumé,En agglomération,Hors intersection,Normale,Deux véhicules - côté,,,,,,,,,,,5,2,1,1,3
200500063867,0005-10-22 14:00:00,5,10,22,14,0,580,241.0,route de dornes,,,Plein jour,En agglomération,Hors intersection,Pluie légère,Sans collision,,,,,,,,,,,1,2,1,2,7
200500063868,0005-10-05 10:00:00,5,10,5,10,0,580,62.0,40 rue J.M. THEVENIN,47.067,3.934,Plein jour,En agglomération,Hors intersection,Normale,Autre collision,,,,,,,,,,,1,2,1,1,6
200500063869,0005-10-09 14:15:00,5,10,9,14,15,580,86.0,Rue du 14 juillet,,,Plein jour,En agglomération,Intersection en X,Normale,Deux véhicules - côté,,,,,,,,,,,1,2,2,1,3
200500063870,0005-10-12 16:00:00,5,10,12,16,0,580,261.0,du Lavoir - Les Lopières,,,Plein jour,Hors agglomération,Hors intersection,Normale,Autre collision,,,,,,,,,,,1,1,1,1,6
200500063871,0005-10-27 07:45:00,5,10,27,7,45,580,261.0,"Lieu dit "" Les Rosières""",,,Crépuscule ou aube,Hors agglomération,Hors intersection,Normale,Autre collision,,,,,,,,,,,2,1,1,1,6
200500063872,0005-10-31 11:10:00,5,10,31,11,10,580,2.0,CD14,,,Plein jour,Hors agglomération,Hors intersection,Normale,Sans collision,,,,,,,,,,,1,1,1,1,7
200500063873,0005-10-08 11:30:00,5,10,8,11,30,580,59.0,CD 907,47.174,3.019,Plein jour,En agglomération,Hors intersection,Normale,Autre collision,,,,,,,,,,,1,2,1,1,6
200500063874,0005-10-25 09:45:00,5,10,25,9,45,580,12.0,,,,Plein jour,Hors agglomération,Hors intersection,Normale,Autre collision,,,,,,,,,,,1,1,1,1,6
200500063875,0005-10-08 00:45:00,5,10,8,0,45,710,525.0,,46.377,4.676,Nuit sans éclairage public,Hors agglomération,Hors intersection,Normale,Deux véhicules - frontale,,,,,,,,,,,3,1,1,1,1
200500063876,0005-10-17 11:15:00,5,10,17,11,15,710,150.0,route des vignobles,,,Plein jour,En agglomération,Hors intersection,Normale,Deux véhicules - côté,,,,,,,,,,,1,2,1,1,3
200500063877,0005-10-31 19:20:00,5,10,31,19,20,710,150.0,Rue des perelles,,,Nuit sans éclairage public,Hors agglomération,Hors intersection,Pluie légère,Sans collision,,,,,,,,,,,3,1,1,2,7
200500063878,0005-10-08 18:45:00,5,10,8,18,45,710,350.0,,,,Crépuscule ou aube,Hors agglomération,Intersection en T,Normale,Deux véhicules - côté,,,,,,,,,,,2,1,3,1,3
200500063879,0005-10-17 19:00:00,5,10,17,19,0,710,248.0,Route de Cuisery,,,Nuit avec éclairage non allumé,En agglomération,Intersection en T,Normale,Deux véhicules - côté,,,,,,,,,,,4,2,3,1,3
200500063880,0005-10-14 06:30:00,5,10,14,6,30,710,14.0,,,,Nuit sans éclairage public,Hors agglomération,Hors intersection,Normale,Deux véhicules - frontale,,,,,,,,,,,3,1,1,1,1
200500063881,0005-10-14 15:30:00,5,10,14,15,30,710,15.0,,,,Plein jour,Hors agglomération,Hors intersection,Normale,Trois véhicules et plus - collisions multiples,,,,,,,,,,,1,1,1,1,5
200500063882,0005-10-09 10:30:00,5,10,9,10,30,710,376.0,,47.027,4.151,Plein jour,Hors agglomération,Hors intersection,Autre,Sans collision,,,,,,,,,,,1,1,1,9,7
200500063883,0005-10-18 17:00:00,5,10,18,17,0,710,239.0,,46.728,4.054,Plein jour,Hors agglomération,Hors intersection,Normale,Autre collision,,,,,,,,,,,1,1,1,1,6
200500063884,0005-10-22 15:00:00,5,10,22,15,0,710,402.0,Chemin de chassemoulin,46.685,4.888,Plein jour,En agglomération,Hors intersection,Temps couvert,Deux véhicules - côté,,,,,,,,,,,1,2,1,8,3
200500063885,0005-10-22 16:15:00,5,10,22,16,15,710,26.0,,46.675,4.872,Plein jour,Hors agglomération,Hors intersection,Temps couvert,Deux véhicules - frontale,,,,,,,,,,,1,1,1,8,1
200500063886,0005-10-22 17:00:00,5,10,22,17,0,710,26.0,,46.679,4.872,Plein jour,Hors agglomération,Hors intersection,Pluie forte,Trois véhicules et plus - collisions multiples,,,,,,,,,,,1,1,1,3,5
200500063887,0005-10-08 04:15:00,5,10,8,4,15,710,564.0,,46.454,4.366,Nuit sans éclairage public,Hors agglomération,Hors intersection,Normale,Autre collision,,,,,,,,,,,3,1,1,1,6
200500063888,0005-10-22 13:45:00,5,10,22,13,45,710,106.0,Route MACON CD 17,,,Plein jour,En agglomération,Hors intersection,Normale,Deux véhicules - frontale,,,,,,,,,,,1,2,1,1,1
200500063889,0005-10-01 03:15:00,5,10,1,3,15,710,327.0,,,,Nuit sans éclairage public,Hors agglomération,Hors intersection,Normale,Sans collision,,,,,,,,,,,3,1,1,1,7
200500063890,0005-10-30 21:15:00,5,10,30,21,15,710,473.0,,,,Nuit avec éclairage non allumé,Hors agglomération,Hors intersection,Normale,Deux véhicules - arrière,,,,,,,,,,,4,1,1,1,2
200500063891,0005-10-02 19:15:00,5,10,2,19,15,710,307.0,LE BOURG,,,Nuit avec éclairage allumé,En agglomération,Intersection en T,Pluie légère,Deux véhicules - côté,,,,,,,,,,,5,2,3,2,3
200500063892,0005-10-04 08:45:00,5,10,4,8,45,710,342.0,Boulevard du Collège,,,Plein jour,En agglomération,Hors intersection,Pluie légère,Autre collision,,,,,,,,,,,1,2,1,2,6
200500063893,0005-10-27 11:50:00,5,10,27,11,50,710,588.0,,46.463,4.093,Plein jour,Hors agglomération,Hors intersection,Normale,Deux véhicules - frontale,,,,,,,,,,,1,1,1,1,1
200500063894,0005-10-30 15:00:00,5,10,30,15,0,710,149.0,Rue ST GEORGES,,,Plein jour,En agglomération,Hors intersection,Normale,Deux véhicules - frontale,,,,,,,,,,,1,2,1,1,1
200500063895,0005-10-31 17:45:00,5,10,31,17,45,710,479.0,,,,Nuit sans éclairage public,Hors agglomération,Hors intersection,Pluie forte,Deux véhicules - frontale,,,,,,,,,,,3,1,1,3,1
200500063896,0005-10-02 20:00:00,5,10,2,20,0,710,47.0,,,,Nuit sans éclairage public,Hors agglomération,Hors intersection,Temps couvert,Deux véhicules - côté,,,,,,,,,,,3,1,1,8,3
200500063897,0005-10-07 16:30:00,5,10,7,16,30,710,230.0,mai et  rue des marnays,,,Plein jour,En agglomération,Intersection en X,Temps éblouissant,Deux véhicules - frontale,,,,,,,,,,,1,2,2,7,1
200500063898,0005-10-21 13:30:00,5,10,21,13,30,710,132.0,RN 70 PR 24 + 50,,,Plein jour,Hors agglomération,Hors intersection,Normale,Deux véhicules - frontale,,,,,,,,,,,1,1,1,1,1
200500063899,0005-10-02 03:30:00,5,10,2,3,30,710,261.0,,46.591,5.032,Nuit sans éclairage public,Hors agglomération,Hors intersection,Normale,Sans collision,,,,,,,,,,,3,1,1,1,7
200500063900,0005-10-20 18:00:00,5,10,20,18,0,710,410.0,lieu-dit les Carcabeaux,,,Plein jour,Hors agglomération,Hors intersection,Normale,Autre collision,,,,,,,,,,,1,1,1,1,6
200500063901,0005-10-21 20:45:00,5,10,21,20,45,710,477.0,,,,Nuit sans éclairage public,Hors agglomération,Hors intersection,Pluie légère,Autre collision,,,,,,,,,,,3,1,1,2,6
200500063902,0005-10-30 11:45:00,5,10,30,11,45,710,187.0,le fautoux,46.757,4.509,Plein jour,En agglomération,Passage à niveau,Normale,Deux véhicules - frontale,,,,,,,,,,,1,2,8,1,1
200500063903,0005-10-03 19:00:00,5,10,3,19,0,890,330.0,,,,Nuit sans éclairage public,Hors agglomération,Hors intersection,Normale,Autre collision,,,,,,,,,,,3,1,1,1,6
200500063904,0005-10-05 11:45:00,5,10,5,11,45,890,237.0,,47.596,3.697,Plein jour,Hors agglomération,Hors intersection,Temps couvert,Autre collision,,,,,,,,,,,1,1,1,8,6
200500063905,0005-10-28 19:40:00,5,10,28,19,40,890,155.0,Route Communale 1,,,Nuit sans éclairage public,Hors agglomération,Hors intersection,Normale,Sans collision,,,,,,,,,,,3,1,1,1,7
200500063906,0005-10-28 10:45:00,5,10,28,10,45,890,345.0,Avenue du 08 mai 1945,,,Plein jour,En agglomération,Hors intersection,Normale,Autre collision,,,,,,,,,,,1,2,1,1,6
200500063907,0005-10-17 17:00:00,5,10,17,17,0,890,96.0,ROUTE DE MONETEAU,,,Plein jour,En agglomération,Hors intersection,Normale,Deux véhicules - frontale,,,,,,,,,,,1,2,1,1,1
200500063908,0005-10-07 22:15:00,5,10,7,22,15,890,365.0,,47.718,2.993,Nuit sans éclairage public,Hors agglomération,Hors intersection,Brouillard / fumée,Autre collision,,,,,,,,,,,3,1,1,5,6
200500063909,0005-10-15 16:30:00,5,10,15,16,30,890,221.0,,,,Plein jour,Hors agglomération,Intersection en X,Normale,Deux véhicules - côté,,,,,,,,,,,1,1,2,1,3
200500063910,0005-10-16 16:00:00,5,10,16,16,0,890,25.0,CD 127 PK 5 + 300,,,Plein jour,Hors agglomération,Hors intersection,Normale,Sans collision,,,,,,,,,,,1,1,1,1,7
200500063911,0005-10-23 18:45:00,5,10,23,18,45,890,371.0,,,,Crépuscule ou aube,Hors agglomération,Intersection en X,Normale,Deux véhicules - côté,,,,,,,,,,,2,1,2,1,3
200500063912,0005-10-30 14:15:00,5,10,30,14,15,890,384.0,CD955,,,Plein jour,En agglomération,Hors intersection,Temps éblouissant,Deux véhicules - côté,,,,,,,,,,,1,2,1,7,3
200500063913,0005-10-10 18:30:00,5,10,10,18,30,890,257.0,Rue Paul BERT,47.963,3.516,Crépuscule ou aube,En agglomération,Hors intersection,Normale,Deux véhicules - frontale,,,,,,,,,,,2,2,1,1,1
200500063914,0005-10-10 18:45:00,5,10,10,18,45,890,425.0,31 Rue Sainte Catherine,,,Crépuscule ou aube,En agglomération,Hors intersection,Normale,Deux véhicules - côté,,,,,,,,,,,2,2,1,1,3
200500063915,0005-10-21 11:30:00,5,10,21,11,30,890,76.0,,48.011,3.673,Plein jour,Hors agglomération,Intersection en X,Normale,Deux véhicules - côté,,,,,,,,,,,1,1,2,1,3
200500063916,0005-10-10 19:00:00,5,10,10,19,0,890,236.0,07 ROUTE DE SENS,48.183,3.306,Crépuscule ou aube,En agglomération,Hors intersection,Normale,Autre collision,,,,,,,,,,,2,2,1,1,6
200500063917,0005-10-08 17:15:00,5,10,8,17,15,890,460.0,Route de Misy,,,Plein jour,En agglomération,Hors intersection,Normale,Deux véhicules - frontale,,,,,,,,,,,1,2,1,1,1
200500063918,0005-10-29 16:25:00,5,10,29,16,25,890,391.0,CD 29,,,Plein jour,En agglomération,Hors intersection,Normale,Deux véhicules - frontale,,,,,,,,,,,1,2,1,1,1
200500063919,0005-10-24 17:45:00,5,10,24,17,45,890,54.0,,48.22,3.12,Plein jour,Hors agglomération,Hors intersection,Normale,Autre collision,,,,,,,,,,,1,1,1,1,6
200500063920,0005-10-06 19:15:00,5,10,6,19,15,890,48.0,CD152,,,Nuit sans éclairage public,Hors agglomération,Hors intersection,Brouillard / fumée,Deux véhicules - frontale,,,,,,,,,,,3,1,1,5,1
200500063921,0005-10-08 10:30:00,5,10,8,10,30,890,464.0,route de ROUSSON,,,Plein jour,En agglomération,Hors intersection,Normale,Deux véhicules - frontale,,,,,,,,,,,1,2,1,1,1
200500063922,0005-10-11 15:45:00,5,10,11,15,45,890,464.0,94 RUE CARNOT,48.089,3.296,Plein jour,En agglomération,Hors intersection,Normale,Deux véhicules - arrière,,,,,,,,,,,1,2,1,1,2
200500063923,0005-10-23 18:45:00,5,10,23,18,45,890,60.0,,48.069,3.26,Crépuscule ou aube,Hors agglomération,Hors intersection,Pluie légère,Autre collision,,,,,,,,,,,2,1,1,2,6
200500063924,0005-10-23 18:30:00,5,10,23,18,30,890,464.0,FAUBOURG SAINT LAURENT,,,Plein jour,En agglomération,Hors intersection,Normale,Deux véhicules - côté,,,,,,,,,,,1,2,1,1,3
200500063925,0005-10-27 19:30:00,5,10,27,19,30,890,434.0,,,,Nuit sans éclairage public,Hors agglomération,Hors intersection,Normale,Deux véhicules - arrière,,,,,,,,,,,3,1,1,1,2
200500063926,0005-10-28 15:15:00,5,10,28,15,15,890,142.0,,,,Plein jour,Hors agglomération,Hors intersection,Normale,Sans collision,,,,,,,,,,,1,1,1,1,7
200500063927,0005-10-30 11:45:00,5,10,30,11,45,890,464.0,carrefour CD24/av de pai,,,Plein jour,En agglomération,Hors intersection,Normale,Autre collision,,,,,,,,,,,1,2,1,1,6
200500063928,0005-10-29 16:15:00,5,10,29,16,15,890,464.0,carrefour CD15 et CD3,,,Plein jour,En agglomération,Hors intersection,Pluie légère,Sans collision,,,,,,,,,,,1,2,1,2,7
200500063929,0005-10-29 17:30:00,5,10,29,17,30,890,284.0,,,,Plein jour,Hors agglomération,Hors intersection,Normale,Deux véhicules - côté,,,,,,,,,,,1,1,1,1,3
200500063930,0005-10-02 03:30:00,5,10,2,3,30,250,395.0,,47.242,6.107,Nuit sans éclairage public,Hors agglomération,Hors intersection,Pluie forte,Deux véhicules - côté,,,,,,,,,,,3,1,1,3,3
200500063931,0005-10-07 20:10:00,5,10,7,20,10,250,633.0,ROUTE DE PONTARLIER,,,Nuit avec éclairage allumé,En agglomération,Hors intersection,Normale,Autre collision,,,,,,,,,,,5,2,1,1,6
200500063932,0005-10-28 10:00:00,5,10,28,10,0,250,415.0,,47.039,6.287,Plein jour,Hors agglomération,Hors intersection,Normale,Sans collision,,,,,,,,,,,1,1,1,1,7
200500063933,0005-10-01 21:45:00,5,10,1,21,45,250,105.0,,,,Nuit sans éclairage public,Hors agglomération,Hors intersection,Pluie légère,Autre collision,,,,,,,,,,,3,1,1,2,6
200500063934,0005-10-05 08:00:00,5,10,5,8,0,250,220.0,rue de BESANCON,,,Plein jour,En agglomération,Intersection en T,Normale,Deux véhicules - côté,,,,,,,,,,,1,2,3,1,3
200500063935,0005-10-26 16:30:00,5,10,26,16,30,250,287.0,RUE DE L'EGLISE,47.202,5.904,Plein jour,En agglomération,Hors intersection,Temps éblouissant,Deux véhicules - frontale,,,,,,,,,,,1,2,1,7,1
200500063936,0005-10-29 15:30:00,5,10,29,15,30,250,438.0,,47.162,5.858,Plein jour,Hors agglomération,Hors intersection,Normale,Autre collision,,,,,,,,,,,1,1,1,1,6
200500063937,0005-10-17 08:15:00,5,10,17,8,15,250,95.0,,47.207,6.627,Plein jour,Hors agglomération,Hors intersection,Normale,Deux véhicules - frontale,,,,,,,,,,,1,1,1,1,1
200500063938,0005-10-25 19:00:00,5,10,25,19,0,250,148.0,,47.11,6.69,Nuit sans éclairage public,Hors agglomération,Intersection en T,Normale,Deux véhicules - côté,,,,,,,,,,,3,1,3,1,3
200500063939,0005-10-26 18:00:00,5,10,26,18,0,250,356.0,rue des Combes - CD 464,,,Plein jour,En agglomération,Hors intersection,Normale,Autre collision,,,,,,,,,,,1,2,1,1,6
200500063940,0005-10-19 13:15:00,5,10,19,13,15,250,452.0,,,,Plein jour,Hors agglomération,Hors intersection,Temps couvert,Autre collision,,,,,,,,,,,1,1,1,8,6
200500063941,0005-10-06 15:45:00,5,10,6,15,45,250,508.0,Grande Rue,47.32,6.232,Plein jour,En agglomération,Hors intersection,Normale,Deux véhicules - frontale,,,,,,,,,,,1,2,1,1,1
200500063942,0005-10-17 04:15:00,5,10,17,4,15,250,222.0,,,,Nuit sans éclairage public,Hors agglomération,Intersection en T,Normale,Deux véhicules - côté,,,,,,,,,,,3,1,3,1,3
200500063943,0005-10-28 10:45:00,5,10,28,10,45,250,262.0,,,,Plein jour,Hors agglomération,Hors intersection,Normale,Deux véhicules - frontale,,,,,,,,,,,1,1,1,1,1
200500063944,0005-10-02 17:40:00,5,10,2,17,40,250,293.0,CD 47,,,Plein jour,Hors agglomération,Hors intersection,Normale,Deux véhicules - frontale,,,,,,,,,,,1,1,1,1,1
200500063945,0005-10-02 11:45:00,5,10,2,11,45,250,320.0,,46.785,6.28,Plein jour,Hors agglomération,Hors intersection,Normale,Autre collision,,,,,,,,,,,1,1,1,1,6
200500063946,0005-10-10 17:30:00,5,10,10,17,30,250,405.0,CD437,46.833,6.344,Plein jour,En agglomération,Hors intersection,Normale,Sans collision,,,,,,,,,,,1,2,1,1,7
200500063947,0005-10-19 12:00:00,5,10,19,12,0,250,411.0,Rue de la Louhière,,,Plein jour,En agglomération,Hors intersection,Pluie légère,Deux véhicules - arrière,,,,,,,,,,,1,2,1,2,2
200500063948,0005-10-20 11:15:00,5,10,20,11,15,250,403.0,RUE DU DOUBS,47.049,6.607,Plein jour,En agglomération,Hors intersection,Temps éblouissant,Autre collision,,,,,,,,,,,1,2,1,7,6