accident_id,datetime,annee,mois,jour,heure,minute,departement,commune_insee,adresse,latitude,longitude,luminosite,agglomeration,intersection,meteo,collision,nb_vehicules,nb_usagers,nb_indemnes,nb_tues,nb_blesses_hosp,nb_blesses_legers,age_cond_1,age_cond_2,veh_type_cond_1,veh_type_cond_2,lum_code,agg_code,int_code,atm_code,col_code
200500063949,0005-10-02 20:45:00,5,10,2,20,45,390,154.0,,,,Nuit sans éclairage public,Hors agglomération,Hors intersection,Pluie légère,Autre collision,,,,,,,,,,,3,1,1,2,6
200500063950,0005-10-08 14:15:00,5,10,8,14,15,390,482.0,,46.765,5.547,Plein jour,Hors agglomération,Hors intersection,Normale,Sans collision,,,,,,,,,,,1,1,1,1,7
200500063951,0005-10-10 10:15:00,5,10,10,10,15,390,28.0,CD9-PR 13+055,46.918,5.648,Plein jour,Hors agglomération,Hors intersection,Normale,Deux véhicules - côté,,,,,,,,,,,1,1,1,1,3
200500063952,0005-10-15 14:45:00,5,10,15,14,45,390,500.0,,46.968,5.908,Plein jour,Hors agglomération,Hors intersection,Temps éblouissant,Deux véhicules - arrière,,,,,,,,,,,1,1,1,7,2
200500063953,0005-10-12 12:00:00,5,10,12,12,0,390,42.0,,,,Plein jour,Hors agglomération,Giratoire,Normale,Sans collision,,,,,,,,,,,1,1,6,1,7
200500063954,0005-10-14 07:30:00,5,10,14,7,30,390,412.0,Rond point de la Borde,,,Crépuscule ou aube,Hors agglomération,Giratoire,Normale,Autre collision,,,,,,,,,,,2,1,6,1,6
200500063955,0005-10-01 17:30:00,5,10,1,17,30,390,365.0,,46.989,5.615,Plein jour,Hors agglomération,Hors intersection,Pluie forte,Autre collision,,,,,,,,,,,1,1,1,3,6
200500063956,0005-10-24 18:30:00,5,10,24,18,30,390,491.0,RUE DU JURA,46.411,5.795,Crépuscule ou aube,En agglomération,Hors intersection,Normale,Deux véhicules - frontale,,,,,,,,,,,2,2,1,1,1
200500063957,0005-10-30 15:45:00,5,10,30,15,45,390,478.0,,46.4,5.88,Plein jour,Hors agglomération,Hors intersection,Normale,Deux véhicules - côté,,,,,,,,,,,1,1,1,1,3
200500063958,0005-10-11 19:30:00,5,10,11,19,30,390,367.0,Rue Germain Paget,46.547,6.021,Nuit avec éclairage allumé,En agglomération,Giratoire,Normale,Deux véhicules - côté,,,,,,,,,,,5,2,6,1,3
200500063959,0005-10-10 21:50:00,5,10,10,21,50,390,47.0,"CD 18, PK 4+500",,,Nuit sans éclairage public,Hors agglomération,Hors intersection,Normale,Autre collision,,,,,,,,,,,3,1,1,1,6
200500063960,0005-10-06 21:30:00,5,10,6,21,30,700,166.0,,,,Nuit sans éclairage public,Hors agglomération,Hors intersection,Normale,Deux véhicules - frontale,,,,,,,,,,,3,1,1,1,1
200500063961,0005-10-22 05:05:00,5,10,22,5,5,700,433.0,CD 13 rue Jean Poirey,,,Nuit sans éclairage public,En agglomération,Hors intersection,Temps couvert,Autre collision,,,,,,,,,,,3,2,1,8,6
200500063962,0005-10-15 19:15:00,5,10,15,19,15,700,482.0,,,,Nuit sans éclairage public,Hors agglomération,Hors intersection,Normale,Sans collision,,,,,,,,,,,3,1,1,1,7
200500063963,0005-10-19 01:00:00,5,10,19,1,0,700,324.0,,,,Nuit sans éclairage public,Hors agglomération,Hors intersection,Temps couvert,Deux véhicules - frontale,,,,,,,,,,,3,1,1,8,1
200500063964,0005-10-23 18:15:00,5,10,23,18,15,700,272.0,RN19 et CD 282,,,Crépuscule ou aube,En agglomération,Hors intersection,Normale,Deux véhicules - frontale,,,,,,,,,,,2,2,1,1,1
200500063965,0005-10-06 17:15:00,5,10,6,17,15,700,455.0,,47.668,6.534,Plein jour,Hors agglomération,Hors intersection,Normale,Deux véhicules - frontale,,,,,,,,,,,1,1,1,1,1
200500063966,0005-10-14 14:30:00,5,10,14,14,30,700,561.0,,47.587,6.432,Plein jour,Hors agglomération,Hors intersection,Normale,Deux véhicules - frontale,,,,,,,,,,,1,1,1,1,1
200500063967,0005-10-22 04:45:00,5,10,22,4,45,700,311.0,,,,Nuit sans éclairage public,Hors agglomération,Hors intersection,Pluie légère,Sans collision,,,,,,,,,,,3,1,1,2,7
200500063968,0005-10-23 17:30:00,5,10,23,17,30,700,43.0,Place de la Mairie,47.512,5.517,Plein jour,En agglomération,Place,Normale,Sans collision,,,,,,,,,,,1,2,7,1,7
200500063969,0005-10-19 10:15:00,5,10,19,10,15,700,481.0,,,,Plein jour,Hors agglomération,Hors intersection,Pluie légère,Deux véhicules - frontale,,,,,,,,,,,1,1,1,2,1
200500063970,0005-10-08 15:45:00,5,10,8,15,45,900,28.0,,,,Plein jour,Hors agglomération,Hors intersection,Normale,Autre collision,,,,,,,,,,,1,1,1,1,6
200500063971,0005-10-27 16:00:00,5,10,27,16,0,900,33.0,faubourg de belfort,47.521,7.002,Plein jour,En agglomération,Hors intersection,Normale,Deux véhicules - arrière,,,,,,,,,,,1,2,1,1,2
200500063972,0005-10-22 06:00:00,5,10,22,6,0,260,325.0,,45.282,4.827,Nuit sans éclairage public,Hors agglomération,Hors intersection,Normale,Deux véhicules - côté,,,,,,,,,,,3,1,1,1,3
200500063973,0005-10-22 10:30:00,5,10,22,10,30,260,362.0,,,,Plein jour,Hors agglomération,Hors intersection,Pluie forte,Autre collision,,,,,,,,,,,1,1,1,3,6
200500063974,0005-10-22 18:15:00,5,10,22,18,15,260,166.0,,,,Plein jour,Hors agglomération,Hors intersection,Pluie légère,Autre collision,,,,,,,,,,,1,1,1,2,6
200500063975,0005-10-18 17:00:00,5,10,18,17,0,260,166.0,,44.761,4.794,Plein jour,Hors agglomération,Autre intersection,Normale,Deux véhicules - arrière,,,,,,,,,,,1,1,9,1,2
200500063976,0005-10-09 16:30:00,5,10,9,16,30,130,60.0,le relais clairefontaine,,,Plein jour,Hors agglomération,Intersection en X,Normale,Trois véhicules et plus - en chaîne,,,,,,,,,,,1,1,2,1,4
200500063977,0005-10-26 17:15:00,5,10,26,17,15,130,60.0,Intersection RN7 - RN 96,43.496,5.526,Plein jour,En agglomération,Intersection en T,Normale,Deux véhicules - côté,,,,,,,,,,,1,2,3,1,3
200500063978,0005-10-14 14:00:00,5,10,14,14,0,130,59.0,,43.634,5.512,Plein jour,Hors agglomération,Hors intersection,Normale,Sans collision,,,,,,,,,,,1,1,1,1,7
200500063979,0005-10-17 20:00:00,5,10,17,20,0,130,59.0,,43.662,5.506,Nuit sans éclairage public,Hors agglomération,Hors intersection,Normale,Deux véhicules - côté,,,,,,,,,,,3,1,1,1,3
200500063980,0005-10-29 15:15:00,5,10,29,15,15,130,59.0,,43.635,5.487,Plein jour,Hors agglomération,Hors intersection,Normale,Deux véhicules - frontale,,,,,,,,,,,1,1,1,1,1
200500063981,0005-10-30 13:45:00,5,10,30,13,45,130,48.0,,43.655,5.611,Plein jour,Hors agglomération,Hors intersection,Normale,Deux véhicules - frontale,,,,,,,,,,,1,1,1,1,1
200500063982,0005-10-15 07:15:00,5,10,15,7,15,130,106.0,Avenue du 8 mai 1945,,,Crépuscule ou aube,En agglomération,Hors intersection,Normale,Deux véhicules - frontale,,,,,,,,,,,2,2,1,1,1
200500063983,0005-10-04 16:45:00,5,10,4,16,45,130,15.0,AVENUE CHARLES DE GAULLE,43.454,5.411,Plein jour,En agglomération,Hors intersection,Normale,Deux véhicules - côté,,,,,,,,,,,1,2,1,1,3
200500063984,0005-10-08 09:00:00,5,10,8,9,0,130,15.0,N8 Quartier Violesi PR11,,,Plein jour,En agglomération,Hors intersection,Normale,Deux véhicules - frontale,,,,,,,,,,,1,2,1,1,1
200500063985,0005-10-23 17:55:00,5,10,23,17,55,130,15.0,Avenue de la Mounine,43.457,5.414,Plein jour,En agglomération,Hors intersection,Pluie légère,Deux véhicules - frontale,,,,,,,,,,,1,2,1,2,1
200500063986,0005-10-25 15:30:00,5,10,25,15,30,130,72.0,CD6 PR30+550,,,Plein jour,Hors agglomération,Hors intersection,Normale,Deux véhicules - frontale,,,,,,,,,,,1,1,1,1,1
200500063987,0005-10-06 01:00:00,5,10,6,1,0,130,4.0,PATY DE LA TRINITE,,,Nuit sans éclairage public,En agglomération,Hors intersection,Normale,Sans collision,,,,,,,,,,,3,2,1,1,7
200500063988,0005-10-03 17:15:00,5,10,3,17,15,130,27.0,bld Jules Ferry,,,Plein jour,En agglomération,Intersection en X,Normale,Autre collision,,,,,,,,,,,1,2,2,1,6
200500063989,0005-10-24 07:00:00,5,10,24,7,0,130,96.0,RD 38C,,,Nuit sans éclairage public,Hors agglomération,Hors intersection,Normale,Autre collision,,,,,,,,,,,3,1,1,1,6
200500063990,0005-10-10 17:30:00,5,10,10,17,30,130,97.0,mas de pernes,43.602,4.762,Plein jour,Hors agglomération,Hors intersection,Normale,Autre collision,,,,,,,,,,,1,1,1,1,6
200500063991,0005-10-15 11:30:00,5,10,15,11,30,130,97.0,,43.635,4.818,Plein jour,Hors agglomération,Hors intersection,Normale,Sans collision,,,,,,,,,,,1,1,1,1,7
200500063992,0005-10-15 07:30:00,5,10,15,7,30,130,97.0,,,,Plein jour,Hors agglomération,Hors intersection,Normale,Sans collision,,,,,,,,,,,1,1,1,1,7
200500063993,0005-10-16 11:00:00,5,10,16,11,0,130,97.0,CD 24 PK 09+600,43.633,4.806,Plein jour,Hors agglomération,Hors intersection,Normale,Deux véhicules - frontale,,,,,,,,,,,1,1,1,1,1
200500063994,0005-10-29 18:00:00,5,10,29,18,0,130,97.0,quartier du Paty,,,Plein jour,Hors agglomération,Intersection en X,Normale,Deux véhicules - frontale,,,,,,,,,,,1,1,2,1,1
200500063995,0005-10-22 11:45:00,5,10,22,11,45,130,42.0,RN.8 - PK 50+300,,,Plein jour,Hors agglomération,Hors intersection,Normale,Deux véhicules - frontale,,,,,,,,,,,1,1,1,1,1
200500063996,0005-10-27 12:45:00,5,10,27,12,45,130,119.0,CD 41E,,,Plein jour,En agglomération,Hors intersection,Normale,Deux véhicules - arrière,,,,,,,,,,,1,2,1,1,2
200500063997,0005-10-16 21:45:00,5,10,16,21,45,130,86.0,,,,Nuit avec éclairage allumé,Hors agglomération,Hors intersection,Normale,Autre collision,,,,,,,,,,,5,1,1,1,6
200500063998,0005-10-25 07:45:00,5,10,25,7,45,130,86.0,jean de Garguier - RN 96,,,Crépuscule ou aube,Hors agglomération,Hors intersection,Normale,Autre collision,,,,,,,,,,,2,1,1,1,6
200500063999,0005-10-25 09:40:00,5,10,25,9,40,130,7.0,Montée Bel Air,,,Plein jour,En agglomération,Hors intersection,Normale,Autre collision,,,,,,,,,,,1,2,1,1,6
200500064000,0005-10-07 22:00:00,5,10,7,22,0,130,14.0,RUE PAUL ELUARD,,,Nuit avec éclairage allumé,En agglomération,Autre intersection,Normale,Sans collision,,,,,,,,,,,5,2,9,1,7
200500064001,0005-10-28 16:00:00,5,10,28,16,0,130,14.0,,,,Plein jour,Hors agglomération,Hors intersection,Normale,Deux véhicules - côté,,,,,,,,,,,1,1,1,1,3
200500064002,0005-10-03 07:15:00,5,10,3,7,15,130,89.0,,,,Crépuscule ou aube,Hors agglomération,Hors intersection,Normale,Trois véhicules et plus - en chaîne,,,,,,,,,,,2,1,1,1,4
200500064003,0005-10-02 18:45:00,5,10,2,18,45,130,81.0,Avenue de la plantade,,,Plein jour,En agglomération,Hors intersection,Normale,Autre collision,,,,,,,,,,,1,2,1,1,6
200500064004,0005-10-30 17:10:00,5,10,30,17,10,130,82.0,050 Lieu dit Gourgonnier,,,Plein jour,Hors agglomération,Hors intersection,Normale,Deux véhicules - frontale,,,,,,,,,,,1,1,1,1,1
200500064005,0005-10-05 18:45:00,5,10,5,18,45,40,106.0,ieu dit la grande terre,,,Plein jour,Hors agglomération,Hors intersection,Normale,Deux véhicules - frontale,,,,,,,,,,,1,1,1,1,1
200500064006,0005-10-08 01:20:00,5,10,8,1,20,40,116.0,Quartier la coste,,,Nuit sans éclairage public,Hors agglomération,Hors intersection,Temps couvert,Sans collision,,,,,,,,,,,3,1,1,8,7
200500064007,0005-10-09 22:45:00,5,10,9,22,45,40,86.0,,44.408,6.707,Nuit sans éclairage public,Hors agglomération,Hors intersection,Normale,Sans collision,,,,,,,,,,,3,1,1,1,7
200500064008,0005-10-26 10:15:00,5,10,26,10,15,40,73.0,Lieu dit Chambon,,,Plein jour,Hors agglomération,Hors intersection,Normale,Sans collision,,,,,,,,,,,1,1,1,1,7
200500064009,0005-10-18 14:30:00,5,10,18,14,30,40,33.0,,44.466,6.262,Plein jour,Hors agglomération,Hors intersection,Normale,Autre collision,,,,,,,,,,,1,1,1,1,6
200500064010,0005-10-11 00:15:00,5,10,11,0,15,40,25.0,r lieu-dit pont de Ganon,,,Nuit sans éclairage public,Hors agglomération,Hors intersection,Normale,Autre collision,,,,,,,,,,,3,1,1,1,6
200500064011,0005-10-31 07:00:00,5,10,31,7,0,40,172.0,,43.825,6.113,Plein jour,Hors agglomération,Hors intersection,Normale,Autre collision,,,,,,,,,,,1,1,1,1,6
200500064012,0005-10-07 07:45:00,5,10,7,7,45,40,192.0,,43.901,5.708,Plein jour,Hors agglomération,Hors intersection,Normale,Deux véhicules - côté,,,,,,,,,,,1,1,1,1,3
200500064013,0005-10-05 21:45:00,5,10,5,21,45,40,192.0,,43.905,5.716,Nuit sans éclairage public,Hors agglomération,Hors intersection,Pluie forte,Sans collision,,,,,,,,,,,3,1,1,3,7
200500064014,0005-10-20 07:00:00,5,10,20,7,0,40,151.0,CD12,,,Plein jour,Hors agglomération,Hors intersection,Normale,Autre collision,,,,,,,,,,,1,1,1,1,6
200500064015,0005-10-22 18:00:00,5,10,22,18,0,40,88.0,,43.937,5.795,Plein jour,Hors agglomération,Hors intersection,Normale,Deux véhicules - frontale,,,,,,,,,,,1,1,1,1,1
200500064016,0005-10-01 21:15:00,5,10,1,21,15,40,101.0,PR 64+700,,,Nuit sans éclairage public,Hors agglomération,Hors intersection,Normale,Deux véhicules - frontale,,,,,,,,,,,3,1,1,1,1
200500064017,0005-10-05 10:15:00,5,10,5,10,15,40,79.0,route Napoleon,,,Plein jour,Hors agglomération,Autre intersection,Temps éblouissant,Deux véhicules - frontale,,,,,,,,,,,1,1,9,7,1
200500064018,0005-10-08 20:40:00,5,10,8,20,40,40,209.0,Avenue Jean Jaurès RN85,,,Nuit sans éclairage public,En agglomération,Hors intersection,Normale,Autre collision,,,,,,,,,,,3,2,1,1,6
200500064019,0005-10-21 08:50:00,5,10,21,8,50,50,78.0,Quartier Notre Dame,,,Plein jour,En agglomération,Intersection en X,Normale,Deux véhicules - côté,,,,,,,,,,,1,2,2,1,3
200500064020,0005-10-24 11:15:00,5,10,24,11,15,50,68.0,"oute de la Luye, CD 900B",,,Plein jour,Hors agglomération,Hors intersection,Normale,Deux véhicules - arrière,,,,,,,,,,,1,1,1,1,2
200500064021,0005-10-10 07:15:00,5,10,10,7,15,50,46.0,Boulevard Pasteur,,,Crépuscule ou aube,En agglomération,Autre intersection,Normale,Autre collision,,,,,,,,,,,2,2,9,1,6
200500064022,0005-10-20 15:15:00,5,10,20,15,15,50,40.0,,44.557,6.244,Plein jour,Hors agglomération,Hors intersection,Normale,Trois véhicules et plus - collisions multiples,,,,,,,,,,,1,1,1,1,5
200500064023,0005-10-01 02:00:00,5,10,1,2,0,50,177.0,,,,Nuit sans éclairage public,Hors agglomération,Hors intersection,Normale,Autre collision,,,,,,,,,,,3,1,1,1,6
200500064024,0005-10-01 04:45:00,5,10,1,4,45,50,177.0,,,,Nuit sans éclairage public,Hors agglomération,Hors intersection,Normale,Sans collision,,,,,,,,,,,3,1,1,1,7
200500064025,0005-10-20 16:45:00,5,10,20,16,45,60,48.0,Avenue FlaminiusRAIBERTI,,,Plein jour,En agglomération,Hors intersection,Normale,Autre collision,,,,,,,,,,,1,2,1,1,6
200500064026,0005-10-02 14:45:00,5,10,2,14,45,60,48.0,,,,Plein jour,Hors agglomération,Hors intersection,Normale,Autre collision,,,,,,,,,,,1,1,1,1,6
200500064027,0005-10-07 08:30:00,5,10,7,8,30,60,48.0,,,,Plein jour,Hors agglomération,Hors intersection,Pluie légère,Autre collision,,,,,,,,,,,1,1,1,2,6
200500064028,0005-10-09 18:30:00,5,10,9,18,30,60,91.0,,,,Nuit sans éclairage public,Hors agglomération,Hors intersection,Normale,Deux véhicules - frontale,,,,,,,,,,,3,1,1,1,1
200500064029,0005-10-26 14:45:00,5,10,26,14,45,60,57.0,,,,Plein jour,Hors agglomération,Hors intersection,Normale,Autre collision,,,,,,,,,,,1,1,1,1,6
200500064030,0005-10-10 19:00:00,5,10,10,19,0,60,147.0,107 che du Frogier Super,,,Nuit avec éclairage allumé,En agglomération,Hors intersection,Normale,Deux véhicules - frontale,,,,,,,,,,,5,2,1,1,1
200500064031,0005-10-11 08:45:00,5,10,11,8,45,60,75.0,,43.83,7.262,Plein jour,Hors agglomération,Hors intersection,Normale,Autre collision,,,,,,,,,,,1,1,1,1,6
200500064032,0005-10-13 17:30:00,5,10,13,17,30,60,46.0,La Manda,,,Plein jour,Hors agglomération,Hors intersection,Normale,Autre collision,,,,,,,,,,,1,1,1,1,6
200500064033,0005-10-02 17:30:00,5,10,2,17,30,60,20.0,"Lieu dit ""la dorgane""",,,Plein jour,Hors agglomération,Hors intersection,Pluie forte,Trois véhicules et plus - collisions multiples,,,,,,,,,,,1,1,1,3,5
200500064034,0005-10-31 05:30:00,5,10,31,5,30,60,20.0,Gare de la Bollene,,,Nuit avec éclairage allumé,Hors agglomération,Hors intersection,Normale,Autre collision,,,,,,,,,,,5,1,1,1,6
200500064035,0005-10-18 19:15:00,5,10,18,19,15,60,149.0,,,,Nuit sans éclairage public,Hors agglomération,Hors intersection,Pluie légère,Deux véhicules - arrière,,,,,,,,,,,3,1,1,2,2
200500064036,0005-10-01 10:15:00,5,10,1,10,15,60,161.0,,,,Plein jour,En agglomération,Hors intersection,Normale,Autre collision,,,,,,,,,,,1,2,1,1,6
200500064037,0005-10-10 17:00:00,5,10,10,17,0,60,161.0,,,,Plein jour,Hors agglomération,Hors intersection,Normale,Deux véhicules - côté,,,,,,,,,,,1,1,1,1,3
200500064038,0005-10-16 01:35:00,5,10,16,1,35,60,138.0,RN98 PK 3+750,,,Nuit avec éclairage allumé,Hors agglomération,Hors intersection,Normale,Autre collision,,,,,,,,,,,5,1,1,1,6
200500064039,0005-10-29 09:45:00,5,10,29,9,45,60,128.0,,43.688,7.13,Plein jour,Hors agglomération,Hors intersection,Normale,Deux véhicules - côté,,,,,,,,,,,1,1,1,1,3
200500064040,0005-10-28 09:25:00,5,10,28,9,25,60,64.0,Route de la Baronne,,,Plein jour,Hors agglomération,Autre intersection,Normale,Deux véhicules - côté,,,,,,,,,,,1,1,9,1,3
200500064041,0005-10-07 09:45:00,5,10,7,9,45,60,136.0,,,,Plein jour,Hors agglomération,Hors intersection,Pluie légère,Deux véhicules - frontale,,,,,,,,,,,1,1,1,2,1
200500064042,0005-10-10 17:45:00,5,10,10,17,45,60,59.0,,43.726,7.38,Plein jour,Hors agglomération,Hors intersection,Normale,Trois véhicules et plus - collisions multiples,,,,,,,,,,,1,1,1,1,5
200500064043,0005-10-14 22:30:00,5,10,14,22,30,60,59.0,,43.736,7.369,Nuit sans éclairage public,Hors agglomération,Hors intersection,Normale,Autre collision,,,,,,,,,,,3,1,1,1,6
200500064044,0005-10-21 12:45:00,5,10,21,12,45,60,59.0,,,,Plein jour,Hors agglomération,Hors intersection,Normale,Deux véhicules - frontale,,,,,,,,,,,1,1,1,1,1
200500064045,0005-10-09 02:30:00,5,10,9,2,30,60,94.0,CD 29,,,Nuit sans éclairage public,Hors agglomération,Hors intersection,Normale,Sans collision,,,,,,,,,,,3,1,1,1,7
200500064046,0005-10-13 09:30:00,5,10,13,9,30,60,141.0,,43.886,7.109,Plein jour,Hors agglomération,Hors intersection,Normale,Autre collision,,,,,,,,,,,1,1,1,1,6
200500064047,0005-10-03 14:15:00,5,10,3,14,15,830,28.0,RUE SOUS CLASTRE,,,Plein jour,En agglomération,Hors intersection,Normale,Deux véhicules - côté,,,,,,,,,,,1,2,1,1,3
200500064048,0005-10-05 19:45:00,5,10,5,19,45,830,55.0,cd19,,,Nuit sans éclairage public,En agglomération,Hors intersection,Pluie légère,Deux véhicules - côté,,,,,,,,,,,3,2,1,2,3
200500064049,0005-10-09 12:45:00,5,10,9,12,45,830,73.0,,43.39,6.307,Plein jour,Hors agglomération,Hors intersection,Normale,Autre collision,,,,,,,,,,,1,1,1,1,6
200500064050,0005-10-03 20:00:00,5,10,3,20,0,830,149.0,,,,Plein jour,Hors agglomération,Hors intersection,Normale,Autre collision,,,,,,,,,,,1,1,1,1,6
200500064051,0005-10-02 17:45:00,5,10,2,17,45,830,33.0,RN 97,,,Plein jour,En agglomération,Hors intersection,Normale,Trois véhicules et plus - en chaîne,,,,,,,,,,,1,2,1,1,4
200500064052,0005-10-16 11:45:00,5,10,16,11,45,830,59.0,CD 43,,,Plein jour,Hors agglomération,Intersection en X,Normale,Deux véhicules - côté,,,,,,,,,,,1,1,2,1,3
200500064053,0005-10-30 15:45:00,5,10,30,15,45,830,64.0,chemin André MALRAUX,,,Plein jour,En agglomération,Hors intersection,Normale,Deux véhicules - côté,,,,,,,,,,,1,2,1,1,3
200500064054,0005-10-06 09:00:00,5,10,6,9,0,830,116.0,", Avenue du XV ème Corps",,,Plein jour,En agglomération,Hors intersection,Temps couvert,Deux véhicules - côté,,,,,,,,,,,1,2,1,8,3
200500064055,0005-10-06 14:30:00,5,10,6,14,30,830,21.0,D28,,,Plein jour,Hors agglomération,Intersection en X,Normale,Deux véhicules - frontale,,,,,,,,,,,1,1,2,1,1
200500064056,0005-10-25 16:30:00,5,10,25,16,30,830,116.0,,,,Plein jour,Hors agglomération,Hors intersection,Normale,Sans collision,,,,,,,,,,,1,1,1,1,7
200500064057,0005-10-29 16:45:00,5,10,29,16,45,830,120.0,37 avenue jean jaurès,,,Plein jour,En agglomération,Hors intersection,Normale,Autre collision,,,,,,,,,,,1,2,1,1,6
200500064058,0005-10-04 20:15:00,5,10,4,20,15,830,99.0,Carrefour RN7/ Bd Jean,,,Nuit avec éclairage allumé,En agglomération,Hors intersection,Normale,Deux véhicules - côté,,,,,,,,,,,5,2,1,1,3
200500064059,0005-10-06 16:30:00,5,10,6,16,30,830,107.0,parking san peire,43.35,6.705,Plein jour,En agglomération,Place,Normale,Trois véhicules et plus - collisions multiples,,,,,,,,,,,1,2,7,1,5
200500064060,0005-10-09 12:15:00,5,10,9,12,15,830,68.0,,43.287,6.495,Plein jour,Hors agglomération,Hors intersection,Normale,Deux véhicules - frontale,,,,,,,,,,,1,1,1,1,1
200500064061,0005-10-17 14:30:00,5,10,17,14,30,830,42.0,ROUES DES MINES,,,Plein jour,En agglomération,Hors intersection,Normale,Deux véhicules - arrière,,,,,,,,,,,1,2,1,1,2
200500064062,0005-10-29 15:30:00,5,10,29,15,30,830,86.0,1510 rte de la motte,,,Plein jour,En agglomération,Hors intersection,Normale,Deux véhicules - côté,,,,,,,,,,,1,2,1,1,3
200500064063,0005-10-19 16:45:00,5,10,19,16,45,830,94.0,"CD44, PK 11+ 600",,,Plein jour,Hors agglomération,Hors intersection,Pluie légère,Deux véhicules - frontale,,,,,,,,,,,1,1,1,2,1
200500064064,0005-10-19 19:20:00,5,10,19,19,20,830,115.0,avenue jean moulin,,,Nuit avec éclairage allumé,En agglomération,Hors intersection,Pluie forte,Autre collision,,,,,,,,,,,5,2,1,3,6
200500064065,0005-10-09 15:15:00,5,10,9,15,15,830,127.0,,43.262,5.809,Plein jour,Hors agglomération,Hors intersection,Normale,Deux véhicules - côté,,,,,,,,,,,1,1,1,1,3
200500064066,0005-10-25 19:00:00,5,10,25,19,0,830,127.0,Av. Jean Moulin - CD 2,,,Crépuscule ou aube,En agglomération,Hors intersection,Normale,Deux véhicules - arrière,,,,,,,,,,,2,2,1,1,2
200500064067,0005-10-08 01:30:00,5,10,8,1,30,830,100.0,,,,Nuit sans éclairage public,Hors agglomération,Hors intersection,Normale,Deux véhicules - frontale,,,,,,,,,,,3,1,1,1,1
200500064068,0005-10-16 06:00:00,5,10,16,6,0,830,33.0,PK31400,,,Nuit sans éclairage public,Hors agglomération,Hors intersection,Normale,Deux véhicules - frontale,,,,,,,,,,,3,1,1,1,1
200500064069,0005-10-25 10:45:00,5,10,25,10,45,830,91.0,,43.235,6.113,Plein jour,Hors agglomération,Hors intersection,Normale,Deux véhicules - frontale,,,,,,,,,,,1,1,1,1,1
200500064070,0005-10-03 17:30:00,5,10,3,17,30,830,47.0,CD 976  - LA MOUTONNE,,,Plein jour,En agglomération,Hors intersection,Normale,Deux véhicules - frontale,,,,,,,,,,,1,2,1,1,1
200500064071,0005-10-07 11:20:00,5,10,7,11,20,830,19.0,ERIE AVENUE LOU MISTRAOU,,,Plein jour,Hors agglomération,Intersection en X,Normale,Deux véhicules - frontale,,,,,,,,,,,1,1,2,1,1
200500064072,0005-10-27 16:15:00,5,10,27,16,15,830,19.0,ROUTE DU CAP BENAT,43.14,6.352,Plein jour,En agglomération,Hors intersection,Normale,Deux véhicules - frontale,,,,,,,,,,,1,2,1,1,1
200500064073,0005-10-28 17:15:00,5,10,28,17,15,830,19.0,ROUTE DE BENAT,43.136,6.352,Plein jour,En agglomération,Hors intersection,Temps éblouissant,Deux véhicules - frontale,,,,,,,,,,,1,2,1,7,1
200500064074,0005-10-03 17:30:00,5,10,3,17,30,830,112.0,CD 559,,,Plein jour,En agglomération,Hors intersection,Normale,Deux véhicules - côté,,,,,,,,,,,1,2,1,1,3
200500064075,0005-10-11 07:05:00,5,10,11,7,5,830,27.0,", Quartier la Malissonne",,,Nuit sans éclairage public,Hors agglomération,Hors intersection,Normale,Deux véhicules - côté,,,,,,,,,,,3,1,1,1,3
200500064076,0005-10-04 12:30:00,5,10,4,12,30,830,130.0,AVENUE MARECHAL LECLERC,,,Plein jour,En agglomération,Hors intersection,Normale,Deux véhicules - frontale,,,,,,,,,,,1,2,1,1,1
200500064077,0005-10-20 06:45:00,5,10,20,6,45,830,131.0,,43.226,6.026,Nuit sans éclairage public,Hors agglomération,Hors intersection,Pluie légère,Deux véhicules - frontale,,,,,,,,,,,3,1,1,2,1
200500064078,0005-10-25 08:00:00,5,10,25,8,0,830,54.0,ROND POINT DU STADE,43.177,6.028,Plein jour,En agglomération,Giratoire,Normale,Deux véhicules - frontale,,,,,,,,,,,1,2,6,1,1
200500064079,0005-10-14 18:15:00,5,10,14,18,15,840,34.0,,,,Plein jour,Hors agglomération,Hors intersection,Normale,Sans collision,,,,,,,,,,,1,1,1,1,7
200500064080,0005-10-30 20:00:00,5,10,30,20,0,840,132.0,,43.94,5.032,Nuit sans éclairage public,Hors agglomération,Hors intersection,Normale,Trois véhicules et plus - en chaîne,,,,,,,,,,,3,1,1,1,4
200500064081,0005-10-15 08:30:00,5,10,15,8,30,840,54.0,,43.912,5.025,Plein jour,Hors agglomération,Hors intersection,Autre,Autre collision,,,,,,,,,,,1,1,1,9,6
200500064082,0005-10-05 16:00:00,5,10,5,16,0,840,92.0,,,,Plein jour,Hors agglomération,Hors intersection,Normale,Autre collision,,,,,,,,,,,1,1,1,1,6