accident_id,datetime,annee,mois,jour,heure,minute,departement,commune_insee,adresse,latitude,longitude,luminosite,agglomeration,intersection,meteo,collision,nb_vehicules,nb_usagers,nb_indemnes,nb_tues,nb_blesses_hosp,nb_blesses_legers,age_cond_1,age_cond_2,veh_type_cond_1,veh_type_cond_2,lum_code,agg_code,int_code,atm_code,col_code
200500064083,0005-10-11 11:00:00,5,10,11,11,0,840,141.0,"Bd Maréchal LECLERC, pla",,,Plein jour,En agglomération,Hors intersection,Normale,Autre collision,,,,,,,,,,,1,2,1,1,6
200500064084,0005-10-18 19:45:00,5,10,18,19,45,840,92.0,,,,Plein jour,En agglomération,Hors intersection,Normale,Deux véhicules - frontale,,,,,,,,,,,1,2,1,1,1
200500064085,0005-10-15 17:45:00,5,10,15,17,45,840,105.0,RN 100 Les Fangas,,,Plein jour,Hors agglomération,Hors intersection,Normale,Autre collision,,,,,,,,,,,1,1,1,1,6
200500064086,0005-10-18 13:30:00,5,10,18,13,30,840,65.0,,,,Plein jour,Hors agglomération,Hors intersection,Normale,Sans collision,,,,,,,,,,,1,1,1,1,7
200500064087,0005-10-21 07:00:00,5,10,21,7,0,840,26.0,,43.733,5.383,Crépuscule ou aube,Hors agglomération,Hors intersection,Normale,Trois véhicules et plus - collisions multiples,,,,,,,,,,,2,1,1,1,5
200500064088,0005-10-27 20:15:00,5,10,27,20,15,840,133.0,,43.716,5.524,Nuit sans éclairage public,Hors agglomération,Hors intersection,Normale,Trois véhicules et plus - en chaîne,,,,,,,,,,,3,1,1,1,4
200500064089,0005-10-13 15:00:00,5,10,13,15,0,840,136.0,,44.156,4.972,Plein jour,Hors agglomération,Hors intersection,Normale,Deux véhicules - frontale,,,,,,,,,,,1,1,1,1,1
200500064090,0005-10-18 07:15:00,5,10,18,7,15,840,31.0,,44.078,5.042,Nuit sans éclairage public,Hors agglomération,Hors intersection,Normale,Deux véhicules - frontale,,,,,,,,,,,3,1,1,1,1
200500064091,0005-10-30 09:00:00,5,10,30,9,0,840,122.0,Av J giono,,,Plein jour,En agglomération,Hors intersection,Normale,Autre collision,,,,,,,,,,,1,2,1,1,6
200500064092,0005-10-09 19:00:00,5,10,9,19,0,840,69.0,,,,Plein jour,Hors agglomération,Hors intersection,Normale,Autre collision,,,,,,,,,,,1,1,1,1,6
200500064093,0005-10-11 08:15:00,5,10,11,8,15,840,79.0,,44.097,5.333,Plein jour,Hors agglomération,Hors intersection,Normale,Sans collision,,,,,,,,,,,1,1,1,1,7
200500064094,0005-10-15 11:30:00,5,10,15,11,30,840,41.0,,44.111,5.145,Nuit sans éclairage public,Hors agglomération,Hors intersection,Normale,Sans collision,,,,,,,,,,,3,1,1,1,7
200500064095,0005-10-28 20:00:00,5,10,28,20,0,840,69.0,,44.177,5.134,Nuit avec éclairage allumé,Hors agglomération,Hors intersection,Normale,Deux véhicules - côté,,,,,,,,,,,5,1,1,1,3
200500064096,0005-10-05 20:15:00,5,10,5,20,15,840,39.0,,,,Nuit avec éclairage allumé,Hors agglomération,Hors intersection,Normale,Deux véhicules - frontale,,,,,,,,,,,5,1,1,1,1
200500064097,0005-10-17 07:45:00,5,10,17,7,45,840,39.0,,,,Plein jour,Hors agglomération,Hors intersection,Brouillard / fumée,Deux véhicules - frontale,,,,,,,,,,,1,1,1,5,1
200500064098,0005-10-09 08:45:00,5,10,9,8,45,840,19.0,Av theodore Aubanel,,,Plein jour,En agglomération,Hors intersection,Normale,Autre collision,,,,,,,,,,,1,2,1,1,6
200500064099,0005-10-25 15:20:00,5,10,25,15,20,840,19.0,D8,,,Plein jour,Hors agglomération,Autre intersection,Normale,Deux véhicules - côté,,,,,,,,,,,1,1,9,1,3
200500064100,0005-10-10 17:00:00,5,10,10,17,0,840,96.0,,,,Plein jour,Hors agglomération,Hors intersection,Normale,Deux véhicules - côté,,,,,,,,,,,1,1,1,1,3
200500064101,0005-10-28 17:00:00,5,10,28,17,0,840,137.0,,,,Plein jour,En agglomération,Hors intersection,Normale,Autre collision,,,,,,,,,,,1,2,1,1,6
200500064102,0005-10-24 08:30:00,5,10,24,8,30,340,57.0,rue Marcel DASSAULT,43.635,3.91,Plein jour,En agglomération,Hors intersection,Normale,Deux véhicules - arrière,,,,,,,,,,,1,2,1,1,2
200500064103,0005-10-07 06:45:00,5,10,7,6,45,340,327.0,,,,Nuit sans éclairage public,Hors agglomération,Hors intersection,Normale,Deux véhicules - côté,,,,,,,,,,,3,1,1,1,3
200500064104,0005-10-28 07:00:00,5,10,28,7,0,340,22.0,route de nimes,,,Crépuscule ou aube,En agglomération,Hors intersection,Normale,Deux véhicules - côté,,,,,,,,,,,2,2,1,1,3
200500064105,0005-10-29 06:00:00,5,10,29,6,0,340,58.0,,43.677,3.98,Nuit sans éclairage public,Hors agglomération,Giratoire,Normale,Deux véhicules - côté,,,,,,,,,,,3,1,6,1,3
200500064106,0005-10-20 08:30:00,5,10,20,8,30,340,344.0,,43.572,4.067,Plein jour,Hors agglomération,Hors intersection,Normale,Deux véhicules - côté,,,,,,,,,,,1,1,1,1,3
200500064107,0005-10-30 18:45:00,5,10,30,18,45,340,344.0,Allée de la petite motte,,,Nuit avec éclairage allumé,En agglomération,Hors intersection,Normale,Sans collision,,,,,,,,,,,5,2,1,1,7
200500064108,0005-10-03 16:15:00,5,10,3,16,15,340,145.0,rue Boutonnet,,,Plein jour,En agglomération,Hors intersection,Normale,Autre collision,,,,,,,,,,,1,2,1,1,6
200500064109,0005-10-28 17:40:00,5,10,28,17,40,340,340.0,ROUTE DE LUNEL,,,Plein jour,En agglomération,Intersection en T,Normale,Deux véhicules - côté,,,,,,,,,,,1,2,3,1,3
200500064110,0005-10-27 16:10:00,5,10,27,16,10,340,154.0,CD 189,,,Plein jour,Hors agglomération,Autre intersection,Normale,Deux véhicules - arrière,,,,,,,,,,,1,1,9,1,2
200500064111,0005-10-01 14:00:00,5,10,1,14,0,340,322.0,,,,Plein jour,Hors agglomération,Hors intersection,Normale,Deux véhicules - côté,,,,,,,,,,,1,1,1,1,3
200500064112,0005-10-11 05:30:00,5,10,11,5,30,340,276.0,,,,Nuit sans éclairage public,Hors agglomération,Hors intersection,Normale,Autre collision,,,,,,,,,,,3,1,1,1,6
200500064113,0005-10-11 18:50:00,5,10,11,18,50,340,119.0,LES GRANGES DE PEPOY,,,Crépuscule ou aube,Hors agglomération,Hors intersection,Pluie forte,Deux véhicules - frontale,,,,,,,,,,,2,1,1,3,1
200500064114,0005-10-14 13:30:00,5,10,14,13,30,340,8.0,,43.59,3.12,Plein jour,Hors agglomération,Hors intersection,Pluie forte,Autre collision,,,,,,,,,,,1,1,1,3,6
200500064115,0005-10-09 20:30:00,5,10,9,20,30,340,183.0,CAREFOUR DE LA JARRE,43.298,3.128,Nuit avec éclairage allumé,En agglomération,Hors intersection,Temps couvert,Deux véhicules - côté,,,,,,,,,,,5,2,1,8,3
200500064116,0005-10-14 17:30:00,5,10,14,17,30,340,130.0,,43.518,3.189,Plein jour,Hors agglomération,Hors intersection,Pluie forte,Trois véhicules et plus - collisions multiples,,,,,,,,,,,1,1,1,3,5
200500064117,0005-10-12 14:15:00,5,10,12,14,15,340,214.0,,43.492,3.293,Plein jour,Hors agglomération,Hors intersection,Pluie légère,Autre collision,,,,,,,,,,,1,1,1,2,6
200500064118,0005-10-05 01:30:00,5,10,5,1,30,340,209.0,,43.318,3.34,Nuit sans éclairage public,Hors agglomération,Hors intersection,Normale,Autre collision,,,,,,,,,,,3,1,1,1,6
200500064119,0005-10-15 04:45:00,5,10,15,4,45,340,95.0,RN 113,,,Nuit sans éclairage public,Hors agglomération,Hors intersection,Pluie forte,Sans collision,,,,,,,,,,,3,1,1,3,7
200500064120,0005-10-19 14:30:00,5,10,19,14,30,340,341.0,,43.513,3.651,Plein jour,Hors agglomération,Hors intersection,Normale,Sans collision,,,,,,,,,,,1,1,1,1,7
200500064121,0005-10-29 05:00:00,5,10,29,5,0,340,213.0,,,,Nuit sans éclairage public,Hors agglomération,Hors intersection,Normale,Sans collision,,,,,,,,,,,3,1,1,1,7
200500064122,0005-10-30 16:00:00,5,10,30,16,0,340,213.0,,43.502,3.7,Plein jour,Hors agglomération,Hors intersection,Temps couvert,Sans collision,,,,,,,,,,,1,1,1,8,7
200500064123,0005-10-09 20:15:00,5,10,9,20,15,110,9.0,,,,Crépuscule ou aube,Hors agglomération,Hors intersection,Normale,Deux véhicules - côté,,,,,,,,,,,2,1,1,1,3
200500064124,0005-10-23 00:45:00,5,10,23,0,45,110,9.0,"lieu-dit ""Madame""",,,Nuit sans éclairage public,Hors agglomération,Hors intersection,Temps couvert,Autre collision,,,,,,,,,,,3,1,1,8,6
200500064125,0005-10-30 15:45:00,5,10,30,15,45,110,117.0,Avenue de Laroque,42.962,2.609,Plein jour,En agglomération,Hors intersection,Normale,Autre collision,,,,,,,,,,,1,2,1,1,6
200500064126,0005-10-02 19:50:00,5,10,2,19,50,110,192.0,Route nationale 113,,,Nuit sans éclairage public,Hors agglomération,Hors intersection,Pluie légère,Trois véhicules et plus - en chaîne,,,,,,,,,,,3,1,1,2,4
200500064127,0005-10-23 14:25:00,5,10,23,14,25,110,361.0,Carrefour CD 103 - CD 28,,,Plein jour,Hors agglomération,Intersection en X,Normale,Deux véhicules - côté,,,,,,,,,,,1,1,2,1,3
200500064128,0005-10-12 08:30:00,5,10,12,8,30,110,206.0,,,,Plein jour,Hors agglomération,Hors intersection,Normale,Autre collision,,,,,,,,,,,1,1,1,1,6
200500064129,0005-10-12 08:00:00,5,10,12,8,0,110,120.0,,,,Plein jour,Hors agglomération,Hors intersection,Normale,Deux véhicules - frontale,,,,,,,,,,,1,1,1,1,1
200500064130,0005-10-14 20:30:00,5,10,14,20,30,110,293.0,CD 43,,,Nuit sans éclairage public,Hors agglomération,Hors intersection,Pluie forte,Deux véhicules - arrière,,,,,,,,,,,3,1,1,3,2
200500064131,0005-10-17 13:00:00,5,10,17,13,0,110,325.0,CD 118,43.127,2.295,Plein jour,Hors agglomération,Hors intersection,Normale,Autre collision,,,,,,,,,,,1,1,1,1,6
200500064132,0005-10-25 14:15:00,5,10,25,14,15,110,206.0,11 rue de LAURAGUAIS,,,Plein jour,En agglomération,Hors intersection,Normale,Deux véhicules - côté,,,,,,,,,,,1,2,1,1,3
200500064133,0005-10-27 10:30:00,5,10,27,10,30,110,105.0,,43.043,2.244,Plein jour,Hors agglomération,Hors intersection,Normale,Deux véhicules - côté,,,,,,,,,,,1,1,1,1,3
200500064134,0005-10-05 08:00:00,5,10,5,8,0,110,32.0,CD 63,,,Plein jour,En agglomération,Intersection en X,Pluie légère,Deux véhicules - frontale,,,,,,,,,,,1,2,2,2,1
200500064135,0005-10-09 07:45:00,5,10,9,7,45,110,240.0,chemin communal,42.949,2.24,Crépuscule ou aube,En agglomération,Hors intersection,Brouillard / fumée,Autre collision,,,,,,,,,,,2,2,1,5,6
200500064136,0005-10-30 11:45:00,5,10,30,11,45,110,304.0,,42.878,2.157,Plein jour,Hors agglomération,Hors intersection,Normale,Autre collision,,,,,,,,,,,1,1,1,1,6
200500064137,0005-10-04 18:30:00,5,10,4,18,30,110,67.0,Lieu dit Fontarech,,,Plein jour,Hors agglomération,Hors intersection,Normale,Deux véhicules - frontale,,,,,,,,,,,1,1,1,1,1
200500064138,0005-10-28 22:45:00,5,10,28,22,45,110,262.0,,43.185,2.964,Nuit sans éclairage public,Hors agglomération,Hors intersection,Normale,Deux véhicules - frontale,,,,,,,,,,,3,1,1,1,1
200500064139,0005-10-30 17:00:00,5,10,30,17,0,110,67.0,RN 113,,,Plein jour,Hors agglomération,Intersection en X,Normale,Deux véhicules - côté,,,,,,,,,,,1,1,2,1,3
200500064140,0005-10-01 16:50:00,5,10,1,16,50,110,14.0,"t ""l'horte de treuillet""",,,Plein jour,Hors agglomération,Hors intersection,Normale,Autre collision,,,,,,,,,,,1,1,1,1,6
200500064141,0005-10-12 19:15:00,5,10,12,19,15,110,910.0,Avenue du Languedoc,,,Nuit avec éclairage allumé,En agglomération,Giratoire,Normale,Deux véhicules - frontale,,,,,,,,,,,5,2,6,1,1
200500064142,0005-10-14 13:30:00,5,10,14,13,30,110,296.0,CD 5,,,Plein jour,Hors agglomération,Hors intersection,Temps couvert,Sans collision,,,,,,,,,,,1,1,1,8,7
200500064143,0005-10-23 20:10:00,5,10,23,20,10,110,12.0,Route Départementale 05,,,Nuit sans éclairage public,Hors agglomération,Hors intersection,Normale,Sans collision,,,,,,,,,,,3,1,1,1,7
200500064144,0005-10-30 15:45:00,5,10,30,15,45,110,390.0,,,,Plein jour,Hors agglomération,Hors intersection,Normale,Sans collision,,,,,,,,,,,1,1,1,1,7
200500064145,0005-10-03 19:15:00,5,10,3,19,15,300,3.0,chemin du mas d'avon,43.573,4.196,Plein jour,En agglomération,Hors intersection,Normale,Deux véhicules - côté,,,,,,,,,,,1,2,1,1,3
200500064146,0005-10-07 15:00:00,5,10,7,15,0,300,3.0,"Rond point du Jet d'eau,",43.572,4.2,Plein jour,En agglomération,Giratoire,Normale,Deux véhicules - côté,,,,,,,,,,,1,2,6,1,3
200500064147,0005-10-05 12:30:00,5,10,5,12,30,300,321.0,RUE EMILIEN DUMAS,,,Plein jour,En agglomération,Hors intersection,Normale,Deux véhicules - côté,,,,,,,,,,,1,2,1,1,3
200500064148,0005-10-06 16:30:00,5,10,6,16,30,300,82.0,,,,Plein jour,Hors agglomération,Hors intersection,Normale,Deux véhicules - côté,,,,,,,,,,,1,1,1,1,3
200500064149,0005-10-07 16:00:00,5,10,7,16,0,300,321.0,,43.801,4.074,Nuit sans éclairage public,Hors agglomération,Hors intersection,Normale,Autre collision,,,,,,,,,,,3,1,1,1,6
200500064150,0005-10-15 14:00:00,5,10,15,14,0,300,19.0,,,,Plein jour,Hors agglomération,Hors intersection,Pluie forte,Autre collision,,,,,,,,,,,1,1,1,3,6
200500064151,0005-10-29 11:15:00,5,10,29,11,15,300,321.0,,43.788,4.087,Plein jour,Hors agglomération,Hors intersection,Normale,Trois véhicules et plus - collisions multiples,,,,,,,,,,,1,1,1,1,5
200500064152,0005-10-09 15:45:00,5,10,9,15,45,300,39.0,,43.89,4.52,Plein jour,Hors agglomération,Hors intersection,Normale,Deux véhicules - côté,,,,,,,,,,,1,1,1,1,3
200500064153,0005-10-14 18:30:00,5,10,14,18,30,300,156.0,avenue de provence,,,Nuit avec éclairage allumé,En agglomération,Hors intersection,Normale,Deux véhicules - frontale,,,,,,,,,,,5,2,1,1,1
200500064154,0005-10-27 12:30:00,5,10,27,12,30,300,145.0,ion du relais de LEDENON,43.9,4.52,Plein jour,Hors agglomération,Hors intersection,Normale,Deux véhicules - côté,,,,,,,,,,,1,1,1,1,3
200500064155,0005-10-13 09:30:00,5,10,13,9,30,300,258.0,,,,Plein jour,Hors agglomération,Hors intersection,Normale,Deux véhicules - frontale,,,,,,,,,,,1,1,1,1,1
200500064156,0005-10-15 18:45:00,5,10,15,18,45,300,6.0,,,,Nuit sans éclairage public,Hors agglomération,Hors intersection,Pluie légère,Deux véhicules - côté,,,,,,,,,,,3,1,1,2,3
200500064157,0005-10-28 10:00:00,5,10,28,10,0,300,36.0,RN 113,,,Plein jour,En agglomération,Hors intersection,Normale,Deux véhicules - côté,,,,,,,,,,,1,2,1,1,3
200500064158,0005-10-14 12:45:00,5,10,14,12,45,300,269.0,CD 907,44.11,3.87,Plein jour,En agglomération,Hors intersection,Normale,Autre collision,,,,,,,,,,,1,2,1,1,6
200500064159,0005-10-13 18:15:00,5,10,13,18,15,300,10.0,Rue de l'écluse,,,Plein jour,En agglomération,Hors intersection,Pluie légère,Deux véhicules - frontale,,,,,,,,,,,1,2,1,2,1
200500064160,0005-10-26 17:15:00,5,10,26,17,15,300,330.0,LA MADELEINE,44.039,4.006,Plein jour,En agglomération,Autre intersection,Normale,Deux véhicules - côté,,,,,,,,,,,1,2,9,1,3
200500064161,0005-10-28 18:00:00,5,10,28,18,0,300,27.0,CARREFOUR DU cd 24,44.06,4.06,Plein jour,Hors agglomération,Hors intersection,Normale,Deux véhicules - arrière,,,,,,,,,,,1,1,1,1,2
200500064162,0005-10-28 14:15:00,5,10,28,14,15,300,223.0,Le saut du loup,,,Plein jour,En agglomération,Intersection en T,Normale,Deux véhicules - côté,,,,,,,,,,,1,2,3,1,3
200500064163,0005-10-31 18:30:00,5,10,31,18,30,300,294.0,,,,Nuit sans éclairage public,Hors agglomération,Hors intersection,Pluie légère,Deux véhicules - arrière,,,,,,,,,,,3,1,1,2,2
200500064164,0005-10-30 03:30:00,5,10,30,3,30,300,109.0,,44.071,4.221,Nuit sans éclairage public,Hors agglomération,Hors intersection,Temps couvert,Autre collision,,,,,,,,,,,3,1,1,8,6
200500064165,0005-10-27 06:45:00,5,10,27,6,45,300,334.0,Route d'ARPAILLARGUES,,,Nuit sans éclairage public,Hors agglomération,Autre intersection,Normale,Deux véhicules - côté,,,,,,,,,,,3,1,9,1,3
200500064166,0005-10-06 12:15:00,5,10,6,12,15,300,288.0,R.N. 86,,,Plein jour,Hors agglomération,Hors intersection,Normale,Deux véhicules - frontale,,,,,,,,,,,1,1,1,1,1
200500064167,0005-10-10 18:45:00,5,10,10,18,45,300,273.0,,44.295,4.567,Crépuscule ou aube,Hors agglomération,Hors intersection,Normale,Deux véhicules - frontale,,,,,,,,,,,2,1,1,1,1
200500064168,0005-10-02 04:30:00,5,10,2,4,30,300,73.0,,43.96,4.569,Nuit sans éclairage public,Hors agglomération,Hors intersection,Normale,Sans collision,,,,,,,,,,,3,1,1,1,7
200500064169,0005-10-09 18:00:00,5,10,9,18,0,300,73.0,,,,Plein jour,Hors agglomération,Hors intersection,Normale,Sans collision,,,,,,,,,,,1,1,1,1,7
200500064170,0005-10-08 15:30:00,5,10,8,15,30,300,255.0,ROUTE DE NIMES,,,Plein jour,En agglomération,Hors intersection,Normale,Deux véhicules - côté,,,,,,,,,,,1,2,1,1,3
200500064171,0005-10-24 15:30:00,5,10,24,15,30,300,61.0,Rue Frédéric Mistral,,,Plein jour,En agglomération,Hors intersection,Normale,Sans collision,,,,,,,,,,,1,2,1,1,7
200500064172,0005-10-26 16:00:00,5,10,26,16,0,300,233.0,,,,Plein jour,Hors agglomération,Hors intersection,Normale,Deux véhicules - côté,,,,,,,,,,,1,1,1,1,3
200500064173,0005-10-31 15:00:00,5,10,31,15,0,300,49.0,,,,Plein jour,Hors agglomération,Hors intersection,Normale,Deux véhicules - côté,,,,,,,,,,,1,1,1,1,3
200500064174,0005-10-17 07:45:00,5,10,17,7,45,300,336.0,,,,Crépuscule ou aube,Hors agglomération,Autre intersection,Brouillard / fumée,Autre collision,,,,,,,,,,,2,1,9,5,6
200500064175,0005-10-25 17:30:00,5,10,25,17,30,300,336.0,cours Lafayette,,,Plein jour,En agglomération,Hors intersection,Normale,Deux véhicules - côté,,,,,,,,,,,1,2,1,1,3
200500064176,0005-10-16 13:15:00,5,10,16,13,15,300,272.0,,,,Plein jour,Hors agglomération,Hors intersection,Pluie légère,Sans collision,,,,,,,,,,,1,1,1,2,7
200500064177,0005-10-30 15:00:00,5,10,30,15,0,300,350.0,Hameau de Gaujac,,,Plein jour,Hors agglomération,Hors intersection,Pluie légère,Sans collision,,,,,,,,,,,1,1,1,2,7
200500064178,0005-10-15 11:00:00,5,10,15,11,0,300,329.0,,44.065,3.912,Plein jour,Hors agglomération,Hors intersection,Pluie légère,Autre collision,,,,,,,,,,,1,1,1,2,6
200500064179,0005-10-24 07:45:00,5,10,24,7,45,480,189.0,,,,Crépuscule ou aube,Hors agglomération,Hors intersection,Brouillard / fumée,Sans collision,,,,,,,,,,,2,1,1,5,7
200500064180,0005-10-30 17:15:00,5,10,30,17,15,480,105.0,,44.742,3.836,Crépuscule ou aube,Hors agglomération,Hors intersection,Pluie légère,Trois véhicules et plus - collisions multiples,,,,,,,,,,,2,1,1,2,5
200500064181,0005-10-16 13:50:00,5,10,16,13,50,480,178.0,,44.277,3.848,Plein jour,Hors agglomération,Hors intersection,Normale,Autre collision,,,,,,,,,,,1,1,1,1,6
200500064182,0005-10-09 15:30:00,5,10,9,15,30,480,140.0,Route de Paris,44.813,3.276,Plein jour,En agglomération,Hors intersection,Normale,Autre collision,,,,,,,,,,,1,2,1,1,6
200500064183,0005-10-14 20:15:00,5,10,14,20,15,480,140.0,H.L.M. Le PONT,44.804,3.277,Nuit avec éclairage allumé,En agglomération,Hors intersection,Normale,Autre collision,,,,,,,,,,,5,2,1,1,6
200500064184,0005-10-10 01:34:00,5,10,10,1,34,480,34.0,Rue du collège,,,Nuit avec éclairage allumé,En agglomération,Hors intersection,Normale,Autre collision,,,,,,,,,,,5,2,1,1,6
200500064185,0005-10-27 14:15:00,5,10,27,14,15,660,107.0,CD 9,,,Plein jour,Hors agglomération,Hors intersection,Normale,Deux véhicules - côté,,,,,,,,,,,1,1,1,1,3
200500064186,0005-10-04 09:20:00,5,10,4,9,20,660,187.0,nue du Général De Gaulle,,,Plein jour,En agglomération,Hors intersection,Temps couvert,Autre collision,,,,,,,,,,,1,2,1,8,6
200500064187,0005-10-06 19:30:00,5,10,6,19,30,660,187.0,,42.816,2.513,Crépuscule ou aube,Hors agglomération,Hors intersection,Normale,Deux véhicules - frontale,,,,,,,,,,,2,1,1,1,1
200500064188,0005-10-21 21:45:00,5,10,21,21,45,660,171.0,prien à LATOUR BAS ELNE.,,,Nuit sans éclairage public,Hors agglomération,Hors intersection,Normale,Autre collision,,,,,,,,,,,3,1,1,1,6
200500064189,0005-10-08 00:15:00,5,10,8,0,15,660,180.0,,42.774,2.976,Nuit sans éclairage public,Hors agglomération,Hors intersection,Normale,Autre collision,,,,,,,,,,,3,1,1,1,6
200500064190,0005-10-09 20:00:00,5,10,9,20,0,660,212.0,,,,Plein jour,Hors agglomération,Hors intersection,Normale,Deux véhicules - frontale,,,,,,,,,,,1,1,1,1,1
200500064191,0005-10-31 11:30:00,5,10,31,11,30,660,207.0,,42.614,2.768,Plein jour,Hors agglomération,Hors intersection,Normale,Sans collision,,,,,,,,,,,1,1,1,1,7
200500064192,0005-10-31 18:30:00,5,10,31,18,30,660,145.0,,,,Nuit sans éclairage public,Hors agglomération,Hors intersection,Pluie légère,Deux véhicules - frontale,,,,,,,,,,,3,1,1,2,1
200500064193,0005-10-10 16:15:00,5,10,10,16,15,660,3.0,24 av  petite provence,,,Plein jour,En agglomération,Autre intersection,Normale,Deux véhicules - côté,,,,,,,,,,,1,2,9,1,3
200500064194,0005-10-23 17:30:00,5,10,23,17,30,660,49.0,,,,Plein jour,Hors agglomération,Hors intersection,Normale,Autre collision,,,,,,,,,,,1,1,1,1,6
200500064195,0005-10-02 17:45:00,5,10,2,17,45,660,24.0,,,,Plein jour,Hors agglomération,Hors intersection,Normale,Autre collision,,,,,,,,,,,1,1,1,1,6
200500064196,0005-10-13 06:30:00,5,10,13,6,30,660,24.0,AVENUE D ESPAGNE,,,Nuit avec éclairage non allumé,En agglomération,Hors intersection,Pluie forte,Deux véhicules - frontale,,,,,,,,,,,4,2,1,3,1
200500064197,0005-10-07 07:50:00,5,10,7,7,50,660,148.0,route de Cospron,,,Crépuscule ou aube,Hors agglomération,Hors intersection,Normale,Deux véhicules - frontale,,,,,,,,,,,2,1,1,1,1
200500064198,0005-10-07 10:30:00,5,10,7,10,30,660,148.0,RUE VICTOR HUGO,,,Plein jour,En agglomération,Hors intersection,Normale,Autre collision,,,,,,,,,,,1,2,1,1,6
200500064199,0005-10-26 17:00:00,5,10,26,17,0,660,149.0,rue du souvenir français,,,Plein jour,En agglomération,Hors intersection,Normale,Trois véhicules et plus - collisions multiples,,,,,,,,,,,1,2,1,1,5
200500064200,0005-10-27 04:45:00,5,10,27,4,45,660,5.0,CD 618,,,Nuit avec éclairage allumé,En agglomération,Hors intersection,Normale,Autre collision,,,,,,,,,,,5,2,1,1,6
200500064201,0005-10-29 14:45:00,5,10,29,14,45,660,5.0,route de Font Romeu,,,Plein jour,En agglomération,Hors intersection,Normale,Deux véhicules - côté,,,,,,,,,,,1,2,1,1,3
200500064202,0005-10-03 12:30:00,5,10,3,12,30,201,271.0,,,,Plein jour,Hors agglomération,Hors intersection,Pluie forte,Deux véhicules - frontale,,,,,,,,,,,1,1,1,3,1
200500064203,0005-10-20 13:00:00,5,10,20,13,0,201,271.0,hameau ponté Bonello,,,Plein jour,Hors agglomération,Hors intersection,Normale,Deux véhicules - côté,,,,,,,,,,,1,1,1,1,3
200500064204,0005-10-21 17:30:00,5,10,21,17,30,201,41.0,quai comparreti,,,Plein jour,En agglomération,Hors intersection,Normale,Autre collision,,,,,,,,,,,1,2,1,1,6
200500064205,0005-10-10 07:15:00,5,10,10,7,15,201,247.0,RN 198,,,Crépuscule ou aube,En agglomération,Hors intersection,Normale,Deux véhicules - frontale,,,,,,,,,,,2,2,1,1,1
200500064206,0005-10-22 13:45:00,5,10,22,13,45,201,247.0,TRINITE,,,Plein jour,En agglomération,Hors intersection,Normale,Deux véhicules - côté,,,,,,,,,,,1,2,1,1,3
200500064207,0005-10-03 17:15:00,5,10,3,17,15,201,272.0,La Madunnina,,,Plein jour,Hors agglomération,Hors intersection,Temps couvert,Deux véhicules - frontale,,,,,,,,,,,1,1,1,8,1
200500064208,0005-10-15 17:15:00,5,10,15,17,15,201,362.0,,41.754,9.195,Plein jour,Hors agglomération,Hors intersection,Normale,Sans collision,,,,,,,,,,,1,1,1,1,7
200500064209,0005-10-27 08:15:00,5,10,27,8,15,202,42.0,,,,Plein jour,En agglomération,Hors intersection,Normale,Autre collision,,,,,,,,,,,1,2,1,1,6
200500064210,0005-10-14 08:15:00,5,10,14,8,15,202,309.0,,,,Plein jour,Hors agglomération,Hors intersection,Normale,Autre collision,,,,,,,,,,,1,1,1,1,6
200500064211,0005-10-12 18:00:00,5,10,12,18,0,202,235.0,,42.536,9.001,Crépuscule ou aube,Hors agglomération,Hors intersection,Normale,Sans collision,,,,,,,,,,,2,1,1,1,7
200500064212,0005-10-22 23:30:00,5,10,22,23,30,202,199.0,RN 1197,42.634,9.118,Nuit avec éclairage non allumé,Hors agglomération,Hors intersection,Normale,Autre collision,,,,,,,,,,,4,1,1,1,6
200500064213,0005-10-27 09:15:00,5,10,27,9,15,202,93.0,RN 197,,,Plein jour,Hors agglomération,Hors intersection,Normale,Deux véhicules - côté,,,,,,,,,,,1,1,1,1,3
200500064214,0005-10-02 19:35:00,5,10,2,19,35,202,238.0,u dit Misuchi PK 6+750.,,,Nuit sans éclairage public,Hors agglomération,Hors intersection,Normale,Deux véhicules - frontale,,,,,,,,,,,3,1,1,1,1
200500064215,0005-10-23 14:40:00,5,10,23,14,40,202,123.0,de l'ancinne voie ferrée,,,Plein jour,Hors agglomération,Hors intersection,Normale,Autre collision,,,,,,,,,,,1,1,1,1,6
200500064216,0005-10-23 22:30:00,5,10,23,22,30,202,283.0,RN 198 - Lieu dit Pielza,,,Nuit sans éclairage public,Hors agglomération,Hors intersection,Normale,Autre collision,,,,,,,,,,,3,1,1,1,6