accident_id,datetime,annee,mois,jour,heure,minute,departement,commune_insee,adresse,latitude,longitude,luminosite,agglomeration,intersection,meteo,collision,nb_vehicules,nb_usagers,nb_indemnes,nb_tues,nb_blesses_hosp,nb_blesses_legers,age_cond_1,age_cond_2,veh_type_cond_1,veh_type_cond_2,lum_code,agg_code,int_code,atm_code,col_code
200500064481,0005-10-11 01:30:00,5,10,11,1,30,130,67.0,pk 213+400 sens Nord/Sud,,,Nuit sans éclairage public,Hors agglomération,Hors intersection,Normale,Deux véhicules - frontale,,,,,,,,,,,3,1,1,1,1
200500064482,0005-10-13 20:00:00,5,10,13,20,0,130,67.0,autoroute A7 PK217+870,,,Nuit sans éclairage public,Hors agglomération,Hors intersection,Normale,Sans collision,,,,,,,,,,,3,1,1,1,7
200500064483,0005-10-10 17:30:00,5,10,10,17,30,840,87.0,étrique 165+200 sens N/S,,,Plein jour,Hors agglomération,Hors intersection,Normale,Deux véhicules - arrière,,,,,,,,,,,1,1,1,1,2
200500064484,0005-10-17 15:00:00,5,10,17,15,0,300,107.0,,,,Plein jour,Hors agglomération,Hors intersection,Normale,Sans collision,,,,,,,,,,,1,1,1,1,7
200500064485,0005-10-07 16:00:00,5,10,7,16,0,830,54.0,,43.176,6.049,Plein jour,Hors agglomération,Hors intersection,Normale,Autre collision,,,,,,,,,,,1,1,1,1,6
200500064486,0005-10-26 01:30:00,5,10,26,1,30,830,54.0,,43.158,6.039,Nuit sans éclairage public,Hors agglomération,Autre intersection,Normale,Deux véhicules - frontale,,,,,,,,,,,3,1,9,1,1
200500064487,0005-10-26 16:45:00,5,10,26,16,45,830,4.0,,43.447,6.485,Plein jour,Hors agglomération,Hors intersection,Normale,Deux véhicules - arrière,,,,,,,,,,,1,1,1,1,2
200500064488,0005-10-29 00:15:00,5,10,29,0,15,830,49.0,,43.205,6.047,Nuit sans éclairage public,Hors agglomération,Hors intersection,Normale,Deux véhicules - frontale,,,,,,,,,,,3,1,1,1,1
200500064489,0005-10-04 00:01:00,5,10,4,0,1,600,584.0,08 RUE DU CLOS VERT,,,Nuit avec éclairage allumé,En agglomération,Hors intersection,Normale,Autre collision,,,,,,,,,,,5,2,1,1,6
200500064490,0005-10-28 10:00:00,5,10,28,10,0,270,65.0,,,,Plein jour,Hors agglomération,Hors intersection,Temps couvert,Autre collision,,,,,,,,,,,1,1,1,8,6
200500064491,0005-10-08 13:00:00,5,10,8,13,0,600,149.0,ns Lille/Paris PK 57+600,,,Plein jour,Hors agglomération,Hors intersection,Normale,Autre collision,,,,,,,,,,,1,1,1,1,6
200500064492,0005-10-10 08:30:00,5,10,10,8,30,600,138.0,,,,Plein jour,Hors agglomération,Hors intersection,Normale,Trois véhicules et plus - collisions multiples,,,,,,,,,,,1,1,1,1,5
200500064493,0005-10-24 13:15:00,5,10,24,13,15,600,138.0,,,,Plein jour,Hors agglomération,Hors intersection,Normale,Deux véhicules - arrière,,,,,,,,,,,1,1,1,1,2
200500064494,0005-10-10 07:00:00,5,10,10,7,0,210,651.0,CD.7,47.438,4.955,Crépuscule ou aube,Hors agglomération,Hors intersection,Brouillard / fumée,Autre collision,,,,,,,,,,,2,1,1,5,6
200500064495,0005-10-31 06:30:00,5,10,31,6,30,690,13.0,"422+600, sens Paris-Lyon",,,Crépuscule ou aube,Hors agglomération,Hors intersection,Normale,Deux véhicules - arrière,,,,,,,,,,,2,1,1,1,2
200500064496,0005-10-09 19:55:00,5,10,9,19,55,620,909.0,autoroute A2,,,Nuit sans éclairage public,Hors agglomération,Hors intersection,Normale,Sans collision,,,,,,,,,,,3,1,1,1,7
200500064497,0005-10-28 02:45:00,5,10,28,2,45,680,278.0,route de MULHOUSE,47.761,7.387,Nuit avec éclairage allumé,En agglomération,Hors intersection,Normale,Autre collision,,,,,,,,,,,5,2,1,1,6
200500064498,0005-10-04 22:00:00,5,10,4,22,0,950,604.0,,49.113,2.532,Nuit sans éclairage public,Hors agglomération,Hors intersection,Normale,Deux véhicules - arrière,,,,,,,,,,,3,1,1,1,2
200500064499,0005-10-10 13:00:00,5,10,10,13,0,950,580.0,,49.086,2.555,Plein jour,Hors agglomération,Hors intersection,Normale,Deux véhicules - arrière,,,,,,,,,,,1,1,1,1,2
200500064500,0005-10-22 13:45:00,5,10,22,13,45,760,517.0,,49.537,1.212,Plein jour,Hors agglomération,Hors intersection,Pluie légère,Sans collision,,,,,,,,,,,1,1,1,2,7
200500064501,0005-10-29 16:30:00,5,10,29,16,30,310,116.0,Route de Bessière,,,Plein jour,En agglomération,Hors intersection,Normale,Trois véhicules et plus - collisions multiples,,,,,,,,,,,1,2,1,1,5
200500064502,0005-10-13 08:00:00,5,10,13,8,0,130,87.0,,,,Plein jour,Hors agglomération,Hors intersection,Normale,Autre collision,,,,,,,,,,,1,1,1,1,6
200500064503,0005-10-02 14:45:00,5,10,2,14,45,410,223.0,,,,Plein jour,Hors agglomération,Hors intersection,Normale,Deux véhicules - frontale,,,,,,,,,,,1,1,1,1,1
200500064504,0005-10-15 18:00:00,5,10,15,18,0,410,252.0,,47.698,1.436,Plein jour,Hors agglomération,Hors intersection,Normale,Sans collision,,,,,,,,,,,1,1,1,1,7
200500064505,0005-10-26 05:30:00,5,10,26,5,30,410,136.0,,47.74,1.516,Nuit sans éclairage public,Hors agglomération,Hors intersection,Normale,Sans collision,,,,,,,,,,,3,1,1,1,7
200500064506,0005-10-08 04:30:00,5,10,8,4,30,340,256.0,,,,Nuit sans éclairage public,Hors agglomération,Hors intersection,Normale,Trois véhicules et plus - en chaîne,,,,,,,,,,,3,1,1,1,4
200500064507,0005-10-11 16:20:00,5,10,11,16,20,300,189.0,55+150 sens NIMES-ORANGE,,,Plein jour,Hors agglomération,Hors intersection,Normale,Deux véhicules - arrière,,,,,,,,,,,1,1,1,1,2
200500064508,0005-10-16 08:45:00,5,10,16,8,45,340,145.0,TPELLIER NIMES PK 79+550,,,Crépuscule ou aube,Hors agglomération,Hors intersection,Temps couvert,Deux véhicules - arrière,,,,,,,,,,,2,1,1,8,2
200500064509,0005-10-18 23:15:00,5,10,18,23,15,300,189.0,,,,Nuit sans éclairage public,Hors agglomération,Hors intersection,Pluie forte,Autre collision,,,,,,,,,,,3,1,1,3,6
200500064510,0005-10-18 11:00:00,5,10,18,11,0,370,273.0,751 - lieu dit conneuil,,,Plein jour,Hors agglomération,Hors intersection,Normale,Deux véhicules - arrière,,,,,,,,,,,1,1,1,1,2
200500064511,0005-10-19 12:00:00,5,10,19,12,0,370,110.0,"arrefour ""Les Perrières""",,,Plein jour,Hors agglomération,Hors intersection,Normale,Trois véhicules et plus - collisions multiples,,,,,,,,,,,1,1,1,1,5
200500064512,0005-10-22 09:25:00,5,10,22,9,25,370,267.0,Virage de saint pierre,,,Plein jour,Hors agglomération,Hors intersection,Pluie légère,Deux véhicules - frontale,,,,,,,,,,,1,1,1,2,1
200500064513,0005-10-28 13:45:00,5,10,28,13,45,370,79.0,,,,Plein jour,Hors agglomération,Intersection en X,Normale,Deux véhicules - frontale,,,,,,,,,,,1,1,2,1,1
200500064514,0005-10-16 21:30:00,5,10,16,21,30,450,146.0,,47.72,1.95,Nuit sans éclairage public,Hors agglomération,Hors intersection,Normale,Sans collision,,,,,,,,,,,3,1,1,1,7
200500064515,0005-10-03 15:45:00,5,10,3,15,45,670,106.0,rue du général DE GAULLE,,,Plein jour,En agglomération,Autre intersection,Temps couvert,Deux véhicules - côté,,,,,,,,,,,1,2,9,8,3
200500064516,0005-10-03 10:00:00,5,10,3,10,0,670,409.0,,48.843,8.05,Plein jour,Hors agglomération,Hors intersection,Pluie légère,Autre collision,,,,,,,,,,,1,1,1,2,6
200500064517,0005-10-25 00:45:00,5,10,25,0,45,670,231.0,rue Principale,48.856,8.027,Nuit avec éclairage allumé,En agglomération,Hors intersection,Normale,Deux véhicules - frontale,,,,,,,,,,,5,2,1,1,1
200500064518,0005-10-01 02:45:00,5,10,1,2,45,210,405.0,,46.945,4.826,Nuit sans éclairage public,Hors agglomération,Hors intersection,Temps couvert,Deux véhicules - arrière,,,,,,,,,,,3,1,1,8,2
200500064519,0005-10-17 09:50:00,5,10,17,9,50,210,506.0,S BEAUNE-DIJON PK 10+800,47.101,4.948,Plein jour,Hors agglomération,Hors intersection,Normale,Deux véhicules - arrière,,,,,,,,,,,1,1,1,1,2
200500064520,0005-10-17 12:30:00,5,10,17,12,30,210,423.0,,46.989,4.851,Plein jour,Hors agglomération,Hors intersection,Normale,Deux véhicules - arrière,,,,,,,,,,,1,1,1,1,2
200500064521,0005-10-01 18:00:00,5,10,1,18,0,740,217.0,0 - sens CHAMBERY/GENEVE,,,Plein jour,Hors agglomération,Hors intersection,Pluie forte,Autre collision,,,,,,,,,,,1,1,1,3,6
200500064522,0005-10-01 11:55:00,5,10,1,11,55,380,508.0,A48 - Pk 49+200,,,Plein jour,Hors agglomération,Hors intersection,Normale,Trois véhicules et plus - collisions multiples,,,,,,,,,,,1,1,1,1,5
200500064523,0005-10-22 17:45:00,5,10,22,17,45,380,170.0,,45.246,5.66,Nuit sans éclairage public,Hors agglomération,Hors intersection,Normale,Trois véhicules et plus - collisions multiples,,,,,,,,,,,3,1,1,1,5
200500064524,0005-10-17 16:00:00,5,10,17,16,0,140,286.0,,,,Plein jour,Hors agglomération,Hors intersection,Normale,Deux véhicules - arrière,,,,,,,,,,,1,1,1,1,2
200500064525,0005-10-08 13:00:00,5,10,8,13,0,410,67.0,,,,Plein jour,Hors agglomération,Hors intersection,Normale,Autre collision,,,,,,,,,,,1,1,1,1,6
200500064526,0005-10-15 23:30:00,5,10,15,23,30,410,295.0,carrefour des Noëls,,,Nuit avec éclairage allumé,En agglomération,Intersection en X,Pluie légère,Deux véhicules - côté,,,,,,,,,,,5,2,2,2,3
200500064527,0005-10-18 18:45:00,5,10,18,18,45,410,295.0,,,,Nuit sans éclairage public,Hors agglomération,Hors intersection,Pluie forte,Autre collision,,,,,,,,,,,3,1,1,3,6
200500064528,0005-10-26 17:15:00,5,10,26,17,15,410,32.0,,,,Plein jour,Hors agglomération,Hors intersection,Normale,Autre collision,,,,,,,,,,,1,1,1,1,6
200500064529,0005-10-27 19:30:00,5,10,27,19,30,410,61.0,,47.501,1.406,Nuit avec éclairage allumé,Hors agglomération,Hors intersection,Normale,Deux véhicules - arrière,,,,,,,,,,,5,1,1,1,2
200500064530,0005-10-08 14:00:00,5,10,8,14,0,690,268.0,rue de la gare,,,Plein jour,En agglomération,Hors intersection,Normale,Autre collision,,,,,,,,,,,1,2,1,1,6
200500064531,0005-10-14 07:45:00,5,10,14,7,45,290,69.0,rue Charles de Gaulle,,,Crépuscule ou aube,En agglomération,Hors intersection,Normale,Deux véhicules - frontale,,,,,,,,,,,2,2,1,1,1
200500064532,0005-10-14 07:46:00,5,10,14,7,46,290,69.0,rue Alexandre Lemonnier,,,Plein jour,En agglomération,Hors intersection,Normale,Deux véhicules - côté,,,,,,,,,,,1,2,1,1,3
200500064533,0005-10-16 18:45:00,5,10,16,18,45,290,69.0,,,,Plein jour,Hors agglomération,Hors intersection,Temps éblouissant,Autre collision,,,,,,,,,,,1,1,1,7,6
200500064534,0005-10-20 17:00:00,5,10,20,17,0,290,69.0,,48.426,-4.55,Nuit sans éclairage public,Hors agglomération,Hors intersection,Pluie légère,Deux véhicules - côté,,,,,,,,,,,3,1,1,2,3
200500064535,0005-10-03 06:50:00,5,10,3,6,50,340,157.0,"500, sens SETE - BEZIERS",,,Crépuscule ou aube,Hors agglomération,Hors intersection,Normale,Trois véhicules et plus - collisions multiples,,,,,,,,,,,2,1,1,1,5
200500064536,0005-10-09 14:45:00,5,10,9,14,45,340,32.0,,,,Plein jour,Hors agglomération,Hors intersection,Normale,Autre collision,,,,,,,,,,,1,1,1,1,6
200500064537,0005-10-13 16:45:00,5,10,13,16,45,340,336.0,,,,Plein jour,Hors agglomération,Hors intersection,Pluie forte,Deux véhicules - frontale,,,,,,,,,,,1,1,1,3,1
200500064538,0005-10-23 12:45:00,5,10,23,12,45,340,329.0,,,,Plein jour,Hors agglomération,Hors intersection,Pluie légère,Autre collision,,,,,,,,,,,1,1,1,2,6
200500064539,0005-10-02 03:00:00,5,10,2,3,0,310,36.0,Route d'Auzielle,,,Nuit avec éclairage allumé,En agglomération,Hors intersection,Temps couvert,Deux véhicules - arrière,,,,,,,,,,,5,2,1,8,2
200500064540,0005-10-04 12:00:00,5,10,4,12,0,310,506.0,parking LECLERC,,,Plein jour,En agglomération,Hors intersection,Normale,Deux véhicules - côté,,,,,,,,,,,1,2,1,1,3
200500064541,0005-10-04 11:15:00,5,10,4,11,15,630,413.0,,,,Plein jour,Hors agglomération,Hors intersection,Pluie légère,Deux véhicules - frontale,,,,,,,,,,,1,1,1,2,1
200500064542,0005-10-12 08:00:00,5,10,12,8,0,630,113.0,,45.777,3.141,Plein jour,Hors agglomération,Hors intersection,Normale,Autre collision,,,,,,,,,,,1,1,1,1,6
200500064543,0005-10-09 04:15:00,5,10,9,4,15,550,117.0,,,,Nuit sans éclairage public,Hors agglomération,Hors intersection,Brouillard / fumée,Autre collision,,,,,,,,,,,3,1,1,5,6
200500064544,0005-10-05 05:00:00,5,10,5,5,0,510,172.0,,49.228,4.065,Nuit avec éclairage allumé,Hors agglomération,Hors intersection,Normale,Autre collision,,,,,,,,,,,5,1,1,1,6
200500064545,0005-10-11 08:35:00,5,10,11,8,35,510,454.0,,,,Plein jour,Hors agglomération,Hors intersection,Normale,Deux véhicules - arrière,,,,,,,,,,,1,1,1,1,2
200500064546,0005-10-19 02:55:00,5,10,19,2,55,510,569.0,AUTOROUTE A26,,,Nuit sans éclairage public,Hors agglomération,Hors intersection,Pluie légère,Autre collision,,,,,,,,,,,3,1,1,2,6
200500064547,0005-10-29 08:00:00,5,10,29,8,0,510,454.0,,49.258,4.001,Plein jour,Hors agglomération,Hors intersection,Normale,Deux véhicules - arrière,,,,,,,,,,,1,1,1,1,2
200500064548,0005-10-13 10:00:00,5,10,13,10,0,690,81.0,Avenue Marietton,,,Plein jour,En agglomération,Hors intersection,Normale,Deux véhicules - côté,,,,,,,,,,,1,2,1,1,3
200500064549,0005-10-04 07:20:00,5,10,4,7,20,570,606.0,Autoroute A4,,,Crépuscule ou aube,Hors agglomération,Hors intersection,Normale,Trois véhicules et plus - en chaîne,,,,,,,,,,,2,1,1,1,4
200500064550,0005-10-10 14:10:00,5,10,10,14,10,570,227.0,sens Freyming-Sarrebruck,,,Plein jour,Hors agglomération,Hors intersection,Normale,Autre collision,,,,,,,,,,,1,1,1,1,6
200500064551,0005-10-11 17:30:00,5,10,11,17,30,570,695.0,,,,Crépuscule ou aube,Hors agglomération,Hors intersection,Normale,Deux véhicules - côté,,,,,,,,,,,2,1,1,1,3
200500064552,0005-10-21 21:30:00,5,10,21,21,30,570,433.0,,,,Nuit sans éclairage public,Hors agglomération,Hors intersection,Pluie forte,Deux véhicules - côté,,,,,,,,,,,3,1,1,3,3
200500064553,0005-10-28 06:30:00,5,10,28,6,30,570,433.0,,,,Crépuscule ou aube,Hors agglomération,Hors intersection,Normale,Sans collision,,,,,,,,,,,2,1,1,1,7
200500064554,0005-10-05 18:00:00,5,10,5,18,0,60,88.0,a8,,,Plein jour,Hors agglomération,Hors intersection,Normale,Trois véhicules et plus - en chaîne,,,,,,,,,,,1,1,1,1,4
200500064555,0005-10-08 21:00:00,5,10,8,21,0,60,88.0,,43.684,7.195,Nuit sans éclairage public,Hors agglomération,Hors intersection,Normale,Autre collision,,,,,,,,,,,3,1,1,1,6
200500064556,0005-10-10 10:15:00,5,10,10,10,15,60,88.0,,43.719,7.215,Plein jour,Hors agglomération,Hors intersection,Normale,Deux véhicules - arrière,,,,,,,,,,,1,1,1,1,2
200500064557,0005-10-14 18:00:00,5,10,14,18,0,60,88.0,SICART sens FRANCE ITALI,,,Plein jour,Hors agglomération,Autre intersection,Normale,Trois véhicules et plus - en chaîne,,,,,,,,,,,1,1,9,1,4
200500064558,0005-10-19 08:00:00,5,10,19,8,0,60,88.0,,43.738,7.297,Plein jour,Hors agglomération,Hors intersection,Pluie forte,Autre collision,,,,,,,,,,,1,1,1,3,6
200500064559,0005-10-04 05:15:00,5,10,4,5,15,680,59.0,,,,Nuit sans éclairage public,Hors agglomération,Hors intersection,Normale,Sans collision,,,,,,,,,,,3,1,1,1,7
200500064560,0005-10-08 14:00:00,5,10,8,14,0,660,226.0,,42.622,2.858,Plein jour,Hors agglomération,Hors intersection,Normale,Autre collision,,,,,,,,,,,1,1,1,1,6
200500064561,0005-10-14 10:00:00,5,10,14,10,0,660,24.0,,,,Plein jour,Hors agglomération,Hors intersection,Pluie forte,Autre collision,,,,,,,,,,,1,1,1,3,6
200500064562,0005-10-14 00:15:00,5,10,14,0,15,620,848.0,75100 SENS REIMS CALAIS,,,Nuit sans éclairage public,Hors agglomération,Hors intersection,Normale,Sans collision,,,,,,,,,,,3,1,1,1,7
200500064563,0005-10-28 15:30:00,5,10,28,15,30,380,503.0,,45.33,5.954,Plein jour,Hors agglomération,Hors intersection,Normale,Sans collision,,,,,,,,,,,1,1,1,1,7
200500064564,0005-10-05 20:00:00,5,10,5,20,0,830,1.0,,,,Nuit sans éclairage public,Hors agglomération,Hors intersection,Pluie légère,Trois véhicules et plus - en chaîne,,,,,,,,,,,3,1,1,2,4
200500064565,0005-10-26 06:30:00,5,10,26,6,30,830,61.0,e A.8. P.R. 140+200 Nord,,,Nuit sans éclairage public,Hors agglomération,Hors intersection,Normale,Autre collision,,,,,,,,,,,3,1,1,1,6
200500064566,0005-10-28 00:01:00,5,10,28,0,1,830,133.0,,,,Plein jour,Hors agglomération,Hors intersection,Normale,Deux véhicules - frontale,,,,,,,,,,,1,1,1,1,1
200500064567,0005-10-30 04:00:00,5,10,30,4,0,60,161.0,,43.635,7.117,Crépuscule ou aube,Hors agglomération,Autre intersection,Normale,Deux véhicules - arrière,,,,,,,,,,,2,1,9,1,2
200500064568,0005-10-10 10:15:00,5,10,10,10,15,660,228.0,,42.722,2.803,Plein jour,Hors agglomération,Hors intersection,Normale,Deux véhicules - côté,,,,,,,,,,,1,1,1,1,3
200500064569,0005-10-03 12:00:00,5,10,3,12,0,310,4.0,,43.454,1.603,Plein jour,Hors agglomération,Autre intersection,Normale,Deux véhicules - côté,,,,,,,,,,,1,1,9,1,3
200500064570,0005-10-30 22:00:00,5,10,30,22,0,310,254.0,,,,Nuit sans éclairage public,Hors agglomération,Hors intersection,Normale,Deux véhicules - arrière,,,,,,,,,,,3,1,1,1,2
200500064571,0005-10-05 14:45:00,5,10,5,14,45,330,284.0,,44.64,-0.83,Plein jour,Hors agglomération,Hors intersection,Normale,Trois véhicules et plus - en chaîne,,,,,,,,,,,1,1,1,1,4
200500064572,0005-10-07 19:00:00,5,10,7,19,0,330,42.0,,44.42,-0.81,Nuit sans éclairage public,Hors agglomération,Hors intersection,Normale,Deux véhicules - arrière,,,,,,,,,,,3,1,1,1,2
200500064573,0005-10-15 18:00:00,5,10,15,18,0,330,260.0,A63 sens Sud /Nord PR38,,,Nuit sans éclairage public,Hors agglomération,Hors intersection,Pluie forte,Sans collision,,,,,,,,,,,3,1,1,3,7
200500064574,0005-10-15 18:45:00,5,10,15,18,45,330,527.0,,44.616,-1.014,Nuit sans éclairage public,Hors agglomération,Hors intersection,Pluie forte,Sans collision,,,,,,,,,,,3,1,1,3,7
200500064575,0005-10-08 04:15:00,5,10,8,4,15,740,56.0,,45.91,6.844,Nuit sans éclairage public,Hors agglomération,Autre intersection,Normale,Deux véhicules - côté,,,,,,,,,,,3,1,9,1,3
200500064576,0005-10-10 12:00:00,5,10,10,12,0,680,118.0,,,,Plein jour,Hors agglomération,Hors intersection,Normale,Autre collision,,,,,,,,,,,1,1,1,1,6
200500064577,0005-10-12 23:00:00,5,10,12,23,0,680,205.0,Nord-Sud   -  PK 83.050,,,Nuit sans éclairage public,Hors agglomération,Hors intersection,Normale,Deux véhicules - côté,,,,,,,,,,,3,1,1,1,3
200500064578,0005-10-15 03:15:00,5,10,15,3,15,680,252.0,,,,Nuit sans éclairage public,Hors agglomération,Hors intersection,Normale,Sans collision,,,,,,,,,,,3,1,1,1,7
200500064579,0005-10-18 13:30:00,5,10,18,13,30,680,252.0,,,,Plein jour,Hors agglomération,Hors intersection,Normale,Autre collision,,,,,,,,,,,1,1,1,1,6
200500064580,0005-10-20 23:00:00,5,10,20,23,0,680,296.0,,,,Nuit avec éclairage allumé,Hors agglomération,Hors intersection,Normale,Trois véhicules et plus - collisions multiples,,,,,,,,,,,5,1,1,1,5
200500064581,0005-10-23 09:45:00,5,10,23,9,45,680,252.0,,48.147,7.368,Plein jour,Hors agglomération,Hors intersection,Pluie légère,Deux véhicules - arrière,,,,,,,,,,,1,1,1,2,2
200500064582,0005-10-25 15:45:00,5,10,25,15,45,680,22.0,,47.823,7.393,Plein jour,Hors agglomération,Autre intersection,Normale,Autre collision,,,,,,,,,,,1,1,9,1,6
200500064583,0005-10-30 12:45:00,5,10,30,12,45,680,300.0,,,,Plein jour,Hors agglomération,Hors intersection,Normale,Deux véhicules - arrière,,,,,,,,,,,1,1,1,1,2
200500064584,0005-10-31 05:15:00,5,10,31,5,15,680,296.0,,48.223,7.402,Nuit sans éclairage public,Hors agglomération,Hors intersection,Brouillard / fumée,Trois véhicules et plus - en chaîne,,,,,,,,,,,3,1,1,5,4
200500064585,0005-10-14 10:00:00,5,10,14,10,0,440,28.0,oute A.11 - P.K. 332+200,47.342,-1.382,Plein jour,Hors agglomération,Hors intersection,Normale,Deux véhicules - arrière,,,,,,,,,,,1,1,1,1,2
200500064586,0005-10-05 09:00:00,5,10,5,9,0,201,48.0,,,,Plein jour,Hors agglomération,Hors intersection,Normale,Sans collision,,,,,,,,,,,1,1,1,1,7
200500064587,0005-10-02 16:45:00,5,10,2,16,45,201,130.0,,,,Plein jour,Hors agglomération,Hors intersection,Pluie légère,Deux véhicules - côté,,,,,,,,,,,1,1,1,2,3
200500064588,0005-10-29 07:30:00,5,10,29,7,30,201,94.0,,41.893,9.062,Plein jour,Hors agglomération,Hors intersection,Normale,Autre collision,,,,,,,,,,,1,1,1,1,6
200500064589,0005-10-12 11:40:00,5,10,12,11,40,390,14.0,"00, sens BEAUNE-MULHOUSE",,,Plein jour,Hors agglomération,Hors intersection,Normale,Sans collision,,,,,,,,,,,1,1,1,1,7
200500064590,0005-10-13 13:00:00,5,10,13,13,0,380,229.0,AVENUE DU TAILLEFER,,,Plein jour,En agglomération,Intersection en X,Normale,Deux véhicules - côté,,,,,,,,,,,1,2,2,1,3
200500064591,0005-10-26 09:45:00,5,10,26,9,45,380,229.0,1 Bd des Alpes,,,Plein jour,En agglomération,Hors intersection,Normale,Autre collision,,,,,,,,,,,1,2,1,1,6
200500064592,0005-10-04 08:50:00,5,10,4,8,50,60,85.0,l Juin à hauteur du 1185,,,Plein jour,En agglomération,Hors intersection,Temps couvert,Deux véhicules - frontale,,,,,,,,,,,1,2,1,8,1
200500064593,0005-10-05 19:00:00,5,10,5,19,0,780,466.0,RD153 sortie A.14,,,Crépuscule ou aube,Hors agglomération,Hors intersection,Normale,Deux véhicules - côté,,,,,,,,,,,2,1,1,1,3
200500064594,0005-10-15 11:45:00,5,10,15,11,45,780,431.0,RN  13,,,Plein jour,Hors agglomération,Hors intersection,Normale,Deux véhicules - côté,,,,,,,,,,,1,1,1,1,3
200500064595,0005-10-03 09:15:00,5,10,3,9,15,670,73.0,,,,Plein jour,Hors agglomération,Hors intersection,Normale,Sans collision,,,,,,,,,,,1,1,1,1,7
200500064596,0005-10-06 13:30:00,5,10,6,13,30,790,276.0,,,,Plein jour,Hors agglomération,Hors intersection,Normale,Autre collision,,,,,,,,,,,1,1,1,1,6
200500064597,0005-10-09 09:15:00,5,10,9,9,15,170,415.0,A.10 - bretelle N° 35,,,Plein jour,Hors agglomération,Autre intersection,Temps couvert,Autre collision,,,,,,,,,,,1,1,9,8,6
200500064598,0005-10-29 15:10:00,5,10,29,15,10,170,436.0,Autoroute A 10,,,Plein jour,Hors agglomération,Hors intersection,Normale,Autre collision,,,,,,,,,,,1,1,1,1,6
200500064599,0005-10-22 08:15:00,5,10,22,8,15,330,380.0,,45.29,-0.55,Plein jour,Hors agglomération,Autre intersection,Pluie légère,Trois véhicules et plus - collisions multiples,,,,,,,,,,,1,1,9,2,5
200500064600,0005-10-23 21:00:00,5,10,23,21,0,10,91.0,,,,Nuit sans éclairage public,Hors agglomération,Hors intersection,Normale,Trois véhicules et plus - collisions multiples,,,,,,,,,,,3,1,1,1,5
200500064601,0005-10-21 17:45:00,5,10,21,17,45,220,187.0,rue du 08 mai 1945,48.543,-2.767,Plein jour,En agglomération,Hors intersection,Normale,Deux véhicules - côté,,,,,,,,,,,1,2,1,1,3
200500064602,0005-10-29 16:15:00,5,10,29,16,15,220,182.0,,48.571,-2.93,Plein jour,Hors agglomération,Hors intersection,Pluie légère,Deux véhicules - côté,,,,,,,,,,,1,1,1,2,3
200500064603,0005-10-11 07:30:00,5,10,11,7,30,740,272.0,,,,Plein jour,Hors agglomération,Hors intersection,Temps couvert,Sans collision,,,,,,,,,,,1,1,1,8,7
200500064604,0005-10-22 20:10:00,5,10,22,20,10,740,268.0,route des genevriers,,,Nuit sans éclairage public,Hors agglomération,Hors intersection,Temps couvert,Autre collision,,,,,,,,,,,3,1,1,8,6
200500064605,0005-10-23 04:30:00,5,10,23,4,30,740,67.0,route de lovagny,,,Nuit sans éclairage public,Hors agglomération,Hors intersection,Pluie légère,Autre collision,,,,,,,,,,,3,1,1,2,6
200500064606,0005-10-15 05:30:00,5,10,15,5,30,690,288.0,,45.703,5.074,Nuit sans éclairage public,Hors agglomération,Hors intersection,Normale,Autre collision,,,,,,,,,,,3,1,1,1,6
200500064607,0005-10-19 13:00:00,5,10,19,13,0,10,27.0,,45.858,5.098,Plein jour,Hors agglomération,Hors intersection,Normale,Autre collision,,,,,,,,,,,1,1,1,1,6
200500064608,0005-10-22 01:30:00,5,10,22,1,30,910,244.0,Route Nationale 191,48.556,2.415,Nuit sans éclairage public,Hors agglomération,Hors intersection,Pluie légère,Autre collision,,,,,,,,,,,3,1,1,2,6
200500064609,0005-10-22 18:00:00,5,10,22,18,0,910,45.0,rue jean boule,48.534,2.366,Plein jour,En agglomération,Hors intersection,Normale,Autre collision,,,,,,,,,,,1,2,1,1,6
200500064610,0005-10-14 10:00:00,5,10,14,10,0,910,649.0,RUE DE L'ESSONNE,,,Plein jour,En agglomération,Hors intersection,Normale,Deux véhicules - côté,,,,,,,,,,,1,2,1,1,3
200500064611,0005-10-19 20:00:00,5,10,19,20,0,510,44.0,Route nationale,,,Nuit avec éclairage allumé,En agglomération,Hors intersection,Normale,Autre collision,,,,,,,,,,,5,2,1,1,6
200500064612,0005-10-26 13:40:00,5,10,26,13,40,520,27.0,"1+300, sens NANCY /DIJON",,,Plein jour,Hors agglomération,Hors intersection,Temps éblouissant,Deux véhicules - arrière,,,,,,,,,,,1,1,1,7,2