accident_id,datetime,annee,mois,jour,heure,minute,departement,commune_insee,adresse,latitude,longitude,luminosite,agglomeration,intersection,meteo,collision,nb_vehicules,nb_usagers,nb_indemnes,nb_tues,nb_blesses_hosp,nb_blesses_legers,age_cond_1,age_cond_2,veh_type_cond_1,veh_type_cond_2,lum_code,agg_code,int_code,atm_code,col_code
200500064876,0005-10-21 17:35:00,5,10,21,17,35,60,83.0,"1, LECLERC (PROMENADE MA",,,Plein jour,En agglomération,Intersection en T,Normale,Deux véhicules - côté,,,,,,,,,,,1,2,3,1,3
200500064877,0005-10-04 15:55:00,5,10,4,15,55,60,83.0,"71, SOSPEL (AVENUE DE, N",,,Plein jour,En agglomération,Hors intersection,Normale,Deux véhicules - arrière,,,,,,,,,,,1,2,1,1,2
200500064878,0005-10-11 11:45:00,5,10,11,11,45,60,83.0,"75, SOSPEL (AVENUE DE, N",,,Plein jour,En agglomération,Hors intersection,Normale,Deux véhicules - côté,,,,,,,,,,,1,2,1,1,3
200500064879,0005-10-22 15:50:00,5,10,22,15,50,60,104.0,", BRIAND (AVENUE ARISTID",,,Plein jour,En agglomération,Hors intersection,Normale,Deux véhicules - côté,,,,,,,,,,,1,2,1,1,3
200500064880,0005-10-31 16:30:00,5,10,31,16,30,60,83.0,DE GAULLE (AVENUE GENERA,,,Plein jour,En agglomération,Intersection en T,Normale,Deux véhicules - côté,,,,,,,,,,,1,2,3,1,3
200500064881,0005-10-14 08:35:00,5,10,14,8,35,60,104.0,ALBERT 1ER (AVENUE),,,Crépuscule ou aube,En agglomération,Intersection en T,Temps éblouissant,Deux véhicules - côté,,,,,,,,,,,2,2,3,7,3
200500064882,0005-10-28 19:15:00,5,10,28,19,15,60,83.0,"113, SOSPEL (AVENUE DE,",,,Nuit avec éclairage allumé,En agglomération,Hors intersection,Normale,Autre collision,,,,,,,,,,,5,2,1,1,6
200500064883,0005-10-29 10:00:00,5,10,29,10,0,60,83.0,"1502, SOLEIL (PROMENADE",,,Plein jour,En agglomération,Hors intersection,Normale,Autre collision,,,,,,,,,,,1,2,1,1,6
200500064884,0005-10-01 12:00:00,5,10,1,12,0,60,88.0,"302, GRENOBLE (ROUTE DE)",,,Plein jour,En agglomération,Hors intersection,Normale,Trois véhicules et plus - en chaîne,,,,,,,,,,,1,2,1,1,4
200500064885,0005-10-01 15:15:00,5,10,1,15,15,60,88.0,"0, ALBERTI (RUE)",,,Plein jour,En agglomération,Hors intersection,Normale,Autre collision,,,,,,,,,,,1,2,1,1,6
200500064886,0005-10-01 16:00:00,5,10,1,16,0,60,88.0,"296, TURIN (RTE DE)",,,Plein jour,En agglomération,Intersection à plus de 4 branches,Normale,Deux véhicules - côté,,,,,,,,,,,1,2,5,1,3
200500064887,0005-10-01 19:00:00,5,10,1,19,0,60,88.0,"0, JOFFRE (R. MARECHAL)",,,Crépuscule ou aube,En agglomération,Intersection en X,Normale,Deux véhicules - côté,,,,,,,,,,,2,2,2,1,3
200500064888,0005-10-01 21:45:00,5,10,1,21,45,60,88.0,"0, GAMBETTA (A PARTIR DU",,,Nuit avec éclairage allumé,En agglomération,Hors intersection,Normale,Autre collision,,,,,,,,,,,5,2,1,1,6
200500064889,0005-10-02 14:20:00,5,10,2,14,20,60,88.0,"195, MADELEINE (BD DE LA",,,Plein jour,En agglomération,Hors intersection,Normale,Deux véhicules - arrière,,,,,,,,,,,1,2,1,1,2
200500064890,0005-10-02 23:40:00,5,10,2,23,40,60,88.0,"0, LOGE (R. DE LA)",,,Nuit avec éclairage allumé,En agglomération,Intersection en X,Normale,Deux véhicules - côté,,,,,,,,,,,5,2,2,1,3
200500064891,0005-10-03 09:45:00,5,10,3,9,45,60,88.0,"61, CIMIEZ (BD) A PARTIR",,,Plein jour,En agglomération,Hors intersection,Normale,Deux véhicules - côté,,,,,,,,,,,1,2,1,1,3
200500064892,0005-10-03 14:30:00,5,10,3,14,30,60,88.0,"0, SAND (AV. GEORGE) (DU",,,Plein jour,En agglomération,Intersection en X,Normale,Sans collision,,,,,,,,,,,1,2,2,1,7
200500064893,0005-10-03 14:50:00,5,10,3,14,50,60,88.0,"0, RAYNAUD (BD AUGUSTE)",,,Plein jour,En agglomération,Intersection en X,Temps couvert,Deux véhicules - côté,,,,,,,,,,,1,2,2,8,3
200500064894,0005-10-03 20:15:00,5,10,3,20,15,60,88.0,"0, GAMBETTA (A PARTIR DU",,,Nuit avec éclairage allumé,En agglomération,Intersection en X,Normale,Deux véhicules - côté,,,,,,,,,,,5,2,2,1,3
200500064895,0005-10-03 20:16:00,5,10,3,20,16,60,88.0,GRENOBLE (ROUTE DE),,,Nuit avec éclairage allumé,Hors agglomération,Hors intersection,Normale,Autre collision,,,,,,,,,,,5,1,1,1,6
200500064896,0005-10-03 23:20:00,5,10,3,23,20,60,88.0,"459, ANGLAIS (A PARTIR D",,,Nuit avec éclairage allumé,En agglomération,Hors intersection,Normale,Autre collision,,,,,,,,,,,5,2,1,1,6
200500064897,0005-10-04 07:40:00,5,10,4,7,40,60,88.0,"0, FOCH (AV. MARECHAL)",,,Plein jour,En agglomération,Intersection en X,Pluie légère,Deux véhicules - côté,,,,,,,,,,,1,2,2,2,3
200500064898,0005-10-04 13:50:00,5,10,4,13,50,60,88.0,"30, QUAI LUNEL",,,Plein jour,En agglomération,Hors intersection,Normale,Deux véhicules - arrière,,,,,,,,,,,1,2,1,1,2
200500064899,0005-10-04 13:51:00,5,10,4,13,51,60,88.0,"264, STE MARGUERITE (AV.",,,Plein jour,En agglomération,Hors intersection,Normale,Autre collision,,,,,,,,,,,1,2,1,1,6
200500064900,0005-10-04 14:20:00,5,10,4,14,20,60,88.0,"15, ARENE (AV. PAUL)",,,Plein jour,En agglomération,Hors intersection,Normale,Autre collision,,,,,,,,,,,1,2,1,1,6
200500064901,0005-10-04 14:30:00,5,10,4,14,30,60,88.0,"107, GROSSO (A PARTIR DU",,,Plein jour,En agglomération,Hors intersection,Normale,Autre collision,,,,,,,,,,,1,2,1,1,6
200500064902,0005-10-04 16:20:00,5,10,4,16,20,60,88.0,"163, CASSIN (BD RENE)",,,Plein jour,En agglomération,Hors intersection,Normale,Deux véhicules - côté,,,,,,,,,,,1,2,1,1,3
200500064903,0005-10-04 18:30:00,5,10,4,18,30,60,88.0,"48, SAINT-AUGUSTIN (AV.",,,Nuit avec éclairage allumé,En agglomération,Intersection en T,Pluie légère,Trois véhicules et plus - collisions multiples,,,,,,,,,,,5,2,3,2,5
200500064904,0005-10-04 18:40:00,5,10,4,18,40,60,88.0,"98, FRANCE (R. DE) A PAR",,,Plein jour,En agglomération,Hors intersection,Normale,Sans collision,,,,,,,,,,,1,2,1,1,7
200500064905,0005-10-04 19:00:00,5,10,4,19,0,60,88.0,"34, MADELEINE (BD DE LA)",,,Crépuscule ou aube,En agglomération,Hors intersection,Normale,Deux véhicules - côté,,,,,,,,,,,2,2,1,1,3
200500064906,0005-10-05 09:45:00,5,10,5,9,45,60,88.0,"0, BOUNIN (RUE PAUL)",,,Plein jour,En agglomération,Intersection en X,Normale,Autre collision,,,,,,,,,,,1,2,2,1,6
200500064907,0005-10-05 14:00:00,5,10,5,14,0,60,88.0,"0, CANTA GALET (RTE DE)",,,Plein jour,En agglomération,Hors intersection,Normale,Deux véhicules - frontale,,,,,,,,,,,1,2,1,1,1
200500064908,0005-10-05 15:00:00,5,10,5,15,0,60,88.0,"0, JOLY (CORNICHE ANDRE",,,Plein jour,En agglomération,Intersection en T,Normale,Deux véhicules - arrière,,,,,,,,,,,1,2,3,1,2
200500064909,0005-10-05 18:20:00,5,10,5,18,20,60,88.0,"0, LEOPOLD II (AV.)",,,Plein jour,En agglomération,Intersection en X,Normale,Deux véhicules - côté,,,,,,,,,,,1,2,2,1,3
200500064910,0005-10-06 07:35:00,5,10,6,7,35,60,88.0,"0, GALLIENI (AV.)",,,Plein jour,En agglomération,Hors intersection,Normale,Deux véhicules - côté,,,,,,,,,,,1,2,1,1,3
200500064911,0005-10-06 08:45:00,5,10,6,8,45,60,88.0,"0, CALIFORNIE (AV.) (A P",,,Plein jour,En agglomération,Hors intersection,Normale,Deux véhicules - côté,,,,,,,,,,,1,2,1,1,3
200500064912,0005-10-06 08:55:00,5,10,6,8,55,60,88.0,"46, MARNE (AV. DE LA)",,,Plein jour,En agglomération,Hors intersection,Normale,Deux véhicules - côté,,,,,,,,,,,1,2,1,1,3
200500064913,0005-10-06 14:30:00,5,10,6,14,30,60,88.0,"0, GRENOBLE (ROUTE DE)",,,Plein jour,En agglomération,Hors intersection,Normale,Deux véhicules - côté,,,,,,,,,,,1,2,1,1,3
200500064914,0005-10-06 17:05:00,5,10,6,17,5,60,88.0,GAMBETTA (A PARTIR DU N°,,,Plein jour,En agglomération,Intersection en T,Normale,Deux véhicules - côté,,,,,,,,,,,1,2,3,1,3
200500064915,0005-10-06 23:30:00,5,10,6,23,30,60,88.0,"0, ALBERTI (RUE)",,,Nuit avec éclairage allumé,En agglomération,Intersection en X,Normale,Autre collision,,,,,,,,,,,5,2,2,1,6
200500064916,0005-10-07 08:00:00,5,10,7,8,0,60,88.0,"0, CANAVESE (RUE JEAN)",,,Plein jour,En agglomération,Intersection en T,Pluie légère,Autre collision,,,,,,,,,,,1,2,3,2,6
200500064917,0005-10-07 08:35:00,5,10,7,8,35,60,88.0,"13, ARMEE DES ALPES (BD",,,Plein jour,En agglomération,Hors intersection,Pluie légère,Autre collision,,,,,,,,,,,1,2,1,2,6
200500064918,0005-10-07 14:45:00,5,10,7,14,45,60,88.0,"110, SAINT-LAMBERT (AV.)",,,Plein jour,En agglomération,Hors intersection,Normale,Deux véhicules - côté,,,,,,,,,,,1,2,1,1,3
200500064919,0005-10-07 14:55:00,5,10,7,14,55,60,88.0,"77, BESSET (AV.) (A PART",,,Plein jour,En agglomération,Intersection en T,Normale,Trois véhicules et plus - collisions multiples,,,,,,,,,,,1,2,3,1,5
200500064920,0005-10-07 16:00:00,5,10,7,16,0,60,88.0,"5, GUBERNATIS (R.)",,,Plein jour,En agglomération,Hors intersection,Normale,Deux véhicules - côté,,,,,,,,,,,1,2,1,1,3
200500064921,0005-10-09 00:10:00,5,10,9,0,10,60,88.0,"26, GAMBETTA (JUSQU'AU N",,,Nuit avec éclairage allumé,En agglomération,Intersection en X,Normale,Deux véhicules - frontale,,,,,,,,,,,5,2,2,1,1
200500064922,0005-10-09 02:50:00,5,10,9,2,50,60,88.0,"0, JOFFRE (R. MARECHAL)",,,Nuit avec éclairage allumé,En agglomération,Intersection en X,Normale,Deux véhicules - côté,,,,,,,,,,,5,2,2,1,3
200500064923,0005-10-09 12:30:00,5,10,9,12,30,60,88.0,"26, QUAI LUNEL",,,Plein jour,En agglomération,Hors intersection,Normale,Deux véhicules - côté,,,,,,,,,,,1,2,1,1,3
200500064924,0005-10-09 16:00:00,5,10,9,16,0,60,88.0,"1, VALERY (R. PAUL)",,,Plein jour,En agglomération,Intersection en T,Normale,Deux véhicules - côté,,,,,,,,,,,1,2,3,1,3
200500064925,0005-10-09 16:20:00,5,10,9,16,20,60,88.0,"7, TRACHEL (RUE)",,,Plein jour,En agglomération,Hors intersection,Normale,Deux véhicules - côté,,,,,,,,,,,1,2,1,1,3
200500064926,0005-10-09 16:25:00,5,10,9,16,25,60,88.0,"346, TURIN (RTE DE)",,,Plein jour,En agglomération,Hors intersection,Normale,Deux véhicules - côté,,,,,,,,,,,1,2,1,1,3
200500064927,0005-10-09 16:53:00,5,10,9,16,53,60,88.0,"0, GARIBALDI (PL.)",,,Plein jour,En agglomération,Giratoire,Normale,Deux véhicules - côté,,,,,,,,,,,1,2,6,1,3
200500064928,0005-10-09 18:00:00,5,10,9,18,0,60,88.0,"165, ANGLAIS PLAGE (DU 1",,,Plein jour,En agglomération,Hors intersection,Normale,Deux véhicules - côté,,,,,,,,,,,1,2,1,1,3
200500064929,0005-10-10 08:50:00,5,10,10,8,50,60,88.0,"04, CIMIEZ (BD) JUSQU'AU",,,Plein jour,En agglomération,Hors intersection,Normale,Deux véhicules - côté,,,,,,,,,,,1,2,1,1,3
200500064930,0005-10-10 12:50:00,5,10,10,12,50,60,88.0,"46, SAINTE-ROSALIE (CORN",,,Plein jour,En agglomération,Hors intersection,Normale,Sans collision,,,,,,,,,,,1,2,1,1,7
200500064931,0005-10-10 15:00:00,5,10,10,15,0,60,88.0,"25, DELVALLE (RUE PROF.)",,,Plein jour,Hors agglomération,Hors intersection,Normale,Autre collision,,,,,,,,,,,1,1,1,1,6
200500064932,0005-10-10 15:20:00,5,10,10,15,20,60,88.0,"0, THIERS (AV.)",,,Plein jour,Hors agglomération,Hors intersection,Normale,Autre collision,,,,,,,,,,,1,1,1,1,6
200500064933,0005-10-10 16:50:00,5,10,10,16,50,60,88.0,"0, PROVANA-DE-LEYNI (R.)",,,Plein jour,Hors agglomération,Hors intersection,Normale,Autre collision,,,,,,,,,,,1,1,1,1,6
200500064934,0005-10-10 20:20:00,5,10,10,20,20,60,88.0,"23, GORBELLA (BD DE)",,,Nuit avec éclairage non allumé,Hors agglomération,Hors intersection,Normale,Autre collision,,,,,,,,,,,4,1,1,1,6
200500064935,0005-10-11 07:50:00,5,10,11,7,50,60,88.0,"0, JOLY (CORNICHE ANDRE",,,Plein jour,En agglomération,Hors intersection,Normale,Deux véhicules - arrière,,,,,,,,,,,1,2,1,1,2
200500064936,0005-10-11 08:10:00,5,10,11,8,10,60,88.0,"66, GROSSO (A PARTIR DU",,,Plein jour,En agglomération,Hors intersection,Normale,Deux véhicules - côté,,,,,,,,,,,1,2,1,1,3
200500064937,0005-10-11 09:30:00,5,10,11,9,30,60,88.0,"0, ANGLAIS (DU N° 265 AU",,,Plein jour,En agglomération,Hors intersection,Normale,Trois véhicules et plus - en chaîne,,,,,,,,,,,1,2,1,1,4
200500064938,0005-10-11 12:30:00,5,10,11,12,30,60,88.0,"0, FRANCE (PONT ANATOLE)",,,Plein jour,En agglomération,Hors intersection,Normale,Deux véhicules - arrière,,,,,,,,,,,1,2,1,1,2
200500064939,0005-10-11 18:10:00,5,10,11,18,10,60,88.0,"0, CASSIN (BD RENE)",,,Plein jour,En agglomération,Hors intersection,Normale,Deux véhicules - côté,,,,,,,,,,,1,2,1,1,3
200500064940,0005-10-11 21:45:00,5,10,11,21,45,60,88.0,"0, GAMBETTA (JUSQU'AU N°",,,Nuit avec éclairage allumé,En agglomération,Hors intersection,Normale,Deux véhicules - côté,,,,,,,,,,,5,2,1,1,3
200500064941,0005-10-11 22:35:00,5,10,11,22,35,60,88.0,"0, GAMBETTA (A PARTIR DU",,,Nuit avec éclairage allumé,En agglomération,Intersection en X,Normale,Deux véhicules - côté,,,,,,,,,,,5,2,2,1,3
200500064942,0005-10-12 15:20:00,5,10,12,15,20,60,88.0,"28, MARCEAU (R.)",,,Plein jour,En agglomération,Hors intersection,Normale,Deux véhicules - arrière,,,,,,,,,,,1,2,1,1,2
200500064943,0005-10-12 15:55:00,5,10,12,15,55,60,88.0,VERANY (BD J.B.),,,Plein jour,En agglomération,Hors intersection,Normale,Deux véhicules - côté,,,,,,,,,,,1,2,1,1,3
200500064944,0005-10-12 16:00:00,5,10,12,16,0,60,88.0,"02, ARENE (AV. PAUL)",,,Plein jour,En agglomération,Hors intersection,Normale,Deux véhicules - côté,,,,,,,,,,,1,2,1,1,3
200500064945,0005-10-12 17:10:00,5,10,12,17,10,60,88.0,"0, GRENOBLE (ROUTE DE)",,,Plein jour,En agglomération,Hors intersection,Normale,Autre collision,,,,,,,,,,,1,2,1,1,6
200500064946,0005-10-12 19:00:00,5,10,12,19,0,60,88.0,"0, VOIE RAPIDE",,,Nuit avec éclairage allumé,Hors agglomération,Hors intersection,Normale,Trois véhicules et plus - en chaîne,,,,,,,,,,,5,1,1,1,4
200500064947,0005-10-12 23:50:00,5,10,12,23,50,60,88.0,"0, ANGLAIS (DU N° 114 AU",,,Nuit avec éclairage allumé,En agglomération,Hors intersection,Normale,Deux véhicules - côté,,,,,,,,,,,5,2,1,1,3
200500064948,0005-10-12 00:40:00,5,10,12,0,40,60,88.0,"175, ANGLAIS (DU N° 114",,,Nuit avec éclairage allumé,En agglomération,Hors intersection,Normale,Autre collision,,,,,,,,,,,5,2,1,1,6
200500064949,0005-10-13 11:45:00,5,10,13,11,45,60,88.0,"80, SAINT-PIERRE DE FERI",,,Plein jour,En agglomération,Hors intersection,Normale,Deux véhicules - frontale,,,,,,,,,,,1,2,1,1,1
200500064950,0005-10-13 15:10:00,5,10,13,15,10,60,159.0,"0, MOYENNE CORNICHE",,,Plein jour,En agglomération,Hors intersection,Normale,Deux véhicules - côté,,,,,,,,,,,1,2,1,1,3
200500064951,0005-10-13 16:35:00,5,10,13,16,35,60,88.0,"03, SCHUMAN (R. R.)",,,Plein jour,En agglomération,Hors intersection,Normale,Autre collision,,,,,,,,,,,1,2,1,1,6
200500064952,0005-10-13 18:45:00,5,10,13,18,45,60,88.0,"6, LASCARIS (R.)",,,Plein jour,En agglomération,Hors intersection,Normale,Autre collision,,,,,,,,,,,1,2,1,1,6
200500064953,0005-10-14 08:35:00,5,10,14,8,35,60,88.0,"0, BOIS DE CYTHERE (AV.",,,Plein jour,En agglomération,Intersection en T,Normale,Deux véhicules - frontale,,,,,,,,,,,1,2,3,1,1
200500064954,0005-10-14 09:25:00,5,10,14,9,25,60,88.0,"9, CAP DE CROIX (AV. ET",,,Plein jour,En agglomération,Hors intersection,Normale,Deux véhicules - arrière,,,,,,,,,,,1,2,1,1,2
200500064955,0005-10-14 15:10:00,5,10,14,15,10,60,88.0,"100, SAINT-LAMBERT (AV.)",,,Plein jour,En agglomération,Hors intersection,Normale,Sans collision,,,,,,,,,,,1,2,1,1,7
200500064956,0005-10-14 17:15:00,5,10,14,17,15,60,88.0,"4, FLIREY (AV. DE)",,,Plein jour,En agglomération,Hors intersection,Normale,Autre collision,,,,,,,,,,,1,2,1,1,6
200500064957,0005-10-15 02:45:00,5,10,15,2,45,60,88.0,"01, ETATS UNIS (QUAI DES",,,Nuit avec éclairage allumé,En agglomération,Hors intersection,Normale,Deux véhicules - frontale,,,,,,,,,,,5,2,1,1,1
200500064958,0005-10-15 08:25:00,5,10,15,8,25,60,88.0,"69, HERRIOT (BD EDOUARD)",,,Plein jour,En agglomération,Hors intersection,Normale,Autre collision,,,,,,,,,,,1,2,1,1,6
200500064959,0005-10-15 10:50:00,5,10,15,10,50,60,88.0,"0, FORNERO-MENEI (R.)",,,Plein jour,En agglomération,Intersection en X,Normale,Autre collision,,,,,,,,,,,1,2,2,1,6
200500064960,0005-10-15 15:45:00,5,10,15,15,45,60,88.0,"0, CARNOT (BD)",,,Plein jour,En agglomération,Intersection en X,Normale,Autre collision,,,,,,,,,,,1,2,2,1,6
200500064961,0005-10-15 17:35:00,5,10,15,17,35,60,88.0,"0, ALLEGRE (AV. JEAN)",,,Plein jour,En agglomération,Hors intersection,Normale,Trois véhicules et plus - collisions multiples,,,,,,,,,,,1,2,1,1,5
200500064962,0005-10-15 18:10:00,5,10,15,18,10,60,88.0,"0, DELVALLE (RUE PROF.)",,,Plein jour,En agglomération,Intersection en T,Normale,Deux véhicules - frontale,,,,,,,,,,,1,2,3,1,1
200500064963,0005-10-15 18:50:00,5,10,15,18,50,60,88.0,"2, TZAREWITCH (BD DU)",,,Nuit avec éclairage allumé,En agglomération,Hors intersection,Normale,Deux véhicules - arrière,,,,,,,,,,,5,2,1,1,2
200500064964,0005-10-16 09:45:00,5,10,16,9,45,60,88.0,"7, RAIBERTI (R.)",,,Plein jour,En agglomération,Hors intersection,Normale,Autre collision,,,,,,,,,,,1,2,1,1,6
200500064965,0005-10-16 11:00:00,5,10,16,11,0,60,88.0,"0, JAURES (BD JEAN)",,,Plein jour,En agglomération,Hors intersection,Normale,Autre collision,,,,,,,,,,,1,2,1,1,6
200500064966,0005-10-16 12:00:00,5,10,16,12,0,60,88.0,"45, ANGLAIS (A PARTIR DU",,,Plein jour,En agglomération,Hors intersection,Normale,Deux véhicules - côté,,,,,,,,,,,1,2,1,1,3
200500064967,0005-10-16 13:35:00,5,10,16,13,35,60,88.0,"0, CALIFORNIE (AV.) (DU",,,Plein jour,En agglomération,Intersection en X,Normale,Deux véhicules - côté,,,,,,,,,,,1,2,2,1,3
200500064968,0005-10-16 16:05:00,5,10,16,16,5,60,88.0,"21, CARABACEL (BD)",,,Plein jour,En agglomération,Intersection en T,Normale,Deux véhicules - côté,,,,,,,,,,,1,2,3,1,3
200500064969,0005-10-16 17:04:00,5,10,16,17,4,60,88.0,"0, GUYNEMER (PL.)",,,Plein jour,En agglomération,Hors intersection,Normale,Deux véhicules - côté,,,,,,,,,,,1,2,1,1,3
200500064970,0005-10-16 23:15:00,5,10,16,23,15,60,88.0,"0, MONET (TRAV. JEAN)",,,Nuit avec éclairage allumé,En agglomération,Intersection en X,Normale,Autre collision,,,,,,,,,,,5,2,2,1,6
200500064971,0005-10-17 07:25:00,5,10,17,7,25,60,88.0,"0, RAYBAUD JOSEPH",,,Plein jour,En agglomération,Hors intersection,Normale,Deux véhicules - côté,,,,,,,,,,,1,2,1,1,3
200500064972,0005-10-17 09:20:00,5,10,17,9,20,60,88.0,"134, RIMIEZ (AV. DE)",,,Plein jour,En agglomération,Hors intersection,Normale,Deux véhicules - côté,,,,,,,,,,,1,2,1,1,3
200500064973,0005-10-17 10:30:00,5,10,17,10,30,60,88.0,"30, VILLERMONT (AV.)",,,Plein jour,En agglomération,Hors intersection,Normale,Autre collision,,,,,,,,,,,1,2,1,1,6
200500064974,0005-10-17 12:30:00,5,10,17,12,30,60,88.0,DIABLES BLEUS (AV. DES),,,Plein jour,En agglomération,Intersection en X,Normale,Deux véhicules - côté,,,,,,,,,,,1,2,2,1,3
200500064975,0005-10-17 13:05:00,5,10,17,13,5,60,88.0,"0, GROSSO (A PARTIR DU N",,,Plein jour,En agglomération,Intersection en T,Normale,Deux véhicules - côté,,,,,,,,,,,1,2,3,1,3
200500064976,0005-10-17 14:35:00,5,10,17,14,35,60,88.0,"0, ANGLAIS PLAGE (DU 265",,,Plein jour,En agglomération,Hors intersection,Normale,Deux véhicules - arrière,,,,,,,,,,,1,2,1,1,2
200500064977,0005-10-17 16:05:00,5,10,17,16,5,60,88.0,"0, STE MARGUERITE (AV.)",,,Plein jour,En agglomération,Intersection en T,Normale,Deux véhicules - côté,,,,,,,,,,,1,2,3,1,3
200500064978,0005-10-18 09:00:00,5,10,18,9,0,60,88.0,"0, ROQUEBILLIERE (R. DE)",,,Plein jour,En agglomération,Intersection en T,Normale,Deux véhicules - côté,,,,,,,,,,,1,2,3,1,3
200500064979,0005-10-18 18:00:00,5,10,18,18,0,60,88.0,"34, SAINT-AUGUSTIN (AV.",,,Crépuscule ou aube,En agglomération,Hors intersection,Normale,Deux véhicules - arrière,,,,,,,,,,,2,2,1,1,2
200500064980,0005-10-18 19:30:00,5,10,18,19,30,60,88.0,"472, BELLET (RTE DE)",,,Nuit avec éclairage allumé,En agglomération,Hors intersection,Pluie légère,Deux véhicules - arrière,,,,,,,,,,,5,2,1,2,2
200500064981,0005-10-18 20:40:00,5,10,18,20,40,60,88.0,"0, CESSOLE (BD DE) (JUSQ",,,Nuit avec éclairage allumé,En agglomération,Intersection en Y,Temps couvert,Autre collision,,,,,,,,,,,5,2,4,8,6
200500064982,0005-10-18 20:45:00,5,10,18,20,45,60,88.0,"04, MADELEINE (BD DE LA)",,,Nuit avec éclairage allumé,En agglomération,Hors intersection,Normale,Deux véhicules - côté,,,,,,,,,,,5,2,1,1,3
200500064983,0005-10-19 01:10:00,5,10,19,1,10,60,88.0,"17, ANGLAIS (DU N° 1 AU",,,Nuit avec éclairage allumé,En agglomération,Intersection en T,Pluie légère,Autre collision,,,,,,,,,,,5,2,3,2,6
200500064984,0005-10-19 06:30:00,5,10,19,6,30,60,88.0,"0, ANGLAIS (DU N° 265 AU",,,Nuit avec éclairage allumé,En agglomération,Hors intersection,Pluie forte,Deux véhicules - arrière,,,,,,,,,,,5,2,1,3,2
200500064985,0005-10-19 08:00:00,5,10,19,8,0,60,159.0,SAINT JEAN (PONT),,,Plein jour,En agglomération,Hors intersection,Pluie forte,Deux véhicules - côté,,,,,,,,,,,1,2,1,3,3
200500064986,0005-10-19 16:45:00,5,10,19,16,45,60,88.0,"98, CIMIEZ (BD) A PARTIR",,,Plein jour,En agglomération,Intersection en Y,Pluie forte,Deux véhicules - côté,,,,,,,,,,,1,2,4,3,3
200500064987,0005-10-19 18:45:00,5,10,19,18,45,60,88.0,"76, JOFFRE (R. MARECHAL)",,,Nuit sans éclairage public,En agglomération,Hors intersection,Pluie forte,Autre collision,,,,,,,,,,,3,2,1,3,6
200500064988,0005-10-19 19:00:00,5,10,19,19,0,60,88.0,"0, GEROME (PL. CDT)",,,Nuit avec éclairage allumé,En agglomération,Giratoire,Pluie légère,Deux véhicules - côté,,,,,,,,,,,5,2,6,2,3
200500064989,0005-10-19 21:40:00,5,10,19,21,40,60,88.0,"0, TURIN (RTE DE)",,,Nuit avec éclairage allumé,En agglomération,Hors intersection,Pluie légère,Deux véhicules - côté,,,,,,,,,,,5,2,1,2,3
200500064990,0005-10-19 21:41:00,5,10,19,21,41,60,88.0,"84, GAIRAUT (AV. DE)",,,Nuit avec éclairage allumé,En agglomération,Hors intersection,Pluie légère,Deux véhicules - frontale,,,,,,,,,,,5,2,1,2,1
200500064991,0005-10-20 13:10:00,5,10,20,13,10,60,88.0,"0, PENETRANTE DU PAILLON",,,Plein jour,En agglomération,Intersection en T,Pluie légère,Deux véhicules - côté,,,,,,,,,,,1,2,3,2,3
200500064992,0005-10-20 17:45:00,5,10,20,17,45,60,88.0,"0, VOIE RAPIDE",,,Crépuscule ou aube,En agglomération,Hors intersection,Pluie légère,Trois véhicules et plus - en chaîne,,,,,,,,,,,2,2,1,2,4
200500064993,0005-10-20 22:00:00,5,10,20,22,0,60,88.0,"0, FULCONIS (RUE J.F.)",,,Nuit avec éclairage allumé,En agglomération,Intersection en Y,Temps couvert,Deux véhicules - côté,,,,,,,,,,,5,2,4,8,3
200500064994,0005-10-21 08:50:00,5,10,21,8,50,60,88.0,"0, SAINT-PIERRE DE FERIC",,,Plein jour,En agglomération,Intersection en Y,Normale,Deux véhicules - côté,,,,,,,,,,,1,2,4,1,3
200500064995,0005-10-21 09:15:00,5,10,21,9,15,60,88.0,"0, ANGLAIS (A PARTIR DU",,,Plein jour,En agglomération,Hors intersection,Normale,Deux véhicules - arrière,,,,,,,,,,,1,2,1,1,2
200500064996,0005-10-21 10:35:00,5,10,21,10,35,60,88.0,"44, NAPOLEON III (BD)",,,Plein jour,En agglomération,Hors intersection,Normale,Autre collision,,,,,,,,,,,1,2,1,1,6
200500064997,0005-10-21 15:55:00,5,10,21,15,55,60,88.0,"67, CASSIN (BD RENE)",,,Plein jour,En agglomération,Hors intersection,Normale,Autre collision,,,,,,,,,,,1,2,1,1,6
200500064998,0005-10-21 16:35:00,5,10,21,16,35,60,88.0,"0, FAURE (AV. FELIX)",,,Plein jour,En agglomération,Intersection en T,Normale,Deux véhicules - arrière,,,,,,,,,,,1,2,3,1,2
200500064999,0005-10-21 17:50:00,5,10,21,17,50,60,88.0,"144, TURIN (RTE DE)",,,Plein jour,En agglomération,Hors intersection,Normale,Deux véhicules - côté,,,,,,,,,,,1,2,1,1,3
200500065000,0005-10-21 19:30:00,5,10,21,19,30,60,88.0,"0, ARIANE (BD DE L')",,,Nuit avec éclairage allumé,En agglomération,Intersection en X,Normale,Deux véhicules - côté,,,,,,,,,,,5,2,2,1,3
200500065001,0005-10-21 19:45:00,5,10,21,19,45,60,88.0,"0, VOIE RAPIDE",,,Nuit avec éclairage allumé,En agglomération,Hors intersection,Normale,Autre collision,,,,,,,,,,,5,2,1,1,6
200500065002,0005-10-21 21:50:00,5,10,21,21,50,60,88.0,"0, BESSET (AV.) (A PARTI",,,Nuit avec éclairage allumé,En agglomération,Intersection en T,Normale,Deux véhicules - côté,,,,,,,,,,,5,2,3,1,3
200500065003,0005-10-22 08:20:00,5,10,22,8,20,60,88.0,"0, ROSTAND (R. EDMOND)",,,Plein jour,En agglomération,Hors intersection,Normale,Deux véhicules - côté,,,,,,,,,,,1,2,1,1,3