accident_id,datetime,annee,mois,jour,heure,minute,departement,commune_insee,adresse,latitude,longitude,luminosite,agglomeration,intersection,meteo,collision,nb_vehicules,nb_usagers,nb_indemnes,nb_tues,nb_blesses_hosp,nb_blesses_legers,age_cond_1,age_cond_2,veh_type_cond_1,veh_type_cond_2,lum_code,agg_code,int_code,atm_code,col_code
200500065262,0005-10-04 12:02:00,5,10,4,12,2,130,55.0,"31, PONT DE VIV (BD)",,,Plein jour,En agglomération,Intersection en T,Normale,Deux véhicules - côté,,,,,,,,,,,1,2,3,1,3
200500065263,0005-10-17 16:10:00,5,10,17,16,10,130,55.0,"N327, PRADO (AVENUE)",,,Plein jour,En agglomération,Hors intersection,Normale,Autre collision,,,,,,,,,,,1,2,1,1,6
200500065264,0005-10-22 17:00:00,5,10,22,17,0,130,55.0,"151, TROIS LUC A (RUE)",,,Plein jour,En agglomération,Autre intersection,Normale,Deux véhicules - arrière,,,,,,,,,,,1,2,9,1,2
200500065265,0005-10-19 07:10:00,5,10,19,7,10,130,55.0,CRIMEE (RUE DE),,,Nuit avec éclairage allumé,En agglomération,Intersection en X,Pluie légère,Autre collision,,,,,,,,,,,5,2,2,2,6
200500065266,0005-10-07 16:00:00,5,10,7,16,0,130,55.0,JEAN MOULIN (BD),,,Plein jour,En agglomération,Hors intersection,Normale,Trois véhicules et plus - en chaîne,,,,,,,,,,,1,2,1,1,4
200500065267,0005-10-14 16:15:00,5,10,14,16,15,130,55.0,RABATAU (BD),,,Plein jour,En agglomération,Hors intersection,Normale,Deux véhicules - côté,,,,,,,,,,,1,2,1,1,3
200500065268,0005-10-25 13:30:00,5,10,25,13,30,130,55.0,"42, GRANDE BAST (RUE)",,,Plein jour,En agglomération,Hors intersection,Normale,Deux véhicules - frontale,,,,,,,,,,,1,2,1,1,1
200500065269,0005-10-25 15:25:00,5,10,25,15,25,130,55.0,"18, SAINT LOUP (BD DE)",,,Plein jour,En agglomération,Hors intersection,Normale,Autre collision,,,,,,,,,,,1,2,1,1,6
200500065270,0005-10-26 01:10:00,5,10,26,1,10,130,55.0,MARCEAU (PLACE),,,Nuit avec éclairage allumé,En agglomération,Hors intersection,Normale,Autre collision,,,,,,,,,,,5,2,1,1,6
200500065271,0005-10-20 07:20:00,5,10,20,7,20,130,55.0,LOUIS BOTINELLY (RUE),,,Nuit sans éclairage public,En agglomération,Hors intersection,Normale,Deux véhicules - arrière,,,,,,,,,,,3,2,1,1,2
200500065272,0005-10-14 22:40:00,5,10,14,22,40,130,55.0,ALEX ANSALDI (RUE),,,Nuit avec éclairage allumé,En agglomération,Hors intersection,Normale,Deux véhicules - côté,,,,,,,,,,,5,2,1,1,3
200500065273,0005-10-20 14:25:00,5,10,20,14,25,130,55.0,"269, HENRI BARNIER (BD)",,,Plein jour,En agglomération,Hors intersection,Normale,Autre collision,,,,,,,,,,,1,2,1,1,6
200500065274,0005-10-26 08:00:00,5,10,26,8,0,130,55.0,"190, CAILLOLS (AVENUE DE",,,Plein jour,En agglomération,Hors intersection,Normale,Deux véhicules - côté,,,,,,,,,,,1,2,1,1,3
200500065275,0005-10-05 13:19:00,5,10,5,13,19,130,55.0,AMIRAL COURBET (RUE),,,Plein jour,En agglomération,Intersection en X,Normale,Deux véhicules - côté,,,,,,,,,,,1,2,2,1,3
200500065276,0005-10-21 18:40:00,5,10,21,18,40,130,55.0,DOIZE (RUE),,,Nuit avec éclairage allumé,En agglomération,Intersection en T,Normale,Deux véhicules - arrière,,,,,,,,,,,5,2,3,1,2
200500065277,0005-10-02 11:30:00,5,10,2,11,30,130,55.0,ALBE (RUE),,,Plein jour,En agglomération,Hors intersection,Normale,Autre collision,,,,,,,,,,,1,2,1,1,6
200500065278,0005-10-18 10:10:00,5,10,18,10,10,130,55.0,CHARLES SUSINI (TRAVERSE,,,Plein jour,En agglomération,Hors intersection,Normale,Deux véhicules - côté,,,,,,,,,,,1,2,1,1,3
200500065279,0005-10-19 16:30:00,5,10,19,16,30,130,55.0,JEAN QUEILLAU (RUE),,,Plein jour,En agglomération,Giratoire,Normale,Deux véhicules - côté,,,,,,,,,,,1,2,6,1,3
200500065280,0005-10-18 07:55:00,5,10,18,7,55,130,55.0,MERLAN (AVENUE),,,Plein jour,En agglomération,Intersection en T,Normale,Deux véhicules - côté,,,,,,,,,,,1,2,3,1,3
200500065281,0005-10-18 11:00:00,5,10,18,11,0,130,55.0,BOSPHORE (BD DU),,,Plein jour,En agglomération,Hors intersection,Temps couvert,Sans collision,,,,,,,,,,,1,2,1,8,7
200500065282,0005-10-13 09:30:00,5,10,13,9,30,130,2.0,CANTON-VERT (AV DU),,,Plein jour,En agglomération,Hors intersection,Normale,Deux véhicules - arrière,,,,,,,,,,,1,2,1,1,2
200500065283,0005-10-22 13:25:00,5,10,22,13,25,130,55.0,AMBROISIS (IMPASSE DES),,,Plein jour,En agglomération,Giratoire,Normale,Deux véhicules - côté,,,,,,,,,,,1,2,6,1,3
200500065284,0005-10-14 18:15:00,5,10,14,18,15,130,55.0,BRAVET (AVENUE),,,Nuit sans éclairage public,En agglomération,Intersection en X,Normale,Deux véhicules - côté,,,,,,,,,,,3,2,2,1,3
200500065285,0005-10-08 12:30:00,5,10,8,12,30,130,55.0,", NICOLAS PAQUET (RUE)",,,Plein jour,En agglomération,Autre intersection,Normale,Autre collision,,,,,,,,,,,1,2,9,1,6
200500065286,0005-10-27 21:30:00,5,10,27,21,30,130,55.0,ARMEE D'AFR (CHEMIN),,,Nuit avec éclairage allumé,En agglomération,Intersection en X,Normale,Deux véhicules - côté,,,,,,,,,,,5,2,2,1,3
200500065287,0005-10-22 15:05:00,5,10,22,15,5,130,55.0,"bat D15, FELIX PYAT (RUE",,,Plein jour,En agglomération,Hors intersection,Normale,Autre collision,,,,,,,,,,,1,2,1,1,6
200500065288,0005-10-05 11:30:00,5,10,5,11,30,130,55.0,"14, CASTELLAS (AVENUE DU",,,Plein jour,En agglomération,Hors intersection,Normale,Autre collision,,,,,,,,,,,1,2,1,1,6
200500065289,0005-10-21 12:15:00,5,10,21,12,15,130,55.0,LATIL (BD),,,Plein jour,En agglomération,Hors intersection,Normale,Deux véhicules - côté,,,,,,,,,,,1,2,1,1,3
200500065290,0005-10-21 13:40:00,5,10,21,13,40,130,55.0,RABATAU (BD),,,Plein jour,En agglomération,Hors intersection,Normale,Deux véhicules - arrière,,,,,,,,,,,1,2,1,1,2
200500065291,0005-10-22 18:00:00,5,10,22,18,0,130,55.0,"7, TIMONE (AVENUE DE LA)",,,Plein jour,En agglomération,Hors intersection,Normale,Autre collision,,,,,,,,,,,1,2,1,1,6
200500065292,0005-10-25 07:30:00,5,10,25,7,30,130,55.0,CASSIS (ANCIEN CHEMIN DE,,,Plein jour,Hors agglomération,Hors intersection,Normale,Trois véhicules et plus - collisions multiples,,,,,,,,,,,1,1,1,1,5
200500065293,0005-10-27 16:20:00,5,10,27,16,20,130,55.0,ROMAIN ROLLAND (BD),,,Plein jour,En agglomération,Hors intersection,Normale,Deux véhicules - arrière,,,,,,,,,,,1,2,1,1,2
200500065294,0005-10-28 14:00:00,5,10,28,14,0,130,55.0,"174, ARMEE D'AFR (CHEMIN",,,Plein jour,En agglomération,Hors intersection,Normale,Deux véhicules - côté,,,,,,,,,,,1,2,1,1,3
200500065295,0005-10-28 11:20:00,5,10,28,11,20,130,55.0,"38, STRASBOURG (BD)",,,Plein jour,En agglomération,Hors intersection,Normale,Autre collision,,,,,,,,,,,1,2,1,1,6
200500065296,0005-10-30 17:55:00,5,10,30,17,55,130,2.0,FRERES-OLIVIER (MONTEE D,,,Crépuscule ou aube,En agglomération,Hors intersection,Normale,Autre collision,,,,,,,,,,,2,2,1,1,6
200500065297,0005-10-24 16:40:00,5,10,24,16,40,130,2.0,"0, BARTHELEMY (BD)",,,Plein jour,En agglomération,Hors intersection,Normale,Deux véhicules - arrière,,,,,,,,,,,1,2,1,1,2
200500065298,0005-10-29 04:55:00,5,10,29,4,55,130,55.0,JULES CANTINI (AVENUE),,,Nuit avec éclairage allumé,En agglomération,Intersection en T,Normale,Deux véhicules - frontale,,,,,,,,,,,5,2,3,1,1
200500065299,0005-10-28 15:50:00,5,10,28,15,50,130,55.0,MADRAGUE VI (RUE),,,Plein jour,En agglomération,Hors intersection,Normale,Deux véhicules - arrière,,,,,,,,,,,1,2,1,1,2
200500065300,0005-10-08 15:30:00,5,10,8,15,30,130,55.0,"397, KE (CORNICHE)",,,Plein jour,En agglomération,Hors intersection,Normale,Deux véhicules - arrière,,,,,,,,,,,1,2,1,1,2
200500065301,0005-10-28 09:30:00,5,10,28,9,30,130,55.0,"94, DUPARC FRANCOISE (BD",,,Plein jour,En agglomération,Hors intersection,Normale,Deux véhicules - côté,,,,,,,,,,,1,2,1,1,3
200500065302,0005-10-12 19:05:00,5,10,12,19,5,130,55.0,FRANCOIS SIMON (RUE),,,Crépuscule ou aube,En agglomération,Intersection en T,Normale,Sans collision,,,,,,,,,,,2,2,3,1,7
200500065303,0005-10-07 06:55:00,5,10,7,6,55,130,55.0,SALVADOR ALLENDE (RUE),,,Plein jour,En agglomération,Hors intersection,Normale,Deux véhicules - côté,,,,,,,,,,,1,2,1,1,3
200500065304,0005-10-15 08:40:00,5,10,15,8,40,130,55.0,"147, BAILLE (BD)",,,Plein jour,En agglomération,Hors intersection,Pluie légère,Sans collision,,,,,,,,,,,1,2,1,2,7
200500065305,0005-10-25 07:31:00,5,10,25,7,31,130,55.0,GOMBERT (IMPASSE),,,Crépuscule ou aube,En agglomération,Hors intersection,Normale,Autre collision,,,,,,,,,,,2,2,1,1,6
200500065306,0005-10-19 13:45:00,5,10,19,13,45,130,55.0,CASTELLANE (PLACE),,,Plein jour,En agglomération,Place,Normale,Deux véhicules - côté,,,,,,,,,,,1,2,7,1,3
200500065307,0005-10-22 11:45:00,5,10,22,11,45,130,55.0,"18, SIDI BRAHIM (SQUARE)",,,Plein jour,En agglomération,Hors intersection,Normale,Autre collision,,,,,,,,,,,1,2,1,1,6
200500065308,0005-10-11 17:15:00,5,10,11,17,15,130,55.0,LIBERATEURS (BD DES),,,Plein jour,En agglomération,Intersection en T,Normale,Sans collision,,,,,,,,,,,1,2,3,1,7
200500065309,0005-10-26 15:50:00,5,10,26,15,50,130,55.0,KE (CORNICHE),,,Plein jour,En agglomération,Hors intersection,Normale,Deux véhicules - arrière,,,,,,,,,,,1,2,1,1,2
200500065310,0005-10-24 12:30:00,5,10,24,12,30,130,55.0,MENDES-FRANCE (AVE PIERR,,,Plein jour,En agglomération,Hors intersection,Normale,Deux véhicules - côté,,,,,,,,,,,1,2,1,1,3
200500065311,0005-10-14 14:15:00,5,10,14,14,15,130,55.0,"9, STRASBOURG (BD)",,,Plein jour,En agglomération,Hors intersection,Normale,Deux véhicules - arrière,,,,,,,,,,,1,2,1,1,2
200500065312,0005-10-23 01:55:00,5,10,23,1,55,130,55.0,"178, LIEUTAUD  (COURS 6E",,,Nuit avec éclairage allumé,En agglomération,Hors intersection,Normale,Deux véhicules - côté,,,,,,,,,,,5,2,1,1,3
200500065313,0005-10-11 17:50:00,5,10,11,17,50,130,55.0,"183, LACHAMP (ROUTE LEON",,,Plein jour,En agglomération,Hors intersection,Normale,Deux véhicules - arrière,,,,,,,,,,,1,2,1,1,2
200500065314,0005-10-13 04:45:00,5,10,13,4,45,130,55.0,"430, TASSIGNY  DE LATTRE",,,Nuit avec éclairage allumé,En agglomération,Hors intersection,Normale,Deux véhicules - côté,,,,,,,,,,,5,2,1,1,3
200500065315,0005-10-04 20:05:00,5,10,4,20,5,130,55.0,DCT VAUTHIER (PLACE),,,Nuit avec éclairage allumé,En agglomération,Intersection en T,Normale,Autre collision,,,,,,,,,,,5,2,3,1,6
200500065316,0005-10-19 08:00:00,5,10,19,8,0,130,55.0,"00, GOUDES (ROUTE DES)",,,Crépuscule ou aube,En agglomération,Hors intersection,Normale,Sans collision,,,,,,,,,,,2,2,1,1,7
200500065317,0005-10-31 16:00:00,5,10,31,16,0,130,55.0,"00, SAINTE MARGUERITE (B",,,Plein jour,En agglomération,Hors intersection,Normale,Autre collision,,,,,,,,,,,1,2,1,1,6
200500065318,0005-10-31 22:10:00,5,10,31,22,10,130,55.0,RAMON (BD GASTON),,,Nuit avec éclairage allumé,En agglomération,Hors intersection,Normale,Deux véhicules - arrière,,,,,,,,,,,5,2,1,1,2
200500065319,0005-10-22 18:30:00,5,10,22,18,30,130,55.0,MICHELET (BD),,,Nuit avec éclairage allumé,En agglomération,Hors intersection,Normale,Deux véhicules - arrière,,,,,,,,,,,5,2,1,1,2
200500065320,0005-10-12 08:15:00,5,10,12,8,15,130,55.0,JUGE DU PALAIS (RUE),,,Plein jour,En agglomération,Hors intersection,Normale,Deux véhicules - côté,,,,,,,,,,,1,2,1,1,3
200500065321,0005-10-24 17:30:00,5,10,24,17,30,130,55.0,"137, ROMAIN ROLLAND (BD)",,,Plein jour,En agglomération,Hors intersection,Normale,Deux véhicules - côté,,,,,,,,,,,1,2,1,1,3
200500065322,0005-10-19 18:55:00,5,10,19,18,55,130,55.0,", ZENATTI (AVE ANDRE)",,,Nuit avec éclairage allumé,En agglomération,Autre intersection,Normale,Deux véhicules - côté,,,,,,,,,,,5,2,9,1,3
200500065323,0005-10-22 16:50:00,5,10,22,16,50,130,55.0,D POINT SAVARY (AVENUE),,,Plein jour,En agglomération,Giratoire,Normale,Deux véhicules - côté,,,,,,,,,,,1,2,6,1,3
200500065324,0005-10-26 11:10:00,5,10,26,11,10,130,2.0,THERMES (ROUTE DES),,,Plein jour,En agglomération,Hors intersection,Normale,Deux véhicules - frontale,,,,,,,,,,,1,2,1,1,1
200500065325,0005-10-27 20:45:00,5,10,27,20,45,130,55.0,"128, KADDOUZ (CHEMIN)",,,Nuit avec éclairage non allumé,En agglomération,Intersection en T,Normale,Deux véhicules - côté,,,,,,,,,,,4,2,3,1,3
200500065326,0005-10-23 00:15:00,5,10,23,0,15,130,55.0,DUNKERQUE (BD DE),,,Nuit avec éclairage allumé,En agglomération,Hors intersection,Normale,Deux véhicules - côté,,,,,,,,,,,5,2,1,1,3
200500065327,0005-10-20 15:00:00,5,10,20,15,0,130,55.0,"56, STRASBOURG (BD)",,,Plein jour,En agglomération,Hors intersection,Normale,Deux véhicules - arrière,,,,,,,,,,,1,2,1,1,2
200500065328,0005-10-27 11:15:00,5,10,27,11,15,130,55.0,DOIZE (RUE),,,Plein jour,En agglomération,Hors intersection,Normale,Deux véhicules - côté,,,,,,,,,,,1,2,1,1,3
200500065329,0005-10-25 17:00:00,5,10,25,17,0,130,55.0,CESAR BOY (AVENUE),,,Plein jour,En agglomération,Hors intersection,Normale,Deux véhicules - arrière,,,,,,,,,,,1,2,1,1,2
200500065330,0005-10-27 10:15:00,5,10,27,10,15,130,55.0,BLIDAH (RUE DE),,,Plein jour,En agglomération,Hors intersection,Normale,Sans collision,,,,,,,,,,,1,2,1,1,7
200500065331,0005-10-26 14:10:00,5,10,26,14,10,130,55.0,"243, LYON (RUE DE)",,,Plein jour,En agglomération,Hors intersection,Normale,Deux véhicules - côté,,,,,,,,,,,1,2,1,1,3
200500065332,0005-10-21 15:30:00,5,10,21,15,30,130,55.0,"172, AYGALADES (AV DES)",,,Plein jour,En agglomération,Hors intersection,Normale,Deux véhicules - côté,,,,,,,,,,,1,2,1,1,3
200500065333,0005-10-27 09:50:00,5,10,27,9,50,130,55.0,PLOMBIERES AERIEN,,,Plein jour,En agglomération,Hors intersection,Normale,Deux véhicules - côté,,,,,,,,,,,1,2,1,1,3
200500065334,0005-10-27 21:40:00,5,10,27,21,40,130,55.0,MURE (CHEMIN DE LA),,,Nuit avec éclairage allumé,En agglomération,Hors intersection,Normale,Deux véhicules - frontale,,,,,,,,,,,5,2,1,1,1
200500065335,0005-10-24 12:10:00,5,10,24,12,10,130,55.0,"10, LAVERAN (BD)",,,Plein jour,En agglomération,Hors intersection,Normale,Autre collision,,,,,,,,,,,1,2,1,1,6
200500065336,0005-10-18 17:40:00,5,10,18,17,40,130,55.0,DRAMARD (BD PIERRE),,,Plein jour,En agglomération,Giratoire,Temps couvert,Deux véhicules - côté,,,,,,,,,,,1,2,6,8,3
200500065337,0005-10-06 08:10:00,5,10,6,8,10,130,55.0,"45, ROSE (AVENUE DE LA)",,,Plein jour,En agglomération,Hors intersection,Normale,Deux véhicules - côté,,,,,,,,,,,1,2,1,1,3
200500065338,0005-10-30 17:45:00,5,10,30,17,45,130,55.0,ESTAQUE PLAGE,,,Crépuscule ou aube,En agglomération,Hors intersection,Normale,Deux véhicules - côté,,,,,,,,,,,2,2,1,1,3
200500065339,0005-10-30 14:00:00,5,10,30,14,0,130,55.0,G. POMPIDOU PLAGE (PROM.,,,Plein jour,En agglomération,Hors intersection,Temps éblouissant,Deux véhicules - côté,,,,,,,,,,,1,2,1,7,3
200500065340,0005-10-26 16:00:00,5,10,26,16,0,130,55.0,"159, LECHATELIER (RUE)",,,Plein jour,En agglomération,Hors intersection,Normale,Deux véhicules - côté,,,,,,,,,,,1,2,1,1,3
200500065341,0005-10-27 17:05:00,5,10,27,17,5,130,55.0,"9, CHEVALIER PAUL (RUE D",,,Plein jour,En agglomération,Intersection en X,Normale,Autre collision,,,,,,,,,,,1,2,2,1,6
200500065342,0005-10-26 15:15:00,5,10,26,15,15,130,55.0,"00, RABATAU (BD)",,,Plein jour,En agglomération,Hors intersection,Normale,Autre collision,,,,,,,,,,,1,2,1,1,6
200500065343,0005-10-24 22:55:00,5,10,24,22,55,130,55.0,"00, VALBARELLE (CHEMIN D",,,Nuit avec éclairage allumé,En agglomération,Hors intersection,Normale,Autre collision,,,,,,,,,,,5,2,1,1,6
200500065344,0005-10-31 06:30:00,5,10,31,6,30,130,55.0,"00, BRAQUE (AVE GEORGES)",,,Crépuscule ou aube,En agglomération,Hors intersection,Normale,Autre collision,,,,,,,,,,,2,2,1,1,6
200500065345,0005-10-23 20:00:00,5,10,23,20,0,130,55.0,"00, LITTORAL (CHEMIN DU)",,,Nuit avec éclairage allumé,En agglomération,Hors intersection,Normale,Autre collision,,,,,,,,,,,5,2,1,1,6
200500065346,0005-10-25 08:20:00,5,10,25,8,20,130,55.0,"00, CROIX ROUGE (AVENUE)",,,Plein jour,En agglomération,Hors intersection,Normale,Deux véhicules - arrière,,,,,,,,,,,1,2,1,1,2
200500065347,0005-10-27 10:00:00,5,10,27,10,0,130,55.0,"344, MICHELET (BD)",,,Plein jour,En agglomération,Hors intersection,Normale,Deux véhicules - arrière,,,,,,,,,,,1,2,1,1,2
200500065348,0005-10-14 08:30:00,5,10,14,8,30,130,55.0,"00, VINCENT VAN GOGH (AV",,,Plein jour,En agglomération,Intersection en T,Normale,Deux véhicules - côté,,,,,,,,,,,1,2,3,1,3
200500065349,0005-10-27 07:15:00,5,10,27,7,15,130,55.0,"00, MICHELET (BD)",,,Plein jour,En agglomération,Intersection en X,Normale,Deux véhicules - côté,,,,,,,,,,,1,2,2,1,3
200500065350,0005-10-27 17:01:00,5,10,27,17,1,130,55.0,"00, HENRI FRENAY (ROND P",,,Plein jour,En agglomération,Giratoire,Normale,Deux véhicules - arrière,,,,,,,,,,,1,2,6,1,2
200500065351,0005-10-27 17:31:00,5,10,27,17,31,130,55.0,"00, VALBARELLE (BD DE LA",,,Plein jour,En agglomération,Hors intersection,Normale,Sans collision,,,,,,,,,,,1,2,1,1,7
200500065352,0005-10-28 17:30:00,5,10,28,17,30,130,55.0,"00, MAZARGUES (AV DE)",,,Plein jour,Hors agglomération,Hors intersection,Normale,Deux véhicules - arrière,,,,,,,,,,,1,1,1,1,2
200500065353,0005-10-28 15:30:00,5,10,28,15,30,130,55.0,"00, FLORALIA (RUE)",,,Plein jour,En agglomération,Intersection en X,Normale,Deux véhicules - côté,,,,,,,,,,,1,2,2,1,3
200500065354,0005-10-31 17:30:00,5,10,31,17,30,130,55.0,"00, POMPIDOU (PROM.)",,,Crépuscule ou aube,En agglomération,Hors intersection,Normale,Deux véhicules - côté,,,,,,,,,,,2,2,1,1,3
200500065355,0005-10-03 20:30:00,5,10,3,20,30,130,55.0,"00, CORDERIE (BD DE LA)",,,Nuit avec éclairage allumé,En agglomération,Intersection en X,Normale,Deux véhicules - côté,,,,,,,,,,,5,2,2,1,3
200500065356,0005-10-10 20:10:00,5,10,10,20,10,130,55.0,"17, SAKAKINI (BD)",,,Nuit avec éclairage allumé,En agglomération,Hors intersection,Normale,Trois véhicules et plus - en chaîne,,,,,,,,,,,5,2,1,1,4
200500065357,0005-10-06 12:20:00,5,10,6,12,20,130,55.0,PIERRE MENARD (BD),,,Plein jour,En agglomération,Intersection en T,Normale,Deux véhicules - côté,,,,,,,,,,,1,2,3,1,3
200500065358,0005-10-11 13:00:00,5,10,11,13,0,130,55.0,"49, JEAN MOULIN (BD)",,,Plein jour,En agglomération,Hors intersection,Normale,Deux véhicules - arrière,,,,,,,,,,,1,2,1,1,2
200500065359,0005-10-27 17:30:00,5,10,27,17,30,130,55.0,"38, JOLIOT CURI (RUE)",,,Plein jour,En agglomération,Giratoire,Normale,Deux véhicules - frontale,,,,,,,,,,,1,2,6,1,1
200500065360,0005-10-21 11:10:00,5,10,21,11,10,130,55.0,BAILLE (BD),,,Plein jour,En agglomération,Intersection en T,Temps couvert,Deux véhicules - côté,,,,,,,,,,,1,2,3,8,3
200500065361,0005-10-28 23:45:00,5,10,28,23,45,130,55.0,"01, FR. DUPARC (BD)",,,Nuit avec éclairage allumé,En agglomération,Hors intersection,Normale,Deux véhicules - côté,,,,,,,,,,,5,2,1,1,3
200500065362,0005-10-05 11:15:00,5,10,5,11,15,130,55.0,"351, KE (CORNICHE)",,,Plein jour,En agglomération,Hors intersection,Normale,Deux véhicules - arrière,,,,,,,,,,,1,2,1,1,2
200500065363,0005-10-28 16:20:00,5,10,28,16,20,130,2.0,"00, ZAC DE FONTVIEILLE",,,Plein jour,Hors agglomération,Hors intersection,Normale,Sans collision,,,,,,,,,,,1,1,1,1,7
200500065364,0005-10-05 15:15:00,5,10,5,15,15,130,55.0,CADE (RUE),,,Plein jour,En agglomération,Hors intersection,Normale,Deux véhicules - côté,,,,,,,,,,,1,2,1,1,3
200500065365,0005-10-30 16:55:00,5,10,30,16,55,130,55.0,PERE WRESINKI (ROND POIN,,,Plein jour,En agglomération,Hors intersection,Normale,Deux véhicules - arrière,,,,,,,,,,,1,2,1,1,2
200500065366,0005-10-24 19:30:00,5,10,24,19,30,130,55.0,"56, STRASBOURG (BD)",,,Nuit avec éclairage allumé,En agglomération,Hors intersection,Normale,Deux véhicules - côté,,,,,,,,,,,5,2,1,1,3
200500065367,0005-10-26 11:30:00,5,10,26,11,30,130,55.0,LIBERATION (BD),,,Plein jour,En agglomération,Intersection en X,Normale,Deux véhicules - côté,,,,,,,,,,,1,2,2,1,3
200500065368,0005-10-20 07:45:00,5,10,20,7,45,130,55.0,JEANNE D'AR (BD),,,Plein jour,En agglomération,Intersection en Y,Normale,Autre collision,,,,,,,,,,,1,2,4,1,6
200500065369,0005-10-31 11:50:00,5,10,31,11,50,130,55.0,"176, LIEUTAUD  (COURS 6E",,,Plein jour,En agglomération,Hors intersection,Normale,Deux véhicules - côté,,,,,,,,,,,1,2,1,1,3
200500065370,0005-10-30 05:40:00,5,10,30,5,40,130,55.0,FRANCOISE DUPARC (BD),,,Nuit avec éclairage allumé,En agglomération,Intersection en X,Normale,Deux véhicules - côté,,,,,,,,,,,5,2,2,1,3
200500065371,0005-10-18 12:00:00,5,10,18,12,0,130,55.0,"69, BRETEUIL (RUE)",,,Plein jour,En agglomération,Intersection en X,Normale,Deux véhicules - côté,,,,,,,,,,,1,2,2,1,3
200500065372,0005-10-06 14:25:00,5,10,6,14,25,130,55.0,KE (CORNICHE),,,Plein jour,En agglomération,Hors intersection,Normale,Deux véhicules - arrière,,,,,,,,,,,1,2,1,1,2
200500065373,0005-10-06 08:00:00,5,10,6,8,0,130,55.0,"4, MARTIN BRIG (RUE)",,,Plein jour,Hors agglomération,Hors intersection,Normale,Deux véhicules - arrière,,,,,,,,,,,1,1,1,1,2
200500065374,0005-10-31 19:30:00,5,10,31,19,30,130,55.0,"257, SAINT ANTOINE (AV D",,,Nuit avec éclairage allumé,En agglomération,Hors intersection,Normale,Deux véhicules - côté,,,,,,,,,,,5,2,1,1,3
200500065375,0005-10-27 15:30:00,5,10,27,15,30,130,55.0,", NEUF (BD)",,,Plein jour,En agglomération,Intersection en T,Temps éblouissant,Autre collision,,,,,,,,,,,1,2,3,7,6
200500065376,0005-10-28 11:10:00,5,10,28,11,10,130,55.0,"25, DAMES (BD DES)",,,Plein jour,En agglomération,Hors intersection,Normale,Deux véhicules - côté,,,,,,,,,,,1,2,1,1,3
200500065377,0005-10-30 21:55:00,5,10,30,21,55,130,55.0,"343, ROMAIN ROLLAND (BD)",,,Nuit avec éclairage allumé,En agglomération,Intersection en T,Normale,Deux véhicules - côté,,,,,,,,,,,5,2,3,1,3
200500065378,0005-10-10 09:15:00,5,10,10,9,15,130,55.0,MAMELUCKS (TRAVERSE),,,Plein jour,En agglomération,Intersection en T,Normale,Autre collision,,,,,,,,,,,1,2,3,1,6
200500065379,0005-10-29 14:30:00,5,10,29,14,30,130,55.0,J.P SARTRE (AVENUE),,,Plein jour,En agglomération,Hors intersection,Normale,Deux véhicules - arrière,,,,,,,,,,,1,2,1,1,2
200500065380,0005-10-11 16:00:00,5,10,11,16,0,130,55.0,"46, RIVE NEUVE (QUAI DE)",,,Plein jour,En agglomération,Hors intersection,Normale,Deux véhicules - côté,,,,,,,,,,,1,2,1,1,3
200500065381,0005-10-27 14:45:00,5,10,27,14,45,130,55.0,MAZENOD (RUE),,,Plein jour,En agglomération,Hors intersection,Normale,Deux véhicules - arrière,,,,,,,,,,,1,2,1,1,2
200500065382,0005-10-23 04:55:00,5,10,23,4,55,130,55.0,ALEX. FLEMING (BD),,,Nuit avec éclairage allumé,En agglomération,Hors intersection,Normale,Sans collision,,,,,,,,,,,5,2,1,1,7
200500065383,0005-10-17 09:35:00,5,10,17,9,35,130,55.0,"148, ROUX (BD)",,,Plein jour,En agglomération,Hors intersection,Normale,Deux véhicules - côté,,,,,,,,,,,1,2,1,1,3
200500065384,0005-10-17 12:15:00,5,10,17,12,15,130,55.0,NATIONAL (BD),,,Plein jour,En agglomération,Hors intersection,Normale,Deux véhicules - côté,,,,,,,,,,,1,2,1,1,3
200500065385,0005-10-27 21:00:00,5,10,27,21,0,130,55.0,"142, CANEBIERE (LA)",,,Nuit sans éclairage public,En agglomération,Hors intersection,Normale,Deux véhicules - côté,,,,,,,,,,,3,2,1,1,3
200500065386,0005-10-22 19:01:00,5,10,22,19,1,130,55.0,"42, EDMOND ROSTAND (RUE)",,,Nuit avec éclairage allumé,En agglomération,Intersection en T,Normale,Autre collision,,,,,,,,,,,5,2,3,1,6
200500065387,0005-10-26 08:45:00,5,10,26,8,45,130,55.0,"74, MAZARGUES (AV DE)",,,Plein jour,En agglomération,Intersection en T,Normale,Deux véhicules - frontale,,,,,,,,,,,1,2,3,1,1
200500065388,0005-10-28 03:40:00,5,10,28,3,40,130,55.0,"1, CATALANS (RUE DES)",,,Nuit avec éclairage allumé,En agglomération,Hors intersection,Normale,Sans collision,,,,,,,,,,,5,2,1,1,7
200500065389,0005-10-29 20:40:00,5,10,29,20,40,130,55.0,"45, SAKAKINI (BD)",,,Nuit avec éclairage allumé,En agglomération,Hors intersection,Normale,Autre collision,,,,,,,,,,,5,2,1,1,6
200500065390,0005-10-30 11:20:00,5,10,30,11,20,130,55.0,SAKAKINI (BD),,,Plein jour,En agglomération,Intersection en X,Normale,Deux véhicules - côté,,,,,,,,,,,1,2,2,1,3
200500065391,0005-10-21 18:00:00,5,10,21,18,0,130,55.0,ST ANTOINE A ST JO (CHEM,,,Plein jour,En agglomération,Hors intersection,Normale,Deux véhicules - arrière,,,,,,,,,,,1,2,1,1,2