accident_id,datetime,annee,mois,jour,heure,minute,departement,commune_insee,adresse,latitude,longitude,luminosite,agglomeration,intersection,meteo,collision,nb_vehicules,nb_usagers,nb_indemnes,nb_tues,nb_blesses_hosp,nb_blesses_legers,age_cond_1,age_cond_2,veh_type_cond_1,veh_type_cond_2,lum_code,agg_code,int_code,atm_code,col_code
200500065392,0005-10-27 17:00:00,5,10,27,17,0,130,55.0,"167, CHAVE (AVENUE)",,,Plein jour,En agglomération,Intersection en T,Normale,Autre collision,,,,,,,,,,,1,2,3,1,6
200500065393,0005-10-18 13:20:00,5,10,18,13,20,130,55.0,"00, COMMERCE (PLACE DU)",,,Plein jour,En agglomération,Hors intersection,Normale,Autre collision,,,,,,,,,,,1,2,1,1,6
200500065394,0005-10-29 11:15:00,5,10,29,11,15,130,55.0,LITTORAL (CHEMIN DU),,,Plein jour,En agglomération,Intersection en Y,Normale,Deux véhicules - côté,,,,,,,,,,,1,2,4,1,3
200500065395,0005-10-31 17:31:00,5,10,31,17,31,130,55.0,ARMENY (RUE D'),,,Crépuscule ou aube,En agglomération,Intersection en T,Normale,Autre collision,,,,,,,,,,,2,2,3,1,6
200500065396,0005-10-19 17:00:00,5,10,19,17,0,130,55.0,"129, BAILLE (BD)",,,Plein jour,En agglomération,Hors intersection,Normale,Deux véhicules - arrière,,,,,,,,,,,1,2,1,1,2
200500065397,0005-10-25 12:05:00,5,10,25,12,5,130,55.0,PARADIS (RUE),,,Plein jour,En agglomération,Hors intersection,Normale,Deux véhicules - arrière,,,,,,,,,,,1,2,1,1,2
200500065398,0005-10-14 09:30:00,5,10,14,9,30,130,55.0,"124, PLOMBIERES (BD DES)",,,Plein jour,En agglomération,Hors intersection,Normale,Deux véhicules - côté,,,,,,,,,,,1,2,1,1,3
200500065399,0005-10-24 21:40:00,5,10,24,21,40,130,55.0,CANEBIERE (LA)     81 A,,,Nuit avec éclairage allumé,En agglomération,Hors intersection,Normale,Deux véhicules - frontale,,,,,,,,,,,5,2,1,1,1
200500065400,0005-10-27 10:16:00,5,10,27,10,16,130,55.0,"00, TALABOT (AVENUE)",,,Plein jour,En agglomération,Hors intersection,Temps éblouissant,Autre collision,,,,,,,,,,,1,2,1,7,6
200500065401,0005-10-01 19:40:00,5,10,1,19,40,130,55.0,"73, KE (CORNICHE)",,,Nuit avec éclairage allumé,En agglomération,Hors intersection,Normale,Deux véhicules - côté,,,,,,,,,,,5,2,1,1,3
200500065402,0005-10-26 14:15:00,5,10,26,14,15,130,55.0,ROSE (AVENUE DE LA),,,Plein jour,En agglomération,Hors intersection,Normale,Deux véhicules - arrière,,,,,,,,,,,1,2,1,1,2
200500065403,0005-10-13 18:20:00,5,10,13,18,20,130,55.0,ANSALDI (RUE ALEXANDRE),,,Plein jour,En agglomération,Hors intersection,Normale,Autre collision,,,,,,,,,,,1,2,1,1,6
200500065404,0005-10-27 11:30:00,5,10,27,11,30,130,55.0,"23, PAUL LANGEVIN (RUE)",,,Plein jour,En agglomération,Hors intersection,Normale,Deux véhicules - arrière,,,,,,,,,,,1,2,1,1,2
200500065405,0005-10-11 09:00:00,5,10,11,9,0,130,55.0,JOYEUX (PLACE DES),,,Plein jour,En agglomération,Hors intersection,Normale,Trois véhicules et plus - collisions multiples,,,,,,,,,,,1,2,1,1,5
200500065406,0005-10-21 18:30:00,5,10,21,18,30,130,55.0,"21, DUGOMMIER (BD)",,,Crépuscule ou aube,En agglomération,Hors intersection,Normale,Autre collision,,,,,,,,,,,2,2,1,1,6
200500065407,0005-10-18 15:45:00,5,10,18,15,45,130,55.0,"6, GAMBETTA (ALLEE LEON)",,,Plein jour,En agglomération,Hors intersection,Normale,Autre collision,,,,,,,,,,,1,2,1,1,6
200500065408,0005-10-10 11:45:00,5,10,10,11,45,130,55.0,"31, GAMBETTA (ALLEE LEON",,,Plein jour,En agglomération,Intersection en T,Normale,Autre collision,,,,,,,,,,,1,2,3,1,6
200500065409,0005-10-24 07:00:00,5,10,24,7,0,130,55.0,"., MIN DE LA ROSE A LA G",,,Crépuscule ou aube,En agglomération,Hors intersection,Normale,Autre collision,,,,,,,,,,,2,2,1,1,6
200500065410,0005-10-29 17:15:00,5,10,29,17,15,130,55.0,SCHLOESING (BD),,,Plein jour,En agglomération,Hors intersection,Normale,Autre collision,,,,,,,,,,,1,2,1,1,6
200500065411,0005-10-29 19:00:00,5,10,29,19,0,130,55.0,"89, COLGATE (TRAVERSE)",,,Nuit avec éclairage allumé,En agglomération,Hors intersection,Normale,Autre collision,,,,,,,,,,,5,2,1,1,6
200500065412,0005-10-14 10:00:00,5,10,14,10,0,130,55.0,GINESTE (COL DE LA),,,Plein jour,Hors agglomération,Hors intersection,Normale,Trois véhicules et plus - en chaîne,,,,,,,,,,,1,1,1,1,4
200500065413,0005-10-14 07:25:00,5,10,14,7,25,130,55.0,"301, ROLLAND (BD ROMAIN)",,,Plein jour,En agglomération,Hors intersection,Normale,Deux véhicules - côté,,,,,,,,,,,1,2,1,1,3
200500065414,0005-10-20 17:00:00,5,10,20,17,0,130,55.0,"135, FLAMMARION (AVE CAM",,,Plein jour,En agglomération,Hors intersection,Normale,Deux véhicules - côté,,,,,,,,,,,1,2,1,1,3
200500065415,0005-10-17 07:30:00,5,10,17,7,30,130,55.0,"58, CAMOINS (AVENUE DES)",,,Crépuscule ou aube,En agglomération,Intersection en T,Normale,Deux véhicules - côté,,,,,,,,,,,2,2,3,1,3
200500065416,0005-10-14 16:00:00,5,10,14,16,0,130,55.0,"12, LECHATELIER (RUE)",,,Plein jour,En agglomération,Hors intersection,Normale,Deux véhicules - frontale,,,,,,,,,,,1,2,1,1,1
200500065417,0005-10-26 21:00:00,5,10,26,21,0,130,55.0,ARNAVON (AVENUE),,,Nuit avec éclairage allumé,En agglomération,Hors intersection,Normale,Autre collision,,,,,,,,,,,5,2,1,1,6
200500065418,0005-10-28 15:15:00,5,10,28,15,15,130,55.0,JAUBERT (RUE),,,Plein jour,En agglomération,Intersection en X,Normale,Deux véhicules - côté,,,,,,,,,,,1,2,2,1,3
200500065419,0005-10-22 20:15:00,5,10,22,20,15,130,55.0,DOCTEUR OLMER (BD),,,Nuit avec éclairage allumé,En agglomération,Hors intersection,Normale,Deux véhicules - côté,,,,,,,,,,,5,2,1,1,3
200500065420,0005-10-24 08:40:00,5,10,24,8,40,130,55.0,"6, MENARD (BD PIERRE)",,,Plein jour,En agglomération,Hors intersection,Normale,Autre collision,,,,,,,,,,,1,2,1,1,6
200500065421,0005-10-31 17:20:00,5,10,31,17,20,130,55.0,FLEMING (BD ALEXANDER),,,Crépuscule ou aube,En agglomération,Hors intersection,Normale,Deux véhicules - arrière,,,,,,,,,,,2,2,1,1,2
200500065422,0005-10-28 18:00:00,5,10,28,18,0,130,55.0,ALBE (RUE),,,Crépuscule ou aube,En agglomération,Hors intersection,Normale,Deux véhicules - côté,,,,,,,,,,,2,2,1,1,3
200500065423,0005-10-05 21:00:00,5,10,5,21,0,130,55.0,PERIER (BD),,,Nuit avec éclairage allumé,En agglomération,Hors intersection,Normale,Autre collision,,,,,,,,,,,5,2,1,1,6
200500065424,0005-10-12 13:00:00,5,10,12,13,0,130,55.0,"17, DUGOMMIER (BD)",,,Plein jour,En agglomération,Hors intersection,Normale,Deux véhicules - côté,,,,,,,,,,,1,2,1,1,3
200500065425,0005-10-14 09:05:00,5,10,14,9,5,130,55.0,"57, MIMET (CHEMIN DE)",,,Plein jour,En agglomération,Hors intersection,Normale,Autre collision,,,,,,,,,,,1,2,1,1,6
200500065426,0005-10-06 13:30:00,5,10,6,13,30,130,55.0,"10, GIRAUD (BD)",,,Plein jour,En agglomération,Hors intersection,Normale,Autre collision,,,,,,,,,,,1,2,1,1,6
200500065427,0005-10-29 07:05:00,5,10,29,7,5,130,55.0,"13, HUVEAUNE (BD DE)",,,Nuit avec éclairage allumé,En agglomération,Intersection en T,Normale,Autre collision,,,,,,,,,,,5,2,3,1,6
200500065428,0005-10-28 18:03:00,5,10,28,18,3,130,55.0,"11, MONTRICHIER (BD)",,,Crépuscule ou aube,En agglomération,Hors intersection,Normale,Deux véhicules - côté,,,,,,,,,,,2,2,1,1,3
200500065429,0005-10-14 11:00:00,5,10,14,11,0,130,55.0,"00, SAINT LOUP (BD DE)",,,Plein jour,En agglomération,Hors intersection,Normale,Deux véhicules - arrière,,,,,,,,,,,1,2,1,1,2
200500065430,0005-10-08 21:00:00,5,10,8,21,0,130,56.0,PORT DE BOUC ROUTE DE,,,Nuit avec éclairage allumé,En agglomération,Hors intersection,Normale,Deux véhicules - arrière,,,,,,,,,,,5,2,1,1,2
200500065431,0005-10-05 08:00:00,5,10,5,8,0,130,56.0,"6, MISTRAL AVENUE FREDER",,,Plein jour,En agglomération,Hors intersection,Normale,Autre collision,,,,,,,,,,,1,2,1,1,6
200500065432,0005-10-06 16:05:00,5,10,6,16,5,130,56.0,OLIVE AVENUE JULIEN,,,Plein jour,En agglomération,Hors intersection,Normale,Trois véhicules et plus - collisions multiples,,,,,,,,,,,1,2,1,1,5
200500065433,0005-10-04 15:50:00,5,10,4,15,50,130,77.0,VOLTAIRE (bld),,,Plein jour,En agglomération,Hors intersection,Normale,Sans collision,,,,,,,,,,,1,2,1,1,7
200500065434,0005-10-16 15:40:00,5,10,16,15,40,130,39.0,ROUTE NATIONALE 569,,,Plein jour,Hors agglomération,Hors intersection,Normale,Deux véhicules - côté,,,,,,,,,,,1,1,1,1,3
200500065435,0005-10-02 06:40:00,5,10,2,6,40,130,39.0,RN 568,,,Nuit avec éclairage non allumé,En agglomération,Hors intersection,Normale,Deux véhicules - côté,,,,,,,,,,,4,2,1,1,3
200500065436,0005-10-22 00:20:00,5,10,22,0,20,130,56.0,"37, BASTIDES ROUTE DES",,,Nuit sans éclairage public,Hors agglomération,Hors intersection,Normale,Sans collision,,,,,,,,,,,3,1,1,1,7
200500065437,0005-10-04 14:45:00,5,10,4,14,45,130,39.0,PHION (Chemin de),,,Plein jour,En agglomération,Hors intersection,Normale,Sans collision,,,,,,,,,,,1,2,1,1,7
200500065438,0005-10-22 17:55:00,5,10,22,17,55,130,56.0,QUATORZE JUILLET,,,Plein jour,En agglomération,Hors intersection,Normale,Autre collision,,,,,,,,,,,1,2,1,1,6
200500065439,0005-10-23 10:45:00,5,10,23,10,45,130,39.0,POMPIDOU GEORGES (avenue,,,Plein jour,En agglomération,Intersection en T,Normale,Deux véhicules - arrière,,,,,,,,,,,1,2,3,1,2
200500065440,0005-10-29 23:20:00,5,10,29,23,20,130,77.0,RN 568,,,Nuit sans éclairage public,Hors agglomération,Hors intersection,Normale,Autre collision,,,,,,,,,,,3,1,1,1,6
200500065441,0005-10-21 12:40:00,5,10,21,12,40,130,77.0,MER (avenu de la),,,Plein jour,En agglomération,Intersection en T,Normale,Deux véhicules - côté,,,,,,,,,,,1,2,3,1,3
200500065442,0005-10-27 08:00:00,5,10,27,8,0,130,56.0,EDISON ALLEE THOMAS,,,Plein jour,En agglomération,Intersection en T,Normale,Trois véhicules et plus - en chaîne,,,,,,,,,,,1,2,3,1,4
200500065443,0005-10-31 16:00:00,5,10,31,16,0,130,26.0,RN 568,,,Plein jour,Hors agglomération,Hors intersection,Normale,Deux véhicules - frontale,,,,,,,,,,,1,1,1,1,1
200500065444,0005-10-23 09:55:00,5,10,23,9,55,130,78.0,PORT (AVENUE DU),,,Plein jour,En agglomération,Place,Temps couvert,Deux véhicules - côté,,,,,,,,,,,1,2,7,8,3
200500065445,0005-10-15 19:35:00,5,10,15,19,35,130,103.0,AVENUE LECLERC - DU MARE,,,Nuit avec éclairage allumé,En agglomération,Intersection en X,Normale,Trois véhicules et plus - collisions multiples,,,,,,,,,,,5,2,2,1,5
200500065446,0005-10-25 16:10:00,5,10,25,16,10,130,103.0,CHEMIN GRANDE CARRAIRE,,,Plein jour,En agglomération,Hors intersection,Normale,Deux véhicules - frontale,,,,,,,,,,,1,2,1,1,1
200500065447,0005-10-23 09:00:00,5,10,23,9,0,130,117.0,MARSEILLE ( AVENUE DE ),,,Plein jour,En agglomération,Hors intersection,Normale,Deux véhicules - côté,,,,,,,,,,,1,2,1,1,3
200500065448,0005-10-03 08:30:00,5,10,3,8,30,130,71.0,PTT GAVOTTE (RN 113),,,Plein jour,En agglomération,Hors intersection,Normale,Autre collision,,,,,,,,,,,1,2,1,1,6
200500065449,0005-10-04 09:30:00,5,10,4,9,30,130,117.0,CHEMIN DEPARTEMENTAL CD,,,Plein jour,Hors agglomération,Hors intersection,Normale,Deux véhicules - côté,,,,,,,,,,,1,1,1,1,3
200500065450,0005-10-17 12:05:00,5,10,17,12,5,130,117.0,EUROPE ( AVENUE DE L' ),,,Plein jour,En agglomération,Hors intersection,Pluie légère,Deux véhicules - côté,,,,,,,,,,,1,2,1,2,3
200500065451,0005-10-19 08:30:00,5,10,19,8,30,130,117.0,BERLIN (RUE DE),,,Plein jour,En agglomération,Intersection en X,Pluie légère,Deux véhicules - côté,,,,,,,,,,,1,2,2,2,3
200500065452,0005-10-19 06:45:00,5,10,19,6,45,130,117.0,STADIUM (CD9),,,Nuit sans éclairage public,Hors agglomération,Hors intersection,Normale,Deux véhicules - côté,,,,,,,,,,,3,1,1,1,3
200500065453,0005-10-19 16:15:00,5,10,19,16,15,130,117.0,PROVI VIANDE (MAGASIN) A,,,Plein jour,En agglomération,Hors intersection,Normale,Deux véhicules - côté,,,,,,,,,,,1,2,1,1,3
200500065454,0005-10-22 11:20:00,5,10,22,11,20,130,71.0,"XX, AICARD ( BOULEVARD J",,,Plein jour,Hors agglomération,Hors intersection,Normale,Deux véhicules - côté,,,,,,,,,,,1,1,1,1,3
200500065455,0005-10-24 11:30:00,5,10,24,11,30,130,117.0,SALYENS ( AVENUE DES ),,,Plein jour,En agglomération,Hors intersection,Normale,Deux véhicules - arrière,,,,,,,,,,,1,2,1,1,2
200500065456,0005-10-28 11:15:00,5,10,28,11,15,130,117.0,BAOU (QUARTIER DU PONT D,,,Plein jour,En agglomération,Hors intersection,Normale,Deux véhicules - arrière,,,,,,,,,,,1,2,1,1,2
200500065457,0005-10-03 13:15:00,5,10,3,13,15,140,118.0,ROUTE NATIONALE 814,,,Plein jour,En agglomération,Autre intersection,Normale,Trois véhicules et plus - collisions multiples,,,,,,,,,,,1,2,9,1,5
200500065458,0005-10-01 14:35:00,5,10,1,14,35,140,437.0,"49, FRANCE (AVENUE PIERR",,,Plein jour,En agglomération,Hors intersection,Temps couvert,Trois véhicules et plus - en chaîne,,,,,,,,,,,1,2,1,8,4
200500065459,0005-10-05 11:45:00,5,10,5,11,45,140,341.0,"14, LE VERRIER (RUE URBA",,,Plein jour,En agglomération,Hors intersection,Temps couvert,Deux véhicules - côté,,,,,,,,,,,1,2,1,8,3
200500065460,0005-10-06 11:55:00,5,10,6,11,55,140,242.0,"0, RD N° 7 (DE CAEN A DO",,,Plein jour,En agglomération,Hors intersection,Normale,Deux véhicules - arrière,,,,,,,,,,,1,2,1,1,2
200500065461,0005-10-11 12:45:00,5,10,11,12,45,140,118.0,"0, SAINT PAUL (PLACE)",,,Plein jour,En agglomération,Intersection en X,Normale,Deux véhicules - côté,,,,,,,,,,,1,2,2,1,3
200500065462,0005-10-12 13:40:00,5,10,12,13,40,140,437.0,MENDES FRANCE  (AVENUE P,,,Plein jour,En agglomération,Intersection en X,Pluie légère,Deux véhicules - frontale,,,,,,,,,,,1,2,2,2,1
200500065463,0005-10-14 19:35:00,5,10,14,19,35,140,118.0,"0, CHEMIN VERT (RUE DU <",,,Nuit avec éclairage allumé,Hors agglomération,Hors intersection,Normale,Deux véhicules - côté,,,,,,,,,,,5,1,1,1,3
200500065464,0005-10-15 18:00:00,5,10,15,18,0,140,118.0,BOURGOGNE (RUE DE),,,Plein jour,En agglomération,Hors intersection,Normale,Deux véhicules - côté,,,,,,,,,,,1,2,1,1,3
200500065465,0005-10-20 02:35:00,5,10,20,2,35,140,118.0,"73, COURSEULLES (AVENUE",,,Nuit avec éclairage allumé,En agglomération,Hors intersection,Temps couvert,Autre collision,,,,,,,,,,,5,2,1,8,6
200500065466,0005-10-29 03:50:00,5,10,29,3,50,140,101.0,"2, BRETAGNE (ROUTE DE )",,,Nuit avec éclairage allumé,En agglomération,Hors intersection,Pluie légère,Autre collision,,,,,,,,,,,5,2,1,2,6
200500065467,0005-10-19 07:10:00,5,10,19,7,10,140,487.0,R.D 579,,,Nuit sans éclairage public,Hors agglomération,Hors intersection,Normale,Deux véhicules - arrière,,,,,,,,,,,3,1,1,1,2
200500065468,0005-10-20 14:15:00,5,10,20,14,15,140,366.0,"39, ROGER AINI (RUE)",,,Plein jour,En agglomération,Intersection en T,Normale,Deux véhicules - côté,,,,,,,,,,,1,2,3,1,3
200500065469,0005-10-13 18:00:00,5,10,13,18,0,150,14.0,"1, HUMIERES (RUE ROBERT",,,Plein jour,En agglomération,Intersection en T,Normale,Trois véhicules et plus - collisions multiples,,,,,,,,,,,1,2,3,1,5
200500065470,0005-10-04 18:25:00,5,10,4,18,25,160,15.0,"116, MONTBRON (RUE DE N°",,,Nuit avec éclairage non allumé,En agglomération,Hors intersection,Normale,Sans collision,,,,,,,,,,,4,2,1,1,7
200500065471,0005-10-19 20:05:00,5,10,19,20,5,160,113.0,"0, RD 215",,,Nuit sans éclairage public,Hors agglomération,Hors intersection,Normale,Sans collision,,,,,,,,,,,3,1,1,1,7
200500065472,0005-10-20 09:10:00,5,10,20,9,10,160,113.0,BREUTY (ROUTE DE),,,Plein jour,Hors agglomération,Intersection en T,Pluie légère,Deux véhicules - côté,,,,,,,,,,,1,1,3,2,3
200500065473,0005-10-22 14:25:00,5,10,22,14,25,160,15.0,PETIT FRESQUET,,,Plein jour,En agglomération,Intersection en T,Normale,Deux véhicules - côté,,,,,,,,,,,1,2,3,1,3
200500065474,0005-10-21 17:30:00,5,10,21,17,30,160,15.0,LATTRE DE TASSIGNY (AVEN,,,Plein jour,En agglomération,Intersection en T,Normale,Deux véhicules - côté,,,,,,,,,,,1,2,3,1,3
200500065475,0005-10-20 08:05:00,5,10,20,8,5,160,15.0,FERRY (AVENUE JULES),,,Crépuscule ou aube,En agglomération,Hors intersection,Normale,Sans collision,,,,,,,,,,,2,2,1,1,7
200500065476,0005-10-30 15:35:00,5,10,30,15,35,160,358.0,"156, SAINT-JEAN-D'ANGELY",,,Plein jour,En agglomération,Hors intersection,Normale,Deux véhicules - côté,,,,,,,,,,,1,2,1,1,3
200500065477,0005-10-30 13:45:00,5,10,30,13,45,160,15.0,THEBAUD (BOULEVARD HENRI,,,Plein jour,En agglomération,Hors intersection,Normale,Sans collision,,,,,,,,,,,1,2,1,1,7
200500065478,0005-10-19 18:20:00,5,10,19,18,20,160,102.0,"248, HUGO (AVENUE VICTOR",,,Plein jour,En agglomération,Intersection en X,Normale,Deux véhicules - côté,,,,,,,,,,,1,2,2,1,3
200500065479,0005-10-04 19:15:00,5,10,4,19,15,170,299.0,"172990373, WILSON AVENUE",,,Plein jour,En agglomération,Hors intersection,Normale,Deux véhicules - côté,,,,,,,,,,,1,2,1,1,3
200500065480,0005-10-06 07:00:00,5,10,6,7,0,170,299.0,"172990204, LA FAYETTE RU",,,Nuit sans éclairage public,En agglomération,Intersection en X,Normale,Deux véhicules - côté,,,,,,,,,,,3,2,2,1,3
200500065481,0005-10-11 07:30:00,5,10,11,7,30,170,299.0,"172990352, TOUFAIRE RUE",,,Nuit avec éclairage allumé,En agglomération,Intersection en T,Normale,Autre collision,,,,,,,,,,,5,2,3,1,6
200500065482,0005-10-19 17:45:00,5,10,19,17,45,170,299.0,"172990303, POUZET BOULEV",,,Plein jour,En agglomération,Intersection en X,Normale,Deux véhicules - côté,,,,,,,,,,,1,2,2,1,3
200500065483,0005-10-27 09:20:00,5,10,27,9,20,170,299.0,"172990281, PELLETAN AVEN",,,Plein jour,En agglomération,Intersection en T,Normale,Sans collision,,,,,,,,,,,1,2,3,1,7
200500065484,0005-10-30 18:50:00,5,10,30,18,50,170,299.0,"172990048, BIIGNON BOULE",,,Nuit avec éclairage non allumé,En agglomération,Hors intersection,Normale,Deux véhicules - arrière,,,,,,,,,,,4,2,1,1,2
200500065485,0005-10-01 12:10:00,5,10,1,12,10,170,300.0,"00, DELMAS   AVENUE MAUR",,,Plein jour,Hors agglomération,Hors intersection,Normale,Deux véhicules - côté,,,,,,,,,,,1,1,1,1,3
200500065486,0005-10-02 15:15:00,5,10,2,15,15,170,274.0,CHAGNOLET   RUE DE,,,Plein jour,Hors agglomération,Intersection en X,Normale,Deux véhicules - côté,,,,,,,,,,,1,1,2,1,3
200500065487,0005-10-03 07:55:00,5,10,3,7,55,170,300.0,"2, BARBUSSE   RUE HENRI",,,Crépuscule ou aube,En agglomération,Hors intersection,Normale,Deux véhicules - côté,,,,,,,,,,,2,2,1,1,3
200500065488,0005-10-03 08:10:00,5,10,3,8,10,170,300.0,"120, NORMANDIN   RUE EMI",,,Plein jour,En agglomération,Hors intersection,Normale,Deux véhicules - côté,,,,,,,,,,,1,2,1,1,3
200500065489,0005-10-10 14:05:00,5,10,10,14,5,170,300.0,"00, REPUBLIQUE   BOULEVA",,,Plein jour,En agglomération,Hors intersection,Normale,Deux véhicules - côté,,,,,,,,,,,1,2,1,1,3
200500065490,0005-10-03 14:30:00,5,10,3,14,30,170,300.0,EUROPE   ROND-POINT DE L,,,Plein jour,En agglomération,Hors intersection,Normale,Deux véhicules - arrière,,,,,,,,,,,1,2,1,1,2
200500065491,0005-10-05 10:25:00,5,10,5,10,25,170,300.0,"04 TER, POINCARE   AVENU",,,Plein jour,En agglomération,Hors intersection,Normale,Deux véhicules - côté,,,,,,,,,,,1,2,1,1,3
200500065492,0005-10-05 12:20:00,5,10,5,12,20,170,300.0,"02, QUATORZE JUILLET   A",,,Plein jour,En agglomération,Intersection en X,Normale,Deux véhicules - côté,,,,,,,,,,,1,2,2,1,3
200500065493,0005-10-05 20:48:00,5,10,5,20,48,170,300.0,"00, SARTRE   AVENUE JEAN",,,Nuit avec éclairage allumé,En agglomération,Hors intersection,Normale,Deux véhicules - côté,,,,,,,,,,,5,2,1,1,3
200500065494,0005-10-07 03:45:00,5,10,7,3,45,170,300.0,"19, SARDINERIE   RUE",,,Nuit avec éclairage allumé,En agglomération,Hors intersection,Normale,Autre collision,,,,,,,,,,,5,2,1,1,6
200500065495,0005-10-07 17:55:00,5,10,7,17,55,170,300.0,"94, LACROIX   RUE MARIUS",,,Plein jour,En agglomération,Hors intersection,Normale,Deux véhicules - côté,,,,,,,,,,,1,2,1,1,3
200500065496,0005-10-08 18:15:00,5,10,8,18,15,170,300.0,"84, SAUTEL  BOULEVARD AN",,,Plein jour,En agglomération,Hors intersection,Normale,Autre collision,,,,,,,,,,,1,2,1,1,6
200500065497,0005-10-09 17:00:00,5,10,9,17,0,170,300.0,"10, PLANQUETTE   RUE",,,Plein jour,En agglomération,Intersection en X,Normale,Deux véhicules - côté,,,,,,,,,,,1,2,2,1,3
200500065498,0005-10-09 14:20:00,5,10,9,14,20,170,300.0,"77, MUSE   RUE DE LA (>7",,,Plein jour,En agglomération,Hors intersection,Normale,Autre collision,,,,,,,,,,,1,2,1,1,6
200500065499,0005-10-10 08:50:00,5,10,10,8,50,170,300.0,DURAND   QUAI LOUIS,,,Plein jour,En agglomération,Hors intersection,Normale,Deux véhicules - côté,,,,,,,,,,,1,2,1,1,3
200500065500,0005-10-10 10:36:00,5,10,10,10,36,170,300.0,"104, ROMPSAY   AVENUE DE",,,Plein jour,En agglomération,Hors intersection,Normale,Autre collision,,,,,,,,,,,1,2,1,1,6
200500065501,0005-10-10 17:13:00,5,10,10,17,13,170,300.0,"23, LECLERC   AVENUE DU",,,Plein jour,En agglomération,Hors intersection,Normale,Deux véhicules - côté,,,,,,,,,,,1,2,1,1,3
200500065502,0005-10-12 06:45:00,5,10,12,6,45,170,28.0,"28, LYSIACK   AVENUE DU",,,Crépuscule ou aube,En agglomération,Giratoire,Normale,Sans collision,,,,,,,,,,,2,2,6,1,7
200500065503,0005-10-12 22:55:00,5,10,12,22,55,170,291.0,01 PK RN237 RE MOULIN JU,,,Nuit avec éclairage allumé,En agglomération,Hors intersection,Pluie légère,Sans collision,,,,,,,,,,,5,2,1,2,7
200500065504,0005-10-12 11:00:00,5,10,12,11,0,170,300.0,MAUBEC   QUAI,,,Plein jour,En agglomération,Intersection en X,Normale,Deux véhicules - côté,,,,,,,,,,,1,2,2,1,3
200500065505,0005-10-15 18:35:00,5,10,15,18,35,170,300.0,"120, CREPEAU   AVENUE MI",,,Plein jour,En agglomération,Hors intersection,Normale,Sans collision,,,,,,,,,,,1,2,1,1,7
200500065506,0005-10-17 09:05:00,5,10,17,9,5,170,291.0,0 PK RN237 MOULIN JUSTIC,,,Plein jour,Hors agglomération,Hors intersection,Normale,Deux véhicules - arrière,,,,,,,,,,,1,1,1,1,2
200500065507,0005-10-19 18:15:00,5,10,19,18,15,170,300.0,"186, DENFERT-ROCHEREAU",,,Plein jour,En agglomération,Intersection en Y,Normale,Deux véhicules - arrière,,,,,,,,,,,1,2,4,1,2
200500065508,0005-10-19 20:25:00,5,10,19,20,25,170,300.0,GRASSET   AVENUE EDMOND,,,Nuit avec éclairage allumé,En agglomération,Hors intersection,Normale,Deux véhicules - arrière,,,,,,,,,,,5,2,1,1,2
200500065509,0005-10-20 23:50:00,5,10,20,23,50,170,300.0,"02, CENT-VINGT-TROISIEME",,,Nuit avec éclairage allumé,En agglomération,Intersection en X,Normale,Deux véhicules - côté,,,,,,,,,,,5,2,2,1,3
200500065510,0005-10-21 21:30:00,5,10,21,21,30,170,300.0,113 PK RN137 JUSTICE ROC,,,Nuit sans éclairage public,Hors agglomération,Hors intersection,Pluie légère,Deux véhicules - arrière,,,,,,,,,,,3,1,1,2,2
200500065511,0005-10-24 00:15:00,5,10,24,0,15,170,300.0,"18, NORMANDIN   RUE EMIL",,,Nuit avec éclairage allumé,En agglomération,Hors intersection,Normale,Deux véhicules - arrière,,,,,,,,,,,5,2,1,1,2
200500065512,0005-10-24 16:00:00,5,10,24,16,0,170,300.0,"36, GARGOULLEAU   RUE",,,Plein jour,En agglomération,Hors intersection,Normale,Autre collision,,,,,,,,,,,1,2,1,1,6
200500065513,0005-10-25 14:30:00,5,10,25,14,30,170,300.0,DANTON   AVENUE,,,Plein jour,En agglomération,Intersection en X,Normale,Deux véhicules - côté,,,,,,,,,,,1,2,2,1,3
200500065514,0005-10-25 19:10:00,5,10,25,19,10,170,300.0,"2, PISSARO   RUE CAMILLE",,,Nuit avec éclairage allumé,En agglomération,Autre intersection,Normale,Deux véhicules - côté,,,,,,,,,,,5,2,9,1,3
200500065515,0005-10-26 15:00:00,5,10,26,15,0,170,300.0,"47, GUITON   AVENUE JEAN",,,Plein jour,Hors agglomération,Hors intersection,Normale,Deux véhicules - arrière,,,,,,,,,,,1,1,1,1,2
200500065516,0005-10-27 12:10:00,5,10,27,12,10,170,300.0,"001, LECLERC   AVENUE DU",,,Plein jour,En agglomération,Intersection en T,Normale,Deux véhicules - côté,,,,,,,,,,,1,2,3,1,3
200500065517,0005-10-28 17:40:00,5,10,28,17,40,170,300.0,117 PK RN137 ROCHEFORT J,,,Nuit avec éclairage allumé,En agglomération,Hors intersection,Normale,Deux véhicules - arrière,,,,,,,,,,,5,2,1,1,2
200500065518,0005-10-28 20:15:00,5,10,28,20,15,170,300.0,JOFFRE   BOULEVARD (1/25,,,Nuit avec éclairage allumé,En agglomération,Hors intersection,Normale,Autre collision,,,,,,,,,,,5,2,1,1,6
200500065519,0005-10-29 18:30:00,5,10,29,18,30,170,291.0,"20, REPUBLIQUE   RUE DE",,,Plein jour,En agglomération,Hors intersection,Normale,Deux véhicules - côté,,,,,,,,,,,1,2,1,1,3