accident_id,datetime,annee,mois,jour,heure,minute,departement,commune_insee,adresse,latitude,longitude,luminosite,agglomeration,intersection,meteo,collision,nb_vehicules,nb_usagers,nb_indemnes,nb_tues,nb_blesses_hosp,nb_blesses_legers,age_cond_1,age_cond_2,veh_type_cond_1,veh_type_cond_2,lum_code,agg_code,int_code,atm_code,col_code
200500065648,0005-10-26 16:45:00,5,10,26,16,45,210,231.0,DEVOSGE (RUE),,,Plein jour,En agglomération,Place,Normale,Autre collision,,,,,,,,,,,1,2,7,1,6
200500065649,0005-10-27 14:00:00,5,10,27,14,0,210,231.0,ALBERT PREMIER (AVENUE),,,Plein jour,En agglomération,Intersection en Y,Normale,Deux véhicules - frontale,,,,,,,,,,,1,2,4,1,1
200500065650,0005-10-28 08:45:00,5,10,28,8,45,210,231.0,PETIT CITEAUX (DU) (RUE),,,Plein jour,Hors agglomération,Intersection en X,Normale,Deux véhicules - côté,,,,,,,,,,,1,1,2,1,3
200500065651,0005-10-28 23:50:00,5,10,28,23,50,210,617.0,COMBE VALTON (AVENUE),,,Nuit avec éclairage allumé,Hors agglomération,Hors intersection,Normale,Autre collision,,,,,,,,,,,5,1,1,1,6
200500065652,0005-10-29 11:15:00,5,10,29,11,15,210,231.0,DALLAS (DE) (AVENUE),,,Plein jour,En agglomération,Intersection en T,Normale,Deux véhicules - côté,,,,,,,,,,,1,2,3,1,3
200500065653,0005-10-30 02:20:00,5,10,30,2,20,210,231.0,CHANOINE KIR (BOULEVARD),,,Nuit avec éclairage allumé,En agglomération,Intersection en X,Normale,Deux véhicules - côté,,,,,,,,,,,5,2,2,1,3
200500065654,0005-10-29 16:30:00,5,10,29,16,30,210,231.0,STEARINERIE (DE LA) (RUE,,,Plein jour,En agglomération,Intersection en X,Normale,Deux véhicules - côté,,,,,,,,,,,1,2,2,1,3
200500065655,0005-10-31 09:45:00,5,10,31,9,45,210,231.0,MARTYRS DE LA RESISTANCE,,,Plein jour,En agglomération,Hors intersection,Normale,Deux véhicules - arrière,,,,,,,,,,,1,2,1,1,2
200500065656,0005-10-31 12:30:00,5,10,31,12,30,210,231.0,LONGVIC (DE) (RUE),,,Plein jour,En agglomération,Intersection en Y,Normale,Deux véhicules - côté,,,,,,,,,,,1,2,4,1,3
200500065657,0005-10-31 15:15:00,5,10,31,15,15,210,231.0,"30, MARECHAL GALLIENI (B",,,Plein jour,En agglomération,Hors intersection,Temps couvert,Deux véhicules - arrière,,,,,,,,,,,1,2,1,8,2
200500065658,0005-10-19 13:30:00,5,10,19,13,30,220,50.0,"17, CHATEAUBRIAND (RUE)",,,Plein jour,En agglomération,Hors intersection,Normale,Deux véhicules - côté,,,,,,,,,,,1,2,1,1,3
200500065659,0005-10-05 20:00:00,5,10,5,20,0,220,113.0,RESISTANCE (AVENUE DE LA,,,Crépuscule ou aube,En agglomération,Hors intersection,Normale,Sans collision,,,,,,,,,,,2,2,1,1,7
200500065660,0005-10-19 14:30:00,5,10,19,14,30,220,113.0,MENDES FRANCE (BOULEVARD,,,Plein jour,En agglomération,Hors intersection,Normale,Deux véhicules - côté,,,,,,,,,,,1,2,1,1,3
200500065661,0005-10-03 19:00:00,5,10,3,19,0,220,278.0,"0, CORDERIE (DE LA)",,,Plein jour,En agglomération,Intersection en X,Normale,Deux véhicules - arrière,,,,,,,,,,,1,2,2,1,2
200500065662,0005-10-06 18:00:00,5,10,6,18,0,220,360.0,"22, SEGUIN (RUE MARC)",,,Plein jour,En agglomération,Hors intersection,Normale,Deux véhicules - côté,,,,,,,,,,,1,2,1,1,3
200500065663,0005-10-06 08:00:00,5,10,6,8,0,220,360.0,"0, VALLEE (RUE DE LA)",,,Crépuscule ou aube,Hors agglomération,Intersection en X,Brouillard / fumée,Deux véhicules - côté,,,,,,,,,,,2,1,2,5,3
200500065664,0005-10-09 10:25:00,5,10,9,10,25,220,278.0,"0, TREGUEUX (DE)",,,Plein jour,En agglomération,Hors intersection,Normale,Autre collision,,,,,,,,,,,1,2,1,1,6
200500065665,0005-10-13 07:55:00,5,10,13,7,55,220,278.0,"30, RIBOT (THEODULE)",,,Crépuscule ou aube,En agglomération,Intersection en X,Pluie légère,Deux véhicules - frontale,,,,,,,,,,,2,2,2,2,1
200500065666,0005-10-13 13:35:00,5,10,13,13,35,220,278.0,"0, PRIGENT (EDOUARD)",,,Plein jour,En agglomération,Giratoire,Normale,Deux véhicules - côté,,,,,,,,,,,1,2,6,1,3
200500065667,0005-10-19 08:05:00,5,10,19,8,5,220,278.0,"28, CHARNER (BD)",,,Crépuscule ou aube,En agglomération,Hors intersection,Normale,Autre collision,,,,,,,,,,,2,2,1,1,6
200500065668,0005-10-19 13:35:00,5,10,19,13,35,220,360.0,"14, COULOMB (RUE CHARLES",,,Plein jour,En agglomération,Hors intersection,Normale,Deux véhicules - arrière,,,,,,,,,,,1,2,1,1,2
200500065669,0005-10-19 14:05:00,5,10,19,14,5,220,106.0,"0, VERNE (RUE JULES)",,,Plein jour,Hors agglomération,Hors intersection,Normale,Autre collision,,,,,,,,,,,1,1,1,1,6
200500065670,0005-10-14 18:55:00,5,10,14,18,55,220,278.0,"67, PINOT-DUCLOS",,,Crépuscule ou aube,En agglomération,Hors intersection,Normale,Deux véhicules - côté,,,,,,,,,,,2,2,1,1,3
200500065671,0005-10-25 15:05:00,5,10,25,15,5,220,278.0,"0, MONGE",,,Plein jour,En agglomération,Intersection en X,Normale,Deux véhicules - côté,,,,,,,,,,,1,2,2,1,3
200500065672,0005-10-31 16:15:00,5,10,31,16,15,220,360.0,", D 700",,,Plein jour,En agglomération,Hors intersection,Temps couvert,Trois véhicules et plus - collisions multiples,,,,,,,,,,,1,2,1,8,5
200500065673,0005-10-25 10:10:00,5,10,25,10,10,230,96.0,MARTINET (RUE ),,,Plein jour,En agglomération,Hors intersection,Normale,Sans collision,,,,,,,,,,,1,2,1,1,7
200500065674,0005-10-29 10:55:00,5,10,29,10,55,230,96.0,JAURES (RUE JEAN),,,Plein jour,En agglomération,Intersection en Y,Normale,Autre collision,,,,,,,,,,,1,2,4,1,6
200500065675,0005-10-31 23:19:00,5,10,31,23,19,240,37.0,RD 19,,,Nuit avec éclairage allumé,En agglomération,Hors intersection,Brouillard / fumée,Autre collision,,,,,,,,,,,5,2,1,5,6
200500065676,0005-10-04 12:09:00,5,10,4,12,9,240,322.0,"00, MORAND ( RUE DU GENE",,,Plein jour,En agglomération,Intersection en T,Normale,Autre collision,,,,,,,,,,,1,2,3,1,6
200500065677,0005-10-05 14:07:00,5,10,5,14,7,240,322.0,"00, MONTAIGNE (COURS MIC",,,Plein jour,En agglomération,Hors intersection,Normale,Autre collision,,,,,,,,,,,1,2,1,1,6
200500065678,0005-10-06 12:41:00,5,10,6,12,41,240,322.0,"101, PETIT CHANGE (BOULE",,,Plein jour,En agglomération,Intersection en T,Normale,Autre collision,,,,,,,,,,,1,2,3,1,6
200500065679,0005-10-07 21:11:00,5,10,7,21,11,240,322.0,"00, CHANZY (RUE DE)",,,Nuit avec éclairage allumé,En agglomération,Intersection en X,Normale,Autre collision,,,,,,,,,,,5,2,2,1,6
200500065680,0005-10-12 08:19:00,5,10,12,8,19,240,53.0,"00, FRACHON (AVENUE BENO",,,Crépuscule ou aube,En agglomération,Intersection en T,Normale,Autre collision,,,,,,,,,,,2,2,3,1,6
200500065681,0005-10-13 07:40:00,5,10,13,7,40,240,138.0,"52, GAULLE (AVENUE DU GE",,,Nuit sans éclairage public,En agglomération,Hors intersection,Pluie forte,Deux véhicules - arrière,,,,,,,,,,,3,2,1,3,2
200500065682,0005-10-17 17:27:00,5,10,17,17,27,240,322.0,CERF (PONT DU),,,Plein jour,En agglomération,Hors intersection,Normale,Deux véhicules - frontale,,,,,,,,,,,1,2,1,1,1
200500065683,0005-10-21 07:18:00,5,10,21,7,18,240,557.0,DIGITALES (RUE DES),,,Nuit sans éclairage public,En agglomération,Hors intersection,Pluie légère,Autre collision,,,,,,,,,,,3,2,1,2,6
200500065684,0005-10-21 04:50:00,5,10,21,4,50,240,557.0,"00, DIGITALES (RUE DES)",,,Nuit avec éclairage allumé,En agglomération,Intersection en X,Normale,Autre collision,,,,,,,,,,,5,2,2,1,6
200500065685,0005-10-21 23:16:00,5,10,21,23,16,240,322.0,"02, SAINT GEORGES (COURS",,,Nuit avec éclairage allumé,En agglomération,Intersection en T,Normale,Autre collision,,,,,,,,,,,5,2,3,1,6
200500065686,0005-10-22 18:15:00,5,10,22,18,15,240,322.0,"49, AUBAREDE (RUE)",,,Crépuscule ou aube,En agglomération,Intersection en T,Normale,Deux véhicules - côté,,,,,,,,,,,2,2,3,1,3
200500065687,0005-10-26 18:00:00,5,10,26,18,0,240,102.0,CHERCUZAC (ROUTE DE),,,Plein jour,En agglomération,Intersection en T,Normale,Autre collision,,,,,,,,,,,1,2,3,1,6
200500065688,0005-10-26 20:20:00,5,10,26,20,20,240,557.0,"00, GRANDOU (AVENUE MICH",,,Nuit avec éclairage allumé,En agglomération,Hors intersection,Normale,Autre collision,,,,,,,,,,,5,2,1,1,6
200500065689,0005-10-29 12:16:00,5,10,29,12,16,240,102.0,TOUR BLANCHE (ROUTE DE L,,,Plein jour,En agglomération,Hors intersection,Pluie légère,Autre collision,,,,,,,,,,,1,2,1,2,6
200500065690,0005-10-31 10:51:00,5,10,31,10,51,240,322.0,"00, ARSAULT (RUE DE L')",,,Plein jour,En agglomération,Intersection en T,Pluie légère,Deux véhicules - arrière,,,,,,,,,,,1,2,3,2,2
200500065691,0005-10-04 15:50:00,5,10,4,15,50,250,56.0,"1, GRIFFON  PLACE",,,Plein jour,En agglomération,Hors intersection,Pluie forte,Autre collision,,,,,,,,,,,1,2,1,3,6
200500065692,0005-10-01 07:30:00,5,10,1,7,30,250,56.0,"148, BELFORT RUE DE BELF",,,Crépuscule ou aube,En agglomération,Hors intersection,Normale,Deux véhicules - arrière,,,,,,,,,,,2,2,1,1,2
200500065693,0005-10-02 16:10:00,5,10,2,16,10,250,56.0,DOLE RUE DE >82 & <185,,,Plein jour,En agglomération,Hors intersection,Pluie légère,Autre collision,,,,,,,,,,,1,2,1,2,6
200500065694,0005-10-03 13:45:00,5,10,3,13,45,250,56.0,"SANS, CHURCHILL BD WINST",,,Plein jour,En agglomération,Hors intersection,Pluie légère,Autre collision,,,,,,,,,,,1,2,1,2,6
200500065695,0005-10-03 18:47:00,5,10,3,18,47,250,56.0,"15, ILE DE FRANCE AVENUE",,,Crépuscule ou aube,En agglomération,Hors intersection,Pluie légère,Deux véhicules - frontale,,,,,,,,,,,2,2,1,2,1
200500065696,0005-10-03 19:45:00,5,10,3,19,45,250,56.0,"SANS, PROUDHON RUE J-B V",,,Nuit avec éclairage allumé,En agglomération,Intersection en X,Pluie légère,Deux véhicules - côté,,,,,,,,,,,5,2,2,2,3
200500065697,0005-10-07 16:46:00,5,10,7,16,46,250,56.0,"214, DOLE RUE DE >200",,,Plein jour,En agglomération,Hors intersection,Normale,Autre collision,,,,,,,,,,,1,2,1,1,6
200500065698,0005-10-08 12:18:00,5,10,8,12,18,250,56.0,"SANS, CHAR  RUE RENE",,,Plein jour,En agglomération,Hors intersection,Normale,Deux véhicules - côté,,,,,,,,,,,1,2,1,1,3
200500065699,0005-10-05 12:15:00,5,10,5,12,15,250,56.0,"10, GRAY ROUTE DE",,,Plein jour,En agglomération,Hors intersection,Normale,Autre collision,,,,,,,,,,,1,2,1,1,6
200500065700,0005-10-09 14:50:00,5,10,9,14,50,250,56.0,"sans, JANVIER RUE ANTIDE",,,Plein jour,En agglomération,Hors intersection,Normale,Deux véhicules - côté,,,,,,,,,,,1,2,1,1,3
200500065701,0005-10-11 08:30:00,5,10,11,8,30,250,56.0,"24, BERNARD RUE TRISTAN",,,Plein jour,En agglomération,Hors intersection,Normale,Autre collision,,,,,,,,,,,1,2,1,1,6
200500065702,0005-10-13 21:00:00,5,10,13,21,0,250,56.0,CHURCHILL BD WINSTON,,,Nuit avec éclairage allumé,En agglomération,Intersection en X,Normale,Deux véhicules - côté,,,,,,,,,,,5,2,2,1,3
200500065703,0005-10-14 15:40:00,5,10,14,15,40,250,56.0,"SANS, BRUAND RUE NICOLAS",,,Plein jour,En agglomération,Intersection en Y,Normale,Deux véhicules - côté,,,,,,,,,,,1,2,4,1,3
200500065704,0005-10-15 13:20:00,5,10,15,13,20,250,56.0,"SANS, OUEST BOULEVARD",,,Plein jour,En agglomération,Hors intersection,Normale,Deux véhicules - côté,,,,,,,,,,,1,2,1,1,3
200500065705,0005-10-15 16:20:00,5,10,15,16,20,250,56.0,ROCHES RUE DES,,,Plein jour,En agglomération,Hors intersection,Normale,Deux véhicules - côté,,,,,,,,,,,1,2,1,1,3
200500065706,0005-10-17 08:30:00,5,10,17,8,30,250,56.0,"SANS, CHAR  RUE RENE",,,Plein jour,En agglomération,Intersection en T,Normale,Deux véhicules - frontale,,,,,,,,,,,1,2,3,1,1
200500065707,0005-10-17 18:00:00,5,10,17,18,0,250,56.0,"40, SEPTIEME ARMEE AM. A",,,Plein jour,En agglomération,Hors intersection,Normale,Trois véhicules et plus - en chaîne,,,,,,,,,,,1,2,1,1,4
200500065708,0005-10-13 16:57:00,5,10,13,16,57,250,56.0,"79, DOLE RUE DE <82",,,Plein jour,En agglomération,Hors intersection,Normale,Deux véhicules - côté,,,,,,,,,,,1,2,1,1,3
200500065709,0005-10-21 04:14:00,5,10,21,4,14,250,56.0,"NEANT, SEPTIEME ARMEE AM",,,Nuit avec éclairage allumé,En agglomération,Hors intersection,Normale,Deux véhicules - frontale,,,,,,,,,,,5,2,1,1,1
200500065710,0005-10-20 16:55:00,5,10,20,16,55,250,56.0,"30, MARCEAU  AV. COMMAND",,,Plein jour,En agglomération,Hors intersection,Normale,Autre collision,,,,,,,,,,,1,2,1,1,6
200500065711,0005-10-21 16:35:00,5,10,21,16,35,250,56.0,"129, DOLE RUE DE >82 & <",,,Plein jour,En agglomération,Intersection en T,Pluie légère,Deux véhicules - côté,,,,,,,,,,,1,2,3,2,3
200500065712,0005-10-21 20:40:00,5,10,21,20,40,250,56.0,RN 1057 (CH. EPITAPHE-CH,,,Nuit avec éclairage allumé,Hors agglomération,Hors intersection,Pluie légère,Deux véhicules - arrière,,,,,,,,,,,5,1,1,2,2
200500065713,0005-10-25 16:08:00,5,10,25,16,8,250,56.0,"SANS, BLUM  BOULEVARD LE",,,Plein jour,En agglomération,Hors intersection,Normale,Deux véhicules - arrière,,,,,,,,,,,1,2,1,1,2
200500065714,0005-10-26 22:45:00,5,10,26,22,45,250,56.0,"42, POINT DU JOUR CHEMIN",,,Nuit avec éclairage allumé,En agglomération,Hors intersection,Normale,Autre collision,,,,,,,,,,,5,2,1,1,6
200500065715,0005-10-27 00:05:00,5,10,27,0,5,250,56.0,"10, CHAPELLE DES BUIS CH",,,Nuit avec éclairage allumé,En agglomération,Hors intersection,Normale,Autre collision,,,,,,,,,,,5,2,1,1,6
200500065716,0005-10-29 11:45:00,5,10,29,11,45,250,56.0,"154, BELFORT RUE DE BELF",,,Plein jour,En agglomération,Hors intersection,Normale,Autre collision,,,,,,,,,,,1,2,1,1,6
200500065717,0005-10-21 19:25:00,5,10,21,19,25,250,56.0,"SANS, OUEST BOULEVARD",,,Nuit avec éclairage allumé,En agglomération,Hors intersection,Pluie légère,Trois véhicules et plus - en chaîne,,,,,,,,,,,5,2,1,2,4
200500065718,0005-10-04 17:10:00,5,10,4,17,10,250,31.0,"00, BRIAND (AVENUE ARIST",,,Plein jour,En agglomération,Intersection en X,Normale,Deux véhicules - côté,,,,,,,,,,,1,2,2,1,3
200500065719,0005-10-06 08:35:00,5,10,6,8,35,250,388.0,"00, CHAMP DU CERF (RUE D",,,Plein jour,En agglomération,Hors intersection,Normale,Deux véhicules - côté,,,,,,,,,,,1,2,1,1,3
200500065720,0005-10-14 00:25:00,5,10,14,0,25,250,230.0,"0, EGOUTTE (RUE D')",,,Nuit avec éclairage allumé,En agglomération,Intersection en X,Normale,Deux véhicules - côté,,,,,,,,,,,5,2,2,1,3
200500065721,0005-10-28 05:30:00,5,10,28,5,30,250,388.0,GRAND -CHARMONT (ROUTE D,,,Nuit avec éclairage allumé,En agglomération,Hors intersection,Brouillard / fumée,Deux véhicules - arrière,,,,,,,,,,,5,2,1,5,2
200500065722,0005-10-07 20:05:00,5,10,7,20,5,250,462.0,CHAPPELLE (CHEMIN RURAL),,,Nuit sans éclairage public,Hors agglomération,Hors intersection,Normale,Sans collision,,,,,,,,,,,3,1,1,1,7
200500065723,0005-10-20 15:45:00,5,10,20,15,45,250,204.0,"47, Grande rue",,,Plein jour,Hors agglomération,Hors intersection,Normale,Deux véhicules - côté,,,,,,,,,,,1,1,1,1,3
200500065724,0005-10-26 12:15:00,5,10,26,12,15,260,198.0,"129, MARSEILLE (ROUTE DE",,,Plein jour,Hors agglomération,Hors intersection,Normale,Trois véhicules et plus - en chaîne,,,,,,,,,,,1,1,1,1,4
200500065725,0005-10-31 23:05:00,5,10,31,23,5,260,198.0,"sans nr, DE GAULLE (BOUL",,,Nuit avec éclairage allumé,En agglomération,Hors intersection,Pluie forte,Autre collision,,,,,,,,,,,5,2,1,3,6
200500065726,0005-10-02 20:35:00,5,10,2,20,35,260,57.0,RD 149,,,Nuit avec éclairage allumé,En agglomération,Intersection en X,Normale,Autre collision,,,,,,,,,,,5,2,2,1,6
200500065727,0005-10-03 08:50:00,5,10,3,8,50,260,57.0,"NEANT, MONDY (ROUTE)",,,Plein jour,Hors agglomération,Hors intersection,Normale,Autre collision,,,,,,,,,,,1,1,1,1,6
200500065728,0005-10-11 17:20:00,5,10,11,17,20,260,281.0,ROURE REMY(BOULEVARD),,,Plein jour,En agglomération,Intersection en X,Normale,Autre collision,,,,,,,,,,,1,2,2,1,6
200500065729,0005-10-06 16:35:00,5,10,6,16,35,260,281.0,"NEANT, JAURES JEAN (PLAC",,,Plein jour,En agglomération,Intersection en X,Normale,Autre collision,,,,,,,,,,,1,2,2,1,6
200500065730,0005-10-18 09:30:00,5,10,18,9,30,260,281.0,"NEANT, STENDHAL (RUE)",,,Plein jour,En agglomération,Intersection en X,Normale,Autre collision,,,,,,,,,,,1,2,2,1,6
200500065731,0005-10-19 08:15:00,5,10,19,8,15,260,281.0,"NEANT, GALLOIS (PASSAGE",,,Plein jour,En agglomération,Giratoire,Pluie légère,Deux véhicules - arrière,,,,,,,,,,,1,2,6,2,2
200500065732,0005-10-24 21:40:00,5,10,24,21,40,260,281.0,MOULIN JEAN (AVENUE),,,Nuit avec éclairage non allumé,En agglomération,Intersection en T,Normale,Autre collision,,,,,,,,,,,4,2,3,1,6
200500065733,0005-10-08 14:55:00,5,10,8,14,55,260,4.0,RN 532,,,Plein jour,Hors agglomération,Hors intersection,Normale,Sans collision,,,,,,,,,,,1,1,1,1,7
200500065734,0005-10-08 18:15:00,5,10,8,18,15,260,362.0,"72, ROMANS AVENUE DE (10",,,Plein jour,En agglomération,Hors intersection,Normale,Deux véhicules - arrière,,,,,,,,,,,1,2,1,1,2
200500065735,0005-10-09 17:35:00,5,10,9,17,35,260,362.0,"154, CHATEAUVERT RUE (30",,,Plein jour,En agglomération,Hors intersection,Normale,Autre collision,,,,,,,,,,,1,2,1,1,6
200500065736,0005-10-11 16:45:00,5,10,11,16,45,260,252.0,"sans n°, ZOLA RUE EMILE",,,Plein jour,En agglomération,Hors intersection,Normale,Autre collision,,,,,,,,,,,1,2,1,1,6
200500065737,0005-10-07 17:35:00,5,10,7,17,35,260,362.0,"21, RONDE CHEMIN DE",,,Plein jour,En agglomération,Hors intersection,Normale,Deux véhicules - frontale,,,,,,,,,,,1,2,1,1,1
200500065738,0005-10-14 07:45:00,5,10,14,7,45,260,58.0,"sans n, GAMELLES ROUTE D",,,Crépuscule ou aube,Hors agglomération,Hors intersection,Normale,Deux véhicules - frontale,,,,,,,,,,,2,1,1,1,1
200500065739,0005-10-17 13:50:00,5,10,17,13,50,260,362.0,"sans n, KENNEDY BD JOHN",,,Plein jour,En agglomération,Giratoire,Normale,Deux véhicules - côté,,,,,,,,,,,1,2,6,1,3
200500065740,0005-10-16 19:20:00,5,10,16,19,20,260,362.0,"sans n, BERTHELOT RUE",,,Nuit avec éclairage allumé,En agglomération,Intersection en X,Normale,Deux véhicules - côté,,,,,,,,,,,5,2,2,1,3
200500065741,0005-10-23 20:20:00,5,10,23,20,20,260,362.0,"15, ALSACE BOULEVARD D'",,,Nuit avec éclairage allumé,En agglomération,Hors intersection,Normale,Autre collision,,,,,,,,,,,5,2,1,1,6
200500065742,0005-10-20 12:15:00,5,10,20,12,15,260,58.0,"sans n, BERGER RUE LOUIS",,,Plein jour,En agglomération,Intersection en X,Normale,Deux véhicules - frontale,,,,,,,,,,,1,2,2,1,1
200500065743,0005-10-17 07:45:00,5,10,17,7,45,260,58.0,"99, LYON AVENUE DE",,,Plein jour,En agglomération,Hors intersection,Normale,Deux véhicules - côté,,,,,,,,,,,1,2,1,1,3
200500065744,0005-10-29 21:03:00,5,10,29,21,3,260,362.0,"sans n, ROOSEVELT BOULEV",,,Nuit avec éclairage allumé,En agglomération,Intersection en X,Normale,Deux véhicules - côté,,,,,,,,,,,5,2,2,1,3
200500065745,0005-10-29 11:20:00,5,10,29,11,20,260,362.0,"sans n°, FAVENTINES RUE",,,Plein jour,En agglomération,Hors intersection,Normale,Deux véhicules - arrière,,,,,,,,,,,1,2,1,1,2
200500065746,0005-10-29 16:18:00,5,10,29,16,18,260,58.0,"sans n°, COMBEAUX ROUTE",,,Plein jour,Hors agglomération,Hors intersection,Normale,Sans collision,,,,,,,,,,,1,1,1,1,7
200500065747,0005-10-30 10:50:00,5,10,30,10,50,260,58.0,"sans n, BREL AVENUE JACQ",,,Plein jour,En agglomération,Hors intersection,Normale,Sans collision,,,,,,,,,,,1,2,1,1,7
200500065748,0005-10-04 13:00:00,5,10,4,13,0,260,58.0,"sans n, CHANALETS CHEMIN",,,Plein jour,Hors agglomération,Hors intersection,Normale,Sans collision,,,,,,,,,,,1,1,1,1,7
200500065749,0005-10-01 15:25:00,5,10,1,15,25,270,229.0,"3, CITES UNIES (BOULEVAR",,,Plein jour,En agglomération,Hors intersection,Temps couvert,Deux véhicules - frontale,,,,,,,,,,,1,2,1,8,1
200500065750,0005-10-14 19:25:00,5,10,14,19,25,270,229.0,"9, NETREVILLE (RUE DE)",,,Crépuscule ou aube,En agglomération,Hors intersection,Normale,Deux véhicules - arrière,,,,,,,,,,,2,2,1,1,2
200500065751,0005-10-18 17:40:00,5,10,18,17,40,270,229.0,"9, CITES UNIES (BOULEVAR",,,Plein jour,En agglomération,Hors intersection,Pluie légère,Deux véhicules - frontale,,,,,,,,,,,1,2,1,2,1
200500065752,0005-10-18 22:15:00,5,10,18,22,15,270,229.0,"37, BUFFARDIERE (BOULEVA",,,Nuit avec éclairage allumé,En agglomération,Intersection en X,Normale,Deux véhicules - côté,,,,,,,,,,,5,2,2,1,3
200500065753,0005-10-21 08:00:00,5,10,21,8,0,270,229.0,"13, JOLIOT CURIE (RUE FR",,,Plein jour,En agglomération,Hors intersection,Normale,Autre collision,,,,,,,,,,,1,2,1,1,6
200500065754,0005-10-22 16:15:00,5,10,22,16,15,270,229.0,"19, VAL ITON (RUE DU)",,,Plein jour,En agglomération,Hors intersection,Pluie légère,Trois véhicules et plus - en chaîne,,,,,,,,,,,1,2,1,2,4
200500065755,0005-10-31 16:05:00,5,10,31,16,5,270,229.0,"17, MOULIN (RUE JEAN)",,,Plein jour,En agglomération,Intersection en T,Normale,Deux véhicules - côté,,,,,,,,,,,1,2,3,1,3
200500065756,0005-10-06 16:30:00,5,10,6,16,30,270,375.0,"1, SAINT GERMAIN (RUE)",,,Plein jour,En agglomération,Hors intersection,Normale,Deux véhicules - côté,,,,,,,,,,,1,2,1,1,3
200500065757,0005-10-07 07:30:00,5,10,7,7,30,270,701.0,FALAISES (ROUTE DES) NAT,,,Crépuscule ou aube,En agglomération,Intersection en X,Normale,Deux véhicules - côté,,,,,,,,,,,2,2,2,1,3
200500065758,0005-10-09 13:55:00,5,10,9,13,55,270,375.0,"1, SALENGRO (RUE ROGER)",,,Plein jour,En agglomération,Intersection en X,Normale,Deux véhicules - côté,,,,,,,,,,,1,2,2,1,3
200500065759,0005-10-12 07:55:00,5,10,12,7,55,270,375.0,HAYES MELINES (RUE DES),,,Plein jour,En agglomération,Intersection en X,Pluie légère,Deux véhicules - côté,,,,,,,,,,,1,2,2,2,3
200500065760,0005-10-18 19:10:00,5,10,18,19,10,270,375.0,DE LATTRE DE TASSIGNY (A,,,Crépuscule ou aube,Hors agglomération,Hors intersection,Pluie légère,Sans collision,,,,,,,,,,,2,1,1,2,7
200500065761,0005-10-13 17:00:00,5,10,13,17,0,270,681.0,CAPUCINS (AVENUE DES),,,Plein jour,En agglomération,Hors intersection,Normale,Autre collision,,,,,,,,,,,1,2,1,1,6
200500065762,0005-10-04 13:05:00,5,10,4,13,5,270,681.0,"0, ALBUFERA (RUE D')",,,Plein jour,En agglomération,Hors intersection,Normale,Sans collision,,,,,,,,,,,1,2,1,1,7
200500065763,0005-10-05 18:40:00,5,10,5,18,40,270,681.0,JAURES (BOULEVARD JAURES,,,Plein jour,En agglomération,Hors intersection,Autre,Deux véhicules - frontale,,,,,,,,,,,1,2,1,9,1
200500065764,0005-10-12 15:40:00,5,10,12,15,40,270,681.0,ILE DE FRANCE (AVENUE DE,,,Plein jour,En agglomération,Hors intersection,Pluie légère,Deux véhicules - côté,,,,,,,,,,,1,2,1,2,3
200500065765,0005-10-11 15:30:00,5,10,11,15,30,270,681.0,ISAMBARD (BOULEVARD),,,Plein jour,En agglomération,Hors intersection,Normale,Deux véhicules - côté,,,,,,,,,,,1,2,1,1,3
200500065766,0005-10-22 15:10:00,5,10,22,15,10,270,681.0,IVRY (ROUTE D'),,,Plein jour,En agglomération,Hors intersection,Pluie légère,Sans collision,,,,,,,,,,,1,2,1,2,7
200500065767,0005-10-01 20:31:00,5,10,1,20,31,280,85.0,"38, COURTILLE (BOULEVARD",,,Nuit avec éclairage allumé,En agglomération,Hors intersection,Normale,Deux véhicules - côté,,,,,,,,,,,5,2,1,1,3
200500065768,0005-10-02 07:00:00,5,10,2,7,0,280,110.0,"sans, RN 123 (ROCADE)",,,Crépuscule ou aube,Hors agglomération,Hors intersection,Temps couvert,Autre collision,,,,,,,,,,,2,1,1,8,6
200500065769,0005-10-07 16:20:00,5,10,7,16,20,280,85.0,PEGUY (BOULEVARD CHARLES,,,Plein jour,En agglomération,Hors intersection,Normale,Autre collision,,,,,,,,,,,1,2,1,1,6
200500065770,0005-10-07 19:50:00,5,10,7,19,50,280,218.0,"8, DE TASSIGNY (RUE DE L",,,Crépuscule ou aube,En agglomération,Hors intersection,Normale,Autre collision,,,,,,,,,,,2,2,1,1,6
200500065771,0005-10-13 14:15:00,5,10,13,14,15,280,85.0,"sans, CROIX BONNARD (RUE",,,Plein jour,En agglomération,Hors intersection,Normale,Autre collision,,,,,,,,,,,1,2,1,1,6
200500065772,0005-10-15 20:10:00,5,10,15,20,10,280,85.0,"Sans, FAUBOURG LA GRAPPE",,,Nuit avec éclairage allumé,En agglomération,Intersection en T,Normale,Deux véhicules - côté,,,,,,,,,,,5,2,3,1,3
200500065773,0005-10-20 09:00:00,5,10,20,9,0,280,220.0,"27, MAUNOURY (RUE PAUL)",,,Plein jour,En agglomération,Hors intersection,Temps couvert,Deux véhicules - côté,,,,,,,,,,,1,2,1,8,3
200500065774,0005-10-20 20:10:00,5,10,20,20,10,280,85.0,"SANS, FOCH (BOULEVARD DU",,,Crépuscule ou aube,En agglomération,Hors intersection,Normale,Deux véhicules - arrière,,,,,,,,,,,2,2,1,1,2