accident_id,datetime,annee,mois,jour,heure,minute,departement,commune_insee,adresse,latitude,longitude,luminosite,agglomeration,intersection,meteo,collision,nb_vehicules,nb_usagers,nb_indemnes,nb_tues,nb_blesses_hosp,nb_blesses_legers,age_cond_1,age_cond_2,veh_type_cond_1,veh_type_cond_2,lum_code,agg_code,int_code,atm_code,col_code
200500066160,0005-10-17 17:35:00,5,10,17,17,35,340,32.0,"2, SAINT SAENS CAMILLE (",,,Plein jour,En agglomération,Intersection en T,Pluie légère,Sans collision,,,,,,,,,,,1,2,3,2,7
200500066161,0005-10-12 07:50:00,5,10,12,7,50,340,32.0,"102, LIBERTE (BD DE LA)",,,Plein jour,En agglomération,Intersection en Y,Normale,Deux véhicules - côté,,,,,,,,,,,1,2,4,1,3
200500066162,0005-10-18 07:50:00,5,10,18,7,50,340,32.0,"102, LIBERTE (BD DE LA)",,,Plein jour,En agglomération,Intersection en Y,Normale,Deux véhicules - côté,,,,,,,,,,,1,2,4,1,3
200500066163,0005-10-18 10:45:00,5,10,18,10,45,340,32.0,"NR, ROUTE DEPARTEMENTALE",,,Plein jour,Hors agglomération,Hors intersection,Normale,Sans collision,,,,,,,,,,,1,1,1,1,7
200500066164,0005-10-24 18:05:00,5,10,24,18,5,340,32.0,"4, CABARETOU (RUE DU)",,,Plein jour,En agglomération,Hors intersection,Normale,Sans collision,,,,,,,,,,,1,2,1,1,7
200500066165,0005-10-30 09:39:00,5,10,30,9,39,340,32.0,ROUTE NATIONALE 113 - 9,,,Plein jour,Hors agglomération,Hors intersection,Normale,Sans collision,,,,,,,,,,,1,1,1,1,7
200500066166,0005-10-26 17:20:00,5,10,26,17,20,340,32.0,"NR, GARISSOU (BD DU)",,,Plein jour,En agglomération,Intersection en T,Normale,Deux véhicules - arrière,,,,,,,,,,,1,2,3,1,2
200500066167,0005-10-30 21:00:00,5,10,30,21,0,340,32.0,"85, RHIN ET DANUBE (AV.)",,,Nuit avec éclairage allumé,En agglomération,Hors intersection,Normale,Deux véhicules - côté,,,,,,,,,,,5,2,1,1,3
200500066168,0005-10-31 01:40:00,5,10,31,1,40,340,32.0,"NR, VERDUN (BD DE)",,,Nuit avec éclairage allumé,En agglomération,Hors intersection,Normale,Sans collision,,,,,,,,,,,5,2,1,1,7
200500066169,0005-10-31 18:20:00,5,10,31,18,20,340,32.0,"NR, INJALBERT ANTONIN (B",,,Nuit avec éclairage allumé,En agglomération,Intersection en T,Autre,Deux véhicules - côté,,,,,,,,,,,5,2,3,9,3
200500066170,0005-10-01 13:30:00,5,10,1,13,30,340,129.0,OBELISQUE (ROND POINT DE,,,Plein jour,En agglomération,Hors intersection,Normale,Deux véhicules - côté,,,,,,,,,,,1,2,1,1,3
200500066171,0005-10-02 13:40:00,5,10,2,13,40,340,172.0,"86, PETIT TRAIN (AVENUE",,,Plein jour,En agglomération,Hors intersection,Normale,Deux véhicules - arrière,,,,,,,,,,,1,2,1,1,2
200500066172,0005-10-02 02:35:00,5,10,2,2,35,340,172.0,"28, FLAHAULT (AVENUE CHA",,,Nuit avec éclairage allumé,En agglomération,Hors intersection,Normale,Deux véhicules - arrière,,,,,,,,,,,5,2,1,1,2
200500066173,0005-10-02 09:51:00,5,10,2,9,51,340,172.0,MENDE (ROUTE DE),,,Plein jour,En agglomération,Hors intersection,Normale,Deux véhicules - frontale,,,,,,,,,,,1,2,1,1,1
200500066174,0005-10-03 10:05:00,5,10,3,10,5,340,172.0,"3, INFANTERIE QUATRE VI",,,Plein jour,En agglomération,Hors intersection,Normale,Sans collision,,,,,,,,,,,1,2,1,1,7
200500066175,0005-10-03 03:08:00,5,10,3,3,8,340,198.0,D66  VOIE RAPIDE,,,Nuit sans éclairage public,Hors agglomération,Hors intersection,Normale,Deux véhicules - côté,,,,,,,,,,,3,1,1,1,3
200500066176,0005-10-04 16:54:00,5,10,4,16,54,340,172.0,LIBERTE (AVENUE DE LA,,,Plein jour,En agglomération,Intersection en X,Normale,Deux véhicules - côté,,,,,,,,,,,1,2,2,1,3
200500066177,0005-10-04 11:55:00,5,10,4,11,55,340,172.0,"SANS N, SCHUMAN (PLACE R",,,Plein jour,En agglomération,Hors intersection,Normale,Sans collision,,,,,,,,,,,1,2,1,1,7
200500066178,0005-10-05 13:05:00,5,10,5,13,5,340,172.0,FLAHAULT (AVENUE CHARLES,,,Plein jour,En agglomération,Intersection en T,Normale,Deux véhicules - frontale,,,,,,,,,,,1,2,3,1,1
200500066179,0005-10-05 15:35:00,5,10,5,15,35,340,172.0,"259, DOMITIENNE (VOIE)",,,Plein jour,En agglomération,Intersection en T,Normale,Deux véhicules - côté,,,,,,,,,,,1,2,3,1,3
200500066180,0005-10-07 08:10:00,5,10,7,8,10,340,172.0,LAKANAL (RUE),,,Plein jour,En agglomération,Hors intersection,Normale,Deux véhicules - côté,,,,,,,,,,,1,2,1,1,3
200500066181,0005-10-07 13:00:00,5,10,7,13,0,340,172.0,"12, ABRIVADO (RUE DE L')",,,Plein jour,En agglomération,Intersection en T,Normale,Deux véhicules - côté,,,,,,,,,,,1,2,3,1,3
200500066182,0005-10-06 22:40:00,5,10,6,22,40,340,172.0,"701, PRES D'ARENES (AVEN",,,Nuit avec éclairage allumé,En agglomération,Hors intersection,Normale,Deux véhicules - côté,,,,,,,,,,,5,2,1,1,3
200500066183,0005-10-08 15:55:00,5,10,8,15,55,340,172.0,"SANS, MOULINS (AVENUE DE",,,Plein jour,En agglomération,Hors intersection,Normale,Deux véhicules - arrière,,,,,,,,,,,1,2,1,1,2
200500066184,0005-10-08 18:40:00,5,10,8,18,40,340,172.0,"SANS, LODEVE (ROUTE DE)",,,Crépuscule ou aube,En agglomération,Hors intersection,Temps éblouissant,Autre collision,,,,,,,,,,,2,2,1,7,6
200500066185,0005-10-09 18:00:00,5,10,9,18,0,340,172.0,"614, MAS SAINT PIERRE (R",,,Plein jour,En agglomération,Hors intersection,Normale,Autre collision,,,,,,,,,,,1,2,1,1,6
200500066186,0005-10-07 11:50:00,5,10,7,11,50,340,172.0,JUIN (AVENUE ALPHONSE),,,Plein jour,En agglomération,Intersection en Y,Normale,Deux véhicules - côté,,,,,,,,,,,1,2,4,1,3
200500066187,0005-10-10 12:15:00,5,10,10,12,15,340,172.0,"SANS, MARESCHAL (RUE)",,,Plein jour,En agglomération,Intersection en T,Normale,Deux véhicules - côté,,,,,,,,,,,1,2,3,1,3
200500066188,0005-10-11 12:15:00,5,10,11,12,15,340,172.0,"281, GARE MARCHE",,,Plein jour,En agglomération,Hors intersection,Normale,Autre collision,,,,,,,,,,,1,2,1,1,6
200500066189,0005-10-11 13:15:00,5,10,11,13,15,340,172.0,MENDES FRANCE (AVENUE PR,,,Plein jour,En agglomération,Hors intersection,Normale,Deux véhicules - arrière,,,,,,,,,,,1,2,1,1,2
200500066190,0005-10-11 15:05:00,5,10,11,15,5,340,172.0,"24, SAINT GUILHEM (RUE)",,,Plein jour,En agglomération,Hors intersection,Normale,Autre collision,,,,,,,,,,,1,2,1,1,6
200500066191,0005-10-12 07:30:00,5,10,12,7,30,340,172.0,TOULOUSE (AVENUE DE,,,Crépuscule ou aube,En agglomération,Hors intersection,Pluie légère,Trois véhicules et plus - collisions multiples,,,,,,,,,,,2,2,1,2,5
200500066192,0005-10-12 22:04:00,5,10,12,22,4,340,172.0,PAS DU LOUP (RUE DU,,,Nuit avec éclairage allumé,Hors agglomération,Intersection en X,Normale,Deux véhicules - côté,,,,,,,,,,,5,1,2,1,3
200500066193,0005-10-12 11:20:00,5,10,12,11,20,340,172.0,"150, MONTMORENCY (ALLEE",,,Plein jour,En agglomération,Hors intersection,Pluie légère,Autre collision,,,,,,,,,,,1,2,1,2,6
200500066194,0005-10-13 07:40:00,5,10,13,7,40,340,172.0,"514, JOUHAUX (AVENUE LEO",,,Plein jour,En agglomération,Hors intersection,Normale,Trois véhicules et plus - collisions multiples,,,,,,,,,,,1,2,1,1,5
200500066195,0005-10-13 16:20:00,5,10,13,16,20,340,172.0,"113, LODEVE (AVENUE DE",,,Plein jour,En agglomération,Hors intersection,Temps couvert,Sans collision,,,,,,,,,,,1,2,1,8,7
200500066196,0005-10-13 15:30:00,5,10,13,15,30,340,198.0,D21E,,,Plein jour,Hors agglomération,Intersection en X,Temps couvert,Deux véhicules - côté,,,,,,,,,,,1,1,2,8,3
200500066197,0005-10-13 18:00:00,5,10,13,18,0,340,172.0,"5, ARCEAUX (BOULEVARD DE",,,Crépuscule ou aube,En agglomération,Hors intersection,Temps couvert,Autre collision,,,,,,,,,,,2,2,1,8,6
200500066198,0005-10-13 16:40:00,5,10,13,16,40,340,172.0,"1917, SOULAS (AVENUE DU",,,Plein jour,En agglomération,Hors intersection,Temps couvert,Deux véhicules - côté,,,,,,,,,,,1,2,1,8,3
200500066199,0005-10-14 09:10:00,5,10,14,9,10,340,172.0,PARGUEL (AVENUE ABBE PAU,,,Plein jour,En agglomération,Hors intersection,Temps couvert,Sans collision,,,,,,,,,,,1,2,1,8,7
200500066200,0005-10-17 07:50:00,5,10,17,7,50,340,172.0,MENDES FRANCE (AVENUE PR,,,Plein jour,En agglomération,Intersection en Y,Normale,Deux véhicules - arrière,,,,,,,,,,,1,2,4,1,2
200500066201,0005-10-17 17:50:00,5,10,17,17,50,340,172.0,"240, LODEVE (AVENUE DE",,,Plein jour,En agglomération,Autre intersection,Temps couvert,Autre collision,,,,,,,,,,,1,2,9,8,6
200500066202,0005-10-16 23:40:00,5,10,16,23,40,340,172.0,HUGO (BOULEVARD VICTOR),,,Nuit avec éclairage allumé,En agglomération,Hors intersection,Normale,Deux véhicules - côté,,,,,,,,,,,5,2,1,1,3
200500066203,0005-10-18 09:30:00,5,10,18,9,30,340,172.0,BOIRARGUES (AVENUE  DE,,,Plein jour,En agglomération,Hors intersection,Temps couvert,Autre collision,,,,,,,,,,,1,2,1,8,6
200500066204,0005-10-18 15:05:00,5,10,18,15,5,340,172.0,"8, MAGUELONE (RUE DE)",,,Plein jour,En agglomération,Hors intersection,Pluie forte,Autre collision,,,,,,,,,,,1,2,1,3,6
200500066205,0005-10-18 22:14:00,5,10,18,22,14,340,172.0,"29, GAMBETTA (COURS)",,,Nuit avec éclairage allumé,En agglomération,Hors intersection,Pluie légère,Deux véhicules - arrière,,,,,,,,,,,5,2,1,2,2
200500066206,0005-10-06 22:30:00,5,10,6,22,30,340,172.0,FRANQUE (RUE FRANCOIS),,,Nuit avec éclairage allumé,En agglomération,Intersection en T,Normale,Deux véhicules - frontale,,,,,,,,,,,5,2,3,1,1
200500066207,0005-10-19 09:45:00,5,10,19,9,45,340,198.0,ZONE COMMERCIALE LE FENO,,,Plein jour,En agglomération,Intersection en T,Normale,Deux véhicules - côté,,,,,,,,,,,1,2,3,1,3
200500066208,0005-10-18 19:25:00,5,10,18,19,25,340,172.0,ANTONELLI (AVENUE DU PRO,,,Nuit avec éclairage allumé,En agglomération,Hors intersection,Pluie forte,Sans collision,,,,,,,,,,,5,2,1,3,7
200500066209,0005-10-19 19:45:00,5,10,19,19,45,340,172.0,"709, CASTELNAU JUSTICE D",,,Nuit avec éclairage allumé,En agglomération,Hors intersection,Pluie forte,Autre collision,,,,,,,,,,,5,2,1,3,6
200500066210,0005-10-20 17:35:00,5,10,20,17,35,340,172.0,"SANS, BLAYAC (RUE DU PRO",,,Plein jour,En agglomération,Hors intersection,Normale,Deux véhicules - arrière,,,,,,,,,,,1,2,1,1,2
200500066211,0005-10-21 21:04:00,5,10,21,21,4,340,172.0,"face 132, TOULOUSE (AVEN",,,Nuit avec éclairage allumé,En agglomération,Hors intersection,Normale,Deux véhicules - arrière,,,,,,,,,,,5,2,1,1,2
200500066212,0005-10-19 12:15:00,5,10,19,12,15,340,172.0,MOULINS (AVENUE DES,,,Plein jour,En agglomération,Hors intersection,Normale,Autre collision,,,,,,,,,,,1,2,1,1,6
200500066213,0005-10-21 12:26:00,5,10,21,12,26,340,172.0,"482, TRIOLET (RUE DU)",,,Plein jour,En agglomération,Hors intersection,Normale,Deux véhicules - côté,,,,,,,,,,,1,2,1,1,3
200500066214,0005-10-24 12:57:00,5,10,24,12,57,340,172.0,VALERY (BOULEVARD PAUL,,,Plein jour,En agglomération,Hors intersection,Normale,Deux véhicules - arrière,,,,,,,,,,,1,2,1,1,2
200500066215,0005-10-24 16:20:00,5,10,24,16,20,340,172.0,BONNES NOUVELLES (BOULEV,,,Plein jour,En agglomération,Hors intersection,Normale,Sans collision,,,,,,,,,,,1,2,1,1,7
200500066216,0005-10-24 19:15:00,5,10,24,19,15,340,172.0,"2, MARES (AVENUE HENRI)",,,Nuit avec éclairage allumé,En agglomération,Hors intersection,Normale,Deux véhicules - côté,,,,,,,,,,,5,2,1,1,3
200500066217,0005-10-25 15:00:00,5,10,25,15,0,340,172.0,GRAND SAINT JEAN (RUE DU,,,Plein jour,En agglomération,Hors intersection,Normale,Deux véhicules - côté,,,,,,,,,,,1,2,1,1,3
200500066218,0005-10-27 01:05:00,5,10,27,1,5,340,172.0,FLANDRES-DUNKERQUE (PLAC,,,Nuit avec éclairage allumé,En agglomération,Giratoire,Normale,Autre collision,,,,,,,,,,,5,2,6,1,6
200500066219,0005-10-25 14:18:00,5,10,25,14,18,340,172.0,ZAMENHOF (RUE LEJZER),,,Plein jour,En agglomération,Hors intersection,Normale,Deux véhicules - arrière,,,,,,,,,,,1,2,1,1,2
200500066220,0005-10-26 10:50:00,5,10,26,10,50,340,172.0,"895, MOULARES (CHEMIN DE",,,Plein jour,En agglomération,Hors intersection,Normale,Sans collision,,,,,,,,,,,1,2,1,1,7
200500066221,0005-10-27 14:40:00,5,10,27,14,40,340,172.0,"2061, TOULOUSE (AVENUE D",,,Plein jour,En agglomération,Hors intersection,Temps couvert,Trois véhicules et plus - collisions multiples,,,,,,,,,,,1,2,1,8,5
200500066222,0005-10-27 16:20:00,5,10,27,16,20,340,172.0,"200, VAL DE MONTFERRAND",,,Plein jour,En agglomération,Hors intersection,Normale,Deux véhicules - côté,,,,,,,,,,,1,2,1,1,3
200500066223,0005-10-28 08:15:00,5,10,28,8,15,340,172.0,"SANS, LAVERUNE (ROUTE DE",,,Crépuscule ou aube,En agglomération,Hors intersection,Temps couvert,Deux véhicules - côté,,,,,,,,,,,2,2,1,8,3
200500066224,0005-10-25 12:00:00,5,10,25,12,0,340,172.0,MONTELS-EGLISE (RUE DE),,,Plein jour,En agglomération,Intersection en T,Temps couvert,Deux véhicules - côté,,,,,,,,,,,1,2,3,8,3
200500066225,0005-10-28 14:10:00,5,10,28,14,10,340,172.0,"57, OXFORD (RUE D')",,,Plein jour,En agglomération,Hors intersection,Temps couvert,Deux véhicules - arrière,,,,,,,,,,,1,2,1,8,2
200500066226,0005-10-28 20:05:00,5,10,28,20,5,340,172.0,"202, LODEVE (AVENUE DE",,,Nuit avec éclairage allumé,En agglomération,Hors intersection,Normale,Autre collision,,,,,,,,,,,5,2,1,1,6
200500066227,0005-10-29 14:40:00,5,10,29,14,40,340,172.0,"390, AURIOL (AVENUE VINC",,,Plein jour,En agglomération,Hors intersection,Temps couvert,Deux véhicules - côté,,,,,,,,,,,1,2,1,8,3
200500066228,0005-10-29 17:15:00,5,10,29,17,15,340,172.0,LIBERTE (AVENUE DE LA,,,Plein jour,En agglomération,Hors intersection,Normale,Autre collision,,,,,,,,,,,1,2,1,1,6
200500066229,0005-10-31 15:30:00,5,10,31,15,30,340,172.0,"138, LODEVE (AVENUE DE",,,Plein jour,En agglomération,Hors intersection,Pluie légère,Deux véhicules - arrière,,,,,,,,,,,1,2,1,2,2
200500066230,0005-10-29 12:06:00,5,10,29,12,6,340,172.0,"3, PONTS DEUX",,,Plein jour,En agglomération,Hors intersection,Normale,Deux véhicules - arrière,,,,,,,,,,,1,2,1,1,2
200500066231,0005-10-29 12:40:00,5,10,29,12,40,340,172.0,"sans n, FLAHAULT (AVENUE",,,Plein jour,En agglomération,Hors intersection,Temps couvert,Deux véhicules - côté,,,,,,,,,,,1,2,1,8,3
200500066232,0005-10-28 10:40:00,5,10,28,10,40,340,172.0,"SANS N, PAVELET (AVENUE",,,Plein jour,En agglomération,Hors intersection,Normale,Deux véhicules - frontale,,,,,,,,,,,1,2,1,1,1
200500066233,0005-10-02 13:56:00,5,10,2,13,56,340,301.0,"aucun, PIERRES BLANCHES",,,Plein jour,En agglomération,Hors intersection,Normale,Sans collision,,,,,,,,,,,1,2,1,1,7
200500066234,0005-10-02 19:40:00,5,10,2,19,40,340,108.0,"aucun, ETANGS (AV DES)",,,Nuit sans éclairage public,Hors agglomération,Hors intersection,Normale,Autre collision,,,,,,,,,,,3,1,1,1,6
200500066235,0005-10-08 15:25:00,5,10,8,15,25,340,108.0,"aucun, RN 112",,,Plein jour,Hors agglomération,Hors intersection,Normale,Deux véhicules - côté,,,,,,,,,,,1,1,1,1,3
200500066236,0005-10-23 01:25:00,5,10,23,1,25,340,301.0,"aucun, SEMARD PIERRE (RU",,,Nuit avec éclairage allumé,En agglomération,Hors intersection,Normale,Deux véhicules - frontale,,,,,,,,,,,5,2,1,1,1
200500066237,0005-10-25 12:30:00,5,10,25,12,30,340,301.0,"AUCUN, JOLIOT CURIE (BOU",,,Plein jour,En agglomération,Hors intersection,Normale,Deux véhicules - côté,,,,,,,,,,,1,2,1,1,3
200500066238,0005-10-29 18:30:00,5,10,29,18,30,340,301.0,"AUCUN, BLONDEL ANDRE (RU",,,Nuit avec éclairage allumé,En agglomération,Intersection en X,Normale,Deux véhicules - côté,,,,,,,,,,,5,2,2,1,3
200500066239,0005-10-31 19:44:00,5,10,31,19,44,340,301.0,"aucun, JOLIOT CURIE (BOU",,,Nuit avec éclairage allumé,En agglomération,Hors intersection,Normale,Deux véhicules - côté,,,,,,,,,,,5,2,1,1,3
200500066240,0005-10-01 15:00:00,5,10,1,15,0,350,238.0,"00, VITRE (BLD DE)",,,Plein jour,En agglomération,Intersection en X,Pluie légère,Deux véhicules - côté,,,,,,,,,,,1,2,2,2,3
200500066241,0005-10-03 12:48:00,5,10,3,12,48,350,238.0,"00, LIBERTE (BD DE LA)",,,Plein jour,En agglomération,Intersection en X,Normale,Deux véhicules - côté,,,,,,,,,,,1,2,2,1,3
200500066242,0005-10-03 16:45:00,5,10,3,16,45,350,238.0,"00, DE LATTRE DE TASSIGN",,,Plein jour,En agglomération,Hors intersection,Normale,Autre collision,,,,,,,,,,,1,2,1,1,6
200500066243,0005-10-04 12:15:00,5,10,4,12,15,350,238.0,"00, FRANCAIS LIBRES (AVE",,,Plein jour,En agglomération,Intersection en X,Normale,Deux véhicules - côté,,,,,,,,,,,1,2,2,1,3
200500066244,0005-10-04 17:45:00,5,10,4,17,45,350,238.0,"00, BREST (DE)",,,Plein jour,En agglomération,Intersection en T,Normale,Autre collision,,,,,,,,,,,1,2,3,1,6
200500066245,0005-10-05 11:35:00,5,10,5,11,35,350,238.0,"72, PARIS (RUE DE)",,,Plein jour,En agglomération,Intersection en T,Normale,Trois véhicules et plus - collisions multiples,,,,,,,,,,,1,2,3,1,5
200500066246,0005-10-06 11:05:00,5,10,6,11,5,350,238.0,"26, VOLNEY (BD)",,,Plein jour,En agglomération,Hors intersection,Normale,Trois véhicules et plus - en chaîne,,,,,,,,,,,1,2,1,1,4
200500066247,0005-10-06 15:30:00,5,10,6,15,30,350,278.0,RN 137,,,Plein jour,Hors agglomération,Hors intersection,Normale,Autre collision,,,,,,,,,,,1,1,1,1,6
200500066248,0005-10-06 19:05:00,5,10,6,19,5,350,281.0,"00, RD 177",,,Crépuscule ou aube,En agglomération,Giratoire,Normale,Deux véhicules - côté,,,,,,,,,,,2,2,6,1,3
200500066249,0005-10-06 19:15:00,5,10,6,19,15,350,238.0,"4, MENDES-FRANCE (BOULE",,,Crépuscule ou aube,En agglomération,Hors intersection,Normale,Autre collision,,,,,,,,,,,2,2,1,1,6
200500066250,0005-10-06 20:00:00,5,10,6,20,0,350,238.0,"00, SAINT-BRIEUC (DE)",,,Nuit avec éclairage allumé,En agglomération,Intersection en X,Normale,Deux véhicules - frontale,,,,,,,,,,,5,2,2,1,1
200500066251,0005-10-07 14:20:00,5,10,7,14,20,350,238.0,"00, TILLON (AVENUE CHARL",,,Plein jour,En agglomération,Intersection en X,Normale,Deux véhicules - côté,,,,,,,,,,,1,2,2,1,3
200500066252,0005-10-08 06:20:00,5,10,8,6,20,350,238.0,"00, FOUGERES (ROUTE DE)",,,Nuit avec éclairage allumé,En agglomération,Hors intersection,Normale,Autre collision,,,,,,,,,,,5,2,1,1,6
200500066253,0005-10-08 15:10:00,5,10,8,15,10,350,238.0,"00, PLELO (DE)",,,Plein jour,En agglomération,Intersection en Y,Normale,Deux véhicules - côté,,,,,,,,,,,1,2,4,1,3
200500066254,0005-10-08 17:20:00,5,10,8,17,20,350,238.0,"00, SAINT-GERMAIN (PLACE",,,Plein jour,En agglomération,Hors intersection,Normale,Autre collision,,,,,,,,,,,1,2,1,1,6
200500066255,0005-10-09 14:40:00,5,10,9,14,40,350,278.0,"00, RD 29",,,Plein jour,Hors agglomération,Hors intersection,Normale,Deux véhicules - côté,,,,,,,,,,,1,1,1,1,3
200500066256,0005-10-09 12:50:00,5,10,9,12,50,350,238.0,"9, FOSSES (DES)",,,Plein jour,En agglomération,Hors intersection,Normale,Deux véhicules - côté,,,,,,,,,,,1,2,1,1,3
200500066257,0005-10-09 18:10:00,5,10,9,18,10,350,238.0,"00, BOIS PERRIN (SQUARE",,,Plein jour,En agglomération,Hors intersection,Normale,Autre collision,,,,,,,,,,,1,2,1,1,6
200500066258,0005-10-09 20:20:00,5,10,9,20,20,350,238.0,"00, TILLON (AVENUE CHARL",,,Plein jour,En agglomération,Intersection en T,Normale,Deux véhicules - côté,,,,,,,,,,,1,2,3,1,3
200500066259,0005-10-10 15:00:00,5,10,10,15,0,350,238.0,"21, REDON (DE)",,,Plein jour,En agglomération,Hors intersection,Normale,Deux véhicules - côté,,,,,,,,,,,1,2,1,1,3
200500066260,0005-10-11 10:35:00,5,10,11,10,35,350,238.0,"00, PORTUGAL (BD DU)",,,Plein jour,En agglomération,Intersection en X,Normale,Deux véhicules - côté,,,,,,,,,,,1,2,2,1,3
200500066261,0005-10-11 20:00:00,5,10,11,20,0,350,238.0,"00, PREVALAYE (QUAI DE L",,,Plein jour,En agglomération,Hors intersection,Normale,Deux véhicules - côté,,,,,,,,,,,1,2,1,1,3
200500066262,0005-10-11 21:40:00,5,10,11,21,40,350,238.0,"31-35, DE LATTRE DE TASS",,,Nuit avec éclairage allumé,En agglomération,Hors intersection,Normale,Autre collision,,,,,,,,,,,5,2,1,1,6
200500066263,0005-10-12 08:40:00,5,10,12,8,40,350,238.0,"00, DUHAMEL (JEAN-MARIE)",,,Crépuscule ou aube,En agglomération,Intersection en T,Pluie forte,Autre collision,,,,,,,,,,,2,2,3,3,6
200500066264,0005-10-12 16:10:00,5,10,12,16,10,350,238.0,"00, YOUGOSLAVIE (BD DE)",,,Plein jour,En agglomération,Intersection en X,Normale,Trois véhicules et plus - en chaîne,,,,,,,,,,,1,2,2,1,4
200500066265,0005-10-13 16:20:00,5,10,13,16,20,350,238.0,AUGE DE PIERRE (ROND POI,,,Plein jour,En agglomération,Giratoire,Normale,Deux véhicules - arrière,,,,,,,,,,,1,2,6,1,2
200500066266,0005-10-13 20:25:00,5,10,13,20,25,350,238.0,ROCADE 7-8,,,Crépuscule ou aube,Hors agglomération,Hors intersection,Normale,Trois véhicules et plus - collisions multiples,,,,,,,,,,,2,1,1,1,5
200500066267,0005-10-14 09:40:00,5,10,14,9,40,350,55.0,"00, PONT BOEUF (RUE DU)",,,Plein jour,En agglomération,Hors intersection,Normale,Deux véhicules - frontale,,,,,,,,,,,1,2,1,1,1
200500066268,0005-10-14 16:15:00,5,10,14,16,15,350,238.0,"00, VERN (DE)",,,Plein jour,En agglomération,Intersection en T,Normale,Deux véhicules - côté,,,,,,,,,,,1,2,3,1,3
200500066269,0005-10-15 00:45:00,5,10,15,0,45,350,238.0,"00, LORIENT (DE)",,,Nuit sans éclairage public,Hors agglomération,Hors intersection,Normale,Autre collision,,,,,,,,,,,3,1,1,1,6
200500066270,0005-10-15 03:15:00,5,10,15,3,15,350,238.0,"54, SAINT-MALO (DE) DE 1",,,Nuit avec éclairage allumé,En agglomération,Hors intersection,Normale,Autre collision,,,,,,,,,,,5,2,1,1,6
200500066271,0005-10-15 01:00:00,5,10,15,1,0,350,238.0,"00, POMPIDOU ( BD GEORGE",,,Nuit avec éclairage allumé,En agglomération,Intersection en X,Normale,Deux véhicules - côté,,,,,,,,,,,5,2,2,1,3
200500066272,0005-10-16 15:24:00,5,10,16,15,24,350,55.0,"00, RD 163",,,Plein jour,Hors agglomération,Hors intersection,Normale,Autre collision,,,,,,,,,,,1,1,1,1,6
200500066273,0005-10-16 22:25:00,5,10,16,22,25,350,238.0,"00, TILLON (AVENUE CHARL",,,Nuit avec éclairage allumé,En agglomération,Intersection en T,Normale,Deux véhicules - côté,,,,,,,,,,,5,2,3,1,3
200500066274,0005-10-17 17:50:00,5,10,17,17,50,350,238.0,"193, SAINT-MALO (DE) DE",,,Plein jour,En agglomération,Hors intersection,Normale,Trois véhicules et plus - collisions multiples,,,,,,,,,,,1,2,1,1,5
200500066275,0005-10-17 18:40:00,5,10,17,18,40,350,238.0,"00, COETLOGON (DE)",,,Plein jour,En agglomération,Hors intersection,Normale,Deux véhicules - côté,,,,,,,,,,,1,2,1,1,3
200500066276,0005-10-17 21:00:00,5,10,17,21,0,350,238.0,ROCADE 8-9,,,Nuit sans éclairage public,Hors agglomération,Hors intersection,Normale,Deux véhicules - arrière,,,,,,,,,,,3,1,1,1,2
200500066277,0005-10-18 08:00:00,5,10,18,8,0,350,238.0,"00, TILLON (AVENUE CHARL",,,Crépuscule ou aube,En agglomération,Hors intersection,Pluie légère,Trois véhicules et plus - en chaîne,,,,,,,,,,,2,2,1,2,4
200500066278,0005-10-18 14:30:00,5,10,18,14,30,350,238.0,"00, STRASBOURG (BOULEVAR",,,Plein jour,En agglomération,Intersection en X,Pluie légère,Deux véhicules - côté,,,,,,,,,,,1,2,2,2,3
200500066279,0005-10-18 17:40:00,5,10,18,17,40,350,238.0,"00, ANTRAIN (D') DE 0 A",,,Plein jour,En agglomération,Intersection en X,Pluie forte,Deux véhicules - côté,,,,,,,,,,,1,2,2,3,3
200500066280,0005-10-18 21:00:00,5,10,18,21,0,350,238.0,"268, FOUGERES (RUE DE) D",,,Nuit avec éclairage allumé,En agglomération,Hors intersection,Pluie forte,Deux véhicules - côté,,,,,,,,,,,5,2,1,3,3
200500066281,0005-10-19 14:30:00,5,10,19,14,30,350,238.0,"00, PORTE DE ST NAZAIRE",,,Plein jour,Hors agglomération,Hors intersection,Normale,Trois véhicules et plus - en chaîne,,,,,,,,,,,1,1,1,1,4
200500066282,0005-10-19 15:20:00,5,10,19,15,20,350,238.0,"00, CHEZY (BD DE)",,,Plein jour,En agglomération,Intersection en X,Normale,Deux véhicules - arrière,,,,,,,,,,,1,2,2,1,2
200500066283,0005-10-20 00:40:00,5,10,20,0,40,350,238.0,"00, MALAKOFF",,,Nuit avec éclairage allumé,En agglomération,Intersection en X,Pluie forte,Autre collision,,,,,,,,,,,5,2,2,3,6
200500066284,0005-10-20 13:40:00,5,10,20,13,40,350,238.0,"00, COETLOGON (DE)",,,Plein jour,En agglomération,Intersection en X,Normale,Deux véhicules - côté,,,,,,,,,,,1,2,2,1,3
200500066285,0005-10-22 09:10:00,5,10,22,9,10,350,238.0,"00, BREST (DE)",,,Crépuscule ou aube,En agglomération,Intersection en X,Pluie légère,Deux véhicules - frontale,,,,,,,,,,,2,2,2,2,1
200500066286,0005-10-22 13:30:00,5,10,22,13,30,350,238.0,"24, JOUVET (SQUARE LOUIS",,,Plein jour,En agglomération,Hors intersection,Normale,Autre collision,,,,,,,,,,,1,2,1,1,6