accident_id,datetime,annee,mois,jour,heure,minute,departement,commune_insee,adresse,latitude,longitude,luminosite,agglomeration,intersection,meteo,collision,nb_vehicules,nb_usagers,nb_indemnes,nb_tues,nb_blesses_hosp,nb_blesses_legers,age_cond_1,age_cond_2,veh_type_cond_1,veh_type_cond_2,lum_code,agg_code,int_code,atm_code,col_code
200500066287,0005-10-24 13:40:00,5,10,24,13,40,350,238.0,"00, TILLON (AVENUE CHARL",,,Plein jour,En agglomération,Intersection en X,Normale,Trois véhicules et plus - collisions multiples,,,,,,,,,,,1,2,2,1,5
200500066288,0005-10-25 19:48:00,5,10,25,19,48,350,238.0,"4, CLOS COURTEL (DU)",,,Nuit avec éclairage allumé,En agglomération,Hors intersection,Normale,Deux véhicules - côté,,,,,,,,,,,5,2,1,1,3
200500066289,0005-10-26 01:15:00,5,10,26,1,15,350,238.0,"00, VERN (DE)",,,Nuit avec éclairage non allumé,En agglomération,Hors intersection,Normale,Autre collision,,,,,,,,,,,4,2,1,1,6
200500066290,0005-10-26 13:40:00,5,10,26,13,40,350,238.0,"00, ALMA (DE L')",,,Plein jour,En agglomération,Intersection en X,Normale,Deux véhicules - côté,,,,,,,,,,,1,2,2,1,3
200500066291,0005-10-26 17:20:00,5,10,26,17,20,350,238.0,"00, GACET (ALLEE DU)",,,Plein jour,En agglomération,Intersection en X,Normale,Autre collision,,,,,,,,,,,1,2,2,1,6
200500066292,0005-10-26 22:50:00,5,10,26,22,50,350,238.0,"00, TROIS CROIX (BD DES)",,,Nuit avec éclairage allumé,En agglomération,Intersection en X,Normale,Autre collision,,,,,,,,,,,5,2,2,1,6
200500066293,0005-10-27 07:40:00,5,10,27,7,40,350,238.0,"00, ROPARTZ (GUY)",,,Crépuscule ou aube,En agglomération,Giratoire,Normale,Deux véhicules - arrière,,,,,,,,,,,2,2,6,1,2
200500066294,0005-10-27 11:36:00,5,10,27,11,36,350,238.0,"00, ISLY (RUE D')",,,Plein jour,En agglomération,Intersection en T,Normale,Autre collision,,,,,,,,,,,1,2,3,1,6
200500066295,0005-10-27 14:50:00,5,10,27,14,50,350,278.0,"00, RN 137",,,Plein jour,Hors agglomération,Hors intersection,Normale,Deux véhicules - arrière,,,,,,,,,,,1,1,1,1,2
200500066296,0005-10-27 19:40:00,5,10,27,19,40,350,238.0,"267, NANTES (DE)",,,Nuit avec éclairage allumé,En agglomération,Hors intersection,Normale,Trois véhicules et plus - en chaîne,,,,,,,,,,,5,2,1,1,4
200500066297,0005-10-30 14:40:00,5,10,30,14,40,350,278.0,"00, RN 137",,,Plein jour,En agglomération,Hors intersection,Normale,Autre collision,,,,,,,,,,,1,2,1,1,6
200500066298,0005-10-31 13:40:00,5,10,31,13,40,350,238.0,"32, LIBERTE (BD DE LA)",,,Plein jour,En agglomération,Hors intersection,Normale,Deux véhicules - arrière,,,,,,,,,,,1,2,1,1,2
200500066299,0005-10-03 00:05:00,5,10,3,0,5,350,352.0,"02, VILLE ES PASSANTS (R",,,Nuit avec éclairage allumé,En agglomération,Intersection en Y,Normale,Autre collision,,,,,,,,,,,5,2,4,1,6
200500066300,0005-10-04 14:56:00,5,10,4,14,56,350,288.0,"16, RUELLAN (SIX FRERES)",,,Plein jour,En agglomération,Hors intersection,Normale,Autre collision,,,,,,,,,,,1,2,1,1,6
200500066301,0005-10-08 16:25:00,5,10,8,16,25,350,352.0,CORBINAIS ( RUE DE LA ),,,Plein jour,En agglomération,Intersection en X,Normale,Deux véhicules - côté,,,,,,,,,,,1,2,2,1,3
200500066302,0005-10-05 08:05:00,5,10,5,8,5,350,288.0,BRIAND  ARISTIDE (AVENUE,,,Nuit avec éclairage allumé,En agglomération,Intersection en X,Normale,Deux véhicules - côté,,,,,,,,,,,5,2,2,1,3
200500066303,0005-10-08 12:35:00,5,10,8,12,35,350,352.0,ECLUSE (PLAGE),,,Plein jour,En agglomération,Hors intersection,Normale,Autre collision,,,,,,,,,,,1,2,1,1,6
200500066304,0005-10-08 17:00:00,5,10,8,17,0,350,288.0,PATTON GENERAL (RUE DU),,,Plein jour,En agglomération,Hors intersection,Normale,Trois véhicules et plus - en chaîne,,,,,,,,,,,1,2,1,1,4
200500066305,0005-10-09 15:30:00,5,10,9,15,30,350,288.0,"3, COLAS ( HENRI ) SQUAR",,,Plein jour,En agglomération,Hors intersection,Normale,Deux véhicules - côté,,,,,,,,,,,1,2,1,1,3
200500066306,0005-10-13 11:50:00,5,10,13,11,50,350,288.0,"6, RUELLAN (SIX FRERES)",,,Plein jour,En agglomération,Hors intersection,Normale,Autre collision,,,,,,,,,,,1,2,1,1,6
200500066307,0005-10-19 12:15:00,5,10,19,12,15,350,288.0,TALARDS (BOULEVARD DES),,,Plein jour,En agglomération,Hors intersection,Normale,Deux véhicules - côté,,,,,,,,,,,1,2,1,1,3
200500066308,0005-10-19 12:03:00,5,10,19,12,3,350,352.0,CD603,,,Plein jour,En agglomération,Giratoire,Normale,Deux véhicules - côté,,,,,,,,,,,1,2,6,1,3
200500066309,0005-10-19 07:55:00,5,10,19,7,55,350,288.0,GUYMAUVIERE (RUE DE LA ),,,Nuit avec éclairage allumé,En agglomération,Intersection en X,Pluie légère,Deux véhicules - côté,,,,,,,,,,,5,2,2,2,3
200500066310,0005-10-21 20:21:00,5,10,21,20,21,350,288.0,ANCIENS COMBATTANTS (RON,,,Nuit avec éclairage allumé,En agglomération,Giratoire,Normale,Deux véhicules - côté,,,,,,,,,,,5,2,6,1,3
200500066311,0005-10-25 09:10:00,5,10,25,9,10,350,288.0,ESPERANCE (BOULEVARD DE,,,Plein jour,En agglomération,Giratoire,Normale,Deux véhicules - côté,,,,,,,,,,,1,2,6,1,3
200500066312,0005-10-24 20:50:00,5,10,24,20,50,350,352.0,HERMITAGE  (ZA),,,Nuit sans éclairage public,En agglomération,Hors intersection,Normale,Deux véhicules - côté,,,,,,,,,,,3,2,1,1,3
200500066313,0005-10-25 20:35:00,5,10,25,20,35,350,288.0,TALARDS (BOULEVARD DES),,,Nuit avec éclairage allumé,En agglomération,Hors intersection,Normale,Sans collision,,,,,,,,,,,5,2,1,1,7
200500066314,0005-10-25 21:45:00,5,10,25,21,45,350,288.0,", BRIAND  ARISTIDE (AVEN",,,Nuit avec éclairage allumé,En agglomération,Hors intersection,Normale,Deux véhicules - côté,,,,,,,,,,,5,2,1,1,3
200500066315,0005-10-27 09:20:00,5,10,27,9,20,350,288.0,GREVES DE CHASLES (CARRE,,,Plein jour,En agglomération,Giratoire,Normale,Deux véhicules - côté,,,,,,,,,,,1,2,6,1,3
200500066316,0005-10-28 18:30:00,5,10,28,18,30,350,288.0,"29, TALARDS (BOULEVARD D",,,Crépuscule ou aube,En agglomération,Hors intersection,Pluie légère,Deux véhicules - arrière,,,,,,,,,,,2,2,1,2,2
200500066317,0005-10-28 19:30:00,5,10,28,19,30,350,352.0,"00, LACROIX ALBERT -SUP",,,Nuit avec éclairage allumé,En agglomération,Intersection en X,Pluie légère,Deux véhicules - côté,,,,,,,,,,,5,2,2,2,3
200500066318,0005-10-03 17:25:00,5,10,3,17,25,350,288.0,CD168,,,Plein jour,En agglomération,Hors intersection,Normale,Deux véhicules - arrière,,,,,,,,,,,1,2,1,1,2
200500066319,0005-10-10 14:40:00,5,10,10,14,40,360,44.0,MONTAIGNE (ROND POINT),,,Plein jour,En agglomération,Giratoire,Normale,Deux véhicules - côté,,,,,,,,,,,1,2,6,1,3
200500066320,0005-10-04 14:44:00,5,10,4,14,44,360,159.0,CHENAIE (ROUTE) R.D. N°,,,Plein jour,Hors agglomération,Intersection en X,Normale,Deux véhicules - côté,,,,,,,,,,,1,1,2,1,3
200500066321,0005-10-05 12:15:00,5,10,5,12,15,360,63.0,"0, RN20 ROND POINT MARTI",,,Plein jour,Hors agglomération,Hors intersection,Temps couvert,Deux véhicules - arrière,,,,,,,,,,,1,1,1,8,2
200500066322,0005-10-05 12:50:00,5,10,5,12,50,360,159.0,"131, CHENAIE (ROUTE) R.D",,,Plein jour,En agglomération,Hors intersection,Pluie légère,Deux véhicules - arrière,,,,,,,,,,,1,2,1,2,2
200500066323,0005-10-11 15:00:00,5,10,11,15,0,360,44.0,"118, LEMOINE (AV MARCEL)",,,Plein jour,En agglomération,Intersection en X,Normale,Sans collision,,,,,,,,,,,1,2,2,1,7
200500066324,0005-10-13 07:50:00,5,10,13,7,50,360,44.0,VRILLE (BD DE LA),,,Plein jour,En agglomération,Intersection en X,Normale,Deux véhicules - côté,,,,,,,,,,,1,2,2,1,3
200500066325,0005-10-13 16:43:00,5,10,13,16,43,360,44.0,CHATRE (AV DE LA) DU 386,,,Plein jour,En agglomération,Intersection en X,Normale,Deux véhicules - côté,,,,,,,,,,,1,2,2,1,3
200500066326,0005-10-13 18:45:00,5,10,13,18,45,360,44.0,"0, CLOSERIE (ALL DE LA)",,,Crépuscule ou aube,En agglomération,Hors intersection,Normale,Autre collision,,,,,,,,,,,2,2,1,1,6
200500066327,0005-10-18 20:40:00,5,10,18,20,40,360,44.0,COLBERT (RUE),,,Nuit avec éclairage allumé,En agglomération,Hors intersection,Normale,Autre collision,,,,,,,,,,,5,2,1,1,6
200500066328,0005-10-19 09:36:00,5,10,19,9,36,360,159.0,GRANDS TAILLIS (ROUTE),,,Plein jour,Hors agglomération,Hors intersection,Temps couvert,Sans collision,,,,,,,,,,,1,1,1,8,7
200500066329,0005-10-19 12:00:00,5,10,19,12,0,360,44.0,"12, PASCAL (BD BLAISE)",,,Plein jour,En agglomération,Hors intersection,Normale,Autre collision,,,,,,,,,,,1,2,1,1,6
200500066330,0005-10-21 04:56:00,5,10,21,4,56,360,44.0,RN 20 ALLEE DES MAISONS,,,Nuit avec éclairage allumé,En agglomération,Intersection en X,Temps couvert,Deux véhicules - côté,,,,,,,,,,,5,2,2,8,3
200500066331,0005-10-21 19:15:00,5,10,21,19,15,360,44.0,"64, MARINS (AV DES)",,,Nuit avec éclairage allumé,En agglomération,Intersection en T,Autre,Deux véhicules - frontale,,,,,,,,,,,5,2,3,9,1
200500066332,0005-10-31 11:03:00,5,10,31,11,3,360,44.0,"65, CHATELLERAULT (DE)",,,Plein jour,En agglomération,Hors intersection,Pluie légère,Deux véhicules - arrière,,,,,,,,,,,1,2,1,2,2
200500066333,0005-10-31 18:40:00,5,10,31,18,40,360,44.0,MARINS (AV DES),,,Crépuscule ou aube,En agglomération,Hors intersection,Normale,Deux véhicules - frontale,,,,,,,,,,,2,2,1,1,1
200500066334,0005-10-31 20:15:00,5,10,31,20,15,360,159.0,"216, BRAUDERIE (ROUTE)",,,Nuit avec éclairage allumé,En agglomération,Hors intersection,Normale,Autre collision,,,,,,,,,,,5,2,1,1,6
200500066335,0005-10-12 11:00:00,5,10,12,11,0,370,122.0,"0, PICOT (RUE DU COLONEL",,,Plein jour,En agglomération,Intersection en T,Normale,Deux véhicules - côté,,,,,,,,,,,1,2,3,1,3
200500066336,0005-10-27 21:00:00,5,10,27,21,0,370,122.0,JAURES (BOULEVARD JEAN),,,Nuit avec éclairage allumé,En agglomération,Intersection en X,Normale,Deux véhicules - côté,,,,,,,,,,,5,2,2,1,3
200500066337,0005-10-03 20:03:00,5,10,3,20,3,370,261.0,SAPAILLE (RUE DE),,,Plein jour,En agglomération,Intersection en T,Normale,Deux véhicules - côté,,,,,,,,,,,1,2,3,1,3
200500066338,0005-10-09 21:00:00,5,10,9,21,0,370,261.0,CHEVALLIER (RUE AUGUSTE),,,Nuit avec éclairage allumé,En agglomération,Giratoire,Normale,Deux véhicules - côté,,,,,,,,,,,5,2,6,1,3
200500066339,0005-10-06 19:10:00,5,10,6,19,10,370,261.0,POUGNON (RUE DU CAPITAIN,,,Crépuscule ou aube,En agglomération,Intersection en X,Normale,Deux véhicules - côté,,,,,,,,,,,2,2,2,1,3
200500066340,0005-10-14 16:35:00,5,10,14,16,35,370,261.0,URSULINES ( RUE DES),,,Plein jour,En agglomération,Intersection en T,Normale,Deux véhicules - côté,,,,,,,,,,,1,2,3,1,3
200500066341,0005-10-16 05:10:00,5,10,16,5,10,370,261.0,"1, BERT (QUAI PAUL)",,,Nuit avec éclairage allumé,En agglomération,Hors intersection,Temps couvert,Deux véhicules - côté,,,,,,,,,,,5,2,1,8,3
200500066342,0005-10-21 03:15:00,5,10,21,3,15,370,261.0,MARCEAU (RUE),,,Nuit avec éclairage allumé,En agglomération,Intersection en X,Temps couvert,Deux véhicules - côté,,,,,,,,,,,5,2,2,8,3
200500066343,0005-10-21 23:30:00,5,10,21,23,30,370,261.0,"27, CHURCHILL (BOULEVARD",,,Nuit avec éclairage allumé,En agglomération,Hors intersection,Normale,Autre collision,,,,,,,,,,,5,2,1,1,6
200500066344,0005-10-21 09:35:00,5,10,21,9,35,370,233.0,LOIRE (QUAI DE LA),,,Plein jour,En agglomération,Hors intersection,Temps couvert,Autre collision,,,,,,,,,,,1,2,1,8,6
200500066345,0005-10-23 01:07:00,5,10,23,1,7,370,261.0,DANEMARK (AVENUE DU),,,Nuit avec éclairage allumé,En agglomération,Hors intersection,Temps couvert,Autre collision,,,,,,,,,,,5,2,1,8,6
200500066346,0005-10-10 17:25:00,5,10,10,17,25,370,195.0,PETIT PLESSIS (RUE DU),,,Plein jour,En agglomération,Hors intersection,Normale,Deux véhicules - frontale,,,,,,,,,,,1,2,1,1,1
200500066347,0005-10-22 09:05:00,5,10,22,9,5,370,261.0,PARCAY (RUE DE),,,Plein jour,En agglomération,Hors intersection,Temps couvert,Deux véhicules - côté,,,,,,,,,,,1,2,1,8,3
200500066348,0005-10-25 09:10:00,5,10,25,9,10,370,261.0,FLORIAN (RUE),,,Plein jour,En agglomération,Intersection en X,Normale,Deux véhicules - côté,,,,,,,,,,,1,2,2,1,3
200500066349,0005-10-27 04:20:00,5,10,27,4,20,370,261.0,"3, HEURTELOUP (BOULEVARD",,,Nuit avec éclairage allumé,En agglomération,Hors intersection,Normale,Autre collision,,,,,,,,,,,5,2,1,1,6
200500066350,0005-10-28 10:15:00,5,10,28,10,15,370,261.0,"50, LEBRUN (RUE HENRI)",,,Plein jour,En agglomération,Hors intersection,Normale,Deux véhicules - arrière,,,,,,,,,,,1,2,1,1,2
200500066351,0005-10-19 09:35:00,5,10,19,9,35,370,261.0,"112, MAGINOT (AV. ANDRE)",,,Plein jour,En agglomération,Hors intersection,Normale,Sans collision,,,,,,,,,,,1,2,1,1,7
200500066352,0005-10-31 12:40:00,5,10,31,12,40,370,261.0,LOUIS XI (BOULEVARD),,,Plein jour,En agglomération,Hors intersection,Normale,Deux véhicules - côté,,,,,,,,,,,1,2,1,1,3
200500066353,0005-10-22 18:50:00,5,10,22,18,50,370,261.0,HEURTELOUP (BOULEVARD),,,Plein jour,En agglomération,Hors intersection,Normale,Autre collision,,,,,,,,,,,1,2,1,1,6
200500066354,0005-10-24 18:50:00,5,10,24,18,50,380,53.0,"96, LYON (ROUTE DE LYON",,,Nuit sans éclairage public,En agglomération,Hors intersection,Normale,Deux véhicules - côté,,,,,,,,,,,3,2,1,1,3
200500066355,0005-10-25 16:55:00,5,10,25,16,55,380,53.0,"71, LIBERATION",,,Plein jour,En agglomération,Hors intersection,Normale,Autre collision,,,,,,,,,,,1,2,1,1,6
200500066356,0005-10-02 20:30:00,5,10,2,20,30,380,185.0,"00, STALINGRAD (RUE DE)(",,,Nuit avec éclairage allumé,En agglomération,Intersection en X,Pluie légère,Deux véhicules - côté,,,,,,,,,,,5,2,2,2,3
200500066357,0005-10-03 07:15:00,5,10,3,7,15,380,185.0,A.480 (AUTOROUTE),,,Plein jour,Hors agglomération,Hors intersection,Pluie légère,Deux véhicules - arrière,,,,,,,,,,,1,1,1,2,2
200500066358,0005-10-03 09:10:00,5,10,3,9,10,380,382.0,AUTOROUTE,,,Plein jour,Hors agglomération,Hors intersection,Pluie légère,Sans collision,,,,,,,,,,,1,1,1,2,7
200500066359,0005-10-03 13:15:00,5,10,3,13,15,380,185.0,AMPERE (RUE),,,Plein jour,En agglomération,Hors intersection,Normale,Deux véhicules - côté,,,,,,,,,,,1,2,1,1,3
200500066360,0005-10-05 18:10:00,5,10,5,18,10,380,151.0,HUIT MAI 45 (AV. DU),,,Plein jour,En agglomération,Hors intersection,Normale,Autre collision,,,,,,,,,,,1,2,1,1,6
200500066361,0005-10-05 18:50:00,5,10,5,18,50,380,185.0,RANDON (AV. MAL) LAVALET,,,Crépuscule ou aube,En agglomération,Hors intersection,Normale,Autre collision,,,,,,,,,,,2,2,1,1,6
200500066362,0005-10-06 07:50:00,5,10,6,7,50,380,185.0,"00, BLANCHARD (RUE R.)",,,Plein jour,En agglomération,Intersection en X,Normale,Deux véhicules - côté,,,,,,,,,,,1,2,2,1,3
200500066363,0005-10-06 10:00:00,5,10,6,10,0,380,185.0,"0, LIBERATION (COURS) SU",,,Plein jour,En agglomération,Autre intersection,Normale,Deux véhicules - côté,,,,,,,,,,,1,2,9,1,3
200500066364,0005-10-06 15:30:00,5,10,6,15,30,380,169.0,"0, ELUARD (RUE P.)",,,Plein jour,En agglomération,Intersection en X,Normale,Deux véhicules - côté,,,,,,,,,,,1,2,2,1,3
200500066365,0005-10-07 08:15:00,5,10,7,8,15,380,151.0,"00, JAURES (COURS J. 1 A",,,Plein jour,En agglomération,Hors intersection,Normale,Deux véhicules - côté,,,,,,,,,,,1,2,1,1,3
200500066366,0005-10-07 12:40:00,5,10,7,12,40,380,185.0,"0, SEMARD (RUE P.)",,,Plein jour,En agglomération,Hors intersection,Normale,Deux véhicules - côté,,,,,,,,,,,1,2,1,1,3
200500066367,0005-10-07 08:50:00,5,10,7,8,50,380,151.0,"0, FERRIER (AVENUE A.)",,,Plein jour,En agglomération,Hors intersection,Normale,Deux véhicules - côté,,,,,,,,,,,1,2,1,1,3
200500066368,0005-10-07 15:45:00,5,10,7,15,45,380,151.0,"00, GRUGLIASCO (AVENUE D",,,Plein jour,En agglomération,Hors intersection,Normale,Deux véhicules - côté,,,,,,,,,,,1,2,1,1,3
200500066369,0005-10-09 11:25:00,5,10,9,11,25,380,185.0,"00, CALVAT (RUE E.)",,,Plein jour,En agglomération,Intersection en X,Normale,Deux véhicules - côté,,,,,,,,,,,1,2,2,1,3
200500066370,0005-10-09 13:30:00,5,10,9,13,30,380,151.0,ROCADE SUD,,,Plein jour,Hors agglomération,Hors intersection,Normale,Deux véhicules - arrière,,,,,,,,,,,1,1,1,1,2
200500066371,0005-10-11 12:50:00,5,10,11,12,50,380,421.0,"00, MOLIERE (RUE)",,,Plein jour,En agglomération,Hors intersection,Normale,Deux véhicules - frontale,,,,,,,,,,,1,2,1,1,1
200500066372,0005-10-13 08:00:00,5,10,13,8,0,380,185.0,"52, THIERS (RUE)",,,Plein jour,En agglomération,Hors intersection,Normale,Deux véhicules - côté,,,,,,,,,,,1,2,1,1,3
200500066373,0005-10-13 21:10:00,5,10,13,21,10,380,421.0,"00, COMMUNE DE PARIS (AV",,,Nuit avec éclairage allumé,En agglomération,Intersection en X,Normale,Deux véhicules - côté,,,,,,,,,,,5,2,2,1,3
200500066374,0005-10-14 13:30:00,5,10,14,13,30,380,421.0,"29, CHAMP ROMAN (RUE DU)",,,Plein jour,En agglomération,Hors intersection,Normale,Autre collision,,,,,,,,,,,1,2,1,1,6
200500066375,0005-10-15 05:00:00,5,10,15,5,0,380,421.0,ROCADE SUD,,,Nuit avec éclairage non allumé,Hors agglomération,Hors intersection,Normale,Trois véhicules et plus - collisions multiples,,,,,,,,,,,4,1,1,1,5
200500066376,0005-10-15 22:30:00,5,10,15,22,30,380,185.0,"62, JAURES (COURS J.)",,,Nuit avec éclairage non allumé,En agglomération,Hors intersection,Normale,Deux véhicules - côté,,,,,,,,,,,4,2,1,1,3
200500066377,0005-10-17 09:20:00,5,10,17,9,20,380,151.0,"00, HUIT MAI 45 (AV. DU)",,,Plein jour,En agglomération,Intersection en X,Normale,Deux véhicules - côté,,,,,,,,,,,1,2,2,1,3
200500066378,0005-10-17 12:30:00,5,10,17,12,30,380,185.0,"00, VALLES (AVENUE J.)",,,Plein jour,En agglomération,Hors intersection,Normale,Deux véhicules - côté,,,,,,,,,,,1,2,1,1,3
200500066379,0005-10-18 16:20:00,5,10,18,16,20,380,185.0,"0, JAURES (COURS J.)",,,Plein jour,En agglomération,Hors intersection,Normale,Deux véhicules - côté,,,,,,,,,,,1,2,1,1,3
200500066380,0005-10-19 15:40:00,5,10,19,15,40,380,382.0,AUTOROUTE,,,Plein jour,Hors agglomération,Hors intersection,Normale,Deux véhicules - arrière,,,,,,,,,,,1,1,1,1,2
200500066381,0005-10-20 01:58:00,5,10,20,1,58,380,185.0,"6 ter, CLEMENCIERES (ROU",,,Nuit avec éclairage allumé,En agglomération,Hors intersection,Pluie légère,Autre collision,,,,,,,,,,,5,2,1,2,6
200500066382,0005-10-20 17:30:00,5,10,20,17,30,380,179.0,"0, CONDAMINE (RUE DE LA)",,,Plein jour,En agglomération,Intersection en T,Normale,Deux véhicules - côté,,,,,,,,,,,1,2,3,1,3
200500066383,0005-10-21 11:00:00,5,10,21,11,0,380,151.0,"0, JAURES        (COURS",,,Plein jour,En agglomération,Intersection en X,Normale,Deux véhicules - côté,,,,,,,,,,,1,2,2,1,3
200500066384,0005-10-23 10:40:00,5,10,23,10,40,380,185.0,"0, COCAT (AVENUE P.)",,,Plein jour,En agglomération,Hors intersection,Normale,Autre collision,,,,,,,,,,,1,2,1,1,6
200500066385,0005-10-24 13:15:00,5,10,24,13,15,380,185.0,"0, STALINGRAD (RUE DE)",,,Plein jour,En agglomération,Hors intersection,Normale,Autre collision,,,,,,,,,,,1,2,1,1,6
200500066386,0005-10-24 13:50:00,5,10,24,13,50,380,185.0,"00, PERROT (AVENUE J.)",,,Plein jour,En agglomération,Hors intersection,Normale,Deux véhicules - côté,,,,,,,,,,,1,2,1,1,3
200500066387,0005-10-25 17:10:00,5,10,25,17,10,380,185.0,"42, PUPIN (RUE A.)",,,Plein jour,En agglomération,Hors intersection,Normale,Autre collision,,,,,,,,,,,1,2,1,1,6
200500066388,0005-10-25 20:25:00,5,10,25,20,25,380,185.0,A.480 (AUTOROUTE),,,Nuit avec éclairage non allumé,Hors agglomération,Hors intersection,Normale,Autre collision,,,,,,,,,,,4,1,1,1,6
200500066389,0005-10-28 12:10:00,5,10,28,12,10,380,185.0,"0, HEBERT (RUE)",,,Plein jour,En agglomération,Intersection en X,Normale,Autre collision,,,,,,,,,,,1,2,2,1,6
200500066390,0005-10-28 14:15:00,5,10,28,14,15,380,185.0,"58, LIBERATION (COURS DE",,,Plein jour,En agglomération,Hors intersection,Normale,Autre collision,,,,,,,,,,,1,2,1,1,6
200500066391,0005-10-28 17:00:00,5,10,28,17,0,380,179.0,RN 87,,,Plein jour,Hors agglomération,Hors intersection,Normale,Trois véhicules et plus - en chaîne,,,,,,,,,,,1,1,1,1,4
200500066392,0005-10-28 17:45:00,5,10,28,17,45,380,185.0,"00, FERJUS ST (RUE)",,,Plein jour,En agglomération,Hors intersection,Normale,Deux véhicules - côté,,,,,,,,,,,1,2,1,1,3
200500066393,0005-10-28 18:45:00,5,10,28,18,45,380,185.0,"00, RACINE (PLACE J.)",,,Crépuscule ou aube,En agglomération,Hors intersection,Normale,Deux véhicules - côté,,,,,,,,,,,2,2,1,1,3
200500066394,0005-10-30 18:45:00,5,10,30,18,45,380,185.0,"00, GENIN (RUE CL.)",,,Crépuscule ou aube,En agglomération,Hors intersection,Normale,Deux véhicules - frontale,,,,,,,,,,,2,2,1,1,1
200500066395,0005-10-31 19:35:00,5,10,31,19,35,380,185.0,"00, STALINGRAD (RUE DE)(",,,Nuit avec éclairage allumé,En agglomération,Hors intersection,Normale,Deux véhicules - côté,,,,,,,,,,,5,2,1,1,3
200500066396,0005-10-07 22:00:00,5,10,7,22,0,380,544.0,"9, LAURENT FLORENTIN(RUE",,,Nuit avec éclairage allumé,En agglomération,Intersection en X,Normale,Deux véhicules - côté,,,,,,,,,,,5,2,2,1,3
200500066397,0005-10-27 12:20:00,5,10,27,12,20,380,544.0,CD 41,,,Plein jour,Hors agglomération,Hors intersection,Normale,Autre collision,,,,,,,,,,,1,1,1,1,6
200500066398,0005-10-08 16:50:00,5,10,8,16,50,380,563.0,"00, SERMORENS (RUE)",,,Plein jour,En agglomération,Intersection en X,Normale,Deux véhicules - côté,,,,,,,,,,,1,2,2,1,3
200500066399,0005-10-12 15:50:00,5,10,12,15,50,390,198.0,"6, BESANCON (RUE DE)",,,Plein jour,En agglomération,Hors intersection,Normale,Autre collision,,,,,,,,,,,1,2,1,1,6
200500066400,0005-10-11 18:40:00,5,10,11,18,40,390,300.0,"0, BESANCON (ROUTE DE) N",,,Plein jour,En agglomération,Intersection en T,Normale,Trois véhicules et plus - collisions multiples,,,,,,,,,,,1,2,3,1,5
200500066401,0005-10-08 19:00:00,5,10,8,19,0,400,88.0,FOCH (COURS DU MARECHAL),,,Plein jour,En agglomération,Hors intersection,Normale,Trois véhicules et plus - collisions multiples,,,,,,,,,,,1,2,1,1,5
200500066402,0005-10-11 06:58:00,5,10,11,6,58,400,88.0,SAINT-VINCENT DE PAUL (A,,,Nuit avec éclairage allumé,En agglomération,Autre intersection,Normale,Deux véhicules - côté,,,,,,,,,,,5,2,9,1,3
200500066403,0005-10-16 12:55:00,5,10,16,12,55,400,279.0,CIBLE (ALLEE DE LA),,,Plein jour,En agglomération,Intersection en X,Normale,Deux véhicules - côté,,,,,,,,,,,1,2,2,1,3
200500066404,0005-10-12 21:55:00,5,10,12,21,55,400,192.0,"307, VERT (BD DU CHEMIN)",,,Nuit avec éclairage allumé,En agglomération,Hors intersection,Pluie forte,Autre collision,,,,,,,,,,,5,2,1,3,6
200500066405,0005-10-07 14:10:00,5,10,7,14,10,410,18.0,DUPUIS (BOULEVARD DANIEL,,,Plein jour,En agglomération,Hors intersection,Normale,Deux véhicules - côté,,,,,,,,,,,1,2,1,1,3
200500066406,0005-10-12 17:00:00,5,10,12,17,0,410,18.0,"9, PORTE COTE (RUE)",,,Plein jour,En agglomération,Hors intersection,Normale,Deux véhicules - arrière,,,,,,,,,,,1,2,1,1,2
200500066407,0005-10-12 17:03:00,5,10,12,17,3,410,18.0,VENDOME (AVENUE DE),,,Plein jour,En agglomération,Hors intersection,Normale,Deux véhicules - côté,,,,,,,,,,,1,2,1,1,3
200500066408,0005-10-19 16:35:00,5,10,19,16,35,410,18.0,FENELON (RUE),,,Plein jour,En agglomération,Hors intersection,Normale,Trois véhicules et plus - en chaîne,,,,,,,,,,,1,2,1,1,4
200500066409,0005-10-20 03:00:00,5,10,20,3,0,410,18.0,BELLE JARDINIERE (AVENUE,,,Nuit avec éclairage allumé,En agglomération,Hors intersection,Normale,Sans collision,,,,,,,,,,,5,2,1,1,7
200500066410,0005-10-19 12:25:00,5,10,19,12,25,410,18.0,FRANCE (AVENUE DE)  1,,,Plein jour,En agglomération,Hors intersection,Normale,Deux véhicules - côté,,,,,,,,,,,1,2,1,1,3
200500066411,0005-10-20 08:45:00,5,10,20,8,45,410,18.0,AUVERGNE (RUE D'),,,Plein jour,En agglomération,Hors intersection,Pluie légère,Sans collision,,,,,,,,,,,1,2,1,2,7
200500066412,0005-10-21 07:50:00,5,10,21,7,50,410,18.0,BEGON (RUE MICHEL )  SAU,,,Crépuscule ou aube,En agglomération,Hors intersection,Pluie légère,Autre collision,,,,,,,,,,,2,2,1,2,6
200500066413,0005-10-20 17:06:00,5,10,20,17,6,410,18.0,AMPERE (RUE),,,Plein jour,En agglomération,Hors intersection,Normale,Autre collision,,,,,,,,,,,1,2,1,1,6
200500066414,0005-10-21 11:35:00,5,10,21,11,35,410,18.0,RIBIER (RUE GUILLAUME),,,Plein jour,En agglomération,Hors intersection,Pluie légère,Deux véhicules - frontale,,,,,,,,,,,1,2,1,2,1