accident_id,datetime,annee,mois,jour,heure,minute,departement,commune_insee,adresse,latitude,longitude,luminosite,agglomeration,intersection,meteo,collision,nb_vehicules,nb_usagers,nb_indemnes,nb_tues,nb_blesses_hosp,nb_blesses_legers,age_cond_1,age_cond_2,veh_type_cond_1,veh_type_cond_2,lum_code,agg_code,int_code,atm_code,col_code
200500066415,0005-10-26 11:40:00,5,10,26,11,40,410,18.0,"50, GAMBETTA (AVENUE)",,,Plein jour,En agglomération,Hors intersection,Normale,Deux véhicules - arrière,,,,,,,,,,,1,2,1,1,2
200500066416,0005-10-26 18:20:00,5,10,26,18,20,410,212.0,NATIONALE (ROUTE),,,Plein jour,En agglomération,Intersection en T,Normale,Deux véhicules - côté,,,,,,,,,,,1,2,3,1,3
200500066417,0005-10-27 16:50:00,5,10,27,16,50,410,18.0,DUGAY-TROUIN (RUE)  N° I,,,Plein jour,En agglomération,Hors intersection,Normale,Deux véhicules - côté,,,,,,,,,,,1,2,1,1,3
200500066418,0005-10-29 22:00:00,5,10,29,22,0,410,18.0,BAUDET (RUE ETIENNE) 1,,,Nuit avec éclairage allumé,En agglomération,Hors intersection,Normale,Deux véhicules - côté,,,,,,,,,,,5,2,1,1,3
200500066419,0005-10-20 07:40:00,5,10,20,7,40,410,194.0,", SABARD (RUE)",,,Nuit avec éclairage allumé,En agglomération,Hors intersection,Temps couvert,Autre collision,,,,,,,,,,,5,2,1,8,6
200500066420,0005-10-16 05:29:00,5,10,16,5,29,410,269.0,"., RONSARD (AVENUE) (SEC",,,Nuit avec éclairage allumé,En agglomération,Intersection en T,Normale,Sans collision,,,,,,,,,,,5,2,3,1,7
200500066421,0005-10-19 17:28:00,5,10,19,17,28,410,269.0,"28, COURTIRAS (RUE DE)",,,Plein jour,En agglomération,Hors intersection,Pluie légère,Autre collision,,,,,,,,,,,1,2,1,2,6
200500066422,0005-10-02 21:35:00,5,10,2,21,35,420,44.0,LANGEVIN (RUE PAUL),,,Nuit avec éclairage allumé,En agglomération,Intersection en T,Pluie légère,Autre collision,,,,,,,,,,,5,2,3,2,6
200500066423,0005-10-14 23:05:00,5,10,14,23,5,420,95.0,CD 500,,,Nuit avec éclairage allumé,En agglomération,Hors intersection,Normale,Autre collision,,,,,,,,,,,5,2,1,1,6
200500066424,0005-10-20 09:40:00,5,10,20,9,40,420,95.0,CD 500,,,Plein jour,En agglomération,Intersection en X,Normale,Deux véhicules - côté,,,,,,,,,,,1,2,2,1,3
200500066425,0005-10-21 13:30:00,5,10,21,13,30,420,316.0,"1, CHENIER (RUE ANDRE)",,,Plein jour,Hors agglomération,Hors intersection,Normale,Sans collision,,,,,,,,,,,1,1,1,1,7
200500066426,0005-10-18 15:45:00,5,10,18,15,45,420,31.0,CD 3,,,Plein jour,Hors agglomération,Hors intersection,Normale,Trois véhicules et plus - collisions multiples,,,,,,,,,,,1,1,1,1,5
200500066427,0005-10-25 06:00:00,5,10,25,6,0,420,95.0,"100, HUGO (RUE VICTOR)",,,Plein jour,Hors agglomération,Hors intersection,Normale,Deux véhicules - frontale,,,,,,,,,,,1,1,1,1,1
200500066428,0005-10-25 12:05:00,5,10,25,12,5,420,183.0,RD 3088,,,Plein jour,En agglomération,Hors intersection,Normale,Trois véhicules et plus - en chaîne,,,,,,,,,,,1,2,1,1,4
200500066429,0005-10-09 12:40:00,5,10,9,12,40,420,95.0,CD 500,,,Plein jour,Hors agglomération,Hors intersection,Normale,Sans collision,,,,,,,,,,,1,1,1,1,7
200500066430,0005-10-07 11:55:00,5,10,7,11,55,420,299.0,"1, D496",,,Plein jour,Hors agglomération,Hors intersection,Brouillard / fumée,Sans collision,,,,,,,,,,,1,1,1,5,7
200500066431,0005-10-16 05:55:00,5,10,16,5,55,420,147.0,TERRES ROUGES (RUE DES),,,Nuit avec éclairage allumé,En agglomération,Intersection en X,Normale,Deux véhicules - côté,,,,,,,,,,,5,2,2,1,3
200500066432,0005-10-07 08:00:00,5,10,7,8,0,420,186.0,"39, VAILLANT RUE EDOUARD",,,Plein jour,En agglomération,Hors intersection,Normale,Trois véhicules et plus - collisions multiples,,,,,,,,,,,1,2,1,1,5
200500066433,0005-10-03 14:45:00,5,10,3,14,45,420,187.0,"20, MARENGO (RUE)",,,Plein jour,En agglomération,Hors intersection,Pluie légère,Deux véhicules - arrière,,,,,,,,,,,1,2,1,2,2
200500066434,0005-10-06 17:10:00,5,10,6,17,10,420,127.0,"20, BEAUREGARD (CHEMIN D",,,Plein jour,Hors agglomération,Hors intersection,Normale,Autre collision,,,,,,,,,,,1,1,1,1,6
200500066435,0005-10-08 17:40:00,5,10,8,17,40,420,187.0,"7, MULSANT (RUE)",,,Plein jour,En agglomération,Hors intersection,Normale,Deux véhicules - arrière,,,,,,,,,,,1,2,1,1,2
200500066436,0005-10-15 10:00:00,5,10,15,10,0,420,127.0,"20, DE GAULLE (AVENUE CH",,,Plein jour,Hors agglomération,Intersection en T,Normale,Deux véhicules - côté,,,,,,,,,,,1,1,3,1,3
200500066437,0005-10-18 10:35:00,5,10,18,10,35,420,184.0,"27, GALLIENI JOSEPH (AVE",,,Plein jour,En agglomération,Hors intersection,Normale,Autre collision,,,,,,,,,,,1,2,1,1,6
200500066438,0005-10-19 11:20:00,5,10,19,11,20,420,170.0,"20, LE PONT DE RHINS (LI",,,Plein jour,Hors agglomération,Giratoire,Normale,Deux véhicules - côté,,,,,,,,,,,1,1,6,1,3
200500066439,0005-10-19 18:45:00,5,10,19,18,45,420,187.0,"20, PROMENADES POPULLE (",,,Plein jour,En agglomération,Hors intersection,Normale,Autre collision,,,,,,,,,,,1,2,1,1,6
200500066440,0005-10-19 20:05:00,5,10,19,20,5,420,187.0,"20, CLERMONT (RUE DE )",,,Nuit avec éclairage allumé,En agglomération,Intersection en T,Normale,Deux véhicules - côté,,,,,,,,,,,5,2,3,1,3
200500066441,0005-10-20 08:38:00,5,10,20,8,38,420,187.0,"40, BELGIQUE (BOULEVARD",,,Plein jour,En agglomération,Hors intersection,Normale,Deux véhicules - arrière,,,,,,,,,,,1,2,1,1,2
200500066442,0005-10-20 19:40:00,5,10,20,19,40,420,71.0,"20, LIBERATION (AVENUE D",,,Nuit avec éclairage allumé,En agglomération,Intersection en T,Normale,Deux véhicules - côté,,,,,,,,,,,5,2,3,1,3
200500066443,0005-10-20 21:20:00,5,10,20,21,20,420,187.0,"20, BUISSON (RUE FERDINA",,,Nuit avec éclairage allumé,En agglomération,Intersection en X,Normale,Deux véhicules - côté,,,,,,,,,,,5,2,2,1,3
200500066444,0005-10-22 18:00:00,5,10,22,18,0,420,187.0,"27, CHAPERON (RUE ANTOIN",,,Plein jour,En agglomération,Hors intersection,Normale,Autre collision,,,,,,,,,,,1,2,1,1,6
200500066445,0005-10-25 08:35:00,5,10,25,8,35,420,184.0,"20, FARON JULES (RUE)",,,Plein jour,En agglomération,Giratoire,Normale,Autre collision,,,,,,,,,,,1,2,6,1,6
200500066446,0005-10-26 13:45:00,5,10,26,13,45,420,187.0,PARIS (AVENUE DE),,,Plein jour,En agglomération,Hors intersection,Normale,Autre collision,,,,,,,,,,,1,2,1,1,6
200500066447,0005-10-26 14:25:00,5,10,26,14,25,420,71.0,"1, ABATTOIR (RUE DE L')",,,Plein jour,En agglomération,Intersection en T,Normale,Deux véhicules - côté,,,,,,,,,,,1,2,3,1,3
200500066448,0005-10-29 13:10:00,5,10,29,13,10,420,187.0,"1, CUGNOT (IMPASSE NICOL",,,Plein jour,En agglomération,Giratoire,Normale,Deux véhicules - arrière,,,,,,,,,,,1,2,6,1,2
200500066449,0005-10-27 16:25:00,5,10,27,16,25,420,184.0,"1, FARON JULES (RUE)",,,Plein jour,En agglomération,Intersection en T,Normale,Autre collision,,,,,,,,,,,1,2,3,1,6
200500066450,0005-10-28 16:00:00,5,10,28,16,0,420,127.0,Route nationale 7,,,Plein jour,En agglomération,Intersection en T,Normale,Deux véhicules - côté,,,,,,,,,,,1,2,3,1,3
200500066451,0005-10-30 17:05:00,5,10,30,17,5,420,184.0,"20, OUEST  (BD)",,,Plein jour,En agglomération,Giratoire,Normale,Sans collision,,,,,,,,,,,1,2,6,1,7
200500066452,0005-10-30 20:05:00,5,10,30,20,5,420,187.0,SAINT-ALBAN (RUE DE ),,,Crépuscule ou aube,En agglomération,Hors intersection,Normale,Deux véhicules - côté,,,,,,,,,,,2,2,1,1,3
200500066453,0005-10-30 15:45:00,5,10,30,15,45,420,127.0,"161, BRIENNON (RT DE)",,,Plein jour,En agglomération,Hors intersection,Normale,Deux véhicules - arrière,,,,,,,,,,,1,2,1,1,2
200500066454,0005-10-28 12:30:00,5,10,28,12,30,420,187.0,"13, CIMETIERE (BOULEVARD",,,Plein jour,En agglomération,Hors intersection,Normale,Autre collision,,,,,,,,,,,1,2,1,1,6
200500066455,0005-10-13 11:45:00,5,10,13,11,45,420,110.0,"NNNN, LANET   PLACE",,,Plein jour,En agglomération,Hors intersection,Normale,Autre collision,,,,,,,,,,,1,2,1,1,6
200500066456,0005-10-23 19:45:00,5,10,23,19,45,420,207.0,"88, LYON ROUTE DE",,,Nuit avec éclairage allumé,En agglomération,Hors intersection,Normale,Deux véhicules - côté,,,,,,,,,,,5,2,1,1,3
200500066457,0005-10-12 12:18:00,5,10,12,12,18,420,207.0,CLEMENCEAU GEORGES BOULE,,,Plein jour,En agglomération,Intersection en T,Normale,Deux véhicules - côté,,,,,,,,,,,1,2,3,1,3
200500066458,0005-10-01 00:48:00,5,10,1,0,48,420,275.0,RATARIEUX,,,Nuit avec éclairage allumé,En agglomération,Intersection en T,Normale,Sans collision,,,,,,,,,,,5,2,3,1,7
200500066459,0005-10-01 19:40:00,5,10,1,19,40,420,218.0,"34, BARROUIN",,,Nuit avec éclairage allumé,En agglomération,Hors intersection,Normale,Sans collision,,,,,,,,,,,5,2,1,1,7
200500066460,0005-10-03 07:50:00,5,10,3,7,50,420,218.0,"100, SALENGRO ROGER",,,Crépuscule ou aube,En agglomération,Hors intersection,Temps couvert,Deux véhicules - côté,,,,,,,,,,,2,2,1,8,3
200500066461,0005-10-03 08:20:00,5,10,3,8,20,420,218.0,"177, DURAFOUR ANTOINE A",,,Plein jour,En agglomération,Hors intersection,Pluie légère,Autre collision,,,,,,,,,,,1,2,1,2,6
200500066462,0005-10-03 19:35:00,5,10,3,19,35,420,218.0,NORMANDIE NIEMEN DES N°,,,Crépuscule ou aube,En agglomération,Hors intersection,Normale,Deux véhicules - arrière,,,,,,,,,,,2,2,1,1,2
200500066463,0005-10-03 18:34:00,5,10,3,18,34,420,218.0,"5, LASSAIGNE FAURIEL 1 E",,,Plein jour,En agglomération,Hors intersection,Normale,Deux véhicules - arrière,,,,,,,,,,,1,2,1,1,2
200500066464,0005-10-04 07:00:00,5,10,4,7,0,420,218.0,RICHELANDIERE (DE LA) JU,,,Crépuscule ou aube,En agglomération,Intersection en X,Normale,Deux véhicules - côté,,,,,,,,,,,2,2,2,1,3
200500066465,0005-10-04 12:30:00,5,10,4,12,30,420,218.0,"51, MARTEL EDOUARD A PAR",,,Plein jour,En agglomération,Intersection en X,Temps couvert,Deux véhicules - côté,,,,,,,,,,,1,2,2,8,3
200500066466,0005-10-04 15:20:00,5,10,4,15,20,420,218.0,OGIER JEAN BAPTISTE,,,Plein jour,En agglomération,Hors intersection,Pluie légère,Deux véhicules - côté,,,,,,,,,,,1,2,1,2,3
200500066467,0005-10-04 17:30:00,5,10,4,17,30,420,218.0,"21, PASTEUR (BOULEVARD)",,,Plein jour,En agglomération,Hors intersection,Pluie légère,Deux véhicules - arrière,,,,,,,,,,,1,2,1,2,2
200500066468,0005-10-06 08:00:00,5,10,6,8,0,420,218.0,"0000000001, CHOLAT CHARL",,,Plein jour,En agglomération,Autre intersection,Normale,Sans collision,,,,,,,,,,,1,2,9,1,7
200500066469,0005-10-06 06:45:00,5,10,6,6,45,420,223.0,departementale 3,,,Crépuscule ou aube,En agglomération,Autre intersection,Normale,Deux véhicules - arrière,,,,,,,,,,,2,2,9,1,2
200500066470,0005-10-07 11:00:00,5,10,7,11,0,420,218.0,"15, MONTAUD",,,Plein jour,En agglomération,Hors intersection,Normale,Deux véhicules - côté,,,,,,,,,,,1,2,1,1,3
200500066471,0005-10-07 17:45:00,5,10,7,17,45,420,218.0,RIVIERE SERGENT RENE MAR,,,Plein jour,En agglomération,Hors intersection,Normale,Trois véhicules et plus - collisions multiples,,,,,,,,,,,1,2,1,1,5
200500066472,0005-10-09 17:40:00,5,10,9,17,40,420,218.0,MONTAT (DE LA) A PARTIR,,,Plein jour,En agglomération,Hors intersection,Normale,Deux véhicules - côté,,,,,,,,,,,1,2,1,1,3
200500066473,0005-10-09 22:00:00,5,10,9,22,0,420,218.0,STALINGRAD (SQUARE),,,Nuit avec éclairage allumé,En agglomération,Giratoire,Normale,Autre collision,,,,,,,,,,,5,2,6,1,6
200500066474,0005-10-10 12:30:00,5,10,10,12,30,420,218.0,"08, BUISSON",,,Plein jour,En agglomération,Hors intersection,Normale,Autre collision,,,,,,,,,,,1,2,1,1,6
200500066475,0005-10-12 19:35:00,5,10,12,19,35,420,218.0,"64, PASSEMENTIERS A PART",,,Nuit avec éclairage allumé,En agglomération,Intersection à plus de 4 branches,Normale,Deux véhicules - côté,,,,,,,,,,,5,2,5,1,3
200500066476,0005-10-12 10:45:00,5,10,12,10,45,420,218.0,UNIVERSITE (DE L'),,,Plein jour,En agglomération,Intersection en T,Normale,Deux véhicules - côté,,,,,,,,,,,1,2,3,1,3
200500066477,0005-10-12 12:05:00,5,10,12,12,5,420,218.0,"8, CHARCOT DOCTEURS JUSQ",,,Plein jour,En agglomération,Intersection en X,Normale,Autre collision,,,,,,,,,,,1,2,2,1,6
200500066478,0005-10-11 10:25:00,5,10,11,10,25,420,218.0,"20, GERVAIS ELISE",,,Plein jour,En agglomération,Hors intersection,Normale,Autre collision,,,,,,,,,,,1,2,1,1,6
200500066479,0005-10-14 19:40:00,5,10,14,19,40,420,218.0,"72, BERGSON A PARTIR N°",,,Nuit avec éclairage allumé,En agglomération,Hors intersection,Normale,Autre collision,,,,,,,,,,,5,2,1,1,6
200500066480,0005-10-17 12:15:00,5,10,17,12,15,420,218.0,"0000000001, CHAVASSIEUX",,,Plein jour,En agglomération,Hors intersection,Normale,Deux véhicules - arrière,,,,,,,,,,,1,2,1,1,2
200500066481,0005-10-19 11:33:00,5,10,19,11,33,420,218.0,"4, JANIN JULES (BD) JUSQ",,,Plein jour,En agglomération,Hors intersection,Normale,Autre collision,,,,,,,,,,,1,2,1,1,6
200500066482,0005-10-20 10:36:00,5,10,20,10,36,420,218.0,"38, ROCHETAILLEE (AVENUE",,,Plein jour,En agglomération,Intersection en X,Normale,Deux véhicules - frontale,,,,,,,,,,,1,2,2,1,1
200500066483,0005-10-20 10:45:00,5,10,20,10,45,420,275.0,TROIS GLORIEUSES,,,Plein jour,Hors agglomération,Intersection en X,Normale,Deux véhicules - côté,,,,,,,,,,,1,1,2,1,3
200500066484,0005-10-20 16:20:00,5,10,20,16,20,420,223.0,Route Départementale N°8,,,Plein jour,Hors agglomération,Hors intersection,Normale,Autre collision,,,,,,,,,,,1,1,1,1,6
200500066485,0005-10-21 15:42:00,5,10,21,15,42,420,218.0,"1, DORNA ABBE",,,Plein jour,En agglomération,Hors intersection,Normale,Autre collision,,,,,,,,,,,1,2,1,1,6
200500066486,0005-10-21 09:25:00,5,10,21,9,25,420,218.0,"28, BUFFOND",,,Plein jour,En agglomération,Hors intersection,Normale,Sans collision,,,,,,,,,,,1,2,1,1,7
200500066487,0005-10-22 12:16:00,5,10,22,12,16,420,218.0,"37, MOLINA (DE)",,,Plein jour,En agglomération,Hors intersection,Normale,Sans collision,,,,,,,,,,,1,2,1,1,7
200500066488,0005-10-24 21:55:00,5,10,24,21,55,420,189.0,Départementale 3,,,Nuit sans éclairage public,Hors agglomération,Hors intersection,Normale,Deux véhicules - arrière,,,,,,,,,,,3,1,1,1,2
200500066489,0005-10-25 16:55:00,5,10,25,16,55,420,189.0,"0000000001, PUITS CHARLE",,,Plein jour,En agglomération,Intersection en X,Normale,Deux véhicules - côté,,,,,,,,,,,1,2,2,1,3
200500066490,0005-10-25 18:41:00,5,10,25,18,41,420,218.0,"86, BERGSON A PARTIR N°",,,Plein jour,En agglomération,Hors intersection,Normale,Autre collision,,,,,,,,,,,1,2,1,1,6
200500066491,0005-10-26 12:30:00,5,10,26,12,30,420,218.0,"61, FAURIAT (BOULEVARD)",,,Plein jour,En agglomération,Hors intersection,Normale,Autre collision,,,,,,,,,,,1,2,1,1,6
200500066492,0005-10-26 15:15:00,5,10,26,15,15,420,218.0,"29, POURCEL ALEXANDRE A",,,Plein jour,En agglomération,Intersection en X,Normale,Deux véhicules - côté,,,,,,,,,,,1,2,2,1,3
200500066493,0005-10-26 23:45:00,5,10,26,23,45,420,218.0,ROOSEVELT FRANKLIN (SQUA,,,Nuit avec éclairage allumé,En agglomération,Giratoire,Normale,Deux véhicules - côté,,,,,,,,,,,5,2,6,1,3
200500066494,0005-10-28 10:00:00,5,10,28,10,0,420,218.0,"11, DAGUERRE",,,Plein jour,En agglomération,Hors intersection,Normale,Deux véhicules - côté,,,,,,,,,,,1,2,1,1,3
200500066495,0005-10-28 12:00:00,5,10,28,12,0,420,218.0,"05, COLONNA AUGUSTE",,,Plein jour,En agglomération,Hors intersection,Normale,Deux véhicules - côté,,,,,,,,,,,1,2,1,1,3
200500066496,0005-10-28 19:05:00,5,10,28,19,5,420,218.0,"3, ACIERIES (DES)",,,Nuit avec éclairage allumé,En agglomération,Hors intersection,Normale,Deux véhicules - côté,,,,,,,,,,,5,2,1,1,3
200500066497,0005-10-29 10:27:00,5,10,29,10,27,420,218.0,TROIS MEULES (DES),,,Plein jour,En agglomération,Hors intersection,Normale,Autre collision,,,,,,,,,,,1,2,1,1,6
200500066498,0005-10-29 19:55:00,5,10,29,19,55,420,218.0,"88, MONTAT (DE LA) A PAR",,,Nuit avec éclairage allumé,En agglomération,Intersection en X,Normale,Deux véhicules - côté,,,,,,,,,,,5,2,2,1,3
200500066499,0005-10-29 23:50:00,5,10,29,23,50,420,218.0,"29, MIMARD ETIENNE A PAR",,,Nuit avec éclairage allumé,En agglomération,Intersection en X,Normale,Deux véhicules - côté,,,,,,,,,,,5,2,2,1,3
200500066500,0005-10-30 16:10:00,5,10,30,16,10,420,218.0,"25, KLEBER",,,Plein jour,En agglomération,Hors intersection,Normale,Deux véhicules - frontale,,,,,,,,,,,1,2,1,1,1
200500066501,0005-10-31 11:34:00,5,10,31,11,34,420,218.0,"81, ROCHE DU GEAI (DE LA",,,Plein jour,En agglomération,Hors intersection,Normale,Deux véhicules - arrière,,,,,,,,,,,1,2,1,1,2
200500066502,0005-10-05 10:45:00,5,10,5,10,45,430,157.0,BREUIL (BD DU),,,Plein jour,En agglomération,Hors intersection,Normale,Autre collision,,,,,,,,,,,1,2,1,1,6
200500066503,0005-10-15 14:30:00,5,10,15,14,30,430,157.0,CLUNY (BD. DE),,,Plein jour,En agglomération,Hors intersection,Normale,Deux véhicules - côté,,,,,,,,,,,1,2,1,1,3
200500066504,0005-10-16 05:15:00,5,10,16,5,15,430,157.0,88 (ROUTE NATIONALE),,,Nuit sans éclairage public,Hors agglomération,Hors intersection,Pluie légère,Autre collision,,,,,,,,,,,3,1,1,2,6
200500066505,0005-10-27 15:28:00,5,10,27,15,28,430,89.0,SAUGUES (ROUTE DE),,,Plein jour,En agglomération,Intersection en T,Normale,Deux véhicules - côté,,,,,,,,,,,1,2,3,1,3
200500066506,0005-10-28 10:15:00,5,10,28,10,15,430,251.0,AIELO (ROND-POINT),,,Plein jour,En agglomération,Hors intersection,Temps éblouissant,Deux véhicules - arrière,,,,,,,,,,,1,2,1,7,2
200500066507,0005-10-14 18:05:00,5,10,14,18,5,440,55.0,"62, JOFFRE ( AVENUE )",,,Plein jour,En agglomération,Hors intersection,Normale,Autre collision,,,,,,,,,,,1,2,1,1,6
200500066508,0005-10-16 09:00:00,5,10,16,9,0,440,55.0,"47, LATTRE DE TASSIGNY (",,,Plein jour,En agglomération,Hors intersection,Normale,Deux véhicules - frontale,,,,,,,,,,,1,2,1,1,1
200500066509,0005-10-20 15:40:00,5,10,20,15,40,440,132.0,"0, ST NAZAIRE (BOULEVARD",,,Plein jour,Hors agglomération,Hors intersection,Normale,Deux véhicules - frontale,,,,,,,,,,,1,1,1,1,1
200500066510,0005-10-02 12:40:00,5,10,2,12,40,440,109.0,"00, BOULEVARD DU PETIT P",,,Plein jour,En agglomération,Hors intersection,Normale,Deux véhicules - côté,,,,,,,,,,,1,2,1,1,3
200500066511,0005-10-01 21:25:00,5,10,1,21,25,440,190.0,"96, RUE DES DEPORTES",,,Nuit avec éclairage allumé,En agglomération,Hors intersection,Normale,Sans collision,,,,,,,,,,,5,2,1,1,7
200500066512,0005-10-03 08:00:00,5,10,3,8,0,440,109.0,RUE SARRAZIN,,,Plein jour,En agglomération,Place,Normale,Autre collision,,,,,,,,,,,1,2,7,1,6
200500066513,0005-10-01 20:20:00,5,10,1,20,20,440,109.0,ROUTE DE SAINT JOSEPH,,,Nuit avec éclairage allumé,En agglomération,Intersection en T,Normale,Autre collision,,,,,,,,,,,5,2,3,1,6
200500066514,0005-10-03 11:40:00,5,10,3,11,40,440,109.0,"1, BOULEVARD BOULAY PATY",,,Plein jour,En agglomération,Intersection en X,Normale,Sans collision,,,,,,,,,,,1,2,2,1,7
200500066515,0005-10-01 19:15:00,5,10,1,19,15,440,109.0,"00, RUE DES REINETTES",,,Crépuscule ou aube,En agglomération,Hors intersection,Normale,Deux véhicules - côté,,,,,,,,,,,2,2,1,1,3
200500066516,0005-10-03 16:15:00,5,10,3,16,15,440,162.0,RUE OCEANE,,,Plein jour,En agglomération,Hors intersection,Normale,Autre collision,,,,,,,,,,,1,2,1,1,6
200500066517,0005-10-05 09:55:00,5,10,5,9,55,440,109.0,AV LT LAVENNE DE LA MONT,,,Plein jour,En agglomération,Intersection en X,Normale,Deux véhicules - côté,,,,,,,,,,,1,2,2,1,3
200500066518,0005-10-04 18:35:00,5,10,4,18,35,440,109.0,COURS JOHN KENNEDY,,,Plein jour,En agglomération,Intersection en X,Normale,Autre collision,,,,,,,,,,,1,2,2,1,6
200500066519,0005-10-05 12:00:00,5,10,5,12,0,440,109.0,RUE HECTOR BERLIOZ,,,Plein jour,En agglomération,Hors intersection,Normale,Autre collision,,,,,,,,,,,1,2,1,1,6
200500066520,0005-10-06 16:50:00,5,10,6,16,50,440,109.0,ROUTE DE SAINTE LUCE,,,Plein jour,En agglomération,Intersection en X,Normale,Autre collision,,,,,,,,,,,1,2,2,1,6
200500066521,0005-10-06 18:25:00,5,10,6,18,25,440,109.0,BOULEVARD DES POILUS,,,Plein jour,En agglomération,Intersection en X,Normale,Deux véhicules - frontale,,,,,,,,,,,1,2,2,1,1
200500066522,0005-10-07 07:20:00,5,10,7,7,20,440,162.0,RD 107,,,Crépuscule ou aube,Hors agglomération,Hors intersection,Normale,Autre collision,,,,,,,,,,,2,1,1,1,6
200500066523,0005-10-07 07:40:00,5,10,7,7,40,440,114.0,"17, AVENUE FELIX VINCENT",,,Crépuscule ou aube,En agglomération,Hors intersection,Normale,Deux véhicules - côté,,,,,,,,,,,2,2,1,1,3
200500066524,0005-10-07 17:15:00,5,10,7,17,15,440,109.0,LADMIRAULT (PL),,,Plein jour,Hors agglomération,Hors intersection,Normale,Deux véhicules - arrière,,,,,,,,,,,1,1,1,1,2
200500066525,0005-10-07 09:00:00,5,10,7,9,0,440,143.0,"2, MITTERRAND (PLACE)",,,Plein jour,En agglomération,Hors intersection,Normale,Autre collision,,,,,,,,,,,1,2,1,1,6
200500066526,0005-10-07 18:30:00,5,10,7,18,30,440,109.0,"25, RUE PAUL BERT",,,Plein jour,En agglomération,Hors intersection,Normale,Autre collision,,,,,,,,,,,1,2,1,1,6
200500066527,0005-10-09 11:10:00,5,10,9,11,10,440,109.0,"., BOULEVARD EMILE ROMAN",,,Plein jour,En agglomération,Hors intersection,Normale,Deux véhicules - côté,,,,,,,,,,,1,2,1,1,3
200500066528,0005-10-09 12:50:00,5,10,9,12,50,440,109.0,BOULEVARD DE LA SOLIDARI,,,Plein jour,En agglomération,Intersection en T,Normale,Deux véhicules - côté,,,,,,,,,,,1,2,3,1,3
200500066529,0005-10-09 18:05:00,5,10,9,18,5,440,162.0,"1, BOULEVARD DU TERTRE",,,Plein jour,En agglomération,Intersection en T,Normale,Deux véhicules - arrière,,,,,,,,,,,1,2,3,1,2
200500066530,0005-10-08 12:00:00,5,10,8,12,0,440,190.0,"236, ROUTE DE CLISSON",,,Plein jour,En agglomération,Hors intersection,Normale,Autre collision,,,,,,,,,,,1,2,1,1,6
200500066531,0005-10-13 07:45:00,5,10,13,7,45,440,114.0,PERIPHERIQUE ROUTIER,,,Crépuscule ou aube,Hors agglomération,Hors intersection,Normale,Autre collision,,,,,,,,,,,2,1,1,1,6
200500066532,0005-10-16 23:05:00,5,10,16,23,5,440,109.0,ROUTE DE RENNES,,,Nuit avec éclairage allumé,En agglomération,Hors intersection,Normale,Autre collision,,,,,,,,,,,5,2,1,1,6
200500066533,0005-10-16 00:01:00,5,10,16,0,1,440,109.0,"08, BOULEVARD ROBERT SCH",,,Nuit avec éclairage allumé,En agglomération,Hors intersection,Pluie forte,Deux véhicules - côté,,,,,,,,,,,5,2,1,3,3
200500066534,0005-10-16 16:15:00,5,10,16,16,15,440,162.0,RUE DES FRERES GRIMM,,,Plein jour,En agglomération,Hors intersection,Normale,Autre collision,,,,,,,,,,,1,2,1,1,6
200500066535,0005-10-15 06:50:00,5,10,15,6,50,440,162.0,"0, BOULEVARD PROFESSEUR",,,Nuit avec éclairage allumé,En agglomération,Hors intersection,Normale,Sans collision,,,,,,,,,,,5,2,1,1,7
200500066536,0005-10-18 08:10:00,5,10,18,8,10,440,162.0,"183, ROUTE DE VANNES",,,Crépuscule ou aube,En agglomération,Hors intersection,Normale,Autre collision,,,,,,,,,,,2,2,1,1,6
200500066537,0005-10-18 17:35:00,5,10,18,17,35,440,143.0,PORNIC (ROUTE DE),,,Plein jour,En agglomération,Hors intersection,Pluie forte,Deux véhicules - côté,,,,,,,,,,,1,2,1,3,3
200500066538,0005-10-18 18:35:00,5,10,18,18,35,440,143.0,"80, JAURES (RUE JEAN)",,,Plein jour,En agglomération,Hors intersection,Pluie légère,Deux véhicules - frontale,,,,,,,,,,,1,2,1,2,1
200500066539,0005-10-18 15:15:00,5,10,18,15,15,440,109.0,BOULEVARD EMILE ROMANET,,,Plein jour,En agglomération,Intersection en T,Pluie légère,Deux véhicules - côté,,,,,,,,,,,1,2,3,2,3
200500066540,0005-10-18 17:35:00,5,10,18,17,35,440,109.0,AVENUE DE LA GARE DE SAI,,,Plein jour,En agglomération,Hors intersection,Pluie forte,Deux véhicules - côté,,,,,,,,,,,1,2,1,3,3
200500066541,0005-10-18 17:19:00,5,10,18,17,19,440,109.0,"., BOULEVARD DE LONGCHAM",,,Plein jour,En agglomération,Intersection en X,Pluie légère,Deux véhicules - frontale,,,,,,,,,,,1,2,2,2,1
200500066542,0005-10-15 17:00:00,5,10,15,17,0,440,162.0,"0, RD 201",,,Plein jour,En agglomération,Autre intersection,Autre,Deux véhicules - arrière,,,,,,,,,,,1,2,9,9,2
200500066543,0005-10-20 07:55:00,5,10,20,7,55,440,109.0,LADMIRAULT (PL),,,Crépuscule ou aube,En agglomération,Hors intersection,Normale,Deux véhicules - arrière,,,,,,,,,,,2,2,1,1,2
200500066544,0005-10-19 08:05:00,5,10,19,8,5,440,109.0,"44, CLISSON ( ROUTE DE )",,,Crépuscule ou aube,En agglomération,Hors intersection,Pluie légère,Deux véhicules - côté,,,,,,,,,,,2,2,1,2,3