accident_id,datetime,annee,mois,jour,heure,minute,departement,commune_insee,adresse,latitude,longitude,luminosite,agglomeration,intersection,meteo,collision,nb_vehicules,nb_usagers,nb_indemnes,nb_tues,nb_blesses_hosp,nb_blesses_legers,age_cond_1,age_cond_2,veh_type_cond_1,veh_type_cond_2,lum_code,agg_code,int_code,atm_code,col_code
200500066931,0005-10-01 16:55:00,5,10,1,16,55,570,672.0,SAINT-MICHEL (MONTEE DU),,,Plein jour,Hors agglomération,Hors intersection,Pluie légère,Sans collision,,,,,,,,,,,1,1,1,2,7
200500066932,0005-10-05 07:23:00,5,10,5,7,23,570,508.0,"17, FOCH (RUE)",,,Crépuscule ou aube,En agglomération,Hors intersection,Normale,Autre collision,,,,,,,,,,,2,2,1,1,6
200500066933,0005-10-05 15:10:00,5,10,5,15,10,570,757.0,"39, PASTEUR (RUE)",,,Plein jour,En agglomération,Hors intersection,Normale,Autre collision,,,,,,,,,,,1,2,1,1,6
200500066934,0005-10-05 14:40:00,5,10,5,14,40,570,672.0,"2, MARCHAL (QUAI)",,,Plein jour,En agglomération,Intersection en T,Normale,Autre collision,,,,,,,,,,,1,2,3,1,6
200500066935,0005-10-07 16:58:00,5,10,7,16,58,570,757.0,PASTEUR (RUE),,,Plein jour,En agglomération,Intersection en X,Normale,Autre collision,,,,,,,,,,,1,2,2,1,6
200500066936,0005-10-07 18:30:00,5,10,7,18,30,570,368.0,"14, REPUBLIQUE (RUE DE L",,,Plein jour,En agglomération,Hors intersection,Normale,Deux véhicules - côté,,,,,,,,,,,1,2,1,1,3
200500066937,0005-10-07 13:25:00,5,10,7,13,25,570,221.0,"142, SAINTE-AGATHE (RUE)",,,Plein jour,En agglomération,Hors intersection,Normale,Autre collision,,,,,,,,,,,1,2,1,1,6
200500066938,0005-10-13 07:20:00,5,10,13,7,20,570,672.0,"22, RAYMOND POINCARE (AL",,,Plein jour,En agglomération,Intersection en X,Normale,Deux véhicules - côté,,,,,,,,,,,1,2,2,1,3
200500066939,0005-10-13 10:50:00,5,10,13,10,50,570,672.0,"4 RUE WAX, LIBERTE (PLAC",,,Plein jour,En agglomération,Hors intersection,Normale,Deux véhicules - arrière,,,,,,,,,,,1,2,1,1,2
200500066940,0005-10-14 16:45:00,5,10,14,16,45,570,672.0,"35, GUENTRANGE (ROUTE DE",,,Plein jour,En agglomération,Intersection en T,Normale,Deux véhicules - arrière,,,,,,,,,,,1,2,3,1,2
200500066941,0005-10-16 16:45:00,5,10,16,16,45,570,441.0,", GARCHE (ROUTE DE)",,,Plein jour,Hors agglomération,Hors intersection,Normale,Sans collision,,,,,,,,,,,1,1,1,1,7
200500066942,0005-10-17 07:37:00,5,10,17,7,37,570,306.0,"35, VERDUN (RUE DE)",,,Crépuscule ou aube,En agglomération,Hors intersection,Normale,Deux véhicules - côté,,,,,,,,,,,2,2,1,1,3
200500066943,0005-10-17 15:20:00,5,10,17,15,20,570,306.0,"35, GAULLE (RUE DE)",,,Plein jour,En agglomération,Hors intersection,Normale,Deux véhicules - arrière,,,,,,,,,,,1,2,1,1,2
200500066944,0005-10-17 18:20:00,5,10,17,18,20,570,12.0,BURGER (RUE JEAN),,,Plein jour,En agglomération,Intersection en T,Normale,Deux véhicules - côté,,,,,,,,,,,1,2,3,1,3
200500066945,0005-10-18 13:50:00,5,10,18,13,50,570,672.0,"24A, ALBERT 1ER (AVENUE)",,,Plein jour,En agglomération,Hors intersection,Normale,Autre collision,,,,,,,,,,,1,2,1,1,6
200500066946,0005-10-18 19:50:00,5,10,18,19,50,570,672.0,"24, CREVE COEUR (RUE DU)",,,Nuit avec éclairage allumé,En agglomération,Intersection en T,Normale,Autre collision,,,,,,,,,,,5,2,3,1,6
200500066947,0005-10-19 11:45:00,5,10,19,11,45,570,672.0,"2, BEL AIR (ALLEE) - PAI",,,Plein jour,En agglomération,Hors intersection,Normale,Autre collision,,,,,,,,,,,1,2,1,1,6
200500066948,0005-10-19 09:15:00,5,10,19,9,15,570,672.0,SAINT-MICHEL (MONTEE DU),,,Plein jour,Hors agglomération,Hors intersection,Pluie forte,Sans collision,,,,,,,,,,,1,1,1,3,7
200500066949,0005-10-14 11:55:00,5,10,14,11,55,570,672.0,"1, HARDT (MONTEE DU)",,,Plein jour,Hors agglomération,Hors intersection,Normale,Sans collision,,,,,,,,,,,1,1,1,1,7
200500066950,0005-10-20 17:30:00,5,10,20,17,30,570,672.0,"3, PAUL ALBERT (RUE) - I",,,Plein jour,En agglomération,Hors intersection,Pluie légère,Deux véhicules - frontale,,,,,,,,,,,1,2,1,2,1
200500066951,0005-10-23 15:15:00,5,10,23,15,15,570,757.0,"76, REPUBLIQUE (RUE DE L",,,Plein jour,En agglomération,Giratoire,Normale,Deux véhicules - côté,,,,,,,,,,,1,2,6,1,3
200500066952,0005-10-22 10:05:00,5,10,22,10,5,570,672.0,SAINT-MICHEL (MONTEE DU),,,Plein jour,Hors agglomération,Hors intersection,Pluie légère,Sans collision,,,,,,,,,,,1,1,1,2,7
200500066953,0005-10-27 15:50:00,5,10,27,15,50,570,672.0,"7, CASTELNAU (RUE DE)",,,Plein jour,En agglomération,Hors intersection,Normale,Autre collision,,,,,,,,,,,1,2,1,1,6
200500066954,0005-10-30 02:10:00,5,10,30,2,10,570,672.0,"1, BRIQUERIE (ROUTE DE L",,,Nuit avec éclairage allumé,En agglomération,Hors intersection,Normale,Autre collision,,,,,,,,,,,5,2,1,1,6
200500066955,0005-10-28 10:50:00,5,10,28,10,50,570,757.0,ADER (RUE CLEMENT),,,Plein jour,Hors agglomération,Hors intersection,Normale,Sans collision,,,,,,,,,,,1,1,1,1,7
200500066956,0005-10-21 17:50:00,5,10,21,17,50,570,221.0,LONGWY (RUE DE),,,Plein jour,En agglomération,Intersection en X,Normale,Deux véhicules - côté,,,,,,,,,,,1,2,2,1,3
200500066957,0005-10-21 15:20:00,5,10,21,15,20,570,306.0,"165, FOCH (RUE )",,,Plein jour,En agglomération,Hors intersection,Normale,Deux véhicules - arrière,,,,,,,,,,,1,2,1,1,2
200500066958,0005-10-25 18:05:00,5,10,25,18,5,570,672.0,GAULLE (RUE CHARLES DE),,,Crépuscule ou aube,En agglomération,Hors intersection,Normale,Autre collision,,,,,,,,,,,2,2,1,1,6
200500066959,0005-10-22 19:35:00,5,10,22,19,35,570,306.0,KONACKER (RUE DU),,,Nuit sans éclairage public,Hors agglomération,Hors intersection,Normale,Autre collision,,,,,,,,,,,3,1,1,1,6
200500066960,0005-10-05 19:10:00,5,10,5,19,10,580,194.0,"SANS, SAINT BENIN",,,Crépuscule ou aube,En agglomération,Hors intersection,Normale,Sans collision,,,,,,,,,,,2,2,1,1,7
200500066961,0005-10-02 00:40:00,5,10,2,0,40,580,194.0,"31bis, GUSTAVE MATHIEU",,,Nuit avec éclairage allumé,En agglomération,Hors intersection,Normale,Autre collision,,,,,,,,,,,5,2,1,1,6
200500066962,0005-10-10 14:30:00,5,10,10,14,30,580,194.0,ARDILLIERS,,,Plein jour,En agglomération,Hors intersection,Normale,Deux véhicules - arrière,,,,,,,,,,,1,2,1,1,2
200500066963,0005-10-07 17:25:00,5,10,7,17,25,580,194.0,GAUTRON DU COUDRAY,,,Plein jour,En agglomération,Hors intersection,Normale,Sans collision,,,,,,,,,,,1,2,1,1,7
200500066964,0005-10-10 10:00:00,5,10,10,10,0,580,194.0,SAINT EXUPERY (BOULEVARD,,,Plein jour,En agglomération,Hors intersection,Normale,Autre collision,,,,,,,,,,,1,2,1,1,6
200500066965,0005-10-13 18:20:00,5,10,13,18,20,580,194.0,PIERRE DE COUBERTIN,,,Plein jour,En agglomération,Hors intersection,Normale,Trois véhicules et plus - en chaîne,,,,,,,,,,,1,2,1,1,4
200500066966,0005-10-12 17:15:00,5,10,12,17,15,580,194.0,SAINT EXUPERY (PLACE),,,Plein jour,En agglomération,Hors intersection,Normale,Autre collision,,,,,,,,,,,1,2,1,1,6
200500066967,0005-10-14 13:30:00,5,10,14,13,30,580,194.0,"53, VICTOR HUGO (BOULEVA",,,Plein jour,En agglomération,Hors intersection,Normale,Autre collision,,,,,,,,,,,1,2,1,1,6
200500066968,0005-10-16 12:00:00,5,10,16,12,0,580,194.0,EDUENS (QUAI),,,Plein jour,En agglomération,Hors intersection,Normale,Autre collision,,,,,,,,,,,1,2,1,1,6
200500066969,0005-10-16 16:05:00,5,10,16,16,5,580,194.0,"31, MARECHAL DE LATTRE D",,,Plein jour,En agglomération,Hors intersection,Normale,Autre collision,,,,,,,,,,,1,2,1,1,6
200500066970,0005-10-18 08:25:00,5,10,18,8,25,580,194.0,"29, ROTONDE",,,Plein jour,En agglomération,Hors intersection,Normale,Autre collision,,,,,,,,,,,1,2,1,1,6
200500066971,0005-10-19 13:35:00,5,10,19,13,35,580,194.0,COLONEL JEANPIERRE,,,Plein jour,En agglomération,Hors intersection,Normale,Autre collision,,,,,,,,,,,1,2,1,1,6
200500066972,0005-10-19 16:05:00,5,10,19,16,5,580,194.0,GAMBETTA,,,Plein jour,En agglomération,Intersection en T,Normale,Autre collision,,,,,,,,,,,1,2,3,1,6
200500066973,0005-10-10 07:15:00,5,10,10,7,15,580,194.0,PIERRE DE COUBERTIN,,,Crépuscule ou aube,En agglomération,Giratoire,Normale,Deux véhicules - côté,,,,,,,,,,,2,2,6,1,3
200500066974,0005-10-21 08:00:00,5,10,21,8,0,580,194.0,MARINIERS (QUAI),,,Crépuscule ou aube,En agglomération,Hors intersection,Pluie légère,Autre collision,,,,,,,,,,,2,2,1,2,6
200500066975,0005-10-08 12:30:00,5,10,8,12,30,590,17.0,"933, RESISTANTS (RUE DES",,,Plein jour,En agglomération,Hors intersection,Temps éblouissant,Deux véhicules - côté,,,,,,,,,,,1,2,1,7,3
200500066976,0005-10-14 23:35:00,5,10,14,23,35,590,431.0,"1352, BAILLEUL (RUE DE)",,,Nuit avec éclairage allumé,Hors agglomération,Hors intersection,Normale,Autre collision,,,,,,,,,,,5,1,1,1,6
200500066977,0005-10-16 23:35:00,5,10,16,23,35,590,143.0,"01, OLLIVIER (RUE OMER )",,,Nuit avec éclairage allumé,Hors agglomération,Hors intersection,Normale,Sans collision,,,,,,,,,,,5,1,1,1,7
200500066978,0005-10-22 18:15:00,5,10,22,18,15,590,317.0,"945A, HUGO  (RUE VICTOR)",,,Crépuscule ou aube,Hors agglomération,Hors intersection,Normale,Autre collision,,,,,,,,,,,2,1,1,1,6
200500066979,0005-10-21 20:30:00,5,10,21,20,30,590,33.0,"36, ROGER SALENGRO (RUE)",,,Nuit avec éclairage allumé,En agglomération,Intersection en T,Pluie légère,Deux véhicules - côté,,,,,,,,,,,5,2,3,2,3
200500066980,0005-10-24 19:15:00,5,10,24,19,15,590,467.0,"85, BAVAY (ROUTE DE)",,,Nuit sans éclairage public,Hors agglomération,Hors intersection,Pluie légère,Autre collision,,,,,,,,,,,3,1,1,2,6
200500066981,0005-10-24 12:50:00,5,10,24,12,50,590,43.0,LILLE (RUE DE) S1,,,Plein jour,En agglomération,Intersection en T,Pluie légère,Deux véhicules - côté,,,,,,,,,,,1,2,3,2,3
200500066982,0005-10-30 02:45:00,5,10,30,2,45,590,43.0,"97, YPRES (RUE D')",,,Nuit avec éclairage allumé,En agglomération,Hors intersection,Normale,Trois véhicules et plus - en chaîne,,,,,,,,,,,5,2,1,1,4
200500066983,0005-10-10 14:05:00,5,10,10,14,5,590,122.0,BRIAND (PLACE ARISTIDE),,,Plein jour,En agglomération,Hors intersection,Normale,Autre collision,,,,,,,,,,,1,2,1,1,6
200500066984,0005-10-16 17:50:00,5,10,16,17,50,590,122.0,LIBERTE (BOULEVARD DE LA,,,Plein jour,En agglomération,Hors intersection,Normale,Autre collision,,,,,,,,,,,1,2,1,1,6
200500066985,0005-10-24 07:45:00,5,10,24,7,45,590,122.0,"6, PASTEUR (RUE)",,,Nuit avec éclairage allumé,En agglomération,Hors intersection,Pluie forte,Autre collision,,,,,,,,,,,5,2,1,3,6
200500066986,0005-10-10 16:55:00,5,10,10,16,55,590,153.0,"81, GRAS BOEUF (RUE DU )",,,Plein jour,En agglomération,Hors intersection,Normale,Deux véhicules - arrière,,,,,,,,,,,1,2,1,1,2
200500066987,0005-10-09 18:30:00,5,10,9,18,30,590,153.0,DELCOURT (PLACE PIERRE ),,,Plein jour,En agglomération,Hors intersection,Normale,Sans collision,,,,,,,,,,,1,2,1,1,7
200500066988,0005-10-18 18:15:00,5,10,18,18,15,590,616.0,REPUBLIQUE (PLACE DE LA,,,Crépuscule ou aube,En agglomération,Hors intersection,Normale,Sans collision,,,,,,,,,,,2,2,1,1,7
200500066989,0005-10-28 18:00:00,5,10,28,18,0,590,253.0,"167, JAURES (RUE JEAN )",,,Nuit avec éclairage allumé,En agglomération,Hors intersection,Normale,Deux véhicules - côté,,,,,,,,,,,5,2,1,1,3
200500066990,0005-10-11 18:00:00,5,10,11,18,0,590,153.0,"238, CHAUSSIETTE (RUE DE",,,Nuit avec éclairage allumé,En agglomération,Hors intersection,Normale,Sans collision,,,,,,,,,,,5,2,1,1,7
200500066991,0005-10-15 10:15:00,5,10,15,10,15,590,172.0,"148, VILLARS (R.)",,,Plein jour,En agglomération,Hors intersection,Normale,Autre collision,,,,,,,,,,,1,2,1,1,6
200500066992,0005-10-30 13:10:00,5,10,30,13,10,590,504.0,"45, LAMENDIN (R. ARTHUR)",,,Plein jour,En agglomération,Hors intersection,Normale,Autre collision,,,,,,,,,,,1,2,1,1,6
200500066993,0005-10-10 17:20:00,5,10,10,17,20,590,632.0,", BLANQUI (R.)",,,Plein jour,Hors agglomération,Hors intersection,Normale,Deux véhicules - arrière,,,,,,,,,,,1,1,1,1,2
200500066994,0005-10-14 20:55:00,5,10,14,20,55,590,569.0,RN 43,,,Nuit avec éclairage allumé,En agglomération,Hors intersection,Normale,Autre collision,,,,,,,,,,,5,2,1,1,6
200500066995,0005-10-19 11:50:00,5,10,19,11,50,590,178.0,CUINCY (RUE DE),,,Plein jour,En agglomération,Autre intersection,Normale,Deux véhicules - frontale,,,,,,,,,,,1,2,9,1,1
200500066996,0005-10-12 07:40:00,5,10,12,7,40,590,654.0,PASTEUR (RUE),,,Crépuscule ou aube,En agglomération,Intersection en X,Pluie légère,Deux véhicules - frontale,,,,,,,,,,,2,2,2,2,1
200500066997,0005-10-26 15:10:00,5,10,26,15,10,590,509.0,VAILLANT (RUE EDOUARD),,,Plein jour,En agglomération,Intersection en T,Normale,Deux véhicules - frontale,,,,,,,,,,,1,2,3,1,1
200500066998,0005-10-25 20:20:00,5,10,25,20,20,590,234.0,"6, AUBY (RUE D')",,,Nuit avec éclairage allumé,En agglomération,Hors intersection,Pluie légère,Deux véhicules - frontale,,,,,,,,,,,5,2,1,2,1
200500066999,0005-10-27 10:50:00,5,10,27,10,50,590,178.0,OCRE (RUE D'),,,Plein jour,En agglomération,Hors intersection,Temps éblouissant,Autre collision,,,,,,,,,,,1,2,1,7,6
200500067000,0005-10-01 14:20:00,5,10,1,14,20,590,183.0,STRASBOURG,,,Plein jour,En agglomération,Intersection en X,Normale,Deux véhicules - côté,,,,,,,,,,,1,2,2,1,3
200500067001,0005-10-01 16:10:00,5,10,1,16,10,590,183.0,"00000, SAINT CHARLES",,,Plein jour,En agglomération,Intersection en T,Normale,Autre collision,,,,,,,,,,,1,2,3,1,6
200500067002,0005-10-05 08:05:00,5,10,5,8,5,590,271.0,"00000, CARREL ALEXIS",,,Plein jour,En agglomération,Hors intersection,Normale,Deux véhicules - côté,,,,,,,,,,,1,2,1,1,3
200500067003,0005-10-08 20:25:00,5,10,8,20,25,590,183.0,"44, JAURES JEAN",,,Nuit avec éclairage non allumé,En agglomération,Hors intersection,Normale,Deux véhicules - côté,,,,,,,,,,,4,2,1,1,3
200500067004,0005-10-12 07:55:00,5,10,12,7,55,590,155.0,"48 TER, BERGUES CD 916 -",,,Nuit avec éclairage allumé,En agglomération,Hors intersection,Pluie légère,Deux véhicules - côté,,,,,,,,,,,5,2,1,2,3
200500067005,0005-10-12 13:05:00,5,10,12,13,5,590,131.0,"06, LAGRANGE LEO",,,Plein jour,En agglomération,Hors intersection,Normale,Deux véhicules - frontale,,,,,,,,,,,1,2,1,1,1
200500067006,0005-10-14 13:40:00,5,10,14,13,40,590,183.0,"00000, EUROPE - PONT",,,Plein jour,En agglomération,Intersection en X,Normale,Trois véhicules et plus - en chaîne,,,,,,,,,,,1,2,2,1,4
200500067007,0005-10-10 17:30:00,5,10,10,17,30,590,271.0,"0000, PUYTHOUCK",,,Plein jour,En agglomération,Hors intersection,Normale,Sans collision,,,,,,,,,,,1,2,1,1,7
200500067008,0005-10-15 18:20:00,5,10,15,18,20,590,131.0,"00000, ARTS",,,Plein jour,En agglomération,Hors intersection,Normale,Deux véhicules - côté,,,,,,,,,,,1,2,1,1,3
200500067009,0005-10-17 18:20:00,5,10,17,18,20,590,155.0,"1, GUTENBERG - PONT",,,Plein jour,En agglomération,Intersection en X,Normale,Autre collision,,,,,,,,,,,1,2,2,1,6
200500067010,0005-10-18 06:45:00,5,10,18,6,45,590,248.0,"1, FORT-MARDYCK CD 1 - R",,,Nuit avec éclairage non allumé,En agglomération,Intersection en X,Normale,Deux véhicules - côté,,,,,,,,,,,4,2,2,1,3
200500067011,0005-10-20 14:40:00,5,10,20,14,40,590,271.0,"1, RN 1",,,Plein jour,En agglomération,Giratoire,Normale,Autre collision,,,,,,,,,,,1,2,6,1,6
200500067012,0005-10-23 22:15:00,5,10,23,22,15,590,155.0,"000000, MALO CELESTIN",,,Nuit sans éclairage public,En agglomération,Hors intersection,Normale,Deux véhicules - côté,,,,,,,,,,,3,2,1,1,3
200500067013,0005-10-24 14:45:00,5,10,24,14,45,590,271.0,"00000, RN 1",,,Plein jour,Hors agglomération,Hors intersection,Temps couvert,Trois véhicules et plus - en chaîne,,,,,,,,,,,1,1,1,8,4
200500067014,0005-10-27 17:45:00,5,10,27,17,45,590,131.0,"1, EGALITE",,,Plein jour,En agglomération,Intersection en X,Normale,Deux véhicules - côté,,,,,,,,,,,1,2,2,1,3
200500067015,0005-10-12 02:55:00,5,10,12,2,55,590,249.0,VERDUN (PLACE DE ),,,Nuit avec éclairage allumé,En agglomération,Place,Normale,Autre collision,,,,,,,,,,,5,2,7,1,6
200500067016,0005-10-04 16:00:00,5,10,4,16,0,590,273.0,", MOULIN HAUT (RUE DU)",,,Plein jour,En agglomération,Hors intersection,Normale,Deux véhicules - arrière,,,,,,,,,,,1,2,1,1,2
200500067017,0005-10-13 18:40:00,5,10,13,18,40,590,359.0,"000, POMPIDOU (RUE GEORG",,,Plein jour,Hors agglomération,Intersection en T,Normale,Deux véhicules - frontale,,,,,,,,,,,1,1,3,1,1
200500067018,0005-10-08 10:45:00,5,10,8,10,45,590,295.0,"38, DU CLOCHER",,,Plein jour,En agglomération,Intersection en X,Normale,Autre collision,,,,,,,,,,,1,2,2,1,6
200500067019,0005-10-15 14:40:00,5,10,15,14,40,590,295.0,"80, DE MERVILLE",,,Plein jour,En agglomération,Hors intersection,Normale,Deux véhicules - arrière,,,,,,,,,,,1,2,1,1,2
200500067020,0005-10-16 14:25:00,5,10,16,14,25,590,295.0,"CD 946, DE MERVILLE",,,Plein jour,Hors agglomération,Hors intersection,Normale,Autre collision,,,,,,,,,,,1,1,1,1,6
200500067021,0005-10-20 05:15:00,5,10,20,5,15,590,324.0,"1, VICTOR BASCH (RUE)",,,Nuit avec éclairage allumé,En agglomération,Intersection en X,Pluie légère,Deux véhicules - côté,,,,,,,,,,,5,2,2,2,3
200500067022,0005-10-01 20:00:00,5,10,1,20,0,590,350.0,"001, JUSSIEU RUE",,,Nuit avec éclairage allumé,En agglomération,Hors intersection,Pluie légère,Autre collision,,,,,,,,,,,5,2,1,2,6
200500067023,0005-10-01 21:15:00,5,10,1,21,15,590,566.0,"001, PONT RUE DU",,,Nuit avec éclairage allumé,En agglomération,Intersection en T,Normale,Deux véhicules - côté,,,,,,,,,,,5,2,3,1,3
200500067024,0005-10-02 03:25:00,5,10,2,3,25,590,350.0,VAUBAN BOULEVARD N° REST,,,Nuit avec éclairage allumé,En agglomération,Autre intersection,Normale,Deux véhicules - frontale,,,,,,,,,,,5,2,9,1,1
200500067025,0005-10-02 12:40:00,5,10,2,12,40,590,350.0,"46, FAUBOURG D'ARRAS RUE",,,Plein jour,En agglomération,Hors intersection,Normale,Deux véhicules - côté,,,,,,,,,,,1,2,1,1,3
200500067026,0005-10-02 13:10:00,5,10,2,13,10,590,410.0,"47, VIRNOT AVENUE",,,Plein jour,En agglomération,Hors intersection,Pluie légère,Autre collision,,,,,,,,,,,1,2,1,2,6
200500067027,0005-10-02 14:20:00,5,10,2,14,20,590,350.0,"143, LIBERTE BVD N°2 A 9",,,Plein jour,En agglomération,Hors intersection,Normale,Autre collision,,,,,,,,,,,1,2,1,1,6
200500067028,0005-10-02 17:55:00,5,10,2,17,55,590,378.0,"17, BONPAIN RUE DE L'ABB",,,Plein jour,En agglomération,Hors intersection,Normale,Sans collision,,,,,,,,,,,1,2,1,1,7
200500067029,0005-10-02 13:30:00,5,10,2,13,30,590,386.0,"00, VOIE INTERCOMMUNALE",,,Plein jour,En agglomération,Intersection en X,Normale,Autre collision,,,,,,,,,,,1,2,2,1,6
200500067030,0005-10-03 14:15:00,5,10,3,14,15,590,350.0,"27, POSTES RUE N°1 A 63",,,Plein jour,En agglomération,Hors intersection,Normale,Deux véhicules - frontale,,,,,,,,,,,1,2,1,1,1
200500067031,0005-10-04 09:05:00,5,10,4,9,5,590,368.0,"67, POMPIDOU G. RUE DU P",,,Plein jour,En agglomération,Hors intersection,Normale,Deux véhicules - côté,,,,,,,,,,,1,2,1,1,3
200500067032,0005-10-05 12:45:00,5,10,5,12,45,590,378.0,CLEMENCEAU BLVD (N°168-2,,,Plein jour,En agglomération,Hors intersection,Normale,Autre collision,,,,,,,,,,,1,2,1,1,6
200500067033,0005-10-06 09:20:00,5,10,6,9,20,590,350.0,"Sans objet, DUBUISSON EM",,,Plein jour,En agglomération,Hors intersection,Brouillard / fumée,Autre collision,,,,,,,,,,,1,2,1,5,6
200500067034,0005-10-06 09:40:00,5,10,6,9,40,590,350.0,"Sans objet, SOLFERINO RU",,,Plein jour,En agglomération,Hors intersection,Normale,Autre collision,,,,,,,,,,,1,2,1,1,6
200500067035,0005-10-05 20:40:00,5,10,5,20,40,590,378.0,REPUBLIQUE AV DE LA (N°9,,,Nuit avec éclairage allumé,En agglomération,Hors intersection,Normale,Autre collision,,,,,,,,,,,5,2,1,1,6
200500067036,0005-10-07 18:10:00,5,10,7,18,10,590,350.0,"01, VANHOENACKER PLACE",,,Plein jour,En agglomération,Place,Normale,Autre collision,,,,,,,,,,,1,2,7,1,6
200500067037,0005-10-08 10:40:00,5,10,8,10,40,590,350.0,ARRAS RUE D,,,Plein jour,En agglomération,Intersection en X,Normale,Autre collision,,,,,,,,,,,1,2,2,1,6
200500067038,0005-10-09 20:30:00,5,10,9,20,30,590,507.0,FOCH RUE DU MARECHAL,,,Nuit avec éclairage allumé,En agglomération,Intersection en X,Normale,Trois véhicules et plus - collisions multiples,,,,,,,,,,,5,2,2,1,5
200500067039,0005-10-09 20:30:00,5,10,9,20,30,590,560.0,"Sans objet, REPUBLIQUE A",,,Nuit avec éclairage non allumé,En agglomération,Intersection en X,Normale,Autre collision,,,,,,,,,,,4,2,2,1,6
200500067040,0005-10-10 07:50:00,5,10,10,7,50,590,350.0,"342, DUNKERQUE AVENUE DE",,,Plein jour,En agglomération,Intersection en X,Normale,Autre collision,,,,,,,,,,,1,2,2,1,6
200500067041,0005-10-10 12:20:00,5,10,10,12,20,590,410.0,COTY RENE AVENUE,,,Plein jour,En agglomération,Intersection en T,Normale,Deux véhicules - côté,,,,,,,,,,,1,2,3,1,3
200500067042,0005-10-10 13:05:00,5,10,10,13,5,590,350.0,TRULIN LEON RUE,,,Plein jour,En agglomération,Intersection en X,Normale,Autre collision,,,,,,,,,,,1,2,2,1,6
200500067043,0005-10-21 18:00:00,5,10,21,18,0,590,350.0,CANONNIERS RUE DES 1A17-,,,Plein jour,En agglomération,Hors intersection,Normale,Autre collision,,,,,,,,,,,1,2,1,1,6
200500067044,0005-10-11 10:10:00,5,10,11,10,10,590,386.0,WAMBRECHIES RUE DE,,,Plein jour,En agglomération,Intersection en X,Normale,Autre collision,,,,,,,,,,,1,2,2,1,6
200500067045,0005-10-12 14:05:00,5,10,12,14,5,590,350.0,"00, ARBRISSEAU RUE DE L",,,Plein jour,En agglomération,Intersection en T,Normale,Autre collision,,,,,,,,,,,1,2,3,1,6
200500067046,0005-10-12 18:00:00,5,10,12,18,0,590,328.0,AVENIR RUE DE L,,,Plein jour,En agglomération,Autre intersection,Normale,Deux véhicules - côté,,,,,,,,,,,1,2,9,1,3
200500067047,0005-10-13 23:24:00,5,10,13,23,24,590,350.0,SOLFERINO RUE N°1 A 159,,,Nuit avec éclairage allumé,En agglomération,Hors intersection,Normale,Autre collision,,,,,,,,,,,5,2,1,1,6
200500067048,0005-10-14 07:55:00,5,10,14,7,55,590,9.0,"4, LANGEVIN PAUL AVENUE",,,Nuit avec éclairage allumé,En agglomération,Hors intersection,Normale,Deux véhicules - côté,,,,,,,,,,,5,2,1,1,3
200500067049,0005-10-13 17:15:00,5,10,13,17,15,590,350.0,"001, LECLERCQ JULES BVD",,,Plein jour,En agglomération,Hors intersection,Normale,Autre collision,,,,,,,,,,,1,2,1,1,6
200500067050,0005-10-14 17:15:00,5,10,14,17,15,590,410.0,PREVOYANTS RUE DES,,,Plein jour,En agglomération,Intersection en X,Normale,Deux véhicules - côté,,,,,,,,,,,1,2,2,1,3
200500067051,0005-10-15 19:55:00,5,10,15,19,55,590,328.0,"59, MARTYRS DE LA RESIST",,,Nuit avec éclairage allumé,En agglomération,Hors intersection,Normale,Autre collision,,,,,,,,,,,5,2,1,1,6
200500067052,0005-10-16 19:45:00,5,10,16,19,45,590,350.0,DUNKERQUE AVENUE,,,Nuit sans éclairage public,En agglomération,Hors intersection,Normale,Autre collision,,,,,,,,,,,3,2,1,1,6
200500067053,0005-10-15 09:45:00,5,10,15,9,45,590,350.0,"74, SALENGRO ROGER RUE",,,Plein jour,En agglomération,Hors intersection,Normale,Autre collision,,,,,,,,,,,1,2,1,1,6
200500067054,0005-10-17 16:40:00,5,10,17,16,40,590,360.0,"Driessens , rue du Prof.",,,Plein jour,En agglomération,Intersection en X,Pluie légère,Deux véhicules - côté,,,,,,,,,,,1,2,2,2,3
200500067055,0005-10-17 14:00:00,5,10,17,14,0,590,328.0,CARNOY RUE DE LA N°2 AU,,,Plein jour,En agglomération,Hors intersection,Normale,Deux véhicules - côté,,,,,,,,,,,1,2,1,1,3
200500067056,0005-10-18 08:45:00,5,10,18,8,45,590,286.0,"Sans objet, 8 MAI 45 RUE",,,Plein jour,En agglomération,Intersection en X,Normale,Autre collision,,,,,,,,,,,1,2,2,1,6
200500067057,0005-10-19 14:40:00,5,10,19,14,40,590,9.0,TRADITION RUE DE LA,,,Plein jour,En agglomération,Intersection en X,Normale,Deux véhicules - côté,,,,,,,,,,,1,2,2,1,3
200500067058,0005-10-20 12:00:00,5,10,20,12,0,590,350.0,"2, CANNES RUE DE",,,Plein jour,En agglomération,Hors intersection,Normale,Autre collision,,,,,,,,,,,1,2,1,1,6
200500067059,0005-10-19 20:15:00,5,10,19,20,15,590,410.0,"20, LYAUTEY RUE DU MAREC",,,Nuit avec éclairage allumé,Hors agglomération,Hors intersection,Normale,Autre collision,,,,,,,,,,,5,1,1,1,6
200500067060,0005-10-20 16:30:00,5,10,20,16,30,590,9.0,"Sans objet, DE VALMY BOU",,,Plein jour,En agglomération,Hors intersection,Normale,Autre collision,,,,,,,,,,,1,2,1,1,6