accident_id,datetime,annee,mois,jour,heure,minute,departement,commune_insee,adresse,latitude,longitude,luminosite,agglomeration,intersection,meteo,collision,nb_vehicules,nb_usagers,nb_indemnes,nb_tues,nb_blesses_hosp,nb_blesses_legers,age_cond_1,age_cond_2,veh_type_cond_1,veh_type_cond_2,lum_code,agg_code,int_code,atm_code,col_code
200500067061,0005-10-20 15:50:00,5,10,20,15,50,590,9.0,"18, RECUEIL RUE DU",,,Plein jour,En agglomération,Hors intersection,Normale,Autre collision,,,,,,,,,,,1,2,1,1,6
200500067062,0005-10-20 19:00:00,5,10,20,19,0,590,350.0,"225, POT RUE LONG",,,Nuit avec éclairage allumé,En agglomération,Hors intersection,Normale,Autre collision,,,,,,,,,,,5,2,1,1,6
200500067063,0005-10-21 07:50:00,5,10,21,7,50,590,560.0,"001, BOUVRY ROGER RUE",,,Nuit avec éclairage allumé,En agglomération,Hors intersection,Pluie légère,Deux véhicules - arrière,,,,,,,,,,,5,2,1,2,2
200500067064,0005-10-21 21:55:00,5,10,21,21,55,590,378.0,", DELATTRE DE TASSIGNY A",,,Nuit avec éclairage non allumé,En agglomération,Hors intersection,Normale,Autre collision,,,,,,,,,,,4,2,1,1,6
200500067065,0005-10-22 13:50:00,5,10,22,13,50,590,566.0,HEM RUE D,,,Plein jour,En agglomération,Intersection en T,Normale,Deux véhicules - arrière,,,,,,,,,,,1,2,3,1,2
200500067066,0005-10-23 09:10:00,5,10,23,9,10,590,350.0,"00, BOUVINES RUE DE",,,Plein jour,En agglomération,Intersection en Y,Normale,Deux véhicules - côté,,,,,,,,,,,1,2,4,1,3
200500067067,0005-10-23 15:50:00,5,10,23,15,50,590,350.0,"251, FAUBOURG D'ARRAS RU",,,Plein jour,En agglomération,Hors intersection,Normale,Deux véhicules - côté,,,,,,,,,,,1,2,1,1,3
200500067068,0005-10-21 19:30:00,5,10,21,19,30,590,9.0,OUEST BOULEVARD DE L,,,Nuit avec éclairage allumé,En agglomération,Hors intersection,Normale,Trois véhicules et plus - en chaîne,,,,,,,,,,,5,2,1,1,4
200500067069,0005-10-22 10:30:00,5,10,22,10,30,590,9.0,TOURNAI BOULEVARD DE,,,Plein jour,En agglomération,Intersection en X,Pluie légère,Deux véhicules - côté,,,,,,,,,,,1,2,2,2,3
200500067070,0005-10-22 05:30:00,5,10,22,5,30,590,350.0,DUMON D'URVILLE RUE,,,Nuit avec éclairage allumé,En agglomération,Intersection en X,Normale,Deux véhicules - côté,,,,,,,,,,,5,2,2,1,3
200500067071,0005-10-23 15:20:00,5,10,23,15,20,590,378.0,"001, CLEMENCEAU BLVD (N°",,,Plein jour,En agglomération,Intersection en X,Normale,Deux véhicules - côté,,,,,,,,,,,1,2,2,1,3
200500067072,0005-10-24 08:45:00,5,10,24,8,45,590,378.0,"146, CLEMENCEAU BLVD (N°",,,Crépuscule ou aube,En agglomération,Intersection en X,Pluie forte,Deux véhicules - frontale,,,,,,,,,,,2,2,2,3,1
200500067073,0005-10-24 12:35:00,5,10,24,12,35,590,350.0,"258, LEGRAND PIERRE RUE",,,Plein jour,En agglomération,Autre intersection,Pluie forte,Deux véhicules - côté,,,,,,,,,,,1,2,9,3,3
200500067074,0005-10-24 16:45:00,5,10,24,16,45,590,350.0,"136, DUNKERQUE AVENUE DE",,,Plein jour,En agglomération,Hors intersection,Pluie légère,Autre collision,,,,,,,,,,,1,2,1,2,6
200500067075,0005-10-25 07:45:00,5,10,25,7,45,590,350.0,"001, TOURNAI PONT DE",,,Nuit avec éclairage allumé,En agglomération,Hors intersection,Pluie forte,Deux véhicules - arrière,,,,,,,,,,,5,2,1,3,2
200500067076,0005-10-25 20:00:00,5,10,25,20,0,590,350.0,DUBUISSON EMILE BOULEVAR,,,Nuit avec éclairage allumé,En agglomération,Hors intersection,Temps couvert,Autre collision,,,,,,,,,,,5,2,1,8,6
200500067077,0005-10-26 22:30:00,5,10,26,22,30,590,350.0,"40, MONTEBELLO BOULEVARD",,,Nuit avec éclairage allumé,En agglomération,Hors intersection,Normale,Autre collision,,,,,,,,,,,5,2,1,1,6
200500067078,0005-10-27 15:25:00,5,10,27,15,25,590,350.0,"44, MONTAIGNE RUE DE",,,Plein jour,En agglomération,Intersection en T,Normale,Deux véhicules - côté,,,,,,,,,,,1,2,3,1,3
200500067079,0005-10-27 14:20:00,5,10,27,14,20,590,368.0,VERDI AVENUE,,,Plein jour,En agglomération,Intersection en T,Normale,Autre collision,,,,,,,,,,,1,2,3,1,6
200500067080,0005-10-28 08:15:00,5,10,28,8,15,590,9.0,"00, OUEST BOULEVARD DE L",,,Plein jour,En agglomération,Intersection en X,Normale,Autre collision,,,,,,,,,,,1,2,2,1,6
200500067081,0005-10-25 17:35:00,5,10,25,17,35,590,378.0,CHATEAU ROUGE AVENUE DU,,,Plein jour,En agglomération,Hors intersection,Pluie légère,Deux véhicules - frontale,,,,,,,,,,,1,2,1,2,1
200500067082,0005-10-29 10:55:00,5,10,29,10,55,590,378.0,"N 43, MENIN RUE DE",,,Plein jour,En agglomération,Hors intersection,Normale,Autre collision,,,,,,,,,,,1,2,1,1,6
200500067083,0005-10-29 19:45:00,5,10,29,19,45,590,9.0,"Sans objet, OUEST BOULEV",,,Crépuscule ou aube,En agglomération,Hors intersection,Normale,Autre collision,,,,,,,,,,,2,2,1,1,6
200500067084,0005-10-30 00:10:00,5,10,30,0,10,590,350.0,"130, POSTES RUE N° RESTE",,,Nuit avec éclairage allumé,En agglomération,Intersection en X,Normale,Deux véhicules - côté,,,,,,,,,,,5,2,2,1,3
200500067085,0005-10-31 15:00:00,5,10,31,15,0,590,350.0,SOLFERINO RUE N°1 A 159,,,Plein jour,En agglomération,Hors intersection,Normale,Autre collision,,,,,,,,,,,1,2,1,1,6
200500067086,0005-10-31 17:00:00,5,10,31,17,0,590,9.0,LABROUSSE RUE DES EPOUX,,,Plein jour,En agglomération,Autre intersection,Normale,Trois véhicules et plus - en chaîne,,,,,,,,,,,1,2,9,1,4
200500067087,0005-10-10 10:30:00,5,10,10,10,30,590,350.0,"001, FLUVIAL PORT",,,Plein jour,En agglomération,Intersection en Y,Normale,Deux véhicules - côté,,,,,,,,,,,1,2,4,1,3
200500067088,0005-10-28 13:40:00,5,10,28,13,40,590,507.0,"00, GAMBETTA LEON RUE",,,Plein jour,En agglomération,Intersection en T,Normale,Autre collision,,,,,,,,,,,1,2,3,1,6
200500067089,0005-10-15 19:05:00,5,10,15,19,5,590,350.0,"103, LANNOY RUE",,,Nuit avec éclairage allumé,En agglomération,Hors intersection,Normale,Autre collision,,,,,,,,,,,5,2,1,1,6
200500067090,0005-10-16 04:50:00,5,10,16,4,50,590,350.0,"240, SOLFERINO RUE N°208",,,Nuit sans éclairage public,En agglomération,Hors intersection,Normale,Autre collision,,,,,,,,,,,3,2,1,1,6
200500067091,0005-10-03 08:20:00,5,10,3,8,20,590,365.0,LAC (RUE DU),,,Plein jour,En agglomération,Hors intersection,Normale,Autre collision,,,,,,,,,,,1,2,1,1,6
200500067092,0005-10-09 09:25:00,5,10,9,9,25,590,291.0,CARION (RUE DU),,,Plein jour,En agglomération,Intersection en X,Normale,Deux véhicules - côté,,,,,,,,,,,1,2,2,1,3
200500067093,0005-10-14 00:30:00,5,10,14,0,30,590,392.0,CHARLES DE GAULLE (BOULE,,,Nuit avec éclairage allumé,Hors agglomération,Hors intersection,Normale,Sans collision,,,,,,,,,,,5,1,1,1,7
200500067094,0005-10-15 18:10:00,5,10,15,18,10,590,291.0,JEAN (RUE),,,Plein jour,En agglomération,Intersection en T,Normale,Deux véhicules - frontale,,,,,,,,,,,1,2,3,1,1
200500067095,0005-10-23 02:20:00,5,10,23,2,20,590,225.0,NEUF MESNIL (RUE DE),,,Nuit avec éclairage allumé,En agglomération,Autre intersection,Pluie légère,Sans collision,,,,,,,,,,,5,2,9,2,7
200500067096,0005-10-20 13:30:00,5,10,20,13,30,590,230.0,"5, GENERAL DE GAULLE (RU",,,Plein jour,En agglomération,Hors intersection,Normale,Deux véhicules - arrière,,,,,,,,,,,1,2,1,1,2
200500067097,0005-10-20 20:00:00,5,10,20,20,0,590,291.0,MAUBEUGE (RUE DE),,,Nuit avec éclairage allumé,En agglomération,Hors intersection,Normale,Deux véhicules - arrière,,,,,,,,,,,5,2,1,1,2
200500067098,0005-10-22 16:54:00,5,10,22,16,54,590,392.0,"25, FRANCE (AVENUE DE)",,,Plein jour,En agglomération,Hors intersection,Normale,Autre collision,,,,,,,,,,,1,2,1,1,6
200500067099,0005-10-03 17:55:00,5,10,3,17,55,590,512.0,MOREAU (RUE EMILE),,,Plein jour,En agglomération,Intersection en T,Normale,Deux véhicules - côté,,,,,,,,,,,1,2,3,1,3
200500067100,0005-10-03 16:45:00,5,10,3,16,45,590,512.0,NATIONS UNIES (AVENUE DE,,,Plein jour,En agglomération,Intersection en X,Normale,Deux véhicules - côté,,,,,,,,,,,1,2,2,1,3
200500067101,0005-10-03 08:10:00,5,10,3,8,10,590,163.0,JAURES (RUE JEAN),,,Plein jour,En agglomération,Intersection en T,Normale,Autre collision,,,,,,,,,,,1,2,3,1,6
200500067102,0005-10-03 08:00:00,5,10,3,8,0,590,512.0,TOURCOING (RUE DE),,,Plein jour,En agglomération,Intersection en T,Normale,Autre collision,,,,,,,,,,,1,2,3,1,6
200500067103,0005-10-03 08:05:00,5,10,3,8,5,590,512.0,VERDUN (AVENUE DE),,,Plein jour,En agglomération,Intersection en T,Normale,Deux véhicules - côté,,,,,,,,,,,1,2,3,1,3
200500067104,0005-10-05 14:30:00,5,10,5,14,30,590,512.0,DE GAULLE  (BOULEVARD DU,,,Plein jour,En agglomération,Intersection en X,Normale,Deux véhicules - côté,,,,,,,,,,,1,2,2,1,3
200500067105,0005-10-08 16:10:00,5,10,8,16,10,590,163.0,PERRIN (RUE PROFESSEUR),,,Plein jour,En agglomération,Intersection en T,Normale,Deux véhicules - côté,,,,,,,,,,,1,2,3,1,3
200500067106,0005-10-09 18:30:00,5,10,9,18,30,590,512.0,DE ROUBAIX (RUE PIERRE),,,Plein jour,En agglomération,Hors intersection,Normale,Autre collision,,,,,,,,,,,1,2,1,1,6
200500067107,0005-10-08 23:55:00,5,10,8,23,55,590,512.0,LANNOY (RUE DE ),,,Nuit avec éclairage allumé,En agglomération,Intersection en X,Normale,Deux véhicules - côté,,,,,,,,,,,5,2,2,1,3
200500067108,0005-10-04 13:40:00,5,10,4,13,40,590,512.0,NAPLES (RUE DE),,,Plein jour,En agglomération,Hors intersection,Normale,Deux véhicules - côté,,,,,,,,,,,1,2,1,1,3
200500067109,0005-10-07 19:45:00,5,10,7,19,45,590,650.0,MONT A LEUX,,,Nuit avec éclairage allumé,En agglomération,Intersection en X,Normale,Deux véhicules - frontale,,,,,,,,,,,5,2,2,1,1
200500067110,0005-10-12 18:15:00,5,10,12,18,15,590,650.0,DELORY (RUE GUSTAVE),,,Plein jour,En agglomération,Intersection en T,Normale,Deux véhicules - côté,,,,,,,,,,,1,2,3,1,3
200500067111,0005-10-15 17:05:00,5,10,15,17,5,590,163.0,JAURES (RUE JEAN),,,Plein jour,En agglomération,Hors intersection,Normale,Autre collision,,,,,,,,,,,1,2,1,1,6
200500067112,0005-10-19 08:10:00,5,10,19,8,10,590,512.0,NATIONS UNIES (AVENUE DE,,,Plein jour,En agglomération,Intersection en X,Normale,Deux véhicules - frontale,,,,,,,,,,,1,2,2,1,1
200500067113,0005-10-14 15:50:00,5,10,14,15,50,590,512.0,DE ROUBAIX (RUE PIERRE),,,Plein jour,En agglomération,Hors intersection,Normale,Deux véhicules - côté,,,,,,,,,,,1,2,1,1,3
200500067114,0005-10-07 08:50:00,5,10,7,8,50,590,512.0,GRANDE RUE,,,Plein jour,En agglomération,Intersection en X,Pluie légère,Deux véhicules - côté,,,,,,,,,,,1,2,2,2,3
200500067115,0005-10-20 18:00:00,5,10,20,18,0,590,646.0,TRIEZ (RUE DU),,,Plein jour,En agglomération,Intersection en X,Normale,Deux véhicules - frontale,,,,,,,,,,,1,2,2,1,1
200500067116,0005-10-10 12:10:00,5,10,10,12,10,590,650.0,DRAGONS (RUE DES),,,Plein jour,En agglomération,Intersection en T,Normale,Deux véhicules - côté,,,,,,,,,,,1,2,3,1,3
200500067117,0005-10-21 13:30:00,5,10,21,13,30,590,512.0,EPEULE  (RUE DE L'),,,Plein jour,En agglomération,Intersection en Y,Temps couvert,Autre collision,,,,,,,,,,,1,2,4,8,6
200500067118,0005-10-18 11:20:00,5,10,18,11,20,590,367.0,FRESNOY (RUE DU),,,Plein jour,En agglomération,Hors intersection,Normale,Autre collision,,,,,,,,,,,1,2,1,1,6
200500067119,0005-10-17 19:50:00,5,10,17,19,50,590,512.0,MONS (RUE DE),,,Nuit avec éclairage allumé,En agglomération,Intersection en X,Normale,Deux véhicules - côté,,,,,,,,,,,5,2,2,1,3
200500067120,0005-10-05 19:00:00,5,10,5,19,0,590,650.0,STEPHENSON (RUE),,,Crépuscule ou aube,En agglomération,Hors intersection,Normale,Deux véhicules - côté,,,,,,,,,,,2,2,1,1,3
200500067121,0005-10-25 13:45:00,5,10,25,13,45,590,512.0,LACORDAIRE,,,Plein jour,En agglomération,Hors intersection,Temps couvert,Deux véhicules - côté,,,,,,,,,,,1,2,1,8,3
200500067122,0005-10-25 20:15:00,5,10,25,20,15,590,646.0,FLANDRE (AVENUE DE),,,Nuit sans éclairage public,En agglomération,Hors intersection,Normale,Autre collision,,,,,,,,,,,3,2,1,1,6
200500067123,0005-10-28 15:50:00,5,10,28,15,50,590,512.0,FOSSES AUX CHENES  (PLAC,,,Plein jour,En agglomération,Intersection en X,Normale,Deux véhicules - arrière,,,,,,,,,,,1,2,2,1,2
200500067124,0005-10-01 19:00:00,5,10,1,19,0,590,299.0,YERSIN (RUE DU DOCTEUR),,,Plein jour,En agglomération,Hors intersection,Normale,Deux véhicules - frontale,,,,,,,,,,,1,2,1,1,1
200500067125,0005-10-08 18:00:00,5,10,8,18,0,590,512.0,INKERMAN (RUE D'),,,Plein jour,En agglomération,Intersection en X,Normale,Deux véhicules - côté,,,,,,,,,,,1,2,2,1,3
200500067126,0005-10-14 14:15:00,5,10,14,14,15,590,526.0,DE LA PAIX,,,Plein jour,En agglomération,Hors intersection,Normale,Deux véhicules - frontale,,,,,,,,,,,1,2,1,1,1
200500067127,0005-10-10 19:00:00,5,10,10,19,0,590,629.0,CALVAIRE (RUE DU),,,Plein jour,En agglomération,Hors intersection,Normale,Autre collision,,,,,,,,,,,1,2,1,1,6
200500067128,0005-10-28 20:20:00,5,10,28,20,20,590,375.0,"12, ROUTE D ORCHIES CD 9",,,Nuit sans éclairage public,Hors agglomération,Hors intersection,Normale,Deux véhicules - arrière,,,,,,,,,,,3,1,1,1,2
200500067129,0005-10-04 13:40:00,5,10,4,13,40,590,599.0,GRAMME (CHAUSSEE),,,Plein jour,En agglomération,Hors intersection,Normale,Deux véhicules - côté,,,,,,,,,,,1,2,1,1,3
200500067130,0005-10-07 18:05:00,5,10,7,18,5,590,90.0,"1591, GAULLE (AVENUE DU",,,Plein jour,En agglomération,Hors intersection,Temps couvert,Deux véhicules - arrière,,,,,,,,,,,1,2,1,8,2
200500067131,0005-10-13 17:20:00,5,10,13,17,20,590,599.0,"56, WAILLY (RUE DE)",,,Plein jour,En agglomération,Hors intersection,Normale,Deux véhicules - côté,,,,,,,,,,,1,2,1,1,3
200500067132,0005-10-15 10:40:00,5,10,15,10,40,590,599.0,", GAND (RUE DE)",,,Plein jour,En agglomération,Hors intersection,Normale,Autre collision,,,,,,,,,,,1,2,1,1,6
200500067133,0005-10-18 07:55:00,5,10,18,7,55,590,599.0,GRAMME (CHAUSSEE),,,Plein jour,En agglomération,Intersection en X,Normale,Deux véhicules - côté,,,,,,,,,,,1,2,2,1,3
200500067134,0005-10-25 17:30:00,5,10,25,17,30,590,599.0,TONTON (RUE DU MOULIN),,,Plein jour,Hors agglomération,Intersection en X,Normale,Deux véhicules - côté,,,,,,,,,,,1,1,2,1,3
200500067135,0005-10-25 19:20:00,5,10,25,19,20,590,599.0,GRAMME (CHAUSSEE),,,Nuit avec éclairage allumé,En agglomération,Autre intersection,Pluie légère,Autre collision,,,,,,,,,,,5,2,9,2,6
200500067136,0005-10-31 09:50:00,5,10,31,9,50,590,599.0,"33, YSER (RUE DE L')",,,Plein jour,En agglomération,Hors intersection,Normale,Autre collision,,,,,,,,,,,1,2,1,1,6
200500067137,0005-10-31 11:35:00,5,10,31,11,35,590,426.0,"46, SCHUMAN (RUE ROBERT)",,,Plein jour,En agglomération,Giratoire,Normale,Autre collision,,,,,,,,,,,1,2,6,1,6
200500067138,0005-10-01 20:00:00,5,10,1,20,0,590,14.0,JAURES (RUE JEAN),,,Nuit avec éclairage allumé,En agglomération,Hors intersection,Normale,Trois véhicules et plus - collisions multiples,,,,,,,,,,,5,2,1,1,5
200500067139,0005-10-06 23:00:00,5,10,6,23,0,590,475.0,"112, LIEGE (RUE DE)",,,Nuit avec éclairage allumé,En agglomération,Hors intersection,Normale,Autre collision,,,,,,,,,,,5,2,1,1,6
200500067140,0005-10-11 18:00:00,5,10,11,18,0,590,207.0,MALANOYE (AVENUE DE LA),,,Plein jour,En agglomération,Hors intersection,Normale,Autre collision,,,,,,,,,,,1,2,1,1,6
200500067141,0005-10-14 16:30:00,5,10,14,16,30,590,383.0,"164, BARBUSSE (AVENUE HE",,,Plein jour,En agglomération,Hors intersection,Normale,Deux véhicules - arrière,,,,,,,,,,,1,2,1,1,2
200500067142,0005-10-06 13:05:00,5,10,6,13,5,590,383.0,BARBUSSE (AVENUE HENRI),,,Plein jour,Hors agglomération,Hors intersection,Normale,Autre collision,,,,,,,,,,,1,1,1,1,6
200500067143,0005-10-11 23:00:00,5,10,11,23,0,590,606.0,"91, VAUBAN (AVENUE)",,,Nuit avec éclairage allumé,En agglomération,Hors intersection,Normale,Deux véhicules - côté,,,,,,,,,,,5,2,1,1,3
200500067144,0005-10-04 19:20:00,5,10,4,19,20,590,14.0,FRANCE (AVENUE ANATOLE),,,Nuit avec éclairage allumé,En agglomération,Intersection en Y,Pluie légère,Autre collision,,,,,,,,,,,5,2,4,2,6
200500067145,0005-10-10 12:50:00,5,10,10,12,50,590,79.0,ONZE NOVEMBRE (PLACE DU),,,Plein jour,En agglomération,Intersection en T,Normale,Deux véhicules - côté,,,,,,,,,,,1,2,3,1,3
200500067146,0005-10-11 08:00:00,5,10,11,8,0,590,459.0,HAUT (RUE D'EN),,,Plein jour,En agglomération,Intersection en T,Normale,Deux véhicules - côté,,,,,,,,,,,1,2,3,1,3
200500067147,0005-10-30 02:15:00,5,10,30,2,15,590,14.0,DEPORTES (RUE DES),,,Plein jour,En agglomération,Intersection en T,Normale,Deux véhicules - côté,,,,,,,,,,,1,2,3,1,3
200500067148,0005-10-21 18:50:00,5,10,21,18,50,590,491.0,"54, DURRE (RUE HENRI)",,,Nuit avec éclairage allumé,En agglomération,Hors intersection,Pluie forte,Autre collision,,,,,,,,,,,5,2,1,3,6
200500067149,0005-10-31 14:00:00,5,10,31,14,0,590,606.0,DAMPIERRE (AVENUE),,,Plein jour,En agglomération,Intersection en X,Normale,Autre collision,,,,,,,,,,,1,2,2,1,6
200500067150,0005-10-17 07:48:00,5,10,17,7,48,590,606.0,"163, LOMPREZ (RUE)",,,Nuit avec éclairage allumé,En agglomération,Hors intersection,Normale,Autre collision,,,,,,,,,,,5,2,1,1,6
200500067151,0005-10-07 07:45:00,5,10,7,7,45,590,606.0,VILLARS (AVENUE),,,Crépuscule ou aube,En agglomération,Intersection en T,Brouillard / fumée,Autre collision,,,,,,,,,,,2,2,3,5,6
200500067152,0005-10-23 10:50:00,5,10,23,10,50,590,491.0,DIX NEUF MARS 1962 (RUE,,,Plein jour,En agglomération,Hors intersection,Normale,Autre collision,,,,,,,,,,,1,2,1,1,6
200500067153,0005-10-05 18:45:00,5,10,5,18,45,590,207.0,"22, OURCQ (RUE DE L')",,,Plein jour,Hors agglomération,Hors intersection,Normale,Autre collision,,,,,,,,,,,1,1,1,1,6
200500067154,0005-10-13 10:20:00,5,10,13,10,20,590,606.0,EISEN (BOULEVARD),,,Plein jour,En agglomération,Intersection en X,Normale,Autre collision,,,,,,,,,,,1,2,2,1,6
200500067155,0005-10-20 09:50:00,5,10,20,9,50,590,447.0,JAURES (RUE JEAN),,,Plein jour,En agglomération,Hors intersection,Normale,Trois véhicules et plus - collisions multiples,,,,,,,,,,,1,2,1,1,5
200500067156,0005-10-21 17:10:00,5,10,21,17,10,590,14.0,"196, FRANCE (AVENUE ANAT",,,Plein jour,En agglomération,Hors intersection,Normale,Autre collision,,,,,,,,,,,1,2,1,1,6
200500067157,0005-10-13 18:35:00,5,10,13,18,35,600,382.0,BEAUVAIS (DE),,,Nuit avec éclairage non allumé,En agglomération,Hors intersection,Normale,Deux véhicules - côté,,,,,,,,,,,4,2,1,1,3
200500067158,0005-10-22 11:05:00,5,10,22,11,5,600,414.0,LIBERATION (AVENUE DE LA,,,Plein jour,En agglomération,Hors intersection,Pluie légère,Autre collision,,,,,,,,,,,1,2,1,2,6
200500067159,0005-10-22 19:55:00,5,10,22,19,55,600,414.0,ROLLAND (RUE ROMAIN),,,Nuit sans éclairage public,En agglomération,Hors intersection,Pluie forte,Deux véhicules - frontale,,,,,,,,,,,3,2,1,3,1
200500067160,0005-10-18 08:20:00,5,10,18,8,20,600,601.0,RN 330_LIMITE SENLIS_PUV,,,Plein jour,En agglomération,Intersection en X,Normale,Deux véhicules - côté,,,,,,,,,,,1,2,2,1,3
200500067161,0005-10-26 18:15:00,5,10,26,18,15,600,601.0,RD 200_SUD,,,Plein jour,En agglomération,Hors intersection,Normale,Deux véhicules - côté,,,,,,,,,,,1,2,1,1,3
200500067162,0005-10-04 21:20:00,5,10,4,21,20,610,1.0,"95, REPUBLIQUE (BOULEVAR",,,Nuit avec éclairage allumé,En agglomération,Hors intersection,Normale,Deux véhicules - arrière,,,,,,,,,,,5,2,1,1,2
200500067163,0005-10-19 13:55:00,5,10,19,13,55,610,1.0,AMPERE (RUE),,,Plein jour,En agglomération,Intersection en T,Normale,Deux véhicules - côté,,,,,,,,,,,1,2,3,1,3
200500067164,0005-10-26 15:45:00,5,10,26,15,45,610,117.0,CHEMIN DEPARTEMENTAL N°1,,,Plein jour,Hors agglomération,Intersection en T,Normale,Deux véhicules - frontale,,,,,,,,,,,1,1,3,1,1
200500067165,0005-10-29 20:45:00,5,10,29,20,45,610,397.0,FRESNAY (ROUTE DE),,,Nuit avec éclairage allumé,En agglomération,Intersection en X,Normale,Deux véhicules - côté,,,,,,,,,,,5,2,2,1,3
200500067166,0005-10-02 10:00:00,5,10,2,10,0,610,6.0,"AUCUN, FALAISE (ROUTE DE",,,Plein jour,En agglomération,Giratoire,Normale,Deux véhicules - arrière,,,,,,,,,,,1,2,6,1,2
200500067167,0005-10-20 08:55:00,5,10,20,8,55,610,6.0,"87, BRIAND (RUE ARISTIDE",,,Plein jour,En agglomération,Intersection en T,Normale,Trois véhicules et plus - collisions multiples,,,,,,,,,,,1,2,3,1,5
200500067168,0005-10-14 12:50:00,5,10,14,12,50,610,169.0,MESSEI (RUE DE),,,Plein jour,En agglomération,Intersection en X,Normale,Trois véhicules et plus - collisions multiples,,,,,,,,,,,1,2,2,1,5
200500067169,0005-10-21 07:15:00,5,10,21,7,15,610,169.0,BUISSON CORBLIN,,,Nuit sans éclairage public,Hors agglomération,Hors intersection,Pluie légère,Autre collision,,,,,,,,,,,3,1,1,2,6
200500067170,0005-10-12 12:00:00,5,10,12,12,0,610,218.0,"1, LES VAUX (LIEU-DIT)",,,Plein jour,Hors agglomération,Intersection en X,Pluie forte,Deux véhicules - côté,,,,,,,,,,,1,1,2,3,3
200500067171,0005-10-01 09:54:00,5,10,1,9,54,610,169.0,"120, MESSEI (RUE DE)",,,Plein jour,En agglomération,Intersection en X,Pluie légère,Deux véhicules - côté,,,,,,,,,,,1,2,2,2,3
200500067172,0005-10-06 19:32:00,5,10,6,19,32,610,169.0,"59, DOMFRONT (RUE DE)",,,Crépuscule ou aube,En agglomération,Intersection en X,Normale,Deux véhicules - frontale,,,,,,,,,,,2,2,2,1,1
200500067173,0005-10-05 02:05:00,5,10,5,2,5,620,37.0,RN 25,,,Nuit sans éclairage public,Hors agglomération,Hors intersection,Normale,Deux véhicules - frontale,,,,,,,,,,,3,1,1,1,1
200500067174,0005-10-16 23:45:00,5,10,16,23,45,620,41.0,"34, BLD DE STRASBOURG",,,Nuit avec éclairage allumé,En agglomération,Hors intersection,Normale,Autre collision,,,,,,,,,,,5,2,1,1,6
200500067175,0005-10-27 14:45:00,5,10,27,14,45,620,41.0,"0, DE LATTRE DE TASSIGNY",,,Plein jour,En agglomération,Hors intersection,Normale,Trois véhicules et plus - en chaîne,,,,,,,,,,,1,2,1,1,4
200500067176,0005-10-28 14:00:00,5,10,28,14,0,620,41.0,"41, TRAVERSIERE",,,Plein jour,En agglomération,Intersection en T,Normale,Deux véhicules - côté,,,,,,,,,,,1,2,3,1,3
200500067177,0005-10-31 17:50:00,5,10,31,17,50,620,263.0,MERMOZ(AVENUE JEAN),,,Nuit avec éclairage allumé,En agglomération,Intersection en T,Normale,Deux véhicules - côté,,,,,,,,,,,5,2,3,1,3
200500067178,0005-10-11 19:50:00,5,10,11,19,50,620,188.0,NATIONALE (ROUTE),,,Nuit avec éclairage allumé,En agglomération,Intersection en T,Normale,Deux véhicules - côté,,,,,,,,,,,5,2,3,1,3
200500067179,0005-10-20 13:55:00,5,10,20,13,55,620,188.0,ROUTE DEPARTEMENTALE 183,,,Plein jour,En agglomération,Hors intersection,Normale,Autre collision,,,,,,,,,,,1,2,1,1,6
200500067180,0005-10-01 20:10:00,5,10,1,20,10,620,48.0,SALENGRO (ROGER) APRES L,,,Nuit avec éclairage allumé,En agglomération,Hors intersection,Pluie légère,Autre collision,,,,,,,,,,,5,2,1,2,6
200500067181,0005-10-05 12:55:00,5,10,5,12,55,620,65.0,"28, ROUSSEAU JEAN JECQUE",,,Plein jour,En agglomération,Hors intersection,Normale,Deux véhicules - arrière,,,,,,,,,,,1,2,1,1,2
200500067182,0005-10-07 08:10:00,5,10,7,8,10,620,570.0,"28, SIMON (PIERRE)",,,Plein jour,En agglomération,Hors intersection,Pluie légère,Autre collision,,,,,,,,,,,1,2,1,2,6
200500067183,0005-10-08 11:20:00,5,10,8,11,20,620,65.0,"3, PARENT (FRERE)",,,Plein jour,En agglomération,Hors intersection,Normale,Autre collision,,,,,,,,,,,1,2,1,1,6
200500067184,0005-10-14 20:45:00,5,10,14,20,45,620,724.0,"182, DE GAULLE (DU GENER",,,Nuit avec éclairage allumé,En agglomération,Hors intersection,Normale,Autre collision,,,,,,,,,,,5,2,1,1,6
200500067185,0005-10-19 21:10:00,5,10,19,21,10,620,570.0,"78, FRANCE (AVENUE DE )",,,Nuit avec éclairage allumé,En agglomération,Hors intersection,Normale,Deux véhicules - côté,,,,,,,,,,,5,2,1,1,3
200500067186,0005-10-11 10:00:00,5,10,11,10,0,620,65.0,"00, DAUMONT PAUL",,,Plein jour,En agglomération,Intersection en T,Normale,Deux véhicules - côté,,,,,,,,,,,1,2,3,1,3
200500067187,0005-10-21 12:05:00,5,10,21,12,5,620,65.0,"50, FORT DE VAUX",,,Plein jour,En agglomération,Intersection en X,Normale,Autre collision,,,,,,,,,,,1,2,2,1,6
200500067188,0005-10-03 17:45:00,5,10,3,17,45,620,108.0,"62, SAINT EXUPERY",,,Plein jour,En agglomération,Autre intersection,Normale,Trois véhicules et plus - collisions multiples,,,,,,,,,,,1,2,9,1,5
200500067189,0005-10-08 14:05:00,5,10,8,14,5,620,688.0,POULET (RUE),,,Plein jour,En agglomération,Hors intersection,Normale,Deux véhicules - frontale,,,,,,,,,,,1,2,1,1,1