accident_id,datetime,annee,mois,jour,heure,minute,departement,commune_insee,adresse,latitude,longitude,luminosite,agglomeration,intersection,meteo,collision,nb_vehicules,nb_usagers,nb_indemnes,nb_tues,nb_blesses_hosp,nb_blesses_legers,age_cond_1,age_cond_2,veh_type_cond_1,veh_type_cond_2,lum_code,agg_code,int_code,atm_code,col_code
200500067190,0005-10-26 20:25:00,5,10,26,20,25,620,126.0,NATIONALE  ( ROUTE ),,,Nuit sans éclairage public,En agglomération,Intersection en X,Normale,Autre collision,,,,,,,,,,,3,2,2,1,6
200500067191,0005-10-01 00:40:00,5,10,1,0,40,620,480.0,LARUE ACHILLE ( RUE ),,,Nuit avec éclairage allumé,En agglomération,Intersection en T,Temps couvert,Autre collision,,,,,,,,,,,5,2,3,8,6
200500067192,0005-10-07 21:40:00,5,10,7,21,40,620,126.0,NATIONALE  ( ROUTE ),,,Nuit avec éclairage allumé,Hors agglomération,Giratoire,Normale,Deux véhicules - frontale,,,,,,,,,,,5,1,6,1,1
200500067193,0005-10-12 18:15:00,5,10,12,18,15,620,119.0,HAYNAUT ( RUE DU ),,,Crépuscule ou aube,En agglomération,Hors intersection,Normale,Autre collision,,,,,,,,,,,2,2,1,1,6
200500067194,0005-10-26 00:10:00,5,10,26,0,10,620,51.0,HUMBLOT IGNACE ( RUE ),,,Nuit avec éclairage allumé,En agglomération,Intersection en Y,Normale,Autre collision,,,,,,,,,,,5,2,4,1,6
200500067195,0005-10-02 02:35:00,5,10,2,2,35,620,893.0,C.D. 940,,,Nuit sans éclairage public,En agglomération,Hors intersection,Temps couvert,Deux véhicules - côté,,,,,,,,,,,3,2,1,8,3
200500067196,0005-10-15 18:50:00,5,10,15,18,50,620,894.0,"0, C.D. 96e",,,Crépuscule ou aube,En agglomération,Intersection en X,Normale,Deux véhicules - côté,,,,,,,,,,,2,2,2,1,3
200500067197,0005-10-21 18:55:00,5,10,21,18,55,620,160.0,"0, FAIDHERBE (Rue)",,,Nuit avec éclairage allumé,En agglomération,Intersection en X,Normale,Deux véhicules - côté,,,,,,,,,,,5,2,2,1,3
200500067198,0005-10-26 23:50:00,5,10,26,23,50,620,160.0,"0, CLOCHEVILLE (Bld de)",,,Nuit avec éclairage allumé,En agglomération,Intersection en T,Normale,Deux véhicules - côté,,,,,,,,,,,5,2,3,1,3
200500067199,0005-10-08 22:50:00,5,10,8,22,50,620,440.0,"75, LIBERATION ( DE LA )",,,Nuit avec éclairage allumé,En agglomération,Hors intersection,Normale,Autre collision,,,,,,,,,,,5,2,1,1,6
200500067200,0005-10-15 18:45:00,5,10,15,18,45,620,178.0,"283, SALENGRO ( ROGER )",,,Crépuscule ou aube,En agglomération,Intersection en T,Normale,Autre collision,,,,,,,,,,,2,2,3,1,6
200500067201,0005-10-04 19:10:00,5,10,4,19,10,620,193.0,DORET (RUE M.),,,Plein jour,En agglomération,Hors intersection,Normale,Deux véhicules - côté,,,,,,,,,,,1,2,1,1,3
200500067202,0005-10-10 13:50:00,5,10,10,13,50,620,193.0,AMPERE (Rue),,,Plein jour,En agglomération,Intersection en X,Normale,Deux véhicules - côté,,,,,,,,,,,1,2,2,1,3
200500067203,0005-10-11 16:15:00,5,10,11,16,15,620,193.0,DORET (RUE M.),,,Plein jour,En agglomération,Hors intersection,Normale,Trois véhicules et plus - en chaîne,,,,,,,,,,,1,2,1,1,4
200500067204,0005-10-12 10:30:00,5,10,12,10,30,620,193.0,THERMES (RUE DE),,,Plein jour,En agglomération,Hors intersection,Pluie légère,Autre collision,,,,,,,,,,,1,2,1,2,6
200500067205,0005-10-06 12:05:00,5,10,6,12,5,620,193.0,GAMBETTA (BOULEVARD),,,Plein jour,En agglomération,Hors intersection,Normale,Sans collision,,,,,,,,,,,1,2,1,1,7
200500067206,0005-10-15 10:30:00,5,10,15,10,30,620,193.0,"700, ROGER SALENGRO (AVE",,,Plein jour,En agglomération,Hors intersection,Normale,Deux véhicules - arrière,,,,,,,,,,,1,2,1,1,2
200500067207,0005-10-17 02:40:00,5,10,17,2,40,620,193.0,ROCADE EST,,,Nuit sans éclairage public,En agglomération,Hors intersection,Normale,Sans collision,,,,,,,,,,,3,2,1,1,7
200500067208,0005-10-17 18:40:00,5,10,17,18,40,620,193.0,LAFAYETTE (BOULEVARD),,,Plein jour,En agglomération,Intersection en X,Normale,Sans collision,,,,,,,,,,,1,2,2,1,7
200500067209,0005-10-23 20:20:00,5,10,23,20,20,620,193.0,TOUL (RUE DE),,,Nuit avec éclairage allumé,En agglomération,Hors intersection,Normale,Autre collision,,,,,,,,,,,5,2,1,1,6
200500067210,0005-10-28 23:05:00,5,10,28,23,5,620,193.0,BERT (RUE P.),,,Nuit avec éclairage non allumé,En agglomération,Intersection en T,Pluie légère,Deux véhicules - côté,,,,,,,,,,,4,2,3,2,3
200500067211,0005-10-12 14:15:00,5,10,12,14,15,620,215.0,"sans, PLACHEZ (R EDOUARD",,,Plein jour,En agglomération,Intersection en T,Normale,Deux véhicules - côté,,,,,,,,,,,1,2,3,1,3
200500067212,0005-10-14 07:45:00,5,10,14,7,45,620,311.0,"sans, DUPONT (R BLANCHE)",,,Plein jour,En agglomération,Hors intersection,Normale,Deux véhicules - côté,,,,,,,,,,,1,2,1,1,3
200500067213,0005-10-14 11:50:00,5,10,14,11,50,620,215.0,"410, FERRER (R FRANCISCO",,,Plein jour,En agglomération,Hors intersection,Normale,Sans collision,,,,,,,,,,,1,2,1,1,7
200500067214,0005-10-13 19:00:00,5,10,13,19,0,620,666.0,"98, LUCCARINI (R )",,,Nuit avec éclairage allumé,En agglomération,Hors intersection,Normale,Autre collision,,,,,,,,,,,5,2,1,1,6
200500067215,0005-10-23 04:38:00,5,10,23,4,38,620,907.0,"100, QUINET (R CYPRIEN)",,,Crépuscule ou aube,En agglomération,Hors intersection,Pluie légère,Autre collision,,,,,,,,,,,2,2,1,2,6
200500067216,0005-10-22 18:00:00,5,10,22,18,0,620,637.0,"sans, PANTIGNY (R FERNAN",,,Plein jour,En agglomération,Hors intersection,Normale,Deux véhicules - côté,,,,,,,,,,,1,2,1,1,3
200500067217,0005-10-27 22:25:00,5,10,27,22,25,620,250.0,"sans, LEPOIVRE (BD. ANDR",,,Nuit avec éclairage allumé,En agglomération,Intersection en X,Normale,Deux véhicules - côté,,,,,,,,,,,5,2,2,1,3
200500067218,0005-10-30 19:55:00,5,10,30,19,55,620,907.0,"sans, RN 17",,,Nuit avec éclairage non allumé,En agglomération,Hors intersection,Normale,Deux véhicules - côté,,,,,,,,,,,4,2,1,1,3
200500067219,0005-10-25 15:40:00,5,10,25,15,40,620,457.0,CD301,,,Plein jour,En agglomération,Hors intersection,Normale,Deux véhicules - frontale,,,,,,,,,,,1,2,1,1,1
200500067220,0005-10-31 20:45:00,5,10,31,20,45,620,457.0,"987, BRUAY (ROUTE DE)",,,Nuit avec éclairage allumé,En agglomération,Hors intersection,Normale,Sans collision,,,,,,,,,,,5,2,1,1,7
200500067221,0005-10-11 12:05:00,5,10,11,12,5,620,270.0,"34, FRERES DE LIMA (RUE",,,Plein jour,En agglomération,Hors intersection,Normale,Autre collision,,,,,,,,,,,1,2,1,1,6
200500067222,0005-10-11 17:25:00,5,10,11,17,25,620,427.0,"0, LECLERC (AV. DU MAL)",,,Plein jour,En agglomération,Hors intersection,Normale,Deux véhicules - côté,,,,,,,,,,,1,2,1,1,3
200500067223,0005-10-20 13:30:00,5,10,20,13,30,620,497.0,"0, DELORY (R GUSTAVE)",,,Plein jour,En agglomération,Intersection en T,Normale,Deux véhicules - côté,,,,,,,,,,,1,2,3,1,3
200500067224,0005-10-26 22:20:00,5,10,26,22,20,620,133.0,"0, ROUVROY (R DE)",,,Crépuscule ou aube,En agglomération,Intersection en X,Normale,Autre collision,,,,,,,,,,,2,2,2,1,6
200500067225,0005-10-20 17:50:00,5,10,20,17,50,620,427.0,"0, JERUSALEM (CHE. DE)",,,Plein jour,En agglomération,Intersection en T,Normale,Deux véhicules - côté,,,,,,,,,,,1,2,3,1,3
200500067226,0005-10-01 22:14:00,5,10,1,22,14,620,498.0,"93, ZOLA (R EMILE)",,,Nuit avec éclairage allumé,En agglomération,Hors intersection,Pluie légère,Autre collision,,,,,,,,,,,5,2,1,2,6
200500067227,0005-10-17 17:30:00,5,10,17,17,30,620,218.0,"XXXXXXXX, PROVIN (R DE)",,,Plein jour,En agglomération,Hors intersection,Normale,Autre collision,,,,,,,,,,,1,2,1,1,6
200500067228,0005-10-13 23:44:00,5,10,13,23,44,620,771.0,"45, LAMENDIN (R ARTHUR)",,,Nuit avec éclairage allumé,En agglomération,Hors intersection,Normale,Autre collision,,,,,,,,,,,5,2,1,1,6
200500067229,0005-10-30 11:01:00,5,10,30,11,1,620,218.0,"XXXXXXXX, REPUBLIQUE (R",,,Plein jour,En agglomération,Hors intersection,Normale,Autre collision,,,,,,,,,,,1,2,1,1,6
200500067230,0005-10-21 11:45:00,5,10,21,11,45,620,498.0,"XXXXXXXX, QUATRE SEPTEMB",,,Plein jour,En agglomération,Hors intersection,Pluie légère,Autre collision,,,,,,,,,,,1,2,1,2,6
200500067231,0005-10-05 19:53:00,5,10,5,19,53,620,498.0,"197, BASSEE (RTE DE LA)",,,Crépuscule ou aube,En agglomération,Hors intersection,Pluie légère,Deux véhicules - côté,,,,,,,,,,,2,2,1,2,3
200500067232,0005-10-25 15:41:00,5,10,25,15,41,620,498.0,"XXXXXXXX, BERT (R PAUL)",,,Plein jour,En agglomération,Hors intersection,Normale,Autre collision,,,,,,,,,,,1,2,1,1,6
200500067233,0005-10-18 14:18:00,5,10,18,14,18,620,498.0,"104, VAN PELT (AV. ALFRE",,,Plein jour,En agglomération,Hors intersection,Normale,Autre collision,,,,,,,,,,,1,2,1,1,6
200500067234,0005-10-01 05:45:00,5,10,1,5,45,620,386.0,"., VICTOIRE (R DE LA)",,,Nuit avec éclairage allumé,En agglomération,Intersection en X,Normale,Deux véhicules - côté,,,,,,,,,,,5,2,2,1,3
200500067235,0005-10-06 19:39:00,5,10,6,19,39,620,528.0,"., BETHUNE (RTE DE)",,,Nuit sans éclairage public,En agglomération,Hors intersection,Normale,Trois véhicules et plus - en chaîne,,,,,,,,,,,3,2,1,1,4
200500067236,0005-10-07 18:25:00,5,10,7,18,25,620,510.0,"., HOCHE (R)",,,Crépuscule ou aube,En agglomération,Intersection en X,Normale,Deux véhicules - côté,,,,,,,,,,,2,2,2,1,3
200500067237,0005-10-22 18:52:00,5,10,22,18,52,620,528.0,"., SALENGRO (R ROGER)",,,Crépuscule ou aube,En agglomération,Hors intersection,Normale,Deux véhicules - côté,,,,,,,,,,,2,2,1,1,3
200500067238,0005-10-23 10:20:00,5,10,23,10,20,620,386.0,"., BEAUCAMP (R FRANCOIS)",,,Plein jour,En agglomération,Hors intersection,Normale,Deux véhicules - frontale,,,,,,,,,,,1,2,1,1,1
200500067239,0005-10-31 21:10:00,5,10,31,21,10,620,186.0,"., BEUGNET (R CASIMIR )",,,Nuit avec éclairage allumé,En agglomération,Hors intersection,Normale,Autre collision,,,,,,,,,,,5,2,1,1,6
200500067240,0005-10-28 19:27:00,5,10,28,19,27,620,510.0,LECLERC (AV DU MARECHAL),,,Nuit avec éclairage allumé,En agglomération,Hors intersection,Pluie légère,Autre collision,,,,,,,,,,,5,2,1,2,6
200500067241,0005-10-11 07:10:00,5,10,11,7,10,620,516.0,NATIONALE 43,,,Crépuscule ou aube,En agglomération,Hors intersection,Normale,Deux véhicules - arrière,,,,,,,,,,,2,2,1,1,2
200500067242,0005-10-24 17:10:00,5,10,24,17,10,620,516.0,"6251605, HAM (D') A CPTE",,,Plein jour,En agglomération,Hors intersection,Normale,Autre collision,,,,,,,,,,,1,2,1,1,6
200500067243,0005-10-29 16:10:00,5,10,29,16,10,620,516.0,"610, VERDUN",,,Plein jour,En agglomération,Intersection en T,Normale,Autre collision,,,,,,,,,,,1,2,3,1,6
200500067244,0005-10-17 07:50:00,5,10,17,7,50,620,555.0,ROUTE NATIONALE 43,,,Crépuscule ou aube,En agglomération,Hors intersection,Normale,Trois véhicules et plus - collisions multiples,,,,,,,,,,,2,2,1,1,5
200500067245,0005-10-04 09:05:00,5,10,4,9,5,620,617.0,ROUTE NATIONALE (CD 937),,,Plein jour,En agglomération,Autre intersection,Normale,Autre collision,,,,,,,,,,,1,2,9,1,6
200500067246,0005-10-01 20:17:00,5,10,1,20,17,620,902.0,"145, HAUT PONT (QUAI DU.",,,Nuit avec éclairage allumé,En agglomération,Hors intersection,Pluie forte,Deux véhicules - côté,,,,,,,,,,,5,2,1,3,3
200500067247,0005-10-29 15:30:00,5,10,29,15,30,620,826.0,GENERAL DE GAULLE (AVENU,,,Plein jour,En agglomération,Intersection en X,Normale,Deux véhicules - arrière,,,,,,,,,,,1,2,2,1,2
200500067248,0005-10-02 14:20:00,5,10,2,14,20,630,113.0,CHANTERANNE (RUE DE),,,Plein jour,En agglomération,Hors intersection,Pluie légère,Autre collision,,,,,,,,,,,1,2,1,2,6
200500067249,0005-10-02 20:55:00,5,10,2,20,55,630,113.0,VERNE (RUE JULES),,,Nuit avec éclairage allumé,En agglomération,Autre intersection,Normale,Autre collision,,,,,,,,,,,5,2,9,1,6
200500067250,0005-10-03 07:20:00,5,10,3,7,20,630,113.0,", PRE LA REINE (RUE DU)",,,Nuit avec éclairage non allumé,En agglomération,Hors intersection,Normale,Autre collision,,,,,,,,,,,4,2,1,1,6
200500067251,0005-10-05 11:45:00,5,10,5,11,45,630,113.0,FONTAINE DU BAC (RUE DE,,,Plein jour,En agglomération,Intersection en X,Normale,Deux véhicules - côté,,,,,,,,,,,1,2,2,1,3
200500067252,0005-10-05 11:20:00,5,10,5,11,20,630,113.0,"25, BREZET (AVENUE)",,,Plein jour,En agglomération,Autre intersection,Temps couvert,Deux véhicules - côté,,,,,,,,,,,1,2,9,8,3
200500067253,0005-10-05 18:00:00,5,10,5,18,0,630,113.0,"2, PASTEUR (BD)",,,Plein jour,En agglomération,Autre intersection,Normale,Autre collision,,,,,,,,,,,1,2,9,1,6
200500067254,0005-10-05 20:15:00,5,10,5,20,15,630,308.0,ROUZAUD (AVENUE AUGUSTE),,,Nuit avec éclairage allumé,En agglomération,Hors intersection,Normale,Autre collision,,,,,,,,,,,5,2,1,1,6
200500067255,0005-10-06 15:00:00,5,10,6,15,0,630,113.0,"1, JOUHAUX (BD LEON)",,,Plein jour,En agglomération,Hors intersection,Normale,Autre collision,,,,,,,,,,,1,2,1,1,6
200500067256,0005-10-06 18:05:00,5,10,6,18,5,630,113.0,"62, ITALIE (AVENUE DE L'",,,Plein jour,En agglomération,Hors intersection,Normale,Autre collision,,,,,,,,,,,1,2,1,1,6
200500067257,0005-10-07 06:50:00,5,10,7,6,50,630,113.0,BERTHELOT (BOULEVARD),,,Crépuscule ou aube,En agglomération,Autre intersection,Normale,Autre collision,,,,,,,,,,,2,2,9,1,6
200500067258,0005-10-07 07:50:00,5,10,7,7,50,630,32.0,BOISSEJOUR (ROUTE DE),,,Plein jour,En agglomération,Hors intersection,Normale,Autre collision,,,,,,,,,,,1,2,1,1,6
200500067259,0005-10-07 10:10:00,5,10,7,10,10,630,113.0,"20, SUGNY (PLACE)",,,Plein jour,En agglomération,Hors intersection,Normale,Deux véhicules - côté,,,,,,,,,,,1,2,1,1,3
200500067260,0005-10-08 19:30:00,5,10,8,19,30,630,113.0,CRISTAL (AVENUE ERNEST),,,Nuit avec éclairage allumé,En agglomération,Hors intersection,Normale,Trois véhicules et plus - en chaîne,,,,,,,,,,,5,2,1,1,4
200500067261,0005-10-08 20:25:00,5,10,8,20,25,630,113.0,BLERIOT (AVENUE LOUIS),,,Nuit avec éclairage allumé,En agglomération,Giratoire,Normale,Autre collision,,,,,,,,,,,5,2,6,1,6
200500067262,0005-10-09 09:50:00,5,10,9,9,50,630,113.0,"6, CHAMPFLEURI (RUE DE)",,,Plein jour,En agglomération,Hors intersection,Normale,Autre collision,,,,,,,,,,,1,2,1,1,6
200500067263,0005-10-10 07:15:00,5,10,10,7,15,630,113.0,"1, COURBET (RUE GUSTAVE)",,,Crépuscule ou aube,En agglomération,Intersection en T,Normale,Deux véhicules - côté,,,,,,,,,,,2,2,3,1,3
200500067264,0005-10-10 22:30:00,5,10,10,22,30,630,113.0,"26, AMADEO (RUE)",,,Nuit avec éclairage allumé,En agglomération,Hors intersection,Normale,Autre collision,,,,,,,,,,,5,2,1,1,6
200500067265,0005-10-11 11:20:00,5,10,11,11,20,630,113.0,"0, BEAULIEU (CHEMIN DE)",,,Plein jour,En agglomération,Hors intersection,Normale,Autre collision,,,,,,,,,,,1,2,1,1,6
200500067266,0005-10-11 16:30:00,5,10,11,16,30,630,113.0,"2, PELISSIER (RUE)",,,Plein jour,En agglomération,Hors intersection,Normale,Autre collision,,,,,,,,,,,1,2,1,1,6
200500067267,0005-10-11 20:40:00,5,10,11,20,40,630,113.0,"1, FLAUBERT (BD GUSTAVE)",,,Nuit avec éclairage allumé,En agglomération,Hors intersection,Normale,Deux véhicules - côté,,,,,,,,,,,5,2,1,1,3
200500067268,0005-10-11 21:10:00,5,10,11,21,10,630,113.0,BERTHELOT (BOULEVARD),,,Nuit avec éclairage allumé,En agglomération,Autre intersection,Normale,Autre collision,,,,,,,,,,,5,2,9,1,6
200500067269,0005-10-12 16:40:00,5,10,12,16,40,630,32.0,"1, ROMAGNAT (ROUTE DE)",,,Plein jour,En agglomération,Hors intersection,Normale,Deux véhicules - côté,,,,,,,,,,,1,2,1,1,3
200500067270,0005-10-13 16:15:00,5,10,13,16,15,630,113.0,"7, INDUSTRIE (RUE DE L')",,,Plein jour,En agglomération,Hors intersection,Normale,Autre collision,,,,,,,,,,,1,2,1,1,6
200500067271,0005-10-12 18:00:00,5,10,12,18,0,630,32.0,"30, LECLERC (AVENUE DU M",,,Plein jour,En agglomération,Intersection à plus de 4 branches,Normale,Autre collision,,,,,,,,,,,1,2,5,1,6
200500067272,0005-10-13 07:30:00,5,10,13,7,30,630,113.0,BERGOUGNAN (AVENUE RAYMO,,,Nuit avec éclairage allumé,En agglomération,Intersection à plus de 4 branches,Normale,Autre collision,,,,,,,,,,,5,2,5,1,6
200500067273,0005-10-13 22:15:00,5,10,13,22,15,630,113.0,"72, DAGUERRE (RUE)",,,Nuit avec éclairage allumé,En agglomération,Intersection en X,Normale,Sans collision,,,,,,,,,,,5,2,2,1,7
200500067274,0005-10-14 09:10:00,5,10,14,9,10,630,113.0,"79, UNION SOVIETIQUE (AV",,,Plein jour,En agglomération,Hors intersection,Normale,Autre collision,,,,,,,,,,,1,2,1,1,6
200500067275,0005-10-14 12:30:00,5,10,14,12,30,630,113.0,"158, LAFAYETTE (BD)",,,Plein jour,En agglomération,Intersection en T,Normale,Autre collision,,,,,,,,,,,1,2,3,1,6
200500067276,0005-10-14 17:10:00,5,10,14,17,10,630,113.0,"1, FRANCE (RUE ANATOLE)",,,Plein jour,En agglomération,Hors intersection,Normale,Trois véhicules et plus - en chaîne,,,,,,,,,,,1,2,1,1,4
200500067277,0005-10-15 10:50:00,5,10,15,10,50,630,113.0,"5, SAINT JEAN (BD)",,,Plein jour,En agglomération,Hors intersection,Normale,Deux véhicules - arrière,,,,,,,,,,,1,2,1,1,2
200500067278,0005-10-17 09:50:00,5,10,17,9,50,630,113.0,"17, LAFAYETTE (BD)",,,Plein jour,En agglomération,Autre intersection,Normale,Autre collision,,,,,,,,,,,1,2,9,1,6
200500067279,0005-10-17 16:30:00,5,10,17,16,30,630,113.0,"1, CARNOT (AVENUE)",,,Plein jour,En agglomération,Hors intersection,Normale,Autre collision,,,,,,,,,,,1,2,1,1,6
200500067280,0005-10-17 17:50:00,5,10,17,17,50,630,113.0,"1, CARNOT (AVENUE)",,,Plein jour,En agglomération,Hors intersection,Normale,Autre collision,,,,,,,,,,,1,2,1,1,6
200500067281,0005-10-17 19:15:00,5,10,17,19,15,630,113.0,"3, JOFFRE (RUE DU MAL)",,,Nuit avec éclairage non allumé,En agglomération,Hors intersection,Normale,Deux véhicules - côté,,,,,,,,,,,4,2,1,1,3
200500067282,0005-10-14 17:15:00,5,10,14,17,15,630,113.0,"1, RECOLLETS (RUE DES)",,,Plein jour,Hors agglomération,Hors intersection,Normale,Autre collision,,,,,,,,,,,1,1,1,1,6
200500067283,0005-10-18 19:50:00,5,10,18,19,50,630,113.0,"9, LIBERATION (AVENUE DE",,,Nuit avec éclairage allumé,En agglomération,Hors intersection,Temps couvert,Deux véhicules - arrière,,,,,,,,,,,5,2,1,8,2
200500067284,0005-10-19 15:20:00,5,10,19,15,20,630,113.0,"34, CARNOT (AVENUE)",,,Plein jour,En agglomération,Intersection en T,Normale,Deux véhicules - côté,,,,,,,,,,,1,2,3,1,3
200500067285,0005-10-20 11:25:00,5,10,20,11,25,630,113.0,"103, MERMOZ (AVENUE JEAN",,,Plein jour,En agglomération,Hors intersection,Normale,Autre collision,,,,,,,,,,,1,2,1,1,6
200500067286,0005-10-20 11:35:00,5,10,20,11,35,630,14.0,"1, ROUSSILLON (AVENUE DU",,,Plein jour,En agglomération,Hors intersection,Normale,Autre collision,,,,,,,,,,,1,2,1,1,6
200500067287,0005-10-20 12:50:00,5,10,20,12,50,630,113.0,PONT NATUREL (RUE DU),,,Plein jour,En agglomération,Hors intersection,Normale,Deux véhicules - côté,,,,,,,,,,,1,2,1,1,3
200500067288,0005-10-20 21:15:00,5,10,20,21,15,630,113.0,"2, LAFAYETTE (BD)",,,Nuit avec éclairage allumé,En agglomération,Hors intersection,Normale,Autre collision,,,,,,,,,,,5,2,1,1,6
200500067289,0005-10-20 22:45:00,5,10,20,22,45,630,113.0,FONTAINE DU LARGE (RUE D,,,Nuit avec éclairage allumé,En agglomération,Intersection en X,Normale,Autre collision,,,,,,,,,,,5,2,2,1,6
200500067290,0005-10-21 15:30:00,5,10,21,15,30,630,32.0,"2, HOTEL DE VILLE (RUE D",,,Plein jour,En agglomération,Hors intersection,Normale,Deux véhicules - arrière,,,,,,,,,,,1,2,1,1,2
200500067291,0005-10-21 17:40:00,5,10,21,17,40,630,113.0,"1, TURGOT (PLACE)",,,Plein jour,En agglomération,Hors intersection,Normale,Deux véhicules - arrière,,,,,,,,,,,1,2,1,1,2
200500067292,0005-10-21 21:00:00,5,10,21,21,0,630,113.0,FLAUBERT (BD GUSTAVE),,,Nuit avec éclairage allumé,En agglomération,Hors intersection,Normale,Autre collision,,,,,,,,,,,5,2,1,1,6
200500067293,0005-10-22 07:50:00,5,10,22,7,50,630,113.0,"5, PRE LA REINE (RUE DU)",,,Crépuscule ou aube,En agglomération,Hors intersection,Normale,Deux véhicules - côté,,,,,,,,,,,2,2,1,1,3
200500067294,0005-10-23 02:20:00,5,10,23,2,20,630,113.0,LIBERATION (AVENUE DE LA,,,Nuit avec éclairage allumé,En agglomération,Intersection en X,Normale,Autre collision,,,,,,,,,,,5,2,2,1,6
200500067295,0005-10-24 15:20:00,5,10,24,15,20,630,113.0,"86, FRANCE (RUE ANATOLE)",,,Plein jour,En agglomération,Hors intersection,Normale,Autre collision,,,,,,,,,,,1,2,1,1,6
200500067296,0005-10-24 22:15:00,5,10,24,22,15,630,113.0,SOUS LES VIGNES (RUE),,,Nuit avec éclairage allumé,En agglomération,Intersection en X,Normale,Autre collision,,,,,,,,,,,5,2,2,1,6
200500067297,0005-10-25 07:25:00,5,10,25,7,25,630,32.0,RN 189 (ROUTE NATIONALE),,,Nuit sans éclairage public,En agglomération,Hors intersection,Normale,Autre collision,,,,,,,,,,,3,2,1,1,6
200500067298,0005-10-25 16:35:00,5,10,25,16,35,630,14.0,"15, COURNON (AVENUE DE)",,,Plein jour,En agglomération,Hors intersection,Normale,Autre collision,,,,,,,,,,,1,2,1,1,6
200500067299,0005-10-26 08:00:00,5,10,26,8,0,630,113.0,"54, LIBERATION (AVENUE D",,,Crépuscule ou aube,En agglomération,Hors intersection,Normale,Autre collision,,,,,,,,,,,2,2,1,1,6
200500067300,0005-10-27 10:15:00,5,10,27,10,15,630,113.0,DOUMER (RUE PAUL),,,Plein jour,En agglomération,Intersection en T,Normale,Autre collision,,,,,,,,,,,1,2,3,1,6
200500067301,0005-10-28 14:00:00,5,10,28,14,0,630,113.0,"97, MERMOZ (AVENUE JEAN)",,,Plein jour,En agglomération,Hors intersection,Normale,Sans collision,,,,,,,,,,,1,2,1,1,7
200500067302,0005-10-28 17:00:00,5,10,28,17,0,630,113.0,SAINT JEAN (BD),,,Plein jour,En agglomération,Hors intersection,Normale,Deux véhicules - arrière,,,,,,,,,,,1,2,1,1,2
200500067303,0005-10-30 17:40:00,5,10,30,17,40,630,75.0,"4, CLAUSSAT (AVENUE JOSE",,,Plein jour,En agglomération,Hors intersection,Normale,Deux véhicules - côté,,,,,,,,,,,1,2,1,1,3
200500067304,0005-10-31 15:00:00,5,10,31,15,0,630,14.0,"1, DE GAULLE (AVENUE CHA",,,Plein jour,En agglomération,Hors intersection,Normale,Autre collision,,,,,,,,,,,1,2,1,1,6
200500067305,0005-10-07 08:45:00,5,10,7,8,45,630,124.0,LIVRADOIS (AVENUE DU),,,Plein jour,En agglomération,Hors intersection,Normale,Deux véhicules - côté,,,,,,,,,,,1,2,1,1,3
200500067306,0005-10-06 07:45:00,5,10,6,7,45,630,272.0,"80, REPUBLIQUE (AVENUE D",,,Plein jour,En agglomération,Hors intersection,Normale,Autre collision,,,,,,,,,,,1,2,1,1,6
200500067307,0005-10-13 12:55:00,5,10,13,12,55,630,193.0,THIERS (AVENUE DE),,,Plein jour,En agglomération,Autre intersection,Normale,Deux véhicules - côté,,,,,,,,,,,1,2,9,1,3
200500067308,0005-10-15 21:00:00,5,10,15,21,0,630,193.0,THIERS (AVENUE DE),,,Nuit avec éclairage allumé,En agglomération,Hors intersection,Pluie légère,Deux véhicules - côté,,,,,,,,,,,5,2,1,2,3
200500067309,0005-10-20 09:10:00,5,10,20,9,10,630,193.0,THIERS (AVENUE DE),,,Plein jour,En agglomération,Hors intersection,Normale,Deux véhicules - côté,,,,,,,,,,,1,2,1,1,3
200500067310,0005-10-28 16:10:00,5,10,28,16,10,630,124.0,"10, JOFFRE (AVENUE MAREC",,,Plein jour,En agglomération,Hors intersection,Normale,Deux véhicules - côté,,,,,,,,,,,1,2,1,1,3
200500067311,0005-10-30 18:30:00,5,10,30,18,30,630,193.0,"2, MILAN (RUE DE)",,,Nuit avec éclairage allumé,En agglomération,Giratoire,Normale,Deux véhicules - côté,,,,,,,,,,,5,2,6,1,3
200500067312,0005-10-28 17:30:00,5,10,28,17,30,630,124.0,"2, AUBIERE (AV. D')",,,Plein jour,En agglomération,Hors intersection,Normale,Trois véhicules et plus - en chaîne,,,,,,,,,,,1,2,1,1,4
200500067313,0005-10-26 07:50:00,5,10,26,7,50,630,63.0,RN9,,,Plein jour,Hors agglomération,Giratoire,Normale,Deux véhicules - frontale,,,,,,,,,,,1,1,6,1,1
200500067314,0005-10-29 15:00:00,5,10,29,15,0,630,164.0,GUESDE (RUE JULES),,,Plein jour,En agglomération,Intersection en T,Normale,Trois véhicules et plus - collisions multiples,,,,,,,,,,,1,2,3,1,5
200500067315,0005-10-15 00:05:00,5,10,15,0,5,630,63.0,RN9,,,Nuit avec éclairage allumé,Hors agglomération,Giratoire,Normale,Sans collision,,,,,,,,,,,5,1,6,1,7
200500067316,0005-10-24 17:30:00,5,10,24,17,30,630,164.0,"55, MARTYRS (RUE DES)",,,Plein jour,En agglomération,Hors intersection,Normale,Autre collision,,,,,,,,,,,1,2,1,1,6
200500067317,0005-10-06 08:40:00,5,10,6,8,40,630,245.0,"58, HOTEL DE VILLE (RUE",,,Plein jour,En agglomération,Hors intersection,Normale,Autre collision,,,,,,,,,,,1,2,1,1,6