accident_id,datetime,annee,mois,jour,heure,minute,departement,commune_insee,adresse,latitude,longitude,luminosite,agglomeration,intersection,meteo,collision,nb_vehicules,nb_usagers,nb_indemnes,nb_tues,nb_blesses_hosp,nb_blesses_legers,age_cond_1,age_cond_2,veh_type_cond_1,veh_type_cond_2,lum_code,agg_code,int_code,atm_code,col_code
200500067318,0005-10-16 16:00:00,5,10,16,16,0,630,103.0,"55, DESAIX (BOULEVARD)",,,Plein jour,En agglomération,Hors intersection,Normale,Deux véhicules - côté,,,,,,,,,,,1,2,1,1,3
200500067319,0005-10-20 07:45:00,5,10,20,7,45,630,245.0,MARSAT (ROUTE DE),,,Plein jour,En agglomération,Intersection en X,Normale,Deux véhicules - côté,,,,,,,,,,,1,2,2,1,3
200500067320,0005-10-01 00:15:00,5,10,1,0,15,640,24.0,"., VAGUES (AVENUE DES)",,,Nuit avec éclairage allumé,En agglomération,Hors intersection,Normale,Autre collision,,,,,,,,,,,5,2,1,1,6
200500067321,0005-10-02 00:20:00,5,10,2,0,20,640,140.0,DOUANE (QUAI DE LA),,,Nuit sans éclairage public,En agglomération,Hors intersection,Pluie légère,Deux véhicules - arrière,,,,,,,,,,,3,2,1,2,2
200500067322,0005-10-02 05:45:00,5,10,2,5,45,640,24.0,ESPAGNE (AVENUE D'),,,Nuit avec éclairage allumé,En agglomération,Hors intersection,Pluie légère,Autre collision,,,,,,,,,,,5,2,1,2,6
200500067323,0005-10-02 19:14:00,5,10,2,19,14,640,24.0,BAB (BOULEVARD DU),,,Crépuscule ou aube,En agglomération,Hors intersection,Normale,Autre collision,,,,,,,,,,,2,2,1,1,6
200500067324,0005-10-03 07:50:00,5,10,3,7,50,640,24.0,"., PITOYS (ROUTE DE)",,,Plein jour,En agglomération,Hors intersection,Normale,Deux véhicules - arrière,,,,,,,,,,,1,2,1,1,2
200500067325,0005-10-06 13:30:00,5,10,6,13,30,640,102.0,"2, ALSACE LORRAINE (BOUL",,,Plein jour,En agglomération,Giratoire,Normale,Deux véhicules - côté,,,,,,,,,,,1,2,6,1,3
200500067326,0005-10-06 14:34:00,5,10,6,14,34,640,102.0,BONNAT (AVENUE LEON),,,Plein jour,En agglomération,Intersection en X,Normale,Deux véhicules - côté,,,,,,,,,,,1,2,2,1,3
200500067327,0005-10-06 18:20:00,5,10,6,18,20,640,102.0,HENRI DE NAVARRE (AVENUE,,,Plein jour,En agglomération,Intersection en T,Normale,Trois véhicules et plus - collisions multiples,,,,,,,,,,,1,2,3,1,5
200500067328,0005-10-08 19:25:00,5,10,8,19,25,640,102.0,"., PONT GRENET",,,Plein jour,En agglomération,Hors intersection,Normale,Autre collision,,,,,,,,,,,1,2,1,1,6
200500067329,0005-10-09 01:30:00,5,10,9,1,30,640,102.0,HENRI DE NAVARRE (AVENUE,,,Nuit avec éclairage non allumé,En agglomération,Hors intersection,Normale,Autre collision,,,,,,,,,,,4,2,1,1,6
200500067330,0005-10-10 13:30:00,5,10,10,13,30,640,102.0,"., FOLLEREAU (AVENUE RAO",,,Plein jour,En agglomération,Hors intersection,Normale,Autre collision,,,,,,,,,,,1,2,1,1,6
200500067331,0005-10-11 17:20:00,5,10,11,17,20,640,102.0,ALLEES MARINES (AVENUE D,,,Plein jour,En agglomération,Hors intersection,Normale,Autre collision,,,,,,,,,,,1,2,1,1,6
200500067332,0005-10-12 18:30:00,5,10,12,18,30,640,140.0,LATAPPY (RUE SEVERIN),,,Plein jour,En agglomération,Hors intersection,Normale,Autre collision,,,,,,,,,,,1,2,1,1,6
200500067333,0005-10-14 15:35:00,5,10,14,15,35,640,102.0,"., EFFEIL (GUSTAVE) RUE",,,Plein jour,Hors agglomération,Hors intersection,Temps couvert,Deux véhicules - frontale,,,,,,,,,,,1,1,1,8,1
200500067334,0005-10-16 12:07:00,5,10,16,12,7,640,102.0,"., PANNECAU (PONT)",,,Plein jour,En agglomération,Intersection en X,Normale,Autre collision,,,,,,,,,,,1,2,2,1,6
200500067335,0005-10-16 20:30:00,5,10,16,20,30,640,102.0,PONT SAINT ESPRIT,,,Nuit avec éclairage allumé,En agglomération,Hors intersection,Normale,Deux véhicules - frontale,,,,,,,,,,,5,2,1,1,1
200500067336,0005-10-18 10:08:00,5,10,18,10,8,640,102.0,GRENET (AVENUE HENRI),,,Plein jour,En agglomération,Hors intersection,Pluie légère,Autre collision,,,,,,,,,,,1,2,1,2,6
200500067337,0005-10-19 00:25:00,5,10,19,0,25,640,24.0,"36, BOIS BELIN (RUE DU)",,,Nuit avec éclairage allumé,En agglomération,Hors intersection,Normale,Autre collision,,,,,,,,,,,5,2,1,1,6
200500067338,0005-10-19 13:55:00,5,10,19,13,55,640,24.0,JORLIS (ROND POINT DE),,,Plein jour,En agglomération,Giratoire,Normale,Deux véhicules - côté,,,,,,,,,,,1,2,6,1,3
200500067339,0005-10-19 16:11:00,5,10,19,16,11,640,24.0,ADOUR (AVENUE DE L'),,,Plein jour,En agglomération,Intersection en Y,Normale,Deux véhicules - arrière,,,,,,,,,,,1,2,4,1,2
200500067340,0005-10-19 16:00:00,5,10,19,16,0,640,24.0,CHAPELLE (ROND POINT DE,,,Plein jour,En agglomération,Hors intersection,Normale,Deux véhicules - côté,,,,,,,,,,,1,2,1,1,3
200500067341,0005-10-26 18:05:00,5,10,26,18,5,640,102.0,TCHEQUE (AVENUE DE LA LE,,,Plein jour,En agglomération,Intersection en T,Normale,Deux véhicules - côté,,,,,,,,,,,1,2,3,1,3
200500067342,0005-10-26 20:10:00,5,10,26,20,10,640,24.0,BIARRITZ (AVENUE DE),,,Nuit avec éclairage allumé,En agglomération,Intersection en T,Normale,Deux véhicules - arrière,,,,,,,,,,,5,2,3,1,2
200500067343,0005-10-27 18:08:00,5,10,27,18,8,640,102.0,SABALCE (CHEMIN DE),,,Plein jour,En agglomération,Intersection en T,Normale,Deux véhicules - côté,,,,,,,,,,,1,2,3,1,3
200500067344,0005-10-29 14:50:00,5,10,29,14,50,640,24.0,BAYONNE (AVENUE DE),,,Plein jour,En agglomération,Hors intersection,Normale,Deux véhicules - arrière,,,,,,,,,,,1,2,1,1,2
200500067345,0005-10-30 01:55:00,5,10,30,1,55,640,102.0,BONNAT (AVENUE LEON),,,Nuit avec éclairage allumé,En agglomération,Hors intersection,Normale,Autre collision,,,,,,,,,,,5,2,1,1,6
200500067346,0005-10-31 02:25:00,5,10,31,2,25,640,24.0,BAB (BOULEVARD DU),,,Nuit avec éclairage allumé,En agglomération,Intersection en T,Pluie forte,Deux véhicules - arrière,,,,,,,,,,,5,2,3,3,2
200500067347,0005-10-07 09:30:00,5,10,7,9,30,640,122.0,"22 bis, ""KENNEDY (AVENUE",,,Plein jour,En agglomération,Hors intersection,Normale,Sans collision,,,,,,,,,,,1,2,1,1,7
200500067348,0005-10-10 23:20:00,5,10,10,23,20,640,122.0,NEGRESSE (CARREFOUR - RU,,,Nuit avec éclairage allumé,En agglomération,Giratoire,Normale,Deux véhicules - côté,,,,,,,,,,,5,2,6,1,3
200500067349,0005-10-11 11:20:00,5,10,11,11,20,640,122.0,"03, ""FOCH (AV, DU MARECH",,,Plein jour,En agglomération,Hors intersection,Normale,Autre collision,,,,,,,,,,,1,2,1,1,6
200500067350,0005-10-11 13:20:00,5,10,11,13,20,640,122.0,"., BORDE D'ANDRE (RUE)",,,Plein jour,En agglomération,Autre intersection,Normale,Sans collision,,,,,,,,,,,1,2,9,1,7
200500067351,0005-10-12 18:00:00,5,10,12,18,0,640,122.0,"., HAGET HENRI (AVENUE)",,,Plein jour,En agglomération,Hors intersection,Normale,Sans collision,,,,,,,,,,,1,2,1,1,7
200500067352,0005-10-14 18:40:00,5,10,14,18,40,640,122.0,"., VERDUN (AVENUE DE)",,,Crépuscule ou aube,En agglomération,Intersection en X,Normale,Deux véhicules - côté,,,,,,,,,,,2,2,2,1,3
200500067353,0005-10-16 00:06:00,5,10,16,0,6,640,122.0,"., MARTIAS (RUE)",,,Nuit avec éclairage allumé,En agglomération,Hors intersection,Normale,Sans collision,,,,,,,,,,,5,2,1,1,7
200500067354,0005-10-18 12:50:00,5,10,18,12,50,640,122.0,"., ""KENNEDY (AVENUE DU P",,,Plein jour,En agglomération,Hors intersection,Pluie légère,Sans collision,,,,,,,,,,,1,2,1,2,7
200500067355,0005-10-24 07:55:00,5,10,24,7,55,640,122.0,"., ROND POINT DE L EUROP",,,Crépuscule ou aube,En agglomération,Hors intersection,Normale,Deux véhicules - côté,,,,,,,,,,,2,2,1,1,3
200500067356,0005-10-25 15:40:00,5,10,25,15,40,640,125.0,"., BAYONNE (AVENUE DE)",,,Plein jour,En agglomération,Hors intersection,Normale,Deux véhicules - côté,,,,,,,,,,,1,2,1,1,3
200500067357,0005-10-28 10:55:00,5,10,28,10,55,640,122.0,"83, MARNE (AVENUE DE LA)",,,Plein jour,En agglomération,Hors intersection,Normale,Deux véhicules - côté,,,,,,,,,,,1,2,1,1,3
200500067358,0005-10-31 18:25:00,5,10,31,18,25,640,122.0,"., LA NEGRESSE (CARREFOU",,,Crépuscule ou aube,En agglomération,Passage à niveau,Temps couvert,Deux véhicules - côté,,,,,,,,,,,2,2,8,8,3
200500067359,0005-10-02 00:40:00,5,10,2,0,40,640,445.0,MARTYRS DU PONT LONG DES,,,Nuit avec éclairage allumé,En agglomération,Hors intersection,Pluie légère,Deux véhicules - frontale,,,,,,,,,,,5,2,1,2,1
200500067360,0005-10-03 08:45:00,5,10,3,8,45,640,445.0,RESISTANCE,,,Plein jour,Hors agglomération,Hors intersection,Normale,Autre collision,,,,,,,,,,,1,1,1,1,6
200500067361,0005-10-04 09:50:00,5,10,4,9,50,640,445.0,CATHERINE DE BOURBON,,,Plein jour,En agglomération,Intersection en X,Normale,Autre collision,,,,,,,,,,,1,2,2,1,6
200500067362,0005-10-05 18:20:00,5,10,5,18,20,640,348.0,JEAN MERMOZ,,,Plein jour,En agglomération,Intersection en X,Normale,Deux véhicules - côté,,,,,,,,,,,1,2,2,1,3
200500067363,0005-10-04 17:35:00,5,10,4,17,35,640,445.0,MARCA,,,Plein jour,En agglomération,Intersection en X,Normale,Deux véhicules - côté,,,,,,,,,,,1,2,2,1,3
200500067364,0005-10-09 19:30:00,5,10,9,19,30,640,445.0,RESISTANCE,,,Nuit avec éclairage non allumé,En agglomération,Hors intersection,Normale,Autre collision,,,,,,,,,,,4,2,1,1,6
200500067365,0005-10-07 19:45:00,5,10,7,19,45,640,284.0,18 JUIN 1940 DU,,,Nuit avec éclairage allumé,En agglomération,Intersection en T,Normale,Deux véhicules - côté,,,,,,,,,,,5,2,3,1,3
200500067366,0005-10-11 15:10:00,5,10,11,15,10,640,348.0,CHARLES DE GAULLE,,,Plein jour,En agglomération,Hors intersection,Normale,Deux véhicules - arrière,,,,,,,,,,,1,2,1,1,2
200500067367,0005-10-11 13:06:00,5,10,11,13,6,640,129.0,BAYONNE DE,,,Plein jour,En agglomération,Intersection en X,Normale,Deux véhicules - côté,,,,,,,,,,,1,2,2,1,3
200500067368,0005-10-15 11:20:00,5,10,15,11,20,640,335.0,"0, JEAN JAURES",,,Plein jour,En agglomération,Hors intersection,Normale,Deux véhicules - côté,,,,,,,,,,,1,2,1,1,3
200500067369,0005-10-18 18:30:00,5,10,18,18,30,640,445.0,LEON BERARD,,,Plein jour,Hors agglomération,Hors intersection,Normale,Deux véhicules - arrière,,,,,,,,,,,1,1,1,1,2
200500067370,0005-10-15 17:10:00,5,10,15,17,10,640,348.0,CHARLES DE GAULLE,,,Plein jour,En agglomération,Intersection en T,Pluie légère,Deux véhicules - côté,,,,,,,,,,,1,2,3,2,3
200500067371,0005-10-16 18:50:00,5,10,16,18,50,640,445.0,"0, LIVRON DE",,,Plein jour,En agglomération,Intersection en X,Normale,Autre collision,,,,,,,,,,,1,2,2,1,6
200500067372,0005-10-24 21:20:00,5,10,24,21,20,640,445.0,MARCA,,,Nuit avec éclairage allumé,En agglomération,Intersection en X,Normale,Deux véhicules - côté,,,,,,,,,,,5,2,2,1,3
200500067373,0005-10-28 11:38:00,5,10,28,11,38,640,445.0,MARCA,,,Plein jour,En agglomération,Hors intersection,Normale,Autre collision,,,,,,,,,,,1,2,1,1,6
200500067374,0005-10-29 11:25:00,5,10,29,11,25,640,445.0,"28, RECTEUR JEAN SARRAIL",,,Plein jour,En agglomération,Hors intersection,Normale,Autre collision,,,,,,,,,,,1,2,1,1,6
200500067375,0005-10-28 17:25:00,5,10,28,17,25,640,284.0,"2, ESPAGNE D'",,,Plein jour,En agglomération,Hors intersection,Normale,Deux véhicules - arrière,,,,,,,,,,,1,2,1,1,2
200500067376,0005-10-23 19:27:00,5,10,23,19,27,640,445.0,ETIGNY D',,,Nuit avec éclairage allumé,En agglomération,Hors intersection,Normale,Autre collision,,,,,,,,,,,5,2,1,1,6
200500067377,0005-10-04 13:30:00,5,10,4,13,30,640,260.0,"1, ALLEES (RUE DES)",,,Plein jour,En agglomération,Intersection en T,Normale,Deux véhicules - côté,,,,,,,,,,,1,2,3,1,3
200500067378,0005-10-15 11:42:00,5,10,15,11,42,640,260.0,"3, GAULLE CHARLES (RUE D",,,Plein jour,En agglomération,Hors intersection,Normale,Autre collision,,,,,,,,,,,1,2,1,1,6
200500067379,0005-10-15 14:15:00,5,10,15,14,15,640,545.0,BIRIATOU (ROUTE DE),,,Plein jour,Hors agglomération,Hors intersection,Normale,Deux véhicules - côté,,,,,,,,,,,1,1,1,1,3
200500067380,0005-10-05 15:10:00,5,10,5,15,10,640,189.0,"15, PASSICOT (AVENUE DU",,,Plein jour,En agglomération,Hors intersection,Normale,Autre collision,,,,,,,,,,,1,2,1,1,6
200500067381,0005-10-06 19:35:00,5,10,6,19,35,640,483.0,"1, CHANTACO (AVENUE DE )",,,Nuit sans éclairage public,Hors agglomération,Hors intersection,Normale,Autre collision,,,,,,,,,,,3,1,1,1,6
200500067382,0005-10-10 17:55:00,5,10,10,17,55,640,483.0,"9, LARRAMENDY PIERRE (AV",,,Plein jour,En agglomération,Hors intersection,Normale,Deux véhicules - côté,,,,,,,,,,,1,2,1,1,3
200500067383,0005-10-07 05:35:00,5,10,7,5,35,640,545.0,NATIONALE 10,,,Nuit sans éclairage public,Hors agglomération,Hors intersection,Normale,Autre collision,,,,,,,,,,,3,1,1,1,6
200500067384,0005-10-15 02:45:00,5,10,15,2,45,640,130.0,"1, FORET (CHEMIN DE LA)",,,Nuit sans éclairage public,Hors agglomération,Hors intersection,Normale,Sans collision,,,,,,,,,,,3,1,1,1,7
200500067385,0005-10-27 12:25:00,5,10,27,12,25,640,249.0,"518, GETARIA(AVENUE)",,,Plein jour,En agglomération,Hors intersection,Normale,Deux véhicules - côté,,,,,,,,,,,1,2,1,1,3
200500067386,0005-10-17 14:00:00,5,10,17,14,0,650,286.0,"1, LAURENCE (PLACE MONSE",,,Plein jour,En agglomération,Hors intersection,Normale,Autre collision,,,,,,,,,,,1,2,1,1,6
200500067387,0005-10-05 12:00:00,5,10,5,12,0,650,440.0,ROCADE SUD-OUEST,,,Plein jour,En agglomération,Hors intersection,Normale,Deux véhicules - arrière,,,,,,,,,,,1,2,1,1,2
200500067388,0005-10-06 08:35:00,5,10,6,8,35,650,440.0,"., SAINT-EXUPERY (AVENUE",,,Plein jour,En agglomération,Intersection en X,Normale,Autre collision,,,,,,,,,,,1,2,2,1,6
200500067389,0005-10-07 12:35:00,5,10,7,12,35,650,433.0,"., BARBUSSE (AVENUE HENR",,,Plein jour,En agglomération,Intersection en T,Normale,Deux véhicules - côté,,,,,,,,,,,1,2,3,1,3
200500067390,0005-10-10 21:30:00,5,10,10,21,30,650,440.0,ALSACE LORRAINE (AVENUE),,,Nuit avec éclairage allumé,En agglomération,Hors intersection,Normale,Autre collision,,,,,,,,,,,5,2,1,1,6
200500067391,0005-10-14 10:50:00,5,10,14,10,50,650,440.0,"., PAU (ROUTE DE)",,,Plein jour,En agglomération,Giratoire,Normale,Deux véhicules - arrière,,,,,,,,,,,1,2,6,1,2
200500067392,0005-10-15 16:00:00,5,10,15,16,0,650,417.0,"26, CLEMENCEAU (RUE GEOR",,,Plein jour,En agglomération,Hors intersection,Pluie forte,Sans collision,,,,,,,,,,,1,2,1,3,7
200500067393,0005-10-15 18:25:00,5,10,15,18,25,650,417.0,"29, MITTERRAND (AVENUE F",,,Plein jour,En agglomération,Intersection en T,Temps couvert,Deux véhicules - frontale,,,,,,,,,,,1,2,3,8,1
200500067394,0005-10-16 09:40:00,5,10,16,9,40,650,440.0,"., HOPITAL (ROND POINT D",,,Plein jour,En agglomération,Giratoire,Normale,Deux véhicules - arrière,,,,,,,,,,,1,2,6,1,2
200500067395,0005-10-16 18:45:00,5,10,16,18,45,650,440.0,"., PROVIDENCE (RUE DE LA",,,Plein jour,En agglomération,Intersection en X,Normale,Autre collision,,,,,,,,,,,1,2,2,1,6
200500067396,0005-10-16 20:40:00,5,10,16,20,40,650,440.0,"., LASSALLE (RUE GEORGES",,,Nuit avec éclairage allumé,En agglomération,Intersection en X,Normale,Deux véhicules - côté,,,,,,,,,,,5,2,2,1,3
200500067397,0005-10-16 22:50:00,5,10,16,22,50,650,440.0,MAQUIS DE PAYOLLE (RUE D,,,Nuit avec éclairage allumé,En agglomération,Intersection en T,Normale,Deux véhicules - arrière,,,,,,,,,,,5,2,3,1,2
200500067398,0005-10-17 18:20:00,5,10,17,18,20,650,440.0,MARQUES (RUE FRANCOIS),,,Plein jour,En agglomération,Intersection en T,Normale,Deux véhicules - côté,,,,,,,,,,,1,2,3,1,3
200500067399,0005-10-19 10:25:00,5,10,19,10,25,650,440.0,"., MONTEIL (RUE)",,,Plein jour,En agglomération,Intersection en T,Normale,Deux véhicules - côté,,,,,,,,,,,1,2,3,1,3
200500067400,0005-10-20 15:20:00,5,10,20,15,20,650,331.0,"., JUILLAN (ROUTE DE)",,,Plein jour,Hors agglomération,Hors intersection,Normale,Autre collision,,,,,,,,,,,1,1,1,1,6
200500067401,0005-10-20 19:05:00,5,10,20,19,5,650,440.0,"6, LATTRE DE TASSIGNY(BO",,,Plein jour,En agglomération,Hors intersection,Normale,Autre collision,,,,,,,,,,,1,2,1,1,6
200500067402,0005-10-21 16:15:00,5,10,21,16,15,650,440.0,"1, LIBERTE (PLACE DE LA)",,,Plein jour,En agglomération,Intersection en Y,Normale,Deux véhicules - côté,,,,,,,,,,,1,2,4,1,3
200500067403,0005-10-22 21:00:00,5,10,22,21,0,650,440.0,"., FOURCADE (RUE ANDRE)",,,Nuit avec éclairage allumé,En agglomération,Intersection en T,Normale,Autre collision,,,,,,,,,,,5,2,3,1,6
200500067404,0005-10-26 13:20:00,5,10,26,13,20,650,440.0,"., ARDENNES (BOULEVARD D",,,Plein jour,En agglomération,Autre intersection,Normale,Deux véhicules - côté,,,,,,,,,,,1,2,9,1,3
200500067405,0005-10-27 18:30:00,5,10,27,18,30,650,417.0,"., SPORTS (AVENUE DES)",,,Plein jour,En agglomération,Intersection en X,Normale,Deux véhicules - côté,,,,,,,,,,,1,2,2,1,3
200500067406,0005-10-10 18:30:00,5,10,10,18,30,660,136.0,"5, COURBET (GUSTAVE)",,,Plein jour,En agglomération,Intersection en X,Normale,Autre collision,,,,,,,,,,,1,2,2,1,6
200500067407,0005-10-12 08:30:00,5,10,12,8,30,660,136.0,"131, JOFFRE (AVENUE DU M",,,Plein jour,En agglomération,Hors intersection,Normale,Autre collision,,,,,,,,,,,1,2,1,1,6
200500067408,0005-10-15 17:10:00,5,10,15,17,10,660,136.0,"12, BROUSSAIS FRANCOIS",,,Plein jour,En agglomération,Hors intersection,Normale,Autre collision,,,,,,,,,,,1,2,1,1,6
200500067409,0005-10-21 20:00:00,5,10,21,20,0,660,136.0,ROUTE NATIONALE 9,,,Nuit sans éclairage public,Hors agglomération,Hors intersection,Normale,Trois véhicules et plus - collisions multiples,,,,,,,,,,,3,1,1,1,5
200500067410,0005-10-26 03:45:00,5,10,26,3,45,660,136.0,CANET DE,,,Nuit sans éclairage public,Hors agglomération,Hors intersection,Normale,Deux véhicules - côté,,,,,,,,,,,3,1,1,1,3
200500067411,0005-10-24 10:17:00,5,10,24,10,17,660,136.0,"3, POINCARE (BOULEVARD H",,,Plein jour,En agglomération,Intersection en X,Normale,Autre collision,,,,,,,,,,,1,2,2,1,6
200500067412,0005-10-01 13:15:00,5,10,1,13,15,670,180.0,WOERTH (ROUTE DE),,,Plein jour,Hors agglomération,Hors intersection,Pluie forte,Deux véhicules - frontale,,,,,,,,,,,1,1,1,3,1
200500067413,0005-10-06 10:00:00,5,10,6,10,0,670,180.0,"1, ARMAND FARKAL (RUE)",,,Plein jour,En agglomération,Intersection en X,Normale,Deux véhicules - côté,,,,,,,,,,,1,2,2,1,3
200500067414,0005-10-07 16:20:00,5,10,7,16,20,670,180.0,"77, WEITBRUCH (ROUTE DE)",,,Plein jour,En agglomération,Hors intersection,Normale,Autre collision,,,,,,,,,,,1,2,1,1,6
200500067415,0005-10-11 06:55:00,5,10,11,6,55,670,180.0,WOERTH (ROUTE DE),,,Nuit sans éclairage public,Hors agglomération,Hors intersection,Brouillard / fumée,Deux véhicules - frontale,,,,,,,,,,,3,1,1,5,1
200500067416,0005-10-21 18:40:00,5,10,21,18,40,670,180.0,RHIN (ROUTE DU),,,Nuit sans éclairage public,Hors agglomération,Intersection en X,Pluie légère,Deux véhicules - côté,,,,,,,,,,,3,1,2,2,3
200500067417,0005-10-28 11:10:00,5,10,28,11,10,670,462.0,RD 424,,,Plein jour,Hors agglomération,Hors intersection,Normale,Trois véhicules et plus - en chaîne,,,,,,,,,,,1,1,1,1,4
200500067418,0005-10-27 22:55:00,5,10,27,22,55,670,462.0,THIERS (BOULEVARD),,,Nuit avec éclairage allumé,En agglomération,Giratoire,Normale,Sans collision,,,,,,,,,,,5,2,6,1,7
200500067419,0005-10-01 19:40:00,5,10,1,19,40,670,482.0,"00, JACQUES STURM (QUAI)",,,Nuit avec éclairage allumé,En agglomération,Intersection en X,Normale,Deux véhicules - côté,,,,,,,,,,,5,2,2,1,3
200500067420,0005-10-01 22:00:00,5,10,1,22,0,670,482.0,"41, FINKWILLER (RUE)",,,Nuit avec éclairage allumé,En agglomération,Intersection en T,Pluie légère,Autre collision,,,,,,,,,,,5,2,3,2,6
200500067421,0005-10-03 07:55:00,5,10,3,7,55,670,482.0,"000, EUROPE (AVENUE DE L",,,Crépuscule ou aube,En agglomération,Hors intersection,Pluie légère,Trois véhicules et plus - collisions multiples,,,,,,,,,,,2,2,1,2,5
200500067422,0005-10-03 11:40:00,5,10,3,11,40,670,267.0,"000, MARECHAL FOCH (RUE",,,Plein jour,En agglomération,Giratoire,Pluie légère,Deux véhicules - frontale,,,,,,,,,,,1,2,6,2,1
200500067423,0005-10-03 13:00:00,5,10,3,13,0,670,482.0,"10, ZURICH (RUE DE)",,,Plein jour,En agglomération,Intersection en T,Pluie légère,Autre collision,,,,,,,,,,,1,2,3,2,6
200500067424,0005-10-04 00:30:00,5,10,4,0,30,670,482.0,"139, COLMAR (AVENUE DE)",,,Nuit avec éclairage allumé,En agglomération,Hors intersection,Normale,Autre collision,,,,,,,,,,,5,2,1,1,6
200500067425,0005-10-04 11:10:00,5,10,4,11,10,670,482.0,"90, FORET NOIRE (AVENUE",,,Plein jour,En agglomération,Intersection en X,Normale,Autre collision,,,,,,,,,,,1,2,2,1,6
200500067426,0005-10-04 17:30:00,5,10,4,17,30,670,482.0,"00, CORBEAU (PLACE DU)",,,Plein jour,En agglomération,Intersection en X,Normale,Autre collision,,,,,,,,,,,1,2,2,1,6
200500067427,0005-10-05 17:20:00,5,10,5,17,20,670,365.0,"000, 23 NOVEMBRE (RUE DU",,,Plein jour,Hors agglomération,Hors intersection,Normale,Trois véhicules et plus - en chaîne,,,,,,,,,,,1,1,1,1,4
200500067428,0005-10-05 21:55:00,5,10,5,21,55,670,43.0,"48, BISCHWILLER (ROUTE D",,,Nuit avec éclairage allumé,En agglomération,Intersection en T,Normale,Autre collision,,,,,,,,,,,5,2,3,1,6
200500067429,0005-10-07 08:15:00,5,10,7,8,15,670,482.0,"0, FUSTEL DE COULANGES (",,,Plein jour,En agglomération,Intersection en X,Temps couvert,Deux véhicules - côté,,,,,,,,,,,1,2,2,8,3
200500067430,0005-10-07 11:15:00,5,10,7,11,15,670,482.0,"0, RIETH (RUE DU)",,,Plein jour,En agglomération,Hors intersection,Temps couvert,Deux véhicules - arrière,,,,,,,,,,,1,2,1,8,2
200500067431,0005-10-07 19:55:00,5,10,7,19,55,670,482.0,"0, ILE JARS (RUE DE L )",,,Nuit avec éclairage allumé,En agglomération,Intersection en X,Normale,Deux véhicules - côté,,,,,,,,,,,5,2,2,1,3
200500067432,0005-10-07 20:00:00,5,10,7,20,0,670,447.0,"00, GENERAL DE GAULLE (R",,,Nuit avec éclairage allumé,En agglomération,Intersection en X,Normale,Deux véhicules - côté,,,,,,,,,,,5,2,2,1,3
200500067433,0005-10-08 22:15:00,5,10,8,22,15,670,447.0,GENERAL DE GAULLE (ROUTE,,,Nuit avec éclairage allumé,En agglomération,Intersection en X,Normale,Autre collision,,,,,,,,,,,5,2,2,1,6
200500067434,0005-10-11 11:25:00,5,10,11,11,25,670,204.0,"00, CHAMPIGNONS (RUE DES",,,Plein jour,En agglomération,Intersection en T,Normale,Deux véhicules - côté,,,,,,,,,,,1,2,3,1,3
200500067435,0005-10-11 16:00:00,5,10,11,16,0,670,482.0,"00, BONNES GENS (RUE DES",,,Plein jour,En agglomération,Intersection en X,Normale,Deux véhicules - côté,,,,,,,,,,,1,2,2,1,3
200500067436,0005-10-11 18:22:00,5,10,11,18,22,670,267.0,"00, MOLKENBRONN (RUE DU)",,,Crépuscule ou aube,En agglomération,Intersection en T,Normale,Autre collision,,,,,,,,,,,2,2,3,1,6
200500067437,0005-10-11 20:00:00,5,10,11,20,0,670,482.0,CANARDIERE (RUE DE LA),,,Nuit avec éclairage non allumé,En agglomération,Intersection en X,Normale,Deux véhicules - côté,,,,,,,,,,,4,2,2,1,3
200500067438,0005-10-12 06:45:00,5,10,12,6,45,670,482.0,"9, LYON (BOULEVARD DE)",,,Nuit avec éclairage allumé,En agglomération,Hors intersection,Normale,Deux véhicules - arrière,,,,,,,,,,,5,2,1,1,2
200500067439,0005-10-12 08:45:00,5,10,12,8,45,670,482.0,"9, HALDENBOURG (PLACE DE",,,Plein jour,En agglomération,Intersection en T,Brouillard / fumée,Autre collision,,,,,,,,,,,1,2,3,5,6
200500067440,0005-10-12 21:00:00,5,10,12,21,0,670,267.0,"00, HOLTZHEIM (RUE DE)",,,Nuit sans éclairage public,En agglomération,Hors intersection,Normale,Sans collision,,,,,,,,,,,3,2,1,1,7
200500067441,0005-10-13 09:50:00,5,10,13,9,50,670,447.0,"0000, MARAIS (RUE DU)",,,Plein jour,En agglomération,Intersection en X,Normale,Deux véhicules - arrière,,,,,,,,,,,1,2,2,1,2
200500067442,0005-10-13 08:10:00,5,10,13,8,10,670,482.0,"13, OSTWALD (RUE D )",,,Plein jour,En agglomération,Hors intersection,Brouillard / fumée,Autre collision,,,,,,,,,,,1,2,1,5,6
200500067443,0005-10-14 14:55:00,5,10,14,14,55,670,482.0,"00, HAGUENAU (PLACE DE)",,,Plein jour,En agglomération,Intersection en T,Normale,Deux véhicules - côté,,,,,,,,,,,1,2,3,1,3
200500067444,0005-10-14 16:20:00,5,10,14,16,20,670,482.0,"9, FINKWILLER (QUAI)",,,Plein jour,En agglomération,Hors intersection,Normale,Autre collision,,,,,,,,,,,1,2,1,1,6
200500067445,0005-10-14 20:00:00,5,10,14,20,0,670,482.0,"86, FORET NOIRE (AVENUE",,,Nuit avec éclairage allumé,En agglomération,Intersection en X,Normale,Autre collision,,,,,,,,,,,5,2,2,1,6