accident_id,datetime,annee,mois,jour,heure,minute,departement,commune_insee,adresse,latitude,longitude,luminosite,agglomeration,intersection,meteo,collision,nb_vehicules,nb_usagers,nb_indemnes,nb_tues,nb_blesses_hosp,nb_blesses_legers,age_cond_1,age_cond_2,veh_type_cond_1,veh_type_cond_2,lum_code,agg_code,int_code,atm_code,col_code
200500067446,0005-10-15 18:50:00,5,10,15,18,50,670,482.0,KOENIGSHOFFEN (RUE DE),,,Nuit avec éclairage allumé,En agglomération,Hors intersection,Normale,Deux véhicules - côté,,,,,,,,,,,5,2,1,1,3
200500067447,0005-10-15 20:35:00,5,10,15,20,35,670,482.0,"219, COLMAR (AVENUE DE)",,,Nuit avec éclairage allumé,En agglomération,Hors intersection,Normale,Deux véhicules - arrière,,,,,,,,,,,5,2,1,1,2
200500067448,0005-10-16 07:05:00,5,10,16,7,5,670,482.0,RHIN (ROUTE DU),,,Nuit avec éclairage allumé,En agglomération,Intersection en X,Brouillard / fumée,Deux véhicules - côté,,,,,,,,,,,5,2,2,5,3
200500067449,0005-10-16 15:55:00,5,10,16,15,55,670,482.0,"0000, KOENIGSHOFFEN (RUE",,,Plein jour,En agglomération,Hors intersection,Normale,Trois véhicules et plus - en chaîne,,,,,,,,,,,1,2,1,1,4
200500067450,0005-10-17 10:30:00,5,10,17,10,30,670,482.0,"233, MITTELHAUSBERGEN (R",,,Plein jour,En agglomération,Hors intersection,Normale,Deux véhicules - côté,,,,,,,,,,,1,2,1,1,3
200500067451,0005-10-17 16:10:00,5,10,17,16,10,670,482.0,"000, SCHNOKELOCH (RUE DU",,,Plein jour,En agglomération,Intersection en T,Normale,Deux véhicules - côté,,,,,,,,,,,1,2,3,1,3
200500067452,0005-10-18 20:30:00,5,10,18,20,30,670,482.0,"00, SCHULMEISTER (RUE)",,,Nuit avec éclairage allumé,En agglomération,Intersection en X,Normale,Deux véhicules - côté,,,,,,,,,,,5,2,2,1,3
200500067453,0005-10-18 08:25:00,5,10,18,8,25,670,447.0,"0, CIMETIERE (PASSAGE DU",,,Plein jour,En agglomération,Hors intersection,Normale,Autre collision,,,,,,,,,,,1,2,1,1,6
200500067454,0005-10-18 10:55:00,5,10,18,10,55,670,482.0,"20, MONTAGNE VERTE (RUE",,,Plein jour,En agglomération,Hors intersection,Normale,Autre collision,,,,,,,,,,,1,2,1,1,6
200500067455,0005-10-18 14:00:00,5,10,18,14,0,670,482.0,"00, FRERES MATTHIS (RUE",,,Plein jour,Hors agglomération,Hors intersection,Normale,Autre collision,,,,,,,,,,,1,1,1,1,6
200500067456,0005-10-18 16:12:00,5,10,18,16,12,670,482.0,"13, ABREUVOIR (RUE DE L",,,Plein jour,En agglomération,Hors intersection,Normale,Autre collision,,,,,,,,,,,1,2,1,1,6
200500067457,0005-10-18 17:30:00,5,10,18,17,30,670,267.0,MARECHAL FOCH (RUE DU),,,Plein jour,En agglomération,Hors intersection,Normale,Deux véhicules - arrière,,,,,,,,,,,1,2,1,1,2
200500067458,0005-10-18 17:10:00,5,10,18,17,10,670,482.0,"00, PRINTEMPS (ALLEE DU)",,,Plein jour,En agglomération,Intersection en T,Normale,Deux véhicules - côté,,,,,,,,,,,1,2,3,1,3
200500067459,0005-10-19 13:40:00,5,10,19,13,40,670,482.0,"0, RACINE (AVENUE)",,,Plein jour,En agglomération,Intersection en X,Pluie légère,Deux véhicules - côté,,,,,,,,,,,1,2,2,2,3
200500067460,0005-10-19 15:00:00,5,10,19,15,0,670,482.0,"153, GANZAU (RUE DE LA)",,,Plein jour,En agglomération,Hors intersection,Pluie légère,Autre collision,,,,,,,,,,,1,2,1,2,6
200500067461,0005-10-19 17:10:00,5,10,19,17,10,670,218.0,ALFRED KASTLER (ROUTE),,,Plein jour,En agglomération,Hors intersection,Normale,Deux véhicules - côté,,,,,,,,,,,1,2,1,1,3
200500067462,0005-10-19 18:00:00,5,10,19,18,0,670,482.0,"0, SAINT JEAN (QUAI)",,,Crépuscule ou aube,En agglomération,Intersection à plus de 4 branches,Normale,Deux véhicules - côté,,,,,,,,,,,2,2,5,1,3
200500067463,0005-10-19 18:45:00,5,10,19,18,45,670,482.0,MONTAGNE VERTE (RUE DE L,,,Plein jour,En agglomération,Hors intersection,Pluie légère,Deux véhicules - arrière,,,,,,,,,,,1,2,1,2,2
200500067464,0005-10-20 17:30:00,5,10,20,17,30,670,482.0,"00, VAUBAN (RUE)",,,Plein jour,En agglomération,Hors intersection,Normale,Autre collision,,,,,,,,,,,1,2,1,1,6
200500067465,0005-10-20 17:31:00,5,10,20,17,31,670,482.0,"00, LOUVAIN (RUE DE)",,,Plein jour,En agglomération,Intersection en X,Normale,Deux véhicules - côté,,,,,,,,,,,1,2,2,1,3
200500067466,0005-10-20 17:45:00,5,10,20,17,45,670,482.0,"00, BALZAC (BOULEVARD)",,,Crépuscule ou aube,En agglomération,Hors intersection,Normale,Autre collision,,,,,,,,,,,2,2,1,1,6
200500067467,0005-10-21 18:00:00,5,10,21,18,0,670,482.0,"000, OBERHAUSBERGEN (ROU",,,Crépuscule ou aube,En agglomération,Intersection en X,Normale,Deux véhicules - côté,,,,,,,,,,,2,2,2,1,3
200500067468,0005-10-22 16:00:00,5,10,22,16,0,670,482.0,"00, RHIN (ROUTE DU)",,,Plein jour,En agglomération,Hors intersection,Pluie légère,Deux véhicules - arrière,,,,,,,,,,,1,2,1,2,2
200500067469,0005-10-24 10:30:00,5,10,24,10,30,670,482.0,"00, VIENNE (ROUTE DE)",,,Plein jour,En agglomération,Intersection en X,Normale,Deux véhicules - côté,,,,,,,,,,,1,2,2,1,3
200500067470,0005-10-24 14:55:00,5,10,24,14,55,670,482.0,"12, HALLES (PLACE DES)",,,Plein jour,En agglomération,Hors intersection,Normale,Deux véhicules - côté,,,,,,,,,,,1,2,1,1,3
200500067471,0005-10-25 07:55:00,5,10,25,7,55,670,482.0,"2, ANKARA (RUE D )",,,Crépuscule ou aube,En agglomération,Intersection en X,Normale,Deux véhicules - côté,,,,,,,,,,,2,2,2,1,3
200500067472,0005-10-25 20:49:00,5,10,25,20,49,670,482.0,"00, MONTAGNE VERTE (RUE",,,Nuit avec éclairage allumé,En agglomération,Hors intersection,Pluie légère,Deux véhicules - côté,,,,,,,,,,,5,2,1,2,3
200500067473,0005-10-26 00:45:00,5,10,26,0,45,670,482.0,"1, JACQUES PREISS (BOULE",,,Nuit avec éclairage allumé,En agglomération,Hors intersection,Normale,Deux véhicules - côté,,,,,,,,,,,5,2,1,1,3
200500067474,0005-10-26 15:55:00,5,10,26,15,55,670,482.0,"00, LAZARET (RUE DU)",,,Plein jour,En agglomération,Intersection en X,Normale,Deux véhicules - arrière,,,,,,,,,,,1,2,2,1,2
200500067475,0005-10-27 09:30:00,5,10,27,9,30,670,482.0,"0, SCHIRMECK (ROUTE DE)",,,Plein jour,En agglomération,Intersection en T,Normale,Deux véhicules - côté,,,,,,,,,,,1,2,3,1,3
200500067476,0005-10-27 14:55:00,5,10,27,14,55,670,482.0,"0, COLMAR (AVENUE DE)",,,Plein jour,En agglomération,Intersection en T,Normale,Trois véhicules et plus - collisions multiples,,,,,,,,,,,1,2,3,1,5
200500067477,0005-10-27 16:30:00,5,10,27,16,30,670,482.0,"46, SAINT FIACRE (RUE)",,,Plein jour,En agglomération,Hors intersection,Normale,Deux véhicules - côté,,,,,,,,,,,1,2,1,1,3
200500067478,0005-10-27 18:20:00,5,10,27,18,20,670,482.0,"5, ROMAINS (ROUTE DES)",,,Plein jour,En agglomération,Hors intersection,Normale,Deux véhicules - côté,,,,,,,,,,,1,2,1,1,3
200500067479,0005-10-28 03:55:00,5,10,28,3,55,670,447.0,SAINT JUNIEN (RUE DE),,,Nuit avec éclairage allumé,En agglomération,Intersection en T,Normale,Autre collision,,,,,,,,,,,5,2,3,1,6
200500067480,0005-10-28 13:30:00,5,10,28,13,30,670,482.0,"8, PRESIDENT WILSON (BOU",,,Plein jour,En agglomération,Hors intersection,Normale,Autre collision,,,,,,,,,,,1,2,1,1,6
200500067481,0005-10-28 14:45:00,5,10,28,14,45,670,482.0,COMTES (RUE DES),,,Plein jour,En agglomération,Giratoire,Normale,Autre collision,,,,,,,,,,,1,2,6,1,6
200500067482,0005-10-29 19:50:00,5,10,29,19,50,670,482.0,"0, HERRENSCHMIDT (AVENUE",,,Nuit avec éclairage allumé,En agglomération,Intersection en X,Normale,Deux véhicules - côté,,,,,,,,,,,5,2,2,1,3
200500067483,0005-10-30 02:30:00,5,10,30,2,30,670,482.0,SCHIRMECK (ROUTE DE),,,Nuit avec éclairage allumé,En agglomération,Intersection en X,Normale,Deux véhicules - côté,,,,,,,,,,,5,2,2,1,3
200500067484,0005-10-08 00:10:00,5,10,8,0,10,680,66.0,SCHWENDI (RUE),,,Nuit avec éclairage allumé,En agglomération,Hors intersection,Normale,Sans collision,,,,,,,,,,,5,2,1,1,7
200500067485,0005-10-12 18:45:00,5,10,12,18,45,680,66.0,"1, BELFORT (RUE DE)",,,Crépuscule ou aube,En agglomération,Intersection en X,Normale,Deux véhicules - côté,,,,,,,,,,,2,2,2,1,3
200500067486,0005-10-13 08:40:00,5,10,13,8,40,680,66.0,LORRAINE (AVENUE DE),,,Plein jour,En agglomération,Intersection en T,Normale,Deux véhicules - arrière,,,,,,,,,,,1,2,3,1,2
200500067487,0005-10-07 17:00:00,5,10,7,17,0,680,66.0,"107, DE GAULLE (AVENUE D",,,Plein jour,En agglomération,Hors intersection,Normale,Autre collision,,,,,,,,,,,1,2,1,1,6
200500067488,0005-10-14 12:20:00,5,10,14,12,20,680,66.0,GOLBERY (RUE),,,Plein jour,En agglomération,Intersection en X,Normale,Deux véhicules - côté,,,,,,,,,,,1,2,2,1,3
200500067489,0005-10-18 07:50:00,5,10,18,7,50,680,66.0,"25A, INGERSHEIM (ROUTE D",,,Plein jour,En agglomération,Hors intersection,Normale,Deux véhicules - côté,,,,,,,,,,,1,2,1,1,3
200500067490,0005-10-19 11:25:00,5,10,19,11,25,680,66.0,"71, LADHOF (RUE DU)",,,Plein jour,En agglomération,Hors intersection,Pluie légère,Deux véhicules - côté,,,,,,,,,,,1,2,1,2,3
200500067491,0005-10-18 10:30:00,5,10,18,10,30,680,66.0,EUROPE (AVENUE DE L'),,,Plein jour,En agglomération,Hors intersection,Normale,Autre collision,,,,,,,,,,,1,2,1,1,6
200500067492,0005-10-18 11:00:00,5,10,18,11,0,680,66.0,"1, SCHUMANN (RUE)",,,Plein jour,En agglomération,Intersection en X,Normale,Deux véhicules - côté,,,,,,,,,,,1,2,2,1,3
200500067493,0005-10-26 21:05:00,5,10,26,21,5,680,66.0,WILHELM (RUE HENRY),,,Nuit avec éclairage allumé,En agglomération,Hors intersection,Normale,Deux véhicules - frontale,,,,,,,,,,,5,2,1,1,1
200500067494,0005-10-08 15:15:00,5,10,8,15,15,680,224.0,"46, BROSSOLETTE (RUE PIE",,,Plein jour,En agglomération,Intersection en T,Normale,Autre collision,,,,,,,,,,,1,2,3,1,6
200500067495,0005-10-08 17:23:00,5,10,8,17,23,680,224.0,"149, NATIONS (BOULEVARD",,,Plein jour,En agglomération,Intersection en T,Temps éblouissant,Deux véhicules - côté,,,,,,,,,,,1,2,3,7,3
200500067496,0005-10-10 17:15:00,5,10,10,17,15,680,224.0,"42, PASSERELLE (RUE DE L",,,Plein jour,En agglomération,Intersection en T,Normale,Deux véhicules - côté,,,,,,,,,,,1,2,3,1,3
200500067497,0005-10-13 14:10:00,5,10,13,14,10,680,224.0,"115, ROMAINS (RUE DES)",,,Plein jour,En agglomération,Hors intersection,Normale,Deux véhicules - côté,,,,,,,,,,,1,2,1,1,3
200500067498,0005-10-02 20:05:00,5,10,2,20,5,680,224.0,LEFEBVRE (RUE),,,Nuit avec éclairage allumé,En agglomération,Intersection en X,Pluie légère,Deux véhicules - côté,,,,,,,,,,,5,2,2,2,3
200500067499,0005-10-13 19:00:00,5,10,13,19,0,680,224.0,"2, MOLIERE (RUE)",,,Crépuscule ou aube,En agglomération,Hors intersection,Normale,Deux véhicules - côté,,,,,,,,,,,2,2,1,1,3
200500067500,0005-10-07 17:55:00,5,10,7,17,55,680,224.0,"38, ALTKIRCH (AVENUE D')",,,Plein jour,En agglomération,Hors intersection,Normale,Autre collision,,,,,,,,,,,1,2,1,1,6
200500067501,0005-10-15 13:40:00,5,10,15,13,40,680,224.0,"75, COMETE (RUE DE LA)",,,Plein jour,En agglomération,Hors intersection,Normale,Autre collision,,,,,,,,,,,1,2,1,1,6
200500067502,0005-10-10 16:15:00,5,10,10,16,15,680,224.0,"68, KINGERSHEIM (RUE DE)",,,Plein jour,En agglomération,Hors intersection,Normale,Trois véhicules et plus - en chaîne,,,,,,,,,,,1,2,1,1,4
200500067503,0005-10-10 13:00:00,5,10,10,13,0,680,224.0,"168, COLMAR (AVENUE DE)",,,Plein jour,En agglomération,Intersection en T,Normale,Deux véhicules - côté,,,,,,,,,,,1,2,3,1,3
200500067504,0005-10-13 17:55:00,5,10,13,17,55,680,224.0,BRIAND (AVENUE ARISTIDE),,,Plein jour,En agglomération,Intersection en X,Normale,Trois véhicules et plus - en chaîne,,,,,,,,,,,1,2,2,1,4
200500067505,0005-10-18 18:50:00,5,10,18,18,50,680,224.0,METZ (RUE DE),,,Plein jour,En agglomération,Autre intersection,Normale,Autre collision,,,,,,,,,,,1,2,9,1,6
200500067506,0005-10-19 17:35:00,5,10,19,17,35,680,224.0,"188, ALTKIRCH (AVENUE D'",,,Plein jour,En agglomération,Hors intersection,Normale,Deux véhicules - côté,,,,,,,,,,,1,2,1,1,3
200500067507,0005-10-15 00:10:00,5,10,15,0,10,680,224.0,"196, HOFER (RUE JOSUE)",,,Nuit avec éclairage allumé,En agglomération,Intersection en T,Normale,Deux véhicules - côté,,,,,,,,,,,5,2,3,1,3
200500067508,0005-10-20 22:00:00,5,10,20,22,0,680,56.0,"127, ALTKIRCH (AVENUE D'",,,Nuit avec éclairage allumé,En agglomération,Hors intersection,Normale,Sans collision,,,,,,,,,,,5,2,1,1,7
200500067509,0005-10-15 10:00:00,5,10,15,10,0,680,224.0,NATIONS (BOULEVARD DES),,,Plein jour,En agglomération,Hors intersection,Normale,Autre collision,,,,,,,,,,,1,2,1,1,6
200500067510,0005-10-13 17:40:00,5,10,13,17,40,680,224.0,"188, ILE NAPOLEON (RUE D",,,Plein jour,En agglomération,Hors intersection,Normale,Deux véhicules - arrière,,,,,,,,,,,1,2,1,1,2
200500067511,0005-10-26 18:05:00,5,10,26,18,5,680,224.0,RIEDISHEIM (AVENUE DE),,,Crépuscule ou aube,En agglomération,Hors intersection,Normale,Autre collision,,,,,,,,,,,2,2,1,1,6
200500067512,0005-10-29 00:40:00,5,10,29,0,40,680,224.0,"123, ILLZACH (RUE D')",,,Nuit avec éclairage allumé,En agglomération,Hors intersection,Normale,Deux véhicules - arrière,,,,,,,,,,,5,2,1,1,2
200500067513,0005-10-31 12:15:00,5,10,31,12,15,680,224.0,"192, COLMAR (AVENUE DE)",,,Plein jour,En agglomération,Hors intersection,Normale,Autre collision,,,,,,,,,,,1,2,1,1,6
200500067514,0005-10-26 19:05:00,5,10,26,19,5,680,224.0,JUIN (AVENUE ALPHONSE),,,Nuit avec éclairage allumé,En agglomération,Intersection en X,Pluie légère,Deux véhicules - côté,,,,,,,,,,,5,2,2,2,3
200500067515,0005-10-28 10:05:00,5,10,28,10,5,680,224.0,"57, LAVOISIER (RUE)",,,Plein jour,En agglomération,Hors intersection,Normale,Autre collision,,,,,,,,,,,1,2,1,1,6
200500067516,0005-10-16 17:15:00,5,10,16,17,15,680,224.0,"5, PORTE DU MIROIR",,,Plein jour,En agglomération,Hors intersection,Normale,Autre collision,,,,,,,,,,,1,2,1,1,6
200500067517,0005-10-17 20:27:00,5,10,17,20,27,680,271.0,"40, DOLLFUS (AVENUE GUST",,,Nuit avec éclairage allumé,En agglomération,Intersection en X,Normale,Deux véhicules - frontale,,,,,,,,,,,5,2,2,1,1
200500067518,0005-10-25 17:30:00,5,10,25,17,30,680,224.0,"50, ZILLISHEIM (RUE DE)",,,Plein jour,En agglomération,Hors intersection,Normale,Deux véhicules - côté,,,,,,,,,,,1,2,1,1,3
200500067519,0005-10-12 10:15:00,5,10,12,10,15,680,297.0,"05, DE GAULLE ( AVE DU G",,,Plein jour,En agglomération,Hors intersection,Normale,Autre collision,,,,,,,,,,,1,2,1,1,6
200500067520,0005-10-15 13:05:00,5,10,15,13,5,680,297.0,DE GAULLE( AVE DU GLE)CR,,,Plein jour,En agglomération,Intersection en T,Normale,Deux véhicules - côté,,,,,,,,,,,1,2,3,1,3
200500067521,0005-10-21 22:10:00,5,10,21,22,10,680,297.0,"123, MULHOUSE ( RUE)CITE",,,Nuit avec éclairage allumé,En agglomération,Intersection en T,Pluie légère,Deux véhicules - côté,,,,,,,,,,,5,2,3,2,3
200500067522,0005-10-24 18:00:00,5,10,24,18,0,680,376.0,"141, SOULTZ(ROUTE DE)",,,Nuit avec éclairage allumé,En agglomération,Intersection en T,Normale,Deux véhicules - côté,,,,,,,,,,,5,2,3,1,3
200500067523,0005-10-29 17:35:00,5,10,29,17,35,680,166.0,"1, FLANDRES (RUE DES)",,,Plein jour,En agglomération,Intersection en X,Temps éblouissant,Deux véhicules - côté,,,,,,,,,,,1,2,2,7,3
200500067524,0005-10-09 15:30:00,5,10,9,15,30,690,29.0,DROITS DE L'HOMME (DES),,,Plein jour,En agglomération,Hors intersection,Normale,Trois véhicules et plus - en chaîne,,,,,,,,,,,1,2,1,1,4
200500067525,0005-10-26 17:30:00,5,10,26,17,30,690,29.0,DROITS DE L'HOMME (DES),,,Plein jour,En agglomération,Giratoire,Normale,Deux véhicules - côté,,,,,,,,,,,1,2,6,1,3
200500067526,0005-10-13 15:35:00,5,10,13,15,35,690,29.0,PIERRE BROSSOLETTE,,,Plein jour,En agglomération,Intersection en T,Normale,Deux véhicules - frontale,,,,,,,,,,,1,2,3,1,1
200500067527,0005-10-29 17:35:00,5,10,29,17,35,690,29.0,8 MAI 1945 (DU),,,Plein jour,En agglomération,Hors intersection,Normale,Deux véhicules - côté,,,,,,,,,,,1,2,1,1,3
200500067528,0005-10-05 05:00:00,5,10,5,5,0,690,34.0,BELLEVUE,,,Nuit avec éclairage allumé,En agglomération,Hors intersection,Normale,Autre collision,,,,,,,,,,,5,2,1,1,6
200500067529,0005-10-04 15:05:00,5,10,4,15,5,690,34.0,JEAN MOULIN,,,Plein jour,En agglomération,Intersection en T,Normale,Autre collision,,,,,,,,,,,1,2,3,1,6
200500067530,0005-10-06 11:00:00,5,10,6,11,0,690,34.0,"92, JEAN MOULIN",,,Plein jour,En agglomération,Hors intersection,Normale,Autre collision,,,,,,,,,,,1,2,1,1,6
200500067531,0005-10-29 10:15:00,5,10,29,10,15,690,34.0,"10, ANDRE LASSAGNE",,,Plein jour,En agglomération,Hors intersection,Normale,Autre collision,,,,,,,,,,,1,2,1,1,6
200500067532,0005-10-28 18:25:00,5,10,28,18,25,690,34.0,CREPIEUX (DE),,,Nuit avec éclairage allumé,En agglomération,Intersection en X,Normale,Deux véhicules - côté,,,,,,,,,,,5,2,2,1,3
200500067533,0005-10-28 19:30:00,5,10,28,19,30,690,34.0,SOLDATS (DES),,,Nuit avec éclairage allumé,En agglomération,Hors intersection,Normale,Autre collision,,,,,,,,,,,5,2,1,1,6
200500067534,0005-10-13 18:34:00,5,10,13,18,34,690,149.0,"34, FERRER",,,Plein jour,En agglomération,Hors intersection,Pluie légère,Autre collision,,,,,,,,,,,1,2,1,2,6
200500067535,0005-10-04 08:35:00,5,10,4,8,35,690,259.0,"56, AMBROISE CROIZAT",,,Plein jour,En agglomération,Hors intersection,Normale,Autre collision,,,,,,,,,,,1,2,1,1,6
200500067536,0005-10-11 09:20:00,5,10,11,9,20,690,199.0,"06, CARNOT",,,Plein jour,En agglomération,Hors intersection,Normale,Deux véhicules - côté,,,,,,,,,,,1,2,1,1,3
200500067537,0005-10-04 15:09:00,5,10,4,15,9,690,259.0,"0, FERNAND PELLOUTIER",,,Plein jour,En agglomération,Intersection en X,Pluie légère,Deux véhicules - côté,,,,,,,,,,,1,2,2,2,3
200500067538,0005-10-11 17:20:00,5,10,11,17,20,690,259.0,"0, IRENE JOLIOT CURIE",,,Plein jour,En agglomération,Autre intersection,Normale,Deux véhicules - côté,,,,,,,,,,,1,2,9,1,3
200500067539,0005-10-09 18:15:00,5,10,9,18,15,690,199.0,"7, ROCHETTE (DE LA)",,,Plein jour,En agglomération,Hors intersection,Temps éblouissant,Autre collision,,,,,,,,,,,1,2,1,7,6
200500067540,0005-10-21 11:40:00,5,10,21,11,40,690,259.0,"0, SAVOIES (DES)",,,Plein jour,En agglomération,Hors intersection,Normale,Autre collision,,,,,,,,,,,1,2,1,1,6
200500067541,0005-10-19 07:55:00,5,10,19,7,55,690,259.0,"0, PAUL LANGEVIN",,,Crépuscule ou aube,En agglomération,Hors intersection,Pluie forte,Autre collision,,,,,,,,,,,2,2,1,3,6
200500067542,0005-10-28 01:24:00,5,10,28,1,24,690,259.0,"0, LUDOVIC BONIN",,,Nuit avec éclairage allumé,En agglomération,Hors intersection,Normale,Autre collision,,,,,,,,,,,5,2,1,1,6
200500067543,0005-10-28 17:18:00,5,10,28,17,18,690,199.0,"0, CHARLES PLASSE",,,Plein jour,En agglomération,Hors intersection,Normale,Autre collision,,,,,,,,,,,1,2,1,1,6
200500067544,0005-10-29 00:01:00,5,10,29,0,1,690,259.0,"0, IRENE JOLIOT CURIE",,,Nuit sans éclairage public,En agglomération,Hors intersection,Normale,Autre collision,,,,,,,,,,,3,2,1,1,6
200500067545,0005-10-02 16:20:00,5,10,2,16,20,690,199.0,,,,Plein jour,En agglomération,Hors intersection,Normale,Deux véhicules - frontale,,,,,,,,,,,1,2,1,1,1
200500067546,0005-10-08 09:25:00,5,10,8,9,25,690,264.0,HERRIOT EDOUARD  AV,,,Plein jour,En agglomération,Hors intersection,Normale,Deux véhicules - arrière,,,,,,,,,,,1,2,1,1,2
200500067547,0005-10-22 19:40:00,5,10,22,19,40,690,264.0,"0, GAMBETTA  BD",,,Nuit avec éclairage allumé,En agglomération,Intersection en X,Normale,Deux véhicules - côté,,,,,,,,,,,5,2,2,1,3
200500067548,0005-10-24 15:35:00,5,10,24,15,35,690,13.0,JOUX (AVENUE DE),,,Plein jour,Hors agglomération,Intersection en T,Normale,Deux véhicules - côté,,,,,,,,,,,1,1,3,1,3
200500067549,0005-10-26 07:45:00,5,10,26,7,45,690,264.0,BELLEVILLE  DE  R,,,Crépuscule ou aube,Hors agglomération,Hors intersection,Normale,Autre collision,,,,,,,,,,,2,1,1,1,6
200500067550,0005-10-29 21:30:00,5,10,29,21,30,690,115.0,HERRIOT (RUE EDOUARD),,,Nuit sans éclairage public,En agglomération,Hors intersection,Normale,Autre collision,,,,,,,,,,,3,2,1,1,6
200500067551,0005-10-30 15:00:00,5,10,30,15,0,690,264.0,LASSALLE  ANTONIN  BD,,,Plein jour,En agglomération,Hors intersection,Normale,Autre collision,,,,,,,,,,,1,2,1,1,6
200500067552,0005-10-31 15:10:00,5,10,31,15,10,690,264.0,EUROPE L'  AV DE,,,Plein jour,En agglomération,Giratoire,Normale,Autre collision,,,,,,,,,,,1,2,6,1,6
200500067553,0005-10-31 16:15:00,5,10,31,16,15,690,264.0,MEUNIER-VIAL FRANCOIS  R,,,Plein jour,En agglomération,Hors intersection,Normale,Autre collision,,,,,,,,,,,1,2,1,1,6
200500067554,0005-10-07 00:30:00,5,10,7,0,30,690,266.0,"17, CRS TOLSTOI",,,Nuit avec éclairage allumé,En agglomération,Intersection en T,Normale,Deux véhicules - côté,,,,,,,,,,,5,2,3,1,3
200500067555,0005-10-14 03:00:00,5,10,14,3,0,690,266.0,"80, RUE DU 4 AOUT 1789",,,Nuit avec éclairage allumé,En agglomération,Hors intersection,Normale,Autre collision,,,,,,,,,,,5,2,1,1,6
200500067556,0005-10-09 12:10:00,5,10,9,12,10,690,266.0,"1, PONT DE CUSSET",,,Plein jour,En agglomération,Hors intersection,Normale,Deux véhicules - côté,,,,,,,,,,,1,2,1,1,3
200500067557,0005-10-06 17:15:00,5,10,6,17,15,690,266.0,"74, PL J GRANDCLEMENT",,,Plein jour,En agglomération,Hors intersection,Normale,Autre collision,,,,,,,,,,,1,2,1,1,6
200500067558,0005-10-10 07:15:00,5,10,10,7,15,690,266.0,RUE L BLUM,,,Crépuscule ou aube,En agglomération,Intersection en T,Normale,Deux véhicules - côté,,,,,,,,,,,2,2,3,1,3
200500067559,0005-10-12 13:35:00,5,10,12,13,35,690,266.0,"1, RUE L BECKER",,,Plein jour,En agglomération,Intersection en X,Normale,Autre collision,,,,,,,,,,,1,2,2,1,6
200500067560,0005-10-11 14:00:00,5,10,11,14,0,690,266.0,"192, RUE L BLUM",,,Plein jour,En agglomération,Hors intersection,Normale,Deux véhicules - arrière,,,,,,,,,,,1,2,1,1,2
200500067561,0005-10-11 11:25:00,5,10,11,11,25,690,266.0,"1, RUE L BLUM",,,Plein jour,En agglomération,Intersection en X,Normale,Deux véhicules - arrière,,,,,,,,,,,1,2,2,1,2
200500067562,0005-10-12 13:55:00,5,10,12,13,55,690,266.0,"90, RUE L BLUM",,,Plein jour,En agglomération,Hors intersection,Normale,Autre collision,,,,,,,,,,,1,2,1,1,6
200500067563,0005-10-14 13:00:00,5,10,14,13,0,690,266.0,"4, RUE D'ALSACE",,,Plein jour,En agglomération,Hors intersection,Normale,Autre collision,,,,,,,,,,,1,2,1,1,6
200500067564,0005-10-12 15:25:00,5,10,12,15,25,690,266.0,"1, RUE DES ALLIES",,,Plein jour,En agglomération,Intersection en X,Normale,Autre collision,,,,,,,,,,,1,2,2,1,6
200500067565,0005-10-02 19:16:00,5,10,2,19,16,690,266.0,"272, CRS E ZOLA",,,Nuit avec éclairage allumé,En agglomération,Intersection en T,Pluie forte,Deux véhicules - arrière,,,,,,,,,,,5,2,3,3,2
200500067566,0005-10-27 13:50:00,5,10,27,13,50,690,266.0,"1, RUE MAGENTA",,,Plein jour,En agglomération,Intersection en X,Normale,Deux véhicules - côté,,,,,,,,,,,1,2,2,1,3
200500067567,0005-10-05 22:50:00,5,10,5,22,50,690,275.0,"45, JEAN JAURES",,,Nuit avec éclairage allumé,En agglomération,Intersection en T,Normale,Autre collision,,,,,,,,,,,5,2,3,1,6
200500067568,0005-10-28 19:00:00,5,10,28,19,0,690,275.0,"., JEAN JAURES",,,Crépuscule ou aube,En agglomération,Intersection en T,Normale,Deux véhicules - frontale,,,,,,,,,,,2,2,3,1,1
200500067569,0005-10-07 17:20:00,5,10,7,17,20,690,282.0,8 MAI 1945 (DU),,,Plein jour,En agglomération,Intersection en T,Normale,Deux véhicules - côté,,,,,,,,,,,1,2,3,1,3
200500067570,0005-10-13 22:30:00,5,10,13,22,30,690,282.0,JEAN JAURES,,,Nuit avec éclairage allumé,En agglomération,Intersection en T,Normale,Deux véhicules - frontale,,,,,,,,,,,5,2,3,1,1
200500067571,0005-10-14 17:20:00,5,10,14,17,20,690,282.0,"., JEAN JAURES",,,Plein jour,En agglomération,Intersection en T,Normale,Deux véhicules - côté,,,,,,,,,,,1,2,3,1,3
200500067572,0005-10-26 20:05:00,5,10,26,20,5,690,282.0,"., JEAN JAURES",,,Nuit sans éclairage public,En agglomération,Intersection en X,Normale,Deux véhicules - côté,,,,,,,,,,,3,2,2,1,3
200500067573,0005-10-27 17:40:00,5,10,27,17,40,690,282.0,"89, JEAN JAURES",,,Plein jour,En agglomération,Hors intersection,Normale,Autre collision,,,,,,,,,,,1,2,1,1,6
200500067574,0005-10-01 15:15:00,5,10,1,15,15,690,290.0,GRENOBLE (DE)  -  RN 6,,,Plein jour,En agglomération,Hors intersection,Pluie forte,Trois véhicules et plus - collisions multiples,,,,,,,,,,,1,2,1,3,5