accident_id,datetime,annee,mois,jour,heure,minute,departement,commune_insee,adresse,latitude,longitude,luminosite,agglomeration,intersection,meteo,collision,nb_vehicules,nb_usagers,nb_indemnes,nb_tues,nb_blesses_hosp,nb_blesses_legers,age_cond_1,age_cond_2,veh_type_cond_1,veh_type_cond_2,lum_code,agg_code,int_code,atm_code,col_code
200500067702,0005-10-15 15:20:00,5,10,15,15,20,750,12.0,83  AV DE SAINT MANDE,,,Plein jour,En agglomération,Hors intersection,Normale,Deux véhicules - arrière,,,,,,,,,,,1,2,1,1,2
200500067703,0005-10-15 18:50:00,5,10,15,18,50,750,18.0,BD BARBES R MYRHA,,,Nuit avec éclairage allumé,En agglomération,Intersection en X,Normale,Autre collision,,,,,,,,,,,5,2,2,1,6
200500067704,0005-10-16 00:20:00,5,10,16,0,20,750,16.0,BPE PASSY AUTEUIL,,,Nuit avec éclairage allumé,En agglomération,Hors intersection,Normale,Autre collision,,,,,,,,,,,5,2,1,1,6
200500067705,0005-10-16 20:15:00,5,10,16,20,15,750,13.0,AV DE CHOISY BD MASSENA,,,Nuit avec éclairage allumé,En agglomération,Intersection en X,Normale,Autre collision,,,,,,,,,,,5,2,2,1,6
200500067706,0005-10-17 10:30:00,5,10,17,10,30,750,1.0,AV OPERA R PETITS CHAMPS,,,Plein jour,En agglomération,Intersection en X,Normale,Deux véhicules - côté,,,,,,,,,,,1,2,2,1,3
200500067707,0005-10-17 18:50:00,5,10,17,18,50,750,6.0,43 BD RASPAIL,,,Plein jour,En agglomération,Hors intersection,Normale,Deux véhicules - côté,,,,,,,,,,,1,2,1,1,3
200500067708,0005-10-18 12:15:00,5,10,18,12,15,750,20.0,36 R D AVRON,,,Plein jour,En agglomération,Hors intersection,Normale,Deux véhicules - côté,,,,,,,,,,,1,2,1,1,3
200500067709,0005-10-18 13:30:00,5,10,18,13,30,750,11.0,118 R DU FG DU TEMPLE,,,Plein jour,En agglomération,Hors intersection,Normale,Deux véhicules - côté,,,,,,,,,,,1,2,1,1,3
200500067710,0005-10-18 16:05:00,5,10,18,16,5,750,17.0,44 AV DE SAINT OUEN,,,Plein jour,En agglomération,Hors intersection,Normale,Autre collision,,,,,,,,,,,1,2,1,1,6
200500067711,0005-10-01 06:00:00,5,10,1,6,0,750,14.0,8 PL DU 25 AOUT 1944,,,Nuit avec éclairage allumé,En agglomération,Hors intersection,Pluie légère,Deux véhicules - arrière,,,,,,,,,,,5,2,1,2,2
200500067712,0005-10-01 12:15:00,5,10,1,12,15,750,16.0,AV PAUL DOUMER R VITAL,,,Plein jour,En agglomération,Intersection en X,Temps couvert,Autre collision,,,,,,,,,,,1,2,2,8,6
200500067713,0005-10-01 16:50:00,5,10,1,16,50,750,17.0,R BOULAY AV DE CLICHY,,,Plein jour,En agglomération,Intersection en T,Normale,Autre collision,,,,,,,,,,,1,2,3,1,6
200500067714,0005-10-01 19:00:00,5,10,1,19,0,750,8.0,R P DES CHAMPS ELYSEES A,,,Nuit avec éclairage allumé,En agglomération,Intersection en X,Temps couvert,Sans collision,,,,,,,,,,,5,2,2,8,7
200500067715,0005-10-01 17:45:00,5,10,1,17,45,750,8.0,R DE MIROMESNIL R DE NAP,,,Plein jour,En agglomération,Intersection en X,Temps couvert,Deux véhicules - côté,,,,,,,,,,,1,2,2,8,3
200500067716,0005-10-21 06:35:00,5,10,21,6,35,750,8.0,L3108 AV CHAMPS ELYSEES,,,Nuit avec éclairage allumé,En agglomération,Hors intersection,Normale,Autre collision,,,,,,,,,,,5,2,1,1,6
200500067717,0005-10-01 13:05:00,5,10,1,13,5,750,13.0,AV D ITALIE  R TOUSSAINT,,,Plein jour,En agglomération,Intersection en T,Normale,Autre collision,,,,,,,,,,,1,2,3,1,6
200500067718,0005-10-01 15:20:00,5,10,1,15,20,750,13.0,AV DES GOBELINS R REINE,,,Plein jour,En agglomération,Intersection en X,Normale,Deux véhicules - côté,,,,,,,,,,,1,2,2,1,3
200500067719,0005-10-01 13:30:00,5,10,1,13,30,750,13.0,6 AV DE CHOISY,,,Plein jour,En agglomération,Hors intersection,Normale,Deux véhicules - arrière,,,,,,,,,,,1,2,1,1,2
200500067720,0005-10-21 11:25:00,5,10,21,11,25,750,7.0,R D ESTREES AV DE VILLAR,,,Plein jour,En agglomération,Intersection en X,Normale,Autre collision,,,,,,,,,,,1,2,2,1,6
200500067721,0005-10-12 17:05:00,5,10,12,17,5,750,4.0,L24  PT NOTRE DAME,,,Plein jour,En agglomération,Hors intersection,Normale,Autre collision,,,,,,,,,,,1,2,1,1,6
200500067722,0005-10-01 14:00:00,5,10,1,14,0,750,10.0,R DU FG DU TEMPLE AV DE,,,Plein jour,En agglomération,Intersection en T,Normale,Sans collision,,,,,,,,,,,1,2,3,1,7
200500067723,0005-10-01 17:13:00,5,10,1,17,13,750,2.0,R MONTMARTRE R REAUMUR,,,Plein jour,En agglomération,Intersection en X,Temps couvert,Autre collision,,,,,,,,,,,1,2,2,8,6
200500067724,0005-10-01 14:40:00,5,10,1,14,40,750,15.0,R CLODION BD DE GRENELLE,,,Plein jour,En agglomération,Intersection en Y,Normale,Deux véhicules - côté,,,,,,,,,,,1,2,4,1,3
200500067725,0005-10-21 19:05:00,5,10,21,19,5,750,3.0,94 BD BEAUMARCHAIS,,,Crépuscule ou aube,En agglomération,Hors intersection,Normale,Autre collision,,,,,,,,,,,2,2,1,1,6
200500067726,0005-10-22 10:10:00,5,10,22,10,10,750,5.0,R MONGE BD ST GERMAIN,,,Plein jour,En agglomération,Intersection en X,Normale,Deux véhicules - côté,,,,,,,,,,,1,2,2,1,3
200500067727,0005-10-23 14:30:00,5,10,23,14,30,750,15.0,R CROIX NIVERT R MADEMOI,,,Plein jour,En agglomération,Intersection en X,Normale,Deux véhicules - côté,,,,,,,,,,,1,2,2,1,3
200500067728,0005-10-23 21:00:00,5,10,23,21,0,750,3.0,2 BD BEAUMARCHAIS,,,Nuit avec éclairage allumé,En agglomération,Hors intersection,Normale,Autre collision,,,,,,,,,,,5,2,1,1,6
200500067729,0005-10-09 19:50:00,5,10,9,19,50,750,8.0,AV CHAMPS ELYSEES R DE T,,,Nuit avec éclairage allumé,En agglomération,Intersection en X,Normale,Deux véhicules - côté,,,,,,,,,,,5,2,2,1,3
200500067730,0005-10-01 23:15:00,5,10,1,23,15,750,4.0,R FERDINAND DUVAL R DU R,,,Nuit avec éclairage allumé,En agglomération,Intersection en X,Normale,Deux véhicules - côté,,,,,,,,,,,5,2,2,1,3
200500067731,0005-10-02 20:39:00,5,10,2,20,39,750,18.0,PL ALBERT KAHN BD ORNANO,,,Nuit avec éclairage allumé,En agglomération,Intersection en X,Normale,Deux véhicules - côté,,,,,,,,,,,5,2,2,1,3
200500067732,0005-10-02 21:35:00,5,10,2,21,35,750,15.0,BD GL MARTIAL VALIN AV P,,,Nuit avec éclairage allumé,En agglomération,Intersection en X,Pluie légère,Deux véhicules - côté,,,,,,,,,,,5,2,2,2,3
200500067733,0005-10-02 13:35:00,5,10,2,13,35,750,8.0,PL DE L ALMA CRS ALBERT,,,Plein jour,En agglomération,Intersection en T,Normale,Autre collision,,,,,,,,,,,1,2,3,1,6
200500067734,0005-10-02 13:30:00,5,10,2,13,30,750,17.0,BD BESSIERES R DR PAUL B,,,Plein jour,En agglomération,Intersection en T,Normale,Deux véhicules - côté,,,,,,,,,,,1,2,3,1,3
200500067735,0005-10-02 19:00:00,5,10,2,19,0,750,17.0,AV DE CLICHY R LECHAPELA,,,Plein jour,En agglomération,Intersection en T,Pluie légère,Autre collision,,,,,,,,,,,1,2,3,2,6
200500067736,0005-10-02 19:40:00,5,10,2,19,40,750,13.0,Q PAN ET LEVASSOR R THOM,,,Nuit avec éclairage allumé,En agglomération,Intersection en T,Pluie légère,Deux véhicules - côté,,,,,,,,,,,5,2,3,2,3
200500067737,0005-10-02 20:45:00,5,10,2,20,45,750,7.0,1 Q BRANLY,,,Nuit avec éclairage allumé,En agglomération,Hors intersection,Normale,Sans collision,,,,,,,,,,,5,2,1,1,7
200500067738,0005-10-02 04:12:00,5,10,2,4,12,750,7.0,PL VAUBAN AV DE VILLARS,,,Nuit avec éclairage allumé,En agglomération,Intersection en T,Pluie légère,Deux véhicules - côté,,,,,,,,,,,5,2,3,2,3
200500067739,0005-10-02 02:50:00,5,10,2,2,50,750,11.0,R CRESPIN DU GAST R OBER,,,Nuit avec éclairage allumé,En agglomération,Intersection en T,Normale,Autre collision,,,,,,,,,,,5,2,3,1,6
200500067740,0005-10-02 14:15:00,5,10,2,14,15,750,11.0,R DE CHARONNE AV LEDRU R,,,Plein jour,En agglomération,Intersection en X,Normale,Autre collision,,,,,,,,,,,1,2,2,1,6
200500067741,0005-10-02 04:05:00,5,10,2,4,5,750,17.0,BD BERTHIER BD MALESHERB,,,Nuit avec éclairage allumé,En agglomération,Intersection en X,Pluie légère,Deux véhicules - arrière,,,,,,,,,,,5,2,2,2,2
200500067742,0005-10-02 15:20:00,5,10,2,15,20,750,6.0,R DU CHERCHE MIDI R DUPI,,,Plein jour,En agglomération,Intersection en T,Normale,Deux véhicules - arrière,,,,,,,,,,,1,2,3,1,2
200500067743,0005-10-03 20:30:00,5,10,3,20,30,750,11.0,14 AV PARMENTIER,,,Nuit avec éclairage allumé,En agglomération,Hors intersection,Normale,Deux véhicules - côté,,,,,,,,,,,5,2,1,1,3
200500067744,0005-10-03 20:30:00,5,10,3,20,30,750,13.0,AV D ITALIE R TAGORE,,,Nuit avec éclairage allumé,En agglomération,Intersection en T,Normale,Deux véhicules - côté,,,,,,,,,,,5,2,3,1,3
200500067745,0005-10-03 18:30:00,5,10,3,18,30,750,13.0,6 R DU MOULINET,,,Plein jour,En agglomération,Hors intersection,Temps couvert,Autre collision,,,,,,,,,,,1,2,1,8,6
200500067746,0005-10-24 16:10:00,5,10,24,16,10,750,14.0,BPE BRANCION VANVES,,,Plein jour,En agglomération,Hors intersection,Normale,Deux véhicules - arrière,,,,,,,,,,,1,2,1,1,2
200500067747,0005-10-24 17:00:00,5,10,24,17,0,750,9.0,52 R DE LA CHAUSSEE D'AN,,,Plein jour,En agglomération,Hors intersection,Normale,Autre collision,,,,,,,,,,,1,2,1,1,6
200500067748,0005-10-25 03:15:00,5,10,25,3,15,750,18.0,BD DE LA CHAPELLE R DE C,,,Nuit avec éclairage allumé,En agglomération,Intersection en Y,Normale,Autre collision,,,,,,,,,,,5,2,4,1,6
200500067749,0005-10-03 15:40:00,5,10,3,15,40,750,1.0,PL DU CARROUSEL Q DES TU,,,Plein jour,En agglomération,Intersection en X,Normale,Deux véhicules - côté,,,,,,,,,,,1,2,2,1,3
200500067750,0005-10-03 19:05:00,5,10,3,19,5,750,6.0,102 R DE RENNES,,,Crépuscule ou aube,En agglomération,Hors intersection,Normale,Deux véhicules - côté,,,,,,,,,,,2,2,1,1,3
200500067751,0005-10-03 12:30:00,5,10,3,12,30,750,7.0,R D ESTREES AV DE VILLAR,,,Plein jour,En agglomération,Intersection en X,Normale,Deux véhicules - côté,,,,,,,,,,,1,2,2,1,3
200500067752,0005-10-03 10:50:00,5,10,3,10,50,750,12.0,R BAULANT R DE CHARENTON,,,Plein jour,En agglomération,Intersection en T,Normale,Deux véhicules - côté,,,,,,,,,,,1,2,3,1,3
200500067753,0005-10-03 09:15:00,5,10,3,9,15,750,13.0,R EUGENE OUDINE R DE PAT,,,Plein jour,En agglomération,Intersection en X,Normale,Autre collision,,,,,,,,,,,1,2,2,1,6
200500067754,0005-10-03 21:15:00,5,10,3,21,15,750,14.0,R CASSINI AV DENF ROCHER,,,Nuit avec éclairage allumé,En agglomération,Intersection en T,Normale,Deux véhicules - côté,,,,,,,,,,,5,2,3,1,3
200500067755,0005-10-03 08:45:00,5,10,3,8,45,750,15.0,R DU DEPART PL DU 18 JUI,,,Plein jour,En agglomération,Intersection en T,Normale,Deux véhicules - côté,,,,,,,,,,,1,2,3,1,3
200500067756,0005-10-03 16:50:00,5,10,3,16,50,750,15.0,96 R SAINT CHARLES,,,Plein jour,En agglomération,Hors intersection,Normale,Autre collision,,,,,,,,,,,1,2,1,1,6
200500067757,0005-10-03 13:05:00,5,10,3,13,5,750,15.0,R PAUL BARRUEL R SAINTE,,,Plein jour,En agglomération,Intersection en X,Normale,Deux véhicules - arrière,,,,,,,,,,,1,2,2,1,2
200500067758,0005-10-03 13:45:00,5,10,3,13,45,750,16.0,ALL DU BORD DE L EAU,,,Plein jour,En agglomération,Hors intersection,Normale,Sans collision,,,,,,,,,,,1,2,1,1,7
200500067759,0005-10-03 11:00:00,5,10,3,11,0,750,16.0,BPI DAUPHINE MAILLOT,,,Plein jour,En agglomération,Hors intersection,Normale,Deux véhicules - côté,,,,,,,,,,,1,2,1,1,3
200500067760,0005-10-03 09:55:00,5,10,3,9,55,750,16.0,BD EMILE AUGIER PL TATTE,,,Plein jour,En agglomération,Intersection en T,Normale,Deux véhicules - côté,,,,,,,,,,,1,2,3,1,3
200500067761,0005-10-03 14:40:00,5,10,3,14,40,750,16.0,CAR DE NORVEGE RTE DE SU,,,Plein jour,En agglomération,Intersection en T,Normale,Autre collision,,,,,,,,,,,1,2,3,1,6
200500067762,0005-10-03 08:10:00,5,10,3,8,10,750,17.0,186 BD MALESHERBES,,,Plein jour,En agglomération,Hors intersection,Normale,Autre collision,,,,,,,,,,,1,2,1,1,6
200500067763,0005-10-03 19:45:00,5,10,3,19,45,750,18.0,R CUSTINE R HERMEL,,,Plein jour,En agglomération,Intersection en T,Normale,Deux véhicules - côté,,,,,,,,,,,1,2,3,1,3
200500067764,0005-10-03 20:00:00,5,10,3,20,0,750,18.0,56 BD NEY,,,Nuit avec éclairage allumé,En agglomération,Hors intersection,Normale,Autre collision,,,,,,,,,,,5,2,1,1,6
200500067765,0005-10-03 08:35:00,5,10,3,8,35,750,18.0,150 R DAMREMONT,,,Plein jour,En agglomération,Hors intersection,Normale,Autre collision,,,,,,,,,,,1,2,1,1,6
200500067766,0005-10-04 22:50:00,5,10,4,22,50,750,18.0,AV PTE CLIGNANCOURT,,,Nuit avec éclairage allumé,En agglomération,Hors intersection,Normale,Deux véhicules - côté,,,,,,,,,,,5,2,1,1,3
200500067767,0005-10-04 20:30:00,5,10,4,20,30,750,15.0,R A CHABRIERES R  CROIX,,,Nuit avec éclairage allumé,En agglomération,Intersection en Y,Normale,Deux véhicules - côté,,,,,,,,,,,5,2,4,1,3
200500067768,0005-10-04 14:40:00,5,10,4,14,40,750,15.0,R DE LA CONVENTION R MAR,,,Plein jour,En agglomération,Intersection en T,Normale,Trois véhicules et plus - en chaîne,,,,,,,,,,,1,2,3,1,4
200500067769,0005-10-04 16:00:00,5,10,4,16,0,750,15.0,12 R GUTENBERG,,,Plein jour,En agglomération,Hors intersection,Normale,Deux véhicules - arrière,,,,,,,,,,,1,2,1,1,2
200500067770,0005-10-04 12:06:00,5,10,4,12,6,750,15.0,AV EMILE ZOLA R DE LOURM,,,Plein jour,En agglomération,Intersection en X,Normale,Deux véhicules - côté,,,,,,,,,,,1,2,2,1,3
200500067771,0005-10-04 19:00:00,5,10,4,19,0,750,14.0,BD JOURDAN PL DU 25 AOUT,,,Nuit avec éclairage allumé,En agglomération,Intersection en X,Temps couvert,Deux véhicules - côté,,,,,,,,,,,5,2,2,8,3
200500067772,0005-10-04 15:40:00,5,10,4,15,40,750,14.0,R MARIE ROSE R SARRETTE,,,Plein jour,En agglomération,Intersection en T,Temps couvert,Autre collision,,,,,,,,,,,1,2,3,8,6
200500067773,0005-10-27 07:40:00,5,10,27,7,40,750,14.0,110 AV DENFERT ROCHEREAU,,,Crépuscule ou aube,En agglomération,Hors intersection,Normale,Autre collision,,,,,,,,,,,2,2,1,1,6
200500067774,0005-10-04 21:00:00,5,10,4,21,0,750,14.0,BPE CHATILLON ORLEANS EC,,,Nuit avec éclairage allumé,En agglomération,Intersection en Y,Normale,Deux véhicules - côté,,,,,,,,,,,5,2,4,1,3
200500067775,0005-10-04 14:35:00,5,10,4,14,35,750,8.0,SOU CONCORDE,,,Nuit avec éclairage allumé,En agglomération,Hors intersection,Temps couvert,Autre collision,,,,,,,,,,,5,2,1,8,6
200500067776,0005-10-04 16:30:00,5,10,4,16,30,750,8.0,05 PL DE L ALMA,,,Plein jour,En agglomération,Hors intersection,Normale,Deux véhicules - côté,,,,,,,,,,,1,2,1,1,3
200500067777,0005-10-04 09:45:00,5,10,4,9,45,750,8.0,156 BD HAUSSMANN,,,Plein jour,En agglomération,Hors intersection,Temps couvert,Deux véhicules - arrière,,,,,,,,,,,1,2,1,8,2
200500067778,0005-10-04 16:15:00,5,10,4,16,15,750,8.0,12 AV DE WAGRAM,,,Plein jour,En agglomération,Hors intersection,Normale,Autre collision,,,,,,,,,,,1,2,1,1,6
200500067779,0005-10-04 19:50:00,5,10,4,19,50,750,4.0,R CLOITRE ST MERRI R DU,,,Nuit avec éclairage allumé,En agglomération,Intersection en T,Normale,Deux véhicules - arrière,,,,,,,,,,,5,2,3,1,2
200500067780,0005-10-04 16:45:00,5,10,4,16,45,750,19.0,79 AV DE FLANDRE,,,Plein jour,En agglomération,Hors intersection,Normale,Autre collision,,,,,,,,,,,1,2,1,1,6
200500067781,0005-10-04 07:25:00,5,10,4,7,25,750,15.0,L3930 Q ANDRE CITROEN,,,Plein jour,En agglomération,Hors intersection,Normale,Sans collision,,,,,,,,,,,1,2,1,1,7
200500067782,0005-10-04 08:25:00,5,10,4,8,25,750,15.0,PL HENRI QUEUILLE BD PAS,,,Plein jour,En agglomération,Intersection en T,Normale,Sans collision,,,,,,,,,,,1,2,3,1,7
200500067783,0005-10-04 13:30:00,5,10,4,13,30,750,17.0,86 BD DE COURCELLES,,,Plein jour,En agglomération,Hors intersection,Normale,Deux véhicules - côté,,,,,,,,,,,1,2,1,1,3
200500067784,0005-10-04 11:55:00,5,10,4,11,55,750,7.0,10 AV FREDERIC LE PLAY,,,Plein jour,En agglomération,Hors intersection,Normale,Autre collision,,,,,,,,,,,1,2,1,1,6
200500067785,0005-10-04 16:35:00,5,10,4,16,35,750,18.0,R DOUDEAUVILLE R STEPHEN,,,Plein jour,En agglomération,Intersection en X,Normale,Deux véhicules - côté,,,,,,,,,,,1,2,2,1,3
200500067786,0005-10-04 21:30:00,5,10,4,21,30,750,1.0,176 R DE RIVOLI,,,Nuit avec éclairage allumé,En agglomération,Hors intersection,Normale,Trois véhicules et plus - en chaîne,,,,,,,,,,,5,2,1,1,4
200500067787,0005-10-07 16:55:00,5,10,7,16,55,750,3.0,R DE SAINTONGE R DE TURE,,,Plein jour,En agglomération,Intersection en X,Normale,Autre collision,,,,,,,,,,,1,2,2,1,6
200500067788,0005-10-27 08:50:00,5,10,27,8,50,750,6.0,4 R DU FOUR,,,Plein jour,En agglomération,Hors intersection,Normale,Deux véhicules - côté,,,,,,,,,,,1,2,1,1,3
200500067789,0005-10-01 00:30:00,5,10,1,0,30,750,16.0,BPE PASSY AUTEUIL,,,Nuit avec éclairage allumé,En agglomération,Hors intersection,Normale,Autre collision,,,,,,,,,,,5,2,1,1,6
200500067790,0005-10-01 22:40:00,5,10,1,22,40,750,20.0,R DES PYRENEES R V DE L,,,Nuit avec éclairage allumé,En agglomération,Intersection en X,Normale,Trois véhicules et plus - en chaîne,,,,,,,,,,,5,2,2,1,4
200500067791,0005-10-02 12:15:00,5,10,2,12,15,750,20.0,R DE BELLEVILLE R DE TOU,,,Plein jour,En agglomération,Intersection en X,Normale,Deux véhicules - arrière,,,,,,,,,,,1,2,2,1,2
200500067792,0005-10-03 17:10:00,5,10,3,17,10,750,5.0,24  BD DE PORT ROYAL,,,Plein jour,En agglomération,Hors intersection,Normale,Autre collision,,,,,,,,,,,1,2,1,1,6
200500067793,0005-10-03 12:15:00,5,10,3,12,15,750,8.0,PL CH DE GAULLE AV DE WA,,,Plein jour,En agglomération,Intersection en T,Normale,Deux véhicules - côté,,,,,,,,,,,1,2,3,1,3
200500067794,0005-10-03 10:15:00,5,10,3,10,15,750,20.0,PL MARTIN NADAUD R ORFIL,,,Plein jour,En agglomération,Intersection à plus de 4 branches,Normale,Sans collision,,,,,,,,,,,1,2,5,1,7
200500067795,0005-10-04 18:35:00,5,10,4,18,35,750,5.0,R BUFFON R G SAINT HILAI,,,Crépuscule ou aube,En agglomération,Intersection en X,Normale,Autre collision,,,,,,,,,,,2,2,2,1,6
200500067796,0005-10-04 21:40:00,5,10,4,21,40,750,8.0,R CH COLOMB AV MARCEAU,,,Nuit avec éclairage allumé,En agglomération,Intersection en T,Normale,Autre collision,,,,,,,,,,,5,2,3,1,6
200500067797,0005-10-04 20:10:00,5,10,4,20,10,750,10.0,BD DE MAGENTA R DE MAUBE,,,Nuit avec éclairage allumé,En agglomération,Intersection à plus de 4 branches,Normale,Deux véhicules - côté,,,,,,,,,,,5,2,5,1,3
200500067798,0005-10-04 16:50:00,5,10,4,16,50,750,12.0,BD DIDEROT R DE CHARENTO,,,Plein jour,En agglomération,Intersection en X,Normale,Autre collision,,,,,,,,,,,1,2,2,1,6
200500067799,0005-10-04 10:35:00,5,10,4,10,35,750,12.0,AV LEDRU ROLLIN R DE LYO,,,Plein jour,En agglomération,Intersection en X,Normale,Sans collision,,,,,,,,,,,1,2,2,1,7
200500067800,0005-10-04 20:05:00,5,10,4,20,5,750,13.0,ECH  ITALIE,,,Nuit avec éclairage allumé,En agglomération,Hors intersection,Normale,Deux véhicules - arrière,,,,,,,,,,,5,2,1,1,2
200500067801,0005-10-04 16:20:00,5,10,4,16,20,750,17.0,118 BD BESSIERES,,,Plein jour,En agglomération,Hors intersection,Temps couvert,Autre collision,,,,,,,,,,,1,2,1,8,6
200500067802,0005-10-04 08:25:00,5,10,4,8,25,750,18.0,R DE LA CHAPELLE R DES R,,,Plein jour,En agglomération,Intersection en T,Normale,Autre collision,,,,,,,,,,,1,2,3,1,6
200500067803,0005-10-04 13:35:00,5,10,4,13,35,750,20.0,16 R BISSON,,,Plein jour,En agglomération,Hors intersection,Normale,Autre collision,,,,,,,,,,,1,2,1,1,6
200500067804,0005-10-05 14:05:00,5,10,5,14,5,750,5.0,16 R MONGE,,,Plein jour,En agglomération,Hors intersection,Normale,Sans collision,,,,,,,,,,,1,2,1,1,7
200500067805,0005-10-05 08:45:00,5,10,5,8,45,750,9.0,52 R TOUR D AUVERGNE,,,Plein jour,En agglomération,Hors intersection,Normale,Autre collision,,,,,,,,,,,1,2,1,1,6
200500067806,0005-10-05 00:18:00,5,10,5,0,18,750,10.0,56 BD DE MAGENTA,,,Nuit avec éclairage allumé,En agglomération,Hors intersection,Normale,Autre collision,,,,,,,,,,,5,2,1,1,6
200500067807,0005-10-05 18:10:00,5,10,5,18,10,750,10.0,BD DE DENAIN BD DE MAGEN,,,Plein jour,En agglomération,Intersection en T,Normale,Autre collision,,,,,,,,,,,1,2,3,1,6
200500067808,0005-10-05 14:45:00,5,10,5,14,45,750,12.0,L240 Q DE LA RAPEE,,,Plein jour,En agglomération,Hors intersection,Normale,Deux véhicules - côté,,,,,,,,,,,1,2,1,1,3
200500067809,0005-10-05 13:10:00,5,10,5,13,10,750,14.0,R LEOPOLD ROBERT BD RASP,,,Plein jour,En agglomération,Intersection en T,Temps couvert,Deux véhicules - côté,,,,,,,,,,,1,2,3,8,3
200500067810,0005-10-23 17:40:00,5,10,23,17,40,750,3.0,20 R CHARLOT,,,Plein jour,En agglomération,Hors intersection,Normale,Autre collision,,,,,,,,,,,1,2,1,1,6
200500067811,0005-10-05 21:15:00,5,10,5,21,15,750,16.0,AV DODE LA BRUNERIE AV M,,,Nuit avec éclairage allumé,En agglomération,Intersection en X,Normale,Deux véhicules - côté,,,,,,,,,,,5,2,2,1,3
200500067812,0005-10-05 19:30:00,5,10,5,19,30,750,16.0,PL D IENA AV PRESIDENT W,,,Nuit avec éclairage allumé,En agglomération,Intersection en T,Normale,Deux véhicules - côté,,,,,,,,,,,5,2,3,1,3
200500067813,0005-10-05 17:15:00,5,10,5,17,15,750,18.0,BPE AUBERVILLIERS CHAPEL,,,Plein jour,En agglomération,Intersection en T,Normale,Deux véhicules - côté,,,,,,,,,,,1,2,3,1,3
200500067814,0005-10-05 19:55:00,5,10,5,19,55,750,18.0,210 R CHAMPIONNET,,,Nuit avec éclairage allumé,En agglomération,Hors intersection,Normale,Autre collision,,,,,,,,,,,5,2,1,1,6
200500067815,0005-10-05 00:30:00,5,10,5,0,30,750,18.0,R CUSTINE R DU MONT CENI,,,Nuit avec éclairage allumé,En agglomération,Intersection en X,Normale,Deux véhicules - côté,,,,,,,,,,,5,2,2,1,3
200500067816,0005-10-05 19:45:00,5,10,5,19,45,750,19.0,R DE CRIMEE R GASTON TES,,,Nuit avec éclairage allumé,En agglomération,Intersection en T,Normale,Autre collision,,,,,,,,,,,5,2,3,1,6
200500067817,0005-10-05 19:53:00,5,10,5,19,53,750,19.0,BPI AUBERVILLIERS VILLET,,,Nuit avec éclairage allumé,En agglomération,Hors intersection,Normale,Deux véhicules - côté,,,,,,,,,,,5,2,1,1,3
200500067818,0005-10-05 21:10:00,5,10,5,21,10,750,19.0,R DES MIGNOTTES R DE MOU,,,Nuit avec éclairage allumé,En agglomération,Intersection en X,Normale,Deux véhicules - côté,,,,,,,,,,,5,2,2,1,3
200500067819,0005-10-06 11:42:00,5,10,6,11,42,750,1.0,R DU LOUVRE R SAINT HONO,,,Plein jour,En agglomération,Intersection en X,Normale,Autre collision,,,,,,,,,,,1,2,2,1,6
200500067820,0005-10-27 15:00:00,5,10,27,15,0,750,10.0,R CHATEAU LANDON R LAFAY,,,Plein jour,En agglomération,Intersection en X,Normale,Deux véhicules - arrière,,,,,,,,,,,1,2,2,1,2
200500067821,0005-10-28 00:55:00,5,10,28,0,55,750,8.0,L3567 PL DE LA CONCORDE,,,Nuit avec éclairage allumé,En agglomération,Hors intersection,Normale,Autre collision,,,,,,,,,,,5,2,1,1,6
200500067822,0005-10-03 08:10:00,5,10,3,8,10,750,16.0,BPE SAINT CLOUD Q POINT,,,Plein jour,En agglomération,Hors intersection,Normale,Deux véhicules - côté,,,,,,,,,,,1,2,1,1,3
200500067823,0005-10-06 15:45:00,5,10,6,15,45,750,2.0,BD DES CAPUCINES PL DE L,,,Plein jour,En agglomération,Intersection en X,Normale,Deux véhicules - côté,,,,,,,,,,,1,2,2,1,3
200500067824,0005-10-06 17:24:00,5,10,6,17,24,750,4.0,2 BD DU PALAIS,,,Plein jour,En agglomération,Hors intersection,Normale,Autre collision,,,,,,,,,,,1,2,1,1,6
200500067825,0005-10-06 19:45:00,5,10,6,19,45,750,5.0,64 BD SAINT MICHEL,,,Nuit avec éclairage allumé,En agglomération,Hors intersection,Normale,Autre collision,,,,,,,,,,,5,2,1,1,6
200500067826,0005-10-06 17:55:00,5,10,6,17,55,750,6.0,PL LEON PAUL FARGUE BD D,,,Plein jour,En agglomération,Intersection en T,Normale,Deux véhicules - côté,,,,,,,,,,,1,2,3,1,3
200500067827,0005-10-06 03:10:00,5,10,6,3,10,750,8.0,PT ALEXANDRE III CRS LA,,,Nuit avec éclairage allumé,En agglomération,Intersection en X,Normale,Deux véhicules - côté,,,,,,,,,,,5,2,2,1,3
200500067828,0005-10-06 07:55:00,5,10,6,7,55,750,8.0,R DE ROME R DE STOCKHOLM,,,Plein jour,En agglomération,Intersection en T,Temps couvert,Deux véhicules - côté,,,,,,,,,,,1,2,3,8,3
200500067829,0005-10-06 15:45:00,5,10,6,15,45,750,8.0,10 AV MARCEAU,,,Plein jour,En agglomération,Hors intersection,Normale,Autre collision,,,,,,,,,,,1,2,1,1,6
200500067830,0005-10-06 01:56:00,5,10,6,1,56,750,8.0,L4567 AV CHAMPS ELYSEES,,,Nuit avec éclairage allumé,En agglomération,Hors intersection,Normale,Deux véhicules - arrière,,,,,,,,,,,5,2,1,1,2
200500067831,0005-10-06 17:40:00,5,10,6,17,40,750,9.0,42 R LA FAYETTE,,,Plein jour,En agglomération,Hors intersection,Normale,Deux véhicules - côté,,,,,,,,,,,1,2,1,1,3
200500067832,0005-10-06 11:55:00,5,10,6,11,55,750,9.0,6 BD DE CLICHY,,,Plein jour,En agglomération,Hors intersection,Normale,Deux véhicules - arrière,,,,,,,,,,,1,2,1,1,2