accident_id,datetime,annee,mois,jour,heure,minute,departement,commune_insee,adresse,latitude,longitude,luminosite,agglomeration,intersection,meteo,collision,nb_vehicules,nb_usagers,nb_indemnes,nb_tues,nb_blesses_hosp,nb_blesses_legers,age_cond_1,age_cond_2,veh_type_cond_1,veh_type_cond_2,lum_code,agg_code,int_code,atm_code,col_code
200500068093,0005-10-18 16:40:00,5,10,18,16,40,750,10.0,PL FRANZ LISZT R LA FAYE,,,Plein jour,En agglomération,Intersection en T,Normale,Deux véhicules - côté,,,,,,,,,,,1,2,3,1,3
200500068094,0005-10-19 16:14:00,5,10,19,16,14,750,1.0,SOU TRANSIT HALLES,,,Plein jour,En agglomération,Hors intersection,Normale,Autre collision,,,,,,,,,,,1,2,1,1,6
200500068095,0005-10-19 16:25:00,5,10,19,16,25,750,2.0,BD DES CAPUCINES R DAUNO,,,Plein jour,En agglomération,Intersection en Y,Pluie légère,Deux véhicules - côté,,,,,,,,,,,1,2,4,2,3
200500068096,0005-10-19 10:05:00,5,10,19,10,5,750,2.0,R DE PALESTRO R DE TURBI,,,Plein jour,En agglomération,Intersection en Y,Temps couvert,Autre collision,,,,,,,,,,,1,2,4,8,6
200500068097,0005-10-19 16:20:00,5,10,19,16,20,750,3.0,11 PL DE LA REPUBLIQUE,,,Plein jour,En agglomération,Hors intersection,Pluie légère,Autre collision,,,,,,,,,,,1,2,1,2,6
200500068098,0005-10-19 22:40:00,5,10,19,22,40,750,8.0,BD HAUSSMANN PL SAINT AU,,,Nuit avec éclairage allumé,En agglomération,Intersection à plus de 4 branches,Pluie légère,Deux véhicules - côté,,,,,,,,,,,5,2,5,2,3
200500068099,0005-10-19 10:45:00,5,10,19,10,45,750,3.0,13 BD FILLES CALVAIRE,,,Plein jour,En agglomération,Hors intersection,Normale,Deux véhicules - arrière,,,,,,,,,,,1,2,1,1,2
200500068100,0005-10-19 07:15:00,5,10,19,7,15,750,8.0,CRS ALBERT 1ER PL DU CAN,,,Plein jour,En agglomération,Intersection en T,Normale,Deux véhicules - côté,,,,,,,,,,,1,2,3,1,3
200500068101,0005-10-19 20:00:00,5,10,19,20,0,750,14.0,L8732 BD ADOLPHE PINARD,,,Nuit avec éclairage allumé,En agglomération,Hors intersection,Temps couvert,Deux véhicules - arrière,,,,,,,,,,,5,2,1,8,2
200500068102,0005-10-19 15:10:00,5,10,19,15,10,750,14.0,BD SAINT JACQUES R TOMBE,,,Plein jour,En agglomération,Intersection en X,Normale,Autre collision,,,,,,,,,,,1,2,2,1,6
200500068103,0005-10-19 15:15:00,5,10,19,15,15,750,16.0,42 R LA FONTAINE,,,Plein jour,En agglomération,Hors intersection,Pluie légère,Sans collision,,,,,,,,,,,1,2,1,2,7
200500068104,0005-10-19 15:15:00,5,10,19,15,15,750,16.0,42 R LA FONTAI NE,,,Plein jour,En agglomération,Hors intersection,Pluie légère,Sans collision,,,,,,,,,,,1,2,1,2,7
200500068105,0005-10-19 19:45:00,5,10,19,19,45,750,16.0,R DE LA POMPE R DE SIAM,,,Nuit avec éclairage allumé,En agglomération,Intersection en Y,Normale,Deux véhicules - arrière,,,,,,,,,,,5,2,4,1,2
200500068106,0005-10-19 09:20:00,5,10,19,9,20,750,16.0,BPI MUETTE DAUPHINE,,,Plein jour,En agglomération,Hors intersection,Temps couvert,Deux véhicules - côté,,,,,,,,,,,1,2,1,8,3
200500068107,0005-10-19 18:15:00,5,10,19,18,15,750,17.0,11 R NAVIER,,,Plein jour,En agglomération,Hors intersection,Normale,Autre collision,,,,,,,,,,,1,2,1,1,6
200500068108,0005-10-19 09:30:00,5,10,19,9,30,750,17.0,R A DE LA FORGE AV GRAND,,,Plein jour,En agglomération,Intersection en T,Normale,Deux véhicules - côté,,,,,,,,,,,1,2,3,1,3
200500068109,0005-10-19 10:35:00,5,10,19,10,35,750,18.0,106 R CAULAINCOURT,,,Plein jour,En agglomération,Hors intersection,Normale,Autre collision,,,,,,,,,,,1,2,1,1,6
200500068110,0005-10-19 19:50:00,5,10,19,19,50,750,18.0,BD NEY AV PTE DE ST OUEN,,,Nuit avec éclairage allumé,En agglomération,Intersection en X,Normale,Autre collision,,,,,,,,,,,5,2,2,1,6
200500068111,0005-10-19 10:55:00,5,10,19,10,55,750,19.0,ECH PANTIN,,,Plein jour,En agglomération,Hors intersection,Normale,Trois véhicules et plus - en chaîne,,,,,,,,,,,1,2,1,1,4
200500068112,0005-10-19 12:10:00,5,10,19,12,10,750,19.0,BD D INDOCHINE AV PORTE,,,Plein jour,En agglomération,Intersection en X,Pluie légère,Deux véhicules - côté,,,,,,,,,,,1,2,2,2,3
200500068113,0005-10-19 03:00:00,5,10,19,3,0,750,20.0,BD DAVOUT R VITRUVE,,,Nuit avec éclairage allumé,En agglomération,Intersection en T,Pluie légère,Deux véhicules - côté,,,,,,,,,,,5,2,3,2,3
200500068114,0005-10-19 18:35:00,5,10,19,18,35,750,17.0,AV PORTE DE CLICHY AV CI,,,Plein jour,En agglomération,Intersection en T,Pluie légère,Deux véhicules - côté,,,,,,,,,,,1,2,3,2,3
200500068115,0005-10-19 09:55:00,5,10,19,9,55,750,6.0,98 BD DU MONTPARNASSE,,,Plein jour,En agglomération,Hors intersection,Normale,Autre collision,,,,,,,,,,,1,2,1,1,6
200500068116,0005-10-19 13:50:00,5,10,19,13,50,750,20.0,138 AV GAMBETTA,,,Plein jour,En agglomération,Hors intersection,Normale,Deux véhicules - côté,,,,,,,,,,,1,2,1,1,3
200500068117,0005-10-19 00:15:00,5,10,19,0,15,750,10.0,66 BD DE MAGENTA,,,Nuit avec éclairage allumé,En agglomération,Hors intersection,Pluie forte,Autre collision,,,,,,,,,,,5,2,1,3,6
200500068118,0005-10-19 13:30:00,5,10,19,13,30,750,17.0,6 AV MAC MAHON,,,Plein jour,En agglomération,Hors intersection,Normale,Deux véhicules - côté,,,,,,,,,,,1,2,1,1,3
200500068119,0005-10-20 09:32:00,5,10,20,9,32,750,7.0,BD LA TOUR MAUBOURG R DE,,,Plein jour,En agglomération,Intersection en X,Temps couvert,Deux véhicules - côté,,,,,,,,,,,1,2,2,8,3
200500068120,0005-10-20 11:10:00,5,10,20,11,10,750,7.0,AV DANIEL LESUEUR  BD DE,,,Plein jour,En agglomération,Intersection en T,Normale,Deux véhicules - côté,,,,,,,,,,,1,2,3,1,3
200500068121,0005-10-20 03:00:00,5,10,20,3,0,750,8.0,RUE LA BOETIE RUE FG SAI,,,Nuit avec éclairage allumé,En agglomération,Intersection en X,Pluie légère,Autre collision,,,,,,,,,,,5,2,2,2,6
200500068122,0005-10-20 20:20:00,5,10,20,20,20,750,8.0,AV CHAMPS ELYSEES AV DE,,,Nuit avec éclairage allumé,En agglomération,Intersection en T,Normale,Autre collision,,,,,,,,,,,5,2,3,1,6
200500068123,0005-10-20 15:55:00,5,10,20,15,55,750,9.0,R HIPPOLYTE LEBAS R DE M,,,Plein jour,En agglomération,Intersection en T,Normale,Autre collision,,,,,,,,,,,1,2,3,1,6
200500068124,0005-10-20 10:55:00,5,10,20,10,55,750,9.0,R DE MAUBEUGE R DE ROCHE,,,Plein jour,En agglomération,Intersection en X,Normale,Deux véhicules - côté,,,,,,,,,,,1,2,2,1,3
200500068125,0005-10-20 02:00:00,5,10,20,2,0,750,11.0,58 R FONTAINE AU ROI,,,Nuit avec éclairage allumé,En agglomération,Hors intersection,Pluie légère,Autre collision,,,,,,,,,,,5,2,1,2,6
200500068126,0005-10-20 18:10:00,5,10,20,18,10,750,14.0,134 RUE D ALESIA,,,Plein jour,En agglomération,Hors intersection,Normale,Autre collision,,,,,,,,,,,1,2,1,1,6
200500068127,0005-10-20 20:15:00,5,10,20,20,15,750,15.0,RUE CASTAGNARY RUE DE VO,,,Nuit avec éclairage allumé,En agglomération,Intersection en X,Normale,Autre collision,,,,,,,,,,,5,2,2,1,6
200500068128,0005-10-20 00:20:00,5,10,20,0,20,750,15.0,BD PASTEUR R DE SEVRES,,,Nuit avec éclairage allumé,En agglomération,Intersection à plus de 4 branches,Pluie légère,Deux véhicules - côté,,,,,,,,,,,5,2,5,2,3
200500068129,0005-10-20 07:30:00,5,10,20,7,30,750,16.0,RTE DE SURESNES RTE DES,,,Plein jour,En agglomération,Intersection en X,Pluie légère,Deux véhicules - côté,,,,,,,,,,,1,2,2,2,3
200500068130,0005-10-20 01:42:00,5,10,20,1,42,750,16.0,R GALILEE AV D IENA,,,Nuit avec éclairage allumé,En agglomération,Intersection en X,Pluie légère,Sans collision,,,,,,,,,,,5,2,2,2,7
200500068131,0005-10-20 18:15:00,5,10,20,18,15,750,17.0,AV DE CLICHY R POUCHET,,,Plein jour,En agglomération,Intersection en X,Normale,Autre collision,,,,,,,,,,,1,2,2,1,6
200500068132,0005-10-20 11:30:00,5,10,20,11,30,750,18.0,R DU MONT CENIS R DU SIM,,,Plein jour,En agglomération,Intersection en T,Normale,Autre collision,,,,,,,,,,,1,2,3,1,6
200500068133,0005-10-20 06:25:00,5,10,20,6,25,750,5.0,R GAY LUSSAC R SAINT JAC,,,Nuit avec éclairage allumé,En agglomération,Intersection en X,Normale,Autre collision,,,,,,,,,,,5,2,2,1,6
200500068134,0005-10-20 14:10:00,5,10,20,14,10,750,19.0,R MANIN R DE CRIMEE,,,Plein jour,En agglomération,Intersection en X,Temps couvert,Deux véhicules - arrière,,,,,,,,,,,1,2,2,8,2
200500068135,0005-10-20 15:30:00,5,10,20,15,30,750,19.0,144 R DE CRIMEE,,,Plein jour,En agglomération,Hors intersection,Normale,Autre collision,,,,,,,,,,,1,2,1,1,6
200500068136,0005-10-20 15:10:00,5,10,20,15,10,750,13.0,34 R BRUNESEAU,,,Plein jour,En agglomération,Hors intersection,Normale,Autre collision,,,,,,,,,,,1,2,1,1,6
200500068137,0005-10-20 15:35:00,5,10,20,15,35,750,5.0,40 BD DE PORT ROYAL,,,Plein jour,En agglomération,Hors intersection,Normale,Sans collision,,,,,,,,,,,1,2,1,1,7
200500068138,0005-10-20 00:01:00,5,10,20,0,1,750,13.0,BD ARAGO AV DES GOBELINS,,,Nuit avec éclairage allumé,En agglomération,Intersection en X,Pluie légère,Deux véhicules - côté,,,,,,,,,,,5,2,2,2,3
200500068139,0005-10-20 08:30:00,5,10,20,8,30,750,17.0,140 R DE SAUSSURE,,,Plein jour,En agglomération,Hors intersection,Pluie légère,Sans collision,,,,,,,,,,,1,2,1,2,7
200500068140,0005-10-20 08:35:00,5,10,20,8,35,750,12.0,L13574 Q DE BERCY,,,Plein jour,En agglomération,Hors intersection,Pluie légère,Deux véhicules - arrière,,,,,,,,,,,1,2,1,2,2
200500068141,0005-10-20 09:00:00,5,10,20,9,0,750,12.0,160 R DE BERCY,,,Plein jour,En agglomération,Hors intersection,Pluie légère,Autre collision,,,,,,,,,,,1,2,1,2,6
200500068142,0005-10-20 20:10:00,5,10,20,20,10,750,10.0,R CHATEAU LANDON R FG SA,,,Nuit avec éclairage allumé,En agglomération,Intersection en Y,Normale,Deux véhicules - côté,,,,,,,,,,,5,2,4,1,3
200500068143,0005-10-20 14:05:00,5,10,20,14,5,750,12.0,106 BD DIDEROT,,,Plein jour,En agglomération,Hors intersection,Normale,Deux véhicules - côté,,,,,,,,,,,1,2,1,1,3
200500068144,0005-10-21 11:20:00,5,10,21,11,20,750,3.0,22 R BEAUBOURG,,,Plein jour,En agglomération,Hors intersection,Normale,Sans collision,,,,,,,,,,,1,2,1,1,7
200500068145,0005-10-21 00:55:00,5,10,21,0,55,750,7.0,AV BOSQUET R DU CHAMP DE,,,Nuit avec éclairage allumé,En agglomération,Intersection en X,Normale,Autre collision,,,,,,,,,,,5,2,2,1,6
200500068146,0005-10-21 09:45:00,5,10,21,9,45,750,9.0,BD HAUSSMANN PL DIAGHILE,,,Plein jour,En agglomération,Intersection en X,Pluie forte,Autre collision,,,,,,,,,,,1,2,2,3,6
200500068147,0005-10-21 05:45:00,5,10,21,5,45,750,14.0,R JULES GUESDE R DE L OU,,,Nuit avec éclairage allumé,En agglomération,Intersection en X,Pluie forte,Deux véhicules - côté,,,,,,,,,,,5,2,2,3,3
200500068148,0005-10-21 13:10:00,5,10,21,13,10,750,15.0,R BRANCION R DE VOUILLE,,,Plein jour,En agglomération,Intersection en X,Pluie légère,Sans collision,,,,,,,,,,,1,2,2,2,7
200500068149,0005-10-21 20:25:00,5,10,21,20,25,750,16.0,R D AUTEUIL R ERLANGER,,,Nuit avec éclairage allumé,En agglomération,Intersection en T,Pluie forte,Autre collision,,,,,,,,,,,5,2,3,3,6
200500068150,0005-10-21 12:50:00,5,10,21,12,50,750,16.0,R H DE LA VAULX Q SAINT,,,Plein jour,En agglomération,Intersection en T,Temps couvert,Deux véhicules - arrière,,,,,,,,,,,1,2,3,8,2
200500068151,0005-10-21 07:55:00,5,10,21,7,55,750,16.0,ALL DE LONGCHAMP RTE DAU,,,Plein jour,En agglomération,Intersection en X,Pluie légère,Deux véhicules - côté,,,,,,,,,,,1,2,2,2,3
200500068152,0005-10-21 11:20:00,5,10,21,11,20,750,16.0,R DE L ABBE GILLET R LYA,,,Plein jour,En agglomération,Intersection en T,Normale,Autre collision,,,,,,,,,,,1,2,3,1,6
200500068153,0005-10-21 09:15:00,5,10,21,9,15,750,16.0,L10279 ECH SAINT CLOUD,,,Plein jour,En agglomération,Hors intersection,Pluie forte,Deux véhicules - arrière,,,,,,,,,,,1,2,1,3,2
200500068154,0005-10-21 22:35:00,5,10,21,22,35,750,13.0,10 AV D ITALIE,,,Nuit avec éclairage allumé,En agglomération,Hors intersection,Normale,Deux véhicules - frontale,,,,,,,,,,,5,2,1,1,1
200500068155,0005-10-21 09:50:00,5,10,21,9,50,750,17.0,12 AV DE SAINT OUEN,,,Plein jour,En agglomération,Hors intersection,Normale,Deux véhicules - côté,,,,,,,,,,,1,2,1,1,3
200500068156,0005-10-21 19:00:00,5,10,21,19,0,750,14.0,R MAISON DIEU R R LOSSER,,,Plein jour,En agglomération,Intersection en T,Temps couvert,Autre collision,,,,,,,,,,,1,2,3,8,6
200500068157,0005-10-21 15:15:00,5,10,21,15,15,750,19.0,SOU CHAUMONT 2,,,Plein jour,En agglomération,Hors intersection,Normale,Sans collision,,,,,,,,,,,1,2,1,1,7
200500068158,0005-10-21 16:55:00,5,10,21,16,55,750,19.0,14 AV DE FLANDRE,,,Plein jour,En agglomération,Hors intersection,Normale,Autre collision,,,,,,,,,,,1,2,1,1,6
200500068159,0005-10-21 07:40:00,5,10,21,7,40,750,13.0,6 R CH DES RENTIERS,,,Plein jour,En agglomération,Hors intersection,Pluie légère,Autre collision,,,,,,,,,,,1,2,1,2,6
200500068160,0005-10-21 18:46:00,5,10,21,18,46,750,13.0,BD KELLERMAN R P DES PEU,,,Nuit avec éclairage allumé,En agglomération,Intersection en X,Pluie légère,Autre collision,,,,,,,,,,,5,2,2,2,6
200500068161,0005-10-21 09:30:00,5,10,21,9,30,750,11.0,R DE MALTE AV DE LA REPU,,,Plein jour,En agglomération,Intersection en X,Pluie légère,Sans collision,,,,,,,,,,,1,2,2,2,7
200500068162,0005-10-21 06:00:00,5,10,21,6,0,750,17.0,2 R TOULOUSE LAUTREC,,,Nuit avec éclairage allumé,En agglomération,Hors intersection,Pluie forte,Autre collision,,,,,,,,,,,5,2,1,3,6
200500068163,0005-10-21 15:20:00,5,10,21,15,20,750,17.0,R BRUNEL AV GRANDE ARMEE,,,Plein jour,En agglomération,Intersection en X,Temps couvert,Deux véhicules - côté,,,,,,,,,,,1,2,2,8,3
200500068164,0005-10-21 11:25:00,5,10,21,11,25,750,17.0,16 AV PTE CHAMPERET,,,Plein jour,En agglomération,Hors intersection,Temps couvert,Sans collision,,,,,,,,,,,1,2,1,8,7
200500068165,0005-10-21 02:49:00,5,10,21,2,49,750,1.0,PL DU CARROUSEL Q DES TU,,,Nuit avec éclairage allumé,En agglomération,Intersection en X,Pluie légère,Deux véhicules - côté,,,,,,,,,,,5,2,2,2,3
200500068166,0005-10-21 08:05:00,5,10,21,8,5,750,13.0,AV D ITALIE R TAGORE,,,Plein jour,En agglomération,Intersection en T,Pluie légère,Deux véhicules - côté,,,,,,,,,,,1,2,3,2,3
200500068167,0005-10-21 16:10:00,5,10,21,16,10,750,20.0,R D AVRON R DE LA REUNIO,,,Plein jour,En agglomération,Intersection en T,Normale,Autre collision,,,,,,,,,,,1,2,3,1,6
200500068168,0005-10-21 15:15:00,5,10,21,15,15,750,10.0,IMP CHAUSSON R GRGE AUX,,,Plein jour,En agglomération,Intersection en T,Normale,Autre collision,,,,,,,,,,,1,2,3,1,6
200500068169,0005-10-22 04:33:00,5,10,22,4,33,750,8.0,PL DE LA MADELEINE BD MA,,,Nuit avec éclairage allumé,En agglomération,Intersection en T,Pluie légère,Sans collision,,,,,,,,,,,5,2,3,2,7
200500068170,0005-10-22 20:25:00,5,10,22,20,25,750,9.0,R J BAPT PIGALLE R LA BR,,,Nuit avec éclairage allumé,En agglomération,Intersection en X,Pluie forte,Autre collision,,,,,,,,,,,5,2,2,3,6
200500068171,0005-10-22 05:15:00,5,10,22,5,15,750,16.0,68 AV DE VERSAILLES,,,Nuit avec éclairage allumé,En agglomération,Hors intersection,Pluie forte,Sans collision,,,,,,,,,,,5,2,1,3,7
200500068172,0005-10-22 19:20:00,5,10,22,19,20,750,8.0,R BEAUJON AV HOCHE,,,Nuit avec éclairage allumé,En agglomération,Intersection en X,Pluie légère,Deux véhicules - côté,,,,,,,,,,,5,2,2,2,3
200500068173,0005-10-22 21:25:00,5,10,22,21,25,750,11.0,102 R DU FG DU TEMPLE,,,Nuit avec éclairage allumé,En agglomération,Hors intersection,Temps couvert,Autre collision,,,,,,,,,,,5,2,1,8,6
200500068174,0005-10-22 16:20:00,5,10,22,16,20,750,5.0,R DE L ESTRAPADE R D ULM,,,Plein jour,En agglomération,Intersection en X,Normale,Autre collision,,,,,,,,,,,1,2,2,1,6
200500068175,0005-10-22 04:35:00,5,10,22,4,35,750,5.0,AV OBSERVATOIRE BD SAINT,,,Nuit avec éclairage allumé,En agglomération,Intersection en T,Pluie forte,Deux véhicules - côté,,,,,,,,,,,5,2,3,3,3
200500068176,0005-10-22 21:15:00,5,10,22,21,15,750,19.0,268 R DE BELLEVILLE,,,Nuit avec éclairage allumé,En agglomération,Hors intersection,Pluie légère,Deux véhicules - côté,,,,,,,,,,,5,2,1,2,3
200500068177,0005-10-22 19:55:00,5,10,22,19,55,750,16.0,AV PRESIDENT WILSON PL D,,,Nuit avec éclairage allumé,En agglomération,Intersection en T,Pluie légère,Autre collision,,,,,,,,,,,5,2,3,2,6
200500068178,0005-10-22 03:00:00,5,10,22,3,0,750,11.0,R DE CHARONNE BD VOLTAIR,,,Nuit avec éclairage allumé,En agglomération,Intersection en X,Pluie forte,Deux véhicules - côté,,,,,,,,,,,5,2,2,3,3
200500068179,0005-10-22 18:18:00,5,10,22,18,18,750,17.0,186 AV DE CLICHY,,,Plein jour,En agglomération,Hors intersection,Normale,Autre collision,,,,,,,,,,,1,2,1,1,6
200500068180,0005-10-22 19:55:00,5,10,22,19,55,750,5.0,BD SAINT GERMAIN BD SAIN,,,Nuit avec éclairage allumé,En agglomération,Intersection en X,Pluie légère,Deux véhicules - arrière,,,,,,,,,,,5,2,2,2,2
200500068181,0005-10-22 17:55:00,5,10,22,17,55,750,1.0,28 R ETIENNE  MARCEL,,,Plein jour,En agglomération,Hors intersection,Normale,Autre collision,,,,,,,,,,,1,2,1,1,6
200500068182,0005-10-22 09:18:00,5,10,22,9,18,750,12.0,BD DIDEROT R HECTOR MALO,,,Plein jour,En agglomération,Intersection en X,Normale,Autre collision,,,,,,,,,,,1,2,2,1,6
200500068183,0005-10-22 18:45:00,5,10,22,18,45,750,20.0,30 R DU CAPITAINE FERBER,,,Crépuscule ou aube,En agglomération,Hors intersection,Normale,Sans collision,,,,,,,,,,,2,2,1,1,7
200500068184,0005-10-22 20:17:00,5,10,22,20,17,750,20.0,AV DU DOCTEUR GLEY R FRE,,,Nuit avec éclairage allumé,En agglomération,Intersection en X,Pluie légère,Deux véhicules - côté,,,,,,,,,,,5,2,2,2,3
200500068185,0005-10-22 17:30:00,5,10,22,17,30,750,10.0,PL FRANZ LISZT R LA FAYE,,,Plein jour,En agglomération,Intersection en X,Normale,Deux véhicules - côté,,,,,,,,,,,1,2,2,1,3
200500068186,0005-10-22 12:05:00,5,10,22,12,5,750,15.0,154 AV EMILE ZOLA,,,Plein jour,En agglomération,Hors intersection,Temps couvert,Autre collision,,,,,,,,,,,1,2,1,8,6
200500068187,0005-10-22 13:15:00,5,10,22,13,15,750,17.0,AV DE CLICHY R DES DAMES,,,Plein jour,En agglomération,Intersection en T,Normale,Deux véhicules - côté,,,,,,,,,,,1,2,3,1,3
200500068188,0005-10-23 01:15:00,5,10,23,1,15,750,4.0,16 BD SEBASTOPOL,,,Nuit avec éclairage allumé,En agglomération,Hors intersection,Temps couvert,Autre collision,,,,,,,,,,,5,2,1,8,6
200500068189,0005-10-23 13:30:00,5,10,23,13,30,750,8.0,R LA BOETIE R FG SAINT H,,,Plein jour,En agglomération,Intersection en X,Normale,Deux véhicules - côté,,,,,,,,,,,1,2,2,1,3
200500068190,0005-10-23 00:05:00,5,10,23,0,5,750,11.0,R BOULLE R FROMENT,,,Nuit avec éclairage allumé,En agglomération,Intersection en Y,Pluie légère,Autre collision,,,,,,,,,,,5,2,4,2,6
200500068191,0005-10-23 04:05:00,5,10,23,4,5,750,11.0,R FG SAINT ANTOINE AV LE,,,Nuit avec éclairage allumé,En agglomération,Intersection en X,Temps couvert,Deux véhicules - côté,,,,,,,,,,,5,2,2,8,3
200500068192,0005-10-23 00:55:00,5,10,23,0,55,750,16.0,R BENJ FRANKLIN R SCHEFF,,,Nuit avec éclairage allumé,En agglomération,Intersection en T,Normale,Sans collision,,,,,,,,,,,5,2,3,1,7
200500068193,0005-10-23 13:10:00,5,10,23,13,10,750,5.0,PT DE L ARCHEVECHE Q DE,,,Plein jour,En agglomération,Intersection en X,Normale,Deux véhicules - côté,,,,,,,,,,,1,2,2,1,3
200500068194,0005-10-23 14:40:00,5,10,23,14,40,750,5.0,AV OBSERVATOIRE BD DE PO,,,Plein jour,En agglomération,Intersection en X,Normale,Deux véhicules - côté,,,,,,,,,,,1,2,2,1,3
200500068195,0005-10-23 16:00:00,5,10,23,16,0,750,19.0,130 R D AUBERVILLIERS,,,Plein jour,En agglomération,Hors intersection,Normale,Trois véhicules et plus - en chaîne,,,,,,,,,,,1,2,1,1,4
200500068196,0005-10-23 20:10:00,5,10,23,20,10,750,13.0,R BRILLAT SAVARIN R DES,,,Nuit avec éclairage allumé,En agglomération,Intersection en X,Normale,Deux véhicules - côté,,,,,,,,,,,5,2,2,1,3
200500068197,0005-10-23 08:40:00,5,10,23,8,40,750,7.0,1 PL VAUBAN,,,Plein jour,En agglomération,Hors intersection,Normale,Deux véhicules - côté,,,,,,,,,,,1,2,1,1,3
200500068198,0005-10-23 21:05:00,5,10,23,21,5,750,7.0,R DE BELLECHASSE R SAINT,,,Nuit avec éclairage allumé,En agglomération,Intersection en X,Normale,Deux véhicules - côté,,,,,,,,,,,5,2,2,1,3
200500068199,0005-10-24 10:45:00,5,10,24,10,45,750,19.0,12 R BOTZARIS,,,Plein jour,En agglomération,Hors intersection,Pluie légère,Sans collision,,,,,,,,,,,1,2,1,2,7
200500068200,0005-10-24 13:45:00,5,10,24,13,45,750,13.0,40 R DES GOBELINS,,,Plein jour,En agglomération,Hors intersection,Normale,Deux véhicules - côté,,,,,,,,,,,1,2,1,1,3
200500068201,0005-10-24 17:30:00,5,10,24,17,30,750,16.0,ALL DE LONGCHAMP ALL DE,,,Plein jour,En agglomération,Intersection en X,Temps couvert,Deux véhicules - côté,,,,,,,,,,,1,2,2,8,3
200500068202,0005-10-24 08:00:00,5,10,24,8,0,750,16.0,ALLEE DU BORD DE L'EAU,,,Plein jour,En agglomération,Hors intersection,Pluie forte,Trois véhicules et plus - collisions multiples,,,,,,,,,,,1,2,1,3,5
200500068203,0005-10-24 23:35:00,5,10,24,23,35,750,16.0,R DE CHAILLOT AV MARCEAU,,,Nuit avec éclairage allumé,En agglomération,Intersection en Y,Normale,Deux véhicules - côté,,,,,,,,,,,5,2,4,1,3
200500068204,0005-10-24 19:15:00,5,10,24,19,15,750,18.0,158 BD NEY,,,Nuit avec éclairage allumé,En agglomération,Hors intersection,Normale,Deux véhicules - arrière,,,,,,,,,,,5,2,1,1,2
200500068205,0005-10-24 11:30:00,5,10,24,11,30,750,18.0,BD NEY,,,Plein jour,En agglomération,Hors intersection,Pluie légère,Deux véhicules - côté,,,,,,,,,,,1,2,1,2,3
200500068206,0005-10-24 13:05:00,5,10,24,13,5,750,13.0,92 R DE PATAY,,,Plein jour,En agglomération,Hors intersection,Normale,Autre collision,,,,,,,,,,,1,2,1,1,6
200500068207,0005-10-24 11:30:00,5,10,24,11,30,750,8.0,R DU FG SAINT HONORE AV,,,Plein jour,En agglomération,Intersection à plus de 4 branches,Pluie forte,Deux véhicules - côté,,,,,,,,,,,1,2,5,3,3
200500068208,0005-10-24 19:25:00,5,10,24,19,25,750,15.0,46 R EMILE ZOLA,,,Nuit avec éclairage allumé,En agglomération,Hors intersection,Normale,Sans collision,,,,,,,,,,,5,2,1,1,7
200500068209,0005-10-24 10:55:00,5,10,24,10,55,750,15.0,PL DES INSURGES DE VARSO,,,Plein jour,En agglomération,Hors intersection,Pluie forte,Deux véhicules - côté,,,,,,,,,,,1,2,1,3,3
200500068210,0005-10-24 17:30:00,5,10,24,17,30,750,5.0,R DES ECOLES  BD ST MICH,,,Plein jour,En agglomération,Intersection en X,Temps couvert,Autre collision,,,,,,,,,,,1,2,2,8,6
200500068211,0005-10-23 03:30:00,5,10,23,3,30,750,1.0,PL DU PALAIS ROYAL,,,Nuit avec éclairage allumé,En agglomération,Hors intersection,Normale,Autre collision,,,,,,,,,,,5,2,1,1,6
200500068212,0005-10-25 13:00:00,5,10,25,13,0,750,16.0,6 CHAUSSEE DE LA MUETTE,,,Plein jour,En agglomération,Hors intersection,Normale,Autre collision,,,,,,,,,,,1,2,1,1,6
200500068213,0005-10-25 12:40:00,5,10,25,12,40,750,18.0,54 R DE LA CHAPELLE,,,Plein jour,En agglomération,Hors intersection,Pluie légère,Autre collision,,,,,,,,,,,1,2,1,2,6
200500068214,0005-10-25 21:35:00,5,10,25,21,35,750,6.0,R D ASSAS R DE RENNES,,,Nuit avec éclairage allumé,En agglomération,Intersection en X,Normale,Deux véhicules - arrière,,,,,,,,,,,5,2,2,1,2
200500068215,0005-10-25 09:10:00,5,10,25,9,10,750,17.0,R DE COURCELLES PL DU MA,,,Plein jour,En agglomération,Place,Normale,Deux véhicules - côté,,,,,,,,,,,1,2,7,1,3
200500068216,0005-10-25 11:05:00,5,10,25,11,5,750,5.0,18 R LINNE,,,Plein jour,En agglomération,Hors intersection,Normale,Autre collision,,,,,,,,,,,1,2,1,1,6
200500068217,0005-10-25 18:05:00,5,10,25,18,5,750,20.0,268 R DES PYRENEES,,,Crépuscule ou aube,En agglomération,Hors intersection,Normale,Autre collision,,,,,,,,,,,2,2,1,1,6
200500068218,0005-10-25 10:55:00,5,10,25,10,55,750,2.0,62 R DU LOUVRE,,,Plein jour,En agglomération,Hors intersection,Pluie légère,Deux véhicules - côté,,,,,,,,,,,1,2,1,2,3
200500068219,0005-10-25 01:55:00,5,10,25,1,55,750,1.0,SOU LES HALLES,,,Nuit avec éclairage allumé,En agglomération,Hors intersection,Normale,Sans collision,,,,,,,,,,,5,2,1,1,7
200500068220,0005-10-25 15:50:00,5,10,25,15,50,750,16.0,AV LEON HEUZEY R DE REMU,,,Plein jour,En agglomération,Intersection en T,Normale,Autre collision,,,,,,,,,,,1,2,3,1,6
200500068221,0005-10-25 01:55:00,5,10,25,1,55,750,14.0,162 AV DU MAINE,,,Nuit avec éclairage allumé,En agglomération,Hors intersection,Normale,Autre collision,,,,,,,,,,,5,2,1,1,6