accident_id,datetime,annee,mois,jour,heure,minute,departement,commune_insee,adresse,latitude,longitude,luminosite,agglomeration,intersection,meteo,collision,nb_vehicules,nb_usagers,nb_indemnes,nb_tues,nb_blesses_hosp,nb_blesses_legers,age_cond_1,age_cond_2,veh_type_cond_1,veh_type_cond_2,lum_code,agg_code,int_code,atm_code,col_code
200500068479,0005-10-29 14:10:00,5,10,29,14,10,770,284.0,"5, DEBUSSY (RES.)",,,Plein jour,En agglomération,Hors intersection,Normale,Autre collision,,,,,,,,,,,1,2,1,1,6
200500068480,0005-10-29 17:20:00,5,10,29,17,20,770,330.0,"1, GAMBETTA (RUE)",,,Plein jour,En agglomération,Hors intersection,Normale,Sans collision,,,,,,,,,,,1,2,1,1,7
200500068481,0005-10-29 18:00:00,5,10,29,18,0,770,330.0,"2, BARRAUD JEAN (RUE)",,,Plein jour,En agglomération,Hors intersection,Normale,Sans collision,,,,,,,,,,,1,2,1,1,7
200500068482,0005-10-02 10:30:00,5,10,2,10,30,770,288.0,GABRIEL HOUDART (RUE),,,Plein jour,En agglomération,Autre intersection,Normale,Autre collision,,,,,,,,,,,1,2,9,1,6
200500068483,0005-10-11 13:55:00,5,10,11,13,55,770,528.0,"1, MELUN  (DE)",,,Plein jour,Hors agglomération,Intersection en T,Normale,Deux véhicules - côté,,,,,,,,,,,1,1,3,1,3
200500068484,0005-10-15 01:40:00,5,10,15,1,40,770,487.0,", CHARTRETTES  (ROUTE DE",,,Nuit avec éclairage allumé,En agglomération,Hors intersection,Normale,Autre collision,,,,,,,,,,,5,2,1,1,6
200500068485,0005-10-31 06:45:00,5,10,31,6,45,770,38.0,"2, GENERAL LECLERC (RUE)",,,Crépuscule ou aube,En agglomération,Hors intersection,Normale,Sans collision,,,,,,,,,,,2,2,1,1,7
200500068486,0005-10-01 16:35:00,5,10,1,16,35,770,123.0,CD 212,,,Plein jour,Hors agglomération,Hors intersection,Pluie légère,Sans collision,,,,,,,,,,,1,1,1,2,7
200500068487,0005-10-03 10:40:00,5,10,3,10,40,770,294.0,"37, VILLEPARISIS (RUE)",,,Plein jour,En agglomération,Intersection en T,Normale,Sans collision,,,,,,,,,,,1,2,3,1,7
200500068488,0005-10-03 14:10:00,5,10,3,14,10,770,294.0,ROGER SALLENGRO (RUE),,,Plein jour,En agglomération,Hors intersection,Normale,Autre collision,,,,,,,,,,,1,2,1,1,6
200500068489,0005-10-14 09:15:00,5,10,14,9,15,770,294.0,CLAYE (ROUTE DE),,,Plein jour,En agglomération,Hors intersection,Normale,Deux véhicules - arrière,,,,,,,,,,,1,2,1,1,2
200500068490,0005-10-15 14:20:00,5,10,15,14,20,770,241.0,CD 404,,,Plein jour,Hors agglomération,Intersection en T,Normale,Trois véhicules et plus - en chaîne,,,,,,,,,,,1,1,3,1,4
200500068491,0005-10-18 08:40:00,5,10,18,8,40,770,294.0,RN2,,,Plein jour,Hors agglomération,Hors intersection,Normale,Deux véhicules - côté,,,,,,,,,,,1,1,1,1,3
200500068492,0005-10-27 13:55:00,5,10,27,13,55,770,294.0,BORDIERE (AVENUE DE LA),,,Plein jour,En agglomération,Intersection en X,Normale,Deux véhicules - frontale,,,,,,,,,,,1,2,2,1,1
200500068493,0005-10-06 13:15:00,5,10,6,13,15,770,53.0,GENERAL LECLERC (RUE DU),,,Plein jour,En agglomération,Intersection à plus de 4 branches,Normale,Deux véhicules - côté,,,,,,,,,,,1,2,5,1,3
200500068494,0005-10-31 21:00:00,5,10,31,21,0,770,450.0,RD 51,,,Nuit sans éclairage public,Hors agglomération,Hors intersection,Normale,Deux véhicules - arrière,,,,,,,,,,,3,1,1,1,2
200500068495,0005-10-23 17:50:00,5,10,23,17,50,770,172.0,"12, GRAND FOSSARD (LIEU",,,Plein jour,En agglomération,Hors intersection,Normale,Deux véhicules - côté,,,,,,,,,,,1,2,1,1,3
200500068496,0005-10-01 09:15:00,5,10,1,9,15,770,333.0,"22, PARIS (RUE DE)",,,Plein jour,En agglomération,Hors intersection,Pluie légère,Autre collision,,,,,,,,,,,1,2,1,2,6
200500068497,0005-10-09 21:10:00,5,10,9,21,10,770,333.0,"52/54, CARNOT (AVENUE DU",,,Nuit avec éclairage allumé,En agglomération,Hors intersection,Normale,Deux véhicules - côté,,,,,,,,,,,5,2,1,1,3
200500068498,0005-10-20 17:10:00,5,10,20,17,10,770,333.0,"29, DAILLY (AVENUE ETIEN",,,Plein jour,En agglomération,Hors intersection,Normale,Autre collision,,,,,,,,,,,1,2,1,1,6
200500068499,0005-10-02 13:05:00,5,10,2,13,5,770,468.0,JACQUES PREVERT (AVENUE),,,Plein jour,En agglomération,Hors intersection,Temps couvert,Autre collision,,,,,,,,,,,1,2,1,8,6
200500068500,0005-10-09 17:05:00,5,10,9,17,5,770,83.0,FORESTIERE (AVENUE),,,Plein jour,En agglomération,Hors intersection,Normale,Autre collision,,,,,,,,,,,1,2,1,1,6
200500068501,0005-10-09 20:20:00,5,10,9,20,20,770,258.0,LACS (COURS DES),,,Nuit avec éclairage allumé,En agglomération,Hors intersection,Normale,Deux véhicules - arrière,,,,,,,,,,,5,2,1,1,2
200500068502,0005-10-11 16:24:00,5,10,11,16,24,770,468.0,EPINETTES (RUE DES),,,Plein jour,En agglomération,Hors intersection,Normale,Autre collision,,,,,,,,,,,1,2,1,1,6
200500068503,0005-10-20 10:55:00,5,10,20,10,55,770,146.0,COURCERIN (BOULEVARD DE),,,Plein jour,En agglomération,Intersection en T,Temps couvert,Trois véhicules et plus - collisions multiples,,,,,,,,,,,1,2,3,8,5
200500068504,0005-10-23 10:35:00,5,10,23,10,35,770,169.0,JEAN MONNET (RUE),,,Plein jour,En agglomération,Intersection en X,Normale,Autre collision,,,,,,,,,,,1,2,2,1,6
200500068505,0005-10-31 10:50:00,5,10,31,10,50,770,83.0,PYRAMIDES (ROND-POINT DE,,,Plein jour,En agglomération,Hors intersection,Pluie légère,Autre collision,,,,,,,,,,,1,2,1,2,6
200500068506,0005-10-30 19:45:00,5,10,30,19,45,770,83.0,GENERAL DE  GAULLE (AVEN,,,Nuit avec éclairage allumé,En agglomération,Autre intersection,Normale,Deux véhicules - côté,,,,,,,,,,,5,2,9,1,3
200500068507,0005-10-09 19:50:00,5,10,9,19,50,770,374.0,CD 21,,,Nuit sans éclairage public,Hors agglomération,Hors intersection,Normale,Autre collision,,,,,,,,,,,3,1,1,1,6
200500068508,0005-10-10 18:40:00,5,10,10,18,40,770,374.0,CD 471,,,Plein jour,Hors agglomération,Hors intersection,Normale,Trois véhicules et plus - collisions multiples,,,,,,,,,,,1,1,1,1,5
200500068509,0005-10-11 18:15:00,5,10,11,18,15,770,215.0,ZONE INDUSTRIELLE,,,Plein jour,Hors agglomération,Hors intersection,Normale,Autre collision,,,,,,,,,,,1,1,1,1,6
200500068510,0005-10-16 20:20:00,5,10,16,20,20,770,350.0,"84, GENERAL LECLERC (AVE",,,Nuit avec éclairage allumé,En agglomération,Hors intersection,Normale,Deux véhicules - arrière,,,,,,,,,,,5,2,1,1,2
200500068511,0005-10-17 19:10:00,5,10,17,19,10,770,390.0,P. CEZANNE (AVENUE),,,Nuit avec éclairage allumé,En agglomération,Hors intersection,Normale,Deux véhicules - côté,,,,,,,,,,,5,2,1,1,3
200500068512,0005-10-15 16:35:00,5,10,15,16,35,770,374.0,CD 471,,,Plein jour,Hors agglomération,Hors intersection,Normale,Deux véhicules - arrière,,,,,,,,,,,1,1,1,1,2
200500068513,0005-10-25 15:40:00,5,10,25,15,40,770,404.0,"41, GENERAL LECLERC (AVE",,,Plein jour,En agglomération,Hors intersection,Normale,Deux véhicules - frontale,,,,,,,,,,,1,2,1,1,1
200500068514,0005-10-29 19:30:00,5,10,29,19,30,770,73.0,SOISY BOUY (RUE DE),,,Nuit sans éclairage public,Hors agglomération,Hors intersection,Normale,Autre collision,,,,,,,,,,,3,1,1,1,6
200500068515,0005-10-31 20:05:00,5,10,31,20,5,770,459.0,"19, NATIONALE 19 (ROUTE)",,,Nuit avec éclairage allumé,En agglomération,Intersection en T,Normale,Deux véhicules - côté,,,,,,,,,,,5,2,3,1,3
200500068516,0005-10-27 08:57:00,5,10,27,8,57,770,379.0,"33, CORDONNERIE (RUE DE",,,Plein jour,En agglomération,Hors intersection,Normale,Sans collision,,,,,,,,,,,1,2,1,1,7
200500068517,0005-10-30 14:40:00,5,10,30,14,40,770,514.0,JEAN JAURES (AVENUE),,,Plein jour,En agglomération,Intersection en X,Normale,Deux véhicules - côté,,,,,,,,,,,1,2,2,1,3
200500068518,0005-10-26 09:05:00,5,10,26,9,5,780,5.0,"32, STALINGRAD (AVENUE D",,,Plein jour,En agglomération,Hors intersection,Normale,Sans collision,,,,,,,,,,,1,2,1,1,7
200500068519,0005-10-20 18:00:00,5,10,20,18,0,780,172.0,AMBASSADEUR (RUE DE L'),,,Plein jour,En agglomération,Hors intersection,Normale,Deux véhicules - côté,,,,,,,,,,,1,2,1,1,3
200500068520,0005-10-24 18:40:00,5,10,24,18,40,780,5.0,"180, DE GAULLE (AVENUE D",,,Crépuscule ou aube,En agglomération,Hors intersection,Normale,Deux véhicules - côté,,,,,,,,,,,2,2,1,1,3
200500068521,0005-10-03 16:20:00,5,10,3,16,20,780,5.0,STALINGRAD (AVENUE DE),,,Plein jour,En agglomération,Intersection en T,Normale,Deux véhicules - côté,,,,,,,,,,,1,2,3,1,3
200500068522,0005-10-05 12:20:00,5,10,5,12,20,780,172.0,NONNAINS (RUE DES),,,Plein jour,En agglomération,Hors intersection,Normale,Deux véhicules - côté,,,,,,,,,,,1,2,1,1,3
200500068523,0005-10-05 21:15:00,5,10,5,21,15,780,172.0,"56, CLEMENT (RUE DESIRE)",,,Nuit avec éclairage allumé,En agglomération,Hors intersection,Normale,Deux véhicules - côté,,,,,,,,,,,5,2,1,1,3
200500068524,0005-10-07 08:25:00,5,10,7,8,25,780,172.0,AMBASSADEUR (RUE DE L'),,,Plein jour,En agglomération,Hors intersection,Normale,Deux véhicules - frontale,,,,,,,,,,,1,2,1,1,1
200500068525,0005-10-12 08:40:00,5,10,12,8,40,780,138.0,"34, HAUTIL (RUE DE L')",,,Crépuscule ou aube,En agglomération,Hors intersection,Pluie légère,Sans collision,,,,,,,,,,,2,2,1,2,7
200500068526,0005-10-04 12:30:00,5,10,4,12,30,780,208.0,DEPARTEMENTALE 912 (ROUT,,,Plein jour,En agglomération,Hors intersection,Normale,Deux véhicules - côté,,,,,,,,,,,1,2,1,1,3
200500068527,0005-10-01 15:35:00,5,10,1,15,35,780,490.0,"Indét, MAGASIN BOULANGER",,,Plein jour,En agglomération,Hors intersection,Normale,Sans collision,,,,,,,,,,,1,2,1,1,7
200500068528,0005-10-12 17:45:00,5,10,12,17,45,780,490.0,"Indét, VERNE (RUE JULES)",,,Plein jour,En agglomération,Hors intersection,Normale,Sans collision,,,,,,,,,,,1,2,1,1,7
200500068529,0005-10-15 11:40:00,5,10,15,11,40,780,490.0,DEPARTEMENTALE 11 (ROUTE,,,Plein jour,En agglomération,Giratoire,Normale,Deux véhicules - arrière,,,,,,,,,,,1,2,6,1,2
200500068530,0005-10-15 14:13:00,5,10,15,14,13,780,208.0,DEPARTEMENTALE 58 (ROUTE,,,Plein jour,Hors agglomération,Hors intersection,Normale,Deux véhicules - côté,,,,,,,,,,,1,1,1,1,3
200500068531,0005-10-18 16:25:00,5,10,18,16,25,780,168.0,DEPARTEMENTALE 13 (ROUTE,,,Plein jour,En agglomération,Intersection en T,Normale,Deux véhicules - côté,,,,,,,,,,,1,2,3,1,3
200500068532,0005-10-18 20:30:00,5,10,18,20,30,780,383.0,"Indét, SEINE (BOULEVARD",,,Nuit avec éclairage allumé,En agglomération,Hors intersection,Pluie légère,Deux véhicules - côté,,,,,,,,,,,5,2,1,2,3
200500068533,0005-10-22 17:30:00,5,10,22,17,30,780,208.0,DEPARTEMENTALE 58 (ROUTE,,,Plein jour,En agglomération,Hors intersection,Normale,Sans collision,,,,,,,,,,,1,2,1,1,7
200500068534,0005-10-23 06:45:00,5,10,23,6,45,780,383.0,"Indét, FRESNEL (RUE)",,,Nuit sans éclairage public,En agglomération,Hors intersection,Temps couvert,Autre collision,,,,,,,,,,,3,2,1,8,6
200500068535,0005-10-23 15:25:00,5,10,23,15,25,780,490.0,DEPARTEMENTALE 11 (ROUTE,,,Plein jour,En agglomération,Giratoire,Normale,Deux véhicules - côté,,,,,,,,,,,1,2,6,1,3
200500068536,0005-10-24 19:30:00,5,10,24,19,30,780,490.0,DEPARTEMENTALE 30 (ROUTE,,,Nuit sans éclairage public,Hors agglomération,Hors intersection,Pluie légère,Deux véhicules - arrière,,,,,,,,,,,3,1,1,2,2
200500068537,0005-10-21 23:30:00,5,10,21,23,30,780,208.0,"Indét, ROCADE 12",,,Nuit avec éclairage allumé,Hors agglomération,Hors intersection,Pluie légère,Autre collision,,,,,,,,,,,5,1,1,2,6
200500068538,0005-10-25 21:15:00,5,10,25,21,15,780,490.0,"Indét, DROITS DE L'HOMME",,,Nuit avec éclairage allumé,En agglomération,Hors intersection,Normale,Autre collision,,,,,,,,,,,5,2,1,1,6
200500068539,0005-10-27 14:00:00,5,10,27,14,0,780,168.0,NATIONALE 10 (ROUTE),,,Plein jour,En agglomération,Intersection en X,Normale,Sans collision,,,,,,,,,,,1,2,2,1,7
200500068540,0005-10-27 16:25:00,5,10,27,16,25,780,168.0,DEPARTEMENTALE 13 (ROUTE,,,Plein jour,En agglomération,Giratoire,Normale,Sans collision,,,,,,,,,,,1,2,6,1,7
200500068541,0005-10-03 17:43:00,5,10,3,17,43,780,297.0,"00000, LE CORBUSIER (RUE",,,Plein jour,En agglomération,Hors intersection,Normale,Deux véhicules - côté,,,,,,,,,,,1,2,1,1,3
200500068542,0005-10-13 19:10:00,5,10,13,19,10,780,311.0,"26, DESAIX (RUE)",,,Crépuscule ou aube,En agglomération,Hors intersection,Normale,Deux véhicules - côté,,,,,,,,,,,2,2,1,1,3
200500068543,0005-10-15 14:10:00,5,10,15,14,10,780,311.0,"120, ANDRE MALRAUX (PLAC",,,Plein jour,En agglomération,Hors intersection,Normale,Deux véhicules - frontale,,,,,,,,,,,1,2,1,1,1
200500068544,0005-10-25 07:10:00,5,10,25,7,10,780,311.0,"43, GAMBETTA (RUE)",,,Nuit avec éclairage allumé,En agglomération,Intersection en T,Normale,Deux véhicules - côté,,,,,,,,,,,5,2,3,1,3
200500068545,0005-10-30 00:55:00,5,10,30,0,55,780,358.0,LE KAIN (AVENUE),,,Nuit avec éclairage allumé,En agglomération,Hors intersection,Normale,Deux véhicules - côté,,,,,,,,,,,5,2,1,1,3
200500068546,0005-10-08 17:12:00,5,10,8,17,12,780,358.0,EGLE (AVENUE),,,Plein jour,En agglomération,Hors intersection,Normale,Autre collision,,,,,,,,,,,1,2,1,1,6
200500068547,0005-10-10 18:10:00,5,10,10,18,10,780,358.0,"73, PARIS (RUE DE)",,,Plein jour,En agglomération,Hors intersection,Normale,Autre collision,,,,,,,,,,,1,2,1,1,6
200500068548,0005-10-25 17:00:00,5,10,25,17,0,780,358.0,"17/21, ROMILLY (RUE DE)",,,Plein jour,En agglomération,Intersection en X,Normale,Deux véhicules - côté,,,,,,,,,,,1,2,2,1,3
200500068549,0005-10-06 20:10:00,5,10,6,20,10,780,362.0,", RUE LOUISE MICHEL",,,Nuit avec éclairage non allumé,En agglomération,Intersection en T,Normale,Deux véhicules - côté,,,,,,,,,,,4,2,3,1,3
200500068550,0005-10-08 23:40:00,5,10,8,23,40,780,217.0,"1, ROUTE D'ELISABETHVILL",,,Nuit sans éclairage public,En agglomération,Hors intersection,Normale,Autre collision,,,,,,,,,,,3,2,1,1,6
200500068551,0005-10-09 02:25:00,5,10,9,2,25,780,314.0,R.N 190,,,Nuit sans éclairage public,Hors agglomération,Hors intersection,Normale,Autre collision,,,,,,,,,,,3,1,1,1,6
200500068552,0005-10-14 23:05:00,5,10,14,23,5,780,335.0,"5, AVENUE J.B COROT",,,Nuit avec éclairage non allumé,En agglomération,Hors intersection,Normale,Autre collision,,,,,,,,,,,4,2,1,1,6
200500068553,0005-10-11 23:40:00,5,10,11,23,40,780,674.0,"0, CD 161",,,Nuit sans éclairage public,Hors agglomération,Hors intersection,Normale,Autre collision,,,,,,,,,,,3,1,1,1,6
200500068554,0005-10-19 16:12:00,5,10,19,16,12,780,350.0,"20, VERSAILLES (ROUTE DE",,,Plein jour,En agglomération,Hors intersection,Temps couvert,Deux véhicules - frontale,,,,,,,,,,,1,2,1,8,1
200500068555,0005-10-01 10:00:00,5,10,1,10,0,780,440.0,VERNEUIL (ROUTE DE),,,Plein jour,En agglomération,Hors intersection,Normale,Sans collision,,,,,,,,,,,1,2,1,1,7
200500068556,0005-10-06 13:15:00,5,10,6,13,15,780,238.0,RENAULT (ROUTE DE),,,Plein jour,Hors agglomération,Hors intersection,Normale,Deux véhicules - arrière,,,,,,,,,,,1,1,1,1,2
200500068557,0005-10-12 12:20:00,5,10,12,12,20,780,401.0,PONT SAINT COME (RUE DU),,,Plein jour,En agglomération,Hors intersection,Normale,Autre collision,,,,,,,,,,,1,2,1,1,6
200500068558,0005-10-20 12:04:00,5,10,20,12,4,780,440.0,VERNEUIL (ROUTE DE),,,Plein jour,En agglomération,Intersection en X,Normale,Autre collision,,,,,,,,,,,1,2,2,1,6
200500068559,0005-10-26 06:00:00,5,10,26,6,0,780,403.0,RD 190,,,Nuit avec éclairage allumé,En agglomération,Hors intersection,Normale,Sans collision,,,,,,,,,,,5,2,1,1,7
200500068560,0005-10-27 10:20:00,5,10,27,10,20,780,440.0,CD 14,,,Plein jour,Hors agglomération,Hors intersection,Normale,Deux véhicules - côté,,,,,,,,,,,1,1,1,1,3
200500068561,0005-10-27 17:39:00,5,10,27,17,39,780,238.0,CD 14,,,Crépuscule ou aube,Hors agglomération,Intersection en X,Normale,Deux véhicules - arrière,,,,,,,,,,,2,1,2,1,2
200500068562,0005-10-27 19:25:00,5,10,27,19,25,780,401.0,D 922,,,Nuit sans éclairage public,Hors agglomération,Hors intersection,Normale,Sans collision,,,,,,,,,,,3,1,1,1,7
200500068563,0005-10-29 11:48:00,5,10,29,11,48,780,440.0,PAUL RAOULT (AVENUE),,,Plein jour,En agglomération,Intersection en X,Normale,Deux véhicules - arrière,,,,,,,,,,,1,2,2,1,2
200500068564,0005-10-28 11:40:00,5,10,28,11,40,780,403.0,RD 190,,,Plein jour,En agglomération,Hors intersection,Normale,Sans collision,,,,,,,,,,,1,2,1,1,7
200500068565,0005-10-04 08:50:00,5,10,4,8,50,780,624.0,RD1,,,Plein jour,Hors agglomération,Intersection en T,Normale,Deux véhicules - côté,,,,,,,,,,,1,1,3,1,3
200500068566,0005-10-11 21:30:00,5,10,11,21,30,780,498.0,CEP AVENUE DU,,,Nuit avec éclairage allumé,En agglomération,Intersection en T,Normale,Deux véhicules - côté,,,,,,,,,,,5,2,3,1,3
200500068567,0005-10-11 12:05:00,5,10,11,12,5,780,498.0,JEANNERET RUE CHARLES ED,,,Plein jour,En agglomération,Intersection en T,Normale,Deux véhicules - frontale,,,,,,,,,,,1,2,3,1,1
200500068568,0005-10-07 07:50:00,5,10,7,7,50,780,498.0,VERSAILLES AV DE,,,Crépuscule ou aube,En agglomération,Hors intersection,Normale,Autre collision,,,,,,,,,,,2,2,1,1,6
200500068569,0005-10-10 20:20:00,5,10,10,20,20,780,643.0,CD 154,,,Nuit avec éclairage non allumé,Hors agglomération,Hors intersection,Normale,Sans collision,,,,,,,,,,,4,1,1,1,7
200500068570,0005-10-24 08:50:00,5,10,24,8,50,780,498.0,ROBESPIERRE BD,,,Plein jour,En agglomération,Intersection en X,Pluie légère,Deux véhicules - frontale,,,,,,,,,,,1,2,2,2,1
200500068571,0005-10-23 16:05:00,5,10,23,16,5,780,643.0,"57, CAPUCINES ALLEE DES",,,Plein jour,En agglomération,Hors intersection,Normale,Autre collision,,,,,,,,,,,1,2,1,1,6
200500068572,0005-10-29 20:55:00,5,10,29,20,55,780,498.0,MALADRERIE AV DE LA,,,Nuit avec éclairage allumé,En agglomération,Intersection en X,Normale,Deux véhicules - côté,,,,,,,,,,,5,2,2,1,3
200500068573,0005-10-28 15:45:00,5,10,28,15,45,780,498.0,"108, VILLIERS RUE DE",,,Plein jour,En agglomération,Hors intersection,Normale,Autre collision,,,,,,,,,,,1,2,1,1,6
200500068574,0005-10-30 13:05:00,5,10,30,13,5,780,498.0,"1, CASTILLE AV BLANCHE D",,,Plein jour,En agglomération,Intersection en X,Normale,Autre collision,,,,,,,,,,,1,2,2,1,6
200500068575,0005-10-29 09:35:00,5,10,29,9,35,780,624.0,"39, HAUTIL RUE DE",,,Plein jour,En agglomération,Hors intersection,Normale,Autre collision,,,,,,,,,,,1,2,1,1,6
200500068576,0005-10-09 21:20:00,5,10,9,21,20,780,517.0,RN 10,,,Crépuscule ou aube,Hors agglomération,Hors intersection,Normale,Deux véhicules - arrière,,,,,,,,,,,2,1,1,1,2
200500068577,0005-10-15 14:25:00,5,10,15,14,25,780,486.0,RN 10,,,Plein jour,Hors agglomération,Intersection en T,Normale,Deux véhicules - côté,,,,,,,,,,,1,1,3,1,3
200500068578,0005-10-18 16:55:00,5,10,18,16,55,780,486.0,"2, ROSEAU (RUE DU)",,,Plein jour,En agglomération,Hors intersection,Normale,Deux véhicules - côté,,,,,,,,,,,1,2,1,1,3
200500068579,0005-10-28 22:00:00,5,10,28,22,0,780,486.0,RN 10,,,Nuit sans éclairage public,Hors agglomération,Hors intersection,Pluie légère,Sans collision,,,,,,,,,,,3,1,1,2,7
200500068580,0005-10-30 02:30:00,5,10,30,2,30,780,220.0,LAVOIR (RUE DU),,,Nuit avec éclairage allumé,En agglomération,Hors intersection,Normale,Sans collision,,,,,,,,,,,5,2,1,1,7
200500068581,0005-10-02 02:45:00,5,10,2,2,45,780,165.0,VIGNES (CHEMIN DES),,,Nuit avec éclairage allumé,En agglomération,Hors intersection,Normale,Deux véhicules - frontale,,,,,,,,,,,5,2,1,1,1
200500068582,0005-10-11 16:20:00,5,10,11,16,20,780,73.0,"8, VAILLANT COUTURIER (R",,,Plein jour,En agglomération,Hors intersection,Normale,Deux véhicules - côté,,,,,,,,,,,1,2,1,1,3
200500068583,0005-10-14 08:45:00,5,10,14,8,45,780,545.0,"indétermin, BARBUSSE (BO",,,Plein jour,En agglomération,Intersection en T,Normale,Autre collision,,,,,,,,,,,1,2,3,1,6
200500068584,0005-10-18 17:10:00,5,10,18,17,10,780,165.0,"INDETER, DAMES (RUE DES)",,,Plein jour,En agglomération,Intersection en T,Normale,Deux véhicules - côté,,,,,,,,,,,1,2,3,1,3
200500068585,0005-10-04 17:00:00,5,10,4,17,0,780,242.0,"indéterm, BIZET (RUE GEO",,,Plein jour,En agglomération,Hors intersection,Normale,Autre collision,,,,,,,,,,,1,2,1,1,6
200500068586,0005-10-28 17:30:00,5,10,28,17,30,780,551.0,RN 184,,,Plein jour,Hors agglomération,Intersection en X,Normale,Deux véhicules - côté,,,,,,,,,,,1,1,2,1,3
200500068587,0005-10-02 00:15:00,5,10,2,0,15,780,481.0,"76, SARTROUVILLE (ROUTE",,,Nuit avec éclairage allumé,En agglomération,Hors intersection,Normale,Autre collision,,,,,,,,,,,5,2,1,1,6
200500068588,0005-10-09 17:55:00,5,10,9,17,55,780,481.0,VOLTAIRE (QUAI),,,Plein jour,En agglomération,Hors intersection,Normale,Deux véhicules - côté,,,,,,,,,,,1,2,1,1,3
200500068589,0005-10-17 08:30:00,5,10,17,8,30,780,551.0,"37, PONTOISE (DE)",,,Plein jour,En agglomération,Hors intersection,Normale,Sans collision,,,,,,,,,,,1,2,1,1,7
200500068590,0005-10-17 08:40:00,5,10,17,8,40,780,551.0,RD 308,,,Plein jour,Hors agglomération,Hors intersection,Normale,Deux véhicules - côté,,,,,,,,,,,1,1,1,1,3
200500068591,0005-10-18 20:50:00,5,10,18,20,50,780,251.0,PINCE LOUP (RUE DU),,,Nuit avec éclairage allumé,Hors agglomération,Hors intersection,Pluie légère,Sans collision,,,,,,,,,,,5,1,1,2,7
200500068592,0005-10-19 05:45:00,5,10,19,5,45,780,481.0,MARECHAL DE LATTRE DE TA,,,Nuit avec éclairage allumé,En agglomération,Hors intersection,Normale,Deux véhicules - frontale,,,,,,,,,,,5,2,1,1,1
200500068593,0005-10-20 19:05:00,5,10,20,19,5,780,551.0,"12, VOLTAIRE",,,Nuit avec éclairage allumé,En agglomération,Hors intersection,Normale,Sans collision,,,,,,,,,,,5,2,1,1,7
200500068594,0005-10-21 11:30:00,5,10,21,11,30,780,551.0,"0, REPUBLIQUE (DE LA)",,,Plein jour,En agglomération,Intersection en X,Normale,Deux véhicules - côté,,,,,,,,,,,1,2,2,1,3
200500068595,0005-10-14 18:45:00,5,10,14,18,45,780,586.0,SCHUMAN (ROBERT),,,Plein jour,En agglomération,Hors intersection,Normale,Autre collision,,,,,,,,,,,1,2,1,1,6
200500068596,0005-10-01 19:00:00,5,10,1,19,0,780,586.0,RABELAIS,,,Plein jour,En agglomération,Intersection en T,Pluie légère,Deux véhicules - côté,,,,,,,,,,,1,2,3,2,3
200500068597,0005-10-07 16:10:00,5,10,7,16,10,780,586.0,STRASBOURG,,,Plein jour,En agglomération,Intersection en X,Normale,Deux véhicules - côté,,,,,,,,,,,1,2,2,1,3
200500068598,0005-10-08 10:25:00,5,10,8,10,25,780,586.0,REPUBLIQUE (AVENUE) N° I,,,Plein jour,En agglomération,Hors intersection,Normale,Trois véhicules et plus - en chaîne,,,,,,,,,,,1,2,1,1,4
200500068599,0005-10-12 08:40:00,5,10,12,8,40,780,586.0,CONVENTION N° IMPAIR,,,Plein jour,En agglomération,Intersection en T,Pluie légère,Deux véhicules - côté,,,,,,,,,,,1,2,3,2,3
200500068600,0005-10-31 21:05:00,5,10,31,21,5,780,586.0,JAURES (AVENUE JEAN) N°,,,Nuit avec éclairage allumé,En agglomération,Hors intersection,Normale,Deux véhicules - côté,,,,,,,,,,,5,2,1,1,3
200500068601,0005-10-11 21:20:00,5,10,11,21,20,780,621.0,DELACROIX (RUE EUGENE),,,Nuit avec éclairage allumé,En agglomération,Intersection en X,Normale,Sans collision,,,,,,,,,,,5,2,2,1,7
200500068602,0005-10-20 13:45:00,5,10,20,13,45,780,621.0,ALLENDE (AVE. SALV.)(NOR,,,Plein jour,En agglomération,Hors intersection,Normale,Autre collision,,,,,,,,,,,1,2,1,1,6
200500068603,0005-10-22 04:05:00,5,10,22,4,5,780,621.0,NATIONALE 10   (ROUTE),,,Nuit avec éclairage allumé,Hors agglomération,Hors intersection,Pluie légère,Sans collision,,,,,,,,,,,5,1,1,2,7
200500068604,0005-10-25 08:05:00,5,10,25,8,5,780,621.0,"30, FRERES LUMIERE (AVEN",,,Crépuscule ou aube,En agglomération,Hors intersection,Temps couvert,Deux véhicules - côté,,,,,,,,,,,2,2,1,8,3
200500068605,0005-10-03 15:15:00,5,10,3,15,15,780,640.0,"26, LOUIS BREGUET (AVENU",,,Plein jour,En agglomération,Hors intersection,Normale,Deux véhicules - arrière,,,,,,,,,,,1,2,1,1,2
200500068606,0005-10-12 11:45:00,5,10,12,11,45,780,640.0,"16-18, EUROPE (AVENUE DE",,,Plein jour,En agglomération,Autre intersection,Normale,Autre collision,,,,,,,,,,,1,2,9,1,6
200500068607,0005-10-12 13:00:00,5,10,12,13,0,780,640.0,EUROPE (AVENUE DE L'),,,Plein jour,En agglomération,Hors intersection,Normale,Deux véhicules - côté,,,,,,,,,,,1,2,1,1,3
200500068608,0005-10-12 13:30:00,5,10,12,13,30,780,640.0,"18, GRANGE DAME ROSE (RU",,,Plein jour,En agglomération,Hors intersection,Normale,Autre collision,,,,,,,,,,,1,2,1,1,6