accident_id,datetime,annee,mois,jour,heure,minute,departement,commune_insee,adresse,latitude,longitude,luminosite,agglomeration,intersection,meteo,collision,nb_vehicules,nb_usagers,nb_indemnes,nb_tues,nb_blesses_hosp,nb_blesses_legers,age_cond_1,age_cond_2,veh_type_cond_1,veh_type_cond_2,lum_code,agg_code,int_code,atm_code,col_code
200500068737,0005-10-07 16:30:00,5,10,7,16,30,830,153.0,", C D 18",,,Plein jour,En agglomération,Hors intersection,Pluie légère,Deux véhicules - arrière,,,,,,,,,,,1,2,1,2,2
200500068738,0005-10-14 16:00:00,5,10,14,16,0,830,126.0,"116, SABLETTES (VIEUX CH",,,Plein jour,En agglomération,Hors intersection,Normale,Deux véhicules - frontale,,,,,,,,,,,1,2,1,1,1
200500068739,0005-10-20 19:05:00,5,10,20,19,5,830,126.0,", LONDRES (AV DE)",,,Nuit sans éclairage public,En agglomération,Hors intersection,Normale,Trois véhicules et plus - collisions multiples,,,,,,,,,,,3,2,1,1,5
200500068740,0005-10-23 01:05:00,5,10,23,1,5,830,126.0,MOULINS (CHEMIN DES 4),,,Nuit sans éclairage public,En agglomération,Hors intersection,Normale,Sans collision,,,,,,,,,,,3,2,1,1,7
200500068741,0005-10-26 19:00:00,5,10,26,19,0,830,126.0,", PETIN (AV HENRI)",,,Nuit avec éclairage allumé,En agglomération,Intersection en X,Normale,Deux véhicules - côté,,,,,,,,,,,5,2,2,1,3
200500068742,0005-10-02 15:35:00,5,10,2,15,35,830,137.0,"0, LYAUTEY (AVE MARECHAL",,,Plein jour,En agglomération,Hors intersection,Normale,Deux véhicules - côté,,,,,,,,,,,1,2,1,1,3
200500068743,0005-10-04 07:30:00,5,10,4,7,30,830,137.0,FONTAN (AVE DU DOCTEUR),,,Crépuscule ou aube,En agglomération,Hors intersection,Temps couvert,Deux véhicules - frontale,,,,,,,,,,,2,2,1,8,1
200500068744,0005-10-04 15:45:00,5,10,4,15,45,830,90.0,SANARY (ROUTE DE),,,Plein jour,Hors agglomération,Hors intersection,Temps couvert,Deux véhicules - arrière,,,,,,,,,,,1,1,1,8,2
200500068745,0005-10-04 17:30:00,5,10,4,17,30,830,137.0,"0, CASSIN (AVE RENE)",,,Plein jour,En agglomération,Intersection en T,Normale,Deux véhicules - frontale,,,,,,,,,,,1,2,3,1,1
200500068746,0005-10-04 17:45:00,5,10,4,17,45,830,137.0,"0, ESCARTEFIGUE (CORNICH",,,Plein jour,En agglomération,Intersection en T,Normale,Deux véhicules - côté,,,,,,,,,,,1,2,3,1,3
200500068747,0005-10-10 14:00:00,5,10,10,14,0,830,137.0,"0, BRIAND (AVE ARISTIDE",,,Plein jour,En agglomération,Hors intersection,Normale,Deux véhicules - arrière,,,,,,,,,,,1,2,1,1,2
200500068748,0005-10-04 12:23:00,5,10,4,12,23,830,62.0,"0, DRAGUIGNAN (AVENUE DE",,,Plein jour,En agglomération,Hors intersection,Normale,Deux véhicules - côté,,,,,,,,,,,1,2,1,1,3
200500068749,0005-10-11 11:20:00,5,10,11,11,20,830,137.0,"675, RESISTANCE (AVE / I",,,Plein jour,En agglomération,Hors intersection,Normale,Autre collision,,,,,,,,,,,1,2,1,1,6
200500068750,0005-10-11 16:45:00,5,10,11,16,45,830,137.0,"88, BRIAND (AVE ARISTIDE",,,Plein jour,En agglomération,Hors intersection,Normale,Autre collision,,,,,,,,,,,1,2,1,1,6
200500068751,0005-10-14 20:30:00,5,10,14,20,30,830,137.0,"0, ARMARIS (BD DES)",,,Nuit avec éclairage allumé,En agglomération,Hors intersection,Normale,Deux véhicules - côté,,,,,,,,,,,5,2,1,1,3
200500068752,0005-10-10 12:25:00,5,10,10,12,25,830,137.0,"0, GANTELME (AVE CHARLES",,,Plein jour,Hors agglomération,Autre intersection,Normale,Deux véhicules - côté,,,,,,,,,,,1,1,9,1,3
200500068753,0005-10-13 08:30:00,5,10,13,8,30,830,103.0,"0, ORATOIRE (CHEMIN DE L",,,Plein jour,En agglomération,Hors intersection,Normale,Deux véhicules - arrière,,,,,,,,,,,1,2,1,1,2
200500068754,0005-10-17 12:10:00,5,10,17,12,10,830,144.0,"572, TOURRIS (CHEMIN)",,,Plein jour,En agglomération,Hors intersection,Normale,Deux véhicules - arrière,,,,,,,,,,,1,2,1,1,2
200500068755,0005-10-14 09:40:00,5,10,14,9,40,830,137.0,"0, BRIAND (AVE ARISTIDE",,,Plein jour,En agglomération,Hors intersection,Normale,Trois véhicules et plus - en chaîne,,,,,,,,,,,1,2,1,1,4
200500068756,0005-10-09 15:40:00,5,10,9,15,40,830,144.0,"0, MIRASOULEOU (AVE)",,,Plein jour,En agglomération,Hors intersection,Normale,Deux véhicules - côté,,,,,,,,,,,1,2,1,1,3
200500068757,0005-10-22 09:09:00,5,10,22,9,9,830,144.0,"0, UNIVERSITE (AVE DE L'",,,Plein jour,En agglomération,Hors intersection,Normale,Deux véhicules - arrière,,,,,,,,,,,1,2,1,1,2
200500068758,0005-10-18 22:30:00,5,10,18,22,30,830,62.0,"0, DUCLOS (AVENUE JACQUE",,,Nuit avec éclairage allumé,En agglomération,Hors intersection,Pluie légère,Autre collision,,,,,,,,,,,5,2,1,2,6
200500068759,0005-10-22 15:35:00,5,10,22,15,35,830,144.0,"0, CEZANNE (RUE PAUL)",,,Plein jour,En agglomération,Intersection en X,Normale,Sans collision,,,,,,,,,,,1,2,2,1,7
200500068760,0005-10-29 13:30:00,5,10,29,13,30,830,62.0,"0, DE LATTRE DE TASSIGNY",,,Plein jour,En agglomération,Hors intersection,Normale,Trois véhicules et plus - en chaîne,,,,,,,,,,,1,2,1,1,4
200500068761,0005-10-27 19:15:00,5,10,27,19,15,830,90.0,"0, TOULON (ANCIEN CHEMIN",,,Nuit sans éclairage public,En agglomération,Intersection en X,Normale,Deux véhicules - côté,,,,,,,,,,,3,2,2,1,3
200500068762,0005-10-21 19:30:00,5,10,21,19,30,830,144.0,VALERY (AVE PAUL),,,Crépuscule ou aube,En agglomération,Intersection en X,Temps couvert,Deux véhicules - côté,,,,,,,,,,,2,2,2,8,3
200500068763,0005-10-29 00:50:00,5,10,29,0,50,830,144.0,"0, BLANC (BD DR EUGENE)",,,Nuit avec éclairage allumé,En agglomération,Hors intersection,Normale,Deux véhicules - frontale,,,,,,,,,,,5,2,1,1,1
200500068764,0005-10-07 09:45:00,5,10,7,9,45,830,137.0,"0, GUILLEMARD (RUE ROBER",,,Plein jour,En agglomération,Intersection en T,Normale,Deux véhicules - frontale,,,,,,,,,,,1,2,3,1,1
200500068765,0005-10-26 16:20:00,5,10,26,16,20,830,137.0,"1698, RESISTANCE (AVE /",,,Plein jour,En agglomération,Intersection en T,Normale,Deux véhicules - côté,,,,,,,,,,,1,2,3,1,3
200500068766,0005-10-21 16:00:00,5,10,21,16,0,830,137.0,"0, ARMARIS (BD DES)",,,Plein jour,En agglomération,Intersection en X,Normale,Deux véhicules - côté,,,,,,,,,,,1,2,2,1,3
200500068767,0005-10-02 18:00:00,5,10,2,18,0,830,90.0,"0, CANNIERS (CHEMIN DES)",,,Plein jour,Hors agglomération,Hors intersection,Normale,Deux véhicules - côté,,,,,,,,,,,1,1,1,1,3
200500068768,0005-10-01 12:25:00,5,10,1,12,25,840,7.0,"21, LYON (route de )",,,Plein jour,En agglomération,Hors intersection,Normale,Deux véhicules - côté,,,,,,,,,,,1,2,1,1,3
200500068769,0005-10-05 09:45:00,5,10,5,9,45,840,7.0,"360, CROIX ROUGE( Avenue",,,Plein jour,En agglomération,Hors intersection,Normale,Autre collision,,,,,,,,,,,1,2,1,1,6
200500068770,0005-10-05 15:00:00,5,10,5,15,0,840,7.0,BIRON (Rue),,,Plein jour,En agglomération,Intersection en X,Normale,Deux véhicules - côté,,,,,,,,,,,1,2,2,1,3
200500068771,0005-10-05 16:30:00,5,10,5,16,30,840,7.0,THIERS (Rue),,,Plein jour,En agglomération,Hors intersection,Normale,Deux véhicules - arrière,,,,,,,,,,,1,2,1,1,2
200500068772,0005-10-05 18:40:00,5,10,5,18,40,840,7.0,FOLIE (Avenue de la),,,Plein jour,En agglomération,Hors intersection,Normale,Deux véhicules - côté,,,,,,,,,,,1,2,1,1,3
200500068773,0005-10-08 12:15:00,5,10,8,12,15,840,7.0,SAINT ETIENNE (Rue),,,Plein jour,En agglomération,Intersection en X,Normale,Deux véhicules - côté,,,,,,,,,,,1,2,2,1,3
200500068774,0005-10-09 15:00:00,5,10,9,15,0,840,7.0,OULLE (Boulevard de l'),,,Plein jour,En agglomération,Hors intersection,Normale,Deux véhicules - côté,,,,,,,,,,,1,2,1,1,3
200500068775,0005-10-10 18:10:00,5,10,10,18,10,840,7.0,PORTAIL MAGNANEN(Rue du),,,Plein jour,En agglomération,Intersection en X,Normale,Deux véhicules - côté,,,,,,,,,,,1,2,2,1,3
200500068776,0005-10-11 15:35:00,5,10,11,15,35,840,7.0,GAMBETTA ( Avenue),,,Plein jour,En agglomération,Hors intersection,Normale,Autre collision,,,,,,,,,,,1,2,1,1,6
200500068777,0005-10-13 16:40:00,5,10,13,16,40,840,7.0,FONCOUVERTE (Avenue de ),,,Plein jour,En agglomération,Hors intersection,Normale,Deux véhicules - côté,,,,,,,,,,,1,2,1,1,3
200500068778,0005-10-14 12:00:00,5,10,14,12,0,840,7.0,REALPANIER (Rond point d,,,Plein jour,En agglomération,Giratoire,Normale,Deux véhicules - côté,,,,,,,,,,,1,2,6,1,3
200500068779,0005-10-15 18:15:00,5,10,15,18,15,840,7.0,CABRIERE ( Avenue de la,,,Plein jour,En agglomération,Intersection en T,Temps couvert,Deux véhicules - frontale,,,,,,,,,,,1,2,3,8,1
200500068780,0005-10-17 12:20:00,5,10,17,12,20,840,7.0,MALPEIGNE (Chemin de),,,Plein jour,En agglomération,Giratoire,Normale,Deux véhicules - arrière,,,,,,,,,,,1,2,6,1,2
200500068781,0005-10-17 16:15:00,5,10,17,16,15,840,7.0,CHARLES DE GAULLE,,,Plein jour,En agglomération,Hors intersection,Normale,Deux véhicules - côté,,,,,,,,,,,1,2,1,1,3
200500068782,0005-10-22 18:35:00,5,10,22,18,35,840,7.0,PIERRE SEMARD (avenue),,,Plein jour,En agglomération,Intersection en X,Normale,Trois véhicules et plus - collisions multiples,,,,,,,,,,,1,2,2,1,5
200500068783,0005-10-24 11:00:00,5,10,24,11,0,840,7.0,MARSEILLE (Route de ),,,Plein jour,Hors agglomération,Giratoire,Normale,Deux véhicules - côté,,,,,,,,,,,1,1,6,1,3
200500068784,0005-10-24 07:45:00,5,10,24,7,45,840,7.0,WETZLAR (Avenue de ),,,Crépuscule ou aube,En agglomération,Intersection en X,Normale,Autre collision,,,,,,,,,,,2,2,2,1,6
200500068785,0005-10-24 17:25:00,5,10,24,17,25,840,7.0,CINQ CANTONS ( Avenue de,,,Plein jour,En agglomération,Giratoire,Normale,Deux véhicules - côté,,,,,,,,,,,1,2,6,1,3
200500068786,0005-10-25 11:25:00,5,10,25,11,25,840,7.0,THIERS (Rue),,,Plein jour,En agglomération,Hors intersection,Normale,Deux véhicules - côté,,,,,,,,,,,1,2,1,1,3
200500068787,0005-10-25 18:15:00,5,10,25,18,15,840,7.0,MELCHIOR HYACINTHE  MORE,,,Plein jour,En agglomération,Hors intersection,Normale,Deux véhicules - côté,,,,,,,,,,,1,2,1,1,3
200500068788,0005-10-26 16:45:00,5,10,26,16,45,840,7.0,LYON (route de ),,,Plein jour,En agglomération,Intersection en X,Normale,Trois véhicules et plus - collisions multiples,,,,,,,,,,,1,2,2,1,5
200500068789,0005-10-27 08:10:00,5,10,27,8,10,840,7.0,MARSEILLE (Route de ),,,Plein jour,En agglomération,Giratoire,Temps couvert,Deux véhicules - côté,,,,,,,,,,,1,2,6,8,3
200500068790,0005-10-27 23:15:00,5,10,27,23,15,840,7.0,SOUSPIROUS,,,Nuit sans éclairage public,En agglomération,Hors intersection,Normale,Autre collision,,,,,,,,,,,3,2,1,1,6
200500068791,0005-10-31 03:30:00,5,10,31,3,30,840,7.0,DOCTEUR PONS (Route tour,,,Nuit sans éclairage public,En agglomération,Hors intersection,Normale,Deux véhicules - arrière,,,,,,,,,,,3,2,1,1,2
200500068792,0005-10-28 09:25:00,5,10,28,9,25,840,7.0,TRILLADE (avenue de la ),,,Plein jour,Hors agglomération,Hors intersection,Normale,Deux véhicules - côté,,,,,,,,,,,1,1,1,1,3
200500068793,0005-10-06 22:05:00,5,10,6,22,5,840,35.0,"327, VERDUN (AVENUE DE)",,,Nuit avec éclairage allumé,En agglomération,Hors intersection,Normale,Deux véhicules - arrière,,,,,,,,,,,5,2,1,1,2
200500068794,0005-10-07 13:10:00,5,10,7,13,10,840,35.0,"00, SARNETTE (AVENUE ABE",,,Plein jour,En agglomération,Hors intersection,Normale,Deux véhicules - frontale,,,,,,,,,,,1,2,1,1,1
200500068795,0005-10-09 02:45:00,5,10,9,2,45,840,35.0,AVIGNON-RD973 (ROUTE D'),,,Nuit sans éclairage public,Hors agglomération,Hors intersection,Normale,Deux véhicules - frontale,,,,,,,,,,,3,1,1,1,1
200500068796,0005-10-14 07:40:00,5,10,14,7,40,840,35.0,"110, PONT (AVENUE DU)",,,Plein jour,En agglomération,Hors intersection,Normale,Deux véhicules - côté,,,,,,,,,,,1,2,1,1,3
200500068797,0005-10-17 00:45:00,5,10,17,0,45,840,35.0,"00, VIGNERES-RD98 (ROUTE",,,Nuit sans éclairage public,Hors agglomération,Hors intersection,Normale,Autre collision,,,,,,,,,,,3,1,1,1,6
200500068798,0005-10-21 01:40:00,5,10,21,1,40,840,35.0,"00, KENNEDY (AVENUE J.F.",,,Nuit avec éclairage non allumé,En agglomération,Hors intersection,Normale,Sans collision,,,,,,,,,,,4,2,1,1,7
200500068799,0005-10-29 14:10:00,5,10,29,14,10,840,35.0,"00, GAMBETTA (COURS LEON",,,Plein jour,En agglomération,Hors intersection,Normale,Deux véhicules - frontale,,,,,,,,,,,1,2,1,1,1
200500068800,0005-10-30 14:10:00,5,10,30,14,10,840,35.0,"000, GORDES-RD15 (ROUTE",,,Plein jour,Hors agglomération,Hors intersection,Normale,Deux véhicules - frontale,,,,,,,,,,,1,1,1,1,1
200500068801,0005-10-29 11:00:00,5,10,29,11,0,840,87.0,"243, CONTRESCARPE (RUE)",,,Plein jour,En agglomération,Hors intersection,Normale,Sans collision,,,,,,,,,,,1,2,1,1,7
200500068802,0005-10-01 02:40:00,5,10,1,2,40,850,191.0,RD 80,,,Nuit sans éclairage public,En agglomération,Hors intersection,Normale,Autre collision,,,,,,,,,,,3,2,1,1,6
200500068803,0005-10-03 18:05:00,5,10,3,18,5,850,191.0,GITE-PILORGE RUE ET IMPA,,,Plein jour,En agglomération,Hors intersection,Normale,Deux véhicules - frontale,,,,,,,,,,,1,2,1,1,1
200500068804,0005-10-14 13:35:00,5,10,14,13,35,850,191.0,"0, SORINIERE CHEMIN DE L",,,Plein jour,En agglomération,Hors intersection,Normale,Deux véhicules - frontale,,,,,,,,,,,1,2,1,1,1
200500068805,0005-10-15 13:00:00,5,10,15,13,0,850,191.0,"0, ERAUDIERES PLACE DES",,,Plein jour,En agglomération,Intersection en X,Normale,Deux véhicules - côté,,,,,,,,,,,1,2,2,1,3
200500068806,0005-10-15 11:48:00,5,10,15,11,48,850,191.0,"0, LAMARTINE RUE ALPHONS",,,Plein jour,En agglomération,Intersection en X,Normale,Deux véhicules - côté,,,,,,,,,,,1,2,2,1,3
200500068807,0005-10-21 14:19:00,5,10,21,14,19,850,191.0,"0, SALENGRO RUE ROGER S.",,,Plein jour,En agglomération,Hors intersection,Pluie légère,Autre collision,,,,,,,,,,,1,2,1,2,6
200500068808,0005-10-21 20:10:00,5,10,21,20,10,850,191.0,"0, CD 746",,,Nuit sans éclairage public,En agglomération,Intersection en T,Pluie légère,Deux véhicules - côté,,,,,,,,,,,3,2,3,2,3
200500068809,0005-10-24 09:30:00,5,10,24,9,30,850,191.0,"0, SALENGRO RUE ROGER S.",,,Plein jour,En agglomération,Hors intersection,Normale,Deux véhicules - côté,,,,,,,,,,,1,2,1,1,3
200500068810,0005-10-19 10:45:00,5,10,19,10,45,850,194.0,"., COUBERTIN (RUE PIERRE",,,Plein jour,En agglomération,Hors intersection,Normale,Deux véhicules - arrière,,,,,,,,,,,1,2,1,1,2
200500068811,0005-10-13 01:30:00,5,10,13,1,30,850,194.0,"8, ILE VERTIME (BOULEVAR",,,Nuit avec éclairage allumé,En agglomération,Hors intersection,Pluie légère,Autre collision,,,,,,,,,,,5,2,1,2,6
200500068812,0005-10-18 08:10:00,5,10,18,8,10,860,66.0,PITET (RUE RAYMOND),,,Crépuscule ou aube,En agglomération,Hors intersection,Normale,Deux véhicules - côté,,,,,,,,,,,2,2,1,1,3
200500068813,0005-10-20 17:10:00,5,10,20,17,10,860,66.0,PLESSARD (RUE CHARLES),,,Plein jour,En agglomération,Intersection en T,Temps couvert,Deux véhicules - côté,,,,,,,,,,,1,2,3,8,3
200500068814,0005-10-05 14:05:00,5,10,5,14,5,860,194.0,FAUBOURG PONT NEUF (RUE,,,Plein jour,En agglomération,Intersection en T,Normale,Deux véhicules - côté,,,,,,,,,,,1,2,3,1,3
200500068815,0005-10-07 08:00:00,5,10,7,8,0,860,194.0,RN 147 LE BREUIL MINGOT,,,Crépuscule ou aube,Hors agglomération,Hors intersection,Brouillard / fumée,Trois véhicules et plus - en chaîne,,,,,,,,,,,2,1,1,5,4
200500068816,0005-10-10 11:45:00,5,10,10,11,45,860,194.0,"., COURONNERIES (RUE DES",,,Plein jour,En agglomération,Intersection en X,Normale,Deux véhicules - côté,,,,,,,,,,,1,2,2,1,3
200500068817,0005-10-10 23:10:00,5,10,10,23,10,860,194.0,CHASSEIGNE (BOULEVARD),,,Nuit avec éclairage allumé,En agglomération,Hors intersection,Normale,Deux véhicules - côté,,,,,,,,,,,5,2,1,1,3
200500068818,0005-10-11 18:15:00,5,10,11,18,15,860,194.0,8 MAI 1945 (AVENUE DU),,,Plein jour,En agglomération,Giratoire,Normale,Deux véhicules - arrière,,,,,,,,,,,1,2,6,1,2
200500068819,0005-10-12 22:55:00,5,10,12,22,55,860,194.0,JOHN KENNEDY (AVENUE),,,Nuit avec éclairage allumé,En agglomération,Hors intersection,Normale,Trois véhicules et plus - en chaîne,,,,,,,,,,,5,2,1,1,4
200500068820,0005-10-13 07:30:00,5,10,13,7,30,860,194.0,"24, JEANNE D'ARC (BOULEV",,,Crépuscule ou aube,En agglomération,Hors intersection,Pluie légère,Autre collision,,,,,,,,,,,2,2,1,2,6
200500068821,0005-10-14 16:35:00,5,10,14,16,35,860,194.0,11 NOVEMBRE (AVENUE DU),,,Plein jour,En agglomération,Hors intersection,Normale,Deux véhicules - côté,,,,,,,,,,,1,2,1,1,3
200500068822,0005-10-14 21:30:00,5,10,14,21,30,860,194.0,ANDRE MALRAUX (VOIE),,,Nuit avec éclairage allumé,En agglomération,Autre intersection,Normale,Autre collision,,,,,,,,,,,5,2,9,1,6
200500068823,0005-10-15 12:15:00,5,10,15,12,15,860,41.0,"152, BONNEUIL MATOURS (R",,,Plein jour,Hors agglomération,Intersection en T,Normale,Deux véhicules - arrière,,,,,,,,,,,1,1,3,1,2
200500068824,0005-10-15 19:55:00,5,10,15,19,55,860,157.0,RN.147,,,Nuit avec éclairage non allumé,En agglomération,Intersection en X,Pluie légère,Deux véhicules - arrière,,,,,,,,,,,4,2,2,2,2
200500068825,0005-10-16 10:40:00,5,10,16,10,40,860,194.0,JOHN KENNEDY (AVENUE),,,Plein jour,En agglomération,Hors intersection,Normale,Autre collision,,,,,,,,,,,1,2,1,1,6
200500068826,0005-10-17 16:40:00,5,10,17,16,40,860,194.0,EUROPE (AVENUE DE L'),,,Plein jour,En agglomération,Hors intersection,Normale,Trois véhicules et plus - en chaîne,,,,,,,,,,,1,2,1,1,4
200500068827,0005-10-18 15:00:00,5,10,18,15,0,860,214.0,ROCADE SUD EST (RD 162),,,Plein jour,Hors agglomération,Hors intersection,Pluie forte,Autre collision,,,,,,,,,,,1,1,1,3,6
200500068828,0005-10-19 15:10:00,5,10,19,15,10,860,194.0,"74, CARMELITES (RUE DES)",,,Plein jour,En agglomération,Hors intersection,Normale,Deux véhicules - côté,,,,,,,,,,,1,2,1,1,3
200500068829,0005-10-20 20:25:00,5,10,20,20,25,860,194.0,"25, COURS (PROMENADE DES",,,Nuit avec éclairage allumé,En agglomération,Hors intersection,Normale,Autre collision,,,,,,,,,,,5,2,1,1,6
200500068830,0005-10-24 13:40:00,5,10,24,13,40,860,214.0,11 NOVEMBRE (AVENUE DU),,,Plein jour,En agglomération,Hors intersection,Normale,Trois véhicules et plus - en chaîne,,,,,,,,,,,1,2,1,1,4
200500068831,0005-10-24 16:00:00,5,10,24,16,0,860,194.0,EUROPE (AVENUE DE L'),,,Plein jour,En agglomération,Hors intersection,Normale,Deux véhicules - arrière,,,,,,,,,,,1,2,1,1,2
200500068832,0005-10-26 17:10:00,5,10,26,17,10,860,194.0,"., CONDORCET (RUE)",,,Plein jour,En agglomération,Hors intersection,Normale,Deux véhicules - côté,,,,,,,,,,,1,2,1,1,3
200500068833,0005-10-26 23:10:00,5,10,26,23,10,860,157.0,"228, NOUAILLE (ROUTE DE)",,,Nuit sans éclairage public,En agglomération,Hors intersection,Normale,Sans collision,,,,,,,,,,,3,2,1,1,7
200500068834,0005-10-27 13:05:00,5,10,27,13,5,860,194.0,11 NOVEMBRE (AVENUE DU),,,Plein jour,En agglomération,Intersection en X,Normale,Deux véhicules - côté,,,,,,,,,,,1,2,2,1,3
200500068835,0005-10-27 15:20:00,5,10,27,15,20,860,194.0,"27, CUEILLE MIREBALAISE",,,Plein jour,En agglomération,Hors intersection,Normale,Autre collision,,,,,,,,,,,1,2,1,1,6
200500068836,0005-10-27 17:05:00,5,10,27,17,5,860,194.0,"105, NANTES (AVENUE DE)",,,Plein jour,En agglomération,Hors intersection,Normale,Autre collision,,,,,,,,,,,1,2,1,1,6
200500068837,0005-10-27 18:55:00,5,10,27,18,55,860,194.0,"106, LIBERATION (AVENUE",,,Nuit avec éclairage allumé,En agglomération,Hors intersection,Normale,Trois véhicules et plus - collisions multiples,,,,,,,,,,,5,2,1,1,5
200500068838,0005-10-30 16:35:00,5,10,30,16,35,860,194.0,"., BEAULIEU (RUE DE)",,,Plein jour,En agglomération,Intersection en T,Normale,Deux véhicules - côté,,,,,,,,,,,1,2,3,1,3
200500068839,0005-10-31 12:55:00,5,10,31,12,55,860,194.0,"., MILETRIE (RUE DE LA)",,,Plein jour,En agglomération,Intersection en X,Normale,Deux véhicules - côté,,,,,,,,,,,1,2,2,1,3
200500068840,0005-10-31 15:05:00,5,10,31,15,5,860,41.0,RN 147 BUXEROLLES,,,Plein jour,Hors agglomération,Hors intersection,Normale,Trois véhicules et plus - en chaîne,,,,,,,,,,,1,1,1,1,4
200500068841,0005-10-31 18:10:00,5,10,31,18,10,860,194.0,"7, VICTOR HUGO (RUE)",,,Nuit avec éclairage allumé,En agglomération,Hors intersection,Normale,Autre collision,,,,,,,,,,,5,2,1,1,6
200500068842,0005-10-01 11:30:00,5,10,1,11,30,870,85.0,"1, JAURES (RUE JEAN)",,,Plein jour,En agglomération,Intersection en T,Pluie légère,Deux véhicules - côté,,,,,,,,,,,1,2,3,2,3
200500068843,0005-10-01 11:50:00,5,10,1,11,50,870,85.0,ESSARTS (RUE DES),,,Plein jour,Hors agglomération,Hors intersection,Normale,Sans collision,,,,,,,,,,,1,1,1,1,7
200500068844,0005-10-01 14:50:00,5,10,1,14,50,870,85.0,ARMAND (AVE Z.A.C,,,Plein jour,Hors agglomération,Hors intersection,Normale,Deux véhicules - arrière,,,,,,,,,,,1,1,1,1,2
200500068845,0005-10-02 14:50:00,5,10,2,14,50,870,85.0,SCHUMAN (BOULEVARD ROBER,,,Plein jour,En agglomération,Hors intersection,Pluie légère,Deux véhicules - arrière,,,,,,,,,,,1,2,1,2,2
200500068846,0005-10-02 16:25:00,5,10,2,16,25,870,50.0,TEXONNIERAS (RUE DE),,,Plein jour,Hors agglomération,Hors intersection,Pluie légère,Autre collision,,,,,,,,,,,1,1,1,2,6
200500068847,0005-10-02 17:48:00,5,10,2,17,48,870,85.0,AUTOROUTE A20,,,Plein jour,Hors agglomération,Hors intersection,Pluie légère,Deux véhicules - arrière,,,,,,,,,,,1,1,1,2,2
200500068848,0005-10-03 08:50:00,5,10,3,8,50,870,85.0,"5, ARAGON (ALLEE LOUIS)",,,Plein jour,En agglomération,Hors intersection,Normale,Sans collision,,,,,,,,,,,1,2,1,1,7
200500068849,0005-10-03 13:22:00,5,10,3,13,22,870,85.0,"41-43, REVOLUTION (AVENU",,,Plein jour,En agglomération,Hors intersection,Normale,Deux véhicules - côté,,,,,,,,,,,1,2,1,1,3
200500068850,0005-10-04 15:02:00,5,10,4,15,2,870,85.0,"52, APPERT (RUE NICOLAS)",,,Plein jour,En agglomération,Hors intersection,Normale,Autre collision,,,,,,,,,,,1,2,1,1,6
200500068851,0005-10-04 19:50:00,5,10,4,19,50,870,85.0,"48, FREDON (RUE JEAN)",,,Crépuscule ou aube,En agglomération,Hors intersection,Pluie légère,Sans collision,,,,,,,,,,,2,2,1,2,7
200500068852,0005-10-05 18:00:00,5,10,5,18,0,870,85.0,"2, CHARLET (RUE GASTON)",,,Plein jour,En agglomération,Intersection en T,Normale,Deux véhicules - arrière,,,,,,,,,,,1,2,3,1,2
200500068853,0005-10-06 10:17:00,5,10,6,10,17,870,85.0,"30, BENEDICTINS (AVENUE",,,Plein jour,En agglomération,Hors intersection,Normale,Autre collision,,,,,,,,,,,1,2,1,1,6
200500068854,0005-10-06 16:58:00,5,10,6,16,58,870,85.0,"27, BLANC LOUIS (BOULEVA",,,Plein jour,En agglomération,Hors intersection,Normale,Autre collision,,,,,,,,,,,1,2,1,1,6
200500068855,0005-10-07 12:40:00,5,10,7,12,40,870,85.0,"53, SAINTE CLAIRE (RUE)",,,Plein jour,En agglomération,Intersection en X,Normale,Deux véhicules - côté,,,,,,,,,,,1,2,2,1,3
200500068856,0005-10-07 18:35:00,5,10,7,18,35,870,85.0,"260, LECLERC (AVENUE DU",,,Plein jour,En agglomération,Hors intersection,Normale,Deux véhicules - côté,,,,,,,,,,,1,2,1,1,3
200500068857,0005-10-08 02:15:00,5,10,8,2,15,870,85.0,"2, PERI (AVENUE GABRIEL)",,,Nuit avec éclairage allumé,En agglomération,Hors intersection,Normale,Autre collision,,,,,,,,,,,5,2,1,1,6
200500068858,0005-10-08 07:25:00,5,10,8,7,25,870,85.0,ESSARTS (RUE DES),,,Crépuscule ou aube,Hors agglomération,Hors intersection,Normale,Sans collision,,,,,,,,,,,2,1,1,1,7
200500068859,0005-10-10 08:00:00,5,10,10,8,0,870,50.0,"44, LIMOGES (AVENUE DE)",,,Plein jour,En agglomération,Hors intersection,Normale,Autre collision,,,,,,,,,,,1,2,1,1,6
200500068860,0005-10-10 19:30:00,5,10,10,19,30,870,85.0,"118, CURIE  (RUE PIERRE",,,Nuit avec éclairage allumé,En agglomération,Intersection en T,Normale,Deux véhicules - côté,,,,,,,,,,,5,2,3,1,3
200500068861,0005-10-11 13:35:00,5,10,11,13,35,870,85.0,"70, RUBEN (AVENUE ERNEST",,,Plein jour,En agglomération,Intersection en X,Normale,Deux véhicules - côté,,,,,,,,,,,1,2,2,1,3
200500068862,0005-10-12 16:45:00,5,10,12,16,45,870,85.0,AUTOROUTE A20,,,Plein jour,Hors agglomération,Hors intersection,Normale,Autre collision,,,,,,,,,,,1,1,1,1,6
200500068863,0005-10-12 21:50:00,5,10,12,21,50,870,85.0,"03, AINE (PLACE D')",,,Nuit avec éclairage allumé,En agglomération,Hors intersection,Normale,Deux véhicules - côté,,,,,,,,,,,5,2,1,1,3
200500068864,0005-10-12 11:42:00,5,10,12,11,42,870,85.0,"47, REGNARD (RUE)",,,Plein jour,En agglomération,Hors intersection,Normale,Autre collision,,,,,,,,,,,1,2,1,1,6