accident_id,datetime,annee,mois,jour,heure,minute,departement,commune_insee,adresse,latitude,longitude,luminosite,agglomeration,intersection,meteo,collision,nb_vehicules,nb_usagers,nb_indemnes,nb_tues,nb_blesses_hosp,nb_blesses_legers,age_cond_1,age_cond_2,veh_type_cond_1,veh_type_cond_2,lum_code,agg_code,int_code,atm_code,col_code
200500068865,0005-10-13 16:35:00,5,10,13,16,35,870,85.0,"40, RHIN ET DANUBE (RUE)",,,Plein jour,En agglomération,Hors intersection,Normale,Sans collision,,,,,,,,,,,1,2,1,1,7
200500068866,0005-10-14 16:23:00,5,10,14,16,23,870,85.0,"24, AURIOL (AVENUE DU PR",,,Plein jour,En agglomération,Hors intersection,Normale,Deux véhicules - côté,,,,,,,,,,,1,2,1,1,3
200500068867,0005-10-15 14:40:00,5,10,15,14,40,870,85.0,MAUPASSANT (RUE GUY DE),,,Plein jour,En agglomération,Intersection en T,Normale,Deux véhicules - côté,,,,,,,,,,,1,2,3,1,3
200500068868,0005-10-15 22:48:00,5,10,15,22,48,870,75.0,D79,,,Nuit avec éclairage allumé,Hors agglomération,Hors intersection,Normale,Autre collision,,,,,,,,,,,5,1,1,1,6
200500068869,0005-10-13 07:35:00,5,10,13,7,35,870,85.0,BROGLIE (AVENUE LOUIS DE,,,Plein jour,En agglomération,Hors intersection,Normale,Deux véhicules - côté,,,,,,,,,,,1,2,1,1,3
200500068870,0005-10-16 12:40:00,5,10,16,12,40,870,85.0,"126, LECLERC (AVENUE DU",,,Plein jour,En agglomération,Hors intersection,Normale,Deux véhicules - côté,,,,,,,,,,,1,2,1,1,3
200500068871,0005-10-16 18:38:00,5,10,16,18,38,870,85.0,"21, BELLAC (RUE DE)",,,Plein jour,En agglomération,Hors intersection,Normale,Deux véhicules - côté,,,,,,,,,,,1,2,1,1,3
200500068872,0005-10-17 10:28:00,5,10,17,10,28,870,85.0,"12, JOURDAN (PLACE)",,,Plein jour,En agglomération,Hors intersection,Normale,Autre collision,,,,,,,,,,,1,2,1,1,6
200500068873,0005-10-19 05:05:00,5,10,19,5,5,870,85.0,"7, GARIBALDI (AVENUE)",,,Nuit avec éclairage allumé,En agglomération,Hors intersection,Pluie légère,Sans collision,,,,,,,,,,,5,2,1,2,7
200500068874,0005-10-20 07:40:00,5,10,20,7,40,870,85.0,"128, DUTREIX (RUE ARMAND",,,Crépuscule ou aube,En agglomération,Intersection en T,Normale,Deux véhicules - côté,,,,,,,,,,,2,2,3,1,3
200500068875,0005-10-20 14:19:00,5,10,20,14,19,870,85.0,"11, PERRIN (RUE FRANCOIS",,,Plein jour,En agglomération,Hors intersection,Normale,Deux véhicules - arrière,,,,,,,,,,,1,2,1,1,2
200500068876,0005-10-20 13:45:00,5,10,20,13,45,870,85.0,FOUGERAS (RUE DE),,,Plein jour,En agglomération,Hors intersection,Normale,Autre collision,,,,,,,,,,,1,2,1,1,6
200500068877,0005-10-20 20:00:00,5,10,20,20,0,870,85.0,CHARENTES (PLACE DES),,,Crépuscule ou aube,En agglomération,Hors intersection,Normale,Deux véhicules - frontale,,,,,,,,,,,2,2,1,1,1
200500068878,0005-10-20 19:00:00,5,10,20,19,0,870,85.0,"35, GARIBALDI (AVENUE)",,,Nuit avec éclairage allumé,En agglomération,Hors intersection,Normale,Deux véhicules - frontale,,,,,,,,,,,5,2,1,1,1
200500068879,0005-10-21 07:50:00,5,10,21,7,50,870,85.0,"101, RUCHOUX (AVENUE DES",,,Crépuscule ou aube,En agglomération,Autre intersection,Pluie légère,Autre collision,,,,,,,,,,,2,2,9,2,6
200500068880,0005-10-21 11:17:00,5,10,21,11,17,870,85.0,VANTEAUX (BOULEVARD DE),,,Plein jour,En agglomération,Hors intersection,Pluie légère,Autre collision,,,,,,,,,,,1,2,1,2,6
200500068881,0005-10-22 06:50:00,5,10,22,6,50,870,75.0,RN 21,,,Crépuscule ou aube,Hors agglomération,Hors intersection,Normale,Autre collision,,,,,,,,,,,2,1,1,1,6
200500068882,0005-10-23 21:30:00,5,10,23,21,30,870,85.0,SABLIERE (LA),,,Nuit sans éclairage public,En agglomération,Hors intersection,Normale,Autre collision,,,,,,,,,,,3,2,1,1,6
200500068883,0005-10-25 08:40:00,5,10,25,8,40,870,85.0,LANDOUGE (AVENUE DE),,,Plein jour,Hors agglomération,Intersection en T,Normale,Deux véhicules - côté,,,,,,,,,,,1,1,3,1,3
200500068884,0005-10-25 15:05:00,5,10,25,15,5,870,85.0,"48, SAINT MARTIAL (PONT)",,,Plein jour,En agglomération,Hors intersection,Normale,Autre collision,,,,,,,,,,,1,2,1,1,6
200500068885,0005-10-25 15:45:00,5,10,25,15,45,870,85.0,"44, JAURES (RUE JEAN)",,,Plein jour,En agglomération,Hors intersection,Normale,Deux véhicules - côté,,,,,,,,,,,1,2,1,1,3
200500068886,0005-10-25 17:34:00,5,10,25,17,34,870,85.0,"282, PERRIN (RUE FRANCOI",,,Plein jour,En agglomération,Hors intersection,Normale,Deux véhicules - côté,,,,,,,,,,,1,2,1,1,3
200500068887,0005-10-26 10:15:00,5,10,26,10,15,870,85.0,"2, MARCLAND (RUE DU DOCT",,,Plein jour,En agglomération,Hors intersection,Normale,Autre collision,,,,,,,,,,,1,2,1,1,6
200500068888,0005-10-26 10:25:00,5,10,26,10,25,870,85.0,"11, CLOUET (RUE)",,,Plein jour,En agglomération,Hors intersection,Normale,Deux véhicules - côté,,,,,,,,,,,1,2,1,1,3
200500068889,0005-10-26 14:00:00,5,10,26,14,0,870,85.0,"26, MAUVENDIERE (RUE DE",,,Plein jour,En agglomération,Hors intersection,Normale,Trois véhicules et plus - en chaîne,,,,,,,,,,,1,2,1,1,4
200500068890,0005-10-26 18:25:00,5,10,26,18,25,870,75.0,"2, D79",,,Plein jour,En agglomération,Hors intersection,Normale,Autre collision,,,,,,,,,,,1,2,1,1,6
200500068891,0005-10-26 18:43:00,5,10,26,18,43,870,85.0,"71, LECLERC (AVENUE DU G",,,Plein jour,En agglomération,Hors intersection,Normale,Autre collision,,,,,,,,,,,1,2,1,1,6
200500068892,0005-10-27 15:21:00,5,10,27,15,21,870,50.0,RN 147,,,Plein jour,En agglomération,Intersection en T,Normale,Deux véhicules - côté,,,,,,,,,,,1,2,3,1,3
200500068893,0005-10-27 19:05:00,5,10,27,19,5,870,65.0,PONTEIX (AVENUE DU),,,Nuit avec éclairage allumé,Hors agglomération,Hors intersection,Normale,Trois véhicules et plus - en chaîne,,,,,,,,,,,5,1,1,1,4
200500068894,0005-10-29 15:40:00,5,10,29,15,40,870,85.0,"219, LATTRE-DE-TASSIGNY",,,Plein jour,En agglomération,Hors intersection,Normale,Deux véhicules - arrière,,,,,,,,,,,1,2,1,1,2
200500068895,0005-10-29 17:00:00,5,10,29,17,0,870,85.0,"8, CARNOT (BOULEVARD)",,,Plein jour,En agglomération,Hors intersection,Normale,Autre collision,,,,,,,,,,,1,2,1,1,6
200500068896,0005-10-31 12:10:00,5,10,31,12,10,870,85.0,"15, FONDERIE (RUE DE LA)",,,Plein jour,En agglomération,Intersection en X,Normale,Deux véhicules - côté,,,,,,,,,,,1,2,2,1,3
200500068897,0005-10-31 15:45:00,5,10,31,15,45,870,75.0,D79,,,Plein jour,Hors agglomération,Hors intersection,Pluie légère,Autre collision,,,,,,,,,,,1,1,1,2,6
200500068898,0005-10-05 08:50:00,5,10,5,8,50,880,160.0,"50, SAINT-DIE (AV. DE)",,,Plein jour,En agglomération,Hors intersection,Temps couvert,Deux véhicules - arrière,,,,,,,,,,,1,2,1,8,2
200500068899,0005-10-08 16:00:00,5,10,8,16,0,880,209.0,"74, LECLERC ( RUE GENERA",,,Plein jour,En agglomération,Hors intersection,Temps éblouissant,Autre collision,,,,,,,,,,,1,2,1,7,6
200500068900,0005-10-13 10:15:00,5,10,13,10,15,880,160.0,DOCELLES (TRANCHEE DE ),,,Plein jour,Hors agglomération,Hors intersection,Normale,Trois véhicules et plus - collisions multiples,,,,,,,,,,,1,1,1,1,5
200500068901,0005-10-24 14:30:00,5,10,24,14,30,880,209.0,"1, JEAN-CHARLES PELLERIN",,,Plein jour,En agglomération,Intersection en X,Normale,Deux véhicules - côté,,,,,,,,,,,1,2,2,1,3
200500068902,0005-10-14 17:45:00,5,10,14,17,45,880,160.0,"24 ter, DOGNEVILLE (Q. D",,,Plein jour,En agglomération,Intersection en T,Normale,Trois véhicules et plus - collisions multiples,,,,,,,,,,,1,2,3,1,5
200500068903,0005-10-15 17:30:00,5,10,15,17,30,880,160.0,"7BIS, LOGE-BLANCHE (AV.",,,Plein jour,En agglomération,Intersection en T,Normale,Deux véhicules - côté,,,,,,,,,,,1,2,3,1,3
200500068904,0005-10-29 10:11:00,5,10,29,10,11,880,429.0,Route de la Plaine d'Elo,,,Plein jour,En agglomération,Hors intersection,Normale,Autre collision,,,,,,,,,,,1,2,1,1,6
200500068905,0005-10-08 01:27:00,5,10,8,1,27,880,413.0,"92, ROUTE D'HERBAVILLE",,,Nuit avec éclairage allumé,Hors agglomération,Hors intersection,Normale,Autre collision,,,,,,,,,,,5,1,1,1,6
200500068906,0005-10-01 02:15:00,5,10,1,2,15,880,413.0,"10, Rue de LA GARE",,,Nuit avec éclairage allumé,En agglomération,Hors intersection,Pluie légère,Autre collision,,,,,,,,,,,5,2,1,2,6
200500068907,0005-10-18 21:45:00,5,10,18,21,45,880,413.0,"0, RUE D'AMERIQUE",,,Nuit avec éclairage allumé,En agglomération,Intersection en X,Normale,Deux véhicules - côté,,,,,,,,,,,5,2,2,1,3
200500068908,0005-10-29 10:15:00,5,10,29,10,15,880,413.0,"0, QUAI CARNOT",,,Plein jour,En agglomération,Hors intersection,Normale,Deux véhicules - côté,,,,,,,,,,,1,2,1,1,3
200500068909,0005-10-11 12:30:00,5,10,11,12,30,890,24.0,"00, PARIS (RUE DE)",,,Plein jour,En agglomération,Hors intersection,Normale,Autre collision,,,,,,,,,,,1,2,1,1,6
200500068910,0005-10-24 13:20:00,5,10,24,13,20,890,24.0,OCRERIE (RUE DE L'),,,Plein jour,En agglomération,Hors intersection,Normale,Sans collision,,,,,,,,,,,1,2,1,1,7
200500068911,0005-10-21 15:20:00,5,10,21,15,20,890,24.0,"19, JEAN JAURES (AVENUE)",,,Plein jour,En agglomération,Hors intersection,Normale,Autre collision,,,,,,,,,,,1,2,1,1,6
200500068912,0005-10-17 11:15:00,5,10,17,11,15,890,387.0,"0, MAIL (BOULEVARD DU)",,,Plein jour,En agglomération,Intersection en X,Normale,Autre collision,,,,,,,,,,,1,2,2,1,6
200500068913,0005-10-05 12:55:00,5,10,5,12,55,900,10.0,"1, HOUBRE (RUE)",,,Plein jour,En agglomération,Intersection en X,Normale,Deux véhicules - côté,,,,,,,,,,,1,2,2,1,3
200500068914,0005-10-08 17:35:00,5,10,8,17,35,900,8.0,GRAND'RUE,,,Plein jour,En agglomération,Hors intersection,Normale,Deux véhicules - arrière,,,,,,,,,,,1,2,1,1,2
200500068915,0005-10-08 22:00:00,5,10,8,22,0,900,1.0,"12 bis, MONTBELIARD (ROU",,,Nuit avec éclairage allumé,En agglomération,Intersection en T,Normale,Deux véhicules - côté,,,,,,,,,,,5,2,3,1,3
200500068916,0005-10-10 16:45:00,5,10,10,16,45,900,10.0,JAURES (AVENUE JEAN) A 1,,,Plein jour,En agglomération,Intersection en T,Normale,Deux véhicules - côté,,,,,,,,,,,1,2,3,1,3
200500068917,0005-10-11 11:30:00,5,10,11,11,30,900,10.0,"1, VALLET (QUAI)",,,Plein jour,En agglomération,Hors intersection,Normale,Autre collision,,,,,,,,,,,1,2,1,1,6
200500068918,0005-10-11 15:40:00,5,10,11,15,40,900,99.0,"22, DE GAULLE (RUE DU GE",,,Plein jour,En agglomération,Hors intersection,Normale,Deux véhicules - côté,,,,,,,,,,,1,2,1,1,3
200500068919,0005-10-12 10:55:00,5,10,12,10,55,900,10.0,KENNEDY (BOULEVARD),,,Plein jour,En agglomération,Intersection en X,Normale,Autre collision,,,,,,,,,,,1,2,2,1,6
200500068920,0005-10-14 10:05:00,5,10,14,10,5,900,10.0,MONTBELIARD (FAUBOURG DE,,,Plein jour,En agglomération,Intersection en X,Normale,Deux véhicules - côté,,,,,,,,,,,1,2,2,1,3
200500068921,0005-10-19 11:30:00,5,10,19,11,30,900,10.0,"1, CHANTEREINE (RUE DE)",,,Plein jour,En agglomération,Intersection en T,Pluie légère,Deux véhicules - côté,,,,,,,,,,,1,2,3,2,3
200500068922,0005-10-19 14:45:00,5,10,19,14,45,900,10.0,BRISACH (AVENUE DE),,,Plein jour,En agglomération,Hors intersection,Temps couvert,Deux véhicules - arrière,,,,,,,,,,,1,2,1,8,2
200500068923,0005-10-21 12:25:00,5,10,21,12,25,900,10.0,"1, USINES (AVENUE DES)",,,Plein jour,En agglomération,Hors intersection,Normale,Deux véhicules - côté,,,,,,,,,,,1,2,1,1,3
200500068924,0005-10-25 09:40:00,5,10,25,9,40,900,10.0,"1, VALDOIE (RUE DE)",,,Plein jour,En agglomération,Intersection en T,Normale,Deux véhicules - côté,,,,,,,,,,,1,2,3,1,3
200500068925,0005-10-25 14:05:00,5,10,25,14,5,900,99.0,"6, MONNET (RUE JEAN)",,,Plein jour,En agglomération,Hors intersection,Normale,Deux véhicules - frontale,,,,,,,,,,,1,2,1,1,1
200500068926,0005-10-25 15:30:00,5,10,25,15,30,900,10.0,MONTBELIARD (FAUBOURG DE,,,Plein jour,En agglomération,Hors intersection,Normale,Deux véhicules - arrière,,,,,,,,,,,1,2,1,1,2
200500068927,0005-10-25 18:00:00,5,10,25,18,0,900,39.0,DE GAULLE (RUE DU GENERA,,,Plein jour,En agglomération,Intersection en T,Normale,Deux véhicules - côté,,,,,,,,,,,1,2,3,1,3
200500068928,0005-10-26 14:05:00,5,10,26,14,5,900,10.0,"6, STEHLIN (RUE)",,,Plein jour,En agglomération,Intersection en X,Normale,Deux véhicules - côté,,,,,,,,,,,1,2,2,1,3
200500068929,0005-10-26 18:30:00,5,10,26,18,30,900,10.0,"12, BLUM (RUE LEON)",,,Nuit avec éclairage allumé,En agglomération,Hors intersection,Normale,Autre collision,,,,,,,,,,,5,2,1,1,6
200500068930,0005-10-28 18:00:00,5,10,28,18,0,900,10.0,"1, HANOI (RUE D')",,,Plein jour,En agglomération,Hors intersection,Normale,Deux véhicules - arrière,,,,,,,,,,,1,2,1,1,2
200500068931,0005-10-29 04:00:00,5,10,29,4,0,900,99.0,TURENNE (RUE DE),,,Nuit avec éclairage allumé,En agglomération,Hors intersection,Normale,Autre collision,,,,,,,,,,,5,2,1,1,6
200500068932,0005-10-29 16:35:00,5,10,29,16,35,900,10.0,"42, CROIX DU TILLEUL (RU",,,Plein jour,En agglomération,Hors intersection,Normale,Trois véhicules et plus - en chaîne,,,,,,,,,,,1,2,1,1,4
200500068933,0005-10-30 10:50:00,5,10,30,10,50,900,10.0,"12, DELEMONT (RUE DE)",,,Plein jour,En agglomération,Hors intersection,Normale,Autre collision,,,,,,,,,,,1,2,1,1,6
200500068934,0005-10-31 10:15:00,5,10,31,10,15,900,10.0,"02, MOULIN (AVENUE JEAN)",,,Plein jour,En agglomération,Hors intersection,Normale,Deux véhicules - arrière,,,,,,,,,,,1,2,1,1,2
200500068935,0005-10-12 12:40:00,5,10,12,12,40,910,21.0,"19, PAIX (RUE DE LA)",,,Plein jour,En agglomération,Intersection en X,Normale,Autre collision,,,,,,,,,,,1,2,2,1,6
200500068936,0005-10-20 08:00:00,5,10,20,8,0,910,21.0,"24, CAMUS ALBERT (RUE)",,,Nuit sans éclairage public,En agglomération,Giratoire,Pluie forte,Autre collision,,,,,,,,,,,3,2,6,3,6
200500068937,0005-10-27 17:50:00,5,10,27,17,50,910,457.0,CD 19,,,Plein jour,Hors agglomération,Intersection en X,Normale,Deux véhicules - côté,,,,,,,,,,,1,1,2,1,3
200500068938,0005-10-28 11:30:00,5,10,28,11,30,910,425.0,BORDET (RUE),,,Plein jour,En agglomération,Hors intersection,Normale,Autre collision,,,,,,,,,,,1,2,1,1,6
200500068939,0005-10-12 07:50:00,5,10,12,7,50,910,27.0,"156, MITTERAND (AVENUE F",,,Crépuscule ou aube,En agglomération,Hors intersection,Normale,Autre collision,,,,,,,,,,,2,2,1,1,6
200500068940,0005-10-12 15:50:00,5,10,12,15,50,910,27.0,"37, INDUSTRIE (QUAI DE L",,,Plein jour,En agglomération,Hors intersection,Normale,Autre collision,,,,,,,,,,,1,2,1,1,6
200500068941,0005-10-27 13:15:00,5,10,27,13,15,910,27.0,"18, SEMBAT (AVENUE MARCE",,,Plein jour,En agglomération,Hors intersection,Normale,Autre collision,,,,,,,,,,,1,2,1,1,6
200500068942,0005-10-05 11:15:00,5,10,5,11,15,910,514.0,LIBERATION (RUE DE LA),,,Plein jour,En agglomération,Intersection en X,Normale,Deux véhicules - côté,,,,,,,,,,,1,2,2,1,3
200500068943,0005-10-08 15:05:00,5,10,8,15,5,910,631.0,MANDRES (RUE DE),,,Plein jour,En agglomération,Hors intersection,Normale,Deux véhicules - côté,,,,,,,,,,,1,2,1,1,3
200500068944,0005-10-03 08:05:00,5,10,3,8,5,910,174.0,JEAN JAURES (BOULEVARD),,,Plein jour,Hors agglomération,Giratoire,Normale,Deux véhicules - côté,,,,,,,,,,,1,1,6,1,3
200500068945,0005-10-07 09:00:00,5,10,7,9,0,910,174.0,"0, LEON RAULT (RUE)",,,Plein jour,En agglomération,Hors intersection,Normale,Autre collision,,,,,,,,,,,1,2,1,1,6
200500068946,0005-10-11 10:00:00,5,10,11,10,0,910,174.0,"0, FERAY ( rue )",,,Plein jour,En agglomération,Intersection en T,Normale,Deux véhicules - côté,,,,,,,,,,,1,2,3,1,3
200500068947,0005-10-01 06:40:00,5,10,1,6,40,910,201.0,EUROPE(AVENUE DE L'),,,Nuit avec éclairage allumé,En agglomération,Hors intersection,Pluie légère,Deux véhicules - frontale,,,,,,,,,,,5,2,1,2,1
200500068948,0005-10-05 21:00:00,5,10,5,21,0,910,201.0,GENERAL DE GAULLE(BOULEV,,,Nuit avec éclairage allumé,En agglomération,Hors intersection,Normale,Autre collision,,,,,,,,,,,5,2,1,1,6
200500068949,0005-10-10 12:45:00,5,10,10,12,45,910,201.0,"0, WALDECK ROUSSEAU (RUE",,,Plein jour,En agglomération,Hors intersection,Normale,Deux véhicules - frontale,,,,,,,,,,,1,2,1,1,1
200500068950,0005-10-10 19:00:00,5,10,10,19,0,910,201.0,"0, HENRI BARBUSSE(BOULEV",,,Plein jour,En agglomération,Place,Normale,Deux véhicules - côté,,,,,,,,,,,1,2,7,1,3
200500068951,0005-10-15 11:20:00,5,10,15,11,20,910,657.0,JULES VERNE (RUE),,,Plein jour,En agglomération,Intersection en X,Normale,Deux véhicules - côté,,,,,,,,,,,1,2,2,1,3
200500068952,0005-10-21 11:50:00,5,10,21,11,50,910,657.0,JULES VERNE (RUE),,,Plein jour,En agglomération,Hors intersection,Normale,Autre collision,,,,,,,,,,,1,2,1,1,6
200500068953,0005-10-21 13:15:00,5,10,21,13,15,910,201.0,HENRI BARBUSSE(BOULEVARD,,,Plein jour,En agglomération,Hors intersection,Normale,Deux véhicules - arrière,,,,,,,,,,,1,2,1,1,2
200500068954,0005-10-21 14:20:00,5,10,21,14,20,910,201.0,HENRI BARBUSSE(BOULEVARD,,,Plein jour,En agglomération,Hors intersection,Normale,Deux véhicules - frontale,,,,,,,,,,,1,2,1,1,1
200500068955,0005-10-27 18:00:00,5,10,27,18,0,910,657.0,FREDERIC JOLIOT CURIE (A,,,Plein jour,En agglomération,Hors intersection,Normale,Autre collision,,,,,,,,,,,1,2,1,1,6
200500068956,0005-10-08 16:05:00,5,10,8,16,5,910,223.0,CHARPENTIER (AVENUE THEO,,,Plein jour,En agglomération,Hors intersection,Normale,Autre collision,,,,,,,,,,,1,2,1,1,6
200500068957,0005-10-15 09:15:00,5,10,15,9,15,910,433.0,GRANDE RUE,,,Plein jour,En agglomération,Hors intersection,Normale,Deux véhicules - côté,,,,,,,,,,,1,2,1,1,3
200500068958,0005-10-18 19:30:00,5,10,18,19,30,910,223.0,PASTEUR (BOULEVARD),,,Plein jour,En agglomération,Intersection en T,Normale,Deux véhicules - côté,,,,,,,,,,,1,2,3,1,3
200500068959,0005-10-20 04:41:00,5,10,20,4,41,910,223.0,"16, SAINT MICHEL (BOULEV",,,Nuit avec éclairage allumé,En agglomération,Hors intersection,Normale,Deux véhicules - côté,,,,,,,,,,,5,2,1,1,3
200500068960,0005-10-26 17:40:00,5,10,26,17,40,910,223.0,R.D.721,,,Plein jour,Hors agglomération,Intersection en X,Normale,Deux véhicules - côté,,,,,,,,,,,1,1,2,1,3
200500068961,0005-10-27 17:02:00,5,10,27,17,2,910,433.0,R.N.20,,,Plein jour,Hors agglomération,Hors intersection,Normale,Sans collision,,,,,,,,,,,1,1,1,1,7
200500068962,0005-10-28 21:16:00,5,10,28,21,16,910,433.0,RN 191,,,Nuit sans éclairage public,Hors agglomération,Hors intersection,Pluie légère,Sans collision,,,,,,,,,,,3,1,1,2,7
200500068963,0005-10-10 17:00:00,5,10,10,17,0,910,521.0,"40, LIBERATION (AVENUE D",,,Plein jour,En agglomération,Hors intersection,Normale,Autre collision,,,,,,,,,,,1,2,1,1,6
200500068964,0005-10-10 19:10:00,5,10,10,19,10,910,228.0,"., PARKING SUD  P 5 EVRY",,,Plein jour,En agglomération,Intersection en T,Normale,Deux véhicules - côté,,,,,,,,,,,1,2,3,1,3
200500068965,0005-10-12 09:15:00,5,10,12,9,15,910,182.0,"., PARLEMENT EUROPEEN (R",,,Plein jour,En agglomération,Giratoire,Normale,Deux véhicules - côté,,,,,,,,,,,1,2,6,1,3
200500068966,0005-10-15 20:25:00,5,10,15,20,25,910,228.0,"72, CHAMPS ELYSEES(BD) N",,,Nuit avec éclairage allumé,En agglomération,Hors intersection,Normale,Autre collision,,,,,,,,,,,5,2,1,1,6
200500068967,0005-10-15 01:30:00,5,10,15,1,30,910,228.0,CHAMPS ELYSEES(BD) N°180,,,Nuit avec éclairage allumé,En agglomération,Intersection en T,Normale,Deux véhicules - côté,,,,,,,,,,,5,2,3,1,3
200500068968,0005-10-17 19:00:00,5,10,17,19,0,910,521.0,"., MENNECY (ROUTE DE)",,,Plein jour,Hors agglomération,Hors intersection,Normale,Sans collision,,,,,,,,,,,1,1,1,1,7
200500068969,0005-10-18 09:00:00,5,10,18,9,0,910,228.0,"., MAZIERES (RUE DES)",,,Plein jour,En agglomération,Hors intersection,Normale,Autre collision,,,,,,,,,,,1,2,1,1,6
200500068970,0005-10-18 11:40:00,5,10,18,11,40,910,228.0,"., DECAUVILLE (BOULEVARD",,,Plein jour,En agglomération,Hors intersection,Normale,Autre collision,,,,,,,,,,,1,2,1,1,6
200500068971,0005-10-19 20:35:00,5,10,19,20,35,910,228.0,"., EUROPE (BD) N° PAIRS",,,Nuit avec éclairage allumé,En agglomération,Intersection en X,Normale,Deux véhicules - côté,,,,,,,,,,,5,2,2,1,3
200500068972,0005-10-20 08:50:00,5,10,20,8,50,910,521.0,"face 83, GRIGNY (ROUTE D",,,Plein jour,En agglomération,Hors intersection,Pluie légère,Deux véhicules - arrière,,,,,,,,,,,1,2,1,2,2
200500068973,0005-10-20 09:15:00,5,10,20,9,15,910,182.0,"., MERMOZ (RUE JEAN)",,,Plein jour,En agglomération,Hors intersection,Pluie légère,Deux véhicules - côté,,,,,,,,,,,1,2,1,2,3
200500068974,0005-10-26 18:15:00,5,10,26,18,15,910,521.0,REMY (RUE ALBERT),,,Plein jour,En agglomération,Hors intersection,Normale,Autre collision,,,,,,,,,,,1,2,1,1,6
200500068975,0005-10-27 09:25:00,5,10,27,9,25,910,228.0,"., COQUIBUS(BD)",,,Nuit avec éclairage allumé,En agglomération,Hors intersection,Normale,Autre collision,,,,,,,,,,,5,2,1,1,6
200500068976,0005-10-28 16:50:00,5,10,28,16,50,910,182.0,"., PARLEMENT EUROPEEN (R",,,Plein jour,En agglomération,Hors intersection,Normale,Deux véhicules - côté,,,,,,,,,,,1,2,1,1,3
200500068977,0005-10-30 14:20:00,5,10,30,14,20,910,182.0,"12/14, BRASSENS (RUE GEO",,,Plein jour,En agglomération,Hors intersection,Normale,Deux véhicules - côté,,,,,,,,,,,1,2,1,1,3
200500068978,0005-10-09 00:01:00,5,10,9,0,1,910,326.0,"4, MONTTESSUY (RUE DE)",,,Nuit avec éclairage allumé,En agglomération,Hors intersection,Normale,Autre collision,,,,,,,,,,,5,2,1,1,6
200500068979,0005-10-04 14:00:00,5,10,4,14,0,910,286.0,"0, ROUTE NATIONALE 7",,,Plein jour,En agglomération,Hors intersection,Temps couvert,Deux véhicules - arrière,,,,,,,,,,,1,2,1,8,2
200500068980,0005-10-03 17:45:00,5,10,3,17,45,910,326.0,"0, JEAN-PIERRE TIMBAUD (",,,Plein jour,Hors agglomération,Hors intersection,Normale,Autre collision,,,,,,,,,,,1,1,1,1,6
200500068981,0005-10-19 07:45:00,5,10,19,7,45,910,286.0,"0, ROUTE NATIONALE 445",,,Crépuscule ou aube,En agglomération,Hors intersection,Pluie légère,Autre collision,,,,,,,,,,,2,2,1,2,6
200500068982,0005-10-31 13:00:00,5,10,31,13,0,910,687.0,"000, AMEDEE GORDINI (PLA",,,Plein jour,En agglomération,Giratoire,Normale,Deux véhicules - côté,,,,,,,,,,,1,2,6,1,3
200500068983,0005-10-05 14:15:00,5,10,5,14,15,910,421.0,NATIONALE 6 (PARTIE FORE,,,Plein jour,Hors agglomération,Hors intersection,Normale,Deux véhicules - frontale,,,,,,,,,,,1,1,1,1,1
200500068984,0005-10-08 23:30:00,5,10,8,23,30,910,691.0,"31, GOURGAUD(AVENUE)",,,Nuit avec éclairage allumé,En agglomération,Hors intersection,Normale,Sans collision,,,,,,,,,,,5,2,1,1,7
200500068985,0005-10-09 20:20:00,5,10,9,20,20,910,421.0,"168, REPUBLIQUE (AVENUE",,,Nuit avec éclairage allumé,En agglomération,Intersection en T,Normale,Autre collision,,,,,,,,,,,5,2,3,1,6
200500068986,0005-10-13 20:30:00,5,10,13,20,30,910,421.0,"67, REPUBLIQUE (AVENUE D",,,Nuit avec éclairage allumé,En agglomération,Hors intersection,Normale,Autre collision,,,,,,,,,,,5,2,1,1,6
200500068987,0005-10-19 16:50:00,5,10,19,16,50,910,421.0,"50, CORBEIL (ROUTE DE)",,,Plein jour,En agglomération,Hors intersection,Normale,Deux véhicules - frontale,,,,,,,,,,,1,2,1,1,1
200500068988,0005-10-20 10:40:00,5,10,20,10,40,910,691.0,"44, GABRIEL PERI(RUE) DU",,,Plein jour,En agglomération,Hors intersection,Normale,Deux véhicules - arrière,,,,,,,,,,,1,2,1,1,2
200500068989,0005-10-23 16:55:00,5,10,23,16,55,910,691.0,"50, FREDERIC MISTRAL(RUE",,,Plein jour,En agglomération,Intersection en T,Normale,Deux véhicules - côté,,,,,,,,,,,1,2,3,1,3
200500068990,0005-10-24 18:25:00,5,10,24,18,25,910,421.0,FORET DE SENART (CHEMIN,,,Plein jour,En agglomération,Hors intersection,Normale,Sans collision,,,,,,,,,,,1,2,1,1,7
200500068991,0005-10-25 16:30:00,5,10,25,16,30,910,421.0,"16, MARECHAL FOCH (AVENU",,,Plein jour,En agglomération,Hors intersection,Normale,Sans collision,,,,,,,,,,,1,2,1,1,7
200500068992,0005-10-26 16:05:00,5,10,26,16,5,910,421.0,"5, MARECHAL FOCH (AVENUE",,,Plein jour,En agglomération,Intersection en T,Normale,Deux véhicules - côté,,,,,,,,,,,1,2,3,1,3
200500068993,0005-10-27 13:45:00,5,10,27,13,45,910,691.0,"2, MARCEAU BAILLIOTI(RUE",,,Plein jour,En agglomération,Hors intersection,Normale,Deux véhicules - arrière,,,,,,,,,,,1,2,1,1,2
200500068994,0005-10-07 07:48:00,5,10,7,7,48,910,692.0,OCEANIE (AVENUE DE L'),,,Crépuscule ou aube,Hors agglomération,Hors intersection,Normale,Deux véhicules - arrière,,,,,,,,,,,2,1,1,1,2