accident_id,datetime,annee,mois,jour,heure,minute,departement,commune_insee,adresse,latitude,longitude,luminosite,agglomeration,intersection,meteo,collision,nb_vehicules,nb_usagers,nb_indemnes,nb_tues,nb_blesses_hosp,nb_blesses_legers,age_cond_1,age_cond_2,veh_type_cond_1,veh_type_cond_2,lum_code,agg_code,int_code,atm_code,col_code
200500069383,0005-10-01 19:50:00,5,10,1,19,50,930,55.0,"168, JEAN JAURES (AVENUE",,,Nuit avec éclairage allumé,En agglomération,Hors intersection,Pluie légère,Deux véhicules - arrière,,,,,,,,,,,5,2,1,2,2
200500069384,0005-10-03 07:25:00,5,10,3,7,25,930,55.0,"12, HOCHE",,,Plein jour,En agglomération,Hors intersection,Normale,Autre collision,,,,,,,,,,,1,2,1,1,6
200500069385,0005-10-03 08:10:00,5,10,3,8,10,930,55.0,"233, ANATOLE FRANCE (AVE",,,Plein jour,En agglomération,Hors intersection,Temps couvert,Trois véhicules et plus - collisions multiples,,,,,,,,,,,1,2,1,8,5
200500069386,0005-10-09 18:50:00,5,10,9,18,50,930,55.0,"80, CHARLES NODIER",,,Nuit avec éclairage allumé,En agglomération,Hors intersection,Normale,Autre collision,,,,,,,,,,,5,2,1,1,6
200500069387,0005-10-11 13:30:00,5,10,11,13,30,930,55.0,HOCHE,,,Plein jour,En agglomération,Intersection en X,Normale,Deux véhicules - côté,,,,,,,,,,,1,2,2,1,3
200500069388,0005-10-12 17:15:00,5,10,12,17,15,930,55.0,JEAN LOLIVE (AVENUE)(55/,,,Plein jour,En agglomération,Intersection en T,Normale,Autre collision,,,,,,,,,,,1,2,3,1,6
200500069389,0005-10-12 17:25:00,5,10,12,17,25,930,55.0,"134, GENERAL LECLERC(AVE",,,Plein jour,En agglomération,Hors intersection,Normale,Deux véhicules - arrière,,,,,,,,,,,1,2,1,1,2
200500069390,0005-10-14 07:15:00,5,10,14,7,15,930,55.0,"179, JEAN LOLIVE (AVENUE",,,Nuit avec éclairage allumé,En agglomération,Intersection en T,Normale,Deux véhicules - côté,,,,,,,,,,,5,2,3,1,3
200500069391,0005-10-26 18:20:00,5,10,26,18,20,930,55.0,JEAN NICOT,,,Plein jour,En agglomération,Intersection en X,Normale,Sans collision,,,,,,,,,,,1,2,2,1,7
200500069392,0005-10-01 19:50:00,5,10,1,19,50,930,62.0,"26, CHATEAU D'EAU (ALLEE",,,Nuit avec éclairage allumé,En agglomération,Intersection en X,Normale,Deux véhicules - côté,,,,,,,,,,,5,2,2,1,3
200500069393,0005-10-03 10:10:00,5,10,3,10,10,930,14.0,ROMAIN ROLLAND (ALLEE),,,Plein jour,En agglomération,Intersection en X,Pluie légère,Deux véhicules - côté,,,,,,,,,,,1,2,2,2,3
200500069394,0005-10-05 17:50:00,5,10,5,17,50,930,14.0,"01, JEAN MOULIN (AVENUE)",,,Plein jour,En agglomération,Hors intersection,Normale,Autre collision,,,,,,,,,,,1,2,1,1,6
200500069395,0005-10-06 12:25:00,5,10,6,12,25,930,62.0,"15, ERMITAGE (ALLEE DE L",,,Plein jour,En agglomération,Hors intersection,Normale,Deux véhicules - arrière,,,,,,,,,,,1,2,1,1,2
200500069396,0005-10-06 20:40:00,5,10,6,20,40,930,14.0,"22, MAURICE HURON (ALLEE",,,Nuit sans éclairage public,En agglomération,Intersection en X,Normale,Deux véhicules - côté,,,,,,,,,,,3,2,2,1,3
200500069397,0005-10-12 09:15:00,5,10,12,9,15,930,62.0,"21, EGLISE (ALLEE DE L')",,,Plein jour,En agglomération,Hors intersection,Normale,Deux véhicules - arrière,,,,,,,,,,,1,2,1,1,2
200500069398,0005-10-12 16:10:00,5,10,12,16,10,930,62.0,JARDIN ANGLAIS ET DE FIN,,,Plein jour,En agglomération,Intersection en X,Normale,Autre collision,,,,,,,,,,,1,2,2,1,6
200500069399,0005-10-01 22:10:00,5,10,1,22,10,930,14.0,CASTILLON (ALLEE DE),,,Nuit avec éclairage allumé,En agglomération,Intersection en T,Normale,Deux véhicules - côté,,,,,,,,,,,5,2,3,1,3
200500069400,0005-10-19 17:45:00,5,10,19,17,45,930,62.0,"73, RESISTANCE (AVENUE D",,,Plein jour,En agglomération,Hors intersection,Pluie légère,Autre collision,,,,,,,,,,,1,2,1,2,6
200500069401,0005-10-22 20:05:00,5,10,22,20,5,930,62.0,"0, GENERAL DE GAULLE (PL",,,Nuit avec éclairage allumé,En agglomération,Hors intersection,Normale,Autre collision,,,,,,,,,,,5,2,1,1,6
200500069402,0005-10-24 10:25:00,5,10,24,10,25,930,14.0,"07 et 11, SEVIGNE (AVENU",,,Plein jour,En agglomération,Hors intersection,Pluie légère,Deux véhicules - côté,,,,,,,,,,,1,2,1,2,3
200500069403,0005-10-25 21:15:00,5,10,25,21,15,930,62.0,RESISTANCE (AVENUE DE LA,,,Nuit avec éclairage allumé,En agglomération,Intersection à plus de 4 branches,Temps couvert,Deux véhicules - côté,,,,,,,,,,,5,2,5,8,3
200500069404,0005-10-26 08:25:00,5,10,26,8,25,930,62.0,GARE (COUR DE LA),,,Crépuscule ou aube,En agglomération,Hors intersection,Pluie légère,Sans collision,,,,,,,,,,,2,2,1,2,7
200500069405,0005-10-26 23:15:00,5,10,26,23,15,930,62.0,MONTFERMEIL (ALLEE DE) 1,,,Nuit avec éclairage allumé,En agglomération,Hors intersection,Normale,Autre collision,,,,,,,,,,,5,2,1,1,6
200500069406,0005-10-28 14:15:00,5,10,28,14,15,930,62.0,", PLATEAU (ALLEE DU)",,,Plein jour,En agglomération,Intersection en X,Temps couvert,Autre collision,,,,,,,,,,,1,2,2,8,6
200500069407,0005-10-01 15:00:00,5,10,1,15,0,930,77.0,"132, NEUILLY (RUE DE)",,,Plein jour,En agglomération,Intersection en T,Normale,Deux véhicules - arrière,,,,,,,,,,,1,2,3,1,2
200500069408,0005-10-06 14:25:00,5,10,6,14,25,930,77.0,"14, MONTAGNE SAVART (RUE",,,Plein jour,En agglomération,Intersection en X,Normale,Deux véhicules - côté,,,,,,,,,,,1,2,2,1,3
200500069409,0005-10-09 14:55:00,5,10,9,14,55,930,77.0,"123, GRANDE RUE  18 / FI",,,Plein jour,En agglomération,Hors intersection,Normale,Autre collision,,,,,,,,,,,1,2,1,1,6
200500069410,0005-10-04 17:40:00,5,10,4,17,40,930,66.0,CARNOT (BOULEVARD),,,Plein jour,En agglomération,Intersection en X,Normale,Autre collision,,,,,,,,,,,1,2,2,1,6
200500069411,0005-10-04 20:20:00,5,10,4,20,20,930,66.0,LENINE (AVENUE) NR 28 A,,,Nuit avec éclairage allumé,En agglomération,Hors intersection,Normale,Autre collision,,,,,,,,,,,5,2,1,1,6
200500069412,0005-10-10 10:45:00,5,10,10,10,45,930,66.0,"67, ""PERI GABRIEL, NR 2",,,Plein jour,En agglomération,Hors intersection,Normale,Deux véhicules - côté,,,,,,,,,,,1,2,1,1,3
200500069413,0005-10-10 13:15:00,5,10,10,13,15,930,66.0,"74, WILSON (AVENUE DU PR",,,Plein jour,En agglomération,Hors intersection,Normale,Deux véhicules - arrière,,,,,,,,,,,1,2,1,1,2
200500069414,0005-10-10 22:10:00,5,10,10,22,10,930,66.0,"92, SAULNIER JULES",,,Nuit sans éclairage public,En agglomération,Hors intersection,Normale,Deux véhicules - arrière,,,,,,,,,,,3,2,1,1,2
200500069415,0005-10-14 08:20:00,5,10,14,8,20,930,66.0,UNIVERSITE PARIS VIII,,,Plein jour,En agglomération,Hors intersection,Normale,Deux véhicules - arrière,,,,,,,,,,,1,2,1,1,2
200500069416,0005-10-14 17:40:00,5,10,14,17,40,930,66.0,"""SEMBAT MARCEL (BD), NR",,,Plein jour,En agglomération,Intersection en X,Normale,Deux véhicules - frontale,,,,,,,,,,,1,2,2,1,1
200500069417,0005-10-15 13:30:00,5,10,15,13,30,930,66.0,WILSON (AVENUE DU PRESID,,,Plein jour,Hors agglomération,Hors intersection,Normale,Trois véhicules et plus - collisions multiples,,,,,,,,,,,1,1,1,1,5
200500069418,0005-10-15 22:20:00,5,10,15,22,20,930,66.0,FRANCE ANATOLE (BOULEVAR,,,Nuit avec éclairage allumé,En agglomération,Place,Normale,Trois véhicules et plus - collisions multiples,,,,,,,,,,,5,2,7,1,5
200500069419,0005-10-17 15:40:00,5,10,17,15,40,930,66.0,"50, WILSON (AVENUE DU PR",,,Plein jour,En agglomération,Autre intersection,Normale,Deux véhicules - côté,,,,,,,,,,,1,2,9,1,3
200500069420,0005-10-24 12:25:00,5,10,24,12,25,930,66.0,"13, JAURES JEAN (PLACE)",,,Plein jour,En agglomération,Hors intersection,Pluie légère,Autre collision,,,,,,,,,,,1,2,1,2,6
200500069421,0005-10-24 11:00:00,5,10,24,11,0,930,66.0,PASTEUR,,,Plein jour,Hors agglomération,Hors intersection,Pluie légère,Autre collision,,,,,,,,,,,1,1,1,2,6
200500069422,0005-10-25 10:20:00,5,10,25,10,20,930,66.0,LENINE (AVENUE) NR 28 A,,,Plein jour,En agglomération,Hors intersection,Normale,Trois véhicules et plus - collisions multiples,,,,,,,,,,,1,2,1,1,5
200500069423,0005-10-26 09:20:00,5,10,26,9,20,930,66.0,"64, VAILLANT COUTURIER P",,,Plein jour,En agglomération,Hors intersection,Temps couvert,Deux véhicules - côté,,,,,,,,,,,1,2,1,8,3
200500069424,0005-10-27 18:30:00,5,10,27,18,30,930,66.0,LENINE (AVENUE) NR 28 A,,,Crépuscule ou aube,En agglomération,Hors intersection,Normale,Deux véhicules - côté,,,,,,,,,,,2,2,1,1,3
200500069425,0005-10-29 12:15:00,5,10,29,12,15,930,66.0,"10, MOULIN JEAN (AVE) NR",,,Plein jour,En agglomération,Autre intersection,Normale,Deux véhicules - arrière,,,,,,,,,,,1,2,9,1,2
200500069426,0005-10-29 15:15:00,5,10,29,15,15,930,39.0,SEINE (QUAI DE ),,,Plein jour,En agglomération,Hors intersection,Normale,Autre collision,,,,,,,,,,,1,2,1,1,6
200500069427,0005-10-30 22:50:00,5,10,30,22,50,930,39.0,"20, MECHIN",,,Nuit avec éclairage allumé,En agglomération,Intersection en T,Normale,Deux véhicules - côté,,,,,,,,,,,5,2,3,1,3
200500069428,0005-10-29 19:20:00,5,10,29,19,20,930,66.0,BASILIQUE (PROMENADE),,,Nuit avec éclairage allumé,En agglomération,Hors intersection,Normale,Autre collision,,,,,,,,,,,5,2,1,1,6
200500069429,0005-10-31 11:30:00,5,10,31,11,30,930,66.0,LENINE (AVENUE) NR 28 A,,,Plein jour,En agglomération,Intersection en Y,Normale,Trois véhicules et plus - en chaîne,,,,,,,,,,,1,2,4,1,4
200500069430,0005-10-06 11:00:00,5,10,6,11,0,930,70.0,CAPITAINE-GLARNER (AV),,,Plein jour,En agglomération,Hors intersection,Temps couvert,Deux véhicules - côté,,,,,,,,,,,1,2,1,8,3
200500069431,0005-10-09 22:10:00,5,10,9,22,10,930,70.0,", ARAGO(RUE)",,,Nuit avec éclairage allumé,En agglomération,Intersection en T,Normale,Deux véhicules - côté,,,,,,,,,,,5,2,3,1,3
200500069432,0005-10-10 19:00:00,5,10,10,19,0,930,70.0,"19, CHARLES SCHMIDT(RUE)",,,Crépuscule ou aube,En agglomération,Hors intersection,Normale,Autre collision,,,,,,,,,,,2,2,1,1,6
200500069433,0005-10-13 11:55:00,5,10,13,11,55,930,70.0,"16, GABRIEL-PERI (AV)",,,Plein jour,En agglomération,Hors intersection,Normale,Autre collision,,,,,,,,,,,1,2,1,1,6
200500069434,0005-10-14 17:00:00,5,10,14,17,0,930,70.0,"115, VICTOR-HUGO (BD)",,,Plein jour,En agglomération,Hors intersection,Normale,Deux véhicules - arrière,,,,,,,,,,,1,2,1,1,2
200500069435,0005-10-22 10:49:00,5,10,22,10,49,930,70.0,"05, GABRIEL-PERI (AV)",,,Plein jour,En agglomération,Hors intersection,Normale,Deux véhicules - côté,,,,,,,,,,,1,2,1,1,3
200500069436,0005-10-25 10:27:00,5,10,25,10,27,930,70.0,"136, MICHELET(AV):N°1AU",,,Plein jour,En agglomération,Hors intersection,Normale,Deux véhicules - arrière,,,,,,,,,,,1,2,1,1,2
200500069437,0005-10-25 15:55:00,5,10,25,15,55,930,70.0,"50, ARDOIN(RUE)",,,Plein jour,Hors agglomération,Hors intersection,Normale,Deux véhicules - côté,,,,,,,,,,,1,1,1,1,3
200500069438,0005-10-11 21:15:00,5,10,11,21,15,930,71.0,LIEGEARD (AVENUE),,,Nuit avec éclairage allumé,En agglomération,Hors intersection,Normale,Autre collision,,,,,,,,,,,5,2,1,1,6
200500069439,0005-10-22 20:10:00,5,10,22,20,10,930,71.0,PIERRE BROSSOLETTE (RUE),,,Nuit avec éclairage allumé,En agglomération,Intersection en T,Pluie légère,Deux véhicules - côté,,,,,,,,,,,5,2,3,2,3
200500069440,0005-10-19 17:50:00,5,10,19,17,50,930,72.0,MAXIME GORKI (BOULEVARD),,,Plein jour,En agglomération,Hors intersection,Normale,Autre collision,,,,,,,,,,,1,2,1,1,6
200500069441,0005-10-24 21:40:00,5,10,24,21,40,930,72.0,JULES GUESDE (AVENUE) CO,,,Nuit avec éclairage non allumé,En agglomération,Intersection en X,Normale,Sans collision,,,,,,,,,,,4,2,2,1,7
200500069442,0005-10-04 15:45:00,5,10,4,15,45,930,72.0,MOULIN NEUF (PARC DU),,,Plein jour,En agglomération,Intersection en X,Normale,Autre collision,,,,,,,,,,,1,2,2,1,6
200500069443,0005-10-07 12:40:00,5,10,7,12,40,930,72.0,GUILLAUME APPOLINAIRE (R,,,Plein jour,En agglomération,Hors intersection,Normale,Autre collision,,,,,,,,,,,1,2,1,1,6
200500069444,0005-10-10 17:45:00,5,10,10,17,45,930,59.0,"128, GENERAL LECLERC (PL",,,Plein jour,En agglomération,Intersection en T,Normale,Autre collision,,,,,,,,,,,1,2,3,1,6
200500069445,0005-10-15 19:20:00,5,10,15,19,20,930,59.0,LENINE (AVENUE) N°36 AU,,,Nuit avec éclairage allumé,En agglomération,Hors intersection,Normale,Deux véhicules - arrière,,,,,,,,,,,5,2,1,1,2
200500069446,0005-10-01 06:55:00,5,10,1,6,55,930,59.0,LENINE (AVENUE) N°36 AU,,,Crépuscule ou aube,En agglomération,Intersection en X,Pluie légère,Deux véhicules - arrière,,,,,,,,,,,2,2,2,2,2
200500069447,0005-10-27 14:00:00,5,10,27,14,0,930,59.0,"171, JEAN MERMOZ (BOULEV",,,Plein jour,En agglomération,Hors intersection,Normale,Autre collision,,,,,,,,,,,1,2,1,1,6
200500069448,0005-10-13 13:15:00,5,10,13,13,15,930,72.0,"05, ARISTIDE BRIAND (AVE",,,Plein jour,En agglomération,Hors intersection,Normale,Autre collision,,,,,,,,,,,1,2,1,1,6
200500069449,0005-10-04 18:50:00,5,10,4,18,50,930,73.0,BERLIOZ (RUE HECTOR),,,Crépuscule ou aube,En agglomération,Hors intersection,Normale,Autre collision,,,,,,,,,,,2,2,1,1,6
200500069450,0005-10-06 18:15:00,5,10,6,18,15,930,78.0,BALLANGER (BD ROBERT),,,Plein jour,En agglomération,Giratoire,Normale,Deux véhicules - arrière,,,,,,,,,,,1,2,6,1,2
200500069451,0005-10-07 18:15:00,5,10,7,18,15,930,78.0,GARE (AVENUE DE LA),,,Plein jour,En agglomération,Hors intersection,Temps couvert,Deux véhicules - arrière,,,,,,,,,,,1,2,1,8,2
200500069452,0005-10-09 10:50:00,5,10,9,10,50,930,73.0,COTTON (RUE EUGENIE),,,Plein jour,En agglomération,Intersection en T,Normale,Autre collision,,,,,,,,,,,1,2,3,1,6
200500069453,0005-10-09 17:30:00,5,10,9,17,30,930,78.0,BALLANGER (BD ROBERT),,,Plein jour,En agglomération,Hors intersection,Temps éblouissant,Deux véhicules - frontale,,,,,,,,,,,1,2,1,7,1
200500069454,0005-10-10 17:30:00,5,10,10,17,30,930,73.0,DEQUET (RUE LOUIS),,,Plein jour,En agglomération,Intersection en X,Normale,Deux véhicules - côté,,,,,,,,,,,1,2,2,1,3
200500069455,0005-10-14 17:55:00,5,10,14,17,55,930,73.0,"59, MARRONNIERS (AVENUE",,,Plein jour,En agglomération,Hors intersection,Normale,Autre collision,,,,,,,,,,,1,2,1,1,6
200500069456,0005-10-18 16:00:00,5,10,18,16,0,930,78.0,CHEMIN DEPARTEMENTAL,,,Plein jour,Hors agglomération,Giratoire,Normale,Deux véhicules - côté,,,,,,,,,,,1,1,6,1,3
200500069457,0005-10-19 13:55:00,5,10,19,13,55,930,78.0,"127, BALLANGER (BD ROBER",,,Plein jour,En agglomération,Hors intersection,Normale,Deux véhicules - arrière,,,,,,,,,,,1,2,1,1,2
200500069458,0005-10-21 14:55:00,5,10,21,14,55,930,78.0,BALLANGER (BD ROBERT),,,Plein jour,En agglomération,Intersection en Y,Normale,Deux véhicules - côté,,,,,,,,,,,1,2,4,1,3
200500069459,0005-10-20 23:20:00,5,10,20,23,20,930,73.0,"60, ROISSY (ROUTE DE)",,,Nuit avec éclairage allumé,En agglomération,Hors intersection,Pluie forte,Sans collision,,,,,,,,,,,5,2,1,3,7
200500069460,0005-10-28 17:45:00,5,10,28,17,45,930,73.0,PARC (AVENUE DU),,,Plein jour,En agglomération,Intersection en T,Normale,Deux véhicules - côté,,,,,,,,,,,1,2,3,1,3
200500069461,0005-10-29 01:00:00,5,10,29,1,0,930,78.0,NATIONS (AVENUE DES),,,Nuit avec éclairage allumé,En agglomération,Hors intersection,Pluie légère,Deux véhicules - arrière,,,,,,,,,,,5,2,1,2,2
200500069462,0005-10-31 16:15:00,5,10,31,16,15,930,78.0,"15, GUTENBERG (RUE)",,,Plein jour,En agglomération,Place,Normale,Autre collision,,,,,,,,,,,1,2,7,1,6
200500069463,0005-10-10 18:00:00,5,10,10,18,0,940,2.0,"0, JEAN BAPTISTE CLEMENT",,,Plein jour,En agglomération,Intersection en X,Normale,Deux véhicules - côté,,,,,,,,,,,1,2,2,1,3
200500069464,0005-10-29 17:55:00,5,10,29,17,55,940,2.0,", CAMELIAS (R DES)",,,Plein jour,En agglomération,Intersection en T,Normale,Deux véhicules - côté,,,,,,,,,,,1,2,3,1,3
200500069465,0005-10-01 08:45:00,5,10,1,8,45,940,71.0,PONT DE CHENNEVIERES (R,,,Plein jour,En agglomération,Hors intersection,Pluie légère,Deux véhicules - arrière,,,,,,,,,,,1,2,1,2,2
200500069466,0005-10-01 15:00:00,5,10,1,15,0,940,44.0,"0, GENERAL LECLERC (AV D",,,Plein jour,En agglomération,Hors intersection,Temps couvert,Deux véhicules - arrière,,,,,,,,,,,1,2,1,8,2
200500069467,0005-10-01 16:50:00,5,10,1,16,50,940,71.0,GRAND VAL (R DU),,,Plein jour,En agglomération,Intersection en Y,Normale,Deux véhicules - côté,,,,,,,,,,,1,2,4,1,3
200500069468,0005-10-13 16:10:00,5,10,13,16,10,940,44.0,"0, LACARRIERE (R)",,,Plein jour,En agglomération,Hors intersection,Normale,Deux véhicules - arrière,,,,,,,,,,,1,2,1,1,2
200500069469,0005-10-19 01:15:00,5,10,19,1,15,940,48.0,route nationale 19,,,Nuit sans éclairage public,En agglomération,Hors intersection,Pluie légère,Sans collision,,,,,,,,,,,3,2,1,2,7
200500069470,0005-10-21 08:20:00,5,10,21,8,20,940,75.0,PLANTES (R DES),,,Plein jour,En agglomération,Hors intersection,Pluie légère,Deux véhicules - côté,,,,,,,,,,,1,2,1,2,3
200500069471,0005-10-24 18:55:00,5,10,24,18,55,940,75.0,"44, YERRES (R D)",,,Plein jour,En agglomération,Hors intersection,Normale,Deux véhicules - côté,,,,,,,,,,,1,2,1,1,3
200500069472,0005-10-27 20:10:00,5,10,27,20,10,940,44.0,SUCY (R DE),,,Nuit avec éclairage allumé,En agglomération,Hors intersection,Normale,Deux véhicules - arrière,,,,,,,,,,,5,2,1,1,2
200500069473,0005-10-27 15:45:00,5,10,27,15,45,940,47.0,"113, VERDUN (R DE)",,,Plein jour,En agglomération,Hors intersection,Normale,Deux véhicules - arrière,,,,,,,,,,,1,2,1,1,2
200500069474,0005-10-31 15:15:00,5,10,31,15,15,940,44.0,"10, CHARLES DE GAULLE (A",,,Plein jour,En agglomération,Hors intersection,Normale,Autre collision,,,,,,,,,,,1,2,1,1,6
200500069475,0005-10-16 11:00:00,5,10,16,11,0,940,70.0,", PARIS (RTE DE)",,,Plein jour,En agglomération,Hors intersection,Normale,Deux véhicules - frontale,,,,,,,,,,,1,2,1,1,1
200500069476,0005-10-06 05:55:00,5,10,6,5,55,940,17.0,ROGER SALENGRO (AV),,,Nuit avec éclairage allumé,En agglomération,Hors intersection,Normale,Deux véhicules - côté,,,,,,,,,,,5,2,1,1,3
200500069477,0005-10-06 18:05:00,5,10,6,18,5,940,17.0,"0, ROGER SALENGRO (AV)",,,Plein jour,En agglomération,Intersection en T,Normale,Deux véhicules - frontale,,,,,,,,,,,1,2,3,1,1
200500069478,0005-10-07 09:30:00,5,10,7,9,30,940,17.0,STALINGRAD (BD DE),,,Plein jour,En agglomération,Giratoire,Normale,Sans collision,,,,,,,,,,,1,2,6,1,7
200500069479,0005-10-08 17:05:00,5,10,8,17,5,940,17.0,"0, RAMEAU (SQ)",,,Plein jour,En agglomération,Hors intersection,Normale,Autre collision,,,,,,,,,,,1,2,1,1,6
200500069480,0005-10-10 19:50:00,5,10,10,19,50,940,17.0,"0, STALINGRAD (BD DE)",,,Nuit avec éclairage allumé,En agglomération,Intersection en X,Normale,Deux véhicules - côté,,,,,,,,,,,5,2,2,1,3
200500069481,0005-10-12 19:20:00,5,10,12,19,20,940,17.0,"78, MARX DORMOY (AV)",,,Nuit avec éclairage allumé,En agglomération,Hors intersection,Normale,Deux véhicules - côté,,,,,,,,,,,5,2,1,1,3
200500069482,0005-10-13 07:45:00,5,10,13,7,45,940,17.0,"34, SEVIGNE (R DE)",,,Crépuscule ou aube,En agglomération,Hors intersection,Normale,Autre collision,,,,,,,,,,,2,2,1,1,6
200500069483,0005-10-13 12:00:00,5,10,13,12,0,940,17.0,"48, JEAN JAURES (R)",,,Plein jour,En agglomération,Hors intersection,Normale,Autre collision,,,,,,,,,,,1,2,1,1,6
200500069484,0005-10-14 09:10:00,5,10,14,9,10,940,17.0,PAUL VENZAC (AV),,,Plein jour,En agglomération,Intersection en X,Normale,Deux véhicules - côté,,,,,,,,,,,1,2,2,1,3
200500069485,0005-10-15 11:35:00,5,10,15,11,35,940,17.0,ROGER SALENGRO (AV),,,Plein jour,En agglomération,Intersection en T,Normale,Trois véhicules et plus - collisions multiples,,,,,,,,,,,1,2,3,1,5
200500069486,0005-10-14 23:15:00,5,10,14,23,15,940,17.0,DUPERTUIS (R),,,Nuit avec éclairage allumé,En agglomération,Hors intersection,Normale,Autre collision,,,,,,,,,,,5,2,1,1,6
200500069487,0005-10-15 04:10:00,5,10,15,4,10,940,17.0,"178, GENERAL DE GAULLE (",,,Nuit avec éclairage allumé,En agglomération,Hors intersection,Normale,Deux véhicules - arrière,,,,,,,,,,,5,2,1,1,2
200500069488,0005-10-23 11:50:00,5,10,23,11,50,940,17.0,ROGER SALENGRO (AV),,,Plein jour,En agglomération,Hors intersection,Normale,Autre collision,,,,,,,,,,,1,2,1,1,6
200500069489,0005-10-31 14:30:00,5,10,31,14,30,940,17.0,LOUIS TALAMONI (R),,,Plein jour,En agglomération,Intersection en T,Normale,Deux véhicules - arrière,,,,,,,,,,,1,2,3,1,2
200500069490,0005-10-08 22:05:00,5,10,8,22,5,940,69.0,"36 BIS, MARECHAL LECLERC",,,Nuit avec éclairage allumé,En agglomération,Hors intersection,Normale,Deux véhicules - côté,,,,,,,,,,,5,2,1,1,3
200500069491,0005-10-24 05:40:00,5,10,24,5,40,940,18.0,"158, PARIS (R DE)",,,Nuit avec éclairage allumé,En agglomération,Intersection en X,Normale,Deux véhicules - côté,,,,,,,,,,,5,2,2,1,3
200500069492,0005-10-27 14:10:00,5,10,27,14,10,940,18.0,GRAVELLE (AV DE),,,Plein jour,En agglomération,Intersection en X,Normale,Deux véhicules - arrière,,,,,,,,,,,1,2,2,1,2
200500069493,0005-10-01 17:00:00,5,10,1,17,0,940,19.0,"1, ARISTIDE BRIAND (R)",,,Plein jour,En agglomération,Hors intersection,Normale,Deux véhicules - côté,,,,,,,,,,,1,2,1,1,3
200500069494,0005-10-18 12:20:00,5,10,18,12,20,940,19.0,"59, FUSILLES DE CHATEAUB",,,Plein jour,En agglomération,Hors intersection,Normale,Trois véhicules et plus - en chaîne,,,,,,,,,,,1,2,1,1,4
200500069495,0005-10-14 13:33:00,5,10,14,13,33,940,19.0,"1, ARISTIDE BRIAND (R)",,,Plein jour,En agglomération,Hors intersection,Normale,Sans collision,,,,,,,,,,,1,2,1,1,7
200500069496,0005-10-20 18:20:00,5,10,20,18,20,940,79.0,"29, MARIE LOUISE (R)",,,Crépuscule ou aube,En agglomération,Hors intersection,Normale,Sans collision,,,,,,,,,,,2,2,1,1,7
200500069497,0005-10-21 08:05:00,5,10,21,8,5,940,55.0,OLIVIER D ORMESSON (AV),,,Plein jour,En agglomération,Intersection en X,Pluie légère,Deux véhicules - côté,,,,,,,,,,,1,2,2,2,3
200500069498,0005-10-26 15:30:00,5,10,26,15,30,940,19.0,PLESSIS (RTE DU),,,Plein jour,En agglomération,Hors intersection,Normale,Deux véhicules - frontale,,,,,,,,,,,1,2,1,1,1
200500069499,0005-10-27 12:00:00,5,10,27,12,0,940,60.0,"1, CROIX SAINT NICOLAS (",,,Plein jour,En agglomération,Hors intersection,Normale,Autre collision,,,,,,,,,,,1,2,1,1,6
200500069500,0005-10-27 11:35:00,5,10,27,11,35,940,55.0,CENTRE (R DU),,,Plein jour,En agglomération,Intersection en X,Normale,Deux véhicules - côté,,,,,,,,,,,1,2,2,1,3
200500069501,0005-10-27 13:25:00,5,10,27,13,25,940,22.0,"0, POSTE (R DE LA)",,,Plein jour,En agglomération,Hors intersection,Normale,Deux véhicules - arrière,,,,,,,,,,,1,2,1,1,2
200500069502,0005-10-01 13:15:00,5,10,1,13,15,940,22.0,"0, HUIT MAI 1945 (AV DU)",,,Plein jour,En agglomération,Hors intersection,Normale,Autre collision,,,,,,,,,,,1,2,1,1,6
200500069503,0005-10-05 13:05:00,5,10,5,13,5,940,54.0,PAUL VAILLANT COUTURIER,,,Plein jour,En agglomération,Intersection en X,Normale,Deux véhicules - côté,,,,,,,,,,,1,2,2,1,3
200500069504,0005-10-21 16:15:00,5,10,21,16,15,940,54.0,BAS MARIN (R DU),,,Plein jour,En agglomération,Hors intersection,Normale,Autre collision,,,,,,,,,,,1,2,1,1,6
200500069505,0005-10-22 14:20:00,5,10,22,14,20,940,54.0,MARCEL CACHIN (AV),,,Plein jour,En agglomération,Giratoire,Normale,Deux véhicules - arrière,,,,,,,,,,,1,2,6,1,2
200500069506,0005-10-02 23:02:00,5,10,2,23,2,940,28.0,"0, CHOISY(ROUTE DE)",,,Nuit avec éclairage allumé,Hors agglomération,Hors intersection,Normale,Deux véhicules - côté,,,,,,,,,,,5,1,1,1,3
200500069507,0005-10-02 23:20:00,5,10,2,23,20,940,28.0,"0, FALKIRK(RUE)",,,Nuit avec éclairage allumé,Hors agglomération,Hors intersection,Normale,Deux véhicules - frontale,,,,,,,,,,,5,1,1,1,1
200500069508,0005-10-07 18:45:00,5,10,7,18,45,940,28.0,"0, BRECHE(AVENUE DE LA)",,,Crépuscule ou aube,En agglomération,Autre intersection,Normale,Deux véhicules - côté,,,,,,,,,,,2,2,9,1,3
200500069509,0005-10-09 18:25:00,5,10,9,18,25,940,28.0,"0, OUDRY.(BOULVARD JEAN",,,Crépuscule ou aube,En agglomération,Intersection en X,Normale,Deux véhicules - côté,,,,,,,,,,,2,2,2,1,3
200500069510,0005-10-11 18:15:00,5,10,11,18,15,940,28.0,CHOISY(ROUTE DE),,,Plein jour,En agglomération,Hors intersection,Normale,Autre collision,,,,,,,,,,,1,2,1,1,6
200500069511,0005-10-12 21:15:00,5,10,12,21,15,940,28.0,BRIE(RUE DE),,,Nuit avec éclairage allumé,En agglomération,Hors intersection,Normale,Sans collision,,,,,,,,,,,5,2,1,1,7