accident_id,datetime,annee,mois,jour,heure,minute,departement,commune_insee,adresse,latitude,longitude,luminosite,agglomeration,intersection,meteo,collision,nb_vehicules,nb_usagers,nb_indemnes,nb_tues,nb_blesses_hosp,nb_blesses_legers,age_cond_1,age_cond_2,veh_type_cond_1,veh_type_cond_2,lum_code,agg_code,int_code,atm_code,col_code
200500069642,0005-10-27 17:10:00,5,10,27,17,10,950,18.0,BRIAND (RUE RENE),,,Plein jour,En agglomération,Hors intersection,Normale,Autre collision,,,,,,,,,,,1,2,1,1,6
200500069643,0005-10-27 19:10:00,5,10,27,19,10,950,18.0,ENGHIEN (ROUTE D' ),,,Nuit avec éclairage allumé,En agglomération,Intersection en X,Normale,Deux véhicules - côté,,,,,,,,,,,5,2,2,1,3
200500069644,0005-10-30 15:50:00,5,10,30,15,50,950,18.0,LURCAT (RUE JEAN),,,Plein jour,En agglomération,Hors intersection,Normale,Deux véhicules - côté,,,,,,,,,,,1,2,1,1,3
200500069645,0005-10-14 17:00:00,5,10,14,17,0,950,63.0,"40, MONTESSON (RUE DE-CO",,,Plein jour,En agglomération,Hors intersection,Normale,Deux véhicules - côté,,,,,,,,,,,1,2,1,1,3
200500069646,0005-10-01 09:20:00,5,10,1,9,20,950,63.0,"21, JEAN JAURES (RUE-2 A",,,Plein jour,En agglomération,Hors intersection,Normale,Deux véhicules - côté,,,,,,,,,,,1,2,1,1,3
200500069647,0005-10-05 16:25:00,5,10,5,16,25,950,63.0,"34, SARTROUVILLE (RUE DE",,,Plein jour,En agglomération,Hors intersection,Normale,Autre collision,,,,,,,,,,,1,2,1,1,6
200500069648,0005-10-14 13:40:00,5,10,14,13,40,950,63.0,"34, VILLENEUVE (RUE)",,,Plein jour,En agglomération,Hors intersection,Normale,Sans collision,,,,,,,,,,,1,2,1,1,7
200500069649,0005-10-10 10:05:00,5,10,10,10,5,950,63.0,"52, GEORGES GENTIL (RUE)",,,Plein jour,En agglomération,Hors intersection,Normale,Deux véhicules - côté,,,,,,,,,,,1,2,1,1,3
200500069650,0005-10-12 19:30:00,5,10,12,19,30,950,63.0,"89, GABRIEL PERI (AVENUE",,,Nuit avec éclairage allumé,En agglomération,Intersection en X,Normale,Deux véhicules - côté,,,,,,,,,,,5,2,2,1,3
200500069651,0005-10-26 18:55:00,5,10,26,18,55,950,63.0,"2, JEAN CARRASSO (RUE)",,,Nuit avec éclairage allumé,En agglomération,Hors intersection,Normale,Trois véhicules et plus - en chaîne,,,,,,,,,,,5,2,1,1,4
200500069652,0005-10-10 08:15:00,5,10,10,8,15,950,488.0,THIBIVILLIERS (RUE),,,Plein jour,En agglomération,Hors intersection,Normale,Deux véhicules - frontale,,,,,,,,,,,1,2,1,1,1
200500069653,0005-10-12 12:10:00,5,10,12,12,10,950,488.0,"0, JULES CESAR (CHAUSSEE",,,Plein jour,En agglomération,Hors intersection,Normale,Deux véhicules - frontale,,,,,,,,,,,1,2,1,1,1
200500069654,0005-10-15 16:10:00,5,10,15,16,10,950,488.0,"11, JEAN JAURES (RUE)",,,Plein jour,En agglomération,Hors intersection,Normale,Sans collision,,,,,,,,,,,1,2,1,1,7
200500069655,0005-10-14 18:20:00,5,10,14,18,20,950,218.0,"0, JACQUES DUCLOS (BOULE",,,Plein jour,En agglomération,Intersection en X,Normale,Deux véhicules - côté,,,,,,,,,,,1,2,2,1,3
200500069656,0005-10-15 11:20:00,5,10,15,11,20,950,127.0,"0, HAUTIL (BOULEVARD DE",,,Plein jour,En agglomération,Hors intersection,Normale,Deux véhicules - côté,,,,,,,,,,,1,2,1,1,3
200500069657,0005-10-21 08:50:00,5,10,21,8,50,950,127.0,"0, BEGUINES (AVENUE DES)",,,Plein jour,En agglomération,Hors intersection,Pluie légère,Sans collision,,,,,,,,,,,1,2,1,2,7
200500069658,0005-10-07 12:45:00,5,10,7,12,45,950,572.0,GUSTAVE LECLERC (RUE),,,Plein jour,En agglomération,Autre intersection,Normale,Deux véhicules - arrière,,,,,,,,,,,1,2,9,1,2
200500069659,0005-10-17 16:50:00,5,10,17,16,50,950,598.0,JARDIN RENARD     RUE DU,,,Plein jour,En agglomération,Hors intersection,Normale,Autre collision,,,,,,,,,,,1,2,1,1,6
200500069660,0005-10-18 16:05:00,5,10,18,16,5,950,428.0,DES BASSERONS,,,Plein jour,En agglomération,Hors intersection,Normale,Deux véhicules - côté,,,,,,,,,,,1,2,1,1,3
200500069661,0005-10-08 12:00:00,5,10,8,12,0,950,428.0,DIVISION LECLERC,,,Plein jour,En agglomération,Intersection en X,Normale,Deux véhicules - côté,,,,,,,,,,,1,2,2,1,3
200500069662,0005-10-12 19:50:00,5,10,12,19,50,950,555.0,PICOLO (RUE DU),,,Nuit avec éclairage allumé,En agglomération,Hors intersection,Normale,Deux véhicules - frontale,,,,,,,,,,,5,2,1,1,1
200500069663,0005-10-15 19:25:00,5,10,15,19,25,950,210.0,SADI CARNOT (BOULEVARD),,,Nuit avec éclairage allumé,En agglomération,Hors intersection,Normale,Autre collision,,,,,,,,,,,5,2,1,1,6
200500069664,0005-10-16 16:30:00,5,10,16,16,30,950,555.0,SEMBAT (PLACE MARCEL),,,Plein jour,En agglomération,Giratoire,Normale,Deux véhicules - côté,,,,,,,,,,,1,2,6,1,3
200500069665,0005-10-27 17:50:00,5,10,27,17,50,950,598.0,GENERAL  DE GAULLE  AVEN,,,Plein jour,En agglomération,Intersection en X,Normale,Autre collision,,,,,,,,,,,1,2,2,1,6
200500069666,0005-10-27 20:25:00,5,10,27,20,25,950,598.0,"58, GENERAL LECLERC   AV",,,Nuit avec éclairage allumé,Hors agglomération,Hors intersection,Normale,Deux véhicules - arrière,,,,,,,,,,,5,1,1,1,2
200500069667,0005-10-04 16:18:00,5,10,4,16,18,950,14.0,"1, CHARLES  DE  GAULLE",,,Plein jour,En agglomération,Hors intersection,Normale,Deux véhicules - côté,,,,,,,,,,,1,2,1,1,3
200500069668,0005-10-20 19:25:00,5,10,20,19,25,950,428.0,"30, DOMONT",,,Nuit avec éclairage allumé,Hors agglomération,Hors intersection,Normale,Trois véhicules et plus - en chaîne,,,,,,,,,,,5,1,1,1,4
200500069669,0005-10-27 18:00:00,5,10,27,18,0,950,598.0,GENERAL  DE GAULLE  AVEN,,,Plein jour,En agglomération,Hors intersection,Normale,Deux véhicules - frontale,,,,,,,,,,,1,2,1,1,1
200500069670,0005-10-30 11:50:00,5,10,30,11,50,950,598.0,PARIS   AVENUE DE,,,Plein jour,En agglomération,Hors intersection,Normale,Deux véhicules - côté,,,,,,,,,,,1,2,1,1,3
200500069671,0005-10-05 20:20:00,5,10,5,20,20,950,219.0,GEORGES POMPIDOU (AVENUE,,,Nuit avec éclairage allumé,En agglomération,Intersection en T,Normale,Deux véhicules - côté,,,,,,,,,,,5,2,3,1,3
200500069672,0005-10-07 17:40:00,5,10,7,17,40,950,219.0,CENTRE TECHNIQUE (RUE DU,,,Plein jour,En agglomération,Hors intersection,Normale,Deux véhicules - côté,,,,,,,,,,,1,2,1,1,3
200500069673,0005-10-08 16:30:00,5,10,8,16,30,950,252.0,HOSTELLERIE (RUE DE L'),,,Plein jour,En agglomération,Hors intersection,Normale,Autre collision,,,,,,,,,,,1,2,1,1,6
200500069674,0005-10-12 12:25:00,5,10,12,12,25,950,219.0,STALINGRAD (RUE DE),,,Plein jour,En agglomération,Hors intersection,Normale,Autre collision,,,,,,,,,,,1,2,1,1,6
200500069675,0005-10-12 16:10:00,5,10,12,16,10,950,252.0,MARAIS (AVENUE DES),,,Plein jour,En agglomération,Intersection en T,Normale,Deux véhicules - côté,,,,,,,,,,,1,2,3,1,3
200500069676,0005-10-18 08:15:00,5,10,18,8,15,950,219.0,MARECHAL FOCH (RUE DU),,,Plein jour,En agglomération,Hors intersection,Normale,Deux véhicules - côté,,,,,,,,,,,1,2,1,1,3
200500069677,0005-10-25 19:00:00,5,10,25,19,0,950,252.0,JULES CESAR (CHAUSSEE),,,Nuit avec éclairage allumé,En agglomération,Hors intersection,Normale,Deux véhicules - côté,,,,,,,,,,,5,2,1,1,3
200500069678,0005-10-27 12:40:00,5,10,27,12,40,950,203.0,BRIAND (PLACE ARISTIDE),,,Plein jour,En agglomération,Giratoire,Normale,Deux véhicules - côté,,,,,,,,,,,1,2,6,1,3
200500069679,0005-10-11 17:10:00,5,10,11,17,10,950,268.0,"10, MITTERRAND (AVENUE F",,,Plein jour,En agglomération,Hors intersection,Normale,Autre collision,,,,,,,,,,,1,2,1,1,6
200500069680,0005-10-09 03:45:00,5,10,9,3,45,950,19.0,"02, LAUGERE JEAN (AVENUE",,,Nuit avec éclairage allumé,En agglomération,Hors intersection,Normale,Autre collision,,,,,,,,,,,5,2,1,1,6
200500069681,0005-10-01 12:55:00,5,10,1,12,55,950,306.0,"0, CONFLANS (ROUTE DE)",,,Plein jour,En agglomération,Intersection en T,Normale,Deux véhicules - côté,,,,,,,,,,,1,2,3,1,3
200500069682,0005-10-02 15:40:00,5,10,2,15,40,950,424.0,PONTOISE (BOULEVARD DE),,,Plein jour,En agglomération,Intersection en X,Normale,Deux véhicules - côté,,,,,,,,,,,1,2,2,1,3
200500069683,0005-10-12 16:40:00,5,10,12,16,40,950,424.0,THEODORE FANTIN LATOUR (,,,Plein jour,En agglomération,Hors intersection,Normale,Sans collision,,,,,,,,,,,1,2,1,1,7
200500069684,0005-10-13 15:40:00,5,10,13,15,40,950,306.0,"0, OSCAR THEVENIN (BOULE",,,Plein jour,En agglomération,Intersection en X,Normale,Sans collision,,,,,,,,,,,1,2,2,1,7
200500069685,0005-10-14 20:00:00,5,10,14,20,0,950,424.0,"70, REPUBLIQUE (RUE DE L",,,Nuit avec éclairage allumé,En agglomération,Hors intersection,Normale,Sans collision,,,,,,,,,,,5,2,1,1,7
200500069686,0005-10-18 17:40:00,5,10,18,17,40,950,306.0,"0, 8 MAI 1945 (BOULEVARD",,,Plein jour,En agglomération,Hors intersection,Normale,Sans collision,,,,,,,,,,,1,2,1,1,7
200500069687,0005-10-19 10:10:00,5,10,19,10,10,950,306.0,"0, COURTES TERRES (RUE D",,,Plein jour,En agglomération,Intersection en T,Pluie légère,Sans collision,,,,,,,,,,,1,2,3,2,7
200500069688,0005-10-20 15:10:00,5,10,20,15,10,950,306.0,"0, CONFLANS (RUE DE)",,,Plein jour,En agglomération,Intersection en X,Normale,Deux véhicules - côté,,,,,,,,,,,1,2,2,1,3
200500069689,0005-10-25 16:10:00,5,10,25,16,10,950,306.0,"0, SAINTE HONORINE (RUE)",,,Plein jour,En agglomération,Intersection en T,Normale,Deux véhicules - côté,,,,,,,,,,,1,2,3,1,3
200500069690,0005-10-27 17:55:00,5,10,27,17,55,950,424.0,"125, PONTOISE (BOULEVARD",,,Plein jour,En agglomération,Hors intersection,Normale,Deux véhicules - côté,,,,,,,,,,,1,2,1,1,3
200500069691,0005-10-02 00:05:00,5,10,2,0,5,950,487.0,RN 1,,,Nuit sans éclairage public,Hors agglomération,Hors intersection,Normale,Autre collision,,,,,,,,,,,3,1,1,1,6
200500069692,0005-10-15 19:50:00,5,10,15,19,50,950,487.0,JEAN JAURES (AVENUE),,,Nuit sans éclairage public,En agglomération,Hors intersection,Normale,Deux véhicules - côté,,,,,,,,,,,3,2,1,1,3
200500069693,0005-10-30 13:50:00,5,10,30,13,50,950,487.0,JACQUES VOGT (AVENUE),,,Plein jour,En agglomération,Intersection en X,Normale,Deux véhicules - côté,,,,,,,,,,,1,2,2,1,3
200500069694,0005-10-03 18:45:00,5,10,3,18,45,950,585.0,"2, RAVEL (BD MAURICE)",,,Plein jour,En agglomération,Hors intersection,Normale,Autre collision,,,,,,,,,,,1,2,1,1,6
200500069695,0005-10-02 19:00:00,5,10,2,19,0,950,585.0,HUIT MAI 1945 (AVENUE DU,,,Crépuscule ou aube,En agglomération,Hors intersection,Pluie légère,Sans collision,,,,,,,,,,,2,2,1,2,7
200500069696,0005-10-30 01:40:00,5,10,30,1,40,950,585.0,CARPEAUX (BOULEVARD),,,Nuit avec éclairage allumé,En agglomération,Hors intersection,Normale,Deux véhicules - frontale,,,,,,,,,,,5,2,1,1,1
200500069697,0005-10-27 08:20:00,5,10,27,8,20,950,539.0,CHAPELLE ST NICOLAS (ALL,,,Crépuscule ou aube,En agglomération,Hors intersection,Normale,Sans collision,,,,,,,,,,,2,2,1,1,7
200500069698,0005-10-11 08:40:00,5,10,11,8,40,950,607.0,"00, DIVISION-LECLERC (AV",,,Plein jour,En agglomération,Autre intersection,Normale,Sans collision,,,,,,,,,,,1,2,9,1,7
200500069699,0005-10-22 08:45:00,5,10,22,8,45,950,51.0,"25, ANATOLE FRANCE (AVEN",,,Plein jour,En agglomération,Intersection en X,Normale,Deux véhicules - côté,,,,,,,,,,,1,2,2,1,3
200500069700,0005-10-31 17:30:00,5,10,31,17,30,950,60.0,"112, REPUBLIQUE (AVENUE",,,Plein jour,En agglomération,Hors intersection,Normale,Autre collision,,,,,,,,,,,1,2,1,1,6
200500069701,0005-10-04 17:45:00,5,10,4,17,45,201,4.0,"SANS, MEZZAVIA ROUTE DE",,,Plein jour,En agglomération,Intersection en T,Normale,Deux véhicules - arrière,,,,,,,,,,,1,2,3,1,2
200500069702,0005-10-01 21:54:00,5,10,1,21,54,201,4.0,", SEBASTIANU COSTA BD",,,Plein jour,En agglomération,Hors intersection,Normale,Deux véhicules - côté,,,,,,,,,,,1,2,1,1,3
200500069703,0005-10-02 10:39:00,5,10,2,10,39,201,4.0,"SANS, BIANCAMARIA COLONE",,,Plein jour,En agglomération,Intersection en T,Normale,Deux véhicules - côté,,,,,,,,,,,1,2,3,1,3
200500069704,0005-10-04 10:45:00,5,10,4,10,45,201,4.0,"SANS, SEBASTIANU COSTA B",,,Plein jour,En agglomération,Hors intersection,Normale,Deux véhicules - côté,,,,,,,,,,,1,2,1,1,3
200500069705,0005-10-04 09:50:00,5,10,4,9,50,201,4.0,"SANS, ROSSINI PASCAL BD",,,Plein jour,En agglomération,Giratoire,Normale,Deux véhicules - côté,,,,,,,,,,,1,2,6,1,3
200500069706,0005-10-06 00:30:00,5,10,6,0,30,201,4.0,"SANS, STEPHANOPOLI NICEP",,,Nuit sans éclairage public,En agglomération,Giratoire,Normale,Autre collision,,,,,,,,,,,3,2,6,1,6
200500069707,0005-10-05 16:00:00,5,10,5,16,0,201,4.0,"SANS, SAMPIERO BD",,,Plein jour,En agglomération,Hors intersection,Normale,Deux véhicules - côté,,,,,,,,,,,1,2,1,1,3
200500069708,0005-10-07 16:40:00,5,10,7,16,40,201,4.0,"SANS, STILETTO LOT RTE M",,,Plein jour,En agglomération,Hors intersection,Pluie forte,Deux véhicules - arrière,,,,,,,,,,,1,2,1,3,2
200500069709,0005-10-08 07:10:00,5,10,8,7,10,201,4.0,"SANS, SAINT JOSEPH CHEMI",,,Plein jour,En agglomération,Hors intersection,Normale,Autre collision,,,,,,,,,,,1,2,1,1,6
200500069710,0005-10-08 19:00:00,5,10,8,19,0,201,4.0,"SANS, CAMPI LOUIS BD",,,Nuit sans éclairage public,En agglomération,Hors intersection,Normale,Deux véhicules - côté,,,,,,,,,,,3,2,1,1,3
200500069711,0005-10-09 05:40:00,5,10,9,5,40,201,4.0,"SANS, ILLIADE IMM.BR FRE",,,Nuit avec éclairage allumé,En agglomération,Intersection en X,Normale,Autre collision,,,,,,,,,,,5,2,2,1,6
200500069712,0005-10-10 19:40:00,5,10,10,19,40,201,4.0,"SANS, PARIS AVENUE",,,Nuit avec éclairage allumé,En agglomération,Hors intersection,Normale,Deux véhicules - arrière,,,,,,,,,,,5,2,1,1,2
200500069713,0005-10-08 07:11:00,5,10,8,7,11,201,4.0,"SANS, FRANCHINI NOEL AV",,,Nuit avec éclairage allumé,En agglomération,Hors intersection,Normale,Deux véhicules - arrière,,,,,,,,,,,5,2,1,1,2
200500069714,0005-10-11 19:27:00,5,10,11,19,27,201,4.0,"SANS, MEZZAVIA ROUTE DE",,,Nuit avec éclairage allumé,En agglomération,Hors intersection,Normale,Trois véhicules et plus - en chaîne,,,,,,,,,,,5,2,1,1,4
200500069715,0005-10-16 13:08:00,5,10,16,13,8,201,4.0,"SANS, MARECHAL JUIN AVEN",,,Plein jour,En agglomération,Intersection en X,Normale,Deux véhicules - côté,,,,,,,,,,,1,2,2,1,3
200500069716,0005-10-18 09:51:00,5,10,18,9,51,201,4.0,"SANS, MEZZAVIA ROUTE DE",,,Plein jour,En agglomération,Hors intersection,Normale,Autre collision,,,,,,,,,,,1,2,1,1,6
200500069717,0005-10-18 12:05:00,5,10,18,12,5,201,4.0,"SANS, LANTIVY BD",,,Plein jour,En agglomération,Hors intersection,Normale,Deux véhicules - arrière,,,,,,,,,,,1,2,1,1,2
200500069718,0005-10-19 10:27:00,5,10,19,10,27,201,4.0,"SANS, PERALDI NICOLAS AV",,,Plein jour,En agglomération,Hors intersection,Normale,Autre collision,,,,,,,,,,,1,2,1,1,6
200500069719,0005-10-20 17:00:00,5,10,20,17,0,201,4.0,"SANS, AMIRAUTE PORT BD C",,,Plein jour,En agglomération,Hors intersection,Normale,Autre collision,,,,,,,,,,,1,2,1,1,6
200500069720,0005-10-21 20:55:00,5,10,21,20,55,201,4.0,"SANS, PRINCE IMPERIAL CO",,,Nuit avec éclairage allumé,En agglomération,Hors intersection,Normale,Deux véhicules - arrière,,,,,,,,,,,5,2,1,1,2
200500069721,0005-10-22 17:40:00,5,10,22,17,40,201,4.0,"SANS, NATIONALE 193",,,Plein jour,En agglomération,Hors intersection,Normale,Autre collision,,,,,,,,,,,1,2,1,1,6
200500069722,0005-10-28 19:43:00,5,10,28,19,43,201,4.0,"SANS, NAPOLEON COURS AVA",,,Nuit avec éclairage allumé,En agglomération,Hors intersection,Normale,Deux véhicules - arrière,,,,,,,,,,,5,2,1,1,2
200500069723,0005-10-24 14:30:00,5,10,24,14,30,201,4.0,"SANS, ILES SANGUINAIRES",,,Plein jour,En agglomération,Hors intersection,Normale,Autre collision,,,,,,,,,,,1,2,1,1,6
200500069724,0005-10-24 15:36:00,5,10,24,15,36,201,4.0,"SANS, EUGENIE IMPERATRIC",,,Plein jour,En agglomération,Hors intersection,Normale,Deux véhicules - arrière,,,,,,,,,,,1,2,1,1,2
200500069725,0005-10-25 09:10:00,5,10,25,9,10,201,4.0,"SANS, SAMPIERO BD",,,Plein jour,En agglomération,Intersection en T,Normale,Autre collision,,,,,,,,,,,1,2,3,1,6
200500069726,0005-10-26 12:55:00,5,10,26,12,55,201,4.0,"SANS, BONAPARTE LUCIEN",,,Plein jour,Hors agglomération,Hors intersection,Normale,Deux véhicules - frontale,,,,,,,,,,,1,1,1,1,1
200500069727,0005-10-25 17:30:00,5,10,25,17,30,201,4.0,"SANS, SEBASTIANU COSTA B",,,Plein jour,En agglomération,Hors intersection,Normale,Autre collision,,,,,,,,,,,1,2,1,1,6
200500069728,0005-10-26 17:40:00,5,10,26,17,40,201,4.0,"SANS, NICOLI JEAN COURS",,,Crépuscule ou aube,En agglomération,Hors intersection,Normale,Deux véhicules - arrière,,,,,,,,,,,2,2,1,1,2
200500069729,0005-10-28 06:50:00,5,10,28,6,50,201,4.0,"SANS, SEBASTIANU COSTA B",,,Crépuscule ou aube,En agglomération,Hors intersection,Normale,Autre collision,,,,,,,,,,,2,2,1,1,6
200500069730,0005-10-10 16:00:00,5,10,10,16,0,690,381.0,GRIFFON (DU),,,Plein jour,En agglomération,Hors intersection,Normale,Autre collision,,,,,,,,,,,1,2,1,1,6
200500069731,0005-10-29 01:50:00,5,10,29,1,50,690,381.0,"6, STE CATHERINE",,,Nuit avec éclairage allumé,En agglomération,Hors intersection,Normale,Autre collision,,,,,,,,,,,5,2,1,1,6
200500069732,0005-10-01 01:30:00,5,10,1,1,30,770,294.0,A104,,,Nuit sans éclairage public,Hors agglomération,Hors intersection,Pluie légère,Autre collision,,,,,,,,,,,3,1,1,2,6
200500069733,0005-10-01 10:00:00,5,10,1,10,0,750,112.0,A4,,,Plein jour,Hors agglomération,Hors intersection,Pluie légère,Sans collision,,,,,,,,,,,1,1,1,2,7
200500069734,0005-10-03 05:40:00,5,10,3,5,40,770,384.0,A5.B,,,Nuit sans éclairage public,Hors agglomération,Hors intersection,Normale,Autre collision,,,,,,,,,,,3,1,1,1,6
200500069735,0005-10-03 07:30:00,5,10,3,7,30,770,294.0,A104,,,Crépuscule ou aube,Hors agglomération,Hors intersection,Normale,Autre collision,,,,,,,,,,,2,1,1,1,6
200500069736,0005-10-03 21:30:00,5,10,3,21,30,940,33.0,A86.INT,,,Nuit avec éclairage allumé,Hors agglomération,Hors intersection,Normale,Deux véhicules - côté,,,,,,,,,,,5,1,1,1,3
200500069737,0005-10-04 08:00:00,5,10,4,8,0,940,18.0,A4,,,Plein jour,Hors agglomération,Hors intersection,Normale,Trois véhicules et plus - en chaîne,,,,,,,,,,,1,1,1,1,4
200500069738,0005-10-05 08:40:00,5,10,5,8,40,940,46.0,A86,,,Plein jour,Hors agglomération,Hors intersection,Normale,Deux véhicules - côté,,,,,,,,,,,1,1,1,1,3
200500069739,0005-10-05 23:20:00,5,10,5,23,20,770,337.0,RN104,,,Nuit sans éclairage public,Hors agglomération,Hors intersection,Normale,Autre collision,,,,,,,,,,,3,1,1,1,6
200500069740,0005-10-06 12:00:00,5,10,6,12,0,940,17.0,A4,,,Plein jour,Hors agglomération,Hors intersection,Normale,Deux véhicules - arrière,,,,,,,,,,,1,1,1,1,2
200500069741,0005-10-06 17:00:00,5,10,6,17,0,770,169.0,A4.Y,,,Plein jour,Hors agglomération,Hors intersection,Normale,Trois véhicules et plus - en chaîne,,,,,,,,,,,1,1,1,1,4
200500069742,0005-10-07 08:10:00,5,10,7,8,10,770,514.0,A104,,,Plein jour,Hors agglomération,Hors intersection,Brouillard / fumée,Deux véhicules - côté,,,,,,,,,,,1,1,1,5,3
200500069743,0005-10-07 14:10:00,5,10,7,14,10,770,146.0,RN104.EXT,,,Plein jour,Hors agglomération,Hors intersection,Normale,Deux véhicules - côté,,,,,,,,,,,1,1,1,1,3
200500069744,0005-10-07 14:40:00,5,10,7,14,40,750,112.0,A4,,,Plein jour,Hors agglomération,Hors intersection,Normale,Deux véhicules - arrière,,,,,,,,,,,1,1,1,1,2
200500069745,0005-10-09 13:15:00,5,10,9,13,15,940,33.0,A86.INT,,,Plein jour,Hors agglomération,Hors intersection,Normale,Deux véhicules - arrière,,,,,,,,,,,1,1,1,1,2
200500069746,0005-10-10 08:30:00,5,10,10,8,30,940,17.0,A4,,,Plein jour,Hors agglomération,Hors intersection,Normale,Trois véhicules et plus - collisions multiples,,,,,,,,,,,1,1,1,1,5
200500069747,0005-10-11 08:55:00,5,10,11,8,55,770,294.0,A104,,,Plein jour,Hors agglomération,Hors intersection,Normale,Trois véhicules et plus - collisions multiples,,,,,,,,,,,1,1,1,1,5
200500069748,0005-10-12 07:55:00,5,10,12,7,55,940,73.0,A86,,,Plein jour,Hors agglomération,Hors intersection,Normale,Deux véhicules - côté,,,,,,,,,,,1,1,1,1,3
200500069749,0005-10-13 07:45:00,5,10,13,7,45,940,17.0,A4,,,Crépuscule ou aube,Hors agglomération,Hors intersection,Normale,Sans collision,,,,,,,,,,,2,1,1,1,7
200500069750,0005-10-14 06:40:00,5,10,14,6,40,940,73.0,A86,,,Nuit avec éclairage allumé,Hors agglomération,Hors intersection,Normale,Trois véhicules et plus - collisions multiples,,,,,,,,,,,5,1,1,1,5
200500069751,0005-10-14 10:20:00,5,10,14,10,20,940,81.0,A86,,,Plein jour,Hors agglomération,Hors intersection,Normale,Deux véhicules - arrière,,,,,,,,,,,1,1,1,1,2
200500069752,0005-10-14 15:00:00,5,10,14,15,0,940,28.0,A86,,,Plein jour,Hors agglomération,Hors intersection,Normale,Deux véhicules - côté,,,,,,,,,,,1,1,1,1,3
200500069753,0005-10-14 14:08:00,5,10,14,14,8,750,112.0,A4,,,Plein jour,Hors agglomération,Hors intersection,Normale,Deux véhicules - arrière,,,,,,,,,,,1,1,1,1,2
200500069754,0005-10-14 16:30:00,5,10,14,16,30,940,18.0,A4,,,Plein jour,Hors agglomération,Hors intersection,Normale,Sans collision,,,,,,,,,,,1,1,1,1,7
200500069755,0005-10-20 20:00:00,5,10,20,20,0,940,22.0,A86,,,Nuit avec éclairage allumé,Hors agglomération,Hors intersection,Normale,Sans collision,,,,,,,,,,,5,1,1,1,7
200500069756,0005-10-15 00:30:00,5,10,15,0,30,770,55.0,A104.INT,,,Nuit sans éclairage public,Hors agglomération,Hors intersection,Normale,Trois véhicules et plus - en chaîne,,,,,,,,,,,3,1,1,1,4
200500069757,0005-10-15 15:00:00,5,10,15,15,0,940,69.0,A4,,,Plein jour,Hors agglomération,Hors intersection,Normale,Trois véhicules et plus - en chaîne,,,,,,,,,,,1,1,1,1,4
200500069758,0005-10-15 18:10:00,5,10,15,18,10,770,337.0,A4,,,Plein jour,Hors agglomération,Hors intersection,Normale,Trois véhicules et plus - collisions multiples,,,,,,,,,,,1,1,1,1,5
200500069759,0005-10-16 16:00:00,5,10,16,16,0,930,51.0,A4,,,Plein jour,Hors agglomération,Hors intersection,Normale,Trois véhicules et plus - en chaîne,,,,,,,,,,,1,1,1,1,4
200500069760,0005-10-16 18:00:00,5,10,16,18,0,940,69.0,A4,,,Plein jour,Hors agglomération,Hors intersection,Normale,Autre collision,,,,,,,,,,,1,1,1,1,6
200500069761,0005-10-17 07:18:00,5,10,17,7,18,940,33.0,A86.INT,,,Crépuscule ou aube,Hors agglomération,Hors intersection,Normale,Deux véhicules - côté,,,,,,,,,,,2,1,1,1,3
200500069762,0005-10-17 14:00:00,5,10,17,14,0,940,28.0,A86,,,Plein jour,Hors agglomération,Hors intersection,Normale,Autre collision,,,,,,,,,,,1,1,1,1,6
200500069763,0005-10-17 15:15:00,5,10,17,15,15,940,17.0,A4,,,Plein jour,Hors agglomération,Hors intersection,Normale,Autre collision,,,,,,,,,,,1,1,1,1,6
200500069764,0005-10-17 15:00:00,5,10,17,15,0,770,169.0,RN104,,,Plein jour,Hors agglomération,Hors intersection,Normale,Deux véhicules - côté,,,,,,,,,,,1,1,1,1,3
200500069765,0005-10-17 16:43:00,5,10,17,16,43,940,46.0,A86,,,Plein jour,Hors agglomération,Hors intersection,Normale,Trois véhicules et plus - collisions multiples,,,,,,,,,,,1,1,1,1,5
200500069766,0005-10-17 20:45:00,5,10,17,20,45,770,53.0,RN104,,,Nuit sans éclairage public,Hors agglomération,Hors intersection,Normale,Trois véhicules et plus - collisions multiples,,,,,,,,,,,3,1,1,1,5
200500069767,0005-10-18 12:45:00,5,10,18,12,45,940,46.0,A86,,,Plein jour,Hors agglomération,Hors intersection,Normale,Deux véhicules - arrière,,,,,,,,,,,1,1,1,1,2
200500069768,0005-10-18 13:30:00,5,10,18,13,30,940,69.0,A4,,,Plein jour,Hors agglomération,Hors intersection,Normale,Sans collision,,,,,,,,,,,1,1,1,1,7
200500069769,0005-10-18 21:50:00,5,10,18,21,50,770,372.0,A104,,,Nuit sans éclairage public,Hors agglomération,Autre intersection,Normale,Autre collision,,,,,,,,,,,3,1,9,1,6
200500069770,0005-10-19 05:20:00,5,10,19,5,20,770,294.0,A104,,,Nuit sans éclairage public,Hors agglomération,Hors intersection,Normale,Sans collision,,,,,,,,,,,3,1,1,1,7
200500069771,0005-10-19 07:20:00,5,10,19,7,20,940,18.0,A4,,,Nuit sans éclairage public,Hors agglomération,Hors intersection,Normale,Sans collision,,,,,,,,,,,3,1,1,1,7
200500069772,0005-10-19 07:30:00,5,10,19,7,30,940,69.0,A4,,,Plein jour,Hors agglomération,Hors intersection,Normale,Sans collision,,,,,,,,,,,1,1,1,1,7
200500069773,0005-10-19 11:00:00,5,10,19,11,0,770,258.0,A4.W,,,Plein jour,Hors agglomération,Hors intersection,Normale,Deux véhicules - arrière,,,,,,,,,,,1,1,1,1,2