accident_id,datetime,annee,mois,jour,heure,minute,departement,commune_insee,adresse,latitude,longitude,luminosite,agglomeration,intersection,meteo,collision,nb_vehicules,nb_usagers,nb_indemnes,nb_tues,nb_blesses_hosp,nb_blesses_legers,age_cond_1,age_cond_2,veh_type_cond_1,veh_type_cond_2,lum_code,agg_code,int_code,atm_code,col_code
200500069905,0005-10-14 10:15:00,5,10,14,10,15,780,242.0,A12W,,,Plein jour,Hors agglomération,Hors intersection,Normale,Deux véhicules - côté,,,,,,,,,,,1,1,1,1,3
200500069906,0005-10-19 18:30:00,5,10,19,18,30,780,423.0,G12,,,Plein jour,Hors agglomération,Hors intersection,Normale,Deux véhicules - arrière,,,,,,,,,,,1,1,1,1,2
200500069907,0005-10-20 07:00:00,5,10,20,7,0,920,23.0,N186,,,Nuit sans éclairage public,Hors agglomération,Hors intersection,Pluie légère,Trois véhicules et plus - en chaîne,,,,,,,,,,,3,1,1,2,4
200500069908,0005-10-21 19:50:00,5,10,21,19,50,780,423.0,A12Y,,,Nuit avec éclairage allumé,Hors agglomération,Hors intersection,Pluie légère,Deux véhicules - arrière,,,,,,,,,,,5,1,1,2,2
200500069909,0005-10-25 20:10:00,5,10,25,20,10,780,646.0,N286,,,Nuit avec éclairage allumé,Hors agglomération,Hors intersection,Normale,Sans collision,,,,,,,,,,,5,1,1,1,7
200500069910,0005-10-26 08:30:00,5,10,26,8,30,780,423.0,N12W,,,Plein jour,Hors agglomération,Hors intersection,Normale,Deux véhicules - arrière,,,,,,,,,,,1,1,1,1,2
200500069911,0005-10-27 16:25:00,5,10,27,16,25,920,72.0,N118,,,Plein jour,Hors agglomération,Hors intersection,Normale,Deux véhicules - arrière,,,,,,,,,,,1,1,1,1,2
200500069912,0005-10-27 17:15:00,5,10,27,17,15,920,26.0,N1014Y,,,Plein jour,Hors agglomération,Hors intersection,Normale,Deux véhicules - arrière,,,,,,,,,,,1,1,1,1,2
200500069913,0005-10-27 18:36:00,5,10,27,18,36,920,25.0,A86,,,Plein jour,Hors agglomération,Hors intersection,Normale,Deux véhicules - arrière,,,,,,,,,,,1,1,1,1,2
200500069914,0005-10-23 05:30:00,5,10,23,5,30,920,63.0,A86,,,Nuit avec éclairage allumé,Hors agglomération,Hors intersection,Normale,Autre collision,,,,,,,,,,,5,1,1,1,6
200500069915,0005-10-24 11:45:00,5,10,24,11,45,920,50.0,A14,,,Nuit avec éclairage allumé,Hors agglomération,Hors intersection,Autre,Deux véhicules - arrière,,,,,,,,,,,5,1,1,9,2
200500069916,0005-10-29 08:10:00,5,10,29,8,10,920,25.0,A86,,,Crépuscule ou aube,Hors agglomération,Hors intersection,Normale,Sans collision,,,,,,,,,,,2,1,1,1,7
200500069917,0005-10-28 02:47:00,5,10,28,2,47,920,64.0,A13,,,Nuit avec éclairage allumé,Hors agglomération,Hors intersection,Normale,Sans collision,,,,,,,,,,,5,1,1,1,7
200500069918,0005-10-02 18:35:00,5,10,2,18,35,920,62.0,N1013,,,Plein jour,Hors agglomération,Autre intersection,Autre,Deux véhicules - arrière,,,,,,,,,,,1,1,9,9,2
200500069919,0005-10-01 01:30:00,5,10,1,1,30,920,36.0,A86,,,Nuit sans éclairage public,Hors agglomération,Autre intersection,Pluie légère,Deux véhicules - arrière,,,,,,,,,,,3,1,9,2,2
200500069920,0005-10-09 12:20:00,5,10,9,12,20,780,640.0,A86I,,,Plein jour,Hors agglomération,Hors intersection,Normale,Deux véhicules - côté,,,,,,,,,,,1,1,1,1,3
200500069921,0005-10-17 09:20:00,5,10,17,9,20,780,362.0,A13,,,Plein jour,Hors agglomération,Hors intersection,Normale,Deux véhicules - arrière,,,,,,,,,,,1,1,1,1,2
200500069922,0005-10-17 09:30:00,5,10,17,9,30,780,640.0,N118,,,Plein jour,Hors agglomération,Hors intersection,Normale,Trois véhicules et plus - en chaîne,,,,,,,,,,,1,1,1,1,4
200500069923,0005-10-09 07:13:00,5,10,9,7,13,780,291.0,A13,,,Crépuscule ou aube,Hors agglomération,Hors intersection,Normale,Sans collision,,,,,,,,,,,2,1,1,1,7
200500069924,0005-10-15 11:55:00,5,10,15,11,55,780,233.0,A13,,,Plein jour,Hors agglomération,Hors intersection,Normale,Trois véhicules et plus - collisions multiples,,,,,,,,,,,1,1,1,1,5
200500069925,0005-10-03 16:40:00,5,10,3,16,40,920,50.0,A14,,,Plein jour,Hors agglomération,Hors intersection,Normale,Sans collision,,,,,,,,,,,1,1,1,1,7
200500069926,0005-10-28 15:01:00,5,10,28,15,1,780,208.0,N12W,,,Plein jour,Hors agglomération,Hors intersection,Normale,Sans collision,,,,,,,,,,,1,1,1,1,7
200500069927,0005-10-10 05:40:00,5,10,10,5,40,920,50.0,A86,,,Nuit avec éclairage non allumé,Hors agglomération,Hors intersection,Normale,Deux véhicules - arrière,,,,,,,,,,,4,1,1,1,2
200500069928,0005-10-01 08:20:00,5,10,1,8,20,910,228.0,AUTOROUTE A6,,,Plein jour,Hors agglomération,Hors intersection,Temps couvert,Deux véhicules - arrière,,,,,,,,,,,1,1,1,8,2
200500069929,0005-10-01 09:12:00,5,10,1,9,12,910,136.0,AUTOROUTE A10,,,Plein jour,Hors agglomération,Hors intersection,Pluie légère,Sans collision,,,,,,,,,,,1,1,1,2,7
200500069930,0005-10-01 11:50:00,5,10,1,11,50,770,495.0,AUTOROUTE A5A,,,Plein jour,Hors agglomération,Hors intersection,Normale,Sans collision,,,,,,,,,,,1,1,1,1,7
200500069931,0005-10-02 20:45:00,5,10,2,20,45,910,534.0,RN 118,,,Nuit sans éclairage public,Hors agglomération,Hors intersection,Pluie légère,Trois véhicules et plus - en chaîne,,,,,,,,,,,3,1,1,2,4
200500069932,0005-10-03 16:30:00,5,10,3,16,30,910,86.0,RN 104,,,Plein jour,Hors agglomération,Hors intersection,Normale,Autre collision,,,,,,,,,,,1,1,1,1,6
200500069933,0005-10-03 16:45:00,5,10,3,16,45,940,38.0,AUTOROUTE A6B,,,Plein jour,Hors agglomération,Hors intersection,Normale,Deux véhicules - côté,,,,,,,,,,,1,1,1,1,3
200500069934,0005-10-06 08:54:00,5,10,6,8,54,910,553.0,RN 104,,,Plein jour,Hors agglomération,Hors intersection,Brouillard / fumée,Trois véhicules et plus - en chaîne,,,,,,,,,,,1,1,1,5,4
200500069935,0005-10-06 10:12:00,5,10,6,10,12,910,286.0,RD 310,,,Plein jour,Hors agglomération,Hors intersection,Normale,Deux véhicules - arrière,,,,,,,,,,,1,1,1,1,2
200500069936,0005-10-06 10:03:00,5,10,6,10,3,910,570.0,RN 104,,,Plein jour,Hors agglomération,Hors intersection,Normale,Sans collision,,,,,,,,,,,1,1,1,1,7
200500069937,0005-10-06 14:24:00,5,10,6,14,24,910,534.0,RN 118,,,Plein jour,Hors agglomération,Hors intersection,Normale,Sans collision,,,,,,,,,,,1,1,1,1,7
200500069938,0005-10-07 06:20:00,5,10,7,6,20,910,434.0,AUTOROUTE A6,,,Nuit sans éclairage public,Hors agglomération,Hors intersection,Normale,Trois véhicules et plus - en chaîne,,,,,,,,,,,3,1,1,1,4
200500069939,0005-10-07 08:15:00,5,10,7,8,15,940,34.0,AUTOROUTE A86,,,Plein jour,Hors agglomération,Hors intersection,Normale,Deux véhicules - côté,,,,,,,,,,,1,1,1,1,3
200500069940,0005-10-07 08:48:00,5,10,7,8,48,910,687.0,AUTOROUTE A6,,,Plein jour,Hors agglomération,Hors intersection,Normale,Trois véhicules et plus - collisions multiples,,,,,,,,,,,1,1,1,1,5
200500069941,0005-10-07 08:25:00,5,10,7,8,25,910,363.0,RN 104,,,Plein jour,Hors agglomération,Hors intersection,Normale,Deux véhicules - arrière,,,,,,,,,,,1,1,1,1,2
200500069942,0005-10-07 09:30:00,5,10,7,9,30,910,286.0,AUTOROUTE A6,,,Plein jour,Hors agglomération,Hors intersection,Normale,Deux véhicules - côté,,,,,,,,,,,1,1,1,1,3
200500069943,0005-10-10 13:00:00,5,10,10,13,0,910,161.0,AUTOROUTE A6,,,Plein jour,Hors agglomération,Hors intersection,Normale,Autre collision,,,,,,,,,,,1,1,1,1,6
200500069944,0005-10-10 19:00:00,5,10,10,19,0,910,570.0,RN 104,,,Plein jour,Hors agglomération,Hors intersection,Normale,Sans collision,,,,,,,,,,,1,1,1,1,7
200500069945,0005-10-12 15:57:00,5,10,12,15,57,910,64.0,RN 118,,,Plein jour,Hors agglomération,Hors intersection,Normale,Deux véhicules - côté,,,,,,,,,,,1,1,1,1,3
200500069946,0005-10-13 08:18:00,5,10,13,8,18,910,161.0,AUTOROUTE A6,,,Plein jour,Hors agglomération,Hors intersection,Normale,Deux véhicules - arrière,,,,,,,,,,,1,1,1,1,2
200500069947,0005-10-14 09:20:00,5,10,14,9,20,910,363.0,RN 104,,,Plein jour,Hors agglomération,Hors intersection,Normale,Deux véhicules - arrière,,,,,,,,,,,1,1,1,1,2
200500069948,0005-10-14 19:15:00,5,10,14,19,15,910,521.0,RN 104,,,Nuit sans éclairage public,Hors agglomération,Hors intersection,Normale,Deux véhicules - côté,,,,,,,,,,,3,1,1,1,3
200500069949,0005-10-14 19:30:00,5,10,14,19,30,910,534.0,RN 118,,,Nuit sans éclairage public,Hors agglomération,Hors intersection,Normale,Deux véhicules - arrière,,,,,,,,,,,3,1,1,1,2
200500069950,0005-10-15 02:20:00,5,10,15,2,20,910,553.0,RN 104,,,Nuit sans éclairage public,Hors agglomération,Hors intersection,Normale,Autre collision,,,,,,,,,,,3,1,1,1,6
200500069951,0005-10-15 20:30:00,5,10,15,20,30,910,174.0,RN 104,,,Nuit avec éclairage allumé,Hors agglomération,Hors intersection,Normale,Trois véhicules et plus - en chaîne,,,,,,,,,,,5,1,1,1,4
200500069952,0005-10-16 17:45:00,5,10,16,17,45,910,521.0,AUTOROUTE A6,,,Plein jour,Hors agglomération,Hors intersection,Normale,Deux véhicules - arrière,,,,,,,,,,,1,1,1,1,2
200500069953,0005-10-16 18:00:00,5,10,16,18,0,910,64.0,RN 118,,,Plein jour,Hors agglomération,Hors intersection,Normale,Autre collision,,,,,,,,,,,1,1,1,1,6
200500069954,0005-10-17 09:00:00,5,10,17,9,0,940,76.0,AUTOROUTE A6A,,,Plein jour,Hors agglomération,Hors intersection,Normale,Deux véhicules - arrière,,,,,,,,,,,1,1,1,1,2
200500069955,0005-10-17 11:35:00,5,10,17,11,35,910,434.0,AUTOROUTE A6,,,Plein jour,Hors agglomération,Autre intersection,Normale,Trois véhicules et plus - collisions multiples,,,,,,,,,,,1,1,9,1,5
200500069956,0005-10-17 16:51:00,5,10,17,16,51,910,377.0,RN 188,,,Plein jour,Hors agglomération,Hors intersection,Normale,Deux véhicules - arrière,,,,,,,,,,,1,1,1,1,2
200500069957,0005-10-17 17:52:00,5,10,17,17,52,910,174.0,RN 104,,,Plein jour,Hors agglomération,Hors intersection,Normale,Sans collision,,,,,,,,,,,1,1,1,1,7
200500069958,0005-10-18 10:40:00,5,10,18,10,40,910,179.0,AUTOROUTE A6,,,Plein jour,Hors agglomération,Autre intersection,Normale,Sans collision,,,,,,,,,,,1,1,9,1,7
200500069959,0005-10-18 13:11:00,5,10,18,13,11,910,179.0,AUTOROUTE A6,,,Plein jour,Hors agglomération,Hors intersection,Normale,Deux véhicules - arrière,,,,,,,,,,,1,1,1,1,2
200500069960,0005-10-19 07:25:00,5,10,19,7,25,910,182.0,RN 104,,,Crépuscule ou aube,Hors agglomération,Hors intersection,Temps couvert,Autre collision,,,,,,,,,,,2,1,1,8,6
200500069961,0005-10-19 08:25:00,5,10,19,8,25,910,363.0,RN 104,,,Plein jour,Hors agglomération,Hors intersection,Normale,Sans collision,,,,,,,,,,,1,1,1,1,7
200500069962,0005-10-19 14:25:00,5,10,19,14,25,910,659.0,AUTOROUTE A6,,,Plein jour,Hors agglomération,Hors intersection,Normale,Sans collision,,,,,,,,,,,1,1,1,1,7
200500069963,0005-10-20 07:45:00,5,10,20,7,45,910,471.0,RN 118,,,Plein jour,Hors agglomération,Hors intersection,Pluie légère,Autre collision,,,,,,,,,,,1,1,1,2,6
200500069964,0005-10-20 08:51:00,5,10,20,8,51,910,689.0,AUTOROUTE A6,,,Plein jour,Hors agglomération,Hors intersection,Pluie légère,Deux véhicules - arrière,,,,,,,,,,,1,1,1,2,2
200500069965,0005-10-20 09:00:00,5,10,20,9,0,910,136.0,BRETELLE A10/RN20,,,Plein jour,Hors agglomération,Hors intersection,Pluie légère,Sans collision,,,,,,,,,,,1,1,1,2,7
200500069966,0005-10-20 10:17:00,5,10,20,10,17,910,689.0,AUTOROUTE A6,,,Plein jour,Hors agglomération,Hors intersection,Pluie légère,Deux véhicules - arrière,,,,,,,,,,,1,1,1,2,2
200500069967,0005-10-20 20:30:00,5,10,20,20,30,910,161.0,AUTOROUTE A6,,,Nuit sans éclairage public,Hors agglomération,Hors intersection,Temps couvert,Trois véhicules et plus - collisions multiples,,,,,,,,,,,3,1,1,8,5
200500069968,0005-10-21 10:45:00,5,10,21,10,45,910,179.0,RN 337,,,Plein jour,Hors agglomération,Hors intersection,Normale,Deux véhicules - arrière,,,,,,,,,,,1,1,1,1,2
200500069969,0005-10-21 17:30:00,5,10,21,17,30,910,136.0,AUTOROUTE A10,,,Plein jour,Hors agglomération,Hors intersection,Pluie légère,Trois véhicules et plus - collisions multiples,,,,,,,,,,,1,1,1,2,5
200500069970,0005-10-21 19:00:00,5,10,21,19,0,770,251.0,AUTOROUTE A5A,,,Nuit sans éclairage public,Hors agglomération,Hors intersection,Pluie légère,Deux véhicules - arrière,,,,,,,,,,,3,1,1,2,2
200500069971,0005-10-22 00:50:00,5,10,22,0,50,770,251.0,A5A PARIS / RN104 INT,,,Nuit sans éclairage public,Hors agglomération,Hors intersection,Normale,Sans collision,,,,,,,,,,,3,1,1,1,7
200500069972,0005-10-23 19:01:00,5,10,23,19,1,940,3.0,AUTOROUTE A6A,,,Nuit avec éclairage allumé,Hors agglomération,Hors intersection,Normale,Deux véhicules - arrière,,,,,,,,,,,5,1,1,1,2
200500069973,0005-10-25 16:47:00,5,10,25,16,47,750,13.0,AUTOROUTE A6B,,,Plein jour,Hors agglomération,Hors intersection,Normale,Trois véhicules et plus - en chaîne,,,,,,,,,,,1,1,1,1,4
200500069974,0005-10-25 22:19:00,5,10,25,22,19,910,645.0,RN 385 Exterieure,,,Nuit avec éclairage allumé,Hors agglomération,Hors intersection,Normale,Deux véhicules - arrière,,,,,,,,,,,5,1,1,1,2
200500069975,0005-10-26 06:55:00,5,10,26,6,55,910,471.0,RN 118,,,Crépuscule ou aube,Hors agglomération,Hors intersection,Pluie légère,Deux véhicules - arrière,,,,,,,,,,,2,1,1,2,2
200500069976,0005-10-26 07:50:00,5,10,26,7,50,910,377.0,AUTOROUTE A10,,,Crépuscule ou aube,Hors agglomération,Hors intersection,Pluie légère,Deux véhicules - arrière,,,,,,,,,,,2,1,1,2,2
200500069977,0005-10-26 16:05:00,5,10,26,16,5,910,161.0,AUTOROUTE A6,,,Plein jour,Hors agglomération,Hors intersection,Normale,Deux véhicules - côté,,,,,,,,,,,1,1,1,1,3
200500069978,0005-10-27 09:00:00,5,10,27,9,0,910,64.0,RN 118,,,Plein jour,Hors agglomération,Hors intersection,Normale,Deux véhicules - côté,,,,,,,,,,,1,1,1,1,3
200500069979,0005-10-28 10:30:00,5,10,28,10,30,910,521.0,RN 104,,,Plein jour,Hors agglomération,Hors intersection,Normale,Trois véhicules et plus - en chaîne,,,,,,,,,,,1,1,1,1,4
200500069980,0005-10-28 11:36:00,5,10,28,11,36,920,2.0,RN 385,,,Plein jour,Hors agglomération,Hors intersection,Normale,Deux véhicules - arrière,,,,,,,,,,,1,1,1,1,2
200500069981,0005-10-28 20:00:00,5,10,28,20,0,940,38.0,AUTOROUTE A6B,,,Nuit avec éclairage allumé,Hors agglomération,Hors intersection,Normale,Deux véhicules - côté,,,,,,,,,,,5,1,1,1,3
200500069982,0005-10-29 04:45:00,5,10,29,4,45,910,161.0,AUTOROUTE A6,,,Nuit sans éclairage public,Hors agglomération,Hors intersection,Pluie légère,Sans collision,,,,,,,,,,,3,1,1,2,7
200500069983,0005-10-29 10:20:00,5,10,29,10,20,910,553.0,RN 104,,,Plein jour,Hors agglomération,Hors intersection,Normale,Trois véhicules et plus - collisions multiples,,,,,,,,,,,1,1,1,1,5
200500069984,0005-10-29 12:45:00,5,10,29,12,45,910,521.0,RN 104,,,Plein jour,Hors agglomération,Hors intersection,Normale,Deux véhicules - arrière,,,,,,,,,,,1,1,1,1,2
200500069985,0005-10-30 00:18:00,5,10,30,0,18,920,2.0,AUTOROUTE A86,,,Nuit avec éclairage allumé,Hors agglomération,Hors intersection,Normale,Sans collision,,,,,,,,,,,5,1,1,1,7
200500069986,0005-10-31 18:59:00,5,10,31,18,59,910,570.0,RN 104,,,Nuit sans éclairage public,Hors agglomération,Hors intersection,Normale,Autre collision,,,,,,,,,,,3,1,1,1,6
200500069987,0005-10-01 14:58:00,5,10,1,14,58,202,33.0,"SANS, AV DE LA LIBERATIO",,,Plein jour,Hors agglomération,Intersection en T,Normale,Deux véhicules - côté,,,,,,,,,,,1,1,3,1,3
200500069988,0005-10-04 16:28:00,5,10,4,16,28,202,33.0,"sans, AV DE LA LIBERATIO",,,Plein jour,En agglomération,Intersection en T,Normale,Deux véhicules - côté,,,,,,,,,,,1,2,3,1,3
200500069989,0005-10-05 10:44:00,5,10,5,10,44,202,120.0,"SANS, TOUTES RUES",,,Plein jour,Hors agglomération,Intersection en X,Pluie légère,Trois véhicules et plus - collisions multiples,,,,,,,,,,,1,1,2,2,5
200500069990,0005-10-07 17:40:00,5,10,7,17,40,202,33.0,"SANS, AV DE LA LIBERATIO",,,Plein jour,Hors agglomération,Intersection en T,Normale,Deux véhicules - côté,,,,,,,,,,,1,1,3,1,3
200500069991,0005-10-10 14:08:00,5,10,10,14,8,202,37.0,"SANS, TOUTES RUES",,,Plein jour,En agglomération,Hors intersection,Normale,Deux véhicules - arrière,,,,,,,,,,,1,2,1,1,2
200500069992,0005-10-05 19:49:00,5,10,5,19,49,202,33.0,"SANS, 193 - RN",,,Plein jour,Hors agglomération,Hors intersection,Normale,Deux véhicules - arrière,,,,,,,,,,,1,1,1,1,2
200500069993,0005-10-11 14:20:00,5,10,11,14,20,202,33.0,"SANS, NOGUES",,,Plein jour,En agglomération,Hors intersection,Normale,Autre collision,,,,,,,,,,,1,2,1,1,6
200500069994,0005-10-12 15:46:00,5,10,12,15,46,202,33.0,"SANS, MONTESORO - 4 VOIE",,,Plein jour,En agglomération,Hors intersection,Normale,Deux véhicules - arrière,,,,,,,,,,,1,2,1,1,2
200500069995,0005-10-12 23:37:00,5,10,12,23,37,202,33.0,193 - RN,,,Nuit avec éclairage allumé,En agglomération,Hors intersection,Normale,Autre collision,,,,,,,,,,,5,2,1,1,6
200500069996,0005-10-13 17:16:00,5,10,13,17,16,202,33.0,"SANS, AGLIANI - CHEMIN D",,,Plein jour,Hors agglomération,Hors intersection,Normale,Deux véhicules - frontale,,,,,,,,,,,1,1,1,1,1
200500069997,0005-10-14 10:30:00,5,10,14,10,30,202,33.0,FRONT DE MER - ROUTE DU,,,Plein jour,En agglomération,Hors intersection,Normale,Deux véhicules - frontale,,,,,,,,,,,1,2,1,1,1
200500069998,0005-10-17 17:23:00,5,10,17,17,23,202,120.0,"SANS, TOUTES RUES",,,Plein jour,En agglomération,Hors intersection,Normale,Autre collision,,,,,,,,,,,1,2,1,1,6
200500069999,0005-10-18 08:27:00,5,10,18,8,27,202,33.0,"SANS, TOUTES RUES",,,Plein jour,Hors agglomération,Hors intersection,Normale,Autre collision,,,,,,,,,,,1,1,1,1,6
200500070000,0005-10-19 08:20:00,5,10,19,8,20,202,33.0,"sans, TOUTES RUES",,,Plein jour,En agglomération,Hors intersection,Pluie légère,Autre collision,,,,,,,,,,,1,2,1,2,6
200500070001,0005-10-21 14:50:00,5,10,21,14,50,202,353.0,"SANS, TOUTES RUES",,,Plein jour,En agglomération,Hors intersection,Normale,Deux véhicules - frontale,,,,,,,,,,,1,2,1,1,1
200500070002,0005-10-22 19:08:00,5,10,22,19,8,202,33.0,"sans, MACCHIONE - CHEMIN",,,Crépuscule ou aube,En agglomération,Hors intersection,Normale,Autre collision,,,,,,,,,,,2,2,1,1,6
200500070003,0005-10-23 18:41:00,5,10,23,18,41,202,37.0,"SANS, TOUTES RUES",,,Nuit avec éclairage non allumé,En agglomération,Intersection en T,Normale,Trois véhicules et plus - en chaîne,,,,,,,,,,,4,2,3,1,4
200500070004,0005-10-23 20:12:00,5,10,23,20,12,202,33.0,"SANS, SAMPIERO CORSO - A",,,Nuit avec éclairage allumé,En agglomération,Hors intersection,Normale,Trois véhicules et plus - en chaîne,,,,,,,,,,,5,2,1,1,4
200500070005,0005-10-24 12:10:00,5,10,24,12,10,202,33.0,"SANS, FANGO - AVENUE DU",,,Plein jour,En agglomération,Hors intersection,Normale,Deux véhicules - arrière,,,,,,,,,,,1,2,1,1,2
200500070006,0005-10-28 08:24:00,5,10,28,8,24,202,120.0,"SANS, TOUTES RUES",,,Plein jour,En agglomération,Hors intersection,Normale,Autre collision,,,,,,,,,,,1,2,1,1,6
200500070007,0005-10-28 22:00:00,5,10,28,22,0,202,33.0,"SANS, GIRAUD - BD GENERA",,,Nuit avec éclairage allumé,En agglomération,Hors intersection,Normale,Autre collision,,,,,,,,,,,5,2,1,1,6
200500070008,0005-10-29 10:56:00,5,10,29,10,56,202,33.0,"sans, 193 - RN",,,Plein jour,En agglomération,Hors intersection,Normale,Deux véhicules - arrière,,,,,,,,,,,1,2,1,1,2
200500070009,0005-10-31 11:33:00,5,10,31,11,33,202,33.0,AV DE LA LIBERATION,,,Plein jour,En agglomération,Hors intersection,Normale,Deux véhicules - arrière,,,,,,,,,,,1,2,1,1,2
200500070010,0005-10-31 11:58:00,5,10,31,11,58,202,33.0,AV DE LA LIBERATION,,,Plein jour,Hors agglomération,Hors intersection,Normale,Deux véhicules - arrière,,,,,,,,,,,1,1,1,1,2
200500070011,0005-10-01 21:30:00,5,10,1,21,30,690,382.0,TREMIE N°06,,,Nuit avec éclairage allumé,En agglomération,Hors intersection,Pluie légère,Autre collision,,,,,,,,,,,5,2,1,2,6
200500070012,0005-10-05 21:50:00,5,10,5,21,50,690,382.0,"32, PERRACHE",,,Nuit avec éclairage allumé,En agglomération,Hors intersection,Normale,Deux véhicules - côté,,,,,,,,,,,5,2,1,1,3
200500070013,0005-10-06 07:48:00,5,10,6,7,48,690,382.0,Trémie n°7,,,Plein jour,En agglomération,Hors intersection,Normale,Deux véhicules - côté,,,,,,,,,,,1,2,1,1,3
200500070014,0005-10-08 12:30:00,5,10,8,12,30,690,382.0,JULES COURMONT,,,Plein jour,En agglomération,Intersection à plus de 4 branches,Normale,Deux véhicules - côté,,,,,,,,,,,1,2,5,1,3
200500070015,0005-10-27 17:10:00,5,10,27,17,10,690,382.0,"29, DOCTEUR GAILLETON (D",,,Plein jour,En agglomération,Hors intersection,Normale,Deux véhicules - côté,,,,,,,,,,,1,2,1,1,3
200500070016,0005-10-14 09:28:00,5,10,14,9,28,690,382.0,PERRACHE,,,Plein jour,En agglomération,Hors intersection,Normale,Deux véhicules - côté,,,,,,,,,,,1,2,1,1,3
200500070017,0005-10-23 19:45:00,5,10,23,19,45,690,382.0,"42, PERRACHE",,,Nuit avec éclairage allumé,En agglomération,Hors intersection,Normale,Trois véhicules et plus - collisions multiples,,,,,,,,,,,5,2,1,1,5
200500070018,0005-10-01 14:50:00,5,10,1,14,50,620,351.0,AUTOROUTE A21,,,Plein jour,Hors agglomération,Hors intersection,Normale,Sans collision,,,,,,,,,,,1,1,1,1,7
200500070019,0005-10-02 16:40:00,5,10,2,16,40,590,350.0,AUTOROUTE A1,,,Plein jour,Hors agglomération,Hors intersection,Pluie légère,Sans collision,,,,,,,,,,,1,1,1,2,7
200500070020,0005-10-02 19:00:00,5,10,2,19,0,590,515.0,ROUTE NATIONALE 356,,,Crépuscule ou aube,Hors agglomération,Hors intersection,Pluie légère,Autre collision,,,,,,,,,,,2,1,1,2,6
200500070021,0005-10-02 18:45:00,5,10,2,18,45,590,350.0,ROUTE NATIONALE 351,,,Plein jour,Hors agglomération,Hors intersection,Pluie légère,Sans collision,,,,,,,,,,,1,1,1,2,7
200500070022,0005-10-03 00:05:00,5,10,3,0,5,620,748.0,AUTOROUTE A16,,,Nuit avec éclairage allumé,Hors agglomération,Hors intersection,Normale,Sans collision,,,,,,,,,,,5,1,1,1,7
200500070023,0005-10-03 09:00:00,5,10,3,9,0,590,378.0,ROUTE NATIONALE 356,,,Plein jour,Hors agglomération,Hors intersection,Normale,Trois véhicules et plus - en chaîne,,,,,,,,,,,1,1,1,1,4
200500070024,0005-10-03 15:30:00,5,10,3,15,30,590,560.0,AUTOROUTE A1,,,Plein jour,Hors agglomération,Hors intersection,Normale,Trois véhicules et plus - collisions multiples,,,,,,,,,,,1,1,1,1,5
200500070025,0005-10-03 17:30:00,5,10,3,17,30,590,350.0,AUTOROUTE A25,,,Plein jour,Hors agglomération,Hors intersection,Normale,Deux véhicules - arrière,,,,,,,,,,,1,1,1,1,2
200500070026,0005-10-03 23:30:00,5,10,3,23,30,590,9.0,AUTOROUTE A22,,,Nuit avec éclairage allumé,Hors agglomération,Hors intersection,Normale,Autre collision,,,,,,,,,,,5,1,1,1,6
200500070027,0005-10-03 23:00:00,5,10,3,23,0,590,636.0,ROUTE NATIONALE 352,,,Nuit avec éclairage allumé,Hors agglomération,Hors intersection,Normale,Autre collision,,,,,,,,,,,5,1,1,1,6
200500070028,0005-10-07 14:50:00,5,10,7,14,50,620,186.0,AUTOROUTE A21,,,Plein jour,Hors agglomération,Hors intersection,Normale,Sans collision,,,,,,,,,,,1,1,1,1,7
200500070029,0005-10-07 15:00:00,5,10,7,15,0,590,9.0,ROUTE NATIONALE 227,,,Plein jour,Hors agglomération,Hors intersection,Normale,Deux véhicules - arrière,,,,,,,,,,,1,1,1,1,2
200500070030,0005-10-07 15:30:00,5,10,7,15,30,590,359.0,AUTOROUTE A16,,,Plein jour,Hors agglomération,Hors intersection,Normale,Autre collision,,,,,,,,,,,1,1,1,1,6
200500070031,0005-10-08 16:25:00,5,10,8,16,25,590,507.0,AUTOROUTE A1,,,Plein jour,Hors agglomération,Hors intersection,Normale,Deux véhicules - côté,,,,,,,,,,,1,1,1,1,3
200500070032,0005-10-08 18:15:00,5,10,8,18,15,590,155.0,AUTOROUTE A16,,,Plein jour,Hors agglomération,Hors intersection,Normale,Sans collision,,,,,,,,,,,1,1,1,1,7
200500070033,0005-10-09 16:35:00,5,10,9,16,35,590,343.0,AUTOROUTE A1,,,Plein jour,Hors agglomération,Hors intersection,Normale,Sans collision,,,,,,,,,,,1,1,1,1,7
200500070034,0005-10-09 20:25:00,5,10,9,20,25,590,9.0,ROUTE NATIONALE 227,,,Nuit avec éclairage allumé,Hors agglomération,Hors intersection,Normale,Deux véhicules - côté,,,,,,,,,,,5,1,1,1,3
200500070035,0005-10-11 15:50:00,5,10,11,15,50,590,343.0,AUTOROUTE A1,,,Plein jour,Hors agglomération,Hors intersection,Normale,Trois véhicules et plus - collisions multiples,,,,,,,,,,,1,1,1,1,5
200500070036,0005-10-11 22:15:00,5,10,11,22,15,590,143.0,AUTOROUTE A25,,,Nuit sans éclairage public,Hors agglomération,Hors intersection,Normale,Deux véhicules - arrière,,,,,,,,,,,3,1,1,1,2
200500070037,0005-10-12 11:30:00,5,10,12,11,30,590,195.0,ROUTE NATIONALE 352,,,Plein jour,Hors agglomération,Hors intersection,Normale,Deux véhicules - arrière,,,,,,,,,,,1,1,1,1,2