accident_id,datetime,annee,mois,jour,heure,minute,departement,commune_insee,adresse,latitude,longitude,luminosite,agglomeration,intersection,meteo,collision,nb_vehicules,nb_usagers,nb_indemnes,nb_tues,nb_blesses_hosp,nb_blesses_legers,age_cond_1,age_cond_2,veh_type_cond_1,veh_type_cond_2,lum_code,agg_code,int_code,atm_code,col_code
200500070297,0005-11-17 18:15:00,5,11,17,18,15,590,262.0,,50.81,2.676,Nuit sans éclairage public,Hors agglomération,Intersection en X,Normale,Deux véhicules - frontale,,,,,,,,,,,3,1,2,1,1
200500070298,0005-11-17 19:00:00,5,11,17,19,0,590,99.0,Route de VENDEGIES,,,Nuit sans éclairage public,En agglomération,Hors intersection,Normale,Sans collision,,,,,,,,,,,3,2,1,1,7
200500070299,0005-11-19 21:00:00,5,11,19,21,0,590,270.0,,50.122,3.818,Nuit sans éclairage public,Hors agglomération,Hors intersection,Pluie légère,Sans collision,,,,,,,,,,,3,1,1,2,7
200500070300,0005-11-03 17:45:00,5,11,3,17,45,590,601.0,rue aristide briand,50.064,4.105,Nuit avec éclairage allumé,En agglomération,Hors intersection,Normale,Deux véhicules - frontale,,,,,,,,,,,5,2,1,1,1
200500070301,0005-11-03 18:00:00,5,11,3,18,0,590,321.0,ROUTE NATIONALE,50.127,3.462,Crépuscule ou aube,En agglomération,Hors intersection,Normale,Autre collision,,,,,,,,,,,2,2,1,1,6
200500070302,0005-11-28 16:45:00,5,11,28,16,45,590,500.0,,,,Crépuscule ou aube,Hors agglomération,Hors intersection,Pluie forte,Deux véhicules - frontale,,,,,,,,,,,2,1,1,3,1
200500070303,0005-11-17 07:15:00,5,11,17,7,15,590,571.0,CD 43,,,Nuit sans éclairage public,Hors agglomération,Hors intersection,Autre,Deux véhicules - frontale,,,,,,,,,,,3,1,1,9,1
200500070304,0005-11-07 12:15:00,5,11,7,12,15,590,409.0,Rue Voltaire,50.303,3.205,Plein jour,En agglomération,Intersection en X,Normale,Deux véhicules - côté,,,,,,,,,,,1,2,2,1,3
200500070305,0005-11-19 14:15:00,5,11,19,14,15,590,254.0,,,,Plein jour,Hors agglomération,Hors intersection,Brouillard / fumée,Deux véhicules - arrière,,,,,,,,,,,1,1,1,5,2
200500070306,0005-11-25 13:15:00,5,11,25,13,15,590,330.0,RUE DU GAL DE GAULLE,50.478,3.305,Plein jour,En agglomération,Hors intersection,Normale,Deux véhicules - arrière,,,,,,,,,,,1,2,1,1,2
200500070307,0005-11-18 18:30:00,5,11,18,18,30,590,265.0,RUE DE LA GARE,50.266,3.711,Nuit avec éclairage allumé,En agglomération,Hors intersection,Normale,Deux véhicules - frontale,,,,,,,,,,,5,2,1,1,1
200500070308,0005-11-20 12:30:00,5,11,20,12,30,590,265.0,RUE SARLOTON,50.273,3.727,Plein jour,En agglomération,Hors intersection,Pluie légère,Deux véhicules - frontale,,,,,,,,,,,1,2,1,2,1
200500070309,0005-11-11 14:15:00,5,11,11,14,15,620,298.0,,,,Plein jour,Hors agglomération,Hors intersection,Normale,Sans collision,,,,,,,,,,,1,1,1,1,7
200500070310,0005-11-18 17:20:00,5,11,18,17,20,620,213.0,Rue pasteur,,,Nuit avec éclairage allumé,En agglomération,Hors intersection,Temps couvert,Sans collision,,,,,,,,,,,5,2,1,8,7
200500070311,0005-11-15 12:15:00,5,11,15,12,15,620,424.0,,50.23,2.968,Plein jour,Hors agglomération,Hors intersection,Pluie forte,Deux véhicules - frontale,,,,,,,,,,,1,1,1,3,1
200500070312,0005-11-19 09:30:00,5,11,19,9,30,620,473.0,rue Roger Salengro,50.625,2.467,Plein jour,En agglomération,Hors intersection,Temps éblouissant,Autre collision,,,,,,,,,,,1,2,1,7,6
200500070313,0005-11-24 18:00:00,5,11,24,18,0,620,606.0,rue du bois,,,Nuit sans éclairage public,Hors agglomération,Hors intersection,Pluie légère,Deux véhicules - frontale,,,,,,,,,,,3,1,1,2,1
200500070314,0005-11-22 18:00:00,5,11,22,18,0,620,584.0,oint kilométrique 34+300,,,Nuit sans éclairage public,Hors agglomération,Hors intersection,Normale,Deux véhicules - arrière,,,,,,,,,,,3,1,1,1,2
200500070315,0005-11-25 21:45:00,5,11,25,21,45,620,190.0,,,,Nuit sans éclairage public,Hors agglomération,Hors intersection,Normale,Autre collision,,,,,,,,,,,3,1,1,1,6
200500070316,0005-11-23 14:45:00,5,11,23,14,45,620,235.0,rue huret Lagache,50.666,1.664,Plein jour,En agglomération,Hors intersection,Pluie forte,Deux véhicules - côté,,,,,,,,,,,1,2,1,3,3
200500070317,0005-11-05 21:30:00,5,11,5,21,30,620,207.0,Rue du Centre - RD 917,,,Nuit avec éclairage allumé,En agglomération,Hors intersection,Temps couvert,Deux véhicules - frontale,,,,,,,,,,,5,2,1,8,1
200500070318,0005-11-30 20:30:00,5,11,30,20,30,620,849.0,,,,Nuit sans éclairage public,Hors agglomération,Hors intersection,Normale,Deux véhicules - frontale,,,,,,,,,,,3,1,1,1,1
200500070319,0005-11-25 20:45:00,5,11,25,20,45,620,204.0,,,,Nuit sans éclairage public,Hors agglomération,Hors intersection,Autre,Deux véhicules - frontale,,,,,,,,,,,3,1,1,9,1
200500070320,0005-11-01 18:15:00,5,11,1,18,15,620,78.0,rue du camp du drap d'or,,,Nuit sans éclairage public,En agglomération,Hors intersection,Normale,Deux véhicules - arrière,,,,,,,,,,,3,2,1,1,2
200500070321,0005-11-20 07:15:00,5,11,20,7,15,620,614.0,,50.844,2.015,Crépuscule ou aube,Hors agglomération,Hors intersection,Normale,Autre collision,,,,,,,,,,,2,1,1,1,6
200500070322,0005-11-30 18:00:00,5,11,30,18,0,620,614.0,,50.851,1.999,Nuit sans éclairage public,Hors agglomération,Hors intersection,Normale,Deux véhicules - arrière,,,,,,,,,,,3,1,1,1,2
200500070323,0005-11-20 18:00:00,5,11,20,18,0,620,57.0,ROUTE DU FORT BATARD,,,Nuit avec éclairage allumé,En agglomération,Hors intersection,Temps couvert,Deux véhicules - frontale,,,,,,,,,,,5,2,1,8,1
200500070324,0005-11-27 14:30:00,5,11,27,14,30,620,468.0,,50.396,2.211,Plein jour,Hors agglomération,Hors intersection,Temps couvert,Deux véhicules - arrière,,,,,,,,,,,1,1,1,8,2
200500070325,0005-11-13 10:45:00,5,11,13,10,45,620,630.0,,50.291,2.543,Plein jour,Hors agglomération,Hors intersection,Normale,Deux véhicules - frontale,,,,,,,,,,,1,1,1,1,1
200500070326,0005-11-21 23:15:00,5,11,21,23,15,620,784.0,,50.203,2.524,Nuit sans éclairage public,Hors agglomération,Hors intersection,Normale,Autre collision,,,,,,,,,,,3,1,1,1,6
200500070327,0005-11-13 02:45:00,5,11,13,2,45,620,519.0,,50.525,2.234,Nuit sans éclairage public,Hors agglomération,Hors intersection,Normale,Sans collision,,,,,,,,,,,3,1,1,1,7
200500070328,0005-11-30 15:30:00,5,11,30,15,30,800,36.0,,,,Plein jour,Hors agglomération,Hors intersection,Normale,Deux véhicules - frontale,,,,,,,,,,,1,1,1,1,1
200500070329,0005-11-08 17:45:00,5,11,8,17,45,800,655.0,,,,Nuit sans éclairage public,Hors agglomération,Hors intersection,Pluie légère,Sans collision,,,,,,,,,,,3,1,1,2,7
200500070330,0005-11-23 13:15:00,5,11,23,13,15,800,13.0,CD 901,,,Plein jour,En agglomération,Hors intersection,Normale,Deux véhicules - côté,,,,,,,,,,,1,2,1,1,3
200500070331,0005-11-18 17:45:00,5,11,18,17,45,800,11.0,85 rue jean Catelas,,,Nuit avec éclairage allumé,En agglomération,Intersection en X,Temps couvert,Autre collision,,,,,,,,,,,5,2,2,8,6
200500070332,0005-11-01 04:45:00,5,11,1,4,45,800,368.0,rue Ml Foch,50.091,1.549,Nuit avec éclairage allumé,En agglomération,Hors intersection,Normale,Autre collision,,,,,,,,,,,5,2,1,1,6
200500070333,0005-11-05 18:15:00,5,11,5,18,15,800,834.0,,50.062,1.517,Nuit sans éclairage public,Hors agglomération,Hors intersection,Normale,Autre collision,,,,,,,,,,,3,1,1,1,6
200500070334,0005-11-22 18:15:00,5,11,22,18,15,800,373.0,rue charles de gaulles,49.994,1.553,Nuit avec éclairage allumé,En agglomération,Hors intersection,Normale,Trois véhicules et plus - collisions multiples,,,,,,,,,,,5,2,1,1,5
200500070335,0005-11-29 19:30:00,5,11,29,19,30,800,327.0,,50.244,1.916,Nuit sans éclairage public,Hors agglomération,Hors intersection,Pluie légère,Deux véhicules - arrière,,,,,,,,,,,3,1,1,2,2
200500070336,0005-11-09 18:30:00,5,11,9,18,30,800,318.0,Rue Georges CLEMENCEAU,50.023,2.08,Nuit avec éclairage non allumé,En agglomération,Hors intersection,Normale,Deux véhicules - frontale,,,,,,,,,,,4,2,1,1,1
200500070337,0005-11-18 13:00:00,5,11,18,13,0,800,326.0,,,,Plein jour,Hors agglomération,Autre intersection,Normale,Deux véhicules - frontale,,,,,,,,,,,1,1,9,1,1
200500070338,0005-11-26 07:20:00,5,11,26,7,20,800,232.0,,,,Crépuscule ou aube,Hors agglomération,Hors intersection,Neige / grêle,Sans collision,,,,,,,,,,,2,1,1,4,7
200500070339,0005-11-02 07:45:00,5,11,2,7,45,800,299.0,CD 193,49.7,2.34,Plein jour,Hors agglomération,Hors intersection,Normale,Sans collision,,,,,,,,,,,1,1,1,1,7
200500070340,0005-11-10 22:45:00,5,11,10,22,45,800,237.0,"CD 23, PR 40",,,Nuit sans éclairage public,Hors agglomération,Hors intersection,Normale,Deux véhicules - frontale,,,,,,,,,,,3,1,1,1,1
200500070341,0005-11-17 05:15:00,5,11,17,5,15,800,237.0,,49.806,2.537,Nuit sans éclairage public,Hors agglomération,Hors intersection,Normale,Autre collision,,,,,,,,,,,3,1,1,1,6
200500070342,0005-11-15 12:30:00,5,11,15,12,30,800,240.0,CD 44,,,Plein jour,Hors agglomération,Hors intersection,Pluie forte,Autre collision,,,,,,,,,,,1,1,1,3,6
200500070343,0005-11-16 14:00:00,5,11,16,14,0,800,620.0,rue St Sauveur,,,Plein jour,En agglomération,Hors intersection,Normale,Deux véhicules - côté,,,,,,,,,,,1,2,1,1,3
200500070344,0005-11-24 07:45:00,5,11,24,7,45,800,513.0,CD938,,,Plein jour,Hors agglomération,Hors intersection,Temps couvert,Autre collision,,,,,,,,,,,1,1,1,8,6
200500070345,0005-11-27 05:00:00,5,11,27,5,0,800,240.0,CD 6,,,Nuit sans éclairage public,Hors agglomération,Intersection en X,Temps couvert,Trois véhicules et plus - collisions multiples,,,,,,,,,,,3,1,2,8,5
200500070346,0005-11-29 09:45:00,5,11,29,9,45,800,490.0,,50.005,2.816,Plein jour,Hors agglomération,Hors intersection,Temps couvert,Sans collision,,,,,,,,,,,1,1,1,8,7
200500070347,0005-11-13 17:45:00,5,11,13,17,45,800,547.0,,50.006,2.591,Nuit sans éclairage public,Hors agglomération,Intersection en T,Normale,Deux véhicules - côté,,,,,,,,,,,3,1,3,1,3
200500070348,0005-11-11 18:30:00,5,11,11,18,30,800,432.0,,49.873,2.755,Nuit sans éclairage public,Hors agglomération,Hors intersection,Normale,Sans collision,,,,,,,,,,,3,1,1,1,7
200500070349,0005-11-21 17:00:00,5,11,21,17,0,800,743.0,Route de MARICOURT,,,Crépuscule ou aube,Hors agglomération,Intersection en X,Normale,Deux véhicules - côté,,,,,,,,,,,2,1,2,1,3
200500070350,0005-11-04 15:30:00,5,11,4,15,30,20,48.0,,,,Plein jour,Hors agglomération,Hors intersection,Normale,Deux véhicules - côté,,,,,,,,,,,1,1,1,1,3
200500070351,0005-11-17 07:45:00,5,11,17,7,45,20,194.0,,49.738,3.847,Crépuscule ou aube,Hors agglomération,Hors intersection,Brouillard / fumée,Sans collision,,,,,,,,,,,2,1,1,5,7
200500070352,0005-11-26 07:30:00,5,11,26,7,30,20,559.0,"CD57, PK 1.500",49.715,3.482,Crépuscule ou aube,Hors agglomération,Hors intersection,Neige / grêle,Autre collision,,,,,,,,,,,2,1,1,4,6
200500070353,0005-11-03 16:30:00,5,11,3,16,30,20,716.0,,,,Plein jour,En agglomération,Hors intersection,Normale,Sans collision,,,,,,,,,,,1,2,1,1,7
200500070354,0005-11-08 17:45:00,5,11,8,17,45,20,173.0,PLACE DU BROUAGE,,,Nuit avec éclairage allumé,En agglomération,Place,Normale,Autre collision,,,,,,,,,,,5,2,7,1,6
200500070355,0005-11-19 21:50:00,5,11,19,21,50,20,768.0,CD 551,,,Nuit sans éclairage public,Hors agglomération,Intersection en X,Brouillard / fumée,Deux véhicules - côté,,,,,,,,,,,3,1,2,5,3
200500070356,0005-11-23 09:00:00,5,11,23,9,0,20,153.0,,,,Plein jour,Hors agglomération,Hors intersection,Autre,Autre collision,,,,,,,,,,,1,1,1,9,6
200500070357,0005-11-29 02:15:00,5,11,29,2,15,20,217.0,,49.525,3.289,Nuit sans éclairage public,Hors agglomération,Giratoire,Normale,Autre collision,,,,,,,,,,,3,1,6,1,6
200500070358,0005-11-06 12:30:00,5,11,6,12,30,20,676.0,,49.522,3.868,Plein jour,Hors agglomération,Hors intersection,Normale,Autre collision,,,,,,,,,,,1,1,1,1,6
200500070359,0005-11-12 10:45:00,5,11,12,10,45,20,587.0,,,,Plein jour,Hors agglomération,Hors intersection,Temps couvert,Sans collision,,,,,,,,,,,1,1,1,8,7
200500070360,0005-11-13 11:00:00,5,11,13,11,0,20,518.0,,48.973,3.537,Plein jour,Hors agglomération,Hors intersection,Temps couvert,Autre collision,,,,,,,,,,,1,1,1,8,6
200500070361,0005-11-15 12:00:00,5,11,15,12,0,20,290.0,"CD 969, hameau de Aulnoy",,,Plein jour,En agglomération,Hors intersection,Normale,Sans collision,,,,,,,,,,,1,2,1,1,7
200500070362,0005-11-16 12:00:00,5,11,16,12,0,20,280.0,,,,Plein jour,Hors agglomération,Hors intersection,Normale,Sans collision,,,,,,,,,,,1,1,1,1,7
200500070363,0005-11-26 11:00:00,5,11,26,11,0,20,356.0,CD1,,,Plein jour,Hors agglomération,Hors intersection,Neige / grêle,Deux véhicules - frontale,,,,,,,,,,,1,1,1,4,1
200500070364,0005-11-02 10:00:00,5,11,2,10,0,20,420.0,,,,Plein jour,Hors agglomération,Hors intersection,Pluie légère,Trois véhicules et plus - en chaîne,,,,,,,,,,,1,1,1,2,4
200500070365,0005-11-10 11:30:00,5,11,10,11,30,20,382.0,,49.859,3.205,Plein jour,Hors agglomération,Intersection en T,Normale,Deux véhicules - côté,,,,,,,,,,,1,1,3,1,3
200500070366,0005-11-30 23:30:00,5,11,30,23,30,20,359.0,Rue de Picardie,,,Nuit avec éclairage allumé,En agglomération,Hors intersection,Normale,Deux véhicules - arrière,,,,,,,,,,,5,2,1,1,2
200500070367,0005-11-07 18:35:00,5,11,7,18,35,20,370.0,,49.974,3.192,Plein jour,Hors agglomération,Hors intersection,Normale,Deux véhicules - arrière,,,,,,,,,,,1,1,1,1,2
200500070368,0005-11-30 18:15:00,5,11,30,18,15,20,57.0,,50.006,3.354,Nuit sans éclairage public,Hors agglomération,Hors intersection,Normale,Sans collision,,,,,,,,,,,3,1,1,1,7
200500070369,0005-11-22 08:15:00,5,11,22,8,15,20,756.0,,49.8,3.323,Crépuscule ou aube,Hors agglomération,Hors intersection,Normale,Sans collision,,,,,,,,,,,2,1,1,1,7
200500070370,0005-11-28 04:15:00,5,11,28,4,15,20,756.0,,,,Nuit sans éclairage public,Hors agglomération,Hors intersection,Temps couvert,Deux véhicules - arrière,,,,,,,,,,,3,1,1,8,2
200500070371,0005-11-30 18:15:00,5,11,30,18,15,20,477.0,,,,Nuit sans éclairage public,Hors agglomération,Hors intersection,Normale,Deux véhicules - arrière,,,,,,,,,,,3,1,1,1,2
200500070372,0005-11-21 17:30:00,5,11,21,17,30,20,224.0,,49.332,3.587,Nuit sans éclairage public,Hors agglomération,Autre intersection,Autre,Deux véhicules - frontale,,,,,,,,,,,3,1,9,9,1
200500070373,0005-11-22 18:25:00,5,11,22,18,25,20,3.0,CD6/CD951,,,Nuit sans éclairage public,Hors agglomération,Intersection en X,Normale,Trois véhicules et plus - collisions multiples,,,,,,,,,,,3,1,2,1,5
200500070374,0005-11-25 22:00:00,5,11,25,22,0,20,479.0,u dit FERME DE ST PIERRE,,,Nuit sans éclairage public,Hors agglomération,Hors intersection,Autre,Sans collision,,,,,,,,,,,3,1,1,9,7
200500070375,0005-11-19 14:45:00,5,11,19,14,45,20,438.0,,,,Plein jour,Hors agglomération,Hors intersection,Brouillard / fumée,Autre collision,,,,,,,,,,,1,1,1,5,6
200500070376,0005-11-01 14:00:00,5,11,1,14,0,20,789.0,,49.83,3.892,Plein jour,Hors agglomération,Hors intersection,Normale,Deux véhicules - côté,,,,,,,,,,,1,1,1,1,3
200500070377,0005-11-19 05:15:00,5,11,19,5,15,20,502.0,,,,Nuit sans éclairage public,Hors agglomération,Hors intersection,Brouillard / fumée,Autre collision,,,,,,,,,,,3,1,1,5,6
200500070378,0005-11-02 17:45:00,5,11,2,17,45,20,141.0,rue du Général de Gaulle,49.981,3.917,Nuit avec éclairage allumé,En agglomération,Hors intersection,Pluie forte,Deux véhicules - côté,,,,,,,,,,,5,2,1,3,3
200500070379,0005-11-06 18:00:00,5,11,6,18,0,20,295.0,65 RN2,49.906,3.914,Nuit avec éclairage allumé,En agglomération,Hors intersection,Normale,Deux véhicules - arrière,,,,,,,,,,,5,2,1,1,2
200500070380,0005-11-13 01:00:00,5,11,13,1,0,20,361.0,RUE DE LA REPUBLIQUE,49.908,3.63,Nuit avec éclairage allumé,En agglomération,Hors intersection,Normale,Autre collision,,,,,,,,,,,5,2,1,1,6
200500070381,0005-11-13 15:00:00,5,11,13,15,0,20,569.0,rue du canal,50.027,3.675,Plein jour,En agglomération,Hors intersection,Normale,Autre collision,,,,,,,,,,,1,2,1,1,6
200500070382,0005-11-12 17:15:00,5,11,12,17,15,20,381.0,Place Victor Hugo,49.929,4.081,Nuit avec éclairage allumé,En agglomération,Hors intersection,Normale,Autre collision,,,,,,,,,,,5,2,1,1,6
200500070383,0005-11-15 18:15:00,5,11,15,18,15,20,381.0,RUE LEON  BLUM,,,Nuit avec éclairage allumé,En agglomération,Hors intersection,Pluie légère,Autre collision,,,,,,,,,,,5,2,1,2,6
200500070384,0005-11-17 16:30:00,5,11,17,16,30,20,405.0,LA CENSE DES NOBLES,49.865,4.048,Plein jour,En agglomération,Hors intersection,Pluie légère,Autre collision,,,,,,,,,,,1,2,1,2,6
200500070385,0005-11-04 18:00:00,5,11,4,18,0,600,542.0,de Bailleul sur Thérain,,,Crépuscule ou aube,Hors agglomération,Intersection en X,Temps éblouissant,Trois véhicules et plus - collisions multiples,,,,,,,,,,,2,1,2,7,5
200500070386,0005-11-05 19:45:00,5,11,5,19,45,600,510.0,CD 981,,,Nuit sans éclairage public,Hors agglomération,Hors intersection,Normale,Deux véhicules - côté,,,,,,,,,,,3,1,1,1,3
200500070387,0005-11-24 05:15:00,5,11,24,5,15,600,616.0,,49.341,1.776,Nuit sans éclairage public,Hors agglomération,Hors intersection,Temps couvert,Autre collision,,,,,,,,,,,3,1,1,8,6
200500070388,0005-11-03 21:45:00,5,11,3,21,45,600,309.0,,,,Nuit sans éclairage public,Hors agglomération,Hors intersection,Normale,Trois véhicules et plus - collisions multiples,,,,,,,,,,,3,1,1,1,5
200500070389,0005-11-05 10:15:00,5,11,5,10,15,600,319.0,,,,Nuit sans éclairage public,En agglomération,Hors intersection,Normale,Deux véhicules - côté,,,,,,,,,,,3,2,1,1,3
200500070390,0005-11-25 13:45:00,5,11,25,13,45,600,89.0,,,,Plein jour,Hors agglomération,Hors intersection,Temps couvert,Deux véhicules - frontale,,,,,,,,,,,1,1,1,8,1
200500070391,0005-11-09 05:30:00,5,11,9,5,30,600,4.0,CD 901,,,Nuit sans éclairage public,Hors agglomération,Hors intersection,Normale,Deux véhicules - frontale,,,,,,,,,,,3,1,1,1,1
200500070392,0005-11-22 18:00:00,5,11,22,18,0,600,286.0,PLACE BARBIER,,,Nuit avec éclairage allumé,En agglomération,Giratoire,Normale,Deux véhicules - frontale,,,,,,,,,,,5,2,6,1,1
200500070393,0005-11-09 09:30:00,5,11,9,9,30,600,10.0,CD 927,,,Plein jour,Hors agglomération,Hors intersection,Pluie légère,Sans collision,,,,,,,,,,,1,1,1,2,7
200500070394,0005-11-21 09:00:00,5,11,21,9,0,600,462.0,place de Boncourt,,,Plein jour,En agglomération,Place,Autre,Autre collision,,,,,,,,,,,1,2,7,9,6
200500070395,0005-11-28 17:30:00,5,11,28,17,30,600,2.0,,,,Nuit sans éclairage public,Hors agglomération,Hors intersection,Pluie forte,Deux véhicules - arrière,,,,,,,,,,,3,1,1,3,2
200500070396,0005-11-29 19:00:00,5,11,29,19,0,600,433.0,au de la mare d'Ovillers,,,Nuit sans éclairage public,Hors agglomération,Hors intersection,Temps couvert,Trois véhicules et plus - collisions multiples,,,,,,,,,,,3,1,1,8,5
200500070397,0005-11-29 13:00:00,5,11,29,13,0,600,433.0,,,,Plein jour,Hors agglomération,Hors intersection,Normale,Deux véhicules - frontale,,,,,,,,,,,1,1,1,1,1
200500070398,0005-11-15 18:00:00,5,11,15,18,0,600,7.0,Rue Philippe Courtial,,,Nuit avec éclairage allumé,En agglomération,Hors intersection,Pluie légère,Sans collision,,,,,,,,,,,5,2,1,2,7
200500070399,0005-11-19 08:45:00,5,11,19,8,45,600,568.0,,,,Plein jour,Hors agglomération,Hors intersection,Brouillard / fumée,Sans collision,,,,,,,,,,,1,1,1,5,7
200500070400,0005-11-23 18:55:00,5,11,23,18,55,600,157.0,27 rue pierre vienot,,,Nuit avec éclairage allumé,En agglomération,Hors intersection,Normale,Deux véhicules - côté,,,,,,,,,,,5,2,1,1,3
200500070401,0005-11-12 17:45:00,5,11,12,17,45,600,58.0,,49.62,2.316,Nuit sans éclairage public,Hors agglomération,Hors intersection,Temps couvert,Deux véhicules - frontale,,,,,,,,,,,3,1,1,8,1
200500070402,0005-11-30 19:50:00,5,11,30,19,50,600,82.0,10 rue de la barre,,,Nuit avec éclairage allumé,En agglomération,Hors intersection,Normale,Sans collision,,,,,,,,,,,5,2,1,1,7
200500070403,0005-11-20 22:45:00,5,11,20,22,45,600,451.0,route départementale 110,,,Nuit sans éclairage public,Hors agglomération,Hors intersection,Brouillard / fumée,Deux véhicules - frontale,,,,,,,,,,,3,1,1,5,1
200500070404,0005-11-11 21:00:00,5,11,11,21,0,600,581.0,,,,Nuit sans éclairage public,Hors agglomération,Hors intersection,Brouillard / fumée,Sans collision,,,,,,,,,,,3,1,1,5,7
200500070405,0005-11-11 16:45:00,5,11,11,16,45,600,151.0,Rue des Vineux CD130,49.434,2.877,Plein jour,En agglomération,Hors intersection,Normale,Deux véhicules - frontale,,,,,,,,,,,1,2,1,1,1
200500070406,0005-11-03 08:45:00,5,11,3,8,45,600,223.0,rue de flandres,49.429,2.637,Plein jour,En agglomération,Hors intersection,Normale,Autre collision,,,,,,,,,,,1,2,1,1,6
200500070407,0005-11-04 07:45:00,5,11,4,7,45,600,24.0,,49.409,2.682,Crépuscule ou aube,Hors agglomération,Hors intersection,Temps couvert,Sans collision,,,,,,,,,,,2,1,1,8,7
200500070408,0005-11-12 20:00:00,5,11,12,20,0,600,318.0,rue des bois,49.348,2.642,Nuit avec éclairage allumé,En agglomération,Hors intersection,Normale,Autre collision,,,,,,,,,,,5,2,1,1,6
200500070409,0005-11-21 23:15:00,5,11,21,23,15,600,125.0,,49.408,2.71,Nuit sans éclairage public,Hors agglomération,Hors intersection,Pluie légère,Autre collision,,,,,,,,,,,3,1,1,2,6
200500070410,0005-11-22 18:15:00,5,11,22,18,15,600,318.0,,49.351,2.661,Nuit sans éclairage public,Hors agglomération,Hors intersection,Normale,Deux véhicules - arrière,,,,,,,,,,,3,1,1,1,2
200500070411,0005-11-02 13:15:00,5,11,2,13,15,600,471.0,,,,Crépuscule ou aube,Hors agglomération,Hors intersection,Temps couvert,Trois véhicules et plus - en chaîne,,,,,,,,,,,2,1,1,8,4
200500070412,0005-11-03 22:45:00,5,11,3,22,45,600,350.0,,,,Nuit sans éclairage public,Hors agglomération,Hors intersection,Normale,Sans collision,,,,,,,,,,,3,1,1,1,7
200500070413,0005-11-07 07:00:00,5,11,7,7,0,600,291.0,,,,Crépuscule ou aube,Hors agglomération,Hors intersection,Normale,Sans collision,,,,,,,,,,,2,1,1,1,7
200500070414,0005-11-12 16:15:00,5,11,12,16,15,600,62.0,CD130- rue Puits Paul,,,Plein jour,En agglomération,Hors intersection,Normale,Deux véhicules - frontale,,,,,,,,,,,1,2,1,1,1
200500070415,0005-11-25 10:30:00,5,11,25,10,30,600,471.0,BOULEVARD SARRAZIN,,,Plein jour,En agglomération,Hors intersection,Normale,Autre collision,,,,,,,,,,,1,2,1,1,6
200500070416,0005-11-20 18:15:00,5,11,20,18,15,570,323.0,rue Maréchal Ney,,,Nuit avec éclairage allumé,En agglomération,Hors intersection,Normale,Autre collision,,,,,,,,,,,5,2,1,1,6
200500070417,0005-11-10 22:30:00,5,11,10,22,30,600,612.0,intersection av Foch,,,Nuit avec éclairage allumé,En agglomération,Intersection en X,Normale,Deux véhicules - côté,,,,,,,,,,,5,2,2,1,3
200500070418,0005-11-16 13:45:00,5,11,16,13,45,600,682.0,,,,Plein jour,Hors agglomération,Hors intersection,Normale,Autre collision,,,,,,,,,,,1,1,1,1,6
200500070419,0005-11-04 01:00:00,5,11,4,1,0,600,5.0,,,,Nuit sans éclairage public,Hors agglomération,Autre intersection,Temps couvert,Sans collision,,,,,,,,,,,3,1,9,8,7
200500070420,0005-11-16 11:15:00,5,11,16,11,15,600,683.0,,,,Plein jour,Hors agglomération,Hors intersection,Pluie légère,Deux véhicules - côté,,,,,,,,,,,1,1,1,2,3
200500070421,0005-11-28 22:20:00,5,11,28,22,20,600,358.0,Rue de la Morinaude,,,Nuit avec éclairage allumé,Hors agglomération,Hors intersection,Temps couvert,Deux véhicules - frontale,,,,,,,,,,,5,1,1,8,1
200500070422,0005-11-29 23:00:00,5,11,29,23,0,600,91.0,,,,Nuit sans éclairage public,Hors agglomération,Hors intersection,Normale,Sans collision,,,,,,,,,,,3,1,1,1,7
200500070423,0005-11-17 07:00:00,5,11,17,7,0,600,139.0,,,,Nuit sans éclairage public,Hors agglomération,Hors intersection,Normale,Trois véhicules et plus - collisions multiples,,,,,,,,,,,3,1,1,1,5
200500070424,0005-11-22 15:30:00,5,11,22,15,30,600,139.0,rue Truffaut,,,Plein jour,En agglomération,Hors intersection,Normale,Autre collision,,,,,,,,,,,1,2,1,1,6
200500070425,0005-11-30 18:30:00,5,11,30,18,30,600,139.0,rue du 11 novembre,,,Nuit avec éclairage allumé,En agglomération,Hors intersection,Pluie légère,Trois véhicules et plus - collisions multiples,,,,,,,,,,,5,2,1,2,5