accident_id,datetime,annee,mois,jour,heure,minute,departement,commune_insee,adresse,latitude,longitude,luminosite,agglomeration,intersection,meteo,collision,nb_vehicules,nb_usagers,nb_indemnes,nb_tues,nb_blesses_hosp,nb_blesses_legers,age_cond_1,age_cond_2,veh_type_cond_1,veh_type_cond_2,lum_code,agg_code,int_code,atm_code,col_code
200500070948,0005-11-02 18:30:00,5,11,2,18,30,170,93.0,,,,Nuit sans éclairage public,Hors agglomération,Hors intersection,Normale,Deux véhicules - frontale,,,,,,,,,,,3,1,1,1,1
200500070949,0005-11-11 16:00:00,5,11,11,16,0,170,337.0,LE PRES  VALLET,,,Plein jour,En agglomération,Hors intersection,Normale,Deux véhicules - frontale,,,,,,,,,,,1,2,1,1,1
200500070950,0005-11-16 01:00:00,5,11,16,1,0,170,385.0,,,,Nuit sans éclairage public,Hors agglomération,Hors intersection,Pluie légère,Autre collision,,,,,,,,,,,3,1,1,2,6
200500070951,0005-11-22 15:30:00,5,11,22,15,30,170,337.0,-dit La pièce des Combes,,,Plein jour,Hors agglomération,Intersection en T,Normale,Deux véhicules - frontale,,,,,,,,,,,1,1,3,1,1
200500070952,0005-11-01 04:15:00,5,11,1,4,15,170,21.0,34 AV PRESQU ILE D ARVER,45.746,-1.118,Nuit avec éclairage allumé,En agglomération,Hors intersection,Temps couvert,Autre collision,,,,,,,,,,,5,2,1,8,6
200500070953,0005-11-14 19:15:00,5,11,14,19,15,170,452.0,Boulevard Pasteur,45.776,-1.142,Nuit avec éclairage allumé,En agglomération,Intersection en X,Normale,Deux véhicules - côté,,,,,,,,,,,5,2,2,1,3
200500070954,0005-11-03 12:00:00,5,11,3,12,0,170,452.0,,,,Plein jour,Hors agglomération,Hors intersection,Normale,Deux véhicules - frontale,,,,,,,,,,,1,1,1,1,1
200500070955,0005-11-20 06:15:00,5,11,20,6,15,170,155.0,Les Albaudes,,,Nuit sans éclairage public,Hors agglomération,Hors intersection,Normale,Sans collision,,,,,,,,,,,3,1,1,1,7
200500070956,0005-11-06 18:30:00,5,11,6,18,30,170,434.0,cd 939 bis,46.11,-0.74,Nuit avec éclairage allumé,En agglomération,Hors intersection,Pluie légère,Autre collision,,,,,,,,,,,5,2,1,2,6
200500070957,0005-11-19 01:50:00,5,11,19,1,50,170,426.0,CD 120,,,Nuit sans éclairage public,En agglomération,Hors intersection,Normale,Autre collision,,,,,,,,,,,3,2,1,1,6
200500070958,0005-11-23 16:00:00,5,11,23,16,0,170,462.0,,45.8,-0.565,Plein jour,Hors agglomération,Hors intersection,Normale,Deux véhicules - arrière,,,,,,,,,,,1,1,1,1,2
200500070959,0005-11-29 15:45:00,5,11,29,15,45,170,453.0,,,,Plein jour,Hors agglomération,Hors intersection,Pluie légère,Sans collision,,,,,,,,,,,1,1,1,2,7
200500070960,0005-11-30 10:15:00,5,11,30,10,15,170,387.0,,,,Plein jour,Hors agglomération,Intersection en X,Pluie légère,Deux véhicules - côté,,,,,,,,,,,1,1,2,2,3
200500070961,0005-11-01 01:45:00,5,11,1,1,45,170,421.0,,,,Nuit sans éclairage public,Hors agglomération,Hors intersection,Temps couvert,Sans collision,,,,,,,,,,,3,1,1,8,7
200500070962,0005-11-11 12:30:00,5,11,11,12,30,170,131.0,Les Gorces,,,Plein jour,Hors agglomération,Hors intersection,Normale,Deux véhicules - côté,,,,,,,,,,,1,1,1,1,3
200500070963,0005-11-11 10:30:00,5,11,11,10,30,170,181.0,,,,Plein jour,Hors agglomération,Hors intersection,Normale,Sans collision,,,,,,,,,,,1,1,1,1,7
200500070964,0005-11-17 16:15:00,5,11,17,16,15,170,347.0,,,,Plein jour,Hors agglomération,Hors intersection,Normale,Deux véhicules - frontale,,,,,,,,,,,1,1,1,1,1
200500070965,0005-11-20 11:30:00,5,11,20,11,30,170,347.0,Avenue du Point du jour,,,Nuit sans éclairage public,En agglomération,Hors intersection,Normale,Autre collision,,,,,,,,,,,3,2,1,1,6
200500070966,0005-11-27 03:45:00,5,11,27,3,45,170,277.0,RN150,,,Nuit avec éclairage allumé,En agglomération,Hors intersection,Normale,Autre collision,,,,,,,,,,,5,2,1,1,6
200500070967,0005-11-27 12:45:00,5,11,27,12,45,170,347.0,Gal de Gaulle/frèer Moth,,,Plein jour,En agglomération,Hors intersection,Normale,Deux véhicules - côté,,,,,,,,,,,1,2,1,1,3
200500070968,0005-11-08 19:45:00,5,11,8,19,45,790,66.0,,,,Nuit sans éclairage public,En agglomération,Hors intersection,Normale,Autre collision,,,,,,,,,,,3,2,1,1,6
200500070969,0005-11-12 15:30:00,5,11,12,15,30,790,293.0,,46.378,-0.509,Plein jour,Hors agglomération,Hors intersection,Pluie légère,Trois véhicules et plus - en chaîne,,,,,,,,,,,1,1,1,2,4
200500070970,0005-11-22 10:00:00,5,11,22,10,0,790,101.0,,46.473,-0.599,Plein jour,Hors agglomération,Hors intersection,Normale,Deux véhicules - frontale,,,,,,,,,,,1,1,1,1,1
200500070971,0005-11-11 15:45:00,5,11,11,15,45,790,170.0,,46.212,-0.68,Plein jour,Hors agglomération,Hors intersection,Normale,Deux véhicules - frontale,,,,,,,,,,,1,1,1,1,1
200500070972,0005-11-07 06:45:00,5,11,7,6,45,790,115.0,,46.35,-0.082,Crépuscule ou aube,Hors agglomération,Intersection en Y,Pluie légère,Deux véhicules - frontale,,,,,,,,,,,2,1,4,2,1
200500070973,0005-11-26 20:45:00,5,11,26,20,45,790,115.0,,,,Nuit sans éclairage public,Hors agglomération,Hors intersection,Pluie légère,Sans collision,,,,,,,,,,,3,1,1,2,7
200500070974,0005-11-03 18:20:00,5,11,3,18,20,790,49.0,,,,Nuit avec éclairage allumé,Hors agglomération,Hors intersection,Pluie légère,Autre collision,,,,,,,,,,,5,1,1,2,6
200500070975,0005-11-09 12:45:00,5,11,9,12,45,790,289.0,,46.981,-0.696,Plein jour,Hors agglomération,Hors intersection,Normale,Sans collision,,,,,,,,,,,1,1,1,1,7
200500070976,0005-11-20 22:30:00,5,11,20,22,30,790,17.0,,46.981,-0.636,Nuit sans éclairage public,Hors agglomération,Hors intersection,Normale,Autre collision,,,,,,,,,,,3,1,1,1,6
200500070977,0005-11-30 10:45:00,5,11,30,10,45,790,62.0,CD 960 Bis / CD 744,,,Plein jour,En agglomération,Giratoire,Normale,Deux véhicules - côté,,,,,,,,,,,1,2,6,1,3
200500070978,0005-11-06 06:00:00,5,11,6,6,0,790,209.0,,,,Nuit sans éclairage public,Hors agglomération,Hors intersection,Normale,Sans collision,,,,,,,,,,,3,1,1,1,7
200500070979,0005-11-17 10:30:00,5,11,17,10,30,790,157.0,C.D. 938,,,Plein jour,Hors agglomération,Hors intersection,Normale,Deux véhicules - côté,,,,,,,,,,,1,1,1,1,3
200500070980,0005-11-12 08:00:00,5,11,12,8,0,790,330.0,,,,Plein jour,Hors agglomération,Hors intersection,Temps couvert,Autre collision,,,,,,,,,,,1,1,1,8,6
200500070981,0005-11-18 19:45:00,5,11,18,19,45,790,307.0,CD 948 route de Civray,,,Nuit avec éclairage allumé,En agglomération,Hors intersection,Normale,Deux véhicules - côté,,,,,,,,,,,5,2,1,1,3
200500070982,0005-11-24 17:30:00,5,11,24,17,30,790,83.0,,,,Nuit sans éclairage public,Hors agglomération,Hors intersection,Pluie légère,Deux véhicules - frontale,,,,,,,,,,,3,1,1,2,1
200500070983,0005-11-12 09:42:00,5,11,12,9,42,790,5.0,RD 28 route de Répéroux,,,Crépuscule ou aube,Hors agglomération,Hors intersection,Temps couvert,Autre collision,,,,,,,,,,,2,1,1,8,6
200500070984,0005-11-09 19:10:00,5,11,9,19,10,870,125.0,Avenue de la Libération,,,Nuit avec éclairage allumé,En agglomération,Hors intersection,Pluie légère,Deux véhicules - côté,,,,,,,,,,,5,2,1,2,3
200500070985,0005-11-22 12:00:00,5,11,22,12,0,870,202.0,"Lieudit ""La Bouteille""",,,Plein jour,Hors agglomération,Hors intersection,Normale,Trois véhicules et plus - collisions multiples,,,,,,,,,,,1,1,1,1,5
200500070986,0005-11-25 17:45:00,5,11,25,17,45,870,161.0,avenue Jean Moulin,45.838,1.498,Nuit avec éclairage allumé,En agglomération,Hors intersection,Normale,Deux véhicules - frontale,,,,,,,,,,,5,2,1,1,1
200500070987,0005-11-16 10:15:00,5,11,16,10,15,870,96.0,,,,Plein jour,Hors agglomération,Hors intersection,Temps couvert,Deux véhicules - frontale,,,,,,,,,,,1,1,1,8,1
200500070988,0005-11-04 11:45:00,5,11,4,11,45,870,28.0,,46.235,0.899,Plein jour,Hors agglomération,Intersection en X,Pluie légère,Deux véhicules - côté,,,,,,,,,,,1,1,2,2,3
200500070989,0005-11-09 05:30:00,5,11,9,5,30,870,97.0,avenue de Confolens,,,Nuit avec éclairage allumé,En agglomération,Hors intersection,Pluie légère,Deux véhicules - côté,,,,,,,,,,,5,2,1,2,3
200500070990,0005-11-11 23:50:00,5,11,11,23,50,870,33.0,"2 lieu-dit ""Pellechevent",,,Nuit sans éclairage public,Hors agglomération,Hors intersection,Normale,Autre collision,,,,,,,,,,,3,1,1,1,6
200500070991,0005-11-17 09:00:00,5,11,17,9,0,870,14.0,,46.136,1.373,Plein jour,Hors agglomération,Hors intersection,Normale,Trois véhicules et plus - en chaîne,,,,,,,,,,,1,1,1,1,4
200500070992,0005-11-11 22:30:00,5,11,11,22,30,870,89.0,Sirvenon,,,Nuit sans éclairage public,Hors agglomération,Hors intersection,Normale,Sans collision,,,,,,,,,,,3,1,1,1,7
200500070993,0005-11-30 14:15:00,5,11,30,14,15,870,158.0,,45.755,0.961,Plein jour,Hors agglomération,Hors intersection,Normale,Deux véhicules - frontale,,,,,,,,,,,1,1,1,1,1
200500070994,0005-11-25 10:45:00,5,11,25,10,45,190,98.0,Les Jordes,45.216,1.826,Plein jour,Hors agglomération,Hors intersection,Pluie légère,Deux véhicules - côté,,,,,,,,,,,1,1,1,2,3
200500070995,0005-11-01 16:15:00,5,11,1,16,15,190,237.0,RUE DE LA GANE,45.147,2.092,Plein jour,En agglomération,Hors intersection,Normale,Autre collision,,,,,,,,,,,1,2,1,1,6
200500070996,0005-11-04 10:30:00,5,11,4,10,30,190,237.0,Rue de la Xaintrie,45.143,2.1,Nuit avec éclairage allumé,En agglomération,Hors intersection,Pluie légère,Autre collision,,,,,,,,,,,5,2,1,2,6
200500070997,0005-11-14 11:45:00,5,11,14,11,45,190,7.0,,,,Plein jour,Hors agglomération,Hors intersection,Normale,Deux véhicules - arrière,,,,,,,,,,,1,1,1,1,2
200500070998,0005-11-02 02:15:00,5,11,2,2,15,190,176.0,,,,Nuit sans éclairage public,Hors agglomération,Giratoire,Normale,Autre collision,,,,,,,,,,,3,1,6,1,6
200500070999,0005-11-06 08:45:00,5,11,6,8,45,190,37.0,"LIEU DIT ""CHAILLAC""",,,Plein jour,Hors agglomération,Hors intersection,Normale,Sans collision,,,,,,,,,,,1,1,1,1,7
200500071000,0005-11-21 09:45:00,5,11,21,9,45,190,276.0,anale de La gane Lachaud,45.4,1.572,Plein jour,Hors agglomération,Hors intersection,Normale,Deux véhicules - arrière,,,,,,,,,,,1,1,1,1,2
200500071001,0005-11-17 07:30:00,5,11,17,7,30,190,229.0,CD 152E,,,Crépuscule ou aube,En agglomération,Hors intersection,Normale,Deux véhicules - côté,,,,,,,,,,,2,2,1,1,3
200500071002,0005-11-30 19:00:00,5,11,30,19,0,190,63.0,,45.119,1.589,Nuit sans éclairage public,Hors agglomération,Autre intersection,Autre,Deux véhicules - frontale,,,,,,,,,,,3,1,9,9,1
200500071003,0005-11-25 12:30:00,5,11,25,12,30,190,154.0,,45.363,1.475,Plein jour,Hors agglomération,Hors intersection,Temps couvert,Deux véhicules - côté,,,,,,,,,,,1,1,1,8,3
200500071004,0005-11-10 10:45:00,5,11,10,10,45,230,103.0,,,,Plein jour,Hors agglomération,Hors intersection,Brouillard / fumée,Deux véhicules - frontale,,,,,,,,,,,1,1,1,5,1
200500071005,0005-11-06 11:15:00,5,11,6,11,15,230,64.0,,46.33,2.065,Plein jour,Hors agglomération,Hors intersection,Normale,Deux véhicules - frontale,,,,,,,,,,,1,1,1,1,1
200500071006,0005-11-26 19:55:00,5,11,26,19,55,230,102.0,lieu dit folbeix,,,Nuit sans éclairage public,Hors agglomération,Hors intersection,Normale,Autre collision,,,,,,,,,,,3,1,1,1,6
200500071007,0005-11-10 06:20:00,5,11,10,6,20,230,149.0,"""Domaine du bois""",,,Nuit sans éclairage public,Hors agglomération,Hors intersection,Brouillard / fumée,Deux véhicules - frontale,,,,,,,,,,,3,1,1,5,1
200500071008,0005-11-09 17:00:00,5,11,9,17,0,230,219.0,,46.212,1.4,Plein jour,Hors agglomération,Hors intersection,Normale,Trois véhicules et plus - en chaîne,,,,,,,,,,,1,1,1,1,4
200500071009,0005-11-29 08:45:00,5,11,29,8,45,230,164.0,Chaumeix,,,Plein jour,Hors agglomération,Hors intersection,Temps couvert,Deux véhicules - frontale,,,,,,,,,,,1,1,1,8,1
200500071010,0005-11-10 14:00:00,5,11,10,14,0,230,99.0,,46.054,1.735,Plein jour,Hors agglomération,Intersection en Y,Normale,Deux véhicules - frontale,,,,,,,,,,,1,1,4,1,1
200500071011,0005-11-19 15:15:00,5,11,19,15,15,230,21.0,Route de Marsac,,,Plein jour,En agglomération,Autre intersection,Temps éblouissant,Deux véhicules - côté,,,,,,,,,,,1,2,9,7,3
200500071012,0005-11-18 14:00:00,5,11,18,14,0,230,165.0,,45.855,1.938,Plein jour,Hors agglomération,Hors intersection,Normale,Deux véhicules - frontale,,,,,,,,,,,1,1,1,1,1
200500071013,0005-11-03 08:00:00,5,11,3,8,0,310,389.0,Lieu-dit Bel souleil,,,Plein jour,En agglomération,Giratoire,Normale,Sans collision,,,,,,,,,,,1,2,6,1,7
200500071014,0005-11-12 22:15:00,5,11,12,22,15,310,44.0,Carrefour de l'Eglise,,,Nuit avec éclairage allumé,En agglomération,Hors intersection,Pluie légère,Deux véhicules - côté,,,,,,,,,,,5,2,1,2,3
200500071015,0005-11-30 17:00:00,5,11,30,17,0,310,184.0,chemin de la Terrasse de,43.588,1.575,Plein jour,Hors agglomération,Hors intersection,Normale,Trois véhicules et plus - collisions multiples,,,,,,,,,,,1,1,1,1,5
200500071016,0005-11-09 23:15:00,5,11,9,23,15,310,118.0,,,,Nuit avec éclairage allumé,Hors agglomération,Hors intersection,Normale,Autre collision,,,,,,,,,,,5,1,1,1,6
200500071017,0005-11-19 05:00:00,5,11,19,5,0,310,383.0,LIEU DIT LE CHENE VERT,,,Nuit sans éclairage public,Hors agglomération,Hors intersection,Normale,Autre collision,,,,,,,,,,,3,1,1,1,6
200500071018,0005-11-07 12:15:00,5,11,7,12,15,310,413.0,,43.74,1.111,Plein jour,Hors agglomération,Hors intersection,Normale,Sans collision,,,,,,,,,,,1,1,1,1,7
200500071019,0005-11-18 08:00:00,5,11,18,8,0,310,417.0,,,,Plein jour,Hors agglomération,Hors intersection,Normale,Deux véhicules - frontale,,,,,,,,,,,1,1,1,1,1
200500071020,0005-11-25 17:15:00,5,11,25,17,15,310,424.0,,,,Nuit avec éclairage allumé,En agglomération,Hors intersection,Pluie légère,Deux véhicules - côté,,,,,,,,,,,5,2,1,2,3
200500071021,0005-11-30 12:30:00,5,11,30,12,30,310,424.0,RUE LAVOISIER,,,Plein jour,En agglomération,Hors intersection,Normale,Deux véhicules - frontale,,,,,,,,,,,1,2,1,1,1
200500071022,0005-11-16 07:30:00,5,11,16,7,30,310,293.0,63 G dans le sens ST JOR,43.719,1.39,Crépuscule ou aube,Hors agglomération,Hors intersection,Normale,Deux véhicules - arrière,,,,,,,,,,,2,1,1,1,2
200500071023,0005-11-19 16:30:00,5,11,19,16,30,310,516.0,,,,Plein jour,Hors agglomération,Hors intersection,Normale,Deux véhicules - frontale,,,,,,,,,,,1,1,1,1,1
200500071024,0005-11-16 17:45:00,5,11,16,17,45,310,561.0,AVENUE DES TOURTERELLES,43.671,1.48,Crépuscule ou aube,En agglomération,Autre intersection,Pluie légère,Sans collision,,,,,,,,,,,2,2,9,2,7
200500071025,0005-11-25 17:00:00,5,11,25,17,0,310,107.0,71 avenue de toulouse,43.31,1.225,Crépuscule ou aube,En agglomération,Intersection en X,Pluie légère,Autre collision,,,,,,,,,,,2,2,2,2,6
200500071026,0005-11-11 13:00:00,5,11,11,13,0,310,476.0,,,,Plein jour,Hors agglomération,Hors intersection,Normale,Autre collision,,,,,,,,,,,1,1,1,1,6
200500071027,0005-11-12 15:45:00,5,11,12,15,45,310,499.0,rouite de LAMASQUERE,,,Plein jour,En agglomération,Hors intersection,Normale,Autre collision,,,,,,,,,,,1,2,1,1,6
200500071028,0005-11-28 09:15:00,5,11,28,9,15,310,75.0,,,,Plein jour,Hors agglomération,Hors intersection,Normale,Deux véhicules - côté,,,,,,,,,,,1,1,1,1,3
200500071029,0005-11-05 15:10:00,5,11,5,15,10,310,502.0,Route de St Gaudens,,,Plein jour,En agglomération,Hors intersection,Normale,Deux véhicules - côté,,,,,,,,,,,1,2,1,1,3
200500071030,0005-11-13 16:15:00,5,11,13,16,15,310,45.0,,43.031,0.613,Plein jour,Hors agglomération,Hors intersection,Normale,Deux véhicules - frontale,,,,,,,,,,,1,1,1,1,1
200500071031,0005-11-23 07:45:00,5,11,23,7,45,310,224.0,Avenue de Luchon,43.079,0.586,Plein jour,En agglomération,Hors intersection,Normale,Deux véhicules - côté,,,,,,,,,,,1,2,1,1,3
200500071032,0005-11-03 14:15:00,5,11,3,14,15,310,271.0,,43.586,1.672,Plein jour,Hors agglomération,Intersection en X,Normale,Deux véhicules - côté,,,,,,,,,,,1,1,2,1,3
200500071033,0005-11-10 09:00:00,5,11,10,9,0,310,3.0,,43.565,1.587,Plein jour,Hors agglomération,Hors intersection,Normale,Autre collision,,,,,,,,,,,1,1,1,1,6
200500071034,0005-11-14 18:15:00,5,11,14,18,15,90,306.0,Avenue St ROCH,,,Crépuscule ou aube,En agglomération,Hors intersection,Pluie légère,Autre collision,,,,,,,,,,,2,2,1,2,6
200500071035,0005-11-28 16:00:00,5,11,28,16,0,90,306.0,enue du Maréchal Leclerc,,,Plein jour,En agglomération,Hors intersection,Normale,Deux véhicules - côté,,,,,,,,,,,1,2,1,1,3
200500071036,0005-11-12 11:00:00,5,11,12,11,0,90,261.0,,42.996,1.156,Plein jour,En agglomération,Intersection en T,Normale,Deux véhicules - frontale,,,,,,,,,,,1,2,3,1,1
200500071037,0005-11-29 10:30:00,5,11,29,10,30,90,301.0,,42.904,1.235,Plein jour,Hors agglomération,Hors intersection,Neige / grêle,Sans collision,,,,,,,,,,,1,1,1,4,7
200500071038,0005-11-17 16:00:00,5,11,17,16,0,120,1.0,,44.355,2.685,Plein jour,Hors agglomération,Hors intersection,Normale,Sans collision,,,,,,,,,,,1,1,1,1,7
200500071039,0005-11-23 15:30:00,5,11,23,15,30,120,43.0,,44.29,2.515,Plein jour,Hors agglomération,Hors intersection,Normale,Trois véhicules et plus - en chaîne,,,,,,,,,,,1,1,1,1,4
200500071040,0005-11-07 16:15:00,5,11,7,16,15,120,254.0,,,,Plein jour,Hors agglomération,Hors intersection,Normale,Deux véhicules - côté,,,,,,,,,,,1,1,1,1,3
200500071041,0005-11-12 20:30:00,5,11,12,20,30,120,112.0,,44.779,2.768,Nuit sans éclairage public,Hors agglomération,Hors intersection,Pluie légère,Sans collision,,,,,,,,,,,3,1,1,2,7
200500071042,0005-11-18 11:45:00,5,11,18,11,45,120,2.0,,,,Plein jour,Hors agglomération,Hors intersection,Normale,Deux véhicules - frontale,,,,,,,,,,,1,1,1,1,1
200500071043,0005-11-04 20:20:00,5,11,4,20,20,120,247.0,"D202, PK 2+250",,,Nuit sans éclairage public,Hors agglomération,Hors intersection,Pluie légère,Autre collision,,,,,,,,,,,3,1,1,2,6
200500071044,0005-11-20 15:30:00,5,11,20,15,30,120,243.0,,44.006,2.971,Plein jour,Hors agglomération,Hors intersection,Normale,Sans collision,,,,,,,,,,,1,1,1,1,7
200500071045,0005-11-22 14:15:00,5,11,22,14,15,120,244.0,,,,Plein jour,Hors agglomération,Hors intersection,Normale,Sans collision,,,,,,,,,,,1,1,1,1,7
200500071046,0005-11-02 08:30:00,5,11,2,8,30,120,300.0,,44.35,2.044,Plein jour,Hors agglomération,Hors intersection,Brouillard / fumée,Autre collision,,,,,,,,,,,1,1,1,5,6
200500071047,0005-11-09 07:45:00,5,11,9,7,45,120,136.0,,,,Crépuscule ou aube,Hors agglomération,Hors intersection,Pluie légère,Trois véhicules et plus - en chaîne,,,,,,,,,,,2,1,1,2,4
200500071048,0005-11-20 12:15:00,5,11,20,12,15,120,300.0,61 avenue de Verdun,44.352,2.029,Plein jour,En agglomération,Hors intersection,Normale,Deux véhicules - côté,,,,,,,,,,,1,2,1,1,3
200500071049,0005-11-21 16:15:00,5,11,21,16,15,120,52.0,,,,Plein jour,Hors agglomération,Autre intersection,Normale,Deux véhicules - frontale,,,,,,,,,,,1,1,9,1,1
200500071050,0005-11-19 21:00:00,5,11,19,21,0,320,91.0,Lieu-dit Gironis,,,Nuit sans éclairage public,Hors agglomération,Hors intersection,Normale,Deux véhicules - frontale,,,,,,,,,,,3,1,1,1,1
200500071051,0005-11-15 17:30:00,5,11,15,17,30,320,147.0,,,,Crépuscule ou aube,Hors agglomération,Hors intersection,Temps couvert,Deux véhicules - frontale,,,,,,,,,,,2,1,1,8,1
200500071052,0005-11-19 21:45:00,5,11,19,21,45,320,447.0,,,,Nuit sans éclairage public,Hors agglomération,Intersection en X,Normale,Deux véhicules - côté,,,,,,,,,,,3,1,2,1,3
200500071053,0005-11-20 01:00:00,5,11,20,1,0,320,433.0,,,,Nuit sans éclairage public,Hors agglomération,Hors intersection,Normale,Sans collision,,,,,,,,,,,3,1,1,1,7
200500071054,0005-11-25 15:30:00,5,11,25,15,30,320,69.0,"Lieu-dit ""En Taillan""",,,Plein jour,Hors agglomération,Intersection en X,Pluie forte,Deux véhicules - côté,,,,,,,,,,,1,1,2,3,3
200500071055,0005-11-08 19:30:00,5,11,8,19,30,320,462.0,,,,Nuit sans éclairage public,Hors agglomération,Hors intersection,Normale,Sans collision,,,,,,,,,,,3,1,1,1,7
200500071056,0005-11-25 16:30:00,5,11,25,16,30,320,204.0,,43.763,0.518,Plein jour,Hors agglomération,Hors intersection,Pluie forte,Deux véhicules - frontale,,,,,,,,,,,1,1,1,3,1
200500071057,0005-11-04 09:20:00,5,11,4,9,20,320,107.0,Lieu dit Belle Rose,,,Plein jour,Hors agglomération,Hors intersection,Pluie légère,Trois véhicules et plus - en chaîne,,,,,,,,,,,1,1,1,2,4
200500071058,0005-11-09 10:35:00,5,11,9,10,35,320,459.0,CD 930,,,Plein jour,En agglomération,Hors intersection,Pluie légère,Autre collision,,,,,,,,,,,1,2,1,2,6
200500071059,0005-11-05 08:00:00,5,11,5,8,0,320,119.0,,43.856,0.125,Plein jour,Hors agglomération,Hors intersection,Normale,Deux véhicules - frontale,,,,,,,,,,,1,1,1,1,1
200500071060,0005-11-30 11:30:00,5,11,30,11,30,320,290.0,,43.957,0.244,Plein jour,Hors agglomération,Hors intersection,Pluie légère,Sans collision,,,,,,,,,,,1,1,1,2,7
200500071061,0005-11-02 18:30:00,5,11,2,18,30,320,132.0,,,,Nuit sans éclairage public,Hors agglomération,Hors intersection,Normale,Autre collision,,,,,,,,,,,3,1,1,1,6
200500071062,0005-11-09 21:55:00,5,11,9,21,55,320,306.0,"Lieu-dit ""Le Pignoulat""",,,Nuit sans éclairage public,Hors agglomération,Hors intersection,Normale,Autre collision,,,,,,,,,,,3,1,1,1,6
200500071063,0005-11-14 23:30:00,5,11,14,23,30,320,132.0,,,,Nuit sans éclairage public,Hors agglomération,Hors intersection,Pluie légère,Sans collision,,,,,,,,,,,3,1,1,2,7
200500071064,0005-11-22 00:01:00,5,11,22,0,1,320,256.0,ute d'AUCH - PR 72 + 500,,,Plein jour,Hors agglomération,Hors intersection,Normale,Sans collision,,,,,,,,,,,1,1,1,1,7
200500071065,0005-11-23 08:10:00,5,11,23,8,10,320,427.0,entre Pascaou et Sansou,,,Plein jour,Hors agglomération,Hors intersection,Normale,Deux véhicules - frontale,,,,,,,,,,,1,1,1,1,1
200500071066,0005-11-26 20:45:00,5,11,26,20,45,320,163.0,,,,Nuit sans éclairage public,Hors agglomération,Hors intersection,Normale,Autre collision,,,,,,,,,,,3,1,1,1,6
200500071067,0005-11-13 11:00:00,5,11,13,11,0,460,225.0,MEYMES,,,Plein jour,En agglomération,Giratoire,Pluie légère,Sans collision,,,,,,,,,,,1,2,6,2,7
200500071068,0005-11-14 18:30:00,5,11,14,18,30,460,296.0,,,,Nuit sans éclairage public,Hors agglomération,Hors intersection,Pluie légère,Sans collision,,,,,,,,,,,3,1,1,2,7
200500071069,0005-11-11 01:30:00,5,11,11,1,30,460,102.0,Rue  Pierre et  Marie  C,44.613,2.024,Nuit avec éclairage allumé,En agglomération,Hors intersection,Normale,Autre collision,,,,,,,,,,,5,2,1,1,6
200500071070,0005-11-27 18:30:00,5,11,27,18,30,460,102.0,Loustal Poraïlé,44.608,2.054,Nuit sans éclairage public,Hors agglomération,Hors intersection,Pluie légère,Sans collision,,,,,,,,,,,3,1,1,2,7
200500071071,0005-11-19 18:30:00,5,11,19,18,30,460,304.0,,44.7,1.554,Nuit sans éclairage public,Hors agglomération,Hors intersection,Normale,Autre collision,,,,,,,,,,,3,1,1,1,6
200500071072,0005-11-11 21:00:00,5,11,11,21,0,650,340.0,,43.293,0.111,Nuit sans éclairage public,Hors agglomération,Hors intersection,Normale,Autre collision,,,,,,,,,,,3,1,1,1,6
200500071073,0005-11-19 17:15:00,5,11,19,17,15,650,464.0,,43.152,0.11,Plein jour,Hors agglomération,Hors intersection,Normale,Deux véhicules - frontale,,,,,,,,,,,1,1,1,1,1
200500071074,0005-11-29 07:00:00,5,11,29,7,0,650,57.0,,43.209,0.009,Nuit sans éclairage public,Hors agglomération,Hors intersection,Pluie forte,Trois véhicules et plus - en chaîne,,,,,,,,,,,3,1,1,3,4
200500071075,0005-11-03 15:15:00,5,11,3,15,15,650,74.0,CD 33 et CD 233,,,Plein jour,En agglomération,Hors intersection,Normale,Deux véhicules - frontale,,,,,,,,,,,1,2,1,1,1
200500071076,0005-11-09 13:45:00,5,11,9,13,45,650,316.0,,43.207,0.462,Plein jour,Hors agglomération,Hors intersection,Temps couvert,Deux véhicules - frontale,,,,,,,,,,,1,1,1,8,1
200500071077,0005-11-10 18:15:00,5,11,10,18,15,650,374.0,,,,Nuit avec éclairage non allumé,Hors agglomération,Hors intersection,Normale,Autre collision,,,,,,,,,,,4,1,1,1,6
200500071078,0005-11-11 19:00:00,5,11,11,19,0,650,374.0,,,,Nuit sans éclairage public,Hors agglomération,Hors intersection,Normale,Autre collision,,,,,,,,,,,3,1,1,1,6
200500071079,0005-11-10 15:45:00,5,11,10,15,45,650,432.0,,,,Plein jour,Hors agglomération,Hors intersection,Normale,Deux véhicules - arrière,,,,,,,,,,,1,1,1,1,2
200500071080,0005-11-12 19:30:00,5,11,12,19,30,650,390.0,,,,Nuit sans éclairage public,Hors agglomération,Hors intersection,Pluie légère,Autre collision,,,,,,,,,,,3,1,1,2,6