accident_id,datetime,annee,mois,jour,heure,minute,departement,commune_insee,adresse,latitude,longitude,luminosite,agglomeration,intersection,meteo,collision,nb_vehicules,nb_usagers,nb_indemnes,nb_tues,nb_blesses_hosp,nb_blesses_legers,age_cond_1,age_cond_2,veh_type_cond_1,veh_type_cond_2,lum_code,agg_code,int_code,atm_code,col_code
200500071081,0005-11-09 17:15:00,5,11,9,17,15,650,362.0,,,,Nuit sans éclairage public,Hors agglomération,Hors intersection,Pluie légère,Deux véhicules - frontale,,,,,,,,,,,3,1,1,2,1
200500071082,0005-11-15 12:30:00,5,11,15,12,30,650,295.0,Avenue de st sauveur,42.872,-0.012,Plein jour,En agglomération,Hors intersection,Normale,Deux véhicules - frontale,,,,,,,,,,,1,2,1,1,1
200500071083,0005-11-21 16:30:00,5,11,21,16,30,650,173.0,,42.879,0.006,Plein jour,Hors agglomération,Hors intersection,Normale,Sans collision,,,,,,,,,,,1,1,1,1,7
200500071084,0005-11-19 03:05:00,5,11,19,3,5,650,306.0,"5, route des bandoulier",43.136,0.263,Nuit sans éclairage public,Hors agglomération,Hors intersection,Normale,Autre collision,,,,,,,,,,,3,1,1,1,6
200500071085,0005-11-09 12:14:00,5,11,9,12,14,810,156.0,PK 43+400,,,Plein jour,Hors agglomération,Hors intersection,Pluie légère,Trois véhicules et plus - collisions multiples,,,,,,,,,,,1,1,1,2,5
200500071086,0005-11-11 05:15:00,5,11,11,5,15,810,52.0,,,,Nuit sans éclairage public,Hors agglomération,Autre intersection,Normale,Autre collision,,,,,,,,,,,3,1,9,1,6
200500071087,0005-11-13 01:15:00,5,11,13,1,15,810,147.0,,43.783,2.158,Nuit sans éclairage public,Hors agglomération,Hors intersection,Autre,Sans collision,,,,,,,,,,,3,1,1,9,7
200500071088,0005-11-17 15:15:00,5,11,17,15,15,810,319.0,,44.012,2.032,Plein jour,Hors agglomération,Hors intersection,Normale,Autre collision,,,,,,,,,,,1,1,1,1,6
200500071089,0005-11-19 00:15:00,5,11,19,0,15,810,139.0,lieu-dit courtesol,,,Nuit sans éclairage public,Hors agglomération,Hors intersection,Normale,Sans collision,,,,,,,,,,,3,1,1,1,7
200500071090,0005-11-20 01:00:00,5,11,20,1,0,810,273.0,,,,Nuit sans éclairage public,Hors agglomération,Hors intersection,Normale,Autre collision,,,,,,,,,,,3,1,1,1,6
200500071091,0005-11-29 19:00:00,5,11,29,19,0,810,91.0,,,,Nuit sans éclairage public,Hors agglomération,Hors intersection,Pluie légère,Autre collision,,,,,,,,,,,3,1,1,2,6
200500071092,0005-11-05 23:00:00,5,11,5,23,0,810,99.0,,,,Nuit sans éclairage public,Hors agglomération,Hors intersection,Normale,Autre collision,,,,,,,,,,,3,1,1,1,6
200500071093,0005-11-06 18:30:00,5,11,6,18,30,810,64.0,,43.615,1.37,Nuit sans éclairage public,Hors agglomération,Hors intersection,Normale,Deux véhicules - frontale,,,,,,,,,,,3,1,1,1,1
200500071094,0005-11-25 19:00:00,5,11,25,19,0,810,69.0,,44.066,1.961,Nuit sans éclairage public,Hors agglomération,Hors intersection,Temps couvert,Deux véhicules - côté,,,,,,,,,,,3,1,1,8,3
200500071095,0005-11-05 20:15:00,5,11,5,20,15,810,204.0,,43.539,2.354,Nuit sans éclairage public,Hors agglomération,Hors intersection,Normale,Autre collision,,,,,,,,,,,3,1,1,1,6
200500071096,0005-11-07 11:30:00,5,11,7,11,30,810,5.0,LIEU DIT LE SIMOU,43.474,2.535,Plein jour,Hors agglomération,Hors intersection,Normale,Trois véhicules et plus - en chaîne,,,,,,,,,,,1,1,1,1,4
200500071097,0005-11-03 16:15:00,5,11,3,16,15,810,162.0,,43.589,1.811,Plein jour,Hors agglomération,Hors intersection,Normale,Deux véhicules - côté,,,,,,,,,,,1,1,1,1,3
200500071098,0005-11-21 14:00:00,5,11,21,14,0,810,76.0,Avenue de TOULOUSE,43.573,1.884,Plein jour,En agglomération,Hors intersection,Normale,Deux véhicules - côté,,,,,,,,,,,1,2,1,1,3
200500071099,0005-11-12 18:50:00,5,11,12,18,50,820,155.0,teussac,,,Nuit sans éclairage public,Hors agglomération,Hors intersection,Normale,Deux véhicules - frontale,,,,,,,,,,,3,1,1,1,1
200500071100,0005-11-21 15:00:00,5,11,21,15,0,820,147.0,,44.287,1.856,Plein jour,Hors agglomération,Hors intersection,Normale,Autre collision,,,,,,,,,,,1,1,1,1,6
200500071101,0005-11-14 16:15:00,5,11,14,16,15,820,6.0,,,,Plein jour,Hors agglomération,Hors intersection,Temps couvert,Autre collision,,,,,,,,,,,1,1,1,8,6
200500071102,0005-11-03 14:30:00,5,11,3,14,30,820,79.0,,,,Plein jour,Hors agglomération,Hors intersection,Normale,Deux véhicules - côté,,,,,,,,,,,1,1,1,1,3
200500071103,0005-11-25 20:45:00,5,11,25,20,45,820,167.0,RD999,,,Nuit sans éclairage public,Hors agglomération,Hors intersection,Pluie légère,Deux véhicules - côté,,,,,,,,,,,3,1,1,2,3
200500071104,0005-11-29 18:30:00,5,11,29,18,30,820,79.0,,43.925,1.316,Nuit sans éclairage public,Hors agglomération,Autre intersection,Normale,Deux véhicules - arrière,,,,,,,,,,,3,1,9,1,2
200500071105,0005-11-10 17:45:00,5,11,10,17,45,820,51.0,,44.179,1.163,Nuit sans éclairage public,Hors agglomération,Hors intersection,Normale,Sans collision,,,,,,,,,,,3,1,1,1,7
200500071106,0005-11-21 14:45:00,5,11,21,14,45,820,94.0,,44.246,1.142,Plein jour,Hors agglomération,Hors intersection,Normale,Autre collision,,,,,,,,,,,1,1,1,1,6
200500071107,0005-11-22 13:15:00,5,11,22,13,15,820,84.0,,44.284,0.95,Plein jour,Hors agglomération,Hors intersection,Normale,Autre collision,,,,,,,,,,,1,1,1,1,6
200500071108,0005-11-02 20:15:00,5,11,2,20,15,820,118.0,,43.938,1.116,Nuit sans éclairage public,Hors agglomération,Hors intersection,Normale,Sans collision,,,,,,,,,,,3,1,1,1,7
200500071109,0005-11-04 10:00:00,5,11,4,10,0,820,112.0,CD 927,,,Plein jour,Hors agglomération,Hors intersection,Pluie légère,Deux véhicules - côté,,,,,,,,,,,1,1,1,2,3
200500071110,0005-11-07 12:00:00,5,11,7,12,0,820,96.0,Lieu-dit lassale,,,Plein jour,Hors agglomération,Hors intersection,Normale,Deux véhicules - côté,,,,,,,,,,,1,1,1,1,3
200500071111,0005-11-21 07:15:00,5,11,21,7,15,820,125.0,Boulevard Lafeuillade,43.96,1.231,Crépuscule ou aube,En agglomération,Intersection en T,Normale,Deux véhicules - frontale,,,,,,,,,,,2,2,3,1,1
200500071112,0005-11-23 12:45:00,5,11,23,12,45,820,166.0,"""Le Maupas""",,,Plein jour,Hors agglomération,Hors intersection,Normale,Deux véhicules - frontale,,,,,,,,,,,1,1,1,1,1
200500071113,0005-11-05 12:15:00,5,11,5,12,15,690,285.0,4 route nationale,,,Plein jour,En agglomération,Hors intersection,Normale,Deux véhicules - côté,,,,,,,,,,,1,2,1,1,3
200500071114,0005-11-16 18:50:00,5,11,16,18,50,690,143.0,29 route de Lyon,,,Nuit avec éclairage allumé,En agglomération,Hors intersection,Pluie légère,Autre collision,,,,,,,,,,,5,2,1,2,6
200500071115,0005-11-19 19:15:00,5,11,19,19,15,690,286.0,avenue de Strasbourg,45.826,4.899,Nuit avec éclairage allumé,En agglomération,Hors intersection,Normale,Deux véhicules - côté,,,,,,,,,,,5,2,1,1,3
200500071116,0005-11-25 12:15:00,5,11,25,12,15,690,204.0,52 chemin de la Tassine,45.702,4.79,Plein jour,En agglomération,Hors intersection,Normale,Deux véhicules - côté,,,,,,,,,,,1,2,1,1,3
200500071117,0005-11-06 10:40:00,5,11,6,10,40,690,283.0,rue du 23 août 1944,,,Plein jour,En agglomération,Hors intersection,Temps éblouissant,Deux véhicules - frontale,,,,,,,,,,,1,2,1,7,1
200500071118,0005-11-10 16:15:00,5,11,10,16,15,690,273.0,AVENUE JEAN MERMOZ,,,Plein jour,En agglomération,Hors intersection,Normale,Deux véhicules - côté,,,,,,,,,,,1,2,1,1,3
200500071119,0005-11-28 18:00:00,5,11,28,18,0,690,48.0,rue de la Chaudanne,,,Nuit avec éclairage allumé,En agglomération,Hors intersection,Pluie légère,Deux véhicules - frontale,,,,,,,,,,,5,2,1,2,1
200500071120,0005-11-12 18:00:00,5,11,12,18,0,690,21.0,La brevenne,,,Nuit avec éclairage allumé,En agglomération,Hors intersection,Temps couvert,Deux véhicules - frontale,,,,,,,,,,,5,2,1,8,1
200500071121,0005-11-04 23:00:00,5,11,4,23,0,690,50.0,lieu dit BIERS,,,Nuit sans éclairage public,Hors agglomération,Hors intersection,Pluie légère,Sans collision,,,,,,,,,,,3,1,1,2,7
200500071122,0005-11-30 17:15:00,5,11,30,17,15,690,231.0,,,,Crépuscule ou aube,Hors agglomération,Hors intersection,Autre,Trois véhicules et plus - collisions multiples,,,,,,,,,,,2,1,1,9,5
200500071123,0005-11-05 18:15:00,5,11,5,18,15,690,269.0,,45.714,4.586,Nuit sans éclairage public,Hors agglomération,Hors intersection,Normale,Sans collision,,,,,,,,,,,3,1,1,1,7
200500071124,0005-11-05 06:10:00,5,11,5,6,10,690,228.0,Lieu-Dit La Madeleine,,,Nuit sans éclairage public,Hors agglomération,Intersection en T,Temps couvert,Deux véhicules - côté,,,,,,,,,,,3,1,3,8,3
200500071125,0005-11-30 10:30:00,5,11,30,10,30,690,74.0,,46.012,4.65,Plein jour,Hors agglomération,Hors intersection,Normale,Sans collision,,,,,,,,,,,1,1,1,1,7
200500071126,0005-11-17 18:15:00,5,11,17,18,15,690,9.0,Chemin de la Fontaine,,,Nuit sans éclairage public,Hors agglomération,Hors intersection,Normale,Autre collision,,,,,,,,,,,3,1,1,1,6
200500071127,0005-11-26 15:00:00,5,11,26,15,0,690,65.0,Les Tournissons,46.156,4.73,Plein jour,Hors agglomération,Hors intersection,Temps couvert,Autre collision,,,,,,,,,,,1,1,1,8,6
200500071128,0005-11-06 15:00:00,5,11,6,15,0,690,102.0,,,,Plein jour,Hors agglomération,Hors intersection,Normale,Autre collision,,,,,,,,,,,1,1,1,1,6
200500071129,0005-11-14 07:50:00,5,11,14,7,50,690,243.0,rue Pécherie,,,Plein jour,En agglomération,Hors intersection,Normale,Autre collision,,,,,,,,,,,1,2,1,1,6
200500071130,0005-11-13 18:45:00,5,11,13,18,45,690,229.0,la blancherie,46.111,4.469,Nuit sans éclairage public,Hors agglomération,Autre intersection,Normale,Deux véhicules - côté,,,,,,,,,,,3,1,9,1,3
200500071131,0005-11-10 17:45:00,5,11,10,17,45,690,240.0,,46.076,4.393,Nuit avec éclairage allumé,Hors agglomération,Hors intersection,Normale,Deux véhicules - côté,,,,,,,,,,,5,1,1,1,3
200500071132,0005-11-25 15:45:00,5,11,25,15,45,690,6.0,,45.981,4.365,Plein jour,Hors agglomération,Hors intersection,Normale,Deux véhicules - frontale,,,,,,,,,,,1,1,1,1,1
200500071133,0005-11-10 13:00:00,5,11,10,13,0,10,53.0,,,,Plein jour,Hors agglomération,Hors intersection,Normale,Deux véhicules - frontale,,,,,,,,,,,1,1,1,1,1
200500071134,0005-11-13 22:30:00,5,11,13,22,30,10,301.0,,,,Nuit avec éclairage allumé,Hors agglomération,Hors intersection,Normale,Deux véhicules - frontale,,,,,,,,,,,5,1,1,1,1
200500071135,0005-11-06 05:00:00,5,11,6,5,0,10,102.0,,46.384,4.945,Nuit sans éclairage public,Hors agglomération,Hors intersection,Normale,Autre collision,,,,,,,,,,,3,1,1,1,6
200500071136,0005-11-15 16:15:00,5,11,15,16,15,10,305.0,rue franche,46.43,4.93,Plein jour,En agglomération,Hors intersection,Normale,Deux véhicules - frontale,,,,,,,,,,,1,2,1,1,1
200500071137,0005-11-22 11:15:00,5,11,22,11,15,10,57.0,,,,Plein jour,Hors agglomération,Hors intersection,Normale,Deux véhicules - côté,,,,,,,,,,,1,1,1,1,3
200500071138,0005-11-26 11:30:00,5,11,26,11,30,10,425.0,,,,Plein jour,Hors agglomération,Hors intersection,Normale,Sans collision,,,,,,,,,,,1,1,1,1,7
200500071139,0005-11-30 17:00:00,5,11,30,17,0,10,56.0,CD 12,46.054,5.465,Nuit sans éclairage public,En agglomération,Hors intersection,Normale,Autre collision,,,,,,,,,,,3,2,1,1,6
200500071140,0005-11-13 02:30:00,5,11,13,2,30,10,123.0,,,,Nuit sans éclairage public,Hors agglomération,Hors intersection,Pluie légère,Autre collision,,,,,,,,,,,3,1,1,2,6
200500071141,0005-11-10 18:30:00,5,11,10,18,30,10,231.0,,,,Nuit sans éclairage public,Hors agglomération,Hors intersection,Normale,Autre collision,,,,,,,,,,,3,1,1,1,6
200500071142,0005-11-20 10:30:00,5,11,20,10,30,10,159.0,grande rue,,,Plein jour,En agglomération,Hors intersection,Normale,Deux véhicules - côté,,,,,,,,,,,1,2,1,1,3
200500071143,0005-11-29 13:30:00,5,11,29,13,30,10,159.0,grande rue,,,Plein jour,En agglomération,Hors intersection,Pluie forte,Deux véhicules - arrière,,,,,,,,,,,1,2,1,3,2
200500071144,0005-11-25 08:15:00,5,11,25,8,15,10,58.0,,45.645,5.637,Plein jour,Hors agglomération,Hors intersection,Neige / grêle,Deux véhicules - frontale,,,,,,,,,,,1,1,1,4,1
200500071145,0005-11-10 08:30:00,5,11,10,8,30,10,138.0,place Mathieu,,,Plein jour,En agglomération,Place,Normale,Sans collision,,,,,,,,,,,1,2,7,1,7
200500071146,0005-11-14 13:50:00,5,11,14,13,50,10,208.0,CD 992,,,Plein jour,Hors agglomération,Hors intersection,Temps éblouissant,Sans collision,,,,,,,,,,,1,1,1,7,7
200500071147,0005-11-21 23:30:00,5,11,21,23,30,10,329.0,,,,Nuit sans éclairage public,Hors agglomération,Hors intersection,Autre,Sans collision,,,,,,,,,,,3,1,1,9,7
200500071148,0005-11-11 14:15:00,5,11,11,14,15,10,8.0,RN75,,,Plein jour,Hors agglomération,Hors intersection,Normale,Autre collision,,,,,,,,,,,1,1,1,1,6
200500071149,0005-11-19 17:15:00,5,11,19,17,15,10,396.0,CD 122,,,Plein jour,Hors agglomération,Hors intersection,Normale,Deux véhicules - côté,,,,,,,,,,,1,1,1,1,3
200500071150,0005-11-24 14:15:00,5,11,24,14,15,10,4.0,Rue Roger SALENGRO,,,Plein jour,En agglomération,Hors intersection,Temps éblouissant,Autre collision,,,,,,,,,,,1,2,1,7,6
200500071151,0005-11-29 16:30:00,5,11,29,16,30,10,202.0,rue de la charmette,,,Crépuscule ou aube,En agglomération,Hors intersection,Pluie forte,Autre collision,,,,,,,,,,,2,2,1,3,6
200500071152,0005-11-06 14:00:00,5,11,6,14,0,10,237.0,route d'oyonnax,,,Plein jour,En agglomération,Hors intersection,Normale,Sans collision,,,,,,,,,,,1,2,1,1,7
200500071153,0005-11-11 06:30:00,5,11,11,6,30,10,240.0,COURTOUPHLE,46.27,5.531,Nuit sans éclairage public,Hors agglomération,Hors intersection,Normale,Autre collision,,,,,,,,,,,3,1,1,1,6
200500071154,0005-11-11 05:15:00,5,11,11,5,15,10,237.0,,,,Nuit sans éclairage public,Hors agglomération,Hors intersection,Normale,Sans collision,,,,,,,,,,,3,1,1,1,7
200500071155,0005-11-18 17:30:00,5,11,18,17,30,10,265.0,AVENUE DE BRESSE,46.175,5.575,Crépuscule ou aube,En agglomération,Hors intersection,Pluie légère,Deux véhicules - côté,,,,,,,,,,,2,2,1,2,3
200500071156,0005-11-15 16:20:00,5,11,15,16,20,10,81.0,,46.203,5.841,Plein jour,Hors agglomération,Hors intersection,Normale,Deux véhicules - frontale,,,,,,,,,,,1,1,1,1,1
200500071157,0005-11-02 18:30:00,5,11,2,18,30,10,399.0,ROUTE NATIONALE 5,,,Nuit avec éclairage allumé,En agglomération,Hors intersection,Normale,Deux véhicules - côté,,,,,,,,,,,5,2,1,1,3
200500071158,0005-11-04 17:15:00,5,11,4,17,15,10,209.0,,46.113,5.875,Nuit sans éclairage public,Hors agglomération,Hors intersection,Pluie forte,Deux véhicules - frontale,,,,,,,,,,,3,1,1,3,1
200500071159,0005-11-01 18:15:00,5,11,1,18,15,10,322.0,intersection RD4A - RD6,,,Nuit sans éclairage public,Hors agglomération,Intersection en X,Normale,Deux véhicules - côté,,,,,,,,,,,3,1,2,1,3
200500071160,0005-11-14 05:30:00,5,11,14,5,30,10,383.0,,,,Nuit avec éclairage allumé,Hors agglomération,Hors intersection,Brouillard / fumée,Deux véhicules - frontale,,,,,,,,,,,5,1,1,5,1
200500071161,0005-11-28 18:15:00,5,11,28,18,15,10,90.0,,,,Nuit sans éclairage public,Hors agglomération,Hors intersection,Neige / grêle,Deux véhicules - frontale,,,,,,,,,,,3,1,1,4,1
200500071162,0005-11-21 04:30:00,5,11,21,4,30,10,244.0,,,,Nuit sans éclairage public,Hors agglomération,Hors intersection,Normale,Trois véhicules et plus - collisions multiples,,,,,,,,,,,3,1,1,1,5
200500071163,0005-11-25 19:30:00,5,11,25,19,30,10,450.0,578 rue de la gare,,,Nuit avec éclairage allumé,En agglomération,Hors intersection,Autre,Deux véhicules - frontale,,,,,,,,,,,5,2,1,9,1
200500071164,0005-11-03 19:00:00,5,11,3,19,0,10,43.0,,,,Nuit avec éclairage allumé,En agglomération,Hors intersection,Normale,Deux véhicules - côté,,,,,,,,,,,5,2,1,1,3
200500071165,0005-11-09 12:00:00,5,11,9,12,0,10,249.0,RD71A / rue de la dombe,,,Plein jour,Hors agglomération,Intersection en X,Normale,Deux véhicules - côté,,,,,,,,,,,1,1,2,1,3
200500071166,0005-11-21 10:10:00,5,11,21,10,10,10,43.0,angle RN1084 et CD61B,,,Plein jour,Hors agglomération,Hors intersection,Temps couvert,Deux véhicules - frontale,,,,,,,,,,,1,1,1,8,1
200500071167,0005-11-29 15:30:00,5,11,29,15,30,10,43.0,"84, face au numéro 1999",,,Plein jour,En agglomération,Hors intersection,Pluie légère,Deux véhicules - frontale,,,,,,,,,,,1,2,1,2,1
200500071168,0005-11-21 17:45:00,5,11,21,17,45,10,398.0,,,,Nuit sans éclairage public,Hors agglomération,Hors intersection,Normale,Deux véhicules - côté,,,,,,,,,,,3,1,1,1,3
200500071169,0005-11-25 14:25:00,5,11,25,14,25,10,348.0,Lieu dit Onjard,,,Plein jour,Hors agglomération,Hors intersection,Normale,Deux véhicules - côté,,,,,,,,,,,1,1,1,1,3
200500071170,0005-11-30 11:00:00,5,11,30,11,0,10,225.0,La planche,,,Plein jour,Hors agglomération,Intersection en T,Normale,Deux véhicules - côté,,,,,,,,,,,1,1,3,1,3
200500071171,0005-11-23 09:30:00,5,11,23,9,30,10,243.0,Route de chaleins,,,Plein jour,Hors agglomération,Hors intersection,Autre,Sans collision,,,,,,,,,,,1,1,1,9,7
200500071172,0005-11-12 14:15:00,5,11,12,14,15,70,120.0,,,,Plein jour,Hors agglomération,Hors intersection,Brouillard / fumée,Autre collision,,,,,,,,,,,1,1,1,5,6
200500071173,0005-11-10 16:50:00,5,11,10,16,50,70,42.0,Départementale 4,,,Plein jour,Hors agglomération,Hors intersection,Normale,Autre collision,,,,,,,,,,,1,1,1,1,6
200500071174,0005-11-26 20:30:00,5,11,26,20,30,70,259.0,RN 86 PK 137,,,Nuit sans éclairage public,Hors agglomération,Hors intersection,Normale,Sans collision,,,,,,,,,,,3,1,1,1,7
200500071175,0005-11-29 22:45:00,5,11,29,22,45,70,191.0,RD 86H,44.584,4.703,Nuit sans éclairage public,Hors agglomération,Hors intersection,Normale,Autre collision,,,,,,,,,,,3,1,1,1,6
200500071176,0005-11-04 19:00:00,5,11,4,19,0,70,22.0,,44.712,4.766,Nuit sans éclairage public,Hors agglomération,Hors intersection,Pluie forte,Autre collision,,,,,,,,,,,3,1,1,3,6
200500071177,0005-11-11 12:20:00,5,11,11,12,20,70,288.0,u du  vétérinaire CLENNE,,,Plein jour,En agglomération,Hors intersection,Normale,Deux véhicules - frontale,,,,,,,,,,,1,2,1,1,1
200500071178,0005-11-09 18:20:00,5,11,9,18,20,70,110.0,La Glacière,,,Nuit avec éclairage allumé,En agglomération,Hors intersection,Pluie forte,Deux véhicules - frontale,,,,,,,,,,,5,2,1,3,1
200500071179,0005-11-13 03:15:00,5,11,13,3,15,70,178.0,RN 102,,,Nuit avec éclairage allumé,En agglomération,Hors intersection,Pluie forte,Deux véhicules - côté,,,,,,,,,,,5,2,1,3,3
200500071180,0005-11-20 16:30:00,5,11,20,16,30,70,107.0,,,,Plein jour,Hors agglomération,Hors intersection,Normale,Autre collision,,,,,,,,,,,1,1,1,1,6
200500071181,0005-11-21 18:30:00,5,11,21,18,30,70,324.0,Rond point Charles de GA,45.07,4.84,Nuit avec éclairage allumé,En agglomération,Giratoire,Normale,Deux véhicules - côté,,,,,,,,,,,5,2,6,1,3
200500071182,0005-11-03 13:05:00,5,11,3,13,5,70,64.0,Avenue de Saunier,,,Plein jour,En agglomération,Hors intersection,Temps éblouissant,Deux véhicules - arrière,,,,,,,,,,,1,2,1,7,2
200500071183,0005-11-28 08:00:00,5,11,28,8,0,70,222.0,LE BAIL,44.917,4.46,Plein jour,Hors agglomération,Hors intersection,Normale,Autre collision,,,,,,,,,,,1,1,1,1,6
200500071184,0005-11-25 13:15:00,5,11,25,13,15,70,276.0,,44.911,4.47,Plein jour,Hors agglomération,Hors intersection,Temps couvert,Autre collision,,,,,,,,,,,1,1,1,8,6
200500071185,0005-11-02 17:30:00,5,11,2,17,30,70,290.0,,44.951,4.504,Plein jour,Hors agglomération,Hors intersection,Normale,Deux véhicules - frontale,,,,,,,,,,,1,1,1,1,1
200500071186,0005-11-30 19:30:00,5,11,30,19,30,70,129.0,CD 534,,,Nuit sans éclairage public,Hors agglomération,Hors intersection,Temps couvert,Deux véhicules - frontale,,,,,,,,,,,3,1,1,8,1
200500071187,0005-11-20 21:00:00,5,11,20,21,0,260,115.0,,,,Nuit sans éclairage public,Hors agglomération,Hors intersection,Normale,Autre collision,,,,,,,,,,,3,1,1,1,6
200500071188,0005-11-02 13:00:00,5,11,2,13,0,260,165.0,,44.79,4.812,Plein jour,Hors agglomération,Hors intersection,Normale,Deux véhicules - frontale,,,,,,,,,,,1,1,1,1,1
200500071189,0005-11-02 18:00:00,5,11,2,18,0,260,37.0,,44.871,4.958,Nuit sans éclairage public,Hors agglomération,Intersection en T,Normale,Deux véhicules - côté,,,,,,,,,,,3,1,3,1,3
200500071190,0005-11-11 19:00:00,5,11,11,19,0,260,165.0,D86 AVENUE ALVERT MAZADE,,,Nuit avec éclairage allumé,En agglomération,Hors intersection,Normale,Deux véhicules - côté,,,,,,,,,,,5,2,1,1,3
200500071191,0005-11-16 09:45:00,5,11,16,9,45,260,124.0,R.N7 Lieu-dit le Chiez,44.934,4.853,Plein jour,Hors agglomération,Hors intersection,Normale,Deux véhicules - côté,,,,,,,,,,,1,1,1,1,3
200500071192,0005-11-16 17:50:00,5,11,16,17,50,260,166.0,"blique, Maison Pour Tous",,,Nuit avec éclairage allumé,En agglomération,Hors intersection,Pluie légère,Deux véhicules - arrière,,,,,,,,,,,5,2,1,2,2
200500071193,0005-11-29 13:45:00,5,11,29,13,45,260,166.0,place de l'église,44.756,4.823,Plein jour,En agglomération,Place,Temps couvert,Autre collision,,,,,,,,,,,1,2,7,8,6
200500071194,0005-11-22 00:15:00,5,11,22,0,15,260,113.0,Pont des Chaines,,,Nuit sans éclairage public,Hors agglomération,Autre intersection,Normale,Sans collision,,,,,,,,,,,3,1,9,1,7
200500071195,0005-11-30 14:00:00,5,11,30,14,0,260,167.0,,,,Plein jour,Hors agglomération,Hors intersection,Normale,Deux véhicules - frontale,,,,,,,,,,,1,1,1,1,1
200500071196,0005-11-01 18:30:00,5,11,1,18,30,260,191.0,quartier de la gare,,,Nuit sans éclairage public,En agglomération,Hors intersection,Pluie légère,Deux véhicules - côté,,,,,,,,,,,3,2,1,2,3
200500071197,0005-11-05 08:45:00,5,11,5,8,45,260,182.0,Liieu dit La gaude,,,Plein jour,Hors agglomération,Hors intersection,Normale,Deux véhicules - côté,,,,,,,,,,,1,1,1,1,3
200500071198,0005-11-25 15:30:00,5,11,25,15,30,260,146.0,,44.428,4.887,Plein jour,Hors agglomération,Hors intersection,Pluie légère,Deux véhicules - frontale,,,,,,,,,,,1,1,1,2,1
200500071199,0005-11-25 16:15:00,5,11,25,16,15,260,70.0,,44.399,4.897,Plein jour,Hors agglomération,Hors intersection,Normale,Autre collision,,,,,,,,,,,1,1,1,1,6
200500071200,0005-11-22 18:00:00,5,11,22,18,0,260,96.0,,45.061,4.966,Plein jour,Hors agglomération,Intersection en X,Normale,Deux véhicules - côté,,,,,,,,,,,1,1,2,1,3
200500071201,0005-11-09 13:00:00,5,11,9,13,0,260,2.0,ection CD 132 et CD 122A,,,Plein jour,Hors agglomération,Hors intersection,Temps couvert,Deux véhicules - côté,,,,,,,,,,,1,1,1,8,3
200500071202,0005-11-01 02:00:00,5,11,1,2,0,260,347.0,rue de l'hermitage,45.077,4.84,Nuit sans éclairage public,En agglomération,Hors intersection,Pluie forte,Autre collision,,,,,,,,,,,3,2,1,3,6
200500071203,0005-11-19 05:15:00,5,11,19,5,15,260,119.0,,,,Nuit sans éclairage public,Hors agglomération,Hors intersection,Normale,Deux véhicules - arrière,,,,,,,,,,,3,1,1,1,2
200500071204,0005-11-07 07:10:00,5,11,7,7,10,380,422.0,,,,Crépuscule ou aube,Hors agglomération,Hors intersection,Autre,Sans collision,,,,,,,,,,,2,1,1,9,7
200500071205,0005-11-11 15:30:00,5,11,11,15,30,380,547.0,boulevard Jules FERRY,,,Plein jour,En agglomération,Hors intersection,Normale,Deux véhicules - côté,,,,,,,,,,,1,2,1,1,3
200500071206,0005-11-16 15:30:00,5,11,16,15,30,380,538.0,Route de Grenoble,,,Plein jour,En agglomération,Hors intersection,Temps couvert,Deux véhicules - côté,,,,,,,,,,,1,2,1,8,3
200500071207,0005-11-09 16:45:00,5,11,9,16,45,380,158.0,avenue Jean Jaurès,,,Plein jour,En agglomération,Autre intersection,Normale,Deux véhicules - frontale,,,,,,,,,,,1,2,9,1,1
200500071208,0005-11-12 10:00:00,5,11,12,10,0,380,412.0,Rue Victor HUGO,,,Plein jour,En agglomération,Hors intersection,Normale,Deux véhicules - frontale,,,,,,,,,,,1,2,1,1,1
200500071209,0005-11-14 07:00:00,5,11,14,7,0,380,405.0,CD520,,,Crépuscule ou aube,Hors agglomération,Hors intersection,Normale,Deux véhicules - frontale,,,,,,,,,,,2,1,1,1,1
200500071210,0005-11-24 17:00:00,5,11,24,17,0,380,412.0,,,,Nuit avec éclairage allumé,Hors agglomération,Hors intersection,Normale,Autre collision,,,,,,,,,,,5,1,1,1,6
200500071211,0005-11-12 05:45:00,5,11,12,5,45,380,540.0,RD 3,,,Nuit sans éclairage public,Hors agglomération,Hors intersection,Normale,Deux véhicules - frontale,,,,,,,,,,,3,1,1,1,1