accident_id,datetime,annee,mois,jour,heure,minute,departement,commune_insee,adresse,latitude,longitude,luminosite,agglomeration,intersection,meteo,collision,nb_vehicules,nb_usagers,nb_indemnes,nb_tues,nb_blesses_hosp,nb_blesses_legers,age_cond_1,age_cond_2,veh_type_cond_1,veh_type_cond_2,lum_code,agg_code,int_code,atm_code,col_code
200500071212,0005-11-12 11:30:00,5,11,12,11,30,380,511.0,lieu dit  Les Corvées,,,Plein jour,Hors agglomération,Hors intersection,Normale,Deux véhicules - frontale,,,,,,,,,,,1,1,1,1,1
200500071213,0005-11-25 08:30:00,5,11,25,8,30,380,70.0,,,,Plein jour,Hors agglomération,Hors intersection,Neige / grêle,Deux véhicules - frontale,,,,,,,,,,,1,1,1,4,1
200500071214,0005-11-27 19:00:00,5,11,27,19,0,380,518.0,CD526,,,Nuit avec éclairage allumé,En agglomération,Hors intersection,Neige / grêle,Sans collision,,,,,,,,,,,5,2,1,4,7
200500071215,0005-11-09 13:00:00,5,11,9,13,0,380,364.0,RN 91,,,Plein jour,Hors agglomération,Hors intersection,Normale,Deux véhicules - frontale,,,,,,,,,,,1,1,1,1,1
200500071216,0005-11-10 17:15:00,5,11,10,17,15,380,59.0,,45.121,5.798,Nuit sans éclairage public,Hors agglomération,Intersection en Y,Normale,Deux véhicules - côté,,,,,,,,,,,3,1,4,1,3
200500071217,0005-11-26 12:15:00,5,11,26,12,15,380,478.0,RN 91 PK 8.75,,,Plein jour,Hors agglomération,Hors intersection,Normale,Trois véhicules et plus - en chaîne,,,,,,,,,,,1,1,1,1,4
200500071218,0005-11-01 21:00:00,5,11,1,21,0,380,84.0,Route du Bois Vert,45.344,5.525,Nuit avec éclairage allumé,En agglomération,Hors intersection,Normale,Deux véhicules - frontale,,,,,,,,,,,5,2,1,1,1
200500071219,0005-11-08 08:15:00,5,11,8,8,15,380,337.0,,45.351,5.525,Plein jour,Hors agglomération,Intersection en Y,Normale,Deux véhicules - côté,,,,,,,,,,,1,1,4,1,3
200500071220,0005-11-04 17:15:00,5,11,4,17,15,380,30.0,RD519,,,Crépuscule ou aube,Hors agglomération,Hors intersection,Pluie forte,Deux véhicules - côté,,,,,,,,,,,2,1,1,3,3
200500071221,0005-11-25 20:45:00,5,11,25,20,45,380,194.0,CD 519,,,Nuit sans éclairage public,Hors agglomération,Hors intersection,Brouillard / fumée,Deux véhicules - frontale,,,,,,,,,,,3,1,1,5,1
200500071222,0005-11-11 17:15:00,5,11,11,17,15,380,32.0,Lot le voisinal,,,Crépuscule ou aube,En agglomération,Hors intersection,Normale,Deux véhicules - côté,,,,,,,,,,,2,2,1,1,3
200500071223,0005-11-20 15:15:00,5,11,20,15,15,380,450.0,"RN92 - ""le Martinais""",45.283,5.538,Plein jour,En agglomération,Hors intersection,Normale,Deux véhicules - frontale,,,,,,,,,,,1,2,1,1,1
200500071224,0005-11-24 13:15:00,5,11,24,13,15,380,146.0,départementale 517,,,Plein jour,Hors agglomération,Hors intersection,Normale,Deux véhicules - frontale,,,,,,,,,,,1,1,1,1,1
200500071225,0005-11-17 06:45:00,5,11,17,6,45,380,67.0,,45.675,5.154,Crépuscule ou aube,Hors agglomération,Hors intersection,Normale,Trois véhicules et plus - collisions multiples,,,,,,,,,,,2,1,1,1,5
200500071226,0005-11-17 10:15:00,5,11,17,10,15,380,434.0,,45.531,5.554,Plein jour,Hors agglomération,Hors intersection,Temps couvert,Autre collision,,,,,,,,,,,1,1,1,8,6
200500071227,0005-11-03 11:20:00,5,11,3,11,20,380,295.0,CD52C,45.83,5.34,Plein jour,Hors agglomération,Hors intersection,Normale,Sans collision,,,,,,,,,,,1,1,1,1,7
200500071228,0005-11-03 12:15:00,5,11,3,12,15,380,295.0,,45.83,5.34,Plein jour,Hors agglomération,Hors intersection,Normale,Sans collision,,,,,,,,,,,1,1,1,1,7
200500071229,0005-11-04 14:15:00,5,11,4,14,15,380,26.0,"65, lieu-dit cache nuit",45.82,5.31,Plein jour,Hors agglomération,Hors intersection,Pluie forte,Deux véhicules - arrière,,,,,,,,,,,1,1,1,3,2
200500071230,0005-11-14 08:15:00,5,11,14,8,15,380,26.0,,45.824,5.311,Plein jour,Hors agglomération,Hors intersection,Brouillard / fumée,Deux véhicules - côté,,,,,,,,,,,1,1,1,5,3
200500071231,0005-11-22 11:00:00,5,11,22,11,0,380,320.0,RN75,45.857,5.405,Plein jour,Hors agglomération,Hors intersection,Normale,Deux véhicules - frontale,,,,,,,,,,,1,1,1,1,1
200500071232,0005-11-29 10:15:00,5,11,29,10,15,380,135.0,,45.774,5.384,Plein jour,Hors agglomération,Hors intersection,Pluie légère,Sans collision,,,,,,,,,,,1,1,1,2,7
200500071233,0005-11-23 10:00:00,5,11,23,10,0,380,543.0,CD 16,,,Plein jour,Hors agglomération,Hors intersection,Normale,Deux véhicules - côté,,,,,,,,,,,1,1,1,1,3
200500071234,0005-11-24 18:45:00,5,11,24,18,45,380,22.0,Route de Savoie CD 40,,,Nuit sans éclairage public,Hors agglomération,Hors intersection,Normale,Deux véhicules - côté,,,,,,,,,,,3,1,1,1,3
200500071235,0005-11-26 14:00:00,5,11,26,14,0,380,483.0,,,,Plein jour,Hors agglomération,Hors intersection,Normale,Sans collision,,,,,,,,,,,1,1,1,1,7
200500071236,0005-11-02 17:10:00,5,11,2,17,10,380,315.0,avenue folatière,,,Plein jour,En agglomération,Hors intersection,Normale,Deux véhicules - frontale,,,,,,,,,,,1,2,1,1,1
200500071237,0005-11-26 14:45:00,5,11,26,14,45,380,315.0,Rue Alexandre Dumas,,,Plein jour,En agglomération,Hors intersection,Normale,Deux véhicules - côté,,,,,,,,,,,1,2,1,1,3
200500071238,0005-11-11 06:00:00,5,11,11,6,0,380,377.0,face usine DIKSON,,,Nuit sans éclairage public,En agglomération,Hors intersection,Normale,Deux véhicules - frontale,,,,,,,,,,,3,2,1,1,1
200500071239,0005-11-28 08:45:00,5,11,28,8,45,380,464.0,,45.554,5.412,Plein jour,Hors agglomération,Hors intersection,Autre,Autre collision,,,,,,,,,,,1,1,1,9,6
200500071240,0005-11-18 15:30:00,5,11,18,15,30,440,66.0,Rue du Sacré Coeur,,,Nuit avec éclairage allumé,En agglomération,Hors intersection,Normale,Deux véhicules - côté,,,,,,,,,,,5,2,1,1,3
200500071241,0005-11-28 14:15:00,5,11,28,14,15,380,87.0,,,,Plein jour,Hors agglomération,Hors intersection,Normale,Autre collision,,,,,,,,,,,1,1,1,1,6
200500071242,0005-11-08 17:30:00,5,11,8,17,30,380,130.0,,,,Plein jour,Hors agglomération,Hors intersection,Normale,Trois véhicules et plus - collisions multiples,,,,,,,,,,,1,1,1,1,5
200500071243,0005-11-10 20:15:00,5,11,10,20,15,380,34.0,route de MARCOLLIN,45.335,5.058,Nuit avec éclairage allumé,En agglomération,Hors intersection,Normale,Deux véhicules - côté,,,,,,,,,,,5,2,1,1,3
200500071244,0005-11-16 06:30:00,5,11,16,6,30,380,274.0,,45.436,5.259,Crépuscule ou aube,Hors agglomération,Hors intersection,Normale,Deux véhicules - côté,,,,,,,,,,,2,1,1,1,3
200500071245,0005-11-16 16:00:00,5,11,16,16,0,380,363.0,Route de Beaurepaire,45.34,5.06,Plein jour,En agglomération,Hors intersection,Normale,Deux véhicules - frontale,,,,,,,,,,,1,2,1,1,1
200500071246,0005-11-27 18:00:00,5,11,27,18,0,380,69.0,,45.474,5.294,Nuit sans éclairage public,Hors agglomération,Hors intersection,Neige / grêle,Trois véhicules et plus - en chaîne,,,,,,,,,,,3,1,1,4,4
200500071247,0005-11-13 01:15:00,5,11,13,1,15,380,555.0,"8, lieudit  les valaises",,,Nuit sans éclairage public,Hors agglomération,Hors intersection,Normale,Autre collision,,,,,,,,,,,3,1,1,1,6
200500071248,0005-11-24 19:00:00,5,11,24,19,0,380,94.0,,45.499,5.187,Nuit sans éclairage public,Hors agglomération,Hors intersection,Normale,Sans collision,,,,,,,,,,,3,1,1,1,7
200500071249,0005-11-25 18:55:00,5,11,25,18,55,380,389.0,190 lieu dit BARRET,,,Nuit sans éclairage public,Hors agglomération,Hors intersection,Normale,Sans collision,,,,,,,,,,,3,1,1,1,7
200500071250,0005-11-12 01:15:00,5,11,12,1,15,380,316.0,RUE AIME PINEL,45.764,5.188,Plein jour,En agglomération,Hors intersection,Normale,Deux véhicules - côté,,,,,,,,,,,1,2,1,1,3
200500071251,0005-11-29 17:15:00,5,11,29,17,15,380,11.0,Départementale 55 - 55e,45.791,5.147,Nuit sans éclairage public,Hors agglomération,Intersection en X,Autre,Deux véhicules - côté,,,,,,,,,,,3,1,2,9,3
200500071252,0005-11-25 08:30:00,5,11,25,8,30,380,344.0,RN7 CARREFOUR DES CITES,45.36,4.8,Plein jour,En agglomération,Hors intersection,Neige / grêle,Deux véhicules - frontale,,,,,,,,,,,1,2,1,4,1
200500071253,0005-11-08 08:00:00,5,11,8,8,0,380,449.0,BOULEVARD DE THARABIE,,,Plein jour,En agglomération,Hors intersection,Normale,Deux véhicules - frontale,,,,,,,,,,,1,2,1,1,1
200500071254,0005-11-09 18:15:00,5,11,9,18,15,380,537.0,rue de la gare,,,Plein jour,En agglomération,Hors intersection,Normale,Trois véhicules et plus - collisions multiples,,,,,,,,,,,1,2,1,1,5
200500071255,0005-11-05 19:45:00,5,11,5,19,45,420,222.0,,,,Nuit sans éclairage public,Hors agglomération,Hors intersection,Normale,Sans collision,,,,,,,,,,,3,1,1,1,7
200500071256,0005-11-13 03:45:00,5,11,13,3,45,420,138.0,,,,Nuit sans éclairage public,Hors agglomération,Hors intersection,Pluie légère,Autre collision,,,,,,,,,,,3,1,1,2,6
200500071257,0005-11-15 18:00:00,5,11,15,18,0,420,13.0,CD 10,45.649,4.299,Nuit avec éclairage allumé,En agglomération,Hors intersection,Normale,Autre collision,,,,,,,,,,,5,2,1,1,6
200500071258,0005-11-12 13:30:00,5,11,12,13,30,420,11.0,La Moissonnière,45.842,4.168,Plein jour,Hors agglomération,Hors intersection,Normale,Deux véhicules - frontale,,,,,,,,,,,1,1,1,1,1
200500071259,0005-11-01 16:45:00,5,11,1,16,45,420,177.0,LES BELUSES,46.145,4.122,Plein jour,En agglomération,Hors intersection,Temps couvert,Autre collision,,,,,,,,,,,1,2,1,8,6
200500071260,0005-11-08 15:15:00,5,11,8,15,15,420,26.0,Route de Roanne,,,Plein jour,En agglomération,Hors intersection,Normale,Deux véhicules - côté,,,,,,,,,,,1,2,1,1,3
200500071261,0005-11-27 12:30:00,5,11,27,12,30,420,3.0,CD52 -LD LE BOUTELIER,46.11,3.903,Plein jour,En agglomération,Hors intersection,Temps couvert,Autre collision,,,,,,,,,,,1,2,1,8,6
200500071262,0005-11-26 12:15:00,5,11,26,12,15,730,213.0,RUE DU PRE RENAUD,,,Plein jour,En agglomération,Autre intersection,Temps éblouissant,Trois véhicules et plus - en chaîne,,,,,,,,,,,1,2,9,7,4
200500071263,0005-11-14 20:15:00,5,11,14,20,15,730,28.0,les reys,,,Nuit sans éclairage public,Hors agglomération,Hors intersection,Normale,Sans collision,,,,,,,,,,,3,1,1,1,7
200500071264,0005-11-11 15:30:00,5,11,11,15,30,730,179.0,,,,Plein jour,Hors agglomération,Hors intersection,Normale,Deux véhicules - arrière,,,,,,,,,,,1,1,1,1,2
200500071265,0005-11-06 18:30:00,5,11,6,18,30,730,114.0,,45.825,6.529,Nuit avec éclairage allumé,Hors agglomération,Hors intersection,Normale,Autre collision,,,,,,,,,,,5,1,1,1,6
200500071266,0005-11-02 08:40:00,5,11,2,8,40,730,6.0,RN90,,,Plein jour,Hors agglomération,Hors intersection,Normale,Autre collision,,,,,,,,,,,1,1,1,1,6
200500071267,0005-11-01 04:45:00,5,11,1,4,45,730,317.0,,45.73,6.54,Nuit sans éclairage public,Hors agglomération,Hors intersection,Temps couvert,Autre collision,,,,,,,,,,,3,1,1,8,6
200500071268,0005-11-05 00:01:00,5,11,5,0,1,730,54.0,L'Illaz,,,Nuit sans éclairage public,Hors agglomération,Hors intersection,Normale,Sans collision,,,,,,,,,,,3,1,1,1,7
200500071269,0005-11-29 07:00:00,5,11,29,7,0,730,285.0,rue Célestin FREPPAZ,,,Nuit avec éclairage allumé,En agglomération,Hors intersection,Neige / grêle,Autre collision,,,,,,,,,,,5,2,1,4,6
200500071270,0005-11-18 21:40:00,5,11,18,21,40,730,255.0,,,,Nuit sans éclairage public,Hors agglomération,Hors intersection,Normale,Autre collision,,,,,,,,,,,3,1,1,1,6
200500071271,0005-11-26 14:00:00,5,11,26,14,0,730,290.0,,,,Plein jour,Hors agglomération,Hors intersection,Normale,Deux véhicules - côté,,,,,,,,,,,1,1,1,1,3
200500071272,0005-11-05 21:45:00,5,11,5,21,45,730,119.0,,,,Nuit sans éclairage public,Hors agglomération,Hors intersection,Normale,Deux véhicules - frontale,,,,,,,,,,,3,1,1,1,1
200500071273,0005-11-09 06:30:00,5,11,9,6,30,740,123.0,,,,Nuit sans éclairage public,Hors agglomération,Hors intersection,Normale,Deux véhicules - frontale,,,,,,,,,,,3,1,1,1,1
200500071274,0005-11-12 04:45:00,5,11,12,4,45,740,104.0,,,,Nuit sans éclairage public,Hors agglomération,Hors intersection,Normale,Autre collision,,,,,,,,,,,3,1,1,1,6
200500071275,0005-11-17 18:00:00,5,11,17,18,0,740,225.0,ROUTE D'AIX-LES-BAINS,,,Nuit sans éclairage public,En agglomération,Hors intersection,Temps couvert,Autre collision,,,,,,,,,,,3,2,1,8,6
200500071276,0005-11-19 07:00:00,5,11,19,7,0,740,2.0,Lieu dit le chène,,,Plein jour,Hors agglomération,Hors intersection,Normale,Trois véhicules et plus - collisions multiples,,,,,,,,,,,1,1,1,1,5
200500071277,0005-11-20 21:30:00,5,11,20,21,30,740,265.0,,45.823,6.335,Nuit sans éclairage public,Hors agglomération,Hors intersection,Autre,Autre collision,,,,,,,,,,,3,1,1,9,6
200500071278,0005-11-01 15:15:00,5,11,1,15,15,740,169.0,avenue du stade,,,Plein jour,En agglomération,Hors intersection,Normale,Deux véhicules - côté,,,,,,,,,,,1,2,1,1,3
200500071279,0005-11-03 21:30:00,5,11,3,21,30,740,169.0,,46.067,6.539,Nuit sans éclairage public,Hors agglomération,Hors intersection,Normale,Deux véhicules - frontale,,,,,,,,,,,3,1,1,1,1
200500071280,0005-11-10 14:00:00,5,11,10,14,0,740,83.0,,,,Plein jour,Hors agglomération,Hors intersection,Normale,Sans collision,,,,,,,,,,,1,1,1,1,7
200500071281,0005-11-11 19:00:00,5,11,11,19,0,740,173.0,1434 ROUTE NATIONALE,,,Nuit avec éclairage allumé,En agglomération,Hors intersection,Normale,Sans collision,,,,,,,,,,,5,2,1,1,7
200500071282,0005-11-12 12:15:00,5,11,12,12,15,740,224.0,300 FAUBOURG ST MARTIN,,,Plein jour,En agglomération,Autre intersection,Normale,Autre collision,,,,,,,,,,,1,2,9,1,6
200500071283,0005-11-20 04:00:00,5,11,20,4,0,740,90.0,C.D. 6,,,Nuit sans éclairage public,Hors agglomération,Hors intersection,Normale,Autre collision,,,,,,,,,,,3,1,1,1,6
200500071284,0005-11-30 21:50:00,5,11,30,21,50,740,7.0,Route Nationale 203,46.074,6.321,Nuit avec éclairage allumé,Hors agglomération,Hors intersection,Autre,Deux véhicules - côté,,,,,,,,,,,5,1,1,9,3
200500071285,0005-11-17 17:15:00,5,11,17,17,15,740,183.0,Chef lieu,46.135,6.516,Crépuscule ou aube,En agglomération,Hors intersection,Normale,Deux véhicules - côté,,,,,,,,,,,2,2,1,1,3
200500071286,0005-11-26 11:15:00,5,11,26,11,15,740,124.0,,46.123,6.071,Plein jour,Hors agglomération,Hors intersection,Temps couvert,Deux véhicules - frontale,,,,,,,,,,,1,1,1,8,1
200500071287,0005-11-30 18:30:00,5,11,30,18,30,740,216.0,RN 206,,,Nuit sans éclairage public,Hors agglomération,Hors intersection,Temps couvert,Deux véhicules - frontale,,,,,,,,,,,3,1,1,8,1
200500071288,0005-11-05 12:15:00,5,11,5,12,15,740,6.0,pont de la Caille,,,Plein jour,Hors agglomération,Hors intersection,Normale,Trois véhicules et plus - collisions multiples,,,,,,,,,,,1,1,1,1,5
200500071289,0005-11-26 18:30:00,5,11,26,18,30,740,71.0,SALLE DES FETES,,,Nuit sans éclairage public,En agglomération,Hors intersection,Temps couvert,Autre collision,,,,,,,,,,,3,2,1,8,6
200500071290,0005-11-21 20:45:00,5,11,21,20,45,740,5.0,,46.352,6.479,Nuit sans éclairage public,Hors agglomération,Hors intersection,Normale,Deux véhicules - frontale,,,,,,,,,,,3,1,1,1,1
200500071291,0005-11-12 07:30:00,5,11,12,7,30,740,1.0,,46.285,6.71,Plein jour,Hors agglomération,Hors intersection,Autre,Sans collision,,,,,,,,,,,1,1,1,9,7
200500071292,0005-11-18 16:15:00,5,11,18,16,15,740,301.0,CHEF LIEU,46.225,6.443,Plein jour,En agglomération,Hors intersection,Normale,Deux véhicules - frontale,,,,,,,,,,,1,2,1,1,1
200500071293,0005-11-10 12:15:00,5,11,10,12,15,740,166.0,,,,Plein jour,Hors agglomération,Hors intersection,Normale,Deux véhicules - frontale,,,,,,,,,,,1,1,1,1,1
200500071294,0005-11-20 00:45:00,5,11,20,0,45,740,279.0,"D24, PK 10+200",,,Nuit sans éclairage public,Hors agglomération,Hors intersection,Autre,Sans collision,,,,,,,,,,,3,1,1,9,7
200500071295,0005-11-27 05:45:00,5,11,27,5,45,740,34.0,,,,Nuit sans éclairage public,Hors agglomération,Hors intersection,Autre,Sans collision,,,,,,,,,,,3,1,1,9,7
200500071296,0005-11-16 15:15:00,5,11,16,15,15,630,273.0,RUE DU PRE DE L EAU,45.733,3.23,Plein jour,En agglomération,Hors intersection,Normale,Trois véhicules et plus - collisions multiples,,,,,,,,,,,1,2,1,1,5
200500071297,0005-11-25 18:45:00,5,11,25,18,45,630,189.0,CD 922,,,Nuit sans éclairage public,Hors agglomération,Hors intersection,Neige / grêle,Deux véhicules - frontale,,,,,,,,,,,3,1,1,4,1
200500071298,0005-11-03 11:00:00,5,11,3,11,0,630,53.0,,45.694,2.696,Plein jour,Hors agglomération,Hors intersection,Normale,Deux véhicules - frontale,,,,,,,,,,,1,1,1,1,1
200500071299,0005-11-12 06:30:00,5,11,12,6,30,630,225.0,,45.613,2.535,Nuit sans éclairage public,Hors agglomération,Hors intersection,Normale,Sans collision,,,,,,,,,,,3,1,1,1,7
200500071300,0005-11-14 12:00:00,5,11,14,12,0,630,53.0,muratel,45.708,2.643,Plein jour,En agglomération,Hors intersection,Normale,Sans collision,,,,,,,,,,,1,2,1,1,7
200500071301,0005-11-13 20:20:00,5,11,13,20,20,630,284.0,Avenue de LYON,,,Nuit avec éclairage allumé,En agglomération,Hors intersection,Normale,Deux véhicules - arrière,,,,,,,,,,,5,2,1,1,2
200500071302,0005-11-16 12:55:00,5,11,16,12,55,630,257.0,MONTERIBEYRE,,,Plein jour,Hors agglomération,Autre intersection,Pluie légère,Deux véhicules - côté,,,,,,,,,,,1,1,9,2,3
200500071303,0005-11-19 14:45:00,5,11,19,14,45,630,132.0,,45.602,3.581,Plein jour,Hors agglomération,Hors intersection,Autre,Deux véhicules - frontale,,,,,,,,,,,1,1,1,9,1
200500071304,0005-11-02 01:45:00,5,11,2,1,45,630,178.0,Route de St GERMAIN LEMB,45.54,3.253,Nuit avec éclairage allumé,En agglomération,Hors intersection,Normale,Sans collision,,,,,,,,,,,5,2,1,1,7
200500071305,0005-11-13 05:00:00,5,11,13,5,0,630,366.0,,,,Nuit sans éclairage public,Hors agglomération,Hors intersection,Pluie forte,Autre collision,,,,,,,,,,,3,1,1,3,6
200500071306,0005-11-16 16:15:00,5,11,16,16,15,630,9.0,Route d' Apchat - RD 714,45.407,3.125,Plein jour,En agglomération,Hors intersection,Normale,Autre collision,,,,,,,,,,,1,2,1,1,6
200500071307,0005-11-04 14:00:00,5,11,4,14,0,630,336.0,,45.483,2.721,Plein jour,Hors agglomération,Hors intersection,Pluie forte,Sans collision,,,,,,,,,,,1,1,1,3,7
200500071308,0005-11-24 20:30:00,5,11,24,20,30,630,470.0,,45.886,3.051,Nuit sans éclairage public,Hors agglomération,Hors intersection,Vent fort / tempête,Deux véhicules - côté,,,,,,,,,,,3,1,1,6,3
200500071309,0005-11-28 21:00:00,5,11,28,21,0,630,232.0,,46.021,3.407,Nuit sans éclairage public,Hors agglomération,Hors intersection,Pluie forte,Deux véhicules - frontale,,,,,,,,,,,3,1,1,3,1
200500071310,0005-11-22 10:00:00,5,11,22,10,0,630,85.0,,,,Plein jour,Hors agglomération,Hors intersection,Normale,Deux véhicules - frontale,,,,,,,,,,,1,1,1,1,1
200500071311,0005-11-04 18:45:00,5,11,4,18,45,630,382.0,RN144,,,Nuit avec éclairage allumé,En agglomération,Hors intersection,Normale,Trois véhicules et plus - collisions multiples,,,,,,,,,,,5,2,1,1,5
200500071312,0005-11-03 11:30:00,5,11,3,11,30,630,377.0,beaumont,,,Plein jour,Hors agglomération,Hors intersection,Normale,Sans collision,,,,,,,,,,,1,1,1,1,7
200500071313,0005-11-24 10:15:00,5,11,24,10,15,630,354.0,,46.037,2.815,Plein jour,En agglomération,Hors intersection,Temps couvert,Deux véhicules - côté,,,,,,,,,,,1,2,1,8,3
200500071314,0005-11-04 14:00:00,5,11,4,14,0,630,418.0,Chateau Aulteribe,,,Plein jour,Hors agglomération,Hors intersection,Pluie légère,Autre collision,,,,,,,,,,,1,1,1,2,6
200500071315,0005-11-04 21:15:00,5,11,4,21,15,630,195.0,Le Pont du>Bois,,,Nuit sans éclairage public,Hors agglomération,Hors intersection,Pluie légère,Sans collision,,,,,,,,,,,3,1,1,2,7
200500071316,0005-11-13 05:30:00,5,11,13,5,30,630,125.0,,,,Crépuscule ou aube,Hors agglomération,Hors intersection,Pluie légère,Autre collision,,,,,,,,,,,2,1,1,2,6
200500071317,0005-11-23 16:15:00,5,11,23,16,15,630,265.0,Les Geneix,,,Plein jour,Hors agglomération,Intersection en X,Normale,Deux véhicules - frontale,,,,,,,,,,,1,1,2,1,1
200500071318,0005-11-19 18:00:00,5,11,19,18,0,30,15.0,133 - fôret de bagnolet,,,Nuit sans éclairage public,Hors agglomération,Intersection en X,Normale,Deux véhicules - côté,,,,,,,,,,,3,1,2,1,3
200500071319,0005-11-02 11:00:00,5,11,2,11,0,30,59.0,,46.277,3.222,Plein jour,Hors agglomération,Intersection en X,Normale,Trois véhicules et plus - collisions multiples,,,,,,,,,,,1,1,2,1,5
200500071320,0005-11-23 13:45:00,5,11,23,13,45,30,75.0,Les Jallards,,,Plein jour,Hors agglomération,Hors intersection,Normale,Sans collision,,,,,,,,,,,1,1,1,1,7
200500071321,0005-11-09 08:45:00,5,11,9,8,45,30,214.0,,,,Plein jour,Hors agglomération,Hors intersection,Pluie légère,Autre collision,,,,,,,,,,,1,1,1,2,6
200500071322,0005-11-16 22:30:00,5,11,16,22,30,30,65.0,Saint Cyr,,,Nuit sans éclairage public,Hors agglomération,Hors intersection,Normale,Autre collision,,,,,,,,,,,3,1,1,1,6
200500071323,0005-11-26 22:00:00,5,11,26,22,0,30,275.0,,,,Plein jour,Hors agglomération,Hors intersection,Normale,Deux véhicules - frontale,,,,,,,,,,,1,1,1,1,1
200500071324,0005-11-30 18:00:00,5,11,30,18,0,30,217.0,Rue du Roc du saint,,,Nuit sans éclairage public,Hors agglomération,Hors intersection,Normale,Deux véhicules - frontale,,,,,,,,,,,3,1,1,1,1
200500071325,0005-11-05 15:00:00,5,11,5,15,0,30,84.0,,,,Plein jour,Hors agglomération,Hors intersection,Normale,Sans collision,,,,,,,,,,,1,1,1,1,7
200500071326,0005-11-06 15:15:00,5,11,6,15,15,30,31.0,,,,Plein jour,Hors agglomération,Hors intersection,Temps éblouissant,Sans collision,,,,,,,,,,,1,1,1,7,7
200500071327,0005-11-27 01:30:00,5,11,27,1,30,30,110.0,,,,Nuit sans éclairage public,Hors agglomération,Hors intersection,Normale,Deux véhicules - côté,,,,,,,,,,,3,1,1,1,3
200500071328,0005-11-25 12:45:00,5,11,25,12,45,30,133.0,,,,Plein jour,Hors agglomération,Hors intersection,Autre,Deux véhicules - côté,,,,,,,,,,,1,1,1,9,3
200500071329,0005-11-05 18:30:00,5,11,5,18,30,30,138.0,,,,Nuit avec éclairage allumé,En agglomération,Hors intersection,Normale,Deux véhicules - frontale,,,,,,,,,,,5,2,1,1,1
200500071330,0005-11-27 18:30:00,5,11,27,18,30,30,131.0,"""chez Gadet""",,,Nuit sans éclairage public,Hors agglomération,Autre intersection,Neige / grêle,Sans collision,,,,,,,,,,,3,1,9,4,7
200500071331,0005-11-09 18:45:00,5,11,9,18,45,30,235.0,,46.261,3.516,Nuit sans éclairage public,Hors agglomération,Hors intersection,Pluie légère,Deux véhicules - arrière,,,,,,,,,,,3,1,1,2,2
200500071332,0005-11-17 12:15:00,5,11,17,12,15,30,298.0,24  Avenue de Lyon,46.315,3.408,Plein jour,En agglomération,Hors intersection,Normale,Trois véhicules et plus - en chaîne,,,,,,,,,,,1,2,1,1,4
200500071333,0005-11-09 17:00:00,5,11,9,17,0,150,196.0,,44.874,2.304,Crépuscule ou aube,Hors agglomération,Hors intersection,Temps couvert,Autre collision,,,,,,,,,,,2,1,1,8,6
200500071334,0005-11-01 21:00:00,5,11,1,21,0,150,95.0,,,,Plein jour,Hors agglomération,Hors intersection,Normale,Autre collision,,,,,,,,,,,1,1,1,1,6
200500071335,0005-11-03 15:00:00,5,11,3,15,0,150,102.0,,,,Plein jour,Hors agglomération,Hors intersection,Normale,Sans collision,,,,,,,,,,,1,1,1,1,7
200500071336,0005-11-12 04:15:00,5,11,12,4,15,430,197.0,,45.077,3.691,Nuit sans éclairage public,Hors agglomération,Hors intersection,Normale,Autre collision,,,,,,,,,,,3,1,1,1,6
200500071337,0005-11-19 09:30:00,5,11,19,9,30,430,215.0,,,,Plein jour,Hors agglomération,Hors intersection,Normale,Sans collision,,,,,,,,,,,1,1,1,1,7
200500071338,0005-11-03 15:20:00,5,11,3,15,20,430,119.0,CD 103,,,Plein jour,Hors agglomération,Hors intersection,Temps éblouissant,Deux véhicules - arrière,,,,,,,,,,,1,1,1,7,2
200500071339,0005-11-04 00:30:00,5,11,4,0,30,430,190.0,,,,Nuit sans éclairage public,Hors agglomération,Hors intersection,Normale,Deux véhicules - frontale,,,,,,,,,,,3,1,1,1,1
200500071340,0005-11-09 09:30:00,5,11,9,9,30,430,216.0,,,,Plein jour,Hors agglomération,Hors intersection,Temps couvert,Deux véhicules - côté,,,,,,,,,,,1,1,1,8,3
200500071341,0005-11-11 12:15:00,5,11,11,12,15,430,118.0,CD 585,45.154,3.406,Plein jour,En agglomération,Hors intersection,Normale,Deux véhicules - frontale,,,,,,,,,,,1,2,1,1,1
200500071342,0005-11-20 18:15:00,5,11,20,18,15,430,16.0,,45.395,3.364,Nuit sans éclairage public,Hors agglomération,Hors intersection,Normale,Autre collision,,,,,,,,,,,3,1,1,1,6