accident_id,datetime,annee,mois,jour,heure,minute,departement,commune_insee,adresse,latitude,longitude,luminosite,agglomeration,intersection,meteo,collision,nb_vehicules,nb_usagers,nb_indemnes,nb_tues,nb_blesses_hosp,nb_blesses_legers,age_cond_1,age_cond_2,veh_type_cond_1,veh_type_cond_2,lum_code,agg_code,int_code,atm_code,col_code
200500071343,0005-11-10 13:15:00,5,11,10,13,15,430,102.0,D 43 - COTE DE VAUBARLET,,,Plein jour,Hors agglomération,Hors intersection,Brouillard / fumée,Sans collision,,,,,,,,,,,1,1,1,5,7
200500071344,0005-11-13 09:45:00,5,11,13,9,45,430,102.0,,45.167,4.17,Plein jour,Hors agglomération,Hors intersection,Normale,Deux véhicules - frontale,,,,,,,,,,,1,1,1,1,1
200500071345,0005-11-20 00:01:00,5,11,20,0,1,430,268.0,PK 39.150 CD 103,,,Nuit sans éclairage public,Hors agglomération,Hors intersection,Normale,Sans collision,,,,,,,,,,,3,1,1,1,7
200500071346,0005-11-25 08:15:00,5,11,25,8,15,430,12.0,Le Beauvoir,,,Plein jour,Hors agglomération,Hors intersection,Neige / grêle,Sans collision,,,,,,,,,,,1,1,1,4,7
200500071347,0005-11-12 14:30:00,5,11,12,14,30,430,223.0,,,,Plein jour,Hors agglomération,Hors intersection,Normale,Deux véhicules - frontale,,,,,,,,,,,1,1,1,1,1
200500071348,0005-11-22 17:15:00,5,11,22,17,15,430,236.0,,,,Nuit sans éclairage public,Hors agglomération,Hors intersection,Normale,Deux véhicules - frontale,,,,,,,,,,,3,1,1,1,1
200500071349,0005-11-01 00:45:00,5,11,1,0,45,430,114.0,verne,,,Nuit sans éclairage public,Hors agglomération,Hors intersection,Pluie légère,Deux véhicules - frontale,,,,,,,,,,,3,1,1,2,1
200500071350,0005-11-04 19:45:00,5,11,4,19,45,430,51.0,"""Fayolle""",,,Nuit sans éclairage public,Hors agglomération,Hors intersection,Pluie légère,Sans collision,,,,,,,,,,,3,1,1,2,7
200500071351,0005-11-27 12:45:00,5,11,27,12,45,430,244.0,CD 185 - La Jeannotte,,,Plein jour,Hors agglomération,Hors intersection,Normale,Autre collision,,,,,,,,,,,1,1,1,1,6
200500071352,0005-11-04 12:45:00,5,11,4,12,45,570,634.0,VAT LA MONTAGNE - SAULNY,,,Plein jour,Hors agglomération,Autre intersection,Pluie forte,Sans collision,,,,,,,,,,,1,1,9,3,7
200500071353,0005-11-06 16:45:00,5,11,6,16,45,570,543.0,,49.225,6.093,Plein jour,Hors agglomération,Hors intersection,Normale,Sans collision,,,,,,,,,,,1,1,1,1,7
200500071354,0005-11-13 15:15:00,5,11,13,15,15,570,620.0,Route de Rombas RD11,49.199,6.004,Plein jour,En agglomération,Hors intersection,Normale,Sans collision,,,,,,,,,,,1,2,1,1,7
200500071355,0005-11-15 06:40:00,5,11,15,6,40,570,620.0,rue Jean Jaurès,,,Nuit avec éclairage allumé,En agglomération,Hors intersection,Normale,Sans collision,,,,,,,,,,,5,2,1,1,7
200500071356,0005-11-24 14:45:00,5,11,24,14,45,570,722.0,CD 903,,,Plein jour,Hors agglomération,Hors intersection,Normale,Autre collision,,,,,,,,,,,1,1,1,1,6
200500071357,0005-11-25 17:15:00,5,11,25,17,15,570,350.0,24 route de Nancy,,,Nuit avec éclairage allumé,En agglomération,Hors intersection,Normale,Autre collision,,,,,,,,,,,5,2,1,1,6
200500071358,0005-11-08 21:30:00,5,11,8,21,30,570,663.0,rue de Metz,,,Nuit avec éclairage allumé,En agglomération,Hors intersection,Normale,Deux véhicules - frontale,,,,,,,,,,,5,2,1,1,1
200500071359,0005-11-24 17:30:00,5,11,24,17,30,570,663.0,Parking Gustave EIFFEL,,,Nuit avec éclairage allumé,En agglomération,Hors intersection,Normale,Deux véhicules - arrière,,,,,,,,,,,5,2,1,1,2
200500071360,0005-11-29 22:30:00,5,11,29,22,30,570,137.0,,48.947,6.134,Nuit sans éclairage public,Hors agglomération,Hors intersection,Normale,Deux véhicules - arrière,,,,,,,,,,,3,1,1,1,2
200500071361,0005-11-29 17:45:00,5,11,29,17,45,570,235.0,,49.3,6.472,Nuit sans éclairage public,Hors agglomération,Hors intersection,Normale,Deux véhicules - côté,,,,,,,,,,,3,1,1,1,3
200500071362,0005-11-29 20:45:00,5,11,29,20,45,570,167.0,,49.31,6.384,Nuit sans éclairage public,Hors agglomération,Hors intersection,Normale,Sans collision,,,,,,,,,,,3,1,1,1,7
200500071363,0005-11-19 18:30:00,5,11,19,18,30,570,160.0,Intersection Rue de Carl,49.207,6.709,Nuit avec éclairage allumé,En agglomération,Hors intersection,Normale,Deux véhicules - côté,,,,,,,,,,,5,2,1,1,3
200500071364,0005-11-19 03:45:00,5,11,19,3,45,570,430.0,,,,Nuit sans éclairage public,Hors agglomération,Hors intersection,Normale,Autre collision,,,,,,,,,,,3,1,1,1,6
200500071365,0005-11-09 18:00:00,5,11,9,18,0,570,295.0,,,,Nuit sans éclairage public,Hors agglomération,Hors intersection,Normale,Deux véhicules - arrière,,,,,,,,,,,3,1,1,1,2
200500071366,0005-11-18 11:55:00,5,11,18,11,55,570,13.0,RUE DE SIMBACH,,,Plein jour,En agglomération,Hors intersection,Normale,Trois véhicules et plus - collisions multiples,,,,,,,,,,,1,2,1,1,5
200500071367,0005-11-08 16:15:00,5,11,8,16,15,570,628.0,,,,Plein jour,En agglomération,Hors intersection,Temps éblouissant,Deux véhicules - côté,,,,,,,,,,,1,2,1,7,3
200500071368,0005-11-15 12:00:00,5,11,15,12,0,570,163.0,,,,Plein jour,Hors agglomération,Hors intersection,Normale,Autre collision,,,,,,,,,,,1,1,1,1,6
200500071369,0005-11-29 09:45:00,5,11,29,9,45,570,499.0,,,,Plein jour,Hors agglomération,Hors intersection,Temps couvert,Trois véhicules et plus - collisions multiples,,,,,,,,,,,1,1,1,8,5
200500071370,0005-11-02 19:00:00,5,11,2,19,0,570,541.0,RN 62  PK 3 + 400,,,Nuit sans éclairage public,Hors agglomération,Hors intersection,Brouillard / fumée,Autre collision,,,,,,,,,,,3,1,1,5,6
200500071371,0005-11-19 16:30:00,5,11,19,16,30,540,6.0,RD 913,,,Crépuscule ou aube,Hors agglomération,Hors intersection,Normale,Autre collision,,,,,,,,,,,2,1,1,1,6
200500071372,0005-11-01 23:15:00,5,11,1,23,15,540,27.0,RD 120,,,Nuit sans éclairage public,Hors agglomération,Hors intersection,Normale,Deux véhicules - frontale,,,,,,,,,,,3,1,1,1,1
200500071373,0005-11-04 11:15:00,5,11,4,11,15,540,312.0,,,,Plein jour,Hors agglomération,Intersection en X,Pluie légère,Deux véhicules - côté,,,,,,,,,,,1,1,2,2,3
200500071374,0005-11-05 18:30:00,5,11,5,18,30,540,351.0,3 faubourg Saint Nicolas,,,Nuit avec éclairage allumé,En agglomération,Hors intersection,Normale,Deux véhicules - côté,,,,,,,,,,,5,2,1,1,3
200500071375,0005-11-07 10:30:00,5,11,7,10,30,540,430.0,63 RUE DU DOCTEUR ZIVRE,,,Plein jour,En agglomération,Hors intersection,Normale,Deux véhicules - frontale,,,,,,,,,,,1,2,1,1,1
200500071376,0005-11-25 13:00:00,5,11,25,13,0,540,215.0,"rue de Nancy, face au n°",48.762,6.136,Plein jour,En agglomération,Hors intersection,Neige / grêle,Autre collision,,,,,,,,,,,1,2,1,4,6
200500071377,0005-11-11 15:45:00,5,11,11,15,45,540,111.0,,48.628,6.072,Plein jour,Hors agglomération,Hors intersection,Normale,Autre collision,,,,,,,,,,,1,1,1,1,6
200500071378,0005-11-10 16:45:00,5,11,10,16,45,540,109.0,,,,Plein jour,Hors agglomération,Hors intersection,Pluie légère,Deux véhicules - côté,,,,,,,,,,,1,1,1,2,3
200500071379,0005-11-10 21:00:00,5,11,10,21,0,540,62.0,,,,Nuit sans éclairage public,Hors agglomération,Hors intersection,Normale,Trois véhicules et plus - collisions multiples,,,,,,,,,,,3,1,1,1,5
200500071380,0005-11-16 22:20:00,5,11,16,22,20,540,537.0,CD18,,,Nuit sans éclairage public,Hors agglomération,Hors intersection,Autre,Sans collision,,,,,,,,,,,3,1,1,9,7
200500071381,0005-11-21 19:50:00,5,11,21,19,50,540,127.0,-dit Les Grandes Corvées,,,Nuit sans éclairage public,Hors agglomération,Hors intersection,Normale,Sans collision,,,,,,,,,,,3,1,1,1,7
200500071382,0005-11-16 16:15:00,5,11,16,16,15,540,394.0,,,,Crépuscule ou aube,Hors agglomération,Hors intersection,Pluie légère,Deux véhicules - frontale,,,,,,,,,,,2,1,1,2,1
200500071383,0005-11-23 18:30:00,5,11,23,18,30,540,54.0,Avenue de Virecourt,48.478,6.318,Nuit avec éclairage allumé,En agglomération,Hors intersection,Normale,Autre collision,,,,,,,,,,,5,2,1,1,6
200500071384,0005-11-30 03:45:00,5,11,30,3,45,540,76.0,rue pierre sémard,,,Nuit avec éclairage allumé,En agglomération,Hors intersection,Normale,Deux véhicules - côté,,,,,,,,,,,5,2,1,1,3
200500071385,0005-11-04 11:00:00,5,11,4,11,0,540,523.0,CD 974,,,Plein jour,Hors agglomération,Hors intersection,Pluie forte,Autre collision,,,,,,,,,,,1,1,1,3,6
200500071386,0005-11-13 01:30:00,5,11,13,1,30,540,41.0,,,,Nuit sans éclairage public,Hors agglomération,Hors intersection,Pluie légère,Autre collision,,,,,,,,,,,3,1,1,2,6
200500071387,0005-11-04 15:30:00,5,11,4,15,30,540,584.0,RD 191 - PR 4+620,,,Plein jour,Hors agglomération,Hors intersection,Pluie forte,Autre collision,,,,,,,,,,,1,1,1,3,6
200500071388,0005-11-03 07:00:00,5,11,3,7,0,550,531.0,,,,Crépuscule ou aube,Hors agglomération,Hors intersection,Pluie légère,Sans collision,,,,,,,,,,,2,1,1,2,7
200500071389,0005-11-08 20:45:00,5,11,8,20,45,550,134.0,,48.779,5.016,Nuit sans éclairage public,Hors agglomération,Hors intersection,Normale,Deux véhicules - arrière,,,,,,,,,,,3,1,1,1,2
200500071390,0005-11-10 22:45:00,5,11,10,22,45,550,378.0,,48.871,4.944,Nuit sans éclairage public,Hors agglomération,Hors intersection,Normale,Autre collision,,,,,,,,,,,3,1,1,1,6
200500071391,0005-11-16 12:40:00,5,11,16,12,40,550,427.0,RUE ARISTIDE BRIAND,,,Plein jour,En agglomération,Hors intersection,Normale,Autre collision,,,,,,,,,,,1,2,1,1,6
200500071392,0005-11-20 16:30:00,5,11,20,16,30,550,10.0,,48.645,5.025,Plein jour,Hors agglomération,Hors intersection,Normale,Deux véhicules - arrière,,,,,,,,,,,1,1,1,1,2
200500071393,0005-11-22 07:15:00,5,11,22,7,15,550,122.0,1 RUE DES CAPUCINS,,,Crépuscule ou aube,En agglomération,Hors intersection,Normale,Sans collision,,,,,,,,,,,2,2,1,1,7
200500071394,0005-11-02 20:15:00,5,11,2,20,15,550,551.0,Rue Chateau des Quatre V,48.984,5.698,Nuit avec éclairage allumé,En agglomération,Hors intersection,Pluie légère,Autre collision,,,,,,,,,,,5,2,1,2,6
200500071395,0005-11-06 14:15:00,5,11,6,14,15,550,448.0,,48.89,5.415,Plein jour,Hors agglomération,Intersection en X,Normale,Deux véhicules - côté,,,,,,,,,,,1,1,2,1,3
200500071396,0005-11-29 15:45:00,5,11,29,15,45,550,496.0,CD 10 - PK 1+500,,,Plein jour,Hors agglomération,Hors intersection,Normale,Autre collision,,,,,,,,,,,1,1,1,1,6
200500071397,0005-11-02 10:00:00,5,11,2,10,0,550,252.0,RN43,49.469,5.41,Plein jour,Hors agglomération,Hors intersection,Pluie légère,Sans collision,,,,,,,,,,,1,1,1,2,7
200500071398,0005-11-10 09:30:00,5,11,10,9,30,550,9.0,,,,Plein jour,Hors agglomération,Hors intersection,Brouillard / fumée,Deux véhicules - côté,,,,,,,,,,,1,1,1,5,3
200500071399,0005-11-16 16:30:00,5,11,16,16,30,550,9.0,,49.084,5.404,Crépuscule ou aube,Hors agglomération,Hors intersection,Normale,Deux véhicules - frontale,,,,,,,,,,,2,1,1,1,1
200500071400,0005-11-22 09:00:00,5,11,22,9,0,550,63.0,Rue de la Libération,49.298,5.735,Plein jour,En agglomération,Hors intersection,Normale,Autre collision,,,,,,,,,,,1,2,1,1,6
200500071401,0005-11-20 02:00:00,5,11,20,2,0,880,281.0,,48.223,6.252,Nuit sans éclairage public,Hors agglomération,Hors intersection,Brouillard / fumée,Autre collision,,,,,,,,,,,3,1,1,5,6
200500071402,0005-11-26 19:15:00,5,11,26,19,15,880,192.0,,48.213,6.175,Nuit sans éclairage public,Hors agglomération,Hors intersection,Neige / grêle,Deux véhicules - frontale,,,,,,,,,,,3,1,1,4,1
200500071403,0005-11-01 12:00:00,5,11,1,12,0,880,418.0,,48.28,6.66,Plein jour,Hors agglomération,Hors intersection,Normale,Deux véhicules - côté,,,,,,,,,,,1,1,1,1,3
200500071404,0005-11-29 18:00:00,5,11,29,18,0,880,216.0,12 route de BRUYERES,,,Plein jour,En agglomération,Hors intersection,Normale,Autre collision,,,,,,,,,,,1,2,1,1,6
200500071405,0005-11-01 20:15:00,5,11,1,20,15,880,381.0,,48.111,6.02,Nuit sans éclairage public,Hors agglomération,Hors intersection,Brouillard / fumée,Autre collision,,,,,,,,,,,3,1,1,5,6
200500071406,0005-11-17 18:00:00,5,11,17,18,0,880,367.0,,48.328,6.632,Nuit avec éclairage allumé,Hors agglomération,Hors intersection,Temps couvert,Deux véhicules - côté,,,,,,,,,,,5,1,1,8,3
200500071407,0005-11-18 18:30:00,5,11,18,18,30,880,225.0,,,,Nuit sans éclairage public,Hors agglomération,Hors intersection,Normale,Deux véhicules - frontale,,,,,,,,,,,3,1,1,1,1
200500071408,0005-11-10 14:30:00,5,11,10,14,30,880,364.0,,,,Plein jour,Hors agglomération,Intersection en X,Normale,Deux véhicules - frontale,,,,,,,,,,,1,1,2,1,1
200500071409,0005-11-18 17:15:00,5,11,18,17,15,880,364.0,,,,Plein jour,Hors agglomération,Hors intersection,Normale,Trois véhicules et plus - collisions multiples,,,,,,,,,,,1,1,1,1,5
200500071410,0005-11-22 16:00:00,5,11,22,16,0,880,75.0,,,,Plein jour,Hors agglomération,Hors intersection,Normale,Autre collision,,,,,,,,,,,1,1,1,1,6
200500071411,0005-11-02 09:45:00,5,11,2,9,45,880,349.0,Rue de Saint Dié,,,Plein jour,En agglomération,Hors intersection,Temps couvert,Deux véhicules - côté,,,,,,,,,,,1,2,1,8,3
200500071412,0005-11-11 15:30:00,5,11,11,15,30,880,112.0,,,,Plein jour,Hors agglomération,Intersection en X,Normale,Deux véhicules - côté,,,,,,,,,,,1,1,2,1,3
200500071413,0005-11-01 16:00:00,5,11,1,16,0,880,18.0,Route de Bruyères  (PK8+,48.175,6.777,Plein jour,En agglomération,Hors intersection,Normale,Deux véhicules - frontale,,,,,,,,,,,1,2,1,1,1
200500071414,0005-11-13 15:00:00,5,11,13,15,0,670,137.0,rue du Bourg,48.493,7.683,Plein jour,En agglomération,Hors intersection,Normale,Deux véhicules - côté,,,,,,,,,,,1,2,1,1,3
200500071415,0005-11-21 06:15:00,5,11,21,6,15,670,137.0,"de Lyon, devant le N° 21",,,Nuit avec éclairage allumé,En agglomération,Hors intersection,Normale,Deux véhicules - frontale,,,,,,,,,,,5,2,1,1,1
200500071416,0005-11-04 18:15:00,5,11,4,18,15,670,458.0,,48.822,7.746,Nuit sans éclairage public,Hors agglomération,Hors intersection,Pluie légère,Autre collision,,,,,,,,,,,3,1,1,2,6
200500071417,0005-11-25 16:45:00,5,11,25,16,45,670,497.0,rue des perches/stade,,,Nuit avec éclairage allumé,En agglomération,Hors intersection,Normale,Deux véhicules - côté,,,,,,,,,,,5,2,1,1,3
200500071418,0005-11-21 11:00:00,5,11,21,11,0,670,46.0,01 rue de la Couronne,,,Plein jour,En agglomération,Intersection en X,Normale,Deux véhicules - frontale,,,,,,,,,,,1,2,2,1,1
200500071419,0005-11-22 05:30:00,5,11,22,5,30,670,101.0,,48.522,7.484,Crépuscule ou aube,Hors agglomération,Hors intersection,Neige / grêle,Sans collision,,,,,,,,,,,2,1,1,4,7
200500071420,0005-11-30 17:00:00,5,11,30,17,0,670,313.0,RN420,48.537,7.452,Nuit sans éclairage public,Hors agglomération,Hors intersection,Normale,Deux véhicules - frontale,,,,,,,,,,,3,1,1,1,1
200500071421,0005-11-11 21:10:00,5,11,11,21,10,670,52.0,CD 216,,,Nuit sans éclairage public,Hors agglomération,Hors intersection,Brouillard / fumée,Sans collision,,,,,,,,,,,3,1,1,5,7
200500071422,0005-11-01 14:45:00,5,11,1,14,45,670,480.0,,48.573,7.396,Plein jour,Hors agglomération,Hors intersection,Normale,Sans collision,,,,,,,,,,,1,1,1,1,7
200500071423,0005-11-27 04:15:00,5,11,27,4,15,670,59.0,,48.364,7.169,Nuit sans éclairage public,Hors agglomération,Hors intersection,Neige / grêle,Deux véhicules - frontale,,,,,,,,,,,3,1,1,4,1
200500071424,0005-11-06 20:15:00,5,11,6,20,15,670,520.0,,48.657,7.425,Nuit sans éclairage public,Hors agglomération,Hors intersection,Temps couvert,Sans collision,,,,,,,,,,,3,1,1,8,7
200500071425,0005-11-06 18:15:00,5,11,6,18,15,670,61.0,,,,Nuit sans éclairage public,Hors agglomération,Autre intersection,Normale,Autre collision,,,,,,,,,,,3,1,9,1,6
200500071426,0005-11-19 16:40:00,5,11,19,16,40,670,425.0,lotissement SPIETTELFELD,,,Plein jour,En agglomération,Autre intersection,Normale,Sans collision,,,,,,,,,,,1,2,9,1,7
200500071427,0005-11-08 18:30:00,5,11,8,18,30,670,456.0,RN61,,,Nuit sans éclairage public,Hors agglomération,Hors intersection,Normale,Autre collision,,,,,,,,,,,3,1,1,1,6
200500071428,0005-11-11 02:30:00,5,11,11,2,30,670,178.0,,,,Nuit sans éclairage public,Hors agglomération,Hors intersection,Normale,Sans collision,,,,,,,,,,,3,1,1,1,7
200500071429,0005-11-12 17:00:00,5,11,12,17,0,670,538.0,RUE DU PETIT PASSAGE,,,Nuit avec éclairage allumé,En agglomération,Hors intersection,Normale,Sans collision,,,,,,,,,,,5,2,1,1,7
200500071430,0005-11-16 08:30:00,5,11,16,8,30,670,191.0,,,,Plein jour,Hors agglomération,Hors intersection,Normale,Autre collision,,,,,,,,,,,1,1,1,1,6
200500071431,0005-11-17 17:15:00,5,11,17,17,15,670,29.0,,48.891,7.143,Nuit avec éclairage allumé,Hors agglomération,Hors intersection,Normale,Deux véhicules - arrière,,,,,,,,,,,5,1,1,1,2
200500071432,0005-11-19 06:15:00,5,11,19,6,15,670,369.0,,48.874,7.242,Nuit sans éclairage public,Hors agglomération,Hors intersection,Brouillard / fumée,Autre collision,,,,,,,,,,,3,1,1,5,6
200500071433,0005-11-23 17:00:00,5,11,23,17,0,670,111.0,12 rue Principale,,,Nuit avec éclairage allumé,En agglomération,Hors intersection,Pluie légère,Sans collision,,,,,,,,,,,5,2,1,2,7
200500071434,0005-11-28 17:45:00,5,11,28,17,45,670,158.0,,,,Nuit sans éclairage public,Hors agglomération,Hors intersection,Pluie légère,Deux véhicules - arrière,,,,,,,,,,,3,1,1,2,2
200500071435,0005-11-28 07:45:00,5,11,28,7,45,670,150.0,,48.616,7.554,Plein jour,Hors agglomération,Hors intersection,Normale,Deux véhicules - côté,,,,,,,,,,,1,1,1,1,3
200500071436,0005-11-13 04:30:00,5,11,13,4,30,670,519.0,g du Capitaine d'Alençon,,,Nuit avec éclairage allumé,En agglomération,Hors intersection,Brouillard / fumée,Deux véhicules - frontale,,,,,,,,,,,5,2,1,5,1
200500071437,0005-11-26 01:45:00,5,11,26,1,45,670,65.0,28 RUE PRINCIPALE,,,Nuit avec éclairage allumé,En agglomération,Hors intersection,Normale,Autre collision,,,,,,,,,,,5,2,1,1,6
200500071438,0005-11-26 15:00:00,5,11,26,15,0,670,65.0,,48.585,7.611,Plein jour,Hors agglomération,Hors intersection,Normale,Deux véhicules - frontale,,,,,,,,,,,1,1,1,1,1
200500071439,0005-11-17 05:15:00,5,11,17,5,15,670,73.0,,48.321,7.349,Nuit sans éclairage public,Hors agglomération,Hors intersection,Normale,Sans collision,,,,,,,,,,,3,1,1,1,7
200500071440,0005-11-28 21:00:00,5,11,28,21,0,670,73.0,,,,Nuit sans éclairage public,Hors agglomération,Hors intersection,Normale,Deux véhicules - frontale,,,,,,,,,,,3,1,1,1,1
200500071441,0005-11-08 17:35:00,5,11,8,17,35,670,21.0,Rue de la promenade,48.413,7.453,Nuit avec éclairage allumé,En agglomération,Hors intersection,Normale,Autre collision,,,,,,,,,,,5,2,1,1,6
200500071442,0005-11-12 21:00:00,5,11,12,21,0,670,295.0,,48.396,7.449,Nuit sans éclairage public,Hors agglomération,Hors intersection,Pluie légère,Sans collision,,,,,,,,,,,3,1,1,2,7
200500071443,0005-11-24 11:30:00,5,11,24,11,30,670,155.0,,48.408,7.471,Plein jour,Hors agglomération,Hors intersection,Normale,Deux véhicules - arrière,,,,,,,,,,,1,1,1,1,2
200500071444,0005-11-18 07:45:00,5,11,18,7,45,670,317.0,CD 424 - PR 29,,,Crépuscule ou aube,Hors agglomération,Hors intersection,Normale,Trois véhicules et plus - collisions multiples,,,,,,,,,,,2,1,1,1,5
200500071445,0005-11-20 19:30:00,5,11,20,19,30,670,427.0,CD 424,48.335,7.333,Nuit sans éclairage public,Hors agglomération,Hors intersection,Normale,Deux véhicules - côté,,,,,,,,,,,3,1,1,1,3
200500071446,0005-11-30 07:50:00,5,11,30,7,50,670,541.0,CD 468,,,Plein jour,Hors agglomération,Hors intersection,Normale,Deux véhicules - côté,,,,,,,,,,,1,1,1,1,3
200500071447,0005-11-21 20:45:00,5,11,21,20,45,670,550.0,CD28,,,Nuit sans éclairage public,Hors agglomération,Hors intersection,Autre,Autre collision,,,,,,,,,,,3,1,1,9,6
200500071448,0005-11-03 21:30:00,5,11,3,21,30,680,7.0,RN 415,,,Nuit sans éclairage public,Hors agglomération,Hors intersection,Normale,Deux véhicules - frontale,,,,,,,,,,,3,1,1,1,1
200500071449,0005-11-17 18:30:00,5,11,17,18,30,680,145.0,GRAND RUE,,,Nuit avec éclairage allumé,En agglomération,Hors intersection,Normale,Autre collision,,,,,,,,,,,5,2,1,1,6
200500071450,0005-11-29 08:30:00,5,11,29,8,30,680,316.0,,,,Plein jour,Hors agglomération,Hors intersection,Normale,Deux véhicules - frontale,,,,,,,,,,,1,1,1,1,1
200500071451,0005-11-05 12:00:00,5,11,5,12,0,680,285.0,,48.23,7.363,Plein jour,Hors agglomération,Hors intersection,Normale,Deux véhicules - côté,,,,,,,,,,,1,1,1,1,3
200500071452,0005-11-30 08:00:00,5,11,30,8,0,680,252.0,ROUTE DE STRASBOURG,48.166,7.372,Crépuscule ou aube,En agglomération,Hors intersection,Pluie légère,Deux véhicules - arrière,,,,,,,,,,,2,2,1,2,2
200500071453,0005-11-23 21:00:00,5,11,23,21,0,680,185.0,,48.271,7.259,Nuit sans éclairage public,Hors agglomération,Hors intersection,Temps couvert,Deux véhicules - frontale,,,,,,,,,,,3,1,1,8,1
200500071454,0005-11-04 07:15:00,5,11,4,7,15,680,374.0,,48.07,7.24,Crépuscule ou aube,Hors agglomération,Hors intersection,Pluie légère,Trois véhicules et plus - collisions multiples,,,,,,,,,,,2,1,1,2,5
200500071455,0005-11-28 12:45:00,5,11,28,12,45,680,155.0,,,,Plein jour,Hors agglomération,Hors intersection,Temps couvert,Sans collision,,,,,,,,,,,1,1,1,8,7
200500071456,0005-11-07 22:30:00,5,11,7,22,30,680,34.0,,,,Nuit sans éclairage public,Hors agglomération,Hors intersection,Normale,Autre collision,,,,,,,,,,,3,1,1,1,6
200500071457,0005-11-19 15:30:00,5,11,19,15,30,680,62.0,,,,Plein jour,Hors agglomération,Hors intersection,Normale,Deux véhicules - côté,,,,,,,,,,,1,1,1,1,3
200500071458,0005-11-04 21:00:00,5,11,4,21,0,680,68.0,2 RUE DE CERNAY,47.635,7.119,Nuit avec éclairage allumé,En agglomération,Hors intersection,Pluie légère,Autre collision,,,,,,,,,,,5,2,1,2,6
200500071459,0005-11-07 10:45:00,5,11,7,10,45,680,119.0,,47.652,7.15,Plein jour,Hors agglomération,Hors intersection,Normale,Autre collision,,,,,,,,,,,1,1,1,1,6
200500071460,0005-11-05 09:45:00,5,11,5,9,45,680,140.0,Route d'Oberhergheim,47.923,7.439,Plein jour,En agglomération,Hors intersection,Normale,Deux véhicules - frontale,,,,,,,,,,,1,2,1,1,1
200500071461,0005-11-09 23:00:00,5,11,9,23,0,680,82.0,,47.872,7.361,Nuit avec éclairage allumé,Hors agglomération,Intersection en X,Normale,Deux véhicules - côté,,,,,,,,,,,5,1,2,1,3
200500071462,0005-11-15 13:15:00,5,11,15,13,15,680,140.0,,47.92,7.468,Plein jour,Hors agglomération,Hors intersection,Normale,Autre collision,,,,,,,,,,,1,1,1,1,6
200500071463,0005-11-30 04:15:00,5,11,30,4,15,680,258.0,,,,Nuit sans éclairage public,Hors agglomération,Hors intersection,Autre,Sans collision,,,,,,,,,,,3,1,1,9,7
200500071464,0005-11-17 17:15:00,5,11,17,17,15,680,116.0,,,,Nuit sans éclairage public,Hors agglomération,Hors intersection,Normale,Sans collision,,,,,,,,,,,3,1,1,1,7
200500071465,0005-11-19 15:00:00,5,11,19,15,0,680,32.0,,47.86,7.22,Plein jour,Hors agglomération,Hors intersection,Normale,Deux véhicules - côté,,,,,,,,,,,1,1,1,1,3
200500071466,0005-11-07 17:00:00,5,11,7,17,0,680,154.0,,,,Crépuscule ou aube,En agglomération,Autre intersection,Normale,Deux véhicules - côté,,,,,,,,,,,2,2,9,1,3
200500071467,0005-11-15 09:30:00,5,11,15,9,30,680,154.0,,,,Plein jour,En agglomération,Hors intersection,Normale,Deux véhicules - arrière,,,,,,,,,,,1,2,1,1,2
200500071468,0005-11-29 08:45:00,5,11,29,8,45,680,289.0,RUE DE wittenheim,,,Plein jour,En agglomération,Intersection en T,Pluie légère,Deux véhicules - frontale,,,,,,,,,,,1,2,3,2,1
200500071469,0005-11-12 23:00:00,5,11,12,23,0,680,270.0,,,,Nuit sans éclairage public,Hors agglomération,Hors intersection,Pluie légère,Sans collision,,,,,,,,,,,3,1,1,2,7
200500071470,0005-11-28 08:00:00,5,11,28,8,0,680,129.0,,,,Plein jour,En agglomération,Hors intersection,Pluie légère,Autre collision,,,,,,,,,,,1,2,1,2,6
200500071471,0005-11-28 14:30:00,5,11,28,14,30,680,195.0,,,,Plein jour,Hors agglomération,Hors intersection,Neige / grêle,Sans collision,,,,,,,,,,,1,1,1,4,7
200500071472,0005-11-13 21:00:00,5,11,13,21,0,680,144.0,rue Principale,,,Nuit avec éclairage non allumé,En agglomération,Hors intersection,Autre,Autre collision,,,,,,,,,,,4,2,1,9,6
200500071473,0005-11-30 12:00:00,5,11,30,12,0,680,64.0,,,,Plein jour,Hors agglomération,Hors intersection,Pluie légère,Autre collision,,,,,,,,,,,1,1,1,2,6
200500071474,0005-11-13 04:30:00,5,11,13,4,30,680,264.0,,,,Nuit sans éclairage public,Hors agglomération,Hors intersection,Normale,Autre collision,,,,,,,,,,,3,1,1,1,6