accident_id,datetime,annee,mois,jour,heure,minute,departement,commune_insee,adresse,latitude,longitude,luminosite,agglomeration,intersection,meteo,collision,nb_vehicules,nb_usagers,nb_indemnes,nb_tues,nb_blesses_hosp,nb_blesses_legers,age_cond_1,age_cond_2,veh_type_cond_1,veh_type_cond_2,lum_code,agg_code,int_code,atm_code,col_code
200500071605,0005-11-16 22:30:00,5,11,16,22,30,890,148.0,CD73,,,Nuit sans éclairage public,Hors agglomération,Hors intersection,Normale,Autre collision,,,,,,,,,,,3,1,1,1,6
200500071606,0005-11-22 11:30:00,5,11,22,11,30,890,252.0,RN6,,,Plein jour,Hors agglomération,Hors intersection,Normale,Deux véhicules - frontale,,,,,,,,,,,1,1,1,1,1
200500071607,0005-11-27 17:30:00,5,11,27,17,30,890,1.0,,,,Nuit sans éclairage public,Hors agglomération,Hors intersection,Pluie légère,Autre collision,,,,,,,,,,,3,1,1,2,6
200500071608,0005-11-08 16:45:00,5,11,8,16,45,890,186.0,,,,Plein jour,Hors agglomération,Intersection en X,Normale,Deux véhicules - côté,,,,,,,,,,,1,1,2,1,3
200500071609,0005-11-10 07:10:00,5,11,10,7,10,890,345.0,e beugnon - Les Buissons,,,Crépuscule ou aube,En agglomération,Hors intersection,Brouillard / fumée,Deux véhicules - frontale,,,,,,,,,,,2,2,1,5,1
200500071610,0005-11-13 21:30:00,5,11,13,21,30,890,186.0,CD 905,,,Nuit sans éclairage public,Hors agglomération,Hors intersection,Normale,Autre collision,,,,,,,,,,,3,1,1,1,6
200500071611,0005-11-24 17:45:00,5,11,24,17,45,890,26.0,Rue Etienne Finot,,,Nuit avec éclairage allumé,En agglomération,Hors intersection,Pluie légère,Autre collision,,,,,,,,,,,5,2,1,2,6
200500071612,0005-11-25 08:15:00,5,11,25,8,15,890,186.0,6 route de Beugnon,48.001,3.785,Plein jour,En agglomération,Hors intersection,Autre,Autre collision,,,,,,,,,,,1,2,1,9,6
200500071613,0005-11-04 12:45:00,5,11,4,12,45,890,307.0,,47.924,3.715,Plein jour,Hors agglomération,Hors intersection,Normale,Deux véhicules - côté,,,,,,,,,,,1,1,1,1,3
200500071614,0005-11-06 08:30:00,5,11,6,8,30,890,265.0,,47.862,3.674,Plein jour,Hors agglomération,Hors intersection,Normale,Deux véhicules - frontale,,,,,,,,,,,1,1,1,1,1
200500071615,0005-11-06 05:45:00,5,11,6,5,45,890,382.0,,47.884,3.596,Nuit sans éclairage public,Hors agglomération,Hors intersection,Normale,Deux véhicules - côté,,,,,,,,,,,3,1,1,1,3
200500071616,0005-11-12 23:00:00,5,11,12,23,0,890,24.0,RN 77,,,Nuit sans éclairage public,Hors agglomération,Hors intersection,Brouillard / fumée,Autre collision,,,,,,,,,,,3,1,1,5,6
200500071617,0005-11-23 12:15:00,5,11,23,12,15,890,331.0,,47.524,3.258,Plein jour,Hors agglomération,Intersection en X,Normale,Autre collision,,,,,,,,,,,1,1,2,1,6
200500071618,0005-11-28 12:00:00,5,11,28,12,0,890,72.0,,47.756,2.975,Plein jour,Hors agglomération,Hors intersection,Normale,Sans collision,,,,,,,,,,,1,1,1,1,7
200500071619,0005-11-25 13:30:00,5,11,25,13,30,890,46.0,,47.688,2.972,Plein jour,Hors agglomération,Hors intersection,Normale,Autre collision,,,,,,,,,,,1,1,1,1,6
200500071620,0005-11-13 19:45:00,5,11,13,19,45,890,25.0,Rue John Kennedy,47.495,3.902,Nuit avec éclairage allumé,En agglomération,Hors intersection,Normale,Deux véhicules - côté,,,,,,,,,,,5,2,1,1,3
200500071621,0005-11-24 16:30:00,5,11,24,16,30,890,235.0,RN6  PK 142,47.492,3.988,Crépuscule ou aube,Hors agglomération,Hors intersection,Normale,Deux véhicules - frontale,,,,,,,,,,,2,1,1,1,1
200500071622,0005-11-02 07:00:00,5,11,2,7,0,890,75.0,,,,Crépuscule ou aube,Hors agglomération,Hors intersection,Pluie légère,Deux véhicules - frontale,,,,,,,,,,,2,1,1,2,1
200500071623,0005-11-12 17:30:00,5,11,12,17,30,890,468.0,rue de la République,48.029,3.316,Crépuscule ou aube,En agglomération,Intersection en T,Pluie légère,Deux véhicules - frontale,,,,,,,,,,,2,2,3,2,1
200500071624,0005-11-28 07:45:00,5,11,28,7,45,890,206.0,25 bd Lesire Lacam,47.989,3.402,Crépuscule ou aube,En agglomération,Hors intersection,Pluie légère,Autre collision,,,,,,,,,,,2,2,1,2,6
200500071625,0005-11-04 13:00:00,5,11,4,13,0,890,3.0,CD176,,,Plein jour,Hors agglomération,Hors intersection,Pluie légère,Autre collision,,,,,,,,,,,1,1,1,2,6
200500071626,0005-11-03 17:45:00,5,11,3,17,45,890,373.0,,48.22,3.348,Nuit sans éclairage public,Hors agglomération,Hors intersection,Normale,Deux véhicules - frontale,,,,,,,,,,,3,1,1,1,1
200500071627,0005-11-26 01:00:00,5,11,26,1,0,890,456.0,,,,Nuit sans éclairage public,Hors agglomération,Autre intersection,Autre,Autre collision,,,,,,,,,,,3,1,9,9,6
200500071628,0005-11-27 14:15:00,5,11,27,14,15,890,369.0,,,,Plein jour,Hors agglomération,Hors intersection,Normale,Deux véhicules - arrière,,,,,,,,,,,1,1,1,1,2
200500071629,0005-11-02 11:30:00,5,11,2,11,30,890,450.0,,48.219,3.177,Plein jour,Hors agglomération,Hors intersection,Pluie légère,Sans collision,,,,,,,,,,,1,1,1,2,7
200500071630,0005-11-09 20:45:00,5,11,9,20,45,890,380.0,,48.074,3.105,Nuit sans éclairage public,Hors agglomération,Hors intersection,Brouillard / fumée,Deux véhicules - côté,,,,,,,,,,,3,1,1,5,3
200500071631,0005-11-19 01:15:00,5,11,19,1,15,890,100.0,3 - rue de la république,,,Nuit avec éclairage non allumé,En agglomération,Hors intersection,Normale,Autre collision,,,,,,,,,,,4,2,1,1,6
200500071632,0005-11-23 23:15:00,5,11,23,23,15,890,442.0,,,,Nuit sans éclairage public,Hors agglomération,Hors intersection,Normale,Sans collision,,,,,,,,,,,3,1,1,1,7
200500071633,0005-11-16 12:40:00,5,11,16,12,40,890,464.0,,,,Plein jour,Hors agglomération,Hors intersection,Normale,Deux véhicules - frontale,,,,,,,,,,,1,1,1,1,1
200500071634,0005-11-01 16:00:00,5,11,1,16,0,890,418.0,Rue du Maréchal JUIN,,,Plein jour,En agglomération,Hors intersection,Normale,Autre collision,,,,,,,,,,,1,2,1,1,6
200500071635,0005-11-27 03:00:00,5,11,27,3,0,890,407.0,,,,Nuit sans éclairage public,Hors agglomération,Hors intersection,Pluie légère,Autre collision,,,,,,,,,,,3,1,1,2,6
200500071636,0005-11-22 15:15:00,5,11,22,15,15,890,418.0,AVENU DU CHEVALIER D EON,47.87,3.978,Nuit avec éclairage non allumé,En agglomération,Autre intersection,Normale,Deux véhicules - frontale,,,,,,,,,,,4,2,9,1,1
200500071637,0005-11-03 06:30:00,5,11,3,6,30,250,112.0,,47.269,6.061,Crépuscule ou aube,Hors agglomération,Hors intersection,Normale,Autre collision,,,,,,,,,,,2,1,1,1,6
200500071638,0005-11-20 05:45:00,5,11,20,5,45,250,434.0,rue Eugène Cusenier,47.109,6.151,Nuit avec éclairage allumé,En agglomération,Hors intersection,Normale,Autre collision,,,,,,,,,,,5,2,1,1,6
200500071639,0005-11-03 18:15:00,5,11,3,18,15,250,106.0,,47.113,6.036,Nuit sans éclairage public,Hors agglomération,Hors intersection,Normale,Trois véhicules et plus - en chaîne,,,,,,,,,,,3,1,1,1,4
200500071640,0005-11-02 15:00:00,5,11,2,15,0,250,477.0,rue principale,47.192,5.951,Plein jour,En agglomération,Hors intersection,Normale,Autre collision,,,,,,,,,,,1,2,1,1,6
200500071641,0005-11-26 22:45:00,5,11,26,22,45,250,97.0,,47.53,6.862,Nuit sans éclairage public,Hors agglomération,Hors intersection,Autre,Autre collision,,,,,,,,,,,3,1,1,9,6
200500071642,0005-11-25 11:15:00,5,11,25,11,15,250,304.0,Rue du 9ème Zouaves,,,Plein jour,En agglomération,Hors intersection,Normale,Autre collision,,,,,,,,,,,1,2,1,1,6
200500071643,0005-11-06 18:00:00,5,11,6,18,0,250,603.0,,,,Nuit sans éclairage public,Hors agglomération,Hors intersection,Normale,Deux véhicules - côté,,,,,,,,,,,3,1,1,1,3
200500071644,0005-11-03 11:30:00,5,11,3,11,30,250,508.0,,47.325,6.254,Plein jour,Hors agglomération,Hors intersection,Normale,Deux véhicules - arrière,,,,,,,,,,,1,1,1,1,2
200500071645,0005-11-02 18:15:00,5,11,2,18,15,250,578.0,,47.152,6.336,Nuit sans éclairage public,Hors agglomération,Hors intersection,Normale,Autre collision,,,,,,,,,,,3,1,1,1,6
200500071646,0005-11-12 14:00:00,5,11,12,14,0,250,222.0,,,,Plein jour,Hors agglomération,Intersection en X,Pluie légère,Deux véhicules - côté,,,,,,,,,,,1,1,2,2,3
200500071647,0005-11-09 07:00:00,5,11,9,7,0,250,157.0,,46.876,6.379,Crépuscule ou aube,En agglomération,Hors intersection,Normale,Deux véhicules - frontale,,,,,,,,,,,2,2,1,1,1
200500071648,0005-11-20 04:30:00,5,11,20,4,30,250,282.0,,,,Nuit sans éclairage public,Hors agglomération,Hors intersection,Normale,Deux véhicules - frontale,,,,,,,,,,,3,1,1,1,1
200500071649,0005-11-01 09:30:00,5,11,1,9,30,250,320.0,rue de lausanne,46.788,6.286,Plein jour,En agglomération,Intersection en X,Normale,Deux véhicules - côté,,,,,,,,,,,1,2,2,1,3
200500071650,0005-11-07 06:30:00,5,11,7,6,30,250,318.0,route des alpes,46.769,6.387,Crépuscule ou aube,En agglomération,Hors intersection,Normale,Autre collision,,,,,,,,,,,2,2,1,1,6
200500071651,0005-11-21 12:15:00,5,11,21,12,15,250,486.0,,46.769,6.241,Plein jour,Hors agglomération,Hors intersection,Normale,Autre collision,,,,,,,,,,,1,1,1,1,6
200500071652,0005-11-07 18:15:00,5,11,7,18,15,390,250.0,CARREFOUR RD117,,,Nuit avec éclairage allumé,En agglomération,Hors intersection,Normale,Autre collision,,,,,,,,,,,5,2,1,1,6
200500071653,0005-11-08 15:30:00,5,11,8,15,30,390,171.0,,,,Plein jour,Hors agglomération,Hors intersection,Normale,Trois véhicules et plus - en chaîne,,,,,,,,,,,1,1,1,1,4
200500071654,0005-11-11 09:15:00,5,11,11,9,15,390,45.0,,,,Plein jour,Hors agglomération,Hors intersection,Brouillard / fumée,Autre collision,,,,,,,,,,,1,1,1,5,6
200500071655,0005-11-17 17:40:00,5,11,17,17,40,390,395.0,Route nationale 83,46.582,5.44,Nuit sans éclairage public,Hors agglomération,Hors intersection,Normale,Autre collision,,,,,,,,,,,3,1,1,1,6
200500071656,0005-11-02 18:30:00,5,11,2,18,30,390,208.0,,,,Nuit sans éclairage public,Hors agglomération,Hors intersection,Normale,Deux véhicules - frontale,,,,,,,,,,,3,1,1,1,1
200500071657,0005-11-22 15:50:00,5,11,22,15,50,390,270.0,RD 475,,,Plein jour,Hors agglomération,Hors intersection,Normale,Sans collision,,,,,,,,,,,1,1,1,1,7
200500071658,0005-11-28 17:15:00,5,11,28,17,15,390,526.0,route de DOLE,,,Nuit avec éclairage allumé,En agglomération,Intersection en T,Pluie légère,Deux véhicules - côté,,,,,,,,,,,5,2,3,2,3
200500071659,0005-11-13 11:45:00,5,11,13,11,45,390,361.0,,47.227,5.544,Plein jour,Hors agglomération,Hors intersection,Normale,Deux véhicules - côté,,,,,,,,,,,1,1,1,1,3
200500071660,0005-11-26 14:45:00,5,11,26,14,45,390,205.0,route de Nenon,47.131,5.601,Plein jour,En agglomération,Hors intersection,Neige / grêle,Autre collision,,,,,,,,,,,1,2,1,4,6
200500071661,0005-11-06 21:00:00,5,11,6,21,0,390,367.0,,46.558,6.015,Nuit sans éclairage public,Hors agglomération,Hors intersection,Normale,Deux véhicules - côté,,,,,,,,,,,3,1,1,1,3
200500071662,0005-11-27 17:15:00,5,11,27,17,15,390,487.0,,46.585,5.955,Nuit sans éclairage public,Hors agglomération,Hors intersection,Neige / grêle,Deux véhicules - frontale,,,,,,,,,,,3,1,1,4,1
200500071663,0005-11-05 13:00:00,5,11,5,13,0,700,115.0,grande rue,,,Plein jour,En agglomération,Hors intersection,Normale,Deux véhicules - frontale,,,,,,,,,,,1,2,1,1,1
200500071664,0005-11-25 13:30:00,5,11,25,13,30,700,363.0,,,,Plein jour,Hors agglomération,Hors intersection,Temps éblouissant,Deux véhicules - arrière,,,,,,,,,,,1,1,1,7,2
200500071665,0005-11-21 14:55:00,5,11,21,14,55,700,421.0,RN19 - Devant la Poste,47.693,6.046,Plein jour,En agglomération,Hors intersection,Normale,Sans collision,,,,,,,,,,,1,2,1,1,7
200500071666,0005-11-14 11:00:00,5,11,14,11,0,700,308.0,Avenue Carlos Dorget,,,Plein jour,En agglomération,Hors intersection,Normale,Deux véhicules - côté,,,,,,,,,,,1,2,1,1,3
200500071667,0005-11-20 04:45:00,5,11,20,4,45,700,541.0,,47.782,6.25,Nuit sans éclairage public,Hors agglomération,Hors intersection,Brouillard / fumée,Autre collision,,,,,,,,,,,3,1,1,5,6
200500071668,0005-11-26 10:00:00,5,11,26,10,0,700,245.0,,47.911,6.401,Plein jour,Hors agglomération,Hors intersection,Neige / grêle,Deux véhicules - frontale,,,,,,,,,,,1,1,1,4,1
200500071669,0005-11-08 17:30:00,5,11,8,17,30,700,26.0,avenue Jean Jaurès,47.441,5.598,Nuit avec éclairage allumé,En agglomération,Hors intersection,Normale,Autre collision,,,,,,,,,,,5,2,1,1,6
200500071670,0005-11-08 20:15:00,5,11,8,20,15,700,408.0,,47.276,5.557,Nuit sans éclairage public,Hors agglomération,Hors intersection,Normale,Autre collision,,,,,,,,,,,3,1,1,1,6
200500071671,0005-11-11 15:00:00,5,11,11,15,0,700,334.0,Avenue de la gare,,,Plein jour,En agglomération,Hors intersection,Normale,Deux véhicules - côté,,,,,,,,,,,1,2,1,1,3
200500071672,0005-11-15 17:30:00,5,11,15,17,30,700,408.0,CD 12,,,Crépuscule ou aube,Hors agglomération,Intersection en T,Normale,Deux véhicules - arrière,,,,,,,,,,,2,1,3,1,2
200500071673,0005-11-02 14:00:00,5,11,2,14,0,900,56.0,,,,Plein jour,En agglomération,Intersection en X,Normale,Deux véhicules - côté,,,,,,,,,,,1,2,2,1,3
200500071674,0005-11-21 18:45:00,5,11,21,18,45,900,23.0,GRANDE RUE,47.725,6.834,Nuit avec éclairage allumé,En agglomération,Hors intersection,Pluie légère,Autre collision,,,,,,,,,,,5,2,1,2,6
200500071675,0005-11-03 17:30:00,5,11,3,17,30,900,17.0,,,,Crépuscule ou aube,Hors agglomération,Hors intersection,Normale,Trois véhicules et plus - collisions multiples,,,,,,,,,,,2,1,1,1,5
200500071676,0005-11-26 05:45:00,5,11,26,5,45,900,45.0,grande rue,,,Nuit avec éclairage allumé,En agglomération,Hors intersection,Neige / grêle,Autre collision,,,,,,,,,,,5,2,1,4,6
200500071677,0005-11-15 06:45:00,5,11,15,6,45,260,41.0,,45.225,4.86,Nuit sans éclairage public,Hors agglomération,Hors intersection,Normale,Deux véhicules - arrière,,,,,,,,,,,3,1,1,1,2
200500071678,0005-11-25 12:45:00,5,11,25,12,45,260,332.0,,,,Plein jour,Hors agglomération,Hors intersection,Normale,Autre collision,,,,,,,,,,,1,1,1,1,6
200500071679,0005-11-02 07:30:00,5,11,2,7,30,260,5.0,,44.513,4.774,Plein jour,Hors agglomération,Hors intersection,Normale,Trois véhicules et plus - collisions multiples,,,,,,,,,,,1,1,1,1,5
200500071680,0005-11-30 14:15:00,5,11,30,14,15,130,109.0,Palette - RN 7,,,Plein jour,En agglomération,Hors intersection,Normale,Sans collision,,,,,,,,,,,1,2,1,1,7
200500071681,0005-11-08 18:00:00,5,11,8,18,0,130,41.0,CD 8,,,Nuit sans éclairage public,Hors agglomération,Hors intersection,Normale,Autre collision,,,,,,,,,,,3,1,1,1,6
200500071682,0005-11-16 20:00:00,5,11,16,20,0,130,62.0,"PK 1, sens croissant",,,Nuit avec éclairage allumé,Hors agglomération,Hors intersection,Normale,Deux véhicules - frontale,,,,,,,,,,,5,1,1,1,1
200500071683,0005-11-26 20:00:00,5,11,26,20,0,130,41.0,CD 58,,,Nuit avec éclairage allumé,En agglomération,Hors intersection,Normale,Deux véhicules - côté,,,,,,,,,,,5,2,1,1,3
200500071684,0005-11-24 19:15:00,5,11,24,19,15,130,106.0,ave du 8 mai 1945,,,Nuit avec éclairage allumé,En agglomération,Hors intersection,Normale,Autre collision,,,,,,,,,,,5,2,1,1,6
200500071685,0005-11-08 17:30:00,5,11,8,17,30,130,15.0,PLAN DE CAMPAGNE - CD 6,43.422,5.356,Plein jour,En agglomération,Hors intersection,Normale,Autre collision,,,,,,,,,,,1,2,1,1,6
200500071686,0005-11-08 20:00:00,5,11,8,20,0,130,19.0,,,,Nuit sans éclairage public,Hors agglomération,Hors intersection,Normale,Autre collision,,,,,,,,,,,3,1,1,1,6
200500071687,0005-11-15 17:30:00,5,11,15,17,30,130,15.0,AVENUE DE LA MOUNINE,,,Crépuscule ou aube,En agglomération,Giratoire,Normale,Deux véhicules - frontale,,,,,,,,,,,2,2,6,1,1
200500071688,0005-11-22 09:30:00,5,11,22,9,30,130,19.0,,,,Plein jour,Hors agglomération,Hors intersection,Normale,Deux véhicules - côté,,,,,,,,,,,1,1,1,1,3
200500071689,0005-11-13 07:50:00,5,11,13,7,50,130,25.0,,,,Plein jour,Hors agglomération,Hors intersection,Vent fort / tempête,Autre collision,,,,,,,,,,,1,1,1,6,6
200500071690,0005-11-12 15:45:00,5,11,12,15,45,130,4.0,,43.687,4.58,Crépuscule ou aube,Hors agglomération,Hors intersection,Pluie légère,Deux véhicules - côté,,,,,,,,,,,2,1,1,2,3
200500071691,0005-11-21 10:45:00,5,11,21,10,45,130,4.0,,43.667,4.588,Plein jour,Hors agglomération,Hors intersection,Normale,Deux véhicules - côté,,,,,,,,,,,1,1,1,1,3
200500071692,0005-11-24 18:15:00,5,11,24,18,15,130,66.0,,43.86,4.921,Nuit sans éclairage public,Hors agglomération,Hors intersection,Normale,Deux véhicules - côté,,,,,,,,,,,3,1,1,1,3
200500071693,0005-11-05 17:30:00,5,11,5,17,30,130,30.0,,,,Crépuscule ou aube,Hors agglomération,Hors intersection,Normale,Deux véhicules - frontale,,,,,,,,,,,2,1,1,1,1
200500071694,0005-11-06 16:00:00,5,11,6,16,0,130,30.0,,,,Plein jour,En agglomération,Hors intersection,Normale,Deux véhicules - frontale,,,,,,,,,,,1,2,1,1,1
200500071695,0005-11-17 14:45:00,5,11,17,14,45,130,22.0,,,,Plein jour,Hors agglomération,Hors intersection,Normale,Autre collision,,,,,,,,,,,1,1,1,1,6
200500071696,0005-11-01 11:30:00,5,11,1,11,30,130,73.0,Lieu dit Valdonne,,,Plein jour,Hors agglomération,Hors intersection,Normale,Deux véhicules - côté,,,,,,,,,,,1,1,1,1,3
200500071697,0005-11-18 15:45:00,5,11,18,15,45,130,14.0,56 avenue Paul Langevin,,,Plein jour,En agglomération,Hors intersection,Normale,Deux véhicules - frontale,,,,,,,,,,,1,2,1,1,1
200500071698,0005-11-23 16:45:00,5,11,23,16,45,130,92.0,,,,Plein jour,Hors agglomération,Hors intersection,Pluie légère,Deux véhicules - côté,,,,,,,,,,,1,1,1,2,3
200500071699,0005-11-26 03:00:00,5,11,26,3,0,130,14.0,,,,Nuit sans éclairage public,Hors agglomération,Giratoire,Normale,Sans collision,,,,,,,,,,,3,1,6,1,7
200500071700,0005-11-05 09:30:00,5,11,5,9,30,130,35.0,D 72 - MONTEE ST JOSEPH,,,Plein jour,En agglomération,Hors intersection,Normale,Trois véhicules et plus - collisions multiples,,,,,,,,,,,1,2,1,1,5
200500071701,0005-11-08 12:30:00,5,11,8,12,30,130,34.0,quartier Papabiou,,,Plein jour,Hors agglomération,Hors intersection,Normale,Sans collision,,,,,,,,,,,1,1,1,1,7
200500071702,0005-11-14 13:30:00,5,11,14,13,30,130,89.0,Route de Molleges,,,Plein jour,En agglomération,Hors intersection,Pluie légère,Deux véhicules - côté,,,,,,,,,,,1,2,1,2,3
200500071703,0005-11-17 07:15:00,5,11,17,7,15,130,76.0,RN7,,,Crépuscule ou aube,Hors agglomération,Hors intersection,Normale,Deux véhicules - frontale,,,,,,,,,,,2,1,1,1,1
200500071704,0005-11-12 10:00:00,5,11,12,10,0,130,81.0,CD 55 route de Velaux,,,Plein jour,Hors agglomération,Hors intersection,Normale,Deux véhicules - côté,,,,,,,,,,,1,1,1,1,3
200500071705,0005-11-20 20:00:00,5,11,20,20,0,40,110.0,Avenue Charles de Gaulle,44.047,6.129,Nuit avec éclairage allumé,En agglomération,Hors intersection,Normale,Autre collision,,,,,,,,,,,5,2,1,1,6
200500071706,0005-11-22 21:00:00,5,11,22,21,0,40,94.0,AV DES THERMES,43.76,5.894,Nuit avec éclairage allumé,En agglomération,Hors intersection,Normale,Autre collision,,,,,,,,,,,5,2,1,1,6
200500071707,0005-11-29 06:30:00,5,11,29,6,30,40,230.0,,43.801,5.845,Nuit sans éclairage public,Hors agglomération,Hors intersection,Autre,Autre collision,,,,,,,,,,,3,1,1,9,6
200500071708,0005-11-18 19:00:00,5,11,18,19,0,40,108.0,,44.05,6.019,Nuit sans éclairage public,Hors agglomération,Hors intersection,Normale,Trois véhicules et plus - en chaîne,,,,,,,,,,,3,1,1,1,4
200500071709,0005-11-02 10:15:00,5,11,2,10,15,40,242.0,,43.886,5.851,Plein jour,Hors agglomération,Hors intersection,Normale,Deux véhicules - côté,,,,,,,,,,,1,1,1,1,3
200500071710,0005-11-12 16:30:00,5,11,12,16,30,40,104.0,"u dit ""Les prés"", CD 950",,,Plein jour,Hors agglomération,Hors intersection,Pluie légère,Deux véhicules - frontale,,,,,,,,,,,1,1,1,2,1
200500071711,0005-11-28 09:25:00,5,11,28,9,25,40,111.0,Le Petit Briand,,,Plein jour,Hors agglomération,Hors intersection,Normale,Sans collision,,,,,,,,,,,1,1,1,1,7
200500071712,0005-11-18 23:15:00,5,11,18,23,15,40,163.0,,44.051,5.546,Nuit sans éclairage public,Hors agglomération,Hors intersection,Normale,Sans collision,,,,,,,,,,,3,1,1,1,7
200500071713,0005-11-19 09:00:00,5,11,19,9,0,40,242.0,chemin St Jean,43.88,5.844,Plein jour,En agglomération,Hors intersection,Normale,Deux véhicules - frontale,,,,,,,,,,,1,2,1,1,1
200500071714,0005-11-16 14:30:00,5,11,16,14,30,40,123.0,,,,Plein jour,Hors agglomération,Hors intersection,Normale,Deux véhicules - côté,,,,,,,,,,,1,1,1,1,3
200500071715,0005-11-16 14:30:00,5,11,16,14,30,40,209.0,Avenue Jean Jaurès,,,Plein jour,En agglomération,Hors intersection,Normale,Autre collision,,,,,,,,,,,1,2,1,1,6
200500071716,0005-11-28 12:15:00,5,11,28,12,15,40,79.0,,,,Plein jour,Hors agglomération,Hors intersection,Normale,Trois véhicules et plus - collisions multiples,,,,,,,,,,,1,1,1,1,5
200500071717,0005-11-25 06:00:00,5,11,25,6,0,50,178.0,,44.368,5.922,Crépuscule ou aube,Hors agglomération,Hors intersection,Neige / grêle,Deux véhicules - arrière,,,,,,,,,,,2,1,1,4,2
200500071718,0005-11-13 17:30:00,5,11,13,17,30,50,4.0,,44.623,6.195,Plein jour,Hors agglomération,Hors intersection,Normale,Deux véhicules - côté,,,,,,,,,,,1,1,1,1,3
200500071719,0005-11-23 00:01:00,5,11,23,0,1,50,29.0,Maisons Vieilles,,,Nuit sans éclairage public,Hors agglomération,Hors intersection,Normale,Deux véhicules - arrière,,,,,,,,,,,3,1,1,1,2
200500071720,0005-11-29 14:00:00,5,11,29,14,0,50,61.0,ROUTE PROVENCE,44.545,6.058,Plein jour,En agglomération,Hors intersection,Pluie légère,Deux véhicules - arrière,,,,,,,,,,,1,2,1,2,2
200500071721,0005-11-14 11:30:00,5,11,14,11,30,50,179.0,,,,Plein jour,Hors agglomération,Hors intersection,Normale,Deux véhicules - frontale,,,,,,,,,,,1,1,1,1,1
200500071722,0005-11-29 17:00:00,5,11,29,17,0,50,2.0,,,,Crépuscule ou aube,Hors agglomération,Hors intersection,Neige / grêle,Deux véhicules - côté,,,,,,,,,,,2,1,1,4,3
200500071723,0005-11-18 14:10:00,5,11,18,14,10,50,122.0,Gare de La Roche de Rame,,,Plein jour,Hors agglomération,Hors intersection,Normale,Sans collision,,,,,,,,,,,1,1,1,1,7
200500071724,0005-11-07 11:15:00,5,11,7,11,15,50,106.0,,,,Plein jour,Hors agglomération,Hors intersection,Normale,Autre collision,,,,,,,,,,,1,1,1,1,6
200500071725,0005-11-19 13:15:00,5,11,19,13,15,60,48.0,Avenue Paul Gauthier,,,Plein jour,En agglomération,Hors intersection,Normale,Deux véhicules - côté,,,,,,,,,,,1,2,1,1,3
200500071726,0005-11-23 15:00:00,5,11,23,15,0,60,92.0,,,,Plein jour,Hors agglomération,Hors intersection,Normale,Deux véhicules - frontale,,,,,,,,,,,1,1,1,1,1
200500071727,0005-11-04 07:45:00,5,11,4,7,45,60,149.0,,43.758,7.321,Plein jour,Hors agglomération,Hors intersection,Normale,Trois véhicules et plus - collisions multiples,,,,,,,,,,,1,1,1,1,5
200500071728,0005-11-11 15:30:00,5,11,11,15,30,60,161.0,,,,Plein jour,Hors agglomération,Hors intersection,Normale,Deux véhicules - côté,,,,,,,,,,,1,1,1,1,3
200500071729,0005-11-07 09:30:00,5,11,7,9,30,60,79.0,518 Avenue de Cannes,,,Plein jour,En agglomération,Hors intersection,Normale,Autre collision,,,,,,,,,,,1,2,1,1,6
200500071730,0005-11-09 06:45:00,5,11,9,6,45,60,118.0,Route de Grasse,,,Crépuscule ou aube,Hors agglomération,Hors intersection,Normale,Autre collision,,,,,,,,,,,2,1,1,1,6
200500071731,0005-11-05 04:15:00,5,11,5,4,15,60,33.0,,43.782,7.215,Nuit avec éclairage allumé,Hors agglomération,Hors intersection,Temps couvert,Sans collision,,,,,,,,,,,5,1,1,8,7
200500071732,0005-11-22 08:15:00,5,11,22,8,15,60,64.0,,,,Plein jour,Hors agglomération,Hors intersection,Normale,Sans collision,,,,,,,,,,,1,1,1,1,7
200500071733,0005-11-08 08:00:00,5,11,8,8,0,60,150.0,Route du MONT DES MULES,43.748,7.411,Plein jour,En agglomération,Hors intersection,Normale,Deux véhicules - frontale,,,,,,,,,,,1,2,1,1,1
200500071734,0005-11-08 10:00:00,5,11,8,10,0,60,59.0,,43.733,7.383,Plein jour,Hors agglomération,Hors intersection,Normale,Deux véhicules - côté,,,,,,,,,,,1,1,1,1,3
200500071735,0005-11-09 02:00:00,5,11,9,2,0,60,32.0,Carrefour de l'hopital,,,Nuit avec éclairage allumé,En agglomération,Hors intersection,Normale,Sans collision,,,,,,,,,,,5,2,1,1,7
200500071736,0005-11-11 09:30:00,5,11,11,9,30,60,59.0,,43.738,7.387,Plein jour,Hors agglomération,Hors intersection,Normale,Deux véhicules - côté,,,,,,,,,,,1,1,1,1,3