accident_id,datetime,annee,mois,jour,heure,minute,departement,commune_insee,adresse,latitude,longitude,luminosite,agglomeration,intersection,meteo,collision,nb_vehicules,nb_usagers,nb_indemnes,nb_tues,nb_blesses_hosp,nb_blesses_legers,age_cond_1,age_cond_2,veh_type_cond_1,veh_type_cond_2,lum_code,agg_code,int_code,atm_code,col_code
200500071737,0005-11-19 02:45:00,5,11,19,2,45,60,32.0,39 moyenne corniche,43.73,7.403,Nuit avec éclairage allumé,En agglomération,Hors intersection,Normale,Deux véhicules - côté,,,,,,,,,,,5,2,1,1,3
200500071738,0005-11-21 20:30:00,5,11,21,20,30,60,59.0,,43.733,7.374,Nuit avec éclairage allumé,Hors agglomération,Hors intersection,Normale,Deux véhicules - frontale,,,,,,,,,,,5,1,1,1,1
200500071739,0005-11-05 23:30:00,5,11,5,23,30,60,53.0,,44.057,6.846,Nuit sans éclairage public,Hors agglomération,Hors intersection,Autre,Sans collision,,,,,,,,,,,3,1,1,9,7
200500071740,0005-11-30 20:45:00,5,11,30,20,45,60,73.0,,44.212,7.098,Nuit sans éclairage public,Hors agglomération,Hors intersection,Autre,Autre collision,,,,,,,,,,,3,1,1,9,6
200500071741,0005-11-20 15:45:00,5,11,20,15,45,830,4.0,,,,Plein jour,Hors agglomération,Hors intersection,Normale,Deux véhicules - frontale,,,,,,,,,,,1,1,1,1,1
200500071742,0005-11-24 18:00:00,5,11,24,18,0,830,134.0,CD 10,,,Nuit sans éclairage public,Hors agglomération,Autre intersection,Normale,Deux véhicules - côté,,,,,,,,,,,3,1,9,1,3
200500071743,0005-11-28 00:45:00,5,11,28,0,45,830,11.0,,43.624,6.55,Nuit avec éclairage allumé,En agglomération,Hors intersection,Normale,Autre collision,,,,,,,,,,,5,2,1,1,6
200500071744,0005-11-19 17:00:00,5,11,19,17,0,830,74.0,ROUTE NATIONALE 85,,,Nuit sans éclairage public,Hors agglomération,Hors intersection,Temps couvert,Autre collision,,,,,,,,,,,3,1,1,8,6
200500071745,0005-11-09 17:15:00,5,11,9,17,15,830,57.0,RN7,,,Nuit sans éclairage public,Hors agglomération,Intersection en X,Pluie légère,Deux véhicules - côté,,,,,,,,,,,3,1,2,2,3
200500071746,0005-11-22 13:45:00,5,11,22,13,45,830,67.0,RN97,,,Plein jour,En agglomération,Hors intersection,Normale,Autre collision,,,,,,,,,,,1,2,1,1,6
200500071747,0005-11-04 18:05:00,5,11,4,18,5,830,31.0,RN 7 PR 61 + 390,,,Nuit sans éclairage public,Hors agglomération,Intersection en T,Pluie forte,Deux véhicules - frontale,,,,,,,,,,,3,1,3,3,1
200500071748,0005-11-21 13:00:00,5,11,21,13,0,830,30.0,,,,Plein jour,Hors agglomération,Hors intersection,Normale,Autre collision,,,,,,,,,,,1,1,1,1,6
200500071749,0005-11-30 08:45:00,5,11,30,8,45,830,30.0,,,,Crépuscule ou aube,Hors agglomération,Hors intersection,Normale,Sans collision,,,,,,,,,,,2,1,1,1,7
200500071750,0005-11-30 12:15:00,5,11,30,12,15,830,23.0,route nationale 7,,,Plein jour,En agglomération,Hors intersection,Normale,Deux véhicules - frontale,,,,,,,,,,,1,2,1,1,1
200500071751,0005-11-25 17:30:00,5,11,25,17,30,830,33.0,,,,Nuit sans éclairage public,Hors agglomération,Hors intersection,Normale,Deux véhicules - arrière,,,,,,,,,,,3,1,1,1,2
200500071752,0005-11-21 07:10:00,5,11,21,7,10,830,59.0,oint des tuileries CD 43,,,Plein jour,Hors agglomération,Giratoire,Normale,Deux véhicules - côté,,,,,,,,,,,1,1,6,1,3
200500071753,0005-11-24 22:30:00,5,11,24,22,30,830,108.0,CD,,,Nuit sans éclairage public,Hors agglomération,Hors intersection,Normale,Sans collision,,,,,,,,,,,3,1,1,1,7
200500071754,0005-11-04 18:00:00,5,11,4,18,0,830,140.0,,43.41,5.93,Nuit sans éclairage public,Hors agglomération,Hors intersection,Pluie forte,Deux véhicules - frontale,,,,,,,,,,,3,1,1,3,1
200500071755,0005-11-07 12:45:00,5,11,7,12,45,830,116.0,AVENUE MARECHAL FOCH,43.459,5.863,Plein jour,En agglomération,Hors intersection,Normale,Deux véhicules - arrière,,,,,,,,,,,1,2,1,1,2
200500071756,0005-11-16 00:01:00,5,11,16,0,1,830,96.0,,,,Nuit sans éclairage public,Hors agglomération,Hors intersection,Normale,Sans collision,,,,,,,,,,,3,1,1,1,7
200500071757,0005-11-10 18:45:00,5,11,10,18,45,830,99.0,,,,Plein jour,Hors agglomération,Hors intersection,Normale,Deux véhicules - côté,,,,,,,,,,,1,1,1,1,3
200500071758,0005-11-07 09:30:00,5,11,7,9,30,830,63.0,CD558,,,Plein jour,En agglomération,Hors intersection,Normale,Autre collision,,,,,,,,,,,1,2,1,1,6
200500071759,0005-11-01 02:40:00,5,11,1,2,40,830,85.0,"CD 47, le meyas",,,Nuit sans éclairage public,Hors agglomération,Hors intersection,Pluie légère,Autre collision,,,,,,,,,,,3,1,1,2,6
200500071760,0005-11-24 17:00:00,5,11,24,17,0,830,65.0,,,,Nuit sans éclairage public,Hors agglomération,Hors intersection,Normale,Deux véhicules - côté,,,,,,,,,,,3,1,1,1,3
200500071761,0005-11-01 23:45:00,5,11,1,23,45,830,35.0,CD.66 - PK.1+00,,,Nuit sans éclairage public,Hors agglomération,Hors intersection,Normale,Autre collision,,,,,,,,,,,3,1,1,1,6
200500071762,0005-11-04 10:50:00,5,11,4,10,50,830,35.0,RN8 PK 2.300,,,Plein jour,Hors agglomération,Hors intersection,Normale,Sans collision,,,,,,,,,,,1,1,1,1,7
200500071763,0005-11-08 00:30:00,5,11,8,0,30,830,53.0,PK 19.600 sens sud-nord,,,Nuit sans éclairage public,Hors agglomération,Hors intersection,Normale,Autre collision,,,,,,,,,,,3,1,1,1,6
200500071764,0005-11-09 18:30:00,5,11,9,18,30,830,16.0,RN 8 PK 14 500,,,Nuit sans éclairage public,Hors agglomération,Hors intersection,Pluie légère,Deux véhicules - côté,,,,,,,,,,,3,1,1,2,3
200500071765,0005-11-12 17:30:00,5,11,12,17,30,830,47.0,carrefour CD 76 et vieux,43.126,6.074,Crépuscule ou aube,En agglomération,Intersection en X,Pluie forte,Trois véhicules et plus - collisions multiples,,,,,,,,,,,2,2,2,3,5
200500071766,0005-11-21 18:45:00,5,11,21,18,45,830,71.0,RN98  -  PK17,,,Nuit sans éclairage public,Hors agglomération,Hors intersection,Normale,Trois véhicules et plus - collisions multiples,,,,,,,,,,,3,1,1,1,5
200500071767,0005-11-26 12:00:00,5,11,26,12,0,830,112.0,D 559 ET AVENUE DU PORT,,,Plein jour,En agglomération,Hors intersection,Normale,Deux véhicules - côté,,,,,,,,,,,1,2,1,1,3
200500071768,0005-11-01 08:00:00,5,11,1,8,0,830,131.0,"anne, CD.554, PK.91+200",,,Plein jour,Hors agglomération,Hors intersection,Normale,Deux véhicules - frontale,,,,,,,,,,,1,1,1,1,1
200500071769,0005-11-11 16:00:00,5,11,11,16,0,830,132.0,Lieu dit Le Logis Neuf,,,Plein jour,En agglomération,Hors intersection,Normale,Trois véhicules et plus - collisions multiples,,,,,,,,,,,1,2,1,1,5
200500071770,0005-11-15 08:50:00,5,11,15,8,50,840,132.0,CD 16 Route D'Orange,,,Plein jour,Hors agglomération,Hors intersection,Autre,Autre collision,,,,,,,,,,,1,1,1,9,6
200500071771,0005-11-24 16:30:00,5,11,24,16,30,840,132.0,,,,Plein jour,Hors agglomération,Hors intersection,Normale,Deux véhicules - frontale,,,,,,,,,,,1,1,1,1,1
200500071772,0005-11-26 16:15:00,5,11,26,16,15,840,99.0,avenue albert camus,,,Plein jour,En agglomération,Hors intersection,Normale,Deux véhicules - frontale,,,,,,,,,,,1,2,1,1,1
200500071773,0005-11-21 13:20:00,5,11,21,13,20,840,54.0,route de Saumane,,,Plein jour,Hors agglomération,Intersection en T,Normale,Deux véhicules - frontale,,,,,,,,,,,1,1,3,1,1
200500071774,0005-11-29 17:45:00,5,11,29,17,45,840,54.0,,43.9,5.048,Nuit sans éclairage public,Hors agglomération,Hors intersection,Normale,Trois véhicules et plus - collisions multiples,,,,,,,,,,,3,1,1,1,5
200500071775,0005-11-21 12:30:00,5,11,21,12,30,840,129.0,CD 6 ROUTE DE VEDENE,,,Plein jour,En agglomération,Giratoire,Normale,Deux véhicules - côté,,,,,,,,,,,1,2,6,1,3
200500071776,0005-11-27 06:30:00,5,11,27,6,30,840,3.0,,43.883,5.439,Nuit sans éclairage public,Hors agglomération,Hors intersection,Autre,Autre collision,,,,,,,,,,,3,1,1,9,6
200500071777,0005-11-10 13:20:00,5,11,10,13,20,840,122.0,route d'orange,,,Plein jour,Hors agglomération,Hors intersection,Normale,Deux véhicules - frontale,,,,,,,,,,,1,1,1,1,1
200500071778,0005-11-19 22:30:00,5,11,19,22,30,840,12.0,,44.119,5.043,Nuit sans éclairage public,Hors agglomération,Hors intersection,Normale,Autre collision,,,,,,,,,,,3,1,1,1,6
200500071779,0005-11-07 17:15:00,5,11,7,17,15,840,120.0,,,,Crépuscule ou aube,Hors agglomération,Hors intersection,Normale,Sans collision,,,,,,,,,,,2,1,1,1,7
200500071780,0005-11-15 10:15:00,5,11,15,10,15,840,29.0,route de violes,,,Plein jour,En agglomération,Hors intersection,Normale,Autre collision,,,,,,,,,,,1,2,1,1,6
200500071781,0005-11-16 18:35:00,5,11,16,18,35,840,56.0,marché aux puces,,,Nuit sans éclairage public,En agglomération,Hors intersection,Vent fort / tempête,Autre collision,,,,,,,,,,,3,2,1,6,6
200500071782,0005-11-30 16:00:00,5,11,30,16,0,840,19.0,,,,Plein jour,Hors agglomération,Hors intersection,Normale,Trois véhicules et plus - collisions multiples,,,,,,,,,,,1,1,1,1,5
200500071783,0005-11-16 17:30:00,5,11,16,17,30,340,57.0,Mendrous et du Sablasou,,,Nuit avec éclairage allumé,En agglomération,Hors intersection,Normale,Deux véhicules - frontale,,,,,,,,,,,5,2,1,1,1
200500071784,0005-11-19 13:30:00,5,11,19,13,30,340,57.0,RN113,43.642,3.93,Plein jour,En agglomération,Hors intersection,Normale,Deux véhicules - côté,,,,,,,,,,,1,2,1,1,3
200500071785,0005-11-29 18:30:00,5,11,29,18,30,340,57.0,Avenue des Perrières,,,Nuit avec éclairage allumé,En agglomération,Hors intersection,Normale,Deux véhicules - frontale,,,,,,,,,,,5,2,1,1,1
200500071786,0005-11-09 18:15:00,5,11,9,18,15,340,22.0,"RN113, rue de colombier",,,Nuit sans éclairage public,En agglomération,Hors intersection,Pluie forte,Autre collision,,,,,,,,,,,3,2,1,3,6
200500071787,0005-11-29 08:00:00,5,11,29,8,0,340,111.0,,43.951,3.685,Plein jour,Hors agglomération,Hors intersection,Normale,Sans collision,,,,,,,,,,,1,1,1,1,7
200500071788,0005-11-14 16:30:00,5,11,14,16,30,340,344.0,,43.56,4.08,Plein jour,En agglomération,Hors intersection,Pluie légère,Autre collision,,,,,,,,,,,1,2,1,2,6
200500071789,0005-11-18 01:30:00,5,11,18,1,30,340,344.0,Quai robert Fages,,,Nuit avec éclairage allumé,En agglomération,Hors intersection,Normale,Deux véhicules - frontale,,,,,,,,,,,5,2,1,1,1
200500071790,0005-11-07 16:15:00,5,11,7,16,15,340,145.0,"4, route du Mas Desports",,,Plein jour,Hors agglomération,Hors intersection,Normale,Sans collision,,,,,,,,,,,1,1,1,1,7
200500071791,0005-11-26 16:45:00,5,11,26,16,45,340,145.0,Av. Lattre de Tassigny,,,Plein jour,En agglomération,Hors intersection,Normale,Deux véhicules - côté,,,,,,,,,,,1,2,1,1,3
200500071792,0005-11-21 13:30:00,5,11,21,13,30,340,154.0,,43.628,4.026,Plein jour,Hors agglomération,Hors intersection,Normale,Deux véhicules - frontale,,,,,,,,,,,1,1,1,1,1
200500071793,0005-11-19 13:15:00,5,11,19,13,15,340,185.0,CD 986,,,Plein jour,Hors agglomération,Hors intersection,Normale,Deux véhicules - frontale,,,,,,,,,,,1,1,1,1,1
200500071794,0005-11-25 07:45:00,5,11,25,7,45,340,152.0,,43.761,3.752,Crépuscule ou aube,Hors agglomération,Hors intersection,Pluie légère,Deux véhicules - frontale,,,,,,,,,,,2,1,1,2,1
200500071795,0005-11-26 12:15:00,5,11,26,12,15,340,263.0,,43.761,4.024,Plein jour,Hors agglomération,Hors intersection,Normale,Sans collision,,,,,,,,,,,1,1,1,1,7
200500071796,0005-11-28 02:15:00,5,11,28,2,15,340,52.0,Cours Belfort - CD 11,43.33,3.041,Nuit avec éclairage allumé,En agglomération,Hors intersection,Normale,Autre collision,,,,,,,,,,,5,2,1,1,6
200500071797,0005-11-11 04:00:00,5,11,11,4,0,340,178.0,,43.443,3.135,Nuit sans éclairage public,Hors agglomération,Hors intersection,Normale,Sans collision,,,,,,,,,,,3,1,1,1,7
200500071798,0005-11-24 10:45:00,5,11,24,10,45,340,201.0,,,,Plein jour,Hors agglomération,Hors intersection,Normale,Deux véhicules - côté,,,,,,,,,,,1,1,1,1,3
200500071799,0005-11-05 19:00:00,5,11,5,19,0,340,189.0,,,,Nuit sans éclairage public,Hors agglomération,Hors intersection,Normale,Autre collision,,,,,,,,,,,3,1,1,1,6
200500071800,0005-11-30 16:45:00,5,11,30,16,45,340,199.0,"ersection RD 13, RD 13E5",,,Plein jour,Hors agglomération,Hors intersection,Normale,Deux véhicules - côté,,,,,,,,,,,1,1,1,1,3
200500071801,0005-11-11 14:45:00,5,11,11,14,45,340,293.0,,43.629,2.667,Plein jour,Hors agglomération,Hors intersection,Normale,Autre collision,,,,,,,,,,,1,1,1,1,6
200500071802,0005-11-26 15:30:00,5,11,26,15,30,340,228.0,,,,Plein jour,Hors agglomération,Hors intersection,Normale,Autre collision,,,,,,,,,,,1,1,1,1,6
200500071803,0005-11-07 16:15:00,5,11,7,16,15,340,300.0,,43.431,3.293,Plein jour,Hors agglomération,Hors intersection,Normale,Sans collision,,,,,,,,,,,1,1,1,1,7
200500071804,0005-11-13 17:00:00,5,11,13,17,0,340,109.0,,43.532,3.242,Crépuscule ou aube,Hors agglomération,Hors intersection,Pluie forte,Autre collision,,,,,,,,,,,2,1,1,3,6
200500071805,0005-11-03 23:30:00,5,11,3,23,30,340,135.0,,43.295,3.182,Nuit sans éclairage public,Hors agglomération,Hors intersection,Normale,Sans collision,,,,,,,,,,,3,1,1,1,7
200500071806,0005-11-20 17:00:00,5,11,20,17,0,340,91.0,,,,Plein jour,Hors agglomération,Hors intersection,Normale,Deux véhicules - frontale,,,,,,,,,,,1,1,1,1,1
200500071807,0005-11-06 02:45:00,5,11,6,2,45,340,47.0,,43.537,3.503,Nuit sans éclairage public,Hors agglomération,Hors intersection,Normale,Autre collision,,,,,,,,,,,3,1,1,1,6
200500071808,0005-11-26 20:15:00,5,11,26,20,15,340,76.0,Hammeau de Rabieux,43.671,3.437,Nuit avec éclairage allumé,En agglomération,Hors intersection,Normale,Autre collision,,,,,,,,,,,5,2,1,1,6
200500071809,0005-11-22 15:45:00,5,11,22,15,45,340,173.0,CD 9,,,Plein jour,Hors agglomération,Hors intersection,Normale,Sans collision,,,,,,,,,,,1,1,1,1,7
200500071810,0005-11-29 18:15:00,5,11,29,18,15,340,239.0,RN 109 FACE CAVE COOPERA,43.655,3.507,Nuit avec éclairage allumé,En agglomération,Hors intersection,Temps couvert,Deux véhicules - côté,,,,,,,,,,,5,2,1,8,3
200500071811,0005-11-10 18:45:00,5,11,10,18,45,340,332.0,,,,Nuit sans éclairage public,Hors agglomération,Hors intersection,Normale,Deux véhicules - côté,,,,,,,,,,,3,1,1,1,3
200500071812,0005-11-20 11:15:00,5,11,20,11,15,340,95.0,,,,Plein jour,Hors agglomération,Hors intersection,Normale,Deux véhicules - frontale,,,,,,,,,,,1,1,1,1,1
200500071813,0005-11-05 22:00:00,5,11,5,22,0,340,213.0,RUE GEORGES  BRASSENS,,,Nuit avec éclairage allumé,En agglomération,Hors intersection,Normale,Deux véhicules - côté,,,,,,,,,,,5,2,1,1,3
200500071814,0005-11-27 11:30:00,5,11,27,11,30,340,213.0,avenue de sete,,,Plein jour,En agglomération,Hors intersection,Normale,Deux véhicules - côté,,,,,,,,,,,1,2,1,1,3
200500071815,0005-11-16 12:30:00,5,11,16,12,30,110,190.0,AVENUE DE LA REPUBLIQUE,43.255,2.655,Plein jour,En agglomération,Hors intersection,Normale,Deux véhicules - arrière,,,,,,,,,,,1,2,1,1,2
200500071816,0005-11-25 14:30:00,5,11,25,14,30,110,434.0,pk 79,,,Plein jour,Hors agglomération,Hors intersection,Pluie légère,Deux véhicules - frontale,,,,,,,,,,,1,1,1,2,1
200500071817,0005-11-02 10:30:00,5,11,2,10,30,110,211.0,,,,Plein jour,Hors agglomération,Hors intersection,Normale,Sans collision,,,,,,,,,,,1,1,1,1,7
200500071818,0005-11-17 08:00:00,5,11,17,8,0,110,8.0,,42.995,2.261,Crépuscule ou aube,Hors agglomération,Hors intersection,Normale,Deux véhicules - côté,,,,,,,,,,,2,1,1,1,3
200500071819,0005-11-28 15:45:00,5,11,28,15,45,110,32.0,CD 18,,,Plein jour,Hors agglomération,Hors intersection,Normale,Sans collision,,,,,,,,,,,1,1,1,1,7
200500071820,0005-11-23 16:00:00,5,11,23,16,0,110,304.0,34 av francois MITTERAND,42.881,2.183,Plein jour,En agglomération,Hors intersection,Normale,Autre collision,,,,,,,,,,,1,2,1,1,6
200500071821,0005-11-26 13:00:00,5,11,26,13,0,110,302.0,,42.815,2.275,Plein jour,Hors agglomération,Hors intersection,Normale,Autre collision,,,,,,,,,,,1,1,1,1,6
200500071822,0005-11-05 00:01:00,5,11,5,0,1,110,255.0,,,,Nuit sans éclairage public,Hors agglomération,Hors intersection,Normale,Deux véhicules - frontale,,,,,,,,,,,3,1,1,1,1
200500071823,0005-11-01 18:15:00,5,11,1,18,15,110,170.0,oulevard du Pech Maynaud,,,Plein jour,En agglomération,Hors intersection,Normale,Autre collision,,,,,,,,,,,1,2,1,1,6
200500071824,0005-11-12 20:08:00,5,11,12,20,8,110,106.0,RN9,,,Nuit sans éclairage public,Hors agglomération,Hors intersection,Normale,Autre collision,,,,,,,,,,,3,1,1,1,6
200500071825,0005-11-10 08:45:00,5,11,10,8,45,110,106.0,Avenue de Toulouse,,,Plein jour,En agglomération,Hors intersection,Temps couvert,Autre collision,,,,,,,,,,,1,2,1,8,6
200500071826,0005-11-03 19:45:00,5,11,3,19,45,110,266.0,rue de dupleix,,,Nuit sans éclairage public,En agglomération,Hors intersection,Normale,Deux véhicules - arrière,,,,,,,,,,,3,2,1,1,2
200500071827,0005-11-14 07:30:00,5,11,14,7,30,110,379.0,,,,Plein jour,Hors agglomération,Hors intersection,Pluie légère,Deux véhicules - frontale,,,,,,,,,,,1,1,1,2,1
200500071828,0005-11-28 10:20:00,5,11,28,10,20,110,379.0,RN9 pk31+100,,,Plein jour,Hors agglomération,Hors intersection,Normale,Deux véhicules - côté,,,,,,,,,,,1,1,1,1,3
200500071829,0005-11-19 15:15:00,5,11,19,15,15,300,276.0,,43.612,4.214,Plein jour,Hors agglomération,Hors intersection,Normale,Autre collision,,,,,,,,,,,1,1,1,1,6
200500071830,0005-11-30 16:30:00,5,11,30,16,30,300,3.0,,,,Plein jour,Hors agglomération,Giratoire,Normale,Autre collision,,,,,,,,,,,1,1,6,1,6
200500071831,0005-11-09 10:30:00,5,11,9,10,30,300,258.0,CD 38,,,Plein jour,En agglomération,Intersection en X,Normale,Deux véhicules - côté,,,,,,,,,,,1,2,2,1,3
200500071832,0005-11-23 07:30:00,5,11,23,7,30,300,123.0,,,,Crépuscule ou aube,En agglomération,Hors intersection,Normale,Sans collision,,,,,,,,,,,2,2,1,1,7
200500071833,0005-11-23 14:00:00,5,11,23,14,0,300,169.0,Route de NIMES,,,Plein jour,En agglomération,Giratoire,Normale,Deux véhicules - côté,,,,,,,,,,,1,2,6,1,3
200500071834,0005-11-03 13:15:00,5,11,3,13,15,300,142.0,CD 906 le château,,,Plein jour,En agglomération,Hors intersection,Temps couvert,Autre collision,,,,,,,,,,,1,2,1,8,6
200500071835,0005-11-20 17:45:00,5,11,20,17,45,300,51.0,,,,Crépuscule ou aube,Hors agglomération,Hors intersection,Normale,Autre collision,,,,,,,,,,,2,1,1,1,6
200500071836,0005-11-28 11:45:00,5,11,28,11,45,300,307.0,58 rue jean delpuech,,,Plein jour,En agglomération,Hors intersection,Normale,Autre collision,,,,,,,,,,,1,2,1,1,6
200500071837,0005-11-04 20:45:00,5,11,4,20,45,300,173.0,,,,Nuit sans éclairage public,Hors agglomération,Hors intersection,Normale,Autre collision,,,,,,,,,,,3,1,1,1,6
200500071838,0005-11-11 15:45:00,5,11,11,15,45,300,305.0,,,,Plein jour,Hors agglomération,Hors intersection,Normale,Autre collision,,,,,,,,,,,1,1,1,1,6
200500071839,0005-11-13 17:15:00,5,11,13,17,15,300,8.0,,44.195,4.218,Plein jour,Hors agglomération,Hors intersection,Pluie forte,Deux véhicules - côté,,,,,,,,,,,1,1,1,3,3
200500071840,0005-11-01 16:45:00,5,11,1,16,45,300,37.0,Charbes,,,Plein jour,Hors agglomération,Hors intersection,Normale,Deux véhicules - arrière,,,,,,,,,,,1,1,1,1,2
200500071841,0005-11-11 16:30:00,5,11,11,16,30,300,227.0,boulevard du portalet,44.268,4.202,Plein jour,En agglomération,Hors intersection,Normale,Deux véhicules - frontale,,,,,,,,,,,1,2,1,1,1
200500071842,0005-11-17 18:00:00,5,11,17,18,0,300,152.0,carrefour du meilhem,,,Nuit avec éclairage allumé,En agglomération,Hors intersection,Normale,Deux véhicules - côté,,,,,,,,,,,5,2,1,1,3
200500071843,0005-11-20 17:30:00,5,11,20,17,30,300,227.0,faubourg du paradis,44.269,4.201,Crépuscule ou aube,En agglomération,Hors intersection,Normale,Autre collision,,,,,,,,,,,2,2,1,1,6
200500071844,0005-11-29 19:00:00,5,11,29,19,0,300,266.0,,,,Nuit sans éclairage public,Hors agglomération,Hors intersection,Normale,Deux véhicules - frontale,,,,,,,,,,,3,1,1,1,1
200500071845,0005-11-30 08:15:00,5,11,30,8,15,300,227.0,BOULEVARD DU PORTALET,44.265,4.2,Plein jour,En agglomération,Hors intersection,Normale,Autre collision,,,,,,,,,,,1,2,1,1,6
200500071846,0005-11-08 18:00:00,5,11,8,18,0,300,334.0,Avenue Georges POMPIDOU,44.014,4.416,Crépuscule ou aube,En agglomération,Hors intersection,Normale,Autre collision,,,,,,,,,,,2,2,1,1,6
200500071847,0005-11-18 16:00:00,5,11,18,16,0,300,334.0,CD 979,,,Plein jour,Hors agglomération,Hors intersection,Normale,Trois véhicules et plus - collisions multiples,,,,,,,,,,,1,1,1,1,5
200500071848,0005-11-26 20:45:00,5,11,26,20,45,300,225.0,,,,Nuit avec éclairage allumé,Hors agglomération,Hors intersection,Normale,Autre collision,,,,,,,,,,,5,1,1,1,6
200500071849,0005-11-12 16:45:00,5,11,12,16,45,300,241.0,,,,Plein jour,Hors agglomération,Intersection en X,Normale,Deux véhicules - côté,,,,,,,,,,,1,1,2,1,3
200500071850,0005-11-25 21:15:00,5,11,25,21,15,300,255.0,ROUTE DE SOMMIERES,,,Nuit avec éclairage allumé,En agglomération,Hors intersection,Normale,Sans collision,,,,,,,,,,,5,2,1,1,7
200500071851,0005-11-26 13:45:00,5,11,26,13,45,300,12.0,,,,Plein jour,Hors agglomération,Hors intersection,Normale,Sans collision,,,,,,,,,,,1,1,1,1,7
200500071852,0005-11-29 10:45:00,5,11,29,10,45,300,103.0,,,,Plein jour,Hors agglomération,Autre intersection,Pluie légère,Deux véhicules - côté,,,,,,,,,,,1,1,9,2,3
200500071853,0005-11-30 13:30:00,5,11,30,13,30,300,336.0,,43.848,4.623,Plein jour,Hors agglomération,Hors intersection,Normale,Autre collision,,,,,,,,,,,1,1,1,1,6
200500071854,0005-11-01 00:01:00,5,11,1,0,1,300,272.0,,43.964,3.689,Nuit sans éclairage public,Hors agglomération,Hors intersection,Pluie forte,Sans collision,,,,,,,,,,,3,1,1,3,7
200500071855,0005-11-29 15:35:00,5,11,29,15,35,300,26.0,ond point du Coudoulous,,,Plein jour,Hors agglomération,Giratoire,Temps couvert,Autre collision,,,,,,,,,,,1,1,6,8,6
200500071856,0005-11-24 21:00:00,5,11,24,21,0,300,349.0,,43.874,4.087,Nuit sans éclairage public,Hors agglomération,Hors intersection,Normale,Autre collision,,,,,,,,,,,3,1,1,1,6
200500071857,0005-11-07 17:30:00,5,11,7,17,30,480,16.0,PK 22+700,,,Crépuscule ou aube,Hors agglomération,Hors intersection,Normale,Autre collision,,,,,,,,,,,2,1,1,1,6
200500071858,0005-11-02 07:35:00,5,11,2,7,35,480,164.0,901. PK 37 + 800 mètres,,,Crépuscule ou aube,Hors agglomération,Hors intersection,Normale,Sans collision,,,,,,,,,,,2,1,1,1,7
200500071859,0005-11-30 16:55:00,5,11,30,16,55,480,107.0,lieu-dit Moulin de Chaze,,,Plein jour,Hors agglomération,Hors intersection,Normale,Deux véhicules - côté,,,,,,,,,,,1,1,1,1,3
200500071860,0005-11-19 09:00:00,5,11,19,9,0,480,55.0,,44.506,3.363,Plein jour,Hors agglomération,Hors intersection,Normale,Deux véhicules - frontale,,,,,,,,,,,1,1,1,1,1
200500071861,0005-11-17 03:00:00,5,11,17,3,0,480,128.0,RD 987,,,Nuit sans éclairage public,Hors agglomération,Hors intersection,Normale,Autre collision,,,,,,,,,,,3,1,1,1,6
200500071862,0005-11-11 15:15:00,5,11,11,15,15,660,141.0,rue du stade,,,Plein jour,En agglomération,Hors intersection,Normale,Autre collision,,,,,,,,,,,1,2,1,1,6
200500071863,0005-11-14 08:00:00,5,11,14,8,0,660,11.0,venue de la méditérranée,,,Plein jour,En agglomération,Hors intersection,Pluie forte,Deux véhicules - arrière,,,,,,,,,,,1,2,1,3,2
200500071864,0005-11-02 19:15:00,5,11,2,19,15,660,210.0,,,,Nuit sans éclairage public,Hors agglomération,Hors intersection,Normale,Autre collision,,,,,,,,,,,3,1,1,1,6
200500071865,0005-11-12 19:30:00,5,11,12,19,30,660,144.0,Avenue du Roussillon,,,Nuit avec éclairage allumé,En agglomération,Hors intersection,Normale,Deux véhicules - frontale,,,,,,,,,,,5,2,1,1,1
200500071866,0005-11-29 23:45:00,5,11,29,23,45,660,210.0,,,,Nuit sans éclairage public,Hors agglomération,Autre intersection,Normale,Deux véhicules - arrière,,,,,,,,,,,3,1,9,1,2
200500071867,0005-11-04 16:00:00,5,11,4,16,0,660,137.0,,,,Plein jour,Hors agglomération,Hors intersection,Pluie légère,Deux véhicules - frontale,,,,,,,,,,,1,1,1,2,1
200500071868,0005-11-16 17:30:00,5,11,16,17,30,660,70.0,,42.627,2.505,Crépuscule ou aube,Hors agglomération,Hors intersection,Pluie légère,Deux véhicules - frontale,,,,,,,,,,,2,1,1,2,1
200500071869,0005-11-05 12:30:00,5,11,5,12,30,201,247.0,Rue du 9 septembre 1943,,,Plein jour,En agglomération,Hors intersection,Normale,Deux véhicules - côté,,,,,,,,,,,1,2,1,1,3