accident_id,datetime,annee,mois,jour,heure,minute,departement,commune_insee,adresse,latitude,longitude,luminosite,agglomeration,intersection,meteo,collision,nb_vehicules,nb_usagers,nb_indemnes,nb_tues,nb_blesses_hosp,nb_blesses_legers,age_cond_1,age_cond_2,veh_type_cond_1,veh_type_cond_2,lum_code,agg_code,int_code,atm_code,col_code
200500072000,0005-11-19 10:30:00,5,11,19,10,30,370,62.0,Avenue du Général Lecler,,,Plein jour,En agglomération,Hors intersection,Normale,Autre collision,,,,,,,,,,,1,2,1,1,6
200500072001,0005-11-30 06:40:00,5,11,30,6,40,370,109.0,La haute limougère,,,Nuit sans éclairage public,Hors agglomération,Hors intersection,Autre,Deux véhicules - frontale,,,,,,,,,,,3,1,1,9,1
200500072002,0005-11-20 01:00:00,5,11,20,1,0,370,167.0,,47.573,0.573,Nuit sans éclairage public,Hors agglomération,Hors intersection,Normale,Autre collision,,,,,,,,,,,3,1,1,1,6
200500072003,0005-11-20 18:45:00,5,11,20,18,45,370,204.0,,47.53,0.645,Nuit sans éclairage public,Hors agglomération,Autre intersection,Normale,Deux véhicules - côté,,,,,,,,,,,3,1,9,1,3
200500072004,0005-11-27 05:00:00,5,11,27,5,0,370,213.0,La VIOLIERE,,,Nuit sans éclairage public,Hors agglomération,Hors intersection,Normale,Autre collision,,,,,,,,,,,3,1,1,1,6
200500072005,0005-11-12 14:45:00,5,11,12,14,45,370,270.0,,47.406,0.864,Plein jour,Hors agglomération,Hors intersection,Pluie légère,Deux véhicules - côté,,,,,,,,,,,1,1,1,2,3
200500072006,0005-11-01 05:30:00,5,11,1,5,30,370,123.0,16 rue Descartes,47.329,0.404,Nuit avec éclairage allumé,En agglomération,Hors intersection,Temps couvert,Autre collision,,,,,,,,,,,5,2,1,8,6
200500072007,0005-11-01 01:45:00,5,11,1,1,45,370,205.0,,47.275,0.553,Nuit sans éclairage public,Hors agglomération,Autre intersection,Pluie forte,Autre collision,,,,,,,,,,,3,1,9,3,6
200500072008,0005-11-08 13:30:00,5,11,8,13,30,370,35.0,,,,Plein jour,Hors agglomération,Hors intersection,Normale,Sans collision,,,,,,,,,,,1,1,1,1,7
200500072009,0005-11-10 19:15:00,5,11,10,19,15,370,216.0,,,,Nuit sans éclairage public,Hors agglomération,Hors intersection,Normale,Autre collision,,,,,,,,,,,3,1,1,1,6
200500072010,0005-11-01 15:35:00,5,11,1,15,35,370,132.0,Quai de la Filature,,,Plein jour,En agglomération,Hors intersection,Normale,Autre collision,,,,,,,,,,,1,2,1,1,6
200500072011,0005-11-03 08:15:00,5,11,3,8,15,370,221.0,,,,Plein jour,Hors agglomération,Hors intersection,Normale,Deux véhicules - côté,,,,,,,,,,,1,1,1,1,3
200500072012,0005-11-04 09:45:00,5,11,4,9,45,370,69.0,,,,Plein jour,Hors agglomération,Hors intersection,Normale,Autre collision,,,,,,,,,,,1,1,1,1,6
200500072013,0005-11-16 12:00:00,5,11,16,12,0,370,269.0,,47.052,1.041,Plein jour,Hors agglomération,Hors intersection,Normale,Deux véhicules - côté,,,,,,,,,,,1,1,1,1,3
200500072014,0005-11-11 11:15:00,5,11,11,11,15,370,114.0,,,,Nuit sans éclairage public,Hors agglomération,Hors intersection,Brouillard / fumée,Sans collision,,,,,,,,,,,3,1,1,5,7
200500072015,0005-11-20 02:30:00,5,11,20,2,30,370,45.0,Lieu dit Le Bille bault,47.037,0.592,Nuit sans éclairage public,Hors agglomération,Hors intersection,Autre,Autre collision,,,,,,,,,,,3,1,1,9,6
200500072016,0005-11-02 17:00:00,5,11,2,17,0,370,263.0,,47.274,0.857,Crépuscule ou aube,Hors agglomération,Hors intersection,Pluie légère,Autre collision,,,,,,,,,,,2,1,1,2,6
200500072017,0005-11-12 09:15:00,5,11,12,9,15,370,159.0,rue des Buissons,,,Plein jour,En agglomération,Hors intersection,Temps couvert,Deux véhicules - arrière,,,,,,,,,,,1,2,1,8,2
200500072018,0005-11-28 22:10:00,5,11,28,22,10,370,159.0,"ue de Montbazon, Vontes",47.292,0.665,Nuit avec éclairage allumé,Hors agglomération,Hors intersection,Temps couvert,Autre collision,,,,,,,,,,,5,1,1,8,6
200500072019,0005-11-02 07:30:00,5,11,2,7,30,410,29.0,,,,Plein jour,Hors agglomération,Hors intersection,Normale,Sans collision,,,,,,,,,,,1,1,1,1,7
200500072020,0005-11-07 18:30:00,5,11,7,18,30,410,167.0,11 avenue du général de,,,Crépuscule ou aube,En agglomération,Hors intersection,Temps couvert,Autre collision,,,,,,,,,,,2,2,1,8,6
200500072021,0005-11-25 07:45:00,5,11,25,7,45,410,142.0,Route de BLOIS,,,Plein jour,En agglomération,Hors intersection,Autre,Sans collision,,,,,,,,,,,1,2,1,9,7
200500072022,0005-11-23 10:45:00,5,11,23,10,45,410,93.0,ROUTE DE FRANCAY,,,Plein jour,En agglomération,Hors intersection,Normale,Deux véhicules - frontale,,,,,,,,,,,1,2,1,1,1
200500072023,0005-11-12 18:30:00,5,11,12,18,30,410,220.0,e la centrale nucléaire,,,Nuit sans éclairage public,Hors agglomération,Hors intersection,Pluie légère,Deux véhicules - frontale,,,,,,,,,,,3,1,1,2,1
200500072024,0005-11-20 00:10:00,5,11,20,0,10,410,43.0,6 rue jallet,47.276,1.467,Nuit avec éclairage allumé,En agglomération,Hors intersection,Normale,Autre collision,,,,,,,,,,,5,2,1,1,6
200500072025,0005-11-20 17:30:00,5,11,20,17,30,410,84.0,our du CD121 et du CD 73,,,Nuit sans éclairage public,Hors agglomération,Hors intersection,Normale,Deux véhicules - côté,,,,,,,,,,,3,1,1,1,3
200500072026,0005-11-13 02:45:00,5,11,13,2,45,410,280.0,Les Landes,,,Nuit sans éclairage public,Hors agglomération,Hors intersection,Brouillard / fumée,Sans collision,,,,,,,,,,,3,1,1,5,7
200500072027,0005-11-01 20:00:00,5,11,1,20,0,410,278.0,,47.675,0.971,Nuit sans éclairage public,Hors agglomération,Hors intersection,Normale,Deux véhicules - frontale,,,,,,,,,,,3,1,1,1,1
200500072028,0005-11-26 16:00:00,5,11,26,16,0,410,149.0,rue Blaise Pascal,47.759,0.864,Plein jour,En agglomération,Intersection en X,Normale,Deux véhicules - côté,,,,,,,,,,,1,2,2,1,3
200500072029,0005-11-17 09:30:00,5,11,17,9,30,290,233.0,,,,Plein jour,Hors agglomération,Giratoire,Temps éblouissant,Deux véhicules - frontale,,,,,,,,,,,1,1,6,7,1
200500072030,0005-11-09 11:15:00,5,11,9,11,15,290,4.0,,47.912,-3.707,Plein jour,Hors agglomération,Hors intersection,Normale,Trois véhicules et plus - collisions multiples,,,,,,,,,,,1,1,1,1,5
200500072031,0005-11-29 11:15:00,5,11,29,11,15,290,274.0,17 rue Henry CROISSANT,,,Plein jour,En agglomération,Hors intersection,Normale,Deux véhicules - frontale,,,,,,,,,,,1,2,1,1,1
200500072032,0005-11-30 18:15:00,5,11,30,18,15,290,241.0,Rue du Pont Verzérès,,,Nuit sans éclairage public,En agglomération,Hors intersection,Pluie légère,Autre collision,,,,,,,,,,,3,2,1,2,6
200500072033,0005-11-04 19:45:00,5,11,4,19,45,330,199.0,ALLEE DE BORDEAUX,44.627,-1.074,Nuit avec éclairage allumé,En agglomération,Hors intersection,Normale,Deux véhicules - frontale,,,,,,,,,,,5,2,1,1,1
200500072034,0005-11-23 21:40:00,5,11,23,21,40,870,192.0,Le pont rompu,45.75,1.25,Nuit sans éclairage public,Hors agglomération,Hors intersection,Normale,Autre collision,,,,,,,,,,,3,1,1,1,6
200500072035,0005-11-03 17:30:00,5,11,3,17,30,670,283.0,Rue  de SAVERNE,,,Nuit avec éclairage allumé,En agglomération,Hors intersection,Normale,Deux véhicules - côté,,,,,,,,,,,5,2,1,1,3
200500072036,0005-11-05 10:00:00,5,11,5,10,0,330,65.0,"Bonneau, parking Auchan",44.821,-0.524,Plein jour,En agglomération,Hors intersection,Normale,Autre collision,,,,,,,,,,,1,2,1,1,6
200500072037,0005-11-29 18:00:00,5,11,29,18,0,330,65.0,,44.365,-0.084,Nuit sans éclairage public,Hors agglomération,Autre intersection,Normale,Deux véhicules - frontale,,,,,,,,,,,3,1,9,1,1
200500072038,0005-11-06 10:00:00,5,11,6,10,0,580,212.0,,,,Plein jour,Hors agglomération,Hors intersection,Normale,Deux véhicules - frontale,,,,,,,,,,,1,1,1,1,1
200500072039,0005-11-12 18:30:00,5,11,12,18,30,580,212.0,,,,Nuit sans éclairage public,Hors agglomération,Hors intersection,Pluie légère,Deux véhicules - côté,,,,,,,,,,,3,1,1,2,3
200500072040,0005-11-29 05:45:00,5,11,29,5,45,580,131.0,avenue Charles Dariaux,,,Nuit avec éclairage allumé,En agglomération,Hors intersection,Pluie légère,Deux véhicules - frontale,,,,,,,,,,,5,2,1,2,1
200500072041,0005-11-11 11:30:00,5,11,11,11,30,130,40.0,,43.456,5.545,Plein jour,Hors agglomération,Giratoire,Normale,Deux véhicules - côté,,,,,,,,,,,1,1,6,1,3
200500072042,0005-11-24 19:20:00,5,11,24,19,20,130,87.0,LA BEGUDE RN7,,,Nuit sans éclairage public,Hors agglomération,Intersection en X,Pluie légère,Deux véhicules - côté,,,,,,,,,,,3,1,2,2,3
200500072043,0005-11-27 19:30:00,5,11,27,19,30,130,40.0,Chemin des Vertus,,,Nuit avec éclairage allumé,En agglomération,Intersection en X,Normale,Deux véhicules - côté,,,,,,,,,,,5,2,2,1,3
200500072044,0005-11-16 12:10:00,5,11,16,12,10,470,318.0,"Lieu dit ""Arrouges""",,,Plein jour,Hors agglomération,Hors intersection,Pluie légère,Deux véhicules - frontale,,,,,,,,,,,1,1,1,2,1
200500072045,0005-11-16 17:15:00,5,11,16,17,15,470,143.0,avenue de la gare - chem,,,Crépuscule ou aube,En agglomération,Intersection en T,Temps couvert,Deux véhicules - côté,,,,,,,,,,,2,2,3,8,3
200500072046,0005-11-10 21:30:00,5,11,10,21,30,110,913.0,,,,Nuit sans éclairage public,Hors agglomération,Hors intersection,Normale,Sans collision,,,,,,,,,,,3,1,1,1,7
200500072047,0005-11-01 16:20:00,5,11,1,16,20,340,270.0,route nationale 112,,,Plein jour,Hors agglomération,Hors intersection,Normale,Deux véhicules - frontale,,,,,,,,,,,1,1,1,1,1
200500072048,0005-11-07 08:00:00,5,11,7,8,0,340,123.0,allée de l'Europe,,,Plein jour,En agglomération,Giratoire,Normale,Deux véhicules - frontale,,,,,,,,,,,1,2,6,1,1
200500072049,0005-11-20 05:40:00,5,11,20,5,40,340,270.0,RN112,,,Nuit avec éclairage non allumé,Hors agglomération,Hors intersection,Normale,Deux véhicules - frontale,,,,,,,,,,,4,1,1,1,1
200500072050,0005-11-20 15:00:00,5,11,20,15,0,340,202.0,AVENUE DE COURNONTERRAL,,,Plein jour,En agglomération,Hors intersection,Normale,Deux véhicules - frontale,,,,,,,,,,,1,2,1,1,1
200500072051,0005-11-09 20:40:00,5,11,9,20,40,780,564.0,AUTOROUTE A 10,,,Nuit sans éclairage public,Hors agglomération,Hors intersection,Normale,Deux véhicules - arrière,,,,,,,,,,,3,1,1,1,2
200500072052,0005-11-13 01:05:00,5,11,13,1,5,910,319.0,"province-PARIS, P.K. 05",48.643,2.152,Nuit sans éclairage public,Hors agglomération,Hors intersection,Pluie légère,Trois véhicules et plus - en chaîne,,,,,,,,,,,3,1,1,2,4
200500072053,0005-11-15 04:00:00,5,11,15,4,0,780,564.0,,,,Nuit sans éclairage public,Hors agglomération,Hors intersection,Normale,Autre collision,,,,,,,,,,,3,1,1,1,6
200500072054,0005-11-04 06:45:00,5,11,4,6,45,690,64.0,rue des Terreaux,,,Nuit avec éclairage allumé,En agglomération,Hors intersection,Normale,Deux véhicules - côté,,,,,,,,,,,5,2,1,1,3
200500072055,0005-11-17 13:45:00,5,11,17,13,45,690,235.0,devant cimetière,,,Plein jour,En agglomération,Hors intersection,Normale,Autre collision,,,,,,,,,,,1,2,1,1,6
200500072056,0005-11-25 07:30:00,5,11,25,7,30,690,253.0,CHEMIN DE LA BARJADE,,,Crépuscule ou aube,Hors agglomération,Hors intersection,Neige / grêle,Trois véhicules et plus - en chaîne,,,,,,,,,,,2,1,1,4,4
200500072057,0005-11-04 07:30:00,5,11,4,7,30,370,50.0,RN 10 - PK 39+500,47.351,0.702,Crépuscule ou aube,En agglomération,Hors intersection,Normale,Deux véhicules - arrière,,,,,,,,,,,2,2,1,1,2
200500072058,0005-11-07 14:40:00,5,11,7,14,40,370,50.0,AVENUE  DU GRAND SUD,,,Plein jour,En agglomération,Hors intersection,Temps couvert,Trois véhicules et plus - collisions multiples,,,,,,,,,,,1,2,1,8,5
200500072059,0005-11-09 21:15:00,5,11,9,21,15,370,50.0,Avenue Grand-Sud  RN10,,,Nuit avec éclairage allumé,En agglomération,Intersection en X,Normale,Trois véhicules et plus - collisions multiples,,,,,,,,,,,5,2,2,1,5
200500072060,0005-11-09 07:15:00,5,11,9,7,15,330,229.0,Avenue de la libération.,,,Nuit avec éclairage allumé,En agglomération,Hors intersection,Pluie forte,Autre collision,,,,,,,,,,,5,2,1,3,6
200500072061,0005-11-04 11:30:00,5,11,4,11,30,330,5.0,rue de l'esplanade du Be,44.748,-1.1,Plein jour,En agglomération,Hors intersection,Pluie légère,Autre collision,,,,,,,,,,,1,2,1,2,6
200500072062,0005-11-18 09:30:00,5,11,18,9,30,330,229.0,,,,Plein jour,Hors agglomération,Hors intersection,Normale,Deux véhicules - côté,,,,,,,,,,,1,1,1,1,3
200500072063,0005-11-14 20:00:00,5,11,14,20,0,600,142.0,Parking commerce leclerc,,,Nuit avec éclairage allumé,En agglomération,Hors intersection,Normale,Autre collision,,,,,,,,,,,5,2,1,1,6
200500072064,0005-11-22 06:45:00,5,11,22,6,45,600,631.0,place du château,,,Nuit avec éclairage allumé,En agglomération,Hors intersection,Brouillard / fumée,Deux véhicules - côté,,,,,,,,,,,5,2,1,5,3
200500072065,0005-11-21 03:15:00,5,11,21,3,15,770,1.0,,48.366,2.575,Nuit sans éclairage public,Hors agglomération,Hors intersection,Normale,Deux véhicules - arrière,,,,,,,,,,,3,1,1,1,2
200500072066,0005-11-20 13:35:00,5,11,20,13,35,620,426.0,"Lille/Paris, PK 162+800",50.244,2.856,Plein jour,Hors agglomération,Hors intersection,Normale,Autre collision,,,,,,,,,,,1,1,1,1,6
200500072067,0005-11-02 02:45:00,5,11,2,2,45,800,33.0,,,,Nuit avec éclairage allumé,Hors agglomération,Hors intersection,Pluie forte,Sans collision,,,,,,,,,,,5,1,1,3,7
200500072068,0005-11-22 22:45:00,5,11,22,22,45,800,307.0,,,,Nuit sans éclairage public,Hors agglomération,Hors intersection,Normale,Autre collision,,,,,,,,,,,3,1,1,1,6
200500072069,0005-11-25 22:30:00,5,11,25,22,30,800,33.0,,,,Nuit sans éclairage public,Hors agglomération,Hors intersection,Normale,Deux véhicules - côté,,,,,,,,,,,3,1,1,1,3
200500072070,0005-11-11 05:50:00,5,11,11,5,50,710,475.0,dans le sens PARIS/LYON,,,Nuit sans éclairage public,Hors agglomération,Hors intersection,Normale,Autre collision,,,,,,,,,,,3,1,1,1,6
200500072071,0005-11-24 15:05:00,5,11,24,15,5,890,196.0,sens Paris / Lyon PK143,,,Plein jour,Hors agglomération,Hors intersection,Normale,Deux véhicules - arrière,,,,,,,,,,,1,1,1,1,2
200500072072,0005-11-02 17:45:00,5,11,2,17,45,130,37.0,,,,Nuit sans éclairage public,Hors agglomération,Hors intersection,Normale,Sans collision,,,,,,,,,,,3,1,1,1,7
200500072073,0005-11-07 18:45:00,5,11,7,18,45,130,118.0,k 245+900 sens Nice-Lyon,,,Nuit sans éclairage public,Hors agglomération,Hors intersection,Normale,Deux véhicules - arrière,,,,,,,,,,,3,1,1,1,2
200500072074,0005-11-15 14:15:00,5,11,15,14,15,130,103.0,,,,Plein jour,Hors agglomération,Hors intersection,Normale,Deux véhicules - arrière,,,,,,,,,,,1,1,1,1,2
200500072075,0005-11-20 12:30:00,5,11,20,12,30,130,51.0,,,,Plein jour,Hors agglomération,Hors intersection,Normale,Deux véhicules - frontale,,,,,,,,,,,1,1,1,1,1
200500072076,0005-11-20 19:30:00,5,11,20,19,30,130,37.0,,,,Nuit sans éclairage public,Hors agglomération,Hors intersection,Normale,Trois véhicules et plus - collisions multiples,,,,,,,,,,,3,1,1,1,5
200500072077,0005-11-30 08:00:00,5,11,30,8,0,130,118.0,,,,Plein jour,Hors agglomération,Hors intersection,Autre,Autre collision,,,,,,,,,,,1,1,1,9,6
200500072078,0005-11-13 07:00:00,5,11,13,7,0,300,221.0,,,,Nuit sans éclairage public,Hors agglomération,Hors intersection,Normale,Autre collision,,,,,,,,,,,3,1,1,1,6
200500072079,0005-11-17 11:15:00,5,11,17,11,15,600,513.0,,49.207,2.376,Plein jour,En agglomération,Giratoire,Normale,Deux véhicules - côté,,,,,,,,,,,1,2,6,1,3
200500072080,0005-11-25 21:15:00,5,11,25,21,15,270,102.0,,,,Nuit sans éclairage public,Hors agglomération,Hors intersection,Temps couvert,Deux véhicules - arrière,,,,,,,,,,,3,1,1,8,2
200500072081,0005-11-26 14:15:00,5,11,26,14,15,270,563.0,,49.382,0.489,Plein jour,Hors agglomération,Hors intersection,Neige / grêle,Trois véhicules et plus - en chaîne,,,,,,,,,,,1,1,1,4,4
200500072082,0005-11-28 19:30:00,5,11,28,19,30,780,531.0,,,,Nuit sans éclairage public,Hors agglomération,Hors intersection,Normale,Autre collision,,,,,,,,,,,3,1,1,1,6
200500072083,0005-11-16 16:00:00,5,11,16,16,0,600,424.0,,,,Plein jour,Hors agglomération,Hors intersection,Normale,Trois véhicules et plus - collisions multiples,,,,,,,,,,,1,1,1,1,5
200500072084,0005-11-03 15:45:00,5,11,3,15,45,210,408.0,rue de val suzon,47.412,5.016,Plein jour,En agglomération,Hors intersection,Normale,Autre collision,,,,,,,,,,,1,2,1,1,6
200500072085,0005-11-13 18:30:00,5,11,13,18,30,690,19.0,,46.096,4.746,Nuit sans éclairage public,Hors agglomération,Hors intersection,Normale,Deux véhicules - frontale,,,,,,,,,,,3,1,1,1,1
200500072086,0005-11-18 07:45:00,5,11,18,7,45,690,206.0,oute A-6 sens PARIS/LYON,46.053,4.731,Plein jour,Hors agglomération,Hors intersection,Normale,Autre collision,,,,,,,,,,,1,1,1,1,6
200500072087,0005-11-09 14:30:00,5,11,9,14,30,680,118.0,rue de la rampe,47.732,7.428,Plein jour,En agglomération,Hors intersection,Normale,Deux véhicules - côté,,,,,,,,,,,1,2,1,1,3
200500072088,0005-11-12 14:45:00,5,11,12,14,45,530,39.0,,48.16,-0.96,Plein jour,Hors agglomération,Hors intersection,Temps couvert,Trois véhicules et plus - en chaîne,,,,,,,,,,,1,1,1,8,4
200500072089,0005-11-25 18:00:00,5,11,25,18,0,950,250.0,Avenue de la haute grève,,,Nuit avec éclairage allumé,En agglomération,Hors intersection,Normale,Deux véhicules - frontale,,,,,,,,,,,5,2,1,1,1
200500072090,0005-11-30 17:45:00,5,11,30,17,45,310,467.0,,,,Plein jour,Hors agglomération,Hors intersection,Normale,Trois véhicules et plus - collisions multiples,,,,,,,,,,,1,1,1,1,5
200500072091,0005-11-07 21:45:00,5,11,7,21,45,830,140.0,,,,Nuit sans éclairage public,Hors agglomération,Hors intersection,Normale,Autre collision,,,,,,,,,,,3,1,1,1,6
200500072092,0005-11-25 16:30:00,5,11,25,16,30,410,18.0,,,,Plein jour,Hors agglomération,Hors intersection,Normale,Autre collision,,,,,,,,,,,1,1,1,1,6
200500072093,0005-11-20 20:20:00,5,11,20,20,20,740,118.0,oroute A.40 - PK. 54+040,,,Nuit sans éclairage public,Hors agglomération,Hors intersection,Normale,Deux véhicules - côté,,,,,,,,,,,3,1,1,1,3
200500072094,0005-11-18 20:00:00,5,11,18,20,0,300,123.0,,,,Nuit avec éclairage allumé,Hors agglomération,Hors intersection,Normale,Trois véhicules et plus - en chaîne,,,,,,,,,,,5,1,1,1,4
200500072095,0005-11-21 02:15:00,5,11,21,2,15,300,344.0,,,,Nuit sans éclairage public,Hors agglomération,Hors intersection,Normale,Deux véhicules - arrière,,,,,,,,,,,3,1,1,1,2
200500072096,0005-11-10 07:15:00,5,11,10,7,15,110,262.0,e de l'A9 à NARBONNE EST,,,Crépuscule ou aube,Hors agglomération,Hors intersection,Pluie légère,Sans collision,,,,,,,,,,,2,1,1,2,7
200500072097,0005-11-21 13:30:00,5,11,21,13,30,370,15.0,,47.338,0.834,Plein jour,Hors agglomération,Autre intersection,Normale,Autre collision,,,,,,,,,,,1,1,9,1,6
200500072098,0005-11-09 19:52:00,5,11,9,19,52,450,146.0,"0, sens province / Paris",,,Nuit sans éclairage public,Hors agglomération,Hors intersection,Normale,Autre collision,,,,,,,,,,,3,1,1,1,6
200500072099,0005-11-12 14:15:00,5,11,12,14,15,280,392.0,,,,Plein jour,Hors agglomération,Hors intersection,Normale,Autre collision,,,,,,,,,,,1,1,1,1,6
200500072100,0005-11-23 11:46:00,5,11,23,11,46,280,121.0,,48.13,1.853,Plein jour,Hors agglomération,Hors intersection,Normale,Autre collision,,,,,,,,,,,1,1,1,1,6
200500072101,0005-11-13 15:30:00,5,11,13,15,30,670,476.0,,48.81,8.002,Plein jour,Hors agglomération,Hors intersection,Normale,Deux véhicules - frontale,,,,,,,,,,,1,1,1,1,1
200500072102,0005-11-12 22:00:00,5,11,12,22,0,670,319.0,Rue principale,48.829,8.085,Nuit avec éclairage allumé,En agglomération,Hors intersection,Normale,Sans collision,,,,,,,,,,,5,2,1,1,7
200500072103,0005-11-26 10:00:00,5,11,26,10,0,730,179.0,BIF. 1310 Autoroute A-43,,,Plein jour,Hors agglomération,Hors intersection,Normale,Autre collision,,,,,,,,,,,1,1,1,1,6
200500072104,0005-11-07 12:20:00,5,11,7,12,20,740,182.0,int kilomètrique 131.200,,,Plein jour,Hors agglomération,Hors intersection,Normale,Deux véhicules - côté,,,,,,,,,,,1,1,1,1,3
200500072105,0005-11-04 13:15:00,5,11,4,13,15,140,555.0,pk 174+700,,,Plein jour,Hors agglomération,Hors intersection,Normale,Deux véhicules - arrière,,,,,,,,,,,1,1,1,1,2
200500072106,0005-11-15 19:45:00,5,11,15,19,45,130,58.0,ieu dit pont de l'estrée,,,Nuit sans éclairage public,Hors agglomération,Hors intersection,Normale,Deux véhicules - arrière,,,,,,,,,,,3,1,1,1,2
200500072107,0005-11-03 02:30:00,5,11,3,2,30,280,141.0,00 en direction de PARIS,,,Nuit sans éclairage public,Hors agglomération,Hors intersection,Normale,Sans collision,,,,,,,,,,,3,1,1,1,7
200500072108,0005-11-22 02:00:00,5,11,22,2,0,280,219.0,,,,Nuit sans éclairage public,Hors agglomération,Hors intersection,Normale,Deux véhicules - arrière,,,,,,,,,,,3,1,1,1,2
200500072109,0005-11-26 19:45:00,5,11,26,19,45,410,49.0,16 rue nationale,,,Nuit avec éclairage allumé,En agglomération,Hors intersection,Pluie légère,Deux véhicules - frontale,,,,,,,,,,,5,2,1,2,1
200500072110,0005-11-27 17:30:00,5,11,27,17,30,410,31.0,,47.548,1.401,Plein jour,Hors agglomération,Hors intersection,Normale,Deux véhicules - frontale,,,,,,,,,,,1,1,1,1,1
200500072111,0005-11-28 00:30:00,5,11,28,0,30,410,32.0,RD 951 PK 34+300,,,Nuit sans éclairage public,Hors agglomération,Hors intersection,Normale,Sans collision,,,,,,,,,,,3,1,1,1,7
200500072112,0005-11-09 16:00:00,5,11,9,16,0,690,27.0,CD42,,,Plein jour,Hors agglomération,Hors intersection,Pluie légère,Deux véhicules - côté,,,,,,,,,,,1,1,1,2,3
200500072113,0005-11-09 20:30:00,5,11,9,20,30,690,204.0,rue des collonges,,,Nuit avec éclairage allumé,En agglomération,Hors intersection,Pluie légère,Autre collision,,,,,,,,,,,5,2,1,2,6
200500072114,0005-11-22 06:45:00,5,11,22,6,45,690,27.0,,45.673,4.772,Crépuscule ou aube,Hors agglomération,Hors intersection,Autre,Trois véhicules et plus - collisions multiples,,,,,,,,,,,2,1,1,9,5
200500072115,0005-11-21 18:15:00,5,11,21,18,15,690,43.0,D 42 - chemin du caillou,,,Nuit avec éclairage allumé,Hors agglomération,Intersection en T,Normale,Deux véhicules - côté,,,,,,,,,,,5,1,3,1,3
200500072116,0005-11-07 07:45:00,5,11,7,7,45,290,69.0,route de Bohars,,,Crépuscule ou aube,En agglomération,Hors intersection,Normale,Deux véhicules - côté,,,,,,,,,,,2,2,1,1,3
200500072117,0005-11-05 08:15:00,5,11,5,8,15,340,73.0,ZIERS / NIMES PK 157+400,,,Plein jour,Hors agglomération,Hors intersection,Normale,Deux véhicules - côté,,,,,,,,,,,1,1,1,1,3
200500072118,0005-11-09 23:00:00,5,11,9,23,0,340,157.0,,,,Nuit sans éclairage public,Hors agglomération,Hors intersection,Pluie légère,Autre collision,,,,,,,,,,,3,1,1,2,6
200500072119,0005-11-18 14:00:00,5,11,18,14,0,340,166.0,,,,Plein jour,Hors agglomération,Hors intersection,Normale,Autre collision,,,,,,,,,,,1,1,1,1,6
200500072120,0005-11-19 13:00:00,5,11,19,13,0,340,95.0,,43.539,3.779,Plein jour,Hors agglomération,Hors intersection,Normale,Deux véhicules - arrière,,,,,,,,,,,1,1,1,1,2
200500072121,0005-11-30 00:15:00,5,11,30,0,15,340,101.0,,,,Nuit sans éclairage public,Hors agglomération,Hors intersection,Normale,Trois véhicules et plus - en chaîne,,,,,,,,,,,3,1,1,1,4
200500072122,0005-11-23 20:15:00,5,11,23,20,15,150,207.0,,,,Nuit sans éclairage public,Hors agglomération,Hors intersection,Temps couvert,Trois véhicules et plus - collisions multiples,,,,,,,,,,,3,1,1,8,5
200500072123,0005-11-17 11:15:00,5,11,17,11,15,310,254.0,,,,Plein jour,Hors agglomération,Autre intersection,Normale,Deux véhicules - côté,,,,,,,,,,,1,1,9,1,3
200500072124,0005-11-17 19:30:00,5,11,17,19,30,630,14.0,,,,Nuit sans éclairage public,Hors agglomération,Autre intersection,Normale,Trois véhicules et plus - en chaîne,,,,,,,,,,,3,1,9,1,4
200500072125,0005-11-24 12:00:00,5,11,24,12,0,630,404.0,,45.593,3.246,Plein jour,Hors agglomération,Hors intersection,Normale,Autre collision,,,,,,,,,,,1,1,1,1,6
200500072126,0005-11-05 08:45:00,5,11,5,8,45,640,122.0,,43.451,-1.543,Plein jour,Hors agglomération,Hors intersection,Normale,Deux véhicules - frontale,,,,,,,,,,,1,1,1,1,1
200500072127,0005-11-18 15:45:00,5,11,18,15,45,400,284.0,,,,Plein jour,Hors agglomération,Hors intersection,Normale,Sans collision,,,,,,,,,,,1,1,1,1,7
200500072128,0005-11-26 12:10:00,5,11,26,12,10,550,237.0,,,,Plein jour,Hors agglomération,Hors intersection,Normale,Deux véhicules - arrière,,,,,,,,,,,1,1,1,1,2