accident_id,datetime,annee,mois,jour,heure,minute,departement,commune_insee,adresse,latitude,longitude,luminosite,agglomeration,intersection,meteo,collision,nb_vehicules,nb_usagers,nb_indemnes,nb_tues,nb_blesses_hosp,nb_blesses_legers,age_cond_1,age_cond_2,veh_type_cond_1,veh_type_cond_2,lum_code,agg_code,int_code,atm_code,col_code
200500072389,0005-11-04 20:30:00,5,11,4,20,30,60,29.0,TONNER (AVENUE FRANCIS),,,Nuit avec éclairage allumé,En agglomération,Intersection en X,Pluie légère,Trois véhicules et plus - collisions multiples,,,,,,,,,,,5,2,2,2,5
200500072390,0005-11-05 13:05:00,5,11,5,13,5,60,29.0,"12, FERRYE (RUE GENERAL)",,,Plein jour,En agglomération,Intersection en X,Normale,Deux véhicules - côté,,,,,,,,,,,1,2,2,1,3
200500072391,0005-11-06 11:00:00,5,11,6,11,0,60,29.0,"00, POESIE (AVENUE PIERR",,,Plein jour,En agglomération,Hors intersection,Temps éblouissant,Trois véhicules et plus - collisions multiples,,,,,,,,,,,1,2,1,7,5
200500072392,0005-11-05 20:10:00,5,11,5,20,10,60,29.0,"16, PICAUD (AVENUE DU DO",,,Nuit avec éclairage allumé,En agglomération,Hors intersection,Pluie forte,Deux véhicules - arrière,,,,,,,,,,,5,2,1,3,2
200500072393,0005-11-07 19:35:00,5,11,7,19,35,60,29.0,BOUCICAUT (RUE),,,Crépuscule ou aube,En agglomération,Intersection en X,Normale,Deux véhicules - côté,,,,,,,,,,,2,2,2,1,3
200500072394,0005-11-08 09:55:00,5,11,8,9,55,60,30.0,"00, COLOMBIER (CHEMIN DU",,,Plein jour,En agglomération,Intersection en X,Normale,Autre collision,,,,,,,,,,,1,2,2,1,6
200500072395,0005-11-09 15:45:00,5,11,9,15,45,60,29.0,PICAUD (AVENUE DR) BOCCA,,,Plein jour,En agglomération,Hors intersection,Normale,Autre collision,,,,,,,,,,,1,2,1,1,6
200500072396,0005-11-09 11:45:00,5,11,9,11,45,60,29.0,"00, FERRYE (RUE GENERAL)",,,Plein jour,En agglomération,Intersection en T,Normale,Deux véhicules - côté,,,,,,,,,,,1,2,3,1,3
200500072397,0005-11-11 11:00:00,5,11,11,11,0,60,29.0,"8, CARNOT (BOULEVARD)",,,Plein jour,En agglomération,Hors intersection,Normale,Deux véhicules - arrière,,,,,,,,,,,1,2,1,1,2
200500072398,0005-11-11 16:35:00,5,11,11,16,35,60,29.0,"00, ALEXANDRE III (BOULE",,,Plein jour,En agglomération,Intersection en T,Normale,Autre collision,,,,,,,,,,,1,2,3,1,6
200500072399,0005-11-11 18:25:00,5,11,11,18,25,60,29.0,RIVAGE (BOULEVARD DU),,,Nuit avec éclairage allumé,En agglomération,Intersection en X,Normale,Deux véhicules - frontale,,,,,,,,,,,5,2,2,1,1
200500072400,0005-11-13 00:47:00,5,11,13,0,47,60,29.0,"00, MERIMEE (SQUARE)",,,Nuit avec éclairage allumé,En agglomération,Hors intersection,Pluie forte,Autre collision,,,,,,,,,,,5,2,1,3,6
200500072401,0005-11-13 12:10:00,5,11,13,12,10,60,29.0,"11-13, ST DIZIER (RUE)",,,Plein jour,En agglomération,Hors intersection,Normale,Autre collision,,,,,,,,,,,1,2,1,1,6
200500072402,0005-11-11 13:44:00,5,11,11,13,44,60,29.0,MIDI (BOULEVARD DU),,,Plein jour,En agglomération,Hors intersection,Normale,Deux véhicules - côté,,,,,,,,,,,1,2,1,1,3
200500072403,0005-11-11 22:15:00,5,11,11,22,15,60,29.0,MIDI (BOULEVARD DU),,,Nuit avec éclairage allumé,En agglomération,Hors intersection,Normale,Trois véhicules et plus - collisions multiples,,,,,,,,,,,5,2,1,1,5
200500072404,0005-11-14 17:20:00,5,11,14,17,20,60,30.0,"00, POMPIDOU (AVENUE GEO",,,Crépuscule ou aube,En agglomération,Hors intersection,Pluie légère,Autre collision,,,,,,,,,,,2,2,1,2,6
200500072405,0005-11-16 09:38:00,5,11,16,9,38,60,29.0,VALLOMBROSA (BOULEBARD),,,Plein jour,En agglomération,Hors intersection,Normale,Deux véhicules - côté,,,,,,,,,,,1,2,1,1,3
200500072406,0005-11-18 13:30:00,5,11,18,13,30,60,29.0,"63, CHEVALIER (AVENUE MA",,,Plein jour,En agglomération,Hors intersection,Normale,Deux véhicules - côté,,,,,,,,,,,1,2,1,1,3
200500072407,0005-11-20 23:17:00,5,11,20,23,17,60,29.0,CARNOT (BOULEVARD),,,Nuit avec éclairage allumé,En agglomération,Hors intersection,Normale,Deux véhicules - côté,,,,,,,,,,,5,2,1,1,3
200500072408,0005-11-20 14:30:00,5,11,20,14,30,60,29.0,"2, ST PIERRE (QUAI)",,,Plein jour,En agglomération,Hors intersection,Normale,Deux véhicules - côté,,,,,,,,,,,1,2,1,1,3
200500072409,0005-11-17 08:30:00,5,11,17,8,30,60,30.0,"9, SADI CARNOT (BOULEVAR",,,Plein jour,En agglomération,Hors intersection,Normale,Trois véhicules et plus - collisions multiples,,,,,,,,,,,1,2,1,1,5
200500072410,0005-11-22 20:00:00,5,11,22,20,0,60,29.0,JUIN (AVENUE MARECHAL),,,Nuit avec éclairage allumé,En agglomération,Intersection en T,Normale,Deux véhicules - côté,,,,,,,,,,,5,2,3,1,3
200500072411,0005-11-23 14:00:00,5,11,23,14,0,60,29.0,COUVERTURE VOIE FERREE,,,Plein jour,En agglomération,Hors intersection,Normale,Autre collision,,,,,,,,,,,1,2,1,1,6
200500072412,0005-11-24 14:25:00,5,11,24,14,25,60,30.0,"72, ROOSEVELT (AVENUE FR",,,Plein jour,En agglomération,Intersection en T,Normale,Deux véhicules - côté,,,,,,,,,,,1,2,3,1,3
200500072413,0005-11-24 10:30:00,5,11,24,10,30,60,29.0,"00, COINTET (BOULEVARD)",,,Plein jour,En agglomération,Intersection en T,Normale,Deux véhicules - côté,,,,,,,,,,,1,2,3,1,3
200500072414,0005-11-28 15:59:00,5,11,28,15,59,60,29.0,"06, DOZOL (AVENUE ANTHON",,,Plein jour,En agglomération,Hors intersection,Normale,Deux véhicules - côté,,,,,,,,,,,1,2,1,1,3
200500072415,0005-11-28 12:04:00,5,11,28,12,4,60,29.0,"00, ANGLAIS (AVENUE DES)",,,Plein jour,En agglomération,Intersection en X,Normale,Deux véhicules - côté,,,,,,,,,,,1,2,2,1,3
200500072416,0005-11-29 18:45:00,5,11,29,18,45,60,29.0,SARDOU (AVENUE LEANDRE),,,Crépuscule ou aube,En agglomération,Hors intersection,Pluie légère,Autre collision,,,,,,,,,,,2,2,1,2,6
200500072417,0005-11-30 00:10:00,5,11,30,0,10,60,30.0,"00, PARIS (RUE DE)",,,Nuit avec éclairage allumé,En agglomération,Intersection en X,Normale,Deux véhicules - frontale,,,,,,,,,,,5,2,2,1,1
200500072418,0005-11-04 20:20:00,5,11,4,20,20,60,69.0,"135, DRAGUIGNAN (ROUTE D",,,Nuit avec éclairage allumé,En agglomération,Hors intersection,Pluie forte,Deux véhicules - frontale,,,,,,,,,,,5,2,1,3,1
200500072419,0005-11-05 20:10:00,5,11,5,20,10,60,69.0,NAPOLEON (ROUTE),,,Nuit sans éclairage public,Hors agglomération,Hors intersection,Pluie forte,Deux véhicules - frontale,,,,,,,,,,,3,1,1,3,1
200500072420,0005-11-07 07:34:00,5,11,7,7,34,60,69.0,"12, FRAGONARD (BOULEVARD",,,Plein jour,En agglomération,Hors intersection,Normale,Deux véhicules - frontale,,,,,,,,,,,1,2,1,1,1
200500072421,0005-11-08 17:50:00,5,11,8,17,50,60,69.0,"13, RAYBAUD (AVENUE FELI",,,Nuit avec éclairage non allumé,En agglomération,Hors intersection,Normale,Autre collision,,,,,,,,,,,4,2,1,1,6
200500072422,0005-11-10 17:00:00,5,11,10,17,0,60,69.0,"4, LECLERC (BOULEVARD DU",,,Plein jour,En agglomération,Hors intersection,Normale,Deux véhicules - côté,,,,,,,,,,,1,2,1,1,3
200500072423,0005-11-12 11:30:00,5,11,12,11,30,60,69.0,"78, CANNES (ROUTE DE)  -",,,Plein jour,En agglomération,Hors intersection,Pluie légère,Trois véhicules et plus - en chaîne,,,,,,,,,,,1,2,1,2,4
200500072424,0005-11-12 13:45:00,5,11,12,13,45,60,69.0,"120, KENNEDY (BOULEVARD",,,Plein jour,En agglomération,Hors intersection,Pluie légère,Deux véhicules - frontale,,,,,,,,,,,1,2,1,2,1
200500072425,0005-11-18 13:25:00,5,11,18,13,25,60,69.0,"65, TOURACHE (CHEMIN DE",,,Plein jour,En agglomération,Hors intersection,Normale,Deux véhicules - frontale,,,,,,,,,,,1,2,1,1,1
200500072426,0005-11-21 15:10:00,5,11,21,15,10,60,69.0,"98, POMPIDOU (AVENUE GEO",,,Plein jour,En agglomération,Hors intersection,Normale,Deux véhicules - arrière,,,,,,,,,,,1,2,1,1,2
200500072427,0005-11-26 17:55:00,5,11,26,17,55,60,69.0,"159, PLAN (ROUTE DU) -D3",,,Crépuscule ou aube,En agglomération,Intersection en T,Normale,Deux véhicules - côté,,,,,,,,,,,2,2,3,1,3
200500072428,0005-11-27 11:30:00,5,11,27,11,30,60,69.0,"178, DRAGUIGNAN (ROUTE D",,,Plein jour,Hors agglomération,Hors intersection,Normale,Trois véhicules et plus - en chaîne,,,,,,,,,,,1,1,1,1,4
200500072429,0005-11-27 18:55:00,5,11,27,18,55,60,69.0,"144, SEMARD (AVENUE PIER",,,Nuit avec éclairage allumé,En agglomération,Hors intersection,Normale,Deux véhicules - frontale,,,,,,,,,,,5,2,1,1,1
200500072430,0005-11-28 08:25:00,5,11,28,8,25,60,69.0,"10, PROVENCE (AVENUE DE)",,,Plein jour,En agglomération,Hors intersection,Normale,Deux véhicules - côté,,,,,,,,,,,1,2,1,1,3
200500072431,0005-11-30 13:40:00,5,11,30,13,40,60,69.0,"91, PLAN (ROUTE DU) -D30",,,Plein jour,Hors agglomération,Hors intersection,Normale,Deux véhicules - côté,,,,,,,,,,,1,1,1,1,3
200500072432,0005-11-30 17:45:00,5,11,30,17,45,60,69.0,POMPIDOU (AVENUE GEORGES,,,Nuit avec éclairage allumé,En agglomération,Hors intersection,Normale,Sans collision,,,,,,,,,,,5,2,1,1,7
200500072433,0005-11-30 18:00:00,5,11,30,18,0,60,69.0,"99, POMPIDOU (AVENUE GEO",,,Nuit avec éclairage allumé,En agglomération,Hors intersection,Normale,Autre collision,,,,,,,,,,,5,2,1,1,6
200500072434,0005-11-16 09:55:00,5,11,16,9,55,60,83.0,"59, SOSPEL (AVENUE DE, N",,,Plein jour,En agglomération,Hors intersection,Normale,Autre collision,,,,,,,,,,,1,2,1,1,6
200500072435,0005-11-15 23:00:00,5,11,15,23,0,60,83.0,"FRANCE (AVENUE PORTE DE,",,,Nuit sans éclairage public,En agglomération,Hors intersection,Normale,Autre collision,,,,,,,,,,,3,2,1,1,6
200500072436,0005-11-13 16:50:00,5,11,13,16,50,60,83.0,"50, MADONE (AVENUE DE LA",,,Plein jour,En agglomération,Hors intersection,Normale,Trois véhicules et plus - collisions multiples,,,,,,,,,,,1,2,1,1,5
200500072437,0005-11-23 10:10:00,5,11,23,10,10,60,83.0,"15, VERDUN (AVENUE DE)",,,Plein jour,En agglomération,Intersection en T,Normale,Autre collision,,,,,,,,,,,1,2,3,1,6
200500072438,0005-11-08 07:50:00,5,11,8,7,50,60,104.0,MONLEON (AVENUE SYLVIO D,,,Plein jour,En agglomération,Intersection en T,Normale,Deux véhicules - côté,,,,,,,,,,,1,2,3,1,3
200500072439,0005-11-09 08:25:00,5,11,9,8,25,60,12.0,"1, BLANC (AVENUE CAMILLE",,,Plein jour,En agglomération,Intersection en T,Normale,Autre collision,,,,,,,,,,,1,2,3,1,6
200500072440,0005-11-21 13:25:00,5,11,21,13,25,60,104.0,"139, VERDUN (AVENUE DE,",,,Plein jour,En agglomération,Hors intersection,Normale,Deux véhicules - côté,,,,,,,,,,,1,2,1,1,3
200500072441,0005-11-22 09:30:00,5,11,22,9,30,60,104.0,LAURENS (AVENUE LOUIS),,,Plein jour,En agglomération,Intersection en T,Normale,Deux véhicules - côté,,,,,,,,,,,1,2,3,1,3
200500072442,0005-11-12 18:10:00,5,11,12,18,10,60,83.0,"1, CENTENAIRE (COURS DU)",,,Crépuscule ou aube,En agglomération,Hors intersection,Normale,Deux véhicules - arrière,,,,,,,,,,,2,2,1,1,2
200500072443,0005-11-29 21:45:00,5,11,29,21,45,60,83.0,"90, GORBIO (ROUTE DE)",,,Nuit avec éclairage allumé,En agglomération,Hors intersection,Pluie légère,Deux véhicules - côté,,,,,,,,,,,5,2,1,2,3
200500072444,0005-11-24 09:30:00,5,11,24,9,30,60,83.0,"67, JEAN MONNET (AVENUE)",,,Plein jour,En agglomération,Hors intersection,Normale,Autre collision,,,,,,,,,,,1,2,1,1,6
200500072445,0005-11-23 17:20:00,5,11,23,17,20,60,104.0,FRANCE (AVENUE DE),,,Nuit avec éclairage allumé,En agglomération,Hors intersection,Normale,Trois véhicules et plus - collisions multiples,,,,,,,,,,,5,2,1,1,5
200500072446,0005-11-27 12:55:00,5,11,27,12,55,60,104.0,"107, CURIE (AVENUE PIERR",,,Plein jour,En agglomération,Hors intersection,Normale,Deux véhicules - côté,,,,,,,,,,,1,2,1,1,3
200500072447,0005-11-29 10:15:00,5,11,29,10,15,60,104.0,"505, TURBIE (ROUTE DE LA",,,Plein jour,Hors agglomération,Hors intersection,Normale,Deux véhicules - frontale,,,,,,,,,,,1,1,1,1,1
200500072448,0005-11-01 07:30:00,5,11,1,7,30,60,88.0,"242, GINESTIERE (CH. DE",,,Plein jour,En agglomération,Hors intersection,Normale,Autre collision,,,,,,,,,,,1,2,1,1,6
200500072449,0005-11-01 14:00:00,5,11,1,14,0,60,88.0,STE MARGUERITE (AV.) A P,,,Plein jour,En agglomération,Intersection en T,Normale,Deux véhicules - côté,,,,,,,,,,,1,2,3,1,3
200500072450,0005-11-01 18:15:00,5,11,1,18,15,60,88.0,"0, CESSOLE (BD DE) (A PA",,,Nuit avec éclairage allumé,En agglomération,Hors intersection,Normale,Trois véhicules et plus - collisions multiples,,,,,,,,,,,5,2,1,1,5
200500072451,0005-11-01 21:10:00,5,11,1,21,10,60,88.0,"0, SAINT-LAMBERT (AV.) (",,,Nuit avec éclairage allumé,En agglomération,Hors intersection,Normale,Deux véhicules - côté,,,,,,,,,,,5,2,1,1,3
200500072452,0005-11-02 14:50:00,5,11,2,14,50,60,88.0,"0, KESSEL (JARDIN J.)",,,Plein jour,En agglomération,Intersection en T,Normale,Deux véhicules - côté,,,,,,,,,,,1,2,3,1,3
200500072453,0005-11-02 17:15:00,5,11,2,17,15,60,88.0,"0, EUCALYPTUS (AV. DES)",,,Plein jour,En agglomération,Intersection en X,Normale,Deux véhicules - côté,,,,,,,,,,,1,2,2,1,3
200500072454,0005-11-02 17:40:00,5,11,2,17,40,60,88.0,"64, PESSICART (JUSQU'AU",,,Nuit avec éclairage allumé,En agglomération,Hors intersection,Normale,Deux véhicules - côté,,,,,,,,,,,5,2,1,1,3
200500072455,0005-11-02 19:30:00,5,11,2,19,30,60,88.0,"0, JOLY (CORNICHE ANDRE",,,Nuit avec éclairage allumé,En agglomération,Hors intersection,Normale,Deux véhicules - arrière,,,,,,,,,,,5,2,1,1,2
200500072456,0005-11-02 23:15:00,5,11,2,23,15,60,88.0,"27, JOLY (CORNICHE ANDRE",,,Nuit avec éclairage allumé,En agglomération,Hors intersection,Normale,Deux véhicules - frontale,,,,,,,,,,,5,2,1,1,1
200500072457,0005-11-03 11:10:00,5,11,3,11,10,60,88.0,"0, AURORE (RUE)",,,Plein jour,En agglomération,Intersection en X,Normale,Autre collision,,,,,,,,,,,1,2,2,1,6
200500072458,0005-11-03 15:30:00,5,11,3,15,30,60,88.0,"120, FRANCE (R. DE) A PA",,,Plein jour,En agglomération,Hors intersection,Normale,Deux véhicules - côté,,,,,,,,,,,1,2,1,1,3
200500072459,0005-11-04 09:50:00,5,11,4,9,50,60,88.0,"0, JOFFRE (R. MARECHAL)",,,Plein jour,En agglomération,Hors intersection,Normale,Deux véhicules - côté,,,,,,,,,,,1,2,1,1,3
200500072460,0005-11-04 07:45:00,5,11,4,7,45,60,88.0,"0, SAINT-LAMBERT (AV.) (",,,Plein jour,En agglomération,Hors intersection,Normale,Trois véhicules et plus - collisions multiples,,,,,,,,,,,1,2,1,1,5
200500072461,0005-11-07 16:00:00,5,11,7,16,0,60,88.0,"0, GARIGLIANO (PONTS)",,,Plein jour,En agglomération,Hors intersection,Normale,Trois véhicules et plus - en chaîne,,,,,,,,,,,1,2,1,1,4
200500072462,0005-11-04 11:05:00,5,11,4,11,5,60,88.0,"0, GAMBETTA (A PARTIR DU",,,Plein jour,En agglomération,Hors intersection,Normale,Deux véhicules - côté,,,,,,,,,,,1,2,1,1,3
200500072463,0005-11-07 21:25:00,5,11,7,21,25,60,88.0,"0, GRENOBLE (ROUTE DE)",,,Nuit avec éclairage allumé,En agglomération,Hors intersection,Normale,Trois véhicules et plus - en chaîne,,,,,,,,,,,5,2,1,1,4
200500072464,0005-11-05 03:45:00,5,11,5,3,45,60,88.0,"O, GRINDA (AV. EDOUARD)",,,Nuit avec éclairage allumé,En agglomération,Hors intersection,Pluie forte,Sans collision,,,,,,,,,,,5,2,1,3,7
200500072465,0005-11-05 11:30:00,5,11,5,11,30,60,88.0,"27, VEROLA (AV. AUGUSTE)",,,Plein jour,En agglomération,Hors intersection,Normale,Autre collision,,,,,,,,,,,1,2,1,1,6
200500072466,0005-11-05 15:20:00,5,11,5,15,20,60,88.0,"4, VERDI (R.)",,,Plein jour,En agglomération,Hors intersection,Normale,Deux véhicules - côté,,,,,,,,,,,1,2,1,1,3
200500072467,0005-11-05 22:35:00,5,11,5,22,35,60,88.0,"35, MADELEINE (BD DE LA)",,,Nuit avec éclairage allumé,En agglomération,Hors intersection,Pluie forte,Deux véhicules - côté,,,,,,,,,,,5,2,1,3,3
200500072468,0005-11-06 21:10:00,5,11,6,21,10,60,88.0,"0, BANVILLE (RUE THEODOR",,,Nuit avec éclairage allumé,En agglomération,Hors intersection,Normale,Deux véhicules - côté,,,,,,,,,,,5,2,1,1,3
200500072469,0005-11-07 19:00:00,5,11,7,19,0,60,88.0,"0, JOLY (CORNICHE ANDRE",,,Plein jour,En agglomération,Hors intersection,Normale,Deux véhicules - côté,,,,,,,,,,,1,2,1,1,3
200500072470,0005-11-07 16:45:00,5,11,7,16,45,60,88.0,"0, GAL (R. AUGUSTE)",,,Plein jour,En agglomération,Intersection en X,Normale,Deux véhicules - côté,,,,,,,,,,,1,2,2,1,3
200500072471,0005-11-07 17:15:00,5,11,7,17,15,60,88.0,"8, VALOMBROSE (AV. DE)",,,Plein jour,En agglomération,Hors intersection,Normale,Deux véhicules - arrière,,,,,,,,,,,1,2,1,1,2
200500072472,0005-11-07 17:40:00,5,11,7,17,40,60,88.0,"0, VOIE RAPIDE",,,Crépuscule ou aube,En agglomération,Hors intersection,Normale,Deux véhicules - arrière,,,,,,,,,,,2,2,1,1,2
200500072473,0005-11-07 19:35:00,5,11,7,19,35,60,88.0,"214, GRENOBLE (ROUTE DE)",,,Nuit avec éclairage allumé,Hors agglomération,Hors intersection,Normale,Trois véhicules et plus - collisions multiples,,,,,,,,,,,5,1,1,1,5
200500072474,0005-11-08 01:45:00,5,11,8,1,45,60,88.0,"0, CORNIGLION MOLINIER (",,,Nuit avec éclairage allumé,En agglomération,Hors intersection,Normale,Deux véhicules - côté,,,,,,,,,,,5,2,1,1,3
200500072475,0005-11-08 07:30:00,5,11,8,7,30,60,88.0,"35 Bis, ARSON (RUE)",,,Plein jour,En agglomération,Hors intersection,Normale,Deux véhicules - côté,,,,,,,,,,,1,2,1,1,3
200500072476,0005-11-08 08:10:00,5,11,8,8,10,60,88.0,"0, GRENOBLE (ROUTE DE)",,,Plein jour,En agglomération,Hors intersection,Normale,Deux véhicules - côté,,,,,,,,,,,1,2,1,1,3
200500072477,0005-11-08 15:10:00,5,11,8,15,10,60,88.0,"1, ANGLAIS (DU N° 1 AU N",,,Plein jour,En agglomération,Hors intersection,Normale,Deux véhicules - arrière,,,,,,,,,,,1,2,1,1,2
200500072478,0005-11-08 16:50:00,5,11,8,16,50,60,88.0,"52BIS, BRANCOLAR (AV.) (",,,Plein jour,En agglomération,Hors intersection,Normale,Deux véhicules - arrière,,,,,,,,,,,1,2,1,1,2
200500072479,0005-11-08 17:40:00,5,11,8,17,40,60,88.0,"285, ANGLAIS (DU N° 265",,,Crépuscule ou aube,En agglomération,Hors intersection,Normale,Deux véhicules - arrière,,,,,,,,,,,2,2,1,1,2
200500072480,0005-11-08 17:55:00,5,11,8,17,55,60,88.0,"29, DIABLES BLEUS (AV. D",,,Nuit avec éclairage allumé,En agglomération,Hors intersection,Normale,Deux véhicules - arrière,,,,,,,,,,,5,2,1,1,2
200500072481,0005-11-08 18:30:00,5,11,8,18,30,60,88.0,"0, GARIGLIANO (PONTS)",,,Nuit avec éclairage allumé,En agglomération,Autre intersection,Normale,Deux véhicules - arrière,,,,,,,,,,,5,2,9,1,2
200500072482,0005-11-08 18:31:00,5,11,8,18,31,60,88.0,"13, GRENOBLE (ROUTE DE)",,,Nuit avec éclairage allumé,En agglomération,Hors intersection,Normale,Deux véhicules - côté,,,,,,,,,,,5,2,1,1,3
200500072483,0005-11-08 18:50:00,5,11,8,18,50,60,88.0,"0, VISMARA (AV.)",,,Nuit avec éclairage allumé,En agglomération,Hors intersection,Normale,Autre collision,,,,,,,,,,,5,2,1,1,6
200500072484,0005-11-08 11:45:00,5,11,8,11,45,60,88.0,"0, ALSACE-LORRAINE (RUE",,,Plein jour,En agglomération,Hors intersection,Normale,Autre collision,,,,,,,,,,,1,2,1,1,6
200500072485,0005-11-09 07:40:00,5,11,9,7,40,60,88.0,"36, GAIRAUT (VIEUX CH.)",,,Plein jour,En agglomération,Hors intersection,Normale,Deux véhicules - côté,,,,,,,,,,,1,2,1,1,3
200500072486,0005-11-09 09:20:00,5,11,9,9,20,60,88.0,"0, SAINT-LAMBERT (AV.) (",,,Plein jour,En agglomération,Hors intersection,Normale,Deux véhicules - frontale,,,,,,,,,,,1,2,1,1,1
200500072487,0005-11-09 10:20:00,5,11,9,10,20,60,88.0,"02, MADELEINE (BD DE LA)",,,Plein jour,En agglomération,Hors intersection,Normale,Autre collision,,,,,,,,,,,1,2,1,1,6
200500072488,0005-11-09 14:20:00,5,11,9,14,20,60,88.0,"26, FABRON (AV. DE) (JUS",,,Plein jour,En agglomération,Hors intersection,Normale,Autre collision,,,,,,,,,,,1,2,1,1,6
200500072489,0005-11-10 03:05:00,5,11,10,3,5,60,88.0,"0, MIRON (R.)",,,Nuit avec éclairage allumé,En agglomération,Intersection en X,Pluie légère,Deux véhicules - côté,,,,,,,,,,,5,2,2,2,3
200500072490,0005-11-10 08:45:00,5,11,10,8,45,60,88.0,"0, LYAUTEY (AV. DU MAL)",,,Plein jour,En agglomération,Intersection en T,Normale,Deux véhicules - frontale,,,,,,,,,,,1,2,3,1,1
200500072491,0005-11-10 10:55:00,5,11,10,10,55,60,88.0,"267, ANGLAIS (DU N° 265",,,Plein jour,En agglomération,Hors intersection,Normale,Autre collision,,,,,,,,,,,1,2,1,1,6
200500072492,0005-11-10 11:15:00,5,11,10,11,15,60,88.0,"0, SEMERIA (AV. DENIS)",,,Plein jour,En agglomération,Hors intersection,Normale,Autre collision,,,,,,,,,,,1,2,1,1,6
200500072493,0005-11-10 14:45:00,5,11,10,14,45,60,88.0,"0, CASSIN (BD RENE)",,,Plein jour,En agglomération,Hors intersection,Normale,Deux véhicules - côté,,,,,,,,,,,1,2,1,1,3
200500072494,0005-11-10 19:00:00,5,11,10,19,0,60,88.0,"16, BANVILLE (RUE THEODO",,,Nuit avec éclairage allumé,En agglomération,Intersection en X,Normale,Sans collision,,,,,,,,,,,5,2,2,1,7
200500072495,0005-11-11 14:15:00,5,11,11,14,15,60,88.0,"0, SAINT-JEAN BAPTISTE (",,,Plein jour,En agglomération,Intersection en X,Normale,Deux véhicules - côté,,,,,,,,,,,1,2,2,1,3
200500072496,0005-11-11 19:45:00,5,11,11,19,45,60,88.0,"6, QUAI PAPACINO",,,Nuit avec éclairage allumé,En agglomération,Hors intersection,Normale,Deux véhicules - arrière,,,,,,,,,,,5,2,1,1,2
200500072497,0005-11-11 21:30:00,5,11,11,21,30,60,88.0,"0, ANGLAIS (DU N° 265 AU",,,Nuit avec éclairage allumé,En agglomération,Hors intersection,Normale,Autre collision,,,,,,,,,,,5,2,1,1,6
200500072498,0005-11-11 23:45:00,5,11,11,23,45,60,88.0,"0, CIMIEZ (BD) A PARTIR",,,Nuit avec éclairage allumé,En agglomération,Hors intersection,Normale,Deux véhicules - côté,,,,,,,,,,,5,2,1,1,3
200500072499,0005-11-12 01:55:00,5,11,12,1,55,60,88.0,"0, ANGLAIS PLAGE(  PARTI",,,Nuit avec éclairage allumé,Hors agglomération,Intersection en X,Normale,Deux véhicules - côté,,,,,,,,,,,5,1,2,1,3
200500072500,0005-11-12 14:58:00,5,11,12,14,58,60,88.0,"07, CARLONE (BD)",,,Plein jour,En agglomération,Hors intersection,Normale,Autre collision,,,,,,,,,,,1,2,1,1,6
200500072501,0005-11-12 15:42:00,5,11,12,15,42,60,88.0,"22, EUGENIE (BD IMPERATR",,,Plein jour,En agglomération,Hors intersection,Pluie légère,Autre collision,,,,,,,,,,,1,2,1,2,6
200500072502,0005-11-13 14:30:00,5,11,13,14,30,60,88.0,"68, CARNOT (BD)",,,Plein jour,En agglomération,Hors intersection,Pluie légère,Deux véhicules - arrière,,,,,,,,,,,1,2,1,2,2
200500072503,0005-11-13 14:52:00,5,11,13,14,52,60,88.0,"23, DUFOURMANTEL (AV.)",,,Plein jour,En agglomération,Hors intersection,Pluie légère,Deux véhicules - frontale,,,,,,,,,,,1,2,1,2,1
200500072504,0005-11-13 19:00:00,5,11,13,19,0,60,88.0,"0, VOIE RAPIDE",,,Nuit avec éclairage non allumé,En agglomération,Intersection en X,Pluie légère,Deux véhicules - côté,,,,,,,,,,,4,2,2,2,3
200500072505,0005-11-14 07:00:00,5,11,14,7,0,60,88.0,"0, PERTINAX (R.)",,,Nuit avec éclairage allumé,En agglomération,Intersection en X,Pluie légère,Deux véhicules - côté,,,,,,,,,,,5,2,2,2,3
200500072506,0005-11-14 09:00:00,5,11,14,9,0,60,88.0,"0, POMPIDOU (BD GEORGES)",,,Plein jour,En agglomération,Hors intersection,Normale,Trois véhicules et plus - en chaîne,,,,,,,,,,,1,2,1,1,4
200500072507,0005-11-14 15:10:00,5,11,14,15,10,60,88.0,"0, RIVOLI (R. DE)",,,Plein jour,En agglomération,Intersection en X,Normale,Autre collision,,,,,,,,,,,1,2,2,1,6
200500072508,0005-11-14 15:45:00,5,11,14,15,45,60,88.0,"104, CALIFORNIE (AV.) (D",,,Plein jour,En agglomération,Hors intersection,Normale,Sans collision,,,,,,,,,,,1,2,1,1,7
200500072509,0005-11-14 16:30:00,5,11,14,16,30,60,88.0,"0, VOIE RAPIDE",,,Nuit avec éclairage allumé,En agglomération,Hors intersection,Pluie légère,Autre collision,,,,,,,,,,,5,2,1,2,6
200500072510,0005-11-14 18:15:00,5,11,14,18,15,60,88.0,"58, RAYNAUD (BD AUGUSTE)",,,Plein jour,En agglomération,Hors intersection,Normale,Deux véhicules - arrière,,,,,,,,,,,1,2,1,1,2
200500072511,0005-11-15 07:50:00,5,11,15,7,50,60,88.0,"0, RAYNAUD (BD AUGUSTE)",,,Plein jour,En agglomération,Intersection en X,Pluie légère,Deux véhicules - côté,,,,,,,,,,,1,2,2,2,3
200500072512,0005-11-15 11:45:00,5,11,15,11,45,60,88.0,"6, DUNANT (AV. HENRI)",,,Plein jour,En agglomération,Hors intersection,Normale,Autre collision,,,,,,,,,,,1,2,1,1,6
200500072513,0005-11-15 14:10:00,5,11,15,14,10,60,88.0,"0, JOLY (CORNICHE ANDRE",,,Plein jour,En agglomération,Intersection en X,Normale,Deux véhicules - côté,,,,,,,,,,,1,2,2,1,3
200500072514,0005-11-15 17:45:00,5,11,15,17,45,60,88.0,"31, PESSICART (JUSQU'AU",,,Nuit avec éclairage allumé,En agglomération,Hors intersection,Normale,Autre collision,,,,,,,,,,,5,2,1,1,6