accident_id,datetime,annee,mois,jour,heure,minute,departement,commune_insee,adresse,latitude,longitude,luminosite,agglomeration,intersection,meteo,collision,nb_vehicules,nb_usagers,nb_indemnes,nb_tues,nb_blesses_hosp,nb_blesses_legers,age_cond_1,age_cond_2,veh_type_cond_1,veh_type_cond_2,lum_code,agg_code,int_code,atm_code,col_code
200500072515,0005-11-15 18:10:00,5,11,15,18,10,60,88.0,"16, GALLIENI (AV.)",,,Nuit avec éclairage allumé,En agglomération,Hors intersection,Normale,Deux véhicules - côté,,,,,,,,,,,5,2,1,1,3
200500072516,0005-11-16 07:45:00,5,11,16,7,45,60,88.0,"0, CLUA (AV. DE LA)",,,Plein jour,En agglomération,Intersection en X,Normale,Deux véhicules - côté,,,,,,,,,,,1,2,2,1,3
200500072517,0005-11-16 08:45:00,5,11,16,8,45,60,88.0,"0, CASSIN (BD RENE)",,,Plein jour,En agglomération,Hors intersection,Normale,Deux véhicules - côté,,,,,,,,,,,1,2,1,1,3
200500072518,0005-11-16 13:35:00,5,11,16,13,35,60,88.0,"154, CALIFORNIE (AV.) (D",,,Plein jour,En agglomération,Hors intersection,Normale,Deux véhicules - côté,,,,,,,,,,,1,2,1,1,3
200500072519,0005-11-16 14:00:00,5,11,16,14,0,60,88.0,"0, CIMIEZ (BD) A PARTIR",,,Plein jour,En agglomération,Intersection en T,Normale,Autre collision,,,,,,,,,,,1,2,3,1,6
200500072520,0005-11-16 18:00:00,5,11,16,18,0,60,88.0,"0, ANGLAIS PLAGE (N°1 AU",,,Nuit avec éclairage allumé,En agglomération,Hors intersection,Normale,Autre collision,,,,,,,,,,,5,2,1,1,6
200500072521,0005-11-17 08:15:00,5,11,17,8,15,60,159.0,"0, CONDAMINE (AVENUE DE",,,Plein jour,En agglomération,Intersection en Y,Normale,Deux véhicules - côté,,,,,,,,,,,1,2,4,1,3
200500072522,0005-11-17 10:40:00,5,11,17,10,40,60,88.0,"107, ETATS UNIS (QUAI DE",,,Plein jour,En agglomération,Intersection en T,Normale,Autre collision,,,,,,,,,,,1,2,3,1,6
200500072523,0005-11-17 12:50:00,5,11,17,12,50,60,88.0,"116, GAMBETTA (A PARTIR",,,Plein jour,En agglomération,Hors intersection,Normale,Autre collision,,,,,,,,,,,1,2,1,1,6
200500072524,0005-11-17 13:00:00,5,11,17,13,0,60,88.0,"2, JOLY (CORNICHE ANDRE",,,Plein jour,En agglomération,Hors intersection,Normale,Deux véhicules - arrière,,,,,,,,,,,1,2,1,1,2
200500072525,0005-11-18 08:50:00,5,11,18,8,50,60,88.0,"30, PASTEUR (BD)",,,Plein jour,En agglomération,Hors intersection,Normale,Deux véhicules - arrière,,,,,,,,,,,1,2,1,1,2
200500072526,0005-11-18 13:50:00,5,11,18,13,50,60,88.0,"0, COMBOUL (AV. RAYMOND)",,,Plein jour,Hors agglomération,Intersection en X,Normale,Deux véhicules - côté,,,,,,,,,,,1,1,2,1,3
200500072527,0005-11-18 14:00:00,5,11,18,14,0,60,88.0,"02, BIDAULT (AV. GEORGES",,,Plein jour,En agglomération,Hors intersection,Normale,Deux véhicules - frontale,,,,,,,,,,,1,2,1,1,1
200500072528,0005-11-18 15:09:00,5,11,18,15,9,60,88.0,"113, CREMAT (CH. DE)",,,Plein jour,En agglomération,Hors intersection,Normale,Autre collision,,,,,,,,,,,1,2,1,1,6
200500072529,0005-11-18 16:10:00,5,11,18,16,10,60,88.0,"0, TONDUTI-DE-L'ESCARENE",,,Plein jour,En agglomération,Intersection en X,Normale,Deux véhicules - côté,,,,,,,,,,,1,2,2,1,3
200500072530,0005-11-19 12:30:00,5,11,19,12,30,60,88.0,"0, ALBERTI (RUE)",,,Plein jour,En agglomération,Hors intersection,Normale,Autre collision,,,,,,,,,,,1,2,1,1,6
200500072531,0005-11-19 14:20:00,5,11,19,14,20,60,88.0,"0, ANGLAIS PLAGE (DU 265",,,Plein jour,En agglomération,Hors intersection,Normale,Trois véhicules et plus - en chaîne,,,,,,,,,,,1,2,1,1,4
200500072532,0005-11-19 14:35:00,5,11,19,14,35,60,88.0,"8, BUFFA (RUE DE LA)",,,Plein jour,En agglomération,Hors intersection,Normale,Deux véhicules - arrière,,,,,,,,,,,1,2,1,1,2
200500072533,0005-11-20 01:50:00,5,11,20,1,50,60,88.0,"5, ANGLAIS (DU N° 1 AU N",,,Nuit avec éclairage allumé,En agglomération,Hors intersection,Normale,Autre collision,,,,,,,,,,,5,2,1,1,6
200500072534,0005-11-20 13:35:00,5,11,20,13,35,60,88.0,"75, QUAI DES ETATS UNIS",,,Plein jour,En agglomération,Hors intersection,Normale,Deux véhicules - côté,,,,,,,,,,,1,2,1,1,3
200500072535,0005-11-20 18:15:00,5,11,20,18,15,60,88.0,TURIN (RTE DE),,,Nuit avec éclairage allumé,En agglomération,Hors intersection,Normale,Deux véhicules - arrière,,,,,,,,,,,5,2,1,1,2
200500072536,0005-11-20 18:50:00,5,11,20,18,50,60,88.0,"0, ROASSAL (R. CLEMENT)",,,Nuit avec éclairage allumé,En agglomération,Hors intersection,Normale,Autre collision,,,,,,,,,,,5,2,1,1,6
200500072537,0005-11-20 23:30:00,5,11,20,23,30,60,88.0,"71, ANGLAIS (DU N° 45 AU",,,Nuit avec éclairage allumé,En agglomération,Hors intersection,Normale,Autre collision,,,,,,,,,,,5,2,1,1,6
200500072538,0005-11-21 06:00:00,5,11,21,6,0,60,88.0,"0, GRENOBLE (ROUTE DE)",,,Nuit avec éclairage allumé,En agglomération,Giratoire,Normale,Autre collision,,,,,,,,,,,5,2,6,1,6
200500072539,0005-11-21 09:20:00,5,11,21,9,20,60,88.0,MATISSE (AV. HENRI),,,Plein jour,En agglomération,Hors intersection,Pluie légère,Autre collision,,,,,,,,,,,1,2,1,2,6
200500072540,0005-11-21 11:00:00,5,11,21,11,0,60,88.0,"0, VALOMBROSE (AV. DE)",,,Plein jour,En agglomération,Hors intersection,Normale,Deux véhicules - côté,,,,,,,,,,,1,2,1,1,3
200500072541,0005-11-21 18:00:00,5,11,21,18,0,60,88.0,"42, GAMBETTA (JUSQU'AU N",,,Nuit avec éclairage allumé,En agglomération,Hors intersection,Normale,Deux véhicules - côté,,,,,,,,,,,5,2,1,1,3
200500072542,0005-11-21 18:40:00,5,11,21,18,40,60,88.0,"0, CALIFORNIE (AV.) (DU",,,Nuit avec éclairage allumé,En agglomération,Hors intersection,Normale,Deux véhicules - côté,,,,,,,,,,,5,2,1,1,3
200500072543,0005-11-21 18:55:00,5,11,21,18,55,60,88.0,MAGNAN (PL.),,,Nuit avec éclairage allumé,En agglomération,Intersection à plus de 4 branches,Normale,Deux véhicules - côté,,,,,,,,,,,5,2,5,1,3
200500072544,0005-11-22 07:45:00,5,11,22,7,45,60,88.0,"0, JOLY (CORNICHE ANDRE",,,Plein jour,En agglomération,Intersection en Y,Normale,Deux véhicules - côté,,,,,,,,,,,1,2,4,1,3
200500072545,0005-11-22 08:00:00,5,11,22,8,0,60,88.0,"0, PASTEUR (BD)",,,Plein jour,En agglomération,Intersection en X,Normale,Deux véhicules - côté,,,,,,,,,,,1,2,2,1,3
200500072546,0005-11-22 09:40:00,5,11,22,9,40,60,88.0,"0, VILLERMONT (AV.)",,,Plein jour,En agglomération,Intersection en X,Normale,Deux véhicules - côté,,,,,,,,,,,1,2,2,1,3
200500072547,0005-11-22 10:15:00,5,11,22,10,15,60,88.0,COMBOUL (AV. RAYMOND),,,Plein jour,En agglomération,Hors intersection,Normale,Deux véhicules - côté,,,,,,,,,,,1,2,1,1,3
200500072548,0005-11-22 10:50:00,5,11,22,10,50,60,88.0,"218, ANGLAIS (DU N° 114",,,Plein jour,En agglomération,Hors intersection,Normale,Trois véhicules et plus - collisions multiples,,,,,,,,,,,1,2,1,1,5
200500072549,0005-11-22 12:10:00,5,11,22,12,10,60,88.0,"8, RICHELMI (R. DR P.)",,,Plein jour,En agglomération,Hors intersection,Normale,Autre collision,,,,,,,,,,,1,2,1,1,6
200500072550,0005-11-22 19:20:00,5,11,22,19,20,60,88.0,"305, ANGLAIS (DU N° 265",,,Nuit avec éclairage allumé,En agglomération,Hors intersection,Pluie légère,Autre collision,,,,,,,,,,,5,2,1,2,6
200500072551,0005-11-22 18:05:00,5,11,22,18,5,60,88.0,"0, VAUBAN (R. MARECHAL)",,,Nuit avec éclairage allumé,En agglomération,Hors intersection,Normale,Autre collision,,,,,,,,,,,5,2,1,1,6
200500072552,0005-11-23 08:40:00,5,11,23,8,40,60,88.0,"0, ANGLAIS (DU N° 114 AU",,,Plein jour,En agglomération,Intersection en X,Normale,Deux véhicules - arrière,,,,,,,,,,,1,2,2,1,2
200500072553,0005-11-23 09:45:00,5,11,23,9,45,60,88.0,"359, STE MARGUERITE (AV.",,,Plein jour,En agglomération,Hors intersection,Normale,Deux véhicules - côté,,,,,,,,,,,1,2,1,1,3
200500072554,0005-11-23 10:30:00,5,11,23,10,30,60,88.0,"21, ANGLETERRE (RUE D')",,,Plein jour,En agglomération,Hors intersection,Normale,Autre collision,,,,,,,,,,,1,2,1,1,6
200500072555,0005-11-23 12:20:00,5,11,23,12,20,60,88.0,"198, TURIN (RTE DE)",,,Plein jour,En agglomération,Hors intersection,Normale,Deux véhicules - côté,,,,,,,,,,,1,2,1,1,3
200500072556,0005-11-23 19:00:00,5,11,23,19,0,60,88.0,"0, LEPANTE (R. DE)",,,Nuit avec éclairage allumé,En agglomération,Hors intersection,Normale,Deux véhicules - côté,,,,,,,,,,,5,2,1,1,3
200500072557,0005-11-23 20:55:00,5,11,23,20,55,60,88.0,"0, RAYNAUD (BD AUGUSTE)",,,Nuit avec éclairage allumé,En agglomération,Intersection à plus de 4 branches,Normale,Deux véhicules - côté,,,,,,,,,,,5,2,5,1,3
200500072558,0005-11-24 13:20:00,5,11,24,13,20,60,88.0,"6, BLANQUI (PL. AUGUSTE)",,,Plein jour,En agglomération,Hors intersection,Pluie légère,Deux véhicules - côté,,,,,,,,,,,1,2,1,2,3
200500072559,0005-11-24 15:00:00,5,11,24,15,0,60,88.0,"47, GAMBETTA (JUSQU'AU N",,,Plein jour,En agglomération,Hors intersection,Normale,Deux véhicules - arrière,,,,,,,,,,,1,2,1,1,2
200500072560,0005-11-24 17:00:00,5,11,24,17,0,60,88.0,"0, ARSON (RUE)",,,Plein jour,En agglomération,Intersection en X,Normale,Deux véhicules - côté,,,,,,,,,,,1,2,2,1,3
200500072561,0005-11-24 21:50:00,5,11,24,21,50,60,88.0,"0, ROLLAND (AV. ROMAIN)",,,Plein jour,En agglomération,Hors intersection,Normale,Deux véhicules - frontale,,,,,,,,,,,1,2,1,1,1
200500072562,0005-11-24 23:15:00,5,11,24,23,15,60,88.0,"0, FRANCE (R. DE) DU N°",,,Nuit avec éclairage allumé,En agglomération,Intersection en X,Normale,Deux véhicules - côté,,,,,,,,,,,5,2,2,1,3
200500072563,0005-11-25 09:40:00,5,11,25,9,40,60,88.0,"11, MONT-BORON (BD DU) (",,,Plein jour,Hors agglomération,Hors intersection,Normale,Autre collision,,,,,,,,,,,1,1,1,1,6
200500072564,0005-11-25 12:00:00,5,11,25,12,0,60,88.0,"0, VOIE RAPIDE",,,Plein jour,En agglomération,Hors intersection,Normale,Deux véhicules - côté,,,,,,,,,,,1,2,1,1,3
200500072565,0005-11-25 12:30:00,5,11,25,12,30,60,88.0,"28, CARABACEL (BD)",,,Plein jour,En agglomération,Hors intersection,Normale,Autre collision,,,,,,,,,,,1,2,1,1,6
200500072566,0005-11-25 12:45:00,5,11,25,12,45,60,88.0,"0, HUGO (BD VICTOR)",,,Plein jour,En agglomération,Hors intersection,Normale,Autre collision,,,,,,,,,,,1,2,1,1,6
200500072567,0005-11-25 13:20:00,5,11,25,13,20,60,88.0,"17, FODERE (R. ET IMP.)",,,Plein jour,En agglomération,Hors intersection,Normale,Autre collision,,,,,,,,,,,1,2,1,1,6
200500072568,0005-11-25 13:30:00,5,11,25,13,30,60,88.0,"0, GUYNEMER (PL.)",,,Plein jour,En agglomération,Hors intersection,Normale,Deux véhicules - côté,,,,,,,,,,,1,2,1,1,3
200500072569,0005-11-25 18:25:00,5,11,25,18,25,60,88.0,"0, CALIFORNIE (AV.) (DU",,,Nuit avec éclairage allumé,En agglomération,Intersection en X,Normale,Deux véhicules - côté,,,,,,,,,,,5,2,2,1,3
200500072570,0005-11-25 21:20:00,5,11,25,21,20,60,88.0,"0, VOIE RAPIDE",,,Nuit avec éclairage allumé,En agglomération,Hors intersection,Normale,Deux véhicules - arrière,,,,,,,,,,,5,2,1,1,2
200500072571,0005-11-26 01:20:00,5,11,26,1,20,60,88.0,"0, DALPOZZO (RUE)",,,Nuit avec éclairage allumé,En agglomération,Intersection en X,Normale,Deux véhicules - côté,,,,,,,,,,,5,2,2,1,3
200500072572,0005-11-26 12:50:00,5,11,26,12,50,60,88.0,PENETRANTE DU PAILLON,,,Plein jour,En agglomération,Hors intersection,Normale,Autre collision,,,,,,,,,,,1,2,1,1,6
200500072573,0005-11-27 15:45:00,5,11,27,15,45,60,88.0,"91, CALIFORNIE (AV.) (DU",,,Plein jour,En agglomération,Hors intersection,Normale,Deux véhicules - arrière,,,,,,,,,,,1,2,1,1,2
200500072574,0005-11-27 17:15:00,5,11,27,17,15,60,88.0,"0, ARENE (AV. PAUL)",,,Crépuscule ou aube,En agglomération,Hors intersection,Normale,Autre collision,,,,,,,,,,,2,2,1,1,6
200500072575,0005-11-27 17:20:00,5,11,27,17,20,60,88.0,"65, GINESTIERE (ANC. CH",,,Nuit avec éclairage allumé,En agglomération,Hors intersection,Normale,Deux véhicules - frontale,,,,,,,,,,,5,2,1,1,1
200500072576,0005-11-28 05:30:00,5,11,28,5,30,60,88.0,"33, LEPANTE (R. DE)",,,Nuit avec éclairage allumé,En agglomération,Hors intersection,Normale,Autre collision,,,,,,,,,,,5,2,1,1,6
200500072577,0005-11-28 08:20:00,5,11,28,8,20,60,88.0,"28, JAURES (BD JEAN)",,,Plein jour,En agglomération,Hors intersection,Normale,Autre collision,,,,,,,,,,,1,2,1,1,6
200500072578,0005-11-28 10:25:00,5,11,28,10,25,60,88.0,"0, CARABACEL (BD)",,,Plein jour,En agglomération,Hors intersection,Normale,Deux véhicules - arrière,,,,,,,,,,,1,2,1,1,2
200500072579,0005-11-28 11:50:00,5,11,28,11,50,60,88.0,"0, VIGNY (AV. IMP. ALFRE",,,Plein jour,En agglomération,Intersection en X,Normale,Deux véhicules - côté,,,,,,,,,,,1,2,2,1,3
200500072580,0005-11-28 16:30:00,5,11,28,16,30,60,88.0,"37, CARABACEL (BD)",,,Crépuscule ou aube,En agglomération,Hors intersection,Normale,Sans collision,,,,,,,,,,,2,2,1,1,7
200500072581,0005-11-29 08:00:00,5,11,29,8,0,60,88.0,"0, ANGLAIS PLAGE (DU 265",,,Plein jour,En agglomération,Autre intersection,Pluie légère,Autre collision,,,,,,,,,,,1,2,9,2,6
200500072582,0005-11-29 08:24:00,5,11,29,8,24,60,159.0,NAPOLEON III (BOULEVARD),,,Plein jour,En agglomération,Hors intersection,Pluie légère,Autre collision,,,,,,,,,,,1,2,1,2,6
200500072583,0005-11-29 09:30:00,5,11,29,9,30,60,88.0,"55, STE MARGUERITE (AV.)",,,Plein jour,En agglomération,Hors intersection,Normale,Autre collision,,,,,,,,,,,1,2,1,1,6
200500072584,0005-11-29 10:50:00,5,11,29,10,50,60,88.0,"08, GALLIENI (AV.)",,,Plein jour,En agglomération,Hors intersection,Normale,Autre collision,,,,,,,,,,,1,2,1,1,6
200500072585,0005-11-29 15:30:00,5,11,29,15,30,60,88.0,"0, RISSO (BD)",,,Plein jour,En agglomération,Hors intersection,Normale,Deux véhicules - arrière,,,,,,,,,,,1,2,1,1,2
200500072586,0005-11-29 16:26:00,5,11,29,16,26,60,88.0,"236, FABRON (AV. DE) (A",,,Plein jour,En agglomération,Hors intersection,Pluie légère,Autre collision,,,,,,,,,,,1,2,1,2,6
200500072587,0005-11-30 07:00:00,5,11,30,7,0,60,88.0,"0, RAYNAUD (BD AUGUSTE)",,,Plein jour,En agglomération,Intersection en X,Normale,Deux véhicules - côté,,,,,,,,,,,1,2,2,1,3
200500072588,0005-11-30 08:45:00,5,11,30,8,45,60,88.0,"123, GAMBETTA (A PARTIR",,,Plein jour,En agglomération,Hors intersection,Normale,Deux véhicules - côté,,,,,,,,,,,1,2,1,1,3
200500072589,0005-11-30 11:50:00,5,11,30,11,50,60,88.0,"0, PELLOS (R. FRANCOIS)",,,Plein jour,En agglomération,Intersection en X,Normale,Autre collision,,,,,,,,,,,1,2,2,1,6
200500072590,0005-11-30 12:45:00,5,11,30,12,45,60,88.0,"0, RIMIEZ (AV. DE)",,,Plein jour,En agglomération,Intersection en X,Normale,Deux véhicules - côté,,,,,,,,,,,1,2,2,1,3
200500072591,0005-11-30 12:50:00,5,11,30,12,50,60,88.0,"0, GIOFFREDO (R.)",,,Plein jour,En agglomération,Intersection en T,Normale,Deux véhicules - côté,,,,,,,,,,,1,2,3,1,3
200500072592,0005-11-11 14:55:00,5,11,11,14,55,70,10.0,ALPES (RUE DES),,,Plein jour,En agglomération,Giratoire,Normale,Deux véhicules - côté,,,,,,,,,,,1,2,6,1,3
200500072593,0005-11-07 16:30:00,5,11,7,16,30,70,102.0,"12, Jean MOULIN (Rue)",,,Plein jour,En agglomération,Hors intersection,Normale,Deux véhicules - côté,,,,,,,,,,,1,2,1,1,3
200500072594,0005-11-04 13:30:00,5,11,4,13,30,80,105.0,ARCHES (PLACE),,,Plein jour,En agglomération,Hors intersection,Normale,Deux véhicules - frontale,,,,,,,,,,,1,2,1,1,1
200500072595,0005-11-05 15:20:00,5,11,5,15,20,80,105.0,"83, ROUSSEAU J.J.",,,Plein jour,En agglomération,Hors intersection,Pluie légère,Autre collision,,,,,,,,,,,1,2,1,2,6
200500072596,0005-11-09 19:00:00,5,11,9,19,0,80,105.0,ARCHES (AVENUE),,,Nuit avec éclairage allumé,En agglomération,Intersection en X,Normale,Deux véhicules - côté,,,,,,,,,,,5,2,2,1,3
200500072597,0005-11-21 19:40:00,5,11,21,19,40,80,105.0,"25, LECLERC AVENUE",,,Nuit avec éclairage allumé,En agglomération,Hors intersection,Normale,Autre collision,,,,,,,,,,,5,2,1,1,6
200500072598,0005-11-26 18:25:00,5,11,26,18,25,80,105.0,"7bis, FERROUL",,,Nuit avec éclairage allumé,En agglomération,Hors intersection,Neige / grêle,Autre collision,,,,,,,,,,,5,2,1,4,6
200500072599,0005-11-13 17:50:00,5,11,13,17,50,80,409.0,MARNE (AVENUE DE LA),,,Nuit sans éclairage public,En agglomération,Autre intersection,Normale,Deux véhicules - côté,,,,,,,,,,,3,2,9,1,3
200500072600,0005-11-16 16:55:00,5,11,16,16,55,80,409.0,"51, PHILIPPOTEAUX (AVENU",,,Crépuscule ou aube,En agglomération,Autre intersection,Pluie légère,Autre collision,,,,,,,,,,,2,2,9,2,6
200500072601,0005-11-03 17:33:00,5,11,3,17,33,90,122.0,"01, PONT ECHO (RUE DU)",,,Crépuscule ou aube,En agglomération,Intersection en T,Normale,Deux véhicules - côté,,,,,,,,,,,2,2,3,1,3
200500072602,0005-11-10 11:00:00,5,11,10,11,0,90,122.0,"5, RESISTANCE (AVENUE DE",,,Plein jour,En agglomération,Hors intersection,Pluie légère,Sans collision,,,,,,,,,,,1,2,1,2,7
200500072603,0005-11-22 18:15:00,5,11,22,18,15,90,122.0,"61bis, LECLERC (AVENUE D",,,Crépuscule ou aube,En agglomération,Hors intersection,Normale,Sans collision,,,,,,,,,,,2,2,1,1,7
200500072604,0005-11-06 03:45:00,5,11,6,3,45,90,225.0,LAS PARETS LIEU DIT,,,Nuit sans éclairage public,Hors agglomération,Hors intersection,Normale,Autre collision,,,,,,,,,,,3,1,1,1,6
200500072605,0005-11-30 12:20:00,5,11,30,12,20,90,225.0,"00, VICARIA ROUTE DE",,,Plein jour,En agglomération,Intersection en T,Normale,Deux véhicules - côté,,,,,,,,,,,1,2,3,1,3
200500072606,0005-11-13 01:40:00,5,11,13,1,40,100,362.0,"79, PAUL DOUMER (RUE)",,,Nuit avec éclairage allumé,En agglomération,Hors intersection,Normale,Autre collision,,,,,,,,,,,5,2,1,1,6
200500072607,0005-11-10 14:00:00,5,11,10,14,0,100,81.0,"000, PENETRANTE NORD",,,Plein jour,En agglomération,Hors intersection,Normale,Autre collision,,,,,,,,,,,1,2,1,1,6
200500072608,0005-11-14 15:05:00,5,11,14,15,5,100,387.0,"000, ETIENNE PEDRON (RUE",,,Plein jour,En agglomération,Intersection en X,Normale,Deux véhicules - côté,,,,,,,,,,,1,2,2,1,3
200500072609,0005-11-14 18:50:00,5,11,14,18,50,100,387.0,"6, CARNOT (RUE)",,,Nuit avec éclairage allumé,En agglomération,Hors intersection,Normale,Deux véhicules - côté,,,,,,,,,,,5,2,1,1,3
200500072610,0005-11-14 12:25:00,5,11,14,12,25,100,357.0,GENERAL DE GAULLE (RUE D,,,Plein jour,En agglomération,Intersection en X,Normale,Deux véhicules - côté,,,,,,,,,,,1,2,2,1,3
200500072611,0005-11-15 14:55:00,5,11,15,14,55,100,387.0,"000, REPUBLIQUE (RUE DE",,,Plein jour,En agglomération,Hors intersection,Normale,Autre collision,,,,,,,,,,,1,2,1,1,6
200500072612,0005-11-21 17:50:00,5,11,21,17,50,100,81.0,"000, ROCADE OUEST",,,Nuit avec éclairage allumé,En agglomération,Hors intersection,Normale,Trois véhicules et plus - collisions multiples,,,,,,,,,,,5,2,1,1,5
200500072613,0005-11-19 10:50:00,5,11,19,10,50,100,343.0,"000, DIJON (RUE DE)",,,Nuit sans éclairage public,En agglomération,Intersection en X,Normale,Deux véhicules - côté,,,,,,,,,,,3,2,2,1,3
200500072614,0005-11-19 17:30:00,5,11,19,17,30,100,343.0,"000, PHILIPPATS (RUE)",,,Nuit avec éclairage allumé,Hors agglomération,Intersection en X,Normale,Deux véhicules - côté,,,,,,,,,,,5,1,2,1,3
200500072615,0005-11-26 16:10:00,5,11,26,16,10,100,343.0,"000, ARISTIDE BRIAND (RU",,,Plein jour,En agglomération,Intersection en T,Pluie légère,Deux véhicules - côté,,,,,,,,,,,1,2,3,2,3
200500072616,0005-11-22 12:50:00,5,11,22,12,50,100,387.0,"000, VOULDY (CHAUSSEE DU",,,Plein jour,En agglomération,Hors intersection,Normale,Autre collision,,,,,,,,,,,1,2,1,1,6
200500072617,0005-11-26 09:30:00,5,11,26,9,30,100,387.0,"000, GEORGES POMPIDOU (R",,,Plein jour,En agglomération,Hors intersection,Normale,Deux véhicules - côté,,,,,,,,,,,1,2,1,1,3
200500072618,0005-11-24 15:40:00,5,11,24,15,40,100,357.0,RD 172 (ROUTE DE BAIRES),,,Plein jour,En agglomération,Intersection en T,Normale,Deux véhicules - côté,,,,,,,,,,,1,2,3,1,3
200500072619,0005-11-23 19:55:00,5,11,23,19,55,100,81.0,MARGUERITE YOURCENAR (RU,,,Nuit avec éclairage allumé,En agglomération,Intersection en T,Normale,Deux véhicules - côté,,,,,,,,,,,5,2,3,1,3
200500072620,0005-11-24 12:25:00,5,11,24,12,25,100,387.0,"171, PREIZE (RUE DE)",,,Plein jour,En agglomération,Hors intersection,Normale,Autre collision,,,,,,,,,,,1,2,1,1,6
200500072621,0005-11-25 18:25:00,5,11,25,18,25,100,343.0,"000, BAIRES (RUE)",,,Nuit sans éclairage public,En agglomération,Hors intersection,Normale,Sans collision,,,,,,,,,,,3,2,1,1,7
200500072622,0005-11-30 07:15:00,5,11,30,7,15,100,60.0,GENERAL LECLERC (RUE DU),,,Crépuscule ou aube,En agglomération,Intersection en T,Autre,Deux véhicules - côté,,,,,,,,,,,2,2,3,9,3
200500072623,0005-11-12 13:30:00,5,11,12,13,30,110,69.0,"7, IENA -ALLEE D'- N° IM",,,Plein jour,En agglomération,Intersection en T,Pluie légère,Deux véhicules - côté,,,,,,,,,,,1,2,3,2,3
200500072624,0005-11-18 12:10:00,5,11,18,12,10,110,69.0,"9, ICHE RENE",,,Plein jour,En agglomération,Hors intersection,Normale,Deux véhicules - côté,,,,,,,,,,,1,2,1,1,3
200500072625,0005-11-22 19:42:00,5,11,22,19,42,110,69.0,MAGINOT ANDRE -AVENUE-,,,Nuit avec éclairage allumé,En agglomération,Intersection en T,Normale,Deux véhicules - frontale,,,,,,,,,,,5,2,3,1,1
200500072626,0005-11-05 19:49:00,5,11,5,19,49,110,76.0,NATIONALE (ROUTE) RN113,,,Nuit sans éclairage public,Hors agglomération,Hors intersection,Normale,Deux véhicules - frontale,,,,,,,,,,,3,1,1,1,1
200500072627,0005-11-18 19:50:00,5,11,18,19,50,110,262.0,"40, FRANCE (AVENUE ANATO",,,Nuit avec éclairage allumé,En agglomération,Intersection en Y,Normale,Deux véhicules - côté,,,,,,,,,,,5,2,4,1,3
200500072628,0005-11-21 17:00:00,5,11,21,17,0,110,262.0,"51, GAMBETTA (BOULEVARD)",,,Plein jour,En agglomération,Hors intersection,Normale,Autre collision,,,,,,,,,,,1,2,1,1,6
200500072629,0005-11-07 10:55:00,5,11,7,10,55,120,145.0,"42, DROITE",,,Plein jour,En agglomération,Hors intersection,Normale,Autre collision,,,,,,,,,,,1,2,1,1,6
200500072630,0005-11-12 19:25:00,5,11,12,19,25,120,145.0,JAURES JEAN (AVENUE),,,Nuit avec éclairage allumé,En agglomération,Hors intersection,Pluie légère,Autre collision,,,,,,,,,,,5,2,1,2,6
200500072631,0005-11-07 17:55:00,5,11,7,17,55,120,176.0,"40, CAPUCINES (BOULEVARD",,,Crépuscule ou aube,En agglomération,Intersection en T,Pluie légère,Deux véhicules - côté,,,,,,,,,,,2,2,3,2,3
200500072632,0005-11-09 18:35:00,5,11,9,18,35,120,202.0,SAINT PIERRE (ROUTE DE),,,Crépuscule ou aube,En agglomération,Hors intersection,Normale,Deux véhicules - frontale,,,,,,,,,,,2,2,1,1,1
200500072633,0005-11-28 16:40:00,5,11,28,16,40,120,202.0,"3, FRANCOIS FABIE (BOULE",,,Plein jour,En agglomération,Hors intersection,Temps couvert,Autre collision,,,,,,,,,,,1,2,1,8,6
200500072634,0005-11-02 17:09:00,5,11,2,17,9,130,1.0,"33, BRIAND ARISTIDE (BD)",,,Plein jour,En agglomération,Hors intersection,Normale,Deux véhicules - côté,,,,,,,,,,,1,2,1,1,3
200500072635,0005-11-06 19:00:00,5,11,6,19,0,130,1.0,GALICE (RTE DE),,,Nuit avec éclairage allumé,En agglomération,Autre intersection,Normale,Deux véhicules - côté,,,,,,,,,,,5,2,9,1,3
200500072636,0005-11-10 14:05:00,5,11,10,14,5,130,1.0,"20, REPUBLIQUE (BD DE LA",,,Plein jour,En agglomération,Hors intersection,Normale,Deux véhicules - côté,,,,,,,,,,,1,2,1,1,3
200500072637,0005-11-12 11:00:00,5,11,12,11,0,130,1.0,VAIR GUILLAUME DU (RUE),,,Plein jour,En agglomération,Hors intersection,Pluie légère,Deux véhicules - côté,,,,,,,,,,,1,2,1,2,3
200500072638,0005-11-10 19:40:00,5,11,10,19,40,130,1.0,"20, ST LOUIS (COURS)",,,Nuit avec éclairage allumé,En agglomération,Hors intersection,Normale,Deux véhicules - arrière,,,,,,,,,,,5,2,1,1,2
200500072639,0005-11-08 20:20:00,5,11,8,20,20,130,1.0,"08, BONAPARTE NAPOLEON(A",,,Nuit avec éclairage allumé,En agglomération,Hors intersection,Normale,Deux véhicules - côté,,,,,,,,,,,5,2,1,1,3
200500072640,0005-11-14 17:40:00,5,11,14,17,40,130,1.0,RD9,,,Nuit sans éclairage public,Hors agglomération,Hors intersection,Temps couvert,Trois véhicules et plus - en chaîne,,,,,,,,,,,3,1,1,8,4
200500072641,0005-11-14 05:55:00,5,11,14,5,55,130,1.0,"40, DE LATTRE DE TASSIGN",,,Nuit avec éclairage allumé,En agglomération,Hors intersection,Normale,Deux véhicules - arrière,,,,,,,,,,,5,2,1,1,2
200500072642,0005-11-25 12:15:00,5,11,25,12,15,130,1.0,R.N 296,,,Plein jour,Hors agglomération,Hors intersection,Normale,Deux véhicules - arrière,,,,,,,,,,,1,1,1,1,2