accident_id,datetime,annee,mois,jour,heure,minute,departement,commune_insee,adresse,latitude,longitude,luminosite,agglomeration,intersection,meteo,collision,nb_vehicules,nb_usagers,nb_indemnes,nb_tues,nb_blesses_hosp,nb_blesses_legers,age_cond_1,age_cond_2,veh_type_cond_1,veh_type_cond_2,lum_code,agg_code,int_code,atm_code,col_code
200500072899,0005-11-05 02:15:00,5,11,5,2,15,140,118.0,ECHANGEUR N° 6 ( VALLEE,,,Nuit avec éclairage allumé,En agglomération,Hors intersection,Pluie légère,Autre collision,,,,,,,,,,,5,2,1,2,6
200500072900,0005-11-04 17:40:00,5,11,4,17,40,140,437.0,PARIS (ROUTE DE),,,Nuit avec éclairage allumé,En agglomération,Hors intersection,Normale,Deux véhicules - arrière,,,,,,,,,,,5,2,1,1,2
200500072901,0005-11-09 17:45:00,5,11,9,17,45,140,118.0,AUTHIE (>=N° 106 PAIRS /,,,Crépuscule ou aube,En agglomération,Hors intersection,Temps couvert,Sans collision,,,,,,,,,,,2,2,1,8,7
200500072902,0005-11-15 18:25:00,5,11,15,18,25,140,118.0,"0, ROUTE DE LION",,,Nuit avec éclairage allumé,En agglomération,Hors intersection,Pluie légère,Autre collision,,,,,,,,,,,5,2,1,2,6
200500072903,0005-11-15 11:30:00,5,11,15,11,30,140,327.0,"0, GAULLE (AVENUE DU GEN",,,Plein jour,En agglomération,Intersection en X,Pluie légère,Deux véhicules - côté,,,,,,,,,,,1,2,2,2,3
200500072904,0005-11-17 09:30:00,5,11,17,9,30,140,118.0,"70, GALIENI (RUE MARECHA",,,Plein jour,En agglomération,Hors intersection,Normale,Autre collision,,,,,,,,,,,1,2,1,1,6
200500072905,0005-11-18 11:55:00,5,11,18,11,55,140,327.0,"521, PAIX (BOULEVARD DE",,,Plein jour,En agglomération,Hors intersection,Normale,Autre collision,,,,,,,,,,,1,2,1,1,6
200500072906,0005-11-18 16:20:00,5,11,18,16,20,140,118.0,"2, CHARLEMAGNE (AVENUE)",,,Plein jour,En agglomération,Hors intersection,Normale,Autre collision,,,,,,,,,,,1,2,1,1,6
200500072907,0005-11-24 07:45:00,5,11,24,7,45,140,118.0,FALAISE (RUE DE  <=90 PA,,,Crépuscule ou aube,En agglomération,Intersection en X,Normale,Deux véhicules - côté,,,,,,,,,,,2,2,2,1,3
200500072908,0005-11-25 08:20:00,5,11,25,8,20,140,437.0,RN N° 13,,,Plein jour,En agglomération,Hors intersection,Neige / grêle,Autre collision,,,,,,,,,,,1,2,1,4,6
200500072909,0005-11-29 17:50:00,5,11,29,17,50,140,341.0,"0, CAEN (RUE DE)",,,Nuit avec éclairage allumé,En agglomération,Hors intersection,Pluie forte,Deux véhicules - côté,,,,,,,,,,,5,2,1,3,3
200500072910,0005-11-05 11:50:00,5,11,5,11,50,150,14.0,"84, GAULLE (AVENUE CHARL",,,Plein jour,Hors agglomération,Hors intersection,Normale,Autre collision,,,,,,,,,,,1,1,1,1,6
200500072911,0005-11-17 11:25:00,5,11,17,11,25,150,12.0,"20, LECLERC (AVENUE DU G",,,Plein jour,En agglomération,Intersection en T,Temps éblouissant,Autre collision,,,,,,,,,,,1,2,3,7,6
200500072912,0005-11-22 07:40:00,5,11,22,7,40,150,14.0,"1, GUTENBERG (RUE)",,,Crépuscule ou aube,En agglomération,Giratoire,Normale,Autre collision,,,,,,,,,,,2,2,6,1,6
200500072913,0005-11-03 16:05:00,5,11,3,16,5,160,291.0,"0, PONT NEUF (RUE DU)",,,Plein jour,En agglomération,Hors intersection,Normale,Deux véhicules - arrière,,,,,,,,,,,1,2,1,1,2
200500072914,0005-11-14 07:15:00,5,11,14,7,15,160,15.0,"199, SAINTES (RUE DE)",,,Crépuscule ou aube,En agglomération,Intersection en X,Normale,Deux véhicules - côté,,,,,,,,,,,2,2,2,1,3
200500072915,0005-11-13 14:35:00,5,11,13,14,35,160,113.0,"62, GARE (AVENUE DE LA)",,,Plein jour,En agglomération,Hors intersection,Pluie légère,Sans collision,,,,,,,,,,,1,2,1,2,7
200500072916,0005-11-18 12:50:00,5,11,18,12,50,160,358.0,SAINT-JEAN-D'ANGELY (ROU,,,Plein jour,En agglomération,Intersection en T,Normale,Deux véhicules - arrière,,,,,,,,,,,1,2,3,1,2
200500072917,0005-11-18 13:25:00,5,11,18,13,25,160,15.0,"12, BESSON BEY (BOULEVAR",,,Plein jour,En agglomération,Hors intersection,Normale,Autre collision,,,,,,,,,,,1,2,1,1,6
200500072918,0005-11-25 20:20:00,5,11,25,20,20,160,15.0,"327, BORDEAUX (ROUTE DE",,,Nuit avec éclairage allumé,En agglomération,Hors intersection,Pluie légère,Deux véhicules - côté,,,,,,,,,,,5,2,1,2,3
200500072919,0005-11-04 20:45:00,5,11,4,20,45,160,102.0,"76, DENFERT ROCHEREAU (B",,,Nuit avec éclairage allumé,En agglomération,Hors intersection,Normale,Deux véhicules - côté,,,,,,,,,,,5,2,1,1,3
200500072920,0005-11-12 14:45:00,5,11,12,14,45,170,299.0,"172990204, LA FAYETTE RU",,,Plein jour,En agglomération,Intersection en X,Pluie légère,Deux véhicules - côté,,,,,,,,,,,1,2,2,2,3
200500072921,0005-11-19 22:40:00,5,11,19,22,40,170,449.0,"174490044, SAINTONGE AVE",,,Nuit avec éclairage allumé,En agglomération,Intersection à plus de 4 branches,Normale,Deux véhicules - côté,,,,,,,,,,,5,2,5,1,3
200500072922,0005-11-21 07:20:00,5,11,21,7,20,170,299.0,"172990365, VERCORS BD DU",,,Nuit avec éclairage allumé,En agglomération,Hors intersection,Normale,Sans collision,,,,,,,,,,,5,2,1,1,7
200500072923,0005-11-21 16:35:00,5,11,21,16,35,170,449.0,"174490005, AUNIS AVENUE",,,Plein jour,En agglomération,Hors intersection,Normale,Deux véhicules - côté,,,,,,,,,,,1,2,1,1,3
200500072924,0005-11-26 15:15:00,5,11,26,15,15,170,299.0,"172990121, DE GAULLE AVE",,,Plein jour,En agglomération,Hors intersection,Normale,Deux véhicules - côté,,,,,,,,,,,1,2,1,1,3
200500072925,0005-11-04 11:50:00,5,11,4,11,50,170,291.0,"04, JUSTICES  RUE DU MOU",,,Plein jour,En agglomération,Hors intersection,Normale,Deux véhicules - arrière,,,,,,,,,,,1,2,1,1,2
200500072926,0005-11-07 08:05:00,5,11,7,8,5,170,200.0,MOISY   AVENUE DU RECTEU,,,Plein jour,En agglomération,Hors intersection,Pluie légère,Autre collision,,,,,,,,,,,1,2,1,2,6
200500072927,0005-11-07 12:45:00,5,11,7,12,45,170,300.0,"73, POINCARE   AVENUE RA",,,Plein jour,En agglomération,Hors intersection,Pluie légère,Deux véhicules - frontale,,,,,,,,,,,1,2,1,2,1
200500072928,0005-11-08 18:15:00,5,11,8,18,15,170,300.0,"001, NORMANDIN   RUE EMI",,,Plein jour,En agglomération,Intersection en T,Normale,Autre collision,,,,,,,,,,,1,2,3,1,6
200500072929,0005-11-09 07:45:00,5,11,9,7,45,170,300.0,"56, FETILLY   AVENUE DE",,,Nuit avec éclairage allumé,En agglomération,Hors intersection,Normale,Sans collision,,,,,,,,,,,5,2,1,1,7
200500072930,0005-11-09 12:55:00,5,11,9,12,55,170,300.0,"00, COLMAR   AVENUE DE",,,Plein jour,En agglomération,Hors intersection,Normale,Autre collision,,,,,,,,,,,1,2,1,1,6
200500072931,0005-11-09 18:00:00,5,11,9,18,0,170,28.0,"02, QUATORZE JUILLET   R",,,Nuit avec éclairage allumé,En agglomération,Hors intersection,Normale,Deux véhicules - côté,,,,,,,,,,,5,2,1,1,3
200500072932,0005-11-15 17:45:00,5,11,15,17,45,170,300.0,114 PK RN137 JUSTICE ROC,,,Nuit sans éclairage public,Hors agglomération,Hors intersection,Normale,Trois véhicules et plus - en chaîne,,,,,,,,,,,3,1,1,1,4
200500072933,0005-11-17 09:05:00,5,11,17,9,5,170,274.0,"80, CHATEAU   RUE DU",,,Plein jour,En agglomération,Hors intersection,Normale,Trois véhicules et plus - en chaîne,,,,,,,,,,,1,2,1,1,4
200500072934,0005-11-17 13:20:00,5,11,17,13,20,170,300.0,"001, MOULINETTE   RUE DE",,,Plein jour,En agglomération,Intersection en T,Normale,Deux véhicules - côté,,,,,,,,,,,1,2,3,1,3
200500072935,0005-11-17 13:50:00,5,11,17,13,50,170,300.0,"15, CORDOUAN   RUE DU",,,Plein jour,En agglomération,Intersection en X,Normale,Deux véhicules - côté,,,,,,,,,,,1,2,2,1,3
200500072936,0005-11-19 03:10:00,5,11,19,3,10,170,300.0,"68, ROBINET   AVENUE LEO",,,Nuit avec éclairage allumé,En agglomération,Hors intersection,Normale,Autre collision,,,,,,,,,,,5,2,1,1,6
200500072937,0005-11-20 14:15:00,5,11,20,14,15,170,200.0,"2, HUIT MAI 1945   AVENU",,,Plein jour,En agglomération,Hors intersection,Normale,Deux véhicules - frontale,,,,,,,,,,,1,2,1,1,1
200500072938,0005-11-20 21:15:00,5,11,20,21,15,170,300.0,GRANDES VARENNES   AVENU,,,Nuit avec éclairage allumé,En agglomération,Hors intersection,Normale,Deux véhicules - frontale,,,,,,,,,,,5,2,1,1,1
200500072939,0005-11-21 08:30:00,5,11,21,8,30,170,300.0,"00, CRAPAUDIERES   AVENU",,,Plein jour,En agglomération,Hors intersection,Normale,Deux véhicules - côté,,,,,,,,,,,1,2,1,1,3
200500072940,0005-11-21 16:30:00,5,11,21,16,30,170,300.0,"001, ONZE NOVEMBRE 1918",,,Plein jour,En agglomération,Giratoire,Normale,Autre collision,,,,,,,,,,,1,2,6,1,6
200500072941,0005-11-22 13:10:00,5,11,22,13,10,170,300.0,JOFFRE   BOULEVARD (1/25,,,Plein jour,En agglomération,Hors intersection,Normale,Deux véhicules - arrière,,,,,,,,,,,1,2,1,1,2
200500072942,0005-11-22 16:30:00,5,11,22,16,30,170,300.0,JUSTICES   RUE DU MOULIN,,,Plein jour,En agglomération,Intersection en T,Normale,Deux véhicules - frontale,,,,,,,,,,,1,2,3,1,1
200500072943,0005-11-22 17:30:00,5,11,22,17,30,170,300.0,"72, GUITON   AVENUE JEAN",,,Plein jour,En agglomération,Hors intersection,Normale,Deux véhicules - côté,,,,,,,,,,,1,2,1,1,3
200500072944,0005-11-22 19:45:00,5,11,22,19,45,170,300.0,"00, CORSAIRES   AVENUE D",,,Nuit avec éclairage allumé,En agglomération,Intersection en X,Normale,Deux véhicules - côté,,,,,,,,,,,5,2,2,1,3
200500072945,0005-11-22 16:20:00,5,11,22,16,20,170,300.0,"188, LACROIX   RUE MARIU",,,Plein jour,En agglomération,Hors intersection,Normale,Deux véhicules - arrière,,,,,,,,,,,1,2,1,1,2
200500072946,0005-11-23 09:15:00,5,11,23,9,15,170,300.0,SARTRE   AVENUE JEAN-PAU,,,Plein jour,En agglomération,Hors intersection,Normale,Autre collision,,,,,,,,,,,1,2,1,1,6
200500072947,0005-11-23 20:10:00,5,11,23,20,10,170,300.0,"24, SIMENON   QUAI GEORG",,,Nuit avec éclairage allumé,En agglomération,Hors intersection,Normale,Autre collision,,,,,,,,,,,5,2,1,1,6
200500072948,0005-11-25 13:16:00,5,11,25,13,16,170,300.0,"00, GRANDES GUIARDES   A",,,Plein jour,En agglomération,Hors intersection,Normale,Deux véhicules - côté,,,,,,,,,,,1,2,1,1,3
200500072949,0005-11-26 15:25:00,5,11,26,15,25,170,300.0,"269, GUITON   AVENUE JEA",,,Plein jour,En agglomération,Hors intersection,Normale,Deux véhicules - frontale,,,,,,,,,,,1,2,1,1,1
200500072950,0005-11-18 09:25:00,5,11,18,9,25,170,300.0,SCIERIE   RUE DE LA,,,Plein jour,En agglomération,Intersection en X,Pluie légère,Deux véhicules - côté,,,,,,,,,,,1,2,2,2,3
200500072951,0005-11-28 12:10:00,5,11,28,12,10,170,291.0,01 PK RN237 MOULIN JUSTI,,,Plein jour,Hors agglomération,Hors intersection,Normale,Deux véhicules - arrière,,,,,,,,,,,1,1,1,1,2
200500072952,0005-11-29 15:25:00,5,11,29,15,25,170,28.0,"21, LYSIACK   AVENUE DU",,,Plein jour,En agglomération,Hors intersection,Normale,Deux véhicules - arrière,,,,,,,,,,,1,2,1,1,2
200500072953,0005-11-30 07:30:00,5,11,30,7,30,170,300.0,LECLERC   AVENUE DU GENE,,,Nuit avec éclairage allumé,En agglomération,Intersection en X,Pluie légère,Deux véhicules - côté,,,,,,,,,,,5,2,2,2,3
200500072954,0005-11-30 15:40:00,5,11,30,15,40,170,300.0,BRUXELLES   ALLEE DE,,,Plein jour,En agglomération,Intersection en X,Normale,Deux véhicules - côté,,,,,,,,,,,1,2,2,1,3
200500072955,0005-11-17 16:10:00,5,11,17,16,10,170,300.0,"15, RONDEAU   BOULEVARD",,,Plein jour,En agglomération,Hors intersection,Normale,Autre collision,,,,,,,,,,,1,2,1,1,6
200500072956,0005-11-23 17:15:00,5,11,23,17,15,170,300.0,CORSAIRES   AVENUE DES (,,,Plein jour,En agglomération,Hors intersection,Normale,Deux véhicules - côté,,,,,,,,,,,1,2,1,1,3
200500072957,0005-11-25 15:40:00,5,11,25,15,40,170,300.0,"00, SAINT-LOUIS   RUE",,,Plein jour,En agglomération,Intersection en X,Normale,Deux véhicules - côté,,,,,,,,,,,1,2,2,1,3
200500072958,0005-11-06 15:40:00,5,11,6,15,40,170,306.0,"0, CHAY (DU)",,,Plein jour,En agglomération,Hors intersection,Normale,Autre collision,,,,,,,,,,,1,2,1,1,6
200500072959,0005-11-08 14:55:00,5,11,8,14,55,170,461.0,"0, DE GAULLE (BOULEVARD",,,Plein jour,En agglomération,Intersection en T,Normale,Autre collision,,,,,,,,,,,1,2,3,1,6
200500072960,0005-11-20 09:30:00,5,11,20,9,30,170,461.0,"0, DE GAULLE (BOULEVARD",,,Crépuscule ou aube,En agglomération,Hors intersection,Normale,Deux véhicules - côté,,,,,,,,,,,2,2,1,1,3
200500072961,0005-11-02 18:20:00,5,11,2,18,20,170,415.0,ROUTE NATIONALE 141,,,Crépuscule ou aube,Hors agglomération,Intersection en T,Normale,Autre collision,,,,,,,,,,,2,1,3,1,6
200500072962,0005-11-04 07:40:00,5,11,4,7,40,170,415.0,PERAT RUE DU,,,Nuit avec éclairage allumé,En agglomération,Hors intersection,Normale,Autre collision,,,,,,,,,,,5,2,1,1,6
200500072963,0005-11-07 11:44:00,5,11,7,11,44,170,415.0,MARTEL RUE GEOFFROY,,,Plein jour,En agglomération,Hors intersection,Normale,Autre collision,,,,,,,,,,,1,2,1,1,6
200500072964,0005-11-09 20:40:00,5,11,9,20,40,170,415.0,BRIGADE RAC ROND POINT,,,Nuit avec éclairage allumé,En agglomération,Giratoire,Normale,Deux véhicules - côté,,,,,,,,,,,5,2,6,1,3
200500072965,0005-11-21 08:15:00,5,11,21,8,15,170,415.0,"69, LEMERCIER COURS",,,Plein jour,En agglomération,Hors intersection,Normale,Trois véhicules et plus - en chaîne,,,,,,,,,,,1,2,1,1,4
200500072966,0005-11-17 12:20:00,5,11,17,12,20,170,415.0,JEAN RUE DU DOCTEUR,,,Plein jour,En agglomération,Hors intersection,Normale,Deux véhicules - côté,,,,,,,,,,,1,2,1,1,3
200500072967,0005-11-22 07:45:00,5,11,22,7,45,170,415.0,NIVELLES AVENUE DE,,,Crépuscule ou aube,En agglomération,Hors intersection,Normale,Deux véhicules - côté,,,,,,,,,,,2,2,1,1,3
200500072968,0005-11-24 18:10:00,5,11,24,18,10,170,415.0,GUILLET MAILLET 1-65,,,Crépuscule ou aube,En agglomération,Hors intersection,Normale,Deux véhicules - côté,,,,,,,,,,,2,2,1,1,3
200500072969,0005-11-27 17:55:00,5,11,27,17,55,170,415.0,Route Nationale 150,,,Crépuscule ou aube,Hors agglomération,Hors intersection,Normale,Autre collision,,,,,,,,,,,2,1,1,1,6
200500072970,0005-11-03 16:55:00,5,11,3,16,55,180,33.0,"65, LATTRE DE TASSIGNY (",,,Plein jour,En agglomération,Hors intersection,Normale,Autre collision,,,,,,,,,,,1,2,1,1,6
200500072971,0005-11-04 19:20:00,5,11,4,19,20,180,33.0,"SANS, CHARITE (ROUTE DE",,,Nuit avec éclairage allumé,En agglomération,Hors intersection,Normale,Deux véhicules - arrière,,,,,,,,,,,5,2,1,1,2
200500072972,0005-11-12 01:27:00,5,11,12,1,27,180,33.0,MEDIANE (RUE),,,Nuit avec éclairage allumé,En agglomération,Hors intersection,Normale,Autre collision,,,,,,,,,,,5,2,1,1,6
200500072973,0005-11-13 10:58:00,5,11,13,10,58,180,33.0,"Sans, MENDES-FRANCE (ESP",,,Plein jour,En agglomération,Hors intersection,Pluie légère,Deux véhicules - côté,,,,,,,,,,,1,2,1,2,3
200500072974,0005-11-22 07:45:00,5,11,22,7,45,180,33.0,DORMOY (AVENUE MARX),,,Crépuscule ou aube,En agglomération,Intersection en T,Temps couvert,Autre collision,,,,,,,,,,,2,2,3,8,6
200500072975,0005-11-23 17:00:00,5,11,23,17,0,180,33.0,ROCADE,,,Nuit sans éclairage public,Hors agglomération,Hors intersection,Normale,Deux véhicules - arrière,,,,,,,,,,,3,1,1,1,2
200500072976,0005-11-23 19:47:00,5,11,23,19,47,180,33.0,ROBINSON (AVENUE DE),,,Nuit sans éclairage public,En agglomération,Hors intersection,Normale,Trois véhicules et plus - collisions multiples,,,,,,,,,,,3,2,1,1,5
200500072977,0005-11-29 18:16:00,5,11,29,18,16,180,33.0,ROCADE,,,Nuit sans éclairage public,Hors agglomération,Hors intersection,Pluie légère,Deux véhicules - frontale,,,,,,,,,,,3,1,1,2,1
200500072978,0005-11-06 16:25:00,5,11,6,16,25,180,279.0,RATEAU (ROUTE DU PETIT),,,Plein jour,En agglomération,Hors intersection,Normale,Deux véhicules - côté,,,,,,,,,,,1,2,1,1,3
200500072979,0005-11-12 04:10:00,5,11,12,4,10,180,279.0,REPUBLIQUE (AVENUE DE LA,,,Nuit avec éclairage allumé,En agglomération,Intersection en X,Normale,Deux véhicules - côté,,,,,,,,,,,5,2,2,1,3
200500072980,0005-11-16 12:10:00,5,11,16,12,10,180,279.0,BRISSON APRES PONT SNCF,,,Plein jour,En agglomération,Intersection en T,Normale,Deux véhicules - côté,,,,,,,,,,,1,2,3,1,3
200500072981,0005-11-16 19:10:00,5,11,16,19,10,180,279.0,ROUX (RUE DU DOCTEUR),,,Nuit avec éclairage allumé,En agglomération,Intersection en X,Pluie forte,Deux véhicules - frontale,,,,,,,,,,,5,2,2,3,1
200500072982,0005-11-22 17:30:00,5,11,22,17,30,180,279.0,MANHES (RUE DU COLONEL),,,Nuit avec éclairage allumé,En agglomération,Hors intersection,Temps couvert,Deux véhicules - côté,,,,,,,,,,,5,2,1,8,3
200500072983,0005-11-24 17:15:00,5,11,24,17,15,180,279.0,MOREAU (IMPASSE DE LA CR,,,Crépuscule ou aube,En agglomération,Intersection en X,Normale,Autre collision,,,,,,,,,,,2,2,2,1,6
200500072984,0005-11-25 17:30:00,5,11,25,17,30,180,279.0,PYAT (RUE .F) (AVANT CAR,,,Nuit avec éclairage allumé,En agglomération,Hors intersection,Normale,Autre collision,,,,,,,,,,,5,2,1,1,6
200500072985,0005-11-28 16:40:00,5,11,28,16,40,180,279.0,"63, BRINAY (ROUTE DE)",,,Plein jour,En agglomération,Hors intersection,Pluie légère,Autre collision,,,,,,,,,,,1,2,1,2,6
200500072986,0005-11-02 18:00:00,5,11,2,18,0,190,31.0,ROOSEVELT (AVENUE DU PRE,,,Nuit avec éclairage allumé,En agglomération,Hors intersection,Normale,Deux véhicules - côté,,,,,,,,,,,5,2,1,1,3
200500072987,0005-11-03 20:35:00,5,11,3,20,35,190,31.0,POMPIDOU (AVENUE GEORGES,,,Nuit avec éclairage allumé,En agglomération,Intersection en T,Pluie forte,Deux véhicules - frontale,,,,,,,,,,,5,2,3,3,1
200500072988,0005-11-08 08:20:00,5,11,8,8,20,190,31.0,"2, ROCHE (RUE MARCELIN)",,,Plein jour,En agglomération,Intersection en T,Normale,Deux véhicules - côté,,,,,,,,,,,1,2,3,1,3
200500072989,0005-11-08 16:25:00,5,11,8,16,25,190,31.0,DIDEROT (RUE),,,Plein jour,En agglomération,Intersection en T,Pluie légère,Deux véhicules - côté,,,,,,,,,,,1,2,3,2,3
200500072990,0005-11-10 18:35:00,5,11,10,18,35,190,31.0,"88, TURGOT (AVENUE)",,,Nuit avec éclairage allumé,En agglomération,Intersection en T,Normale,Deux véhicules - côté,,,,,,,,,,,5,2,3,1,3
200500072991,0005-11-12 05:35:00,5,11,12,5,35,190,31.0,MALRAUX (AVENUE ANDRE),,,Nuit avec éclairage allumé,En agglomération,Hors intersection,Temps couvert,Autre collision,,,,,,,,,,,5,2,1,8,6
200500072992,0005-11-12 08:35:00,5,11,12,8,35,190,31.0,MEYSSAC (ROUTE DE),,,Plein jour,En agglomération,Hors intersection,Pluie légère,Autre collision,,,,,,,,,,,1,2,1,2,6
200500072993,0005-11-15 13:45:00,5,11,15,13,45,190,31.0,"12, LURCAT (AVENUE JEAN)",,,Plein jour,En agglomération,Hors intersection,Normale,Deux véhicules - côté,,,,,,,,,,,1,2,1,1,3
200500072994,0005-11-16 14:35:00,5,11,16,14,35,190,31.0,DAUZIER (PLACE JEAN MARI,,,Plein jour,En agglomération,Hors intersection,Normale,Deux véhicules - frontale,,,,,,,,,,,1,2,1,1,1
200500072995,0005-11-16 15:00:00,5,11,16,15,0,190,31.0,KENNEDY (AVENUE JOHN),,,Plein jour,En agglomération,Hors intersection,Normale,Deux véhicules - côté,,,,,,,,,,,1,2,1,1,3
200500072996,0005-11-17 08:30:00,5,11,17,8,30,190,31.0,"130, POMPIDOU (AVENUE GE",,,Plein jour,En agglomération,Hors intersection,Normale,Autre collision,,,,,,,,,,,1,2,1,1,6
200500072997,0005-11-19 14:10:00,5,11,19,14,10,190,31.0,"4, PAINLEVE (BOULEVARD P",,,Plein jour,En agglomération,Hors intersection,Normale,Deux véhicules - côté,,,,,,,,,,,1,2,1,1,3
200500072998,0005-11-20 00:45:00,5,11,20,0,45,190,31.0,"18, FOCH (AVENUE MARECHA",,,Nuit avec éclairage allumé,En agglomération,Hors intersection,Normale,Autre collision,,,,,,,,,,,5,2,1,1,6
200500072999,0005-11-21 16:45:00,5,11,21,16,45,190,31.0,COMBE (BOULEVARD ROGER),,,Plein jour,En agglomération,Hors intersection,Normale,Deux véhicules - frontale,,,,,,,,,,,1,2,1,1,1
200500073000,0005-11-22 07:30:00,5,11,22,7,30,190,31.0,FRATERNITE (ROND-POINT D,,,Crépuscule ou aube,En agglomération,Giratoire,Normale,Deux véhicules - côté,,,,,,,,,,,2,2,6,1,3
200500073001,0005-11-22 14:05:00,5,11,22,14,5,190,31.0,REPUBLIQUE (PLACE DE LA),,,Plein jour,En agglomération,Hors intersection,Normale,Sans collision,,,,,,,,,,,1,2,1,1,7
200500073002,0005-11-22 15:55:00,5,11,22,15,55,190,31.0,DIX HUIT JUIN 1940 (AVEN,,,Plein jour,En agglomération,Intersection en T,Normale,Deux véhicules - côté,,,,,,,,,,,1,2,3,1,3
200500073003,0005-11-25 01:55:00,5,11,25,1,55,190,31.0,SALAN (BOULEVARD DU),,,Nuit avec éclairage allumé,En agglomération,Hors intersection,Pluie légère,Autre collision,,,,,,,,,,,5,2,1,2,6
200500073004,0005-11-26 09:45:00,5,11,26,9,45,190,31.0,"58, SEMARD (AVENUE PIERR",,,Plein jour,En agglomération,Hors intersection,Normale,Autre collision,,,,,,,,,,,1,2,1,1,6
200500073005,0005-11-27 20:20:00,5,11,27,20,20,190,31.0,ALSACE LORRAINE (AVENUE),,,Nuit avec éclairage allumé,En agglomération,Hors intersection,Normale,Deux véhicules - côté,,,,,,,,,,,5,2,1,1,3
200500073006,0005-11-30 12:25:00,5,11,30,12,25,190,31.0,MOULIN (BOULEVARD JEAN),,,Plein jour,En agglomération,Hors intersection,Normale,Deux véhicules - côté,,,,,,,,,,,1,2,1,1,3
200500073007,0005-11-10 16:50:00,5,11,10,16,50,190,272.0,BASTILLE (AV),,,Plein jour,En agglomération,Hors intersection,Normale,Deux véhicules - arrière,,,,,,,,,,,1,2,1,1,2
200500073008,0005-11-07 19:05:00,5,11,7,19,5,210,54.0,DIJON (ROUTE DE),,,Nuit avec éclairage allumé,En agglomération,Intersection en Y,Temps couvert,Deux véhicules - côté,,,,,,,,,,,5,2,4,8,3
200500073009,0005-11-09 06:45:00,5,11,9,6,45,210,54.0,"27, RESISTANCE (AVENUE D",,,Nuit avec éclairage allumé,En agglomération,Hors intersection,Normale,Autre collision,,,,,,,,,,,5,2,1,1,6
200500073010,0005-11-23 12:50:00,5,11,23,12,50,210,54.0,"12, FOCH (BOULEVARD MARE",,,Plein jour,En agglomération,Hors intersection,Normale,Deux véhicules - arrière,,,,,,,,,,,1,2,1,1,2
200500073011,0005-11-04 18:25:00,5,11,4,18,25,210,231.0,"25, LONGVIC (DE) (RUE)",,,Nuit avec éclairage allumé,En agglomération,Hors intersection,Pluie légère,Autre collision,,,,,,,,,,,5,2,1,2,6
200500073012,0005-11-04 22:00:00,5,11,4,22,0,210,231.0,"10, FONTAINE (DE) (RUE)",,,Nuit avec éclairage allumé,En agglomération,Intersection en T,Pluie légère,Deux véhicules - côté,,,,,,,,,,,5,2,3,2,3
200500073013,0005-11-05 19:10:00,5,11,5,19,10,210,231.0,DRAPEAU (DU) (AVENUE),,,Nuit avec éclairage allumé,En agglomération,Intersection en Y,Normale,Deux véhicules - côté,,,,,,,,,,,5,2,4,1,3
200500073014,0005-11-06 12:55:00,5,11,6,12,55,210,166.0,"3, VALENDONS (DES) (BOUL",,,Plein jour,En agglomération,Intersection en T,Normale,Deux véhicules - côté,,,,,,,,,,,1,2,3,1,3
200500073015,0005-11-07 18:00:00,5,11,7,18,0,210,231.0,COLOMBIERE (DE LA) (CHEM,,,Nuit sans éclairage public,En agglomération,Hors intersection,Normale,Deux véhicules - arrière,,,,,,,,,,,3,2,1,1,2
200500073016,0005-11-07 17:20:00,5,11,7,17,20,210,355.0,"13, EIFFEL (BOULEVARD)",,,Nuit avec éclairage allumé,En agglomération,Intersection en Y,Normale,Deux véhicules - côté,,,,,,,,,,,5,2,4,1,3
200500073017,0005-11-08 19:50:00,5,11,8,19,50,210,231.0,FONTAINE (DE) (RUE),,,Nuit avec éclairage allumé,En agglomération,Intersection en X,Normale,Deux véhicules - frontale,,,,,,,,,,,5,2,2,1,1
200500073018,0005-11-09 07:55:00,5,11,9,7,55,210,231.0,"56, JOUVENCE (DE) (RUE)",,,Plein jour,En agglomération,Hors intersection,Normale,Autre collision,,,,,,,,,,,1,2,1,1,6
200500073019,0005-11-09 16:00:00,5,11,9,16,0,210,231.0,"38, GUSTAVE EIFFEL (AVEN",,,Plein jour,En agglomération,Hors intersection,Pluie légère,Deux véhicules - arrière,,,,,,,,,,,1,2,1,2,2
200500073020,0005-11-09 17:45:00,5,11,9,17,45,210,231.0,JEAN BERTIN (AVENUE),,,Nuit avec éclairage allumé,En agglomération,Intersection en T,Pluie légère,Deux véhicules - côté,,,,,,,,,,,5,2,3,2,3
200500073021,0005-11-09 21:50:00,5,11,9,21,50,210,278.0,ALLOBROGES (DES) (BOULEV,,,Nuit avec éclairage allumé,En agglomération,Intersection en X,Pluie légère,Deux véhicules - arrière,,,,,,,,,,,5,2,2,2,2
200500073022,0005-11-11 12:00:00,5,11,11,12,0,210,166.0,MAXIME GUILLOT (RUE),,,Plein jour,En agglomération,Intersection en X,Normale,Autre collision,,,,,,,,,,,1,2,2,1,6
200500073023,0005-11-12 08:00:00,5,11,12,8,0,210,231.0,AUXONNE (D') (RUE),,,Plein jour,En agglomération,Intersection en X,Temps couvert,Deux véhicules - côté,,,,,,,,,,,1,2,2,8,3
200500073024,0005-11-13 11:45:00,5,11,13,11,45,210,231.0,"155, AUXONNE (D') (RUE)",,,Plein jour,En agglomération,Hors intersection,Normale,Autre collision,,,,,,,,,,,1,2,1,1,6