accident_id,datetime,annee,mois,jour,heure,minute,departement,commune_insee,adresse,latitude,longitude,luminosite,agglomeration,intersection,meteo,collision,nb_vehicules,nb_usagers,nb_indemnes,nb_tues,nb_blesses_hosp,nb_blesses_legers,age_cond_1,age_cond_2,veh_type_cond_1,veh_type_cond_2,lum_code,agg_code,int_code,atm_code,col_code
200500073025,0005-11-14 14:30:00,5,11,14,14,30,210,231.0,"1, CHANOINE KIR (BOULEVA",,,Plein jour,En agglomération,Hors intersection,Temps couvert,Autre collision,,,,,,,,,,,1,2,1,8,6
200500073026,0005-11-14 20:50:00,5,11,14,20,50,210,617.0,TROYES (DE) (BOULEVARD),,,Nuit avec éclairage allumé,En agglomération,Intersection en X,Normale,Trois véhicules et plus - en chaîne,,,,,,,,,,,5,2,2,1,4
200500073027,0005-11-15 09:00:00,5,11,15,9,0,210,231.0,"40, AUXONNE (D') (RUE)",,,Plein jour,En agglomération,Hors intersection,Temps couvert,Autre collision,,,,,,,,,,,1,2,1,8,6
200500073028,0005-11-15 19:10:00,5,11,15,19,10,210,231.0,GUSTAVE EIFFEL (AVENUE),,,Nuit avec éclairage allumé,En agglomération,Intersection en X,Normale,Deux véhicules - côté,,,,,,,,,,,5,2,2,1,3
200500073029,0005-11-15 12:15:00,5,11,15,12,15,210,231.0,"141, GUSTAVE EIFFEL (AVE",,,Plein jour,En agglomération,Hors intersection,Temps couvert,Autre collision,,,,,,,,,,,1,2,1,8,6
200500073030,0005-11-16 14:30:00,5,11,16,14,30,210,166.0,"12, ERNEST RENAN (RUE)",,,Plein jour,En agglomération,Hors intersection,Normale,Autre collision,,,,,,,,,,,1,2,1,1,6
200500073031,0005-11-16 16:15:00,5,11,16,16,15,210,166.0,"6, FRERES MONTGOLFIER (D",,,Plein jour,En agglomération,Hors intersection,Normale,Deux véhicules - côté,,,,,,,,,,,1,2,1,1,3
200500073032,0005-11-17 04:25:00,5,11,17,4,25,210,231.0,"26bis, THIERS (BOULEVARD",,,Nuit avec éclairage allumé,En agglomération,Hors intersection,Normale,Deux véhicules - arrière,,,,,,,,,,,5,2,1,1,2
200500073033,0005-11-17 15:40:00,5,11,17,15,40,210,231.0,"2, Normaliens Fusillés e",,,Plein jour,En agglomération,Hors intersection,Normale,Autre collision,,,,,,,,,,,1,2,1,1,6
200500073034,0005-11-18 07:55:00,5,11,18,7,55,210,231.0,HAVRE (DU) (RUE),,,Plein jour,En agglomération,Intersection en T,Normale,Deux véhicules - côté,,,,,,,,,,,1,2,3,1,3
200500073035,0005-11-17 19:36:00,5,11,17,19,36,210,231.0,SAINT EXUPERY (PLACE),,,Nuit avec éclairage allumé,En agglomération,Intersection en X,Temps couvert,Deux véhicules - côté,,,,,,,,,,,5,2,2,8,3
200500073036,0005-11-21 08:30:00,5,11,21,8,30,210,231.0,MALINES (DE) (RUE),,,Plein jour,En agglomération,Hors intersection,Temps éblouissant,Trois véhicules et plus - collisions multiples,,,,,,,,,,,1,2,1,7,5
200500073037,0005-11-21 13:00:00,5,11,21,13,0,210,231.0,CASTEL (DU) (BOULEVARD),,,Plein jour,En agglomération,Hors intersection,Normale,Autre collision,,,,,,,,,,,1,2,1,1,6
200500073038,0005-11-21 12:25:00,5,11,21,12,25,210,231.0,GABRIEL (BOULEVARD),,,Plein jour,En agglomération,Hors intersection,Normale,Deux véhicules - arrière,,,,,,,,,,,1,2,1,1,2
200500073039,0005-11-22 10:20:00,5,11,22,10,20,210,231.0,ALBERT PREMIER (AVENUE),,,Plein jour,En agglomération,Hors intersection,Normale,Autre collision,,,,,,,,,,,1,2,1,1,6
200500073040,0005-11-22 15:55:00,5,11,22,15,55,210,355.0,DIJON (DE) (ROUTE),,,Plein jour,En agglomération,Intersection en X,Normale,Deux véhicules - arrière,,,,,,,,,,,1,2,2,1,2
200500073041,0005-11-22 17:40:00,5,11,22,17,40,210,231.0,MIRANDE (DE) (RUE),,,Nuit avec éclairage allumé,En agglomération,Intersection en X,Normale,Deux véhicules - côté,,,,,,,,,,,5,2,2,1,3
200500073042,0005-11-23 15:50:00,5,11,23,15,50,210,617.0,COMBE VALTON (AVENUE),,,Plein jour,En agglomération,Hors intersection,Normale,Trois véhicules et plus - en chaîne,,,,,,,,,,,1,2,1,1,4
200500073043,0005-11-24 00:55:00,5,11,24,0,55,210,231.0,UNIVERSITE (DE L') (BOUL,,,Nuit avec éclairage allumé,En agglomération,Intersection en X,Normale,Deux véhicules - côté,,,,,,,,,,,5,2,2,1,3
200500073044,0005-11-24 13:30:00,5,11,24,13,30,210,231.0,CHAMPOLLION (AVENUE),,,Plein jour,En agglomération,Hors intersection,Temps couvert,Autre collision,,,,,,,,,,,1,2,1,8,6
200500073045,0005-11-26 13:35:00,5,11,26,13,35,210,231.0,BARABANT ( place ),,,Plein jour,En agglomération,Giratoire,Temps couvert,Deux véhicules - côté,,,,,,,,,,,1,2,6,8,3
200500073046,0005-11-26 20:05:00,5,11,26,20,5,210,278.0,DIJON (DE) (RUE),,,Nuit avec éclairage allumé,En agglomération,Intersection en X,Temps couvert,Deux véhicules - côté,,,,,,,,,,,5,2,2,8,3
200500073047,0005-11-28 11:30:00,5,11,28,11,30,210,231.0,SULLY (DE) (RUE),,,Plein jour,En agglomération,Hors intersection,Neige / grêle,Deux véhicules - arrière,,,,,,,,,,,1,2,1,4,2
200500073048,0005-11-29 06:55:00,5,11,29,6,55,210,231.0,"25, VALENDONS (DES) (RUE",,,Nuit avec éclairage allumé,En agglomération,Hors intersection,Pluie légère,Trois véhicules et plus - collisions multiples,,,,,,,,,,,5,2,1,2,5
200500073049,0005-11-29 15:30:00,5,11,29,15,30,210,166.0,122 A (CD),,,Plein jour,Hors agglomération,Intersection en X,Pluie légère,Deux véhicules - arrière,,,,,,,,,,,1,1,2,2,2
200500073050,0005-11-29 18:35:00,5,11,29,18,35,210,231.0,LAC (DU) (AVENUE),,,Nuit avec éclairage allumé,En agglomération,Hors intersection,Pluie légère,Autre collision,,,,,,,,,,,5,2,1,2,6
200500073051,0005-11-24 13:35:00,5,11,24,13,35,220,50.0,"NEANT, MICHEL (RUE)",,,Plein jour,En agglomération,Hors intersection,Temps couvert,Deux véhicules - frontale,,,,,,,,,,,1,2,1,8,1
200500073052,0005-11-17 08:00:00,5,11,17,8,0,220,113.0,"1, SAINT MARC (RUE DE)",,,Plein jour,En agglomération,Giratoire,Normale,Deux véhicules - côté,,,,,,,,,,,1,2,6,1,3
200500073053,0005-11-01 21:20:00,5,11,1,21,20,220,278.0,SEVIGNE (BD),,,Nuit avec éclairage allumé,En agglomération,Giratoire,Pluie forte,Deux véhicules - côté,,,,,,,,,,,5,2,6,3,3
200500073054,0005-11-02 08:50:00,5,11,2,8,50,220,278.0,"0, PARIS (DE)",,,Plein jour,En agglomération,Giratoire,Pluie légère,Deux véhicules - côté,,,,,,,,,,,1,2,6,2,3
200500073055,0005-11-18 21:00:00,5,11,18,21,0,220,278.0,"0, MONGE",,,Nuit avec éclairage allumé,En agglomération,Intersection en X,Normale,Deux véhicules - côté,,,,,,,,,,,5,2,2,1,3
200500073056,0005-11-21 15:50:00,5,11,21,15,50,220,278.0,"0, APOLLINAIRE (GUILLAUM",,,Plein jour,En agglomération,Hors intersection,Normale,Deux véhicules - arrière,,,,,,,,,,,1,2,1,1,2
200500073057,0005-11-22 15:00:00,5,11,22,15,0,220,278.0,"0, NERUDA (RD PT PABLO)",,,Plein jour,En agglomération,Giratoire,Normale,Deux véhicules - côté,,,,,,,,,,,1,2,6,1,3
200500073058,0005-11-23 11:50:00,5,11,23,11,50,220,278.0,"2, SAINT-PIERRE (ET PL.)",,,Plein jour,En agglomération,Hors intersection,Normale,Autre collision,,,,,,,,,,,1,2,1,1,6
200500073059,0005-11-24 18:00:00,5,11,24,18,0,220,278.0,", BROCELIANDE (DE)",,,Nuit avec éclairage non allumé,En agglomération,Hors intersection,Pluie légère,Autre collision,,,,,,,,,,,4,2,1,2,6
200500073060,0005-11-29 21:35:00,5,11,29,21,35,220,278.0,"0, TREGUEUX (DE)",,,Nuit avec éclairage allumé,En agglomération,Hors intersection,Normale,Autre collision,,,,,,,,,,,5,2,1,1,6
200500073061,0005-11-11 15:35:00,5,11,11,15,35,230,96.0,"4, ROCHEFORT (RUE DE)",,,Plein jour,En agglomération,Hors intersection,Normale,Sans collision,,,,,,,,,,,1,2,1,1,7
200500073062,0005-11-22 07:00:00,5,11,22,7,0,230,96.0,BERRY (AVENUE DU),,,Nuit avec éclairage allumé,En agglomération,Intersection en T,Normale,Deux véhicules - côté,,,,,,,,,,,5,2,3,1,3
200500073063,0005-11-28 19:10:00,5,11,28,19,10,230,96.0,MANOUVRIER (AVENUE),,,Nuit avec éclairage allumé,En agglomération,Hors intersection,Pluie forte,Autre collision,,,,,,,,,,,5,2,1,3,6
200500073064,0005-11-23 16:00:00,5,11,23,16,0,240,37.0,VIEUX PONT,,,Plein jour,En agglomération,Hors intersection,Normale,Trois véhicules et plus - collisions multiples,,,,,,,,,,,1,2,1,1,5
200500073065,0005-11-03 11:11:00,5,11,3,11,11,240,322.0,"00, STADES (VOIE DES)",,,Plein jour,En agglomération,Hors intersection,Normale,Autre collision,,,,,,,,,,,1,2,1,1,6
200500073066,0005-11-04 09:30:00,5,11,4,9,30,240,557.0,GRANDOU (AVENUE MICHEL),,,Plein jour,En agglomération,Hors intersection,Pluie forte,Trois véhicules et plus - en chaîne,,,,,,,,,,,1,2,1,3,4
200500073067,0005-11-07 14:15:00,5,11,7,14,15,240,557.0,"13, DIGITALES (RUE DES)",,,Plein jour,En agglomération,Hors intersection,Normale,Deux véhicules - frontale,,,,,,,,,,,1,2,1,1,1
200500073068,0005-11-10 10:14:00,5,11,10,10,14,240,322.0,"00, GUENA (PLACE YVES)",,,Plein jour,En agglomération,Intersection en T,Normale,Autre collision,,,,,,,,,,,1,2,3,1,6
200500073069,0005-11-15 15:58:00,5,11,15,15,58,240,53.0,"00, PAUL (AVENUE MARCEL)",,,Plein jour,En agglomération,Intersection en X,Normale,Autre collision,,,,,,,,,,,1,2,2,1,6
200500073070,0005-11-13 19:21:00,5,11,13,19,21,240,53.0,"00, LYON (ROUTE DE )",,,Nuit avec éclairage allumé,En agglomération,Intersection en X,Pluie légère,Autre collision,,,,,,,,,,,5,2,2,2,6
200500073071,0005-11-16 15:46:00,5,11,16,15,46,240,322.0,"147, SEMARD (RUE PIERRE)",,,Plein jour,En agglomération,Hors intersection,Normale,Deux véhicules - arrière,,,,,,,,,,,1,2,1,1,2
200500073072,0005-11-16 18:12:00,5,11,16,18,12,240,322.0,SEMARD (RUE PIERRE),,,Nuit avec éclairage allumé,En agglomération,Hors intersection,Normale,Deux véhicules - arrière,,,,,,,,,,,5,2,1,1,2
200500073073,0005-11-17 23:20:00,5,11,17,23,20,240,322.0,"127, BERNARD (RUE CLAUDE",,,Nuit avec éclairage allumé,En agglomération,Hors intersection,Normale,Autre collision,,,,,,,,,,,5,2,1,1,6
200500073074,0005-11-18 13:36:00,5,11,18,13,36,240,557.0,LE POUYAULT (LIEU DIT),,,Plein jour,En agglomération,Giratoire,Normale,Deux véhicules - côté,,,,,,,,,,,1,2,6,1,3
200500073075,0005-11-19 08:48:00,5,11,19,8,48,240,322.0,FENELON (COURS),,,Plein jour,En agglomération,Hors intersection,Normale,Trois véhicules et plus - en chaîne,,,,,,,,,,,1,2,1,1,4
200500073076,0005-11-24 19:32:00,5,11,24,19,32,240,322.0,"00, TOURNY (COURS)",,,Nuit avec éclairage allumé,En agglomération,Intersection en T,Normale,Autre collision,,,,,,,,,,,5,2,3,1,6
200500073077,0005-11-25 20:00:00,5,11,25,20,0,240,138.0,CERF (ROND POINT DU),,,Nuit sans éclairage public,En agglomération,Giratoire,Normale,Trois véhicules et plus - en chaîne,,,,,,,,,,,3,2,6,1,4
200500073078,0005-11-27 03:35:00,5,11,27,3,35,240,322.0,"55, SEMARD (RUE PIERRE)",,,Nuit avec éclairage allumé,En agglomération,Intersection en T,Normale,Deux véhicules - côté,,,,,,,,,,,5,2,3,1,3
200500073079,0005-11-29 09:11:00,5,11,29,9,11,240,322.0,"17, BERGERAC (ROUTE DE)",,,Plein jour,En agglomération,Hors intersection,Normale,Autre collision,,,,,,,,,,,1,2,1,1,6
200500073080,0005-11-02 08:45:00,5,11,2,8,45,250,56.0,"SANS, GOUNOD RUE CHARLES",,,Plein jour,En agglomération,Hors intersection,Normale,Deux véhicules - arrière,,,,,,,,,,,1,2,1,1,2
200500073081,0005-11-02 18:00:00,5,11,2,18,0,250,56.0,"sans, CHURCHILL BD WINST",,,Nuit avec éclairage non allumé,En agglomération,Hors intersection,Normale,Deux véhicules - arrière,,,,,,,,,,,4,2,1,1,2
200500073082,0005-11-02 18:25:00,5,11,2,18,25,250,56.0,DUPLAIN RUE LOUIS,,,Nuit avec éclairage allumé,En agglomération,Hors intersection,Normale,Deux véhicules - côté,,,,,,,,,,,5,2,1,1,3
200500073083,0005-11-03 07:43:00,5,11,3,7,43,250,56.0,"sans, OBSERVATOIRE AVENU",,,Plein jour,En agglomération,Hors intersection,Normale,Autre collision,,,,,,,,,,,1,2,1,1,6
200500073084,0005-11-04 11:21:00,5,11,4,11,21,250,56.0,GAULLE BOULEVARD CHARLES,,,Plein jour,En agglomération,Hors intersection,Pluie légère,Deux véhicules - frontale,,,,,,,,,,,1,2,1,2,1
200500073085,0005-11-04 13:26:00,5,11,4,13,26,250,56.0,"1, LILAS  RUE DES",,,Plein jour,En agglomération,Intersection en X,Pluie légère,Deux véhicules - frontale,,,,,,,,,,,1,2,2,2,1
200500073086,0005-11-05 15:00:00,5,11,5,15,0,250,56.0,"3, VITTEL  RUE DE",,,Plein jour,En agglomération,Hors intersection,Normale,Autre collision,,,,,,,,,,,1,2,1,1,6
200500073087,0005-11-06 01:50:00,5,11,6,1,50,250,56.0,MITTERAND AVENUE FRANCOI,,,Nuit avec éclairage allumé,En agglomération,Hors intersection,Normale,Autre collision,,,,,,,,,,,5,2,1,1,6
200500073088,0005-11-11 17:50:00,5,11,11,17,50,250,56.0,"70, BELFORT RUE DE <144",,,Nuit avec éclairage allumé,Hors agglomération,Hors intersection,Normale,Deux véhicules - côté,,,,,,,,,,,5,1,1,1,3
200500073089,0005-11-15 14:30:00,5,11,15,14,30,250,56.0,"7, DOLE RUE DE <82",,,Plein jour,En agglomération,Intersection en T,Normale,Deux véhicules - côté,,,,,,,,,,,1,2,3,1,3
200500073090,0005-11-16 16:34:00,5,11,16,16,34,250,56.0,CHURCHILL BD WINSTON,,,Crépuscule ou aube,En agglomération,Hors intersection,Pluie légère,Deux véhicules - arrière,,,,,,,,,,,2,2,1,2,2
200500073091,0005-11-22 13:45:00,5,11,22,13,45,250,56.0,MITTERAND AVENUE FRANCOI,,,Plein jour,En agglomération,Giratoire,Normale,Deux véhicules - côté,,,,,,,,,,,1,2,6,1,3
200500073092,0005-11-24 19:27:00,5,11,24,19,27,250,56.0,"06, MONTJOUX  AVENUE DE",,,Nuit avec éclairage allumé,En agglomération,Hors intersection,Normale,Deux véhicules - frontale,,,,,,,,,,,5,2,1,1,1
200500073093,0005-11-25 10:40:00,5,11,25,10,40,250,56.0,"78, POINT DU JOUR CHEMIN",,,Plein jour,En agglomération,Hors intersection,Neige / grêle,Deux véhicules - côté,,,,,,,,,,,1,2,1,4,3
200500073094,0005-11-26 14:10:00,5,11,26,14,10,250,56.0,"sans, OUEST BOULEVARD",,,Plein jour,En agglomération,Hors intersection,Normale,Deux véhicules - arrière,,,,,,,,,,,1,2,1,1,2
200500073095,0005-11-28 07:45:00,5,11,28,7,45,250,56.0,"SANS, KENNEDY  BOULEVARD",,,Nuit avec éclairage non allumé,En agglomération,Hors intersection,Neige / grêle,Autre collision,,,,,,,,,,,4,2,1,4,6
200500073096,0005-11-01 00:25:00,5,11,1,0,25,250,388.0,"00, BATAILLONS CHASSEURS",,,Nuit avec éclairage allumé,En agglomération,Hors intersection,Normale,Autre collision,,,,,,,,,,,5,2,1,1,6
200500073097,0005-11-11 19:00:00,5,11,11,19,0,250,580.0,"8, ECOLES (RUE DES)",,,Nuit avec éclairage allumé,En agglomération,Hors intersection,Normale,Sans collision,,,,,,,,,,,5,2,1,1,7
200500073098,0005-11-16 13:15:00,5,11,16,13,15,250,388.0,"00, HOLLANDE (RUE DE LA",,,Plein jour,En agglomération,Intersection en T,Temps couvert,Deux véhicules - côté,,,,,,,,,,,1,2,3,8,3
200500073099,0005-11-01 11:42:00,5,11,1,11,42,250,547.0,"00, POSTE (RUE DE LA)",,,Plein jour,En agglomération,Hors intersection,Normale,Autre collision,,,,,,,,,,,1,2,1,1,6
200500073100,0005-11-26 15:11:00,5,11,26,15,11,250,31.0,DASLE (RUE DE),,,Plein jour,Hors agglomération,Hors intersection,Normale,Deux véhicules - côté,,,,,,,,,,,1,1,1,1,3
200500073101,0005-11-25 17:03:00,5,11,25,17,3,250,388.0,"24, BESANCON (FAUBOURG D",,,Nuit avec éclairage allumé,En agglomération,Hors intersection,Autre,Autre collision,,,,,,,,,,,5,2,1,9,6
200500073102,0005-11-05 01:35:00,5,11,5,1,35,260,198.0,ROCHEMAURE (ROUTE DE),,,Nuit avec éclairage allumé,En agglomération,Hors intersection,Normale,Autre collision,,,,,,,,,,,5,2,1,1,6
200500073103,0005-11-05 08:50:00,5,11,5,8,50,260,198.0,DAME (CHEMIN DE LA ),,,Crépuscule ou aube,Hors agglomération,Intersection en T,Normale,Deux véhicules - côté,,,,,,,,,,,2,1,3,1,3
200500073104,0005-11-07 19:45:00,5,11,7,19,45,260,198.0,"sans n°, BOIS DE LAUD (C",,,Nuit sans éclairage public,Hors agglomération,Hors intersection,Normale,Deux véhicules - côté,,,,,,,,,,,3,1,1,1,3
200500073105,0005-11-14 16:50:00,5,11,14,16,50,260,198.0,"sans n°, SAINT MARTIN (A",,,Plein jour,Hors agglomération,Autre intersection,Normale,Autre collision,,,,,,,,,,,1,1,9,1,6
200500073106,0005-11-25 17:45:00,5,11,25,17,45,260,198.0,"Sans N°, DESMARAIS (BOUL",,,Crépuscule ou aube,En agglomération,Hors intersection,Normale,Sans collision,,,,,,,,,,,2,2,1,1,7
200500073107,0005-11-01 09:15:00,5,11,1,9,15,260,281.0,RD N°532 (DIRECTION TAIN,,,Plein jour,Hors agglomération,Intersection en T,Normale,Autre collision,,,,,,,,,,,1,1,3,1,6
200500073108,0005-11-04 07:43:00,5,11,4,7,43,260,281.0,"NEANT, CLERIEUX (RUE DE)",,,Plein jour,En agglomération,Intersection en T,Temps couvert,Autre collision,,,,,,,,,,,1,2,3,8,6
200500073109,0005-11-04 13:25:00,5,11,4,13,25,260,281.0,"NEANT, 11 NOVEMBRE (AVEN",,,Plein jour,En agglomération,Intersection en T,Temps couvert,Autre collision,,,,,,,,,,,1,2,3,8,6
200500073110,0005-11-08 12:35:00,5,11,8,12,35,260,281.0,"NEANT, LIBERATION (BOULE",,,Plein jour,En agglomération,Intersection en T,Normale,Autre collision,,,,,,,,,,,1,2,3,1,6
200500073111,0005-11-11 22:30:00,5,11,11,22,30,260,281.0,JAURES JEAN (PLACE),,,Nuit avec éclairage non allumé,En agglomération,Intersection en T,Pluie légère,Autre collision,,,,,,,,,,,4,2,3,2,6
200500073112,0005-11-17 15:00:00,5,11,17,15,0,260,57.0,POMPIDOU GEORGES (AVENUE,,,Plein jour,En agglomération,Intersection en X,Normale,Autre collision,,,,,,,,,,,1,2,2,1,6
200500073113,0005-11-17 17:40:00,5,11,17,17,40,260,281.0,MOULIN JEAN (AVENUE),,,Nuit avec éclairage allumé,En agglomération,Hors intersection,Normale,Autre collision,,,,,,,,,,,5,2,1,1,6
200500073114,0005-11-18 21:30:00,5,11,18,21,30,260,281.0,"NEANT, MARTIN GERMAIN (R",,,Nuit avec éclairage allumé,En agglomération,Hors intersection,Normale,Autre collision,,,,,,,,,,,5,2,1,1,6
200500073115,0005-11-24 16:15:00,5,11,24,16,15,260,281.0,"NEANT, CURIE MARIE (RUE)",,,Plein jour,En agglomération,Intersection en T,Normale,Autre collision,,,,,,,,,,,1,2,3,1,6
200500073116,0005-11-29 08:25:00,5,11,29,8,25,260,57.0,GRAND'RUE JEAN JAURES,,,Plein jour,En agglomération,Intersection en T,Temps couvert,Autre collision,,,,,,,,,,,1,2,3,8,6
200500073117,0005-11-29 14:50:00,5,11,29,14,50,260,281.0,"NEANT, DEPORTATION (AVEN",,,Plein jour,Hors agglomération,Intersection en X,Temps couvert,Autre collision,,,,,,,,,,,1,1,2,8,6
200500073118,0005-11-03 00:05:00,5,11,3,0,5,260,362.0,"sans n, BONNET RUE GEORG",,,Nuit avec éclairage allumé,En agglomération,Intersection en X,Normale,Autre collision,,,,,,,,,,,5,2,2,1,6
200500073119,0005-11-04 12:35:00,5,11,4,12,35,260,362.0,"sans n°, TEMPLE PLACE DU",,,Plein jour,En agglomération,Hors intersection,Normale,Autre collision,,,,,,,,,,,1,2,1,1,6
200500073120,0005-11-04 14:30:00,5,11,4,14,30,260,362.0,"sans n°, ROMANS AVENUE D",,,Plein jour,En agglomération,Hors intersection,Pluie légère,Autre collision,,,,,,,,,,,1,2,1,2,6
200500073121,0005-11-05 10:05:00,5,11,5,10,5,260,362.0,"471, HUGO AVENUE VICTOR",,,Plein jour,En agglomération,Hors intersection,Normale,Deux véhicules - côté,,,,,,,,,,,1,2,1,1,3
200500073122,0005-11-09 07:45:00,5,11,9,7,45,260,362.0,"sans n, LOUP CHEMIN DU C",,,Plein jour,En agglomération,Intersection en T,Normale,Deux véhicules - côté,,,,,,,,,,,1,2,3,1,3
200500073123,0005-11-08 16:30:00,5,11,8,16,30,260,362.0,"sans n, DELPEUCH RUE JAC",,,Plein jour,Hors agglomération,Hors intersection,Normale,Autre collision,,,,,,,,,,,1,1,1,1,6
200500073124,0005-11-12 20:55:00,5,11,12,20,55,260,362.0,"sans n, LIBERATION AV. D",,,Nuit avec éclairage allumé,En agglomération,Hors intersection,Temps couvert,Deux véhicules - frontale,,,,,,,,,,,5,2,1,8,1
200500073125,0005-11-13 01:10:00,5,11,13,1,10,260,362.0,L.A.C.R.A. (RN532),,,Nuit avec éclairage allumé,Hors agglomération,Hors intersection,Temps couvert,Sans collision,,,,,,,,,,,5,1,1,8,7
200500073126,0005-11-18 18:15:00,5,11,18,18,15,260,252.0,"sans n°, JOLIOT-CURIE RU",,,Nuit avec éclairage allumé,En agglomération,Intersection en T,Temps couvert,Deux véhicules - côté,,,,,,,,,,,5,2,3,8,3
200500073127,0005-11-25 10:15:00,5,11,25,10,15,260,362.0,"sans n,  REFUGE RUE DU",,,Plein jour,En agglomération,Intersection en X,Pluie légère,Deux véhicules - côté,,,,,,,,,,,1,2,2,2,3
200500073128,0005-11-27 17:35:00,5,11,27,17,35,260,252.0,"sans n, DELAUNE ALLEE AU",,,Nuit avec éclairage allumé,En agglomération,Hors intersection,Normale,Autre collision,,,,,,,,,,,5,2,1,1,6
200500073129,0005-11-28 18:24:00,5,11,28,18,24,260,362.0,"sans n, PERRIN RUE JEAN",,,Nuit avec éclairage allumé,En agglomération,Hors intersection,Normale,Autre collision,,,,,,,,,,,5,2,1,1,6
200500073130,0005-11-28 15:37:00,5,11,28,15,37,260,362.0,"sans n, EPERVIERE CHEMIN",,,Plein jour,En agglomération,Hors intersection,Normale,Deux véhicules - frontale,,,,,,,,,,,1,2,1,1,1
200500073131,0005-11-09 08:15:00,5,11,9,8,15,260,58.0,"82, URTIN AVENUE MARC",,,Plein jour,En agglomération,Hors intersection,Normale,Autre collision,,,,,,,,,,,1,2,1,1,6
200500073132,0005-11-28 08:20:00,5,11,28,8,20,260,362.0,"sans n, FAVENTINES RUE",,,Plein jour,En agglomération,Intersection en X,Normale,Autre collision,,,,,,,,,,,1,2,2,1,6
200500073133,0005-11-18 19:25:00,5,11,18,19,25,260,362.0,"217, PROVENCE AVENUE DE",,,Nuit avec éclairage allumé,En agglomération,Hors intersection,Normale,Deux véhicules - côté,,,,,,,,,,,5,2,1,1,3
200500073134,0005-11-15 20:10:00,5,11,15,20,10,270,229.0,"13, BOTTOLIER (RUE)",,,Nuit avec éclairage allumé,En agglomération,Hors intersection,Normale,Autre collision,,,,,,,,,,,5,2,1,1,6
200500073135,0005-11-15 17:25:00,5,11,15,17,25,270,229.0,"13, CITES UNIES (BOULEVA",,,Nuit sans éclairage public,En agglomération,Hors intersection,Normale,Trois véhicules et plus - collisions multiples,,,,,,,,,,,3,2,1,1,5
200500073136,0005-11-18 08:35:00,5,11,18,8,35,270,229.0,"3, MADELEINE (COTE DE LA",,,Plein jour,En agglomération,Intersection en T,Normale,Autre collision,,,,,,,,,,,1,2,3,1,6
200500073137,0005-11-18 17:40:00,5,11,18,17,40,270,299.0,"175 bis, BRIAND (AVENUE",,,Nuit avec éclairage allumé,En agglomération,Hors intersection,Normale,Autre collision,,,,,,,,,,,5,2,1,1,6
200500073138,0005-11-22 18:25:00,5,11,22,18,25,270,229.0,"1, ORLEANS (RUE D')",,,Nuit avec éclairage allumé,En agglomération,Hors intersection,Normale,Autre collision,,,,,,,,,,,5,2,1,1,6
200500073139,0005-11-23 10:30:00,5,11,23,10,30,270,229.0,"13, SACQUENVILLE (RUE DE",,,Plein jour,En agglomération,Hors intersection,Normale,Autre collision,,,,,,,,,,,1,2,1,1,6
200500073140,0005-11-30 13:00:00,5,11,30,13,0,270,229.0,"13, VAL ITON (RUE DU)",,,Plein jour,En agglomération,Hors intersection,Temps couvert,Deux véhicules - frontale,,,,,,,,,,,1,2,1,8,1
200500073141,0005-11-04 18:20:00,5,11,4,18,20,270,701.0,LACS (ROUTE DES) BLANCHE,,,Nuit avec éclairage allumé,En agglomération,Intersection en X,Pluie légère,Deux véhicules - côté,,,,,,,,,,,5,2,2,2,3
200500073142,0005-11-08 07:15:00,5,11,8,7,15,270,375.0,LECLERC (AVENUE DU ML),,,Nuit avec éclairage allumé,En agglomération,Intersection en X,Normale,Deux véhicules - frontale,,,,,,,,,,,5,2,2,1,1
200500073143,0005-11-21 22:25:00,5,11,21,22,25,270,375.0,CLEMENCEAU (BOULEVARD GE,,,Nuit avec éclairage allumé,En agglomération,Hors intersection,Normale,Sans collision,,,,,,,,,,,5,2,1,1,7
200500073144,0005-11-23 14:15:00,5,11,23,14,15,270,351.0,"0, CHASSEURS (RUE DES)",,,Plein jour,En agglomération,Intersection en X,Normale,Deux véhicules - côté,,,,,,,,,,,1,2,2,1,3
200500073145,0005-11-23 15:55:00,5,11,23,15,55,270,701.0,"01, PARC (CH. DU) FALAIS",,,Plein jour,En agglomération,Hors intersection,Pluie légère,Autre collision,,,,,,,,,,,1,2,1,2,6
200500073146,0005-11-23 17:50:00,5,11,23,17,50,270,375.0,CHURCHILL (AVENUE WINSTO,,,Crépuscule ou aube,En agglomération,Hors intersection,Pluie légère,Trois véhicules et plus - en chaîne,,,,,,,,,,,2,2,1,2,4
200500073147,0005-11-30 06:00:00,5,11,30,6,0,270,528.0,FALAISES (ROUTE DES),,,Nuit avec éclairage allumé,En agglomération,Hors intersection,Normale,Sans collision,,,,,,,,,,,5,2,1,1,7
200500073148,0005-11-30 18:40:00,5,11,30,18,40,270,375.0,FERRY (BOULEVARD JULES),,,Nuit avec éclairage allumé,En agglomération,Hors intersection,Normale,Sans collision,,,,,,,,,,,5,2,1,1,7
200500073149,0005-11-10 16:45:00,5,11,10,16,45,270,681.0,ARDECHE (AVENUE DE L'),,,Plein jour,En agglomération,Autre intersection,Normale,Deux véhicules - côté,,,,,,,,,,,1,2,9,1,3
200500073150,0005-11-10 19:40:00,5,11,10,19,40,270,562.0,CHAUMES (RUE DES),,,Nuit avec éclairage allumé,En agglomération,Hors intersection,Normale,Sans collision,,,,,,,,,,,5,2,1,1,7