accident_id,datetime,annee,mois,jour,heure,minute,departement,commune_insee,adresse,latitude,longitude,luminosite,agglomeration,intersection,meteo,collision,nb_vehicules,nb_usagers,nb_indemnes,nb_tues,nb_blesses_hosp,nb_blesses_legers,age_cond_1,age_cond_2,veh_type_cond_1,veh_type_cond_2,lum_code,agg_code,int_code,atm_code,col_code
200500073279,0005-11-03 15:00:00,5,11,3,15,0,310,483.0,"14, COMPAGNONS DU TOUR D",,,Plein jour,En agglomération,Hors intersection,Pluie forte,Deux véhicules - côté,,,,,,,,,,,1,2,1,3,3
200500073280,0005-11-02 00:10:00,5,11,2,0,10,310,555.0,"10, BD PIERRE SEMARD",,,Nuit avec éclairage allumé,En agglomération,Intersection en X,Normale,Autre collision,,,,,,,,,,,5,2,2,1,6
200500073281,0005-11-01 00:05:00,5,11,1,0,5,310,555.0,VA007553 A61,,,Nuit avec éclairage allumé,Hors agglomération,Hors intersection,Brouillard / fumée,Autre collision,,,,,,,,,,,5,1,1,5,6
200500073282,0005-11-01 07:00:00,5,11,1,7,0,310,555.0,"10, R-PT DU GENERAL EISE",,,Crépuscule ou aube,En agglomération,Hors intersection,Normale,Autre collision,,,,,,,,,,,2,2,1,1,6
200500073283,0005-11-01 08:30:00,5,11,1,8,30,310,555.0,VA007440 LES MINIMES A62,,,Plein jour,Hors agglomération,Hors intersection,Normale,Autre collision,,,,,,,,,,,1,1,1,1,6
200500073284,0005-11-02 15:30:00,5,11,2,15,30,310,555.0,VA007440 LES MINIMES A62,,,Plein jour,Hors agglomération,Hors intersection,Normale,Autre collision,,,,,,,,,,,1,1,1,1,6
200500073285,0005-11-02 16:50:00,5,11,2,16,50,310,555.0,VA007440 LES MINIMES A62,,,Plein jour,Hors agglomération,Hors intersection,Normale,Deux véhicules - côté,,,,,,,,,,,1,1,1,1,3
200500073286,0005-11-02 18:00:00,5,11,2,18,0,310,555.0,VA007539 LA ROSERAIE A61,,,Nuit avec éclairage allumé,Hors agglomération,Hors intersection,Normale,Autre collision,,,,,,,,,,,5,1,1,1,6
200500073287,0005-11-03 07:20:00,5,11,3,7,20,310,555.0,"80, RTE DE SAINT SIMON",,,Plein jour,En agglomération,Intersection en T,Normale,Deux véhicules - côté,,,,,,,,,,,1,2,3,1,3
200500073288,0005-11-03 14:00:00,5,11,3,14,0,310,555.0,"17, RUE DOMINIQUE DE PER",,,Plein jour,En agglomération,Hors intersection,Normale,Deux véhicules - côté,,,,,,,,,,,1,2,1,1,3
200500073289,0005-11-03 18:10:00,5,11,3,18,10,310,555.0,"12, AV LUCIEN BAROUX",,,Nuit avec éclairage allumé,En agglomération,Hors intersection,Normale,Autre collision,,,,,,,,,,,5,2,1,1,6
200500073290,0005-11-04 07:31:00,5,11,4,7,31,310,555.0,"15, RTE DE LAUNAGUET",,,Nuit avec éclairage allumé,En agglomération,Hors intersection,Normale,Deux véhicules - côté,,,,,,,,,,,5,2,1,1,3
200500073291,0005-11-04 08:10:00,5,11,4,8,10,310,555.0,"7, BD D ARCOLE",,,Plein jour,En agglomération,Hors intersection,Pluie légère,Autre collision,,,,,,,,,,,1,2,1,2,6
200500073292,0005-11-04 16:20:00,5,11,4,16,20,310,555.0,"166, AV DE MURET",,,Plein jour,En agglomération,Hors intersection,Normale,Deux véhicules - côté,,,,,,,,,,,1,2,1,1,3
200500073293,0005-11-04 18:10:00,5,11,4,18,10,310,555.0,"69, AV DE CASTRES",,,Nuit avec éclairage allumé,En agglomération,Hors intersection,Normale,Autre collision,,,,,,,,,,,5,2,1,1,6
200500073294,0005-11-05 19:59:00,5,11,5,19,59,310,555.0,"12, RUE HENRI DESBALS",,,Nuit avec éclairage allumé,En agglomération,Hors intersection,Normale,Deux véhicules - côté,,,,,,,,,,,5,2,1,1,3
200500073295,0005-11-06 23:30:00,5,11,6,23,30,310,555.0,"100, AV DE GRANDE BRETAG",,,Nuit avec éclairage allumé,En agglomération,Hors intersection,Normale,Deux véhicules - côté,,,,,,,,,,,5,2,1,1,3
200500073296,0005-11-07 12:20:00,5,11,7,12,20,310,555.0,VA007342 LA CEPIERE  A62,,,Plein jour,Hors agglomération,Hors intersection,Normale,Deux véhicules - côté,,,,,,,,,,,1,1,1,1,3
200500073297,0005-11-07 08:50:00,5,11,7,8,50,310,555.0,RUE JAUFRE RUDEL,,,Plein jour,En agglomération,Hors intersection,Normale,Deux véhicules - arrière,,,,,,,,,,,1,2,1,1,2
200500073298,0005-11-07 14:00:00,5,11,7,14,0,310,555.0,"10, PL ROBERT SCHUMAN",,,Plein jour,En agglomération,Hors intersection,Normale,Autre collision,,,,,,,,,,,1,2,1,1,6
200500073299,0005-11-07 14:02:00,5,11,7,14,2,310,555.0,VA007456 SESQUIERES A620,,,Plein jour,Hors agglomération,Hors intersection,Normale,Trois véhicules et plus - en chaîne,,,,,,,,,,,1,1,1,1,4
200500073300,0005-11-07 08:20:00,5,11,7,8,20,310,555.0,"23, RUE PAUL BONAMY",,,Plein jour,En agglomération,Hors intersection,Normale,Autre collision,,,,,,,,,,,1,2,1,1,6
200500073301,0005-11-07 15:50:00,5,11,7,15,50,310,555.0,"35, RUE DE REMUSAT",,,Plein jour,En agglomération,Hors intersection,Normale,Autre collision,,,,,,,,,,,1,2,1,1,6
200500073302,0005-11-04 17:00:00,5,11,4,17,0,310,555.0,"21, BD DE THIBAUD",,,Crépuscule ou aube,En agglomération,Hors intersection,Normale,Deux véhicules - côté,,,,,,,,,,,2,2,1,1,3
200500073303,0005-11-08 07:24:00,5,11,8,7,24,310,555.0,"12, AV JEAN CHAUBET",,,Crépuscule ou aube,En agglomération,Hors intersection,Normale,Deux véhicules - côté,,,,,,,,,,,2,2,1,1,3
200500073304,0005-11-08 08:00:00,5,11,8,8,0,310,555.0,"341, AV DE FRONTON",,,Plein jour,En agglomération,Hors intersection,Normale,Deux véhicules - côté,,,,,,,,,,,1,2,1,1,3
200500073305,0005-11-08 09:14:00,5,11,8,9,14,310,555.0,VA007440 LES MINIMES A62,,,Plein jour,Hors agglomération,Hors intersection,Normale,Deux véhicules - côté,,,,,,,,,,,1,1,1,1,3
200500073306,0005-11-08 09:35:00,5,11,8,9,35,310,555.0,"05, RUE JEAN RODIER",,,Plein jour,En agglomération,Hors intersection,Normale,Deux véhicules - côté,,,,,,,,,,,1,2,1,1,3
200500073307,0005-11-08 15:05:00,5,11,8,15,5,310,555.0,"87, AV DE LA GLOIRE",,,Plein jour,En agglomération,Hors intersection,Normale,Deux véhicules - côté,,,,,,,,,,,1,2,1,1,3
200500073308,0005-11-08 15:30:00,5,11,8,15,30,310,555.0,"22, BD DU MARECHAL JUIN",,,Plein jour,En agglomération,Hors intersection,Normale,Autre collision,,,,,,,,,,,1,2,1,1,6
200500073309,0005-11-08 18:05:00,5,11,8,18,5,310,555.0,VA001490 A621,,,Crépuscule ou aube,Hors agglomération,Hors intersection,Normale,Trois véhicules et plus - en chaîne,,,,,,,,,,,2,1,1,1,4
200500073310,0005-11-08 20:30:00,5,11,8,20,30,310,555.0,"10, ALL CHARLES DE FITTE",,,Nuit avec éclairage allumé,En agglomération,Hors intersection,Normale,Autre collision,,,,,,,,,,,5,2,1,1,6
200500073311,0005-11-09 09:15:00,5,11,9,9,15,310,555.0,VA007622 RANGUEIL A620 S,,,Plein jour,Hors agglomération,Hors intersection,Pluie légère,Autre collision,,,,,,,,,,,1,1,1,2,6
200500073312,0005-11-09 11:15:00,5,11,9,11,15,310,555.0,"10, RUE MARCEAU",,,Plein jour,En agglomération,Intersection en X,Pluie légère,Deux véhicules - côté,,,,,,,,,,,1,2,2,2,3
200500073313,0005-11-09 15:10:00,5,11,9,15,10,310,555.0,"12, AV DES TILLEULS",,,Plein jour,En agglomération,Hors intersection,Normale,Autre collision,,,,,,,,,,,1,2,1,1,6
200500073314,0005-11-09 17:32:00,5,11,9,17,32,310,555.0,"59, RTE DE NARBONNE",,,Crépuscule ou aube,En agglomération,Hors intersection,Normale,Autre collision,,,,,,,,,,,2,2,1,1,6
200500073315,0005-11-13 03:14:00,5,11,13,3,14,310,555.0,"17, PONT SAINT PIERRE",,,Nuit avec éclairage allumé,En agglomération,Hors intersection,Pluie légère,Deux véhicules - arrière,,,,,,,,,,,5,2,1,2,2
200500073316,0005-11-10 08:08:00,5,11,10,8,8,310,555.0,"25, BD ANDRE NETWILLER",,,Plein jour,En agglomération,Hors intersection,Normale,Autre collision,,,,,,,,,,,1,2,1,1,6
200500073317,0005-11-10 15:45:00,5,11,10,15,45,310,555.0,"175, RTE D ALBI",,,Plein jour,En agglomération,Hors intersection,Normale,Deux véhicules - côté,,,,,,,,,,,1,2,1,1,3
200500073318,0005-11-10 17:05:00,5,11,10,17,5,310,555.0,"2, AV DU DR MAURICE GRYN",,,Plein jour,En agglomération,Hors intersection,Normale,Deux véhicules - côté,,,,,,,,,,,1,2,1,1,3
200500073319,0005-11-11 07:35:00,5,11,11,7,35,310,555.0,"10, CHE DE CROIX BENITE",,,Plein jour,En agglomération,Intersection en X,Normale,Deux véhicules - côté,,,,,,,,,,,1,2,2,1,3
200500073320,0005-11-11 22:25:00,5,11,11,22,25,310,555.0,"15, AV PAUL SEJOURNE",,,Nuit avec éclairage allumé,En agglomération,Intersection en X,Normale,Deux véhicules - côté,,,,,,,,,,,5,2,2,1,3
200500073321,0005-11-11 23:50:00,5,11,11,23,50,310,555.0,"21, AV ANTOINE DE ST EXU",,,Nuit avec éclairage allumé,En agglomération,Hors intersection,Normale,Deux véhicules - arrière,,,,,,,,,,,5,2,1,1,2
200500073322,0005-11-13 03:51:00,5,11,13,3,51,310,555.0,VA007418 PONT JUMEAUX A6,,,Nuit avec éclairage allumé,Hors agglomération,Hors intersection,Pluie légère,Autre collision,,,,,,,,,,,5,1,1,2,6
200500073323,0005-11-13 07:15:00,5,11,13,7,15,310,555.0,"46, BD LAZARE CARNOT",,,Nuit avec éclairage allumé,En agglomération,Hors intersection,Normale,Autre collision,,,,,,,,,,,5,2,1,1,6
200500073324,0005-11-14 12:05:00,5,11,14,12,5,310,555.0,"25, GRANDE RUE SAINT MIC",,,Plein jour,En agglomération,Intersection en T,Pluie légère,Deux véhicules - côté,,,,,,,,,,,1,2,3,2,3
200500073325,0005-11-15 10:00:00,5,11,15,10,0,310,555.0,"10, AV DE RANGUEIL",,,Plein jour,En agglomération,Hors intersection,Temps couvert,Deux véhicules - côté,,,,,,,,,,,1,2,1,8,3
200500073326,0005-11-15 10:15:00,5,11,15,10,15,310,555.0,VA008432 LANGLADE A620 S,,,Plein jour,Hors agglomération,Hors intersection,Pluie légère,Autre collision,,,,,,,,,,,1,1,1,2,6
200500073327,0005-11-15 18:05:00,5,11,15,18,5,310,555.0,VA007440 LES MINIMES A62,,,Nuit avec éclairage allumé,Hors agglomération,Hors intersection,Normale,Trois véhicules et plus - en chaîne,,,,,,,,,,,5,1,1,1,4
200500073328,0005-11-15 23:10:00,5,11,15,23,10,310,555.0,VA007342 LA CEPIERE  A62,,,Nuit avec éclairage allumé,Hors agglomération,Hors intersection,Normale,Deux véhicules - arrière,,,,,,,,,,,5,1,1,1,2
200500073329,0005-11-16 19:00:00,5,11,16,19,0,310,555.0,"231, RTE DE NARBONNE",,,Nuit avec éclairage allumé,En agglomération,Hors intersection,Pluie légère,Autre collision,,,,,,,,,,,5,2,1,2,6
200500073330,0005-11-16 16:10:00,5,11,16,16,10,310,555.0,VA007493 LES IZARDS A62,,,Plein jour,Hors agglomération,Hors intersection,Pluie légère,Sans collision,,,,,,,,,,,1,1,1,2,7
200500073331,0005-11-16 08:00:00,5,11,16,8,0,310,555.0,VA007307 FRANCAZAL A64 S,,,Plein jour,Hors agglomération,Hors intersection,Pluie légère,Trois véhicules et plus - en chaîne,,,,,,,,,,,1,1,1,2,4
200500073332,0005-11-16 13:10:00,5,11,16,13,10,310,555.0,"8, RUE SAINTE MELANIE",,,Plein jour,En agglomération,Hors intersection,Pluie légère,Deux véhicules - côté,,,,,,,,,,,1,2,1,2,3
200500073333,0005-11-17 09:00:00,5,11,17,9,0,310,555.0,"95, BD DEODAT DE SEVERAC",,,Plein jour,En agglomération,Hors intersection,Normale,Autre collision,,,,,,,,,,,1,2,1,1,6
200500073334,0005-11-17 09:25:00,5,11,17,9,25,310,555.0,"32, RUE DE METZ",,,Plein jour,En agglomération,Hors intersection,Normale,Autre collision,,,,,,,,,,,1,2,1,1,6
200500073335,0005-11-18 08:05:00,5,11,18,8,5,310,555.0,"12, RUE DE TAHITI",,,Plein jour,En agglomération,Intersection en T,Normale,Deux véhicules - côté,,,,,,,,,,,1,2,3,1,3
200500073336,0005-11-18 10:02:00,5,11,18,10,2,310,555.0,"23, BD DE L EMBOUCHURE",,,Plein jour,En agglomération,Hors intersection,Normale,Deux véhicules - arrière,,,,,,,,,,,1,2,1,1,2
200500073337,0005-11-18 10:05:00,5,11,18,10,5,310,555.0,"42, RUE DE SOUPETARD",,,Plein jour,En agglomération,Intersection en X,Normale,Deux véhicules - côté,,,,,,,,,,,1,2,2,1,3
200500073338,0005-11-18 14:15:00,5,11,18,14,15,310,555.0,"12, RUE DU FAUBOURG BONN",,,Plein jour,En agglomération,Hors intersection,Normale,Deux véhicules - côté,,,,,,,,,,,1,2,1,1,3
200500073339,0005-11-18 17:05:00,5,11,18,17,5,310,555.0,"39, RUE DE NEGRENEYS",,,Plein jour,En agglomération,Hors intersection,Normale,Sans collision,,,,,,,,,,,1,2,1,1,7
200500073340,0005-11-18 18:00:00,5,11,18,18,0,310,555.0,"83, CHE VIREBENT",,,Nuit avec éclairage allumé,En agglomération,Hors intersection,Normale,Trois véhicules et plus - collisions multiples,,,,,,,,,,,5,2,1,1,5
200500073341,0005-11-19 03:30:00,5,11,19,3,30,310,555.0,"20, BD DE LA MARQUETTE",,,Nuit avec éclairage allumé,En agglomération,Hors intersection,Normale,Deux véhicules - côté,,,,,,,,,,,5,2,1,1,3
200500073342,0005-11-19 08:30:00,5,11,19,8,30,310,555.0,"155, AV DE GRANDE BRETAG",,,Plein jour,En agglomération,Hors intersection,Normale,Deux véhicules - côté,,,,,,,,,,,1,2,1,1,3
200500073343,0005-11-19 09:30:00,5,11,19,9,30,310,555.0,"7, BD SILVIO TRENTIN",,,Plein jour,En agglomération,Hors intersection,Normale,Deux véhicules - côté,,,,,,,,,,,1,2,1,1,3
200500073344,0005-11-19 13:50:00,5,11,19,13,50,310,555.0,AV JULES JULIEN,,,Plein jour,En agglomération,Hors intersection,Normale,Deux véhicules - arrière,,,,,,,,,,,1,2,1,1,2
200500073345,0005-11-19 14:16:00,5,11,19,14,16,310,555.0,"10, CHE DES ETROITS",,,Plein jour,En agglomération,Hors intersection,Normale,Trois véhicules et plus - collisions multiples,,,,,,,,,,,1,2,1,1,5
200500073346,0005-11-19 15:15:00,5,11,19,15,15,310,555.0,"28, RUE D ALSACE LORRAIN",,,Plein jour,En agglomération,Hors intersection,Normale,Sans collision,,,,,,,,,,,1,2,1,1,7
200500073347,0005-11-19 18:00:00,5,11,19,18,0,310,557.0,ROCADE ARC-EN-CIEL,,,Nuit avec éclairage allumé,Hors agglomération,Hors intersection,Normale,Autre collision,,,,,,,,,,,5,1,1,1,6
200500073348,0005-11-19 21:00:00,5,11,19,21,0,310,555.0,"11, BD DU MARECHAL LECLE",,,Nuit avec éclairage allumé,En agglomération,Hors intersection,Normale,Deux véhicules - côté,,,,,,,,,,,5,2,1,1,3
200500073349,0005-11-20 05:00:00,5,11,20,5,0,310,555.0,"10, RUE HENRI FRENAY",,,Nuit avec éclairage allumé,En agglomération,Hors intersection,Pluie légère,Autre collision,,,,,,,,,,,5,2,1,2,6
200500073350,0005-11-21 08:40:00,5,11,21,8,40,310,555.0,"98, AV DE LARDENNE",,,Plein jour,En agglomération,Hors intersection,Normale,Trois véhicules et plus - en chaîne,,,,,,,,,,,1,2,1,1,4
200500073351,0005-11-21 15:38:00,5,11,21,15,38,310,555.0,"152, AV DE FRONTON",,,Plein jour,En agglomération,Hors intersection,Normale,Deux véhicules - côté,,,,,,,,,,,1,2,1,1,3
200500073352,0005-11-22 07:05:00,5,11,22,7,5,310,555.0,"12, BD SILVIO TRENTIN",,,Nuit avec éclairage allumé,En agglomération,Hors intersection,Normale,Autre collision,,,,,,,,,,,5,2,1,1,6
200500073353,0005-11-22 07:20:00,5,11,22,7,20,310,555.0,"12, CHE DES ETROITS",,,Crépuscule ou aube,En agglomération,Hors intersection,Normale,Deux véhicules - côté,,,,,,,,,,,2,2,1,1,3
200500073354,0005-11-22 14:50:00,5,11,22,14,50,310,555.0,VA008493 LA CRABE A624 S,,,Plein jour,Hors agglomération,Hors intersection,Normale,Trois véhicules et plus - en chaîne,,,,,,,,,,,1,1,1,1,4
200500073355,0005-11-22 17:40:00,5,11,22,17,40,310,555.0,"60, RUE DE METZ",,,Crépuscule ou aube,Hors agglomération,Hors intersection,Normale,Autre collision,,,,,,,,,,,2,1,1,1,6
200500073356,0005-11-22 18:20:00,5,11,22,18,20,310,555.0,VA007539 LA ROSERAIE A61,,,Nuit avec éclairage allumé,Hors agglomération,Hors intersection,Normale,Deux véhicules - arrière,,,,,,,,,,,5,1,1,1,2
200500073357,0005-11-23 09:56:00,5,11,23,9,56,310,555.0,VA001490 A621,,,Plein jour,Hors agglomération,Hors intersection,Normale,Trois véhicules et plus - collisions multiples,,,,,,,,,,,1,1,1,1,5
200500073358,0005-11-24 09:55:00,5,11,24,9,55,310,555.0,BD DE THIBAUD,,,Plein jour,En agglomération,Hors intersection,Normale,Deux véhicules - côté,,,,,,,,,,,1,2,1,1,3
200500073359,0005-11-24 18:30:00,5,11,24,18,30,310,555.0,"20, RUE PENENT",,,Crépuscule ou aube,En agglomération,Hors intersection,Normale,Autre collision,,,,,,,,,,,2,2,1,1,6
200500073360,0005-11-25 03:55:00,5,11,25,3,55,310,555.0,"1, BOULINGRIN",,,Nuit avec éclairage allumé,En agglomération,Hors intersection,Pluie forte,Autre collision,,,,,,,,,,,5,2,1,3,6
200500073361,0005-11-25 12:30:00,5,11,25,12,30,310,555.0,"318, RTE DE SAINT SIMON",,,Plein jour,En agglomération,Hors intersection,Pluie légère,Deux véhicules - arrière,,,,,,,,,,,1,2,1,2,2
200500073362,0005-11-26 15:42:00,5,11,26,15,42,310,555.0,"15, CHE DU RAMELET MOUND",,,Plein jour,En agglomération,Hors intersection,Pluie forte,Deux véhicules - arrière,,,,,,,,,,,1,2,1,3,2
200500073363,0005-11-25 15:40:00,5,11,25,15,40,310,555.0,VA007342 LA CEPIERE  A62,,,Plein jour,Hors agglomération,Hors intersection,Pluie légère,Trois véhicules et plus - en chaîne,,,,,,,,,,,1,1,1,2,4
200500073364,0005-11-25 15:10:00,5,11,25,15,10,310,555.0,"20, QU DE TOUNIS",,,Plein jour,En agglomération,Hors intersection,Pluie légère,Sans collision,,,,,,,,,,,1,2,1,2,7
200500073365,0005-11-25 13:20:00,5,11,25,13,20,310,555.0,"15, RTE DE LABEGE",,,Plein jour,En agglomération,Hors intersection,Pluie légère,Deux véhicules - côté,,,,,,,,,,,1,2,1,2,3
200500073366,0005-11-26 19:30:00,5,11,26,19,30,310,555.0,"15, AV DU GENERAL EISENH",,,Nuit avec éclairage allumé,En agglomération,Hors intersection,Normale,Deux véhicules - côté,,,,,,,,,,,5,2,1,1,3
200500073367,0005-11-27 09:45:00,5,11,27,9,45,310,555.0,"12, AV DE CASTRES",,,Plein jour,En agglomération,Hors intersection,Temps couvert,Autre collision,,,,,,,,,,,1,2,1,8,6
200500073368,0005-11-27 15:05:00,5,11,27,15,5,310,555.0,"10, RUE DES FRERES LION",,,Plein jour,En agglomération,Hors intersection,Pluie légère,Deux véhicules - arrière,,,,,,,,,,,1,2,1,2,2
200500073369,0005-11-26 11:10:00,5,11,26,11,10,310,555.0,"17, BD DU MARECHAL JUIN",,,Plein jour,En agglomération,Hors intersection,Normale,Deux véhicules - côté,,,,,,,,,,,1,2,1,1,3
200500073370,0005-11-25 07:25:00,5,11,25,7,25,310,555.0,"17, AV DE MURET",,,Nuit avec éclairage allumé,En agglomération,Hors intersection,Pluie légère,Autre collision,,,,,,,,,,,5,2,1,2,6
200500073371,0005-11-29 08:25:00,5,11,29,8,25,310,555.0,VA007598 LESPINET A620 S,,,Plein jour,Hors agglomération,Hors intersection,Pluie légère,Sans collision,,,,,,,,,,,1,1,1,2,7
200500073372,0005-11-28 08:35:00,5,11,28,8,35,310,555.0,"2, RUE LOUIS PLANA",,,Plein jour,En agglomération,Hors intersection,Normale,Deux véhicules - côté,,,,,,,,,,,1,2,1,1,3
200500073373,0005-11-28 10:45:00,5,11,28,10,45,310,555.0,"10, RTE DE BAYONNE",,,Plein jour,En agglomération,Hors intersection,Pluie légère,Deux véhicules - côté,,,,,,,,,,,1,2,1,2,3
200500073374,0005-11-28 11:40:00,5,11,28,11,40,310,555.0,VA007355 PURPAN A620 Sor,,,Plein jour,Hors agglomération,Hors intersection,Normale,Autre collision,,,,,,,,,,,1,1,1,1,6
200500073375,0005-11-28 16:00:00,5,11,28,16,0,310,555.0,"10, CHE DE BASSO CAMBO",,,Plein jour,En agglomération,Hors intersection,Normale,Autre collision,,,,,,,,,,,1,2,1,1,6
200500073376,0005-11-28 19:00:00,5,11,28,19,0,310,555.0,"15, AV JEAN RIEUX",,,Nuit avec éclairage allumé,En agglomération,Hors intersection,Normale,Deux véhicules - côté,,,,,,,,,,,5,2,1,1,3
200500073377,0005-11-28 09:17:00,5,11,28,9,17,310,555.0,"89, AV DE RANGUEIL",,,Plein jour,En agglomération,Hors intersection,Temps éblouissant,Deux véhicules - arrière,,,,,,,,,,,1,2,1,7,2
200500073378,0005-11-29 18:17:00,5,11,29,18,17,310,555.0,"62, RTE DE BLAGNAC",,,Nuit avec éclairage allumé,En agglomération,Hors intersection,Temps couvert,Trois véhicules et plus - en chaîne,,,,,,,,,,,5,2,1,8,4
200500073379,0005-11-29 22:40:00,5,11,29,22,40,310,555.0,"114, CHE DE FENOUILLET",,,Nuit avec éclairage allumé,En agglomération,Hors intersection,Normale,Autre collision,,,,,,,,,,,5,2,1,1,6
200500073380,0005-11-29 19:10:00,5,11,29,19,10,310,555.0,"59, RTE DE NARBONNE",,,Nuit avec éclairage allumé,En agglomération,Hors intersection,Normale,Deux véhicules - côté,,,,,,,,,,,5,2,1,1,3
200500073381,0005-11-30 22:00:00,5,11,30,22,0,310,555.0,VA007493 LES IZARDS A62,,,Nuit avec éclairage allumé,Hors agglomération,Hors intersection,Normale,Autre collision,,,,,,,,,,,5,1,1,1,6
200500073382,0005-11-29 20:15:00,5,11,29,20,15,310,555.0,"10, RUE DU GEN GUSTAVE F",,,Nuit avec éclairage allumé,En agglomération,Intersection en X,Normale,Deux véhicules - côté,,,,,,,,,,,5,2,2,1,3
200500073383,0005-11-30 13:05:00,5,11,30,13,5,310,555.0,"02, RUE DU FAUBOURG BONN",,,Plein jour,En agglomération,Intersection en T,Normale,Deux véhicules - côté,,,,,,,,,,,1,2,3,1,3
200500073384,0005-11-30 15:15:00,5,11,30,15,15,310,555.0,"147, AV DES MINIMES",,,Plein jour,En agglomération,Hors intersection,Normale,Autre collision,,,,,,,,,,,1,2,1,1,6
200500073385,0005-11-30 20:24:00,5,11,30,20,24,310,555.0,VA007547 SOUPETARD A61 S,,,Nuit avec éclairage allumé,Hors agglomération,Hors intersection,Normale,Deux véhicules - côté,,,,,,,,,,,5,1,1,1,3
200500073386,0005-11-14 18:05:00,5,11,14,18,5,310,557.0,"25, DOUMERGUE (RUE GASTO",,,Nuit avec éclairage allumé,En agglomération,Hors intersection,Pluie légère,Autre collision,,,,,,,,,,,5,2,1,2,6
200500073387,0005-11-17 16:25:00,5,11,17,16,25,320,13.0,AGEN (ROUTE D'),,,Plein jour,Hors agglomération,Hors intersection,Normale,Autre collision,,,,,,,,,,,1,1,1,1,6
200500073388,0005-11-19 07:50:00,5,11,19,7,50,320,13.0,AGEN (ROUTE D'),,,Plein jour,Hors agglomération,Hors intersection,Normale,Trois véhicules et plus - collisions multiples,,,,,,,,,,,1,1,1,1,5
200500073389,0005-11-21 18:25:00,5,11,21,18,25,320,13.0,"23, PYRENEES (AVENUE DES",,,Nuit sans éclairage public,En agglomération,Hors intersection,Normale,Autre collision,,,,,,,,,,,3,2,1,1,6
200500073390,0005-11-23 14:45:00,5,11,23,14,45,320,13.0,"1, HOCHE (AVENUE)",,,Plein jour,En agglomération,Intersection en X,Normale,Deux véhicules - côté,,,,,,,,,,,1,2,2,1,3
200500073391,0005-11-24 18:15:00,5,11,24,18,15,320,13.0,PIERRE MENDES FRANCE,,,Nuit avec éclairage allumé,En agglomération,Intersection en T,Normale,Deux véhicules - côté,,,,,,,,,,,5,2,3,1,3
200500073392,0005-11-25 14:00:00,5,11,25,14,0,320,13.0,ENDOUMINGUE (PONT D'),,,Plein jour,En agglomération,Giratoire,Pluie forte,Deux véhicules - arrière,,,,,,,,,,,1,2,6,3,2
200500073393,0005-11-29 23:30:00,5,11,29,23,30,320,13.0,"48, VICTOR HUGO (RUE)",,,Nuit avec éclairage allumé,En agglomération,Hors intersection,Normale,Autre collision,,,,,,,,,,,5,2,1,1,6
200500073394,0005-11-01 19:10:00,5,11,1,19,10,330,9.0,"25, LECLERC (BD DU MAL)",,,Nuit avec éclairage allumé,En agglomération,Hors intersection,Normale,Autre collision,,,,,,,,,,,5,2,1,1,6
200500073395,0005-11-05 16:43:00,5,11,5,16,43,330,529.0,PORT (RUE DU),,,Plein jour,En agglomération,Hors intersection,Normale,Deux véhicules - frontale,,,,,,,,,,,1,2,1,1,1
200500073396,0005-11-03 18:20:00,5,11,3,18,20,330,529.0,"., HUGO (RUE VICTOR)",,,Nuit avec éclairage allumé,En agglomération,Hors intersection,Pluie légère,Deux véhicules - frontale,,,,,,,,,,,5,2,1,2,1
200500073397,0005-11-09 13:22:00,5,11,9,13,22,330,9.0,DE GAULLE (AVE GAL),,,Plein jour,En agglomération,Intersection en X,Pluie légère,Deux véhicules - côté,,,,,,,,,,,1,2,2,2,3
200500073398,0005-11-01 03:35:00,5,11,1,3,35,330,63.0,BD JOLIOT-CURIE,,,Nuit avec éclairage allumé,En agglomération,Hors intersection,Pluie légère,Deux véhicules - arrière,,,,,,,,,,,5,2,1,2,2
200500073399,0005-11-02 17:30:00,5,11,2,17,30,330,63.0,CRS ARISTIDE BRIAND,,,Plein jour,En agglomération,Intersection en T,Normale,Deux véhicules - côté,,,,,,,,,,,1,2,3,1,3
200500073400,0005-11-02 18:00:00,5,11,2,18,0,330,63.0,AVE DES TROIS CARDINAUX,,,Nuit avec éclairage allumé,En agglomération,Hors intersection,Normale,Deux véhicules - côté,,,,,,,,,,,5,2,1,1,3
200500073401,0005-11-03 07:50:00,5,11,3,7,50,330,63.0,"116, QUAI DE LA SOUYS",,,Plein jour,En agglomération,Hors intersection,Pluie légère,Deux véhicules - côté,,,,,,,,,,,1,2,1,2,3
200500073402,0005-11-03 11:30:00,5,11,3,11,30,330,63.0,BD DU PRESIDENT WILSON,,,Plein jour,En agglomération,Intersection en X,Normale,Autre collision,,,,,,,,,,,1,2,2,1,6
200500073403,0005-11-03 18:00:00,5,11,3,18,0,330,63.0,RUE PAUL CAMELLE,,,Nuit avec éclairage allumé,En agglomération,Intersection en X,Pluie forte,Trois véhicules et plus - collisions multiples,,,,,,,,,,,5,2,2,3,5
200500073404,0005-11-04 02:45:00,5,11,4,2,45,330,63.0,"57, CRS DE LA MARNE",,,Nuit avec éclairage allumé,En agglomération,Hors intersection,Pluie légère,Autre collision,,,,,,,,,,,5,2,1,2,6