accident_id,datetime,annee,mois,jour,heure,minute,departement,commune_insee,adresse,latitude,longitude,luminosite,agglomeration,intersection,meteo,collision,nb_vehicules,nb_usagers,nb_indemnes,nb_tues,nb_blesses_hosp,nb_blesses_legers,age_cond_1,age_cond_2,veh_type_cond_1,veh_type_cond_2,lum_code,agg_code,int_code,atm_code,col_code
200500073533,0005-11-21 16:20:00,5,11,21,16,20,340,32.0,"101, WILSON PRESIDENT (A",,,Plein jour,En agglomération,Intersection en T,Normale,Deux véhicules - arrière,,,,,,,,,,,1,2,3,1,2
200500073534,0005-11-19 17:15:00,5,11,19,17,15,340,32.0,"NR, SAINT GENIES (RUE DE",,,Plein jour,En agglomération,Intersection en T,Normale,Deux véhicules - côté,,,,,,,,,,,1,2,3,1,3
200500073535,0005-11-21 16:32:00,5,11,21,16,32,340,32.0,"12, MIRBEAU OCTAVE (RUE)",,,Plein jour,En agglomération,Hors intersection,Normale,Sans collision,,,,,,,,,,,1,2,1,1,7
200500073536,0005-11-23 10:10:00,5,11,23,10,10,340,32.0,"NR, VOIE DOMITIENNE (AV",,,Plein jour,En agglomération,Intersection en X,Normale,Sans collision,,,,,,,,,,,1,2,2,1,7
200500073537,0005-11-23 18:30:00,5,11,23,18,30,340,32.0,LIBERTE (BD DE LA),,,Nuit avec éclairage allumé,En agglomération,Intersection en T,Normale,Deux véhicules - côté,,,,,,,,,,,5,2,3,1,3
200500073538,0005-11-23 19:45:00,5,11,23,19,45,340,73.0,"NR, ARBOUSIERS (RUE DES)",,,Nuit avec éclairage allumé,En agglomération,Intersection en T,Normale,Deux véhicules - côté,,,,,,,,,,,5,2,3,1,3
200500073539,0005-11-25 13:40:00,5,11,25,13,40,340,32.0,"01, MALON BENOIT (RUE)",,,Plein jour,En agglomération,Hors intersection,Normale,Sans collision,,,,,,,,,,,1,2,1,1,7
200500073540,0005-11-27 07:45:00,5,11,27,7,45,340,336.0,RN.1112,,,Plein jour,Hors agglomération,Intersection en X,Normale,Trois véhicules et plus - collisions multiples,,,,,,,,,,,1,1,2,1,5
200500073541,0005-11-25 13:05:00,5,11,25,13,5,340,32.0,"18, VERDUN (BD DE)",,,Plein jour,En agglomération,Hors intersection,Normale,Sans collision,,,,,,,,,,,1,2,1,1,7
200500073542,0005-11-25 15:15:00,5,11,25,15,15,340,32.0,"NR, CAMUS ALBERT (RUE)",,,Plein jour,Hors agglomération,Intersection en X,Normale,Deux véhicules - côté,,,,,,,,,,,1,1,2,1,3
200500073543,0005-11-26 13:39:00,5,11,26,13,39,340,32.0,"47, WILSON PRESIDENT (AV",,,Plein jour,En agglomération,Intersection en T,Normale,Deux véhicules - côté,,,,,,,,,,,1,2,3,1,3
200500073544,0005-11-27 04:25:00,5,11,27,4,25,340,336.0,RN.112,,,Nuit avec éclairage allumé,Hors agglomération,Hors intersection,Normale,Sans collision,,,,,,,,,,,5,1,1,1,7
200500073545,0005-11-27 15:40:00,5,11,27,15,40,340,32.0,BEDARIEUX (ROUTE DE),,,Plein jour,Hors agglomération,Hors intersection,Normale,Sans collision,,,,,,,,,,,1,1,1,1,7
200500073546,0005-11-01 20:56:00,5,11,1,20,56,340,172.0,"551, MONTASINOS (RUE DE",,,Nuit avec éclairage allumé,En agglomération,Intersection en X,Normale,Deux véhicules - arrière,,,,,,,,,,,5,2,2,1,2
200500073547,0005-11-04 11:35:00,5,11,4,11,35,340,172.0,"423, PONT DE LAVERUNE (R",,,Plein jour,En agglomération,Hors intersection,Pluie légère,Deux véhicules - côté,,,,,,,,,,,1,2,1,2,3
200500073548,0005-11-04 14:15:00,5,11,4,14,15,340,172.0,MONTMORENCY (ALLEE HENRI,,,Plein jour,En agglomération,Hors intersection,Temps couvert,Autre collision,,,,,,,,,,,1,2,1,8,6
200500073549,0005-11-05 22:50:00,5,11,5,22,50,340,172.0,LIBERTE (AVENUE DE LA,,,Nuit avec éclairage allumé,En agglomération,Hors intersection,Normale,Deux véhicules - frontale,,,,,,,,,,,5,2,1,1,1
200500073550,0005-11-08 08:43:00,5,11,8,8,43,340,172.0,"39, TOULOUSE (AVENUE DE",,,Plein jour,En agglomération,Hors intersection,Normale,Deux véhicules - côté,,,,,,,,,,,1,2,1,1,3
200500073551,0005-11-08 10:45:00,5,11,8,10,45,340,172.0,CHAMPLAIN (AVENUE SAMUEL,,,Plein jour,En agglomération,Intersection en X,Normale,Deux véhicules - côté,,,,,,,,,,,1,2,2,1,3
200500073552,0005-11-08 18:00:00,5,11,8,18,0,340,172.0,", MOULIN DE SEMALEN (RUE",,,Nuit avec éclairage allumé,En agglomération,Hors intersection,Normale,Deux véhicules - frontale,,,,,,,,,,,5,2,1,1,1
200500073553,0005-11-09 15:00:00,5,11,9,15,0,340,172.0,LODEVE (AVENUE DE,,,Plein jour,En agglomération,Intersection en X,Pluie légère,Deux véhicules - côté,,,,,,,,,,,1,2,2,2,3
200500073554,0005-11-09 18:00:00,5,11,9,18,0,340,172.0,CARRIEU (RUE MARIUS),,,Plein jour,En agglomération,Hors intersection,Normale,Deux véhicules - côté,,,,,,,,,,,1,2,1,1,3
200500073555,0005-11-09 19:10:00,5,11,9,19,10,340,172.0,LOUISVILLE (AVENUE DE),,,Nuit avec éclairage allumé,En agglomération,Intersection en X,Pluie légère,Deux véhicules - frontale,,,,,,,,,,,5,2,2,2,1
200500073556,0005-11-10 08:50:00,5,11,10,8,50,340,172.0,"1, VIEILLE POSTE (RUE DE",,,Plein jour,En agglomération,Hors intersection,Temps couvert,Sans collision,,,,,,,,,,,1,2,1,8,7
200500073557,0005-11-12 05:50:00,5,11,12,5,50,340,172.0,SORBES (RUE DE LAS,,,Nuit avec éclairage allumé,En agglomération,Intersection en T,Pluie légère,Autre collision,,,,,,,,,,,5,2,3,2,6
200500073558,0005-11-12 18:35:00,5,11,12,18,35,340,172.0,"735, RAVAZ (AVENUE DU PR",,,Nuit avec éclairage allumé,En agglomération,Hors intersection,Pluie forte,Autre collision,,,,,,,,,,,5,2,1,3,6
200500073559,0005-11-11 04:15:00,5,11,11,4,15,340,172.0,ANTONELLI (AVENUE DU PRO,,,Nuit avec éclairage allumé,En agglomération,Hors intersection,Normale,Deux véhicules - arrière,,,,,,,,,,,5,2,1,1,2
200500073560,0005-11-13 01:05:00,5,11,13,1,5,340,172.0,"410, ROSEAU (RUE PROFESS",,,Nuit avec éclairage allumé,En agglomération,Hors intersection,Temps couvert,Autre collision,,,,,,,,,,,5,2,1,8,6
200500073561,0005-11-14 15:14:00,5,11,14,15,14,340,172.0,"12, LAVERUNE (ROUTE DE",,,Plein jour,En agglomération,Hors intersection,Pluie légère,Autre collision,,,,,,,,,,,1,2,1,2,6
200500073562,0005-11-14 18:35:00,5,11,14,18,35,340,172.0,LEPINE (RUE LOUIS),,,Nuit avec éclairage allumé,En agglomération,Intersection en T,Pluie forte,Deux véhicules - côté,,,,,,,,,,,5,2,3,3,3
200500073563,0005-11-14 23:02:00,5,11,14,23,2,340,172.0,ALCO (RUE D',,,Nuit avec éclairage allumé,En agglomération,Hors intersection,Autre,Autre collision,,,,,,,,,,,5,2,1,9,6
200500073564,0005-11-15 11:50:00,5,11,15,11,50,340,172.0,"138, LODEVE (AVENUE DE",,,Plein jour,En agglomération,Hors intersection,Normale,Deux véhicules - côté,,,,,,,,,,,1,2,1,1,3
200500073565,0005-11-16 07:40:00,5,11,16,7,40,340,172.0,"sans n, GOSSEC (RUE FRAN",,,Plein jour,En agglomération,Hors intersection,Normale,Deux véhicules - côté,,,,,,,,,,,1,2,1,1,3
200500073566,0005-11-17 01:30:00,5,11,17,1,30,340,172.0,LAVERUNE (ROUTE DE,,,Nuit avec éclairage allumé,En agglomération,Intersection en T,Normale,Deux véhicules - arrière,,,,,,,,,,,5,2,3,1,2
200500073567,0005-11-17 10:45:00,5,11,17,10,45,340,129.0,NEGA CAT (PLAN DU),,,Plein jour,En agglomération,Hors intersection,Normale,Autre collision,,,,,,,,,,,1,2,1,1,6
200500073568,0005-11-14 09:50:00,5,11,14,9,50,340,172.0,"18, CABRIERES CARDINAL",,,Plein jour,En agglomération,Intersection en X,Pluie légère,Deux véhicules - côté,,,,,,,,,,,1,2,2,2,3
200500073569,0005-11-17 18:59:00,5,11,17,18,59,340,172.0,"16, RONDELET (PLACE)",,,Nuit avec éclairage allumé,En agglomération,Intersection en T,Normale,Autre collision,,,,,,,,,,,5,2,3,1,6
200500073570,0005-11-17 20:55:00,5,11,17,20,55,340,172.0,"401, BLUM (RUE LEON)",,,Nuit avec éclairage allumé,En agglomération,Hors intersection,Normale,Autre collision,,,,,,,,,,,5,2,1,1,6
200500073571,0005-11-21 08:10:00,5,11,21,8,10,340,172.0,"SANS N, REINE HELENE D'I",,,Plein jour,En agglomération,Hors intersection,Normale,Deux véhicules - côté,,,,,,,,,,,1,2,1,1,3
200500073572,0005-11-18 09:20:00,5,11,18,9,20,340,172.0,"1201, ALCO (RUE D'",,,Plein jour,En agglomération,Hors intersection,Normale,Deux véhicules - frontale,,,,,,,,,,,1,2,1,1,1
200500073573,0005-11-19 15:40:00,5,11,19,15,40,340,172.0,"SANS, RECAMBALE (AVENUE",,,Plein jour,En agglomération,Hors intersection,Normale,Sans collision,,,,,,,,,,,1,2,1,1,7
200500073574,0005-11-20 22:03:00,5,11,20,22,3,340,172.0,"SANS N°, FLAHAULT (AVENU",,,Nuit avec éclairage allumé,En agglomération,Hors intersection,Normale,Deux véhicules - arrière,,,,,,,,,,,5,2,1,1,2
200500073575,0005-11-18 08:50:00,5,11,18,8,50,340,172.0,"SANS N°, GIMEL (AVENUE D",,,Plein jour,En agglomération,Hors intersection,Normale,Autre collision,,,,,,,,,,,1,2,1,1,6
200500073576,0005-11-23 17:15:00,5,11,23,17,15,340,172.0,"54, CLEMENCEAU (AVENUE G",,,Nuit avec éclairage allumé,En agglomération,Intersection en T,Normale,Deux véhicules - côté,,,,,,,,,,,5,2,3,1,3
200500073577,0005-11-25 07:45:00,5,11,25,7,45,340,172.0,"26, LODEVE (ROUTE DE)",,,Plein jour,En agglomération,Intersection en T,Pluie légère,Autre collision,,,,,,,,,,,1,2,3,2,6
200500073578,0005-11-22 09:25:00,5,11,22,9,25,340,172.0,CROIX DE LAVIT (RUE DE L,,,Plein jour,En agglomération,Intersection en T,Normale,Deux véhicules - côté,,,,,,,,,,,1,2,3,1,3
200500073579,0005-11-22 13:50:00,5,11,22,13,50,340,172.0,"3, GRAND SAINT JEAN (RUE",,,Plein jour,En agglomération,Hors intersection,Normale,Autre collision,,,,,,,,,,,1,2,1,1,6
200500073580,0005-11-23 15:20:00,5,11,23,15,20,340,129.0,PALAVAS D986 (ROUTE DE),,,Plein jour,En agglomération,Intersection en Y,Temps couvert,Trois véhicules et plus - collisions multiples,,,,,,,,,,,1,2,4,8,5
200500073581,0005-11-25 18:35:00,5,11,25,18,35,340,129.0,"SANS, AGAU (AVENUE DE L'",,,Nuit sans éclairage public,Hors agglomération,Hors intersection,Normale,Deux véhicules - frontale,,,,,,,,,,,3,1,1,1,1
200500073582,0005-11-25 08:00:00,5,11,25,8,0,340,172.0,POMPIGNANE (AVENUE DE LA,,,Plein jour,En agglomération,Hors intersection,Pluie légère,Deux véhicules - côté,,,,,,,,,,,1,2,1,2,3
200500073583,0005-11-26 18:35:00,5,11,26,18,35,340,172.0,"sans n, LOGE (RUE DE LA)",,,Nuit avec éclairage allumé,En agglomération,Hors intersection,Normale,Autre collision,,,,,,,,,,,5,2,1,1,6
200500073584,0005-11-28 08:35:00,5,11,28,8,35,340,172.0,"sans n, SAINT-PRIEST (RU",,,Plein jour,En agglomération,Hors intersection,Normale,Autre collision,,,,,,,,,,,1,2,1,1,6
200500073585,0005-11-28 17:30:00,5,11,28,17,30,340,172.0,"220, PRES D'ARENES (AVEN",,,Nuit avec éclairage allumé,En agglomération,Hors intersection,Normale,Deux véhicules - frontale,,,,,,,,,,,5,2,1,1,1
200500073586,0005-11-27 23:05:00,5,11,27,23,5,340,172.0,"SANS N°, LIBERTE (AVENUE",,,Nuit avec éclairage allumé,En agglomération,Hors intersection,Normale,Deux véhicules - arrière,,,,,,,,,,,5,2,1,1,2
200500073587,0005-11-29 07:50:00,5,11,29,7,50,340,172.0,"155, SORBES (RUE DE LAS",,,Plein jour,En agglomération,Hors intersection,Temps couvert,Deux véhicules - côté,,,,,,,,,,,1,2,1,8,3
200500073588,0005-11-01 15:10:00,5,11,1,15,10,340,108.0,"AUCUN, 81ème R.I. (RUE D",,,Plein jour,En agglomération,Hors intersection,Normale,Deux véhicules - côté,,,,,,,,,,,1,2,1,1,3
200500073589,0005-11-04 09:10:00,5,11,4,9,10,340,108.0,"aucun, VIGNERONS (AVENUE",,,Plein jour,En agglomération,Hors intersection,Normale,Deux véhicules - côté,,,,,,,,,,,1,2,1,1,3
200500073590,0005-11-05 14:55:00,5,11,5,14,55,340,301.0,"aucun, MERLE ADOLPHE (QU",,,Plein jour,En agglomération,Hors intersection,Normale,Deux véhicules - côté,,,,,,,,,,,1,2,1,1,3
200500073591,0005-11-11 16:00:00,5,11,11,16,0,340,108.0,"aucun, RN 112",,,Plein jour,Hors agglomération,Hors intersection,Normale,Deux véhicules - côté,,,,,,,,,,,1,1,1,1,3
200500073592,0005-11-17 08:15:00,5,11,17,8,15,340,108.0,"AUCUN, .",,,Plein jour,Hors agglomération,Hors intersection,Normale,Deux véhicules - arrière,,,,,,,,,,,1,1,1,1,2
200500073593,0005-11-25 20:10:00,5,11,25,20,10,340,108.0,"AUCUN, VIGNERONS (AVENUE",,,Plein jour,En agglomération,Hors intersection,Normale,Deux véhicules - côté,,,,,,,,,,,1,2,1,1,3
200500073594,0005-11-03 01:20:00,5,11,3,1,20,350,238.0,"00, JAURES ( JEAN)",,,Nuit avec éclairage allumé,En agglomération,Intersection en X,Normale,Deux véhicules - côté,,,,,,,,,,,5,2,2,1,3
200500073595,0005-11-03 14:35:00,5,11,3,14,35,350,238.0,"17, PUITS MAUGER (DU)",,,Plein jour,En agglomération,Hors intersection,Normale,Deux véhicules - arrière,,,,,,,,,,,1,2,1,1,2
200500073596,0005-11-04 11:35:00,5,11,4,11,35,350,238.0,"00, LAMENNAIS (QUAI)",,,Plein jour,En agglomération,Intersection en T,Normale,Deux véhicules - côté,,,,,,,,,,,1,2,3,1,3
200500073597,0005-11-04 19:05:00,5,11,4,19,5,350,238.0,ROCADE 6-7,,,Crépuscule ou aube,Hors agglomération,Hors intersection,Normale,Deux véhicules - côté,,,,,,,,,,,2,1,1,1,3
200500073598,0005-11-04 20:20:00,5,11,4,20,20,350,238.0,"00, FOUGERES (RUE DE) DE",,,Nuit avec éclairage allumé,En agglomération,Intersection en X,Normale,Deux véhicules - côté,,,,,,,,,,,5,2,2,1,3
200500073599,0005-11-05 18:28:00,5,11,5,18,28,350,238.0,"00, MONTS D'ARREE (AVENU",,,Nuit avec éclairage allumé,En agglomération,Hors intersection,Normale,Autre collision,,,,,,,,,,,5,2,1,1,6
200500073600,0005-11-05 20:00:00,5,11,5,20,0,350,238.0,"00, UKRAINE (ALLEE D')",,,Nuit avec éclairage allumé,En agglomération,Hors intersection,Normale,Deux véhicules - côté,,,,,,,,,,,5,2,1,1,3
200500073601,0005-11-06 06:00:00,5,11,6,6,0,350,238.0,"00, RD 463",,,Nuit sans éclairage public,Hors agglomération,Hors intersection,Normale,Autre collision,,,,,,,,,,,3,1,1,1,6
200500073602,0005-11-06 21:00:00,5,11,6,21,0,350,238.0,PORTE DE ST MALO,,,Nuit sans éclairage public,En agglomération,Hors intersection,Pluie forte,Trois véhicules et plus - en chaîne,,,,,,,,,,,3,2,1,3,4
200500073603,0005-11-08 18:00:00,5,11,8,18,0,350,238.0,"12, HERVE (BD GAETAN)",,,Crépuscule ou aube,En agglomération,Hors intersection,Normale,Autre collision,,,,,,,,,,,2,2,1,1,6
200500073604,0005-11-08 18:20:00,5,11,8,18,20,350,238.0,"00, LORIENT (DE)",,,Nuit avec éclairage allumé,En agglomération,Hors intersection,Normale,Trois véhicules et plus - en chaîne,,,,,,,,,,,5,2,1,1,4
200500073605,0005-11-09 09:10:00,5,11,9,9,10,350,238.0,"00, PORTE DE NANTES",,,Plein jour,En agglomération,Hors intersection,Normale,Deux véhicules - arrière,,,,,,,,,,,1,2,1,1,2
200500073606,0005-11-09 09:25:00,5,11,9,9,25,350,55.0,"63, PARC (RUE DU)",,,Plein jour,En agglomération,Hors intersection,Normale,Deux véhicules - arrière,,,,,,,,,,,1,2,1,1,2
200500073607,0005-11-09 14:50:00,5,11,9,14,50,350,238.0,"00, DE GAULLE (AVENUE GE",,,Plein jour,En agglomération,Hors intersection,Normale,Trois véhicules et plus - en chaîne,,,,,,,,,,,1,2,1,1,4
200500073608,0005-11-11 00:30:00,5,11,11,0,30,350,238.0,"7, CHEZY (BD DE)",,,Nuit avec éclairage allumé,En agglomération,Autre intersection,Normale,Deux véhicules - côté,,,,,,,,,,,5,2,9,1,3
200500073609,0005-11-12 02:20:00,5,11,12,2,20,350,238.0,"20, SAINT-HELIER",,,Nuit avec éclairage allumé,En agglomération,Hors intersection,Normale,Autre collision,,,,,,,,,,,5,2,1,1,6
200500073610,0005-11-13 05:25:00,5,11,13,5,25,350,238.0,"00, SUISSE (DE)",,,Nuit avec éclairage allumé,En agglomération,Intersection en X,Normale,Deux véhicules - côté,,,,,,,,,,,5,2,2,1,3
200500073611,0005-11-13 16:15:00,5,11,13,16,15,350,238.0,"00, PORTE DU BLOSNE",,,Plein jour,En agglomération,Hors intersection,Normale,Deux véhicules - côté,,,,,,,,,,,1,2,1,1,3
200500073612,0005-11-14 17:50:00,5,11,14,17,50,350,238.0,"300, NANTES (RUE DE)",,,Nuit avec éclairage allumé,En agglomération,Hors intersection,Normale,Deux véhicules - côté,,,,,,,,,,,5,2,1,1,3
200500073613,0005-11-14 19:20:00,5,11,14,19,20,350,238.0,"232, VERDUN (BD DE)",,,Nuit avec éclairage allumé,En agglomération,Intersection en T,Normale,Deux véhicules - côté,,,,,,,,,,,5,2,3,1,3
200500073614,0005-11-14 23:10:00,5,11,14,23,10,350,238.0,"31, GAYEULLES (AVENUE DE",,,Nuit avec éclairage allumé,En agglomération,Intersection en X,Normale,Autre collision,,,,,,,,,,,5,2,2,1,6
200500073615,0005-11-16 03:30:00,5,11,16,3,30,350,238.0,"00, NITSCH (CARREFOUR GE",,,Nuit avec éclairage allumé,En agglomération,Hors intersection,Pluie légère,Autre collision,,,,,,,,,,,5,2,1,2,6
200500073616,0005-11-16 18:10:00,5,11,16,18,10,350,238.0,"00, JOLY (DU DOCTEUR FRA",,,Nuit avec éclairage allumé,En agglomération,Hors intersection,Normale,Deux véhicules - côté,,,,,,,,,,,5,2,1,1,3
200500073617,0005-11-16 18:15:00,5,11,16,18,15,350,238.0,RN136,,,Nuit sans éclairage public,Hors agglomération,Hors intersection,Normale,Deux véhicules - côté,,,,,,,,,,,3,1,1,1,3
200500073618,0005-11-16 20:00:00,5,11,16,20,0,350,238.0,"00, TILLON (AVENUE CHARL",,,Nuit avec éclairage allumé,En agglomération,Intersection en X,Normale,Deux véhicules - côté,,,,,,,,,,,5,2,2,1,3
200500073619,0005-11-17 00:40:00,5,11,17,0,40,350,238.0,"00, BRETAGNE (PONT DE)",,,Nuit avec éclairage allumé,En agglomération,Intersection en X,Normale,Autre collision,,,,,,,,,,,5,2,2,1,6
200500073620,0005-11-17 16:45:00,5,11,17,16,45,350,55.0,RD 463,,,Plein jour,En agglomération,Giratoire,Normale,Deux véhicules - côté,,,,,,,,,,,1,2,6,1,3
200500073621,0005-11-17 20:40:00,5,11,17,20,40,350,238.0,PORTE DE BREQUIGNY,,,Nuit sans éclairage public,Hors agglomération,Hors intersection,Normale,Deux véhicules - côté,,,,,,,,,,,3,1,1,1,3
200500073622,0005-11-18 03:55:00,5,11,18,3,55,350,238.0,"126, LECLERC (AVENUE DU",,,Nuit avec éclairage allumé,En agglomération,Hors intersection,Normale,Autre collision,,,,,,,,,,,5,2,1,1,6
200500073623,0005-11-19 14:05:00,5,11,19,14,5,350,238.0,"00, PATTON (AVENUE DU GE",,,Plein jour,En agglomération,Intersection en T,Normale,Deux véhicules - côté,,,,,,,,,,,1,2,3,1,3
200500073624,0005-11-19 17:25:00,5,11,19,17,25,350,238.0,"15, TILLON (AVENUE CHARL",,,Crépuscule ou aube,En agglomération,Hors intersection,Normale,Autre collision,,,,,,,,,,,2,2,1,1,6
200500073625,0005-11-20 06:13:00,5,11,20,6,13,350,281.0,"00, RD 177",,,Nuit avec éclairage allumé,Hors agglomération,Intersection en T,Normale,Deux véhicules - arrière,,,,,,,,,,,5,1,3,1,2
200500073626,0005-11-21 07:45:00,5,11,21,7,45,350,238.0,"00, PARIS (RUE DE)",,,Crépuscule ou aube,En agglomération,Intersection en X,Normale,Deux véhicules - côté,,,,,,,,,,,2,2,2,1,3
200500073627,0005-11-21 08:50:00,5,11,21,8,50,350,238.0,"00, ALMA (DE L')",,,Plein jour,En agglomération,Intersection en Y,Normale,Deux véhicules - côté,,,,,,,,,,,1,2,4,1,3
200500073628,0005-11-22 17:20:00,5,11,22,17,20,350,238.0,"144, VITRE (BLD DE)",,,Crépuscule ou aube,En agglomération,Hors intersection,Normale,Autre collision,,,,,,,,,,,2,2,1,1,6
200500073629,0005-11-22 18:00:00,5,11,22,18,0,350,238.0,"00, RN136",,,Nuit sans éclairage public,Hors agglomération,Hors intersection,Normale,Deux véhicules - arrière,,,,,,,,,,,3,1,1,1,2
200500073630,0005-11-23 10:40:00,5,11,23,10,40,350,238.0,"00, FREVILLE (AVENUE HEN",,,Plein jour,En agglomération,Intersection en X,Normale,Deux véhicules - côté,,,,,,,,,,,1,2,2,1,3
200500073631,0005-11-24 13:20:00,5,11,24,13,20,350,238.0,"8, VOLNEY (BD)",,,Plein jour,En agglomération,Hors intersection,Pluie légère,Deux véhicules - côté,,,,,,,,,,,1,2,1,2,3
200500073632,0005-11-24 15:40:00,5,11,24,15,40,350,238.0,"00, NANTES (DE)",,,Plein jour,En agglomération,Intersection en X,Pluie légère,Autre collision,,,,,,,,,,,1,2,2,2,6
200500073633,0005-11-24 19:00:00,5,11,24,19,0,350,238.0,"00, VEZIN (ROUTE DE)",,,Crépuscule ou aube,En agglomération,Intersection en X,Pluie légère,Deux véhicules - côté,,,,,,,,,,,2,2,2,2,3
200500073634,0005-11-25 20:25:00,5,11,25,20,25,350,238.0,"00, ALPHASIS (ROND POINT",,,Nuit avec éclairage allumé,Hors agglomération,Hors intersection,Neige / grêle,Deux véhicules - côté,,,,,,,,,,,5,1,1,4,3
200500073635,0005-11-25 21:32:00,5,11,25,21,32,350,238.0,"00, PORTE DE ST MALO",,,Nuit avec éclairage allumé,Hors agglomération,Hors intersection,Neige / grêle,Trois véhicules et plus - collisions multiples,,,,,,,,,,,5,1,1,4,5
200500073636,0005-11-27 06:15:00,5,11,27,6,15,350,238.0,"00, BRETAGNE (PONT DE)",,,Nuit avec éclairage allumé,En agglomération,Hors intersection,Normale,Sans collision,,,,,,,,,,,5,2,1,1,7
200500073637,0005-11-27 19:05:00,5,11,27,19,5,350,238.0,"00, MAGINOT (AVENUE SERG",,,Crépuscule ou aube,En agglomération,Hors intersection,Normale,Deux véhicules - côté,,,,,,,,,,,2,2,1,1,3
200500073638,0005-11-27 12:55:00,5,11,27,12,55,350,238.0,"00, MAGENTA (BD)",,,Plein jour,En agglomération,Hors intersection,Normale,Autre collision,,,,,,,,,,,1,2,1,1,6
200500073639,0005-11-29 05:15:00,5,11,29,5,15,350,238.0,"00, PATTON (AVENUE DU GE",,,Nuit avec éclairage allumé,En agglomération,Hors intersection,Pluie légère,Autre collision,,,,,,,,,,,5,2,1,2,6
200500073640,0005-11-29 08:00:00,5,11,29,8,0,350,238.0,"00, MERMOZ (BD JEAN)",,,Crépuscule ou aube,En agglomération,Hors intersection,Normale,Sans collision,,,,,,,,,,,2,2,1,1,7
200500073641,0005-11-29 12:15:00,5,11,29,12,15,350,238.0,"00, HUET (ABBE)",,,Plein jour,En agglomération,Hors intersection,Normale,Deux véhicules - côté,,,,,,,,,,,1,2,1,1,3
200500073642,0005-11-30 18:50:00,5,11,30,18,50,350,238.0,"00, PAVIE (AUGUSTE)",,,Nuit avec éclairage allumé,En agglomération,Hors intersection,Pluie légère,Autre collision,,,,,,,,,,,5,2,1,2,6
200500073643,0005-11-30 18:35:00,5,11,30,18,35,350,238.0,"00, PAYS-BAS (AVENUE DES",,,Nuit avec éclairage allumé,En agglomération,Intersection en X,Pluie légère,Deux véhicules - côté,,,,,,,,,,,5,2,2,2,3
200500073644,0005-11-04 22:25:00,5,11,4,22,25,350,352.0,BOULANGER SERGENT (RUE D,,,Nuit avec éclairage allumé,En agglomération,Intersection en X,Normale,Deux véhicules - côté,,,,,,,,,,,5,2,2,1,3
200500073645,0005-11-02 11:19:00,5,11,2,11,19,350,288.0,"00, TALARDS (BOULEVARD D",,,Plein jour,En agglomération,Intersection en Y,Pluie légère,Deux véhicules - côté,,,,,,,,,,,1,2,4,2,3
200500073646,0005-11-20 12:00:00,5,11,20,12,0,350,288.0,CARTIER JACQUES (LIEU DI,,,Plein jour,En agglomération,Hors intersection,Normale,Deux véhicules - côté,,,,,,,,,,,1,2,1,1,3
200500073647,0005-11-23 10:50:00,5,11,23,10,50,350,288.0,"00000, CD168",,,Plein jour,En agglomération,Hors intersection,Normale,Deux véhicules - arrière,,,,,,,,,,,1,2,1,1,2
200500073648,0005-11-27 14:40:00,5,11,27,14,40,350,288.0,VAL (DU) QUAI,,,Plein jour,En agglomération,Hors intersection,Normale,Deux véhicules - côté,,,,,,,,,,,1,2,1,1,3
200500073649,0005-11-15 14:00:00,5,11,15,14,0,350,288.0,"25, VILLE PEPIN (RUE)",,,Plein jour,En agglomération,Hors intersection,Normale,Sans collision,,,,,,,,,,,1,2,1,1,7
200500073650,0005-11-04 15:35:00,5,11,4,15,35,350,288.0,"0000000, DE GAULLE GENER",,,Plein jour,En agglomération,Hors intersection,Normale,Sans collision,,,,,,,,,,,1,2,1,1,7
200500073651,0005-11-22 19:15:00,5,11,22,19,15,360,159.0,VARENNES (ROUTE DE),,,Nuit sans éclairage public,En agglomération,Intersection en X,Normale,Autre collision,,,,,,,,,,,3,2,2,1,6
200500073652,0005-11-24 13:35:00,5,11,24,13,35,360,44.0,"0, MITTERAND (AV FRANCOI",,,Plein jour,En agglomération,Hors intersection,Normale,Autre collision,,,,,,,,,,,1,2,1,1,6
200500073653,0005-11-09 07:50:00,5,11,9,7,50,360,159.0,"0, FORET (AVENUE DE LA)",,,Crépuscule ou aube,Hors agglomération,Hors intersection,Normale,Autre collision,,,,,,,,,,,2,1,1,1,6
200500073654,0005-11-11 14:50:00,5,11,11,14,50,360,44.0,"46, ARGENTON (AV D')",,,Plein jour,En agglomération,Hors intersection,Normale,Autre collision,,,,,,,,,,,1,2,1,1,6
200500073655,0005-11-13 19:25:00,5,11,13,19,25,360,159.0,"0, CROIX DE CHABRIANT (R",,,Nuit sans éclairage public,Hors agglomération,Intersection en X,Normale,Deux véhicules - côté,,,,,,,,,,,3,1,2,1,3
200500073656,0005-11-15 18:35:00,5,11,15,18,35,360,44.0,"180, CHATRE (AV DE LA) D",,,Nuit avec éclairage allumé,En agglomération,Hors intersection,Normale,Deux véhicules - arrière,,,,,,,,,,,5,2,1,1,2
200500073657,0005-11-16 17:35:00,5,11,16,17,35,360,202.0,OCCITANIE (AVENUE DE ),,,Plein jour,En agglomération,Hors intersection,Normale,Trois véhicules et plus - en chaîne,,,,,,,,,,,1,2,1,1,4