accident_id,datetime,annee,mois,jour,heure,minute,departement,commune_insee,adresse,latitude,longitude,luminosite,agglomeration,intersection,meteo,collision,nb_vehicules,nb_usagers,nb_indemnes,nb_tues,nb_blesses_hosp,nb_blesses_legers,age_cond_1,age_cond_2,veh_type_cond_1,veh_type_cond_2,lum_code,agg_code,int_code,atm_code,col_code
200500073786,0005-11-10 10:40:00,5,11,10,10,40,420,207.0,"6, FOURS BANAUX PLACE DE",,,Plein jour,En agglomération,Hors intersection,Normale,Autre collision,,,,,,,,,,,1,2,1,1,6
200500073787,0005-11-14 19:10:00,5,11,14,19,10,420,110.0,"24, PASTEUR  AVENUE",,,Nuit avec éclairage allumé,En agglomération,Hors intersection,Normale,Deux véhicules - côté,,,,,,,,,,,5,2,1,1,3
200500073788,0005-11-01 08:50:00,5,11,1,8,50,420,218.0,"91, FAURIEL (COURS)",,,Plein jour,En agglomération,Hors intersection,Normale,Sans collision,,,,,,,,,,,1,2,1,1,7
200500073789,0005-11-02 06:05:00,5,11,2,6,5,420,218.0,"0000000001, ROOSEVELT FR",,,Nuit avec éclairage allumé,En agglomération,Giratoire,Normale,Deux véhicules - côté,,,,,,,,,,,5,2,6,1,3
200500073790,0005-11-02 10:00:00,5,11,2,10,0,420,275.0,"000000001, MENDES FRANCE",,,Plein jour,En agglomération,Hors intersection,Normale,Deux véhicules - arrière,,,,,,,,,,,1,2,1,1,2
200500073791,0005-11-04 16:25:00,5,11,4,16,25,420,218.0,"82, MONTAT (DE LA) JUSQU",,,Plein jour,En agglomération,Hors intersection,Normale,Deux véhicules - côté,,,,,,,,,,,1,2,1,1,3
200500073792,0005-11-04 17:40:00,5,11,4,17,40,420,218.0,STALINGRAD (SQUARE),,,Plein jour,En agglomération,Giratoire,Normale,Autre collision,,,,,,,,,,,1,2,6,1,6
200500073793,0005-11-04 18:28:00,5,11,4,18,28,420,218.0,JOMAYERE,,,Plein jour,En agglomération,Intersection en T,Pluie légère,Deux véhicules - côté,,,,,,,,,,,1,2,3,2,3
200500073794,0005-11-06 02:40:00,5,11,6,2,40,420,218.0,"114, PERI GABRIEL A PART",,,Nuit avec éclairage allumé,En agglomération,Intersection en X,Pluie légère,Sans collision,,,,,,,,,,,5,2,2,2,7
200500073795,0005-11-07 07:33:00,5,11,7,7,33,420,218.0,MONTAT (DE LA) JUSQU'AUX,,,Plein jour,En agglomération,Intersection en T,Normale,Deux véhicules - côté,,,,,,,,,,,1,2,3,1,3
200500073796,0005-11-07 11:17:00,5,11,7,11,17,420,218.0,VIVALDI ANTONIO (BOULEVA,,,Plein jour,En agglomération,Hors intersection,Normale,Deux véhicules - arrière,,,,,,,,,,,1,2,1,1,2
200500073797,0005-11-08 08:41:00,5,11,8,8,41,420,218.0,CHOLAT CHARLES,,,Plein jour,En agglomération,Intersection en T,Normale,Deux véhicules - côté,,,,,,,,,,,1,2,3,1,3
200500073798,0005-11-11 16:30:00,5,11,11,16,30,420,218.0,"97, CHARCOT DOCTEURS A P",,,Plein jour,En agglomération,Hors intersection,Normale,Deux véhicules - côté,,,,,,,,,,,1,2,1,1,3
200500073799,0005-11-13 08:30:00,5,11,13,8,30,420,218.0,"55, PALLUAT DU BESSET A",,,Plein jour,En agglomération,Intersection en X,Normale,Trois véhicules et plus - collisions multiples,,,,,,,,,,,1,2,2,1,5
200500073800,0005-11-13 18:00:00,5,11,13,18,0,420,218.0,"116, CROZET BOUSSINGAULT",,,Nuit avec éclairage allumé,En agglomération,Hors intersection,Normale,Deux véhicules - côté,,,,,,,,,,,5,2,1,1,3
200500073801,0005-11-14 07:30:00,5,11,14,7,30,420,218.0,"8, LUMIERE (BOULEVARD LO",,,Plein jour,En agglomération,Hors intersection,Normale,Autre collision,,,,,,,,,,,1,2,1,1,6
200500073802,0005-11-14 09:30:00,5,11,14,9,30,420,218.0,"0000000001, CHOLAT CHARL",,,Plein jour,En agglomération,Intersection en X,Normale,Deux véhicules - côté,,,,,,,,,,,1,2,2,1,3
200500073803,0005-11-14 17:50:00,5,11,14,17,50,420,218.0,"6, THIERS (BOULEVARD)",,,Nuit avec éclairage allumé,En agglomération,Hors intersection,Normale,Deux véhicules - arrière,,,,,,,,,,,5,2,1,1,2
200500073804,0005-11-14 19:30:00,5,11,14,19,30,420,275.0,MENDES FRANCE PIERRE (AV,,,Nuit avec éclairage allumé,En agglomération,Intersection en X,Normale,Deux véhicules - frontale,,,,,,,,,,,5,2,2,1,1
200500073805,0005-11-15 09:40:00,5,11,15,9,40,420,218.0,DESTRE DOCTEUR LOUIS JUS,,,Plein jour,En agglomération,Intersection en T,Normale,Deux véhicules - côté,,,,,,,,,,,1,2,3,1,3
200500073806,0005-11-15 10:40:00,5,11,15,10,40,420,218.0,"0000000001, MENDES FRANC",,,Plein jour,En agglomération,Intersection en X,Normale,Deux véhicules - côté,,,,,,,,,,,1,2,2,1,3
200500073807,0005-11-15 15:11:00,5,11,15,15,11,420,275.0,MENDES FRANCE PIERRE (AV,,,Plein jour,En agglomération,Hors intersection,Normale,Trois véhicules et plus - en chaîne,,,,,,,,,,,1,2,1,1,4
200500073808,0005-11-15 18:00:00,5,11,15,18,0,420,218.0,CROIX DE MISSION,,,Nuit avec éclairage allumé,En agglomération,Intersection en T,Temps couvert,Deux véhicules - frontale,,,,,,,,,,,5,2,3,8,1
200500073809,0005-11-16 14:05:00,5,11,16,14,5,420,218.0,"74, TALAUDIERE (DE LA) A",,,Plein jour,En agglomération,Intersection en X,Normale,Deux véhicules - côté,,,,,,,,,,,1,2,2,1,3
200500073810,0005-11-16 18:00:00,5,11,16,18,0,420,218.0,"44, BURDEAU JUSQU'AUX N°",,,Nuit avec éclairage allumé,En agglomération,Hors intersection,Pluie légère,Autre collision,,,,,,,,,,,5,2,1,2,6
200500073811,0005-11-16 18:20:00,5,11,16,18,20,420,305.0,"0000000001, CAMUS ALBERT",,,Nuit avec éclairage allumé,En agglomération,Intersection en T,Pluie légère,Deux véhicules - côté,,,,,,,,,,,5,2,3,2,3
200500073812,0005-11-17 13:41:00,5,11,17,13,41,420,218.0,RONDET MICHEL A PARTIR N,,,Plein jour,En agglomération,Intersection en T,Normale,Autre collision,,,,,,,,,,,1,2,3,1,6
200500073813,0005-11-20 12:00:00,5,11,20,12,0,420,218.0,"52, BOISSON ETIENNE A PA",,,Plein jour,En agglomération,Intersection en T,Normale,Deux véhicules - côté,,,,,,,,,,,1,2,3,1,3
200500073814,0005-11-21 07:23:00,5,11,21,7,23,420,218.0,"1, ALBERT FRANCOIS",,,Plein jour,En agglomération,Hors intersection,Normale,Deux véhicules - frontale,,,,,,,,,,,1,2,1,1,1
200500073815,0005-11-21 19:45:00,5,11,21,19,45,420,218.0,"46, BALAY JUSQU'AUX N° 5",,,Nuit avec éclairage allumé,En agglomération,Hors intersection,Normale,Autre collision,,,,,,,,,,,5,2,1,1,6
200500073816,0005-11-21 07:20:00,5,11,21,7,20,420,218.0,JANIN JULES (BD) DES N°,,,Crépuscule ou aube,En agglomération,Intersection en X,Normale,Deux véhicules - frontale,,,,,,,,,,,2,2,2,1,1
200500073817,0005-11-22 10:26:00,5,11,22,10,26,420,218.0,"84, CHARCOT DOCTEURS A P",,,Plein jour,En agglomération,Hors intersection,Normale,Autre collision,,,,,,,,,,,1,2,1,1,6
200500073818,0005-11-24 18:15:00,5,11,24,18,15,420,218.0,VIVIE PAUL DE,,,Nuit sans éclairage public,Hors agglomération,Hors intersection,Normale,Trois véhicules et plus - collisions multiples,,,,,,,,,,,3,1,1,1,5
200500073819,0005-11-25 09:59:00,5,11,25,9,59,420,218.0,"65, CHARCOT DOCTEURS A P",,,Plein jour,En agglomération,Hors intersection,Normale,Trois véhicules et plus - en chaîne,,,,,,,,,,,1,2,1,1,4
200500073820,0005-11-26 08:50:00,5,11,26,8,50,420,218.0,"0000000001, NORMANDIE NI",,,Plein jour,En agglomération,Intersection en X,Normale,Deux véhicules - côté,,,,,,,,,,,1,2,2,1,3
200500073821,0005-11-30 08:07:00,5,11,30,8,7,420,218.0,"18, REYMOND EMILE",,,Plein jour,En agglomération,Hors intersection,Temps couvert,Autre collision,,,,,,,,,,,1,2,1,8,6
200500073822,0005-11-30 09:54:00,5,11,30,9,54,420,218.0,"33, PALLE (DE LA) A PART",,,Plein jour,En agglomération,Intersection en T,Normale,Sans collision,,,,,,,,,,,1,2,3,1,7
200500073823,0005-11-04 11:20:00,5,11,4,11,20,430,157.0,GAMBETTA (BD),,,Plein jour,En agglomération,Hors intersection,Pluie forte,Deux véhicules - frontale,,,,,,,,,,,1,2,1,3,1
200500073824,0005-11-05 15:30:00,5,11,5,15,30,440,55.0,"51, LAJARRIGE ( AVENUE L",,,Plein jour,En agglomération,Hors intersection,Normale,Autre collision,,,,,,,,,,,1,2,1,1,6
200500073825,0005-11-17 13:40:00,5,11,17,13,40,440,55.0,"0, PARC DES SPORTS ( AVE",,,Plein jour,En agglomération,Intersection en X,Normale,Deux véhicules - côté,,,,,,,,,,,1,2,2,1,3
200500073826,0005-11-20 14:00:00,5,11,20,14,0,440,55.0,CHAMPSAVIN ( BOULEVARD G,,,Plein jour,En agglomération,Autre intersection,Normale,Deux véhicules - frontale,,,,,,,,,,,1,2,9,1,1
200500073827,0005-11-01 04:40:00,5,11,1,4,40,440,109.0,BOULEVARD DE LA PRAIRIE,,,Nuit avec éclairage allumé,En agglomération,Hors intersection,Pluie légère,Autre collision,,,,,,,,,,,5,2,1,2,6
200500073828,0005-11-02 07:10:00,5,11,2,7,10,440,162.0,"10, RUE DU TISSERAND",,,Nuit sans éclairage public,En agglomération,Hors intersection,Pluie légère,Deux véhicules - côté,,,,,,,,,,,3,2,1,2,3
200500073829,0005-11-04 18:15:00,5,11,4,18,15,440,143.0,"32, RUE ARISTIDE BRIAND",,,Nuit avec éclairage allumé,En agglomération,Hors intersection,Normale,Deux véhicules - côté,,,,,,,,,,,5,2,1,1,3
200500073830,0005-11-03 07:08:00,5,11,3,7,8,440,109.0,RN844,,,Plein jour,En agglomération,Hors intersection,Normale,Deux véhicules - côté,,,,,,,,,,,1,2,1,1,3
200500073831,0005-11-05 15:10:00,5,11,5,15,10,440,109.0,"00, QUAI DE LA FOSSE",,,Plein jour,En agglomération,Hors intersection,Temps couvert,Deux véhicules - côté,,,,,,,,,,,1,2,1,8,3
200500073832,0005-11-04 05:00:00,5,11,4,5,0,440,109.0,"1, ROUTE DE PARIS",,,Nuit avec éclairage allumé,En agglomération,Hors intersection,Normale,Autre collision,,,,,,,,,,,5,2,1,1,6
200500073833,0005-11-05 19:10:00,5,11,5,19,10,440,109.0,"15, QUAI ERNEST RENAUD",,,Nuit avec éclairage allumé,En agglomération,Hors intersection,Normale,Autre collision,,,,,,,,,,,5,2,1,1,6
200500073834,0005-11-04 09:20:00,5,11,4,9,20,440,109.0,RUE PHILIPPE DE CABROL,,,Plein jour,En agglomération,Intersection en X,Normale,Autre collision,,,,,,,,,,,1,2,2,1,6
200500073835,0005-11-03 20:30:00,5,11,3,20,30,440,114.0,"1, RUE DES MIMOSAS",,,Nuit avec éclairage allumé,En agglomération,Intersection en T,Normale,Deux véhicules - côté,,,,,,,,,,,5,2,3,1,3
200500073836,0005-11-04 08:50:00,5,11,4,8,50,440,109.0,BOULEVARD HENRY ORRION,,,Plein jour,En agglomération,Intersection en T,Normale,Deux véhicules - côté,,,,,,,,,,,1,2,3,1,3
200500073837,0005-11-04 00:45:00,5,11,4,0,45,440,109.0,RUE DE VERDUN,,,Nuit avec éclairage allumé,En agglomération,Intersection en X,Normale,Autre collision,,,,,,,,,,,5,2,2,1,6
200500073838,0005-11-08 14:15:00,5,11,8,14,15,440,109.0,"3, BOULEVARD DU TERTRE",,,Plein jour,En agglomération,Hors intersection,Normale,Autre collision,,,,,,,,,,,1,2,1,1,6
200500073839,0005-11-08 19:25:00,5,11,8,19,25,440,109.0,"., BOULEVARD DES NATIONS",,,Nuit sans éclairage public,En agglomération,Giratoire,Normale,Deux véhicules - côté,,,,,,,,,,,3,2,6,1,3
200500073840,0005-11-08 08:50:00,5,11,8,8,50,440,9.0,ROUTE DE PORNIC,,,Plein jour,Hors agglomération,Hors intersection,Normale,Autre collision,,,,,,,,,,,1,1,1,1,6
200500073841,0005-11-08 20:10:00,5,11,8,20,10,440,109.0,RUE NOIRE,,,Nuit avec éclairage allumé,En agglomération,Intersection en T,Pluie légère,Autre collision,,,,,,,,,,,5,2,3,2,6
200500073842,0005-11-09 09:40:00,5,11,9,9,40,440,109.0,"76, BOULEVARD DE DOULON",,,Plein jour,En agglomération,Intersection en T,Normale,Autre collision,,,,,,,,,,,1,2,3,1,6
200500073843,0005-11-09 22:27:00,5,11,9,22,27,440,162.0,"0, ROUTE DE VANNES",,,Nuit avec éclairage allumé,En agglomération,Hors intersection,Normale,Sans collision,,,,,,,,,,,5,2,1,1,7
200500073844,0005-11-13 00:05:00,5,11,13,0,5,440,190.0,RUE DE L'OUCHE QUINET,,,Nuit avec éclairage allumé,En agglomération,Intersection en X,Normale,Deux véhicules - côté,,,,,,,,,,,5,2,2,1,3
200500073845,0005-11-13 05:15:00,5,11,13,5,15,440,109.0,BOULEVARD DE CARDIFF,,,Nuit avec éclairage allumé,En agglomération,Intersection en T,Normale,Autre collision,,,,,,,,,,,5,2,3,1,6
200500073846,0005-11-14 12:05:00,5,11,14,12,5,440,109.0,CHEMIN DU BAS,,,Plein jour,En agglomération,Hors intersection,Normale,Autre collision,,,,,,,,,,,1,2,1,1,6
200500073847,0005-11-14 14:15:00,5,11,14,14,15,440,109.0,"1, ROUTE DE SAINT JOSEPH",,,Plein jour,En agglomération,Hors intersection,Normale,Autre collision,,,,,,,,,,,1,2,1,1,6
200500073848,0005-11-14 19:51:00,5,11,14,19,51,440,109.0,PLACE DE JACKSONVILLE,,,Nuit avec éclairage non allumé,En agglomération,Giratoire,Normale,Deux véhicules - côté,,,,,,,,,,,4,2,6,1,3
200500073849,0005-11-14 09:55:00,5,11,14,9,55,440,109.0,"4, RUE GASTON VEIL",,,Plein jour,En agglomération,Hors intersection,Normale,Autre collision,,,,,,,,,,,1,2,1,1,6
200500073850,0005-11-15 08:15:00,5,11,15,8,15,440,109.0,"65, BOULEVARD SAINT AIGN",,,Plein jour,En agglomération,Intersection en T,Normale,Trois véhicules et plus - collisions multiples,,,,,,,,,,,1,2,3,1,5
200500073851,0005-11-15 11:50:00,5,11,15,11,50,440,162.0,"2, BOULEVARD DU MASSACRE",,,Plein jour,En agglomération,Hors intersection,Normale,Autre collision,,,,,,,,,,,1,2,1,1,6
200500073852,0005-11-16 15:55:00,5,11,16,15,55,440,143.0,"7, MICHEL (AV. LOUISE)",,,Plein jour,En agglomération,Hors intersection,Normale,Deux véhicules - côté,,,,,,,,,,,1,2,1,1,3
200500073853,0005-11-17 05:15:00,5,11,17,5,15,440,109.0,"21, RUE RUSSEIL",,,Nuit avec éclairage non allumé,En agglomération,Hors intersection,Normale,Autre collision,,,,,,,,,,,4,2,1,1,6
200500073854,0005-11-15 20:30:00,5,11,15,20,30,440,109.0,RUE D'HAVELOOZE,,,Nuit avec éclairage allumé,En agglomération,Hors intersection,Normale,Autre collision,,,,,,,,,,,5,2,1,1,6
200500073855,0005-11-17 18:55:00,5,11,17,18,55,440,162.0,RUE HENRI RADIGOIS,,,Nuit avec éclairage allumé,En agglomération,Hors intersection,Normale,Deux véhicules - frontale,,,,,,,,,,,5,2,1,1,1
200500073856,0005-11-18 13:00:00,5,11,18,13,0,440,109.0,"92, QUAI DE LA FOSSE",,,Plein jour,En agglomération,Hors intersection,Normale,Autre collision,,,,,,,,,,,1,2,1,1,6
200500073857,0005-11-18 15:15:00,5,11,18,15,15,440,143.0,"90, RUE JEAN JAURES",,,Plein jour,En agglomération,Hors intersection,Normale,Deux véhicules - arrière,,,,,,,,,,,1,2,1,1,2
200500073858,0005-11-19 08:50:00,5,11,19,8,50,440,143.0,"20, RUE VICTOR HUGO",,,Plein jour,En agglomération,Hors intersection,Normale,Deux véhicules - frontale,,,,,,,,,,,1,2,1,1,1
200500073859,0005-11-19 04:15:00,5,11,19,4,15,440,109.0,"., BOULEVARD GUSTAVE ROC",,,Nuit avec éclairage non allumé,En agglomération,Intersection en X,Normale,Deux véhicules - côté,,,,,,,,,,,4,2,2,1,3
200500073860,0005-11-22 02:15:00,5,11,22,2,15,440,109.0,RUE DESAIX,,,Nuit avec éclairage allumé,En agglomération,Intersection en X,Normale,Autre collision,,,,,,,,,,,5,2,2,1,6
200500073861,0005-11-19 11:20:00,5,11,19,11,20,440,143.0,"1, AVENUE DU MARECHAL DE",,,Plein jour,En agglomération,Hors intersection,Normale,Autre collision,,,,,,,,,,,1,2,1,1,6
200500073862,0005-11-23 17:30:00,5,11,23,17,30,440,109.0,"82, BOULEVARD ROBERT SCH",,,Nuit avec éclairage allumé,En agglomération,Hors intersection,Normale,Autre collision,,,,,,,,,,,5,2,1,1,6
200500073863,0005-11-23 18:15:00,5,11,23,18,15,440,109.0,"., RUE DE LA DURANTIERE",,,Nuit avec éclairage allumé,En agglomération,Hors intersection,Normale,Autre collision,,,,,,,,,,,5,2,1,1,6
200500073864,0005-11-23 18:55:00,5,11,23,18,55,440,109.0,"1, RUE DE LA RIPOSSIERE",,,Nuit avec éclairage allumé,En agglomération,Intersection en X,Normale,Deux véhicules - côté,,,,,,,,,,,5,2,2,1,3
200500073865,0005-11-22 17:50:00,5,11,22,17,50,440,190.0,"1, RUE DU CLOS DAVY",,,Plein jour,En agglomération,Hors intersection,Normale,Deux véhicules - côté,,,,,,,,,,,1,2,1,1,3
200500073866,0005-11-24 17:05:00,5,11,24,17,5,440,109.0,RUE CELESTIN FREINET,,,Plein jour,En agglomération,Hors intersection,Normale,Autre collision,,,,,,,,,,,1,2,1,1,6
200500073867,0005-11-25 18:50:00,5,11,25,18,50,440,109.0,PLACE DU CROISIC,,,Nuit avec éclairage allumé,En agglomération,Intersection en X,Normale,Autre collision,,,,,,,,,,,5,2,2,1,6
200500073868,0005-11-25 13:50:00,5,11,25,13,50,440,190.0,"1, RUE DU GENERAL DE GAU",,,Plein jour,En agglomération,Hors intersection,Normale,Deux véhicules - côté,,,,,,,,,,,1,2,1,1,3
200500073869,0005-11-26 00:05:00,5,11,26,0,5,440,109.0,RUE DU BOUILLON,,,Nuit avec éclairage allumé,En agglomération,Hors intersection,Neige / grêle,Autre collision,,,,,,,,,,,5,2,1,4,6
200500073870,0005-11-26 09:50:00,5,11,26,9,50,440,109.0,BOULEVARD ALEXANDER FLEM,,,Plein jour,Hors agglomération,Hors intersection,Brouillard / fumée,Autre collision,,,,,,,,,,,1,1,1,5,6
200500073871,0005-11-26 22:30:00,5,11,26,22,30,440,109.0,"., BOULEVARD ERNEST DALB",,,Nuit avec éclairage non allumé,En agglomération,Intersection en X,Normale,Deux véhicules - frontale,,,,,,,,,,,4,2,2,1,1
200500073872,0005-11-27 01:00:00,5,11,27,1,0,440,109.0,"8, ROUTE DE SAINT JOSEPH",,,Nuit avec éclairage allumé,En agglomération,Hors intersection,Pluie légère,Deux véhicules - frontale,,,,,,,,,,,5,2,1,2,1
200500073873,0005-11-25 12:35:00,5,11,25,12,35,440,109.0,"., PLACE MARECHAL FOCH",,,Plein jour,En agglomération,Place,Normale,Deux véhicules - côté,,,,,,,,,,,1,2,7,1,3
200500073874,0005-11-22 12:30:00,5,11,22,12,30,440,162.0,"1, AVENUE DES LIONS",,,Plein jour,En agglomération,Hors intersection,Autre,Autre collision,,,,,,,,,,,1,2,1,9,6
200500073875,0005-11-29 07:30:00,5,11,29,7,30,440,143.0,"26, RUE VICTOR HUGO",,,Nuit avec éclairage allumé,En agglomération,Hors intersection,Normale,Autre collision,,,,,,,,,,,5,2,1,1,6
200500073876,0005-11-03 01:02:00,5,11,3,1,2,440,184.0,"55, WILSON (BOULEVARD DU",,,Nuit avec éclairage allumé,En agglomération,Hors intersection,Normale,Autre collision,,,,,,,,,,,5,2,1,1,6
200500073877,0005-11-04 12:05:00,5,11,4,12,5,440,184.0,"22, BLUM (AVENUE LÉON)",,,Plein jour,En agglomération,Intersection en X,Normale,Sans collision,,,,,,,,,,,1,2,2,1,7
200500073878,0005-11-09 14:45:00,5,11,9,14,45,440,184.0,"33, GÂTÉ (RUE DU CDT) DU",,,Plein jour,En agglomération,Intersection en X,Normale,Deux véhicules - arrière,,,,,,,,,,,1,2,2,1,2
200500073879,0005-11-10 16:55:00,5,11,10,16,55,440,184.0,CÔTE D'AMOUR (RTE DE LA),,,Plein jour,En agglomération,Intersection en X,Normale,Autre collision,,,,,,,,,,,1,2,2,1,6
200500073880,0005-11-18 10:05:00,5,11,18,10,5,440,184.0,"12, MACÉ (RUE JEAN)",,,Plein jour,En agglomération,Hors intersection,Normale,Deux véhicules - côté,,,,,,,,,,,1,2,1,1,3
200500073881,0005-11-19 14:45:00,5,11,19,14,45,440,184.0,"1, CHENEVEAUX (RUE AUGUS",,,Plein jour,En agglomération,Intersection en X,Normale,Autre collision,,,,,,,,,,,1,2,2,1,6
200500073882,0005-11-22 08:45:00,5,11,22,8,45,440,184.0,"72, HUGO (BOULEVARD VICT",,,Plein jour,En agglomération,Hors intersection,Normale,Autre collision,,,,,,,,,,,1,2,1,1,6
200500073883,0005-11-22 15:30:00,5,11,22,15,30,440,184.0,"8, BLANCHO (PLACE FRANÇO",,,Plein jour,En agglomération,Place,Normale,Sans collision,,,,,,,,,,,1,2,7,1,7
200500073884,0005-11-22 19:00:00,5,11,22,19,0,440,184.0,"85, ZOLA (BOULEVARD EMIL",,,Nuit avec éclairage allumé,En agglomération,Hors intersection,Normale,Autre collision,,,,,,,,,,,5,2,1,1,6
200500073885,0005-11-23 10:50:00,5,11,23,10,50,440,184.0,"93, RÉPUBLIQUE (AVENUE D",,,Plein jour,En agglomération,Hors intersection,Normale,Deux véhicules - arrière,,,,,,,,,,,1,2,1,1,2
200500073886,0005-11-23 13:40:00,5,11,23,13,40,440,184.0,"46, DISSIGNAC (ROUTE DE)",,,Plein jour,En agglomération,Hors intersection,Normale,Deux véhicules - côté,,,,,,,,,,,1,2,1,1,3
200500073887,0005-11-24 08:40:00,5,11,24,8,40,440,184.0,"71, BROODCOORENS (RUE) D",,,Plein jour,En agglomération,Hors intersection,Normale,Autre collision,,,,,,,,,,,1,2,1,1,6
200500073888,0005-11-04 19:50:00,5,11,4,19,50,450,68.0,PAINLEVE (RUE PAUL),,,Nuit avec éclairage allumé,En agglomération,Intersection en T,Pluie légère,Deux véhicules - côté,,,,,,,,,,,5,2,3,2,3
200500073889,0005-11-06 07:50:00,5,11,6,7,50,450,338.0,"10, LIBERATION (RUE DE L",,,Plein jour,En agglomération,Hors intersection,Normale,Deux véhicules - côté,,,,,,,,,,,1,2,1,1,3
200500073890,0005-11-09 19:10:00,5,11,9,19,10,450,338.0,MERMOZ (RUE JEAN),,,Nuit avec éclairage allumé,En agglomération,Intersection en T,Normale,Deux véhicules - côté,,,,,,,,,,,5,2,3,1,3
200500073891,0005-11-16 19:30:00,5,11,16,19,30,450,208.0,Déviation RN7,,,Nuit sans éclairage public,Hors agglomération,Hors intersection,Normale,Deux véhicules - frontale,,,,,,,,,,,3,1,1,1,1
200500073892,0005-11-21 17:45:00,5,11,21,17,45,450,338.0,BARAUDIERE (RUE DE LA),,,Nuit avec éclairage allumé,En agglomération,Intersection en T,Brouillard / fumée,Deux véhicules - frontale,,,,,,,,,,,5,2,3,5,1
200500073893,0005-11-26 13:30:00,5,11,26,13,30,450,68.0,"20, MARLIN (RUE)",,,Plein jour,En agglomération,Hors intersection,Temps couvert,Deux véhicules - côté,,,,,,,,,,,1,2,1,8,3
200500073894,0005-11-29 20:45:00,5,11,29,20,45,450,4.0,SAINT FIRMIN DES VIGNES,,,Nuit avec éclairage allumé,En agglomération,Intersection en T,Normale,Deux véhicules - côté,,,,,,,,,,,5,2,3,1,3
200500073895,0005-11-29 03:10:00,5,11,29,3,10,450,234.0,SECRETAIN (AVENUE ROGER),,,Nuit avec éclairage allumé,En agglomération,Hors intersection,Pluie légère,Deux véhicules - côté,,,,,,,,,,,5,2,1,2,3
200500073896,0005-11-01 01:00:00,5,11,1,1,0,450,147.0,"101, GALLOUEDEC (AVENUE)",,,Nuit avec éclairage allumé,En agglomération,Hors intersection,Normale,Autre collision,,,,,,,,,,,5,2,1,1,6
200500073897,0005-11-01 15:10:00,5,11,1,15,10,450,234.0,ZOLA (EMILE),,,Plein jour,En agglomération,Intersection en T,Normale,Deux véhicules - côté,,,,,,,,,,,1,2,3,1,3
200500073898,0005-11-01 05:10:00,5,11,1,5,10,450,298.0,"116, SAINT MESMIN (ROUTE",,,Nuit avec éclairage allumé,En agglomération,Hors intersection,Normale,Deux véhicules - arrière,,,,,,,,,,,5,2,1,1,2
200500073899,0005-11-02 11:55:00,5,11,2,11,55,450,234.0,"172, FAUBOURG SAINT VINC",,,Plein jour,En agglomération,Intersection en X,Pluie légère,Deux véhicules - côté,,,,,,,,,,,1,2,2,2,3
200500073900,0005-11-02 15:10:00,5,11,2,15,10,450,147.0,ORADOUR SUR GLANE (AVENU,,,Plein jour,En agglomération,Giratoire,Pluie légère,Deux véhicules - côté,,,,,,,,,,,1,2,6,2,3
200500073901,0005-11-03 22:40:00,5,11,3,22,40,450,234.0,FAUBOURG MADELEINE (RUE,,,Nuit avec éclairage allumé,En agglomération,Intersection en T,Normale,Deux véhicules - côté,,,,,,,,,,,5,2,3,1,3
200500073902,0005-11-06 19:40:00,5,11,6,19,40,450,308.0,RN 60,,,Nuit avec éclairage allumé,Hors agglomération,Hors intersection,Normale,Trois véhicules et plus - collisions multiples,,,,,,,,,,,5,1,1,1,5
200500073903,0005-11-06 10:55:00,5,11,6,10,55,450,147.0,RN 60,,,Plein jour,Hors agglomération,Hors intersection,Normale,Autre collision,,,,,,,,,,,1,1,1,1,6
200500073904,0005-11-07 18:53:00,5,11,7,18,53,450,147.0,"132 bis, BERTHELOT (RUE",,,Nuit avec éclairage allumé,En agglomération,Intersection en X,Normale,Deux véhicules - côté,,,,,,,,,,,5,2,2,1,3
200500073905,0005-11-09 08:50:00,5,11,9,8,50,450,234.0,PRESIDENT KENNEDY (AVENU,,,Plein jour,En agglomération,Intersection en X,Pluie forte,Autre collision,,,,,,,,,,,1,2,2,3,6
200500073906,0005-11-09 18:45:00,5,11,9,18,45,450,235.0,SABLONS (RUE DES),,,Nuit avec éclairage allumé,Hors agglomération,Intersection en T,Normale,Deux véhicules - côté,,,,,,,,,,,5,1,3,1,3
200500073907,0005-11-12 20:40:00,5,11,12,20,40,450,234.0,CANDOLLE (AVENUE DE),,,Nuit avec éclairage allumé,En agglomération,Hors intersection,Pluie légère,Deux véhicules - arrière,,,,,,,,,,,5,2,1,2,2
200500073908,0005-11-14 19:00:00,5,11,14,19,0,450,302.0,ARAGON (RUE LOUIS),,,Nuit avec éclairage allumé,En agglomération,Hors intersection,Autre,Deux véhicules - frontale,,,,,,,,,,,5,2,1,9,1
200500073909,0005-11-16 11:03:00,5,11,16,11,3,450,234.0,"49, LANDRELOUP (RUE)",,,Plein jour,En agglomération,Hors intersection,Normale,Deux véhicules - frontale,,,,,,,,,,,1,2,1,1,1
200500073910,0005-11-17 18:45:00,5,11,17,18,45,450,302.0,VILPOT (PLACE DU),,,Nuit avec éclairage allumé,En agglomération,Hors intersection,Normale,Autre collision,,,,,,,,,,,5,2,1,1,6
200500073911,0005-11-18 21:45:00,5,11,18,21,45,450,234.0,", CHARRETIERS (RUE DES)",,,Nuit avec éclairage allumé,En agglomération,Intersection en X,Normale,Deux véhicules - côté,,,,,,,,,,,5,2,2,1,3