accident_id,datetime,annee,mois,jour,heure,minute,departement,commune_insee,adresse,latitude,longitude,luminosite,agglomeration,intersection,meteo,collision,nb_vehicules,nb_usagers,nb_indemnes,nb_tues,nb_blesses_hosp,nb_blesses_legers,age_cond_1,age_cond_2,veh_type_cond_1,veh_type_cond_2,lum_code,agg_code,int_code,atm_code,col_code
200500074040,0005-11-03 18:50:00,5,11,3,18,50,500,165.0,"216, COUTANCES (ROUTE DE",,,Nuit avec éclairage allumé,En agglomération,Hors intersection,Pluie forte,Autre collision,,,,,,,,,,,5,2,1,3,6
200500074041,0005-11-21 19:45:00,5,11,21,19,45,500,647.0,"134, MATHURIN (RUE CHARL",,,Nuit avec éclairage allumé,En agglomération,Hors intersection,Normale,Deux véhicules - côté,,,,,,,,,,,5,2,1,1,3
200500074042,0005-11-15 14:45:00,5,11,15,14,45,500,2.0,COUTANCES (ROUTE DE),,,Plein jour,En agglomération,Hors intersection,Pluie légère,Autre collision,,,,,,,,,,,1,2,1,2,6
200500074043,0005-11-15 14:35:00,5,11,15,14,35,500,2.0,"CD 900, PERIERS (ROUTE D",,,Plein jour,En agglomération,Intersection en T,Pluie légère,Deux véhicules - côté,,,,,,,,,,,1,2,3,2,3
200500074044,0005-11-04 20:05:00,5,11,4,20,5,510,108.0,ROOSEVELT (AVE PRESIDENT,,,Nuit avec éclairage allumé,En agglomération,Hors intersection,Autre,Deux véhicules - côté,,,,,,,,,,,5,2,1,9,3
200500074045,0005-11-05 23:55:00,5,11,5,23,55,510,108.0,RN 44,,,Nuit avec éclairage non allumé,En agglomération,Hors intersection,Normale,Autre collision,,,,,,,,,,,4,2,1,1,6
200500074046,0005-11-15 18:10:00,5,11,15,18,10,510,108.0,"43, BERTOT (AVE LEOPOLD)",,,Nuit avec éclairage allumé,En agglomération,Hors intersection,Pluie forte,Trois véhicules et plus - en chaîne,,,,,,,,,,,5,2,1,3,4
200500074047,0005-11-26 18:45:00,5,11,26,18,45,510,525.0,GR 14,,,Nuit sans éclairage public,En agglomération,Hors intersection,Neige / grêle,Sans collision,,,,,,,,,,,3,2,1,4,7
200500074048,0005-11-09 11:55:00,5,11,9,11,55,510,30.0,"33,  CHARLES DE GAULLE(B",,,Plein jour,En agglomération,Intersection en T,Normale,Deux véhicules - côté,,,,,,,,,,,1,2,3,1,3
200500074049,0005-11-22 14:20:00,5,11,22,14,20,510,230.0,"29, MARTIN (RUE HENRI)",,,Plein jour,En agglomération,Intersection en X,Normale,Deux véhicules - côté,,,,,,,,,,,1,2,2,1,3
200500074050,0005-11-19 20:00:00,5,11,19,20,0,510,30.0,CHARLES DE GAULLE(BLD),,,Nuit avec éclairage allumé,En agglomération,Hors intersection,Brouillard / fumée,Sans collision,,,,,,,,,,,5,2,1,5,7
200500074051,0005-11-27 08:00:00,5,11,27,8,0,510,30.0,VAUZELLE (LIEU DIT),,,Plein jour,En agglomération,Hors intersection,Pluie légère,Autre collision,,,,,,,,,,,1,2,1,2,6
200500074052,0005-11-02 18:30:00,5,11,2,18,30,510,454.0,SCHWEITZER (RUE DU DOCTE,,,Nuit avec éclairage allumé,En agglomération,Intersection en T,Pluie légère,Deux véhicules - côté,,,,,,,,,,,5,2,3,2,3
200500074053,0005-11-03 19:05:00,5,11,3,19,5,510,454.0,ESTOURNELLES DE CONTANT,,,Nuit avec éclairage allumé,En agglomération,Giratoire,Temps couvert,Deux véhicules - côté,,,,,,,,,,,5,2,6,8,3
200500074054,0005-11-04 12:40:00,5,11,4,12,40,510,454.0,CHAMPAGNE   (  AVENUE DE,,,Plein jour,En agglomération,Hors intersection,Temps couvert,Deux véhicules - arrière,,,,,,,,,,,1,2,1,8,2
200500074055,0005-11-06 15:35:00,5,11,6,15,35,510,454.0,COURCELLES (RUE DE) DU 1,,,Plein jour,En agglomération,Intersection en X,Normale,Deux véhicules - frontale,,,,,,,,,,,1,2,2,1,1
200500074056,0005-11-07 18:25:00,5,11,7,18,25,510,454.0,DOUMER (BOULEVARD PAUL),,,Nuit avec éclairage allumé,En agglomération,Intersection en X,Normale,Deux véhicules - côté,,,,,,,,,,,5,2,2,1,3
200500074057,0005-11-09 07:45:00,5,11,9,7,45,510,454.0,"135, JAURES 'AVENUE JEAN",,,Plein jour,En agglomération,Hors intersection,Normale,Autre collision,,,,,,,,,,,1,2,1,1,6
200500074058,0005-11-09 09:30:00,5,11,9,9,30,510,454.0,LUTON (PLACE),,,Plein jour,En agglomération,Hors intersection,Normale,Autre collision,,,,,,,,,,,1,2,1,1,6
200500074059,0005-11-10 07:00:00,5,11,10,7,0,510,172.0,VERTE (VOIE),,,Nuit avec éclairage allumé,En agglomération,Hors intersection,Normale,Deux véhicules - frontale,,,,,,,,,,,5,2,1,1,1
200500074060,0005-11-10 09:25:00,5,11,10,9,25,510,454.0,WILSON (BOULEVARD DU PRE,,,Plein jour,En agglomération,Hors intersection,Normale,Deux véhicules - arrière,,,,,,,,,,,1,2,1,1,2
200500074061,0005-11-12 17:30:00,5,11,12,17,30,510,454.0,"68, POMMERY (BOULEVARD)",,,Nuit avec éclairage allumé,En agglomération,Hors intersection,Pluie légère,Autre collision,,,,,,,,,,,5,2,1,2,6
200500074062,0005-11-11 18:35:00,5,11,11,18,35,510,454.0,", DRIANT (RUE DU COLONNE",,,Nuit avec éclairage allumé,En agglomération,Intersection en T,Normale,Deux véhicules - côté,,,,,,,,,,,5,2,3,1,3
200500074063,0005-11-14 15:10:00,5,11,14,15,10,510,454.0,VESLE (RUE),,,Plein jour,En agglomération,Hors intersection,Normale,Autre collision,,,,,,,,,,,1,2,1,1,6
200500074064,0005-11-18 16:40:00,5,11,18,16,40,510,454.0,LAON (AVENUE) DU N°343 A,,,Crépuscule ou aube,En agglomération,Hors intersection,Temps couvert,Autre collision,,,,,,,,,,,2,2,1,8,6
200500074065,0005-11-21 16:15:00,5,11,21,16,15,510,454.0,ROEDERER (BOULEVARD LOUI,,,Crépuscule ou aube,En agglomération,Intersection en T,Temps couvert,Deux véhicules - côté,,,,,,,,,,,2,2,3,8,3
200500074066,0005-11-14 12:20:00,5,11,14,12,20,520,121.0,"1, DEBERNARDI (AVENUE)",,,Plein jour,En agglomération,Hors intersection,Normale,Deux véhicules - arrière,,,,,,,,,,,1,2,1,1,2
200500074067,0005-11-16 07:50:00,5,11,16,7,50,520,121.0,RD10,,,Crépuscule ou aube,Hors agglomération,Intersection en X,Pluie légère,Deux véhicules - côté,,,,,,,,,,,2,1,2,2,3
200500074068,0005-11-25 12:45:00,5,11,25,12,45,520,121.0,"0, ROBESPIERRE (RUE)",,,Plein jour,En agglomération,Intersection en X,Normale,Deux véhicules - côté,,,,,,,,,,,1,2,2,1,3
200500074069,0005-11-05 08:45:00,5,11,5,8,45,520,121.0,"29, ETATS UNIS (AVNUE DE",,,Plein jour,En agglomération,Hors intersection,Normale,Autre collision,,,,,,,,,,,1,2,1,1,6
200500074070,0005-11-14 17:30:00,5,11,14,17,30,520,121.0,"22 bis, VAL ANNE MARIE (",,,Nuit avec éclairage allumé,En agglomération,Intersection en X,Normale,Deux véhicules - frontale,,,,,,,,,,,5,2,2,1,1
200500074071,0005-11-15 08:50:00,5,11,15,8,50,520,121.0,"90, REPUBLIQUE (AVENUE)",,,Plein jour,En agglomération,Intersection en Y,Normale,Deux véhicules - côté,,,,,,,,,,,1,2,4,1,3
200500074072,0005-11-20 20:30:00,5,11,20,20,30,520,121.0,R.N. 19 SUD,,,Nuit avec éclairage allumé,En agglomération,Hors intersection,Normale,Autre collision,,,,,,,,,,,5,2,1,1,6
200500074073,0005-11-02 18:10:00,5,11,2,18,10,520,448.0,"8, REPUBLIQUE (AVE DE LA",,,Crépuscule ou aube,En agglomération,Hors intersection,Normale,Autre collision,,,,,,,,,,,2,2,1,1,6
200500074074,0005-11-04 06:30:00,5,11,4,6,30,520,448.0,NANCY (ROUTE DE),,,Nuit sans éclairage public,Hors agglomération,Hors intersection,Pluie forte,Autre collision,,,,,,,,,,,3,1,1,3,6
200500074075,0005-11-04 15:15:00,5,11,4,15,15,520,448.0,RN67,,,Plein jour,Hors agglomération,Hors intersection,Pluie légère,Sans collision,,,,,,,,,,,1,1,1,2,7
200500074076,0005-11-13 20:30:00,5,11,13,20,30,520,448.0,"24, ROLLIN (CARREFOUR HE",,,Nuit avec éclairage non allumé,En agglomération,Autre intersection,Normale,Deux véhicules - arrière,,,,,,,,,,,4,2,9,1,2
200500074077,0005-11-16 12:05:00,5,11,16,12,5,520,448.0,RN35,,,Plein jour,Hors agglomération,Hors intersection,Normale,Trois véhicules et plus - collisions multiples,,,,,,,,,,,1,1,1,1,5
200500074078,0005-11-16 15:30:00,5,11,16,15,30,530,130.0,", ADER ( BOULEVARD CLEME",,,Plein jour,En agglomération,Intersection en Y,Normale,Deux véhicules - côté,,,,,,,,,,,1,2,4,1,3
200500074079,0005-11-19 19:00:00,5,11,19,19,0,530,130.0,LE BASSER ( BOULEVARD FR,,,Nuit avec éclairage allumé,En agglomération,Intersection en T,Normale,Deux véhicules - côté,,,,,,,,,,,5,2,3,1,3
200500074080,0005-11-28 19:35:00,5,11,28,19,35,530,130.0,GRAT ( BOULEVARD FELIX ),,,Nuit sans éclairage public,En agglomération,Hors intersection,Pluie forte,Autre collision,,,,,,,,,,,3,2,1,3,6
200500074081,0005-11-04 18:05:00,5,11,4,18,5,540,99.0,"14, MONDON (RUE RAYMOND)",,,Nuit avec éclairage allumé,En agglomération,Hors intersection,Normale,Deux véhicules - frontale,,,,,,,,,,,5,2,1,1,1
200500074082,0005-11-25 14:10:00,5,11,25,14,10,540,36.0,906 (RD),,,Plein jour,Hors agglomération,Intersection en T,Normale,Deux véhicules - côté,,,,,,,,,,,1,1,3,1,3
200500074083,0005-11-24 15:45:00,5,11,24,15,45,540,263.0,COMMUNE DE PARIS (RUE DE,,,Plein jour,En agglomération,Hors intersection,Normale,Autre collision,,,,,,,,,,,1,2,1,1,6
200500074084,0005-11-24 17:00:00,5,11,24,17,0,540,51.0,DEPARTEMENTALE 13,,,Nuit sans éclairage public,Hors agglomération,Intersection en T,Pluie légère,Deux véhicules - côté,,,,,,,,,,,3,1,3,2,3
200500074085,0005-11-04 20:10:00,5,11,4,20,10,540,549.0,ART SUR MEURTHE (ROUTE D,,,Nuit sans éclairage public,Hors agglomération,Hors intersection,Pluie légère,Autre collision,,,,,,,,,,,3,1,1,2,6
200500074086,0005-11-26 05:05:00,5,11,26,5,5,540,549.0,"04, PERI (RUE GABRIEL)",,,Nuit avec éclairage allumé,En agglomération,Hors intersection,Brouillard / fumée,Deux véhicules - frontale,,,,,,,,,,,5,2,1,5,1
200500074087,0005-11-17 23:10:00,5,11,17,23,10,540,367.0,NATIONALE 52 (ROUTE),,,Nuit sans éclairage public,Hors agglomération,Hors intersection,Pluie légère,Deux véhicules - frontale,,,,,,,,,,,3,1,1,2,1
200500074088,0005-11-25 15:50:00,5,11,25,15,50,540,382.0,METZ (BOULEVARD DE),,,Plein jour,En agglomération,Hors intersection,Pluie légère,Deux véhicules - côté,,,,,,,,,,,1,2,1,2,3
200500074089,0005-11-02 12:55:00,5,11,2,12,55,540,328.0,"1, PASTEUR (RUE LOUIS)",,,Plein jour,En agglomération,Intersection en T,Pluie légère,Deux véhicules - frontale,,,,,,,,,,,1,2,3,2,1
200500074090,0005-11-02 16:30:00,5,11,2,16,30,540,395.0,MON DESERT (RUE),,,Plein jour,En agglomération,Intersection en T,Normale,Trois véhicules et plus - collisions multiples,,,,,,,,,,,1,2,3,1,5
200500074091,0005-11-03 09:20:00,5,11,3,9,20,540,304.0,"1, BARROIS (RUE DU)",,,Plein jour,En agglomération,Intersection en T,Normale,Deux véhicules - arrière,,,,,,,,,,,1,2,3,1,2
200500074092,0005-11-04 22:55:00,5,11,4,22,55,540,547.0,"1, CHARLES DE GAULLE (RO",,,Nuit avec éclairage allumé,En agglomération,Intersection en T,Pluie légère,Autre collision,,,,,,,,,,,5,2,3,2,6
200500074093,0005-11-05 15:05:00,5,11,5,15,5,540,184.0,"34, VERDUN (RUE DE)",,,Plein jour,En agglomération,Hors intersection,Normale,Deux véhicules - côté,,,,,,,,,,,1,2,1,1,3
200500074094,0005-11-06 05:20:00,5,11,6,5,20,540,395.0,"1, DOUMER (AVENUE PAUL)",,,Nuit avec éclairage allumé,En agglomération,Hors intersection,Normale,Autre collision,,,,,,,,,,,5,2,1,1,6
200500074095,0005-11-08 05:00:00,5,11,8,5,0,540,547.0,"10, CREVIC (RUE DE)",,,Nuit avec éclairage allumé,En agglomération,Hors intersection,Normale,Deux véhicules - frontale,,,,,,,,,,,5,2,1,1,1
200500074096,0005-11-08 18:15:00,5,11,8,18,15,540,547.0,"1, LECLERC (AV. DU GENER",,,Nuit avec éclairage allumé,En agglomération,Hors intersection,Normale,Autre collision,,,,,,,,,,,5,2,1,1,6
200500074097,0005-11-08 19:50:00,5,11,8,19,50,540,395.0,"1, PICHON (RUE)",,,Nuit avec éclairage allumé,En agglomération,Intersection en T,Normale,Deux véhicules - côté,,,,,,,,,,,5,2,3,1,3
200500074098,0005-11-08 20:00:00,5,11,8,20,0,540,547.0,"1, BARTHOU (BD LOUIS)",,,Nuit avec éclairage allumé,En agglomération,Hors intersection,Normale,Autre collision,,,,,,,,,,,5,2,1,1,6
200500074099,0005-11-09 18:15:00,5,11,9,18,15,540,395.0,"161, LOBAU (BOULEVARD)",,,Nuit avec éclairage allumé,En agglomération,Hors intersection,Pluie légère,Autre collision,,,,,,,,,,,5,2,1,2,6
200500074100,0005-11-09 19:00:00,5,11,9,19,0,540,547.0,"22, CHARMOIS (AVENUE DU)",,,Nuit avec éclairage allumé,En agglomération,Intersection en X,Pluie légère,Sans collision,,,,,,,,,,,5,2,2,2,7
200500074101,0005-11-10 16:45:00,5,11,10,16,45,540,395.0,"39, ARC (RUE JEANNE D' N",,,Plein jour,En agglomération,Intersection en X,Normale,Autre collision,,,,,,,,,,,1,2,2,1,6
200500074102,0005-11-10 17:20:00,5,11,10,17,20,540,395.0,FOCH (AVENUE 2 A 16/1 A,,,Plein jour,En agglomération,Intersection en T,Normale,Sans collision,,,,,,,,,,,1,2,3,1,7
200500074103,0005-11-10 19:20:00,5,11,10,19,20,540,257.0,"15, GRANDE RUE",,,Nuit avec éclairage allumé,En agglomération,Intersection en T,Normale,Deux véhicules - arrière,,,,,,,,,,,5,2,3,1,2
200500074104,0005-11-11 05:50:00,5,11,11,5,50,540,395.0,RN 74,,,Nuit avec éclairage allumé,En agglomération,Hors intersection,Normale,Autre collision,,,,,,,,,,,5,2,1,1,6
200500074105,0005-11-12 14:50:00,5,11,12,14,50,540,395.0,"1, GUEPRATTE (RUE DE L'A",,,Plein jour,En agglomération,Intersection en X,Normale,Autre collision,,,,,,,,,,,1,2,2,1,6
200500074106,0005-11-12 17:55:00,5,11,12,17,55,540,547.0,"1, JONQUILLES (AVENUE DE",,,Nuit avec éclairage allumé,En agglomération,Intersection en T,Normale,Autre collision,,,,,,,,,,,5,2,3,1,6
200500074107,0005-11-15 07:45:00,5,11,15,7,45,540,395.0,POINCARE (RUE RAYMOND 1-,,,Crépuscule ou aube,En agglomération,Hors intersection,Normale,Autre collision,,,,,,,,,,,2,2,1,1,6
200500074108,0005-11-15 14:00:00,5,11,15,14,0,540,395.0,"40, LORRAIN (QUAI CLAUDE",,,Plein jour,En agglomération,Hors intersection,Normale,Sans collision,,,,,,,,,,,1,2,1,1,7
200500074109,0005-11-16 11:00:00,5,11,16,11,0,540,184.0,AGINCOURT  (ROUTE RD 913,,,Plein jour,Hors agglomération,Hors intersection,Normale,Deux véhicules - frontale,,,,,,,,,,,1,1,1,1,1
200500074110,0005-11-16 11:50:00,5,11,16,11,50,540,395.0,"66, PLACIEUX (RUE DU)",,,Plein jour,En agglomération,Hors intersection,Normale,Deux véhicules - côté,,,,,,,,,,,1,2,1,1,3
200500074111,0005-11-16 16:25:00,5,11,16,16,25,540,357.0,"1, PINCHARD (RUE RAYMOND",,,Crépuscule ou aube,En agglomération,Intersection en T,Pluie légère,Autre collision,,,,,,,,,,,2,2,3,2,6
200500074112,0005-11-16 17:00:00,5,11,16,17,0,540,547.0,PERI (RUE GABRIEL),,,Nuit avec éclairage allumé,En agglomération,Intersection en X,Pluie légère,Deux véhicules - arrière,,,,,,,,,,,5,2,2,2,2
200500074113,0005-11-18 20:30:00,5,11,18,20,30,540,547.0,PERI (RUE GABRIEL),,,Nuit avec éclairage allumé,En agglomération,Intersection à plus de 4 branches,Normale,Deux véhicules - côté,,,,,,,,,,,5,2,5,1,3
200500074114,0005-11-20 00:30:00,5,11,20,0,30,540,395.0,LIBERATION (AVENUE DE LA,,,Nuit avec éclairage allumé,En agglomération,Intersection en X,Autre,Deux véhicules - côté,,,,,,,,,,,5,2,2,9,3
200500074115,0005-11-20 04:40:00,5,11,20,4,40,540,395.0,BROT (RUE MARCEL),,,Nuit avec éclairage allumé,En agglomération,Hors intersection,Normale,Sans collision,,,,,,,,,,,5,2,1,1,7
200500074116,0005-11-20 18:30:00,5,11,20,18,30,540,498.0,"2, RN 74",,,Nuit sans éclairage public,Hors agglomération,Hors intersection,Brouillard / fumée,Sans collision,,,,,,,,,,,3,1,1,5,7
200500074117,0005-11-21 15:10:00,5,11,21,15,10,540,395.0,ARMEE PATTON (RUE DE L'),,,Plein jour,En agglomération,Hors intersection,Normale,Trois véhicules et plus - en chaîne,,,,,,,,,,,1,2,1,1,4
200500074118,0005-11-22 10:20:00,5,11,22,10,20,540,197.0,RD 73,,,Plein jour,Hors agglomération,Hors intersection,Normale,Deux véhicules - frontale,,,,,,,,,,,1,1,1,1,1
200500074119,0005-11-23 16:10:00,5,11,23,16,10,540,395.0,"1, MENGIN (PLACE HENRI)",,,Crépuscule ou aube,En agglomération,Hors intersection,Normale,Sans collision,,,,,,,,,,,2,2,1,1,7
200500074120,0005-11-23 20:15:00,5,11,23,20,15,540,357.0,"3, METZ (ROUTE DE)",,,Nuit avec éclairage allumé,En agglomération,Hors intersection,Normale,Autre collision,,,,,,,,,,,5,2,1,1,6
200500074121,0005-11-24 08:30:00,5,11,24,8,30,540,395.0,MOUILLERON (RUE GABRIEL),,,Plein jour,En agglomération,Intersection en X,Normale,Autre collision,,,,,,,,,,,1,2,2,1,6
200500074122,0005-11-24 09:12:00,5,11,24,9,12,540,395.0,"9, VICTOR (RUE)",,,Plein jour,En agglomération,Hors intersection,Normale,Autre collision,,,,,,,,,,,1,2,1,1,6
200500074123,0005-11-24 18:20:00,5,11,24,18,20,540,395.0,"1, OBERLIN (RUE)",,,Nuit avec éclairage allumé,En agglomération,Hors intersection,Neige / grêle,Autre collision,,,,,,,,,,,5,2,1,4,6
200500074124,0005-11-24 23:50:00,5,11,24,23,50,540,357.0,SEILLE (RUE DE LA),,,Nuit avec éclairage allumé,En agglomération,Hors intersection,Neige / grêle,Autre collision,,,,,,,,,,,5,2,1,4,6
200500074125,0005-11-25 12:15:00,5,11,25,12,15,540,395.0,"1, CHARLES III (RUE)",,,Plein jour,En agglomération,Intersection en X,Normale,Autre collision,,,,,,,,,,,1,2,2,1,6
200500074126,0005-11-25 13:25:00,5,11,25,13,25,540,547.0,"1, LECLERC (AVENUE DU GE",,,Plein jour,En agglomération,Intersection en X,Normale,Deux véhicules - côté,,,,,,,,,,,1,2,2,1,3
200500074127,0005-11-25 16:50:00,5,11,25,16,50,540,395.0,"81, SAINT GEORGES (RUE)",,,Nuit avec éclairage allumé,En agglomération,Hors intersection,Normale,Autre collision,,,,,,,,,,,5,2,1,1,6
200500074128,0005-11-26 05:35:00,5,11,26,5,35,540,300.0,"62, CEZARD (RUE RAOUL)",,,Nuit avec éclairage allumé,En agglomération,Hors intersection,Normale,Autre collision,,,,,,,,,,,5,2,1,1,6
200500074129,0005-11-27 13:35:00,5,11,27,13,35,540,547.0,"1, FRANCHE COMTE (RUE DE",,,Plein jour,En agglomération,Intersection en X,Neige / grêle,Autre collision,,,,,,,,,,,1,2,2,4,6
200500074130,0005-11-28 12:25:00,5,11,28,12,25,540,395.0,"24 bis, LA SALLE (RUE DE",,,Plein jour,En agglomération,Hors intersection,Pluie légère,Trois véhicules et plus - en chaîne,,,,,,,,,,,1,2,1,2,4
200500074131,0005-11-25 08:00:00,5,11,25,8,0,540,526.0,"1, MOULIN (RUE JEAN)",,,Crépuscule ou aube,En agglomération,Hors intersection,Neige / grêle,Deux véhicules - arrière,,,,,,,,,,,2,2,1,4,2
200500074132,0005-11-29 09:30:00,5,11,29,9,30,540,395.0,"76, LECLERC (AV. DU GENE",,,Plein jour,En agglomération,Intersection en T,Normale,Autre collision,,,,,,,,,,,1,2,3,1,6
200500074133,0005-11-30 18:25:00,5,11,30,18,25,540,395.0,"43, MALZEVILLE (RUE ET S",,,Nuit avec éclairage allumé,En agglomération,Intersection en X,Normale,Deux véhicules - frontale,,,,,,,,,,,5,2,2,1,1
200500074134,0005-11-07 12:35:00,5,11,7,12,35,540,431.0,ETATS-UNIS (AVENUE DES),,,Plein jour,En agglomération,Autre intersection,Pluie légère,Deux véhicules - arrière,,,,,,,,,,,1,2,9,2,2
200500074135,0005-11-10 20:55:00,5,11,10,20,55,540,431.0,"40, CAMP (RUE DU)",,,Nuit avec éclairage allumé,En agglomération,Hors intersection,Normale,Autre collision,,,,,,,,,,,5,2,1,1,6
200500074136,0005-11-06 13:40:00,5,11,6,13,40,540,528.0,GENERAL BIGEARD (AVENUE),,,Plein jour,En agglomération,Hors intersection,Normale,Deux véhicules - frontale,,,,,,,,,,,1,2,1,1,1
200500074137,0005-11-13 05:15:00,5,11,13,5,15,540,174.0,RD400,,,Nuit avec éclairage allumé,En agglomération,Hors intersection,Normale,Autre collision,,,,,,,,,,,5,2,1,1,6
200500074138,0005-11-11 12:30:00,5,11,11,12,30,540,528.0,VICTOR HUGO (AVENUE),,,Plein jour,En agglomération,Hors intersection,Normale,Autre collision,,,,,,,,,,,1,2,1,1,6
200500074139,0005-11-15 17:30:00,5,11,15,17,30,540,528.0,VERDUN,,,Crépuscule ou aube,En agglomération,Hors intersection,Normale,Deux véhicules - côté,,,,,,,,,,,2,2,1,1,3
200500074140,0005-11-04 15:00:00,5,11,4,15,0,540,167.0,RD400,,,Plein jour,En agglomération,Hors intersection,Normale,Deux véhicules - côté,,,,,,,,,,,1,2,1,1,3
200500074141,0005-11-22 20:15:00,5,11,22,20,15,540,528.0,GENERAL BIGEARD (AVENUE),,,Nuit avec éclairage allumé,En agglomération,Autre intersection,Normale,Deux véhicules - côté,,,,,,,,,,,5,2,9,1,3
200500074142,0005-11-20 18:20:00,5,11,20,18,20,540,528.0,THIERS,,,Nuit avec éclairage allumé,En agglomération,Hors intersection,Normale,Autre collision,,,,,,,,,,,5,2,1,1,6
200500074143,0005-11-27 11:10:00,5,11,27,11,10,540,528.0,RAYMOND POINCARE (COURS),,,Plein jour,En agglomération,Giratoire,Neige / grêle,Deux véhicules - côté,,,,,,,,,,,1,2,6,4,3
200500074144,0005-11-25 12:00:00,5,11,25,12,0,540,528.0,GENERAL BIGEARD (AVENUE),,,Plein jour,En agglomération,Hors intersection,Normale,Autre collision,,,,,,,,,,,1,2,1,1,6
200500074145,0005-11-05 17:30:00,5,11,5,17,30,550,29.0,place François GOSSIN,,,Plein jour,En agglomération,Giratoire,Normale,Deux véhicules - côté,,,,,,,,,,,1,2,6,1,3
200500074146,0005-11-12 14:20:00,5,11,12,14,20,550,29.0,"47, SAINT MIHIEL ( RUE D",,,Plein jour,En agglomération,Hors intersection,Normale,Deux véhicules - arrière,,,,,,,,,,,1,2,1,1,2
200500074147,0005-11-21 19:00:00,5,11,21,19,0,550,29.0,"09, BOURG ( RUE DU )",,,Nuit avec éclairage allumé,En agglomération,Hors intersection,Normale,Autre collision,,,,,,,,,,,5,2,1,1,6
200500074148,0005-11-24 07:00:00,5,11,24,7,0,550,302.0,RN135,,,Nuit sans éclairage public,Hors agglomération,Intersection en T,Normale,Deux véhicules - côté,,,,,,,,,,,3,1,3,1,3
200500074149,0005-11-29 17:45:00,5,11,29,17,45,550,29.0,CARNOT ( QUAI SADI ),,,Nuit avec éclairage allumé,En agglomération,Intersection en T,Normale,Deux véhicules - côté,,,,,,,,,,,5,2,3,1,3
200500074150,0005-11-15 18:10:00,5,11,15,18,10,550,43.0,DE GAULLE (GENERAL),,,Nuit avec éclairage allumé,En agglomération,Hors intersection,Pluie légère,Sans collision,,,,,,,,,,,5,2,1,2,7
200500074151,0005-11-01 06:40:00,5,11,1,6,40,560,121.0,"60, LE GRAND (RUE  JULES",,,Nuit avec éclairage allumé,En agglomération,Hors intersection,Pluie légère,Deux véhicules - côté,,,,,,,,,,,5,2,1,2,3
200500074152,0005-11-02 17:40:00,5,11,2,17,40,560,83.0,"00, POMPIDOU ( AVENUE GE",,,Plein jour,En agglomération,Intersection en X,Normale,Deux véhicules - côté,,,,,,,,,,,1,2,2,1,3
200500074153,0005-11-04 14:13:00,5,11,4,14,13,560,162.0,"18, MOULIN DU TER (RUE D",,,Plein jour,Hors agglomération,Hors intersection,Temps éblouissant,Deux véhicules - côté,,,,,,,,,,,1,1,1,7,3
200500074154,0005-11-04 20:22:00,5,11,4,20,22,560,121.0,"00, ORADOUR SUR GLANE (",,,Nuit avec éclairage allumé,En agglomération,Hors intersection,Pluie légère,Trois véhicules et plus - collisions multiples,,,,,,,,,,,5,2,1,2,5
200500074155,0005-11-05 22:05:00,5,11,5,22,5,560,83.0,"19, POMPIDOU ( AVENUE GE",,,Nuit avec éclairage allumé,En agglomération,Intersection en T,Normale,Trois véhicules et plus - collisions multiples,,,,,,,,,,,5,2,3,1,5
200500074156,0005-11-06 11:45:00,5,11,6,11,45,560,98.0,"08, BILLOUX ( AV. FRANCO",,,Plein jour,En agglomération,Hors intersection,Normale,Autre collision,,,,,,,,,,,1,2,1,1,6
200500074157,0005-11-06 14:10:00,5,11,6,14,10,560,121.0,"00, MARQUET (RUE  MARY )",,,Plein jour,En agglomération,Hors intersection,Pluie légère,Sans collision,,,,,,,,,,,1,2,1,2,7
200500074158,0005-11-06 19:15:00,5,11,6,19,15,560,121.0,"00, ORADOUR SUR GLANE (",,,Nuit avec éclairage allumé,En agglomération,Hors intersection,Pluie légère,Autre collision,,,,,,,,,,,5,2,1,2,6
200500074159,0005-11-06 23:57:00,5,11,6,23,57,560,83.0,"21, PORT LOUIS ( ROUTE)",,,Nuit avec éclairage allumé,En agglomération,Hors intersection,Pluie forte,Sans collision,,,,,,,,,,,5,2,1,3,7
200500074160,0005-11-04 20:04:00,5,11,4,20,4,560,121.0,"00, REGIMENT (RUE DU 62",,,Nuit avec éclairage allumé,En agglomération,Intersection en X,Normale,Deux véhicules - côté,,,,,,,,,,,5,2,2,1,3
200500074161,0005-11-07 15:16:00,5,11,7,15,16,560,107.0,QUELISOY (RUE DE),,,Plein jour,En agglomération,Intersection en X,Normale,Deux véhicules - côté,,,,,,,,,,,1,2,2,1,3
200500074162,0005-11-07 12:26:00,5,11,7,12,26,560,83.0,"00, VAILLANT ( AV. EDOUA",,,Plein jour,En agglomération,Hors intersection,Normale,Sans collision,,,,,,,,,,,1,2,1,1,7
200500074163,0005-11-08 07:45:00,5,11,8,7,45,560,121.0,"00, BLUM ( BD LEON )",,,Crépuscule ou aube,En agglomération,Giratoire,Normale,Deux véhicules - côté,,,,,,,,,,,2,2,6,1,3
200500074164,0005-11-09 19:42:00,5,11,9,19,42,560,121.0,"46, BELGIQUE (RUE  DE )",,,Nuit avec éclairage allumé,En agglomération,Hors intersection,Normale,Deux véhicules - côté,,,,,,,,,,,5,2,1,1,3