accident_id,datetime,annee,mois,jour,heure,minute,departement,commune_insee,adresse,latitude,longitude,luminosite,agglomeration,intersection,meteo,collision,nb_vehicules,nb_usagers,nb_indemnes,nb_tues,nb_blesses_hosp,nb_blesses_legers,age_cond_1,age_cond_2,veh_type_cond_1,veh_type_cond_2,lum_code,agg_code,int_code,atm_code,col_code
200500074290,0005-11-02 10:15:00,5,11,2,10,15,590,368.0,"Sans objet, REPUBLIQUE A",,,Plein jour,En agglomération,Hors intersection,Pluie légère,Autre collision,,,,,,,,,,,1,2,1,2,6
200500074291,0005-11-02 10:15:00,5,11,2,10,15,590,350.0,"Sans objet, KIMPE PAUL R",,,Plein jour,En agglomération,Hors intersection,Normale,Autre collision,,,,,,,,,,,1,2,1,1,6
200500074292,0005-11-02 11:30:00,5,11,2,11,30,590,350.0,"33, JACQUARD RUE",,,Plein jour,En agglomération,Hors intersection,Pluie légère,Deux véhicules - frontale,,,,,,,,,,,1,2,1,2,1
200500074293,0005-11-03 07:40:00,5,11,3,7,40,590,328.0,"001, DELESCAUX HENRI AVE",,,Plein jour,En agglomération,Hors intersection,Normale,Deux véhicules - côté,,,,,,,,,,,1,2,1,1,3
200500074294,0005-11-03 13:20:00,5,11,3,13,20,590,9.0,PARIS AVENUE DE,,,Plein jour,En agglomération,Intersection en X,Normale,Autre collision,,,,,,,,,,,1,2,2,1,6
200500074295,0005-11-03 17:50:00,5,11,3,17,50,590,368.0,DE GAULLE RUE DU GENERAL,,,Nuit avec éclairage allumé,Hors agglomération,Autre intersection,Normale,Deux véhicules - arrière,,,,,,,,,,,5,1,9,1,2
200500074296,0005-11-04 00:25:00,5,11,4,0,25,590,368.0,"277, DE GAULLE RUE DU GE",,,Nuit avec éclairage allumé,En agglomération,Hors intersection,Normale,Autre collision,,,,,,,,,,,5,2,1,1,6
200500074297,0005-11-04 15:00:00,5,11,4,15,0,590,527.0,"1, LECLERC RUE DU GENERA",,,Plein jour,En agglomération,Hors intersection,Normale,Autre collision,,,,,,,,,,,1,2,1,1,6
200500074298,0005-11-05 04:00:00,5,11,5,4,0,590,350.0,"76, LIBERTE BVD N°2 A 90",,,Nuit avec éclairage allumé,En agglomération,Intersection en X,Normale,Autre collision,,,,,,,,,,,5,2,2,1,6
200500074299,0005-11-07 17:25:00,5,11,7,17,25,590,350.0,VAUBAN BOULEVARD N°2A18-,,,Crépuscule ou aube,En agglomération,Hors intersection,Normale,Trois véhicules et plus - en chaîne,,,,,,,,,,,2,2,1,1,4
200500074300,0005-11-08 08:50:00,5,11,8,8,50,590,350.0,"258, DUNKERQUE AVENUE",,,Plein jour,En agglomération,Hors intersection,Normale,Deux véhicules - côté,,,,,,,,,,,1,2,1,1,3
200500074301,0005-11-08 11:55:00,5,11,8,11,55,590,386.0,CASSEL RUE DE,,,Plein jour,En agglomération,Intersection en T,Normale,Autre collision,,,,,,,,,,,1,2,3,1,6
200500074302,0005-11-05 07:30:00,5,11,5,7,30,590,195.0,FOURNES RUE DE,,,Crépuscule ou aube,Hors agglomération,Intersection en T,Pluie légère,Autre collision,,,,,,,,,,,2,1,3,2,6
200500074303,0005-11-06 16:55:00,5,11,6,16,55,590,350.0,"147, PHILADELPHIE RUE",,,Plein jour,En agglomération,Hors intersection,Normale,Autre collision,,,,,,,,,,,1,2,1,1,6
200500074304,0005-11-07 11:20:00,5,11,7,11,20,590,9.0,DE MONTALEMBERT BVD DU C,,,Plein jour,En agglomération,Hors intersection,Pluie légère,Autre collision,,,,,,,,,,,1,2,1,2,6
200500074305,0005-11-07 12:25:00,5,11,7,12,25,590,350.0,TEMPLE PLACE DU,,,Plein jour,En agglomération,Hors intersection,Pluie légère,Deux véhicules - côté,,,,,,,,,,,1,2,1,2,3
200500074306,0005-11-07 17:00:00,5,11,7,17,0,590,328.0,"255, HIPPODROME AV DE L",,,Nuit avec éclairage allumé,En agglomération,Hors intersection,Normale,Autre collision,,,,,,,,,,,5,2,1,1,6
200500074307,0005-11-08 18:30:00,5,11,8,18,30,590,350.0,"Sans Objet, VERDUN BVD N",,,Crépuscule ou aube,En agglomération,Hors intersection,Normale,Autre collision,,,,,,,,,,,2,2,1,1,6
200500074308,0005-11-08 19:45:00,5,11,8,19,45,590,368.0,"00, REPUBLIQUE AVENUE DE",,,Nuit avec éclairage allumé,En agglomération,Hors intersection,Normale,Autre collision,,,,,,,,,,,5,2,1,1,6
200500074309,0005-11-09 10:20:00,5,11,9,10,20,590,527.0,"San objet, DE LATTRE TAS",,,Plein jour,En agglomération,Hors intersection,Pluie légère,Autre collision,,,,,,,,,,,1,2,1,2,6
200500074310,0005-11-09 09:25:00,5,11,9,9,25,590,350.0,"20, LIBERTE BOULEVARD N°",,,Plein jour,En agglomération,Intersection en X,Pluie légère,Deux véhicules - côté,,,,,,,,,,,1,2,2,2,3
200500074311,0005-11-08 18:50:00,5,11,8,18,50,590,378.0,"39, Coisne André, rue",,,Plein jour,En agglomération,Hors intersection,Normale,Autre collision,,,,,,,,,,,1,2,1,1,6
200500074312,0005-11-09 18:30:00,5,11,9,18,30,590,350.0,"19, RAMADIER PAUL RUE",,,Nuit avec éclairage allumé,En agglomération,Hors intersection,Normale,Autre collision,,,,,,,,,,,5,2,1,1,6
200500074313,0005-11-09 21:40:00,5,11,9,21,40,590,507.0,"420, JAURES JEAN AVENUE.",,,Nuit avec éclairage allumé,En agglomération,Hors intersection,Normale,Deux véhicules - côté,,,,,,,,,,,5,2,1,1,3
200500074314,0005-11-08 13:30:00,5,11,8,13,30,590,378.0,"00, CLEMENCEAU BLVD (N°1",,,Plein jour,En agglomération,Intersection en X,Normale,Autre collision,,,,,,,,,,,1,2,2,1,6
200500074315,0005-11-05 19:00:00,5,11,5,19,0,590,386.0,"380, MENIN RUE DE",,,Nuit avec éclairage allumé,En agglomération,Hors intersection,Normale,Autre collision,,,,,,,,,,,5,2,1,1,6
200500074316,0005-11-12 06:45:00,5,11,12,6,45,590,368.0,SCHUMAN ROBERT BOULEVARD,,,Nuit sans éclairage public,En agglomération,Intersection en X,Pluie légère,Deux véhicules - côté,,,,,,,,,,,3,2,2,2,3
200500074317,0005-11-12 12:40:00,5,11,12,12,40,590,350.0,"130, MONTEBELLO BD PAIRS",,,Plein jour,En agglomération,Intersection en X,Normale,Autre collision,,,,,,,,,,,1,2,2,1,6
200500074318,0005-11-13 12:30:00,5,11,13,12,30,590,346.0,"001, R.D. 48",,,Plein jour,En agglomération,Hors intersection,Normale,Deux véhicules - frontale,,,,,,,,,,,1,2,1,1,1
200500074319,0005-11-14 07:45:00,5,11,14,7,45,590,350.0,"120, ESQUERMES RUE D N°",,,Plein jour,En agglomération,Hors intersection,Normale,Autre collision,,,,,,,,,,,1,2,1,1,6
200500074320,0005-11-14 07:15:00,5,11,14,7,15,590,457.0,"138, PREVOTE RUE DE LA",,,Crépuscule ou aube,En agglomération,Hors intersection,Normale,Autre collision,,,,,,,,,,,2,2,1,1,6
200500074321,0005-11-14 13:30:00,5,11,14,13,30,590,350.0,"01, FAUBOURG D'ARRAS RUE",,,Plein jour,En agglomération,Hors intersection,Normale,Autre collision,,,,,,,,,,,1,2,1,1,6
200500074322,0005-11-15 10:45:00,5,11,15,10,45,590,378.0,"23, MARNE AVENUE DE LA",,,Plein jour,En agglomération,Hors intersection,Pluie légère,Autre collision,,,,,,,,,,,1,2,1,2,6
200500074323,0005-11-15 19:45:00,5,11,15,19,45,590,9.0,PERRIN JEAN  AVENUE,,,Nuit avec éclairage allumé,En agglomération,Intersection en X,Pluie légère,Deux véhicules - côté,,,,,,,,,,,5,2,2,2,3
200500074324,0005-11-17 11:55:00,5,11,17,11,55,590,636.0,"001, OBERT RUE",,,Plein jour,En agglomération,Hors intersection,Normale,Autre collision,,,,,,,,,,,1,2,1,1,6
200500074325,0005-11-17 14:15:00,5,11,17,14,15,590,350.0,ARC RUE JEANNE D,,,Plein jour,En agglomération,Intersection en X,Normale,Autre collision,,,,,,,,,,,1,2,2,1,6
200500074326,0005-11-18 11:10:00,5,11,18,11,10,590,360.0,LECLERC RUE DU GENERAL,,,Plein jour,En agglomération,Intersection en X,Normale,Autre collision,,,,,,,,,,,1,2,2,1,6
200500074327,0005-11-18 16:40:00,5,11,18,16,40,590,350.0,"152, NATIONALE RUE N°2 A",,,Plein jour,Hors agglomération,Intersection en X,Normale,Deux véhicules - frontale,,,,,,,,,,,1,1,2,1,1
200500074328,0005-11-17 11:25:00,5,11,17,11,25,590,378.0,VERDUN AVENUE DE,,,Plein jour,En agglomération,Intersection en X,Normale,Deux véhicules - côté,,,,,,,,,,,1,2,2,1,3
200500074329,0005-11-19 15:00:00,5,11,19,15,0,590,350.0,"199, FAIDHERBE RUE",,,Plein jour,En agglomération,Hors intersection,Normale,Autre collision,,,,,,,,,,,1,2,1,1,6
200500074330,0005-11-19 11:45:00,5,11,19,11,45,590,350.0,PORTE D'ARRAS  METRO,,,Plein jour,En agglomération,Hors intersection,Pluie légère,Autre collision,,,,,,,,,,,1,2,1,2,6
200500074331,0005-11-18 09:50:00,5,11,18,9,50,590,378.0,"1002, REPUBLIQUE AV DE L",,,Plein jour,En agglomération,Hors intersection,Normale,Autre collision,,,,,,,,,,,1,2,1,1,6
200500074332,0005-11-18 19:00:00,5,11,18,19,0,590,9.0,GUESDE JULES RUE,,,Nuit avec éclairage allumé,En agglomération,Intersection en T,Normale,Autre collision,,,,,,,,,,,5,2,3,1,6
200500074333,0005-11-21 17:35:00,5,11,21,17,35,590,368.0,"225, DE GAULLE RUE DU GE",,,Crépuscule ou aube,En agglomération,Hors intersection,Normale,Autre collision,,,,,,,,,,,2,2,1,1,6
200500074334,0005-11-21 13:30:00,5,11,21,13,30,590,350.0,FERBER RUE CAPITAINE,,,Plein jour,En agglomération,Intersection en X,Normale,Deux véhicules - côté,,,,,,,,,,,1,2,2,1,3
200500074335,0005-11-22 07:35:00,5,11,22,7,35,590,410.0,"00, JACQUARD RUE",,,Crépuscule ou aube,En agglomération,Intersection en X,Normale,Autre collision,,,,,,,,,,,2,2,2,1,6
200500074336,0005-11-22 13:30:00,5,11,22,13,30,590,410.0,ADENAUER AVENUE DU CHANC,,,Plein jour,En agglomération,Hors intersection,Normale,Autre collision,,,,,,,,,,,1,2,1,1,6
200500074337,0005-11-22 19:15:00,5,11,22,19,15,590,566.0,"07, PASTEUR RUE",,,Nuit avec éclairage allumé,En agglomération,Hors intersection,Normale,Autre collision,,,,,,,,,,,5,2,1,1,6
200500074338,0005-11-23 06:25:00,5,11,23,6,25,590,350.0,LEROUX DE FAUQUEMONT PLA,,,Nuit avec éclairage allumé,En agglomération,Hors intersection,Normale,Deux véhicules - frontale,,,,,,,,,,,5,2,1,1,1
200500074339,0005-11-24 12:10:00,5,11,24,12,10,590,368.0,ALGER RUE D,,,Plein jour,En agglomération,Autre intersection,Normale,Deux véhicules - frontale,,,,,,,,,,,1,2,9,1,1
200500074340,0005-11-24 22:05:00,5,11,24,22,5,590,350.0,COULMIERS RUE DE,,,Nuit avec éclairage allumé,En agglomération,Hors intersection,Normale,Autre collision,,,,,,,,,,,5,2,1,1,6
200500074341,0005-11-24 13:40:00,5,11,24,13,40,590,350.0,LAMBRET OSCAR AVENUE,,,Plein jour,En agglomération,Intersection en X,Normale,Deux véhicules - côté,,,,,,,,,,,1,2,2,1,3
200500074342,0005-11-24 19:20:00,5,11,24,19,20,590,386.0,"85, PETERS HENRI RUE",,,Nuit avec éclairage allumé,En agglomération,Hors intersection,Pluie légère,Autre collision,,,,,,,,,,,5,2,1,2,6
200500074343,0005-11-26 08:20:00,5,11,26,8,20,590,350.0,VERDUN BVD N°2 A 10-12 A,,,Plein jour,En agglomération,Hors intersection,Pluie forte,Autre collision,,,,,,,,,,,1,2,1,3,6
200500074344,0005-11-26 19:40:00,5,11,26,19,40,590,9.0,"76, JAURES JEAN RUE    N",,,Plein jour,En agglomération,Hors intersection,Normale,Autre collision,,,,,,,,,,,1,2,1,1,6
200500074345,0005-11-26 22:45:00,5,11,26,22,45,590,386.0,WAMBRECHIES RUE DE,,,Nuit avec éclairage allumé,En agglomération,Intersection en X,Pluie légère,Deux véhicules - frontale,,,,,,,,,,,5,2,2,2,1
200500074346,0005-11-27 13:00:00,5,11,27,13,0,590,286.0,"00, SANTES RUE DE",,,Plein jour,En agglomération,Hors intersection,Pluie légère,Autre collision,,,,,,,,,,,1,2,1,2,6
200500074347,0005-11-27 13:42:00,5,11,27,13,42,590,507.0,"001, BERLIOZ HECTOR AVEN",,,Plein jour,En agglomération,Autre intersection,Pluie légère,Deux véhicules - côté,,,,,,,,,,,1,2,9,2,3
200500074348,0005-11-27 14:15:00,5,11,27,14,15,590,350.0,HUGO VICTOR RUE,,,Plein jour,En agglomération,Intersection en X,Neige / grêle,Autre collision,,,,,,,,,,,1,2,2,4,6
200500074349,0005-11-27 17:30:00,5,11,27,17,30,590,350.0,"02, CANONNIERS RUE DES",,,Nuit avec éclairage allumé,En agglomération,Hors intersection,Neige / grêle,Autre collision,,,,,,,,,,,5,2,1,4,6
200500074350,0005-11-27 20:40:00,5,11,27,20,40,590,378.0,LISFRANC-CROISE LAROCHE,,,Nuit avec éclairage allumé,En agglomération,Intersection en X,Pluie forte,Deux véhicules - côté,,,,,,,,,,,5,2,2,3,3
200500074351,0005-11-29 07:30:00,5,11,29,7,30,590,9.0,OUEST BOULEVARD DE L,,,Crépuscule ou aube,En agglomération,Intersection en Y,Normale,Autre collision,,,,,,,,,,,2,2,4,1,6
200500074352,0005-11-29 09:30:00,5,11,29,9,30,590,350.0,"68, PRINCESSE RUE",,,Plein jour,En agglomération,Hors intersection,Normale,Autre collision,,,,,,,,,,,1,2,1,1,6
200500074353,0005-11-29 13:10:00,5,11,29,13,10,590,9.0,"02, VERTE RUE",,,Plein jour,En agglomération,Hors intersection,Normale,Autre collision,,,,,,,,,,,1,2,1,1,6
200500074354,0005-11-29 23:45:00,5,11,29,23,45,590,350.0,SCHUMAN ROBERT BOULEVARD,,,Nuit avec éclairage allumé,En agglomération,Hors intersection,Normale,Autre collision,,,,,,,,,,,5,2,1,1,6
200500074355,0005-11-29 13:30:00,5,11,29,13,30,590,360.0,DOUMER PAUL RUE,,,Plein jour,Hors agglomération,Intersection en T,Normale,Deux véhicules - côté,,,,,,,,,,,1,1,3,1,3
200500074356,0005-11-23 15:55:00,5,11,23,15,55,590,350.0,LEZENNES BOULEVARD DE,,,Plein jour,En agglomération,Hors intersection,Normale,Autre collision,,,,,,,,,,,1,2,1,1,6
200500074357,0005-11-30 07:45:00,5,11,30,7,45,590,507.0,LIEVIN RUE DU BAS,,,Crépuscule ou aube,En agglomération,Intersection en Y,Pluie légère,Autre collision,,,,,,,,,,,2,2,4,2,6
200500074358,0005-11-30 17:45:00,5,11,30,17,45,590,350.0,HEGEL RUE,,,Plein jour,Hors agglomération,Autre intersection,Normale,Deux véhicules - côté,,,,,,,,,,,1,1,9,1,3
200500074359,0005-11-30 15:20:00,5,11,30,15,20,590,368.0,"67, POMPIDOU G. RUE DU P",,,Plein jour,En agglomération,Hors intersection,Normale,Autre collision,,,,,,,,,,,1,2,1,1,6
200500074360,0005-11-18 10:30:00,5,11,18,10,30,590,507.0,"440, LAVOISIER RUE",,,Plein jour,En agglomération,Intersection en X,Normale,Autre collision,,,,,,,,,,,1,2,2,1,6
200500074361,0005-11-26 16:30:00,5,11,26,16,30,590,350.0,"29, LECLERC PLACE DU MAL",,,Crépuscule ou aube,En agglomération,Hors intersection,Pluie forte,Autre collision,,,,,,,,,,,2,2,1,3,6
200500074362,0005-11-29 21:25:00,5,11,29,21,25,590,343.0,"Sans objet, DOUAI RUE DE",,,Nuit avec éclairage allumé,En agglomération,Hors intersection,Normale,Autre collision,,,,,,,,,,,5,2,1,1,6
200500074363,0005-11-04 11:00:00,5,11,4,11,0,590,392.0,FEIGNIES (ROUTE DE),,,Plein jour,En agglomération,Hors intersection,Normale,Sans collision,,,,,,,,,,,1,2,1,1,7
200500074364,0005-11-23 18:55:00,5,11,23,18,55,590,392.0,"53, FEIGNIES (ROUTE DE)",,,Nuit avec éclairage allumé,En agglomération,Hors intersection,Normale,Autre collision,,,,,,,,,,,5,2,1,1,6
200500074365,0005-11-23 18:30:00,5,11,23,18,30,590,392.0,FEIGNIES (ROUTE DE),,,Nuit avec éclairage allumé,En agglomération,Giratoire,Normale,Deux véhicules - côté,,,,,,,,,,,5,2,6,1,3
200500074366,0005-11-02 17:25:00,5,11,2,17,25,590,512.0,FRANCE (RUE DE),,,Plein jour,En agglomération,Intersection en X,Pluie légère,Deux véhicules - côté,,,,,,,,,,,1,2,2,2,3
200500074367,0005-11-02 07:50:00,5,11,2,7,50,590,512.0,BARBIEUX  (RUE DE),,,Plein jour,En agglomération,Intersection en X,Pluie légère,Deux véhicules - côté,,,,,,,,,,,1,2,2,2,3
200500074368,0005-11-05 21:40:00,5,11,5,21,40,590,512.0,GAMBETTA ( BOULEVARD),,,Nuit avec éclairage allumé,En agglomération,Hors intersection,Normale,Autre collision,,,,,,,,,,,5,2,1,1,6
200500074369,0005-11-05 15:30:00,5,11,5,15,30,590,650.0,FAIDHERBE (RUE),,,Plein jour,En agglomération,Hors intersection,Normale,Deux véhicules - frontale,,,,,,,,,,,1,2,1,1,1
200500074370,0005-11-08 08:25:00,5,11,8,8,25,590,650.0,LYS (RUE DES),,,Plein jour,En agglomération,Intersection en X,Temps couvert,Deux véhicules - côté,,,,,,,,,,,1,2,2,8,3
200500074371,0005-11-07 09:40:00,5,11,7,9,40,590,512.0,DE ROUBAIX (RUE PIERRE),,,Plein jour,En agglomération,Intersection en X,Pluie légère,Deux véhicules - côté,,,,,,,,,,,1,2,2,2,3
200500074372,0005-11-08 11:55:00,5,11,8,11,55,590,512.0,METZ (BOULEVARD DE),,,Plein jour,En agglomération,Intersection en X,Normale,Autre collision,,,,,,,,,,,1,2,2,1,6
200500074373,0005-11-10 14:10:00,5,11,10,14,10,590,512.0,COLLEGE  (RUE),,,Plein jour,En agglomération,Intersection en T,Pluie légère,Autre collision,,,,,,,,,,,1,2,3,2,6
200500074374,0005-11-07 20:00:00,5,11,7,20,0,590,512.0,DE ROUBAIX (RUE PIERRE),,,Nuit avec éclairage allumé,En agglomération,Hors intersection,Normale,Deux véhicules - côté,,,,,,,,,,,5,2,1,1,3
200500074375,0005-11-14 19:00:00,5,11,14,19,0,590,512.0,FOURCROY (RUE),,,Nuit avec éclairage allumé,En agglomération,Hors intersection,Normale,Deux véhicules - frontale,,,,,,,,,,,5,2,1,1,1
200500074376,0005-11-08 12:30:00,5,11,8,12,30,590,512.0,MONGE (RUE),,,Plein jour,En agglomération,Intersection en X,Normale,Deux véhicules - côté,,,,,,,,,,,1,2,2,1,3
200500074377,0005-11-12 14:35:00,5,11,12,14,35,590,650.0,CASTEL (RUE JEAN),,,Plein jour,En agglomération,Hors intersection,Normale,Autre collision,,,,,,,,,,,1,2,1,1,6
200500074378,0005-11-09 13:05:00,5,11,9,13,5,590,299.0,COUBRONNE (RUE DU DOCTEU,,,Plein jour,En agglomération,Intersection en T,Normale,Autre collision,,,,,,,,,,,1,2,3,1,6
200500074379,0005-11-04 17:40:00,5,11,4,17,40,590,339.0,CD 700,,,Nuit avec éclairage allumé,Hors agglomération,Hors intersection,Normale,Deux véhicules - côté,,,,,,,,,,,5,1,1,1,3
200500074380,0005-11-18 18:30:00,5,11,18,18,30,590,512.0,CHARLEMAGNE (RUE),,,Plein jour,En agglomération,Hors intersection,Normale,Autre collision,,,,,,,,,,,1,2,1,1,6
200500074381,0005-11-16 15:04:00,5,11,16,15,4,590,512.0,LAVOISIER (RUE),,,Plein jour,En agglomération,Hors intersection,Normale,Autre collision,,,,,,,,,,,1,2,1,1,6
200500074382,0005-11-08 12:10:00,5,11,8,12,10,590,650.0,EGALITE,,,Plein jour,En agglomération,Intersection en T,Normale,Deux véhicules - côté,,,,,,,,,,,1,2,3,1,3
200500074383,0005-11-14 07:55:00,5,11,14,7,55,590,512.0,", CARTIGNY (RUE DE)",,,Nuit avec éclairage non allumé,En agglomération,Intersection en T,Brouillard / fumée,Deux véhicules - côté,,,,,,,,,,,4,2,3,5,3
200500074384,0005-11-24 13:30:00,5,11,24,13,30,590,512.0,DUBAR ( RUE JOSEPH),,,Plein jour,En agglomération,Hors intersection,Normale,Autre collision,,,,,,,,,,,1,2,1,1,6
200500074385,0005-11-25 12:25:00,5,11,25,12,25,590,512.0,GAMBETTA ( BOULEVARD),,,Plein jour,En agglomération,Hors intersection,Normale,Deux véhicules - arrière,,,,,,,,,,,1,2,1,1,2
200500074386,0005-11-24 17:05:00,5,11,24,17,5,590,512.0,LE NOTRE (AVENUE),,,Nuit avec éclairage allumé,En agglomération,Hors intersection,Pluie légère,Autre collision,,,,,,,,,,,5,2,1,2,6
200500074387,0005-11-25 13:20:00,5,11,25,13,20,590,650.0,GUESDE (RUE JULES),,,Plein jour,En agglomération,Hors intersection,Normale,Autre collision,,,,,,,,,,,1,2,1,1,6
200500074388,0005-11-27 21:35:00,5,11,27,21,35,590,512.0,GRAND CHEMIN (RUE DU),,,Nuit avec éclairage allumé,En agglomération,Hors intersection,Neige / grêle,Autre collision,,,,,,,,,,,5,2,1,4,6
200500074389,0005-11-18 08:40:00,5,11,18,8,40,590,650.0,CHOPIN (RUE FREDERIC),,,Plein jour,En agglomération,Hors intersection,Normale,Autre collision,,,,,,,,,,,1,2,1,1,6
200500074390,0005-11-23 10:45:00,5,11,23,10,45,590,299.0,DE GAULLE (AVENUE CHARLE,,,Plein jour,En agglomération,Hors intersection,Pluie légère,Deux véhicules - côté,,,,,,,,,,,1,2,1,2,3
200500074391,0005-11-29 10:30:00,5,11,29,10,30,590,512.0,VERDUN (AVENUE DE),,,Plein jour,En agglomération,Hors intersection,Normale,Autre collision,,,,,,,,,,,1,2,1,1,6
200500074392,0005-11-18 13:50:00,5,11,18,13,50,590,512.0,MOTTE (AVENUE ALFRED),,,Plein jour,En agglomération,Intersection en X,Normale,Deux véhicules - côté,,,,,,,,,,,1,2,2,1,3
200500074393,0005-11-30 16:00:00,5,11,30,16,0,590,163.0,HANNART (AVENUE GEORGES),,,Plein jour,En agglomération,Hors intersection,Temps couvert,Deux véhicules - frontale,,,,,,,,,,,1,2,1,8,1
200500074394,0005-11-18 17:50:00,5,11,18,17,50,590,650.0,UNION (RUE DE L'),,,Nuit avec éclairage allumé,En agglomération,Hors intersection,Normale,Deux véhicules - côté,,,,,,,,,,,5,2,1,1,3
200500074395,0005-11-03 13:10:00,5,11,3,13,10,590,650.0,GARE (RUE DE LA),,,Plein jour,En agglomération,Intersection en T,Normale,Autre collision,,,,,,,,,,,1,2,3,1,6
200500074396,0005-11-25 17:30:00,5,11,25,17,30,590,650.0,EGALITE,,,Plein jour,En agglomération,Intersection en X,Normale,Deux véhicules - frontale,,,,,,,,,,,1,2,2,1,1
200500074397,0005-11-26 20:00:00,5,11,26,20,0,590,512.0,MOTTE (AVENUE ALFRED),,,Nuit avec éclairage allumé,En agglomération,Intersection en X,Normale,Deux véhicules - côté,,,,,,,,,,,5,2,2,1,3
200500074398,0005-11-04 08:30:00,5,11,4,8,30,590,512.0,BOIS (RUE DU),,,Plein jour,En agglomération,Hors intersection,Normale,Autre collision,,,,,,,,,,,1,2,1,1,6
200500074399,0005-11-26 17:40:00,5,11,26,17,40,590,512.0,STRASBOURG (BOULEVARD DE,,,Nuit avec éclairage allumé,En agglomération,Intersection en T,Normale,Autre collision,,,,,,,,,,,5,2,3,1,6
200500074400,0005-11-30 10:30:00,5,11,30,10,30,590,646.0,MOLINEL (RUE DU),,,Plein jour,Hors agglomération,Hors intersection,Normale,Autre collision,,,,,,,,,,,1,1,1,1,6
200500074401,0005-11-29 09:55:00,5,11,29,9,55,590,650.0,DELORY (RUE GUSTAVE),,,Plein jour,En agglomération,Intersection en X,Normale,Autre collision,,,,,,,,,,,1,2,2,1,6
200500074402,0005-11-29 10:00:00,5,11,29,10,0,590,332.0,"1, CANONNIERS (RUE DES)",,,Plein jour,En agglomération,Intersection en X,Normale,Autre collision,,,,,,,,,,,1,2,2,1,6
200500074403,0005-11-19 16:20:00,5,11,19,16,20,590,512.0,LYON (BOULEVARD DE),,,Plein jour,En agglomération,Hors intersection,Normale,Deux véhicules - côté,,,,,,,,,,,1,2,1,1,3
200500074404,0005-11-24 07:00:00,5,11,24,7,0,590,284.0,"0,000, ROUTE NATIONALE",,,Nuit sans éclairage public,En agglomération,Intersection en T,Pluie légère,Deux véhicules - côté,,,,,,,,,,,3,2,3,2,3
200500074405,0005-11-10 18:15:00,5,11,10,18,15,590,414.0,"11, RAYMOND HONORE(AVENU",,,Nuit avec éclairage allumé,En agglomération,Hors intersection,Normale,Autre collision,,,,,,,,,,,5,2,1,1,6
200500074406,0005-11-25 08:25:00,5,11,25,8,25,590,574.0,"207, ACHILLE ANDRIS(RUE)",,,Plein jour,En agglomération,Hors intersection,Normale,Autre collision,,,,,,,,,,,1,2,1,1,6
200500074407,0005-11-05 14:00:00,5,11,5,14,0,590,599.0,MARNE (AVENUE DE LA),,,Plein jour,En agglomération,Hors intersection,Normale,Autre collision,,,,,,,,,,,1,2,1,1,6
200500074408,0005-11-08 13:25:00,5,11,8,13,25,590,599.0,"49, MILLET (AVENUE JEAN)",,,Plein jour,En agglomération,Hors intersection,Normale,Deux véhicules - frontale,,,,,,,,,,,1,2,1,1,1
200500074409,0005-11-09 19:20:00,5,11,9,19,20,590,508.0,LILLE (RUE DE)LATERALE A,,,Nuit sans éclairage public,En agglomération,Hors intersection,Normale,Deux véhicules - côté,,,,,,,,,,,3,2,1,1,3
200500074410,0005-11-10 08:50:00,5,11,10,8,50,590,599.0,MERMOZ (RUE JEAN),,,Plein jour,En agglomération,Intersection en X,Temps éblouissant,Autre collision,,,,,,,,,,,1,2,2,7,6
200500074411,0005-11-10 16:45:00,5,11,10,16,45,590,599.0,"., FAIDHERBE (RUE )",,,Crépuscule ou aube,En agglomération,Hors intersection,Pluie légère,Autre collision,,,,,,,,,,,2,2,1,2,6
200500074412,0005-11-11 13:35:00,5,11,11,13,35,590,599.0,MOUVAUX (RUE DE),,,Plein jour,En agglomération,Autre intersection,Normale,Autre collision,,,,,,,,,,,1,2,9,1,6
200500074413,0005-11-22 17:50:00,5,11,22,17,50,590,152.0,", LYS (RUE DE LA)",,,Nuit sans éclairage public,Hors agglomération,Hors intersection,Normale,Deux véhicules - côté,,,,,,,,,,,3,1,1,1,3
200500074414,0005-11-23 20:50:00,5,11,23,20,50,590,599.0,"328, BRUN PAIN (RUE DU)",,,Nuit avec éclairage allumé,En agglomération,Intersection en X,Normale,Deux véhicules - frontale,,,,,,,,,,,5,2,2,1,1
200500074415,0005-11-25 02:10:00,5,11,25,2,10,590,426.0,"101, TOURCOING (RUE DE)",,,Nuit avec éclairage allumé,En agglomération,Hors intersection,Pluie légère,Autre collision,,,,,,,,,,,5,2,1,2,6
200500074416,0005-11-26 18:35:00,5,11,26,18,35,590,508.0,"45, FLANDRES (RESIDENCE",,,Nuit avec éclairage allumé,En agglomération,Intersection en X,Temps couvert,Autre collision,,,,,,,,,,,5,2,2,8,6
200500074417,0005-11-28 17:25:00,5,11,28,17,25,590,90.0,", OBEAUX (CHEMIN DES GRA",,,Crépuscule ou aube,Hors agglomération,Hors intersection,Normale,Deux véhicules - frontale,,,,,,,,,,,2,1,1,1,1
200500074418,0005-11-30 07:45:00,5,11,30,7,45,590,421.0,MARNE (BOULEVARD DE LA),,,Plein jour,En agglomération,Hors intersection,Normale,Autre collision,,,,,,,,,,,1,2,1,1,6
200500074419,0005-11-13 07:15:00,5,11,13,7,15,590,79.0,SALENGRO (RUE ROGER),,,Plein jour,Hors agglomération,Intersection en T,Normale,Deux véhicules - côté,,,,,,,,,,,1,1,3,1,3