accident_id,datetime,annee,mois,jour,heure,minute,departement,commune_insee,adresse,latitude,longitude,luminosite,agglomeration,intersection,meteo,collision,nb_vehicules,nb_usagers,nb_indemnes,nb_tues,nb_blesses_hosp,nb_blesses_legers,age_cond_1,age_cond_2,veh_type_cond_1,veh_type_cond_2,lum_code,agg_code,int_code,atm_code,col_code
200500074420,0005-11-29 11:00:00,5,11,29,11,0,590,606.0,DAMPIERRE (AVENUE),,,Plein jour,En agglomération,Intersection en X,Brouillard / fumée,Autre collision,,,,,,,,,,,1,2,2,5,6
200500074421,0005-11-23 17:00:00,5,11,23,17,0,590,447.0,RD 935 N,,,Nuit sans éclairage public,Hors agglomération,Hors intersection,Pluie forte,Trois véhicules et plus - collisions multiples,,,,,,,,,,,3,1,1,3,5
200500074422,0005-11-04 17:30:00,5,11,4,17,30,590,112.0,"55, JAURES (RUE JEAN)",,,Nuit avec éclairage allumé,En agglomération,Hors intersection,Normale,Deux véhicules - arrière,,,,,,,,,,,5,2,1,1,2
200500074423,0005-11-11 18:30:00,5,11,11,18,30,590,14.0,NORD (RUE DU),,,Nuit avec éclairage allumé,En agglomération,Hors intersection,Normale,Autre collision,,,,,,,,,,,5,2,1,1,6
200500074424,0005-11-04 22:00:00,5,11,4,22,0,590,32.0,LIBERATION (AVENUE DE LA,,,Nuit avec éclairage allumé,En agglomération,Intersection en X,Normale,Autre collision,,,,,,,,,,,5,2,2,1,6
200500074425,0005-11-14 19:40:00,5,11,14,19,40,590,112.0,"51, JAURES (RUE JEAN)",,,Nuit avec éclairage allumé,En agglomération,Hors intersection,Normale,Autre collision,,,,,,,,,,,5,2,1,1,6
200500074426,0005-11-13 03:50:00,5,11,13,3,50,590,606.0,PASTEUR (RUE),,,Nuit avec éclairage allumé,En agglomération,Intersection en X,Normale,Autre collision,,,,,,,,,,,5,2,2,1,6
200500074427,0005-11-15 07:40:00,5,11,15,7,40,590,544.0,"255, JAURES (RUE JEAN)",,,Crépuscule ou aube,En agglomération,Hors intersection,Normale,Autre collision,,,,,,,,,,,2,2,1,1,6
200500074428,0005-11-18 10:00:00,5,11,18,10,0,590,14.0,"13, BEAULIEUX (RUE DU SO",,,Plein jour,En agglomération,Hors intersection,Temps couvert,Autre collision,,,,,,,,,,,1,2,1,8,6
200500074429,0005-11-10 12:50:00,5,11,10,12,50,590,447.0,ZONE INDUSTRIELLE N°9,,,Plein jour,Hors agglomération,Intersection en T,Normale,Autre collision,,,,,,,,,,,1,1,3,1,6
200500074430,0005-11-29 06:20:00,5,11,29,6,20,590,491.0,"43, DURRE (RUE HENRI)",,,Nuit avec éclairage allumé,En agglomération,Hors intersection,Normale,Autre collision,,,,,,,,,,,5,2,1,1,6
200500074431,0005-11-30 07:52:00,5,11,30,7,52,590,112.0,BRABANT (RUE MICHEL),,,Crépuscule ou aube,En agglomération,Intersection en T,Normale,Deux véhicules - côté,,,,,,,,,,,2,2,3,1,3
200500074432,0005-11-29 08:25:00,5,11,29,8,25,600,57.0,"13, ASSAUT (BOULEVARD DE",,,Plein jour,En agglomération,Hors intersection,Autre,Autre collision,,,,,,,,,,,1,2,1,9,6
200500074433,0005-11-25 10:50:00,5,11,25,10,50,600,159.0,"104, ETATS-UNIS (BOULEVA",,,Plein jour,En agglomération,Giratoire,Normale,Autre collision,,,,,,,,,,,1,2,6,1,6
200500074434,0005-11-17 18:05:00,5,11,17,18,5,600,601.0,RN16_CHANTILLY_CENTRE DE,,,Nuit sans éclairage public,En agglomération,Hors intersection,Normale,Trois véhicules et plus - collisions multiples,,,,,,,,,,,3,2,1,1,5
200500074435,0005-11-03 14:35:00,5,11,3,14,35,610,497.0,"1, MAISON NEUVE (LIEUDIT",,,Plein jour,Hors agglomération,Hors intersection,Normale,Deux véhicules - côté,,,,,,,,,,,1,1,1,1,3
200500074436,0005-11-14 10:05:00,5,11,14,10,5,610,1.0,"104, GENERAL LECLERC (AV",,,Plein jour,En agglomération,Hors intersection,Normale,Deux véhicules - côté,,,,,,,,,,,1,2,1,1,3
200500074437,0005-11-24 18:00:00,5,11,24,18,0,610,1.0,"18, BRETAGNE (RUE DE )",,,Nuit avec éclairage allumé,En agglomération,Hors intersection,Normale,Autre collision,,,,,,,,,,,5,2,1,1,6
200500074438,0005-11-04 21:25:00,5,11,4,21,25,610,169.0,MINIERE (RUE DE LA),,,Nuit avec éclairage allumé,En agglomération,Intersection en T,Temps couvert,Deux véhicules - côté,,,,,,,,,,,5,2,3,8,3
200500074439,0005-11-02 07:40:00,5,11,2,7,40,610,169.0,GENERAL LECLERC (PLACE D,,,Nuit avec éclairage allumé,En agglomération,Giratoire,Pluie forte,Autre collision,,,,,,,,,,,5,2,6,3,6
200500074440,0005-11-11 11:00:00,5,11,11,11,0,610,169.0,"69, BOULE (RUE DE LA)",,,Plein jour,En agglomération,Intersection en X,Normale,Deux véhicules - côté,,,,,,,,,,,1,2,2,1,3
200500074441,0005-11-15 17:50:00,5,11,15,17,50,610,218.0,L'OISELLERIE (LIEU-DIT),,,Nuit avec éclairage allumé,Hors agglomération,Hors intersection,Normale,Autre collision,,,,,,,,,,,5,1,1,1,6
200500074442,0005-11-19 00:15:00,5,11,19,0,15,610,218.0,LE PRE GAUCHARD (LIEU-DI,,,Nuit avec éclairage allumé,Hors agglomération,Autre intersection,Normale,Sans collision,,,,,,,,,,,5,1,9,1,7
200500074443,0005-11-21 20:10:00,5,11,21,20,10,610,466.0,LE CARREFOUR PARIS (LIEU,,,Nuit sans éclairage public,Hors agglomération,Hors intersection,Normale,Deux véhicules - frontale,,,,,,,,,,,3,1,1,1,1
200500074444,0005-11-27 19:25:00,5,11,27,19,25,610,169.0,TROMPE SOURIS,,,Nuit avec éclairage allumé,En agglomération,Giratoire,Pluie légère,Deux véhicules - côté,,,,,,,,,,,5,2,6,2,3
200500074445,0005-11-22 06:00:00,5,11,22,6,0,610,169.0,DOMFRONT (ROUTE DE),,,Nuit sans éclairage public,Hors agglomération,Hors intersection,Normale,Sans collision,,,,,,,,,,,3,1,1,1,7
200500074446,0005-11-16 17:00:00,5,11,16,17,0,610,169.0,LANDES (LES),,,Crépuscule ou aube,Hors agglomération,Hors intersection,Normale,Deux véhicules - arrière,,,,,,,,,,,2,1,1,1,2
200500074447,0005-11-08 11:43:00,5,11,8,11,43,620,41.0,"0, COPERNIC",,,Plein jour,En agglomération,Intersection en T,Normale,Deux véhicules - côté,,,,,,,,,,,1,2,3,1,3
200500074448,0005-11-10 20:10:00,5,11,10,20,10,620,753.0,"0, THIBAUT ( AVENUE RAOU",,,Nuit avec éclairage non allumé,En agglomération,Giratoire,Pluie légère,Autre collision,,,,,,,,,,,4,2,6,2,6
200500074449,0005-11-19 15:45:00,5,11,19,15,45,620,41.0,"0, DAUDET (ALPHONSE)",,,Plein jour,En agglomération,Intersection en X,Normale,Deux véhicules - côté,,,,,,,,,,,1,2,2,1,3
200500074450,0005-11-28 12:55:00,5,11,28,12,55,620,744.0,RN 25,,,Plein jour,Hors agglomération,Hors intersection,Normale,Deux véhicules - frontale,,,,,,,,,,,1,1,1,1,1
200500074451,0005-11-21 17:15:00,5,11,21,17,15,620,48.0,LAMENDIN (ARTHUR),,,Nuit avec éclairage allumé,En agglomération,Intersection en X,Normale,Deux véhicules - côté,,,,,,,,,,,5,2,2,1,3
200500074452,0005-11-17 09:00:00,5,11,17,9,0,620,570.0,"39, PASTEUR",,,Plein jour,En agglomération,Hors intersection,Normale,Autre collision,,,,,,,,,,,1,2,1,1,6
200500074453,0005-11-18 12:25:00,5,11,18,12,25,620,65.0,SEMBAT MARCEL,,,Plein jour,En agglomération,Intersection en X,Temps éblouissant,Deux véhicules - côté,,,,,,,,,,,1,2,2,7,3
200500074454,0005-11-26 01:20:00,5,11,26,1,20,620,65.0,RN 17,,,Nuit sans éclairage public,Hors agglomération,Hors intersection,Neige / grêle,Deux véhicules - frontale,,,,,,,,,,,3,1,1,4,1
200500074455,0005-11-12 15:30:00,5,11,12,15,30,620,65.0,THOREZ  (BD MAURICE),,,Plein jour,En agglomération,Giratoire,Pluie légère,Sans collision,,,,,,,,,,,1,2,6,2,7
200500074456,0005-11-24 18:40:00,5,11,24,18,40,620,108.0,"140, PARIS",,,Nuit avec éclairage allumé,En agglomération,Intersection en X,Pluie légère,Deux véhicules - côté,,,,,,,,,,,5,2,2,2,3
200500074457,0005-11-02 13:40:00,5,11,2,13,40,620,126.0,BARRIERE 39 ( RUE DE LA,,,Plein jour,Hors agglomération,Intersection en X,Normale,Autre collision,,,,,,,,,,,1,1,2,1,6
200500074458,0005-11-10 18:05:00,5,11,10,18,5,620,846.0,", GUESDE JULES ( RUE )",,,Nuit sans éclairage public,En agglomération,Hors intersection,Pluie légère,Deux véhicules - côté,,,,,,,,,,,3,2,1,2,3
200500074459,0005-11-18 17:35:00,5,11,18,17,35,620,836.0,BETHUNE ( RUE DE ),,,Crépuscule ou aube,En agglomération,Intersection en T,Normale,Deux véhicules - côté,,,,,,,,,,,2,2,3,1,3
200500074460,0005-11-22 13:35:00,5,11,22,13,35,620,119.0,GAMBETTA ( RUE ),,,Plein jour,En agglomération,Intersection en X,Temps éblouissant,Autre collision,,,,,,,,,,,1,2,2,7,6
200500074461,0005-11-28 18:45:00,5,11,28,18,45,620,643.0,"0, HAVET ( Rue du)",,,Nuit sans éclairage public,En agglomération,Hors intersection,Pluie légère,Deux véhicules - frontale,,,,,,,,,,,3,2,1,2,1
200500074462,0005-11-23 15:15:00,5,11,23,15,15,620,178.0,"338, GUESDE ( JULES )",,,Plein jour,En agglomération,Hors intersection,Normale,Autre collision,,,,,,,,,,,1,2,1,1,6
200500074463,0005-11-02 08:30:00,5,11,2,8,30,620,244.0,"84, CLIPET (RUE LOUIS)",,,Plein jour,En agglomération,Hors intersection,Pluie légère,Autre collision,,,,,,,,,,,1,2,1,2,6
200500074464,0005-11-14 10:20:00,5,11,14,10,20,620,193.0,"60, EGALITE (BOULEVARD D",,,Plein jour,En agglomération,Hors intersection,Normale,Autre collision,,,,,,,,,,,1,2,1,1,6
200500074465,0005-11-18 20:10:00,5,11,18,20,10,620,244.0,GUINES (ROUTE DE),,,Nuit sans éclairage public,En agglomération,Hors intersection,Temps couvert,Deux véhicules - frontale,,,,,,,,,,,3,2,1,8,1
200500074466,0005-11-23 17:25:00,5,11,23,17,25,620,193.0,CURIE (BOULEVARD),,,Nuit avec éclairage allumé,En agglomération,Hors intersection,Pluie forte,Autre collision,,,,,,,,,,,5,2,1,3,6
200500074467,0005-11-25 17:15:00,5,11,25,17,15,620,193.0,JACQUARD (BOULEVARD),,,Nuit avec éclairage allumé,En agglomération,Hors intersection,Normale,Autre collision,,,,,,,,,,,5,2,1,1,6
200500074468,0005-11-28 21:45:00,5,11,28,21,45,620,193.0,JACQUARD (BOULEVARD),,,Nuit avec éclairage allumé,En agglomération,Intersection en X,Normale,Deux véhicules - côté,,,,,,,,,,,5,2,2,1,3
200500074469,0005-11-03 19:15:00,5,11,3,19,15,620,215.0,"sans, MEURCHIN (RTE DE)",,,Nuit sans éclairage public,En agglomération,Hors intersection,Pluie légère,Deux véhicules - arrière,,,,,,,,,,,3,2,1,2,2
200500074470,0005-11-06 18:35:00,5,11,6,18,35,620,413.0,"sans, SAULES (AV. DES)",,,Crépuscule ou aube,En agglomération,Intersection en T,Normale,Deux véhicules - côté,,,,,,,,,,,2,2,3,1,3
200500074471,0005-11-13 12:50:00,5,11,13,12,50,620,907.0,"sans, RN 17",,,Plein jour,En agglomération,Intersection en T,Normale,Deux véhicules - côté,,,,,,,,,,,1,2,3,1,3
200500074472,0005-11-23 18:25:00,5,11,23,18,25,620,250.0,"sans, DOUAI (CHE. DE)",,,Nuit avec éclairage allumé,En agglomération,Intersection en T,Normale,Deux véhicules - côté,,,,,,,,,,,5,2,3,1,3
200500074473,0005-11-24 10:40:00,5,11,24,10,40,620,215.0,"sans, Rue des déportés",,,Plein jour,En agglomération,Hors intersection,Normale,Sans collision,,,,,,,,,,,1,2,1,1,7
200500074474,0005-11-23 17:40:00,5,11,23,17,40,620,215.0,"723, COURRIERES (RTE DE)",,,Nuit avec éclairage allumé,En agglomération,Hors intersection,Normale,Deux véhicules - côté,,,,,,,,,,,5,2,1,1,3
200500074475,0005-11-29 11:45:00,5,11,29,11,45,620,637.0,"sans, LAGRANGE (R LEO)",,,Plein jour,En agglomération,Intersection en X,Normale,Autre collision,,,,,,,,,,,1,2,2,1,6
200500074476,0005-11-25 18:14:00,5,11,25,18,14,620,270.0,"N°105, REPUBLIQUE (RUE D",,,Nuit avec éclairage allumé,En agglomération,Intersection en T,Temps couvert,Deux véhicules - côté,,,,,,,,,,,5,2,3,8,3
200500074477,0005-11-27 20:45:00,5,11,27,20,45,620,497.0,"0, MARCEAU (R )",,,Plein jour,En agglomération,Intersection en T,Normale,Deux véhicules - côté,,,,,,,,,,,1,2,3,1,3
200500074478,0005-11-22 17:45:00,5,11,22,17,45,620,624.0,HUGO (R VICTOR),,,Nuit avec éclairage allumé,En agglomération,Hors intersection,Pluie légère,Deux véhicules - frontale,,,,,,,,,,,5,2,1,2,1
200500074479,0005-11-30 18:50:00,5,11,30,18,50,620,427.0,MONTPENCHER (R),,,Nuit avec éclairage allumé,En agglomération,Hors intersection,Normale,Autre collision,,,,,,,,,,,5,2,1,1,6
200500074480,0005-11-28 18:45:00,5,11,28,18,45,620,133.0,OUSSEKINE (R MALIK),,,Plein jour,En agglomération,Hors intersection,Normale,Autre collision,,,,,,,,,,,1,2,1,1,6
200500074481,0005-11-10 09:20:00,5,11,10,9,20,620,274.0,"0, RD 161",,,Plein jour,En agglomération,Passage à niveau,Temps éblouissant,Autre collision,,,,,,,,,,,1,2,8,7,6
200500074482,0005-11-05 16:12:00,5,11,5,16,12,620,427.0,"363, ALLENDE (BD DU PRES",,,Plein jour,En agglomération,Hors intersection,Normale,Deux véhicules - côté,,,,,,,,,,,1,2,1,1,3
200500074483,0005-11-17 20:40:00,5,11,17,20,40,620,427.0,FERRY (R JULES),,,Nuit avec éclairage allumé,En agglomération,Hors intersection,Pluie légère,Deux véhicules - frontale,,,,,,,,,,,5,2,1,2,1
200500074484,0005-11-22 13:50:00,5,11,22,13,50,620,351.0,"0, CASANOVA (R DANIELE)",,,Plein jour,En agglomération,Hors intersection,Normale,Autre collision,,,,,,,,,,,1,2,1,1,6
200500074485,0005-11-16 17:34:00,5,11,16,17,34,620,427.0,"834, BROSSOLETTE (R PIER",,,Nuit avec éclairage allumé,En agglomération,Hors intersection,Normale,Autre collision,,,,,,,,,,,5,2,1,1,6
200500074486,0005-11-30 17:50:00,5,11,30,17,50,620,523.0,"sans, BLUM (R LEON)",,,Nuit avec éclairage allumé,En agglomération,Giratoire,Normale,Deux véhicules - arrière,,,,,,,,,,,5,2,6,1,2
200500074487,0005-11-29 07:58:00,5,11,29,7,58,620,498.0,"sans, GAMBETTA (R )",,,Crépuscule ou aube,En agglomération,Hors intersection,Normale,Autre collision,,,,,,,,,,,2,2,1,1,6
200500074488,0005-11-04 16:35:00,5,11,4,16,35,620,771.0,"XXXXXXXX, HAZEBROUCK (R",,,Plein jour,En agglomération,Intersection en T,Pluie légère,Autre collision,,,,,,,,,,,1,2,3,2,6
200500074489,0005-11-05 20:00:00,5,11,5,20,0,620,464.0,"XXXXXXXXX, BASSEE (RTE D",,,Nuit sans éclairage public,En agglomération,Hors intersection,Normale,Autre collision,,,,,,,,,,,3,2,1,1,6
200500074490,0005-11-01 16:27:00,5,11,1,16,27,620,498.0,"XXXXXXXXX, CAUCHY (PL.)",,,Plein jour,En agglomération,Intersection en T,Normale,Autre collision,,,,,,,,,,,1,2,3,1,6
200500074491,0005-11-14 17:45:00,5,11,14,17,45,620,771.0,"XXXXXXXXX, MATTEZ (R JUL",,,Nuit sans éclairage public,En agglomération,Hors intersection,Normale,Autre collision,,,,,,,,,,,3,2,1,1,6
200500074492,0005-11-20 11:40:00,5,11,20,11,40,620,498.0,"XXXXXXXXX, BLUM (R LEON)",,,Plein jour,En agglomération,Intersection en T,Normale,Autre collision,,,,,,,,,,,1,2,3,1,6
200500074493,0005-11-26 18:00:00,5,11,26,18,0,620,498.0,"XXXXXXXX, LILLE (RTE DE)",,,Nuit sans éclairage public,En agglomération,Hors intersection,Pluie forte,Autre collision,,,,,,,,,,,3,2,1,3,6
200500074494,0005-11-27 13:05:00,5,11,27,13,5,620,523.0,"XXXXXXXX, LILLE (RTE DE)",,,Plein jour,En agglomération,Hors intersection,Pluie légère,Autre collision,,,,,,,,,,,1,2,1,2,6
200500074495,0005-11-13 22:10:00,5,11,13,22,10,620,771.0,"XXXXXXXX, BEUGNET (R CAS",,,Nuit avec éclairage allumé,En agglomération,Intersection en X,Normale,Autre collision,,,,,,,,,,,5,2,2,1,6
200500074496,0005-11-30 17:22:00,5,11,30,17,22,620,771.0,"XXXXXXXXX, LHOMMET (R JU",,,Nuit avec éclairage allumé,En agglomération,Intersection en T,Normale,Autre collision,,,,,,,,,,,5,2,3,1,6
200500074497,0005-11-04 14:05:00,5,11,4,14,5,620,186.0,"., ALSACE (BD D')",,,Plein jour,En agglomération,Hors intersection,Normale,Autre collision,,,,,,,,,,,1,2,1,1,6
200500074498,0005-11-04 16:00:00,5,11,4,16,0,620,563.0,"., DUMAS (R ALEXANDRE)",,,Plein jour,En agglomération,Hors intersection,Normale,Autre collision,,,,,,,,,,,1,2,1,1,6
200500074499,0005-11-05 04:00:00,5,11,5,4,0,620,19.0,ARRAS (R D'),,,Nuit sans éclairage public,En agglomération,Hors intersection,Pluie forte,Autre collision,,,,,,,,,,,3,2,1,3,6
200500074500,0005-11-08 07:55:00,5,11,8,7,55,620,186.0,"., DEBEAUMONT ( RUE EDMO",,,Crépuscule ou aube,En agglomération,Intersection en X,Normale,Deux véhicules - côté,,,,,,,,,,,2,2,2,1,3
200500074501,0005-11-08 14:25:00,5,11,8,14,25,620,510.0,"., GAMBETTA (PL.)",,,Plein jour,En agglomération,Hors intersection,Normale,Autre collision,,,,,,,,,,,1,2,1,1,6
200500074502,0005-11-07 09:00:00,5,11,7,9,0,620,516.0,CD 916,,,Plein jour,En agglomération,Hors intersection,Temps couvert,Deux véhicules - frontale,,,,,,,,,,,1,2,1,8,1
200500074503,0005-11-23 08:30:00,5,11,23,8,30,620,555.0,JEAN JAURES (RUE),,,Plein jour,En agglomération,Intersection en Y,Pluie légère,Autre collision,,,,,,,,,,,1,2,4,2,6
200500074504,0005-11-10 09:20:00,5,11,10,9,20,620,617.0,ROUTE NATIONALE (CD 937),,,Plein jour,En agglomération,Intersection en T,Normale,Deux véhicules - côté,,,,,,,,,,,1,2,3,1,3
200500074505,0005-11-15 22:25:00,5,11,15,22,25,620,826.0,GENERAL DE GAULLE (AVENU,,,Nuit sans éclairage public,En agglomération,Hors intersection,Temps couvert,Autre collision,,,,,,,,,,,3,2,1,8,6
200500074506,0005-11-01 15:50:00,5,11,1,15,50,630,113.0,VIVIANI (RUE),,,Plein jour,En agglomération,Hors intersection,Normale,Deux véhicules - arrière,,,,,,,,,,,1,2,1,1,2
200500074507,0005-11-03 08:40:00,5,11,3,8,40,630,113.0,CARTOUCHERIE (RUE DE LA),,,Plein jour,En agglomération,Hors intersection,Normale,Autre collision,,,,,,,,,,,1,2,1,1,6
200500074508,0005-11-03 16:40:00,5,11,3,16,40,630,75.0,"7, ROYAT (AVENUE DE)",,,Plein jour,En agglomération,Hors intersection,Normale,Autre collision,,,,,,,,,,,1,2,1,1,6
200500074509,0005-11-04 00:34:00,5,11,4,0,34,630,113.0,"1, ITALIE (AVENUE DE L')",,,Nuit avec éclairage allumé,En agglomération,Autre intersection,Pluie légère,Autre collision,,,,,,,,,,,5,2,9,2,6
200500074510,0005-11-04 03:20:00,5,11,4,3,20,630,113.0,"1, MICHELIN (AVENUE EDOU",,,Nuit avec éclairage allumé,En agglomération,Intersection en T,Pluie forte,Autre collision,,,,,,,,,,,5,2,3,3,6
200500074511,0005-11-04 17:40:00,5,11,4,17,40,630,113.0,"138, LAFAYETTE (BD)",,,Nuit avec éclairage allumé,En agglomération,Hors intersection,Temps couvert,Autre collision,,,,,,,,,,,5,2,1,8,6
200500074512,0005-11-04 22:00:00,5,11,4,22,0,630,75.0,ROYAT (AVENUE DE),,,Plein jour,En agglomération,Hors intersection,Normale,Deux véhicules - côté,,,,,,,,,,,1,2,1,1,3
200500074513,0005-11-05 12:05:00,5,11,5,12,5,630,113.0,JOUHAUX (BD LEON),,,Plein jour,En agglomération,Intersection en X,Normale,Autre collision,,,,,,,,,,,1,2,2,1,6
200500074514,0005-11-06 16:00:00,5,11,6,16,0,630,113.0,PUY DE DOME (AVENUE DU),,,Plein jour,En agglomération,Hors intersection,Normale,Autre collision,,,,,,,,,,,1,2,1,1,6
200500074515,0005-11-07 10:50:00,5,11,7,10,50,630,113.0,"1, DE LATTRE DE TASSIGNY",,,Plein jour,En agglomération,Hors intersection,Normale,Autre collision,,,,,,,,,,,1,2,1,1,6
200500074516,0005-11-07 17:50:00,5,11,7,17,50,630,70.0,RN 89 PAS DE NUMERO,,,Nuit sans éclairage public,En agglomération,Hors intersection,Normale,Autre collision,,,,,,,,,,,3,2,1,1,6
200500074517,0005-11-07 18:25:00,5,11,7,18,25,630,113.0,"1, BREZET (AVENUE)",,,Nuit avec éclairage non allumé,En agglomération,Hors intersection,Normale,Autre collision,,,,,,,,,,,4,2,1,1,6
200500074518,0005-11-08 08:20:00,5,11,8,8,20,630,113.0,"5, LEDRU (RUE)",,,Plein jour,En agglomération,Hors intersection,Normale,Autre collision,,,,,,,,,,,1,2,1,1,6
200500074519,0005-11-08 13:30:00,5,11,8,13,30,630,75.0,"86, ROYAT (AVENUE DE)",,,Plein jour,En agglomération,Hors intersection,Normale,Deux véhicules - arrière,,,,,,,,,,,1,2,1,1,2
200500074520,0005-11-08 16:00:00,5,11,8,16,0,630,113.0,"1, DESCARTES (RUE)",,,Plein jour,En agglomération,Hors intersection,Normale,Trois véhicules et plus - en chaîne,,,,,,,,,,,1,2,1,1,4
200500074521,0005-11-08 15:35:00,5,11,8,15,35,630,113.0,"77, SAINT JEAN (BD)",,,Plein jour,En agglomération,Hors intersection,Normale,Autre collision,,,,,,,,,,,1,2,1,1,6
200500074522,0005-11-08 17:30:00,5,11,8,17,30,630,113.0,"51, GRANDE BRETAGNE (AVE",,,Plein jour,En agglomération,Hors intersection,Normale,Autre collision,,,,,,,,,,,1,2,1,1,6
200500074523,0005-11-09 12:30:00,5,11,9,12,30,630,113.0,"1, MABRUT (RUE ADRIEN)",,,Plein jour,En agglomération,Hors intersection,Pluie légère,Autre collision,,,,,,,,,,,1,2,1,2,6
200500074524,0005-11-09 17:50:00,5,11,9,17,50,630,113.0,"1, POMPIDOU (BD GEORGES)",,,Nuit sans éclairage public,En agglomération,Hors intersection,Pluie légère,Deux véhicules - arrière,,,,,,,,,,,3,2,1,2,2
200500074525,0005-11-10 07:55:00,5,11,10,7,55,630,75.0,CLAUSSAT (AVENUE JOSEPH),,,Plein jour,En agglomération,Autre intersection,Normale,Autre collision,,,,,,,,,,,1,2,9,1,6
200500074526,0005-11-10 15:40:00,5,11,10,15,40,630,113.0,"1, PONT NATUREL (RUE DU)",,,Plein jour,En agglomération,Hors intersection,Normale,Deux véhicules - frontale,,,,,,,,,,,1,2,1,1,1
200500074527,0005-11-10 16:05:00,5,11,10,16,5,630,113.0,"17, TARAVANT (RUE FRANCO",,,Plein jour,En agglomération,Hors intersection,Normale,Deux véhicules - frontale,,,,,,,,,,,1,2,1,1,1
200500074528,0005-11-10 19:55:00,5,11,10,19,55,630,113.0,"57, BLATIN (RUE)",,,Nuit avec éclairage allumé,En agglomération,Hors intersection,Normale,Autre collision,,,,,,,,,,,5,2,1,1,6
200500074529,0005-11-10 18:00:00,5,11,10,18,0,630,32.0,"1, CROIX NEUVE (PLACE)",,,Nuit avec éclairage allumé,En agglomération,Hors intersection,Normale,Sans collision,,,,,,,,,,,5,2,1,1,7
200500074530,0005-11-10 21:00:00,5,11,10,21,0,630,113.0,"2, DESMOULINS (RUE CAMIL",,,Nuit avec éclairage allumé,En agglomération,Hors intersection,Normale,Autre collision,,,,,,,,,,,5,2,1,1,6
200500074531,0005-11-12 15:00:00,5,11,12,15,0,630,113.0,"1, GAINSBOURG (RUE SERGE",,,Plein jour,En agglomération,Intersection en T,Normale,Deux véhicules - côté,,,,,,,,,,,1,2,3,1,3
200500074532,0005-11-12 17:10:00,5,11,12,17,10,630,113.0,"1, ORADOU (RUE DE L')",,,Plein jour,En agglomération,Autre intersection,Normale,Autre collision,,,,,,,,,,,1,2,9,1,6
200500074533,0005-11-13 12:25:00,5,11,13,12,25,630,113.0,ESTIENNE (RUE PIERRE),,,Plein jour,En agglomération,Hors intersection,Temps couvert,Autre collision,,,,,,,,,,,1,2,1,8,6
200500074534,0005-11-13 12:50:00,5,11,13,12,50,630,113.0,"10, JOFFRE (RUE DU MAL)",,,Plein jour,En agglomération,Hors intersection,Normale,Deux véhicules - arrière,,,,,,,,,,,1,2,1,1,2
200500074535,0005-11-13 16:55:00,5,11,13,16,55,630,113.0,ORADOU (RUE DE L'),,,Crépuscule ou aube,En agglomération,Intersection en X,Normale,Autre collision,,,,,,,,,,,2,2,2,1,6
200500074536,0005-11-10 17:30:00,5,11,10,17,30,630,113.0,"1, FLAUBERT (BD GUSTAVE)",,,Nuit avec éclairage allumé,En agglomération,Hors intersection,Normale,Trois véhicules et plus - en chaîne,,,,,,,,,,,5,2,1,1,4
200500074537,0005-11-15 09:10:00,5,11,15,9,10,630,113.0,BARBUSSE (RUE HENRI),,,Plein jour,En agglomération,Hors intersection,Normale,Deux véhicules - arrière,,,,,,,,,,,1,2,1,1,2
200500074538,0005-11-15 16:45:00,5,11,15,16,45,630,113.0,"1, RECLUS (AVENUE ELISEE",,,Plein jour,En agglomération,Intersection en Y,Normale,Deux véhicules - côté,,,,,,,,,,,1,2,4,1,3
200500074539,0005-11-15 18:40:00,5,11,15,18,40,630,113.0,DESAIX (BD),,,Nuit avec éclairage allumé,Hors agglomération,Hors intersection,Normale,Autre collision,,,,,,,,,,,5,1,1,1,6
200500074540,0005-11-16 07:25:00,5,11,16,7,25,630,113.0,"1, DUCLAUX (BD)",,,Crépuscule ou aube,En agglomération,Hors intersection,Normale,Autre collision,,,,,,,,,,,2,2,1,1,6
200500074541,0005-11-17 17:40:00,5,11,17,17,40,630,113.0,"67, TRUDAINE (BD)",,,Nuit avec éclairage allumé,En agglomération,Hors intersection,Normale,Deux véhicules - côté,,,,,,,,,,,5,2,1,1,3
200500074542,0005-11-17 17:50:00,5,11,17,17,50,630,113.0,"1, MAYER (BD DANIEL)",,,Nuit avec éclairage allumé,En agglomération,Intersection en X,Normale,Deux véhicules - frontale,,,,,,,,,,,5,2,2,1,1
200500074543,0005-11-18 09:30:00,5,11,18,9,30,630,113.0,"1, RECLUS (AVENUE ELISEE",,,Plein jour,En agglomération,Intersection en T,Normale,Autre collision,,,,,,,,,,,1,2,3,1,6
200500074544,0005-11-18 13:10:00,5,11,18,13,10,630,113.0,"1, CLEMENTEL (BD ETIENNE",,,Plein jour,En agglomération,Hors intersection,Normale,Deux véhicules - côté,,,,,,,,,,,1,2,1,1,3
200500074545,0005-11-18 18:00:00,5,11,18,18,0,630,113.0,"1, CLEMENTEL (BD ETIENNE",,,Nuit avec éclairage allumé,En agglomération,Hors intersection,Normale,Trois véhicules et plus - en chaîne,,,,,,,,,,,5,2,1,1,4
200500074546,0005-11-19 15:25:00,5,11,19,15,25,630,113.0,MEUNIERS (RUE DES),,,Plein jour,En agglomération,Autre intersection,Normale,Autre collision,,,,,,,,,,,1,2,9,1,6