accident_id,datetime,annee,mois,jour,heure,minute,departement,commune_insee,adresse,latitude,longitude,luminosite,agglomeration,intersection,meteo,collision,nb_vehicules,nb_usagers,nb_indemnes,nb_tues,nb_blesses_hosp,nb_blesses_legers,age_cond_1,age_cond_2,veh_type_cond_1,veh_type_cond_2,lum_code,agg_code,int_code,atm_code,col_code
200500075056,0005-11-02 09:55:00,5,11,2,9,55,750,16.0,10 AV DU PDT KENNEDY,,,Plein jour,En agglomération,Hors intersection,Temps couvert,Deux véhicules - arrière,,,,,,,,,,,1,2,1,8,2
200500075057,0005-11-02 10:20:00,5,11,2,10,20,750,16.0,22 AV FOCH,,,Plein jour,En agglomération,Hors intersection,Pluie légère,Autre collision,,,,,,,,,,,1,2,1,2,6
200500075058,0005-11-02 18:15:00,5,11,2,18,15,750,17.0,132 BD MALESHERBES,,,Nuit avec éclairage allumé,En agglomération,Hors intersection,Pluie légère,Autre collision,,,,,,,,,,,5,2,1,2,6
200500075059,0005-11-02 15:30:00,5,11,2,15,30,750,17.0,AV DES TERNES PL DES TER,,,Plein jour,En agglomération,Intersection en T,Pluie légère,Autre collision,,,,,,,,,,,1,2,3,2,6
200500075060,0005-11-02 08:05:00,5,11,2,8,5,750,18.0,PL ALBERT KAHN BD ORNANO,,,Plein jour,En agglomération,Intersection à plus de 4 branches,Normale,Deux véhicules - côté,,,,,,,,,,,1,2,5,1,3
200500075061,0005-11-02 13:05:00,5,11,2,13,5,750,18.0,R LEIBNIZ R DU POTEAU,,,Plein jour,En agglomération,Intersection en X,Pluie légère,Deux véhicules - arrière,,,,,,,,,,,1,2,2,2,2
200500075062,0005-11-02 19:40:00,5,11,2,19,40,750,20.0,R DES HAIES R DES PYRENE,,,Nuit avec éclairage allumé,En agglomération,Intersection à plus de 4 branches,Pluie légère,Autre collision,,,,,,,,,,,5,2,5,2,6
200500075063,0005-11-03 19:45:00,5,11,3,19,45,750,1.0,R AMIRAL COLIGNY PL DU L,,,Nuit avec éclairage allumé,En agglomération,Intersection en T,Normale,Deux véhicules - côté,,,,,,,,,,,5,2,3,1,3
200500075064,0005-11-03 12:21:00,5,11,3,12,21,750,4.0,5 PL HOTEL DE VILLE,,,Plein jour,En agglomération,Hors intersection,Normale,Deux véhicules - côté,,,,,,,,,,,1,2,1,1,3
200500075065,0005-11-03 16:20:00,5,11,3,16,20,750,4.0,3 PL DE LA BASTILLE,,,Plein jour,En agglomération,Hors intersection,Normale,Deux véhicules - côté,,,,,,,,,,,1,2,1,1,3
200500075066,0005-11-03 08:45:00,5,11,3,8,45,750,5.0,PT SAINT MICHEL Q SAINT,,,Plein jour,En agglomération,Intersection en T,Normale,Deux véhicules - côté,,,,,,,,,,,1,2,3,1,3
200500075067,0005-11-03 19:35:00,5,11,3,19,35,750,6.0,10 PL SAINT MICHEL,,,Nuit avec éclairage allumé,En agglomération,Hors intersection,Normale,Autre collision,,,,,,,,,,,5,2,1,1,6
200500075068,0005-11-03 23:35:00,5,11,3,23,35,750,6.0,R D ASSAS R AUGUSTE COMT,,,Nuit avec éclairage allumé,En agglomération,Intersection en T,Pluie légère,Deux véhicules - côté,,,,,,,,,,,5,2,3,2,3
200500075069,0005-11-03 10:45:00,5,11,3,10,45,750,6.0,2 R SAINT SULPICE,,,Plein jour,En agglomération,Hors intersection,Normale,Autre collision,,,,,,,,,,,1,2,1,1,6
200500075070,0005-11-03 17:45:00,5,11,3,17,45,750,8.0,VERD PT ALMA PT INVALIDE,,,Nuit avec éclairage allumé,En agglomération,Hors intersection,Normale,Deux véhicules - côté,,,,,,,,,,,5,2,1,1,3
200500075071,0005-11-03 11:15:00,5,11,3,11,15,750,9.0,R RICHER R DE TREVISE,,,Plein jour,En agglomération,Intersection en X,Normale,Autre collision,,,,,,,,,,,1,2,2,1,6
200500075072,0005-11-03 15:25:00,5,11,3,15,25,750,10.0,156 R FG SAINT MARTIN,,,Plein jour,En agglomération,Hors intersection,Normale,Trois véhicules et plus - collisions multiples,,,,,,,,,,,1,2,1,1,5
200500075073,0005-11-03 23:30:00,5,11,3,23,30,750,10.0,PL BT DE STALINGRAD R FG,,,Nuit avec éclairage allumé,En agglomération,Intersection en X,Normale,Deux véhicules - côté,,,,,,,,,,,5,2,2,1,3
200500075074,0005-11-03 11:20:00,5,11,3,11,20,750,11.0,78 AV PARMENTIER,,,Plein jour,En agglomération,Hors intersection,Normale,Sans collision,,,,,,,,,,,1,2,1,1,7
200500075075,0005-11-03 15:10:00,5,11,3,15,10,750,11.0,142 R OBERKAMPF,,,Plein jour,En agglomération,Hors intersection,Normale,Deux véhicules - côté,,,,,,,,,,,1,2,1,1,3
200500075076,0005-11-03 19:05:00,5,11,3,19,5,750,13.0,104 AV D ITALIE,,,Nuit avec éclairage allumé,En agglomération,Hors intersection,Normale,Deux véhicules - côté,,,,,,,,,,,5,2,1,1,3
200500075077,0005-11-03 17:41:00,5,11,3,17,41,750,13.0,126 R DE TOLBIAC,,,Nuit avec éclairage allumé,En agglomération,Hors intersection,Normale,Deux véhicules - côté,,,,,,,,,,,5,2,1,1,3
200500075078,0005-11-03 16:45:00,5,11,3,16,45,750,13.0,PL DES ALPES BD VINCENT,,,Plein jour,En agglomération,Intersection en X,Normale,Autre collision,,,,,,,,,,,1,2,2,1,6
200500075079,0005-11-03 10:50:00,5,11,3,10,50,750,17.0,72 R BERZELIUS,,,Plein jour,En agglomération,Hors intersection,Normale,Deux véhicules - côté,,,,,,,,,,,1,2,1,1,3
200500075080,0005-11-03 15:05:00,5,11,3,15,5,750,17.0,4 AV DES TERNES,,,Plein jour,En agglomération,Hors intersection,Temps couvert,Deux véhicules - côté,,,,,,,,,,,1,2,1,8,3
200500075081,0005-11-03 19:55:00,5,11,3,19,55,750,17.0,2 BD BESSIERES,,,Nuit avec éclairage allumé,En agglomération,Hors intersection,Normale,Autre collision,,,,,,,,,,,5,2,1,1,6
200500075082,0005-11-03 11:30:00,5,11,3,11,30,750,19.0,14 AV DE FLANDRE,,,Plein jour,En agglomération,Hors intersection,Normale,Deux véhicules - côté,,,,,,,,,,,1,2,1,1,3
200500075083,0005-11-04 08:30:00,5,11,4,8,30,750,20.0,76 AV GAMBETTA,,,Plein jour,En agglomération,Hors intersection,Pluie légère,Sans collision,,,,,,,,,,,1,2,1,2,7
200500075084,0005-11-04 18:30:00,5,11,4,18,30,750,20.0,150 R DES PYRENEES,,,Crépuscule ou aube,En agglomération,Hors intersection,Normale,Autre collision,,,,,,,,,,,2,2,1,1,6
200500075085,0005-11-04 08:50:00,5,11,4,8,50,750,18.0,54 R ORDENER,,,Plein jour,En agglomération,Hors intersection,Pluie légère,Autre collision,,,,,,,,,,,1,2,1,2,6
200500075086,0005-11-04 09:15:00,5,11,4,9,15,750,4.0,BRETELLE D ENTREE VERD,,,Plein jour,En agglomération,Hors intersection,Pluie légère,Deux véhicules - arrière,,,,,,,,,,,1,2,1,2,2
200500075087,0005-11-04 18:24:00,5,11,4,18,24,750,4.0,VERD PT D ARCOLE PT LOUI,,,Nuit avec éclairage allumé,En agglomération,Hors intersection,Normale,Deux véhicules - côté,,,,,,,,,,,5,2,1,1,3
200500075088,0005-11-04 09:35:00,5,11,4,9,35,750,5.0,BD DE L HOPITAL BD SAINT,,,Plein jour,En agglomération,Intersection en Y,Pluie légère,Deux véhicules - arrière,,,,,,,,,,,1,2,4,2,2
200500075089,0005-11-04 19:30:00,5,11,4,19,30,750,6.0,R RACINE BD SAINT MICHEL,,,Nuit avec éclairage allumé,En agglomération,Intersection en T,Normale,Autre collision,,,,,,,,,,,5,2,3,1,6
200500075090,0005-11-04 18:25:00,5,11,4,18,25,750,10.0,R FG SAINT MARTIN BD DE,,,Crépuscule ou aube,En agglomération,Intersection en X,Normale,Deux véhicules - côté,,,,,,,,,,,2,2,2,1,3
200500075091,0005-11-04 19:50:00,5,11,4,19,50,750,10.0,12 PL DE LA REPUBLIQUE,,,Nuit avec éclairage allumé,En agglomération,Hors intersection,Normale,Deux véhicules - côté,,,,,,,,,,,5,2,1,1,3
200500075092,0005-11-04 11:10:00,5,11,4,11,10,750,11.0,R BASFROI AV LEDRU ROLLI,,,Plein jour,En agglomération,Intersection à plus de 4 branches,Pluie légère,Sans collision,,,,,,,,,,,1,2,5,2,7
200500075093,0005-11-04 17:15:00,5,11,4,17,15,750,12.0,L8620 AV DU TREMBLAY,,,Plein jour,En agglomération,Hors intersection,Normale,Autre collision,,,,,,,,,,,1,2,1,1,6
200500075094,0005-11-04 23:30:00,5,11,4,23,30,750,12.0,2 PL D ALIGRE,,,Nuit avec éclairage allumé,En agglomération,Hors intersection,Normale,Deux véhicules - côté,,,,,,,,,,,5,2,1,1,3
200500075095,0005-11-04 02:00:00,5,11,4,2,0,750,12.0,2 R PLEYEL,,,Nuit avec éclairage allumé,En agglomération,Hors intersection,Normale,Autre collision,,,,,,,,,,,5,2,1,1,6
200500075096,0005-11-04 17:15:00,5,11,4,17,15,750,13.0,36 AV D ITALIE,,,Plein jour,En agglomération,Hors intersection,Normale,Deux véhicules - côté,,,,,,,,,,,1,2,1,1,3
200500075097,0005-11-04 13:20:00,5,11,4,13,20,750,14.0,BD EDGAR QUINET BD RASPA,,,Plein jour,En agglomération,Intersection en Y,Normale,Autre collision,,,,,,,,,,,1,2,4,1,6
200500075098,0005-11-04 13:20:00,5,11,4,13,20,750,15.0,4 R DES VOLONTAIRES,,,Plein jour,En agglomération,Hors intersection,Normale,Autre collision,,,,,,,,,,,1,2,1,1,6
200500075099,0005-11-04 09:10:00,5,11,4,9,10,750,16.0,L9370 PL PORTE D AUTEUIL,,,Plein jour,En agglomération,Hors intersection,Pluie légère,Deux véhicules - arrière,,,,,,,,,,,1,2,1,2,2
200500075100,0005-11-04 08:05:00,5,11,4,8,5,750,16.0,R ALBERT DE MUN AV NATIO,,,Plein jour,En agglomération,Intersection en X,Pluie légère,Sans collision,,,,,,,,,,,1,2,2,2,7
200500075101,0005-11-04 10:37:00,5,11,4,10,37,750,17.0,BD DE COURCELLES R THEOD,,,Plein jour,En agglomération,Intersection en T,Pluie légère,Autre collision,,,,,,,,,,,1,2,3,2,6
200500075102,0005-11-04 10:25:00,5,11,4,10,25,750,17.0,20 BD GOUVION ST CYR,,,Plein jour,En agglomération,Hors intersection,Pluie légère,Deux véhicules - côté,,,,,,,,,,,1,2,1,2,3
200500075103,0005-11-04 12:35:00,5,11,4,12,35,750,17.0,R BAYEN AV NIEL,,,Plein jour,En agglomération,Intersection en T,Pluie légère,Deux véhicules - côté,,,,,,,,,,,1,2,3,2,3
200500075104,0005-11-05 13:40:00,5,11,5,13,40,750,5.0,39 AV OBSERVATOIRE,,,Plein jour,En agglomération,Hors intersection,Normale,Sans collision,,,,,,,,,,,1,2,1,1,7
200500075105,0005-11-05 09:35:00,5,11,5,9,35,750,5.0,R BERTHOLLET R DES LYONN,,,Plein jour,En agglomération,Intersection en T,Pluie légère,Deux véhicules - arrière,,,,,,,,,,,1,2,3,2,2
200500075106,0005-11-05 18:45:00,5,11,5,18,45,750,5.0,BD DE L HOPITAL BD SAINT,,,Nuit avec éclairage allumé,En agglomération,Intersection en Y,Normale,Deux véhicules - arrière,,,,,,,,,,,5,2,4,1,2
200500075107,0005-11-06 17:05:00,5,11,6,17,5,750,6.0,R BONAPARTE R VIEUX COLO,,,Nuit avec éclairage allumé,En agglomération,Intersection en X,Normale,Autre collision,,,,,,,,,,,5,2,2,1,6
200500075108,0005-11-05 21:30:00,5,11,5,21,30,750,6.0,R MICHELET AV OBSERVATOI,,,Nuit avec éclairage allumé,En agglomération,Intersection en X,Normale,Deux véhicules - côté,,,,,,,,,,,5,2,2,1,3
200500075109,0005-11-06 20:18:00,5,11,6,20,18,750,8.0,46 AV GEORGE V,,,Nuit avec éclairage allumé,En agglomération,Hors intersection,Normale,Deux véhicules - côté,,,,,,,,,,,5,2,1,1,3
200500075110,0005-11-05 07:20:00,5,11,5,7,20,750,6.0,BD DU MONTPARNASSE R DE,,,Nuit avec éclairage allumé,En agglomération,Intersection en X,Normale,Autre collision,,,,,,,,,,,5,2,2,1,6
200500075111,0005-11-06 23:00:00,5,11,6,23,0,750,9.0,BD DES CAPUCINES PL DE L,,,Nuit avec éclairage allumé,En agglomération,Intersection en X,Pluie légère,Autre collision,,,,,,,,,,,5,2,2,2,6
200500075112,0005-11-06 11:40:00,5,11,6,11,40,750,12.0,AV DAUMESNIL BD DIDEROT,,,Plein jour,En agglomération,Intersection en X,Normale,Autre collision,,,,,,,,,,,1,2,2,1,6
200500075113,0005-11-05 15:40:00,5,11,5,15,40,750,8.0,24  AV DE WAGRAM,,,Plein jour,En agglomération,Hors intersection,Normale,Autre collision,,,,,,,,,,,1,2,1,1,6
200500075114,0005-11-06 09:55:00,5,11,6,9,55,750,12.0,RTE DAUPHINE,,,Plein jour,En agglomération,Hors intersection,Normale,Autre collision,,,,,,,,,,,1,2,1,1,6
200500075115,0005-11-05 15:10:00,5,11,5,15,10,750,8.0,71 D AMSTERDAM,,,Plein jour,En agglomération,Hors intersection,Normale,Autre collision,,,,,,,,,,,1,2,1,1,6
200500075116,0005-11-06 14:08:00,5,11,6,14,8,750,13.0,L5976 Q D IVRY,,,Plein jour,En agglomération,Hors intersection,Temps éblouissant,Sans collision,,,,,,,,,,,1,2,1,7,7
200500075117,0005-11-05 16:35:00,5,11,5,16,35,750,10.0,PL FRANZ LISZT R LA FAYE,,,Plein jour,En agglomération,Intersection en X,Normale,Deux véhicules - côté,,,,,,,,,,,1,2,2,1,3
200500075118,0005-11-05 05:13:00,5,11,5,5,13,750,10.0,BD DE MAGENTA R SAINT V,,,Nuit avec éclairage allumé,En agglomération,Intersection en T,Normale,Autre collision,,,,,,,,,,,5,2,3,1,6
200500075119,0005-11-03 15:30:00,5,11,3,15,30,750,12.0,L11636 Q DE BERCY,,,Plein jour,En agglomération,Hors intersection,Normale,Sans collision,,,,,,,,,,,1,2,1,1,7
200500075120,0005-11-05 20:05:00,5,11,5,20,5,750,14.0,BD BRUNE PL PORTE DE VAN,,,Nuit avec éclairage allumé,En agglomération,Intersection en X,Normale,Deux véhicules - côté,,,,,,,,,,,5,2,2,1,3
200500075121,0005-11-06 07:10:00,5,11,6,7,10,750,20.0,12 R DE BELLEVILLE,,,Crépuscule ou aube,En agglomération,Hors intersection,Normale,Autre collision,,,,,,,,,,,2,2,1,1,6
200500075122,0005-11-05 18:40:00,5,11,5,18,40,750,14.0,BD ADOLPHE PINARD R JULI,,,Nuit avec éclairage allumé,En agglomération,Intersection en T,Normale,Deux véhicules - côté,,,,,,,,,,,5,2,3,1,3
200500075123,0005-11-07 19:30:00,5,11,7,19,30,750,2.0,BD DES CAPUCINES PL DE L,,,Nuit avec éclairage allumé,En agglomération,Intersection en X,Normale,Deux véhicules - côté,,,,,,,,,,,5,2,2,1,3
200500075124,0005-11-05 11:45:00,5,11,5,11,45,750,14.0,14 R ALPHONSE DAUDET,,,Plein jour,En agglomération,Hors intersection,Pluie légère,Deux véhicules - côté,,,,,,,,,,,1,2,1,2,3
200500075125,0005-11-05 21:33:00,5,11,5,21,33,750,15.0,114 R CROIX NIVERT,,,Nuit avec éclairage allumé,En agglomération,Hors intersection,Normale,Deux véhicules - arrière,,,,,,,,,,,5,2,1,1,2
200500075126,0005-11-05 15:40:00,5,11,5,15,40,750,15.0,Q D ISSY LES MOULINEAUX,,,Plein jour,En agglomération,Intersection en T,Normale,Deux véhicules - côté,,,,,,,,,,,1,2,3,1,3
200500075127,0005-11-05 13:30:00,5,11,5,13,30,750,15.0,R DU CHERCHE MIDI BD DU,,,Plein jour,En agglomération,Intersection en X,Normale,Autre collision,,,,,,,,,,,1,2,2,1,6
200500075128,0005-11-05 00:20:00,5,11,5,0,20,750,16.0,L7192 ALL REINE MARGUERI,,,Nuit avec éclairage allumé,En agglomération,Hors intersection,Normale,Deux véhicules - côté,,,,,,,,,,,5,2,1,1,3
200500075129,0005-11-05 14:15:00,5,11,5,14,15,750,16.0,122 R DE LA POMPE,,,Plein jour,En agglomération,Hors intersection,Normale,Autre collision,,,,,,,,,,,1,2,1,1,6
200500075130,0005-11-05 22:15:00,5,11,5,22,15,750,16.0,BD DELESSERT R LE NOTRE,,,Nuit avec éclairage allumé,En agglomération,Intersection en T,Normale,Deux véhicules - côté,,,,,,,,,,,5,2,3,1,3
200500075131,0005-11-05 19:10:00,5,11,5,19,10,750,18.0,42 BD BARBES,,,Nuit avec éclairage allumé,En agglomération,Hors intersection,Normale,Deux véhicules - côté,,,,,,,,,,,5,2,1,1,3
200500075132,0005-11-05 21:50:00,5,11,5,21,50,750,18.0,BD NEY  R DU POTEAU,,,Nuit avec éclairage allumé,En agglomération,Intersection en X,Normale,Deux véhicules - côté,,,,,,,,,,,5,2,2,1,3
200500075133,0005-11-05 16:20:00,5,11,5,16,20,750,20.0,R DE L INDRE R DES PRAIR,,,Plein jour,En agglomération,Intersection en T,Normale,Autre collision,,,,,,,,,,,1,2,3,1,6
200500075134,0005-11-07 09:55:00,5,11,7,9,55,750,2.0,AV DE L OPERA PL DE L OP,,,Plein jour,En agglomération,Intersection en T,Pluie légère,Sans collision,,,,,,,,,,,1,2,3,2,7
200500075135,0005-11-07 11:00:00,5,11,7,11,0,750,3.0,18 R DE LA PERLE,,,Plein jour,En agglomération,Hors intersection,Pluie légère,Autre collision,,,,,,,,,,,1,2,1,2,6
200500075136,0005-11-07 19:15:00,5,11,7,19,15,750,5.0,34 R JUSSIEU,,,Nuit avec éclairage allumé,En agglomération,Hors intersection,Normale,Deux véhicules - côté,,,,,,,,,,,5,2,1,1,3
200500075137,0005-11-07 18:30:00,5,11,7,18,30,750,8.0,PL DE LA CONCORDE CRS LA,,,Plein jour,En agglomération,Intersection en T,Normale,Deux véhicules - côté,,,,,,,,,,,1,2,3,1,3
200500075138,0005-11-07 17:25:00,5,11,7,17,25,750,8.0,BD HAUSSMANN R DE ROME,,,Nuit avec éclairage allumé,En agglomération,Intersection en Y,Normale,Autre collision,,,,,,,,,,,5,2,4,1,6
200500075139,0005-11-07 20:15:00,5,11,7,20,15,750,9.0,R HALEVY PL DE L OPERA,,,Nuit avec éclairage allumé,En agglomération,Intersection en T,Normale,Autre collision,,,,,,,,,,,5,2,3,1,6
200500075140,0005-11-07 05:45:00,5,11,7,5,45,750,10.0,R FG SAINT MARTIN BD DE,,,Nuit avec éclairage allumé,En agglomération,Intersection en X,Pluie légère,Deux véhicules - côté,,,,,,,,,,,5,2,2,2,3
200500075141,0005-11-07 16:35:00,5,11,7,16,35,750,10.0,22 BD DE MAGENTA,,,Plein jour,En agglomération,Hors intersection,Normale,Autre collision,,,,,,,,,,,1,2,1,1,6
200500075142,0005-11-07 11:40:00,5,11,7,11,40,750,11.0,16 BD DU TEMPLE,,,Plein jour,En agglomération,Hors intersection,Pluie légère,Sans collision,,,,,,,,,,,1,2,1,2,7
200500075143,0005-11-07 07:25:00,5,11,7,7,25,750,12.0,R NOUV CALEDONIE BD SOUL,,,Crépuscule ou aube,En agglomération,Intersection en T,Normale,Sans collision,,,,,,,,,,,2,2,3,1,7
200500075144,0005-11-07 08:20:00,5,11,7,8,20,750,12.0,R CHALIGNY BD DIDEROT,,,Plein jour,En agglomération,Intersection en X,Pluie légère,Deux véhicules - arrière,,,,,,,,,,,1,2,2,2,2
200500075145,0005-11-07 12:50:00,5,11,7,12,50,750,12.0,RTE CEINTURE DU LAC AV D,,,Plein jour,En agglomération,Intersection en T,Normale,Deux véhicules - arrière,,,,,,,,,,,1,2,3,1,2
200500075146,0005-11-07 19:50:00,5,11,7,19,50,750,12.0,Q DE BERCY R ROBERT ETLI,,,Nuit avec éclairage allumé,En agglomération,Intersection en X,Normale,Deux véhicules - arrière,,,,,,,,,,,5,2,2,1,2
200500075147,0005-11-07 14:30:00,5,11,7,14,30,750,13.0,AV DES GOBELINS R LE BRU,,,Plein jour,En agglomération,Intersection en T,Normale,Deux véhicules - côté,,,,,,,,,,,1,2,3,1,3
200500075148,0005-11-07 19:10:00,5,11,7,19,10,750,13.0,BD ARAGO AV DES GOBELINS,,,Nuit avec éclairage allumé,En agglomération,Intersection en X,Normale,Autre collision,,,,,,,,,,,5,2,2,1,6
200500075149,0005-11-07 10:25:00,5,11,7,10,25,750,14.0,AV DU MAINE PASS TENAILL,,,Plein jour,En agglomération,Intersection en Y,Pluie légère,Deux véhicules - côté,,,,,,,,,,,1,2,4,2,3
200500075150,0005-11-07 17:00:00,5,11,7,17,0,750,14.0,5 AV MAURICE D OCAGNE,,,Plein jour,En agglomération,Hors intersection,Normale,Autre collision,,,,,,,,,,,1,2,1,1,6
200500075151,0005-11-07 07:55:00,5,11,7,7,55,750,16.0,60 R DES VIGNES,,,Plein jour,En agglomération,Hors intersection,Pluie légère,Autre collision,,,,,,,,,,,1,2,1,2,6
200500075152,0005-11-07 08:50:00,5,11,7,8,50,750,17.0,R LEGENDRE R NOLLET,,,Plein jour,En agglomération,Intersection en X,Pluie légère,Deux véhicules - côté,,,,,,,,,,,1,2,2,2,3
200500075153,0005-11-07 06:38:00,5,11,7,6,38,750,17.0,BD DE COURCELLES BD MALE,,,Nuit avec éclairage allumé,En agglomération,Intersection en X,Pluie légère,Deux véhicules - côté,,,,,,,,,,,5,2,2,2,3
200500075154,0005-11-07 03:30:00,5,11,7,3,30,750,17.0,AV GRANDE ARMEE R DE TIL,,,Nuit avec éclairage allumé,En agglomération,Intersection en X,Pluie légère,Deux véhicules - côté,,,,,,,,,,,5,2,2,2,3
200500075155,0005-11-07 12:05:00,5,11,7,12,5,750,18.0,34 R GOUTTE D OR,,,Plein jour,En agglomération,Hors intersection,Normale,Deux véhicules - côté,,,,,,,,,,,1,2,1,1,3
200500075156,0005-11-07 22:00:00,5,11,7,22,0,750,19.0,PL BT DE STALINGRAD AV J,,,Nuit avec éclairage allumé,En agglomération,Intersection en X,Normale,Autre collision,,,,,,,,,,,5,2,2,1,6
200500075157,0005-11-07 02:00:00,5,11,7,2,0,750,20.0,AV DU DOCTEUR GLEY R FRE,,,Nuit avec éclairage allumé,En agglomération,Intersection en X,Pluie légère,Deux véhicules - côté,,,,,,,,,,,5,2,2,2,3
200500075158,0005-11-07 18:20:00,5,11,7,18,20,750,20.0,R DE BELLEVILLE R DU JOU,,,Crépuscule ou aube,En agglomération,Intersection en T,Normale,Deux véhicules - côté,,,,,,,,,,,2,2,3,1,3
200500075159,0005-11-08 20:20:00,5,11,8,20,20,750,4.0,R PAVEE R DES ROSIERS,,,Nuit avec éclairage allumé,En agglomération,Intersection en X,Normale,Deux véhicules - côté,,,,,,,,,,,5,2,2,1,3
200500075160,0005-11-08 17:30:00,5,11,8,17,30,750,5.0,R ABBE DE L EPEEE R SAIN,,,Nuit avec éclairage allumé,En agglomération,Intersection en X,Normale,Autre collision,,,,,,,,,,,5,2,2,1,6
200500075161,0005-11-08 17:25:00,5,11,8,17,25,750,6.0,R DE RENNES R DE VAUGIRA,,,Crépuscule ou aube,En agglomération,Intersection en X,Normale,Deux véhicules - côté,,,,,,,,,,,2,2,2,1,3
200500075162,0005-11-08 23:45:00,5,11,8,23,45,750,7.0,L3246 Q D ORSAY,,,Nuit avec éclairage allumé,En agglomération,Hors intersection,Normale,Autre collision,,,,,,,,,,,5,2,1,1,6
200500075163,0005-11-08 17:55:00,5,11,8,17,55,750,10.0,28 BD DE STRASBOURG,,,Nuit avec éclairage allumé,En agglomération,Hors intersection,Normale,Trois véhicules et plus - en chaîne,,,,,,,,,,,5,2,1,1,4
200500075164,0005-11-08 16:35:00,5,11,8,16,35,750,10.0,117 Q DE VALMY,,,Plein jour,En agglomération,Hors intersection,Normale,Deux véhicules - côté,,,,,,,,,,,1,2,1,1,3
200500075165,0005-11-08 12:30:00,5,11,8,12,30,750,10.0,R FG SAINT MARTIN BD DE,,,Plein jour,En agglomération,Intersection en X,Normale,Autre collision,,,,,,,,,,,1,2,2,1,6
200500075166,0005-11-08 22:20:00,5,11,8,22,20,750,12.0,CRS DE VINCENNES BD SOUL,,,Nuit avec éclairage allumé,En agglomération,Intersection en X,Normale,Sans collision,,,,,,,,,,,5,2,2,1,7
200500075167,0005-11-08 13:05:00,5,11,8,13,5,750,13.0,R BOBILLOT R MOULIN DES,,,Plein jour,En agglomération,Intersection en X,Normale,Autre collision,,,,,,,,,,,1,2,2,1,6
200500075168,0005-11-08 11:00:00,5,11,8,11,0,750,14.0,BPI ORLEANS CHATILLON,,,Plein jour,En agglomération,Hors intersection,Normale,Autre collision,,,,,,,,,,,1,2,1,1,6
200500075169,0005-11-08 14:30:00,5,11,8,14,30,750,15.0,R DU CHERCHE MIDI BD DU,,,Plein jour,En agglomération,Intersection en X,Normale,Autre collision,,,,,,,,,,,1,2,2,1,6
200500075170,0005-11-08 22:55:00,5,11,8,22,55,750,16.0,R J ET M HACKIN AV DE NE,,,Nuit avec éclairage allumé,En agglomération,Intersection en X,Normale,Autre collision,,,,,,,,,,,5,2,2,1,6
200500075171,0005-11-08 16:45:00,5,11,8,16,45,750,16.0,R D AUTEUIL R ERLANGER,,,Plein jour,En agglomération,Intersection en T,Normale,Autre collision,,,,,,,,,,,1,2,3,1,6
200500075172,0005-11-08 03:00:00,5,11,8,3,0,750,17.0,L4383 PL DU MARECHAL JUI,,,Nuit avec éclairage allumé,En agglomération,Hors intersection,Normale,Autre collision,,,,,,,,,,,5,2,1,1,6
200500075173,0005-11-08 14:35:00,5,11,8,14,35,750,17.0,R DENIS POISSON AV GRAND,,,Plein jour,En agglomération,Intersection en X,Normale,Trois véhicules et plus - collisions multiples,,,,,,,,,,,1,2,2,1,5
200500075174,0005-11-08 17:45:00,5,11,8,17,45,750,17.0,BD BESSIERES AV PORTE DE,,,Plein jour,En agglomération,Intersection en T,Normale,Autre collision,,,,,,,,,,,1,2,3,1,6
200500075175,0005-11-08 12:35:00,5,11,8,12,35,750,17.0,AV DE CLICHY R GUY MOQUE,,,Plein jour,En agglomération,Intersection en T,Normale,Autre collision,,,,,,,,,,,1,2,3,1,6
200500075176,0005-11-08 12:20:00,5,11,8,12,20,750,18.0,24 R MARCADET,,,Plein jour,En agglomération,Hors intersection,Normale,Autre collision,,,,,,,,,,,1,2,1,1,6
200500075177,0005-11-08 09:45:00,5,11,8,9,45,750,18.0,R GASTON COUTE R LAMARCK,,,Plein jour,En agglomération,Intersection en T,Normale,Autre collision,,,,,,,,,,,1,2,3,1,6
200500075178,0005-11-08 08:50:00,5,11,8,8,50,750,19.0,126 R HAXO,,,Plein jour,En agglomération,Hors intersection,Normale,Autre collision,,,,,,,,,,,1,2,1,1,6
200500075179,0005-11-09 07:40:00,5,11,9,7,40,750,20.0,BPI BAGNOLET MONTREUIL,,,Plein jour,En agglomération,Hors intersection,Pluie légère,Sans collision,,,,,,,,,,,1,2,1,2,7
200500075180,0005-11-09 11:05:00,5,11,9,11,5,750,1.0,SOU TRANSIT HALLES,,,Plein jour,En agglomération,Hors intersection,Pluie légère,Sans collision,,,,,,,,,,,1,2,1,2,7
200500075181,0005-11-09 12:10:00,5,11,9,12,10,750,3.0,86 BD DE SEBASTOPOL,,,Plein jour,En agglomération,Hors intersection,Pluie légère,Autre collision,,,,,,,,,,,1,2,1,2,6
200500075182,0005-11-09 10:10:00,5,11,9,10,10,750,5.0,Q SAINT BERNARD,,,Plein jour,En agglomération,Hors intersection,Temps couvert,Autre collision,,,,,,,,,,,1,2,1,8,6
200500075183,0005-11-09 08:45:00,5,11,9,8,45,750,7.0,Q VOLTAIRE PT DU CARROUS,,,Plein jour,En agglomération,Intersection en T,Pluie forte,Deux véhicules - arrière,,,,,,,,,,,1,2,3,3,2
200500075184,0005-11-10 13:33:00,5,11,10,13,33,750,3.0,R ST CLAUDE R DE TURENNE,,,Plein jour,En agglomération,Intersection en X,Normale,Deux véhicules - côté,,,,,,,,,,,1,2,2,1,3
200500075185,0005-11-09 21:25:00,5,11,9,21,25,750,8.0,4 IMP D ANTIN,,,Nuit avec éclairage allumé,En agglomération,Hors intersection,Normale,Autre collision,,,,,,,,,,,5,2,1,1,6