accident_id,datetime,annee,mois,jour,heure,minute,departement,commune_insee,adresse,latitude,longitude,luminosite,agglomeration,intersection,meteo,collision,nb_vehicules,nb_usagers,nb_indemnes,nb_tues,nb_blesses_hosp,nb_blesses_legers,age_cond_1,age_cond_2,veh_type_cond_1,veh_type_cond_2,lum_code,agg_code,int_code,atm_code,col_code
200500075186,0005-11-10 13:10:00,5,11,10,13,10,750,5.0,72 R MONGE,,,Plein jour,En agglomération,Hors intersection,Normale,Deux véhicules - arrière,,,,,,,,,,,1,2,1,1,2
200500075187,0005-11-10 09:40:00,5,11,10,9,40,750,5.0,09 QU SAINT BERNARD,,,Plein jour,En agglomération,Hors intersection,Normale,Deux véhicules - côté,,,,,,,,,,,1,2,1,1,3
200500075188,0005-11-09 12:28:00,5,11,9,12,28,750,8.0,R DE ROME R DE VIENNE,,,Plein jour,En agglomération,Intersection en X,Normale,Autre collision,,,,,,,,,,,1,2,2,1,6
200500075189,0005-11-10 20:55:00,5,11,10,20,55,750,6.0,BD RASPAIL R DE VAUGIRAR,,,Nuit avec éclairage allumé,En agglomération,Intersection en X,Normale,Deux véhicules - côté,,,,,,,,,,,5,2,2,1,3
200500075190,0005-11-10 09:40:00,5,11,10,9,40,750,6.0,R DE RENNES R DE VAUGIRA,,,Plein jour,En agglomération,Intersection en X,Normale,Sans collision,,,,,,,,,,,1,2,2,1,7
200500075191,0005-11-09 08:50:00,5,11,9,8,50,750,10.0,R FG SAINT MARTIN R LA F,,,Plein jour,En agglomération,Intersection en X,Pluie légère,Sans collision,,,,,,,,,,,1,2,2,2,7
200500075192,0005-11-10 12:25:00,5,11,10,12,25,750,7.0,AV DUQUESNE AV LOWENDAL,,,Plein jour,En agglomération,Intersection en X,Normale,Deux véhicules - arrière,,,,,,,,,,,1,2,2,1,2
200500075193,0005-11-10 09:30:00,5,11,10,9,30,750,8.0,20 R DE ROME,,,Plein jour,En agglomération,Hors intersection,Normale,Autre collision,,,,,,,,,,,1,2,1,1,6
200500075194,0005-11-09 00:55:00,5,11,9,0,55,750,10.0,R CHATEAU LANDON R LA FA,,,Nuit avec éclairage allumé,En agglomération,Intersection en X,Normale,Autre collision,,,,,,,,,,,5,2,2,1,6
200500075195,0005-11-10 10:55:00,5,11,10,10,55,750,8.0,PL DE L ALMA AV GEORGE V,,,Plein jour,En agglomération,Intersection en X,Normale,Deux véhicules - côté,,,,,,,,,,,1,2,2,1,3
200500075196,0005-11-09 18:15:00,5,11,9,18,15,750,11.0,PL DE LA NATION AV DE TA,,,Nuit avec éclairage allumé,En agglomération,Intersection en X,Normale,Deux véhicules - côté,,,,,,,,,,,5,2,2,1,3
200500075197,0005-11-10 09:35:00,5,11,10,9,35,750,8.0,R DE BERRI BD HAUSSMANN,,,Plein jour,En agglomération,Intersection en X,Normale,Deux véhicules - côté,,,,,,,,,,,1,2,2,1,3
200500075198,0005-11-09 16:15:00,5,11,9,16,15,750,11.0,88 AV PARMENTIER,,,Plein jour,En agglomération,Hors intersection,Normale,Deux véhicules - arrière,,,,,,,,,,,1,2,1,1,2
200500075199,0005-11-10 21:10:00,5,11,10,21,10,750,8.0,138 BD HAUSSMANN,,,Nuit avec éclairage allumé,En agglomération,Hors intersection,Normale,Sans collision,,,,,,,,,,,5,2,1,1,7
200500075200,0005-11-09 11:10:00,5,11,9,11,10,750,13.0,L10433  PONT DE BERCY,,,Plein jour,En agglomération,Hors intersection,Pluie légère,Sans collision,,,,,,,,,,,1,2,1,2,7
200500075201,0005-11-09 11:15:00,5,11,9,11,15,750,13.0,72 AV DES GOBELINS,,,Plein jour,En agglomération,Hors intersection,Pluie légère,Deux véhicules - arrière,,,,,,,,,,,1,2,1,2,2
200500075202,0005-11-10 02:15:00,5,11,10,2,15,750,10.0,BD DE MAGENTA BD DE STRA,,,Nuit avec éclairage allumé,En agglomération,Intersection en X,Normale,Deux véhicules - arrière,,,,,,,,,,,5,2,2,1,2
200500075203,0005-11-10 11:00:00,5,11,10,11,0,750,10.0,R FG DU TEMPLE QU DE VAL,,,Plein jour,En agglomération,Intersection en X,Normale,Autre collision,,,,,,,,,,,1,2,2,1,6
200500075204,0005-11-10 17:30:00,5,11,10,17,30,750,11.0,BD BELLEVILLE R FG DU TE,,,Nuit avec éclairage allumé,En agglomération,Intersection en X,Normale,Deux véhicules - côté,,,,,,,,,,,5,2,2,1,3
200500075205,0005-11-10 22:00:00,5,11,10,22,0,750,11.0,BD CHARONNE AV PHILIPPE,,,Nuit avec éclairage allumé,En agglomération,Intersection en X,Normale,Deux véhicules - arrière,,,,,,,,,,,5,2,2,1,2
200500075206,0005-11-09 23:40:00,5,11,9,23,40,750,16.0,54 AV DE VERSAILLES,,,Nuit avec éclairage allumé,En agglomération,Hors intersection,Normale,Deux véhicules - côté,,,,,,,,,,,5,2,1,1,3
200500075207,0005-11-10 19:00:00,5,11,10,19,0,750,11.0,PL DE LA BASTILLE BD RIC,,,Nuit avec éclairage allumé,En agglomération,Intersection en X,Normale,Deux véhicules - côté,,,,,,,,,,,5,2,2,1,3
200500075208,0005-11-10 19:00:00,5,11,10,19,0,750,11.0,152 R DE CHARONNE,,,Nuit avec éclairage allumé,En agglomération,Hors intersection,Normale,Autre collision,,,,,,,,,,,5,2,1,1,6
200500075209,0005-11-10 22:00:00,5,11,10,22,0,750,13.0,AV GOBELINS R LA REINE B,,,Nuit avec éclairage allumé,En agglomération,Intersection en X,Normale,Deux véhicules - côté,,,,,,,,,,,5,2,2,1,3
200500075210,0005-11-09 09:30:00,5,11,9,9,30,750,16.0,VERD BIR HAKEIM IENA,,,Plein jour,En agglomération,Hors intersection,Pluie légère,Deux véhicules - arrière,,,,,,,,,,,1,2,1,2,2
200500075211,0005-11-10 20:35:00,5,11,10,20,35,750,14.0,66 R D ALESIA,,,Nuit avec éclairage allumé,En agglomération,Hors intersection,Normale,Autre collision,,,,,,,,,,,5,2,1,1,6
200500075212,0005-11-10 11:40:00,5,11,10,11,40,750,15.0,BD DU MONTPARNASSE R DE,,,Plein jour,En agglomération,Intersection en X,Normale,Deux véhicules - arrière,,,,,,,,,,,1,2,2,1,2
200500075213,0005-11-09 10:00:00,5,11,9,10,0,750,17.0,2 AV PTE D ASNIERES,,,Plein jour,En agglomération,Hors intersection,Pluie légère,Deux véhicules - côté,,,,,,,,,,,1,2,1,2,3
200500075214,0005-11-10 09:55:00,5,11,10,9,55,750,15.0,6 R DU HAMEAU,,,Plein jour,En agglomération,Hors intersection,Normale,Deux véhicules - côté,,,,,,,,,,,1,2,1,1,3
200500075215,0005-11-10 12:35:00,5,11,10,12,35,750,16.0,58 AV DE VERSAILLES,,,Plein jour,En agglomération,Hors intersection,Normale,Autre collision,,,,,,,,,,,1,2,1,1,6
200500075216,0005-11-10 15:50:00,5,11,10,15,50,750,19.0,L 4156 AV PRE ST GERVAIS,,,Plein jour,En agglomération,Hors intersection,Normale,Deux véhicules - côté,,,,,,,,,,,1,2,1,1,3
200500075217,0005-11-09 18:45:00,5,11,9,18,45,750,17.0,36 BD BESSIERES,,,Nuit avec éclairage allumé,En agglomération,Hors intersection,Normale,Autre collision,,,,,,,,,,,5,2,1,1,6
200500075218,0005-11-10 15:30:00,5,11,10,15,30,750,19.0,85 R MANIN,,,Plein jour,En agglomération,Hors intersection,Normale,Trois véhicules et plus - collisions multiples,,,,,,,,,,,1,2,1,1,5
200500075219,0005-11-09 08:15:00,5,11,9,8,15,750,17.0,PL MGR L OUTIL AV DE VIL,,,Plein jour,En agglomération,Intersection en X,Pluie légère,Sans collision,,,,,,,,,,,1,2,2,2,7
200500075220,0005-11-10 13:15:00,5,11,10,13,15,750,19.0,62 R DE MEAUX,,,Plein jour,En agglomération,Hors intersection,Normale,Autre collision,,,,,,,,,,,1,2,1,1,6
200500075221,0005-11-09 10:20:00,5,11,9,10,20,750,17.0,22 AV DE LA GRANDE ARMEE,,,Plein jour,En agglomération,Hors intersection,Pluie légère,Sans collision,,,,,,,,,,,1,2,1,2,7
200500075222,0005-11-10 17:30:00,5,11,10,17,30,750,20.0,BD DAVOUT AV PTE DE MONT,,,Plein jour,En agglomération,Intersection en X,Normale,Sans collision,,,,,,,,,,,1,2,2,1,7
200500075223,0005-11-10 20:10:00,5,11,10,20,10,750,20.0,R BELGRAND R DU CHER,,,Nuit avec éclairage allumé,En agglomération,Intersection en X,Normale,Trois véhicules et plus - en chaîne,,,,,,,,,,,5,2,2,1,4
200500075224,0005-11-10 07:45:00,5,11,10,7,45,750,20.0,R E DOLET T J LACROIX,,,Plein jour,En agglomération,Intersection en X,Normale,Autre collision,,,,,,,,,,,1,2,2,1,6
200500075225,0005-11-09 23:23:00,5,11,9,23,23,750,19.0,PL AUGUSTE BARON BD DE L,,,Nuit avec éclairage allumé,En agglomération,Intersection en X,Normale,Deux véhicules - côté,,,,,,,,,,,5,2,2,1,3
200500075226,0005-11-09 15:08:00,5,11,9,15,8,750,20.0,26 R SERPOLLET,,,Plein jour,En agglomération,Hors intersection,Normale,Autre collision,,,,,,,,,,,1,2,1,1,6
200500075227,0005-11-09 07:20:00,5,11,9,7,20,750,20.0,148 AV GAMBETTA,,,Crépuscule ou aube,En agglomération,Hors intersection,Pluie légère,Deux véhicules - arrière,,,,,,,,,,,2,2,1,2,2
200500075228,0005-11-11 22:15:00,5,11,11,22,15,750,5.0,24 BD PORT ROYAL,,,Nuit avec éclairage allumé,En agglomération,Hors intersection,Normale,Deux véhicules - côté,,,,,,,,,,,5,2,1,1,3
200500075229,0005-11-11 15:40:00,5,11,11,15,40,750,5.0,40 R DE POLIVEAU,,,Plein jour,En agglomération,Hors intersection,Temps couvert,Deux véhicules - côté,,,,,,,,,,,1,2,1,8,3
200500075230,0005-11-11 19:10:00,5,11,11,19,10,750,9.0,66 R DE CLICHY,,,Nuit avec éclairage allumé,En agglomération,Hors intersection,Normale,Autre collision,,,,,,,,,,,5,2,1,1,6
200500075231,0005-11-11 15:45:00,5,11,11,15,45,750,10.0,R FG ST MARTIN BD MAGENT,,,Plein jour,En agglomération,Intersection en X,Normale,Deux véhicules - côté,,,,,,,,,,,1,2,2,1,3
200500075232,0005-11-11 21:00:00,5,11,11,21,0,750,11.0,R OBERKAMPF BD VOLTAIRE,,,Nuit avec éclairage allumé,En agglomération,Intersection en X,Normale,Deux véhicules - côté,,,,,,,,,,,5,2,2,1,3
200500075233,0005-11-11 15:35:00,5,11,11,15,35,750,11.0,R OBERKAMPF R ST MAUR,,,Plein jour,En agglomération,Intersection en X,Normale,Deux véhicules - côté,,,,,,,,,,,1,2,2,1,3
200500075234,0005-11-11 22:00:00,5,11,11,22,0,750,11.0,156 R DE CHARONNE,,,Nuit avec éclairage allumé,En agglomération,Hors intersection,Normale,Autre collision,,,,,,,,,,,5,2,1,1,6
200500075235,0005-11-11 22:05:00,5,11,11,22,5,750,11.0,14 AV PARMENTIER,,,Nuit avec éclairage allumé,En agglomération,Hors intersection,Normale,Deux véhicules - côté,,,,,,,,,,,5,2,1,1,3
200500075236,0005-11-12 12:37:00,5,11,12,12,37,750,12.0,170 AV DAUMESNIL,,,Plein jour,En agglomération,Hors intersection,Temps couvert,Deux véhicules - côté,,,,,,,,,,,1,2,1,8,3
200500075237,0005-11-10 08:10:00,5,11,10,8,10,750,14.0,AV PTE CHATILLON ECH CHA,,,Plein jour,En agglomération,Intersection en X,Normale,Deux véhicules - côté,,,,,,,,,,,1,2,2,1,3
200500075238,0005-11-11 19:20:00,5,11,11,19,20,750,16.0,AV BOUDON R GEORGE SAND,,,Nuit avec éclairage allumé,En agglomération,Intersection en T,Normale,Deux véhicules - côté,,,,,,,,,,,5,2,3,1,3
200500075239,0005-11-07 05:25:00,5,11,7,5,25,750,17.0,108 AV DES TERNES,,,Nuit avec éclairage allumé,En agglomération,Hors intersection,Pluie légère,Deux véhicules - côté,,,,,,,,,,,5,2,1,2,3
200500075240,0005-11-11 23:35:00,5,11,11,23,35,750,17.0,BD PEREIRE R DE TOCQUEVI,,,Nuit avec éclairage allumé,En agglomération,Intersection en X,Normale,Deux véhicules - côté,,,,,,,,,,,5,2,2,1,3
200500075241,0005-11-11 18:15:00,5,11,11,18,15,750,18.0,R DAMREMOND R ORDENER,,,Nuit avec éclairage allumé,En agglomération,Intersection en X,Normale,Deux véhicules - frontale,,,,,,,,,,,5,2,2,1,1
200500075242,0005-11-11 14:25:00,5,11,11,14,25,750,18.0,92 BD NEY,,,Plein jour,En agglomération,Hors intersection,Normale,Deux véhicules - côté,,,,,,,,,,,1,2,1,1,3
200500075243,0005-11-11 09:20:00,5,11,11,9,20,750,19.0,46 R BOTZARIS,,,Plein jour,En agglomération,Hors intersection,Normale,Autre collision,,,,,,,,,,,1,2,1,1,6
200500075244,0005-11-11 13:40:00,5,11,11,13,40,750,19.0,R A CARREL AV JEAN JAURE,,,Plein jour,En agglomération,Intersection en X,Normale,Autre collision,,,,,,,,,,,1,2,2,1,6
200500075245,0005-11-12 18:00:00,5,11,12,18,0,750,5.0,R CARDINAL LEMOINE R JUS,,,Nuit avec éclairage allumé,En agglomération,Intersection en X,Pluie légère,Deux véhicules - côté,,,,,,,,,,,5,2,2,2,3
200500075246,0005-11-12 02:25:00,5,11,12,2,25,750,7.0,BD DES INVALIDES AV DE V,,,Nuit avec éclairage allumé,En agglomération,Intersection en Y,Pluie légère,Deux véhicules - côté,,,,,,,,,,,5,2,4,2,3
200500075247,0005-11-12 12:50:00,5,11,12,12,50,750,10.0,PL J BONSERGENT BD DE MA,,,Plein jour,En agglomération,Intersection en X,Pluie légère,Deux véhicules - côté,,,,,,,,,,,1,2,2,2,3
200500075248,0005-11-12 23:20:00,5,11,12,23,20,750,11.0,234 BD VOLTAIRE,,,Nuit avec éclairage allumé,En agglomération,Hors intersection,Pluie légère,Deux véhicules - côté,,,,,,,,,,,5,2,1,2,3
200500075249,0005-11-12 19:50:00,5,11,12,19,50,750,11.0,R DE CHARONNE R LEON FRO,,,Nuit avec éclairage allumé,En agglomération,Intersection en X,Pluie légère,Deux véhicules - côté,,,,,,,,,,,5,2,2,2,3
200500075250,0005-11-12 03:50:00,5,11,12,3,50,750,12.0,PL DE LA BASTILLE R DE L,,,Nuit avec éclairage allumé,En agglomération,Intersection en T,Pluie légère,Deux véhicules - côté,,,,,,,,,,,5,2,3,2,3
200500075251,0005-11-12 12:45:00,5,11,12,12,45,750,13.0,R JEANNE D ARC R DU DR C,,,Plein jour,En agglomération,Intersection en T,Pluie légère,Autre collision,,,,,,,,,,,1,2,3,2,6
200500075252,0005-11-12 17:00:00,5,11,12,17,0,750,13.0,R DE L ESPERANCE R DE TO,,,Nuit avec éclairage allumé,En agglomération,Intersection en X,Normale,Autre collision,,,,,,,,,,,5,2,2,1,6
200500075253,0005-11-12 20:07:00,5,11,12,20,7,750,15.0,R LINOIS R ROBERT DE FLE,,,Nuit avec éclairage allumé,En agglomération,Intersection en T,Pluie légère,Deux véhicules - côté,,,,,,,,,,,5,2,3,2,3
200500075254,0005-11-12 16:40:00,5,11,12,16,40,750,16.0,L1362 CHE CEINTURE LAC I,,,Plein jour,En agglomération,Hors intersection,Normale,Deux véhicules - côté,,,,,,,,,,,1,2,1,1,3
200500075255,0005-11-12 03:13:00,5,11,12,3,13,750,19.0,AV SECRETAN BD DE LA VIL,,,Nuit avec éclairage allumé,En agglomération,Intersection en Y,Pluie légère,Autre collision,,,,,,,,,,,5,2,4,2,6
200500075256,0005-11-12 20:40:00,5,11,12,20,40,750,19.0,PL COLONEL FABIEN AV MAT,,,Nuit avec éclairage allumé,En agglomération,Intersection en T,Normale,Autre collision,,,,,,,,,,,5,2,3,1,6
200500075257,0005-11-12 22:26:00,5,11,12,22,26,750,19.0,221 R DE BELLEVILLE,,,Nuit avec éclairage allumé,En agglomération,Hors intersection,Pluie légère,Deux véhicules - côté,,,,,,,,,,,5,2,1,2,3
200500075258,0005-11-12 01:19:00,5,11,12,1,19,750,20.0,AV GAMBETTA R DES PRUNIE,,,Nuit avec éclairage allumé,En agglomération,Intersection en T,Pluie légère,Deux véhicules - côté,,,,,,,,,,,5,2,3,2,3
200500075259,0005-11-12 12:30:00,5,11,12,12,30,750,20.0,PL GAMBETTA R DES PYRENE,,,Plein jour,En agglomération,Intersection en T,Normale,Autre collision,,,,,,,,,,,1,2,3,1,6
200500075260,0005-11-12 18:00:00,5,11,12,18,0,750,20.0,R LOUIS LUMIERE AV PORTE,,,Crépuscule ou aube,En agglomération,Intersection en T,Normale,Deux véhicules - côté,,,,,,,,,,,2,2,3,1,3
200500075261,0005-11-03 17:35:00,5,11,3,17,35,750,12.0,L2559 RTE DE LA PYRAMIDE,,,Nuit avec éclairage allumé,En agglomération,Hors intersection,Normale,Deux véhicules - côté,,,,,,,,,,,5,2,1,1,3
200500075262,0005-11-04 14:55:00,5,11,4,14,55,750,18.0,ECH CHAPELLE,,,Plein jour,En agglomération,Hors intersection,Normale,Autre collision,,,,,,,,,,,1,2,1,1,6
200500075263,0005-11-08 14:30:00,5,11,8,14,30,750,20.0,47 BD DAVOUT,,,Plein jour,En agglomération,Hors intersection,Normale,Sans collision,,,,,,,,,,,1,2,1,1,7
200500075264,0005-11-08 10:05:00,5,11,8,10,5,750,20.0,PL SAINT FARGEAU R SAINT,,,Plein jour,En agglomération,Intersection à plus de 4 branches,Normale,Deux véhicules - côté,,,,,,,,,,,1,2,5,1,3
200500075265,0005-11-09 17:10:00,5,11,9,17,10,750,20.0,72 BD DAVOUT,,,Crépuscule ou aube,En agglomération,Hors intersection,Normale,Autre collision,,,,,,,,,,,2,2,1,1,6
200500075266,0005-11-09 22:45:00,5,11,9,22,45,750,12.0,88 BD PONIATOWSKI,,,Nuit avec éclairage allumé,En agglomération,Hors intersection,Normale,Deux véhicules - arrière,,,,,,,,,,,5,2,1,1,2
200500075267,0005-11-09 08:45:00,5,11,9,8,45,750,20.0,140 AV GAMBETTA,,,Plein jour,En agglomération,Hors intersection,Pluie légère,Deux véhicules - côté,,,,,,,,,,,1,2,1,2,3
200500075268,0005-11-10 02:07:00,5,11,10,2,7,750,7.0,12 BD INVALIDES,,,Nuit avec éclairage allumé,En agglomération,Hors intersection,Normale,Deux véhicules - côté,,,,,,,,,,,5,2,1,1,3
200500075269,0005-11-10 18:30:00,5,11,10,18,30,750,7.0,BD RASPAIL R DE SEVRES,,,Nuit avec éclairage allumé,En agglomération,Intersection en X,Normale,Sans collision,,,,,,,,,,,5,2,2,1,7
200500075270,0005-11-10 11:00:00,5,11,10,11,0,750,17.0,AV CIMETIERE DES BATIGNO,,,Plein jour,En agglomération,Intersection en X,Normale,Deux véhicules - côté,,,,,,,,,,,1,2,2,1,3
200500075271,0005-11-10 22:45:00,5,11,10,22,45,750,17.0,BD PEREIRE R DE TOCQUEVI,,,Nuit avec éclairage allumé,En agglomération,Intersection en X,Normale,Deux véhicules - côté,,,,,,,,,,,5,2,2,1,3
200500075272,0005-11-11 20:45:00,5,11,11,20,45,750,15.0,R FALGUIERE R VIGEE LEBR,,,Nuit avec éclairage allumé,En agglomération,Intersection en X,Normale,Sans collision,,,,,,,,,,,5,2,2,1,7
200500075273,0005-11-12 17:05:00,5,11,12,17,5,750,17.0,BD DE COURCELLES R DE CO,,,Nuit avec éclairage allumé,En agglomération,Intersection en X,Normale,Deux véhicules - côté,,,,,,,,,,,5,2,2,1,3
200500075274,0005-11-12 12:50:00,5,11,12,12,50,750,17.0,124 AV DE SAINT OUEN,,,Plein jour,En agglomération,Hors intersection,Normale,Autre collision,,,,,,,,,,,1,2,1,1,6
200500075275,0005-11-12 17:18:00,5,11,12,17,18,750,17.0,R LA CONDAMINE R DE ROME,,,Nuit avec éclairage allumé,En agglomération,Intersection en X,Normale,Deux véhicules - côté,,,,,,,,,,,5,2,2,1,3
200500075276,0005-11-13 21:40:00,5,11,13,21,40,750,17.0,PL MARECHAL JUIN AV DE V,,,Nuit avec éclairage allumé,En agglomération,Place,Normale,Sans collision,,,,,,,,,,,5,2,7,1,7
200500075277,0005-11-13 01:10:00,5,11,13,1,10,750,20.0,R CDT L HERMINIER AV PTE,,,Nuit avec éclairage allumé,En agglomération,Intersection en X,Pluie légère,Deux véhicules - côté,,,,,,,,,,,5,2,2,2,3
200500075278,0005-11-14 09:15:00,5,11,14,9,15,750,8.0,AV MONTAIGNE PL REINE AS,,,Plein jour,En agglomération,Intersection en T,Normale,Deux véhicules - frontale,,,,,,,,,,,1,2,3,1,1
200500075279,0005-11-14 20:00:00,5,11,14,20,0,750,7.0,R BABYLONE BD DES INVALI,,,Nuit avec éclairage allumé,En agglomération,Intersection en X,Normale,Autre collision,,,,,,,,,,,5,2,2,1,6
200500075280,0005-11-14 22:10:00,5,11,14,22,10,750,19.0,R DE BELLEVILLE R REBEVA,,,Nuit avec éclairage allumé,En agglomération,Intersection en X,Normale,Deux véhicules - frontale,,,,,,,,,,,5,2,2,1,1
200500075281,0005-11-15 19:15:00,5,11,15,19,15,750,20.0,128 R DE BAGNOLET,,,Nuit avec éclairage allumé,En agglomération,Hors intersection,Pluie légère,Autre collision,,,,,,,,,,,5,2,1,2,6
200500075282,0005-11-15 18:10:00,5,11,15,18,10,750,20.0,R DES PYRENEES CRS VINCE,,,Nuit avec éclairage allumé,En agglomération,Intersection en X,Pluie forte,Deux véhicules - frontale,,,,,,,,,,,5,2,2,3,1
200500075283,0005-11-16 21:00:00,5,11,16,21,0,750,6.0,R GARANCIERE R DE VAUGIR,,,Nuit avec éclairage allumé,En agglomération,Intersection en T,Normale,Deux véhicules - côté,,,,,,,,,,,5,2,3,1,3
200500075284,0005-11-16 15:00:00,5,11,16,15,0,750,8.0,PL CHASSAIGNE GOYON AV F,,,Plein jour,En agglomération,Intersection en X,Pluie légère,Autre collision,,,,,,,,,,,1,2,2,2,6
200500075285,0005-11-16 04:30:00,5,11,16,4,30,750,8.0,R LA BOETIE R DE PONTHIE,,,Nuit avec éclairage allumé,En agglomération,Intersection en X,Normale,Autre collision,,,,,,,,,,,5,2,2,1,6
200500075286,0005-11-16 10:15:00,5,11,16,10,15,750,12.0,R FABRE EGLANTINE PL DE,,,Plein jour,En agglomération,Intersection en X,Normale,Deux véhicules - côté,,,,,,,,,,,1,2,2,1,3
200500075287,0005-11-16 13:30:00,5,11,16,13,30,750,12.0,24 R LAMBLARDIE,,,Plein jour,En agglomération,Hors intersection,Normale,Autre collision,,,,,,,,,,,1,2,1,1,6
200500075288,0005-11-16 15:25:00,5,11,16,15,25,750,12.0,112 R DE REUILLY,,,Plein jour,En agglomération,Hors intersection,Normale,Autre collision,,,,,,,,,,,1,2,1,1,6
200500075289,0005-11-16 09:40:00,5,11,16,9,40,750,15.0,R CAMBRONNE R DE VAUGIRA,,,Plein jour,En agglomération,Intersection en X,Pluie légère,Sans collision,,,,,,,,,,,1,2,2,2,7
200500075290,0005-11-16 19:40:00,5,11,16,19,40,750,16.0,70 AV MARCEAU,,,Nuit avec éclairage allumé,En agglomération,Hors intersection,Normale,Deux véhicules - côté,,,,,,,,,,,5,2,1,1,3
200500075291,0005-11-16 10:10:00,5,11,16,10,10,750,17.0,BD DES BATIGNOLLES PL PR,,,Plein jour,En agglomération,Intersection en X,Normale,Deux véhicules - côté,,,,,,,,,,,1,2,2,1,3
200500075292,0005-11-16 15:37:00,5,11,16,15,37,750,20.0,R DES PYRENEES CRS DE VI,,,Plein jour,En agglomération,Intersection en X,Normale,Deux véhicules - côté,,,,,,,,,,,1,2,2,1,3
200500075293,0005-11-16 17:30:00,5,11,16,17,30,750,20.0,R DES PYRENEES CRS DE VI,,,Nuit avec éclairage allumé,En agglomération,Intersection en X,Normale,Deux véhicules - côté,,,,,,,,,,,5,2,2,1,3
200500075294,0005-11-16 18:00:00,5,11,16,18,0,750,20.0,R DE BAGNOLET R DE LA PY,,,Nuit avec éclairage allumé,En agglomération,Intersection en T,Normale,Autre collision,,,,,,,,,,,5,2,3,1,6
200500075295,0005-11-17 15:15:00,5,11,17,15,15,750,17.0,AV CIM BATIGNOLLES AV PO,,,Plein jour,En agglomération,Intersection en T,Normale,Autre collision,,,,,,,,,,,1,2,3,1,6
200500075296,0005-11-17 09:00:00,5,11,17,9,0,750,19.0,BPE PANTIN VILLETTE,,,Plein jour,En agglomération,Hors intersection,Normale,Deux véhicules - côté,,,,,,,,,,,1,2,1,1,3
200500075297,0005-11-17 18:15:00,5,11,17,18,15,750,1.0,L1949 Q DES TUILERIES,,,Nuit avec éclairage allumé,En agglomération,Hors intersection,Normale,Deux véhicules - côté,,,,,,,,,,,5,2,1,1,3
200500075298,0005-11-17 22:10:00,5,11,17,22,10,750,4.0,R SAINT ANTOINE R DE SEV,,,Nuit avec éclairage allumé,En agglomération,Intersection en T,Normale,Deux véhicules - arrière,,,,,,,,,,,5,2,3,1,2
200500075299,0005-11-17 11:45:00,5,11,17,11,45,750,5.0,Q SAINT BERNARD PL VALHU,,,Plein jour,En agglomération,Intersection en X,Normale,Deux véhicules - côté,,,,,,,,,,,1,2,2,1,3
200500075300,0005-11-17 08:30:00,5,11,17,8,30,750,5.0,Q SAINT BERNARD PL VALHU,,,Plein jour,En agglomération,Intersection en X,Normale,Deux véhicules - côté,,,,,,,,,,,1,2,2,1,3
200500075301,0005-11-17 17:30:00,5,11,17,17,30,750,6.0,R DU FOUR R DE RENNES,,,Nuit avec éclairage allumé,En agglomération,Intersection en X,Normale,Autre collision,,,,,,,,,,,5,2,2,1,6
200500075302,0005-11-17 09:00:00,5,11,17,9,0,750,7.0,PT DE LA CONCORDE Q D OR,,,Plein jour,En agglomération,Intersection en X,Normale,Deux véhicules - côté,,,,,,,,,,,1,2,2,1,3
200500075303,0005-11-17 16:40:00,5,11,17,16,40,750,8.0,268 R FG SAINT HONORE,,,Plein jour,En agglomération,Hors intersection,Normale,Deux véhicules - côté,,,,,,,,,,,1,2,1,1,3
200500075304,0005-11-17 23:25:00,5,11,17,23,25,750,8.0,R DE COURCELLES PL REP E,,,Nuit avec éclairage allumé,En agglomération,Intersection en X,Normale,Deux véhicules - arrière,,,,,,,,,,,5,2,2,1,2
200500075305,0005-11-17 13:00:00,5,11,17,13,0,750,10.0,R DE LANCRY BD DE MAGENT,,,Plein jour,En agglomération,Intersection en X,Normale,Deux véhicules - côté,,,,,,,,,,,1,2,2,1,3
200500075306,0005-11-17 13:15:00,5,11,17,13,15,750,11.0,216 R FG SAINT ANTOINE,,,Plein jour,En agglomération,Hors intersection,Normale,Trois véhicules et plus - en chaîne,,,,,,,,,,,1,2,1,1,4
200500075307,0005-11-17 17:50:00,5,11,17,17,50,750,12.0,270 AV DAUMESNIL,,,Nuit avec éclairage allumé,En agglomération,Hors intersection,Normale,Deux véhicules - côté,,,,,,,,,,,5,2,1,1,3
200500075308,0005-11-17 08:30:00,5,11,17,8,30,750,12.0,L12846 AV DE NOGENT,,,Plein jour,En agglomération,Hors intersection,Normale,Deux véhicules - côté,,,,,,,,,,,1,2,1,1,3
200500075309,0005-11-17 18:00:00,5,11,17,18,0,750,12.0,38 R DE REUILLY,,,Nuit avec éclairage allumé,En agglomération,Hors intersection,Normale,Autre collision,,,,,,,,,,,5,2,1,1,6
200500075310,0005-11-17 19:40:00,5,11,17,19,40,750,15.0,AV EMILE ZOLA R TOURNUS,,,Nuit avec éclairage allumé,En agglomération,Intersection en X,Normale,Deux véhicules - côté,,,,,,,,,,,5,2,2,1,3
200500075311,0005-11-17 23:35:00,5,11,17,23,35,750,15.0,R ABBE GROULT PL ETIENNE,,,Nuit avec éclairage allumé,En agglomération,Intersection en T,Normale,Trois véhicules et plus - en chaîne,,,,,,,,,,,5,2,3,1,4
200500075312,0005-11-17 13:00:00,5,11,17,13,0,750,16.0,L14702 RTE SEVRES A NEUI,,,Plein jour,En agglomération,Hors intersection,Normale,Sans collision,,,,,,,,,,,1,2,1,1,7