accident_id,datetime,annee,mois,jour,heure,minute,departement,commune_insee,adresse,latitude,longitude,luminosite,agglomeration,intersection,meteo,collision,nb_vehicules,nb_usagers,nb_indemnes,nb_tues,nb_blesses_hosp,nb_blesses_legers,age_cond_1,age_cond_2,veh_type_cond_1,veh_type_cond_2,lum_code,agg_code,int_code,atm_code,col_code
200500075313,0005-11-17 11:20:00,5,11,17,11,20,750,16.0,AV KLEBER AV DES PORTUGA,,,Plein jour,En agglomération,Intersection en T,Normale,Trois véhicules et plus - en chaîne,,,,,,,,,,,1,2,3,1,4
200500075314,0005-11-17 08:25:00,5,11,17,8,25,750,16.0,AV D IENA PL AMIRAL DE G,,,Plein jour,En agglomération,Intersection à plus de 4 branches,Normale,Autre collision,,,,,,,,,,,1,2,5,1,6
200500075315,0005-11-18 20:00:00,5,11,18,20,0,750,5.0,R DE CANDOLLE R MONGE,,,Nuit avec éclairage allumé,En agglomération,Intersection en Y,Normale,Autre collision,,,,,,,,,,,5,2,4,1,6
200500075316,0005-11-18 08:35:00,5,11,18,8,35,750,5.0,PL MONGE R MONGE,,,Plein jour,En agglomération,Intersection en X,Normale,Deux véhicules - côté,,,,,,,,,,,1,2,2,1,3
200500075317,0005-11-18 21:50:00,5,11,18,21,50,750,6.0,R DAUPHINE R DU PONT DE,,,Nuit avec éclairage allumé,En agglomération,Intersection en T,Normale,Deux véhicules - côté,,,,,,,,,,,5,2,3,1,3
200500075318,0005-11-18 10:20:00,5,11,18,10,20,750,8.0,R DE COURCELLES PL DU PE,,,Plein jour,En agglomération,Intersection en X,Normale,Autre collision,,,,,,,,,,,1,2,2,1,6
200500075319,0005-11-18 01:25:00,5,11,18,1,25,750,9.0,R DU FG MONTMARTRE R GEO,,,Nuit avec éclairage allumé,En agglomération,Intersection en Y,Normale,Deux véhicules - côté,,,,,,,,,,,5,2,4,1,3
200500075320,0005-11-18 13:10:00,5,11,18,13,10,750,9.0,36 BD HAUSSMANN,,,Plein jour,En agglomération,Hors intersection,Normale,Autre collision,,,,,,,,,,,1,2,1,1,6
200500075321,0005-11-18 17:50:00,5,11,18,17,50,750,10.0,BD SAINT DENIS BD DE STR,,,Crépuscule ou aube,En agglomération,Intersection en X,Normale,Deux véhicules - côté,,,,,,,,,,,2,2,2,1,3
200500075322,0005-11-18 01:55:00,5,11,18,1,55,750,10.0,PL BT DE STALINGRAD R FG,,,Nuit avec éclairage allumé,En agglomération,Intersection en T,Normale,Autre collision,,,,,,,,,,,5,2,3,1,6
200500075323,0005-11-18 10:34:00,5,11,18,10,34,750,11.0,R CHEVREUL R FG SAINT AN,,,Plein jour,En agglomération,Intersection en T,Normale,Trois véhicules et plus - en chaîne,,,,,,,,,,,1,2,3,1,4
200500075324,0005-11-18 14:55:00,5,11,18,14,55,750,11.0,R LACHARRIERE BD VOLTAIR,,,Plein jour,En agglomération,Intersection en T,Normale,Deux véhicules - côté,,,,,,,,,,,1,2,3,1,3
200500075325,0005-11-18 19:50:00,5,11,18,19,50,750,11.0,R LACHARRIERE AV PARMENT,,,Nuit avec éclairage allumé,En agglomération,Intersection en X,Temps couvert,Deux véhicules - côté,,,,,,,,,,,5,2,2,8,3
200500075326,0005-11-18 10:00:00,5,11,18,10,0,750,11.0,R DE CHARONNE R FG SAINT,,,Plein jour,En agglomération,Intersection en T,Normale,Autre collision,,,,,,,,,,,1,2,3,1,6
200500075327,0005-11-18 08:40:00,5,11,18,8,40,750,11.0,232 BD VOLTAIRE,,,Plein jour,En agglomération,Hors intersection,Normale,Autre collision,,,,,,,,,,,1,2,1,1,6
200500075328,0005-11-18 22:55:00,5,11,18,22,55,750,12.0,L1130 AV PTE DE VINCENNE,,,Nuit avec éclairage allumé,En agglomération,Hors intersection,Normale,Deux véhicules - côté,,,,,,,,,,,5,2,1,1,3
200500075329,0005-11-18 23:15:00,5,11,18,23,15,750,12.0,ECH VINCENNES AV PTE DE,,,Nuit avec éclairage allumé,En agglomération,Intersection en T,Normale,Deux véhicules - arrière,,,,,,,,,,,5,2,3,1,2
200500075330,0005-11-18 15:43:00,5,11,18,15,43,750,12.0,2 AV DAUMESNIL,,,Plein jour,En agglomération,Hors intersection,Normale,Autre collision,,,,,,,,,,,1,2,1,1,6
200500075331,0005-11-18 08:50:00,5,11,18,8,50,750,15.0,R DE L AVRE BD DE GRENEL,,,Plein jour,En agglomération,Intersection en T,Normale,Autre collision,,,,,,,,,,,1,2,3,1,6
200500075332,0005-11-18 19:00:00,5,11,18,19,0,750,16.0,116 AV DU PDT KENNEDY,,,Nuit avec éclairage allumé,En agglomération,Hors intersection,Normale,Autre collision,,,,,,,,,,,5,2,1,1,6
200500075333,0005-11-18 09:05:00,5,11,18,9,5,750,16.0,SQ HENRI BATAILLE BD SUC,,,Plein jour,En agglomération,Intersection en X,Normale,Deux véhicules - côté,,,,,,,,,,,1,2,2,1,3
200500075334,0005-11-18 18:00:00,5,11,18,18,0,750,17.0,AV PTE CHAMPERRET,,,Nuit avec éclairage allumé,En agglomération,Hors intersection,Normale,Deux véhicules - côté,,,,,,,,,,,5,2,1,1,3
200500075335,0005-11-18 16:35:00,5,11,18,16,35,750,17.0,20 BD BERTHIER,,,Plein jour,En agglomération,Hors intersection,Normale,Deux véhicules - côté,,,,,,,,,,,1,2,1,1,3
200500075336,0005-11-18 15:15:00,5,11,18,15,15,750,17.0,161 R DE ROME,,,Plein jour,En agglomération,Hors intersection,Normale,Sans collision,,,,,,,,,,,1,2,1,1,7
200500075337,0005-11-18 10:20:00,5,11,18,10,20,750,18.0,BD DE CLICHY AV RACHEL,,,Plein jour,En agglomération,Intersection en T,Normale,Trois véhicules et plus - en chaîne,,,,,,,,,,,1,2,3,1,4
200500075338,0005-11-18 13:39:00,5,11,18,13,39,750,18.0,R DAMREMONT R LAMARCK,,,Plein jour,En agglomération,Intersection en X,Normale,Deux véhicules - côté,,,,,,,,,,,1,2,2,1,3
200500075339,0005-11-18 00:45:00,5,11,18,0,45,750,19.0,AV DE FLANDRE R DU MAROC,,,Nuit avec éclairage allumé,En agglomération,Intersection en X,Normale,Deux véhicules - côté,,,,,,,,,,,5,2,2,1,3
200500075340,0005-11-18 02:15:00,5,11,18,2,15,750,19.0,AV JEAN JAURES PASS DE L,,,Nuit avec éclairage allumé,En agglomération,Intersection en T,Normale,Deux véhicules - arrière,,,,,,,,,,,5,2,3,1,2
200500075341,0005-11-20 15:30:00,5,11,20,15,30,750,3.0,BD BEAUMARCHAIS R DES TO,,,Plein jour,En agglomération,Intersection en T,Normale,Deux véhicules - côté,,,,,,,,,,,1,2,3,1,3
200500075342,0005-11-20 17:09:00,5,11,20,17,9,750,4.0,10 R FRANCS BOURGEOIS,,,Crépuscule ou aube,En agglomération,Hors intersection,Normale,Autre collision,,,,,,,,,,,2,2,1,1,6
200500075343,0005-11-20 03:00:00,5,11,20,3,0,750,7.0,Q D ORSAY R R E PELTERIE,,,Nuit avec éclairage allumé,En agglomération,Intersection en T,Normale,Autre collision,,,,,,,,,,,5,2,3,1,6
200500075344,0005-11-18 22:00:00,5,11,18,22,0,750,20.0,BD DAVOUT PL PORTE BAGNO,,,Plein jour,En agglomération,Intersection en X,Normale,Deux véhicules - côté,,,,,,,,,,,1,2,2,1,3
200500075345,0005-11-19 18:20:00,5,11,19,18,20,750,1.0,R DU LOUVRE R DE RIVOLI,,,Nuit avec éclairage allumé,En agglomération,Intersection en X,Normale,Deux véhicules - côté,,,,,,,,,,,5,2,2,1,3
200500075346,0005-11-20 14:35:00,5,11,20,14,35,750,12.0,RTE ROYALE DE BEAUTE,,,Plein jour,En agglomération,Hors intersection,Normale,Autre collision,,,,,,,,,,,1,2,1,1,6
200500075347,0005-11-19 10:20:00,5,11,19,10,20,750,4.0,PL DE LA BASTILLE R SAIN,,,Plein jour,En agglomération,Intersection à plus de 4 branches,Temps couvert,Deux véhicules - côté,,,,,,,,,,,1,2,5,8,3
200500075348,0005-11-20 14:55:00,5,11,20,14,55,750,12.0,R NICOLAI R DE WATTIGNIE,,,Plein jour,En agglomération,Intersection en X,Normale,Deux véhicules - côté,,,,,,,,,,,1,2,2,1,3
200500075349,0005-11-19 11:45:00,5,11,19,11,45,750,7.0,R AMELIE R DE GRENELLE,,,Plein jour,En agglomération,Intersection en X,Normale,Autre collision,,,,,,,,,,,1,2,2,1,6
200500075350,0005-11-20 17:06:00,5,11,20,17,6,750,13.0,16 AV LEON BOLLEE,,,Nuit avec éclairage allumé,En agglomération,Hors intersection,Normale,Autre collision,,,,,,,,,,,5,2,1,1,6
200500075351,0005-11-19 05:20:00,5,11,19,5,20,750,7.0,19 AV BOSQUET,,,Nuit avec éclairage allumé,En agglomération,Hors intersection,Normale,Autre collision,,,,,,,,,,,5,2,1,1,6
200500075352,0005-11-19 21:20:00,5,11,19,21,20,750,8.0,BD DE COURCELLES R DE MI,,,Nuit avec éclairage allumé,En agglomération,Intersection en X,Normale,Deux véhicules - côté,,,,,,,,,,,5,2,2,1,3
200500075353,0005-11-19 08:50:00,5,11,19,8,50,750,11.0,PL DE LA BASTILLE R FG S,,,Plein jour,En agglomération,Intersection en T,Normale,Deux véhicules - côté,,,,,,,,,,,1,2,3,1,3
200500075354,0005-11-19 10:38:00,5,11,19,10,38,750,12.0,AV DAUMESNIL BD SOULT,,,Plein jour,En agglomération,Intersection en X,Normale,Autre collision,,,,,,,,,,,1,2,2,1,6
200500075355,0005-11-20 00:30:00,5,11,20,0,30,750,14.0,R CASSINI AV DENF ROCHER,,,Nuit avec éclairage allumé,En agglomération,Intersection en T,Normale,Deux véhicules - côté,,,,,,,,,,,5,2,3,1,3
200500075356,0005-11-19 18:20:00,5,11,19,18,20,750,12.0,R DE BERCY R VILLIOT,,,Nuit avec éclairage allumé,En agglomération,Intersection en X,Normale,Deux véhicules - côté,,,,,,,,,,,5,2,2,1,3
200500075357,0005-11-19 15:20:00,5,11,19,15,20,750,14.0,270 BD RASPAIL,,,Plein jour,En agglomération,Hors intersection,Normale,Deux véhicules - côté,,,,,,,,,,,1,2,1,1,3
200500075358,0005-11-20 20:40:00,5,11,20,20,40,750,15.0,36 BD LEFEBVRE,,,Nuit avec éclairage allumé,En agglomération,Hors intersection,Normale,Sans collision,,,,,,,,,,,5,2,1,1,7
200500075359,0005-11-20 14:10:00,5,11,20,14,10,750,15.0,PL D ALLERAY R SAINT AMA,,,Plein jour,En agglomération,Intersection à plus de 4 branches,Normale,Deux véhicules - côté,,,,,,,,,,,1,2,5,1,3
200500075360,0005-11-20 15:05:00,5,11,20,15,5,750,16.0,BD EXELMANS R MICHEL ANG,,,Plein jour,En agglomération,Intersection en X,Normale,Autre collision,,,,,,,,,,,1,2,2,1,6
200500075361,0005-11-19 01:05:00,5,11,19,1,5,750,17.0,38 R LAUGIER,,,Nuit avec éclairage allumé,En agglomération,Hors intersection,Normale,Autre collision,,,,,,,,,,,5,2,1,1,6
200500075362,0005-11-19 06:45:00,5,11,19,6,45,750,17.0,PL DES TERNES AV DE WAGR,,,Nuit avec éclairage allumé,En agglomération,Intersection en T,Normale,Sans collision,,,,,,,,,,,5,2,3,1,7
200500075363,0005-11-19 14:30:00,5,11,19,14,30,750,18.0,R GEORGETTE AGUTTE R VAU,,,Plein jour,En agglomération,Intersection en X,Normale,Sans collision,,,,,,,,,,,1,2,2,1,7
200500075364,0005-11-20 18:20:00,5,11,20,18,20,750,18.0,R DOUDEAUVILLE R STEPHEN,,,Nuit avec éclairage allumé,En agglomération,Intersection en X,Normale,Autre collision,,,,,,,,,,,5,2,2,1,6
200500075365,0005-11-20 18:15:00,5,11,20,18,15,750,20.0,R D AVRON R PLANCHAT,,,Nuit avec éclairage allumé,En agglomération,Intersection en T,Normale,Deux véhicules - côté,,,,,,,,,,,5,2,3,1,3
200500075366,0005-11-21 13:00:00,5,11,21,13,0,750,19.0,R BOTZARIS R DE LA VILLE,,,Plein jour,En agglomération,Intersection en T,Normale,Autre collision,,,,,,,,,,,1,2,3,1,6
200500075367,0005-11-21 08:45:00,5,11,21,8,45,750,17.0,PL DES TERNES AV DE WAGR,,,Plein jour,En agglomération,Intersection en T,Normale,Trois véhicules et plus - en chaîne,,,,,,,,,,,1,2,3,1,4
200500075368,0005-11-21 13:15:00,5,11,21,13,15,750,17.0,AV DE CLICHY R EMILE LEV,,,Plein jour,En agglomération,Intersection en T,Normale,Deux véhicules - côté,,,,,,,,,,,1,2,3,1,3
200500075369,0005-11-21 19:15:00,5,11,21,19,15,750,5.0,R DE L ESSAI BD SAINT MA,,,Nuit avec éclairage allumé,En agglomération,Intersection en T,Normale,Autre collision,,,,,,,,,,,5,2,3,1,6
200500075370,0005-11-21 17:50:00,5,11,21,17,50,750,6.0,132 BD SAINT GERMAIN,,,Nuit avec éclairage allumé,En agglomération,Hors intersection,Normale,Autre collision,,,,,,,,,,,5,2,1,1,6
200500075371,0005-11-21 16:53:00,5,11,21,16,53,750,7.0,Q BRANLY,,,Plein jour,En agglomération,Hors intersection,Normale,Trois véhicules et plus - en chaîne,,,,,,,,,,,1,2,1,1,4
200500075372,0005-11-20 18:20:00,5,11,20,18,20,750,7.0,AV LA MOTTE PICQUET BD L,,,Nuit avec éclairage allumé,En agglomération,Intersection en X,Normale,Autre collision,,,,,,,,,,,5,2,2,1,6
200500075373,0005-11-21 14:52:00,5,11,21,14,52,750,8.0,R DE BASSANO R MAGELLAN,,,Plein jour,En agglomération,Intersection en Y,Normale,Autre collision,,,,,,,,,,,1,2,4,1,6
200500075374,0005-11-21 14:20:00,5,11,21,14,20,750,9.0,R GERANDO BD DE ROCHECHO,,,Plein jour,En agglomération,Intersection en Y,Normale,Deux véhicules - côté,,,,,,,,,,,1,2,4,1,3
200500075375,0005-11-21 18:10:00,5,11,21,18,10,750,9.0,21 R FG POISSONNIERE,,,Nuit avec éclairage allumé,En agglomération,Hors intersection,Normale,Autre collision,,,,,,,,,,,5,2,1,1,6
200500075376,0005-11-21 21:10:00,5,11,21,21,10,750,10.0,R GABRIEL LAUMAIN R D HA,,,Nuit avec éclairage allumé,En agglomération,Intersection en T,Normale,Sans collision,,,,,,,,,,,5,2,3,1,7
200500075377,0005-11-21 09:10:00,5,11,21,9,10,750,10.0,9 BD DE LA CHAPELLE,,,Plein jour,En agglomération,Hors intersection,Normale,Sans collision,,,,,,,,,,,1,2,1,1,7
200500075378,0005-11-21 13:15:00,5,11,21,13,15,750,10.0,AV CLAUDE VELLEFAUX PL C,,,Plein jour,En agglomération,Intersection en T,Normale,Autre collision,,,,,,,,,,,1,2,3,1,6
200500075379,0005-11-21 10:50:00,5,11,21,10,50,750,11.0,50 R RICHARD LENOIR,,,Plein jour,En agglomération,Hors intersection,Normale,Deux véhicules - côté,,,,,,,,,,,1,2,1,1,3
200500075380,0005-11-21 15:25:00,5,11,21,15,25,750,11.0,R FROMENT PASS SALARNIER,,,Plein jour,En agglomération,Intersection en T,Normale,Autre collision,,,,,,,,,,,1,2,3,1,6
200500075381,0005-11-21 13:00:00,5,11,21,13,0,750,11.0,BD DE CHARONNE R DE CHAR,,,Plein jour,En agglomération,Intersection en X,Normale,Autre collision,,,,,,,,,,,1,2,2,1,6
200500075382,0005-11-21 09:05:00,5,11,21,9,5,750,12.0,AV DE GRAVELLE RTE DE LA,,,Plein jour,En agglomération,Intersection en Y,Normale,Deux véhicules - côté,,,,,,,,,,,1,2,4,1,3
200500075383,0005-11-21 18:25:00,5,11,21,18,25,750,15.0,R D ALENCON AV DU MAINE,,,Nuit avec éclairage allumé,En agglomération,Intersection en Y,Normale,Deux véhicules - côté,,,,,,,,,,,5,2,4,1,3
200500075384,0005-11-21 15:30:00,5,11,21,15,30,750,15.0,6 R DANTZIG,,,Plein jour,En agglomération,Hors intersection,Normale,Autre collision,,,,,,,,,,,1,2,1,1,6
200500075385,0005-11-21 17:15:00,5,11,21,17,15,750,17.0,56 R JOUFFR D ABBANS,,,Plein jour,En agglomération,Hors intersection,Normale,Autre collision,,,,,,,,,,,1,2,1,1,6
200500075386,0005-11-21 20:30:00,5,11,21,20,30,750,17.0,R CAPORAL PEUGEOT R JACQ,,,Nuit avec éclairage allumé,En agglomération,Intersection en T,Normale,Sans collision,,,,,,,,,,,5,2,3,1,7
200500075387,0005-11-21 14:30:00,5,11,21,14,30,750,18.0,R DE LA CHAPELLE R DE TO,,,Plein jour,En agglomération,Intersection en T,Normale,Deux véhicules - arrière,,,,,,,,,,,1,2,3,1,2
200500075388,0005-11-21 18:30:00,5,11,21,18,30,750,18.0,12 R TRISTAN TZARA,,,Nuit avec éclairage allumé,En agglomération,Hors intersection,Normale,Deux véhicules - côté,,,,,,,,,,,5,2,1,1,3
200500075389,0005-11-21 00:25:00,5,11,21,0,25,750,19.0,AV DE FLANDRE R RIQUET,,,Nuit avec éclairage allumé,En agglomération,Intersection en T,Brouillard / fumée,Deux véhicules - côté,,,,,,,,,,,5,2,3,5,3
200500075390,0005-11-22 02:30:00,5,11,22,2,30,750,1.0,R AMIRAL COLIGNY QU DU L,,,Nuit avec éclairage allumé,En agglomération,Intersection en X,Normale,Deux véhicules - côté,,,,,,,,,,,5,2,2,1,3
200500075391,0005-11-22 11:15:00,5,11,22,11,15,750,2.0,R REAUMUR BD SEBASTOPOL,,,Plein jour,En agglomération,Intersection en X,Normale,Deux véhicules - arrière,,,,,,,,,,,1,2,2,1,2
200500075392,0005-11-22 21:10:00,5,11,22,21,10,750,3.0,BD BEAUMARCHAIS R ST CLA,,,Nuit avec éclairage allumé,En agglomération,Intersection en T,Normale,Deux véhicules - arrière,,,,,,,,,,,5,2,3,1,2
200500075393,0005-11-22 19:05:00,5,11,22,19,5,750,5.0,AV OBSERVATOIRE BD ST MI,,,Nuit avec éclairage allumé,En agglomération,Intersection en Y,Normale,Deux véhicules - arrière,,,,,,,,,,,5,2,4,1,2
200500075394,0005-11-22 12:00:00,5,11,22,12,0,750,7.0,13 PL JOFFRE,,,Plein jour,En agglomération,Hors intersection,Normale,Deux véhicules - arrière,,,,,,,,,,,1,2,1,1,2
200500075395,0005-11-22 12:40:00,5,11,22,12,40,750,7.0,15 QU VOLTAIRE,,,Plein jour,En agglomération,Hors intersection,Normale,Trois véhicules et plus - en chaîne,,,,,,,,,,,1,2,1,1,4
200500075396,0005-11-22 16:15:00,5,11,22,16,15,750,8.0,88 BD MALESHERBES,,,Plein jour,En agglomération,Hors intersection,Normale,Deux véhicules - côté,,,,,,,,,,,1,2,1,1,3
200500075397,0005-11-22 18:30:00,5,11,22,18,30,750,9.0,42 BD HAUSSMANN,,,Nuit avec éclairage allumé,En agglomération,Hors intersection,Normale,Autre collision,,,,,,,,,,,5,2,1,1,6
200500075398,0005-11-22 14:30:00,5,11,22,14,30,750,10.0,23 BD MAGENTA,,,Plein jour,En agglomération,Hors intersection,Normale,Deux véhicules - côté,,,,,,,,,,,1,2,1,1,3
200500075399,0005-11-22 14:30:00,5,11,22,14,30,750,10.0,170 R FG ST MARTIN,,,Plein jour,En agglomération,Hors intersection,Normale,Autre collision,,,,,,,,,,,1,2,1,1,6
200500075400,0005-11-22 18:20:00,5,11,22,18,20,750,10.0,41 BD CHAPELLE,,,Nuit avec éclairage allumé,En agglomération,Hors intersection,Normale,Autre collision,,,,,,,,,,,5,2,1,1,6
200500075401,0005-11-22 19:15:00,5,11,22,19,15,750,10.0,R CHATEAU LANDON R LA FA,,,Nuit avec éclairage allumé,En agglomération,Intersection en X,Normale,Deux véhicules - côté,,,,,,,,,,,5,2,2,1,3
200500075402,0005-11-22 08:00:00,5,11,22,8,0,750,11.0,70 BD VOLTAIRE,,,Nuit avec éclairage allumé,En agglomération,Hors intersection,Normale,Deux véhicules - arrière,,,,,,,,,,,5,2,1,1,2
200500075403,0005-11-22 22:45:00,5,11,22,22,45,750,11.0,R CHARONNE AV LEDRU ROLL,,,Nuit avec éclairage allumé,En agglomération,Intersection en X,Normale,Deux véhicules - côté,,,,,,,,,,,5,2,2,1,3
200500075404,0005-11-22 11:25:00,5,11,22,11,25,750,11.0,AV PARMENTIER AV REPUBLI,,,Plein jour,En agglomération,Intersection en X,Normale,Deux véhicules - côté,,,,,,,,,,,1,2,2,1,3
200500075405,0005-11-22 13:00:00,5,11,22,13,0,750,11.0,R OBERKAMPF R ST MAUR,,,Plein jour,En agglomération,Intersection en X,Normale,Deux véhicules - côté,,,,,,,,,,,1,2,2,1,3
200500075406,0005-11-23 09:30:00,5,11,23,9,30,750,12.0,R E LARTET BD DE LA GUYA,,,Plein jour,En agglomération,Intersection en X,Normale,Autre collision,,,,,,,,,,,1,2,2,1,6
200500075407,0005-11-22 12:05:00,5,11,22,12,5,750,13.0,AV DE FRANCE R DE TOLBIA,,,Plein jour,En agglomération,Intersection en X,Normale,Deux véhicules - côté,,,,,,,,,,,1,2,2,1,3
200500075408,0005-11-22 07:45:00,5,11,22,7,45,750,13.0,144 R DE TOLBIAC,,,Nuit avec éclairage allumé,En agglomération,Hors intersection,Normale,Autre collision,,,,,,,,,,,5,2,1,1,6
200500075409,0005-11-22 13:05:00,5,11,22,13,5,750,13.0,AV DE FRANCE R DE TOLBIA,,,Plein jour,En agglomération,Intersection en X,Normale,Deux véhicules - côté,,,,,,,,,,,1,2,2,1,3
200500075410,0005-11-22 08:10:00,5,11,22,8,10,750,15.0,118 AV FELIX FAURE,,,Crépuscule ou aube,En agglomération,Hors intersection,Normale,Autre collision,,,,,,,,,,,2,2,1,1,6
200500075411,0005-11-22 16:25:00,5,11,22,16,25,750,15.0,R ARMORIQUE R ARSONVAL,,,Plein jour,En agglomération,Intersection en T,Normale,Deux véhicules - côté,,,,,,,,,,,1,2,3,1,3
200500075412,0005-11-22 09:25:00,5,11,22,9,25,750,16.0,AV PDT KENNEDY VO G POMP,,,Plein jour,En agglomération,Intersection en Y,Normale,Autre collision,,,,,,,,,,,1,2,4,1,6
200500075413,0005-11-22 09:35:00,5,11,22,9,35,750,16.0,AV PTE AUTEUIL ECH AUTEU,,,Plein jour,En agglomération,Intersection en T,Normale,Deux véhicules - côté,,,,,,,,,,,1,2,3,1,3
200500075414,0005-11-22 12:15:00,5,11,22,12,15,750,16.0,26 AV DODE DE LA BRUNERI,,,Plein jour,En agglomération,Hors intersection,Normale,Autre collision,,,,,,,,,,,1,2,1,1,6
200500075415,0005-11-22 15:15:00,5,11,22,15,15,750,16.0,L10184 AV EDOUARD VAILLA,,,Plein jour,En agglomération,Hors intersection,Normale,Deux véhicules - côté,,,,,,,,,,,1,2,1,1,3
200500075416,0005-11-22 20:00:00,5,11,22,20,0,750,17.0,134 BD MALESHERBES,,,Nuit avec éclairage allumé,En agglomération,Hors intersection,Normale,Deux véhicules - arrière,,,,,,,,,,,5,2,1,1,2
200500075417,0005-11-22 09:05:00,5,11,22,9,5,750,18.0,AV PTE LA CHAPELLE,,,Plein jour,En agglomération,Hors intersection,Normale,Deux véhicules - côté,,,,,,,,,,,1,2,1,1,3
200500075418,0005-11-22 17:30:00,5,11,22,17,30,750,18.0,90 R DE LA CHAPELLE,,,Nuit avec éclairage allumé,En agglomération,Hors intersection,Normale,Deux véhicules - côté,,,,,,,,,,,5,2,1,1,3
200500075419,0005-11-23 10:55:00,5,11,23,10,55,750,1.0,172 R DE RIVOLI,,,Plein jour,En agglomération,Hors intersection,Normale,Autre collision,,,,,,,,,,,1,2,1,1,6
200500075420,0005-11-23 18:35:00,5,11,23,18,35,750,2.0,38 AV OPERA,,,Nuit avec éclairage allumé,En agglomération,Hors intersection,Normale,Sans collision,,,,,,,,,,,5,2,1,1,7
200500075421,0005-11-23 11:20:00,5,11,23,11,20,750,4.0,R DU PETIT MUSC R ST ANT,,,Plein jour,En agglomération,Intersection en X,Normale,Deux véhicules - arrière,,,,,,,,,,,1,2,2,1,2
200500075422,0005-11-23 15:30:00,5,11,23,15,30,750,4.0,4 QU DE GESVRES,,,Plein jour,En agglomération,Hors intersection,Normale,Deux véhicules - côté,,,,,,,,,,,1,2,1,1,3
200500075423,0005-11-23 11:00:00,5,11,23,11,0,750,4.0,68 R SAINT ANTOINE,,,Plein jour,En agglomération,Hors intersection,Normale,Autre collision,,,,,,,,,,,1,2,1,1,6
200500075424,0005-11-23 17:20:00,5,11,23,17,20,750,6.0,R GREGOIRE DE TOURS BD S,,,Nuit avec éclairage allumé,En agglomération,Intersection en X,Normale,Autre collision,,,,,,,,,,,5,2,2,1,6
200500075425,0005-11-23 07:50:00,5,11,23,7,50,750,7.0,16 BD TOUR MAUBOURG,,,Nuit avec éclairage allumé,En agglomération,Hors intersection,Normale,Autre collision,,,,,,,,,,,5,2,1,1,6
200500075426,0005-11-23 12:15:00,5,11,23,12,15,750,7.0,288 BD ST GERMAIN,,,Plein jour,En agglomération,Hors intersection,Normale,Autre collision,,,,,,,,,,,1,2,1,1,6
200500075427,0005-11-23 09:30:00,5,11,23,9,30,750,8.0,PL DE LA CONCORDE,,,Plein jour,En agglomération,Hors intersection,Normale,Deux véhicules - côté,,,,,,,,,,,1,2,1,1,3
200500075428,0005-11-23 19:15:00,5,11,23,19,15,750,8.0,PL CONCORDE R ROYALE,,,Nuit avec éclairage allumé,En agglomération,Intersection en X,Normale,Autre collision,,,,,,,,,,,5,2,2,1,6
200500075429,0005-11-23 16:00:00,5,11,23,16,0,750,9.0,8 R DE MAUBEUGE,,,Plein jour,En agglomération,Hors intersection,Normale,Autre collision,,,,,,,,,,,1,2,1,1,6
200500075430,0005-11-23 16:05:00,5,11,23,16,5,750,9.0,R DE CHATEAUDUN R LA FAY,,,Plein jour,En agglomération,Intersection en X,Normale,Autre collision,,,,,,,,,,,1,2,2,1,6
200500075431,0005-11-23 13:25:00,5,11,23,13,25,750,9.0,12 R HALEVY,,,Plein jour,En agglomération,Hors intersection,Normale,Autre collision,,,,,,,,,,,1,2,1,1,6
200500075432,0005-11-23 23:45:00,5,11,23,23,45,750,9.0,72 R DE ROCHECHOUART,,,Nuit avec éclairage allumé,En agglomération,Hors intersection,Normale,Deux véhicules - côté,,,,,,,,,,,5,2,1,1,3
200500075433,0005-11-23 19:35:00,5,11,23,19,35,750,11.0,46 AV PARMENTIER,,,Nuit avec éclairage allumé,En agglomération,Hors intersection,Normale,Trois véhicules et plus - en chaîne,,,,,,,,,,,5,2,1,1,4
200500075434,0005-11-23 22:10:00,5,11,23,22,10,750,11.0,56 AV REPUBLIQUE,,,Nuit avec éclairage allumé,En agglomération,Hors intersection,Normale,Autre collision,,,,,,,,,,,5,2,1,1,6
200500075435,0005-11-23 18:35:00,5,11,23,18,35,750,14.0,L11281 R DU CHATEAU,,,Nuit avec éclairage allumé,En agglomération,Hors intersection,Normale,Deux véhicules - côté,,,,,,,,,,,5,2,1,1,3
200500075436,0005-11-23 05:35:00,5,11,23,5,35,750,14.0,L11280 PL MARTYRS BUFFON,,,Nuit avec éclairage allumé,En agglomération,Hors intersection,Normale,Autre collision,,,,,,,,,,,5,2,1,1,6
200500075437,0005-11-23 12:00:00,5,11,23,12,0,750,14.0,80 AV DENFERT ROCHEREAU,,,Plein jour,En agglomération,Hors intersection,Normale,Autre collision,,,,,,,,,,,1,2,1,1,6
200500075438,0005-11-23 13:50:00,5,11,23,13,50,750,14.0,100 AV GENERAL LECLERC,,,Plein jour,En agglomération,Hors intersection,Normale,Autre collision,,,,,,,,,,,1,2,1,1,6
200500075439,0005-11-23 22:25:00,5,11,23,22,25,750,16.0,PL PTE DE ST CLOUD,,,Nuit avec éclairage allumé,En agglomération,Hors intersection,Normale,Autre collision,,,,,,,,,,,5,2,1,1,6
200500075440,0005-11-23 09:00:00,5,11,23,9,0,750,18.0,R CAULAINCOURT R JUNOT,,,Plein jour,En agglomération,Intersection en Y,Normale,Deux véhicules - côté,,,,,,,,,,,1,2,4,1,3
200500075441,0005-11-23 14:30:00,5,11,23,14,30,750,18.0,62 R DE LA CHAPELLE,,,Plein jour,En agglomération,Hors intersection,Normale,Autre collision,,,,,,,,,,,1,2,1,1,6