accident_id,datetime,annee,mois,jour,heure,minute,departement,commune_insee,adresse,latitude,longitude,luminosite,agglomeration,intersection,meteo,collision,nb_vehicules,nb_usagers,nb_indemnes,nb_tues,nb_blesses_hosp,nb_blesses_legers,age_cond_1,age_cond_2,veh_type_cond_1,veh_type_cond_2,lum_code,agg_code,int_code,atm_code,col_code
200500075442,0005-11-23 14:00:00,5,11,23,14,0,750,19.0,R DES BOIS BD SERURIER,,,Plein jour,En agglomération,Intersection en Y,Normale,Autre collision,,,,,,,,,,,1,2,4,1,6
200500075443,0005-11-23 08:20:00,5,11,23,8,20,750,20.0,BD DAVOUT R ORTEAUX,,,Plein jour,En agglomération,Intersection en X,Normale,Deux véhicules - côté,,,,,,,,,,,1,2,2,1,3
200500075444,0005-11-24 16:15:00,5,11,24,16,15,750,12.0,104 AV DAUMESNIL,,,Plein jour,En agglomération,Hors intersection,Temps couvert,Deux véhicules - côté,,,,,,,,,,,1,2,1,8,3
200500075445,0005-11-24 14:00:00,5,11,24,14,0,750,9.0,120 BD DE CLICHY,,,Plein jour,En agglomération,Hors intersection,Pluie légère,Autre collision,,,,,,,,,,,1,2,1,2,6
200500075446,0005-11-24 22:25:00,5,11,24,22,25,750,2.0,BD POISSONNIERE R POISSO,,,Nuit avec éclairage allumé,En agglomération,Intersection en X,Pluie légère,Autre collision,,,,,,,,,,,5,2,2,2,6
200500075447,0005-11-24 17:10:00,5,11,24,17,10,750,5.0,116 R MONGE,,,Nuit avec éclairage allumé,En agglomération,Hors intersection,Pluie légère,Sans collision,,,,,,,,,,,5,2,1,2,7
200500075448,0005-11-24 18:00:00,5,11,24,18,0,750,5.0,R LACEPEDE R MONGE,,,Nuit avec éclairage allumé,En agglomération,Intersection en X,Pluie légère,Autre collision,,,,,,,,,,,5,2,2,2,6
200500075449,0005-11-24 20:30:00,5,11,24,20,30,750,6.0,R DU CHERCHE MIDI BD DU,,,Nuit avec éclairage allumé,En agglomération,Intersection en X,Pluie légère,Autre collision,,,,,,,,,,,5,2,2,2,6
200500075450,0005-11-24 22:25:00,5,11,24,22,25,750,7.0,BD RASPAIL R DE SEVRES,,,Nuit avec éclairage allumé,En agglomération,Intersection en X,Normale,Deux véhicules - côté,,,,,,,,,,,5,2,2,1,3
200500075451,0005-11-24 17:20:00,5,11,24,17,20,750,7.0,22 AV DE SUFFREN,,,Nuit avec éclairage allumé,En agglomération,Hors intersection,Pluie forte,Deux véhicules - frontale,,,,,,,,,,,5,2,1,3,1
200500075452,0005-11-24 19:15:00,5,11,24,19,15,750,8.0,AV DELCASSE R DE PENTHIE,,,Nuit avec éclairage allumé,En agglomération,Intersection en X,Pluie légère,Autre collision,,,,,,,,,,,5,2,2,2,6
200500075453,0005-11-24 20:15:00,5,11,24,20,15,750,8.0,RP DES CHAMPS ELYSEES AV,,,Nuit avec éclairage allumé,En agglomération,Intersection en X,Pluie légère,Deux véhicules - côté,,,,,,,,,,,5,2,2,2,3
200500075454,0005-11-24 07:50:00,5,11,24,7,50,750,11.0,PL DE LA BASTILLE BD RIC,,,Plein jour,En agglomération,Intersection en X,Normale,Sans collision,,,,,,,,,,,1,2,2,1,7
200500075455,0005-11-24 14:35:00,5,11,24,14,35,750,11.0,14 AV PARMENTIER,,,Plein jour,En agglomération,Hors intersection,Pluie légère,Deux véhicules - côté,,,,,,,,,,,1,2,1,2,3
200500075456,0005-11-24 20:00:00,5,11,24,20,0,750,11.0,6 BD DES FILLES DU CALVA,,,Nuit avec éclairage allumé,En agglomération,Hors intersection,Pluie légère,Autre collision,,,,,,,,,,,5,2,1,2,6
200500075457,0005-11-24 16:15:00,5,11,24,16,15,750,11.0,AV LEDRU ROLLIN R DE CHA,,,Plein jour,En agglomération,Intersection en X,Normale,Autre collision,,,,,,,,,,,1,2,2,1,6
200500075458,0005-11-24 22:40:00,5,11,24,22,40,750,13.0,BD ARAGO R DE LA GLACIER,,,Nuit avec éclairage allumé,En agglomération,Intersection en X,Pluie légère,Deux véhicules - côté,,,,,,,,,,,5,2,2,2,3
200500075459,0005-11-24 20:35:00,5,11,24,20,35,750,13.0,34 R DE TOLBIAC,,,Nuit avec éclairage allumé,En agglomération,Hors intersection,Pluie légère,Autre collision,,,,,,,,,,,5,2,1,2,6
200500075460,0005-11-24 09:25:00,5,11,24,9,25,750,14.0,44 R DES PLANTES,,,Plein jour,En agglomération,Hors intersection,Normale,Deux véhicules - côté,,,,,,,,,,,1,2,1,1,3
200500075461,0005-11-24 16:00:00,5,11,24,16,0,750,14.0,231 R VERCINGETORIX,,,Plein jour,En agglomération,Hors intersection,Normale,Sans collision,,,,,,,,,,,1,2,1,1,7
200500075462,0005-11-24 19:15:00,5,11,24,19,15,750,14.0,222 BD RASPAIL,,,Nuit avec éclairage allumé,En agglomération,Hors intersection,Pluie légère,Autre collision,,,,,,,,,,,5,2,1,2,6
200500075463,0005-11-24 20:30:00,5,11,24,20,30,750,14.0,266 BD RASPAIL,,,Nuit avec éclairage allumé,En agglomération,Hors intersection,Pluie légère,Autre collision,,,,,,,,,,,5,2,1,2,6
200500075464,0005-11-24 14:25:00,5,11,24,14,25,750,15.0,80 BD GARIBALDI,,,Plein jour,En agglomération,Hors intersection,Normale,Autre collision,,,,,,,,,,,1,2,1,1,6
200500075465,0005-11-24 10:00:00,5,11,24,10,0,750,15.0,L10375 PO DE GRENELLE,,,Plein jour,En agglomération,Hors intersection,Normale,Deux véhicules - côté,,,,,,,,,,,1,2,1,1,3
200500075466,0005-11-24 10:05:00,5,11,24,10,5,750,16.0,120 AV KLEBER,,,Plein jour,En agglomération,Hors intersection,Normale,Deux véhicules - côté,,,,,,,,,,,1,2,1,1,3
200500075467,0005-11-24 10:25:00,5,11,24,10,25,750,16.0,PL DE MEXICO R DES SABLO,,,Plein jour,En agglomération,Intersection en T,Normale,Autre collision,,,,,,,,,,,1,2,3,1,6
200500075468,0005-11-24 20:45:00,5,11,24,20,45,750,16.0,AV ALBERT DE MUN AV D IE,,,Nuit avec éclairage allumé,En agglomération,Intersection en X,Pluie légère,Deux véhicules - côté,,,,,,,,,,,5,2,2,2,3
200500075469,0005-11-24 12:34:00,5,11,24,12,34,750,16.0,AV KLEBER R DE LONGCHAMP,,,Plein jour,En agglomération,Intersection en X,Normale,Deux véhicules - côté,,,,,,,,,,,1,2,2,1,3
200500075470,0005-11-24 19:56:00,5,11,24,19,56,750,16.0,AV NATIONS UNIES PL VARS,,,Nuit avec éclairage allumé,En agglomération,Intersection en X,Pluie légère,Autre collision,,,,,,,,,,,5,2,2,2,6
200500075471,0005-11-24 08:20:00,5,11,24,8,20,750,17.0,92 R DE TOCQUEVILLE,,,Plein jour,En agglomération,Hors intersection,Normale,Autre collision,,,,,,,,,,,1,2,1,1,6
200500075472,0005-11-24 19:45:00,5,11,24,19,45,750,17.0,BD BERTHIER R DE COURCEL,,,Nuit avec éclairage allumé,En agglomération,Intersection en X,Pluie légère,Autre collision,,,,,,,,,,,5,2,2,2,6
200500075473,0005-11-24 20:10:00,5,11,24,20,10,750,17.0,12 R AMPERE,,,Nuit avec éclairage allumé,En agglomération,Hors intersection,Pluie légère,Deux véhicules - côté,,,,,,,,,,,5,2,1,2,3
200500075474,0005-11-24 11:00:00,5,11,24,11,0,750,18.0,54 BD DE CLICHY,,,Plein jour,En agglomération,Hors intersection,Normale,Autre collision,,,,,,,,,,,1,2,1,1,6
200500075475,0005-11-24 19:20:00,5,11,24,19,20,750,19.0,234 R DE CRIMEE,,,Nuit avec éclairage allumé,En agglomération,Hors intersection,Pluie forte,Autre collision,,,,,,,,,,,5,2,1,3,6
200500075476,0005-11-24 19:30:00,5,11,24,19,30,750,19.0,110 BD MAC DONALD,,,Nuit avec éclairage allumé,En agglomération,Hors intersection,Pluie forte,Deux véhicules - arrière,,,,,,,,,,,5,2,1,3,2
200500075477,0005-11-25 08:05:00,5,11,25,8,5,750,2.0,BD ST DENIS R ST DENIS,,,Nuit avec éclairage allumé,En agglomération,Intersection en T,Normale,Autre collision,,,,,,,,,,,5,2,3,1,6
200500075478,0005-11-25 12:24:00,5,11,25,12,24,750,3.0,24 AV DE TURENNE,,,Plein jour,En agglomération,Hors intersection,Normale,Sans collision,,,,,,,,,,,1,2,1,1,7
200500075479,0005-11-25 17:45:00,5,11,25,17,45,750,6.0,R RACINE BD ST MICHEL,,,Nuit avec éclairage allumé,En agglomération,Intersection à plus de 4 branches,Pluie forte,Trois véhicules et plus - en chaîne,,,,,,,,,,,5,2,5,3,4
200500075480,0005-11-25 09:20:00,5,11,25,9,20,750,8.0,VERD ALEXANDRE III CONCO,,,Plein jour,En agglomération,Hors intersection,Normale,Sans collision,,,,,,,,,,,1,2,1,1,7
200500075481,0005-11-25 15:30:00,5,11,25,15,30,750,8.0,16 AV DE WAGRAM,,,Plein jour,En agglomération,Hors intersection,Pluie légère,Deux véhicules - arrière,,,,,,,,,,,1,2,1,2,2
200500075482,0005-11-25 17:15:00,5,11,25,17,15,750,10.0,R LA FAYETTE R LOUIS BLA,,,Crépuscule ou aube,En agglomération,Intersection en X,Normale,Deux véhicules - côté,,,,,,,,,,,2,2,2,1,3
200500075483,0005-11-25 10:35:00,5,11,25,10,35,750,10.0,16 BD ST DENIS,,,Plein jour,En agglomération,Hors intersection,Normale,Deux véhicules - arrière,,,,,,,,,,,1,2,1,1,2
200500075484,0005-11-25 14:40:00,5,11,25,14,40,750,11.0,R OBERKAMPF BD VOLTAIRE,,,Plein jour,En agglomération,Intersection en X,Normale,Deux véhicules - côté,,,,,,,,,,,1,2,2,1,3
200500075485,0005-11-25 15:20:00,5,11,25,15,20,750,11.0,19 AV DE LA REPUBLIQUE,,,Plein jour,En agglomération,Hors intersection,Normale,Autre collision,,,,,,,,,,,1,2,1,1,6
200500075486,0005-11-25 09:30:00,5,11,25,9,30,750,11.0,R GUENOT BD VOLTAIRE,,,Plein jour,En agglomération,Intersection en T,Temps couvert,Sans collision,,,,,,,,,,,1,2,3,8,7
200500075487,0005-11-25 07:40:00,5,11,25,7,40,750,12.0,AV DE GRAVELLE RTE DU PE,,,Crépuscule ou aube,En agglomération,Intersection en Y,Normale,Sans collision,,,,,,,,,,,2,2,4,1,7
200500075488,0005-11-26 11:40:00,5,11,26,11,40,750,2.0,R DUSSOUBS R REAUMUR,,,Plein jour,En agglomération,Intersection en X,Neige / grêle,Deux véhicules - côté,,,,,,,,,,,1,2,2,4,3
200500075489,0005-11-25 12:55:00,5,11,25,12,55,750,13.0,R COYPEL AV DES GOBELINS,,,Plein jour,En agglomération,Intersection en T,Temps couvert,Deux véhicules - côté,,,,,,,,,,,1,2,3,8,3
200500075490,0005-11-25 07:40:00,5,11,25,7,40,750,13.0,01 PL D ITALIE,,,Crépuscule ou aube,En agglomération,Hors intersection,Normale,Autre collision,,,,,,,,,,,2,2,1,1,6
200500075491,0005-11-26 18:15:00,5,11,26,18,15,750,4.0,QU MARCHE NEUF PETIT PON,,,Nuit avec éclairage allumé,En agglomération,Intersection en X,Pluie légère,Autre collision,,,,,,,,,,,5,2,2,2,6
200500075492,0005-11-26 16:10:00,5,11,26,16,10,750,8.0,AV CHAMPS ELYSEES AV DUT,,,Plein jour,En agglomération,Intersection en T,Pluie légère,Deux véhicules - côté,,,,,,,,,,,1,2,3,2,3
200500075493,0005-11-25 21:25:00,5,11,25,21,25,750,14.0,10 BD JOURDAN,,,Nuit avec éclairage allumé,En agglomération,Hors intersection,Normale,Sans collision,,,,,,,,,,,5,2,1,1,7
200500075494,0005-11-25 13:35:00,5,11,25,13,35,750,14.0,76 R DES PLANTES,,,Plein jour,En agglomération,Hors intersection,Normale,Deux véhicules - côté,,,,,,,,,,,1,2,1,1,3
200500075495,0005-11-26 10:45:00,5,11,26,10,45,750,13.0,R PONSCARME R DE TOLBIAC,,,Plein jour,En agglomération,Intersection en X,Neige / grêle,Deux véhicules - arrière,,,,,,,,,,,1,2,2,4,2
200500075496,0005-11-25 16:30:00,5,11,25,16,30,750,15.0,BD DE GRENELLE R SAINT S,,,Plein jour,En agglomération,Intersection en Y,Neige / grêle,Autre collision,,,,,,,,,,,1,2,4,4,6
200500075497,0005-11-25 18:20:00,5,11,25,18,20,750,15.0,R CAMBRONNE  R MADEMOISE,,,Nuit avec éclairage allumé,En agglomération,Intersection à plus de 4 branches,Pluie forte,Autre collision,,,,,,,,,,,5,2,5,3,6
200500075498,0005-11-26 03:37:00,5,11,26,3,37,750,17.0,R CARDINET BD PEREIRE,,,Nuit avec éclairage allumé,En agglomération,Intersection en X,Normale,Deux véhicules - arrière,,,,,,,,,,,5,2,2,1,2
200500075499,0005-11-25 18:05:00,5,11,25,18,5,750,16.0,AV DE NEW YORK,,,Nuit avec éclairage allumé,En agglomération,Hors intersection,Pluie légère,Trois véhicules et plus - en chaîne,,,,,,,,,,,5,2,1,2,4
200500075500,0005-11-26 17:20:00,5,11,26,17,20,750,17.0,R BALNY D AVRICOURT AV N,,,Nuit avec éclairage allumé,En agglomération,Intersection en Y,Pluie légère,Sans collision,,,,,,,,,,,5,2,4,2,7
200500075501,0005-11-26 09:05:00,5,11,26,9,5,750,9.0,R LA FAYETTE R PIERRE SE,,,Plein jour,En agglomération,Intersection en X,Neige / grêle,Autre collision,,,,,,,,,,,1,2,2,4,6
200500075502,0005-11-25 21:00:00,5,11,25,21,0,750,16.0,BD MURAT R RAFFAELLI,,,Nuit avec éclairage allumé,En agglomération,Intersection en T,Pluie légère,Deux véhicules - frontale,,,,,,,,,,,5,2,3,2,1
200500075503,0005-11-25 19:25:00,5,11,25,19,25,750,16.0,100 AV RAYMOND POINCARE,,,Nuit avec éclairage allumé,En agglomération,Hors intersection,Pluie forte,Deux véhicules - côté,,,,,,,,,,,5,2,1,3,3
200500075504,0005-11-27 12:45:00,5,11,27,12,45,750,19.0,ECH AUBERVILLIERS PL SKA,,,Plein jour,En agglomération,Intersection en T,Temps couvert,Deux véhicules - côté,,,,,,,,,,,1,2,3,8,3
200500075505,0005-11-25 11:05:00,5,11,25,11,5,750,16.0,42 AV D IENA,,,Plein jour,En agglomération,Hors intersection,Normale,Autre collision,,,,,,,,,,,1,2,1,1,6
200500075506,0005-11-27 14:25:00,5,11,27,14,25,750,8.0,R DE BASSANO AV CHAMPS E,,,Plein jour,En agglomération,Intersection en T,Temps couvert,Deux véhicules - arrière,,,,,,,,,,,1,2,3,8,2
200500075507,0005-11-27 01:30:00,5,11,27,1,30,750,8.0,PL DE LA CONCORDE PT DE,,,Nuit avec éclairage allumé,En agglomération,Intersection en T,Pluie légère,Autre collision,,,,,,,,,,,5,2,3,2,6
200500075508,0005-11-27 23:25:00,5,11,27,23,25,750,12.0,AV DAUMESNIL R DE RAMBOU,,,Nuit avec éclairage allumé,En agglomération,Intersection en X,Normale,Deux véhicules - côté,,,,,,,,,,,5,2,2,1,3
200500075509,0005-11-25 17:30:00,5,11,25,17,30,750,17.0,BD PEREIRE R DE TOCQUEVI,,,Nuit avec éclairage allumé,En agglomération,Intersection en X,Pluie légère,Autre collision,,,,,,,,,,,5,2,2,2,6
200500075510,0005-11-27 17:15:00,5,11,27,17,15,750,13.0,AV LEON BOLLEE AV PORTE,,,Crépuscule ou aube,En agglomération,Intersection en T,Pluie légère,Autre collision,,,,,,,,,,,2,2,3,2,6
200500075511,0005-11-25 01:05:00,5,11,25,1,5,750,17.0,AV  DE NEUILLY PL DE VER,,,Nuit avec éclairage allumé,En agglomération,Intersection en X,Pluie légère,Deux véhicules - arrière,,,,,,,,,,,5,2,2,2,2
200500075512,0005-11-27 12:30:00,5,11,27,12,30,750,14.0,3 BD EDGAR QUINET,,,Plein jour,En agglomération,Hors intersection,Temps couvert,Autre collision,,,,,,,,,,,1,2,1,8,6
200500075513,0005-11-27 02:30:00,5,11,27,2,30,750,14.0,AV PTE DE CHATILLON,,,Nuit avec éclairage allumé,En agglomération,Hors intersection,Pluie légère,Autre collision,,,,,,,,,,,5,2,1,2,6
200500075514,0005-11-27 05:40:00,5,11,27,5,40,750,15.0,R P SAINT CHARLES R SAIN,,,Nuit avec éclairage allumé,En agglomération,Intersection en X,Pluie légère,Deux véhicules - côté,,,,,,,,,,,5,2,2,2,3
200500075515,0005-11-27 05:00:00,5,11,27,5,0,750,15.0,R DE LA CONVENTION R DE,,,Nuit avec éclairage allumé,En agglomération,Intersection en X,Pluie légère,Autre collision,,,,,,,,,,,5,2,2,2,6
200500075516,0005-11-25 19:30:00,5,11,25,19,30,750,18.0,74 R VAUVENARGUES,,,Nuit avec éclairage allumé,En agglomération,Hors intersection,Pluie légère,Sans collision,,,,,,,,,,,5,2,1,2,7
200500075517,0005-11-27 14:15:00,5,11,27,14,15,750,16.0,L10526 RTE DAUPHINE SABL,,,Plein jour,En agglomération,Hors intersection,Normale,Trois véhicules et plus - collisions multiples,,,,,,,,,,,1,2,1,1,5
200500075518,0005-11-25 18:30:00,5,11,25,18,30,750,19.0,R DE BELLEVILLE R LASSUS,,,Nuit avec éclairage allumé,En agglomération,Intersection en X,Normale,Deux véhicules - arrière,,,,,,,,,,,5,2,2,1,2
200500075519,0005-11-27 14:15:00,5,11,27,14,15,750,16.0,182 AV DE VERSAILLES,,,Plein jour,En agglomération,Hors intersection,Normale,Autre collision,,,,,,,,,,,1,2,1,1,6
200500075520,0005-11-27 13:00:00,5,11,27,13,0,750,16.0,BPE MOLITOR SAINT CLOUD,,,Plein jour,En agglomération,Hors intersection,Normale,Trois véhicules et plus - en chaîne,,,,,,,,,,,1,2,1,1,4
200500075521,0005-11-25 14:20:00,5,11,25,14,20,750,20.0,26 R D AVRON,,,Plein jour,En agglomération,Hors intersection,Normale,Autre collision,,,,,,,,,,,1,2,1,1,6
200500075522,0005-11-28 14:40:00,5,11,28,14,40,750,2.0,R  FILLES ST THOMAS R QU,,,Plein jour,En agglomération,Intersection en Y,Temps couvert,Autre collision,,,,,,,,,,,1,2,4,8,6
200500075523,0005-11-28 11:15:00,5,11,28,11,15,750,2.0,R ETIENNE MARCEL R  DE T,,,Plein jour,En agglomération,Intersection en X,Normale,Deux véhicules - côté,,,,,,,,,,,1,2,2,1,3
200500075524,0005-11-27 22:30:00,5,11,27,22,30,750,19.0,35 BD D INDOCHINE,,,Nuit avec éclairage allumé,En agglomération,Hors intersection,Pluie légère,Autre collision,,,,,,,,,,,5,2,1,2,6
200500075525,0005-11-28 15:10:00,5,11,28,15,10,750,3.0,BD DE SEBASTOPOL R DE TU,,,Plein jour,En agglomération,Intersection en X,Normale,Autre collision,,,,,,,,,,,1,2,2,1,6
200500075526,0005-11-27 03:50:00,5,11,27,3,50,750,11.0,R DU FG DU TEMPLE PL DE,,,Nuit avec éclairage allumé,En agglomération,Intersection en T,Pluie légère,Autre collision,,,,,,,,,,,5,2,3,2,6
200500075527,0005-11-27 03:16:00,5,11,27,3,16,750,8.0,R LA BOETIE R FG SAINT H,,,Nuit avec éclairage allumé,En agglomération,Intersection en X,Pluie légère,Autre collision,,,,,,,,,,,5,2,2,2,6
200500075528,0005-11-27 00:10:00,5,11,27,0,10,750,9.0,R DU FG MONTMARTRE R LA,,,Nuit avec éclairage allumé,En agglomération,Intersection en X,Pluie légère,Deux véhicules - côté,,,,,,,,,,,5,2,2,2,3
200500075529,0005-11-28 17:35:00,5,11,28,17,35,750,4.0,R D ARCOLE R CHANOINESSE,,,Nuit avec éclairage allumé,En agglomération,Intersection en T,Normale,Deux véhicules - côté,,,,,,,,,,,5,2,3,1,3
200500075530,0005-11-28 13:15:00,5,11,28,13,15,750,4.0,BD HENRI IV R LESDIGUIER,,,Plein jour,En agglomération,Intersection en X,Temps couvert,Sans collision,,,,,,,,,,,1,2,2,8,7
200500075531,0005-11-28 08:45:00,5,11,28,8,45,750,4.0,48 R DE RIVOLI,,,Plein jour,En agglomération,Hors intersection,Pluie légère,Autre collision,,,,,,,,,,,1,2,1,2,6
200500075532,0005-11-28 08:50:00,5,11,28,8,50,750,7.0,PL LE CORBUSIER R DE SEV,,,Plein jour,En agglomération,Intersection à plus de 4 branches,Temps couvert,Deux véhicules - côté,,,,,,,,,,,1,2,5,8,3
200500075533,0005-11-28 06:15:00,5,11,28,6,15,750,11.0,BD DE MENILMONTANT R DE,,,Nuit avec éclairage allumé,En agglomération,Intersection en T,Normale,Deux véhicules - côté,,,,,,,,,,,5,2,3,1,3
200500075534,0005-11-28 13:35:00,5,11,28,13,35,750,14.0,36 AV ERNEST REYER,,,Plein jour,En agglomération,Hors intersection,Temps couvert,Sans collision,,,,,,,,,,,1,2,1,8,7
200500075535,0005-11-28 13:20:00,5,11,28,13,20,750,14.0,52 R PERNETY,,,Plein jour,En agglomération,Hors intersection,Normale,Deux véhicules - côté,,,,,,,,,,,1,2,1,1,3
200500075536,0005-11-28 16:00:00,5,11,28,16,0,750,15.0,04 AV DE LA PTE DE SEVRE,,,Plein jour,En agglomération,Hors intersection,Normale,Sans collision,,,,,,,,,,,1,2,1,1,7
200500075537,0005-11-28 11:35:00,5,11,28,11,35,750,16.0,92 R RAYNOUARD,,,Plein jour,En agglomération,Hors intersection,Pluie légère,Deux véhicules - côté,,,,,,,,,,,1,2,1,2,3
200500075538,0005-11-28 11:10:00,5,11,28,11,10,750,12.0,42 AV DU DR ARNOLD NETTE,,,Plein jour,En agglomération,Hors intersection,Pluie légère,Deux véhicules - côté,,,,,,,,,,,1,2,1,2,3
200500075539,0005-11-28 13:18:00,5,11,28,13,18,750,12.0,AV DE NOGENT AV DE TREMB,,,Plein jour,En agglomération,Intersection en X,Normale,Autre collision,,,,,,,,,,,1,2,2,1,6
200500075540,0005-11-28 17:45:00,5,11,28,17,45,750,8.0,AV MARCEAU AV PIERRE IER,,,Nuit avec éclairage allumé,En agglomération,Intersection en X,Temps couvert,Deux véhicules - côté,,,,,,,,,,,5,2,2,8,3
200500075541,0005-11-28 21:10:00,5,11,28,21,10,750,19.0,146 AV JEAN JAURES,,,Nuit avec éclairage allumé,En agglomération,Hors intersection,Normale,Deux véhicules - côté,,,,,,,,,,,5,2,1,1,3
200500075542,0005-11-28 17:50:00,5,11,28,17,50,750,16.0,46 AV GEORGES MANDEL,,,Nuit avec éclairage allumé,En agglomération,Hors intersection,Normale,Autre collision,,,,,,,,,,,5,2,1,1,6
200500075543,0005-11-28 11:55:00,5,11,28,11,55,750,18.0,R LEON R MARCADET,,,Plein jour,En agglomération,Intersection en X,Normale,Deux véhicules - côté,,,,,,,,,,,1,2,2,1,3
200500075544,0005-11-29 18:00:00,5,11,29,18,0,750,10.0,R FG SAINT DENIS R DE LA,,,Nuit avec éclairage allumé,En agglomération,Intersection en Y,Normale,Autre collision,,,,,,,,,,,5,2,4,1,6
200500075545,0005-11-29 17:00:00,5,11,29,17,0,750,14.0,43 BD SAINT JACQUES,,,Nuit avec éclairage allumé,En agglomération,Hors intersection,Normale,Autre collision,,,,,,,,,,,5,2,1,1,6
200500075546,0005-11-29 15:40:00,5,11,29,15,40,750,16.0,PL CH DE GAULLE AV KLEBE,,,Plein jour,En agglomération,Intersection en T,Normale,Deux véhicules - côté,,,,,,,,,,,1,2,3,1,3
200500075547,0005-11-29 21:00:00,5,11,29,21,0,750,16.0,L13225 AV DE NEW YORK,,,Nuit avec éclairage allumé,En agglomération,Hors intersection,Normale,Autre collision,,,,,,,,,,,5,2,1,1,6
200500075548,0005-11-29 08:45:00,5,11,29,8,45,750,8.0,26 R DE ROME,,,Plein jour,En agglomération,Hors intersection,Normale,Autre collision,,,,,,,,,,,1,2,1,1,6
200500075549,0005-11-29 09:50:00,5,11,29,9,50,750,11.0,148 R DE CHARONNE,,,Plein jour,En agglomération,Hors intersection,Normale,Autre collision,,,,,,,,,,,1,2,1,1,6
200500075550,0005-11-29 21:18:00,5,11,29,21,18,750,11.0,R OBERKAMPF BD RICHARD L,,,Nuit avec éclairage allumé,En agglomération,Intersection en X,Normale,Autre collision,,,,,,,,,,,5,2,2,1,6
200500075551,0005-11-29 10:15:00,5,11,29,10,15,750,16.0,CAR DU BOUT DES LACS RTE,,,Plein jour,En agglomération,Intersection en T,Normale,Deux véhicules - côté,,,,,,,,,,,1,2,3,1,3
200500075552,0005-11-29 16:30:00,5,11,29,16,30,750,19.0,AV JEAN JAURES AV DE LAU,,,Plein jour,En agglomération,Intersection en T,Normale,Autre collision,,,,,,,,,,,1,2,3,1,6
200500075553,0005-11-29 08:45:00,5,11,29,8,45,750,19.0,SOU PORTE DE CHAUMONT 2,,,Plein jour,En agglomération,Hors intersection,Normale,Sans collision,,,,,,,,,,,1,2,1,1,7
200500075554,0005-11-29 21:00:00,5,11,29,21,0,750,9.0,PL DIAGHILEV BD HAUSSMAN,,,Nuit avec éclairage allumé,En agglomération,Intersection à plus de 4 branches,Normale,Autre collision,,,,,,,,,,,5,2,5,1,6
200500075555,0005-11-29 13:15:00,5,11,29,13,15,750,9.0,R BOURDALOUE R DE CHATEA,,,Plein jour,En agglomération,Intersection en T,Normale,Autre collision,,,,,,,,,,,1,2,3,1,6
200500075556,0005-11-29 14:05:00,5,11,29,14,5,750,2.0,ALL PIERRE LAZAREFF R RE,,,Plein jour,En agglomération,Intersection en T,Normale,Deux véhicules - côté,,,,,,,,,,,1,2,3,1,3
200500075557,0005-11-30 18:00:00,5,11,30,18,0,750,18.0,152 AV DE SAINT OUEN,,,Nuit avec éclairage allumé,En agglomération,Hors intersection,Normale,Autre collision,,,,,,,,,,,5,2,1,1,6
200500075558,0005-11-30 10:45:00,5,11,30,10,45,750,11.0,R RAMPON AV DE LA REPUBL,,,Plein jour,En agglomération,Intersection en Y,Normale,Deux véhicules - côté,,,,,,,,,,,1,2,4,1,3
200500075559,0005-11-30 00:01:00,5,11,30,0,1,750,11.0,176 BD VOLTAIRE,,,Nuit avec éclairage allumé,En agglomération,Hors intersection,Normale,Deux véhicules - côté,,,,,,,,,,,5,2,1,1,3
200500075560,0005-11-06 15:40:00,5,11,6,15,40,750,14.0,BPE VANVES CHATILLON,,,Plein jour,En agglomération,Hors intersection,Normale,Deux véhicules - côté,,,,,,,,,,,1,2,1,1,3
200500075561,0005-11-07 10:20:00,5,11,7,10,20,750,13.0,BPI GARE IVRY,,,Plein jour,En agglomération,Hors intersection,Pluie légère,Autre collision,,,,,,,,,,,1,2,1,2,6
200500075562,0005-11-15 18:25:00,5,11,15,18,25,750,13.0,BPI IVRY ITALIE,,,Nuit avec éclairage allumé,En agglomération,Hors intersection,Pluie légère,Deux véhicules - arrière,,,,,,,,,,,5,2,1,2,2
200500075563,0005-11-25 23:30:00,5,11,25,23,30,750,5.0,34 R DES FOSSES ST BERNA,,,Nuit avec éclairage allumé,En agglomération,Hors intersection,Normale,Sans collision,,,,,,,,,,,5,2,1,1,7
200500075564,0005-11-26 08:30:00,5,11,26,8,30,750,5.0,R ROYER COLLARD R GAY LU,,,Crépuscule ou aube,En agglomération,Intersection en X,Normale,Autre collision,,,,,,,,,,,2,2,2,1,6
200500075565,0005-11-26 19:35:00,5,11,26,19,35,750,5.0,QU SAINT BERNARD PL VALH,,,Nuit avec éclairage allumé,En agglomération,Intersection en X,Normale,Deux véhicules - arrière,,,,,,,,,,,5,2,2,1,2
200500075566,0005-11-27 16:30:00,5,11,27,16,30,750,5.0,AV DES GOBELINS R DU PET,,,Plein jour,En agglomération,Intersection en T,Pluie légère,Deux véhicules - côté,,,,,,,,,,,1,2,3,2,3
200500075567,0005-11-28 07:50:00,5,11,28,7,50,750,5.0,16 BD DE L HOPITAL,,,Crépuscule ou aube,En agglomération,Hors intersection,Pluie forte,Autre collision,,,,,,,,,,,2,2,1,3,6
200500075568,0005-11-28 21:03:00,5,11,28,21,3,750,6.0,R SAINT SULPICE R DE TOU,,,Nuit avec éclairage allumé,En agglomération,Intersection en X,Normale,Deux véhicules - côté,,,,,,,,,,,5,2,2,1,3