accident_id,datetime,annee,mois,jour,heure,minute,departement,commune_insee,adresse,latitude,longitude,luminosite,agglomeration,intersection,meteo,collision,nb_vehicules,nb_usagers,nb_indemnes,nb_tues,nb_blesses_hosp,nb_blesses_legers,age_cond_1,age_cond_2,veh_type_cond_1,veh_type_cond_2,lum_code,agg_code,int_code,atm_code,col_code
200500075695,0005-11-24 16:40:00,5,11,24,16,40,770,243.0,METZ  (RUE DE  ),,,Plein jour,En agglomération,Intersection en X,Normale,Deux véhicules - côté,,,,,,,,,,,1,2,2,1,3
200500075696,0005-11-01 17:25:00,5,11,1,17,25,770,284.0,"10, ALLENDE (AV.SALVADOR",,,Crépuscule ou aube,En agglomération,Hors intersection,Normale,Deux véhicules - arrière,,,,,,,,,,,2,2,1,1,2
200500075697,0005-11-02 11:40:00,5,11,2,11,40,770,475.0,SCHWEITZER (RUE ALBERT),,,Plein jour,En agglomération,Intersection en X,Pluie légère,Trois véhicules et plus - collisions multiples,,,,,,,,,,,1,2,2,2,5
200500075698,0005-11-02 13:35:00,5,11,2,13,35,770,513.0,CD N°5 (CHEMIN DEPARTEME,,,Plein jour,En agglomération,Hors intersection,Temps couvert,Deux véhicules - côté,,,,,,,,,,,1,2,1,8,3
200500075699,0005-11-03 18:30:00,5,11,3,18,30,770,284.0,"5, BAZIN (RUE RENE)",,,Nuit avec éclairage allumé,En agglomération,Hors intersection,Autre,Deux véhicules - côté,,,,,,,,,,,5,2,1,9,3
200500075700,0005-11-05 11:30:00,5,11,5,11,30,770,284.0,VICTOIRE (AV.DE LA),,,Plein jour,En agglomération,Hors intersection,Normale,Deux véhicules - côté,,,,,,,,,,,1,2,1,1,3
200500075701,0005-11-07 14:00:00,5,11,7,14,0,770,284.0,"5, BUREAU (RUE JEAN)",,,Plein jour,En agglomération,Hors intersection,Pluie légère,Sans collision,,,,,,,,,,,1,2,1,2,7
200500075702,0005-11-07 15:50:00,5,11,7,15,50,770,284.0,VICTOIRE (AV.DE LA),,,Plein jour,En agglomération,Hors intersection,Normale,Deux véhicules - arrière,,,,,,,,,,,1,2,1,1,2
200500075703,0005-11-09 21:10:00,5,11,9,21,10,770,284.0,"45, ALLENDE (AV.SALVADOR",,,Nuit avec éclairage allumé,En agglomération,Hors intersection,Normale,Deux véhicules - frontale,,,,,,,,,,,5,2,1,1,1
200500075704,0005-11-12 18:10:00,5,11,12,18,10,770,284.0,"5, DUNANT (AVENUE HENRI)",,,Nuit avec éclairage allumé,En agglomération,Hors intersection,Pluie forte,Sans collision,,,,,,,,,,,5,2,1,3,7
200500075705,0005-11-14 16:30:00,5,11,14,16,30,770,143.0,RN 330 (ROUTE NATIONALE),,,Plein jour,En agglomération,Hors intersection,Normale,Sans collision,,,,,,,,,,,1,2,1,1,7
200500075706,0005-11-15 12:20:00,5,11,15,12,20,770,330.0,A 140,,,Plein jour,Hors agglomération,Hors intersection,Normale,Deux véhicules - frontale,,,,,,,,,,,1,1,1,1,1
200500075707,0005-11-17 17:55:00,5,11,17,17,55,770,513.0,"7, CHAUSSEE DE PARIS (RU",,,Nuit avec éclairage allumé,En agglomération,Hors intersection,Normale,Deux véhicules - frontale,,,,,,,,,,,5,2,1,1,1
200500075708,0005-11-18 08:15:00,5,11,18,8,15,770,284.0,"24, ROOSEVELT (AV.DU PDT",,,Plein jour,En agglomération,Hors intersection,Normale,Deux véhicules - arrière,,,,,,,,,,,1,2,1,1,2
200500075709,0005-11-20 06:00:00,5,11,20,6,0,770,284.0,BUREAU (RUE JEAN),,,Nuit avec éclairage allumé,En agglomération,Hors intersection,Temps couvert,Autre collision,,,,,,,,,,,5,2,1,8,6
200500075710,0005-11-21 08:05:00,5,11,21,8,5,770,475.0,JOFFRE (RUE DU MAL.),,,Plein jour,En agglomération,Hors intersection,Normale,Autre collision,,,,,,,,,,,1,2,1,1,6
200500075711,0005-11-24 12:15:00,5,11,24,12,15,770,369.0,"1, DAMPLEGER (RUE DE)",,,Plein jour,En agglomération,Intersection en T,Normale,Deux véhicules - côté,,,,,,,,,,,1,2,3,1,3
200500075712,0005-11-25 08:50:00,5,11,25,8,50,770,284.0,"23, CORNILLON (RUE)",,,Plein jour,En agglomération,Hors intersection,Temps couvert,Deux véhicules - arrière,,,,,,,,,,,1,2,1,8,2
200500075713,0005-11-26 11:45:00,5,11,26,11,45,770,330.0,A 140,,,Plein jour,Hors agglomération,Hors intersection,Neige / grêle,Sans collision,,,,,,,,,,,1,1,1,4,7
200500075714,0005-11-28 17:20:00,5,11,28,17,20,770,284.0,"12, APPEL DU 18 JUIN 194",,,Nuit avec éclairage allumé,En agglomération,Hors intersection,Temps couvert,Deux véhicules - côté,,,,,,,,,,,5,2,1,8,3
200500075715,0005-11-29 19:40:00,5,11,29,19,40,770,475.0,"23, AVELINE (RUE)",,,Nuit avec éclairage allumé,En agglomération,Hors intersection,Temps couvert,Sans collision,,,,,,,,,,,5,2,1,8,7
200500075716,0005-11-02 21:20:00,5,11,2,21,20,770,384.0,D.305,,,Nuit sans éclairage public,Hors agglomération,Hors intersection,Temps couvert,Trois véhicules et plus - en chaîne,,,,,,,,,,,3,1,1,8,4
200500075717,0005-11-18 17:50:00,5,11,18,17,50,770,495.0,VALLEE DE BAILLY (RUE DE,,,Nuit avec éclairage allumé,En agglomération,Hors intersection,Normale,Autre collision,,,,,,,,,,,5,2,1,1,6
200500075718,0005-11-23 18:10:00,5,11,23,18,10,770,288.0,SAINT JEAN   (PLACE),,,Nuit avec éclairage allumé,En agglomération,Autre intersection,Normale,Deux véhicules - côté,,,,,,,,,,,5,2,9,1,3
200500075719,0005-11-28 18:05:00,5,11,28,18,5,770,495.0,D.306,,,Nuit sans éclairage public,Hors agglomération,Hors intersection,Normale,Autre collision,,,,,,,,,,,3,1,1,1,6
200500075720,0005-11-29 07:40:00,5,11,29,7,40,770,288.0,"8, SAINT JEAN   (PLACE)",,,Nuit avec éclairage allumé,En agglomération,Place,Normale,Autre collision,,,,,,,,,,,5,2,7,1,6
200500075721,0005-11-12 18:30:00,5,11,12,18,30,770,123.0,CD 212,,,Nuit sans éclairage public,Hors agglomération,Hors intersection,Pluie légère,Trois véhicules et plus - en chaîne,,,,,,,,,,,3,1,1,2,4
200500075722,0005-11-13 04:20:00,5,11,13,4,20,770,294.0,RN 2,,,Nuit sans éclairage public,Hors agglomération,Hors intersection,Pluie légère,Trois véhicules et plus - en chaîne,,,,,,,,,,,3,1,1,2,4
200500075723,0005-11-15 22:52:00,5,11,15,22,52,770,241.0,CD 404,,,Nuit sans éclairage public,Hors agglomération,Hors intersection,Normale,Sans collision,,,,,,,,,,,3,1,1,1,7
200500075724,0005-11-17 16:18:00,5,11,17,16,18,770,294.0,CLAYE (ROUTE DE),,,Plein jour,En agglomération,Hors intersection,Normale,Autre collision,,,,,,,,,,,1,2,1,1,6
200500075725,0005-11-14 01:30:00,5,11,14,1,30,770,462.0,RD 9,,,Nuit sans éclairage public,Hors agglomération,Hors intersection,Brouillard / fumée,Deux véhicules - arrière,,,,,,,,,,,3,1,1,5,2
200500075726,0005-11-03 09:30:00,5,11,3,9,30,770,294.0,"68, JEAN BAPTISTE CLEMEN",,,Plein jour,En agglomération,Intersection en T,Normale,Autre collision,,,,,,,,,,,1,2,3,1,6
200500075727,0005-11-22 22:38:00,5,11,22,22,38,770,332.0,D. 404,,,Nuit sans éclairage public,Hors agglomération,Hors intersection,Normale,Sans collision,,,,,,,,,,,3,1,1,1,7
200500075728,0005-11-25 08:35:00,5,11,25,8,35,770,241.0,CD 404,,,Plein jour,Hors agglomération,Intersection en T,Autre,Deux véhicules - frontale,,,,,,,,,,,1,1,3,9,1
200500075729,0005-11-25 12:10:00,5,11,25,12,10,770,294.0,ENTREPRENEURS (AVENUE),,,Plein jour,En agglomération,Hors intersection,Autre,Autre collision,,,,,,,,,,,1,2,1,9,6
200500075730,0005-11-27 15:15:00,5,11,27,15,15,770,123.0,CD 212,,,Plein jour,Hors agglomération,Hors intersection,Pluie légère,Autre collision,,,,,,,,,,,1,1,1,2,6
200500075731,0005-11-26 18:40:00,5,11,26,18,40,770,294.0,RN 2,,,Nuit sans éclairage public,Hors agglomération,Hors intersection,Pluie légère,Deux véhicules - arrière,,,,,,,,,,,3,1,1,2,2
200500075732,0005-11-04 17:25:00,5,11,4,17,25,770,53.0,BEAU (AVENUE),,,Nuit avec éclairage allumé,En agglomération,Giratoire,Normale,Autre collision,,,,,,,,,,,5,2,6,1,6
200500075733,0005-11-19 15:40:00,5,11,19,15,40,770,305.0,YONNE (QUAI D'),,,Plein jour,En agglomération,Intersection en X,Brouillard / fumée,Deux véhicules - côté,,,,,,,,,,,1,2,2,5,3
200500075734,0005-11-14 03:50:00,5,11,14,3,50,770,16.0,"3, POUDINGUES (ROUTE DE)",,,Nuit avec éclairage allumé,En agglomération,Hors intersection,Normale,Autre collision,,,,,,,,,,,5,2,1,1,6
200500075735,0005-11-30 18:45:00,5,11,30,18,45,770,333.0,"84, PARIS (RUE DE)",,,Nuit avec éclairage allumé,En agglomération,Hors intersection,Normale,Autre collision,,,,,,,,,,,5,2,1,1,6
200500075736,0005-11-04 17:00:00,5,11,4,17,0,770,468.0,LINGENFELD (AVENUE DE),,,Plein jour,En agglomération,Hors intersection,Normale,Autre collision,,,,,,,,,,,1,2,1,1,6
200500075737,0005-11-18 07:30:00,5,11,18,7,30,770,83.0,"6, ACACIAS (PLACE DES)",,,Plein jour,En agglomération,Intersection en X,Autre,Autre collision,,,,,,,,,,,1,2,2,9,6
200500075738,0005-11-24 17:29:00,5,11,24,17,29,770,468.0,LOUIS ARAGON (AVENUE),,,Nuit avec éclairage allumé,En agglomération,Intersection à plus de 4 branches,Pluie légère,Autre collision,,,,,,,,,,,5,2,5,2,6
200500075739,0005-11-27 07:45:00,5,11,27,7,45,770,258.0,MANDINET (BOULEVARD DU),,,Plein jour,En agglomération,Hors intersection,Pluie légère,Deux véhicules - côté,,,,,,,,,,,1,2,1,2,3
200500075740,0005-11-27 15:50:00,5,11,27,15,50,770,468.0,"16, PARIS (RUE DE)",,,Plein jour,En agglomération,Intersection en T,Pluie forte,Autre collision,,,,,,,,,,,1,2,3,3,6
200500075741,0005-11-22 15:00:00,5,11,22,15,0,770,373.0,CENTRE COMMERCIAL CARREF,,,Plein jour,En agglomération,Hors intersection,Normale,Deux véhicules - arrière,,,,,,,,,,,1,2,1,1,2
200500075742,0005-11-23 02:00:00,5,11,23,2,0,770,350.0,CD 471,,,Nuit sans éclairage public,Hors agglomération,Hors intersection,Normale,Sans collision,,,,,,,,,,,3,1,1,1,7
200500075743,0005-11-19 20:35:00,5,11,19,20,35,770,368.0,D403,,,Nuit sans éclairage public,Hors agglomération,Hors intersection,Brouillard / fumée,Sans collision,,,,,,,,,,,3,1,1,5,7
200500075744,0005-11-18 07:45:00,5,11,18,7,45,780,126.0,DUCHESNE LUCIEN RENE (AV,,,Plein jour,En agglomération,Hors intersection,Normale,Autre collision,,,,,,,,,,,1,2,1,1,6
200500075745,0005-11-03 08:40:00,5,11,3,8,40,780,15.0,SCHWEISGUTH (RUE DU GENE,,,Plein jour,En agglomération,Hors intersection,Normale,Deux véhicules - arrière,,,,,,,,,,,1,2,1,1,2
200500075746,0005-11-10 07:30:00,5,11,10,7,30,780,138.0,RD 55,,,Crépuscule ou aube,Hors agglomération,Hors intersection,Brouillard / fumée,Sans collision,,,,,,,,,,,2,1,1,5,7
200500075747,0005-11-10 15:50:00,5,11,10,15,50,780,172.0,"243, AMBASSADEUR (RUE DE",,,Plein jour,En agglomération,Hors intersection,Normale,Deux véhicules - côté,,,,,,,,,,,1,2,1,1,3
200500075748,0005-11-12 10:50:00,5,11,12,10,50,780,138.0,LEGRAND (RUE EDOUARD),,,Plein jour,En agglomération,Intersection en X,Pluie légère,Sans collision,,,,,,,,,,,1,2,2,2,7
200500075749,0005-11-12 12:00:00,5,11,12,12,0,780,172.0,"55, CHAMPS DU FOUR (RUE",,,Plein jour,En agglomération,Hors intersection,Pluie légère,Autre collision,,,,,,,,,,,1,2,1,2,6
200500075750,0005-11-15 17:05:00,5,11,15,17,5,780,5.0,"100, POISSY (AVENUE DE)",,,Crépuscule ou aube,En agglomération,Hors intersection,Pluie forte,Autre collision,,,,,,,,,,,2,2,1,3,6
200500075751,0005-11-06 23:05:00,5,11,6,23,5,780,5.0,RD 30,,,Nuit sans éclairage public,Hors agglomération,Hors intersection,Normale,Deux véhicules - arrière,,,,,,,,,,,3,1,1,1,2
200500075752,0005-11-20 12:15:00,5,11,20,12,15,780,172.0,COUTISSON (PLACE DU COLO,,,Plein jour,En agglomération,Hors intersection,Normale,Sans collision,,,,,,,,,,,1,2,1,1,7
200500075753,0005-11-21 14:00:00,5,11,21,14,0,780,172.0,LIMOUSINES (RUE DES),,,Plein jour,En agglomération,Intersection en T,Normale,Deux véhicules - frontale,,,,,,,,,,,1,2,3,1,1
200500075754,0005-11-25 07:50:00,5,11,25,7,50,780,15.0,"1, MAURECOURT A L'HAUTIL",,,Crépuscule ou aube,Hors agglomération,Hors intersection,Autre,Autre collision,,,,,,,,,,,2,1,1,9,6
200500075755,0005-11-25 08:35:00,5,11,25,8,35,780,5.0,"1, BASSES PLAINES (CHEMI",,,Plein jour,En agglomération,Intersection en T,Normale,Autre collision,,,,,,,,,,,1,2,3,1,6
200500075756,0005-11-28 18:50:00,5,11,28,18,50,780,15.0,"73, FOCH (AVENUE DU MARE",,,Nuit avec éclairage allumé,En agglomération,Intersection en T,Pluie forte,Deux véhicules - côté,,,,,,,,,,,5,2,3,3,3
200500075757,0005-11-02 10:45:00,5,11,2,10,45,780,208.0,"5, COUDRIETTE (CHEMIN DE",,,Plein jour,En agglomération,Hors intersection,Pluie légère,Deux véhicules - côté,,,,,,,,,,,1,2,1,2,3
200500075758,0005-11-02 18:10:00,5,11,2,18,10,780,208.0,"Indét, POLITZER (AVENUE",,,Nuit avec éclairage allumé,En agglomération,Hors intersection,Pluie légère,Sans collision,,,,,,,,,,,5,2,1,2,7
200500075759,0005-11-05 14:53:00,5,11,5,14,53,780,168.0,"33, VOIE LATERALE SUD",,,Plein jour,En agglomération,Hors intersection,Normale,Deux véhicules - côté,,,,,,,,,,,1,2,1,1,3
200500075760,0005-11-09 15:25:00,5,11,9,15,25,780,208.0,"3, GAY LUSSAC (AVENUE)",,,Plein jour,En agglomération,Hors intersection,Normale,Deux véhicules - côté,,,,,,,,,,,1,2,1,1,3
200500075761,0005-11-11 18:20:00,5,11,11,18,20,780,397.0,DEPARTEMENTALE 13 (ROUTE,,,Nuit sans éclairage public,Hors agglomération,Hors intersection,Normale,Deux véhicules - côté,,,,,,,,,,,3,1,1,1,3
200500075762,0005-11-11 18:10:00,5,11,11,18,10,780,644.0,"Indét, SCHULLER  (AVENUE",,,Nuit avec éclairage allumé,En agglomération,Hors intersection,Normale,Deux véhicules - côté,,,,,,,,,,,5,2,1,1,3
200500075763,0005-11-16 09:00:00,5,11,16,9,0,780,397.0,DEPARTEMENTALE 13 (ROUTE,,,Plein jour,En agglomération,Hors intersection,Temps couvert,Deux véhicules - côté,,,,,,,,,,,1,2,1,8,3
200500075764,0005-11-17 09:00:00,5,11,17,9,0,780,490.0,"52, CURIE (RUE PIERRE)",,,Plein jour,En agglomération,Hors intersection,Temps éblouissant,Deux véhicules - côté,,,,,,,,,,,1,2,1,7,3
200500075765,0005-11-17 19:00:00,5,11,17,19,0,780,383.0,"Indét, LIMAGNE (AVENUE D",,,Nuit avec éclairage allumé,En agglomération,Intersection en T,Normale,Sans collision,,,,,,,,,,,5,2,3,1,7
200500075766,0005-11-18 09:10:00,5,11,18,9,10,780,644.0,DEPARTEMENTALE 13 (ROUTE,,,Plein jour,En agglomération,Hors intersection,Temps éblouissant,Deux véhicules - arrière,,,,,,,,,,,1,2,1,7,2
200500075767,0005-11-18 21:00:00,5,11,18,21,0,780,490.0,DE GAULLE (AVENUE DU GEN,,,Nuit avec éclairage allumé,En agglomération,Hors intersection,Normale,Autre collision,,,,,,,,,,,5,2,1,1,6
200500075768,0005-11-21 22:40:00,5,11,21,22,40,780,490.0,"Indét, DIX NEUF MARS 62",,,Nuit avec éclairage allumé,En agglomération,Hors intersection,Normale,Deux véhicules - frontale,,,,,,,,,,,5,2,1,1,1
200500075769,0005-11-24 08:30:00,5,11,24,8,30,780,208.0,NATIONALE 10 (ROUTE),,,Plein jour,Hors agglomération,Hors intersection,Normale,Deux véhicules - arrière,,,,,,,,,,,1,1,1,1,2
200500075770,0005-11-30 08:10:00,5,11,30,8,10,780,490.0,DEPARTEMENTALE 11 (ROUTE,,,Plein jour,En agglomération,Intersection en X,Temps couvert,Deux véhicules - frontale,,,,,,,,,,,1,2,2,8,1
200500075771,0005-11-10 18:15:00,5,11,10,18,15,780,423.0,"INCONNU, CENTRE (AVENUE",,,Nuit avec éclairage allumé,En agglomération,Intersection en X,Normale,Deux véhicules - côté,,,,,,,,,,,5,2,2,1,3
200500075772,0005-11-04 07:25:00,5,11,4,7,25,780,124.0,JEAN JACQUES ROUSSEAU (A,,,Crépuscule ou aube,En agglomération,Intersection en X,Pluie légère,Deux véhicules - côté,,,,,,,,,,,2,2,2,2,3
200500075773,0005-11-06 11:00:00,5,11,6,11,0,780,311.0,"147, JEAN JAURES (BOULEV",,,Plein jour,En agglomération,Hors intersection,Normale,Autre collision,,,,,,,,,,,1,2,1,1,6
200500075774,0005-11-07 13:25:00,5,11,7,13,25,780,311.0,"110, KARL MARX (RUE)",,,Plein jour,En agglomération,Intersection en X,Normale,Deux véhicules - côté,,,,,,,,,,,1,2,2,1,3
200500075775,0005-11-15 08:45:00,5,11,15,8,45,780,311.0,"86, JEAN JACQUES ROUSSEA",,,Plein jour,En agglomération,Intersection en T,Normale,Deux véhicules - côté,,,,,,,,,,,1,2,3,1,3
200500075776,0005-11-18 17:45:00,5,11,18,17,45,780,311.0,"40, JEAN JACQUES ROUSSEA",,,Crépuscule ou aube,En agglomération,Intersection en T,Normale,Deux véhicules - côté,,,,,,,,,,,2,2,3,1,3
200500075777,0005-11-28 08:30:00,5,11,28,8,30,780,311.0,"15, REPUBLIQUE (AVENUE D",,,Plein jour,En agglomération,Intersection en T,Normale,Autre collision,,,,,,,,,,,1,2,3,1,6
200500075778,0005-11-06 18:40:00,5,11,6,18,40,780,358.0,POISSY (AVENUE DE),,,Nuit avec éclairage allumé,En agglomération,Intersection en T,Normale,Trois véhicules et plus - collisions multiples,,,,,,,,,,,5,2,3,1,5
200500075779,0005-11-04 09:00:00,5,11,4,9,0,780,350.0,"1, VERSAILLES (ROUTE DE)",,,Plein jour,Hors agglomération,Hors intersection,Pluie légère,Deux véhicules - frontale,,,,,,,,,,,1,1,1,2,1
200500075780,0005-11-03 12:55:00,5,11,3,12,55,780,440.0,MADELEINE ROCH (RUE),,,Plein jour,En agglomération,Hors intersection,Normale,Autre collision,,,,,,,,,,,1,2,1,1,6
200500075781,0005-11-13 09:50:00,5,11,13,9,50,780,238.0,BOUAFLE (RUE DE),,,Plein jour,Hors agglomération,Hors intersection,Normale,Sans collision,,,,,,,,,,,1,1,1,1,7
200500075782,0005-11-20 18:55:00,5,11,20,18,55,780,440.0,EUROPE (AVENUE DE L'),,,Nuit avec éclairage allumé,En agglomération,Hors intersection,Normale,Trois véhicules et plus - en chaîne,,,,,,,,,,,5,2,1,1,4
200500075783,0005-11-19 17:30:00,5,11,19,17,30,780,238.0,C.C. CARREFOUR FLINS,,,Plein jour,Hors agglomération,Hors intersection,Brouillard / fumée,Deux véhicules - arrière,,,,,,,,,,,1,1,1,5,2
200500075784,0005-11-15 16:00:00,5,11,15,16,0,780,238.0,BAZEMONT (RUE),,,Plein jour,Hors agglomération,Intersection en X,Normale,Trois véhicules et plus - en chaîne,,,,,,,,,,,1,1,2,1,4
200500075785,0005-11-17 14:50:00,5,11,17,14,50,780,401.0,RAYMOND BEZARD (SQUARE),,,Plein jour,En agglomération,Hors intersection,Normale,Sans collision,,,,,,,,,,,1,2,1,1,7
200500075786,0005-11-21 07:40:00,5,11,21,7,40,780,401.0,AULNES (AVENUE DES),,,Crépuscule ou aube,En agglomération,Intersection en X,Brouillard / fumée,Deux véhicules - frontale,,,,,,,,,,,2,2,2,5,1
200500075787,0005-11-18 21:20:00,5,11,18,21,20,780,440.0,BOUGIMONTS (RUE DES),,,Nuit avec éclairage allumé,En agglomération,Hors intersection,Brouillard / fumée,Autre collision,,,,,,,,,,,5,2,1,5,6
200500075788,0005-11-29 17:50:00,5,11,29,17,50,780,401.0,GAMBETTA (RUE),,,Nuit avec éclairage allumé,En agglomération,Hors intersection,Normale,Deux véhicules - côté,,,,,,,,,,,5,2,1,1,3
200500075789,0005-11-30 11:11:00,5,11,30,11,11,780,238.0,CD 14,,,Plein jour,En agglomération,Intersection en X,Normale,Deux véhicules - côté,,,,,,,,,,,1,2,2,1,3
200500075790,0005-11-30 23:30:00,5,11,30,23,30,780,440.0,CHATEAU (RUE DU),,,Nuit avec éclairage allumé,En agglomération,Intersection en X,Normale,Deux véhicules - côté,,,,,,,,,,,5,2,2,1,3
200500075791,0005-11-18 16:05:00,5,11,18,16,5,780,440.0,MARECHAL FOCH (AVENUE DU,,,Plein jour,En agglomération,Intersection en Y,Normale,Deux véhicules - arrière,,,,,,,,,,,1,2,4,1,2
200500075792,0005-11-02 05:40:00,5,11,2,5,40,780,498.0,QUARANTE SOUS ROUTE DE,,,Nuit avec éclairage allumé,En agglomération,Intersection en X,Pluie légère,Deux véhicules - côté,,,,,,,,,,,5,2,2,2,3
200500075793,0005-11-04 19:00:00,5,11,4,19,0,780,642.0,MALRAUX BD ANDRE,,,Nuit avec éclairage allumé,En agglomération,Intersection en T,Normale,Deux véhicules - côté,,,,,,,,,,,5,2,3,1,3
200500075794,0005-11-09 06:20:00,5,11,9,6,20,780,123.0,JOLLY RUE ERNEST,,,Nuit avec éclairage allumé,En agglomération,Intersection en X,Pluie légère,Deux véhicules - côté,,,,,,,,,,,5,2,2,2,3
200500075795,0005-11-08 18:30:00,5,11,8,18,30,780,498.0,LEFEBVRE AV FERNAND,,,Nuit avec éclairage allumé,En agglomération,Intersection en T,Normale,Autre collision,,,,,,,,,,,5,2,3,1,6
200500075796,0005-11-15 18:50:00,5,11,15,18,50,780,123.0,EUROPE (RN 190) AVENUE D,,,Nuit avec éclairage non allumé,En agglomération,Hors intersection,Pluie légère,Trois véhicules et plus - en chaîne,,,,,,,,,,,4,2,1,2,4
200500075797,0005-11-13 08:30:00,5,11,13,8,30,780,498.0,BON ROI SAINT LOUIS AVEN,,,Plein jour,En agglomération,Intersection en T,Normale,Deux véhicules - côté,,,,,,,,,,,1,2,3,1,3
200500075798,0005-11-15 16:35:00,5,11,15,16,35,780,123.0,"9, HAUTIL AV DE L'",,,Crépuscule ou aube,En agglomération,Hors intersection,Pluie légère,Trois véhicules et plus - en chaîne,,,,,,,,,,,2,2,1,2,4
200500075799,0005-11-05 20:50:00,5,11,5,20,50,780,642.0,"11, KOENIG RUE DU MARECH",,,Nuit avec éclairage allumé,En agglomération,Hors intersection,Normale,Autre collision,,,,,,,,,,,5,2,1,1,6
200500075800,0005-11-19 08:00:00,5,11,19,8,0,780,624.0,RD1,,,Crépuscule ou aube,En agglomération,Hors intersection,Brouillard / fumée,Autre collision,,,,,,,,,,,2,2,1,5,6
200500075801,0005-11-15 18:30:00,5,11,15,18,30,780,643.0,ROIS ROND POINT DES,,,Nuit avec éclairage allumé,En agglomération,Giratoire,Pluie légère,Autre collision,,,,,,,,,,,5,2,6,2,6
200500075802,0005-11-14 08:30:00,5,11,14,8,30,780,123.0,EUROPE (RN 190) AVENUE D,,,Plein jour,En agglomération,Intersection en X,Normale,Autre collision,,,,,,,,,,,1,2,2,1,6
200500075803,0005-11-23 11:55:00,5,11,23,11,55,780,498.0,BON ROI SAINT LOUIS AVEN,,,Plein jour,En agglomération,Intersection en Y,Normale,Autre collision,,,,,,,,,,,1,2,4,1,6
200500075804,0005-11-24 08:15:00,5,11,24,8,15,780,624.0,RD1,,,Crépuscule ou aube,En agglomération,Hors intersection,Normale,Autre collision,,,,,,,,,,,2,2,1,1,6
200500075805,0005-11-24 08:10:00,5,11,24,8,10,780,624.0,RD1,,,Crépuscule ou aube,Hors agglomération,Hors intersection,Normale,Deux véhicules - arrière,,,,,,,,,,,2,1,1,1,2
200500075806,0005-11-25 13:40:00,5,11,25,13,40,780,498.0,TIMBAUD RUE JEAN PIERRE,,,Plein jour,En agglomération,Hors intersection,Normale,Deux véhicules - arrière,,,,,,,,,,,1,2,1,1,2
200500075807,0005-11-26 00:45:00,5,11,26,0,45,780,498.0,GAMBETTA BD,,,Crépuscule ou aube,En agglomération,Hors intersection,Normale,Deux véhicules - arrière,,,,,,,,,,,2,2,1,1,2
200500075808,0005-11-03 11:50:00,5,11,3,11,50,780,624.0,"1, CHANTELOUP RUE DE",,,Plein jour,En agglomération,Intersection en X,Normale,Deux véhicules - frontale,,,,,,,,,,,1,2,2,1,1
200500075809,0005-11-07 05:50:00,5,11,7,5,50,780,624.0,POISSY AVENUE DE,,,Nuit avec éclairage allumé,Hors agglomération,Intersection en T,Normale,Sans collision,,,,,,,,,,,5,1,3,1,7
200500075810,0005-11-02 13:00:00,5,11,2,13,0,780,498.0,BON ROI SAINT LOUIS AVEN,,,Plein jour,En agglomération,Intersection en X,Pluie légère,Deux véhicules - arrière,,,,,,,,,,,1,2,2,2,2
200500075811,0005-11-19 20:10:00,5,11,19,20,10,780,498.0,ROBESPIERRE BD,,,Nuit avec éclairage allumé,En agglomération,Intersection en X,Normale,Deux véhicules - frontale,,,,,,,,,,,5,2,2,1,1
200500075812,0005-11-08 08:50:00,5,11,8,8,50,780,517.0,D 906,,,Plein jour,En agglomération,Hors intersection,Normale,Deux véhicules - côté,,,,,,,,,,,1,2,1,1,3
200500075813,0005-11-20 19:20:00,5,11,20,19,20,780,220.0,RD 191,,,Nuit sans éclairage public,Hors agglomération,Hors intersection,Normale,Deux véhicules - frontale,,,,,,,,,,,3,1,1,1,1
200500075814,0005-11-21 08:20:00,5,11,21,8,20,780,517.0,"110, VIEIL ORME (RUE DU)",,,Crépuscule ou aube,En agglomération,Intersection en T,Normale,Deux véhicules - côté,,,,,,,,,,,2,2,3,1,3
200500075815,0005-11-25 18:05:00,5,11,25,18,5,780,517.0,"105, LENOTRE (RUE G.)",,,Nuit avec éclairage allumé,En agglomération,Hors intersection,Normale,Sans collision,,,,,,,,,,,5,2,1,1,7
200500075816,0005-11-29 09:10:00,5,11,29,9,10,780,517.0,"17, LECLERC (AV DU MAREC",,,Plein jour,En agglomération,Hors intersection,Normale,Trois véhicules et plus - en chaîne,,,,,,,,,,,1,2,1,1,4
200500075817,0005-11-28 17:40:00,5,11,28,17,40,780,73.0,"indéter, JAURES (AVENUE",,,Crépuscule ou aube,En agglomération,Hors intersection,Autre,Autre collision,,,,,,,,,,,2,2,1,9,6
200500075818,0005-11-28 15:00:00,5,11,28,15,0,780,73.0,"INdétermin, JAURES (AVEN",,,Plein jour,En agglomération,Hors intersection,Pluie légère,Autre collision,,,,,,,,,,,1,2,1,2,6
200500075819,0005-11-03 16:15:00,5,11,3,16,15,780,133.0,"66, MANTES (ROUTE DE)",,,Plein jour,En agglomération,Hors intersection,Normale,Trois véhicules et plus - en chaîne,,,,,,,,,,,1,2,1,1,4
200500075820,0005-11-09 17:40:00,5,11,9,17,40,780,551.0,RAMEAU (JEAN PHILIPPE),,,Plein jour,En agglomération,Hors intersection,Normale,Sans collision,,,,,,,,,,,1,2,1,1,7
200500075821,0005-11-11 18:15:00,5,11,11,18,15,780,481.0,TOUS SECTEURS LE PECQ,,,Nuit avec éclairage allumé,En agglomération,Hors intersection,Normale,Deux véhicules - côté,,,,,,,,,,,5,2,1,1,3