accident_id,datetime,annee,mois,jour,heure,minute,departement,commune_insee,adresse,latitude,longitude,luminosite,agglomeration,intersection,meteo,collision,nb_vehicules,nb_usagers,nb_indemnes,nb_tues,nb_blesses_hosp,nb_blesses_legers,age_cond_1,age_cond_2,veh_type_cond_1,veh_type_cond_2,lum_code,agg_code,int_code,atm_code,col_code
200500075822,0005-11-23 17:00:00,5,11,23,17,0,780,481.0,"ignoré, VOLTAIRE (QUAI)",,,Nuit avec éclairage allumé,Hors agglomération,Hors intersection,Normale,Deux véhicules - côté,,,,,,,,,,,5,1,1,1,3
200500075823,0005-11-25 18:05:00,5,11,25,18,5,780,133.0,GRANDE RUE,,,Crépuscule ou aube,En agglomération,Hors intersection,Normale,Sans collision,,,,,,,,,,,2,2,1,1,7
200500075824,0005-11-28 19:10:00,5,11,28,19,10,780,7.0,RANGEE (VOIE COMMUNALE D,,,Nuit sans éclairage public,Hors agglomération,Hors intersection,Normale,Sans collision,,,,,,,,,,,3,1,1,1,7
200500075825,0005-11-29 15:45:00,5,11,29,15,45,780,551.0,PRIOLET (ALBERT),,,Plein jour,En agglomération,Hors intersection,Normale,Deux véhicules - côté,,,,,,,,,,,1,2,1,1,3
200500075826,0005-11-30 19:15:00,5,11,30,19,15,780,251.0,CLOS BARON (RUE DU),,,Nuit avec éclairage non allumé,Hors agglomération,Hors intersection,Normale,Sans collision,,,,,,,,,,,4,1,1,1,7
200500075827,0005-11-05 15:55:00,5,11,5,15,55,780,586.0,CONSTITUANTE,,,Plein jour,En agglomération,Intersection en X,Normale,Deux véhicules - côté,,,,,,,,,,,1,2,2,1,3
200500075828,0005-11-05 19:55:00,5,11,5,19,55,780,586.0,"22, REPUBLIQUE (AVENUE)",,,Nuit avec éclairage allumé,En agglomération,Intersection en T,Normale,Deux véhicules - côté,,,,,,,,,,,5,2,3,1,3
200500075829,0005-11-07 15:50:00,5,11,7,15,50,780,586.0,BERTEAUX (MAURICE) N°1 A,,,Plein jour,En agglomération,Hors intersection,Normale,Autre collision,,,,,,,,,,,1,2,1,1,6
200500075830,0005-11-14 10:08:00,5,11,14,10,8,780,586.0,TOBROUK,,,Plein jour,En agglomération,Intersection en X,Normale,Deux véhicules - côté,,,,,,,,,,,1,2,2,1,3
200500075831,0005-11-28 12:55:00,5,11,28,12,55,780,586.0,BERTEAUX (MAURICE) N°44,,,Plein jour,En agglomération,Giratoire,Normale,Autre collision,,,,,,,,,,,1,2,6,1,6
200500075832,0005-11-28 17:20:00,5,11,28,17,20,780,586.0,ROOSEVELT (PRESIDENT),,,Plein jour,En agglomération,Intersection en X,Normale,Deux véhicules - côté,,,,,,,,,,,1,2,2,1,3
200500075833,0005-11-29 18:30:00,5,11,29,18,30,780,586.0,CLEMENCEAU (G.) N°10 A F,,,Nuit avec éclairage allumé,En agglomération,Intersection en T,Normale,Deux véhicules - côté,,,,,,,,,,,5,2,3,1,3
200500075834,0005-11-08 17:50:00,5,11,8,17,50,780,621.0,PASTEUR MARTIN LUTHER KI,,,Crépuscule ou aube,En agglomération,Hors intersection,Normale,Autre collision,,,,,,,,,,,2,2,1,1,6
200500075835,0005-11-09 22:00:00,5,11,9,22,0,780,621.0,BERLIOZ (RUE HECTOR),,,Nuit sans éclairage public,En agglomération,Hors intersection,Normale,Autre collision,,,,,,,,,,,3,2,1,1,6
200500075836,0005-11-10 21:25:00,5,11,10,21,25,780,621.0,ALLENDE (AVE. SALV.)(NOR,,,Nuit avec éclairage allumé,En agglomération,Intersection en X,Normale,Deux véhicules - côté,,,,,,,,,,,5,2,2,1,3
200500075837,0005-11-08 08:55:00,5,11,8,8,55,780,640.0,ROBERT WAGNER (AVENUE),,,Plein jour,En agglomération,Hors intersection,Normale,Deux véhicules - côté,,,,,,,,,,,1,2,1,1,3
200500075838,0005-11-12 14:50:00,5,11,12,14,50,780,640.0,ANDRE CITROEN (RUE),,,Plein jour,En agglomération,Hors intersection,Normale,Autre collision,,,,,,,,,,,1,2,1,1,6
200500075839,0005-11-16 09:30:00,5,11,16,9,30,780,686.0,"12, RIEUSSEC (RUE)",,,Plein jour,En agglomération,Hors intersection,Pluie légère,Autre collision,,,,,,,,,,,1,2,1,2,6
200500075840,0005-11-24 21:25:00,5,11,24,21,25,780,322.0,"31, LIBERATION (RUE DE L",,,Nuit avec éclairage allumé,En agglomération,Hors intersection,Pluie légère,Autre collision,,,,,,,,,,,5,2,1,2,6
200500075841,0005-11-25 18:55:00,5,11,25,18,55,780,640.0,"9, MARCEL SEMBAT (RUE)",,,Nuit avec éclairage allumé,En agglomération,Hors intersection,Temps couvert,Autre collision,,,,,,,,,,,5,2,1,8,6
200500075842,0005-11-30 00:55:00,5,11,30,0,55,780,640.0,DIENTZENBACH (RUE DE),,,Nuit avec éclairage allumé,Hors agglomération,Hors intersection,Temps couvert,Sans collision,,,,,,,,,,,5,1,1,8,7
200500075843,0005-11-02 13:35:00,5,11,2,13,35,780,322.0,JOUY ( route de ),,,Plein jour,Hors agglomération,Hors intersection,Normale,Trois véhicules et plus - collisions multiples,,,,,,,,,,,1,1,1,1,5
200500075844,0005-11-01 19:30:00,5,11,1,19,30,780,646.0,"0, SCEAUX (AVENUE DE)",,,Nuit avec éclairage non allumé,En agglomération,Intersection en T,Normale,Deux véhicules - arrière,,,,,,,,,,,4,2,3,1,2
200500075845,0005-11-02 15:35:00,5,11,2,15,35,780,646.0,"NEANT, MARECHAL FOCH (RU",,,Plein jour,En agglomération,Hors intersection,Pluie légère,Autre collision,,,,,,,,,,,1,2,1,2,6
200500075846,0005-11-04 11:45:00,5,11,4,11,45,780,646.0,PARIS (AVENUE DE),,,Plein jour,En agglomération,Hors intersection,Normale,Deux véhicules - arrière,,,,,,,,,,,1,2,1,1,2
200500075847,0005-11-05 16:45:00,5,11,5,16,45,780,646.0,"105, YVES LE COZ RUE)",,,Plein jour,En agglomération,Hors intersection,Normale,Deux véhicules - côté,,,,,,,,,,,1,2,1,1,3
200500075848,0005-11-09 08:00:00,5,11,9,8,0,780,646.0,GENERAL DE GAULLE (AVENU,,,Crépuscule ou aube,En agglomération,Intersection en X,Pluie légère,Autre collision,,,,,,,,,,,2,2,2,2,6
200500075849,0005-11-09 13:45:00,5,11,9,13,45,780,158.0,"neant, VILLA CHEVRELOUP",,,Plein jour,En agglomération,Hors intersection,Temps couvert,Deux véhicules - côté,,,,,,,,,,,1,2,1,8,3
200500075850,0005-11-10 07:10:00,5,11,10,7,10,780,646.0,"58, MARECHAL FOCH (RUE D",,,Plein jour,En agglomération,Hors intersection,Normale,Autre collision,,,,,,,,,,,1,2,1,1,6
200500075851,0005-11-16 20:00:00,5,11,16,20,0,780,646.0,"51, SAINT CLOUD (AVENUE",,,Nuit avec éclairage allumé,En agglomération,Hors intersection,Normale,Deux véhicules - côté,,,,,,,,,,,5,2,1,1,3
200500075852,0005-11-17 10:00:00,5,11,17,10,0,780,646.0,"NEANT, ANJOU (RUE D')",,,Plein jour,En agglomération,Intersection en X,Normale,Autre collision,,,,,,,,,,,1,2,2,1,6
200500075853,0005-11-17 19:25:00,5,11,17,19,25,780,646.0,PARIS (AVENUE DE),,,Nuit avec éclairage allumé,En agglomération,Hors intersection,Normale,Autre collision,,,,,,,,,,,5,2,1,1,6
200500075854,0005-11-22 08:35:00,5,11,22,8,35,780,646.0,"Néant, CHANTIERS (RUE DE",,,Plein jour,En agglomération,Intersection en T,Normale,Deux véhicules - côté,,,,,,,,,,,1,2,3,1,3
200500075855,0005-11-28 19:45:00,5,11,28,19,45,780,646.0,"Néant, EDOUARD LABOULAYE",,,Nuit avec éclairage allumé,En agglomération,Hors intersection,Normale,Autre collision,,,,,,,,,,,5,2,1,1,6
200500075856,0005-11-25 10:20:00,5,11,25,10,20,780,646.0,"4, CHAROST (PLACE)",,,Plein jour,En agglomération,Hors intersection,Temps couvert,Autre collision,,,,,,,,,,,1,2,1,8,6
200500075857,0005-11-26 07:55:00,5,11,26,7,55,780,117.0,"néant, ROLAND GARROS (AV",,,Crépuscule ou aube,Hors agglomération,Intersection en T,Normale,Deux véhicules - côté,,,,,,,,,,,2,1,3,1,3
200500075858,0005-11-01 00:45:00,5,11,1,0,45,780,650.0,"22, MONTESSON (ROUTE DE)",,,Nuit avec éclairage allumé,En agglomération,Hors intersection,Normale,Autre collision,,,,,,,,,,,5,2,1,1,6
200500075859,0005-11-02 08:15:00,5,11,2,8,15,780,146.0,REPUBLIQUE (BOULEVARD DE,,,Nuit avec éclairage allumé,En agglomération,Intersection en T,Normale,Deux véhicules - côté,,,,,,,,,,,5,2,3,1,3
200500075860,0005-11-02 13:10:00,5,11,2,13,10,780,418.0,"12, EGLISE (PLACE DE L')",,,Plein jour,En agglomération,Place,Pluie légère,Autre collision,,,,,,,,,,,1,2,7,2,6
200500075861,0005-11-07 11:25:00,5,11,7,11,25,780,650.0,"101 BIS, CARNOT (BOULEVA",,,Plein jour,En agglomération,Hors intersection,Normale,Deux véhicules - côté,,,,,,,,,,,1,2,1,1,3
200500075862,0005-11-21 19:55:00,5,11,21,19,55,780,650.0,MONTESSON (ROUTE DE),,,Nuit avec éclairage allumé,En agglomération,Hors intersection,Brouillard / fumée,Autre collision,,,,,,,,,,,5,2,1,5,6
200500075863,0005-11-25 11:25:00,5,11,25,11,25,780,418.0,GABRIEL PERI (AVENUE),,,Plein jour,En agglomération,Intersection en T,Normale,Deux véhicules - côté,,,,,,,,,,,1,2,3,1,3
200500075864,0005-11-11 20:40:00,5,11,11,20,40,790,191.0,"17, BUJAULT JACQUES",,,Nuit avec éclairage allumé,En agglomération,Hors intersection,Normale,Sans collision,,,,,,,,,,,5,2,1,1,7
200500075865,0005-11-10 10:45:00,5,11,10,10,45,790,191.0,"2, MAIN LES PONTS",,,Plein jour,En agglomération,Hors intersection,Temps éblouissant,Sans collision,,,,,,,,,,,1,2,1,7,7
200500075866,0005-11-23 19:35:00,5,11,23,19,35,790,191.0,"82, GARE",,,Nuit avec éclairage allumé,En agglomération,Intersection en X,Normale,Deux véhicules - côté,,,,,,,,,,,5,2,2,1,3
200500075867,0005-11-13 14:55:00,5,11,13,14,55,790,81.0,"80, CHATEAU DRIGUET (DU)",,,Plein jour,En agglomération,Hors intersection,Pluie légère,Deux véhicules - frontale,,,,,,,,,,,1,2,1,2,1
200500075868,0005-11-25 12:35:00,5,11,25,12,35,790,191.0,NANTES (AVENUE),,,Plein jour,Hors agglomération,Hors intersection,Normale,Deux véhicules - arrière,,,,,,,,,,,1,1,1,1,2
200500075869,0005-11-10 18:32:00,5,11,10,18,32,790,329.0,"30, VICTOR LECLERC (AVEN",,,Nuit avec éclairage allumé,En agglomération,Intersection en X,Normale,Deux véhicules - frontale,,,,,,,,,,,5,2,2,1,1
200500075870,0005-11-12 18:50:00,5,11,12,18,50,800,1.0,"18, GENERAL LECLERC (du)",,,Nuit avec éclairage allumé,En agglomération,Hors intersection,Temps couvert,Autre collision,,,,,,,,,,,5,2,1,8,6
200500075871,0005-11-10 18:50:00,5,11,10,18,50,800,1.0,"130, ROUEN (de)",,,Nuit avec éclairage allumé,En agglomération,Hors intersection,Normale,Autre collision,,,,,,,,,,,5,2,1,1,6
200500075872,0005-11-02 18:40:00,5,11,2,18,40,800,21.0,MIRAUMONT (RUE),,,Nuit avec éclairage allumé,En agglomération,Intersection en X,Pluie légère,Deux véhicules - côté,,,,,,,,,,,5,2,2,2,3
200500075873,0005-11-02 16:55:00,5,11,2,16,55,800,21.0,"97, CHATEAUDUN (BOULEVAR",,,Plein jour,En agglomération,Hors intersection,Pluie légère,Autre collision,,,,,,,,,,,1,2,1,2,6
200500075874,0005-11-05 12:30:00,5,11,5,12,30,800,21.0,ABBEVILLE (RUE D'),,,Plein jour,Hors agglomération,Hors intersection,Pluie légère,Deux véhicules - côté,,,,,,,,,,,1,1,1,2,3
200500075875,0005-11-05 17:50:00,5,11,5,17,50,800,21.0,RAINNEVILLE CD11  (ROUTE,,,Nuit sans éclairage public,Hors agglomération,Hors intersection,Pluie légère,Sans collision,,,,,,,,,,,3,1,1,2,7
200500075876,0005-11-05 19:00:00,5,11,5,19,0,800,489.0,"111, HENRI BARBUSSE (RUE",,,Nuit avec éclairage allumé,En agglomération,Hors intersection,Pluie légère,Autre collision,,,,,,,,,,,5,2,1,2,6
200500075877,0005-11-05 12:45:00,5,11,5,12,45,800,21.0,"0, ALSACE LORRAINE (BOUL",,,Plein jour,En agglomération,Intersection en T,Normale,Trois véhicules et plus - collisions multiples,,,,,,,,,,,1,2,3,1,5
200500075878,0005-11-07 14:30:00,5,11,7,14,30,800,21.0,"0, SAINT FUSCIEN (RUE)",,,Plein jour,En agglomération,Intersection en X,Normale,Deux véhicules - côté,,,,,,,,,,,1,2,2,1,3
200500075879,0005-11-08 23:10:00,5,11,8,23,10,800,21.0,GENERAL DE GAULLE (AVENU,,,Nuit avec éclairage allumé,En agglomération,Hors intersection,Normale,Autre collision,,,,,,,,,,,5,2,1,1,6
200500075880,0005-11-08 08:00:00,5,11,8,8,0,800,21.0,ROCADE NORD EST RN 25,,,Plein jour,Hors agglomération,Hors intersection,Normale,Trois véhicules et plus - en chaîne,,,,,,,,,,,1,1,1,1,4
200500075881,0005-11-08 09:45:00,5,11,8,9,45,800,21.0,"0, ALEXANDRE DUMAS (RUE)",,,Plein jour,En agglomération,Intersection en X,Normale,Deux véhicules - côté,,,,,,,,,,,1,2,2,1,3
200500075882,0005-11-08 16:55:00,5,11,8,16,55,800,489.0,"2, HENRI BARBUSSE (RUE)",,,Plein jour,En agglomération,Hors intersection,Normale,Deux véhicules - côté,,,,,,,,,,,1,2,1,1,3
200500075883,0005-11-12 11:20:00,5,11,12,11,20,800,21.0,ABBEVILLE (RUE D'),,,Plein jour,En agglomération,Hors intersection,Pluie légère,Autre collision,,,,,,,,,,,1,2,1,2,6
200500075884,0005-11-12 17:55:00,5,11,12,17,55,800,21.0,FREDERIC PETIT (RUE),,,Nuit avec éclairage allumé,En agglomération,Intersection en T,Pluie légère,Autre collision,,,,,,,,,,,5,2,3,2,6
200500075885,0005-11-16 07:55:00,5,11,16,7,55,800,21.0,"20, ANDRE CHENIER (RUE)",,,Crépuscule ou aube,En agglomération,Hors intersection,Normale,Trois véhicules et plus - en chaîne,,,,,,,,,,,2,2,1,1,4
200500075886,0005-11-17 07:50:00,5,11,17,7,50,800,21.0,"29, PETIT SAINT-JEAN (GR",,,Crépuscule ou aube,En agglomération,Hors intersection,Normale,Deux véhicules - arrière,,,,,,,,,,,2,2,1,1,2
200500075887,0005-11-17 16:15:00,5,11,17,16,15,800,261.0,NATIONALE (ROUTE),,,Plein jour,En agglomération,Hors intersection,Normale,Deux véhicules - arrière,,,,,,,,,,,1,2,1,1,2
200500075888,0005-11-21 14:30:00,5,11,21,14,30,800,21.0,QUATORZE JUILLET 1789 (A,,,Plein jour,En agglomération,Intersection en X,Normale,Deux véhicules - côté,,,,,,,,,,,1,2,2,1,3
200500075889,0005-11-18 10:05:00,5,11,18,10,5,800,21.0,"0, GENERAL FOY (AVENUE D",,,Plein jour,En agglomération,Hors intersection,Normale,Deux véhicules - arrière,,,,,,,,,,,1,2,1,1,2
200500075890,0005-11-18 18:10:00,5,11,18,18,10,800,131.0,DEPORTES RESISTANTS (RUE,,,Nuit avec éclairage allumé,En agglomération,Hors intersection,Normale,Deux véhicules - côté,,,,,,,,,,,5,2,1,1,3
200500075891,0005-11-24 13:20:00,5,11,24,13,20,800,21.0,"0, CANAL (RUE DU)",,,Plein jour,En agglomération,Intersection en T,Normale,Deux véhicules - côté,,,,,,,,,,,1,2,3,1,3
200500075892,0005-11-25 07:15:00,5,11,25,7,15,800,131.0,FORT MANOIR (CHEMIN DE),,,Nuit sans éclairage public,Hors agglomération,Hors intersection,Normale,Deux véhicules - arrière,,,,,,,,,,,3,1,1,1,2
200500075893,0005-11-24 12:00:00,5,11,24,12,0,800,725.0,"0, FACULTES (AVENUE DES)",,,Plein jour,En agglomération,Hors intersection,Normale,Trois véhicules et plus - collisions multiples,,,,,,,,,,,1,2,1,1,5
200500075894,0005-11-25 11:55:00,5,11,25,11,55,800,21.0,"0, FEURRE (PLACE AU)",,,Plein jour,En agglomération,Intersection en T,Normale,Deux véhicules - côté,,,,,,,,,,,1,2,3,1,3
200500075895,0005-11-25 13:30:00,5,11,25,13,30,800,21.0,"15, LANGUEDOC (AVENUE DU",,,Plein jour,En agglomération,Hors intersection,Normale,Autre collision,,,,,,,,,,,1,2,1,1,6
200500075896,0005-11-28 18:50:00,5,11,28,18,50,800,21.0,"146, SAINT QUENTIN (BOUL",,,Nuit avec éclairage allumé,En agglomération,Hors intersection,Pluie forte,Deux véhicules - arrière,,,,,,,,,,,5,2,1,3,2
200500075897,0005-11-29 07:00:00,5,11,29,7,0,800,131.0,"10, FORT MANOIR (CHEMIN",,,Nuit sans éclairage public,En agglomération,Hors intersection,Brouillard / fumée,Sans collision,,,,,,,,,,,3,2,1,5,7
200500075898,0005-11-30 18:50:00,5,11,30,18,50,800,21.0,FRANKLIN ROOSEVELT (RUE),,,Nuit avec éclairage allumé,En agglomération,Hors intersection,Normale,Trois véhicules et plus - en chaîne,,,,,,,,,,,5,2,1,1,4
200500075899,0005-11-04 19:45:00,5,11,4,19,45,810,4.0,"101, TEYSSIER (AV DU COL",,,Nuit avec éclairage non allumé,En agglomération,Hors intersection,Autre,Autre collision,,,,,,,,,,,4,2,1,9,6
200500075900,0005-11-08 14:25:00,5,11,8,14,25,810,144.0,"104, JAURES ( AVENUE JEA",,,Plein jour,Hors agglomération,Hors intersection,Normale,Deux véhicules - côté,,,,,,,,,,,1,1,1,1,3
200500075901,0005-11-15 14:20:00,5,11,15,14,20,810,144.0,BARRIERE ( CH DE LA ),,,Plein jour,Hors agglomération,Giratoire,Normale,Deux véhicules - côté,,,,,,,,,,,1,1,6,1,3
200500075902,0005-11-12 22:00:00,5,11,12,22,0,810,65.0,"7/9, FOCH (BD.MARECHAL)",,,Nuit avec éclairage allumé,En agglomération,Hors intersection,Normale,Sans collision,,,,,,,,,,,5,2,1,1,7
200500075903,0005-11-21 20:30:00,5,11,21,20,30,810,65.0,ROUTE DEPARTEMENTALE 47,,,Nuit sans éclairage public,Hors agglomération,Intersection en X,Normale,Deux véhicules - côté,,,,,,,,,,,3,1,2,1,3
200500075904,0005-11-25 16:10:00,5,11,25,16,10,810,65.0,LYAUTEY (BD.MARECHAL),,,Plein jour,En agglomération,Hors intersection,Normale,Sans collision,,,,,,,,,,,1,2,1,1,7
200500075905,0005-11-25 14:45:00,5,11,25,14,45,810,65.0,BOULARAN (CHEMIN DE),,,Plein jour,Hors agglomération,Hors intersection,Normale,Sans collision,,,,,,,,,,,1,1,1,1,7
200500075906,0005-11-29 13:30:00,5,11,29,13,30,810,65.0,ALBI (RTE D'),,,Plein jour,Hors agglomération,Intersection en T,Normale,Autre collision,,,,,,,,,,,1,1,3,1,6
200500075907,0005-11-29 13:25:00,5,11,29,13,25,810,65.0,"23, PERIE (RUE THERON)",,,Plein jour,En agglomération,Intersection en T,Pluie légère,Deux véhicules - côté,,,,,,,,,,,1,2,3,2,3
200500075908,0005-11-25 17:30:00,5,11,25,17,30,810,105.0,REALMONT (ROUTE DE),,,Crépuscule ou aube,Hors agglomération,Hors intersection,Temps couvert,Sans collision,,,,,,,,,,,2,1,1,8,7
200500075909,0005-11-13 01:00:00,5,11,13,1,0,810,21.0,PREMIERE ARMEE FRANCAISE,,,Nuit sans éclairage public,En agglomération,Hors intersection,Pluie forte,Sans collision,,,,,,,,,,,3,2,1,3,7
200500075910,0005-11-03 09:40:00,5,11,3,9,40,810,163.0,LAGOUTINE,,,Plein jour,En agglomération,Autre intersection,Normale,Autre collision,,,,,,,,,,,1,2,9,1,6
200500075911,0005-11-26 17:20:00,5,11,26,17,20,810,163.0,"1, MERMOZ (JEAN)",,,Crépuscule ou aube,En agglomération,Intersection en X,Pluie légère,Autre collision,,,,,,,,,,,2,2,2,2,6
200500075912,0005-11-14 16:45:00,5,11,14,16,45,820,33.0,LAVALETTE (de),,,Crépuscule ou aube,En agglomération,Giratoire,Pluie légère,Deux véhicules - côté,,,,,,,,,,,2,2,6,2,3
200500075913,0005-11-13 18:30:00,5,11,13,18,30,820,121.0,"0, BORDEAUX (AVENUE DE)",,,Nuit sans éclairage public,Hors agglomération,Hors intersection,Pluie forte,Deux véhicules - frontale,,,,,,,,,,,3,1,1,3,1
200500075914,0005-11-17 09:38:00,5,11,17,9,38,820,121.0,"0, MAQUIS (RUE DU)",,,Plein jour,En agglomération,Intersection en T,Normale,Autre collision,,,,,,,,,,,1,2,3,1,6
200500075915,0005-11-19 10:59:00,5,11,19,10,59,820,121.0,VITARELLE (ROUTE DE LA),,,Plein jour,En agglomération,Intersection en X,Normale,Deux véhicules - côté,,,,,,,,,,,1,2,2,1,3
200500075916,0005-11-02 12:15:00,5,11,2,12,15,820,121.0,"0, CHROL (AVENUE DU PERE",,,Plein jour,En agglomération,Hors intersection,Normale,Autre collision,,,,,,,,,,,1,2,1,1,6
200500075917,0005-11-21 19:35:00,5,11,21,19,35,820,121.0,"0, PARIS N 20 (AVENUE DE",,,Plein jour,Hors agglomération,Giratoire,Normale,Autre collision,,,,,,,,,,,1,1,6,1,6
200500075918,0005-11-18 18:50:00,5,11,18,18,50,820,121.0,"0, MOULIN N 20 (AVENUE J",,,Nuit avec éclairage allumé,En agglomération,Intersection en T,Normale,Deux véhicules - côté,,,,,,,,,,,5,2,3,1,3
200500075919,0005-11-22 20:00:00,5,11,22,20,0,820,121.0,"0, GAMBETTA (AVENUE)",,,Nuit avec éclairage allumé,En agglomération,Intersection en X,Pluie légère,Deux véhicules - côté,,,,,,,,,,,5,2,2,2,3
200500075920,0005-11-26 18:21:00,5,11,26,18,21,820,121.0,"171, TOULOUSE (AVENUE DE",,,Nuit avec éclairage allumé,En agglomération,Hors intersection,Pluie légère,Autre collision,,,,,,,,,,,5,2,1,2,6
200500075921,0005-11-02 08:25:00,5,11,2,8,25,820,121.0,"0, BEAUSOLEIL (AVENUE DE",,,Plein jour,En agglomération,Intersection en X,Normale,Deux véhicules - arrière,,,,,,,,,,,1,2,2,1,2
200500075922,0005-11-11 13:20:00,5,11,11,13,20,830,50.0,"1200, BLUM(BOULEVARD LEO",,,Plein jour,En agglomération,Hors intersection,Normale,Autre collision,,,,,,,,,,,1,2,1,1,6
200500075923,0005-11-06 15:43:00,5,11,6,15,43,830,61.0,"1702, RN98 ST AYGULF",,,Plein jour,En agglomération,Hors intersection,Normale,Deux véhicules - arrière,,,,,,,,,,,1,2,1,1,2
200500075924,0005-11-11 17:45:00,5,11,11,17,45,830,61.0,"284, RUE ALBERT EINAUDI",,,Nuit avec éclairage allumé,En agglomération,Hors intersection,Normale,Deux véhicules - arrière,,,,,,,,,,,5,2,1,1,2
200500075925,0005-11-13 15:17:00,5,11,13,15,17,830,61.0,"0, AVENUE DU GÉNÉRAL D'A",,,Plein jour,En agglomération,Hors intersection,Normale,Deux véhicules - arrière,,,,,,,,,,,1,2,1,1,2
200500075926,0005-11-17 19:45:00,5,11,17,19,45,830,61.0,"0, CD8",,,Nuit sans éclairage public,Hors agglomération,Hors intersection,Normale,Deux véhicules - frontale,,,,,,,,,,,3,1,1,1,1
200500075927,0005-11-20 19:10:00,5,11,20,19,10,830,61.0,"0, AVENUE DE LATTRE DE T",,,Nuit avec éclairage allumé,En agglomération,Autre intersection,Normale,Deux véhicules - côté,,,,,,,,,,,5,2,9,1,3
200500075928,0005-11-19 12:30:00,5,11,19,12,30,830,61.0,"0, AVENUE DE L'ARGENS",,,Plein jour,En agglomération,Hors intersection,Normale,Deux véhicules - côté,,,,,,,,,,,1,2,1,1,3
200500075929,0005-11-23 16:47:00,5,11,23,16,47,830,61.0,"303, RUE D'AGAY",,,Crépuscule ou aube,En agglomération,Hors intersection,Normale,Deux véhicules - côté,,,,,,,,,,,2,2,1,1,3
200500075930,0005-11-12 02:25:00,5,11,12,2,25,830,69.0,ALMANARRE (ROUTE DE L'),,,Nuit avec éclairage allumé,En agglomération,Hors intersection,Normale,Autre collision,,,,,,,,,,,5,2,1,1,6
200500075931,0005-11-12 06:50:00,5,11,12,6,50,830,129.0,"151 bis, ROUVEAU (RUE DU",,,Crépuscule ou aube,En agglomération,Hors intersection,Normale,Deux véhicules - côté,,,,,,,,,,,2,2,1,1,3
200500075932,0005-11-11 16:15:00,5,11,11,16,15,830,123.0,GARE (ROUTE),,,Plein jour,En agglomération,Hors intersection,Normale,Autre collision,,,,,,,,,,,1,2,1,1,6
200500075933,0005-11-13 17:40:00,5,11,13,17,40,830,129.0,"543, JUIN MARECHAL (AV D",,,Nuit avec éclairage non allumé,En agglomération,Hors intersection,Pluie légère,Autre collision,,,,,,,,,,,4,2,1,2,6
200500075934,0005-11-16 18:25:00,5,11,16,18,25,830,129.0,"246, SOLVIOU (CORNICHE D",,,Nuit avec éclairage allumé,En agglomération,Hors intersection,Normale,Trois véhicules et plus - collisions multiples,,,,,,,,,,,5,2,1,1,5
200500075935,0005-11-19 18:00:00,5,11,19,18,0,830,9.0,JEAN COSTE (AVENUE),,,Nuit avec éclairage non allumé,En agglomération,Intersection en T,Normale,Deux véhicules - côté,,,,,,,,,,,4,2,3,1,3
200500075936,0005-11-18 17:40:00,5,11,18,17,40,830,129.0,SABLETTES (ROUTE DES),,,Nuit avec éclairage allumé,En agglomération,Hors intersection,Normale,Deux véhicules - côté,,,,,,,,,,,5,2,1,1,3
200500075937,0005-11-30 06:45:00,5,11,30,6,45,830,9.0,"312, ONZE NOVEMBRE 1945",,,Nuit avec éclairage allumé,En agglomération,Hors intersection,Normale,Autre collision,,,,,,,,,,,5,2,1,1,6
200500075938,0005-11-02 08:15:00,5,11,2,8,15,830,126.0,", LONDRES (AV DE)",,,Plein jour,En agglomération,Hors intersection,Normale,Trois véhicules et plus - en chaîne,,,,,,,,,,,1,2,1,1,4
200500075939,0005-11-04 07:55:00,5,11,4,7,55,830,126.0,", LAGANE (AMABLE)",,,Plein jour,En agglomération,Intersection en X,Temps couvert,Deux véhicules - côté,,,,,,,,,,,1,2,2,8,3
200500075940,0005-11-07 15:30:00,5,11,7,15,30,830,126.0,EUROPE (BD DE L'),,,Plein jour,En agglomération,Intersection en X,Normale,Deux véhicules - côté,,,,,,,,,,,1,2,2,1,3
200500075941,0005-11-08 09:25:00,5,11,8,9,25,830,126.0,JUIN (AV MARECHAL),,,Plein jour,En agglomération,Intersection en Y,Normale,Deux véhicules - côté,,,,,,,,,,,1,2,4,1,3
200500075942,0005-11-05 07:40:00,5,11,5,7,40,830,126.0,D559,,,Plein jour,En agglomération,Hors intersection,Normale,Deux véhicules - côté,,,,,,,,,,,1,2,1,1,3
200500075943,0005-11-11 05:00:00,5,11,11,5,0,830,126.0,DE LATTRE DE TASSIGNY (R,,,Nuit avec éclairage allumé,En agglomération,Intersection en X,Normale,Autre collision,,,,,,,,,,,5,2,2,1,6
200500075944,0005-11-08 21:20:00,5,11,8,21,20,830,126.0,DE GAULLE (AV CHARLES),,,Nuit avec éclairage allumé,En agglomération,Hors intersection,Normale,Autre collision,,,,,,,,,,,5,2,1,1,6
200500075945,0005-11-09 16:45:00,5,11,9,16,45,830,126.0,COLLINES DE TAMARIS (LES,,,Plein jour,En agglomération,Intersection en X,Normale,Deux véhicules - côté,,,,,,,,,,,1,2,2,1,3
200500075946,0005-11-08 06:45:00,5,11,8,6,45,830,126.0,ORVES (AV ESTIENNE D'),,,Crépuscule ou aube,En agglomération,Intersection en Y,Normale,Deux véhicules - côté,,,,,,,,,,,2,2,4,1,3
200500075947,0005-11-12 18:45:00,5,11,12,18,45,830,126.0,MISTRAL (AV FREDERIC),,,Nuit avec éclairage allumé,En agglomération,Hors intersection,Pluie forte,Autre collision,,,,,,,,,,,5,2,1,3,6