accident_id,datetime,annee,mois,jour,heure,minute,departement,commune_insee,adresse,latitude,longitude,luminosite,agglomeration,intersection,meteo,collision,nb_vehicules,nb_usagers,nb_indemnes,nb_tues,nb_blesses_hosp,nb_blesses_legers,age_cond_1,age_cond_2,veh_type_cond_1,veh_type_cond_2,lum_code,agg_code,int_code,atm_code,col_code
200500076200,0005-11-03 12:30:00,5,11,3,12,30,910,521.0,"., REMY (RUE ALBERT)",,,Plein jour,En agglomération,Hors intersection,Normale,Deux véhicules - arrière,,,,,,,,,,,1,2,1,1,2
200500076201,0005-11-04 16:20:00,5,11,4,16,20,910,228.0,BOIS SAUVAGE (RUE DU),,,Plein jour,En agglomération,Intersection en T,Normale,Deux véhicules - côté,,,,,,,,,,,1,2,3,1,3
200500076202,0005-11-07 09:10:00,5,11,7,9,10,910,228.0,"., RN7",,,Plein jour,En agglomération,Hors intersection,Pluie légère,Trois véhicules et plus - en chaîne,,,,,,,,,,,1,2,1,2,4
200500076203,0005-11-08 18:30:00,5,11,8,18,30,910,228.0,"., YERRES (BD)",,,Nuit avec éclairage allumé,En agglomération,Hors intersection,Normale,Deux véhicules - arrière,,,,,,,,,,,5,2,1,1,2
200500076204,0005-11-10 08:30:00,5,11,10,8,30,910,228.0,"., DECAUVILLE (BOULEVARD",,,Plein jour,En agglomération,Hors intersection,Normale,Autre collision,,,,,,,,,,,1,2,1,1,6
200500076205,0005-11-13 13:20:00,5,11,13,13,20,910,182.0,"., BOURDET (RUE LOUIS)",,,Plein jour,Hors agglomération,Hors intersection,Normale,Sans collision,,,,,,,,,,,1,1,1,1,7
200500076206,0005-11-12 17:40:00,5,11,12,17,40,910,521.0,"., AUNETTE (AVENUE DE L'",,,Nuit avec éclairage allumé,En agglomération,Hors intersection,Pluie légère,Deux véhicules - côté,,,,,,,,,,,5,2,1,2,3
200500076207,0005-11-15 18:00:00,5,11,15,18,0,910,182.0,"., MARE NEUVE (RUE DE LA",,,Nuit avec éclairage allumé,En agglomération,Hors intersection,Pluie légère,Deux véhicules - arrière,,,,,,,,,,,5,2,1,2,2
200500076208,0005-11-16 17:30:00,5,11,16,17,30,910,521.0,"., REMY (RUE ALBERT)",,,Nuit avec éclairage allumé,En agglomération,Hors intersection,Normale,Autre collision,,,,,,,,,,,5,2,1,1,6
200500076209,0005-11-17 18:40:00,5,11,17,18,40,910,228.0,"., COQUIBUS(BD)",,,Nuit avec éclairage allumé,En agglomération,Hors intersection,Normale,Autre collision,,,,,,,,,,,5,2,1,1,6
200500076210,0005-11-21 07:00:00,5,11,21,7,0,910,182.0,"., BOIS BRIARD (RUE DU)",,,Nuit avec éclairage allumé,En agglomération,Hors intersection,Normale,Autre collision,,,,,,,,,,,5,2,1,1,6
200500076211,0005-11-21 17:50:00,5,11,21,17,50,910,521.0,"24, LIBERATION (AVENUE D",,,Nuit avec éclairage allumé,En agglomération,Hors intersection,Normale,Trois véhicules et plus - collisions multiples,,,,,,,,,,,5,2,1,1,5
200500076212,0005-11-21 19:35:00,5,11,21,19,35,910,182.0,"., MARQUIS DE RAIES (RUE",,,Nuit avec éclairage allumé,En agglomération,Hors intersection,Normale,Autre collision,,,,,,,,,,,5,2,1,1,6
200500076213,0005-11-22 19:40:00,5,11,22,19,40,910,228.0,CHAMPS ELYSEES (BD)N°1A,,,Nuit avec éclairage allumé,En agglomération,Hors intersection,Normale,Deux véhicules - côté,,,,,,,,,,,5,2,1,1,3
200500076214,0005-11-24 23:55:00,5,11,24,23,55,910,228.0,"., RN7",,,Nuit avec éclairage allumé,En agglomération,Hors intersection,Pluie légère,Sans collision,,,,,,,,,,,5,2,1,2,7
200500076215,0005-11-27 09:55:00,5,11,27,9,55,910,228.0,"., SEGUIN (COURS MARC)",,,Plein jour,En agglomération,Giratoire,Normale,Deux véhicules - arrière,,,,,,,,,,,1,2,6,1,2
200500076216,0005-11-27 17:05:00,5,11,27,17,5,910,521.0,"., REMY (RUE ALBERT)",,,Plein jour,En agglomération,Hors intersection,Normale,Deux véhicules - côté,,,,,,,,,,,1,2,1,1,3
200500076217,0005-11-18 06:45:00,5,11,18,6,45,910,286.0,"000, R.N. 7",,,Nuit avec éclairage allumé,En agglomération,Hors intersection,Normale,Autre collision,,,,,,,,,,,5,2,1,1,6
200500076218,0005-11-03 02:30:00,5,11,3,2,30,910,687.0,"000, GENERAL DE GAULLE (",,,Nuit avec éclairage allumé,En agglomération,Hors intersection,Normale,Deux véhicules - côté,,,,,,,,,,,5,2,1,1,3
200500076219,0005-11-04 12:25:00,5,11,4,12,25,910,286.0,"00, CORBEIL (ROUTE DE)",,,Plein jour,En agglomération,Hors intersection,Normale,Autre collision,,,,,,,,,,,1,2,1,1,6
200500076220,0005-11-04 10:50:00,5,11,4,10,50,910,286.0,"000, ROUTE NATIONALE 445",,,Plein jour,En agglomération,Hors intersection,Normale,Autre collision,,,,,,,,,,,1,2,1,1,6
200500076221,0005-11-14 09:20:00,5,11,14,9,20,910,434.0,"3, HENRI BARBUSSE (AVENU",,,Plein jour,En agglomération,Hors intersection,Normale,Autre collision,,,,,,,,,,,1,2,1,1,6
200500076222,0005-11-12 16:00:00,5,11,12,16,0,910,286.0,"000, HENRI BARBUSSE (PLA",,,Plein jour,En agglomération,Hors intersection,Normale,Autre collision,,,,,,,,,,,1,2,1,1,6
200500076223,0005-11-10 16:30:00,5,11,10,16,30,910,286.0,"000, ROUTE NATIONALE 7",,,Plein jour,En agglomération,Hors intersection,Normale,Autre collision,,,,,,,,,,,1,2,1,1,6
200500076224,0005-11-26 10:55:00,5,11,26,10,55,910,326.0,"000, MARECHAL LECLERC (P",,,Plein jour,En agglomération,Hors intersection,Neige / grêle,Autre collision,,,,,,,,,,,1,2,1,4,6
200500076225,0005-11-16 17:30:00,5,11,16,17,30,910,345.0,"160, PRESIDENT FRANCOIS",,,Nuit avec éclairage allumé,En agglomération,Hors intersection,Normale,Autre collision,,,,,,,,,,,5,2,1,1,6
200500076226,0005-11-02 07:30:00,5,11,2,7,30,910,421.0,"30, JEAN JAURES (AVENUE)",,,Crépuscule ou aube,En agglomération,Hors intersection,Normale,Autre collision,,,,,,,,,,,2,2,1,1,6
200500076227,0005-11-03 08:35:00,5,11,3,8,35,910,421.0,"45, RAYMOND POMIER (RUE)",,,Plein jour,En agglomération,Intersection en T,Normale,Trois véhicules et plus - en chaîne,,,,,,,,,,,1,2,3,1,4
200500076228,0005-11-04 11:45:00,5,11,4,11,45,910,421.0,"50, GENERAL LECLERC (RUE",,,Plein jour,En agglomération,Hors intersection,Normale,Trois véhicules et plus - en chaîne,,,,,,,,,,,1,2,1,1,4
200500076229,0005-11-07 09:20:00,5,11,7,9,20,910,421.0,"178, REPUBLIQUE (AVENUE",,,Plein jour,En agglomération,Hors intersection,Normale,Sans collision,,,,,,,,,,,1,2,1,1,7
200500076230,0005-11-08 18:15:00,5,11,8,18,15,910,691.0,"25, GRANGE(AVENUE)",,,Nuit avec éclairage allumé,En agglomération,Hors intersection,Normale,Deux véhicules - côté,,,,,,,,,,,5,2,1,1,3
200500076231,0005-11-13 03:10:00,5,11,13,3,10,910,421.0,"105, REPUBLIQUE (AVENUE",,,Nuit avec éclairage allumé,En agglomération,Hors intersection,Normale,Autre collision,,,,,,,,,,,5,2,1,1,6
200500076232,0005-11-13 07:45:00,5,11,13,7,45,910,421.0,"123, REPUBLIQUE (AVENUE",,,Nuit avec éclairage allumé,En agglomération,Hors intersection,Normale,Autre collision,,,,,,,,,,,5,2,1,1,6
200500076233,0005-11-04 16:35:00,5,11,4,16,35,910,421.0,"186, REPUBLIQUE (AVENUE",,,Plein jour,En agglomération,Hors intersection,Normale,Deux véhicules - côté,,,,,,,,,,,1,2,1,1,3
200500076234,0005-11-06 18:00:00,5,11,6,18,0,910,421.0,"89, CORBEIL (ROUTE DE)",,,Nuit avec éclairage allumé,En agglomération,Intersection en T,Normale,Deux véhicules - frontale,,,,,,,,,,,5,2,3,1,1
200500076235,0005-11-10 18:05:00,5,11,10,18,5,910,421.0,"79, REPUBLIQUE (AVENUE D",,,Nuit avec éclairage allumé,En agglomération,Intersection en T,Normale,Deux véhicules - côté,,,,,,,,,,,5,2,3,1,3
200500076236,0005-11-14 18:25:00,5,11,14,18,25,910,691.0,"92, GENERAL LECLER(RUE)",,,Nuit avec éclairage allumé,En agglomération,Hors intersection,Normale,Deux véhicules - côté,,,,,,,,,,,5,2,1,1,3
200500076237,0005-11-15 20:05:00,5,11,15,20,5,910,691.0,"44, PAUL DOUMER(RUE)",,,Nuit avec éclairage allumé,En agglomération,Hors intersection,Normale,Deux véhicules - côté,,,,,,,,,,,5,2,1,1,3
200500076238,0005-11-17 07:45:00,5,11,17,7,45,910,691.0,"126, CONCY(RUE)",,,Nuit avec éclairage allumé,En agglomération,Hors intersection,Normale,Autre collision,,,,,,,,,,,5,2,1,1,6
200500076239,0005-11-17 20:30:00,5,11,17,20,30,910,421.0,"125, CHARLES DE GAULLE (",,,Nuit avec éclairage allumé,En agglomération,Hors intersection,Normale,Deux véhicules - côté,,,,,,,,,,,5,2,1,1,3
200500076240,0005-11-19 18:25:00,5,11,19,18,25,910,691.0,"15, RENE COTY(RUE)",,,Nuit avec éclairage allumé,En agglomération,Hors intersection,Normale,Trois véhicules et plus - collisions multiples,,,,,,,,,,,5,2,1,1,5
200500076241,0005-11-30 17:50:00,5,11,30,17,50,910,421.0,NATIONALE 6 (GLACIERE),,,Plein jour,Hors agglomération,Hors intersection,Temps couvert,Trois véhicules et plus - en chaîne,,,,,,,,,,,1,1,1,8,4
200500076242,0005-11-30 17:30:00,5,11,30,17,30,910,191.0,"15, LEON JOUHAUX (AVENUE",,,Nuit avec éclairage allumé,En agglomération,Hors intersection,Temps couvert,Deux véhicules - côté,,,,,,,,,,,5,2,1,8,3
200500076243,0005-11-26 12:20:00,5,11,26,12,20,910,471.0,"11, TROIS FERMES (RUE DE",,,Plein jour,En agglomération,Hors intersection,Neige / grêle,Deux véhicules - frontale,,,,,,,,,,,1,2,1,4,1
200500076244,0005-11-02 14:45:00,5,11,2,14,45,910,477.0,"60, VICTOR HUGO (RUE)",,,Plein jour,En agglomération,Hors intersection,Pluie légère,Deux véhicules - arrière,,,,,,,,,,,1,2,1,2,2
200500076245,0005-11-20 05:10:00,5,11,20,5,10,910,692.0,R.N 446,,,Nuit sans éclairage public,Hors agglomération,Hors intersection,Brouillard / fumée,Deux véhicules - frontale,,,,,,,,,,,3,1,1,5,1
200500076246,0005-11-17 19:15:00,5,11,17,19,15,910,692.0,R.N 446,,,Nuit sans éclairage public,Hors agglomération,Hors intersection,Brouillard / fumée,Deux véhicules - côté,,,,,,,,,,,3,1,1,5,3
200500076247,0005-11-22 09:40:00,5,11,22,9,40,910,312.0,"0, VAUHALLAN (ROUTE)",,,Plein jour,En agglomération,Intersection en X,Normale,Deux véhicules - arrière,,,,,,,,,,,1,2,2,1,2
200500076248,0005-11-23 15:20:00,5,11,23,15,20,910,477.0,GUTEMBERG (RUE),,,Plein jour,En agglomération,Hors intersection,Normale,Deux véhicules - arrière,,,,,,,,,,,1,2,1,1,2
200500076249,0005-11-25 16:50:00,5,11,25,16,50,910,122.0,"39, MONTJAY (RUE DE)",,,Nuit avec éclairage allumé,Hors agglomération,Hors intersection,Temps couvert,Trois véhicules et plus - collisions multiples,,,,,,,,,,,5,1,1,8,5
200500076250,0005-11-27 13:15:00,5,11,27,13,15,910,122.0,"139, CHARLES DE GAULLE(R",,,Plein jour,En agglomération,Hors intersection,Normale,Autre collision,,,,,,,,,,,1,2,1,1,6
200500076251,0005-11-30 10:55:00,5,11,30,10,55,910,64.0,"0, CHENE ROND",,,Plein jour,En agglomération,Hors intersection,Normale,Autre collision,,,,,,,,,,,1,2,1,1,6
200500076252,0005-11-02 18:22:00,5,11,2,18,22,910,471.0,CHARTRES (ROUTE DE),,,Nuit avec éclairage allumé,En agglomération,Intersection en X,Pluie légère,Deux véhicules - frontale,,,,,,,,,,,5,2,2,2,1
200500076253,0005-11-27 12:35:00,5,11,27,12,35,910,64.0,CD 117 (ROUTE DE JOUY),,,Plein jour,Hors agglomération,Intersection en X,Pluie légère,Trois véhicules et plus - collisions multiples,,,,,,,,,,,1,1,2,2,5
200500076254,0005-11-18 12:20:00,5,11,18,12,20,910,692.0,CENTRE COMMERCIAL ULIS I,,,Plein jour,En agglomération,Hors intersection,Normale,Autre collision,,,,,,,,,,,1,2,1,1,6
200500076255,0005-11-08 13:05:00,5,11,8,13,5,910,549.0,PARKING CARREFOUR,,,Plein jour,En agglomération,Hors intersection,Normale,Sans collision,,,,,,,,,,,1,2,1,1,7
200500076256,0005-11-22 08:40:00,5,11,22,8,40,910,685.0,"1, CHASSE (ROUTE)",,,Plein jour,En agglomération,Hors intersection,Normale,Deux véhicules - côté,,,,,,,,,,,1,2,1,1,3
200500076257,0005-11-23 12:40:00,5,11,23,12,40,910,549.0,"1, LEO LAGRANGE (RUE)",,,Plein jour,En agglomération,Hors intersection,Normale,Sans collision,,,,,,,,,,,1,2,1,1,7
200500076258,0005-11-07 06:30:00,5,11,7,6,30,910,432.0,"68, DE GAULLE  (AVENUE C",,,Nuit avec éclairage allumé,En agglomération,Hors intersection,Normale,Autre collision,,,,,,,,,,,5,2,1,1,6
200500076259,0005-11-11 14:42:00,5,11,11,14,42,910,589.0,DUNANT (RUE HENRI),,,Plein jour,En agglomération,Hors intersection,Normale,Trois véhicules et plus - en chaîne,,,,,,,,,,,1,2,1,1,4
200500076260,0005-11-24 07:30:00,5,11,24,7,30,910,589.0,"120, BRIAND (BOULEVARD A",,,Plein jour,En agglomération,Intersection à plus de 4 branches,Normale,Autre collision,,,,,,,,,,,1,2,5,1,6
200500076261,0005-11-09 18:15:00,5,11,9,18,15,920,2.0,"., MAURICE LABROUSSE (RU",,,Nuit avec éclairage allumé,En agglomération,Hors intersection,Normale,Deux véhicules - côté,,,,,,,,,,,5,2,1,1,3
200500076262,0005-11-14 09:15:00,5,11,14,9,15,920,2.0,"21, SOURCES (RUE DES)",,,Plein jour,En agglomération,Hors intersection,Normale,Autre collision,,,,,,,,,,,1,2,1,1,6
200500076263,0005-11-15 17:10:00,5,11,15,17,10,920,2.0,", DIVISION LECLERC (31 A",,,Crépuscule ou aube,En agglomération,Intersection en X,Pluie légère,Autre collision,,,,,,,,,,,2,2,2,2,6
200500076264,0005-11-22 11:10:00,5,11,22,11,10,920,2.0,"., JEAN MONNET (AVENUE)",,,Plein jour,En agglomération,Intersection en X,Normale,Deux véhicules - côté,,,,,,,,,,,1,2,2,1,3
200500076265,0005-11-29 18:00:00,5,11,29,18,0,920,14.0,"193, GENERAL LECLERC (AV",,,Nuit avec éclairage allumé,En agglomération,Hors intersection,Normale,Deux véhicules - côté,,,,,,,,,,,5,2,1,1,3
200500076266,0005-11-07 00:10:00,5,11,7,0,10,920,9.0,REDOUTE ( AVENUE DE LA,,,Nuit avec éclairage allumé,En agglomération,Intersection en X,Pluie légère,Autre collision,,,,,,,,,,,5,2,2,2,6
200500076267,0005-11-16 20:15:00,5,11,16,20,15,920,9.0,"42, VOLTAIRE ( BD 16 A F",,,Nuit avec éclairage allumé,En agglomération,Hors intersection,Normale,Autre collision,,,,,,,,,,,5,2,1,1,6
200500076268,0005-11-20 12:15:00,5,11,20,12,15,920,9.0,"4, FAIDHERBE ( AVENUE )",,,Plein jour,En agglomération,Intersection en X,Normale,Autre collision,,,,,,,,,,,1,2,2,1,6
200500076269,0005-11-20 20:15:00,5,11,20,20,15,920,9.0,VOLTAIRE ( BD ),,,Nuit avec éclairage allumé,En agglomération,Intersection en T,Normale,Deux véhicules - arrière,,,,,,,,,,,5,2,3,1,2
200500076270,0005-11-22 20:15:00,5,11,22,20,15,920,9.0,VOLTAIRE ( BD ),,,Nuit avec éclairage allumé,En agglomération,Place,Normale,Autre collision,,,,,,,,,,,5,2,7,1,6
200500076271,0005-11-23 15:55:00,5,11,23,15,55,920,9.0,"10, BAS ( RUE DES )",,,Plein jour,En agglomération,Intersection en Y,Normale,Autre collision,,,,,,,,,,,1,2,4,1,6
200500076272,0005-11-24 11:30:00,5,11,24,11,30,920,4.0,"4, MAURICE BOKANOWSKI",,,Plein jour,En agglomération,Intersection en T,Normale,Autre collision,,,,,,,,,,,1,2,3,1,6
200500076273,0005-11-27 14:20:00,5,11,27,14,20,920,9.0,BOURGUIGNONS ( RUE 33 A,,,Plein jour,En agglomération,Intersection en T,Normale,Deux véhicules - frontale,,,,,,,,,,,1,2,3,1,1
200500076274,0005-11-28 17:25:00,5,11,28,17,25,920,9.0,"26, VOLTAIRE ( BD )",,,Crépuscule ou aube,En agglomération,Autre intersection,Normale,Autre collision,,,,,,,,,,,2,2,9,1,6
200500076275,0005-11-30 07:50:00,5,11,30,7,50,920,9.0,"15, BAS ( RUE DES )",,,Crépuscule ou aube,En agglomération,Hors intersection,Normale,Autre collision,,,,,,,,,,,2,2,1,1,6
200500076276,0005-11-14 15:30:00,5,11,14,15,30,920,7.0,"-, DORMOY (AVENUE MARX)",,,Plein jour,En agglomération,Intersection en X,Normale,Deux véhicules - côté,,,,,,,,,,,1,2,2,1,3
200500076277,0005-11-16 13:50:00,5,11,16,13,50,920,7.0,MARTYRS DE CHATEAUBRIANT,,,Plein jour,En agglomération,Giratoire,Normale,Deux véhicules - côté,,,,,,,,,,,1,2,6,1,3
200500076278,0005-11-21 08:20:00,5,11,21,8,20,920,7.0,"22, OLIVETTES (RUE DES)",,,Plein jour,En agglomération,Hors intersection,Normale,Autre collision,,,,,,,,,,,1,2,1,1,6
200500076279,0005-11-21 07:35:00,5,11,21,7,35,920,7.0,"13, CHARTRES (RUE DE)",,,Nuit avec éclairage allumé,En agglomération,Hors intersection,Normale,Trois véhicules et plus - collisions multiples,,,,,,,,,,,5,2,1,1,5
200500076280,0005-11-26 16:00:00,5,11,26,16,0,920,7.0,"113, VERDUN (RUE DE) N°",,,Plein jour,En agglomération,Hors intersection,Normale,Autre collision,,,,,,,,,,,1,2,1,1,6
200500076281,0005-11-30 19:05:00,5,11,30,19,5,920,7.0,"-, JAURES (AVENUE JEAN)",,,Nuit avec éclairage allumé,En agglomération,Hors intersection,Normale,Deux véhicules - frontale,,,,,,,,,,,5,2,1,1,1
200500076282,0005-11-01 14:45:00,5,11,1,14,45,920,12.0,ANATOLE FRANCE (BOULEVAR,,,Plein jour,En agglomération,Intersection en X,Normale,Autre collision,,,,,,,,,,,1,2,2,1,6
200500076283,0005-11-05 14:00:00,5,11,5,14,0,920,12.0,"103, SEVRES (RUE DE) 55B",,,Plein jour,En agglomération,Hors intersection,Pluie légère,Autre collision,,,,,,,,,,,1,2,1,2,6
200500076284,0005-11-07 22:00:00,5,11,7,22,0,920,12.0,ROBERT SCHUMAN (AVENUE),,,Nuit avec éclairage allumé,En agglomération,Hors intersection,Normale,Autre collision,,,,,,,,,,,5,2,1,1,6
200500076285,0005-11-08 15:30:00,5,11,8,15,30,920,12.0,QUATRE SEPTEMBRE (QUAI D,,,Plein jour,En agglomération,Hors intersection,Normale,Autre collision,,,,,,,,,,,1,2,1,1,6
200500076286,0005-11-09 10:15:00,5,11,9,10,15,920,12.0,PONT DE SEVRES (ROND POI,,,Plein jour,En agglomération,Giratoire,Pluie légère,Autre collision,,,,,,,,,,,1,2,6,2,6
200500076287,0005-11-10 19:30:00,5,11,10,19,30,920,12.0,"1, JEAN JAURES (BOULEVAR",,,Nuit avec éclairage allumé,En agglomération,Intersection en T,Normale,Autre collision,,,,,,,,,,,5,2,3,1,6
200500076288,0005-11-14 18:20:00,5,11,14,18,20,920,12.0,"119, REINE (ROUTE DE LA)",,,Crépuscule ou aube,En agglomération,Intersection en X,Normale,Autre collision,,,,,,,,,,,2,2,2,1,6
200500076289,0005-11-16 05:30:00,5,11,16,5,30,920,12.0,"107, SILLY (RUE DE) 89/F",,,Nuit avec éclairage allumé,En agglomération,Intersection en T,Normale,Deux véhicules - côté,,,,,,,,,,,5,2,3,1,3
200500076290,0005-11-11 22:00:00,5,11,11,22,0,920,12.0,JEAN JAURES (BOULEVARD),,,Nuit avec éclairage allumé,En agglomération,Giratoire,Normale,Autre collision,,,,,,,,,,,5,2,6,1,6
200500076291,0005-11-16 18:00:00,5,11,16,18,0,920,12.0,"114, GALLIENI (RUE) 55/1",,,Nuit avec éclairage allumé,En agglomération,Hors intersection,Normale,Autre collision,,,,,,,,,,,5,2,1,1,6
200500076292,0005-11-17 21:05:00,5,11,17,21,5,920,12.0,"191, JEAN JAURES (BOULEV",,,Nuit avec éclairage allumé,En agglomération,Hors intersection,Normale,Autre collision,,,,,,,,,,,5,2,1,1,6
200500076293,0005-11-21 11:25:00,5,11,21,11,25,920,12.0,RHIN ET DANUBE (ROND POI,,,Plein jour,En agglomération,Giratoire,Normale,Autre collision,,,,,,,,,,,1,2,6,1,6
200500076294,0005-11-14 11:50:00,5,11,14,11,50,920,12.0,"52, SEVRES (RUE DE) 55BI",,,Plein jour,En agglomération,Hors intersection,Normale,Autre collision,,,,,,,,,,,1,2,1,1,6
200500076295,0005-11-25 20:00:00,5,11,25,20,0,920,12.0,"127, CHATEAU (RUE DU) 12",,,Nuit avec éclairage allumé,En agglomération,Hors intersection,Normale,Autre collision,,,,,,,,,,,5,2,1,1,6
200500076296,0005-11-28 20:10:00,5,11,28,20,10,920,12.0,FELIX D'HERELLE (AVENUE),,,Nuit avec éclairage allumé,En agglomération,Hors intersection,Normale,Autre collision,,,,,,,,,,,5,2,1,1,6
200500076297,0005-11-25 14:00:00,5,11,25,14,0,920,12.0,CHATEAU (RUE DU) 1/125 -,,,Plein jour,En agglomération,Intersection en X,Pluie légère,Autre collision,,,,,,,,,,,1,2,2,2,6
200500076298,0005-11-13 12:20:00,5,11,13,12,20,920,32.0,LANGEVI PAUL (AVENUE),,,Plein jour,En agglomération,Intersection en X,Normale,Deux véhicules - côté,,,,,,,,,,,1,2,2,1,3
200500076299,0005-11-16 10:30:00,5,11,16,10,30,920,19.0,"297, LECLERC DIVISION (A",,,Plein jour,En agglomération,Hors intersection,Pluie légère,Deux véhicules - côté,,,,,,,,,,,1,2,1,2,3
200500076300,0005-11-22 20:15:00,5,11,22,20,15,920,71.0,"15, CLEMENCEAU GEORGES (",,,Nuit avec éclairage allumé,En agglomération,Hors intersection,Normale,Deux véhicules - arrière,,,,,,,,,,,5,2,1,1,2
200500076301,0005-11-23 10:25:00,5,11,23,10,25,920,71.0,"119, HOUDAN (RUE)",,,Plein jour,En agglomération,Hors intersection,Normale,Autre collision,,,,,,,,,,,1,2,1,1,6
200500076302,0005-11-25 18:35:00,5,11,25,18,35,920,71.0,"26, COLBERT (BOULEVARD)",,,Nuit avec éclairage allumé,En agglomération,Intersection en T,Normale,Deux véhicules - arrière,,,,,,,,,,,5,2,3,1,2
200500076303,0005-11-05 07:30:00,5,11,5,7,30,920,60.0,DESCARTES (AVENUE),,,Crépuscule ou aube,En agglomération,Hors intersection,Normale,Autre collision,,,,,,,,,,,2,2,1,1,6
200500076304,0005-11-08 18:55:00,5,11,8,18,55,920,60.0,CHARLES DE GAULLE (AVENU,,,Nuit avec éclairage allumé,En agglomération,Hors intersection,Normale,Autre collision,,,,,,,,,,,5,2,1,1,6
200500076305,0005-11-09 18:55:00,5,11,9,18,55,920,23.0,"18, FRERES VIGOUROUX (BO",,,Nuit avec éclairage allumé,En agglomération,Hors intersection,Normale,Deux véhicules - côté,,,,,,,,,,,5,2,1,1,3
200500076306,0005-11-09 09:20:00,5,11,9,9,20,920,23.0,EMMANUEL SARTY  (RUE),,,Plein jour,En agglomération,Intersection en X,Pluie légère,Deux véhicules - côté,,,,,,,,,,,1,2,2,2,3
200500076307,0005-11-02 12:25:00,5,11,2,12,25,920,23.0,"17, GENERAL DE GAULLE (A",,,Plein jour,En agglomération,Hors intersection,Normale,Trois véhicules et plus - en chaîne,,,,,,,,,,,1,2,1,1,4
200500076308,0005-11-13 13:45:00,5,11,13,13,45,920,60.0,CHARLES DE GAULLE (AVENU,,,Plein jour,En agglomération,Intersection en X,Normale,Deux véhicules - côté,,,,,,,,,,,1,2,2,1,3
200500076309,0005-11-15 10:00:00,5,11,15,10,0,920,60.0,HUIT MAI 1945 (PLACE DU),,,Plein jour,En agglomération,Intersection en X,Normale,Deux véhicules - côté,,,,,,,,,,,1,2,2,1,3
200500076310,0005-11-22 05:55:00,5,11,22,5,55,920,60.0,CHARLES DE GAULLE (AVENU,,,Nuit sans éclairage public,En agglomération,Intersection en X,Normale,Autre collision,,,,,,,,,,,3,2,2,1,6
200500076311,0005-11-23 17:50:00,5,11,23,17,50,920,60.0,MALABRY (RUE DE) N°18 A,,,Nuit avec éclairage allumé,En agglomération,Hors intersection,Normale,Autre collision,,,,,,,,,,,5,2,1,1,6
200500076312,0005-11-28 23:15:00,5,11,28,23,15,920,23.0,"48, PAUL VAILLANT COUTUR",,,Nuit avec éclairage non allumé,En agglomération,Hors intersection,Normale,Autre collision,,,,,,,,,,,4,2,1,1,6
200500076313,0005-11-30 18:45:00,5,11,30,18,45,920,23.0,GARDE (PLACE DU) S101,,,Nuit avec éclairage allumé,En agglomération,Giratoire,Pluie légère,Deux véhicules - côté,,,,,,,,,,,5,2,6,2,3
200500076314,0005-11-29 15:30:00,5,11,29,15,30,920,23.0,PAUL VAILLANT COUTURIER,,,Plein jour,En agglomération,Intersection à plus de 4 branches,Normale,Deux véhicules - côté,,,,,,,,,,,1,2,5,1,3
200500076315,0005-11-01 18:20:00,5,11,1,18,20,920,24.0,GENERAL ROGUET (RUE DU),,,Nuit avec éclairage allumé,En agglomération,Hors intersection,Normale,Deux véhicules - côté,,,,,,,,,,,5,2,1,1,3
200500076316,0005-11-08 20:20:00,5,11,8,20,20,920,24.0,"25, ASNIERES (ROUTE D')",,,Nuit avec éclairage allumé,En agglomération,Hors intersection,Normale,Deux véhicules - arrière,,,,,,,,,,,5,2,1,1,2
200500076317,0005-11-02 08:40:00,5,11,2,8,40,920,24.0,"100, GENERAL LECLERC (RU",,,Plein jour,En agglomération,Hors intersection,Pluie légère,Deux véhicules - arrière,,,,,,,,,,,1,2,1,2,2
200500076318,0005-11-15 16:30:00,5,11,15,16,30,920,24.0,CLICHY (QUAI DE) DE (8 A,,,Crépuscule ou aube,En agglomération,Hors intersection,Pluie légère,Autre collision,,,,,,,,,,,2,2,1,2,6
200500076319,0005-11-10 19:45:00,5,11,10,19,45,920,24.0,"120, GENERAL LECLERC (BD",,,Nuit avec éclairage allumé,En agglomération,Intersection en T,Temps couvert,Deux véhicules - côté,,,,,,,,,,,5,2,3,8,3
200500076320,0005-11-16 10:15:00,5,11,16,10,15,920,24.0,"12, CLICHY (QUAI DE) DE",,,Plein jour,En agglomération,Hors intersection,Pluie légère,Deux véhicules - arrière,,,,,,,,,,,1,2,1,2,2
200500076321,0005-11-18 19:35:00,5,11,18,19,35,920,24.0,"50, GENERAL LECLERC (BD",,,Nuit avec éclairage allumé,En agglomération,Intersection en X,Normale,Deux véhicules - côté,,,,,,,,,,,5,2,2,1,3
200500076322,0005-11-29 22:10:00,5,11,29,22,10,920,24.0,"26, CLICHY (QUAI DE) DE",,,Nuit avec éclairage allumé,En agglomération,Intersection en T,Normale,Deux véhicules - côté,,,,,,,,,,,5,2,3,1,3
200500076323,0005-11-30 22:15:00,5,11,30,22,15,920,24.0,"31/33, MADAME DE SANZILL",,,Nuit avec éclairage allumé,En agglomération,Hors intersection,Normale,Deux véhicules - frontale,,,,,,,,,,,5,2,1,1,1
200500076324,0005-11-02 20:35:00,5,11,2,20,35,920,25.0,GABRIEL PERI (RUE),,,Nuit avec éclairage allumé,En agglomération,Intersection en T,Pluie légère,Deux véhicules - côté,,,,,,,,,,,5,2,3,2,3