accident_id,datetime,annee,mois,jour,heure,minute,departement,commune_insee,adresse,latitude,longitude,luminosite,agglomeration,intersection,meteo,collision,nb_vehicules,nb_usagers,nb_indemnes,nb_tues,nb_blesses_hosp,nb_blesses_legers,age_cond_1,age_cond_2,veh_type_cond_1,veh_type_cond_2,lum_code,agg_code,int_code,atm_code,col_code
200500076325,0005-11-05 13:05:00,5,11,5,13,5,920,25.0,GABRIEL PERI (RUE),,,Plein jour,En agglomération,Hors intersection,Pluie légère,Autre collision,,,,,,,,,,,1,2,1,2,6
200500076326,0005-11-05 18:30:00,5,11,5,18,30,920,25.0,JULES MICHELET (RUE),,,Nuit avec éclairage allumé,En agglomération,Hors intersection,Normale,Autre collision,,,,,,,,,,,5,2,1,1,6
200500076327,0005-11-07 17:00:00,5,11,7,17,0,920,25.0,E.D'ORVES > 330 & 281 (R,,,Crépuscule ou aube,En agglomération,Intersection en Y,Normale,Deux véhicules - côté,,,,,,,,,,,2,2,4,1,3
200500076328,0005-11-06 18:50:00,5,11,6,18,50,920,25.0,GABRIEL PERI (RUE),,,Nuit avec éclairage allumé,En agglomération,Intersection en X,Normale,Deux véhicules - arrière,,,,,,,,,,,5,2,2,1,2
200500076329,0005-11-09 19:00:00,5,11,9,19,0,920,25.0,CHARLES DE GAULLE (BD),,,Nuit avec éclairage allumé,En agglomération,Intersection en X,Normale,Deux véhicules - côté,,,,,,,,,,,5,2,2,1,3
200500076330,0005-11-14 13:18:00,5,11,14,13,18,920,25.0,HENRI BARBUSSE (AV),,,Plein jour,En agglomération,Intersection en T,Normale,Deux véhicules - côté,,,,,,,,,,,1,2,3,1,3
200500076331,0005-11-15 11:50:00,5,11,15,11,50,920,25.0,GABRIEL PERI (RUE),,,Plein jour,En agglomération,Intersection en T,Normale,Trois véhicules et plus - collisions multiples,,,,,,,,,,,1,2,3,1,5
200500076332,0005-11-16 17:25:00,5,11,16,17,25,920,25.0,"27, PAUL BERT (RUE)",,,Crépuscule ou aube,En agglomération,Hors intersection,Normale,Autre collision,,,,,,,,,,,2,2,1,1,6
200500076333,0005-11-17 17:30:00,5,11,17,17,30,920,25.0,"11, EUROPE (AV DE L')",,,Nuit avec éclairage allumé,En agglomération,Hors intersection,Normale,Autre collision,,,,,,,,,,,5,2,1,1,6
200500076334,0005-11-29 17:50:00,5,11,29,17,50,920,25.0,GAMBETTA (BD),,,Nuit avec éclairage allumé,En agglomération,Intersection en X,Normale,Deux véhicules - côté,,,,,,,,,,,5,2,2,1,3
200500076335,0005-11-02 08:45:00,5,11,2,8,45,920,26.0,"9999999999, MARECHAL JOF",,,Plein jour,En agglomération,Intersection en T,Temps couvert,Sans collision,,,,,,,,,,,1,2,3,8,7
200500076336,0005-11-28 18:15:00,5,11,28,18,15,920,26.0,"9999999999, VERDUN (DE 6",,,Nuit avec éclairage allumé,En agglomération,Intersection en X,Normale,Deux véhicules - côté,,,,,,,,,,,5,2,2,1,3
200500076337,0005-11-21 09:45:00,5,11,21,9,45,920,26.0,"33, VERDUN (DE 01 A 61)",,,Plein jour,En agglomération,Hors intersection,Normale,Deux véhicules - côté,,,,,,,,,,,1,2,1,1,3
200500076338,0005-11-14 07:40:00,5,11,14,7,40,920,26.0,PAUL DOUMER,,,Plein jour,En agglomération,Hors intersection,Normale,Trois véhicules et plus - collisions multiples,,,,,,,,,,,1,2,1,1,5
200500076339,0005-11-03 18:05:00,5,11,3,18,5,920,26.0,"51, VICTOR HUGO (DE 47 A",,,Crépuscule ou aube,En agglomération,Hors intersection,Normale,Deux véhicules - côté,,,,,,,,,,,2,2,1,1,3
200500076340,0005-11-11 21:18:00,5,11,11,21,18,920,26.0,PAUL DOUMER,,,Nuit avec éclairage allumé,En agglomération,Intersection en T,Normale,Deux véhicules - arrière,,,,,,,,,,,5,2,3,1,2
200500076341,0005-11-02 19:50:00,5,11,2,19,50,920,26.0,"9999999999, COLOMBES",,,Nuit avec éclairage allumé,En agglomération,Intersection en X,Pluie légère,Deux véhicules - côté,,,,,,,,,,,5,2,2,2,3
200500076342,0005-11-01 11:35:00,5,11,1,11,35,920,36.0,"0, COUTURE D'AUXERRE (RU",,,Plein jour,En agglomération,Intersection en X,Normale,Deux véhicules - arrière,,,,,,,,,,,1,2,2,1,2
200500076343,0005-11-02 07:05:00,5,11,2,7,5,920,36.0,"19, SEINE (ROUTE DE LA)",,,Crépuscule ou aube,En agglomération,Hors intersection,Normale,Deux véhicules - côté,,,,,,,,,,,2,2,1,1,3
200500076344,0005-11-03 07:35:00,5,11,3,7,35,920,36.0,"0, GENERAL DE GAULLE (AV",,,Plein jour,En agglomération,Intersection en X,Normale,Trois véhicules et plus - en chaîne,,,,,,,,,,,1,2,2,1,4
200500076345,0005-11-03 13:15:00,5,11,3,13,15,920,36.0,"10, SQUARE (RUE DU)",,,Plein jour,En agglomération,Hors intersection,Normale,Deux véhicules - arrière,,,,,,,,,,,1,2,1,1,2
200500076346,0005-11-16 18:10:00,5,11,16,18,10,920,36.0,"0, LUCIEN LANTERNIER (AV",,,Nuit avec éclairage allumé,En agglomération,Intersection en T,Normale,Deux véhicules - côté,,,,,,,,,,,5,2,3,1,3
200500076347,0005-11-21 11:00:00,5,11,21,11,0,920,36.0,"27, LIBERATION (AVENUE D",,,Plein jour,En agglomération,Hors intersection,Normale,Autre collision,,,,,,,,,,,1,2,1,1,6
200500076348,0005-11-22 08:45:00,5,11,22,8,45,920,36.0,"03, JAFFEUX (RUE)",,,Plein jour,En agglomération,Hors intersection,Normale,Autre collision,,,,,,,,,,,1,2,1,1,6
200500076349,0005-11-22 22:40:00,5,11,22,22,40,920,36.0,"100, HENRI BARBUSSE (RUE",,,Nuit avec éclairage allumé,En agglomération,Hors intersection,Normale,Autre collision,,,,,,,,,,,5,2,1,1,6
200500076350,0005-11-28 19:25:00,5,11,28,19,25,920,36.0,"100, GABRIEL PERI (AVENU",,,Nuit avec éclairage allumé,En agglomération,Hors intersection,Pluie légère,Autre collision,,,,,,,,,,,5,2,1,2,6
200500076351,0005-11-29 11:40:00,5,11,29,11,40,920,36.0,"136, LOUIS ROCHE (AVENUE",,,Plein jour,En agglomération,Hors intersection,Normale,Autre collision,,,,,,,,,,,1,2,1,1,6
200500076352,0005-11-02 11:10:00,5,11,2,11,10,920,40.0,"11, GENERAL LECLERC (DU)",,,Plein jour,En agglomération,Hors intersection,Pluie légère,Autre collision,,,,,,,,,,,1,2,1,2,6
200500076353,0005-11-04 12:00:00,5,11,4,12,0,920,40.0,"43, GENERAL LECLERC (DU)",,,Plein jour,En agglomération,Hors intersection,Pluie légère,Autre collision,,,,,,,,,,,1,2,1,2,6
200500076354,0005-11-07 19:30:00,5,11,7,19,30,920,40.0,"139 BIS, VERDUN (AVENUE",,,Nuit avec éclairage allumé,En agglomération,Hors intersection,Normale,Deux véhicules - côté,,,,,,,,,,,5,2,1,1,3
200500076355,0005-11-10 21:35:00,5,11,10,21,35,920,40.0,ROUGET DE L'ISLE,,,Nuit avec éclairage allumé,En agglomération,Hors intersection,Normale,Autre collision,,,,,,,,,,,5,2,1,1,6
200500076356,0005-11-13 07:00:00,5,11,13,7,0,920,40.0,JACQUES H.LARTIGUE,,,Plein jour,En agglomération,Hors intersection,Normale,Autre collision,,,,,,,,,,,1,2,1,1,6
200500076357,0005-11-13 11:50:00,5,11,13,11,50,920,40.0,AUGUSTE GERVAIS,,,Plein jour,En agglomération,Hors intersection,Normale,Autre collision,,,,,,,,,,,1,2,1,1,6
200500076358,0005-11-14 07:45:00,5,11,14,7,45,920,40.0,"82, RODIN (BOULEVARD)",,,Plein jour,En agglomération,Hors intersection,Normale,Deux véhicules - arrière,,,,,,,,,,,1,2,1,1,2
200500076359,0005-11-14 16:00:00,5,11,14,16,0,920,40.0,STALINGRAD (QUAI DE),,,Plein jour,En agglomération,Hors intersection,Normale,Deux véhicules - côté,,,,,,,,,,,1,2,1,1,3
200500076360,0005-11-15 17:30:00,5,11,15,17,30,920,40.0,PASTEUR (AVENUE),,,Nuit avec éclairage allumé,En agglomération,Hors intersection,Pluie légère,Autre collision,,,,,,,,,,,5,2,1,2,6
200500076361,0005-11-21 14:00:00,5,11,21,14,0,920,40.0,"141 bis, VERDUN (AVENUE",,,Plein jour,En agglomération,Hors intersection,Normale,Autre collision,,,,,,,,,,,1,2,1,1,6
200500076362,0005-11-23 10:05:00,5,11,23,10,5,920,40.0,"98, GALLIENI (BOULEVARD)",,,Plein jour,En agglomération,Intersection en X,Normale,Deux véhicules - côté,,,,,,,,,,,1,2,2,1,3
200500076363,0005-11-23 20:35:00,5,11,23,20,35,920,40.0,"28, GAMBETTA (BOULEVARD)",,,Nuit avec éclairage allumé,En agglomération,Hors intersection,Normale,Deux véhicules - côté,,,,,,,,,,,5,2,1,1,3
200500076364,0005-11-24 16:25:00,5,11,24,16,25,920,40.0,"87, GENERAL DE GAULLE (A",,,Plein jour,En agglomération,Hors intersection,Normale,Autre collision,,,,,,,,,,,1,2,1,1,6
200500076365,0005-11-30 16:05:00,5,11,30,16,5,920,40.0,GOUVERNEUR GAL EBOUE DU,,,Plein jour,En agglomération,Hors intersection,Normale,Deux véhicules - côté,,,,,,,,,,,1,2,1,1,3
200500076366,0005-11-30 16:25:00,5,11,30,16,25,920,40.0,"5, JEANNE D'ARC",,,Plein jour,En agglomération,Hors intersection,Normale,Deux véhicules - arrière,,,,,,,,,,,1,2,1,1,2
200500076367,0005-11-30 22:25:00,5,11,30,22,25,920,40.0,"12, PAUL-VAILLANT COUTUR",,,Nuit avec éclairage allumé,En agglomération,Hors intersection,Normale,Deux véhicules - côté,,,,,,,,,,,5,2,1,1,3
200500076368,0005-11-03 08:30:00,5,11,3,8,30,920,44.0,"117, VIC. HUGO(RUE)091A1",,,Plein jour,En agglomération,Hors intersection,Normale,Deux véhicules - côté,,,,,,,,,,,1,2,1,1,3
200500076369,0005-11-03 17:55:00,5,11,3,17,55,920,44.0,"56, MICHELET (QUAI) 32 A",,,Nuit avec éclairage allumé,En agglomération,Hors intersection,Normale,Autre collision,,,,,,,,,,,5,2,1,1,6
200500076370,0005-11-22 15:30:00,5,11,22,15,30,920,44.0,"98, JEAN JAURES(RUE) 57A",,,Plein jour,En agglomération,Intersection en X,Normale,Deux véhicules - côté,,,,,,,,,,,1,2,2,1,3
200500076371,0005-11-23 13:00:00,5,11,23,13,0,920,44.0,"1, RIVAY(RUE)41A71 ET38A",,,Plein jour,En agglomération,Intersection en X,Normale,Autre collision,,,,,,,,,,,1,2,2,1,6
200500076372,0005-11-26 08:05:00,5,11,26,8,5,920,44.0,"89, VIC. HUGO(RUE)077A08",,,Crépuscule ou aube,En agglomération,Intersection en T,Normale,Deux véhicules - arrière,,,,,,,,,,,2,2,3,1,2
200500076373,0005-11-28 16:50:00,5,11,28,16,50,920,44.0,"52, GABRIEL PERI(RUE) 51",,,Plein jour,En agglomération,Intersection en X,Normale,Autre collision,,,,,,,,,,,1,2,2,1,6
200500076374,0005-11-19 00:05:00,5,11,19,0,5,920,48.0,"43bis, VAUGIRARD (ROUTE",,,Nuit avec éclairage allumé,En agglomération,Hors intersection,Normale,Autre collision,,,,,,,,,,,5,2,1,1,6
200500076375,0005-11-21 18:05:00,5,11,21,18,5,920,48.0,"06, PARIS (RUE DE) N° 1",,,Plein jour,En agglomération,Hors intersection,Normale,Autre collision,,,,,,,,,,,1,2,1,1,6
200500076376,0005-11-21 13:45:00,5,11,21,13,45,920,48.0,"50, HENRI SAVIGNAC (RUE)",,,Plein jour,En agglomération,Hors intersection,Normale,Autre collision,,,,,,,,,,,1,2,1,1,6
200500076377,0005-11-18 12:35:00,5,11,18,12,35,920,48.0,ALEMBERT (RUE D'),,,Plein jour,En agglomération,Intersection en T,Normale,Autre collision,,,,,,,,,,,1,2,3,1,6
200500076378,0005-11-24 08:40:00,5,11,24,8,40,920,48.0,"18, VERD DE SAINT JULIEN",,,Plein jour,En agglomération,Hors intersection,Normale,Autre collision,,,,,,,,,,,1,2,1,1,6
200500076379,0005-11-01 03:20:00,5,11,1,3,20,920,49.0,"124, BRIAND AVENUE ARIST",,,Nuit avec éclairage allumé,En agglomération,Intersection en T,Normale,Deux véhicules - arrière,,,,,,,,,,,5,2,3,1,2
200500076380,0005-11-01 17:40:00,5,11,1,17,40,920,20.0,"20, CORDIER RUE ESTHER",,,Plein jour,En agglomération,Hors intersection,Normale,Autre collision,,,,,,,,,,,1,2,1,1,6
200500076381,0005-11-02 13:34:00,5,11,2,13,34,920,49.0,"183, BROSSOLETTE AVENUE",,,Plein jour,En agglomération,Hors intersection,Normale,Autre collision,,,,,,,,,,,1,2,1,1,6
200500076382,0005-11-02 15:35:00,5,11,2,15,35,920,49.0,DORMOY AVENUE MARX N°2 A,,,Plein jour,En agglomération,Intersection en X,Normale,Deux véhicules - côté,,,,,,,,,,,1,2,2,1,3
200500076383,0005-11-02 19:55:00,5,11,2,19,55,920,20.0,"22, VERDUN AVENUE DE N°2",,,Nuit avec éclairage allumé,En agglomération,Hors intersection,Normale,Deux véhicules - côté,,,,,,,,,,,5,2,1,1,3
200500076384,0005-11-03 13:00:00,5,11,3,13,0,920,49.0,"96, VERDIER AVENUE AUTRE",,,Plein jour,En agglomération,Hors intersection,Normale,Deux véhicules - côté,,,,,,,,,,,1,2,1,1,3
200500076385,0005-11-10 07:30:00,5,11,10,7,30,920,49.0,"134, REPUBLIQUE AVENUE D",,,Crépuscule ou aube,En agglomération,Intersection en X,Normale,Autre collision,,,,,,,,,,,2,2,2,1,6
200500076386,0005-11-10 23:10:00,5,11,10,23,10,920,20.0,"67, BROSSOLETTE RUE PIER",,,Nuit avec éclairage allumé,En agglomération,Hors intersection,Normale,Sans collision,,,,,,,,,,,5,2,1,1,7
200500076387,0005-11-15 09:45:00,5,11,15,9,45,920,49.0,"177, BROSSOLETTE AVENUE",,,Plein jour,En agglomération,Hors intersection,Autre,Deux véhicules - côté,,,,,,,,,,,1,2,1,9,3
200500076388,0005-11-15 11:45:00,5,11,15,11,45,920,20.0,"60, DEFORGES RUE ETIENNE",,,Plein jour,En agglomération,Hors intersection,Autre,Deux véhicules - côté,,,,,,,,,,,1,2,1,9,3
200500076389,0005-11-15 17:45:00,5,11,15,17,45,920,20.0,"62, PARIS AVENUE DE N°2",,,Plein jour,En agglomération,Hors intersection,Autre,Autre collision,,,,,,,,,,,1,2,1,9,6
200500076390,0005-11-17 16:50:00,5,11,17,16,50,920,49.0,"101, JAURES AVENUE JEAN",,,Plein jour,En agglomération,Intersection en X,Autre,Deux véhicules - côté,,,,,,,,,,,1,2,2,9,3
200500076391,0005-11-22 08:30:00,5,11,22,8,30,920,49.0,"52, PERI RUE GABRIEL N°3",,,Plein jour,En agglomération,Intersection en T,Normale,Deux véhicules - côté,,,,,,,,,,,1,2,3,1,3
200500076392,0005-11-29 08:35:00,5,11,29,8,35,920,20.0,"29, BAGNEUX RUE DE",,,Crépuscule ou aube,En agglomération,Intersection en X,Autre,Autre collision,,,,,,,,,,,2,2,2,9,6
200500076393,0005-11-30 10:45:00,5,11,30,10,45,920,49.0,"2, PELLETAN RUE CAMILLE",,,Plein jour,En agglomération,Hors intersection,Normale,Autre collision,,,,,,,,,,,1,2,1,1,6
200500076394,0005-11-30 13:00:00,5,11,30,13,0,920,20.0,"11 bis, MAIRIE RUE DE LA",,,Plein jour,En agglomération,Hors intersection,Normale,Autre collision,,,,,,,,,,,1,2,1,1,6
200500076395,0005-11-04 12:30:00,5,11,4,12,30,920,50.0,JOLIOT CURIE F. ET IRENE,,,Plein jour,En agglomération,Intersection en X,Temps couvert,Autre collision,,,,,,,,,,,1,2,2,8,6
200500076396,0005-11-08 14:50:00,5,11,8,14,50,920,50.0,DROITS DE L'HOMME PLACE,,,Plein jour,En agglomération,Giratoire,Normale,Deux véhicules - arrière,,,,,,,,,,,1,2,6,1,2
200500076397,0005-11-16 00:30:00,5,11,16,0,30,920,50.0,HAVRE BOULEVARD DU,,,Nuit avec éclairage allumé,En agglomération,Hors intersection,Pluie légère,Deux véhicules - côté,,,,,,,,,,,5,2,1,2,3
200500076398,0005-11-02 09:40:00,5,11,2,9,40,920,50.0,LENS RUE DE,,,Plein jour,En agglomération,Hors intersection,Pluie légère,Deux véhicules - côté,,,,,,,,,,,1,2,1,2,3
200500076399,0005-11-16 15:20:00,5,11,16,15,20,920,50.0,"43, STALINGRAD RUE DE",,,Plein jour,En agglomération,Hors intersection,Normale,Sans collision,,,,,,,,,,,1,2,1,1,7
200500076400,0005-11-11 03:15:00,5,11,11,3,15,920,50.0,LENINE VLADIMIR ILITCH A,,,Nuit avec éclairage allumé,En agglomération,Hors intersection,Normale,Autre collision,,,,,,,,,,,5,2,1,1,6
200500076401,0005-11-19 15:50:00,5,11,19,15,50,920,50.0,"37, BARBUSSE HENRI RUE",,,Plein jour,En agglomération,Hors intersection,Normale,Deux véhicules - frontale,,,,,,,,,,,1,2,1,1,1
200500076402,0005-11-03 11:15:00,5,11,3,11,15,920,50.0,CLEMENCEAU GEORGES AVENU,,,Plein jour,En agglomération,Hors intersection,Normale,Deux véhicules - côté,,,,,,,,,,,1,2,1,1,3
200500076403,0005-11-13 13:20:00,5,11,13,13,20,920,50.0,"102, HAUTES PATURES RUE",,,Plein jour,En agglomération,Hors intersection,Normale,Deux véhicules - côté,,,,,,,,,,,1,2,1,1,3
200500076404,0005-11-28 10:50:00,5,11,28,10,50,920,50.0,PONS NOEL RUE,,,Plein jour,En agglomération,Hors intersection,Pluie légère,Autre collision,,,,,,,,,,,1,2,1,2,6
200500076405,0005-11-21 10:25:00,5,11,21,10,25,920,50.0,FOCH MARECHAL PLACE DU,,,Plein jour,En agglomération,Hors intersection,Normale,Deux véhicules - côté,,,,,,,,,,,1,2,1,1,3
200500076406,0005-11-25 12:10:00,5,11,25,12,10,920,50.0,SOUFFLOT J-GERMAIN BOULE,,,Plein jour,En agglomération,Hors intersection,Normale,Deux véhicules - côté,,,,,,,,,,,1,2,1,1,3
200500076407,0005-11-20 07:25:00,5,11,20,7,25,920,50.0,"403, REPUBLIQUE AVENUE D",,,Plein jour,En agglomération,Hors intersection,Normale,Autre collision,,,,,,,,,,,1,2,1,1,6
200500076408,0005-11-23 20:20:00,5,11,23,20,20,920,50.0,BOUVETS BOULEVARD DES,,,Crépuscule ou aube,En agglomération,Hors intersection,Normale,Deux véhicules - côté,,,,,,,,,,,2,2,1,1,3
200500076409,0005-11-27 11:15:00,5,11,27,11,15,920,50.0,"110, CLEMENCEAU GEORGES",,,Plein jour,En agglomération,Intersection en X,Pluie légère,Deux véhicules - côté,,,,,,,,,,,1,2,2,2,3
200500076410,0005-11-26 19:45:00,5,11,26,19,45,920,50.0,DEFENSE BOULEVARD DE LA,,,Nuit avec éclairage allumé,En agglomération,Hors intersection,Pluie légère,Autre collision,,,,,,,,,,,5,2,1,2,6
200500076411,0005-11-28 07:45:00,5,11,28,7,45,920,50.0,"49, VAILLANT COUTURIER P",,,Plein jour,En agglomération,Hors intersection,Normale,Deux véhicules - arrière,,,,,,,,,,,1,2,1,1,2
200500076412,0005-11-28 18:00:00,5,11,28,18,0,920,50.0,PESARO BOULEVARD DE,,,Crépuscule ou aube,En agglomération,Hors intersection,Normale,Deux véhicules - arrière,,,,,,,,,,,2,2,1,1,2
200500076413,0005-11-29 19:05:00,5,11,29,19,5,920,50.0,LENINE VLADIMIR ILITCH A,,,Crépuscule ou aube,En agglomération,Hors intersection,Normale,Sans collision,,,,,,,,,,,2,2,1,1,7
200500076414,0005-11-04 12:35:00,5,11,4,12,35,920,50.0,VENETS RUE DES,,,Plein jour,En agglomération,Hors intersection,Normale,Sans collision,,,,,,,,,,,1,2,1,1,7
200500076415,0005-11-16 15:10:00,5,11,16,15,10,920,50.0,REPUBLIQUE AVENUE DE LA,,,Plein jour,Hors agglomération,Hors intersection,Normale,Deux véhicules - côté,,,,,,,,,,,1,1,1,1,3
200500076416,0005-11-03 16:45:00,5,11,3,16,45,920,51.0,"129, GENERAL KOENIG (BOU",,,Plein jour,En agglomération,Hors intersection,Normale,Deux véhicules - côté,,,,,,,,,,,1,2,1,1,3
200500076417,0005-11-06 02:10:00,5,11,6,2,10,920,51.0,"28, ARGENSON (BOULEVARD,",,,Nuit avec éclairage allumé,En agglomération,Hors intersection,Normale,Autre collision,,,,,,,,,,,5,2,1,1,6
200500076418,0005-11-15 12:15:00,5,11,15,12,15,920,51.0,"BINEAU (BOULEVARD, N°133",,,Plein jour,En agglomération,Hors intersection,Normale,Deux véhicules - arrière,,,,,,,,,,,1,2,1,1,2
200500076419,0005-11-15 18:00:00,5,11,15,18,0,920,51.0,"2, INKERMANN (BOULEVARD",,,Nuit avec éclairage allumé,En agglomération,Hors intersection,Pluie légère,Autre collision,,,,,,,,,,,5,2,1,2,6
200500076420,0005-11-19 10:15:00,5,11,19,10,15,920,51.0,"26, VICTOR HUGO (BOULEVA",,,Plein jour,En agglomération,Hors intersection,Normale,Deux véhicules - côté,,,,,,,,,,,1,2,1,1,3
200500076421,0005-11-20 13:15:00,5,11,20,13,15,920,51.0,"103, CHARLES DE GAULLE (",,,Plein jour,En agglomération,Hors intersection,Normale,Autre collision,,,,,,,,,,,1,2,1,1,6
200500076422,0005-11-23 08:25:00,5,11,23,8,25,920,51.0,"08, SAINTE FOY (AVENUE)",,,Plein jour,En agglomération,Intersection en X,Normale,Autre collision,,,,,,,,,,,1,2,2,1,6
200500076423,0005-11-22 20:15:00,5,11,22,20,15,920,51.0,"60, SABLONVILLE (RUE DE)",,,Nuit avec éclairage allumé,En agglomération,Hors intersection,Normale,Deux véhicules - côté,,,,,,,,,,,5,2,1,1,3
200500076424,0005-11-22 15:00:00,5,11,22,15,0,920,51.0,"0, MARECHAL JUIN (PONT D",,,Plein jour,En agglomération,Intersection à plus de 4 branches,Normale,Deux véhicules - côté,,,,,,,,,,,1,2,5,1,3
200500076425,0005-11-27 10:05:00,5,11,27,10,5,920,51.0,"105, CHARLES DE GAULLE (",,,Plein jour,En agglomération,Hors intersection,Normale,Deux véhicules - arrière,,,,,,,,,,,1,2,1,1,2
200500076426,0005-11-25 19:05:00,5,11,25,19,5,920,51.0,"face au 84, CHARLES DE G",,,Nuit avec éclairage allumé,En agglomération,Hors intersection,Pluie légère,Deux véhicules - frontale,,,,,,,,,,,5,2,1,2,1
200500076427,0005-11-29 09:00:00,5,11,29,9,0,920,51.0,"32, CHATEAU (RUE DU)",,,Plein jour,En agglomération,Autre intersection,Normale,Autre collision,,,,,,,,,,,1,2,9,1,6
200500076428,0005-11-08 18:30:00,5,11,8,18,30,920,62.0,"0, GENERAL DE GAULLE (AV",,,Nuit avec éclairage non allumé,En agglomération,Intersection en X,Normale,Autre collision,,,,,,,,,,,4,2,2,1,6
200500076429,0005-11-15 15:10:00,5,11,15,15,10,920,62.0,"0, DE DION BOUTON (QUAI)",,,Plein jour,En agglomération,Intersection en X,Normale,Deux véhicules - arrière,,,,,,,,,,,1,2,2,1,2
200500076430,0005-11-18 07:15:00,5,11,18,7,15,920,62.0,"0, PARMENTIER (RUE)",,,Nuit avec éclairage non allumé,En agglomération,Intersection en X,Normale,Autre collision,,,,,,,,,,,4,2,2,1,6
200500076431,0005-11-18 08:30:00,5,11,18,8,30,920,62.0,"0, WALLACE (BD RICHARD)",,,Plein jour,En agglomération,Intersection en X,Normale,Autre collision,,,,,,,,,,,1,2,2,1,6
200500076432,0005-11-18 17:00:00,5,11,18,17,0,920,62.0,"0, ROUSSELLE (RUE)",,,Crépuscule ou aube,En agglomération,Intersection en X,Normale,Autre collision,,,,,,,,,,,2,2,2,1,6
200500076433,0005-11-24 08:00:00,5,11,24,8,0,920,62.0,"0, FRANCE (RUE  ANATOLE)",,,Plein jour,En agglomération,Intersection en X,Normale,Deux véhicules - côté,,,,,,,,,,,1,2,2,1,3
200500076434,0005-11-30 10:15:00,5,11,30,10,15,920,62.0,"58, DE DION BOUTON (QUAI",,,Plein jour,En agglomération,Intersection en X,Normale,Deux véhicules - arrière,,,,,,,,,,,1,2,2,1,2
200500076435,0005-11-01 05:40:00,5,11,1,5,40,920,63.0,"15, JUIN (AVENUE DU MARE",,,Crépuscule ou aube,En agglomération,Intersection en Y,Normale,Deux véhicules - côté,,,,,,,,,,,2,2,4,1,3
200500076436,0005-11-10 07:45:00,5,11,10,7,45,920,63.0,"NEANT, COLMAR (AVENUE DE",,,Plein jour,En agglomération,Intersection en X,Normale,Autre collision,,,,,,,,,,,1,2,2,1,6
200500076437,0005-11-10 18:50:00,5,11,10,18,50,920,63.0,"n, COLMAR (AVENUE DE)",,,Crépuscule ou aube,En agglomération,Intersection en X,Normale,Deux véhicules - côté,,,,,,,,,,,2,2,2,1,3
200500076438,0005-11-12 12:40:00,5,11,12,12,40,920,63.0,"212, DOUMER (AVENUE PAUL",,,Plein jour,En agglomération,Intersection en T,Pluie légère,Autre collision,,,,,,,,,,,1,2,3,2,6
200500076439,0005-11-15 18:10:00,5,11,15,18,10,920,63.0,DOUMER (AVENUE PAUL) EST,,,Crépuscule ou aube,En agglomération,Hors intersection,Pluie légère,Autre collision,,,,,,,,,,,2,2,1,2,6
200500076440,0005-11-16 07:50:00,5,11,16,7,50,920,63.0,JACOB (RUE FRANCOIS),,,Crépuscule ou aube,En agglomération,Intersection en T,Normale,Autre collision,,,,,,,,,,,2,2,3,1,6
200500076441,0005-11-17 18:00:00,5,11,17,18,0,920,63.0,"NEANT, HOPITAL STELL (BO",,,Plein jour,En agglomération,Hors intersection,Normale,Autre collision,,,,,,,,,,,1,2,1,1,6
200500076442,0005-11-21 11:50:00,5,11,21,11,50,920,63.0,HOPITAL STELL (BOULEVARD,,,Plein jour,En agglomération,Hors intersection,Normale,Deux véhicules - arrière,,,,,,,,,,,1,2,1,1,2
200500076443,0005-11-21 19:25:00,5,11,21,19,25,920,63.0,"neant, DOUMER (AVENUE PA",,,Crépuscule ou aube,En agglomération,Intersection en T,Normale,Deux véhicules - côté,,,,,,,,,,,2,2,3,1,3
200500076444,0005-11-22 16:35:00,5,11,22,16,35,920,63.0,"neant, ROCHEBRUNE (RUE D",,,Plein jour,En agglomération,Intersection en T,Normale,Deux véhicules - côté,,,,,,,,,,,1,2,3,1,3
200500076445,0005-11-25 10:55:00,5,11,25,10,55,920,63.0,"Néant, EMPEREUR (ROUTE D",,,Plein jour,En agglomération,Hors intersection,Normale,Autre collision,,,,,,,,,,,1,2,1,1,6
200500076446,0005-11-04 09:10:00,5,11,4,9,10,920,47.0,"9, RAYMOND POINCARE",,,Plein jour,En agglomération,Hors intersection,Normale,Autre collision,,,,,,,,,,,1,2,1,1,6
200500076447,0005-11-10 11:10:00,5,11,10,11,10,920,64.0,CARNOT,,,Plein jour,En agglomération,Hors intersection,Normale,Autre collision,,,,,,,,,,,1,2,1,1,6
200500076448,0005-11-10 18:30:00,5,11,10,18,30,920,64.0,MARECHAL JUIN,,,Nuit avec éclairage allumé,En agglomération,Hors intersection,Normale,Deux véhicules - côté,,,,,,,,,,,5,2,1,1,3
200500076449,0005-11-11 20:10:00,5,11,11,20,10,920,64.0,DAILLY,,,Nuit avec éclairage allumé,En agglomération,Hors intersection,Normale,Deux véhicules - arrière,,,,,,,,,,,5,2,1,1,2
200500076450,0005-11-15 08:40:00,5,11,15,8,40,920,33.0,"137, BUZENVAL",,,Plein jour,En agglomération,Hors intersection,Normale,Deux véhicules - côté,,,,,,,,,,,1,2,1,1,3
200500076451,0005-11-15 20:30:00,5,11,15,20,30,920,47.0,JARDY,,,Nuit avec éclairage allumé,Hors agglomération,Hors intersection,Pluie légère,Deux véhicules - arrière,,,,,,,,,,,5,1,1,2,2
200500076452,0005-11-18 16:15:00,5,11,18,16,15,920,64.0,BUCOURT,,,Plein jour,En agglomération,Intersection en X,Normale,Deux véhicules - côté,,,,,,,,,,,1,2,2,1,3
200500076453,0005-11-19 14:30:00,5,11,19,14,30,920,64.0,REPUBLIQUE,,,Plein jour,En agglomération,Intersection en X,Normale,Deux véhicules - côté,,,,,,,,,,,1,2,2,1,3