accident_id,datetime,annee,mois,jour,heure,minute,departement,commune_insee,adresse,latitude,longitude,luminosite,agglomeration,intersection,meteo,collision,nb_vehicules,nb_usagers,nb_indemnes,nb_tues,nb_blesses_hosp,nb_blesses_legers,age_cond_1,age_cond_2,veh_type_cond_1,veh_type_cond_2,lum_code,agg_code,int_code,atm_code,col_code
200500076454,0005-11-20 18:15:00,5,11,20,18,15,920,64.0,"2, DAILLY",,,Nuit avec éclairage allumé,En agglomération,Hors intersection,Normale,Autre collision,,,,,,,,,,,5,2,1,1,6
200500076455,0005-11-24 07:50:00,5,11,24,7,50,920,33.0,SURESNES,,,Crépuscule ou aube,En agglomération,Intersection en T,Normale,Deux véhicules - côté,,,,,,,,,,,2,2,3,1,3
200500076456,0005-11-24 08:50:00,5,11,24,8,50,920,64.0,MARECHAL JUIN,,,Plein jour,En agglomération,Hors intersection,Normale,Deux véhicules - côté,,,,,,,,,,,1,2,1,1,3
200500076457,0005-11-25 19:30:00,5,11,25,19,30,920,64.0,MONT VALERIEN,,,Nuit avec éclairage allumé,En agglomération,Intersection en X,Pluie légère,Deux véhicules - côté,,,,,,,,,,,5,2,2,2,3
200500076458,0005-11-05 18:55:00,5,11,5,18,55,920,22.0,"13-15, FRANCE (RUE ANATO",,,Nuit avec éclairage allumé,En agglomération,Hors intersection,Normale,Deux véhicules - côté,,,,,,,,,,,5,2,1,1,3
200500076459,0005-11-09 09:05:00,5,11,9,9,5,920,72.0,BRUYERES (RUE DES),,,Plein jour,En agglomération,Intersection en T,Pluie légère,Deux véhicules - arrière,,,,,,,,,,,1,2,3,2,2
200500076460,0005-11-12 19:40:00,5,11,12,19,40,920,72.0,"*, FONTAINES (RUE DES)",,,Nuit avec éclairage allumé,En agglomération,Intersection en T,Normale,Deux véhicules - côté,,,,,,,,,,,5,2,3,1,3
200500076461,0005-11-14 11:55:00,5,11,14,11,55,920,77.0,"02, VERSAILLES (RUE DE)",,,Plein jour,En agglomération,Hors intersection,Normale,Autre collision,,,,,,,,,,,1,2,1,1,6
200500076462,0005-11-16 18:50:00,5,11,16,18,50,920,72.0,MANUFACTURE NATIONALE (P,,,Nuit avec éclairage allumé,En agglomération,Hors intersection,Normale,Deux véhicules - côté,,,,,,,,,,,5,2,1,1,3
200500076463,0005-11-18 17:55:00,5,11,18,17,55,920,72.0,"82, GRANDE RUE",,,Nuit avec éclairage allumé,En agglomération,Hors intersection,Normale,Autre collision,,,,,,,,,,,5,2,1,1,6
200500076464,0005-11-22 18:50:00,5,11,22,18,50,920,72.0,"192, GRANDE RUE",,,Nuit avec éclairage allumé,En agglomération,Giratoire,Normale,Deux véhicules - côté,,,,,,,,,,,5,2,6,1,3
200500076465,0005-11-27 21:10:00,5,11,27,21,10,920,22.0,"196, SALENGRO (AVENUE RO",,,Nuit avec éclairage allumé,En agglomération,Hors intersection,Normale,Sans collision,,,,,,,,,,,5,2,1,1,7
200500076466,0005-11-29 17:53:00,5,11,29,17,53,920,72.0,"20, TROYON (RUE)",,,Nuit sans éclairage public,En agglomération,Hors intersection,Normale,Autre collision,,,,,,,,,,,3,2,1,1,6
200500076467,0005-11-01 14:00:00,5,11,1,14,0,920,73.0,"90, DE LATTRE DE TASSIGN",,,Plein jour,En agglomération,Intersection en T,Normale,Deux véhicules - frontale,,,,,,,,,,,1,2,3,1,1
200500076468,0005-11-17 10:35:00,5,11,17,10,35,920,73.0,"18, LECLERC (PLACE DU GE",,,Plein jour,En agglomération,Hors intersection,Normale,Autre collision,,,,,,,,,,,1,2,1,1,6
200500076469,0005-11-18 08:25:00,5,11,18,8,25,920,73.0,"86, DE LATTRE DE TASSIGN",,,Plein jour,En agglomération,Hors intersection,Normale,Deux véhicules - côté,,,,,,,,,,,1,2,1,1,3
200500076470,0005-11-18 09:05:00,5,11,18,9,5,920,73.0,"23, ROOSVELT (AVENUE FRA",,,Plein jour,En agglomération,Hors intersection,Normale,Sans collision,,,,,,,,,,,1,2,1,1,7
200500076471,0005-11-21 12:05:00,5,11,21,12,5,920,73.0,"119, VERDUN (RUE DE)",,,Plein jour,En agglomération,Intersection en T,Normale,Deux véhicules - frontale,,,,,,,,,,,1,2,3,1,1
200500076472,0005-11-24 19:00:00,5,11,24,19,0,920,73.0,"56, VERDUN (RUE DE)",,,Nuit avec éclairage allumé,En agglomération,Intersection en T,Pluie légère,Sans collision,,,,,,,,,,,5,2,3,2,7
200500076473,0005-11-07 08:55:00,5,11,7,8,55,920,75.0,DE GAULLE (AVENUE DU GEN,,,Plein jour,En agglomération,Intersection en Y,Pluie légère,Deux véhicules - côté,,,,,,,,,,,1,2,4,2,3
200500076474,0005-11-09 14:45:00,5,11,9,14,45,920,75.0,ISSY (VOIE D'),,,Plein jour,En agglomération,Intersection en X,Vent fort / tempête,Autre collision,,,,,,,,,,,1,2,2,6,6
200500076475,0005-11-09 17:40:00,5,11,9,17,40,920,75.0,JEAN JAURES (AVENUE),,,Crépuscule ou aube,En agglomération,Giratoire,Normale,Deux véhicules - arrière,,,,,,,,,,,2,2,6,1,2
200500076476,0005-11-10 08:27:00,5,11,10,8,27,920,46.0,GABRIEL PERI,,,Plein jour,En agglomération,Autre intersection,Normale,Autre collision,,,,,,,,,,,1,2,9,1,6
200500076477,0005-11-15 18:35:00,5,11,15,18,35,920,75.0,LARMEROUX (RUE),,,Nuit avec éclairage allumé,En agglomération,Intersection en Y,Pluie légère,Deux véhicules - arrière,,,,,,,,,,,5,2,4,2,2
200500076478,0005-11-15 20:30:00,5,11,15,20,30,920,75.0,DE GAULLE (AVENUE DU GEN,,,Nuit avec éclairage allumé,En agglomération,Intersection en X,Pluie légère,Deux véhicules - côté,,,,,,,,,,,5,2,2,2,3
200500076479,0005-11-24 23:45:00,5,11,24,23,45,920,75.0,"-, RAYMOND MARCHERON (RU",,,Nuit avec éclairage allumé,En agglomération,Intersection en X,Pluie légère,Deux véhicules - côté,,,,,,,,,,,5,2,2,2,3
200500076480,0005-11-15 11:45:00,5,11,15,11,45,920,78.0,VERDUN (AVENUE) (IMPAIRS,,,Plein jour,En agglomération,Hors intersection,Normale,Deux véhicules - arrière,,,,,,,,,,,1,2,1,1,2
200500076481,0005-11-28 18:00:00,5,11,28,18,0,920,78.0,"165, GALLIENI (BD) (153",,,Nuit avec éclairage allumé,En agglomération,Hors intersection,Normale,Deux véhicules - côté,,,,,,,,,,,5,2,1,1,3
200500076482,0005-11-08 15:40:00,5,11,8,15,40,920,62.0,BOULEVARD CIRCULAIRE,,,Plein jour,En agglomération,Hors intersection,Normale,Deux véhicules - côté,,,,,,,,,,,1,2,1,1,3
200500076483,0005-11-08 22:30:00,5,11,8,22,30,920,26.0,"01, RUE MICHEL ANGE",,,Nuit avec éclairage allumé,En agglomération,Hors intersection,Normale,Deux véhicules - côté,,,,,,,,,,,5,2,1,1,3
200500076484,0005-11-16 07:00:00,5,11,16,7,0,920,62.0,BOULEVARD CIRCULAIRE,,,Nuit sans éclairage public,En agglomération,Hors intersection,Normale,Sans collision,,,,,,,,,,,3,2,1,1,7
200500076485,0005-11-21 23:55:00,5,11,21,23,55,920,26.0,BOULEVARD CIRCULAIRE,,,Nuit avec éclairage allumé,En agglomération,Intersection en X,Normale,Deux véhicules - côté,,,,,,,,,,,5,2,2,1,3
200500076486,0005-11-04 12:43:00,5,11,4,12,43,930,1.0,"130, DANIELLE CASANOVA (",,,Plein jour,En agglomération,Hors intersection,Pluie légère,Autre collision,,,,,,,,,,,1,2,1,2,6
200500076487,0005-11-08 16:10:00,5,11,8,16,10,930,1.0,"44, MOUTIER (RUE DU)  =>",,,Plein jour,En agglomération,Hors intersection,Normale,Autre collision,,,,,,,,,,,1,2,1,1,6
200500076488,0005-11-10 20:55:00,5,11,10,20,55,930,1.0,"197, JEAN JAURES  (AVE)",,,Nuit avec éclairage allumé,En agglomération,Hors intersection,Normale,Autre collision,,,,,,,,,,,5,2,1,1,6
200500076489,0005-11-14 23:40:00,5,11,14,23,40,930,1.0,"176, FORT (METRO)",,,Nuit avec éclairage allumé,En agglomération,Hors intersection,Normale,Trois véhicules et plus - collisions multiples,,,,,,,,,,,5,2,1,1,5
200500076490,0005-11-15 11:30:00,5,11,15,11,30,930,1.0,"125, VICTOR HUGO (AVE)",,,Plein jour,En agglomération,Autre intersection,Normale,Deux véhicules - côté,,,,,,,,,,,1,2,9,1,3
200500076491,0005-11-18 15:26:00,5,11,18,15,26,930,1.0,"218, FELIX FAURE (BLD) =",,,Plein jour,En agglomération,Passage à niveau,Normale,Autre collision,,,,,,,,,,,1,2,8,1,6
200500076492,0005-11-21 11:50:00,5,11,21,11,50,930,1.0,REPUBLIQUE (AVE DE LA ),,,Plein jour,En agglomération,Hors intersection,Normale,Autre collision,,,,,,,,,,,1,2,1,1,6
200500076493,0005-11-21 15:40:00,5,11,21,15,40,930,1.0,VICTOR HUGO (AVE)  => 12,,,Plein jour,En agglomération,Intersection en X,Normale,Deux véhicules - côté,,,,,,,,,,,1,2,2,1,3
200500076494,0005-11-23 07:35:00,5,11,23,7,35,930,1.0,"104, REPUBLIQUE (AVE DE",,,Crépuscule ou aube,En agglomération,Intersection en Y,Normale,Deux véhicules - frontale,,,,,,,,,,,2,2,4,1,1
200500076495,0005-11-23 07:45:00,5,11,23,7,45,930,1.0,"AUCUN NUM, LUCIEN LEFRAN",,,Plein jour,En agglomération,Autre intersection,Normale,Autre collision,,,,,,,,,,,1,2,9,1,6
200500076496,0005-11-24 09:25:00,5,11,24,9,25,930,1.0,", PRESIDENT ROOSEVELT (A",,,Plein jour,En agglomération,Intersection en T,Normale,Deux véhicules - côté,,,,,,,,,,,1,2,3,1,3
200500076497,0005-11-24 11:40:00,5,11,24,11,40,930,1.0,"87, MOTTE (RUE DE LA)",,,Plein jour,En agglomération,Intersection en X,Normale,Autre collision,,,,,,,,,,,1,2,2,1,6
200500076498,0005-11-25 11:05:00,5,11,25,11,5,930,1.0,FELIX FAURE (BLD)  => 11,,,Plein jour,En agglomération,Hors intersection,Normale,Autre collision,,,,,,,,,,,1,2,1,1,6
200500076499,0005-11-28 09:50:00,5,11,28,9,50,930,1.0,"71, VICTOR HUGO (AVE)  =",,,Plein jour,En agglomération,Hors intersection,Normale,Deux véhicules - côté,,,,,,,,,,,1,2,1,1,3
200500076500,0005-11-29 09:20:00,5,11,29,9,20,930,1.0,JEAN JAURES  (AVE)  157,,,Plein jour,En agglomération,Intersection en X,Normale,Deux véhicules - côté,,,,,,,,,,,1,2,2,1,3
200500076501,0005-11-30 10:46:00,5,11,30,10,46,930,1.0,"29, ADRIEN AGNES (QUAI)",,,Plein jour,En agglomération,Hors intersection,Normale,Deux véhicules - arrière,,,,,,,,,,,1,2,1,1,2
200500076502,0005-11-30 14:46:00,5,11,30,14,46,930,1.0,CITES (RUE DES)  93/100,,,Plein jour,En agglomération,Passage à niveau,Normale,Autre collision,,,,,,,,,,,1,2,8,1,6
200500076503,0005-11-30 18:55:00,5,11,30,18,55,930,1.0,"45, PRESIDENT ROOSEVELT",,,Nuit avec éclairage allumé,En agglomération,Hors intersection,Normale,Deux véhicules - arrière,,,,,,,,,,,5,2,1,1,2
200500076504,0005-11-04 09:20:00,5,11,4,9,20,930,5.0,"neant, PAUL CEZANNE (RUE",,,Plein jour,En agglomération,Giratoire,Pluie légère,Sans collision,,,,,,,,,,,1,2,6,2,7
200500076505,0005-11-06 00:45:00,5,11,6,0,45,930,5.0,"1, PRES DE LA GARENNE (C",,,Nuit avec éclairage allumé,En agglomération,Intersection en X,Normale,Deux véhicules - frontale,,,,,,,,,,,5,2,2,1,1
200500076506,0005-11-08 08:33:00,5,11,8,8,33,930,5.0,"NEANT, JULES SIMON (RUE)",,,Plein jour,En agglomération,Intersection en X,Normale,Deux véhicules - côté,,,,,,,,,,,1,2,2,1,3
200500076507,0005-11-15 17:51:00,5,11,15,17,51,930,5.0,"NEANT, GENERAL LECLERC (",,,Nuit avec éclairage allumé,En agglomération,Giratoire,Pluie légère,Autre collision,,,,,,,,,,,5,2,6,2,6
200500076508,0005-11-16 12:00:00,5,11,16,12,0,930,5.0,"6, JACQUES DUCLOS [CD44]",,,Plein jour,En agglomération,Intersection en T,Normale,Deux véhicules - arrière,,,,,,,,,,,1,2,3,1,2
200500076509,0005-11-25 08:55:00,5,11,25,8,55,930,5.0,"néant, GARONOR",,,Plein jour,Hors agglomération,Hors intersection,Normale,Autre collision,,,,,,,,,,,1,1,1,1,6
200500076510,0005-11-26 23:35:00,5,11,26,23,35,930,5.0,"123, JACQUES DUCLOS [CD4",,,Nuit avec éclairage allumé,En agglomération,Hors intersection,Pluie légère,Trois véhicules et plus - en chaîne,,,,,,,,,,,5,2,1,2,4
200500076511,0005-11-29 13:40:00,5,11,29,13,40,930,5.0,"NEANT, GENERAL DE GAULLE",,,Plein jour,En agglomération,Place,Normale,Deux véhicules - côté,,,,,,,,,,,1,2,7,1,3
200500076512,0005-11-09 19:15:00,5,11,9,19,15,930,7.0,GENERAL GIRAUD (RUE),,,Nuit avec éclairage allumé,En agglomération,Intersection en X,Normale,Deux véhicules - côté,,,,,,,,,,,5,2,2,1,3
200500076513,0005-11-15 06:49:00,5,11,15,6,49,930,7.0,ROUEN [RUE],,,Nuit avec éclairage allumé,En agglomération,Hors intersection,Brouillard / fumée,Autre collision,,,,,,,,,,,5,2,1,5,6
200500076514,0005-11-15 11:47:00,5,11,15,11,47,930,7.0,PABLO NERUDA (AVENUE),,,Plein jour,En agglomération,Intersection en T,Normale,Deux véhicules - arrière,,,,,,,,,,,1,2,3,1,2
200500076515,0005-11-18 12:20:00,5,11,18,12,20,930,7.0,"129, ARISTIDE BRIAND (AV",,,Plein jour,En agglomération,Hors intersection,Normale,Autre collision,,,,,,,,,,,1,2,1,1,6
200500076516,0005-11-20 14:40:00,5,11,20,14,40,930,7.0,EMILE KHAN (RUE),,,Plein jour,En agglomération,Hors intersection,Normale,Autre collision,,,,,,,,,,,1,2,1,1,6
200500076517,0005-11-27 18:15:00,5,11,27,18,15,930,7.0,"127, ""PAUL VAILLANT COUT",,,Nuit avec éclairage allumé,En agglomération,Hors intersection,Pluie légère,Deux véhicules - arrière,,,,,,,,,,,5,2,1,2,2
200500076518,0005-11-28 17:35:00,5,11,28,17,35,930,7.0,PETRODVORETZ (RUE),,,Nuit avec éclairage allumé,En agglomération,Hors intersection,Normale,Autre collision,,,,,,,,,,,5,2,1,1,6
200500076519,0005-11-29 10:55:00,5,11,29,10,55,930,7.0,"41, ""HENRI BARBUSSE (AVE",,,Plein jour,En agglomération,Hors intersection,Normale,Autre collision,,,,,,,,,,,1,2,1,1,6
200500076520,0005-11-01 14:40:00,5,11,1,14,40,930,8.0,GREGOIRE (PLACE DE L'ABB,,,Plein jour,En agglomération,Giratoire,Normale,Deux véhicules - côté,,,,,,,,,,,1,2,6,1,3
200500076521,0005-11-06 15:55:00,5,11,6,15,55,930,8.0,VAILLANT COUTURIER (AVEN,,,Plein jour,En agglomération,Autre intersection,Normale,Deux véhicules - côté,,,,,,,,,,,1,2,9,1,3
200500076522,0005-11-08 11:30:00,5,11,8,11,30,930,8.0,"81, VAILLANT (AVENUE EDO",,,Plein jour,En agglomération,Intersection en X,Normale,Deux véhicules - frontale,,,,,,,,,,,1,2,2,1,1
200500076523,0005-11-09 09:40:00,5,11,9,9,40,930,8.0,GAGARINE (AVENUE YOURI),,,Plein jour,En agglomération,Hors intersection,Pluie légère,Deux véhicules - arrière,,,,,,,,,,,1,2,1,2,2
200500076524,0005-11-09 15:15:00,5,11,9,15,15,930,8.0,"23, ALLENDE (AVE DU P. S",,,Plein jour,En agglomération,Hors intersection,Normale,Autre collision,,,,,,,,,,,1,2,1,1,6
200500076525,0005-11-11 09:55:00,5,11,11,9,55,930,8.0,"81, VAILLANT (AVENUE EDO",,,Plein jour,En agglomération,Intersection en X,Normale,Deux véhicules - côté,,,,,,,,,,,1,2,2,1,3
200500076526,0005-11-14 12:45:00,5,11,14,12,45,930,8.0,FRACHON (RUE BENOIT),,,Plein jour,En agglomération,Intersection en T,Normale,Deux véhicules - côté,,,,,,,,,,,1,2,3,1,3
200500076527,0005-11-16 13:37:00,5,11,16,13,37,930,8.0,"1, LENINE (BOULEVARD)",,,Plein jour,En agglomération,Hors intersection,Temps couvert,Autre collision,,,,,,,,,,,1,2,1,8,6
200500076528,0005-11-22 15:35:00,5,11,22,15,35,930,8.0,GIOVANELLI (RUE),,,Plein jour,En agglomération,Intersection en T,Normale,Autre collision,,,,,,,,,,,1,2,3,1,6
200500076529,0005-11-24 14:10:00,5,11,24,14,10,930,8.0,"188, VAILLANT COUTURIER",,,Plein jour,En agglomération,Hors intersection,Pluie légère,Deux véhicules - côté,,,,,,,,,,,1,2,1,2,3
200500076530,0005-11-25 09:15:00,5,11,25,9,15,930,8.0,"8, COQUELICOTS (RUE DES)",,,Plein jour,En agglomération,Hors intersection,Normale,Autre collision,,,,,,,,,,,1,2,1,1,6
200500076531,0005-11-25 11:40:00,5,11,25,11,40,930,8.0,THOREZ (BOULEVARD MAURIC,,,Plein jour,En agglomération,Intersection en X,Normale,Deux véhicules - frontale,,,,,,,,,,,1,2,2,1,1
200500076532,0005-11-29 17:50:00,5,11,29,17,50,930,8.0,ETOILE (RUE DE L'),,,Nuit avec éclairage allumé,En agglomération,Intersection en T,Normale,Deux véhicules - côté,,,,,,,,,,,5,2,3,1,3
200500076533,0005-11-03 14:00:00,5,11,3,14,0,930,10.0,"ign, GALLIENI (AV.) DE 2",,,Plein jour,En agglomération,Hors intersection,Normale,Deux véhicules - arrière,,,,,,,,,,,1,2,1,1,2
200500076534,0005-11-07 12:40:00,5,11,7,12,40,930,10.0,"52, GALLIENI (AV.) DE 2",,,Plein jour,En agglomération,Hors intersection,Normale,Deux véhicules - arrière,,,,,,,,,,,1,2,1,1,2
200500076535,0005-11-10 09:20:00,5,11,10,9,20,930,10.0,"38, GROSLAY (CHEM. DE)",,,Plein jour,En agglomération,Hors intersection,Normale,Autre collision,,,,,,,,,,,1,2,1,1,6
200500076536,0005-11-18 11:45:00,5,11,18,11,45,930,10.0,"ign, GALLIENI (AV.) DE 1",,,Plein jour,En agglomération,Hors intersection,Normale,Deux véhicules - arrière,,,,,,,,,,,1,2,1,1,2
200500076537,0005-11-24 09:30:00,5,11,24,9,30,930,57.0,"1, HUGO (AV. VICTOR)",,,Plein jour,En agglomération,Hors intersection,Normale,Autre collision,,,,,,,,,,,1,2,1,1,6
200500076538,0005-11-25 19:40:00,5,11,25,19,40,930,10.0,"135, GALLIENI (AV.) DE 1",,,Nuit avec éclairage allumé,En agglomération,Hors intersection,Neige / grêle,Deux véhicules - côté,,,,,,,,,,,5,2,1,4,3
200500076539,0005-11-27 20:20:00,5,11,27,20,20,930,10.0,"IGN, GALLIENI (AV.) DE 1",,,Nuit avec éclairage allumé,En agglomération,Intersection en X,Pluie légère,Deux véhicules - côté,,,,,,,,,,,5,2,2,2,3
200500076540,0005-11-30 07:50:00,5,11,30,7,50,930,10.0,"ing, GALLIENI (AV.) DE 1",,,Crépuscule ou aube,En agglomération,Intersection en Y,Normale,Deux véhicules - côté,,,,,,,,,,,2,2,4,1,3
200500076541,0005-11-30 14:15:00,5,11,30,14,15,930,57.0,"03, ROBILLARD (AL.) 1 A",,,Plein jour,En agglomération,Hors intersection,Temps couvert,Autre collision,,,,,,,,,,,1,2,1,8,6
200500076542,0005-11-05 09:50:00,5,11,5,9,50,930,13.0,LECLERC (AVENU DE LA DIV,,,Plein jour,En agglomération,Hors intersection,Temps couvert,Autre collision,,,,,,,,,,,1,2,1,8,6
200500076543,0005-11-07 06:35:00,5,11,7,6,35,930,30.0,HUIT-MAI-1945 (AVENUE DU,,,Nuit avec éclairage allumé,En agglomération,Hors intersection,Pluie légère,Deux véhicules - côté,,,,,,,,,,,5,2,1,2,3
200500076544,0005-11-10 10:15:00,5,11,10,10,15,930,27.0,"16, TIMBAUD (RUE JEAN-PI",,,Plein jour,En agglomération,Hors intersection,Normale,Deux véhicules - côté,,,,,,,,,,,1,2,1,1,3
200500076545,0005-11-10 13:45:00,5,11,10,13,45,930,27.0,"89, PASTEUR (BOULEVARD)",,,Plein jour,En agglomération,Intersection en Y,Normale,Deux véhicules - frontale,,,,,,,,,,,1,2,4,1,1
200500076546,0005-11-11 17:30:00,5,11,11,17,30,930,27.0,"neant, CONVENTION (RUE D",,,Nuit avec éclairage allumé,En agglomération,Intersection en T,Normale,Deux véhicules - côté,,,,,,,,,,,5,2,3,1,3
200500076547,0005-11-16 17:03:00,5,11,16,17,3,930,27.0,"1, HUGO (AVENUE VICTOR)",,,Plein jour,En agglomération,Hors intersection,Normale,Autre collision,,,,,,,,,,,1,2,1,1,6
200500076548,0005-11-21 18:25:00,5,11,21,18,25,930,13.0,"20, CAVILLON (RUE ANIZAN",,,Nuit avec éclairage allumé,En agglomération,Hors intersection,Brouillard / fumée,Trois véhicules et plus - collisions multiples,,,,,,,,,,,5,2,1,5,5
200500076549,0005-11-23 10:55:00,5,11,23,10,55,930,13.0,"1, LECLERC (AVENU DE LA",,,Plein jour,En agglomération,Hors intersection,Normale,Autre collision,,,,,,,,,,,1,2,1,1,6
200500076550,0005-11-25 08:30:00,5,11,25,8,30,930,27.0,"40, QUINET (RUE EDGAR)",,,Plein jour,En agglomération,Intersection en Y,Autre,Deux véhicules - arrière,,,,,,,,,,,1,2,4,9,2
200500076551,0005-11-25 18:45:00,5,11,25,18,45,930,27.0,SALENGRO (AVENUE ROGER),,,Nuit avec éclairage allumé,En agglomération,Hors intersection,Pluie légère,Deux véhicules - arrière,,,,,,,,,,,5,2,1,2,2
200500076552,0005-11-30 12:30:00,5,11,30,12,30,930,27.0,CHABROL (RUE),,,Plein jour,En agglomération,Intersection en X,Normale,Deux véhicules - côté,,,,,,,,,,,1,2,2,1,3
200500076553,0005-11-27 19:30:00,5,11,27,19,30,930,13.0,LECLERC (AVENU DE LA DIV,,,Nuit avec éclairage allumé,En agglomération,Intersection en T,Pluie légère,Autre collision,,,,,,,,,,,5,2,3,2,6
200500076554,0005-11-02 09:30:00,5,11,2,9,30,930,29.0,GEORGES DUCERF,,,Plein jour,En agglomération,Intersection en X,Temps couvert,Deux véhicules - côté,,,,,,,,,,,1,2,2,8,3
200500076555,0005-11-07 07:20:00,5,11,7,7,20,930,29.0,"5, STATION (DE LA)",,,Crépuscule ou aube,En agglomération,Hors intersection,Temps couvert,Autre collision,,,,,,,,,,,2,2,1,8,6
200500076556,0005-11-07 19:20:00,5,11,7,19,20,930,29.0,"173, HENRI BARBUSSE (AVE",,,Nuit avec éclairage allumé,En agglomération,Hors intersection,Normale,Autre collision,,,,,,,,,,,5,2,1,1,6
200500076557,0005-11-14 08:55:00,5,11,14,8,55,930,29.0,LILAS (DES),,,Plein jour,En agglomération,Intersection en T,Normale,Autre collision,,,,,,,,,,,1,2,3,1,6
200500076558,0005-11-29 12:20:00,5,11,29,12,20,930,29.0,"227, HENRI BARBUSSE (AVE",,,Plein jour,En agglomération,Hors intersection,Normale,Deux véhicules - arrière,,,,,,,,,,,1,2,1,1,2
200500076559,0005-11-10 16:30:00,5,11,10,16,30,930,79.0,"3 ter, SAINT LEU (ROUTE)",,,Plein jour,En agglomération,Intersection en T,Normale,Autre collision,,,,,,,,,,,1,2,3,1,6
200500076560,0005-11-25 22:05:00,5,11,25,22,5,930,31.0,18 JUIN 1940 (AV DU),,,Nuit avec éclairage allumé,En agglomération,Intersection en T,Autre,Autre collision,,,,,,,,,,,5,2,3,9,6
200500076561,0005-11-29 18:40:00,5,11,29,18,40,930,31.0,DE LATTRE DE TASSIGNY (1,,,Nuit avec éclairage allumé,En agglomération,Autre intersection,Normale,Autre collision,,,,,,,,,,,5,2,9,1,6
200500076562,0005-11-30 08:05:00,5,11,30,8,5,930,31.0,"02, JEAN JAURES (AV)",,,Plein jour,En agglomération,Intersection en X,Normale,Autre collision,,,,,,,,,,,1,2,2,1,6
200500076563,0005-11-30 17:15:00,5,11,30,17,15,930,31.0,"FACE 8, DE LATTRE DE TAS",,,Nuit avec éclairage allumé,En agglomération,Intersection en T,Normale,Autre collision,,,,,,,,,,,5,2,3,1,6
200500076564,0005-11-03 18:00:00,5,11,3,18,0,930,32.0,QUAI DU CHENAY,,,Nuit avec éclairage allumé,En agglomération,Intersection en T,Normale,Autre collision,,,,,,,,,,,5,2,3,1,6
200500076565,0005-11-12 15:35:00,5,11,12,15,35,930,47.0,"187, JEAN JAURES (AVENUE",,,Plein jour,En agglomération,Intersection en X,Temps couvert,Deux véhicules - arrière,,,,,,,,,,,1,2,2,8,2
200500076566,0005-11-13 00:10:00,5,11,13,0,10,930,32.0,"51, RONSARD   (AVENUE)",,,Nuit avec éclairage allumé,En agglomération,Intersection en X,Pluie légère,Deux véhicules - côté,,,,,,,,,,,5,2,2,2,3
200500076567,0005-11-18 18:00:00,5,11,18,18,0,930,32.0,"94, MONTFERMEIL   (ALLEE",,,Crépuscule ou aube,En agglomération,Hors intersection,Normale,Autre collision,,,,,,,,,,,2,2,1,1,6
200500076568,0005-11-25 07:30:00,5,11,25,7,30,930,47.0,HENRI BARBUSSE  (RUE),,,Crépuscule ou aube,En agglomération,Hors intersection,Normale,Autre collision,,,,,,,,,,,2,2,1,1,6
200500076569,0005-11-25 15:00:00,5,11,25,15,0,930,32.0,ARISTIDE BRIAND (RUE),,,Plein jour,En agglomération,Intersection en T,Normale,Autre collision,,,,,,,,,,,1,2,3,1,6
200500076570,0005-11-30 16:05:00,5,11,30,16,5,930,32.0,PARMENTIER   (RUE),,,Plein jour,En agglomération,Hors intersection,Normale,Deux véhicules - côté,,,,,,,,,,,1,2,1,1,3
200500076571,0005-11-01 16:25:00,5,11,1,16,25,930,63.0,CARNOT RUE,,,Plein jour,En agglomération,Intersection en T,Normale,Deux véhicules - côté,,,,,,,,,,,1,2,3,1,3
200500076572,0005-11-02 12:45:00,5,11,2,12,45,930,63.0,"73, BRANLY BD EDOUARD",,,Plein jour,En agglomération,Hors intersection,Pluie légère,Deux véhicules - côté,,,,,,,,,,,1,2,1,2,3
200500076573,0005-11-03 17:50:00,5,11,3,17,50,930,63.0,"83, BARBUSSE HENRI BOULE",,,Nuit avec éclairage allumé,En agglomération,Hors intersection,Normale,Autre collision,,,,,,,,,,,5,2,1,1,6
200500076574,0005-11-05 23:40:00,5,11,5,23,40,930,6.0,"50, VAILLANT EDOUARD RUE",,,Nuit avec éclairage allumé,En agglomération,Hors intersection,Normale,Deux véhicules - arrière,,,,,,,,,,,5,2,1,1,2
200500076575,0005-11-07 12:50:00,5,11,7,12,50,930,63.0,"90, MONTREUIL ROUTE DE",,,Plein jour,En agglomération,Hors intersection,Normale,Autre collision,,,,,,,,,,,1,2,1,1,6
200500076576,0005-11-08 17:05:00,5,11,8,17,5,930,45.0,"229, NOISY LE SEC RUE DE",,,Crépuscule ou aube,En agglomération,Hors intersection,Normale,Sans collision,,,,,,,,,,,2,2,1,1,7
200500076577,0005-11-12 12:00:00,5,11,12,12,0,930,63.0,BRANLY BD EDOUARD,,,Plein jour,En agglomération,Intersection en T,Pluie légère,Deux véhicules - arrière,,,,,,,,,,,1,2,3,2,2
200500076578,0005-11-14 13:25:00,5,11,14,13,25,930,45.0,LA ROCHE FOUCAULD RUE DE,,,Plein jour,En agglomération,Hors intersection,Normale,Deux véhicules - arrière,,,,,,,,,,,1,2,1,1,2
200500076579,0005-11-15 19:55:00,5,11,15,19,55,930,6.0,CURIE PIERRE ET MARIE,,,Nuit avec éclairage allumé,En agglomération,Hors intersection,Pluie légère,Autre collision,,,,,,,,,,,5,2,1,2,6
200500076580,0005-11-21 12:55:00,5,11,21,12,55,930,63.0,THOMAS ALBERT RUE,,,Plein jour,En agglomération,Giratoire,Temps couvert,Autre collision,,,,,,,,,,,1,2,6,8,6
200500076581,0005-11-23 07:15:00,5,11,23,7,15,930,6.0,"49, STALINGRAD AV.",,,Nuit avec éclairage allumé,En agglomération,Hors intersection,Normale,Autre collision,,,,,,,,,,,5,2,1,1,6