accident_id,datetime,annee,mois,jour,heure,minute,departement,commune_insee,adresse,latitude,longitude,luminosite,agglomeration,intersection,meteo,collision,nb_vehicules,nb_usagers,nb_indemnes,nb_tues,nb_blesses_hosp,nb_blesses_legers,age_cond_1,age_cond_2,veh_type_cond_1,veh_type_cond_2,lum_code,agg_code,int_code,atm_code,col_code
200500076707,0005-11-18 09:10:00,5,11,18,9,10,930,78.0,DUCLOS (RUE JACQUES),,,Plein jour,En agglomération,Hors intersection,Normale,Trois véhicules et plus - en chaîne,,,,,,,,,,,1,2,1,1,4
200500076708,0005-11-18 16:45:00,5,11,18,16,45,930,73.0,"02, DE GAULLE (RUE CHARL",,,Plein jour,En agglomération,Intersection en X,Normale,Deux véhicules - côté,,,,,,,,,,,1,2,2,1,3
200500076709,0005-11-22 18:15:00,5,11,22,18,15,930,73.0,KALIFAT (RUE),,,Nuit avec éclairage allumé,En agglomération,Intersection en X,Normale,Deux véhicules - côté,,,,,,,,,,,5,2,2,1,3
200500076710,0005-11-25 06:50:00,5,11,25,6,50,930,78.0,GARE SNCF VERT GALANT,,,Nuit avec éclairage allumé,En agglomération,Giratoire,Autre,Deux véhicules - arrière,,,,,,,,,,,5,2,6,9,2
200500076711,0005-11-25 16:30:00,5,11,25,16,30,930,78.0,LECLERC (AVENUE DU GENER,,,Plein jour,En agglomération,Intersection en X,Pluie légère,Sans collision,,,,,,,,,,,1,2,2,2,7
200500076712,0005-11-29 18:00:00,5,11,29,18,0,930,78.0,"109, BALLANGER (BD ROBER",,,Nuit avec éclairage allumé,En agglomération,Hors intersection,Normale,Deux véhicules - côté,,,,,,,,,,,5,2,1,1,3
200500076713,0005-11-30 19:10:00,5,11,30,19,10,930,73.0,DE GAULLE (RUE CHARLES),,,Nuit sans éclairage public,En agglomération,Intersection à plus de 4 branches,Normale,Deux véhicules - côté,,,,,,,,,,,3,2,5,1,3
200500076714,0005-11-19 18:00:00,5,11,19,18,0,940,2.0,"70, BLANQUI (QU)",,,Crépuscule ou aube,En agglomération,Hors intersection,Normale,Sans collision,,,,,,,,,,,2,2,1,1,7
200500076715,0005-11-23 07:25:00,5,11,23,7,25,940,2.0,"106, VERON (R)",,,Plein jour,En agglomération,Intersection en X,Normale,Deux véhicules - côté,,,,,,,,,,,1,2,2,1,3
200500076716,0005-11-03 15:10:00,5,11,3,15,10,940,75.0,LATTRE DE TASSIGNY (AV D,,,Plein jour,En agglomération,Intersection en T,Normale,Deux véhicules - côté,,,,,,,,,,,1,2,3,1,3
200500076717,0005-11-07 08:45:00,5,11,7,8,45,940,47.0,"2, BOUSSY (R DE)",,,Plein jour,En agglomération,Autre intersection,Autre,Autre collision,,,,,,,,,,,1,2,9,9,6
200500076718,0005-11-09 07:10:00,5,11,9,7,10,940,75.0,"0, LATTRE DE TASSIGNY (A",,,Nuit avec éclairage allumé,En agglomération,Hors intersection,Pluie légère,Deux véhicules - arrière,,,,,,,,,,,5,2,1,2,2
200500076719,0005-11-11 20:00:00,5,11,11,20,0,940,44.0,PARIS (R DE),,,Nuit avec éclairage allumé,En agglomération,Intersection en X,Normale,Deux véhicules - frontale,,,,,,,,,,,5,2,2,1,1
200500076720,0005-11-16 07:55:00,5,11,16,7,55,940,71.0,GEORGES POMPIDOU (AV),,,Plein jour,En agglomération,Hors intersection,Temps couvert,Autre collision,,,,,,,,,,,1,2,1,8,6
200500076721,0005-11-17 18:40:00,5,11,17,18,40,940,75.0,MANDRES (R DE),,,Nuit avec éclairage allumé,En agglomération,Intersection en Y,Normale,Autre collision,,,,,,,,,,,5,2,4,1,6
200500076722,0005-11-19 20:30:00,5,11,19,20,30,940,71.0,VERT (CHE),,,Nuit avec éclairage allumé,En agglomération,Hors intersection,Normale,Deux véhicules - frontale,,,,,,,,,,,5,2,1,1,1
200500076723,0005-11-23 07:50:00,5,11,23,7,50,940,75.0,"0, MANDRES (R DE)",,,Plein jour,En agglomération,Hors intersection,Normale,Deux véhicules - arrière,,,,,,,,,,,1,2,1,1,2
200500076724,0005-11-23 14:30:00,5,11,23,14,30,940,71.0,"0, CHAMPIGNY (R DE)",,,Plein jour,En agglomération,Hors intersection,Temps éblouissant,Deux véhicules - côté,,,,,,,,,,,1,2,1,7,3
200500076725,0005-11-27 22:50:00,5,11,27,22,50,940,71.0,"80, GENERAL LECLERC (R D",,,Nuit avec éclairage allumé,En agglomération,Hors intersection,Normale,Autre collision,,,,,,,,,,,5,2,1,1,6
200500076726,0005-11-28 22:40:00,5,11,28,22,40,940,70.0,LIBERATION (R DE LA),,,Nuit avec éclairage allumé,En agglomération,Hors intersection,Normale,Autre collision,,,,,,,,,,,5,2,1,1,6
200500076727,0005-11-30 12:55:00,5,11,30,12,55,940,44.0,"8, ALBERT GARRY (R)",,,Plein jour,En agglomération,Hors intersection,Normale,Trois véhicules et plus - collisions multiples,,,,,,,,,,,1,2,1,1,5
200500076728,0005-11-30 20:35:00,5,11,30,20,35,940,71.0,PARIS (R DE),,,Nuit avec éclairage allumé,En agglomération,Hors intersection,Normale,Trois véhicules et plus - collisions multiples,,,,,,,,,,,5,2,1,1,5
200500076729,0005-11-02 02:40:00,5,11,2,2,40,940,71.0,"25, GABRIEL PERI (AV)",,,Nuit sans éclairage public,En agglomération,Hors intersection,Pluie légère,Autre collision,,,,,,,,,,,3,2,1,2,6
200500076730,0005-11-23 18:10:00,5,11,23,18,10,940,44.0,"0, GENERAL LECLERC (AV D",,,Nuit avec éclairage allumé,En agglomération,Hors intersection,Normale,Autre collision,,,,,,,,,,,5,2,1,1,6
200500076731,0005-11-02 14:45:00,5,11,2,14,45,940,17.0,FELIX FAURE (R),,,Plein jour,En agglomération,Intersection en X,Pluie légère,Deux véhicules - côté,,,,,,,,,,,1,2,2,2,3
200500076732,0005-11-05 19:30:00,5,11,5,19,30,940,17.0,MAURICE THOREZ (AV),,,Nuit avec éclairage allumé,En agglomération,Hors intersection,Normale,Trois véhicules et plus - collisions multiples,,,,,,,,,,,5,2,1,1,5
200500076733,0005-11-07 13:30:00,5,11,7,13,30,940,17.0,"786, MAURICE THOREZ (AV)",,,Plein jour,En agglomération,Hors intersection,Normale,Autre collision,,,,,,,,,,,1,2,1,1,6
200500076734,0005-11-17 18:45:00,5,11,17,18,45,940,17.0,MAURICE THOREZ (AV),,,Nuit avec éclairage allumé,En agglomération,Intersection en X,Normale,Deux véhicules - frontale,,,,,,,,,,,5,2,2,1,1
200500076735,0005-11-25 09:35:00,5,11,25,9,35,940,17.0,ALBERT THOMAS (R),,,Plein jour,En agglomération,Hors intersection,Normale,Autre collision,,,,,,,,,,,1,2,1,1,6
200500076736,0005-11-28 06:05:00,5,11,28,6,5,940,17.0,GEORGES DIMITROV (R),,,Nuit avec éclairage allumé,En agglomération,Hors intersection,Normale,Autre collision,,,,,,,,,,,5,2,1,1,6
200500076737,0005-11-28 09:55:00,5,11,28,9,55,940,17.0,"0, JEAN JAURES (R)",,,Plein jour,En agglomération,Intersection en X,Pluie légère,Autre collision,,,,,,,,,,,1,2,2,2,6
200500076738,0005-11-04 19:45:00,5,11,4,19,45,940,18.0,"199, PARIS (R DE)",,,Nuit avec éclairage allumé,En agglomération,Hors intersection,Normale,Deux véhicules - arrière,,,,,,,,,,,5,2,1,1,2
200500076739,0005-11-07 11:07:00,5,11,7,11,7,940,18.0,CAMILLE MOUQUET (R),,,Plein jour,En agglomération,Intersection en X,Normale,Trois véhicules et plus - collisions multiples,,,,,,,,,,,1,2,2,1,5
200500076740,0005-11-09 19:00:00,5,11,9,19,0,940,69.0,MARECHAL LECLERC (R DU),,,Nuit avec éclairage allumé,En agglomération,Intersection en T,Normale,Trois véhicules et plus - collisions multiples,,,,,,,,,,,5,2,3,1,5
200500076741,0005-11-21 23:15:00,5,11,21,23,15,940,69.0,NATIONALE 6 - PONT DE CH,,,Nuit avec éclairage allumé,En agglomération,Hors intersection,Normale,Deux véhicules - arrière,,,,,,,,,,,5,2,1,1,2
200500076742,0005-11-19 15:40:00,5,11,19,15,40,940,18.0,"18, GRAVELLE (AV DE)",,,Plein jour,En agglomération,Intersection en T,Normale,Deux véhicules - côté,,,,,,,,,,,1,2,3,1,3
200500076743,0005-11-16 11:10:00,5,11,16,11,10,940,18.0,"31, ANATOLE FRANCE (AV)",,,Plein jour,En agglomération,Hors intersection,Temps couvert,Autre collision,,,,,,,,,,,1,2,1,8,6
200500076744,0005-11-18 09:20:00,5,11,18,9,20,940,18.0,WINSTON CHURCHILL (AV),,,Plein jour,En agglomération,Intersection en T,Normale,Deux véhicules - côté,,,,,,,,,,,1,2,3,1,3
200500076745,0005-11-02 08:05:00,5,11,2,8,5,940,69.0,GRAVELLE (AV DE),,,Plein jour,En agglomération,Intersection en X,Pluie légère,Deux véhicules - côté,,,,,,,,,,,1,2,2,2,3
200500076746,0005-11-28 09:00:00,5,11,28,9,0,940,18.0,BERCY (QU DE),,,Plein jour,En agglomération,Intersection en Y,Normale,Deux véhicules - arrière,,,,,,,,,,,1,2,4,1,2
200500076747,0005-11-02 13:35:00,5,11,2,13,35,940,60.0,NOISEAU (RTE DE),,,Plein jour,En agglomération,Intersection en X,Pluie légère,Deux véhicules - côté,,,,,,,,,,,1,2,2,2,3
200500076748,0005-11-05 18:40:00,5,11,5,18,40,940,19.0,"1, LIBERATION (RTE DE LA",,,Crépuscule ou aube,En agglomération,Hors intersection,Normale,Deux véhicules - arrière,,,,,,,,,,,2,2,1,1,2
200500076749,0005-11-18 09:24:00,5,11,18,9,24,940,55.0,"86, GENERAL DE GAULLE (A",,,Plein jour,En agglomération,Hors intersection,Normale,Deux véhicules - côté,,,,,,,,,,,1,2,1,1,3
200500076750,0005-11-18 14:08:00,5,11,18,14,8,940,55.0,PROVINS (RTE DE),,,Plein jour,En agglomération,Hors intersection,Normale,Deux véhicules - arrière,,,,,,,,,,,1,2,1,1,2
200500076751,0005-11-23 16:20:00,5,11,23,16,20,940,79.0,"1, JEAN JAURES (R)",,,Plein jour,En agglomération,Hors intersection,Normale,Sans collision,,,,,,,,,,,1,2,1,1,7
200500076752,0005-11-30 20:30:00,5,11,30,20,30,940,59.0,"00, GENERAL LECLERC (AV",,,Nuit avec éclairage allumé,En agglomération,Intersection en T,Normale,Deux véhicules - côté,,,,,,,,,,,5,2,3,1,3
200500076753,0005-11-07 13:50:00,5,11,7,13,50,940,22.0,VASCO DE GAMA (R),,,Plein jour,En agglomération,Hors intersection,Normale,Autre collision,,,,,,,,,,,1,2,1,1,6
200500076754,0005-11-08 18:45:00,5,11,8,18,45,940,54.0,"25, MAILLARD (R DU)",,,Plein jour,En agglomération,Hors intersection,Normale,Sans collision,,,,,,,,,,,1,2,1,1,7
200500076755,0005-11-20 00:25:00,5,11,20,0,25,940,22.0,STALINGRAD - CAR DES TRO,,,Nuit avec éclairage allumé,En agglomération,Hors intersection,Normale,Autre collision,,,,,,,,,,,5,2,1,1,6
200500076756,0005-11-25 12:00:00,5,11,25,12,0,940,54.0,"0, VICTOIRE (AV DE LA)",,,Plein jour,En agglomération,Intersection en X,Pluie légère,Deux véhicules - côté,,,,,,,,,,,1,2,2,2,3
200500076757,0005-11-27 06:30:00,5,11,27,6,30,940,54.0,"0, STALINGRAD (BD DE)",,,Crépuscule ou aube,En agglomération,Hors intersection,Normale,Autre collision,,,,,,,,,,,2,2,1,1,6
200500076758,0005-11-02 12:25:00,5,11,2,12,25,940,28.0,"0, FOCH(AVENUE DU MARECH",,,Plein jour,Hors agglomération,Hors intersection,Normale,Deux véhicules - arrière,,,,,,,,,,,1,1,1,1,2
200500076759,0005-11-03 18:05:00,5,11,3,18,5,940,11.0,RHIN ET DANUBE(RUE DU),,,Plein jour,En agglomération,Hors intersection,Normale,Trois véhicules et plus - en chaîne,,,,,,,,,,,1,2,1,1,4
200500076760,0005-11-05 12:55:00,5,11,5,12,55,940,28.0,"80, BROSSOLETTE(AVENUE P",,,Plein jour,En agglomération,Hors intersection,Normale,Autre collision,,,,,,,,,,,1,2,1,1,6
200500076761,0005-11-07 19:18:00,5,11,7,19,18,940,28.0,PORT(RUE DU),,,Nuit avec éclairage allumé,En agglomération,Hors intersection,Normale,Deux véhicules - côté,,,,,,,,,,,5,2,1,1,3
200500076762,0005-11-08 16:45:00,5,11,8,16,45,940,11.0,BOISSY.(AVENUE DE),,,Plein jour,En agglomération,Hors intersection,Normale,Deux véhicules - arrière,,,,,,,,,,,1,2,1,1,2
200500076763,0005-11-09 08:30:00,5,11,9,8,30,940,28.0,"0, OUDRY.(BOULVARD JEAN",,,Plein jour,Hors agglomération,Hors intersection,Normale,Autre collision,,,,,,,,,,,1,1,1,1,6
200500076764,0005-11-08 23:45:00,5,11,8,23,45,940,11.0,"0, ELUARD(RUE PAUL)",,,Nuit avec éclairage allumé,En agglomération,Hors intersection,Normale,Autre collision,,,,,,,,,,,5,2,1,1,6
200500076765,0005-11-09 21:45:00,5,11,9,21,45,940,28.0,"0, POMPADOUR(CARREFOUR)",,,Nuit avec éclairage allumé,En agglomération,Giratoire,Normale,Deux véhicules - frontale,,,,,,,,,,,5,2,6,1,1
200500076766,0005-11-12 09:50:00,5,11,12,9,50,940,28.0,"0, POMPADOUR(CARREFOUR)",,,Plein jour,En agglomération,Hors intersection,Normale,Sans collision,,,,,,,,,,,1,2,1,1,7
200500076767,0005-11-12 21:15:00,5,11,12,21,15,940,11.0,"0, BOISSY.(AVENUE DE)",,,Crépuscule ou aube,En agglomération,Intersection en X,Pluie légère,Deux véhicules - côté,,,,,,,,,,,2,2,2,2,3
200500076768,0005-11-11 12:00:00,5,11,11,12,0,940,28.0,"0, PETITES HAYES.(AVENUE",,,Plein jour,En agglomération,Hors intersection,Pluie forte,Sans collision,,,,,,,,,,,1,2,1,3,7
200500076769,0005-11-15 14:15:00,5,11,15,14,15,940,28.0,"0, BROSSOLETTE(AVENUE PI",,,Plein jour,Hors agglomération,Hors intersection,Normale,Deux véhicules - côté,,,,,,,,,,,1,1,1,1,3
200500076770,0005-11-15 08:15:00,5,11,15,8,15,940,11.0,"0, BICENTENAIRE.(AVENUE",,,Plein jour,Hors agglomération,Hors intersection,Normale,Deux véhicules - arrière,,,,,,,,,,,1,1,1,1,2
200500076771,0005-11-15 11:05:00,5,11,15,11,5,940,28.0,"0, POMPADOUR(ROUTE DE LA",,,Plein jour,Hors agglomération,Hors intersection,Normale,Deux véhicules - côté,,,,,,,,,,,1,1,1,1,3
200500076772,0005-11-16 13:05:00,5,11,16,13,5,940,28.0,TASSIGNY(AVE DU MARECHAL,,,Plein jour,En agglomération,Hors intersection,Normale,Deux véhicules - arrière,,,,,,,,,,,1,2,1,1,2
200500076773,0005-11-16 15:35:00,5,11,16,15,35,940,28.0,CASALIS.(AVE DU DR PAUL),,,Plein jour,En agglomération,Hors intersection,Normale,Autre collision,,,,,,,,,,,1,2,1,1,6
200500076774,0005-11-17 23:00:00,5,11,17,23,0,940,28.0,MESLY.(RUE DE),,,Nuit avec éclairage allumé,En agglomération,Hors intersection,Normale,Deux véhicules - côté,,,,,,,,,,,5,2,1,1,3
200500076775,0005-11-18 13:15:00,5,11,18,13,15,940,11.0,PARIS(AVENUE DE),,,Plein jour,En agglomération,Hors intersection,Normale,Autre collision,,,,,,,,,,,1,2,1,1,6
200500076776,0005-11-18 19:00:00,5,11,18,19,0,940,11.0,SEMARD(RUE PIERRE),,,Nuit avec éclairage non allumé,En agglomération,Hors intersection,Normale,Trois véhicules et plus - en chaîne,,,,,,,,,,,4,2,1,1,4
200500076777,0005-11-21 16:30:00,5,11,21,16,30,940,28.0,FOCH(AVENUE DU MARECHAL),,,Plein jour,En agglomération,Hors intersection,Normale,Deux véhicules - arrière,,,,,,,,,,,1,2,1,1,2
200500076778,0005-11-22 16:15:00,5,11,22,16,15,940,28.0,LECLERC.(RUE DU GENERAL),,,Plein jour,En agglomération,Hors intersection,Normale,Autre collision,,,,,,,,,,,1,2,1,1,6
200500076779,0005-11-24 09:15:00,5,11,24,9,15,940,11.0,DAUTIER.(RUE DESIRE),,,Plein jour,En agglomération,Hors intersection,Normale,Autre collision,,,,,,,,,,,1,2,1,1,6
200500076780,0005-11-23 09:30:00,5,11,23,9,30,940,28.0,FOCH(AVENUE DU MARECHAL),,,Plein jour,En agglomération,Hors intersection,Normale,Trois véhicules et plus - en chaîne,,,,,,,,,,,1,2,1,1,4
200500076781,0005-11-24 17:55:00,5,11,24,17,55,940,11.0,"0, GILLET(RUE ALFRED)",,,Nuit avec éclairage allumé,Hors agglomération,Hors intersection,Pluie légère,Sans collision,,,,,,,,,,,5,1,1,2,7
200500076782,0005-11-27 13:40:00,5,11,27,13,40,940,28.0,POMPADOUR(ROUTE DE LA),,,Plein jour,En agglomération,Hors intersection,Normale,Sans collision,,,,,,,,,,,1,2,1,1,7
200500076783,0005-11-25 16:30:00,5,11,25,16,30,940,11.0,"111, PARIS(AVENUE DE)",,,Plein jour,En agglomération,Hors intersection,Normale,Sans collision,,,,,,,,,,,1,2,1,1,7
200500076784,0005-11-27 15:00:00,5,11,27,15,0,940,28.0,FRANCE LIBRE(AVENUE DE L,,,Plein jour,En agglomération,Hors intersection,Normale,Autre collision,,,,,,,,,,,1,2,1,1,6
200500076785,0005-11-28 14:10:00,5,11,28,14,10,940,28.0,"0, BROSSOLETTE(AVENUE PI",,,Plein jour,En agglomération,Hors intersection,Normale,Deux véhicules - frontale,,,,,,,,,,,1,2,1,1,1
200500076786,0005-11-29 18:10:00,5,11,29,18,10,940,28.0,"32, TASSIGNY(AVE DU MARE",,,Nuit avec éclairage allumé,En agglomération,Hors intersection,Pluie légère,Autre collision,,,,,,,,,,,5,2,1,2,6
200500076787,0005-11-29 22:00:00,5,11,29,22,0,940,11.0,BOISSY.(AVENUE DE),,,Nuit avec éclairage allumé,En agglomération,Hors intersection,Normale,Autre collision,,,,,,,,,,,5,2,1,1,6
200500076788,0005-11-30 19:10:00,5,11,30,19,10,940,28.0,BRECHE(AVENUE DE LA),,,Crépuscule ou aube,En agglomération,Hors intersection,Pluie légère,Autre collision,,,,,,,,,,,2,2,1,2,6
200500076789,0005-11-07 06:40:00,5,11,7,6,40,940,33.0,COMMANDANT DUHAIL (R DU),,,Crépuscule ou aube,En agglomération,Intersection en X,Pluie légère,Deux véhicules - côté,,,,,,,,,,,2,2,2,2,3
200500076790,0005-11-01 10:15:00,5,11,1,10,15,940,43.0,"42, FONTAINEBLEAU (AV DE",,,Plein jour,Hors agglomération,Hors intersection,Normale,Sans collision,,,,,,,,,,,1,1,1,1,7
200500076791,0005-11-01 19:00:00,5,11,1,19,0,940,76.0,"1, RENE THIBERT (R)",,,Nuit avec éclairage allumé,En agglomération,Intersection en X,Normale,Deux véhicules - frontale,,,,,,,,,,,5,2,2,1,1
200500076792,0005-11-04 08:50:00,5,11,4,8,50,940,76.0,"1, EMILE ZOLA (R)",,,Plein jour,En agglomération,Hors intersection,Normale,Autre collision,,,,,,,,,,,1,2,1,1,6
200500076793,0005-11-16 11:55:00,5,11,16,11,55,940,76.0,"137, PARIS (AV DE)",,,Plein jour,En agglomération,Hors intersection,Normale,Autre collision,,,,,,,,,,,1,2,1,1,6
200500076794,0005-11-17 15:50:00,5,11,17,15,50,940,76.0,"54, REPUBLIQUE (AV DE LA",,,Plein jour,En agglomération,Autre intersection,Normale,Deux véhicules - côté,,,,,,,,,,,1,2,9,1,3
200500076795,0005-11-27 00:56:00,5,11,27,0,56,940,3.0,"109, ARISTIDE BRIAND (AV",,,Nuit avec éclairage allumé,En agglomération,Hors intersection,Pluie légère,Autre collision,,,,,,,,,,,5,2,1,2,6
200500076796,0005-11-29 08:40:00,5,11,29,8,40,940,3.0,GABRIEL PERI (AV),,,Plein jour,En agglomération,Hors intersection,Pluie légère,Sans collision,,,,,,,,,,,1,2,1,2,7
200500076797,0005-11-29 19:00:00,5,11,29,19,0,940,16.0,ARISTIDE BRIAND (AV),,,Nuit sans éclairage public,En agglomération,Hors intersection,Normale,Autre collision,,,,,,,,,,,3,2,1,1,6
200500076798,0005-11-30 16:30:00,5,11,30,16,30,940,16.0,PRESIDENT WILSON (AV DU),,,Plein jour,En agglomération,Intersection en T,Normale,Deux véhicules - côté,,,,,,,,,,,1,2,3,1,3
200500076799,0005-11-02 14:15:00,5,11,2,14,15,940,21.0,"84, JEAN MERMOZ (BD)",,,Plein jour,En agglomération,Hors intersection,Pluie légère,Deux véhicules - arrière,,,,,,,,,,,1,2,1,2,2
200500076800,0005-11-04 12:20:00,5,11,4,12,20,940,65.0,RN 186,,,Plein jour,En agglomération,Hors intersection,Temps couvert,Trois véhicules et plus - collisions multiples,,,,,,,,,,,1,2,1,8,5
200500076801,0005-11-04 18:00:00,5,11,4,18,0,940,38.0,COSARDE (RLE DE LA),,,Nuit avec éclairage allumé,En agglomération,Hors intersection,Normale,Autre collision,,,,,,,,,,,5,2,1,1,6
200500076802,0005-11-07 06:10:00,5,11,7,6,10,940,21.0,STALINGRAD (AV DE),,,Nuit avec éclairage allumé,En agglomération,Hors intersection,Normale,Autre collision,,,,,,,,,,,5,2,1,1,6
200500076803,0005-11-09 08:35:00,5,11,9,8,35,940,21.0,"82, RUE PAUL HOCHART",,,Plein jour,En agglomération,Hors intersection,Pluie légère,Deux véhicules - côté,,,,,,,,,,,1,2,1,2,3
200500076804,0005-11-10 09:45:00,5,11,10,9,45,940,38.0,"145, CHEVILLY (R DE)",,,Plein jour,En agglomération,Hors intersection,Normale,Deux véhicules - arrière,,,,,,,,,,,1,2,1,1,2
200500076805,0005-11-09 17:55:00,5,11,9,17,55,940,38.0,ARISTIDE BRIAND (AV),,,Nuit avec éclairage allumé,En agglomération,Hors intersection,Normale,Autre collision,,,,,,,,,,,5,2,1,1,6
200500076806,0005-11-12 18:10:00,5,11,12,18,10,940,38.0,PAUL HOCHART (R),,,Nuit avec éclairage allumé,En agglomération,Intersection en T,Pluie légère,Deux véhicules - côté,,,,,,,,,,,5,2,3,2,3
200500076807,0005-11-09 15:15:00,5,11,9,15,15,940,73.0,Boulevard du Nord,,,Plein jour,En agglomération,Hors intersection,Autre,Autre collision,,,,,,,,,,,1,2,1,9,6
200500076808,0005-11-09 13:15:00,5,11,9,13,15,940,73.0,MAXIMILIEN ROBESPIERRE (,,,Plein jour,En agglomération,Intersection en X,Normale,Deux véhicules - côté,,,,,,,,,,,1,2,2,1,3
200500076809,0005-11-14 18:10:00,5,11,14,18,10,940,21.0,"220, STALINGRAD (AV DE)",,,Nuit avec éclairage allumé,En agglomération,Hors intersection,Normale,Autre collision,,,,,,,,,,,5,2,1,1,6
200500076810,0005-11-14 16:55:00,5,11,14,16,55,940,65.0,CHARLES LINDBERGH (AV),,,Plein jour,En agglomération,Place,Normale,Deux véhicules - côté,,,,,,,,,,,1,2,7,1,3
200500076811,0005-11-15 19:30:00,5,11,15,19,30,940,38.0,HENRI THIRARD (R),,,Nuit avec éclairage allumé,En agglomération,Intersection en X,Pluie légère,Deux véhicules - arrière,,,,,,,,,,,5,2,2,2,2
200500076812,0005-11-15 23:20:00,5,11,15,23,20,940,73.0,boulevard du midi,,,Nuit avec éclairage allumé,En agglomération,Hors intersection,Pluie légère,Autre collision,,,,,,,,,,,5,2,1,2,6
200500076813,0005-11-20 04:15:00,5,11,20,4,15,940,65.0,RUE DU VIADUC,,,Nuit avec éclairage allumé,En agglomération,Hors intersection,Normale,Deux véhicules - arrière,,,,,,,,,,,5,2,1,1,2
200500076814,0005-11-23 10:30:00,5,11,23,10,30,940,73.0,RENE PANHARD (AV),,,Plein jour,En agglomération,Hors intersection,Normale,Autre collision,,,,,,,,,,,1,2,1,1,6
200500076815,0005-11-23 14:05:00,5,11,23,14,5,940,21.0,STALINGRAD (AV DE),,,Plein jour,En agglomération,Hors intersection,Normale,Deux véhicules - arrière,,,,,,,,,,,1,2,1,1,2
200500076816,0005-11-25 11:15:00,5,11,25,11,15,940,21.0,STALINGRAD (AV DE),,,Plein jour,En agglomération,Intersection en X,Normale,Trois véhicules et plus - collisions multiples,,,,,,,,,,,1,2,2,1,5
200500076817,0005-11-28 15:15:00,5,11,28,15,15,940,38.0,GENERAL LECLERC (AV DU),,,Plein jour,En agglomération,Hors intersection,Normale,Autre collision,,,,,,,,,,,1,2,1,1,6
200500076818,0005-11-02 22:00:00,5,11,2,22,0,940,41.0,REPUBLIQUE (AV DE LA),,,Nuit sans éclairage public,En agglomération,Hors intersection,Normale,Autre collision,,,,,,,,,,,3,2,1,1,6
200500076819,0005-11-06 00:20:00,5,11,6,0,20,940,41.0,"51, PAUL VAILLANT COUTUR",,,Nuit avec éclairage allumé,En agglomération,Hors intersection,Normale,Sans collision,,,,,,,,,,,5,2,1,1,7
200500076820,0005-11-14 08:05:00,5,11,14,8,5,940,41.0,"6, MARCEL BOYER (QU)",,,Plein jour,En agglomération,Hors intersection,Normale,Deux véhicules - côté,,,,,,,,,,,1,2,1,1,3
200500076821,0005-11-19 13:55:00,5,11,19,13,55,940,41.0,DANIELLE CASANOVA (AV),,,Plein jour,En agglomération,Hors intersection,Normale,Deux véhicules - arrière,,,,,,,,,,,1,2,1,1,2
200500076822,0005-11-21 09:05:00,5,11,21,9,5,940,41.0,CHATEAUDUN (R DE),,,Plein jour,En agglomération,Hors intersection,Normale,Deux véhicules - côté,,,,,,,,,,,1,2,1,1,3
200500076823,0005-11-23 18:05:00,5,11,23,18,5,940,41.0,"50, PAUL VAILLANT COUTUR",,,Nuit avec éclairage allumé,En agglomération,Hors intersection,Normale,Sans collision,,,,,,,,,,,5,2,1,1,7
200500076824,0005-11-24 17:00:00,5,11,24,17,0,940,41.0,"23, BAUDIN (R)",,,Plein jour,En agglomération,Hors intersection,Normale,Sans collision,,,,,,,,,,,1,2,1,1,7
200500076825,0005-11-25 19:40:00,5,11,25,19,40,940,41.0,"28, JEAN JAURES (AV)",,,Nuit avec éclairage allumé,En agglomération,Hors intersection,Normale,Deux véhicules - arrière,,,,,,,,,,,5,2,1,1,2
200500076826,0005-11-28 19:35:00,5,11,28,19,35,940,41.0,"05, HIPPOLYTE MARQUES (B",,,Nuit avec éclairage allumé,En agglomération,Hors intersection,Normale,Deux véhicules - arrière,,,,,,,,,,,5,2,1,1,2
200500076827,0005-11-03 09:15:00,5,11,3,9,15,940,41.0,BRANDEBOURG (BD DE),,,Plein jour,En agglomération,Intersection en X,Normale,Deux véhicules - côté,,,,,,,,,,,1,2,2,1,3
200500076828,0005-11-03 21:15:00,5,11,3,21,15,940,41.0,"61, LEON GEFFROY (R)",,,Nuit avec éclairage allumé,En agglomération,Hors intersection,Autre,Deux véhicules - côté,,,,,,,,,,,5,2,1,9,3
200500076829,0005-11-05 17:20:00,5,11,5,17,20,940,41.0,"36, PIERRE ET MARIE CURI",,,Plein jour,En agglomération,Hors intersection,Normale,Deux véhicules - côté,,,,,,,,,,,1,2,1,1,3
200500076830,0005-11-15 09:20:00,5,11,15,9,20,940,41.0,"96, GEORGES GOSNAT (AV)",,,Plein jour,En agglomération,Hors intersection,Normale,Deux véhicules - côté,,,,,,,,,,,1,2,1,1,3
200500076831,0005-11-01 22:40:00,5,11,1,22,40,940,46.0,"00, REPUBLIQUE (AV DE LA",,,Nuit avec éclairage allumé,En agglomération,Hors intersection,Normale,Deux véhicules - côté,,,,,,,,,,,5,2,1,1,3
200500076832,0005-11-02 09:05:00,5,11,2,9,5,940,46.0,"37, GENERAL LECLERC (AV",,,Plein jour,En agglomération,Hors intersection,Normale,Autre collision,,,,,,,,,,,1,2,1,1,6
200500076833,0005-11-03 13:55:00,5,11,3,13,55,940,46.0,"00, VERDUN (AV DE)",,,Plein jour,En agglomération,Hors intersection,Normale,Deux véhicules - côté,,,,,,,,,,,1,2,1,1,3
200500076834,0005-11-07 16:20:00,5,11,7,16,20,940,46.0,"28, PROFESSEUR CADIOT (A",,,Plein jour,En agglomération,Hors intersection,Normale,Autre collision,,,,,,,,,,,1,2,1,1,6