accident_id,datetime,annee,mois,jour,heure,minute,departement,commune_insee,adresse,latitude,longitude,luminosite,agglomeration,intersection,meteo,collision,nb_vehicules,nb_usagers,nb_indemnes,nb_tues,nb_blesses_hosp,nb_blesses_legers,age_cond_1,age_cond_2,veh_type_cond_1,veh_type_cond_2,lum_code,agg_code,int_code,atm_code,col_code
200500076835,0005-11-23 17:15:00,5,11,23,17,15,940,46.0,"74, VICTOR HUGO (R)",,,Nuit sans éclairage public,En agglomération,Autre intersection,Normale,Autre collision,,,,,,,,,,,3,2,9,1,6
200500076836,0005-11-28 15:15:00,5,11,28,15,15,940,46.0,"159, GENERAL LECLERC (AV",,,Plein jour,En agglomération,Hors intersection,Normale,Autre collision,,,,,,,,,,,1,2,1,1,6
200500076837,0005-11-01 07:00:00,5,11,1,7,0,940,52.0,ALSACE LORRAINE (BD D),,,Plein jour,En agglomération,Hors intersection,Normale,Autre collision,,,,,,,,,,,1,2,1,1,6
200500076838,0005-11-02 11:45:00,5,11,2,11,45,940,42.0,"13, PIERRE BROSSOLETTE (",,,Plein jour,En agglomération,Hors intersection,Pluie légère,Autre collision,,,,,,,,,,,1,2,1,2,6
200500076839,0005-11-02 11:00:00,5,11,2,11,0,940,42.0,POLANGIS (BD DE),,,Plein jour,En agglomération,Autre intersection,Normale,Deux véhicules - côté,,,,,,,,,,,1,2,9,1,3
200500076840,0005-11-04 13:00:00,5,11,4,13,0,940,42.0,"36, GENERAL GALLIENI (AV",,,Plein jour,En agglomération,Hors intersection,Normale,Deux véhicules - arrière,,,,,,,,,,,1,2,1,1,2
200500076841,0005-11-08 07:18:00,5,11,8,7,18,940,52.0,"60, CHARLES DE GAULLE (G",,,Crépuscule ou aube,En agglomération,Hors intersection,Normale,Autre collision,,,,,,,,,,,2,2,1,1,6
200500076842,0005-11-14 17:10:00,5,11,14,17,10,940,52.0,LEDRU ROLLIN (IMP),,,Crépuscule ou aube,En agglomération,Intersection en X,Normale,Deux véhicules - côté,,,,,,,,,,,2,2,2,1,3
200500076843,0005-11-15 09:00:00,5,11,15,9,0,940,52.0,"197, ALSACE LORRAINE (BD",,,Plein jour,En agglomération,Hors intersection,Normale,Autre collision,,,,,,,,,,,1,2,1,1,6
200500076844,0005-11-18 10:50:00,5,11,18,10,50,940,52.0,STRASBOURG (BD DE),,,Plein jour,En agglomération,Hors intersection,Normale,Deux véhicules - arrière,,,,,,,,,,,1,2,1,1,2
200500076845,0005-11-18 13:30:00,5,11,18,13,30,940,42.0,PRESIDENT JOHN KENNEDY (,,,Plein jour,En agglomération,Hors intersection,Normale,Deux véhicules - côté,,,,,,,,,,,1,2,1,1,3
200500076846,0005-11-18 20:50:00,5,11,18,20,50,940,52.0,ALBERT 1ER (BD),,,Nuit sans éclairage public,En agglomération,Hors intersection,Normale,Deux véhicules - arrière,,,,,,,,,,,3,2,1,1,2
200500076847,0005-11-29 20:10:00,5,11,29,20,10,940,52.0,MARECHAL VAILLANT (R DU),,,Nuit sans éclairage public,En agglomération,Hors intersection,Normale,Autre collision,,,,,,,,,,,3,2,1,1,6
200500076848,0005-11-03 10:05:00,5,11,3,10,5,940,68.0,EMILE ZOLA (AV),,,Plein jour,En agglomération,Hors intersection,Normale,Autre collision,,,,,,,,,,,1,2,1,1,6
200500076849,0005-11-05 13:13:00,5,11,5,13,13,940,68.0,GAMBETTA (AV),,,Plein jour,En agglomération,Intersection à plus de 4 branches,Pluie légère,Deux véhicules - côté,,,,,,,,,,,1,2,5,2,3
200500076850,0005-11-05 02:30:00,5,11,5,2,30,940,68.0,GAMBETTA (AV),,,Plein jour,En agglomération,Hors intersection,Normale,Sans collision,,,,,,,,,,,1,2,1,1,7
200500076851,0005-11-08 09:30:00,5,11,8,9,30,940,68.0,"6, MAURICE BERTEAUX (BD)",,,Plein jour,En agglomération,Hors intersection,Normale,Autre collision,,,,,,,,,,,1,2,1,1,6
200500076852,0005-11-08 11:50:00,5,11,8,11,50,940,68.0,"05, FRANCOIS ADAM (AV)",,,Plein jour,En agglomération,Autre intersection,Normale,Deux véhicules - côté,,,,,,,,,,,1,2,9,1,3
200500076853,0005-11-09 12:55:00,5,11,9,12,55,940,68.0,"12, FOCH (AV)",,,Plein jour,En agglomération,Autre intersection,Normale,Autre collision,,,,,,,,,,,1,2,9,1,6
200500076854,0005-11-09 13:15:00,5,11,9,13,15,940,68.0,ALMA (AV DE L),,,Plein jour,En agglomération,Hors intersection,Normale,Deux véhicules - arrière,,,,,,,,,,,1,2,1,1,2
200500076855,0005-11-14 18:10:00,5,11,14,18,10,940,68.0,SORBIERS (AV DES),,,Nuit avec éclairage allumé,En agglomération,Intersection en X,Normale,Deux véhicules - côté,,,,,,,,,,,5,2,2,1,3
200500076856,0005-11-23 18:00:00,5,11,23,18,0,940,68.0,MAURICE BERTEAUX (BD),,,Nuit avec éclairage allumé,En agglomération,Hors intersection,Normale,Autre collision,,,,,,,,,,,5,2,1,1,6
200500076857,0005-11-24 23:30:00,5,11,24,23,30,940,68.0,"17, MAURICE BERTEAUX (BD",,,Nuit avec éclairage allumé,En agglomération,Hors intersection,Pluie légère,Trois véhicules et plus - en chaîne,,,,,,,,,,,5,2,1,2,4
200500076858,0005-11-24 18:00:00,5,11,24,18,0,940,68.0,"40, SAINT HILAIRE (R)",,,Nuit avec éclairage allumé,En agglomération,Hors intersection,Pluie légère,Autre collision,,,,,,,,,,,5,2,1,2,6
200500076859,0005-11-27 12:40:00,5,11,27,12,40,940,68.0,"128, CRETEIL (BD DE)",,,Plein jour,En agglomération,Hors intersection,Normale,Autre collision,,,,,,,,,,,1,2,1,1,6
200500076860,0005-11-02 15:10:00,5,11,2,15,10,940,78.0,"1, JULES VALLES (PL)",,,Plein jour,En agglomération,Hors intersection,Pluie légère,Autre collision,,,,,,,,,,,1,2,1,2,6
200500076861,0005-11-03 11:50:00,5,11,3,11,50,940,77.0,"0, NON DENOMMEE (VOI)",,,Plein jour,En agglomération,Hors intersection,Normale,Autre collision,,,,,,,,,,,1,2,1,1,6
200500076862,0005-11-03 22:15:00,5,11,3,22,15,940,78.0,"6, PIERRE SEMARD (PL)",,,Nuit avec éclairage allumé,En agglomération,Hors intersection,Normale,Sans collision,,,,,,,,,,,5,2,1,1,7
200500076863,0005-11-26 20:20:00,5,11,26,20,20,940,78.0,"6, MELUN (AV DE)",,,Nuit avec éclairage allumé,En agglomération,Hors intersection,Pluie légère,Trois véhicules et plus - collisions multiples,,,,,,,,,,,5,2,1,2,5
200500076864,0005-11-12 18:30:00,5,11,12,18,30,940,77.0,VICTOR HUGO (AV),,,Nuit avec éclairage allumé,En agglomération,Intersection en X,Pluie légère,Deux véhicules - côté,,,,,,,,,,,5,2,2,2,3
200500076865,0005-11-18 18:20:00,5,11,18,18,20,940,77.0,ORLY (RTE D),,,Nuit avec éclairage allumé,En agglomération,Intersection en T,Normale,Deux véhicules - côté,,,,,,,,,,,5,2,3,1,3
200500076866,0005-11-25 17:10:00,5,11,25,17,10,940,74.0,"48, COLONEL FABIEN (R)",,,Plein jour,En agglomération,Hors intersection,Normale,Autre collision,,,,,,,,,,,1,2,1,1,6
200500076867,0005-11-12 17:10:00,5,11,12,17,10,940,1.0,"14, BAC (R DU)",,,Plein jour,En agglomération,Hors intersection,Normale,Autre collision,,,,,,,,,,,1,2,1,1,6
200500076868,0005-11-23 08:45:00,5,11,23,8,45,940,74.0,HENRI BARBUSSE (AV),,,Plein jour,En agglomération,Hors intersection,Normale,Autre collision,,,,,,,,,,,1,2,1,1,6
200500076869,0005-11-02 22:00:00,5,11,2,22,0,940,80.0,ANATOLE FRANCE (AV),,,Nuit avec éclairage allumé,En agglomération,Hors intersection,Normale,Deux véhicules - côté,,,,,,,,,,,5,2,1,1,3
200500076870,0005-11-05 14:00:00,5,11,5,14,0,940,80.0,"118, LIBERATION (BD DE L",,,Plein jour,En agglomération,Intersection en X,Normale,Deux véhicules - frontale,,,,,,,,,,,1,2,2,1,1
200500076871,0005-11-05 15:50:00,5,11,5,15,50,940,80.0,"81, FONTENAY (R DE)",,,Plein jour,En agglomération,Hors intersection,Normale,Autre collision,,,,,,,,,,,1,2,1,1,6
200500076872,0005-11-07 19:20:00,5,11,7,19,20,940,80.0,"188, JARRY (R DE LA)",,,Nuit avec éclairage allumé,En agglomération,Intersection en X,Normale,Deux véhicules - côté,,,,,,,,,,,5,2,2,1,3
200500076873,0005-11-08 16:50:00,5,11,8,16,50,940,80.0,"52, PIERRE BROSSOLETTE (",,,Plein jour,En agglomération,Hors intersection,Normale,Autre collision,,,,,,,,,,,1,2,1,1,6
200500076874,0005-11-15 17:10:00,5,11,15,17,10,940,67.0,"5, VICTOR HUGO (AV)",,,Crépuscule ou aube,En agglomération,Hors intersection,Pluie légère,Deux véhicules - côté,,,,,,,,,,,2,2,1,2,3
200500076875,0005-11-21 07:55:00,5,11,21,7,55,940,80.0,"168 bis, PARIS (AV DE)",,,Plein jour,En agglomération,Hors intersection,Normale,Deux véhicules - côté,,,,,,,,,,,1,2,1,1,3
200500076876,0005-11-23 09:15:00,5,11,23,9,15,940,80.0,"37, CHATEAU (AV DU)",,,Plein jour,En agglomération,Hors intersection,Normale,Sans collision,,,,,,,,,,,1,2,1,1,7
200500076877,0005-11-24 13:15:00,5,11,24,13,15,940,80.0,"31, PARIS (AV DE)",,,Plein jour,En agglomération,Hors intersection,Normale,Deux véhicules - côté,,,,,,,,,,,1,2,1,1,3
200500076878,0005-11-26 00:10:00,5,11,26,0,10,940,80.0,"27, CHARLES SILVESTRI (R",,,Nuit avec éclairage allumé,En agglomération,Hors intersection,Normale,Deux véhicules - côté,,,,,,,,,,,5,2,1,1,3
200500076879,0005-11-01 16:55:00,5,11,1,16,55,940,81.0,TALMA (R),,,Plein jour,En agglomération,Intersection en X,Normale,Deux véhicules - côté,,,,,,,,,,,1,2,2,1,3
200500076880,0005-11-02 20:45:00,5,11,2,20,45,940,81.0,"21, MAXIMILIEN ROBESPIER",,,Nuit avec éclairage allumé,En agglomération,Hors intersection,Normale,Deux véhicules - arrière,,,,,,,,,,,5,2,1,1,2
200500076881,0005-11-09 12:05:00,5,11,9,12,5,940,81.0,"13, LEON GEFFROY (R)",,,Plein jour,En agglomération,Hors intersection,Pluie légère,Deux véhicules - côté,,,,,,,,,,,1,2,1,2,3
200500076882,0005-11-09 15:55:00,5,11,9,15,55,940,81.0,"angle, ABBE ROGER DERRY",,,Plein jour,En agglomération,Intersection en X,Normale,Deux véhicules - côté,,,,,,,,,,,1,2,2,1,3
200500076883,0005-11-17 16:45:00,5,11,17,16,45,940,81.0,"angle, JULES GUESDE (QU)",,,Plein jour,En agglomération,Hors intersection,Normale,Deux véhicules - arrière,,,,,,,,,,,1,2,1,1,2
200500076884,0005-11-21 06:25:00,5,11,21,6,25,940,81.0,"angle, JULIAN GRIMAU (R)",,,Crépuscule ou aube,En agglomération,Intersection en X,Brouillard / fumée,Deux véhicules - côté,,,,,,,,,,,2,2,2,5,3
200500076885,0005-11-25 14:05:00,5,11,25,14,5,940,81.0,"angle, GROUPE MANOUCHIAN",,,Plein jour,En agglomération,Intersection en T,Normale,Deux véhicules - côté,,,,,,,,,,,1,2,3,1,3
200500076886,0005-11-25 17:45:00,5,11,25,17,45,940,81.0,"angle, MAXIMILIEN ROBESP",,,Nuit avec éclairage allumé,En agglomération,Hors intersection,Normale,Autre collision,,,,,,,,,,,5,2,1,1,6
200500076887,0005-11-29 09:25:00,5,11,29,9,25,940,81.0,"18, MOULIN DE SAQUET (AV",,,Plein jour,En agglomération,Hors intersection,Pluie légère,Deux véhicules - arrière,,,,,,,,,,,1,2,1,2,2
200500076888,0005-11-29 18:20:00,5,11,29,18,20,940,81.0,YOURI GAGARINE (AV),,,Nuit avec éclairage allumé,En agglomération,Intersection en X,Normale,Autre collision,,,,,,,,,,,5,2,2,1,6
200500076889,0005-11-02 10:00:00,5,11,2,10,0,950,18.0,THOMAS (RUE AMBROISE),,,Plein jour,En agglomération,Hors intersection,Normale,Deux véhicules - arrière,,,,,,,,,,,1,2,1,1,2
200500076890,0005-11-02 15:15:00,5,11,2,15,15,950,18.0,CORMEILLES (ROUTE DE),,,Plein jour,En agglomération,Intersection en T,Normale,Deux véhicules - côté,,,,,,,,,,,1,2,3,1,3
200500076891,0005-11-02 16:15:00,5,11,2,16,15,950,18.0,PONTOISE (ROUTE DE),,,Plein jour,En agglomération,Intersection en T,Normale,Deux véhicules - côté,,,,,,,,,,,1,2,3,1,3
200500076892,0005-11-04 20:15:00,5,11,4,20,15,950,18.0,BERTEAUX (BOULEVARD MAUR,,,Nuit avec éclairage allumé,En agglomération,Intersection en T,Normale,Deux véhicules - côté,,,,,,,,,,,5,2,3,1,3
200500076893,0005-11-07 08:00:00,5,11,7,8,0,950,18.0,LURCAT (RUE JEAN),,,Plein jour,En agglomération,Hors intersection,Normale,Sans collision,,,,,,,,,,,1,2,1,1,7
200500076894,0005-11-07 09:30:00,5,11,7,9,30,950,18.0,BEZONS (QUAI DE),,,Plein jour,En agglomération,Hors intersection,Normale,Deux véhicules - côté,,,,,,,,,,,1,2,1,1,3
200500076895,0005-11-08 14:10:00,5,11,8,14,10,950,18.0,"74, bis, GALLIENI (BOULE",,,Plein jour,En agglomération,Intersection en T,Normale,Sans collision,,,,,,,,,,,1,2,3,1,7
200500076896,0005-11-09 18:35:00,5,11,9,18,35,950,18.0,THOMAS (RUE AMBROISE),,,Nuit avec éclairage allumé,En agglomération,Intersection en X,Normale,Deux véhicules - côté,,,,,,,,,,,5,2,2,1,3
200500076897,0005-11-10 14:30:00,5,11,10,14,30,950,18.0,RESISTANCE (BOULEVARD DE,,,Plein jour,En agglomération,Hors intersection,Normale,Deux véhicules - arrière,,,,,,,,,,,1,2,1,1,2
200500076898,0005-11-13 10:25:00,5,11,13,10,25,950,18.0,PONTOISE (ROUTE DE),,,Plein jour,En agglomération,Intersection en T,Normale,Deux véhicules - côté,,,,,,,,,,,1,2,3,1,3
200500076899,0005-11-13 18:00:00,5,11,13,18,0,950,176.0,QUINZE CORNET (RUE DES),,,Plein jour,En agglomération,Hors intersection,Normale,Autre collision,,,,,,,,,,,1,2,1,1,6
200500076900,0005-11-13 19:10:00,5,11,13,19,10,950,18.0,MARTYRS DE CHATEAUBRIAND,,,Nuit avec éclairage allumé,En agglomération,Hors intersection,Normale,Sans collision,,,,,,,,,,,5,2,1,1,7
200500076901,0005-11-15 16:35:00,5,11,15,16,35,950,18.0,BEZONS (QUAI DE),,,Plein jour,En agglomération,Hors intersection,Normale,Deux véhicules - côté,,,,,,,,,,,1,2,1,1,3
200500076902,0005-11-16 09:00:00,5,11,16,9,0,950,18.0,PICARDIE (RUE DE),,,Plein jour,En agglomération,Intersection en T,Normale,Deux véhicules - côté,,,,,,,,,,,1,2,3,1,3
200500076903,0005-11-16 16:30:00,5,11,16,16,30,950,582.0,GAMBETTA (BOULEVARD),,,Plein jour,En agglomération,Hors intersection,Normale,Deux véhicules - côté,,,,,,,,,,,1,2,1,1,3
200500076904,0005-11-18 07:55:00,5,11,18,7,55,950,18.0,EPINAY (RUE D' ),,,Crépuscule ou aube,En agglomération,Intersection à plus de 4 branches,Normale,Autre collision,,,,,,,,,,,2,2,5,1,6
200500076905,0005-11-18 08:40:00,5,11,18,8,40,950,176.0,IMBS (PLACE E.),,,Plein jour,En agglomération,Intersection en T,Normale,Deux véhicules - côté,,,,,,,,,,,1,2,3,1,3
200500076906,0005-11-21 09:00:00,5,11,21,9,0,950,18.0,VERDUN (AVENUE DE),,,Plein jour,En agglomération,Hors intersection,Normale,Deux véhicules - côté,,,,,,,,,,,1,2,1,1,3
200500076907,0005-11-21 18:00:00,5,11,21,18,0,950,18.0,STALINGRAD (AVENUE DE),,,Crépuscule ou aube,En agglomération,Intersection en T,Normale,Deux véhicules - côté,,,,,,,,,,,2,2,3,1,3
200500076908,0005-11-24 07:35:00,5,11,24,7,35,950,18.0,GALLIENI (BOULEVARD),,,Plein jour,En agglomération,Intersection en T,Normale,Deux véhicules - côté,,,,,,,,,,,1,2,3,1,3
200500076909,0005-11-26 07:10:00,5,11,26,7,10,950,18.0,AVENUE M. UTRILLO,,,Crépuscule ou aube,En agglomération,Intersection en X,Normale,Sans collision,,,,,,,,,,,2,2,2,1,7
200500076910,0005-11-25 17:30:00,5,11,25,17,30,950,18.0,JOFFRE (AVENUE DU MARECH,,,Plein jour,En agglomération,Intersection en T,Normale,Sans collision,,,,,,,,,,,1,2,3,1,7
200500076911,0005-11-28 05:05:00,5,11,28,5,5,950,582.0,ERMITAGE (RUE DE L'),,,Crépuscule ou aube,En agglomération,Giratoire,Normale,Sans collision,,,,,,,,,,,2,2,6,1,7
200500076912,0005-11-29 08:15:00,5,11,29,8,15,950,18.0,RESISTANCE (BOULEVARD DE,,,Plein jour,En agglomération,Intersection en T,Pluie légère,Deux véhicules - frontale,,,,,,,,,,,1,2,3,2,1
200500076913,0005-11-29 08:27:00,5,11,29,8,27,950,176.0,REPUBLIQUE (RUE DE LA),,,Plein jour,En agglomération,Intersection en X,Normale,Deux véhicules - côté,,,,,,,,,,,1,2,2,1,3
200500076914,0005-11-29 14:25:00,5,11,29,14,25,950,18.0,CHATAIGNERS (RUE DES),,,Plein jour,En agglomération,Intersection en X,Normale,Deux véhicules - côté,,,,,,,,,,,1,2,2,1,3
200500076915,0005-11-30 08:16:00,5,11,30,8,16,950,176.0,MONTEE SAINT MARTIN (RUE,,,Plein jour,En agglomération,Hors intersection,Normale,Sans collision,,,,,,,,,,,1,2,1,1,7
200500076916,0005-11-07 08:25:00,5,11,7,8,25,950,63.0,"92, GABRIEL PERI (AVENUE",,,Plein jour,En agglomération,Hors intersection,Pluie légère,Deux véhicules - côté,,,,,,,,,,,1,2,1,2,3
200500076917,0005-11-10 09:50:00,5,11,10,9,50,950,63.0,"1, GRAND CERF (PLACE-COT",,,Plein jour,En agglomération,Hors intersection,Normale,Deux véhicules - côté,,,,,,,,,,,1,2,1,1,3
200500076918,0005-11-29 22:45:00,5,11,29,22,45,950,598.0,"01, EGALITE   PLACE DE L",,,Nuit avec éclairage allumé,Hors agglomération,Giratoire,Normale,Deux véhicules - arrière,,,,,,,,,,,5,1,6,1,2
200500076919,0005-11-03 19:05:00,5,11,3,19,5,950,210.0,"1, ARRIVEE (RUE DE L')",,,Nuit avec éclairage allumé,En agglomération,Intersection en T,Normale,Deux véhicules - côté,,,,,,,,,,,5,2,3,1,3
200500076920,0005-11-08 15:50:00,5,11,8,15,50,950,598.0,KELLERMANN    AVENUE,,,Plein jour,En agglomération,Hors intersection,Normale,Autre collision,,,,,,,,,,,1,2,1,1,6
200500076921,0005-11-24 15:50:00,5,11,24,15,50,950,210.0,", DE GAULLE (RUE DU GENE",,,Plein jour,En agglomération,Hors intersection,Normale,Autre collision,,,,,,,,,,,1,2,1,1,6
200500076922,0005-11-04 11:25:00,5,11,4,11,25,950,252.0,MARAIS (AVENUE DES),,,Plein jour,En agglomération,Intersection en X,Temps couvert,Deux véhicules - côté,,,,,,,,,,,1,2,2,8,3
200500076923,0005-11-06 12:15:00,5,11,6,12,15,950,491.0,PASTEUR (RUE),,,Plein jour,En agglomération,Hors intersection,Normale,Deux véhicules - frontale,,,,,,,,,,,1,2,1,1,1
200500076924,0005-11-06 23:30:00,5,11,6,23,30,950,252.0,PRESIDENT DOUMER (RUE DU,,,Nuit avec éclairage allumé,En agglomération,Intersection en X,Pluie légère,Deux véhicules - côté,,,,,,,,,,,5,2,2,2,3
200500076925,0005-11-09 10:40:00,5,11,9,10,40,950,252.0,BEL-AIR (RUE DU),,,Plein jour,En agglomération,Intersection en T,Pluie légère,Autre collision,,,,,,,,,,,1,2,3,2,6
200500076926,0005-11-13 18:25:00,5,11,13,18,25,950,203.0,SOISY (RUE DE),,,Nuit avec éclairage allumé,En agglomération,Intersection en T,Normale,Autre collision,,,,,,,,,,,5,2,3,1,6
200500076927,0005-11-15 18:00:00,5,11,15,18,0,950,219.0,MAIRIE (AVENUE DE LA),,,Nuit sans éclairage public,En agglomération,Intersection en T,Temps couvert,Autre collision,,,,,,,,,,,3,2,3,8,6
200500076928,0005-11-16 12:45:00,5,11,16,12,45,950,426.0,MONTMORENCY (RUE DE),,,Plein jour,En agglomération,Hors intersection,Pluie légère,Deux véhicules - arrière,,,,,,,,,,,1,2,1,2,2
200500076929,0005-11-22 10:40:00,5,11,22,10,40,950,252.0,GENERAL LECLERC (RUE DU),,,Plein jour,En agglomération,Hors intersection,Normale,Autre collision,,,,,,,,,,,1,2,1,1,6
200500076930,0005-11-22 22:40:00,5,11,22,22,40,950,252.0,RHIN ET DANUBE (BOULEVAR,,,Nuit avec éclairage allumé,En agglomération,Giratoire,Normale,Deux véhicules - arrière,,,,,,,,,,,5,2,6,1,2
200500076931,0005-11-23 08:50:00,5,11,23,8,50,950,252.0,GENERAL LECLERC (RUE DU),,,Plein jour,En agglomération,Intersection en T,Normale,Deux véhicules - côté,,,,,,,,,,,1,2,3,1,3
200500076932,0005-11-28 14:00:00,5,11,28,14,0,950,252.0,MARAIS (AVENUE DES),,,Plein jour,En agglomération,Hors intersection,Normale,Autre collision,,,,,,,,,,,1,2,1,1,6
200500076933,0005-11-29 12:00:00,5,11,29,12,0,950,252.0,RHIN ET DANUBE (BOULEVAR,,,Plein jour,En agglomération,Hors intersection,Normale,Trois véhicules et plus - collisions multiples,,,,,,,,,,,1,2,1,1,5
200500076934,0005-11-29 15:25:00,5,11,29,15,25,950,219.0,SYNDICAT (RUE DU),,,Plein jour,En agglomération,Hors intersection,Normale,Deux véhicules - arrière,,,,,,,,,,,1,2,1,1,2
200500076935,0005-11-30 14:10:00,5,11,30,14,10,950,203.0,REPUBLIQUE (BOULEVARD DE,,,Plein jour,En agglomération,Hors intersection,Normale,Trois véhicules et plus - en chaîne,,,,,,,,,,,1,2,1,1,4
200500076936,0005-11-29 17:30:00,5,11,29,17,30,950,277.0,SCHUMAN ROBERT,,,Nuit avec éclairage allumé,En agglomération,Hors intersection,Normale,Trois véhicules et plus - en chaîne,,,,,,,,,,,5,2,1,1,4
200500076937,0005-11-01 17:30:00,5,11,1,17,30,950,277.0,"09, GARENNE (SQUARE DE L",,,Nuit avec éclairage allumé,En agglomération,Hors intersection,Temps couvert,Autre collision,,,,,,,,,,,5,2,1,8,6
200500076938,0005-11-23 16:10:00,5,11,23,16,10,950,19.0,"24, PAIX (RUE DE LA)",,,Plein jour,En agglomération,Intersection en T,Temps couvert,Deux véhicules - frontale,,,,,,,,,,,1,2,3,8,1
200500076939,0005-11-29 20:20:00,5,11,29,20,20,950,277.0,"2, POMPIDOU GEORGES (AVE",,,Nuit avec éclairage allumé,En agglomération,Intersection en T,Temps couvert,Deux véhicules - côté,,,,,,,,,,,5,2,3,8,3
200500076940,0005-11-28 12:45:00,5,11,28,12,45,950,277.0,"02, NUNGESSER ET COLI",,,Plein jour,En agglomération,Hors intersection,Normale,Deux véhicules - arrière,,,,,,,,,,,1,2,1,1,2
200500076941,0005-11-09 14:25:00,5,11,9,14,25,950,424.0,"0, VICTOR BORDIER (BOULE",,,Plein jour,En agglomération,Intersection en X,Normale,Deux véhicules - côté,,,,,,,,,,,1,2,2,1,3
200500076942,0005-11-09 07:45:00,5,11,9,7,45,950,306.0,"10, CORMEILLES (RUE DE)",,,Nuit avec éclairage allumé,En agglomération,Hors intersection,Normale,Sans collision,,,,,,,,,,,5,2,1,1,7
200500076943,0005-11-09 22:00:00,5,11,9,22,0,950,306.0,"10 BIS, CHANTEPUITS (RUE",,,Nuit avec éclairage allumé,En agglomération,Hors intersection,Normale,Sans collision,,,,,,,,,,,5,2,1,1,7
200500076944,0005-11-13 18:05:00,5,11,13,18,5,950,306.0,"45, VERDUN (BOULEVARD DE",,,Nuit avec éclairage allumé,En agglomération,Hors intersection,Normale,Deux véhicules - côté,,,,,,,,,,,5,2,1,1,3
200500076945,0005-11-16 16:45:00,5,11,16,16,45,950,424.0,"13, ARISTIDE MAILLOL (AV",,,Plein jour,En agglomération,Hors intersection,Normale,Autre collision,,,,,,,,,,,1,2,1,1,6
200500076946,0005-11-22 09:00:00,5,11,22,9,0,950,306.0,"0, LAVOISIER (RUE)",,,Plein jour,En agglomération,Hors intersection,Normale,Sans collision,,,,,,,,,,,1,2,1,1,7
200500076947,0005-11-22 18:05:00,5,11,22,18,5,950,306.0,"23, PLATRIERE (RUE DE LA",,,Nuit avec éclairage allumé,En agglomération,Hors intersection,Normale,Deux véhicules - côté,,,,,,,,,,,5,2,1,1,3
200500076948,0005-11-24 18:15:00,5,11,24,18,15,950,257.0,"55, SEINE (QUAI DE)",,,Nuit avec éclairage allumé,En agglomération,Hors intersection,Pluie légère,Autre collision,,,,,,,,,,,5,2,1,2,6
200500076949,0005-11-24 19:50:00,5,11,24,19,50,950,306.0,"01, CONFLANS (RUE DE)",,,Nuit avec éclairage allumé,En agglomération,Intersection en X,Pluie légère,Deux véhicules - côté,,,,,,,,,,,5,2,2,2,3
200500076950,0005-11-26 13:50:00,5,11,26,13,50,950,424.0,"194, PONTOISE (BOULEVARD",,,Plein jour,En agglomération,Hors intersection,Normale,Deux véhicules - frontale,,,,,,,,,,,1,2,1,1,1
200500076951,0005-11-26 17:30:00,5,11,26,17,30,950,424.0,"0, JACQUES VERNIOL (RUE)",,,Crépuscule ou aube,En agglomération,Hors intersection,Normale,Autre collision,,,,,,,,,,,2,2,1,1,6
200500076952,0005-11-07 12:20:00,5,11,7,12,20,950,313.0,BEAUMONT (DE),,,Plein jour,En agglomération,Hors intersection,Normale,Deux véhicules - arrière,,,,,,,,,,,1,2,1,1,2
200500076953,0005-11-14 15:45:00,5,11,14,15,45,950,487.0,GASTON VERMEIRE (AVENUE),,,Plein jour,En agglomération,Intersection en T,Normale,Deux véhicules - côté,,,,,,,,,,,1,2,3,1,3
200500076954,0005-11-15 08:40:00,5,11,15,8,40,950,487.0,RN 1,,,Plein jour,Hors agglomération,Hors intersection,Normale,Deux véhicules - côté,,,,,,,,,,,1,1,1,1,3
200500076955,0005-11-17 19:20:00,5,11,17,19,20,950,585.0,HEUDE (RUE DU PERE),,,Nuit avec éclairage allumé,En agglomération,Hors intersection,Normale,Deux véhicules - côté,,,,,,,,,,,5,2,1,1,3
200500076956,0005-11-05 17:30:00,5,11,5,17,30,950,607.0,"00, ANNE-JOSEPHE-THEROIG",,,Crépuscule ou aube,En agglomération,Hors intersection,Normale,Autre collision,,,,,,,,,,,2,2,1,1,6
200500076957,0005-11-25 07:45:00,5,11,25,7,45,950,60.0,"49, PIERRELAYE (RUE DE)",,,Crépuscule ou aube,En agglomération,Hors intersection,Normale,Autre collision,,,,,,,,,,,2,2,1,1,6
200500076958,0005-11-24 12:30:00,5,11,24,12,30,950,607.0,"00, HERBLAY (RUE)",,,Plein jour,En agglomération,Hors intersection,Normale,Deux véhicules - arrière,,,,,,,,,,,1,2,1,1,2
200500076959,0005-11-01 20:30:00,5,11,1,20,30,201,4.0,"SANS, MARECHAL MONCEY AV",,,Nuit avec éclairage allumé,En agglomération,Intersection en X,Normale,Autre collision,,,,,,,,,,,5,2,2,1,6
200500076960,0005-11-01 05:30:00,5,11,1,5,30,201,4.0,"SANS, BONAPARTE CHARLES",,,Nuit avec éclairage allumé,En agglomération,Hors intersection,Normale,Deux véhicules - côté,,,,,,,,,,,5,2,1,1,3
200500076961,0005-11-02 14:20:00,5,11,2,14,20,201,4.0,"SANS, BONAPARTE LUCIEN",,,Plein jour,En agglomération,Hors intersection,Normale,Autre collision,,,,,,,,,,,1,2,1,1,6
200500076962,0005-11-03 09:50:00,5,11,3,9,50,201,4.0,"SANS, SARTENE ANCIENNE R",,,Plein jour,En agglomération,Hors intersection,Normale,Deux véhicules - côté,,,,,,,,,,,1,2,1,1,3