accident_id,datetime,annee,mois,jour,heure,minute,departement,commune_insee,adresse,latitude,longitude,luminosite,agglomeration,intersection,meteo,collision,nb_vehicules,nb_usagers,nb_indemnes,nb_tues,nb_blesses_hosp,nb_blesses_legers,age_cond_1,age_cond_2,veh_type_cond_1,veh_type_cond_2,lum_code,agg_code,int_code,atm_code,col_code
200500077094,0005-11-22 01:00:00,5,11,22,1,0,930,10.0,AUTOROUTE A3,,,Nuit sans éclairage public,Hors agglomération,Hors intersection,Normale,Autre collision,,,,,,,,,,,3,1,1,1,6
200500077095,0005-11-22 07:45:00,5,11,22,7,45,930,78.0,AUTOROUTE A104,,,Nuit avec éclairage allumé,Hors agglomération,Hors intersection,Normale,Trois véhicules et plus - en chaîne,,,,,,,,,,,5,1,1,1,4
200500077096,0005-11-22 09:45:00,5,11,22,9,45,930,64.0,AUTOROUTE A103,,,Plein jour,Hors agglomération,Hors intersection,Normale,Trois véhicules et plus - collisions multiples,,,,,,,,,,,1,1,1,1,5
200500077097,0005-11-22 09:45:00,5,11,22,9,45,950,365.0,AUTOROUTE A115,,,Plein jour,Hors agglomération,Hors intersection,Normale,Autre collision,,,,,,,,,,,1,1,1,1,6
200500077098,0005-11-23 07:45:00,5,11,23,7,45,920,36.0,AUTOROUTE A15,,,Plein jour,Hors agglomération,Hors intersection,Normale,Sans collision,,,,,,,,,,,1,1,1,1,7
200500077099,0005-11-23 08:30:00,5,11,23,8,30,930,27.0,AUTOROUTE A86,,,Plein jour,Hors agglomération,Hors intersection,Normale,Sans collision,,,,,,,,,,,1,1,1,1,7
200500077100,0005-11-23 19:50:00,5,11,23,19,50,950,252.0,AUTOROUTE A15,,,Nuit sans éclairage public,Hors agglomération,Hors intersection,Normale,Sans collision,,,,,,,,,,,3,1,1,1,7
200500077101,0005-11-24 08:15:00,5,11,24,8,15,950,18.0,AUTOROUTE A15,,,Plein jour,Hors agglomération,Hors intersection,Normale,Deux véhicules - arrière,,,,,,,,,,,1,1,1,1,2
200500077102,0005-11-24 08:50:00,5,11,24,8,50,950,252.0,AUTOROUTE A15,,,Plein jour,Hors agglomération,Hors intersection,Normale,Deux véhicules - côté,,,,,,,,,,,1,1,1,1,3
200500077103,0005-11-24 12:35:00,5,11,24,12,35,930,1.0,AUTOROUTE A86,,,Plein jour,Hors agglomération,Hors intersection,Normale,Trois véhicules et plus - collisions multiples,,,,,,,,,,,1,1,1,1,5
200500077104,0005-11-24 17:54:00,5,11,24,17,54,930,66.0,AUTOROUTE A1,,,Nuit avec éclairage allumé,Hors agglomération,Hors intersection,Pluie légère,Autre collision,,,,,,,,,,,5,1,1,2,6
200500077105,0005-11-24 19:00:00,5,11,24,19,0,950,277.0,AUTOROUTE A1,,,Nuit avec éclairage allumé,Hors agglomération,Hors intersection,Pluie forte,Sans collision,,,,,,,,,,,5,1,1,3,7
200500077106,0005-11-24 21:30:00,5,11,24,21,30,950,252.0,AUTOROUTE A15,,,Nuit avec éclairage allumé,Hors agglomération,Hors intersection,Pluie légère,Sans collision,,,,,,,,,,,5,1,1,2,7
200500077107,0005-11-24 23:10:00,5,11,24,23,10,920,36.0,AUTOROUTE A86,,,Nuit avec éclairage allumé,Hors agglomération,Hors intersection,Pluie légère,Trois véhicules et plus - collisions multiples,,,,,,,,,,,5,1,1,2,5
200500077108,0005-11-24 23:24:00,5,11,24,23,24,920,36.0,AUTOROUTE A86,,,Nuit avec éclairage allumé,Hors agglomération,Hors intersection,Pluie légère,Trois véhicules et plus - en chaîne,,,,,,,,,,,5,1,1,2,4
200500077109,0005-11-25 09:10:00,5,11,25,9,10,950,252.0,AUTOROUTE A15,,,Plein jour,Hors agglomération,Hors intersection,Normale,Trois véhicules et plus - en chaîne,,,,,,,,,,,1,1,1,1,4
200500077110,0005-11-25 20:35:00,5,11,25,20,35,950,277.0,AUTOROUTE A1,,,Nuit avec éclairage allumé,Hors agglomération,Hors intersection,Normale,Deux véhicules - arrière,,,,,,,,,,,5,1,1,1,2
200500077111,0005-11-25 18:00:00,5,11,25,18,0,950,252.0,AUTOROUTE A115,,,Nuit avec éclairage allumé,Hors agglomération,Hors intersection,Pluie légère,Deux véhicules - côté,,,,,,,,,,,5,1,1,2,3
200500077112,0005-11-26 17:10:00,5,11,26,17,10,930,27.0,AUTOROUTE A86,,,Nuit avec éclairage allumé,Hors agglomération,Hors intersection,Temps couvert,Sans collision,,,,,,,,,,,5,1,1,8,7
200500077113,0005-11-27 01:00:00,5,11,27,1,0,950,306.0,AUTOROUTE A15,,,Nuit avec éclairage allumé,Hors agglomération,Hors intersection,Pluie légère,Autre collision,,,,,,,,,,,5,1,1,2,6
200500077114,0005-11-27 02:15:00,5,11,27,2,15,920,36.0,AUTOROUTE A86,,,Nuit avec éclairage allumé,Hors agglomération,Hors intersection,Normale,Sans collision,,,,,,,,,,,5,1,1,1,7
200500077115,0005-11-27 04:30:00,5,11,27,4,30,930,32.0,AUTOROUTE A3,,,Nuit avec éclairage allumé,Hors agglomération,Hors intersection,Pluie légère,Autre collision,,,,,,,,,,,5,1,1,2,6
200500077116,0005-11-27 11:50:00,5,11,27,11,50,920,36.0,AUTOROUTE A15,,,Plein jour,Hors agglomération,Hors intersection,Pluie légère,Sans collision,,,,,,,,,,,1,1,1,2,7
200500077117,0005-11-27 20:10:00,5,11,27,20,10,930,27.0,AUTOROUTE A1,,,Nuit avec éclairage allumé,Hors agglomération,Hors intersection,Pluie légère,Autre collision,,,,,,,,,,,5,1,1,2,6
200500077118,0005-11-27 21:50:00,5,11,27,21,50,930,73.0,AUTOROUTE A104,,,Nuit sans éclairage public,Hors agglomération,Hors intersection,Normale,Deux véhicules - côté,,,,,,,,,,,3,1,1,1,3
200500077119,0005-11-07 22:30:00,5,11,7,22,30,930,27.0,AUTOROUTE A1,,,Nuit avec éclairage allumé,Hors agglomération,Hors intersection,Normale,Sans collision,,,,,,,,,,,5,1,1,1,7
200500077120,0005-11-26 00:30:00,5,11,26,0,30,950,154.0,AUTOROUTE A1,,,Nuit avec éclairage allumé,Hors agglomération,Hors intersection,Normale,Deux véhicules - arrière,,,,,,,,,,,5,1,1,1,2
200500077121,0005-11-22 06:50:00,5,11,22,6,50,930,8.0,AUTOROUTE A86,,,Nuit avec éclairage allumé,Hors agglomération,Hors intersection,Pluie légère,Trois véhicules et plus - collisions multiples,,,,,,,,,,,5,1,1,2,5
200500077122,0005-11-28 09:00:00,5,11,28,9,0,950,582.0,BIP,,,Plein jour,Hors agglomération,Hors intersection,Pluie légère,Deux véhicules - arrière,,,,,,,,,,,1,1,1,2,2
200500077123,0005-11-28 09:40:00,5,11,28,9,40,930,32.0,AUTOROUTE A3,,,Plein jour,Hors agglomération,Hors intersection,Pluie légère,Sans collision,,,,,,,,,,,1,1,1,2,7
200500077124,0005-11-29 10:00:00,5,11,29,10,0,950,582.0,AUTOROUTE A15,,,Plein jour,Hors agglomération,Hors intersection,Normale,Sans collision,,,,,,,,,,,1,1,1,1,7
200500077125,0005-11-30 10:00:00,5,11,30,10,0,950,394.0,AUTOROUTE A115,,,Plein jour,Hors agglomération,Hors intersection,Normale,Sans collision,,,,,,,,,,,1,1,1,1,7
200500077126,0005-11-30 18:45:00,5,11,30,18,45,930,53.0,AUTOROUTE A86,,,Nuit avec éclairage allumé,Hors agglomération,Hors intersection,Normale,Deux véhicules - côté,,,,,,,,,,,5,1,1,1,3
200500077127,0005-11-30 19:00:00,5,11,30,19,0,950,582.0,BIP,,,Nuit avec éclairage allumé,Hors agglomération,Hors intersection,Normale,Deux véhicules - arrière,,,,,,,,,,,5,1,1,1,2
200500077128,0005-11-02 17:00:00,5,11,2,17,0,920,48.0,N118,,,Crépuscule ou aube,Hors agglomération,Hors intersection,Pluie légère,Sans collision,,,,,,,,,,,2,1,1,2,7
200500077129,0005-11-02 19:35:00,5,11,2,19,35,780,640.0,A86E,,,Nuit avec éclairage allumé,Hors agglomération,Hors intersection,Pluie légère,Deux véhicules - arrière,,,,,,,,,,,5,1,1,2,2
200500077130,0005-11-06 01:30:00,5,11,6,1,30,780,291.0,A13,,,Nuit sans éclairage public,Hors agglomération,Hors intersection,Normale,Deux véhicules - côté,,,,,,,,,,,3,1,1,1,3
200500077131,0005-11-04 16:15:00,5,11,4,16,15,920,72.0,N118,,,Plein jour,Hors agglomération,Hors intersection,Normale,Deux véhicules - côté,,,,,,,,,,,1,1,1,1,3
200500077132,0005-11-09 08:08:00,5,11,9,8,8,780,423.0,G12,,,Crépuscule ou aube,Hors agglomération,Hors intersection,Pluie légère,Sans collision,,,,,,,,,,,2,1,1,2,7
200500077133,0005-11-09 12:23:00,5,11,9,12,23,780,431.0,A12W,,,Plein jour,Hors agglomération,Hors intersection,Pluie légère,Sans collision,,,,,,,,,,,1,1,1,2,7
200500077134,0005-11-09 23:00:00,5,11,9,23,0,920,36.0,A86,,,Nuit avec éclairage allumé,Hors agglomération,Hors intersection,Normale,Autre collision,,,,,,,,,,,5,1,1,1,6
200500077135,0005-11-11 16:00:00,5,11,11,16,0,780,423.0,G12,,,Plein jour,Hors agglomération,Hors intersection,Normale,Trois véhicules et plus - collisions multiples,,,,,,,,,,,1,1,1,1,5
200500077136,0005-11-08 08:15:00,5,11,8,8,15,920,64.0,A13,,,Plein jour,Hors agglomération,Hors intersection,Normale,Deux véhicules - arrière,,,,,,,,,,,1,1,1,1,2
200500077137,0005-11-13 06:45:00,5,11,13,6,45,780,322.0,A86E,,,Nuit sans éclairage public,Hors agglomération,Hors intersection,Normale,Sans collision,,,,,,,,,,,3,1,1,1,7
200500077138,0005-11-13 07:30:00,5,11,13,7,30,780,431.0,A12W,,,Nuit avec éclairage non allumé,Hors agglomération,Hors intersection,Temps couvert,Autre collision,,,,,,,,,,,4,1,1,8,6
200500077139,0005-11-13 03:15:00,5,11,13,3,15,780,43.0,A12Y,,,Nuit avec éclairage allumé,Hors agglomération,Hors intersection,Pluie légère,Autre collision,,,,,,,,,,,5,1,1,2,6
200500077140,0005-11-15 07:55:00,5,11,15,7,55,920,36.0,A86,,,Crépuscule ou aube,Hors agglomération,Hors intersection,Normale,Deux véhicules - arrière,,,,,,,,,,,2,1,1,1,2
200500077141,0005-11-16 19:35:00,5,11,16,19,35,780,640.0,A86E,,,Nuit avec éclairage allumé,Hors agglomération,Hors intersection,Normale,Sans collision,,,,,,,,,,,5,1,1,1,7
200500077142,0005-11-17 22:45:00,5,11,17,22,45,780,431.0,A12W,,,Nuit avec éclairage non allumé,Hors agglomération,Hors intersection,Normale,Trois véhicules et plus - collisions multiples,,,,,,,,,,,4,1,1,1,5
200500077143,0005-11-07 07:30:00,5,11,7,7,30,780,423.0,G12,,,Plein jour,Hors agglomération,Hors intersection,Pluie légère,Trois véhicules et plus - en chaîne,,,,,,,,,,,1,1,1,2,4
200500077144,0005-11-07 08:30:00,5,11,7,8,30,920,64.0,A12W,,,Plein jour,Hors agglomération,Hors intersection,Pluie légère,Sans collision,,,,,,,,,,,1,1,1,2,7
200500077145,0005-11-02 07:48:00,5,11,2,7,48,920,50.0,A14,,,Nuit avec éclairage allumé,Hors agglomération,Hors intersection,Normale,Deux véhicules - côté,,,,,,,,,,,5,1,1,1,3
200500077146,0005-11-02 08:55:00,5,11,2,8,55,780,124.0,A14,,,Plein jour,Hors agglomération,Hors intersection,Normale,Trois véhicules et plus - collisions multiples,,,,,,,,,,,1,1,1,1,5
200500077147,0005-11-21 17:20:00,5,11,21,17,20,780,140.0,A13,,,Nuit avec éclairage allumé,Hors agglomération,Hors intersection,Normale,Autre collision,,,,,,,,,,,5,1,1,1,6
200500077148,0005-11-21 18:14:00,5,11,21,18,14,780,490.0,N12W,,,Nuit sans éclairage public,Hors agglomération,Hors intersection,Pluie légère,Trois véhicules et plus - en chaîne,,,,,,,,,,,3,1,1,2,4
200500077149,0005-11-16 06:54:00,5,11,16,6,54,920,50.0,A86,,,Nuit avec éclairage allumé,Hors agglomération,Hors intersection,Pluie légère,Deux véhicules - arrière,,,,,,,,,,,5,1,1,2,2
200500077150,0005-11-20 23:24:00,5,11,20,23,24,780,206.0,A13,,,Nuit sans éclairage public,Hors agglomération,Hors intersection,Brouillard / fumée,Trois véhicules et plus - collisions multiples,,,,,,,,,,,3,1,1,5,5
200500077151,0005-11-23 07:28:00,5,11,23,7,28,780,524.0,A13,,,Plein jour,Hors agglomération,Hors intersection,Normale,Deux véhicules - côté,,,,,,,,,,,1,1,1,1,3
200500077152,0005-11-22 19:56:00,5,11,22,19,56,920,50.0,A86,,,Nuit avec éclairage allumé,Hors agglomération,Hors intersection,Normale,Deux véhicules - arrière,,,,,,,,,,,5,1,1,1,2
200500077153,0005-11-24 10:50:00,5,11,24,10,50,780,431.0,N12W,,,Plein jour,Hors agglomération,Hors intersection,Temps couvert,Autre collision,,,,,,,,,,,1,1,1,8,6
200500077154,0005-11-25 02:00:00,5,11,25,2,0,780,43.0,A13,,,Nuit sans éclairage public,Hors agglomération,Hors intersection,Normale,Trois véhicules et plus - collisions multiples,,,,,,,,,,,3,1,1,1,5
200500077155,0005-11-25 10:00:00,5,11,25,10,0,780,43.0,A12Y,,,Plein jour,Hors agglomération,Hors intersection,Normale,Sans collision,,,,,,,,,,,1,1,1,1,7
200500077156,0005-11-25 16:20:00,5,11,25,16,20,920,47.0,A13,,,Plein jour,Hors agglomération,Hors intersection,Pluie légère,Sans collision,,,,,,,,,,,1,1,1,2,7
200500077157,0005-11-25 19:23:00,5,11,25,19,23,780,362.0,A13,,,Nuit avec éclairage allumé,Hors agglomération,Hors intersection,Temps couvert,Trois véhicules et plus - collisions multiples,,,,,,,,,,,5,1,1,8,5
200500077158,0005-11-16 09:03:00,5,11,16,9,3,920,50.0,A14,,,Plein jour,Hors agglomération,Hors intersection,Pluie légère,Trois véhicules et plus - collisions multiples,,,,,,,,,,,1,1,1,2,5
200500077159,0005-11-27 22:40:00,5,11,27,22,40,920,64.0,A14,,,Nuit avec éclairage allumé,Hors agglomération,Hors intersection,Temps couvert,Autre collision,,,,,,,,,,,5,1,1,8,6
200500077160,0005-11-21 19:20:00,5,11,21,19,20,780,208.0,N12W,,,Nuit sans éclairage public,Hors agglomération,Hors intersection,Brouillard / fumée,Deux véhicules - arrière,,,,,,,,,,,3,1,1,5,2
200500077161,0005-11-29 05:13:00,5,11,29,5,13,780,423.0,G12,,,Nuit avec éclairage non allumé,Hors agglomération,Hors intersection,Pluie légère,Sans collision,,,,,,,,,,,4,1,1,2,7
200500077162,0005-11-30 18:45:00,5,11,30,18,45,780,297.0,G12,,,Crépuscule ou aube,Hors agglomération,Hors intersection,Normale,Trois véhicules et plus - en chaîne,,,,,,,,,,,2,1,1,1,4
200500077163,0005-11-28 09:52:00,5,11,28,9,52,780,43.0,A12W,,,Plein jour,Hors agglomération,Hors intersection,Temps couvert,Trois véhicules et plus - collisions multiples,,,,,,,,,,,1,1,1,8,5
200500077164,0005-11-24 18:15:00,5,11,24,18,15,920,50.0,A86,,,Nuit avec éclairage allumé,Hors agglomération,Hors intersection,Pluie légère,Deux véhicules - côté,,,,,,,,,,,5,1,1,2,3
200500077165,0005-11-01 01:01:00,5,11,1,1,1,910,179.0,AUTOROUTE A6,,,Nuit sans éclairage public,Hors agglomération,Hors intersection,Normale,Autre collision,,,,,,,,,,,3,1,1,1,6
200500077166,0005-11-01 01:30:00,5,11,1,1,30,940,65.0,AUTOROUTE A86,,,Nuit avec éclairage allumé,Hors agglomération,Hors intersection,Normale,Deux véhicules - arrière,,,,,,,,,,,5,1,1,1,2
200500077167,0005-11-01 17:10:00,5,11,1,17,10,920,2.0,AUTOROUTE A10,,,Plein jour,Hors agglomération,Hors intersection,Normale,Trois véhicules et plus - en chaîne,,,,,,,,,,,1,1,1,1,4
200500077168,0005-11-02 13:30:00,5,11,2,13,30,770,384.0,AUTOROUTE A5,,,Plein jour,Hors agglomération,Hors intersection,Pluie légère,Autre collision,,,,,,,,,,,1,1,1,2,6
200500077169,0005-11-02 19:15:00,5,11,2,19,15,940,38.0,AUTOROUTE A6A,,,Nuit avec éclairage allumé,Hors agglomération,Autre intersection,Pluie légère,Sans collision,,,,,,,,,,,5,1,9,2,7
200500077170,0005-11-03 12:03:00,5,11,3,12,3,910,617.0,AUTOROUTE A5A,,,Plein jour,Hors agglomération,Hors intersection,Normale,Autre collision,,,,,,,,,,,1,1,1,1,6
200500077171,0005-11-04 08:30:00,5,11,4,8,30,910,589.0,AUTOROUTE A6,,,Plein jour,Hors agglomération,Hors intersection,Pluie légère,Sans collision,,,,,,,,,,,1,1,1,2,7
200500077172,0005-11-04 10:10:00,5,11,4,10,10,910,534.0,RN 118,,,Plein jour,Hors agglomération,Hors intersection,Pluie légère,Deux véhicules - arrière,,,,,,,,,,,1,1,1,2,2
200500077173,0005-11-04 10:50:00,5,11,4,10,50,910,589.0,AUTOROUTE A6,,,Plein jour,Hors agglomération,Hors intersection,Temps couvert,Trois véhicules et plus - en chaîne,,,,,,,,,,,1,1,1,8,4
200500077174,0005-11-04 17:26:00,5,11,4,17,26,910,363.0,RN 104,,,Nuit sans éclairage public,Hors agglomération,Hors intersection,Normale,Autre collision,,,,,,,,,,,3,1,1,1,6
200500077175,0005-11-06 06:11:00,5,11,6,6,11,910,589.0,AUTOROUTE A6,,,Nuit sans éclairage public,Hors agglomération,Hors intersection,Normale,Sans collision,,,,,,,,,,,3,1,1,1,7
200500077176,0005-11-06 23:20:00,5,11,6,23,20,910,477.0,AUTOROUTE A126,,,Nuit sans éclairage public,Hors agglomération,Hors intersection,Normale,Deux véhicules - arrière,,,,,,,,,,,3,1,1,1,2
200500077177,0005-11-07 08:04:00,5,11,7,8,4,910,434.0,AUTOROUTE A6,,,Plein jour,Hors agglomération,Hors intersection,Temps couvert,Autre collision,,,,,,,,,,,1,1,1,8,6
200500077178,0005-11-07 19:10:00,5,11,7,19,10,910,340.0,RN 104,,,Nuit sans éclairage public,Hors agglomération,Hors intersection,Normale,Trois véhicules et plus - en chaîne,,,,,,,,,,,3,1,1,1,4
200500077179,0005-11-08 06:20:00,5,11,8,6,20,910,179.0,AUTOROUTE A6,,,Nuit sans éclairage public,Hors agglomération,Hors intersection,Normale,Trois véhicules et plus - collisions multiples,,,,,,,,,,,3,1,1,1,5
200500077180,0005-11-08 15:00:00,5,11,8,15,0,910,174.0,RN 104,,,Plein jour,Hors agglomération,Hors intersection,Normale,Deux véhicules - côté,,,,,,,,,,,1,1,1,1,3
200500077181,0005-11-08 18:45:00,5,11,8,18,45,910,312.0,RN 444,,,Nuit sans éclairage public,Hors agglomération,Hors intersection,Normale,Deux véhicules - côté,,,,,,,,,,,3,1,1,1,3
200500077182,0005-11-09 09:30:00,5,11,9,9,30,940,3.0,AUTOROUTE A6A,,,Crépuscule ou aube,Hors agglomération,Hors intersection,Pluie forte,Sans collision,,,,,,,,,,,2,1,1,3,7
200500077183,0005-11-09 13:00:00,5,11,9,13,0,940,38.0,AUTOROUTE A6A,,,Plein jour,Hors agglomération,Hors intersection,Pluie légère,Sans collision,,,,,,,,,,,1,1,1,2,7
200500077184,0005-11-09 22:30:00,5,11,9,22,30,940,38.0,AUTOROUTE A6A,,,Nuit avec éclairage allumé,Hors agglomération,Hors intersection,Normale,Autre collision,,,,,,,,,,,5,1,1,1,6
200500077185,0005-11-10 10:50:00,5,11,10,10,50,910,174.0,RN 104,,,Plein jour,Hors agglomération,Hors intersection,Normale,Deux véhicules - côté,,,,,,,,,,,1,1,1,1,3
200500077186,0005-11-10 21:00:00,5,11,10,21,0,910,689.0,AUTOROUTE A6,,,Nuit sans éclairage public,Hors agglomération,Hors intersection,Normale,Trois véhicules et plus - en chaîne,,,,,,,,,,,3,1,1,1,4
200500077187,0005-11-12 05:43:00,5,11,12,5,43,910,687.0,AUTOROUTE A6,,,Nuit sans éclairage public,Hors agglomération,Hors intersection,Normale,Deux véhicules - côté,,,,,,,,,,,3,1,1,1,3
200500077188,0005-11-12 07:04:00,5,11,12,7,4,940,34.0,AUTOROUTE A6B,,,Crépuscule ou aube,Hors agglomération,Hors intersection,Pluie légère,Autre collision,,,,,,,,,,,2,1,1,2,6
200500077189,0005-11-12 15:35:00,5,11,12,15,35,940,34.0,AUTOROUTE A86,,,Plein jour,Hors agglomération,Hors intersection,Temps couvert,Autre collision,,,,,,,,,,,1,1,1,8,6
200500077190,0005-11-12 21:58:00,5,11,12,21,58,940,34.0,AUTOROUTE A86,,,Nuit sans éclairage public,Hors agglomération,Hors intersection,Pluie légère,Deux véhicules - arrière,,,,,,,,,,,3,1,1,2,2
200500077191,0005-11-13 00:30:00,5,11,13,0,30,940,37.0,AUTOROUTE A6A,,,Nuit avec éclairage allumé,Hors agglomération,Hors intersection,Normale,Autre collision,,,,,,,,,,,5,1,1,1,6
200500077192,0005-11-13 04:55:00,5,11,13,4,55,910,228.0,RN 104,,,Nuit sans éclairage public,Hors agglomération,Hors intersection,Pluie légère,Autre collision,,,,,,,,,,,3,1,1,2,6
200500077193,0005-11-13 19:40:00,5,11,13,19,40,910,377.0,AUTOROUTE A10,,,Nuit sans éclairage public,Hors agglomération,Hors intersection,Normale,Deux véhicules - arrière,,,,,,,,,,,3,1,1,1,2
200500077194,0005-11-14 12:00:00,5,11,14,12,0,910,216.0,AUTOROUTE A6,,,Plein jour,Hors agglomération,Hors intersection,Normale,Trois véhicules et plus - en chaîne,,,,,,,,,,,1,1,1,1,4
200500077195,0005-11-14 20:00:00,5,11,14,20,0,910,179.0,AUTOROUTE A6,,,Nuit sans éclairage public,Hors agglomération,Hors intersection,Normale,Trois véhicules et plus - collisions multiples,,,,,,,,,,,3,1,1,1,5
200500077196,0005-11-15 11:50:00,5,11,15,11,50,910,477.0,AUTOROUTE A10,,,Plein jour,Hors agglomération,Hors intersection,Normale,Deux véhicules - côté,,,,,,,,,,,1,1,1,1,3
200500077197,0005-11-15 17:25:00,5,11,15,17,25,940,65.0,AUTOROUTE A106,,,Nuit sans éclairage public,Hors agglomération,Hors intersection,Pluie légère,Deux véhicules - arrière,,,,,,,,,,,3,1,1,2,2
200500077198,0005-11-16 21:35:00,5,11,16,21,35,910,553.0,RN 104,,,Nuit sans éclairage public,Hors agglomération,Hors intersection,Pluie légère,Deux véhicules - côté,,,,,,,,,,,3,1,1,2,3
200500077199,0005-11-16 07:45:00,5,11,16,7,45,910,64.0,RN 118,,,Plein jour,Hors agglomération,Hors intersection,Normale,Trois véhicules et plus - collisions multiples,,,,,,,,,,,1,1,1,1,5
200500077200,0005-11-17 06:43:00,5,11,17,6,43,910,589.0,AUTOROUTE A6,,,Nuit sans éclairage public,Hors agglomération,Hors intersection,Pluie légère,Deux véhicules - arrière,,,,,,,,,,,3,1,1,2,2
200500077201,0005-11-17 08:22:00,5,11,17,8,22,940,76.0,AUTOROUTE A6B,,,Plein jour,Hors agglomération,Hors intersection,Normale,Deux véhicules - côté,,,,,,,,,,,1,1,1,1,3
200500077202,0005-11-17 08:40:00,5,11,17,8,40,910,64.0,RN 118,,,Crépuscule ou aube,Hors agglomération,Hors intersection,Normale,Autre collision,,,,,,,,,,,2,1,1,1,6
200500077203,0005-11-17 09:31:00,5,11,17,9,31,920,19.0,RN 385 INT,,,Plein jour,Hors agglomération,Hors intersection,Normale,Trois véhicules et plus - en chaîne,,,,,,,,,,,1,1,1,1,4
200500077204,0005-11-17 18:33:00,5,11,17,18,33,910,161.0,AUTOROUTE A6,,,Nuit avec éclairage allumé,Hors agglomération,Hors intersection,Normale,Trois véhicules et plus - collisions multiples,,,,,,,,,,,5,1,1,1,5
200500077205,0005-11-18 22:50:00,5,11,18,22,50,910,64.0,RN 118,,,Nuit sans éclairage public,Hors agglomération,Hors intersection,Normale,Autre collision,,,,,,,,,,,3,1,1,1,6
200500077206,0005-11-18 16:00:00,5,11,18,16,0,910,553.0,RN 104,,,Plein jour,Hors agglomération,Hors intersection,Normale,Trois véhicules et plus - en chaîne,,,,,,,,,,,1,1,1,1,4
200500077207,0005-11-20 23:21:00,5,11,20,23,21,910,64.0,RN 118,,,Nuit sans éclairage public,Hors agglomération,Hors intersection,Temps couvert,Autre collision,,,,,,,,,,,3,1,1,8,6
200500077208,0005-11-21 08:00:00,5,11,21,8,0,910,64.0,RN 118,,,Plein jour,Hors agglomération,Hors intersection,Brouillard / fumée,Deux véhicules - côté,,,,,,,,,,,1,1,1,5,3
200500077209,0005-11-21 20:30:00,5,11,21,20,30,910,339.0,RN 104,,,Nuit sans éclairage public,Hors agglomération,Hors intersection,Normale,Autre collision,,,,,,,,,,,3,1,1,1,6
200500077210,0005-11-22 10:15:00,5,11,22,10,15,910,174.0,RN 104,,,Plein jour,Hors agglomération,Hors intersection,Normale,Deux véhicules - arrière,,,,,,,,,,,1,1,1,1,2
200500077211,0005-11-22 17:45:00,5,11,22,17,45,910,521.0,AUTOROUTE A6,,,Nuit avec éclairage allumé,Hors agglomération,Hors intersection,Normale,Trois véhicules et plus - en chaîne,,,,,,,,,,,5,1,1,1,4
200500077212,0005-11-23 04:05:00,5,11,23,4,5,910,659.0,AUTOROUTE A6,,,Nuit sans éclairage public,Hors agglomération,Hors intersection,Normale,Autre collision,,,,,,,,,,,3,1,1,1,6
200500077213,0005-11-23 13:55:00,5,11,23,13,55,910,161.0,AUTOROUTE A6,,,Plein jour,Hors agglomération,Hors intersection,Normale,Deux véhicules - côté,,,,,,,,,,,1,1,1,1,3
200500077214,0005-11-23 15:23:00,5,11,23,15,23,910,363.0,RN 104,,,Plein jour,Hors agglomération,Hors intersection,Normale,Autre collision,,,,,,,,,,,1,1,1,1,6
200500077215,0005-11-24 08:25:00,5,11,24,8,25,940,76.0,AUTOROUTE A6B,,,Plein jour,Hors agglomération,Hors intersection,Normale,Deux véhicules - arrière,,,,,,,,,,,1,1,1,1,2
200500077216,0005-11-25 06:38:00,5,11,25,6,38,910,471.0,RN 118,,,Nuit sans éclairage public,Hors agglomération,Hors intersection,Normale,Autre collision,,,,,,,,,,,3,1,1,1,6
200500077217,0005-11-26 03:50:00,5,11,26,3,50,910,553.0,RN 104,,,Nuit sans éclairage public,Hors agglomération,Hors intersection,Temps couvert,Deux véhicules - arrière,,,,,,,,,,,3,1,1,8,2
200500077218,0005-11-26 08:45:00,5,11,26,8,45,940,38.0,AUTOROUTE A6A,,,Plein jour,Hors agglomération,Hors intersection,Normale,Deux véhicules - arrière,,,,,,,,,,,1,1,1,1,2
200500077219,0005-11-26 14:20:00,5,11,26,14,20,910,179.0,AUTOROUTE A6,,,Plein jour,Hors agglomération,Hors intersection,Normale,Autre collision,,,,,,,,,,,1,1,1,1,6
200500077220,0005-11-27 20:10:00,5,11,27,20,10,910,340.0,RN 104,,,Nuit sans éclairage public,Hors agglomération,Hors intersection,Temps couvert,Trois véhicules et plus - collisions multiples,,,,,,,,,,,3,1,1,8,5
200500077221,0005-11-28 08:15:00,5,11,28,8,15,910,286.0,AUTOROUTE A6,,,Plein jour,Hors agglomération,Hors intersection,Pluie légère,Deux véhicules - arrière,,,,,,,,,,,1,1,1,2,2
200500077222,0005-11-29 14:05:00,5,11,29,14,5,910,363.0,AUTOROUTE A10,,,Plein jour,Hors agglomération,Hors intersection,Temps couvert,Autre collision,,,,,,,,,,,1,1,1,8,6
200500077223,0005-11-29 18:01:00,5,11,29,18,1,910,174.0,RN 104,,,Nuit sans éclairage public,Hors agglomération,Hors intersection,Normale,Trois véhicules et plus - en chaîne,,,,,,,,,,,3,1,1,1,4