accident_id,datetime,annee,mois,jour,heure,minute,departement,commune_insee,adresse,latitude,longitude,luminosite,agglomeration,intersection,meteo,collision,nb_vehicules,nb_usagers,nb_indemnes,nb_tues,nb_blesses_hosp,nb_blesses_legers,age_cond_1,age_cond_2,veh_type_cond_1,veh_type_cond_2,lum_code,agg_code,int_code,atm_code,col_code
200500077352,0005-11-23 16:10:00,5,11,23,16,10,330,63.0,ROCADE,,,Plein jour,Hors agglomération,Hors intersection,Normale,Deux véhicules - côté,,,,,,,,,,,1,1,1,1,3
200500077353,0005-11-26 09:20:00,5,11,26,9,20,330,366.0,AUTOROUTE,,,Plein jour,Hors agglomération,Hors intersection,Normale,Autre collision,,,,,,,,,,,1,1,1,1,6
200500077354,0005-11-26 02:00:00,5,11,26,2,0,330,249.0,ROCADE,,,Nuit avec éclairage allumé,Hors agglomération,Hors intersection,Pluie légère,Autre collision,,,,,,,,,,,5,1,1,2,6
200500077355,0005-11-27 06:50:00,5,11,27,6,50,330,550.0,ROCADE,,,Crépuscule ou aube,Hors agglomération,Hors intersection,Autre,Autre collision,,,,,,,,,,,2,1,1,9,6
200500077356,0005-11-28 08:48:00,5,11,28,8,48,330,550.0,AUTOROUTE,,,Plein jour,Hors agglomération,Hors intersection,Pluie légère,Deux véhicules - arrière,,,,,,,,,,,1,1,1,2,2
200500077357,0005-11-28 09:35:00,5,11,28,9,35,330,96.0,AUTOROUTE,,,Plein jour,Hors agglomération,Hors intersection,Pluie légère,Deux véhicules - arrière,,,,,,,,,,,1,1,1,2,2
200500077358,0005-11-28 13:55:00,5,11,28,13,55,330,39.0,ROCADE,,,Plein jour,Hors agglomération,Hors intersection,Pluie légère,Deux véhicules - côté,,,,,,,,,,,1,1,1,2,3
200500077359,0005-11-30 08:03:00,5,11,30,8,3,330,318.0,ROCADE,,,Crépuscule ou aube,Hors agglomération,Hors intersection,Normale,Deux véhicules - arrière,,,,,,,,,,,2,1,1,1,2
200500077360,0005-11-30 12:25:00,5,11,30,12,25,330,318.0,ROCADE,,,Plein jour,Hors agglomération,Hors intersection,Pluie légère,Autre collision,,,,,,,,,,,1,1,1,2,6
200500077361,0005-11-04 19:05:00,5,11,4,19,5,690,385.0,"83, POINT DU JOUR (DU)",,,Nuit avec éclairage allumé,En agglomération,Hors intersection,Pluie forte,Sans collision,,,,,,,,,,,5,2,1,3,7
200500077362,0005-11-06 16:30:00,5,11,6,16,30,690,385.0,"30, PAULINE MARIE JARICO",,,Plein jour,En agglomération,Hors intersection,Normale,Autre collision,,,,,,,,,,,1,2,1,1,6
200500077363,0005-11-12 23:40:00,5,11,12,23,40,690,385.0,"00, 1ERE DIVISION FRANCA",,,Nuit avec éclairage allumé,En agglomération,Intersection en T,Pluie légère,Deux véhicules - arrière,,,,,,,,,,,5,2,3,2,2
200500077364,0005-11-27 18:10:00,5,11,27,18,10,690,385.0,"27, CHOULANS (DE)",,,Nuit sans éclairage public,En agglomération,Hors intersection,Neige / grêle,Deux véhicules - frontale,,,,,,,,,,,3,2,1,4,1
200500077365,0005-11-25 11:50:00,5,11,25,11,50,690,385.0,"31, FULCHIRON",,,Plein jour,En agglomération,Hors intersection,Normale,Autre collision,,,,,,,,,,,1,2,1,1,6
200500077366,0005-11-03 12:30:00,5,11,3,12,30,670,447.0,Autoroute A.4,,,Plein jour,Hors agglomération,Hors intersection,Normale,Deux véhicules - côté,,,,,,,,,,,1,1,1,1,3
200500077367,0005-11-03 14:10:00,5,11,3,14,10,670,482.0,Autoroute A.35,,,Plein jour,Hors agglomération,Hors intersection,Normale,Deux véhicules - côté,,,,,,,,,,,1,1,1,1,3
200500077368,0005-11-03 18:15:00,5,11,3,18,15,670,482.0,Autoroute A.351,,,Nuit avec éclairage allumé,Hors agglomération,Hors intersection,Normale,Deux véhicules - arrière,,,,,,,,,,,5,1,1,1,2
200500077369,0005-11-03 19:05:00,5,11,3,19,5,670,482.0,Autoroute A.351,,,Nuit avec éclairage allumé,Hors agglomération,Hors intersection,Normale,Deux véhicules - arrière,,,,,,,,,,,5,1,1,1,2
200500077370,0005-11-04 09:40:00,5,11,4,9,40,670,482.0,Autoroute A.35,,,Plein jour,Hors agglomération,Hors intersection,Normale,Sans collision,,,,,,,,,,,1,1,1,1,7
200500077371,0005-11-04 20:30:00,5,11,4,20,30,670,482.0,Autoroute A.35,,,Nuit avec éclairage non allumé,Hors agglomération,Hors intersection,Normale,Deux véhicules - côté,,,,,,,,,,,4,1,1,1,3
200500077372,0005-11-15 17:00:00,5,11,15,17,0,670,218.0,Autoroute A.35,,,Nuit avec éclairage non allumé,Hors agglomération,Hors intersection,Normale,Trois véhicules et plus - en chaîne,,,,,,,,,,,4,1,1,1,4
200500077373,0005-11-23 11:50:00,5,11,23,11,50,670,482.0,N.4 CONTOURNEMENT-SUD,,,Plein jour,Hors agglomération,Hors intersection,Normale,Deux véhicules - arrière,,,,,,,,,,,1,1,1,1,2
200500077374,0005-11-24 12:50:00,5,11,24,12,50,670,482.0,Autoroute A.35,,,Plein jour,Hors agglomération,Hors intersection,Temps couvert,Trois véhicules et plus - en chaîne,,,,,,,,,,,1,1,1,8,4
200500077375,0005-11-24 13:20:00,5,11,24,13,20,670,471.0,Autoroute A.4,,,Plein jour,Hors agglomération,Hors intersection,Normale,Sans collision,,,,,,,,,,,1,1,1,1,7
200500077376,0005-11-02 22:50:00,5,11,2,22,50,540,557.0,Autoroute A 31,,,Nuit sans éclairage public,Hors agglomération,Hors intersection,Pluie légère,Deux véhicules - arrière,,,,,,,,,,,3,1,1,2,2
200500077377,0005-11-03 18:13:00,5,11,3,18,13,540,459.0,Autoroute A 330,,,Nuit sans éclairage public,Hors agglomération,Hors intersection,Normale,Autre collision,,,,,,,,,,,3,1,1,1,6
200500077378,0005-11-07 11:45:00,5,11,7,11,45,540,232.0,Autoroute A 31,,,Plein jour,Hors agglomération,Hors intersection,Pluie légère,Autre collision,,,,,,,,,,,1,1,1,2,6
200500077379,0005-11-11 17:30:00,5,11,11,17,30,540,265.0,Autoroute A 33,,,Crépuscule ou aube,Hors agglomération,Hors intersection,Normale,Deux véhicules - côté,,,,,,,,,,,2,1,1,1,3
200500077380,0005-11-22 08:25:00,5,11,22,8,25,540,150.0,Autoroute A 31,,,Plein jour,Hors agglomération,Hors intersection,Normale,Deux véhicules - arrière,,,,,,,,,,,1,1,1,1,2
200500077381,0005-11-01 07:13:00,5,11,1,7,13,570,751.0,Autoroute A31,,,Crépuscule ou aube,Hors agglomération,Hors intersection,Normale,Deux véhicules - arrière,,,,,,,,,,,2,1,1,1,2
200500077382,0005-11-05 17:48:00,5,11,5,17,48,570,412.0,Autoroute A31,,,Nuit avec éclairage allumé,Hors agglomération,Hors intersection,Normale,Deux véhicules - côté,,,,,,,,,,,5,1,1,1,3
200500077383,0005-11-10 15:54:00,5,11,10,15,54,570,582.0,Autoroute A31,,,Plein jour,Hors agglomération,Hors intersection,Normale,Autre collision,,,,,,,,,,,1,1,1,1,6
200500077384,0005-11-11 06:55:00,5,11,11,6,55,570,67.0,Autoroute A31,,,Nuit sans éclairage public,Hors agglomération,Hors intersection,Normale,Sans collision,,,,,,,,,,,3,1,1,1,7
200500077385,0005-11-18 22:50:00,5,11,18,22,50,570,343.0,Autoroute A31,,,Nuit sans éclairage public,Hors agglomération,Hors intersection,Temps couvert,Autre collision,,,,,,,,,,,3,1,1,8,6
200500077386,0005-11-30 16:10:00,5,11,30,16,10,570,212.0,Autoroute A31,,,Plein jour,Hors agglomération,Hors intersection,Temps couvert,Autre collision,,,,,,,,,,,1,1,1,8,6
200500077387,0005-11-09 13:20:00,5,11,9,13,20,690,387.0,TONY GARNIER,,,Plein jour,En agglomération,Intersection en X,Pluie légère,Deux véhicules - côté,,,,,,,,,,,1,2,2,2,3
200500077388,0005-11-13 03:55:00,5,11,13,3,55,690,387.0,JEAN JAURES,,,Nuit avec éclairage allumé,En agglomération,Intersection en X,Normale,Autre collision,,,,,,,,,,,5,2,2,1,6
200500077389,0005-11-12 03:40:00,5,11,12,3,40,690,387.0,CLAUDE BERNARD,,,Nuit avec éclairage allumé,En agglomération,Hors intersection,Normale,Autre collision,,,,,,,,,,,5,2,1,1,6
200500077390,0005-11-11 05:55:00,5,11,11,5,55,690,387.0,"68, CHALLEMEL LACOUR",,,Nuit avec éclairage allumé,En agglomération,Hors intersection,Normale,Autre collision,,,,,,,,,,,5,2,1,1,6
200500077391,0005-11-08 10:20:00,5,11,8,10,20,690,387.0,"12, BASSE COMBALOT",,,Plein jour,En agglomération,Hors intersection,Normale,Autre collision,,,,,,,,,,,1,2,1,1,6
200500077392,0005-11-16 11:45:00,5,11,16,11,45,690,387.0,"271, JEAN JAURES",,,Plein jour,En agglomération,Hors intersection,Normale,Trois véhicules et plus - collisions multiples,,,,,,,,,,,1,2,1,1,5
200500077393,0005-11-26 05:25:00,5,11,26,5,25,690,387.0,FELIX FAURE,,,Nuit avec éclairage allumé,En agglomération,Intersection en X,Normale,Deux véhicules - côté,,,,,,,,,,,5,2,2,1,3
200500077394,0005-11-28 11:30:00,5,11,28,11,30,690,387.0,GARIBALDI,,,Plein jour,En agglomération,Intersection en X,Normale,Deux véhicules - côté,,,,,,,,,,,1,2,2,1,3
200500077395,0005-11-28 10:20:00,5,11,28,10,20,690,387.0,"3, BORDEAUX (DE)",,,Plein jour,En agglomération,Hors intersection,Normale,Autre collision,,,,,,,,,,,1,2,1,1,6
200500077396,0005-11-06 01:20:00,5,11,6,1,20,690,388.0,"00, PINEL",,,Nuit avec éclairage allumé,En agglomération,Giratoire,Normale,Deux véhicules - côté,,,,,,,,,,,5,2,6,1,3
200500077397,0005-11-01 11:50:00,5,11,1,11,50,690,388.0,"00, VIVIANI",,,Plein jour,En agglomération,Intersection en T,Normale,Deux véhicules - côté,,,,,,,,,,,1,2,3,1,3
200500077398,0005-11-07 08:55:00,5,11,7,8,55,690,388.0,"00, PINEL",,,Plein jour,En agglomération,Giratoire,Normale,Deux véhicules - côté,,,,,,,,,,,1,2,6,1,3
200500077399,0005-11-09 18:10:00,5,11,9,18,10,690,388.0,"00, FRERES LUMIERE (DES)",,,Nuit avec éclairage allumé,En agglomération,Hors intersection,Pluie légère,Autre collision,,,,,,,,,,,5,2,1,2,6
200500077400,0005-11-04 11:00:00,5,11,4,11,0,690,388.0,"00, JEAN XXIII",,,Plein jour,En agglomération,Intersection en X,Pluie légère,Deux véhicules - côté,,,,,,,,,,,1,2,2,2,3
200500077401,0005-11-02 16:40:00,5,11,2,16,40,690,388.0,"00, PAUL CAZENEUVE",,,Plein jour,En agglomération,Intersection en X,Normale,Deux véhicules - côté,,,,,,,,,,,1,2,2,1,3
200500077402,0005-11-14 19:00:00,5,11,14,19,0,690,388.0,"00, ST GERVAIS",,,Nuit avec éclairage allumé,En agglomération,Intersection en X,Normale,Deux véhicules - côté,,,,,,,,,,,5,2,2,1,3
200500077403,0005-11-15 13:50:00,5,11,15,13,50,690,388.0,"228, BERTHELOT",,,Plein jour,En agglomération,Hors intersection,Normale,Autre collision,,,,,,,,,,,1,2,1,1,6
200500077404,0005-11-08 17:15:00,5,11,8,17,15,690,388.0,"00, VIVIANI",,,Crépuscule ou aube,En agglomération,Intersection en T,Normale,Deux véhicules - côté,,,,,,,,,,,2,2,3,1,3
200500077405,0005-11-06 12:30:00,5,11,6,12,30,690,388.0,"00, HERIDEAUX (DES)",,,Plein jour,En agglomération,Intersection en X,Normale,Deux véhicules - côté,,,,,,,,,,,1,2,2,1,3
200500077406,0005-11-21 15:05:00,5,11,21,15,5,690,388.0,"00, ALBERT THOMAS",,,Plein jour,En agglomération,Intersection en T,Normale,Deux véhicules - côté,,,,,,,,,,,1,2,3,1,3
200500077407,0005-11-15 09:00:00,5,11,15,9,0,690,388.0,"05, PROFESSEUR MARCEL DA",,,Plein jour,En agglomération,Hors intersection,Normale,Autre collision,,,,,,,,,,,1,2,1,1,6
200500077408,0005-11-25 10:25:00,5,11,25,10,25,690,388.0,"00, FRERES LUMIERE (DES)",,,Plein jour,En agglomération,Intersection en T,Normale,Autre collision,,,,,,,,,,,1,2,3,1,6
200500077409,0005-11-28 17:20:00,5,11,28,17,20,690,388.0,"105, JEAN MERMOZ",,,Crépuscule ou aube,En agglomération,Autre intersection,Normale,Autre collision,,,,,,,,,,,2,2,9,1,6
200500077410,0005-11-25 11:00:00,5,11,25,11,0,690,388.0,"00, VIVIANI",,,Plein jour,En agglomération,Intersection en T,Normale,Deux véhicules - côté,,,,,,,,,,,1,2,3,1,3
200500077411,0005-11-04 08:20:00,5,11,4,8,20,420,218.0,A72,,,Plein jour,Hors agglomération,Hors intersection,Pluie légère,Autre collision,,,,,,,,,,,1,1,1,2,6
200500077412,0005-11-18 11:30:00,5,11,18,11,30,420,207.0,A47,,,Plein jour,Hors agglomération,Hors intersection,Normale,Autre collision,,,,,,,,,,,1,1,1,1,6
200500077413,0005-11-02 18:00:00,5,11,2,18,0,690,142.0,A7,,,Nuit avec éclairage allumé,Hors agglomération,Hors intersection,Normale,Deux véhicules - arrière,,,,,,,,,,,5,1,1,1,2
200500077414,0005-11-02 17:40:00,5,11,2,17,40,690,266.0,A42,,,Crépuscule ou aube,Hors agglomération,Hors intersection,Normale,Trois véhicules et plus - collisions multiples,,,,,,,,,,,2,1,1,1,5
200500077415,0005-11-03 08:40:00,5,11,3,8,40,690,81.0,A6,,,Plein jour,Hors agglomération,Hors intersection,Normale,Deux véhicules - arrière,,,,,,,,,,,1,1,1,1,2
200500077416,0005-11-03 19:30:00,5,11,3,19,30,690,273.0,BUS (RD301),,,Nuit avec éclairage allumé,Hors agglomération,Hors intersection,Normale,Sans collision,,,,,,,,,,,5,1,1,1,7
200500077417,0005-11-04 07:00:00,5,11,4,7,0,690,275.0,RN346,,,Nuit avec éclairage allumé,Hors agglomération,Hors intersection,Normale,Autre collision,,,,,,,,,,,5,1,1,1,6
200500077418,0005-11-04 18:30:00,5,11,4,18,30,690,385.0,A6,,,Nuit avec éclairage allumé,Hors agglomération,Hors intersection,Pluie légère,Autre collision,,,,,,,,,,,5,1,1,2,6
200500077419,0005-11-05 01:00:00,5,11,5,1,0,380,336.0,A7,,,Nuit sans éclairage public,Hors agglomération,Hors intersection,Pluie légère,Autre collision,,,,,,,,,,,3,1,1,2,6
200500077420,0005-11-06 07:45:00,5,11,6,7,45,690,115.0,A6,,,Crépuscule ou aube,Hors agglomération,Hors intersection,Brouillard / fumée,Autre collision,,,,,,,,,,,2,1,1,5,6
200500077421,0005-11-07 08:50:00,5,11,7,8,50,690,287.0,A43,,,Plein jour,Hors agglomération,Hors intersection,Normale,Sans collision,,,,,,,,,,,1,1,1,1,7
200500077422,0005-11-09 09:30:00,5,11,9,9,30,690,9.0,A6,,,Plein jour,Hors agglomération,Hors intersection,Normale,Autre collision,,,,,,,,,,,1,1,1,1,6
200500077423,0005-11-09 20:30:00,5,11,9,20,30,690,259.0,RN383,,,Nuit avec éclairage allumé,Hors agglomération,Hors intersection,Pluie forte,Autre collision,,,,,,,,,,,5,1,1,3,6
200500077424,0005-11-10 16:45:00,5,11,10,16,45,690,259.0,RN383,,,Plein jour,Hors agglomération,Hors intersection,Normale,Deux véhicules - côté,,,,,,,,,,,1,1,1,1,3
200500077425,0005-11-10 18:30:00,5,11,10,18,30,690,40.0,A6,,,Nuit sans éclairage public,Hors agglomération,Hors intersection,Normale,Deux véhicules - arrière,,,,,,,,,,,3,1,1,1,2
200500077426,0005-11-10 18:00:00,5,11,10,18,0,690,266.0,RN383,,,Nuit avec éclairage allumé,Hors agglomération,Hors intersection,Normale,Deux véhicules - arrière,,,,,,,,,,,5,1,1,1,2
200500077427,0005-11-13 03:45:00,5,11,13,3,45,690,256.0,A42,,,Nuit avec éclairage non allumé,Hors agglomération,Hors intersection,Temps couvert,Trois véhicules et plus - collisions multiples,,,,,,,,,,,4,1,1,8,5
200500077428,0005-11-13 20:50:00,5,11,13,20,50,690,235.0,A7,,,Nuit sans éclairage public,Hors agglomération,Hors intersection,Normale,Trois véhicules et plus - en chaîne,,,,,,,,,,,3,1,1,1,4
200500077429,0005-11-14 14:10:00,5,11,14,14,10,690,152.0,A7,,,Plein jour,Hors agglomération,Hors intersection,Normale,Deux véhicules - côté,,,,,,,,,,,1,1,1,1,3
200500077430,0005-11-14 18:15:00,5,11,14,18,15,690,296.0,A7,,,Nuit avec éclairage allumé,Hors agglomération,Hors intersection,Normale,Deux véhicules - arrière,,,,,,,,,,,5,1,1,1,2
200500077431,0005-11-16 18:00:00,5,11,16,18,0,690,382.0,A7,,,Nuit avec éclairage allumé,Hors agglomération,Hors intersection,Normale,Deux véhicules - côté,,,,,,,,,,,5,1,1,1,3
200500077432,0005-11-18 17:50:00,5,11,18,17,50,690,290.0,A43,,,Nuit avec éclairage allumé,Hors agglomération,Hors intersection,Normale,Deux véhicules - arrière,,,,,,,,,,,5,1,1,1,2
200500077433,0005-11-19 17:30:00,5,11,19,17,30,690,281.0,A46S,,,Nuit sans éclairage public,Hors agglomération,Hors intersection,Normale,Autre collision,,,,,,,,,,,3,1,1,1,6
200500077434,0005-11-22 08:25:00,5,11,22,8,25,690,283.0,A46S,,,Plein jour,Hors agglomération,Autre intersection,Normale,Sans collision,,,,,,,,,,,1,1,9,1,7
200500077435,0005-11-22 23:15:00,5,11,22,23,15,690,199.0,A7,,,Nuit avec éclairage allumé,Hors agglomération,Hors intersection,Normale,Deux véhicules - côté,,,,,,,,,,,5,1,1,1,3
200500077436,0005-11-24 14:10:00,5,11,24,14,10,690,388.0,RN383,,,Plein jour,Hors agglomération,Autre intersection,Normale,Trois véhicules et plus - en chaîne,,,,,,,,,,,1,1,9,1,4
200500077437,0005-11-25 21:30:00,5,11,25,21,30,690,266.0,RN383,,,Nuit avec éclairage allumé,Hors agglomération,Hors intersection,Autre,Trois véhicules et plus - en chaîne,,,,,,,,,,,5,1,1,9,4
200500077438,0005-11-26 17:05:00,5,11,26,17,5,380,544.0,N407,,,Nuit avec éclairage allumé,Hors agglomération,Hors intersection,Normale,Autre collision,,,,,,,,,,,5,1,1,1,6
200500077439,0005-11-26 22:30:00,5,11,26,22,30,690,382.0,A6,,,Nuit avec éclairage allumé,Hors agglomération,Hors intersection,Normale,Autre collision,,,,,,,,,,,5,1,1,1,6
200500077440,0005-11-27 00:40:00,5,11,27,0,40,690,29.0,RN383,,,Nuit avec éclairage allumé,Hors agglomération,Hors intersection,Normale,Sans collision,,,,,,,,,,,5,1,1,1,7
200500077441,0005-11-27 04:40:00,5,11,27,4,40,690,142.0,A7,,,Nuit avec éclairage allumé,Hors agglomération,Hors intersection,Normale,Deux véhicules - arrière,,,,,,,,,,,5,1,1,1,2
200500077442,0005-11-26 22:30:00,5,11,26,22,30,690,34.0,BPNL,,,Nuit avec éclairage non allumé,Hors agglomération,Hors intersection,Normale,Deux véhicules - arrière,,,,,,,,,,,4,1,1,1,2
200500077443,0005-11-29 15:45:00,5,11,29,15,45,690,290.0,RN346,,,Plein jour,Hors agglomération,Autre intersection,Pluie légère,Autre collision,,,,,,,,,,,1,1,9,2,6
200500077444,0005-11-30 12:45:00,5,11,30,12,45,690,29.0,RN383,,,Plein jour,Hors agglomération,Hors intersection,Normale,Deux véhicules - frontale,,,,,,,,,,,1,1,1,1,1
200500077445,0005-11-30 16:05:00,5,11,30,16,5,690,288.0,A43,,,Plein jour,Hors agglomération,Hors intersection,Normale,Deux véhicules - arrière,,,,,,,,,,,1,1,1,1,2
200500077446,0005-11-30 17:10:00,5,11,30,17,10,10,249.0,A42,,,Nuit sans éclairage public,Hors agglomération,Hors intersection,Normale,Trois véhicules et plus - collisions multiples,,,,,,,,,,,3,1,1,1,5
200500077447,0005-11-25 14:25:00,5,11,25,14,25,380,544.0,RN7,,,Plein jour,Hors agglomération,Hors intersection,Normale,Trois véhicules et plus - en chaîne,,,,,,,,,,,1,1,1,1,4
200500077448,0005-11-03 07:15:00,5,11,3,7,15,690,389.0,"0, DUCHERE (DE LA)",,,Plein jour,En agglomération,Intersection en T,Normale,Deux véhicules - côté,,,,,,,,,,,1,2,3,1,3
200500077449,0005-11-17 17:36:00,5,11,17,17,36,690,389.0,"36, ARLOING",,,Crépuscule ou aube,En agglomération,Hors intersection,Normale,Autre collision,,,,,,,,,,,2,2,1,1,6
200500077450,0005-11-18 19:15:00,5,11,18,19,15,690,389.0,"157, SIDOINE APPOLINAIRE",,,Nuit avec éclairage allumé,En agglomération,Hors intersection,Normale,Deux véhicules - côté,,,,,,,,,,,5,2,1,1,3
200500077451,0005-11-21 18:15:00,5,11,21,18,15,690,389.0,25EME REGIMENT DE TIRAIL,,,Nuit avec éclairage allumé,En agglomération,Hors intersection,Normale,Deux véhicules - côté,,,,,,,,,,,5,2,1,1,3
200500077452,0005-11-23 17:56:00,5,11,23,17,56,690,389.0,SERGENT MICHEL BERTHET (,,,Crépuscule ou aube,En agglomération,Hors intersection,Normale,Sans collision,,,,,,,,,,,2,2,1,1,7
200500077453,0005-11-28 07:45:00,5,11,28,7,45,690,389.0,"0.0, RHIN ET DANUBE",,,Nuit avec éclairage allumé,En agglomération,Intersection en T,Normale,Autre collision,,,,,,,,,,,5,2,3,1,6
200500077454,0005-11-01 03:30:00,5,11,1,3,30,830,144.0,A57,,,Nuit avec éclairage allumé,Hors agglomération,Hors intersection,Normale,Deux véhicules - arrière,,,,,,,,,,,5,1,1,1,2
200500077455,0005-11-06 15:30:00,5,11,6,15,30,830,137.0,A50,,,Plein jour,Hors agglomération,Hors intersection,Normale,Sans collision,,,,,,,,,,,1,1,1,1,7
200500077456,0005-11-07 19:00:00,5,11,7,19,0,830,144.0,A57,,,Nuit avec éclairage allumé,Hors agglomération,Autre intersection,Normale,Autre collision,,,,,,,,,,,5,1,9,1,6
200500077457,0005-11-08 19:40:00,5,11,8,19,40,830,137.0,RN1050,,,Nuit avec éclairage allumé,Hors agglomération,Autre intersection,Normale,Trois véhicules et plus - en chaîne,,,,,,,,,,,5,1,9,1,4
200500077458,0005-11-10 13:00:00,5,11,10,13,0,830,90.0,A50,,,Plein jour,Hors agglomération,Hors intersection,Normale,Autre collision,,,,,,,,,,,1,1,1,1,6
200500077459,0005-11-17 18:50:00,5,11,17,18,50,830,126.0,A50,,,Nuit sans éclairage public,Hors agglomération,Hors intersection,Normale,Deux véhicules - côté,,,,,,,,,,,3,1,1,1,3
200500077460,0005-11-18 18:30:00,5,11,18,18,30,830,137.0,A57,,,Nuit avec éclairage allumé,Hors agglomération,Hors intersection,Temps couvert,Trois véhicules et plus - en chaîne,,,,,,,,,,,5,1,1,8,4
200500077461,0005-11-27 02:05:00,5,11,27,2,5,830,90.0,A50,,,Nuit sans éclairage public,Hors agglomération,Hors intersection,Normale,Sans collision,,,,,,,,,,,3,1,1,1,7
200500077462,0005-11-30 16:00:00,5,11,30,16,0,830,137.0,A57,,,Plein jour,Hors agglomération,Hors intersection,Normale,Trois véhicules et plus - en chaîne,,,,,,,,,,,1,1,1,1,4
200500077463,0005-11-01 23:30:00,5,11,1,23,30,130,1.0,A51-Sens Aix en Provence,,,Nuit sans éclairage public,Hors agglomération,Hors intersection,Normale,Deux véhicules - arrière,,,,,,,,,,,3,1,1,1,2
200500077464,0005-11-02 05:25:00,5,11,2,5,25,130,5.0,A502-Sens Aubagne vers T,,,Crépuscule ou aube,Hors agglomération,Hors intersection,Normale,Autre collision,,,,,,,,,,,2,1,1,1,6
200500077465,0005-11-02 08:35:00,5,11,2,8,35,130,55.0,S10CM-Sens Marseille ver,,,Plein jour,Hors agglomération,Hors intersection,Normale,Autre collision,,,,,,,,,,,1,1,1,1,6
200500077466,0005-11-02 16:25:00,5,11,2,16,25,130,55.0,A55-Sens Martigues vers,,,Plein jour,Hors agglomération,Hors intersection,Normale,Autre collision,,,,,,,,,,,1,1,1,1,6
200500077467,0005-11-03 15:15:00,5,11,3,15,15,130,55.0,A7-Sens Marseille vers L,,,Plein jour,Hors agglomération,Hors intersection,Normale,Sans collision,,,,,,,,,,,1,1,1,1,7
200500077468,0005-11-03 16:40:00,5,11,3,16,40,130,55.0,A7-Sens Lyon vers Marsei,,,Plein jour,Hors agglomération,Hors intersection,Normale,Deux véhicules - arrière,,,,,,,,,,,1,1,1,1,2
200500077469,0005-11-04 17:35:00,5,11,4,17,35,130,5.0,A50-Sens Marseille vers,,,Plein jour,Hors agglomération,Hors intersection,Pluie légère,Autre collision,,,,,,,,,,,1,1,1,2,6
200500077470,0005-11-05 23:55:00,5,11,5,23,55,130,26.0,A55-Sens Martigues vers,,,Nuit sans éclairage public,Hors agglomération,Hors intersection,Normale,Deux véhicules - arrière,,,,,,,,,,,3,1,1,1,2
200500077471,0005-11-05 16:40:00,5,11,5,16,40,130,19.0,A51-Sens Aix en Provence,,,Plein jour,Hors agglomération,Hors intersection,Normale,Deux véhicules - arrière,,,,,,,,,,,1,1,1,1,2
200500077472,0005-11-06 15:00:00,5,11,6,15,0,130,71.0,A51-Sens Marseille vers,,,Plein jour,Hors agglomération,Hors intersection,Normale,Deux véhicules - arrière,,,,,,,,,,,1,1,1,1,2
200500077473,0005-11-06 17:25:00,5,11,6,17,25,130,55.0,A7-Sens Marseille vers L,,,Nuit avec éclairage non allumé,Hors agglomération,Autre intersection,Normale,Sans collision,,,,,,,,,,,4,1,9,1,7
200500077474,0005-11-07 08:00:00,5,11,7,8,0,130,5.0,A501-Sens Pont de l'Etoi,,,Plein jour,Hors agglomération,Hors intersection,Normale,Deux véhicules - arrière,,,,,,,,,,,1,1,1,1,2
200500077475,0005-11-07 12:00:00,5,11,7,12,0,130,55.0,A7-Sens Marseille vers L,,,Plein jour,Hors agglomération,Hors intersection,Normale,Autre collision,,,,,,,,,,,1,1,1,1,6
200500077476,0005-11-07 13:14:00,5,11,7,13,14,130,55.0,A7-Sens Marseille vers L,,,Plein jour,Hors agglomération,Hors intersection,Normale,Trois véhicules et plus - collisions multiples,,,,,,,,,,,1,1,1,1,5
200500077477,0005-11-07 14:05:00,5,11,7,14,5,130,117.0,A7-Sens Lyon vers Marsei,,,Plein jour,Hors agglomération,Hors intersection,Normale,Sans collision,,,,,,,,,,,1,1,1,1,7
200500077478,0005-11-07 20:05:00,5,11,7,20,5,130,106.0,A7-Sens Lyon vers Marsei,,,Nuit sans éclairage public,Hors agglomération,Hors intersection,Normale,Sans collision,,,,,,,,,,,3,1,1,1,7
200500077479,0005-11-08 09:34:00,5,11,8,9,34,130,55.0,A7-Sens Marseille vers L,,,Plein jour,Hors agglomération,Intersection en X,Normale,Sans collision,,,,,,,,,,,1,1,2,1,7
200500077480,0005-11-08 17:45:00,5,11,8,17,45,130,81.0,A7-Sens Marseille vers L,,,Crépuscule ou aube,Hors agglomération,Hors intersection,Normale,Trois véhicules et plus - en chaîne,,,,,,,,,,,2,1,1,1,4
200500077481,0005-11-08 17:45:00,5,11,8,17,45,130,71.0,A7-Sens Lyon vers Marsei,,,Crépuscule ou aube,Hors agglomération,Hors intersection,Normale,Deux véhicules - arrière,,,,,,,,,,,2,1,1,1,2
200500077482,0005-11-10 21:53:00,5,11,10,21,53,130,55.0,TVPCD-Sens Les Ports ver,,,Nuit avec éclairage allumé,Hors agglomération,Hors intersection,Normale,Deux véhicules - arrière,,,,,,,,,,,5,1,1,1,2