accident_id,datetime,annee,mois,jour,heure,minute,departement,commune_insee,adresse,latitude,longitude,luminosite,agglomeration,intersection,meteo,collision,nb_vehicules,nb_usagers,nb_indemnes,nb_tues,nb_blesses_hosp,nb_blesses_legers,age_cond_1,age_cond_2,veh_type_cond_1,veh_type_cond_2,lum_code,agg_code,int_code,atm_code,col_code
200500077738,0005-12-06 14:15:00,5,12,6,14,15,800,344.0,,,,Plein jour,Hors agglomération,Hors intersection,Normale,Deux véhicules - frontale,,,,,,,,,,,1,1,1,1,1
200500077739,0005-12-16 23:00:00,5,12,16,23,0,800,249.0,,50.12,2.04,Nuit sans éclairage public,Hors agglomération,Hors intersection,Normale,Autre collision,,,,,,,,,,,3,1,1,1,6
200500077740,0005-12-25 11:00:00,5,12,25,11,0,800,260.0,,50.16,1.85,Plein jour,Hors agglomération,Hors intersection,Normale,Deux véhicules - arrière,,,,,,,,,,,1,1,1,1,2
200500077741,0005-12-01 22:30:00,5,12,1,22,30,800,767.0,,49.979,1.683,Nuit sans éclairage public,Hors agglomération,Hors intersection,Normale,Autre collision,,,,,,,,,,,3,1,1,1,6
200500077742,0005-12-09 07:15:00,5,12,9,7,15,800,368.0,35 Rue Maurice briet,50.098,1.543,Crépuscule ou aube,En agglomération,Hors intersection,Brouillard / fumée,Deux véhicules - côté,,,,,,,,,,,2,2,1,5,3
200500077743,0005-12-10 21:30:00,5,12,10,21,30,800,827.0,101 rue Jean Jaurès,50.066,1.538,Nuit avec éclairage allumé,En agglomération,Hors intersection,Temps couvert,Autre collision,,,,,,,,,,,5,2,1,8,6
200500077744,0005-12-21 17:50:00,5,12,21,17,50,800,235.0,11 rue de la chapelle,,,Nuit avec éclairage allumé,En agglomération,Hors intersection,Normale,Autre collision,,,,,,,,,,,5,2,1,1,6
200500077745,0005-12-23 19:45:00,5,12,23,19,45,800,368.0,CD 925,,,Nuit sans éclairage public,Hors agglomération,Hors intersection,Normale,Autre collision,,,,,,,,,,,3,1,1,1,6
200500077746,0005-12-09 04:30:00,5,12,9,4,30,800,637.0,,,,Nuit sans éclairage public,Hors agglomération,Hors intersection,Normale,Sans collision,,,,,,,,,,,3,1,1,1,7
200500077747,0005-12-16 16:30:00,5,12,16,16,30,800,182.0,RUE LEON PARMENTIER,50.185,1.499,Plein jour,En agglomération,Hors intersection,Normale,Deux véhicules - côté,,,,,,,,,,,1,2,1,1,3
200500077748,0005-12-26 16:00:00,5,12,26,16,0,800,182.0,route blanche,50.207,1.523,Plein jour,En agglomération,Giratoire,Normale,Autre collision,,,,,,,,,,,1,2,6,1,6
200500077749,0005-12-16 17:45:00,5,12,16,17,45,800,561.0,,,,Nuit sans éclairage public,Hors agglomération,Hors intersection,Normale,Autre collision,,,,,,,,,,,3,1,1,1,6
200500077750,0005-12-21 15:30:00,5,12,21,15,30,800,10.0,rue ST Martin,,,Plein jour,En agglomération,Hors intersection,Normale,Deux véhicules - côté,,,,,,,,,,,1,2,1,1,3
200500077751,0005-12-24 16:45:00,5,12,24,16,45,800,740.0,,,,Plein jour,Hors agglomération,Hors intersection,Temps couvert,Autre collision,,,,,,,,,,,1,1,1,8,6
200500077752,0005-12-02 21:15:00,5,12,2,21,15,800,128.0,CD 44,,,Nuit sans éclairage public,Hors agglomération,Hors intersection,Normale,Deux véhicules - frontale,,,,,,,,,,,3,1,1,1,1
200500077753,0005-12-16 12:15:00,5,12,16,12,15,800,620.0,Route de Paris,49.919,2.935,Plein jour,En agglomération,Hors intersection,Normale,Deux véhicules - frontale,,,,,,,,,,,1,2,1,1,1
200500077754,0005-12-09 13:00:00,5,12,9,13,0,800,16.0,rue Henri Dunant,50.008,2.653,Plein jour,En agglomération,Hors intersection,Autre,Deux véhicules - frontale,,,,,,,,,,,1,2,1,9,1
200500077755,0005-12-03 03:15:00,5,12,3,3,15,800,186.0,avenue Roger Salengro,49.821,2.801,Nuit avec éclairage allumé,En agglomération,Hors intersection,Normale,Autre collision,,,,,,,,,,,5,2,1,1,6
200500077756,0005-12-09 21:00:00,5,12,9,21,0,800,186.0,rue MOLLIEN,49.821,2.8,Nuit avec éclairage allumé,En agglomération,Hors intersection,Normale,Autre collision,,,,,,,,,,,5,2,1,1,6
200500077757,0005-12-15 17:45:00,5,12,15,17,45,800,116.0,,49.756,2.663,Nuit sans éclairage public,Hors agglomération,Hors intersection,Pluie légère,Deux véhicules - côté,,,,,,,,,,,3,1,1,2,3
200500077758,0005-12-18 13:45:00,5,12,18,13,45,800,682.0,,49.785,2.719,Plein jour,Hors agglomération,Hors intersection,Normale,Deux véhicules - frontale,,,,,,,,,,,1,1,1,1,1
200500077759,0005-12-23 23:15:00,5,12,23,23,15,800,172.0,RUE DE PERONNE,49.932,2.762,Nuit sans éclairage public,En agglomération,Hors intersection,Normale,Autre collision,,,,,,,,,,,3,2,1,1,6
200500077760,0005-12-15 19:30:00,5,12,15,19,30,20,37.0,rue de chambry,49.612,3.618,Nuit sans éclairage public,En agglomération,Hors intersection,Normale,Deux véhicules - côté,,,,,,,,,,,3,2,1,1,3
200500077761,0005-12-02 23:45:00,5,12,2,23,45,20,719.0,rue charles fouquet,,,Nuit sans éclairage public,En agglomération,Hors intersection,Normale,Autre collision,,,,,,,,,,,3,2,1,1,6
200500077762,0005-12-20 18:30:00,5,12,20,18,30,20,566.0,,,,Nuit sans éclairage public,Hors agglomération,Intersection en X,Normale,Deux véhicules - côté,,,,,,,,,,,3,1,2,1,3
200500077763,0005-12-21 17:00:00,5,12,21,17,0,20,173.0,77 RUE DU BROUAGE,,,Nuit avec éclairage allumé,En agglomération,Intersection en T,Normale,Deux véhicules - côté,,,,,,,,,,,5,2,3,1,3
200500077764,0005-12-22 13:45:00,5,12,22,13,45,20,566.0,rue pierre brossolette,,,Plein jour,En agglomération,Hors intersection,Normale,Deux véhicules - frontale,,,,,,,,,,,1,2,1,1,1
200500077765,0005-12-22 18:00:00,5,12,22,18,0,20,86.0,rue des Roches,,,Nuit sans éclairage public,En agglomération,Hors intersection,Normale,Autre collision,,,,,,,,,,,3,2,1,1,6
200500077766,0005-12-30 13:15:00,5,12,30,13,15,20,631.0,,49.601,3.127,Plein jour,Hors agglomération,Hors intersection,Temps couvert,Deux véhicules - frontale,,,,,,,,,,,1,1,1,8,1
200500077767,0005-12-16 11:00:00,5,12,16,11,0,20,616.0,t LA QUENAYE CD 13 PK 64,,,Plein jour,Hors agglomération,Hors intersection,Normale,Sans collision,,,,,,,,,,,1,1,1,1,7
200500077768,0005-12-24 13:30:00,5,12,24,13,30,20,676.0,,49.54,3.865,Plein jour,Hors agglomération,Hors intersection,Normale,Deux véhicules - côté,,,,,,,,,,,1,1,1,1,3
200500077769,0005-12-08 01:30:00,5,12,8,1,30,20,290.0,hameau de vaux sur RN3,,,Nuit sans éclairage public,Hors agglomération,Hors intersection,Pluie légère,Autre collision,,,,,,,,,,,3,1,1,2,6
200500077770,0005-12-15 17:00:00,5,12,15,17,0,20,114.0,CD3 -avenue de chateau t,,,Plein jour,En agglomération,Hors intersection,Normale,Deux véhicules - côté,,,,,,,,,,,1,2,1,1,3
200500077771,0005-12-18 00:30:00,5,12,18,0,30,20,748.0,,,,Nuit sans éclairage public,Hors agglomération,Hors intersection,Normale,Autre collision,,,,,,,,,,,3,1,1,1,6
200500077772,0005-12-24 16:30:00,5,12,24,16,30,20,465.0,route nationale 03,,,Plein jour,Hors agglomération,Hors intersection,Normale,Deux véhicules - frontale,,,,,,,,,,,1,1,1,1,1
200500077773,0005-12-12 08:50:00,5,12,12,8,50,20,305.0,"CD 310, PR 1+100",,,Plein jour,Hors agglomération,Hors intersection,Normale,Sans collision,,,,,,,,,,,1,1,1,1,7
200500077774,0005-12-17 22:00:00,5,12,17,22,0,20,83.0,,,,Nuit sans éclairage public,Hors agglomération,Hors intersection,Normale,Deux véhicules - frontale,,,,,,,,,,,3,1,1,1,1
200500077775,0005-12-25 23:15:00,5,12,25,23,15,20,543.0,place de l'Hôtel de vill,49.175,3.262,Nuit avec éclairage allumé,En agglomération,Hors intersection,Normale,Autre collision,,,,,,,,,,,5,2,1,1,6
200500077776,0005-12-07 10:35:00,5,12,7,10,35,20,315.0,e SNCF AMIENS -TERGNIER,,,Plein jour,En agglomération,Passage à niveau,Normale,Deux véhicules - frontale,,,,,,,,,,,1,2,8,1,1
200500077777,0005-12-11 18:30:00,5,12,11,18,30,20,296.0,Général de Gaulle,,,Nuit avec éclairage allumé,En agglomération,Hors intersection,Normale,Deux véhicules - frontale,,,,,,,,,,,5,2,1,1,1
200500077778,0005-12-15 06:15:00,5,12,15,6,15,20,637.0,HAMEAU DE BELLECOURT,,,Crépuscule ou aube,En agglomération,Hors intersection,Temps couvert,Deux véhicules - frontale,,,,,,,,,,,2,2,1,8,1
200500077779,0005-12-03 18:15:00,5,12,3,18,15,20,57.0,Rue Gabriel Hannoteaux,50.002,3.31,Nuit sans éclairage public,En agglomération,Hors intersection,Pluie forte,Autre collision,,,,,,,,,,,3,2,1,3,6
200500077780,0005-12-12 18:00:00,5,12,12,18,0,20,95.0,Rue Olivier de Guise,,,Nuit avec éclairage allumé,En agglomération,Hors intersection,Normale,Autre collision,,,,,,,,,,,5,2,1,1,6
200500077781,0005-12-14 07:15:00,5,12,14,7,15,20,580.0,,49.224,3.372,Nuit sans éclairage public,Hors agglomération,Hors intersection,Normale,Deux véhicules - frontale,,,,,,,,,,,3,1,1,1,1
200500077782,0005-12-04 02:30:00,5,12,4,2,30,20,167.0,6 RUE DE BRAINE,,,Nuit avec éclairage allumé,En agglomération,Hors intersection,Pluie légère,Deux véhicules - côté,,,,,,,,,,,5,2,1,2,3
200500077783,0005-12-21 15:30:00,5,12,21,15,30,20,3.0,,,,Plein jour,Hors agglomération,Intersection en X,Normale,Deux véhicules - côté,,,,,,,,,,,1,1,2,1,3
200500077784,0005-12-07 17:30:00,5,12,7,17,30,20,795.0,rue Paul Braux,49.41,3.114,Nuit avec éclairage allumé,En agglomération,Hors intersection,Normale,Autre collision,,,,,,,,,,,5,2,1,1,6
200500077785,0005-12-17 11:30:00,5,12,17,11,30,20,795.0,Rue St Christophe,,,Plein jour,En agglomération,Hors intersection,Normale,Trois véhicules et plus - collisions multiples,,,,,,,,,,,1,2,1,1,5
200500077786,0005-12-04 20:05:00,5,12,4,20,5,20,141.0,Général de Gaulle RN 2,,,Nuit avec éclairage allumé,En agglomération,Autre intersection,Pluie légère,Deux véhicules - frontale,,,,,,,,,,,5,2,9,2,1
200500077787,0005-12-16 15:30:00,5,12,16,15,30,20,103.0,,,,Plein jour,Hors agglomération,Hors intersection,Normale,Deux véhicules - frontale,,,,,,,,,,,1,1,1,1,1
200500077788,0005-12-24 08:00:00,5,12,24,8,0,20,295.0,23 rue du monvinage,,,Nuit avec éclairage non allumé,En agglomération,Hors intersection,Normale,Autre collision,,,,,,,,,,,4,2,1,1,6
200500077789,0005-12-31 22:30:00,5,12,31,22,30,20,648.0,,,,Nuit sans éclairage public,Hors agglomération,Autre intersection,Autre,Sans collision,,,,,,,,,,,3,1,9,9,7
200500077790,0005-12-10 14:45:00,5,12,10,14,45,20,769.0,,50.02,3.504,Plein jour,Hors agglomération,Hors intersection,Normale,Deux véhicules - côté,,,,,,,,,,,1,1,1,1,3
200500077791,0005-12-14 15:30:00,5,12,14,15,30,20,381.0,rn 43,49.929,4.079,Plein jour,En agglomération,Hors intersection,Normale,Autre collision,,,,,,,,,,,1,2,1,1,6
200500077792,0005-12-17 19:00:00,5,12,17,19,0,600,41.0,Rue Voltaire,,,Nuit avec éclairage allumé,En agglomération,Hors intersection,Normale,Deux véhicules - frontale,,,,,,,,,,,5,2,1,1,1
200500077793,0005-12-04 16:45:00,5,12,4,16,45,600,29.0,,,,Crépuscule ou aube,Hors agglomération,Hors intersection,Pluie légère,Trois véhicules et plus - collisions multiples,,,,,,,,,,,2,1,1,2,5
200500077794,0005-12-13 18:15:00,5,12,13,18,15,600,577.0,hameau de GUILLENFOSSE,49.451,1.803,Crépuscule ou aube,En agglomération,Hors intersection,Normale,Trois véhicules et plus - collisions multiples,,,,,,,,,,,2,2,1,1,5
200500077795,0005-12-18 03:00:00,5,12,18,3,0,600,29.0,RUE DE FRIANCOURT,,,Nuit sans éclairage public,En agglomération,Hors intersection,Normale,Autre collision,,,,,,,,,,,3,2,1,1,6
200500077796,0005-12-21 20:30:00,5,12,21,20,30,600,30.0,,,,Crépuscule ou aube,Hors agglomération,Hors intersection,Normale,Autre collision,,,,,,,,,,,2,1,1,1,6
200500077797,0005-12-22 16:45:00,5,12,22,16,45,600,30.0,Départementale 2,,,Nuit avec éclairage allumé,En agglomération,Hors intersection,Normale,Deux véhicules - frontale,,,,,,,,,,,5,2,1,1,1
200500077798,0005-12-22 23:15:00,5,12,22,23,15,600,616.0,,49.371,1.765,Nuit sans éclairage public,Hors agglomération,Hors intersection,Normale,Autre collision,,,,,,,,,,,3,1,1,1,6
200500077799,0005-12-25 03:45:00,5,12,25,3,45,600,63.0,,49.353,2.058,Nuit sans éclairage public,Hors agglomération,Hors intersection,Brouillard / fumée,Trois véhicules et plus - collisions multiples,,,,,,,,,,,3,1,1,5,5
200500077800,0005-12-30 12:45:00,5,12,30,12,45,600,591.0,,49.424,1.967,Plein jour,Hors agglomération,Hors intersection,Neige / grêle,Deux véhicules - frontale,,,,,,,,,,,1,1,1,4,1
200500077801,0005-12-19 14:15:00,5,12,19,14,15,600,143.0,CD115 - Le four à chaux,,,Plein jour,Hors agglomération,Hors intersection,Temps couvert,Deux véhicules - frontale,,,,,,,,,,,1,1,1,8,1
200500077802,0005-12-22 11:30:00,5,12,22,11,30,600,162.0,,,,Plein jour,Hors agglomération,Autre intersection,Normale,Deux véhicules - frontale,,,,,,,,,,,1,1,9,1,1
200500077803,0005-12-07 12:15:00,5,12,7,12,15,600,444.0,four Mureaumont Campeaux,,,Plein jour,Hors agglomération,Intersection en X,Normale,Deux véhicules - côté,,,,,,,,,,,1,1,2,1,3
200500077804,0005-12-05 11:30:00,5,12,5,11,30,600,106.0,,,,Plein jour,Hors agglomération,Hors intersection,Normale,Deux véhicules - frontale,,,,,,,,,,,1,1,1,1,1
200500077805,0005-12-21 23:00:00,5,12,21,23,0,600,134.0,CD 916A  ZA de la petite,,,Nuit sans éclairage public,En agglomération,Hors intersection,Normale,Sans collision,,,,,,,,,,,3,2,1,1,7
200500077806,0005-12-07 07:55:00,5,12,7,7,55,600,317.0,hameau de butteaux CD 89,,,Crépuscule ou aube,En agglomération,Hors intersection,Normale,Deux véhicules - côté,,,,,,,,,,,2,2,1,1,3
200500077807,0005-12-10 17:00:00,5,12,10,17,0,600,439.0,ue du 11 novembre 1918 -,,,Nuit avec éclairage allumé,En agglomération,Hors intersection,Temps couvert,Autre collision,,,,,,,,,,,5,2,1,8,6
200500077808,0005-12-11 04:30:00,5,12,11,4,30,600,222.0,,,,Nuit sans éclairage public,Hors agglomération,Hors intersection,Autre,Autre collision,,,,,,,,,,,3,1,1,9,6
200500077809,0005-12-10 16:15:00,5,12,10,16,15,600,581.0,,,,Nuit sans éclairage public,Hors agglomération,Hors intersection,Normale,Deux véhicules - côté,,,,,,,,,,,3,1,1,1,3
200500077810,0005-12-27 16:45:00,5,12,27,16,45,600,581.0,,,,Crépuscule ou aube,Hors agglomération,Hors intersection,Normale,Deux véhicules - frontale,,,,,,,,,,,2,1,1,1,1
200500077811,0005-12-09 22:15:00,5,12,9,22,15,600,188.0,2 bis rue du marché,,,Nuit avec éclairage allumé,En agglomération,Autre intersection,Normale,Autre collision,,,,,,,,,,,5,2,9,1,6
200500077812,0005-12-11 17:00:00,5,12,11,17,0,600,579.0,,49.373,2.867,Nuit sans éclairage public,Hors agglomération,Hors intersection,Normale,Sans collision,,,,,,,,,,,3,1,1,1,7
200500077813,0005-12-13 18:15:00,5,12,13,18,15,600,188.0,RN31,,,Crépuscule ou aube,En agglomération,Hors intersection,Normale,Autre collision,,,,,,,,,,,2,2,1,1,6
200500077814,0005-12-04 18:15:00,5,12,4,18,15,600,129.0,"409, rue  Gal DE GAULLE",49.517,3.029,Nuit avec éclairage allumé,En agglomération,Hors intersection,Pluie légère,Autre collision,,,,,,,,,,,5,2,1,2,6
200500077815,0005-12-10 02:00:00,5,12,10,2,0,600,325.0,,49.41,2.78,Nuit sans éclairage public,Hors agglomération,Hors intersection,Normale,Autre collision,,,,,,,,,,,3,1,1,1,6
200500077816,0005-12-13 05:30:00,5,12,13,5,30,600,338.0,rue Jacquies Chevalier,,,Crépuscule ou aube,En agglomération,Intersection en X,Autre,Deux véhicules - côté,,,,,,,,,,,2,2,2,9,3
200500077817,0005-12-19 07:30:00,5,12,19,7,30,600,284.0,,49.391,2.656,Crépuscule ou aube,Hors agglomération,Hors intersection,Pluie légère,Autre collision,,,,,,,,,,,2,1,1,2,6
200500077818,0005-12-23 21:30:00,5,12,23,21,30,600,318.0,,,,Nuit sans éclairage public,Hors agglomération,Hors intersection,Normale,Deux véhicules - frontale,,,,,,,,,,,3,1,1,1,1
200500077819,0005-12-25 15:30:00,5,12,25,15,30,600,223.0,AVENUE DE FLANDRE,,,Plein jour,En agglomération,Intersection en X,Normale,Deux véhicules - côté,,,,,,,,,,,1,2,2,1,3
200500077820,0005-12-13 07:00:00,5,12,13,7,0,600,118.0,,,,Nuit sans éclairage public,Hors agglomération,Hors intersection,Temps couvert,Deux véhicules - frontale,,,,,,,,,,,3,1,1,8,1
200500077821,0005-12-25 09:15:00,5,12,25,9,15,600,603.0,,,,Nuit sans éclairage public,Hors agglomération,Hors intersection,Temps couvert,Deux véhicules - arrière,,,,,,,,,,,3,1,1,8,2
200500077822,0005-12-08 05:15:00,5,12,8,5,15,570,356.0,,,,Nuit sans éclairage public,Hors agglomération,Hors intersection,Normale,Deux véhicules - côté,,,,,,,,,,,3,1,1,1,3
200500077823,0005-12-21 12:30:00,5,12,21,12,30,570,76.0,,,,Plein jour,Hors agglomération,Hors intersection,Temps couvert,Deux véhicules - frontale,,,,,,,,,,,1,1,1,8,1
200500077824,0005-12-07 08:00:00,5,12,7,8,0,600,612.0,,49.213,2.61,Crépuscule ou aube,Hors agglomération,Hors intersection,Temps couvert,Deux véhicules - côté,,,,,,,,,,,2,1,1,8,3
200500077825,0005-12-29 13:00:00,5,12,29,13,0,600,612.0,,,,Plein jour,Hors agglomération,Hors intersection,Normale,Deux véhicules - frontale,,,,,,,,,,,1,1,1,1,1
200500077826,0005-12-01 15:20:00,5,12,1,15,20,600,141.0,nue du Général De Gaulle,,,Plein jour,En agglomération,Place,Normale,Deux véhicules - côté,,,,,,,,,,,1,2,7,1,3
200500077827,0005-12-04 18:25:00,5,12,4,18,25,600,695.0,la duchesse de chartres,,,Nuit avec éclairage allumé,En agglomération,Hors intersection,Normale,Autre collision,,,,,,,,,,,5,2,1,1,6
200500077828,0005-12-06 17:30:00,5,12,6,17,30,600,141.0,AVENUE MARECHAL JOFFRE,49.194,2.463,Crépuscule ou aube,En agglomération,Hors intersection,Normale,Autre collision,,,,,,,,,,,2,2,1,1,6
200500077829,0005-12-20 18:15:00,5,12,20,18,15,600,141.0,avenue de CHARTRES,49.177,2.456,Nuit avec éclairage allumé,En agglomération,Hors intersection,Normale,Autre collision,,,,,,,,,,,5,2,1,1,6
200500077830,0005-12-04 20:45:00,5,12,4,20,45,600,241.0,,49.15,2.66,Nuit sans éclairage public,Hors agglomération,Hors intersection,Pluie légère,Deux véhicules - frontale,,,,,,,,,,,3,1,1,2,1
200500077831,0005-12-11 03:00:00,5,12,11,3,0,600,619.0,,49.11,2.77,Nuit sans éclairage public,Hors agglomération,Hors intersection,Normale,Deux véhicules - arrière,,,,,,,,,,,3,1,1,1,2
200500077832,0005-12-18 05:30:00,5,12,18,5,30,600,500.0,Route de Meaux,49.09,2.75,Nuit avec éclairage allumé,En agglomération,Hors intersection,Normale,Autre collision,,,,,,,,,,,5,2,1,1,6
200500077833,0005-12-10 16:15:00,5,12,10,16,15,760,550.0,,49.369,0.951,Plein jour,Hors agglomération,Hors intersection,Normale,Deux véhicules - frontale,,,,,,,,,,,1,1,1,1,1
200500077834,0005-12-12 19:25:00,5,12,12,19,25,760,446.0,Route départementale 86,,,Nuit sans éclairage public,Hors agglomération,Hors intersection,Normale,Autre collision,,,,,,,,,,,3,1,1,1,6
200500077835,0005-12-26 13:00:00,5,12,26,13,0,760,354.0,,,,Plein jour,Hors agglomération,Hors intersection,Normale,Autre collision,,,,,,,,,,,1,1,1,1,6
200500077836,0005-12-05 10:45:00,5,12,5,10,45,760,377.0,,49.517,1.144,Plein jour,Hors agglomération,Hors intersection,Pluie légère,Deux véhicules - frontale,,,,,,,,,,,1,1,1,2,1
200500077837,0005-12-19 08:30:00,5,12,19,8,30,760,547.0,,49.576,1.266,Plein jour,Hors agglomération,Hors intersection,Pluie légère,Deux véhicules - frontale,,,,,,,,,,,1,1,1,2,1
200500077838,0005-12-18 00:15:00,5,12,18,0,15,760,582.0,,,,Nuit sans éclairage public,Hors agglomération,Hors intersection,Normale,Deux véhicules - arrière,,,,,,,,,,,3,1,1,1,2
200500077839,0005-12-24 17:15:00,5,12,24,17,15,760,482.0,Rue de la Libération,49.873,1.051,Crépuscule ou aube,En agglomération,Hors intersection,Temps couvert,Autre collision,,,,,,,,,,,2,2,1,8,6
200500077840,0005-12-20 09:15:00,5,12,20,9,15,760,631.0,,,,Plein jour,Hors agglomération,Hors intersection,Brouillard / fumée,Deux véhicules - frontale,,,,,,,,,,,1,1,1,5,1
200500077841,0005-12-26 19:45:00,5,12,26,19,45,760,659.0,Hameau de gauville,49.507,0.789,Nuit avec éclairage allumé,En agglomération,Hors intersection,Normale,Deux véhicules - arrière,,,,,,,,,,,5,2,1,1,2
200500077842,0005-12-08 08:45:00,5,12,8,8,45,760,533.0,,49.461,0.237,Nuit sans éclairage public,Hors agglomération,Hors intersection,Normale,Deux véhicules - frontale,,,,,,,,,,,3,1,1,1,1
200500077843,0005-12-05 15:00:00,5,12,5,15,0,760,317.0,CD 10,,,Plein jour,Hors agglomération,Hors intersection,Pluie légère,Sans collision,,,,,,,,,,,1,1,1,2,7
200500077844,0005-12-10 12:30:00,5,12,10,12,30,760,141.0,,,,Plein jour,Hors agglomération,Hors intersection,Normale,Sans collision,,,,,,,,,,,1,1,1,1,7
200500077845,0005-12-05 13:45:00,5,12,5,13,45,760,534.0,,49.591,0.195,Plein jour,Hors agglomération,Hors intersection,Pluie légère,Deux véhicules - frontale,,,,,,,,,,,1,1,1,2,1
200500077846,0005-12-04 02:30:00,5,12,4,2,30,760,279.0,,49.622,0.601,Nuit sans éclairage public,Hors agglomération,Hors intersection,Pluie légère,Autre collision,,,,,,,,,,,3,1,1,2,6
200500077847,0005-12-12 20:15:00,5,12,12,20,15,760,563.0,,,,Nuit sans éclairage public,Hors agglomération,Hors intersection,Normale,Deux véhicules - frontale,,,,,,,,,,,3,1,1,1,1
200500077848,0005-12-22 12:00:00,5,12,22,12,0,760,647.0,,49.552,0.336,Plein jour,Hors agglomération,Hors intersection,Normale,Autre collision,,,,,,,,,,,1,1,1,1,6
200500077849,0005-12-05 13:15:00,5,12,5,13,15,760,427.0,RD1,,,Plein jour,Hors agglomération,Hors intersection,Normale,Deux véhicules - frontale,,,,,,,,,,,1,1,1,1,1
200500077850,0005-12-07 13:25:00,5,12,7,13,25,760,462.0,Route de FOUCARMONT,,,Plein jour,En agglomération,Hors intersection,Normale,Deux véhicules - arrière,,,,,,,,,,,1,2,1,1,2
200500077851,0005-12-03 18:45:00,5,12,3,18,45,760,598.0,,49.839,1.605,Crépuscule ou aube,Hors agglomération,Hors intersection,Temps couvert,Sans collision,,,,,,,,,,,2,1,1,8,7
200500077852,0005-12-03 06:30:00,5,12,3,6,30,760,276.0,avenue des sources,,,Nuit avec éclairage allumé,En agglomération,Hors intersection,Pluie légère,Autre collision,,,,,,,,,,,5,2,1,2,6
200500077853,0005-12-12 12:00:00,5,12,12,12,0,760,648.0,,,,Plein jour,Hors agglomération,Intersection en T,Temps couvert,Deux véhicules - côté,,,,,,,,,,,1,1,3,8,3
200500077854,0005-12-19 04:10:00,5,12,19,4,10,760,48.0,RN 31,,,Nuit avec éclairage allumé,Hors agglomération,Hors intersection,Autre,Deux véhicules - arrière,,,,,,,,,,,5,1,1,9,2
200500077855,0005-12-30 22:30:00,5,12,30,22,30,760,610.0,avenue René Coty,,,Nuit avec éclairage allumé,En agglomération,Hors intersection,Temps couvert,Autre collision,,,,,,,,,,,5,2,1,8,6
200500077856,0005-12-02 16:45:00,5,12,2,16,45,760,495.0,AVENUE DES SOURCES,49.579,0.945,Crépuscule ou aube,En agglomération,Hors intersection,Pluie légère,Autre collision,,,,,,,,,,,2,2,1,2,6
200500077857,0005-12-09 20:15:00,5,12,9,20,15,760,57.0,RN 15,49.555,0.956,Nuit avec éclairage allumé,En agglomération,Hors intersection,Temps couvert,Autre collision,,,,,,,,,,,5,2,1,8,6
200500077858,0005-12-13 16:15:00,5,12,13,16,15,760,57.0,Avenue André Maurois,49.566,0.954,Plein jour,En agglomération,Autre intersection,Normale,Autre collision,,,,,,,,,,,1,2,9,1,6
200500077859,0005-12-22 18:45:00,5,12,22,18,45,760,57.0,avenue André MAUROIS,49.556,0.954,Crépuscule ou aube,En agglomération,Hors intersection,Normale,Deux véhicules - côté,,,,,,,,,,,2,2,1,1,3
200500077860,0005-12-02 09:00:00,5,12,2,9,0,760,190.0,,49.808,0.877,Plein jour,Hors agglomération,Hors intersection,Pluie légère,Deux véhicules - frontale,,,,,,,,,,,1,1,1,2,1
200500077861,0005-12-20 21:55:00,5,12,20,21,55,760,719.0,CD 150,,,Nuit sans éclairage public,Hors agglomération,Hors intersection,Normale,Autre collision,,,,,,,,,,,3,1,1,1,6
200500077862,0005-12-07 17:30:00,5,12,7,17,30,760,597.0,Rue Elphège Beaudouin,49.755,0.882,Crépuscule ou aube,En agglomération,Hors intersection,Pluie légère,Autre collision,,,,,,,,,,,2,2,1,2,6
200500077863,0005-12-07 07:45:00,5,12,7,7,45,270,165.0,,,,Nuit sans éclairage public,Hors agglomération,Hors intersection,Normale,Autre collision,,,,,,,,,,,3,1,1,1,6
200500077864,0005-12-12 14:15:00,5,12,12,14,15,270,165.0,,,,Plein jour,Hors agglomération,Hors intersection,Normale,Sans collision,,,,,,,,,,,1,1,1,1,7
200500077865,0005-12-12 18:00:00,5,12,12,18,0,270,198.0,route de Verneuil,,,Nuit avec éclairage allumé,En agglomération,Hors intersection,Pluie légère,Autre collision,,,,,,,,,,,5,2,1,2,6
200500077866,0005-12-17 22:00:00,5,12,17,22,0,270,378.0,,48.781,1.213,Nuit sans éclairage public,Hors agglomération,Hors intersection,Normale,Sans collision,,,,,,,,,,,3,1,1,1,7