accident_id,datetime,annee,mois,jour,heure,minute,departement,commune_insee,adresse,latitude,longitude,luminosite,agglomeration,intersection,meteo,collision,nb_vehicules,nb_usagers,nb_indemnes,nb_tues,nb_blesses_hosp,nb_blesses_legers,age_cond_1,age_cond_2,veh_type_cond_1,veh_type_cond_2,lum_code,agg_code,int_code,atm_code,col_code
200500077867,0005-12-12 09:15:00,5,12,12,9,15,270,198.0,ROUTE DE BRETEUIL,,,Plein jour,En agglomération,Hors intersection,Pluie légère,Autre collision,,,,,,,,,,,1,2,1,2,6
200500077868,0005-12-17 05:30:00,5,12,17,5,30,270,172.0,,48.886,1.14,Nuit avec éclairage allumé,En agglomération,Hors intersection,Normale,Autre collision,,,,,,,,,,,5,2,1,1,6
200500077869,0005-12-30 17:00:00,5,12,30,17,0,270,175.0,CD316. PK 34.5,,,Crépuscule ou aube,Hors agglomération,Hors intersection,Neige / grêle,Deux véhicules - frontale,,,,,,,,,,,2,1,1,4,1
200500077870,0005-12-20 00:30:00,5,12,20,0,30,270,122.0,,,,Nuit sans éclairage public,Hors agglomération,Hors intersection,Brouillard / fumée,Sans collision,,,,,,,,,,,3,1,1,5,7
200500077871,0005-12-07 18:00:00,5,12,7,18,0,270,246.0,,,,Plein jour,Hors agglomération,Hors intersection,Normale,Deux véhicules - frontale,,,,,,,,,,,1,1,1,1,1
200500077872,0005-12-28 20:00:00,5,12,28,20,0,270,453.0,rue du Général de Gaulle,49.413,1.371,Nuit sans éclairage public,En agglomération,Hors intersection,Normale,Autre collision,,,,,,,,,,,3,2,1,1,6
200500077873,0005-12-10 13:30:00,5,12,10,13,30,270,67.0,Route de GISORS,,,Plein jour,En agglomération,Hors intersection,Temps couvert,Deux véhicules - frontale,,,,,,,,,,,1,2,1,8,1
200500077874,0005-12-02 14:00:00,5,12,2,14,0,270,381.0,LE BOURG,49.133,0.522,Plein jour,En agglomération,Hors intersection,Normale,Autre collision,,,,,,,,,,,1,2,1,1,6
200500077875,0005-12-07 08:00:00,5,12,7,8,0,270,56.0,RUE DU 08 MAI 1945,49.1,0.604,Nuit avec éclairage allumé,En agglomération,Hors intersection,Temps couvert,Autre collision,,,,,,,,,,,5,2,1,8,6
200500077876,0005-12-31 15:00:00,5,12,31,15,0,270,56.0,,,,Plein jour,Hors agglomération,Hors intersection,Pluie légère,Trois véhicules et plus - en chaîne,,,,,,,,,,,1,1,1,2,4
200500077877,0005-12-20 08:45:00,5,12,20,8,45,270,210.0,,,,Plein jour,Hors agglomération,Hors intersection,Brouillard / fumée,Deux véhicules - frontale,,,,,,,,,,,1,1,1,5,1
200500077878,0005-12-22 01:00:00,5,12,22,1,0,270,290.0,,,,Nuit sans éclairage public,Hors agglomération,Hors intersection,Temps couvert,Autre collision,,,,,,,,,,,3,1,1,8,6
200500077879,0005-12-22 09:15:00,5,12,22,9,15,270,41.0,ROUTE DE BEAUMESNIL,48.951,0.663,Plein jour,En agglomération,Intersection en Y,Normale,Deux véhicules - frontale,,,,,,,,,,,1,2,4,1,1
200500077880,0005-12-26 09:45:00,5,12,26,9,45,270,37.0,,49.081,0.846,Plein jour,Hors agglomération,Intersection en X,Normale,Deux véhicules - côté,,,,,,,,,,,1,1,2,1,3
200500077881,0005-12-05 09:45:00,5,12,5,9,45,270,332.0,RN 15,49.198,1.238,Plein jour,En agglomération,Hors intersection,Normale,Deux véhicules - frontale,,,,,,,,,,,1,2,1,1,1
200500077882,0005-12-08 03:15:00,5,12,8,3,15,270,3.0,,49.154,1.184,Nuit sans éclairage public,Hors agglomération,Hors intersection,Pluie légère,Sans collision,,,,,,,,,,,3,1,1,2,7
200500077883,0005-12-31 07:45:00,5,12,31,7,45,270,321.0,CD 133 PK 5 décroissant,,,Crépuscule ou aube,Hors agglomération,Hors intersection,Autre,Autre collision,,,,,,,,,,,2,1,1,9,6
200500077884,0005-12-03 19:30:00,5,12,3,19,30,270,5.0,,49.168,1.222,Nuit sans éclairage public,Hors agglomération,Hors intersection,Pluie légère,Deux véhicules - côté,,,,,,,,,,,3,1,1,2,3
200500077885,0005-12-05 09:00:00,5,12,5,9,0,270,517.0,,,,Plein jour,Hors agglomération,Intersection en X,Pluie légère,Deux véhicules - côté,,,,,,,,,,,1,1,2,2,3
200500077886,0005-12-20 18:30:00,5,12,20,18,30,270,275.0,parking magasin ATAC,49.159,1.351,Nuit avec éclairage allumé,En agglomération,Hors intersection,Normale,Deux véhicules - frontale,,,,,,,,,,,5,2,1,1,1
200500077887,0005-12-01 17:38:00,5,12,1,17,38,270,469.0,RUE GENERAL DE GAULLE,49.3,1.15,Nuit avec éclairage allumé,En agglomération,Hors intersection,Normale,Autre collision,,,,,,,,,,,5,2,1,1,6
200500077888,0005-12-09 08:00:00,5,12,9,8,0,270,469.0,RUE DELAMARE,49.3,1.15,Nuit avec éclairage allumé,En agglomération,Autre intersection,Temps couvert,Autre collision,,,,,,,,,,,5,2,9,8,6
200500077889,0005-12-24 14:15:00,5,12,24,14,15,270,196.0,CD77,49.305,1.181,Plein jour,En agglomération,Hors intersection,Normale,Sans collision,,,,,,,,,,,1,2,1,1,7
200500077890,0005-12-07 12:25:00,5,12,7,12,25,270,428.0,CD 24 PK 26 + 800,,,Plein jour,Hors agglomération,Hors intersection,Normale,Deux véhicules - arrière,,,,,,,,,,,1,1,1,1,2
200500077891,0005-12-09 15:15:00,5,12,9,15,15,270,616.0,,49.265,0.977,Plein jour,Hors agglomération,Giratoire,Normale,Sans collision,,,,,,,,,,,1,1,6,1,7
200500077892,0005-12-17 04:00:00,5,12,17,4,0,270,354.0,56 ROUTE D'ELBEUF,49.181,0.925,Nuit avec éclairage allumé,En agglomération,Hors intersection,Normale,Autre collision,,,,,,,,,,,5,2,1,1,6
200500077893,0005-12-04 20:00:00,5,12,4,20,0,270,361.0,,,,Nuit sans éclairage public,Hors agglomération,Hors intersection,Pluie légère,Sans collision,,,,,,,,,,,3,1,1,2,7
200500077894,0005-12-19 06:45:00,5,12,19,6,45,270,107.0,,49.391,0.601,Nuit sans éclairage public,Hors agglomération,Intersection en T,Pluie forte,Trois véhicules et plus - collisions multiples,,,,,,,,,,,3,1,3,3,5
200500077895,0005-12-05 11:15:00,5,12,5,11,15,270,103.0,"ue, route nationale 175",,,Plein jour,En agglomération,Hors intersection,Normale,Autre collision,,,,,,,,,,,1,2,1,1,6
200500077896,0005-12-03 09:00:00,5,12,3,9,0,270,146.0,,49.29,0.409,Plein jour,Hors agglomération,Hors intersection,Pluie légère,Deux véhicules - côté,,,,,,,,,,,1,1,1,2,3
200500077897,0005-12-16 23:30:00,5,12,16,23,30,270,468.0,RD 137,,,Nuit sans éclairage public,En agglomération,Hors intersection,Pluie légère,Autre collision,,,,,,,,,,,3,2,1,2,6
200500077898,0005-12-02 10:15:00,5,12,2,10,15,350,94.0,"""La Rouerie""",,,Plein jour,Hors agglomération,Intersection en X,Normale,Deux véhicules - frontale,,,,,,,,,,,1,1,2,1,1
200500077899,0005-12-04 13:15:00,5,12,4,13,15,350,251.0,,48.268,-1.596,Plein jour,Hors agglomération,Hors intersection,Normale,Deux véhicules - côté,,,,,,,,,,,1,1,1,1,3
200500077900,0005-12-16 19:00:00,5,12,16,19,0,350,297.0,RUE LOUISON BOBET,,,Nuit avec éclairage allumé,En agglomération,Hors intersection,Pluie légère,Autre collision,,,,,,,,,,,5,2,1,2,6
200500077901,0005-12-19 09:15:00,5,12,19,9,15,350,297.0,,,,Plein jour,Hors agglomération,Giratoire,Temps couvert,Deux véhicules - côté,,,,,,,,,,,1,1,6,8,3
200500077902,0005-12-27 10:15:00,5,12,27,10,15,350,245.0,place de l'église,,,Plein jour,En agglomération,Place,Normale,Autre collision,,,,,,,,,,,1,2,7,1,6
200500077903,0005-12-24 20:45:00,5,12,24,20,45,350,331.0,,48.094,-1.915,Nuit sans éclairage public,Hors agglomération,Hors intersection,Normale,Sans collision,,,,,,,,,,,3,1,1,1,7
200500077904,0005-12-27 15:55:00,5,12,27,15,55,350,340.0,24 sens LORIENT - RENNES,,,Plein jour,Hors agglomération,Hors intersection,Pluie légère,Sans collision,,,,,,,,,,,1,1,1,2,7
200500077905,0005-12-10 22:10:00,5,12,10,22,10,350,196.0,Galière,,,Nuit sans éclairage public,Hors agglomération,Hors intersection,Normale,Deux véhicules - frontale,,,,,,,,,,,3,1,1,1,1
200500077906,0005-12-17 00:15:00,5,12,17,0,15,350,253.0,,,,Plein jour,Hors agglomération,Hors intersection,Normale,Deux véhicules - côté,,,,,,,,,,,1,1,1,1,3
200500077907,0005-12-27 16:15:00,5,12,27,16,15,350,253.0,,,,Plein jour,Hors agglomération,Hors intersection,Temps couvert,Deux véhicules - côté,,,,,,,,,,,1,1,1,8,3
200500077908,0005-12-15 15:00:00,5,12,15,15,0,350,12.0,,47.848,-1.71,Plein jour,Hors agglomération,Hors intersection,Temps couvert,Trois véhicules et plus - collisions multiples,,,,,,,,,,,1,1,1,8,5
200500077909,0005-12-30 06:45:00,5,12,30,6,45,350,176.0,,47.782,-1.78,Nuit sans éclairage public,Hors agglomération,Hors intersection,Autre,Deux véhicules - frontale,,,,,,,,,,,3,1,1,9,1
200500077910,0005-12-13 11:15:00,5,12,13,11,15,350,123.0,Le Breil,48.01,-1.9,Plein jour,Hors agglomération,Hors intersection,Normale,Deux véhicules - frontale,,,,,,,,,,,1,1,1,1,1
200500077911,0005-12-27 18:00:00,5,12,27,18,0,350,149.0,,47.96,-1.88,Nuit sans éclairage public,Hors agglomération,Hors intersection,Neige / grêle,Trois véhicules et plus - collisions multiples,,,,,,,,,,,3,1,1,4,5
200500077912,0005-12-31 11:00:00,5,12,31,11,0,350,126.0,,47.98,-1.82,Plein jour,Hors agglomération,Hors intersection,Autre,Deux véhicules - frontale,,,,,,,,,,,1,1,1,9,1
200500077913,0005-12-01 11:00:00,5,12,1,11,0,350,17.0,,,,Nuit sans éclairage public,Hors agglomération,Intersection en T,Pluie légère,Deux véhicules - côté,,,,,,,,,,,3,1,3,2,3
200500077914,0005-12-09 18:15:00,5,12,9,18,15,350,132.0,RUE DU BORD DE MER,,,Nuit sans éclairage public,En agglomération,Hors intersection,Normale,Deux véhicules - frontale,,,,,,,,,,,3,2,1,1,1
200500077915,0005-12-21 19:30:00,5,12,21,19,30,350,263.0,,,,Nuit sans éclairage public,Hors agglomération,Hors intersection,Pluie légère,Autre collision,,,,,,,,,,,3,1,1,2,6
200500077916,0005-12-24 00:01:00,5,12,24,0,1,350,259.0,RUE DE ST MALO,,,Nuit avec éclairage allumé,En agglomération,Hors intersection,Autre,Autre collision,,,,,,,,,,,5,2,1,9,6
200500077917,0005-12-23 18:55:00,5,12,23,18,55,350,85.0,La ville Guillaume,,,Nuit sans éclairage public,Hors agglomération,Hors intersection,Normale,Deux véhicules - côté,,,,,,,,,,,3,1,1,1,3
200500077918,0005-12-25 18:00:00,5,12,25,18,0,350,270.0,,48.566,-1.542,Plein jour,Hors agglomération,Hors intersection,Normale,Deux véhicules - frontale,,,,,,,,,,,1,1,1,1,1
200500077919,0005-12-15 08:00:00,5,12,15,8,0,350,333.0,,,,Nuit sans éclairage public,Hors agglomération,Autre intersection,Normale,Deux véhicules - côté,,,,,,,,,,,3,1,9,1,3
200500077920,0005-12-15 15:15:00,5,12,15,15,15,350,198.0,,,,Plein jour,Hors agglomération,Hors intersection,Temps couvert,Deux véhicules - frontale,,,,,,,,,,,1,1,1,8,1
200500077921,0005-12-03 17:00:00,5,12,3,17,0,220,107.0,. le Roc et Bonnet rouge,,,Crépuscule ou aube,Hors agglomération,Hors intersection,Pluie légère,Deux véhicules - frontale,,,,,,,,,,,2,1,1,2,1
200500077922,0005-12-04 18:00:00,5,12,4,18,0,220,178.0,,,,Nuit sans éclairage public,Hors agglomération,Hors intersection,Pluie forte,Deux véhicules - frontale,,,,,,,,,,,3,1,1,3,1
200500077923,0005-12-21 18:15:00,5,12,21,18,15,220,136.0,,48.194,-2.745,Crépuscule ou aube,Hors agglomération,Hors intersection,Normale,Autre collision,,,,,,,,,,,2,1,1,1,6
200500077924,0005-12-06 18:55:00,5,12,6,18,55,220,262.0,D 7 et Rue Saint Thurian,,,Nuit avec éclairage allumé,En agglomération,Hors intersection,Pluie légère,Deux véhicules - côté,,,,,,,,,,,5,2,1,2,3
200500077925,0005-12-10 14:00:00,5,12,10,14,0,220,292.0,,48.236,-2.561,Plein jour,Hors agglomération,Hors intersection,Normale,Sans collision,,,,,,,,,,,1,1,1,1,7
200500077926,0005-12-26 16:25:00,5,12,26,16,25,220,225.0,Le Moulin à Fouler,,,Plein jour,Hors agglomération,Hors intersection,Autre,Deux véhicules - frontale,,,,,,,,,,,1,1,1,9,1
200500077927,0005-12-09 20:30:00,5,12,9,20,30,220,31.0,,48.375,-3.526,Nuit sans éclairage public,Hors agglomération,Hors intersection,Normale,Sans collision,,,,,,,,,,,3,1,1,1,7
200500077928,0005-12-16 11:30:00,5,12,16,11,30,220,266.0,Rue ABBE GIBERT,,,Plein jour,En agglomération,Hors intersection,Pluie légère,Deux véhicules - côté,,,,,,,,,,,1,2,1,2,3
200500077929,0005-12-06 16:30:00,5,12,6,16,30,220,211.0,ROUTE DE LANNION,48.71,-3.449,Plein jour,En agglomération,Hors intersection,Temps couvert,Deux véhicules - frontale,,,,,,,,,,,1,2,1,8,1
200500077930,0005-12-18 17:15:00,5,12,18,17,15,220,347.0,,,,Plein jour,Hors agglomération,Intersection en X,Normale,Deux véhicules - frontale,,,,,,,,,,,1,1,2,1,1
200500077931,0005-12-20 16:15:00,5,12,20,16,15,220,362.0,rue de kerfolic,48.784,-3.242,Plein jour,En agglomération,Hors intersection,Temps éblouissant,Autre collision,,,,,,,,,,,1,2,1,7,6
200500077932,0005-12-27 12:00:00,5,12,27,12,0,220,362.0,rue saint andré,48.791,-3.228,Plein jour,En agglomération,Hors intersection,Pluie légère,Deux véhicules - frontale,,,,,,,,,,,1,2,1,2,1
200500077933,0005-12-28 11:00:00,5,12,28,11,0,290,215.0,rue Stang  Vihan,47.988,-4.423,Plein jour,En agglomération,Hors intersection,Autre,Autre collision,,,,,,,,,,,1,2,1,9,6
200500077934,0005-12-12 19:30:00,5,12,12,19,30,290,220.0,,47.884,-4.219,Nuit sans éclairage public,Hors agglomération,Hors intersection,Normale,Autre collision,,,,,,,,,,,3,1,1,1,6
200500077935,0005-12-15 18:30:00,5,12,15,18,30,290,135.0,rue commandant CARFORT,47.837,-4.173,Nuit avec éclairage allumé,En agglomération,Hors intersection,Normale,Deux véhicules - arrière,,,,,,,,,,,5,2,1,1,2
200500077936,0005-12-06 08:15:00,5,12,6,8,15,290,116.0,,48.502,-4.189,Crépuscule ou aube,Hors agglomération,Hors intersection,Normale,Deux véhicules - arrière,,,,,,,,,,,2,1,1,1,2
200500077937,0005-12-11 21:15:00,5,12,11,21,15,290,207.0,,,,Nuit sans éclairage public,Hors agglomération,Hors intersection,Normale,Autre collision,,,,,,,,,,,3,1,1,1,6
200500077938,0005-12-17 18:30:00,5,12,17,18,30,290,207.0,rue de la Gare,,,Nuit avec éclairage allumé,En agglomération,Hors intersection,Pluie légère,Autre collision,,,,,,,,,,,5,2,1,2,6
200500077939,0005-12-17 19:00:00,5,12,17,19,0,290,188.0,Rue de Primel,,,Nuit avec éclairage allumé,En agglomération,Hors intersection,Normale,Autre collision,,,,,,,,,,,5,2,1,1,6
200500077940,0005-12-16 19:15:00,5,12,16,19,15,290,276.0,Route de cléder,,,Nuit avec éclairage allumé,En agglomération,Hors intersection,Pluie légère,Autre collision,,,,,,,,,,,5,2,1,2,6
200500077941,0005-12-22 19:45:00,5,12,22,19,45,290,210.0,,,,Nuit sans éclairage public,Hors agglomération,Hors intersection,Brouillard / fumée,Sans collision,,,,,,,,,,,3,1,1,5,7
200500077942,0005-12-06 10:00:00,5,12,6,10,0,560,158.0,,47.699,-2.874,Plein jour,Hors agglomération,Autre intersection,Autre,Deux véhicules - frontale,,,,,,,,,,,1,1,9,9,1
200500077943,0005-12-18 11:15:00,5,12,18,11,15,560,67.0,RUE DE LA POSTE,47.764,-2.845,Plein jour,En agglomération,Hors intersection,Normale,Autre collision,,,,,,,,,,,1,2,1,1,6
200500077944,0005-12-19 16:45:00,5,12,19,16,45,560,115.0,,47.768,-2.784,Plein jour,Hors agglomération,Hors intersection,Normale,Deux véhicules - frontale,,,,,,,,,,,1,1,1,1,1
200500077945,0005-12-16 18:00:00,5,12,16,18,0,560,149.0,,47.622,-2.403,Nuit sans éclairage public,Hors agglomération,Hors intersection,Pluie légère,Autre collision,,,,,,,,,,,3,1,1,2,6
200500077946,0005-12-19 16:15:00,5,12,19,16,15,560,58.0,LE CHAT,,,Plein jour,Hors agglomération,Hors intersection,Normale,Deux véhicules - frontale,,,,,,,,,,,1,1,1,1,1
200500077947,0005-12-21 18:40:00,5,12,21,18,40,560,123.0,Le Gué de L'épine,,,Nuit sans éclairage public,Hors agglomération,Hors intersection,Normale,Deux véhicules - frontale,,,,,,,,,,,3,1,1,1,1
200500077948,0005-12-18 02:15:00,5,12,18,2,15,560,185.0,RN 165   (A 82),,,Nuit sans éclairage public,Hors agglomération,Hors intersection,Normale,Deux véhicules - arrière,,,,,,,,,,,3,1,1,1,2
200500077949,0005-12-08 13:45:00,5,12,8,13,45,560,7.0,avenue de l ocean,,,Plein jour,En agglomération,Hors intersection,Normale,Deux véhicules - frontale,,,,,,,,,,,1,2,1,1,1
200500077950,0005-12-17 10:30:00,5,12,17,10,30,560,7.0,avenue Wilson,47.671,-2.98,Plein jour,En agglomération,Hors intersection,Normale,Autre collision,,,,,,,,,,,1,2,1,1,6
200500077951,0005-12-24 01:00:00,5,12,24,1,0,560,34.0,,,,Nuit sans éclairage public,Hors agglomération,Hors intersection,Normale,Deux véhicules - frontale,,,,,,,,,,,3,1,1,1,1
200500077952,0005-12-16 19:00:00,5,12,16,19,0,560,166.0,2 rue de Kerveline,47.923,-3.329,Nuit avec éclairage allumé,En agglomération,Autre intersection,Pluie légère,Autre collision,,,,,,,,,,,5,2,9,2,6
200500077953,0005-12-24 01:00:00,5,12,24,1,0,560,161.0,,,,Nuit sans éclairage public,Hors agglomération,Hors intersection,Normale,Autre collision,,,,,,,,,,,3,1,1,1,6
200500077954,0005-12-31 19:15:00,5,12,31,19,15,560,127.0,,48.1,-2.266,Nuit sans éclairage public,Hors agglomération,Hors intersection,Pluie légère,Deux véhicules - frontale,,,,,,,,,,,3,1,1,2,1
200500077955,0005-12-01 08:15:00,5,12,1,8,15,560,6.0,,47.921,-2.267,Plein jour,Hors agglomération,Hors intersection,Pluie légère,Deux véhicules - côté,,,,,,,,,,,1,1,1,2,3
200500077956,0005-12-16 20:00:00,5,12,16,20,0,560,12.0,,47.979,-2.159,Nuit sans éclairage public,Hors agglomération,Hors intersection,Temps couvert,Autre collision,,,,,,,,,,,3,1,1,8,6
200500077957,0005-12-08 18:30:00,5,12,8,18,30,560,17.0,,47.874,-2.816,Crépuscule ou aube,Hors agglomération,Hors intersection,Normale,Trois véhicules et plus - collisions multiples,,,,,,,,,,,2,1,1,1,5
200500077958,0005-12-06 18:45:00,5,12,6,18,45,560,110.0,25.340 Lieu dit CABRENO,,,Nuit sans éclairage public,Hors agglomération,Hors intersection,Brouillard / fumée,Deux véhicules - frontale,,,,,,,,,,,3,1,1,5,1
200500077959,0005-12-08 03:45:00,5,12,8,3,45,560,10.0,,47.871,-3.049,Nuit sans éclairage public,Hors agglomération,Hors intersection,Pluie légère,Autre collision,,,,,,,,,,,3,1,1,2,6
200500077960,0005-12-03 23:00:00,5,12,3,23,0,560,199.0,42 RUE NICOLAS LE GRAND,48.131,-3.719,Nuit avec éclairage allumé,En agglomération,Hors intersection,Vent fort / tempête,Autre collision,,,,,,,,,,,5,2,1,6,6
200500077961,0005-12-05 08:15:00,5,12,5,8,15,560,131.0,,47.98,-3.419,Plein jour,Hors agglomération,Hors intersection,Autre,Deux véhicules - côté,,,,,,,,,,,1,1,1,9,3
200500077962,0005-12-02 08:00:00,5,12,2,8,0,140,393.0,,,,Plein jour,Hors agglomération,Hors intersection,Normale,Deux véhicules - frontale,,,,,,,,,,,1,1,1,1,1
200500077963,0005-12-01 14:00:00,5,12,1,14,0,140,20.0,RUE HAUTE,,,Plein jour,En agglomération,Hors intersection,Normale,Autre collision,,,,,,,,,,,1,2,1,1,6
200500077964,0005-12-09 19:00:00,5,12,9,19,0,140,394.0,,49.02,-0.167,Nuit sans éclairage public,Hors agglomération,Autre intersection,Normale,Sans collision,,,,,,,,,,,3,1,9,1,7
200500077965,0005-12-15 08:15:00,5,12,15,8,15,140,90.0,,,,Crépuscule ou aube,Hors agglomération,Hors intersection,Normale,Deux véhicules - côté,,,,,,,,,,,2,1,1,1,3
200500077966,0005-12-22 17:45:00,5,12,22,17,45,140,119.0,,,,Nuit sans éclairage public,Hors agglomération,Hors intersection,Normale,Deux véhicules - arrière,,,,,,,,,,,3,1,1,1,2
200500077967,0005-12-23 20:15:00,5,12,23,20,15,140,119.0,,49.167,-0.265,Nuit sans éclairage public,Hors agglomération,Hors intersection,Normale,Sans collision,,,,,,,,,,,3,1,1,1,7
200500077968,0005-12-26 13:30:00,5,12,26,13,30,140,349.0,Intersection 562 et 41,,,Plein jour,En agglomération,Hors intersection,Normale,Deux véhicules - côté,,,,,,,,,,,1,2,1,1,3
200500077969,0005-12-27 10:00:00,5,12,27,10,0,140,57.0,,,,Plein jour,Hors agglomération,Hors intersection,Neige / grêle,Trois véhicules et plus - en chaîne,,,,,,,,,,,1,1,1,4,4
200500077970,0005-12-20 08:00:00,5,12,20,8,0,140,76.0,,,,Crépuscule ou aube,Hors agglomération,Hors intersection,Normale,Deux véhicules - frontale,,,,,,,,,,,2,1,1,1,1
200500077971,0005-12-25 16:00:00,5,12,25,16,0,140,325.0,717 RUE AMIRAL WIETZEL,,,Plein jour,En agglomération,Hors intersection,Normale,Deux véhicules - frontale,,,,,,,,,,,1,2,1,1,1
200500077972,0005-12-13 15:00:00,5,12,13,15,0,140,692.0,,49.179,-0.634,Plein jour,Hors agglomération,Hors intersection,Normale,Deux véhicules - frontale,,,,,,,,,,,1,1,1,1,1
200500077973,0005-12-21 17:45:00,5,12,21,17,45,140,752.0,,49.084,-0.657,Nuit avec éclairage allumé,Hors agglomération,Hors intersection,Normale,Autre collision,,,,,,,,,,,5,1,1,1,6
200500077974,0005-12-04 05:00:00,5,12,4,5,0,140,328.0,CD513,,,Nuit sans éclairage public,Hors agglomération,Hors intersection,Normale,Sans collision,,,,,,,,,,,3,1,1,1,7
200500077975,0005-12-23 17:30:00,5,12,23,17,30,140,711.0,,,,Nuit sans éclairage public,Hors agglomération,Hors intersection,Normale,Deux véhicules - frontale,,,,,,,,,,,3,1,1,1,1
200500077976,0005-12-08 16:25:00,5,12,8,16,25,140,258.0,rue Saint Gervais,,,Plein jour,En agglomération,Hors intersection,Pluie légère,Autre collision,,,,,,,,,,,1,2,1,2,6
200500077977,0005-12-06 18:00:00,5,12,6,18,0,140,405.0,,48.89,-0.274,Nuit sans éclairage public,Hors agglomération,Hors intersection,Pluie forte,Autre collision,,,,,,,,,,,3,1,1,3,6
200500077978,0005-12-02 17:30:00,5,12,2,17,30,140,386.0,,49.05,-0.1,Nuit sans éclairage public,Hors agglomération,Hors intersection,Pluie forte,Deux véhicules - frontale,,,,,,,,,,,3,1,1,3,1
200500077979,0005-12-23 19:15:00,5,12,23,19,15,140,269.0,,49.254,0.221,Nuit sans éclairage public,Hors agglomération,Intersection en X,Normale,Trois véhicules et plus - collisions multiples,,,,,,,,,,,3,1,2,1,5
200500077980,0005-12-03 20:15:00,5,12,3,20,15,140,723.0,,,,Nuit sans éclairage public,Hors agglomération,Hors intersection,Pluie légère,Autre collision,,,,,,,,,,,3,1,1,2,6
200500077981,0005-12-18 20:45:00,5,12,18,20,45,140,316.0,,49.26,-0.08,Nuit sans éclairage public,Hors agglomération,Hors intersection,Temps couvert,Deux véhicules - frontale,,,,,,,,,,,3,1,1,8,1
200500077982,0005-12-01 20:00:00,5,12,1,20,0,140,762.0,rue traînerie,,,Plein jour,En agglomération,Hors intersection,Normale,Deux véhicules - côté,,,,,,,,,,,1,2,1,1,3
200500077983,0005-12-07 08:30:00,5,12,7,8,30,140,417.0,Le minotiére,48.844,-1.011,Crépuscule ou aube,Hors agglomération,Hors intersection,Autre,Deux véhicules - frontale,,,,,,,,,,,2,1,1,9,1
200500077984,0005-12-10 00:45:00,5,12,10,0,45,140,545.0,,,,Nuit sans éclairage public,Hors agglomération,Autre intersection,Normale,Deux véhicules - arrière,,,,,,,,,,,3,1,9,1,2
200500077985,0005-12-10 15:30:00,5,12,10,15,30,140,762.0,route d'aunay,48.855,-0.863,Plein jour,En agglomération,Hors intersection,Normale,Sans collision,,,,,,,,,,,1,2,1,1,7
200500077986,0005-12-27 10:30:00,5,12,27,10,30,500,25.0,CD7 - Place PATTON,48.685,-1.355,Plein jour,En agglomération,Place,Temps éblouissant,Autre collision,,,,,,,,,,,1,2,7,7,6
200500077987,0005-12-03 19:15:00,5,12,3,19,15,500,541.0,,,,Nuit sans éclairage public,Hors agglomération,Hors intersection,Pluie légère,Deux véhicules - frontale,,,,,,,,,,,3,1,1,2,1
200500077988,0005-12-26 20:15:00,5,12,26,20,15,500,237.0,,,,Nuit sans éclairage public,Hors agglomération,Hors intersection,Normale,Autre collision,,,,,,,,,,,3,1,1,1,6
200500077989,0005-12-12 11:45:00,5,12,12,11,45,500,630.0,,48.558,-1.43,Plein jour,Hors agglomération,Hors intersection,Normale,Deux véhicules - frontale,,,,,,,,,,,1,1,1,1,1
200500077990,0005-12-08 18:15:00,5,12,8,18,15,500,472.0,,48.755,-1.217,Nuit sans éclairage public,Hors agglomération,Hors intersection,Temps couvert,Deux véhicules - frontale,,,,,,,,,,,3,1,1,8,1
200500077991,0005-12-26 17:15:00,5,12,26,17,15,500,453.0,,,,Crépuscule ou aube,Hors agglomération,Hors intersection,Pluie légère,Deux véhicules - frontale,,,,,,,,,,,2,1,1,2,1
200500077992,0005-12-05 00:45:00,5,12,5,0,45,500,435.0,Le Pont Durant,,,Nuit sans éclairage public,Hors agglomération,Hors intersection,Autre,Autre collision,,,,,,,,,,,3,1,1,9,6
200500077993,0005-12-10 09:15:00,5,12,10,9,15,500,82.0,place Gosnon Verger,,,Plein jour,En agglomération,Place,Normale,Autre collision,,,,,,,,,,,1,2,7,1,6
200500077994,0005-12-25 17:15:00,5,12,25,17,15,500,585.0,route du hameau Denis,,,Crépuscule ou aube,Hors agglomération,Hors intersection,Normale,Autre collision,,,,,,,,,,,2,1,1,1,6
200500077995,0005-12-27 17:20:00,5,12,27,17,20,500,402.0,"""les fleury """,,,Crépuscule ou aube,Hors agglomération,Hors intersection,Temps couvert,Trois véhicules et plus - en chaîne,,,,,,,,,,,2,1,1,8,4
200500077996,0005-12-28 13:35:00,5,12,28,13,35,500,402.0,"""Le Clavé"" - CD 4 -",,,Plein jour,Hors agglomération,Hors intersection,Autre,Deux véhicules - frontale,,,,,,,,,,,1,1,1,9,1