accident_id,datetime,annee,mois,jour,heure,minute,departement,commune_insee,adresse,latitude,longitude,luminosite,agglomeration,intersection,meteo,collision,nb_vehicules,nb_usagers,nb_indemnes,nb_tues,nb_blesses_hosp,nb_blesses_legers,age_cond_1,age_cond_2,veh_type_cond_1,veh_type_cond_2,lum_code,agg_code,int_code,atm_code,col_code
200500078127,0005-12-06 19:30:00,5,12,6,19,30,850,3.0,Route de Challans/Rue du,,,Nuit avec éclairage allumé,En agglomération,Hors intersection,Pluie forte,Deux véhicules - côté,,,,,,,,,,,5,2,1,3,3
200500078128,0005-12-08 18:30:00,5,12,8,18,30,850,3.0,04 route de Challans,,,Nuit avec éclairage allumé,En agglomération,Hors intersection,Normale,Autre collision,,,,,,,,,,,5,2,1,1,6
200500078129,0005-12-12 08:05:00,5,12,12,8,5,850,3.0,"""La Jutardière""",,,Crépuscule ou aube,Hors agglomération,Hors intersection,Normale,Trois véhicules et plus - collisions multiples,,,,,,,,,,,2,1,1,1,5
200500078130,0005-12-06 18:15:00,5,12,6,18,15,850,176.0,,,,Nuit avec éclairage allumé,Hors agglomération,Hors intersection,Normale,Autre collision,,,,,,,,,,,5,1,1,1,6
200500078131,0005-12-27 10:30:00,5,12,27,10,30,850,126.0,,,,Plein jour,Hors agglomération,Hors intersection,Normale,Deux véhicules - frontale,,,,,,,,,,,1,1,1,1,1
200500078132,0005-12-01 18:25:00,5,12,1,18,25,850,255.0,CD 746 -- PK 49+500,,,Nuit sans éclairage public,Hors agglomération,Hors intersection,Normale,Trois véhicules et plus - collisions multiples,,,,,,,,,,,3,1,1,1,5
200500078133,0005-12-01 09:30:00,5,12,1,9,30,850,223.0,ROUTE DE NANTES,46.559,-1.06,Nuit avec éclairage allumé,En agglomération,Hors intersection,Normale,Deux véhicules - côté,,,,,,,,,,,5,2,1,1,3
200500078134,0005-12-08 10:00:00,5,12,8,10,0,850,286.0,111 rue du grand Marais,46.4,-0.93,Plein jour,Hors agglomération,Hors intersection,Normale,Autre collision,,,,,,,,,,,1,1,1,1,6
200500078135,0005-12-09 17:45:00,5,12,9,17,45,850,223.0,route de la Rochelle,46.55,-1.06,Nuit avec éclairage allumé,En agglomération,Hors intersection,Normale,Trois véhicules et plus - en chaîne,,,,,,,,,,,5,2,1,1,4
200500078136,0005-12-02 05:45:00,5,12,2,5,45,850,174.0,route nationale 148,,,Nuit sans éclairage public,Hors agglomération,Hors intersection,Temps couvert,Deux véhicules - frontale,,,,,,,,,,,3,1,1,8,1
200500078137,0005-12-18 11:30:00,5,12,18,11,30,850,133.0,,46.389,-0.615,Plein jour,Hors agglomération,Hors intersection,Normale,Sans collision,,,,,,,,,,,1,1,1,1,7
200500078138,0005-12-03 16:15:00,5,12,3,16,15,850,96.0,,46.876,-1.855,Plein jour,Hors agglomération,Hors intersection,Normale,Deux véhicules - frontale,,,,,,,,,,,1,1,1,1,1
200500078139,0005-12-04 21:45:00,5,12,4,21,45,850,152.0,,,,Nuit sans éclairage public,Hors agglomération,Hors intersection,Pluie légère,Deux véhicules - frontale,,,,,,,,,,,3,1,1,2,1
200500078140,0005-12-20 10:00:00,5,12,20,10,0,850,52.0,,,,Plein jour,Hors agglomération,Giratoire,Normale,Deux véhicules - côté,,,,,,,,,,,1,1,6,1,3
200500078141,0005-12-22 21:15:00,5,12,22,21,15,850,211.0,rue de la Louvetière,,,Nuit avec éclairage allumé,En agglomération,Hors intersection,Normale,Deux véhicules - côté,,,,,,,,,,,5,2,1,1,3
200500078142,0005-12-11 03:45:00,5,12,11,3,45,850,106.0,,46.976,-2.26,Nuit sans éclairage public,Hors agglomération,Hors intersection,Normale,Autre collision,,,,,,,,,,,3,1,1,1,6
200500078143,0005-12-20 17:00:00,5,12,20,17,0,850,11.0,rue du Fief du Moulin,46.95,-2.18,Plein jour,En agglomération,Intersection en T,Normale,Deux véhicules - côté,,,,,,,,,,,1,2,3,1,3
200500078144,0005-12-10 02:15:00,5,12,10,2,15,850,226.0,,46.75,-1.97,Nuit sans éclairage public,Hors agglomération,Hors intersection,Normale,Autre collision,,,,,,,,,,,3,1,1,1,6
200500078145,0005-12-09 19:15:00,5,12,9,19,15,850,172.0,Giratoire de la Chaussée,,,Nuit sans éclairage public,Hors agglomération,Giratoire,Normale,Sans collision,,,,,,,,,,,3,1,6,1,7
200500078146,0005-12-06 16:30:00,5,12,6,16,30,850,156.0,lieu dit la cantaudière,,,Plein jour,Hors agglomération,Hors intersection,Normale,Trois véhicules et plus - collisions multiples,,,,,,,,,,,1,1,1,1,5
200500078147,0005-12-09 22:00:00,5,12,9,22,0,850,214.0,,,,Nuit avec éclairage non allumé,Hors agglomération,Hors intersection,Normale,Sans collision,,,,,,,,,,,4,1,1,1,7
200500078148,0005-12-17 19:30:00,5,12,17,19,30,850,4.0,11 route de la tranche,,,Nuit avec éclairage allumé,En agglomération,Hors intersection,Normale,Deux véhicules - frontale,,,,,,,,,,,5,2,1,1,1
200500078149,0005-12-26 10:30:00,5,12,26,10,30,850,4.0,,,,Plein jour,Hors agglomération,Hors intersection,Autre,Sans collision,,,,,,,,,,,1,1,1,9,7
200500078150,0005-12-10 12:35:00,5,12,10,12,35,330,236.0,cean et avenue du bassin,,,Plein jour,En agglomération,Hors intersection,Normale,Autre collision,,,,,,,,,,,1,2,1,1,6
200500078151,0005-12-22 17:30:00,5,12,22,17,30,330,236.0,Lieu dit le CANON,,,Plein jour,En agglomération,Hors intersection,Normale,Deux véhicules - frontale,,,,,,,,,,,1,2,1,1,1
200500078152,0005-12-20 18:30:00,5,12,20,18,30,330,161.0,,45.186,-0.606,Nuit avec éclairage allumé,Hors agglomération,Hors intersection,Normale,Deux véhicules - côté,,,,,,,,,,,5,1,1,1,3
200500078153,0005-12-23 16:30:00,5,12,23,16,30,330,433.0,route des Valentons,,,Plein jour,Hors agglomération,Hors intersection,Brouillard / fumée,Deux véhicules - frontale,,,,,,,,,,,1,1,1,5,1
200500078154,0005-12-28 04:15:00,5,12,28,4,15,330,397.0,CD 911 Avenue Aquitaine,,,Nuit sans éclairage public,En agglomération,Hors intersection,Normale,Autre collision,,,,,,,,,,,3,2,1,1,6
200500078155,0005-12-10 23:15:00,5,12,10,23,15,330,363.0,,,,Nuit sans éclairage public,Hors agglomération,Hors intersection,Normale,Autre collision,,,,,,,,,,,3,1,1,1,6
200500078156,0005-12-16 07:00:00,5,12,16,7,0,330,165.0,avenue de l'entre deux m,44.828,-0.444,Crépuscule ou aube,En agglomération,Hors intersection,Normale,Autre collision,,,,,,,,,,,2,2,1,1,6
200500078157,0005-12-16 07:00:00,5,12,16,7,0,330,80.0,route de Leognan,,,Nuit sans éclairage public,Hors agglomération,Hors intersection,Normale,Autre collision,,,,,,,,,,,3,1,1,1,6
200500078158,0005-12-25 11:00:00,5,12,25,11,0,330,205.0,,44.626,-0.391,Plein jour,Hors agglomération,Hors intersection,Autre,Deux véhicules - frontale,,,,,,,,,,,1,1,1,9,1
200500078159,0005-12-10 04:45:00,5,12,10,4,45,330,143.0,,44.96,-0.45,Nuit sans éclairage public,Hors agglomération,Hors intersection,Normale,Sans collision,,,,,,,,,,,3,1,1,1,7
200500078160,0005-12-09 14:30:00,5,12,9,14,30,330,36.0,,44.477,-0.161,Nuit sans éclairage public,Hors agglomération,Hors intersection,Temps couvert,Autre collision,,,,,,,,,,,3,1,1,8,6
200500078161,0005-12-11 12:45:00,5,12,11,12,45,330,2.0,,44.494,-0.065,Plein jour,Hors agglomération,Hors intersection,Brouillard / fumée,Autre collision,,,,,,,,,,,1,1,1,5,6
200500078162,0005-12-16 10:15:00,5,12,16,10,15,330,72.0,,44.53,-0.161,Plein jour,Hors agglomération,Intersection en X,Normale,Deux véhicules - côté,,,,,,,,,,,1,1,2,1,3
200500078163,0005-12-22 10:15:00,5,12,22,10,15,330,36.0,,44.43,-0.216,Crépuscule ou aube,Hors agglomération,Hors intersection,Brouillard / fumée,Autre collision,,,,,,,,,,,2,1,1,5,6
200500078164,0005-12-17 16:45:00,5,12,17,16,45,330,275.0,,44.713,-0.168,Plein jour,Hors agglomération,Hors intersection,Normale,Sans collision,,,,,,,,,,,1,1,1,1,7
200500078165,0005-12-25 13:15:00,5,12,25,13,15,330,57.0,,44.756,-0.075,Plein jour,Hors agglomération,Hors intersection,Autre,Sans collision,,,,,,,,,,,1,1,1,9,7
200500078166,0005-12-10 10:00:00,5,12,10,10,0,330,22.0,,45.013,-0.773,Plein jour,Hors agglomération,Hors intersection,Normale,Deux véhicules - frontale,,,,,,,,,,,1,1,1,1,1
200500078167,0005-12-13 18:15:00,5,12,13,18,15,330,494.0,"Lieu dit ""Godebarge""",,,Nuit sans éclairage public,Hors agglomération,Hors intersection,Normale,Trois véhicules et plus - en chaîne,,,,,,,,,,,3,1,1,1,4
200500078168,0005-12-25 08:00:00,5,12,25,8,0,330,417.0,rte de l océan,,,Nuit avec éclairage allumé,En agglomération,Hors intersection,Brouillard / fumée,Deux véhicules - arrière,,,,,,,,,,,5,2,1,5,2
200500078169,0005-12-26 14:50:00,5,12,26,14,50,330,104.0,de de CASTELNAU DE MEDOC,,,Plein jour,Hors agglomération,Hors intersection,Normale,Deux véhicules - côté,,,,,,,,,,,1,1,1,1,3
200500078170,0005-12-27 15:30:00,5,12,27,15,30,330,517.0,rue rte de marsac,45.06,-0.699,Plein jour,En agglomération,Hors intersection,Brouillard / fumée,Deux véhicules - côté,,,,,,,,,,,1,2,1,5,3
200500078171,0005-12-06 11:00:00,5,12,6,11,0,330,125.0,,45.236,-0.882,Plein jour,Hors agglomération,Hors intersection,Temps couvert,Deux véhicules - frontale,,,,,,,,,,,1,1,1,8,1
200500078172,0005-12-20 17:15:00,5,12,20,17,15,330,314.0,rue jeanne d'arc,,,Crépuscule ou aube,En agglomération,Hors intersection,Normale,Deux véhicules - frontale,,,,,,,,,,,2,2,1,1,1
200500078173,0005-12-15 12:00:00,5,12,15,12,0,330,490.0,,45.437,-1.047,Plein jour,Hors agglomération,Intersection en X,Normale,Deux véhicules - côté,,,,,,,,,,,1,1,2,1,3
200500078174,0005-12-22 12:15:00,5,12,22,12,15,330,490.0,,,,Plein jour,Hors agglomération,Hors intersection,Normale,Sans collision,,,,,,,,,,,1,1,1,1,7
200500078175,0005-12-30 08:10:00,5,12,30,8,10,330,15.0,PK 29 + 350,,,Crépuscule ou aube,Hors agglomération,Hors intersection,Temps couvert,Autre collision,,,,,,,,,,,2,1,1,8,6
200500078176,0005-12-02 18:25:00,5,12,2,18,25,330,466.0,16 lieu dit gassio,,,Nuit avec éclairage allumé,En agglomération,Hors intersection,Pluie légère,Deux véhicules - frontale,,,,,,,,,,,5,2,1,2,1
200500078177,0005-12-09 12:45:00,5,12,9,12,45,330,78.0,lieu dit  La Borie,44.834,-0.164,Plein jour,Hors agglomération,Hors intersection,Normale,Autre collision,,,,,,,,,,,1,1,1,1,6
200500078178,0005-12-13 18:45:00,5,12,13,18,45,330,108.0,,44.876,-0.151,Nuit sans éclairage public,Hors agglomération,Hors intersection,Normale,Deux véhicules - arrière,,,,,,,,,,,3,1,1,1,2
200500078179,0005-12-12 16:45:00,5,12,12,16,45,330,393.0,,44.995,-0.199,Plein jour,Hors agglomération,Intersection en X,Normale,Deux véhicules - côté,,,,,,,,,,,1,1,2,1,3
200500078180,0005-12-21 20:15:00,5,12,21,20,15,330,138.0,erre semard et rue baste,,,Nuit avec éclairage allumé,En agglomération,Hors intersection,Normale,Deux véhicules - côté,,,,,,,,,,,5,2,1,1,3
200500078181,0005-12-12 13:30:00,5,12,12,13,30,330,94.0,,44.778,0.165,Plein jour,Hors agglomération,Hors intersection,Normale,Deux véhicules - frontale,,,,,,,,,,,1,1,1,1,1
200500078182,0005-12-17 09:00:00,5,12,17,9,0,330,302.0,,,,Nuit sans éclairage public,Hors agglomération,Hors intersection,Pluie légère,Deux véhicules - côté,,,,,,,,,,,3,1,1,2,3
200500078183,0005-12-04 17:45:00,5,12,4,17,45,240,94.0,,45.091,0.69,Nuit sans éclairage public,Hors agglomération,Hors intersection,Pluie forte,Autre collision,,,,,,,,,,,3,1,1,3,6
200500078184,0005-12-24 13:45:00,5,12,24,13,45,240,115.0,Veyssat,,,Plein jour,Hors agglomération,Hors intersection,Autre,Deux véhicules - côté,,,,,,,,,,,1,1,1,9,3
200500078185,0005-12-11 14:30:00,5,12,11,14,30,240,10.0,CD3 GRAVELLE,45.177,0.592,Plein jour,En agglomération,Hors intersection,Normale,Deux véhicules - côté,,,,,,,,,,,1,2,1,1,3
200500078186,0005-12-01 18:45:00,5,12,1,18,45,240,225.0,,,,Nuit sans éclairage public,Hors agglomération,Hors intersection,Normale,Deux véhicules - frontale,,,,,,,,,,,3,1,1,1,1
200500078187,0005-12-07 13:30:00,5,12,7,13,30,240,340.0,"Lieu dit ""CLAUD DE BLED""",,,Plein jour,Hors agglomération,Hors intersection,Normale,Deux véhicules - frontale,,,,,,,,,,,1,1,1,1,1
200500078188,0005-12-18 15:45:00,5,12,18,15,45,240,222.0,Rue du Girounet  CDn°4,,,Plein jour,En agglomération,Autre intersection,Normale,Deux véhicules - frontale,,,,,,,,,,,1,2,9,1,1
200500078189,0005-12-19 11:45:00,5,12,19,11,45,240,126.0,,,,Plein jour,Hors agglomération,Hors intersection,Normale,Deux véhicules - arrière,,,,,,,,,,,1,1,1,1,2
200500078190,0005-12-30 19:30:00,5,12,30,19,30,240,568.0,,44.875,0.123,Nuit sans éclairage public,Hors agglomération,Hors intersection,Pluie légère,Sans collision,,,,,,,,,,,3,1,1,2,7
200500078191,0005-12-02 23:30:00,5,12,2,23,30,240,16.0,,45.585,0.702,Nuit sans éclairage public,Hors agglomération,Hors intersection,Temps couvert,Sans collision,,,,,,,,,,,3,1,1,8,7
200500078192,0005-12-10 16:15:00,5,12,10,16,15,240,253.0,"23, rue de Périgueux",45.454,0.456,Plein jour,En agglomération,Hors intersection,Normale,Deux véhicules - frontale,,,,,,,,,,,1,2,1,1,1
200500078193,0005-12-30 09:45:00,5,12,30,9,45,240,496.0,Forêt,,,Plein jour,Hors agglomération,Hors intersection,Pluie légère,Autre collision,,,,,,,,,,,1,1,1,2,6
200500078194,0005-12-31 13:30:00,5,12,31,13,30,240,489.0,IEU DIT '' PETIT BOST '',,,Plein jour,Hors agglomération,Hors intersection,Normale,Autre collision,,,,,,,,,,,1,1,1,1,6
200500078195,0005-12-16 19:30:00,5,12,16,19,30,240,547.0,avenue Charles de Gaulle,45.133,1.311,Nuit avec éclairage allumé,En agglomération,Hors intersection,Pluie légère,Deux véhicules - côté,,,,,,,,,,,5,2,1,2,3
200500078196,0005-12-18 16:30:00,5,12,18,16,30,240,30.0,rue André Desmond,45.156,1.238,Plein jour,En agglomération,Hors intersection,Normale,Deux véhicules - frontale,,,,,,,,,,,1,2,1,1,1
200500078197,0005-12-24 18:30:00,5,12,24,18,30,240,321.0,,45.131,1.38,Nuit sans éclairage public,Hors agglomération,Hors intersection,Normale,Deux véhicules - côté,,,,,,,,,,,3,1,1,1,3
200500078198,0005-12-07 09:15:00,5,12,7,9,15,400,320.0,,43.919,-0.534,Plein jour,Hors agglomération,Hors intersection,Normale,Deux véhicules - arrière,,,,,,,,,,,1,1,1,1,2
200500078199,0005-12-18 02:15:00,5,12,18,2,15,400,329.0,,43.777,-0.283,Nuit sans éclairage public,Hors agglomération,Hors intersection,Normale,Autre collision,,,,,,,,,,,3,1,1,1,6
200500078200,0005-12-04 18:45:00,5,12,4,18,45,400,115.0,Rte de MASSELIN RD110,,,Nuit avec éclairage allumé,En agglomération,Intersection en X,Pluie forte,Autre collision,,,,,,,,,,,5,2,2,3,6
200500078201,0005-12-08 15:45:00,5,12,8,15,45,400,150.0,CD 652 quartier du Bas R,43.887,-1.301,Plein jour,En agglomération,Hors intersection,Temps couvert,Deux véhicules - frontale,,,,,,,,,,,1,2,1,8,1
200500078202,0005-12-22 16:15:00,5,12,22,16,15,400,311.0,route de LALUQUE,,,Nuit avec éclairage allumé,En agglomération,Hors intersection,Autre,Deux véhicules - côté,,,,,,,,,,,5,2,1,9,3
200500078203,0005-12-21 19:30:00,5,12,21,19,30,400,150.0,,43.877,-1.286,Nuit sans éclairage public,Hors agglomération,Hors intersection,Autre,Sans collision,,,,,,,,,,,3,1,1,9,7
200500078204,0005-12-23 00:15:00,5,12,23,0,15,400,75.0,,,,Plein jour,Hors agglomération,Hors intersection,Brouillard / fumée,Autre collision,,,,,,,,,,,1,1,1,5,6
200500078205,0005-12-08 07:30:00,5,12,8,7,30,400,132.0,,43.562,-1.007,Nuit sans éclairage public,Hors agglomération,Hors intersection,Pluie légère,Deux véhicules - côté,,,,,,,,,,,3,1,1,2,3
200500078206,0005-12-20 05:30:00,5,12,20,5,30,400,186.0,,43.592,-0.942,Nuit sans éclairage public,Hors agglomération,Hors intersection,Brouillard / fumée,Autre collision,,,,,,,,,,,3,1,1,5,6
200500078207,0005-12-29 09:15:00,5,12,29,9,15,400,95.0,,43.604,-0.914,Plein jour,Hors agglomération,Hors intersection,Brouillard / fumée,Sans collision,,,,,,,,,,,1,1,1,5,7
200500078208,0005-12-01 18:15:00,5,12,1,18,15,400,65.0,"palombière, avenue FOCH",,,Nuit avec éclairage allumé,En agglomération,Hors intersection,Temps couvert,Autre collision,,,,,,,,,,,5,2,1,8,6
200500078209,0005-12-14 17:20:00,5,12,14,17,20,400,36.0,RN 10,,,Plein jour,En agglomération,Intersection en T,Normale,Deux véhicules - côté,,,,,,,,,,,1,2,3,1,3
200500078210,0005-12-20 15:00:00,5,12,20,15,0,400,328.0,CD 652 (Route des Lacs),,,Plein jour,En agglomération,Hors intersection,Temps éblouissant,Trois véhicules et plus - collisions multiples,,,,,,,,,,,1,2,1,7,5
200500078211,0005-12-10 17:45:00,5,12,10,17,45,400,312.0,RUE LENINE,43.545,-1.481,Nuit avec éclairage allumé,En agglomération,Hors intersection,Normale,Deux véhicules - frontale,,,,,,,,,,,5,2,1,1,1
200500078212,0005-12-21 15:15:00,5,12,21,15,15,400,312.0,Entrée Sud - côte MOULIN,,,Plein jour,En agglomération,Hors intersection,Normale,Deux véhicules - frontale,,,,,,,,,,,1,2,1,1,1
200500078213,0005-12-30 17:15:00,5,12,30,17,15,400,44.0,,43.558,-1.319,Plein jour,Hors agglomération,Hors intersection,Temps couvert,Trois véhicules et plus - collisions multiples,,,,,,,,,,,1,1,1,8,5
200500078214,0005-12-18 19:30:00,5,12,18,19,30,400,156.0,,,,Nuit sans éclairage public,Hors agglomération,Hors intersection,Normale,Deux véhicules - côté,,,,,,,,,,,3,1,1,1,3
200500078215,0005-12-21 05:45:00,5,12,21,5,45,400,332.0,CD43,,,Nuit sans éclairage public,Hors agglomération,Hors intersection,Brouillard / fumée,Sans collision,,,,,,,,,,,3,1,1,5,7
200500078216,0005-12-06 02:00:00,5,12,6,2,0,400,26.0,,43.799,-0.555,Nuit sans éclairage public,Hors agglomération,Hors intersection,Pluie forte,Autre collision,,,,,,,,,,,3,1,1,3,6
200500078217,0005-12-05 17:45:00,5,12,5,17,45,400,331.0,,,,Nuit avec éclairage allumé,Hors agglomération,Hors intersection,Pluie légère,Deux véhicules - côté,,,,,,,,,,,5,1,1,2,3
200500078218,0005-12-16 08:10:00,5,12,16,8,10,400,137.0,Cd 934,,,Plein jour,Hors agglomération,Hors intersection,Normale,Deux véhicules - arrière,,,,,,,,,,,1,1,1,1,2
200500078219,0005-12-24 11:15:00,5,12,24,11,15,400,331.0,,,,Plein jour,Hors agglomération,Hors intersection,Normale,Deux véhicules - frontale,,,,,,,,,,,1,1,1,1,1
200500078220,0005-12-06 18:30:00,5,12,6,18,30,470,15.0,,44.062,0.638,Nuit sans éclairage public,Hors agglomération,Hors intersection,Normale,Sans collision,,,,,,,,,,,3,1,1,1,7
200500078221,0005-12-07 13:50:00,5,12,7,13,50,470,209.0,Pinsons et rue des Moin,,,Plein jour,En agglomération,Intersection en T,Normale,Deux véhicules - côté,,,,,,,,,,,1,2,3,1,3
200500078222,0005-12-11 04:55:00,5,12,11,4,55,470,19.0,CD 656 LDT LAOUQUET,,,Nuit sans éclairage public,Hors agglomération,Hors intersection,Brouillard / fumée,Trois véhicules et plus - collisions multiples,,,,,,,,,,,3,1,1,5,5
200500078223,0005-12-21 08:30:00,5,12,21,8,30,470,91.0,,,,Plein jour,Hors agglomération,Giratoire,Neige / grêle,Sans collision,,,,,,,,,,,1,1,6,4,7
200500078224,0005-12-30 17:00:00,5,12,30,17,0,470,69.0,,,,Crépuscule ou aube,Hors agglomération,Hors intersection,Pluie légère,Deux véhicules - frontale,,,,,,,,,,,2,1,1,2,1
200500078225,0005-12-08 16:15:00,5,12,8,16,15,470,326.0,,44.509,0.267,Plein jour,Hors agglomération,Hors intersection,Normale,Deux véhicules - arrière,,,,,,,,,,,1,1,1,1,2
200500078226,0005-12-19 07:45:00,5,12,19,7,45,470,10.0,,44.357,0.013,Crépuscule ou aube,Hors agglomération,Hors intersection,Normale,Deux véhicules - frontale,,,,,,,,,,,2,1,1,1,1
200500078227,0005-12-04 17:15:00,5,12,4,17,15,470,264.0,,,,Nuit sans éclairage public,Hors agglomération,Hors intersection,Pluie légère,Deux véhicules - côté,,,,,,,,,,,3,1,1,2,3
200500078228,0005-12-21 08:30:00,5,12,21,8,30,470,168.0,AVENUE JOLIOT CURIE,44.604,0.368,Plein jour,En agglomération,Hors intersection,Autre,Autre collision,,,,,,,,,,,1,2,1,9,6
200500078229,0005-12-21 09:00:00,5,12,21,9,0,470,88.0,Petit Pey,,,Plein jour,Hors agglomération,Hors intersection,Brouillard / fumée,Sans collision,,,,,,,,,,,1,1,1,5,7
200500078230,0005-12-24 16:30:00,5,12,24,16,30,470,86.0,Lieu dit Taminage,,,Plein jour,Hors agglomération,Hors intersection,Temps couvert,Autre collision,,,,,,,,,,,1,1,1,8,6
200500078231,0005-12-01 07:54:00,5,12,1,7,54,470,65.0,"lieu-dit ""Dalement""",,,Crépuscule ou aube,Hors agglomération,Hors intersection,Normale,Trois véhicules et plus - collisions multiples,,,,,,,,,,,2,1,1,1,5
200500078232,0005-12-03 12:45:00,5,12,3,12,45,470,65.0,,44.376,0.355,Plein jour,Hors agglomération,Hors intersection,Temps couvert,Autre collision,,,,,,,,,,,1,1,1,8,6
200500078233,0005-12-17 18:20:00,5,12,17,18,20,470,310.0,Pont de la Garonne C120,,,Nuit avec éclairage allumé,En agglomération,Hors intersection,Normale,Trois véhicules et plus - collisions multiples,,,,,,,,,,,5,2,1,1,5
200500078234,0005-12-28 16:15:00,5,12,28,16,15,470,159.0,Rue du Bois,,,Plein jour,En agglomération,Hors intersection,Normale,Autre collision,,,,,,,,,,,1,2,1,1,6
200500078235,0005-12-30 11:45:00,5,12,30,11,45,470,42.0,PK 2+750,,,Plein jour,Hors agglomération,Hors intersection,Pluie légère,Deux véhicules - côté,,,,,,,,,,,1,1,1,2,3
200500078236,0005-12-14 12:00:00,5,12,14,12,0,470,175.0,,,,Nuit sans éclairage public,Hors agglomération,Hors intersection,Normale,Sans collision,,,,,,,,,,,3,1,1,1,7
200500078237,0005-12-03 18:00:00,5,12,3,18,0,470,48.0,,44.532,0.627,Nuit sans éclairage public,Hors agglomération,Hors intersection,Pluie légère,Autre collision,,,,,,,,,,,3,1,1,2,6
200500078238,0005-12-01 13:45:00,5,12,1,13,45,470,106.0,Avenue Léon Blum,,,Plein jour,En agglomération,Hors intersection,Normale,Deux véhicules - frontale,,,,,,,,,,,1,2,1,1,1
200500078239,0005-12-10 17:45:00,5,12,10,17,45,470,106.0,Face au 28 rue Massenet,,,Nuit avec éclairage allumé,En agglomération,Hors intersection,Normale,Autre collision,,,,,,,,,,,5,2,1,1,6
200500078240,0005-12-20 10:30:00,5,12,20,10,30,640,230.0,CHEMIN BERDOULOU,,,Plein jour,En agglomération,Hors intersection,Normale,Deux véhicules - frontale,,,,,,,,,,,1,2,1,1,1
200500078241,0005-12-23 12:30:00,5,12,23,12,30,640,315.0,Poney club,43.308,-0.437,Plein jour,Hors agglomération,Hors intersection,Normale,Deux véhicules - frontale,,,,,,,,,,,1,1,1,1,1
200500078242,0005-12-14 19:00:00,5,12,14,19,0,640,511.0,,,,Crépuscule ou aube,Hors agglomération,Hors intersection,Normale,Deux véhicules - frontale,,,,,,,,,,,2,1,1,1,1
200500078243,0005-12-22 14:00:00,5,12,22,14,0,640,511.0,,43.405,-0.369,Plein jour,Hors agglomération,Intersection en T,Normale,Deux véhicules - côté,,,,,,,,,,,1,1,3,1,3
200500078244,0005-12-04 15:30:00,5,12,4,15,30,640,453.0,,,,Plein jour,Hors agglomération,Hors intersection,Pluie légère,Deux véhicules - frontale,,,,,,,,,,,1,1,1,2,1
200500078245,0005-12-03 09:00:00,5,12,3,9,0,640,424.0,,43.205,-0.913,Plein jour,Hors agglomération,Hors intersection,Pluie légère,Deux véhicules - frontale,,,,,,,,,,,1,1,1,2,1
200500078246,0005-12-11 15:00:00,5,12,11,15,0,640,221.0,,43.33,-0.929,Plein jour,Hors agglomération,Hors intersection,Normale,Sans collision,,,,,,,,,,,1,1,1,1,7
200500078247,0005-12-08 18:00:00,5,12,8,18,0,640,20.0,,43.156,-0.688,Crépuscule ou aube,Hors agglomération,Hors intersection,Temps couvert,Deux véhicules - côté,,,,,,,,,,,2,1,1,8,3
200500078248,0005-12-23 07:30:00,5,12,23,7,30,640,353.0,,,,Nuit sans éclairage public,Hors agglomération,Hors intersection,Autre,Deux véhicules - frontale,,,,,,,,,,,3,1,1,9,1
200500078249,0005-12-02 18:00:00,5,12,2,18,0,640,430.0,,,,Nuit sans éclairage public,Hors agglomération,Hors intersection,Normale,Sans collision,,,,,,,,,,,3,1,1,1,7
200500078250,0005-12-12 19:15:00,5,12,12,19,15,640,430.0,Rue Jeanne D'ALBRET,,,Nuit avec éclairage allumé,En agglomération,Hors intersection,Autre,Autre collision,,,,,,,,,,,5,2,1,9,6
200500078251,0005-12-17 11:00:00,5,12,17,11,0,640,505.0,,43.461,-0.711,Plein jour,Hors agglomération,Hors intersection,Pluie légère,Deux véhicules - côté,,,,,,,,,,,1,1,1,2,3
200500078252,0005-12-12 18:30:00,5,12,12,18,30,860,297.0,"La Gannerie"" - RD 3D",,,Nuit sans éclairage public,En agglomération,Hors intersection,Normale,Deux véhicules - frontale,,,,,,,,,,,3,2,1,1,1
200500078253,0005-12-10 19:00:00,5,12,10,19,0,860,163.0,rue de Montrouge,46.624,0.425,Nuit avec éclairage allumé,En agglomération,Giratoire,Normale,Deux véhicules - frontale,,,,,,,,,,,5,2,6,1,1
200500078254,0005-12-24 10:30:00,5,12,24,10,30,860,68.0,ROUTE DERS BONS ENFANTS,,,Plein jour,En agglomération,Hors intersection,Pluie légère,Deux véhicules - frontale,,,,,,,,,,,1,2,1,2,1
200500078255,0005-12-13 12:40:00,5,12,13,12,40,860,46.0,cd 131,,,Plein jour,Hors agglomération,Hors intersection,Normale,Autre collision,,,,,,,,,,,1,1,1,1,6