accident_id,datetime,annee,mois,jour,heure,minute,departement,commune_insee,adresse,latitude,longitude,luminosite,agglomeration,intersection,meteo,collision,nb_vehicules,nb_usagers,nb_indemnes,nb_tues,nb_blesses_hosp,nb_blesses_legers,age_cond_1,age_cond_2,veh_type_cond_1,veh_type_cond_2,lum_code,agg_code,int_code,atm_code,col_code
200500078256,0005-12-14 08:30:00,5,12,14,8,30,860,183.0,,,,Plein jour,Hors agglomération,Hors intersection,Temps couvert,Autre collision,,,,,,,,,,,1,1,1,8,6
200500078257,0005-12-16 02:45:00,5,12,16,2,45,860,42.0,RD 58,,,Nuit sans éclairage public,Hors agglomération,Hors intersection,Normale,Deux véhicules - frontale,,,,,,,,,,,3,1,1,1,1
200500078258,0005-12-11 13:00:00,5,12,11,13,0,860,128.0,Rue du stade,,,Plein jour,En agglomération,Hors intersection,Normale,Autre collision,,,,,,,,,,,1,2,1,1,6
200500078259,0005-12-04 11:15:00,5,12,4,11,15,860,137.0,,47.013,0.116,Plein jour,Hors agglomération,Hors intersection,Temps couvert,Sans collision,,,,,,,,,,,1,1,1,8,7
200500078260,0005-12-16 02:30:00,5,12,16,2,30,860,227.0,,46.985,-0.019,Nuit sans éclairage public,Hors agglomération,Hors intersection,Normale,Sans collision,,,,,,,,,,,3,1,1,1,7
200500078261,0005-12-05 19:45:00,5,12,5,19,45,860,225.0,route de Mirebeau,46.835,0.104,Nuit sans éclairage public,Hors agglomération,Hors intersection,Normale,Autre collision,,,,,,,,,,,3,1,1,1,6
200500078262,0005-12-22 11:30:00,5,12,22,11,30,860,161.0,,46.883,0.051,Plein jour,Hors agglomération,Hors intersection,Normale,Sans collision,,,,,,,,,,,1,1,1,1,7
200500078263,0005-12-08 12:00:00,5,12,8,12,0,860,78.0,Avenue Maurice Bailly,46.139,0.287,Plein jour,En agglomération,Hors intersection,Normale,Deux véhicules - côté,,,,,,,,,,,1,2,1,1,3
200500078264,0005-12-21 19:10:00,5,12,21,19,10,860,189.0,"urin, Route Communale 02",,,Nuit sans éclairage public,Hors agglomération,Hors intersection,Normale,Sans collision,,,,,,,,,,,3,1,1,1,7
200500078265,0005-12-19 13:15:00,5,12,19,13,15,860,78.0,,46.16,0.292,Plein jour,Hors agglomération,Hors intersection,Normale,Sans collision,,,,,,,,,,,1,1,1,1,7
200500078266,0005-12-17 15:30:00,5,12,17,15,30,860,15.0,8) et rue des HORTENSIAS,,,Plein jour,En agglomération,Hors intersection,Normale,Deux véhicules - côté,,,,,,,,,,,1,2,1,1,3
200500078267,0005-12-24 19:00:00,5,12,24,19,0,860,15.0,,,,Nuit sans éclairage public,Hors agglomération,Hors intersection,Autre,Sans collision,,,,,,,,,,,3,1,1,9,7
200500078268,0005-12-24 20:30:00,5,12,24,20,30,860,131.0,,,,Nuit sans éclairage public,Hors agglomération,Hors intersection,Normale,Autre collision,,,,,,,,,,,3,1,1,1,6
200500078269,0005-12-05 10:00:00,5,12,5,10,0,160,350.0,,,,Plein jour,Hors agglomération,Hors intersection,Temps couvert,Deux véhicules - côté,,,,,,,,,,,1,1,1,8,3
200500078270,0005-12-18 00:01:00,5,12,18,0,1,160,302.0,,,,Nuit sans éclairage public,Hors agglomération,Hors intersection,Normale,Autre collision,,,,,,,,,,,3,1,1,1,6
200500078271,0005-12-31 04:15:00,5,12,31,4,15,160,328.0,"Lieu-dit ""Verdu""",,,Nuit sans éclairage public,Hors agglomération,Autre intersection,Pluie forte,Deux véhicules - frontale,,,,,,,,,,,3,1,9,3,1
200500078272,0005-12-14 14:45:00,5,12,14,14,45,160,30.0,,,,Plein jour,Hors agglomération,Hors intersection,Normale,Deux véhicules - frontale,,,,,,,,,,,1,1,1,1,1
200500078273,0005-12-25 01:45:00,5,12,25,1,45,160,360.0,,,,Nuit avec éclairage non allumé,Hors agglomération,Hors intersection,Autre,Sans collision,,,,,,,,,,,4,1,1,9,7
200500078274,0005-12-14 07:15:00,5,12,14,7,15,160,167.0,Rue de Condé,,,Nuit avec éclairage allumé,En agglomération,Hors intersection,Normale,Autre collision,,,,,,,,,,,5,2,1,1,6
200500078275,0005-12-20 14:00:00,5,12,20,14,0,160,90.0,LA PREVOTERIE,,,Plein jour,En agglomération,Hors intersection,Normale,Autre collision,,,,,,,,,,,1,2,1,1,6
200500078276,0005-12-01 15:45:00,5,12,1,15,45,160,16.0,,,,Plein jour,Hors agglomération,Hors intersection,Normale,Deux véhicules - frontale,,,,,,,,,,,1,1,1,1,1
200500078277,0005-12-06 22:15:00,5,12,6,22,15,160,65.0,27 rue ferrade,,,Nuit avec éclairage allumé,En agglomération,Hors intersection,Normale,Autre collision,,,,,,,,,,,5,2,1,1,6
200500078278,0005-12-27 15:15:00,5,12,27,15,15,160,106.0,Avenue de la Libération,,,Plein jour,En agglomération,Hors intersection,Normale,Autre collision,,,,,,,,,,,1,2,1,1,6
200500078279,0005-12-07 13:50:00,5,12,7,13,50,160,308.0,Les maisons rouges,,,Plein jour,Hors agglomération,Hors intersection,Normale,Trois véhicules et plus - collisions multiples,,,,,,,,,,,1,1,1,1,5
200500078280,0005-12-20 15:00:00,5,12,20,15,0,160,192.0,ROUTE NATIONALE 141,45.891,0.581,Plein jour,En agglomération,Intersection en X,Normale,Autre collision,,,,,,,,,,,1,2,2,1,6
200500078281,0005-12-28 07:30:00,5,12,28,7,30,160,85.0,avenue de la république,,,Crépuscule ou aube,En agglomération,Hors intersection,Normale,Autre collision,,,,,,,,,,,2,2,1,1,6
200500078282,0005-12-13 17:35:00,5,12,13,17,35,160,26.0,arrefour CD 37 et CD 737,,,Nuit sans éclairage public,Hors agglomération,Hors intersection,Normale,Deux véhicules - frontale,,,,,,,,,,,3,1,1,1,1
200500078283,0005-12-27 03:00:00,5,12,27,3,0,160,26.0,Les Chabots,,,Nuit avec éclairage allumé,En agglomération,Hors intersection,Normale,Autre collision,,,,,,,,,,,5,2,1,1,6
200500078284,0005-12-16 16:15:00,5,12,16,16,15,160,296.0,,45.873,0.303,Plein jour,Hors agglomération,Hors intersection,Pluie légère,Deux véhicules - frontale,,,,,,,,,,,1,1,1,2,1
200500078285,0005-12-14 14:00:00,5,12,14,14,0,160,146.0,,,,Plein jour,Hors agglomération,Hors intersection,Temps couvert,Deux véhicules - côté,,,,,,,,,,,1,1,1,8,3
200500078286,0005-12-04 20:45:00,5,12,4,20,45,160,5.0,rue du 8 mai 1945,45.895,0.01,Nuit avec éclairage allumé,En agglomération,Hors intersection,Pluie légère,Autre collision,,,,,,,,,,,5,2,1,2,6
200500078287,0005-12-23 20:30:00,5,12,23,20,30,170,153.0,,,,Nuit sans éclairage public,Hors agglomération,Hors intersection,Normale,Deux véhicules - côté,,,,,,,,,,,3,1,1,1,3
200500078288,0005-12-14 18:45:00,5,12,14,18,45,170,194.0,RUE DE NUAILLE ET RUE DE,,,Nuit avec éclairage allumé,En agglomération,Hors intersection,Normale,Deux véhicules - côté,,,,,,,,,,,5,2,1,1,3
200500078289,0005-12-23 12:45:00,5,12,23,12,45,170,373.0,,,,Plein jour,Hors agglomération,Intersection en X,Normale,Deux véhicules - frontale,,,,,,,,,,,1,1,2,1,1
200500078290,0005-12-09 18:30:00,5,12,9,18,30,170,158.0,la gare aux lapins,,,Nuit sans éclairage public,Hors agglomération,Hors intersection,Temps couvert,Autre collision,,,,,,,,,,,3,1,1,8,6
200500078291,0005-12-20 17:45:00,5,12,20,17,45,170,8.0,RN.137,,,Nuit sans éclairage public,Hors agglomération,Hors intersection,Normale,Deux véhicules - côté,,,,,,,,,,,3,1,1,1,3
200500078292,0005-12-03 17:30:00,5,12,3,17,30,170,345.0,RD 699,,,Crépuscule ou aube,Hors agglomération,Hors intersection,Pluie forte,Deux véhicules - frontale,,,,,,,,,,,2,1,1,3,1
200500078293,0005-12-07 18:45:00,5,12,7,18,45,170,111.0,,45.476,-0.544,Nuit sans éclairage public,Hors agglomération,Hors intersection,Pluie légère,Autre collision,,,,,,,,,,,3,1,1,2,6
200500078294,0005-12-16 16:00:00,5,12,16,16,0,170,345.0,CD 699,,,Plein jour,Hors agglomération,Hors intersection,Normale,Deux véhicules - côté,,,,,,,,,,,1,1,1,1,3
200500078295,0005-12-03 14:30:00,5,12,3,14,30,170,240.0,,45.284,-0.418,Plein jour,Hors agglomération,Hors intersection,Pluie légère,Autre collision,,,,,,,,,,,1,1,1,2,6
200500078296,0005-12-26 07:15:00,5,12,26,7,15,170,113.0,,45.119,-0.159,Nuit sans éclairage public,Hors agglomération,Hors intersection,Brouillard / fumée,Sans collision,,,,,,,,,,,3,1,1,5,7
200500078297,0005-12-13 07:45:00,5,12,13,7,45,170,308.0,Ave Canal de Bridoire,45.876,-0.96,Nuit avec éclairage allumé,En agglomération,Hors intersection,Normale,Deux véhicules - côté,,,,,,,,,,,5,2,1,1,3
200500078298,0005-12-19 05:45:00,5,12,19,5,45,170,93.0,Porte de Dolus,,,Nuit avec éclairage allumé,En agglomération,Hors intersection,Autre,Autre collision,,,,,,,,,,,5,2,1,9,6
200500078299,0005-12-10 02:45:00,5,12,10,2,45,170,21.0,Avenue de La Pesqu'ile,,,Nuit avec éclairage allumé,En agglomération,Hors intersection,Normale,Autre collision,,,,,,,,,,,5,2,1,1,6
200500078300,0005-12-13 05:00:00,5,12,13,5,0,170,21.0,,45.748,-1.157,Nuit sans éclairage public,Hors agglomération,Hors intersection,Normale,Autre collision,,,,,,,,,,,3,1,1,1,6
200500078301,0005-12-24 03:45:00,5,12,24,3,45,170,27.0,,,,Nuit sans éclairage public,Hors agglomération,Hors intersection,Autre,Autre collision,,,,,,,,,,,3,1,1,9,6
200500078302,0005-12-14 18:40:00,5,12,14,18,40,170,421.0,Chemin du prè des Mottes,,,Nuit sans éclairage public,Hors agglomération,Hors intersection,Normale,Autre collision,,,,,,,,,,,3,1,1,1,6
200500078303,0005-12-15 18:15:00,5,12,15,18,15,170,292.0,,,,Nuit sans éclairage public,Hors agglomération,Hors intersection,Normale,Deux véhicules - frontale,,,,,,,,,,,3,1,1,1,1
200500078304,0005-12-25 02:00:00,5,12,25,2,0,170,448.0,,,,Nuit sans éclairage public,Hors agglomération,Hors intersection,Brouillard / fumée,Autre collision,,,,,,,,,,,3,1,1,5,6
200500078305,0005-12-10 16:30:00,5,12,10,16,30,170,70.0,Rue d'Authon,45.829,-0.478,Plein jour,En agglomération,Hors intersection,Normale,Deux véhicules - frontale,,,,,,,,,,,1,2,1,1,1
200500078306,0005-12-01 17:30:00,5,12,1,17,30,790,249.0,,,,Crépuscule ou aube,Hors agglomération,Hors intersection,Normale,Deux véhicules - côté,,,,,,,,,,,2,1,1,1,3
200500078307,0005-12-05 06:30:00,5,12,5,6,30,790,130.0,,,,Nuit sans éclairage public,Hors agglomération,Hors intersection,Normale,Deux véhicules - côté,,,,,,,,,,,3,1,1,1,3
200500078308,0005-12-23 13:50:00,5,12,23,13,50,790,31.0,220 avenue de NIORT,46.185,-0.474,Plein jour,En agglomération,Hors intersection,Normale,Autre collision,,,,,,,,,,,1,2,1,1,6
200500078309,0005-12-31 00:15:00,5,12,31,0,15,790,130.0,,46.266,-0.535,Nuit sans éclairage public,Hors agglomération,Hors intersection,Pluie légère,Deux véhicules - arrière,,,,,,,,,,,3,1,1,2,2
200500078310,0005-12-30 19:15:00,5,12,30,19,15,790,273.0,,46.243,-0.362,Nuit sans éclairage public,Hors agglomération,Hors intersection,Pluie forte,Autre collision,,,,,,,,,,,3,1,1,3,6
200500078311,0005-12-19 17:15:00,5,12,19,17,15,790,24.0,,,,Plein jour,Hors agglomération,Intersection en X,Normale,Deux véhicules - côté,,,,,,,,,,,1,1,2,1,3
200500078312,0005-12-19 22:25:00,5,12,19,22,25,790,114.0,CD 938,,,Nuit sans éclairage public,Hors agglomération,Hors intersection,Normale,Autre collision,,,,,,,,,,,3,1,1,1,6
200500078313,0005-12-01 01:15:00,5,12,1,1,15,790,38.0,CD 139 - PK 5+300,,,Nuit sans éclairage public,Hors agglomération,Hors intersection,Normale,Sans collision,,,,,,,,,,,3,1,1,1,7
200500078314,0005-12-10 11:45:00,5,12,10,11,45,790,13.0,nue du Général de Gaulle,,,Plein jour,En agglomération,Hors intersection,Normale,Deux véhicules - frontale,,,,,,,,,,,1,2,1,1,1
200500078315,0005-12-27 17:30:00,5,12,27,17,30,790,37.0,rue Jules Ferry,,,Crépuscule ou aube,En agglomération,Intersection en X,Normale,Deux véhicules - côté,,,,,,,,,,,2,2,2,1,3
200500078316,0005-12-17 16:00:00,5,12,17,16,0,790,209.0,in communal  de la fôret,,,Plein jour,Hors agglomération,Hors intersection,Normale,Deux véhicules - côté,,,,,,,,,,,1,1,1,1,3
200500078317,0005-12-16 17:30:00,5,12,16,17,30,790,57.0,1 route de Royan,,,Nuit avec éclairage allumé,En agglomération,Hors intersection,Pluie légère,Autre collision,,,,,,,,,,,5,2,1,2,6
200500078318,0005-12-19 12:00:00,5,12,19,12,0,790,251.0,,46.186,-0.113,Plein jour,Hors agglomération,Intersection en X,Normale,Deux véhicules - côté,,,,,,,,,,,1,1,2,1,3
200500078319,0005-12-23 09:00:00,5,12,23,9,0,790,61.0,,,,Plein jour,Hors agglomération,Hors intersection,Autre,Autre collision,,,,,,,,,,,1,1,1,9,6
200500078320,0005-12-26 09:00:00,5,12,26,9,0,790,343.0,,46.167,-0.266,Plein jour,Hors agglomération,Hors intersection,Autre,Autre collision,,,,,,,,,,,1,1,1,9,6
200500078321,0005-12-28 03:45:00,5,12,28,3,45,790,173.0,,46.194,-0.184,Nuit sans éclairage public,Hors agglomération,Hors intersection,Normale,Autre collision,,,,,,,,,,,3,1,1,1,6
200500078322,0005-12-31 04:00:00,5,12,31,4,0,790,174.0,,,,Nuit sans éclairage public,Hors agglomération,Hors intersection,Normale,Autre collision,,,,,,,,,,,3,1,1,1,6
200500078323,0005-12-16 18:30:00,5,12,16,18,30,790,71.0,,46.598,-0.214,Nuit sans éclairage public,Hors agglomération,Hors intersection,Normale,Deux véhicules - frontale,,,,,,,,,,,3,1,1,1,1
200500078324,0005-12-30 09:05:00,5,12,30,9,5,790,108.0,,,,Plein jour,Hors agglomération,Hors intersection,Temps couvert,Autre collision,,,,,,,,,,,1,1,1,8,6
200500078325,0005-12-23 12:15:00,5,12,23,12,15,790,179.0,,46.743,-0.568,Plein jour,Hors agglomération,Hors intersection,Normale,Deux véhicules - frontale,,,,,,,,,,,1,1,1,1,1
200500078326,0005-12-05 20:15:00,5,12,5,20,15,870,201.0,,45.865,1.131,Nuit sans éclairage public,Hors agglomération,Hors intersection,Normale,Autre collision,,,,,,,,,,,3,1,1,1,6
200500078327,0005-12-11 16:20:00,5,12,11,16,20,870,2.0,Montméry,,,Plein jour,Hors agglomération,Hors intersection,Temps éblouissant,Autre collision,,,,,,,,,,,1,1,1,7,6
200500078328,0005-12-16 10:00:00,5,12,16,10,0,870,38.0,"ieudit ""Le Puy de l'Eau""",,,Plein jour,Hors agglomération,Hors intersection,Pluie légère,Deux véhicules - côté,,,,,,,,,,,1,1,1,2,3
200500078329,0005-12-18 19:00:00,5,12,18,19,0,870,107.0,"Lieudit ""La Poitevine""",,,Nuit sans éclairage public,Hors agglomération,Intersection en X,Normale,Deux véhicules - côté,,,,,,,,,,,3,1,2,1,3
200500078330,0005-12-02 18:15:00,5,12,2,18,15,870,187.0,,,,Nuit avec éclairage non allumé,Hors agglomération,Hors intersection,Pluie légère,Autre collision,,,,,,,,,,,4,1,1,2,6
200500078331,0005-12-04 13:15:00,5,12,4,13,15,870,187.0,LES RIEUX,,,Plein jour,Hors agglomération,Hors intersection,Pluie forte,Trois véhicules et plus - collisions multiples,,,,,,,,,,,1,1,1,3,5
200500078332,0005-12-20 21:35:00,5,12,20,21,35,870,11.0,Route de POITIERS,,,Nuit sans éclairage public,En agglomération,Hors intersection,Normale,Deux véhicules - côté,,,,,,,,,,,3,2,1,1,3
200500078333,0005-12-31 10:45:00,5,12,31,10,45,870,12.0,,,,Plein jour,Hors agglomération,Hors intersection,Temps couvert,Deux véhicules - frontale,,,,,,,,,,,1,1,1,8,1
200500078334,0005-12-18 13:15:00,5,12,18,13,15,870,159.0,,46.055,1.412,Plein jour,Hors agglomération,Hors intersection,Temps couvert,Sans collision,,,,,,,,,,,1,1,1,8,7
200500078335,0005-12-27 17:15:00,5,12,27,17,15,870,154.0,,,,Crépuscule ou aube,En agglomération,Hors intersection,Normale,Deux véhicules - côté,,,,,,,,,,,2,2,1,1,3
200500078336,0005-12-08 07:45:00,5,12,8,7,45,870,73.0,,45.747,0.992,Crépuscule ou aube,Hors agglomération,Hors intersection,Pluie légère,Sans collision,,,,,,,,,,,2,1,1,2,7
200500078337,0005-12-08 18:30:00,5,12,8,18,30,190,212.0,e Ruisseau de Foulissard,45.088,1.817,Nuit sans éclairage public,Hors agglomération,Hors intersection,Temps couvert,Autre collision,,,,,,,,,,,3,1,1,8,6
200500078338,0005-12-22 10:30:00,5,12,22,10,30,190,248.0,,45.464,1.529,Plein jour,Hors agglomération,Hors intersection,Normale,Trois véhicules et plus - collisions multiples,,,,,,,,,,,1,1,1,1,5
200500078339,0005-12-24 11:45:00,5,12,24,11,45,190,60.0,,,,Plein jour,Hors agglomération,Hors intersection,Normale,Autre collision,,,,,,,,,,,1,1,1,1,6
200500078340,0005-12-10 01:15:00,5,12,10,1,15,190,123.0,AVENUE HONORE DE BALZAC,,,Nuit avec éclairage allumé,En agglomération,Hors intersection,Normale,Sans collision,,,,,,,,,,,5,2,1,1,7
200500078341,0005-12-18 11:45:00,5,12,18,11,45,190,123.0,Peyregude,45.19,1.58,Plein jour,Hors agglomération,Hors intersection,Normale,Deux véhicules - côté,,,,,,,,,,,1,1,1,1,3
200500078342,0005-12-03 13:40:00,5,12,3,13,40,190,23.0,D940 PK 26+700,,,Plein jour,Hors agglomération,Hors intersection,Neige / grêle,Sans collision,,,,,,,,,,,1,1,1,4,7
200500078343,0005-12-24 02:00:00,5,12,24,2,0,190,274.0,chemin des crêtes,45.179,1.511,Nuit avec éclairage allumé,En agglomération,Hors intersection,Normale,Sans collision,,,,,,,,,,,5,2,1,1,7
200500078344,0005-12-20 11:45:00,5,12,20,11,45,190,162.0,,45.341,1.569,Plein jour,Hors agglomération,Hors intersection,Normale,Sans collision,,,,,,,,,,,1,1,1,1,7
200500078345,0005-12-28 14:00:00,5,12,28,14,0,190,218.0,,45.442,2.446,Plein jour,Hors agglomération,Intersection en T,Temps couvert,Deux véhicules - côté,,,,,,,,,,,1,1,3,8,3
200500078346,0005-12-26 19:15:00,5,12,26,19,15,230,169.0,,46.13,1.94,Nuit sans éclairage public,Hors agglomération,Hors intersection,Normale,Autre collision,,,,,,,,,,,3,1,1,1,6
200500078347,0005-12-26 08:30:00,5,12,26,8,30,230,31.0,,46.347,2.226,Nuit sans éclairage public,Hors agglomération,Hors intersection,Normale,Autre collision,,,,,,,,,,,3,1,1,1,6
200500078348,0005-12-05 18:45:00,5,12,5,18,45,230,154.0,Place de la Mairie,,,Nuit avec éclairage allumé,En agglomération,Intersection en T,Temps couvert,Deux véhicules - côté,,,,,,,,,,,5,2,3,8,3
200500078349,0005-12-13 17:15:00,5,12,13,17,15,230,245.0,,46.184,1.847,Nuit avec éclairage allumé,Hors agglomération,Hors intersection,Temps couvert,Deux véhicules - frontale,,,,,,,,,,,5,1,1,8,1
200500078350,0005-12-09 14:15:00,5,12,9,14,15,230,60.0,,,,Plein jour,Hors agglomération,Hors intersection,Normale,Deux véhicules - frontale,,,,,,,,,,,1,1,1,1,1
200500078351,0005-12-16 09:00:00,5,12,16,9,0,230,159.0,,,,Plein jour,Hors agglomération,Hors intersection,Normale,Autre collision,,,,,,,,,,,1,1,1,1,6
200500078352,0005-12-31 16:10:00,5,12,31,16,10,230,185.0,""" l'Arbre de la Marche""",,,Plein jour,Hors agglomération,Hors intersection,Pluie légère,Sans collision,,,,,,,,,,,1,1,1,2,7
200500078353,0005-12-31 18:45:00,5,12,31,18,45,230,67.0,CD 982,,,Nuit sans éclairage public,Hors agglomération,Hors intersection,Pluie légère,Autre collision,,,,,,,,,,,3,1,1,2,6
200500078354,0005-12-22 15:30:00,5,12,22,15,30,230,30.0,Les treize vents,45.964,1.768,Plein jour,Hors agglomération,Hors intersection,Normale,Autre collision,,,,,,,,,,,1,1,1,1,6
200500078355,0005-12-30 19:30:00,5,12,30,19,30,230,189.0,Planchat,46.065,1.694,Nuit sans éclairage public,Hors agglomération,Hors intersection,Autre,Sans collision,,,,,,,,,,,3,1,1,9,7
200500078356,0005-12-12 12:15:00,5,12,12,12,15,310,44.0,,,,Plein jour,Hors agglomération,Hors intersection,Normale,Autre collision,,,,,,,,,,,1,1,1,1,6
200500078357,0005-12-13 18:30:00,5,12,13,18,30,310,411.0,85 route des coteaux,,,Nuit avec éclairage allumé,En agglomération,Hors intersection,Normale,Autre collision,,,,,,,,,,,5,2,1,1,6
200500078358,0005-12-23 18:45:00,5,12,23,18,45,310,575.0,,43.547,1.439,Nuit sans éclairage public,Hors agglomération,Hors intersection,Normale,Deux véhicules - frontale,,,,,,,,,,,3,1,1,1,1
200500078359,0005-12-11 05:00:00,5,12,11,5,0,310,358.0,,,,Nuit sans éclairage public,Hors agglomération,Hors intersection,Brouillard / fumée,Deux véhicules - frontale,,,,,,,,,,,3,1,1,5,1
200500078360,0005-12-16 14:30:00,5,12,16,14,30,310,383.0,CR.30,,,Plein jour,Hors agglomération,Hors intersection,Normale,Deux véhicules - côté,,,,,,,,,,,1,1,1,1,3
200500078361,0005-12-26 21:45:00,5,12,26,21,45,310,581.0,,,,Nuit avec éclairage allumé,Hors agglomération,Hors intersection,Normale,Deux véhicules - côté,,,,,,,,,,,5,1,1,1,3
200500078362,0005-12-30 19:10:00,5,12,30,19,10,310,587.0,,,,Crépuscule ou aube,Hors agglomération,Intersection en X,Pluie légère,Deux véhicules - côté,,,,,,,,,,,2,1,2,2,3
200500078363,0005-12-03 12:30:00,5,12,3,12,30,310,232.0,,,,Plein jour,Hors agglomération,Hors intersection,Normale,Autre collision,,,,,,,,,,,1,1,1,1,6
200500078364,0005-12-22 07:00:00,5,12,22,7,0,310,403.0,,43.795,1.299,Nuit sans éclairage public,Hors agglomération,Hors intersection,Brouillard / fumée,Trois véhicules et plus - collisions multiples,,,,,,,,,,,3,1,1,5,5
200500078365,0005-12-28 11:00:00,5,12,28,11,0,310,403.0,,,,Plein jour,Hors agglomération,Hors intersection,Temps couvert,Deux véhicules - frontale,,,,,,,,,,,1,1,1,8,1
200500078366,0005-12-02 18:30:00,5,12,2,18,30,310,117.0,,,,Nuit sans éclairage public,Hors agglomération,Hors intersection,Pluie légère,Autre collision,,,,,,,,,,,3,1,1,2,6
200500078367,0005-12-28 19:15:00,5,12,28,19,15,310,135.0,Rue Gabriel PERI,43.214,1.093,Nuit avec éclairage allumé,En agglomération,Hors intersection,Normale,Deux véhicules - frontale,,,,,,,,,,,5,2,1,1,1
200500078368,0005-12-30 13:30:00,5,12,30,13,30,310,193.0,,43.284,1.066,Plein jour,En agglomération,Hors intersection,Pluie légère,Autre collision,,,,,,,,,,,1,2,1,2,6
200500078369,0005-12-16 19:00:00,5,12,16,19,0,310,499.0,route de FONTENILLES,,,Nuit avec éclairage allumé,En agglomération,Hors intersection,Normale,Deux véhicules - côté,,,,,,,,,,,5,2,1,1,3
200500078370,0005-12-24 09:15:00,5,12,24,9,15,310,87.0,,,,Plein jour,En agglomération,Hors intersection,Autre,Sans collision,,,,,,,,,,,1,2,1,9,7
200500078371,0005-12-24 12:15:00,5,12,24,12,15,310,65.0,,,,Plein jour,Hors agglomération,Hors intersection,Autre,Sans collision,,,,,,,,,,,1,1,1,9,7
200500078372,0005-12-15 19:35:00,5,12,15,19,35,310,13.0,CD 8,43.08,0.635,Nuit sans éclairage public,Hors agglomération,Hors intersection,Normale,Deux véhicules - côté,,,,,,,,,,,3,1,1,1,3
200500078373,0005-12-21 17:45:00,5,12,21,17,45,310,585.0,,43.122,0.688,Plein jour,Hors agglomération,Hors intersection,Normale,Deux véhicules - arrière,,,,,,,,,,,1,1,1,1,2
200500078374,0005-12-03 19:15:00,5,12,3,19,15,310,276.0,,,,Nuit sans éclairage public,Hors agglomération,Hors intersection,Normale,Autre collision,,,,,,,,,,,3,1,1,1,6
200500078375,0005-12-21 18:15:00,5,12,21,18,15,310,457.0,,43.16,0.971,Crépuscule ou aube,Hors agglomération,Hors intersection,Autre,Trois véhicules et plus - en chaîne,,,,,,,,,,,2,1,1,9,4
200500078376,0005-12-11 07:45:00,5,12,11,7,45,310,573.0,,43.669,1.718,Crépuscule ou aube,Hors agglomération,Hors intersection,Brouillard / fumée,Autre collision,,,,,,,,,,,2,1,1,5,6
200500078377,0005-12-02 08:00:00,5,12,2,8,0,310,192.0,"LIEU DIT ""AYMARD""",43.506,1.618,Crépuscule ou aube,En agglomération,Hors intersection,Pluie légère,Deux véhicules - frontale,,,,,,,,,,,2,2,1,2,1
200500078378,0005-12-03 18:15:00,5,12,3,18,15,310,4.0,,43.455,1.591,Nuit sans éclairage public,Hors agglomération,Intersection en T,Normale,Deux véhicules - côté,,,,,,,,,,,3,1,3,1,3
200500078379,0005-12-11 02:30:00,5,12,11,2,30,310,478.0,,,,Nuit sans éclairage public,Hors agglomération,Intersection en T,Normale,Deux véhicules - côté,,,,,,,,,,,3,1,3,1,3
200500078380,0005-12-25 18:25:00,5,12,25,18,25,310,451.0,e de Castres - PK 77+300,,,Nuit sans éclairage public,Hors agglomération,Hors intersection,Brouillard / fumée,Deux véhicules - frontale,,,,,,,,,,,3,1,1,5,1
200500078381,0005-12-17 08:45:00,5,12,17,8,45,90,143.0,RD8,,,Plein jour,Hors agglomération,Hors intersection,Normale,Sans collision,,,,,,,,,,,1,1,1,1,7
200500078382,0005-12-06 16:00:00,5,12,6,16,0,90,245.0,route de PAMIERS,43.066,1.612,Plein jour,En agglomération,Intersection en T,Pluie légère,Deux véhicules - côté,,,,,,,,,,,1,2,3,2,3
200500078383,0005-12-24 08:30:00,5,12,24,8,30,90,238.0,,,,Crépuscule ou aube,Hors agglomération,Hors intersection,Normale,Autre collision,,,,,,,,,,,2,1,1,1,6
200500078384,0005-12-25 11:15:00,5,12,25,11,15,90,180.0,,43.134,1.837,Plein jour,Hors agglomération,Hors intersection,Normale,Sans collision,,,,,,,,,,,1,1,1,1,7
200500078385,0005-12-17 07:45:00,5,12,17,7,45,90,223.0,"CD32, PR 07+300",,,Crépuscule ou aube,Hors agglomération,Hors intersection,Pluie légère,Sans collision,,,,,,,,,,,2,1,1,2,7
200500078386,0005-12-26 14:30:00,5,12,26,14,30,120,145.0,,,,Plein jour,Hors agglomération,Hors intersection,Normale,Deux véhicules - arrière,,,,,,,,,,,1,1,1,1,2
200500078387,0005-12-24 09:00:00,5,12,24,9,0,120,131.0,,44.41,2.64,Plein jour,Hors agglomération,Hors intersection,Autre,Autre collision,,,,,,,,,,,1,1,1,9,6