accident_id,datetime,annee,mois,jour,heure,minute,departement,commune_insee,adresse,latitude,longitude,luminosite,agglomeration,intersection,meteo,collision,nb_vehicules,nb_usagers,nb_indemnes,nb_tues,nb_blesses_hosp,nb_blesses_legers,age_cond_1,age_cond_2,veh_type_cond_1,veh_type_cond_2,lum_code,agg_code,int_code,atm_code,col_code
200500078388,0005-12-24 17:30:00,5,12,24,17,30,120,43.0,,44.278,2.558,Plein jour,Hors agglomération,Hors intersection,Normale,Autre collision,,,,,,,,,,,1,1,1,1,6
200500078389,0005-12-03 10:15:00,5,12,3,10,15,120,288.0,,44.455,2.429,Plein jour,Hors agglomération,Hors intersection,Pluie légère,Autre collision,,,,,,,,,,,1,1,1,2,6
200500078390,0005-12-26 21:00:00,5,12,26,21,0,120,156.0,,44.612,2.801,Nuit sans éclairage public,Hors agglomération,Hors intersection,Normale,Sans collision,,,,,,,,,,,3,1,1,1,7
200500078391,0005-12-01 18:30:00,5,12,1,18,30,120,299.0,,,,Nuit sans éclairage public,Hors agglomération,Hors intersection,Pluie légère,Autre collision,,,,,,,,,,,3,1,1,2,6
200500078392,0005-12-04 16:30:00,5,12,4,16,30,120,80.0,,43.959,2.579,Crépuscule ou aube,Hors agglomération,Hors intersection,Pluie légère,Deux véhicules - frontale,,,,,,,,,,,2,1,1,2,1
200500078393,0005-12-20 16:30:00,5,12,20,16,30,120,44.0,,43.842,2.846,Crépuscule ou aube,Hors agglomération,Hors intersection,Autre,Autre collision,,,,,,,,,,,2,1,1,9,6
200500078394,0005-12-05 18:00:00,5,12,5,18,0,120,300.0,Route de Montauban,44.357,2.03,Nuit sans éclairage public,En agglomération,Hors intersection,Pluie légère,Autre collision,,,,,,,,,,,3,2,1,2,6
200500078395,0005-12-11 06:30:00,5,12,11,6,30,120,301.0,,44.483,2.031,Plein jour,Hors agglomération,Hors intersection,Normale,Autre collision,,,,,,,,,,,1,1,1,1,6
200500078396,0005-12-28 16:15:00,5,12,28,16,15,320,147.0,,,,Plein jour,Hors agglomération,Hors intersection,Normale,Deux véhicules - arrière,,,,,,,,,,,1,1,1,1,2
200500078397,0005-12-13 17:30:00,5,12,13,17,30,320,16.0,"Lieudit ""Le Pouche """,,,Nuit sans éclairage public,Hors agglomération,Hors intersection,Normale,Deux véhicules - frontale,,,,,,,,,,,3,1,1,1,1
200500078398,0005-12-10 10:00:00,5,12,10,10,0,320,213.0,9 boulevard des pyrénées,,,Plein jour,En agglomération,Hors intersection,Normale,Autre collision,,,,,,,,,,,1,2,1,1,6
200500078399,0005-12-25 06:00:00,5,12,25,6,0,320,462.0,,43.763,0.32,Nuit sans éclairage public,Hors agglomération,Hors intersection,Autre,Sans collision,,,,,,,,,,,3,1,1,9,7
200500078400,0005-12-02 14:15:00,5,12,2,14,15,320,292.0,CD 931,,,Plein jour,En agglomération,Hors intersection,Pluie légère,Deux véhicules - frontale,,,,,,,,,,,1,2,1,2,1
200500078401,0005-12-17 22:30:00,5,12,17,22,30,320,107.0,,43.928,0.376,Nuit sans éclairage public,Hors agglomération,Hors intersection,Normale,Autre collision,,,,,,,,,,,3,1,1,1,6
200500078402,0005-12-20 21:45:00,5,12,20,21,45,320,125.0,,,,Nuit sans éclairage public,Hors agglomération,Hors intersection,Normale,Trois véhicules et plus - collisions multiples,,,,,,,,,,,3,1,1,1,5
200500078403,0005-12-10 10:45:00,5,12,10,10,45,320,208.0,,43.973,0.706,Plein jour,Hors agglomération,Hors intersection,Normale,Deux véhicules - côté,,,,,,,,,,,1,1,1,1,3
200500078404,0005-12-12 06:45:00,5,12,12,6,45,320,132.0,,,,Crépuscule ou aube,Hors agglomération,Hors intersection,Normale,Deux véhicules - arrière,,,,,,,,,,,2,1,1,1,2
200500078405,0005-12-20 20:30:00,5,12,20,20,30,320,306.0,,43.878,0.606,Nuit sans éclairage public,Hors agglomération,Hors intersection,Autre,Sans collision,,,,,,,,,,,3,1,1,9,7
200500078406,0005-12-31 15:00:00,5,12,31,15,0,320,253.0,,43.997,0.758,Plein jour,Hors agglomération,Hors intersection,Pluie forte,Sans collision,,,,,,,,,,,1,1,1,3,7
200500078407,0005-12-13 15:15:00,5,12,13,15,15,320,169.0,,43.478,0.585,Plein jour,Hors agglomération,Intersection en X,Normale,Deux véhicules - côté,,,,,,,,,,,1,1,2,1,3
200500078408,0005-12-17 12:15:00,5,12,17,12,15,320,172.0,,43.566,0.506,Plein jour,Hors agglomération,Hors intersection,Pluie légère,Trois véhicules et plus - collisions multiples,,,,,,,,,,,1,1,1,2,5
200500078409,0005-12-17 19:30:00,5,12,17,19,30,460,109.0,,44.304,1.47,Nuit sans éclairage public,Hors agglomération,Hors intersection,Normale,Deux véhicules - frontale,,,,,,,,,,,3,1,1,1,1
200500078410,0005-12-15 18:00:00,5,12,15,18,0,460,225.0,Rue Aristide  Briand,44.508,1.19,Nuit avec éclairage allumé,En agglomération,Hors intersection,Normale,Deux véhicules - frontale,,,,,,,,,,,5,2,1,1,1
200500078411,0005-12-31 16:45:00,5,12,31,16,45,460,88.0,,,,Crépuscule ou aube,Hors agglomération,Hors intersection,Pluie forte,Deux véhicules - frontale,,,,,,,,,,,2,1,1,3,1
200500078412,0005-12-18 15:40:00,5,12,18,15,40,460,160.0,Lieu dit Boudet,,,Plein jour,En agglomération,Hors intersection,Temps éblouissant,Deux véhicules - frontale,,,,,,,,,,,1,2,1,7,1
200500078413,0005-12-16 19:30:00,5,12,16,19,30,460,132.0,Lieu-dit La Canétie,,,Nuit sans éclairage public,Hors agglomération,Hors intersection,Pluie légère,Deux véhicules - frontale,,,,,,,,,,,3,1,1,2,1
200500078414,0005-12-05 14:15:00,5,12,5,14,15,460,127.0,,,,Plein jour,Hors agglomération,Hors intersection,Temps couvert,Deux véhicules - frontale,,,,,,,,,,,1,1,1,8,1
200500078415,0005-12-21 15:00:00,5,12,21,15,0,460,72.0,,44.68,1.375,Plein jour,Hors agglomération,Hors intersection,Normale,Trois véhicules et plus - collisions multiples,,,,,,,,,,,1,1,1,1,5
200500078416,0005-12-26 09:00:00,5,12,26,9,0,460,86.0,,44.999,1.514,Plein jour,Hors agglomération,Hors intersection,Autre,Deux véhicules - frontale,,,,,,,,,,,1,1,1,9,1
200500078417,0005-12-20 08:30:00,5,12,20,8,30,460,153.0,Grézelade,44.862,1.471,Plein jour,Hors agglomération,Hors intersection,Normale,Sans collision,,,,,,,,,,,1,1,1,1,7
200500078418,0005-12-23 11:30:00,5,12,23,11,30,650,284.0,rue de l'agriculture,43.18,0.02,Plein jour,En agglomération,Hors intersection,Normale,Autre collision,,,,,,,,,,,1,2,1,1,6
200500078419,0005-12-06 11:30:00,5,12,6,11,30,650,375.0,,,,Plein jour,Hors agglomération,Intersection en X,Pluie forte,Deux véhicules - côté,,,,,,,,,,,1,1,2,3,3
200500078420,0005-12-16 18:50:00,5,12,16,18,50,650,369.0,rue du Centre,,,Nuit avec éclairage allumé,En agglomération,Hors intersection,Normale,Sans collision,,,,,,,,,,,5,2,1,1,7
200500078421,0005-12-23 14:45:00,5,12,23,14,45,650,460.0,RUE THIERS,43.394,0.056,Plein jour,En agglomération,Hors intersection,Normale,Autre collision,,,,,,,,,,,1,2,1,1,6
200500078422,0005-12-10 18:40:00,5,12,10,18,40,650,258.0,Rue Bellevue - RD 10,,,Nuit avec éclairage allumé,En agglomération,Hors intersection,Normale,Deux véhicules - côté,,,,,,,,,,,5,2,1,1,3
200500078423,0005-12-29 15:45:00,5,12,29,15,45,810,297.0,,43.92,2.069,Plein jour,Hors agglomération,Hors intersection,Normale,Deux véhicules - arrière,,,,,,,,,,,1,1,1,1,2
200500078424,0005-12-17 20:45:00,5,12,17,20,45,810,319.0,,44.008,2.038,Nuit sans éclairage public,Hors agglomération,Intersection en X,Normale,Deux véhicules - côté,,,,,,,,,,,3,1,2,1,3
200500078425,0005-12-19 14:30:00,5,12,19,14,30,810,101.0,la moussoullie,44.019,2.157,Plein jour,En agglomération,Hors intersection,Normale,Deux véhicules - côté,,,,,,,,,,,1,2,1,1,3
200500078426,0005-12-06 09:10:00,5,12,6,9,10,810,249.0,CD 78 Côte de Fonbonne,,,Plein jour,Hors agglomération,Hors intersection,Pluie forte,Autre collision,,,,,,,,,,,1,1,1,3,6
200500078427,0005-12-08 11:30:00,5,12,8,11,30,810,264.0,,44.024,2.437,Plein jour,Hors agglomération,Hors intersection,Temps couvert,Deux véhicules - frontale,,,,,,,,,,,1,1,1,8,1
200500078428,0005-12-04 04:30:00,5,12,4,4,30,810,103.0,ieu-dit Pont de Carausse,43.71,2.622,Nuit sans éclairage public,Hors agglomération,Hors intersection,Autre,Sans collision,,,,,,,,,,,3,1,1,9,7
200500078429,0005-12-15 18:30:00,5,12,15,18,30,810,42.0,,43.632,2.353,Nuit sans éclairage public,Hors agglomération,Hors intersection,Autre,Deux véhicules - côté,,,,,,,,,,,3,1,1,9,3
200500078430,0005-12-05 19:30:00,5,12,5,19,30,810,178.0,,43.919,1.59,Nuit sans éclairage public,Hors agglomération,Hors intersection,Pluie légère,Deux véhicules - frontale,,,,,,,,,,,3,1,1,2,1
200500078431,0005-12-24 12:30:00,5,12,24,12,30,810,145.0,,43.915,1.766,Plein jour,Hors agglomération,Hors intersection,Normale,Sans collision,,,,,,,,,,,1,1,1,1,7
200500078432,0005-12-22 18:50:00,5,12,22,18,50,810,289.0,Plaine de Batjoul,,,Nuit sans éclairage public,Hors agglomération,Hors intersection,Brouillard / fumée,Sans collision,,,,,,,,,,,3,1,1,5,7
200500078433,0005-12-22 16:45:00,5,12,22,16,45,810,120.0,08 av Charles De Gaulle,43.543,2.26,Plein jour,En agglomération,Hors intersection,Temps éblouissant,Autre collision,,,,,,,,,,,1,2,1,7,6
200500078434,0005-12-03 09:45:00,5,12,3,9,45,820,195.0,,44.084,1.28,Plein jour,Hors agglomération,Hors intersection,Pluie légère,Deux véhicules - côté,,,,,,,,,,,1,1,1,2,3
200500078435,0005-12-06 06:15:00,5,12,6,6,15,820,179.0,,,,Nuit sans éclairage public,Hors agglomération,Hors intersection,Pluie légère,Autre collision,,,,,,,,,,,3,1,1,2,6
200500078436,0005-12-13 14:45:00,5,12,13,14,45,820,149.0,,44.123,1.528,Plein jour,Hors agglomération,Hors intersection,Normale,Deux véhicules - frontale,,,,,,,,,,,1,1,1,1,1
200500078437,0005-12-10 18:00:00,5,12,10,18,0,820,115.0,,,,Nuit sans éclairage public,Hors agglomération,Hors intersection,Pluie légère,Autre collision,,,,,,,,,,,3,1,1,2,6
200500078438,0005-12-24 11:45:00,5,12,24,11,45,820,18.0,CARREFOUR D64 / D78,,,Plein jour,En agglomération,Intersection en X,Normale,Deux véhicules - côté,,,,,,,,,,,1,2,2,1,3
200500078439,0005-12-26 17:00:00,5,12,26,17,0,820,134.0,lieu dit Las planes,,,Plein jour,Hors agglomération,Hors intersection,Normale,Deux véhicules - frontale,,,,,,,,,,,1,1,1,1,1
200500078440,0005-12-20 13:00:00,5,12,20,13,0,820,79.0,,43.938,1.342,Plein jour,Hors agglomération,Hors intersection,Normale,Autre collision,,,,,,,,,,,1,1,1,1,6
200500078441,0005-12-02 16:30:00,5,12,2,16,30,820,170.0,,,,Plein jour,Hors agglomération,Hors intersection,Pluie légère,Deux véhicules - frontale,,,,,,,,,,,1,1,1,2,1
200500078442,0005-12-01 11:00:00,5,12,1,11,0,820,171.0,,,,Plein jour,Hors agglomération,Hors intersection,Normale,Autre collision,,,,,,,,,,,1,1,1,1,6
200500078443,0005-12-03 03:00:00,5,12,3,3,0,820,123.0,Micaille,,,Nuit sans éclairage public,Hors agglomération,Hors intersection,Pluie forte,Autre collision,,,,,,,,,,,3,1,1,3,6
200500078444,0005-12-01 20:10:00,5,12,1,20,10,820,186.0,Boulevard Victor Guilhem,,,Nuit avec éclairage allumé,En agglomération,Hors intersection,Normale,Deux véhicules - frontale,,,,,,,,,,,5,2,1,1,1
200500078445,0005-12-16 19:45:00,5,12,16,19,45,820,72.0,RN 113,,,Nuit sans éclairage public,Hors agglomération,Hors intersection,Normale,Sans collision,,,,,,,,,,,3,1,1,1,7
200500078446,0005-12-22 02:30:00,5,12,22,2,30,820,165.0,,,,Nuit sans éclairage public,Hors agglomération,Hors intersection,Brouillard / fumée,Autre collision,,,,,,,,,,,3,1,1,5,6
200500078447,0005-12-01 13:00:00,5,12,1,13,0,690,81.0,avenue Guy de Collongues,,,Plein jour,En agglomération,Autre intersection,Normale,Deux véhicules - côté,,,,,,,,,,,1,2,9,1,3
200500078448,0005-12-19 14:30:00,5,12,19,14,30,690,72.0,39 chemin des peupliers,45.819,4.757,Plein jour,En agglomération,Hors intersection,Normale,Deux véhicules - côté,,,,,,,,,,,1,2,1,1,3
200500078449,0005-12-24 12:00:00,5,12,24,12,0,690,127.0,,,,Plein jour,Hors agglomération,Hors intersection,Temps couvert,Trois véhicules et plus - collisions multiples,,,,,,,,,,,1,1,1,8,5
200500078450,0005-12-02 16:25:00,5,12,2,16,25,690,285.0,onale et route de Jonage,,,Plein jour,En agglomération,Hors intersection,Normale,Deux véhicules - côté,,,,,,,,,,,1,2,1,1,3
200500078451,0005-12-22 22:15:00,5,12,22,22,15,690,163.0,,45.922,4.766,Nuit sans éclairage public,Hors agglomération,Hors intersection,Normale,Deux véhicules - frontale,,,,,,,,,,,3,1,1,1,1
200500078452,0005-12-05 18:30:00,5,12,5,18,30,690,286.0,115 ROUTE DE GENEVE,,,Nuit avec éclairage allumé,En agglomération,Hors intersection,Normale,Trois véhicules et plus - en chaîne,,,,,,,,,,,5,2,1,1,4
200500078453,0005-12-09 08:15:00,5,12,9,8,15,690,286.0,rte de strasbourg,,,Plein jour,En agglomération,Giratoire,Pluie légère,Deux véhicules - côté,,,,,,,,,,,1,2,6,2,3
200500078454,0005-12-03 16:30:00,5,12,3,16,30,690,281.0,t ' la croix de pierre ',,,Plein jour,En agglomération,Hors intersection,Normale,Deux véhicules - côté,,,,,,,,,,,1,2,1,1,3
200500078455,0005-12-12 13:30:00,5,12,12,13,30,690,273.0,Rue du Dauphiné,,,Plein jour,En agglomération,Hors intersection,Normale,Deux véhicules - frontale,,,,,,,,,,,1,2,1,1,1
200500078456,0005-12-23 21:00:00,5,12,23,21,0,690,136.0,,,,Nuit sans éclairage public,Hors agglomération,Hors intersection,Normale,Trois véhicules et plus - collisions multiples,,,,,,,,,,,3,1,1,1,5
200500078457,0005-12-24 20:00:00,5,12,24,20,0,690,86.0,,,,Nuit sans éclairage public,Hors agglomération,Hors intersection,Normale,Autre collision,,,,,,,,,,,3,1,1,1,6
200500078458,0005-12-12 08:30:00,5,12,12,8,30,690,178.0,,,,Plein jour,Hors agglomération,Hors intersection,Temps couvert,Trois véhicules et plus - collisions multiples,,,,,,,,,,,1,1,1,8,5
200500078459,0005-12-15 22:45:00,5,12,15,22,45,690,67.0,,,,Nuit sans éclairage public,Hors agglomération,Hors intersection,Normale,Sans collision,,,,,,,,,,,3,1,1,1,7
200500078460,0005-12-30 15:15:00,5,12,30,15,15,690,110.0,RD 2,,,Plein jour,Hors agglomération,Hors intersection,Neige / grêle,Sans collision,,,,,,,,,,,1,1,1,4,7
200500078461,0005-12-27 21:30:00,5,12,27,21,30,690,148.0,CD 36,,,Nuit sans éclairage public,Hors agglomération,Hors intersection,Normale,Autre collision,,,,,,,,,,,3,1,1,1,6
200500078462,0005-12-03 10:45:00,5,12,3,10,45,690,105.0,rue des Compagnons,,,Plein jour,En agglomération,Hors intersection,Normale,Deux véhicules - côté,,,,,,,,,,,1,2,1,1,3
200500078463,0005-12-20 18:30:00,5,12,20,18,30,690,105.0,Grand rue,,,Nuit avec éclairage allumé,En agglomération,Giratoire,Normale,Deux véhicules - côté,,,,,,,,,,,5,2,6,1,3
200500078464,0005-12-08 17:00:00,5,12,8,17,0,690,121.0,CD 485,,,Nuit sans éclairage public,Hors agglomération,Hors intersection,Pluie légère,Deux véhicules - côté,,,,,,,,,,,3,1,1,2,3
200500078465,0005-12-16 07:30:00,5,12,16,7,30,690,4.0,CD 76,,,Nuit avec éclairage allumé,En agglomération,Hors intersection,Normale,Trois véhicules et plus - collisions multiples,,,,,,,,,,,5,2,1,1,5
200500078466,0005-12-19 10:45:00,5,12,19,10,45,690,19.0,rue du Bois Baron,,,Plein jour,En agglomération,Intersection en X,Normale,Deux véhicules - côté,,,,,,,,,,,1,2,2,1,3
200500078467,0005-12-23 17:00:00,5,12,23,17,0,690,19.0,,,,Plein jour,Hors agglomération,Hors intersection,Normale,Autre collision,,,,,,,,,,,1,1,1,1,6
200500078468,0005-12-08 08:45:00,5,12,8,8,45,690,24.0,Les Petits Ponts,,,Plein jour,Hors agglomération,Hors intersection,Pluie légère,Deux véhicules - arrière,,,,,,,,,,,1,1,1,2,2
200500078469,0005-12-17 17:30:00,5,12,17,17,30,690,50.0,Chemin de la colletière,,,Nuit sans éclairage public,En agglomération,Hors intersection,Normale,Sans collision,,,,,,,,,,,3,2,1,1,7
200500078470,0005-12-19 09:05:00,5,12,19,9,5,690,56.0,//////,,,Plein jour,Hors agglomération,Hors intersection,Normale,Deux véhicules - frontale,,,,,,,,,,,1,1,1,1,1
200500078471,0005-12-20 13:15:00,5,12,20,13,15,690,160.0,,,,Plein jour,Hors agglomération,Hors intersection,Temps couvert,Deux véhicules - côté,,,,,,,,,,,1,1,1,8,3
200500078472,0005-12-01 18:30:00,5,12,1,18,30,690,169.0,lieu- dit les 4 vents,,,Nuit avec éclairage allumé,En agglomération,Hors intersection,Normale,Deux véhicules - frontale,,,,,,,,,,,5,2,1,1,1
200500078473,0005-12-07 16:30:00,5,12,7,16,30,690,6.0,route de CUBLIZE,45.987,4.339,Crépuscule ou aube,En agglomération,Hors intersection,Pluie légère,Deux véhicules - frontale,,,,,,,,,,,2,2,1,2,1
200500078474,0005-12-15 11:30:00,5,12,15,11,30,10,321.0,,,,Plein jour,Hors agglomération,Hors intersection,Normale,Sans collision,,,,,,,,,,,1,1,1,1,7
200500078475,0005-12-28 15:30:00,5,12,28,15,30,10,241.0,,,,Plein jour,Hors agglomération,Hors intersection,Pluie légère,Sans collision,,,,,,,,,,,1,1,1,2,7
200500078476,0005-12-16 10:00:00,5,12,16,10,0,10,352.0,,,,Plein jour,Hors agglomération,Hors intersection,Pluie légère,Deux véhicules - frontale,,,,,,,,,,,1,1,1,2,1
200500078477,0005-12-02 04:00:00,5,12,2,4,0,10,145.0,D22,,,Nuit sans éclairage public,Hors agglomération,Hors intersection,Normale,Sans collision,,,,,,,,,,,3,1,1,1,7
200500078478,0005-12-25 14:15:00,5,12,25,14,15,10,363.0,,,,Plein jour,Hors agglomération,Hors intersection,Normale,Deux véhicules - côté,,,,,,,,,,,1,1,1,1,3
200500078479,0005-12-18 19:30:00,5,12,18,19,30,10,403.0,rue de la plantaz,,,Plein jour,En agglomération,Hors intersection,Normale,Autre collision,,,,,,,,,,,1,2,1,1,6
200500078480,0005-12-24 02:30:00,5,12,24,2,30,10,216.0,,,,Nuit sans éclairage public,Hors agglomération,Hors intersection,Brouillard / fumée,Sans collision,,,,,,,,,,,3,1,1,5,7
200500078481,0005-12-11 12:15:00,5,12,11,12,15,10,118.0,,,,Plein jour,Hors agglomération,Hors intersection,Normale,Trois véhicules et plus - collisions multiples,,,,,,,,,,,1,1,1,1,5
200500078482,0005-12-26 08:00:00,5,12,26,8,0,10,66.0,,45.867,5.551,Plein jour,Hors agglomération,Hors intersection,Neige / grêle,Sans collision,,,,,,,,,,,1,1,1,4,7
200500078483,0005-12-03 17:30:00,5,12,3,17,30,10,8.0,RN 75,,,Nuit avec éclairage allumé,Hors agglomération,Hors intersection,Normale,Trois véhicules et plus - collisions multiples,,,,,,,,,,,5,1,1,1,5
200500078484,0005-12-05 22:45:00,5,12,5,22,45,10,390.0,CD 20,,,Nuit sans éclairage public,Hors agglomération,Autre intersection,Pluie légère,Sans collision,,,,,,,,,,,3,1,9,2,7
200500078485,0005-12-20 21:55:00,5,12,20,21,55,10,202.0,Déviation RN 75,,,Nuit sans éclairage public,Hors agglomération,Hors intersection,Normale,Autre collision,,,,,,,,,,,3,1,1,1,6
200500078486,0005-12-08 17:50:00,5,12,8,17,50,10,345.0,Rue de la République,,,Nuit avec éclairage allumé,En agglomération,Hors intersection,Pluie légère,Deux véhicules - frontale,,,,,,,,,,,5,2,1,2,1
200500078487,0005-12-12 10:20:00,5,12,12,10,20,10,202.0,CD 20,,,Plein jour,Hors agglomération,Hors intersection,Brouillard / fumée,Deux véhicules - frontale,,,,,,,,,,,1,1,1,5,1
200500078488,0005-12-13 17:45:00,5,12,13,17,45,10,416.0,RN 504,,,Nuit avec éclairage allumé,En agglomération,Hors intersection,Normale,Deux véhicules - frontale,,,,,,,,,,,5,2,1,1,1
200500078489,0005-12-22 17:30:00,5,12,22,17,30,10,224.0,carrefour de Ricotty,,,Nuit sans éclairage public,Hors agglomération,Intersection en X,Normale,Trois véhicules et plus - collisions multiples,,,,,,,,,,,3,1,2,1,5
200500078490,0005-12-25 14:35:00,5,12,25,14,35,10,386.0,Route du port,,,Plein jour,Hors agglomération,Hors intersection,Normale,Autre collision,,,,,,,,,,,1,1,1,1,6
200500078491,0005-12-07 23:06:00,5,12,7,23,6,10,44.0,CD 991,,,Nuit sans éclairage public,Hors agglomération,Hors intersection,Temps couvert,Autre collision,,,,,,,,,,,3,1,1,8,6
200500078492,0005-12-19 09:15:00,5,12,19,9,15,10,91.0,RN 84,,,Plein jour,Hors agglomération,Hors intersection,Normale,Deux véhicules - frontale,,,,,,,,,,,1,1,1,1,1
200500078493,0005-12-01 16:30:00,5,12,1,16,30,10,313.0,,46.251,6.09,Plein jour,Hors agglomération,Hors intersection,Normale,Deux véhicules - frontale,,,,,,,,,,,1,1,1,1,1
200500078494,0005-12-23 17:15:00,5,12,23,17,15,10,103.0,CD 984 C,,,Nuit avec éclairage allumé,En agglomération,Hors intersection,Temps couvert,Deux véhicules - frontale,,,,,,,,,,,5,2,1,8,1
200500078495,0005-12-30 15:20:00,5,12,30,15,20,10,209.0,"N206, PK4+500",,,Plein jour,Hors agglomération,Hors intersection,Temps couvert,Deux véhicules - frontale,,,,,,,,,,,1,1,1,8,1
200500078496,0005-12-17 07:00:00,5,12,17,7,0,10,354.0,D 35,46.249,6.041,Crépuscule ou aube,Hors agglomération,Hors intersection,Pluie légère,Sans collision,,,,,,,,,,,2,1,1,2,7
200500078497,0005-12-17 16:45:00,5,12,17,16,45,10,209.0,RN 206,46.109,5.876,Nuit sans éclairage public,Hors agglomération,Hors intersection,Neige / grêle,Deux véhicules - frontale,,,,,,,,,,,3,1,1,4,1
200500078498,0005-12-28 19:45:00,5,12,28,19,45,10,109.0,,46.149,5.92,Nuit sans éclairage public,Hors agglomération,Hors intersection,Normale,Autre collision,,,,,,,,,,,3,1,1,1,6
200500078499,0005-12-14 12:30:00,5,12,14,12,30,10,359.0,,,,Plein jour,Hors agglomération,Hors intersection,Normale,Autre collision,,,,,,,,,,,1,1,1,1,6
200500078500,0005-12-15 19:00:00,5,12,15,19,0,10,129.0,,,,Nuit sans éclairage public,Hors agglomération,Hors intersection,Pluie légère,Sans collision,,,,,,,,,,,3,1,1,2,7
200500078501,0005-12-17 11:45:00,5,12,17,11,45,10,74.0,,46.023,5.135,Plein jour,Hors agglomération,Hors intersection,Normale,Deux véhicules - frontale,,,,,,,,,,,1,1,1,1,1
200500078502,0005-12-20 17:00:00,5,12,20,17,0,10,383.0,,46.104,5.126,Plein jour,Hors agglomération,Hors intersection,Normale,Deux véhicules - frontale,,,,,,,,,,,1,1,1,1,1
200500078503,0005-12-07 20:45:00,5,12,7,20,45,10,93.0,,,,Nuit sans éclairage public,Hors agglomération,Hors intersection,Autre,Sans collision,,,,,,,,,,,3,1,1,9,7
200500078504,0005-12-15 08:15:00,5,12,15,8,15,10,272.0,,,,Plein jour,Hors agglomération,Hors intersection,Temps couvert,Deux véhicules - frontale,,,,,,,,,,,1,1,1,8,1
200500078505,0005-12-18 17:30:00,5,12,18,17,30,10,457.0,,,,Nuit sans éclairage public,Hors agglomération,Hors intersection,Normale,Deux véhicules - côté,,,,,,,,,,,3,1,1,1,3
200500078506,0005-12-22 18:15:00,5,12,22,18,15,10,249.0,Quai du Rhône,,,Nuit avec éclairage allumé,En agglomération,Hors intersection,Normale,Sans collision,,,,,,,,,,,5,2,1,1,7
200500078507,0005-12-15 07:30:00,5,12,15,7,30,10,276.0,CD 61,,,Nuit sans éclairage public,Hors agglomération,Hors intersection,Autre,Deux véhicules - frontale,,,,,,,,,,,3,1,1,9,1
200500078508,0005-12-07 16:15:00,5,12,7,16,15,10,446.0,le perrochet,,,Plein jour,Hors agglomération,Intersection en X,Pluie légère,Deux véhicules - côté,,,,,,,,,,,1,1,2,2,3
200500078509,0005-12-11 16:30:00,5,12,11,16,30,70,122.0,,,,Plein jour,Hors agglomération,Hors intersection,Normale,Sans collision,,,,,,,,,,,1,1,1,1,7
200500078510,0005-12-01 00:30:00,5,12,1,0,30,70,259.0,,44.289,4.615,Nuit sans éclairage public,Hors agglomération,Hors intersection,Normale,Deux véhicules - côté,,,,,,,,,,,3,1,1,1,3
200500078511,0005-12-10 14:00:00,5,12,10,14,0,70,286.0,SIBLEYRAS,,,Plein jour,En agglomération,Hors intersection,Normale,Sans collision,,,,,,,,,,,1,2,1,1,7
200500078512,0005-12-27 11:00:00,5,12,27,11,0,70,30.0,,,,Plein jour,Hors agglomération,Hors intersection,Normale,Deux véhicules - côté,,,,,,,,,,,1,1,1,1,3
200500078513,0005-12-24 04:00:00,5,12,24,4,0,70,191.0,,44.599,4.715,Nuit sans éclairage public,Hors agglomération,Hors intersection,Normale,Autre collision,,,,,,,,,,,3,1,1,1,6
200500078514,0005-12-10 00:30:00,5,12,10,0,30,70,138.0,quartier les arches,,,Nuit sans éclairage public,Hors agglomération,Hors intersection,Normale,Deux véhicules - frontale,,,,,,,,,,,3,1,1,1,1
200500078515,0005-12-02 07:30:00,5,12,2,7,30,70,27.0,,,,Crépuscule ou aube,Hors agglomération,Hors intersection,Pluie légère,Trois véhicules et plus - collisions multiples,,,,,,,,,,,2,1,1,2,5
200500078516,0005-12-12 07:30:00,5,12,12,7,30,70,22.0,,,,Crépuscule ou aube,Hors agglomération,Hors intersection,Normale,Autre collision,,,,,,,,,,,2,1,1,1,6
200500078517,0005-12-20 17:30:00,5,12,20,17,30,70,260.0,CD 2,,,Nuit sans éclairage public,Hors agglomération,Intersection en X,Normale,Deux véhicules - côté,,,,,,,,,,,3,1,2,1,3
200500078518,0005-12-30 21:45:00,5,12,30,21,45,70,288.0,,44.727,4.522,Nuit sans éclairage public,Hors agglomération,Hors intersection,Pluie forte,Deux véhicules - frontale,,,,,,,,,,,3,1,1,3,1