accident_id,datetime,annee,mois,jour,heure,minute,departement,commune_insee,adresse,latitude,longitude,luminosite,agglomeration,intersection,meteo,collision,nb_vehicules,nb_usagers,nb_indemnes,nb_tues,nb_blesses_hosp,nb_blesses_legers,age_cond_1,age_cond_2,veh_type_cond_1,veh_type_cond_2,lum_code,agg_code,int_code,atm_code,col_code
200500078911,0005-12-12 08:45:00,5,12,12,8,45,580,32.0,Rue des viaudes,47.483,3.408,Plein jour,En agglomération,Hors intersection,Normale,Autre collision,,,,,,,,,,,1,2,1,1,6
200500078912,0005-12-24 00:45:00,5,12,24,0,45,580,157.0,,47.356,3.962,Nuit sans éclairage public,Hors agglomération,Autre intersection,Autre,Autre collision,,,,,,,,,,,3,1,9,9,6
200500078913,0005-12-20 08:45:00,5,12,20,8,45,580,36.0,,,,Crépuscule ou aube,Hors agglomération,Hors intersection,Brouillard / fumée,Autre collision,,,,,,,,,,,2,1,1,5,6
200500078914,0005-12-03 11:00:00,5,12,3,11,0,710,236.0,LD Domange,46.405,4.744,Plein jour,En agglomération,Intersection en X,Normale,Trois véhicules et plus - collisions multiples,,,,,,,,,,,1,2,2,1,5
200500078915,0005-12-31 09:00:00,5,12,31,9,0,710,316.0,,46.338,4.429,Plein jour,Hors agglomération,Hors intersection,Normale,Autre collision,,,,,,,,,,,1,1,1,1,6
200500078916,0005-12-22 17:30:00,5,12,22,17,30,710,414.0,Les longs Bois,,,Nuit avec éclairage allumé,Hors agglomération,Intersection en X,Normale,Deux véhicules - côté,,,,,,,,,,,5,1,2,1,3
200500078917,0005-12-24 16:40:00,5,12,24,16,40,710,535.0,Poizot,,,Plein jour,Hors agglomération,Hors intersection,Normale,Deux véhicules - frontale,,,,,,,,,,,1,1,1,1,1
200500078918,0005-12-28 02:00:00,5,12,28,2,0,710,10.0,,,,Nuit sans éclairage public,Hors agglomération,Hors intersection,Pluie légère,Autre collision,,,,,,,,,,,3,1,1,2,6
200500078919,0005-12-09 16:15:00,5,12,9,16,15,710,257.0,,,,Nuit sans éclairage public,Hors agglomération,Hors intersection,Normale,Autre collision,,,,,,,,,,,3,1,1,1,6
200500078920,0005-12-10 19:45:00,5,12,10,19,45,710,73.0,route de st loup,,,Nuit avec éclairage allumé,En agglomération,Hors intersection,Normale,Deux véhicules - côté,,,,,,,,,,,5,2,1,1,3
200500078921,0005-12-10 16:15:00,5,12,10,16,15,710,398.0,,,,Plein jour,Hors agglomération,Hors intersection,Normale,Deux véhicules - frontale,,,,,,,,,,,1,1,1,1,1
200500078922,0005-12-08 01:00:00,5,12,8,1,0,710,249.0,Route de Sermaizay,,,Nuit sans éclairage public,En agglomération,Hors intersection,Pluie légère,Autre collision,,,,,,,,,,,3,2,1,2,6
200500078923,0005-12-16 13:30:00,5,12,16,13,30,710,231.0,lotissemnt La Chesnaie,46.55,4.446,Plein jour,En agglomération,Hors intersection,Pluie légère,Autre collision,,,,,,,,,,,1,2,1,2,6
200500078924,0005-12-29 19:30:00,5,12,29,19,30,710,106.0,,46.444,4.307,Nuit avec éclairage allumé,Hors agglomération,Hors intersection,Neige / grêle,Deux véhicules - côté,,,,,,,,,,,5,1,1,4,3
200500078925,0005-12-06 20:45:00,5,12,6,20,45,710,451.0,,46.21,4.24,Nuit sans éclairage public,Hors agglomération,Hors intersection,Brouillard / fumée,Autre collision,,,,,,,,,,,3,1,1,5,6
200500078926,0005-12-05 09:30:00,5,12,5,9,30,710,176.0,"LA MOTTE ST JEAN, D 979",46.489,3.97,Plein jour,Hors agglomération,Hors intersection,Normale,Sans collision,,,,,,,,,,,1,1,1,1,7
200500078927,0005-12-11 06:05:00,5,12,11,6,5,710,238.0,"RD 982 ""La Marjolaine""",,,Nuit avec éclairage allumé,Hors agglomération,Hors intersection,Normale,Deux véhicules - côté,,,,,,,,,,,5,1,1,1,3
200500078928,0005-12-30 16:00:00,5,12,30,16,0,710,588.0,le champ du mont,,,Plein jour,Hors agglomération,Hors intersection,Neige / grêle,Deux véhicules - côté,,,,,,,,,,,1,1,1,4,3
200500078929,0005-12-08 12:45:00,5,12,8,12,45,710,47.0,Avenue PUZENAT,46.63,3.751,Plein jour,En agglomération,Hors intersection,Normale,Trois véhicules et plus - en chaîne,,,,,,,,,,,1,2,1,1,4
200500078930,0005-12-02 18:00:00,5,12,2,18,0,710,212.0,,,,Nuit avec éclairage allumé,Hors agglomération,Hors intersection,Temps couvert,Deux véhicules - frontale,,,,,,,,,,,5,1,1,8,1
200500078931,0005-12-05 08:30:00,5,12,5,8,30,710,340.0,,46.582,4.212,Plein jour,Hors agglomération,Intersection en X,Temps couvert,Deux véhicules - côté,,,,,,,,,,,1,1,2,8,3
200500078932,0005-12-08 13:15:00,5,12,8,13,15,710,565.0,CD 325,,,Plein jour,Hors agglomération,Hors intersection,Temps couvert,Sans collision,,,,,,,,,,,1,1,1,8,7
200500078933,0005-12-17 14:30:00,5,12,17,14,30,710,230.0,Rue du 08 mai 1945,,,Plein jour,En agglomération,Intersection en X,Normale,Deux véhicules - côté,,,,,,,,,,,1,2,2,1,3
200500078934,0005-12-24 16:30:00,5,12,24,16,30,710,230.0,Rue Jean JAURES,,,Plein jour,En agglomération,Hors intersection,Normale,Autre collision,,,,,,,,,,,1,2,1,1,6
200500078935,0005-12-26 11:15:00,5,12,26,11,15,710,132.0,Rue Philippe MARTIN,,,Plein jour,En agglomération,Hors intersection,Normale,Deux véhicules - côté,,,,,,,,,,,1,2,1,1,3
200500078936,0005-12-18 14:00:00,5,12,18,14,0,710,528.0,route de SORNAY,,,Plein jour,En agglomération,Autre intersection,Normale,Deux véhicules - côté,,,,,,,,,,,1,2,9,1,3
200500078937,0005-12-24 11:20:00,5,12,24,11,20,710,523.0,RN78,,,Plein jour,Hors agglomération,Intersection en T,Normale,Deux véhicules - côté,,,,,,,,,,,1,1,3,1,3
200500078938,0005-12-08 19:30:00,5,12,8,19,30,710,310.0,a Libération. (CD 290).,,,Nuit avec éclairage allumé,En agglomération,Hors intersection,Pluie légère,Autre collision,,,,,,,,,,,5,2,1,2,6
200500078939,0005-12-14 13:30:00,5,12,14,13,30,710,310.0,Avenue de la république,46.744,4.476,Plein jour,En agglomération,Hors intersection,Normale,Sans collision,,,,,,,,,,,1,2,1,1,7
200500078940,0005-12-13 12:15:00,5,12,13,12,15,890,337.0,31 ROUTE DE CHITRY,47.754,3.672,Plein jour,En agglomération,Hors intersection,Normale,Sans collision,,,,,,,,,,,1,2,1,1,7
200500078941,0005-12-16 18:45:00,5,12,16,18,45,890,337.0,,47.744,3.608,Nuit sans éclairage public,Hors agglomération,Intersection en X,Pluie légère,Deux véhicules - côté,,,,,,,,,,,3,1,2,2,3
200500078942,0005-12-27 10:45:00,5,12,27,10,45,890,237.0,,47.61,3.67,Plein jour,Hors agglomération,Passage à niveau,Normale,Deux véhicules - frontale,,,,,,,,,,,1,1,8,1,1
200500078943,0005-12-09 16:00:00,5,12,9,16,0,890,25.0,103 BIS RUE DE LYON,47.497,3.921,Plein jour,En agglomération,Hors intersection,Normale,Deux véhicules - côté,,,,,,,,,,,1,2,1,1,3
200500078944,0005-12-21 03:00:00,5,12,21,3,0,890,306.0,,47.497,3.868,Nuit sans éclairage public,Hors agglomération,Hors intersection,Normale,Autre collision,,,,,,,,,,,3,1,1,1,6
200500078945,0005-12-14 19:00:00,5,12,14,19,0,890,339.0,,47.561,3.972,Nuit sans éclairage public,Hors agglomération,Hors intersection,Brouillard / fumée,Sans collision,,,,,,,,,,,3,1,1,5,7
200500078946,0005-12-14 07:45:00,5,12,14,7,45,890,206.0,Route de Montargis,47.98,3.378,Crépuscule ou aube,En agglomération,Hors intersection,Normale,Deux véhicules - côté,,,,,,,,,,,2,2,1,1,3
200500078947,0005-12-08 11:00:00,5,12,8,11,0,890,443.0,AVENUE DE LA GARE,,,Plein jour,En agglomération,Hors intersection,Normale,Deux véhicules - frontale,,,,,,,,,,,1,2,1,1,1
200500078948,0005-12-20 10:00:00,5,12,20,10,0,890,443.0,,48.133,3.356,Plein jour,Hors agglomération,Hors intersection,Normale,Deux véhicules - frontale,,,,,,,,,,,1,1,1,1,1
200500078949,0005-12-16 16:30:00,5,12,16,16,30,890,456.0,,,,Nuit sans éclairage public,Hors agglomération,Hors intersection,Normale,Deux véhicules - frontale,,,,,,,,,,,3,1,1,1,1
200500078950,0005-12-21 17:30:00,5,12,21,17,30,890,255.0,,,,Nuit sans éclairage public,Hors agglomération,Hors intersection,Normale,Deux véhicules - côté,,,,,,,,,,,3,1,1,1,3
200500078951,0005-12-10 05:45:00,5,12,10,5,45,890,450.0,,48.162,3.132,Nuit sans éclairage public,Hors agglomération,Hors intersection,Normale,Deux véhicules - frontale,,,,,,,,,,,3,1,1,1,1
200500078952,0005-12-18 18:00:00,5,12,18,18,0,890,428.0,,,,Nuit sans éclairage public,Hors agglomération,Hors intersection,Pluie légère,Deux véhicules - côté,,,,,,,,,,,3,1,1,2,3
200500078953,0005-12-31 10:45:00,5,12,31,10,45,890,370.0,36 rue de la République,,,Plein jour,En agglomération,Hors intersection,Normale,Autre collision,,,,,,,,,,,1,2,1,1,6
200500078954,0005-12-06 16:15:00,5,12,6,16,15,890,464.0,rue carnot,,,Crépuscule ou aube,En agglomération,Hors intersection,Normale,Autre collision,,,,,,,,,,,2,2,1,1,6
200500078955,0005-12-17 04:30:00,5,12,17,4,30,890,464.0,RTE DE ST JULIEN DU SAUL,,,Nuit avec éclairage allumé,En agglomération,Hors intersection,Normale,Autre collision,,,,,,,,,,,5,2,1,1,6
200500078956,0005-12-27 16:15:00,5,12,27,16,15,890,18.0,,,,Plein jour,Hors agglomération,Hors intersection,Neige / grêle,Autre collision,,,,,,,,,,,1,1,1,4,6
200500078957,0005-12-01 11:00:00,5,12,1,11,0,890,131.0,,47.861,4.211,Plein jour,En agglomération,Hors intersection,Normale,Autre collision,,,,,,,,,,,1,2,1,1,6
200500078958,0005-12-07 17:30:00,5,12,7,17,30,890,284.0,,,,Nuit sans éclairage public,Hors agglomération,Hors intersection,Normale,Autre collision,,,,,,,,,,,3,1,1,1,6
200500078959,0005-12-09 14:45:00,5,12,9,14,45,890,5.0,29 grande rue,,,Plein jour,En agglomération,Hors intersection,Normale,Autre collision,,,,,,,,,,,1,2,1,1,6
200500078960,0005-12-27 10:45:00,5,12,27,10,45,250,631.0,,47.149,5.935,Plein jour,Hors agglomération,Hors intersection,Neige / grêle,Deux véhicules - côté,,,,,,,,,,,1,1,1,4,3
200500078961,0005-12-30 14:30:00,5,12,30,14,30,250,466.0,,,,Plein jour,Hors agglomération,Hors intersection,Normale,Trois véhicules et plus - collisions multiples,,,,,,,,,,,1,1,1,1,5
200500078962,0005-12-31 08:30:00,5,12,31,8,30,250,191.0,,,,Crépuscule ou aube,Hors agglomération,Hors intersection,Temps couvert,Autre collision,,,,,,,,,,,2,1,1,8,6
200500078963,0005-12-07 07:30:00,5,12,7,7,30,250,469.0,CD33,,,Crépuscule ou aube,En agglomération,Hors intersection,Pluie légère,Autre collision,,,,,,,,,,,2,2,1,2,6
200500078964,0005-12-18 23:15:00,5,12,18,23,15,250,48.0,,,,Nuit sans éclairage public,Hors agglomération,Hors intersection,Normale,Deux véhicules - frontale,,,,,,,,,,,3,1,1,1,1
200500078965,0005-12-05 13:00:00,5,12,5,13,0,250,589.0,,47.28,6.76,Plein jour,Hors agglomération,Hors intersection,Neige / grêle,Sans collision,,,,,,,,,,,1,1,1,4,7
200500078966,0005-12-10 00:01:00,5,12,10,0,1,250,74.0,"CD 437 - PK 88,210",,,Nuit sans éclairage public,Hors agglomération,Hors intersection,Vent fort / tempête,Deux véhicules - côté,,,,,,,,,,,3,1,1,6,3
200500078967,0005-12-24 23:15:00,5,12,24,23,15,250,470.0,RN 463,,,Nuit sans éclairage public,Hors agglomération,Hors intersection,Normale,Deux véhicules - frontale,,,,,,,,,,,3,1,1,1,1
200500078968,0005-12-27 11:30:00,5,12,27,11,30,250,368.0,CD486,,,Plein jour,Hors agglomération,Hors intersection,Neige / grêle,Deux véhicules - frontale,,,,,,,,,,,1,1,1,4,1
200500078969,0005-12-02 11:30:00,5,12,2,11,30,250,596.0,CD 27,,,Plein jour,Hors agglomération,Hors intersection,Normale,Deux véhicules - frontale,,,,,,,,,,,1,1,1,1,1
200500078970,0005-12-03 18:15:00,5,12,3,18,15,250,578.0,,,,Nuit sans éclairage public,Hors agglomération,Hors intersection,Pluie légère,Trois véhicules et plus - collisions multiples,,,,,,,,,,,3,1,1,2,5
200500078971,0005-12-21 17:15:00,5,12,21,17,15,250,578.0,CD 461,,,Nuit sans éclairage public,Hors agglomération,Hors intersection,Normale,Trois véhicules et plus - collisions multiples,,,,,,,,,,,3,1,1,1,5
200500078972,0005-12-27 10:45:00,5,12,27,10,45,250,222.0,,47.147,6.272,Plein jour,Hors agglomération,Hors intersection,Neige / grêle,Deux véhicules - frontale,,,,,,,,,,,1,1,1,4,1
200500078973,0005-12-16 17:30:00,5,12,16,17,30,250,515.0,,,,Nuit sans éclairage public,Hors agglomération,Hors intersection,Neige / grêle,Deux véhicules - côté,,,,,,,,,,,3,1,1,4,3
200500078974,0005-12-24 04:30:00,5,12,24,4,30,250,110.0,,46.914,6.271,Nuit sans éclairage public,Hors agglomération,Hors intersection,Brouillard / fumée,Deux véhicules - frontale,,,,,,,,,,,3,1,1,5,1
200500078975,0005-12-27 18:30:00,5,12,27,18,30,250,309.0,"72 - Lieu dit ""Belmont""",46.923,6.3,Nuit sans éclairage public,Hors agglomération,Hors intersection,Neige / grêle,Trois véhicules et plus - collisions multiples,,,,,,,,,,,3,1,1,4,5
200500078976,0005-12-16 18:00:00,5,12,16,18,0,250,321.0,,47.063,6.682,Nuit sans éclairage public,Hors agglomération,Hors intersection,Neige / grêle,Trois véhicules et plus - collisions multiples,,,,,,,,,,,3,1,1,4,5
200500078977,0005-12-31 13:00:00,5,12,31,13,0,250,160.0,,47.036,6.534,Plein jour,Hors agglomération,Hors intersection,Pluie forte,Deux véhicules - frontale,,,,,,,,,,,1,1,1,3,1
200500078978,0005-12-14 16:30:00,5,12,14,16,30,390,306.0,220 rue du Jura,,,Plein jour,En agglomération,Hors intersection,Temps couvert,Autre collision,,,,,,,,,,,1,2,1,8,6
200500078979,0005-12-17 09:45:00,5,12,17,9,45,390,177.0,,46.694,5.675,Plein jour,Hors agglomération,Hors intersection,Autre,Deux véhicules - côté,,,,,,,,,,,1,1,1,9,3
200500078980,0005-12-08 15:45:00,5,12,8,15,45,390,489.0,,,,Plein jour,Hors agglomération,Hors intersection,Pluie légère,Deux véhicules - côté,,,,,,,,,,,1,1,1,2,3
200500078981,0005-12-09 08:10:00,5,12,9,8,10,390,372.0,,46.783,6.0,Crépuscule ou aube,Hors agglomération,Hors intersection,Temps couvert,Sans collision,,,,,,,,,,,2,1,1,8,7
200500078982,0005-12-03 22:45:00,5,12,3,22,45,390,13.0,,46.919,5.772,Nuit sans éclairage public,Hors agglomération,Autre intersection,Pluie légère,Deux véhicules - frontale,,,,,,,,,,,3,1,9,2,1
200500078983,0005-12-07 15:30:00,5,12,7,15,30,390,434.0,,46.841,5.692,Plein jour,Hors agglomération,Hors intersection,Normale,Deux véhicules - côté,,,,,,,,,,,1,1,1,1,3
200500078984,0005-12-23 17:30:00,5,12,23,17,30,390,270.0,CD 475,,,Nuit sans éclairage public,Hors agglomération,Hors intersection,Normale,Deux véhicules - frontale,,,,,,,,,,,3,1,1,1,1
200500078985,0005-12-24 22:00:00,5,12,24,22,0,390,462.0,,,,Nuit sans éclairage public,Hors agglomération,Hors intersection,Temps couvert,Deux véhicules - arrière,,,,,,,,,,,3,1,1,8,2
200500078986,0005-12-12 00:01:00,5,12,12,0,1,390,409.0,,47.2,5.465,Nuit sans éclairage public,Hors agglomération,Hors intersection,Normale,Sans collision,,,,,,,,,,,3,1,1,1,7
200500078987,0005-12-17 08:45:00,5,12,17,8,45,390,323.0,,,,Plein jour,Hors agglomération,Hors intersection,Normale,Deux véhicules - côté,,,,,,,,,,,1,1,1,1,3
200500078988,0005-12-08 16:15:00,5,12,8,16,15,390,547.0,,46.354,5.748,Crépuscule ou aube,Hors agglomération,Hors intersection,Autre,Autre collision,,,,,,,,,,,2,1,1,9,6
200500078989,0005-12-16 12:30:00,5,12,16,12,30,390,368.0,,46.536,6.013,Plein jour,Hors agglomération,Hors intersection,Neige / grêle,Autre collision,,,,,,,,,,,1,1,1,4,6
200500078990,0005-12-16 12:30:00,5,12,16,12,30,390,441.0,,46.464,6.013,Plein jour,Hors agglomération,Hors intersection,Neige / grêle,Deux véhicules - frontale,,,,,,,,,,,1,1,1,4,1
200500078991,0005-12-18 14:45:00,5,12,18,14,45,390,487.0,,46.596,5.957,Plein jour,Hors agglomération,Hors intersection,Temps couvert,Trois véhicules et plus - collisions multiples,,,,,,,,,,,1,1,1,8,5
200500078992,0005-12-20 09:00:00,5,12,20,9,0,390,487.0,01 rue de Paris,46.581,5.954,Plein jour,En agglomération,Hors intersection,Temps éblouissant,Autre collision,,,,,,,,,,,1,2,1,7,6
200500078993,0005-12-03 05:45:00,5,12,3,5,45,700,219.0,,,,Nuit sans éclairage public,Hors agglomération,Hors intersection,Pluie légère,Sans collision,,,,,,,,,,,3,1,1,2,7
200500078994,0005-12-04 17:45:00,5,12,4,17,45,700,493.0,,47.398,6.047,Nuit sans éclairage public,Hors agglomération,Hors intersection,Pluie forte,Autre collision,,,,,,,,,,,3,1,1,3,6
200500078995,0005-12-06 17:15:00,5,12,6,17,15,700,351.0,,47.652,6.382,Crépuscule ou aube,Hors agglomération,Hors intersection,Pluie légère,Deux véhicules - frontale,,,,,,,,,,,2,1,1,2,1
200500078996,0005-12-08 17:30:00,5,12,8,17,30,700,432.0,Grande rue,,,Nuit avec éclairage allumé,En agglomération,Hors intersection,Pluie forte,Autre collision,,,,,,,,,,,5,2,1,3,6
200500078997,0005-12-14 11:30:00,5,12,14,11,30,700,310.0,RN 19,,,Plein jour,Hors agglomération,Hors intersection,Normale,Trois véhicules et plus - en chaîne,,,,,,,,,,,1,1,1,1,4
200500078998,0005-12-27 15:30:00,5,12,27,15,30,700,310.0,85 avenue carnot,,,Plein jour,En agglomération,Hors intersection,Neige / grêle,Deux véhicules - arrière,,,,,,,,,,,1,2,1,4,2
200500078999,0005-12-25 17:30:00,5,12,25,17,30,700,248.0,,47.666,6.743,Nuit sans éclairage public,Hors agglomération,Hors intersection,Temps couvert,Deux véhicules - frontale,,,,,,,,,,,3,1,1,8,1
200500079000,0005-12-15 05:45:00,5,12,15,5,45,700,470.0,Grande rue,,,Nuit avec éclairage allumé,En agglomération,Hors intersection,Autre,Deux véhicules - côté,,,,,,,,,,,5,2,1,9,3
200500079001,0005-12-23 14:00:00,5,12,23,14,0,700,26.0,48 Avenue de VERDUN,47.46,5.6,Plein jour,En agglomération,Hors intersection,Normale,Deux véhicules - arrière,,,,,,,,,,,1,2,1,1,2
200500079002,0005-12-25 12:10:00,5,12,25,12,10,700,491.0,,,,Plein jour,Hors agglomération,Hors intersection,Normale,Deux véhicules - côté,,,,,,,,,,,1,1,1,1,3
200500079003,0005-12-17 18:00:00,5,12,17,18,0,700,393.0,,,,Nuit sans éclairage public,Hors agglomération,Hors intersection,Normale,Autre collision,,,,,,,,,,,3,1,1,1,6
200500079004,0005-12-18 01:00:00,5,12,18,1,0,700,75.0,,,,Nuit sans éclairage public,Hors agglomération,Hors intersection,Normale,Deux véhicules - frontale,,,,,,,,,,,3,1,1,1,1
200500079005,0005-12-23 17:45:00,5,12,23,17,45,700,224.0,,,,Nuit sans éclairage public,Hors agglomération,Hors intersection,Normale,Deux véhicules - frontale,,,,,,,,,,,3,1,1,1,1
200500079006,0005-12-17 13:45:00,5,12,17,13,45,900,50.0,,47.65,6.973,Plein jour,Hors agglomération,Hors intersection,Temps couvert,Deux véhicules - frontale,,,,,,,,,,,1,1,1,8,1
200500079007,0005-12-26 20:00:00,5,12,26,20,0,900,69.0,,47.534,6.921,Nuit avec éclairage allumé,Hors agglomération,Hors intersection,Temps couvert,Autre collision,,,,,,,,,,,5,1,1,8,6
200500079008,0005-12-01 14:00:00,5,12,1,14,0,260,325.0,,45.302,4.823,Plein jour,Hors agglomération,Hors intersection,Normale,Deux véhicules - arrière,,,,,,,,,,,1,1,1,1,2
200500079009,0005-12-05 16:20:00,5,12,5,16,20,260,138.0,36+800 en sens Sud/Nord,44.395,4.756,Plein jour,Hors agglomération,Hors intersection,Normale,Autre collision,,,,,,,,,,,1,1,1,1,6
200500079010,0005-12-22 05:15:00,5,12,22,5,15,260,324.0,,,,Nuit sans éclairage public,Hors agglomération,Hors intersection,Normale,Deux véhicules - arrière,,,,,,,,,,,3,1,1,1,2
200500079011,0005-12-24 07:15:00,5,12,24,7,15,260,337.0,100+150 sens Nord / Sud,44.693,4.794,Nuit sans éclairage public,Hors agglomération,Hors intersection,Normale,Autre collision,,,,,,,,,,,3,1,1,1,6
200500079012,0005-12-26 11:30:00,5,12,26,11,30,260,138.0,,44.38,4.734,Plein jour,Hors agglomération,Hors intersection,Normale,Trois véhicules et plus - en chaîne,,,,,,,,,,,1,1,1,1,4
200500079013,0005-12-17 08:30:00,5,12,17,8,30,130,62.0,,43.421,5.522,Plein jour,Hors agglomération,Hors intersection,Normale,Sans collision,,,,,,,,,,,1,1,1,1,7
200500079014,0005-12-23 18:45:00,5,12,23,18,45,130,59.0,,43.644,5.521,Nuit sans éclairage public,Hors agglomération,Hors intersection,Normale,Deux véhicules - côté,,,,,,,,,,,3,1,1,1,3
200500079015,0005-12-28 08:53:00,5,12,28,8,53,130,48.0,CD 952,43.694,5.67,Plein jour,Hors agglomération,Hors intersection,Autre,Deux véhicules - frontale,,,,,,,,,,,1,1,1,9,1
200500079016,0005-12-23 11:30:00,5,12,23,11,30,130,107.0,,,,Plein jour,Hors agglomération,Hors intersection,Normale,Deux véhicules - côté,,,,,,,,,,,1,1,1,1,3
200500079017,0005-12-06 10:10:00,5,12,6,10,10,130,15.0,Route Nationale 8,,,Plein jour,En agglomération,Hors intersection,Normale,Deux véhicules - frontale,,,,,,,,,,,1,2,1,1,1
200500079018,0005-12-09 07:15:00,5,12,9,7,15,130,15.0,avenue THIERS,43.451,5.401,Plein jour,En agglomération,Hors intersection,Autre,Deux véhicules - frontale,,,,,,,,,,,1,2,1,9,1
200500079019,0005-12-08 19:45:00,5,12,8,19,45,130,19.0,RD9 LA GREMEUSE CALAS,43.484,5.356,Nuit sans éclairage public,Hors agglomération,Hors intersection,Normale,Trois véhicules et plus - en chaîne,,,,,,,,,,,3,1,1,1,4
200500079020,0005-12-26 14:30:00,5,12,26,14,30,130,15.0,CHEMIN DES TOUPINS,43.457,5.415,Plein jour,En agglomération,Hors intersection,Normale,Deux véhicules - frontale,,,,,,,,,,,1,2,1,1,1
200500079021,0005-12-04 09:15:00,5,12,4,9,15,130,110.0,tion DU CD12 et de la N7,,,Plein jour,Hors agglomération,Hors intersection,Normale,Deux véhicules - côté,,,,,,,,,,,1,1,1,1,3
200500079022,0005-12-13 08:00:00,5,12,13,8,0,130,110.0,,43.487,5.688,Plein jour,Hors agglomération,Intersection en X,Normale,Deux véhicules - côté,,,,,,,,,,,1,1,2,1,3
200500079023,0005-12-28 12:00:00,5,12,28,12,0,130,27.0,,43.88,4.83,Plein jour,Hors agglomération,Hors intersection,Normale,Deux véhicules - arrière,,,,,,,,,,,1,1,1,1,2
200500079024,0005-12-04 22:15:00,5,12,4,22,15,130,97.0,,43.57,4.717,Nuit sans éclairage public,Hors agglomération,Hors intersection,Normale,Deux véhicules - frontale,,,,,,,,,,,3,1,1,1,1
200500079025,0005-12-28 12:20:00,5,12,28,12,20,130,100.0,Chemin du Mas Bruneau,,,Plein jour,Hors agglomération,Hors intersection,Normale,Deux véhicules - frontale,,,,,,,,,,,1,1,1,1,1
200500079026,0005-12-03 11:30:00,5,12,3,11,30,130,30.0,CHEMIN STE CATHERINE,,,Plein jour,En agglomération,Hors intersection,Normale,Sans collision,,,,,,,,,,,1,2,1,1,7
200500079027,0005-12-19 16:30:00,5,12,19,16,30,130,30.0,Col de l'Ange,,,Plein jour,Hors agglomération,Hors intersection,Normale,Deux véhicules - frontale,,,,,,,,,,,1,1,1,1,1
200500079028,0005-12-23 08:10:00,5,12,23,8,10,130,30.0,RN8 PR55+500,,,Plein jour,Hors agglomération,Hors intersection,Autre,Sans collision,,,,,,,,,,,1,1,1,9,7
200500079029,0005-12-10 16:05:00,5,12,10,16,5,130,22.0,CD 559,,,Plein jour,Hors agglomération,Hors intersection,Normale,Deux véhicules - arrière,,,,,,,,,,,1,1,1,1,2
200500079030,0005-12-08 16:15:00,5,12,8,16,15,130,13.0,,,,Plein jour,Hors agglomération,Hors intersection,Normale,Deux véhicules - frontale,,,,,,,,,,,1,1,1,1,1
200500079031,0005-12-13 13:00:00,5,12,13,13,0,130,7.0,Rond point de l'Eolienne,,,Plein jour,En agglomération,Giratoire,Normale,Autre collision,,,,,,,,,,,1,2,6,1,6
200500079032,0005-12-26 14:00:00,5,12,26,14,0,130,92.0,,,,Plein jour,Hors agglomération,Hors intersection,Normale,Deux véhicules - frontale,,,,,,,,,,,1,1,1,1,1
200500079033,0005-12-08 00:01:00,5,12,8,0,1,130,35.0,CD 17e - quartier,,,Nuit sans éclairage public,Hors agglomération,Hors intersection,Normale,Sans collision,,,,,,,,,,,3,1,1,1,7
200500079034,0005-12-25 20:55:00,5,12,25,20,55,130,49.0,Lotissement les Barres,,,Nuit avec éclairage allumé,En agglomération,Hors intersection,Normale,Autre collision,,,,,,,,,,,5,2,1,1,6
200500079035,0005-12-30 23:00:00,5,12,30,23,0,130,53.0,Départementale 561,,,Nuit sans éclairage public,Hors agglomération,Hors intersection,Autre,Autre collision,,,,,,,,,,,3,1,1,9,6
200500079036,0005-12-01 06:45:00,5,12,1,6,45,130,67.0,RN 7,,,Crépuscule ou aube,Hors agglomération,Hors intersection,Normale,Autre collision,,,,,,,,,,,2,1,1,1,6
200500079037,0005-12-16 00:01:00,5,12,16,0,1,130,24.0,RD22 - PR14+600,,,Nuit sans éclairage public,Hors agglomération,Hors intersection,Normale,Autre collision,,,,,,,,,,,3,1,1,1,6
200500079038,0005-12-16 08:30:00,5,12,16,8,30,130,82.0,"tier la sablière, RD 14C",,,Plein jour,Hors agglomération,Hors intersection,Temps éblouissant,Deux véhicules - frontale,,,,,,,,,,,1,1,1,7,1
200500079039,0005-12-30 16:00:00,5,12,30,16,0,130,93.0,estaurant le Tournebride,,,Plein jour,Hors agglomération,Hors intersection,Normale,Sans collision,,,,,,,,,,,1,1,1,1,7
200500079040,0005-12-20 13:15:00,5,12,20,13,15,40,110.0,"lieu dit ""La Cornerie""",44.054,6.14,Plein jour,Hors agglomération,Hors intersection,Normale,Autre collision,,,,,,,,,,,1,1,1,1,6