accident_id,datetime,annee,mois,jour,heure,minute,departement,commune_insee,adresse,latitude,longitude,luminosite,agglomeration,intersection,meteo,collision,nb_vehicules,nb_usagers,nb_indemnes,nb_tues,nb_blesses_hosp,nb_blesses_legers,age_cond_1,age_cond_2,veh_type_cond_1,veh_type_cond_2,lum_code,agg_code,int_code,atm_code,col_code
200500079041,0005-12-10 12:00:00,5,12,10,12,0,40,34.0,route des Alpes,,,Plein jour,En agglomération,Hors intersection,Normale,Deux véhicules - frontale,,,,,,,,,,,1,2,1,1,1
200500079042,0005-12-16 17:45:00,5,12,16,17,45,40,108.0,te Provence - Rue du Poi,,,Nuit sans éclairage public,En agglomération,Autre intersection,Vent fort / tempête,Trois véhicules et plus - collisions multiples,,,,,,,,,,,3,2,9,6,5
200500079043,0005-12-30 16:45:00,5,12,30,16,45,40,22.0,,43.961,6.394,Crépuscule ou aube,Hors agglomération,Hors intersection,Neige / grêle,Autre collision,,,,,,,,,,,2,1,1,4,6
200500079044,0005-12-07 22:30:00,5,12,7,22,30,40,203.0,,,,Nuit sans éclairage public,Hors agglomération,Hors intersection,Normale,Sans collision,,,,,,,,,,,3,1,1,1,7
200500079045,0005-12-24 21:15:00,5,12,24,21,15,40,126.0,,44.415,6.346,Nuit sans éclairage public,Hors agglomération,Hors intersection,Normale,Sans collision,,,,,,,,,,,3,1,1,1,7
200500079046,0005-12-02 15:15:00,5,12,2,15,15,40,242.0,RN 96,,,Plein jour,Hors agglomération,Hors intersection,Pluie forte,Autre collision,,,,,,,,,,,1,1,1,3,6
200500079047,0005-12-08 19:00:00,5,12,8,19,0,40,111.0,RN.100 - pr : 23 + 600,43.945,5.771,Nuit sans éclairage public,En agglomération,Hors intersection,Normale,Deux véhicules - frontale,,,,,,,,,,,3,2,1,1,1
200500079048,0005-12-09 16:45:00,5,12,9,16,45,40,242.0,,43.886,5.851,Plein jour,Hors agglomération,Hors intersection,Normale,Deux véhicules - frontale,,,,,,,,,,,1,1,1,1,1
200500079049,0005-12-30 01:00:00,5,12,30,1,0,40,45.0,,43.863,5.568,Nuit sans éclairage public,Hors agglomération,Hors intersection,Normale,Autre collision,,,,,,,,,,,3,1,1,1,6
200500079050,0005-12-17 13:20:00,5,12,17,13,20,40,18.0,Hôpital de BANON,,,Plein jour,En agglomération,Hors intersection,Normale,Autre collision,,,,,,,,,,,1,2,1,1,6
200500079051,0005-12-27 09:15:00,5,12,27,9,15,40,197.0,AVENUE P. VAILLANT COUTU,43.791,5.767,Plein jour,En agglomération,Giratoire,Temps éblouissant,Deux véhicules - côté,,,,,,,,,,,1,2,6,7,3
200500079052,0005-12-02 13:30:00,5,12,2,13,30,40,209.0,,,,Plein jour,En agglomération,Hors intersection,Pluie forte,Deux véhicules - côté,,,,,,,,,,,1,2,1,3,3
200500079053,0005-12-10 21:55:00,5,12,10,21,55,50,70.0,de la rue de l'Hôpital,,,Nuit avec éclairage allumé,En agglomération,Hors intersection,Autre,Autre collision,,,,,,,,,,,5,2,1,9,6
200500079054,0005-12-27 18:45:00,5,12,27,18,45,50,173.0,,44.324,5.894,Nuit sans éclairage public,Hors agglomération,Hors intersection,Normale,Deux véhicules - côté,,,,,,,,,,,3,1,1,1,3
200500079055,0005-12-30 17:30:00,5,12,30,17,30,50,103.0,Pont des Blaches,44.297,5.903,Nuit sans éclairage public,Hors agglomération,Hors intersection,Neige / grêle,Deux véhicules - frontale,,,,,,,,,,,3,1,1,4,1
200500079056,0005-12-14 13:45:00,5,12,14,13,45,50,149.0,,,,Plein jour,Hors agglomération,Hors intersection,Autre,Autre collision,,,,,,,,,,,1,1,1,9,6
200500079057,0005-12-04 13:15:00,5,12,4,13,15,50,87.0,,,,Plein jour,Hors agglomération,Hors intersection,Normale,Deux véhicules - côté,,,,,,,,,,,1,1,1,1,3
200500079058,0005-12-24 13:45:00,5,12,24,13,45,50,139.0,,44.69,5.94,Plein jour,Hors agglomération,Hors intersection,Normale,Deux véhicules - côté,,,,,,,,,,,1,1,1,1,3
200500079059,0005-12-07 16:10:00,5,12,7,16,10,50,174.0,carrefour des Alberts,,,Plein jour,Hors agglomération,Hors intersection,Normale,Deux véhicules - frontale,,,,,,,,,,,1,1,1,1,1
200500079060,0005-12-11 09:30:00,5,12,11,9,30,50,85.0,CD 201- Les Alberts,,,Plein jour,Hors agglomération,Intersection en X,Neige / grêle,Trois véhicules et plus - collisions multiples,,,,,,,,,,,1,1,2,4,5
200500079061,0005-12-31 20:00:00,5,12,31,20,0,50,122.0,,44.727,6.591,Nuit sans éclairage public,En agglomération,Hors intersection,Neige / grêle,Autre collision,,,,,,,,,,,3,2,1,4,6
200500079062,0005-12-31 17:30:00,5,12,31,17,30,50,161.0,,,,Nuit sans éclairage public,Hors agglomération,Hors intersection,Neige / grêle,Deux véhicules - frontale,,,,,,,,,,,3,1,1,4,1
200500079063,0005-12-31 15:10:00,5,12,31,15,10,50,38.0,"ieu-dit ""l'Ange gardien""",,,Plein jour,Hors agglomération,Hors intersection,Neige / grêle,Autre collision,,,,,,,,,,,1,1,1,4,6
200500079064,0005-12-02 07:30:00,5,12,2,7,30,50,40.0,,44.534,6.32,Crépuscule ou aube,Hors agglomération,Hors intersection,Temps couvert,Trois véhicules et plus - collisions multiples,,,,,,,,,,,2,1,1,8,5
200500079065,0005-12-05 18:45:00,5,12,5,18,45,60,54.0,RD 2204,,,Nuit avec éclairage allumé,En agglomération,Hors intersection,Normale,Autre collision,,,,,,,,,,,5,2,1,1,6
200500079066,0005-12-07 14:30:00,5,12,7,14,30,60,48.0,cd1015,,,Plein jour,En agglomération,Hors intersection,Normale,Autre collision,,,,,,,,,,,1,2,1,1,6
200500079067,0005-12-07 13:00:00,5,12,7,13,0,60,48.0,ntersection D2204 / D321,,,Plein jour,Hors agglomération,Intersection en Y,Normale,Deux véhicules - côté,,,,,,,,,,,1,1,4,1,3
200500079068,0005-12-24 17:45:00,5,12,24,17,45,60,92.0,Lieu-dit Borghéas,,,Nuit avec éclairage allumé,Hors agglomération,Hors intersection,Temps couvert,Deux véhicules - frontale,,,,,,,,,,,5,1,1,8,1
200500079069,0005-12-28 07:30:00,5,12,28,7,30,60,57.0,D2566 - PK 0+100,,,Crépuscule ou aube,En agglomération,Hors intersection,Normale,Sans collision,,,,,,,,,,,2,2,1,1,7
200500079070,0005-12-30 06:45:00,5,12,30,6,45,60,19.0,Intersection D221/D2204,,,Nuit avec éclairage allumé,Hors agglomération,Hors intersection,Normale,Deux véhicules - frontale,,,,,,,,,,,5,1,1,1,1
200500079071,0005-12-23 03:00:00,5,12,23,3,0,60,74.0,,43.963,7.304,Nuit sans éclairage public,Hors agglomération,Hors intersection,Autre,Autre collision,,,,,,,,,,,3,1,1,9,6
200500079072,0005-12-29 14:00:00,5,12,29,14,0,60,151.0,,43.937,7.266,Plein jour,Hors agglomération,Hors intersection,Temps couvert,Trois véhicules et plus - en chaîne,,,,,,,,,,,1,1,1,8,4
200500079073,0005-12-28 12:00:00,5,12,28,12,0,60,149.0,3010 route de laghet,,,Plein jour,En agglomération,Hors intersection,Normale,Autre collision,,,,,,,,,,,1,2,1,1,6
200500079074,0005-12-08 18:30:00,5,12,8,18,30,60,54.0,,,,Nuit sans éclairage public,Hors agglomération,Hors intersection,Normale,Deux véhicules - frontale,,,,,,,,,,,3,1,1,1,1
200500079075,0005-12-01 08:15:00,5,12,1,8,15,60,161.0,AVENUE ANTHONY FABRE,,,Plein jour,En agglomération,Autre intersection,Normale,Autre collision,,,,,,,,,,,1,2,9,1,6
200500079076,0005-12-01 18:45:00,5,12,1,18,45,60,44.0,Boulevard SAUVAIGO,,,Nuit avec éclairage allumé,En agglomération,Hors intersection,Normale,Deux véhicules - frontale,,,,,,,,,,,5,2,1,1,1
200500079077,0005-12-15 13:15:00,5,12,15,13,15,60,161.0,RN98,,,Plein jour,En agglomération,Hors intersection,Normale,Deux véhicules - côté,,,,,,,,,,,1,2,1,1,3
200500079078,0005-12-17 17:00:00,5,12,17,17,0,60,161.0,,,,Plein jour,Hors agglomération,Hors intersection,Normale,Deux véhicules - frontale,,,,,,,,,,,1,1,1,1,1
200500079079,0005-12-13 11:00:00,5,12,13,11,0,60,79.0,Boulevard henri Clews,,,Plein jour,En agglomération,Intersection en X,Normale,Deux véhicules - frontale,,,,,,,,,,,1,2,2,1,1
200500079080,0005-12-15 18:00:00,5,12,15,18,0,60,79.0,Avenue des anciens comba,43.555,6.942,Nuit avec éclairage allumé,En agglomération,Hors intersection,Normale,Deux véhicules - arrière,,,,,,,,,,,5,2,1,1,2
200500079081,0005-12-16 17:45:00,5,12,16,17,45,60,79.0,Z.I La Canardière,,,Nuit sans éclairage public,En agglomération,Hors intersection,Normale,Deux véhicules - frontale,,,,,,,,,,,3,2,1,1,1
200500079082,0005-12-16 20:15:00,5,12,16,20,15,60,140.0,D.13 Route de Grasse,,,Nuit avec éclairage allumé,En agglomération,Hors intersection,Normale,Deux véhicules - frontale,,,,,,,,,,,5,2,1,1,1
200500079083,0005-12-02 11:40:00,5,12,2,11,40,60,128.0,pénétrante,,,Plein jour,Hors agglomération,Hors intersection,Pluie légère,Sans collision,,,,,,,,,,,1,1,1,2,7
200500079084,0005-12-16 19:30:00,5,12,16,19,30,60,122.0,,43.752,7.165,Nuit sans éclairage public,Hors agglomération,Hors intersection,Normale,Autre collision,,,,,,,,,,,3,1,1,1,6
200500079085,0005-12-16 17:00:00,5,12,16,17,0,60,122.0,,43.75,7.157,Crépuscule ou aube,Hors agglomération,Autre intersection,Normale,Deux véhicules - côté,,,,,,,,,,,2,1,9,1,3
200500079086,0005-12-21 07:30:00,5,12,21,7,30,60,33.0,,,,Crépuscule ou aube,Hors agglomération,Hors intersection,Normale,Deux véhicules - arrière,,,,,,,,,,,2,1,1,1,2
200500079087,0005-12-21 20:15:00,5,12,21,20,15,60,33.0,CD2210,,,Nuit sans éclairage public,En agglomération,Hors intersection,Normale,Deux véhicules - frontale,,,,,,,,,,,3,2,1,1,1
200500079088,0005-12-02 07:50:00,5,12,2,7,50,60,73.0,RD 2205 PR 39,,,Crépuscule ou aube,En agglomération,Hors intersection,Neige / grêle,Deux véhicules - frontale,,,,,,,,,,,2,2,1,4,1
200500079089,0005-12-04 09:00:00,5,12,4,9,0,60,80.0,,44.038,7.134,Plein jour,Hors agglomération,Hors intersection,Autre,Trois véhicules et plus - collisions multiples,,,,,,,,,,,1,1,1,9,5
200500079090,0005-12-09 18:00:00,5,12,9,18,0,60,72.0,,,,Plein jour,Hors agglomération,Hors intersection,Normale,Autre collision,,,,,,,,,,,1,1,1,1,6
200500079091,0005-12-27 18:00:00,5,12,27,18,0,830,38.0,Gorges de CHATEAUDOUBLE,,,Nuit sans éclairage public,Hors agglomération,Hors intersection,Temps couvert,Deux véhicules - frontale,,,,,,,,,,,3,1,1,8,1
200500079092,0005-12-15 18:45:00,5,12,15,18,45,830,148.0,,,,Nuit sans éclairage public,Hors agglomération,Hors intersection,Normale,Trois véhicules et plus - collisions multiples,,,,,,,,,,,3,1,1,1,5
200500079093,0005-12-17 22:20:00,5,12,17,22,20,830,4.0,carrefour des 4 chemins,,,Nuit avec éclairage allumé,Hors agglomération,Hors intersection,Normale,Deux véhicules - côté,,,,,,,,,,,5,1,1,1,3
200500079094,0005-12-23 17:15:00,5,12,23,17,15,830,4.0,", Quartier les Gachettes",,,Nuit sans éclairage public,Hors agglomération,Hors intersection,Normale,Deux véhicules - frontale,,,,,,,,,,,3,1,1,1,1
200500079095,0005-12-23 17:45:00,5,12,23,17,45,830,138.0,,,,Nuit sans éclairage public,Hors agglomération,Hors intersection,Normale,Deux véhicules - frontale,,,,,,,,,,,3,1,1,1,1
200500079096,0005-12-09 04:40:00,5,12,9,4,40,830,57.0,Lieu dit Peyrassol,,,Nuit sans éclairage public,Hors agglomération,Hors intersection,Normale,Autre collision,,,,,,,,,,,3,1,1,1,6
200500079097,0005-12-14 15:55:00,5,12,14,15,55,830,57.0,Chemin des Clèdes,,,Plein jour,En agglomération,Place,Normale,Autre collision,,,,,,,,,,,1,2,7,1,6
200500079098,0005-12-20 19:30:00,5,12,20,19,30,830,146.0,,,,Nuit sans éclairage public,Hors agglomération,Hors intersection,Normale,Sans collision,,,,,,,,,,,3,1,1,1,7
200500079099,0005-12-30 19:30:00,5,12,30,19,30,830,6.0,,,,Nuit sans éclairage public,Hors agglomération,Hors intersection,Autre,Deux véhicules - arrière,,,,,,,,,,,3,1,1,9,2
200500079100,0005-12-03 23:00:00,5,12,3,23,0,830,111.0,inter CD 15 al. platane,,,Nuit avec éclairage allumé,En agglomération,Hors intersection,Normale,Deux véhicules - côté,,,,,,,,,,,5,2,1,1,3
200500079101,0005-12-30 21:40:00,5,12,30,21,40,830,87.0,PK 10+500,,,Nuit sans éclairage public,Hors agglomération,Hors intersection,Pluie légère,Autre collision,,,,,,,,,,,3,1,1,2,6
200500079102,0005-12-10 17:30:00,5,12,10,17,30,830,42.0,"8, quartier font Mourier",,,Nuit avec éclairage allumé,Hors agglomération,Hors intersection,Normale,Deux véhicules - frontale,,,,,,,,,,,5,1,1,1,1
200500079103,0005-12-15 07:45:00,5,12,15,7,45,830,68.0,"14 - carrefour ""reveil""",43.273,6.542,Plein jour,Hors agglomération,Hors intersection,Normale,Deux véhicules - côté,,,,,,,,,,,1,1,1,1,3
200500079104,0005-12-15 09:00:00,5,12,15,9,0,830,42.0,RUE MARCEAU,,,Plein jour,En agglomération,Hors intersection,Autre,Autre collision,,,,,,,,,,,1,2,1,9,6
200500079105,0005-12-16 18:30:00,5,12,16,18,30,830,68.0,route du plan de la tour,,,Nuit sans éclairage public,Hors agglomération,Hors intersection,Normale,Autre collision,,,,,,,,,,,3,1,1,1,6
200500079106,0005-12-18 18:15:00,5,12,18,18,15,830,86.0,,,,Nuit sans éclairage public,Hors agglomération,Hors intersection,Normale,Autre collision,,,,,,,,,,,3,1,1,1,6
200500079107,0005-12-23 20:30:00,5,12,23,20,30,830,65.0,Rond Point de la Foux,,,Plein jour,En agglomération,Giratoire,Normale,Deux véhicules - frontale,,,,,,,,,,,1,2,6,1,1
200500079108,0005-12-02 17:50:00,5,12,2,17,50,830,35.0,RN 8 les hauts du camp,,,Nuit sans éclairage public,Hors agglomération,Hors intersection,Pluie forte,Sans collision,,,,,,,,,,,3,1,1,3,7
200500079109,0005-12-03 18:10:00,5,12,3,18,10,830,35.0,CARREFOUR CC323 ET CD 26,,,Nuit sans éclairage public,Hors agglomération,Hors intersection,Normale,Autre collision,,,,,,,,,,,3,1,1,1,6
200500079110,0005-12-30 14:45:00,5,12,30,14,45,830,47.0,,43.145,6.058,Plein jour,Hors agglomération,Hors intersection,Normale,Deux véhicules - côté,,,,,,,,,,,1,1,1,1,3
200500079111,0005-12-18 17:50:00,5,12,18,17,50,830,112.0,CD 559 déviation ZAC,,,Crépuscule ou aube,En agglomération,Hors intersection,Normale,Autre collision,,,,,,,,,,,2,2,1,1,6
200500079112,0005-12-10 19:45:00,5,12,10,19,45,830,54.0,Croisement RN97 - Rue de,,,Nuit avec éclairage allumé,En agglomération,Intersection en T,Normale,Deux véhicules - côté,,,,,,,,,,,5,2,3,1,3
200500079113,0005-12-28 10:00:00,5,12,28,10,0,830,130.0,,,,Plein jour,Hors agglomération,Hors intersection,Normale,Deux véhicules - côté,,,,,,,,,,,1,1,1,1,3
200500079114,0005-12-03 12:00:00,5,12,3,12,0,840,81.0,CARREFOUR DU GOLF,,,Plein jour,Hors agglomération,Hors intersection,Normale,Deux véhicules - côté,,,,,,,,,,,1,1,1,1,3
200500079115,0005-12-07 13:40:00,5,12,7,13,40,840,71.0,Chemin du Carraire,,,Plein jour,Hors agglomération,Hors intersection,Normale,Autre collision,,,,,,,,,,,1,1,1,1,6
200500079116,0005-12-05 18:15:00,5,12,5,18,15,840,62.0,le riotor,43.892,5.098,Nuit sans éclairage public,Hors agglomération,Intersection en X,Normale,Trois véhicules et plus - collisions multiples,,,,,,,,,,,3,1,2,1,5
200500079117,0005-12-03 15:15:00,5,12,3,15,15,840,92.0,30 AV CHARLES DE GAULLE,,,Plein jour,En agglomération,Hors intersection,Normale,Autre collision,,,,,,,,,,,1,2,1,1,6
200500079118,0005-12-22 18:00:00,5,12,22,18,0,840,14.0,"D 42 Lieu-dit ""La Combe""",43.724,5.703,Nuit sans éclairage public,Hors agglomération,Hors intersection,Normale,Autre collision,,,,,,,,,,,3,1,1,1,6
200500079119,0005-12-21 06:45:00,5,12,21,6,45,840,67.0,CD 107 route de Monteux,,,Nuit sans éclairage public,Hors agglomération,Hors intersection,Normale,Deux véhicules - frontale,,,,,,,,,,,3,1,1,1,1
200500079120,0005-12-17 22:30:00,5,12,17,22,30,840,17.0,Croix de la Salle,,,Nuit avec éclairage allumé,En agglomération,Hors intersection,Normale,Autre collision,,,,,,,,,,,5,2,1,1,6
200500079121,0005-12-25 08:30:00,5,12,25,8,30,840,69.0,,,,Plein jour,Hors agglomération,Hors intersection,Normale,Autre collision,,,,,,,,,,,1,1,1,1,6
200500079122,0005-12-03 13:30:00,5,12,3,13,30,840,56.0,CD 977 route de Violes,,,Plein jour,Hors agglomération,Hors intersection,Autre,Deux véhicules - frontale,,,,,,,,,,,1,1,1,9,1
200500079123,0005-12-07 18:45:00,5,12,7,18,45,840,19.0,Promenade perrier,,,Nuit sans éclairage public,En agglomération,Hors intersection,Temps couvert,Deux véhicules - frontale,,,,,,,,,,,3,2,1,8,1
200500079124,0005-12-10 11:00:00,5,12,10,11,0,840,19.0,Avenue Jean MOULIN,,,Plein jour,En agglomération,Giratoire,Normale,Deux véhicules - arrière,,,,,,,,,,,1,2,6,1,2
200500079125,0005-12-02 07:15:00,5,12,2,7,15,840,127.0,Avenu Jean-Henri FABRE,,,Nuit avec éclairage allumé,En agglomération,Hors intersection,Normale,Autre collision,,,,,,,,,,,5,2,1,1,6
200500079126,0005-12-04 06:00:00,5,12,4,6,0,840,69.0,,,,Nuit sans éclairage public,Hors agglomération,Hors intersection,Normale,Autre collision,,,,,,,,,,,3,1,1,1,6
200500079127,0005-12-21 17:15:00,5,12,21,17,15,840,135.0,,,,Nuit sans éclairage public,Hors agglomération,Hors intersection,Normale,Deux véhicules - frontale,,,,,,,,,,,3,1,1,1,1
200500079128,0005-12-29 13:00:00,5,12,29,13,0,840,106.0,D50,,,Plein jour,Hors agglomération,Hors intersection,Normale,Autre collision,,,,,,,,,,,1,1,1,1,6
200500079129,0005-12-24 00:15:00,5,12,24,0,15,340,57.0,AVENUE DES APPOLONS,43.64,3.92,Nuit avec éclairage allumé,En agglomération,Hors intersection,Normale,Autre collision,,,,,,,,,,,5,2,1,1,6
200500079130,0005-12-01 21:15:00,5,12,1,21,15,340,327.0,,43.664,3.967,Nuit sans éclairage public,Hors agglomération,Hors intersection,Temps couvert,Deux véhicules - côté,,,,,,,,,,,3,1,1,8,3
200500079131,0005-12-14 20:45:00,5,12,14,20,45,340,327.0,,,,Nuit avec éclairage allumé,Hors agglomération,Intersection en T,Normale,Deux véhicules - côté,,,,,,,,,,,5,1,3,1,3
200500079132,0005-12-27 11:30:00,5,12,27,11,30,340,58.0,rue de la bourgine,,,Plein jour,En agglomération,Hors intersection,Normale,Autre collision,,,,,,,,,,,1,2,1,1,6
200500079133,0005-12-11 01:20:00,5,12,11,1,20,340,344.0,Lieu dit La manade Gré,,,Nuit sans éclairage public,Hors agglomération,Hors intersection,Normale,Autre collision,,,,,,,,,,,3,1,1,1,6
200500079134,0005-12-01 19:00:00,5,12,1,19,0,340,145.0,Sarrail / rue de Verdun,,,Nuit avec éclairage allumé,En agglomération,Hors intersection,Normale,Autre collision,,,,,,,,,,,5,2,1,1,6
200500079135,0005-12-29 18:15:00,5,12,29,18,15,340,288.0,,43.736,4.106,Nuit sans éclairage public,Hors agglomération,Hors intersection,Normale,Deux véhicules - côté,,,,,,,,,,,3,1,1,1,3
200500079136,0005-12-29 20:15:00,5,12,29,20,15,340,321.0,,43.675,4.051,Nuit sans éclairage public,Hors agglomération,Hors intersection,Normale,Deux véhicules - côté,,,,,,,,,,,3,1,1,1,3
200500079137,0005-12-18 16:45:00,5,12,18,16,45,340,50.0,,43.626,4.05,Plein jour,Hors agglomération,Hors intersection,Temps éblouissant,Autre collision,,,,,,,,,,,1,1,1,7,6
200500079138,0005-12-22 17:30:00,5,12,22,17,30,340,127.0,,43.657,4.047,Plein jour,Hors agglomération,Hors intersection,Normale,Deux véhicules - frontale,,,,,,,,,,,1,1,1,1,1
200500079139,0005-12-10 15:00:00,5,12,10,15,0,340,185.0,,43.84,3.744,Plein jour,Hors agglomération,Hors intersection,Normale,Deux véhicules - côté,,,,,,,,,,,1,1,1,1,3
200500079140,0005-12-25 07:30:00,5,12,25,7,30,340,342.0,D 113,43.76,3.744,Nuit sans éclairage public,En agglomération,Hors intersection,Normale,Autre collision,,,,,,,,,,,3,2,1,1,6
200500079141,0005-12-03 18:15:00,5,12,3,18,15,340,314.0,,43.744,3.867,Nuit sans éclairage public,Hors agglomération,Hors intersection,Normale,Deux véhicules - frontale,,,,,,,,,,,3,1,1,1,1
200500079142,0005-12-25 16:00:00,5,12,25,16,0,340,211.0,Grand Rue - CD 908 -,,,Plein jour,En agglomération,Hors intersection,Normale,Deux véhicules - côté,,,,,,,,,,,1,2,1,1,3
200500079143,0005-12-12 11:15:00,5,12,12,11,15,340,155.0,61 Avenue de la Républiq,43.362,3.12,Plein jour,En agglomération,Hors intersection,Normale,Autre collision,,,,,,,,,,,1,2,1,1,6
200500079144,0005-12-29 20:30:00,5,12,29,20,30,340,161.0,Avenue de CAPESTANG,43.334,3.123,Nuit avec éclairage allumé,En agglomération,Hors intersection,Normale,Deux véhicules - frontale,,,,,,,,,,,5,2,1,1,1
200500079145,0005-12-31 07:45:00,5,12,31,7,45,340,183.0,RN9,43.294,3.118,Plein jour,En agglomération,Hors intersection,Temps couvert,Autre collision,,,,,,,,,,,1,2,1,8,6
200500079146,0005-12-26 19:45:00,5,12,26,19,45,340,84.0,,43.402,3.193,Nuit sans éclairage public,Hors agglomération,Hors intersection,Pluie légère,Deux véhicules - frontale,,,,,,,,,,,3,1,1,2,1
200500079147,0005-12-12 08:45:00,5,12,12,8,45,340,289.0,,,,Plein jour,Hors agglomération,Hors intersection,Normale,Sans collision,,,,,,,,,,,1,1,1,1,7
200500079148,0005-12-23 08:30:00,5,12,23,8,30,340,162.0,,,,Plein jour,Hors agglomération,Hors intersection,Normale,Deux véhicules - frontale,,,,,,,,,,,1,1,1,1,1
200500079149,0005-12-03 06:00:00,5,12,3,6,0,340,237.0,,,,Nuit sans éclairage public,Hors agglomération,Hors intersection,Normale,Autre collision,,,,,,,,,,,3,1,1,1,6
200500079150,0005-12-11 12:45:00,5,12,11,12,45,340,324.0,Avenue des Elysées,,,Plein jour,En agglomération,Hors intersection,Normale,Deux véhicules - frontale,,,,,,,,,,,1,2,1,1,1
200500079151,0005-12-15 17:20:00,5,12,15,17,20,340,142.0,route de Bédarieux,,,Crépuscule ou aube,En agglomération,Hors intersection,Normale,Deux véhicules - frontale,,,,,,,,,,,2,2,1,1,1
200500079152,0005-12-30 13:30:00,5,12,30,13,30,340,194.0,route d'usclas,43.546,3.458,Plein jour,En agglomération,Hors intersection,Pluie légère,Autre collision,,,,,,,,,,,1,2,1,2,6
200500079153,0005-12-15 09:15:00,5,12,15,9,15,340,194.0,,43.544,3.457,Plein jour,Hors agglomération,Hors intersection,Normale,Deux véhicules - frontale,,,,,,,,,,,1,1,1,1,1
200500079154,0005-12-17 17:45:00,5,12,17,17,45,340,267.0,emin du four des houles,,,Nuit avec éclairage allumé,En agglomération,Hors intersection,Normale,Deux véhicules - côté,,,,,,,,,,,5,2,1,1,3
200500079155,0005-12-20 16:45:00,5,12,20,16,45,340,215.0,,43.623,3.507,Crépuscule ou aube,Hors agglomération,Hors intersection,Normale,Deux véhicules - frontale,,,,,,,,,,,2,1,1,1,1
200500079156,0005-12-02 21:15:00,5,12,2,21,15,340,150.0,,,,Nuit sans éclairage public,Hors agglomération,Hors intersection,Normale,Sans collision,,,,,,,,,,,3,1,1,1,7
200500079157,0005-12-26 20:00:00,5,12,26,20,0,340,31.0,,,,Nuit sans éclairage public,Hors agglomération,Hors intersection,Normale,Autre collision,,,,,,,,,,,3,1,1,1,6
200500079158,0005-12-07 14:00:00,5,12,7,14,0,340,113.0,,,,Plein jour,Hors agglomération,Autre intersection,Normale,Deux véhicules - côté,,,,,,,,,,,1,1,9,1,3
200500079159,0005-12-11 17:00:00,5,12,11,17,0,340,23.0,Route de SETE,,,Plein jour,En agglomération,Hors intersection,Normale,Deux véhicules - côté,,,,,,,,,,,1,2,1,1,3
200500079160,0005-12-19 18:00:00,5,12,19,18,0,340,95.0,zone des trois ponts,,,Nuit sans éclairage public,Hors agglomération,Hors intersection,Normale,Trois véhicules et plus - en chaîne,,,,,,,,,,,3,1,1,1,4
200500079161,0005-12-24 02:00:00,5,12,24,2,0,340,165.0,rue de la carrierasse,43.52,3.696,Nuit avec éclairage allumé,En agglomération,Hors intersection,Normale,Sans collision,,,,,,,,,,,5,2,1,1,7
200500079162,0005-12-21 19:15:00,5,12,21,19,15,340,143.0,RN113,43.443,3.626,Nuit sans éclairage public,Hors agglomération,Autre intersection,Normale,Deux véhicules - frontale,,,,,,,,,,,3,1,9,1,1
200500079163,0005-12-02 16:30:00,5,12,2,16,30,110,9.0,,43.26,2.185,Plein jour,Hors agglomération,Hors intersection,Normale,Deux véhicules - frontale,,,,,,,,,,,1,1,1,1,1
200500079164,0005-12-02 15:30:00,5,12,2,15,30,110,69.0,pont de valmy,,,Plein jour,Hors agglomération,Hors intersection,Normale,Deux véhicules - frontale,,,,,,,,,,,1,1,1,1,1
200500079165,0005-12-31 18:15:00,5,12,31,18,15,110,386.0,CD 613 pk 25+500,43.065,2.67,Crépuscule ou aube,Hors agglomération,Hors intersection,Pluie légère,Sans collision,,,,,,,,,,,2,1,1,2,7
200500079166,0005-12-02 23:45:00,5,12,2,23,45,110,356.0,"RN113 ,  PK  85+ 700 ,",43.297,2.028,Nuit sans éclairage public,Hors agglomération,Hors intersection,Normale,Autre collision,,,,,,,,,,,3,1,1,1,6
200500079167,0005-12-03 05:45:00,5,12,3,5,45,110,243.0,St Pierre d'Alzonne,43.367,1.797,Nuit sans éclairage public,Hors agglomération,Hors intersection,Pluie légère,Deux véhicules - frontale,,,,,,,,,,,3,1,1,2,1
200500079168,0005-12-29 11:00:00,5,12,29,11,0,110,225.0,RN 113,,,Plein jour,Hors agglomération,Intersection en X,Normale,Deux véhicules - côté,,,,,,,,,,,1,1,2,1,3
200500079169,0005-12-02 17:45:00,5,12,2,17,45,110,325.0,,43.131,2.305,Crépuscule ou aube,Hors agglomération,Hors intersection,Normale,Deux véhicules - frontale,,,,,,,,,,,2,1,1,1,1
200500079170,0005-12-09 01:30:00,5,12,9,1,30,110,90.0,,43.093,2.229,Plein jour,Hors agglomération,Hors intersection,Normale,Autre collision,,,,,,,,,,,1,1,1,1,6