accident_id,datetime,annee,mois,jour,heure,minute,departement,commune_insee,adresse,latitude,longitude,luminosite,agglomeration,intersection,meteo,collision,nb_vehicules,nb_usagers,nb_indemnes,nb_tues,nb_blesses_hosp,nb_blesses_legers,age_cond_1,age_cond_2,veh_type_cond_1,veh_type_cond_2,lum_code,agg_code,int_code,atm_code,col_code
200500079300,0005-12-18 07:00:00,5,12,18,7,0,770,228.0,,48.914,3.321,Crépuscule ou aube,Hors agglomération,Hors intersection,Normale,Autre collision,,,,,,,,,,,2,1,1,1,6
200500079301,0005-12-31 10:00:00,5,12,31,10,0,770,469.0,,48.754,3.022,Plein jour,Hors agglomération,Hors intersection,Autre,Sans collision,,,,,,,,,,,1,1,1,9,7
200500079302,0005-12-13 21:45:00,5,12,13,21,45,770,334.0,,48.709,2.964,Nuit sans éclairage public,Hors agglomération,Autre intersection,Normale,Sans collision,,,,,,,,,,,3,1,9,1,7
200500079303,0005-12-11 17:35:00,5,12,11,17,35,770,477.0,RN152,,,Nuit sans éclairage public,Hors agglomération,Hors intersection,Normale,Deux véhicules - côté,,,,,,,,,,,3,1,1,1,3
200500079304,0005-12-25 04:15:00,5,12,25,4,15,770,471.0,,48.371,2.47,Nuit sans éclairage public,Hors agglomération,Hors intersection,Normale,Trois véhicules et plus - collisions multiples,,,,,,,,,,,3,1,1,1,5
200500079305,0005-12-17 17:30:00,5,12,17,17,30,770,99.0,,48.168,2.707,Crépuscule ou aube,Hors agglomération,Hors intersection,Normale,Deux véhicules - arrière,,,,,,,,,,,2,1,1,1,2
200500079306,0005-12-14 18:45:00,5,12,14,18,45,770,329.0,CD 69,48.271,2.799,Nuit sans éclairage public,Hors agglomération,Hors intersection,Normale,Deux véhicules - côté,,,,,,,,,,,3,1,1,1,3
200500079307,0005-12-28 11:45:00,5,12,28,11,45,770,171.0,AVENUE MARECHAL JOFFRE,48.901,2.814,Plein jour,En agglomération,Hors intersection,Temps couvert,Deux véhicules - frontale,,,,,,,,,,,1,2,1,8,1
200500079308,0005-12-01 07:45:00,5,12,1,7,45,770,109.0,,48.645,3.175,Crépuscule ou aube,Hors agglomération,Hors intersection,Autre,Trois véhicules et plus - collisions multiples,,,,,,,,,,,2,1,1,9,5
200500079309,0005-12-31 15:00:00,5,12,31,15,0,770,137.0,,48.711,3.297,Plein jour,Hors agglomération,Hors intersection,Normale,Sans collision,,,,,,,,,,,1,1,1,1,7
200500079310,0005-12-07 12:15:00,5,12,7,12,15,770,101.0,rue de la gare,,,Plein jour,En agglomération,Hors intersection,Temps couvert,Autre collision,,,,,,,,,,,1,2,1,8,6
200500079311,0005-12-18 15:15:00,5,12,18,15,15,770,19.0,,48.395,3.15,Plein jour,Hors agglomération,Intersection en X,Normale,Trois véhicules et plus - collisions multiples,,,,,,,,,,,1,1,2,1,5
200500079312,0005-12-23 09:00:00,5,12,23,9,0,770,321.0,,48.398,3.235,Crépuscule ou aube,Hors agglomération,Hors intersection,Brouillard / fumée,Autre collision,,,,,,,,,,,2,1,1,5,6
200500079313,0005-12-10 19:00:00,5,12,10,19,0,770,496.0,RUE GRANDE,48.58,3.13,Nuit avec éclairage allumé,En agglomération,Hors intersection,Normale,Autre collision,,,,,,,,,,,5,2,1,1,6
200500079314,0005-12-15 12:30:00,5,12,15,12,30,450,290.0,Chemin du Petit Climat,47.86,2.261,Plein jour,En agglomération,Hors intersection,Normale,Autre collision,,,,,,,,,,,1,2,1,1,6
200500079315,0005-12-08 15:45:00,5,12,8,15,45,450,324.0,,47.79,2.21,Plein jour,Hors agglomération,Autre intersection,Temps couvert,Deux véhicules - arrière,,,,,,,,,,,1,1,9,8,2
200500079316,0005-12-13 19:40:00,5,12,13,19,40,450,173.0,Boulevard carnot,47.87,2.12,Nuit avec éclairage allumé,En agglomération,Hors intersection,Normale,Autre collision,,,,,,,,,,,5,2,1,1,6
200500079317,0005-12-11 06:00:00,5,12,11,6,0,450,317.0,RN 152,,,Nuit sans éclairage public,Hors agglomération,Hors intersection,Normale,Autre collision,,,,,,,,,,,3,1,1,1,6
200500079318,0005-12-03 14:00:00,5,12,3,14,0,450,289.0,Route d'ORLEANS - CD97,48.04,1.978,Plein jour,En agglomération,Hors intersection,Normale,Sans collision,,,,,,,,,,,1,2,1,1,7
200500079319,0005-12-08 08:15:00,5,12,8,8,15,450,289.0,58 Route d'Orléans,48.046,1.984,Crépuscule ou aube,En agglomération,Hors intersection,Temps couvert,Deux véhicules - côté,,,,,,,,,,,2,2,1,8,3
200500079320,0005-12-16 15:00:00,5,12,16,15,0,450,86.0,,48.168,2.129,Plein jour,Hors agglomération,Hors intersection,Pluie légère,Deux véhicules - frontale,,,,,,,,,,,1,1,1,2,1
200500079321,0005-12-24 18:45:00,5,12,24,18,45,450,174.0,,48.168,2.127,Nuit sans éclairage public,Hors agglomération,Hors intersection,Normale,Trois véhicules et plus - collisions multiples,,,,,,,,,,,3,1,1,1,5
200500079322,0005-12-10 20:30:00,5,12,10,20,30,450,155.0,QUAI LENOIR,,,Nuit avec éclairage allumé,En agglomération,Hors intersection,Normale,Autre collision,,,,,,,,,,,5,2,1,1,6
200500079323,0005-12-01 11:45:00,5,12,1,11,45,450,315.0,Rue du Coq,,,Plein jour,En agglomération,Hors intersection,Normale,Autre collision,,,,,,,,,,,1,2,1,1,6
200500079324,0005-12-03 17:15:00,5,12,3,17,15,450,164.0,,47.825,2.251,Crépuscule ou aube,Hors agglomération,Hors intersection,Pluie légère,Autre collision,,,,,,,,,,,2,1,1,2,6
200500079325,0005-12-03 20:05:00,5,12,3,20,5,450,321.0,1 Lieu dit Les Varennes,,,Nuit sans éclairage public,En agglomération,Autre intersection,Pluie légère,Deux véhicules - frontale,,,,,,,,,,,3,2,9,2,1
200500079326,0005-12-11 11:00:00,5,12,11,11,0,450,91.0,,,,Plein jour,Hors agglomération,Hors intersection,Normale,Deux véhicules - côté,,,,,,,,,,,1,1,1,1,3
200500079327,0005-12-02 09:30:00,5,12,2,9,30,450,162.0,,48.215,2.152,Plein jour,Hors agglomération,Hors intersection,Pluie légère,Deux véhicules - côté,,,,,,,,,,,1,1,1,2,3
200500079328,0005-12-01 18:30:00,5,12,1,18,30,450,137.0,rue du sautoir,48.139,2.191,Nuit avec éclairage allumé,En agglomération,Intersection en X,Normale,Deux véhicules - côté,,,,,,,,,,,5,2,2,1,3
200500079329,0005-12-13 07:15:00,5,12,13,7,15,450,252.0,FAUBOURG D'ORLEANS,,,Nuit avec éclairage allumé,En agglomération,Hors intersection,Normale,Deux véhicules - frontale,,,,,,,,,,,5,2,1,1,1
200500079330,0005-12-17 18:45:00,5,12,17,18,45,180,79.0,,47.319,2.756,Nuit sans éclairage public,Hors agglomération,Hors intersection,Normale,Deux véhicules - frontale,,,,,,,,,,,3,1,1,1,1
200500079331,0005-12-18 05:00:00,5,12,18,5,0,180,144.0,,,,Nuit sans éclairage public,Hors agglomération,Hors intersection,Pluie légère,Autre collision,,,,,,,,,,,3,1,1,2,6
200500079332,0005-12-20 14:30:00,5,12,20,14,30,180,21.0,,46.822,2.73,Plein jour,Hors agglomération,Hors intersection,Temps couvert,Trois véhicules et plus - collisions multiples,,,,,,,,,,,1,1,1,8,5
200500079333,0005-12-17 17:45:00,5,12,17,17,45,180,43.0,,,,Nuit sans éclairage public,Hors agglomération,Hors intersection,Normale,Sans collision,,,,,,,,,,,3,1,1,1,7
200500079334,0005-12-23 18:45:00,5,12,23,18,45,180,57.0,,,,Nuit sans éclairage public,Hors agglomération,Hors intersection,Autre,Deux véhicules - frontale,,,,,,,,,,,3,1,1,9,1
200500079335,0005-12-16 19:15:00,5,12,16,19,15,180,15.0,,,,Nuit avec éclairage allumé,En agglomération,Hors intersection,Pluie légère,Autre collision,,,,,,,,,,,5,2,1,2,6
200500079336,0005-12-31 17:30:00,5,12,31,17,30,180,134.0,D918,47.136,2.056,Crépuscule ou aube,Hors agglomération,Hors intersection,Pluie légère,Deux véhicules - arrière,,,,,,,,,,,2,1,1,2,2
200500079337,0005-12-09 19:00:00,5,12,9,19,0,180,3.0,,47.21,2.563,Nuit sans éclairage public,Hors agglomération,Hors intersection,Normale,Deux véhicules - frontale,,,,,,,,,,,3,1,1,1,1
200500079338,0005-12-19 15:00:00,5,12,19,15,0,180,223.0,Route de la Poste,47.2,2.41,Plein jour,En agglomération,Hors intersection,Normale,Deux véhicules - frontale,,,,,,,,,,,1,2,1,1,1
200500079339,0005-12-14 14:00:00,5,12,14,14,0,280,337.0,,48.414,1.369,Nuit sans éclairage public,Hors agglomération,Hors intersection,Pluie légère,Sans collision,,,,,,,,,,,3,1,1,2,7
200500079340,0005-12-21 15:15:00,5,12,21,15,15,280,309.0,,48.355,1.631,Plein jour,Hors agglomération,Hors intersection,Temps couvert,Deux véhicules - frontale,,,,,,,,,,,1,1,1,8,1
200500079341,0005-12-11 14:00:00,5,12,11,14,0,280,39.0,,,,Plein jour,Hors agglomération,Hors intersection,Normale,Autre collision,,,,,,,,,,,1,1,1,1,6
200500079342,0005-12-22 15:00:00,5,12,22,15,0,280,135.0,,48.598,1.703,Plein jour,Hors agglomération,Hors intersection,Normale,Sans collision,,,,,,,,,,,1,1,1,1,7
200500079343,0005-12-19 22:00:00,5,12,19,22,0,280,2.0,,48.212,1.836,Nuit sans éclairage public,Hors agglomération,Hors intersection,Brouillard / fumée,Deux véhicules - frontale,,,,,,,,,,,3,1,1,5,1
200500079344,0005-12-21 18:25:00,5,12,21,18,25,280,189.0,,,,Nuit sans éclairage public,Hors agglomération,Hors intersection,Normale,Deux véhicules - frontale,,,,,,,,,,,3,1,1,1,1
200500079345,0005-12-01 08:00:00,5,12,1,8,0,280,88.0,route de Courtalain,,,Crépuscule ou aube,En agglomération,Hors intersection,Temps couvert,Autre collision,,,,,,,,,,,2,2,1,8,6
200500079346,0005-12-08 08:50:00,5,12,8,8,50,280,334.0,route nationale CD927,,,Plein jour,En agglomération,Hors intersection,Normale,Deux véhicules - côté,,,,,,,,,,,1,2,1,1,3
200500079347,0005-12-06 21:45:00,5,12,6,21,45,280,409.0,PK 29 + 300,,,Nuit avec éclairage allumé,En agglomération,Hors intersection,Pluie légère,Deux véhicules - frontale,,,,,,,,,,,5,2,1,2,1
200500079348,0005-12-27 23:00:00,5,12,27,23,0,280,182.0,,48.185,1.221,Nuit sans éclairage public,Hors agglomération,Hors intersection,Normale,Autre collision,,,,,,,,,,,3,1,1,1,6
200500079349,0005-12-20 07:45:00,5,12,20,7,45,280,369.0,,48.678,1.253,Nuit sans éclairage public,Hors agglomération,Hors intersection,Brouillard / fumée,Sans collision,,,,,,,,,,,3,1,1,5,7
200500079350,0005-12-22 04:20:00,5,12,22,4,20,280,171.0,CD 928,,,Nuit sans éclairage public,Hors agglomération,Hors intersection,Autre,Autre collision,,,,,,,,,,,3,1,1,9,6
200500079351,0005-12-20 17:45:00,5,12,20,17,45,280,386.0,,48.565,1.253,Nuit sans éclairage public,Hors agglomération,Hors intersection,Brouillard / fumée,Sans collision,,,,,,,,,,,3,1,1,5,7
200500079352,0005-12-22 19:00:00,5,12,22,19,0,280,10.0,"IEU DIT ""LES PLAUDERIES""",,,Nuit sans éclairage public,Hors agglomération,Hors intersection,Normale,Deux véhicules - frontale,,,,,,,,,,,3,1,1,1,1
200500079353,0005-12-27 16:30:00,5,12,27,16,30,280,280.0,Rue St Martin,48.332,0.827,Plein jour,En agglomération,Hors intersection,Normale,Autre collision,,,,,,,,,,,1,2,1,1,6
200500079354,0005-12-27 18:10:00,5,12,27,18,10,280,335.0,CD5,,,Nuit sans éclairage public,Hors agglomération,Hors intersection,Normale,Autre collision,,,,,,,,,,,3,1,1,1,6
200500079355,0005-12-02 18:30:00,5,12,2,18,30,360,142.0,,46.842,1.585,Nuit sans éclairage public,Hors agglomération,Hors intersection,Normale,Trois véhicules et plus - collisions multiples,,,,,,,,,,,3,1,1,1,5
200500079356,0005-12-14 20:00:00,5,12,14,20,0,360,245.0,,,,Nuit sans éclairage public,Hors agglomération,Hors intersection,Normale,Deux véhicules - arrière,,,,,,,,,,,3,1,1,1,2
200500079357,0005-12-02 21:30:00,5,12,2,21,30,360,194.0,,46.939,1.322,Nuit sans éclairage public,Hors agglomération,Hors intersection,Pluie légère,Autre collision,,,,,,,,,,,3,1,1,2,6
200500079358,0005-12-09 12:45:00,5,12,9,12,45,360,74.0,,47.02,1.122,Plein jour,Hors agglomération,Hors intersection,Normale,Deux véhicules - frontale,,,,,,,,,,,1,1,1,1,1
200500079359,0005-12-23 07:00:00,5,12,23,7,0,360,55.0,,46.971,1.203,Nuit sans éclairage public,Hors agglomération,Hors intersection,Normale,Deux véhicules - frontale,,,,,,,,,,,3,1,1,1,1
200500079360,0005-12-23 15:00:00,5,12,23,15,0,360,176.0,Rue Nationale,46.635,1.176,Plein jour,En agglomération,Hors intersection,Normale,Deux véhicules - frontale,,,,,,,,,,,1,2,1,1,1
200500079361,0005-12-24 11:45:00,5,12,24,11,45,360,18.0,,,,Plein jour,Hors agglomération,Hors intersection,Normale,Autre collision,,,,,,,,,,,1,1,1,1,6
200500079362,0005-12-07 07:10:00,5,12,7,7,10,360,222.0,"Lieu dit ""Jean Varenne""",,,Nuit sans éclairage public,Hors agglomération,Hors intersection,Pluie légère,Deux véhicules - frontale,,,,,,,,,,,3,1,1,2,1
200500079363,0005-12-08 18:00:00,5,12,8,18,0,370,276.0,,,,Nuit sans éclairage public,Hors agglomération,Hors intersection,Pluie légère,Deux véhicules - côté,,,,,,,,,,,3,1,1,2,3
200500079364,0005-12-15 08:30:00,5,12,15,8,30,370,179.0,Rue DEWOITINE,47.433,0.681,Plein jour,En agglomération,Hors intersection,Normale,Deux véhicules - frontale,,,,,,,,,,,1,2,1,1,1
200500079365,0005-12-30 15:30:00,5,12,30,15,30,370,153.0,,,,Plein jour,Hors agglomération,Hors intersection,Temps couvert,Autre collision,,,,,,,,,,,1,1,1,8,6
200500079366,0005-12-23 16:15:00,5,12,23,16,15,370,74.0,,47.248,0.16,Crépuscule ou aube,En agglomération,Hors intersection,Autre,Autre collision,,,,,,,,,,,2,2,1,9,6
200500079367,0005-12-23 13:15:00,5,12,23,13,15,370,123.0,100 rue Rabelais,47.331,0.409,Plein jour,En agglomération,Hors intersection,Brouillard / fumée,Autre collision,,,,,,,,,,,1,2,1,5,6
200500079368,0005-12-30 09:15:00,5,12,30,9,15,370,227.0,,47.307,0.353,Plein jour,Hors agglomération,Hors intersection,Autre,Sans collision,,,,,,,,,,,1,1,1,9,7
200500079369,0005-12-11 08:45:00,5,12,11,8,45,370,180.0,Lieu dit La Scierie,,,Crépuscule ou aube,Hors agglomération,Hors intersection,Autre,Autre collision,,,,,,,,,,,2,1,1,9,6
200500079370,0005-12-30 11:45:00,5,12,30,11,45,370,147.0,37 RUE DE LA MOTTE,47.056,0.542,Plein jour,En agglomération,Hors intersection,Neige / grêle,Autre collision,,,,,,,,,,,1,2,1,4,6
200500079371,0005-12-02 09:35:00,5,12,2,9,35,370,173.0,La planche,,,Plein jour,Hors agglomération,Hors intersection,Pluie légère,Autre collision,,,,,,,,,,,1,1,1,2,6
200500079372,0005-12-10 12:00:00,5,12,10,12,0,370,108.0,,,,Plein jour,Hors agglomération,Hors intersection,Normale,Sans collision,,,,,,,,,,,1,1,1,1,7
200500079373,0005-12-13 13:50:00,5,12,13,13,50,370,133.0,orne de la pierre cassée,,,Plein jour,Hors agglomération,Intersection en X,Normale,Deux véhicules - côté,,,,,,,,,,,1,1,2,1,3
200500079374,0005-12-15 02:00:00,5,12,15,2,0,370,192.0,"au lieudit ""Rochette""",,,Nuit sans éclairage public,En agglomération,Hors intersection,Normale,Autre collision,,,,,,,,,,,3,2,1,1,6
200500079375,0005-12-06 18:00:00,5,12,6,18,0,370,26.0,,,,Nuit sans éclairage public,Hors agglomération,Hors intersection,Normale,Deux véhicules - côté,,,,,,,,,,,3,1,1,1,3
200500079376,0005-12-17 18:45:00,5,12,17,18,45,370,48.0,,,,Nuit sans éclairage public,Hors agglomération,Hors intersection,Normale,Autre collision,,,,,,,,,,,3,1,1,1,6
200500079377,0005-12-27 08:15:00,5,12,27,8,15,370,28.0,,46.813,0.941,Plein jour,Hors agglomération,Hors intersection,Autre,Sans collision,,,,,,,,,,,1,1,1,9,7
200500079378,0005-12-09 13:00:00,5,12,9,13,0,370,115.0,Rue René Boylesve,,,Plein jour,En agglomération,Hors intersection,Normale,Autre collision,,,,,,,,,,,1,2,1,1,6
200500079379,0005-12-24 00:30:00,5,12,24,0,30,370,130.0,,47.06,0.86,Nuit sans éclairage public,Hors agglomération,Hors intersection,Brouillard / fumée,Sans collision,,,,,,,,,,,3,1,1,5,7
200500079380,0005-12-11 17:15:00,5,12,11,17,15,370,154.0,RN10,47.288,0.713,Crépuscule ou aube,En agglomération,Hors intersection,Normale,Deux véhicules - frontale,,,,,,,,,,,2,2,1,1,1
200500079381,0005-12-13 08:00:00,5,12,13,8,0,370,104.0,rue Nationale - CD 17,,,Nuit avec éclairage allumé,En agglomération,Hors intersection,Pluie légère,Deux véhicules - frontale,,,,,,,,,,,5,2,1,2,1
200500079382,0005-12-22 17:30:00,5,12,22,17,30,370,85.0,,47.225,0.887,Nuit sans éclairage public,Hors agglomération,Hors intersection,Normale,Autre collision,,,,,,,,,,,3,1,1,1,6
200500079383,0005-12-02 17:00:00,5,12,2,17,0,410,230.0,,,,Plein jour,Hors agglomération,Giratoire,Normale,Deux véhicules - côté,,,,,,,,,,,1,1,6,1,3
200500079384,0005-12-07 07:45:00,5,12,7,7,45,410,288.0,,,,Nuit sans éclairage public,Hors agglomération,Hors intersection,Normale,Sans collision,,,,,,,,,,,3,1,1,1,7
200500079385,0005-12-10 18:15:00,5,12,10,18,15,410,206.0,,,,Nuit sans éclairage public,Hors agglomération,Intersection en X,Normale,Trois véhicules et plus - en chaîne,,,,,,,,,,,3,1,2,1,4
200500079386,0005-12-25 18:45:00,5,12,25,18,45,410,220.0,,47.743,1.652,Nuit sans éclairage public,Hors agglomération,Hors intersection,Normale,Autre collision,,,,,,,,,,,3,1,1,1,6
200500079387,0005-12-28 13:15:00,5,12,28,13,15,410,136.0,Rond point de l'autorout,47.716,1.527,Plein jour,En agglomération,Hors intersection,Temps couvert,Autre collision,,,,,,,,,,,1,2,1,8,6
200500079388,0005-12-28 10:15:00,5,12,28,10,15,410,258.0,,,,Plein jour,Hors agglomération,Hors intersection,Autre,Trois véhicules et plus - collisions multiples,,,,,,,,,,,1,1,1,9,5
200500079389,0005-12-02 07:30:00,5,12,2,7,30,410,159.0,Lieu-dit Avingnon,,,Crépuscule ou aube,Hors agglomération,Intersection en X,Pluie légère,Trois véhicules et plus - collisions multiples,,,,,,,,,,,2,1,2,2,5
200500079390,0005-12-08 07:15:00,5,12,8,7,15,410,161.0,,47.476,2.042,Crépuscule ou aube,Hors agglomération,Hors intersection,Normale,Deux véhicules - arrière,,,,,,,,,,,2,1,1,1,2
200500079391,0005-12-13 08:45:00,5,12,13,8,45,410,152.0,,,,Plein jour,Hors agglomération,Hors intersection,Normale,Autre collision,,,,,,,,,,,1,1,1,1,6
200500079392,0005-12-04 20:15:00,5,12,4,20,15,410,7.0,,,,Nuit sans éclairage public,Hors agglomération,Hors intersection,Pluie légère,Deux véhicules - frontale,,,,,,,,,,,3,1,1,2,1
200500079393,0005-12-05 07:00:00,5,12,5,7,0,410,120.0,,,,Nuit sans éclairage public,Hors agglomération,Hors intersection,Normale,Autre collision,,,,,,,,,,,3,1,1,1,6
200500079394,0005-12-06 05:30:00,5,12,6,5,30,410,238.0,,,,Nuit sans éclairage public,En agglomération,Hors intersection,Normale,Autre collision,,,,,,,,,,,3,2,1,1,6
200500079395,0005-12-15 21:45:00,5,12,15,21,45,410,103.0,,47.706,1.004,Nuit sans éclairage public,Hors agglomération,Hors intersection,Normale,Deux véhicules - frontale,,,,,,,,,,,3,1,1,1,1
200500079396,0005-12-17 16:00:00,5,12,17,16,0,410,120.0,,,,Plein jour,Hors agglomération,Intersection en T,Normale,Deux véhicules - côté,,,,,,,,,,,1,1,3,1,3
200500079397,0005-12-22 14:45:00,5,12,22,14,45,410,7.0,,47.635,0.901,Nuit sans éclairage public,Hors agglomération,Hors intersection,Normale,Sans collision,,,,,,,,,,,3,1,1,1,7
200500079398,0005-12-23 06:45:00,5,12,23,6,45,410,279.0,,,,Nuit sans éclairage public,Hors agglomération,Hors intersection,Brouillard / fumée,Deux véhicules - frontale,,,,,,,,,,,3,1,1,5,1
200500079399,0005-12-29 11:30:00,5,12,29,11,30,410,95.0,le plessis,,,Plein jour,Hors agglomération,Hors intersection,Normale,Deux véhicules - côté,,,,,,,,,,,1,1,1,1,3
200500079400,0005-12-30 11:30:00,5,12,30,11,30,410,173.0,,,,Plein jour,Hors agglomération,Hors intersection,Neige / grêle,Deux véhicules - frontale,,,,,,,,,,,1,1,1,4,1
200500079401,0005-12-24 18:00:00,5,12,24,18,0,330,214.0,,44.997,-1.173,Nuit sans éclairage public,Hors agglomération,Hors intersection,Normale,Trois véhicules et plus - collisions multiples,,,,,,,,,,,3,1,1,1,5
200500079402,0005-12-09 00:30:00,5,12,9,0,30,290,31.0,"Port de Doelan, rive dro",47.78,-3.609,Nuit avec éclairage allumé,En agglomération,Place,Normale,Sans collision,,,,,,,,,,,5,2,7,1,7
200500079403,0005-12-09 16:30:00,5,12,9,16,30,290,217.0,Rue Emile Bernard,47.861,-3.756,Nuit sans éclairage public,En agglomération,Hors intersection,Normale,Autre collision,,,,,,,,,,,3,2,1,1,6
200500079404,0005-12-18 01:00:00,5,12,18,1,0,290,293.0,Lambell - Kerandrennec,,,Nuit avec éclairage allumé,En agglomération,Hors intersection,Normale,Deux véhicules - arrière,,,,,,,,,,,5,2,1,1,2
200500079405,0005-12-23 22:15:00,5,12,23,22,15,290,293.0,,47.852,-3.87,Nuit avec éclairage allumé,Hors agglomération,Hors intersection,Autre,Autre collision,,,,,,,,,,,5,1,1,9,6
200500079406,0005-12-03 19:45:00,5,12,3,19,45,290,241.0,,47.988,-3.831,Nuit sans éclairage public,Hors agglomération,Hors intersection,Temps couvert,Deux véhicules - frontale,,,,,,,,,,,3,1,1,8,1
200500079407,0005-12-29 08:00:00,5,12,29,8,0,130,88.0,"RN568, N°36",43.372,5.256,Crépuscule ou aube,En agglomération,Hors intersection,Normale,Deux véhicules - côté,,,,,,,,,,,2,2,1,1,3
200500079408,0005-12-06 18:00:00,5,12,6,18,0,950,58.0,3 chemin pavé,49.156,2.3,Nuit avec éclairage allumé,En agglomération,Hors intersection,Normale,Deux véhicules - frontale,,,,,,,,,,,5,2,1,1,1
200500079409,0005-12-15 17:45:00,5,12,15,17,45,330,199.0,Rond point av. Césarée,44.627,-1.072,Nuit avec éclairage allumé,En agglomération,Giratoire,Normale,Deux véhicules - frontale,,,,,,,,,,,5,2,6,1,1
200500079410,0005-12-08 20:30:00,5,12,8,20,30,330,349.0,,44.747,-0.484,Nuit avec éclairage allumé,Hors agglomération,Hors intersection,Temps couvert,Autre collision,,,,,,,,,,,5,1,1,8,6
200500079411,0005-12-14 20:15:00,5,12,14,20,15,330,65.0,CD113,44.795,-0.507,Nuit avec éclairage allumé,Hors agglomération,Hors intersection,Normale,Deux véhicules - côté,,,,,,,,,,,5,1,1,1,3
200500079412,0005-12-25 21:00:00,5,12,25,21,0,330,234.0,,,,Nuit sans éclairage public,Hors agglomération,Hors intersection,Normale,Sans collision,,,,,,,,,,,3,1,1,1,7
200500079413,0005-12-20 16:30:00,5,12,20,16,30,210,473.0,,47.274,5.063,Crépuscule ou aube,Hors agglomération,Hors intersection,Normale,Deux véhicules - côté,,,,,,,,,,,2,1,1,1,3
200500079414,0005-12-30 17:30:00,5,12,30,17,30,150,45.0,"lieu dit ""LE COUFFOUR""",44.846,2.997,Nuit sans éclairage public,Hors agglomération,Hors intersection,Neige / grêle,Deux véhicules - frontale,,,,,,,,,,,3,1,1,4,1
200500079415,0005-12-19 11:00:00,5,12,19,11,0,130,40.0,Chemin du Goy,,,Plein jour,En agglomération,Intersection en X,Temps éblouissant,Deux véhicules - frontale,,,,,,,,,,,1,2,2,7,1
200500079416,0005-12-14 22:15:00,5,12,14,22,15,470,195.0,,44.152,0.325,Nuit sans éclairage public,Hors agglomération,Hors intersection,Normale,Autre collision,,,,,,,,,,,3,1,1,1,6
200500079417,0005-12-12 11:15:00,5,12,12,11,15,570,96.0,rue de Ludelange,,,Plein jour,En agglomération,Hors intersection,Autre,Autre collision,,,,,,,,,,,1,2,1,9,6
200500079418,0005-12-02 19:45:00,5,12,2,19,45,340,270.0,,43.596,3.821,Nuit sans éclairage public,Hors agglomération,Giratoire,Normale,Deux véhicules - côté,,,,,,,,,,,3,1,6,1,3
200500079419,0005-12-23 12:15:00,5,12,23,12,15,340,270.0,,43.584,3.859,Plein jour,Hors agglomération,Hors intersection,Normale,Trois véhicules et plus - en chaîne,,,,,,,,,,,1,1,1,1,4
200500079420,0005-12-23 19:15:00,5,12,23,19,15,340,163.0,,43.645,3.696,Nuit sans éclairage public,Hors agglomération,Hors intersection,Normale,Deux véhicules - côté,,,,,,,,,,,3,1,1,1,3
200500079421,0005-12-04 11:15:00,5,12,4,11,15,910,92.0,,,,Plein jour,Hors agglomération,Hors intersection,Temps couvert,Autre collision,,,,,,,,,,,1,1,1,8,6
200500079422,0005-12-20 09:15:00,5,12,20,9,15,280,169.0,,,,Plein jour,Hors agglomération,Hors intersection,Brouillard / fumée,Deux véhicules - arrière,,,,,,,,,,,1,1,1,5,2
200500079423,0005-12-26 17:45:00,5,12,26,17,45,280,92.0,,48.365,1.879,Plein jour,Hors agglomération,Hors intersection,Normale,Sans collision,,,,,,,,,,,1,1,1,1,7
200500079424,0005-12-10 09:15:00,5,12,10,9,15,510,299.0,ROUTE NATIONALE,,,Crépuscule ou aube,En agglomération,Hors intersection,Temps éblouissant,Deux véhicules - frontale,,,,,,,,,,,2,2,1,7,1
200500079425,0005-12-09 17:30:00,5,12,9,17,30,510,299.0,Route de WARMERIVILLE,,,Crépuscule ou aube,En agglomération,Hors intersection,Normale,Deux véhicules - côté,,,,,,,,,,,2,2,1,1,3
200500079426,0005-12-16 16:00:00,5,12,16,16,0,510,183.0,,,,Plein jour,Hors agglomération,Hors intersection,Normale,Trois véhicules et plus - collisions multiples,,,,,,,,,,,1,1,1,1,5
200500079427,0005-12-16 11:30:00,5,12,16,11,30,690,253.0,RN86,,,Plein jour,Hors agglomération,Hors intersection,Normale,Autre collision,,,,,,,,,,,1,1,1,1,6
200500079428,0005-12-16 17:30:00,5,12,16,17,30,690,7.0,RN86,,,Nuit avec éclairage allumé,En agglomération,Hors intersection,Pluie légère,Autre collision,,,,,,,,,,,5,2,1,2,6
200500079429,0005-12-22 11:00:00,5,12,22,11,0,370,50.0,République ( R.N. 143 ),,,Plein jour,En agglomération,Hors intersection,Normale,Autre collision,,,,,,,,,,,1,2,1,1,6