accident_id,datetime,annee,mois,jour,heure,minute,departement,commune_insee,adresse,latitude,longitude,luminosite,agglomeration,intersection,meteo,collision,nb_vehicules,nb_usagers,nb_indemnes,nb_tues,nb_blesses_hosp,nb_blesses_legers,age_cond_1,age_cond_2,veh_type_cond_1,veh_type_cond_2,lum_code,agg_code,int_code,atm_code,col_code
200500079430,0005-12-29 06:45:00,5,12,29,6,45,370,99.0,,47.295,0.53,Nuit sans éclairage public,Hors agglomération,Hors intersection,Normale,Sans collision,,,,,,,,,,,3,1,1,1,7
200500079431,0005-12-09 22:00:00,5,12,9,22,0,330,229.0,,44.767,-0.921,Nuit sans éclairage public,Hors agglomération,Hors intersection,Normale,Deux véhicules - frontale,,,,,,,,,,,3,1,1,1,1
200500079432,0005-12-31 14:15:00,5,12,31,14,15,330,229.0,,44.704,-1.024,Plein jour,Hors agglomération,Hors intersection,Temps couvert,Deux véhicules - arrière,,,,,,,,,,,1,1,1,8,2
200500079433,0005-12-12 12:45:00,5,12,12,12,45,770,71.0,,48.198,2.815,Plein jour,Hors agglomération,Hors intersection,Normale,Sans collision,,,,,,,,,,,1,1,1,1,7
200500079434,0005-12-28 06:30:00,5,12,28,6,30,770,520.0,,48.308,2.665,Nuit sans éclairage public,Hors agglomération,Hors intersection,Pluie légère,Deux véhicules - frontale,,,,,,,,,,,3,1,1,2,1
200500079435,0005-12-05 07:00:00,5,12,5,7,0,800,186.0,,,,Plein jour,Hors agglomération,Hors intersection,Normale,Deux véhicules - frontale,,,,,,,,,,,1,1,1,1,1
200500079436,0005-12-06 21:30:00,5,12,6,21,30,800,685.0,,,,Nuit sans éclairage public,Hors agglomération,Hors intersection,Normale,Deux véhicules - arrière,,,,,,,,,,,3,1,1,1,2
200500079437,0005-12-31 07:25:00,5,12,31,7,25,800,101.0,"s Paris/Lille, PK 96+100",,,Nuit sans éclairage public,Hors agglomération,Hors intersection,Normale,Deux véhicules - côté,,,,,,,,,,,3,1,1,1,3
200500079438,0005-12-18 14:44:00,5,12,18,14,44,710,520.0,,,,Plein jour,Hors agglomération,Hors intersection,Temps couvert,Autre collision,,,,,,,,,,,1,1,1,8,6
200500079439,0005-12-22 06:30:00,5,12,22,6,30,710,105.0,391.400 SENS PARIS LYON,,,Nuit sans éclairage public,Hors agglomération,Hors intersection,Normale,Autre collision,,,,,,,,,,,3,1,1,1,6
200500079440,0005-12-26 16:38:00,5,12,26,16,38,890,13.0,50+717 - sens PARIS/LYON,,,Plein jour,Hors agglomération,Hors intersection,Normale,Autre collision,,,,,,,,,,,1,1,1,1,6
200500079441,0005-12-05 16:40:00,5,12,5,16,40,130,51.0,A7 - PK 238+080 - S/N,,,Plein jour,Hors agglomération,Hors intersection,Normale,Deux véhicules - côté,,,,,,,,,,,1,1,1,1,3
200500079442,0005-12-09 06:30:00,5,12,9,6,30,830,57.0,,43.409,6.197,Nuit sans éclairage public,Hors agglomération,Hors intersection,Normale,Trois véhicules et plus - collisions multiples,,,,,,,,,,,3,1,1,1,5
200500079443,0005-12-13 08:45:00,5,12,13,8,45,830,26.0,,43.386,6.185,Plein jour,Hors agglomération,Hors intersection,Normale,Sans collision,,,,,,,,,,,1,1,1,1,7
200500079444,0005-12-02 08:30:00,5,12,2,8,30,600,584.0,LE PETIT THERAIN,49.24,2.44,Plein jour,En agglomération,Hors intersection,Pluie légère,Autre collision,,,,,,,,,,,1,2,1,2,6
200500079445,0005-12-15 21:15:00,5,12,15,21,15,600,686.0,,,,Nuit sans éclairage public,Hors agglomération,Hors intersection,Normale,Deux véhicules - frontale,,,,,,,,,,,3,1,1,1,1
200500079446,0005-12-03 13:15:00,5,12,3,13,15,270,497.0,A13 sens PARIS/Province,,,Plein jour,Hors agglomération,Hors intersection,Temps couvert,Autre collision,,,,,,,,,,,1,1,1,8,6
200500079447,0005-12-31 11:30:00,5,12,31,11,30,270,91.0,,49.368,0.837,Plein jour,Hors agglomération,Hors intersection,Normale,Sans collision,,,,,,,,,,,1,1,1,1,7
200500079448,0005-12-08 06:20:00,5,12,8,6,20,780,531.0,ovince/PARIS - PK 54+100,,,Nuit sans éclairage public,Hors agglomération,Hors intersection,Normale,Sans collision,,,,,,,,,,,3,1,1,1,7
200500079449,0005-12-29 06:45:00,5,12,29,6,45,780,668.0,,,,Nuit sans éclairage public,Hors agglomération,Hors intersection,Normale,Trois véhicules et plus - collisions multiples,,,,,,,,,,,3,1,1,1,5
200500079450,0005-12-02 16:00:00,5,12,2,16,0,600,369.0,,,,Plein jour,Hors agglomération,Hors intersection,Normale,Autre collision,,,,,,,,,,,1,1,1,1,6
200500079451,0005-12-17 08:15:00,5,12,17,8,15,600,533.0,,,,Plein jour,Hors agglomération,Hors intersection,Normale,Autre collision,,,,,,,,,,,1,1,1,1,6
200500079452,0005-12-20 16:45:00,5,12,20,16,45,600,533.0,,,,Plein jour,Hors agglomération,Hors intersection,Normale,Sans collision,,,,,,,,,,,1,1,1,1,7
200500079453,0005-12-26 09:20:00,5,12,26,9,20,600,558.0,"ARIS - LILLE, P.K 88+500",,,Plein jour,Hors agglomération,Hors intersection,Normale,Autre collision,,,,,,,,,,,1,1,1,1,6
200500079454,0005-12-08 18:20:00,5,12,8,18,20,210,3.0,CD 903 - CC3,,,Nuit sans éclairage public,Hors agglomération,Intersection en X,Pluie légère,Trois véhicules et plus - collisions multiples,,,,,,,,,,,3,1,2,2,5
200500079455,0005-12-23 17:15:00,5,12,23,17,15,690,206.0,,,,Crépuscule ou aube,Hors agglomération,Hors intersection,Normale,Deux véhicules - frontale,,,,,,,,,,,2,1,1,1,1
200500079456,0005-12-13 19:35:00,5,12,13,19,35,590,623.0,AUTOROUTE A26,,,Nuit sans éclairage public,Hors agglomération,Hors intersection,Normale,Deux véhicules - arrière,,,,,,,,,,,3,1,1,1,2
200500079457,0005-12-17 10:45:00,5,12,17,10,45,680,278.0,rue haute,,,Plein jour,En agglomération,Hors intersection,Normale,Deux véhicules - frontale,,,,,,,,,,,1,2,1,1,1
200500079458,0005-12-26 11:45:00,5,12,26,11,45,680,118.0,Rue de Kembs,47.731,7.424,Plein jour,En agglomération,Hors intersection,Autre,Autre collision,,,,,,,,,,,1,2,1,9,6
200500079459,0005-12-21 17:15:00,5,12,21,17,15,950,580.0,Carrefour les Guepelles,49.091,2.552,Nuit sans éclairage public,Hors agglomération,Intersection en T,Temps couvert,Deux véhicules - frontale,,,,,,,,,,,3,1,3,8,1
200500079460,0005-12-14 08:15:00,5,12,14,8,15,310,116.0,"route de VILLEMUR, CD14",43.701,1.43,Plein jour,En agglomération,Hors intersection,Normale,Deux véhicules - frontale,,,,,,,,,,,1,2,1,1,1
200500079461,0005-12-04 15:20:00,5,12,4,15,20,410,252.0,te A10 - pk 137 - Pa/Pro,,,Plein jour,Hors agglomération,Hors intersection,Pluie légère,Sans collision,,,,,,,,,,,1,1,1,2,7
200500079462,0005-12-10 23:30:00,5,12,10,23,30,410,206.0,,47.677,1.399,Nuit sans éclairage public,Hors agglomération,Hors intersection,Normale,Sans collision,,,,,,,,,,,3,1,1,1,7
200500079463,0005-12-23 15:45:00,5,12,23,15,45,410,114.0,A10 AQUITAINE,,,Plein jour,Hors agglomération,Hors intersection,Brouillard / fumée,Sans collision,,,,,,,,,,,1,1,1,5,7
200500079464,0005-12-31 19:30:00,5,12,31,19,30,300,344.0,sens Nimes - Montpellier,,,Nuit sans éclairage public,Hors agglomération,Hors intersection,Brouillard / fumée,Sans collision,,,,,,,,,,,3,1,1,5,7
200500079465,0005-12-04 18:45:00,5,12,4,18,45,340,22.0,,,,Nuit avec éclairage non allumé,Hors agglomération,Hors intersection,Pluie légère,Trois véhicules et plus - en chaîne,,,,,,,,,,,4,1,1,2,4
200500079466,0005-12-05 14:15:00,5,12,5,14,15,340,340.0,,,,Plein jour,Hors agglomération,Hors intersection,Normale,Sans collision,,,,,,,,,,,1,1,1,1,7
200500079467,0005-12-12 02:45:00,5,12,12,2,45,300,189.0,,,,Nuit sans éclairage public,Hors agglomération,Hors intersection,Normale,Sans collision,,,,,,,,,,,3,1,1,1,7
200500079468,0005-12-15 15:30:00,5,12,15,15,30,340,146.0,,,,Plein jour,Hors agglomération,Hors intersection,Normale,Sans collision,,,,,,,,,,,1,1,1,1,7
200500079469,0005-12-22 22:30:00,5,12,22,22,30,340,256.0,,,,Nuit sans éclairage public,Hors agglomération,Hors intersection,Normale,Autre collision,,,,,,,,,,,3,1,1,1,6
200500079470,0005-12-16 09:30:00,5,12,16,9,30,110,145.0,,43.238,3.135,Nuit sans éclairage public,Hors agglomération,Hors intersection,Vent fort / tempête,Trois véhicules et plus - collisions multiples,,,,,,,,,,,3,1,1,6,5
200500079471,0005-12-08 13:10:00,5,12,8,13,10,370,156.0,CD 751,,,Plein jour,En agglomération,Hors intersection,Pluie légère,Autre collision,,,,,,,,,,,1,2,1,2,6
200500079472,0005-12-26 19:00:00,5,12,26,19,0,370,27.0,Route de TOURS,,,Nuit avec éclairage allumé,En agglomération,Hors intersection,Autre,Deux véhicules - frontale,,,,,,,,,,,5,2,1,9,1
200500079473,0005-12-12 16:15:00,5,12,12,16,15,450,93.0,,,,Plein jour,Hors agglomération,Hors intersection,Normale,Autre collision,,,,,,,,,,,1,1,1,1,6
200500079474,0005-12-05 18:00:00,5,12,5,18,0,450,232.0,,,,Nuit sans éclairage public,Hors agglomération,Hors intersection,Normale,Deux véhicules - arrière,,,,,,,,,,,3,1,1,1,2
200500079475,0005-12-19 23:30:00,5,12,19,23,30,450,313.0,,,,Nuit sans éclairage public,Hors agglomération,Hors intersection,Normale,Deux véhicules - frontale,,,,,,,,,,,3,1,1,1,1
200500079476,0005-12-16 07:45:00,5,12,16,7,45,130,32.0,quartier Bompar,,,Plein jour,Hors agglomération,Hors intersection,Temps couvert,Deux véhicules - frontale,,,,,,,,,,,1,1,1,8,1
200500079477,0005-12-27 02:45:00,5,12,27,2,45,130,32.0,,,,Nuit sans éclairage public,Hors agglomération,Hors intersection,Normale,Deux véhicules - frontale,,,,,,,,,,,3,1,1,1,1
200500079478,0005-12-25 23:45:00,5,12,25,23,45,670,356.0,RD 2,,,Nuit sans éclairage public,Hors agglomération,Hors intersection,Temps couvert,Deux véhicules - côté,,,,,,,,,,,3,1,1,8,3
200500079479,0005-12-28 15:45:00,5,12,28,15,45,210,54.0,,,,Plein jour,Hors agglomération,Hors intersection,Neige / grêle,Autre collision,,,,,,,,,,,1,1,1,4,6
200500079480,0005-12-03 07:45:00,5,12,3,7,45,740,18.0,,,,Plein jour,Hors agglomération,Hors intersection,Pluie forte,Autre collision,,,,,,,,,,,1,1,1,3,6
200500079481,0005-12-31 08:20:00,5,12,31,8,20,380,400.0,A48-PK 76+400,,,Plein jour,Hors agglomération,Hors intersection,Brouillard / fumée,Deux véhicules - côté,,,,,,,,,,,1,1,1,5,3
200500079482,0005-12-24 20:45:00,5,12,24,20,45,140,308.0,"s PARIS/CAEN, PK 204+900",,,Nuit sans éclairage public,Hors agglomération,Hors intersection,Normale,Trois véhicules et plus - en chaîne,,,,,,,,,,,3,1,1,1,4
200500079483,0005-12-19 09:10:00,5,12,19,9,10,280,173.0,,,,Plein jour,Hors agglomération,Hors intersection,Pluie légère,Deux véhicules - arrière,,,,,,,,,,,1,1,1,2,2
200500079484,0005-12-27 16:15:00,5,12,27,16,15,280,409.0,,,,Plein jour,Hors agglomération,Hors intersection,Normale,Sans collision,,,,,,,,,,,1,1,1,1,7
200500079485,0005-12-26 21:43:00,5,12,26,21,43,280,425.0,"Autoroute A11, 42+300",,,Nuit sans éclairage public,Hors agglomération,Hors intersection,Normale,Deux véhicules - arrière,,,,,,,,,,,3,1,1,1,2
200500079486,0005-12-29 12:45:00,5,12,29,12,45,280,41.0,,,,Plein jour,Hors agglomération,Hors intersection,Normale,Sans collision,,,,,,,,,,,1,1,1,1,7
200500079487,0005-12-12 18:00:00,5,12,12,18,0,410,59.0,,47.4,1.407,Nuit sans éclairage public,Hors agglomération,Hors intersection,Normale,Deux véhicules - frontale,,,,,,,,,,,3,1,1,1,1
200500079488,0005-12-13 12:30:00,5,12,13,12,30,410,31.0,,,,Plein jour,Hors agglomération,Hors intersection,Normale,Trois véhicules et plus - en chaîne,,,,,,,,,,,1,1,1,1,4
200500079489,0005-12-28 17:00:00,5,12,28,17,0,410,62.0,,,,Nuit sans éclairage public,Hors agglomération,Hors intersection,Autre,Deux véhicules - frontale,,,,,,,,,,,3,1,1,9,1
200500079490,0005-12-17 16:30:00,5,12,17,16,30,290,40.0,Rue Prat Ar C'Hren,48.357,-4.77,Plein jour,En agglomération,Autre intersection,Normale,Deux véhicules - côté,,,,,,,,,,,1,2,9,1,3
200500079491,0005-12-10 18:30:00,5,12,10,18,30,310,254.0,,,,Nuit sans éclairage public,Hors agglomération,Hors intersection,Normale,Autre collision,,,,,,,,,,,3,1,1,1,6
200500079492,0005-12-15 11:30:00,5,12,15,11,30,310,254.0,Route de Baziege,,,Plein jour,En agglomération,Hors intersection,Normale,Deux véhicules - frontale,,,,,,,,,,,1,2,1,1,1
200500079493,0005-12-17 03:30:00,5,12,17,3,30,310,506.0,,,,Nuit sans éclairage public,Hors agglomération,Hors intersection,Pluie légère,Autre collision,,,,,,,,,,,3,1,1,2,6
200500079494,0005-12-15 14:45:00,5,12,15,14,45,630,413.0,,,,Plein jour,Hors agglomération,Hors intersection,Normale,Trois véhicules et plus - en chaîne,,,,,,,,,,,1,1,1,1,4
200500079495,0005-12-30 14:00:00,5,12,30,14,0,630,193.0,,45.78,3.181,Plein jour,Hors agglomération,Hors intersection,Autre,Deux véhicules - arrière,,,,,,,,,,,1,1,1,9,2
200500079496,0005-12-22 20:00:00,5,12,22,20,0,630,54.0,,,,Nuit sans éclairage public,Hors agglomération,Hors intersection,Temps couvert,Trois véhicules et plus - en chaîne,,,,,,,,,,,3,1,1,8,4
200500079497,0005-12-29 21:00:00,5,12,29,21,0,630,404.0,,,,Nuit sans éclairage public,Hors agglomération,Hors intersection,Autre,Autre collision,,,,,,,,,,,3,1,1,9,6
200500079498,0005-12-30 14:00:00,5,12,30,14,0,630,178.0,,45.528,3.259,Plein jour,Hors agglomération,Hors intersection,Autre,Deux véhicules - arrière,,,,,,,,,,,1,1,1,9,2
200500079499,0005-12-01 15:30:00,5,12,1,15,30,400,133.0,,,,Plein jour,Hors agglomération,Hors intersection,Normale,Deux véhicules - arrière,,,,,,,,,,,1,1,1,1,2
200500079500,0005-12-08 19:15:00,5,12,8,19,15,640,24.0,utoroute A 63 - sens F/E,43.465,-1.498,Nuit sans éclairage public,Hors agglomération,Hors intersection,Temps couvert,Deux véhicules - côté,,,,,,,,,,,3,1,1,8,3
200500079501,0005-12-10 16:30:00,5,12,10,16,30,510,454.0,,49.256,4.021,Plein jour,Hors agglomération,Autre intersection,Normale,Autre collision,,,,,,,,,,,1,1,9,1,6
200500079502,0005-12-08 09:30:00,5,12,8,9,30,910,581.0,ersection cd 19 et cd 82,,,Plein jour,Hors agglomération,Intersection en X,Normale,Deux véhicules - côté,,,,,,,,,,,1,1,2,1,3
200500079503,0005-12-01 10:15:00,5,12,1,10,15,380,485.0,Avenue Victor hugo,,,Plein jour,En agglomération,Hors intersection,Normale,Deux véhicules - côté,,,,,,,,,,,1,2,1,1,3
200500079504,0005-12-27 18:00:00,5,12,27,18,0,380,485.0,Square du 08 mai 1945,,,Nuit avec éclairage allumé,En agglomération,Hors intersection,Normale,Deux véhicules - frontale,,,,,,,,,,,5,2,1,1,1
200500079505,0005-12-11 18:00:00,5,12,11,18,0,570,484.0,,,,Crépuscule ou aube,Hors agglomération,Hors intersection,Normale,Autre collision,,,,,,,,,,,2,1,1,1,6
200500079506,0005-12-09 19:30:00,5,12,9,19,30,570,155.0,,,,Nuit sans éclairage public,Hors agglomération,Hors intersection,Normale,Autre collision,,,,,,,,,,,3,1,1,1,6
200500079507,0005-12-24 15:15:00,5,12,24,15,15,370,226.0,,,,Plein jour,Hors agglomération,Hors intersection,Normale,Sans collision,,,,,,,,,,,1,1,1,1,7
200500079508,0005-12-30 09:15:00,5,12,30,9,15,370,179.0,,,,Plein jour,Hors agglomération,Hors intersection,Autre,Deux véhicules - côté,,,,,,,,,,,1,1,1,9,3
200500079509,0005-12-27 16:55:00,5,12,27,16,55,20,443.0,,,,Crépuscule ou aube,Hors agglomération,Hors intersection,Normale,Sans collision,,,,,,,,,,,2,1,1,1,7
200500079510,0005-12-31 23:45:00,5,12,31,23,45,900,10.0,,47.636,6.876,Nuit sans éclairage public,Hors agglomération,Hors intersection,Pluie forte,Sans collision,,,,,,,,,,,3,1,1,3,7
200500079511,0005-12-03 13:45:00,5,12,3,13,45,670,33.0,4 sens STRASBOURG/PARIS.,,,Plein jour,Hors agglomération,Hors intersection,Pluie légère,Sans collision,,,,,,,,,,,1,1,1,2,7
200500079512,0005-12-04 03:05:00,5,12,4,3,5,670,67.0,- SENS PARIS STRASBOURG,,,Nuit avec éclairage allumé,Hors agglomération,Hors intersection,Pluie légère,Deux véhicules - arrière,,,,,,,,,,,5,1,1,2,2
200500079513,0005-12-09 19:15:00,5,12,9,19,15,620,609.0,"REIMS/CALAIS, PK 94+700.",,,Nuit sans éclairage public,Hors agglomération,Hors intersection,Normale,Deux véhicules - arrière,,,,,,,,,,,3,1,1,1,2
200500079514,0005-12-02 22:45:00,5,12,2,22,45,250,516.0,,,,Nuit sans éclairage public,Hors agglomération,Hors intersection,Temps couvert,Trois véhicules et plus - collisions multiples,,,,,,,,,,,3,1,1,8,5
200500079515,0005-12-23 15:15:00,5,12,23,15,15,130,13.0,,43.415,5.581,Plein jour,Hors agglomération,Hors intersection,Normale,Deux véhicules - frontale,,,,,,,,,,,1,1,1,1,1
200500079516,0005-12-16 18:35:00,5,12,16,18,35,60,123.0,K. 184+200 chaussée Nord,,,Nuit avec éclairage allumé,Hors agglomération,Hors intersection,Normale,Trois véhicules et plus - collisions multiples,,,,,,,,,,,5,1,1,1,5
200500079517,0005-12-17 23:15:00,5,12,17,23,15,770,141.0,,,,Nuit avec éclairage allumé,Hors agglomération,Hors intersection,Normale,Sans collision,,,,,,,,,,,5,1,1,1,7
200500079518,0005-12-05 17:30:00,5,12,5,17,30,660,172.0,avenue nde baixas,,,Nuit avec éclairage allumé,En agglomération,Hors intersection,Normale,Deux véhicules - côté,,,,,,,,,,,5,2,1,1,3
200500079519,0005-12-04 23:00:00,5,12,4,23,0,110,195.0,utoroute A61  PK 293+680,,,Nuit sans éclairage public,Hors agglomération,Hors intersection,Pluie légère,Trois véhicules et plus - collisions multiples,,,,,,,,,,,3,1,1,2,5
200500079520,0005-12-04 23:30:00,5,12,4,23,30,720,353.0,,,,Nuit sans éclairage public,Hors agglomération,Hors intersection,Normale,Trois véhicules et plus - en chaîne,,,,,,,,,,,3,1,1,1,4
200500079521,0005-12-11 15:15:00,5,12,11,15,15,720,129.0,,,,Plein jour,Hors agglomération,Hors intersection,Normale,Deux véhicules - côté,,,,,,,,,,,1,1,1,1,3
200500079522,0005-12-22 08:30:00,5,12,22,8,30,910,617.0,,,,Crépuscule ou aube,Hors agglomération,Hors intersection,Normale,Autre collision,,,,,,,,,,,2,1,1,1,6
200500079523,0005-12-05 01:00:00,5,12,5,1,0,310,374.0,,43.422,1.631,Nuit sans éclairage public,Hors agglomération,Hors intersection,Temps couvert,Deux véhicules - arrière,,,,,,,,,,,3,1,1,8,2
200500079524,0005-12-05 01:01:00,5,12,5,1,1,310,374.0,,43.422,1.631,Nuit sans éclairage public,Hors agglomération,Hors intersection,Temps couvert,Deux véhicules - côté,,,,,,,,,,,3,1,1,8,3
200500079525,0005-12-24 15:45:00,5,12,24,15,45,460,77.0,,,,Plein jour,Hors agglomération,Hors intersection,Normale,Autre collision,,,,,,,,,,,1,1,1,1,6
200500079526,0005-12-15 21:15:00,5,12,15,21,15,720,96.0,,48.035,,Nuit sans éclairage public,Hors agglomération,Hors intersection,Normale,Deux véhicules - arrière,,,,,,,,,,,3,1,1,1,2
200500079527,0005-12-29 12:01:00,5,12,29,12,1,720,217.0,,48.063,0.212,Plein jour,Hors agglomération,Autre intersection,Normale,Trois véhicules et plus - en chaîne,,,,,,,,,,,1,1,9,1,4
200500079528,0005-12-29 12:00:00,5,12,29,12,0,720,217.0,,,,Plein jour,Hors agglomération,Hors intersection,Normale,Deux véhicules - arrière,,,,,,,,,,,1,1,1,1,2
200500079529,0005-12-01 14:45:00,5,12,1,14,45,680,300.0,9 Sens Colmar - Mulhouse,,,Plein jour,Hors agglomération,Hors intersection,Normale,Sans collision,,,,,,,,,,,1,1,1,1,7
200500079530,0005-12-03 02:00:00,5,12,3,2,0,680,266.0,,,,Nuit sans éclairage public,Hors agglomération,Hors intersection,Normale,Autre collision,,,,,,,,,,,3,1,1,1,6
200500079531,0005-12-04 17:20:00,5,12,4,17,20,680,82.0,Autoroute A35 PK 93+500,,,Nuit sans éclairage public,Hors agglomération,Hors intersection,Pluie légère,Sans collision,,,,,,,,,,,3,1,1,2,7
200500079532,0005-12-05 07:45:00,5,12,5,7,45,680,296.0,,,,Plein jour,Hors agglomération,Hors intersection,Normale,Deux véhicules - côté,,,,,,,,,,,1,1,1,1,3
200500079533,0005-12-05 13:45:00,5,12,5,13,45,680,300.0,Bretelle accés A36,,,Plein jour,Hors agglomération,Autre intersection,Pluie légère,Trois véhicules et plus - collisions multiples,,,,,,,,,,,1,1,9,2,5
200500079534,0005-12-06 10:45:00,5,12,6,10,45,680,252.0,,,,Plein jour,Hors agglomération,Hors intersection,Normale,Deux véhicules - arrière,,,,,,,,,,,1,1,1,1,2
200500079535,0005-12-08 05:15:00,5,12,8,5,15,680,205.0,,47.92,7.36,Nuit sans éclairage public,Hors agglomération,Hors intersection,Normale,Deux véhicules - arrière,,,,,,,,,,,3,1,1,1,2
200500079536,0005-12-08 11:45:00,5,12,8,11,45,680,242.0,,,,Plein jour,Hors agglomération,Hors intersection,Pluie légère,Deux véhicules - arrière,,,,,,,,,,,1,1,1,2,2
200500079537,0005-12-08 14:30:00,5,12,8,14,30,680,118.0,,47.73,7.42,Plein jour,Hors agglomération,Hors intersection,Temps couvert,Sans collision,,,,,,,,,,,1,1,1,8,7
200500079538,0005-12-16 11:30:00,5,12,16,11,30,680,296.0,,,,Plein jour,Hors agglomération,Hors intersection,Pluie légère,Autre collision,,,,,,,,,,,1,1,1,2,6
200500079539,0005-12-16 11:45:00,5,12,16,11,45,680,266.0,,,,Plein jour,Hors agglomération,Hors intersection,Pluie légère,Deux véhicules - côté,,,,,,,,,,,1,1,1,2,3
200500079540,0005-12-17 04:00:00,5,12,17,4,0,680,113.0,sens COLMAR - STRASBOURG,,,Nuit sans éclairage public,Hors agglomération,Hors intersection,Normale,Autre collision,,,,,,,,,,,3,1,1,1,6
200500079541,0005-12-23 18:30:00,5,12,23,18,30,680,300.0,,,,Nuit avec éclairage allumé,Hors agglomération,Autre intersection,Normale,Deux véhicules - côté,,,,,,,,,,,5,1,9,1,3
200500079542,0005-12-28 06:45:00,5,12,28,6,45,680,278.0,,,,Nuit sans éclairage public,Hors agglomération,Hors intersection,Normale,Sans collision,,,,,,,,,,,3,1,1,1,7
200500079543,0005-12-13 15:00:00,5,12,13,15,0,530,108.0,- Sens PARIS / PROVINCE,48.087,-1.026,Plein jour,Hors agglomération,Hors intersection,Normale,Deux véhicules - arrière,,,,,,,,,,,1,1,1,1,2
200500079544,0005-12-20 14:00:00,5,12,20,14,0,530,262.0,50 sens Paris - Province,,,Plein jour,Hors agglomération,Hors intersection,Normale,Autre collision,,,,,,,,,,,1,1,1,1,6
200500079545,0005-12-18 21:00:00,5,12,18,21,0,201,90.0,Lieu dit sampiero,,,Nuit avec éclairage allumé,En agglomération,Hors intersection,Normale,Deux véhicules - frontale,,,,,,,,,,,5,2,1,1,1
200500079546,0005-12-22 18:15:00,5,12,22,18,15,201,934.0,,,,Nuit sans éclairage public,Hors agglomération,Hors intersection,Normale,Autre collision,,,,,,,,,,,3,1,1,1,6
200500079547,0005-12-20 18:30:00,5,12,20,18,30,201,130.0,,,,Nuit sans éclairage public,Hors agglomération,Hors intersection,Normale,Deux véhicules - côté,,,,,,,,,,,3,1,1,1,3
200500079548,0005-12-11 16:30:00,5,12,11,16,30,380,126.0,CHEMIN DE PELLETIERE,45.225,5.761,Plein jour,En agglomération,Hors intersection,Normale,Deux véhicules - frontale,,,,,,,,,,,1,2,1,1,1
200500079549,0005-12-15 20:15:00,5,12,15,20,15,380,249.0,CHEMIN DE L AIGUILLE,45.236,5.809,Nuit avec éclairage allumé,En agglomération,Hors intersection,Normale,Deux véhicules - frontale,,,,,,,,,,,5,2,1,1,1
200500079550,0005-12-06 18:55:00,5,12,6,18,55,780,431.0,RN 13,,,Nuit sans éclairage public,Hors agglomération,Hors intersection,Pluie légère,Trois véhicules et plus - en chaîne,,,,,,,,,,,3,1,1,2,4
200500079551,0005-12-04 06:15:00,5,12,4,6,15,330,122.0,,,,Nuit sans éclairage public,Hors agglomération,Hors intersection,Pluie légère,Deux véhicules - frontale,,,,,,,,,,,3,1,1,2,1
200500079552,0005-12-10 16:45:00,5,12,10,16,45,330,122.0,,,,Plein jour,Hors agglomération,Hors intersection,Temps éblouissant,Sans collision,,,,,,,,,,,1,1,1,7,7
200500079553,0005-12-31 05:20:00,5,12,31,5,20,330,122.0,"oute Nationale 10, PK 62",,,Nuit sans éclairage public,Hors agglomération,Hors intersection,Pluie légère,Autre collision,,,,,,,,,,,3,1,1,2,6
200500079554,0005-12-11 22:15:00,5,12,11,22,15,670,429.0,,,,Nuit sans éclairage public,Hors agglomération,Hors intersection,Normale,Trois véhicules et plus - collisions multiples,,,,,,,,,,,3,1,1,1,5
200500079555,0005-12-12 09:00:00,5,12,12,9,0,670,329.0,0 sur A.35 sens Sud-Nord,,,Plein jour,Hors agglomération,Hors intersection,Normale,Deux véhicules - côté,,,,,,,,,,,1,1,1,1,3
200500079556,0005-12-06 09:45:00,5,12,6,9,45,790,48.0,échangeur A.83 et R.N.11,,,Plein jour,Hors agglomération,Hors intersection,Temps éblouissant,Trois véhicules et plus - en chaîne,,,,,,,,,,,1,1,1,7,4
200500079557,0005-12-06 10:00:00,5,12,6,10,0,790,201.0,,46.448,-0.038,Plein jour,Hors agglomération,Hors intersection,Normale,Sans collision,,,,,,,,,,,1,1,1,1,7
200500079558,0005-12-04 13:10:00,5,12,4,13,10,170,226.0,"900, sens PARIS BORDEAUX",,,Plein jour,Hors agglomération,Hors intersection,Pluie forte,Autre collision,,,,,,,,,,,1,1,1,3,6
200500079559,0005-12-19 11:00:00,5,12,19,11,0,330,382.0,utoroute A-10 PK 510+900,,,Plein jour,Hors agglomération,Hors intersection,Normale,Deux véhicules - côté,,,,,,,,,,,1,1,1,1,3