accident_id,datetime,annee,mois,jour,heure,minute,departement,commune_insee,adresse,latitude,longitude,luminosite,agglomeration,intersection,meteo,collision,nb_vehicules,nb_usagers,nb_indemnes,nb_tues,nb_blesses_hosp,nb_blesses_legers,age_cond_1,age_cond_2,veh_type_cond_1,veh_type_cond_2,lum_code,agg_code,int_code,atm_code,col_code
200500079560,0005-12-08 07:15:00,5,12,8,7,15,740,118.0,,46.167,6.194,Crépuscule ou aube,Hors agglomération,Hors intersection,Normale,Autre collision,,,,,,,,,,,2,1,1,1,6
200500079561,0005-12-03 11:00:00,5,12,3,11,0,220,372.0,Rue de ST BRIEUC,,,Plein jour,En agglomération,Hors intersection,Pluie forte,Autre collision,,,,,,,,,,,1,2,1,3,6
200500079562,0005-12-08 19:00:00,5,12,8,19,0,220,187.0,RUE DE LA CROIX LORMEL,,,Nuit avec éclairage allumé,En agglomération,Hors intersection,Normale,Autre collision,,,,,,,,,,,5,2,1,1,6
200500079563,0005-12-16 18:30:00,5,12,16,18,30,220,372.0,,,,Nuit sans éclairage public,Hors agglomération,Hors intersection,Pluie légère,Trois véhicules et plus - collisions multiples,,,,,,,,,,,3,1,1,2,5
200500079564,0005-12-17 15:25:00,5,12,17,15,25,740,112.0,D908C dite voie verte,,,Plein jour,Hors agglomération,Hors intersection,Normale,Deux véhicules - côté,,,,,,,,,,,1,1,1,1,3
200500079565,0005-12-10 02:28:00,5,12,10,2,28,10,290.0,autoroute A.42 PR 27+900,,,Nuit sans éclairage public,Hors agglomération,Hors intersection,Normale,Deux véhicules - frontale,,,,,,,,,,,3,1,1,1,1
200500079566,0005-12-22 20:00:00,5,12,22,20,0,10,276.0,,45.832,5.031,Nuit sans éclairage public,Hors agglomération,Hors intersection,Normale,Deux véhicules - côté,,,,,,,,,,,3,1,1,1,3
200500079567,0005-12-21 13:30:00,5,12,21,13,30,510,530.0,,,,Plein jour,Hors agglomération,Hors intersection,Normale,Deux véhicules - arrière,,,,,,,,,,,1,1,1,1,2
200500079568,0005-12-09 15:35:00,5,12,9,15,35,520,307.0,"A.5, P.K 224+900.",,,Plein jour,Hors agglomération,Hors intersection,Normale,Autre collision,,,,,,,,,,,1,1,1,1,6
200500079569,0005-12-14 01:00:00,5,12,14,1,0,520,538.0,,,,Nuit sans éclairage public,Hors agglomération,Hors intersection,Temps couvert,Autre collision,,,,,,,,,,,3,1,1,8,6
200500079570,0005-12-17 07:45:00,5,12,17,7,45,520,538.0,,,,Crépuscule ou aube,Hors agglomération,Hors intersection,Pluie légère,Deux véhicules - arrière,,,,,,,,,,,2,1,1,2,2
200500079571,0005-12-30 13:00:00,5,12,30,13,0,620,618.0,,50.823,2.081,Plein jour,Hors agglomération,Hors intersection,Neige / grêle,Autre collision,,,,,,,,,,,1,1,1,4,6
200500079572,0005-12-21 19:45:00,5,12,21,19,45,310,588.0,rue st Laurent,43.527,1.341,Nuit avec éclairage allumé,En agglomération,Hors intersection,Normale,Autre collision,,,,,,,,,,,5,2,1,1,6
200500079573,0005-12-22 20:00:00,5,12,22,20,0,310,588.0,RUE SAINT LAURENT,,,Nuit avec éclairage allumé,En agglomération,Hors intersection,Normale,Deux véhicules - frontale,,,,,,,,,,,5,2,1,1,1
200500079574,0005-12-15 17:30:00,5,12,15,17,30,690,244.0,avenue charles de gaulle,,,Nuit avec éclairage allumé,En agglomération,Hors intersection,Normale,Autre collision,,,,,,,,,,,5,2,1,1,6
200500079575,0005-12-28 12:00:00,5,12,28,12,0,690,244.0,,,,Plein jour,Hors agglomération,Hors intersection,Normale,Deux véhicules - côté,,,,,,,,,,,1,1,1,1,3
200500079576,0005-12-22 20:15:00,5,12,22,20,15,380,114.0,,45.41,4.78,Nuit sans éclairage public,Hors agglomération,Hors intersection,Normale,Deux véhicules - frontale,,,,,,,,,,,3,1,1,1,1
200500079577,0005-12-03 16:30:00,5,12,3,16,30,740,11.0,rue des carillons,,,Crépuscule ou aube,En agglomération,Place,Temps couvert,Autre collision,,,,,,,,,,,2,2,7,8,6
200500079578,0005-12-18 20:00:00,5,12,18,20,0,740,120.0,Route Nationale 203,,,Nuit sans éclairage public,Hors agglomération,Hors intersection,Normale,Sans collision,,,,,,,,,,,3,1,1,1,7
200500079579,0005-12-22 22:15:00,5,12,22,22,15,740,282.0,,,,Nuit sans éclairage public,Hors agglomération,Hors intersection,Autre,Deux véhicules - frontale,,,,,,,,,,,3,1,1,9,1
200500079580,0005-12-29 22:00:00,5,12,29,22,0,340,320.0,,43.649,3.731,Nuit sans éclairage public,Hors agglomération,Hors intersection,Normale,Autre collision,,,,,,,,,,,3,1,1,1,6
200500079581,0005-12-04 06:50:00,5,12,4,6,50,10,445.0,"131+850, sens BOURG/DOLE",,,Nuit sans éclairage public,Hors agglomération,Hors intersection,Vent fort / tempête,Sans collision,,,,,,,,,,,3,1,1,6,7
200500079582,0005-12-15 07:20:00,5,12,15,7,20,10,115.0,AUTOROUTE A40,,,Crépuscule ou aube,Hors agglomération,Hors intersection,Brouillard / fumée,Autre collision,,,,,,,,,,,2,1,1,5,6
200500079583,0005-12-23 21:45:00,5,12,23,21,45,10,115.0,,,,Nuit sans éclairage public,Hors agglomération,Hors intersection,Normale,Deux véhicules - arrière,,,,,,,,,,,3,1,1,1,2
200500079584,0005-12-22 05:30:00,5,12,22,5,30,20,124.0,187+650 - Sens R/CALAIS,,,Nuit sans éclairage public,Hors agglomération,Hors intersection,Normale,Deux véhicules - frontale,,,,,,,,,,,3,1,1,1,1
200500079585,0005-12-10 19:15:00,5,12,10,19,15,950,353.0,RN1/RUE DE BEAUMONT,49.087,2.315,Nuit avec éclairage allumé,En agglomération,Hors intersection,Normale,Deux véhicules - côté,,,,,,,,,,,5,2,1,1,3
200500079586,0005-12-17 14:00:00,5,12,17,14,0,950,42.0,1 - Lieu dit Les Groues,,,Plein jour,Hors agglomération,Hors intersection,Normale,Sans collision,,,,,,,,,,,1,1,1,1,7
200500079587,0005-12-14 07:30:00,5,12,14,7,30,760,244.0,,,,Nuit sans éclairage public,Hors agglomération,Hors intersection,Normale,Autre collision,,,,,,,,,,,3,1,1,1,6
200500079588,0005-12-20 20:30:00,5,12,20,20,30,560,205.0,,47.557,-2.715,Nuit sans éclairage public,Hors agglomération,Hors intersection,Normale,Deux véhicules - frontale,,,,,,,,,,,3,1,1,1,1
200500079589,0005-12-14 08:30:00,5,12,14,8,30,420,38.0,"toroute A 72, PK 106+800",,,Plein jour,Hors agglomération,Hors intersection,Normale,Autre collision,,,,,,,,,,,1,1,1,1,6
200500079590,0005-12-25 06:00:00,5,12,25,6,0,380,553.0,Avenue du Vellein,,,Crépuscule ou aube,En agglomération,Hors intersection,Brouillard / fumée,Sans collision,,,,,,,,,,,2,2,1,5,7
200500079591,0005-12-18 14:18:00,5,12,18,14,18,410,256.0,"is/Province, PK 167+750",,,Plein jour,Hors agglomération,Hors intersection,Normale,Sans collision,,,,,,,,,,,1,1,1,1,7
200500079592,0005-12-19 08:40:00,5,12,19,8,40,180,138.0,750 sens Vierzon-Bourges,,,Plein jour,Hors agglomération,Hors intersection,Normale,Sans collision,,,,,,,,,,,1,1,1,1,7
200500079593,0005-12-19 11:40:00,5,12,19,11,40,180,279.0,+480 SENS PROVINCE/PARIS,,,Plein jour,En agglomération,Hors intersection,Normale,Trois véhicules et plus - collisions multiples,,,,,,,,,,,1,2,1,1,5
200500079594,0005-12-31 15:00:00,5,12,31,15,0,340,337.0,,,,Plein jour,Hors agglomération,Hors intersection,Pluie légère,Deux véhicules - frontale,,,,,,,,,,,1,1,1,2,1
200500079595,0005-12-06 14:15:00,5,12,6,14,15,10,273.0,,,,Plein jour,Hors agglomération,Hors intersection,Pluie forte,Autre collision,,,,,,,,,,,1,1,1,3,6
200500079596,0005-12-22 10:00:00,5,12,22,10,0,10,237.0,,,,Plein jour,Hors agglomération,Hors intersection,Temps couvert,Sans collision,,,,,,,,,,,1,1,1,8,7
200500079597,0005-12-04 07:15:00,5,12,4,7,15,130,44.0,,,,Nuit sans éclairage public,Hors agglomération,Hors intersection,Normale,Deux véhicules - frontale,,,,,,,,,,,3,1,1,1,1
200500079598,0005-12-31 17:30:00,5,12,31,17,30,130,51.0,,,,Nuit sans éclairage public,Hors agglomération,Hors intersection,Pluie légère,Deux véhicules - frontale,,,,,,,,,,,3,1,1,2,1
200500079599,0005-12-03 14:00:00,5,12,3,14,0,630,164.0,,45.822,3.156,Plein jour,Hors agglomération,Hors intersection,Normale,Autre collision,,,,,,,,,,,1,1,1,1,6
200500079600,0005-12-24 13:30:00,5,12,24,13,30,630,311.0,,46.04,3.11,Plein jour,Hors agglomération,Hors intersection,Temps couvert,Sans collision,,,,,,,,,,,1,1,1,8,7
200500079601,0005-12-11 02:30:00,5,12,11,2,30,60,84.0,,,,Nuit sans éclairage public,Hors agglomération,Hors intersection,Autre,Deux véhicules - côté,,,,,,,,,,,3,1,1,9,3
200500079602,0005-12-16 22:10:00,5,12,16,22,10,490,7.0,62 sens LE MANS - ANGERS,,,Nuit avec éclairage allumé,Hors agglomération,Hors intersection,Pluie légère,Deux véhicules - côté,,,,,,,,,,,5,1,1,2,3
200500079603,0005-12-19 08:15:00,5,12,19,8,15,400,210.0,,44.023,-1.018,Plein jour,Hors agglomération,Hors intersection,Normale,Autre collision,,,,,,,,,,,1,1,1,1,6
200500079604,0005-12-17 08:30:00,5,12,17,8,30,380,530.0,rond point stgermain,,,Plein jour,Hors agglomération,Hors intersection,Pluie légère,Trois véhicules et plus - collisions multiples,,,,,,,,,,,1,1,1,2,5
200500079605,0005-12-19 16:30:00,5,12,19,16,30,380,530.0,RN6,45.613,5.17,Plein jour,Hors agglomération,Giratoire,Normale,Deux véhicules - arrière,,,,,,,,,,,1,1,6,1,2
200500079606,0005-12-20 15:30:00,5,12,20,15,30,380,530.0,RN6,,,Plein jour,Hors agglomération,Autre intersection,Normale,Deux véhicules - arrière,,,,,,,,,,,1,1,9,1,2
200500079607,0005-12-25 20:15:00,5,12,25,20,15,380,193.0,Lieu-dit la mermetière,,,Nuit sans éclairage public,Hors agglomération,Hors intersection,Normale,Sans collision,,,,,,,,,,,3,1,1,1,7
200500079608,0005-12-31 09:30:00,5,12,31,9,30,210,599.0,,47.628,5.179,Plein jour,Hors agglomération,Hors intersection,Brouillard / fumée,Trois véhicules et plus - collisions multiples,,,,,,,,,,,1,1,1,5,5
200500079609,0005-12-05 11:45:00,5,12,5,11,45,100,76.0,,,,Plein jour,Hors agglomération,Hors intersection,Pluie légère,Deux véhicules - arrière,,,,,,,,,,,1,1,1,2,2
200500079610,0005-12-06 06:15:00,5,12,6,6,15,100,433.0,,,,Nuit sans éclairage public,Hors agglomération,Hors intersection,Normale,Deux véhicules - arrière,,,,,,,,,,,3,1,1,1,2
200500079611,0005-12-14 16:15:00,5,12,14,16,15,100,438.0,,,,Crépuscule ou aube,Hors agglomération,Hors intersection,Pluie légère,Sans collision,,,,,,,,,,,2,1,1,2,7
200500079612,0005-12-23 07:45:00,5,12,23,7,45,100,213.0,,,,Crépuscule ou aube,Hors agglomération,Hors intersection,Temps couvert,Trois véhicules et plus - collisions multiples,,,,,,,,,,,2,1,1,8,5
200500079613,0005-12-26 13:30:00,5,12,26,13,30,100,162.0,,,,Plein jour,Hors agglomération,Hors intersection,Normale,Sans collision,,,,,,,,,,,1,1,1,1,7
200500079614,0005-12-05 18:15:00,5,12,5,18,15,640,147.0,,,,Crépuscule ou aube,Hors agglomération,Hors intersection,Neige / grêle,Autre collision,,,,,,,,,,,2,1,1,4,6
200500079615,0005-12-16 18:00:00,5,12,16,18,0,670,409.0,,,,Nuit sans éclairage public,Hors agglomération,Hors intersection,Normale,Deux véhicules - frontale,,,,,,,,,,,3,1,1,1,1
200500079616,0005-12-14 19:15:00,5,12,14,19,15,670,356.0,,,,Nuit sans éclairage public,Hors agglomération,Hors intersection,Pluie légère,Autre collision,,,,,,,,,,,3,1,1,2,6
200500079617,0005-12-20 06:15:00,5,12,20,6,15,670,465.0,,,,Nuit sans éclairage public,Hors agglomération,Hors intersection,Normale,Autre collision,,,,,,,,,,,3,1,1,1,6
200500079618,0005-12-03 02:00:00,5,12,3,2,0,600,10.0,,,,Nuit sans éclairage public,Hors agglomération,Hors intersection,Autre,Autre collision,,,,,,,,,,,3,1,1,9,6
200500079619,0005-12-04 00:01:00,5,12,4,0,1,600,9.0,6 au niveau du PK 68+600,,,Nuit sans éclairage public,Hors agglomération,Hors intersection,Temps couvert,Autre collision,,,,,,,,,,,3,1,1,8,6
200500079620,0005-12-11 20:00:00,5,12,11,20,0,600,9.0,PK 67+700 P/B,,,Nuit sans éclairage public,Hors agglomération,Hors intersection,Normale,Trois véhicules et plus - collisions multiples,,,,,,,,,,,3,1,1,1,5
200500079621,0005-12-21 19:00:00,5,12,21,19,0,950,313.0,Autoroute A16,,,Nuit sans éclairage public,Hors agglomération,Hors intersection,Temps couvert,Trois véhicules et plus - collisions multiples,,,,,,,,,,,3,1,1,8,5
200500079622,0005-12-25 18:30:00,5,12,25,18,30,950,504.0,+200 sens BOULOGNE/PARIS,,,Nuit sans éclairage public,Hors agglomération,Hors intersection,Normale,Deux véhicules - frontale,,,,,,,,,,,3,1,1,1,1
200500079623,0005-12-22 05:30:00,5,12,22,5,30,890,399.0,PK 69+800,48.25,3.353,Nuit sans éclairage public,Hors agglomération,Hors intersection,Normale,Autre collision,,,,,,,,,,,3,1,1,1,6
200500079624,0005-12-16 12:45:00,5,12,16,12,45,130,50.0,RN 7,,,Plein jour,En agglomération,Intersection en X,Normale,Trois véhicules et plus - collisions multiples,,,,,,,,,,,1,2,2,1,5
200500079625,0005-12-05 19:00:00,5,12,5,19,0,310,324.0,,43.2,1.003,Nuit sans éclairage public,Hors agglomération,Intersection en X,Pluie légère,Trois véhicules et plus - collisions multiples,,,,,,,,,,,3,1,2,2,5
200500079626,0005-12-09 08:45:00,5,12,9,8,45,490,180.0,,,,Plein jour,Hors agglomération,Hors intersection,Normale,Autre collision,,,,,,,,,,,1,1,1,1,6
200500079627,0005-12-18 12:20:00,5,12,18,12,20,800,456.0,A29 PK 149+300,,,Plein jour,Hors agglomération,Hors intersection,Normale,Autre collision,,,,,,,,,,,1,1,1,1,6
200500079628,0005-12-19 12:15:00,5,12,19,12,15,800,100.0,autoroute A16,,,Plein jour,Hors agglomération,Hors intersection,Normale,Autre collision,,,,,,,,,,,1,1,1,1,6
200500079629,0005-12-25 10:30:00,5,12,25,10,30,730,261.0,,45.215,6.481,Plein jour,Hors agglomération,Hors intersection,Autre,Autre collision,,,,,,,,,,,1,1,1,9,6
200500079630,0005-12-31 09:00:00,5,12,31,9,0,730,79.0,,45.56,6.18,Plein jour,Hors agglomération,Hors intersection,Pluie légère,Trois véhicules et plus - en chaîne,,,,,,,,,,,1,1,1,2,4
200500079631,0005-12-03 14:30:00,5,12,3,14,30,620,560.0,,,,Plein jour,Hors agglomération,Hors intersection,Pluie forte,Autre collision,,,,,,,,,,,1,1,1,3,6
200500079632,0005-12-11 14:15:00,5,12,11,14,15,620,156.0,,,,Plein jour,Hors agglomération,Hors intersection,Normale,Autre collision,,,,,,,,,,,1,1,1,1,6
200500079633,0005-12-30 11:45:00,5,12,30,11,45,460,220.0,,44.851,1.494,Plein jour,Hors agglomération,Hors intersection,Autre,Autre collision,,,,,,,,,,,1,1,1,9,6
200500079634,0005-12-07 19:45:00,5,12,7,19,45,500,224.0,,49.009,-0.894,Nuit sans éclairage public,Hors agglomération,Hors intersection,Pluie forte,Deux véhicules - frontale,,,,,,,,,,,3,1,1,3,1
200500079635,0005-12-24 08:30:00,5,12,24,8,30,190,276.0,,,,Plein jour,Hors agglomération,Hors intersection,Temps éblouissant,Autre collision,,,,,,,,,,,1,1,1,7,6
200500079636,0005-12-31 10:00:00,5,12,31,10,0,870,19.0,,,,Plein jour,Hors agglomération,Hors intersection,Autre,Sans collision,,,,,,,,,,,1,1,1,9,7
200500079637,0005-12-15 09:15:00,5,12,15,9,15,870,14.0,,,,Plein jour,Hors agglomération,Hors intersection,Normale,Autre collision,,,,,,,,,,,1,1,1,1,6
200500079638,0005-12-19 17:45:00,5,12,19,17,45,450,36.0,,47.788,2.71,Nuit sans éclairage public,Hors agglomération,Hors intersection,Pluie légère,Deux véhicules - arrière,,,,,,,,,,,3,1,1,2,2
200500079639,0005-12-28 15:45:00,5,12,28,15,45,360,134.0,,46.374,1.44,Plein jour,Hors agglomération,Hors intersection,Temps couvert,Autre collision,,,,,,,,,,,1,1,1,8,6
200500079640,0005-12-31 08:45:00,5,12,31,8,45,480,17.0,,,,Plein jour,Hors agglomération,Hors intersection,Autre,Sans collision,,,,,,,,,,,1,1,1,9,7
200500079641,0005-12-07 08:30:00,5,12,7,8,30,780,561.0,,48.74,2.01,Plein jour,Hors agglomération,Hors intersection,Brouillard / fumée,Trois véhicules et plus - collisions multiples,,,,,,,,,,,1,1,1,5,5
200500079642,0005-12-06 08:00:00,5,12,6,8,0,720,320.0,,,,Crépuscule ou aube,Hors agglomération,Intersection en X,Normale,Deux véhicules - côté,,,,,,,,,,,2,1,2,1,3
200500079643,0005-12-08 10:00:00,5,12,8,10,0,490,92.0,A87 PK 29+311,,,Plein jour,Hors agglomération,Hors intersection,Normale,Autre collision,,,,,,,,,,,1,1,1,1,6
200500079644,0005-12-06 13:50:00,5,12,6,13,50,190,236.0,,,,Plein jour,Hors agglomération,Hors intersection,Pluie légère,Sans collision,,,,,,,,,,,1,1,1,2,7
200500079645,0005-12-06 23:15:00,5,12,6,23,15,670,388.0,,,,Nuit sans éclairage public,Hors agglomération,Hors intersection,Normale,Deux véhicules - frontale,,,,,,,,,,,3,1,1,1,1
200500079646,0005-12-17 04:50:00,5,12,17,4,50,140,389.0,A84 SENS CAEN-RENNES,,,Nuit sans éclairage public,Hors agglomération,Hors intersection,Normale,Deux véhicules - arrière,,,,,,,,,,,3,1,1,1,2
200500079647,0005-12-26 16:30:00,5,12,26,16,30,140,188.0,,,,Plein jour,Hors agglomération,Hors intersection,Normale,Deux véhicules - arrière,,,,,,,,,,,1,1,1,1,2
200500079648,0005-12-27 14:45:00,5,12,27,14,45,140,629.0,,,,Plein jour,Hors agglomération,Hors intersection,Neige / grêle,Autre collision,,,,,,,,,,,1,1,1,4,6
200500079649,0005-12-11 16:45:00,5,12,11,16,45,310,547.0,Route de Saint Lys,,,Plein jour,En agglomération,Hors intersection,Normale,Sans collision,,,,,,,,,,,1,2,1,1,7
200500079650,0005-12-02 18:00:00,5,12,2,18,0,300,117.0,,,,Nuit sans éclairage public,Hors agglomération,Hors intersection,Autre,Sans collision,,,,,,,,,,,3,1,1,9,7
200500079651,0005-12-11 15:30:00,5,12,11,15,30,300,356.0,,,,Plein jour,En agglomération,Giratoire,Normale,Deux véhicules - côté,,,,,,,,,,,1,2,6,1,3
200500079652,0005-12-15 17:45:00,5,12,15,17,45,300,117.0,,,,Nuit sans éclairage public,Hors agglomération,Hors intersection,Pluie légère,Autre collision,,,,,,,,,,,3,1,1,2,6
200500079653,0005-12-30 19:45:00,5,12,30,19,45,300,34.0,"CD 38 PK 17,200",,,Nuit sans éclairage public,Hors agglomération,Hors intersection,Autre,Deux véhicules - frontale,,,,,,,,,,,3,1,1,9,1
200500079654,0005-12-10 07:15:00,5,12,10,7,15,850,202.0,,,,Crépuscule ou aube,Hors agglomération,Hors intersection,Normale,Deux véhicules - frontale,,,,,,,,,,,2,1,1,1,1
200500079655,0005-12-11 12:30:00,5,12,11,12,30,130,83.0,,43.915,4.807,Plein jour,Hors agglomération,Hors intersection,Normale,Deux véhicules - frontale,,,,,,,,,,,1,1,1,1,1
200500079656,0005-12-15 14:45:00,5,12,15,14,45,130,45.0,rue du four,,,Plein jour,En agglomération,Hors intersection,Normale,Deux véhicules - frontale,,,,,,,,,,,1,2,1,1,1
200500079657,0005-12-21 17:45:00,5,12,21,17,45,130,10.0,CD34 - Avenue de la gare,43.905,4.764,Crépuscule ou aube,En agglomération,Hors intersection,Normale,Deux véhicules - frontale,,,,,,,,,,,2,2,1,1,1
200500079658,0005-12-28 23:00:00,5,12,28,23,0,130,83.0,,43.9,4.789,Nuit sans éclairage public,Hors agglomération,Hors intersection,Normale,Autre collision,,,,,,,,,,,3,1,1,1,6
200500079659,0005-12-16 19:00:00,5,12,16,19,0,340,192.0,nue Delattre de Tassigny,,,Nuit avec éclairage allumé,En agglomération,Hors intersection,Normale,Deux véhicules - arrière,,,,,,,,,,,5,2,1,1,2
200500079660,0005-12-19 13:00:00,5,12,19,13,0,760,509.0,FACE AU 78 RUE DU BOURG,,,Plein jour,En agglomération,Hors intersection,Temps couvert,Deux véhicules - frontale,,,,,,,,,,,1,2,1,8,1
200500079661,0005-12-26 00:01:00,5,12,26,0,1,760,120.0,RD 919,49.597,1.413,Nuit sans éclairage public,En agglomération,Hors intersection,Autre,Autre collision,,,,,,,,,,,3,2,1,9,6
200500079662,0005-12-31 13:15:00,5,12,31,13,15,310,541.0,,43.701,1.361,Plein jour,Hors agglomération,Hors intersection,Temps couvert,Deux véhicules - côté,,,,,,,,,,,1,1,1,8,3
200500079663,0005-12-02 23:40:00,5,12,2,23,40,250,186.0,Rue du Moulin,,,Nuit avec éclairage allumé,En agglomération,Hors intersection,Autre,Autre collision,,,,,,,,,,,5,2,1,9,6
200500079664,0005-12-02 17:00:00,5,12,2,17,0,250,150.0,,,,Nuit sans éclairage public,Hors agglomération,Hors intersection,Neige / grêle,Sans collision,,,,,,,,,,,3,1,1,4,7
200500079665,0005-12-08 18:30:00,5,12,8,18,30,950,134.0,rue pasteur,49.141,2.248,Nuit avec éclairage allumé,En agglomération,Hors intersection,Pluie légère,Deux véhicules - frontale,,,,,,,,,,,5,2,1,2,1
200500079666,0005-12-13 18:00:00,5,12,13,18,0,950,527.0,902A / chemin de la dîme,,,Nuit sans éclairage public,Hors agglomération,Giratoire,Normale,Deux véhicules - côté,,,,,,,,,,,3,1,6,1,3
200500079667,0005-12-05 13:45:00,5,12,5,13,45,560,193.0,,,,Plein jour,Hors agglomération,Hors intersection,Temps éblouissant,Deux véhicules - arrière,,,,,,,,,,,1,1,1,7,2
200500079668,0005-12-18 05:00:00,5,12,18,5,0,560,94.0,,47.791,-3.273,Nuit sans éclairage public,Hors agglomération,Hors intersection,Normale,Autre collision,,,,,,,,,,,3,1,1,1,6
200500079669,0005-12-08 14:45:00,5,12,8,14,45,350,1.0,Rue du calvaire,48.139,-1.54,Plein jour,En agglomération,Hors intersection,Pluie légère,Deux véhicules - côté,,,,,,,,,,,1,2,1,2,3
200500079670,0005-12-14 18:30:00,5,12,14,18,30,350,173.0,,,,Nuit sans éclairage public,Hors agglomération,Hors intersection,Brouillard / fumée,Sans collision,,,,,,,,,,,3,1,1,5,7
200500079671,0005-12-20 19:15:00,5,12,20,19,15,350,24.0,,48.202,-1.626,Nuit sans éclairage public,Hors agglomération,Hors intersection,Normale,Deux véhicules - frontale,,,,,,,,,,,3,1,1,1,1
200500079672,0005-12-27 12:30:00,5,12,27,12,30,350,173.0,,48.201,-1.707,Plein jour,Hors agglomération,Hors intersection,Temps couvert,Deux véhicules - frontale,,,,,,,,,,,1,1,1,8,1
200500079673,0005-12-23 21:00:00,5,12,23,21,0,440,9.0,,,,Nuit sans éclairage public,Hors agglomération,Hors intersection,Normale,Trois véhicules et plus - collisions multiples,,,,,,,,,,,3,1,1,1,5
200500079674,0005-12-05 13:30:00,5,12,5,13,30,620,548.0,RD305,,,Plein jour,En agglomération,Giratoire,Normale,Sans collision,,,,,,,,,,,1,2,6,1,7
200500079675,0005-12-07 09:15:00,5,12,7,9,15,340,309.0,RUE DES COTEAUX,,,Plein jour,En agglomération,Autre intersection,Normale,Deux véhicules - côté,,,,,,,,,,,1,2,9,1,3
200500079676,0005-12-07 08:00:00,5,12,7,8,0,340,309.0,Route de Vendargues,,,Plein jour,En agglomération,Hors intersection,Normale,Deux véhicules - frontale,,,,,,,,,,,1,2,1,1,1
200500079677,0005-12-11 12:55:00,5,12,11,12,55,340,77.0,"CD 65, PK 9",,,Plein jour,Hors agglomération,Hors intersection,Normale,Sans collision,,,,,,,,,,,1,1,1,1,7
200500079678,0005-12-01 02:20:00,5,12,1,2,20,10,289.0,LYON (AVE DE) JUSQ' N,,,Nuit sans éclairage public,En agglomération,Hors intersection,Autre,Deux véhicules - arrière,,,,,,,,,,,3,2,1,9,2
200500079679,0005-12-02 17:10:00,5,12,2,17,10,10,53.0,"SANS N°, SPORTS ((AVENUE",,,Crépuscule ou aube,En agglomération,Intersection en T,Pluie forte,Autre collision,,,,,,,,,,,2,2,3,3,6
200500079680,0005-12-09 12:05:00,5,12,9,12,5,10,451.0,PARIS (ROUTE DE),,,Plein jour,En agglomération,Intersection en X,Normale,Deux véhicules - côté,,,,,,,,,,,1,2,2,1,3
200500079681,0005-12-17 10:50:00,5,12,17,10,50,10,289.0,RN 75,,,Plein jour,Hors agglomération,Hors intersection,Normale,Deux véhicules - côté,,,,,,,,,,,1,1,1,1,3
200500079682,0005-12-20 08:50:00,5,12,20,8,50,10,451.0,RN479,,,Plein jour,Hors agglomération,Hors intersection,Temps couvert,Deux véhicules - frontale,,,,,,,,,,,1,1,1,8,1
200500079683,0005-12-23 16:43:00,5,12,23,16,43,10,53.0,"snr, BOILEAU  ( RUE )",,,Plein jour,En agglomération,Intersection en X,Normale,Deux véhicules - côté,,,,,,,,,,,1,2,2,1,3
200500079684,0005-12-31 01:35:00,5,12,31,1,35,950,527.0,"I22, RUE DE NEW-YORK",,,Nuit avec éclairage allumé,Hors agglomération,Hors intersection,Normale,Autre collision,,,,,,,,,,,5,1,1,1,6
200500079685,0005-12-12 08:15:00,5,12,12,8,15,950,527.0,Route des Anniversaires,,,Plein jour,Hors agglomération,Intersection à plus de 4 branches,Normale,Deux véhicules - côté,,,,,,,,,,,1,1,5,1,3
200500079686,0005-12-16 09:10:00,5,12,16,9,10,950,527.0,"H32, route périphérique",,,Plein jour,Hors agglomération,Intersection en T,Pluie légère,Sans collision,,,,,,,,,,,1,1,3,2,7
200500079687,0005-12-04 09:00:00,5,12,4,9,0,940,54.0,A106 ORLYTECH-HOTEL MERC,,,Plein jour,Hors agglomération,Hors intersection,Normale,Autre collision,,,,,,,,,,,1,1,1,1,6
200500079688,0005-12-15 16:55:00,5,12,15,16,55,940,54.0,FACE ENTREE PARC CENTRAL,,,Nuit sans éclairage public,Hors agglomération,Intersection en X,Temps couvert,Deux véhicules - côté,,,,,,,,,,,3,1,2,8,3
200500079689,0005-12-10 13:30:00,5,12,10,13,30,10,283.0,"9, COURTELINE",,,Plein jour,En agglomération,Hors intersection,Normale,Autre collision,,,,,,,,,,,1,2,1,1,6
200500079690,0005-12-29 18:00:00,5,12,29,18,0,10,283.0,"1, MERMOZ (JEAN DU 1/6 A",,,Nuit avec éclairage allumé,En agglomération,Intersection en X,Neige / grêle,Autre collision,,,,,,,,,,,5,2,2,4,6
200500079691,0005-12-25 09:15:00,5,12,25,9,15,20,168.0,"16- 5 à 13, PRAIRIE (RUE",,,Plein jour,En agglomération,Hors intersection,Temps couvert,Autre collision,,,,,,,,,,,1,2,1,8,6