accident_id,datetime,annee,mois,jour,heure,minute,departement,commune_insee,adresse,latitude,longitude,luminosite,agglomeration,intersection,meteo,collision,nb_vehicules,nb_usagers,nb_indemnes,nb_tues,nb_blesses_hosp,nb_blesses_legers,age_cond_1,age_cond_2,veh_type_cond_1,veh_type_cond_2,lum_code,agg_code,int_code,atm_code,col_code
200500080075,0005-12-07 01:45:00,5,12,7,1,45,130,55.0,"5, BALLARD (COURS JEAN)",,,Nuit avec éclairage allumé,En agglomération,Hors intersection,Normale,Deux véhicules - côté,,,,,,,,,,,5,2,1,1,3
200500080076,0005-12-02 16:30:00,5,12,2,16,30,130,55.0,DUGOMMIER (BD),,,Plein jour,En agglomération,Intersection en X,Normale,Autre collision,,,,,,,,,,,1,2,2,1,6
200500080077,0005-12-13 21:15:00,5,12,13,21,15,130,55.0,DE PARTY (TRAVERSE),,,Nuit avec éclairage allumé,En agglomération,Hors intersection,Normale,Deux véhicules - frontale,,,,,,,,,,,5,2,1,1,1
200500080078,0005-12-02 16:01:00,5,12,2,16,1,130,55.0,"00, GRAND LITTORAL (PARK",,,Plein jour,En agglomération,Intersection en X,Temps couvert,Deux véhicules - côté,,,,,,,,,,,1,2,2,8,3
200500080079,0005-12-09 19:10:00,5,12,9,19,10,130,55.0,"00, RAIMU (AVE)",,,Crépuscule ou aube,En agglomération,Hors intersection,Normale,Autre collision,,,,,,,,,,,2,2,1,1,6
200500080080,0005-12-01 11:50:00,5,12,1,11,50,130,55.0,SAKAKINI (BD),,,Plein jour,En agglomération,Hors intersection,Normale,Deux véhicules - arrière,,,,,,,,,,,1,2,1,1,2
200500080081,0005-12-01 11:45:00,5,12,1,11,45,130,55.0,ROLLAND (BD ROMAIN),,,Plein jour,En agglomération,Hors intersection,Normale,Deux véhicules - arrière,,,,,,,,,,,1,2,1,1,2
200500080082,0005-12-09 10:15:00,5,12,9,10,15,130,55.0,", TEISSERE (RUE)",,,Plein jour,En agglomération,Hors intersection,Normale,Deux véhicules - côté,,,,,,,,,,,1,2,1,1,3
200500080083,0005-12-02 08:15:00,5,12,2,8,15,130,75.0,"yyy, ROY D'ESPAGNE (AVE",,,Plein jour,En agglomération,Hors intersection,Pluie légère,Deux véhicules - côté,,,,,,,,,,,1,2,1,2,3
200500080084,0005-12-04 11:01:00,5,12,4,11,1,130,55.0,"242, VINGT QUATRE AVRIL",,,Plein jour,En agglomération,Hors intersection,Normale,Trois véhicules et plus - en chaîne,,,,,,,,,,,1,2,1,1,4
200500080085,0005-12-07 22:15:00,5,12,7,22,15,130,55.0,CANEBIERE (LA)     70 A,,,Nuit avec éclairage allumé,En agglomération,Hors intersection,Normale,Deux véhicules - côté,,,,,,,,,,,5,2,1,1,3
200500080086,0005-12-10 05:05:00,5,12,10,5,5,130,55.0,"445, SAINT PIERRE (RUE)",,,Nuit avec éclairage allumé,En agglomération,Hors intersection,Normale,Autre collision,,,,,,,,,,,5,2,1,1,6
200500080087,0005-12-03 00:45:00,5,12,3,0,45,130,55.0,SALVADOR ALLENDE (RUE),,,Nuit avec éclairage allumé,En agglomération,Hors intersection,Pluie légère,Deux véhicules - arrière,,,,,,,,,,,5,2,1,2,2
200500080088,0005-12-09 18:30:00,5,12,9,18,30,130,55.0,CROIX ROUGE (AVENUE),,,Nuit avec éclairage allumé,En agglomération,Intersection en T,Normale,Sans collision,,,,,,,,,,,5,2,3,1,7
200500080089,0005-12-01 07:30:00,5,12,1,7,30,130,55.0,SCARAMELLI (RUE),,,Crépuscule ou aube,En agglomération,Hors intersection,Normale,Autre collision,,,,,,,,,,,2,2,1,1,6
200500080090,0005-12-01 10:41:00,5,12,1,10,41,130,55.0,"13, LIBERTE (BD DE LA)",,,Plein jour,En agglomération,Intersection en X,Normale,Deux véhicules - côté,,,,,,,,,,,1,2,2,1,3
200500080091,0005-12-07 13:30:00,5,12,7,13,30,130,55.0,AYGALADES (AVENUE DES),,,Plein jour,En agglomération,Intersection en T,Normale,Deux véhicules - côté,,,,,,,,,,,1,2,3,1,3
200500080092,0005-12-09 21:15:00,5,12,9,21,15,130,55.0,"51, HENRI BARNIER (BD)",,,Nuit avec éclairage allumé,En agglomération,Intersection en T,Normale,Deux véhicules - côté,,,,,,,,,,,5,2,3,1,3
200500080093,0005-12-15 18:40:00,5,12,15,18,40,130,55.0,DOCTEUR LEON PERRIN (RUE,,,Nuit avec éclairage allumé,En agglomération,Hors intersection,Normale,Deux véhicules - côté,,,,,,,,,,,5,2,1,1,3
200500080094,0005-12-15 19:20:00,5,12,15,19,20,130,55.0,"204, SAINT LOUP (BD DE)",,,Nuit avec éclairage non allumé,En agglomération,Hors intersection,Normale,Trois véhicules et plus - collisions multiples,,,,,,,,,,,4,2,1,1,5
200500080095,0005-12-15 19:10:00,5,12,15,19,10,130,55.0,PARIS (BD DE),,,Nuit avec éclairage allumé,En agglomération,Hors intersection,Normale,Deux véhicules - côté,,,,,,,,,,,5,2,1,1,3
200500080096,0005-12-12 22:30:00,5,12,12,22,30,130,55.0,AUPHAN (RUE),,,Nuit avec éclairage allumé,En agglomération,Hors intersection,Normale,Deux véhicules - arrière,,,,,,,,,,,5,2,1,1,2
200500080097,0005-12-02 10:05:00,5,12,2,10,5,130,55.0,"30, MICHELET (BD)",,,Plein jour,En agglomération,Hors intersection,Temps couvert,Autre collision,,,,,,,,,,,1,2,1,8,6
200500080098,0005-12-11 08:00:00,5,12,11,8,0,130,55.0,"34, ESTAQUE PLAGE",,,Crépuscule ou aube,En agglomération,Intersection en T,Normale,Autre collision,,,,,,,,,,,2,2,3,1,6
200500080099,0005-12-11 14:15:00,5,12,11,14,15,130,55.0,"38, SIMON BOLIVAR (BD)",,,Plein jour,En agglomération,Hors intersection,Normale,Deux véhicules - côté,,,,,,,,,,,1,2,1,1,3
200500080100,0005-12-07 16:30:00,5,12,7,16,30,130,55.0,", PRADO (AVENUE DU)",,,Plein jour,En agglomération,Intersection en T,Normale,Deux véhicules - côté,,,,,,,,,,,1,2,3,1,3
200500080101,0005-12-12 07:45:00,5,12,12,7,45,130,55.0,"72, CASANOVA (BD DANIELL",,,Plein jour,En agglomération,Hors intersection,Normale,Autre collision,,,,,,,,,,,1,2,1,1,6
200500080102,0005-12-12 19:55:00,5,12,12,19,55,130,55.0,BERNABO (TRAVERSE),,,Nuit avec éclairage allumé,En agglomération,Intersection en X,Normale,Deux véhicules - côté,,,,,,,,,,,5,2,2,1,3
200500080103,0005-12-13 14:00:00,5,12,13,14,0,130,55.0,"180, TROIS (ROUTE DES)",,,Plein jour,En agglomération,Hors intersection,Normale,Deux véhicules - frontale,,,,,,,,,,,1,2,1,1,1
200500080104,0005-12-09 09:30:00,5,12,9,9,30,130,55.0,"10, DAMES (BD DES)",,,Plein jour,En agglomération,Hors intersection,Temps éblouissant,Deux véhicules - côté,,,,,,,,,,,1,2,1,7,3
200500080105,0005-12-11 20:45:00,5,12,11,20,45,130,55.0,NARVIK (SQUARE),,,Nuit avec éclairage allumé,En agglomération,Intersection en T,Normale,Autre collision,,,,,,,,,,,5,2,3,1,6
200500080106,0005-12-12 17:20:00,5,12,12,17,20,130,55.0,"81, LODI (RUE DE)",,,Nuit avec éclairage allumé,En agglomération,Hors intersection,Normale,Deux véhicules - frontale,,,,,,,,,,,5,2,1,1,1
200500080107,0005-12-14 22:40:00,5,12,14,22,40,130,55.0,ROME (RUE DE),,,Nuit avec éclairage allumé,En agglomération,Intersection en T,Normale,Deux véhicules - côté,,,,,,,,,,,5,2,3,1,3
200500080108,0005-12-03 10:20:00,5,12,3,10,20,130,55.0,"234, BAILLE (BD)",,,Plein jour,En agglomération,Intersection en X,Normale,Deux véhicules - côté,,,,,,,,,,,1,2,2,1,3
200500080109,0005-12-17 19:55:00,5,12,17,19,55,130,55.0,"2, FERNANDEL (AVENUE)",,,Nuit avec éclairage allumé,En agglomération,Intersection en T,Vent fort / tempête,Trois véhicules et plus - en chaîne,,,,,,,,,,,5,2,3,6,4
200500080110,0005-12-18 14:20:00,5,12,18,14,20,130,55.0,"156, BARASSE (BD DE LA)",,,Plein jour,En agglomération,Hors intersection,Normale,Autre collision,,,,,,,,,,,1,2,1,1,6
200500080111,0005-12-16 14:35:00,5,12,16,14,35,130,55.0,AVIATEUR LEBRIX (RUE),,,Plein jour,En agglomération,Intersection en T,Normale,Deux véhicules - côté,,,,,,,,,,,1,2,3,1,3
200500080112,0005-12-18 05:40:00,5,12,18,5,40,130,55.0,"00, ROME (RUE DE)",,,Nuit avec éclairage allumé,En agglomération,Hors intersection,Normale,Autre collision,,,,,,,,,,,5,2,1,1,6
200500080113,0005-12-13 14:45:00,5,12,13,14,45,130,55.0,"7, SAKAKINI (BD)",,,Plein jour,En agglomération,Intersection en X,Normale,Trois véhicules et plus - en chaîne,,,,,,,,,,,1,2,2,1,4
200500080114,0005-12-14 10:45:00,5,12,14,10,45,130,55.0,COMTESSE (BD DE LA),,,Plein jour,En agglomération,Giratoire,Normale,Deux véhicules - côté,,,,,,,,,,,1,2,6,1,3
200500080115,0005-12-04 06:20:00,5,12,4,6,20,130,55.0,"73, LOMBARD (AVE JEAN)",,,Nuit avec éclairage allumé,En agglomération,Hors intersection,Normale,Autre collision,,,,,,,,,,,5,2,1,1,6
200500080116,0005-12-13 18:30:00,5,12,13,18,30,130,2.0,ENCO-BOTTE (RTE D'),,,Nuit avec éclairage allumé,En agglomération,Intersection en T,Normale,Trois véhicules et plus - collisions multiples,,,,,,,,,,,5,2,3,1,5
200500080117,0005-12-13 19:15:00,5,12,13,19,15,130,55.0,LITTORAL (CHEMIN DU),,,Nuit avec éclairage allumé,En agglomération,Hors intersection,Normale,Deux véhicules - côté,,,,,,,,,,,5,2,1,1,3
200500080118,0005-12-03 16:30:00,5,12,3,16,30,130,55.0,"69, TASSIGNY (AV M. DE L",,,Plein jour,En agglomération,Hors intersection,Normale,Deux véhicules - côté,,,,,,,,,,,1,2,1,1,3
200500080119,0005-12-15 11:30:00,5,12,15,11,30,130,55.0,OLIVES (AVENUE DES),,,Plein jour,En agglomération,Autre intersection,Normale,Autre collision,,,,,,,,,,,1,2,9,1,6
200500080120,0005-12-16 07:15:00,5,12,16,7,15,130,55.0,VIENNE (AVENUE DE),,,Nuit avec éclairage allumé,En agglomération,Intersection en T,Normale,Deux véhicules - frontale,,,,,,,,,,,5,2,3,1,1
200500080121,0005-12-16 10:15:00,5,12,16,10,15,130,55.0,"266, SAINT LOUP (BD DE)",,,Plein jour,En agglomération,Hors intersection,Normale,Deux véhicules - côté,,,,,,,,,,,1,2,1,1,3
200500080122,0005-12-13 15:15:00,5,12,13,15,15,130,55.0,CAMILLE PELLETAN (AVENUE,,,Plein jour,En agglomération,Hors intersection,Normale,Autre collision,,,,,,,,,,,1,2,1,1,6
200500080123,0005-12-14 09:05:00,5,12,14,9,5,130,55.0,"1, HAMBOURG (BD)",,,Plein jour,En agglomération,Hors intersection,Normale,Autre collision,,,,,,,,,,,1,2,1,1,6
200500080124,0005-12-06 14:25:00,5,12,6,14,25,130,55.0,"78, RABATAU (BD)",,,Plein jour,En agglomération,Hors intersection,Normale,Deux véhicules - côté,,,,,,,,,,,1,2,1,1,3
200500080125,0005-12-17 14:45:00,5,12,17,14,45,130,55.0,"254, CAILLOLS (AVENUE DE",,,Plein jour,En agglomération,Hors intersection,Vent fort / tempête,Deux véhicules - arrière,,,,,,,,,,,1,2,1,6,2
200500080126,0005-12-12 16:00:00,5,12,12,16,0,130,55.0,"41, CANEBIERE (LA)     1",,,Plein jour,En agglomération,Intersection en X,Normale,Deux véhicules - côté,,,,,,,,,,,1,2,2,1,3
200500080127,0005-12-14 21:20:00,5,12,14,21,20,130,55.0,SAKAKINI (BD),,,Nuit avec éclairage allumé,En agglomération,Hors intersection,Normale,Deux véhicules - arrière,,,,,,,,,,,5,2,1,1,2
200500080128,0005-12-16 13:00:00,5,12,16,13,0,130,55.0,QUEIREL (BD),,,Plein jour,En agglomération,Hors intersection,Normale,Trois véhicules et plus - en chaîne,,,,,,,,,,,1,2,1,1,4
200500080129,0005-12-11 07:30:00,5,12,11,7,30,130,55.0,"09, PERIER (BD)",,,Crépuscule ou aube,En agglomération,Hors intersection,Normale,Autre collision,,,,,,,,,,,2,2,1,1,6
200500080130,0005-12-11 00:30:00,5,12,11,0,30,130,55.0,G. POMPIDOU PLAGE (PROM.,,,Nuit avec éclairage non allumé,En agglomération,Hors intersection,Normale,Deux véhicules - arrière,,,,,,,,,,,4,2,1,1,2
200500080131,0005-12-08 20:30:00,5,12,8,20,30,130,55.0,MICHELET (BD),,,Nuit avec éclairage allumé,En agglomération,Hors intersection,Normale,Deux véhicules - côté,,,,,,,,,,,5,2,1,1,3
200500080132,0005-12-16 11:45:00,5,12,16,11,45,130,55.0,"105, POILUS (AVENUE DES)",,,Plein jour,En agglomération,Hors intersection,Normale,Deux véhicules - frontale,,,,,,,,,,,1,2,1,1,1
200500080133,0005-12-07 12:55:00,5,12,7,12,55,130,55.0,"143, CHATEAU GOM (ANCIEN",,,Plein jour,En agglomération,Hors intersection,Normale,Deux véhicules - côté,,,,,,,,,,,1,2,1,1,3
200500080134,0005-12-06 09:10:00,5,12,6,9,10,130,55.0,"111, LIBERATION (BD)",,,Plein jour,En agglomération,Hors intersection,Normale,Deux véhicules - côté,,,,,,,,,,,1,2,1,1,3
200500080135,0005-12-12 07:00:00,5,12,12,7,0,130,55.0,SAKAKINI (BD),,,Crépuscule ou aube,En agglomération,Hors intersection,Normale,Deux véhicules - côté,,,,,,,,,,,2,2,1,1,3
200500080136,0005-12-14 08:00:00,5,12,14,8,0,130,55.0,FOUR DU CHAPITRE (RUE),,,Plein jour,En agglomération,Intersection en X,Normale,Deux véhicules - côté,,,,,,,,,,,1,2,2,1,3
200500080137,0005-12-07 17:00:00,5,12,7,17,0,130,55.0,VOLTAIRE (BD),,,Crépuscule ou aube,En agglomération,Hors intersection,Normale,Sans collision,,,,,,,,,,,2,2,1,1,7
200500080138,0005-12-12 15:45:00,5,12,12,15,45,130,55.0,"12, ROQUE (RUE JEAN)",,,Plein jour,En agglomération,Hors intersection,Normale,Autre collision,,,,,,,,,,,1,2,1,1,6
200500080139,0005-12-21 18:45:00,5,12,21,18,45,130,55.0,PRADO  N°77 A FIN (AVE D,,,Nuit avec éclairage allumé,En agglomération,Hors intersection,Normale,Autre collision,,,,,,,,,,,5,2,1,1,6
200500080140,0005-12-21 18:30:00,5,12,21,18,30,130,55.0,"142, POILUS (AVENUE DES)",,,Nuit avec éclairage allumé,En agglomération,Hors intersection,Normale,Autre collision,,,,,,,,,,,5,2,1,1,6
200500080141,0005-12-17 16:00:00,5,12,17,16,0,130,55.0,FLAMMARION (BD),,,Plein jour,En agglomération,Hors intersection,Normale,Deux véhicules - arrière,,,,,,,,,,,1,2,1,1,2
200500080142,0005-12-19 13:50:00,5,12,19,13,50,130,55.0,JEAN LOMBARD (AVENUE),,,Plein jour,En agglomération,Hors intersection,Normale,Autre collision,,,,,,,,,,,1,2,1,1,6
200500080143,0005-12-15 17:15:00,5,12,15,17,15,130,55.0,"25, BAILLE (BD)",,,Plein jour,En agglomération,Hors intersection,Normale,Deux véhicules - arrière,,,,,,,,,,,1,2,1,1,2
200500080144,0005-12-10 12:30:00,5,12,10,12,30,130,55.0,NOTRE DAME (BD),,,Plein jour,En agglomération,Intersection en X,Normale,Deux véhicules - arrière,,,,,,,,,,,1,2,2,1,2
200500080145,0005-12-05 08:00:00,5,12,5,8,0,130,55.0,CHARRAS (RUE),,,Plein jour,En agglomération,Intersection en X,Normale,Deux véhicules - côté,,,,,,,,,,,1,2,2,1,3
200500080146,0005-12-18 01:20:00,5,12,18,1,20,130,55.0,RUFFI (RUE DE),,,Nuit avec éclairage allumé,En agglomération,Intersection en X,Vent fort / tempête,Deux véhicules - côté,,,,,,,,,,,5,2,2,6,3
200500080147,0005-12-06 12:30:00,5,12,6,12,30,130,55.0,DAMES (BD DES),,,Plein jour,En agglomération,Hors intersection,Normale,Deux véhicules - côté,,,,,,,,,,,1,2,1,1,3
200500080148,0005-12-14 20:55:00,5,12,14,20,55,130,55.0,"260, BAILLE (BD)",,,Nuit avec éclairage allumé,En agglomération,Hors intersection,Normale,Deux véhicules - côté,,,,,,,,,,,5,2,1,1,3
200500080149,0005-12-07 17:01:00,5,12,7,17,1,130,55.0,"2, MONTE CRIST (RUE)",,,Crépuscule ou aube,En agglomération,Hors intersection,Normale,Autre collision,,,,,,,,,,,2,2,1,1,6
200500080150,0005-12-09 15:15:00,5,12,9,15,15,130,55.0,ALBE (RUE),,,Plein jour,En agglomération,Hors intersection,Normale,Autre collision,,,,,,,,,,,1,2,1,1,6
200500080151,0005-12-01 19:50:00,5,12,1,19,50,130,55.0,"74, CHARTREUX (AVENUE DE",,,Nuit avec éclairage allumé,En agglomération,Intersection en Y,Normale,Deux véhicules - arrière,,,,,,,,,,,5,2,4,1,2
200500080152,0005-12-16 06:50:00,5,12,16,6,50,130,55.0,SAINT MENET (AVENUE DE),,,Crépuscule ou aube,En agglomération,Giratoire,Normale,Autre collision,,,,,,,,,,,2,2,6,1,6
200500080153,0005-12-01 14:15:00,5,12,1,14,15,130,55.0,"173, SAINT LOUP (BD DE)",,,Plein jour,En agglomération,Hors intersection,Normale,Deux véhicules - côté,,,,,,,,,,,1,2,1,1,3
200500080154,0005-12-07 20:10:00,5,12,7,20,10,130,55.0,LIBERATION (BD),,,Nuit avec éclairage allumé,En agglomération,Hors intersection,Normale,Autre collision,,,,,,,,,,,5,2,1,1,6
200500080155,0005-12-22 21:45:00,5,12,22,21,45,130,55.0,CORSE (AVENUE DE LA),,,Nuit avec éclairage allumé,En agglomération,Intersection en T,Normale,Deux véhicules - côté,,,,,,,,,,,5,2,3,1,3
200500080156,0005-12-21 17:55:00,5,12,21,17,55,130,55.0,LIBERTE (BD DE LA),,,Nuit avec éclairage allumé,En agglomération,Intersection en X,Normale,Deux véhicules - côté,,,,,,,,,,,5,2,2,1,3
200500080157,0005-12-20 19:30:00,5,12,20,19,30,130,55.0,"19, LIEUTAUD (COURS 1ER)",,,Nuit avec éclairage allumé,En agglomération,Hors intersection,Normale,Autre collision,,,,,,,,,,,5,2,1,1,6
200500080158,0005-12-23 18:40:00,5,12,23,18,40,130,55.0,JEAN MOULIN (BD),,,Nuit avec éclairage allumé,En agglomération,Hors intersection,Normale,Deux véhicules - arrière,,,,,,,,,,,5,2,1,1,2
200500080159,0005-12-23 22:40:00,5,12,23,22,40,130,55.0,HAMBOURG (BD),,,Nuit avec éclairage allumé,En agglomération,Hors intersection,Normale,Deux véhicules - arrière,,,,,,,,,,,5,2,1,1,2
200500080160,0005-12-05 13:00:00,5,12,5,13,0,130,55.0,SAKAKINI (BD),,,Plein jour,En agglomération,Hors intersection,Normale,Deux véhicules - arrière,,,,,,,,,,,1,2,1,1,2
200500080161,0005-12-09 18:31:00,5,12,9,18,31,130,55.0,"13, ATHENES (BD D')",,,Nuit avec éclairage allumé,En agglomération,Hors intersection,Normale,Deux véhicules - côté,,,,,,,,,,,5,2,1,1,3
200500080162,0005-12-15 17:00:00,5,12,15,17,0,130,55.0,"81, POMPIDOU (PROM.)",,,Plein jour,En agglomération,Hors intersection,Normale,Autre collision,,,,,,,,,,,1,2,1,1,6
200500080163,0005-12-19 07:15:00,5,12,19,7,15,130,55.0,RABATAU (BD),,,Crépuscule ou aube,En agglomération,Autre intersection,Normale,Autre collision,,,,,,,,,,,2,2,9,1,6
200500080164,0005-12-20 13:57:00,5,12,20,13,57,130,55.0,JEAN LOMBARD (AVENUE),,,Plein jour,En agglomération,Hors intersection,Normale,Deux véhicules - arrière,,,,,,,,,,,1,2,1,1,2
200500080165,0005-12-21 16:20:00,5,12,21,16,20,130,55.0,AUGUSTIN AUBERT (RUE),,,Plein jour,En agglomération,Intersection en T,Normale,Deux véhicules - côté,,,,,,,,,,,1,2,3,1,3
200500080166,0005-12-15 18:30:00,5,12,15,18,30,130,55.0,PRADO  N°77 A FIN (AVE D,,,Nuit avec éclairage allumé,En agglomération,Hors intersection,Normale,Deux véhicules - arrière,,,,,,,,,,,5,2,1,1,2
200500080167,0005-12-19 15:15:00,5,12,19,15,15,130,55.0,JEAN LOMBARD (AVENUE),,,Plein jour,En agglomération,Hors intersection,Normale,Deux véhicules - côté,,,,,,,,,,,1,2,1,1,3
200500080168,0005-12-19 11:30:00,5,12,19,11,30,130,55.0,TASSIGNY  DE LATTRE DE (,,,Plein jour,En agglomération,Intersection en X,Normale,Deux véhicules - côté,,,,,,,,,,,1,2,2,1,3
200500080169,0005-12-18 17:15:00,5,12,18,17,15,130,55.0,HAMBOURG (AV DE),,,Plein jour,En agglomération,Hors intersection,Normale,Autre collision,,,,,,,,,,,1,2,1,1,6
200500080170,0005-12-08 18:50:00,5,12,8,18,50,130,55.0,ARNAVON (AVENUE),,,Nuit avec éclairage allumé,En agglomération,Giratoire,Temps couvert,Deux véhicules - côté,,,,,,,,,,,5,2,6,8,3
200500080171,0005-12-19 22:10:00,5,12,19,22,10,130,55.0,DUPARC FRANCOISE (BD),,,Nuit avec éclairage allumé,En agglomération,Hors intersection,Normale,Deux véhicules - arrière,,,,,,,,,,,5,2,1,1,2
200500080172,0005-12-15 11:10:00,5,12,15,11,10,130,55.0,CHAVE (AVENUE),,,Plein jour,En agglomération,Hors intersection,Normale,Autre collision,,,,,,,,,,,1,2,1,1,6
200500080173,0005-12-23 07:50:00,5,12,23,7,50,130,75.0,"46, SIRVENT (AV PAUL)",,,Crépuscule ou aube,En agglomération,Hors intersection,Autre,Deux véhicules - côté,,,,,,,,,,,2,2,1,9,3
200500080174,0005-12-16 23:00:00,5,12,16,23,0,130,55.0,BOSQUET (RUE),,,Nuit avec éclairage allumé,En agglomération,Intersection en X,Normale,Deux véhicules - côté,,,,,,,,,,,5,2,2,1,3
200500080175,0005-12-17 04:20:00,5,12,17,4,20,130,55.0,DE TOUR SAINTE (TRAVERSE,,,Nuit sans éclairage public,En agglomération,Intersection en X,Normale,Deux véhicules - côté,,,,,,,,,,,3,2,2,1,3
200500080176,0005-12-06 14:45:00,5,12,6,14,45,130,55.0,MORETTI (BD),,,Plein jour,En agglomération,Autre intersection,Normale,Deux véhicules - côté,,,,,,,,,,,1,2,9,1,3
200500080177,0005-12-15 18:00:00,5,12,15,18,0,130,55.0,MONPLAISIR (BD),,,Crépuscule ou aube,En agglomération,Hors intersection,Normale,Trois véhicules et plus - collisions multiples,,,,,,,,,,,2,2,1,1,5
200500080178,0005-12-20 12:00:00,5,12,20,12,0,130,55.0,FERNAND SARDOU (AVENUE),,,Plein jour,En agglomération,Hors intersection,Normale,Autre collision,,,,,,,,,,,1,2,1,1,6
200500080179,0005-12-20 11:30:00,5,12,20,11,30,130,55.0,"135, COMMANDERIE (CHEMIN",,,Plein jour,En agglomération,Hors intersection,Normale,Deux véhicules - côté,,,,,,,,,,,1,2,1,1,3
200500080180,0005-12-19 18:00:00,5,12,19,18,0,130,55.0,DE MONTOLIVET (TRAVERSE),,,Nuit avec éclairage allumé,En agglomération,Hors intersection,Normale,Deux véhicules - arrière,,,,,,,,,,,5,2,1,1,2
200500080181,0005-12-07 12:20:00,5,12,7,12,20,130,55.0,"7, BOURRELY (CHEMIN DES)",,,Plein jour,En agglomération,Hors intersection,Normale,Deux véhicules - côté,,,,,,,,,,,1,2,1,1,3
200500080182,0005-12-14 17:05:00,5,12,14,17,5,130,55.0,SAINT PAUL (AVENUE),,,Crépuscule ou aube,En agglomération,Hors intersection,Normale,Deux véhicules - côté,,,,,,,,,,,2,2,1,1,3
200500080183,0005-12-07 18:40:00,5,12,7,18,40,130,55.0,POILUS (AVENUE DES),,,Crépuscule ou aube,En agglomération,Hors intersection,Normale,Deux véhicules - frontale,,,,,,,,,,,2,2,1,1,1
200500080184,0005-12-19 18:45:00,5,12,19,18,45,130,55.0,"36, BARNIERE (BD)",,,Nuit sans éclairage public,En agglomération,Hors intersection,Normale,Autre collision,,,,,,,,,,,3,2,1,1,6
200500080185,0005-12-22 16:20:00,5,12,22,16,20,130,55.0,"135, SAINT ANTOI (AVENUE",,,Plein jour,En agglomération,Hors intersection,Normale,Sans collision,,,,,,,,,,,1,2,1,1,7
200500080186,0005-12-19 18:30:00,5,12,19,18,30,130,55.0,"122, VILLECROZE LOUIS (B",,,Nuit avec éclairage allumé,En agglomération,Hors intersection,Normale,Deux véhicules - côté,,,,,,,,,,,5,2,1,1,3
200500080187,0005-12-23 13:15:00,5,12,23,13,15,130,55.0,"38, CAISSERIE (RUE)",,,Plein jour,En agglomération,Hors intersection,Normale,Deux véhicules - frontale,,,,,,,,,,,1,2,1,1,1
200500080188,0005-12-20 18:00:00,5,12,20,18,0,130,55.0,"13, RUFFI (RUE DE)",,,Nuit avec éclairage allumé,En agglomération,Hors intersection,Normale,Deux véhicules - arrière,,,,,,,,,,,5,2,1,1,2
200500080189,0005-12-24 03:00:00,5,12,24,3,0,130,55.0,"76, REPUBLIQUE (RUE DE L",,,Nuit avec éclairage allumé,En agglomération,Intersection en Y,Normale,Deux véhicules - côté,,,,,,,,,,,5,2,4,1,3
200500080190,0005-12-19 11:20:00,5,12,19,11,20,130,55.0,CRIMEE (RUE DE),,,Plein jour,En agglomération,Place,Normale,Autre collision,,,,,,,,,,,1,2,7,1,6
200500080191,0005-12-19 18:31:00,5,12,19,18,31,130,55.0,ST ANTOINE A ST JO (CHEM,,,Nuit avec éclairage allumé,En agglomération,Hors intersection,Normale,Deux véhicules - arrière,,,,,,,,,,,5,2,1,1,2
200500080192,0005-12-21 07:15:00,5,12,21,7,15,130,55.0,"38, CARTONNERIE (BD)",,,Crépuscule ou aube,En agglomération,Hors intersection,Normale,Autre collision,,,,,,,,,,,2,2,1,1,6
200500080193,0005-12-23 13:25:00,5,12,23,13,25,130,55.0,"301, MADRAGUE VI (RUE)",,,Plein jour,En agglomération,Intersection en T,Normale,Deux véhicules - côté,,,,,,,,,,,1,2,3,1,3
200500080194,0005-12-20 12:30:00,5,12,20,12,30,130,55.0,RIVE NEUVE (QUAI DE),,,Plein jour,En agglomération,Hors intersection,Normale,Deux véhicules - côté,,,,,,,,,,,1,2,1,1,3
200500080195,0005-12-24 10:00:00,5,12,24,10,0,130,55.0,LIBERATION (BD),,,Plein jour,En agglomération,Hors intersection,Normale,Deux véhicules - arrière,,,,,,,,,,,1,2,1,1,2
200500080196,0005-12-15 19:45:00,5,12,15,19,45,130,55.0,"183, BAILLE (BD)",,,Nuit avec éclairage allumé,En agglomération,Intersection en T,Normale,Deux véhicules - côté,,,,,,,,,,,5,2,3,1,3
200500080197,0005-12-24 06:05:00,5,12,24,6,5,130,55.0,CORDERIE (BD DE LA),,,Nuit avec éclairage allumé,En agglomération,Intersection en T,Normale,Deux véhicules - côté,,,,,,,,,,,5,2,3,1,3
200500080198,0005-12-28 11:45:00,5,12,28,11,45,130,55.0,SALENGRO (AV ROGER),,,Plein jour,En agglomération,Intersection en X,Normale,Deux véhicules - côté,,,,,,,,,,,1,2,2,1,3
200500080199,0005-12-20 10:00:00,5,12,20,10,0,130,55.0,CHARLES KADDOUZ (RUE),,,Plein jour,En agglomération,Hors intersection,Normale,Sans collision,,,,,,,,,,,1,2,1,1,7
200500080200,0005-12-14 12:45:00,5,12,14,12,45,130,55.0,PASTRE (TRAVERSE),,,Plein jour,En agglomération,Intersection en X,Normale,Deux véhicules - arrière,,,,,,,,,,,1,2,2,1,2
200500080201,0005-12-22 20:00:00,5,12,22,20,0,130,55.0,"181, DOIZE (RUE)",,,Nuit avec éclairage allumé,En agglomération,Hors intersection,Normale,Sans collision,,,,,,,,,,,5,2,1,1,7
200500080202,0005-12-21 22:10:00,5,12,21,22,10,130,55.0,POMPIDOU (PROM.),,,Nuit avec éclairage non allumé,En agglomération,Hors intersection,Normale,Deux véhicules - côté,,,,,,,,,,,4,2,1,1,3