accident_id,datetime,annee,mois,jour,heure,minute,departement,commune_insee,adresse,latitude,longitude,luminosite,agglomeration,intersection,meteo,collision,nb_vehicules,nb_usagers,nb_indemnes,nb_tues,nb_blesses_hosp,nb_blesses_legers,age_cond_1,age_cond_2,veh_type_cond_1,veh_type_cond_2,lum_code,agg_code,int_code,atm_code,col_code
200500080203,0005-12-24 12:40:00,5,12,24,12,40,130,55.0,RABATAU (BD),,,Plein jour,En agglomération,Intersection en X,Normale,Deux véhicules - côté,,,,,,,,,,,1,2,2,1,3
200500080204,0005-12-17 14:30:00,5,12,17,14,30,130,55.0,"124, LOUBON (RUE)",,,Plein jour,En agglomération,Hors intersection,Vent fort / tempête,Deux véhicules - frontale,,,,,,,,,,,1,2,1,6,1
200500080205,0005-12-02 15:30:00,5,12,2,15,30,130,55.0,"150, LYON (RUE DE)",,,Plein jour,En agglomération,Hors intersection,Normale,Deux véhicules - côté,,,,,,,,,,,1,2,1,1,3
200500080206,0005-12-28 21:55:00,5,12,28,21,55,130,55.0,"29, POMPIDOU (PROM.)",,,Nuit avec éclairage allumé,En agglomération,Hors intersection,Normale,Deux véhicules - côté,,,,,,,,,,,5,2,1,1,3
200500080207,0005-12-27 10:45:00,5,12,27,10,45,130,55.0,EDMOND ROSTAND (RUE),,,Plein jour,En agglomération,Hors intersection,Normale,Deux véhicules - côté,,,,,,,,,,,1,2,1,1,3
200500080208,0005-12-08 08:50:00,5,12,8,8,50,130,55.0,"47, RIVE NEUVE (QUAI DE)",,,Plein jour,En agglomération,Hors intersection,Pluie légère,Autre collision,,,,,,,,,,,1,2,1,2,6
200500080209,0005-12-25 21:20:00,5,12,25,21,20,130,55.0,GINESTE (COL DE LA),,,Nuit sans éclairage public,En agglomération,Hors intersection,Normale,Autre collision,,,,,,,,,,,3,2,1,1,6
200500080210,0005-12-14 17:00:00,5,12,14,17,0,130,55.0,LAUZE  (BD MIREILLE),,,Plein jour,En agglomération,Hors intersection,Normale,Deux véhicules - côté,,,,,,,,,,,1,2,1,1,3
200500080211,0005-12-21 13:30:00,5,12,21,13,30,130,55.0,BARASSE (BD DE LA),,,Plein jour,En agglomération,Hors intersection,Normale,Deux véhicules - côté,,,,,,,,,,,1,2,1,1,3
200500080212,0005-12-07 18:00:00,5,12,7,18,0,130,55.0,VITON (AVENUE),,,Nuit avec éclairage allumé,En agglomération,Hors intersection,Normale,Trois véhicules et plus - collisions multiples,,,,,,,,,,,5,2,1,1,5
200500080213,0005-12-16 23:40:00,5,12,16,23,40,130,55.0,"46, SAINT BARNABE (AVENU",,,Nuit avec éclairage allumé,En agglomération,Hors intersection,Normale,Deux véhicules - côté,,,,,,,,,,,5,2,1,1,3
200500080214,0005-12-22 11:30:00,5,12,22,11,30,130,55.0,LOUIS ASTRUC (RUE),,,Plein jour,En agglomération,Hors intersection,Normale,Deux véhicules - arrière,,,,,,,,,,,1,2,1,1,2
200500080215,0005-12-30 03:20:00,5,12,30,3,20,130,55.0,LUMINY (AVENUE DE),,,Nuit avec éclairage allumé,En agglomération,Hors intersection,Normale,Autre collision,,,,,,,,,,,5,2,1,1,6
200500080216,0005-12-27 07:20:00,5,12,27,7,20,130,55.0,"17 bis, REDON (BD DU)",,,Crépuscule ou aube,En agglomération,Hors intersection,Normale,Autre collision,,,,,,,,,,,2,2,1,1,6
200500080217,0005-12-29 16:00:00,5,12,29,16,0,130,55.0,"03, CIMETIERE (TRAVERSE",,,Crépuscule ou aube,En agglomération,Hors intersection,Normale,Deux véhicules - arrière,,,,,,,,,,,2,2,1,1,2
200500080218,0005-12-15 23:40:00,5,12,15,23,40,130,55.0,MONTE CRIST (RUE),,,Plein jour,En agglomération,Hors intersection,Normale,Deux véhicules - côté,,,,,,,,,,,1,2,1,1,3
200500080219,0005-12-28 12:30:00,5,12,28,12,30,130,55.0,"314, PRADO  N°77 A FIN (",,,Plein jour,En agglomération,Hors intersection,Normale,Autre collision,,,,,,,,,,,1,2,1,1,6
200500080220,0005-12-28 10:00:00,5,12,28,10,0,130,55.0,"280, PARADIS (RUE)",,,Plein jour,En agglomération,Hors intersection,Normale,Autre collision,,,,,,,,,,,1,2,1,1,6
200500080221,0005-12-19 10:00:00,5,12,19,10,0,130,55.0,MAZARGUES (AV DE),,,Plein jour,En agglomération,Hors intersection,Normale,Autre collision,,,,,,,,,,,1,2,1,1,6
200500080222,0005-12-21 13:31:00,5,12,21,13,31,130,55.0,"51, CAMILLE PELLETAN (AV",,,Plein jour,En agglomération,Hors intersection,Normale,Deux véhicules - côté,,,,,,,,,,,1,2,1,1,3
200500080223,0005-12-28 07:20:00,5,12,28,7,20,130,55.0,"27, SAINT SAVOURNIN (RUE",,,Nuit avec éclairage allumé,En agglomération,Hors intersection,Normale,Deux véhicules - arrière,,,,,,,,,,,5,2,1,1,2
200500080224,0005-12-18 16:50:00,5,12,18,16,50,130,55.0,JOSEPH PETRONIO (RUE),,,Plein jour,En agglomération,Hors intersection,Vent fort / tempête,Autre collision,,,,,,,,,,,1,2,1,6,6
200500080225,0005-12-22 07:30:00,5,12,22,7,30,130,55.0,KE (CORNICHE),,,Plein jour,En agglomération,Hors intersection,Normale,Autre collision,,,,,,,,,,,1,2,1,1,6
200500080226,0005-12-26 17:30:00,5,12,26,17,30,130,55.0,"6, ARMENY (RUE D')",,,Nuit avec éclairage allumé,En agglomération,Hors intersection,Normale,Autre collision,,,,,,,,,,,5,2,1,1,6
200500080227,0005-12-17 12:00:00,5,12,17,12,0,130,55.0,"49, LIBERATION (BD)",,,Plein jour,En agglomération,Hors intersection,Normale,Deux véhicules - côté,,,,,,,,,,,1,2,1,1,3
200500080228,0005-12-15 19:00:00,5,12,15,19,0,130,55.0,"30, CANTINI (AV JULES)",,,Nuit avec éclairage allumé,En agglomération,Hors intersection,Normale,Trois véhicules et plus - collisions multiples,,,,,,,,,,,5,2,1,1,5
200500080229,0005-12-25 16:00:00,5,12,25,16,0,130,55.0,"90, ROMAIN ROLLAND (BD)",,,Plein jour,En agglomération,Autre intersection,Normale,Deux véhicules - côté,,,,,,,,,,,1,2,9,1,3
200500080230,0005-12-25 15:30:00,5,12,25,15,30,130,55.0,PALUD (RUE DE LA),,,Plein jour,En agglomération,Hors intersection,Normale,Sans collision,,,,,,,,,,,1,2,1,1,7
200500080231,0005-12-26 20:35:00,5,12,26,20,35,130,55.0,"129, ST MARTHE A ST JOSE",,,Nuit sans éclairage public,En agglomération,Hors intersection,Normale,Autre collision,,,,,,,,,,,3,2,1,1,6
200500080232,0005-12-14 15:25:00,5,12,14,15,25,130,55.0,PROVENCE MARCEL (ROND PO,,,Plein jour,En agglomération,Giratoire,Normale,Deux véhicules - côté,,,,,,,,,,,1,2,6,1,3
200500080233,0005-12-02 17:00:00,5,12,2,17,0,130,55.0,", ST MARTHE (CHEMIN DE)",,,Plein jour,En agglomération,Intersection en T,Pluie légère,Autre collision,,,,,,,,,,,1,2,3,2,6
200500080234,0005-12-25 22:45:00,5,12,25,22,45,130,55.0,"47, LECHATELIER (AV)",,,Nuit avec éclairage allumé,En agglomération,Autre intersection,Normale,Deux véhicules - frontale,,,,,,,,,,,5,2,9,1,1
200500080235,0005-12-18 15:00:00,5,12,18,15,0,130,55.0,BOURRELY (CHEMIN DES),,,Plein jour,En agglomération,Giratoire,Normale,Deux véhicules - côté,,,,,,,,,,,1,2,6,1,3
200500080236,0005-12-10 08:15:00,5,12,10,8,15,130,55.0,"20, GARDIANS (RUE)",,,Plein jour,En agglomération,Autre intersection,Normale,Sans collision,,,,,,,,,,,1,2,9,1,7
200500080237,0005-12-13 16:30:00,5,12,13,16,30,130,55.0,"277, KE (CORNICHE)",,,Plein jour,En agglomération,Hors intersection,Normale,Deux véhicules - côté,,,,,,,,,,,1,2,1,1,3
200500080238,0005-12-15 10:00:00,5,12,15,10,0,130,55.0,"6A, ARMENY (RUE D')",,,Plein jour,En agglomération,Hors intersection,Normale,Autre collision,,,,,,,,,,,1,2,1,1,6
200500080239,0005-12-07 13:40:00,5,12,7,13,40,130,55.0,"268, SAINT PIERRE (RUE)",,,Plein jour,En agglomération,Autre intersection,Normale,Deux véhicules - côté,,,,,,,,,,,1,2,9,1,3
200500080240,0005-12-06 17:40:00,5,12,6,17,40,130,55.0,"23, CORAIL (AVENUE DU)",,,Crépuscule ou aube,En agglomération,Hors intersection,Normale,Deux véhicules - côté,,,,,,,,,,,2,2,1,1,3
200500080241,0005-12-08 12:00:00,5,12,8,12,0,130,55.0,PRADO (AVENUE DU),,,Plein jour,En agglomération,Hors intersection,Pluie légère,Autre collision,,,,,,,,,,,1,2,1,2,6
200500080242,0005-12-30 19:15:00,5,12,30,19,15,130,55.0,ROME (RUE DE),,,Nuit avec éclairage allumé,En agglomération,Intersection en T,Normale,Deux véhicules - côté,,,,,,,,,,,5,2,3,1,3
200500080243,0005-12-13 09:30:00,5,12,13,9,30,130,55.0,"317, MADRAGUE VI (RUE)",,,Plein jour,En agglomération,Intersection en X,Normale,Deux véhicules - arrière,,,,,,,,,,,1,2,2,1,2
200500080244,0005-12-10 19:30:00,5,12,10,19,30,130,55.0,MERLAN (AV DU),,,Nuit avec éclairage allumé,En agglomération,Hors intersection,Normale,Deux véhicules - côté,,,,,,,,,,,5,2,1,1,3
200500080245,0005-12-19 10:40:00,5,12,19,10,40,130,55.0,"44, BON SECOURS (TRAVERS",,,Plein jour,En agglomération,Hors intersection,Normale,Deux véhicules - côté,,,,,,,,,,,1,2,1,1,3
200500080246,0005-12-14 02:55:00,5,12,14,2,55,130,55.0,SAINT LOUP (BD DE),,,Nuit avec éclairage allumé,En agglomération,Hors intersection,Normale,Deux véhicules - frontale,,,,,,,,,,,5,2,1,1,1
200500080247,0005-12-23 15:15:00,5,12,23,15,15,130,55.0,"218, ROMAIN ROLLAND (BD)",,,Plein jour,En agglomération,Hors intersection,Normale,Trois véhicules et plus - collisions multiples,,,,,,,,,,,1,2,1,1,5
200500080248,0005-12-02 12:00:00,5,12,2,12,0,130,55.0,"122, HAMBOURG (AV DE)",,,Plein jour,En agglomération,Hors intersection,Pluie légère,Autre collision,,,,,,,,,,,1,2,1,2,6
200500080249,0005-12-29 14:00:00,5,12,29,14,0,130,75.0,", LIBERATION (AV DE LA)",,,Plein jour,En agglomération,Hors intersection,Normale,Autre collision,,,,,,,,,,,1,2,1,1,6
200500080250,0005-12-13 07:50:00,5,12,13,7,50,130,55.0,"327, MICHELET (BD)",,,Plein jour,En agglomération,Hors intersection,Normale,Trois véhicules et plus - en chaîne,,,,,,,,,,,1,2,1,1,4
200500080251,0005-12-25 21:30:00,5,12,25,21,30,130,55.0,"04, DUGOMMIER (BD)",,,Nuit avec éclairage allumé,En agglomération,Hors intersection,Normale,Deux véhicules - côté,,,,,,,,,,,5,2,1,1,3
200500080252,0005-12-06 18:50:00,5,12,6,18,50,130,55.0,"69, CAPELETTE (AVENUE DE",,,Nuit avec éclairage allumé,En agglomération,Hors intersection,Pluie légère,Autre collision,,,,,,,,,,,5,2,1,2,6
200500080253,0005-12-25 11:25:00,5,12,25,11,25,130,2.0,"132, INDETERMINE (VOIE)",,,Plein jour,En agglomération,Hors intersection,Normale,Autre collision,,,,,,,,,,,1,2,1,1,6
200500080254,0005-12-09 17:40:00,5,12,9,17,40,130,55.0,MIMET (CHEMIN DE),,,Nuit avec éclairage allumé,En agglomération,Hors intersection,Normale,Autre collision,,,,,,,,,,,5,2,1,1,6
200500080255,0005-12-28 20:00:00,5,12,28,20,0,130,55.0,DUNKERQUE (BD DE),,,Plein jour,En agglomération,Intersection en X,Normale,Deux véhicules - côté,,,,,,,,,,,1,2,2,1,3
200500080256,0005-12-23 15:16:00,5,12,23,15,16,130,55.0,CORSE (AVENUE DE LA),,,Plein jour,En agglomération,Hors intersection,Normale,Deux véhicules - côté,,,,,,,,,,,1,2,1,1,3
200500080257,0005-12-25 19:40:00,5,12,25,19,40,130,55.0,VERT PLAN (BD),,,Nuit avec éclairage allumé,En agglomération,Intersection en T,Normale,Deux véhicules - côté,,,,,,,,,,,5,2,3,1,3
200500080258,0005-12-28 13:05:00,5,12,28,13,5,130,55.0,DAMES (BD DES),,,Plein jour,En agglomération,Hors intersection,Normale,Autre collision,,,,,,,,,,,1,2,1,1,6
200500080259,0005-12-13 17:15:00,5,12,13,17,15,130,55.0,BASSINS DE RADOUB (BD DE,,,Nuit avec éclairage allumé,En agglomération,Hors intersection,Normale,Autre collision,,,,,,,,,,,5,2,1,1,6
200500080260,0005-12-29 11:30:00,5,12,29,11,30,130,55.0,"222, COROT (AVENUE)",,,Plein jour,En agglomération,Hors intersection,Normale,Trois véhicules et plus - collisions multiples,,,,,,,,,,,1,2,1,1,5
200500080261,0005-12-19 07:16:00,5,12,19,7,16,130,55.0,", SAUVAN (BD)",,,Crépuscule ou aube,En agglomération,Intersection en T,Autre,Sans collision,,,,,,,,,,,2,2,3,9,7
200500080262,0005-12-10 19:00:00,5,12,10,19,0,130,2.0,"139, INDETERMINE (VOIE)",,,Nuit avec éclairage allumé,En agglomération,Hors intersection,Normale,Autre collision,,,,,,,,,,,5,2,1,1,6
200500080263,0005-12-19 12:30:00,5,12,19,12,30,130,55.0,GENERAL BROSSET (AVENUE),,,Plein jour,En agglomération,Intersection en T,Normale,Deux véhicules - côté,,,,,,,,,,,1,2,3,1,3
200500080264,0005-12-31 07:45:00,5,12,31,7,45,130,55.0,LORETTE (PLACE DE),,,Crépuscule ou aube,En agglomération,Hors intersection,Pluie légère,Sans collision,,,,,,,,,,,2,2,1,2,7
200500080265,0005-12-16 13:01:00,5,12,16,13,1,130,55.0,MICHELET (BD),,,Plein jour,En agglomération,Intersection en X,Normale,Deux véhicules - côté,,,,,,,,,,,1,2,2,1,3
200500080266,0005-12-13 07:25:00,5,12,13,7,25,130,55.0,FRAIS VALLO (AVENUE),,,Crépuscule ou aube,En agglomération,Hors intersection,Normale,Deux véhicules - arrière,,,,,,,,,,,2,2,1,1,2
200500080267,0005-12-31 10:50:00,5,12,31,10,50,130,55.0,"98, JEAN LOMBARD (AVENUE",,,Plein jour,En agglomération,Hors intersection,Normale,Autre collision,,,,,,,,,,,1,2,1,1,6
200500080268,0005-12-14 15:40:00,5,12,14,15,40,130,55.0,"65, MAROC (QUAI DU)",,,Plein jour,En agglomération,Hors intersection,Normale,Sans collision,,,,,,,,,,,1,2,1,1,7
200500080269,0005-12-30 13:30:00,5,12,30,13,30,130,55.0,"123, CHATEAU BOV (RUE)",,,Plein jour,En agglomération,Hors intersection,Normale,Autre collision,,,,,,,,,,,1,2,1,1,6
200500080270,0005-12-07 17:15:00,5,12,7,17,15,130,55.0,", SIMON BOLIVAR (BD)",,,Nuit avec éclairage non allumé,En agglomération,Hors intersection,Pluie légère,Trois véhicules et plus - collisions multiples,,,,,,,,,,,4,2,1,2,5
200500080271,0005-12-08 14:26:00,5,12,8,14,26,130,55.0,"166, BIZET (CHEMIN DE)",,,Plein jour,En agglomération,Hors intersection,Normale,Trois véhicules et plus - en chaîne,,,,,,,,,,,1,2,1,1,4
200500080272,0005-12-04 19:45:00,5,12,4,19,45,130,55.0,ARNAVON (AVENUE),,,Nuit avec éclairage allumé,En agglomération,Hors intersection,Temps couvert,Deux véhicules - côté,,,,,,,,,,,5,2,1,8,3
200500080273,0005-12-15 13:50:00,5,12,15,13,50,130,55.0,GAY LUSSAC (BD),,,Plein jour,En agglomération,Hors intersection,Normale,Deux véhicules - côté,,,,,,,,,,,1,2,1,1,3
200500080274,0005-12-22 14:15:00,5,12,22,14,15,130,55.0,", SAINT ANTOI (CHEMIN DE",,,Plein jour,En agglomération,Hors intersection,Normale,Autre collision,,,,,,,,,,,1,2,1,1,6
200500080275,0005-12-14 08:15:00,5,12,14,8,15,130,55.0,"5, CANEBIERE (LA)     1",,,Plein jour,En agglomération,Hors intersection,Normale,Deux véhicules - côté,,,,,,,,,,,1,2,1,1,3
200500080276,0005-12-30 17:30:00,5,12,30,17,30,130,55.0,"20, HAITI (AVENUE D')",,,Nuit avec éclairage allumé,En agglomération,Autre intersection,Pluie légère,Sans collision,,,,,,,,,,,5,2,9,2,7
200500080277,0005-12-31 03:00:00,5,12,31,3,0,130,55.0,PYTHEAS (RUE),,,Nuit avec éclairage allumé,En agglomération,Hors intersection,Autre,Autre collision,,,,,,,,,,,5,2,1,9,6
200500080278,0005-12-16 20:10:00,5,12,16,20,10,130,55.0,", PLACIDE CAFFO (PLACE)",,,Nuit avec éclairage non allumé,En agglomération,Place,Normale,Autre collision,,,,,,,,,,,4,2,7,1,6
200500080279,0005-12-28 13:45:00,5,12,28,13,45,130,55.0,SAINT ANTOI (CHEMIN DE),,,Plein jour,En agglomération,Intersection en X,Normale,Autre collision,,,,,,,,,,,1,2,2,1,6
200500080280,0005-12-12 02:20:00,5,12,12,2,20,130,55.0,RIFLARD (RUE),,,Nuit avec éclairage allumé,En agglomération,Intersection en T,Normale,Autre collision,,,,,,,,,,,5,2,3,1,6
200500080281,0005-12-28 13:30:00,5,12,28,13,30,130,55.0,"0, MICHELET (BD)",,,Plein jour,En agglomération,Hors intersection,Normale,Deux véhicules - arrière,,,,,,,,,,,1,2,1,1,2
200500080282,0005-12-19 09:10:00,5,12,19,9,10,130,55.0,CROIX DE FE (TRAVERSE),,,Plein jour,En agglomération,Intersection en T,Normale,Deux véhicules - côté,,,,,,,,,,,1,2,3,1,3
200500080283,0005-12-24 19:00:00,5,12,24,19,0,130,55.0,"12, FONDERE (RUE)",,,Nuit avec éclairage allumé,En agglomération,Hors intersection,Normale,Deux véhicules - frontale,,,,,,,,,,,5,2,1,1,1
200500080284,0005-12-13 16:00:00,5,12,13,16,0,130,55.0,LAPEYRE (PLACE),,,Plein jour,En agglomération,Hors intersection,Normale,Deux véhicules - arrière,,,,,,,,,,,1,2,1,1,2
200500080285,0005-12-30 10:45:00,5,12,30,10,45,130,55.0,BORD EXTERIEUR (TRAVERSE,,,Plein jour,En agglomération,Intersection en Y,Normale,Autre collision,,,,,,,,,,,1,2,4,1,6
200500080286,0005-12-21 18:00:00,5,12,21,18,0,130,55.0,NATIONAL (BD),,,Crépuscule ou aube,En agglomération,Hors intersection,Normale,Deux véhicules - arrière,,,,,,,,,,,2,2,1,1,2
200500080287,0005-12-22 15:15:00,5,12,22,15,15,130,55.0,"171, MENADE CAVAOU (AVEN",,,Plein jour,En agglomération,Hors intersection,Normale,Autre collision,,,,,,,,,,,1,2,1,1,6
200500080288,0005-12-23 07:45:00,5,12,23,7,45,130,55.0,"46, SAINT BARNABE (AVENU",,,Crépuscule ou aube,En agglomération,Hors intersection,Normale,Sans collision,,,,,,,,,,,2,2,1,1,7
200500080289,0005-12-22 11:45:00,5,12,22,11,45,130,55.0,"70, COMTESSE (BD DE LA)",,,Plein jour,En agglomération,Hors intersection,Normale,Autre collision,,,,,,,,,,,1,2,1,1,6
200500080290,0005-12-23 15:30:00,5,12,23,15,30,130,55.0,INDETERMINE (VOIE),,,Plein jour,En agglomération,Hors intersection,Normale,Autre collision,,,,,,,,,,,1,2,1,1,6
200500080291,0005-12-08 20:00:00,5,12,8,20,0,130,55.0,DELPHES (AVENUE DE),,,Crépuscule ou aube,En agglomération,Intersection en T,Normale,Deux véhicules - arrière,,,,,,,,,,,2,2,3,1,2
200500080292,0005-12-24 23:00:00,5,12,24,23,0,130,55.0,GASTON CASTEL (RUE),,,Nuit avec éclairage allumé,En agglomération,Intersection en T,Normale,Deux véhicules - côté,,,,,,,,,,,5,2,3,1,3
200500080293,0005-12-23 17:50:00,5,12,23,17,50,130,55.0,"263, PAGES (BD)",,,Nuit sans éclairage public,En agglomération,Hors intersection,Normale,Autre collision,,,,,,,,,,,3,2,1,1,6
200500080294,0005-12-31 19:10:00,5,12,31,19,10,130,55.0,"111, VALENTINE (ROUTE DE",,,Nuit avec éclairage allumé,En agglomération,Hors intersection,Pluie légère,Deux véhicules - arrière,,,,,,,,,,,5,2,1,2,2
200500080295,0005-12-23 15:00:00,5,12,23,15,0,130,55.0,"203, INDUSTRIEUX (RUE DE",,,Plein jour,En agglomération,Hors intersection,Normale,Deux véhicules - arrière,,,,,,,,,,,1,2,1,1,2
200500080296,0005-12-21 17:30:00,5,12,21,17,30,130,55.0,"000, RAIMU (AVE)",,,Plein jour,En agglomération,Intersection en X,Normale,Deux véhicules - côté,,,,,,,,,,,1,2,2,1,3
200500080297,0005-12-21 18:01:00,5,12,21,18,1,130,55.0,CATHALA (RUE JEAN-MARC),,,Nuit avec éclairage allumé,En agglomération,Hors intersection,Normale,Deux véhicules - côté,,,,,,,,,,,5,2,1,1,3
200500080298,0005-12-14 13:30:00,5,12,14,13,30,130,55.0,"0, HAMBOURG (AV DE)",,,Plein jour,En agglomération,Hors intersection,Normale,Deux véhicules - arrière,,,,,,,,,,,1,2,1,1,2
200500080299,0005-12-18 09:00:00,5,12,18,9,0,130,55.0,"211, EGLISE ST A (PLACE)",,,Plein jour,En agglomération,Hors intersection,Normale,Deux véhicules - côté,,,,,,,,,,,1,2,1,1,3
200500080300,0005-12-05 08:20:00,5,12,5,8,20,130,55.0,PONTEVES (RUE DE),,,Plein jour,En agglomération,Intersection en X,Normale,Deux véhicules - côté,,,,,,,,,,,1,2,2,1,3
200500080301,0005-12-27 18:45:00,5,12,27,18,45,130,55.0,MICHEL SALVARELLI (RUE),,,Nuit avec éclairage allumé,En agglomération,Intersection en X,Normale,Deux véhicules - côté,,,,,,,,,,,5,2,2,1,3
200500080302,0005-12-21 13:45:00,5,12,21,13,45,130,55.0,"1, PAGES (BD)",,,Plein jour,En agglomération,Autre intersection,Normale,Autre collision,,,,,,,,,,,1,2,9,1,6
200500080303,0005-12-21 12:30:00,5,12,21,12,30,130,55.0,"142, MILLIERE (BD DE LA)",,,Plein jour,En agglomération,Hors intersection,Normale,Deux véhicules - côté,,,,,,,,,,,1,2,1,1,3
200500080304,0005-12-11 20:35:00,5,12,11,20,35,130,55.0,"77, REDON (BD DU)",,,Nuit sans éclairage public,En agglomération,Hors intersection,Normale,Deux véhicules - côté,,,,,,,,,,,3,2,1,1,3
200500080305,0005-12-02 15:00:00,5,12,2,15,0,130,55.0,INDETERMINE (VOIE),,,Plein jour,En agglomération,Hors intersection,Pluie forte,Deux véhicules - arrière,,,,,,,,,,,1,2,1,3,2
200500080306,0005-12-02 10:30:00,5,12,2,10,30,130,55.0,"196, LOUIS RAFER (PLACE)",,,Plein jour,En agglomération,Hors intersection,Pluie légère,Deux véhicules - côté,,,,,,,,,,,1,2,1,2,3
200500080307,0005-12-28 13:46:00,5,12,28,13,46,130,55.0,CHAVE (AVENUE),,,Plein jour,En agglomération,Hors intersection,Normale,Autre collision,,,,,,,,,,,1,2,1,1,6
200500080308,0005-12-25 15:50:00,5,12,25,15,50,130,55.0,"337, MADRAGUE VILLE (CHE",,,Plein jour,En agglomération,Hors intersection,Autre,Sans collision,,,,,,,,,,,1,2,1,9,7
200500080309,0005-12-16 07:30:00,5,12,16,7,30,130,55.0,"3, GYMNASTES (IMPASSE)",,,Crépuscule ou aube,En agglomération,Hors intersection,Normale,Autre collision,,,,,,,,,,,2,2,1,1,6
200500080310,0005-12-23 08:38:00,5,12,23,8,38,130,55.0,"0, VISITATION (AVENUE)",,,Plein jour,En agglomération,Hors intersection,Normale,Deux véhicules - côté,,,,,,,,,,,1,2,1,1,3
200500080311,0005-12-05 07:15:00,5,12,5,7,15,130,55.0,"00, BARBUSSE (RUE HENRI)",,,Plein jour,En agglomération,Hors intersection,Normale,Autre collision,,,,,,,,,,,1,2,1,1,6
200500080312,0005-12-30 16:00:00,5,12,30,16,0,130,55.0,"00, DROMEL (BD)",,,Plein jour,En agglomération,Hors intersection,Normale,Deux véhicules - frontale,,,,,,,,,,,1,2,1,1,1
200500080313,0005-12-22 00:01:00,5,12,22,0,1,130,55.0,"127, CROIX ROUGE (AVENUE",,,Nuit avec éclairage allumé,En agglomération,Hors intersection,Normale,Sans collision,,,,,,,,,,,5,2,1,1,7
200500080314,0005-12-28 09:10:00,5,12,28,9,10,130,55.0,FIGUEROA (IMPASSE),,,Plein jour,En agglomération,Hors intersection,Normale,Deux véhicules - arrière,,,,,,,,,,,1,2,1,1,2
200500080315,0005-12-02 18:00:00,5,12,2,18,0,130,55.0,PHILIPPE MATHERON (AVENU,,,Nuit avec éclairage allumé,En agglomération,Hors intersection,Pluie légère,Autre collision,,,,,,,,,,,5,2,1,2,6
200500080316,0005-12-28 11:30:00,5,12,28,11,30,130,55.0,BARA (BD),,,Plein jour,En agglomération,Hors intersection,Normale,Deux véhicules - arrière,,,,,,,,,,,1,2,1,1,2
200500080317,0005-12-14 16:40:00,5,12,14,16,40,130,55.0,NATIONAL (BD),,,Plein jour,En agglomération,Hors intersection,Normale,Autre collision,,,,,,,,,,,1,2,1,1,6
200500080318,0005-12-21 15:20:00,5,12,21,15,20,130,55.0,SAINTS ANGE (RUE DES),,,Plein jour,En agglomération,Hors intersection,Normale,Deux véhicules - arrière,,,,,,,,,,,1,2,1,1,2
200500080319,0005-12-15 17:20:00,5,12,15,17,20,130,55.0,"1, FLORE (AVENUE DE)",,,Nuit avec éclairage allumé,En agglomération,Hors intersection,Normale,Autre collision,,,,,,,,,,,5,2,1,1,6
200500080320,0005-12-17 07:45:00,5,12,17,7,45,130,55.0,ALEXANDRE COPELLO (RUE),,,Plein jour,En agglomération,Hors intersection,Normale,Deux véhicules - côté,,,,,,,,,,,1,2,1,1,3
200500080321,0005-12-21 17:31:00,5,12,21,17,31,130,55.0,"127, ROBERT (IMPASSE)",,,Plein jour,En agglomération,Hors intersection,Normale,Autre collision,,,,,,,,,,,1,2,1,1,6
200500080322,0005-12-30 12:00:00,5,12,30,12,0,130,55.0,"119, OLIVE (TRAVERSE)",,,Plein jour,En agglomération,Intersection en X,Normale,Trois véhicules et plus - collisions multiples,,,,,,,,,,,1,2,2,1,5
200500080323,0005-12-11 06:45:00,5,12,11,6,45,130,55.0,"00, FRAIS VALLO (AVENUE)",,,Crépuscule ou aube,En agglomération,Hors intersection,Normale,Autre collision,,,,,,,,,,,2,2,1,1,6
200500080324,0005-12-19 19:00:00,5,12,19,19,0,130,55.0,"00, EDOUARD CALVET (RUE)",,,Plein jour,En agglomération,Hors intersection,Normale,Autre collision,,,,,,,,,,,1,2,1,1,6
200500080325,0005-12-26 15:05:00,5,12,26,15,5,130,55.0,"133, IX (RUE DES)",,,Plein jour,En agglomération,Hors intersection,Normale,Deux véhicules - arrière,,,,,,,,,,,1,2,1,1,2
200500080326,0005-12-27 10:30:00,5,12,27,10,30,130,55.0,GAY LUSSAC (BD),,,Plein jour,En agglomération,Hors intersection,Normale,Autre collision,,,,,,,,,,,1,2,1,1,6
200500080327,0005-12-30 16:10:00,5,12,30,16,10,130,55.0,"00, BRETEUIL (RUE)",,,Plein jour,En agglomération,Hors intersection,Neige / grêle,Autre collision,,,,,,,,,,,1,2,1,4,6
200500080328,0005-12-15 23:41:00,5,12,15,23,41,130,55.0,"0, MONTE CRIST (RUE)",,,Plein jour,En agglomération,Hors intersection,Normale,Autre collision,,,,,,,,,,,1,2,1,1,6
200500080329,0005-12-02 22:10:00,5,12,2,22,10,130,56.0,TURCAN FRANCIS,,,Nuit avec éclairage allumé,En agglomération,Hors intersection,Normale,Autre collision,,,,,,,,,,,5,2,1,1,6
200500080330,0005-12-07 14:30:00,5,12,7,14,30,130,56.0,SAMMUT LOUIS,,,Plein jour,En agglomération,Hors intersection,Normale,Deux véhicules - côté,,,,,,,,,,,1,2,1,1,3
200500080331,0005-12-03 16:40:00,5,12,3,16,40,130,56.0,BARBOUSSADE CHEMIN DE,,,Plein jour,En agglomération,Hors intersection,Normale,Deux véhicules - arrière,,,,,,,,,,,1,2,1,1,2