accident_id,datetime,annee,mois,jour,heure,minute,departement,commune_insee,adresse,latitude,longitude,luminosite,agglomeration,intersection,meteo,collision,nb_vehicules,nb_usagers,nb_indemnes,nb_tues,nb_blesses_hosp,nb_blesses_legers,age_cond_1,age_cond_2,veh_type_cond_1,veh_type_cond_2,lum_code,agg_code,int_code,atm_code,col_code
200500080458,0005-12-29 11:45:00,5,12,29,11,45,180,279.0,"39, MERIGOT (RUE LEO )",,,Plein jour,En agglomération,Hors intersection,Autre,Autre collision,,,,,,,,,,,1,2,1,9,6
200500080459,0005-12-05 12:15:00,5,12,5,12,15,190,31.0,"75, SEMARD (AVENUE PIERR",,,Plein jour,En agglomération,Intersection en T,Pluie forte,Deux véhicules - côté,,,,,,,,,,,1,2,3,3,3
200500080460,0005-12-05 16:50:00,5,12,5,16,50,190,31.0,DE JOUVENEL (BOULEVARD H,,,Plein jour,En agglomération,Intersection en X,Normale,Deux véhicules - côté,,,,,,,,,,,1,2,2,1,3
200500080461,0005-12-15 18:43:00,5,12,15,18,43,190,31.0,"144, POMPIDOU (AVENUE GE",,,Nuit avec éclairage allumé,En agglomération,Hors intersection,Normale,Deux véhicules - côté,,,,,,,,,,,5,2,1,1,3
200500080462,0005-12-16 18:15:00,5,12,16,18,15,190,31.0,KENNEDY (AVENUE JOHN),,,Nuit avec éclairage allumé,En agglomération,Hors intersection,Pluie légère,Autre collision,,,,,,,,,,,5,2,1,2,6
200500080463,0005-12-17 08:30:00,5,12,17,8,30,190,31.0,DUHAMEL (RUE GEORGES),,,Plein jour,En agglomération,Intersection en X,Temps couvert,Deux véhicules - côté,,,,,,,,,,,1,2,2,8,3
200500080464,0005-12-18 21:00:00,5,12,18,21,0,190,31.0,TEINCHURIER (AVENUE DU),,,Nuit avec éclairage allumé,En agglomération,Hors intersection,Normale,Autre collision,,,,,,,,,,,5,2,1,1,6
200500080465,0005-12-20 10:05:00,5,12,20,10,5,190,31.0,"42, PASTEUR (AVENUE)",,,Plein jour,En agglomération,Hors intersection,Normale,Autre collision,,,,,,,,,,,1,2,1,1,6
200500080466,0005-12-20 20:15:00,5,12,20,20,15,190,31.0,BRUNE (BOULEVARD),,,Nuit avec éclairage allumé,En agglomération,Hors intersection,Normale,Autre collision,,,,,,,,,,,5,2,1,1,6
200500080467,0005-12-23 11:40:00,5,12,23,11,40,190,31.0,"18, LACHAUD (BOULEVARD E",,,Plein jour,En agglomération,Hors intersection,Temps éblouissant,Autre collision,,,,,,,,,,,1,2,1,7,6
200500080468,0005-12-24 12:05:00,5,12,24,12,5,190,31.0,FOURNADE LA (LIEU-DIT),,,Plein jour,En agglomération,Hors intersection,Normale,Deux véhicules - arrière,,,,,,,,,,,1,2,1,1,2
200500080469,0005-12-07 08:05:00,5,12,7,8,5,190,272.0,"12, CHARLES DE GAULLE (A",,,Plein jour,En agglomération,Hors intersection,Pluie légère,Autre collision,,,,,,,,,,,1,2,1,2,6
200500080470,0005-12-13 13:45:00,5,12,13,13,45,190,275.0,"rd982, LECLERC (AVENUE D",,,Plein jour,En agglomération,Intersection en T,Normale,Deux véhicules - arrière,,,,,,,,,,,1,2,3,1,2
200500080471,0005-12-16 21:00:00,5,12,16,21,0,190,275.0,"32, CARNOT (AVENUE) N° P",,,Nuit avec éclairage allumé,En agglomération,Intersection en X,Pluie légère,Deux véhicules - côté,,,,,,,,,,,5,2,2,2,3
200500080472,0005-12-15 17:25:00,5,12,15,17,25,210,54.0,EIFFEL (RUE GUSTAVE),,,Crépuscule ou aube,En agglomération,Intersection en Y,Normale,Deux véhicules - côté,,,,,,,,,,,2,2,4,1,3
200500080473,0005-12-02 09:00:00,5,12,2,9,0,210,231.0,"21, BROSSES (DE) (BOULEV",,,Plein jour,Hors agglomération,Hors intersection,Normale,Autre collision,,,,,,,,,,,1,1,1,1,6
200500080474,0005-12-02 16:10:00,5,12,2,16,10,210,231.0,"16, STRASBOURG (DE) (BOU",,,Plein jour,En agglomération,Hors intersection,Pluie forte,Trois véhicules et plus - en chaîne,,,,,,,,,,,1,2,1,3,4
200500080475,0005-12-02 16:35:00,5,12,2,16,35,210,231.0,"44, CONDORCET (RUE)",,,Crépuscule ou aube,En agglomération,Hors intersection,Pluie forte,Autre collision,,,,,,,,,,,2,2,1,3,6
200500080476,0005-12-02 22:10:00,5,12,2,22,10,210,231.0,"72, LONGVIC (DE) (RUE)",,,Nuit avec éclairage allumé,En agglomération,Hors intersection,Temps couvert,Autre collision,,,,,,,,,,,5,2,1,8,6
200500080477,0005-12-03 22:20:00,5,12,3,22,20,210,231.0,MURIERS (DES) (RUE),,,Nuit avec éclairage allumé,En agglomération,Intersection en T,Pluie légère,Deux véhicules - côté,,,,,,,,,,,5,2,3,2,3
200500080478,0005-12-04 16:10:00,5,12,4,16,10,210,231.0,DE LATTRE DE TASSIGNY (B,,,Plein jour,En agglomération,Intersection en X,Pluie légère,Deux véhicules - côté,,,,,,,,,,,1,2,2,2,3
200500080479,0005-12-05 20:40:00,5,12,5,20,40,210,231.0,MARECHAL GALLIENI (BOULE,,,Nuit avec éclairage allumé,En agglomération,Intersection en X,Pluie légère,Deux véhicules - côté,,,,,,,,,,,5,2,2,2,3
200500080480,0005-12-06 17:28:00,5,12,6,17,28,210,231.0,"25, DRAPEAU (DU) (AVENUE",,,Nuit avec éclairage allumé,En agglomération,Hors intersection,Temps couvert,Trois véhicules et plus - collisions multiples,,,,,,,,,,,5,2,1,8,5
200500080481,0005-12-07 12:15:00,5,12,7,12,15,210,231.0,GASTON BACHELARD (BOULEV,,,Plein jour,En agglomération,Hors intersection,Normale,Autre collision,,,,,,,,,,,1,2,1,1,6
200500080482,0005-12-08 10:20:00,5,12,8,10,20,210,231.0,"15, UNIVERSITE (DE L') (",,,Plein jour,En agglomération,Hors intersection,Pluie légère,Autre collision,,,,,,,,,,,1,2,1,2,6
200500080483,0005-12-08 10:21:00,5,12,8,10,21,210,231.0,JEAN BOUHEY (PLACE),,,Plein jour,En agglomération,Giratoire,Pluie légère,Deux véhicules - côté,,,,,,,,,,,1,2,6,2,3
200500080484,0005-12-08 13:37:00,5,12,8,13,37,210,231.0,"69, JEAN JAURES (AVENUE)",,,Plein jour,En agglomération,Hors intersection,Pluie légère,Autre collision,,,,,,,,,,,1,2,1,2,6
200500080485,0005-12-08 13:45:00,5,12,8,13,45,210,231.0,FREDERIC MISTRAL (RUE),,,Plein jour,En agglomération,Intersection en X,Temps couvert,Deux véhicules - côté,,,,,,,,,,,1,2,2,8,3
200500080486,0005-12-08 18:16:00,5,12,8,18,16,210,617.0,"3, CHARLES DULLIN (RUE)",,,Nuit avec éclairage allumé,En agglomération,Hors intersection,Pluie légère,Autre collision,,,,,,,,,,,5,2,1,2,6
200500080487,0005-12-09 15:27:00,5,12,9,15,27,210,231.0,"2, TREMOUILLE (BOULEVARD",,,Plein jour,En agglomération,Hors intersection,Temps couvert,Autre collision,,,,,,,,,,,1,2,1,8,6
200500080488,0005-12-09 18:15:00,5,12,9,18,15,210,355.0,"9, ARMAND THIBAUT (RUE)",,,Nuit avec éclairage allumé,En agglomération,Hors intersection,Normale,Autre collision,,,,,,,,,,,5,2,1,1,6
200500080489,0005-12-10 15:00:00,5,12,10,15,0,210,166.0,"60, ROLAND CARRAZ (AVENU",,,Plein jour,En agglomération,Hors intersection,Normale,Autre collision,,,,,,,,,,,1,2,1,1,6
200500080490,0005-12-10 17:37:00,5,12,10,17,37,210,166.0,"10, MARECHAL DE LATTRE D",,,Nuit avec éclairage allumé,En agglomération,Hors intersection,Normale,Autre collision,,,,,,,,,,,5,2,1,1,6
200500080491,0005-12-12 09:05:00,5,12,12,9,5,210,231.0,ARANDES (DES) (RUE),,,Plein jour,En agglomération,Intersection en X,Normale,Deux véhicules - frontale,,,,,,,,,,,1,2,2,1,1
200500080492,0005-12-15 09:53:00,5,12,15,9,53,210,166.0,"1ter, ANTOINE BECQUEREL",,,Plein jour,En agglomération,Hors intersection,Normale,Autre collision,,,,,,,,,,,1,2,1,1,6
200500080493,0005-12-12 12:08:00,5,12,12,12,8,210,231.0,"4, LAC (DU) (AVENUE)",,,Plein jour,En agglomération,Hors intersection,Normale,Autre collision,,,,,,,,,,,1,2,1,1,6
200500080494,0005-12-12 17:50:00,5,12,12,17,50,210,231.0,"119, DRAPEAU (DU) (AVENU",,,Nuit avec éclairage allumé,En agglomération,Hors intersection,Normale,Trois véhicules et plus - en chaîne,,,,,,,,,,,5,2,1,1,4
200500080495,0005-12-16 14:00:00,5,12,16,14,0,210,231.0,"21, LANGRES (DE) (AVENUE",,,Plein jour,En agglomération,Hors intersection,Pluie légère,Deux véhicules - côté,,,,,,,,,,,1,2,1,2,3
200500080496,0005-12-18 22:34:00,5,12,18,22,34,210,231.0,JOHN KENNEDY (BOULEVARD),,,Nuit avec éclairage allumé,En agglomération,Intersection en X,Normale,Deux véhicules - côté,,,,,,,,,,,5,2,2,1,3
200500080497,0005-12-21 17:27:00,5,12,21,17,27,210,231.0,"50, TRANSVAAL (DU) (RUE)",,,Nuit avec éclairage allumé,En agglomération,Hors intersection,Normale,Deux véhicules - côté,,,,,,,,,,,5,2,1,1,3
200500080498,0005-12-22 11:36:00,5,12,22,11,36,210,231.0,EUROPE (DE L') (ROND POI,,,Plein jour,En agglomération,Giratoire,Normale,Trois véhicules et plus - en chaîne,,,,,,,,,,,1,2,6,1,4
200500080499,0005-12-22 19:20:00,5,12,22,19,20,210,231.0,"138, GUSTAVE EIFFEL (AVE",,,Nuit avec éclairage allumé,En agglomération,Hors intersection,Normale,Autre collision,,,,,,,,,,,5,2,1,1,6
200500080500,0005-12-24 10:35:00,5,12,24,10,35,210,231.0,"54, CHENOVE (DE) (RUE)",,,Plein jour,En agglomération,Hors intersection,Temps couvert,Deux véhicules - arrière,,,,,,,,,,,1,2,1,8,2
200500080501,0005-12-27 19:10:00,5,12,27,19,10,210,231.0,"9, STEARINERIE (DE LA) (",,,Nuit avec éclairage allumé,En agglomération,Hors intersection,Normale,Autre collision,,,,,,,,,,,5,2,1,1,6
200500080502,0005-12-30 19:07:00,5,12,30,19,7,210,355.0,GEORGES POMPIDOU (VOIE),,,Nuit avec éclairage allumé,En agglomération,Hors intersection,Neige / grêle,Deux véhicules - côté,,,,,,,,,,,5,2,1,4,3
200500080503,0005-12-05 11:52:00,5,12,5,11,52,220,50.0,"1, DUCLOS (PLACE)",,,Plein jour,En agglomération,Hors intersection,Normale,Sans collision,,,,,,,,,,,1,2,1,1,7
200500080504,0005-12-01 08:10:00,5,12,1,8,10,220,278.0,"68, WALDECK-ROUSSEAU (BD",,,Crépuscule ou aube,En agglomération,Giratoire,Pluie forte,Autre collision,,,,,,,,,,,2,2,6,3,6
200500080505,0005-12-04 16:15:00,5,12,4,16,15,220,360.0,"120, MONCONTOUR (RUE DE)",,,Plein jour,En agglomération,Hors intersection,Normale,Deux véhicules - côté,,,,,,,,,,,1,2,1,1,3
200500080506,0005-12-03 18:25:00,5,12,3,18,25,220,278.0,"0, RAHUEL (DOCTEUR)",,,Nuit avec éclairage allumé,En agglomération,Hors intersection,Pluie forte,Autre collision,,,,,,,,,,,5,2,1,3,6
200500080507,0005-12-03 14:30:00,5,12,3,14,30,220,278.0,"4, RIBOT (THEODULE)",,,Plein jour,En agglomération,Hors intersection,Pluie légère,Deux véhicules - arrière,,,,,,,,,,,1,2,1,2,2
200500080508,0005-12-07 09:40:00,5,12,7,9,40,220,278.0,", GOUEDIC (DE)",,,Plein jour,En agglomération,Hors intersection,Temps éblouissant,Autre collision,,,,,,,,,,,1,2,1,7,6
200500080509,0005-12-07 08:15:00,5,12,7,8,15,220,278.0,"0, CHARNER (BD)",,,Nuit avec éclairage allumé,En agglomération,Hors intersection,Pluie légère,Autre collision,,,,,,,,,,,5,2,1,2,6
200500080510,0005-12-06 18:50:00,5,12,6,18,50,220,278.0,BALZAC,,,Nuit avec éclairage allumé,En agglomération,Hors intersection,Pluie légère,Autre collision,,,,,,,,,,,5,2,1,2,6
200500080511,0005-12-07 19:00:00,5,12,7,19,0,220,278.0,"0, MONGE",,,Nuit avec éclairage allumé,En agglomération,Intersection en X,Pluie légère,Deux véhicules - côté,,,,,,,,,,,5,2,2,2,3
200500080512,0005-12-12 07:55:00,5,12,12,7,55,220,278.0,", ATLANTIQUE (BD) N°58/7",,,Crépuscule ou aube,En agglomération,Intersection en X,Normale,Deux véhicules - côté,,,,,,,,,,,2,2,2,1,3
200500080513,0005-12-13 15:53:00,5,12,13,15,53,220,278.0,"16, BECQUEREL (HENRI)",,,Plein jour,En agglomération,Hors intersection,Normale,Autre collision,,,,,,,,,,,1,2,1,1,6
200500080514,0005-12-15 09:05:00,5,12,15,9,5,220,278.0,"20 BIS, GOUEDIC (DE)",,,Plein jour,Hors agglomération,Hors intersection,Normale,Deux véhicules - côté,,,,,,,,,,,1,1,1,1,3
200500080515,0005-12-15 14:00:00,5,12,15,14,0,220,360.0,D 700,,,Plein jour,Hors agglomération,Hors intersection,Normale,Deux véhicules - côté,,,,,,,,,,,1,1,1,1,3
200500080516,0005-12-19 22:00:00,5,12,19,22,0,220,360.0,URNE (RUE DE L'),,,Nuit avec éclairage allumé,En agglomération,Giratoire,Normale,Deux véhicules - frontale,,,,,,,,,,,5,2,6,1,1
200500080517,0005-12-21 03:45:00,5,12,21,3,45,220,278.0,"0, CARNOT (BD)",,,Nuit avec éclairage allumé,En agglomération,Intersection en X,Normale,Sans collision,,,,,,,,,,,5,2,2,1,7
200500080518,0005-12-20 12:00:00,5,12,20,12,0,220,278.0,"0, FULGENCE-BIENVENUE",,,Plein jour,En agglomération,Hors intersection,Normale,Deux véhicules - côté,,,,,,,,,,,1,2,1,1,3
200500080519,0005-12-22 22:20:00,5,12,22,22,20,220,278.0,"0, APOLLINAIRE (GUILLAUM",,,Nuit avec éclairage allumé,En agglomération,Giratoire,Normale,Deux véhicules - arrière,,,,,,,,,,,5,2,6,1,2
200500080520,0005-12-16 18:00:00,5,12,16,18,0,230,96.0,AUVERGNE (AVENUE),,,Nuit avec éclairage allumé,Hors agglomération,Hors intersection,Pluie légère,Deux véhicules - frontale,,,,,,,,,,,5,1,1,2,1
200500080521,0005-12-18 13:35:00,5,12,18,13,35,230,96.0,CHATRES (ROUTE DE LA ),,,Plein jour,Hors agglomération,Hors intersection,Normale,Sans collision,,,,,,,,,,,1,1,1,1,7
200500080522,0005-12-27 14:10:00,5,12,27,14,10,230,96.0,", CASSIN (AVENUE RENE)",,,Plein jour,En agglomération,Intersection en X,Normale,Deux véhicules - côté,,,,,,,,,,,1,2,2,1,3
200500080523,0005-12-12 18:50:00,5,12,12,18,50,240,37.0,"110, TOUNET (RUE DU)",,,Nuit sans éclairage public,En agglomération,Intersection en T,Temps couvert,Deux véhicules - côté,,,,,,,,,,,3,2,3,8,3
200500080524,0005-12-01 19:00:00,5,12,1,19,0,240,322.0,"16, BUGEAUD (PLACE)",,,Nuit avec éclairage non allumé,En agglomération,Hors intersection,Normale,Autre collision,,,,,,,,,,,4,2,1,1,6
200500080525,0005-12-05 14:46:00,5,12,5,14,46,240,557.0,"100, GRANDOU (AVENUE MIC",,,Plein jour,En agglomération,Hors intersection,Pluie légère,Autre collision,,,,,,,,,,,1,2,1,2,6
200500080526,0005-12-06 11:05:00,5,12,6,11,5,240,322.0,"00, FENELON (COURS)",,,Plein jour,En agglomération,Intersection en T,Pluie légère,Autre collision,,,,,,,,,,,1,2,3,2,6
200500080527,0005-12-08 00:40:00,5,12,8,0,40,240,322.0,"316, ANGOULEME (ROUTE D'",,,Nuit avec éclairage allumé,En agglomération,Hors intersection,Pluie légère,Autre collision,,,,,,,,,,,5,2,1,2,6
200500080528,0005-12-08 18:35:00,5,12,8,18,35,240,322.0,"00, PETIT CHANGE (BOULEV",,,Nuit avec éclairage allumé,En agglomération,Intersection en T,Normale,Autre collision,,,,,,,,,,,5,2,3,1,6
200500080529,0005-12-09 17:55:00,5,12,9,17,55,240,322.0,FRANCHEVILLE (PLACE),,,Nuit avec éclairage allumé,En agglomération,Hors intersection,Normale,Autre collision,,,,,,,,,,,5,2,1,1,6
200500080530,0005-12-10 14:00:00,5,12,10,14,0,240,322.0,GEORGES (PONT SAINT),,,Plein jour,En agglomération,Intersection en T,Normale,Deux véhicules - arrière,,,,,,,,,,,1,2,3,1,2
200500080531,0005-12-16 16:39:00,5,12,16,16,39,240,322.0,"66, SEMARD (RUE PIERRE)",,,Plein jour,En agglomération,Hors intersection,Normale,Autre collision,,,,,,,,,,,1,2,1,1,6
200500080532,0005-12-16 16:52:00,5,12,16,16,52,240,322.0,"48, PORT (ALLEE DU)",,,Plein jour,En agglomération,Hors intersection,Normale,Autre collision,,,,,,,,,,,1,2,1,1,6
200500080533,0005-12-21 08:02:00,5,12,21,8,2,240,322.0,"00, PETIT CHANGE (BOULEV",,,Nuit avec éclairage allumé,En agglomération,Hors intersection,Normale,Autre collision,,,,,,,,,,,5,2,1,1,6
200500080534,0005-12-26 16:47:00,5,12,26,16,47,240,53.0,"00, DESNOS (AVENUE ROBER",,,Plein jour,En agglomération,Hors intersection,Normale,Trois véhicules et plus - en chaîne,,,,,,,,,,,1,2,1,1,4
200500080535,0005-12-29 19:07:00,5,12,29,19,7,240,53.0,"80, MITTERAND (AVENUE FR",,,Nuit avec éclairage allumé,En agglomération,Hors intersection,Temps couvert,Autre collision,,,,,,,,,,,5,2,1,8,6
200500080536,0005-12-30 14:10:00,5,12,30,14,10,240,557.0,"27, LES GOURDOUX (LIEU D",,,Plein jour,En agglomération,Hors intersection,Pluie légère,Deux véhicules - arrière,,,,,,,,,,,1,2,1,2,2
200500080537,0005-12-31 11:16:00,5,12,31,11,16,240,256.0,SUDER (AVENUE LOUIS),,,Plein jour,En agglomération,Hors intersection,Pluie légère,Autre collision,,,,,,,,,,,1,2,1,2,6
200500080538,0005-12-01 08:02:00,5,12,1,8,2,250,56.0,"sans, BERNARD RUE TRISTA",,,Plein jour,En agglomération,Hors intersection,Normale,Autre collision,,,,,,,,,,,1,2,1,1,6
200500080539,0005-12-02 13:40:00,5,12,2,13,40,250,56.0,"SANS, DOLE RUE DE >200",,,Plein jour,En agglomération,Hors intersection,Pluie légère,Trois véhicules et plus - en chaîne,,,,,,,,,,,1,2,1,2,4
200500080540,0005-12-06 11:55:00,5,12,6,11,55,250,56.0,"36, CORVEE RUE DE LA",,,Plein jour,En agglomération,Hors intersection,Temps couvert,Autre collision,,,,,,,,,,,1,2,1,8,6
200500080541,0005-12-07 10:11:00,5,12,7,10,11,250,56.0,"sans, CANOT  PONT DE",,,Plein jour,En agglomération,Intersection en Y,Pluie légère,Deux véhicules - côté,,,,,,,,,,,1,2,4,2,3
200500080542,0005-12-07 15:51:00,5,12,7,15,51,250,56.0,"SANS, CHURCHILL BD WINST",,,Plein jour,En agglomération,Hors intersection,Normale,Deux véhicules - arrière,,,,,,,,,,,1,2,1,1,2
200500080543,0005-12-07 17:40:00,5,12,7,17,40,250,56.0,"SANS, BLUM  BOULEVARD LE",,,Nuit avec éclairage allumé,En agglomération,Hors intersection,Normale,Autre collision,,,,,,,,,,,5,2,1,1,6
200500080544,0005-12-08 14:10:00,5,12,8,14,10,250,56.0,"SANS, BLUM  BOULEVARD LE",,,Plein jour,En agglomération,Hors intersection,Pluie légère,Deux véhicules - arrière,,,,,,,,,,,1,2,1,2,2
200500080545,0005-12-09 11:10:00,5,12,9,11,10,250,56.0,"SANS, BRULARD  RUE GENER",,,Plein jour,En agglomération,Intersection en Y,Normale,Deux véhicules - frontale,,,,,,,,,,,1,2,4,1,1
200500080546,0005-12-10 17:10:00,5,12,10,17,10,250,56.0,"01, MARCHAUX ROUTE DE",,,Nuit avec éclairage allumé,En agglomération,Hors intersection,Normale,Deux véhicules - côté,,,,,,,,,,,5,2,1,1,3
200500080547,0005-12-10 20:00:00,5,12,10,20,0,250,56.0,"10, OUEST BOULEVARD",,,Nuit avec éclairage allumé,En agglomération,Intersection en X,Normale,Deux véhicules - côté,,,,,,,,,,,5,2,2,1,3
200500080548,0005-12-12 19:45:00,5,12,12,19,45,250,56.0,ROTONDE RUE DE LA,,,Nuit avec éclairage allumé,En agglomération,Hors intersection,Normale,Autre collision,,,,,,,,,,,5,2,1,1,6
200500080549,0005-12-13 18:25:00,5,12,13,18,25,250,56.0,OUEST BOULEVARD,,,Nuit avec éclairage allumé,En agglomération,Hors intersection,Normale,Deux véhicules - arrière,,,,,,,,,,,5,2,1,1,2
200500080550,0005-12-14 18:50:00,5,12,14,18,50,250,56.0,"SANS, DINDE CHEMIN DE LA",,,Nuit sans éclairage public,Hors agglomération,Hors intersection,Normale,Autre collision,,,,,,,,,,,3,1,1,1,6
200500080551,0005-12-21 16:30:00,5,12,21,16,30,250,56.0,RN 1057 (BD CHURCHIL-ROU,,,Crépuscule ou aube,En agglomération,Hors intersection,Normale,Sans collision,,,,,,,,,,,2,2,1,1,7
200500080552,0005-12-21 17:15:00,5,12,21,17,15,250,56.0,RN 1057 (BD CHURCHIL-ROU,,,Crépuscule ou aube,Hors agglomération,Hors intersection,Normale,Trois véhicules et plus - en chaîne,,,,,,,,,,,2,1,1,1,4
200500080553,0005-12-23 12:20:00,5,12,23,12,20,250,56.0,FAURE AVENUE EDGAR,,,Plein jour,En agglomération,Hors intersection,Normale,Sans collision,,,,,,,,,,,1,2,1,1,7
200500080554,0005-12-23 17:40:00,5,12,23,17,40,250,56.0,"202, DOLE RUE DE >200",,,Nuit avec éclairage allumé,En agglomération,Hors intersection,Normale,Deux véhicules - arrière,,,,,,,,,,,5,2,1,1,2
200500080555,0005-12-23 17:50:00,5,12,23,17,50,250,56.0,"sans, CLERC RUE FRANCIS",,,Crépuscule ou aube,En agglomération,Hors intersection,Normale,Deux véhicules - arrière,,,,,,,,,,,2,2,1,1,2
200500080556,0005-12-26 17:05:00,5,12,26,17,5,250,56.0,"SANS, CHURCHILL BD WINST",,,Nuit sans éclairage public,En agglomération,Hors intersection,Normale,Deux véhicules - arrière,,,,,,,,,,,3,2,1,1,2
200500080557,0005-12-29 11:55:00,5,12,29,11,55,250,56.0,"1, VERNOIS CHEMIN DU",,,Plein jour,En agglomération,Intersection en X,Temps couvert,Deux véhicules - côté,,,,,,,,,,,1,2,2,8,3
200500080558,0005-12-30 11:48:00,5,12,30,11,48,250,56.0,"10, VESOUL RUE DE > 52",,,Plein jour,En agglomération,Hors intersection,Temps couvert,Deux véhicules - arrière,,,,,,,,,,,1,2,1,8,2
200500080559,0005-12-29 23:50:00,5,12,29,23,50,250,56.0,EDISON RUE THOMAS,,,Nuit avec éclairage allumé,En agglomération,Hors intersection,Neige / grêle,Autre collision,,,,,,,,,,,5,2,1,4,6
200500080560,0005-12-31 08:40:00,5,12,31,8,40,250,56.0,"SANS, CHOPARD RUE ALEXIS",,,Plein jour,En agglomération,Intersection en X,Pluie légère,Deux véhicules - côté,,,,,,,,,,,1,2,2,2,3
200500080561,0005-12-31 14:26:00,5,12,31,14,26,250,56.0,"52, VESOUL RUE DE > 52",,,Plein jour,En agglomération,Hors intersection,Normale,Autre collision,,,,,,,,,,,1,2,1,1,6
200500080562,0005-12-05 17:30:00,5,12,5,17,30,250,580.0,"00, OEHMICHEN (RUE)",,,Nuit avec éclairage allumé,En agglomération,Intersection en X,Pluie forte,Deux véhicules - côté,,,,,,,,,,,5,2,2,3,3
200500080563,0005-12-05 17:15:00,5,12,5,17,15,250,462.0,"04, MOULIN PARNET DU",,,Nuit avec éclairage allumé,En agglomération,Hors intersection,Pluie légère,Autre collision,,,,,,,,,,,5,2,1,2,6
200500080564,0005-12-01 11:15:00,5,12,1,11,15,260,198.0,"Sans N°, SAUZET (ROUTE )",,,Plein jour,Hors agglomération,Autre intersection,Normale,Deux véhicules - côté,,,,,,,,,,,1,1,9,1,3
200500080565,0005-12-05 22:40:00,5,12,5,22,40,260,198.0,TEIL (ROUTE DU),,,Nuit avec éclairage allumé,Hors agglomération,Hors intersection,Pluie légère,Autre collision,,,,,,,,,,,5,1,1,2,6
200500080566,0005-12-13 11:20:00,5,12,13,11,20,260,198.0,"Sans N, ALLAN (ROUTE D')",,,Plein jour,Hors agglomération,Hors intersection,Normale,Autre collision,,,,,,,,,,,1,1,1,1,6
200500080567,0005-12-03 17:25:00,5,12,3,17,25,260,281.0,BERTHELOT (AVENUE),,,Crépuscule ou aube,En agglomération,Hors intersection,Normale,Deux véhicules - arrière,,,,,,,,,,,2,2,1,1,2
200500080568,0005-12-04 11:50:00,5,12,4,11,50,260,281.0,VOIE COMMUNALE N°7,,,Plein jour,Hors agglomération,Intersection en X,Normale,Deux véhicules - côté,,,,,,,,,,,1,1,2,1,3
200500080569,0005-12-05 17:40:00,5,12,5,17,40,260,281.0,SAILLANT LOUIS (AVENUE),,,Crépuscule ou aube,En agglomération,Hors intersection,Pluie légère,Autre collision,,,,,,,,,,,2,2,1,2,6
200500080570,0005-12-10 20:30:00,5,12,10,20,30,260,281.0,VOLTAIRE (BOULVEVARD),,,Nuit avec éclairage allumé,En agglomération,Hors intersection,Normale,Autre collision,,,,,,,,,,,5,2,1,1,6
200500080571,0005-12-11 14:05:00,5,12,11,14,5,260,281.0,VOLTAIRE (BOULVEVARD),,,Plein jour,En agglomération,Hors intersection,Temps couvert,Autre collision,,,,,,,,,,,1,2,1,8,6
200500080572,0005-12-13 17:34:00,5,12,13,17,34,260,281.0,ZOLA EMILE (AVENUE),,,Nuit avec éclairage allumé,En agglomération,Hors intersection,Normale,Autre collision,,,,,,,,,,,5,2,1,1,6
200500080573,0005-12-16 17:00:00,5,12,16,17,0,260,57.0,LUPIS RAPHAELLE (RUE),,,Nuit avec éclairage allumé,En agglomération,Hors intersection,Pluie légère,Autre collision,,,,,,,,,,,5,2,1,2,6
200500080574,0005-12-28 17:35:00,5,12,28,17,35,260,281.0,"NEANT, CHAPELIERS (COTE",,,Nuit avec éclairage allumé,En agglomération,Hors intersection,Neige / grêle,Autre collision,,,,,,,,,,,5,2,1,4,6
200500080575,0005-12-30 07:00:00,5,12,30,7,0,260,281.0,RD N°532 (DIRECTION TAIN,,,Nuit avec éclairage allumé,En agglomération,Giratoire,Normale,Deux véhicules - arrière,,,,,,,,,,,5,2,6,1,2
200500080576,0005-12-01 12:10:00,5,12,1,12,10,260,362.0,"125, ROMANS AVENUE DE (3",,,Plein jour,En agglomération,Hors intersection,Normale,Autre collision,,,,,,,,,,,1,2,1,1,6
200500080577,0005-12-05 18:00:00,5,12,5,18,0,260,362.0,"sans n, FREYCINET RUE",,,Crépuscule ou aube,En agglomération,Intersection en X,Pluie légère,Deux véhicules - côté,,,,,,,,,,,2,2,2,2,3
200500080578,0005-12-07 18:09:00,5,12,7,18,9,260,362.0,"sans n, FORET RUE DE LA",,,Nuit avec éclairage allumé,En agglomération,Hors intersection,Normale,Deux véhicules - frontale,,,,,,,,,,,5,2,1,1,1
200500080579,0005-12-15 07:25:00,5,12,15,7,25,260,58.0,"137, LYON AVENUE DE",,,Nuit avec éclairage non allumé,Hors agglomération,Hors intersection,Normale,Deux véhicules - côté,,,,,,,,,,,4,1,1,1,3
200500080580,0005-12-15 16:45:00,5,12,15,16,45,260,362.0,"132, HUGO AVENUE VICTOR",,,Plein jour,En agglomération,Hors intersection,Normale,Autre collision,,,,,,,,,,,1,2,1,1,6
200500080581,0005-12-08 06:50:00,5,12,8,6,50,260,58.0,GAY-LUSSAC RUE,,,Nuit avec éclairage allumé,En agglomération,Autre intersection,Pluie légère,Deux véhicules - côté,,,,,,,,,,,5,2,9,2,3
200500080582,0005-12-16 17:00:00,5,12,16,17,0,260,362.0,"sans n, MALISSARD ROUTE",,,Nuit sans éclairage public,Hors agglomération,Autre intersection,Normale,Deux véhicules - frontale,,,,,,,,,,,3,1,9,1,1