accident_id,datetime,annee,mois,jour,heure,minute,departement,commune_insee,adresse,latitude,longitude,luminosite,agglomeration,intersection,meteo,collision,nb_vehicules,nb_usagers,nb_indemnes,nb_tues,nb_blesses_hosp,nb_blesses_legers,age_cond_1,age_cond_2,veh_type_cond_1,veh_type_cond_2,lum_code,agg_code,int_code,atm_code,col_code
200500080710,0005-12-17 09:30:00,5,12,17,9,30,300,189.0,POULX (ROUTE DE),,,Plein jour,Hors agglomération,Hors intersection,Normale,Autre collision,,,,,,,,,,,1,1,1,1,6
200500080711,0005-12-18 12:24:00,5,12,18,12,24,300,189.0,"., THOLOZAN (CHEMIN)",,,Plein jour,En agglomération,Intersection en Y,Normale,Deux véhicules - côté,,,,,,,,,,,1,2,4,1,3
200500080712,0005-12-18 15:30:00,5,12,18,15,30,300,189.0,KENNEDY (AVENUE),,,Plein jour,En agglomération,Intersection en T,Normale,Deux véhicules - côté,,,,,,,,,,,1,2,3,1,3
200500080713,0005-12-19 10:40:00,5,12,19,10,40,300,189.0,CHAI (CHEMIN),,,Plein jour,En agglomération,Hors intersection,Normale,Deux véhicules - arrière,,,,,,,,,,,1,2,1,1,2
200500080714,0005-12-19 15:07:00,5,12,19,15,7,300,189.0,"., SAINT GILLES (ROUTE)",,,Plein jour,En agglomération,Hors intersection,Normale,Deux véhicules - côté,,,,,,,,,,,1,2,1,1,3
200500080715,0005-12-19 23:00:00,5,12,19,23,0,300,189.0,"., GAMBETTA (BD)",,,Nuit sans éclairage public,En agglomération,Hors intersection,Normale,Deux véhicules - arrière,,,,,,,,,,,3,2,1,1,2
200500080716,0005-12-20 15:35:00,5,12,20,15,35,300,189.0,JAURES JEAN (BOULEVARD),,,Plein jour,En agglomération,Hors intersection,Normale,Trois véhicules et plus - collisions multiples,,,,,,,,,,,1,2,1,1,5
200500080717,0005-12-20 16:20:00,5,12,20,16,20,300,189.0,GENERAC (ROUTE),,,Plein jour,En agglomération,Intersection en X,Normale,Deux véhicules - arrière,,,,,,,,,,,1,2,2,1,2
200500080718,0005-12-22 08:00:00,5,12,22,8,0,300,189.0,BAUME (RUE),,,Plein jour,En agglomération,Intersection en X,Normale,Deux véhicules - côté,,,,,,,,,,,1,2,2,1,3
200500080719,0005-12-23 23:20:00,5,12,23,23,20,300,189.0,ANDUZE (ROUTE OU ANCIENN,,,Nuit sans éclairage public,Hors agglomération,Hors intersection,Normale,Autre collision,,,,,,,,,,,3,1,1,1,6
200500080720,0005-12-24 20:53:00,5,12,24,20,53,300,189.0,"1188, COURBESSAC (ROUTE)",,,Nuit avec éclairage allumé,En agglomération,Hors intersection,Normale,Trois véhicules et plus - collisions multiples,,,,,,,,,,,5,2,1,1,5
200500080721,0005-12-25 09:40:00,5,12,25,9,40,300,189.0,SAUVE (ROUTE),,,Plein jour,En agglomération,Hors intersection,Normale,Autre collision,,,,,,,,,,,1,2,1,1,6
200500080722,0005-12-27 14:07:00,5,12,27,14,7,300,189.0,"29 BIS, MALON BENOIT (RU",,,Plein jour,En agglomération,Intersection en X,Normale,Deux véhicules - côté,,,,,,,,,,,1,2,2,1,3
200500080723,0005-12-27 16:48:00,5,12,27,16,48,300,189.0,"., MARECHAL JUIN (BOULEV",,,Plein jour,En agglomération,Hors intersection,Normale,Deux véhicules - côté,,,,,,,,,,,1,2,1,1,3
200500080724,0005-12-29 12:59:00,5,12,29,12,59,300,189.0,POULX (ROUTE DE),,,Plein jour,Hors agglomération,Hors intersection,Normale,Sans collision,,,,,,,,,,,1,1,1,1,7
200500080725,0005-12-29 20:50:00,5,12,29,20,50,300,189.0,MAS DE CHEYLON,,,Nuit sans éclairage public,En agglomération,Intersection en T,Normale,Deux véhicules - frontale,,,,,,,,,,,3,2,3,1,1
200500080726,0005-12-29 23:45:00,5,12,29,23,45,300,189.0,"., NATIONALE (RUE)",,,Nuit avec éclairage allumé,En agglomération,Intersection en X,Normale,Deux véhicules - côté,,,,,,,,,,,5,2,2,1,3
200500080727,0005-12-30 12:12:00,5,12,30,12,12,300,189.0,PUECH DU TEIL (RUE OU IM,,,Plein jour,En agglomération,Intersection en X,Normale,Deux véhicules - côté,,,,,,,,,,,1,2,2,1,3
200500080728,0005-12-30 14:51:00,5,12,30,14,51,300,189.0,"., MAS DE CHEYLON",,,Plein jour,En agglomération,Hors intersection,Pluie légère,Deux véhicules - arrière,,,,,,,,,,,1,2,1,2,2
200500080729,0005-12-06 06:32:00,5,12,6,6,32,300,351.0,RIGAUD CHEMIN DE,,,Nuit sans éclairage public,En agglomération,Hors intersection,Normale,Sans collision,,,,,,,,,,,3,2,1,1,7
200500080730,0005-12-07 12:05:00,5,12,7,12,5,300,351.0,", BROSSOLETTE RUE PIERRE",,,Plein jour,En agglomération,Intersection en T,Normale,Deux véhicules - côté,,,,,,,,,,,1,2,3,1,3
200500080731,0005-12-30 10:40:00,5,12,30,10,40,300,11.0,RD 6100,,,Plein jour,Hors agglomération,Hors intersection,Normale,Sans collision,,,,,,,,,,,1,1,1,1,7
200500080732,0005-12-03 12:00:00,5,12,3,12,0,310,69.0,"10, BARRIEU (CH DE)",,,Plein jour,En agglomération,Intersection en T,Normale,Deux véhicules - côté,,,,,,,,,,,1,2,3,1,3
200500080733,0005-12-13 16:20:00,5,12,13,16,20,310,69.0,"1, BRASSENS (AV GEORGES)",,,Plein jour,En agglomération,Intersection en T,Normale,Deux véhicules - côté,,,,,,,,,,,1,2,3,1,3
200500080734,0005-12-20 13:15:00,5,12,20,13,15,310,69.0,"11, PARC (AV DU)",,,Plein jour,En agglomération,Hors intersection,Normale,Deux véhicules - arrière,,,,,,,,,,,1,2,1,1,2
200500080735,0005-12-13 17:10:00,5,12,13,17,10,310,149.0,3 COLOMIERS EST (A624),,,Nuit sans éclairage public,Hors agglomération,Hors intersection,Normale,Trois véhicules et plus - en chaîne,,,,,,,,,,,3,1,1,1,4
200500080736,0005-12-10 19:00:00,5,12,10,19,0,310,483.0,D21 F,,,Nuit sans éclairage public,En agglomération,Intersection en T,Normale,Deux véhicules - arrière,,,,,,,,,,,3,2,3,1,2
200500080737,0005-12-12 18:35:00,5,12,12,18,35,310,483.0,"000, JUIN (PLACE DU MARE",,,Nuit avec éclairage allumé,En agglomération,Hors intersection,Pluie légère,Autre collision,,,,,,,,,,,5,2,1,2,6
200500080738,0005-12-22 13:17:00,5,12,22,13,17,310,483.0,"01, JUIN (PLACE DU MAREC",,,Plein jour,En agglomération,Place,Normale,Autre collision,,,,,,,,,,,1,2,7,1,6
200500080739,0005-12-29 18:00:00,5,12,29,18,0,310,344.0,"RD21, POINTIS INARD (ROU",,,Nuit sans éclairage public,Hors agglomération,Hors intersection,Normale,Trois véhicules et plus - collisions multiples,,,,,,,,,,,3,1,1,1,5
200500080740,0005-12-02 08:10:00,5,12,2,8,10,310,555.0,"25, RTE DE NARBONNE",,,Crépuscule ou aube,En agglomération,Hors intersection,Pluie légère,Deux véhicules - côté,,,,,,,,,,,2,2,1,2,3
200500080741,0005-12-01 06:55:00,5,12,1,6,55,310,555.0,"10, RUE PAUL GAUGUIN",,,Nuit avec éclairage allumé,En agglomération,Hors intersection,Pluie légère,Autre collision,,,,,,,,,,,5,2,1,2,6
200500080742,0005-12-01 20:45:00,5,12,1,20,45,310,555.0,VA007418 PONT JUMEAUX A6,,,Nuit avec éclairage allumé,Hors agglomération,Hors intersection,Normale,Trois véhicules et plus - en chaîne,,,,,,,,,,,5,1,1,1,4
200500080743,0005-12-01 21:55:00,5,12,1,21,55,310,555.0,"10, BD SILVIO TRENTIN",,,Nuit avec éclairage allumé,En agglomération,Hors intersection,Normale,Deux véhicules - arrière,,,,,,,,,,,5,2,1,1,2
200500080744,0005-12-02 18:20:00,5,12,2,18,20,310,555.0,"250, AV DE GRANDE BRETAG",,,Crépuscule ou aube,En agglomération,Hors intersection,Pluie légère,Deux véhicules - côté,,,,,,,,,,,2,2,1,2,3
200500080745,0005-12-04 07:10:00,5,12,4,7,10,310,555.0,"10, RUE DU POLE",,,Nuit avec éclairage allumé,En agglomération,Intersection à plus de 4 branches,Normale,Deux véhicules - côté,,,,,,,,,,,5,2,5,1,3
200500080746,0005-12-02 20:15:00,5,12,2,20,15,310,555.0,"12, AV PAUL SEJOURNE",,,Nuit avec éclairage allumé,En agglomération,Hors intersection,Pluie légère,Deux véhicules - côté,,,,,,,,,,,5,2,1,2,3
200500080747,0005-12-02 23:30:00,5,12,2,23,30,310,555.0,"15, BD DE LA GARE",,,Nuit avec éclairage allumé,En agglomération,Hors intersection,Normale,Deux véhicules - arrière,,,,,,,,,,,5,2,1,1,2
200500080748,0005-12-02 23:55:00,5,12,2,23,55,310,555.0,"10, RUE SAINT ROCH",,,Nuit avec éclairage allumé,En agglomération,Hors intersection,Normale,Deux véhicules - côté,,,,,,,,,,,5,2,1,1,3
200500080749,0005-12-03 04:45:00,5,12,3,4,45,310,555.0,"15, AV YVES BRUNAUD",,,Nuit avec éclairage allumé,En agglomération,Hors intersection,Pluie légère,Autre collision,,,,,,,,,,,5,2,1,2,6
200500080750,0005-12-04 04:50:00,5,12,4,4,50,310,555.0,VA007440 LES MINIMES A62,,,Nuit avec éclairage allumé,Hors agglomération,Hors intersection,Normale,Deux véhicules - arrière,,,,,,,,,,,5,1,1,1,2
200500080751,0005-12-03 05:30:00,5,12,3,5,30,310,555.0,"15, BD PIERRE SEMARD",,,Nuit avec éclairage allumé,En agglomération,Hors intersection,Pluie légère,Trois véhicules et plus - en chaîne,,,,,,,,,,,5,2,1,2,4
200500080752,0005-12-04 05:45:00,5,12,4,5,45,310,555.0,VA007355 PURPAN A620 Sor,,,Nuit avec éclairage allumé,Hors agglomération,Hors intersection,Normale,Autre collision,,,,,,,,,,,5,1,1,1,6
200500080753,0005-12-05 09:00:00,5,12,5,9,0,310,555.0,"46, RUE DE LA REPUBLIQUE",,,Plein jour,En agglomération,Hors intersection,Pluie légère,Deux véhicules - arrière,,,,,,,,,,,1,2,1,2,2
200500080754,0005-12-05 14:05:00,5,12,5,14,5,310,555.0,CHE DU CHATEAU DE L HERS,,,Plein jour,En agglomération,Hors intersection,Temps couvert,Autre collision,,,,,,,,,,,1,2,1,8,6
200500080755,0005-12-05 19:25:00,5,12,5,19,25,310,555.0,"100, AV DE CASTRES",,,Nuit avec éclairage allumé,En agglomération,Hors intersection,Pluie légère,Autre collision,,,,,,,,,,,5,2,1,2,6
200500080756,0005-12-05 16:05:00,5,12,5,16,5,310,555.0,"15, RUE HENRI DESBALS",,,Plein jour,En agglomération,Hors intersection,Pluie forte,Autre collision,,,,,,,,,,,1,2,1,3,6
200500080757,0005-12-05 19:30:00,5,12,5,19,30,310,555.0,"12, BD DE MARENGO",,,Nuit avec éclairage allumé,En agglomération,Hors intersection,Pluie légère,Autre collision,,,,,,,,,,,5,2,1,2,6
200500080758,0005-12-06 16:00:00,5,12,6,16,0,310,555.0,BD DU MARECHAL JUIN,,,Plein jour,En agglomération,Hors intersection,Temps couvert,Trois véhicules et plus - en chaîne,,,,,,,,,,,1,2,1,8,4
200500080759,0005-12-07 08:00:00,5,12,7,8,0,310,555.0,"35, AV LOUIS BAZERQUE",,,Plein jour,En agglomération,Hors intersection,Normale,Autre collision,,,,,,,,,,,1,2,1,1,6
200500080760,0005-12-07 17:40:00,5,12,7,17,40,310,555.0,"15, RUE D ALSACE LORRAIN",,,Nuit avec éclairage allumé,En agglomération,Intersection en T,Normale,Deux véhicules - côté,,,,,,,,,,,5,2,3,1,3
200500080761,0005-12-08 08:30:00,5,12,8,8,30,310,555.0,"21, BD MATABIAU",,,Crépuscule ou aube,En agglomération,Hors intersection,Pluie légère,Autre collision,,,,,,,,,,,2,2,1,2,6
200500080762,0005-12-08 11:30:00,5,12,8,11,30,310,555.0,"14, RUE PIERRE PAUL RIQU",,,Plein jour,En agglomération,Intersection en T,Temps couvert,Deux véhicules - côté,,,,,,,,,,,1,2,3,8,3
200500080763,0005-12-08 13:40:00,5,12,8,13,40,310,555.0,"15, RUE D ALSACE LORRAIN",,,Plein jour,En agglomération,Hors intersection,Normale,Autre collision,,,,,,,,,,,1,2,1,1,6
200500080764,0005-12-08 15:55:00,5,12,8,15,55,310,555.0,"4, CHE CARROSSE",,,Plein jour,En agglomération,Hors intersection,Pluie légère,Autre collision,,,,,,,,,,,1,2,1,2,6
200500080765,0005-12-08 18:23:00,5,12,8,18,23,310,555.0,"15, ALL JEAN GRIFFON",,,Nuit avec éclairage allumé,En agglomération,Hors intersection,Normale,Deux véhicules - côté,,,,,,,,,,,5,2,1,1,3
200500080766,0005-12-08 19:40:00,5,12,8,19,40,310,555.0,VA007456 SESQUIERES A620,,,Nuit avec éclairage allumé,Hors agglomération,Hors intersection,Pluie légère,Sans collision,,,,,,,,,,,5,1,1,2,7
200500080767,0005-12-11 07:08:00,5,12,11,7,8,310,555.0,VA007500 CROIX DAURADE A,,,Nuit avec éclairage allumé,Hors agglomération,Hors intersection,Brouillard / fumée,Autre collision,,,,,,,,,,,5,1,1,5,6
200500080768,0005-12-09 17:00:00,5,12,9,17,0,310,555.0,"12, RUE CHARLES BAUDELAI",,,Crépuscule ou aube,En agglomération,Intersection en X,Normale,Deux véhicules - côté,,,,,,,,,,,2,2,2,1,3
200500080769,0005-12-09 17:25:00,5,12,9,17,25,310,555.0,"110, AV DE GRANDE BRETAG",,,Nuit avec éclairage allumé,En agglomération,Hors intersection,Normale,Deux véhicules - côté,,,,,,,,,,,5,2,1,1,3
200500080770,0005-12-09 18:00:00,5,12,9,18,0,310,555.0,"10, PONT DES CATALANS",,,Nuit avec éclairage allumé,En agglomération,Hors intersection,Normale,Deux véhicules - côté,,,,,,,,,,,5,2,1,1,3
200500080771,0005-12-09 19:00:00,5,12,9,19,0,310,555.0,"20, AV DE GRANDE BRETAGN",,,Nuit avec éclairage allumé,En agglomération,Hors intersection,Normale,Trois véhicules et plus - en chaîne,,,,,,,,,,,5,2,1,1,4
200500080772,0005-12-09 20:15:00,5,12,9,20,15,310,555.0,"10, ALL FORAIN FRANCOIS",,,Nuit avec éclairage allumé,En agglomération,Intersection en T,Normale,Deux véhicules - côté,,,,,,,,,,,5,2,3,1,3
200500080773,0005-12-10 20:30:00,5,12,10,20,30,310,555.0,"172, AV DE MURET",,,Nuit avec éclairage allumé,En agglomération,Hors intersection,Normale,Deux véhicules - arrière,,,,,,,,,,,5,2,1,1,2
200500080774,0005-12-09 07:55:00,5,12,9,7,55,310,555.0,"10, RTE DE SEYSSES",,,Crépuscule ou aube,En agglomération,Hors intersection,Pluie légère,Deux véhicules - côté,,,,,,,,,,,2,2,1,2,3
200500080775,0005-12-12 07:40:00,5,12,12,7,40,310,555.0,"10, PL EMILE MALE",,,Crépuscule ou aube,En agglomération,Hors intersection,Normale,Autre collision,,,,,,,,,,,2,2,1,1,6
200500080776,0005-12-12 08:10:00,5,12,12,8,10,310,555.0,"10, CHE DE BASSO CAMBO",,,Crépuscule ou aube,En agglomération,Hors intersection,Normale,Deux véhicules - arrière,,,,,,,,,,,2,2,1,1,2
200500080777,0005-12-04 20:15:00,5,12,4,20,15,310,555.0,"10, AV DE MURET",,,Nuit avec éclairage allumé,En agglomération,Hors intersection,Pluie forte,Autre collision,,,,,,,,,,,5,2,1,3,6
200500080778,0005-12-09 09:25:00,5,12,9,9,25,310,555.0,"10, AV DE REYNERIE",,,Plein jour,En agglomération,Hors intersection,Temps couvert,Deux véhicules - côté,,,,,,,,,,,1,2,1,8,3
200500080779,0005-12-13 08:55:00,5,12,13,8,55,310,555.0,"22, AV LARRIEU THIBAUD",,,Plein jour,En agglomération,Hors intersection,Normale,Deux véhicules - côté,,,,,,,,,,,1,2,1,1,3
200500080780,0005-12-13 15:43:00,5,12,13,15,43,310,555.0,"2, RUE DES PUITS CREUSES",,,Plein jour,En agglomération,Hors intersection,Normale,Autre collision,,,,,,,,,,,1,2,1,1,6
200500080781,0005-12-13 16:31:00,5,12,13,16,31,310,555.0,"14, RUE DE BAYARD",,,Plein jour,En agglomération,Hors intersection,Normale,Deux véhicules - côté,,,,,,,,,,,1,2,1,1,3
200500080782,0005-12-13 18:20:00,5,12,13,18,20,310,555.0,"372, AV DE FRONTON",,,Nuit avec éclairage allumé,En agglomération,Hors intersection,Normale,Deux véhicules - côté,,,,,,,,,,,5,2,1,1,3
200500080783,0005-12-14 11:35:00,5,12,14,11,35,310,555.0,"35, PORT SAINT SAUVEUR",,,Plein jour,En agglomération,Hors intersection,Normale,Autre collision,,,,,,,,,,,1,2,1,1,6
200500080784,0005-12-14 18:10:00,5,12,14,18,10,310,555.0,VA007333 LA FAOURETTE A6,,,Nuit avec éclairage allumé,Hors agglomération,Hors intersection,Normale,Deux véhicules - arrière,,,,,,,,,,,5,1,1,1,2
200500080785,0005-12-14 18:32:00,5,12,14,18,32,310,555.0,VA007379 BAYLAC  A624 So,,,Nuit avec éclairage allumé,Hors agglomération,Hors intersection,Normale,Trois véhicules et plus - en chaîne,,,,,,,,,,,5,1,1,1,4
200500080786,0005-12-14 19:00:00,5,12,14,19,0,310,555.0,"10, RUE CHRISTOPHE COLOM",,,Nuit avec éclairage allumé,En agglomération,Hors intersection,Normale,Autre collision,,,,,,,,,,,5,2,1,1,6
200500080787,0005-12-14 13:15:00,5,12,14,13,15,310,555.0,"10, R-PT DU GENERAL EISE",,,Plein jour,En agglomération,Hors intersection,Normale,Deux véhicules - arrière,,,,,,,,,,,1,2,1,1,2
200500080788,0005-12-15 06:25:00,5,12,15,6,25,310,555.0,"10, AV DE GRANDE BRETAGN",,,Nuit avec éclairage allumé,En agglomération,Hors intersection,Normale,Autre collision,,,,,,,,,,,5,2,1,1,6
200500080789,0005-12-15 14:55:00,5,12,15,14,55,310,555.0,"10, RTE DE BAYONNE",,,Plein jour,En agglomération,Hors intersection,Normale,Sans collision,,,,,,,,,,,1,2,1,1,7
200500080790,0005-12-15 15:54:00,5,12,15,15,54,310,555.0,"10, AV DES ETATS UNIS",,,Plein jour,En agglomération,Hors intersection,Normale,Deux véhicules - côté,,,,,,,,,,,1,2,1,1,3
200500080791,0005-12-15 17:00:00,5,12,15,17,0,310,555.0,"10, CHE DE LESTANG",,,Plein jour,En agglomération,Hors intersection,Normale,Autre collision,,,,,,,,,,,1,2,1,1,6
200500080792,0005-12-16 02:55:00,5,12,16,2,55,310,555.0,"15, PL DE LA ROSERAIE",,,Nuit avec éclairage allumé,En agglomération,Hors intersection,Normale,Autre collision,,,,,,,,,,,5,2,1,1,6
200500080793,0005-12-17 01:04:00,5,12,17,1,4,310,555.0,"44, BD LASCROSSES",,,Nuit avec éclairage allumé,En agglomération,Hors intersection,Temps couvert,Deux véhicules - arrière,,,,,,,,,,,5,2,1,8,2
200500080794,0005-12-18 00:40:00,5,12,18,0,40,310,555.0,"25, ALL CHARLES DE FITTE",,,Nuit avec éclairage allumé,En agglomération,Hors intersection,Normale,Deux véhicules - arrière,,,,,,,,,,,5,2,1,1,2
200500080795,0005-12-16 11:45:00,5,12,16,11,45,310,555.0,"162, AV DE MURET",,,Plein jour,En agglomération,Hors intersection,Normale,Autre collision,,,,,,,,,,,1,2,1,1,6
200500080796,0005-12-16 17:30:00,5,12,16,17,30,310,555.0,"10, PL ETIENNE ESQUIROL",,,Nuit avec éclairage allumé,En agglomération,Hors intersection,Normale,Autre collision,,,,,,,,,,,5,2,1,1,6
200500080797,0005-12-16 21:10:00,5,12,16,21,10,310,149.0,3 COLOMIERS EST (A624),,,Nuit avec éclairage allumé,Hors agglomération,Hors intersection,Pluie légère,Deux véhicules - arrière,,,,,,,,,,,5,1,1,2,2
200500080798,0005-12-17 07:15:00,5,12,17,7,15,310,555.0,"56, BD DE STRASBOURG",,,Nuit avec éclairage allumé,En agglomération,Hors intersection,Pluie légère,Autre collision,,,,,,,,,,,5,2,1,2,6
200500080799,0005-12-18 10:45:00,5,12,18,10,45,310,555.0,"21, CHE DE LA SAUDRUNE",,,Plein jour,En agglomération,Hors intersection,Normale,Deux véhicules - côté,,,,,,,,,,,1,2,1,1,3
200500080800,0005-12-19 14:30:00,5,12,19,14,30,310,555.0,"40, CHEMINEMENT LE TINTO",,,Plein jour,En agglomération,Hors intersection,Normale,Sans collision,,,,,,,,,,,1,2,1,1,7
200500080801,0005-12-19 09:50:00,5,12,19,9,50,310,555.0,VA007547 SOUPETARD A61 S,,,Plein jour,Hors agglomération,Hors intersection,Normale,Deux véhicules - côté,,,,,,,,,,,1,1,1,1,3
200500080802,0005-12-16 12:25:00,5,12,16,12,25,310,555.0,"57, RUE MILHES",,,Plein jour,En agglomération,Hors intersection,Normale,Autre collision,,,,,,,,,,,1,2,1,1,6
200500080803,0005-12-16 18:40:00,5,12,16,18,40,310,555.0,"10, RUE DE BAYARD",,,Nuit avec éclairage allumé,En agglomération,Hors intersection,Normale,Deux véhicules - côté,,,,,,,,,,,5,2,1,1,3
200500080804,0005-12-18 11:20:00,5,12,18,11,20,310,555.0,VA007342 LA CEPIERE  A62,,,Plein jour,Hors agglomération,Hors intersection,Normale,Sans collision,,,,,,,,,,,1,1,1,1,7
200500080805,0005-12-20 08:30:00,5,12,20,8,30,310,555.0,"17, BD DE LA GARE",,,Plein jour,En agglomération,Intersection en T,Normale,Autre collision,,,,,,,,,,,1,2,3,1,6
200500080806,0005-12-20 11:30:00,5,12,20,11,30,310,555.0,"52, CHE DES CAPELLES",,,Plein jour,En agglomération,Hors intersection,Normale,Deux véhicules - côté,,,,,,,,,,,1,2,1,1,3
200500080807,0005-12-20 13:50:00,5,12,20,13,50,310,555.0,"10, AV PIERRE G LATECOER",,,Plein jour,En agglomération,Hors intersection,Normale,Deux véhicules - côté,,,,,,,,,,,1,2,1,1,3
200500080808,0005-12-20 18:10:00,5,12,20,18,10,310,555.0,"12, RUE GABRIEL PERI",,,Nuit avec éclairage allumé,En agglomération,Hors intersection,Normale,Deux véhicules - côté,,,,,,,,,,,5,2,1,1,3
200500080809,0005-12-20 18:40:00,5,12,20,18,40,310,555.0,"3, BD DE THIBAUD",,,Crépuscule ou aube,En agglomération,Hors intersection,Normale,Sans collision,,,,,,,,,,,2,2,1,1,7
200500080810,0005-12-21 08:50:00,5,12,21,8,50,310,555.0,"29, AV DE GRANDE BRETAGN",,,Plein jour,En agglomération,Hors intersection,Normale,Deux véhicules - côté,,,,,,,,,,,1,2,1,1,3
200500080811,0005-12-21 17:40:00,5,12,21,17,40,310,555.0,"17, CHE MICHOUN",,,Nuit avec éclairage allumé,En agglomération,Hors intersection,Normale,Deux véhicules - côté,,,,,,,,,,,5,2,1,1,3
200500080812,0005-12-22 13:35:00,5,12,22,13,35,310,555.0,AV DU GRAND RAMIER,,,Plein jour,En agglomération,Hors intersection,Normale,Deux véhicules - arrière,,,,,,,,,,,1,2,1,1,2
200500080813,0005-12-22 17:05:00,5,12,22,17,5,310,555.0,"8, RUE MATABIAU",,,Nuit avec éclairage allumé,En agglomération,Hors intersection,Normale,Deux véhicules - côté,,,,,,,,,,,5,2,1,1,3
200500080814,0005-12-22 17:50:00,5,12,22,17,50,310,555.0,"14, CHE DE MOULIS",,,Nuit avec éclairage allumé,En agglomération,Intersection en T,Brouillard / fumée,Deux véhicules - côté,,,,,,,,,,,5,2,3,5,3
200500080815,0005-12-23 02:50:00,5,12,23,2,50,310,149.0,3 COLOMIERS EST (A624),,,Nuit avec éclairage allumé,Hors agglomération,Hors intersection,Neige / grêle,Autre collision,,,,,,,,,,,5,1,1,4,6
200500080816,0005-12-23 12:25:00,5,12,23,12,25,310,555.0,"10, RTE D ALBI",,,Plein jour,En agglomération,Hors intersection,Normale,Deux véhicules - côté,,,,,,,,,,,1,2,1,1,3
200500080817,0005-12-23 16:05:00,5,12,23,16,5,310,555.0,"22, RUE DES ARTS",,,Plein jour,En agglomération,Hors intersection,Normale,Autre collision,,,,,,,,,,,1,2,1,1,6
200500080818,0005-12-23 18:45:00,5,12,23,18,45,310,555.0,VA007456 SESQUIERES A620,,,Nuit avec éclairage allumé,Hors agglomération,Hors intersection,Brouillard / fumée,Deux véhicules - arrière,,,,,,,,,,,5,1,1,5,2
200500080819,0005-12-23 18:50:00,5,12,23,18,50,310,555.0,"10, CHE DE LA LOGE",,,Nuit avec éclairage allumé,En agglomération,Hors intersection,Brouillard / fumée,Deux véhicules - frontale,,,,,,,,,,,5,2,1,5,1
200500080820,0005-12-23 19:30:00,5,12,23,19,30,310,555.0,AV DU PR GUY ESPAGNO,,,Nuit avec éclairage allumé,En agglomération,Hors intersection,Brouillard / fumée,Deux véhicules - côté,,,,,,,,,,,5,2,1,5,3
200500080821,0005-12-24 17:35:00,5,12,24,17,35,310,555.0,"10, RTE DE LAUNAGUET",,,Nuit avec éclairage allumé,En agglomération,Hors intersection,Normale,Autre collision,,,,,,,,,,,5,2,1,1,6
200500080822,0005-12-25 19:25:00,5,12,25,19,25,310,555.0,RUE D ALSACE LORRAINE,,,Nuit avec éclairage allumé,En agglomération,Intersection en X,Normale,Deux véhicules - côté,,,,,,,,,,,5,2,2,1,3
200500080823,0005-12-26 20:05:00,5,12,26,20,5,310,555.0,"56, AV DE GRANDE BRETAGN",,,Nuit avec éclairage allumé,En agglomération,Hors intersection,Normale,Sans collision,,,,,,,,,,,5,2,1,1,7
200500080824,0005-12-22 17:45:00,5,12,22,17,45,310,555.0,"67, RUE DU FAUBOURG BONN",,,Nuit avec éclairage allumé,En agglomération,Intersection en T,Brouillard / fumée,Deux véhicules - côté,,,,,,,,,,,5,2,3,5,3
200500080825,0005-12-27 17:30:00,5,12,27,17,30,310,555.0,"26, PORT SAINT ETIENNE",,,Crépuscule ou aube,En agglomération,Hors intersection,Normale,Deux véhicules - côté,,,,,,,,,,,2,2,1,1,3
200500080826,0005-12-28 12:44:00,5,12,28,12,44,310,555.0,RTE DE BAYONNE,,,Plein jour,En agglomération,Hors intersection,Normale,Deux véhicules - côté,,,,,,,,,,,1,2,1,1,3
200500080827,0005-12-28 13:05:00,5,12,28,13,5,310,555.0,"15, AV CRAMPEL",,,Plein jour,En agglomération,Hors intersection,Normale,Autre collision,,,,,,,,,,,1,2,1,1,6
200500080828,0005-12-28 15:02:00,5,12,28,15,2,310,555.0,VA007500 CROIX DAURADE A,,,Plein jour,Hors agglomération,Hors intersection,Normale,Deux véhicules - arrière,,,,,,,,,,,1,1,1,1,2
200500080829,0005-12-28 15:03:00,5,12,28,15,3,310,555.0,"21, BD MATABIAU",,,Nuit avec éclairage allumé,En agglomération,Hors intersection,Normale,Autre collision,,,,,,,,,,,5,2,1,1,6
200500080830,0005-12-29 14:25:00,5,12,29,14,25,310,555.0,"3, RUE DU DOYEN LEFEBVRE",,,Plein jour,En agglomération,Hors intersection,Normale,Autre collision,,,,,,,,,,,1,2,1,1,6
200500080831,0005-12-30 10:25:00,5,12,30,10,25,310,555.0,"100, AV DE LA GLOIRE",,,Plein jour,En agglomération,Hors intersection,Normale,Autre collision,,,,,,,,,,,1,2,1,1,6
200500080832,0005-12-30 18:00:00,5,12,30,18,0,310,555.0,"12, CHE MAL CLABEL",,,Nuit avec éclairage allumé,En agglomération,Intersection en T,Pluie légère,Deux véhicules - côté,,,,,,,,,,,5,2,3,2,3
200500080833,0005-12-30 20:50:00,5,12,30,20,50,310,555.0,"101, ALL CHARLES DE FITT",,,Nuit avec éclairage allumé,En agglomération,Hors intersection,Pluie légère,Autre collision,,,,,,,,,,,5,2,1,2,6
200500080834,0005-12-31 06:20:00,5,12,31,6,20,310,555.0,"52, RTE DE LABEGE",,,Nuit avec éclairage non allumé,En agglomération,Hors intersection,Pluie légère,Autre collision,,,,,,,,,,,4,2,1,2,6