accident_id,datetime,annee,mois,jour,heure,minute,departement,commune_insee,adresse,latitude,longitude,luminosite,agglomeration,intersection,meteo,collision,nb_vehicules,nb_usagers,nb_indemnes,nb_tues,nb_blesses_hosp,nb_blesses_legers,age_cond_1,age_cond_2,veh_type_cond_1,veh_type_cond_2,lum_code,agg_code,int_code,atm_code,col_code
200500080835,0005-12-31 19:35:00,5,12,31,19,35,310,555.0,"13, RUE DE METZ",,,Nuit avec éclairage allumé,En agglomération,Intersection en X,Pluie légère,Deux véhicules - côté,,,,,,,,,,,5,2,2,2,3
200500080836,0005-12-25 17:45:00,5,12,25,17,45,310,557.0,"0, ROCADE ARC-EN-CIEL",,,Nuit avec éclairage allumé,Hors agglomération,Hors intersection,Normale,Autre collision,,,,,,,,,,,5,1,1,1,6
200500080837,0005-12-06 12:05:00,5,12,6,12,5,320,13.0,"9, DOCTEUR SAMALENS",,,Plein jour,En agglomération,Hors intersection,Pluie forte,Autre collision,,,,,,,,,,,1,2,1,3,6
200500080838,0005-12-06 12:30:00,5,12,6,12,30,320,13.0,VIC (ROUTE DE),,,Plein jour,Hors agglomération,Hors intersection,Pluie légère,Autre collision,,,,,,,,,,,1,1,1,2,6
200500080839,0005-12-13 11:05:00,5,12,13,11,5,320,13.0,CORPS FRANC POMMIES (AVE,,,Plein jour,En agglomération,Hors intersection,Normale,Deux véhicules - arrière,,,,,,,,,,,1,2,1,1,2
200500080840,0005-12-20 18:35:00,5,12,20,18,35,330,9.0,"6, COTE D'ARGENT (BD) DU",,,Crépuscule ou aube,En agglomération,Hors intersection,Normale,Deux véhicules - côté,,,,,,,,,,,2,2,1,1,3
200500080841,0005-12-04 23:35:00,5,12,4,23,35,330,529.0,RN 250 (OUSTALET - BONNE,,,Nuit sans éclairage public,Hors agglomération,Intersection en X,Normale,Deux véhicules - côté,,,,,,,,,,,3,1,2,1,3
200500080842,0005-12-11 17:50:00,5,12,11,17,50,330,529.0,CAZAUX (BD DE),,,Nuit sans éclairage public,Hors agglomération,Hors intersection,Normale,Trois véhicules et plus - collisions multiples,,,,,,,,,,,3,1,1,1,5
200500080843,0005-12-01 17:20:00,5,12,1,17,20,330,9.0,REPUBLIQUE (AVE DE LA),,,Plein jour,En agglomération,Hors intersection,Normale,Autre collision,,,,,,,,,,,1,2,1,1,6
200500080844,0005-12-01 10:07:00,5,12,1,10,7,330,63.0,RUE RODE,,,Plein jour,En agglomération,Intersection en T,Normale,Autre collision,,,,,,,,,,,1,2,3,1,6
200500080845,0005-12-01 11:45:00,5,12,1,11,45,330,63.0,"156, RUE DE L'ECOLE NORM",,,Plein jour,En agglomération,Intersection en T,Normale,Autre collision,,,,,,,,,,,1,2,3,1,6
200500080846,0005-12-03 15:12:00,5,12,3,15,12,330,281.0,"32, AVE DE LA LIBERATION",,,Plein jour,En agglomération,Hors intersection,Pluie légère,Sans collision,,,,,,,,,,,1,2,1,2,7
200500080847,0005-12-05 08:30:00,5,12,5,8,30,330,63.0,CRS VICTOR HUGO,,,Plein jour,En agglomération,Intersection en X,Pluie légère,Deux véhicules - frontale,,,,,,,,,,,1,2,2,2,1
200500080848,0005-12-01 17:50:00,5,12,1,17,50,330,550.0,"103, RTE DE LEOGNAN",,,Nuit avec éclairage allumé,En agglomération,Intersection en T,Normale,Deux véhicules - arrière,,,,,,,,,,,5,2,3,1,2
200500080849,0005-12-05 12:15:00,5,12,5,12,15,330,249.0,"10, AVE DU PRESIDENT J.F",,,Plein jour,En agglomération,Hors intersection,Pluie légère,Deux véhicules - arrière,,,,,,,,,,,1,2,1,2,2
200500080850,0005-12-06 07:25:00,5,12,6,7,25,330,63.0,ALL VIGNOLLES,,,Nuit avec éclairage allumé,En agglomération,Intersection en X,Pluie forte,Deux véhicules - côté,,,,,,,,,,,5,2,2,3,3
200500080851,0005-12-06 10:16:00,5,12,6,10,16,330,63.0,AVE DE LA REPUBLIQUE CAU,,,Plein jour,En agglomération,Intersection en T,Pluie légère,Deux véhicules - frontale,,,,,,,,,,,1,2,3,2,1
200500080852,0005-12-06 17:00:00,5,12,6,17,0,330,63.0,RUE DE LA PELOUSE DE DOU,,,Crépuscule ou aube,En agglomération,Intersection en T,Temps couvert,Deux véhicules - côté,,,,,,,,,,,2,2,3,8,3
200500080853,0005-12-06 20:40:00,5,12,6,20,40,330,63.0,"227, BD GODARD",,,Nuit avec éclairage allumé,En agglomération,Hors intersection,Normale,Autre collision,,,,,,,,,,,5,2,1,1,6
200500080854,0005-12-07 08:45:00,5,12,7,8,45,330,63.0,PONT SAINT- JEAN,,,Plein jour,En agglomération,Hors intersection,Pluie légère,Trois véhicules et plus - collisions multiples,,,,,,,,,,,1,2,1,2,5
200500080855,0005-12-07 10:35:00,5,12,7,10,35,330,63.0,RUE DE LYON,,,Plein jour,En agglomération,Intersection en X,Normale,Deux véhicules - côté,,,,,,,,,,,1,2,2,1,3
200500080856,0005-12-07 18:15:00,5,12,7,18,15,330,63.0,"113, BD ALFRED DANEY",,,Nuit avec éclairage allumé,En agglomération,Hors intersection,Normale,Deux véhicules - côté,,,,,,,,,,,5,2,1,1,3
200500080857,0005-12-02 11:35:00,5,12,2,11,35,330,550.0,"11, CHEM DE PAUGE",,,Plein jour,En agglomération,Hors intersection,Pluie légère,Deux véhicules - côté,,,,,,,,,,,1,2,1,2,3
200500080858,0005-12-08 07:30:00,5,12,8,7,30,330,63.0,"79, AVE THIERS",,,Crépuscule ou aube,En agglomération,Hors intersection,Pluie légère,Deux véhicules - côté,,,,,,,,,,,2,2,1,2,3
200500080859,0005-12-08 10:50:00,5,12,8,10,50,330,63.0,"52, CRS DU MEDOC",,,Plein jour,En agglomération,Hors intersection,Temps couvert,Autre collision,,,,,,,,,,,1,2,1,8,6
200500080860,0005-12-08 13:45:00,5,12,8,13,45,330,63.0,"62, BD GEORGE V",,,Plein jour,En agglomération,Hors intersection,Normale,Autre collision,,,,,,,,,,,1,2,1,1,6
200500080861,0005-12-08 17:00:00,5,12,8,17,0,330,63.0,"68, RUE DAVID JOHNSTON",,,Crépuscule ou aube,En agglomération,Intersection en T,Normale,Autre collision,,,,,,,,,,,2,2,3,1,6
200500080862,0005-12-08 17:50:00,5,12,8,17,50,330,63.0,ALL DE BOUTAUT,,,Nuit avec éclairage allumé,En agglomération,Intersection en X,Normale,Deux véhicules - côté,,,,,,,,,,,5,2,2,1,3
200500080863,0005-12-08 18:50:00,5,12,8,18,50,330,63.0,AVE ABADIE,,,Nuit avec éclairage allumé,En agglomération,Intersection en T,Normale,Autre collision,,,,,,,,,,,5,2,3,1,6
200500080864,0005-12-03 11:45:00,5,12,3,11,45,330,63.0,BD GODARD,,,Plein jour,En agglomération,Hors intersection,Pluie légère,Deux véhicules - arrière,,,,,,,,,,,1,2,1,2,2
200500080865,0005-12-05 12:14:00,5,12,5,12,14,330,39.0,CHEM DE MUSSONVILLE,,,Plein jour,En agglomération,Intersection en X,Normale,Deux véhicules - côté,,,,,,,,,,,1,2,2,1,3
200500080866,0005-12-08 13:05:00,5,12,8,13,5,330,39.0,AVE ALEXIS CAPELLE,,,Plein jour,En agglomération,Intersection en X,Normale,Deux véhicules - côté,,,,,,,,,,,1,2,2,1,3
200500080867,0005-12-06 13:50:00,5,12,6,13,50,330,281.0,RUE RICHARD WAGNER,,,Plein jour,En agglomération,Intersection en T,Pluie légère,Deux véhicules - côté,,,,,,,,,,,1,2,3,2,3
200500080868,0005-12-07 08:45:00,5,12,7,8,45,330,281.0,RUE DE BRANTOME,,,Crépuscule ou aube,En agglomération,Intersection en T,Temps couvert,Deux véhicules - côté,,,,,,,,,,,2,2,3,8,3
200500080869,0005-12-09 09:00:00,5,12,9,9,0,330,63.0,RUE FRANTZ MALVEZIN CAUD,,,Plein jour,En agglomération,Intersection en X,Normale,Deux véhicules - côté,,,,,,,,,,,1,2,2,1,3
200500080870,0005-12-09 18:00:00,5,12,9,18,0,330,63.0,RUE CHARLES MARIONNEAU,,,Nuit avec éclairage allumé,En agglomération,Intersection en X,Normale,Autre collision,,,,,,,,,,,5,2,2,1,6
200500080871,0005-12-10 11:50:00,5,12,10,11,50,330,63.0,AVE DE LABARDE,,,Plein jour,En agglomération,Intersection en T,Normale,Deux véhicules - côté,,,,,,,,,,,1,2,3,1,3
200500080872,0005-12-10 17:50:00,5,12,10,17,50,330,63.0,BD JULES SIMON,,,Nuit avec éclairage allumé,En agglomération,Intersection en X,Normale,Deux véhicules - côté,,,,,,,,,,,5,2,2,1,3
200500080873,0005-12-12 09:50:00,5,12,12,9,50,330,63.0,BD MARECHAL LECLERC,,,Plein jour,En agglomération,Intersection en T,Normale,Deux véhicules - côté,,,,,,,,,,,1,2,3,1,3
200500080874,0005-12-12 17:25:00,5,12,12,17,25,330,63.0,"349, BD DU PRESIDENT WIL",,,Plein jour,En agglomération,Hors intersection,Normale,Deux véhicules - côté,,,,,,,,,,,1,2,1,1,3
200500080875,0005-12-12 20:55:00,5,12,12,20,55,330,63.0,RUE CARLE VERNET,,,Nuit avec éclairage allumé,En agglomération,Intersection en X,Normale,Deux véhicules - côté,,,,,,,,,,,5,2,2,1,3
200500080876,0005-12-08 13:40:00,5,12,8,13,40,330,75.0,AVE CONRAD GAUSSENS,,,Plein jour,En agglomération,Hors intersection,Pluie légère,Deux véhicules - côté,,,,,,,,,,,1,2,1,2,3
200500080877,0005-12-12 17:10:00,5,12,12,17,10,330,63.0,CRS GEORGES CLEMENCEAU,,,Nuit avec éclairage allumé,En agglomération,Intersection en T,Normale,Autre collision,,,,,,,,,,,5,2,3,1,6
200500080878,0005-12-07 11:20:00,5,12,7,11,20,330,318.0,AVE JEAN BART,,,Plein jour,En agglomération,Giratoire,Pluie légère,Deux véhicules - côté,,,,,,,,,,,1,2,6,2,3
200500080879,0005-12-08 22:50:00,5,12,8,22,50,330,119.0,AVE JEAN ZAY,,,Nuit avec éclairage allumé,En agglomération,Hors intersection,Normale,Deux véhicules - arrière,,,,,,,,,,,5,2,1,1,2
200500080880,0005-12-09 18:40:00,5,12,9,18,40,330,318.0,AVE LOUIS DE BROGLIE,,,Nuit avec éclairage allumé,En agglomération,Intersection en T,Normale,Deux véhicules - côté,,,,,,,,,,,5,2,3,1,3
200500080881,0005-12-14 18:50:00,5,12,14,18,50,330,63.0,AVE DE LAROQUE,,,Nuit avec éclairage allumé,En agglomération,Hors intersection,Normale,Autre collision,,,,,,,,,,,5,2,1,1,6
200500080882,0005-12-13 17:45:00,5,12,13,17,45,330,63.0,RUE DES FRANCAIS LIBRES,,,Nuit avec éclairage allumé,En agglomération,Hors intersection,Normale,Deux véhicules - côté,,,,,,,,,,,5,2,1,1,3
200500080883,0005-12-14 08:15:00,5,12,14,8,15,330,63.0,ALL DE BOUTAUT,,,Plein jour,En agglomération,Intersection en T,Normale,Deux véhicules - côté,,,,,,,,,,,1,2,3,1,3
200500080884,0005-12-16 00:01:00,5,12,16,0,1,330,63.0,"249, CRS DE LA SOMME",,,Nuit avec éclairage allumé,En agglomération,Hors intersection,Normale,Deux véhicules - frontale,,,,,,,,,,,5,2,1,1,1
200500080885,0005-12-15 08:20:00,5,12,15,8,20,330,63.0,RUE LAJARTE,,,Plein jour,En agglomération,Intersection en X,Normale,Deux véhicules - frontale,,,,,,,,,,,1,2,2,1,1
200500080886,0005-12-15 15:50:00,5,12,15,15,50,330,63.0,"30, PCE DE STALINGRAD",,,Plein jour,En agglomération,Hors intersection,Normale,Deux véhicules - arrière,,,,,,,,,,,1,2,1,1,2
200500080887,0005-12-15 16:45:00,5,12,15,16,45,330,63.0,RUE PERE DIEUZAIDE,,,Plein jour,En agglomération,Intersection en T,Normale,Deux véhicules - côté,,,,,,,,,,,1,2,3,1,3
200500080888,0005-12-19 00:20:00,5,12,19,0,20,330,63.0,BD ALFRED DANEY,,,Nuit avec éclairage allumé,En agglomération,Hors intersection,Normale,Deux véhicules - arrière,,,,,,,,,,,5,2,1,1,2
200500080889,0005-12-16 07:55:00,5,12,16,7,55,330,63.0,CRS LOUIS FARGUE,,,Crépuscule ou aube,En agglomération,Intersection en X,Normale,Autre collision,,,,,,,,,,,2,2,2,1,6
200500080890,0005-12-16 19:25:00,5,12,16,19,25,330,63.0,CRS DE VERDUN,,,Nuit avec éclairage allumé,En agglomération,Intersection en T,Pluie légère,Deux véhicules - côté,,,,,,,,,,,5,2,3,2,3
200500080891,0005-12-18 11:10:00,5,12,18,11,10,330,63.0,PRK AUCHAN,,,Plein jour,En agglomération,Hors intersection,Normale,Deux véhicules - arrière,,,,,,,,,,,1,2,1,1,2
200500080892,0005-12-09 13:45:00,5,12,9,13,45,330,75.0,"106, AVE CONRAD GAUSSENS",,,Plein jour,En agglomération,Hors intersection,Normale,Deux véhicules - arrière,,,,,,,,,,,1,2,1,1,2
200500080893,0005-12-10 16:15:00,5,12,10,16,15,330,550.0,AVE DES PYRENEES,,,Nuit avec éclairage allumé,En agglomération,Hors intersection,Normale,Deux véhicules - côté,,,,,,,,,,,5,2,1,1,3
200500080894,0005-12-13 18:30:00,5,12,13,18,30,330,318.0,RUE DU COMMANDANT L'HERM,,,Nuit avec éclairage allumé,En agglomération,Intersection en X,Normale,Deux véhicules - côté,,,,,,,,,,,5,2,2,1,3
200500080895,0005-12-14 21:15:00,5,12,14,21,15,330,318.0,AVE MAL DE LATTRE DE TAS,,,Nuit avec éclairage allumé,En agglomération,Intersection en T,Normale,Deux véhicules - côté,,,,,,,,,,,5,2,3,1,3
200500080896,0005-12-09 17:50:00,5,12,9,17,50,330,192.0,RUE DE CHARTREZE,,,Nuit avec éclairage allumé,En agglomération,Intersection en T,Normale,Deux véhicules - côté,,,,,,,,,,,5,2,3,1,3
200500080897,0005-12-18 18:45:00,5,12,18,18,45,330,63.0,CITE DE NANTES,,,Plein jour,En agglomération,Intersection en T,Normale,Deux véhicules - côté,,,,,,,,,,,1,2,3,1,3
200500080898,0005-12-18 19:20:00,5,12,18,19,20,330,63.0,RUE DAUZATS,,,Nuit avec éclairage allumé,En agglomération,Intersection en T,Normale,Deux véhicules - côté,,,,,,,,,,,5,2,3,1,3
200500080899,0005-12-19 16:35:00,5,12,19,16,35,330,63.0,RUE PIERRE BAOUR,,,Plein jour,En agglomération,Intersection en X,Normale,Deux véhicules - côté,,,,,,,,,,,1,2,2,1,3
200500080900,0005-12-20 21:15:00,5,12,20,21,15,330,63.0,"18, QUAI DES CHARTRONS",,,Nuit avec éclairage allumé,En agglomération,Hors intersection,Normale,Autre collision,,,,,,,,,,,5,2,1,1,6
200500080901,0005-12-20 06:35:00,5,12,20,6,35,330,63.0,"185, RUE MOUNEYRA",,,Nuit avec éclairage allumé,En agglomération,Hors intersection,Normale,Deux véhicules - arrière,,,,,,,,,,,5,2,1,1,2
200500080902,0005-12-14 20:35:00,5,12,14,20,35,330,318.0,RUE GUITTARD,,,Nuit avec éclairage allumé,En agglomération,Intersection en X,Normale,Deux véhicules - côté,,,,,,,,,,,5,2,2,1,3
200500080903,0005-12-15 08:15:00,5,12,15,8,15,330,318.0,"177 B, AVE DU GENERAL LE",,,Plein jour,En agglomération,Hors intersection,Normale,Trois véhicules et plus - en chaîne,,,,,,,,,,,1,2,1,1,4
200500080904,0005-12-13 16:40:00,5,12,13,16,40,330,192.0,"145, RUE SAINT-FRANCOIS",,,Plein jour,En agglomération,Hors intersection,Normale,Deux véhicules - côté,,,,,,,,,,,1,2,1,1,3
200500080905,0005-12-15 09:40:00,5,12,15,9,40,330,522.0,"134, CRS GAMBETTA",,,Plein jour,En agglomération,Hors intersection,Normale,Autre collision,,,,,,,,,,,1,2,1,1,6
200500080906,0005-12-15 20:05:00,5,12,15,20,5,330,39.0,AVE DU MARECHAL LECLERC,,,Nuit avec éclairage allumé,En agglomération,Intersection en X,Normale,Deux véhicules - côté,,,,,,,,,,,5,2,2,1,3
200500080907,0005-12-16 11:25:00,5,12,16,11,25,330,318.0,PSUP HAUT LEVEQUE,,,Plein jour,En agglomération,Hors intersection,Normale,Deux véhicules - frontale,,,,,,,,,,,1,2,1,1,1
200500080908,0005-12-17 11:10:00,5,12,17,11,10,330,318.0,"156, AVE DU GENERAL LECL",,,Plein jour,En agglomération,Hors intersection,Normale,Deux véhicules - côté,,,,,,,,,,,1,2,1,1,3
200500080909,0005-12-21 12:50:00,5,12,21,12,50,330,63.0,"124, CRS VICTOR HUGO",,,Plein jour,En agglomération,Hors intersection,Normale,Autre collision,,,,,,,,,,,1,2,1,1,6
200500080910,0005-12-24 00:30:00,5,12,24,0,30,330,63.0,QUAI DE BRIENNE,,,Nuit avec éclairage allumé,En agglomération,Giratoire,Brouillard / fumée,Deux véhicules - frontale,,,,,,,,,,,5,2,6,5,1
200500080911,0005-12-25 00:01:00,5,12,25,0,1,330,63.0,"0000, RUE JUDAIQUE",,,Nuit avec éclairage allumé,En agglomération,Hors intersection,Normale,Deux véhicules - frontale,,,,,,,,,,,5,2,1,1,1
200500080912,0005-12-25 01:15:00,5,12,25,1,15,330,281.0,AVE MARCEL DASSAULT,,,Nuit avec éclairage allumé,En agglomération,Hors intersection,Normale,Autre collision,,,,,,,,,,,5,2,1,1,6
200500080913,0005-12-19 12:20:00,5,12,19,12,20,330,119.0,BD ENTRE DEUX MERS,,,Plein jour,En agglomération,Hors intersection,Normale,Deux véhicules - arrière,,,,,,,,,,,1,2,1,1,2
200500080914,0005-12-19 12:39:00,5,12,19,12,39,330,281.0,"3, RUE DE LA PAIX",,,Plein jour,En agglomération,Hors intersection,Normale,Deux véhicules - côté,,,,,,,,,,,1,2,1,1,3
200500080915,0005-12-19 15:15:00,5,12,19,15,15,330,550.0,RTE DE TOULOUSE,,,Plein jour,En agglomération,Hors intersection,Normale,Deux véhicules - côté,,,,,,,,,,,1,2,1,1,3
200500080916,0005-12-20 06:20:00,5,12,20,6,20,330,249.0,ROC ROCADE RIVE DROITE,,,Nuit avec éclairage allumé,En agglomération,Intersection en X,Normale,Deux véhicules - côté,,,,,,,,,,,5,2,2,1,3
200500080917,0005-12-20 09:55:00,5,12,20,9,55,330,32.0,RUE LAFAYETTE,,,Plein jour,En agglomération,Hors intersection,Normale,Autre collision,,,,,,,,,,,1,2,1,1,6
200500080918,0005-12-20 14:30:00,5,12,20,14,30,330,119.0,BD ANDRE RICARD,,,Plein jour,En agglomération,Intersection en X,Normale,Deux véhicules - côté,,,,,,,,,,,1,2,2,1,3
200500080919,0005-12-22 19:50:00,5,12,22,19,50,330,63.0,PCE MARTYRS DE LA RESIST,,,Nuit avec éclairage allumé,En agglomération,Hors intersection,Normale,Deux véhicules - côté,,,,,,,,,,,5,2,1,1,3
200500080920,0005-12-23 15:40:00,5,12,23,15,40,330,63.0,PONT SAINT- JEAN,,,Plein jour,En agglomération,Hors intersection,Normale,Trois véhicules et plus - en chaîne,,,,,,,,,,,1,2,1,1,4
200500080921,0005-12-23 17:25:00,5,12,23,17,25,330,63.0,RUE DE LA LIBERTE CAUD,,,Plein jour,En agglomération,Intersection en X,Normale,Deux véhicules - côté,,,,,,,,,,,1,2,2,1,3
200500080922,0005-12-20 16:50:00,5,12,20,16,50,330,318.0,"20, RUE DU SERPENT",,,Plein jour,En agglomération,Hors intersection,Normale,Autre collision,,,,,,,,,,,1,2,1,1,6
200500080923,0005-12-21 17:20:00,5,12,21,17,20,330,32.0,RUE JULES VERNE,,,Nuit avec éclairage allumé,En agglomération,Intersection en X,Brouillard / fumée,Deux véhicules - côté,,,,,,,,,,,5,2,2,5,3
200500080924,0005-12-22 19:35:00,5,12,22,19,35,330,522.0,"209, CRS GAMBETTA",,,Nuit avec éclairage allumé,Hors agglomération,Hors intersection,Normale,Deux véhicules - côté,,,,,,,,,,,5,1,1,1,3
200500080925,0005-12-24 01:03:00,5,12,24,1,3,330,39.0,RTE DE TOULOUSE,,,Nuit avec éclairage allumé,En agglomération,Intersection en T,Brouillard / fumée,Deux véhicules - frontale,,,,,,,,,,,5,2,3,5,1
200500080926,0005-12-27 12:20:00,5,12,27,12,20,330,318.0,AVE DU BOURGAILH,,,Plein jour,En agglomération,Intersection en T,Normale,Trois véhicules et plus - collisions multiples,,,,,,,,,,,1,2,3,1,5
200500080927,0005-12-28 15:45:00,5,12,28,15,45,330,63.0,"174, RUE STEHELIN CAUD",,,Plein jour,En agglomération,Hors intersection,Normale,Deux véhicules - frontale,,,,,,,,,,,1,2,1,1,1
200500080928,0005-12-18 10:05:00,5,12,18,10,5,330,318.0,ROC ROCADE SUD-OUEST,,,Plein jour,En agglomération,Intersection en T,Normale,Deux véhicules - côté,,,,,,,,,,,1,2,3,1,3
200500080929,0005-12-20 12:05:00,5,12,20,12,5,330,192.0,RUE DE LAHOUNEAU,,,Plein jour,En agglomération,Hors intersection,Normale,Autre collision,,,,,,,,,,,1,2,1,1,6
200500080930,0005-12-28 15:20:00,5,12,28,15,20,330,63.0,AVE THIERS,,,Plein jour,En agglomération,Intersection en T,Normale,Deux véhicules - côté,,,,,,,,,,,1,2,3,1,3
200500080931,0005-12-28 20:10:00,5,12,28,20,10,330,63.0,BD DU PRESIDENT WILSON,,,Nuit avec éclairage allumé,En agglomération,Intersection en X,Normale,Deux véhicules - côté,,,,,,,,,,,5,2,2,1,3
200500080932,0005-12-29 19:00:00,5,12,29,19,0,330,63.0,RUE SAINTE COLOMBE,,,Crépuscule ou aube,En agglomération,Intersection en X,Normale,Deux véhicules - côté,,,,,,,,,,,2,2,2,1,3
200500080933,0005-12-28 21:30:00,5,12,28,21,30,330,192.0,BD DE MALARTIC,,,Nuit avec éclairage allumé,En agglomération,Hors intersection,Normale,Autre collision,,,,,,,,,,,5,2,1,1,6
200500080934,0005-12-29 21:15:00,5,12,29,21,15,330,63.0,"130, RUE MAZARIN",,,Nuit avec éclairage allumé,En agglomération,Hors intersection,Normale,Deux véhicules - côté,,,,,,,,,,,5,2,1,1,3
200500080935,0005-12-31 17:20:00,5,12,31,17,20,330,63.0,BD PIERRE 1ER,,,Crépuscule ou aube,En agglomération,Intersection en T,Pluie forte,Deux véhicules - frontale,,,,,,,,,,,2,2,3,3,1
200500080936,0005-12-27 19:00:00,5,12,27,19,0,330,32.0,COTE DE LA GARONNE,,,Nuit avec éclairage allumé,En agglomération,Hors intersection,Temps couvert,Deux véhicules - côté,,,,,,,,,,,5,2,1,8,3
200500080937,0005-12-28 15:30:00,5,12,28,15,30,330,281.0,AVE LEON BLUM,,,Plein jour,En agglomération,Intersection en T,Normale,Trois véhicules et plus - collisions multiples,,,,,,,,,,,1,2,3,1,5
200500080938,0005-12-28 13:30:00,5,12,28,13,30,330,192.0,"9, RUE DES FONTAINES DE",,,Plein jour,En agglomération,Hors intersection,Normale,Deux véhicules - arrière,,,,,,,,,,,1,2,1,1,2
200500080939,0005-12-30 23:00:00,5,12,30,23,0,330,281.0,AVE DE LA LIBERATION,,,Nuit avec éclairage allumé,En agglomération,Giratoire,Pluie légère,Autre collision,,,,,,,,,,,5,2,6,2,6
200500080940,0005-12-31 18:20:00,5,12,31,18,20,330,550.0,AVE DE LA 4EME REPUBLIQU,,,Nuit avec éclairage allumé,En agglomération,Intersection en T,Pluie légère,Autre collision,,,,,,,,,,,5,2,3,2,6
200500080941,0005-12-31 18:00:00,5,12,31,18,0,330,167.0,VOIE PENETRANTE EST,,,Nuit avec éclairage allumé,En agglomération,Intersection en X,Pluie forte,Autre collision,,,,,,,,,,,5,2,2,3,6
200500080942,0005-12-23 13:10:00,5,12,23,13,10,330,281.0,AVE FRANOIS MITTERRAND,,,Plein jour,En agglomération,Giratoire,Normale,Trois véhicules et plus - en chaîne,,,,,,,,,,,1,2,6,1,4
200500080943,0005-12-01 14:05:00,5,12,1,14,5,330,243.0,"52, FONNEUVE(RUE)",,,Plein jour,En agglomération,Intersection en T,Normale,Autre collision,,,,,,,,,,,1,2,3,1,6
200500080944,0005-12-05 21:15:00,5,12,5,21,15,330,243.0,SABATIE(RUE ETIENNE),,,Nuit avec éclairage allumé,En agglomération,Intersection en X,Pluie légère,Autre collision,,,,,,,,,,,5,2,2,2,6
200500080945,0005-12-19 16:30:00,5,12,19,16,30,330,243.0,"06, SOUFFRAIN(RUE)",,,Plein jour,En agglomération,Intersection en T,Normale,Deux véhicules - arrière,,,,,,,,,,,1,2,3,1,2
200500080946,0005-12-27 17:50:00,5,12,27,17,50,330,243.0,"19, GAULLE(AVENUE DU GEN",,,Nuit avec éclairage allumé,En agglomération,Hors intersection,Temps couvert,Autre collision,,,,,,,,,,,5,2,1,8,6
200500080947,0005-12-01 17:10:00,5,12,1,17,10,340,3.0,"0, MONACO (F16 A G15",,,Nuit avec éclairage allumé,En agglomération,Giratoire,Normale,Autre collision,,,,,,,,,,,5,2,6,1,6
200500080948,0005-12-26 02:00:00,5,12,26,2,0,340,3.0,SETE (F16 A I25,,,Nuit sans éclairage public,Hors agglomération,Hors intersection,Normale,Autre collision,,,,,,,,,,,3,1,1,1,6
200500080949,0005-12-01 14:00:00,5,12,1,14,0,340,32.0,"33, ANGLETERRE (BD D')",,,Plein jour,En agglomération,Hors intersection,Normale,Deux véhicules - côté,,,,,,,,,,,1,2,1,1,3
200500080950,0005-12-01 14:50:00,5,12,1,14,50,340,32.0,"61, MISTRAL FREDERIC (BD",,,Plein jour,En agglomération,Hors intersection,Normale,Deux véhicules - côté,,,,,,,,,,,1,2,1,1,3
200500080951,0005-12-02 19:54:00,5,12,2,19,54,340,32.0,ROUTE NATIONALE 1112,,,Nuit sans éclairage public,Hors agglomération,Hors intersection,Normale,Deux véhicules - côté,,,,,,,,,,,3,1,1,1,3
200500080952,0005-12-02 18:50:00,5,12,2,18,50,340,32.0,STOCKPORT (BD DE),,,Nuit avec éclairage allumé,En agglomération,Hors intersection,Normale,Deux véhicules - frontale,,,,,,,,,,,5,2,1,1,1
200500080953,0005-12-04 04:35:00,5,12,4,4,35,340,32.0,MOULIN JEAN (AV),,,Nuit avec éclairage allumé,En agglomération,Intersection en X,Normale,Deux véhicules - frontale,,,,,,,,,,,5,2,2,1,1
200500080954,0005-12-05 18:10:00,5,12,5,18,10,340,32.0,"NR, PECH DE VALRAS (AV D",,,Nuit avec éclairage allumé,En agglomération,Hors intersection,Normale,Sans collision,,,,,,,,,,,5,2,1,1,7
200500080955,0005-12-06 03:45:00,5,12,6,3,45,340,336.0,ROUTE DEPARTEMENTALE NR.,,,Nuit sans éclairage public,Hors agglomération,Hors intersection,Normale,Sans collision,,,,,,,,,,,3,1,1,1,7
200500080956,0005-12-06 14:30:00,5,12,6,14,30,340,32.0,DEVEZE (AV DE LA),,,Plein jour,En agglomération,Intersection en X,Normale,Deux véhicules - arrière,,,,,,,,,,,1,2,2,1,2
200500080957,0005-12-07 08:55:00,5,12,7,8,55,340,32.0,VERDIER PIERRE (AV),,,Plein jour,En agglomération,Intersection en X,Normale,Sans collision,,,,,,,,,,,1,2,2,1,7
200500080958,0005-12-08 23:05:00,5,12,8,23,5,340,336.0,"NR, ROUTE NATIONALE 112",,,Nuit avec éclairage allumé,Hors agglomération,Intersection en T,Normale,Deux véhicules - côté,,,,,,,,,,,5,1,3,1,3
200500080959,0005-12-07 16:35:00,5,12,7,16,35,340,32.0,"NR, CR.61",,,Plein jour,Hors agglomération,Hors intersection,Normale,Deux véhicules - frontale,,,,,,,,,,,1,1,1,1,1
200500080960,0005-12-09 13:52:00,5,12,9,13,52,340,32.0,"NR, RHIN ET DANUBE (AV.)",,,Plein jour,En agglomération,Hors intersection,Normale,Deux véhicules - arrière,,,,,,,,,,,1,2,1,1,2
200500080961,0005-12-10 16:00:00,5,12,10,16,0,340,32.0,"NR, CORNEILHAN (ROUTE DE",,,Plein jour,Hors agglomération,Giratoire,Normale,Deux véhicules - côté,,,,,,,,,,,1,1,6,1,3
200500080962,0005-12-10 18:20:00,5,12,10,18,20,340,32.0,"NR, VILLON PIERRE (RUE)",,,Nuit avec éclairage allumé,En agglomération,Hors intersection,Normale,Deux véhicules - côté,,,,,,,,,,,5,2,1,1,3