accident_id,datetime,annee,mois,jour,heure,minute,departement,commune_insee,adresse,latitude,longitude,luminosite,agglomeration,intersection,meteo,collision,nb_vehicules,nb_usagers,nb_indemnes,nb_tues,nb_blesses_hosp,nb_blesses_legers,age_cond_1,age_cond_2,veh_type_cond_1,veh_type_cond_2,lum_code,agg_code,int_code,atm_code,col_code
200500081087,0005-12-02 07:40:00,5,12,2,7,40,360,63.0,"0, RN20 ROND POINT MARTI",,,Nuit avec éclairage non allumé,Hors agglomération,Hors intersection,Pluie légère,Autre collision,,,,,,,,,,,4,1,1,2,6
200500081088,0005-12-03 17:00:00,5,12,3,17,0,360,44.0,"0, CHAMPS (ALL DES GRAND",,,Plein jour,En agglomération,Intersection en T,Normale,Deux véhicules - côté,,,,,,,,,,,1,2,3,1,3
200500081089,0005-12-07 12:20:00,5,12,7,12,20,360,63.0,"0, HENNEQUIN (AV GEORGES",,,Plein jour,Hors agglomération,Intersection en X,Normale,Deux véhicules - côté,,,,,,,,,,,1,1,2,1,3
200500081090,0005-12-08 12:15:00,5,12,8,12,15,360,44.0,"102, CHATRE (AV DE LA) D",,,Plein jour,En agglomération,Hors intersection,Normale,Trois véhicules et plus - en chaîne,,,,,,,,,,,1,2,1,1,4
200500081091,0005-12-10 15:21:00,5,12,10,15,21,360,202.0,OCCITANIE (AVENUE DE ),,,Plein jour,En agglomération,Hors intersection,Normale,Deux véhicules - arrière,,,,,,,,,,,1,2,1,1,2
200500081092,0005-12-12 12:09:00,5,12,12,12,9,360,44.0,"141, VERDUN (AV DE)",,,Plein jour,En agglomération,Hors intersection,Normale,Deux véhicules - côté,,,,,,,,,,,1,2,1,1,3
200500081093,0005-12-13 10:50:00,5,12,13,10,50,360,44.0,"3, MITTERAND (AV FRANCOI",,,Plein jour,En agglomération,Hors intersection,Normale,Deux véhicules - arrière,,,,,,,,,,,1,2,1,1,2
200500081094,0005-12-14 13:30:00,5,12,14,13,30,360,159.0,"0, BRAUDERIE (ROUTE)",,,Plein jour,Hors agglomération,Hors intersection,Temps couvert,Sans collision,,,,,,,,,,,1,1,1,8,7
200500081095,0005-12-17 11:50:00,5,12,17,11,50,360,44.0,"40, MARINS (AV DES)",,,Plein jour,En agglomération,Hors intersection,Normale,Autre collision,,,,,,,,,,,1,2,1,1,6
200500081096,0005-12-22 09:45:00,5,12,22,9,45,360,44.0,"0, RN 20 AV DE VERDUN -",,,Plein jour,Hors agglomération,Hors intersection,Temps éblouissant,Deux véhicules - arrière,,,,,,,,,,,1,1,1,7,2
200500081097,0005-12-21 12:15:00,5,12,21,12,15,360,63.0,"RD 943, RN20 ROND POINT",,,Plein jour,Hors agglomération,Hors intersection,Normale,Deux véhicules - arrière,,,,,,,,,,,1,1,1,1,2
200500081098,0005-12-24 13:55:00,5,12,24,13,55,360,44.0,"0, DELACROIX (EUGENE)",,,Plein jour,En agglomération,Intersection en T,Normale,Deux véhicules - côté,,,,,,,,,,,1,2,3,1,3
200500081099,0005-12-25 15:20:00,5,12,25,15,20,360,44.0,"17, CAZALA (ROGER)",,,Plein jour,En agglomération,Hors intersection,Normale,Autre collision,,,,,,,,,,,1,2,1,1,6
200500081100,0005-12-26 21:20:00,5,12,26,21,20,360,202.0,"0, FORET (AVENUE DE LA)",,,Nuit sans éclairage public,Hors agglomération,Hors intersection,Temps couvert,Sans collision,,,,,,,,,,,3,1,1,8,7
200500081101,0005-12-29 05:51:00,5,12,29,5,51,360,44.0,COUBERTIN (AV PIERRE DE),,,Nuit avec éclairage allumé,En agglomération,Hors intersection,Autre,Sans collision,,,,,,,,,,,5,2,1,9,7
200500081102,0005-12-23 18:35:00,5,12,23,18,35,370,122.0,CHINON (BOULEVARD DE),,,Nuit avec éclairage allumé,En agglomération,Hors intersection,Autre,Autre collision,,,,,,,,,,,5,2,1,9,6
200500081103,0005-12-06 15:10:00,5,12,6,15,10,370,122.0,"10, GAMARD (RUE)",,,Plein jour,En agglomération,Hors intersection,Normale,Autre collision,,,,,,,,,,,1,2,1,1,6
200500081104,0005-12-23 08:25:00,5,12,23,8,25,370,261.0,LOIRE (ALLEE DE LA),,,Crépuscule ou aube,En agglomération,Intersection en X,Autre,Autre collision,,,,,,,,,,,2,2,2,9,6
200500081105,0005-12-31 18:30:00,5,12,31,18,30,370,261.0,GRAMMONT (AVENUE DE),,,Nuit avec éclairage allumé,En agglomération,Hors intersection,Pluie légère,Deux véhicules - arrière,,,,,,,,,,,5,2,1,2,2
200500081106,0005-12-25 17:00:00,5,12,25,17,0,370,195.0,PERIPHERIQUE OUEST,,,Crépuscule ou aube,En agglomération,Hors intersection,Temps couvert,Sans collision,,,,,,,,,,,2,2,1,8,7
200500081107,0005-12-19 11:35:00,5,12,19,11,35,370,261.0,"36 Bis, GRAMMONT (AVENUE",,,Plein jour,En agglomération,Hors intersection,Normale,Autre collision,,,,,,,,,,,1,2,1,1,6
200500081108,0005-12-01 21:50:00,5,12,1,21,50,370,261.0,COMTE (RUE AUGUSTE),,,Nuit avec éclairage allumé,En agglomération,Intersection en X,Normale,Deux véhicules - côté,,,,,,,,,,,5,2,2,1,3
200500081109,0005-12-05 20:30:00,5,12,5,20,30,370,261.0,VERTE (RUE),,,Nuit avec éclairage allumé,En agglomération,Intersection en X,Temps couvert,Deux véhicules - côté,,,,,,,,,,,5,2,2,8,3
200500081110,0005-12-06 21:15:00,5,12,6,21,15,370,233.0,"7, LOIRE (QUAI DE LA)",,,Nuit avec éclairage allumé,En agglomération,Hors intersection,Pluie légère,Autre collision,,,,,,,,,,,5,2,1,2,6
200500081111,0005-12-02 17:25:00,5,12,2,17,25,370,195.0,PERIPHERIQUE OUEST,,,Crépuscule ou aube,En agglomération,Hors intersection,Normale,Deux véhicules - côté,,,,,,,,,,,2,2,1,1,3
200500081112,0005-12-10 22:45:00,5,12,10,22,45,370,261.0,"22, FAVRE (RUE JULES)",,,Nuit avec éclairage allumé,En agglomération,Hors intersection,Normale,Autre collision,,,,,,,,,,,5,2,1,1,6
200500081113,0005-12-12 13:15:00,5,12,12,13,15,370,261.0,"11, ORATOIRE (RUE DE L')",,,Plein jour,En agglomération,Autre intersection,Normale,Deux véhicules - côté,,,,,,,,,,,1,2,9,1,3
200500081114,0005-12-15 13:00:00,5,12,15,13,0,370,261.0,PARCAY (RUE DE),,,Plein jour,En agglomération,Hors intersection,Temps couvert,Autre collision,,,,,,,,,,,1,2,1,8,6
200500081115,0005-12-16 16:05:00,5,12,16,16,5,370,261.0,PONT VOLANT (RUE DU),,,Plein jour,En agglomération,Hors intersection,Pluie légère,Autre collision,,,,,,,,,,,1,2,1,2,6
200500081116,0005-12-19 18:05:00,5,12,19,18,5,370,261.0,"35, BOCAGE (RUE DU)",,,Nuit avec éclairage allumé,En agglomération,Hors intersection,Temps couvert,Autre collision,,,,,,,,,,,5,2,1,8,6
200500081117,0005-12-20 19:00:00,5,12,20,19,0,370,261.0,ARCOLE (PONT D'),,,Nuit avec éclairage allumé,En agglomération,Hors intersection,Autre,Trois véhicules et plus - collisions multiples,,,,,,,,,,,5,2,1,9,5
200500081118,0005-12-22 12:20:00,5,12,22,12,20,370,261.0,MERIEUX (AVENUE MARCEL),,,Plein jour,En agglomération,Hors intersection,Normale,Autre collision,,,,,,,,,,,1,2,1,1,6
200500081119,0005-12-21 17:00:00,5,12,21,17,0,380,53.0,ZOLA (AV EMILE),,,Crépuscule ou aube,En agglomération,Hors intersection,Normale,Trois véhicules et plus - collisions multiples,,,,,,,,,,,2,2,1,1,5
200500081120,0005-12-01 01:25:00,5,12,1,1,25,380,151.0,"0, ROCADE SUD",,,Nuit avec éclairage allumé,Hors agglomération,Hors intersection,Normale,Sans collision,,,,,,,,,,,5,1,1,1,7
200500081121,0005-12-01 07:50:00,5,12,1,7,50,380,185.0,A.480 (AUTOROUTE),,,Plein jour,Hors agglomération,Hors intersection,Normale,Trois véhicules et plus - en chaîne,,,,,,,,,,,1,1,1,1,4
200500081122,0005-12-02 08:00:00,5,12,2,8,0,380,185.0,A.480 (AUTOROUTE),,,Plein jour,Hors agglomération,Hors intersection,Normale,Deux véhicules - arrière,,,,,,,,,,,1,1,1,1,2
200500081123,0005-12-08 17:05:00,5,12,8,17,5,380,185.0,"00, HEBERT (RUE)",,,Plein jour,En agglomération,Hors intersection,Normale,Autre collision,,,,,,,,,,,1,2,1,1,6
200500081124,0005-12-03 15:10:00,5,12,3,15,10,380,185.0,"00, VERLAINE (AVENUE P.)",,,Plein jour,En agglomération,Hors intersection,Normale,Trois véhicules et plus - en chaîne,,,,,,,,,,,1,2,1,1,4
200500081125,0005-12-05 13:15:00,5,12,5,13,15,380,421.0,"00, BATAILLON CARMAGNOLE",,,Plein jour,En agglomération,Hors intersection,Normale,Autre collision,,,,,,,,,,,1,2,1,1,6
200500081126,0005-12-06 10:30:00,5,12,6,10,30,380,185.0,"00, BART (RUE J.)",,,Plein jour,En agglomération,Hors intersection,Normale,Deux véhicules - côté,,,,,,,,,,,1,2,1,1,3
200500081127,0005-12-06 19:00:00,5,12,6,19,0,380,516.0,"00, GRANDE RUE (RUE)",,,Nuit avec éclairage allumé,En agglomération,Intersection en X,Normale,Deux véhicules - côté,,,,,,,,,,,5,2,2,1,3
200500081128,0005-12-08 16:15:00,5,12,8,16,15,380,185.0,"00, STALINGRAD (RUE DE)",,,Plein jour,En agglomération,Hors intersection,Normale,Autre collision,,,,,,,,,,,1,2,1,1,6
200500081129,0005-12-09 08:10:00,5,12,9,8,10,380,423.0,"46, LECLERC (AVENUE GL.)",,,Nuit avec éclairage allumé,En agglomération,Intersection en T,Pluie légère,Deux véhicules - côté,,,,,,,,,,,5,2,3,2,3
200500081130,0005-12-10 18:25:00,5,12,10,18,25,380,421.0,"00, COMMUNE DE PARIS (AV",,,Nuit avec éclairage allumé,En agglomération,Hors intersection,Normale,Deux véhicules - côté,,,,,,,,,,,5,2,1,1,3
200500081131,0005-12-11 17:30:00,5,12,11,17,30,380,185.0,"00, CLEMENCEAU (BOULEVAR",,,Nuit avec éclairage allumé,En agglomération,Intersection en T,Normale,Deux véhicules - côté,,,,,,,,,,,5,2,3,1,3
200500081132,0005-12-13 19:20:00,5,12,13,19,20,380,185.0,A.48,,,Nuit avec éclairage allumé,Hors agglomération,Hors intersection,Normale,Autre collision,,,,,,,,,,,5,1,1,1,6
200500081133,0005-12-14 03:20:00,5,12,14,3,20,380,516.0,"00, FERRINI(CHEMIN FORTU",,,Nuit avec éclairage allumé,En agglomération,Hors intersection,Normale,Deux véhicules - côté,,,,,,,,,,,5,2,1,1,3
200500081134,0005-12-18 14:25:00,5,12,18,14,25,380,185.0,"0, MARTYRS (ECHANGEUR DE",,,Plein jour,En agglomération,Hors intersection,Normale,Deux véhicules - frontale,,,,,,,,,,,1,2,1,1,1
200500081135,0005-12-19 15:10:00,5,12,19,15,10,380,421.0,"0, GRIMAU (RUE J.)",,,Plein jour,En agglomération,Intersection en X,Normale,Autre collision,,,,,,,,,,,1,2,2,1,6
200500081136,0005-12-20 13:50:00,5,12,20,13,50,380,179.0,"0, VIGNATE (AVENUE DE LA",,,Plein jour,En agglomération,Giratoire,Normale,Autre collision,,,,,,,,,,,1,2,6,1,6
200500081137,0005-12-22 10:05:00,5,12,22,10,5,380,185.0,"53, STALINGRAD (RUE DE)",,,Plein jour,En agglomération,Hors intersection,Normale,Autre collision,,,,,,,,,,,1,2,1,1,6
200500081138,0005-12-22 12:15:00,5,12,22,12,15,380,516.0,"0, DOYEN GOSSE (RUE)",,,Plein jour,En agglomération,Intersection en T,Normale,Deux véhicules - côté,,,,,,,,,,,1,2,3,1,3
200500081139,0005-12-23 10:45:00,5,12,23,10,45,380,185.0,"216, LIBERATION (COURS)",,,Plein jour,En agglomération,Hors intersection,Normale,Autre collision,,,,,,,,,,,1,2,1,1,6
200500081140,0005-12-24 16:00:00,5,12,24,16,0,380,185.0,ROCADE SUD,,,Plein jour,Hors agglomération,Hors intersection,Pluie légère,Autre collision,,,,,,,,,,,1,1,1,2,6
200500081141,0005-12-27 13:55:00,5,12,27,13,55,380,151.0,"0, ALLENDE (AVENUE S.)",,,Plein jour,En agglomération,Autre intersection,Normale,Autre collision,,,,,,,,,,,1,2,9,1,6
200500081142,0005-12-31 18:00:00,5,12,31,18,0,380,185.0,"0, STRASBOURG (RUE DE)",,,Nuit avec éclairage allumé,En agglomération,Autre intersection,Pluie légère,Autre collision,,,,,,,,,,,5,2,9,2,6
200500081143,0005-12-02 19:10:00,5,12,2,19,10,380,563.0,"00, VALOIS (AVENUE DU DR",,,Nuit avec éclairage allumé,En agglomération,Hors intersection,Pluie forte,Trois véhicules et plus - en chaîne,,,,,,,,,,,5,2,1,3,4
200500081144,0005-12-03 11:05:00,5,12,3,11,5,380,563.0,DELATTRE DE TASSIGNY (PL,,,Plein jour,En agglomération,Hors intersection,Normale,Autre collision,,,,,,,,,,,1,2,1,1,6
200500081145,0005-12-01 12:00:00,5,12,1,12,0,390,198.0,"40, MONT ROLAND (RUE DU)",,,Plein jour,En agglomération,Hors intersection,Normale,Autre collision,,,,,,,,,,,1,2,1,1,6
200500081146,0005-12-26 12:35:00,5,12,26,12,35,390,362.0,"0, RN78",,,Plein jour,Hors agglomération,Intersection en T,Normale,Deux véhicules - côté,,,,,,,,,,,1,1,3,1,3
200500081147,0005-12-09 23:15:00,5,12,9,23,15,400,279.0,RESISTANCE (AVE DE LA),,,Nuit avec éclairage allumé,En agglomération,Intersection en T,Normale,Deux véhicules - frontale,,,,,,,,,,,5,2,3,1,1
200500081148,0005-12-26 18:15:00,5,12,26,18,15,400,279.0,PIERRE BENOIT (RUE),,,Nuit avec éclairage non allumé,En agglomération,Hors intersection,Temps couvert,Trois véhicules et plus - en chaîne,,,,,,,,,,,4,2,1,8,4
200500081149,0005-12-06 18:40:00,5,12,6,18,40,400,192.0,"01, SABRES (AV DE)",,,Nuit avec éclairage allumé,En agglomération,Hors intersection,Normale,Autre collision,,,,,,,,,,,5,2,1,1,6
200500081150,0005-12-17 18:20:00,5,12,17,18,20,400,192.0,34EME R.I. (BOULEVARD DU,,,Nuit avec éclairage allumé,En agglomération,Hors intersection,Normale,Deux véhicules - côté,,,,,,,,,,,5,2,1,1,3
200500081151,0005-12-23 16:12:00,5,12,23,16,12,400,192.0,"0, Marie Christine BAILL",,,Plein jour,En agglomération,Hors intersection,Normale,Deux véhicules - arrière,,,,,,,,,,,1,2,1,1,2
200500081152,0005-12-02 13:55:00,5,12,2,13,55,410,18.0,DUPUIS (BOULEVARD DANIEL,,,Crépuscule ou aube,En agglomération,Hors intersection,Normale,Deux véhicules - arrière,,,,,,,,,,,2,2,1,1,2
200500081153,0005-12-01 15:23:00,5,12,1,15,23,410,18.0,DEPORTES (AVENUE DES),,,Plein jour,En agglomération,Hors intersection,Normale,Autre collision,,,,,,,,,,,1,2,1,1,6
200500081154,0005-12-03 15:08:00,5,12,3,15,8,410,18.0,BOURG NEUF (RUE DU),,,Plein jour,En agglomération,Hors intersection,Normale,Deux véhicules - arrière,,,,,,,,,,,1,2,1,1,2
200500081155,0005-12-07 05:35:00,5,12,7,5,35,410,18.0,CHAILLES (LEVEE DE),,,Nuit sans éclairage public,Hors agglomération,Hors intersection,Pluie légère,Autre collision,,,,,,,,,,,3,1,1,2,6
200500081156,0005-12-07 16:30:00,5,12,7,16,30,410,18.0,RONCERAIE (RUE),,,Plein jour,En agglomération,Intersection en T,Normale,Deux véhicules - côté,,,,,,,,,,,1,2,3,1,3
200500081157,0005-12-07 20:32:00,5,12,7,20,32,410,18.0,PONT JACQUES GABRIEL,,,Nuit avec éclairage allumé,En agglomération,Hors intersection,Normale,Autre collision,,,,,,,,,,,5,2,1,1,6
200500081158,0005-12-08 16:45:00,5,12,8,16,45,410,18.0,CROIX PICHON (RUE DE LA,,,Crépuscule ou aube,En agglomération,Hors intersection,Normale,Autre collision,,,,,,,,,,,2,2,1,1,6
200500081159,0005-12-11 01:50:00,5,12,11,1,50,410,18.0,CROIX-ROUGE (RUE DE LA),,,Nuit avec éclairage allumé,En agglomération,Hors intersection,Normale,Sans collision,,,,,,,,,,,5,2,1,1,7
200500081160,0005-12-12 13:30:00,5,12,12,13,30,410,18.0,BOURG NEUF (RUE DU),,,Plein jour,En agglomération,Hors intersection,Normale,Autre collision,,,,,,,,,,,1,2,1,1,6
200500081161,0005-12-12 16:15:00,5,12,12,16,15,410,18.0,"143, MAUNOURY (AVENUE DU",,,Plein jour,En agglomération,Hors intersection,Normale,Deux véhicules - arrière,,,,,,,,,,,1,2,1,1,2
200500081162,0005-12-18 17:00:00,5,12,18,17,0,410,18.0,VENDOME (AVENUE DE),,,Crépuscule ou aube,En agglomération,Intersection en T,Normale,Sans collision,,,,,,,,,,,2,2,3,1,7
200500081163,0005-12-22 08:45:00,5,12,22,8,45,410,212.0,CHAMBORD (ROUTE DE),,,Plein jour,Hors agglomération,Hors intersection,Temps couvert,Autre collision,,,,,,,,,,,1,1,1,8,6
200500081164,0005-12-21 13:28:00,5,12,21,13,28,410,18.0,DION (RUE ROGER),,,Plein jour,En agglomération,Hors intersection,Normale,Autre collision,,,,,,,,,,,1,2,1,1,6
200500081165,0005-12-27 18:25:00,5,12,27,18,25,410,18.0,COULANGES (ALLEE DE),,,Nuit sans éclairage public,Hors agglomération,Hors intersection,Neige / grêle,Autre collision,,,,,,,,,,,3,1,1,4,6
200500081166,0005-12-30 16:50:00,5,12,30,16,50,410,18.0,CITES UNIES (BOULEVARD D,,,Crépuscule ou aube,En agglomération,Hors intersection,Pluie légère,Sans collision,,,,,,,,,,,2,2,1,2,7
200500081167,0005-12-16 18:00:00,5,12,16,18,0,410,194.0,MARECHAL LYAUTEY (BOULEV,,,Nuit avec éclairage allumé,En agglomération,Hors intersection,Pluie légère,Deux véhicules - frontale,,,,,,,,,,,5,2,1,2,1
200500081168,0005-12-16 23:25:00,5,12,16,23,25,410,194.0,ETANG (RUE DE L'),,,Nuit avec éclairage allumé,En agglomération,Intersection en X,Temps couvert,Deux véhicules - côté,,,,,,,,,,,5,2,2,8,3
200500081169,0005-12-02 12:20:00,5,12,2,12,20,410,269.0,"., SAINT LUBIN (FAIBOURG",,,Plein jour,En agglomération,Intersection en T,Normale,Deux véhicules - côté,,,,,,,,,,,1,2,3,1,3
200500081170,0005-12-09 02:30:00,5,12,9,2,30,410,226.0,RN 10,,,Nuit avec éclairage allumé,En agglomération,Hors intersection,Normale,Sans collision,,,,,,,,,,,5,2,1,1,7
200500081171,0005-12-30 12:50:00,5,12,30,12,50,420,95.0,CD 500,,,Plein jour,Hors agglomération,Hors intersection,Neige / grêle,Deux véhicules - frontale,,,,,,,,,,,1,1,1,4,1
200500081172,0005-12-09 16:00:00,5,12,9,16,0,420,44.0,RD 22,,,Plein jour,Hors agglomération,Hors intersection,Pluie légère,Sans collision,,,,,,,,,,,1,1,1,2,7
200500081173,0005-12-15 12:40:00,5,12,15,12,40,420,183.0,"21, GAMBETTA (RUE)",,,Plein jour,En agglomération,Hors intersection,Normale,Deux véhicules - arrière,,,,,,,,,,,1,2,1,1,2
200500081174,0005-12-17 06:10:00,5,12,17,6,10,420,95.0,ROCHE (ROUTE DE),,,Nuit avec éclairage allumé,En agglomération,Hors intersection,Pluie forte,Autre collision,,,,,,,,,,,5,2,1,3,6
200500081175,0005-12-07 17:20:00,5,12,7,17,20,420,44.0,"1, EUROPE (RUE DE)",,,Nuit avec éclairage allumé,En agglomération,Hors intersection,Pluie légère,Deux véhicules - arrière,,,,,,,,,,,5,2,1,2,2
200500081176,0005-12-17 16:00:00,5,12,17,16,0,420,44.0,"1, BERGOGNON (RUE DE)",,,Plein jour,En agglomération,Intersection en T,Normale,Deux véhicules - côté,,,,,,,,,,,1,2,3,1,3
200500081177,0005-12-19 15:05:00,5,12,19,15,5,420,183.0,"11, HUGO (BOULEVARD VICT",,,Plein jour,En agglomération,Intersection en T,Normale,Autre collision,,,,,,,,,,,1,2,3,1,6
200500081178,0005-12-14 13:55:00,5,12,14,13,55,420,299.0,R.D.204,,,Plein jour,Hors agglomération,Hors intersection,Normale,Trois véhicules et plus - collisions multiples,,,,,,,,,,,1,1,1,1,5
200500081179,0005-12-20 12:55:00,5,12,20,12,55,420,147.0,RD8,,,Plein jour,Hors agglomération,Hors intersection,Normale,Deux véhicules - frontale,,,,,,,,,,,1,1,1,1,1
200500081180,0005-12-31 17:10:00,5,12,31,17,10,420,53.0,SORBIER ROUTE DU,,,Nuit sans éclairage public,Hors agglomération,Hors intersection,Temps couvert,Autre collision,,,,,,,,,,,3,1,1,8,6
200500081181,0005-12-01 16:45:00,5,12,1,16,45,420,187.0,"1, FUYANT (RUE DU)",,,Plein jour,En agglomération,Giratoire,Normale,Autre collision,,,,,,,,,,,1,2,6,1,6
200500081182,0005-12-03 14:55:00,5,12,3,14,55,420,184.0,"40, RONDET MICHEL (RUE)",,,Plein jour,Hors agglomération,Hors intersection,Normale,Trois véhicules et plus - en chaîne,,,,,,,,,,,1,1,1,1,4
200500081183,0005-12-03 20:10:00,5,12,3,20,10,420,71.0,"21, BELGES (BOULEVARD DE",,,Nuit avec éclairage allumé,En agglomération,Hors intersection,Normale,Autre collision,,,,,,,,,,,5,2,1,1,6
200500081184,0005-12-04 08:50:00,5,12,4,8,50,420,187.0,"20, BELGIQUE (BOULEVARD",,,Plein jour,En agglomération,Hors intersection,Normale,Autre collision,,,,,,,,,,,1,2,1,1,6
200500081185,0005-12-03 19:15:00,5,12,3,19,15,420,187.0,"15, RAFFIN (RUE ALEXANDR",,,Nuit avec éclairage allumé,En agglomération,Hors intersection,Normale,Autre collision,,,,,,,,,,,5,2,1,1,6
200500081186,0005-12-08 17:20:00,5,12,8,17,20,420,187.0,"20, BLANQUI (BOULEVARD L",,,Crépuscule ou aube,En agglomération,Intersection en X,Pluie légère,Autre collision,,,,,,,,,,,2,2,2,2,6
200500081187,0005-12-09 19:10:00,5,12,9,19,10,420,127.0,"20, NERUDA PABLO (RUE)",,,Crépuscule ou aube,En agglomération,Hors intersection,Autre,Autre collision,,,,,,,,,,,2,2,1,9,6
200500081188,0005-12-10 01:00:00,5,12,10,1,0,420,187.0,"2, MERMOZ (RUE JEAN)",,,Nuit avec éclairage allumé,En agglomération,Hors intersection,Normale,Autre collision,,,,,,,,,,,5,2,1,1,6
200500081189,0005-12-10 11:55:00,5,12,10,11,55,420,184.0,"1, MOULINS  (CHEMIN DES)",,,Plein jour,En agglomération,Intersection en X,Normale,Deux véhicules - frontale,,,,,,,,,,,1,2,2,1,1
200500081190,0005-12-10 18:00:00,5,12,10,18,0,420,187.0,"11, PROMENADES POPULLE (",,,Nuit avec éclairage allumé,En agglomération,Hors intersection,Normale,Deux véhicules - côté,,,,,,,,,,,5,2,1,1,3
200500081191,0005-12-17 00:40:00,5,12,17,0,40,420,187.0,"1, PALISSY (BOULEVARD BE",,,Nuit avec éclairage allumé,En agglomération,Hors intersection,Pluie légère,Sans collision,,,,,,,,,,,5,2,1,2,7
200500081192,0005-12-19 11:50:00,5,12,19,11,50,420,187.0,"14 bis, CUVIER  (RUE)",,,Plein jour,En agglomération,Intersection en T,Normale,Deux véhicules - côté,,,,,,,,,,,1,2,3,1,3
200500081193,0005-12-19 16:10:00,5,12,19,16,10,420,127.0,BONVERT (RT DE),,,Plein jour,Hors agglomération,Hors intersection,Normale,Autre collision,,,,,,,,,,,1,1,1,1,6
200500081194,0005-12-21 08:50:00,5,12,21,8,50,420,187.0,EST (ROCADE),,,Plein jour,Hors agglomération,Hors intersection,Normale,Autre collision,,,,,,,,,,,1,1,1,1,6
200500081195,0005-12-22 08:55:00,5,12,22,8,55,420,187.0,"1, BELGIQUE (BOULEVARD D",,,Plein jour,En agglomération,Intersection en X,Normale,Trois véhicules et plus - collisions multiples,,,,,,,,,,,1,2,2,1,5
200500081196,0005-12-29 23:50:00,5,12,29,23,50,420,187.0,"26, PROMENADES POPULLE (",,,Nuit avec éclairage allumé,En agglomération,Hors intersection,Neige / grêle,Sans collision,,,,,,,,,,,5,2,1,4,7
200500081197,0005-12-01 10:50:00,5,12,1,10,50,420,207.0,", GAMBETTA RUE",,,Plein jour,Hors agglomération,Hors intersection,Normale,Trois véhicules et plus - en chaîne,,,,,,,,,,,1,1,1,1,4
200500081198,0005-12-08 13:10:00,5,12,8,13,10,420,110.0,PASTEUR  AVENUE,,,Plein jour,En agglomération,Giratoire,Normale,Deux véhicules - côté,,,,,,,,,,,1,2,6,1,3
200500081199,0005-12-01 07:50:00,5,12,1,7,50,420,218.0,"40, ROBESPIERRE",,,Plein jour,En agglomération,Intersection en Y,Temps couvert,Autre collision,,,,,,,,,,,1,2,4,8,6
200500081200,0005-12-01 11:45:00,5,12,1,11,45,420,218.0,"000000001, UNIVERSITE (D",,,Plein jour,En agglomération,Intersection en T,Normale,Autre collision,,,,,,,,,,,1,2,3,1,6
200500081201,0005-12-01 17:12:00,5,12,1,17,12,420,218.0,MOLINA (DE),,,Nuit avec éclairage allumé,En agglomération,Intersection en T,Normale,Deux véhicules - côté,,,,,,,,,,,5,2,3,1,3
200500081202,0005-12-02 08:26:00,5,12,2,8,26,420,305.0,RN 498,,,Plein jour,Hors agglomération,Intersection en T,Temps couvert,Trois véhicules et plus - collisions multiples,,,,,,,,,,,1,1,3,8,5
200500081203,0005-12-03 00:44:00,5,12,3,0,44,420,218.0,"0000000001, JANIN JULES",,,Nuit avec éclairage allumé,En agglomération,Hors intersection,Pluie légère,Sans collision,,,,,,,,,,,5,2,1,2,7
200500081204,0005-12-03 13:55:00,5,12,3,13,55,420,218.0,"3, JACQUARD (PLACE)",,,Plein jour,En agglomération,Hors intersection,Normale,Autre collision,,,,,,,,,,,1,2,1,1,6
200500081205,0005-12-03 15:16:00,5,12,3,15,16,420,223.0,"0000000001, CLUZEL (LIEU",,,Plein jour,En agglomération,Hors intersection,Normale,Sans collision,,,,,,,,,,,1,2,1,1,7
200500081206,0005-12-03 17:18:00,5,12,3,17,18,420,237.0,"0000000001, SAINT CHARLE",,,Nuit avec éclairage allumé,En agglomération,Hors intersection,Temps couvert,Autre collision,,,,,,,,,,,5,2,1,8,6
200500081207,0005-12-04 10:36:00,5,12,4,10,36,420,218.0,"14, BERNARD MARTIN",,,Plein jour,En agglomération,Hors intersection,Normale,Autre collision,,,,,,,,,,,1,2,1,1,6
200500081208,0005-12-05 07:13:00,5,12,5,7,13,420,218.0,VERDUN (AVENUE DE),,,Nuit avec éclairage allumé,En agglomération,Hors intersection,Pluie légère,Autre collision,,,,,,,,,,,5,2,1,2,6
200500081209,0005-12-05 18:01:00,5,12,5,18,1,420,218.0,KRUMNOW FREDO (BOULEVARD,,,Nuit avec éclairage allumé,En agglomération,Intersection en Y,Pluie légère,Autre collision,,,,,,,,,,,5,2,4,2,6
200500081210,0005-12-05 11:24:00,5,12,5,11,24,420,218.0,VIVIE PAUL DE,,,Plein jour,Hors agglomération,Hors intersection,Normale,Sans collision,,,,,,,,,,,1,1,1,1,7
200500081211,0005-12-06 17:30:00,5,12,6,17,30,420,218.0,"0000000001, C.C. MONTHIE",,,Nuit avec éclairage allumé,En agglomération,Hors intersection,Pluie légère,Autre collision,,,,,,,,,,,5,2,1,2,6
200500081212,0005-12-08 14:48:00,5,12,8,14,48,420,218.0,"2, BARROUIN JUSQU'AUX N°",,,Plein jour,En agglomération,Intersection en X,Pluie légère,Autre collision,,,,,,,,,,,1,2,2,2,6
200500081213,0005-12-16 15:30:00,5,12,16,15,30,420,218.0,"44, PERI GABRIEL A PARTI",,,Plein jour,En agglomération,Hors intersection,Normale,Autre collision,,,,,,,,,,,1,2,1,1,6