accident_id,datetime,annee,mois,jour,heure,minute,departement,commune_insee,adresse,latitude,longitude,luminosite,agglomeration,intersection,meteo,collision,nb_vehicules,nb_usagers,nb_indemnes,nb_tues,nb_blesses_hosp,nb_blesses_legers,age_cond_1,age_cond_2,veh_type_cond_1,veh_type_cond_2,lum_code,agg_code,int_code,atm_code,col_code
200500081214,0005-12-17 17:10:00,5,12,17,17,10,420,218.0,"0000000001, GRIS DE LIN",,,Plein jour,En agglomération,Hors intersection,Normale,Autre collision,,,,,,,,,,,1,2,1,1,6
200500081215,0005-12-09 07:45:00,5,12,9,7,45,420,218.0,ARAGO,,,Crépuscule ou aube,En agglomération,Hors intersection,Pluie légère,Sans collision,,,,,,,,,,,2,2,1,2,7
200500081216,0005-12-10 17:35:00,5,12,10,17,35,420,218.0,"54, FAURIEL (COURS)",,,Nuit avec éclairage allumé,En agglomération,Hors intersection,Normale,Sans collision,,,,,,,,,,,5,2,1,1,7
200500081217,0005-12-11 19:25:00,5,12,11,19,25,420,305.0,"34, HUGO VICTOR",,,Nuit avec éclairage allumé,En agglomération,Hors intersection,Normale,Autre collision,,,,,,,,,,,5,2,1,1,6
200500081218,0005-12-19 19:25:00,5,12,19,19,25,420,218.0,"56, TALAUDIERE (DE LA) A",,,Nuit avec éclairage allumé,Hors agglomération,Intersection en X,Normale,Deux véhicules - côté,,,,,,,,,,,5,1,2,1,3
200500081219,0005-12-12 06:50:00,5,12,12,6,50,420,218.0,"83, BERGSON A PARTIR N°",,,Nuit avec éclairage allumé,En agglomération,Intersection en X,Normale,Autre collision,,,,,,,,,,,5,2,2,1,6
200500081220,0005-12-12 10:45:00,5,12,12,10,45,420,218.0,"000000001, TALAUDIERE (D",,,Plein jour,En agglomération,Intersection en X,Normale,Trois véhicules et plus - collisions multiples,,,,,,,,,,,1,2,2,1,5
200500081221,0005-12-12 11:30:00,5,12,12,11,30,420,218.0,"0000000001, CUISSARD ANT",,,Plein jour,En agglomération,Intersection en T,Normale,Deux véhicules - côté,,,,,,,,,,,1,2,3,1,3
200500081222,0005-12-20 14:20:00,5,12,20,14,20,420,218.0,"17, MOLINA (DE)",,,Plein jour,En agglomération,Hors intersection,Temps couvert,Deux véhicules - arrière,,,,,,,,,,,1,2,1,8,2
200500081223,0005-12-20 20:15:00,5,12,20,20,15,420,218.0,"93, FAURIEL (COURS)",,,Nuit avec éclairage allumé,En agglomération,Hors intersection,Normale,Deux véhicules - côté,,,,,,,,,,,5,2,1,1,3
200500081224,0005-12-13 17:40:00,5,12,13,17,40,420,218.0,"7, DORIAN (PLACE)",,,Nuit avec éclairage allumé,En agglomération,Hors intersection,Temps couvert,Autre collision,,,,,,,,,,,5,2,1,8,6
200500081225,0005-12-13 19:00:00,5,12,13,19,0,420,223.0,"0000000001, CHAVANNE (LO",,,Nuit avec éclairage allumé,En agglomération,Intersection en T,Normale,Deux véhicules - côté,,,,,,,,,,,5,2,3,1,3
200500081226,0005-12-22 20:10:00,5,12,22,20,10,420,218.0,CHOLAT CHARLES,,,Nuit avec éclairage allumé,En agglomération,Intersection en X,Temps couvert,Deux véhicules - arrière,,,,,,,,,,,5,2,2,8,2
200500081227,0005-12-23 02:00:00,5,12,23,2,0,420,218.0,"56, ARCOLE A PARTIR DES",,,Nuit avec éclairage allumé,En agglomération,Intersection en X,Normale,Deux véhicules - côté,,,,,,,,,,,5,2,2,1,3
200500081228,0005-12-23 19:25:00,5,12,23,19,25,420,218.0,"13, DUVAL RAOUL (BOULEVA",,,Nuit avec éclairage allumé,En agglomération,Hors intersection,Pluie légère,Deux véhicules - côté,,,,,,,,,,,5,2,1,2,3
200500081229,0005-12-25 13:00:00,5,12,25,13,0,420,218.0,"000000001, FRAISSINETTE",,,Plein jour,En agglomération,Intersection en X,Normale,Deux véhicules - côté,,,,,,,,,,,1,2,2,1,3
200500081230,0005-12-15 09:15:00,5,12,15,9,15,420,218.0,"1, VAPEUR (DE LA)",,,Plein jour,En agglomération,Intersection en Y,Normale,Autre collision,,,,,,,,,,,1,2,4,1,6
200500081231,0005-12-26 07:50:00,5,12,26,7,50,420,218.0,"57, FAURIAT (BOULEVARD)",,,Plein jour,En agglomération,Hors intersection,Normale,Autre collision,,,,,,,,,,,1,2,1,1,6
200500081232,0005-12-27 13:10:00,5,12,27,13,10,420,218.0,BARROUIN,,,Plein jour,En agglomération,Intersection en X,Temps couvert,Deux véhicules - côté,,,,,,,,,,,1,2,2,8,3
200500081233,0005-12-27 20:30:00,5,12,27,20,30,420,218.0,"63, BERGSON A PARTIR N°",,,Nuit avec éclairage non allumé,En agglomération,Hors intersection,Temps couvert,Deux véhicules - arrière,,,,,,,,,,,4,2,1,8,2
200500081234,0005-12-29 14:10:00,5,12,29,14,10,420,218.0,"07, TIBLIER VERNE",,,Plein jour,En agglomération,Hors intersection,Temps couvert,Deux véhicules - arrière,,,,,,,,,,,1,2,1,8,2
200500081235,0005-12-31 16:28:00,5,12,31,16,28,420,330.0,"000000001, SOULIE LOUIS",,,Plein jour,En agglomération,Intersection en X,Temps couvert,Autre collision,,,,,,,,,,,1,2,2,8,6
200500081236,0005-12-20 11:45:00,5,12,20,11,45,420,218.0,"4, THIERS (BOULEVARD)",,,Plein jour,En agglomération,Hors intersection,Normale,Deux véhicules - arrière,,,,,,,,,,,1,2,1,1,2
200500081237,0005-12-16 07:52:00,5,12,16,7,52,430,157.0,"01, GAZELLE (RUE DE LA)",,,Crépuscule ou aube,En agglomération,Hors intersection,Temps couvert,Autre collision,,,,,,,,,,,2,2,1,8,6
200500081238,0005-12-17 14:30:00,5,12,17,14,30,430,157.0,JOFFRE (BD. MARECHAL),,,Plein jour,En agglomération,Autre intersection,Temps couvert,Deux véhicules - côté,,,,,,,,,,,1,2,9,8,3
200500081239,0005-12-02 16:50:00,5,12,2,16,50,440,55.0,"05, GERVOT ( AVENUE LOUI",,,Plein jour,En agglomération,Hors intersection,Vent fort / tempête,Autre collision,,,,,,,,,,,1,2,1,6,6
200500081240,0005-12-08 11:00:00,5,12,8,11,0,440,132.0,"11, COLS VERTS (AVENUE D",,,Plein jour,En agglomération,Hors intersection,Normale,Autre collision,,,,,,,,,,,1,2,1,1,6
200500081241,0005-12-13 09:35:00,5,12,13,9,35,440,132.0,"1, REPUBLIQUE (PLACE DE",,,Plein jour,En agglomération,Hors intersection,Normale,Autre collision,,,,,,,,,,,1,2,1,1,6
200500081242,0005-12-17 16:30:00,5,12,17,16,30,440,55.0,"1, EVENS ( AVENUE DES )",,,Plein jour,En agglomération,Intersection en X,Normale,Autre collision,,,,,,,,,,,1,2,2,1,6
200500081243,0005-12-30 22:10:00,5,12,30,22,10,440,132.0,"83, OCEAN (BOULEVARD DE",,,Nuit avec éclairage allumé,En agglomération,Giratoire,Normale,Deux véhicules - côté,,,,,,,,,,,5,2,6,1,3
200500081244,0005-12-23 17:00:00,5,12,23,17,0,440,109.0,RUE PERELLE,,,Plein jour,En agglomération,Intersection en X,Normale,Deux véhicules - côté,,,,,,,,,,,1,2,2,1,3
200500081245,0005-12-01 07:45:00,5,12,1,7,45,440,109.0,PONT DE CHEVIRE,,,Crépuscule ou aube,En agglomération,Hors intersection,Normale,Deux véhicules - côté,,,,,,,,,,,2,2,1,1,3
200500081246,0005-12-02 07:35:00,5,12,2,7,35,440,143.0,VANO (R-PT JEAN),,,Crépuscule ou aube,En agglomération,Hors intersection,Normale,Deux véhicules - côté,,,,,,,,,,,2,2,1,1,3
200500081247,0005-12-02 06:48:00,5,12,2,6,48,440,162.0,BOULEVARD MARCEL PAUL,,,Nuit avec éclairage allumé,En agglomération,Hors intersection,Pluie légère,Autre collision,,,,,,,,,,,5,2,1,2,6
200500081248,0005-12-02 17:15:00,5,12,2,17,15,440,162.0,"1, RUE DE LA RIVAUDIERE",,,Crépuscule ou aube,En agglomération,Hors intersection,Vent fort / tempête,Deux véhicules - côté,,,,,,,,,,,2,2,1,6,3
200500081249,0005-12-02 07:20:00,5,12,2,7,20,440,109.0,BOULEVARD DE LA BEAUJOIR,,,Nuit avec éclairage allumé,En agglomération,Giratoire,Pluie légère,Deux véhicules - côté,,,,,,,,,,,5,2,6,2,3
200500081250,0005-12-02 10:15:00,5,12,2,10,15,440,109.0,RUE CREBILLON,,,Plein jour,En agglomération,Intersection en X,Normale,Deux véhicules - côté,,,,,,,,,,,1,2,2,1,3
200500081251,0005-12-05 17:28:00,5,12,5,17,28,440,109.0,RUE PAUL BELLAMY,,,Plein jour,En agglomération,Intersection en X,Normale,Autre collision,,,,,,,,,,,1,2,2,1,6
200500081252,0005-12-07 07:25:00,5,12,7,7,25,440,162.0,RUE DU LIEUTENANT MOUILL,,,Nuit avec éclairage allumé,En agglomération,Hors intersection,Brouillard / fumée,Autre collision,,,,,,,,,,,5,2,1,5,6
200500081253,0005-12-06 15:50:00,5,12,6,15,50,440,109.0,RUE DE LA HAUTE FORET,,,Plein jour,En agglomération,Intersection en Y,Normale,Autre collision,,,,,,,,,,,1,2,4,1,6
200500081254,0005-12-02 07:55:00,5,12,2,7,55,440,162.0,"0, BOULEVARD SALVADOR AL",,,Crépuscule ou aube,En agglomération,Giratoire,Pluie légère,Deux véhicules - arrière,,,,,,,,,,,2,2,6,2,2
200500081255,0005-12-06 19:17:00,5,12,6,19,17,440,109.0,"., ROUTE DE SAINTE LUCE",,,Nuit avec éclairage allumé,En agglomération,Hors intersection,Normale,Deux véhicules - côté,,,,,,,,,,,5,2,1,1,3
200500081256,0005-12-06 14:00:00,5,12,6,14,0,440,109.0,"00, BOULEVARD DE DOULON",,,Plein jour,En agglomération,Intersection en T,Normale,Deux véhicules - côté,,,,,,,,,,,1,2,3,1,3
200500081257,0005-12-07 07:45:00,5,12,7,7,45,440,109.0,BOULEVARD GENERAL DE GAU,,,Crépuscule ou aube,En agglomération,Hors intersection,Brouillard / fumée,Deux véhicules - arrière,,,,,,,,,,,2,2,1,5,2
200500081258,0005-12-07 08:05:00,5,12,7,8,5,440,190.0,"1, RUE DE LA FONDERIE",,,Crépuscule ou aube,En agglomération,Hors intersection,Normale,Deux véhicules - côté,,,,,,,,,,,2,2,1,1,3
200500081259,0005-12-09 11:25:00,5,12,9,11,25,440,109.0,"., RUE ROMAIN ROLLAND",,,Plein jour,En agglomération,Hors intersection,Normale,Autre collision,,,,,,,,,,,1,2,1,1,6
200500081260,0005-12-09 21:10:00,5,12,9,21,10,440,109.0,"00, QUAI DE LA FOSSE",,,Nuit avec éclairage allumé,En agglomération,Intersection en T,Normale,Deux véhicules - côté,,,,,,,,,,,5,2,3,1,3
200500081261,0005-12-11 06:25:00,5,12,11,6,25,440,109.0,BOULEVARD DU TERTRE,,,Nuit avec éclairage allumé,En agglomération,Hors intersection,Normale,Autre collision,,,,,,,,,,,5,2,1,1,6
200500081262,0005-12-12 07:30:00,5,12,12,7,30,440,109.0,"1, AUTOROUTE 11",,,Nuit sans éclairage public,En agglomération,Hors intersection,Normale,Autre collision,,,,,,,,,,,3,2,1,1,6
200500081263,0005-12-03 12:15:00,5,12,3,12,15,440,109.0,"1, PLACE VIARME",,,Plein jour,En agglomération,Hors intersection,Normale,Deux véhicules - arrière,,,,,,,,,,,1,2,1,1,2
200500081264,0005-12-13 17:15:00,5,12,13,17,15,440,143.0,SARRAIL (PLACE),,,Nuit avec éclairage allumé,En agglomération,Hors intersection,Normale,Sans collision,,,,,,,,,,,5,2,1,1,7
200500081265,0005-12-12 21:05:00,5,12,12,21,5,440,162.0,"1, RN 165",,,Nuit sans éclairage public,Hors agglomération,Hors intersection,Normale,Deux véhicules - arrière,,,,,,,,,,,3,1,1,1,2
200500081266,0005-12-13 08:30:00,5,12,13,8,30,440,109.0,"5, RUE ALBERT LONDRES",,,Plein jour,En agglomération,Intersection en X,Normale,Deux véhicules - côté,,,,,,,,,,,1,2,2,1,3
200500081267,0005-12-14 19:35:00,5,12,14,19,35,440,109.0,"194, BOULEVARD ROBERT SC",,,Nuit avec éclairage allumé,En agglomération,Hors intersection,Normale,Autre collision,,,,,,,,,,,5,2,1,1,6
200500081268,0005-12-15 08:35:00,5,12,15,8,35,440,109.0,"14, RUE ETIENNE DOLET",,,Plein jour,En agglomération,Hors intersection,Normale,Autre collision,,,,,,,,,,,1,2,1,1,6
200500081269,0005-12-14 18:30:00,5,12,14,18,30,440,114.0,"0, PERIPHERIQUE ROUTIER",,,Nuit sans éclairage public,Hors agglomération,Hors intersection,Normale,Deux véhicules - arrière,,,,,,,,,,,3,1,1,1,2
200500081270,0005-12-10 02:35:00,5,12,10,2,35,440,109.0,RN844,,,Nuit avec éclairage allumé,En agglomération,Hors intersection,Normale,Autre collision,,,,,,,,,,,5,2,1,1,6
200500081271,0005-12-17 05:20:00,5,12,17,5,20,440,109.0,BD MARTYRS N. DE LA RESI,,,Nuit avec éclairage allumé,En agglomération,Intersection en X,Normale,Deux véhicules - côté,,,,,,,,,,,5,2,2,1,3
200500081272,0005-12-17 20:40:00,5,12,17,20,40,440,109.0,"1, RUE DE LA BRASSERIE",,,Nuit avec éclairage allumé,En agglomération,Intersection en T,Normale,Autre collision,,,,,,,,,,,5,2,3,1,6
200500081273,0005-12-17 00:45:00,5,12,17,0,45,440,109.0,RUE GAETAN RONDEAU,,,Nuit avec éclairage allumé,En agglomération,Hors intersection,Pluie légère,Autre collision,,,,,,,,,,,5,2,1,2,6
200500081274,0005-12-16 07:15:00,5,12,16,7,15,440,109.0,BOULEVARD JULES VERNE,,,Crépuscule ou aube,En agglomération,Hors intersection,Normale,Deux véhicules - côté,,,,,,,,,,,2,2,1,1,3
200500081275,0005-12-19 17:10:00,5,12,19,17,10,440,109.0,"13, RUE FELIBIEN",,,Crépuscule ou aube,En agglomération,Intersection en X,Temps couvert,Autre collision,,,,,,,,,,,2,2,2,8,6
200500081276,0005-12-15 18:10:00,5,12,15,18,10,440,109.0,BOULEVARD JULES VERNE,,,Nuit avec éclairage allumé,En agglomération,Hors intersection,Normale,Autre collision,,,,,,,,,,,5,2,1,1,6
200500081277,0005-12-17 22:15:00,5,12,17,22,15,440,109.0,RUE DE LA GAUDINIERE,,,Nuit avec éclairage allumé,En agglomération,Place,Normale,Sans collision,,,,,,,,,,,5,2,7,1,7
200500081278,0005-12-20 16:55:00,5,12,20,16,55,440,109.0,"1, QUAI CEINERAY",,,Nuit sans éclairage public,En agglomération,Intersection en X,Normale,Autre collision,,,,,,,,,,,3,2,2,1,6
200500081279,0005-12-21 11:27:00,5,12,21,11,27,440,109.0,"54, RUE DU LANDREAU",,,Plein jour,En agglomération,Passage à niveau,Normale,Autre collision,,,,,,,,,,,1,2,8,1,6
200500081280,0005-12-22 07:50:00,5,12,22,7,50,440,109.0,"51, BOULEVARD JEAN INGRE",,,Nuit avec éclairage allumé,En agglomération,Hors intersection,Normale,Autre collision,,,,,,,,,,,5,2,1,1,6
200500081281,0005-12-22 12:10:00,5,12,22,12,10,440,109.0,"., RUE JEAN JACQUES ROUS",,,Plein jour,En agglomération,Hors intersection,Normale,Autre collision,,,,,,,,,,,1,2,1,1,6
200500081282,0005-12-29 21:50:00,5,12,29,21,50,440,143.0,"20, RUE ARISTIDE BRIAND",,,Nuit avec éclairage allumé,En agglomération,Hors intersection,Normale,Deux véhicules - frontale,,,,,,,,,,,5,2,1,1,1
200500081283,0005-12-23 13:20:00,5,12,23,13,20,440,109.0,LADMIRAULT (PL),,,Plein jour,En agglomération,Giratoire,Normale,Autre collision,,,,,,,,,,,1,2,6,1,6
200500081284,0005-12-24 13:25:00,5,12,24,13,25,440,109.0,RUE FOURE,,,Plein jour,En agglomération,Intersection en T,Normale,Deux véhicules - frontale,,,,,,,,,,,1,2,3,1,1
200500081285,0005-12-24 09:20:00,5,12,24,9,20,440,109.0,", RUE PAUL BELLAMY",,,Plein jour,En agglomération,Hors intersection,Normale,Autre collision,,,,,,,,,,,1,2,1,1,6
200500081286,0005-12-24 10:25:00,5,12,24,10,25,440,109.0,"88, RUE DES RENARDS",,,Plein jour,En agglomération,Hors intersection,Temps éblouissant,Autre collision,,,,,,,,,,,1,2,1,7,6
200500081287,0005-12-24 15:50:00,5,12,24,15,50,440,109.0,"51, RUE GENERAL BUAT",,,Plein jour,En agglomération,Hors intersection,Normale,Deux véhicules - arrière,,,,,,,,,,,1,2,1,1,2
200500081288,0005-12-26 09:30:00,5,12,26,9,30,440,109.0,LADMIRAULT (PL),,,Plein jour,En agglomération,Hors intersection,Autre,Autre collision,,,,,,,,,,,1,2,1,9,6
200500081289,0005-12-26 18:35:00,5,12,26,18,35,440,109.0,"132, ROUTE DE RENNES",,,Nuit avec éclairage allumé,En agglomération,Hors intersection,Normale,Deux véhicules - côté,,,,,,,,,,,5,2,1,1,3
200500081290,0005-12-26 19:45:00,5,12,26,19,45,440,109.0,"72, BOULEVARD ERNEST DAL",,,Nuit avec éclairage allumé,En agglomération,Hors intersection,Normale,Autre collision,,,,,,,,,,,5,2,1,1,6
200500081291,0005-12-28 00:20:00,5,12,28,0,20,440,143.0,"73, RUE ARISTIDE BRIAND",,,Nuit avec éclairage allumé,En agglomération,Hors intersection,Normale,Deux véhicules - frontale,,,,,,,,,,,5,2,1,1,1
200500081292,0005-12-28 14:40:00,5,12,28,14,40,440,109.0,"17, RUE DE METZ",,,Plein jour,En agglomération,Hors intersection,Normale,Autre collision,,,,,,,,,,,1,2,1,1,6
200500081293,0005-12-28 20:45:00,5,12,28,20,45,440,109.0,"1, ROUTE DE GACHET",,,Nuit avec éclairage allumé,En agglomération,Hors intersection,Normale,Autre collision,,,,,,,,,,,5,2,1,1,6
200500081294,0005-12-28 19:45:00,5,12,28,19,45,440,109.0,"1, RUE JACQUES CARTIER",,,Nuit avec éclairage allumé,En agglomération,Giratoire,Normale,Deux véhicules - côté,,,,,,,,,,,5,2,6,1,3
200500081295,0005-12-09 18:10:00,5,12,9,18,10,440,109.0,PONT ARISTIDE BRIAND,,,Crépuscule ou aube,En agglomération,Hors intersection,Normale,Deux véhicules - côté,,,,,,,,,,,2,2,1,1,3
200500081296,0005-12-02 15:35:00,5,12,2,15,35,440,184.0,LÉRIOUX (RUE DU),,,Plein jour,En agglomération,Intersection en X,Vent fort / tempête,Deux véhicules - côté,,,,,,,,,,,1,2,2,6,3
200500081297,0005-12-02 17:45:00,5,12,2,17,45,440,184.0,"02, BROODCOORENS (RUE) D",,,Nuit avec éclairage allumé,En agglomération,Hors intersection,Pluie légère,Autre collision,,,,,,,,,,,5,2,1,2,6
200500081298,0005-12-03 05:30:00,5,12,3,5,30,440,184.0,RD 492 DU RP OCÉANIS AU,,,Nuit sans éclairage public,Hors agglomération,Hors intersection,Normale,Deux véhicules - côté,,,,,,,,,,,3,1,1,1,3
200500081299,0005-12-03 16:40:00,5,12,3,16,40,440,184.0,RD 47,,,Crépuscule ou aube,Hors agglomération,Hors intersection,Pluie légère,Deux véhicules - côté,,,,,,,,,,,2,1,1,2,3
200500081300,0005-12-06 14:30:00,5,12,6,14,30,440,184.0,"72, HUGO (BOULEVARD VICT",,,Plein jour,En agglomération,Hors intersection,Normale,Autre collision,,,,,,,,,,,1,2,1,1,6
200500081301,0005-12-07 19:20:00,5,12,7,19,20,440,184.0,"98, LAENNEC (BD DU DR RE",,,Nuit avec éclairage allumé,En agglomération,Hors intersection,Pluie forte,Deux véhicules - frontale,,,,,,,,,,,5,2,1,3,1
200500081302,0005-12-07 21:07:00,5,12,7,21,7,440,184.0,"60, LEFERME (BOULEVARD P",,,Nuit avec éclairage allumé,En agglomération,Hors intersection,Pluie forte,Deux véhicules - arrière,,,,,,,,,,,5,2,1,3,2
200500081303,0005-12-08 13:30:00,5,12,8,13,30,440,184.0,GUYANE (RUE DE LA),,,Plein jour,En agglomération,Hors intersection,Normale,Deux véhicules - côté,,,,,,,,,,,1,2,1,1,3
200500081304,0005-12-09 19:30:00,5,12,9,19,30,440,184.0,"25, GUÉRANDE (ROUTE DE)",,,Nuit sans éclairage public,Hors agglomération,Intersection en T,Normale,Deux véhicules - arrière,,,,,,,,,,,3,1,3,1,2
200500081305,0005-12-09 21:55:00,5,12,9,21,55,440,184.0,"01, ANJOU (RUE D') DU 01",,,Nuit avec éclairage allumé,En agglomération,Intersection en X,Normale,Deux véhicules - côté,,,,,,,,,,,5,2,2,1,3
200500081306,0005-12-11 17:20:00,5,12,11,17,20,440,184.0,"1, CHAILLON (RUE ETIENNE",,,Crépuscule ou aube,En agglomération,Intersection en X,Normale,Deux véhicules - côté,,,,,,,,,,,2,2,2,1,3
200500081307,0005-12-13 18:50:00,5,12,13,18,50,440,184.0,"27, GAUTIER (RUE HENRI)",,,Nuit avec éclairage allumé,En agglomération,Intersection en T,Normale,Deux véhicules - côté,,,,,,,,,,,5,2,3,1,3
200500081308,0005-12-19 18:05:00,5,12,19,18,5,440,184.0,"64, ALBERT I (BOULEVARD)",,,Nuit avec éclairage allumé,En agglomération,Hors intersection,Normale,Sans collision,,,,,,,,,,,5,2,1,1,7
200500081309,0005-12-20 14:25:00,5,12,20,14,25,440,184.0,"01, RACINE (RUE JEAN)",,,Plein jour,En agglomération,Intersection en T,Normale,Deux véhicules - côté,,,,,,,,,,,1,2,3,1,3
200500081310,0005-12-20 18:25:00,5,12,20,18,25,440,184.0,RD 971,,,Nuit avec éclairage allumé,En agglomération,Intersection en T,Normale,Deux véhicules - frontale,,,,,,,,,,,5,2,3,1,1
200500081311,0005-12-21 17:55:00,5,12,21,17,55,440,184.0,"20, GUÉRANDE (ROUTE DE)",,,Nuit avec éclairage non allumé,En agglomération,Hors intersection,Normale,Deux véhicules - côté,,,,,,,,,,,4,2,1,1,3
200500081312,0005-12-30 10:40:00,5,12,30,10,40,440,184.0,RD 92,,,Plein jour,En agglomération,Hors intersection,Pluie légère,Sans collision,,,,,,,,,,,1,2,1,2,7
200500081313,0005-12-04 20:30:00,5,12,4,20,30,450,68.0,"101, VOLTAIRE (RUE)",,,Nuit avec éclairage allumé,En agglomération,Hors intersection,Pluie forte,Autre collision,,,,,,,,,,,5,2,1,3,6
200500081314,0005-12-09 15:45:00,5,12,9,15,45,450,208.0,LIBERATION (RUE DE LA),,,Plein jour,En agglomération,Intersection en T,Normale,Deux véhicules - côté,,,,,,,,,,,1,2,3,1,3
200500081315,0005-12-23 13:10:00,5,12,23,13,10,450,208.0,Déviation RN7,,,Plein jour,Hors agglomération,Hors intersection,Normale,Trois véhicules et plus - collisions multiples,,,,,,,,,,,1,1,1,1,5
200500081316,0005-12-14 16:50:00,5,12,14,16,50,450,234.0,CHATELET (HALLES),,,Crépuscule ou aube,En agglomération,Intersection en T,Normale,Deux véhicules - frontale,,,,,,,,,,,2,2,3,1,1
200500081317,0005-12-03 08:05:00,5,12,3,8,5,450,234.0,"9, LEVY (RUE CLAUDE LEVY",,,Crépuscule ou aube,En agglomération,Hors intersection,Normale,Autre collision,,,,,,,,,,,2,2,1,1,6
200500081318,0005-12-01 15:20:00,5,12,1,15,20,450,234.0,"06, CARTIER (RUE JACQUES",,,Plein jour,En agglomération,Hors intersection,Normale,Autre collision,,,,,,,,,,,1,2,1,1,6
200500081319,0005-12-01 20:15:00,5,12,1,20,15,450,169.0,NATIONALE (ROUTE ),,,Nuit avec éclairage allumé,En agglomération,Intersection en T,Normale,Deux véhicules - arrière,,,,,,,,,,,5,2,3,1,2
200500081320,0005-12-02 18:55:00,5,12,2,18,55,450,234.0,LEVY (RUE CLAUDE LEVY),,,Nuit avec éclairage allumé,En agglomération,Intersection en Y,Pluie légère,Deux véhicules - côté,,,,,,,,,,,5,2,4,2,3
200500081321,0005-12-02 17:00:00,5,12,2,17,0,450,302.0,FERCHAUD (RUE HENRI),,,Nuit avec éclairage allumé,En agglomération,Hors intersection,Pluie légère,Autre collision,,,,,,,,,,,5,2,1,2,6
200500081322,0005-12-03 05:40:00,5,12,3,5,40,450,302.0,RN 60,,,Nuit avec éclairage non allumé,En agglomération,Hors intersection,Normale,Autre collision,,,,,,,,,,,4,2,1,1,6
200500081323,0005-12-05 07:30:00,5,12,5,7,30,450,234.0,BEAUMONTS (RUE DES),,,Crépuscule ou aube,En agglomération,Intersection en T,Normale,Deux véhicules - côté,,,,,,,,,,,2,2,3,1,3
200500081324,0005-12-05 11:05:00,5,12,5,11,5,450,234.0,EIFFEL (RUE GUSTAVE EIFF,,,Plein jour,En agglomération,Hors intersection,Temps couvert,Deux véhicules - frontale,,,,,,,,,,,1,2,1,8,1
200500081325,0005-12-04 20:25:00,5,12,4,20,25,450,285.0,RN 60,,,Nuit avec éclairage allumé,Hors agglomération,Intersection en X,Normale,Sans collision,,,,,,,,,,,5,1,2,1,7
200500081326,0005-12-06 11:25:00,5,12,6,11,25,450,285.0,RN 60,,,Plein jour,En agglomération,Hors intersection,Pluie forte,Deux véhicules - arrière,,,,,,,,,,,1,2,1,3,2
200500081327,0005-12-06 14:10:00,5,12,6,14,10,450,286.0,CORNAILLERE (RUE DE LA),,,Plein jour,En agglomération,Hors intersection,Pluie légère,Deux véhicules - arrière,,,,,,,,,,,1,2,1,2,2
200500081328,0005-12-10 20:25:00,5,12,10,20,25,450,235.0,"120, BATE (RUE DE LA)",,,Nuit sans éclairage public,Hors agglomération,Hors intersection,Normale,Autre collision,,,,,,,,,,,3,1,1,1,6
200500081329,0005-12-09 18:10:00,5,12,9,18,10,450,234.0,CYPIERRE (QUAI),,,Nuit avec éclairage allumé,En agglomération,Intersection en X,Normale,Deux véhicules - côté,,,,,,,,,,,5,2,2,1,3
200500081330,0005-12-13 07:30:00,5,12,13,7,30,450,285.0,BEAUHAIRE (RUE CHARLES),,,Crépuscule ou aube,En agglomération,Intersection en T,Normale,Deux véhicules - arrière,,,,,,,,,,,2,2,3,1,2
200500081331,0005-12-15 15:45:00,5,12,15,15,45,450,232.0,ARDON (ROUTE D'),,,Plein jour,En agglomération,Hors intersection,Normale,Deux véhicules - arrière,,,,,,,,,,,1,2,1,1,2
200500081332,0005-12-13 20:15:00,5,12,13,20,15,450,284.0,"11, LECLERC (AVENUE DU G",,,Nuit avec éclairage allumé,En agglomération,Hors intersection,Normale,Deux véhicules - côté,,,,,,,,,,,5,2,1,1,3
200500081333,0005-12-16 17:00:00,5,12,16,17,0,450,234.0,"69, SAINT MESMIN (AVENUE",,,Nuit avec éclairage allumé,En agglomération,Intersection en T,Pluie légère,Trois véhicules et plus - en chaîne,,,,,,,,,,,5,2,3,2,4
200500081334,0005-12-18 17:20:00,5,12,18,17,20,450,284.0,"130 ter, FAUBOURG DE BOU",,,Nuit avec éclairage allumé,En agglomération,Hors intersection,Normale,Deux véhicules - côté,,,,,,,,,,,5,2,1,1,3
200500081335,0005-12-20 12:35:00,5,12,20,12,35,450,302.0,PASSE DEBOUT (RUE),,,Plein jour,En agglomération,Hors intersection,Normale,Deux véhicules - côté,,,,,,,,,,,1,2,1,1,3
200500081336,0005-12-19 10:00:00,5,12,19,10,0,450,234.0,"45, CARMES (RUE DES)",,,Plein jour,En agglomération,Hors intersection,Temps couvert,Autre collision,,,,,,,,,,,1,2,1,8,6
200500081337,0005-12-20 18:10:00,5,12,20,18,10,450,234.0,GARE (RUE DE LA GARE),,,Nuit avec éclairage allumé,En agglomération,Intersection en X,Normale,Deux véhicules - côté,,,,,,,,,,,5,2,2,1,3
200500081338,0005-12-22 08:30:00,5,12,22,8,30,450,234.0,"249, FAUBOURG BANNIER (R",,,Plein jour,En agglomération,Hors intersection,Normale,Deux véhicules - arrière,,,,,,,,,,,1,2,1,1,2
200500081339,0005-12-22 11:50:00,5,12,22,11,50,450,234.0,"109, CHATEAUDUN (BOULEVA",,,Plein jour,En agglomération,Hors intersection,Normale,Sans collision,,,,,,,,,,,1,2,1,1,7