accident_id,datetime,annee,mois,jour,heure,minute,departement,commune_insee,adresse,latitude,longitude,luminosite,agglomeration,intersection,meteo,collision,nb_vehicules,nb_usagers,nb_indemnes,nb_tues,nb_blesses_hosp,nb_blesses_legers,age_cond_1,age_cond_2,veh_type_cond_1,veh_type_cond_2,lum_code,agg_code,int_code,atm_code,col_code
200500081467,0005-12-09 18:56:00,5,12,9,18,56,540,483.0,"10, BADEL (RUE EMILE)",,,Nuit avec éclairage allumé,En agglomération,Intersection en X,Normale,Deux véhicules - côté,,,,,,,,,,,5,2,2,1,3
200500081468,0005-12-05 17:25:00,5,12,5,17,25,540,367.0,196 B (ROUTE DEPARTEMENT,,,Nuit sans éclairage public,Hors agglomération,Hors intersection,Pluie légère,Deux véhicules - arrière,,,,,,,,,,,3,1,1,2,2
200500081469,0005-12-08 08:30:00,5,12,8,8,30,540,329.0,RUE BANAUDON,,,Plein jour,En agglomération,Intersection en X,Pluie légère,Deux véhicules - frontale,,,,,,,,,,,1,2,2,2,1
200500081470,0005-12-01 07:20:00,5,12,1,7,20,540,184.0,BRIGACHTAL (AVENUE DE),,,Crépuscule ou aube,En agglomération,Intersection en X,Normale,Deux véhicules - côté,,,,,,,,,,,2,2,2,1,3
200500081471,0005-12-01 14:30:00,5,12,1,14,30,540,304.0,"1, SAINTOIS (RUE DU)",,,Plein jour,En agglomération,Hors intersection,Normale,Autre collision,,,,,,,,,,,1,2,1,1,6
200500081472,0005-12-01 15:30:00,5,12,1,15,30,540,547.0,"9, JAURES (AVENUE JEAN)",,,Plein jour,En agglomération,Hors intersection,Normale,Deux véhicules - frontale,,,,,,,,,,,1,2,1,1,1
200500081473,0005-12-02 12:45:00,5,12,2,12,45,540,395.0,MIRECOURT (ROUTE DE),,,Plein jour,En agglomération,Hors intersection,Pluie légère,Deux véhicules - arrière,,,,,,,,,,,1,2,1,2,2
200500081474,0005-12-02 08:15:00,5,12,2,8,15,540,395.0,VINGT SIXIEME R.I. (BOUL,,,Plein jour,Hors agglomération,Intersection en X,Normale,Deux véhicules - côté,,,,,,,,,,,1,1,2,1,3
200500081475,0005-12-02 11:45:00,5,12,2,11,45,540,357.0,"75, GAMBETTA (RUE)",,,Plein jour,En agglomération,Hors intersection,Pluie légère,Autre collision,,,,,,,,,,,1,2,1,2,6
200500081476,0005-12-02 12:55:00,5,12,2,12,55,540,395.0,STRASBOURG (AVENUE DE),,,Plein jour,En agglomération,Hors intersection,Pluie légère,Deux véhicules - côté,,,,,,,,,,,1,2,1,2,3
200500081477,0005-12-02 17:25:00,5,12,2,17,25,540,395.0,"1, Rue du Général Frère",,,Nuit avec éclairage allumé,En agglomération,Intersection en X,Pluie forte,Autre collision,,,,,,,,,,,5,2,2,3,6
200500081478,0005-12-02 17:55:00,5,12,2,17,55,540,578.0,BAUDRICOURT (BD DE),,,Nuit avec éclairage allumé,En agglomération,Intersection en X,Pluie légère,Autre collision,,,,,,,,,,,5,2,2,2,6
200500081479,0005-12-05 15:30:00,5,12,5,15,30,540,328.0,"1, MAZUROTS (RUE DES)",,,Plein jour,En agglomération,Hors intersection,Normale,Autre collision,,,,,,,,,,,1,2,1,1,6
200500081480,0005-12-03 11:40:00,5,12,3,11,40,540,395.0,CRONSTADT (RUE DE),,,Plein jour,En agglomération,Intersection en X,Normale,Deux véhicules - côté,,,,,,,,,,,1,2,2,1,3
200500081481,0005-12-03 17:45:00,5,12,3,17,45,540,395.0,"1, ARMEE PATTON (RUE DE",,,Nuit avec éclairage allumé,En agglomération,Intersection en X,Pluie légère,Autre collision,,,,,,,,,,,5,2,2,2,6
200500081482,0005-12-04 11:35:00,5,12,4,11,35,540,395.0,"59, SAINT GEORGES (RUE)",,,Plein jour,En agglomération,Hors intersection,Pluie légère,Autre collision,,,,,,,,,,,1,2,1,2,6
200500081483,0005-12-05 16:30:00,5,12,5,16,30,540,357.0,"1, RD 30",,,Crépuscule ou aube,En agglomération,Intersection en X,Normale,Autre collision,,,,,,,,,,,2,2,2,1,6
200500081484,0005-12-05 07:30:00,5,12,5,7,30,540,395.0,MILLENAIRE (PONT DU),,,Crépuscule ou aube,En agglomération,Hors intersection,Pluie légère,Deux véhicules - frontale,,,,,,,,,,,2,2,1,2,1
200500081485,0005-12-06 11:25:00,5,12,6,11,25,540,395.0,"10, SAINT GEORGES (RUE)",,,Plein jour,En agglomération,Intersection en X,Normale,Deux véhicules - côté,,,,,,,,,,,1,2,2,1,3
200500081486,0005-12-07 10:05:00,5,12,7,10,5,540,395.0,"10, CARNOT (PLACE)",,,Plein jour,En agglomération,Intersection en X,Normale,Deux véhicules - côté,,,,,,,,,,,1,2,2,1,3
200500081487,0005-12-07 12:05:00,5,12,7,12,5,540,395.0,LEOPOLD (COURS),,,Plein jour,En agglomération,Hors intersection,Normale,Deux véhicules - arrière,,,,,,,,,,,1,2,1,1,2
200500081488,0005-12-08 08:00:00,5,12,8,8,0,540,274.0,"3ter, EVRARD (RUE FRANCO",,,Crépuscule ou aube,En agglomération,Hors intersection,Pluie légère,Deux véhicules - côté,,,,,,,,,,,2,2,1,2,3
200500081489,0005-12-08 08:45:00,5,12,8,8,45,540,547.0,EUROPE (BOULEVARD DE L'),,,Plein jour,En agglomération,Hors intersection,Pluie légère,Deux véhicules - arrière,,,,,,,,,,,1,2,1,2,2
200500081490,0005-12-07 12:15:00,5,12,7,12,15,540,578.0,"1, ALBERT 1ER  (RUE)",,,Plein jour,En agglomération,Hors intersection,Normale,Sans collision,,,,,,,,,,,1,2,1,1,7
200500081491,0005-12-09 07:20:00,5,12,9,7,20,540,257.0,"1, PRUNUS (allée des)",,,Nuit avec éclairage allumé,En agglomération,Intersection en T,Normale,Autre collision,,,,,,,,,,,5,2,3,1,6
200500081492,0005-12-10 15:00:00,5,12,10,15,0,540,395.0,"1, CHANZY (RUE DE)",,,Plein jour,En agglomération,Intersection en X,Normale,Autre collision,,,,,,,,,,,1,2,2,1,6
200500081493,0005-12-10 15:38:00,5,12,10,15,38,540,395.0,"42, LORRAIN (QUAI CLAUDE",,,Plein jour,En agglomération,Intersection en X,Normale,Deux véhicules - côté,,,,,,,,,,,1,2,2,1,3
200500081494,0005-12-11 15:10:00,5,12,11,15,10,540,547.0,"1, LECLERC (AVENUE DU GE",,,Plein jour,En agglomération,Intersection en X,Normale,Deux véhicules - côté,,,,,,,,,,,1,2,2,1,3
200500081495,0005-12-12 18:50:00,5,12,12,18,50,540,395.0,BARRES (RUE MAURICE),,,Nuit avec éclairage allumé,En agglomération,Intersection en X,Pluie légère,Autre collision,,,,,,,,,,,5,2,2,2,6
200500081496,0005-12-13 09:05:00,5,12,13,9,5,540,395.0,"10, SANTIFONTAINE (RUE D",,,Plein jour,En agglomération,Intersection en T,Normale,Deux véhicules - côté,,,,,,,,,,,1,2,3,1,3
200500081497,0005-12-14 13:25:00,5,12,14,13,25,540,304.0,"51, RESISTANCE (AV. DE L",,,Plein jour,En agglomération,Hors intersection,Normale,Autre collision,,,,,,,,,,,1,2,1,1,6
200500081498,0005-12-14 16:25:00,5,12,14,16,25,540,395.0,"39 Bis, SCARPONE (BD DE)",,,Plein jour,En agglomération,Hors intersection,Normale,Autre collision,,,,,,,,,,,1,2,1,1,6
200500081499,0005-12-15 15:20:00,5,12,15,15,20,540,395.0,"93 Ter, QUATRE EGLISES (",,,Plein jour,En agglomération,Hors intersection,Normale,Autre collision,,,,,,,,,,,1,2,1,1,6
200500081500,0005-12-15 16:30:00,5,12,15,16,30,540,395.0,"12, LACRETELLE (RUE)",,,Crépuscule ou aube,En agglomération,Hors intersection,Pluie légère,Autre collision,,,,,,,,,,,2,2,1,2,6
200500081501,0005-12-15 17:20:00,5,12,15,17,20,540,395.0,"253, LIBERATION (AVENUE",,,Nuit avec éclairage allumé,En agglomération,Hors intersection,Normale,Autre collision,,,,,,,,,,,5,2,1,1,6
200500081502,0005-12-17 19:15:00,5,12,17,19,15,540,395.0,"1, AMANCE  (RUE D')",,,Nuit avec éclairage allumé,En agglomération,Intersection en T,Pluie légère,Deux véhicules - côté,,,,,,,,,,,5,2,3,2,3
200500081503,0005-12-19 07:45:00,5,12,19,7,45,540,357.0,RD 30,,,Crépuscule ou aube,Hors agglomération,Intersection en X,Neige / grêle,Deux véhicules - côté,,,,,,,,,,,2,1,2,4,3
200500081504,0005-12-20 21:00:00,5,12,20,21,0,540,395.0,"1, MOLITOR (RUE)",,,Nuit avec éclairage allumé,En agglomération,Intersection en T,Normale,Autre collision,,,,,,,,,,,5,2,3,1,6
200500081505,0005-12-22 17:55:00,5,12,22,17,55,540,395.0,"158, LIBERATION (AVENUE",,,Nuit avec éclairage allumé,Hors agglomération,Intersection en Y,Pluie légère,Trois véhicules et plus - en chaîne,,,,,,,,,,,5,1,4,2,4
200500081506,0005-12-22 17:40:00,5,12,22,17,40,540,395.0,", LIBERATION (AVENUE DE",,,Nuit avec éclairage allumé,En agglomération,Intersection en T,Pluie légère,Autre collision,,,,,,,,,,,5,2,3,2,6
200500081507,0005-12-23 00:20:00,5,12,23,0,20,540,395.0,"1, SCARPONE (BD DE)",,,Nuit avec éclairage allumé,En agglomération,Hors intersection,Normale,Autre collision,,,,,,,,,,,5,2,1,1,6
200500081508,0005-12-25 18:20:00,5,12,25,18,20,540,482.0,CARNOT (AVENUE),,,Nuit avec éclairage allumé,En agglomération,Hors intersection,Normale,Deux véhicules - arrière,,,,,,,,,,,5,2,1,1,2
200500081509,0005-12-28 16:00:00,5,12,28,16,0,540,304.0,"48, RESISTANCE (AV. DE L",,,Plein jour,En agglomération,Intersection en X,Normale,Deux véhicules - côté,,,,,,,,,,,1,2,2,1,3
200500081510,0005-12-02 07:55:00,5,12,2,7,55,540,431.0,"44, GAMBETTA (RUE)",,,Plein jour,En agglomération,Hors intersection,Normale,Deux véhicules - côté,,,,,,,,,,,1,2,1,1,3
200500081511,0005-12-02 18:58:00,5,12,2,18,58,540,431.0,BRIEY (ROUTE DE),,,Nuit avec éclairage allumé,En agglomération,Intersection en T,Pluie légère,Deux véhicules - côté,,,,,,,,,,,5,2,3,2,3
200500081512,0005-12-12 18:15:00,5,12,12,18,15,540,431.0,DE GAULLE (AVENUE),,,Nuit avec éclairage allumé,En agglomération,Intersection en T,Normale,Deux véhicules - côté,,,,,,,,,,,5,2,3,1,3
200500081513,0005-12-09 12:10:00,5,12,9,12,10,540,431.0,"197, CHAMPAGNE (AVENUE D",,,Plein jour,En agglomération,Hors intersection,Normale,Deux véhicules - arrière,,,,,,,,,,,1,2,1,1,2
200500081514,0005-12-16 17:05:00,5,12,16,17,5,540,431.0,"33, DE GAULLE (AVENUE)",,,Nuit avec éclairage allumé,En agglomération,Hors intersection,Pluie légère,Deux véhicules - arrière,,,,,,,,,,,5,2,1,2,2
200500081515,0005-12-01 15:30:00,5,12,1,15,30,540,528.0,DES ANCIENS RESISTANTS D,,,Plein jour,En agglomération,Hors intersection,Normale,Deux véhicules - arrière,,,,,,,,,,,1,2,1,1,2
200500081516,0005-12-10 15:15:00,5,12,10,15,15,540,528.0,"12, GOUVION SAINT CYR",,,Plein jour,En agglomération,Hors intersection,Temps éblouissant,Deux véhicules - arrière,,,,,,,,,,,1,2,1,7,2
200500081517,0005-12-12 17:50:00,5,12,12,17,50,540,167.0,RD400,,,Nuit avec éclairage allumé,Hors agglomération,Intersection en X,Pluie légère,Deux véhicules - côté,,,,,,,,,,,5,1,2,2,3
200500081518,0005-12-07 07:35:00,5,12,7,7,35,540,528.0,RD960,,,Crépuscule ou aube,Hors agglomération,Intersection en T,Normale,Deux véhicules - côté,,,,,,,,,,,2,1,3,1,3
200500081519,0005-12-16 17:40:00,5,12,16,17,40,540,528.0,DES ANCIENS COMBATTANTS,,,Nuit avec éclairage allumé,En agglomération,Hors intersection,Pluie légère,Autre collision,,,,,,,,,,,5,2,1,2,6
200500081520,0005-12-16 17:30:00,5,12,16,17,30,540,528.0,VERDUN,,,Nuit avec éclairage allumé,En agglomération,Hors intersection,Pluie légère,Autre collision,,,,,,,,,,,5,2,1,2,6
200500081521,0005-12-21 17:50:00,5,12,21,17,50,540,528.0,"7, VERDUN",,,Nuit sans éclairage public,En agglomération,Hors intersection,Normale,Autre collision,,,,,,,,,,,3,2,1,1,6
200500081522,0005-12-20 14:00:00,5,12,20,14,0,550,186.0,"42, CHATEAU ( RUE DU )",,,Plein jour,En agglomération,Hors intersection,Pluie légère,Deux véhicules - côté,,,,,,,,,,,1,2,1,2,3
200500081523,0005-12-02 23:05:00,5,12,2,23,5,550,545.0,HUIT MAI 1945 ( DU ),,,Nuit avec éclairage allumé,En agglomération,Hors intersection,Temps couvert,Sans collision,,,,,,,,,,,5,2,1,8,7
200500081524,0005-12-15 17:20:00,5,12,15,17,20,550,43.0,DE GAULLE (GENERAL),,,Nuit avec éclairage allumé,En agglomération,Hors intersection,Normale,Sans collision,,,,,,,,,,,5,2,1,1,7
200500081525,0005-12-15 17:45:00,5,12,15,17,45,550,505.0,VARENNES (ROUTE DE ),,,Nuit avec éclairage allumé,En agglomération,Hors intersection,Temps couvert,Deux véhicules - côté,,,,,,,,,,,5,2,1,8,3
200500081526,0005-12-19 08:25:00,5,12,19,8,25,550,545.0,CHARLEMAGNE,,,Plein jour,En agglomération,Hors intersection,Temps couvert,Sans collision,,,,,,,,,,,1,2,1,8,7
200500081527,0005-12-23 18:00:00,5,12,23,18,0,550,545.0,CHARLEMAGNE,,,Nuit avec éclairage allumé,En agglomération,Hors intersection,Temps couvert,Sans collision,,,,,,,,,,,5,2,1,8,7
200500081528,0005-12-25 17:45:00,5,12,25,17,45,550,545.0,MORT HOMME ( AVENUE DU ),,,Nuit avec éclairage allumé,En agglomération,Hors intersection,Temps couvert,Deux véhicules - frontale,,,,,,,,,,,5,2,1,8,1
200500081529,0005-12-01 14:11:00,5,12,1,14,11,560,121.0,"27, DUGUAY-TROUIN (RUE R",,,Plein jour,En agglomération,Hors intersection,Pluie légère,Autre collision,,,,,,,,,,,1,2,1,2,6
200500081530,0005-12-03 17:54:00,5,12,3,17,54,560,121.0,BRIAND ( PL ARISTIDE ),,,Nuit avec éclairage allumé,En agglomération,Hors intersection,Pluie forte,Autre collision,,,,,,,,,,,5,2,1,3,6
200500081531,0005-12-03 20:15:00,5,12,3,20,15,560,162.0,"29, DIVIT (RUE DU)",,,Nuit avec éclairage allumé,En agglomération,Hors intersection,Normale,Deux véhicules - côté,,,,,,,,,,,5,2,1,1,3
200500081532,0005-12-03 20:20:00,5,12,3,20,20,560,98.0,CROIZAT ( AVE AMBROISE ),,,Nuit avec éclairage allumé,En agglomération,Hors intersection,Pluie forte,Autre collision,,,,,,,,,,,5,2,1,3,6
200500081533,0005-12-06 09:31:00,5,12,6,9,31,560,121.0,GUIEYSSE (RUE  PAUL ),,,Plein jour,En agglomération,Hors intersection,Normale,Sans collision,,,,,,,,,,,1,2,1,1,7
200500081534,0005-12-06 16:50:00,5,12,6,16,50,560,83.0,LIBERATION ( AV. DE LA ),,,Plein jour,En agglomération,Hors intersection,Normale,Deux véhicules - côté,,,,,,,,,,,1,2,1,1,3
200500081535,0005-12-07 18:40:00,5,12,7,18,40,560,83.0,PORT LOUIS ( ROUTE),,,Nuit avec éclairage allumé,En agglomération,Autre intersection,Pluie forte,Deux véhicules - frontale,,,,,,,,,,,5,2,9,3,1
200500081536,0005-12-08 16:30:00,5,12,8,16,30,560,121.0,LE BIHAN (RUE  MOISE ),,,Plein jour,En agglomération,Hors intersection,Normale,Sans collision,,,,,,,,,,,1,2,1,1,7
200500081537,0005-12-08 18:50:00,5,12,8,18,50,560,121.0,GAMBETTA (RUE LEON),,,Nuit avec éclairage allumé,En agglomération,Intersection en T,Normale,Deux véhicules - côté,,,,,,,,,,,5,2,3,1,3
200500081538,0005-12-09 14:37:00,5,12,9,14,37,560,98.0,GAGARINE (RUE  YOURI ),,,Plein jour,En agglomération,Hors intersection,Normale,Deux véhicules - côté,,,,,,,,,,,1,2,1,1,3
200500081539,0005-12-09 18:20:00,5,12,9,18,20,560,121.0,"99, BLUM ( BD LEON )",,,Nuit avec éclairage allumé,En agglomération,Hors intersection,Normale,Autre collision,,,,,,,,,,,5,2,1,1,6
200500081540,0005-12-13 19:22:00,5,12,13,19,22,560,121.0,"10, MONISTROL (RUE)",,,Nuit avec éclairage allumé,En agglomération,Hors intersection,Normale,Autre collision,,,,,,,,,,,5,2,1,1,6
200500081541,0005-12-14 14:26:00,5,12,14,14,26,560,121.0,"97, BELGIQUE (RUE  DE )",,,Plein jour,En agglomération,Intersection en Y,Normale,Deux véhicules - côté,,,,,,,,,,,1,2,4,1,3
200500081542,0005-12-15 07:55:00,5,12,15,7,55,560,83.0,"00, BOTREL (RUE  THEODOR",,,Nuit avec éclairage allumé,En agglomération,Intersection en X,Normale,Deux véhicules - côté,,,,,,,,,,,5,2,2,1,3
200500081543,0005-12-15 15:26:00,5,12,15,15,26,560,98.0,"00, COLONEL FABIEN (RUE)",,,Plein jour,En agglomération,Intersection en X,Normale,Deux véhicules - côté,,,,,,,,,,,1,2,2,1,3
200500081544,0005-12-15 16:16:00,5,12,15,16,16,560,98.0,"00, LAGRANGE (RUE  LEO )",,,Plein jour,En agglomération,Intersection en T,Normale,Sans collision,,,,,,,,,,,1,2,3,1,7
200500081545,0005-12-17 17:40:00,5,12,17,17,40,560,83.0,"00, LIBERATION ( AV. DE",,,Crépuscule ou aube,En agglomération,Intersection en X,Normale,Deux véhicules - arrière,,,,,,,,,,,2,2,2,1,2
200500081546,0005-12-18 04:10:00,5,12,18,4,10,560,83.0,ROUTE NATIONALE  165,,,Nuit sans éclairage public,En agglomération,Hors intersection,Normale,Deux véhicules - arrière,,,,,,,,,,,3,2,1,1,2
200500081547,0005-12-18 20:05:00,5,12,18,20,5,560,162.0,"32, LARMOR (RUE DE)",,,Nuit avec éclairage allumé,En agglomération,Intersection en T,Normale,Deux véhicules - côté,,,,,,,,,,,5,2,3,1,3
200500081548,0005-12-23 16:20:00,5,12,23,16,20,560,162.0,"00, KERVERNOIS",,,Plein jour,En agglomération,Hors intersection,Normale,Sans collision,,,,,,,,,,,1,2,1,1,7
200500081549,0005-12-24 05:33:00,5,12,24,5,33,560,83.0,"00, PORT LOUIS ( ROUTE)",,,Nuit sans éclairage public,Hors agglomération,Hors intersection,Normale,Sans collision,,,,,,,,,,,3,1,1,1,7
200500081550,0005-12-26 00:40:00,5,12,26,0,40,560,162.0,"00, DEPARTEMENTALE 162",,,Nuit avec éclairage non allumé,Hors agglomération,Hors intersection,Normale,Sans collision,,,,,,,,,,,4,1,1,1,7
200500081551,0005-12-24 19:00:00,5,12,24,19,0,560,83.0,"00, VAILLANT ( AV. EDOUA",,,Nuit avec éclairage allumé,En agglomération,Intersection en X,Normale,Autre collision,,,,,,,,,,,5,2,2,1,6
200500081552,0005-12-26 10:40:00,5,12,26,10,40,560,162.0,"07, CROIZER (RUE LOUIS)",,,Plein jour,En agglomération,Hors intersection,Normale,Sans collision,,,,,,,,,,,1,2,1,1,7
200500081553,0005-12-28 12:51:00,5,12,28,12,51,560,121.0,"00, HENAFF ( ET IMP. JOS",,,Plein jour,En agglomération,Hors intersection,Normale,Sans collision,,,,,,,,,,,1,2,1,1,7
200500081554,0005-12-29 19:52:00,5,12,29,19,52,560,121.0,"00, TOUR DES PORTES (RUE",,,Nuit avec éclairage allumé,En agglomération,Intersection en T,Pluie légère,Deux véhicules - côté,,,,,,,,,,,5,2,3,2,3
200500081555,0005-12-29 18:06:00,5,12,29,18,6,560,98.0,"22, MITTERAND ( AV. FRAN",,,Nuit avec éclairage allumé,En agglomération,Intersection en X,Pluie légère,Deux véhicules - arrière,,,,,,,,,,,5,2,2,2,2
200500081556,0005-12-30 20:46:00,5,12,30,20,46,560,83.0,POMPIDOU ( AVENUE GEORGE,,,Nuit avec éclairage non allumé,En agglomération,Hors intersection,Normale,Autre collision,,,,,,,,,,,4,2,1,1,6
200500081557,0005-12-28 19:40:00,5,12,28,19,40,560,260.0,"., BOUCICAUT(RUE ARISTID",,,Nuit avec éclairage allumé,Hors agglomération,Hors intersection,Normale,Autre collision,,,,,,,,,,,5,1,1,1,6
200500081558,0005-12-02 02:05:00,5,12,2,2,5,560,260.0,"., KERVILER(AVENUE RENE",,,Nuit avec éclairage allumé,En agglomération,Hors intersection,Pluie forte,Autre collision,,,,,,,,,,,5,2,1,3,6
200500081559,0005-12-03 11:15:00,5,12,3,11,15,560,260.0,"., POMPIDOU(AVENUE GEORG",,,Plein jour,En agglomération,Hors intersection,Normale,Autre collision,,,,,,,,,,,1,2,1,1,6
200500081560,0005-12-06 15:00:00,5,12,6,15,0,560,260.0,RN 165 -SENS NANTES / LO,,,Plein jour,En agglomération,Hors intersection,Normale,Deux véhicules - arrière,,,,,,,,,,,1,2,1,1,2
200500081561,0005-12-12 09:13:00,5,12,12,9,13,560,260.0,RN 165 -SENS LORIENT / N,,,Plein jour,En agglomération,Hors intersection,Normale,Autre collision,,,,,,,,,,,1,2,1,1,6
200500081562,0005-12-26 07:33:00,5,12,26,7,33,560,260.0,"21, JUDE(RUE DU CAPITAIN",,,Plein jour,En agglomération,Hors intersection,Normale,Autre collision,,,,,,,,,,,1,2,1,1,6
200500081563,0005-12-01 18:48:00,5,12,1,18,48,560,260.0,"., VERDUN(AVENUE DE)",,,Nuit avec éclairage allumé,En agglomération,Intersection en T,Normale,Deux véhicules - côté,,,,,,,,,,,5,2,3,1,3
200500081564,0005-12-02 11:10:00,5,12,2,11,10,560,260.0,"., DECKER(RUE FRANCIS)",,,Plein jour,En agglomération,Hors intersection,Normale,Deux véhicules - frontale,,,,,,,,,,,1,2,1,1,1
200500081565,0005-12-03 18:15:00,5,12,3,18,15,560,260.0,"., RACKER(GIRATOIRE DU)",,,Nuit avec éclairage allumé,En agglomération,Giratoire,Normale,Deux véhicules - côté,,,,,,,,,,,5,2,6,1,3
200500081566,0005-12-04 15:40:00,5,12,4,15,40,560,260.0,"., JUDE(RUE DU CAPITAINE",,,Plein jour,En agglomération,Hors intersection,Normale,Deux véhicules - arrière,,,,,,,,,,,1,2,1,1,2
200500081567,0005-12-10 14:30:00,5,12,10,14,30,560,260.0,RN 165 -SENS NANTES / LO,,,Plein jour,En agglomération,Hors intersection,Normale,Trois véhicules et plus - en chaîne,,,,,,,,,,,1,2,1,1,4
200500081568,0005-12-23 13:30:00,5,12,23,13,30,560,260.0,"61, MARNE(AVENUE DE LA)",,,Plein jour,En agglomération,Hors intersection,Normale,Deux véhicules - côté,,,,,,,,,,,1,2,1,1,3
200500081569,0005-12-23 17:15:00,5,12,23,17,15,560,260.0,"30, PORT(RUE DU)",,,Plein jour,En agglomération,Hors intersection,Normale,Autre collision,,,,,,,,,,,1,2,1,1,6
200500081570,0005-12-03 22:05:00,5,12,3,22,5,570,227.0,BAUER (RUE) GIRATOIRE,,,Nuit avec éclairage allumé,En agglomération,Giratoire,Pluie légère,Autre collision,,,,,,,,,,,5,2,6,2,6
200500081571,0005-12-12 15:30:00,5,12,12,15,30,570,660.0,NATONALE(RUE)DE LA R.ST,,,Plein jour,En agglomération,Hors intersection,Normale,Deux véhicules - arrière,,,,,,,,,,,1,2,1,1,2
200500081572,0005-12-19 15:20:00,5,12,19,15,20,570,660.0,SCHOENECK(RUE DE)DU PONT,,,Plein jour,En agglomération,Hors intersection,Normale,Deux véhicules - frontale,,,,,,,,,,,1,2,1,1,1
200500081573,0005-12-18 13:00:00,5,12,18,13,0,570,660.0,NATIONALE(RUE)R.SCHOENEC,,,Plein jour,En agglomération,Intersection en X,Pluie légère,Autre collision,,,,,,,,,,,1,2,2,2,6
200500081574,0005-12-30 19:50:00,5,12,30,19,50,570,19.0,"13, ROMAINS (RUE DES)",,,Nuit avec éclairage allumé,En agglomération,Hors intersection,Neige / grêle,Deux véhicules - côté,,,,,,,,,,,5,2,1,4,3
200500081575,0005-12-08 08:10:00,5,12,8,8,10,570,143.0,"50, FOCH (RUE)",,,Crépuscule ou aube,En agglomération,Hors intersection,Pluie légère,Autre collision,,,,,,,,,,,2,2,1,2,6
200500081576,0005-12-13 17:00:00,5,12,13,17,0,570,143.0,CLEMENCEAU (RUE),,,Nuit avec éclairage allumé,En agglomération,Giratoire,Normale,Deux véhicules - côté,,,,,,,,,,,5,2,6,1,3
200500081577,0005-12-18 18:05:00,5,12,18,18,5,570,19.0,"1, TERRASSES DU SOLEIL (",,,Nuit avec éclairage allumé,En agglomération,Intersection en X,Normale,Deux véhicules - côté,,,,,,,,,,,5,2,2,1,3
200500081578,0005-12-01 18:30:00,5,12,1,18,30,570,463.0,STRASBOURG (AVENUE DE ),,,Nuit avec éclairage allumé,Hors agglomération,Hors intersection,Normale,Deux véhicules - arrière,,,,,,,,,,,5,1,1,1,2
200500081579,0005-12-02 17:40:00,5,12,2,17,40,570,480.0,"32, GENERAL FRANIATTE (R",,,Nuit avec éclairage allumé,En agglomération,Hors intersection,Pluie légère,Autre collision,,,,,,,,,,,5,2,1,2,6
200500081580,0005-12-02 17:50:00,5,12,2,17,50,570,463.0,LAURENT CHARLES MARECHAL,,,Nuit avec éclairage allumé,Hors agglomération,Hors intersection,Pluie forte,Autre collision,,,,,,,,,,,5,1,1,3,6
200500081581,0005-12-02 17:51:00,5,12,2,17,51,570,463.0,"63, GENERAL METMAN",,,Nuit avec éclairage allumé,En agglomération,Hors intersection,Pluie forte,Autre collision,,,,,,,,,,,5,2,1,3,6
200500081582,0005-12-04 00:40:00,5,12,4,0,40,570,616.0,PAUL LANGEVIN (AVENUE ),,,Nuit avec éclairage allumé,En agglomération,Intersection en X,Pluie légère,Deux véhicules - côté,,,,,,,,,,,5,2,2,2,3
200500081583,0005-12-06 17:55:00,5,12,6,17,55,570,463.0,"2, PARIS (RUE DE )",,,Nuit avec éclairage allumé,En agglomération,Hors intersection,Normale,Autre collision,,,,,,,,,,,5,2,1,1,6
200500081584,0005-12-07 08:05:00,5,12,7,8,5,570,480.0,"42, SAINT ANDRE (RUE )",,,Crépuscule ou aube,En agglomération,Intersection en X,Normale,Deux véhicules - côté,,,,,,,,,,,2,2,2,1,3
200500081585,0005-12-08 07:10:00,5,12,8,7,10,570,487.0,"36, VERDUN (RUE DE )",,,Nuit sans éclairage public,En agglomération,Hors intersection,Normale,Trois véhicules et plus - en chaîne,,,,,,,,,,,3,2,1,1,4
200500081586,0005-12-09 16:45:00,5,12,9,16,45,570,49.0,"00, CHAPELLE (RUE DE LA",,,Nuit avec éclairage allumé,En agglomération,Hors intersection,Normale,Autre collision,,,,,,,,,,,5,2,1,1,6
200500081587,0005-12-09 18:00:00,5,12,9,18,0,570,463.0,"00, FAUBOURG (RUE DU )",,,Nuit avec éclairage allumé,Hors agglomération,Hors intersection,Normale,Autre collision,,,,,,,,,,,5,1,1,1,6
200500081588,0005-12-10 22:35:00,5,12,10,22,35,570,463.0,"1, TOULOUSE (RUE DE )",,,Nuit avec éclairage allumé,En agglomération,Intersection en T,Normale,Autre collision,,,,,,,,,,,5,2,3,1,6
200500081589,0005-12-15 06:45:00,5,12,15,6,45,570,463.0,"00, DEUX FONTAINES (AVEN",,,Nuit avec éclairage allumé,En agglomération,Hors intersection,Normale,Autre collision,,,,,,,,,,,5,2,1,1,6
200500081590,0005-12-15 19:05:00,5,12,15,19,5,570,463.0,"06, DOCTEUR SCHWEITZER (",,,Nuit avec éclairage allumé,En agglomération,Hors intersection,Temps couvert,Autre collision,,,,,,,,,,,5,2,1,8,6
200500081591,0005-12-15 21:15:00,5,12,15,21,15,570,751.0,"00, GENERAL DE GAULLE (R",,,Nuit avec éclairage allumé,En agglomération,Intersection en Y,Autre,Autre collision,,,,,,,,,,,5,2,4,9,6