accident_id,datetime,annee,mois,jour,heure,minute,departement,commune_insee,adresse,latitude,longitude,luminosite,agglomeration,intersection,meteo,collision,nb_vehicules,nb_usagers,nb_indemnes,nb_tues,nb_blesses_hosp,nb_blesses_legers,age_cond_1,age_cond_2,veh_type_cond_1,veh_type_cond_2,lum_code,agg_code,int_code,atm_code,col_code
200500081592,0005-12-16 14:50:00,5,12,16,14,50,570,463.0,"00, FOCH (AVENUE )",,,Plein jour,Hors agglomération,Hors intersection,Pluie légère,Autre collision,,,,,,,,,,,1,1,1,2,6
200500081593,0005-12-17 09:40:00,5,12,17,9,40,570,463.0,"00, TREVES (BOULEVARD DE",,,Plein jour,Hors agglomération,Hors intersection,Normale,Trois véhicules et plus - en chaîne,,,,,,,,,,,1,1,1,1,4
200500081594,0005-12-19 06:45:00,5,12,19,6,45,570,463.0,"00, LORRY (ROUTE DE )",,,Nuit avec éclairage allumé,Hors agglomération,Intersection en T,Pluie légère,Deux véhicules - côté,,,,,,,,,,,5,1,3,2,3
200500081595,0005-12-19 19:30:00,5,12,19,19,30,570,751.0,"6, THIONVILLE (AVENUE )",,,Nuit avec éclairage allumé,En agglomération,Hors intersection,Normale,Deux véhicules - frontale,,,,,,,,,,,5,2,1,1,1
200500081596,0005-12-20 13:30:00,5,12,20,13,30,570,480.0,"46, MARLY (RUE DE )",,,Plein jour,En agglomération,Hors intersection,Normale,Autre collision,,,,,,,,,,,1,2,1,1,6
200500081597,0005-12-21 15:15:00,5,12,21,15,15,570,463.0,METZ PLAGE (ALLEE DE ),,,Plein jour,Hors agglomération,Hors intersection,Normale,Autre collision,,,,,,,,,,,1,1,1,1,6
200500081598,0005-12-20 20:05:00,5,12,20,20,5,570,463.0,"0, ANDRE MALRAUX (AVENUE",,,Nuit avec éclairage allumé,Hors agglomération,Intersection en T,Pluie légère,Deux véhicules - côté,,,,,,,,,,,5,1,3,2,3
200500081599,0005-12-22 09:45:00,5,12,22,9,45,570,463.0,"57/59, SERPENOISE (RUE )",,,Plein jour,Hors agglomération,Hors intersection,Normale,Autre collision,,,,,,,,,,,1,1,1,1,6
200500081600,0005-12-23 18:35:00,5,12,23,18,35,570,463.0,"00, PERE SCHEIL (RUE DU",,,Nuit avec éclairage allumé,En agglomération,Intersection en T,Pluie légère,Autre collision,,,,,,,,,,,5,2,3,2,6
200500081601,0005-12-25 17:25:00,5,12,25,17,25,570,463.0,"24, LORRY (ROUTE DE )",,,Nuit avec éclairage allumé,En agglomération,Hors intersection,Normale,Autre collision,,,,,,,,,,,5,2,1,1,6
200500081602,0005-12-20 17:20:00,5,12,20,17,20,570,606.0,POILUS (PASSAGE DES),,,Nuit avec éclairage allumé,En agglomération,Intersection en T,Normale,Autre collision,,,,,,,,,,,5,2,3,1,6
200500081603,0005-12-31 14:50:00,5,12,31,14,50,570,606.0,"3, CLEMENCEAU (AVENUE GE",,,Plein jour,En agglomération,Hors intersection,Normale,Autre collision,,,,,,,,,,,1,2,1,1,6
200500081604,0005-12-14 09:35:00,5,12,14,9,35,570,606.0,CHARPENTIER (RUE GUSTAVE,,,Plein jour,En agglomération,Hors intersection,Normale,Autre collision,,,,,,,,,,,1,2,1,1,6
200500081605,0005-12-05 15:15:00,5,12,5,15,15,570,606.0,"0000000000, BRACK (RUE D",,,Plein jour,En agglomération,Hors intersection,Pluie légère,Deux véhicules - côté,,,,,,,,,,,1,2,1,2,3
200500081606,0005-12-09 12:10:00,5,12,9,12,10,570,606.0,"11, PATTON (AVENUE DU GE",,,Plein jour,En agglomération,Hors intersection,Normale,Autre collision,,,,,,,,,,,1,2,1,1,6
200500081607,0005-12-02 18:30:00,5,12,2,18,30,570,630.0,SARREGUEMINES,,,Nuit avec éclairage allumé,En agglomération,Hors intersection,Pluie légère,Autre collision,,,,,,,,,,,5,2,1,2,6
200500081608,0005-12-20 20:45:00,5,12,20,20,45,570,566.0,NOVEMBRE (RUE DU 21),,,Nuit avec éclairage allumé,En agglomération,Intersection en T,Normale,Autre collision,,,,,,,,,,,5,2,3,1,6
200500081609,0005-12-18 18:20:00,5,12,18,18,20,570,630.0,STRASBOURG,,,Nuit avec éclairage allumé,En agglomération,Hors intersection,Pluie légère,Autre collision,,,,,,,,,,,5,2,1,2,6
200500081610,0005-12-23 15:15:00,5,12,23,15,15,570,630.0,MANGIN (GENERAL),,,Plein jour,En agglomération,Intersection en X,Normale,Deux véhicules - frontale,,,,,,,,,,,1,2,2,1,1
200500081611,0005-12-01 07:15:00,5,12,1,7,15,570,757.0,BOUZONVILLE (ROUTE DE),,,Crépuscule ou aube,Hors agglomération,Hors intersection,Autre,Autre collision,,,,,,,,,,,2,1,1,9,6
200500081612,0005-12-02 07:21:00,5,12,2,7,21,570,672.0,VOLKRANGE (ROUTE DE),,,Crépuscule ou aube,Hors agglomération,Hors intersection,Normale,Sans collision,,,,,,,,,,,2,1,1,1,7
200500081613,0005-12-02 07:15:00,5,12,2,7,15,570,672.0,VOLKRANGE (ROUTE DE),,,Crépuscule ou aube,Hors agglomération,Hors intersection,Normale,Sans collision,,,,,,,,,,,2,1,1,1,7
200500081614,0005-12-02 17:15:00,5,12,2,17,15,570,221.0,"114, GRAND'RUE",,,Nuit avec éclairage allumé,En agglomération,Hors intersection,Pluie forte,Autre collision,,,,,,,,,,,5,2,1,3,6
200500081615,0005-12-06 05:18:00,5,12,6,5,18,570,306.0,"165, FOCH (RUE)",,,Nuit avec éclairage allumé,En agglomération,Hors intersection,Pluie légère,Deux véhicules - frontale,,,,,,,,,,,5,2,1,2,1
200500081616,0005-12-08 09:35:00,5,12,8,9,35,570,672.0,", ARLON (ROUTE D')",,,Plein jour,Hors agglomération,Hors intersection,Pluie légère,Autre collision,,,,,,,,,,,1,1,1,2,6
200500081617,0005-12-08 16:10:00,5,12,8,16,10,570,306.0,"29, MOULIN (RUE JEAN)",,,Crépuscule ou aube,En agglomération,Hors intersection,Pluie légère,Autre collision,,,,,,,,,,,2,2,1,2,6
200500081618,0005-12-09 18:55:00,5,12,9,18,55,570,368.0,"271, RIMMEL (RUE VICTOR)",,,Nuit avec éclairage allumé,En agglomération,Hors intersection,Pluie légère,Deux véhicules - frontale,,,,,,,,,,,5,2,1,2,1
200500081619,0005-12-09 21:30:00,5,12,9,21,30,570,368.0,"277, RIMMEL (RUE VICTOR)",,,Nuit avec éclairage allumé,En agglomération,Hors intersection,Normale,Deux véhicules - côté,,,,,,,,,,,5,2,1,1,3
200500081620,0005-12-11 17:40:00,5,12,11,17,40,570,306.0,"113, VERDUN (RUE DE)",,,Nuit avec éclairage allumé,En agglomération,Hors intersection,Normale,Deux véhicules - arrière,,,,,,,,,,,5,2,1,1,2
200500081621,0005-12-10 16:05:00,5,12,10,16,5,570,672.0,"0, FERRONNIER (BOUCLE DU",,,Plein jour,Hors agglomération,Hors intersection,Normale,Autre collision,,,,,,,,,,,1,1,1,1,6
200500081622,0005-12-09 05:55:00,5,12,9,5,55,570,672.0,VOLKRANGE (ROUTE DE),,,Nuit sans éclairage public,Hors agglomération,Hors intersection,Brouillard / fumée,Sans collision,,,,,,,,,,,3,1,1,5,7
200500081623,0005-12-10 17:40:00,5,12,10,17,40,570,672.0,"1, MAILLET (RUE DU)",,,Crépuscule ou aube,En agglomération,Hors intersection,Normale,Deux véhicules - côté,,,,,,,,,,,2,2,1,1,3
200500081624,0005-12-09 18:30:00,5,12,9,18,30,570,672.0,"1, OCEANIE (CHAUSSEE D')",,,Nuit avec éclairage allumé,En agglomération,Hors intersection,Normale,Autre collision,,,,,,,,,,,5,2,1,1,6
200500081625,0005-12-16 18:30:00,5,12,16,18,30,570,672.0,"32, LONGWY (ROUTE DE)",,,Nuit avec éclairage allumé,En agglomération,Hors intersection,Pluie légère,Autre collision,,,,,,,,,,,5,2,1,2,6
200500081626,0005-12-17 11:15:00,5,12,17,11,15,570,672.0,"ALLEE F, LIBERTE (PLACE",,,Plein jour,En agglomération,Hors intersection,Normale,Autre collision,,,,,,,,,,,1,2,1,1,6
200500081627,0005-12-17 10:00:00,5,12,17,10,0,570,672.0,"15, BOURGOGNE (RUE DE)",,,Plein jour,En agglomération,Hors intersection,Pluie légère,Deux véhicules - côté,,,,,,,,,,,1,2,1,2,3
200500081628,0005-12-22 16:55:00,5,12,22,16,55,570,306.0,"2a, MENDES FRANCE (RUE P",,,Nuit avec éclairage allumé,En agglomération,Hors intersection,Pluie légère,Autre collision,,,,,,,,,,,5,2,1,2,6
200500081629,0005-12-26 14:30:00,5,12,26,14,30,570,757.0,NATIONALE (RUE),,,Plein jour,En agglomération,Intersection en X,Neige / grêle,Deux véhicules - côté,,,,,,,,,,,1,2,2,4,3
200500081630,0005-12-25 04:35:00,5,12,25,4,35,570,672.0,CRAUSER (QUAI),,,Nuit avec éclairage allumé,En agglomération,Autre intersection,Pluie légère,Autre collision,,,,,,,,,,,5,2,9,2,6
200500081631,0005-12-23 14:35:00,5,12,23,14,35,570,672.0,"1, CYGNE (RUE DU)",,,Plein jour,En agglomération,Hors intersection,Pluie légère,Deux véhicules - arrière,,,,,,,,,,,1,2,1,2,2
200500081632,0005-12-10 13:25:00,5,12,10,13,25,580,194.0,"25, MARZY",,,Plein jour,En agglomération,Hors intersection,Normale,Sans collision,,,,,,,,,,,1,2,1,1,7
200500081633,0005-12-25 15:40:00,5,12,25,15,40,580,194.0,"43bis, SAINT MARTIN",,,Plein jour,En agglomération,Intersection en T,Normale,Sans collision,,,,,,,,,,,1,2,3,1,7
200500081634,0005-12-05 15:55:00,5,12,5,15,55,580,194.0,JACQUES DUCLOS,,,Plein jour,En agglomération,Intersection en X,Normale,Deux véhicules - côté,,,,,,,,,,,1,2,2,1,3
200500081635,0005-12-06 16:18:00,5,12,6,16,18,580,194.0,COLBERT,,,Plein jour,En agglomération,Intersection en T,Pluie légère,Deux véhicules - côté,,,,,,,,,,,1,2,3,2,3
200500081636,0005-12-07 02:35:00,5,12,7,2,35,580,194.0,BARATTE (FAUBOURG),,,Nuit sans éclairage public,En agglomération,Hors intersection,Pluie légère,Autre collision,,,,,,,,,,,3,2,1,2,6
200500081637,0005-12-08 12:10:00,5,12,8,12,10,580,194.0,"22, MANTOUE (QUAI)",,,Plein jour,En agglomération,Hors intersection,Normale,Autre collision,,,,,,,,,,,1,2,1,1,6
200500081638,0005-12-11 16:30:00,5,12,11,16,30,580,194.0,GRAND PRE DES BORDES,,,Plein jour,En agglomération,Intersection en X,Normale,Deux véhicules - côté,,,,,,,,,,,1,2,2,1,3
200500081639,0005-12-10 10:10:00,5,12,10,10,10,580,194.0,"33, PREFECTURE",,,Plein jour,Hors agglomération,Hors intersection,Normale,Deux véhicules - arrière,,,,,,,,,,,1,1,1,1,2
200500081640,0005-12-26 14:00:00,5,12,26,14,0,580,194.0,MARZY,,,Plein jour,En agglomération,Intersection en X,Normale,Deux véhicules - côté,,,,,,,,,,,1,2,2,1,3
200500081641,0005-12-08 11:10:00,5,12,8,11,10,590,143.0,"2091, NATIONALE (ROUTE)I",,,Plein jour,En agglomération,Intersection en X,Normale,Deux véhicules - côté,,,,,,,,,,,1,2,2,1,3
200500081642,0005-12-08 12:10:00,5,12,8,12,10,590,17.0,"26, DENIS PAPIN (RUE)",,,Plein jour,En agglomération,Intersection en T,Normale,Deux véhicules - côté,,,,,,,,,,,1,2,3,1,3
200500081643,0005-12-18 21:00:00,5,12,18,21,0,590,17.0,GENERAL DE GAULLE (PLACE,,,Nuit avec éclairage allumé,En agglomération,Intersection en X,Normale,Deux véhicules - côté,,,,,,,,,,,5,2,2,1,3
200500081644,0005-12-18 15:55:00,5,12,18,15,55,590,68.0,route de pont sur sambre,,,Plein jour,Hors agglomération,Hors intersection,Autre,Deux véhicules - frontale,,,,,,,,,,,1,1,1,9,1
200500081645,0005-12-25 12:35:00,5,12,25,12,35,590,43.0,"63, SAINT JANS CAPPEL (R",,,Plein jour,En agglomération,Hors intersection,Temps éblouissant,Deux véhicules - côté,,,,,,,,,,,1,2,1,7,3
200500081646,0005-12-18 03:45:00,5,12,18,3,45,590,43.0,"1479, HAZEBROUCK (ROUTE)",,,Nuit avec éclairage allumé,Hors agglomération,Hors intersection,Normale,Sans collision,,,,,,,,,,,5,1,1,1,7
200500081647,0005-12-24 21:20:00,5,12,24,21,20,590,43.0,"167, PHARAON DE WINTER (",,,Nuit avec éclairage allumé,En agglomération,Hors intersection,Normale,Sans collision,,,,,,,,,,,5,2,1,1,7
200500081648,0005-12-18 19:55:00,5,12,18,19,55,590,122.0,CAUDRY (RUE DE),,,Nuit avec éclairage allumé,En agglomération,Hors intersection,Pluie légère,Autre collision,,,,,,,,,,,5,2,1,2,6
200500081649,0005-12-07 14:20:00,5,12,7,14,20,590,178.0,SAINT JACQUES (RUE),,,Plein jour,En agglomération,Intersection en T,Normale,Deux véhicules - côté,,,,,,,,,,,1,2,3,1,3
200500081650,0005-12-15 09:35:00,5,12,15,9,35,590,569.0,CARNOT (RUE),,,Plein jour,En agglomération,Hors intersection,Normale,Autre collision,,,,,,,,,,,1,2,1,1,6
200500081651,0005-12-13 17:45:00,5,12,13,17,45,590,654.0,JARDINAGE (RUE DU),,,Nuit avec éclairage allumé,En agglomération,Intersection en T,Normale,Autre collision,,,,,,,,,,,5,2,3,1,6
200500081652,0005-12-21 17:20:00,5,12,21,17,20,590,178.0,HAYEZ (BOULEVARD PAUL),,,Nuit avec éclairage allumé,En agglomération,Hors intersection,Normale,Autre collision,,,,,,,,,,,5,2,1,1,6
200500081653,0005-12-02 18:05:00,5,12,2,18,5,590,155.0,"000000, VAUBAN - BOULEVA",,,Nuit avec éclairage allumé,En agglomération,Hors intersection,Pluie légère,Deux véhicules - côté,,,,,,,,,,,5,2,1,2,3
200500081654,0005-12-02 21:50:00,5,12,2,21,50,590,271.0,RN 1,,,Nuit avec éclairage allumé,En agglomération,Hors intersection,Pluie légère,Autre collision,,,,,,,,,,,5,2,1,2,6
200500081655,0005-12-03 14:20:00,5,12,3,14,20,590,271.0,"20, SUWALKI - AVENUE",,,Plein jour,En agglomération,Hors intersection,Pluie légère,Autre collision,,,,,,,,,,,1,2,1,2,6
200500081656,0005-12-02 14:40:00,5,12,2,14,40,590,271.0,"40, ANCIEN VILLAGE - AVE",,,Plein jour,En agglomération,Hors intersection,Pluie légère,Autre collision,,,,,,,,,,,1,2,1,2,6
200500081657,0005-12-03 20:10:00,5,12,3,20,10,590,155.0,"0000, BERT PAUL - PONT",,,Nuit avec éclairage allumé,En agglomération,Intersection en X,Pluie légère,Deux véhicules - côté,,,,,,,,,,,5,2,2,2,3
200500081658,0005-12-07 15:15:00,5,12,7,15,15,590,155.0,"1, BERGUES CD 916 - ROUT",,,Plein jour,En agglomération,Intersection en X,Pluie légère,Trois véhicules et plus - collisions multiples,,,,,,,,,,,1,2,2,2,5
200500081659,0005-12-09 17:45:00,5,12,9,17,45,590,183.0,"4, ROYER",,,Crépuscule ou aube,En agglomération,Autre intersection,Normale,Sans collision,,,,,,,,,,,2,2,9,1,7
200500081660,0005-12-02 15:00:00,5,12,2,15,0,590,271.0,"1, COMMUNE DE PARIS - AV",,,Plein jour,En agglomération,Hors intersection,Normale,Sans collision,,,,,,,,,,,1,2,1,1,7
200500081661,0005-12-06 19:15:00,5,12,6,19,15,590,271.0,"6, LORRAINE",,,Nuit avec éclairage allumé,En agglomération,Hors intersection,Pluie forte,Sans collision,,,,,,,,,,,5,2,1,3,7
200500081662,0005-12-12 16:05:00,5,12,12,16,5,590,183.0,"., CARREL ARMAND",,,Plein jour,En agglomération,Hors intersection,Normale,Autre collision,,,,,,,,,,,1,2,1,1,6
200500081663,0005-12-12 17:45:00,5,12,12,17,45,590,271.0,"00000, ANCIEN VILLAGE -",,,Nuit avec éclairage allumé,En agglomération,Hors intersection,Normale,Deux véhicules - côté,,,,,,,,,,,5,2,1,1,3
200500081664,0005-12-02 12:05:00,5,12,2,12,5,590,183.0,"53, ROUSSEAU JEAN-JACQUE",,,Plein jour,En agglomération,Hors intersection,Normale,Deux véhicules - côté,,,,,,,,,,,1,2,1,1,3
200500081665,0005-12-15 18:00:00,5,12,15,18,0,590,540.0,BERTEAUX MAURICE - AVENU,,,Nuit avec éclairage allumé,En agglomération,Hors intersection,Normale,Sans collision,,,,,,,,,,,5,2,1,1,7
200500081666,0005-12-12 17:35:00,5,12,12,17,35,590,183.0,"., BENELUX - AVENUE",,,Nuit avec éclairage allumé,En agglomération,Hors intersection,Normale,Deux véhicules - frontale,,,,,,,,,,,5,2,1,1,1
200500081667,0005-12-16 22:55:00,5,12,16,22,55,590,183.0,"1, LIBERATION - AVENUE",,,Nuit avec éclairage allumé,En agglomération,Intersection en X,Normale,Deux véhicules - côté,,,,,,,,,,,5,2,2,1,3
200500081668,0005-12-19 17:30:00,5,12,19,17,30,590,183.0,"., MALO GASPARD - AVENUE",,,Nuit avec éclairage allumé,En agglomération,Hors intersection,Normale,Sans collision,,,,,,,,,,,5,2,1,1,7
200500081669,0005-12-20 17:40:00,5,12,20,17,40,590,183.0,"., HERBEAUX LOUIS - AVEN",,,Nuit avec éclairage allumé,En agglomération,Hors intersection,Normale,Autre collision,,,,,,,,,,,5,2,1,1,6
200500081670,0005-12-23 18:45:00,5,12,23,18,45,590,183.0,"., VANCASSEL PAUL",,,Nuit avec éclairage allumé,En agglomération,Hors intersection,Normale,Autre collision,,,,,,,,,,,5,2,1,1,6
200500081671,0005-12-27 05:00:00,5,12,27,5,0,590,271.0,"., RN 1",,,Nuit avec éclairage allumé,En agglomération,Hors intersection,Neige / grêle,Autre collision,,,,,,,,,,,5,2,1,4,6
200500081672,0005-12-24 11:15:00,5,12,24,11,15,590,249.0,GENERAL DE  GAULLE (AVEN,,,Plein jour,En agglomération,Hors intersection,Normale,Autre collision,,,,,,,,,,,1,2,1,1,6
200500081673,0005-12-31 17:00:00,5,12,31,17,0,590,249.0,"15, COUSIN CORBIER (RUE)",,,Nuit avec éclairage allumé,En agglomération,Hors intersection,Pluie légère,Autre collision,,,,,,,,,,,5,2,1,2,6
200500081674,0005-12-15 17:50:00,5,12,15,17,50,590,273.0,JOUHAUX (AVENUE LEON),,,Nuit sans éclairage public,En agglomération,Hors intersection,Normale,Autre collision,,,,,,,,,,,3,2,1,1,6
200500081675,0005-12-08 13:30:00,5,12,8,13,30,590,295.0,"46, DE LA GARE",,,Plein jour,En agglomération,Intersection en T,Normale,Deux véhicules - côté,,,,,,,,,,,1,2,3,1,3
200500081676,0005-12-13 07:55:00,5,12,13,7,55,590,295.0,"491, DE LA MOTTE AU BOIS",,,Nuit sans éclairage public,Hors agglomération,Hors intersection,Temps couvert,Deux véhicules - frontale,,,,,,,,,,,3,1,1,8,1
200500081677,0005-12-21 14:05:00,5,12,21,14,5,590,295.0,RN 42,,,Plein jour,Hors agglomération,Hors intersection,Temps couvert,Autre collision,,,,,,,,,,,1,1,1,8,6
200500081678,0005-12-31 11:00:00,5,12,31,11,0,590,295.0,"206, DE VIEUX BERQUIN (R",,,Plein jour,En agglomération,Hors intersection,Temps couvert,Autre collision,,,,,,,,,,,1,2,1,8,6
200500081679,0005-12-17 12:40:00,5,12,17,12,40,590,104.0,"125, EUGENE CHIMOT",,,Plein jour,En agglomération,Hors intersection,Neige / grêle,Deux véhicules - côté,,,,,,,,,,,1,2,1,4,3
200500081680,0005-12-01 17:00:00,5,12,1,17,0,590,350.0,"48, TURENNE RUE",,,Nuit avec éclairage allumé,En agglomération,Hors intersection,Normale,Autre collision,,,,,,,,,,,5,2,1,1,6
200500081681,0005-12-01 20:45:00,5,12,1,20,45,590,220.0,"Sans Objet, CARNOT RUE",,,Nuit avec éclairage allumé,En agglomération,Intersection en X,Normale,Autre collision,,,,,,,,,,,5,2,2,1,6
200500081682,0005-12-01 20:10:00,5,12,1,20,10,590,350.0,FAUBOURG D'ARRAS RUE,,,Nuit avec éclairage allumé,En agglomération,Hors intersection,Temps couvert,Deux véhicules - arrière,,,,,,,,,,,5,2,1,8,2
200500081683,0005-12-02 09:00:00,5,12,2,9,0,590,350.0,"148, WAZEMMES RUE DE N°6",,,Plein jour,En agglomération,Hors intersection,Pluie légère,Autre collision,,,,,,,,,,,1,2,1,2,6
200500081684,0005-12-03 12:15:00,5,12,3,12,15,590,328.0,"251, BOIS RUE DU",,,Plein jour,En agglomération,Hors intersection,Normale,Sans collision,,,,,,,,,,,1,2,1,1,7
200500081685,0005-12-03 11:50:00,5,12,3,11,50,590,350.0,"141, DOUAI RUE",,,Plein jour,En agglomération,Hors intersection,Pluie légère,Autre collision,,,,,,,,,,,1,2,1,2,6
200500081686,0005-12-04 16:15:00,5,12,4,16,15,590,350.0,"33, SAINT AMAND RUE",,,Plein jour,En agglomération,Hors intersection,Normale,Autre collision,,,,,,,,,,,1,2,1,1,6
200500081687,0005-12-05 08:00:00,5,12,5,8,0,590,527.0,DE LATTRE TASSIGNY AVN°2,,,Nuit avec éclairage allumé,En agglomération,Intersection en X,Pluie forte,Autre collision,,,,,,,,,,,5,2,2,3,6
200500081688,0005-12-05 18:05:00,5,12,5,18,5,590,507.0,FERRER FRANCISCO RUE,,,Nuit avec éclairage allumé,En agglomération,Intersection en X,Normale,Autre collision,,,,,,,,,,,5,2,2,1,6
200500081689,0005-12-05 18:15:00,5,12,5,18,15,590,193.0,"00, Seclin, rue de",,,Crépuscule ou aube,En agglomération,Intersection en Y,Normale,Deux véhicules - côté,,,,,,,,,,,2,2,4,1,3
200500081690,0005-12-06 18:40:00,5,12,6,18,40,590,378.0,"001, DELATTRE DE TASSIGN",,,Nuit avec éclairage allumé,En agglomération,Intersection en X,Normale,Deux véhicules - côté,,,,,,,,,,,5,2,2,1,3
200500081691,0005-12-06 20:20:00,5,12,6,20,20,590,360.0,GALILEE RUE,,,Nuit avec éclairage allumé,En agglomération,Hors intersection,Normale,Deux véhicules - arrière,,,,,,,,,,,5,2,1,1,2
200500081692,0005-12-07 08:00:00,5,12,7,8,0,590,9.0,"001, RECHERCHE RUE DE LA",,,Nuit avec éclairage allumé,En agglomération,Hors intersection,Pluie légère,Deux véhicules - côté,,,,,,,,,,,5,2,1,2,3
200500081693,0005-12-08 07:30:00,5,12,8,7,30,590,286.0,"49, VANDERHAGEN ALBERT R",,,Crépuscule ou aube,En agglomération,Hors intersection,Temps couvert,Autre collision,,,,,,,,,,,2,2,1,8,6
200500081694,0005-12-08 10:55:00,5,12,8,10,55,590,636.0,YPRES RUE D,,,Plein jour,En agglomération,Intersection en T,Normale,Autre collision,,,,,,,,,,,1,2,3,1,6
200500081695,0005-12-08 19:50:00,5,12,8,19,50,590,350.0,"001, CANTELEU RUE DE",,,Nuit avec éclairage allumé,En agglomération,Intersection en X,Normale,Autre collision,,,,,,,,,,,5,2,2,1,6
200500081696,0005-12-10 16:55:00,5,12,10,16,55,590,350.0,"560, DUNKERQUE AVENUE",,,Plein jour,En agglomération,Intersection en X,Normale,Autre collision,,,,,,,,,,,1,2,2,1,6
200500081697,0005-12-09 19:40:00,5,12,9,19,40,590,378.0,"Sans Objet, REPUBLIQUE A",,,Nuit avec éclairage allumé,En agglomération,Hors intersection,Normale,Autre collision,,,,,,,,,,,5,2,1,1,6
200500081698,0005-12-09 17:05:00,5,12,9,17,5,590,350.0,"Sans objet, VAUBAN BOULE",,,Crépuscule ou aube,Hors agglomération,Hors intersection,Normale,Autre collision,,,,,,,,,,,2,1,1,1,6
200500081699,0005-12-12 10:50:00,5,12,12,10,50,590,350.0,HEGEL RUE,,,Plein jour,En agglomération,Autre intersection,Pluie légère,Deux véhicules - côté,,,,,,,,,,,1,2,9,2,3
200500081700,0005-12-12 15:10:00,5,12,12,15,10,590,9.0,"00, OUEST BOULEVARD DE L",,,Plein jour,En agglomération,Intersection en T,Normale,Autre collision,,,,,,,,,,,1,2,3,1,6
200500081701,0005-12-13 07:45:00,5,12,13,7,45,590,350.0,"14, SOLFERINO RUE N°2 A",,,Crépuscule ou aube,En agglomération,Intersection en X,Normale,Deux véhicules - côté,,,,,,,,,,,2,2,2,1,3
200500081702,0005-12-13 11:50:00,5,12,13,11,50,590,350.0,LAMBRET OSCAR AVENUE,,,Plein jour,En agglomération,Hors intersection,Normale,Autre collision,,,,,,,,,,,1,2,1,1,6
200500081703,0005-12-13 17:15:00,5,12,13,17,15,590,350.0,"155, DUNKERQUE AVENUE",,,Crépuscule ou aube,En agglomération,Hors intersection,Pluie légère,Autre collision,,,,,,,,,,,2,2,1,2,6
200500081704,0005-12-14 12:10:00,5,12,14,12,10,590,350.0,DUNKERQUE AVENUE DE,,,Plein jour,En agglomération,Hors intersection,Normale,Autre collision,,,,,,,,,,,1,2,1,1,6
200500081705,0005-12-14 17:50:00,5,12,14,17,50,590,350.0,"219, FAUBOURG DE ROUBAIX",,,Nuit avec éclairage allumé,En agglomération,Hors intersection,Normale,Deux véhicules - côté,,,,,,,,,,,5,2,1,1,3
200500081706,0005-12-15 07:35:00,5,12,15,7,35,590,378.0,"673, REPUBLIQUE AV DE LA",,,Crépuscule ou aube,En agglomération,Hors intersection,Normale,Autre collision,,,,,,,,,,,2,2,1,1,6
200500081707,0005-12-15 08:00:00,5,12,15,8,0,590,350.0,"00, CANONNIERS RUE DES",,,Crépuscule ou aube,En agglomération,Hors intersection,Normale,Autre collision,,,,,,,,,,,2,2,1,1,6
200500081708,0005-12-15 09:45:00,5,12,15,9,45,590,648.0,CLEMENCEAU RUE,,,Plein jour,En agglomération,Intersection en T,Normale,Deux véhicules - côté,,,,,,,,,,,1,2,3,1,3
200500081709,0005-12-14 20:00:00,5,12,14,20,0,590,9.0,"Sans objet, JAURES JEAN",,,Nuit avec éclairage allumé,En agglomération,Hors intersection,Normale,Autre collision,,,,,,,,,,,5,2,1,1,6
200500081710,0005-12-15 19:15:00,5,12,15,19,15,590,350.0,"976, DUNKERQUE AVENUE",,,Plein jour,En agglomération,Hors intersection,Normale,Deux véhicules - côté,,,,,,,,,,,1,2,1,1,3
200500081711,0005-12-15 14:45:00,5,12,15,14,45,590,9.0,"Sans objet, DE VALMY BOU",,,Plein jour,En agglomération,Hors intersection,Normale,Autre collision,,,,,,,,,,,1,2,1,1,6
200500081712,0005-12-16 09:10:00,5,12,16,9,10,590,350.0,"14, BELFORT BOULEVARD DE",,,Plein jour,En agglomération,Hors intersection,Pluie légère,Autre collision,,,,,,,,,,,1,2,1,2,6
200500081713,0005-12-10 13:30:00,5,12,10,13,30,590,328.0,"00, LILLE RUE DE",,,Plein jour,En agglomération,Intersection en X,Normale,Autre collision,,,,,,,,,,,1,2,2,1,6
200500081714,0005-12-16 17:00:00,5,12,16,17,0,590,350.0,"11ter, BOURIGNON RUE",,,Crépuscule ou aube,En agglomération,Intersection en X,Pluie légère,Autre collision,,,,,,,,,,,2,2,2,2,6
200500081715,0005-12-17 07:40:00,5,12,17,7,40,590,378.0,"286, DELATTRE DE TASSIGN",,,Nuit avec éclairage allumé,En agglomération,Hors intersection,Normale,Autre collision,,,,,,,,,,,5,2,1,1,6
200500081716,0005-12-19 01:30:00,5,12,19,1,30,590,368.0,"Bretelle de sortie ""Vieu",,,Nuit avec éclairage allumé,Hors agglomération,Hors intersection,Pluie légère,Deux véhicules - côté,,,,,,,,,,,5,1,1,2,3
200500081717,0005-12-19 11:55:00,5,12,19,11,55,590,350.0,"43, VAUBAN BOULEVARD N°",,,Plein jour,En agglomération,Hors intersection,Pluie légère,Autre collision,,,,,,,,,,,1,2,1,2,6
200500081718,0005-12-19 13:40:00,5,12,19,13,40,590,350.0,"2, MAILLOTTE JEANNE RUE",,,Plein jour,En agglomération,Intersection en X,Normale,Autre collision,,,,,,,,,,,1,2,2,1,6