accident_id,datetime,annee,mois,jour,heure,minute,departement,commune_insee,adresse,latitude,longitude,luminosite,agglomeration,intersection,meteo,collision,nb_vehicules,nb_usagers,nb_indemnes,nb_tues,nb_blesses_hosp,nb_blesses_legers,age_cond_1,age_cond_2,veh_type_cond_1,veh_type_cond_2,lum_code,agg_code,int_code,atm_code,col_code
200500081846,0005-12-03 17:50:00,5,12,3,17,50,620,83.0,"4, HAILLICOURT ( RUE D'",,,Nuit avec éclairage allumé,En agglomération,Hors intersection,Pluie légère,Deux véhicules - arrière,,,,,,,,,,,5,2,1,2,2
200500081847,0005-12-04 13:30:00,5,12,4,13,30,620,108.0,", CALVAIRE",,,Plein jour,En agglomération,Intersection en X,Pluie forte,Deux véhicules - côté,,,,,,,,,,,1,2,2,3,3
200500081848,0005-12-24 17:30:00,5,12,24,17,30,620,108.0,"148, PARIS",,,Nuit avec éclairage allumé,En agglomération,Hors intersection,Temps couvert,Autre collision,,,,,,,,,,,5,2,1,8,6
200500081849,0005-12-29 19:00:00,5,12,29,19,0,620,119.0,"10, COUBERTIN ( RUE PIER",,,Crépuscule ou aube,En agglomération,Hors intersection,Normale,Autre collision,,,,,,,,,,,2,2,1,1,6
200500081850,0005-12-28 13:10:00,5,12,28,13,10,620,119.0,ARRAS ( RUE DU FAUBOURG,,,Plein jour,En agglomération,Hors intersection,Normale,Autre collision,,,,,,,,,,,1,2,1,1,6
200500081851,0005-12-01 19:20:00,5,12,1,19,20,620,119.0,NATIONALE ( ROUTE RN 41),,,Nuit avec éclairage allumé,Hors agglomération,Hors intersection,Temps couvert,Autre collision,,,,,,,,,,,5,1,1,8,6
200500081852,0005-12-17 17:45:00,5,12,17,17,45,620,119.0,VOLTAIRE ( BOULEVARD ),,,Nuit avec éclairage non allumé,En agglomération,Intersection en T,Normale,Deux véhicules - arrière,,,,,,,,,,,4,2,3,1,2
200500081853,0005-12-02 18:05:00,5,12,2,18,5,620,119.0,VERDUN ( RUE DE ),,,Nuit avec éclairage allumé,En agglomération,Intersection en T,Pluie légère,Deux véhicules - côté,,,,,,,,,,,5,2,3,2,3
200500081854,0005-12-23 21:00:00,5,12,23,21,0,620,119.0,"0, COPERNIC ( RUE )",,,Nuit avec éclairage allumé,En agglomération,Hors intersection,Normale,Deux véhicules - côté,,,,,,,,,,,5,2,1,1,3
200500081855,0005-12-26 16:00:00,5,12,26,16,0,620,119.0,MOLLET ( RUE GUY ),,,Plein jour,En agglomération,Hors intersection,Normale,Deux véhicules - côté,,,,,,,,,,,1,2,1,1,3
200500081856,0005-12-01 13:05:00,5,12,1,13,5,620,160.0,"0, NORMANDIE (Ave. de )",,,Plein jour,En agglomération,Intersection en X,Normale,Deux véhicules - côté,,,,,,,,,,,1,2,2,1,3
200500081857,0005-12-03 06:50:00,5,12,3,6,50,620,160.0,"0, GRANDE RUE",,,Nuit avec éclairage allumé,En agglomération,Intersection en X,Pluie légère,Deux véhicules - côté,,,,,,,,,,,5,2,2,2,3
200500081858,0005-12-08 15:20:00,5,12,8,15,20,620,178.0,"01, FRONDENBERG ( DE )",,,Plein jour,En agglomération,Hors intersection,Temps couvert,Autre collision,,,,,,,,,,,1,2,1,8,6
200500081859,0005-12-03 17:35:00,5,12,3,17,35,620,193.0,BEAU MARAIS (RUE DU. 0 A,,,Nuit avec éclairage allumé,En agglomération,Hors intersection,Pluie forte,Autre collision,,,,,,,,,,,5,2,1,3,6
200500081860,0005-12-02 16:00:00,5,12,2,16,0,620,193.0,BREGUET (RUE L.),,,Plein jour,En agglomération,Hors intersection,Normale,Autre collision,,,,,,,,,,,1,2,1,1,6
200500081861,0005-12-08 23:55:00,5,12,8,23,55,620,774.0,CD 940,,,Nuit avec éclairage allumé,En agglomération,Hors intersection,Normale,Autre collision,,,,,,,,,,,5,2,1,1,6
200500081862,0005-12-10 09:30:00,5,12,10,9,30,620,193.0,JACQUARD (BOULEVARD),,,Plein jour,En agglomération,Hors intersection,Normale,Autre collision,,,,,,,,,,,1,2,1,1,6
200500081863,0005-12-10 14:45:00,5,12,10,14,45,620,193.0,ROCADE EST,,,Plein jour,En agglomération,Hors intersection,Normale,Deux véhicules - arrière,,,,,,,,,,,1,2,1,1,2
200500081864,0005-12-12 20:15:00,5,12,12,20,15,620,744.0,VERDUN (RUE DE),,,Nuit avec éclairage allumé,En agglomération,Hors intersection,Normale,Autre collision,,,,,,,,,,,5,2,1,1,6
200500081865,0005-12-12 08:15:00,5,12,12,8,15,620,193.0,RN 43,,,Crépuscule ou aube,En agglomération,Intersection en T,Pluie légère,Deux véhicules - côté,,,,,,,,,,,2,2,3,2,3
200500081866,0005-12-13 11:45:00,5,12,13,11,45,620,744.0,GUYNEMER,,,Plein jour,En agglomération,Intersection en X,Normale,Deux véhicules - côté,,,,,,,,,,,1,2,2,1,3
200500081867,0005-12-18 12:35:00,5,12,18,12,35,620,193.0,"13, VINGT NEUF JUILLET (",,,Plein jour,En agglomération,Hors intersection,Normale,Autre collision,,,,,,,,,,,1,2,1,1,6
200500081868,0005-12-19 14:25:00,5,12,19,14,25,620,193.0,GENDARMERIE (QUAI DE LA),,,Plein jour,En agglomération,Hors intersection,Normale,Autre collision,,,,,,,,,,,1,2,1,1,6
200500081869,0005-12-23 16:45:00,5,12,23,16,45,620,244.0,"82C, GUINES (ROUTE DE)",,,Crépuscule ou aube,En agglomération,Hors intersection,Normale,Deux véhicules - frontale,,,,,,,,,,,2,2,1,1,1
200500081870,0005-12-19 09:00:00,5,12,19,9,0,620,193.0,CURIE (BOULEVARD),,,Plein jour,En agglomération,Hors intersection,Normale,Autre collision,,,,,,,,,,,1,2,1,1,6
200500081871,0005-12-25 12:20:00,5,12,25,12,20,620,250.0,"113, BRIQUET (R RAOUL )",,,Plein jour,En agglomération,Hors intersection,Normale,Deux véhicules - arrière,,,,,,,,,,,1,2,1,1,2
200500081872,0005-12-13 10:25:00,5,12,13,10,25,620,250.0,"61, BEUGNET (R CASIMIR)",,,Plein jour,En agglomération,Hors intersection,Temps couvert,Sans collision,,,,,,,,,,,1,2,1,8,7
200500081873,0005-12-16 16:55:00,5,12,16,16,55,620,413.0,"156, DEBARGE (R CHARLES)",,,Crépuscule ou aube,En agglomération,Intersection en T,Pluie légère,Deux véhicules - arrière,,,,,,,,,,,2,2,3,2,2
200500081874,0005-12-16 19:05:00,5,12,16,19,5,620,215.0,"sans, RN 17",,,Nuit avec éclairage allumé,En agglomération,Intersection en T,Pluie légère,Deux véhicules - côté,,,,,,,,,,,5,2,3,2,3
200500081875,0005-12-15 18:50:00,5,12,15,18,50,620,33.0,"42, DE GAULLE (R DU GENE",,,Nuit avec éclairage non allumé,En agglomération,Hors intersection,Normale,Autre collision,,,,,,,,,,,4,2,1,1,6
200500081876,0005-12-25 19:50:00,5,12,25,19,50,620,215.0,"sans, LAMENDIN (R ARTHUR",,,Nuit avec éclairage allumé,En agglomération,Hors intersection,Normale,Deux véhicules - arrière,,,,,,,,,,,5,2,1,1,2
200500081877,0005-12-11 01:00:00,5,12,11,1,0,620,457.0,"090, LYAUTEY (RUE DU MAR",,,Nuit avec éclairage allumé,En agglomération,Intersection en T,Autre,Autre collision,,,,,,,,,,,5,2,3,9,6
200500081878,0005-12-07 18:20:00,5,12,7,18,20,620,270.0,"11 / 13, JAURES (RUE JEA",,,Nuit avec éclairage allumé,En agglomération,Intersection en T,Normale,Deux véhicules - côté,,,,,,,,,,,5,2,3,1,3
200500081879,0005-12-14 14:35:00,5,12,14,14,35,620,321.0,D160E,,,Plein jour,En agglomération,Hors intersection,Normale,Autre collision,,,,,,,,,,,1,2,1,1,6
200500081880,0005-12-18 23:45:00,5,12,18,23,45,620,427.0,"649, SCHWEITZER ALBERT (",,,Nuit avec éclairage allumé,En agglomération,Hors intersection,Normale,Autre collision,,,,,,,,,,,5,2,1,1,6
200500081881,0005-12-07 18:40:00,5,12,7,18,40,620,249.0,"0, BUISSON (R FERDINAND)",,,Nuit avec éclairage allumé,En agglomération,Intersection en T,Normale,Deux véhicules - arrière,,,,,,,,,,,5,2,3,1,2
200500081882,0005-12-11 01:10:00,5,12,11,1,10,620,427.0,"0, PASTEUR (R )",,,Nuit avec éclairage allumé,En agglomération,Intersection en X,Normale,Deux véhicules - côté,,,,,,,,,,,5,2,2,1,3
200500081883,0005-12-12 18:00:00,5,12,12,18,0,620,427.0,"0, KENNEDY (BD JOHN FITZ",,,Nuit avec éclairage allumé,En agglomération,Intersection en X,Normale,Deux véhicules - frontale,,,,,,,,,,,5,2,2,1,1
200500081884,0005-12-13 11:00:00,5,12,13,11,0,620,133.0,"76, REPUBLIQUE (AV. DE L",,,Plein jour,En agglomération,Hors intersection,Normale,Autre collision,,,,,,,,,,,1,2,1,1,6
200500081885,0005-12-15 07:45:00,5,12,15,7,45,620,498.0,"XXXXXXXX, MAES (AV. ALFR",,,Crépuscule ou aube,En agglomération,Hors intersection,Pluie légère,Autre collision,,,,,,,,,,,2,2,1,2,6
200500081886,0005-12-17 18:37:00,5,12,17,18,37,620,464.0,"XXXXXXXX, SALENGRO (R RO",,,Nuit sans éclairage public,En agglomération,Hors intersection,Normale,Autre collision,,,,,,,,,,,3,2,1,1,6
200500081887,0005-12-19 08:05:00,5,12,19,8,5,620,107.0,"XXXXXXXX, BASSEE (RTE DE",,,Nuit sans éclairage public,En agglomération,Hors intersection,Pluie forte,Autre collision,,,,,,,,,,,3,2,1,3,6
200500081888,0005-12-18 10:34:00,5,12,18,10,34,620,498.0,"0, FOSSE 11 (AV. DE LA)",,,Plein jour,En agglomération,Hors intersection,Autre,Deux véhicules - arrière,,,,,,,,,,,1,2,1,9,2
200500081889,0005-12-31 14:45:00,5,12,31,14,45,620,842.0,"sans, HUIT MAI (R DU)",,,Plein jour,En agglomération,Intersection en X,Pluie forte,Deux véhicules - côté,,,,,,,,,,,1,2,2,3,3
200500081890,0005-12-09 18:03:00,5,12,9,18,3,620,842.0,RN 47,,,Nuit sans éclairage public,En agglomération,Hors intersection,Pluie légère,Autre collision,,,,,,,,,,,3,2,1,2,6
200500081891,0005-12-10 01:50:00,5,12,10,1,50,620,498.0,"262, BETHUNE (RTE DE)",,,Nuit avec éclairage allumé,En agglomération,Hors intersection,Normale,Sans collision,,,,,,,,,,,5,2,1,1,7
200500081892,0005-12-09 17:18:00,5,12,9,17,18,620,523.0,"14, SAND (R GEORGE )",,,Nuit avec éclairage allumé,En agglomération,Hors intersection,Normale,Sans collision,,,,,,,,,,,5,2,1,1,7
200500081893,0005-12-15 08:59:00,5,12,15,8,59,620,498.0,"XXXXXXXX, MICHEL (R LOUI",,,Plein jour,En agglomération,Hors intersection,Normale,Autre collision,,,,,,,,,,,1,2,1,1,6
200500081894,0005-12-03 18:22:00,5,12,3,18,22,620,842.0,"XXXXXXXXX, NOBEL (R ALFR",,,Nuit avec éclairage allumé,En agglomération,Hors intersection,Normale,Autre collision,,,,,,,,,,,5,2,1,1,6
200500081895,0005-12-10 11:50:00,5,12,10,11,50,620,186.0,"., JAURES (R  JEAN)",,,Plein jour,En agglomération,Hors intersection,Normale,Deux véhicules - frontale,,,,,,,,,,,1,2,1,1,1
200500081896,0005-12-01 18:07:00,5,12,1,18,7,620,291.0,"., BERTIEAUX (R EMMANUEL",,,Crépuscule ou aube,En agglomération,Hors intersection,Normale,Autre collision,,,,,,,,,,,2,2,1,1,6
200500081897,0005-12-16 06:50:00,5,12,16,6,50,620,386.0,"., BEUGNET (R CASIMIR)",,,Nuit avec éclairage allumé,En agglomération,Hors intersection,Pluie légère,Deux véhicules - côté,,,,,,,,,,,5,2,1,2,3
200500081898,0005-12-24 14:35:00,5,12,24,14,35,620,291.0,"., PERI (R GABRIEL)",,,Plein jour,En agglomération,Hors intersection,Normale,Deux véhicules - arrière,,,,,,,,,,,1,2,1,1,2
200500081899,0005-12-24 21:25:00,5,12,24,21,25,620,386.0,"., FLANDRE (BD DE LA)",,,Nuit avec éclairage allumé,En agglomération,Intersection en X,Normale,Deux véhicules - côté,,,,,,,,,,,5,2,2,1,3
200500081900,0005-12-30 10:20:00,5,12,30,10,20,620,563.0,R. N. 43,,,Plein jour,En agglomération,Hors intersection,Neige / grêle,Trois véhicules et plus - collisions multiples,,,,,,,,,,,1,2,1,4,5
200500081901,0005-12-16 13:45:00,5,12,16,13,45,620,516.0,"73, VERDUN",,,Plein jour,En agglomération,Hors intersection,Normale,Deux véhicules - arrière,,,,,,,,,,,1,2,1,1,2
200500081902,0005-12-25 19:55:00,5,12,25,19,55,620,555.0,"28, VALENCE ( RUE DE )",,,Nuit avec éclairage allumé,En agglomération,Intersection en X,Pluie légère,Deux véhicules - côté,,,,,,,,,,,5,2,2,2,3
200500081903,0005-12-01 07:25:00,5,12,1,7,25,620,40.0,"6, DE GAULLE (AVE CHARLE",,,Nuit avec éclairage allumé,En agglomération,Hors intersection,Normale,Deux véhicules - côté,,,,,,,,,,,5,2,1,1,3
200500081904,0005-12-01 17:10:00,5,12,1,17,10,630,113.0,"1, CARTOUCHERIE (RUE DE",,,Plein jour,Hors agglomération,Hors intersection,Normale,Deux véhicules - arrière,,,,,,,,,,,1,1,1,1,2
200500081905,0005-12-02 18:20:00,5,12,2,18,20,630,32.0,"1, BECQUEREL (RUE HENRI)",,,Nuit avec éclairage allumé,En agglomération,Hors intersection,Normale,Deux véhicules - arrière,,,,,,,,,,,5,2,1,1,2
200500081906,0005-12-03 05:50:00,5,12,3,5,50,630,113.0,"1, SOLAYER (RUE DU)",,,Nuit avec éclairage non allumé,En agglomération,Intersection en X,Normale,Autre collision,,,,,,,,,,,4,2,2,1,6
200500081907,0005-12-03 10:20:00,5,12,3,10,20,630,14.0,"1, CRISTAL (AVENUE ERNES",,,Plein jour,En agglomération,Hors intersection,Normale,Deux véhicules - côté,,,,,,,,,,,1,2,1,1,3
200500081908,0005-12-03 14:40:00,5,12,3,14,40,630,32.0,"1, RN 189 (ROUTE NATIONA",,,Plein jour,Hors agglomération,Hors intersection,Normale,Autre collision,,,,,,,,,,,1,1,1,1,6
200500081909,0005-12-03 17:45:00,5,12,3,17,45,630,113.0,"205, FLAUBERT (BD GUSTAV",,,Nuit avec éclairage allumé,En agglomération,Hors intersection,Normale,Autre collision,,,,,,,,,,,5,2,1,1,6
200500081910,0005-12-04 18:00:00,5,12,4,18,0,630,113.0,"1, AGRICULTURE (AVENUE D",,,Nuit avec éclairage allumé,En agglomération,Hors intersection,Pluie légère,Deux véhicules - arrière,,,,,,,,,,,5,2,1,2,2
200500081911,0005-12-04 19:15:00,5,12,4,19,15,630,113.0,"1, HERBET (RUE D')",,,Nuit avec éclairage allumé,En agglomération,Hors intersection,Pluie légère,Sans collision,,,,,,,,,,,5,2,1,2,7
200500081912,0005-12-05 14:10:00,5,12,5,14,10,630,113.0,BLUM (AVENUE LEON),,,Plein jour,En agglomération,Autre intersection,Normale,Autre collision,,,,,,,,,,,1,2,9,1,6
200500081913,0005-12-07 17:40:00,5,12,7,17,40,630,113.0,"1, LAFAYETTE (BD)",,,Nuit avec éclairage allumé,En agglomération,Intersection en T,Normale,Autre collision,,,,,,,,,,,5,2,3,1,6
200500081914,0005-12-07 18:15:00,5,12,7,18,15,630,113.0,"75, MICHELIN (AVENUE EDO",,,Nuit avec éclairage allumé,En agglomération,Hors intersection,Temps couvert,Autre collision,,,,,,,,,,,5,2,1,8,6
200500081915,0005-12-09 00:50:00,5,12,9,0,50,630,113.0,"1, FOREST (AVENUE FERNAN",,,Nuit avec éclairage allumé,En agglomération,Hors intersection,Normale,Sans collision,,,,,,,,,,,5,2,1,1,7
200500081916,0005-12-09 13:10:00,5,12,9,13,10,630,75.0,"93 bis, ROYAT (AVENUE DE",,,Plein jour,En agglomération,Autre intersection,Normale,Autre collision,,,,,,,,,,,1,2,9,1,6
200500081917,0005-12-09 17:10:00,5,12,9,17,10,630,113.0,"1, MICHELIN (AVENUE EDOU",,,Plein jour,En agglomération,Hors intersection,Normale,Sans collision,,,,,,,,,,,1,2,1,1,7
200500081918,0005-12-09 23:20:00,5,12,9,23,20,630,113.0,"1, PRE COMTAL (RUE DE)",,,Nuit avec éclairage allumé,En agglomération,Hors intersection,Normale,Autre collision,,,,,,,,,,,5,2,1,1,6
200500081919,0005-12-11 15:55:00,5,12,11,15,55,630,14.0,"3, COURNON (AVENUE DE)",,,Plein jour,En agglomération,Hors intersection,Normale,Autre collision,,,,,,,,,,,1,2,1,1,6
200500081920,0005-12-13 13:30:00,5,12,13,13,30,630,113.0,"1, LEMOY (RUE ROBERT)",,,Plein jour,En agglomération,Intersection en X,Normale,Autre collision,,,,,,,,,,,1,2,2,1,6
200500081921,0005-12-13 17:20:00,5,12,13,17,20,630,113.0,"76, MITTERRAND (BD FRANC",,,Nuit avec éclairage allumé,En agglomération,Hors intersection,Temps couvert,Autre collision,,,,,,,,,,,5,2,1,8,6
200500081922,0005-12-14 16:20:00,5,12,14,16,20,630,113.0,"1, BONNABAUD (RUE)",,,Plein jour,En agglomération,Intersection en X,Normale,Autre collision,,,,,,,,,,,1,2,2,1,6
200500081923,0005-12-15 17:50:00,5,12,15,17,50,630,75.0,"102, ROYAT (AVENUE DE)",,,Nuit avec éclairage allumé,En agglomération,Hors intersection,Normale,Autre collision,,,,,,,,,,,5,2,1,1,6
200500081924,0005-12-16 06:10:00,5,12,16,6,10,630,113.0,FOREST (AVENUE FERNAND),,,Nuit avec éclairage allumé,En agglomération,Hors intersection,Normale,Autre collision,,,,,,,,,,,5,2,1,1,6
200500081925,0005-12-16 18:20:00,5,12,16,18,20,630,113.0,"1, CLEMENTEL (BD ETIENNE",,,Nuit avec éclairage allumé,En agglomération,Hors intersection,Normale,Deux véhicules - arrière,,,,,,,,,,,5,2,1,1,2
200500081926,0005-12-16 20:15:00,5,12,16,20,15,630,113.0,"1, VIVIANI (RUE)",,,Nuit avec éclairage allumé,En agglomération,Hors intersection,Normale,Deux véhicules - côté,,,,,,,,,,,5,2,1,1,3
200500081927,0005-12-17 09:25:00,5,12,17,9,25,630,113.0,BOURDON (RUE DE),,,Plein jour,En agglomération,Hors intersection,Normale,Autre collision,,,,,,,,,,,1,2,1,1,6
200500081928,0005-12-17 16:00:00,5,12,17,16,0,630,113.0,"1, AGRICULTURE (AVENUE D",,,Plein jour,En agglomération,Hors intersection,Temps couvert,Deux véhicules - arrière,,,,,,,,,,,1,2,1,8,2
200500081929,0005-12-19 07:25:00,5,12,19,7,25,630,113.0,"1, GERGOVIA (BD)",,,Crépuscule ou aube,En agglomération,Intersection en T,Normale,Autre collision,,,,,,,,,,,2,2,3,1,6
200500081930,0005-12-19 13:45:00,5,12,19,13,45,630,113.0,"1, DUMAS (BD J.BAPTISTE)",,,Plein jour,En agglomération,Hors intersection,Temps couvert,Deux véhicules - arrière,,,,,,,,,,,1,2,1,8,2
200500081931,0005-12-20 20:10:00,5,12,20,20,10,630,113.0,"300, ORADOU (RUE DE L')",,,Nuit avec éclairage allumé,En agglomération,Hors intersection,Normale,Autre collision,,,,,,,,,,,5,2,1,1,6
200500081932,0005-12-21 11:35:00,5,12,21,11,35,630,113.0,MAYER (BD DANIEL),,,Plein jour,En agglomération,Hors intersection,Temps couvert,Deux véhicules - côté,,,,,,,,,,,1,2,1,8,3
200500081933,0005-12-21 17:40:00,5,12,21,17,40,630,113.0,"6, PRE LA REINE (RUE DU)",,,Nuit avec éclairage allumé,En agglomération,Hors intersection,Normale,Autre collision,,,,,,,,,,,5,2,1,1,6
200500081934,0005-12-21 18:00:00,5,12,21,18,0,630,113.0,"1, FONTGIEVE (RUE)",,,Nuit avec éclairage allumé,En agglomération,Hors intersection,Temps couvert,Sans collision,,,,,,,,,,,5,2,1,8,7
200500081935,0005-12-22 12:05:00,5,12,22,12,5,630,113.0,POMPIDOU (BD GEORGES),,,Plein jour,En agglomération,Hors intersection,Normale,Autre collision,,,,,,,,,,,1,2,1,1,6
200500081936,0005-12-22 12:45:00,5,12,22,12,45,630,113.0,"1, ROUVIER (RUE)",,,Plein jour,En agglomération,Hors intersection,Temps couvert,Deux véhicules - frontale,,,,,,,,,,,1,2,1,8,1
200500081937,0005-12-22 19:30:00,5,12,22,19,30,630,113.0,"1, BLATIN (RUE)",,,Nuit avec éclairage allumé,En agglomération,Hors intersection,Normale,Autre collision,,,,,,,,,,,5,2,1,1,6
200500081938,0005-12-22 21:00:00,5,12,22,21,0,630,113.0,"1, SABLON (COURS)",,,Nuit avec éclairage allumé,En agglomération,Intersection en X,Normale,Deux véhicules - côté,,,,,,,,,,,5,2,2,1,3
200500081939,0005-12-24 02:10:00,5,12,24,2,10,630,32.0,"1, AUBIERE (ROUTE D')",,,Nuit sans éclairage public,En agglomération,Hors intersection,Normale,Autre collision,,,,,,,,,,,3,2,1,1,6
200500081940,0005-12-23 15:50:00,5,12,23,15,50,630,113.0,"119, CLEMENTEL (BD ETIEN",,,Plein jour,En agglomération,Hors intersection,Normale,Deux véhicules - arrière,,,,,,,,,,,1,2,1,1,2
200500081941,0005-12-23 17:10:00,5,12,23,17,10,630,113.0,PASTEUR (BD),,,Crépuscule ou aube,En agglomération,Giratoire,Normale,Autre collision,,,,,,,,,,,2,2,6,1,6
200500081942,0005-12-26 11:31:00,5,12,26,11,31,630,113.0,"1, FLEURY (BD)",,,Plein jour,En agglomération,Hors intersection,Normale,Deux véhicules - arrière,,,,,,,,,,,1,2,1,1,2
200500081943,0005-12-27 11:50:00,5,12,27,11,50,630,113.0,"2, CLOS NOTRE DAME (RUE",,,Plein jour,En agglomération,Hors intersection,Normale,Autre collision,,,,,,,,,,,1,2,1,1,6
200500081944,0005-12-27 21:15:00,5,12,27,21,15,630,113.0,"1, CHATEAU DES VERGNES (",,,Nuit avec éclairage allumé,En agglomération,Intersection en T,Normale,Deux véhicules - côté,,,,,,,,,,,5,2,3,1,3
200500081945,0005-12-23 19:40:00,5,12,23,19,40,630,124.0,"20, ALOUETTES (RUE DES)",,,Nuit avec éclairage allumé,En agglomération,Intersection en T,Normale,Deux véhicules - arrière,,,,,,,,,,,5,2,3,1,2
200500081946,0005-12-05 17:00:00,5,12,5,17,0,630,164.0,"8, ONZE NOVEMBRE (RUE DU",,,Nuit avec éclairage non allumé,En agglomération,Hors intersection,Normale,Deux véhicules - frontale,,,,,,,,,,,4,2,1,1,1
200500081947,0005-12-07 08:40:00,5,12,7,8,40,630,164.0,RD 2,,,Plein jour,Hors agglomération,Intersection en X,Normale,Deux véhicules - côté,,,,,,,,,,,1,1,2,1,3
200500081948,0005-12-02 05:40:00,5,12,2,5,40,630,300.0,LIBERATION (AVENUE DE LA,,,Nuit avec éclairage allumé,En agglomération,Hors intersection,Normale,Autre collision,,,,,,,,,,,5,2,1,1,6
200500081949,0005-12-11 07:25:00,5,12,11,7,25,630,300.0,RD 224,,,Nuit sans éclairage public,Hors agglomération,Hors intersection,Autre,Autre collision,,,,,,,,,,,3,1,1,9,6
200500081950,0005-12-22 15:10:00,5,12,22,15,10,630,300.0,STADE (AVENUE DU),,,Plein jour,En agglomération,Hors intersection,Normale,Deux véhicules - frontale,,,,,,,,,,,1,2,1,1,1
200500081951,0005-12-02 11:09:00,5,12,2,11,9,640,24.0,ADOUR (AVENUE DE L'),,,Plein jour,En agglomération,Intersection en T,Pluie forte,Deux véhicules - côté,,,,,,,,,,,1,2,3,3,3
200500081952,0005-12-02 13:18:00,5,12,2,13,18,640,140.0,BIREMONT (RUE PAUL),,,Plein jour,En agglomération,Intersection en X,Pluie légère,Deux véhicules - côté,,,,,,,,,,,1,2,2,2,3
200500081953,0005-12-03 14:39:00,5,12,3,14,39,640,102.0,"1 BIS, LISSES (RUE DES)",,,Plein jour,En agglomération,Intersection en T,Normale,Deux véhicules - côté,,,,,,,,,,,1,2,3,1,3
200500081954,0005-12-03 16:00:00,5,12,3,16,0,640,102.0,"30, ALSACE LORRAINE (BOU",,,Plein jour,En agglomération,Hors intersection,Normale,Deux véhicules - côté,,,,,,,,,,,1,2,1,1,3
200500081955,0005-12-04 12:10:00,5,12,4,12,10,640,24.0,BAB (BOULEVARD DU),,,Plein jour,En agglomération,Hors intersection,Pluie légère,Deux véhicules - côté,,,,,,,,,,,1,2,1,2,3
200500081956,0005-12-06 18:40:00,5,12,6,18,40,640,102.0,NAVARRE (AVENUE HENRI DE,,,Nuit avec éclairage allumé,En agglomération,Intersection en T,Normale,Deux véhicules - côté,,,,,,,,,,,5,2,3,1,3
200500081957,0005-12-08 18:00:00,5,12,8,18,0,640,102.0,SOULT (AVENUE MARECHAL),,,Nuit sans éclairage public,En agglomération,Hors intersection,Pluie légère,Deux véhicules - arrière,,,,,,,,,,,3,2,1,2,2
200500081958,0005-12-09 14:50:00,5,12,9,14,50,640,24.0,"89, CINQ CANTONS (RUE DE",,,Plein jour,Hors agglomération,Hors intersection,Normale,Deux véhicules - arrière,,,,,,,,,,,1,1,1,1,2
200500081959,0005-12-10 19:20:00,5,12,10,19,20,640,24.0,"., BARTHES (RUE DES)",,,Nuit avec éclairage allumé,En agglomération,Intersection en T,Normale,Deux véhicules - frontale,,,,,,,,,,,5,2,3,1,1
200500081960,0005-12-11 17:35:00,5,12,11,17,35,640,24.0,BERNAIN (ROND POINT),,,Plein jour,En agglomération,Giratoire,Normale,Deux véhicules - côté,,,,,,,,,,,1,2,6,1,3
200500081961,0005-12-13 05:25:00,5,12,13,5,25,640,102.0,RESPLANDY (AVENUE DU CAP,,,Nuit avec éclairage allumé,En agglomération,Intersection en T,Normale,Deux véhicules - côté,,,,,,,,,,,5,2,3,1,3
200500081962,0005-12-14 18:53:00,5,12,14,18,53,640,24.0,"130, JOUANETOTE (RUE DE)",,,Nuit avec éclairage non allumé,En agglomération,Intersection en T,Normale,Deux véhicules - côté,,,,,,,,,,,4,2,3,1,3
200500081963,0005-12-16 16:25:00,5,12,16,16,25,640,24.0,"., DD",,,Plein jour,En agglomération,Intersection en T,Normale,Deux véhicules - côté,,,,,,,,,,,1,2,3,1,3
200500081964,0005-12-17 12:40:00,5,12,17,12,40,640,102.0,"21, LESSEPS (QUAI DE)",,,Plein jour,En agglomération,Hors intersection,Pluie légère,Deux véhicules - côté,,,,,,,,,,,1,2,1,2,3
200500081965,0005-12-17 14:15:00,5,12,17,14,15,640,102.0,RESPLANDY (AVENUE DU CAP,,,Plein jour,En agglomération,Hors intersection,Pluie légère,Deux véhicules - frontale,,,,,,,,,,,1,2,1,2,1
200500081966,0005-12-19 05:25:00,5,12,19,5,25,640,102.0,RAYMOND DE MARTRES (AVEN,,,Nuit avec éclairage allumé,En agglomération,Hors intersection,Normale,Autre collision,,,,,,,,,,,5,2,1,1,6
200500081967,0005-12-19 19:10:00,5,12,19,19,10,640,102.0,RESPLANDY (AVENUE DU CAP,,,Nuit avec éclairage allumé,En agglomération,Hors intersection,Normale,Deux véhicules - arrière,,,,,,,,,,,5,2,1,1,2
200500081968,0005-12-20 08:55:00,5,12,20,8,55,640,102.0,AVRIL (AVENUE DU 14),,,Plein jour,En agglomération,Intersection en T,Normale,Deux véhicules - arrière,,,,,,,,,,,1,2,3,1,2
200500081969,0005-12-20 14:10:00,5,12,20,14,10,640,24.0,CANTONS (RUE DES CINQ),,,Plein jour,En agglomération,Intersection en T,Normale,Sans collision,,,,,,,,,,,1,2,3,1,7
200500081970,0005-12-20 21:50:00,5,12,20,21,50,640,102.0,"72, ALSACE LORRAINE (BOU",,,Nuit avec éclairage allumé,En agglomération,Giratoire,Normale,Deux véhicules - côté,,,,,,,,,,,5,2,6,1,3
200500081971,0005-12-21 18:30:00,5,12,21,18,30,640,102.0,"34, ALLEES MARINES (AVEN",,,Nuit avec éclairage allumé,En agglomération,Autre intersection,Normale,Autre collision,,,,,,,,,,,5,2,9,1,6