accident_id,datetime,annee,mois,jour,heure,minute,departement,commune_insee,adresse,latitude,longitude,luminosite,agglomeration,intersection,meteo,collision,nb_vehicules,nb_usagers,nb_indemnes,nb_tues,nb_blesses_hosp,nb_blesses_legers,age_cond_1,age_cond_2,veh_type_cond_1,veh_type_cond_2,lum_code,agg_code,int_code,atm_code,col_code
200500082098,0005-12-18 15:09:00,5,12,18,15,9,670,267.0,"00, MARECHAL FOCH (RUE D",,,Plein jour,En agglomération,Hors intersection,Pluie légère,Deux véhicules - côté,,,,,,,,,,,1,2,1,2,3
200500082099,0005-12-18 17:20:00,5,12,18,17,20,670,482.0,"00, HERRENSCHMIDT (AVENU",,,Nuit avec éclairage allumé,En agglomération,Hors intersection,Pluie légère,Deux véhicules - arrière,,,,,,,,,,,5,2,1,2,2
200500082100,0005-12-19 15:20:00,5,12,19,15,20,670,482.0,"13 A, ALTENHEIM (ROUTE D",,,Plein jour,En agglomération,Hors intersection,Neige / grêle,Autre collision,,,,,,,,,,,1,2,1,4,6
200500082101,0005-12-19 17:00:00,5,12,19,17,0,670,482.0,"00, GUYNEMER (RUE)",,,Nuit sans éclairage public,En agglomération,Intersection en T,Neige / grêle,Deux véhicules - côté,,,,,,,,,,,3,2,3,4,3
200500082102,0005-12-19 17:15:00,5,12,19,17,15,670,447.0,"29, SAINT CHARLES (RUE)",,,Nuit avec éclairage allumé,En agglomération,Hors intersection,Neige / grêle,Sans collision,,,,,,,,,,,5,2,1,4,7
200500082103,0005-12-20 11:41:00,5,12,20,11,41,670,43.0,"000, SAINT LAURENT (RUE)",,,Plein jour,En agglomération,Intersection en T,Normale,Autre collision,,,,,,,,,,,1,2,3,1,6
200500082104,0005-12-20 14:30:00,5,12,20,14,30,670,482.0,"00, LAUSANNE (RUE DE)",,,Plein jour,En agglomération,Intersection en X,Normale,Deux véhicules - côté,,,,,,,,,,,1,2,2,1,3
200500082105,0005-12-20 19:40:00,5,12,20,19,40,670,218.0,RHIN (ROUTE DU),,,Nuit avec éclairage allumé,En agglomération,Hors intersection,Normale,Deux véhicules - côté,,,,,,,,,,,5,2,1,1,3
200500082106,0005-12-25 01:00:00,5,12,25,1,0,670,447.0,"137, GENERAL DE GAULLE (",,,Nuit avec éclairage allumé,En agglomération,Hors intersection,Pluie légère,Autre collision,,,,,,,,,,,5,2,1,2,6
200500082107,0005-12-25 16:15:00,5,12,25,16,15,670,218.0,"000, ESCHAU (ROUTE D )",,,Plein jour,Hors agglomération,Hors intersection,Normale,Sans collision,,,,,,,,,,,1,1,1,1,7
200500082108,0005-12-26 21:30:00,5,12,26,21,30,670,43.0,BRUMATH (ROUTE DE),,,Nuit avec éclairage allumé,En agglomération,Intersection en X,Pluie légère,Deux véhicules - côté,,,,,,,,,,,5,2,2,2,3
200500082109,0005-12-27 11:50:00,5,12,27,11,50,670,447.0,"00, LAMARTINE (RUE)",,,Plein jour,En agglomération,Intersection en T,Neige / grêle,Deux véhicules - côté,,,,,,,,,,,1,2,3,4,3
200500082110,0005-12-27 14:20:00,5,12,27,14,20,670,267.0,"00, JUIFS (RUE DES)",,,Plein jour,En agglomération,Intersection en T,Neige / grêle,Autre collision,,,,,,,,,,,1,2,3,4,6
200500082111,0005-12-28 19:30:00,5,12,28,19,30,670,482.0,"0, FORET NOIRE (AVENUE D",,,Nuit avec éclairage allumé,En agglomération,Intersection en X,Neige / grêle,Deux véhicules - côté,,,,,,,,,,,5,2,2,4,3
200500082112,0005-12-30 02:05:00,5,12,30,2,5,670,482.0,"00, PONT DE L EUROPE (AV",,,Nuit avec éclairage allumé,En agglomération,Hors intersection,Normale,Deux véhicules - frontale,,,,,,,,,,,5,2,1,1,1
200500082113,0005-12-30 09:40:00,5,12,30,9,40,670,482.0,"207, WANTZENAU (RTE DE L",,,Plein jour,En agglomération,Hors intersection,Normale,Autre collision,,,,,,,,,,,1,2,1,1,6
200500082114,0005-12-05 07:40:00,5,12,5,7,40,680,66.0,WILHELM (RUE HENRY),,,Crépuscule ou aube,En agglomération,Hors intersection,Normale,Deux véhicules - côté,,,,,,,,,,,2,2,1,1,3
200500082115,0005-12-08 12:25:00,5,12,8,12,25,680,66.0,"18, STANISLAS (RUE)",,,Plein jour,En agglomération,Intersection en X,Normale,Deux véhicules - côté,,,,,,,,,,,1,2,2,1,3
200500082116,0005-12-09 12:45:00,5,12,9,12,45,680,66.0,"15, CARLOVINGIENS (RUE D",,,Plein jour,En agglomération,Hors intersection,Normale,Autre collision,,,,,,,,,,,1,2,1,1,6
200500082117,0005-12-09 14:55:00,5,12,9,14,55,680,66.0,5IEME DIVISION BLINDEE (,,,Plein jour,En agglomération,Intersection en X,Normale,Autre collision,,,,,,,,,,,1,2,2,1,6
200500082118,0005-12-21 15:05:00,5,12,21,15,5,680,66.0,"2, GENEVE (RUE DE)",,,Plein jour,En agglomération,Intersection en X,Normale,Deux véhicules - côté,,,,,,,,,,,1,2,2,1,3
200500082119,0005-12-28 18:40:00,5,12,28,18,40,680,66.0,"63, SEMM (RUE DE LA)",,,Nuit avec éclairage allumé,En agglomération,Intersection en T,Normale,Autre collision,,,,,,,,,,,5,2,3,1,6
200500082120,0005-12-16 10:00:00,5,12,16,10,0,680,112.0,"25A, CHASSEURS ALPINS (A",,,Plein jour,En agglomération,Autre intersection,Pluie forte,Autre collision,,,,,,,,,,,1,2,9,3,6
200500082121,0005-12-03 18:05:00,5,12,3,18,5,680,224.0,"105, LEFEBVRE (RUE)",,,Nuit avec éclairage allumé,En agglomération,Intersection en X,Pluie légère,Deux véhicules - côté,,,,,,,,,,,5,2,2,2,3
200500082122,0005-12-09 10:10:00,5,12,9,10,10,680,224.0,NORDFELD (RUE DU),,,Plein jour,En agglomération,Intersection à plus de 4 branches,Normale,Deux véhicules - côté,,,,,,,,,,,1,2,5,1,3
200500082123,0005-12-13 12:45:00,5,12,13,12,45,680,224.0,ROOSEVELT (BOULEVARD DU,,,Plein jour,En agglomération,Intersection en X,Normale,Deux véhicules - côté,,,,,,,,,,,1,2,2,1,3
200500082124,0005-12-12 15:10:00,5,12,12,15,10,680,224.0,ROMAINS (RUE DES),,,Plein jour,En agglomération,Intersection en T,Normale,Autre collision,,,,,,,,,,,1,2,3,1,6
200500082125,0005-12-08 17:40:00,5,12,8,17,40,680,224.0,VOIE RAPIDE OUEST,,,Nuit sans éclairage public,Hors agglomération,Hors intersection,Pluie légère,Trois véhicules et plus - en chaîne,,,,,,,,,,,3,1,1,2,4
200500082126,0005-12-14 19:30:00,5,12,14,19,30,680,224.0,"71, MEYER (RUE ROBERT)",,,Nuit avec éclairage allumé,En agglomération,Intersection en X,Normale,Deux véhicules - côté,,,,,,,,,,,5,2,2,1,3
200500082127,0005-12-09 13:55:00,5,12,9,13,55,680,224.0,"16, COLMAR (AVENUE DE)",,,Plein jour,En agglomération,Hors intersection,Temps couvert,Autre collision,,,,,,,,,,,1,2,1,8,6
200500082128,0005-12-22 19:50:00,5,12,22,19,50,680,224.0,"198, LECLERC (AVENUE DU",,,Nuit avec éclairage allumé,En agglomération,Hors intersection,Normale,Deux véhicules - côté,,,,,,,,,,,5,2,1,1,3
200500082129,0005-12-23 15:25:00,5,12,23,15,25,680,224.0,"20, SOULTZ (RUE DE)",,,Plein jour,En agglomération,Hors intersection,Normale,Autre collision,,,,,,,,,,,1,2,1,1,6
200500082130,0005-12-27 17:30:00,5,12,27,17,30,680,256.0,THANN (RUE DE),,,Nuit avec éclairage allumé,En agglomération,Hors intersection,Neige / grêle,Autre collision,,,,,,,,,,,5,2,1,4,6
200500082131,0005-12-24 12:38:00,5,12,24,12,38,680,224.0,AUTOROUTE A 36,,,Plein jour,Hors agglomération,Hors intersection,Normale,Deux véhicules - arrière,,,,,,,,,,,1,1,1,1,2
200500082132,0005-12-30 14:20:00,5,12,30,14,20,680,224.0,"55, DAGUERRE (RUE)",,,Plein jour,En agglomération,Hors intersection,Normale,Autre collision,,,,,,,,,,,1,2,1,1,6
200500082133,0005-12-22 17:55:00,5,12,22,17,55,680,224.0,"26, DOLLER (RUE DE LA)",,,Nuit avec éclairage allumé,En agglomération,Hors intersection,Normale,Autre collision,,,,,,,,,,,5,2,1,1,6
200500082134,0005-12-28 14:35:00,5,12,28,14,35,680,297.0,"57, DE GAULLE ( AVE DU G",,,Plein jour,En agglomération,Intersection en T,Normale,Deux véhicules - côté,,,,,,,,,,,1,2,3,1,3
200500082135,0005-12-02 07:35:00,5,12,2,7,35,680,297.0,"53, HURST ( RUE )",,,Plein jour,En agglomération,Passage à niveau,Normale,Autre collision,,,,,,,,,,,1,2,8,1,6
200500082136,0005-12-01 07:20:00,5,12,1,7,20,690,29.0,PINEL,,,Crépuscule ou aube,En agglomération,Hors intersection,Normale,Deux véhicules - côté,,,,,,,,,,,2,2,1,1,3
200500082137,0005-12-07 06:00:00,5,12,7,6,0,690,29.0,DOYEN JEAN LEPINE (DU),,,Nuit avec éclairage allumé,En agglomération,Hors intersection,Pluie légère,Autre collision,,,,,,,,,,,5,2,1,2,6
200500082138,0005-12-13 18:00:00,5,12,13,18,0,690,29.0,MARECHAL DE LATTRE DE TA,,,Nuit avec éclairage allumé,En agglomération,Intersection en X,Normale,Deux véhicules - frontale,,,,,,,,,,,5,2,2,1,1
200500082139,0005-12-19 08:00:00,5,12,19,8,0,690,34.0,"1, ANDRE MARIE AMPERE",,,Plein jour,En agglomération,Hors intersection,Temps couvert,Autre collision,,,,,,,,,,,1,2,1,8,6
200500082140,0005-12-31 19:45:00,5,12,31,19,45,690,299.0,SORTIE PR6/ST EXUPERY,,,Nuit avec éclairage allumé,En agglomération,Hors intersection,Pluie légère,Autre collision,,,,,,,,,,,5,2,1,2,6
200500082141,0005-12-08 08:20:00,5,12,8,8,20,690,149.0,"23, FRANCISQUE JOMARD",,,Plein jour,En agglomération,Hors intersection,Pluie légère,Autre collision,,,,,,,,,,,1,2,1,2,6
200500082142,0005-12-24 06:45:00,5,12,24,6,45,690,256.0,"90, 8 MAI 1945 (DU)",,,Nuit avec éclairage allumé,En agglomération,Hors intersection,Pluie légère,Autre collision,,,,,,,,,,,5,2,1,2,6
200500082143,0005-12-08 14:15:00,5,12,8,14,15,690,199.0,"18, MATHIEU DUSSURGEY",,,Plein jour,En agglomération,Hors intersection,Pluie légère,Autre collision,,,,,,,,,,,1,2,1,2,6
200500082144,0005-12-11 18:20:00,5,12,11,18,20,690,259.0,"0, CHARLES DE GAULLE",,,Nuit avec éclairage allumé,En agglomération,Intersection en X,Normale,Deux véhicules - côté,,,,,,,,,,,5,2,2,1,3
200500082145,0005-12-19 23:10:00,5,12,19,23,10,690,259.0,"0, IRENE JOLIOT CURIE",,,Nuit avec éclairage allumé,En agglomération,Hors intersection,Normale,Sans collision,,,,,,,,,,,5,2,1,1,7
200500082146,0005-12-12 10:45:00,5,12,12,10,45,690,199.0,"0, DESCARTES",,,Plein jour,En agglomération,Hors intersection,Normale,Autre collision,,,,,,,,,,,1,2,1,1,6
200500082147,0005-12-08 17:20:00,5,12,8,17,20,690,259.0,"0, VAILLANT COUTURIER",,,Crépuscule ou aube,En agglomération,Intersection en T,Temps couvert,Deux véhicules - côté,,,,,,,,,,,2,2,3,8,3
200500082148,0005-12-26 23:20:00,5,12,26,23,20,690,259.0,"0, MARCEL SEMBAT",,,Nuit avec éclairage allumé,En agglomération,Intersection en X,Normale,Deux véhicules - côté,,,,,,,,,,,5,2,2,1,3
200500082149,0005-12-31 16:15:00,5,12,31,16,15,690,259.0,"0, YVES FARGE",,,Plein jour,En agglomération,Intersection en X,Normale,Deux véhicules - frontale,,,,,,,,,,,1,2,2,1,1
200500082150,0005-12-07 17:35:00,5,12,7,17,35,690,92.0,TARARE (ROUTE DE),,,Nuit avec éclairage allumé,En agglomération,Intersection en X,Normale,Deux véhicules - frontale,,,,,,,,,,,5,2,2,1,1
200500082151,0005-12-08 17:10:00,5,12,8,17,10,690,264.0,"420, HERON  PHILIPPE   R",,,Crépuscule ou aube,En agglomération,Autre intersection,Normale,Autre collision,,,,,,,,,,,2,2,9,1,6
200500082152,0005-12-15 07:40:00,5,12,15,7,40,690,13.0,JOUX (AVENUE DE),,,Crépuscule ou aube,En agglomération,Autre intersection,Normale,Deux véhicules - côté,,,,,,,,,,,2,2,9,1,3
200500082153,0005-12-17 19:40:00,5,12,17,19,40,690,264.0,BELLEROCHE DE  R,,,Nuit avec éclairage allumé,En agglomération,Hors intersection,Normale,Deux véhicules - côté,,,,,,,,,,,5,2,1,1,3
200500082154,0005-12-23 17:10:00,5,12,23,17,10,690,264.0,PLAGE AV DE LA,,,Nuit avec éclairage allumé,En agglomération,Hors intersection,Normale,Autre collision,,,,,,,,,,,5,2,1,1,6
200500082155,0005-12-06 17:52:00,5,12,6,17,52,690,266.0,"247, CRS E ZOLA",,,Nuit avec éclairage allumé,En agglomération,Hors intersection,Normale,Autre collision,,,,,,,,,,,5,2,1,1,6
200500082156,0005-12-06 17:55:00,5,12,6,17,55,690,266.0,"10, AV DU CDT LHERMINIER",,,Nuit avec éclairage allumé,En agglomération,Hors intersection,Normale,Autre collision,,,,,,,,,,,5,2,1,1,6
200500082157,0005-12-08 19:15:00,5,12,8,19,15,690,266.0,"94, RUE L BLUM",,,Nuit avec éclairage allumé,En agglomération,Hors intersection,Pluie légère,Autre collision,,,,,,,,,,,5,2,1,2,6
200500082158,0005-12-09 11:19:00,5,12,9,11,19,690,266.0,"123, BD STALINGRAD",,,Plein jour,En agglomération,Hors intersection,Normale,Trois véhicules et plus - en chaîne,,,,,,,,,,,1,2,1,1,4
200500082159,0005-12-14 17:00:00,5,12,14,17,0,690,266.0,"219, RUE F DE PRESSENSE",,,Nuit avec éclairage allumé,En agglomération,Hors intersection,Normale,Autre collision,,,,,,,,,,,5,2,1,1,6
200500082160,0005-12-08 17:50:00,5,12,8,17,50,690,266.0,"271, RTE DE GENAS",,,Nuit avec éclairage allumé,En agglomération,Hors intersection,Normale,Autre collision,,,,,,,,,,,5,2,1,1,6
200500082161,0005-12-27 16:00:00,5,12,27,16,0,690,266.0,"1, RUE DR PF PAPILLON",,,Plein jour,En agglomération,Intersection en X,Normale,Deux véhicules - côté,,,,,,,,,,,1,2,2,1,3
200500082162,0005-12-05 17:20:00,5,12,5,17,20,690,266.0,"95, RUE N GARNIER",,,Nuit avec éclairage allumé,En agglomération,Hors intersection,Temps couvert,Deux véhicules - arrière,,,,,,,,,,,5,2,1,8,2
200500082163,0005-12-07 17:35:00,5,12,7,17,35,690,282.0,"., VERDUN (DE)     RD6",,,Nuit avec éclairage allumé,En agglomération,Intersection en X,Pluie légère,Autre collision,,,,,,,,,,,5,2,2,2,6
200500082164,0005-12-23 14:00:00,5,12,23,14,0,690,282.0,"Face 2 B, REPUBLIQUE (DE",,,Plein jour,En agglomération,Hors intersection,Normale,Deux véhicules - frontale,,,,,,,,,,,1,2,1,1,1
200500082165,0005-12-05 10:50:00,5,12,5,10,50,690,290.0,GRENOBLE (DE)  -  RN 6,,,Plein jour,Hors agglomération,Hors intersection,Normale,Autre collision,,,,,,,,,,,1,1,1,1,6
200500082166,0005-12-13 17:45:00,5,12,13,17,45,690,290.0,PORTE DES ALPES (DE LA),,,Nuit avec éclairage allumé,En agglomération,Hors intersection,Normale,Deux véhicules - côté,,,,,,,,,,,5,2,1,1,3
200500082167,0005-12-17 18:40:00,5,12,17,18,40,690,290.0,"0, ANDRE BOULLOCHE",,,Nuit avec éclairage allumé,En agglomération,Hors intersection,Normale,Deux véhicules - arrière,,,,,,,,,,,5,2,1,1,2
200500082168,0005-12-19 12:50:00,5,12,19,12,50,690,290.0,GARIBALDI,,,Plein jour,En agglomération,Hors intersection,Normale,Deux véhicules - côté,,,,,,,,,,,1,2,1,1,3
200500082169,0005-12-23 22:35:00,5,12,23,22,35,700,285.0,"37 BIS, BELFORT (FAUBOUR",,,Nuit avec éclairage allumé,En agglomération,Hors intersection,Normale,Autre collision,,,,,,,,,,,5,2,1,1,6
200500082170,0005-12-08 17:00:00,5,12,8,17,0,700,388.0,RD13,,,Nuit avec éclairage allumé,En agglomération,Hors intersection,Pluie forte,Deux véhicules - frontale,,,,,,,,,,,5,2,1,3,1
200500082171,0005-12-23 17:50:00,5,12,23,17,50,710,445.0,"11, GRANDE RUE",,,Nuit avec éclairage allumé,En agglomération,Hors intersection,Normale,Autre collision,,,,,,,,,,,5,2,1,1,6
200500082172,0005-12-02 16:10:00,5,12,2,16,10,710,540.0,HUIT MAI (AVENUE DU),,,Plein jour,Hors agglomération,Giratoire,Pluie légère,Deux véhicules - arrière,,,,,,,,,,,1,1,6,2,2
200500082173,0005-12-09 11:15:00,5,12,9,11,15,710,153.0,ABATTOIRS (boulevard des,,,Plein jour,En agglomération,Hors intersection,Temps couvert,Deux véhicules - côté,,,,,,,,,,,1,2,1,8,3
200500082174,0005-12-13 18:00:00,5,12,13,18,0,710,153.0,"9, CANADA (RUE DU )",,,Nuit avec éclairage allumé,En agglomération,Intersection en T,Normale,Deux véhicules - côté,,,,,,,,,,,5,2,3,1,3
200500082175,0005-12-16 15:45:00,5,12,16,15,45,710,309.0,VERDUN (AVENUE DE),,,Plein jour,En agglomération,Intersection en T,Pluie légère,Deux véhicules - arrière,,,,,,,,,,,1,2,3,2,2
200500082176,0005-12-29 20:15:00,5,12,29,20,15,710,309.0,VERDUN (AVENUE DE),,,Nuit avec éclairage allumé,En agglomération,Hors intersection,Neige / grêle,Autre collision,,,,,,,,,,,5,2,1,4,6
200500082177,0005-12-11 16:40:00,5,12,11,16,40,710,270.0,HERRIOT (AVENUE EDOUARD),,,Nuit sans éclairage public,En agglomération,Hors intersection,Normale,Deux véhicules - côté,,,,,,,,,,,3,2,1,1,3
200500082178,0005-12-27 04:00:00,5,12,27,4,0,710,306.0,RN 70 (ROUTE EXPRESS),,,Nuit sans éclairage public,En agglomération,Hors intersection,Temps couvert,Autre collision,,,,,,,,,,,3,2,1,8,6
200500082179,0005-12-02 13:15:00,5,12,2,13,15,710,306.0,"2, METZ (RUE DE)",,,Plein jour,En agglomération,Intersection à plus de 4 branches,Pluie légère,Deux véhicules - côté,,,,,,,,,,,1,2,5,2,3
200500082180,0005-12-06 12:00:00,5,12,6,12,0,710,306.0,"33, MACON (ROUTE DE)",,,Plein jour,En agglomération,Intersection en T,Normale,Autre collision,,,,,,,,,,,1,2,3,1,6
200500082181,0005-12-11 19:30:00,5,12,11,19,30,710,306.0,ALOUETTES (AVENUE DES),,,Nuit sans éclairage public,En agglomération,Hors intersection,Normale,Autre collision,,,,,,,,,,,3,2,1,1,6
200500082182,0005-12-18 21:16:00,5,12,18,21,16,710,40.0,RN 70 (ROUTE EXPRESS),,,Nuit sans éclairage public,Hors agglomération,Hors intersection,Normale,Trois véhicules et plus - en chaîne,,,,,,,,,,,3,1,1,1,4
200500082183,0005-12-01 07:05:00,5,12,1,7,5,720,181.0,"44, PIFFAULT PIERRE (AV)",,,Plein jour,En agglomération,Hors intersection,Normale,Autre collision,,,,,,,,,,,1,2,1,1,6
200500082184,0005-12-01 16:50:00,5,12,1,16,50,720,181.0,33 EME MOBILE (RUE DU) N,,,Plein jour,En agglomération,Hors intersection,Normale,Deux véhicules - côté,,,,,,,,,,,1,2,1,1,3
200500082185,0005-12-03 16:20:00,5,12,3,16,20,720,181.0,PATTON GENERAL RTE ST-AU,,,Plein jour,En agglomération,Hors intersection,Normale,Trois véhicules et plus - collisions multiples,,,,,,,,,,,1,2,1,1,5
200500082186,0005-12-06 15:55:00,5,12,6,15,55,720,181.0,ROSTOV SUR LE DON (RUE),,,Plein jour,En agglomération,Hors intersection,Normale,Deux véhicules - arrière,,,,,,,,,,,1,2,1,1,2
200500082187,0005-12-07 12:20:00,5,12,7,12,20,720,181.0,OYON ALEXANDRE (BD),,,Plein jour,En agglomération,Hors intersection,Normale,Deux véhicules - côté,,,,,,,,,,,1,2,1,1,3
200500082188,0005-12-07 12:45:00,5,12,7,12,45,720,181.0,FOUCAUDIERE (RUE),,,Plein jour,En agglomération,Hors intersection,Normale,Deux véhicules - côté,,,,,,,,,,,1,2,1,1,3
200500082189,0005-12-07 13:40:00,5,12,7,13,40,720,181.0,ANATOLE FRANCE (BD ),,,Plein jour,En agglomération,Hors intersection,Normale,Deux véhicules - côté,,,,,,,,,,,1,2,1,1,3
200500082190,0005-12-08 07:40:00,5,12,8,7,40,720,181.0,DELAGENIERE HENRY (RUE),,,Plein jour,En agglomération,Hors intersection,Normale,Deux véhicules - côté,,,,,,,,,,,1,2,1,1,3
200500082191,0005-12-08 11:00:00,5,12,8,11,0,720,181.0,"245, BOLLEE (AV) N° IMP",,,Plein jour,En agglomération,Hors intersection,Normale,Autre collision,,,,,,,,,,,1,2,1,1,6
200500082192,0005-12-08 17:45:00,5,12,8,17,45,720,181.0,LIGNEUL PAUL (RUE) N° IM,,,Plein jour,En agglomération,Hors intersection,Pluie légère,Deux véhicules - côté,,,,,,,,,,,1,2,1,2,3
200500082193,0005-12-09 23:15:00,5,12,9,23,15,720,181.0,BOLLEE (AV) N° IMP 201 A,,,Nuit avec éclairage allumé,En agglomération,Hors intersection,Normale,Deux véhicules - côté,,,,,,,,,,,5,2,1,1,3
200500082194,0005-12-12 06:50:00,5,12,12,6,50,720,181.0,LOUIS BLANC (QUAI),,,Nuit avec éclairage allumé,En agglomération,Hors intersection,Normale,Deux véhicules - côté,,,,,,,,,,,5,2,1,1,3
200500082195,0005-12-13 16:05:00,5,12,13,16,5,720,181.0,ANATOLE FRANCE (BD ),,,Plein jour,En agglomération,Hors intersection,Normale,Deux véhicules - frontale,,,,,,,,,,,1,2,1,1,1
200500082196,0005-12-15 08:05:00,5,12,15,8,5,720,181.0,"150, SABLE (RTE DE )",,,Nuit avec éclairage allumé,En agglomération,Hors intersection,Normale,Deux véhicules - côté,,,,,,,,,,,5,2,1,1,3
200500082197,0005-12-15 15:55:00,5,12,15,15,55,720,181.0,LAIGNE RUE DE N° IMP 229,,,Plein jour,En agglomération,Hors intersection,Normale,Deux véhicules - frontale,,,,,,,,,,,1,2,1,1,1
200500082198,0005-12-16 07:55:00,5,12,16,7,55,720,181.0,BELGRADE (AV DE),,,Nuit avec éclairage allumé,En agglomération,Intersection en T,Pluie légère,Deux véhicules - côté,,,,,,,,,,,5,2,3,2,3
200500082199,0005-12-16 11:45:00,5,12,16,11,45,720,181.0,"2, CUGNOT NICOLAS (BD)",,,Plein jour,En agglomération,Hors intersection,Normale,Trois véhicules et plus - en chaîne,,,,,,,,,,,1,2,1,1,4
200500082200,0005-12-16 14:15:00,5,12,16,14,15,720,181.0,ARNAGE (RUE D') N° IMP 1,,,Plein jour,En agglomération,Intersection en T,Normale,Deux véhicules - côté,,,,,,,,,,,1,2,3,1,3
200500082201,0005-12-16 17:30:00,5,12,16,17,30,720,181.0,CHAMPION HENRI (RUE) N°,,,Nuit avec éclairage allumé,En agglomération,Hors intersection,Pluie légère,Deux véhicules - côté,,,,,,,,,,,5,2,1,2,3
200500082202,0005-12-17 14:35:00,5,12,17,14,35,720,181.0,BONNETABLE (RTE) N° IMP,,,Plein jour,En agglomération,Hors intersection,Normale,Deux véhicules - arrière,,,,,,,,,,,1,2,1,1,2
200500082203,0005-12-17 18:30:00,5,12,17,18,30,720,181.0,BOEUFS MOTO CROSS (CHEMI,,,Nuit avec éclairage allumé,En agglomération,Hors intersection,Normale,Autre collision,,,,,,,,,,,5,2,1,1,6
200500082204,0005-12-19 15:50:00,5,12,19,15,50,720,181.0,"22, CHAPALAIN JEAN YVES",,,Plein jour,En agglomération,Hors intersection,Normale,Deux véhicules - frontale,,,,,,,,,,,1,2,1,1,1
200500082205,0005-12-19 18:10:00,5,12,19,18,10,720,3.0,SUZE (RTE DE LA),,,Nuit sans éclairage public,Hors agglomération,Hors intersection,Pluie légère,Deux véhicules - côté,,,,,,,,,,,3,1,1,2,3
200500082206,0005-12-20 02:30:00,5,12,20,2,30,720,181.0,"76, HEUZE OLIVIER AV N°",,,Nuit avec éclairage allumé,En agglomération,Hors intersection,Normale,Autre collision,,,,,,,,,,,5,2,1,1,6
200500082207,0005-12-20 12:07:00,5,12,20,12,7,720,181.0,CLEMENCEAU GEORGES ( BD),,,Plein jour,En agglomération,Hors intersection,Temps couvert,Autre collision,,,,,,,,,,,1,2,1,8,6
200500082208,0005-12-21 10:15:00,5,12,21,10,15,720,181.0,PARE AMBROISE (RUE) N° I,,,Plein jour,En agglomération,Hors intersection,Temps couvert,Autre collision,,,,,,,,,,,1,2,1,8,6
200500082209,0005-12-21 17:30:00,5,12,21,17,30,720,181.0,"18, GAMBETTA (RUE) N° PA",,,Plein jour,En agglomération,Hors intersection,Temps couvert,Deux véhicules - côté,,,,,,,,,,,1,2,1,8,3
200500082210,0005-12-22 12:20:00,5,12,22,12,20,720,181.0,CUGNOT NICOLAS (BD),,,Plein jour,En agglomération,Hors intersection,Temps couvert,Deux véhicules - côté,,,,,,,,,,,1,2,1,8,3
200500082211,0005-12-23 19:20:00,5,12,23,19,20,720,181.0,"259, MAC JEAN (AV) N° IM",,,Nuit avec éclairage allumé,En agglomération,Intersection en T,Normale,Deux véhicules - côté,,,,,,,,,,,5,2,3,1,3
200500082212,0005-12-29 09:45:00,5,12,29,9,45,720,181.0,PREMIERE DIVISION FRANCA,,,Plein jour,Hors agglomération,Hors intersection,Normale,Deux véhicules - frontale,,,,,,,,,,,1,1,1,1,1
200500082213,0005-12-30 08:00:00,5,12,30,8,0,720,181.0,PATTON GENERAL RTE ST-AU,,,Crépuscule ou aube,Hors agglomération,Hors intersection,Neige / grêle,Deux véhicules - arrière,,,,,,,,,,,2,1,1,4,2
200500082214,0005-12-31 12:30:00,5,12,31,12,30,720,181.0,MARIVAUX (RUE),,,Plein jour,En agglomération,Hors intersection,Pluie légère,Autre collision,,,,,,,,,,,1,2,1,2,6
200500082215,0005-12-31 16:15:00,5,12,31,16,15,720,181.0,DURAND GEORGES (AV) N° P,,,Plein jour,En agglomération,Hors intersection,Normale,Deux véhicules - côté,,,,,,,,,,,1,2,1,1,3
200500082216,0005-12-31 17:20:00,5,12,31,17,20,720,181.0,VOISIN FRERES (RUE DES),,,Nuit avec éclairage allumé,En agglomération,Hors intersection,Normale,Autre collision,,,,,,,,,,,5,2,1,1,6
200500082217,0005-12-06 17:35:00,5,12,6,17,35,730,11.0,"219, FONTANET (AV.) 3 PO",,,Nuit avec éclairage allumé,En agglomération,Hors intersection,Pluie légère,Autre collision,,,,,,,,,,,5,2,1,2,6
200500082218,0005-12-10 23:50:00,5,12,10,23,50,730,11.0,CHASSEURS ALPINS (AV.) P,,,Nuit avec éclairage allumé,En agglomération,Intersection en X,Normale,Autre collision,,,,,,,,,,,5,2,2,1,6
200500082219,0005-12-01 07:50:00,5,12,1,7,50,730,29.0,"0.001, APREMONT (ROUTE D",,,Plein jour,Hors agglomération,Intersection en T,Normale,Deux véhicules - côté,,,,,,,,,,,1,1,3,1,3
200500082220,0005-12-06 17:45:00,5,12,6,17,45,730,65.0,"0.001, GRAND VERGER (AVE",,,Plein jour,En agglomération,Hors intersection,Normale,Sans collision,,,,,,,,,,,1,2,1,1,7
200500082221,0005-12-09 17:45:00,5,12,9,17,45,730,65.0,"0.001, ALSACE LORRAINE (",,,Crépuscule ou aube,En agglomération,Hors intersection,Normale,Deux véhicules - côté,,,,,,,,,,,2,2,1,1,3
200500082222,0005-12-15 16:16:00,5,12,15,16,16,730,65.0,"0.001, BERROIR MARIUS (R",,,Plein jour,En agglomération,Giratoire,Normale,Deux véhicules - côté,,,,,,,,,,,1,2,6,1,3
200500082223,0005-12-17 18:40:00,5,12,17,18,40,730,65.0,"0.001, ROPS DANIEL (AVEN",,,Crépuscule ou aube,En agglomération,Giratoire,Normale,Deux véhicules - côté,,,,,,,,,,,2,2,6,1,3