accident_id,datetime,annee,mois,jour,heure,minute,departement,commune_insee,adresse,latitude,longitude,luminosite,agglomeration,intersection,meteo,collision,nb_vehicules,nb_usagers,nb_indemnes,nb_tues,nb_blesses_hosp,nb_blesses_legers,age_cond_1,age_cond_2,veh_type_cond_1,veh_type_cond_2,lum_code,agg_code,int_code,atm_code,col_code
200500082224,0005-12-19 19:30:00,5,12,19,19,30,730,65.0,"0.001, DUCS DE SAVOIE (A",,,Nuit avec éclairage allumé,En agglomération,Intersection en T,Normale,Deux véhicules - côté,,,,,,,,,,,5,2,3,1,3
200500082225,0005-12-29 16:45:00,5,12,29,16,45,730,65.0,"0.001, ANNECY (AVENUE D'",,,Plein jour,En agglomération,Hors intersection,Autre,Autre collision,,,,,,,,,,,1,2,1,9,6
200500082226,0005-12-06 12:45:00,5,12,6,12,45,740,10.0,"14 BIS, PLAINE (AVENUE D",,,Plein jour,En agglomération,Hors intersection,Normale,Deux véhicules - côté,,,,,,,,,,,1,2,1,1,3
200500082227,0005-12-06 16:55:00,5,12,6,16,55,740,10.0,PAIX,,,Crépuscule ou aube,En agglomération,Intersection en X,Normale,Deux véhicules - côté,,,,,,,,,,,2,2,2,1,3
200500082228,0005-12-08 07:55:00,5,12,8,7,55,740,10.0,CITEE,,,Plein jour,En agglomération,Hors intersection,Pluie légère,Autre collision,,,,,,,,,,,1,2,1,2,6
200500082229,0005-12-05 19:40:00,5,12,5,19,40,740,10.0,SOMMEILLER,,,Nuit avec éclairage allumé,En agglomération,Hors intersection,Normale,Autre collision,,,,,,,,,,,5,2,1,1,6
200500082230,0005-12-11 18:30:00,5,12,11,18,30,740,10.0,PONT NEUF,,,Nuit sans éclairage public,En agglomération,Intersection en X,Normale,Autre collision,,,,,,,,,,,3,2,2,1,6
200500082231,0005-12-13 10:40:00,5,12,13,10,40,740,10.0,EVECHE (QUAI DE L'),,,Plein jour,En agglomération,Hors intersection,Normale,Autre collision,,,,,,,,,,,1,2,1,1,6
200500082232,0005-12-17 08:20:00,5,12,17,8,20,740,10.0,"., PERIMETRE (ROUTE DU)",,,Plein jour,En agglomération,Hors intersection,Pluie légère,Autre collision,,,,,,,,,,,1,2,1,2,6
200500082233,0005-12-20 21:47:00,5,12,20,21,47,740,93.0,PEROLLIERE (DE LA),,,Nuit avec éclairage allumé,En agglomération,Intersection en T,Normale,Deux véhicules - côté,,,,,,,,,,,5,2,3,1,3
200500082234,0005-12-23 22:00:00,5,12,23,22,0,740,10.0,MARQUISATS (AVENUE DES),,,Nuit avec éclairage allumé,En agglomération,Hors intersection,Normale,Autre collision,,,,,,,,,,,5,2,1,1,6
200500082235,0005-12-29 03:30:00,5,12,29,3,30,740,10.0,"129, GENEVE (AVENUE DE)(",,,Nuit avec éclairage allumé,En agglomération,Hors intersection,Neige / grêle,Deux véhicules - arrière,,,,,,,,,,,5,2,1,4,2
200500082236,0005-12-29 19:40:00,5,12,29,19,40,740,10.0,"26, LYCEE (BOULEVARD DU)",,,Plein jour,En agglomération,Hors intersection,Normale,Autre collision,,,,,,,,,,,1,2,1,1,6
200500082237,0005-12-30 08:30:00,5,12,30,8,30,740,93.0,OUEST (BOULEVARD),,,Plein jour,En agglomération,Hors intersection,Normale,Autre collision,,,,,,,,,,,1,2,1,1,6
200500082238,0005-12-18 19:30:00,5,12,18,19,30,740,305.0,VOIRONS (RUE DES),,,Nuit sans éclairage public,En agglomération,Hors intersection,Autre,Autre collision,,,,,,,,,,,3,2,1,9,6
200500082239,0005-12-15 18:20:00,5,12,15,18,20,740,133.0,LIBERATION (RUE DE LA),,,Nuit avec éclairage allumé,En agglomération,Hors intersection,Normale,Deux véhicules - côté,,,,,,,,,,,5,2,1,1,3
200500082240,0005-12-05 17:10:00,5,12,5,17,10,740,13.0,"0, PRE-ROBERT SUD",,,Plein jour,En agglomération,Hors intersection,Normale,Deux véhicules - frontale,,,,,,,,,,,1,2,1,1,1
200500082241,0005-12-26 18:35:00,5,12,26,18,35,740,218.0,THONON (AVENUE DE),,,Nuit avec éclairage allumé,En agglomération,Intersection en T,Normale,Autre collision,,,,,,,,,,,5,2,3,1,6
200500082242,0005-12-19 18:24:00,5,12,19,18,24,740,13.0,"0, PRE-ROBERT NORD",,,Crépuscule ou aube,En agglomération,Hors intersection,Normale,Autre collision,,,,,,,,,,,2,2,1,1,6
200500082243,0005-12-20 19:05:00,5,12,20,19,5,740,281.0,"0, TULLY (ROUTE DE)",,,Nuit avec éclairage allumé,En agglomération,Hors intersection,Temps couvert,Autre collision,,,,,,,,,,,5,2,1,8,6
200500082244,0005-12-30 17:23:00,5,12,30,17,23,740,13.0,"0, PRE-ROBERT NORD",,,Nuit avec éclairage allumé,En agglomération,Hors intersection,Neige / grêle,Autre collision,,,,,,,,,,,5,2,1,4,6
200500082245,0005-12-22 15:50:00,5,12,22,15,50,750,18.0,26 R HERMEL,,,Plein jour,En agglomération,Hors intersection,Normale,Autre collision,,,,,,,,,,,1,2,1,1,6
200500082246,0005-12-22 11:50:00,5,12,22,11,50,750,19.0,R LALLY TOLLENDAL R DE M,,,Plein jour,En agglomération,Intersection en T,Normale,Deux véhicules - côté,,,,,,,,,,,1,2,3,1,3
200500082247,0005-12-22 11:20:00,5,12,22,11,20,750,19.0,PL AUGUSTE BARON AV PTE,,,Plein jour,En agglomération,Intersection en T,Normale,Deux véhicules - côté,,,,,,,,,,,1,2,3,1,3
200500082248,0005-12-22 10:20:00,5,12,22,10,20,750,19.0,BD D INDOCHINE AV PORTE,,,Plein jour,En agglomération,Intersection en X,Temps couvert,Deux véhicules - côté,,,,,,,,,,,1,2,2,8,3
200500082249,0005-12-21 10:00:00,5,12,21,10,0,750,1.0,R DE CASTIGLIONE R SAINT,,,Plein jour,En agglomération,Intersection en X,Normale,Deux véhicules - côté,,,,,,,,,,,1,2,2,1,3
200500082250,0005-12-21 20:00:00,5,12,21,20,0,750,1.0,R MOLIERE R DE RICHELIEU,,,Nuit avec éclairage allumé,En agglomération,Intersection en Y,Normale,Autre collision,,,,,,,,,,,5,2,4,1,6
200500082251,0005-12-21 14:20:00,5,12,21,14,20,750,1.0,4 BD DU PALAIS,,,Plein jour,En agglomération,Hors intersection,Normale,Autre collision,,,,,,,,,,,1,2,1,1,6
200500082252,0005-12-21 18:40:00,5,12,21,18,40,750,5.0,12 Q SAINT BERNARD,,,Nuit avec éclairage allumé,En agglomération,Hors intersection,Normale,Trois véhicules et plus - collisions multiples,,,,,,,,,,,5,2,1,1,5
200500082253,0005-12-21 09:55:00,5,12,21,9,55,750,5.0,Q SAINT BERNARD PL VALHU,,,Plein jour,En agglomération,Intersection en X,Normale,Deux véhicules - côté,,,,,,,,,,,1,2,2,1,3
200500082254,0005-12-21 20:40:00,5,12,21,20,40,750,5.0,R GRACIEUSE PL MONGE,,,Plein jour,En agglomération,Intersection en X,Normale,Deux véhicules - côté,,,,,,,,,,,1,2,2,1,3
200500082255,0005-12-21 19:10:00,5,12,21,19,10,750,8.0,VERD PT ALMA PT INVALIDE,,,Nuit avec éclairage allumé,En agglomération,Hors intersection,Normale,Deux véhicules - côté,,,,,,,,,,,5,2,1,1,3
200500082256,0005-12-21 10:55:00,5,12,21,10,55,750,8.0,AV CHAMPS ELYSEES R GALI,,,Plein jour,En agglomération,Intersection en T,Normale,Autre collision,,,,,,,,,,,1,2,3,1,6
200500082257,0005-12-21 09:25:00,5,12,21,9,25,750,8.0,CRS LA REINE AV W CHURCH,,,Plein jour,En agglomération,Intersection en X,Normale,Deux véhicules - côté,,,,,,,,,,,1,2,2,1,3
200500082258,0005-12-21 14:10:00,5,12,21,14,10,750,12.0,248 AV DAUMESNIL,,,Plein jour,En agglomération,Hors intersection,Normale,Sans collision,,,,,,,,,,,1,2,1,1,7
200500082259,0005-12-21 06:59:00,5,12,21,6,59,750,13.0,3 BD DE L HOPITAL,,,Nuit avec éclairage allumé,En agglomération,Hors intersection,Normale,Autre collision,,,,,,,,,,,5,2,1,1,6
200500082260,0005-12-21 10:10:00,5,12,21,10,10,750,13.0,R BOURGON R MOULIN LA PO,,,Plein jour,En agglomération,Intersection en X,Normale,Autre collision,,,,,,,,,,,1,2,2,1,6
200500082261,0005-12-21 08:25:00,5,12,21,8,25,750,14.0,BD BRUNE AV GENERAL LECL,,,Plein jour,En agglomération,Intersection en X,Normale,Sans collision,,,,,,,,,,,1,2,2,1,7
200500082262,0005-12-21 07:25:00,5,12,21,7,25,750,15.0,R LECOURBE VLA POIRIER,,,Nuit avec éclairage allumé,En agglomération,Intersection en T,Normale,Autre collision,,,,,,,,,,,5,2,3,1,6
200500082263,0005-12-21 15:10:00,5,12,21,15,10,750,16.0,94 AV VICTOR HUGO,,,Plein jour,En agglomération,Hors intersection,Normale,Autre collision,,,,,,,,,,,1,2,1,1,6
200500082264,0005-12-21 12:15:00,5,12,21,12,15,750,16.0,44 R POUSSIN,,,Plein jour,En agglomération,Hors intersection,Temps couvert,Deux véhicules - arrière,,,,,,,,,,,1,2,1,8,2
200500082265,0005-12-21 13:00:00,5,12,21,13,0,750,16.0,78 AV GRANDE ARMEE,,,Plein jour,En agglomération,Hors intersection,Normale,Autre collision,,,,,,,,,,,1,2,1,1,6
200500082266,0005-12-21 19:10:00,5,12,21,19,10,750,16.0,PL CH DE GAULLE AV KLEBE,,,Nuit avec éclairage allumé,En agglomération,Intersection en T,Normale,Deux véhicules - côté,,,,,,,,,,,5,2,3,1,3
200500082267,0005-12-21 09:50:00,5,12,21,9,50,750,17.0,108 BD DE COURCELLES,,,Plein jour,En agglomération,Hors intersection,Normale,Deux véhicules - côté,,,,,,,,,,,1,2,1,1,3
200500082268,0005-12-21 13:25:00,5,12,21,13,25,750,19.0,22 R MANIN,,,Plein jour,En agglomération,Hors intersection,Normale,Deux véhicules - côté,,,,,,,,,,,1,2,1,1,3
200500082269,0005-12-21 13:00:00,5,12,21,13,0,750,19.0,R GASTON REBUFFAT R DE T,,,Plein jour,En agglomération,Intersection en T,Normale,Autre collision,,,,,,,,,,,1,2,3,1,6
200500082270,0005-12-21 16:00:00,5,12,21,16,0,750,19.0,23 SQ DES BOULEAUX,,,Plein jour,En agglomération,Hors intersection,Normale,Deux véhicules - côté,,,,,,,,,,,1,2,1,1,3
200500082271,0005-12-20 18:50:00,5,12,20,18,50,750,3.0,R GREN ST LAZARE R ST MA,,,Nuit avec éclairage allumé,En agglomération,Intersection en X,Normale,Deux véhicules - arrière,,,,,,,,,,,5,2,2,1,2
200500082272,0005-12-20 13:55:00,5,12,20,13,55,750,6.0,58 BD RASPAIL,,,Plein jour,En agglomération,Hors intersection,Normale,Deux véhicules - arrière,,,,,,,,,,,1,2,1,1,2
200500082273,0005-12-20 10:15:00,5,12,20,10,15,750,8.0,AV MARCEAU R DE PRESBOUR,,,Plein jour,En agglomération,Intersection en X,Normale,Deux véhicules - côté,,,,,,,,,,,1,2,2,1,3
200500082274,0005-12-20 02:31:00,5,12,20,2,31,750,8.0,PL DE LA CONCORDE R SAIN,,,Nuit avec éclairage allumé,En agglomération,Intersection en T,Normale,Deux véhicules - côté,,,,,,,,,,,5,2,3,1,3
200500082275,0005-12-20 12:30:00,5,12,20,12,30,750,8.0,104 AV CHAMPS ELYSEES,,,Plein jour,En agglomération,Hors intersection,Pluie légère,Deux véhicules - arrière,,,,,,,,,,,1,2,1,2,2
200500082276,0005-12-20 13:00:00,5,12,20,13,0,750,9.0,30 R DU FG MONTMARTRE,,,Plein jour,En agglomération,Hors intersection,Normale,Autre collision,,,,,,,,,,,1,2,1,1,6
200500082277,0005-12-20 15:45:00,5,12,20,15,45,750,10.0,27 BD SAINT MARTIN,,,Plein jour,En agglomération,Hors intersection,Normale,Autre collision,,,,,,,,,,,1,2,1,1,6
200500082278,0005-12-20 16:05:00,5,12,20,16,5,750,10.0,104 R LA FAYETTE,,,Plein jour,En agglomération,Hors intersection,Normale,Autre collision,,,,,,,,,,,1,2,1,1,6
200500082279,0005-12-20 19:15:00,5,12,20,19,15,750,13.0,ECH ITALIE AV PORTE D IT,,,Nuit avec éclairage allumé,En agglomération,Intersection en T,Normale,Autre collision,,,,,,,,,,,5,2,3,1,6
200500082280,0005-12-20 07:00:00,5,12,20,7,0,750,13.0,BD MASSENA PT NATIONAL,,,Plein jour,En agglomération,Intersection en X,Temps couvert,Autre collision,,,,,,,,,,,1,2,2,8,6
200500082281,0005-12-20 19:10:00,5,12,20,19,10,750,15.0,AV EMILE ZOLA R VIOLET,,,Nuit avec éclairage allumé,En agglomération,Intersection en X,Normale,Autre collision,,,,,,,,,,,5,2,2,1,6
200500082282,0005-12-20 22:30:00,5,12,20,22,30,750,17.0,2 PL PORTE MAILLOT,,,Nuit avec éclairage allumé,En agglomération,Hors intersection,Normale,Trois véhicules et plus - en chaîne,,,,,,,,,,,5,2,1,1,4
200500082283,0005-12-20 06:45:00,5,12,20,6,45,750,19.0,PL AUGUSTE BARON,,,Nuit avec éclairage allumé,En agglomération,Hors intersection,Normale,Autre collision,,,,,,,,,,,5,2,1,1,6
200500082284,0005-12-19 07:22:00,5,12,19,7,22,750,17.0,R JOUFFR D ABBANS R DE S,,,Crépuscule ou aube,En agglomération,Intersection en X,Pluie légère,Deux véhicules - côté,,,,,,,,,,,2,2,2,2,3
200500082285,0005-12-19 11:30:00,5,12,19,11,30,750,12.0,AV ARMAND ROUSSEAU R ERN,,,Plein jour,En agglomération,Intersection en T,Pluie légère,Sans collision,,,,,,,,,,,1,2,3,2,7
200500082286,0005-12-19 20:10:00,5,12,19,20,10,750,12.0,BD PONIATOWSKI AV PTE DE,,,Nuit avec éclairage allumé,En agglomération,Intersection en X,Pluie légère,Deux véhicules - côté,,,,,,,,,,,5,2,2,2,3
200500082287,0005-12-19 20:35:00,5,12,19,20,35,750,17.0,BD PEREIRE AV DES TERNES,,,Nuit avec éclairage allumé,En agglomération,Intersection en X,Temps couvert,Deux véhicules - côté,,,,,,,,,,,5,2,2,8,3
200500082288,0005-12-18 20:30:00,5,12,18,20,30,750,9.0,PL KOSSUT R DE MAUBEUGE,,,Nuit avec éclairage allumé,En agglomération,Intersection à plus de 4 branches,Normale,Deux véhicules - côté,,,,,,,,,,,5,2,5,1,3
200500082289,0005-12-18 13:55:00,5,12,18,13,55,750,12.0,BD SOULT CRS DE VINCENNE,,,Plein jour,En agglomération,Intersection en X,Normale,Deux véhicules - arrière,,,,,,,,,,,1,2,2,1,2
200500082290,0005-12-10 18:45:00,5,12,10,18,45,750,15.0,86 R SAINT CHARLES,,,Nuit avec éclairage allumé,En agglomération,Hors intersection,Normale,Deux véhicules - côté,,,,,,,,,,,5,2,1,1,3
200500082291,0005-12-26 16:05:00,5,12,26,16,5,750,12.0,Q DE LA RAPEE,,,Plein jour,En agglomération,Hors intersection,Normale,Autre collision,,,,,,,,,,,1,2,1,1,6
200500082292,0005-12-20 08:45:00,5,12,20,8,45,750,20.0,SQ DOCTEUR VARIOT AV GAM,,,Plein jour,En agglomération,Intersection en T,Temps couvert,Sans collision,,,,,,,,,,,1,2,3,8,7
200500082293,0005-12-20 11:25:00,5,12,20,11,25,750,20.0,168 R DE BAGNOLET,,,Plein jour,En agglomération,Hors intersection,Normale,Deux véhicules - côté,,,,,,,,,,,1,2,1,1,3
200500082294,0005-12-20 18:33:00,5,12,20,18,33,750,20.0,R DE MENILMONTANT R DES,,,Nuit avec éclairage allumé,En agglomération,Intersection en X,Normale,Autre collision,,,,,,,,,,,5,2,2,1,6
200500082295,0005-12-20 19:15:00,5,12,20,19,15,750,20.0,BD MORTIER AV PTE MENILM,,,Nuit avec éclairage allumé,En agglomération,Intersection en X,Normale,Autre collision,,,,,,,,,,,5,2,2,1,6
200500082296,0005-12-12 08:50:00,5,12,12,8,50,750,5.0,R DANTE BD SAINT GERMAIN,,,Plein jour,En agglomération,Intersection en Y,Normale,Deux véhicules - arrière,,,,,,,,,,,1,2,4,1,2
200500082297,0005-12-13 09:35:00,5,12,13,9,35,750,12.0,RTE DU PARC AV DE SAINT,,,Plein jour,En agglomération,Intersection en Y,Normale,Deux véhicules - côté,,,,,,,,,,,1,2,4,1,3
200500082298,0005-12-14 12:45:00,5,12,14,12,45,750,17.0,R ANDRE SUARES BD BERTHI,,,Plein jour,En agglomération,Intersection en T,Pluie légère,Autre collision,,,,,,,,,,,1,2,3,2,6
200500082299,0005-12-15 07:35:00,5,12,15,7,35,750,5.0,L3702 Q SAINT BERNARD,,,Crépuscule ou aube,En agglomération,Hors intersection,Normale,Deux véhicules - arrière,,,,,,,,,,,2,2,1,1,2
200500082300,0005-12-16 17:25:00,5,12,16,17,25,750,17.0,182 AV DE CLICHY,,,Nuit avec éclairage allumé,En agglomération,Hors intersection,Normale,Deux véhicules - côté,,,,,,,,,,,5,2,1,1,3
200500082301,0005-12-16 15:15:00,5,12,16,15,15,750,12.0,86 AV DR ARNOLD NETTER,,,Plein jour,En agglomération,Hors intersection,Pluie légère,Trois véhicules et plus - collisions multiples,,,,,,,,,,,1,2,1,2,5
200500082302,0005-12-16 14:45:00,5,12,16,14,45,750,12.0,Q DE LA RAPEE R VAN GOGH,,,Plein jour,En agglomération,Intersection en X,Normale,Deux véhicules - côté,,,,,,,,,,,1,2,2,1,3
200500082303,0005-12-17 01:50:00,5,12,17,1,50,750,10.0,146 BD DE MAGENTA,,,Nuit avec éclairage allumé,En agglomération,Hors intersection,Normale,Sans collision,,,,,,,,,,,5,2,1,1,7
200500082304,0005-12-19 13:15:00,5,12,19,13,15,750,20.0,R SAINT FARGEAU R DU TEL,,,Plein jour,En agglomération,Intersection en T,Pluie légère,Deux véhicules - côté,,,,,,,,,,,1,2,3,2,3
200500082305,0005-12-17 15:05:00,5,12,17,15,5,750,12.0,106 BD DIDEROT,,,Plein jour,En agglomération,Hors intersection,Normale,Deux véhicules - côté,,,,,,,,,,,1,2,1,1,3
200500082306,0005-12-20 20:19:00,5,12,20,20,19,750,12.0,R D ALIGRE R CROZATIER,,,Nuit avec éclairage allumé,En agglomération,Intersection en X,Normale,Deux véhicules - côté,,,,,,,,,,,5,2,2,1,3
200500082307,0005-12-28 13:03:00,5,12,28,13,3,750,14.0,116 AV GENERAL LECLERC,,,Plein jour,En agglomération,Hors intersection,Normale,Deux véhicules - côté,,,,,,,,,,,1,2,1,1,3
200500082308,0005-12-24 04:40:00,5,12,24,4,40,750,1.0,AV DU GEN LEMONNIER Q DE,,,Nuit avec éclairage allumé,En agglomération,Intersection en T,Normale,Deux véhicules - côté,,,,,,,,,,,5,2,3,1,3
200500082309,0005-12-26 19:55:00,5,12,26,19,55,750,12.0,276 AV DAUMESNIL,,,Nuit avec éclairage allumé,En agglomération,Hors intersection,Normale,Deux véhicules - arrière,,,,,,,,,,,5,2,1,1,2
200500082310,0005-12-24 01:15:00,5,12,24,1,15,750,9.0,R GODOT DE MAUROY R DE S,,,Nuit avec éclairage allumé,En agglomération,Intersection en X,Normale,Deux véhicules - côté,,,,,,,,,,,5,2,2,1,3
200500082311,0005-12-25 16:40:00,5,12,25,16,40,750,12.0,AV DAUMESNIL BD DIDEROT,,,Plein jour,En agglomération,Intersection en X,Normale,Autre collision,,,,,,,,,,,1,2,2,1,6
200500082312,0005-12-21 12:05:00,5,12,21,12,5,750,20.0,33 AV GAMBETTA,,,Plein jour,En agglomération,Hors intersection,Normale,Deux véhicules - côté,,,,,,,,,,,1,2,1,1,3
200500082313,0005-12-21 18:00:00,5,12,21,18,0,750,20.0,112 BD DE CHARONNE,,,Nuit avec éclairage allumé,En agglomération,Hors intersection,Normale,Deux véhicules - arrière,,,,,,,,,,,5,2,1,1,2
200500082314,0005-12-21 18:30:00,5,12,21,18,30,750,20.0,R DE LA BIDASSOA R JUILL,,,Nuit avec éclairage allumé,En agglomération,Intersection en T,Normale,Sans collision,,,,,,,,,,,5,2,3,1,7
200500082315,0005-12-24 22:00:00,5,12,24,22,0,750,10.0,BD DE MAGENTA R DE MAUBE,,,Nuit avec éclairage allumé,En agglomération,Intersection à plus de 4 branches,Pluie légère,Deux véhicules - côté,,,,,,,,,,,5,2,5,2,3
200500082316,0005-12-22 14:35:00,5,12,22,14,35,750,17.0,R DE PRONY AV DE WAGRAM,,,Plein jour,En agglomération,Intersection en X,Normale,Deux véhicules - côté,,,,,,,,,,,1,2,2,1,3
200500082317,0005-12-22 23:04:00,5,12,22,23,4,750,17.0,R JOUFFR D ABBANS R DE S,,,Nuit avec éclairage allumé,En agglomération,Intersection en X,Normale,Deux véhicules - côté,,,,,,,,,,,5,2,2,1,3
200500082318,0005-12-23 20:45:00,5,12,23,20,45,750,1.0,R D ALGER R DE RIVOLI,,,Nuit avec éclairage allumé,En agglomération,Intersection en T,Normale,Deux véhicules - arrière,,,,,,,,,,,5,2,3,1,2
200500082319,0005-12-23 08:45:00,5,12,23,8,45,750,4.0,R COUTELLERIE R DE LA TA,,,Plein jour,En agglomération,Intersection en Y,Temps couvert,Deux véhicules - côté,,,,,,,,,,,1,2,4,8,3
200500082320,0005-12-23 15:00:00,5,12,23,15,0,750,4.0,VERD PT MARIE PT SULLY,,,Plein jour,En agglomération,Hors intersection,Normale,Autre collision,,,,,,,,,,,1,2,1,1,6
200500082321,0005-12-23 12:15:00,5,12,23,12,15,750,11.0,80 AV PARMENTIER,,,Plein jour,En agglomération,Hors intersection,Normale,Deux véhicules - côté,,,,,,,,,,,1,2,1,1,3
200500082322,0005-12-23 18:30:00,5,12,23,18,30,750,14.0,1 AV PIERRE MASSE,,,Nuit avec éclairage allumé,En agglomération,Hors intersection,Normale,Autre collision,,,,,,,,,,,5,2,1,1,6
200500082323,0005-12-23 11:30:00,5,12,23,11,30,750,14.0,R FERMAT R FROIDEVAUX,,,Plein jour,En agglomération,Intersection en T,Normale,Autre collision,,,,,,,,,,,1,2,3,1,6
200500082324,0005-12-23 17:00:00,5,12,23,17,0,750,19.0,54 R RIQUET,,,Plein jour,En agglomération,Hors intersection,Normale,Sans collision,,,,,,,,,,,1,2,1,1,7
200500082325,0005-12-23 13:15:00,5,12,23,13,15,750,20.0,74 BD DAVOUT,,,Plein jour,En agglomération,Hors intersection,Normale,Autre collision,,,,,,,,,,,1,2,1,1,6
200500082326,0005-12-25 16:50:00,5,12,25,16,50,750,11.0,52 R DE LA ROQUETTE,,,Nuit avec éclairage allumé,En agglomération,Hors intersection,Normale,Deux véhicules - côté,,,,,,,,,,,5,2,1,1,3
200500082327,0005-12-25 20:50:00,5,12,25,20,50,750,15.0,74 R DU THEATRE,,,Nuit avec éclairage allumé,En agglomération,Hors intersection,Normale,Deux véhicules - côté,,,,,,,,,,,5,2,1,1,3
200500082328,0005-12-25 21:20:00,5,12,25,21,20,750,15.0,BD LEFEBVRE AV PORTE BRA,,,Nuit avec éclairage allumé,En agglomération,Intersection en X,Normale,Deux véhicules - côté,,,,,,,,,,,5,2,2,1,3
200500082329,0005-12-25 02:08:00,5,12,25,2,8,750,17.0,AV DE CLICHY R DES DAMES,,,Nuit avec éclairage allumé,En agglomération,Intersection en T,Normale,Autre collision,,,,,,,,,,,5,2,3,1,6
200500082330,0005-12-25 18:45:00,5,12,25,18,45,750,17.0,R G CHARPENTIER AV PORTE,,,Nuit avec éclairage allumé,En agglomération,Intersection en X,Normale,Autre collision,,,,,,,,,,,5,2,2,1,6
200500082331,0005-12-25 16:00:00,5,12,25,16,0,750,19.0,AV MATHURIN MOREAU AV SI,,,Plein jour,En agglomération,Intersection en X,Normale,Deux véhicules - côté,,,,,,,,,,,1,2,2,1,3
200500082332,0005-12-26 10:00:00,5,12,26,10,0,750,8.0,R P CHAMPS ELYSEES AV MA,,,Plein jour,En agglomération,Intersection à plus de 4 branches,Temps couvert,Deux véhicules - arrière,,,,,,,,,,,1,2,5,8,2
200500082333,0005-12-26 09:00:00,5,12,26,9,0,750,14.0,7 AV PORTE D ORLEANS,,,Plein jour,En agglomération,Hors intersection,Normale,Deux véhicules - arrière,,,,,,,,,,,1,2,1,1,2
200500082334,0005-12-26 11:50:00,5,12,26,11,50,750,17.0,AV DE CLICHY R CLAIRAUT,,,Plein jour,En agglomération,Intersection en T,Temps couvert,Deux véhicules - côté,,,,,,,,,,,1,2,3,8,3
200500082335,0005-12-26 23:50:00,5,12,26,23,50,750,19.0,78 AV JEAN JAURES,,,Nuit avec éclairage allumé,En agglomération,Hors intersection,Neige / grêle,Autre collision,,,,,,,,,,,5,2,1,4,6
200500082336,0005-12-10 11:45:00,5,12,10,11,45,750,16.0,BPE MOLITOR SAINT CLOUD,,,Plein jour,En agglomération,Hors intersection,Normale,Trois véhicules et plus - en chaîne,,,,,,,,,,,1,2,1,1,4
200500082337,0005-12-22 02:45:00,5,12,22,2,45,750,20.0,ECH BAGNOLET,,,Nuit avec éclairage allumé,En agglomération,Hors intersection,Normale,Deux véhicules - côté,,,,,,,,,,,5,2,1,1,3
200500082338,0005-12-22 12:35:00,5,12,22,12,35,750,17.0,BD DE COURCELLES BD MALE,,,Plein jour,En agglomération,Intersection en X,Normale,Autre collision,,,,,,,,,,,1,2,2,1,6
200500082339,0005-12-27 10:50:00,5,12,27,10,50,750,3.0,R DES ARQUEBUSIERS BD BE,,,Plein jour,En agglomération,Intersection en T,Pluie légère,Deux véhicules - côté,,,,,,,,,,,1,2,3,2,3
200500082340,0005-12-27 01:00:00,5,12,27,1,0,750,14.0,PL CATALOGNE R CDT R MOU,,,Nuit avec éclairage allumé,En agglomération,Intersection en T,Pluie légère,Autre collision,,,,,,,,,,,5,2,3,2,6
200500082341,0005-12-27 13:55:00,5,12,27,13,55,750,8.0,R DE L ARCADE BD MALESHE,,,Plein jour,En agglomération,Intersection en Y,Neige / grêle,Autre collision,,,,,,,,,,,1,2,4,4,6
200500082342,0005-12-27 12:30:00,5,12,27,12,30,750,8.0,86 AV DES CHAMPS ELYSEES,,,Plein jour,En agglomération,Hors intersection,Neige / grêle,Autre collision,,,,,,,,,,,1,2,1,4,6
200500082343,0005-12-27 10:50:00,5,12,27,10,50,750,9.0,R D AMSTERDAM PL DE CLIC,,,Plein jour,En agglomération,Intersection en T,Neige / grêle,Autre collision,,,,,,,,,,,1,2,3,4,6
200500082344,0005-12-27 09:40:00,5,12,27,9,40,750,14.0,R CDT R MOUCHOTTE AV DU,,,Plein jour,En agglomération,Intersection en Y,Temps couvert,Autre collision,,,,,,,,,,,1,2,4,8,6
200500082345,0005-12-27 16:25:00,5,12,27,16,25,750,15.0,R LABROUSTE R SAINT AMAN,,,Plein jour,En agglomération,Intersection en X,Temps couvert,Sans collision,,,,,,,,,,,1,2,2,8,7
200500082346,0005-12-27 11:15:00,5,12,27,11,15,750,18.0,28 BD BARBES,,,Plein jour,En agglomération,Hors intersection,Normale,Deux véhicules - côté,,,,,,,,,,,1,2,1,1,3
200500082347,0005-12-27 18:15:00,5,12,27,18,15,750,20.0,R LE VAU AV PTE MENILMON,,,Nuit avec éclairage allumé,En agglomération,Intersection en T,Neige / grêle,Sans collision,,,,,,,,,,,5,2,3,4,7
200500082348,0005-12-27 07:10:00,5,12,27,7,10,750,20.0,94 BD DAVOUT,,,Nuit avec éclairage allumé,En agglomération,Hors intersection,Neige / grêle,Autre collision,,,,,,,,,,,5,2,1,4,6
200500082349,0005-12-28 17:20:00,5,12,28,17,20,750,4.0,76 R DE RIVOLI,,,Nuit avec éclairage allumé,En agglomération,Hors intersection,Normale,Autre collision,,,,,,,,,,,5,2,1,1,6
200500082350,0005-12-28 12:55:00,5,12,28,12,55,750,15.0,AV DE BRETEUIL BD PASTEU,,,Plein jour,En agglomération,Intersection en Y,Neige / grêle,Trois véhicules et plus - collisions multiples,,,,,,,,,,,1,2,4,4,5
200500082351,0005-12-28 23:00:00,5,12,28,23,0,750,15.0,Q ANDRE CITROEN BD GL MA,,,Nuit avec éclairage allumé,En agglomération,Intersection en X,Normale,Deux véhicules - côté,,,,,,,,,,,5,2,2,1,3