accident_id,datetime,annee,mois,jour,heure,minute,departement,commune_insee,adresse,latitude,longitude,luminosite,agglomeration,intersection,meteo,collision,nb_vehicules,nb_usagers,nb_indemnes,nb_tues,nb_blesses_hosp,nb_blesses_legers,age_cond_1,age_cond_2,veh_type_cond_1,veh_type_cond_2,lum_code,agg_code,int_code,atm_code,col_code
200500082352,0005-12-28 16:05:00,5,12,28,16,5,750,20.0,22 AV PR A LEMIERRE,,,Plein jour,En agglomération,Hors intersection,Neige / grêle,Deux véhicules - côté,,,,,,,,,,,1,2,1,4,3
200500082353,0005-12-29 14:50:00,5,12,29,14,50,750,15.0,280 R DE VAUGIRARD,,,Plein jour,En agglomération,Hors intersection,Neige / grêle,Autre collision,,,,,,,,,,,1,2,1,4,6
200500082354,0005-12-30 09:29:00,5,12,30,9,29,750,11.0,94 AV PHILIPPE AUGUSTE,,,Plein jour,En agglomération,Hors intersection,Normale,Autre collision,,,,,,,,,,,1,2,1,1,6
200500082355,0005-12-31 20:35:00,5,12,31,20,35,750,2.0,R DU CAIRE BD DE SEBASTO,,,Nuit avec éclairage allumé,En agglomération,Intersection en T,Normale,Sans collision,,,,,,,,,,,5,2,3,1,7
200500082356,0005-12-31 19:00:00,5,12,31,19,0,750,4.0,R DES ECOUFFES R DE RIVO,,,Nuit avec éclairage allumé,En agglomération,Intersection en X,Pluie légère,Autre collision,,,,,,,,,,,5,2,2,2,6
200500082357,0005-12-30 19:45:00,5,12,30,19,45,750,18.0,R CAULAINCOURT R LAMARCK,,,Nuit avec éclairage allumé,En agglomération,Intersection en Y,Pluie légère,Autre collision,,,,,,,,,,,5,2,4,2,6
200500082358,0005-12-31 19:55:00,5,12,31,19,55,750,15.0,R DE DANTZIG R DES PERIC,,,Nuit avec éclairage allumé,En agglomération,Intersection en T,Pluie légère,Deux véhicules - côté,,,,,,,,,,,5,2,3,2,3
200500082359,0005-12-31 23:30:00,5,12,31,23,30,750,16.0,38 R SCHEFFER,,,Nuit avec éclairage allumé,En agglomération,Hors intersection,Normale,Autre collision,,,,,,,,,,,5,2,1,1,6
200500082360,0005-12-31 16:30:00,5,12,31,16,30,750,18.0,BD BARBES BD DE ROCHECHO,,,Plein jour,En agglomération,Intersection en X,Normale,Deux véhicules - côté,,,,,,,,,,,1,2,2,1,3
200500082361,0005-12-30 20:50:00,5,12,30,20,50,750,10.0,R LUCIEN SAMPAIX R DES V,,,Nuit avec éclairage allumé,En agglomération,Intersection en X,Pluie légère,Deux véhicules - côté,,,,,,,,,,,5,2,2,2,3
200500082362,0005-12-30 19:45:00,5,12,30,19,45,750,11.0,R J PIERRE TIMBAUD R SAI,,,Nuit avec éclairage allumé,En agglomération,Intersection en X,Pluie légère,Deux véhicules - côté,,,,,,,,,,,5,2,2,2,3
200500082363,0005-12-30 17:35:00,5,12,30,17,35,750,13.0,R CAILLAUX AV D ITALIE,,,Nuit avec éclairage allumé,En agglomération,Intersection en X,Neige / grêle,Autre collision,,,,,,,,,,,5,2,2,4,6
200500082364,0005-12-31 12:32:00,5,12,31,12,32,750,11.0,122 R FG SAINT ANTOINE,,,Plein jour,En agglomération,Hors intersection,Temps couvert,Autre collision,,,,,,,,,,,1,2,1,8,6
200500082365,0005-12-31 12:40:00,5,12,31,12,40,750,13.0,R CHARLES FOURIER R DE T,,,Plein jour,En agglomération,Intersection en Y,Normale,Autre collision,,,,,,,,,,,1,2,4,1,6
200500082366,0005-12-31 11:45:00,5,12,31,11,45,750,17.0,26 BD GOUVION ST CYR,,,Plein jour,En agglomération,Hors intersection,Normale,Autre collision,,,,,,,,,,,1,2,1,1,6
200500082367,0005-12-27 18:55:00,5,12,27,18,55,750,12.0,Q DE BERCY,,,Nuit avec éclairage allumé,En agglomération,Hors intersection,Neige / grêle,Sans collision,,,,,,,,,,,5,2,1,4,7
200500082368,0005-12-30 01:50:00,5,12,30,1,50,750,17.0,R CARDINET AV DE CLICHY,,,Nuit avec éclairage allumé,En agglomération,Intersection en X,Normale,Deux véhicules - côté,,,,,,,,,,,5,2,2,1,3
200500082369,0005-12-30 12:15:00,5,12,30,12,15,750,12.0,AV DAUMESNIL R DE RAMBOU,,,Plein jour,En agglomération,Intersection en X,Neige / grêle,Deux véhicules - côté,,,,,,,,,,,1,2,2,4,3
200500082370,0005-12-29 22:05:00,5,12,29,22,5,750,6.0,BD SAINT MICHEL R RACINE,,,Nuit avec éclairage allumé,En agglomération,Intersection en X,Normale,Autre collision,,,,,,,,,,,5,2,2,1,6
200500082371,0005-12-29 10:30:00,5,12,29,10,30,750,6.0,AV OBSERVATOIRE BD SAINT,,,Plein jour,En agglomération,Intersection en Y,Normale,Deux véhicules - côté,,,,,,,,,,,1,2,4,1,3
200500082372,0005-12-31 11:03:00,5,12,31,11,3,750,15.0,256 R DE AUGIRARD,,,Plein jour,En agglomération,Hors intersection,Normale,Autre collision,,,,,,,,,,,1,2,1,1,6
200500082373,0005-12-05 06:00:00,5,12,5,6,0,750,16.0,BPE AUTEUIL MOLITOR,,,Crépuscule ou aube,En agglomération,Hors intersection,Normale,Trois véhicules et plus - en chaîne,,,,,,,,,,,2,2,1,1,4
200500082374,0005-12-06 18:30:00,5,12,6,18,30,750,19.0,BPI AUBERVILLIERS VILLET,,,Nuit avec éclairage allumé,En agglomération,Hors intersection,Normale,Deux véhicules - côté,,,,,,,,,,,5,2,1,1,3
200500082375,0005-12-30 08:00:00,5,12,30,8,0,750,17.0,BD DE COURCELLES PL PROS,,,Nuit avec éclairage allumé,En agglomération,Intersection en X,Normale,Sans collision,,,,,,,,,,,5,2,2,1,7
200500082376,0005-12-30 07:05:00,5,12,30,7,5,750,5.0,PL MAUBERT BD SAINT GERM,,,Nuit avec éclairage allumé,En agglomération,Intersection en X,Normale,Trois véhicules et plus - en chaîne,,,,,,,,,,,5,2,2,1,4
200500082377,0005-12-02 15:20:00,5,12,2,15,20,750,12.0,BPE BERCY CHARENTON,,,Plein jour,En agglomération,Hors intersection,Normale,Deux véhicules - côté,,,,,,,,,,,1,2,1,1,3
200500082378,0005-12-02 16:25:00,5,12,2,16,25,750,16.0,BPE PASSY AUTEUIL,,,Plein jour,En agglomération,Hors intersection,Normale,Deux véhicules - côté,,,,,,,,,,,1,2,1,1,3
200500082379,0005-12-02 21:30:00,5,12,2,21,30,750,19.0,BPE  VILLETTE AUBERVILLI,,,Nuit avec éclairage allumé,En agglomération,Hors intersection,Pluie légère,Deux véhicules - côté,,,,,,,,,,,5,2,1,2,3
200500082380,0005-12-03 13:01:00,5,12,3,13,1,750,14.0,BPE ORLEANS GENTILLY,,,Plein jour,En agglomération,Hors intersection,Normale,Trois véhicules et plus - en chaîne,,,,,,,,,,,1,2,1,1,4
200500082381,0005-12-03 13:15:00,5,12,3,13,15,750,15.0,BPE SEVRES PLAINE,,,Plein jour,En agglomération,Hors intersection,Normale,Deux véhicules - côté,,,,,,,,,,,1,2,1,1,3
200500082382,0005-12-03 12:30:00,5,12,3,12,30,750,17.0,ECH SAINT OUEN,,,Plein jour,En agglomération,Hors intersection,Pluie légère,Trois véhicules et plus - en chaîne,,,,,,,,,,,1,2,1,2,4
200500082383,0005-12-03 17:50:00,5,12,3,17,50,750,20.0,BPI LILAS BAGNOLET,,,Nuit avec éclairage allumé,En agglomération,Hors intersection,Pluie légère,Deux véhicules - arrière,,,,,,,,,,,5,2,1,2,2
200500082384,0005-12-04 04:25:00,5,12,4,4,25,750,19.0,BPI VILLETTE PANTIN,,,Nuit avec éclairage allumé,En agglomération,Hors intersection,Normale,Autre collision,,,,,,,,,,,5,2,1,1,6
200500082385,0005-12-05 12:30:00,5,12,5,12,30,750,14.0,BPI GENTILLY ORLEANS,,,Plein jour,En agglomération,Hors intersection,Normale,Deux véhicules - côté,,,,,,,,,,,1,2,1,1,3
200500082386,0005-12-05 15:50:00,5,12,5,15,50,750,18.0,ECH CHAPELLE,,,Plein jour,En agglomération,Hors intersection,Normale,Deux véhicules - côté,,,,,,,,,,,1,2,1,1,3
200500082387,0005-12-06 17:40:00,5,12,6,17,40,750,12.0,BPE DOREE ST MANDE,,,Crépuscule ou aube,En agglomération,Hors intersection,Normale,Deux véhicules - arrière,,,,,,,,,,,2,2,1,1,2
200500082388,0005-12-06 07:10:00,5,12,6,7,10,750,19.0,BPI PANTIN PRE SAINT GER,,,Crépuscule ou aube,En agglomération,Hors intersection,Normale,Sans collision,,,,,,,,,,,2,2,1,1,7
200500082389,0005-12-07 15:15:00,5,12,7,15,15,750,16.0,BPE AUTEUIL MOLITOR,,,Plein jour,En agglomération,Hors intersection,Normale,Deux véhicules - arrière,,,,,,,,,,,1,2,1,1,2
200500082390,0005-12-08 19:35:00,5,12,8,19,35,750,16.0,BPE MAILLOT DAUPHINE,,,Nuit avec éclairage allumé,En agglomération,Hors intersection,Normale,Deux véhicules - côté,,,,,,,,,,,5,2,1,1,3
200500082391,0005-12-09 09:20:00,5,12,9,9,20,750,16.0,BPI MUETTE DAUPHINE,,,Plein jour,En agglomération,Hors intersection,Normale,Sans collision,,,,,,,,,,,1,2,1,1,7
200500082392,0005-12-09 16:30:00,5,12,9,16,30,750,18.0,BPE AUBERVILLIERS CHAPEL,,,Plein jour,En agglomération,Hors intersection,Normale,Deux véhicules - arrière,,,,,,,,,,,1,2,1,1,2
200500082393,0005-12-10 00:10:00,5,12,10,0,10,750,12.0,ECH BERCY,,,Nuit avec éclairage allumé,En agglomération,Hors intersection,Normale,Autre collision,,,,,,,,,,,5,2,1,1,6
200500082394,0005-12-10 05:55:00,5,12,10,5,55,750,20.0,BPI LILAS BAGNOLET,,,Nuit avec éclairage allumé,En agglomération,Hors intersection,Normale,Autre collision,,,,,,,,,,,5,2,1,1,6
200500082395,0005-12-11 08:15:00,5,12,11,8,15,750,14.0,BPI GENTILLY ORLEANS,,,Plein jour,En agglomération,Hors intersection,Normale,Autre collision,,,,,,,,,,,1,2,1,1,6
200500082396,0005-12-11 19:30:00,5,12,11,19,30,750,18.0,ECH CHAPELLE,,,Nuit avec éclairage allumé,En agglomération,Hors intersection,Normale,Autre collision,,,,,,,,,,,5,2,1,1,6
200500082397,0005-12-17 07:00:00,5,12,17,7,0,750,16.0,BPI DAUPHINE MAILLOT,,,Crépuscule ou aube,En agglomération,Hors intersection,Normale,Autre collision,,,,,,,,,,,2,2,1,1,6
200500082398,0005-12-19 02:15:00,5,12,19,2,15,750,12.0,BPI VINCENNES SAINT MAND,,,Nuit avec éclairage allumé,En agglomération,Hors intersection,Normale,Deux véhicules - arrière,,,,,,,,,,,5,2,1,1,2
200500082399,0005-12-19 18:32:00,5,12,19,18,32,750,13.0,BPE GARE BERCY,,,Crépuscule ou aube,En agglomération,Hors intersection,Pluie légère,Deux véhicules - côté,,,,,,,,,,,2,2,1,2,3
200500082400,0005-12-20 04:30:00,5,12,20,4,30,750,17.0,ECH CHAMPERRET,,,Nuit avec éclairage allumé,En agglomération,Hors intersection,Brouillard / fumée,Autre collision,,,,,,,,,,,5,2,1,5,6
200500082401,0005-12-25 17:50:00,5,12,25,17,50,750,13.0,BPI IVRY  ITALIE,,,Nuit avec éclairage allumé,En agglomération,Hors intersection,Normale,Trois véhicules et plus - en chaîne,,,,,,,,,,,5,2,1,1,4
200500082402,0005-12-12 17:25:00,5,12,12,17,25,750,18.0,BPI CHAPELLE AUBERVILLIE,,,Nuit avec éclairage allumé,En agglomération,Hors intersection,Normale,Deux véhicules - côté,,,,,,,,,,,5,2,1,1,3
200500082403,0005-12-03 21:20:00,5,12,3,21,20,750,16.0,BPI DAUPHINE MAILLOT,,,Nuit avec éclairage allumé,En agglomération,Hors intersection,Pluie légère,Trois véhicules et plus - en chaîne,,,,,,,,,,,5,2,1,2,4
200500082404,0005-12-06 13:05:00,5,12,6,13,5,750,18.0,ECH CHAPELLE BPI CHAPELL,,,Plein jour,En agglomération,Intersection en Y,Normale,Trois véhicules et plus - collisions multiples,,,,,,,,,,,1,2,4,1,5
200500082405,0005-12-12 19:20:00,5,12,12,19,20,750,16.0,BPE MAILLOT DAUPHINE,,,Nuit avec éclairage allumé,En agglomération,Hors intersection,Normale,Deux véhicules - côté,,,,,,,,,,,5,2,1,1,3
200500082406,0005-12-13 08:05:00,5,12,13,8,5,750,13.0,BPI ITALIE GENTILLY,,,Plein jour,En agglomération,Hors intersection,Normale,Deux véhicules - côté,,,,,,,,,,,1,2,1,1,3
200500082407,0005-12-15 12:05:00,5,12,15,12,5,750,12.0,BPI DOREE CHARENTON,,,Plein jour,En agglomération,Hors intersection,Normale,Deux véhicules - côté,,,,,,,,,,,1,2,1,1,3
200500082408,0005-12-15 18:00:00,5,12,15,18,0,750,16.0,BPE DAUPHINE MUETTE,,,Nuit avec éclairage allumé,En agglomération,Hors intersection,Normale,Sans collision,,,,,,,,,,,5,2,1,1,7
200500082409,0005-12-17 17:55:00,5,12,17,17,55,750,18.0,BPI CLIGNANCOURT CHAPELL,,,Crépuscule ou aube,En agglomération,Hors intersection,Normale,Deux véhicules - arrière,,,,,,,,,,,2,2,1,1,2
200500082410,0005-12-17 17:00:00,5,12,17,17,0,750,14.0,BPE ORLEANS GENTILLY,,,Crépuscule ou aube,En agglomération,Hors intersection,Normale,Deux véhicules - côté,,,,,,,,,,,2,2,1,1,3
200500082411,0005-12-26 13:28:00,5,12,26,13,28,750,20.0,BPI BAGNOLET MONTREUIL,,,Plein jour,En agglomération,Hors intersection,Pluie légère,Autre collision,,,,,,,,,,,1,2,1,2,6
200500082412,0005-12-19 06:20:00,5,12,19,6,20,750,17.0,BPI ASNIERES CLICHY,,,Nuit avec éclairage allumé,En agglomération,Hors intersection,Pluie forte,Trois véhicules et plus - en chaîne,,,,,,,,,,,5,2,1,3,4
200500082413,0005-12-16 12:00:00,5,12,16,12,0,750,15.0,BPE ISSY LES MLX SEVRES,,,Plein jour,En agglomération,Hors intersection,Pluie légère,Sans collision,,,,,,,,,,,1,2,1,2,7
200500082414,0005-12-17 19:40:00,5,12,17,19,40,750,19.0,BPI PANTIN PRE SAINT GER,,,Nuit avec éclairage allumé,En agglomération,Hors intersection,Normale,Trois véhicules et plus - en chaîne,,,,,,,,,,,5,2,1,1,4
200500082415,0005-12-18 19:40:00,5,12,18,19,40,750,13.0,BPE IVRY GARE,,,Nuit avec éclairage allumé,En agglomération,Hors intersection,Normale,Deux véhicules - côté,,,,,,,,,,,5,2,1,1,3
200500082416,0005-12-24 23:30:00,5,12,24,23,30,750,20.0,ECH BAGNOLET,,,Nuit avec éclairage allumé,En agglomération,Hors intersection,Pluie légère,Autre collision,,,,,,,,,,,5,2,1,2,6
200500082417,0005-12-25 06:30:00,5,12,25,6,30,750,13.0,BPI IVRY ITALIE,,,Nuit avec éclairage allumé,En agglomération,Hors intersection,Normale,Autre collision,,,,,,,,,,,5,2,1,1,6
200500082418,0005-12-26 17:10:00,5,12,26,17,10,750,12.0,BPE DOREE ST MANDE,,,Nuit avec éclairage allumé,En agglomération,Hors intersection,Normale,Deux véhicules - arrière,,,,,,,,,,,5,2,1,1,2
200500082419,0005-12-26 17:50:00,5,12,26,17,50,750,14.0,BPI ORLEANS CHATILLON,,,Nuit avec éclairage allumé,En agglomération,Hors intersection,Normale,Deux véhicules - arrière,,,,,,,,,,,5,2,1,1,2
200500082420,0005-12-27 15:45:00,5,12,27,15,45,750,14.0,BPI GENTILLY ORLEANS,,,Plein jour,En agglomération,Hors intersection,Neige / grêle,Deux véhicules - côté,,,,,,,,,,,1,2,1,4,3
200500082421,0005-12-29 17:20:00,5,12,29,17,20,750,13.0,BPE IVRY GARE,,,Nuit avec éclairage allumé,En agglomération,Hors intersection,Normale,Trois véhicules et plus - en chaîne,,,,,,,,,,,5,2,1,1,4
200500082422,0005-12-16 10:35:00,5,12,16,10,35,750,16.0,BPE MOLITOR SAINT CLOUD,,,Plein jour,En agglomération,Intersection en Y,Pluie légère,Deux véhicules - arrière,,,,,,,,,,,1,2,4,2,2
200500082423,0005-12-18 13:40:00,5,12,18,13,40,750,12.0,BPE DOREE ST MANDE,,,Plein jour,En agglomération,Hors intersection,Normale,Deux véhicules - côté,,,,,,,,,,,1,2,1,1,3
200500082424,0005-12-19 21:40:00,5,12,19,21,40,750,17.0,ECH CHAMPERRET,,,Nuit avec éclairage allumé,En agglomération,Hors intersection,Normale,Deux véhicules - arrière,,,,,,,,,,,5,2,1,1,2
200500082425,0005-12-20 18:40:00,5,12,20,18,40,750,13.0,BPE IVRY GARE,,,Nuit avec éclairage allumé,En agglomération,Hors intersection,Normale,Sans collision,,,,,,,,,,,5,2,1,1,7
200500082426,0005-12-22 18:50:00,5,12,22,18,50,750,13.0,BPE ITALIE IVRY,,,Nuit avec éclairage allumé,En agglomération,Hors intersection,Normale,Trois véhicules et plus - en chaîne,,,,,,,,,,,5,2,1,1,4
200500082427,0005-12-22 09:15:00,5,12,22,9,15,750,14.0,BPE BRANCION VANVES,,,Plein jour,En agglomération,Hors intersection,Normale,Deux véhicules - côté,,,,,,,,,,,1,2,1,1,3
200500082428,0005-12-23 18:45:00,5,12,23,18,45,750,16.0,ECH AUTEUIL,,,Nuit avec éclairage allumé,En agglomération,Hors intersection,Normale,Sans collision,,,,,,,,,,,5,2,1,1,7
200500082429,0005-12-24 13:20:00,5,12,24,13,20,750,18.0,BPI SAINT OUEN CLIGNANCO,,,Plein jour,En agglomération,Hors intersection,Normale,Deux véhicules - arrière,,,,,,,,,,,1,2,1,1,2
200500082430,0005-12-27 19:20:00,5,12,27,19,20,750,12.0,L10257 Q DE LA RAPEE,,,Nuit avec éclairage allumé,En agglomération,Hors intersection,Neige / grêle,Deux véhicules - arrière,,,,,,,,,,,5,2,1,4,2
200500082431,0005-12-02 20:50:00,5,12,2,20,50,750,8.0,86 AV CHAMPS ELYSEES,,,Nuit avec éclairage allumé,En agglomération,Hors intersection,Normale,Deux véhicules - côté,,,,,,,,,,,5,2,1,1,3
200500082432,0005-12-03 07:55:00,5,12,3,7,55,750,15.0,R DE L ARRIVEE BD DU MON,,,Plein jour,En agglomération,Intersection en T,Pluie légère,Deux véhicules - arrière,,,,,,,,,,,1,2,3,2,2
200500082433,0005-12-04 11:30:00,5,12,4,11,30,750,4.0,BRETELLE ENTREE VERD,,,Plein jour,En agglomération,Hors intersection,Pluie légère,Deux véhicules - arrière,,,,,,,,,,,1,2,1,2,2
200500082434,0005-12-05 10:00:00,5,12,5,10,0,750,11.0,R DAVAL BD RICHARD LENOI,,,Plein jour,En agglomération,Intersection en X,Normale,Autre collision,,,,,,,,,,,1,2,2,1,6
200500082435,0005-12-03 19:40:00,5,12,3,19,40,750,16.0,L1420 RTE DAUPHINE SABLO,,,Nuit avec éclairage allumé,En agglomération,Hors intersection,Pluie forte,Autre collision,,,,,,,,,,,5,2,1,3,6
200500082436,0005-12-05 18:55:00,5,12,5,18,55,750,13.0,BD DE L HOPITAL R JEANNE,,,Nuit avec éclairage allumé,En agglomération,Intersection en X,Normale,Deux véhicules - côté,,,,,,,,,,,5,2,2,1,3
200500082437,0005-12-06 09:15:00,5,12,6,9,15,750,8.0,170 BD HAUSMMANN,,,Plein jour,En agglomération,Hors intersection,Normale,Deux véhicules - côté,,,,,,,,,,,1,2,1,1,3
200500082438,0005-12-05 20:00:00,5,12,5,20,0,750,8.0,CRS ALBERT 1ER PL DU CAN,,,Nuit avec éclairage allumé,En agglomération,Intersection en X,Normale,Deux véhicules - côté,,,,,,,,,,,5,2,2,1,3
200500082439,0005-12-05 12:40:00,5,12,5,12,40,750,15.0,70 AV EMILE ZOLA,,,Plein jour,En agglomération,Hors intersection,Normale,Autre collision,,,,,,,,,,,1,2,1,1,6
200500082440,0005-12-09 21:20:00,5,12,9,21,20,750,8.0,AV DE FRIEDLAND PL CH DE,,,Nuit avec éclairage allumé,En agglomération,Intersection en T,Normale,Deux véhicules - arrière,,,,,,,,,,,5,2,3,1,2
200500082441,0005-12-08 03:25:00,5,12,8,3,25,750,18.0,132 BD NEY,,,Nuit avec éclairage allumé,En agglomération,Hors intersection,Normale,Autre collision,,,,,,,,,,,5,2,1,1,6
200500082442,0005-12-08 09:35:00,5,12,8,9,35,750,4.0,PT NOTRE DAME,,,Plein jour,En agglomération,Hors intersection,Normale,Autre collision,,,,,,,,,,,1,2,1,1,6
200500082443,0005-12-16 09:23:00,5,12,16,9,23,750,11.0,R DU CHEMIN VERT BD VOLT,,,Plein jour,En agglomération,Intersection en X,Pluie légère,Trois véhicules et plus - en chaîne,,,,,,,,,,,1,2,2,2,4
200500082444,0005-12-09 11:50:00,5,12,9,11,50,750,13.0,17 BD VINCENT AURIOL,,,Plein jour,En agglomération,Hors intersection,Temps couvert,Autre collision,,,,,,,,,,,1,2,1,8,6
200500082445,0005-12-10 11:35:00,5,12,10,11,35,750,9.0,40 R LE PELETIER,,,Plein jour,En agglomération,Hors intersection,Normale,Deux véhicules - arrière,,,,,,,,,,,1,2,1,1,2
200500082446,0005-12-11 11:40:00,5,12,11,11,40,750,17.0,ECH MAILLOT,,,Plein jour,En agglomération,Hors intersection,Normale,Deux véhicules - arrière,,,,,,,,,,,1,2,1,1,2
200500082447,0005-12-01 02:20:00,5,12,1,2,20,750,1.0,PL DU CARROUSEL Q DES TU,,,Nuit avec éclairage allumé,En agglomération,Intersection en T,Normale,Deux véhicules - côté,,,,,,,,,,,5,2,3,1,3
200500082448,0005-12-01 14:10:00,5,12,1,14,10,750,1.0,R D ARGENTEUIL R DES PYR,,,Plein jour,En agglomération,Intersection en X,Normale,Autre collision,,,,,,,,,,,1,2,2,1,6
200500082449,0005-12-01 20:15:00,5,12,1,20,15,750,2.0,65 R DE RICHELIEU,,,Nuit avec éclairage allumé,En agglomération,Hors intersection,Normale,Deux véhicules - côté,,,,,,,,,,,5,2,1,1,3
200500082450,0005-12-01 08:30:00,5,12,1,8,30,750,7.0,AV BOSQUET R DE L UNIVER,,,Plein jour,En agglomération,Intersection en X,Normale,Deux véhicules - côté,,,,,,,,,,,1,2,2,1,3
200500082451,0005-12-01 20:50:00,5,12,1,20,50,750,10.0,72 R FG SAINT MARTIN,,,Nuit avec éclairage allumé,En agglomération,Hors intersection,Normale,Autre collision,,,,,,,,,,,5,2,1,1,6
200500082452,0005-12-01 17:30:00,5,12,1,17,30,750,10.0,R DU CHATEAU D EAU BD DE,,,Plein jour,En agglomération,Intersection en Y,Normale,Autre collision,,,,,,,,,,,1,2,4,1,6
200500082453,0005-12-01 15:08:00,5,12,1,15,8,750,11.0,66 BD VOLTAIRE,,,Plein jour,En agglomération,Hors intersection,Normale,Autre collision,,,,,,,,,,,1,2,1,1,6
200500082454,0005-12-01 11:10:00,5,12,1,11,10,750,11.0,30 AV PARMENTIER,,,Plein jour,En agglomération,Hors intersection,Normale,Deux véhicules - frontale,,,,,,,,,,,1,2,1,1,1
200500082455,0005-12-01 15:55:00,5,12,1,15,55,750,13.0,R COYPEL AV DES GOBELINS,,,Plein jour,En agglomération,Intersection en Y,Normale,Deux véhicules - côté,,,,,,,,,,,1,2,4,1,3
200500082456,0005-12-01 14:35:00,5,12,1,14,35,750,14.0,R D ALESIA R DES PLANTES,,,Plein jour,En agglomération,Intersection en X,Normale,Deux véhicules - côté,,,,,,,,,,,1,2,2,1,3
200500082457,0005-12-01 17:00:00,5,12,1,17,0,750,14.0,118 AV GENERAL LECLERC,,,Nuit avec éclairage allumé,En agglomération,Hors intersection,Normale,Autre collision,,,,,,,,,,,5,2,1,1,6
200500082458,0005-12-01 16:40:00,5,12,1,16,40,750,14.0,18 R JEAN ZAY,,,Plein jour,En agglomération,Hors intersection,Normale,Autre collision,,,,,,,,,,,1,2,1,1,6
200500082459,0005-12-01 12:30:00,5,12,1,12,30,750,16.0,8 AV GRANDE ARMEE,,,Plein jour,En agglomération,Hors intersection,Normale,Sans collision,,,,,,,,,,,1,2,1,1,7
200500082460,0005-12-01 14:07:00,5,12,1,14,7,750,17.0,R STEPHANE MALLARME AV D,,,Plein jour,En agglomération,Intersection en X,Normale,Deux véhicules - frontale,,,,,,,,,,,1,2,2,1,1
200500082461,0005-12-01 21:05:00,5,12,1,21,5,750,8.0,R D ANJOU BD MALESHERBES,,,Nuit avec éclairage allumé,En agglomération,Intersection en X,Normale,Deux véhicules - côté,,,,,,,,,,,5,2,2,1,3
200500082462,0005-12-01 14:00:00,5,12,1,14,0,750,18.0,54 R MARX DORMOY,,,Plein jour,En agglomération,Hors intersection,Normale,Deux véhicules - côté,,,,,,,,,,,1,2,1,1,3
200500082463,0005-12-01 12:10:00,5,12,1,12,10,750,18.0,R DES ABBESSES R DES MAR,,,Plein jour,En agglomération,Intersection en T,Normale,Deux véhicules - côté,,,,,,,,,,,1,2,3,1,3
200500082464,0005-12-01 22:50:00,5,12,1,22,50,750,18.0,BD DE LA CHAPELLE R DE C,,,Nuit avec éclairage allumé,En agglomération,Intersection en Y,Normale,Autre collision,,,,,,,,,,,5,2,4,1,6
200500082465,0005-12-01 21:20:00,5,12,1,21,20,750,18.0,118 BD DE ROCHECHOUART,,,Nuit avec éclairage allumé,En agglomération,Hors intersection,Normale,Deux véhicules - côté,,,,,,,,,,,5,2,1,1,3
200500082466,0005-12-01 05:30:00,5,12,1,5,30,750,18.0,2 AV DE SAINT OUEN,,,Nuit avec éclairage allumé,En agglomération,Hors intersection,Normale,Autre collision,,,,,,,,,,,5,2,1,1,6
200500082467,0005-12-01 18:35:00,5,12,1,18,35,750,19.0,BD D INDOCHINE AV PORTE,,,Nuit avec éclairage allumé,En agglomération,Intersection en X,Normale,Trois véhicules et plus - collisions multiples,,,,,,,,,,,5,2,2,1,5
200500082468,0005-12-01 17:30:00,5,12,1,17,30,750,19.0,PL PORTE DE PANTIN BD SE,,,Nuit avec éclairage allumé,En agglomération,Intersection en T,Normale,Autre collision,,,,,,,,,,,5,2,3,1,6
200500082469,0005-12-01 18:00:00,5,12,1,18,0,750,19.0,18 AV PORTE BRUNET,,,Nuit avec éclairage allumé,En agglomération,Hors intersection,Normale,Deux véhicules - arrière,,,,,,,,,,,5,2,1,1,2
200500082470,0005-12-02 11:40:00,5,12,2,11,40,750,2.0,AV DE L OPERA PL DE L OP,,,Plein jour,En agglomération,Intersection en T,Temps couvert,Deux véhicules - côté,,,,,,,,,,,1,2,3,8,3
200500082471,0005-12-02 13:10:00,5,12,2,13,10,750,3.0,14 R GREN ST LAZARE,,,Plein jour,En agglomération,Hors intersection,Pluie légère,Deux véhicules - côté,,,,,,,,,,,1,2,1,2,3
200500082472,0005-12-02 15:30:00,5,12,2,15,30,750,3.0,9 BD DU TEMPLE,,,Plein jour,En agglomération,Hors intersection,Pluie légère,Autre collision,,,,,,,,,,,1,2,1,2,6
200500082473,0005-12-02 01:00:00,5,12,2,1,0,750,3.0,PL DE LA REPUBLIQUE R DU,,,Nuit avec éclairage allumé,En agglomération,Intersection en T,Normale,Deux véhicules - côté,,,,,,,,,,,5,2,3,1,3
200500082474,0005-12-02 01:15:00,5,12,2,1,15,750,8.0,R BALZAC AV CHAMPS ELYSE,,,Nuit avec éclairage allumé,En agglomération,Intersection en T,Normale,Deux véhicules - côté,,,,,,,,,,,5,2,3,1,3
200500082475,0005-12-02 20:25:00,5,12,2,20,25,750,8.0,AV BERTIE ALBRECHT AV HO,,,Nuit avec éclairage allumé,En agglomération,Intersection en Y,Temps couvert,Autre collision,,,,,,,,,,,5,2,4,8,6
200500082476,0005-12-02 17:10:00,5,12,2,17,10,750,8.0,PL DUBLIN R ST PETESBOUR,,,Plein jour,En agglomération,Intersection à plus de 4 branches,Pluie légère,Deux véhicules - côté,,,,,,,,,,,1,2,5,2,3
200500082477,0005-12-03 19:10:00,5,12,3,19,10,750,3.0,R BEAUBOURG R RAMBUTEAU,,,Nuit avec éclairage allumé,En agglomération,Intersection en T,Pluie légère,Deux véhicules - côté,,,,,,,,,,,5,2,3,2,3
200500082478,0005-12-02 16:36:00,5,12,2,16,36,750,8.0,42 AV CHAMPS ELYSEES,,,Plein jour,En agglomération,Hors intersection,Temps couvert,Autre collision,,,,,,,,,,,1,2,1,8,6