accident_id,datetime,annee,mois,jour,heure,minute,departement,commune_insee,adresse,latitude,longitude,luminosite,agglomeration,intersection,meteo,collision,nb_vehicules,nb_usagers,nb_indemnes,nb_tues,nb_blesses_hosp,nb_blesses_legers,age_cond_1,age_cond_2,veh_type_cond_1,veh_type_cond_2,lum_code,agg_code,int_code,atm_code,col_code
200500082479,0005-12-02 17:30:00,5,12,2,17,30,750,8.0,AV CHAMPS ELYSEES PL CLE,,,Nuit avec éclairage allumé,En agglomération,Intersection en X,Pluie légère,Sans collision,,,,,,,,,,,5,2,2,2,7
200500082480,0005-12-02 04:10:00,5,12,2,4,10,750,10.0,32 BD DE MAGENTA,,,Nuit avec éclairage allumé,En agglomération,Hors intersection,Pluie légère,Autre collision,,,,,,,,,,,5,2,1,2,6
200500082481,0005-12-03 14:00:00,5,12,3,14,0,750,12.0,AV DR ARNOLD NETTER AV D,,,Plein jour,En agglomération,Intersection en X,Temps couvert,Autre collision,,,,,,,,,,,1,2,2,8,6
200500082482,0005-12-02 21:30:00,5,12,2,21,30,750,13.0,R DU MOULINET R MOULIN D,,,Nuit avec éclairage allumé,En agglomération,Intersection en X,Temps couvert,Autre collision,,,,,,,,,,,5,2,2,8,6
200500082483,0005-12-02 21:10:00,5,12,2,21,10,750,14.0,BD DU MONTPARNASSE AV OB,,,Nuit avec éclairage allumé,En agglomération,Intersection en X,Normale,Deux véhicules - côté,,,,,,,,,,,5,2,2,1,3
200500082484,0005-12-02 18:00:00,5,12,2,18,0,750,14.0,BD BRUNE AV GENERAL LECL,,,Nuit avec éclairage allumé,En agglomération,Intersection en T,Pluie légère,Autre collision,,,,,,,,,,,5,2,3,2,6
200500082485,0005-12-02 20:10:00,5,12,2,20,10,750,16.0,10 AV DE NEW YORK,,,Nuit avec éclairage allumé,En agglomération,Hors intersection,Pluie légère,Deux véhicules - côté,,,,,,,,,,,5,2,1,2,3
200500082486,0005-12-03 03:55:00,5,12,3,3,55,750,16.0,8 R BOULAINVILLIERS,,,Nuit avec éclairage allumé,En agglomération,Hors intersection,Normale,Sans collision,,,,,,,,,,,5,2,1,1,7
200500082487,0005-12-03 15:52:00,5,12,3,15,52,750,16.0,BD MURAT R RAFFAELLI,,,Plein jour,En agglomération,Intersection en Y,Temps couvert,Autre collision,,,,,,,,,,,1,2,4,8,6
200500082488,0005-12-02 13:50:00,5,12,2,13,50,750,16.0,R DE L ARIOSTE BD MURAT,,,Plein jour,En agglomération,Intersection en T,Temps couvert,Deux véhicules - arrière,,,,,,,,,,,1,2,3,8,2
200500082489,0005-12-03 13:50:00,5,12,3,13,50,750,16.0,ECH DAUPHINE PL MAL DE T,,,Plein jour,En agglomération,Intersection en T,Temps couvert,Deux véhicules - arrière,,,,,,,,,,,1,2,3,8,2
200500082490,0005-12-02 09:13:00,5,12,2,9,13,750,17.0,30 AV DES TERNES,,,Plein jour,En agglomération,Hors intersection,Pluie légère,Autre collision,,,,,,,,,,,1,2,1,2,6
200500082491,0005-12-02 19:00:00,5,12,2,19,0,750,18.0,BD NEY AV PTE  MONTMARTR,,,Nuit avec éclairage allumé,En agglomération,Intersection en X,Temps couvert,Autre collision,,,,,,,,,,,5,2,2,8,6
200500082492,0005-12-02 09:45:00,5,12,2,9,45,750,19.0,18 Q DE LA SEINE,,,Plein jour,En agglomération,Hors intersection,Pluie légère,Deux véhicules - côté,,,,,,,,,,,1,2,1,2,3
200500082493,0005-12-03 03:55:00,5,12,3,3,55,750,18.0,R COUSTOU BD DE CLICHY,,,Nuit avec éclairage allumé,En agglomération,Intersection en Y,Normale,Deux véhicules - côté,,,,,,,,,,,5,2,4,1,3
200500082494,0005-12-03 16:25:00,5,12,3,16,25,750,18.0,42 AV DE SAINT OUEN,,,Plein jour,En agglomération,Hors intersection,Temps couvert,Deux véhicules - frontale,,,,,,,,,,,1,2,1,8,1
200500082495,0005-12-03 21:00:00,5,12,3,21,0,750,18.0,R DE LA CHAPELLE IMP DU,,,Nuit avec éclairage allumé,En agglomération,Intersection en T,Pluie légère,Autre collision,,,,,,,,,,,5,2,3,2,6
200500082496,0005-12-03 23:15:00,5,12,3,23,15,750,19.0,74 R MANIN,,,Nuit avec éclairage allumé,En agglomération,Hors intersection,Pluie légère,Autre collision,,,,,,,,,,,5,2,1,2,6
200500082497,0005-12-03 08:40:00,5,12,3,8,40,750,19.0,ECH AUBERVILLIERS PL SKA,,,Plein jour,En agglomération,Intersection en T,Pluie légère,Sans collision,,,,,,,,,,,1,2,3,2,7
200500082498,0005-12-04 22:40:00,5,12,4,22,40,750,11.0,CI GRISET R OBERKAMPF,,,Nuit avec éclairage allumé,En agglomération,Intersection en T,Normale,Deux véhicules - côté,,,,,,,,,,,5,2,3,1,3
200500082499,0005-12-04 10:05:00,5,12,4,10,5,750,11.0,BD BEAUMARCHAIS R PASTEU,,,Plein jour,En agglomération,Intersection en T,Pluie légère,Autre collision,,,,,,,,,,,1,2,3,2,6
200500082500,0005-12-04 23:15:00,5,12,4,23,15,750,12.0,68 BD PONIATOWSKI,,,Nuit avec éclairage allumé,En agglomération,Hors intersection,Normale,Autre collision,,,,,,,,,,,5,2,1,1,6
200500082501,0005-12-04 13:13:00,5,12,4,13,13,750,12.0,AV DES MINIMES ESP SAINT,,,Plein jour,En agglomération,Intersection en T,Pluie légère,Deux véhicules - côté,,,,,,,,,,,1,2,3,2,3
200500082502,0005-12-04 12:00:00,5,12,4,12,0,750,13.0,R DE L ESPERANCE R DE TO,,,Plein jour,En agglomération,Intersection en X,Normale,Deux véhicules - arrière,,,,,,,,,,,1,2,2,1,2
200500082503,0005-12-04 20:52:00,5,12,4,20,52,750,14.0,BD BRUNE R DES PLANTES,,,Nuit avec éclairage allumé,En agglomération,Intersection en T,Pluie légère,Trois véhicules et plus - en chaîne,,,,,,,,,,,5,2,3,2,4
200500082504,0005-12-04 15:35:00,5,12,4,15,35,750,14.0,L2991 AV PTE DE MONTROUG,,,Plein jour,En agglomération,Hors intersection,Normale,Deux véhicules - côté,,,,,,,,,,,1,2,1,1,3
200500082505,0005-12-04 19:05:00,5,12,4,19,5,750,14.0,R HUYGHENS BD RASPAIL,,,Nuit avec éclairage allumé,En agglomération,Intersection en Y,Pluie légère,Sans collision,,,,,,,,,,,5,2,4,2,7
200500082506,0005-12-04 20:40:00,5,12,4,20,40,750,16.0,BD DELESSERT R LE NOTRE,,,Nuit avec éclairage allumé,En agglomération,Intersection en T,Pluie légère,Deux véhicules - côté,,,,,,,,,,,5,2,3,2,3
200500082507,0005-12-04 21:55:00,5,12,4,21,55,750,18.0,R DE CLIGNANCOURT R ORDE,,,Nuit avec éclairage allumé,En agglomération,Intersection en X,Normale,Deux véhicules - côté,,,,,,,,,,,5,2,2,1,3
200500082508,0005-12-04 12:05:00,5,12,4,12,5,750,18.0,BD NEY AV PTE CLIGNANCOU,,,Plein jour,En agglomération,Intersection en X,Temps couvert,Deux véhicules - côté,,,,,,,,,,,1,2,2,8,3
200500082509,0005-12-04 03:45:00,5,12,4,3,45,750,9.0,R BLEUE R DE TREVISE,,,Nuit avec éclairage allumé,En agglomération,Intersection en X,Normale,Deux véhicules - côté,,,,,,,,,,,5,2,2,1,3
200500082510,0005-12-12 14:25:00,5,12,12,14,25,750,20.0,BPI BAGNOLET MONTREUIL,,,Plein jour,En agglomération,Hors intersection,Temps couvert,Autre collision,,,,,,,,,,,1,2,1,8,6
200500082511,0005-12-12 18:40:00,5,12,12,18,40,750,13.0,R DUMERIL BD DE L HOPITA,,,Nuit avec éclairage allumé,En agglomération,Intersection en T,Normale,Autre collision,,,,,,,,,,,5,2,3,1,6
200500082512,0005-12-13 03:30:00,5,12,13,3,30,750,19.0,22 AV MATHURIN MOREAU,,,Nuit avec éclairage allumé,En agglomération,Hors intersection,Normale,Autre collision,,,,,,,,,,,5,2,1,1,6
200500082513,0005-12-01 18:25:00,5,12,1,18,25,750,8.0,35 BD DES BATIGNOLLES,,,Nuit avec éclairage allumé,En agglomération,Hors intersection,Normale,Deux véhicules - arrière,,,,,,,,,,,5,2,1,1,2
200500082514,0005-12-01 20:30:00,5,12,1,20,30,750,8.0,AV DE FRIEDLAND R DE TIL,,,Nuit avec éclairage allumé,En agglomération,Intersection en X,Normale,Autre collision,,,,,,,,,,,5,2,2,1,6
200500082515,0005-12-01 19:50:00,5,12,1,19,50,750,17.0,190 AV DE CLICHY,,,Nuit avec éclairage allumé,En agglomération,Hors intersection,Normale,Sans collision,,,,,,,,,,,5,2,1,1,7
200500082516,0005-12-01 15:31:00,5,12,1,15,31,750,12.0,R GEN DE L DE CARY,,,Plein jour,En agglomération,Hors intersection,Normale,Autre collision,,,,,,,,,,,1,2,1,1,6
200500082517,0005-12-01 12:00:00,5,12,1,12,0,750,20.0,R DU CAMBODGE AV GAMBETT,,,Plein jour,En agglomération,Intersection en T,Normale,Sans collision,,,,,,,,,,,1,2,3,1,7
200500082518,0005-12-02 11:05:00,5,12,2,11,5,750,12.0,80 AV LEDRU ROLLIN,,,Plein jour,En agglomération,Hors intersection,Normale,Deux véhicules - côté,,,,,,,,,,,1,2,1,1,3
200500082519,0005-12-02 15:40:00,5,12,2,15,40,750,15.0,Q ISSY MOULINEAUX,,,Plein jour,En agglomération,Hors intersection,Temps couvert,Sans collision,,,,,,,,,,,1,2,1,8,7
200500082520,0005-12-02 15:25:00,5,12,2,15,25,750,12.0,105 AV DE SAINT MAURICE,,,Plein jour,En agglomération,Hors intersection,Normale,Autre collision,,,,,,,,,,,1,2,1,1,6
200500082521,0005-12-02 10:53:00,5,12,2,10,53,750,6.0,8 BD SAINT MICHEL,,,Plein jour,En agglomération,Hors intersection,Pluie légère,Autre collision,,,,,,,,,,,1,2,1,2,6
200500082522,0005-12-02 21:25:00,5,12,2,21,25,750,7.0,L2224 Q BRANLY,,,Nuit avec éclairage allumé,En agglomération,Hors intersection,Normale,Sans collision,,,,,,,,,,,5,2,1,1,7
200500082523,0005-12-03 19:25:00,5,12,3,19,25,750,17.0,30 AV DE WAGRAM,,,Nuit avec éclairage allumé,En agglomération,Hors intersection,Temps couvert,Autre collision,,,,,,,,,,,5,2,1,8,6
200500082524,0005-12-03 19:50:00,5,12,3,19,50,750,15.0,AV PORTE DE SEVRES BD VI,,,Nuit avec éclairage allumé,En agglomération,Intersection en X,Pluie légère,Deux véhicules - côté,,,,,,,,,,,5,2,2,2,3
200500082525,0005-12-03 03:15:00,5,12,3,3,15,750,1.0,PL DU PALAIS ROYAL R DE,,,Nuit avec éclairage allumé,En agglomération,Intersection en X,Normale,Deux véhicules - arrière,,,,,,,,,,,5,2,2,1,2
200500082526,0005-12-03 09:10:00,5,12,3,9,10,750,4.0,Q DU MARCHE NEUF PT SAIN,,,Plein jour,En agglomération,Intersection en X,Pluie légère,Deux véhicules - côté,,,,,,,,,,,1,2,2,2,3
200500082527,0005-12-04 13:40:00,5,12,4,13,40,750,15.0,AV ERNEST RENAN R ORADOU,,,Plein jour,En agglomération,Intersection en X,Pluie légère,Deux véhicules - côté,,,,,,,,,,,1,2,2,2,3
200500082528,0005-12-04 17:20:00,5,12,4,17,20,750,15.0,R DU COMMERCE R DU THEAT,,,Crépuscule ou aube,En agglomération,Intersection en X,Pluie légère,Deux véhicules - côté,,,,,,,,,,,2,2,2,2,3
200500082529,0005-12-04 14:55:00,5,12,4,14,55,750,16.0,ECH DAUPHINE RTE DE SURE,,,Plein jour,En agglomération,Intersection en Y,Temps couvert,Autre collision,,,,,,,,,,,1,2,4,8,6
200500082530,0005-12-13 12:20:00,5,12,13,12,20,750,17.0,106 AV DE VILLIERS,,,Plein jour,En agglomération,Hors intersection,Normale,Autre collision,,,,,,,,,,,1,2,1,1,6
200500082531,0005-12-04 16:20:00,5,12,4,16,20,750,1.0,Q DE LA MEGISSERIE R DU,,,Plein jour,En agglomération,Intersection en X,Normale,Sans collision,,,,,,,,,,,1,2,2,1,7
200500082532,0005-12-04 18:20:00,5,12,4,18,20,750,16.0,L13751 ALL DU BORD DE L,,,Nuit avec éclairage allumé,En agglomération,Hors intersection,Pluie légère,Deux véhicules - arrière,,,,,,,,,,,5,2,1,2,2
200500082533,0005-12-04 03:30:00,5,12,4,3,30,750,4.0,Q D ANJOU R DES DEUX PON,,,Nuit avec éclairage allumé,En agglomération,Intersection en T,Pluie légère,Autre collision,,,,,,,,,,,5,2,3,2,6
200500082534,0005-12-05 19:20:00,5,12,5,19,20,750,17.0,32 AV PTE DE CLICHY,,,Nuit avec éclairage allumé,En agglomération,Hors intersection,Normale,Deux véhicules - côté,,,,,,,,,,,5,2,1,1,3
200500082535,0005-12-05 10:35:00,5,12,5,10,35,750,9.0,R LAMARTINE R MAUBEUGE,,,Plein jour,En agglomération,Intersection en X,Normale,Deux véhicules - côté,,,,,,,,,,,1,2,2,1,3
200500082536,0005-12-05 13:00:00,5,12,5,13,0,750,16.0,R AUGUSTE MAQUET BD MURA,,,Plein jour,En agglomération,Intersection en X,Normale,Deux véhicules - côté,,,,,,,,,,,1,2,2,1,3
200500082537,0005-12-05 10:00:00,5,12,5,10,0,750,16.0,VGP PO GRENELLE PO BIR H,,,Plein jour,En agglomération,Hors intersection,Normale,Deux véhicules - arrière,,,,,,,,,,,1,2,1,1,2
200500082538,0005-12-05 07:10:00,5,12,5,7,10,750,18.0,32 R DE LA CHAPELLE,,,Nuit avec éclairage allumé,En agglomération,Hors intersection,Pluie forte,Deux véhicules - côté,,,,,,,,,,,5,2,1,3,3
200500082539,0005-12-05 21:00:00,5,12,5,21,0,750,8.0,R DU BERRI AV DES CHAMPS,,,Nuit avec éclairage allumé,En agglomération,Intersection en X,Normale,Autre collision,,,,,,,,,,,5,2,2,1,6
200500082540,0005-12-05 15:30:00,5,12,5,15,30,750,8.0,R L ISLY R DE ROME,,,Nuit avec éclairage allumé,En agglomération,Intersection en T,Normale,Autre collision,,,,,,,,,,,5,2,3,1,6
200500082541,0005-12-05 16:40:00,5,12,5,16,40,750,11.0,62 R FBG SAINT ANTOINE,,,Crépuscule ou aube,En agglomération,Hors intersection,Normale,Deux véhicules - côté,,,,,,,,,,,2,2,1,1,3
200500082542,0005-12-06 23:40:00,5,12,6,23,40,750,8.0,R BERRYER AV DE FRIEDLAN,,,Nuit avec éclairage allumé,En agglomération,Intersection en Y,Normale,Autre collision,,,,,,,,,,,5,2,4,1,6
200500082543,0005-12-06 10:25:00,5,12,6,10,25,750,8.0,32 AV GEORGE V,,,Plein jour,En agglomération,Hors intersection,Temps couvert,Sans collision,,,,,,,,,,,1,2,1,8,7
200500082544,0005-12-06 15:25:00,5,12,6,15,25,750,8.0,PL G GUILLAUMIN,,,Plein jour,En agglomération,Hors intersection,Normale,Deux véhicules - frontale,,,,,,,,,,,1,2,1,1,1
200500082545,0005-12-06 17:25:00,5,12,6,17,25,750,8.0,BD HAUSSMANN R DE TEHERA,,,Nuit avec éclairage allumé,En agglomération,Intersection en T,Normale,Autre collision,,,,,,,,,,,5,2,3,1,6
200500082546,0005-12-06 22:52:00,5,12,6,22,52,750,11.0,AV PARMENTIER R PASTEUR,,,Nuit avec éclairage allumé,En agglomération,Intersection en T,Normale,Deux véhicules - côté,,,,,,,,,,,5,2,3,1,3
200500082547,0005-12-06 22:20:00,5,12,6,22,20,750,12.0,BPI DOREE CHARENTON,,,Nuit avec éclairage allumé,En agglomération,Hors intersection,Normale,Autre collision,,,,,,,,,,,5,2,1,1,6
200500082548,0005-12-06 19:00:00,5,12,6,19,0,750,2.0,BD DES CAPUCINES PL DE L,,,Nuit avec éclairage allumé,En agglomération,Intersection en X,Normale,Deux véhicules - côté,,,,,,,,,,,5,2,2,1,3
200500082549,0005-12-06 14:30:00,5,12,6,14,30,750,18.0,28 R HERMEL,,,Plein jour,En agglomération,Hors intersection,Normale,Deux véhicules - côté,,,,,,,,,,,1,2,1,1,3
200500082550,0005-12-06 16:30:00,5,12,6,16,30,750,7.0,27 Q ANATOLE FRANCE,,,Crépuscule ou aube,En agglomération,Hors intersection,Normale,Deux véhicules - arrière,,,,,,,,,,,2,2,1,1,2
200500082551,0005-12-06 14:40:00,5,12,6,14,40,750,15.0,R CHARLES LECOCQ R CROIX,,,Plein jour,En agglomération,Intersection en X,Normale,Deux véhicules - frontale,,,,,,,,,,,1,2,2,1,1
200500082552,0005-12-06 09:38:00,5,12,6,9,38,750,13.0,R COYPEL AV DES GOBELINS,,,Plein jour,En agglomération,Intersection en Y,Pluie légère,Deux véhicules - côté,,,,,,,,,,,1,2,4,2,3
200500082553,0005-12-06 14:40:00,5,12,6,14,40,750,15.0,7 BD DE GRENELLE,,,Plein jour,En agglomération,Hors intersection,Normale,Autre collision,,,,,,,,,,,1,2,1,1,6
200500082554,0005-12-06 16:18:00,5,12,6,16,18,750,16.0,68 AV DE VERSAILLES,,,Crépuscule ou aube,En agglomération,Hors intersection,Temps couvert,Deux véhicules - arrière,,,,,,,,,,,2,2,1,8,2
200500082555,0005-12-06 17:50:00,5,12,6,17,50,750,13.0,BPI GARE IVRY,,,Nuit avec éclairage allumé,En agglomération,Hors intersection,Normale,Deux véhicules - côté,,,,,,,,,,,5,2,1,1,3
200500082556,0005-12-09 05:45:00,5,12,9,5,45,750,13.0,PASS NATIONAL R NATIONAL,,,Nuit avec éclairage allumé,En agglomération,Intersection en T,Normale,Autre collision,,,,,,,,,,,5,2,3,1,6
200500082557,0005-12-13 15:50:00,5,12,13,15,50,750,16.0,76 AV GRANDE ARMEE,,,Plein jour,En agglomération,Hors intersection,Normale,Autre collision,,,,,,,,,,,1,2,1,1,6
200500082558,0005-12-14 12:15:00,5,12,14,12,15,750,5.0,R BUFFON R G SAINT HILAI,,,Plein jour,En agglomération,Intersection en X,Normale,Trois véhicules et plus - en chaîne,,,,,,,,,,,1,2,2,1,4
200500082559,0005-12-07 07:00:00,5,12,7,7,0,750,1.0,Q DU LOUVRE R DU PONT NE,,,Nuit avec éclairage allumé,En agglomération,Intersection en T,Pluie légère,Deux véhicules - côté,,,,,,,,,,,5,2,3,2,3
200500082560,0005-12-07 08:30:00,5,12,7,8,30,750,8.0,R DE LA BOETIE R DE PONT,,,Plein jour,En agglomération,Intersection en X,Normale,Autre collision,,,,,,,,,,,1,2,2,1,6
200500082561,0005-12-07 18:15:00,5,12,7,18,15,750,8.0,R DU COLISEE R DE PONTHI,,,Nuit avec éclairage allumé,En agglomération,Intersection en X,Normale,Autre collision,,,,,,,,,,,5,2,2,1,6
200500082562,0005-12-07 05:40:00,5,12,7,5,40,750,8.0,R FG SAINT HONORE R ROYA,,,Nuit avec éclairage allumé,En agglomération,Intersection en X,Normale,Autre collision,,,,,,,,,,,5,2,2,1,6
200500082563,0005-12-07 10:50:00,5,12,7,10,50,750,8.0,R DE MIROMESNIL R DE PEN,,,Plein jour,En agglomération,Intersection en X,Temps couvert,Autre collision,,,,,,,,,,,1,2,2,8,6
200500082564,0005-12-07 19:00:00,5,12,7,19,0,750,2.0,AV DE L OPERA PL DE L OP,,,Nuit avec éclairage allumé,En agglomération,Intersection en X,Normale,Deux véhicules - côté,,,,,,,,,,,5,2,2,1,3
200500082565,0005-12-07 13:05:00,5,12,7,13,5,750,13.0,44 BD AUGUSTE BLANQUI,,,Plein jour,En agglomération,Hors intersection,Normale,Trois véhicules et plus - en chaîne,,,,,,,,,,,1,2,1,1,4
200500082566,0005-12-07 21:55:00,5,12,7,21,55,750,16.0,R EUGENE LABICHE BD JULE,,,Nuit avec éclairage allumé,En agglomération,Intersection en X,Normale,Deux véhicules - côté,,,,,,,,,,,5,2,2,1,3
200500082567,0005-12-07 20:15:00,5,12,7,20,15,750,18.0,BPI CHAPELLE AUBERVILLIE,,,Nuit avec éclairage allumé,En agglomération,Hors intersection,Normale,Deux véhicules - arrière,,,,,,,,,,,5,2,1,1,2
200500082568,0005-12-07 19:30:00,5,12,7,19,30,750,18.0,6 R SAINT LUC,,,Nuit avec éclairage allumé,En agglomération,Hors intersection,Normale,Deux véhicules - frontale,,,,,,,,,,,5,2,1,1,1
200500082569,0005-12-07 16:35:00,5,12,7,16,35,750,13.0,L6606 R JACQUES DESTREE,,,Plein jour,En agglomération,Hors intersection,Normale,Autre collision,,,,,,,,,,,1,2,1,1,6
200500082570,0005-12-14 14:25:00,5,12,14,14,25,750,14.0,R HENRI BARBOUX AV PAUL,,,Plein jour,En agglomération,Intersection en Y,Normale,Autre collision,,,,,,,,,,,1,2,4,1,6
200500082571,0005-12-08 09:30:00,5,12,8,9,30,750,16.0,2 R EUGENE DELACROIX,,,Plein jour,En agglomération,Hors intersection,Normale,Autre collision,,,,,,,,,,,1,2,1,1,6
200500082572,0005-12-08 15:30:00,5,12,8,15,30,750,12.0,RTE CHAMP MANOEUVRES AV,,,Plein jour,En agglomération,Intersection en X,Normale,Deux véhicules - côté,,,,,,,,,,,1,2,2,1,3
200500082573,0005-12-08 09:55:00,5,12,8,9,55,750,16.0,AV FOCH R DE PRESBOURG,,,Plein jour,En agglomération,Intersection en X,Pluie légère,Sans collision,,,,,,,,,,,1,2,2,2,7
200500082574,0005-12-08 16:25:00,5,12,8,16,25,750,13.0,R BRILLAT SAVARIN R DES,,,Nuit avec éclairage allumé,En agglomération,Intersection en T,Pluie légère,Autre collision,,,,,,,,,,,5,2,3,2,6
200500082575,0005-12-08 09:45:00,5,12,8,9,45,750,13.0,R GANDON R TAGORE,,,Plein jour,En agglomération,Intersection en T,Normale,Sans collision,,,,,,,,,,,1,2,3,1,7
200500082576,0005-12-08 23:47:00,5,12,8,23,47,750,13.0,R BRUNESEAU BD MASSENA,,,Nuit avec éclairage allumé,En agglomération,Intersection en T,Pluie légère,Deux véhicules - côté,,,,,,,,,,,5,2,3,2,3
200500082577,0005-12-08 20:05:00,5,12,8,20,5,750,14.0,BD JOURDAN R DU PERE COR,,,Nuit avec éclairage allumé,En agglomération,Intersection en T,Pluie légère,Deux véhicules - côté,,,,,,,,,,,5,2,3,2,3
200500082578,0005-12-08 07:45:00,5,12,8,7,45,750,14.0,AV PORTE D ORLEANS BD RO,,,Nuit avec éclairage allumé,En agglomération,Intersection en T,Normale,Deux véhicules - côté,,,,,,,,,,,5,2,3,1,3
200500082579,0005-12-08 03:55:00,5,12,8,3,55,750,18.0,AV PTE LA CHAPELLE BD NE,,,Nuit avec éclairage allumé,En agglomération,Intersection en X,Pluie légère,Deux véhicules - côté,,,,,,,,,,,5,2,2,2,3
200500082580,0005-12-14 16:10:00,5,12,14,16,10,750,11.0,R SAINT MAUR AV DE LA RE,,,Plein jour,En agglomération,Intersection en X,Normale,Deux véhicules - côté,,,,,,,,,,,1,2,2,1,3
200500082581,0005-12-02 14:10:00,5,12,2,14,10,750,5.0,R DES ECOLES R MONGE,,,Plein jour,En agglomération,Intersection en X,Normale,Autre collision,,,,,,,,,,,1,2,2,1,6
200500082582,0005-12-04 18:50:00,5,12,4,18,50,750,10.0,108 R DE MAUBEUGE,,,Plein jour,En agglomération,Hors intersection,Pluie légère,Autre collision,,,,,,,,,,,1,2,1,2,6
200500082583,0005-12-05 19:16:00,5,12,5,19,16,750,5.0,R DES ECOLES R MONGE,,,Nuit avec éclairage allumé,En agglomération,Intersection en X,Normale,Deux véhicules - côté,,,,,,,,,,,5,2,2,1,3
200500082584,0005-12-05 17:20:00,5,12,5,17,20,750,5.0,28 BD ST MARCEL,,,Plein jour,En agglomération,Hors intersection,Normale,Autre collision,,,,,,,,,,,1,2,1,1,6
200500082585,0005-12-05 09:35:00,5,12,5,9,35,750,10.0,R L AQUEDUC R LA FAYETTE,,,Plein jour,En agglomération,Intersection en X,Normale,Autre collision,,,,,,,,,,,1,2,2,1,6
200500082586,0005-12-05 12:20:00,5,12,5,12,20,750,10.0,6 BD ST MARTIN,,,Plein jour,En agglomération,Hors intersection,Normale,Deux véhicules - côté,,,,,,,,,,,1,2,1,1,3
200500082587,0005-12-05 11:45:00,5,12,5,11,45,750,10.0,103 BD LA VILLETTE,,,Plein jour,En agglomération,Hors intersection,Normale,Deux véhicules - côté,,,,,,,,,,,1,2,1,1,3
200500082588,0005-12-05 14:10:00,5,12,5,14,10,750,10.0,04 R FBG SAINT MARTIN,,,Plein jour,En agglomération,Hors intersection,Normale,Autre collision,,,,,,,,,,,1,2,1,1,6
200500082589,0005-12-05 16:25:00,5,12,5,16,25,750,20.0,AV DR GLEY R FRERES FLAV,,,Plein jour,En agglomération,Intersection en X,Normale,Sans collision,,,,,,,,,,,1,2,2,1,7
200500082590,0005-12-05 18:15:00,5,12,5,18,15,750,20.0,BPE MONTREUIL BAGNOLET,,,Crépuscule ou aube,En agglomération,Hors intersection,Normale,Deux véhicules - arrière,,,,,,,,,,,2,2,1,1,2
200500082591,0005-12-05 06:05:00,5,12,5,6,5,750,20.0,R LAGNY R DES PYRENEES,,,Crépuscule ou aube,En agglomération,Intersection en X,Pluie légère,Deux véhicules - frontale,,,,,,,,,,,2,2,2,2,1
200500082592,0005-12-05 09:20:00,5,12,5,9,20,750,20.0,234 R DES PYRENEES,,,Plein jour,En agglomération,Hors intersection,Normale,Deux véhicules - côté,,,,,,,,,,,1,2,1,1,3
200500082593,0005-12-06 18:10:00,5,12,6,18,10,750,5.0,4 R SOUFFLOT,,,Nuit avec éclairage allumé,En agglomération,Hors intersection,Normale,Deux véhicules - côté,,,,,,,,,,,5,2,1,1,3
200500082594,0005-12-06 11:05:00,5,12,6,11,5,750,5.0,24 R BUFFON,,,Plein jour,En agglomération,Hors intersection,Normale,Deux véhicules - côté,,,,,,,,,,,1,2,1,1,3
200500082595,0005-12-06 17:20:00,5,12,6,17,20,750,20.0,R DE FONTARABIE R DE LA,,,Nuit avec éclairage allumé,En agglomération,Intersection en T,Normale,Autre collision,,,,,,,,,,,5,2,3,1,6
200500082596,0005-12-07 09:20:00,5,12,7,9,20,750,12.0,AV DES CANADIENS RTE DE,,,Plein jour,En agglomération,Intersection en T,Normale,Deux véhicules - côté,,,,,,,,,,,1,2,3,1,3
200500082597,0005-12-07 13:50:00,5,12,7,13,50,750,19.0,R RIQUET Q DE LA SEINE,,,Plein jour,En agglomération,Intersection en T,Normale,Deux véhicules - côté,,,,,,,,,,,1,2,3,1,3
200500082598,0005-12-05 11:48:00,5,12,5,11,48,750,20.0,R DES AMANDIERS R DES PA,,,Plein jour,En agglomération,Intersection en X,Temps couvert,Deux véhicules - côté,,,,,,,,,,,1,2,2,8,3
200500082599,0005-12-08 09:45:00,5,12,8,9,45,750,19.0,32 AV SIMON BOLIVAR,,,Plein jour,En agglomération,Hors intersection,Pluie légère,Deux véhicules - côté,,,,,,,,,,,1,2,1,2,3
200500082600,0005-12-08 14:18:00,5,12,8,14,18,750,20.0,98 BD MORTIER,,,Plein jour,En agglomération,Hors intersection,Normale,Deux véhicules - côté,,,,,,,,,,,1,2,1,1,3
200500082601,0005-12-08 17:25:00,5,12,8,17,25,750,6.0,32 BD SAINT MICHEL,,,Nuit avec éclairage allumé,En agglomération,Hors intersection,Pluie légère,Autre collision,,,,,,,,,,,5,2,1,2,6
200500082602,0005-12-08 21:15:00,5,12,8,21,15,750,7.0,BD LA TOUR MAUBOURG Q D,,,Nuit avec éclairage allumé,En agglomération,Intersection en T,Normale,Autre collision,,,,,,,,,,,5,2,3,1,6
200500082603,0005-12-08 14:25:00,5,12,8,14,25,750,8.0,R D ANJOU BD MALESHERBES,,,Plein jour,En agglomération,Intersection en X,Normale,Deux véhicules - côté,,,,,,,,,,,1,2,2,1,3
200500082604,0005-12-08 19:30:00,5,12,8,19,30,750,9.0,R DROUOT R ROSSINI,,,Nuit avec éclairage allumé,En agglomération,Intersection en X,Pluie légère,Sans collision,,,,,,,,,,,5,2,2,2,7
200500082605,0005-12-08 05:30:00,5,12,8,5,30,750,10.0,CR GRACE DE DIEU R DU FG,,,Nuit avec éclairage allumé,En agglomération,Intersection en T,Pluie légère,Autre collision,,,,,,,,,,,5,2,3,2,6