accident_id,datetime,annee,mois,jour,heure,minute,departement,commune_insee,adresse,latitude,longitude,luminosite,agglomeration,intersection,meteo,collision,nb_vehicules,nb_usagers,nb_indemnes,nb_tues,nb_blesses_hosp,nb_blesses_legers,age_cond_1,age_cond_2,veh_type_cond_1,veh_type_cond_2,lum_code,agg_code,int_code,atm_code,col_code
200500082606,0005-12-08 15:55:00,5,12,8,15,55,750,15.0,R BALARD R DES CEVENNES,,,Plein jour,En agglomération,Intersection en X,Normale,Deux véhicules - côté,,,,,,,,,,,1,2,2,1,3
200500082607,0005-12-08 18:40:00,5,12,8,18,40,750,17.0,182 AV DE CLICHY,,,Nuit avec éclairage allumé,En agglomération,Hors intersection,Pluie légère,Autre collision,,,,,,,,,,,5,2,1,2,6
200500082608,0005-12-08 18:50:00,5,12,8,18,50,750,1.0,R DE RIVOLI R ROUGET DE,,,Nuit avec éclairage allumé,En agglomération,Intersection en T,Pluie légère,Deux véhicules - côté,,,,,,,,,,,5,2,3,2,3
200500082609,0005-12-08 19:45:00,5,12,8,19,45,750,1.0,PL DU CARROUSEL R DE RIV,,,Nuit avec éclairage allumé,En agglomération,Intersection en X,Pluie légère,Deux véhicules - côté,,,,,,,,,,,5,2,2,2,3
200500082610,0005-12-08 15:35:00,5,12,8,15,35,750,3.0,R BERANGER R CHARLOT,,,Plein jour,En agglomération,Intersection à plus de 4 branches,Pluie légère,Deux véhicules - côté,,,,,,,,,,,1,2,5,2,3
200500082611,0005-12-09 13:05:00,5,12,9,13,5,750,3.0,R DE BRETAGNE R DE  SAIN,,,Plein jour,En agglomération,Intersection en X,Normale,Deux véhicules - côté,,,,,,,,,,,1,2,2,1,3
200500082612,0005-12-09 23:15:00,5,12,9,23,15,750,3.0,58 R DE BRETAGNE,,,Nuit avec éclairage allumé,En agglomération,Hors intersection,Normale,Deux véhicules - côté,,,,,,,,,,,5,2,1,1,3
200500082613,0005-12-11 15:00:00,5,12,11,15,0,750,4.0,Q DU MARCHE NEUF PT SAIN,,,Plein jour,En agglomération,Intersection en T,Normale,Deux véhicules - arrière,,,,,,,,,,,1,2,3,1,2
200500082614,0005-12-09 16:50:00,5,12,9,16,50,750,10.0,150 BD DE MAGENTA,,,Crépuscule ou aube,En agglomération,Hors intersection,Normale,Autre collision,,,,,,,,,,,2,2,1,1,6
200500082615,0005-12-09 17:00:00,5,12,9,17,0,750,16.0,L13815 PL MAL DE TASSIGN,,,Nuit avec éclairage allumé,En agglomération,Hors intersection,Temps couvert,Sans collision,,,,,,,,,,,5,2,1,8,7
200500082616,0005-12-09 14:30:00,5,12,9,14,30,750,14.0,R  BEAUNIER R TOMBE ISSO,,,Plein jour,En agglomération,Intersection en T,Normale,Deux véhicules - arrière,,,,,,,,,,,1,2,3,1,2
200500082617,0005-12-09 09:30:00,5,12,9,9,30,750,18.0,27 BD NEY,,,Plein jour,En agglomération,Hors intersection,Normale,Deux véhicules - côté,,,,,,,,,,,1,2,1,1,3
200500082618,0005-12-09 14:00:00,5,12,9,14,0,750,18.0,R MONCALM R ORDENER,,,Plein jour,En agglomération,Intersection en X,Normale,Deux véhicules - côté,,,,,,,,,,,1,2,2,1,3
200500082619,0005-12-09 20:45:00,5,12,9,20,45,750,18.0,64 BD BARBES,,,Nuit avec éclairage allumé,En agglomération,Hors intersection,Normale,Deux véhicules - côté,,,,,,,,,,,5,2,1,1,3
200500082620,0005-12-09 00:30:00,5,12,9,0,30,750,18.0,BD BARBES R MYRHA,,,Nuit avec éclairage allumé,En agglomération,Intersection en X,Normale,Deux véhicules - côté,,,,,,,,,,,5,2,2,1,3
200500082621,0005-12-10 13:30:00,5,12,10,13,30,750,7.0,Q BRANLY AV DE SUFFREN,,,Plein jour,En agglomération,Intersection en T,Normale,Autre collision,,,,,,,,,,,1,2,3,1,6
200500082622,0005-12-10 18:05:00,5,12,10,18,5,750,12.0,AV DR ARNOLD NETTER AV D,,,Nuit avec éclairage allumé,En agglomération,Intersection à plus de 4 branches,Normale,Autre collision,,,,,,,,,,,5,2,5,1,6
200500082623,0005-12-10 16:40:00,5,12,10,16,40,750,12.0,R HENARD R RIESENER,,,Plein jour,En agglomération,Intersection en T,Normale,Autre collision,,,,,,,,,,,1,2,3,1,6
200500082624,0005-12-10 06:50:00,5,12,10,6,50,750,13.0,50 Q D AUSTERLITZ,,,Plein jour,En agglomération,Hors intersection,Normale,Autre collision,,,,,,,,,,,1,2,1,1,6
200500082625,0005-12-10 13:30:00,5,12,10,13,30,750,16.0,14 AV KLEBER,,,Plein jour,En agglomération,Hors intersection,Normale,Autre collision,,,,,,,,,,,1,2,1,1,6
200500082626,0005-12-10 18:50:00,5,12,10,18,50,750,18.0,08 AV PTE CLIGNANCOURT,,,Nuit avec éclairage allumé,En agglomération,Hors intersection,Normale,Deux véhicules - côté,,,,,,,,,,,5,2,1,1,3
200500082627,0005-12-10 10:15:00,5,12,10,10,15,750,18.0,R JEAN COCTEAU AV PTE PO,,,Plein jour,En agglomération,Intersection en T,Temps couvert,Deux véhicules - côté,,,,,,,,,,,1,2,3,8,3
200500082628,0005-12-11 17:45:00,5,12,11,17,45,750,11.0,148 BD VOLTAIRE,,,Plein jour,En agglomération,Hors intersection,Normale,Deux véhicules - côté,,,,,,,,,,,1,2,1,1,3
200500082629,0005-12-11 21:10:00,5,12,11,21,10,750,14.0,AV ERNEST REYER PL DU 25,,,Nuit avec éclairage allumé,En agglomération,Intersection à plus de 4 branches,Normale,Autre collision,,,,,,,,,,,5,2,5,1,6
200500082630,0005-12-11 02:05:00,5,12,11,2,5,750,18.0,84 BD NEY,,,Nuit avec éclairage allumé,En agglomération,Hors intersection,Normale,Autre collision,,,,,,,,,,,5,2,1,1,6
200500082631,0005-12-11 15:10:00,5,12,11,15,10,750,19.0,116 R HAXO,,,Plein jour,En agglomération,Hors intersection,Normale,Autre collision,,,,,,,,,,,1,2,1,1,6
200500082632,0005-12-11 14:30:00,5,12,11,14,30,750,20.0,R DES MARAICHERS R DES P,,,Plein jour,En agglomération,Intersection en Y,Normale,Deux véhicules - côté,,,,,,,,,,,1,2,4,1,3
200500082633,0005-12-11 12:20:00,5,12,11,12,20,750,20.0,BPI LILAS BAGNOLET,,,Plein jour,En agglomération,Hors intersection,Normale,Deux véhicules - arrière,,,,,,,,,,,1,2,1,1,2
200500082634,0005-12-01 19:26:00,5,12,1,19,26,750,17.0,PL DU MARECHAL JUIN AV N,,,Nuit avec éclairage allumé,En agglomération,Intersection en T,Normale,Deux véhicules - arrière,,,,,,,,,,,5,2,3,1,2
200500082635,0005-12-01 14:30:00,5,12,1,14,30,750,20.0,38 R D AVRON,,,Plein jour,En agglomération,Hors intersection,Normale,Autre collision,,,,,,,,,,,1,2,1,1,6
200500082636,0005-12-02 17:00:00,5,12,2,17,0,750,17.0,AV DE CLICHY R GAUTHEY,,,Crépuscule ou aube,En agglomération,Intersection en T,Normale,Trois véhicules et plus - collisions multiples,,,,,,,,,,,2,2,3,1,5
200500082637,0005-12-02 13:30:00,5,12,2,13,30,750,17.0,86 AV DE CLICHY,,,Plein jour,En agglomération,Hors intersection,Normale,Autre collision,,,,,,,,,,,1,2,1,1,6
200500082638,0005-12-02 07:30:00,5,12,2,7,30,750,20.0,R DE  BAGNOLET R DES PYR,,,Crépuscule ou aube,En agglomération,Intersection en X,Pluie légère,Autre collision,,,,,,,,,,,2,2,2,2,6
200500082639,0005-12-06 13:00:00,5,12,6,13,0,750,17.0,R LEON COSNARD R DE TOCQ,,,Plein jour,En agglomération,Intersection en Y,Normale,Deux véhicules - côté,,,,,,,,,,,1,2,4,1,3
200500082640,0005-12-07 09:08:00,5,12,7,9,8,750,17.0,AV DE CLICHY AV DE SAINT,,,Plein jour,En agglomération,Intersection en Y,Normale,Autre collision,,,,,,,,,,,1,2,4,1,6
200500082641,0005-12-07 19:35:00,5,12,7,19,35,750,17.0,24 BD GOUVION ST CYR,,,Nuit avec éclairage allumé,En agglomération,Hors intersection,Normale,Autre collision,,,,,,,,,,,5,2,1,1,6
200500082642,0005-12-08 14:25:00,5,12,8,14,25,750,17.0,AV DE NEUILLY PL PORTE M,,,Plein jour,En agglomération,Intersection en T,Normale,Autre collision,,,,,,,,,,,1,2,3,1,6
200500082643,0005-12-08 14:05:00,5,12,8,14,5,750,17.0,ECH MAILLOT PL PORTE MAI,,,Plein jour,En agglomération,Intersection en T,Pluie légère,Deux véhicules - côté,,,,,,,,,,,1,2,3,2,3
200500082644,0005-12-08 08:35:00,5,12,8,8,35,750,17.0,12 AV DE CLICHY,,,Plein jour,En agglomération,Hors intersection,Pluie légère,Autre collision,,,,,,,,,,,1,2,1,2,6
200500082645,0005-12-08 08:50:00,5,12,8,8,50,750,12.0,88 Q DE LA RAPEE,,,Plein jour,En agglomération,Hors intersection,Normale,Deux véhicules - arrière,,,,,,,,,,,1,2,1,1,2
200500082646,0005-12-09 16:30:00,5,12,9,16,30,750,15.0,R PAUL BARRUEL R LA QUIN,,,Plein jour,En agglomération,Intersection en X,Normale,Deux véhicules - côté,,,,,,,,,,,1,2,2,1,3
200500082647,0005-12-09 09:20:00,5,12,9,9,20,750,17.0,AV DE CLICHY R GUY MOQUE,,,Nuit avec éclairage allumé,En agglomération,Intersection en Y,Temps couvert,Deux véhicules - côté,,,,,,,,,,,5,2,4,8,3
200500082648,0005-12-10 15:15:00,5,12,10,15,15,750,9.0,BD HAUSSMANN R LE PELETI,,,Plein jour,En agglomération,Intersection en X,Normale,Autre collision,,,,,,,,,,,1,2,2,1,6
200500082649,0005-12-10 13:50:00,5,12,10,13,50,750,17.0,R CAPORAL PEUGEOT ECH CH,,,Plein jour,En agglomération,Intersection en X,Temps éblouissant,Autre collision,,,,,,,,,,,1,2,2,7,6
200500082650,0005-12-10 00:15:00,5,12,10,0,15,750,17.0,AV DE CLICHY R LECHAPELA,,,Nuit avec éclairage allumé,En agglomération,Intersection en T,Normale,Deux véhicules - côté,,,,,,,,,,,5,2,3,1,3
200500082651,0005-12-11 18:45:00,5,12,11,18,45,750,15.0,L11280 PL 5 MARTYRS BUFF,,,Nuit avec éclairage allumé,En agglomération,Hors intersection,Normale,Deux véhicules - côté,,,,,,,,,,,5,2,1,1,3
200500082652,0005-12-11 21:20:00,5,12,11,21,20,750,15.0,22 R FREMICOURT,,,Nuit avec éclairage allumé,En agglomération,Hors intersection,Normale,Deux véhicules - arrière,,,,,,,,,,,5,2,1,1,2
200500082653,0005-12-11 19:30:00,5,12,11,19,30,750,15.0,234 R DE LA CONVENTION,,,Nuit avec éclairage allumé,En agglomération,Hors intersection,Normale,Autre collision,,,,,,,,,,,5,2,1,1,6
200500082654,0005-12-11 05:00:00,5,12,11,5,0,750,2.0,R DUSSOUBS R TIQUETONNE,,,Nuit avec éclairage allumé,En agglomération,Intersection en T,Normale,Autre collision,,,,,,,,,,,5,2,3,1,6
200500082655,0005-12-11 04:28:00,5,12,11,4,28,750,9.0,76 R LA FAYETTE,,,Nuit avec éclairage allumé,En agglomération,Hors intersection,Normale,Autre collision,,,,,,,,,,,5,2,1,1,6
200500082656,0005-12-11 17:00:00,5,12,11,17,0,750,9.0,BD DES ITALIENS R TAITBO,,,Plein jour,En agglomération,Intersection en X,Normale,Deux véhicules - côté,,,,,,,,,,,1,2,2,1,3
200500082657,0005-12-11 18:55:00,5,12,11,18,55,750,9.0,BD HAUSSMANN R LE PELETI,,,Nuit avec éclairage allumé,En agglomération,Intersection en X,Normale,Deux véhicules - arrière,,,,,,,,,,,5,2,2,1,2
200500082658,0005-12-12 12:55:00,5,12,12,12,55,750,16.0,124 AV DE MALAKOFF,,,Plein jour,En agglomération,Hors intersection,Normale,Deux véhicules - côté,,,,,,,,,,,1,2,1,1,3
200500082659,0005-12-12 18:55:00,5,12,12,18,55,750,16.0,R BOILEAU AV DE VERSAILL,,,Nuit avec éclairage allumé,En agglomération,Intersection en Y,Normale,Deux véhicules - côté,,,,,,,,,,,5,2,4,1,3
200500082660,0005-12-12 11:45:00,5,12,12,11,45,750,16.0,AV KLEBER PL DU TROCADER,,,Plein jour,En agglomération,Intersection en T,Normale,Deux véhicules - côté,,,,,,,,,,,1,2,3,1,3
200500082661,0005-12-12 12:05:00,5,12,12,12,5,750,18.0,R BACHELET R CUSTINE,,,Plein jour,En agglomération,Intersection en T,Normale,Autre collision,,,,,,,,,,,1,2,3,1,6
200500082662,0005-12-12 07:00:00,5,12,12,7,0,750,18.0,BD DE LA CHAPELLE PL DE,,,Nuit avec éclairage allumé,En agglomération,Intersection en T,Normale,Deux véhicules - côté,,,,,,,,,,,5,2,3,1,3
200500082663,0005-12-12 17:45:00,5,12,12,17,45,750,18.0,VLA SAINT MICHEL AV DE S,,,Nuit avec éclairage allumé,En agglomération,Intersection en Y,Normale,Deux véhicules - côté,,,,,,,,,,,5,2,4,1,3
200500082664,0005-12-12 20:05:00,5,12,12,20,5,750,17.0,40 AV DE VILLIERS,,,Nuit avec éclairage allumé,En agglomération,Hors intersection,Normale,Deux véhicules - côté,,,,,,,,,,,5,2,1,1,3
200500082665,0005-12-12 10:10:00,5,12,12,10,10,750,4.0,BRETELLE D ENTREE VERD,,,Plein jour,En agglomération,Hors intersection,Temps couvert,Deux véhicules - arrière,,,,,,,,,,,1,2,1,8,2
200500082666,0005-12-12 15:08:00,5,12,12,15,8,750,8.0,AV CHAMPS  ELYSEES R P C,,,Plein jour,En agglomération,Intersection à plus de 4 branches,Normale,Autre collision,,,,,,,,,,,1,2,5,1,6
200500082667,0005-12-12 16:00:00,5,12,12,16,0,750,8.0,BD MALESHERBES R DE LABO,,,Plein jour,En agglomération,Intersection en X,Normale,Deux véhicules - côté,,,,,,,,,,,1,2,2,1,3
200500082668,0005-12-13 12:20:00,5,12,13,12,20,750,7.0,R D ESTREES AV DE SEGUR,,,Plein jour,En agglomération,Intersection à plus de 4 branches,Normale,Deux véhicules - côté,,,,,,,,,,,1,2,5,1,3
200500082669,0005-12-13 08:40:00,5,12,13,8,40,750,11.0,R LACHARRIERE R SAINT MA,,,Plein jour,En agglomération,Intersection en T,Normale,Deux véhicules - arrière,,,,,,,,,,,1,2,3,1,2
200500082670,0005-12-13 10:40:00,5,12,13,10,40,750,14.0,R LEOPOLD ROBERT BD DU M,,,Plein jour,En agglomération,Intersection en T,Normale,Autre collision,,,,,,,,,,,1,2,3,1,6
200500082671,0005-12-13 09:35:00,5,12,13,9,35,750,18.0,AV PTE LA CHAPELLE,,,Plein jour,En agglomération,Hors intersection,Normale,Trois véhicules et plus - en chaîne,,,,,,,,,,,1,2,1,1,4
200500082672,0005-12-14 17:00:00,5,12,14,17,0,750,15.0,R DE DANTZIG BD LEFEBVRE,,,Crépuscule ou aube,En agglomération,Intersection en T,Normale,Autre collision,,,,,,,,,,,2,2,3,1,6
200500082673,0005-12-14 17:40:00,5,12,14,17,40,750,7.0,AV DANIEL LESUEUR BD DES,,,Nuit avec éclairage allumé,En agglomération,Intersection en T,Pluie légère,Sans collision,,,,,,,,,,,5,2,3,2,7
200500082674,0005-12-14 10:00:00,5,12,14,10,0,750,15.0,54 R SAINT LAMBERT,,,Plein jour,En agglomération,Hors intersection,Normale,Autre collision,,,,,,,,,,,1,2,1,1,6
200500082675,0005-12-20 10:25:00,5,12,20,10,25,750,1.0,R DU PONT NEUF R DE RIVO,,,Plein jour,En agglomération,Intersection en X,Normale,Deux véhicules - côté,,,,,,,,,,,1,2,2,1,3
200500082676,0005-12-14 09:30:00,5,12,14,9,30,750,13.0,80 R DE LA GLACIERE,,,Plein jour,En agglomération,Hors intersection,Normale,Deux véhicules - côté,,,,,,,,,,,1,2,1,1,3
200500082677,0005-12-14 11:52:00,5,12,14,11,52,750,13.0,R JEANNE D ARC R DU DR C,,,Plein jour,En agglomération,Intersection en T,Normale,Autre collision,,,,,,,,,,,1,2,3,1,6
200500082678,0005-12-12 08:05:00,5,12,12,8,5,750,10.0,BD MAGENTA R SAINT LAURE,,,Crépuscule ou aube,En agglomération,Intersection en Y,Normale,Autre collision,,,,,,,,,,,2,2,4,1,6
200500082679,0005-12-13 11:10:00,5,12,13,11,10,750,20.0,94 AV GAMBETTA,,,Plein jour,En agglomération,Hors intersection,Normale,Autre collision,,,,,,,,,,,1,2,1,1,6
200500082680,0005-12-13 08:45:00,5,12,13,8,45,750,19.0,BD MACDONALD AV P AUBERV,,,Plein jour,En agglomération,Intersection en X,Normale,Deux véhicules - côté,,,,,,,,,,,1,2,2,1,3
200500082681,0005-12-13 14:00:00,5,12,13,14,0,750,8.0,30 AV DE WAGRAM,,,Plein jour,En agglomération,Hors intersection,Normale,Autre collision,,,,,,,,,,,1,2,1,1,6
200500082682,0005-12-13 19:35:00,5,12,13,19,35,750,16.0,PL DE COLOMBIE AV DE SAI,,,Nuit avec éclairage allumé,En agglomération,Intersection en T,Normale,Deux véhicules - côté,,,,,,,,,,,5,2,3,1,3
200500082683,0005-12-14 14:05:00,5,12,14,14,5,750,13.0,54 R DE LA GLACIERE,,,Plein jour,En agglomération,Hors intersection,Pluie légère,Sans collision,,,,,,,,,,,1,2,1,2,7
200500082684,0005-12-14 19:35:00,5,12,14,19,35,750,16.0,R MICHEL ANGE R MOLITOR,,,Nuit avec éclairage allumé,En agglomération,Intersection en X,Temps couvert,Autre collision,,,,,,,,,,,5,2,2,8,6
200500082685,0005-12-14 17:35:00,5,12,14,17,35,750,16.0,R CORTAMBERT R SCHEFFER,,,Crépuscule ou aube,En agglomération,Intersection en X,Temps couvert,Autre collision,,,,,,,,,,,2,2,2,8,6
200500082686,0005-12-14 11:20:00,5,12,14,11,20,750,8.0,BD DE COURCELLES R DE CO,,,Plein jour,En agglomération,Intersection en X,Normale,Autre collision,,,,,,,,,,,1,2,2,1,6
200500082687,0005-12-14 15:35:00,5,12,14,15,35,750,8.0,R GENERAL FOY R DE MADRI,,,Plein jour,En agglomération,Intersection en X,Pluie légère,Deux véhicules - arrière,,,,,,,,,,,1,2,2,2,2
200500082688,0005-12-14 16:55:00,5,12,14,16,55,750,8.0,R P CHAMPS ELYSEES AV MA,,,Plein jour,En agglomération,Intersection en T,Pluie légère,Sans collision,,,,,,,,,,,1,2,3,2,7
200500082689,0005-12-15 02:15:00,5,12,15,2,15,750,3.0,178 R DU TEMPLE,,,Nuit avec éclairage allumé,En agglomération,Hors intersection,Normale,Autre collision,,,,,,,,,,,5,2,1,1,6
200500082690,0005-12-15 15:20:00,5,12,15,15,20,750,13.0,R DU DR V HUTINEL R JEAN,,,Plein jour,En agglomération,Intersection en T,Normale,Sans collision,,,,,,,,,,,1,2,3,1,7
200500082691,0005-12-20 18:30:00,5,12,20,18,30,750,13.0,162 AV D ITALIE,,,Nuit avec éclairage allumé,En agglomération,Hors intersection,Pluie légère,Autre collision,,,,,,,,,,,5,2,1,2,6
200500082692,0005-12-09 16:48:00,5,12,9,16,48,750,6.0,R AUGUSTE COMTE BD SAINT,,,Crépuscule ou aube,En agglomération,Intersection en X,Temps couvert,Autre collision,,,,,,,,,,,2,2,2,8,6
200500082693,0005-12-09 15:55:00,5,12,9,15,55,750,12.0,60 BD DIDEROT,,,Plein jour,En agglomération,Hors intersection,Normale,Trois véhicules et plus - collisions multiples,,,,,,,,,,,1,2,1,1,5
200500082694,0005-12-12 12:45:00,5,12,12,12,45,750,17.0,AV DE CLICHY EMILE LEVEL,,,Plein jour,En agglomération,Intersection en T,Normale,Autre collision,,,,,,,,,,,1,2,3,1,6
200500082695,0005-12-12 12:35:00,5,12,12,12,35,750,5.0,BD SAINT GERMAIN BD SAIN,,,Plein jour,En agglomération,Intersection en X,Normale,Autre collision,,,,,,,,,,,1,2,2,1,6
200500082696,0005-12-12 11:05:00,5,12,12,11,5,750,6.0,BD SAINT GERMAIN  R DE S,,,Plein jour,En agglomération,Intersection en X,Normale,Deux véhicules - côté,,,,,,,,,,,1,2,2,1,3
200500082697,0005-12-13 19:10:00,5,12,13,19,10,750,1.0,VERD PT CONCORDE PT PORT,,,Nuit avec éclairage allumé,En agglomération,Hors intersection,Normale,Deux véhicules - arrière,,,,,,,,,,,5,2,1,1,2
200500082698,0005-12-13 13:30:00,5,12,13,13,30,750,17.0,R FLOREAL R H DE SECHELL,,,Plein jour,En agglomération,Intersection en T,Normale,Deux véhicules - côté,,,,,,,,,,,1,2,3,1,3
200500082699,0005-12-14 09:15:00,5,12,14,9,15,750,16.0,L14841 RTE DES MOULINS,,,Plein jour,En agglomération,Hors intersection,Normale,Sans collision,,,,,,,,,,,1,2,1,1,7
200500082700,0005-12-14 14:15:00,5,12,14,14,15,750,9.0,BD POISSONNIERE R ROUGEM,,,Plein jour,En agglomération,Intersection en T,Pluie légère,Deux véhicules - côté,,,,,,,,,,,1,2,3,2,3
200500082701,0005-12-14 23:30:00,5,12,14,23,30,750,12.0,AV DE SAINT MANDE BD SOU,,,Nuit avec éclairage allumé,En agglomération,Intersection en X,Pluie légère,Deux véhicules - côté,,,,,,,,,,,5,2,2,2,3
200500082702,0005-12-14 17:30:00,5,12,14,17,30,750,17.0,7 PL GENERAL CATROUX,,,Nuit avec éclairage allumé,En agglomération,Hors intersection,Pluie légère,Deux véhicules - côté,,,,,,,,,,,5,2,1,2,3
200500082703,0005-12-15 16:50:00,5,12,15,16,50,750,16.0,46 AV RAYMOND POINCARE,,,Nuit avec éclairage allumé,En agglomération,Hors intersection,Normale,Deux véhicules - arrière,,,,,,,,,,,5,2,1,1,2
200500082704,0005-12-15 14:30:00,5,12,15,14,30,750,16.0,18 AV DU PDT KENNEDY,,,Plein jour,En agglomération,Hors intersection,Normale,Autre collision,,,,,,,,,,,1,2,1,1,6
200500082705,0005-12-15 19:50:00,5,12,15,19,50,750,16.0,L7193 ALL REINE MARGUERI,,,Nuit avec éclairage allumé,En agglomération,Hors intersection,Normale,Deux véhicules - côté,,,,,,,,,,,5,2,1,1,3
200500082706,0005-12-15 10:25:00,5,12,15,10,25,750,16.0,L16479 AV INGRES,,,Plein jour,En agglomération,Hors intersection,Normale,Trois véhicules et plus - collisions multiples,,,,,,,,,,,1,2,1,1,5
200500082707,0005-12-15 11:25:00,5,12,15,11,25,750,16.0,AV MARCEAU AV PRESIDENT,,,Plein jour,En agglomération,Intersection en Y,Normale,Autre collision,,,,,,,,,,,1,2,4,1,6
200500082708,0005-12-15 13:40:00,5,12,15,13,40,750,1.0,VERD PT NEUF PT AU CHANG,,,Plein jour,En agglomération,Hors intersection,Normale,Deux véhicules - arrière,,,,,,,,,,,1,2,1,1,2
200500082709,0005-12-15 23:35:00,5,12,15,23,35,750,8.0,R BALZAC R CHATEAUBRIAND,,,Nuit avec éclairage allumé,En agglomération,Intersection en X,Normale,Deux véhicules - côté,,,,,,,,,,,5,2,2,1,3
200500082710,0005-12-15 14:30:00,5,12,15,14,30,750,8.0,L4046 AV CHAMPS ELYSEES,,,Plein jour,En agglomération,Hors intersection,Temps couvert,Deux véhicules - arrière,,,,,,,,,,,1,2,1,8,2
200500082711,0005-12-16 18:20:00,5,12,16,18,20,750,13.0,147 BD AUGUSTE BLANQUI,,,Nuit avec éclairage allumé,En agglomération,Hors intersection,Pluie légère,Autre collision,,,,,,,,,,,5,2,1,2,6
200500082712,0005-12-16 15:35:00,5,12,16,15,35,750,2.0,8 R DE LA PAIX,,,Plein jour,En agglomération,Hors intersection,Pluie légère,Autre collision,,,,,,,,,,,1,2,1,2,6
200500082713,0005-12-16 07:05:00,5,12,16,7,5,750,12.0,214 AV DAUMESNIL,,,Nuit avec éclairage allumé,En agglomération,Hors intersection,Normale,Sans collision,,,,,,,,,,,5,2,1,1,7
200500082714,0005-12-16 01:05:00,5,12,16,1,5,750,12.0,BD DIDEROT R DE REUILLY,,,Nuit avec éclairage allumé,En agglomération,Intersection en X,Normale,Autre collision,,,,,,,,,,,5,2,2,1,6
200500082715,0005-12-16 09:50:00,5,12,16,9,50,750,16.0,R BOULAINVILLIERS R DES,,,Plein jour,En agglomération,Intersection en X,Normale,Autre collision,,,,,,,,,,,1,2,2,1,6
200500082716,0005-12-16 16:00:00,5,12,16,16,0,750,16.0,104 R DE LONGCHAMP,,,Plein jour,En agglomération,Hors intersection,Pluie légère,Autre collision,,,,,,,,,,,1,2,1,2,6
200500082717,0005-12-16 15:45:00,5,12,16,15,45,750,16.0,RTE AUTEUIL AUX LACS,,,Plein jour,En agglomération,Hors intersection,Pluie légère,Autre collision,,,,,,,,,,,1,2,1,2,6
200500082718,0005-12-16 20:45:00,5,12,16,20,45,750,16.0,BD DELESSERT R LE NOTRE,,,Nuit avec éclairage allumé,En agglomération,Intersection en T,Pluie légère,Autre collision,,,,,,,,,,,5,2,3,2,6
200500082719,0005-12-16 08:30:00,5,12,16,8,30,750,16.0,50 AV RAYMOND POINCARE,,,Plein jour,En agglomération,Hors intersection,Temps couvert,Autre collision,,,,,,,,,,,1,2,1,8,6
200500082720,0005-12-16 19:45:00,5,12,16,19,45,750,18.0,R HERMEL R JOSEPH DIJON,,,Nuit avec éclairage allumé,En agglomération,Intersection en X,Temps couvert,Deux véhicules - côté,,,,,,,,,,,5,2,2,8,3
200500082721,0005-12-16 14:20:00,5,12,16,14,20,750,1.0,8 BD DE LA MADELEINE,,,Plein jour,En agglomération,Hors intersection,Pluie légère,Sans collision,,,,,,,,,,,1,2,1,2,7
200500082722,0005-12-16 09:00:00,5,12,16,9,0,750,4.0,R DE LA REYNIE BD DE SEB,,,Plein jour,En agglomération,Intersection en T,Pluie légère,Autre collision,,,,,,,,,,,1,2,3,2,6
200500082723,0005-12-16 14:25:00,5,12,16,14,25,750,9.0,R CADET R LA FAYETTE,,,Plein jour,En agglomération,Intersection en X,Pluie légère,Autre collision,,,,,,,,,,,1,2,2,2,6
200500082724,0005-12-16 14:30:00,5,12,16,14,30,750,13.0,AV DES GOBELINS BD SAINT,,,Plein jour,En agglomération,Intersection en X,Pluie légère,Autre collision,,,,,,,,,,,1,2,2,2,6
200500082725,0005-12-17 16:00:00,5,12,17,16,0,750,16.0,PL CH DE GAULLE AV MARCE,,,Plein jour,En agglomération,Intersection en T,Normale,Deux véhicules - côté,,,,,,,,,,,1,2,3,1,3
200500082726,0005-12-17 05:00:00,5,12,17,5,0,750,4.0,VERD PT MARIE PT SULLY,,,Nuit avec éclairage allumé,En agglomération,Hors intersection,Normale,Autre collision,,,,,,,,,,,5,2,1,1,6
200500082727,0005-12-17 04:45:00,5,12,17,4,45,750,9.0,63 BD DE ROCHECHOUART,,,Nuit avec éclairage allumé,En agglomération,Hors intersection,Normale,Autre collision,,,,,,,,,,,5,2,1,1,6
200500082728,0005-12-17 14:58:00,5,12,17,14,58,750,1.0,Q DES TUILERIES,,,Plein jour,En agglomération,Hors intersection,Temps éblouissant,Trois véhicules et plus - en chaîne,,,,,,,,,,,1,2,1,7,4
200500082729,0005-12-17 12:55:00,5,12,17,12,55,750,19.0,19 AV CORENTIN CARIOU,,,Plein jour,En agglomération,Hors intersection,Normale,Autre collision,,,,,,,,,,,1,2,1,1,6
200500082730,0005-12-17 15:30:00,5,12,17,15,30,750,2.0,R D ABOUKIR R DE REAUMUR,,,Plein jour,En agglomération,Intersection en X,Normale,Autre collision,,,,,,,,,,,1,2,2,1,6
200500082731,0005-12-18 12:40:00,5,12,18,12,40,750,19.0,R DE BELLEVILLE BD SERUR,,,Plein jour,En agglomération,Intersection en T,Normale,Deux véhicules - arrière,,,,,,,,,,,1,2,3,1,2
200500082732,0005-12-05 12:10:00,5,12,5,12,10,750,14.0,8 R D ALESIA,,,Plein jour,En agglomération,Hors intersection,Normale,Autre collision,,,,,,,,,,,1,2,1,1,6
200500082733,0005-12-05 10:10:00,5,12,5,10,10,750,14.0,BD BRUNE PL DU 25 AOUT 1,,,Plein jour,En agglomération,Intersection en X,Temps couvert,Deux véhicules - côté,,,,,,,,,,,1,2,2,8,3
200500082734,0005-12-07 20:15:00,5,12,7,20,15,750,5.0,Q SAINT MICHEL PT SAINT,,,Nuit avec éclairage allumé,En agglomération,Intersection en X,Normale,Deux véhicules - côté,,,,,,,,,,,5,2,2,1,3