accident_id,datetime,annee,mois,jour,heure,minute,departement,commune_insee,adresse,latitude,longitude,luminosite,agglomeration,intersection,meteo,collision,nb_vehicules,nb_usagers,nb_indemnes,nb_tues,nb_blesses_hosp,nb_blesses_legers,age_cond_1,age_cond_2,veh_type_cond_1,veh_type_cond_2,lum_code,agg_code,int_code,atm_code,col_code
200500082863,0005-12-06 18:50:00,5,12,6,18,50,760,540.0,VOIE RAPIDE EST (BRETELL,,,Nuit avec éclairage allumé,En agglomération,Hors intersection,Normale,Trois véhicules et plus - collisions multiples,,,,,,,,,,,5,2,1,1,5
200500082864,0005-12-06 20:25:00,5,12,6,20,25,760,322.0,VOIE RAPIDE SUD 3 (RN 33,,,Nuit avec éclairage allumé,En agglomération,Hors intersection,Pluie légère,Deux véhicules - côté,,,,,,,,,,,5,2,1,2,3
200500082865,0005-12-06 20:50:00,5,12,6,20,50,760,474.0,"1, LONGS VALLONS. RUE DE",,,Nuit avec éclairage allumé,En agglomération,Intersection en T,Normale,Deux véhicules - côté,,,,,,,,,,,5,2,3,1,3
200500082866,0005-12-06 21:55:00,5,12,6,21,55,760,540.0,"1, CORNEILLE. QUAI (HAUT",,,Nuit avec éclairage allumé,En agglomération,Hors intersection,Pluie légère,Autre collision,,,,,,,,,,,5,2,1,2,6
200500082867,0005-12-07 17:30:00,5,12,7,17,30,760,212.0,"55, LOMBARDIE. RUE DE LA",,,Nuit avec éclairage allumé,En agglomération,Hors intersection,Normale,Autre collision,,,,,,,,,,,5,2,1,1,6
200500082868,0005-12-07 19:10:00,5,12,7,19,10,760,540.0,"77, LA SALLE. PLACE JEAN",,,Nuit avec éclairage allumé,En agglomération,Hors intersection,Normale,Autre collision,,,,,,,,,,,5,2,1,1,6
200500082869,0005-12-08 17:25:00,5,12,8,17,25,760,451.0,CD 43 (AVENUE DU BOIS DE,,,Nuit sans éclairage public,En agglomération,Hors intersection,Normale,Deux véhicules - côté,,,,,,,,,,,3,2,1,1,3
200500082870,0005-12-08 22:39:00,5,12,8,22,39,760,540.0,BELGES. BOULEVARD DES,,,Nuit avec éclairage allumé,En agglomération,Hors intersection,Normale,Deux véhicules - côté,,,,,,,,,,,5,2,1,1,3
200500082871,0005-12-10 04:20:00,5,12,10,4,20,760,216.0,"116, FERRY. RUE JULES",,,Nuit avec éclairage allumé,En agglomération,Hors intersection,Normale,Autre collision,,,,,,,,,,,5,2,1,1,6
200500082872,0005-12-10 19:05:00,5,12,10,19,5,760,157.0,CD 51 (RUE DU CANAL),,,Nuit avec éclairage allumé,Hors agglomération,Hors intersection,Normale,Deux véhicules - côté,,,,,,,,,,,5,1,1,1,3
200500082873,0005-12-12 12:45:00,5,12,12,12,45,760,319.0,MARITIME. BOULEVARD,,,Plein jour,Hors agglomération,Hors intersection,Temps couvert,Deux véhicules - côté,,,,,,,,,,,1,1,1,8,3
200500082874,0005-12-14 14:50:00,5,12,14,14,50,760,540.0,VOIE RAPIDE EST (BRETELL,,,Plein jour,Hors agglomération,Hors intersection,Normale,Trois véhicules et plus - en chaîne,,,,,,,,,,,1,1,1,1,4
200500082875,0005-12-13 16:00:00,5,12,13,16,0,760,540.0,"1, CLEMENCEAU. COURS",,,Plein jour,En agglomération,Hors intersection,Normale,Deux véhicules - côté,,,,,,,,,,,1,2,1,1,3
200500082876,0005-12-15 17:00:00,5,12,15,17,0,760,451.0,"9/15, 2 BOIS. RUE DES",,,Nuit avec éclairage allumé,En agglomération,Hors intersection,Normale,Autre collision,,,,,,,,,,,5,2,1,1,6
200500082877,0005-12-18 18:20:00,5,12,18,18,20,760,410.0,"1, MARTYRS DE LA RESISTA",,,Nuit avec éclairage allumé,En agglomération,Hors intersection,Normale,Deux véhicules - côté,,,,,,,,,,,5,2,1,1,3
200500082878,0005-12-19 23:00:00,5,12,19,23,0,760,681.0,PARIS. RUE DE,,,Nuit avec éclairage allumé,En agglomération,Hors intersection,Brouillard / fumée,Sans collision,,,,,,,,,,,5,2,1,5,7
200500082879,0005-12-19 13:10:00,5,12,19,13,10,760,497.0,CD 3,,,Nuit avec éclairage non allumé,Hors agglomération,Hors intersection,Normale,Deux véhicules - côté,,,,,,,,,,,4,1,1,1,3
200500082880,0005-12-19 18:40:00,5,12,19,18,40,760,681.0,CORNEILLE. RUE PIERRE,,,Nuit avec éclairage allumé,En agglomération,Hors intersection,Normale,Autre collision,,,,,,,,,,,5,2,1,1,6
200500082881,0005-12-19 12:45:00,5,12,19,12,45,760,474.0,CD 51 (RUE DE L'ABBAYE),,,Plein jour,En agglomération,Hors intersection,Normale,Sans collision,,,,,,,,,,,1,2,1,1,7
200500082882,0005-12-20 17:25:00,5,12,20,17,25,760,540.0,MARNE. BOULEVARD DE LA,,,Nuit avec éclairage allumé,En agglomération,Hors intersection,Normale,Deux véhicules - côté,,,,,,,,,,,5,2,1,1,3
200500082883,0005-12-20 10:30:00,5,12,20,10,30,760,599.0,"1042, LYONS LA FORET. RO",,,Plein jour,En agglomération,Hors intersection,Brouillard / fumée,Autre collision,,,,,,,,,,,1,2,1,5,6
200500082884,0005-12-21 17:54:00,5,12,21,17,54,760,498.0,"1, JEANNE D'ARC. RUE",,,Nuit avec éclairage allumé,En agglomération,Intersection en T,Normale,Deux véhicules - côté,,,,,,,,,,,5,2,3,1,3
200500082885,0005-12-21 18:15:00,5,12,21,18,15,760,216.0,"222, DIEPPE. ROUTE DE (R",,,Nuit avec éclairage allumé,En agglomération,Hors intersection,Pluie légère,Deux véhicules - côté,,,,,,,,,,,5,2,1,2,3
200500082886,0005-12-22 18:35:00,5,12,22,18,35,760,95.0,"1, JUIN. AVENUE DU MAREC",,,Nuit avec éclairage allumé,En agglomération,Hors intersection,Normale,Deux véhicules - arrière,,,,,,,,,,,5,2,1,1,2
200500082887,0005-12-24 02:30:00,5,12,24,2,30,760,451.0,"1, BECKET. RUE THOMAS",,,Nuit avec éclairage allumé,En agglomération,Hors intersection,Normale,Sans collision,,,,,,,,,,,5,2,1,1,7
200500082888,0005-12-25 11:30:00,5,12,25,11,30,760,498.0,"167, ALLIES. AVENUE DES",,,Plein jour,En agglomération,Hors intersection,Normale,Autre collision,,,,,,,,,,,1,2,1,1,6
200500082889,0005-12-26 17:40:00,5,12,26,17,40,760,540.0,HAVRE. ROUTE DU,,,Crépuscule ou aube,En agglomération,Hors intersection,Pluie légère,Deux véhicules - côté,,,,,,,,,,,2,2,1,2,3
200500082890,0005-12-30 10:50:00,5,12,30,10,50,760,157.0,"9, SENARD. RUE DU PRESID",,,Plein jour,En agglomération,Hors intersection,Neige / grêle,Autre collision,,,,,,,,,,,1,2,1,4,6
200500082891,0005-12-01 10:35:00,5,12,1,10,35,770,108.0,"48, RESISTANCE (AVENUE D",,,Plein jour,En agglomération,Hors intersection,Normale,Autre collision,,,,,,,,,,,1,2,1,1,6
200500082892,0005-12-14 18:55:00,5,12,14,18,55,770,108.0,"61, RESISTANCE (AVENUE D",,,Nuit avec éclairage allumé,En agglomération,Hors intersection,Pluie légère,Deux véhicules - côté,,,,,,,,,,,5,2,1,2,3
200500082893,0005-12-14 19:30:00,5,12,14,19,30,770,479.0,"16, CARNOT (RUE)",,,Nuit avec éclairage allumé,En agglomération,Hors intersection,Temps couvert,Deux véhicules - côté,,,,,,,,,,,5,2,1,8,3
200500082894,0005-12-03 01:05:00,5,12,3,1,5,770,18.0,PAUL SERAMY ( AVENUE ),,,Nuit avec éclairage allumé,Hors agglomération,Hors intersection,Autre,Trois véhicules et plus - en chaîne,,,,,,,,,,,5,1,1,9,4
200500082895,0005-12-09 08:20:00,5,12,9,8,20,770,449.0,"45, EMILE CLOUD ( RUE )",,,Crépuscule ou aube,En agglomération,Hors intersection,Temps couvert,Autre collision,,,,,,,,,,,2,2,1,8,6
200500082896,0005-12-19 14:15:00,5,12,19,14,15,770,449.0,V ( RD POINT ),,,Plein jour,Hors agglomération,Hors intersection,Pluie légère,Sans collision,,,,,,,,,,,1,1,1,2,7
200500082897,0005-12-13 09:35:00,5,12,13,9,35,770,320.0,"00, GARE (AVENUE DE LA)",,,Plein jour,Hors agglomération,Hors intersection,Autre,Sans collision,,,,,,,,,,,1,1,1,9,7
200500082898,0005-12-14 17:22:00,5,12,14,17,22,770,131.0,BLUM LEON (AVENUE),,,Nuit avec éclairage allumé,En agglomération,Hors intersection,Normale,Deux véhicules - arrière,,,,,,,,,,,5,2,1,1,2
200500082899,0005-12-17 15:00:00,5,12,17,15,0,770,320.0,"888, MARECHAL LECLERC (A",,,Plein jour,En agglomération,Hors intersection,Normale,Trois véhicules et plus - en chaîne,,,,,,,,,,,1,2,1,1,4
200500082900,0005-12-06 02:30:00,5,12,6,2,30,770,152.0,MONTAIGNE(AVENUE DE)COTE,,,Nuit avec éclairage allumé,En agglomération,Hors intersection,Autre,Sans collision,,,,,,,,,,,5,2,1,9,7
200500082901,0005-12-05 18:00:00,5,12,5,18,0,770,152.0,"952, LYS(AVENUE DU)LE RE",,,Nuit avec éclairage allumé,En agglomération,Intersection en X,Normale,Deux véhicules - côté,,,,,,,,,,,5,2,2,1,3
200500082902,0005-12-18 17:55:00,5,12,18,17,55,770,518.0,DEPARTEMENTALE 372,,,Nuit sans éclairage public,Hors agglomération,Hors intersection,Normale,Autre collision,,,,,,,,,,,3,1,1,1,6
200500082903,0005-12-08 12:30:00,5,12,8,12,30,770,186.0,RD116 PanONF à rte Butte,,,Plein jour,Hors agglomération,Autre intersection,Normale,Deux véhicules - côté,,,,,,,,,,,1,1,9,1,3
200500082904,0005-12-09 19:25:00,5,12,9,19,25,770,186.0,RD 142 Glandée au grand,,,Nuit sans éclairage public,Hors agglomération,Hors intersection,Normale,Trois véhicules et plus - collisions multiples,,,,,,,,,,,3,1,1,1,5
200500082905,0005-12-14 17:55:00,5,12,14,17,55,770,186.0,D138. girat.valvins à cr,,,Nuit sans éclairage public,Hors agglomération,Hors intersection,Normale,Deux véhicules - côté,,,,,,,,,,,3,1,1,1,3
200500082906,0005-12-16 01:12:00,5,12,16,1,12,770,14.0,VALVINS (AVENUE DE),,,Nuit avec éclairage allumé,En agglomération,Hors intersection,Normale,Autre collision,,,,,,,,,,,5,2,1,1,6
200500082907,0005-12-18 10:55:00,5,12,18,10,55,770,186.0,RN6 de l'obélisque à lim,,,Plein jour,Hors agglomération,Intersection en T,Normale,Deux véhicules - côté,,,,,,,,,,,1,1,3,1,3
200500082908,0005-12-17 09:45:00,5,12,17,9,45,770,533.0,"14, JAME (RUE)",,,Plein jour,En agglomération,Hors intersection,Normale,Autre collision,,,,,,,,,,,1,2,1,1,6
200500082909,0005-12-19 16:35:00,5,12,19,16,35,770,186.0,RN7 de Barbizon à pavé d,,,Plein jour,Hors agglomération,Hors intersection,Pluie légère,Autre collision,,,,,,,,,,,1,1,1,2,6
200500082910,0005-12-06 20:00:00,5,12,6,20,0,770,438.0,GENERAL LECLERC  (AVENUE,,,Nuit avec éclairage non allumé,En agglomération,Intersection en T,Normale,Deux véhicules - côté,,,,,,,,,,,4,2,3,1,3
200500082911,0005-12-12 08:20:00,5,12,12,8,20,770,58.0,"69, CLOS SAINT GEORGES",,,Crépuscule ou aube,En agglomération,Hors intersection,Autre,Deux véhicules - côté,,,,,,,,,,,2,2,1,9,3
200500082912,0005-12-04 17:40:00,5,12,4,17,40,770,284.0,VICTOIRE (AV.DE LA),,,Nuit avec éclairage allumé,En agglomération,Hors intersection,Normale,Trois véhicules et plus - collisions multiples,,,,,,,,,,,5,2,1,1,5
200500082913,0005-12-04 22:45:00,5,12,4,22,45,770,284.0,TESSAN (RUE FRANCOIS DE),,,Nuit avec éclairage allumé,En agglomération,Hors intersection,Temps couvert,Autre collision,,,,,,,,,,,5,2,1,8,6
200500082914,0005-12-07 17:40:00,5,12,7,17,40,770,284.0,"10, ALLENDE (AV.SALVADOR",,,Nuit avec éclairage allumé,En agglomération,Hors intersection,Pluie légère,Trois véhicules et plus - en chaîne,,,,,,,,,,,5,2,1,2,4
200500082915,0005-12-09 18:10:00,5,12,9,18,10,770,358.0,RN 330,,,Nuit sans éclairage public,En agglomération,Hors intersection,Normale,Sans collision,,,,,,,,,,,3,2,1,1,7
200500082916,0005-12-10 09:40:00,5,12,10,9,40,770,284.0,"4, TAN (RUE DU)",,,Plein jour,En agglomération,Hors intersection,Normale,Autre collision,,,,,,,,,,,1,2,1,1,6
200500082917,0005-12-10 16:47:00,5,12,10,16,47,770,284.0,"1, BESSIERES (RUE DU ML.",,,Plein jour,En agglomération,Hors intersection,Normale,Deux véhicules - côté,,,,,,,,,,,1,2,1,1,3
200500082918,0005-12-12 09:00:00,5,12,12,9,0,770,284.0,"2, DUGAST (RUE LOUIS)",,,Plein jour,En agglomération,Hors intersection,Normale,Sans collision,,,,,,,,,,,1,2,1,1,7
200500082919,0005-12-14 17:05:00,5,12,14,17,5,770,513.0,CD N°5 (CHEMIN DEPARTEME,,,Nuit avec éclairage allumé,En agglomération,Intersection en Y,Normale,Deux véhicules - côté,,,,,,,,,,,5,2,4,1,3
200500082920,0005-12-15 19:55:00,5,12,15,19,55,770,284.0,VARREDES (ROUTE DE),,,Nuit avec éclairage allumé,En agglomération,Hors intersection,Temps couvert,Autre collision,,,,,,,,,,,5,2,1,8,6
200500082921,0005-12-16 11:40:00,5,12,16,11,40,770,284.0,"30, LECLERC (RUE DU GAL.",,,Plein jour,En agglomération,Hors intersection,Normale,Sans collision,,,,,,,,,,,1,2,1,1,7
200500082922,0005-12-16 14:50:00,5,12,16,14,50,770,143.0,RN 330 (ROUTE NATIONALE),,,Plein jour,En agglomération,Hors intersection,Pluie légère,Deux véhicules - frontale,,,,,,,,,,,1,2,1,2,1
200500082923,0005-12-16 19:40:00,5,12,16,19,40,770,369.0,GRANDE RUE,,,Nuit sans éclairage public,En agglomération,Intersection en T,Pluie légère,Trois véhicules et plus - collisions multiples,,,,,,,,,,,3,2,3,2,5
200500082924,0005-12-19 11:25:00,5,12,19,11,25,770,284.0,"4, BRACQUE (RUE GEORGES)",,,Plein jour,En agglomération,Hors intersection,Temps couvert,Autre collision,,,,,,,,,,,1,2,1,8,6
200500082925,0005-12-21 20:45:00,5,12,21,20,45,770,284.0,"4, TRINITAIRES (RUE DES)",,,Nuit avec éclairage allumé,En agglomération,Hors intersection,Normale,Deux véhicules - côté,,,,,,,,,,,5,2,1,1,3
200500082926,0005-12-23 07:35:00,5,12,23,7,35,770,284.0,"15, PINTEVILLE (COURS)",,,Nuit avec éclairage allumé,En agglomération,Hors intersection,Normale,Deux véhicules - côté,,,,,,,,,,,5,2,1,1,3
200500082927,0005-12-24 11:00:00,5,12,24,11,0,770,284.0,"SANS, ALLENDE (AV.SALVAD",,,Plein jour,En agglomération,Hors intersection,Temps couvert,Sans collision,,,,,,,,,,,1,2,1,8,7
200500082928,0005-12-25 12:50:00,5,12,25,12,50,770,199.0,BASSES FERMES (HAMEAU DE,,,Plein jour,En agglomération,Hors intersection,Temps couvert,Sans collision,,,,,,,,,,,1,2,1,8,7
200500082929,0005-12-29 07:50:00,5,12,29,7,50,770,284.0,VARREDES (ROUTE DE),,,Plein jour,En agglomération,Hors intersection,Neige / grêle,Autre collision,,,,,,,,,,,1,2,1,4,6
200500082930,0005-12-06 23:10:00,5,12,6,23,10,770,306.0,D.57,,,Nuit sans éclairage public,En agglomération,Autre intersection,Temps couvert,Deux véhicules - frontale,,,,,,,,,,,3,2,9,8,1
200500082931,0005-12-11 06:10:00,5,12,11,6,10,770,394.0,ROUTE DE GUIGNES  (RD-11,,,Nuit sans éclairage public,Hors agglomération,Hors intersection,Normale,Sans collision,,,,,,,,,,,3,1,1,1,7
200500082932,0005-12-15 18:40:00,5,12,15,18,40,770,288.0,"30, SAINT ETIENNE (RUE)",,,Nuit avec éclairage allumé,En agglomération,Hors intersection,Normale,Sans collision,,,,,,,,,,,5,2,1,1,7
200500082933,0005-12-21 18:00:00,5,12,21,18,0,770,306.0,D.471 - D.57,,,Nuit sans éclairage public,Hors agglomération,Intersection en X,Temps couvert,Deux véhicules - côté,,,,,,,,,,,3,1,2,8,3
200500082934,0005-12-02 07:50:00,5,12,2,7,50,770,294.0,PASTEUR (PLACE),,,Nuit avec éclairage allumé,En agglomération,Hors intersection,Pluie légère,Autre collision,,,,,,,,,,,5,2,1,2,6
200500082935,0005-12-04 18:07:00,5,12,4,18,7,770,294.0,BOURSIERES (AVENUE DE),,,Nuit avec éclairage allumé,En agglomération,Intersection en X,Pluie légère,Autre collision,,,,,,,,,,,5,2,2,2,6
200500082936,0005-12-09 14:10:00,5,12,9,14,10,770,294.0,FRERES LUMIERES ((RUE DE,,,Plein jour,En agglomération,Giratoire,Normale,Autre collision,,,,,,,,,,,1,2,6,1,6
200500082937,0005-12-08 18:30:00,5,12,8,18,30,770,123.0,CD 212,,,Nuit sans éclairage public,Hors agglomération,Hors intersection,Pluie légère,Deux véhicules - frontale,,,,,,,,,,,3,1,1,2,1
200500082938,0005-12-09 17:25:00,5,12,9,17,25,770,294.0,JEAN BAPTISTE CLEMENT (A,,,Nuit avec éclairage allumé,En agglomération,Hors intersection,Normale,Autre collision,,,,,,,,,,,5,2,1,1,6
200500082939,0005-12-12 11:40:00,5,12,12,11,40,770,294.0,C.D. 9,,,Plein jour,Hors agglomération,Hors intersection,Normale,Sans collision,,,,,,,,,,,1,1,1,1,7
200500082940,0005-12-25 15:00:00,5,12,25,15,0,770,294.0,RN2,,,Plein jour,Hors agglomération,Intersection en Y,Normale,Autre collision,,,,,,,,,,,1,1,4,1,6
200500082941,0005-12-21 18:45:00,5,12,21,18,45,770,241.0,CD 404,,,Nuit sans éclairage public,Hors agglomération,Intersection en X,Normale,Deux véhicules - côté,,,,,,,,,,,3,1,2,1,3
200500082942,0005-12-30 20:00:00,5,12,30,20,0,770,251.0,AIR DU TEMPS (ALLEE DE L,,,Nuit avec éclairage allumé,En agglomération,Hors intersection,Temps couvert,Autre collision,,,,,,,,,,,5,2,1,8,6
200500082943,0005-12-07 07:45:00,5,12,7,7,45,770,114.0,D216,,,Crépuscule ou aube,Hors agglomération,Hors intersection,Normale,Deux véhicules - côté,,,,,,,,,,,2,1,1,1,3
200500082944,0005-12-07 12:30:00,5,12,7,12,30,770,53.0,"800, TUBOEUF (RUE DU)",,,Plein jour,En agglomération,Hors intersection,Normale,Deux véhicules - côté,,,,,,,,,,,1,2,1,1,3
200500082945,0005-12-11 16:45:00,5,12,11,16,45,770,251.0,CARREFOUR,,,Crépuscule ou aube,En agglomération,Intersection en T,Normale,Deux véhicules - côté,,,,,,,,,,,2,2,3,1,3
200500082946,0005-12-16 19:54:00,5,12,16,19,54,770,122.0,ABREUVOIR(RUE DE L'),,,Nuit avec éclairage allumé,En agglomération,Intersection en X,Pluie légère,Deux véhicules - côté,,,,,,,,,,,5,2,2,2,3
200500082947,0005-12-16 19:50:00,5,12,16,19,50,770,122.0,CD 48,,,Nuit sans éclairage public,Hors agglomération,Hors intersection,Normale,Autre collision,,,,,,,,,,,3,1,1,1,6
200500082948,0005-12-20 18:10:00,5,12,20,18,10,770,122.0,ANDRE MALRAUX(AVENUE),,,Nuit avec éclairage allumé,En agglomération,Hors intersection,Temps couvert,Deux véhicules - frontale,,,,,,,,,,,5,2,1,8,1
200500082949,0005-12-30 11:45:00,5,12,30,11,45,770,54.0,RN 6,,,Plein jour,Hors agglomération,Intersection en X,Temps couvert,Deux véhicules - côté,,,,,,,,,,,1,1,2,8,3
200500082950,0005-12-15 11:27:00,5,12,15,11,27,770,501.0,MONTEREAU (ROUTE DE),,,Plein jour,En agglomération,Intersection en X,Normale,Deux véhicules - côté,,,,,,,,,,,1,2,2,1,3
200500082951,0005-12-06 21:10:00,5,12,6,21,10,770,333.0,RN7,,,Nuit sans éclairage public,Hors agglomération,Hors intersection,Temps couvert,Sans collision,,,,,,,,,,,3,1,1,8,7
200500082952,0005-12-07 18:15:00,5,12,7,18,15,770,333.0,"7, MOULIN (AVENUE JEAN)",,,Nuit avec éclairage allumé,En agglomération,Intersection en T,Normale,Deux véhicules - côté,,,,,,,,,,,5,2,3,1,3
200500082953,0005-12-18 00:45:00,5,12,18,0,45,770,216.0,NATIONALE 7,,,Nuit sans éclairage public,Hors agglomération,Giratoire,Normale,Sans collision,,,,,,,,,,,3,1,6,1,7
200500082954,0005-12-23 17:20:00,5,12,23,17,20,770,333.0,"100, FROMONVILLE (QUAI D",,,Nuit avec éclairage allumé,En agglomération,Intersection en Y,Normale,Deux véhicules - côté,,,,,,,,,,,5,2,4,1,3
200500082955,0005-12-25 17:50:00,5,12,25,17,50,770,333.0,"1, SENS (RUE DE)",,,Nuit avec éclairage allumé,En agglomération,Hors intersection,Autre,Autre collision,,,,,,,,,,,5,2,1,9,6
200500082956,0005-12-23 19:50:00,5,12,23,19,50,770,337.0,ROCHES (COURS DES),,,Nuit avec éclairage allumé,En agglomération,Hors intersection,Normale,Autre collision,,,,,,,,,,,5,2,1,1,6
200500082957,0005-12-02 07:25:00,5,12,2,7,25,770,83.0,"213, REPUBLIQUE (BOULEVA",,,Nuit avec éclairage allumé,En agglomération,Hors intersection,Pluie forte,Autre collision,,,,,,,,,,,5,2,1,3,6
200500082958,0005-12-04 13:25:00,5,12,4,13,25,770,258.0,SOUBRIARDE (AVENUE DE LA,,,Plein jour,Hors agglomération,Giratoire,Temps couvert,Deux véhicules - frontale,,,,,,,,,,,1,1,6,8,1
200500082959,0005-12-14 07:50:00,5,12,14,7,50,770,121.0,NATIONALE 471 (ROUTE),,,Crépuscule ou aube,Hors agglomération,Hors intersection,Normale,Trois véhicules et plus - collisions multiples,,,,,,,,,,,2,1,1,1,5
200500082960,0005-12-16 12:50:00,5,12,16,12,50,770,83.0,AMPERE (AVENUE),,,Plein jour,En agglomération,Intersection en T,Pluie légère,Autre collision,,,,,,,,,,,1,2,3,2,6
200500082961,0005-12-21 22:05:00,5,12,21,22,5,770,468.0,LEON BLUM (RUE),,,Nuit avec éclairage allumé,En agglomération,Passage à niveau,Normale,Autre collision,,,,,,,,,,,5,2,8,1,6
200500082962,0005-12-23 18:40:00,5,12,23,18,40,770,468.0,LOUIS ARAGON (AVENUE),,,Nuit avec éclairage allumé,En agglomération,Intersection en T,Normale,Autre collision,,,,,,,,,,,5,2,3,1,6
200500082963,0005-12-01 11:40:00,5,12,1,11,40,770,350.0,", GENERAL LECLERC (AVENU",,,Plein jour,En agglomération,Hors intersection,Normale,Deux véhicules - côté,,,,,,,,,,,1,2,1,1,3
200500082964,0005-12-12 09:45:00,5,12,12,9,45,770,319.0,D231,,,Plein jour,Hors agglomération,Hors intersection,Normale,Autre collision,,,,,,,,,,,1,1,1,1,6
200500082965,0005-12-18 17:00:00,5,12,18,17,0,780,5.0,RD 30,,,Plein jour,Hors agglomération,Giratoire,Normale,Sans collision,,,,,,,,,,,1,1,6,1,7
200500082966,0005-12-04 14:09:00,5,12,4,14,9,780,15.0,"0,00, VERDUN (RUE DE)",,,Plein jour,En agglomération,Hors intersection,Normale,Sans collision,,,,,,,,,,,1,2,1,1,7
200500082967,0005-12-05 08:15:00,5,12,5,8,15,780,172.0,"0,00, GALLIENI (AVENUE D",,,Plein jour,En agglomération,Hors intersection,Normale,Sans collision,,,,,,,,,,,1,2,1,1,7
200500082968,0005-12-05 09:45:00,5,12,5,9,45,780,15.0,RD 55,,,Plein jour,En agglomération,Hors intersection,Normale,Deux véhicules - arrière,,,,,,,,,,,1,2,1,1,2
200500082969,0005-12-05 11:45:00,5,12,5,11,45,780,172.0,"0,00, JOFFRE (RUE DU MAR",,,Plein jour,En agglomération,Hors intersection,Normale,Sans collision,,,,,,,,,,,1,2,1,1,7
200500082970,0005-12-07 12:55:00,5,12,7,12,55,780,172.0,"0,00, DE GAULLE (BD DU G",,,Plein jour,En agglomération,Intersection en X,Normale,Deux véhicules - côté,,,,,,,,,,,1,2,2,1,3
200500082971,0005-12-08 10:50:00,5,12,8,10,50,780,172.0,BRETELLE ACCES  RN 184/,,,Plein jour,En agglomération,Intersection en X,Pluie légère,Deux véhicules - côté,,,,,,,,,,,1,2,2,2,3
200500082972,0005-12-09 12:37:00,5,12,9,12,37,780,138.0,"0.000, PETITS PAS (RUE D",,,Plein jour,En agglomération,Hors intersection,Normale,Sans collision,,,,,,,,,,,1,2,1,1,7
200500082973,0005-12-10 13:55:00,5,12,10,13,55,780,172.0,RD 48,,,Plein jour,En agglomération,Intersection en T,Normale,Sans collision,,,,,,,,,,,1,2,3,1,7
200500082974,0005-12-11 01:45:00,5,12,11,1,45,780,172.0,"107, ANGLAIS (RUE DES)",,,Nuit avec éclairage allumé,En agglomération,Giratoire,Normale,Sans collision,,,,,,,,,,,5,2,6,1,7
200500082975,0005-12-12 07:00:00,5,12,12,7,0,780,15.0,"11, FOCH (AVENUE DU MARE",,,Nuit avec éclairage allumé,En agglomération,Hors intersection,Normale,Sans collision,,,,,,,,,,,5,2,1,1,7
200500082976,0005-12-14 10:00:00,5,12,14,10,0,780,138.0,RD 01,,,Plein jour,En agglomération,Giratoire,Normale,Sans collision,,,,,,,,,,,1,2,6,1,7
200500082977,0005-12-17 06:35:00,5,12,17,6,35,780,172.0,BRETELLE SORTIE RN 184,,,Nuit avec éclairage allumé,En agglomération,Hors intersection,Normale,Sans collision,,,,,,,,,,,5,2,1,1,7
200500082978,0005-12-19 18:25:00,5,12,19,18,25,780,15.0,"0,000, FOCH (AVENUE DU M",,,Nuit avec éclairage allumé,En agglomération,Hors intersection,Normale,Sans collision,,,,,,,,,,,5,2,1,1,7
200500082979,0005-12-12 13:45:00,5,12,12,13,45,780,172.0,"0,000, BASSES ROCHES (RU",,,Plein jour,En agglomération,Intersection en T,Normale,Deux véhicules - côté,,,,,,,,,,,1,2,3,1,3
200500082980,0005-12-01 14:00:00,5,12,1,14,0,780,208.0,"Indét, GANCE (COURS ABEL",,,Plein jour,En agglomération,Hors intersection,Normale,Sans collision,,,,,,,,,,,1,2,1,1,7
200500082981,0005-12-02 13:05:00,5,12,2,13,5,780,383.0,"12, VENDEE (AVENUE DE)",,,Plein jour,En agglomération,Hors intersection,Normale,Sans collision,,,,,,,,,,,1,2,1,1,7
200500082982,0005-12-02 18:35:00,5,12,2,18,35,780,490.0,DEPARTEMENTALE 11 (ROUTE,,,Nuit avec éclairage allumé,En agglomération,Hors intersection,Normale,Deux véhicules - côté,,,,,,,,,,,5,2,1,1,3
200500082983,0005-12-02 08:45:00,5,12,2,8,45,780,490.0,DEPARTEMENTALE 134 (ROUT,,,Plein jour,Hors agglomération,Hors intersection,Temps couvert,Trois véhicules et plus - en chaîne,,,,,,,,,,,1,1,1,8,4
200500082984,0005-12-09 18:10:00,5,12,9,18,10,780,168.0,NATIONALE 10 (ROUTE),,,Nuit sans éclairage public,En agglomération,Hors intersection,Normale,Trois véhicules et plus - en chaîne,,,,,,,,,,,3,2,1,1,4
200500082985,0005-12-16 16:21:00,5,12,16,16,21,780,490.0,DEPARTEMENTALE 134 (ROUT,,,Plein jour,En agglomération,Hors intersection,Pluie légère,Trois véhicules et plus - en chaîne,,,,,,,,,,,1,2,1,2,4
200500082986,0005-12-24 14:45:00,5,12,24,14,45,780,490.0,DEPARTEMENTALE 11 (ROUTE,,,Plein jour,En agglomération,Giratoire,Normale,Deux véhicules - arrière,,,,,,,,,,,1,2,6,1,2
200500082987,0005-12-06 08:15:00,5,12,6,8,15,780,297.0,"inconnu, CROIZAT (RUE AM",,,Nuit avec éclairage allumé,En agglomération,Hors intersection,Autre,Autre collision,,,,,,,,,,,5,2,1,9,6