accident_id,datetime,annee,mois,jour,heure,minute,departement,commune_insee,adresse,latitude,longitude,luminosite,agglomeration,intersection,meteo,collision,nb_vehicules,nb_usagers,nb_indemnes,nb_tues,nb_blesses_hosp,nb_blesses_legers,age_cond_1,age_cond_2,veh_type_cond_1,veh_type_cond_2,lum_code,agg_code,int_code,atm_code,col_code
200500082988,0005-12-07 18:00:00,5,12,7,18,0,780,297.0,"inconnu, BARBUSSE (RUE H",,,Nuit sans éclairage public,En agglomération,Hors intersection,Normale,Autre collision,,,,,,,,,,,3,2,1,1,6
200500082989,0005-12-07 01:05:00,5,12,7,1,5,780,124.0,"365, SAINT GERMAIN (ROUT",,,Nuit avec éclairage allumé,En agglomération,Hors intersection,Normale,Autre collision,,,,,,,,,,,5,2,1,1,6
200500082990,0005-12-12 20:30:00,5,12,12,20,30,780,358.0,"05, GENERAL DE GAULLE (A",,,Nuit avec éclairage allumé,En agglomération,Hors intersection,Normale,Deux véhicules - côté,,,,,,,,,,,5,2,1,1,3
200500082991,0005-12-01 07:50:00,5,12,1,7,50,780,217.0,R.D 130,,,Crépuscule ou aube,Hors agglomération,Hors intersection,Normale,Deux véhicules - côté,,,,,,,,,,,2,1,1,1,3
200500082992,0005-12-04 17:55:00,5,12,4,17,55,780,361.0,RUE PIERRE SEMARD,,,Nuit avec éclairage allumé,En agglomération,Hors intersection,Normale,Sans collision,,,,,,,,,,,5,2,1,1,7
200500082993,0005-12-15 17:45:00,5,12,15,17,45,780,350.0,VERSAILLES (ROUTE DE),,,Nuit avec éclairage non allumé,Hors agglomération,Hors intersection,Normale,Autre collision,,,,,,,,,,,4,1,1,1,6
200500082994,0005-12-17 14:30:00,5,12,17,14,30,780,502.0,ROUTE NATIONALE 13,,,Plein jour,En agglomération,Autre intersection,Normale,Autre collision,,,,,,,,,,,1,2,9,1,6
200500082995,0005-12-12 13:00:00,5,12,12,13,0,780,29.0,CHARLES DE GAULLE (AVENU,,,Plein jour,En agglomération,Hors intersection,Normale,Autre collision,,,,,,,,,,,1,2,1,1,6
200500082996,0005-12-12 07:50:00,5,12,12,7,50,780,299.0,CARNOT (BOULEVARD),,,Nuit avec éclairage allumé,En agglomération,Hors intersection,Normale,Deux véhicules - arrière,,,,,,,,,,,5,2,1,1,2
200500082997,0005-12-15 21:45:00,5,12,15,21,45,780,29.0,CD 113,,,Nuit avec éclairage allumé,En agglomération,Intersection en Y,Normale,Deux véhicules - frontale,,,,,,,,,,,5,2,4,1,1
200500082998,0005-12-15 21:40:00,5,12,15,21,40,780,401.0,D 922,,,Nuit sans éclairage public,Hors agglomération,Hors intersection,Normale,Sans collision,,,,,,,,,,,3,1,1,1,7
200500082999,0005-12-15 17:51:00,5,12,15,17,51,780,440.0,EUROPE (AVENUE DE L'),,,Nuit avec éclairage allumé,En agglomération,Hors intersection,Normale,Autre collision,,,,,,,,,,,5,2,1,1,6
200500083000,0005-12-18 16:35:00,5,12,18,16,35,780,609.0,MEULAN (ROUTE DE),,,Plein jour,Hors agglomération,Hors intersection,Normale,Autre collision,,,,,,,,,,,1,1,1,1,6
200500083001,0005-12-19 17:40:00,5,12,19,17,40,780,29.0,PIERRE LEFAUCHEUX,,,Crépuscule ou aube,Hors agglomération,Hors intersection,Brouillard / fumée,Sans collision,,,,,,,,,,,2,1,1,5,7
200500083002,0005-12-25 12:10:00,5,12,25,12,10,780,29.0,DIVISION LECLERC (AV. DE,,,Plein jour,En agglomération,Intersection en Y,Normale,Autre collision,,,,,,,,,,,1,2,4,1,6
200500083003,0005-12-24 15:22:00,5,12,24,15,22,780,440.0,PAUL RAOULT (AVENUE),,,Plein jour,En agglomération,Hors intersection,Normale,Autre collision,,,,,,,,,,,1,2,1,1,6
200500083004,0005-12-15 18:30:00,5,12,15,18,30,780,643.0,RD154,,,Nuit avec éclairage allumé,Hors agglomération,Giratoire,Normale,Autre collision,,,,,,,,,,,5,1,6,1,6
200500083005,0005-12-13 12:05:00,5,12,13,12,5,780,642.0,BAZINCOURT RUE DE,,,Plein jour,En agglomération,Hors intersection,Normale,Autre collision,,,,,,,,,,,1,2,1,1,6
200500083006,0005-12-03 03:25:00,5,12,3,3,25,780,498.0,PONTOISE AV DE,,,Nuit avec éclairage allumé,Hors agglomération,Hors intersection,Normale,Autre collision,,,,,,,,,,,5,1,1,1,6
200500083007,0005-12-02 08:40:00,5,12,2,8,40,780,498.0,ROBESPIERRE BD,,,Plein jour,En agglomération,Intersection en X,Pluie légère,Deux véhicules - côté,,,,,,,,,,,1,2,2,2,3
200500083008,0005-12-03 21:25:00,5,12,3,21,25,780,624.0,"3, MAURECOURT ROUTE DE",,,Nuit sans éclairage public,Hors agglomération,Hors intersection,Pluie légère,Deux véhicules - côté,,,,,,,,,,,3,1,1,2,3
200500083009,0005-12-05 10:00:00,5,12,5,10,0,780,498.0,PIGOZZI PLACE,,,Plein jour,En agglomération,Hors intersection,Normale,Deux véhicules - arrière,,,,,,,,,,,1,2,1,1,2
200500083010,0005-12-07 17:50:00,5,12,7,17,50,780,498.0,CEP AVENUE DU,,,Nuit avec éclairage allumé,En agglomération,Intersection en T,Normale,Deux véhicules - côté,,,,,,,,,,,5,2,3,1,3
200500083011,0005-12-12 18:50:00,5,12,12,18,50,780,498.0,GAMBETTA BD,,,Nuit avec éclairage allumé,Hors agglomération,Hors intersection,Normale,Deux véhicules - côté,,,,,,,,,,,5,1,1,1,3
200500083012,0005-12-08 19:25:00,5,12,8,19,25,780,643.0,TRIEL AVENUE DE,,,Nuit avec éclairage allumé,En agglomération,Intersection en T,Normale,Deux véhicules - côté,,,,,,,,,,,5,2,3,1,3
200500083013,0005-12-03 09:00:00,5,12,3,9,0,780,624.0,"20, HAUTIL RUE DE",,,Plein jour,En agglomération,Hors intersection,Normale,Autre collision,,,,,,,,,,,1,2,1,1,6
200500083014,0005-12-05 13:15:00,5,12,5,13,15,780,498.0,RD30,,,Plein jour,Hors agglomération,Hors intersection,Normale,Autre collision,,,,,,,,,,,1,1,1,1,6
200500083015,0005-12-15 15:25:00,5,12,15,15,25,780,498.0,RD30,,,Plein jour,Hors agglomération,Hors intersection,Normale,Trois véhicules et plus - collisions multiples,,,,,,,,,,,1,1,1,1,5
200500083016,0005-12-01 16:00:00,5,12,1,16,0,780,643.0,MARSINVAL RUE DE,,,Plein jour,En agglomération,Hors intersection,Normale,Autre collision,,,,,,,,,,,1,2,1,1,6
200500083017,0005-12-20 10:30:00,5,12,20,10,30,780,624.0,DOUMER RUE PAUL,,,Plein jour,En agglomération,Hors intersection,Normale,Autre collision,,,,,,,,,,,1,2,1,1,6
200500083018,0005-12-25 12:05:00,5,12,25,12,5,780,498.0,"42, FOCH AV",,,Plein jour,En agglomération,Hors intersection,Normale,Sans collision,,,,,,,,,,,1,2,1,1,7
200500083019,0005-12-05 12:55:00,5,12,5,12,55,780,498.0,MALADRERIE AV DE LA,,,Plein jour,En agglomération,Intersection en T,Normale,Deux véhicules - côté,,,,,,,,,,,1,2,3,1,3
200500083020,0005-12-11 18:45:00,5,12,11,18,45,780,498.0,"1, TOURNELLE RUE DE LA",,,Nuit avec éclairage allumé,En agglomération,Hors intersection,Normale,Trois véhicules et plus - en chaîne,,,,,,,,,,,5,2,1,1,4
200500083021,0005-12-09 20:35:00,5,12,9,20,35,780,517.0,ORPHIN (RUE D'),,,Nuit sans éclairage public,Hors agglomération,Hors intersection,Normale,Sans collision,,,,,,,,,,,3,1,1,1,7
200500083022,0005-12-11 04:45:00,5,12,11,4,45,780,517.0,RN 10,,,Nuit sans éclairage public,Hors agglomération,Hors intersection,Normale,Sans collision,,,,,,,,,,,3,1,1,1,7
200500083023,0005-12-29 18:35:00,5,12,29,18,35,780,517.0,D 150,,,Nuit avec éclairage allumé,En agglomération,Hors intersection,Normale,Sans collision,,,,,,,,,,,5,2,1,1,7
200500083024,0005-12-12 17:30:00,5,12,12,17,30,780,545.0,CURIE (AVENUE PIERRE),,,Nuit avec éclairage allumé,En agglomération,Hors intersection,Normale,Autre collision,,,,,,,,,,,5,2,1,1,6
200500083025,0005-12-07 16:15:00,5,12,7,16,15,780,242.0,"indétermi, RAVEL (RUE MA",,,Plein jour,En agglomération,Autre intersection,Normale,Autre collision,,,,,,,,,,,1,2,9,1,6
200500083026,0005-12-15 23:25:00,5,12,15,23,25,780,551.0,"Ignoré, FORET DOMANIALE",,,Nuit sans éclairage public,Hors agglomération,Hors intersection,Normale,Sans collision,,,,,,,,,,,3,1,1,1,7
200500083027,0005-12-03 21:55:00,5,12,3,21,55,780,551.0,"175, ROOSEVELT (DU PRESI",,,Nuit avec éclairage allumé,En agglomération,Hors intersection,Normale,Sans collision,,,,,,,,,,,5,2,1,1,7
200500083028,0005-12-05 19:25:00,5,12,5,19,25,780,481.0,"Ignoré, JEAN JAURES (AVE",,,Nuit avec éclairage allumé,En agglomération,Hors intersection,Normale,Sans collision,,,,,,,,,,,5,2,1,1,7
200500083029,0005-12-04 09:30:00,5,12,4,9,30,780,551.0,LOGES (AVENUE DES),,,Plein jour,Hors agglomération,Hors intersection,Normale,Deux véhicules - côté,,,,,,,,,,,1,1,1,1,3
200500083030,0005-12-12 08:20:00,5,12,12,8,20,780,551.0,"22, DUMAS (ALEXANDRE)",,,Plein jour,En agglomération,Hors intersection,Normale,Autre collision,,,,,,,,,,,1,2,1,1,6
200500083031,0005-12-16 00:45:00,5,12,16,0,45,780,551.0,RN 13,,,Nuit avec éclairage allumé,Hors agglomération,Hors intersection,Normale,Sans collision,,,,,,,,,,,5,1,1,1,7
200500083032,0005-12-16 08:35:00,5,12,16,8,35,780,481.0,"03, CHARLES DE GAULLE (R",,,Crépuscule ou aube,En agglomération,Hors intersection,Normale,Sans collision,,,,,,,,,,,2,2,1,1,7
200500083033,0005-12-16 16:30:00,5,12,16,16,30,780,481.0,"ignoré, PROGRES (DU)",,,Plein jour,En agglomération,Hors intersection,Normale,Sans collision,,,,,,,,,,,1,2,1,1,7
200500083034,0005-12-06 08:10:00,5,12,6,8,10,780,586.0,PONTOISE,,,Plein jour,En agglomération,Intersection en T,Pluie légère,Deux véhicules - côté,,,,,,,,,,,1,2,3,2,3
200500083035,0005-12-07 08:50:00,5,12,7,8,50,780,586.0,REIN (JULES),,,Plein jour,En agglomération,Hors intersection,Normale,Autre collision,,,,,,,,,,,1,2,1,1,6
200500083036,0005-12-16 12:55:00,5,12,16,12,55,780,586.0,SCHUMAN (ROBERT)  (CARRE,,,Plein jour,En agglomération,Hors intersection,Pluie légère,Autre collision,,,,,,,,,,,1,2,1,2,6
200500083037,0005-12-16 17:40:00,5,12,16,17,40,780,586.0,FLORIAN,,,Nuit avec éclairage allumé,En agglomération,Intersection en T,Normale,Autre collision,,,,,,,,,,,5,2,3,1,6
200500083038,0005-12-21 18:00:00,5,12,21,18,0,780,586.0,SCHUMAN (ROBERT),,,Nuit avec éclairage allumé,En agglomération,Hors intersection,Normale,Deux véhicules - côté,,,,,,,,,,,5,2,1,1,3
200500083039,0005-12-02 09:10:00,5,12,2,9,10,780,621.0,COPERNIC (RUE NICOLAS),,,Plein jour,En agglomération,Giratoire,Pluie légère,Deux véhicules - côté,,,,,,,,,,,1,2,6,2,3
200500083040,0005-12-17 22:35:00,5,12,17,22,35,780,621.0,NATIONALE 10   (ROUTE),,,Nuit avec éclairage allumé,En agglomération,Hors intersection,Normale,Trois véhicules et plus - en chaîne,,,,,,,,,,,5,2,1,1,4
200500083041,0005-12-19 12:15:00,5,12,19,12,15,780,621.0,"10, HENNEQUIN (AVENUE RO",,,Plein jour,En agglomération,Hors intersection,Pluie légère,Trois véhicules et plus - en chaîne,,,,,,,,,,,1,2,1,2,4
200500083042,0005-12-01 11:29:00,5,12,1,11,29,780,640.0,EUROPE (AVENUE DE L'),,,Plein jour,En agglomération,Autre intersection,Normale,Deux véhicules - côté,,,,,,,,,,,1,2,9,1,3
200500083043,0005-12-16 17:00:00,5,12,16,17,0,780,640.0,"101, GENERAL DE GAULLE (",,,Nuit avec éclairage allumé,En agglomération,Intersection en T,Pluie légère,Autre collision,,,,,,,,,,,5,2,3,2,6
200500083044,0005-12-01 11:25:00,5,12,1,11,25,780,640.0,EUROPE (AVENUE DE L'),,,Plein jour,En agglomération,Intersection en T,Normale,Deux véhicules - côté,,,,,,,,,,,1,2,3,1,3
200500083045,0005-12-07 13:49:00,5,12,7,13,49,780,640.0,CAPITAINE TARON (RUE DU),,,Plein jour,En agglomération,Intersection en T,Normale,Deux véhicules - côté,,,,,,,,,,,1,2,3,1,3
200500083046,0005-12-10 11:45:00,5,12,10,11,45,780,640.0,"54, EUROPE (AVENUE DE L'",,,Plein jour,En agglomération,Hors intersection,Normale,Deux véhicules - arrière,,,,,,,,,,,1,2,1,1,2
200500083047,0005-12-09 17:55:00,5,12,9,17,55,780,640.0,"3, MORANE-SAULNIER (AVEN",,,Nuit avec éclairage allumé,En agglomération,Hors intersection,Normale,Deux véhicules - arrière,,,,,,,,,,,5,2,1,1,2
200500083048,0005-12-09 08:15:00,5,12,9,8,15,780,686.0,GENERAL DE GAULLE (PLACE,,,Crépuscule ou aube,En agglomération,Intersection en T,Normale,Deux véhicules - côté,,,,,,,,,,,2,2,3,1,3
200500083049,0005-12-08 20:42:00,5,12,8,20,42,780,640.0,LOUIS BREGUET (AVENUE),,,Nuit avec éclairage allumé,En agglomération,Hors intersection,Autre,Deux véhicules - côté,,,,,,,,,,,5,2,1,9,3
200500083050,0005-12-14 17:35:00,5,12,14,17,35,780,640.0,", DEWOITINE (RUE)",,,Nuit avec éclairage non allumé,En agglomération,Hors intersection,Normale,Autre collision,,,,,,,,,,,4,2,1,1,6
200500083051,0005-12-14 19:30:00,5,12,14,19,30,780,322.0,CHARLES DE GAULLE (RUE),,,Nuit avec éclairage allumé,Hors agglomération,Hors intersection,Pluie légère,Deux véhicules - frontale,,,,,,,,,,,5,1,1,2,1
200500083052,0005-12-14 13:15:00,5,12,14,13,15,780,686.0,"188, GENERAL LECLERC (AV",,,Plein jour,En agglomération,Hors intersection,Normale,Autre collision,,,,,,,,,,,1,2,1,1,6
200500083053,0005-12-14 18:55:00,5,12,14,18,55,780,640.0,"10, PAUL DAUTIER (RUE)",,,Nuit avec éclairage allumé,En agglomération,Hors intersection,Normale,Deux véhicules - côté,,,,,,,,,,,5,2,1,1,3
200500083054,0005-12-18 20:30:00,5,12,18,20,30,780,686.0,GENERAL LECLERC (AVENUE,,,Nuit avec éclairage allumé,En agglomération,Hors intersection,Normale,Deux véhicules - côté,,,,,,,,,,,5,2,1,1,3
200500083055,0005-12-31 16:35:00,5,12,31,16,35,780,646.0,"Néant, MARECHAL FOCH (RU",,,Plein jour,En agglomération,Hors intersection,Normale,Autre collision,,,,,,,,,,,1,2,1,1,6
200500083056,0005-12-01 08:20:00,5,12,1,8,20,780,646.0,"3, ANDRE MIGNOT (PLACE)",,,Plein jour,En agglomération,Hors intersection,Normale,Deux véhicules - côté,,,,,,,,,,,1,2,1,1,3
200500083057,0005-12-02 17:00:00,5,12,2,17,0,780,646.0,"néant, PARIS (AVENUE DE)",,,Plein jour,En agglomération,Intersection en T,Normale,Deux véhicules - côté,,,,,,,,,,,1,2,3,1,3
200500083058,0005-12-03 22:00:00,5,12,3,22,0,780,646.0,REPUBLIQUE (BOULEVARD DE,,,Nuit avec éclairage allumé,En agglomération,Intersection en X,Pluie légère,Deux véhicules - côté,,,,,,,,,,,5,2,2,2,3
200500083059,0005-12-05 13:40:00,5,12,5,13,40,780,158.0,"Néant, SAINT ANTOINE DE",,,Plein jour,En agglomération,Hors intersection,Normale,Autre collision,,,,,,,,,,,1,2,1,1,6
200500083060,0005-12-08 18:00:00,5,12,8,18,0,780,646.0,MONTREUIL (RUE DE),,,Nuit avec éclairage allumé,En agglomération,Hors intersection,Pluie légère,Autre collision,,,,,,,,,,,5,2,1,2,6
200500083061,0005-12-11 16:00:00,5,12,11,16,0,780,646.0,EMILE COUSIN (RUE),,,Plein jour,En agglomération,Giratoire,Normale,Deux véhicules - côté,,,,,,,,,,,1,2,6,1,3
200500083062,0005-12-11 09:15:00,5,12,11,9,15,780,646.0,ORANGERIE (RUE DE L'),,,Plein jour,En agglomération,Hors intersection,Normale,Deux véhicules - frontale,,,,,,,,,,,1,2,1,1,1
200500083063,0005-12-15 09:20:00,5,12,15,9,20,780,117.0,BORDEAUX (ROUTE DE),,,Plein jour,Hors agglomération,Hors intersection,Normale,Sans collision,,,,,,,,,,,1,1,1,1,7
200500083064,0005-12-15 11:00:00,5,12,15,11,0,780,646.0,"5, MONTBAURON (RUE)",,,Plein jour,En agglomération,Intersection en X,Temps couvert,Autre collision,,,,,,,,,,,1,2,2,8,6
200500083065,0005-12-15 17:50:00,5,12,15,17,50,780,646.0,"26, PONT COLBERT (RUE DU",,,Nuit avec éclairage allumé,En agglomération,Hors intersection,Temps couvert,Deux véhicules - côté,,,,,,,,,,,5,2,1,8,3
200500083066,0005-12-16 07:55:00,5,12,16,7,55,780,646.0,"41, CHANTIERS (RUE DES)",,,Crépuscule ou aube,En agglomération,Hors intersection,Pluie légère,Deux véhicules - côté,,,,,,,,,,,2,2,1,2,3
200500083067,0005-12-16 10:45:00,5,12,16,10,45,780,646.0,ORANGERIE (RUE DE L'),,,Plein jour,En agglomération,Intersection en X,Pluie légère,Deux véhicules - frontale,,,,,,,,,,,1,2,2,2,1
200500083068,0005-12-18 09:30:00,5,12,18,9,30,780,646.0,"11, REINE (BOULEVARD DE",,,Plein jour,En agglomération,Hors intersection,Normale,Deux véhicules - frontale,,,,,,,,,,,1,2,1,1,1
200500083069,0005-12-19 11:15:00,5,12,19,11,15,780,158.0,"neant, CHARLES DE GAULLE",,,Plein jour,En agglomération,Hors intersection,Pluie légère,Autre collision,,,,,,,,,,,1,2,1,2,6
200500083070,0005-12-19 17:30:00,5,12,19,17,30,780,646.0,"0, CARNOT (RUE)",,,Nuit avec éclairage allumé,En agglomération,Intersection en T,Pluie légère,Deux véhicules - frontale,,,,,,,,,,,5,2,3,2,1
200500083071,0005-12-20 12:35:00,5,12,20,12,35,780,646.0,SAINT CYR (AVENUE DE),,,Plein jour,Hors agglomération,Hors intersection,Pluie légère,Deux véhicules - arrière,,,,,,,,,,,1,1,1,2,2
200500083072,0005-12-20 18:45:00,5,12,20,18,45,780,646.0,PARIS (AVENUE DE),,,Nuit avec éclairage allumé,En agglomération,Hors intersection,Temps couvert,Deux véhicules - arrière,,,,,,,,,,,5,2,1,8,2
200500083073,0005-12-21 08:00:00,5,12,21,8,0,780,646.0,"12, CARNOT (RUE)",,,Crépuscule ou aube,En agglomération,Hors intersection,Normale,Deux véhicules - côté,,,,,,,,,,,2,2,1,1,3
200500083074,0005-12-21 18:15:00,5,12,21,18,15,780,646.0,"0, REMILLY (RUE)",,,Nuit avec éclairage allumé,En agglomération,Intersection en X,Normale,Sans collision,,,,,,,,,,,5,2,2,1,7
200500083075,0005-12-23 15:30:00,5,12,23,15,30,780,646.0,ORANGERIE (RUE DE L'),,,Plein jour,En agglomération,Intersection en X,Normale,Deux véhicules - côté,,,,,,,,,,,1,2,2,1,3
200500083076,0005-12-26 17:20:00,5,12,26,17,20,780,646.0,"29, ECOLE DES POSTES (RU",,,Nuit avec éclairage allumé,En agglomération,Intersection en T,Pluie légère,Autre collision,,,,,,,,,,,5,2,3,2,6
200500083077,0005-12-30 11:30:00,5,12,30,11,30,780,646.0,"NEANT, VIEUX VERSAILLES",,,Plein jour,En agglomération,Intersection en T,Neige / grêle,Autre collision,,,,,,,,,,,1,2,3,4,6
200500083078,0005-12-09 23:35:00,5,12,9,23,35,790,81.0,"13, ANDRE BELLOT",,,Nuit avec éclairage allumé,En agglomération,Hors intersection,Normale,Sans collision,,,,,,,,,,,5,2,1,1,7
200500083079,0005-12-21 11:10:00,5,12,21,11,10,790,191.0,"302, PARIS (AV) DE 294 &",,,Plein jour,En agglomération,Hors intersection,Normale,Sans collision,,,,,,,,,,,1,2,1,1,7
200500083080,0005-12-24 01:25:00,5,12,24,1,25,790,191.0,EUROPE (BD) MARECHAL LEC,,,Nuit avec éclairage allumé,En agglomération,Hors intersection,Normale,Sans collision,,,,,,,,,,,5,2,1,1,7
200500083081,0005-12-14 12:09:00,5,12,14,12,9,790,329.0,HELENSBURGH (BOULEVARD),,,Plein jour,En agglomération,Intersection en X,Normale,Deux véhicules - côté,,,,,,,,,,,1,2,2,1,3
200500083082,0005-12-06 17:20:00,5,12,6,17,20,800,1.0,SOMME (droite de la),,,Nuit avec éclairage allumé,En agglomération,Hors intersection,Pluie légère,Autre collision,,,,,,,,,,,5,2,1,2,6
200500083083,0005-12-19 09:00:00,5,12,19,9,0,800,1.0,JUSTICE (de la),,,Plein jour,En agglomération,Hors intersection,Temps couvert,Deux véhicules - arrière,,,,,,,,,,,1,2,1,8,2
200500083084,0005-12-22 14:35:00,5,12,22,14,35,800,1.0,LEDIEN,,,Plein jour,En agglomération,Hors intersection,Normale,Autre collision,,,,,,,,,,,1,2,1,1,6
200500083085,0005-12-31 14:56:00,5,12,31,14,56,800,21.0,"144, POINTIN (RUE)",,,Plein jour,En agglomération,Hors intersection,Normale,Autre collision,,,,,,,,,,,1,2,1,1,6
200500083086,0005-12-04 15:35:00,5,12,4,15,35,800,724.0,"0, DURY (ROUTE DE)",,,Plein jour,Hors agglomération,Hors intersection,Normale,Deux véhicules - frontale,,,,,,,,,,,1,1,1,1,1
200500083087,0005-12-07 08:40:00,5,12,7,8,40,800,21.0,"0, VOGEL (PLACE)",,,Plein jour,En agglomération,Intersection en X,Normale,Deux véhicules - côté,,,,,,,,,,,1,2,2,1,3
200500083088,0005-12-07 17:30:00,5,12,7,17,30,800,21.0,ROCADE NORD EST RN 25,,,Nuit avec éclairage allumé,Hors agglomération,Hors intersection,Normale,Deux véhicules - arrière,,,,,,,,,,,5,1,1,1,2
200500083089,0005-12-08 06:00:00,5,12,8,6,0,800,21.0,"16, AMONT (PORT D')",,,Nuit avec éclairage allumé,En agglomération,Hors intersection,Pluie légère,Autre collision,,,,,,,,,,,5,2,1,2,6
200500083090,0005-12-08 20:25:00,5,12,8,20,25,800,21.0,DEFENSE PASSIVE (AVENUE,,,Nuit avec éclairage allumé,En agglomération,Hors intersection,Temps couvert,Deux véhicules - arrière,,,,,,,,,,,5,2,1,8,2
200500083091,0005-12-08 17:10:00,5,12,8,17,10,800,21.0,"0, EUROPE (AVENUE DE L')",,,Nuit avec éclairage allumé,En agglomération,Hors intersection,Temps couvert,Autre collision,,,,,,,,,,,5,2,1,8,6
200500083092,0005-12-08 08:25:00,5,12,8,8,25,800,21.0,"0, PIERRE ROLLIN (RUE)",,,Plein jour,En agglomération,Hors intersection,Normale,Deux véhicules - côté,,,,,,,,,,,1,2,1,1,3
200500083093,0005-12-09 08:15:00,5,12,9,8,15,800,21.0,"45, MOISE DELOUARD (RUE)",,,Plein jour,En agglomération,Hors intersection,Normale,Deux véhicules - côté,,,,,,,,,,,1,2,1,1,3
200500083094,0005-12-10 14:40:00,5,12,10,14,40,800,21.0,"0, SAINT LEGER (RUE)",,,Plein jour,En agglomération,Hors intersection,Normale,Sans collision,,,,,,,,,,,1,2,1,1,7
200500083095,0005-12-12 08:55:00,5,12,12,8,55,800,21.0,ROGER DUMOULIN (AVENUE),,,Plein jour,En agglomération,Hors intersection,Brouillard / fumée,Autre collision,,,,,,,,,,,1,2,1,5,6
200500083096,0005-12-13 07:50:00,5,12,13,7,50,800,21.0,"57, GENERAL FOY (AVENUE",,,Plein jour,En agglomération,Hors intersection,Normale,Trois véhicules et plus - collisions multiples,,,,,,,,,,,1,2,1,1,5
200500083097,0005-12-13 17:45:00,5,12,13,17,45,800,21.0,"344, JULES FERRY (CHAUSS",,,Nuit avec éclairage allumé,En agglomération,Hors intersection,Normale,Deux véhicules - côté,,,,,,,,,,,5,2,1,1,3
200500083098,0005-12-13 16:50:00,5,12,13,16,50,800,21.0,"0, ABBEVILLE (RUE D')",,,Nuit avec éclairage allumé,En agglomération,Intersection en Y,Temps couvert,Deux véhicules - côté,,,,,,,,,,,5,2,4,8,3
200500083099,0005-12-12 22:45:00,5,12,12,22,45,800,21.0,"0, EUROPE (AVENUE DE L')",,,Nuit avec éclairage allumé,En agglomération,Giratoire,Pluie légère,Deux véhicules - côté,,,,,,,,,,,5,2,6,2,3
200500083100,0005-12-15 07:20:00,5,12,15,7,20,800,21.0,"0, TERRAL (RUE)",,,Nuit avec éclairage allumé,En agglomération,Intersection en X,Normale,Deux véhicules - côté,,,,,,,,,,,5,2,2,1,3
200500083101,0005-12-16 07:30:00,5,12,16,7,30,800,21.0,"18, JEAN RACINE (RUE)",,,Crépuscule ou aube,En agglomération,Hors intersection,Pluie légère,Deux véhicules - côté,,,,,,,,,,,2,2,1,2,3
200500083102,0005-12-19 15:45:00,5,12,19,15,45,800,21.0,"0, REPUBLIQUE (RUE DE LA",,,Plein jour,En agglomération,Hors intersection,Normale,Deux véhicules - côté,,,,,,,,,,,1,2,1,1,3
200500083103,0005-12-18 10:00:00,5,12,18,10,0,800,21.0,"0, MAIGNAN LARIVIERE (BO",,,Plein jour,En agglomération,Intersection en X,Normale,Deux véhicules - côté,,,,,,,,,,,1,2,2,1,3
200500083104,0005-12-18 18:20:00,5,12,18,18,20,800,21.0,DEFENSE PASSIVE (AVENUE,,,Nuit avec éclairage allumé,En agglomération,Hors intersection,Normale,Deux véhicules - côté,,,,,,,,,,,5,2,1,1,3
200500083105,0005-12-18 09:40:00,5,12,18,9,40,800,131.0,ALEXANDRE VASSEUR (RUE),,,Plein jour,En agglomération,Hors intersection,Normale,Deux véhicules - frontale,,,,,,,,,,,1,2,1,1,1
200500083106,0005-12-19 08:45:00,5,12,19,8,45,800,131.0,RD 934,,,Plein jour,Hors agglomération,Hors intersection,Normale,Trois véhicules et plus - collisions multiples,,,,,,,,,,,1,1,1,1,5
200500083107,0005-12-22 07:15:00,5,12,22,7,15,800,21.0,"241, PETIT SAINT-JEAN (G",,,Nuit avec éclairage non allumé,En agglomération,Hors intersection,Normale,Autre collision,,,,,,,,,,,4,2,1,1,6
200500083108,0005-12-21 18:40:00,5,12,21,18,40,800,21.0,"0, AVAL (PORT D')",,,Nuit avec éclairage allumé,En agglomération,Hors intersection,Pluie légère,Trois véhicules et plus - collisions multiples,,,,,,,,,,,5,2,1,2,5
200500083109,0005-12-13 18:30:00,5,12,13,18,30,810,4.0,"19, CANAVIERES BAS (CHEM",,,Nuit avec éclairage allumé,En agglomération,Hors intersection,Normale,Autre collision,,,,,,,,,,,5,2,1,1,6
200500083110,0005-12-22 07:20:00,5,12,22,7,20,810,4.0,LATTRE DE TASSIGNY (AV D,,,Crépuscule ou aube,En agglomération,Hors intersection,Autre,Deux véhicules - côté,,,,,,,,,,,2,2,1,9,3
200500083111,0005-12-04 03:50:00,5,12,4,3,50,810,65.0,"16, HENRI  IV (RUE)",,,Nuit avec éclairage allumé,En agglomération,Hors intersection,Normale,Autre collision,,,,,,,,,,,5,2,1,1,6
200500083112,0005-12-09 07:40:00,5,12,9,7,40,810,65.0,"30, MALROUX (AV. AUGUSTI",,,Crépuscule ou aube,En agglomération,Hors intersection,Pluie légère,Deux véhicules - arrière,,,,,,,,,,,2,2,1,2,2
200500083113,0005-12-16 08:06:00,5,12,16,8,6,810,65.0,"1, JUIN (ALL. ALPHONSE)",,,Crépuscule ou aube,En agglomération,Hors intersection,Normale,Deux véhicules - côté,,,,,,,,,,,2,2,1,1,3
200500083114,0005-12-17 00:20:00,5,12,17,0,20,810,65.0,ROUTE DEPARTEMENTALE 47,,,Nuit sans éclairage public,Hors agglomération,Intersection en X,Pluie légère,Deux véhicules - côté,,,,,,,,,,,3,1,2,2,3