accident_id,datetime,annee,mois,jour,heure,minute,departement,commune_insee,adresse,latitude,longitude,luminosite,agglomeration,intersection,meteo,collision,nb_vehicules,nb_usagers,nb_indemnes,nb_tues,nb_blesses_hosp,nb_blesses_legers,age_cond_1,age_cond_2,veh_type_cond_1,veh_type_cond_2,lum_code,agg_code,int_code,atm_code,col_code
200500083494,0005-12-23 17:55:00,5,12,23,17,55,920,25.0,GABRIEL PERI (RUE),,,Nuit avec éclairage allumé,En agglomération,Intersection en T,Normale,Deux véhicules - côté,,,,,,,,,,,5,2,3,1,3
200500083495,0005-12-29 14:20:00,5,12,29,14,20,920,25.0,GABRIEL PERI (RUE),,,Plein jour,En agglomération,Hors intersection,Normale,Autre collision,,,,,,,,,,,1,2,1,1,6
200500083496,0005-12-29 16:55:00,5,12,29,16,55,920,25.0,PAUL BERT (RUE),,,Crépuscule ou aube,En agglomération,Intersection en T,Normale,Trois véhicules et plus - en chaîne,,,,,,,,,,,2,2,3,1,4
200500083497,0005-12-31 14:45:00,5,12,31,14,45,920,25.0,GENERAL LECLERC (PLACE D,,,Plein jour,En agglomération,Hors intersection,Normale,Autre collision,,,,,,,,,,,1,2,1,1,6
200500083498,0005-12-09 11:45:00,5,12,9,11,45,920,26.0,VERDUN (DE 62 A FIN),,,Plein jour,En agglomération,Intersection en T,Normale,Deux véhicules - côté,,,,,,,,,,,1,2,3,1,3
200500083499,0005-12-09 14:55:00,5,12,9,14,55,920,26.0,"9999999999, VERDUN (DE 6",,,Plein jour,En agglomération,Intersection en T,Normale,Deux véhicules - côté,,,,,,,,,,,1,2,3,1,3
200500083500,0005-12-15 19:50:00,5,12,15,19,50,920,26.0,GAMBETTA,,,Nuit avec éclairage allumé,En agglomération,Hors intersection,Normale,Trois véhicules et plus - en chaîne,,,,,,,,,,,5,2,1,1,4
200500083501,0005-12-06 08:05:00,5,12,6,8,5,920,26.0,MISSION MARCHAND (COTE I,,,Nuit avec éclairage allumé,En agglomération,Intersection en X,Normale,Autre collision,,,,,,,,,,,5,2,2,1,6
200500083502,0005-12-10 09:50:00,5,12,10,9,50,920,26.0,"45, GEORGES CLEMENCEAU",,,Plein jour,En agglomération,Hors intersection,Normale,Autre collision,,,,,,,,,,,1,2,1,1,6
200500083503,0005-12-14 15:40:00,5,12,14,15,40,920,26.0,VERDUN (DE 62 A FIN),,,Plein jour,En agglomération,Intersection en T,Normale,Deux véhicules - côté,,,,,,,,,,,1,2,3,1,3
200500083504,0005-12-22 19:30:00,5,12,22,19,30,920,26.0,MARECHAL JOFFRE (QUAI DU,,,Nuit avec éclairage allumé,En agglomération,Hors intersection,Normale,Trois véhicules et plus - collisions multiples,,,,,,,,,,,5,2,1,1,5
200500083505,0005-12-23 15:30:00,5,12,23,15,30,920,26.0,VERDUN (DE 01 A 61),,,Plein jour,En agglomération,Intersection en T,Normale,Deux véhicules - côté,,,,,,,,,,,1,2,3,1,3
200500083506,0005-12-03 22:10:00,5,12,3,22,10,920,36.0,"à prox 32, GABRIEL PERI",,,Nuit avec éclairage allumé,En agglomération,Hors intersection,Pluie légère,Autre collision,,,,,,,,,,,5,2,1,2,6
200500083507,0005-12-05 08:40:00,5,12,5,8,40,920,36.0,"19, PRINCIPALE DU PORT (",,,Plein jour,En agglomération,Intersection en X,Normale,Deux véhicules - arrière,,,,,,,,,,,1,2,2,1,2
200500083508,0005-12-15 05:50:00,5,12,15,5,50,920,36.0,"19/23, PRINCIPALE DU POR",,,Nuit avec éclairage allumé,En agglomération,Intersection en X,Normale,Deux véhicules - côté,,,,,,,,,,,5,2,2,1,3
200500083509,0005-12-19 18:30:00,5,12,19,18,30,920,36.0,"2, CAMELINAT (BOULEVARD)",,,Nuit avec éclairage allumé,En agglomération,Intersection en X,Normale,Deux véhicules - côté,,,,,,,,,,,5,2,2,1,3
200500083510,0005-12-22 11:30:00,5,12,22,11,30,920,36.0,"0, GENEAL DE GAULLE (AVE",,,Plein jour,En agglomération,Intersection en T,Normale,Deux véhicules - arrière,,,,,,,,,,,1,2,3,1,2
200500083511,0005-12-22 17:50:00,5,12,22,17,50,920,36.0,"0, JEAN JAURES (RUE) (35",,,Nuit avec éclairage allumé,En agglomération,Hors intersection,Normale,Autre collision,,,,,,,,,,,5,2,1,1,6
200500083512,0005-12-02 15:10:00,5,12,2,15,10,920,40.0,"108, GALLIENI (BOULEVARD",,,Plein jour,En agglomération,Hors intersection,Temps couvert,Autre collision,,,,,,,,,,,1,2,1,8,6
200500083513,0005-12-04 19:40:00,5,12,4,19,40,920,40.0,"24, FERDINAND BUISSON",,,Nuit avec éclairage allumé,En agglomération,Hors intersection,Pluie légère,Autre collision,,,,,,,,,,,5,2,1,2,6
200500083514,0005-12-06 19:55:00,5,12,6,19,55,920,40.0,"50, GALLIENI (BOULEVARD)",,,Nuit avec éclairage allumé,En agglomération,Hors intersection,Normale,Autre collision,,,,,,,,,,,5,2,1,1,6
200500083515,0005-12-07 12:30:00,5,12,7,12,30,920,40.0,"6, ROUGET DE L'ISLE",,,Plein jour,En agglomération,Hors intersection,Normale,Autre collision,,,,,,,,,,,1,2,1,1,6
200500083516,0005-12-07 13:45:00,5,12,7,13,45,920,40.0,"7, GOUVERNEUR GAL EBOUE",,,Plein jour,En agglomération,Hors intersection,Normale,Deux véhicules - arrière,,,,,,,,,,,1,2,1,1,2
200500083517,0005-12-14 20:50:00,5,12,14,20,50,920,40.0,DANTON,,,Nuit avec éclairage allumé,En agglomération,Intersection en T,Normale,Deux véhicules - côté,,,,,,,,,,,5,2,3,1,3
200500083518,0005-12-17 18:30:00,5,12,17,18,30,920,40.0,"257, STALINGRAD (QUAI DE",,,Nuit avec éclairage allumé,En agglomération,Hors intersection,Normale,Autre collision,,,,,,,,,,,5,2,1,1,6
200500083519,0005-12-21 09:20:00,5,12,21,9,20,920,40.0,"13, ETIENNE DOLET",,,Plein jour,En agglomération,Hors intersection,Temps couvert,Autre collision,,,,,,,,,,,1,2,1,8,6
200500083520,0005-12-02 15:45:00,5,12,2,15,45,920,44.0,"151, JEAN JAURES(RUE)101",,,Plein jour,En agglomération,Hors intersection,Pluie légère,Deux véhicules - côté,,,,,,,,,,,1,2,1,2,3
200500083521,0005-12-03 15:55:00,5,12,3,15,55,920,44.0,"92, VIC. HUGO(RUE)077A08",,,Plein jour,En agglomération,Hors intersection,Pluie légère,Autre collision,,,,,,,,,,,1,2,1,2,6
200500083522,0005-12-05 12:15:00,5,12,5,12,15,920,44.0,"35, BAUDIN (RUE) 27A83 E",,,Plein jour,En agglomération,Intersection en X,Normale,Deux véhicules - côté,,,,,,,,,,,1,2,2,1,3
200500083523,0005-12-13 11:15:00,5,12,13,11,15,920,44.0,"32, VIC. HUGO(RUE)001A06",,,Plein jour,En agglomération,Intersection en X,Temps couvert,Autre collision,,,,,,,,,,,1,2,2,8,6
200500083524,0005-12-13 15:55:00,5,12,13,15,55,920,44.0,"75, PDT WILSON(RUE)51A75",,,Plein jour,En agglomération,Hors intersection,Normale,Autre collision,,,,,,,,,,,1,2,1,1,6
200500083525,0005-12-16 15:15:00,5,12,16,15,15,920,44.0,"164, VIC. HUGO(RUE)115A1",,,Plein jour,En agglomération,Intersection en T,Pluie légère,Deux véhicules - côté,,,,,,,,,,,1,2,3,2,3
200500083526,0005-12-23 16:45:00,5,12,23,16,45,920,44.0,"1, MARIUS AUFAN(RUE) 1A6",,,Plein jour,En agglomération,Intersection en X,Normale,Deux véhicules - côté,,,,,,,,,,,1,2,2,1,3
200500083527,0005-12-24 17:50:00,5,12,24,17,50,920,44.0,"0, P.V.COUTURIER(RUE)65A",,,Plein jour,En agglomération,Intersection en X,Normale,Deux véhicules - côté,,,,,,,,,,,1,2,2,1,3
200500083528,0005-12-15 18:30:00,5,12,15,18,30,920,48.0,"., CAPUCINS (RUE DES) N°",,,Nuit avec éclairage allumé,En agglomération,Place,Normale,Deux véhicules - côté,,,,,,,,,,,5,2,7,1,3
200500083529,0005-12-06 07:55:00,5,12,6,7,55,920,49.0,"1, BROSSOLETTE AVENUE PI",,,Crépuscule ou aube,En agglomération,Hors intersection,Normale,Deux véhicules - arrière,,,,,,,,,,,2,2,1,1,2
200500083530,0005-12-06 13:20:00,5,12,6,13,20,920,49.0,"30, PERI RUE GABRIEL N°2",,,Plein jour,En agglomération,Intersection en T,Normale,Deux véhicules - côté,,,,,,,,,,,1,2,3,1,3
200500083531,0005-12-07 14:53:00,5,12,7,14,53,920,49.0,"32, REPUBLIQUE AVENUE DE",,,Plein jour,En agglomération,Hors intersection,Normale,Autre collision,,,,,,,,,,,1,2,1,1,6
200500083532,0005-12-07 17:55:00,5,12,7,17,55,920,49.0,"2, PELLETAN RUE CAMILLE",,,Crépuscule ou aube,En agglomération,Hors intersection,Normale,Autre collision,,,,,,,,,,,2,2,1,1,6
200500083533,0005-12-11 12:50:00,5,12,11,12,50,920,20.0,"24, PARIS AVENUE DE N° I",,,Plein jour,En agglomération,Intersection en X,Normale,Sans collision,,,,,,,,,,,1,2,2,1,7
200500083534,0005-12-20 13:15:00,5,12,20,13,15,920,49.0,"123, BROSSOLETTE AVENUE",,,Plein jour,En agglomération,Intersection en X,Normale,Trois véhicules et plus - collisions multiples,,,,,,,,,,,1,2,2,1,5
200500083535,0005-12-20 20:00:00,5,12,20,20,0,920,49.0,"78, PERI RUE GABRIEL N°3",,,Nuit avec éclairage allumé,En agglomération,Hors intersection,Normale,Autre collision,,,,,,,,,,,5,2,1,1,6
200500083536,0005-12-20 23:50:00,5,12,20,23,50,920,49.0,"55, PERI RUE GABRIEL N°3",,,Nuit avec éclairage allumé,En agglomération,Hors intersection,Normale,Autre collision,,,,,,,,,,,5,2,1,1,6
200500083537,0005-12-22 16:05:00,5,12,22,16,5,920,49.0,"112, BRIAND AVENUE ARIST",,,Plein jour,En agglomération,Hors intersection,Normale,Deux véhicules - côté,,,,,,,,,,,1,2,1,1,3
200500083538,0005-12-23 18:15:00,5,12,23,18,15,920,49.0,"122, JAURES AVENUE JEAN",,,Crépuscule ou aube,En agglomération,Intersection en X,Normale,Deux véhicules - arrière,,,,,,,,,,,2,2,2,1,2
200500083539,0005-12-04 18:15:00,5,12,4,18,15,920,63.0,rue Haby Sommer,,,Crépuscule ou aube,En agglomération,Intersection en X,Pluie légère,Deux véhicules - côté,,,,,,,,,,,2,2,2,2,3
200500083540,0005-12-09 18:30:00,5,12,9,18,30,920,50.0,VAILLANT COUTURIER PAUL,,,Crépuscule ou aube,En agglomération,Hors intersection,Normale,Autre collision,,,,,,,,,,,2,2,1,1,6
200500083541,0005-12-09 07:55:00,5,12,9,7,55,920,50.0,"119, FONTANOT RUE DES TR",,,Crépuscule ou aube,En agglomération,Hors intersection,Normale,Sans collision,,,,,,,,,,,2,2,1,1,7
200500083542,0005-12-09 17:30:00,5,12,9,17,30,920,50.0,CLEMENCEAU GEORGES AVENU,,,Crépuscule ou aube,En agglomération,Hors intersection,Normale,Deux véhicules - côté,,,,,,,,,,,2,2,1,1,3
200500083543,0005-12-01 13:45:00,5,12,1,13,45,920,50.0,"26, LEMAITRE THOMAS RUE",,,Plein jour,En agglomération,Hors intersection,Normale,Autre collision,,,,,,,,,,,1,2,1,1,6
200500083544,0005-12-13 18:10:00,5,12,13,18,10,920,50.0,"227, CLEMENCEAU GEORGES",,,Crépuscule ou aube,En agglomération,Hors intersection,Normale,Trois véhicules et plus - collisions multiples,,,,,,,,,,,2,2,1,1,5
200500083545,0005-12-14 12:25:00,5,12,14,12,25,920,50.0,"177, JOILIOT CURIE F. ET",,,Plein jour,En agglomération,Hors intersection,Pluie légère,Sans collision,,,,,,,,,,,1,2,1,2,7
200500083546,0005-12-04 12:10:00,5,12,4,12,10,920,50.0,POINCARE RAYMOND RUE,,,Plein jour,En agglomération,Intersection en T,Normale,Deux véhicules - arrière,,,,,,,,,,,1,2,3,1,2
200500083547,0005-12-29 14:20:00,5,12,29,14,20,920,50.0,"3, GOULVENTS RUE DES",,,Plein jour,En agglomération,Hors intersection,Normale,Sans collision,,,,,,,,,,,1,2,1,1,7
200500083548,0005-12-03 11:15:00,5,12,3,11,15,920,51.0,"25, GRAVIERS (RUE DES)",,,Plein jour,En agglomération,Hors intersection,Normale,Deux véhicules - côté,,,,,,,,,,,1,2,1,1,3
200500083549,0005-12-07 17:21:00,5,12,7,17,21,920,51.0,"33, CHARLES DE GAULLE (A",,,Nuit avec éclairage allumé,En agglomération,Hors intersection,Normale,Deux véhicules - côté,,,,,,,,,,,5,2,1,1,3
200500083550,0005-12-08 19:10:00,5,12,8,19,10,920,51.0,"41, GENERAL LECLERC (BOU",,,Nuit avec éclairage allumé,En agglomération,Hors intersection,Pluie légère,Deux véhicules - arrière,,,,,,,,,,,5,2,1,2,2
200500083551,0005-12-10 13:15:00,5,12,10,13,15,920,51.0,"21, ARGENSON (BOULEVARD,",,,Plein jour,En agglomération,Hors intersection,Normale,Deux véhicules - frontale,,,,,,,,,,,1,2,1,1,1
200500083552,0005-12-11 10:55:00,5,12,11,10,55,920,51.0,"70, CHARLES DE GAULLE (A",,,Plein jour,En agglomération,Intersection en X,Normale,Sans collision,,,,,,,,,,,1,2,2,1,7
200500083553,0005-12-11 13:31:00,5,12,11,13,31,920,51.0,"88/90, MAURICE BARRES (B",,,Plein jour,En agglomération,Hors intersection,Normale,Autre collision,,,,,,,,,,,1,2,1,1,6
200500083554,0005-12-14 19:10:00,5,12,14,19,10,920,51.0,"225, CHARLES DE GAULLE (",,,Nuit avec éclairage allumé,En agglomération,Hors intersection,Normale,Trois véhicules et plus - en chaîne,,,,,,,,,,,5,2,1,1,4
200500083555,0005-12-19 09:10:00,5,12,19,9,10,920,51.0,"115, CHARLES DE GAULLE (",,,Plein jour,En agglomération,Hors intersection,Pluie légère,Deux véhicules - côté,,,,,,,,,,,1,2,1,2,3
200500083556,0005-12-24 10:41:00,5,12,24,10,41,920,51.0,"168, MADRID (AVENUE DE)",,,Plein jour,En agglomération,Hors intersection,Normale,Deux véhicules - côté,,,,,,,,,,,1,2,1,1,3
200500083557,0005-12-26 18:00:00,5,12,26,18,0,920,51.0,"133, BINEAU (BOULEVARD,",,,Nuit avec éclairage allumé,En agglomération,Hors intersection,Pluie légère,Sans collision,,,,,,,,,,,5,2,1,2,7
200500083558,0005-12-27 18:40:00,5,12,27,18,40,920,51.0,"47, CHARCOT (RUE)",,,Nuit avec éclairage allumé,En agglomération,Hors intersection,Normale,Autre collision,,,,,,,,,,,5,2,1,1,6
200500083559,0005-12-31 10:40:00,5,12,31,10,40,920,51.0,"149, ACHILLE PERETTI (AV",,,Plein jour,En agglomération,Hors intersection,Normale,Sans collision,,,,,,,,,,,1,2,1,1,7
200500083560,0005-12-30 20:20:00,5,12,30,20,20,920,62.0,"01, STALINGRAD (PLACE)",,,Nuit avec éclairage allumé,En agglomération,Intersection en Y,Pluie légère,Autre collision,,,,,,,,,,,5,2,4,2,6
200500083561,0005-12-28 18:17:00,5,12,28,18,17,920,50.0,"0, PLACE PLAIN CHAMP",,,Nuit avec éclairage allumé,En agglomération,Intersection à plus de 4 branches,Neige / grêle,Deux véhicules - côté,,,,,,,,,,,5,2,5,4,3
200500083562,0005-12-04 13:15:00,5,12,4,13,15,920,62.0,"73, GENERAL DE GAULLE (A",,,Plein jour,En agglomération,Hors intersection,Pluie légère,Trois véhicules et plus - en chaîne,,,,,,,,,,,1,2,1,2,4
200500083563,0005-12-06 12:00:00,5,12,6,12,0,920,62.0,"133, REPUBLIQUE (RUE DE",,,Plein jour,En agglomération,Hors intersection,Normale,Deux véhicules - côté,,,,,,,,,,,1,2,1,1,3
200500083564,0005-12-08 12:55:00,5,12,8,12,55,920,62.0,"04 bis, EICHENBERGER (RU",,,Plein jour,En agglomération,Hors intersection,Normale,Autre collision,,,,,,,,,,,1,2,1,1,6
200500083565,0005-12-11 07:45:00,5,12,11,7,45,920,62.0,"0, GENERAL DE GAULLE (AV",,,Nuit avec éclairage allumé,En agglomération,Hors intersection,Normale,Sans collision,,,,,,,,,,,5,2,1,1,7
200500083566,0005-12-11 10:50:00,5,12,11,10,50,920,62.0,"0, GENERAL DE GAULLE (AV",,,Plein jour,En agglomération,Intersection en X,Normale,Deux véhicules - côté,,,,,,,,,,,1,2,2,1,3
200500083567,0005-12-14 15:30:00,5,12,14,15,30,920,62.0,"0, DE DION BOUTON (QUAI)",,,Plein jour,En agglomération,Intersection en X,Normale,Deux véhicules - côté,,,,,,,,,,,1,2,2,1,3
200500083568,0005-12-15 17:15:00,5,12,15,17,15,920,62.0,"17, WALLACE (BD RICHARD)",,,Nuit avec éclairage allumé,En agglomération,Intersection en X,Normale,Autre collision,,,,,,,,,,,5,2,2,1,6
200500083569,0005-12-19 20:30:00,5,12,19,20,30,920,62.0,"0, JAURES (RUE JEAN) DU",,,Nuit avec éclairage allumé,En agglomération,Intersection en X,Pluie légère,Deux véhicules - arrière,,,,,,,,,,,5,2,2,2,2
200500083570,0005-12-21 03:00:00,5,12,21,3,0,920,62.0,"07, DE DION BOUTON (QUAI",,,Nuit avec éclairage allumé,En agglomération,Hors intersection,Normale,Autre collision,,,,,,,,,,,5,2,1,1,6
200500083571,0005-12-22 18:35:00,5,12,22,18,35,920,62.0,"17, DE DION BOUTON (QUAI",,,Nuit avec éclairage allumé,En agglomération,Hors intersection,Normale,Deux véhicules - arrière,,,,,,,,,,,5,2,1,1,2
200500083572,0005-12-23 11:10:00,5,12,23,11,10,920,62.0,"0, GENERAL DE GAULLE (AV",,,Plein jour,En agglomération,Intersection en T,Normale,Deux véhicules - côté,,,,,,,,,,,1,2,3,1,3
200500083573,0005-12-01 11:50:00,5,12,1,11,50,920,63.0,"Néant, BELLE RIVE (BOULE",,,Plein jour,En agglomération,Intersection en X,Normale,Autre collision,,,,,,,,,,,1,2,2,1,6
200500083574,0005-12-05 07:35:00,5,12,5,7,35,920,63.0,"39, HUGO (AVENUE VICTOR)",,,Crépuscule ou aube,Hors agglomération,Intersection en X,Pluie légère,Trois véhicules et plus - collisions multiples,,,,,,,,,,,2,1,2,2,5
200500083575,0005-12-05 12:05:00,5,12,5,12,5,920,63.0,"neant, HOPITAL STELL (BO",,,Plein jour,En agglomération,Hors intersection,Normale,Deux véhicules - arrière,,,,,,,,,,,1,2,1,1,2
200500083576,0005-12-26 17:55:00,5,12,26,17,55,920,63.0,"néant, COLMAR (AVENUE DE",,,Nuit avec éclairage allumé,En agglomération,Intersection en X,Pluie légère,Autre collision,,,,,,,,,,,5,2,2,2,6
200500083577,0005-12-17 15:50:00,5,12,17,15,50,920,63.0,"Néant, GARDES SUISSES (A",,,Plein jour,En agglomération,Hors intersection,Normale,Autre collision,,,,,,,,,,,1,2,1,1,6
200500083578,0005-12-17 20:40:00,5,12,17,20,40,920,63.0,"168, DOUMER (AVENUE PAUL",,,Nuit avec éclairage allumé,En agglomération,Hors intersection,Normale,Autre collision,,,,,,,,,,,5,2,1,1,6
200500083579,0005-12-18 09:10:00,5,12,18,9,10,920,63.0,"Néant, CHATOU (PONT DE)",,,Plein jour,En agglomération,Intersection en X,Normale,Deux véhicules - côté,,,,,,,,,,,1,2,2,1,3
200500083580,0005-12-05 10:30:00,5,12,5,10,30,920,64.0,"51, MONT VALERIEN",,,Plein jour,En agglomération,Hors intersection,Normale,Deux véhicules - côté,,,,,,,,,,,1,2,1,1,3
200500083581,0005-12-07 08:25:00,5,12,7,8,25,920,33.0,"23, DIX NEUF JANVIER",,,Crépuscule ou aube,En agglomération,Hors intersection,Normale,Deux véhicules - arrière,,,,,,,,,,,2,2,1,1,2
200500083582,0005-12-10 18:20:00,5,12,10,18,20,920,76.0,REPUBLIQUE,,,Nuit avec éclairage allumé,En agglomération,Hors intersection,Brouillard / fumée,Autre collision,,,,,,,,,,,5,2,1,5,6
200500083583,0005-12-26 22:45:00,5,12,26,22,45,920,33.0,"10, GENERAL DE GAULLE",,,Nuit avec éclairage allumé,En agglomération,Hors intersection,Normale,Autre collision,,,,,,,,,,,5,2,1,1,6
200500083584,0005-12-05 09:40:00,5,12,5,9,40,920,48.0,"08, rue Bussière",,,Plein jour,En agglomération,Hors intersection,Normale,Deux véhicules - frontale,,,,,,,,,,,1,2,1,1,1
200500083585,0005-12-08 11:10:00,5,12,8,11,10,920,22.0,"1383, SALENGRO (AVENUE R",,,Plein jour,En agglomération,Hors intersection,Normale,Autre collision,,,,,,,,,,,1,2,1,1,6
200500083586,0005-12-05 07:50:00,5,12,5,7,50,920,73.0,WASHINGTON (BOULEVARD),,,Crépuscule ou aube,En agglomération,Intersection à plus de 4 branches,Normale,Deux véhicules - côté,,,,,,,,,,,2,2,5,1,3
200500083587,0005-12-14 14:45:00,5,12,14,14,45,920,73.0,"14, MERLIN-DE-THIONVILLE",,,Plein jour,En agglomération,Hors intersection,Normale,Deux véhicules - côté,,,,,,,,,,,1,2,1,1,3
200500083588,0005-12-10 19:15:00,5,12,10,19,15,920,73.0,JAURES (AVENUE JEAN),,,Nuit avec éclairage allumé,En agglomération,Hors intersection,Normale,Deux véhicules - côté,,,,,,,,,,,5,2,1,1,3
200500083589,0005-12-21 16:15:00,5,12,21,16,15,920,73.0,"66, JAURES (AVENUE JEAN)",,,Plein jour,En agglomération,Intersection en T,Pluie légère,Autre collision,,,,,,,,,,,1,2,3,2,6
200500083590,0005-12-22 16:35:00,5,12,22,16,35,920,73.0,"40, ROOSVELT (AVENUE FRA",,,Nuit avec éclairage allumé,En agglomération,Hors intersection,Normale,Deux véhicules - arrière,,,,,,,,,,,5,2,1,1,2
200500083591,0005-12-23 19:20:00,5,12,23,19,20,920,73.0,"43, BAS ROGERS (RUE DES)",,,Nuit avec éclairage allumé,En agglomération,Intersection en X,Normale,Deux véhicules - côté,,,,,,,,,,,5,2,2,1,3
200500083592,0005-12-03 16:45:00,5,12,3,16,45,920,46.0,"1, RUE JEAN LURCAT",,,Crépuscule ou aube,En agglomération,Hors intersection,Temps couvert,Deux véhicules - côté,,,,,,,,,,,2,2,1,8,3
200500083593,0005-12-17 11:25:00,5,12,17,11,25,920,46.0,PAUL BERT (RUE),,,Plein jour,En agglomération,Intersection en X,Normale,Deux véhicules - côté,,,,,,,,,,,1,2,2,1,3
200500083594,0005-12-30 12:50:00,5,12,30,12,50,920,46.0,"2, Charles de gaulle",,,Plein jour,En agglomération,Hors intersection,Neige / grêle,Autre collision,,,,,,,,,,,1,2,1,4,6
200500083595,0005-12-31 19:30:00,5,12,31,19,30,920,46.0,"-, CAMELINAT",,,Nuit avec éclairage allumé,En agglomération,Intersection en X,Pluie légère,Trois véhicules et plus - collisions multiples,,,,,,,,,,,5,2,2,2,5
200500083596,0005-12-02 18:48:00,5,12,2,18,48,920,78.0,"204, GALLIENI (BD) (154",,,Nuit avec éclairage allumé,En agglomération,Hors intersection,Normale,Autre collision,,,,,,,,,,,5,2,1,1,6
200500083597,0005-12-16 15:10:00,5,12,16,15,10,920,78.0,"1, MARECHAL LECLERC (AVE",,,Plein jour,En agglomération,Hors intersection,Pluie légère,Deux véhicules - arrière,,,,,,,,,,,1,2,1,2,2
200500083598,0005-12-02 04:00:00,5,12,2,4,0,920,62.0,BOULEVARD CIRCULAIRE,,,Nuit avec éclairage allumé,En agglomération,Hors intersection,Pluie forte,Autre collision,,,,,,,,,,,5,2,1,3,6
200500083599,0005-12-06 15:50:00,5,12,6,15,50,920,62.0,"1, MICHELET (RUE)",,,Plein jour,En agglomération,Hors intersection,Normale,Sans collision,,,,,,,,,,,1,2,1,1,7
200500083600,0005-12-11 13:25:00,5,12,11,13,25,920,62.0,"3, JEAN MOULIN (AVENUE)",,,Plein jour,En agglomération,Hors intersection,Normale,Deux véhicules - arrière,,,,,,,,,,,1,2,1,1,2
200500083601,0005-12-18 04:30:00,5,12,18,4,30,920,26.0,BOULEVARD CIRCULAIRE,,,Nuit avec éclairage allumé,En agglomération,Hors intersection,Normale,Deux véhicules - côté,,,,,,,,,,,5,2,1,1,3
200500083602,0005-12-05 14:02:00,5,12,5,14,2,930,1.0,"105, JEAN JAURES (AVE) 5",,,Plein jour,En agglomération,Hors intersection,Normale,Autre collision,,,,,,,,,,,1,2,1,1,6
200500083603,0005-12-08 10:30:00,5,12,8,10,30,930,1.0,"X, REPUBLIQUE (AVE DE LA",,,Plein jour,En agglomération,Hors intersection,Temps couvert,Autre collision,,,,,,,,,,,1,2,1,8,6
200500083604,0005-12-10 12:45:00,5,12,10,12,45,930,1.0,", REPUBLIQUE (AVE DE LA",,,Plein jour,En agglomération,Intersection en X,Normale,Deux véhicules - frontale,,,,,,,,,,,1,2,2,1,1
200500083605,0005-12-15 23:50:00,5,12,15,23,50,930,1.0,"73, JEAN JAURES (AVE) 55",,,Nuit avec éclairage allumé,En agglomération,Hors intersection,Normale,Sans collision,,,,,,,,,,,5,2,1,1,7
200500083606,0005-12-23 18:30:00,5,12,23,18,30,930,1.0,DANIELLE CASANOVA (RUE),,,Nuit avec éclairage allumé,En agglomération,Intersection en X,Normale,Deux véhicules - côté,,,,,,,,,,,5,2,2,1,3
200500083607,0005-12-29 09:05:00,5,12,29,9,5,930,1.0,"10, WALDECK ROCHET (RUE)",,,Plein jour,En agglomération,Hors intersection,Normale,Autre collision,,,,,,,,,,,1,2,1,1,6
200500083608,0005-12-01 11:00:00,5,12,1,11,0,930,5.0,"NEANT, ARTHUR CHEVALIER",,,Plein jour,En agglomération,Intersection en X,Normale,Deux véhicules - côté,,,,,,,,,,,1,2,2,1,3
200500083609,0005-12-03 11:20:00,5,12,3,11,20,930,5.0,PAUL CEZANNE (RUE),,,Plein jour,En agglomération,Hors intersection,Temps couvert,Trois véhicules et plus - en chaîne,,,,,,,,,,,1,2,1,8,4
200500083610,0005-12-04 21:40:00,5,12,4,21,40,930,5.0,"néant, GENERAL DE GAULLE",,,Nuit avec éclairage allumé,En agglomération,Hors intersection,Pluie légère,Autre collision,,,,,,,,,,,5,2,1,2,6
200500083611,0005-12-04 20:50:00,5,12,4,20,50,930,5.0,RAOUL DUFY (AVENUE),,,Nuit avec éclairage allumé,En agglomération,Hors intersection,Normale,Trois véhicules et plus - en chaîne,,,,,,,,,,,5,2,1,1,4
200500083612,0005-12-05 20:00:00,5,12,5,20,0,930,5.0,"95, CAMILLE PELLETAN (RU",,,Nuit avec éclairage allumé,En agglomération,Hors intersection,Normale,Deux véhicules - frontale,,,,,,,,,,,5,2,1,1,1
200500083613,0005-12-06 13:00:00,5,12,6,13,0,930,5.0,"nénat, PREFET CHALEIL (C",,,Plein jour,En agglomération,Hors intersection,Normale,Deux véhicules - côté,,,,,,,,,,,1,2,1,1,3
200500083614,0005-12-07 17:10:00,5,12,7,17,10,930,5.0,"NEANT, NONNEVILLE (AVENU",,,Nuit avec éclairage allumé,En agglomération,Intersection en X,Normale,Deux véhicules - côté,,,,,,,,,,,5,2,2,1,3
200500083615,0005-12-13 18:15:00,5,12,13,18,15,930,5.0,"NEANT, DANTON (RUE)",,,Nuit avec éclairage allumé,En agglomération,Intersection en X,Normale,Deux véhicules - côté,,,,,,,,,,,5,2,2,1,3
200500083616,0005-12-14 21:20:00,5,12,14,21,20,930,5.0,"63, CHARLES FLOQUET (BOU",,,Nuit avec éclairage allumé,En agglomération,Hors intersection,Normale,Autre collision,,,,,,,,,,,5,2,1,1,6
200500083617,0005-12-17 14:05:00,5,12,17,14,5,930,5.0,CHARLES DE GAULLE [CD115,,,Plein jour,En agglomération,Hors intersection,Normale,Autre collision,,,,,,,,,,,1,2,1,1,6
200500083618,0005-12-17 21:35:00,5,12,17,21,35,930,5.0,"6, NONNEVILLE (AVENUE DE",,,Nuit avec éclairage allumé,En agglomération,Hors intersection,Normale,Deux véhicules - arrière,,,,,,,,,,,5,2,1,1,2