accident_id,datetime,annee,mois,jour,heure,minute,departement,commune_insee,adresse,latitude,longitude,luminosite,agglomeration,intersection,meteo,collision,nb_vehicules,nb_usagers,nb_indemnes,nb_tues,nb_blesses_hosp,nb_blesses_legers,age_cond_1,age_cond_2,veh_type_cond_1,veh_type_cond_2,lum_code,agg_code,int_code,atm_code,col_code
200500083619,0005-12-20 21:50:00,5,12,20,21,50,930,5.0,"05, NONNEVILLE (AVENUE D",,,Nuit avec éclairage allumé,En agglomération,Hors intersection,Pluie légère,Autre collision,,,,,,,,,,,5,2,1,2,6
200500083620,0005-12-20 18:00:00,5,12,20,18,0,930,5.0,"24, SEVRAN (CD44) (RUE D",,,Nuit avec éclairage allumé,En agglomération,Hors intersection,Normale,Deux véhicules - côté,,,,,,,,,,,5,2,1,1,3
200500083621,0005-12-21 07:00:00,5,12,21,7,0,930,5.0,LOUIS ARMAND (CARREFOUR),,,Nuit avec éclairage allumé,En agglomération,Intersection en X,Normale,Deux véhicules - côté,,,,,,,,,,,5,2,2,1,3
200500083622,0005-12-02 10:00:00,5,12,2,10,0,930,7.0,"182, PASTEUR (AVENUE)",,,Plein jour,En agglomération,Intersection en T,Pluie légère,Autre collision,,,,,,,,,,,1,2,3,2,6
200500083623,0005-12-03 18:05:00,5,12,3,18,5,930,7.0,QUEBEC (AVENUE DU),,,Nuit avec éclairage allumé,En agglomération,Intersection en X,Pluie légère,Deux véhicules - côté,,,,,,,,,,,5,2,2,2,3
200500083624,0005-12-09 08:00:00,5,12,9,8,0,930,7.0,YVAN PAVLOV (RUE),,,Nuit avec éclairage allumé,En agglomération,Intersection en T,Pluie légère,Deux véhicules - côté,,,,,,,,,,,5,2,3,2,3
200500083625,0005-12-15 18:35:00,5,12,15,18,35,930,7.0,"""REPUBLIQUE (AVENUE DE L",,,Nuit avec éclairage allumé,En agglomération,Intersection en T,Normale,Deux véhicules - côté,,,,,,,,,,,5,2,3,1,3
200500083626,0005-12-19 13:50:00,5,12,19,13,50,930,7.0,"147, CHARLES FLOQUET (AV",,,Plein jour,En agglomération,Hors intersection,Pluie légère,Deux véhicules - côté,,,,,,,,,,,1,2,1,2,3
200500083627,0005-12-19 19:50:00,5,12,19,19,50,930,7.0,"78, ARISTIDE BRIAND (AVE",,,Nuit avec éclairage allumé,En agglomération,Intersection en T,Pluie légère,Deux véhicules - côté,,,,,,,,,,,5,2,3,2,3
200500083628,0005-12-15 11:00:00,5,12,15,11,0,930,7.0,"37, PAUL LANGEVIN (RUE)",,,Plein jour,En agglomération,Intersection en X,Normale,Autre collision,,,,,,,,,,,1,2,2,1,6
200500083629,0005-12-01 10:15:00,5,12,1,10,15,930,8.0,DIVISION LECLERC (AVENUE,,,Plein jour,En agglomération,Hors intersection,Normale,Deux véhicules - arrière,,,,,,,,,,,1,2,1,1,2
200500083630,0005-12-06 20:30:00,5,12,6,20,30,930,8.0,FOLIE (CARREFOUR DE LA),,,Nuit avec éclairage allumé,En agglomération,Intersection en X,Pluie légère,Deux véhicules - côté,,,,,,,,,,,5,2,2,2,3
200500083631,0005-12-07 09:55:00,5,12,7,9,55,930,8.0,SEMARD (AVENUE PIERRE),,,Plein jour,En agglomération,Hors intersection,Temps couvert,Autre collision,,,,,,,,,,,1,2,1,8,6
200500083632,0005-12-10 13:40:00,5,12,10,13,40,930,8.0,CHEMIN VERT (RUE DU),,,Plein jour,En agglomération,Hors intersection,Normale,Deux véhicules - côté,,,,,,,,,,,1,2,1,1,3
200500083633,0005-12-14 16:00:00,5,12,14,16,0,930,8.0,"26-28, JAURES (AVENUE JE",,,Plein jour,En agglomération,Autre intersection,Pluie légère,Deux véhicules - arrière,,,,,,,,,,,1,2,9,2,2
200500083634,0005-12-14 15:00:00,5,12,14,15,0,930,8.0,"53, BARBUSSE (AVENUE HEN",,,Plein jour,En agglomération,Hors intersection,Pluie légère,Sans collision,,,,,,,,,,,1,2,1,2,7
200500083635,0005-12-15 16:10:00,5,12,15,16,10,930,8.0,"., SEMARD (AVENUE PIERRE",,,Plein jour,En agglomération,Giratoire,Temps couvert,Deux véhicules - côté,,,,,,,,,,,1,2,6,8,3
200500083636,0005-12-18 23:05:00,5,12,18,23,5,930,8.0,VAILLANT COUTURIER (AVEN,,,Nuit avec éclairage allumé,En agglomération,Hors intersection,Normale,Deux véhicules - arrière,,,,,,,,,,,5,2,1,1,2
200500083637,0005-12-20 11:25:00,5,12,20,11,25,930,8.0,TAILLEFERRE (RUE GERMAIN,,,Plein jour,En agglomération,Intersection en T,Normale,Autre collision,,,,,,,,,,,1,2,3,1,6
200500083638,0005-12-21 02:20:00,5,12,21,2,20,930,8.0,"2, ALLENDE (AVE DU P. SA",,,Nuit avec éclairage allumé,En agglomération,Hors intersection,Normale,Autre collision,,,,,,,,,,,5,2,1,1,6
200500083639,0005-12-22 18:15:00,5,12,22,18,15,930,8.0,"4, HUATS (RUE DES)",,,Nuit avec éclairage allumé,En agglomération,Hors intersection,Normale,Autre collision,,,,,,,,,,,5,2,1,1,6
200500083640,0005-12-23 11:10:00,5,12,23,11,10,930,8.0,JAURES (AVENUE JEAN),,,Plein jour,En agglomération,Hors intersection,Normale,Autre collision,,,,,,,,,,,1,2,1,1,6
200500083641,0005-12-26 14:00:00,5,12,26,14,0,930,8.0,", SEMARD (AVENUE PIERRE)",,,Plein jour,En agglomération,Hors intersection,Pluie légère,Autre collision,,,,,,,,,,,1,2,1,2,6
200500083642,0005-12-04 08:10:00,5,12,4,8,10,930,57.0,"15, JAURES (AV. JEAN) 1",,,Crépuscule ou aube,En agglomération,Hors intersection,Normale,Autre collision,,,,,,,,,,,2,2,1,1,6
200500083643,0005-12-07 13:05:00,5,12,7,13,5,930,10.0,LATTRE DE TASSIGNY (AV.,,,Plein jour,En agglomération,Hors intersection,Normale,Autre collision,,,,,,,,,,,1,2,1,1,6
200500083644,0005-12-10 15:10:00,5,12,10,15,10,930,10.0,PASTEUR (AV.),,,Plein jour,En agglomération,Intersection en X,Normale,Trois véhicules et plus - en chaîne,,,,,,,,,,,1,2,2,1,4
200500083645,0005-12-15 08:00:00,5,12,15,8,0,930,57.0,"30-32, THOMAS (AV. ALBER",,,Plein jour,En agglomération,Hors intersection,Normale,Autre collision,,,,,,,,,,,1,2,1,1,6
200500083646,0005-12-20 08:50:00,5,12,20,8,50,930,10.0,"23, GUESDES (RUE JULES)",,,Plein jour,En agglomération,Intersection en T,Brouillard / fumée,Autre collision,,,,,,,,,,,1,2,3,5,6
200500083647,0005-12-01 16:45:00,5,12,1,16,45,930,27.0,"00, SALENGRO (AVENUE ROG",,,Plein jour,En agglomération,Hors intersection,Normale,Autre collision,,,,,,,,,,,1,2,1,1,6
200500083648,0005-12-03 18:15:00,5,12,3,18,15,930,13.0,"1, LECLERC (AVENU DE LA",,,Nuit avec éclairage allumé,En agglomération,Hors intersection,Pluie légère,Deux véhicules - arrière,,,,,,,,,,,5,2,1,2,2
200500083649,0005-12-04 07:50:00,5,12,4,7,50,930,13.0,LECLERC (AVENU DE LA DIV,,,Nuit avec éclairage allumé,Hors agglomération,Giratoire,Pluie légère,Autre collision,,,,,,,,,,,5,1,6,2,6
200500083650,0005-12-04 11:10:00,5,12,4,11,10,930,27.0,LENINE (AVENUE),,,Plein jour,En agglomération,Intersection en T,Pluie forte,Deux véhicules - côté,,,,,,,,,,,1,2,3,3,3
200500083651,0005-12-15 22:55:00,5,12,15,22,55,930,13.0,"28, LECLERC (AVENU DE LA",,,Nuit avec éclairage allumé,En agglomération,Intersection en X,Normale,Autre collision,,,,,,,,,,,5,2,2,1,6
200500083652,0005-12-21 13:00:00,5,12,21,13,0,930,27.0,VAILLANT-COUTURIER (AVEN,,,Plein jour,En agglomération,Intersection en X,Normale,Deux véhicules - côté,,,,,,,,,,,1,2,2,1,3
200500083653,0005-12-23 16:00:00,5,12,23,16,0,930,27.0,SALENGRO (AVENUE ROGER),,,Plein jour,En agglomération,Hors intersection,Normale,Autre collision,,,,,,,,,,,1,2,1,1,6
200500083654,0005-12-25 00:57:00,5,12,25,0,57,930,13.0,LECLERC (AVENU DE LA DIV,,,Nuit avec éclairage allumé,En agglomération,Hors intersection,Normale,Deux véhicules - arrière,,,,,,,,,,,5,2,1,1,2
200500083655,0005-12-04 20:35:00,5,12,4,20,35,930,29.0,"83, SADI CARNOT",,,Nuit avec éclairage allumé,En agglomération,Hors intersection,Normale,Autre collision,,,,,,,,,,,5,2,1,1,6
200500083656,0005-12-07 13:40:00,5,12,7,13,40,930,29.0,HENRI BARBUSSE (AVE) N°2,,,Plein jour,En agglomération,Intersection en T,Normale,Deux véhicules - côté,,,,,,,,,,,1,2,3,1,3
200500083657,0005-12-09 18:10:00,5,12,9,18,10,930,29.0,"1, SPOUTNIKS (ALLEE DES)",,,Nuit avec éclairage allumé,En agglomération,Hors intersection,Normale,Autre collision,,,,,,,,,,,5,2,1,1,6
200500083658,0005-12-20 15:25:00,5,12,20,15,25,930,29.0,"47, AUGUSTE BLANQUI",,,Plein jour,En agglomération,Hors intersection,Normale,Sans collision,,,,,,,,,,,1,2,1,1,7
200500083659,0005-12-26 08:25:00,5,12,26,8,25,930,29.0,HENRI BARBUSSE (AVE) N°2,,,Plein jour,En agglomération,Intersection en T,Normale,Deux véhicules - côté,,,,,,,,,,,1,2,3,1,3
200500083660,0005-12-29 07:40:00,5,12,29,7,40,930,29.0,MARCEAU (AVENUE) N° 29-F,,,Crépuscule ou aube,En agglomération,Intersection en Y,Normale,Autre collision,,,,,,,,,,,2,2,4,1,6
200500083661,0005-12-05 11:05:00,5,12,5,11,5,930,31.0,"8, DE LATTRE DE TASSIGNY",,,Plein jour,En agglomération,Hors intersection,Autre,Autre collision,,,,,,,,,,,1,2,1,9,6
200500083662,0005-12-11 18:15:00,5,12,11,18,15,930,31.0,"102, JEAN JAURES (AV)",,,Nuit avec éclairage allumé,En agglomération,Intersection en T,Normale,Deux véhicules - côté,,,,,,,,,,,5,2,3,1,3
200500083663,0005-12-23 15:10:00,5,12,23,15,10,930,79.0,"186, DIVISION LECLERC (A",,,Plein jour,En agglomération,Hors intersection,Normale,Sans collision,,,,,,,,,,,1,2,1,1,7
200500083664,0005-12-29 12:20:00,5,12,29,12,20,930,31.0,"89, REPUBLIQUE (AV) 1 A",,,Plein jour,En agglomération,Intersection en X,Normale,Deux véhicules - arrière,,,,,,,,,,,1,2,2,1,2
200500083665,0005-12-09 14:35:00,5,12,9,14,35,930,47.0,"32, PRIMEVERES  (AVENUE",,,Plein jour,En agglomération,Hors intersection,Normale,Autre collision,,,,,,,,,,,1,2,1,1,6
200500083666,0005-12-12 16:30:00,5,12,12,16,30,930,47.0,GENERAL DE GAULLE (RUE D,,,Plein jour,En agglomération,Hors intersection,Temps couvert,Deux véhicules - côté,,,,,,,,,,,1,2,1,8,3
200500083667,0005-12-16 16:45:00,5,12,16,16,45,930,32.0,"25, PETIT CHENAY   (RUE",,,Plein jour,En agglomération,Hors intersection,Normale,Autre collision,,,,,,,,,,,1,2,1,1,6
200500083668,0005-12-21 14:10:00,5,12,21,14,10,930,32.0,ROND POINT  (RUE DU),,,Plein jour,En agglomération,Intersection en X,Normale,Deux véhicules - côté,,,,,,,,,,,1,2,2,1,3
200500083669,0005-12-26 18:05:00,5,12,26,18,5,930,32.0,"31, CONTANT   (RUE)",,,Nuit avec éclairage non allumé,En agglomération,Hors intersection,Pluie légère,Deux véhicules - côté,,,,,,,,,,,4,2,1,2,3
200500083670,0005-12-26 17:20:00,5,12,26,17,20,930,47.0,"78, GENERAL LECLERC  (RU",,,Nuit avec éclairage allumé,En agglomération,Intersection en T,Temps couvert,Deux véhicules - côté,,,,,,,,,,,5,2,3,8,3
200500083671,0005-12-29 14:00:00,5,12,29,14,0,930,32.0,BELLE-ILE  (AVENUE DE ),,,Plein jour,En agglomération,Intersection en X,Normale,Deux véhicules - côté,,,,,,,,,,,1,2,2,1,3
200500083672,0005-12-04 19:00:00,5,12,4,19,0,930,63.0,"ignoré, BRANLY BD EDOUAR",,,Nuit avec éclairage allumé,En agglomération,Intersection en X,Normale,Deux véhicules - côté,,,,,,,,,,,5,2,2,1,3
200500083673,0005-12-06 15:20:00,5,12,6,15,20,930,6.0,GAL LECLERC AV. DU,,,Plein jour,En agglomération,Hors intersection,Normale,Deux véhicules - arrière,,,,,,,,,,,1,2,1,1,2
200500083674,0005-12-07 09:15:00,5,12,7,9,15,930,6.0,"41, HOCHE RUE",,,Plein jour,En agglomération,Intersection en T,Normale,Deux véhicules - côté,,,,,,,,,,,1,2,3,1,3
200500083675,0005-12-10 18:55:00,5,12,10,18,55,930,6.0,"151/163, GALLIENI  AV.",,,Nuit avec éclairage allumé,En agglomération,Hors intersection,Normale,Deux véhicules - arrière,,,,,,,,,,,5,2,1,1,2
200500083676,0005-12-13 17:25:00,5,12,13,17,25,930,63.0,VASSOU RUE,,,Nuit avec éclairage allumé,En agglomération,Intersection en T,Normale,Deux véhicules - côté,,,,,,,,,,,5,2,3,1,3
200500083677,0005-12-14 10:25:00,5,12,14,10,25,930,63.0,"97, VERDUN AVENUE DE",,,Plein jour,En agglomération,Hors intersection,Normale,Autre collision,,,,,,,,,,,1,2,1,1,6
200500083678,0005-12-15 09:00:00,5,12,15,9,0,930,63.0,"68, KERAUTRET AVENUE PIE",,,Plein jour,En agglomération,Hors intersection,Autre,Trois véhicules et plus - en chaîne,,,,,,,,,,,1,2,1,9,4
200500083679,0005-12-03 18:40:00,5,12,3,18,40,930,46.0,"69, MARECHAL LECLERC AVE",,,Nuit avec éclairage allumé,En agglomération,Hors intersection,Pluie légère,Autre collision,,,,,,,,,,,5,2,1,2,6
200500083680,0005-12-05 07:00:00,5,12,5,7,0,930,46.0,"NR, LEON BLUM CITE",,,Nuit avec éclairage allumé,En agglomération,Hors intersection,Pluie légère,Sans collision,,,,,,,,,,,5,2,1,2,7
200500083681,0005-12-05 08:00:00,5,12,5,8,0,930,46.0,"36, ARISTIDE BRIAND AVEN",,,Crépuscule ou aube,En agglomération,Intersection en T,Pluie légère,Deux véhicules - arrière,,,,,,,,,,,2,2,3,2,2
200500083682,0005-12-07 16:05:00,5,12,7,16,5,930,46.0,"51, ARISTIDE BRIAND AVEN",,,Plein jour,En agglomération,Intersection à plus de 4 branches,Normale,Deux véhicules - côté,,,,,,,,,,,1,2,5,1,3
200500083683,0005-12-09 10:30:00,5,12,9,10,30,930,74.0,"36, BOUCHER RUE ALEXANDR",,,Plein jour,En agglomération,Intersection en T,Normale,Deux véhicules - côté,,,,,,,,,,,1,2,3,1,3
200500083684,0005-12-10 13:30:00,5,12,10,13,30,930,46.0,"NR, FRESNES ALLEE DES",,,Plein jour,En agglomération,Intersection en T,Normale,Autre collision,,,,,,,,,,,1,2,3,1,6
200500083685,0005-12-11 19:55:00,5,12,11,19,55,930,46.0,MARECHAL LECLERC AVENUE,,,Nuit avec éclairage allumé,En agglomération,Intersection en T,Normale,Deux véhicules - côté,,,,,,,,,,,5,2,3,1,3
200500083686,0005-12-13 08:00:00,5,12,13,8,0,930,74.0,"130, MEAUX RUE DE",,,Plein jour,En agglomération,Hors intersection,Autre,Autre collision,,,,,,,,,,,1,2,1,9,6
200500083687,0005-12-28 15:45:00,5,12,28,15,45,930,46.0,"21, REPUBLIQUE AVENUE DE",,,Plein jour,En agglomération,Hors intersection,Normale,Deux véhicules - côté,,,,,,,,,,,1,2,1,1,3
200500083688,0005-12-12 08:55:00,5,12,12,8,55,930,48.0,"81, COLONEL FABIEN (AVEN",,,Plein jour,En agglomération,Hors intersection,Normale,Autre collision,,,,,,,,,,,1,2,1,1,6
200500083689,0005-12-15 19:30:00,5,12,15,19,30,930,48.0,GENERAL DE GAULE (PLACE,,,Nuit avec éclairage allumé,En agglomération,Hors intersection,Normale,Deux véhicules - arrière,,,,,,,,,,,5,2,1,1,2
200500083690,0005-12-19 15:30:00,5,12,19,15,30,930,48.0,"53-55, PAUL VAILLANT COU",,,Plein jour,En agglomération,Hors intersection,Pluie légère,Trois véhicules et plus - collisions multiples,,,,,,,,,,,1,2,1,2,5
200500083691,0005-12-19 18:05:00,5,12,19,18,5,930,48.0,"104, RESISTANCE (AVENUE",,,Nuit avec éclairage allumé,En agglomération,Intersection en T,Pluie légère,Deux véhicules - côté,,,,,,,,,,,5,2,3,2,3
200500083692,0005-12-24 19:50:00,5,12,24,19,50,930,48.0,EMILE ZOLA (RUE),,,Nuit avec éclairage allumé,En agglomération,Intersection en X,Normale,Deux véhicules - côté,,,,,,,,,,,5,2,2,1,3
200500083693,0005-12-25 00:05:00,5,12,25,0,5,930,48.0,"47, PARIS (RUE DE)",,,Nuit avec éclairage allumé,En agglomération,Hors intersection,Pluie légère,Deux véhicules - arrière,,,,,,,,,,,5,2,1,2,2
200500083694,0005-12-28 08:35:00,5,12,28,8,35,930,48.0,"173, PARIS (RUE DE)",,,Crépuscule ou aube,En agglomération,Intersection en X,Neige / grêle,Autre collision,,,,,,,,,,,2,2,2,4,6
200500083695,0005-12-06 09:00:00,5,12,6,9,0,930,49.0,PASTEUR (RUE),,,Plein jour,En agglomération,Intersection en X,Normale,Deux véhicules - côté,,,,,,,,,,,1,2,2,1,3
200500083696,0005-12-08 10:20:00,5,12,8,10,20,930,50.0,"00, HIPPOLYTE PINA (RUE)",,,Plein jour,En agglomération,Hors intersection,Temps couvert,Deux véhicules - côté,,,,,,,,,,,1,2,1,8,3
200500083697,0005-12-03 17:35:00,5,12,3,17,35,930,50.0,"132, PAUL VAILLANT COUTU",,,Nuit avec éclairage allumé,En agglomération,Hors intersection,Autre,Autre collision,,,,,,,,,,,5,2,1,9,6
200500083698,0005-12-16 18:15:00,5,12,16,18,15,930,49.0,"22, GALLIENI (BOULEVARD)",,,Nuit avec éclairage non allumé,En agglomération,Hors intersection,Pluie légère,Sans collision,,,,,,,,,,,4,2,1,2,7
200500083699,0005-12-22 17:50:00,5,12,22,17,50,930,49.0,"52, BOURREAU GUERINIERE",,,Nuit avec éclairage allumé,En agglomération,Hors intersection,Normale,Trois véhicules et plus - en chaîne,,,,,,,,,,,5,2,1,1,4
200500083700,0005-12-24 16:50:00,5,12,24,16,50,930,50.0,JEAN STEPHAN (RUE),,,Plein jour,En agglomération,Hors intersection,Normale,Deux véhicules - côté,,,,,,,,,,,1,2,1,1,3
200500083701,0005-12-07 20:20:00,5,12,7,20,20,930,51.0,RU DE NESLE (BOULEVARD),,,Nuit avec éclairage allumé,En agglomération,Autre intersection,Normale,Deux véhicules - frontale,,,,,,,,,,,5,2,9,1,1
200500083702,0005-12-08 19:40:00,5,12,8,19,40,930,51.0,MARECHAL FOCH (BOULEVARD,,,Nuit avec éclairage allumé,En agglomération,Intersection en T,Pluie légère,Deux véhicules - côté,,,,,,,,,,,5,2,3,2,3
200500083703,0005-12-12 09:20:00,5,12,12,9,20,930,51.0,"13/15, SOUCHET (BOULEVAR",,,Plein jour,En agglomération,Hors intersection,Normale,Deux véhicules - arrière,,,,,,,,,,,1,2,1,1,2
200500083704,0005-12-14 12:55:00,5,12,14,12,55,930,51.0,"53, MEDERIC (AVENUE)",,,Plein jour,En agglomération,Hors intersection,Pluie légère,Deux véhicules - côté,,,,,,,,,,,1,2,1,2,3
200500083705,0005-12-14 16:35:00,5,12,14,16,35,930,51.0,", MONT D'EST (BD)",,,Plein jour,En agglomération,Giratoire,Pluie légère,Autre collision,,,,,,,,,,,1,2,6,2,6
200500083706,0005-12-16 08:30:00,5,12,16,8,30,930,33.0,", ROOSEVELT (PLACE)",,,Plein jour,En agglomération,Giratoire,Pluie légère,Autre collision,,,,,,,,,,,1,2,6,2,6
200500083707,0005-12-19 06:30:00,5,12,19,6,30,930,51.0,MEDERIC (AVENUE),,,Nuit avec éclairage allumé,En agglomération,Intersection en X,Pluie légère,Sans collision,,,,,,,,,,,5,2,2,2,7
200500083708,0005-12-22 14:35:00,5,12,22,14,35,930,51.0,PAVE NEUF (AVENUE),,,Plein jour,En agglomération,Giratoire,Temps couvert,Sans collision,,,,,,,,,,,1,2,6,8,7
200500083709,0005-12-25 22:25:00,5,12,25,22,25,930,51.0,PIERRE BROSSOLETTE,,,Nuit avec éclairage allumé,En agglomération,Intersection en X,Normale,Deux véhicules - côté,,,,,,,,,,,5,2,2,1,3
200500083710,0005-12-14 13:45:00,5,12,14,13,45,930,51.0,MONT D'EST (BD),,,Plein jour,En agglomération,Intersection en T,Normale,Deux véhicules - côté,,,,,,,,,,,1,2,3,1,3
200500083711,0005-12-14 14:00:00,5,12,14,14,0,930,51.0,MONT D'EST (BD),,,Plein jour,En agglomération,Intersection en T,Normale,Deux véhicules - côté,,,,,,,,,,,1,2,3,1,3
200500083712,0005-12-17 10:00:00,5,12,17,10,0,930,53.0,"16, PIERRE BROSSELETTE (",,,Plein jour,En agglomération,Hors intersection,Normale,Autre collision,,,,,,,,,,,1,2,1,1,6
200500083713,0005-12-20 00:12:00,5,12,20,0,12,930,53.0,"46, PARC (RUE DU)",,,Nuit avec éclairage allumé,En agglomération,Autre intersection,Autre,Sans collision,,,,,,,,,,,5,2,9,9,7
200500083714,0005-12-23 12:25:00,5,12,23,12,25,930,53.0,"48, REPUBLIQUE (BLD DE L",,,Plein jour,En agglomération,Hors intersection,Normale,Autre collision,,,,,,,,,,,1,2,1,1,6
200500083715,0005-12-23 17:30:00,5,12,23,17,30,930,53.0,"80, PARC (RUE DU)",,,Nuit avec éclairage non allumé,En agglomération,Intersection à plus de 4 branches,Normale,Deux véhicules - frontale,,,,,,,,,,,4,2,5,1,1
200500083716,0005-12-02 19:55:00,5,12,2,19,55,930,55.0,"FACE 102, GENERAL LECLER",,,Nuit avec éclairage allumé,En agglomération,Hors intersection,Normale,Deux véhicules - arrière,,,,,,,,,,,5,2,1,1,2
200500083717,0005-12-03 15:38:00,5,12,3,15,38,930,55.0,"2-4, ESTIENNE D'ORVES (1",,,Plein jour,En agglomération,Hors intersection,Normale,Autre collision,,,,,,,,,,,1,2,1,1,6
200500083718,0005-12-05 07:30:00,5,12,5,7,30,930,55.0,"172, GENERAL LECLERC(AVE",,,Crépuscule ou aube,En agglomération,Hors intersection,Pluie légère,Autre collision,,,,,,,,,,,2,2,1,2,6
200500083719,0005-12-06 14:05:00,5,12,6,14,5,930,55.0,"10, AUGER",,,Plein jour,En agglomération,Hors intersection,Normale,Autre collision,,,,,,,,,,,1,2,1,1,6
200500083720,0005-12-08 17:55:00,5,12,8,17,55,930,55.0,"77, DIVISION LECLERC (AV",,,Nuit avec éclairage allumé,En agglomération,Hors intersection,Pluie légère,Sans collision,,,,,,,,,,,5,2,1,2,7
200500083721,0005-12-10 06:10:00,5,12,10,6,10,930,55.0,"94, GENERAL LECLERC(AVE",,,Nuit avec éclairage allumé,En agglomération,Hors intersection,Normale,Autre collision,,,,,,,,,,,5,2,1,1,6
200500083722,0005-12-13 07:45:00,5,12,13,7,45,930,55.0,"1, MICHELET",,,Crépuscule ou aube,En agglomération,Intersection en Y,Normale,Autre collision,,,,,,,,,,,2,2,4,1,6
200500083723,0005-12-14 16:40:00,5,12,14,16,40,930,55.0,"181, JEAN LOLIVE (AVENUE",,,Plein jour,En agglomération,Hors intersection,Pluie légère,Autre collision,,,,,,,,,,,1,2,1,2,6
200500083724,0005-12-16 07:50:00,5,12,16,7,50,930,55.0,CARTIER BRESSON DU 41/93,,,Crépuscule ou aube,En agglomération,Intersection en T,Temps couvert,Autre collision,,,,,,,,,,,2,2,3,8,6
200500083725,0005-12-19 18:10:00,5,12,19,18,10,930,55.0,"218, JEAN LOLIVE (AVENUE",,,Nuit avec éclairage allumé,En agglomération,Hors intersection,Normale,Sans collision,,,,,,,,,,,5,2,1,1,7
200500083726,0005-12-20 01:15:00,5,12,20,1,15,930,55.0,"172, JEAN JAURES (AVENUE",,,Nuit avec éclairage allumé,En agglomération,Hors intersection,Brouillard / fumée,Deux véhicules - frontale,,,,,,,,,,,5,2,1,5,1
200500083727,0005-12-27 20:05:00,5,12,27,20,5,930,55.0,"110 bis, GENERAL LECLERC",,,Nuit avec éclairage allumé,En agglomération,Hors intersection,Neige / grêle,Deux véhicules - côté,,,,,,,,,,,5,2,1,4,3
200500083728,0005-12-29 17:33:00,5,12,29,17,33,930,55.0,"7, SAINTE MARGUERITE",,,Nuit avec éclairage allumé,En agglomération,Hors intersection,Normale,Autre collision,,,,,,,,,,,5,2,1,1,6
200500083729,0005-12-02 19:10:00,5,12,2,19,10,930,14.0,"0, SEVIGNE (AVENUE DE)",,,Nuit avec éclairage allumé,En agglomération,Hors intersection,Pluie légère,Deux véhicules - côté,,,,,,,,,,,5,2,1,2,3
200500083730,0005-12-12 08:25:00,5,12,12,8,25,930,14.0,"52, CHENE POINTU (ALLEE",,,Plein jour,En agglomération,Hors intersection,Normale,Deux véhicules - côté,,,,,,,,,,,1,2,1,1,3
200500083731,0005-12-15 15:35:00,5,12,15,15,35,930,14.0,"0, STRATEGIQUE (ROUTE)",,,Plein jour,En agglomération,Hors intersection,Temps couvert,Sans collision,,,,,,,,,,,1,2,1,8,7
200500083732,0005-12-16 18:30:00,5,12,16,18,30,930,14.0,MAURICE AUDIN (ALLEE)  S,,,Nuit avec éclairage allumé,En agglomération,Intersection en T,Pluie légère,Deux véhicules - arrière,,,,,,,,,,,5,2,3,2,2
200500083733,0005-12-19 20:00:00,5,12,19,20,0,930,14.0,"3, FREDERIC LADRETTE (AL",,,Nuit avec éclairage allumé,En agglomération,Hors intersection,Pluie légère,Autre collision,,,,,,,,,,,5,2,1,2,6
200500083734,0005-12-26 10:45:00,5,12,26,10,45,930,14.0,"0, GAGNY (ALLEE DE) 7 IL",,,Plein jour,En agglomération,Hors intersection,Normale,Trois véhicules et plus - en chaîne,,,,,,,,,,,1,2,1,1,4
200500083735,0005-12-31 11:25:00,5,12,31,11,25,930,14.0,"00, GAGARINE (BOULEVARD)",,,Plein jour,En agglomération,Hors intersection,Normale,Deux véhicules - arrière,,,,,,,,,,,1,2,1,1,2
200500083736,0005-12-06 08:30:00,5,12,6,8,30,930,77.0,"63 bis, RAINCY (AVENUE D",,,Crépuscule ou aube,En agglomération,Hors intersection,Normale,Autre collision,,,,,,,,,,,2,2,1,1,6
200500083737,0005-12-14 16:00:00,5,12,14,16,0,930,77.0,", SAINT LOUIS (RUE)",,,Plein jour,En agglomération,Intersection en X,Normale,Deux véhicules - côté,,,,,,,,,,,1,2,2,1,3
200500083738,0005-12-16 19:45:00,5,12,16,19,45,930,64.0,"87 Bis, JAURES (AVENUE J",,,Crépuscule ou aube,En agglomération,Intersection en Y,Pluie légère,Autre collision,,,,,,,,,,,2,2,4,2,6
200500083739,0005-12-21 17:00:00,5,12,21,17,0,930,64.0,"05, BLUM (RUE LEON)",,,Nuit avec éclairage allumé,En agglomération,Hors intersection,Normale,Sans collision,,,,,,,,,,,5,2,1,1,7
200500083740,0005-12-01 08:20:00,5,12,1,8,20,930,66.0,"""GUESDE JULES (BD), NR 2",,,Plein jour,En agglomération,Hors intersection,Normale,Autre collision,,,,,,,,,,,1,2,1,1,6
200500083741,0005-12-01 14:50:00,5,12,1,14,50,930,66.0,FRANCE ANATOLE ENTREE A8,,,Plein jour,En agglomération,Intersection en Y,Normale,Autre collision,,,,,,,,,,,1,2,4,1,6
200500083742,0005-12-06 17:10:00,5,12,6,17,10,930,66.0,JOLIOT CURIE IRENE ET FR,,,Nuit avec éclairage allumé,En agglomération,Hors intersection,Normale,Deux véhicules - arrière,,,,,,,,,,,5,2,1,1,2
200500083743,0005-12-09 08:30:00,5,12,9,8,30,930,66.0,"62, CROIZAT AMBROISE RD",,,Plein jour,En agglomération,Hors intersection,Temps couvert,Trois véhicules et plus - en chaîne,,,,,,,,,,,1,2,1,8,4
200500083744,0005-12-11 11:30:00,5,12,11,11,30,930,66.0,LENINE (AVENUE) NR 28 A,,,Plein jour,En agglomération,Intersection en Y,Normale,Autre collision,,,,,,,,,,,1,2,4,1,6
200500083745,0005-12-12 17:20:00,5,12,12,17,20,930,66.0,"5 BIS, PRESSENCE FRANCIS",,,Nuit avec éclairage allumé,En agglomération,Hors intersection,Normale,Autre collision,,,,,,,,,,,5,2,1,1,6