accident_id,datetime,annee,mois,jour,heure,minute,departement,commune_insee,adresse,latitude,longitude,luminosite,agglomeration,intersection,meteo,collision,nb_vehicules,nb_usagers,nb_indemnes,nb_tues,nb_blesses_hosp,nb_blesses_legers,age_cond_1,age_cond_2,veh_type_cond_1,veh_type_cond_2,lum_code,agg_code,int_code,atm_code,col_code
200500084390,0005-12-13 13:00:00,5,12,13,13,0,670,447.0,Autoroute A.4,,,Plein jour,Hors agglomération,Hors intersection,Normale,Deux véhicules - côté,,,,,,,,,,,1,1,1,1,3
200500084391,0005-12-16 08:45:00,5,12,16,8,45,670,365.0,Autoroute A.35,,,Plein jour,Hors agglomération,Hors intersection,Pluie légère,Deux véhicules - arrière,,,,,,,,,,,1,1,1,2,2
200500084392,0005-12-16 16:50:00,5,12,16,16,50,670,218.0,A.35,,,Nuit sans éclairage public,Hors agglomération,Hors intersection,Pluie légère,Trois véhicules et plus - en chaîne,,,,,,,,,,,3,1,1,2,4
200500084393,0005-12-16 20:00:00,5,12,16,20,0,670,471.0,Autoroute A.4,,,Nuit sans éclairage public,Hors agglomération,Hors intersection,Pluie légère,Trois véhicules et plus - en chaîne,,,,,,,,,,,3,1,1,2,4
200500084394,0005-12-17 04:35:00,5,12,17,4,35,670,482.0,N.4 CONTOURNEMENT-SUD,,,Nuit sans éclairage public,Hors agglomération,Hors intersection,Pluie légère,Sans collision,,,,,,,,,,,3,1,1,2,7
200500084395,0005-12-18 15:05:00,5,12,18,15,5,670,482.0,N.4 CONTOURNEMENT-SUD,,,Plein jour,Hors agglomération,Hors intersection,Temps couvert,Sans collision,,,,,,,,,,,1,1,1,8,7
200500084396,0005-12-21 19:00:00,5,12,21,19,0,670,447.0,Autoroute A.4,,,Nuit avec éclairage allumé,Hors agglomération,Hors intersection,Normale,Deux véhicules - côté,,,,,,,,,,,5,1,1,1,3
200500084397,0005-12-23 19:10:00,5,12,23,19,10,670,482.0,Autoroute A.350,,,Nuit avec éclairage allumé,Hors agglomération,Intersection en Y,Normale,Autre collision,,,,,,,,,,,5,1,4,1,6
200500084398,0005-12-26 21:55:00,5,12,26,21,55,540,312.0,Autoroute A31,,,Nuit sans éclairage public,Hors agglomération,Hors intersection,Normale,Autre collision,,,,,,,,,,,3,1,1,1,6
200500084399,0005-12-05 08:30:00,5,12,5,8,30,540,304.0,Autoroute A 33,,,Plein jour,Hors agglomération,Hors intersection,Pluie légère,Deux véhicules - arrière,,,,,,,,,,,1,1,1,2,2
200500084400,0005-12-07 17:25:00,5,12,7,17,25,540,197.0,,,,Nuit avec éclairage allumé,Hors agglomération,Hors intersection,Normale,Deux véhicules - arrière,,,,,,,,,,,5,1,1,1,2
200500084401,0005-12-05 14:35:00,5,12,5,14,35,540,328.0,Autoroute A 330,,,Plein jour,Hors agglomération,Hors intersection,Pluie légère,Trois véhicules et plus - en chaîne,,,,,,,,,,,1,1,1,2,4
200500084402,0005-12-10 15:10:00,5,12,10,15,10,540,547.0,,,,Plein jour,Hors agglomération,Hors intersection,Normale,Autre collision,,,,,,,,,,,1,1,1,1,6
200500084403,0005-12-16 04:35:00,5,12,16,4,35,540,483.0,Autoroute A33,,,Nuit sans éclairage public,Hors agglomération,Hors intersection,Pluie légère,Sans collision,,,,,,,,,,,3,1,1,2,7
200500084404,0005-12-07 10:45:00,5,12,7,10,45,570,463.0,Autoroute A31,,,Plein jour,Hors agglomération,Hors intersection,Normale,Autre collision,,,,,,,,,,,1,1,1,1,6
200500084405,0005-12-09 06:52:00,5,12,9,6,52,570,463.0,RN 431,,,Nuit sans éclairage public,Hors agglomération,Hors intersection,Autre,Deux véhicules - côté,,,,,,,,,,,3,1,1,9,3
200500084406,0005-12-14 23:00:00,5,12,14,23,0,570,663.0,Autoroute A31,,,Nuit avec éclairage allumé,Hors agglomération,Hors intersection,Normale,Deux véhicules - côté,,,,,,,,,,,5,1,1,1,3
200500084407,0005-12-28 21:10:00,5,12,28,21,10,570,487.0,Autoroute A31,,,Nuit avec éclairage allumé,Hors agglomération,Hors intersection,Neige / grêle,Deux véhicules - arrière,,,,,,,,,,,5,1,1,4,2
200500084408,0005-12-03 13:40:00,5,12,3,13,40,690,387.0,"300, JEAN JAURES",,,Plein jour,En agglomération,Hors intersection,Normale,Deux véhicules - côté,,,,,,,,,,,1,2,1,1,3
200500084409,0005-12-14 22:40:00,5,12,14,22,40,690,387.0,JEAN JAURES,,,Nuit avec éclairage allumé,En agglomération,Intersection en X,Normale,Deux véhicules - côté,,,,,,,,,,,5,2,2,1,3
200500084410,0005-12-14 08:00:00,5,12,14,8,0,690,387.0,TCHECOSLOVAQUES (DES),,,Plein jour,En agglomération,Hors intersection,Normale,Sans collision,,,,,,,,,,,1,2,1,1,7
200500084411,0005-12-19 07:05:00,5,12,19,7,5,690,387.0,UNIVERSITE (DE L'),,,Crépuscule ou aube,En agglomération,Intersection en X,Normale,Autre collision,,,,,,,,,,,2,2,2,1,6
200500084412,0005-12-20 09:40:00,5,12,20,9,40,690,387.0,"2, GERLAND (DE)",,,Plein jour,En agglomération,Hors intersection,Pluie légère,Deux véhicules - arrière,,,,,,,,,,,1,2,1,2,2
200500084413,0005-12-24 20:45:00,5,12,24,20,45,690,387.0,CHALLEMEL LACOUR,,,Nuit avec éclairage allumé,En agglomération,Intersection en T,Normale,Autre collision,,,,,,,,,,,5,2,3,1,6
200500084414,0005-12-25 11:00:00,5,12,25,11,0,690,387.0,"35, JEAN JAURES",,,Plein jour,En agglomération,Hors intersection,Normale,Deux véhicules - arrière,,,,,,,,,,,1,2,1,1,2
200500084415,0005-12-01 08:50:00,5,12,1,8,50,690,388.0,"150, ETATS UNIS (DES)",,,Plein jour,En agglomération,Hors intersection,Normale,Trois véhicules et plus - collisions multiples,,,,,,,,,,,1,2,1,1,5
200500084416,0005-12-01 17:25:00,5,12,1,17,25,690,388.0,"00, PINEL",,,Nuit avec éclairage allumé,En agglomération,Intersection en X,Normale,Autre collision,,,,,,,,,,,5,2,2,1,6
200500084417,0005-12-01 15:05:00,5,12,1,15,5,690,388.0,"224, VIENNE (DE)",,,Plein jour,En agglomération,Hors intersection,Normale,Deux véhicules - arrière,,,,,,,,,,,1,2,1,1,2
200500084418,0005-12-02 11:50:00,5,12,2,11,50,690,388.0,"47, STEPHANE COIGNET",,,Plein jour,En agglomération,Hors intersection,Pluie légère,Autre collision,,,,,,,,,,,1,2,1,2,6
200500084419,0005-12-15 17:40:00,5,12,15,17,40,690,388.0,"316, BERTHELOT",,,Nuit avec éclairage allumé,En agglomération,Hors intersection,Normale,Autre collision,,,,,,,,,,,5,2,1,1,6
200500084420,0005-12-20 17:50:00,5,12,20,17,50,690,388.0,"41, MARYSE BASTIE",,,Nuit avec éclairage allumé,En agglomération,Hors intersection,Normale,Autre collision,,,,,,,,,,,5,2,1,1,6
200500084421,0005-12-23 08:00:00,5,12,23,8,0,690,388.0,"00, BOCAGE (DU)",,,Plein jour,En agglomération,Intersection en X,Normale,Deux véhicules - côté,,,,,,,,,,,1,2,2,1,3
200500084422,0005-12-24 17:10:00,5,12,24,17,10,690,388.0,"174, VIENNE (DE)",,,Crépuscule ou aube,En agglomération,Hors intersection,Normale,Autre collision,,,,,,,,,,,2,2,1,1,6
200500084423,0005-12-29 18:00:00,5,12,29,18,0,690,388.0,"00, JEAN XXIII",,,Nuit avec éclairage allumé,En agglomération,Intersection en X,Normale,Deux véhicules - côté,,,,,,,,,,,5,2,2,1,3
200500084424,0005-12-28 13:15:00,5,12,28,13,15,690,388.0,"16, GUILLAUME PARADIN",,,Plein jour,En agglomération,Hors intersection,Neige / grêle,Autre collision,,,,,,,,,,,1,2,1,4,6
200500084425,0005-12-22 18:15:00,5,12,22,18,15,420,97.0,A72,,,Nuit sans éclairage public,Hors agglomération,Hors intersection,Normale,Trois véhicules et plus - collisions multiples,,,,,,,,,,,3,1,1,1,5
200500084426,0005-12-23 18:00:00,5,12,23,18,0,690,91.0,A47,,,Nuit avec éclairage allumé,Hors agglomération,Hors intersection,Normale,Trois véhicules et plus - en chaîne,,,,,,,,,,,5,1,1,1,4
200500084427,0005-12-30 16:10:00,5,12,30,16,10,420,95.0,RN88,,,Plein jour,Hors agglomération,Hors intersection,Neige / grêle,Deux véhicules - arrière,,,,,,,,,,,1,1,1,4,2
200500084428,0005-12-01 21:00:00,5,12,1,21,0,380,544.0,A7,,,Nuit avec éclairage allumé,Hors agglomération,Hors intersection,Normale,Autre collision,,,,,,,,,,,5,1,1,1,6
200500084429,0005-12-04 23:00:00,5,12,4,23,0,690,266.0,RN383,,,Nuit avec éclairage allumé,Hors agglomération,Hors intersection,Normale,Autre collision,,,,,,,,,,,5,1,1,1,6
200500084430,0005-12-05 21:00:00,5,12,5,21,0,690,287.0,A43,,,Nuit sans éclairage public,Hors agglomération,Hors intersection,Pluie légère,Deux véhicules - arrière,,,,,,,,,,,3,1,1,2,2
200500084431,0005-12-06 07:50:00,5,12,6,7,50,690,152.0,A7,,,Crépuscule ou aube,Hors agglomération,Hors intersection,Normale,Autre collision,,,,,,,,,,,2,1,1,1,6
200500084432,0005-12-06 08:25:00,5,12,6,8,25,690,259.0,BUS (RD301),,,Plein jour,Hors agglomération,Hors intersection,Normale,Trois véhicules et plus - collisions multiples,,,,,,,,,,,1,1,1,1,5
200500084433,0005-12-06 15:00:00,5,12,6,15,0,690,266.0,RN383,,,Plein jour,Hors agglomération,Hors intersection,Normale,Sans collision,,,,,,,,,,,1,1,1,1,7
200500084434,0005-12-06 21:40:00,5,12,6,21,40,10,249.0,A42,,,Nuit sans éclairage public,Hors agglomération,Hors intersection,Pluie légère,Sans collision,,,,,,,,,,,3,1,1,2,7
200500084435,0005-12-07 10:10:00,5,12,7,10,10,690,152.0,A7,,,Plein jour,Hors agglomération,Hors intersection,Pluie légère,Deux véhicules - côté,,,,,,,,,,,1,1,1,2,3
200500084436,0005-12-07 11:20:00,5,12,7,11,20,690,199.0,RN383,,,Plein jour,Hors agglomération,Hors intersection,Pluie légère,Deux véhicules - côté,,,,,,,,,,,1,1,1,2,3
200500084437,0005-12-07 21:50:00,5,12,7,21,50,690,29.0,RN383,,,Nuit avec éclairage allumé,Hors agglomération,Hors intersection,Normale,Autre collision,,,,,,,,,,,5,1,1,1,6
200500084438,0005-12-09 06:50:00,5,12,9,6,50,690,382.0,A7,,,Crépuscule ou aube,Hors agglomération,Hors intersection,Pluie légère,Deux véhicules - arrière,,,,,,,,,,,2,1,1,2,2
200500084439,0005-12-09 07:15:00,5,12,9,7,15,690,29.0,RN383,,,Plein jour,Hors agglomération,Hors intersection,Pluie légère,Sans collision,,,,,,,,,,,1,1,1,2,7
200500084440,0005-12-09 18:10:00,5,12,9,18,10,690,290.0,A46S,,,Nuit avec éclairage allumé,Hors agglomération,Hors intersection,Normale,Trois véhicules et plus - en chaîne,,,,,,,,,,,5,1,1,1,4
200500084441,0005-12-10 03:35:00,5,12,10,3,35,690,389.0,A6,,,Nuit avec éclairage allumé,Hors agglomération,Hors intersection,Normale,Deux véhicules - arrière,,,,,,,,,,,5,1,1,1,2
200500084442,0005-12-10 06:20:00,5,12,10,6,20,690,290.0,A43,,,Nuit avec éclairage allumé,Hors agglomération,Hors intersection,Normale,Autre collision,,,,,,,,,,,5,1,1,1,6
200500084443,0005-12-09 17:30:00,5,12,9,17,30,690,286.0,A46N,,,Nuit sans éclairage public,Hors agglomération,Hors intersection,Normale,Deux véhicules - côté,,,,,,,,,,,3,1,1,1,3
200500084444,0005-12-12 20:15:00,5,12,12,20,15,690,297.0,A7,,,Nuit sans éclairage public,Hors agglomération,Hors intersection,Normale,Autre collision,,,,,,,,,,,3,1,1,1,6
200500084445,0005-12-13 07:30:00,5,12,13,7,30,380,87.0,A7,,,Crépuscule ou aube,Hors agglomération,Hors intersection,Normale,Deux véhicules - arrière,,,,,,,,,,,2,1,1,1,2
200500084446,0005-12-13 15:00:00,5,12,13,15,0,690,81.0,A6,,,Plein jour,Hors agglomération,Hors intersection,Normale,Sans collision,,,,,,,,,,,1,1,1,1,7
200500084447,0005-12-15 06:10:00,5,12,15,6,10,690,256.0,RN346,,,Nuit avec éclairage allumé,Hors agglomération,Hors intersection,Autre,Sans collision,,,,,,,,,,,5,1,1,9,7
200500084448,0005-12-16 17:40:00,5,12,16,17,40,690,290.0,RN346,,,Nuit avec éclairage allumé,Hors agglomération,Hors intersection,Pluie légère,Deux véhicules - arrière,,,,,,,,,,,5,1,1,2,2
200500084449,0005-12-16 18:35:00,5,12,16,18,35,690,29.0,RN383,,,Nuit avec éclairage allumé,Hors agglomération,Hors intersection,Pluie légère,Deux véhicules - arrière,,,,,,,,,,,5,1,1,2,2
200500084450,0005-12-17 05:45:00,5,12,17,5,45,690,256.0,RN346,,,Nuit avec éclairage allumé,Hors agglomération,Hors intersection,Temps couvert,Sans collision,,,,,,,,,,,5,1,1,8,7
200500084451,0005-12-18 10:00:00,5,12,18,10,0,690,276.0,BUS (RD301),,,Plein jour,Hors agglomération,Hors intersection,Normale,Autre collision,,,,,,,,,,,1,1,1,1,6
200500084452,0005-12-17 04:35:00,5,12,17,4,35,690,256.0,RN346,,,Nuit avec éclairage allumé,Hors agglomération,Hors intersection,Temps couvert,Sans collision,,,,,,,,,,,5,1,1,8,7
200500084453,0005-12-19 07:20:00,5,12,19,7,20,690,382.0,A7,,,Nuit avec éclairage allumé,Hors agglomération,Hors intersection,Normale,Deux véhicules - arrière,,,,,,,,,,,5,1,1,1,2
200500084454,0005-12-19 18:30:00,5,12,19,18,30,690,72.0,A6,,,Nuit avec éclairage allumé,Hors agglomération,Hors intersection,Normale,Deux véhicules - côté,,,,,,,,,,,5,1,1,1,3
200500084455,0005-12-20 18:00:00,5,12,20,18,0,690,389.0,BPNL,,,Nuit avec éclairage allumé,Hors agglomération,Hors intersection,Temps couvert,Autre collision,,,,,,,,,,,5,1,1,8,6
200500084456,0005-12-22 18:10:00,5,12,22,18,10,690,91.0,A47,,,Nuit avec éclairage allumé,Hors agglomération,Hors intersection,Normale,Trois véhicules et plus - en chaîne,,,,,,,,,,,5,1,1,1,4
200500084457,0005-12-23 11:15:00,5,12,23,11,15,380,487.0,A7,,,Plein jour,Hors agglomération,Hors intersection,Normale,Trois véhicules et plus - en chaîne,,,,,,,,,,,1,1,1,1,4
200500084458,0005-12-23 18:00:00,5,12,23,18,0,690,276.0,A7,,,Nuit avec éclairage allumé,Hors agglomération,Hors intersection,Normale,Sans collision,,,,,,,,,,,5,1,1,1,7
200500084459,0005-12-24 12:50:00,5,12,24,12,50,690,256.0,A42,,,Plein jour,Hors agglomération,Hors intersection,Normale,Sans collision,,,,,,,,,,,1,1,1,1,7
200500084460,0005-12-24 16:20:00,5,12,24,16,20,690,266.0,RN383,,,Crépuscule ou aube,Hors agglomération,Hors intersection,Normale,Autre collision,,,,,,,,,,,2,1,1,1,6
200500084461,0005-12-24 20:00:00,5,12,24,20,0,690,388.0,RN383,,,Nuit avec éclairage allumé,Hors agglomération,Hors intersection,Normale,Sans collision,,,,,,,,,,,5,1,1,1,7
200500084462,0005-12-28 04:15:00,5,12,28,4,15,690,81.0,A6,,,Nuit avec éclairage non allumé,Hors agglomération,Hors intersection,Normale,Deux véhicules - arrière,,,,,,,,,,,4,1,1,1,2
200500084463,0005-12-30 08:20:00,5,12,30,8,20,380,87.0,A7,,,Plein jour,Hors agglomération,Hors intersection,Normale,Autre collision,,,,,,,,,,,1,1,1,1,6
200500084464,0005-12-30 13:25:00,5,12,30,13,25,690,290.0,A43,,,Plein jour,Hors agglomération,Hors intersection,Normale,Deux véhicules - côté,,,,,,,,,,,1,1,1,1,3
200500084465,0005-12-30 22:15:00,5,12,30,22,15,380,449.0,A43,,,Nuit sans éclairage public,Hors agglomération,Hors intersection,Neige / grêle,Deux véhicules - arrière,,,,,,,,,,,3,1,1,4,2
200500084466,0005-12-08 17:40:00,5,12,8,17,40,690,389.0,"175, SIDOINE APPOLINAIRE",,,Nuit avec éclairage allumé,En agglomération,Hors intersection,Pluie légère,Autre collision,,,,,,,,,,,5,2,1,2,6
200500084467,0005-12-08 09:00:00,5,12,8,9,0,690,389.0,"111, ST CYR (DE)",,,Plein jour,En agglomération,Hors intersection,Normale,Trois véhicules et plus - collisions multiples,,,,,,,,,,,1,2,1,1,5
200500084468,0005-12-15 02:50:00,5,12,15,2,50,690,389.0,"38, ARLOING",,,Nuit avec éclairage allumé,En agglomération,Hors intersection,Normale,Autre collision,,,,,,,,,,,5,2,1,1,6
200500084469,0005-12-03 15:30:00,5,12,3,15,30,830,137.0,A57,,,Plein jour,Hors agglomération,Hors intersection,Normale,Trois véhicules et plus - en chaîne,,,,,,,,,,,1,1,1,1,4
200500084470,0005-12-07 17:30:00,5,12,7,17,30,830,90.0,A50,,,Nuit avec éclairage allumé,Hors agglomération,Hors intersection,Normale,Deux véhicules - arrière,,,,,,,,,,,5,1,1,1,2
200500084471,0005-12-09 17:35:00,5,12,9,17,35,830,137.0,A50,,,Nuit avec éclairage allumé,Hors agglomération,Hors intersection,Normale,Deux véhicules - côté,,,,,,,,,,,5,1,1,1,3
200500084472,0005-12-10 18:40:00,5,12,10,18,40,830,137.0,A57,,,Nuit avec éclairage allumé,Hors agglomération,Hors intersection,Normale,Trois véhicules et plus - en chaîne,,,,,,,,,,,5,1,1,1,4
200500084473,0005-12-11 18:05:00,5,12,11,18,5,830,62.0,A570,,,Nuit avec éclairage allumé,Hors agglomération,Hors intersection,Normale,Deux véhicules - côté,,,,,,,,,,,5,1,1,1,3
200500084474,0005-12-14 18:05:00,5,12,14,18,5,830,35.0,A50,,,Nuit sans éclairage public,Hors agglomération,Hors intersection,Normale,Deux véhicules - côté,,,,,,,,,,,3,1,1,1,3
200500084475,0005-12-01 09:20:00,5,12,1,9,20,130,55.0,A50-Sens Aubagne vers Ma,,,Plein jour,Hors agglomération,Hors intersection,Normale,Autre collision,,,,,,,,,,,1,1,1,1,6
200500084476,0005-12-01 19:30:00,5,12,1,19,30,130,55.0,A55-Sens Martigues vers,,,Nuit avec éclairage allumé,Hors agglomération,Hors intersection,Normale,Autre collision,,,,,,,,,,,5,1,1,1,6
200500084477,0005-12-02 09:10:00,5,12,2,9,10,130,70.0,A50-Sens Marseille vers,,,Plein jour,Hors agglomération,Hors intersection,Normale,Autre collision,,,,,,,,,,,1,1,1,1,6
200500084478,0005-12-03 17:30:00,5,12,3,17,30,130,55.0,A7-Sens Marseille vers L,,,Nuit sans éclairage public,Hors agglomération,Hors intersection,Pluie légère,Deux véhicules - arrière,,,,,,,,,,,3,1,1,2,2
200500084479,0005-12-04 04:45:00,5,12,4,4,45,130,15.0,A51-Sens Aix en Provence,,,Nuit sans éclairage public,Hors agglomération,Hors intersection,Normale,Deux véhicules - arrière,,,,,,,,,,,3,1,1,1,2
200500084480,0005-12-03 16:45:00,5,12,3,16,45,130,55.0,A55-Sens Martigues vers,,,Plein jour,Hors agglomération,Hors intersection,Normale,Deux véhicules - arrière,,,,,,,,,,,1,1,1,1,2
200500084481,0005-12-06 05:04:00,5,12,6,5,4,130,71.0,A55-Sens Martigues vers,,,Nuit sans éclairage public,Hors agglomération,Hors intersection,Normale,Autre collision,,,,,,,,,,,3,1,1,1,6
200500084482,0005-12-06 12:45:00,5,12,6,12,45,130,55.0,A50-Sens Marseille vers,,,Plein jour,Hors agglomération,Hors intersection,Normale,Sans collision,,,,,,,,,,,1,1,1,1,7
200500084483,0005-12-07 09:00:00,5,12,7,9,0,130,55.0,A55-Sens Martigues vers,,,Plein jour,Hors agglomération,Hors intersection,Normale,Autre collision,,,,,,,,,,,1,1,1,1,6
200500084484,0005-12-08 07:45:00,5,12,8,7,45,130,55.0,A50-Sens Aubagne vers Ma,,,Crépuscule ou aube,Hors agglomération,Hors intersection,Temps couvert,Deux véhicules - arrière,,,,,,,,,,,2,1,1,8,2
200500084485,0005-12-08 08:40:00,5,12,8,8,40,130,55.0,A50-Sens Aubagne vers Ma,,,Plein jour,Hors agglomération,Hors intersection,Pluie légère,Trois véhicules et plus - en chaîne,,,,,,,,,,,1,1,1,2,4
200500084486,0005-12-08 08:12:00,5,12,8,8,12,130,56.0,A55-Sens Martigues vers,,,Crépuscule ou aube,Hors agglomération,Hors intersection,Pluie légère,Trois véhicules et plus - en chaîne,,,,,,,,,,,2,1,1,2,4
200500084487,0005-12-08 08:40:00,5,12,8,8,40,130,54.0,A55-Sens Marseille vers,,,Plein jour,Hors agglomération,Hors intersection,Pluie légère,Deux véhicules - côté,,,,,,,,,,,1,1,1,2,3
200500084488,0005-12-08 19:15:00,5,12,8,19,15,130,71.0,A51-Sens Marseille vers,,,Nuit sans éclairage public,Hors agglomération,Hors intersection,Temps couvert,Trois véhicules et plus - en chaîne,,,,,,,,,,,3,1,1,8,4
200500084489,0005-12-14 06:35:00,5,12,14,6,35,130,15.0,A51-Sens Aix en Provence,,,Nuit sans éclairage public,Hors agglomération,Hors intersection,Normale,Deux véhicules - côté,,,,,,,,,,,3,1,1,1,3
200500084490,0005-12-09 14:50:00,5,12,9,14,50,130,19.0,A51-Sens Aix en Provence,,,Plein jour,Hors agglomération,Hors intersection,Normale,Autre collision,,,,,,,,,,,1,1,1,1,6
200500084491,0005-12-10 03:45:00,5,12,10,3,45,130,26.0,A55-Sens Marseille vers,,,Nuit sans éclairage public,Hors agglomération,Autre intersection,Normale,Sans collision,,,,,,,,,,,3,1,9,1,7
200500084492,0005-12-10 22:00:00,5,12,10,22,0,130,70.0,A50-Sens Marseille vers,,,Nuit sans éclairage public,Hors agglomération,Hors intersection,Normale,Sans collision,,,,,,,,,,,3,1,1,1,7
200500084493,0005-12-11 11:50:00,5,12,11,11,50,130,19.0,A51-Sens Marseille vers,,,Plein jour,Hors agglomération,Hors intersection,Normale,Autre collision,,,,,,,,,,,1,1,1,1,6
200500084494,0005-12-12 06:45:00,5,12,12,6,45,130,71.0,A5502G-Sens Marseille ve,,,Nuit sans éclairage public,Hors agglomération,Hors intersection,Normale,Sans collision,,,,,,,,,,,3,1,1,1,7
200500084495,0005-12-12 09:35:00,5,12,12,9,35,130,88.0,A55-Sens Marseille vers,,,Plein jour,Hors agglomération,Hors intersection,Normale,Autre collision,,,,,,,,,,,1,1,1,1,6
200500084496,0005-12-12 12:30:00,5,12,12,12,30,130,22.0,A50-Sens Toulon vers Aub,,,Plein jour,Hors agglomération,Hors intersection,Normale,Sans collision,,,,,,,,,,,1,1,1,1,7
200500084497,0005-12-13 15:55:00,5,12,13,15,55,130,70.0,A50-Sens Aubagne vers Ma,,,Plein jour,Hors agglomération,Autre intersection,Normale,Deux véhicules - arrière,,,,,,,,,,,1,1,9,1,2
200500084498,0005-12-13 17:46:00,5,12,13,17,46,130,55.0,A7-Sens Marseille vers L,,,Nuit sans éclairage public,Hors agglomération,Hors intersection,Normale,Deux véhicules - arrière,,,,,,,,,,,3,1,1,1,2
200500084499,0005-12-14 17:45:00,5,12,14,17,45,130,106.0,A51-Sens Aix en Provence,,,Crépuscule ou aube,Hors agglomération,Hors intersection,Normale,Deux véhicules - arrière,,,,,,,,,,,2,1,1,1,2
200500084500,0005-12-14 19:15:00,5,12,14,19,15,130,55.0,A50-Sens Marseille vers,,,Nuit avec éclairage allumé,Hors agglomération,Hors intersection,Normale,Trois véhicules et plus - collisions multiples,,,,,,,,,,,5,1,1,1,5
200500084501,0005-12-15 18:05:00,5,12,15,18,5,130,22.0,A50-Sens Aubagne vers To,,,Nuit sans éclairage public,Hors agglomération,Hors intersection,Normale,Sans collision,,,,,,,,,,,3,1,1,1,7
200500084502,0005-12-16 18:00:00,5,12,16,18,0,130,55.0,A50-Sens Marseille vers,,,Nuit avec éclairage allumé,Hors agglomération,Hors intersection,Normale,Deux véhicules - arrière,,,,,,,,,,,5,1,1,1,2
200500084503,0005-12-16 19:40:00,5,12,16,19,40,130,5.0,A501-Sens Aubagne vers P,,,Crépuscule ou aube,Hors agglomération,Hors intersection,Normale,Sans collision,,,,,,,,,,,2,1,1,1,7
200500084504,0005-12-17 11:45:00,5,12,17,11,45,130,55.0,A55-Sens Marseille vers,,,Plein jour,Hors agglomération,Hors intersection,Normale,Autre collision,,,,,,,,,,,1,1,1,1,6
200500084505,0005-12-17 12:30:00,5,12,17,12,30,130,55.0,TVPCD-Sens Les Ports ver,,,Plein jour,Hors agglomération,Hors intersection,Normale,Deux véhicules - côté,,,,,,,,,,,1,1,1,1,3
200500084506,0005-12-17 15:40:00,5,12,17,15,40,130,5.0,A50-Sens Aubagne vers Ma,,,Plein jour,Hors agglomération,Hors intersection,Normale,Autre collision,,,,,,,,,,,1,1,1,1,6
200500084507,0005-12-18 15:20:00,5,12,18,15,20,130,55.0,A7-Sens Marseille vers L,,,Plein jour,Hors agglomération,Hors intersection,Normale,Autre collision,,,,,,,,,,,1,1,1,1,6
200500084508,0005-12-19 07:25:00,5,12,19,7,25,130,22.0,A50-Sens Aubagne vers To,,,Plein jour,Hors agglomération,Hors intersection,Normale,Deux véhicules - arrière,,,,,,,,,,,1,1,1,1,2
200500084509,0005-12-20 15:15:00,5,12,20,15,15,130,56.0,A55-Sens Marseille vers,,,Plein jour,Hors agglomération,Hors intersection,Normale,Sans collision,,,,,,,,,,,1,1,1,1,7
200500084510,0005-12-21 09:00:00,5,12,21,9,0,130,88.0,A55-Sens Marseille vers,,,Plein jour,Hors agglomération,Hors intersection,Normale,Autre collision,,,,,,,,,,,1,1,1,1,6
200500084511,0005-12-21 18:45:00,5,12,21,18,45,130,55.0,A7-Sens Marseille vers L,,,Nuit avec éclairage allumé,Hors agglomération,Hors intersection,Normale,Autre collision,,,,,,,,,,,5,1,1,1,6
200500084512,0005-12-21 17:50:00,5,12,21,17,50,130,55.0,"A50, A50-Sens Aubagne ve",,,Nuit avec éclairage allumé,Hors agglomération,Hors intersection,Normale,Trois véhicules et plus - en chaîne,,,,,,,,,,,5,1,1,1,4
200500084513,0005-12-22 05:10:00,5,12,22,5,10,130,71.0,A55 - Sens Marseille ver,,,Nuit sans éclairage public,Hors agglomération,Hors intersection,Autre,Sans collision,,,,,,,,,,,3,1,1,9,7
200500084514,0005-12-22 05:15:00,5,12,22,5,15,130,71.0,A5502G-Sens Marseille ve,,,Nuit sans éclairage public,Hors agglomération,Hors intersection,Autre,Trois véhicules et plus - collisions multiples,,,,,,,,,,,3,1,1,9,5
200500084515,0005-12-22 05:11:00,5,12,22,5,11,130,71.0,A55 - Sens Marseille ver,,,Nuit sans éclairage public,Hors agglomération,Hors intersection,Autre,Trois véhicules et plus - collisions multiples,,,,,,,,,,,3,1,1,9,5
200500084516,0005-12-22 07:30:00,5,12,22,7,30,130,71.0,A7-Sens Marseille vers L,,,Nuit sans éclairage public,Hors agglomération,Hors intersection,Temps couvert,Autre collision,,,,,,,,,,,3,1,1,8,6
200500084517,0005-12-24 19:25:00,5,12,24,19,25,130,71.0,A7-Sens Lyon vers Marsei,,,Nuit avec éclairage allumé,Hors agglomération,Hors intersection,Normale,Deux véhicules - côté,,,,,,,,,,,5,1,1,1,3