accident_id,datetime,annee,mois,jour,heure,minute,departement,commune_insee,adresse,latitude,longitude,luminosite,agglomeration,intersection,meteo,collision,nb_vehicules,nb_usagers,nb_indemnes,nb_tues,nb_blesses_hosp,nb_blesses_legers,age_cond_1,age_cond_2,veh_type_cond_1,veh_type_cond_2,lum_code,agg_code,int_code,atm_code,col_code
200500084518,0005-12-26 13:15:00,5,12,26,13,15,130,55.0,A7-Sens Marseille vers L,,,Plein jour,Hors agglomération,Hors intersection,Normale,Deux véhicules - côté,,,,,,,,,,,1,1,1,1,3
200500084519,0005-12-27 17:00:00,5,12,27,17,0,130,71.0,A51-Sens Marseille vers,,,Plein jour,Hors agglomération,Hors intersection,Normale,Deux véhicules - arrière,,,,,,,,,,,1,1,1,1,2
200500084520,0005-12-22 17:40:00,5,12,22,17,40,130,55.0,A55-Sens Martigues vers,,,Crépuscule ou aube,Hors agglomération,Hors intersection,Normale,Sans collision,,,,,,,,,,,2,1,1,1,7
200500084521,0005-12-30 20:00:00,5,12,30,20,0,130,55.0,A7-Sens Marseille vers L,,,Nuit avec éclairage allumé,Hors agglomération,Hors intersection,Normale,Deux véhicules - arrière,,,,,,,,,,,5,1,1,1,2
200500084522,0005-12-31 12:30:00,5,12,31,12,30,130,71.0,A51-Sens Aix en Provence,,,Plein jour,Hors agglomération,Hors intersection,Normale,Autre collision,,,,,,,,,,,1,1,1,1,6
200500084523,0005-12-31 14:12:00,5,12,31,14,12,130,55.0,A7-Sens Marseille vers L,,,Plein jour,Hors agglomération,Hors intersection,Temps couvert,Sans collision,,,,,,,,,,,1,1,1,8,7
200500084524,0005-12-31 20:20:00,5,12,31,20,20,130,55.0,A55-Sens Martigues vers,,,Nuit sans éclairage public,Hors agglomération,Hors intersection,Pluie légère,Sans collision,,,,,,,,,,,3,1,1,2,7
200500084525,0005-12-31 20:30:00,5,12,31,20,30,130,55.0,A55-Sens Martigues vers,,,Nuit sans éclairage public,Hors agglomération,Hors intersection,Normale,Deux véhicules - arrière,,,,,,,,,,,3,1,1,1,2
200500084526,0005-01-29 17:00:00,5,1,29,17,0,972,224.0,Cité chapelle,,,Plein jour,En agglomération,Hors intersection,Normale,Autre collision,,,,,,,,,,,1,2,1,1,6
200500084527,0005-01-26 19:45:00,5,1,26,19,45,972,205.0,,,,Nuit sans éclairage public,Hors agglomération,Hors intersection,Normale,Deux véhicules - frontale,,,,,,,,,,,3,1,1,1,1
200500084528,0005-01-26 13:30:00,5,1,26,13,30,972,213.0,,,,Plein jour,Hors agglomération,Hors intersection,Normale,Deux véhicules - côté,,,,,,,,,,,1,1,1,1,3
200500084529,0005-01-01 01:00:00,5,1,1,1,0,972,210.0,DOSTALY-,,,Plein jour,En agglomération,Hors intersection,Normale,Deux véhicules - côté,,,,,,,,,,,1,2,1,1,3
200500084530,0005-01-22 14:00:00,5,1,22,14,0,972,220.0,Route nationale 8,,,Plein jour,En agglomération,Hors intersection,Normale,Deux véhicules - frontale,,,,,,,,,,,1,2,1,1,1
200500084531,0005-01-09 19:00:00,5,1,9,19,0,972,221.0,,,,Nuit sans éclairage public,Hors agglomération,Autre intersection,Pluie forte,Deux véhicules - frontale,,,,,,,,,,,3,1,9,3,1
200500084532,0005-01-17 12:00:00,5,1,17,12,0,972,221.0,,,,Plein jour,Hors agglomération,Hors intersection,Normale,Deux véhicules - frontale,,,,,,,,,,,1,1,1,1,1
200500084533,0005-01-26 15:00:00,5,1,26,15,0,972,221.0,,,,Plein jour,Hors agglomération,Hors intersection,Normale,Deux véhicules - côté,,,,,,,,,,,1,1,1,1,3
200500084534,0005-01-02 04:45:00,5,1,2,4,45,972,230.0,,,,Nuit sans éclairage public,Hors agglomération,Hors intersection,Normale,Autre collision,,,,,,,,,,,3,1,1,1,6
200500084535,0005-01-16 15:00:00,5,1,16,15,0,972,230.0,,,,Plein jour,Hors agglomération,Hors intersection,Normale,Trois véhicules et plus - collisions multiples,,,,,,,,,,,1,1,1,1,5
200500084536,0005-01-03 08:45:00,5,1,3,8,45,972,222.0,,,,Plein jour,Hors agglomération,Hors intersection,Normale,Deux véhicules - côté,,,,,,,,,,,1,1,1,1,3
200500084537,0005-01-05 15:00:00,5,1,5,15,0,972,222.0,,,,Plein jour,Hors agglomération,Hors intersection,Pluie légère,Deux véhicules - côté,,,,,,,,,,,1,1,1,2,3
200500084538,0005-01-17 17:45:00,5,1,17,17,45,972,222.0,RD1 Quartier Four à Chau,,,Plein jour,En agglomération,Hors intersection,Normale,Deux véhicules - côté,,,,,,,,,,,1,2,1,1,3
200500084539,0005-01-11 06:15:00,5,1,11,6,15,972,228.0,,,,Crépuscule ou aube,Hors agglomération,Hors intersection,Pluie légère,Deux véhicules - frontale,,,,,,,,,,,2,1,1,2,1
200500084540,0005-01-11 21:30:00,5,1,11,21,30,972,203.0,QUARTIER LACROIX,,,Nuit sans éclairage public,En agglomération,Hors intersection,Normale,Deux véhicules - frontale,,,,,,,,,,,3,2,1,1,1
200500084541,0005-01-31 06:45:00,5,1,31,6,45,971,134.0,,,,Plein jour,Hors agglomération,Hors intersection,Normale,Deux véhicules - frontale,,,,,,,,,,,1,1,1,1,1
200500084542,0005-01-08 12:15:00,5,1,8,12,15,971,106.0,,,,Plein jour,Hors agglomération,Hors intersection,Pluie forte,Trois véhicules et plus - collisions multiples,,,,,,,,,,,1,1,1,3,5
200500084543,0005-01-23 19:00:00,5,1,23,19,0,971,111.0,,,,Nuit sans éclairage public,Hors agglomération,Hors intersection,Normale,Autre collision,,,,,,,,,,,3,1,1,1,6
200500084544,0005-01-21 09:00:00,5,1,21,9,0,971,109.0,,,,Plein jour,Hors agglomération,Hors intersection,Normale,Deux véhicules - arrière,,,,,,,,,,,1,1,1,1,2
200500084545,0005-01-01 07:00:00,5,1,1,7,0,971,123.0,,,,Crépuscule ou aube,En agglomération,Hors intersection,Normale,Deux véhicules - côté,,,,,,,,,,,2,2,1,1,3
200500084546,0005-01-18 16:00:00,5,1,18,16,0,971,127.0,,,,Plein jour,Hors agglomération,Hors intersection,Normale,Deux véhicules - frontale,,,,,,,,,,,1,1,1,1,1
200500084547,0005-01-26 07:00:00,5,1,26,7,0,971,127.0,,,,Crépuscule ou aube,Hors agglomération,Hors intersection,Normale,Deux véhicules - côté,,,,,,,,,,,2,1,1,1,3
200500084548,0005-01-25 20:15:00,5,1,25,20,15,971,127.0,5 RUE L.C. FLEMMING,,,Nuit avec éclairage allumé,En agglomération,Hors intersection,Normale,Autre collision,,,,,,,,,,,5,2,1,1,6
200500084549,0005-01-14 12:00:00,5,1,14,12,0,971,118.0,,,,Plein jour,Hors agglomération,Hors intersection,Normale,Trois véhicules et plus - en chaîne,,,,,,,,,,,1,1,1,1,4
200500084550,0005-01-05 14:45:00,5,1,5,14,45,971,112.0,,,,Plein jour,Hors agglomération,Hors intersection,Normale,Deux véhicules - côté,,,,,,,,,,,1,1,1,1,3
200500084551,0005-01-12 14:45:00,5,1,12,14,45,971,112.0,,,,Plein jour,Hors agglomération,Hors intersection,Normale,Sans collision,,,,,,,,,,,1,1,1,1,7
200500084552,0005-01-29 19:30:00,5,1,29,19,30,971,117.0,,,,Nuit avec éclairage allumé,Hors agglomération,Hors intersection,Normale,Autre collision,,,,,,,,,,,5,1,1,1,6
200500084553,0005-01-14 20:30:00,5,1,14,20,30,971,119.0,,,,Nuit sans éclairage public,Hors agglomération,Hors intersection,Pluie forte,Autre collision,,,,,,,,,,,3,1,1,3,6
200500084554,0005-01-03 10:15:00,5,1,3,10,15,971,125.0,,,,Plein jour,Hors agglomération,Intersection en X,Normale,Deux véhicules - côté,,,,,,,,,,,1,1,2,1,3
200500084555,0005-01-07 03:30:00,5,1,7,3,30,971,125.0,,,,Nuit sans éclairage public,Hors agglomération,Hors intersection,Normale,Sans collision,,,,,,,,,,,3,1,1,1,7
200500084556,0005-01-18 18:30:00,5,1,18,18,30,971,125.0,INTER REPUBLIQUE/OUIDAH,,,Crépuscule ou aube,En agglomération,Hors intersection,Normale,Deux véhicules - côté,,,,,,,,,,,2,2,1,1,3
200500084557,0005-01-07 21:15:00,5,1,7,21,15,971,128.0,,,,Nuit sans éclairage public,Hors agglomération,Hors intersection,Pluie légère,Autre collision,,,,,,,,,,,3,1,1,2,6
200500084558,0005-01-09 19:30:00,5,1,9,19,30,971,128.0,,,,Crépuscule ou aube,Hors agglomération,Hors intersection,Pluie légère,Deux véhicules - arrière,,,,,,,,,,,2,1,1,2,2
200500084559,0005-01-17 07:45:00,5,1,17,7,45,971,128.0,,,,Plein jour,Hors agglomération,Hors intersection,Normale,Trois véhicules et plus - collisions multiples,,,,,,,,,,,1,1,1,1,5
200500084560,0005-01-18 15:15:00,5,1,18,15,15,971,128.0,,,,Plein jour,Hors agglomération,Hors intersection,Normale,Deux véhicules - frontale,,,,,,,,,,,1,1,1,1,1
200500084561,0005-01-27 06:30:00,5,1,27,6,30,971,128.0,,,,Plein jour,Hors agglomération,Autre intersection,Normale,Autre collision,,,,,,,,,,,1,1,9,1,6
200500084562,0005-01-15 11:45:00,5,1,15,11,45,971,116.0,,,,Plein jour,Hors agglomération,Hors intersection,Normale,Deux véhicules - frontale,,,,,,,,,,,1,1,1,1,1
200500084563,0005-01-30 17:00:00,5,1,30,17,0,971,116.0,,,,Plein jour,Hors agglomération,Hors intersection,Normale,Sans collision,,,,,,,,,,,1,1,1,1,7
200500084564,0005-01-11 20:15:00,5,1,11,20,15,973,309.0,route de montjoly,,,Nuit avec éclairage allumé,En agglomération,Hors intersection,Normale,Autre collision,,,,,,,,,,,5,2,1,1,6
200500084565,0005-01-04 00:30:00,5,1,4,0,30,973,305.0,,,,Nuit avec éclairage allumé,Hors agglomération,Hors intersection,Pluie légère,Autre collision,,,,,,,,,,,5,1,1,2,6
200500084566,0005-01-26 16:15:00,5,1,26,16,15,973,305.0,,,,Plein jour,Hors agglomération,Hors intersection,Pluie légère,Autre collision,,,,,,,,,,,1,1,1,2,6
200500084567,0005-01-23 17:45:00,5,1,23,17,45,973,301.0,,,,Plein jour,Hors agglomération,Intersection en X,Normale,Sans collision,,,,,,,,,,,1,1,2,1,7
200500084568,0005-01-08 04:00:00,5,1,8,4,0,973,310.0,,,,Nuit sans éclairage public,Hors agglomération,Hors intersection,Normale,Autre collision,,,,,,,,,,,3,1,1,1,6
200500084569,0005-01-13 20:00:00,5,1,13,20,0,973,311.0,,,,Nuit avec éclairage allumé,Hors agglomération,Hors intersection,Normale,Deux véhicules - frontale,,,,,,,,,,,5,1,1,1,1
200500084570,0005-01-30 05:30:00,5,1,30,5,30,973,311.0,,,,Crépuscule ou aube,Hors agglomération,Hors intersection,Normale,Sans collision,,,,,,,,,,,2,1,1,1,7
200500084571,0005-01-01 05:00:00,5,1,1,5,0,973,306.0,,,,Nuit sans éclairage public,Hors agglomération,Hors intersection,Normale,Autre collision,,,,,,,,,,,3,1,1,1,6
200500084572,0005-01-23 17:30:00,5,1,23,17,30,973,306.0,Rue Gazel et Rigat,,,Plein jour,En agglomération,Intersection en X,Normale,Deux véhicules - côté,,,,,,,,,,,1,2,2,1,3
200500084573,0005-01-11 19:45:00,5,1,11,19,45,974,407.0,Au niveau de l'école Eug,,,Nuit avec éclairage allumé,En agglomération,Hors intersection,Normale,Deux véhicules - côté,,,,,,,,,,,5,2,1,1,3
200500084574,0005-01-03 20:15:00,5,1,3,20,15,974,420.0,,,,Nuit sans éclairage public,Hors agglomération,Hors intersection,Normale,Deux véhicules - côté,,,,,,,,,,,3,1,1,1,3
200500084575,0005-01-09 19:15:00,5,1,9,19,15,974,420.0,,,,Nuit sans éclairage public,Hors agglomération,Hors intersection,Pluie légère,Deux véhicules - frontale,,,,,,,,,,,3,1,1,2,1
200500084576,0005-01-20 18:30:00,5,1,20,18,30,974,410.0,,,,Plein jour,En agglomération,Hors intersection,Normale,Deux véhicules - côté,,,,,,,,,,,1,2,1,1,3
200500084577,0005-01-25 10:30:00,5,1,25,10,30,974,402.0,,,,Plein jour,Hors agglomération,Hors intersection,Pluie légère,Sans collision,,,,,,,,,,,1,1,1,2,7
200500084578,0005-01-28 14:45:00,5,1,28,14,45,974,415.0,,,,Plein jour,Hors agglomération,Hors intersection,Pluie forte,Autre collision,,,,,,,,,,,1,1,1,3,6
200500084579,0005-01-05 14:15:00,5,1,5,14,15,974,468.0,,,,Plein jour,Hors agglomération,Autre intersection,Normale,Deux véhicules - frontale,,,,,,,,,,,1,1,9,1,1
200500084580,0005-01-06 12:45:00,5,1,6,12,45,974,404.0,,,,Plein jour,Hors agglomération,Intersection en X,Normale,Trois véhicules et plus - collisions multiples,,,,,,,,,,,1,1,2,1,5
200500084581,0005-01-18 05:15:00,5,1,18,5,15,974,423.0,,,,Nuit sans éclairage public,Hors agglomération,Hors intersection,Normale,Deux véhicules - frontale,,,,,,,,,,,3,1,1,1,1
200500084582,0005-01-19 19:30:00,5,1,19,19,30,974,405.0,,,,Nuit sans éclairage public,Hors agglomération,Hors intersection,Normale,Deux véhicules - côté,,,,,,,,,,,3,1,1,1,3
200500084583,0005-01-13 23:30:00,5,1,13,23,30,974,414.0,RUE VOLTAIRE,,,Nuit sans éclairage public,En agglomération,Autre intersection,Normale,Sans collision,,,,,,,,,,,3,2,9,1,7
200500084584,0005-01-18 14:45:00,5,1,18,14,45,974,449.0,,,,Plein jour,Hors agglomération,Hors intersection,Temps couvert,Autre collision,,,,,,,,,,,1,1,1,8,6
200500084585,0005-01-29 15:15:00,5,1,29,15,15,974,449.0,rue raphel douyère,,,Plein jour,En agglomération,Hors intersection,Normale,Deux véhicules - arrière,,,,,,,,,,,1,2,1,1,2
200500084586,0005-01-08 06:45:00,5,1,8,6,45,974,412.0,,,,Plein jour,Hors agglomération,Hors intersection,Normale,Autre collision,,,,,,,,,,,1,1,1,1,6
200500084587,0005-01-29 12:00:00,5,1,29,12,0,974,422.0,,,,Plein jour,Hors agglomération,Intersection en T,Normale,Deux véhicules - frontale,,,,,,,,,,,1,1,3,1,1
200500084608,0005-01-04 20:45:00,5,1,4,20,45,971,103.0,,,,Nuit sans éclairage public,Hors agglomération,Hors intersection,Normale,Autre collision,,,,,,,,,,,3,1,1,1,6
200500084609,0005-01-20 04:15:00,5,1,20,4,15,971,103.0,,,,Nuit sans éclairage public,Hors agglomération,Hors intersection,Normale,Sans collision,,,,,,,,,,,3,1,1,1,7
200500084610,0005-01-30 01:15:00,5,1,30,1,15,971,103.0,,,,Nuit sans éclairage public,Hors agglomération,Hors intersection,Normale,Trois véhicules et plus - collisions multiples,,,,,,,,,,,3,1,1,1,5
200500084611,0005-01-29 23:00:00,5,1,29,23,0,971,103.0,BLD RECONCILIATION,,,Nuit avec éclairage allumé,En agglomération,Hors intersection,Normale,Deux véhicules - frontale,,,,,,,,,,,5,2,1,1,1
200500084614,0005-01-06 08:45:00,5,1,6,8,45,973,309.0,Route de Montjoly,,,Plein jour,En agglomération,Hors intersection,Pluie légère,Deux véhicules - côté,,,,,,,,,,,1,2,1,2,3
200500084615,0005-01-30 20:30:00,5,1,30,20,30,973,309.0,,,,Nuit sans éclairage public,Hors agglomération,Hors intersection,Pluie légère,Deux véhicules - frontale,,,,,,,,,,,3,1,1,2,1
200500084616,0005-01-23 13:15:00,5,1,23,13,15,974,460.0,"CD 4, rue Montrouge",,,Plein jour,En agglomération,Hors intersection,Normale,Autre collision,,,,,,,,,,,1,2,1,1,6
200500084617,0005-01-23 09:45:00,5,1,23,9,45,974,440.0,rue gabriel martin,,,Plein jour,En agglomération,Hors intersection,Normale,Sans collision,,,,,,,,,,,1,2,1,1,7
200500084618,0005-01-01 04:00:00,5,1,1,4,0,973,304.0,Rue L.Sendar Senghor,,,Nuit avec éclairage allumé,En agglomération,Hors intersection,Temps couvert,Deux véhicules - côté,,,,,,,,,,,5,2,1,8,3
200500084619,0005-01-15 09:15:00,5,1,15,9,15,973,304.0,AVENUE DE LA PASSOURA,,,Plein jour,En agglomération,Hors intersection,Normale,Deux véhicules - frontale,,,,,,,,,,,1,2,1,1,1
200500084620,0005-01-17 08:00:00,5,1,17,8,0,973,304.0,,,,Plein jour,Hors agglomération,Hors intersection,Temps couvert,Deux véhicules - côté,,,,,,,,,,,1,1,1,8,3
200500084621,0005-01-12 12:00:00,5,1,12,12,0,972,227.0,,,,Plein jour,Hors agglomération,Hors intersection,Normale,Autre collision,,,,,,,,,,,1,1,1,1,6
200500084622,0005-01-28 12:45:00,5,1,28,12,45,972,227.0,,,,Plein jour,Hors agglomération,Hors intersection,Normale,Deux véhicules - frontale,,,,,,,,,,,1,1,1,1,1
200500084623,0005-01-30 06:00:00,5,1,30,6,0,974,416.0,,,,Plein jour,Hors agglomération,Hors intersection,Normale,Deux véhicules - arrière,,,,,,,,,,,1,1,1,1,2
200500084624,0005-01-07 08:30:00,5,1,7,8,30,974,416.0,,,,Nuit avec éclairage allumé,Hors agglomération,Hors intersection,Normale,Deux véhicules - côté,,,,,,,,,,,5,1,1,1,3
200500084625,0005-01-09 10:15:00,5,1,9,10,15,974,416.0,LIGNE PARADIS,,,Plein jour,En agglomération,Hors intersection,Normale,Deux véhicules - frontale,,,,,,,,,,,1,2,1,1,1
200500084627,0005-01-08 10:30:00,5,1,8,10,30,971,105.0,", VICTOR HUGUES (RUE)",,,Plein jour,En agglomération,Hors intersection,Pluie légère,Trois véhicules et plus - en chaîne,,,,,,,,,,,1,2,1,2,4
200500084628,0005-01-02 09:50:00,5,1,2,9,50,971,113.0,"00, SECTION GRANDE RAVIN",,,Plein jour,En agglomération,Hors intersection,Pluie légère,Deux véhicules - côté,,,,,,,,,,,1,2,1,2,3
200500084629,0005-01-05 13:15:00,5,1,5,13,15,971,101.0,"00, LACROIX",,,Plein jour,En agglomération,Hors intersection,Normale,Deux véhicules - arrière,,,,,,,,,,,1,2,1,1,2
200500084630,0005-01-11 05:15:00,5,1,11,5,15,971,113.0,SECTION SIMONET,,,Nuit sans éclairage public,En agglomération,Hors intersection,Normale,Sans collision,,,,,,,,,,,3,2,1,1,7
200500084631,0005-01-01 10:00:00,5,1,1,10,0,971,113.0,"00, SECTION LABROUSSE",,,Plein jour,En agglomération,Hors intersection,Normale,Deux véhicules - frontale,,,,,,,,,,,1,2,1,1,1
200500084632,0005-01-15 12:40:00,5,1,15,12,40,971,101.0,"00, BOISRIPEAUX",,,Plein jour,En agglomération,Hors intersection,Normale,Autre collision,,,,,,,,,,,1,2,1,1,6
200500084633,0005-01-19 16:15:00,5,1,19,16,15,971,113.0,"00, SECTION SIMONET",,,Plein jour,En agglomération,Hors intersection,Normale,Autre collision,,,,,,,,,,,1,2,1,1,6
200500084634,0005-01-21 18:45:00,5,1,21,18,45,971,113.0,"00, SECTION SIMONET",,,Nuit sans éclairage public,En agglomération,Hors intersection,Normale,Deux véhicules - côté,,,,,,,,,,,3,2,1,1,3
200500084635,0005-01-17 20:00:00,5,1,17,20,0,971,113.0,"04, RN4 - SECTION RIVIER",,,Nuit avec éclairage allumé,En agglomération,Hors intersection,Normale,Deux véhicules - côté,,,,,,,,,,,5,2,1,1,3
200500084636,0005-01-24 17:10:00,5,1,24,17,10,971,101.0,"00, BAIMBRIDGE",,,Crépuscule ou aube,En agglomération,Hors intersection,Normale,Deux véhicules - arrière,,,,,,,,,,,2,2,1,1,2
200500084637,0005-01-29 12:15:00,5,1,29,12,15,971,101.0,"00, ROUTE DE BOISVINS",,,Plein jour,En agglomération,Hors intersection,Normale,Autre collision,,,,,,,,,,,1,2,1,1,6
200500084638,0005-01-26 15:25:00,5,1,26,15,25,971,101.0,"00, PETIT PEROU",,,Plein jour,En agglomération,Intersection en T,Normale,Deux véhicules - côté,,,,,,,,,,,1,2,3,1,3
200500084639,0005-01-20 13:10:00,5,1,20,13,10,971,101.0,"04, BLANCHARD",,,Plein jour,En agglomération,Hors intersection,Normale,Deux véhicules - frontale,,,,,,,,,,,1,2,1,1,1
200500084640,0005-01-16 00:55:00,5,1,16,0,55,971,101.0,"00, BLANCHARD",,,Nuit avec éclairage allumé,En agglomération,Hors intersection,Normale,Deux véhicules - frontale,,,,,,,,,,,5,2,1,1,1
200500084641,0005-01-26 15:30:00,5,1,26,15,30,971,101.0,"00, DOTHEMARE",,,Plein jour,En agglomération,Hors intersection,Normale,Deux véhicules - côté,,,,,,,,,,,1,2,1,1,3
200500084642,0005-01-02 11:30:00,5,1,2,11,30,972,209.0,SOLEIL LEVANT (BOULEVARD,,,Plein jour,En agglomération,Hors intersection,Pluie légère,Deux véhicules - arrière,,,,,,,,,,,1,2,1,2,2
200500084643,0005-01-03 15:08:00,5,1,3,15,8,972,209.0,MAURICE BISHOP (RUE),,,Plein jour,En agglomération,Hors intersection,Normale,Deux véhicules - arrière,,,,,,,,,,,1,2,1,1,2
200500084644,0005-01-03 13:40:00,5,1,3,13,40,972,209.0,SOLEIL LEVANT (BOULEVARD,,,Plein jour,En agglomération,Hors intersection,Pluie légère,Deux véhicules - frontale,,,,,,,,,,,1,2,1,2,1
200500084645,0005-01-05 10:30:00,5,1,5,10,30,972,209.0,MOUTTE (ROUTE DE),,,Plein jour,En agglomération,Hors intersection,Normale,Autre collision,,,,,,,,,,,1,2,1,1,6
200500084646,0005-01-06 17:15:00,5,1,6,17,15,972,209.0,PAIX (RUE DE LA ),,,Crépuscule ou aube,En agglomération,Hors intersection,Pluie légère,Autre collision,,,,,,,,,,,2,2,1,2,6
200500084647,0005-01-02 19:20:00,5,1,2,19,20,972,209.0,BALATA (ROUTE DE),,,Nuit avec éclairage allumé,En agglomération,Hors intersection,Normale,Deux véhicules - frontale,,,,,,,,,,,5,2,1,1,1
200500084648,0005-01-09 16:38:00,5,1,9,16,38,972,209.0,MOUTTE (ROUTE DE),,,Plein jour,En agglomération,Hors intersection,Pluie légère,Deux véhicules - frontale,,,,,,,,,,,1,2,1,2,1
200500084649,0005-01-10 14:15:00,5,1,10,14,15,972,209.0,ROBERT ATTULY (BOULEVARD,,,Plein jour,En agglomération,Intersection en X,Normale,Autre collision,,,,,,,,,,,1,2,2,1,6
200500084650,0005-01-10 18:00:00,5,1,10,18,0,972,209.0,MAURICE BISHOP (RUE),,,Crépuscule ou aube,En agglomération,Hors intersection,Normale,Deux véhicules - côté,,,,,,,,,,,2,2,1,1,3
200500084651,0005-01-10 20:45:00,5,1,10,20,45,972,209.0,", BALATA (ROUTE DE)",,,Nuit avec éclairage allumé,En agglomération,Hors intersection,Pluie légère,Deux véhicules - frontale,,,,,,,,,,,5,2,1,2,1
200500084652,0005-01-11 17:00:00,5,1,11,17,0,972,209.0,"10, FRANTZ FANON (IMPASS",,,Plein jour,En agglomération,Hors intersection,Normale,Deux véhicules - côté,,,,,,,,,,,1,2,1,1,3
200500084653,0005-01-15 16:30:00,5,1,15,16,30,972,203.0,RN1,,,Plein jour,En agglomération,Hors intersection,Normale,Autre collision,,,,,,,,,,,1,2,1,1,6
200500084654,0005-01-18 08:50:00,5,1,18,8,50,972,209.0,ERNEST DEPROGE (RUE),,,Plein jour,En agglomération,Hors intersection,Pluie légère,Autre collision,,,,,,,,,,,1,2,1,2,6
200500084655,0005-01-18 10:25:00,5,1,18,10,25,972,209.0,LIBERTE (RUE DE LA),,,Plein jour,En agglomération,Hors intersection,Normale,Autre collision,,,,,,,,,,,1,2,1,1,6
200500084656,0005-01-16 03:30:00,5,1,16,3,30,972,209.0,ROCADE (RUE DE LA),,,Nuit avec éclairage non allumé,En agglomération,Hors intersection,Pluie légère,Autre collision,,,,,,,,,,,4,2,1,2,6
200500084657,0005-01-21 08:15:00,5,1,21,8,15,972,209.0,ARAWAKS (AVENUE DES),,,Plein jour,En agglomération,Hors intersection,Normale,Autre collision,,,,,,,,,,,1,2,1,1,6
200500084658,0005-01-23 01:05:00,5,1,23,1,5,972,209.0,OSMAN NADEAU (CHEMIN),,,Nuit avec éclairage allumé,En agglomération,Hors intersection,Normale,Deux véhicules - côté,,,,,,,,,,,5,2,1,1,3
200500084659,0005-01-21 09:25:00,5,1,21,9,25,972,209.0,LEOPOLD SEDAR SENGOR (AV,,,Plein jour,En agglomération,Intersection en X,Normale,Deux véhicules - côté,,,,,,,,,,,1,2,2,1,3
200500084660,0005-01-23 21:15:00,5,1,23,21,15,972,209.0,SOLEIL LEVANT (BOULEVARD,,,Nuit avec éclairage allumé,En agglomération,Hors intersection,Normale,Deux véhicules - arrière,,,,,,,,,,,5,2,1,1,2
200500084661,0005-01-26 19:40:00,5,1,26,19,40,972,209.0,GENERAL DE GAULLE (BLD D,,,Nuit avec éclairage allumé,En agglomération,Hors intersection,Normale,Autre collision,,,,,,,,,,,5,2,1,1,6
200500084662,0005-01-25 13:10:00,5,1,25,13,10,972,209.0,SOLEIL LEVANT (BOULEVARD,,,Plein jour,En agglomération,Hors intersection,Normale,Deux véhicules - frontale,,,,,,,,,,,1,2,1,1,1
200500084663,0005-01-27 17:00:00,5,1,27,17,0,972,209.0,FOLIE (ROUTE DE LA),,,Plein jour,En agglomération,Hors intersection,Normale,Deux véhicules - arrière,,,,,,,,,,,1,2,1,1,2
200500084664,0005-01-28 10:35:00,5,1,28,10,35,972,209.0,PROFESSEUR RAYMOND GARCI,,,Plein jour,En agglomération,Hors intersection,Normale,Autre collision,,,,,,,,,,,1,2,1,1,6
200500084665,0005-01-28 17:10:00,5,1,28,17,10,972,209.0,FOLIE (ROUTE DE LA),,,Plein jour,En agglomération,Hors intersection,Normale,Autre collision,,,,,,,,,,,1,2,1,1,6
200500084666,0005-01-29 04:30:00,5,1,29,4,30,972,209.0,MAURICE BISHOP (RUE),,,Nuit avec éclairage allumé,En agglomération,Hors intersection,Normale,Autre collision,,,,,,,,,,,5,2,1,1,6
200500084667,0005-01-29 09:20:00,5,1,29,9,20,972,209.0,MAURICE BISHOP (RUE),,,Plein jour,En agglomération,Hors intersection,Normale,Sans collision,,,,,,,,,,,1,2,1,1,7
200500084668,0005-01-29 20:00:00,5,1,29,20,0,972,209.0,SOLEIL LEVANT (BOULEVARD,,,Nuit avec éclairage allumé,En agglomération,Hors intersection,Normale,Deux véhicules - côté,,,,,,,,,,,5,2,1,1,3
200500084669,0005-01-30 16:15:00,5,1,30,16,15,972,209.0,PASTEUR (AVENUE),,,Plein jour,En agglomération,Hors intersection,Normale,Deux véhicules - frontale,,,,,,,,,,,1,2,1,1,1
200500084670,0005-01-31 12:40:00,5,1,31,12,40,972,209.0,GRAND CARAIBE (RUE DU),,,Plein jour,En agglomération,Hors intersection,Normale,Deux véhicules - frontale,,,,,,,,,,,1,2,1,1,1
200500084671,0005-01-01 02:50:00,5,1,1,2,50,973,302.0,MONTABO (ROUTE DE) 4,,,Nuit avec éclairage allumé,En agglomération,Hors intersection,Normale,Deux véhicules - côté,,,,,,,,,,,5,2,1,1,3
200500084672,0005-01-01 04:00:00,5,1,1,4,0,973,302.0,CABASSOU (ROUTE DE),,,Nuit avec éclairage allumé,En agglomération,Hors intersection,Normale,Deux véhicules - frontale,,,,,,,,,,,5,2,1,1,1
200500084673,0005-01-03 18:25:00,5,1,3,18,25,973,302.0,MADELEINE (ROUTE DE LA),,,Nuit avec éclairage allumé,En agglomération,Hors intersection,Normale,Deux véhicules - côté,,,,,,,,,,,5,2,1,1,3
200500084674,0005-01-01 07:47:00,5,1,1,7,47,973,302.0,MARINGOUINS (ROND-POINT),,,Plein jour,En agglomération,Hors intersection,Normale,Sans collision,,,,,,,,,,,1,2,1,1,7
200500084675,0005-01-06 07:30:00,5,1,6,7,30,973,302.0,BADUEL (ROUTE DE),,,Plein jour,En agglomération,Hors intersection,Normale,Autre collision,,,,,,,,,,,1,2,1,1,6