accident_id,datetime,annee,mois,jour,heure,minute,departement,commune_insee,adresse,latitude,longitude,luminosite,agglomeration,intersection,meteo,collision,nb_vehicules,nb_usagers,nb_indemnes,nb_tues,nb_blesses_hosp,nb_blesses_legers,age_cond_1,age_cond_2,veh_type_cond_1,veh_type_cond_2,lum_code,agg_code,int_code,atm_code,col_code
200500084676,0005-01-09 18:40:00,5,1,9,18,40,973,302.0,TIGRE (ROUTE DU),,,Crépuscule ou aube,En agglomération,Hors intersection,Normale,Deux véhicules - côté,,,,,,,,,,,2,2,1,1,3
200500084677,0005-01-07 12:00:00,5,1,7,12,0,973,302.0,VIRGILE (AVENUE),,,Plein jour,En agglomération,Hors intersection,Normale,Deux véhicules - arrière,,,,,,,,,,,1,2,1,1,2
200500084678,0005-01-07 13:40:00,5,1,7,13,40,973,302.0,BADUEL (ROUTE DE),,,Plein jour,En agglomération,Hors intersection,Normale,Deux véhicules - arrière,,,,,,,,,,,1,2,1,1,2
200500084679,0005-01-06 15:30:00,5,1,6,15,30,973,302.0,BADUEL (ROUTE DE),,,Plein jour,En agglomération,Hors intersection,Normale,Deux véhicules - frontale,,,,,,,,,,,1,2,1,1,1
200500084680,0005-01-07 15:15:00,5,1,7,15,15,973,302.0,NOVAPARC (RESIDENCE) RTE,,,Plein jour,En agglomération,Hors intersection,Normale,Deux véhicules - côté,,,,,,,,,,,1,2,1,1,3
200500084681,0005-01-08 10:55:00,5,1,8,10,55,973,302.0,MADELEINE (ROUTE DE LA),,,Plein jour,En agglomération,Hors intersection,Normale,Deux véhicules - côté,,,,,,,,,,,1,2,1,1,3
200500084682,0005-01-10 13:26:00,5,1,10,13,26,973,302.0,TIGRE (ROUTE DU),,,Plein jour,En agglomération,Hors intersection,Normale,Deux véhicules - côté,,,,,,,,,,,1,2,1,1,3
200500084683,0005-01-08 06:20:00,5,1,8,6,20,973,302.0,ROCADE FELIX EBOUE,,,Plein jour,En agglomération,Hors intersection,Normale,Trois véhicules et plus - collisions multiples,,,,,,,,,,,1,2,1,1,5
200500084684,0005-01-11 19:05:00,5,1,11,19,5,973,302.0,TROUBIRAN (CHEMIN DE),,,Nuit avec éclairage allumé,En agglomération,Hors intersection,Normale,Deux véhicules - côté,,,,,,,,,,,5,2,1,1,3
200500084685,0005-01-14 08:30:00,5,1,14,8,30,973,302.0,BADUEL (ROUTE DE),,,Plein jour,En agglomération,Hors intersection,Pluie forte,Deux véhicules - côté,,,,,,,,,,,1,2,1,3,3
200500084686,0005-01-12 10:55:00,5,1,12,10,55,973,302.0,AMUSANT (PAUL),,,Plein jour,En agglomération,Intersection en X,Normale,Deux véhicules - côté,,,,,,,,,,,1,2,2,1,3
200500084687,0005-01-13 16:55:00,5,1,13,16,55,973,302.0,BADUEL (ROUTE DE),,,Plein jour,En agglomération,Hors intersection,Pluie légère,Deux véhicules - côté,,,,,,,,,,,1,2,1,2,3
200500084688,0005-01-11 14:25:00,5,1,11,14,25,973,302.0,ABCHEE (LOTISSEMENT),,,Plein jour,En agglomération,Hors intersection,Normale,Autre collision,,,,,,,,,,,1,2,1,1,6
200500084689,0005-01-08 18:08:00,5,1,8,18,8,973,302.0,ILET MALOUIN,,,Plein jour,En agglomération,Hors intersection,Normale,Autre collision,,,,,,,,,,,1,2,1,1,6
200500084690,0005-01-08 20:35:00,5,1,8,20,35,973,302.0,MARINGOUINS (ROND-POINT),,,Nuit avec éclairage allumé,En agglomération,Hors intersection,Normale,Deux véhicules - côté,,,,,,,,,,,5,2,1,1,3
200500084691,0005-01-02 16:59:00,5,1,2,16,59,973,302.0,BADUEL (ROUTE DE),,,Plein jour,En agglomération,Hors intersection,Normale,Deux véhicules - côté,,,,,,,,,,,1,2,1,1,3
200500084692,0005-01-15 20:05:00,5,1,15,20,5,973,302.0,"21, PREVOT (ERNEST)",,,Nuit avec éclairage allumé,En agglomération,Hors intersection,Normale,Autre collision,,,,,,,,,,,5,2,1,1,6
200500084693,0005-01-13 21:30:00,5,1,13,21,30,973,302.0,ROCADE FELIX EBOUE,,,Nuit avec éclairage allumé,En agglomération,Hors intersection,Normale,Deux véhicules - côté,,,,,,,,,,,5,2,1,1,3
200500084694,0005-01-16 15:30:00,5,1,16,15,30,973,302.0,MADELEINE (ROUTE DE LA),,,Plein jour,En agglomération,Hors intersection,Normale,Sans collision,,,,,,,,,,,1,2,1,1,7
200500084695,0005-01-12 14:10:00,5,1,12,14,10,973,302.0,MADELEINE (ROUTE DE LA),,,Plein jour,En agglomération,Hors intersection,Normale,Deux véhicules - arrière,,,,,,,,,,,1,2,1,1,2
200500084696,0005-01-21 16:05:00,5,1,21,16,5,973,302.0,MADELEINE (ROUTE DE LA),,,Plein jour,En agglomération,Hors intersection,Normale,Deux véhicules - côté,,,,,,,,,,,1,2,1,1,3
200500084697,0005-01-23 23:20:00,5,1,23,23,20,973,302.0,MIRZA (ROND-POINT),,,Nuit avec éclairage allumé,En agglomération,Hors intersection,Pluie légère,Deux véhicules - côté,,,,,,,,,,,5,2,1,2,3
200500084698,0005-01-16 21:00:00,5,1,16,21,0,973,302.0,MADELEINE (ROUTE DE LA),,,Nuit avec éclairage allumé,En agglomération,Hors intersection,Pluie légère,Deux véhicules - arrière,,,,,,,,,,,5,2,1,2,2
200500084699,0005-01-26 14:10:00,5,1,26,14,10,973,302.0,MONT LUCAS  2 (CITE),,,Plein jour,En agglomération,Hors intersection,Normale,Autre collision,,,,,,,,,,,1,2,1,1,6
200500084700,0005-01-20 11:20:00,5,1,20,11,20,973,302.0,"12, BOUDINOT (AUGUSTE) C",,,Plein jour,En agglomération,Hors intersection,Normale,Deux véhicules - côté,,,,,,,,,,,1,2,1,1,3
200500084701,0005-01-12 13:23:00,5,1,12,13,23,973,302.0,ROCADE DE ZEPHIR,,,Plein jour,En agglomération,Hors intersection,Normale,Deux véhicules - arrière,,,,,,,,,,,1,2,1,1,2
200500084702,0005-01-26 12:19:00,5,1,26,12,19,973,302.0,DE GAULLE (AVENUE),,,Plein jour,En agglomération,Intersection en T,Normale,Deux véhicules - côté,,,,,,,,,,,1,2,3,1,3
200500084703,0005-01-26 13:44:00,5,1,26,13,44,973,302.0,BADUEL (ROUTE DE),,,Plein jour,En agglomération,Hors intersection,Temps éblouissant,Deux véhicules - côté,,,,,,,,,,,1,2,1,7,3
200500084704,0005-01-29 13:17:00,5,1,29,13,17,973,302.0,CABASSOU (CITE),,,Plein jour,En agglomération,Hors intersection,Normale,Deux véhicules - côté,,,,,,,,,,,1,2,1,1,3
200500084705,0005-01-31 12:20:00,5,1,31,12,20,973,302.0,BONHOMME (CITE),,,Plein jour,En agglomération,Hors intersection,Pluie légère,Deux véhicules - côté,,,,,,,,,,,1,2,1,2,3
200500084706,0005-01-08 05:20:00,5,1,8,5,20,973,302.0,BONHOMME (CITE),,,Nuit avec éclairage allumé,En agglomération,Hors intersection,Normale,Sans collision,,,,,,,,,,,5,2,1,1,7
200500084707,0005-01-17 14:50:00,5,1,17,14,50,973,302.0,MADELEINE (ROUTE DE LA),,,Plein jour,En agglomération,Hors intersection,Normale,Deux véhicules - côté,,,,,,,,,,,1,2,1,1,3
200500084708,0005-01-17 14:00:00,5,1,17,14,0,973,302.0,"531, MANGO (ROUTE)",,,Plein jour,En agglomération,Hors intersection,Normale,Deux véhicules - arrière,,,,,,,,,,,1,2,1,1,2
200500084709,0005-01-22 21:15:00,5,1,22,21,15,973,302.0,JUBELIN (BOULEVARD),,,Nuit avec éclairage allumé,En agglomération,Hors intersection,Normale,Deux véhicules - côté,,,,,,,,,,,5,2,1,1,3
200500084710,0005-01-29 16:15:00,5,1,29,16,15,973,302.0,ROCADE DE ZEPHIR,,,Plein jour,En agglomération,Hors intersection,Normale,Sans collision,,,,,,,,,,,1,2,1,1,7
200500084711,0005-01-31 17:17:00,5,1,31,17,17,973,302.0,MANGO (ROUTE),,,Plein jour,En agglomération,Hors intersection,Normale,Autre collision,,,,,,,,,,,1,2,1,1,6
200500084712,0005-01-22 20:05:00,5,1,22,20,5,973,302.0,BOUDINOT (AUGUSTE) CITE,,,Nuit avec éclairage allumé,En agglomération,Hors intersection,Pluie légère,Autre collision,,,,,,,,,,,5,2,1,2,6
200500084713,0005-01-17 18:18:00,5,1,17,18,18,973,302.0,"1731, MADELEINE (ROUTE D",,,Plein jour,En agglomération,Hors intersection,Normale,Deux véhicules - côté,,,,,,,,,,,1,2,1,1,3
200500084714,0005-01-21 07:07:00,5,1,21,7,7,973,302.0,ROCADE FELIX EBOUE,,,Plein jour,En agglomération,Hors intersection,Normale,Autre collision,,,,,,,,,,,1,2,1,1,6
200500084715,0005-01-02 20:10:00,5,1,2,20,10,973,302.0,MARINGOUINS (ROND-POINT),,,Nuit avec éclairage allumé,En agglomération,Hors intersection,Normale,Deux véhicules - côté,,,,,,,,,,,5,2,1,1,3
200500084716,0005-01-05 20:50:00,5,1,5,20,50,974,407.0,CARPAYE(AVENUE),,,Nuit avec éclairage allumé,En agglomération,Hors intersection,Normale,Deux véhicules - côté,,,,,,,,,,,5,2,1,1,3
200500084717,0005-01-06 18:30:00,5,1,6,18,30,974,407.0,"50, MONDON (AVENUE)",,,Crépuscule ou aube,En agglomération,Intersection en T,Normale,Deux véhicules - frontale,,,,,,,,,,,2,2,3,1,1
200500084718,0005-01-05 23:00:00,5,1,5,23,0,974,411.0,"60, BEDIER (AVENUE JOSEP",,,Nuit avec éclairage allumé,En agglomération,Hors intersection,Normale,Autre collision,,,,,,,,,,,5,2,1,1,6
200500084719,0005-01-31 16:20:00,5,1,31,16,20,974,411.0,"17, CHAPELLE (RUE DE LA)",,,Plein jour,En agglomération,Hors intersection,Normale,Deux véhicules - frontale,,,,,,,,,,,1,2,1,1,1
200500084720,0005-01-05 08:20:00,5,1,5,8,20,974,411.0,JAURES (BOULEVARD JEAN),,,Plein jour,En agglomération,Hors intersection,Normale,Deux véhicules - côté,,,,,,,,,,,1,2,1,1,3
200500084721,0005-01-07 09:40:00,5,1,7,9,40,974,411.0,DEBASSYNS (AVENUE),,,Plein jour,En agglomération,Intersection en T,Normale,Deux véhicules - côté,,,,,,,,,,,1,2,3,1,3
200500084722,0005-01-12 19:40:00,5,1,12,19,40,974,411.0,"24, BRASSENS (AVENUE GEO",,,Nuit avec éclairage allumé,En agglomération,Hors intersection,Normale,Sans collision,,,,,,,,,,,5,2,1,1,7
200500084723,0005-01-13 17:35:00,5,1,13,17,35,974,411.0,SCHOELCHER (RUE VICTOR),,,Plein jour,En agglomération,Hors intersection,Normale,Deux véhicules - côté,,,,,,,,,,,1,2,1,1,3
200500084724,0005-01-15 00:40:00,5,1,15,0,40,974,411.0,LITTORAL (ROUTE 1 DU),,,Nuit sans éclairage public,En agglomération,Hors intersection,Normale,Sans collision,,,,,,,,,,,3,2,1,1,7
200500084725,0005-01-15 10:00:00,5,1,15,10,0,974,411.0,"01, BERTHO (RUE JEAN)",,,Plein jour,En agglomération,Hors intersection,Normale,Autre collision,,,,,,,,,,,1,2,1,1,6
200500084726,0005-01-18 12:00:00,5,1,18,12,0,974,411.0,"1, BOIS DE NEFLES (RUE D",,,Plein jour,En agglomération,Intersection en T,Normale,Deux véhicules - côté,,,,,,,,,,,1,2,3,1,3
200500084727,0005-01-22 17:10:00,5,1,22,17,10,974,411.0,"1, CHAUDRON  (BLD 1 DU)",,,Plein jour,En agglomération,Intersection en Y,Normale,Autre collision,,,,,,,,,,,1,2,4,1,6
200500084728,0005-01-23 14:15:00,5,1,23,14,15,974,411.0,"1, MAZAGRAN (RUE)",,,Plein jour,En agglomération,Intersection en X,Normale,Deux véhicules - côté,,,,,,,,,,,1,2,2,1,3
200500084729,0005-01-29 09:32:00,5,1,29,9,32,974,411.0,"91, MACE (BOULEVARD GABR",,,Plein jour,En agglomération,Hors intersection,Normale,Sans collision,,,,,,,,,,,1,2,1,1,7
200500084730,0005-01-02 13:15:00,5,1,2,13,15,974,416.0,"112, TOUS SECTEURS (SAIN",,,Plein jour,En agglomération,Hors intersection,Normale,Autre collision,,,,,,,,,,,1,2,1,1,6
200500084731,0005-01-04 10:05:00,5,1,4,10,5,974,416.0,"1, TOUS SECTEURS (SAINT-",,,Plein jour,En agglomération,Intersection en T,Normale,Deux véhicules - côté,,,,,,,,,,,1,2,3,1,3
200500084732,0005-01-06 14:30:00,5,1,6,14,30,974,416.0,TOUS SECTEURS (SAINT-PIE,,,Plein jour,En agglomération,Hors intersection,Normale,Sans collision,,,,,,,,,,,1,2,1,1,7
200500084733,0005-01-09 23:45:00,5,1,9,23,45,974,416.0,TOUS SECTEURS (SAINT-PIE,,,Nuit avec éclairage allumé,En agglomération,Intersection en T,Normale,Deux véhicules - côté,,,,,,,,,,,5,2,3,1,3
200500084734,0005-01-12 19:40:00,5,1,12,19,40,974,416.0,TOUS SECTEURS (SAINT-PIE,,,Nuit avec éclairage allumé,En agglomération,Intersection en X,Normale,Deux véhicules - côté,,,,,,,,,,,5,2,2,1,3
200500084735,0005-01-13 19:45:00,5,1,13,19,45,974,414.0,"63, TOUS SECTEURS (SAINT",,,Nuit avec éclairage allumé,En agglomération,Hors intersection,Normale,Autre collision,,,,,,,,,,,5,2,1,1,6
200500084736,0005-01-13 19:15:00,5,1,13,19,15,974,416.0,"1, TOUS SECTEURS (SAINT-",,,Nuit avec éclairage allumé,En agglomération,Hors intersection,Normale,Sans collision,,,,,,,,,,,5,2,1,1,7
200500084737,0005-01-16 09:15:00,5,1,16,9,15,974,416.0,"1, TOUS SECTEURS (SAINT-",,,Plein jour,En agglomération,Hors intersection,Normale,Sans collision,,,,,,,,,,,1,2,1,1,7
200500084738,0005-01-20 15:00:00,5,1,20,15,0,974,416.0,TOUS SECTEURS (SAINT-PIE,,,Plein jour,En agglomération,Intersection en T,Normale,Deux véhicules - arrière,,,,,,,,,,,1,2,3,1,2
200500084739,0005-01-22 02:55:00,5,1,22,2,55,974,414.0,TOUS SECTEURS (SAINT-PIE,,,Nuit avec éclairage allumé,En agglomération,Hors intersection,Normale,Sans collision,,,,,,,,,,,5,2,1,1,7
200500084740,0005-01-25 11:20:00,5,1,25,11,20,974,416.0,TOUS SECTEURS (SAINT-PIE,,,Plein jour,En agglomération,Intersection en T,Normale,Deux véhicules - côté,,,,,,,,,,,1,2,3,1,3
200500084741,0005-01-27 09:35:00,5,1,27,9,35,974,416.0,TOUS SECTEURS (SAINT-PIE,,,Plein jour,En agglomération,Hors intersection,Normale,Deux véhicules - arrière,,,,,,,,,,,1,2,1,1,2
200500084742,0005-01-20 09:45:00,5,1,20,9,45,974,416.0,"sans, TOUS SECTEURS (SAI",,,Plein jour,En agglomération,Intersection en T,Normale,Deux véhicules - côté,,,,,,,,,,,1,2,3,1,3
200500084743,0005-01-28 08:30:00,5,1,28,8,30,974,414.0,"SANS, TOUS SECTEURS (SAI",,,Plein jour,En agglomération,Hors intersection,Normale,Deux véhicules - arrière,,,,,,,,,,,1,2,1,1,2
200500084744,0005-01-28 14:40:00,5,1,28,14,40,974,416.0,"SANS, TOUS SECTEURS (SAI",,,Plein jour,En agglomération,Intersection en T,Normale,Trois véhicules et plus - collisions multiples,,,,,,,,,,,1,2,3,1,5
200500084745,0005-01-29 07:30:00,5,1,29,7,30,974,416.0,TOUS SECTEURS (SAINT-PIE,,,Plein jour,En agglomération,Hors intersection,Normale,Deux véhicules - côté,,,,,,,,,,,1,2,1,1,3
200500084746,0005-01-29 18:30:00,5,1,29,18,30,974,414.0,"sans, TOUS SECTEURS (SAI",,,Crépuscule ou aube,En agglomération,Hors intersection,Normale,Deux véhicules - arrière,,,,,,,,,,,2,2,1,1,2
200500084750,0005-01-10 08:10:00,5,1,10,8,10,971,113.0,"04, SECTION SIMONET",,,Plein jour,En agglomération,Hors intersection,Pluie forte,Trois véhicules et plus - en chaîne,,,,,,,,,,,1,2,1,3,4
200500084751,0005-01-27 09:45:00,5,1,27,9,45,974,416.0,"SANS, HUBERT DE LISLE(BO",,,Plein jour,En agglomération,Intersection en T,Normale,Deux véhicules - côté,,,,,,,,,,,1,2,3,1,3
200500084752,0005-02-02 12:45:00,5,2,2,12,45,972,205.0,,,,Plein jour,Hors agglomération,Hors intersection,Normale,Deux véhicules - arrière,,,,,,,,,,,1,1,1,1,2
200500084753,0005-02-22 22:00:00,5,2,22,22,0,972,229.0,Quartier Batelière,,,Nuit avec éclairage allumé,En agglomération,Giratoire,Normale,Autre collision,,,,,,,,,,,5,2,6,1,6
200500084754,0005-02-03 16:45:00,5,2,3,16,45,972,213.0,,,,Plein jour,Hors agglomération,Intersection en X,Normale,Sans collision,,,,,,,,,,,1,1,2,1,7
200500084755,0005-02-05 15:00:00,5,2,5,15,0,972,213.0,,,,Plein jour,Hors agglomération,Intersection en X,Normale,Deux véhicules - frontale,,,,,,,,,,,1,1,2,1,1
200500084756,0005-02-05 20:30:00,5,2,5,20,30,972,207.0,,,,Nuit sans éclairage public,Hors agglomération,Hors intersection,Normale,Autre collision,,,,,,,,,,,3,1,1,1,6
200500084757,0005-02-24 21:15:00,5,2,24,21,15,972,207.0,LA SOURCE,,,Nuit sans éclairage public,En agglomération,Hors intersection,Normale,Deux véhicules - côté,,,,,,,,,,,3,2,1,1,3
200500084758,0005-02-13 07:45:00,5,2,13,7,45,972,230.0,129 RUE JOSEPH LAGROSILL,,,Plein jour,En agglomération,Hors intersection,Normale,Autre collision,,,,,,,,,,,1,2,1,1,6
200500084759,0005-02-04 01:30:00,5,2,4,1,30,972,222.0,Quartier Mansarde,,,Nuit sans éclairage public,En agglomération,Hors intersection,Normale,Deux véhicules - côté,,,,,,,,,,,3,2,1,1,3
200500084760,0005-02-02 06:45:00,5,2,2,6,45,972,212.0,,,,Plein jour,Hors agglomération,Hors intersection,Normale,Autre collision,,,,,,,,,,,1,1,1,1,6
200500084761,0005-02-12 16:45:00,5,2,12,16,45,972,214.0,,,,Plein jour,Hors agglomération,Hors intersection,Normale,Deux véhicules - arrière,,,,,,,,,,,1,1,1,1,2
200500084762,0005-02-24 16:45:00,5,2,24,16,45,972,216.0,,,,Plein jour,Hors agglomération,Hors intersection,Normale,Sans collision,,,,,,,,,,,1,1,1,1,7
200500084763,0005-02-28 19:30:00,5,2,28,19,30,971,104.0,Route départementale 30,,,Nuit sans éclairage public,En agglomération,Hors intersection,Normale,Deux véhicules - frontale,,,,,,,,,,,3,2,1,1,1
200500084764,0005-02-15 06:45:00,5,2,15,6,45,971,106.0,PLATEAU,,,Plein jour,En agglomération,Hors intersection,Normale,Deux véhicules - côté,,,,,,,,,,,1,2,1,1,3
200500084765,0005-02-19 13:15:00,5,2,19,13,15,971,121.0,,,,Plein jour,Hors agglomération,Hors intersection,Normale,Autre collision,,,,,,,,,,,1,1,1,1,6
200500084766,0005-02-27 12:00:00,5,2,27,12,0,971,121.0,,,,Plein jour,Hors agglomération,Hors intersection,Normale,Sans collision,,,,,,,,,,,1,1,1,1,7
200500084767,0005-02-04 17:00:00,5,2,4,17,0,971,109.0,Bourg-,,,Plein jour,En agglomération,Hors intersection,Normale,Autre collision,,,,,,,,,,,1,2,1,1,6
200500084768,0005-02-08 02:30:00,5,2,8,2,30,971,109.0,,,,Nuit sans éclairage public,Hors agglomération,Hors intersection,Pluie légère,Deux véhicules - arrière,,,,,,,,,,,3,1,1,2,2
200500084769,0005-02-03 12:30:00,5,2,3,12,30,971,107.0,,,,Plein jour,Hors agglomération,Hors intersection,Normale,Deux véhicules - côté,,,,,,,,,,,1,1,1,1,3
200500084770,0005-02-16 18:45:00,5,2,16,18,45,971,107.0,,,,Nuit sans éclairage public,Hors agglomération,Intersection en T,Normale,Deux véhicules - côté,,,,,,,,,,,3,1,3,1,3
200500084771,0005-02-25 17:30:00,5,2,25,17,30,971,107.0,INTERSECTION RN1/ROUTE D,,,Plein jour,En agglomération,Intersection en X,Normale,Deux véhicules - côté,,,,,,,,,,,1,2,2,1,3
200500084772,0005-02-27 04:15:00,5,2,27,4,15,971,107.0,,,,Nuit sans éclairage public,Hors agglomération,Hors intersection,Normale,Autre collision,,,,,,,,,,,3,1,1,1,6
200500084773,0005-02-26 15:00:00,5,2,26,15,0,971,115.0,,,,Plein jour,Hors agglomération,Hors intersection,Normale,Deux véhicules - frontale,,,,,,,,,,,1,1,1,1,1
200500084774,0005-02-22 15:00:00,5,2,22,15,0,971,118.0,,,,Plein jour,Hors agglomération,Hors intersection,Normale,Autre collision,,,,,,,,,,,1,1,1,1,6
200500084775,0005-02-28 19:15:00,5,2,28,19,15,971,129.0,,,,Nuit avec éclairage non allumé,Hors agglomération,Hors intersection,Pluie forte,Autre collision,,,,,,,,,,,4,1,1,3,6
200500084776,0005-02-18 16:15:00,5,2,18,16,15,971,108.0,N9 section Vidon,,,Plein jour,En agglomération,Hors intersection,Normale,Deux véhicules - frontale,,,,,,,,,,,1,2,1,1,1
200500084777,0005-02-10 11:30:00,5,2,10,11,30,971,117.0,,,,Plein jour,Hors agglomération,Hors intersection,Normale,Deux véhicules - frontale,,,,,,,,,,,1,1,1,1,1
200500084778,0005-02-15 16:30:00,5,2,15,16,30,971,117.0,Route de St Francois,,,Plein jour,En agglomération,Hors intersection,Normale,Autre collision,,,,,,,,,,,1,2,1,1,6
200500084779,0005-02-28 13:30:00,5,2,28,13,30,971,117.0,,,,Plein jour,Hors agglomération,Hors intersection,Temps couvert,Autre collision,,,,,,,,,,,1,1,1,8,6
200500084780,0005-02-19 12:45:00,5,2,19,12,45,971,119.0,rue Félix Eboué,,,Plein jour,En agglomération,Hors intersection,Normale,Deux véhicules - frontale,,,,,,,,,,,1,2,1,1,1
200500084781,0005-02-06 20:00:00,5,2,6,20,0,971,128.0,,,,Nuit avec éclairage allumé,Hors agglomération,Hors intersection,Normale,Autre collision,,,,,,,,,,,5,1,1,1,6
200500084782,0005-02-02 09:30:00,5,2,2,9,30,971,116.0,,,,Plein jour,Hors agglomération,Hors intersection,Normale,Deux véhicules - frontale,,,,,,,,,,,1,1,1,1,1
200500084783,0005-02-25 16:15:00,5,2,25,16,15,971,116.0,,,,Plein jour,Hors agglomération,Hors intersection,Normale,Deux véhicules - frontale,,,,,,,,,,,1,1,1,1,1
200500084784,0005-02-18 10:45:00,5,2,18,10,45,973,307.0,RUE SIMAROUBA,,,Plein jour,En agglomération,Hors intersection,Normale,Autre collision,,,,,,,,,,,1,2,1,1,6
200500084785,0005-02-26 23:30:00,5,2,26,23,30,973,309.0,ROUTE DE MONTJOLY,,,Nuit avec éclairage allumé,En agglomération,Intersection en X,Normale,Trois véhicules et plus - collisions multiples,,,,,,,,,,,5,2,2,1,5
200500084786,0005-02-08 11:15:00,5,2,8,11,15,973,305.0,,,,Nuit sans éclairage public,Hors agglomération,Hors intersection,Normale,Deux véhicules - frontale,,,,,,,,,,,3,1,1,1,1
200500084787,0005-02-11 14:30:00,5,2,11,14,30,973,312.0,,,,Plein jour,Hors agglomération,Hors intersection,Normale,Sans collision,,,,,,,,,,,1,1,1,1,7
200500084788,0005-02-21 06:45:00,5,2,21,6,45,973,303.0,,,,Crépuscule ou aube,Hors agglomération,Hors intersection,Normale,Deux véhicules - côté,,,,,,,,,,,2,1,1,1,3
200500084789,0005-02-22 14:00:00,5,2,22,14,0,973,311.0,Rue du port,,,Plein jour,En agglomération,Intersection en T,Normale,Deux véhicules - côté,,,,,,,,,,,1,2,3,1,3
200500084790,0005-02-05 19:15:00,5,2,5,19,15,973,361.0,,,,Nuit sans éclairage public,Hors agglomération,Hors intersection,Normale,Deux véhicules - arrière,,,,,,,,,,,3,1,1,1,2
200500084791,0005-02-15 16:45:00,5,2,15,16,45,974,418.0,Rue Montée des Veuves,,,Plein jour,En agglomération,Hors intersection,Normale,Autre collision,,,,,,,,,,,1,2,1,1,6
200500084792,0005-02-16 17:15:00,5,2,16,17,15,974,418.0,,,,Plein jour,Hors agglomération,Hors intersection,Pluie forte,Deux véhicules - arrière,,,,,,,,,,,1,1,1,3,2
200500084793,0005-02-12 23:30:00,5,2,12,23,30,974,418.0,,,,Nuit sans éclairage public,Hors agglomération,Hors intersection,Normale,Deux véhicules - arrière,,,,,,,,,,,3,1,1,1,2
200500084794,0005-02-06 10:00:00,5,2,6,10,0,974,420.0,,,,Plein jour,Hors agglomération,Hors intersection,Normale,Deux véhicules - côté,,,,,,,,,,,1,1,1,1,3
200500084795,0005-02-13 18:00:00,5,2,13,18,0,974,420.0,,,,Plein jour,Hors agglomération,Hors intersection,Normale,Deux véhicules - côté,,,,,,,,,,,1,1,1,1,3
200500084796,0005-02-01 17:00:00,5,2,1,17,0,974,410.0,,,,Plein jour,Hors agglomération,Hors intersection,Normale,Deux véhicules - arrière,,,,,,,,,,,1,1,1,1,2
200500084797,0005-02-17 21:30:00,5,2,17,21,30,974,419.0,PK 67+050  RN.2 PITON,,,Nuit avec éclairage allumé,En agglomération,Hors intersection,Pluie forte,Autre collision,,,,,,,,,,,5,2,1,3,6
200500084798,0005-02-10 07:30:00,5,2,10,7,30,974,415.0,RUE ST LOUIS,,,Plein jour,En agglomération,Hors intersection,Normale,Deux véhicules - côté,,,,,,,,,,,1,2,1,1,3
200500084799,0005-02-06 18:15:00,5,2,6,18,15,974,423.0,,,,Crépuscule ou aube,Hors agglomération,Hors intersection,Autre,Deux véhicules - frontale,,,,,,,,,,,2,1,1,9,1
200500084800,0005-02-07 06:30:00,5,2,7,6,30,974,413.0,,,,Plein jour,Hors agglomération,Hors intersection,Normale,Trois véhicules et plus - collisions multiples,,,,,,,,,,,1,1,1,1,5
200500084801,0005-02-20 20:45:00,5,2,20,20,45,974,414.0,,,,Nuit sans éclairage public,Hors agglomération,Intersection en X,Normale,Deux véhicules - côté,,,,,,,,,,,3,1,2,1,3
200500084802,0005-02-06 22:00:00,5,2,6,22,0,974,412.0,RN2 RUE RAPHAEL BABET,,,Nuit sans éclairage public,En agglomération,Hors intersection,Normale,Autre collision,,,,,,,,,,,3,2,1,1,6
200500084803,0005-02-10 15:45:00,5,2,10,15,45,974,412.0,,,,Plein jour,Hors agglomération,Hors intersection,Normale,Deux véhicules - frontale,,,,,,,,,,,1,1,1,1,1
200500084804,0005-02-13 17:15:00,5,2,13,17,15,974,412.0,,,,Plein jour,Hors agglomération,Hors intersection,Normale,Deux véhicules - frontale,,,,,,,,,,,1,1,1,1,1
200500084805,0005-02-26 08:00:00,5,2,26,8,0,974,422.0,,,,Plein jour,En agglomération,Intersection en X,Normale,Deux véhicules - côté,,,,,,,,,,,1,2,2,1,3
200500084832,0005-02-14 01:00:00,5,2,14,1,0,974,448.0,,,,Nuit sans éclairage public,Hors agglomération,Hors intersection,Normale,Deux véhicules - côté,,,,,,,,,,,3,1,1,1,3
200500084834,0005-02-26 03:15:00,5,2,26,3,15,974,418.0,,,,Nuit sans éclairage public,Hors agglomération,Hors intersection,Normale,Autre collision,,,,,,,,,,,3,1,1,1,6
200500084835,0005-02-05 19:15:00,5,2,5,19,15,972,227.0,,,,Nuit sans éclairage public,Hors agglomération,Hors intersection,Normale,Autre collision,,,,,,,,,,,3,1,1,1,6
200500084836,0005-02-25 20:00:00,5,2,25,20,0,974,416.0,,,,Nuit sans éclairage public,Hors agglomération,Hors intersection,Normale,Autre collision,,,,,,,,,,,3,1,1,1,6
200500084837,0005-02-04 14:00:00,5,2,4,14,0,974,415.0,,,,Plein jour,Hors agglomération,Hors intersection,Pluie forte,Deux véhicules - côté,,,,,,,,,,,1,1,1,3,3
200500084838,0005-02-01 10:00:00,5,2,1,10,0,974,416.0,chemin des Assises,,,Plein jour,En agglomération,Intersection en X,Normale,Deux véhicules - côté,,,,,,,,,,,1,2,2,1,3