accident_id,datetime,annee,mois,jour,heure,minute,departement,commune_insee,adresse,latitude,longitude,luminosite,agglomeration,intersection,meteo,collision,nb_vehicules,nb_usagers,nb_indemnes,nb_tues,nb_blesses_hosp,nb_blesses_legers,age_cond_1,age_cond_2,veh_type_cond_1,veh_type_cond_2,lum_code,agg_code,int_code,atm_code,col_code
200500085142,0005-03-27 22:38:00,5,3,27,22,38,973,302.0,TARZAN (PISTE),,,Nuit avec éclairage allumé,En agglomération,Hors intersection,Normale,Deux véhicules - arrière,,,,,,,,,,,5,2,1,1,2
200500085143,0005-03-22 20:50:00,5,3,22,20,50,973,302.0,BADUEL (ROUTE DE),,,Nuit avec éclairage allumé,En agglomération,Hors intersection,Normale,Deux véhicules - côté,,,,,,,,,,,5,2,1,1,3
200500085144,0005-03-22 20:40:00,5,3,22,20,40,973,302.0,ABCHEE (LOTISSEMENT),,,Nuit avec éclairage allumé,En agglomération,Hors intersection,Normale,Deux véhicules - côté,,,,,,,,,,,5,2,1,1,3
200500085145,0005-03-12 19:29:00,5,3,12,19,29,973,302.0,MADELEINE (ROUTE DE LA),,,Nuit avec éclairage allumé,En agglomération,Hors intersection,Normale,Deux véhicules - frontale,,,,,,,,,,,5,2,1,1,1
200500085146,0005-03-30 17:50:00,5,3,30,17,50,973,302.0,DE GAULLE (AVENUE),,,Crépuscule ou aube,En agglomération,Hors intersection,Pluie légère,Autre collision,,,,,,,,,,,2,2,1,2,6
200500085147,0005-03-22 08:41:00,5,3,22,8,41,973,302.0,MADELEINE (ROUTE DE LA),,,Plein jour,En agglomération,Hors intersection,Pluie légère,Deux véhicules - côté,,,,,,,,,,,1,2,1,2,3
200500085148,0005-03-28 20:05:00,5,3,28,20,5,973,302.0,BADUEL (ROUTE DE),,,Nuit avec éclairage allumé,En agglomération,Hors intersection,Normale,Deux véhicules - arrière,,,,,,,,,,,5,2,1,1,2
200500085149,0005-03-31 20:10:00,5,3,31,20,10,973,302.0,CARREFOUR SUZINI,,,Nuit avec éclairage allumé,En agglomération,Hors intersection,Normale,Deux véhicules - côté,,,,,,,,,,,5,2,1,1,3
200500085150,0005-03-05 19:30:00,5,3,5,19,30,974,407.0,8° SECTEUR LE PORT,,,Nuit sans éclairage public,En agglomération,Hors intersection,Normale,Deux véhicules - arrière,,,,,,,,,,,3,2,1,1,2
200500085151,0005-03-07 12:25:00,5,3,7,12,25,974,407.0,"87, DE GAULLE(RUE)",,,Plein jour,En agglomération,Hors intersection,Normale,Autre collision,,,,,,,,,,,1,2,1,1,6
200500085152,0005-03-23 13:35:00,5,3,23,13,35,974,407.0,8° SECTEUR LE PORT,,,Plein jour,En agglomération,Hors intersection,Pluie forte,Sans collision,,,,,,,,,,,1,2,1,3,7
200500085153,0005-03-04 19:00:00,5,3,4,19,0,974,410.0,RTE DE DEVIATION STB1,,,Crépuscule ou aube,En agglomération,Hors intersection,Pluie forte,Deux véhicules - frontale,,,,,,,,,,,2,2,1,3,1
200500085154,0005-03-10 07:40:00,5,3,10,7,40,974,410.0,"41, POMPIDOU(RUE)",,,Plein jour,En agglomération,Hors intersection,Normale,Autre collision,,,,,,,,,,,1,2,1,1,6
200500085155,0005-03-13 09:40:00,5,3,13,9,40,974,411.0,"8, BEDIER (AVENUE JOSEPH",,,Plein jour,En agglomération,Hors intersection,Normale,Autre collision,,,,,,,,,,,1,2,1,1,6
200500085156,0005-03-18 17:30:00,5,3,18,17,30,974,411.0,MACE (BOULEVARD GABRIEL),,,Plein jour,En agglomération,Hors intersection,Normale,Deux véhicules - côté,,,,,,,,,,,1,2,1,1,3
200500085157,0005-03-29 22:00:00,5,3,29,22,0,974,411.0,JOFFRE (BOULEVARD),,,Nuit avec éclairage allumé,En agglomération,Hors intersection,Normale,Deux véhicules - frontale,,,,,,,,,,,5,2,1,1,1
200500085158,0005-03-01 19:22:00,5,3,1,19,22,974,411.0,"207, MACE (ROUTE GABRIEL",,,Nuit avec éclairage allumé,En agglomération,Hors intersection,Normale,Deux véhicules - frontale,,,,,,,,,,,5,2,1,1,1
200500085159,0005-03-04 14:36:00,5,3,4,14,36,974,411.0,AUBERT (RUE PIERRE),,,Plein jour,En agglomération,Hors intersection,Pluie légère,Deux véhicules - arrière,,,,,,,,,,,1,2,1,2,2
200500085160,0005-03-05 17:40:00,5,3,5,17,40,974,411.0,"39, LAFOSSE (DU PERE)",,,Plein jour,En agglomération,Hors intersection,Normale,Autre collision,,,,,,,,,,,1,2,1,1,6
200500085161,0005-03-12 16:20:00,5,3,12,16,20,974,411.0,VINH-SAN (BLD 1 DU PRINC,,,Plein jour,En agglomération,Hors intersection,Normale,Deux véhicules - arrière,,,,,,,,,,,1,2,1,1,2
200500085162,0005-03-13 23:30:00,5,3,13,23,30,974,411.0,"0, JAURES (BLD 2 JEAN)",,,Nuit avec éclairage allumé,En agglomération,Hors intersection,Normale,Deux véhicules - côté,,,,,,,,,,,5,2,1,1,3
200500085163,0005-03-17 07:20:00,5,3,17,7,20,974,411.0,"11, CHAUDRON  (BLD 1 DU)",,,Plein jour,En agglomération,Hors intersection,Normale,Trois véhicules et plus - en chaîne,,,,,,,,,,,1,2,1,1,4
200500085164,0005-03-18 08:45:00,5,3,18,8,45,974,411.0,JAURES (BLD 1 JEAN),,,Plein jour,En agglomération,Hors intersection,Normale,Deux véhicules - côté,,,,,,,,,,,1,2,1,1,3
200500085165,0005-03-22 11:30:00,5,3,22,11,30,974,411.0,"357, LECLERC (DU MARECHA",,,Plein jour,En agglomération,Hors intersection,Normale,Deux véhicules - côté,,,,,,,,,,,1,2,1,1,3
200500085166,0005-03-24 14:25:00,5,3,24,14,25,974,411.0,"11, CHAUDRON  (BLD 1 DU)",,,Plein jour,En agglomération,Hors intersection,Normale,Deux véhicules - arrière,,,,,,,,,,,1,2,1,1,2
200500085167,0005-03-29 20:30:00,5,3,29,20,30,974,411.0,"1, MONTHYON (RUE)",,,Nuit avec éclairage allumé,En agglomération,Intersection en X,Normale,Deux véhicules - côté,,,,,,,,,,,5,2,2,1,3
200500085168,0005-03-02 19:40:00,5,3,2,19,40,974,416.0,"SANS, PRESBYTERE(RUE)",,,Nuit avec éclairage allumé,En agglomération,Intersection en X,Normale,Deux véhicules - côté,,,,,,,,,,,5,2,2,1,3
200500085169,0005-03-04 12:30:00,5,3,4,12,30,974,414.0,"SANS, GAULLE(RUE DU GAL",,,Plein jour,En agglomération,Hors intersection,Pluie forte,Trois véhicules et plus - collisions multiples,,,,,,,,,,,1,2,1,3,5
200500085170,0005-03-04 17:25:00,5,3,4,17,25,974,416.0,"SANS, DEJEAN(RUE GABRIEL",,,Plein jour,En agglomération,Hors intersection,Normale,Deux véhicules - frontale,,,,,,,,,,,1,2,1,1,1
200500085171,0005-03-08 18:30:00,5,3,8,18,30,974,414.0,"sans, PRINCIPALE(AVENUE)",,,Crépuscule ou aube,En agglomération,Intersection en T,Normale,Deux véhicules - côté,,,,,,,,,,,2,2,3,1,3
200500085172,0005-03-10 12:00:00,5,3,10,12,0,974,416.0,"SANS, LORION(RUE LUC)",,,Plein jour,En agglomération,Hors intersection,Normale,Autre collision,,,,,,,,,,,1,2,1,1,6
200500085173,0005-03-12 21:00:00,5,3,12,21,0,974,414.0,"SANS, BENARD(RUE LEONUS)",,,Nuit avec éclairage allumé,En agglomération,Intersection en T,Normale,Deux véhicules - côté,,,,,,,,,,,5,2,3,1,3
200500085174,0005-03-13 01:15:00,5,3,13,1,15,974,414.0,"SANS, SAINT LOUIS(RUE)",,,Nuit avec éclairage allumé,En agglomération,Intersection en X,Normale,Deux véhicules - côté,,,,,,,,,,,5,2,2,1,3
200500085175,0005-03-13 13:55:00,5,3,13,13,55,974,414.0,"SANS, LECOMTE DE LISLE(R",,,Plein jour,En agglomération,Hors intersection,Normale,Autre collision,,,,,,,,,,,1,2,1,1,6
200500085176,0005-03-16 00:30:00,5,3,16,0,30,974,416.0,"SANS, BONS ENFANTS(RUE)",,,Nuit avec éclairage allumé,En agglomération,Intersection en X,Normale,Deux véhicules - côté,,,,,,,,,,,5,2,2,1,3
200500085177,0005-03-18 01:30:00,5,3,18,1,30,974,416.0,"16, PETIT BOULEVARD",,,Nuit avec éclairage allumé,En agglomération,Hors intersection,Normale,Autre collision,,,,,,,,,,,5,2,1,1,6
200500085178,0005-03-20 23:50:00,5,3,20,23,50,974,416.0,"100, HUBERT DE LISLE(BOU",,,Nuit avec éclairage allumé,En agglomération,Hors intersection,Normale,Autre collision,,,,,,,,,,,5,2,1,1,6
200500085179,0005-03-24 04:30:00,5,3,24,4,30,974,416.0,"SANS, PERE FAVRON(RUE DU",,,Nuit sans éclairage public,En agglomération,Hors intersection,Normale,Sans collision,,,,,,,,,,,3,2,1,1,7
200500085180,0005-03-26 10:40:00,5,3,26,10,40,974,414.0,"SANS, SARDA GARRIGA(RUE)",,,Plein jour,En agglomération,Intersection en T,Normale,Deux véhicules - côté,,,,,,,,,,,1,2,3,1,3
200500085181,0005-04-05 20:00:00,5,4,5,20,0,972,229.0,"Sortie RN.2, bretelle",,,Nuit sans éclairage public,En agglomération,Hors intersection,Normale,Deux véhicules - côté,,,,,,,,,,,3,2,1,1,3
200500085182,0005-04-26 21:30:00,5,4,26,21,30,972,205.0,,,,Nuit sans éclairage public,Hors agglomération,Hors intersection,Normale,Deux véhicules - frontale,,,,,,,,,,,3,1,1,1,1
200500085183,0005-04-04 09:30:00,5,4,4,9,30,972,224.0,GROSSE GOUTTIERE,,,Plein jour,En agglomération,Hors intersection,Normale,Trois véhicules et plus - collisions multiples,,,,,,,,,,,1,2,1,1,5
200500085184,0005-04-06 23:15:00,5,4,6,23,15,972,224.0,RN4 quartier belle étoil,,,Nuit sans éclairage public,En agglomération,Hors intersection,Normale,Deux véhicules - frontale,,,,,,,,,,,3,2,1,1,1
200500085185,0005-04-26 15:30:00,5,4,26,15,30,972,224.0,COLLEGE BELLE ETOILE,,,Plein jour,En agglomération,Hors intersection,Normale,Deux véhicules - frontale,,,,,,,,,,,1,2,1,1,1
200500085186,0005-04-18 19:00:00,5,4,18,19,0,972,205.0,,,,Nuit sans éclairage public,Hors agglomération,Hors intersection,Pluie légère,Deux véhicules - côté,,,,,,,,,,,3,1,1,2,3
200500085187,0005-04-02 11:45:00,5,4,2,11,45,972,225.0,,,,Plein jour,Hors agglomération,Hors intersection,Normale,Deux véhicules - frontale,,,,,,,,,,,1,1,1,1,1
200500085188,0005-04-13 17:00:00,5,4,13,17,0,972,213.0,Acajou prolongé,,,Plein jour,En agglomération,Intersection en T,Normale,Deux véhicules - côté,,,,,,,,,,,1,2,3,1,3
200500085189,0005-04-22 16:00:00,5,4,22,16,0,972,213.0,,,,Plein jour,Hors agglomération,Hors intersection,Normale,Deux véhicules - frontale,,,,,,,,,,,1,1,1,1,1
200500085190,0005-04-22 10:30:00,5,4,22,10,30,972,213.0,SUR ROND POINT GALERIA,,,Plein jour,En agglomération,Giratoire,Normale,Autre collision,,,,,,,,,,,1,2,6,1,6
200500085191,0005-04-25 20:45:00,5,4,25,20,45,972,207.0,,,,Nuit avec éclairage allumé,Hors agglomération,Hors intersection,Normale,Deux véhicules - frontale,,,,,,,,,,,5,1,1,1,1
200500085192,0005-04-10 02:30:00,5,4,10,2,30,972,220.0,,14.46,60.9,Nuit sans éclairage public,Hors agglomération,Hors intersection,Normale,Autre collision,,,,,,,,,,,3,1,1,1,6
200500085193,0005-04-04 08:00:00,5,4,4,8,0,972,217.0,,14.383,61.9,Plein jour,Hors agglomération,Hors intersection,Normale,Deux véhicules - côté,,,,,,,,,,,1,1,1,1,3
200500085194,0005-04-10 10:30:00,5,4,10,10,30,972,217.0,,14.483,60.867,Plein jour,Hors agglomération,Hors intersection,Normale,Deux véhicules - frontale,,,,,,,,,,,1,1,1,1,1
200500085195,0005-04-24 07:45:00,5,4,24,7,45,972,221.0,,,,Plein jour,Hors agglomération,Hors intersection,Normale,Trois véhicules et plus - collisions multiples,,,,,,,,,,,1,1,1,1,5
200500085196,0005-04-09 18:15:00,5,4,9,18,15,972,228.0,quartier cadran,,,Nuit sans éclairage public,En agglomération,Hors intersection,Normale,Sans collision,,,,,,,,,,,3,2,1,1,7
200500085197,0005-04-30 12:15:00,5,4,30,12,15,972,228.0,,,,Plein jour,Hors agglomération,Hors intersection,Normale,Autre collision,,,,,,,,,,,1,1,1,1,6
200500085198,0005-04-01 16:00:00,5,4,1,16,0,972,216.0,,,,Plein jour,Hors agglomération,Intersection en T,Normale,Trois véhicules et plus - collisions multiples,,,,,,,,,,,1,1,3,1,5
200500085199,0005-04-07 07:15:00,5,4,7,7,15,972,216.0,RN1,,,Plein jour,En agglomération,Hors intersection,Normale,Autre collision,,,,,,,,,,,1,2,1,1,6
200500085200,0005-04-27 09:30:00,5,4,27,9,30,972,214.0,Rue des sapotilles,,,Plein jour,En agglomération,Hors intersection,Normale,Deux véhicules - côté,,,,,,,,,,,1,2,1,1,3
200500085201,0005-04-02 09:30:00,5,4,2,9,30,972,201.0,,,,Plein jour,Hors agglomération,Hors intersection,Normale,Deux véhicules - frontale,,,,,,,,,,,1,1,1,1,1
200500085202,0005-04-07 09:15:00,5,4,7,9,15,972,203.0,,,,Plein jour,Hors agglomération,Intersection en X,Normale,Deux véhicules - frontale,,,,,,,,,,,1,1,2,1,1
200500085203,0005-04-03 08:45:00,5,4,3,8,45,971,134.0,vallée de Beaugendre,,,Plein jour,En agglomération,Hors intersection,Normale,Deux véhicules - côté,,,,,,,,,,,1,2,1,1,3
200500085204,0005-04-08 16:00:00,5,4,8,16,0,971,106.0,FROMAGER,,,Nuit sans éclairage public,En agglomération,Hors intersection,Normale,Trois véhicules et plus - collisions multiples,,,,,,,,,,,3,2,1,1,5
200500085205,0005-04-14 11:15:00,5,4,14,11,15,971,132.0,,,,Plein jour,Hors agglomération,Hors intersection,Pluie forte,Deux véhicules - frontale,,,,,,,,,,,1,1,1,3,1
200500085206,0005-04-28 14:45:00,5,4,28,14,45,971,107.0,SECTION FOND CACAO,,,Plein jour,En agglomération,Hors intersection,Normale,Deux véhicules - frontale,,,,,,,,,,,1,2,1,1,1
200500085207,0005-04-01 20:15:00,5,4,1,20,15,971,127.0,,,,Nuit avec éclairage allumé,En agglomération,Hors intersection,Normale,Autre collision,,,,,,,,,,,5,2,1,1,6
200500085208,0005-04-02 09:15:00,5,4,2,9,15,971,127.0,,,,Plein jour,Hors agglomération,Hors intersection,Normale,Deux véhicules - frontale,,,,,,,,,,,1,1,1,1,1
200500085209,0005-04-15 09:30:00,5,4,15,9,30,971,127.0,rue de hollande,,,Plein jour,En agglomération,Hors intersection,Normale,Deux véhicules - côté,,,,,,,,,,,1,2,1,1,3
200500085210,0005-04-14 04:15:00,5,4,14,4,15,971,118.0,,,,Nuit sans éclairage public,Hors agglomération,Hors intersection,Normale,Deux véhicules - arrière,,,,,,,,,,,3,1,1,1,2
200500085211,0005-04-09 19:30:00,5,4,9,19,30,971,129.0,,,,Nuit sans éclairage public,Hors agglomération,Hors intersection,Normale,Deux véhicules - frontale,,,,,,,,,,,3,1,1,1,1
200500085212,0005-04-20 19:30:00,5,4,20,19,30,971,129.0,,,,Nuit avec éclairage allumé,Hors agglomération,Hors intersection,Normale,Trois véhicules et plus - collisions multiples,,,,,,,,,,,5,1,1,1,5
200500085213,0005-04-21 07:00:00,5,4,21,7,0,971,129.0,,,,Plein jour,Hors agglomération,Hors intersection,Normale,Deux véhicules - arrière,,,,,,,,,,,1,1,1,1,2
200500085214,0005-04-30 10:15:00,5,4,30,10,15,971,112.0,AVENUE DELGRES -,,,Plein jour,En agglomération,Hors intersection,Normale,Autre collision,,,,,,,,,,,1,2,1,1,6
200500085215,0005-04-08 20:00:00,5,4,8,20,0,971,110.0,,,,Nuit avec éclairage allumé,Hors agglomération,Hors intersection,Normale,Autre collision,,,,,,,,,,,5,1,1,1,6
200500085216,0005-04-07 14:00:00,5,4,7,14,0,971,117.0,Route de St François,,,Plein jour,En agglomération,Hors intersection,Normale,Autre collision,,,,,,,,,,,1,2,1,1,6
200500085217,0005-04-08 22:00:00,5,4,8,22,0,971,128.0,,,,Nuit sans éclairage public,Hors agglomération,Hors intersection,Normale,Deux véhicules - arrière,,,,,,,,,,,3,1,1,1,2
200500085218,0005-04-12 15:15:00,5,4,12,15,15,971,117.0,Boulevard Vasseur,,,Plein jour,En agglomération,Hors intersection,Normale,Deux véhicules - côté,,,,,,,,,,,1,2,1,1,3
200500085219,0005-04-16 16:45:00,5,4,16,16,45,971,125.0,,,,Plein jour,Hors agglomération,Hors intersection,Normale,Deux véhicules - frontale,,,,,,,,,,,1,1,1,1,1
200500085220,0005-04-21 17:45:00,5,4,21,17,45,971,125.0,,,,Plein jour,Hors agglomération,Hors intersection,Normale,Autre collision,,,,,,,,,,,1,1,1,1,6
200500085221,0005-04-19 17:15:00,5,4,19,17,15,971,128.0,,,,Plein jour,Hors agglomération,Hors intersection,Normale,Deux véhicules - arrière,,,,,,,,,,,1,1,1,1,2
200500085222,0005-04-05 16:30:00,5,4,5,16,30,973,307.0,,,,Plein jour,Hors agglomération,Hors intersection,Normale,Deux véhicules - côté,,,,,,,,,,,1,1,1,1,3
200500085223,0005-04-10 17:30:00,5,4,10,17,30,973,310.0,,,,Plein jour,Hors agglomération,Hors intersection,Temps couvert,Deux véhicules - côté,,,,,,,,,,,1,1,1,8,3
200500085224,0005-04-02 17:45:00,5,4,2,17,45,973,306.0,,,,Nuit sans éclairage public,Hors agglomération,Hors intersection,Pluie forte,Sans collision,,,,,,,,,,,3,1,1,3,7
200500085225,0005-04-16 11:00:00,5,4,16,11,0,973,306.0,,,,Plein jour,Hors agglomération,Hors intersection,Normale,Sans collision,,,,,,,,,,,1,1,1,1,7
200500085226,0005-04-24 10:45:00,5,4,24,10,45,974,418.0,,,,Plein jour,Hors agglomération,Hors intersection,Normale,Deux véhicules - côté,,,,,,,,,,,1,1,1,1,3
200500085227,0005-04-17 19:00:00,5,4,17,19,0,974,410.0,,,,Nuit sans éclairage public,Hors agglomération,Hors intersection,Normale,Deux véhicules - côté,,,,,,,,,,,3,1,1,1,3
200500085228,0005-04-28 13:00:00,5,4,28,13,0,974,453.0,CHEMIN MORANGE,,,Plein jour,En agglomération,Hors intersection,Normale,Autre collision,,,,,,,,,,,1,2,1,1,6
200500085229,0005-04-25 19:15:00,5,4,25,19,15,974,409.0,,,,Crépuscule ou aube,Hors agglomération,Hors intersection,Normale,Deux véhicules - côté,,,,,,,,,,,2,1,1,1,3
200500085230,0005-04-22 23:45:00,5,4,22,23,45,974,402.0,,,,Nuit sans éclairage public,Hors agglomération,Hors intersection,Autre,Sans collision,,,,,,,,,,,3,1,1,9,7
200500085231,0005-04-24 11:00:00,5,4,24,11,0,974,421.0,,,,Plein jour,Hors agglomération,Hors intersection,Normale,Autre collision,,,,,,,,,,,1,1,1,1,6
200500085232,0005-04-05 18:45:00,5,4,5,18,45,974,415.0,,,,Nuit avec éclairage allumé,Hors agglomération,Hors intersection,Normale,Trois véhicules et plus - collisions multiples,,,,,,,,,,,5,1,1,1,5
200500085233,0005-04-06 01:30:00,5,4,6,1,30,974,415.0,,,,Nuit sans éclairage public,Hors agglomération,Hors intersection,Normale,Sans collision,,,,,,,,,,,3,1,1,1,7
200500085234,0005-04-16 20:30:00,5,4,16,20,30,974,415.0,,,,Nuit sans éclairage public,Hors agglomération,Hors intersection,Normale,Sans collision,,,,,,,,,,,3,1,1,1,7
200500085235,0005-04-27 20:15:00,5,4,27,20,15,974,415.0,,,,Nuit sans éclairage public,Hors agglomération,Intersection en T,Normale,Deux véhicules - côté,,,,,,,,,,,3,1,3,1,3
200500085236,0005-04-29 19:15:00,5,4,29,19,15,974,415.0,,,,Nuit sans éclairage public,Hors agglomération,Hors intersection,Temps couvert,Deux véhicules - côté,,,,,,,,,,,3,1,1,8,3
200500085237,0005-04-17 18:00:00,5,4,17,18,0,974,423.0,,,,Plein jour,Hors agglomération,Hors intersection,Normale,Autre collision,,,,,,,,,,,1,1,1,1,6
200500085238,0005-04-06 17:15:00,5,4,6,17,15,974,423.0,,,,Plein jour,Hors agglomération,Hors intersection,Normale,Deux véhicules - côté,,,,,,,,,,,1,1,1,1,3
200500085239,0005-04-08 12:15:00,5,4,8,12,15,974,412.0,RN2 - 13 RTE GD CORNICHE,,,Plein jour,En agglomération,Hors intersection,Normale,Autre collision,,,,,,,,,,,1,2,1,1,6
200500085240,0005-04-23 08:30:00,5,4,23,8,30,974,422.0,rue charles beaudelaire,,,Plein jour,En agglomération,Intersection en T,Temps éblouissant,Deux véhicules - côté,,,,,,,,,,,1,2,3,7,3
200500085241,0005-04-23 22:00:00,5,4,23,22,0,974,422.0,Rue Général DE GAULLE,,,Nuit avec éclairage allumé,En agglomération,Hors intersection,Normale,Autre collision,,,,,,,,,,,5,2,1,1,6
200500085257,0005-04-02 21:00:00,5,4,2,21,0,971,103.0,,,,Nuit sans éclairage public,Hors agglomération,Hors intersection,Normale,Deux véhicules - côté,,,,,,,,,,,3,1,1,1,3
200500085258,0005-04-15 15:00:00,5,4,15,15,0,971,103.0,,,,Plein jour,Hors agglomération,Hors intersection,Normale,Deux véhicules - frontale,,,,,,,,,,,1,1,1,1,1
200500085268,0005-04-19 16:30:00,5,4,19,16,30,971,127.0,Route de Cul de Sac,,,Plein jour,En agglomération,Hors intersection,Normale,Autre collision,,,,,,,,,,,1,2,1,1,6
200500085269,0005-04-16 17:00:00,5,4,16,17,0,973,304.0,AVENUE PARIACABO,,,Plein jour,En agglomération,Hors intersection,Pluie légère,Sans collision,,,,,,,,,,,1,2,1,2,7
200500085270,0005-04-22 19:15:00,5,4,22,19,15,973,304.0,Avenue du Gal de Gaulle,,,Nuit avec éclairage allumé,En agglomération,Hors intersection,Pluie légère,Autre collision,,,,,,,,,,,5,2,1,2,6
200500085272,0005-04-16 11:15:00,5,4,16,11,15,974,498.0,,,,Plein jour,Hors agglomération,Hors intersection,Normale,Sans collision,,,,,,,,,,,1,1,1,1,7
200500085273,0005-04-10 14:15:00,5,4,10,14,15,974,416.0,,,,Plein jour,Hors agglomération,Hors intersection,Normale,Sans collision,,,,,,,,,,,1,1,1,1,7
200500085274,0005-04-14 19:45:00,5,4,14,19,45,974,416.0,RUE ARCHAMBAUD,,,Nuit avec éclairage allumé,En agglomération,Hors intersection,Normale,Autre collision,,,,,,,,,,,5,2,1,1,6
200500085275,0005-04-16 22:00:00,5,4,16,22,0,974,416.0,,,,Nuit avec éclairage allumé,Hors agglomération,Hors intersection,Normale,Deux véhicules - frontale,,,,,,,,,,,5,1,1,1,1
200500085276,0005-04-28 07:30:00,5,4,28,7,30,974,416.0,,,,Plein jour,Hors agglomération,Hors intersection,Normale,Deux véhicules - côté,,,,,,,,,,,1,1,1,1,3
200500085277,0005-04-25 14:15:00,5,4,25,14,15,974,415.0,RD 6 rue Auguste Vinson,,,Plein jour,En agglomération,Hors intersection,Normale,Deux véhicules - frontale,,,,,,,,,,,1,2,1,1,1
200500085282,0005-04-03 19:50:00,5,4,3,19,50,971,101.0,"00, 8 MAI 1981 (BOULEVAR",,,Nuit avec éclairage allumé,En agglomération,Intersection en T,Normale,Deux véhicules - côté,,,,,,,,,,,5,2,3,1,3
200500085283,0005-04-05 13:00:00,5,4,5,13,0,971,113.0,SECTION BESSON,,,Plein jour,En agglomération,Hors intersection,Normale,Deux véhicules - frontale,,,,,,,,,,,1,2,1,1,1
200500085284,0005-04-05 16:15:00,5,4,5,16,15,971,101.0,LACROIX,,,Plein jour,En agglomération,Hors intersection,Normale,Deux véhicules - côté,,,,,,,,,,,1,2,1,1,3
200500085285,0005-04-17 18:40:00,5,4,17,18,40,971,113.0,"00, SECTEUR DAMPIERRE",,,Crépuscule ou aube,En agglomération,Intersection en T,Normale,Deux véhicules - côté,,,,,,,,,,,2,2,3,1,3
200500085286,0005-04-19 06:10:00,5,4,19,6,10,971,101.0,RN5-BOISRIPEAUX,,,Plein jour,En agglomération,Intersection en T,Normale,Deux véhicules - côté,,,,,,,,,,,1,2,3,1,3
200500085287,0005-04-23 14:00:00,5,4,23,14,0,971,101.0,"00, PERRIN (SECTEUR)",,,Plein jour,En agglomération,Intersection en T,Normale,Deux véhicules - arrière,,,,,,,,,,,1,2,3,1,2
200500085288,0005-04-03 04:45:00,5,4,3,4,45,971,120.0,CARENAGE,,,Nuit avec éclairage allumé,En agglomération,Hors intersection,Normale,Deux véhicules - frontale,,,,,,,,,,,5,2,1,1,1
200500085289,0005-04-08 08:30:00,5,4,8,8,30,971,113.0,"RN4, RN4 - SECTION RIVIE",,,Plein jour,En agglomération,Autre intersection,Normale,Deux véhicules - côté,,,,,,,,,,,1,2,9,1,3
200500085290,0005-04-10 10:35:00,5,4,10,10,35,971,101.0,"CD102, DUGAZON DE BOURGO",,,Plein jour,En agglomération,Hors intersection,Normale,Trois véhicules et plus - collisions multiples,,,,,,,,,,,1,2,1,1,5
200500085291,0005-04-21 19:50:00,5,4,21,19,50,971,101.0,"CD103, CHAUVEL",,,Nuit avec éclairage allumé,En agglomération,Intersection en T,Normale,Deux véhicules - frontale,,,,,,,,,,,5,2,3,1,1
200500085292,0005-04-03 10:20:00,5,4,3,10,20,971,113.0,"RN4, GRAND BAIE ( RN4)",,,Plein jour,Hors agglomération,Hors intersection,Normale,Deux véhicules - arrière,,,,,,,,,,,1,1,1,1,2
200500085293,0005-04-02 14:00:00,5,4,2,14,0,974,407.0,"02, VERDUN (BOULEVARD)",,,Plein jour,En agglomération,Hors intersection,Normale,Autre collision,,,,,,,,,,,1,2,1,1,6
200500085294,0005-04-11 06:50:00,5,4,11,6,50,974,407.0,GANDHI MAHATMA (ALLEE),,,Plein jour,En agglomération,Hors intersection,Normale,Deux véhicules - frontale,,,,,,,,,,,1,2,1,1,1
200500085295,0005-04-13 08:46:00,5,4,13,8,46,974,407.0,"01, 19 MARS 1946(AVENUE",,,Plein jour,En agglomération,Hors intersection,Normale,Deux véhicules - côté,,,,,,,,,,,1,2,1,1,3
200500085296,0005-04-13 09:30:00,5,4,13,9,30,974,407.0,COMMUNE DE PARIS (AVENUE,,,Plein jour,En agglomération,Hors intersection,Normale,Autre collision,,,,,,,,,,,1,2,1,1,6
200500085297,0005-04-15 14:55:00,5,4,15,14,55,974,407.0,"04, REVERDY PIERRE(ALLEE",,,Plein jour,En agglomération,Hors intersection,Normale,Sans collision,,,,,,,,,,,1,2,1,1,7
200500085298,0005-04-15 17:34:00,5,4,15,17,34,974,407.0,COMMUNE DE PARIS (AVENUE,,,Plein jour,En agglomération,Hors intersection,Normale,Autre collision,,,,,,,,,,,1,2,1,1,6
200500085299,0005-04-16 21:20:00,5,4,16,21,20,974,407.0,MAHATMA GANDHY,,,Nuit avec éclairage allumé,En agglomération,Hors intersection,Normale,Autre collision,,,,,,,,,,,5,2,1,1,6
200500085300,0005-04-20 16:50:00,5,4,20,16,50,974,407.0,RUE JASQUES DUCLOS,,,Plein jour,En agglomération,Hors intersection,Normale,Autre collision,,,,,,,,,,,1,2,1,1,6
200500085301,0005-04-24 11:00:00,5,4,24,11,0,974,407.0,PASTEUR(AVENUE),,,Plein jour,En agglomération,Intersection en T,Normale,Deux véhicules - arrière,,,,,,,,,,,1,2,3,1,2
200500085302,0005-04-27 09:15:00,5,4,27,9,15,974,407.0,ROLLAND EMILE(RUE),,,Plein jour,En agglomération,Intersection en X,Normale,Autre collision,,,,,,,,,,,1,2,2,1,6