accident_id,datetime,annee,mois,jour,heure,minute,departement,commune_insee,adresse,latitude,longitude,luminosite,agglomeration,intersection,meteo,collision,nb_vehicules,nb_usagers,nb_indemnes,nb_tues,nb_blesses_hosp,nb_blesses_legers,age_cond_1,age_cond_2,veh_type_cond_1,veh_type_cond_2,lum_code,agg_code,int_code,atm_code,col_code
200500085475,0005-04-04 14:20:00,5,4,4,14,20,973,302.0,BADUEL (LOTISSEMENT),,,Plein jour,En agglomération,Hors intersection,Normale,Autre collision,,,,,,,,,,,1,2,1,1,6
200500085476,0005-04-07 21:05:00,5,4,7,21,5,973,302.0,MANGO (ROUTE),,,Nuit avec éclairage allumé,En agglomération,Intersection en Y,Pluie légère,Deux véhicules - côté,,,,,,,,,,,5,2,4,2,3
200500085477,0005-04-10 06:55:00,5,4,10,6,55,973,302.0,"70, JADFARD (RENE)",,,Plein jour,En agglomération,Hors intersection,Normale,Deux véhicules - côté,,,,,,,,,,,1,2,1,1,3
200500085478,0005-04-11 09:20:00,5,4,11,9,20,973,302.0,"1752, MADELEINE (ROUTE D",,,Plein jour,En agglomération,Hors intersection,Normale,Autre collision,,,,,,,,,,,1,2,1,1,6
200500085479,0005-04-14 07:30:00,5,4,14,7,30,973,302.0,ROCADE FELIX EBOUE,,,Plein jour,En agglomération,Hors intersection,Normale,Deux véhicules - arrière,,,,,,,,,,,1,2,1,1,2
200500085480,0005-04-12 13:24:00,5,4,12,13,24,973,302.0,VIRGILE (AVENUE),,,Plein jour,En agglomération,Hors intersection,Normale,Autre collision,,,,,,,,,,,1,2,1,1,6
200500085481,0005-04-15 15:15:00,5,4,15,15,15,973,302.0,MONT LUCAS  2 (CITE),,,Plein jour,Hors agglomération,Hors intersection,Normale,Deux véhicules - côté,,,,,,,,,,,1,1,1,1,3
200500085482,0005-04-18 07:30:00,5,4,18,7,30,973,302.0,ROUTE NATIONALE I,,,Crépuscule ou aube,En agglomération,Hors intersection,Pluie forte,Trois véhicules et plus - en chaîne,,,,,,,,,,,2,2,1,3,4
200500085483,0005-04-15 19:15:00,5,4,15,19,15,973,302.0,"1996, BADUEL (ROUTE DE)",,,Nuit avec éclairage allumé,En agglomération,Hors intersection,Normale,Deux véhicules - côté,,,,,,,,,,,5,2,1,1,3
200500085484,0005-04-19 12:53:00,5,4,19,12,53,973,302.0,"45, HEDER (AVENUE LEOPOL",,,Plein jour,En agglomération,Hors intersection,Pluie légère,Autre collision,,,,,,,,,,,1,2,1,2,6
200500085485,0005-04-19 10:40:00,5,4,19,10,40,973,302.0,DAMAS (LEON GONTRAN),,,Plein jour,En agglomération,Intersection en T,Normale,Deux véhicules - côté,,,,,,,,,,,1,2,3,1,3
200500085486,0005-04-19 15:05:00,5,4,19,15,5,973,302.0,MADELEINE (ROUTE DE LA),,,Plein jour,En agglomération,Hors intersection,Normale,Deux véhicules - côté,,,,,,,,,,,1,2,1,1,3
200500085487,0005-04-20 14:25:00,5,4,20,14,25,973,302.0,RD POINT MARINGOUINS,,,Plein jour,En agglomération,Hors intersection,Normale,Deux véhicules - côté,,,,,,,,,,,1,2,1,1,3
200500085488,0005-04-20 18:00:00,5,4,20,18,0,973,302.0,BADUEL (ROUTE DE),,,Plein jour,En agglomération,Hors intersection,Normale,Deux véhicules - côté,,,,,,,,,,,1,2,1,1,3
200500085489,0005-04-08 10:25:00,5,4,8,10,25,973,302.0,LAFAURIE (CITE),,,Plein jour,En agglomération,Intersection en T,Normale,Deux véhicules - côté,,,,,,,,,,,1,2,3,1,3
200500085562,0005-05-02 14:45:00,5,5,2,14,45,971,107.0,FLAMBOYANTS ( ALLEE DES,,,Plein jour,En agglomération,Intersection en T,Normale,Trois véhicules et plus - collisions multiples,,,,,,,,,,,1,2,3,1,5
200500085563,0005-05-07 10:47:00,5,5,7,10,47,971,107.0,EGLISE (PLACE DE  L'),,,Plein jour,En agglomération,Hors intersection,Normale,Autre collision,,,,,,,,,,,1,2,1,1,6
200500085564,0005-05-17 10:35:00,5,5,17,10,35,971,107.0,"26, FLAMBOYANTS ( ALLEE",,,Plein jour,En agglomération,Hors intersection,Normale,Autre collision,,,,,,,,,,,1,2,1,1,6
200500085565,0005-05-11 14:15:00,5,5,11,14,15,971,107.0,GAMBETTA ( RUE ),,,Plein jour,En agglomération,Intersection en X,Normale,Deux véhicules - côté,,,,,,,,,,,1,2,2,1,3
200500085566,0005-05-03 23:45:00,5,5,3,23,45,971,101.0,"00, ROUTE DE CHAZEAU",,,Nuit avec éclairage allumé,En agglomération,Hors intersection,Normale,Deux véhicules - frontale,,,,,,,,,,,5,2,1,1,1
200500085567,0005-05-09 22:20:00,5,5,9,22,20,971,101.0,"00, ROND POINT IGNACE",,,Nuit avec éclairage allumé,En agglomération,Giratoire,Normale,Deux véhicules - côté,,,,,,,,,,,5,2,6,1,3
200500085568,0005-05-10 21:46:00,5,5,10,21,46,971,120.0,"00, HANNE (BOULEVARD)",,,Nuit avec éclairage allumé,En agglomération,Hors intersection,Normale,Deux véhicules - arrière,,,,,,,,,,,5,2,1,1,2
200500085569,0005-05-11 13:55:00,5,5,11,13,55,971,101.0,"102, ROUTE DE BOULIQUI",,,Plein jour,En agglomération,Hors intersection,Normale,Deux véhicules - frontale,,,,,,,,,,,1,2,1,1,1
200500085570,0005-05-12 19:00:00,5,5,12,19,0,971,120.0,"00, RUE EUVREMONT GENE",,,Nuit avec éclairage non allumé,En agglomération,Hors intersection,Normale,Deux véhicules - côté,,,,,,,,,,,4,2,1,1,3
200500085571,0005-05-13 03:38:00,5,5,13,3,38,971,113.0,"RN4, MONTAUBAN (SECTEUR)",,,Nuit avec éclairage allumé,En agglomération,Hors intersection,Pluie forte,Deux véhicules - côté,,,,,,,,,,,5,2,1,3,3
200500085572,0005-05-15 19:00:00,5,5,15,19,0,971,101.0,"00, BOISRIPEAUX",,,Nuit sans éclairage public,En agglomération,Intersection en X,Normale,Autre collision,,,,,,,,,,,3,2,2,1,6
200500085573,0005-05-15 20:00:00,5,5,15,20,0,971,101.0,BESSON,,,Nuit avec éclairage allumé,En agglomération,Intersection en T,Normale,Deux véhicules - côté,,,,,,,,,,,5,2,3,1,3
200500085574,0005-05-16 13:55:00,5,5,16,13,55,971,101.0,LACROIX,,,Plein jour,Hors agglomération,Hors intersection,Pluie forte,Deux véhicules - arrière,,,,,,,,,,,1,1,1,3,2
200500085575,0005-05-13 15:35:00,5,5,13,15,35,971,101.0,"RD103, CHAUVEL",,,Plein jour,En agglomération,Hors intersection,Normale,Deux véhicules - côté,,,,,,,,,,,1,2,1,1,3
200500085576,0005-05-18 20:20:00,5,5,18,20,20,971,101.0,TONNELLE,,,Nuit sans éclairage public,En agglomération,Hors intersection,Normale,Deux véhicules - côté,,,,,,,,,,,3,2,1,1,3
200500085577,0005-05-24 07:50:00,5,5,24,7,50,971,101.0,BOISRIPEAUX,,,Plein jour,En agglomération,Hors intersection,Normale,Autre collision,,,,,,,,,,,1,2,1,1,6
200500085578,0005-05-28 18:50:00,5,5,28,18,50,971,120.0,"00, HANNE (BOULEVARD)",,,Nuit avec éclairage allumé,En agglomération,Intersection en T,Normale,Deux véhicules - côté,,,,,,,,,,,5,2,3,1,3
200500085579,0005-05-28 20:10:00,5,5,28,20,10,971,101.0,"00, RN5-BOISRIPEAUX",,,Nuit sans éclairage public,Hors agglomération,Hors intersection,Normale,Deux véhicules - côté,,,,,,,,,,,3,1,1,1,3
200500085580,0005-05-27 20:08:00,5,5,27,20,8,971,101.0,"00, BAZIN",,,Nuit avec éclairage allumé,Hors agglomération,Hors intersection,Normale,Deux véhicules - côté,,,,,,,,,,,5,1,1,1,3
200500085581,0005-05-22 07:35:00,5,5,22,7,35,971,120.0,"00, FREBAULT",,,Plein jour,En agglomération,Intersection en X,Normale,Deux véhicules - côté,,,,,,,,,,,1,2,2,1,3
200500085582,0005-05-24 15:15:00,5,5,24,15,15,971,101.0,"00, ROUTE DES ABYMES",,,Plein jour,En agglomération,Hors intersection,Normale,Deux véhicules - côté,,,,,,,,,,,1,2,1,1,3
200500085583,0005-05-28 10:05:00,5,5,28,10,5,971,120.0,"00, HINCELIN",,,Plein jour,En agglomération,Hors intersection,Normale,Trois véhicules et plus - collisions multiples,,,,,,,,,,,1,2,1,1,5
200500085584,0005-05-25 10:00:00,5,5,25,10,0,971,101.0,PERRIN,,,Plein jour,Hors agglomération,Hors intersection,Normale,Trois véhicules et plus - collisions multiples,,,,,,,,,,,1,1,1,1,5
200500085585,0005-05-28 19:35:00,5,5,28,19,35,971,101.0,RN5-BOISRIPEAUX,,,Nuit sans éclairage public,En agglomération,Hors intersection,Normale,Sans collision,,,,,,,,,,,3,2,1,1,7
200500085586,0005-05-27 07:40:00,5,5,27,7,40,971,101.0,"RN5, CADUC",,,Plein jour,Hors agglomération,Hors intersection,Pluie forte,Deux véhicules - arrière,,,,,,,,,,,1,1,1,3,2
200500085587,0005-05-30 15:20:00,5,5,30,15,20,971,101.0,"00, PERRIN",,,Plein jour,En agglomération,Hors intersection,Normale,Sans collision,,,,,,,,,,,1,2,1,1,7
200500085588,0005-05-19 07:13:00,5,5,19,7,13,973,302.0,DE GAULLE (AVENUE),,,Plein jour,En agglomération,Hors intersection,Normale,Autre collision,,,,,,,,,,,1,2,1,1,6
200500085589,0005-05-01 21:00:00,5,5,1,21,0,973,302.0,TIGRE (ROUTE DU),,,Nuit avec éclairage allumé,En agglomération,Hors intersection,Normale,Deux véhicules - côté,,,,,,,,,,,5,2,1,1,3
200500085590,0005-05-03 00:20:00,5,5,3,0,20,973,302.0,"16, ARON (ANDRE)",,,Nuit avec éclairage allumé,En agglomération,Hors intersection,Normale,Deux véhicules - côté,,,,,,,,,,,5,2,1,1,3
200500085591,0005-05-07 01:11:00,5,5,7,1,11,973,302.0,MADELEINE (ROUTE DE LA),,,Nuit avec éclairage allumé,En agglomération,Hors intersection,Normale,Deux véhicules - frontale,,,,,,,,,,,5,2,1,1,1
200500085592,0005-05-08 09:55:00,5,5,8,9,55,973,302.0,RD POINT CRIQUE FOUILLEE,,,Plein jour,Hors agglomération,Hors intersection,Normale,Deux véhicules - arrière,,,,,,,,,,,1,1,1,1,2
200500085593,0005-05-09 14:40:00,5,5,9,14,40,973,302.0,"12, BOUDINOT (AUGUSTE) C",,,Plein jour,En agglomération,Hors intersection,Normale,Deux véhicules - arrière,,,,,,,,,,,1,2,1,1,2
200500085594,0005-05-12 05:55:00,5,5,12,5,55,973,302.0,"FACE 451, BADUEL (ROUTE",,,Crépuscule ou aube,En agglomération,Hors intersection,Normale,Deux véhicules - côté,,,,,,,,,,,2,2,1,1,3
200500085595,0005-05-12 09:15:00,5,5,12,9,15,973,302.0,ROUGET DE L ' ISLE,,,Plein jour,En agglomération,Hors intersection,Pluie forte,Deux véhicules - arrière,,,,,,,,,,,1,2,1,3,2
200500085596,0005-05-16 00:25:00,5,5,16,0,25,973,302.0,RD POINT LEBLOND,,,Nuit avec éclairage allumé,En agglomération,Hors intersection,Pluie légère,Autre collision,,,,,,,,,,,5,2,1,2,6
200500085597,0005-05-17 11:43:00,5,5,17,11,43,973,302.0,ROCADE FELIX EBOUE,,,Plein jour,En agglomération,Hors intersection,Pluie légère,Deux véhicules - côté,,,,,,,,,,,1,2,1,2,3
200500085598,0005-05-17 12:50:00,5,5,17,12,50,973,302.0,REPUBLIQUE (BD DE LA),,,Plein jour,En agglomération,Hors intersection,Pluie légère,Deux véhicules - côté,,,,,,,,,,,1,2,1,2,3
200500085599,0005-05-18 17:10:00,5,5,18,17,10,973,302.0,MIRZA (CITE),,,Plein jour,En agglomération,Hors intersection,Normale,Deux véhicules - côté,,,,,,,,,,,1,2,1,1,3
200500085600,0005-05-18 17:50:00,5,5,18,17,50,973,302.0,TIGRE (ROUTE DU),,,Plein jour,En agglomération,Intersection en T,Normale,Deux véhicules - côté,,,,,,,,,,,1,2,3,1,3
200500085601,0005-05-13 13:00:00,5,5,13,13,0,973,302.0,BADUEL (ROUTE DE),,,Plein jour,Hors agglomération,Hors intersection,Normale,Trois véhicules et plus - en chaîne,,,,,,,,,,,1,1,1,1,4
200500085602,0005-05-19 22:10:00,5,5,19,22,10,973,302.0,REPUBLIQUE (BD DE LA),,,Nuit avec éclairage allumé,En agglomération,Hors intersection,Pluie légère,Deux véhicules - côté,,,,,,,,,,,5,2,1,2,3
200500085603,0005-05-14 11:28:00,5,5,14,11,28,973,302.0,ROUTE NATIONALE I,,,Plein jour,Hors agglomération,Hors intersection,Normale,Deux véhicules - arrière,,,,,,,,,,,1,1,1,1,2
200500085604,0005-05-21 00:35:00,5,5,21,0,35,973,302.0,MADELEINE (ROUTE DE LA),,,Nuit sans éclairage public,En agglomération,Hors intersection,Normale,Deux véhicules - côté,,,,,,,,,,,3,2,1,1,3
200500085605,0005-05-22 07:45:00,5,5,22,7,45,973,302.0,CABASSOU (CITE),,,Plein jour,En agglomération,Intersection en T,Normale,Deux véhicules - côté,,,,,,,,,,,1,2,3,1,3
200500085606,0005-05-23 08:15:00,5,5,23,8,15,973,302.0,"454, MONTABO (ROUTE DE)",,,Plein jour,En agglomération,Hors intersection,Normale,Deux véhicules - côté,,,,,,,,,,,1,2,1,1,3
200500085607,0005-05-26 11:50:00,5,5,26,11,50,973,302.0,CESAIRE (CITE),,,Plein jour,En agglomération,Hors intersection,Temps éblouissant,Deux véhicules - côté,,,,,,,,,,,1,2,1,7,3
200500085608,0005-05-26 18:30:00,5,5,26,18,30,973,302.0,"19, ROSERAIE (CITE LA) R",,,Plein jour,En agglomération,Hors intersection,Normale,Autre collision,,,,,,,,,,,1,2,1,1,6
200500085609,0005-05-28 11:55:00,5,5,28,11,55,973,302.0,MONTABO (ROUTE DE) 3,,,Plein jour,En agglomération,Hors intersection,Normale,Deux véhicules - côté,,,,,,,,,,,1,2,1,1,3
200500085610,0005-05-20 17:20:00,5,5,20,17,20,973,302.0,PREVOT (ERNEST),,,Plein jour,En agglomération,Hors intersection,Pluie légère,Deux véhicules - côté,,,,,,,,,,,1,2,1,2,3
200500085611,0005-05-18 08:54:00,5,5,18,8,54,973,302.0,MADELEINE (ROUTE DE LA),,,Plein jour,En agglomération,Hors intersection,Normale,Deux véhicules - arrière,,,,,,,,,,,1,2,1,1,2
200500085612,0005-05-14 15:13:00,5,5,14,15,13,973,302.0,MADELEINE (ROUTE DE LA),,,Plein jour,En agglomération,Hors intersection,Normale,Deux véhicules - côté,,,,,,,,,,,1,2,1,1,3
200500085613,0005-05-24 10:20:00,5,5,24,10,20,973,302.0,"798, MONTABO (ROUTE DE)",,,Plein jour,Hors agglomération,Hors intersection,Normale,Deux véhicules - arrière,,,,,,,,,,,1,1,1,1,2
200500085614,0005-05-02 11:54:00,5,5,2,11,54,973,302.0,"471, BADUEL (ROUTE DE)",,,Plein jour,En agglomération,Hors intersection,Normale,Autre collision,,,,,,,,,,,1,2,1,1,6
200500085615,0005-05-23 19:45:00,5,5,23,19,45,973,302.0,CABASSOU (ROUTE DE),,,Nuit sans éclairage public,Hors agglomération,Hors intersection,Normale,Deux véhicules - arrière,,,,,,,,,,,3,1,1,1,2
200500085616,0005-05-26 16:33:00,5,5,26,16,33,973,302.0,ROCADE DE ZEPHIR,,,Plein jour,En agglomération,Hors intersection,Normale,Deux véhicules - côté,,,,,,,,,,,1,2,1,1,3
200500085617,0005-05-26 20:06:00,5,5,26,20,6,973,302.0,MADELEINE (ROUTE DE LA),,,Nuit avec éclairage allumé,En agglomération,Hors intersection,Normale,Deux véhicules - côté,,,,,,,,,,,5,2,1,1,3
200500085618,0005-05-31 14:00:00,5,5,31,14,0,973,302.0,KET TAI (CARREFOUR),,,Plein jour,En agglomération,Hors intersection,Normale,Deux véhicules - côté,,,,,,,,,,,1,2,1,1,3
200500085619,0005-05-04 16:30:00,5,5,4,16,30,974,407.0,CARPAYE(AVENUE),,,Plein jour,En agglomération,Hors intersection,Normale,Deux véhicules - arrière,,,,,,,,,,,1,2,1,1,2
200500085620,0005-05-05 20:10:00,5,5,5,20,10,974,407.0,LENINE (AVENUE),,,Nuit avec éclairage allumé,En agglomération,Hors intersection,Normale,Autre collision,,,,,,,,,,,5,2,1,1,6
200500085621,0005-05-11 09:45:00,5,5,11,9,45,974,407.0,ROND POINT SACRE COEUR,,,Plein jour,En agglomération,Giratoire,Normale,Deux véhicules - côté,,,,,,,,,,,1,2,6,1,3
200500085622,0005-05-17 15:35:00,5,5,17,15,35,974,407.0,"02, RUE DE LA BRECHE",,,Plein jour,En agglomération,Hors intersection,Normale,Autre collision,,,,,,,,,,,1,2,1,1,6
200500085623,0005-05-18 07:55:00,5,5,18,7,55,974,407.0,ELUARD(RUE),,,Plein jour,En agglomération,Hors intersection,Normale,Autre collision,,,,,,,,,,,1,2,1,1,6
200500085624,0005-05-20 09:30:00,5,5,20,9,30,974,407.0,20 DECEMBRE 1948(AVENUE,,,Plein jour,En agglomération,Hors intersection,Normale,Autre collision,,,,,,,,,,,1,2,1,1,6
200500085625,0005-05-22 20:30:00,5,5,22,20,30,974,407.0,ARAGON LOUIS(AVENUE),,,Nuit avec éclairage allumé,En agglomération,Intersection en T,Normale,Deux véhicules - côté,,,,,,,,,,,5,2,3,1,3
200500085626,0005-05-26 19:33:00,5,5,26,19,33,974,407.0,MONDON (AVENUE),,,Nuit avec éclairage allumé,En agglomération,Hors intersection,Normale,Deux véhicules - arrière,,,,,,,,,,,5,2,1,1,2
200500085627,0005-05-28 19:30:00,5,5,28,19,30,974,407.0,ALLEE BRETHIER,,,Nuit avec éclairage allumé,En agglomération,Hors intersection,Normale,Autre collision,,,,,,,,,,,5,2,1,1,6
200500085628,0005-05-19 23:10:00,5,5,19,23,10,974,410.0,"02, JEAN JAURES(AVENUE)",,,Nuit avec éclairage allumé,En agglomération,Intersection en X,Pluie forte,Deux véhicules - frontale,,,,,,,,,,,5,2,2,3,1
200500085629,0005-05-20 19:05:00,5,5,20,19,5,974,409.0,JOSEPH BEDIER(RUE),,,Crépuscule ou aube,En agglomération,Hors intersection,Normale,Autre collision,,,,,,,,,,,2,2,1,1,6
200500085630,0005-05-02 22:30:00,5,5,2,22,30,974,411.0,MONTAGNE (ROUTE DE LA),,,Nuit sans éclairage public,En agglomération,Hors intersection,Normale,Trois véhicules et plus - en chaîne,,,,,,,,,,,3,2,1,1,4
200500085631,0005-05-06 10:35:00,5,5,6,10,35,974,411.0,LECONTE DE LISLE (AVENUE,,,Plein jour,En agglomération,Hors intersection,Normale,Deux véhicules - côté,,,,,,,,,,,1,2,1,1,3
200500085632,0005-05-06 11:00:00,5,5,6,11,0,974,411.0,"56, LECONTE DE LISLE (AV",,,Plein jour,En agglomération,Hors intersection,Normale,Autre collision,,,,,,,,,,,1,2,1,1,6
200500085633,0005-05-06 11:40:00,5,5,6,11,40,974,411.0,"16, TURPIN (RUELLE)",,,Plein jour,En agglomération,Hors intersection,Normale,Autre collision,,,,,,,,,,,1,2,1,1,6
200500085634,0005-05-11 15:04:00,5,5,11,15,4,974,411.0,"75, CHRYSANTHEMES (DES)",,,Plein jour,En agglomération,Hors intersection,Normale,Deux véhicules - frontale,,,,,,,,,,,1,2,1,1,1
200500085635,0005-05-13 17:30:00,5,5,13,17,30,974,411.0,"10, EUROPE (RUE DE L')",,,Plein jour,En agglomération,Hors intersection,Normale,Autre collision,,,,,,,,,,,1,2,1,1,6
200500085636,0005-05-04 18:15:00,5,5,4,18,15,974,411.0,RN2/091,,,Plein jour,En agglomération,Hors intersection,Normale,Deux véhicules - côté,,,,,,,,,,,1,2,1,1,3
200500085637,0005-05-26 15:45:00,5,5,26,15,45,974,411.0,"1, METZ (PLACE DE)",,,Plein jour,En agglomération,Hors intersection,Normale,Autre collision,,,,,,,,,,,1,2,1,1,6
200500085638,0005-05-17 06:35:00,5,5,17,6,35,974,411.0,MONTAGNE (ROUTE DE LA),,,Crépuscule ou aube,Hors agglomération,Hors intersection,Pluie forte,Deux véhicules - frontale,,,,,,,,,,,2,1,1,3,1
200500085639,0005-05-19 12:15:00,5,5,19,12,15,974,411.0,GIMART (AVENUE STANISLAS,,,Plein jour,En agglomération,Hors intersection,Normale,Deux véhicules - côté,,,,,,,,,,,1,2,1,1,3
200500085640,0005-05-26 10:00:00,5,5,26,10,0,974,411.0,JAURES (BOULEVARD JEAN),,,Plein jour,En agglomération,Intersection en X,Normale,Deux véhicules - côté,,,,,,,,,,,1,2,2,1,3
200500085641,0005-05-27 18:28:00,5,5,27,18,28,974,411.0,KARTING (DU),,,Nuit avec éclairage allumé,En agglomération,Hors intersection,Pluie légère,Deux véhicules - côté,,,,,,,,,,,5,2,1,2,3
200500085642,0005-05-30 10:00:00,5,5,30,10,0,974,411.0,MONTAGNE (ROUTE DE LA),,,Plein jour,Hors agglomération,Hors intersection,Normale,Deux véhicules - côté,,,,,,,,,,,1,1,1,1,3
200500085643,0005-05-29 05:50:00,5,5,29,5,50,974,411.0,CANAL (CHEMIN DU GRAND),,,Nuit sans éclairage public,En agglomération,Hors intersection,Normale,Sans collision,,,,,,,,,,,3,2,1,1,7
200500085644,0005-05-31 09:21:00,5,5,31,9,21,974,411.0,LITTORAL (ROUTE 1 DU),,,Plein jour,Hors agglomération,Hors intersection,Normale,Trois véhicules et plus - en chaîne,,,,,,,,,,,1,1,1,1,4
200500085645,0005-05-20 15:45:00,5,5,20,15,45,974,411.0,"100, RUISSEAU DES NOIRS",,,Plein jour,En agglomération,Hors intersection,Normale,Autre collision,,,,,,,,,,,1,2,1,1,6
200500085646,0005-05-14 12:50:00,5,5,14,12,50,974,411.0,GRANITS (ALLEE DES),,,Plein jour,En agglomération,Hors intersection,Normale,Deux véhicules - côté,,,,,,,,,,,1,2,1,1,3
200500085647,0005-05-16 20:40:00,5,5,16,20,40,974,411.0,DIGUE (ROUTE),,,Nuit avec éclairage allumé,En agglomération,Hors intersection,Normale,Autre collision,,,,,,,,,,,5,2,1,1,6
200500085648,0005-05-18 17:00:00,5,5,18,17,0,974,411.0,GUADELOUPE (DE LA),,,Plein jour,En agglomération,Hors intersection,Normale,Deux véhicules - côté,,,,,,,,,,,1,2,1,1,3
200500085649,0005-05-19 05:20:00,5,5,19,5,20,974,411.0,LITTORAL (ROUTE 1 DU),,,Nuit sans éclairage public,Hors agglomération,Hors intersection,Normale,Autre collision,,,,,,,,,,,3,1,1,1,6
200500085650,0005-05-20 19:00:00,5,5,20,19,0,974,411.0,"55, PALMIERS (ROUTE DES)",,,Nuit avec éclairage allumé,En agglomération,Hors intersection,Normale,Deux véhicules - côté,,,,,,,,,,,5,2,1,1,3
200500085651,0005-05-04 19:35:00,5,5,4,19,35,974,416.0,"SANS, BANK(BOULEVARD)",,,Nuit avec éclairage allumé,En agglomération,Hors intersection,Normale,Sans collision,,,,,,,,,,,5,2,1,1,7
200500085652,0005-05-07 00:10:00,5,5,7,0,10,974,416.0,"3, PERE FAVRON(RUE DU)",,,Nuit avec éclairage allumé,En agglomération,Hors intersection,Normale,Deux véhicules - frontale,,,,,,,,,,,5,2,1,1,1
200500085653,0005-05-13 17:00:00,5,5,13,17,0,974,416.0,"SANS, BANK(BOULEVARD)",,,Plein jour,En agglomération,Hors intersection,Normale,Autre collision,,,,,,,,,,,1,2,1,1,6
200500085654,0005-05-15 09:30:00,5,5,15,9,30,974,416.0,"SANS, MAHY(RUE F DE)",,,Plein jour,En agglomération,Intersection en X,Normale,Deux véhicules - côté,,,,,,,,,,,1,2,2,1,3
200500085655,0005-05-21 12:00:00,5,5,21,12,0,974,416.0,"SANS, FOUR A CHAUX(RUE D",,,Plein jour,En agglomération,Hors intersection,Normale,Autre collision,,,,,,,,,,,1,2,1,1,6
200500085656,0005-05-23 17:23:00,5,5,23,17,23,974,416.0,"SANS, BANK(BOULEVARD)",,,Plein jour,En agglomération,Hors intersection,Normale,Autre collision,,,,,,,,,,,1,2,1,1,6
200500085657,0005-05-23 16:50:00,5,5,23,16,50,974,416.0,"sans, CAYENNE (RUE)",,,Plein jour,En agglomération,Hors intersection,Normale,Autre collision,,,,,,,,,,,1,2,1,1,6
200500085658,0005-05-26 11:05:00,5,5,26,11,5,974,414.0,"SANS, LAPIERRE(RUE PR.HE",,,Plein jour,En agglomération,Hors intersection,Normale,Autre collision,,,,,,,,,,,1,2,1,1,6
200500085659,0005-05-27 08:10:00,5,5,27,8,10,974,416.0,"100, DONAT(RUE LUC)",,,Plein jour,En agglomération,Hors intersection,Normale,Deux véhicules - côté,,,,,,,,,,,1,2,1,1,3
200500085660,0005-05-28 19:40:00,5,5,28,19,40,974,414.0,"25, LAMBERT(RUE)",,,Nuit avec éclairage allumé,En agglomération,Hors intersection,Normale,Deux véhicules - arrière,,,,,,,,,,,5,2,1,1,2
200500085661,0005-05-29 20:50:00,5,5,29,20,50,974,414.0,"SANS, LAPIERRE(RUE PR.HE",,,Nuit avec éclairage allumé,En agglomération,Hors intersection,Normale,Deux véhicules - arrière,,,,,,,,,,,5,2,1,1,2
200500085662,0005-05-30 07:15:00,5,5,30,7,15,974,416.0,"SANS, ISAUTIER (RUE FRAN",,,Plein jour,En agglomération,Hors intersection,Normale,Autre collision,,,,,,,,,,,1,2,1,1,6
200500085663,0005-06-17 10:00:00,5,6,17,10,0,972,204.0,,,,Plein jour,Hors agglomération,Hors intersection,Normale,Sans collision,,,,,,,,,,,1,1,1,1,7
200500085664,0005-06-18 02:45:00,5,6,18,2,45,972,207.0,,,,Nuit sans éclairage public,Hors agglomération,Intersection en X,Normale,Autre collision,,,,,,,,,,,3,1,2,1,6
200500085665,0005-06-18 03:00:00,5,6,18,3,0,972,207.0,,,,Nuit sans éclairage public,Hors agglomération,Hors intersection,Normale,Deux véhicules - frontale,,,,,,,,,,,3,1,1,1,1
200500085666,0005-06-29 20:30:00,5,6,29,20,30,972,207.0,,,,Nuit sans éclairage public,Hors agglomération,Hors intersection,Normale,Deux véhicules - frontale,,,,,,,,,,,3,1,1,1,1
200500085667,0005-06-09 18:00:00,5,6,9,18,0,972,220.0,,,,Crépuscule ou aube,En agglomération,Hors intersection,Normale,Deux véhicules - côté,,,,,,,,,,,2,2,1,1,3
200500085668,0005-06-15 17:00:00,5,6,15,17,0,972,231.0,,,,Plein jour,Hors agglomération,Hors intersection,Normale,Autre collision,,,,,,,,,,,1,1,1,1,6
200500085669,0005-06-25 02:30:00,5,6,25,2,30,972,231.0,RUE MAGASIN ZELINE,,,Nuit avec éclairage allumé,En agglomération,Hors intersection,Normale,Sans collision,,,,,,,,,,,5,2,1,1,7
200500085670,0005-06-10 04:00:00,5,6,10,4,0,972,221.0,,,,Nuit sans éclairage public,Hors agglomération,Giratoire,Pluie légère,Deux véhicules - côté,,,,,,,,,,,3,1,6,2,3
200500085671,0005-06-14 06:15:00,5,6,14,6,15,972,230.0,rue Auguste REJON,,,Plein jour,En agglomération,Autre intersection,Normale,Autre collision,,,,,,,,,,,1,2,9,1,6
200500085672,0005-06-14 19:00:00,5,6,14,19,0,972,222.0,Rue du Courbaril,,,Plein jour,En agglomération,Hors intersection,Normale,Autre collision,,,,,,,,,,,1,2,1,1,6
200500085673,0005-06-22 05:15:00,5,6,22,5,15,972,222.0,,,,Nuit sans éclairage public,Hors agglomération,Hors intersection,Normale,Autre collision,,,,,,,,,,,3,1,1,1,6
200500085674,0005-06-08 06:45:00,5,6,8,6,45,972,212.0,,,,Plein jour,Hors agglomération,Hors intersection,Temps couvert,Trois véhicules et plus - en chaîne,,,,,,,,,,,1,1,1,8,4
200500085675,0005-06-08 13:00:00,5,6,8,13,0,972,228.0,RUE SCHOELCHER,,,Plein jour,En agglomération,Hors intersection,Normale,Autre collision,,,,,,,,,,,1,2,1,1,6
200500085676,0005-06-24 22:00:00,5,6,24,22,0,972,214.0,Quartier ASSIER,,,Nuit sans éclairage public,Hors agglomération,Hors intersection,Normale,Deux véhicules - frontale,,,,,,,,,,,3,1,1,1,1