accident_id,datetime,annee,mois,jour,heure,minute,departement,commune_insee,adresse,latitude,longitude,luminosite,agglomeration,intersection,meteo,collision,nb_vehicules,nb_usagers,nb_indemnes,nb_tues,nb_blesses_hosp,nb_blesses_legers,age_cond_1,age_cond_2,veh_type_cond_1,veh_type_cond_2,lum_code,agg_code,int_code,atm_code,col_code
200500085677,0005-06-17 19:30:00,5,6,17,19,30,971,124.0,,,,Nuit sans éclairage public,Hors agglomération,Hors intersection,Normale,Deux véhicules - frontale,,,,,,,,,,,3,1,1,1,1
200500085678,0005-06-17 17:00:00,5,6,17,17,0,971,106.0,,,,Plein jour,Hors agglomération,Hors intersection,Normale,Autre collision,,,,,,,,,,,1,1,1,1,6
200500085679,0005-06-26 19:15:00,5,6,26,19,15,971,132.0,,,,Nuit sans éclairage public,Hors agglomération,Hors intersection,Normale,Deux véhicules - frontale,,,,,,,,,,,3,1,1,1,1
200500085680,0005-06-03 19:15:00,5,6,3,19,15,971,114.0,cité latanier,,,Nuit avec éclairage non allumé,En agglomération,Hors intersection,Normale,Deux véhicules - frontale,,,,,,,,,,,4,2,1,1,1
200500085681,0005-06-06 07:45:00,5,6,6,7,45,971,107.0,,,,Plein jour,Hors agglomération,Autre intersection,Pluie légère,Trois véhicules et plus - collisions multiples,,,,,,,,,,,1,1,9,2,5
200500085682,0005-06-08 07:00:00,5,6,8,7,0,971,114.0,,,,Crépuscule ou aube,Hors agglomération,Hors intersection,Autre,Deux véhicules - frontale,,,,,,,,,,,2,1,1,9,1
200500085683,0005-06-12 12:45:00,5,6,12,12,45,971,107.0,,,,Plein jour,Hors agglomération,Hors intersection,Normale,Deux véhicules - frontale,,,,,,,,,,,1,1,1,1,1
200500085684,0005-06-25 04:15:00,5,6,25,4,15,971,107.0,,,,Nuit sans éclairage public,Hors agglomération,Hors intersection,Normale,Deux véhicules - frontale,,,,,,,,,,,3,1,1,1,1
200500085685,0005-06-28 16:30:00,5,6,28,16,30,971,127.0,résidence coconut,,,Plein jour,En agglomération,Hors intersection,Normale,Autre collision,,,,,,,,,,,1,2,1,1,6
200500085686,0005-06-29 18:15:00,5,6,29,18,15,971,127.0,ROUTE DE SAINT LOUIS,,,Plein jour,En agglomération,Hors intersection,Normale,Deux véhicules - frontale,,,,,,,,,,,1,2,1,1,1
200500085687,0005-06-14 12:00:00,5,6,14,12,0,971,110.0,SECTION LE DESERT,,,Plein jour,En agglomération,Hors intersection,Normale,Sans collision,,,,,,,,,,,1,2,1,1,7
200500085688,0005-06-18 18:45:00,5,6,18,18,45,971,110.0,RUE PHILIPPE PAIN,,,Crépuscule ou aube,En agglomération,Hors intersection,Normale,Deux véhicules - côté,,,,,,,,,,,2,2,1,1,3
200500085689,0005-06-01 18:15:00,5,6,1,18,15,971,117.0,Bd Levasseur,,,Plein jour,En agglomération,Hors intersection,Normale,Deux véhicules - côté,,,,,,,,,,,1,2,1,1,3
200500085690,0005-06-09 22:30:00,5,6,9,22,30,971,122.0,,,,Nuit sans éclairage public,Hors agglomération,Hors intersection,Pluie forte,Autre collision,,,,,,,,,,,3,1,1,3,6
200500085691,0005-06-29 09:30:00,5,6,29,9,30,971,119.0,BALIN,,,Plein jour,Hors agglomération,Hors intersection,Pluie forte,Trois véhicules et plus - collisions multiples,,,,,,,,,,,1,1,1,3,5
200500085692,0005-06-05 10:00:00,5,6,5,10,0,971,125.0,,,,Plein jour,Hors agglomération,Hors intersection,Pluie forte,Deux véhicules - côté,,,,,,,,,,,1,1,1,3,3
200500085693,0005-06-19 19:00:00,5,6,19,19,0,971,125.0,,,,Crépuscule ou aube,Hors agglomération,Hors intersection,Normale,Deux véhicules - côté,,,,,,,,,,,2,1,1,1,3
200500085694,0005-06-24 15:15:00,5,6,24,15,15,971,125.0,,,,Plein jour,Hors agglomération,Hors intersection,Normale,Deux véhicules - frontale,,,,,,,,,,,1,1,1,1,1
200500085695,0005-06-26 20:30:00,5,6,26,20,30,971,125.0,,,,Nuit sans éclairage public,Hors agglomération,Hors intersection,Normale,Deux véhicules - frontale,,,,,,,,,,,3,1,1,1,1
200500085696,0005-06-02 12:45:00,5,6,2,12,45,971,128.0,,,,Plein jour,Hors agglomération,Hors intersection,Normale,Autre collision,,,,,,,,,,,1,1,1,1,6
200500085697,0005-06-10 20:00:00,5,6,10,20,0,971,128.0,,,,Plein jour,En agglomération,Hors intersection,Normale,Autre collision,,,,,,,,,,,1,2,1,1,6
200500085698,0005-06-12 14:45:00,5,6,12,14,45,971,128.0,BOULEVARD IBENE,,,Plein jour,En agglomération,Hors intersection,Normale,Deux véhicules - côté,,,,,,,,,,,1,2,1,1,3
200500085699,0005-06-30 16:30:00,5,6,30,16,30,971,128.0,,,,Plein jour,Hors agglomération,Hors intersection,Normale,Deux véhicules - côté,,,,,,,,,,,1,1,1,1,3
200500085700,0005-06-08 19:30:00,5,6,8,19,30,971,116.0,,,,Nuit sans éclairage public,Hors agglomération,Hors intersection,Normale,Deux véhicules - frontale,,,,,,,,,,,3,1,1,1,1
200500085701,0005-06-19 15:00:00,5,6,19,15,0,973,313.0,,,,Plein jour,Hors agglomération,Hors intersection,Normale,Deux véhicules - arrière,,,,,,,,,,,1,1,1,1,2
200500085702,0005-06-26 12:45:00,5,6,26,12,45,973,305.0,,,,Plein jour,En agglomération,Hors intersection,Normale,Autre collision,,,,,,,,,,,1,2,1,1,6
200500085703,0005-06-10 18:00:00,5,6,10,18,0,973,311.0,,,,Plein jour,Hors agglomération,Hors intersection,Normale,Deux véhicules - côté,,,,,,,,,,,1,1,1,1,3
200500085704,0005-06-28 23:00:00,5,6,28,23,0,973,311.0,Boulevard du Maroni,,,Nuit avec éclairage allumé,En agglomération,Hors intersection,Normale,Deux véhicules - frontale,,,,,,,,,,,5,2,1,1,1
200500085705,0005-06-20 09:00:00,5,6,20,9,0,974,408.0,Rue Leconte de l'Isle,,,Plein jour,En agglomération,Intersection en X,Normale,Deux véhicules - côté,,,,,,,,,,,1,2,2,1,3
200500085706,0005-06-13 12:45:00,5,6,13,12,45,974,418.0,RUE NOEL TESSIER,,,Plein jour,En agglomération,Hors intersection,Normale,Autre collision,,,,,,,,,,,1,2,1,1,6
200500085707,0005-06-03 06:45:00,5,6,3,6,45,974,420.0,,,,Plein jour,Hors agglomération,Hors intersection,Pluie légère,Deux véhicules - arrière,,,,,,,,,,,1,1,1,2,2
200500085708,0005-06-19 19:45:00,5,6,19,19,45,974,420.0,,,,Nuit sans éclairage public,En agglomération,Hors intersection,Normale,Autre collision,,,,,,,,,,,3,2,1,1,6
200500085709,0005-06-05 17:15:00,5,6,5,17,15,974,410.0,,,,Plein jour,Hors agglomération,Hors intersection,Normale,Deux véhicules - côté,,,,,,,,,,,1,1,1,1,3
200500085710,0005-06-26 21:00:00,5,6,26,21,0,974,409.0,,,,Nuit sans éclairage public,Hors agglomération,Hors intersection,Normale,Deux véhicules - frontale,,,,,,,,,,,3,1,1,1,1
200500085711,0005-06-02 16:00:00,5,6,2,16,0,974,402.0,,,,Plein jour,Hors agglomération,Hors intersection,Normale,Trois véhicules et plus - en chaîne,,,,,,,,,,,1,1,1,1,4
200500085712,0005-06-09 19:00:00,5,6,9,19,0,974,419.0,,,,Nuit sans éclairage public,Hors agglomération,Hors intersection,Normale,Autre collision,,,,,,,,,,,3,1,1,1,6
200500085713,0005-06-10 14:00:00,5,6,10,14,0,974,419.0,route nationale 2,,,Plein jour,En agglomération,Hors intersection,Normale,Deux véhicules - arrière,,,,,,,,,,,1,2,1,1,2
200500085714,0005-06-17 09:15:00,5,6,17,9,15,974,421.0,,,,Plein jour,Hors agglomération,Hors intersection,Normale,Deux véhicules - frontale,,,,,,,,,,,1,1,1,1,1
200500085715,0005-06-18 14:15:00,5,6,18,14,15,974,421.0,,,,Plein jour,Hors agglomération,Hors intersection,Normale,Autre collision,,,,,,,,,,,1,1,1,1,6
200500085716,0005-06-04 00:01:00,5,6,4,0,1,974,415.0,,,,Nuit sans éclairage public,Hors agglomération,Hors intersection,Normale,Sans collision,,,,,,,,,,,3,1,1,1,7
200500085717,0005-06-08 19:45:00,5,6,8,19,45,974,415.0,,,,Nuit sans éclairage public,Hors agglomération,Hors intersection,Normale,Trois véhicules et plus - collisions multiples,,,,,,,,,,,3,1,1,1,5
200500085718,0005-06-07 15:00:00,5,6,7,15,0,974,423.0,rue Victor HUGO,,,Plein jour,Hors agglomération,Hors intersection,Normale,Deux véhicules - frontale,,,,,,,,,,,1,1,1,1,1
200500085719,0005-06-25 22:30:00,5,6,25,22,30,974,414.0,,,,Nuit sans éclairage public,Hors agglomération,Hors intersection,Normale,Autre collision,,,,,,,,,,,3,1,1,1,6
200500085720,0005-06-14 18:15:00,5,6,14,18,15,974,412.0,15 RUE MARIUS ET ARY L.,,,Nuit sans éclairage public,En agglomération,Hors intersection,Normale,Autre collision,,,,,,,,,,,3,2,1,1,6
200500085751,0005-06-18 01:15:00,5,6,18,1,15,971,103.0,,,,Nuit sans éclairage public,Hors agglomération,Hors intersection,Normale,Autre collision,,,,,,,,,,,3,1,1,1,6
200500085761,0005-06-03 06:45:00,5,6,3,6,45,973,309.0,,,,Plein jour,Hors agglomération,Hors intersection,Normale,Trois véhicules et plus - collisions multiples,,,,,,,,,,,1,1,1,1,5
200500085762,0005-06-19 14:45:00,5,6,19,14,45,973,309.0,,,,Plein jour,Hors agglomération,Hors intersection,Normale,Deux véhicules - frontale,,,,,,,,,,,1,1,1,1,1
200500085763,0005-06-22 10:15:00,5,6,22,10,15,973,309.0,,,,Plein jour,Hors agglomération,Intersection en T,Normale,Autre collision,,,,,,,,,,,1,1,3,1,6
200500085764,0005-06-20 11:15:00,5,6,20,11,15,974,413.0,Rue du général Lambert,,,Plein jour,En agglomération,Hors intersection,Normale,Deux véhicules - frontale,,,,,,,,,,,1,2,1,1,1
200500085768,0005-06-13 21:45:00,5,6,13,21,45,971,127.0,Route Nationale 7,,,Nuit avec éclairage allumé,En agglomération,Hors intersection,Normale,Autre collision,,,,,,,,,,,5,2,1,1,6
200500085769,0005-06-04 00:15:00,5,6,4,0,15,973,304.0,Avenue des ROCHES,,,Nuit avec éclairage allumé,En agglomération,Hors intersection,Normale,Autre collision,,,,,,,,,,,5,2,1,1,6
200500085770,0005-06-18 13:00:00,5,6,18,13,0,973,304.0,,,,Plein jour,Hors agglomération,Hors intersection,Normale,Autre collision,,,,,,,,,,,1,1,1,1,6
200500085771,0005-06-20 08:15:00,5,6,20,8,15,973,304.0,avenue Berlioz 97310,,,Plein jour,En agglomération,Hors intersection,Normale,Deux véhicules - côté,,,,,,,,,,,1,2,1,1,3
200500085772,0005-06-24 20:00:00,5,6,24,20,0,973,304.0,,,,Nuit avec éclairage allumé,En agglomération,Hors intersection,Pluie légère,Autre collision,,,,,,,,,,,5,2,1,2,6
200500085773,0005-06-30 17:15:00,5,6,30,17,15,973,304.0,,,,Plein jour,En agglomération,Hors intersection,Normale,Deux véhicules - frontale,,,,,,,,,,,1,2,1,1,1
200500085775,0005-06-19 09:15:00,5,6,19,9,15,974,418.0,Rue Roger Payet,,,Nuit sans éclairage public,En agglomération,Hors intersection,Normale,Trois véhicules et plus - collisions multiples,,,,,,,,,,,3,2,1,1,5
200500085776,0005-06-14 11:00:00,5,6,14,11,0,974,416.0,,,,Plein jour,Hors agglomération,Autre intersection,Normale,Deux véhicules - frontale,,,,,,,,,,,1,1,9,1,1
200500085777,0005-06-26 07:30:00,5,6,26,7,30,974,416.0,RUE DU STADE,,,Crépuscule ou aube,En agglomération,Hors intersection,Temps éblouissant,Deux véhicules - arrière,,,,,,,,,,,2,2,1,7,2
200500085778,0005-06-10 11:50:00,5,6,10,11,50,974,415.0,Benard - Plateau Caillou,,,Plein jour,En agglomération,Hors intersection,Normale,Deux véhicules - frontale,,,,,,,,,,,1,2,1,1,1
200500085783,0005-06-04 12:49:00,5,6,4,12,49,971,107.0,SCHOELCHER  (RUE ),,,Plein jour,En agglomération,Intersection en T,Normale,Deux véhicules - côté,,,,,,,,,,,1,2,3,1,3
200500085784,0005-06-20 12:45:00,5,6,20,12,45,971,107.0,"RN 1, DUMANOIR ( ALLEE )",,,Plein jour,En agglomération,Hors intersection,Normale,Deux véhicules - frontale,,,,,,,,,,,1,2,1,1,1
200500085785,0005-06-21 23:40:00,5,6,21,23,40,971,107.0,PAUL LACAVE ( AVENUE ),,,Nuit avec éclairage allumé,En agglomération,Intersection en X,Temps couvert,Deux véhicules - côté,,,,,,,,,,,5,2,2,8,3
200500085786,0005-06-01 09:25:00,5,6,1,9,25,971,101.0,", GRAND CAMP(SECTION)",,,Plein jour,En agglomération,Intersection en T,Normale,Trois véhicules et plus - collisions multiples,,,,,,,,,,,1,2,3,1,5
200500085787,0005-06-04 13:30:00,5,6,4,13,30,971,113.0,"RN4, SECTION MARE-GAILLA",,,Plein jour,En agglomération,Intersection en T,Normale,Deux véhicules - côté,,,,,,,,,,,1,2,3,1,3
200500085788,0005-06-05 11:45:00,5,6,5,11,45,971,113.0,"RN4, PETIT HAVRE (SECTEU",,,Plein jour,Hors agglomération,Hors intersection,Normale,Deux véhicules - frontale,,,,,,,,,,,1,1,1,1,1
200500085789,0005-06-10 14:00:00,5,6,10,14,0,971,120.0,"28, JEAN JAURES",,,Plein jour,En agglomération,Hors intersection,Normale,Autre collision,,,,,,,,,,,1,2,1,1,6
200500085790,0005-06-04 21:15:00,5,6,4,21,15,971,120.0,"00, LOUISY MATHIEU",,,Nuit avec éclairage allumé,En agglomération,Hors intersection,Normale,Trois véhicules et plus - collisions multiples,,,,,,,,,,,5,2,1,1,5
200500085791,0005-06-10 20:00:00,5,6,10,20,0,971,120.0,"00, ZONE INDUSTRIELLE DE",,,Nuit avec éclairage allumé,En agglomération,Hors intersection,Normale,Deux véhicules - côté,,,,,,,,,,,5,2,1,1,3
200500085792,0005-06-11 20:30:00,5,6,11,20,30,971,101.0,"00, BEAUSOLEIL",,,Nuit avec éclairage allumé,En agglomération,Intersection en T,Normale,Autre collision,,,,,,,,,,,5,2,3,1,6
200500085793,0005-06-13 15:30:00,5,6,13,15,30,971,120.0,"103, NOZIERES",,,Plein jour,En agglomération,Hors intersection,Normale,Deux véhicules - arrière,,,,,,,,,,,1,2,1,1,2
200500085794,0005-06-17 23:35:00,5,6,17,23,35,971,101.0,"00, MAIRIE",,,Nuit avec éclairage allumé,En agglomération,Hors intersection,Normale,Deux véhicules - frontale,,,,,,,,,,,5,2,1,1,1
200500085795,0005-06-13 07:55:00,5,6,13,7,55,971,113.0,"00, SECTION GRANDE RAVIN",,,Plein jour,Hors agglomération,Intersection en T,Normale,Sans collision,,,,,,,,,,,1,1,3,1,7
200500085796,0005-06-19 14:38:00,5,6,19,14,38,971,101.0,CHAZEAU,,,Plein jour,En agglomération,Hors intersection,Normale,Autre collision,,,,,,,,,,,1,2,1,1,6
200500085797,0005-06-23 12:05:00,5,6,23,12,5,971,101.0,"00, MORNE VERGAIN",,,Plein jour,En agglomération,Intersection en Y,Normale,Deux véhicules - côté,,,,,,,,,,,1,2,4,1,3
200500085798,0005-06-25 23:00:00,5,6,25,23,0,971,101.0,"RN5, RN5-BOISRIPEAUX",,,Nuit sans éclairage public,Hors agglomération,Hors intersection,Normale,Sans collision,,,,,,,,,,,3,1,1,1,7
200500085799,0005-06-19 09:30:00,5,6,19,9,30,971,101.0,LE RAIZET(SECTEUR),,,Plein jour,En agglomération,Hors intersection,Normale,Autre collision,,,,,,,,,,,1,2,1,1,6
200500085800,0005-06-19 04:40:00,5,6,19,4,40,971,101.0,", CHAUVEL",,,Nuit avec éclairage allumé,Hors agglomération,Hors intersection,Normale,Sans collision,,,,,,,,,,,5,1,1,1,7
200500085801,0005-06-08 11:30:00,5,6,8,11,30,971,101.0,"129, BAIMBRIDGE",,,Plein jour,En agglomération,Hors intersection,Normale,Deux véhicules - arrière,,,,,,,,,,,1,2,1,1,2
200500085802,0005-06-30 21:30:00,5,6,30,21,30,971,120.0,"00, MORTENOL",,,Nuit avec éclairage allumé,En agglomération,Intersection en X,Normale,Deux véhicules - côté,,,,,,,,,,,5,2,2,1,3
200500085803,0005-06-29 08:25:00,5,6,29,8,25,971,101.0,BESSON,,,Plein jour,Hors agglomération,Hors intersection,Normale,Autre collision,,,,,,,,,,,1,1,1,1,6
200500085804,0005-06-12 13:00:00,5,6,12,13,0,973,302.0,MOLE,,,Plein jour,En agglomération,Hors intersection,Normale,Autre collision,,,,,,,,,,,1,2,1,1,6
200500085805,0005-06-07 11:38:00,5,6,7,11,38,974,407.0,VERDUN (BOULEVARD),,,Plein jour,En agglomération,Intersection en X,Normale,Deux véhicules - côté,,,,,,,,,,,1,2,2,1,3
200500085806,0005-06-09 14:30:00,5,6,9,14,30,974,407.0,DESMOULINS(RUE),,,Plein jour,En agglomération,Intersection en T,Normale,Deux véhicules - côté,,,,,,,,,,,1,2,3,1,3
200500085807,0005-06-14 16:10:00,5,6,14,16,10,974,407.0,COMMUNE DE PARIS (AVENUE,,,Plein jour,En agglomération,Hors intersection,Normale,Deux véhicules - arrière,,,,,,,,,,,1,2,1,1,2
200500085808,0005-06-16 13:55:00,5,6,16,13,55,974,407.0,LACAZE (RUE),,,Plein jour,En agglomération,Intersection en T,Normale,Deux véhicules - côté,,,,,,,,,,,1,2,3,1,3
200500085809,0005-06-20 07:50:00,5,6,20,7,50,974,407.0,ROMERO(AVENUE),,,Plein jour,En agglomération,Hors intersection,Normale,Autre collision,,,,,,,,,,,1,2,1,1,6
200500085810,0005-06-25 09:24:00,5,6,25,9,24,974,407.0,COMMUNE DE PARIS (AVENUE,,,Plein jour,En agglomération,Intersection en T,Normale,Autre collision,,,,,,,,,,,1,2,3,1,6
200500085811,0005-06-28 15:00:00,5,6,28,15,0,974,407.0,"77, MARINS PECHEURS(RUE)",,,Plein jour,En agglomération,Hors intersection,Normale,Deux véhicules - côté,,,,,,,,,,,1,2,1,1,3
200500085812,0005-06-08 20:15:00,5,6,8,20,15,974,410.0,"04, CITE DUHAL",,,Nuit sans éclairage public,En agglomération,Giratoire,Normale,Sans collision,,,,,,,,,,,3,2,6,1,7
200500085813,0005-06-19 16:15:00,5,6,19,16,15,974,409.0,RTE DE DEVIATION STA3,,,Plein jour,Hors agglomération,Hors intersection,Normale,Autre collision,,,,,,,,,,,1,1,1,1,6
200500085814,0005-06-10 18:50:00,5,6,10,18,50,974,409.0,"1115, DE BOURBON(AVENUE)",,,Nuit avec éclairage allumé,En agglomération,Hors intersection,Normale,Autre collision,,,,,,,,,,,5,2,1,1,6
200500085815,0005-06-03 07:40:00,5,6,3,7,40,974,411.0,RAMBAUD (LEOPOLD),,,Plein jour,En agglomération,Hors intersection,Normale,Deux véhicules - arrière,,,,,,,,,,,1,2,1,1,2
200500085816,0005-06-06 08:30:00,5,6,6,8,30,974,411.0,"184, MACE (ROUTE GABRIEL",,,Plein jour,En agglomération,Hors intersection,Normale,Deux véhicules - frontale,,,,,,,,,,,1,2,1,1,1
200500085817,0005-06-03 17:10:00,5,6,3,17,10,974,411.0,"177, GAULLE (DU GENERAL",,,Plein jour,En agglomération,Hors intersection,Normale,Autre collision,,,,,,,,,,,1,2,1,1,6
200500085818,0005-06-06 22:00:00,5,6,6,22,0,974,411.0,"52, LATTRE DE TASSIGNY (",,,Nuit avec éclairage allumé,En agglomération,Hors intersection,Normale,Deux véhicules - arrière,,,,,,,,,,,5,2,1,1,2
200500085819,0005-06-06 23:00:00,5,6,6,23,0,974,411.0,JAURES (BOULEVARD JEAN),,,Nuit avec éclairage allumé,En agglomération,Hors intersection,Normale,Deux véhicules - arrière,,,,,,,,,,,5,2,1,1,2
200500085820,0005-06-08 14:30:00,5,6,8,14,30,974,411.0,LITTORAL (ROUTE 1 DU),,,Plein jour,Hors agglomération,Hors intersection,Normale,Sans collision,,,,,,,,,,,1,1,1,1,7
200500085821,0005-06-10 18:15:00,5,6,10,18,15,974,411.0,MACE (BOULEVARD GABRIEL),,,Nuit avec éclairage allumé,En agglomération,Hors intersection,Normale,Autre collision,,,,,,,,,,,5,2,1,1,6
200500085822,0005-06-08 21:00:00,5,6,8,21,0,974,411.0,JAURES (BLD 2 JEAN),,,Nuit avec éclairage non allumé,En agglomération,Hors intersection,Normale,Sans collision,,,,,,,,,,,4,2,1,1,7
200500085823,0005-06-09 12:30:00,5,6,9,12,30,974,411.0,LECONTE DE LISLE (AVENUE,,,Plein jour,En agglomération,Hors intersection,Normale,Deux véhicules - côté,,,,,,,,,,,1,2,1,1,3
200500085824,0005-06-15 22:00:00,5,6,15,22,0,974,411.0,BRULE (ROUTE DU),,,Nuit sans éclairage public,En agglomération,Hors intersection,Pluie forte,Sans collision,,,,,,,,,,,3,2,1,3,7
200500085825,0005-06-15 16:35:00,5,6,15,16,35,974,411.0,"30, PARIS (RUE DE)",,,Plein jour,En agglomération,Hors intersection,Normale,Autre collision,,,,,,,,,,,1,2,1,1,6
200500085826,0005-06-16 16:15:00,5,6,16,16,15,974,411.0,"10, CHATEAU MORANGE (DU)",,,Plein jour,En agglomération,Hors intersection,Normale,Deux véhicules - côté,,,,,,,,,,,1,2,1,1,3
200500085827,0005-06-13 17:00:00,5,6,13,17,0,974,411.0,"28, BRASSENS (AVENUE GEO",,,Plein jour,En agglomération,Hors intersection,Normale,Autre collision,,,,,,,,,,,1,2,1,1,6
200500085828,0005-06-19 07:30:00,5,6,19,7,30,974,411.0,"16, APRES (RUE D')",,,Plein jour,En agglomération,Hors intersection,Normale,Autre collision,,,,,,,,,,,1,2,1,1,6
200500085829,0005-06-21 13:20:00,5,6,21,13,20,974,411.0,"01, TESSAN (RUE)",,,Plein jour,En agglomération,Intersection en X,Pluie légère,Deux véhicules - côté,,,,,,,,,,,1,2,2,2,3
200500085830,0005-06-24 08:26:00,5,6,24,8,26,974,411.0,JAURES (BOULEVARD JEAN),,,Plein jour,En agglomération,Hors intersection,Normale,Autre collision,,,,,,,,,,,1,2,1,1,6
200500085831,0005-06-30 08:00:00,5,6,30,8,0,974,411.0,"22, NOTRE DAME DE LA TRI",,,Plein jour,En agglomération,Hors intersection,Normale,Autre collision,,,,,,,,,,,1,2,1,1,6
200500085832,0005-06-18 02:24:00,5,6,18,2,24,974,411.0,"122, NEUF (CHEMIN)",,,Nuit avec éclairage allumé,En agglomération,Hors intersection,Normale,Autre collision,,,,,,,,,,,5,2,1,1,6
200500085833,0005-06-28 16:10:00,5,6,28,16,10,974,411.0,JAURES (BLD 1 JEAN),,,Plein jour,En agglomération,Hors intersection,Normale,Autre collision,,,,,,,,,,,1,2,1,1,6
200500085834,0005-06-30 09:10:00,5,6,30,9,10,974,411.0,"77, LECONTE DE LISLE (AV",,,Plein jour,En agglomération,Hors intersection,Normale,Autre collision,,,,,,,,,,,1,2,1,1,6
200500085835,0005-06-23 11:15:00,5,6,23,11,15,974,411.0,SAINT-FRANCOIS (ROUTE DE,,,Plein jour,Hors agglomération,Hors intersection,Pluie légère,Deux véhicules - frontale,,,,,,,,,,,1,1,1,2,1
200500085836,0005-06-29 19:15:00,5,6,29,19,15,974,411.0,"10, MONDON (RUE MONSEIGN",,,Nuit avec éclairage allumé,En agglomération,Hors intersection,Normale,Deux véhicules - côté,,,,,,,,,,,5,2,1,1,3
200500085837,0005-06-01 19:30:00,5,6,1,19,30,974,414.0,"sans, PRINCIPALE(AVENUE)",,,Nuit avec éclairage allumé,En agglomération,Intersection en X,Normale,Deux véhicules - côté,,,,,,,,,,,5,2,2,1,3
200500085838,0005-06-03 08:00:00,5,6,3,8,0,974,414.0,"40, SAINT PHILIPPE(RUE)",,,Plein jour,En agglomération,Hors intersection,Normale,Autre collision,,,,,,,,,,,1,2,1,1,6
200500085839,0005-06-16 17:15:00,5,6,16,17,15,974,416.0,"SANS, LORION(RUE LUC)",,,Plein jour,En agglomération,Hors intersection,Normale,Autre collision,,,,,,,,,,,1,2,1,1,6
200500085840,0005-06-05 15:50:00,5,6,5,15,50,974,416.0,"SANS, RN2/PDT F.MITTERAN",,,Plein jour,En agglomération,Hors intersection,Normale,Deux véhicules - côté,,,,,,,,,,,1,2,1,1,3
200500085841,0005-06-18 01:45:00,5,6,18,1,45,974,416.0,"SANS, BARQUISSEAU(RUE DE",,,Nuit avec éclairage allumé,En agglomération,Hors intersection,Normale,Sans collision,,,,,,,,,,,5,2,1,1,7
200500085842,0005-06-23 16:15:00,5,6,23,16,15,974,416.0,"SANS, BANK(BOULEVARD)",,,Plein jour,En agglomération,Hors intersection,Temps éblouissant,Autre collision,,,,,,,,,,,1,2,1,7,6
200500085843,0005-06-28 11:00:00,5,6,28,11,0,974,416.0,"42, BONS ENFANTS(RUE)",,,Plein jour,En agglomération,Hors intersection,Normale,Autre collision,,,,,,,,,,,1,2,1,1,6
200500085844,0005-01-14 07:20:00,5,1,14,7,20,971,101.0,"00, PETIT PEROU",,,Plein jour,En agglomération,Hors intersection,Pluie légère,Sans collision,,,,,,,,,,,1,2,1,2,7
200500085845,0005-06-15 06:15:00,5,6,15,6,15,971,101.0,"00, PERRIN",,,Plein jour,Hors agglomération,Intersection en T,Normale,Deux véhicules - côté,,,,,,,,,,,1,1,3,1,3
200500085846,0005-06-17 09:45:00,5,6,17,9,45,971,113.0,"RN4, MONTAUBAN (SECTEUR)",,,Plein jour,Hors agglomération,Hors intersection,Normale,Deux véhicules - côté,,,,,,,,,,,1,1,1,1,3
200500085946,0005-07-09 09:00:00,5,7,9,9,0,972,205.0,,,,Plein jour,Hors agglomération,Hors intersection,Pluie légère,Deux véhicules - frontale,,,,,,,,,,,1,1,1,2,1
200500085947,0005-07-31 00:30:00,5,7,31,0,30,972,223.0,,,,Nuit sans éclairage public,Hors agglomération,Hors intersection,Normale,Deux véhicules - frontale,,,,,,,,,,,3,1,1,1,1
200500085948,0005-07-02 19:45:00,5,7,2,19,45,972,221.0,,,,Nuit sans éclairage public,Hors agglomération,Hors intersection,Normale,Deux véhicules - frontale,,,,,,,,,,,3,1,1,1,1
200500085949,0005-07-05 06:15:00,5,7,5,6,15,972,221.0,76 rue V. Schoelcher,,,Plein jour,En agglomération,Hors intersection,Pluie légère,Autre collision,,,,,,,,,,,1,2,1,2,6
200500085950,0005-07-16 02:00:00,5,7,16,2,0,972,221.0,,,,Nuit avec éclairage allumé,Hors agglomération,Hors intersection,Normale,Autre collision,,,,,,,,,,,5,1,1,1,6
200500085951,0005-07-02 01:15:00,5,7,2,1,15,972,206.0,,,,Nuit sans éclairage public,Hors agglomération,Hors intersection,Normale,Autre collision,,,,,,,,,,,3,1,1,1,6
200500085952,0005-07-06 15:15:00,5,7,6,15,15,972,206.0,,,,Plein jour,Hors agglomération,Hors intersection,Normale,Deux véhicules - arrière,,,,,,,,,,,1,1,1,1,2
200500085953,0005-07-08 09:00:00,5,7,8,9,0,972,206.0,,,,Plein jour,Hors agglomération,Hors intersection,Normale,Sans collision,,,,,,,,,,,1,1,1,1,7
200500085954,0005-07-20 13:00:00,5,7,20,13,0,972,230.0,,,,Plein jour,Hors agglomération,Hors intersection,Normale,Deux véhicules - côté,,,,,,,,,,,1,1,1,1,3
200500085955,0005-07-24 23:15:00,5,7,24,23,15,972,222.0,,,,Nuit sans éclairage public,Hors agglomération,Hors intersection,Normale,Autre collision,,,,,,,,,,,3,1,1,1,6
200500085956,0005-07-30 15:30:00,5,7,30,15,30,972,222.0,,,,Plein jour,Hors agglomération,Intersection en X,Normale,Deux véhicules - côté,,,,,,,,,,,1,1,2,1,3