accident_id,datetime,annee,mois,jour,heure,minute,departement,commune_insee,adresse,latitude,longitude,luminosite,agglomeration,intersection,meteo,collision,nb_vehicules,nb_usagers,nb_indemnes,nb_tues,nb_blesses_hosp,nb_blesses_legers,age_cond_1,age_cond_2,veh_type_cond_1,veh_type_cond_2,lum_code,agg_code,int_code,atm_code,col_code
200500086142,0005-07-12 12:30:00,5,7,12,12,30,972,209.0,"137, RAVINE VILAINE (CHE",,,Plein jour,Hors agglomération,Hors intersection,Normale,Deux véhicules - côté,,,,,,,,,,,1,1,1,1,3
200500086143,0005-07-13 13:55:00,5,7,13,13,55,972,209.0,"111, BALATA (ROUTE DE)",,,Plein jour,Hors agglomération,Hors intersection,Normale,Sans collision,,,,,,,,,,,1,1,1,1,7
200500086144,0005-07-14 04:15:00,5,7,14,4,15,972,209.0,ROCADE (RUE DE LA),,,Nuit sans éclairage public,En agglomération,Hors intersection,Normale,Sans collision,,,,,,,,,,,3,2,1,1,7
200500086145,0005-07-17 13:45:00,5,7,17,13,45,972,209.0,OSMAN NADEAU (CHEMIN),,,Plein jour,En agglomération,Hors intersection,Normale,Deux véhicules - frontale,,,,,,,,,,,1,2,1,1,1
200500086146,0005-07-20 20:10:00,5,7,20,20,10,972,209.0,"129, MAURICE BISHOP (RUE",,,Nuit avec éclairage allumé,En agglomération,Hors intersection,Normale,Deux véhicules - côté,,,,,,,,,,,5,2,1,1,3
200500086147,0005-07-21 19:00:00,5,7,21,19,0,972,209.0,ERNEST DEPROGE (RUE),,,Nuit avec éclairage allumé,En agglomération,Hors intersection,Normale,Deux véhicules - côté,,,,,,,,,,,5,2,1,1,3
200500086148,0005-07-23 02:50:00,5,7,23,2,50,972,209.0,RD 41 (ROCADE),,,Nuit sans éclairage public,En agglomération,Hors intersection,Normale,Autre collision,,,,,,,,,,,3,2,1,1,6
200500086149,0005-07-23 21:00:00,5,7,23,21,0,972,209.0,RD 41 (ROCADE),,,Nuit sans éclairage public,En agglomération,Hors intersection,Normale,Sans collision,,,,,,,,,,,3,2,1,1,7
200500086150,0005-07-24 01:00:00,5,7,24,1,0,972,209.0,"9, ENTREE DE BRIAND (ROU",,,Nuit sans éclairage public,Hors agglomération,Hors intersection,Normale,Autre collision,,,,,,,,,,,3,1,1,1,6
200500086151,0005-07-25 13:25:00,5,7,25,13,25,972,209.0,"16, CARAIBES (AVENUE DES",,,Plein jour,En agglomération,Hors intersection,Normale,Autre collision,,,,,,,,,,,1,2,1,1,6
200500086152,0005-07-25 13:30:00,5,7,25,13,30,972,209.0,LEONA GABRIEL (AVENUE),,,Plein jour,En agglomération,Intersection en X,Normale,Deux véhicules - frontale,,,,,,,,,,,1,2,2,1,1
200500086153,0005-07-26 14:30:00,5,7,26,14,30,972,209.0,REDOUTE (ROUTE DE LA),,,Plein jour,En agglomération,Intersection en T,Normale,Deux véhicules - frontale,,,,,,,,,,,1,2,3,1,1
200500086154,0005-07-26 10:20:00,5,7,26,10,20,972,209.0,GENERAL DE GAULLE (BLD D,,,Plein jour,En agglomération,Hors intersection,Normale,Autre collision,,,,,,,,,,,1,2,1,1,6
200500086155,0005-07-30 02:35:00,5,7,30,2,35,972,209.0,"57, BALATA (ROUTE DE)",,,Nuit sans éclairage public,Hors agglomération,Hors intersection,Normale,Sans collision,,,,,,,,,,,3,1,1,1,7
200500086156,0005-07-30 18:20:00,5,7,30,18,20,972,209.0,RD 41 (ROCADE),,,Crépuscule ou aube,En agglomération,Hors intersection,Normale,Sans collision,,,,,,,,,,,2,2,1,1,7
200500086157,0005-07-30 15:55:00,5,7,30,15,55,972,209.0,RD 41 (ROCADE),,,Plein jour,En agglomération,Hors intersection,Normale,Autre collision,,,,,,,,,,,1,2,1,1,6
200500086158,0005-08-14 06:45:00,5,8,14,6,45,972,224.0,CHAPELLE,,,Plein jour,Hors agglomération,Hors intersection,Normale,Deux véhicules - frontale,,,,,,,,,,,1,1,1,1,1
200500086159,0005-08-18 22:30:00,5,8,18,22,30,972,224.0,ROUTE NOTIONALE 4,,,Nuit avec éclairage allumé,En agglomération,Hors intersection,Pluie légère,Deux véhicules - frontale,,,,,,,,,,,5,2,1,2,1
200500086160,0005-08-20 06:00:00,5,8,20,6,0,972,207.0,,,,Crépuscule ou aube,Hors agglomération,Hors intersection,Pluie légère,Sans collision,,,,,,,,,,,2,1,1,2,7
200500086161,0005-08-01 09:00:00,5,8,1,9,0,972,223.0,Route du VAUCLIN,,,Plein jour,En agglomération,Hors intersection,Pluie légère,Deux véhicules - frontale,,,,,,,,,,,1,2,1,2,1
200500086162,0005-08-14 22:15:00,5,8,14,22,15,972,220.0,Rocher ZOMBI,,,Nuit avec éclairage allumé,En agglomération,Hors intersection,Normale,Trois véhicules et plus - en chaîne,,,,,,,,,,,5,2,1,1,4
200500086163,0005-08-17 12:45:00,5,8,17,12,45,972,220.0,,,,Plein jour,Hors agglomération,Hors intersection,Normale,Deux véhicules - frontale,,,,,,,,,,,1,1,1,1,1
200500086164,0005-08-18 23:30:00,5,8,18,23,30,972,220.0,,14.483,60.9,Nuit avec éclairage allumé,Hors agglomération,Hors intersection,Normale,Deux véhicules - frontale,,,,,,,,,,,5,1,1,1,1
200500086165,0005-08-01 17:15:00,5,8,1,17,15,972,232.0,,,,Plein jour,Hors agglomération,Hors intersection,Normale,Autre collision,,,,,,,,,,,1,1,1,1,6
200500086166,0005-08-27 23:45:00,5,8,27,23,45,972,232.0,9 bld landa,,,Nuit avec éclairage allumé,En agglomération,Hors intersection,Normale,Deux véhicules - frontale,,,,,,,,,,,5,2,1,1,1
200500086167,0005-08-08 00:15:00,5,8,8,0,15,972,226.0,,,,Nuit sans éclairage public,Hors agglomération,Hors intersection,Normale,Deux véhicules - côté,,,,,,,,,,,3,1,1,1,3
200500086168,0005-08-21 04:00:00,5,8,21,4,0,972,221.0,,,,Nuit sans éclairage public,Hors agglomération,Hors intersection,Normale,Deux véhicules - frontale,,,,,,,,,,,3,1,1,1,1
200500086169,0005-08-18 19:45:00,5,8,18,19,45,972,206.0,des pécheurs PETIT ANSE,,,Nuit avec éclairage allumé,En agglomération,Hors intersection,Normale,Autre collision,,,,,,,,,,,5,2,1,1,6
200500086170,0005-08-11 09:00:00,5,8,11,9,0,972,230.0,RN1 Brin D'Amour,,,Plein jour,Hors agglomération,Hors intersection,Normale,Deux véhicules - frontale,,,,,,,,,,,1,1,1,1,1
200500086171,0005-08-17 21:45:00,5,8,17,21,45,972,230.0,"cité du Bac, PR 20 + 400",,,Nuit sans éclairage public,Hors agglomération,Hors intersection,Normale,Deux véhicules - frontale,,,,,,,,,,,3,1,1,1,1
200500086172,0005-08-26 07:45:00,5,8,26,7,45,972,230.0,Avenue du Raisinier,,,Plein jour,En agglomération,Hors intersection,Normale,Deux véhicules - côté,,,,,,,,,,,1,2,1,1,3
200500086173,0005-08-28 05:15:00,5,8,28,5,15,972,230.0,Le galion,,,Nuit sans éclairage public,Hors agglomération,Hors intersection,Normale,Deux véhicules - frontale,,,,,,,,,,,3,1,1,1,1
200500086174,0005-08-02 14:15:00,5,8,2,14,15,972,222.0,Lieu-dit Augrain,,,Plein jour,Hors agglomération,Hors intersection,Normale,Deux véhicules - arrière,,,,,,,,,,,1,1,1,1,2
200500086175,0005-08-27 19:30:00,5,8,27,19,30,972,222.0,,,,Nuit sans éclairage public,Hors agglomération,Hors intersection,Normale,Autre collision,,,,,,,,,,,3,1,1,1,6
200500086176,0005-08-28 20:00:00,5,8,28,20,0,972,222.0,,,,Nuit sans éclairage public,Hors agglomération,Hors intersection,Normale,Deux véhicules - côté,,,,,,,,,,,3,1,1,1,3
200500086177,0005-08-29 12:30:00,5,8,29,12,30,972,228.0,Carrefour rue Ernest Dép,,,Plein jour,En agglomération,Hors intersection,Normale,Sans collision,,,,,,,,,,,1,2,1,1,7
200500086178,0005-08-27 19:00:00,5,8,27,19,0,972,211.0,,,,Nuit sans éclairage public,Hors agglomération,Hors intersection,Normale,Autre collision,,,,,,,,,,,3,1,1,1,6
200500086179,0005-08-27 22:00:00,5,8,27,22,0,972,215.0,LE BOURG,,,Nuit avec éclairage allumé,En agglomération,Hors intersection,Normale,Deux véhicules - frontale,,,,,,,,,,,5,2,1,1,1
200500086180,0005-08-10 12:30:00,5,8,10,12,30,971,106.0,Section Monchy PK 18+200,,,Plein jour,En agglomération,Hors intersection,Pluie forte,Autre collision,,,,,,,,,,,1,2,1,3,6
200500086181,0005-08-13 13:45:00,5,8,13,13,45,971,134.0,,,,Plein jour,Hors agglomération,Hors intersection,Normale,Deux véhicules - côté,,,,,,,,,,,1,1,1,1,3
200500086182,0005-08-03 10:45:00,5,8,3,10,45,971,121.0,,,,Plein jour,Hors agglomération,Autre intersection,Normale,Deux véhicules - frontale,,,,,,,,,,,1,1,9,1,1
200500086183,0005-08-01 13:00:00,5,8,1,13,0,971,109.0,,,,Plein jour,Hors agglomération,Hors intersection,Normale,Deux véhicules - frontale,,,,,,,,,,,1,1,1,1,1
200500086184,0005-08-29 14:45:00,5,8,29,14,45,971,109.0,,,,Plein jour,Hors agglomération,Hors intersection,Normale,Trois véhicules et plus - collisions multiples,,,,,,,,,,,1,1,1,1,5
200500086185,0005-08-21 12:15:00,5,8,21,12,15,971,123.0,FLAMAND,,,Plein jour,En agglomération,Hors intersection,Normale,Deux véhicules - frontale,,,,,,,,,,,1,2,1,1,1
200500086186,0005-08-28 03:00:00,5,8,28,3,0,971,127.0,RN 7 - BELLEVUE,,,Nuit avec éclairage allumé,En agglomération,Hors intersection,Pluie légère,Autre collision,,,,,,,,,,,5,2,1,2,6
200500086187,0005-08-07 15:45:00,5,8,7,15,45,971,118.0,,,,Plein jour,Hors agglomération,Hors intersection,Pluie forte,Deux véhicules - frontale,,,,,,,,,,,1,1,1,3,1
200500086188,0005-08-29 11:00:00,5,8,29,11,0,971,118.0,,,,Plein jour,Hors agglomération,Hors intersection,Normale,Deux véhicules - côté,,,,,,,,,,,1,1,1,1,3
200500086189,0005-08-18 07:00:00,5,8,18,7,0,971,112.0,,,,Plein jour,Hors agglomération,Hors intersection,Normale,Sans collision,,,,,,,,,,,1,1,1,1,7
200500086190,0005-08-21 22:45:00,5,8,21,22,45,971,126.0,,,,Nuit avec éclairage allumé,Hors agglomération,Hors intersection,Normale,Deux véhicules - côté,,,,,,,,,,,5,1,1,1,3
200500086191,0005-08-08 05:15:00,5,8,8,5,15,971,117.0,,,,Crépuscule ou aube,Hors agglomération,Hors intersection,Normale,Deux véhicules - frontale,,,,,,,,,,,2,1,1,1,1
200500086192,0005-08-24 12:55:00,5,8,24,12,55,971,117.0,"section Lacroix, PK ???",,,Plein jour,Hors agglomération,Hors intersection,Normale,Deux véhicules - frontale,,,,,,,,,,,1,1,1,1,1
200500086193,0005-08-24 14:15:00,5,8,24,14,15,971,117.0,Section Autre bord,,,Plein jour,En agglomération,Hors intersection,Normale,Deux véhicules - frontale,,,,,,,,,,,1,2,1,1,1
200500086194,0005-08-08 18:30:00,5,8,8,18,30,971,119.0,,,,Crépuscule ou aube,Hors agglomération,Hors intersection,Pluie forte,Autre collision,,,,,,,,,,,2,1,1,3,6
200500086195,0005-08-10 12:30:00,5,8,10,12,30,971,125.0,Rond point du Golf,,,Plein jour,En agglomération,Giratoire,Normale,Deux véhicules - frontale,,,,,,,,,,,1,2,6,1,1
200500086196,0005-08-12 13:30:00,5,8,12,13,30,971,125.0,,,,Plein jour,Hors agglomération,Intersection en X,Normale,Deux véhicules - côté,,,,,,,,,,,1,1,2,1,3
200500086197,0005-08-16 20:30:00,5,8,16,20,30,971,125.0,Bragelogne,,,Nuit avec éclairage allumé,En agglomération,Hors intersection,Normale,Deux véhicules - côté,,,,,,,,,,,5,2,1,1,3
200500086198,0005-08-08 11:15:00,5,8,8,11,15,971,128.0,,,,Plein jour,Hors agglomération,Hors intersection,Normale,Autre collision,,,,,,,,,,,1,1,1,1,6
200500086199,0005-08-13 14:45:00,5,8,13,14,45,971,128.0,,,,Plein jour,Hors agglomération,Hors intersection,Normale,Deux véhicules - frontale,,,,,,,,,,,1,1,1,1,1
200500086200,0005-08-29 13:30:00,5,8,29,13,30,971,128.0,,,,Plein jour,Hors agglomération,Hors intersection,Normale,Deux véhicules - frontale,,,,,,,,,,,1,1,1,1,1
200500086201,0005-08-10 15:00:00,5,8,10,15,0,971,116.0,,,,Plein jour,Hors agglomération,Hors intersection,Normale,Deux véhicules - côté,,,,,,,,,,,1,1,1,1,3
200500086202,0005-08-13 01:45:00,5,8,13,1,45,971,116.0,RN 5 bourg,,,Nuit avec éclairage allumé,En agglomération,Autre intersection,Normale,Deux véhicules - frontale,,,,,,,,,,,5,2,9,1,1
200500086203,0005-08-15 15:30:00,5,8,15,15,30,971,116.0,,,,Nuit sans éclairage public,Hors agglomération,Hors intersection,Normale,Autre collision,,,,,,,,,,,3,1,1,1,6
200500086204,0005-08-21 05:00:00,5,8,21,5,0,971,116.0,,,,Nuit sans éclairage public,Hors agglomération,Autre intersection,Normale,Autre collision,,,,,,,,,,,3,1,9,1,6
200500086205,0005-08-10 19:30:00,5,8,10,19,30,973,312.0,,,,Nuit sans éclairage public,Hors agglomération,Hors intersection,Normale,Autre collision,,,,,,,,,,,3,1,1,1,6
200500086206,0005-08-09 13:00:00,5,8,9,13,0,973,303.0,,,,Plein jour,Hors agglomération,Hors intersection,Normale,Sans collision,,,,,,,,,,,1,1,1,1,7
200500086207,0005-08-31 12:00:00,5,8,31,12,0,973,303.0,,,,Plein jour,Hors agglomération,Hors intersection,Normale,Deux véhicules - côté,,,,,,,,,,,1,1,1,1,3
200500086208,0005-08-20 13:30:00,5,8,20,13,30,973,310.0,,,,Plein jour,Hors agglomération,Hors intersection,Normale,Deux véhicules - frontale,,,,,,,,,,,1,1,1,1,1
200500086209,0005-08-22 17:30:00,5,8,22,17,30,973,310.0,,,,Plein jour,Hors agglomération,Hors intersection,Normale,Deux véhicules - frontale,,,,,,,,,,,1,1,1,1,1
200500086210,0005-08-23 17:45:00,5,8,23,17,45,973,310.0,,,,Plein jour,Hors agglomération,Autre intersection,Normale,Deux véhicules - frontale,,,,,,,,,,,1,1,9,1,1
200500086211,0005-08-01 17:15:00,5,8,1,17,15,973,311.0,ROUTE DE ST MAURICE,,,Crépuscule ou aube,En agglomération,Hors intersection,Normale,Deux véhicules - côté,,,,,,,,,,,2,2,1,1,3
200500086212,0005-08-06 10:15:00,5,8,6,10,15,973,311.0,,,,Plein jour,Hors agglomération,Hors intersection,Normale,Deux véhicules - côté,,,,,,,,,,,1,1,1,1,3
200500086213,0005-08-08 18:00:00,5,8,8,18,0,973,311.0,ROUTE DE ST JEAN,,,Nuit avec éclairage allumé,En agglomération,Hors intersection,Normale,Autre collision,,,,,,,,,,,5,2,1,1,6
200500086214,0005-08-29 13:30:00,5,8,29,13,30,973,311.0,AVENUE G. MONNERVILLE,,,Plein jour,En agglomération,Hors intersection,Normale,Deux véhicules - frontale,,,,,,,,,,,1,2,1,1,1
200500086215,0005-08-04 10:15:00,5,8,4,10,15,974,410.0,,,,Plein jour,Hors agglomération,Hors intersection,Normale,Trois véhicules et plus - en chaîne,,,,,,,,,,,1,1,1,1,4
200500086216,0005-08-31 08:00:00,5,8,31,8,0,974,410.0,RUE DE LA FAYETTE,,,Plein jour,En agglomération,Hors intersection,Normale,Autre collision,,,,,,,,,,,1,2,1,1,6
200500086217,0005-08-17 07:00:00,5,8,17,7,0,974,421.0,,,,Plein jour,Hors agglomération,Hors intersection,Pluie forte,Sans collision,,,,,,,,,,,1,1,1,3,7
200500086218,0005-08-07 20:00:00,5,8,7,20,0,974,415.0,St Gilles les Bains,,,Nuit avec éclairage allumé,En agglomération,Hors intersection,Normale,Autre collision,,,,,,,,,,,5,2,1,1,6
200500086219,0005-08-18 06:30:00,5,8,18,6,30,974,415.0,,,,Plein jour,Hors agglomération,Hors intersection,Normale,Deux véhicules - côté,,,,,,,,,,,1,1,1,1,3
200500086220,0005-08-01 17:00:00,5,8,1,17,0,974,404.0,avenue raymond barre,,,Plein jour,En agglomération,Hors intersection,Normale,Autre collision,,,,,,,,,,,1,2,1,1,6
200500086221,0005-08-14 05:45:00,5,8,14,5,45,974,468.0,,,,Crépuscule ou aube,Hors agglomération,Hors intersection,Normale,Deux véhicules - frontale,,,,,,,,,,,2,1,1,1,1
200500086222,0005-08-06 12:45:00,5,8,6,12,45,974,414.0,,,,Plein jour,Hors agglomération,Autre intersection,Normale,Deux véhicules - frontale,,,,,,,,,,,1,1,9,1,1
200500086223,0005-08-31 22:15:00,5,8,31,22,15,974,414.0,Rue du Père Delaporte,,,Nuit avec éclairage allumé,En agglomération,Hors intersection,Normale,Autre collision,,,,,,,,,,,5,2,1,1,6
200500086224,0005-08-21 18:45:00,5,8,21,18,45,974,424.0,chemin figaro,,,Nuit sans éclairage public,En agglomération,Hors intersection,Temps couvert,Deux véhicules - arrière,,,,,,,,,,,3,2,1,8,2
200500086225,0005-08-15 11:45:00,5,8,15,11,45,974,403.0,rue fortuné Hoarau,,,Plein jour,En agglomération,Hors intersection,Normale,Autre collision,,,,,,,,,,,1,2,1,1,6
200500086226,0005-08-10 12:30:00,5,8,10,12,30,974,419.0,,,,Plein jour,Hors agglomération,Hors intersection,Normale,Sans collision,,,,,,,,,,,1,1,1,1,7
200500086227,0005-08-09 15:00:00,5,8,9,15,0,974,412.0,Quartier Langevin,,,Plein jour,En agglomération,Hors intersection,Normale,Trois véhicules et plus - collisions multiples,,,,,,,,,,,1,2,1,1,5
200500086228,0005-08-12 09:45:00,5,8,12,9,45,974,417.0,,,,Plein jour,Hors agglomération,Hors intersection,Normale,Autre collision,,,,,,,,,,,1,1,1,1,6
200500086229,0005-08-06 18:45:00,5,8,6,18,45,974,422.0,,,,Crépuscule ou aube,Hors agglomération,Hors intersection,Pluie légère,Deux véhicules - côté,,,,,,,,,,,2,1,1,2,3
200500086230,0005-08-19 17:45:00,5,8,19,17,45,974,422.0,,,,Crépuscule ou aube,En agglomération,Intersection en X,Normale,Trois véhicules et plus - collisions multiples,,,,,,,,,,,2,2,2,1,5
200500086252,0005-08-11 07:15:00,5,8,11,7,15,971,103.0,VOIE PRINCIPALE,,,Plein jour,En agglomération,Hors intersection,Normale,Deux véhicules - côté,,,,,,,,,,,1,2,1,1,3
200500086253,0005-08-15 14:15:00,5,8,15,14,15,971,103.0,,,,Plein jour,Hors agglomération,Hors intersection,Normale,Deux véhicules - côté,,,,,,,,,,,1,1,1,1,3
200500086260,0005-08-27 17:30:00,5,8,27,17,30,974,415.0,route du maïdo,,,Plein jour,En agglomération,Intersection en T,Normale,Deux véhicules - côté,,,,,,,,,,,1,2,3,1,3
200500086263,0005-08-07 22:45:00,5,8,7,22,45,971,127.0,boulevard de Grand Case,,,Nuit avec éclairage allumé,En agglomération,Hors intersection,Normale,Deux véhicules - arrière,,,,,,,,,,,5,2,1,1,2
200500086264,0005-08-12 07:15:00,5,8,12,7,15,973,304.0,,,,Plein jour,Hors agglomération,Hors intersection,Normale,Sans collision,,,,,,,,,,,1,1,1,1,7
200500086265,0005-08-22 16:30:00,5,8,22,16,30,973,304.0,,,,Plein jour,Hors agglomération,Hors intersection,Normale,Sans collision,,,,,,,,,,,1,1,1,1,7
200500086266,0005-08-30 12:30:00,5,8,30,12,30,973,304.0,rue du Lycée,,,Plein jour,En agglomération,Hors intersection,Normale,Deux véhicules - côté,,,,,,,,,,,1,2,1,1,3
200500086271,0005-08-01 19:40:00,5,8,1,19,40,971,113.0,GENERAL DE GAULLE (AVENU,,,Nuit avec éclairage allumé,En agglomération,Hors intersection,Normale,Autre collision,,,,,,,,,,,5,2,1,1,6
200500086272,0005-08-03 18:15:00,5,8,3,18,15,971,101.0,HIBISCUS,,,Crépuscule ou aube,En agglomération,Hors intersection,Normale,Deux véhicules - côté,,,,,,,,,,,2,2,1,1,3
200500086273,0005-08-14 22:00:00,5,8,14,22,0,971,101.0,"00, LE RAIZET(SECTEUR)",,,Nuit avec éclairage allumé,En agglomération,Intersection en X,Normale,Deux véhicules - côté,,,,,,,,,,,5,2,2,1,3
200500086274,0005-08-01 13:45:00,5,8,1,13,45,972,209.0,RN9,,,Plein jour,Hors agglomération,Hors intersection,Normale,Sans collision,,,,,,,,,,,1,1,1,1,7
200500086275,0005-08-03 14:10:00,5,8,3,14,10,972,209.0,"60, ROBESPIERRE (RUE)",,,Plein jour,En agglomération,Hors intersection,Normale,Deux véhicules - côté,,,,,,,,,,,1,2,1,1,3
200500086276,0005-08-05 03:50:00,5,8,5,3,50,972,209.0,"137, DIDIER (ROUTE DE)",,,Nuit avec éclairage allumé,En agglomération,Hors intersection,Normale,Sans collision,,,,,,,,,,,5,2,1,1,7
200500086277,0005-08-06 21:00:00,5,8,6,21,0,972,209.0,"197, MAURICE BISHOP (RUE",,,Nuit avec éclairage allumé,En agglomération,Hors intersection,Normale,Autre collision,,,,,,,,,,,5,2,1,1,6
200500086278,0005-08-07 09:30:00,5,8,7,9,30,972,209.0,RD 41 (ROCADE),,,Plein jour,En agglomération,Hors intersection,Normale,Autre collision,,,,,,,,,,,1,2,1,1,6
200500086279,0005-08-07 20:40:00,5,8,7,20,40,972,209.0,"7, RD 41 (ROCADE)",,,Nuit avec éclairage allumé,En agglomération,Hors intersection,Normale,Sans collision,,,,,,,,,,,5,2,1,1,7
200500086280,0005-08-08 02:25:00,5,8,8,2,25,972,209.0,"3, RD 41 (ROCADE)",,,Nuit sans éclairage public,En agglomération,Hors intersection,Normale,Sans collision,,,,,,,,,,,3,2,1,1,7
200500086281,0005-08-08 10:00:00,5,8,8,10,0,972,209.0,RD 41 (ROCADE),,,Plein jour,En agglomération,Hors intersection,Normale,Sans collision,,,,,,,,,,,1,2,1,1,7
200500086282,0005-08-08 18:25:00,5,8,8,18,25,972,209.0,PROFESSEUR RAYMOND GARCI,,,Crépuscule ou aube,En agglomération,Hors intersection,Normale,Deux véhicules - côté,,,,,,,,,,,2,2,1,1,3
200500086283,0005-08-09 10:15:00,5,8,9,10,15,972,209.0,RN9,,,Plein jour,En agglomération,Hors intersection,Normale,Deux véhicules - arrière,,,,,,,,,,,1,2,1,1,2
200500086284,0005-08-10 15:00:00,5,8,10,15,0,972,209.0,"97209445, JEAN-MARIE TJI",,,Plein jour,En agglomération,Intersection en Y,Normale,Deux véhicules - côté,,,,,,,,,,,1,2,4,1,3
200500086285,0005-08-12 10:15:00,5,8,12,10,15,972,209.0,LEOPOLD BISCOP (BOULEVAR,,,Plein jour,En agglomération,Hors intersection,Normale,Autre collision,,,,,,,,,,,1,2,1,1,6
200500086286,0005-08-12 13:45:00,5,8,12,13,45,972,209.0,ROUTOUTOU (RUE DU),,,Plein jour,Hors agglomération,Hors intersection,Normale,Sans collision,,,,,,,,,,,1,1,1,1,7
200500086287,0005-08-13 19:50:00,5,8,13,19,50,972,209.0,BALATA (ROUTE DE),,,Nuit avec éclairage non allumé,Hors agglomération,Hors intersection,Normale,Deux véhicules - frontale,,,,,,,,,,,4,1,1,1,1
200500086288,0005-08-11 15:50:00,5,8,11,15,50,972,209.0,BALATA (ROUTE DE),,,Plein jour,Hors agglomération,Hors intersection,Normale,Deux véhicules - côté,,,,,,,,,,,1,1,1,1,3
200500086289,0005-08-18 20:04:00,5,8,18,20,4,972,209.0,CONDORCET (AVENUE),,,Nuit avec éclairage allumé,En agglomération,Hors intersection,Normale,Deux véhicules - côté,,,,,,,,,,,5,2,1,1,3
200500086290,0005-08-20 13:55:00,5,8,20,13,55,972,209.0,BALATA (ROUTE DE),,,Plein jour,Hors agglomération,Hors intersection,Normale,Deux véhicules - frontale,,,,,,,,,,,1,1,1,1,1
200500086291,0005-08-21 22:20:00,5,8,21,22,20,972,209.0,", RN1",,,Nuit avec éclairage allumé,En agglomération,Hors intersection,Normale,Deux véhicules - frontale,,,,,,,,,,,5,2,1,1,1
200500086292,0005-08-28 10:30:00,5,8,28,10,30,972,209.0,RELIGIEUSES (ROUTE DES),,,Plein jour,En agglomération,Hors intersection,Normale,Deux véhicules - côté,,,,,,,,,,,1,2,1,1,3
200500086293,0005-08-29 17:25:00,5,8,29,17,25,972,209.0,LEONTINE POULET (RUE),,,Plein jour,En agglomération,Hors intersection,Normale,Deux véhicules - côté,,,,,,,,,,,1,2,1,1,3
200500086294,0005-08-29 17:26:00,5,8,29,17,26,972,209.0,GENERAL DE GAULLE (BLD D,,,Plein jour,En agglomération,Hors intersection,Normale,Deux véhicules - côté,,,,,,,,,,,1,2,1,1,3
200500086295,0005-08-03 14:08:00,5,8,3,14,8,974,407.0,ROUTE NATIONALE N° 1,,,Plein jour,En agglomération,Hors intersection,Normale,Autre collision,,,,,,,,,,,1,2,1,1,6
200500086296,0005-08-06 19:10:00,5,8,6,19,10,974,407.0,MAHATMA GANDHY,,,Nuit sans éclairage public,En agglomération,Hors intersection,Normale,Deux véhicules - arrière,,,,,,,,,,,3,2,1,1,2
200500086297,0005-08-10 14:55:00,5,8,10,14,55,974,407.0,DE GAULLE(RUE),,,Plein jour,En agglomération,Hors intersection,Normale,Autre collision,,,,,,,,,,,1,2,1,1,6
200500086298,0005-08-11 22:55:00,5,8,11,22,55,974,407.0,ROUTE NATIONALE N° 1,,,Nuit sans éclairage public,En agglomération,Hors intersection,Normale,Autre collision,,,,,,,,,,,3,2,1,1,6
200500086299,0005-08-12 23:45:00,5,8,12,23,45,974,407.0,ROUTE NATIONALE N° 1,,,Nuit sans éclairage public,En agglomération,Hors intersection,Normale,Autre collision,,,,,,,,,,,3,2,1,1,6
200500086300,0005-08-15 14:10:00,5,8,15,14,10,974,407.0,08 MARS(RUE DU),,,Plein jour,En agglomération,Hors intersection,Normale,Deux véhicules - côté,,,,,,,,,,,1,2,1,1,3
200500086301,0005-08-23 12:15:00,5,8,23,12,15,974,407.0,RUE SULLY PRUD'HOMME,,,Plein jour,En agglomération,Hors intersection,Normale,Deux véhicules - côté,,,,,,,,,,,1,2,1,1,3
200500086302,0005-08-24 17:00:00,5,8,24,17,0,974,407.0,ROUTE DU SACRE COEUR,,,Plein jour,En agglomération,Hors intersection,Normale,Deux véhicules - arrière,,,,,,,,,,,1,2,1,1,2
200500086303,0005-08-30 21:20:00,5,8,30,21,20,974,407.0,COMMUNE DE PARIS (AVENUE,,,Nuit avec éclairage allumé,En agglomération,Hors intersection,Normale,Sans collision,,,,,,,,,,,5,2,1,1,7
200500086304,0005-08-01 20:15:00,5,8,1,20,15,974,411.0,KERVEGUEN (GABRIEL DE),,,Nuit avec éclairage allumé,En agglomération,Hors intersection,Normale,Autre collision,,,,,,,,,,,5,2,1,1,6
200500086305,0005-08-02 19:20:00,5,8,2,19,20,974,411.0,"04, DORET 1 (BOULEVARD)",,,Nuit avec éclairage allumé,En agglomération,Hors intersection,Pluie légère,Autre collision,,,,,,,,,,,5,2,1,2,6
200500086306,0005-08-02 13:30:00,5,8,2,13,30,974,411.0,JAURES (BOULEVARD JEAN),,,Plein jour,En agglomération,Hors intersection,Normale,Autre collision,,,,,,,,,,,1,2,1,1,6
200500086307,0005-08-03 13:50:00,5,8,3,13,50,974,411.0,"10, FOCH (RUE)",,,Plein jour,En agglomération,Hors intersection,Normale,Deux véhicules - côté,,,,,,,,,,,1,2,1,1,3
200500086308,0005-08-06 18:30:00,5,8,6,18,30,974,411.0,LATTRE DE TASSIGNY (AVEN,,,Plein jour,En agglomération,Hors intersection,Normale,Deux véhicules - côté,,,,,,,,,,,1,2,1,1,3