accident_id,datetime,annee,mois,jour,heure,minute,departement,commune_insee,adresse,latitude,longitude,luminosite,agglomeration,intersection,meteo,collision,nb_vehicules,nb_usagers,nb_indemnes,nb_tues,nb_blesses_hosp,nb_blesses_legers,age_cond_1,age_cond_2,veh_type_cond_1,veh_type_cond_2,lum_code,agg_code,int_code,atm_code,col_code
200500087160,0005-11-27 02:45:00,5,11,27,2,45,971,131.0,place DUBUISSON,,,Nuit avec éclairage allumé,En agglomération,Hors intersection,Normale,Sans collision,,,,,,,,,,,5,2,1,1,7
200500087161,0005-11-02 13:45:00,5,11,2,13,45,971,127.0,Route de sandy ground,,,Plein jour,En agglomération,Hors intersection,Normale,Deux véhicules - côté,,,,,,,,,,,1,2,1,1,3
200500087162,0005-11-08 19:15:00,5,11,8,19,15,971,127.0,"D 208, Baie Nettlé",,,Nuit avec éclairage non allumé,En agglomération,Hors intersection,Normale,Autre collision,,,,,,,,,,,4,2,1,1,6
200500087163,0005-11-11 20:15:00,5,11,11,20,15,971,115.0,,,,Nuit avec éclairage allumé,Hors agglomération,Hors intersection,Normale,Deux véhicules - côté,,,,,,,,,,,5,1,1,1,3
200500087164,0005-11-22 20:00:00,5,11,22,20,0,971,115.0,,,,Nuit avec éclairage allumé,Hors agglomération,Intersection en X,Normale,Deux véhicules - côté,,,,,,,,,,,5,1,2,1,3
200500087165,0005-11-24 08:45:00,5,11,24,8,45,971,129.0,,,,Plein jour,Hors agglomération,Hors intersection,Normale,Autre collision,,,,,,,,,,,1,1,1,1,6
200500087166,0005-11-02 02:30:00,5,11,2,2,30,971,117.0,de la Clinique à PORLAND,,,Nuit sans éclairage public,Hors agglomération,Hors intersection,Pluie légère,Sans collision,,,,,,,,,,,3,1,1,2,7
200500087167,0005-11-29 16:15:00,5,11,29,16,15,971,122.0,,,,Plein jour,Hors agglomération,Hors intersection,Normale,Trois véhicules et plus - collisions multiples,,,,,,,,,,,1,1,1,1,5
200500087168,0005-11-19 11:30:00,5,11,19,11,30,971,125.0,"entre, section Pompiray",,,Plein jour,Hors agglomération,Hors intersection,Normale,Autre collision,,,,,,,,,,,1,1,1,1,6
200500087169,0005-11-01 20:45:00,5,11,1,20,45,971,128.0,,,,Nuit sans éclairage public,Hors agglomération,Autre intersection,Normale,Deux véhicules - frontale,,,,,,,,,,,3,1,9,1,1
200500087170,0005-11-14 16:30:00,5,11,14,16,30,971,128.0,,,,Plein jour,Hors agglomération,Autre intersection,Normale,Deux véhicules - frontale,,,,,,,,,,,1,1,9,1,1
200500087171,0005-11-22 12:15:00,5,11,22,12,15,971,128.0,,,,Plein jour,Hors agglomération,Hors intersection,Normale,Deux véhicules - arrière,,,,,,,,,,,1,1,1,1,2
200500087172,0005-11-13 03:45:00,5,11,13,3,45,971,116.0,,,,Nuit sans éclairage public,Hors agglomération,Hors intersection,Pluie forte,Deux véhicules - frontale,,,,,,,,,,,3,1,1,3,1
200500087173,0005-11-01 10:45:00,5,11,1,10,45,973,307.0,,,,Plein jour,Hors agglomération,Hors intersection,Normale,Sans collision,,,,,,,,,,,1,1,1,1,7
200500087174,0005-11-07 18:30:00,5,11,7,18,30,973,307.0,RN 2  et rue Ebène,,,Crépuscule ou aube,En agglomération,Intersection en X,Normale,Deux véhicules - côté,,,,,,,,,,,2,2,2,1,3
200500087175,0005-11-21 17:15:00,5,11,21,17,15,973,307.0,,,,Plein jour,Hors agglomération,Hors intersection,Normale,Deux véhicules - frontale,,,,,,,,,,,1,1,1,1,1
200500087176,0005-11-10 08:15:00,5,11,10,8,15,973,305.0,PK 25 - RN1,,,Plein jour,Hors agglomération,Hors intersection,Temps éblouissant,Deux véhicules - côté,,,,,,,,,,,1,1,1,7,3
200500087177,0005-11-21 05:15:00,5,11,21,5,15,973,305.0,,,,Crépuscule ou aube,Hors agglomération,Hors intersection,Normale,Autre collision,,,,,,,,,,,2,1,1,1,6
200500087178,0005-11-30 10:30:00,5,11,30,10,30,973,301.0,,,,Plein jour,Hors agglomération,Hors intersection,Normale,Sans collision,,,,,,,,,,,1,1,1,1,7
200500087179,0005-11-21 16:00:00,5,11,21,16,0,973,311.0,Avenue G. Monnerville,,,Plein jour,En agglomération,Hors intersection,Pluie légère,Deux véhicules - frontale,,,,,,,,,,,1,2,1,2,1
200500087180,0005-11-14 22:00:00,5,11,14,22,0,973,306.0,,,,Nuit sans éclairage public,Hors agglomération,Hors intersection,Normale,Sans collision,,,,,,,,,,,3,1,1,1,7
200500087181,0005-11-30 12:40:00,5,11,30,12,40,974,408.0,rue Nelson Mandela,,,Plein jour,En agglomération,Autre intersection,Normale,Deux véhicules - côté,,,,,,,,,,,1,2,9,1,3
200500087182,0005-11-07 07:30:00,5,11,7,7,30,974,418.0,,,,Plein jour,Hors agglomération,Hors intersection,Normale,Deux véhicules - côté,,,,,,,,,,,1,1,1,1,3
200500087183,0005-11-24 12:15:00,5,11,24,12,15,974,418.0,voie du front de mer,,,Plein jour,En agglomération,Hors intersection,Normale,Autre collision,,,,,,,,,,,1,2,1,1,6
200500087184,0005-11-05 10:25:00,5,11,5,10,25,974,453.0,RN2,,,Plein jour,En agglomération,Hors intersection,Normale,Deux véhicules - frontale,,,,,,,,,,,1,2,1,1,1
200500087185,0005-11-11 01:45:00,5,11,11,1,45,974,402.0,Pont de Paniandy,,,Nuit sans éclairage public,Hors agglomération,Hors intersection,Normale,Autre collision,,,,,,,,,,,3,1,1,1,6
200500087186,0005-11-11 16:00:00,5,11,11,16,0,974,409.0,rue de cambuston,,,Plein jour,En agglomération,Hors intersection,Normale,Deux véhicules - côté,,,,,,,,,,,1,2,1,1,3
200500087187,0005-11-12 02:15:00,5,11,12,2,15,974,409.0,RUE EMILE THOMAS,,,Nuit sans éclairage public,En agglomération,Hors intersection,Normale,Autre collision,,,,,,,,,,,3,2,1,1,6
200500087188,0005-11-27 12:15:00,5,11,27,12,15,974,409.0,,,,Plein jour,Hors agglomération,Hors intersection,Normale,Deux véhicules - frontale,,,,,,,,,,,1,1,1,1,1
200500087189,0005-11-10 08:30:00,5,11,10,8,30,974,421.0,,,,Plein jour,Hors agglomération,Hors intersection,Normale,Trois véhicules et plus - collisions multiples,,,,,,,,,,,1,1,1,1,5
200500087190,0005-11-15 18:15:00,5,11,15,18,15,974,415.0,,,,Plein jour,Hors agglomération,Intersection en X,Normale,Deux véhicules - frontale,,,,,,,,,,,1,1,2,1,1
200500087191,0005-11-21 18:00:00,5,11,21,18,0,974,415.0,54 rue de la Baie,,,Plein jour,En agglomération,Hors intersection,Normale,Deux véhicules - arrière,,,,,,,,,,,1,2,1,1,2
200500087192,0005-11-07 23:45:00,5,11,7,23,45,974,415.0,,,,Nuit sans éclairage public,Hors agglomération,Hors intersection,Normale,Autre collision,,,,,,,,,,,3,1,1,1,6
200500087193,0005-11-19 05:00:00,5,11,19,5,0,974,415.0,,,,Crépuscule ou aube,Hors agglomération,Hors intersection,Normale,Sans collision,,,,,,,,,,,2,1,1,1,7
200500087194,0005-11-18 16:15:00,5,11,18,16,15,974,415.0,,,,Plein jour,Hors agglomération,Hors intersection,Normale,Deux véhicules - côté,,,,,,,,,,,1,1,1,1,3
200500087195,0005-11-19 08:30:00,5,11,19,8,30,974,423.0,,,,Plein jour,Hors agglomération,Hors intersection,Normale,Sans collision,,,,,,,,,,,1,1,1,1,7
200500087196,0005-11-25 19:30:00,5,11,25,19,30,974,449.0,Rue Raphael Douyère,,,Nuit avec éclairage allumé,En agglomération,Hors intersection,Normale,Deux véhicules - arrière,,,,,,,,,,,5,2,1,1,2
200500087197,0005-11-29 07:45:00,5,11,29,7,45,974,449.0,RN 3 PR 35+700,,,Plein jour,Hors agglomération,Hors intersection,Normale,Deux véhicules - côté,,,,,,,,,,,1,1,1,1,3
200500087198,0005-11-06 19:45:00,5,11,6,19,45,974,422.0,Rue du petit tampon,,,Nuit avec éclairage allumé,En agglomération,Hors intersection,Normale,Autre collision,,,,,,,,,,,5,2,1,1,6
200500087227,0005-11-19 12:45:00,5,11,19,12,45,971,103.0,RN1 - PR 53+900,,,Plein jour,Hors agglomération,Autre intersection,Normale,Deux véhicules - arrière,,,,,,,,,,,1,1,9,1,2
200500087228,0005-11-19 23:00:00,5,11,19,23,0,971,103.0,,,,Nuit avec éclairage allumé,Hors agglomération,Hors intersection,Normale,Autre collision,,,,,,,,,,,5,1,1,1,6
200500087229,0005-11-23 20:35:00,5,11,23,20,35,971,103.0,RN-2,,,Nuit avec éclairage allumé,En agglomération,Autre intersection,Normale,Deux véhicules - frontale,,,,,,,,,,,5,2,9,1,1
200500087235,0005-11-14 23:00:00,5,11,14,23,0,973,309.0,ROND POINT AMES CLAIRES,,,Nuit avec éclairage allumé,En agglomération,Giratoire,Normale,Deux véhicules - frontale,,,,,,,,,,,5,2,6,1,1
200500087236,0005-11-18 13:30:00,5,11,18,13,30,973,309.0,PK 7 route de Montjoly,,,Plein jour,En agglomération,Hors intersection,Normale,Deux véhicules - frontale,,,,,,,,,,,1,2,1,1,1
200500087237,0005-11-30 17:50:00,5,11,30,17,50,973,309.0,59 rue Roger Desnoyeres,,,Plein jour,En agglomération,Hors intersection,Normale,Autre collision,,,,,,,,,,,1,2,1,1,6
200500087238,0005-11-19 15:00:00,5,11,19,15,0,974,415.0,,,,Plein jour,Hors agglomération,Hors intersection,Pluie légère,Sans collision,,,,,,,,,,,1,1,1,2,7
200500087242,0005-11-01 14:30:00,5,11,1,14,30,973,304.0,,,,Plein jour,Hors agglomération,Hors intersection,Normale,Sans collision,,,,,,,,,,,1,1,1,1,7
200500087244,0005-11-24 11:45:00,5,11,24,11,45,974,418.0,rue Roger Payet,,,Plein jour,En agglomération,Hors intersection,Normale,Autre collision,,,,,,,,,,,1,2,1,1,6
200500087245,0005-11-30 18:45:00,5,11,30,18,45,972,227.0,,,,Nuit sans éclairage public,Hors agglomération,Hors intersection,Normale,Autre collision,,,,,,,,,,,3,1,1,1,6
200500087246,0005-11-11 02:00:00,5,11,11,2,0,974,416.0,,,,Nuit sans éclairage public,Hors agglomération,Hors intersection,Normale,Deux véhicules - frontale,,,,,,,,,,,3,1,1,1,1
200500087247,0005-11-24 12:00:00,5,11,24,12,0,974,416.0,,,,Plein jour,Hors agglomération,Hors intersection,Normale,Sans collision,,,,,,,,,,,1,1,1,1,7
200500087248,0005-11-25 23:45:00,5,11,25,23,45,974,416.0,,,,Nuit sans éclairage public,Hors agglomération,Hors intersection,Normale,Deux véhicules - arrière,,,,,,,,,,,3,1,1,1,2
200500087249,0005-11-19 14:00:00,5,11,19,14,0,974,415.0,Rue Raphael Barquisseau,,,Plein jour,En agglomération,Hors intersection,Pluie légère,Deux véhicules - frontale,,,,,,,,,,,1,2,1,2,1
200500087254,0005-11-03 14:00:00,5,11,3,14,0,971,105.0,"00 0089, PAUL LACAVE (AV",,,Plein jour,En agglomération,Hors intersection,Normale,Deux véhicules - arrière,,,,,,,,,,,1,2,1,1,2
200500087255,0005-11-01 20:38:00,5,11,1,20,38,971,105.0,"00 0124, CITE DES  ERYTR",,,Nuit avec éclairage allumé,En agglomération,Hors intersection,Normale,Autre collision,,,,,,,,,,,5,2,1,1,6
200500087256,0005-11-04 18:15:00,5,11,4,18,15,971,105.0,LARDENOY (RUE DE ),,,Nuit avec éclairage allumé,En agglomération,Autre intersection,Pluie légère,Deux véhicules - côté,,,,,,,,,,,5,2,9,2,3
200500087257,0005-11-14 06:30:00,5,11,14,6,30,971,105.0,R.N.3,,,Crépuscule ou aube,En agglomération,Hors intersection,Pluie légère,Deux véhicules - côté,,,,,,,,,,,2,2,1,2,3
200500087258,0005-11-19 14:15:00,5,11,19,14,15,971,105.0,Parking cora Desmarais,,,Plein jour,En agglomération,Hors intersection,Normale,Deux véhicules - arrière,,,,,,,,,,,1,2,1,1,2
200500087259,0005-11-22 13:10:00,5,11,22,13,10,971,105.0,"00 0070, LUCIEN BERNIER(",,,Plein jour,En agglomération,Hors intersection,Normale,Autre collision,,,,,,,,,,,1,2,1,1,6
200500087260,0005-11-25 18:30:00,5,11,25,18,30,971,105.0,"00 0063, LARDENOY (RUE D",,,Nuit avec éclairage allumé,En agglomération,Hors intersection,Normale,Deux véhicules - côté,,,,,,,,,,,5,2,1,1,3
200500087261,0005-11-26 10:25:00,5,11,26,10,25,971,105.0,"00 0024, CHARLES DE GAUL",,,Plein jour,En agglomération,Hors intersection,Normale,Autre collision,,,,,,,,,,,1,2,1,1,6
200500087262,0005-11-06 21:25:00,5,11,6,21,25,971,7.0,CAYENNE ( RUE DE ),,,Nuit avec éclairage allumé,En agglomération,Hors intersection,Normale,Deux véhicules - frontale,,,,,,,,,,,5,2,1,1,1
200500087263,0005-11-24 10:45:00,5,11,24,10,45,971,7.0,GAMBETTA ( RUE ),,,Plein jour,En agglomération,Intersection en X,Normale,Deux véhicules - frontale,,,,,,,,,,,1,2,2,1,1
200500087264,0005-11-10 22:40:00,5,11,10,22,40,971,113.0,"RN4, SECTION MARE-GAILLA",,,Nuit avec éclairage allumé,Hors agglomération,Hors intersection,Pluie forte,Autre collision,,,,,,,,,,,5,1,1,3,6
200500087265,0005-11-20 18:30:00,5,11,20,18,30,971,113.0,"RN4, SECTION MARE-GAILLA",,,Nuit avec éclairage allumé,En agglomération,Hors intersection,Normale,Autre collision,,,,,,,,,,,5,2,1,1,6
200500087266,0005-11-12 09:25:00,5,11,12,9,25,971,113.0,SECTEUR DAMPIERRE,,,Plein jour,Hors agglomération,Hors intersection,Normale,Deux véhicules - frontale,,,,,,,,,,,1,1,1,1,1
200500087267,0005-11-17 16:40:00,5,11,17,16,40,971,120.0,QUAI LEFEVRE,,,Plein jour,En agglomération,Hors intersection,Normale,Autre collision,,,,,,,,,,,1,2,1,1,6
200500087268,0005-11-16 18:15:00,5,11,16,18,15,971,101.0,POINTE D'OR,,,Nuit sans éclairage public,Hors agglomération,Hors intersection,Temps couvert,Deux véhicules - arrière,,,,,,,,,,,3,1,1,8,2
200500087269,0005-11-08 14:30:00,5,11,8,14,30,971,101.0,ROND POINT IGNACE,,,Plein jour,En agglomération,Giratoire,Normale,Deux véhicules - côté,,,,,,,,,,,1,2,6,1,3
200500087270,0005-11-10 21:40:00,5,11,10,21,40,971,120.0,MARTIN LUTHER KING,,,Nuit avec éclairage allumé,En agglomération,Intersection en T,Pluie légère,Deux véhicules - côté,,,,,,,,,,,5,2,3,2,3
200500087271,0005-11-24 22:00:00,5,11,24,22,0,971,113.0,SECTION GRANDE RAVINE,,,Nuit avec éclairage allumé,Hors agglomération,Hors intersection,Normale,Deux véhicules - frontale,,,,,,,,,,,5,1,1,1,1
200500087272,0005-11-13 05:15:00,5,11,13,5,15,971,120.0,BLANCHARD,,,Nuit sans éclairage public,En agglomération,Hors intersection,Normale,Deux véhicules - arrière,,,,,,,,,,,3,2,1,1,2
200500087273,0005-11-14 18:45:00,5,11,14,18,45,971,101.0,PROVIDENCE,,,Nuit sans éclairage public,En agglomération,Hors intersection,Normale,Autre collision,,,,,,,,,,,3,2,1,1,6
200500087274,0005-11-26 21:20:00,5,11,26,21,20,971,101.0,PETIT PEROU,,,Nuit sans éclairage public,Hors agglomération,Hors intersection,Normale,Autre collision,,,,,,,,,,,3,1,1,1,6
200500087275,0005-11-20 06:10:00,5,11,20,6,10,971,113.0,"RN4, SECTION PLIANE",,,Crépuscule ou aube,Hors agglomération,Hors intersection,Normale,Deux véhicules - frontale,,,,,,,,,,,2,1,1,1,1
200500087276,0005-11-25 08:30:00,5,11,25,8,30,971,113.0,"D104, SECTION LEROUX",,,Plein jour,En agglomération,Hors intersection,Normale,Deux véhicules - côté,,,,,,,,,,,1,2,1,1,3
200500087277,0005-11-29 19:53:00,5,11,29,19,53,971,113.0,"RN4, SECTEUR DAMPIERRE",,,Nuit avec éclairage allumé,En agglomération,Hors intersection,Normale,Autre collision,,,,,,,,,,,5,2,1,1,6
200500087278,0005-11-04 18:45:00,5,11,4,18,45,972,209.0,JULES MONNEROT (RUE),,,Crépuscule ou aube,En agglomération,Hors intersection,Normale,Sans collision,,,,,,,,,,,2,2,1,1,7
200500087279,0005-11-06 16:40:00,5,11,6,16,40,972,209.0,RN9,,,Plein jour,En agglomération,Hors intersection,Normale,Deux véhicules - côté,,,,,,,,,,,1,2,1,1,3
200500087280,0005-11-08 21:00:00,5,11,8,21,0,972,209.0,RAVINE VILAINE (CHEMIN D,,,Nuit avec éclairage non allumé,En agglomération,Hors intersection,Normale,Deux véhicules - arrière,,,,,,,,,,,4,2,1,1,2
200500087281,0005-11-10 08:10:00,5,11,10,8,10,972,209.0,"10, JAMBETTE (ROUTE DE)",,,Plein jour,En agglomération,Hors intersection,Normale,Deux véhicules - côté,,,,,,,,,,,1,2,1,1,3
200500087282,0005-11-10 01:10:00,5,11,10,1,10,972,209.0,"24, PROFESSEUR RAYMOND G",,,Nuit sans éclairage public,En agglomération,Hors intersection,Pluie forte,Sans collision,,,,,,,,,,,3,2,1,3,7
200500087283,0005-11-10 13:45:00,5,11,10,13,45,972,209.0,"127, MAURICE BISHOP (RUE",,,Plein jour,En agglomération,Hors intersection,Normale,Trois véhicules et plus - collisions multiples,,,,,,,,,,,1,2,1,1,5
200500087284,0005-11-11 08:11:00,5,11,11,8,11,972,209.0,"67, BALATA (ROUTE DE)",,,Plein jour,En agglomération,Hors intersection,Normale,Deux véhicules - côté,,,,,,,,,,,1,2,1,1,3
200500087285,0005-11-11 10:15:00,5,11,11,10,15,972,209.0,AUTOROUTE (A1),,,Plein jour,En agglomération,Giratoire,Normale,Deux véhicules - côté,,,,,,,,,,,1,2,6,1,3
200500087286,0005-11-12 06:40:00,5,11,12,6,40,972,209.0,ERNEST DEPROGE (RUE),,,Plein jour,En agglomération,Intersection en X,Normale,Autre collision,,,,,,,,,,,1,2,2,1,6
200500087287,0005-11-12 16:30:00,5,11,12,16,30,972,209.0,"13, WILLIAM RAMIN (RUE)",,,Plein jour,En agglomération,Hors intersection,Normale,Autre collision,,,,,,,,,,,1,2,1,1,6
200500087288,0005-11-12 19:15:00,5,11,12,19,15,972,209.0,"03, PARADISIERS (AVENUE",,,Plein jour,En agglomération,Hors intersection,Normale,Autre collision,,,,,,,,,,,1,2,1,1,6
200500087289,0005-11-12 19:16:00,5,11,12,19,16,972,209.0,MOUTTE (ROUTE DE),,,Nuit avec éclairage allumé,En agglomération,Hors intersection,Normale,Sans collision,,,,,,,,,,,5,2,1,1,7
200500087290,0005-11-12 05:30:00,5,11,12,5,30,972,209.0,ALFASSA (BOULEVARD),,,Crépuscule ou aube,En agglomération,Intersection en X,Normale,Deux véhicules - côté,,,,,,,,,,,2,2,2,1,3
200500087291,0005-11-06 04:19:00,5,11,6,4,19,972,209.0,MAURICE BISHOP (RUE),,,Crépuscule ou aube,En agglomération,Intersection en X,Normale,Autre collision,,,,,,,,,,,2,2,2,1,6
200500087292,0005-11-14 20:00:00,5,11,14,20,0,972,209.0,"15, MONNEROT (RUE)",,,Nuit avec éclairage allumé,Hors agglomération,Hors intersection,Normale,Sans collision,,,,,,,,,,,5,1,1,1,7
200500087293,0005-11-15 09:45:00,5,11,15,9,45,972,209.0,"20, ABBE LAVIGNE (AVENUE",,,Plein jour,En agglomération,Hors intersection,Normale,Autre collision,,,,,,,,,,,1,2,1,1,6
200500087294,0005-11-16 08:25:00,5,11,16,8,25,972,209.0,ROBERT ATTULY (BOULEVARD,,,Plein jour,Hors agglomération,Intersection en X,Normale,Deux véhicules - côté,,,,,,,,,,,1,1,2,1,3
200500087295,0005-11-16 12:20:00,5,11,16,12,20,972,209.0,"35, 13 MARS 1977 (RUE DU",,,Plein jour,En agglomération,Intersection en X,Normale,Deux véhicules - côté,,,,,,,,,,,1,2,2,1,3
200500087296,0005-11-16 18:00:00,5,11,16,18,0,972,209.0,"164, MAURICE BISHOP (RUE",,,Crépuscule ou aube,En agglomération,Hors intersection,Normale,Deux véhicules - arrière,,,,,,,,,,,2,2,1,1,2
200500087297,0005-11-16 13:30:00,5,11,16,13,30,972,209.0,MAURICE BISHOP (RUE),,,Plein jour,En agglomération,Hors intersection,Normale,Deux véhicules - arrière,,,,,,,,,,,1,2,1,1,2
200500087298,0005-11-18 07:30:00,5,11,18,7,30,972,209.0,"25, FELIX EBOUE (RUE)",,,Plein jour,En agglomération,Hors intersection,Normale,Deux véhicules - côté,,,,,,,,,,,1,2,1,1,3
200500087299,0005-11-18 11:50:00,5,11,18,11,50,972,209.0,CHATEAUBOEUF (ROUTE DE),,,Plein jour,En agglomération,Hors intersection,Normale,Deux véhicules - côté,,,,,,,,,,,1,2,1,1,3
200500087300,0005-11-18 05:00:00,5,11,18,5,0,972,209.0,RD 41 (ROCADE),,,Crépuscule ou aube,En agglomération,Hors intersection,Normale,Trois véhicules et plus - collisions multiples,,,,,,,,,,,2,2,1,1,5
200500087301,0005-11-18 23:45:00,5,11,18,23,45,972,209.0,FELIX EBOUE (RUE),,,Nuit avec éclairage allumé,En agglomération,Intersection en X,Normale,Deux véhicules - côté,,,,,,,,,,,5,2,2,1,3
200500087302,0005-11-20 19:00:00,5,11,20,19,0,972,209.0,BALATA (ROUTE DE),,,Crépuscule ou aube,Hors agglomération,Hors intersection,Normale,Deux véhicules - frontale,,,,,,,,,,,2,1,1,1,1
200500087303,0005-11-18 11:00:00,5,11,18,11,0,972,209.0,EMILE ZOLA (RUE),,,Plein jour,En agglomération,Intersection en X,Normale,Autre collision,,,,,,,,,,,1,2,2,1,6
200500087304,0005-11-18 12:00:00,5,11,18,12,0,972,209.0,MAURICE BISHOP (RUE),,,Plein jour,En agglomération,Intersection en X,Normale,Deux véhicules - côté,,,,,,,,,,,1,2,2,1,3
200500087305,0005-11-21 16:00:00,5,11,21,16,0,972,209.0,VICTOR SEVERE (RUE),,,Plein jour,Hors agglomération,Intersection en X,Normale,Sans collision,,,,,,,,,,,1,1,2,1,7
200500087306,0005-11-21 12:10:00,5,11,21,12,10,972,209.0,ROBERT ATTULY (RUE),,,Plein jour,En agglomération,Hors intersection,Normale,Autre collision,,,,,,,,,,,1,2,1,1,6
200500087307,0005-11-23 08:50:00,5,11,23,8,50,972,209.0,REDOUTE (ROUTE DE LA),,,Plein jour,En agglomération,Hors intersection,Normale,Autre collision,,,,,,,,,,,1,2,1,1,6
200500087308,0005-11-24 17:35:00,5,11,24,17,35,972,209.0,REDOUTE (ROUTE DE LA),,,Plein jour,En agglomération,Hors intersection,Normale,Sans collision,,,,,,,,,,,1,2,1,1,7
200500087309,0005-11-25 11:55:00,5,11,25,11,55,972,209.0,CHATEAUBOEUF (ROUTE DE),,,Plein jour,En agglomération,Hors intersection,Normale,Deux véhicules - côté,,,,,,,,,,,1,2,1,1,3
200500087310,0005-11-25 12:25:00,5,11,25,12,25,972,209.0,SALVATOR ALLENDE (AVENUE,,,Plein jour,En agglomération,Hors intersection,Normale,Deux véhicules - côté,,,,,,,,,,,1,2,1,1,3
200500087311,0005-11-25 19:30:00,5,11,25,19,30,972,209.0,RD 41 (ROCADE),,,Nuit sans éclairage public,En agglomération,Hors intersection,Normale,Autre collision,,,,,,,,,,,3,2,1,1,6
200500087312,0005-11-25 10:00:00,5,11,25,10,0,972,209.0,"108, REPUBLIQUE (RUE DE",,,Plein jour,En agglomération,Hors intersection,Normale,Sans collision,,,,,,,,,,,1,2,1,1,7
200500087313,0005-11-27 10:40:00,5,11,27,10,40,972,209.0,AUTOROUTE (A1),,,Plein jour,En agglomération,Hors intersection,Normale,Autre collision,,,,,,,,,,,1,2,1,1,6
200500087314,0005-11-28 06:20:00,5,11,28,6,20,972,209.0,RD 41 (ROCADE),,,Crépuscule ou aube,En agglomération,Hors intersection,Normale,Deux véhicules - arrière,,,,,,,,,,,2,2,1,1,2
200500087315,0005-11-24 13:30:00,5,11,24,13,30,972,209.0,FRANCOIS ARAGO (RUE),,,Plein jour,En agglomération,Intersection en X,Normale,Deux véhicules - côté,,,,,,,,,,,1,2,2,1,3
200500087316,0005-11-28 11:35:00,5,11,28,11,35,972,209.0,"52, MAURICE BISHOP (RUE)",,,Plein jour,En agglomération,Hors intersection,Normale,Autre collision,,,,,,,,,,,1,2,1,1,6
200500087317,0005-11-28 17:05:00,5,11,28,17,5,972,209.0,AMILCAR CABRAL (BOULEVAR,,,Plein jour,En agglomération,Hors intersection,Normale,Sans collision,,,,,,,,,,,1,2,1,1,7
200500087318,0005-11-28 08:00:00,5,11,28,8,0,972,209.0,MAURICE BISHOP (RUE),,,Plein jour,En agglomération,Hors intersection,Normale,Deux véhicules - côté,,,,,,,,,,,1,2,1,1,3
200500087319,0005-11-28 19:20:00,5,11,28,19,20,972,209.0,BALATA (ROUTE DE),,,Crépuscule ou aube,Hors agglomération,Hors intersection,Normale,Sans collision,,,,,,,,,,,2,1,1,1,7
200500087320,0005-11-29 16:20:00,5,11,29,16,20,972,209.0,CHATEAUBOEUF (ROUTE DE),,,Plein jour,En agglomération,Intersection en X,Normale,Deux véhicules - côté,,,,,,,,,,,1,2,2,1,3
200500087321,0005-11-29 19:50:00,5,11,29,19,50,972,209.0,RN9,,,Crépuscule ou aube,En agglomération,Hors intersection,Normale,Deux véhicules - côté,,,,,,,,,,,2,2,1,1,3
200500087322,0005-11-30 12:30:00,5,11,30,12,30,972,209.0,REDOUTE (ROUTE DE LA),,,Plein jour,En agglomération,Intersection en X,Normale,Sans collision,,,,,,,,,,,1,2,2,1,7
200500087323,0005-11-15 07:10:00,5,11,15,7,10,972,209.0,"33, GENERAL DE GAULLE (B",,,Plein jour,En agglomération,Hors intersection,Normale,Sans collision,,,,,,,,,,,1,2,1,1,7
200500087324,0005-11-08 21:30:00,5,11,8,21,30,974,407.0,VERDUN (BOULEVARD),,,Nuit avec éclairage allumé,En agglomération,Hors intersection,Normale,Autre collision,,,,,,,,,,,5,2,1,1,6
200500087325,0005-11-10 17:50:00,5,11,10,17,50,974,407.0,ROUTE NATIONALE N° 1,,,Plein jour,En agglomération,Hors intersection,Normale,Deux véhicules - côté,,,,,,,,,,,1,2,1,1,3
200500087326,0005-11-11 00:40:00,5,11,11,0,40,974,407.0,MARTINIQUE(RUE),,,Nuit avec éclairage allumé,En agglomération,Hors intersection,Normale,Autre collision,,,,,,,,,,,5,2,1,1,6
200500087327,0005-11-14 15:10:00,5,11,14,15,10,974,407.0,ALLEE BRETHIER,,,Plein jour,En agglomération,Hors intersection,Normale,Deux véhicules - arrière,,,,,,,,,,,1,2,1,1,2
200500087328,0005-11-15 14:02:00,5,11,15,14,2,974,407.0,MONDON (AVENUE),,,Plein jour,En agglomération,Intersection en X,Normale,Trois véhicules et plus - collisions multiples,,,,,,,,,,,1,2,2,1,5
200500087329,0005-11-15 18:00:00,5,11,15,18,0,974,407.0,"4, CROIZAT(RUE)",,,Plein jour,En agglomération,Hors intersection,Normale,Deux véhicules - arrière,,,,,,,,,,,1,2,1,1,2
200500087330,0005-11-19 06:30:00,5,11,19,6,30,974,407.0,ROUTE NATIONALE N° 1,,,Plein jour,En agglomération,Hors intersection,Normale,Sans collision,,,,,,,,,,,1,2,1,1,7
200500087331,0005-11-19 12:50:00,5,11,19,12,50,974,407.0,MAHATMA GANDHY,,,Plein jour,En agglomération,Hors intersection,Normale,Deux véhicules - arrière,,,,,,,,,,,1,2,1,1,2