accident_id,datetime,annee,mois,jour,heure,minute,departement,commune_insee,adresse,latitude,longitude,luminosite,agglomeration,intersection,meteo,collision,nb_vehicules,nb_usagers,nb_indemnes,nb_tues,nb_blesses_hosp,nb_blesses_legers,age_cond_1,age_cond_2,veh_type_cond_1,veh_type_cond_2,lum_code,agg_code,int_code,atm_code,col_code
200500087824,0005-12-16 14:30:00,5,12,16,14,30,972,209.0,", AUTOROUTE (A1)",,,Plein jour,En agglomération,Hors intersection,Normale,Deux véhicules - côté,,,,,,,,,,,1,2,1,1,3
200500087825,0005-12-17 22:00:00,5,12,17,22,0,972,209.0,"97209, ENTAIDE (ROUTE DE",,,Nuit avec éclairage allumé,En agglomération,Hors intersection,Normale,Autre collision,,,,,,,,,,,5,2,1,1,6
200500087826,0005-12-19 19:12:00,5,12,19,19,12,972,209.0,REPUBLIQUE (RUE DE LA ),,,Plein jour,En agglomération,Hors intersection,Normale,Sans collision,,,,,,,,,,,1,2,1,1,7
200500087827,0005-12-17 08:35:00,5,12,17,8,35,972,209.0,BALATA (ROUTE DE),,,Plein jour,En agglomération,Hors intersection,Normale,Sans collision,,,,,,,,,,,1,2,1,1,7
200500087828,0005-12-20 10:50:00,5,12,20,10,50,972,209.0,PAVE (RUE DU),,,Plein jour,En agglomération,Hors intersection,Normale,Sans collision,,,,,,,,,,,1,2,1,1,7
200500087829,0005-12-20 20:50:00,5,12,20,20,50,972,209.0,DIDIER (ROUTE DE),,,Crépuscule ou aube,Hors agglomération,Hors intersection,Normale,Sans collision,,,,,,,,,,,2,1,1,1,7
200500087830,0005-12-21 21:30:00,5,12,21,21,30,972,209.0,MAURICE BISHOP (RUE),,,Nuit avec éclairage non allumé,En agglomération,Hors intersection,Normale,Autre collision,,,,,,,,,,,4,2,1,1,6
200500087831,0005-12-22 20:15:00,5,12,22,20,15,972,209.0,BALATA (ROUTE DE),,,Nuit avec éclairage allumé,Hors agglomération,Hors intersection,Pluie légère,Sans collision,,,,,,,,,,,5,1,1,2,7
200500087832,0005-12-23 10:10:00,5,12,23,10,10,972,209.0,MARNE (BOULEVARD DE LA),,,Plein jour,En agglomération,Hors intersection,Normale,Deux véhicules - côté,,,,,,,,,,,1,2,1,1,3
200500087833,0005-12-23 10:40:00,5,12,23,10,40,972,209.0,"48, ABBE LAVIGNE (AVENUE",,,Plein jour,En agglomération,Hors intersection,Normale,Autre collision,,,,,,,,,,,1,2,1,1,6
200500087834,0005-12-24 11:30:00,5,12,24,11,30,972,209.0,RAVINE BLANCHE (RUE DE L,,,Plein jour,En agglomération,Hors intersection,Normale,Deux véhicules - frontale,,,,,,,,,,,1,2,1,1,1
200500087835,0005-12-22 20:16:00,5,12,22,20,16,972,209.0,PROFESSEUR RAYMOND GARCI,,,Nuit avec éclairage non allumé,En agglomération,Hors intersection,Normale,Deux véhicules - frontale,,,,,,,,,,,4,2,1,1,1
200500087836,0005-12-28 15:05:00,5,12,28,15,5,972,209.0,"03, DOROTHY (ROUTE DE)",,,Plein jour,En agglomération,Hors intersection,Normale,Sans collision,,,,,,,,,,,1,2,1,1,7
200500087837,0005-12-28 16:35:00,5,12,28,16,35,972,209.0,RAVINE VILAINE (CHEMIN D,,,Plein jour,Hors agglomération,Hors intersection,Normale,Sans collision,,,,,,,,,,,1,1,1,1,7
200500087838,0005-12-28 16:45:00,5,12,28,16,45,972,209.0,"25, BALATA (ROUTE DE)",,,Plein jour,En agglomération,Hors intersection,Normale,Sans collision,,,,,,,,,,,1,2,1,1,7
200500087839,0005-12-29 19:20:00,5,12,29,19,20,972,209.0,RD 41 (ROCADE),,,Nuit avec éclairage non allumé,En agglomération,Hors intersection,Normale,Sans collision,,,,,,,,,,,4,2,1,1,7
200500087840,0005-12-30 23:20:00,5,12,30,23,20,972,209.0,RD 41 (ROCADE),,,Nuit sans éclairage public,En agglomération,Hors intersection,Normale,Sans collision,,,,,,,,,,,3,2,1,1,7
200500087841,0005-12-30 09:50:00,5,12,30,9,50,972,209.0,"79, CHATEAUBOEUF (ROUTE",,,Plein jour,En agglomération,Hors intersection,Normale,Sans collision,,,,,,,,,,,1,2,1,1,7
200500087842,0005-12-30 22:50:00,5,12,30,22,50,972,209.0,MAURICE BISHOP (RUE),,,Nuit avec éclairage allumé,En agglomération,Intersection en T,Normale,Deux véhicules - côté,,,,,,,,,,,5,2,3,1,3
200500087843,0005-12-31 05:30:00,5,12,31,5,30,972,209.0,"85, RAVINE VILAINE (CHEM",,,Crépuscule ou aube,En agglomération,Hors intersection,Normale,Autre collision,,,,,,,,,,,2,2,1,1,6
200500087844,0005-12-31 11:05:00,5,12,31,11,5,972,209.0,"112, GENERAL DE GAULLE (",,,Plein jour,En agglomération,Hors intersection,Normale,Deux véhicules - côté,,,,,,,,,,,1,2,1,1,3
200500087845,0005-12-31 12:45:00,5,12,31,12,45,972,209.0,"6, CHATEAUBOEUF (ROUTE D",,,Plein jour,En agglomération,Hors intersection,Normale,Sans collision,,,,,,,,,,,1,2,1,1,7
200500087846,0005-12-17 01:20:00,5,12,17,1,20,972,213.0,,,,Nuit sans éclairage public,Hors agglomération,Hors intersection,Normale,Deux véhicules - côté,,,,,,,,,,,3,1,1,1,3
200500087847,0005-12-24 20:30:00,5,12,24,20,30,972,213.0,,,,Nuit sans éclairage public,Hors agglomération,Hors intersection,Normale,Deux véhicules - côté,,,,,,,,,,,3,1,1,1,3
200500087848,0005-12-17 14:15:00,5,12,17,14,15,972,213.0,,,,Plein jour,Hors agglomération,Hors intersection,Normale,Autre collision,,,,,,,,,,,1,1,1,1,6
200500087849,0005-12-05 11:10:00,5,12,5,11,10,972,213.0,,,,Plein jour,En agglomération,Hors intersection,Normale,Autre collision,,,,,,,,,,,1,2,1,1,6
200500087850,0005-12-02 10:20:00,5,12,2,10,20,972,213.0,"2, .",,,Plein jour,En agglomération,Hors intersection,Normale,Deux véhicules - côté,,,,,,,,,,,1,2,1,1,3
200500087851,0005-12-19 04:00:00,5,12,19,4,0,972,213.0,,,,Crépuscule ou aube,Hors agglomération,Hors intersection,Normale,Autre collision,,,,,,,,,,,2,1,1,1,6
200500087852,0005-12-17 07:55:00,5,12,17,7,55,972,213.0,,,,Plein jour,Hors agglomération,Hors intersection,Normale,Deux véhicules - arrière,,,,,,,,,,,1,1,1,1,2
200500087853,0005-12-18 16:40:00,5,12,18,16,40,972,213.0,,,,Plein jour,En agglomération,Hors intersection,Normale,Trois véhicules et plus - collisions multiples,,,,,,,,,,,1,2,1,1,5
200500087854,0005-12-25 16:05:00,5,12,25,16,5,972,213.0,,,,Plein jour,En agglomération,Hors intersection,Normale,Deux véhicules - côté,,,,,,,,,,,1,2,1,1,3
200500087855,0005-12-02 13:00:00,5,12,2,13,0,972,213.0,,,,Plein jour,Hors agglomération,Hors intersection,Normale,Deux véhicules - arrière,,,,,,,,,,,1,1,1,1,2
200500087856,0005-12-06 13:15:00,5,12,6,13,15,972,213.0,,,,Plein jour,Hors agglomération,Intersection en T,Normale,Trois véhicules et plus - collisions multiples,,,,,,,,,,,1,1,3,1,5
200500087857,0005-12-07 06:20:00,5,12,7,6,20,972,213.0,,,,Plein jour,Hors agglomération,Hors intersection,Normale,Deux véhicules - côté,,,,,,,,,,,1,1,1,1,3
200500087858,0005-12-09 14:20:00,5,12,9,14,20,972,213.0,,,,Plein jour,Hors agglomération,Hors intersection,Normale,Autre collision,,,,,,,,,,,1,1,1,1,6
200500087859,0005-12-07 07:00:00,5,12,7,7,0,972,213.0,,,,Plein jour,Hors agglomération,Hors intersection,Pluie légère,Deux véhicules - arrière,,,,,,,,,,,1,1,1,2,2
200500087860,0005-12-10 15:15:00,5,12,10,15,15,972,213.0,,,,Plein jour,Hors agglomération,Hors intersection,Normale,Autre collision,,,,,,,,,,,1,1,1,1,6
200500087861,0005-12-20 00:25:00,5,12,20,0,25,972,213.0,,,,Nuit sans éclairage public,Hors agglomération,Hors intersection,Normale,Autre collision,,,,,,,,,,,3,1,1,1,6
200500087862,0005-12-30 12:05:00,5,12,30,12,5,972,213.0,,,,Plein jour,En agglomération,Hors intersection,Normale,Autre collision,,,,,,,,,,,1,2,1,1,6
200500087863,0005-12-09 16:50:00,5,12,9,16,50,972,224.0,"82, .",,,Crépuscule ou aube,En agglomération,Hors intersection,Normale,Autre collision,,,,,,,,,,,2,2,1,1,6
200500087864,0005-12-10 00:55:00,5,12,10,0,55,972,213.0,,,,Nuit sans éclairage public,Hors agglomération,Hors intersection,Normale,Deux véhicules - arrière,,,,,,,,,,,3,1,1,1,2
200500087865,0005-12-12 07:30:00,5,12,12,7,30,972,213.0,,,,Plein jour,Hors agglomération,Hors intersection,Pluie légère,Trois véhicules et plus - en chaîne,,,,,,,,,,,1,1,1,2,4
200500087866,0005-12-13 06:30:00,5,12,13,6,30,972,213.0,,,,Crépuscule ou aube,Hors agglomération,Hors intersection,Temps couvert,Autre collision,,,,,,,,,,,2,1,1,8,6
200500087867,0005-12-12 07:00:00,5,12,12,7,0,972,213.0,,,,Plein jour,Hors agglomération,Hors intersection,Normale,Autre collision,,,,,,,,,,,1,1,1,1,6
200500087868,0005-12-02 12:00:00,5,12,2,12,0,972,213.0,,,,Plein jour,En agglomération,Hors intersection,Normale,Autre collision,,,,,,,,,,,1,2,1,1,6
200500087869,0005-12-19 07:25:00,5,12,19,7,25,972,213.0,,,,Plein jour,Hors agglomération,Hors intersection,Normale,Trois véhicules et plus - en chaîne,,,,,,,,,,,1,1,1,1,4
200500087870,0005-12-10 00:30:00,5,12,10,0,30,973,302.0,ARAGO (FRANCOIS),,,Nuit avec éclairage allumé,En agglomération,Intersection en T,Normale,Deux véhicules - arrière,,,,,,,,,,,5,2,3,1,2
200500087871,0005-12-02 13:20:00,5,12,2,13,20,973,302.0,MONTABO (ROUTE DE) 2,,,Plein jour,En agglomération,Intersection en T,Normale,Autre collision,,,,,,,,,,,1,2,3,1,6
200500087872,0005-12-11 20:35:00,5,12,11,20,35,973,302.0,GALMOT (ZONE ARTISANALE),,,Nuit avec éclairage allumé,Hors agglomération,Hors intersection,Normale,Autre collision,,,,,,,,,,,5,1,1,1,6
200500087873,0005-12-17 14:25:00,5,12,17,14,25,973,302.0,MALOUET,,,Plein jour,En agglomération,Hors intersection,Normale,Deux véhicules - arrière,,,,,,,,,,,1,2,1,1,2
200500087874,0005-12-19 19:27:00,5,12,19,19,27,973,302.0,DEVEZE (GABRIEL),,,Nuit avec éclairage non allumé,En agglomération,Intersection en T,Normale,Deux véhicules - côté,,,,,,,,,,,4,2,3,1,3
200500087875,0005-12-20 12:31:00,5,12,20,12,31,973,302.0,CABASSOU (ROUTE DE),,,Plein jour,En agglomération,Hors intersection,Normale,Deux véhicules - arrière,,,,,,,,,,,1,2,1,1,2
200500087876,0005-12-26 16:15:00,5,12,26,16,15,973,302.0,MADELEINE (ROUTE DE LA),,,Plein jour,En agglomération,Intersection en T,Normale,Deux véhicules - côté,,,,,,,,,,,1,2,3,1,3
200500087877,0005-12-25 07:23:00,5,12,25,7,23,973,302.0,MADELEINE (ROUTE DE LA),,,Plein jour,En agglomération,Hors intersection,Pluie forte,Autre collision,,,,,,,,,,,1,2,1,3,6
200500087878,0005-12-26 10:55:00,5,12,26,10,55,973,302.0,CABASSOU (ROUTE DE),,,Plein jour,En agglomération,Intersection en T,Normale,Deux véhicules - arrière,,,,,,,,,,,1,2,3,1,2
200500087879,0005-12-27 20:10:00,5,12,27,20,10,973,302.0,BADUEL (ROUTE DE),,,Nuit avec éclairage allumé,Hors agglomération,Hors intersection,Pluie forte,Deux véhicules - côté,,,,,,,,,,,5,1,1,3,3
200500087880,0005-12-23 18:15:00,5,12,23,18,15,973,302.0,MARINGOUINS (ROND-POINT),,,Crépuscule ou aube,Hors agglomération,Hors intersection,Pluie légère,Autre collision,,,,,,,,,,,2,1,1,2,6
200500087881,0005-12-27 07:58:00,5,12,27,7,58,973,302.0,MADELEINE (ROUTE DE LA),,,Plein jour,En agglomération,Hors intersection,Pluie forte,Deux véhicules - arrière,,,,,,,,,,,1,2,1,3,2
200500087882,0005-12-29 14:58:00,5,12,29,14,58,973,302.0,CABASSOU (ROUTE DE),,,Plein jour,Hors agglomération,Hors intersection,Normale,Deux véhicules - côté,,,,,,,,,,,1,1,1,1,3
200500087883,0005-12-30 11:00:00,5,12,30,11,0,973,302.0,LAFAURIE (CITE),,,Plein jour,En agglomération,Intersection en T,Normale,Deux véhicules - côté,,,,,,,,,,,1,2,3,1,3
200500087884,0005-12-30 06:40:00,5,12,30,6,40,973,302.0,DE GAULLE (AVENUE),,,Plein jour,En agglomération,Intersection en T,Normale,Deux véhicules - côté,,,,,,,,,,,1,2,3,1,3
200500087885,0005-12-22 20:11:00,5,12,22,20,11,973,302.0,14 ET 22 JUIN 1962,,,Nuit avec éclairage allumé,En agglomération,Intersection en X,Normale,Deux véhicules - côté,,,,,,,,,,,5,2,2,1,3
200500087886,0005-12-30 01:05:00,5,12,30,1,5,973,302.0,MADELEINE (ROUTE DE LA),,,Nuit avec éclairage allumé,En agglomération,Hors intersection,Normale,Autre collision,,,,,,,,,,,5,2,1,1,6
200500087887,0005-12-31 10:47:00,5,12,31,10,47,973,302.0,PREVOT (ERNEST),,,Plein jour,En agglomération,Hors intersection,Pluie légère,Autre collision,,,,,,,,,,,1,2,1,2,6
200500087888,0005-12-27 17:40:00,5,12,27,17,40,973,302.0,DE GAULLE (AVENUE),,,Plein jour,En agglomération,Hors intersection,Normale,Autre collision,,,,,,,,,,,1,2,1,1,6
200500087889,0005-12-22 20:00:00,5,12,22,20,0,973,302.0,14 ET 22 JUIN 1962,,,Nuit avec éclairage allumé,En agglomération,Intersection en T,Normale,Deux véhicules - arrière,,,,,,,,,,,5,2,3,1,2
200500087890,0005-12-23 18:16:00,5,12,23,18,16,973,302.0,MARINGOUINS (ROND-POINT),,,Nuit sans éclairage public,En agglomération,Hors intersection,Pluie forte,Deux véhicules - arrière,,,,,,,,,,,3,2,1,3,2
200500087891,0005-12-22 14:00:00,5,12,22,14,0,973,302.0,MALOUET,,,Plein jour,En agglomération,Hors intersection,Normale,Autre collision,,,,,,,,,,,1,2,1,1,6
200500087892,0005-12-25 16:45:00,5,12,25,16,45,973,302.0,ARAGO (FRANCOIS),,,Plein jour,En agglomération,Intersection en T,Normale,Deux véhicules - côté,,,,,,,,,,,1,2,3,1,3
200500087893,0005-12-23 15:15:00,5,12,23,15,15,973,302.0,MONTABO (ROUTE DE) 3,,,Plein jour,En agglomération,Hors intersection,Pluie forte,Deux véhicules - côté,,,,,,,,,,,1,2,1,3,3
200500087894,0005-12-24 22:20:00,5,12,24,22,20,973,302.0,MANGO (ROUTE),,,Nuit avec éclairage allumé,En agglomération,Hors intersection,Normale,Deux véhicules - côté,,,,,,,,,,,5,2,1,1,3
200500087895,0005-12-24 00:50:00,5,12,24,0,50,973,302.0,ROUTE NATIONALE I,,,Nuit avec éclairage allumé,Hors agglomération,Hors intersection,Pluie légère,Autre collision,,,,,,,,,,,5,1,1,2,6
200500087896,0005-12-27 20:55:00,5,12,27,20,55,973,302.0,MADELEINE (ROUTE DE LA),,,Nuit avec éclairage allumé,En agglomération,Intersection en T,Pluie légère,Deux véhicules - arrière,,,,,,,,,,,5,2,3,2,2
200500087897,0005-12-31 18:33:00,5,12,31,18,33,973,302.0,DERBES (GEORGES),,,Nuit sans éclairage public,En agglomération,Hors intersection,Normale,Deux véhicules - côté,,,,,,,,,,,3,2,1,1,3
200500087898,0005-12-11 23:30:00,5,12,11,23,30,973,302.0,BADUEL (ROUTE DE),,,Nuit avec éclairage allumé,En agglomération,Hors intersection,Normale,Deux véhicules - côté,,,,,,,,,,,5,2,1,1,3
200500087899,0005-12-07 17:50:00,5,12,7,17,50,973,302.0,TIGRE (ROUTE DU),,,Plein jour,En agglomération,Hors intersection,Normale,Autre collision,,,,,,,,,,,1,2,1,1,6
200500087900,0005-12-09 12:26:00,5,12,9,12,26,973,302.0,MARINGOUINS (ROND-POINT),,,Plein jour,Hors agglomération,Hors intersection,Normale,Deux véhicules - arrière,,,,,,,,,,,1,1,1,1,2
200500087901,0005-12-02 14:25:00,5,12,2,14,25,973,302.0,BADUEL (ROUTE DE),,,Plein jour,En agglomération,Hors intersection,Normale,Deux véhicules - arrière,,,,,,,,,,,1,2,1,1,2
200500087902,0005-12-07 17:13:00,5,12,7,17,13,973,302.0,ZONE COLLERY I OU II,,,Plein jour,Hors agglomération,Hors intersection,Normale,Deux véhicules - arrière,,,,,,,,,,,1,1,1,1,2
200500087903,0005-12-11 22:00:00,5,12,11,22,0,973,302.0,ARAGO (FRANCOIS),,,Nuit avec éclairage allumé,En agglomération,Intersection en T,Normale,Deux véhicules - côté,,,,,,,,,,,5,2,3,1,3
200500087904,0005-12-10 22:08:00,5,12,10,22,8,973,302.0,SOURCE DE BADUEL (CHEMIN,,,Nuit avec éclairage allumé,En agglomération,Hors intersection,Normale,Deux véhicules - frontale,,,,,,,,,,,5,2,1,1,1
200500087905,0005-12-18 23:25:00,5,12,18,23,25,973,302.0,ALLEE PLACE DES PALMISTE,,,Nuit avec éclairage allumé,En agglomération,Intersection en T,Normale,Deux véhicules - côté,,,,,,,,,,,5,2,3,1,3
200500087906,0005-12-16 23:10:00,5,12,16,23,10,973,302.0,REPUBLIQUE (BD DE LA),,,Nuit avec éclairage allumé,En agglomération,Hors intersection,Pluie forte,Autre collision,,,,,,,,,,,5,2,1,3,6
200500087907,0005-12-17 01:15:00,5,12,17,1,15,973,302.0,CATAYEE (JUSTIN),,,Nuit avec éclairage allumé,En agglomération,Intersection en T,Pluie légère,Deux véhicules - arrière,,,,,,,,,,,5,2,3,2,2
200500087908,0005-12-10 20:40:00,5,12,10,20,40,973,302.0,DE GAULLE (AVENUE),,,Nuit avec éclairage allumé,En agglomération,Hors intersection,Normale,Autre collision,,,,,,,,,,,5,2,1,1,6
200500087909,0005-12-05 18:49:00,5,12,5,18,49,973,302.0,BADUEL (ROUTE DE),,,Nuit avec éclairage allumé,En agglomération,Hors intersection,Normale,Deux véhicules - côté,,,,,,,,,,,5,2,1,1,3
200500087910,0005-12-17 07:00:00,5,12,17,7,0,973,302.0,EBOUE (FELIX),,,Crépuscule ou aube,En agglomération,Hors intersection,Pluie forte,Autre collision,,,,,,,,,,,2,2,1,3,6
200500087911,0005-12-20 09:35:00,5,12,20,9,35,973,302.0,MALOUET,,,Plein jour,En agglomération,Intersection en T,Normale,Autre collision,,,,,,,,,,,1,2,3,1,6
200500087912,0005-12-08 16:20:00,5,12,8,16,20,974,407.0,COMMUNE DE PARIS (AVENUE,,,Plein jour,En agglomération,Intersection en X,Normale,Deux véhicules - côté,,,,,,,,,,,1,2,2,1,3
200500087913,0005-12-10 13:35:00,5,12,10,13,35,974,407.0,"160, VERGES(AVENUE)",,,Plein jour,En agglomération,Hors intersection,Normale,Autre collision,,,,,,,,,,,1,2,1,1,6
200500087914,0005-12-15 10:15:00,5,12,15,10,15,974,407.0,TAMATAVE (BOULEVARD),,,Plein jour,En agglomération,Hors intersection,Normale,Sans collision,,,,,,,,,,,1,2,1,1,7
200500087915,0005-12-16 18:55:00,5,12,16,18,55,974,407.0,CABRAL(RUE),,,Crépuscule ou aube,En agglomération,Intersection en T,Normale,Trois véhicules et plus - collisions multiples,,,,,,,,,,,2,2,3,1,5
200500087916,0005-12-18 05:05:00,5,12,18,5,5,974,407.0,ROUTE NATIONALE N° 1,,,Crépuscule ou aube,En agglomération,Hors intersection,Normale,Autre collision,,,,,,,,,,,2,2,1,1,6
200500087917,0005-12-21 14:30:00,5,12,21,14,30,974,407.0,INDE(RUE),,,Plein jour,En agglomération,Hors intersection,Pluie légère,Deux véhicules - côté,,,,,,,,,,,1,2,1,2,3
200500087918,0005-12-24 19:34:00,5,12,24,19,34,974,407.0,RUE BELLA KUN,,,Crépuscule ou aube,En agglomération,Intersection en X,Normale,Deux véhicules - côté,,,,,,,,,,,2,2,2,1,3
200500087919,0005-12-24 23:15:00,5,12,24,23,15,974,407.0,LABOUDONNAIS M (RUE),,,Nuit avec éclairage allumé,En agglomération,Intersection en X,Normale,Deux véhicules - côté,,,,,,,,,,,5,2,2,1,3
200500087920,0005-12-25 00:30:00,5,12,25,0,30,974,407.0,ROMERO(AVENUE),,,Nuit avec éclairage allumé,En agglomération,Hors intersection,Normale,Deux véhicules - côté,,,,,,,,,,,5,2,1,1,3
200500087921,0005-12-25 10:50:00,5,12,25,10,50,974,407.0,"92, SAINT PAUL(RUE)",,,Plein jour,En agglomération,Intersection en X,Normale,Sans collision,,,,,,,,,,,1,2,2,1,7
200500087922,0005-12-29 08:15:00,5,12,29,8,15,974,407.0,OWENS JAMES,,,Plein jour,En agglomération,Hors intersection,Normale,Trois véhicules et plus - en chaîne,,,,,,,,,,,1,2,1,1,4
200500087923,0005-12-30 18:45:00,5,12,30,18,45,974,407.0,LAVALLEE Alexandre,,,Crépuscule ou aube,En agglomération,Hors intersection,Normale,Autre collision,,,,,,,,,,,2,2,1,1,6
200500087924,0005-12-12 19:25:00,5,12,12,19,25,974,409.0,LAGOURGUE(CHEMIN),,,Crépuscule ou aube,En agglomération,Intersection en X,Normale,Autre collision,,,,,,,,,,,2,2,2,1,6
200500087925,0005-12-14 21:30:00,5,12,14,21,30,974,410.0,ROND POINT DES PLAINES,,,Nuit avec éclairage non allumé,En agglomération,Giratoire,Normale,Deux véhicules - arrière,,,,,,,,,,,4,2,6,1,2
200500087926,0005-12-03 02:20:00,5,12,3,2,20,974,411.0,LITTORAL (ROUTE 1 DU),,,Nuit sans éclairage public,Hors agglomération,Autre intersection,Normale,Deux véhicules - arrière,,,,,,,,,,,3,1,9,1,2
200500087927,0005-12-05 04:55:00,5,12,5,4,55,974,411.0,LITTORAL (ROUTE 1 DU),,,Crépuscule ou aube,En agglomération,Hors intersection,Normale,Deux véhicules - frontale,,,,,,,,,,,2,2,1,1,1
200500087928,0005-12-09 11:50:00,5,12,9,11,50,974,411.0,"29, BOUVET",,,Plein jour,En agglomération,Hors intersection,Normale,Autre collision,,,,,,,,,,,1,2,1,1,6
200500087929,0005-12-13 14:50:00,5,12,13,14,50,974,411.0,GARROS (ROLAND),,,Plein jour,Hors agglomération,Intersection en X,Normale,Deux véhicules - côté,,,,,,,,,,,1,1,2,1,3
200500087930,0005-12-13 19:00:00,5,12,13,19,0,974,411.0,LECONTE DE LISLE (AVENUE,,,Crépuscule ou aube,En agglomération,Hors intersection,Pluie légère,Deux véhicules - côté,,,,,,,,,,,2,2,1,2,3
200500087931,0005-12-15 10:25:00,5,12,15,10,25,974,411.0,PAGNOL (RUE MARCEL),,,Plein jour,En agglomération,Intersection en X,Normale,Deux véhicules - côté,,,,,,,,,,,1,2,2,1,3
200500087932,0005-12-23 14:25:00,5,12,23,14,25,974,411.0,LITTORAL (ROUTE 1 DU),,,Plein jour,Hors agglomération,Hors intersection,Normale,Trois véhicules et plus - collisions multiples,,,,,,,,,,,1,1,1,1,5
200500087933,0005-12-02 04:50:00,5,12,2,4,50,974,411.0,"4, LABOURDONNAIS",,,Nuit avec éclairage allumé,En agglomération,Intersection en X,Normale,Deux véhicules - côté,,,,,,,,,,,5,2,2,1,3
200500087934,0005-12-16 17:50:00,5,12,16,17,50,974,411.0,"61, SOURCE (CHEMIN DE LA",,,Plein jour,En agglomération,Hors intersection,Normale,Autre collision,,,,,,,,,,,1,2,1,1,6
200500087935,0005-12-16 18:20:00,5,12,16,18,20,974,411.0,"85, GRIMAUD (EMILE)",,,Crépuscule ou aube,En agglomération,Hors intersection,Normale,Autre collision,,,,,,,,,,,2,2,1,1,6
200500087936,0005-12-17 19:50:00,5,12,17,19,50,974,411.0,PONT (RUE DU),,,Nuit avec éclairage allumé,En agglomération,Hors intersection,Normale,Deux véhicules - frontale,,,,,,,,,,,5,2,1,1,1
200500087937,0005-12-22 17:00:00,5,12,22,17,0,974,411.0,"207, LECLERC (DU MARECHA",,,Plein jour,En agglomération,Hors intersection,Normale,Autre collision,,,,,,,,,,,1,2,1,1,6
200500087938,0005-12-29 12:45:00,5,12,29,12,45,974,411.0,MONNERVILLE (BOULEVARD G,,,Plein jour,En agglomération,Intersection en T,Normale,Deux véhicules - côté,,,,,,,,,,,1,2,3,1,3
200500087939,0005-12-04 07:25:00,5,12,4,7,25,974,411.0,MACE (ROUTE GABRIEL),,,Plein jour,En agglomération,Hors intersection,Normale,Sans collision,,,,,,,,,,,1,2,1,1,7
200500087940,0005-12-11 14:38:00,5,12,11,14,38,974,411.0,LABOURDONNAIS,,,Plein jour,En agglomération,Intersection en X,Normale,Deux véhicules - côté,,,,,,,,,,,1,2,2,1,3
200500087941,0005-12-01 11:25:00,5,12,1,11,25,974,416.0,"46, HUBERT DE LISLE(BOUL",,,Plein jour,En agglomération,Hors intersection,Normale,Autre collision,,,,,,,,,,,1,2,1,1,6
200500087942,0005-12-01 17:40:00,5,12,1,17,40,974,416.0,"SANS, LEBLOND(RUE M. ET",,,Plein jour,En agglomération,Intersection en X,Normale,Autre collision,,,,,,,,,,,1,2,2,1,6
200500087943,0005-12-03 15:05:00,5,12,3,15,5,974,414.0,"sans, SAINT PHILIPPE(RUE",,,Plein jour,En agglomération,Hors intersection,Normale,Autre collision,,,,,,,,,,,1,2,1,1,6
200500087944,0005-12-09 16:15:00,5,12,9,16,15,974,416.0,"SANS, FOUR A CHAUX(RUE D",,,Plein jour,En agglomération,Intersection en X,Normale,Deux véhicules - côté,,,,,,,,,,,1,2,2,1,3
200500087945,0005-12-12 10:00:00,5,12,12,10,0,974,414.0,TOULOUSE(AVENUE),,,Plein jour,En agglomération,Intersection en X,Normale,Deux véhicules - côté,,,,,,,,,,,1,2,2,1,3
200500087946,0005-12-15 08:25:00,5,12,15,8,25,974,414.0,"SANS, SAINT LOUIS(RUE)",,,Plein jour,En agglomération,Hors intersection,Normale,Autre collision,,,,,,,,,,,1,2,1,1,6
200500087947,0005-12-16 16:40:00,5,12,16,16,40,974,416.0,"SANS, HUBERT DE LISLE(BO",,,Plein jour,En agglomération,Hors intersection,Normale,Deux véhicules - côté,,,,,,,,,,,1,2,1,1,3
200500087948,0005-12-16 02:30:00,5,12,16,2,30,974,416.0,"SANS, HUBERT DE LISLE(BO",,,Nuit avec éclairage allumé,En agglomération,Hors intersection,Normale,Autre collision,,,,,,,,,,,5,2,1,1,6
200500087949,0005-12-20 04:30:00,5,12,20,4,30,974,416.0,"SANS, HUBERT DE LISLE(BO",,,Nuit avec éclairage allumé,En agglomération,Hors intersection,Normale,Sans collision,,,,,,,,,,,5,2,1,1,7
200500087950,0005-12-21 20:35:00,5,12,21,20,35,974,416.0,"sans, LEBLOND(RUE M. ET",,,Nuit avec éclairage allumé,En agglomération,Intersection en X,Normale,Deux véhicules - côté,,,,,,,,,,,5,2,2,1,3
200500087951,0005-12-23 10:10:00,5,12,23,10,10,974,416.0,"SANS, PRESIDENT MITTERAN",,,Plein jour,En agglomération,Hors intersection,Normale,Deux véhicules - côté,,,,,,,,,,,1,2,1,1,3
200500087952,0005-12-26 17:15:00,5,12,26,17,15,974,416.0,"SANS, LEBLOND(RUE M. ET",,,Plein jour,En agglomération,Intersection en X,Normale,Deux véhicules - côté,,,,,,,,,,,1,2,2,1,3
200500087953,0005-12-27 15:00:00,5,12,27,15,0,974,416.0,"SANS, HUBERT DE LISLE(BO",,,Plein jour,En agglomération,Intersection en T,Pluie légère,Trois véhicules et plus - collisions multiples,,,,,,,,,,,1,2,3,2,5
200500087954,0005-12-31 21:00:00,5,12,31,21,0,974,414.0,RN01,,,Nuit avec éclairage allumé,En agglomération,Hors intersection,Pluie légère,Sans collision,,,,,,,,,,,5,2,1,2,7